C_B OVERRIDE: 0.001
ieee123C_1ph T=6: nx=51, nu=791, nc=562, dense nu^2=625681, reduced=229
TERMINAL_SOC soft=1 gamma=1.750000e+04
build complete: 2.279 s, nc=562
constructing dynamic Solver storage...
optimality_tolerance=1.000e-07 max_iterations=400
Solver construction complete: 0.285 s
entering solve! ...
[31;1m   
 _____ _ _ _            ____  ____  ____  
|  ___(_) | |_ ___ _ __|  _ \|  _ \|  _ \ 
| |_  | | | __/ _ \ '__| | | | | | | |_) |
|  _| | | | ||  __/ |  | |_| | |_| |  __/ 
|_|   |_|_|\__\___|_|  |____/|____/|_|                 
    
[0mFILTERDDP_TIMING iteration=0 barrier_iteration=0 stage=6 derivative_s=0.309081100 first_order_s=0.057165800 second_order_s=0.145167200 algebra_s=1.434781300 kkt_assembly_s=1.488190700 factor_s=0.354414900 solve_s=0.428966600 update_s=0.815471200 K_nnz=5014 rhs_cols=52 Vxx_nnz=2601
FILTERDDP_TIMING iteration=0 barrier_iteration=0 stage=5 derivative_s=0.031422300 first_order_s=0.020450300 second_order_s=0.010913700 algebra_s=0.000399500 kkt_assembly_s=0.000929400 factor_s=0.003218300 solve_s=0.000797800 update_s=0.000175800 K_nnz=7564 rhs_cols=52 Vxx_nnz=2601
FILTERDDP_TIMING iteration=0 barrier_iteration=0 stage=4 derivative_s=0.000164900 first_order_s=0.000080500 second_order_s=0.000056400 algebra_s=0.000302300 kkt_assembly_s=0.000833800 factor_s=0.003187200 solve_s=0.000699000 update_s=0.000154800 K_nnz=7564 rhs_cols=52 Vxx_nnz=2601
FILTERDDP_TIMING iteration=0 barrier_iteration=0 stage=3 derivative_s=0.000140400 first_order_s=0.000068400 second_order_s=0.000049300 algebra_s=0.000346600 kkt_assembly_s=0.001009000 factor_s=0.003142800 solve_s=0.000755700 update_s=0.000136100 K_nnz=7564 rhs_cols=52 Vxx_nnz=2601
FILTERDDP_TIMING iteration=0 barrier_iteration=0 stage=2 derivative_s=0.000160300 first_order_s=0.000071700 second_order_s=0.000068800 algebra_s=0.000396000 kkt_assembly_s=0.001061600 factor_s=0.003106400 solve_s=0.000797600 update_s=0.000155900 K_nnz=7564 rhs_cols=52 Vxx_nnz=2601
FILTERDDP_TIMING iteration=0 barrier_iteration=0 stage=1 derivative_s=0.000132100 first_order_s=0.000064000 second_order_s=0.000048700 algebra_s=0.000369000 kkt_assembly_s=0.000908400 factor_s=0.003156800 solve_s=0.000759600 update_s=0.000140900 K_nnz=7564 rhs_cols=52 Vxx_nnz=2601
FILTERDDP_FEASIBILITY iteration=0 barrier_iteration=0 equality_count=3372 equality_rms=4.305296482273e-02 equality_max=1.000000000000e+00 equality_worst_stage=6 equality_worst_index=1 dynamics_count=255 dynamics_rms=0.000000000000e+00 dynamics_max=0.000000000000e+00 dynamics_worst_stage=0 dynamics_worst_index=0 bound_count=4902 bound_rms=0.000000000000e+00 bound_max=0.000000000000e+00 bound_worst_stage=0 bound_worst_index=0 bound_worst_kind=none
  iter     objective        pr_inf       du_inf       cs_inf     lg(μ)   lg(reg)    alpha     ls
     0   3.36000000e+03   1.0000e+00   7.6685e+02   1.0000e+00    0.00      -     0.0000e+00   0
FILTERDDP_ITER_TIMING iteration=0 barrier_iteration=0 backward_s=13.415602500 forward_s=0.753579700 total_s=14.169182200 outcome=accepted step_size=6.250000000e-02 backtracks=0 mu=1.000000000e+00
FILTERDDP_TIMING iteration=1 barrier_iteration=0 stage=6 derivative_s=0.000169100 first_order_s=0.000068500 second_order_s=0.000065400 algebra_s=0.000229400 kkt_assembly_s=0.008683900 factor_s=0.002212800 solve_s=0.000541200 update_s=0.000188600 K_nnz=5522 rhs_cols=52 Vxx_nnz=2601
FILTERDDP_TIMING iteration=1 barrier_iteration=0 stage=5 derivative_s=0.000161100 first_order_s=0.000077300 second_order_s=0.000056400 algebra_s=0.000281200 kkt_assembly_s=0.000869300 factor_s=0.002968900 solve_s=0.000825100 update_s=0.000129500 K_nnz=8072 rhs_cols=52 Vxx_nnz=2601
FILTERDDP_TIMING iteration=1 barrier_iteration=0 stage=4 derivative_s=0.000133300 first_order_s=0.000067300 second_order_s=0.000044000 algebra_s=0.000244200 kkt_assembly_s=0.000926700 factor_s=0.003187600 solve_s=0.000643400 update_s=0.000126000 K_nnz=8072 rhs_cols=52 Vxx_nnz=2601
FILTERDDP_TIMING iteration=1 barrier_iteration=0 stage=3 derivative_s=0.000127600 first_order_s=0.000066500 second_order_s=0.000042200 algebra_s=0.000250400 kkt_assembly_s=0.000815200 factor_s=0.003290800 solve_s=0.000707900 update_s=0.000130100 K_nnz=8072 rhs_cols=52 Vxx_nnz=2601
FILTERDDP_TIMING iteration=1 barrier_iteration=0 stage=2 derivative_s=0.000130900 first_order_s=0.000066700 second_order_s=0.000047200 algebra_s=0.000228100 kkt_assembly_s=0.000972000 factor_s=0.024420400 solve_s=0.000951100 update_s=0.000199300 K_nnz=8072 rhs_cols=52 Vxx_nnz=2601
FILTERDDP_TIMING iteration=1 barrier_iteration=0 stage=1 derivative_s=0.000180800 first_order_s=0.000086700 second_order_s=0.000071600 algebra_s=0.000431500 kkt_assembly_s=0.001448900 factor_s=0.003693200 solve_s=0.000920500 update_s=0.000173500 K_nnz=8072 rhs_cols=52 Vxx_nnz=2601
FILTERDDP_FEASIBILITY iteration=1 barrier_iteration=0 equality_count=3372 equality_rms=4.045231564042e-02 equality_max=9.375000000000e-01 equality_worst_stage=2 equality_worst_index=1 dynamics_count=255 dynamics_rms=0.000000000000e+00 dynamics_max=0.000000000000e+00 dynamics_worst_stage=0 dynamics_worst_index=0 bound_count=4902 bound_rms=0.000000000000e+00 bound_max=0.000000000000e+00 bound_worst_stage=0 bound_worst_index=0 bound_worst_kind=none
     1   3.51222699e+03   9.3750e-01   7.1892e+02   1.0000e+00    0.00      -     6.2500e-02   0
FILTERDDP_ITER_TIMING iteration=1 barrier_iteration=0 backward_s=0.062115000 forward_s=0.000759300 total_s=0.062874300 outcome=accepted step_size=1.250000000e-01 backtracks=0 mu=1.000000000e+00
FILTERDDP_TIMING iteration=2 barrier_iteration=0 stage=6 derivative_s=0.000171400 first_order_s=0.000065300 second_order_s=0.000086700 algebra_s=0.000268400 kkt_assembly_s=0.000455900 factor_s=0.002552600 solve_s=0.000700400 update_s=0.000205200 K_nnz=5522 rhs_cols=52 Vxx_nnz=2601
FILTERDDP_TIMING iteration=2 barrier_iteration=0 stage=5 derivative_s=0.000191400 first_order_s=0.000088800 second_order_s=0.000080200 algebra_s=0.000472400 kkt_assembly_s=0.000255400 factor_s=0.003271400 solve_s=0.000960600 update_s=0.000196500 K_nnz=8072 rhs_cols=52 Vxx_nnz=2601
FILTERDDP_TIMING iteration=2 barrier_iteration=0 stage=4 derivative_s=0.000181000 first_order_s=0.000085900 second_order_s=0.000073300 algebra_s=0.000432600 kkt_assembly_s=0.000239000 factor_s=0.003448700 solve_s=0.000944900 update_s=0.000242700 K_nnz=8072 rhs_cols=52 Vxx_nnz=2601
FILTERDDP_TIMING iteration=2 barrier_iteration=0 stage=3 derivative_s=0.000219200 first_order_s=0.000107800 second_order_s=0.000087900 algebra_s=0.000426400 kkt_assembly_s=0.000228700 factor_s=0.003615800 solve_s=0.000942400 update_s=0.000179000 K_nnz=8072 rhs_cols=52 Vxx_nnz=2601
FILTERDDP_TIMING iteration=2 barrier_iteration=0 stage=2 derivative_s=0.000174700 first_order_s=0.000082300 second_order_s=0.000070400 algebra_s=0.000444300 kkt_assembly_s=0.000235800 factor_s=0.003157900 solve_s=0.000886100 update_s=0.000163700 K_nnz=8072 rhs_cols=52 Vxx_nnz=2601
FILTERDDP_TIMING iteration=2 barrier_iteration=0 stage=1 derivative_s=0.000210900 first_order_s=0.000100900 second_order_s=0.000085900 algebra_s=0.000422200 kkt_assembly_s=0.000204700 factor_s=0.003092900 solve_s=0.000864700 update_s=0.000141500 K_nnz=8072 rhs_cols=52 Vxx_nnz=2601
FILTERDDP_FEASIBILITY iteration=2 barrier_iteration=0 equality_count=3372 equality_rms=3.615567429864e-02 equality_max=8.203125000000e-01 equality_worst_stage=2 equality_worst_index=1 dynamics_count=255 dynamics_rms=0.000000000000e+00 dynamics_max=0.000000000000e+00 dynamics_worst_stage=0 dynamics_worst_index=0 bound_count=4902 bound_rms=0.000000000000e+00 bound_max=0.000000000000e+00 bound_worst_stage=0 bound_worst_index=0 bound_worst_kind=none
     2   3.76857624e+03   8.2031e-01   6.2905e+02   1.0000e+00    0.00      -     1.2500e-01   0
FILTERDDP_ITER_TIMING iteration=2 barrier_iteration=0 backward_s=0.031284900 forward_s=0.000759800 total_s=0.032044700 outcome=accepted step_size=2.500000000e-01 backtracks=0 mu=1.000000000e+00
FILTERDDP_TIMING iteration=3 barrier_iteration=0 stage=6 derivative_s=0.000185900 first_order_s=0.000078900 second_order_s=0.000091200 algebra_s=0.000413700 kkt_assembly_s=0.000264500 factor_s=0.002370500 solve_s=0.000730100 update_s=0.000177600 K_nnz=5522 rhs_cols=52 Vxx_nnz=2601
FILTERDDP_TIMING iteration=3 barrier_iteration=0 stage=5 derivative_s=0.000166300 first_order_s=0.000075200 second_order_s=0.000073700 algebra_s=0.000676600 kkt_assembly_s=0.000224200 factor_s=0.011078200 solve_s=0.000700800 update_s=0.000115600 K_nnz=8072 rhs_cols=52 Vxx_nnz=2601
FILTERDDP_TIMING iteration=3 barrier_iteration=0 stage=4 derivative_s=0.000112800 first_order_s=0.000057200 second_order_s=0.000040400 algebra_s=0.000232500 kkt_assembly_s=0.000186100 factor_s=0.002947000 solve_s=0.000642600 update_s=0.000115000 K_nnz=8072 rhs_cols=52 Vxx_nnz=2601
FILTERDDP_TIMING iteration=3 barrier_iteration=0 stage=3 derivative_s=0.000118200 first_order_s=0.000055000 second_order_s=0.000040000 algebra_s=0.000256000 kkt_assembly_s=0.000179700 factor_s=0.003198300 solve_s=0.000661800 update_s=0.000115300 K_nnz=8072 rhs_cols=52 Vxx_nnz=2601
FILTERDDP_TIMING iteration=3 barrier_iteration=0 stage=2 derivative_s=0.000106900 first_order_s=0.000053300 second_order_s=0.000041000 algebra_s=0.000264100 kkt_assembly_s=0.000198600 factor_s=0.003007600 solve_s=0.000657600 update_s=0.000113500 K_nnz=8072 rhs_cols=52 Vxx_nnz=2601
FILTERDDP_TIMING iteration=3 barrier_iteration=0 stage=1 derivative_s=0.000107800 first_order_s=0.000053800 second_order_s=0.000040700 algebra_s=0.000285000 kkt_assembly_s=0.000183900 factor_s=0.003211500 solve_s=0.000657100 update_s=0.000131100 K_nnz=8072 rhs_cols=52 Vxx_nnz=2601
FILTERDDP_FEASIBILITY iteration=3 barrier_iteration=0 equality_count=3372 equality_rms=3.132359656349e-02 equality_max=6.152343750000e-01 equality_worst_stage=2 equality_worst_index=1 dynamics_count=255 dynamics_rms=0.000000000000e+00 dynamics_max=0.000000000000e+00 dynamics_worst_stage=0 dynamics_worst_index=0 bound_count=4902 bound_rms=0.000000000000e+00 bound_max=0.000000000000e+00 bound_worst_stage=0 bound_worst_index=0 bound_worst_kind=none
     3   3.99025469e+03   6.1523e-01   4.7179e+02   9.9998e-01    0.00      -     2.5000e-01   0
FILTERDDP_ITER_TIMING iteration=3 barrier_iteration=0 backward_s=0.035211300 forward_s=0.000774900 total_s=0.035986200 outcome=accepted step_size=2.500000000e-01 backtracks=0 mu=1.000000000e+00
FILTERDDP_TIMING iteration=4 barrier_iteration=0 stage=6 derivative_s=0.000150800 first_order_s=0.000071500 second_order_s=0.000064900 algebra_s=0.000192100 kkt_assembly_s=0.000188700 factor_s=0.001982500 solve_s=0.000517700 update_s=0.000112100 K_nnz=5522 rhs_cols=52 Vxx_nnz=2601
FILTERDDP_TIMING iteration=4 barrier_iteration=0 stage=5 derivative_s=0.000107800 first_order_s=0.000053600 second_order_s=0.000042100 algebra_s=0.000237500 kkt_assembly_s=0.000209400 factor_s=0.002789200 solve_s=0.000705100 update_s=0.000118600 K_nnz=8072 rhs_cols=52 Vxx_nnz=2601
FILTERDDP_TIMING iteration=4 barrier_iteration=0 stage=4 derivative_s=0.000108900 first_order_s=0.000055400 second_order_s=0.000040700 algebra_s=0.000255400 kkt_assembly_s=0.000198500 factor_s=0.003345800 solve_s=0.000750400 update_s=0.000123300 K_nnz=8072 rhs_cols=52 Vxx_nnz=2601
FILTERDDP_TIMING iteration=4 barrier_iteration=0 stage=3 derivative_s=0.000122100 first_order_s=0.000061900 second_order_s=0.000045900 algebra_s=0.000268400 kkt_assembly_s=0.000195900 factor_s=0.003240000 solve_s=0.000663600 update_s=0.000137900 K_nnz=8072 rhs_cols=52 Vxx_nnz=2601
FILTERDDP_TIMING iteration=4 barrier_iteration=0 stage=2 derivative_s=0.000174400 first_order_s=0.000088600 second_order_s=0.000066700 algebra_s=0.000605500 kkt_assembly_s=0.000298600 factor_s=0.007291800 solve_s=0.001141800 update_s=0.000179700 K_nnz=8072 rhs_cols=52 Vxx_nnz=2601
FILTERDDP_TIMING iteration=4 barrier_iteration=0 stage=1 derivative_s=0.000193100 first_order_s=0.000096000 second_order_s=0.000069100 algebra_s=0.000463700 kkt_assembly_s=0.000313500 factor_s=0.004417000 solve_s=0.001045900 update_s=0.000165500 K_nnz=8072 rhs_cols=52 Vxx_nnz=2601
FILTERDDP_FEASIBILITY iteration=4 barrier_iteration=0 equality_count=3372 equality_rms=2.584874339257e-02 equality_max=4.614257812500e-01 equality_worst_stage=2 equality_worst_index=1 dynamics_count=255 dynamics_rms=0.000000000000e+00 dynamics_max=0.000000000000e+00 dynamics_worst_stage=0 dynamics_worst_index=0 bound_count=4902 bound_rms=0.000000000000e+00 bound_max=0.000000000000e+00 bound_worst_stage=0 bound_worst_index=0 bound_worst_kind=none
     4   4.08984491e+03   4.6143e-01   3.5384e+02   9.9997e-01    0.00      -     2.5000e-01   0
FILTERDDP_ITER_TIMING iteration=4 barrier_iteration=0 backward_s=0.033519500 forward_s=0.000943400 total_s=0.034462900 outcome=accepted step_size=5.000000000e-01 backtracks=0 mu=1.000000000e+00
FILTERDDP_TIMING iteration=5 barrier_iteration=0 stage=6 derivative_s=0.000186700 first_order_s=0.000089200 second_order_s=0.000072700 algebra_s=0.000292200 kkt_assembly_s=0.000260300 factor_s=0.002970200 solve_s=0.000826200 update_s=0.000190400 K_nnz=5522 rhs_cols=52 Vxx_nnz=2601
FILTERDDP_TIMING iteration=5 barrier_iteration=0 stage=5 derivative_s=0.000190000 first_order_s=0.000099400 second_order_s=0.000064300 algebra_s=0.000402200 kkt_assembly_s=0.000232200 factor_s=0.004206700 solve_s=0.001049400 update_s=0.000170500 K_nnz=8072 rhs_cols=52 Vxx_nnz=2601
FILTERDDP_TIMING iteration=5 barrier_iteration=0 stage=4 derivative_s=0.000210900 first_order_s=0.000118700 second_order_s=0.000063800 algebra_s=0.000432700 kkt_assembly_s=0.000260200 factor_s=0.003503100 solve_s=0.000704600 update_s=0.000125000 K_nnz=8072 rhs_cols=52 Vxx_nnz=2601
FILTERDDP_TIMING iteration=5 barrier_iteration=0 stage=3 derivative_s=0.000134700 first_order_s=0.000072900 second_order_s=0.000043700 algebra_s=0.000292100 kkt_assembly_s=0.000194400 factor_s=0.003099600 solve_s=0.000839300 update_s=0.000130500 K_nnz=8072 rhs_cols=52 Vxx_nnz=2601
FILTERDDP_TIMING iteration=5 barrier_iteration=0 stage=2 derivative_s=0.000148500 first_order_s=0.000083600 second_order_s=0.000045500 algebra_s=0.000371100 kkt_assembly_s=0.000204500 factor_s=0.003169500 solve_s=0.000735900 update_s=0.000138600 K_nnz=8072 rhs_cols=52 Vxx_nnz=2601
FILTERDDP_TIMING iteration=5 barrier_iteration=0 stage=1 derivative_s=0.000136000 first_order_s=0.000070000 second_order_s=0.000045500 algebra_s=0.002210900 kkt_assembly_s=0.000190500 factor_s=0.003012000 solve_s=0.000669000 update_s=0.000126400 K_nnz=8072 rhs_cols=52 Vxx_nnz=2601
FILTERDDP_FEASIBILITY iteration=5 barrier_iteration=0 equality_count=3372 equality_rms=1.933386600840e-02 equality_max=2.307128906250e-01 equality_worst_stage=2 equality_worst_index=1 dynamics_count=255 dynamics_rms=0.000000000000e+00 dynamics_max=0.000000000000e+00 dynamics_worst_stage=0 dynamics_worst_index=0 bound_count=4902 bound_rms=0.000000000000e+00 bound_max=0.000000000000e+00 bound_worst_stage=0 bound_worst_index=0 bound_worst_kind=none
     5   4.22173900e+03   2.3071e-01   1.7692e+02   9.9996e-01    0.00      -     5.0000e-01   0
FILTERDDP_ITER_TIMING iteration=5 barrier_iteration=0 backward_s=0.032516300 forward_s=0.000630500 total_s=0.033146800 outcome=accepted step_size=5.000000000e-01 backtracks=0 mu=1.000000000e+00
FILTERDDP_TIMING iteration=6 barrier_iteration=0 stage=6 derivative_s=0.000118600 first_order_s=0.000049400 second_order_s=0.000052700 algebra_s=0.000212500 kkt_assembly_s=0.000233400 factor_s=0.002069500 solve_s=0.000535800 update_s=0.000148900 K_nnz=5522 rhs_cols=52 Vxx_nnz=2601
FILTERDDP_TIMING iteration=6 barrier_iteration=0 stage=5 derivative_s=0.000117700 first_order_s=0.000059100 second_order_s=0.000042700 algebra_s=0.000265000 kkt_assembly_s=0.000182100 factor_s=0.003239900 solve_s=0.000769200 update_s=0.000115900 K_nnz=8072 rhs_cols=52 Vxx_nnz=2601
FILTERDDP_TIMING iteration=6 barrier_iteration=0 stage=4 derivative_s=0.000130600 first_order_s=0.000071800 second_order_s=0.000042000 algebra_s=0.000257500 kkt_assembly_s=0.000182800 factor_s=0.003116200 solve_s=0.000695700 update_s=0.000124300 K_nnz=8072 rhs_cols=52 Vxx_nnz=2601
FILTERDDP_TIMING iteration=6 barrier_iteration=0 stage=3 derivative_s=0.000112600 first_order_s=0.000057100 second_order_s=0.000041200 algebra_s=0.000248700 kkt_assembly_s=0.000183900 factor_s=0.002874600 solve_s=0.000631700 update_s=0.000115300 K_nnz=8072 rhs_cols=52 Vxx_nnz=2601
FILTERDDP_TIMING iteration=6 barrier_iteration=0 stage=2 derivative_s=0.000112000 first_order_s=0.000059300 second_order_s=0.000039900 algebra_s=0.000233200 kkt_assembly_s=0.000179700 factor_s=0.050668600 solve_s=0.001145500 update_s=0.000239900 K_nnz=8072 rhs_cols=52 Vxx_nnz=2601
FILTERDDP_TIMING iteration=6 barrier_iteration=0 stage=1 derivative_s=0.000184700 first_order_s=0.000099100 second_order_s=0.000057200 algebra_s=0.000375100 kkt_assembly_s=0.000281400 factor_s=0.003386200 solve_s=0.000650000 update_s=0.000127700 K_nnz=8072 rhs_cols=52 Vxx_nnz=2601
FILTERDDP_FEASIBILITY iteration=6 barrier_iteration=0 equality_count=3372 equality_rms=1.117961431705e-02 equality_max=1.344665888819e-01 equality_worst_stage=5 equality_worst_index=385 dynamics_count=255 dynamics_rms=0.000000000000e+00 dynamics_max=0.000000000000e+00 dynamics_worst_stage=0 dynamics_worst_index=0 bound_count=4902 bound_rms=0.000000000000e+00 bound_max=0.000000000000e+00 bound_worst_stage=0 bound_worst_index=0 bound_worst_kind=none
     6   4.28109990e+03   1.3447e-01   8.8461e+01   9.9998e-01    0.00      -     5.0000e-01   0
FILTERDDP_ITER_TIMING iteration=6 barrier_iteration=0 backward_s=0.074744500 forward_s=0.000615100 total_s=0.075359600 outcome=accepted step_size=5.000000000e-01 backtracks=0 mu=1.000000000e+00
FILTERDDP_TIMING iteration=7 barrier_iteration=0 stage=6 derivative_s=0.000114600 first_order_s=0.000048700 second_order_s=0.000049900 algebra_s=0.000191400 kkt_assembly_s=0.000328300 factor_s=0.001903700 solve_s=0.000530300 update_s=0.000141600 K_nnz=5522 rhs_cols=52 Vxx_nnz=2601
FILTERDDP_TIMING iteration=7 barrier_iteration=0 stage=5 derivative_s=0.000114400 first_order_s=0.000058800 second_order_s=0.000040600 algebra_s=0.000234800 kkt_assembly_s=0.000180700 factor_s=0.002947500 solve_s=0.000836500 update_s=0.000116000 K_nnz=8072 rhs_cols=52 Vxx_nnz=2601
FILTERDDP_TIMING iteration=7 barrier_iteration=0 stage=4 derivative_s=0.000121600 first_order_s=0.000060800 second_order_s=0.000045000 algebra_s=0.000266100 kkt_assembly_s=0.000217700 factor_s=0.345226900 solve_s=0.000789900 update_s=0.000161400 K_nnz=8072 rhs_cols=52 Vxx_nnz=2601
FILTERDDP_TIMING iteration=7 barrier_iteration=0 stage=3 derivative_s=0.000153700 first_order_s=0.000080800 second_order_s=0.000048700 algebra_s=0.000349900 kkt_assembly_s=0.000200600 factor_s=0.002975100 solve_s=0.000685800 update_s=0.000131300 K_nnz=8072 rhs_cols=52 Vxx_nnz=2601
FILTERDDP_TIMING iteration=7 barrier_iteration=0 stage=2 derivative_s=0.000125200 first_order_s=0.000059400 second_order_s=0.000047700 algebra_s=0.000248800 kkt_assembly_s=0.000180900 factor_s=0.003304800 solve_s=0.000856400 update_s=0.000106400 K_nnz=8072 rhs_cols=52 Vxx_nnz=2601
FILTERDDP_TIMING iteration=7 barrier_iteration=0 stage=1 derivative_s=0.000123600 first_order_s=0.000064400 second_order_s=0.000040800 algebra_s=0.000245700 kkt_assembly_s=0.000194500 factor_s=0.003635500 solve_s=0.000663400 update_s=0.000118800 K_nnz=8072 rhs_cols=52 Vxx_nnz=2601
FILTERDDP_FEASIBILITY iteration=7 barrier_iteration=0 equality_count=3372 equality_rms=5.944766041198e-03 equality_max=7.352753893152e-02 equality_worst_stage=5 equality_worst_index=385 dynamics_count=255 dynamics_rms=0.000000000000e+00 dynamics_max=0.000000000000e+00 dynamics_worst_stage=0 dynamics_worst_index=0 bound_count=4902 bound_rms=0.000000000000e+00 bound_max=0.000000000000e+00 bound_worst_stage=0 bound_worst_index=0 bound_worst_kind=none
     7   4.31171458e+03   7.3528e-02   4.4230e+01   9.9999e-01    0.00      -     5.0000e-01   0
FILTERDDP_ITER_TIMING iteration=7 barrier_iteration=0 backward_s=0.369131300 forward_s=0.000634700 total_s=0.369766000 outcome=accepted step_size=5.000000000e-01 backtracks=0 mu=1.000000000e+00
FILTERDDP_TIMING iteration=8 barrier_iteration=0 stage=6 derivative_s=0.000128500 first_order_s=0.000061200 second_order_s=0.000052300 algebra_s=0.000195000 kkt_assembly_s=0.000188200 factor_s=0.002155200 solve_s=0.000528100 update_s=0.000104200 K_nnz=5522 rhs_cols=52 Vxx_nnz=2601
FILTERDDP_TIMING iteration=8 barrier_iteration=0 stage=5 derivative_s=0.000113100 first_order_s=0.000057600 second_order_s=0.000040600 algebra_s=0.000234500 kkt_assembly_s=0.000178100 factor_s=0.003181500 solve_s=0.000709500 update_s=0.000141800 K_nnz=8072 rhs_cols=52 Vxx_nnz=2601
FILTERDDP_TIMING iteration=8 barrier_iteration=0 stage=4 derivative_s=0.000118500 first_order_s=0.000059500 second_order_s=0.000043300 algebra_s=0.000246700 kkt_assembly_s=0.000187300 factor_s=0.002901900 solve_s=0.000703800 update_s=0.000117400 K_nnz=8072 rhs_cols=52 Vxx_nnz=2601
FILTERDDP_TIMING iteration=8 barrier_iteration=0 stage=3 derivative_s=0.000117500 first_order_s=0.000061400 second_order_s=0.000041600 algebra_s=0.000241500 kkt_assembly_s=0.000179500 factor_s=0.003308500 solve_s=0.000655200 update_s=0.000117800 K_nnz=8072 rhs_cols=52 Vxx_nnz=2601
FILTERDDP_TIMING iteration=8 barrier_iteration=0 stage=2 derivative_s=0.000108000 first_order_s=0.000054100 second_order_s=0.000039600 algebra_s=0.000228600 kkt_assembly_s=0.000179200 factor_s=0.002779400 solve_s=0.000641500 update_s=0.000113400 K_nnz=8072 rhs_cols=52 Vxx_nnz=2601
FILTERDDP_TIMING iteration=8 barrier_iteration=0 stage=1 derivative_s=0.000111500 first_order_s=0.000053100 second_order_s=0.000045700 algebra_s=0.000229600 kkt_assembly_s=0.000171000 factor_s=0.002699600 solve_s=0.000775700 update_s=0.000113300 K_nnz=8072 rhs_cols=52 Vxx_nnz=2601
FILTERDDP_FEASIBILITY iteration=8 barrier_iteration=0 equality_count=3372 equality_rms=3.395707185187e-03 equality_max=3.835209185431e-02 equality_worst_stage=5 equality_worst_index=385 dynamics_count=255 dynamics_rms=0.000000000000e+00 dynamics_max=0.000000000000e+00 dynamics_worst_stage=0 dynamics_worst_index=0 bound_count=4902 bound_rms=0.000000000000e+00 bound_max=0.000000000000e+00 bound_worst_stage=0 bound_worst_index=0 bound_worst_kind=none
     8   4.32775215e+03   3.8352e-02   2.2115e+01   9.9999e-01    0.00      -     5.0000e-01   0
FILTERDDP_ITER_TIMING iteration=8 barrier_iteration=0 backward_s=0.025306700 forward_s=0.000628400 total_s=0.025935100 outcome=accepted step_size=5.000000000e-01 backtracks=0 mu=1.000000000e+00
FILTERDDP_TIMING iteration=9 barrier_iteration=0 stage=6 derivative_s=0.000108600 first_order_s=0.000045700 second_order_s=0.000050100 algebra_s=0.000250000 kkt_assembly_s=0.000173600 factor_s=0.001963400 solve_s=0.000596800 update_s=0.000221700 K_nnz=5522 rhs_cols=52 Vxx_nnz=2601
FILTERDDP_TIMING iteration=9 barrier_iteration=0 stage=5 derivative_s=0.000170000 first_order_s=0.000081100 second_order_s=0.000074600 algebra_s=0.000607900 kkt_assembly_s=0.000213400 factor_s=0.002941000 solve_s=0.000641600 update_s=0.000118300 K_nnz=8072 rhs_cols=52 Vxx_nnz=2601
FILTERDDP_TIMING iteration=9 barrier_iteration=0 stage=4 derivative_s=0.000113800 first_order_s=0.000056500 second_order_s=0.000045000 algebra_s=0.000336500 kkt_assembly_s=0.000215100 factor_s=0.003114100 solve_s=0.000704200 update_s=0.000170800 K_nnz=8072 rhs_cols=52 Vxx_nnz=2601
FILTERDDP_TIMING iteration=9 barrier_iteration=0 stage=3 derivative_s=0.000214900 first_order_s=0.000136700 second_order_s=0.000064800 algebra_s=0.000512600 kkt_assembly_s=0.000215300 factor_s=0.003062300 solve_s=0.000740200 update_s=0.000156700 K_nnz=8072 rhs_cols=52 Vxx_nnz=2601
FILTERDDP_TIMING iteration=9 barrier_iteration=0 stage=2 derivative_s=0.000235200 first_order_s=0.000120900 second_order_s=0.000098900 algebra_s=0.000531100 kkt_assembly_s=0.000212200 factor_s=0.003332400 solve_s=0.000680300 update_s=0.000152200 K_nnz=8072 rhs_cols=52 Vxx_nnz=2601
FILTERDDP_TIMING iteration=9 barrier_iteration=0 stage=1 derivative_s=0.000214200 first_order_s=0.000078000 second_order_s=0.000123100 algebra_s=0.000397100 kkt_assembly_s=0.000205400 factor_s=0.003255800 solve_s=0.000680700 update_s=0.000146500 K_nnz=8072 rhs_cols=52 Vxx_nnz=2601
FILTERDDP_FEASIBILITY iteration=9 barrier_iteration=0 equality_count=3372 equality_rms=2.595848354311e-03 equality_max=3.581895597256e-02 equality_worst_stage=3 equality_worst_index=384 dynamics_count=255 dynamics_rms=0.000000000000e+00 dynamics_max=0.000000000000e+00 dynamics_worst_stage=0 dynamics_worst_index=0 bound_count=4902 bound_rms=0.000000000000e+00 bound_max=0.000000000000e+00 bound_worst_stage=0 bound_worst_index=0 bound_worst_kind=none
     9   4.33645037e+03   3.5819e-02   1.1058e+01   1.0000e+00    0.00      -     5.0000e-01   0
FILTERDDP_ITER_TIMING iteration=9 barrier_iteration=0 backward_s=0.027948200 forward_s=0.000689900 total_s=0.028638100 outcome=accepted step_size=5.000000000e-01 backtracks=0 mu=1.000000000e+00
FILTERDDP_TIMING iteration=10 barrier_iteration=0 stage=6 derivative_s=0.000144800 first_order_s=0.000047100 second_order_s=0.000085400 algebra_s=0.000227800 kkt_assembly_s=0.000328500 factor_s=0.002465000 solve_s=0.000576300 update_s=0.000181700 K_nnz=5522 rhs_cols=52 Vxx_nnz=2601
FILTERDDP_TIMING iteration=10 barrier_iteration=0 stage=5 derivative_s=0.000113700 first_order_s=0.000055900 second_order_s=0.000045400 algebra_s=0.000275600 kkt_assembly_s=0.000169800 factor_s=0.003393500 solve_s=0.000783100 update_s=0.000136100 K_nnz=8072 rhs_cols=52 Vxx_nnz=2601
FILTERDDP_TIMING iteration=10 barrier_iteration=0 stage=4 derivative_s=0.000140200 first_order_s=0.000066100 second_order_s=0.000061400 algebra_s=0.000456100 kkt_assembly_s=0.000228000 factor_s=0.002962900 solve_s=0.000649000 update_s=0.000119000 K_nnz=8072 rhs_cols=52 Vxx_nnz=2601
FILTERDDP_TIMING iteration=10 barrier_iteration=0 stage=3 derivative_s=0.000122000 first_order_s=0.000057200 second_order_s=0.000052200 algebra_s=0.000422900 kkt_assembly_s=0.000173100 factor_s=0.003979000 solve_s=0.003080900 update_s=0.000350200 K_nnz=8072 rhs_cols=52 Vxx_nnz=2601
FILTERDDP_TIMING iteration=10 barrier_iteration=0 stage=2 derivative_s=0.000374700 first_order_s=0.000170600 second_order_s=0.000153000 algebra_s=0.000819100 kkt_assembly_s=0.000508700 factor_s=0.010737600 solve_s=0.002159500 update_s=0.000373500 K_nnz=8072 rhs_cols=52 Vxx_nnz=2601
FILTERDDP_TIMING iteration=10 barrier_iteration=0 stage=1 derivative_s=0.000333200 first_order_s=0.000148700 second_order_s=0.000148400 algebra_s=0.001460900 kkt_assembly_s=0.000548500 factor_s=0.009455000 solve_s=0.001746200 update_s=0.000346300 K_nnz=8072 rhs_cols=52 Vxx_nnz=2601
FILTERDDP_FEASIBILITY iteration=10 barrier_iteration=0 equality_count=3372 equality_rms=2.519271763871e-03 equality_max=4.223048157444e-02 equality_worst_stage=3 equality_worst_index=384 dynamics_count=255 dynamics_rms=0.000000000000e+00 dynamics_max=0.000000000000e+00 dynamics_worst_stage=0 dynamics_worst_index=0 bound_count=4902 bound_rms=0.000000000000e+00 bound_max=0.000000000000e+00 bound_worst_stage=0 bound_worst_index=0 bound_worst_kind=none
FILTERDDP_ITER_TIMING iteration=10 barrier_iteration=0 backward_s=0.050995900 forward_s=0.000000000 total_s=0.050995900 outcome=barrier_update step_size=5.000000000e-01 backtracks=0 mu=1.000000000e+00
FILTERDDP_TIMING iteration=10 barrier_iteration=1 stage=6 derivative_s=0.000186500 first_order_s=0.000085700 second_order_s=0.000063800 algebra_s=0.000225200 kkt_assembly_s=0.000198500 factor_s=0.002199000 solve_s=0.000481000 update_s=0.000191000 K_nnz=5522 rhs_cols=52 Vxx_nnz=2601
FILTERDDP_TIMING iteration=10 barrier_iteration=1 stage=5 derivative_s=0.000139200 first_order_s=0.000071000 second_order_s=0.000046900 algebra_s=0.000272500 kkt_assembly_s=0.000209500 factor_s=0.003782300 solve_s=0.000674600 update_s=0.000128900 K_nnz=8072 rhs_cols=52 Vxx_nnz=2601
FILTERDDP_TIMING iteration=10 barrier_iteration=1 stage=4 derivative_s=0.000121900 first_order_s=0.000062000 second_order_s=0.000042200 algebra_s=0.000444000 kkt_assembly_s=0.000220100 factor_s=0.002842200 solve_s=0.000587500 update_s=0.000115400 K_nnz=8072 rhs_cols=52 Vxx_nnz=2601
FILTERDDP_TIMING iteration=10 barrier_iteration=1 stage=3 derivative_s=0.000108800 first_order_s=0.000056600 second_order_s=0.000037300 algebra_s=0.000241800 kkt_assembly_s=0.000173500 factor_s=0.003763800 solve_s=0.002118100 update_s=0.000265700 K_nnz=8072 rhs_cols=52 Vxx_nnz=2601
FILTERDDP_TIMING iteration=10 barrier_iteration=1 stage=2 derivative_s=0.000293700 first_order_s=0.000158800 second_order_s=0.000097700 algebra_s=0.000953600 kkt_assembly_s=0.000561200 factor_s=0.011181800 solve_s=0.002036000 update_s=0.000270800 K_nnz=8072 rhs_cols=52 Vxx_nnz=2601
FILTERDDP_TIMING iteration=10 barrier_iteration=1 stage=1 derivative_s=0.000404800 first_order_s=0.000219800 second_order_s=0.000133300 algebra_s=0.001585700 kkt_assembly_s=0.000662500 factor_s=0.009091000 solve_s=0.001388900 update_s=0.000304700 K_nnz=8072 rhs_cols=52 Vxx_nnz=2601
FILTERDDP_FEASIBILITY iteration=10 barrier_iteration=1 equality_count=3372 equality_rms=2.519271763871e-03 equality_max=4.223048157444e-02 equality_worst_stage=3 equality_worst_index=384 dynamics_count=255 dynamics_rms=0.000000000000e+00 dynamics_max=0.000000000000e+00 dynamics_worst_stage=0 dynamics_worst_index=0 bound_count=4902 bound_rms=0.000000000000e+00 bound_max=0.000000000000e+00 bound_worst_stage=0 bound_worst_index=0 bound_worst_kind=none
  iter     objective        pr_inf       du_inf       cs_inf     lg(μ)   lg(reg)    alpha     ls
    10   4.34159707e+03   4.2230e-02   5.5288e+00   1.0000e+00   -0.70      -     5.0000e-01   0
FILTERDDP_ITER_TIMING iteration=10 barrier_iteration=1 backward_s=0.049095700 forward_s=0.001691500 total_s=0.050787200 outcome=accepted step_size=5.000000000e-01 backtracks=0 mu=2.000000000e-01
FILTERDDP_TIMING iteration=11 barrier_iteration=1 stage=6 derivative_s=0.000497400 first_order_s=0.000132400 second_order_s=0.000328500 algebra_s=0.000784400 kkt_assembly_s=0.000540000 factor_s=0.003415000 solve_s=0.000745400 update_s=0.000182800 K_nnz=5522 rhs_cols=52 Vxx_nnz=2601
FILTERDDP_TIMING iteration=11 barrier_iteration=1 stage=5 derivative_s=0.000198100 first_order_s=0.000100800 second_order_s=0.000077000 algebra_s=0.000327400 kkt_assembly_s=0.000242200 factor_s=0.004430400 solve_s=0.000719000 update_s=0.000102200 K_nnz=8072 rhs_cols=52 Vxx_nnz=2601
FILTERDDP_TIMING iteration=11 barrier_iteration=1 stage=4 derivative_s=0.000159300 first_order_s=0.000051000 second_order_s=0.000095200 algebra_s=0.000502700 kkt_assembly_s=0.000176900 factor_s=0.003456700 solve_s=0.000725400 update_s=0.000112100 K_nnz=8072 rhs_cols=52 Vxx_nnz=2601
FILTERDDP_TIMING iteration=11 barrier_iteration=1 stage=3 derivative_s=0.000116100 first_order_s=0.000057100 second_order_s=0.000045500 algebra_s=0.000503800 kkt_assembly_s=0.000192800 factor_s=0.003233200 solve_s=0.000617400 update_s=0.000116000 K_nnz=8072 rhs_cols=52 Vxx_nnz=2601
FILTERDDP_TIMING iteration=11 barrier_iteration=1 stage=2 derivative_s=0.000186100 first_order_s=0.000126100 second_order_s=0.000047100 algebra_s=0.000496000 kkt_assembly_s=0.000179600 factor_s=0.003459800 solve_s=0.000659400 update_s=0.000126900 K_nnz=8072 rhs_cols=52 Vxx_nnz=2601
FILTERDDP_TIMING iteration=11 barrier_iteration=1 stage=1 derivative_s=0.000116400 first_order_s=0.000060600 second_order_s=0.000043100 algebra_s=0.000664200 kkt_assembly_s=0.000214200 factor_s=0.003241000 solve_s=0.000599600 update_s=0.000117300 K_nnz=8072 rhs_cols=52 Vxx_nnz=2601
FILTERDDP_FEASIBILITY iteration=11 barrier_iteration=1 equality_count=3372 equality_rms=1.239340294486e-02 equality_max=1.524708234121e-01 equality_worst_stage=3 equality_worst_index=509 dynamics_count=255 dynamics_rms=0.000000000000e+00 dynamics_max=0.000000000000e+00 dynamics_worst_stage=0 dynamics_worst_index=0 bound_count=4902 bound_rms=0.000000000000e+00 bound_max=0.000000000000e+00 bound_worst_stage=0 bound_worst_index=0 bound_worst_kind=none
    11   4.03239391e+03   1.5247e-01   2.7644e+00   6.3680e-01   -0.70      -     5.0000e-01   0
FILTERDDP_ITER_TIMING iteration=11 barrier_iteration=1 backward_s=0.032613600 forward_s=0.000832200 total_s=0.033445800 outcome=accepted step_size=5.000000000e-01 backtracks=0 mu=2.000000000e-01
FILTERDDP_TIMING iteration=12 barrier_iteration=1 stage=6 derivative_s=0.000220600 first_order_s=0.000061800 second_order_s=0.000146600 algebra_s=0.000335900 kkt_assembly_s=0.000289000 factor_s=0.002566200 solve_s=0.000536300 update_s=0.000110700 K_nnz=5522 rhs_cols=52 Vxx_nnz=2601
FILTERDDP_TIMING iteration=12 barrier_iteration=1 stage=5 derivative_s=0.000114400 first_order_s=0.000056600 second_order_s=0.000045000 algebra_s=0.000241500 kkt_assembly_s=0.000175900 factor_s=0.003434300 solve_s=0.000626800 update_s=0.000159200 K_nnz=8072 rhs_cols=52 Vxx_nnz=2601
FILTERDDP_TIMING iteration=12 barrier_iteration=1 stage=4 derivative_s=0.000141500 first_order_s=0.000065400 second_order_s=0.000063500 algebra_s=0.000457800 kkt_assembly_s=0.000207700 factor_s=0.003387400 solve_s=0.000693100 update_s=0.000172900 K_nnz=8072 rhs_cols=52 Vxx_nnz=2601
FILTERDDP_TIMING iteration=12 barrier_iteration=1 stage=3 derivative_s=0.000123200 first_order_s=0.000065200 second_order_s=0.000043900 algebra_s=0.000546400 kkt_assembly_s=0.000190800 factor_s=0.003182100 solve_s=0.000598800 update_s=0.000167200 K_nnz=8072 rhs_cols=52 Vxx_nnz=2601
FILTERDDP_TIMING iteration=12 barrier_iteration=1 stage=2 derivative_s=0.000216100 first_order_s=0.000130400 second_order_s=0.000073100 algebra_s=0.000502200 kkt_assembly_s=0.000210200 factor_s=0.003331200 solve_s=0.000673100 update_s=0.000153900 K_nnz=8072 rhs_cols=52 Vxx_nnz=2601
FILTERDDP_TIMING iteration=12 barrier_iteration=1 stage=1 derivative_s=0.000147700 first_order_s=0.000065200 second_order_s=0.000069800 algebra_s=0.000526300 kkt_assembly_s=0.000185800 factor_s=0.003283100 solve_s=0.000627000 update_s=0.000168400 K_nnz=8072 rhs_cols=52 Vxx_nnz=2601
FILTERDDP_FEASIBILITY iteration=12 barrier_iteration=1 equality_count=3372 equality_rms=2.826270858942e-02 equality_max=3.449849379920e-01 equality_worst_stage=3 equality_worst_index=509 dynamics_count=255 dynamics_rms=0.000000000000e+00 dynamics_max=0.000000000000e+00 dynamics_worst_stage=0 dynamics_worst_index=0 bound_count=4902 bound_rms=0.000000000000e+00 bound_max=0.000000000000e+00 bound_worst_stage=0 bound_worst_index=0 bound_worst_kind=none
FILTERDDP_ITER_TIMING iteration=12 barrier_iteration=1 backward_s=0.029053700 forward_s=0.000000000 total_s=0.029053700 outcome=barrier_update step_size=5.000000000e-01 backtracks=0 mu=2.000000000e-01
FILTERDDP_TIMING iteration=12 barrier_iteration=2 stage=6 derivative_s=0.000184300 first_order_s=0.000068900 second_order_s=0.000102300 algebra_s=0.000404100 kkt_assembly_s=0.000409100 factor_s=0.003086500 solve_s=0.000534800 update_s=0.000131400 K_nnz=5522 rhs_cols=52 Vxx_nnz=2601
FILTERDDP_TIMING iteration=12 barrier_iteration=2 stage=5 derivative_s=0.000111400 first_order_s=0.000057000 second_order_s=0.000041700 algebra_s=0.000308800 kkt_assembly_s=0.000201900 factor_s=0.003373800 solve_s=0.000724800 update_s=0.000116000 K_nnz=8072 rhs_cols=52 Vxx_nnz=2601
FILTERDDP_TIMING iteration=12 barrier_iteration=2 stage=4 derivative_s=0.000145000 first_order_s=0.000066700 second_order_s=0.000064600 algebra_s=0.000511700 kkt_assembly_s=0.000191600 factor_s=0.003203300 solve_s=0.000698600 update_s=0.000196400 K_nnz=8072 rhs_cols=52 Vxx_nnz=2601
FILTERDDP_TIMING iteration=12 barrier_iteration=2 stage=3 derivative_s=0.000139300 first_order_s=0.000067900 second_order_s=0.000059100 algebra_s=0.000483500 kkt_assembly_s=0.000190300 factor_s=0.003476100 solve_s=0.000708100 update_s=0.000142000 K_nnz=8072 rhs_cols=52 Vxx_nnz=2601
FILTERDDP_TIMING iteration=12 barrier_iteration=2 stage=2 derivative_s=0.000132600 first_order_s=0.000062600 second_order_s=0.000051700 algebra_s=0.000616100 kkt_assembly_s=0.000224600 factor_s=0.003472300 solve_s=0.000646100 update_s=0.000119700 K_nnz=8072 rhs_cols=52 Vxx_nnz=2601
FILTERDDP_TIMING iteration=12 barrier_iteration=2 stage=1 derivative_s=0.000170200 first_order_s=0.000097400 second_order_s=0.000058900 algebra_s=0.000468500 kkt_assembly_s=0.000216200 factor_s=0.015656900 solve_s=0.000659700 update_s=0.000102300 K_nnz=8072 rhs_cols=52 Vxx_nnz=2601
FILTERDDP_FEASIBILITY iteration=12 barrier_iteration=2 equality_count=3372 equality_rms=2.826270858942e-02 equality_max=3.449849379920e-01 equality_worst_stage=3 equality_worst_index=509 dynamics_count=255 dynamics_rms=0.000000000000e+00 dynamics_max=0.000000000000e+00 dynamics_worst_stage=0 dynamics_worst_index=0 bound_count=4902 bound_rms=0.000000000000e+00 bound_max=0.000000000000e+00 bound_worst_stage=0 bound_worst_index=0 bound_worst_kind=none
    12   3.78332512e+03   3.4498e-01   1.3822e+00   4.3619e-01   -1.40      -     5.0000e-01   0
FILTERDDP_ITER_TIMING iteration=12 barrier_iteration=2 backward_s=0.042519500 forward_s=0.000670800 total_s=0.043190300 outcome=accepted step_size=5.000000000e-01 backtracks=0 mu=4.000000000e-02
FILTERDDP_TIMING iteration=13 barrier_iteration=2 stage=6 derivative_s=0.000154700 first_order_s=0.000068700 second_order_s=0.000067300 algebra_s=0.000293300 kkt_assembly_s=0.000287200 factor_s=0.003041600 solve_s=0.000925700 update_s=0.000160200 K_nnz=5522 rhs_cols=52 Vxx_nnz=2601
FILTERDDP_TIMING iteration=13 barrier_iteration=2 stage=5 derivative_s=0.000141300 first_order_s=0.000073000 second_order_s=0.000048900 algebra_s=0.000361900 kkt_assembly_s=0.000246800 factor_s=0.004745400 solve_s=0.001291200 update_s=0.000144400 K_nnz=8072 rhs_cols=52 Vxx_nnz=2601
FILTERDDP_TIMING iteration=13 barrier_iteration=2 stage=4 derivative_s=0.000165300 first_order_s=0.000088900 second_order_s=0.000054600 algebra_s=0.000387400 kkt_assembly_s=0.000268300 factor_s=0.005450300 solve_s=0.000693200 update_s=0.000108900 K_nnz=8072 rhs_cols=52 Vxx_nnz=2601
FILTERDDP_TIMING iteration=13 barrier_iteration=2 stage=3 derivative_s=0.000123100 first_order_s=0.000062000 second_order_s=0.000047500 algebra_s=0.000275000 kkt_assembly_s=0.000198900 factor_s=0.003243300 solve_s=0.000704800 update_s=0.000111600 K_nnz=8072 rhs_cols=52 Vxx_nnz=2601
FILTERDDP_TIMING iteration=13 barrier_iteration=2 stage=2 derivative_s=0.000109700 first_order_s=0.000057100 second_order_s=0.000038900 algebra_s=0.000247500 kkt_assembly_s=0.000180600 factor_s=0.002956500 solve_s=0.000676800 update_s=0.000112900 K_nnz=8072 rhs_cols=52 Vxx_nnz=2601
FILTERDDP_TIMING iteration=13 barrier_iteration=2 stage=1 derivative_s=0.000108800 first_order_s=0.000054100 second_order_s=0.000041200 algebra_s=0.000261200 kkt_assembly_s=0.000178300 factor_s=0.003041900 solve_s=0.000667400 update_s=0.000115800 K_nnz=8072 rhs_cols=52 Vxx_nnz=2601
FILTERDDP_FEASIBILITY iteration=13 barrier_iteration=2 equality_count=3372 equality_rms=2.346601482694e-02 equality_max=2.789916387991e-01 equality_worst_stage=6 equality_worst_index=509 dynamics_count=255 dynamics_rms=0.000000000000e+00 dynamics_max=0.000000000000e+00 dynamics_worst_stage=0 dynamics_worst_index=0 bound_count=4902 bound_rms=0.000000000000e+00 bound_max=0.000000000000e+00 bound_worst_stage=0 bound_worst_index=0 bound_worst_kind=none
    13   3.52346680e+03   2.7899e-01   6.9110e-01   2.6058e-01   -1.40      -     5.0000e-01   0
FILTERDDP_ITER_TIMING iteration=13 barrier_iteration=2 backward_s=0.032636100 forward_s=0.000621600 total_s=0.033257700 outcome=accepted step_size=5.000000000e-01 backtracks=0 mu=4.000000000e-02
FILTERDDP_TIMING iteration=14 barrier_iteration=2 stage=6 derivative_s=0.000108700 first_order_s=0.000047800 second_order_s=0.000048500 algebra_s=0.000193300 kkt_assembly_s=0.000195200 factor_s=0.002036500 solve_s=0.000525000 update_s=0.000116200 K_nnz=5522 rhs_cols=52 Vxx_nnz=2601
FILTERDDP_TIMING iteration=14 barrier_iteration=2 stage=5 derivative_s=0.000104700 first_order_s=0.000052100 second_order_s=0.000039900 algebra_s=0.000248100 kkt_assembly_s=0.000192000 factor_s=0.003206900 solve_s=0.000682900 update_s=0.000123300 K_nnz=8072 rhs_cols=52 Vxx_nnz=2601
FILTERDDP_TIMING iteration=14 barrier_iteration=2 stage=4 derivative_s=0.000110200 first_order_s=0.000056000 second_order_s=0.000040800 algebra_s=0.000253200 kkt_assembly_s=0.000187300 factor_s=0.004565400 solve_s=0.000670200 update_s=0.000121600 K_nnz=8072 rhs_cols=52 Vxx_nnz=2601
FILTERDDP_TIMING iteration=14 barrier_iteration=2 stage=3 derivative_s=0.000100600 first_order_s=0.000051400 second_order_s=0.000036400 algebra_s=0.000228500 kkt_assembly_s=0.000172200 factor_s=0.004091200 solve_s=0.000788900 update_s=0.000141600 K_nnz=8072 rhs_cols=52 Vxx_nnz=2601
FILTERDDP_TIMING iteration=14 barrier_iteration=2 stage=2 derivative_s=0.000146200 first_order_s=0.000074900 second_order_s=0.000050700 algebra_s=0.000334500 kkt_assembly_s=0.000185900 factor_s=0.002735600 solve_s=0.000597200 update_s=0.000117300 K_nnz=8072 rhs_cols=52 Vxx_nnz=2601
FILTERDDP_TIMING iteration=14 barrier_iteration=2 stage=1 derivative_s=0.000102500 first_order_s=0.000052100 second_order_s=0.000037600 algebra_s=0.000243100 kkt_assembly_s=0.000169000 factor_s=0.004557300 solve_s=0.000697200 update_s=0.000101800 K_nnz=8072 rhs_cols=52 Vxx_nnz=2601
FILTERDDP_FEASIBILITY iteration=14 barrier_iteration=2 equality_count=3372 equality_rms=2.550763738246e-02 equality_max=3.251881831847e-01 equality_worst_stage=6 equality_worst_index=509 dynamics_count=255 dynamics_rms=0.000000000000e+00 dynamics_max=0.000000000000e+00 dynamics_worst_stage=0 dynamics_worst_index=0 bound_count=4902 bound_rms=0.000000000000e+00 bound_max=0.000000000000e+00 bound_worst_stage=0 bound_worst_index=0 bound_worst_kind=none
FILTERDDP_ITER_TIMING iteration=14 barrier_iteration=2 backward_s=0.029537900 forward_s=0.000000000 total_s=0.029537900 outcome=barrier_update step_size=5.000000000e-01 backtracks=0 mu=4.000000000e-02
FILTERDDP_TIMING iteration=14 barrier_iteration=3 stage=6 derivative_s=0.000115300 first_order_s=0.000053700 second_order_s=0.000048500 algebra_s=0.000204600 kkt_assembly_s=0.000178200 factor_s=0.002136000 solve_s=0.000642300 update_s=0.000135800 K_nnz=5522 rhs_cols=52 Vxx_nnz=2601
FILTERDDP_TIMING iteration=14 barrier_iteration=3 stage=5 derivative_s=0.000141500 first_order_s=0.000077400 second_order_s=0.000049300 algebra_s=0.000282100 kkt_assembly_s=0.000193600 factor_s=0.003234500 solve_s=0.000691700 update_s=0.000113700 K_nnz=8072 rhs_cols=52 Vxx_nnz=2601
FILTERDDP_TIMING iteration=14 barrier_iteration=3 stage=4 derivative_s=0.000117900 first_order_s=0.000063700 second_order_s=0.000040300 algebra_s=0.000258300 kkt_assembly_s=0.000176800 factor_s=0.004722300 solve_s=0.000715400 update_s=0.000120200 K_nnz=8072 rhs_cols=52 Vxx_nnz=2601
FILTERDDP_TIMING iteration=14 barrier_iteration=3 stage=3 derivative_s=0.000113400 first_order_s=0.000061200 second_order_s=0.000039000 algebra_s=0.000244500 kkt_assembly_s=0.000178700 factor_s=0.004244600 solve_s=0.000746000 update_s=0.000111500 K_nnz=8072 rhs_cols=52 Vxx_nnz=2601
FILTERDDP_TIMING iteration=14 barrier_iteration=3 stage=2 derivative_s=0.000110900 first_order_s=0.000055600 second_order_s=0.000041600 algebra_s=0.000277000 kkt_assembly_s=0.000180400 factor_s=0.002964600 solve_s=0.000672500 update_s=0.000118400 K_nnz=8072 rhs_cols=52 Vxx_nnz=2601
FILTERDDP_TIMING iteration=14 barrier_iteration=3 stage=1 derivative_s=0.000127000 first_order_s=0.000064600 second_order_s=0.000049200 algebra_s=0.000249400 kkt_assembly_s=0.000182600 factor_s=0.004692900 solve_s=0.000737600 update_s=0.000109200 K_nnz=8072 rhs_cols=52 Vxx_nnz=2601
FILTERDDP_FEASIBILITY iteration=14 barrier_iteration=3 equality_count=3372 equality_rms=2.550763738246e-02 equality_max=3.251881831847e-01 equality_worst_stage=6 equality_worst_index=509 dynamics_count=255 dynamics_rms=0.000000000000e+00 dynamics_max=0.000000000000e+00 dynamics_worst_stage=0 dynamics_worst_index=0 bound_count=4902 bound_rms=0.000000000000e+00 bound_max=0.000000000000e+00 bound_worst_stage=0 bound_worst_index=0 bound_worst_kind=none
    14   3.37083964e+03   3.2519e-01   3.4555e-01   1.6160e-01   -2.10      -     5.0000e-01   0
FILTERDDP_ITER_TIMING iteration=14 barrier_iteration=3 backward_s=0.030596600 forward_s=0.000657500 total_s=0.031254100 outcome=accepted step_size=5.000000000e-01 backtracks=0 mu=8.000000000e-03
FILTERDDP_TIMING iteration=15 barrier_iteration=3 stage=6 derivative_s=0.000113000 first_order_s=0.000047300 second_order_s=0.000053300 algebra_s=0.000203200 kkt_assembly_s=0.000176600 factor_s=0.001933000 solve_s=0.000525200 update_s=0.008727000 K_nnz=5522 rhs_cols=52 Vxx_nnz=2601
FILTERDDP_TIMING iteration=15 barrier_iteration=3 stage=5 derivative_s=0.000126600 first_order_s=0.000058900 second_order_s=0.000052400 algebra_s=0.000249900 kkt_assembly_s=0.000190300 factor_s=0.002960600 solve_s=0.000742000 update_s=0.000111000 K_nnz=8072 rhs_cols=52 Vxx_nnz=2601
FILTERDDP_TIMING iteration=15 barrier_iteration=3 stage=4 derivative_s=0.000108300 first_order_s=0.000055100 second_order_s=0.000039800 algebra_s=0.000244400 kkt_assembly_s=0.000196600 factor_s=0.006348900 solve_s=0.002199400 update_s=0.000244300 K_nnz=8072 rhs_cols=52 Vxx_nnz=2601
FILTERDDP_TIMING iteration=15 barrier_iteration=3 stage=3 derivative_s=0.000272600 first_order_s=0.000135600 second_order_s=0.000100500 algebra_s=0.000819400 kkt_assembly_s=0.000522800 factor_s=0.012386600 solve_s=0.001515600 update_s=0.000196400 K_nnz=8072 rhs_cols=52 Vxx_nnz=2601
FILTERDDP_TIMING iteration=15 barrier_iteration=3 stage=2 derivative_s=0.000202100 first_order_s=0.000100300 second_order_s=0.000074900 algebra_s=0.000537300 kkt_assembly_s=0.000368300 factor_s=0.005031700 solve_s=0.000852200 update_s=0.000162000 K_nnz=8072 rhs_cols=52 Vxx_nnz=2601
FILTERDDP_TIMING iteration=15 barrier_iteration=3 stage=1 derivative_s=0.000135500 first_order_s=0.000067700 second_order_s=0.000049400 algebra_s=0.000315200 kkt_assembly_s=0.000245700 factor_s=0.006222500 solve_s=0.000789800 update_s=0.000120000 K_nnz=8072 rhs_cols=52 Vxx_nnz=2601
FILTERDDP_FEASIBILITY iteration=15 barrier_iteration=3 equality_count=3372 equality_rms=1.487113039792e-02 equality_max=2.033212347659e-01 equality_worst_stage=6 equality_worst_index=510 dynamics_count=255 dynamics_rms=0.000000000000e+00 dynamics_max=0.000000000000e+00 dynamics_worst_stage=0 dynamics_worst_index=0 bound_count=4902 bound_rms=0.000000000000e+00 bound_max=0.000000000000e+00 bound_worst_stage=0 bound_worst_index=0 bound_worst_kind=none
    15   3.26616312e+03   2.0332e-01   1.7277e-01   9.3609e-02   -2.10      -     5.0000e-01   0
FILTERDDP_ITER_TIMING iteration=15 barrier_iteration=3 backward_s=0.056644400 forward_s=0.000675600 total_s=0.057320000 outcome=accepted step_size=5.000000000e-01 backtracks=0 mu=8.000000000e-03
FILTERDDP_TIMING iteration=16 barrier_iteration=3 stage=6 derivative_s=0.000118100 first_order_s=0.000049800 second_order_s=0.000052700 algebra_s=0.000206000 kkt_assembly_s=0.000201900 factor_s=0.002024600 solve_s=0.000549100 update_s=0.000136500 K_nnz=5522 rhs_cols=52 Vxx_nnz=2601
FILTERDDP_TIMING iteration=16 barrier_iteration=3 stage=5 derivative_s=0.000126000 first_order_s=0.000060600 second_order_s=0.000049200 algebra_s=0.000248200 kkt_assembly_s=0.000189800 factor_s=0.003014100 solve_s=0.000766600 update_s=0.000114100 K_nnz=8072 rhs_cols=52 Vxx_nnz=2601
FILTERDDP_TIMING iteration=16 barrier_iteration=3 stage=4 derivative_s=0.000114700 first_order_s=0.000057700 second_order_s=0.000041700 algebra_s=0.000244800 kkt_assembly_s=0.000249900 factor_s=0.004581500 solve_s=0.000720600 update_s=0.000102200 K_nnz=8072 rhs_cols=52 Vxx_nnz=2601
FILTERDDP_TIMING iteration=16 barrier_iteration=3 stage=3 derivative_s=0.000112500 first_order_s=0.000057200 second_order_s=0.000040100 algebra_s=0.000258800 kkt_assembly_s=0.000182000 factor_s=0.004652000 solve_s=0.000733900 update_s=0.000111400 K_nnz=8072 rhs_cols=52 Vxx_nnz=2601
FILTERDDP_TIMING iteration=16 barrier_iteration=3 stage=2 derivative_s=0.000113100 first_order_s=0.000056000 second_order_s=0.000042400 algebra_s=0.000242200 kkt_assembly_s=0.000192700 factor_s=0.002915900 solve_s=0.000674000 update_s=0.000115400 K_nnz=8072 rhs_cols=52 Vxx_nnz=2601
FILTERDDP_TIMING iteration=16 barrier_iteration=3 stage=1 derivative_s=0.000107400 first_order_s=0.000054700 second_order_s=0.000038800 algebra_s=0.000244200 kkt_assembly_s=0.000188200 factor_s=0.004857600 solve_s=0.000689500 update_s=0.000111000 K_nnz=8072 rhs_cols=52 Vxx_nnz=2601
FILTERDDP_FEASIBILITY iteration=16 barrier_iteration=3 equality_count=3372 equality_rms=1.031924009424e-02 equality_max=1.642402850216e-01 equality_worst_stage=5 equality_worst_index=510 dynamics_count=255 dynamics_rms=0.000000000000e+00 dynamics_max=0.000000000000e+00 dynamics_worst_stage=0 dynamics_worst_index=0 bound_count=4902 bound_rms=0.000000000000e+00 bound_max=0.000000000000e+00 bound_worst_stage=0 bound_worst_index=0 bound_worst_kind=none
    16   3.21195446e+03   1.6424e-01   8.6387e-02   5.5238e-02   -2.10      -     5.0000e-01   0
FILTERDDP_ITER_TIMING iteration=16 barrier_iteration=3 backward_s=0.030578700 forward_s=0.000615000 total_s=0.031193700 outcome=accepted step_size=5.000000000e-01 backtracks=0 mu=8.000000000e-03
FILTERDDP_TIMING iteration=17 barrier_iteration=3 stage=6 derivative_s=0.000104900 first_order_s=0.000045400 second_order_s=0.000046800 algebra_s=0.000184600 kkt_assembly_s=0.000174900 factor_s=0.001925900 solve_s=0.000507000 update_s=0.000106400 K_nnz=5522 rhs_cols=52 Vxx_nnz=2601
FILTERDDP_TIMING iteration=17 barrier_iteration=3 stage=5 derivative_s=0.000107600 first_order_s=0.000054700 second_order_s=0.000040400 algebra_s=0.000228800 kkt_assembly_s=0.000174100 factor_s=0.002770900 solve_s=0.000692400 update_s=0.000168500 K_nnz=8072 rhs_cols=52 Vxx_nnz=2601
FILTERDDP_TIMING iteration=17 barrier_iteration=3 stage=4 derivative_s=0.000120900 first_order_s=0.000055800 second_order_s=0.000050700 algebra_s=0.000240300 kkt_assembly_s=0.000190600 factor_s=0.004437200 solve_s=0.000668600 update_s=0.003234100 K_nnz=8072 rhs_cols=52 Vxx_nnz=2601
FILTERDDP_TIMING iteration=17 barrier_iteration=3 stage=3 derivative_s=0.000107700 first_order_s=0.000054600 second_order_s=0.000038900 algebra_s=0.000243700 kkt_assembly_s=0.000177700 factor_s=0.004568900 solve_s=0.000706700 update_s=0.000103700 K_nnz=8072 rhs_cols=52 Vxx_nnz=2601
FILTERDDP_TIMING iteration=17 barrier_iteration=3 stage=2 derivative_s=0.000102900 first_order_s=0.000050800 second_order_s=0.000039400 algebra_s=0.000229300 kkt_assembly_s=0.000168700 factor_s=0.003114900 solve_s=0.000667200 update_s=0.000110100 K_nnz=8072 rhs_cols=52 Vxx_nnz=2601
FILTERDDP_TIMING iteration=17 barrier_iteration=3 stage=1 derivative_s=0.000101900 first_order_s=0.000053500 second_order_s=0.000036100 algebra_s=0.000253900 kkt_assembly_s=0.000237400 factor_s=0.004356800 solve_s=0.000691400 update_s=0.000106000 K_nnz=8072 rhs_cols=52 Vxx_nnz=2601
FILTERDDP_FEASIBILITY iteration=17 barrier_iteration=3 equality_count=3372 equality_rms=9.271212557634e-03 equality_max=1.573329306883e-01 equality_worst_stage=5 equality_worst_index=509 dynamics_count=255 dynamics_rms=0.000000000000e+00 dynamics_max=0.000000000000e+00 dynamics_worst_stage=0 dynamics_worst_index=0 bound_count=4902 bound_rms=0.000000000000e+00 bound_max=0.000000000000e+00 bound_worst_stage=0 bound_worst_index=0 bound_worst_kind=none
    17   3.18419418e+03   1.5733e-01   4.3194e-02   3.3608e-02   -2.10      -     5.0000e-01   0
FILTERDDP_ITER_TIMING iteration=17 barrier_iteration=3 backward_s=0.032440100 forward_s=0.000577800 total_s=0.033017900 outcome=accepted step_size=5.000000000e-01 backtracks=0 mu=8.000000000e-03
FILTERDDP_TIMING iteration=18 barrier_iteration=3 stage=6 derivative_s=0.000106200 first_order_s=0.000046200 second_order_s=0.000048400 algebra_s=0.000184600 kkt_assembly_s=0.000177700 factor_s=0.001925500 solve_s=0.000523400 update_s=0.000097800 K_nnz=5522 rhs_cols=52 Vxx_nnz=2601
FILTERDDP_TIMING iteration=18 barrier_iteration=3 stage=5 derivative_s=0.000102500 first_order_s=0.000053000 second_order_s=0.000036900 algebra_s=0.000229800 kkt_assembly_s=0.000177400 factor_s=0.002965600 solve_s=0.000796900 update_s=0.000110400 K_nnz=8072 rhs_cols=52 Vxx_nnz=2601
FILTERDDP_TIMING iteration=18 barrier_iteration=3 stage=4 derivative_s=0.000113500 first_order_s=0.000055300 second_order_s=0.000043900 algebra_s=0.000261200 kkt_assembly_s=0.000204300 factor_s=0.003702800 solve_s=0.000660400 update_s=0.000105700 K_nnz=8072 rhs_cols=52 Vxx_nnz=2601
FILTERDDP_TIMING iteration=18 barrier_iteration=3 stage=3 derivative_s=0.000103000 first_order_s=0.000052800 second_order_s=0.000037700 algebra_s=0.000251800 kkt_assembly_s=0.000170700 factor_s=0.004626500 solve_s=0.000711800 update_s=0.000098000 K_nnz=8072 rhs_cols=52 Vxx_nnz=2601
FILTERDDP_TIMING iteration=18 barrier_iteration=3 stage=2 derivative_s=0.000103800 first_order_s=0.000052000 second_order_s=0.000038800 algebra_s=0.000249800 kkt_assembly_s=0.000173400 factor_s=0.002785400 solve_s=0.000768400 update_s=0.000138600 K_nnz=8072 rhs_cols=52 Vxx_nnz=2601
FILTERDDP_TIMING iteration=18 barrier_iteration=3 stage=1 derivative_s=0.000134500 first_order_s=0.000071600 second_order_s=0.000047300 algebra_s=0.000272600 kkt_assembly_s=0.000195300 factor_s=0.003965300 solve_s=0.000669500 update_s=0.000103900 K_nnz=8072 rhs_cols=52 Vxx_nnz=2601
FILTERDDP_FEASIBILITY iteration=18 barrier_iteration=3 equality_count=3372 equality_rms=9.625362006106e-03 equality_max=1.772981041402e-01 equality_worst_stage=5 equality_worst_index=509 dynamics_count=255 dynamics_rms=0.000000000000e+00 dynamics_max=0.000000000000e+00 dynamics_worst_stage=0 dynamics_worst_index=0 bound_count=4902 bound_rms=0.000000000000e+00 bound_max=0.000000000000e+00 bound_worst_stage=0 bound_worst_index=0 bound_worst_kind=none
    18   3.17023243e+03   1.7730e-01   2.1597e-02   2.1673e-02   -2.10      -     5.0000e-01   0
FILTERDDP_ITER_TIMING iteration=18 barrier_iteration=3 backward_s=0.028328700 forward_s=0.000560700 total_s=0.028889400 outcome=accepted step_size=5.000000000e-01 backtracks=0 mu=8.000000000e-03
FILTERDDP_TIMING iteration=19 barrier_iteration=3 stage=6 derivative_s=0.000112200 first_order_s=0.000053000 second_order_s=0.000047200 algebra_s=0.000183400 kkt_assembly_s=0.000172600 factor_s=0.001879800 solve_s=0.000491100 update_s=0.000105400 K_nnz=5522 rhs_cols=52 Vxx_nnz=2601
FILTERDDP_TIMING iteration=19 barrier_iteration=3 stage=5 derivative_s=0.000101500 first_order_s=0.000051700 second_order_s=0.000037400 algebra_s=0.000227900 kkt_assembly_s=0.000169500 factor_s=0.003057400 solve_s=0.000651100 update_s=0.000112900 K_nnz=8072 rhs_cols=52 Vxx_nnz=2601
FILTERDDP_TIMING iteration=19 barrier_iteration=3 stage=4 derivative_s=0.000110400 first_order_s=0.000049900 second_order_s=0.000047900 algebra_s=0.002533000 kkt_assembly_s=0.000186100 factor_s=0.004382300 solve_s=0.000820300 update_s=0.000101800 K_nnz=8072 rhs_cols=52 Vxx_nnz=2601
FILTERDDP_TIMING iteration=19 barrier_iteration=3 stage=3 derivative_s=0.000102900 first_order_s=0.000051700 second_order_s=0.000038000 algebra_s=0.000239600 kkt_assembly_s=0.000193200 factor_s=0.004597400 solve_s=0.000692300 update_s=0.000096500 K_nnz=8072 rhs_cols=52 Vxx_nnz=2601
FILTERDDP_TIMING iteration=19 barrier_iteration=3 stage=2 derivative_s=0.000106800 first_order_s=0.000053800 second_order_s=0.000039900 algebra_s=0.000236900 kkt_assembly_s=0.000174000 factor_s=0.002896700 solve_s=0.000812300 update_s=0.000102300 K_nnz=8072 rhs_cols=52 Vxx_nnz=2601
FILTERDDP_TIMING iteration=19 barrier_iteration=3 stage=1 derivative_s=0.000116700 first_order_s=0.000053200 second_order_s=0.000050500 algebra_s=0.000285100 kkt_assembly_s=0.000198800 factor_s=0.004408800 solve_s=0.000691400 update_s=0.000108700 K_nnz=8072 rhs_cols=52 Vxx_nnz=2601
FILTERDDP_FEASIBILITY iteration=19 barrier_iteration=3 equality_count=3372 equality_rms=9.105003976293e-03 equality_max=1.708585099798e-01 equality_worst_stage=5 equality_worst_index=509 dynamics_count=255 dynamics_rms=0.000000000000e+00 dynamics_max=0.000000000000e+00 dynamics_worst_stage=0 dynamics_worst_index=0 bound_count=4902 bound_rms=0.000000000000e+00 bound_max=0.000000000000e+00 bound_worst_stage=0 bound_worst_index=0 bound_worst_kind=none
    19   3.16334068e+03   1.7086e-01   1.0798e-02   1.5119e-02   -2.10      -     5.0000e-01   0
FILTERDDP_ITER_TIMING iteration=19 barrier_iteration=3 backward_s=0.031815400 forward_s=0.000607100 total_s=0.032422500 outcome=accepted step_size=5.000000000e-01 backtracks=0 mu=8.000000000e-03
FILTERDDP_TIMING iteration=20 barrier_iteration=3 stage=6 derivative_s=0.000102500 first_order_s=0.000042900 second_order_s=0.000047800 algebra_s=0.000183000 kkt_assembly_s=0.000173300 factor_s=0.001938800 solve_s=0.000571800 update_s=0.000136600 K_nnz=5522 rhs_cols=52 Vxx_nnz=2601
FILTERDDP_TIMING iteration=20 barrier_iteration=3 stage=5 derivative_s=0.000110300 first_order_s=0.000056100 second_order_s=0.000040800 algebra_s=0.000242600 kkt_assembly_s=0.000191000 factor_s=0.002908100 solve_s=0.000631300 update_s=0.000113400 K_nnz=8072 rhs_cols=52 Vxx_nnz=2601
FILTERDDP_TIMING iteration=20 barrier_iteration=3 stage=4 derivative_s=0.000104900 first_order_s=0.000053600 second_order_s=0.000038700 algebra_s=0.000240500 kkt_assembly_s=0.000167500 factor_s=0.004533000 solve_s=0.000763200 update_s=0.000105500 K_nnz=8072 rhs_cols=52 Vxx_nnz=2601
FILTERDDP_TIMING iteration=20 barrier_iteration=3 stage=3 derivative_s=0.000106300 first_order_s=0.000052900 second_order_s=0.000039900 algebra_s=0.000249000 kkt_assembly_s=0.000173600 factor_s=0.004433600 solve_s=0.000673000 update_s=0.000103400 K_nnz=8072 rhs_cols=52 Vxx_nnz=2601
FILTERDDP_TIMING iteration=20 barrier_iteration=3 stage=2 derivative_s=0.000102700 first_order_s=0.000050700 second_order_s=0.000039700 algebra_s=0.000229500 kkt_assembly_s=0.000168000 factor_s=0.002965200 solve_s=0.002821400 update_s=0.000113800 K_nnz=8072 rhs_cols=52 Vxx_nnz=2601
FILTERDDP_TIMING iteration=20 barrier_iteration=3 stage=1 derivative_s=0.000133800 first_order_s=0.000055900 second_order_s=0.000063300 algebra_s=0.000252400 kkt_assembly_s=0.000242000 factor_s=0.004389600 solve_s=0.000738300 update_s=0.000114100 K_nnz=8072 rhs_cols=52 Vxx_nnz=2601
FILTERDDP_FEASIBILITY iteration=20 barrier_iteration=3 equality_count=3372 equality_rms=7.146503846479e-03 equality_max=1.342754373204e-01 equality_worst_stage=5 equality_worst_index=509 dynamics_count=255 dynamics_rms=0.000000000000e+00 dynamics_max=0.000000000000e+00 dynamics_worst_stage=0 dynamics_worst_index=0 bound_count=4902 bound_rms=0.000000000000e+00 bound_max=0.000000000000e+00 bound_worst_stage=0 bound_worst_index=0 bound_worst_kind=none
  iter     objective        pr_inf       du_inf       cs_inf     lg(μ)   lg(reg)    alpha     ls
    20   3.15996919e+03   1.3428e-01   5.3992e-03   1.1638e-02   -2.10      -     5.0000e-01   0
FILTERDDP_ITER_TIMING iteration=20 barrier_iteration=3 backward_s=0.031579100 forward_s=0.000664100 total_s=0.032243200 outcome=accepted step_size=5.000000000e-01 backtracks=0 mu=8.000000000e-03
FILTERDDP_TIMING iteration=21 barrier_iteration=3 stage=6 derivative_s=0.000122700 first_order_s=0.000061700 second_order_s=0.000048700 algebra_s=0.000191200 kkt_assembly_s=0.000232500 factor_s=0.002016400 solve_s=0.000497200 update_s=0.000148200 K_nnz=5522 rhs_cols=52 Vxx_nnz=2601
FILTERDDP_TIMING iteration=21 barrier_iteration=3 stage=5 derivative_s=0.000150200 first_order_s=0.000080200 second_order_s=0.000051300 algebra_s=0.000344500 kkt_assembly_s=0.000219900 factor_s=0.003098100 solve_s=0.000659500 update_s=0.000124700 K_nnz=8072 rhs_cols=52 Vxx_nnz=2601
FILTERDDP_TIMING iteration=21 barrier_iteration=3 stage=4 derivative_s=0.000172400 first_order_s=0.000113500 second_order_s=0.000044100 algebra_s=0.000265200 kkt_assembly_s=0.000204900 factor_s=0.004775100 solve_s=0.000705200 update_s=0.000104400 K_nnz=8072 rhs_cols=52 Vxx_nnz=2601
FILTERDDP_TIMING iteration=21 barrier_iteration=3 stage=3 derivative_s=0.000099400 first_order_s=0.000050700 second_order_s=0.000036400 algebra_s=0.000230300 kkt_assembly_s=0.000168700 factor_s=0.004358000 solve_s=0.000692300 update_s=0.000103100 K_nnz=8072 rhs_cols=52 Vxx_nnz=2601
FILTERDDP_TIMING iteration=21 barrier_iteration=3 stage=2 derivative_s=0.000120500 first_order_s=0.000066400 second_order_s=0.000041200 algebra_s=0.000250300 kkt_assembly_s=0.000231300 factor_s=0.002836100 solve_s=0.000628300 update_s=0.000161100 K_nnz=8072 rhs_cols=52 Vxx_nnz=2601
FILTERDDP_TIMING iteration=21 barrier_iteration=3 stage=1 derivative_s=0.000148900 first_order_s=0.000086100 second_order_s=0.000047100 algebra_s=0.000296500 kkt_assembly_s=0.000210600 factor_s=0.004411800 solve_s=0.002623700 update_s=0.000104700 K_nnz=8072 rhs_cols=52 Vxx_nnz=2601
FILTERDDP_FEASIBILITY iteration=21 barrier_iteration=3 equality_count=3372 equality_rms=4.725311508409e-03 equality_max=8.860663455863e-02 equality_worst_stage=5 equality_worst_index=509 dynamics_count=255 dynamics_rms=0.000000000000e+00 dynamics_max=0.000000000000e+00 dynamics_worst_stage=0 dynamics_worst_index=0 bound_count=4902 bound_rms=0.000000000000e+00 bound_max=0.000000000000e+00 bound_worst_stage=0 bound_worst_index=0 bound_worst_kind=none
    21   3.15831903e+03   8.8607e-02   2.6996e-03   9.8389e-03   -2.10      -     5.0000e-01   0
FILTERDDP_ITER_TIMING iteration=21 barrier_iteration=3 backward_s=0.032075500 forward_s=0.000559300 total_s=0.032634800 outcome=accepted step_size=5.000000000e-01 backtracks=0 mu=8.000000000e-03
FILTERDDP_TIMING iteration=22 barrier_iteration=3 stage=6 derivative_s=0.000100400 first_order_s=0.000042800 second_order_s=0.000045900 algebra_s=0.000179400 kkt_assembly_s=0.000181400 factor_s=0.001910400 solve_s=0.000487600 update_s=0.000099000 K_nnz=5522 rhs_cols=52 Vxx_nnz=2601
FILTERDDP_TIMING iteration=22 barrier_iteration=3 stage=5 derivative_s=0.000098300 first_order_s=0.000049100 second_order_s=0.000036900 algebra_s=0.000226600 kkt_assembly_s=0.000168300 factor_s=0.002768700 solve_s=0.000665100 update_s=0.000109500 K_nnz=8072 rhs_cols=52 Vxx_nnz=2601
FILTERDDP_TIMING iteration=22 barrier_iteration=3 stage=4 derivative_s=0.000099800 first_order_s=0.000049600 second_order_s=0.000037900 algebra_s=0.000273300 kkt_assembly_s=0.000255000 factor_s=0.004564300 solve_s=0.000702800 update_s=0.000104200 K_nnz=8072 rhs_cols=52 Vxx_nnz=2601
FILTERDDP_TIMING iteration=22 barrier_iteration=3 stage=3 derivative_s=0.000110300 first_order_s=0.000058600 second_order_s=0.000039100 algebra_s=0.000226800 kkt_assembly_s=0.000167500 factor_s=0.004436500 solve_s=0.000794700 update_s=0.000119200 K_nnz=8072 rhs_cols=52 Vxx_nnz=2601
FILTERDDP_TIMING iteration=22 barrier_iteration=3 stage=2 derivative_s=0.000105500 first_order_s=0.000051900 second_order_s=0.000040500 algebra_s=0.000241700 kkt_assembly_s=0.000187300 factor_s=0.002794100 solve_s=0.000606800 update_s=0.000112400 K_nnz=8072 rhs_cols=52 Vxx_nnz=2601
FILTERDDP_TIMING iteration=22 barrier_iteration=3 stage=1 derivative_s=0.000099400 first_order_s=0.000050900 second_order_s=0.000036500 algebra_s=0.000228400 kkt_assembly_s=0.000167700 factor_s=0.006452900 solve_s=0.000711000 update_s=0.000100900 K_nnz=8072 rhs_cols=52 Vxx_nnz=2601
FILTERDDP_FEASIBILITY iteration=22 barrier_iteration=3 equality_count=3372 equality_rms=2.767643446950e-03 equality_max=5.180381433931e-02 equality_worst_stage=5 equality_worst_index=509 dynamics_count=255 dynamics_rms=0.000000000000e+00 dynamics_max=0.000000000000e+00 dynamics_worst_stage=0 dynamics_worst_index=0 bound_count=4902 bound_rms=0.000000000000e+00 bound_max=0.000000000000e+00 bound_worst_stage=0 bound_worst_index=0 bound_worst_kind=none
FILTERDDP_ITER_TIMING iteration=22 barrier_iteration=3 backward_s=0.031033200 forward_s=0.000000000 total_s=0.031033200 outcome=barrier_update step_size=5.000000000e-01 backtracks=0 mu=8.000000000e-03
FILTERDDP_TIMING iteration=22 barrier_iteration=4 stage=6 derivative_s=0.000110100 first_order_s=0.000050700 second_order_s=0.000046000 algebra_s=0.000185800 kkt_assembly_s=0.000180500 factor_s=0.001915700 solve_s=0.000473900 update_s=0.000097100 K_nnz=5522 rhs_cols=52 Vxx_nnz=2601
FILTERDDP_TIMING iteration=22 barrier_iteration=4 stage=5 derivative_s=0.000097100 first_order_s=0.000048300 second_order_s=0.000036300 algebra_s=0.000224800 kkt_assembly_s=0.000169200 factor_s=0.002984800 solve_s=0.000711200 update_s=0.000110100 K_nnz=8072 rhs_cols=52 Vxx_nnz=2601
FILTERDDP_TIMING iteration=22 barrier_iteration=4 stage=4 derivative_s=0.000102400 first_order_s=0.000050300 second_order_s=0.000039100 algebra_s=0.000235700 kkt_assembly_s=0.000176500 factor_s=0.004564600 solve_s=0.000698900 update_s=0.000103900 K_nnz=8072 rhs_cols=52 Vxx_nnz=2601
FILTERDDP_TIMING iteration=22 barrier_iteration=4 stage=3 derivative_s=0.000100600 first_order_s=0.000049600 second_order_s=0.000038100 algebra_s=0.000225800 kkt_assembly_s=0.000167800 factor_s=0.004626600 solve_s=0.000710300 update_s=0.000099100 K_nnz=8072 rhs_cols=52 Vxx_nnz=2601
FILTERDDP_TIMING iteration=22 barrier_iteration=4 stage=2 derivative_s=0.000102100 first_order_s=0.000052200 second_order_s=0.000037000 algebra_s=0.000235100 kkt_assembly_s=0.001700500 factor_s=0.002876700 solve_s=0.000617300 update_s=0.000109400 K_nnz=8072 rhs_cols=52 Vxx_nnz=2601
FILTERDDP_TIMING iteration=22 barrier_iteration=4 stage=1 derivative_s=0.000098100 first_order_s=0.000049500 second_order_s=0.000036100 algebra_s=0.000225400 kkt_assembly_s=0.000181000 factor_s=0.004511000 solve_s=0.000702800 update_s=0.000102700 K_nnz=8072 rhs_cols=52 Vxx_nnz=2601
FILTERDDP_FEASIBILITY iteration=22 barrier_iteration=4 equality_count=3372 equality_rms=2.767643446950e-03 equality_max=5.180381433931e-02 equality_worst_stage=5 equality_worst_index=509 dynamics_count=255 dynamics_rms=0.000000000000e+00 dynamics_max=0.000000000000e+00 dynamics_worst_stage=0 dynamics_worst_index=0 bound_count=4902 bound_rms=0.000000000000e+00 bound_max=0.000000000000e+00 bound_worst_stage=0 bound_worst_index=0 bound_worst_kind=none
    22   3.15750719e+03   5.1804e-02   1.1806e-03   8.9245e-03   -2.80      -     5.0000e-01   0
FILTERDDP_ITER_TIMING iteration=22 barrier_iteration=4 backward_s=0.030920500 forward_s=0.000599300 total_s=0.031519800 outcome=accepted step_size=5.000000000e-01 backtracks=0 mu=1.600000000e-03
FILTERDDP_TIMING iteration=23 barrier_iteration=4 stage=6 derivative_s=0.000109600 first_order_s=0.000045300 second_order_s=0.000051700 algebra_s=0.000179300 kkt_assembly_s=0.000180200 factor_s=0.001850300 solve_s=0.000494700 update_s=0.000095000 K_nnz=5522 rhs_cols=52 Vxx_nnz=2601
FILTERDDP_TIMING iteration=23 barrier_iteration=4 stage=5 derivative_s=0.000100500 first_order_s=0.000049400 second_order_s=0.000038100 algebra_s=0.000224700 kkt_assembly_s=0.000169400 factor_s=0.003164700 solve_s=0.000685600 update_s=0.000112900 K_nnz=8072 rhs_cols=52 Vxx_nnz=2601
FILTERDDP_TIMING iteration=23 barrier_iteration=4 stage=4 derivative_s=0.001520100 first_order_s=0.001461700 second_order_s=0.000034500 algebra_s=0.000232100 kkt_assembly_s=0.000169800 factor_s=0.004468800 solve_s=0.000711500 update_s=0.000123000 K_nnz=8072 rhs_cols=52 Vxx_nnz=2601
FILTERDDP_TIMING iteration=23 barrier_iteration=4 stage=3 derivative_s=0.000098600 first_order_s=0.000050000 second_order_s=0.000035500 algebra_s=0.000281800 kkt_assembly_s=0.000200200 factor_s=0.004413900 solve_s=0.000883500 update_s=0.000111500 K_nnz=8072 rhs_cols=52 Vxx_nnz=2601
FILTERDDP_TIMING iteration=23 barrier_iteration=4 stage=2 derivative_s=0.000113600 first_order_s=0.000057600 second_order_s=0.000041900 algebra_s=0.000258300 kkt_assembly_s=0.000190600 factor_s=0.002868200 solve_s=0.000682000 update_s=0.000128200 K_nnz=8072 rhs_cols=52 Vxx_nnz=2601
FILTERDDP_TIMING iteration=23 barrier_iteration=4 stage=1 derivative_s=0.000125600 first_order_s=0.000059800 second_order_s=0.000052000 algebra_s=0.000243600 kkt_assembly_s=0.000178700 factor_s=0.005669000 solve_s=0.000685800 update_s=0.000101900 K_nnz=8072 rhs_cols=52 Vxx_nnz=2601
FILTERDDP_FEASIBILITY iteration=23 barrier_iteration=4 equality_count=3372 equality_rms=1.967639611729e-02 equality_max=3.285857914508e-01 equality_worst_stage=5 equality_worst_index=509 dynamics_count=255 dynamics_rms=0.000000000000e+00 dynamics_max=0.000000000000e+00 dynamics_worst_stage=0 dynamics_worst_index=0 bound_count=4902 bound_rms=0.000000000000e+00 bound_max=0.000000000000e+00 bound_worst_stage=0 bound_worst_index=0 bound_worst_kind=none
    23   3.15146302e+03   3.2859e-01   2.8206e-03   5.5373e-03   -2.80      -     5.0000e-01   0
FILTERDDP_ITER_TIMING iteration=23 barrier_iteration=4 backward_s=0.032178600 forward_s=0.000583900 total_s=0.032762500 outcome=accepted step_size=5.000000000e-01 backtracks=0 mu=1.600000000e-03
FILTERDDP_TIMING iteration=24 barrier_iteration=4 stage=6 derivative_s=0.000098700 first_order_s=0.000042400 second_order_s=0.000044400 algebra_s=0.000174500 kkt_assembly_s=0.000175900 factor_s=0.002064300 solve_s=0.000551700 update_s=0.000134000 K_nnz=5522 rhs_cols=52 Vxx_nnz=2601
FILTERDDP_TIMING iteration=24 barrier_iteration=4 stage=5 derivative_s=0.000102300 first_order_s=0.000051600 second_order_s=0.000037800 algebra_s=0.000235500 kkt_assembly_s=0.000187100 factor_s=0.002916700 solve_s=0.000634800 update_s=0.000108800 K_nnz=8072 rhs_cols=52 Vxx_nnz=2601
FILTERDDP_TIMING iteration=24 barrier_iteration=4 stage=4 derivative_s=0.000098800 first_order_s=0.000048400 second_order_s=0.000038100 algebra_s=0.000238200 kkt_assembly_s=0.000167800 factor_s=0.004527200 solve_s=0.000702800 update_s=0.000107500 K_nnz=8072 rhs_cols=52 Vxx_nnz=2601
FILTERDDP_TIMING iteration=24 barrier_iteration=4 stage=3 derivative_s=0.000117000 first_order_s=0.000064500 second_order_s=0.000039600 algebra_s=0.000242000 kkt_assembly_s=0.000178900 factor_s=0.005959300 solve_s=0.000783400 update_s=0.000109600 K_nnz=8072 rhs_cols=52 Vxx_nnz=2601
FILTERDDP_TIMING iteration=24 barrier_iteration=4 stage=2 derivative_s=0.000114300 first_order_s=0.000051700 second_order_s=0.000038300 algebra_s=0.000241200 kkt_assembly_s=0.000194100 factor_s=0.003000300 solve_s=0.000639000 update_s=0.000110500 K_nnz=8072 rhs_cols=52 Vxx_nnz=2601
FILTERDDP_TIMING iteration=24 barrier_iteration=4 stage=1 derivative_s=0.000095900 first_order_s=0.000047800 second_order_s=0.000035600 algebra_s=0.000222800 kkt_assembly_s=0.000167300 factor_s=0.004378500 solve_s=0.000671900 update_s=0.000101400 K_nnz=8072 rhs_cols=52 Vxx_nnz=2601
FILTERDDP_FEASIBILITY iteration=24 barrier_iteration=4 equality_count=3372 equality_rms=1.774876669504e-02 equality_max=3.004829525689e-01 equality_worst_stage=5 equality_worst_index=509 dynamics_count=255 dynamics_rms=0.000000000000e+00 dynamics_max=0.000000000000e+00 dynamics_worst_stage=0 dynamics_worst_index=0 bound_count=4902 bound_rms=0.000000000000e+00 bound_max=0.000000000000e+00 bound_worst_stage=0 bound_worst_index=0 bound_worst_kind=none
    24   3.14847501e+03   3.0048e-01   2.8020e-03   3.7430e-03   -2.80      -     5.0000e-01   0
FILTERDDP_ITER_TIMING iteration=24 barrier_iteration=4 backward_s=0.030895000 forward_s=0.000596700 total_s=0.031491700 outcome=accepted step_size=5.000000000e-01 backtracks=0 mu=1.600000000e-03
FILTERDDP_TIMING iteration=25 barrier_iteration=4 stage=6 derivative_s=0.000099500 first_order_s=0.000042700 second_order_s=0.000044800 algebra_s=0.000177200 kkt_assembly_s=0.000200700 factor_s=0.002058400 solve_s=0.002050200 update_s=0.000119800 K_nnz=5522 rhs_cols=52 Vxx_nnz=2601
FILTERDDP_TIMING iteration=25 barrier_iteration=4 stage=5 derivative_s=0.000105900 first_order_s=0.000053800 second_order_s=0.000039100 algebra_s=0.000238300 kkt_assembly_s=0.000182300 factor_s=0.002887400 solve_s=0.000663100 update_s=0.000110200 K_nnz=8072 rhs_cols=52 Vxx_nnz=2601
FILTERDDP_TIMING iteration=25 barrier_iteration=4 stage=4 derivative_s=0.000095900 first_order_s=0.000048400 second_order_s=0.000034800 algebra_s=0.000224700 kkt_assembly_s=0.000174800 factor_s=0.004720100 solve_s=0.000692800 update_s=0.000103000 K_nnz=8072 rhs_cols=52 Vxx_nnz=2601
FILTERDDP_TIMING iteration=25 barrier_iteration=4 stage=3 derivative_s=0.000103400 first_order_s=0.000053400 second_order_s=0.000037700 algebra_s=0.000226500 kkt_assembly_s=0.000167600 factor_s=0.004635700 solve_s=0.000772400 update_s=0.000108800 K_nnz=8072 rhs_cols=52 Vxx_nnz=2601
FILTERDDP_TIMING iteration=25 barrier_iteration=4 stage=2 derivative_s=0.000107300 first_order_s=0.000054300 second_order_s=0.000039900 algebra_s=0.000242200 kkt_assembly_s=0.000179100 factor_s=0.004381300 solve_s=0.000633500 update_s=0.000108700 K_nnz=8072 rhs_cols=52 Vxx_nnz=2601
FILTERDDP_TIMING iteration=25 barrier_iteration=4 stage=1 derivative_s=0.000095400 first_order_s=0.000048000 second_order_s=0.000035100 algebra_s=0.000220800 kkt_assembly_s=0.000165900 factor_s=0.004845100 solve_s=0.000722500 update_s=0.000103300 K_nnz=8072 rhs_cols=52 Vxx_nnz=2601
FILTERDDP_FEASIBILITY iteration=25 barrier_iteration=4 equality_count=3372 equality_rms=1.156022781966e-02 equality_max=1.968220209599e-01 equality_worst_stage=5 equality_worst_index=509 dynamics_count=255 dynamics_rms=0.000000000000e+00 dynamics_max=0.000000000000e+00 dynamics_worst_stage=0 dynamics_worst_index=0 bound_count=4902 bound_rms=0.000000000000e+00 bound_max=0.000000000000e+00 bound_worst_stage=0 bound_worst_index=0 bound_worst_kind=none
    25   3.14701176e+03   1.9682e-01   2.0094e-03   2.7478e-03   -2.80      -     5.0000e-01   0
FILTERDDP_ITER_TIMING iteration=25 barrier_iteration=4 backward_s=0.033062400 forward_s=0.000568400 total_s=0.033630800 outcome=accepted step_size=5.000000000e-01 backtracks=0 mu=1.600000000e-03
FILTERDDP_TIMING iteration=26 barrier_iteration=4 stage=6 derivative_s=0.000098900 first_order_s=0.000043000 second_order_s=0.000044000 algebra_s=0.000178100 kkt_assembly_s=0.000185600 factor_s=0.002206600 solve_s=0.000498900 update_s=0.000098900 K_nnz=5522 rhs_cols=52 Vxx_nnz=2601
FILTERDDP_TIMING iteration=26 barrier_iteration=4 stage=5 derivative_s=0.000100100 first_order_s=0.000051100 second_order_s=0.000036200 algebra_s=0.000228300 kkt_assembly_s=0.000168500 factor_s=0.002754800 solve_s=0.000726500 update_s=0.000114900 K_nnz=8072 rhs_cols=52 Vxx_nnz=2601
FILTERDDP_TIMING iteration=26 barrier_iteration=4 stage=4 derivative_s=0.000105600 first_order_s=0.000053400 second_order_s=0.000039100 algebra_s=0.000244000 kkt_assembly_s=0.000177200 factor_s=0.005719000 solve_s=0.000672100 update_s=0.000105000 K_nnz=8072 rhs_cols=52 Vxx_nnz=2601
FILTERDDP_TIMING iteration=26 barrier_iteration=4 stage=3 derivative_s=0.000097500 first_order_s=0.000049900 second_order_s=0.000034800 algebra_s=0.000234700 kkt_assembly_s=0.000165700 factor_s=0.004647300 solve_s=0.000724600 update_s=0.000101400 K_nnz=8072 rhs_cols=52 Vxx_nnz=2601
FILTERDDP_TIMING iteration=26 barrier_iteration=4 stage=2 derivative_s=0.000101100 first_order_s=0.000051100 second_order_s=0.000037000 algebra_s=0.000243200 kkt_assembly_s=0.000171900 factor_s=0.002847900 solve_s=0.000600200 update_s=0.000110800 K_nnz=8072 rhs_cols=52 Vxx_nnz=2601
FILTERDDP_TIMING iteration=26 barrier_iteration=4 stage=1 derivative_s=0.000098000 first_order_s=0.000048900 second_order_s=0.000036700 algebra_s=0.000234300 kkt_assembly_s=0.000167100 factor_s=0.004639600 solve_s=0.000662300 update_s=0.000102900 K_nnz=8072 rhs_cols=52 Vxx_nnz=2601
FILTERDDP_FEASIBILITY iteration=26 barrier_iteration=4 equality_count=3372 equality_rms=6.615238803724e-03 equality_max=1.129703088693e-01 equality_worst_stage=5 equality_worst_index=509 dynamics_count=255 dynamics_rms=0.000000000000e+00 dynamics_max=0.000000000000e+00 dynamics_worst_stage=0 dynamics_worst_index=0 bound_count=4902 bound_rms=0.000000000000e+00 bound_max=0.000000000000e+00 bound_worst_stage=0 bound_worst_index=0 bound_worst_kind=none
    26   3.14629721e+03   1.1297e-01   1.0214e-03   1.8586e-03   -2.80      -     5.0000e-01   0
FILTERDDP_ITER_TIMING iteration=26 barrier_iteration=4 backward_s=0.030701200 forward_s=0.002085300 total_s=0.032786500 outcome=accepted step_size=5.000000000e-01 backtracks=0 mu=1.600000000e-03
FILTERDDP_TIMING iteration=27 barrier_iteration=4 stage=6 derivative_s=0.000121200 first_order_s=0.000058200 second_order_s=0.000048500 algebra_s=0.000202100 kkt_assembly_s=0.000189900 factor_s=0.001959600 solve_s=0.000524700 update_s=0.000096300 K_nnz=5522 rhs_cols=52 Vxx_nnz=2601
FILTERDDP_TIMING iteration=27 barrier_iteration=4 stage=5 derivative_s=0.000102000 first_order_s=0.000052100 second_order_s=0.000037300 algebra_s=0.000245300 kkt_assembly_s=0.000169800 factor_s=0.002950600 solve_s=0.000638700 update_s=0.000107900 K_nnz=8072 rhs_cols=52 Vxx_nnz=2601
FILTERDDP_TIMING iteration=27 barrier_iteration=4 stage=4 derivative_s=0.000098000 first_order_s=0.000050000 second_order_s=0.000035400 algebra_s=0.000222900 kkt_assembly_s=0.000167800 factor_s=0.004454300 solve_s=0.000685300 update_s=0.000103600 K_nnz=8072 rhs_cols=52 Vxx_nnz=2601
FILTERDDP_TIMING iteration=27 barrier_iteration=4 stage=3 derivative_s=0.000102700 first_order_s=0.000050800 second_order_s=0.000039000 algebra_s=0.000230700 kkt_assembly_s=0.000169400 factor_s=0.006020800 solve_s=0.000701800 update_s=0.000098000 K_nnz=8072 rhs_cols=52 Vxx_nnz=2601
FILTERDDP_TIMING iteration=27 barrier_iteration=4 stage=2 derivative_s=0.000100900 first_order_s=0.000050000 second_order_s=0.000037900 algebra_s=0.000233000 kkt_assembly_s=0.000183700 factor_s=0.002851800 solve_s=0.000755300 update_s=0.000099100 K_nnz=8072 rhs_cols=52 Vxx_nnz=2601
FILTERDDP_TIMING iteration=27 barrier_iteration=4 stage=1 derivative_s=0.000098800 first_order_s=0.000049500 second_order_s=0.000036700 algebra_s=0.000231800 kkt_assembly_s=0.000173500 factor_s=0.004416900 solve_s=0.000766100 update_s=0.000140100 K_nnz=8072 rhs_cols=52 Vxx_nnz=2601
FILTERDDP_FEASIBILITY iteration=27 barrier_iteration=4 equality_count=3372 equality_rms=3.549223040454e-03 equality_max=6.071550320944e-02 equality_worst_stage=5 equality_worst_index=509 dynamics_count=255 dynamics_rms=0.000000000000e+00 dynamics_max=0.000000000000e+00 dynamics_worst_stage=0 dynamics_worst_index=0 bound_count=4902 bound_rms=0.000000000000e+00 bound_max=0.000000000000e+00 bound_worst_stage=0 bound_worst_index=0 bound_worst_kind=none
    27   3.14594702e+03   6.0716e-02   3.9668e-04   9.3313e-04   -2.80      -     5.0000e-01   0
FILTERDDP_ITER_TIMING iteration=27 barrier_iteration=4 backward_s=0.030765300 forward_s=0.000609600 total_s=0.031374900 outcome=accepted step_size=5.000000000e-01 backtracks=0 mu=1.600000000e-03
FILTERDDP_TIMING iteration=28 barrier_iteration=4 stage=6 derivative_s=0.000111100 first_order_s=0.000048500 second_order_s=0.000049600 algebra_s=0.000227800 kkt_assembly_s=0.000175800 factor_s=0.001909600 solve_s=0.000584300 update_s=0.000093800 K_nnz=5522 rhs_cols=52 Vxx_nnz=2601
FILTERDDP_TIMING iteration=28 barrier_iteration=4 stage=5 derivative_s=0.000109500 first_order_s=0.000055500 second_order_s=0.000040500 algebra_s=0.000254800 kkt_assembly_s=0.000179900 factor_s=0.004229200 solve_s=0.000605900 update_s=0.000104400 K_nnz=8072 rhs_cols=52 Vxx_nnz=2601
FILTERDDP_TIMING iteration=28 barrier_iteration=4 stage=4 derivative_s=0.000107100 first_order_s=0.000058900 second_order_s=0.000035500 algebra_s=0.000220300 kkt_assembly_s=0.000167000 factor_s=0.004703800 solve_s=0.000719300 update_s=0.000115400 K_nnz=8072 rhs_cols=52 Vxx_nnz=2601
FILTERDDP_TIMING iteration=28 barrier_iteration=4 stage=3 derivative_s=0.000132900 first_order_s=0.000056700 second_order_s=0.000043700 algebra_s=0.000294800 kkt_assembly_s=0.000191900 factor_s=0.004542300 solve_s=0.000699400 update_s=0.000107100 K_nnz=8072 rhs_cols=52 Vxx_nnz=2601
FILTERDDP_TIMING iteration=28 barrier_iteration=4 stage=2 derivative_s=0.000103600 first_order_s=0.000052900 second_order_s=0.000037800 algebra_s=0.000230800 kkt_assembly_s=0.000174000 factor_s=0.002997700 solve_s=0.000620100 update_s=0.000108900 K_nnz=8072 rhs_cols=52 Vxx_nnz=2601
FILTERDDP_TIMING iteration=28 barrier_iteration=4 stage=1 derivative_s=0.000095700 first_order_s=0.000046800 second_order_s=0.000036300 algebra_s=0.000226100 kkt_assembly_s=0.000167600 factor_s=0.005759200 solve_s=0.000743000 update_s=0.000106400 K_nnz=8072 rhs_cols=52 Vxx_nnz=2601
FILTERDDP_FEASIBILITY iteration=28 barrier_iteration=4 equality_count=3372 equality_rms=1.840719449873e-03 equality_max=3.151922740365e-02 equality_worst_stage=5 equality_worst_index=509 dynamics_count=255 dynamics_rms=0.000000000000e+00 dynamics_max=0.000000000000e+00 dynamics_worst_stage=0 dynamics_worst_index=0 bound_count=4902 bound_rms=0.000000000000e+00 bound_max=0.000000000000e+00 bound_worst_stage=0 bound_worst_index=0 bound_worst_kind=none
    28   3.14577431e+03   3.1519e-02   1.2812e-04   4.6500e-04   -2.80      -     5.0000e-01   0
FILTERDDP_ITER_TIMING iteration=28 barrier_iteration=4 backward_s=0.032261700 forward_s=0.000616300 total_s=0.032878000 outcome=accepted step_size=5.000000000e-01 backtracks=0 mu=1.600000000e-03
FILTERDDP_TIMING iteration=29 barrier_iteration=4 stage=6 derivative_s=0.000120300 first_order_s=0.000059700 second_order_s=0.000047100 algebra_s=0.000203300 kkt_assembly_s=0.000183800 factor_s=0.002029300 solve_s=0.000491300 update_s=0.000098100 K_nnz=5522 rhs_cols=52 Vxx_nnz=2601
FILTERDDP_TIMING iteration=29 barrier_iteration=4 stage=5 derivative_s=0.000100300 first_order_s=0.000050800 second_order_s=0.000037300 algebra_s=0.000223900 kkt_assembly_s=0.000170000 factor_s=0.002866000 solve_s=0.000624600 update_s=0.000111300 K_nnz=8072 rhs_cols=52 Vxx_nnz=2601
FILTERDDP_TIMING iteration=29 barrier_iteration=4 stage=4 derivative_s=0.000098500 first_order_s=0.000049300 second_order_s=0.000036700 algebra_s=0.000229800 kkt_assembly_s=0.000174200 factor_s=0.004663400 solve_s=0.000704000 update_s=0.000099000 K_nnz=8072 rhs_cols=52 Vxx_nnz=2601
FILTERDDP_TIMING iteration=29 barrier_iteration=4 stage=3 derivative_s=0.000104200 first_order_s=0.000052000 second_order_s=0.000039400 algebra_s=0.000246300 kkt_assembly_s=0.000176100 factor_s=0.005844800 solve_s=0.000814800 update_s=0.000107500 K_nnz=8072 rhs_cols=52 Vxx_nnz=2601
FILTERDDP_TIMING iteration=29 barrier_iteration=4 stage=2 derivative_s=0.000100700 first_order_s=0.000050600 second_order_s=0.000037000 algebra_s=0.000238800 kkt_assembly_s=0.000202600 factor_s=0.002820700 solve_s=0.000630100 update_s=0.000110000 K_nnz=8072 rhs_cols=52 Vxx_nnz=2601
FILTERDDP_TIMING iteration=29 barrier_iteration=4 stage=1 derivative_s=0.000096300 first_order_s=0.000048400 second_order_s=0.000035200 algebra_s=0.000220500 kkt_assembly_s=0.000166500 factor_s=0.004386800 solve_s=0.000811500 update_s=0.000099700 K_nnz=8072 rhs_cols=52 Vxx_nnz=2601
FILTERDDP_FEASIBILITY iteration=29 barrier_iteration=4 equality_count=3372 equality_rms=9.377652056450e-04 equality_max=1.606613339256e-02 equality_worst_stage=5 equality_worst_index=509 dynamics_count=255 dynamics_rms=0.000000000000e+00 dynamics_max=0.000000000000e+00 dynamics_worst_stage=0 dynamics_worst_index=0 bound_count=4902 bound_rms=0.000000000000e+00 bound_max=0.000000000000e+00 bound_worst_stage=0 bound_worst_index=0 bound_worst_kind=none
    29   3.14568866e+03   1.6066e-02   3.6866e-05   2.3162e-04   -2.80      -     5.0000e-01   0
FILTERDDP_ITER_TIMING iteration=29 barrier_iteration=4 backward_s=0.030709900 forward_s=0.000634800 total_s=0.031344700 outcome=accepted step_size=5.000000000e-01 backtracks=0 mu=1.600000000e-03
FILTERDDP_TIMING iteration=30 barrier_iteration=4 stage=6 derivative_s=0.000113800 first_order_s=0.000055500 second_order_s=0.000046400 algebra_s=0.000177900 kkt_assembly_s=0.000166500 factor_s=0.001892900 solve_s=0.000492500 update_s=0.000095700 K_nnz=5522 rhs_cols=52 Vxx_nnz=2601
FILTERDDP_TIMING iteration=30 barrier_iteration=4 stage=5 derivative_s=0.000102400 first_order_s=0.000051400 second_order_s=0.000038500 algebra_s=0.001563800 kkt_assembly_s=0.000179400 factor_s=0.002823000 solve_s=0.000662300 update_s=0.000105700 K_nnz=8072 rhs_cols=52 Vxx_nnz=2601
FILTERDDP_TIMING iteration=30 barrier_iteration=4 stage=4 derivative_s=0.000151700 first_order_s=0.000088200 second_order_s=0.000044000 algebra_s=0.000246600 kkt_assembly_s=0.000175600 factor_s=0.004754500 solve_s=0.000802700 update_s=0.000106200 K_nnz=8072 rhs_cols=52 Vxx_nnz=2601
FILTERDDP_TIMING iteration=30 barrier_iteration=4 stage=3 derivative_s=0.000110500 first_order_s=0.000055800 second_order_s=0.000040600 algebra_s=0.000256800 kkt_assembly_s=0.000190500 factor_s=0.004595700 solve_s=0.000681700 update_s=0.000103300 K_nnz=8072 rhs_cols=52 Vxx_nnz=2601
FILTERDDP_TIMING iteration=30 barrier_iteration=4 stage=2 derivative_s=0.000100500 first_order_s=0.000051000 second_order_s=0.000037000 algebra_s=0.000226000 kkt_assembly_s=0.000167100 factor_s=0.002754100 solve_s=0.000600500 update_s=0.000114600 K_nnz=8072 rhs_cols=52 Vxx_nnz=2601
FILTERDDP_TIMING iteration=30 barrier_iteration=4 stage=1 derivative_s=0.000097800 first_order_s=0.000049100 second_order_s=0.000036500 algebra_s=0.001529600 kkt_assembly_s=0.000176400 factor_s=0.004937300 solve_s=0.000744100 update_s=0.000106400 K_nnz=8072 rhs_cols=52 Vxx_nnz=2601
FILTERDDP_FEASIBILITY iteration=30 barrier_iteration=4 equality_count=3372 equality_rms=4.733578452009e-04 equality_max=8.111989395580e-03 equality_worst_stage=5 equality_worst_index=509 dynamics_count=255 dynamics_rms=0.000000000000e+00 dynamics_max=0.000000000000e+00 dynamics_worst_stage=0 dynamics_worst_index=0 bound_count=4902 bound_rms=0.000000000000e+00 bound_max=0.000000000000e+00 bound_worst_stage=0 bound_worst_index=0 bound_worst_kind=none
FILTERDDP_ITER_TIMING iteration=30 barrier_iteration=4 backward_s=0.032488900 forward_s=0.000000000 total_s=0.032488900 outcome=barrier_update step_size=5.000000000e-01 backtracks=0 mu=1.600000000e-03
FILTERDDP_TIMING iteration=30 barrier_iteration=5 stage=6 derivative_s=0.000114100 first_order_s=0.000049500 second_order_s=0.000051000 algebra_s=0.000204100 kkt_assembly_s=0.000177000 factor_s=0.001966700 solve_s=0.000471800 update_s=0.000099700 K_nnz=5522 rhs_cols=52 Vxx_nnz=2601
FILTERDDP_TIMING iteration=30 barrier_iteration=5 stage=5 derivative_s=0.000099700 first_order_s=0.000049800 second_order_s=0.000037400 algebra_s=0.000221300 kkt_assembly_s=0.000167800 factor_s=0.002872000 solve_s=0.000654100 update_s=0.000107600 K_nnz=8072 rhs_cols=52 Vxx_nnz=2601
FILTERDDP_TIMING iteration=30 barrier_iteration=5 stage=4 derivative_s=0.000111300 first_order_s=0.000061500 second_order_s=0.000037200 algebra_s=0.000232900 kkt_assembly_s=0.000168300 factor_s=0.004393300 solve_s=0.000725800 update_s=0.000105000 K_nnz=8072 rhs_cols=52 Vxx_nnz=2601
FILTERDDP_TIMING iteration=30 barrier_iteration=5 stage=3 derivative_s=0.000100700 first_order_s=0.000050000 second_order_s=0.000038100 algebra_s=0.001777100 kkt_assembly_s=0.000164900 factor_s=0.004703100 solve_s=0.000739800 update_s=0.000107000 K_nnz=8072 rhs_cols=52 Vxx_nnz=2601
FILTERDDP_TIMING iteration=30 barrier_iteration=5 stage=2 derivative_s=0.000102100 first_order_s=0.000053100 second_order_s=0.000036200 algebra_s=0.000224400 kkt_assembly_s=0.000168900 factor_s=0.002771100 solve_s=0.000638100 update_s=0.000111100 K_nnz=8072 rhs_cols=52 Vxx_nnz=2601
FILTERDDP_TIMING iteration=30 barrier_iteration=5 stage=1 derivative_s=0.000102100 first_order_s=0.000052800 second_order_s=0.000036700 algebra_s=0.000240100 kkt_assembly_s=0.000168200 factor_s=0.004645300 solve_s=0.000715300 update_s=0.000098100 K_nnz=8072 rhs_cols=52 Vxx_nnz=2601
FILTERDDP_FEASIBILITY iteration=30 barrier_iteration=5 equality_count=3372 equality_rms=4.733578452009e-04 equality_max=8.111989395580e-03 equality_worst_stage=5 equality_worst_index=509 dynamics_count=255 dynamics_rms=0.000000000000e+00 dynamics_max=0.000000000000e+00 dynamics_worst_stage=0 dynamics_worst_index=0 bound_count=4902 bound_rms=0.000000000000e+00 bound_max=0.000000000000e+00 bound_worst_stage=0 bound_worst_index=0 bound_worst_kind=none
  iter     objective        pr_inf       du_inf       cs_inf     lg(μ)   lg(reg)    alpha     ls
    30   3.14564603e+03   8.1120e-03   9.9264e-06   1.1551e-04   -3.49      -     5.0000e-01   0
FILTERDDP_ITER_TIMING iteration=30 barrier_iteration=5 backward_s=0.030810100 forward_s=0.000592000 total_s=0.031402100 outcome=accepted step_size=5.000000000e-01 backtracks=0 mu=3.200000000e-04
FILTERDDP_TIMING iteration=31 barrier_iteration=5 stage=6 derivative_s=0.000100900 first_order_s=0.000042600 second_order_s=0.000046300 algebra_s=0.000194400 kkt_assembly_s=0.000168600 factor_s=0.001906300 solve_s=0.000517800 update_s=0.000100200 K_nnz=5522 rhs_cols=52 Vxx_nnz=2601
FILTERDDP_TIMING iteration=31 barrier_iteration=5 stage=5 derivative_s=0.001730800 first_order_s=0.000050200 second_order_s=0.001654500 algebra_s=0.000246000 kkt_assembly_s=0.000182000 factor_s=0.003041100 solve_s=0.000666900 update_s=0.000111600 K_nnz=8072 rhs_cols=52 Vxx_nnz=2601
FILTERDDP_TIMING iteration=31 barrier_iteration=5 stage=4 derivative_s=0.000097900 first_order_s=0.000049600 second_order_s=0.000035600 algebra_s=0.000222500 kkt_assembly_s=0.000168800 factor_s=0.004765500 solve_s=0.000807400 update_s=0.000107900 K_nnz=8072 rhs_cols=52 Vxx_nnz=2601
FILTERDDP_TIMING iteration=31 barrier_iteration=5 stage=3 derivative_s=0.000105900 first_order_s=0.000054300 second_order_s=0.000038200 algebra_s=0.000256200 kkt_assembly_s=0.000187700 factor_s=0.004259700 solve_s=0.000741500 update_s=0.000099500 K_nnz=8072 rhs_cols=52 Vxx_nnz=2601
FILTERDDP_TIMING iteration=31 barrier_iteration=5 stage=2 derivative_s=0.000105300 first_order_s=0.000052600 second_order_s=0.000039500 algebra_s=0.000239200 kkt_assembly_s=0.000175000 factor_s=0.002804800 solve_s=0.000640000 update_s=0.000104500 K_nnz=8072 rhs_cols=52 Vxx_nnz=2601
FILTERDDP_TIMING iteration=31 barrier_iteration=5 stage=1 derivative_s=0.000118000 first_order_s=0.000054200 second_order_s=0.000050900 algebra_s=0.001702100 kkt_assembly_s=0.000167500 factor_s=0.004585600 solve_s=0.000684900 update_s=0.000103600 K_nnz=8072 rhs_cols=52 Vxx_nnz=2601
FILTERDDP_FEASIBILITY iteration=31 barrier_iteration=5 equality_count=3372 equality_rms=2.167387191253e-03 equality_max=3.806750856888e-02 equality_worst_stage=5 equality_worst_index=509 dynamics_count=255 dynamics_rms=0.000000000000e+00 dynamics_max=0.000000000000e+00 dynamics_worst_stage=0 dynamics_worst_index=0 bound_count=4902 bound_rms=0.000000000000e+00 bound_max=0.000000000000e+00 bound_worst_stage=0 bound_worst_index=0 bound_worst_kind=none
    31   3.14456125e+03   3.8068e-02   7.7771e-05   6.1709e-05   -3.49      -     5.0000e-01   0
FILTERDDP_ITER_TIMING iteration=31 barrier_iteration=5 backward_s=0.032584800 forward_s=0.000602500 total_s=0.033187300 outcome=accepted step_size=5.000000000e-01 backtracks=0 mu=3.200000000e-04
FILTERDDP_TIMING iteration=32 barrier_iteration=5 stage=6 derivative_s=0.000099700 first_order_s=0.000044000 second_order_s=0.000043700 algebra_s=0.000214100 kkt_assembly_s=0.000177500 factor_s=0.002024800 solve_s=0.000509800 update_s=0.000103200 K_nnz=5522 rhs_cols=52 Vxx_nnz=2601
FILTERDDP_TIMING iteration=32 barrier_iteration=5 stage=5 derivative_s=0.000101200 first_order_s=0.000051100 second_order_s=0.000037400 algebra_s=0.000229600 kkt_assembly_s=0.000173200 factor_s=0.002839100 solve_s=0.000657700 update_s=0.000113000 K_nnz=8072 rhs_cols=52 Vxx_nnz=2601
FILTERDDP_TIMING iteration=32 barrier_iteration=5 stage=4 derivative_s=0.000112100 first_order_s=0.000051200 second_order_s=0.000048600 algebra_s=0.000229400 kkt_assembly_s=0.000178100 factor_s=0.004904100 solve_s=0.002091200 update_s=0.000107200 K_nnz=8072 rhs_cols=52 Vxx_nnz=2601
FILTERDDP_TIMING iteration=32 barrier_iteration=5 stage=3 derivative_s=0.000100100 first_order_s=0.000051400 second_order_s=0.000036200 algebra_s=0.000227200 kkt_assembly_s=0.000170400 factor_s=0.004361000 solve_s=0.000777300 update_s=0.000107800 K_nnz=8072 rhs_cols=52 Vxx_nnz=2601
FILTERDDP_TIMING iteration=32 barrier_iteration=5 stage=2 derivative_s=0.000105200 first_order_s=0.000052600 second_order_s=0.000039800 algebra_s=0.000240700 kkt_assembly_s=0.000178400 factor_s=0.003003900 solve_s=0.000602000 update_s=0.000108300 K_nnz=8072 rhs_cols=52 Vxx_nnz=2601
FILTERDDP_TIMING iteration=32 barrier_iteration=5 stage=1 derivative_s=0.000097300 first_order_s=0.000048800 second_order_s=0.000036200 algebra_s=0.000223800 kkt_assembly_s=0.000167300 factor_s=0.004764300 solve_s=0.000709500 update_s=0.000123600 K_nnz=8072 rhs_cols=52 Vxx_nnz=2601
FILTERDDP_FEASIBILITY iteration=32 barrier_iteration=5 equality_count=3372 equality_rms=1.714421553585e-03 equality_max=3.031193999528e-02 equality_worst_stage=5 equality_worst_index=509 dynamics_count=255 dynamics_rms=0.000000000000e+00 dynamics_max=0.000000000000e+00 dynamics_worst_stage=0 dynamics_worst_index=0 bound_count=4902 bound_rms=0.000000000000e+00 bound_max=0.000000000000e+00 bound_worst_stage=0 bound_worst_index=0 bound_worst_kind=none
    32   3.14404343e+03   3.0312e-02   6.5925e-05   3.1760e-05   -3.49      -     5.0000e-01   0
FILTERDDP_ITER_TIMING iteration=32 barrier_iteration=5 backward_s=0.031290900 forward_s=0.000678800 total_s=0.031969700 outcome=accepted step_size=5.000000000e-01 backtracks=0 mu=3.200000000e-04
FILTERDDP_TIMING iteration=33 barrier_iteration=5 stage=6 derivative_s=0.000111000 first_order_s=0.000047800 second_order_s=0.000050100 algebra_s=0.000205900 kkt_assembly_s=0.000183500 factor_s=0.003486800 solve_s=0.000525700 update_s=0.000128300 K_nnz=5522 rhs_cols=52 Vxx_nnz=2601
FILTERDDP_TIMING iteration=33 barrier_iteration=5 stage=5 derivative_s=0.000101700 first_order_s=0.000051500 second_order_s=0.000037400 algebra_s=0.000228000 kkt_assembly_s=0.000171100 factor_s=0.002803600 solve_s=0.000681400 update_s=0.000097800 K_nnz=8072 rhs_cols=52 Vxx_nnz=2601
FILTERDDP_TIMING iteration=33 barrier_iteration=5 stage=4 derivative_s=0.000105600 first_order_s=0.000052800 second_order_s=0.000039200 algebra_s=0.000256700 kkt_assembly_s=0.000210100 factor_s=0.004868600 solve_s=0.000718100 update_s=0.000104800 K_nnz=8072 rhs_cols=52 Vxx_nnz=2601
FILTERDDP_TIMING iteration=33 barrier_iteration=5 stage=3 derivative_s=0.000109300 first_order_s=0.000054600 second_order_s=0.000040500 algebra_s=0.000241400 kkt_assembly_s=0.000190700 factor_s=0.004756800 solve_s=0.000724400 update_s=0.000098900 K_nnz=8072 rhs_cols=52 Vxx_nnz=2601
FILTERDDP_TIMING iteration=33 barrier_iteration=5 stage=2 derivative_s=0.000109900 first_order_s=0.000056500 second_order_s=0.000040400 algebra_s=0.000239700 kkt_assembly_s=0.000189500 factor_s=0.003017300 solve_s=0.002315300 update_s=0.000113700 K_nnz=8072 rhs_cols=52 Vxx_nnz=2601
FILTERDDP_TIMING iteration=33 barrier_iteration=5 stage=1 derivative_s=0.000123400 first_order_s=0.000067900 second_order_s=0.000041800 algebra_s=0.000247700 kkt_assembly_s=0.000204500 factor_s=0.004673500 solve_s=0.000732200 update_s=0.000105400 K_nnz=8072 rhs_cols=52 Vxx_nnz=2601
FILTERDDP_FEASIBILITY iteration=33 barrier_iteration=5 equality_count=3372 equality_rms=1.051953732328e-03 equality_max=1.871278379231e-02 equality_worst_stage=5 equality_worst_index=509 dynamics_count=255 dynamics_rms=0.000000000000e+00 dynamics_max=0.000000000000e+00 dynamics_worst_stage=0 dynamics_worst_index=0 bound_count=4902 bound_rms=0.000000000000e+00 bound_max=0.000000000000e+00 bound_worst_stage=0 bound_worst_index=0 bound_worst_kind=none
    33   3.14379673e+03   1.8713e-02   3.4046e-05   1.5797e-05   -3.49      -     5.0000e-01   0
FILTERDDP_ITER_TIMING iteration=33 barrier_iteration=5 backward_s=0.033564200 forward_s=0.000677100 total_s=0.034241300 outcome=accepted step_size=5.000000000e-01 backtracks=0 mu=3.200000000e-04
FILTERDDP_TIMING iteration=34 barrier_iteration=5 stage=6 derivative_s=0.000114600 first_order_s=0.000049000 second_order_s=0.000052000 algebra_s=0.000197900 kkt_assembly_s=0.000194600 factor_s=0.001979900 solve_s=0.000528100 update_s=0.000112100 K_nnz=5522 rhs_cols=52 Vxx_nnz=2601
FILTERDDP_TIMING iteration=34 barrier_iteration=5 stage=5 derivative_s=0.000109300 first_order_s=0.000054800 second_order_s=0.000041000 algebra_s=0.000242900 kkt_assembly_s=0.000193600 factor_s=0.003365200 solve_s=0.000769000 update_s=0.000134400 K_nnz=8072 rhs_cols=52 Vxx_nnz=2601
FILTERDDP_TIMING iteration=34 barrier_iteration=5 stage=4 derivative_s=0.000115900 first_order_s=0.000058200 second_order_s=0.000043200 algebra_s=0.000277000 kkt_assembly_s=0.000196900 factor_s=0.006745300 solve_s=0.000759600 update_s=0.000112500 K_nnz=8072 rhs_cols=52 Vxx_nnz=2601
FILTERDDP_TIMING iteration=34 barrier_iteration=5 stage=3 derivative_s=0.000111900 first_order_s=0.000056500 second_order_s=0.000041100 algebra_s=0.000247500 kkt_assembly_s=0.000179800 factor_s=0.004647000 solve_s=0.000770700 update_s=0.000112300 K_nnz=8072 rhs_cols=52 Vxx_nnz=2601
FILTERDDP_TIMING iteration=34 barrier_iteration=5 stage=2 derivative_s=0.000114000 first_order_s=0.000057100 second_order_s=0.000042300 algebra_s=0.000251400 kkt_assembly_s=0.000184600 factor_s=0.003328700 solve_s=0.000652200 update_s=0.000114500 K_nnz=8072 rhs_cols=52 Vxx_nnz=2601
FILTERDDP_TIMING iteration=34 barrier_iteration=5 stage=1 derivative_s=0.000106300 first_order_s=0.000052700 second_order_s=0.000039900 algebra_s=0.000234800 kkt_assembly_s=0.000174500 factor_s=0.004459600 solve_s=0.000716400 update_s=0.000119000 K_nnz=8072 rhs_cols=52 Vxx_nnz=2601
FILTERDDP_FEASIBILITY iteration=34 barrier_iteration=5 equality_count=3372 equality_rms=5.827921784908e-04 equality_max=1.041670692850e-02 equality_worst_stage=5 equality_worst_index=509 dynamics_count=255 dynamics_rms=0.000000000000e+00 dynamics_max=0.000000000000e+00 dynamics_worst_stage=0 dynamics_worst_index=0 bound_count=4902 bound_rms=0.000000000000e+00 bound_max=0.000000000000e+00 bound_worst_stage=0 bound_worst_index=0 bound_worst_kind=none
    34   3.14367818e+03   1.0417e-02   1.2863e-05   7.7136e-06   -3.49      -     5.0000e-01   0
FILTERDDP_ITER_TIMING iteration=34 barrier_iteration=5 backward_s=0.033046900 forward_s=0.000672900 total_s=0.033719800 outcome=accepted step_size=5.000000000e-01 backtracks=0 mu=3.200000000e-04
FILTERDDP_TIMING iteration=35 barrier_iteration=5 stage=6 derivative_s=0.000113400 first_order_s=0.000049600 second_order_s=0.000049800 algebra_s=0.000197800 kkt_assembly_s=0.000224000 factor_s=0.048027500 solve_s=0.000576500 update_s=0.000172200 K_nnz=5522 rhs_cols=52 Vxx_nnz=2601
FILTERDDP_TIMING iteration=35 barrier_iteration=5 stage=5 derivative_s=0.000126700 first_order_s=0.000063000 second_order_s=0.000046100 algebra_s=0.000249900 kkt_assembly_s=0.000252800 factor_s=0.003422100 solve_s=0.000735900 update_s=0.000132300 K_nnz=8072 rhs_cols=52 Vxx_nnz=2601
FILTERDDP_TIMING iteration=35 barrier_iteration=5 stage=4 derivative_s=0.000120000 first_order_s=0.000059900 second_order_s=0.000044100 algebra_s=0.000241000 kkt_assembly_s=0.000180900 factor_s=0.004758700 solve_s=0.000787900 update_s=0.000116200 K_nnz=8072 rhs_cols=52 Vxx_nnz=2601
FILTERDDP_TIMING iteration=35 barrier_iteration=5 stage=3 derivative_s=0.000120800 first_order_s=0.000060400 second_order_s=0.000044600 algebra_s=0.000255800 kkt_assembly_s=0.000188300 factor_s=0.004593700 solve_s=0.000774300 update_s=0.000114000 K_nnz=8072 rhs_cols=52 Vxx_nnz=2601
FILTERDDP_TIMING iteration=35 barrier_iteration=5 stage=2 derivative_s=0.000122200 first_order_s=0.000057500 second_order_s=0.000048700 algebra_s=0.000254300 kkt_assembly_s=0.000184600 factor_s=0.003205500 solve_s=0.351242800 update_s=0.000214800 K_nnz=8072 rhs_cols=52 Vxx_nnz=2601
FILTERDDP_TIMING iteration=35 barrier_iteration=5 stage=1 derivative_s=0.000196400 first_order_s=0.000095600 second_order_s=0.000075500 algebra_s=0.000449100 kkt_assembly_s=0.000237700 factor_s=0.005315900 solve_s=0.000986400 update_s=0.000162100 K_nnz=8072 rhs_cols=52 Vxx_nnz=2601
FILTERDDP_FEASIBILITY iteration=35 barrier_iteration=5 equality_count=3372 equality_rms=3.071608314148e-04 equality_max=5.506958181407e-03 equality_worst_stage=5 equality_worst_index=509 dynamics_count=255 dynamics_rms=0.000000000000e+00 dynamics_max=0.000000000000e+00 dynamics_worst_stage=0 dynamics_worst_index=0 bound_count=4902 bound_rms=0.000000000000e+00 bound_max=0.000000000000e+00 bound_worst_stage=0 bound_worst_index=0 bound_worst_kind=none
    35   3.14362047e+03   5.5070e-03   4.0294e-06   3.7602e-06   -3.49      -     5.0000e-01   0
FILTERDDP_ITER_TIMING iteration=35 barrier_iteration=5 backward_s=0.429500000 forward_s=0.000673200 total_s=0.430173200 outcome=accepted step_size=5.000000000e-01 backtracks=0 mu=3.200000000e-04
FILTERDDP_TIMING iteration=36 barrier_iteration=5 stage=6 derivative_s=0.000178500 first_order_s=0.000064900 second_order_s=0.000095500 algebra_s=0.000254600 kkt_assembly_s=0.000366300 factor_s=0.002607000 solve_s=0.000695100 update_s=0.000163900 K_nnz=5522 rhs_cols=52 Vxx_nnz=2601
FILTERDDP_TIMING iteration=36 barrier_iteration=5 stage=5 derivative_s=0.000154300 first_order_s=0.000073200 second_order_s=0.000065200 algebra_s=0.000411700 kkt_assembly_s=0.000207800 factor_s=0.003171300 solve_s=0.000899400 update_s=0.000152500 K_nnz=8072 rhs_cols=52 Vxx_nnz=2601
FILTERDDP_TIMING iteration=36 barrier_iteration=5 stage=4 derivative_s=0.000144900 first_order_s=0.000069600 second_order_s=0.000060900 algebra_s=0.000383000 kkt_assembly_s=0.000210500 factor_s=0.004787300 solve_s=0.000943400 update_s=0.000126000 K_nnz=8072 rhs_cols=52 Vxx_nnz=2601
FILTERDDP_TIMING iteration=36 barrier_iteration=5 stage=3 derivative_s=0.000147300 first_order_s=0.000065800 second_order_s=0.000067800 algebra_s=0.000374200 kkt_assembly_s=0.000205600 factor_s=0.004431200 solve_s=0.000975000 update_s=0.000141200 K_nnz=8072 rhs_cols=52 Vxx_nnz=2601
FILTERDDP_TIMING iteration=36 barrier_iteration=5 stage=2 derivative_s=0.000137700 first_order_s=0.000066200 second_order_s=0.000057400 algebra_s=0.000380400 kkt_assembly_s=0.000200300 factor_s=0.003263200 solve_s=0.001263400 update_s=0.000156800 K_nnz=8072 rhs_cols=52 Vxx_nnz=2601
FILTERDDP_TIMING iteration=36 barrier_iteration=5 stage=1 derivative_s=0.000180700 first_order_s=0.000091600 second_order_s=0.000074100 algebra_s=0.000413700 kkt_assembly_s=0.000213900 factor_s=0.004840000 solve_s=0.000890100 update_s=0.000145800 K_nnz=8072 rhs_cols=52 Vxx_nnz=2601
FILTERDDP_FEASIBILITY iteration=36 barrier_iteration=5 equality_count=3372 equality_rms=1.577829449638e-04 equality_max=2.833699481384e-03 equality_worst_stage=5 equality_worst_index=509 dynamics_count=255 dynamics_rms=0.000000000000e+00 dynamics_max=0.000000000000e+00 dynamics_worst_stage=0 dynamics_worst_index=0 bound_count=4902 bound_rms=0.000000000000e+00 bound_max=0.000000000000e+00 bound_worst_stage=0 bound_worst_index=0 bound_worst_kind=none
FILTERDDP_ITER_TIMING iteration=36 barrier_iteration=5 backward_s=0.034629700 forward_s=0.000000000 total_s=0.034629700 outcome=barrier_update step_size=5.000000000e-01 backtracks=0 mu=3.200000000e-04
FILTERDDP_TIMING iteration=36 barrier_iteration=6 stage=6 derivative_s=0.000153200 first_order_s=0.000064900 second_order_s=0.000074000 algebra_s=0.000241000 kkt_assembly_s=0.000217700 factor_s=0.002296400 solve_s=0.000618600 update_s=0.000156400 K_nnz=5522 rhs_cols=52 Vxx_nnz=2601
FILTERDDP_TIMING iteration=36 barrier_iteration=6 stage=5 derivative_s=0.000138900 first_order_s=0.000065600 second_order_s=0.000059400 algebra_s=0.000371800 kkt_assembly_s=0.000199200 factor_s=0.003301100 solve_s=0.001011200 update_s=0.000162900 K_nnz=8072 rhs_cols=52 Vxx_nnz=2601
FILTERDDP_TIMING iteration=36 barrier_iteration=6 stage=4 derivative_s=0.000155500 first_order_s=0.000069200 second_order_s=0.000072400 algebra_s=0.000422900 kkt_assembly_s=0.000201800 factor_s=0.004756300 solve_s=0.000860800 update_s=0.000186500 K_nnz=8072 rhs_cols=52 Vxx_nnz=2601
FILTERDDP_TIMING iteration=36 barrier_iteration=6 stage=3 derivative_s=0.000142700 first_order_s=0.000067400 second_order_s=0.000061400 algebra_s=0.000403400 kkt_assembly_s=0.000231000 factor_s=0.004862200 solve_s=0.000973300 update_s=0.000147000 K_nnz=8072 rhs_cols=52 Vxx_nnz=2601
FILTERDDP_TIMING iteration=36 barrier_iteration=6 stage=2 derivative_s=0.000182700 first_order_s=0.000085300 second_order_s=0.000083600 algebra_s=0.000608700 kkt_assembly_s=0.000212800 factor_s=0.003567300 solve_s=0.000973800 update_s=0.000155200 K_nnz=8072 rhs_cols=52 Vxx_nnz=2601
FILTERDDP_TIMING iteration=36 barrier_iteration=6 stage=1 derivative_s=0.000175400 first_order_s=0.000089600 second_order_s=0.000071400 algebra_s=0.000392500 kkt_assembly_s=0.000168600 factor_s=0.004416800 solve_s=0.000901700 update_s=0.000149100 K_nnz=8072 rhs_cols=52 Vxx_nnz=2601
FILTERDDP_FEASIBILITY iteration=36 barrier_iteration=6 equality_count=3372 equality_rms=1.577829449638e-04 equality_max=2.833699481384e-03 equality_worst_stage=5 equality_worst_index=509 dynamics_count=255 dynamics_rms=0.000000000000e+00 dynamics_max=0.000000000000e+00 dynamics_worst_stage=0 dynamics_worst_index=0 bound_count=4902 bound_rms=0.000000000000e+00 bound_max=0.000000000000e+00 bound_worst_stage=0 bound_worst_index=0 bound_worst_kind=none
    36   3.14359207e+03   2.8337e-03   1.2376e-06   1.8450e-06   -4.19      -     5.0000e-01   0
FILTERDDP_ITER_TIMING iteration=36 barrier_iteration=6 backward_s=0.034490700 forward_s=0.000697400 total_s=0.035188100 outcome=accepted step_size=5.000000000e-01 backtracks=0 mu=6.400000000e-05
FILTERDDP_TIMING iteration=37 barrier_iteration=6 stage=6 derivative_s=0.000169600 first_order_s=0.000063700 second_order_s=0.000093200 algebra_s=0.000347700 kkt_assembly_s=0.000203300 factor_s=0.002638800 solve_s=0.000518800 update_s=0.000205600 K_nnz=5522 rhs_cols=52 Vxx_nnz=2601
FILTERDDP_TIMING iteration=37 barrier_iteration=6 stage=5 derivative_s=0.000115400 first_order_s=0.000058800 second_order_s=0.000043900 algebra_s=0.000422400 kkt_assembly_s=0.000255000 factor_s=0.003459300 solve_s=0.000736500 update_s=0.000155400 K_nnz=8072 rhs_cols=52 Vxx_nnz=2601
FILTERDDP_TIMING iteration=37 barrier_iteration=6 stage=4 derivative_s=0.000144900 first_order_s=0.000068300 second_order_s=0.000063200 algebra_s=0.000470200 kkt_assembly_s=0.000177800 factor_s=0.004633300 solve_s=0.000805000 update_s=0.000141000 K_nnz=8072 rhs_cols=52 Vxx_nnz=2601
FILTERDDP_TIMING iteration=37 barrier_iteration=6 stage=3 derivative_s=0.000207400 first_order_s=0.000071100 second_order_s=0.000122600 algebra_s=0.000462100 kkt_assembly_s=0.000181000 factor_s=0.004670000 solve_s=0.000863900 update_s=0.000165900 K_nnz=8072 rhs_cols=52 Vxx_nnz=2601
FILTERDDP_TIMING iteration=37 barrier_iteration=6 stage=2 derivative_s=0.000170900 first_order_s=0.000069900 second_order_s=0.000087000 algebra_s=0.000486600 kkt_assembly_s=0.000198900 factor_s=0.002846100 solve_s=0.000634700 update_s=0.000119000 K_nnz=8072 rhs_cols=52 Vxx_nnz=2601
FILTERDDP_TIMING iteration=37 barrier_iteration=6 stage=1 derivative_s=0.000152100 first_order_s=0.000054000 second_order_s=0.000084800 algebra_s=0.000450400 kkt_assembly_s=0.000195300 factor_s=0.004243100 solve_s=0.000851300 update_s=0.000166800 K_nnz=8072 rhs_cols=52 Vxx_nnz=2601
FILTERDDP_FEASIBILITY iteration=37 barrier_iteration=6 equality_count=3372 equality_rms=2.339868311914e-04 equality_max=4.324339603059e-03 equality_worst_stage=5 equality_worst_index=509 dynamics_count=255 dynamics_rms=0.000000000000e+00 dynamics_max=0.000000000000e+00 dynamics_worst_stage=0 dynamics_worst_index=0 bound_count=4902 bound_rms=0.000000000000e+00 bound_max=0.000000000000e+00 bound_worst_stage=0 bound_worst_index=0 bound_worst_kind=none
    37   3.14338802e+03   4.3243e-03   4.0816e-06   9.8366e-07   -4.19      -     5.0000e-01   0
FILTERDDP_ITER_TIMING iteration=37 barrier_iteration=6 backward_s=0.033021800 forward_s=0.001077000 total_s=0.034098800 outcome=accepted step_size=5.000000000e-01 backtracks=0 mu=6.400000000e-05
FILTERDDP_TIMING iteration=38 barrier_iteration=6 stage=6 derivative_s=0.000192800 first_order_s=0.000066500 second_order_s=0.000114100 algebra_s=0.000313500 kkt_assembly_s=0.000175600 factor_s=0.002919000 solve_s=0.000518600 update_s=0.000097900 K_nnz=5522 rhs_cols=52 Vxx_nnz=2601
FILTERDDP_TIMING iteration=38 barrier_iteration=6 stage=5 derivative_s=0.000220600 first_order_s=0.000130300 second_order_s=0.000077400 algebra_s=0.000451800 kkt_assembly_s=0.000198000 factor_s=0.002972900 solve_s=0.000688000 update_s=0.000119500 K_nnz=8072 rhs_cols=52 Vxx_nnz=2601
FILTERDDP_TIMING iteration=38 barrier_iteration=6 stage=4 derivative_s=0.000113600 first_order_s=0.000055100 second_order_s=0.000045900 algebra_s=0.000244600 kkt_assembly_s=0.000177600 factor_s=0.003763600 solve_s=0.000687500 update_s=0.000106500 K_nnz=8072 rhs_cols=52 Vxx_nnz=2601
FILTERDDP_TIMING iteration=38 barrier_iteration=6 stage=3 derivative_s=0.000188100 first_order_s=0.000056600 second_order_s=0.000118200 algebra_s=0.000464500 kkt_assembly_s=0.000155500 factor_s=0.004812700 solve_s=0.000850500 update_s=0.000118500 K_nnz=8072 rhs_cols=52 Vxx_nnz=2601
FILTERDDP_TIMING iteration=38 barrier_iteration=6 stage=2 derivative_s=0.000114700 first_order_s=0.000055600 second_order_s=0.000046400 algebra_s=0.000266600 kkt_assembly_s=0.000176600 factor_s=0.003247800 solve_s=0.000714900 update_s=0.000111300 K_nnz=8072 rhs_cols=52 Vxx_nnz=2601
FILTERDDP_TIMING iteration=38 barrier_iteration=6 stage=1 derivative_s=0.000108600 first_order_s=0.000059600 second_order_s=0.000036400 algebra_s=0.000390200 kkt_assembly_s=0.000201900 factor_s=0.004853800 solve_s=0.000762100 update_s=0.000140500 K_nnz=8072 rhs_cols=52 Vxx_nnz=2601
FILTERDDP_FEASIBILITY iteration=38 barrier_iteration=6 equality_count=3372 equality_rms=1.642807935037e-04 equality_max=3.063940952388e-03 equality_worst_stage=5 equality_worst_index=509 dynamics_count=255 dynamics_rms=0.000000000000e+00 dynamics_max=0.000000000000e+00 dynamics_worst_stage=0 dynamics_worst_index=0 bound_count=4902 bound_rms=0.000000000000e+00 bound_max=0.000000000000e+00 bound_worst_stage=0 bound_worst_index=0 bound_worst_kind=none
    38   3.14329142e+03   3.0639e-03   3.3904e-06   5.0529e-07   -4.19      -     5.0000e-01   0
FILTERDDP_ITER_TIMING iteration=38 barrier_iteration=6 backward_s=0.031999200 forward_s=0.000899900 total_s=0.032899100 outcome=accepted step_size=5.000000000e-01 backtracks=0 mu=6.400000000e-05
FILTERDDP_TIMING iteration=39 barrier_iteration=6 stage=6 derivative_s=0.000168700 first_order_s=0.000063600 second_order_s=0.000091200 algebra_s=0.000367300 kkt_assembly_s=0.000338800 factor_s=0.002228600 solve_s=0.000649300 update_s=0.000119600 K_nnz=5522 rhs_cols=52 Vxx_nnz=2601
FILTERDDP_TIMING iteration=39 barrier_iteration=6 stage=5 derivative_s=0.000128600 first_order_s=0.000068500 second_order_s=0.000046900 algebra_s=0.000462300 kkt_assembly_s=0.000226100 factor_s=0.003209900 solve_s=0.000712900 update_s=0.000178700 K_nnz=8072 rhs_cols=52 Vxx_nnz=2601
FILTERDDP_TIMING iteration=39 barrier_iteration=6 stage=4 derivative_s=0.000153000 first_order_s=0.000073900 second_order_s=0.000065900 algebra_s=0.000307700 kkt_assembly_s=0.000225500 factor_s=0.004910400 solve_s=0.000714300 update_s=0.000136500 K_nnz=8072 rhs_cols=52 Vxx_nnz=2601
FILTERDDP_TIMING iteration=39 barrier_iteration=6 stage=3 derivative_s=0.000146400 first_order_s=0.000052900 second_order_s=0.000078800 algebra_s=0.000487700 kkt_assembly_s=0.000232400 factor_s=0.005314300 solve_s=0.000682500 update_s=0.000114100 K_nnz=8072 rhs_cols=52 Vxx_nnz=2601
FILTERDDP_TIMING iteration=39 barrier_iteration=6 stage=2 derivative_s=0.000116400 first_order_s=0.000057400 second_order_s=0.000045700 algebra_s=0.000448300 kkt_assembly_s=0.000223300 factor_s=0.003631300 solve_s=0.000623300 update_s=0.000119400 K_nnz=8072 rhs_cols=52 Vxx_nnz=2601
FILTERDDP_TIMING iteration=39 barrier_iteration=6 stage=1 derivative_s=0.000272300 first_order_s=0.000184600 second_order_s=0.000075100 algebra_s=0.000532800 kkt_assembly_s=0.000181400 factor_s=0.005213700 solve_s=0.000759200 update_s=0.000112000 K_nnz=8072 rhs_cols=52 Vxx_nnz=2601
FILTERDDP_FEASIBILITY iteration=39 barrier_iteration=6 equality_count=3372 equality_rms=9.572636906885e-05 equality_max=1.791128357437e-03 equality_worst_stage=5 equality_worst_index=509 dynamics_count=255 dynamics_rms=0.000000000000e+00 dynamics_max=0.000000000000e+00 dynamics_worst_stage=0 dynamics_worst_index=0 bound_count=4902 bound_rms=0.000000000000e+00 bound_max=0.000000000000e+00 bound_worst_stage=0 bound_worst_index=0 bound_worst_kind=none
    39   3.14324508e+03   1.7911e-03   1.7941e-06   2.5059e-07   -4.19      -     5.0000e-01   0
FILTERDDP_ITER_TIMING iteration=39 barrier_iteration=6 backward_s=0.034812300 forward_s=0.000983300 total_s=0.035795600 outcome=accepted step_size=5.000000000e-01 backtracks=0 mu=6.400000000e-05
FILTERDDP_TIMING iteration=40 barrier_iteration=6 stage=6 derivative_s=0.000163200 first_order_s=0.000059100 second_order_s=0.000091800 algebra_s=0.000316500 kkt_assembly_s=0.000313100 factor_s=0.002435100 solve_s=0.000541300 update_s=0.000143700 K_nnz=5522 rhs_cols=52 Vxx_nnz=2601
FILTERDDP_TIMING iteration=40 barrier_iteration=6 stage=5 derivative_s=0.000124000 first_order_s=0.000073900 second_order_s=0.000037200 algebra_s=0.000285900 kkt_assembly_s=0.000202600 factor_s=0.003270000 solve_s=0.000689000 update_s=0.000113400 K_nnz=8072 rhs_cols=52 Vxx_nnz=2601
FILTERDDP_TIMING iteration=40 barrier_iteration=6 stage=4 derivative_s=0.000100500 first_order_s=0.000051200 second_order_s=0.000036300 algebra_s=0.000530000 kkt_assembly_s=0.000214900 factor_s=0.005123200 solve_s=0.000734600 update_s=0.000129200 K_nnz=8072 rhs_cols=52 Vxx_nnz=2601
FILTERDDP_TIMING iteration=40 barrier_iteration=6 stage=3 derivative_s=0.000152300 first_order_s=0.000060600 second_order_s=0.000078100 algebra_s=0.000510900 kkt_assembly_s=0.000196100 factor_s=0.005523500 solve_s=0.000758500 update_s=0.000125600 K_nnz=8072 rhs_cols=52 Vxx_nnz=2601
FILTERDDP_TIMING iteration=40 barrier_iteration=6 stage=2 derivative_s=0.000123800 first_order_s=0.000062000 second_order_s=0.000047200 algebra_s=0.000446200 kkt_assembly_s=0.000217400 factor_s=0.003602900 solve_s=0.000739300 update_s=0.000125800 K_nnz=8072 rhs_cols=52 Vxx_nnz=2601
FILTERDDP_TIMING iteration=40 barrier_iteration=6 stage=1 derivative_s=0.000228100 first_order_s=0.000156500 second_order_s=0.000055400 algebra_s=0.000481300 kkt_assembly_s=0.000217500 factor_s=0.005006700 solve_s=0.000701200 update_s=0.000113700 K_nnz=8072 rhs_cols=52 Vxx_nnz=2601
FILTERDDP_FEASIBILITY iteration=40 barrier_iteration=6 equality_count=3372 equality_rms=5.162338500990e-05 equality_max=9.683696363334e-04 equality_worst_stage=5 equality_worst_index=509 dynamics_count=255 dynamics_rms=0.000000000000e+00 dynamics_max=0.000000000000e+00 dynamics_worst_stage=0 dynamics_worst_index=0 bound_count=4902 bound_rms=0.000000000000e+00 bound_max=0.000000000000e+00 bound_worst_stage=0 bound_worst_index=0 bound_worst_kind=none
  iter     objective        pr_inf       du_inf       cs_inf     lg(μ)   lg(reg)    alpha     ls
    40   3.14322249e+03   9.6837e-04   6.9960e-07   1.2188e-07   -4.19      -     5.0000e-01   0
FILTERDDP_ITER_TIMING iteration=40 barrier_iteration=6 backward_s=0.035080100 forward_s=0.001007500 total_s=0.036087600 outcome=accepted step_size=5.000000000e-01 backtracks=0 mu=6.400000000e-05
FILTERDDP_TIMING iteration=41 barrier_iteration=6 stage=6 derivative_s=0.000188000 first_order_s=0.000076200 second_order_s=0.000099000 algebra_s=0.000389600 kkt_assembly_s=0.000347700 factor_s=0.002695900 solve_s=0.000521700 update_s=0.000111700 K_nnz=5522 rhs_cols=52 Vxx_nnz=2601
FILTERDDP_TIMING iteration=41 barrier_iteration=6 stage=5 derivative_s=0.000110900 first_order_s=0.000056200 second_order_s=0.000041800 algebra_s=0.000319800 kkt_assembly_s=0.000269400 factor_s=0.003625600 solve_s=0.000690000 update_s=0.000142800 K_nnz=8072 rhs_cols=52 Vxx_nnz=2601
FILTERDDP_TIMING iteration=41 barrier_iteration=6 stage=4 derivative_s=0.000156800 first_order_s=0.000085900 second_order_s=0.000049000 algebra_s=0.000652400 kkt_assembly_s=0.000314800 factor_s=0.005358900 solve_s=0.000686400 update_s=0.000125600 K_nnz=8072 rhs_cols=52 Vxx_nnz=2601
FILTERDDP_TIMING iteration=41 barrier_iteration=6 stage=3 derivative_s=0.000141100 first_order_s=0.000059200 second_order_s=0.000065400 algebra_s=0.000446000 kkt_assembly_s=0.000215900 factor_s=0.005126800 solve_s=0.000837200 update_s=0.000147100 K_nnz=8072 rhs_cols=52 Vxx_nnz=2601
FILTERDDP_TIMING iteration=41 barrier_iteration=6 stage=2 derivative_s=0.007993900 first_order_s=0.000087700 second_order_s=0.007882800 algebra_s=0.000271100 kkt_assembly_s=0.000191000 factor_s=0.003026600 solve_s=0.000670900 update_s=0.000109500 K_nnz=8072 rhs_cols=52 Vxx_nnz=2601
FILTERDDP_TIMING iteration=41 barrier_iteration=6 stage=1 derivative_s=0.000109600 first_order_s=0.000056200 second_order_s=0.000040000 algebra_s=0.000268900 kkt_assembly_s=0.000187900 factor_s=0.004332200 solve_s=0.000810600 update_s=0.000136300 K_nnz=8072 rhs_cols=52 Vxx_nnz=2601
FILTERDDP_FEASIBILITY iteration=41 barrier_iteration=6 equality_count=3372 equality_rms=2.682762120487e-05 equality_max=5.043136733804e-04 equality_worst_stage=5 equality_worst_index=509 dynamics_count=255 dynamics_rms=0.000000000000e+00 dynamics_max=0.000000000000e+00 dynamics_worst_stage=0 dynamics_worst_index=0 bound_count=4902 bound_rms=0.000000000000e+00 bound_max=0.000000000000e+00 bound_worst_stage=0 bound_worst_index=0 bound_worst_kind=none
FILTERDDP_ITER_TIMING iteration=41 barrier_iteration=6 backward_s=0.042122300 forward_s=0.000000000 total_s=0.042122300 outcome=barrier_update step_size=5.000000000e-01 backtracks=0 mu=6.400000000e-05
FILTERDDP_TIMING iteration=41 barrier_iteration=7 stage=6 derivative_s=0.000156100 first_order_s=0.000087400 second_order_s=0.000052700 algebra_s=0.000204000 kkt_assembly_s=0.000205300 factor_s=0.002032200 solve_s=0.000527100 update_s=0.000105300 K_nnz=5522 rhs_cols=52 Vxx_nnz=2601
FILTERDDP_TIMING iteration=41 barrier_iteration=7 stage=5 derivative_s=0.000106200 first_order_s=0.000054200 second_order_s=0.000039400 algebra_s=0.000250000 kkt_assembly_s=0.000178300 factor_s=0.002858200 solve_s=0.000663500 update_s=0.000130800 K_nnz=8072 rhs_cols=52 Vxx_nnz=2601
FILTERDDP_TIMING iteration=41 barrier_iteration=7 stage=4 derivative_s=0.000105100 first_order_s=0.000053500 second_order_s=0.000039400 algebra_s=0.000241100 kkt_assembly_s=0.000175700 factor_s=0.004562100 solve_s=0.000708500 update_s=0.000108700 K_nnz=8072 rhs_cols=52 Vxx_nnz=2601
FILTERDDP_TIMING iteration=41 barrier_iteration=7 stage=3 derivative_s=0.000114200 first_order_s=0.000057900 second_order_s=0.000043300 algebra_s=0.000239400 kkt_assembly_s=0.000176500 factor_s=0.004727300 solve_s=0.000765400 update_s=0.000116700 K_nnz=8072 rhs_cols=52 Vxx_nnz=2601
FILTERDDP_TIMING iteration=41 barrier_iteration=7 stage=2 derivative_s=0.000115700 first_order_s=0.000056700 second_order_s=0.000045400 algebra_s=0.000255300 kkt_assembly_s=0.000198300 factor_s=0.002833000 solve_s=0.000632500 update_s=0.000115800 K_nnz=8072 rhs_cols=52 Vxx_nnz=2601
FILTERDDP_TIMING iteration=41 barrier_iteration=7 stage=1 derivative_s=0.000101200 first_order_s=0.000050300 second_order_s=0.000038500 algebra_s=0.000227300 kkt_assembly_s=0.000180900 factor_s=0.003682600 solve_s=0.000675600 update_s=0.000109000 K_nnz=8072 rhs_cols=52 Vxx_nnz=2601
FILTERDDP_FEASIBILITY iteration=41 barrier_iteration=7 equality_count=3372 equality_rms=2.682762120487e-05 equality_max=5.043136733804e-04 equality_worst_stage=5 equality_worst_index=509 dynamics_count=255 dynamics_rms=0.000000000000e+00 dynamics_max=0.000000000000e+00 dynamics_worst_stage=0 dynamics_worst_index=0 bound_count=4902 bound_rms=0.000000000000e+00 bound_max=0.000000000000e+00 bound_worst_stage=0 bound_worst_index=0 bound_worst_kind=none
    41   3.14321135e+03   5.0431e-04   2.2375e-07   5.9184e-08   -5.03      -     5.0000e-01   0
FILTERDDP_ITER_TIMING iteration=41 barrier_iteration=7 backward_s=0.028950200 forward_s=0.000649600 total_s=0.029599800 outcome=accepted step_size=5.000000000e-01 backtracks=0 mu=9.277179695e-06
FILTERDDP_TIMING iteration=42 barrier_iteration=7 stage=6 derivative_s=0.000116300 first_order_s=0.000056600 second_order_s=0.000047600 algebra_s=0.000233100 kkt_assembly_s=0.000207600 factor_s=0.002193900 solve_s=0.000807900 update_s=0.000112100 K_nnz=5522 rhs_cols=52 Vxx_nnz=2601
FILTERDDP_TIMING iteration=42 barrier_iteration=7 stage=5 derivative_s=0.000136800 first_order_s=0.000078700 second_order_s=0.000044300 algebra_s=0.000258600 kkt_assembly_s=0.000185400 factor_s=0.002850400 solve_s=0.000641700 update_s=0.000126400 K_nnz=8072 rhs_cols=52 Vxx_nnz=2601
FILTERDDP_TIMING iteration=42 barrier_iteration=7 stage=4 derivative_s=0.000101500 first_order_s=0.000050800 second_order_s=0.000038200 algebra_s=0.000229000 kkt_assembly_s=0.000180900 factor_s=0.003962900 solve_s=0.000699000 update_s=0.000114900 K_nnz=8072 rhs_cols=52 Vxx_nnz=2601
FILTERDDP_TIMING iteration=42 barrier_iteration=7 stage=3 derivative_s=0.000107700 first_order_s=0.000056300 second_order_s=0.000038900 algebra_s=0.000231000 kkt_assembly_s=0.000171500 factor_s=0.004445400 solve_s=0.000811100 update_s=0.000120200 K_nnz=8072 rhs_cols=52 Vxx_nnz=2601
FILTERDDP_TIMING iteration=42 barrier_iteration=7 stage=2 derivative_s=0.000113800 first_order_s=0.000056600 second_order_s=0.000043200 algebra_s=0.000268300 kkt_assembly_s=0.000194700 factor_s=0.002995900 solve_s=0.000634800 update_s=0.000112200 K_nnz=8072 rhs_cols=52 Vxx_nnz=2601
FILTERDDP_TIMING iteration=42 barrier_iteration=7 stage=1 derivative_s=0.000104100 first_order_s=0.000053200 second_order_s=0.000038500 algebra_s=0.000228500 kkt_assembly_s=0.000179300 factor_s=0.004353800 solve_s=0.000718200 update_s=0.000111300 K_nnz=8072 rhs_cols=52 Vxx_nnz=2601
FILTERDDP_FEASIBILITY iteration=42 barrier_iteration=7 equality_count=3372 equality_rms=2.536141491834e-05 equality_max=4.862262978944e-04 equality_worst_stage=5 equality_worst_index=509 dynamics_count=255 dynamics_rms=0.000000000000e+00 dynamics_max=0.000000000000e+00 dynamics_worst_stage=0 dynamics_worst_index=0 bound_count=4902 bound_rms=0.000000000000e+00 bound_max=0.000000000000e+00 bound_worst_stage=0 bound_worst_index=0 bound_worst_kind=none
    42   3.14316873e+03   4.8623e-04   3.4726e-07   3.1942e-08   -5.03      -     5.0000e-01   0
FILTERDDP_ITER_TIMING iteration=42 barrier_iteration=7 backward_s=0.029413400 forward_s=0.000637100 total_s=0.030050500 outcome=accepted step_size=5.000000000e-01 backtracks=0 mu=9.277179695e-06
FILTERDDP_TIMING iteration=43 barrier_iteration=7 stage=6 derivative_s=0.000117800 first_order_s=0.000056000 second_order_s=0.000049200 algebra_s=0.000241300 kkt_assembly_s=0.000180900 factor_s=0.002047900 solve_s=0.000502500 update_s=0.000107300 K_nnz=5522 rhs_cols=52 Vxx_nnz=2601
FILTERDDP_TIMING iteration=43 barrier_iteration=7 stage=5 derivative_s=0.000105900 first_order_s=0.000054100 second_order_s=0.000039800 algebra_s=0.000228300 kkt_assembly_s=0.000169500 factor_s=0.002976300 solve_s=0.000654500 update_s=0.000110600 K_nnz=8072 rhs_cols=52 Vxx_nnz=2601
FILTERDDP_TIMING iteration=43 barrier_iteration=7 stage=4 derivative_s=0.000101800 first_order_s=0.000051600 second_order_s=0.000038200 algebra_s=0.000233900 kkt_assembly_s=0.000176700 factor_s=0.004713500 solve_s=0.000695000 update_s=0.000108300 K_nnz=8072 rhs_cols=52 Vxx_nnz=2601
FILTERDDP_TIMING iteration=43 barrier_iteration=7 stage=3 derivative_s=0.000104600 first_order_s=0.000051800 second_order_s=0.000039900 algebra_s=0.000244700 kkt_assembly_s=0.000180000 factor_s=0.004315500 solve_s=0.000661600 update_s=0.000114700 K_nnz=8072 rhs_cols=52 Vxx_nnz=2601
FILTERDDP_TIMING iteration=43 barrier_iteration=7 stage=2 derivative_s=0.000099600 first_order_s=0.000050800 second_order_s=0.000036200 algebra_s=0.000257100 kkt_assembly_s=0.000175200 factor_s=0.003103600 solve_s=0.000674100 update_s=0.000104800 K_nnz=8072 rhs_cols=52 Vxx_nnz=2601
FILTERDDP_TIMING iteration=43 barrier_iteration=7 stage=1 derivative_s=0.000106000 first_order_s=0.000054100 second_order_s=0.000039000 algebra_s=0.000259800 kkt_assembly_s=0.000186600 factor_s=0.004380300 solve_s=0.000730300 update_s=0.000118700 K_nnz=8072 rhs_cols=52 Vxx_nnz=2601
FILTERDDP_FEASIBILITY iteration=43 barrier_iteration=7 equality_count=3372 equality_rms=1.621506776005e-05 equality_max=3.156101856051e-04 equality_worst_stage=5 equality_worst_index=509 dynamics_count=255 dynamics_rms=0.000000000000e+00 dynamics_max=0.000000000000e+00 dynamics_worst_stage=0 dynamics_worst_index=0 bound_count=4902 bound_rms=0.000000000000e+00 bound_max=0.000000000000e+00 bound_worst_stage=0 bound_worst_index=0 bound_worst_kind=none
    43   3.14314802e+03   3.1561e-04   2.5271e-07   1.6661e-08   -5.03      -     5.0000e-01   0
FILTERDDP_ITER_TIMING iteration=43 barrier_iteration=7 backward_s=0.029648400 forward_s=0.000665500 total_s=0.030313900 outcome=accepted step_size=5.000000000e-01 backtracks=0 mu=9.277179695e-06
FILTERDDP_TIMING iteration=44 barrier_iteration=7 stage=6 derivative_s=0.000117000 first_order_s=0.000048100 second_order_s=0.000055200 algebra_s=0.000197200 kkt_assembly_s=0.000169100 factor_s=0.002047700 solve_s=0.000479800 update_s=0.000100400 K_nnz=5522 rhs_cols=52 Vxx_nnz=2601
FILTERDDP_TIMING iteration=44 barrier_iteration=7 stage=5 derivative_s=0.000107400 first_order_s=0.000049500 second_order_s=0.000044900 algebra_s=0.000236700 kkt_assembly_s=0.000180300 factor_s=0.003012700 solve_s=0.000681600 update_s=0.000112200 K_nnz=8072 rhs_cols=52 Vxx_nnz=2601
FILTERDDP_TIMING iteration=44 barrier_iteration=7 stage=4 derivative_s=0.000124900 first_order_s=0.000062200 second_order_s=0.000040200 algebra_s=0.000238500 kkt_assembly_s=0.000167900 factor_s=0.004528800 solve_s=0.000671200 update_s=0.000106200 K_nnz=8072 rhs_cols=52 Vxx_nnz=2601
FILTERDDP_TIMING iteration=44 barrier_iteration=7 stage=3 derivative_s=0.000112000 first_order_s=0.000052500 second_order_s=0.000046900 algebra_s=0.000239600 kkt_assembly_s=0.000177400 factor_s=0.004496500 solve_s=0.000678400 update_s=0.000108000 K_nnz=8072 rhs_cols=52 Vxx_nnz=2601
FILTERDDP_TIMING iteration=44 barrier_iteration=7 stage=2 derivative_s=0.000106600 first_order_s=0.000054300 second_order_s=0.000039200 algebra_s=0.000243100 kkt_assembly_s=0.000203700 factor_s=0.002970300 solve_s=0.000680300 update_s=0.000121700 K_nnz=8072 rhs_cols=52 Vxx_nnz=2601
FILTERDDP_TIMING iteration=44 barrier_iteration=7 stage=1 derivative_s=0.000123100 first_order_s=0.000067500 second_order_s=0.000041300 algebra_s=0.000285600 kkt_assembly_s=0.000177400 factor_s=0.004378900 solve_s=0.000735200 update_s=0.000118800 K_nnz=8072 rhs_cols=52 Vxx_nnz=2601
FILTERDDP_FEASIBILITY iteration=44 barrier_iteration=7 equality_count=3372 equality_rms=9.145149961298e-06 equality_max=1.799503986718e-04 equality_worst_stage=5 equality_worst_index=509 dynamics_count=255 dynamics_rms=0.000000000000e+00 dynamics_max=0.000000000000e+00 dynamics_worst_stage=0 dynamics_worst_index=0 bound_count=4902 bound_rms=0.000000000000e+00 bound_max=0.000000000000e+00 bound_worst_stage=0 bound_worst_index=0 bound_worst_kind=none
    44   3.14313786e+03   1.7995e-04   1.2628e-07   8.3416e-09   -5.03      -     5.0000e-01   0
FILTERDDP_ITER_TIMING iteration=44 barrier_iteration=7 backward_s=0.029589200 forward_s=0.000669900 total_s=0.030259100 outcome=accepted step_size=5.000000000e-01 backtracks=0 mu=9.277179695e-06
FILTERDDP_TIMING iteration=45 barrier_iteration=7 stage=6 derivative_s=0.000106200 first_order_s=0.000045800 second_order_s=0.000047900 algebra_s=0.000197300 kkt_assembly_s=0.000185100 factor_s=0.001992900 solve_s=0.000499500 update_s=0.000103300 K_nnz=5522 rhs_cols=52 Vxx_nnz=2601
FILTERDDP_TIMING iteration=45 barrier_iteration=7 stage=5 derivative_s=0.000104800 first_order_s=0.000049500 second_order_s=0.000042800 algebra_s=0.000244500 kkt_assembly_s=0.000170800 factor_s=0.002740200 solve_s=0.000608100 update_s=0.000104300 K_nnz=8072 rhs_cols=52 Vxx_nnz=2601
FILTERDDP_TIMING iteration=45 barrier_iteration=7 stage=4 derivative_s=0.000096500 first_order_s=0.000049200 second_order_s=0.000035000 algebra_s=0.004952200 kkt_assembly_s=0.000187200 factor_s=0.004452200 solve_s=0.000756200 update_s=0.000103400 K_nnz=8072 rhs_cols=52 Vxx_nnz=2601
FILTERDDP_TIMING iteration=45 barrier_iteration=7 stage=3 derivative_s=0.000106400 first_order_s=0.000053500 second_order_s=0.000039500 algebra_s=0.000245800 kkt_assembly_s=0.000185500 factor_s=0.004500700 solve_s=0.000704200 update_s=0.000107600 K_nnz=8072 rhs_cols=52 Vxx_nnz=2601
FILTERDDP_TIMING iteration=45 barrier_iteration=7 stage=2 derivative_s=0.000103400 first_order_s=0.000051800 second_order_s=0.000039500 algebra_s=0.000241500 kkt_assembly_s=0.000174900 factor_s=0.003029200 solve_s=0.000649800 update_s=0.000111700 K_nnz=8072 rhs_cols=52 Vxx_nnz=2601
FILTERDDP_TIMING iteration=45 barrier_iteration=7 stage=1 derivative_s=0.000104300 first_order_s=0.000049800 second_order_s=0.000041600 algebra_s=0.000239500 kkt_assembly_s=0.000209300 factor_s=0.004518900 solve_s=0.000702900 update_s=0.000108200 K_nnz=8072 rhs_cols=52 Vxx_nnz=2601
FILTERDDP_FEASIBILITY iteration=45 barrier_iteration=7 equality_count=3372 equality_rms=4.867661196249e-06 equality_max=9.648476264895e-05 equality_worst_stage=5 equality_worst_index=509 dynamics_count=255 dynamics_rms=0.000000000000e+00 dynamics_max=0.000000000000e+00 dynamics_worst_stage=0 dynamics_worst_index=0 bound_count=4902 bound_rms=0.000000000000e+00 bound_max=0.000000000000e+00 bound_worst_stage=0 bound_worst_index=0 bound_worst_kind=none
    45   3.14313283e+03   9.6485e-05   4.8725e-08   4.0412e-09   -5.03      -     5.0000e-01   0
FILTERDDP_ITER_TIMING iteration=45 barrier_iteration=7 backward_s=0.033990100 forward_s=0.000583200 total_s=0.034573300 outcome=accepted step_size=5.000000000e-01 backtracks=0 mu=9.277179695e-06
FILTERDDP_TIMING iteration=46 barrier_iteration=7 stage=6 derivative_s=0.000102300 first_order_s=0.000043100 second_order_s=0.000047400 algebra_s=0.000179600 kkt_assembly_s=0.000188300 factor_s=0.001969100 solve_s=0.000529300 update_s=0.000104100 K_nnz=5522 rhs_cols=52 Vxx_nnz=2601
FILTERDDP_TIMING iteration=46 barrier_iteration=7 stage=5 derivative_s=0.000102500 first_order_s=0.000051200 second_order_s=0.000038800 algebra_s=0.000230200 kkt_assembly_s=0.000170900 factor_s=0.003141800 solve_s=0.000714000 update_s=0.000112700 K_nnz=8072 rhs_cols=52 Vxx_nnz=2601
FILTERDDP_TIMING iteration=46 barrier_iteration=7 stage=4 derivative_s=0.000113200 first_order_s=0.000056500 second_order_s=0.000042800 algebra_s=0.000278300 kkt_assembly_s=0.000179400 factor_s=0.004319200 solve_s=0.000712700 update_s=0.000103600 K_nnz=8072 rhs_cols=52 Vxx_nnz=2601
FILTERDDP_TIMING iteration=46 barrier_iteration=7 stage=3 derivative_s=0.000109400 first_order_s=0.000055100 second_order_s=0.000041500 algebra_s=0.000259800 kkt_assembly_s=0.000180300 factor_s=0.004603000 solve_s=0.000683200 update_s=0.000106500 K_nnz=8072 rhs_cols=52 Vxx_nnz=2601
FILTERDDP_TIMING iteration=46 barrier_iteration=7 stage=2 derivative_s=0.000101900 first_order_s=0.000050100 second_order_s=0.000039400 algebra_s=0.000230100 kkt_assembly_s=0.000175400 factor_s=0.002886900 solve_s=0.000720200 update_s=0.000161200 K_nnz=8072 rhs_cols=52 Vxx_nnz=2601
FILTERDDP_TIMING iteration=46 barrier_iteration=7 stage=1 derivative_s=0.000129400 first_order_s=0.000062000 second_order_s=0.000053700 algebra_s=0.000278100 kkt_assembly_s=0.000181800 factor_s=0.004556100 solve_s=0.000682700 update_s=0.000108700 K_nnz=8072 rhs_cols=52 Vxx_nnz=2601
FILTERDDP_FEASIBILITY iteration=46 barrier_iteration=7 equality_count=3372 equality_rms=2.514425081192e-06 equality_max=5.007207408814e-05 equality_worst_stage=5 equality_worst_index=509 dynamics_count=255 dynamics_rms=0.000000000000e+00 dynamics_max=0.000000000000e+00 dynamics_worst_stage=0 dynamics_worst_index=0 bound_count=4902 bound_rms=0.000000000000e+00 bound_max=0.000000000000e+00 bound_worst_stage=0 bound_worst_index=0 bound_worst_kind=none
FILTERDDP_ITER_TIMING iteration=46 barrier_iteration=7 backward_s=0.029811800 forward_s=0.000000000 total_s=0.029811800 outcome=barrier_update step_size=5.000000000e-01 backtracks=0 mu=9.277179695e-06
FILTERDDP_TIMING iteration=46 barrier_iteration=8 stage=6 derivative_s=0.000107000 first_order_s=0.000047700 second_order_s=0.000046900 algebra_s=0.000182400 kkt_assembly_s=0.000175100 factor_s=0.002077000 solve_s=0.000516800 update_s=0.000118400 K_nnz=5522 rhs_cols=52 Vxx_nnz=2601
FILTERDDP_TIMING iteration=46 barrier_iteration=8 stage=5 derivative_s=0.000104100 first_order_s=0.000051800 second_order_s=0.000039800 algebra_s=0.000231100 kkt_assembly_s=0.000174100 factor_s=0.002960500 solve_s=0.000665500 update_s=0.000114300 K_nnz=8072 rhs_cols=52 Vxx_nnz=2601
FILTERDDP_TIMING iteration=46 barrier_iteration=8 stage=4 derivative_s=0.000103400 first_order_s=0.000052700 second_order_s=0.000038000 algebra_s=0.000229600 kkt_assembly_s=0.000172000 factor_s=0.004768700 solve_s=0.000743000 update_s=0.000103400 K_nnz=8072 rhs_cols=52 Vxx_nnz=2601
FILTERDDP_TIMING iteration=46 barrier_iteration=8 stage=3 derivative_s=0.000107800 first_order_s=0.000054900 second_order_s=0.000039700 algebra_s=0.000265800 kkt_assembly_s=0.000185500 factor_s=0.004971600 solve_s=0.000677700 update_s=0.000110600 K_nnz=8072 rhs_cols=52 Vxx_nnz=2601
FILTERDDP_TIMING iteration=46 barrier_iteration=8 stage=2 derivative_s=0.000104000 first_order_s=0.000051900 second_order_s=0.000039200 algebra_s=0.000230100 kkt_assembly_s=0.000170100 factor_s=0.002856900 solve_s=0.000600900 update_s=0.000117600 K_nnz=8072 rhs_cols=52 Vxx_nnz=2601
FILTERDDP_TIMING iteration=46 barrier_iteration=8 stage=1 derivative_s=0.000120900 first_order_s=0.000068300 second_order_s=0.000039600 algebra_s=0.000239000 kkt_assembly_s=0.000177500 factor_s=0.004778200 solve_s=0.000733000 update_s=0.000109000 K_nnz=8072 rhs_cols=52 Vxx_nnz=2601
FILTERDDP_FEASIBILITY iteration=46 barrier_iteration=8 equality_count=3372 equality_rms=2.514425081192e-06 equality_max=5.007207408814e-05 equality_worst_stage=5 equality_worst_index=509 dynamics_count=255 dynamics_rms=0.000000000000e+00 dynamics_max=0.000000000000e+00 dynamics_worst_stage=0 dynamics_worst_index=0 bound_count=4902 bound_rms=0.000000000000e+00 bound_max=0.000000000000e+00 bound_worst_stage=0 bound_worst_index=0 bound_worst_kind=none
    46   3.14313034e+03   5.0072e-05   1.5719e-08   1.9345e-09   -6.04      -     5.0000e-01   0
FILTERDDP_ITER_TIMING iteration=46 barrier_iteration=8 backward_s=0.030460200 forward_s=0.000609600 total_s=0.031069800 outcome=accepted step_size=5.000000000e-01 backtracks=0 mu=9.139010210e-07
FILTERDDP_TIMING iteration=47 barrier_iteration=8 stage=6 derivative_s=0.000104700 first_order_s=0.000044100 second_order_s=0.000048800 algebra_s=0.000194800 kkt_assembly_s=0.000171700 factor_s=0.001960100 solve_s=0.000518000 update_s=0.000095500 K_nnz=5522 rhs_cols=52 Vxx_nnz=2601
FILTERDDP_TIMING iteration=47 barrier_iteration=8 stage=5 derivative_s=0.000103500 first_order_s=0.000051800 second_order_s=0.000039300 algebra_s=0.000227800 kkt_assembly_s=0.000208100 factor_s=0.002912400 solve_s=0.000650300 update_s=0.000115700 K_nnz=8072 rhs_cols=52 Vxx_nnz=2601
FILTERDDP_TIMING iteration=47 barrier_iteration=8 stage=4 derivative_s=0.000104800 first_order_s=0.000052300 second_order_s=0.000040000 algebra_s=0.000228400 kkt_assembly_s=0.000172600 factor_s=0.004334800 solve_s=0.000696400 update_s=0.000107300 K_nnz=8072 rhs_cols=52 Vxx_nnz=2601
FILTERDDP_TIMING iteration=47 barrier_iteration=8 stage=3 derivative_s=0.000148600 first_order_s=0.000078800 second_order_s=0.000052400 algebra_s=0.000322000 kkt_assembly_s=0.000192500 factor_s=0.004540900 solve_s=0.000672200 update_s=0.000103800 K_nnz=8072 rhs_cols=52 Vxx_nnz=2601
FILTERDDP_TIMING iteration=47 barrier_iteration=8 stage=2 derivative_s=0.000103800 first_order_s=0.000052800 second_order_s=0.000038500 algebra_s=0.003380800 kkt_assembly_s=0.000181100 factor_s=0.003077400 solve_s=0.000628100 update_s=0.000113900 K_nnz=8072 rhs_cols=52 Vxx_nnz=2601
FILTERDDP_TIMING iteration=47 barrier_iteration=8 stage=1 derivative_s=0.000101200 first_order_s=0.000050500 second_order_s=0.000037500 algebra_s=0.000230900 kkt_assembly_s=0.000171400 factor_s=0.004714500 solve_s=0.000742900 update_s=0.000112500 K_nnz=8072 rhs_cols=52 Vxx_nnz=2601
FILTERDDP_FEASIBILITY iteration=47 barrier_iteration=8 equality_count=3372 equality_rms=1.737278801177e-06 equality_max=3.566296223795e-05 equality_worst_stage=5 equality_worst_index=509 dynamics_count=255 dynamics_rms=0.000000000000e+00 dynamics_max=0.000000000000e+00 dynamics_worst_stage=0 dynamics_worst_index=0 bound_count=4902 bound_rms=0.000000000000e+00 bound_max=0.000000000000e+00 bound_worst_stage=0 bound_worst_index=0 bound_worst_kind=none
    47   3.14312368e+03   3.5663e-05   1.5353e-08   1.0542e-09   -6.04      -     5.0000e-01   0
FILTERDDP_ITER_TIMING iteration=47 barrier_iteration=8 backward_s=0.032852800 forward_s=0.000642100 total_s=0.033494900 outcome=accepted step_size=5.000000000e-01 backtracks=0 mu=9.139010210e-07
FILTERDDP_TIMING iteration=48 barrier_iteration=8 stage=6 derivative_s=0.000112200 first_order_s=0.000048400 second_order_s=0.000050900 algebra_s=0.000212400 kkt_assembly_s=0.000196600 factor_s=0.002124300 solve_s=0.000550300 update_s=0.000107100 K_nnz=5522 rhs_cols=52 Vxx_nnz=2601
FILTERDDP_TIMING iteration=48 barrier_iteration=8 stage=5 derivative_s=0.000104400 first_order_s=0.000051900 second_order_s=0.000039200 algebra_s=0.000230800 kkt_assembly_s=0.000176200 factor_s=0.002742100 solve_s=0.000655800 update_s=0.000117900 K_nnz=8072 rhs_cols=52 Vxx_nnz=2601
FILTERDDP_TIMING iteration=48 barrier_iteration=8 stage=4 derivative_s=0.000103300 first_order_s=0.000051300 second_order_s=0.000039400 algebra_s=0.000247900 kkt_assembly_s=0.000180500 factor_s=0.004654300 solve_s=0.000709400 update_s=0.000108400 K_nnz=8072 rhs_cols=52 Vxx_nnz=2601
FILTERDDP_TIMING iteration=48 barrier_iteration=8 stage=3 derivative_s=0.000107100 first_order_s=0.000054800 second_order_s=0.000039300 algebra_s=0.000230700 kkt_assembly_s=0.000178100 factor_s=0.004678700 solve_s=0.000721900 update_s=0.000102500 K_nnz=8072 rhs_cols=52 Vxx_nnz=2601
FILTERDDP_TIMING iteration=48 barrier_iteration=8 stage=2 derivative_s=0.000107200 first_order_s=0.000053800 second_order_s=0.000039900 algebra_s=0.000244500 kkt_assembly_s=0.000179000 factor_s=0.002927900 solve_s=0.000604500 update_s=0.000118700 K_nnz=8072 rhs_cols=52 Vxx_nnz=2601
FILTERDDP_TIMING iteration=48 barrier_iteration=8 stage=1 derivative_s=0.000113100 first_order_s=0.000060300 second_order_s=0.000039800 algebra_s=0.000229800 kkt_assembly_s=0.000179000 factor_s=0.004679000 solve_s=0.000720000 update_s=0.000112000 K_nnz=8072 rhs_cols=52 Vxx_nnz=2601
FILTERDDP_FEASIBILITY iteration=48 barrier_iteration=8 equality_count=3372 equality_rms=1.002466375173e-06 equality_max=2.100560400493e-05 equality_worst_stage=5 equality_worst_index=509 dynamics_count=255 dynamics_rms=0.000000000000e+00 dynamics_max=0.000000000000e+00 dynamics_worst_stage=0 dynamics_worst_index=0 bound_count=4902 bound_rms=0.000000000000e+00 bound_max=0.000000000000e+00 bound_worst_stage=0 bound_worst_index=0 bound_worst_kind=none
    48   3.14312039e+03   2.1006e-05   9.9517e-09   5.5713e-10   -6.04      -     5.0000e-01   0
FILTERDDP_ITER_TIMING iteration=48 barrier_iteration=8 backward_s=0.029921000 forward_s=0.000646700 total_s=0.030567700 outcome=accepted step_size=5.000000000e-01 backtracks=0 mu=9.139010210e-07
FILTERDDP_TIMING iteration=49 barrier_iteration=8 stage=6 derivative_s=0.000123200 first_order_s=0.000058000 second_order_s=0.000051100 algebra_s=0.000194400 kkt_assembly_s=0.000192300 factor_s=0.002080300 solve_s=0.000506600 update_s=0.000103000 K_nnz=5522 rhs_cols=52 Vxx_nnz=2601
FILTERDDP_TIMING iteration=49 barrier_iteration=8 stage=5 derivative_s=0.000102100 first_order_s=0.000051100 second_order_s=0.000038900 algebra_s=0.000237100 kkt_assembly_s=0.000172000 factor_s=0.002758500 solve_s=0.000652600 update_s=0.000117200 K_nnz=8072 rhs_cols=52 Vxx_nnz=2601
FILTERDDP_TIMING iteration=49 barrier_iteration=8 stage=4 derivative_s=0.000099900 first_order_s=0.000050100 second_order_s=0.000037700 algebra_s=0.000228200 kkt_assembly_s=0.000171400 factor_s=0.004930700 solve_s=0.000694200 update_s=0.000109700 K_nnz=8072 rhs_cols=52 Vxx_nnz=2601
FILTERDDP_TIMING iteration=49 barrier_iteration=8 stage=3 derivative_s=0.000116300 first_order_s=0.000057300 second_order_s=0.000046300 algebra_s=0.000230800 kkt_assembly_s=0.000170300 factor_s=0.004502600 solve_s=0.000704300 update_s=0.000102300 K_nnz=8072 rhs_cols=52 Vxx_nnz=2601
FILTERDDP_TIMING iteration=49 barrier_iteration=8 stage=2 derivative_s=0.000108700 first_order_s=0.000055600 second_order_s=0.000039800 algebra_s=0.000272400 kkt_assembly_s=0.000207900 factor_s=0.003004900 solve_s=0.000597900 update_s=0.000116900 K_nnz=8072 rhs_cols=52 Vxx_nnz=2601
FILTERDDP_TIMING iteration=49 barrier_iteration=8 stage=1 derivative_s=0.000111300 first_order_s=0.000060300 second_order_s=0.000037700 algebra_s=0.000238100 kkt_assembly_s=0.000169200 factor_s=0.004907700 solve_s=0.000715900 update_s=0.000101900 K_nnz=8072 rhs_cols=52 Vxx_nnz=2601
FILTERDDP_FEASIBILITY iteration=49 barrier_iteration=8 equality_count=3372 equality_rms=5.363864710759e-07 equality_max=1.141201586545e-05 equality_worst_stage=5 equality_worst_index=509 dynamics_count=255 dynamics_rms=0.000000000000e+00 dynamics_max=0.000000000000e+00 dynamics_worst_stage=0 dynamics_worst_index=0 bound_count=4902 bound_rms=0.000000000000e+00 bound_max=0.000000000000e+00 bound_worst_stage=0 bound_worst_index=0 bound_worst_kind=none
    49   3.14311876e+03   1.1412e-05   4.8683e-09   2.8275e-10   -6.04      -     5.0000e-01   0
FILTERDDP_ITER_TIMING iteration=49 barrier_iteration=8 backward_s=0.030234000 forward_s=0.000607900 total_s=0.030841900 outcome=accepted step_size=5.000000000e-01 backtracks=0 mu=9.139010210e-07
FILTERDDP_TIMING iteration=50 barrier_iteration=8 stage=6 derivative_s=0.000113400 first_order_s=0.000045900 second_order_s=0.000054700 algebra_s=0.000194500 kkt_assembly_s=0.000197300 factor_s=0.001945500 solve_s=0.000509900 update_s=0.000105800 K_nnz=5522 rhs_cols=52 Vxx_nnz=2601
FILTERDDP_TIMING iteration=50 barrier_iteration=8 stage=5 derivative_s=0.000105600 first_order_s=0.000053100 second_order_s=0.000040200 algebra_s=0.000241500 kkt_assembly_s=0.000173500 factor_s=0.005471100 solve_s=0.000687100 update_s=0.000113800 K_nnz=8072 rhs_cols=52 Vxx_nnz=2601
FILTERDDP_TIMING iteration=50 barrier_iteration=8 stage=4 derivative_s=0.000107700 first_order_s=0.000053900 second_order_s=0.000040900 algebra_s=0.000264300 kkt_assembly_s=0.000171100 factor_s=0.004515300 solve_s=0.000711500 update_s=0.000112800 K_nnz=8072 rhs_cols=52 Vxx_nnz=2601
FILTERDDP_TIMING iteration=50 barrier_iteration=8 stage=3 derivative_s=0.000102100 first_order_s=0.000050700 second_order_s=0.000039300 algebra_s=0.000239800 kkt_assembly_s=0.000170800 factor_s=0.004801800 solve_s=0.000774700 update_s=0.000114200 K_nnz=8072 rhs_cols=52 Vxx_nnz=2601
FILTERDDP_TIMING iteration=50 barrier_iteration=8 stage=2 derivative_s=0.000105700 first_order_s=0.000053200 second_order_s=0.000039200 algebra_s=0.000256900 kkt_assembly_s=0.000181800 factor_s=0.002803800 solve_s=0.000617300 update_s=0.000114100 K_nnz=8072 rhs_cols=52 Vxx_nnz=2601
FILTERDDP_TIMING iteration=50 barrier_iteration=8 stage=1 derivative_s=0.000101900 first_order_s=0.000051000 second_order_s=0.000038400 algebra_s=0.000228500 kkt_assembly_s=0.000214500 factor_s=0.004761700 solve_s=0.000724400 update_s=0.000107000 K_nnz=8072 rhs_cols=52 Vxx_nnz=2601
FILTERDDP_FEASIBILITY iteration=50 barrier_iteration=8 equality_count=3372 equality_rms=2.771615397473e-07 equality_max=5.954797798670e-06 equality_worst_stage=5 equality_worst_index=509 dynamics_count=255 dynamics_rms=0.000000000000e+00 dynamics_max=0.000000000000e+00 dynamics_worst_stage=0 dynamics_worst_index=0 bound_count=4902 bound_rms=0.000000000000e+00 bound_max=0.000000000000e+00 bound_worst_stage=0 bound_worst_index=0 bound_worst_kind=none
FILTERDDP_ITER_TIMING iteration=50 barrier_iteration=8 backward_s=0.032585600 forward_s=0.000000000 total_s=0.032585600 outcome=barrier_update step_size=5.000000000e-01 backtracks=0 mu=9.139010210e-07
FILTERDDP_TIMING iteration=50 barrier_iteration=9 stage=6 derivative_s=0.000115800 first_order_s=0.000053200 second_order_s=0.000048400 algebra_s=0.000207300 kkt_assembly_s=0.000198100 factor_s=0.002154500 solve_s=0.000644600 update_s=0.000119900 K_nnz=5522 rhs_cols=52 Vxx_nnz=2601
FILTERDDP_TIMING iteration=50 barrier_iteration=9 stage=5 derivative_s=0.000141200 first_order_s=0.000076700 second_order_s=0.000048900 algebra_s=0.000253500 kkt_assembly_s=0.000191100 factor_s=0.003251900 solve_s=0.000674700 update_s=0.000127300 K_nnz=8072 rhs_cols=52 Vxx_nnz=2601
FILTERDDP_TIMING iteration=50 barrier_iteration=9 stage=4 derivative_s=0.000121100 first_order_s=0.000058000 second_order_s=0.000045000 algebra_s=0.000246800 kkt_assembly_s=0.000182500 factor_s=0.004878400 solve_s=0.000781800 update_s=0.000117400 K_nnz=8072 rhs_cols=52 Vxx_nnz=2601
FILTERDDP_TIMING iteration=50 barrier_iteration=9 stage=3 derivative_s=0.000107600 first_order_s=0.000054600 second_order_s=0.000039400 algebra_s=0.000253100 kkt_assembly_s=0.000177900 factor_s=0.004744600 solve_s=0.000723600 update_s=0.000104300 K_nnz=8072 rhs_cols=52 Vxx_nnz=2601
FILTERDDP_TIMING iteration=50 barrier_iteration=9 stage=2 derivative_s=0.000111200 first_order_s=0.000055800 second_order_s=0.000040700 algebra_s=0.000259300 kkt_assembly_s=0.000180700 factor_s=0.002839600 solve_s=0.000913000 update_s=0.000149400 K_nnz=8072 rhs_cols=52 Vxx_nnz=2601
FILTERDDP_TIMING iteration=50 barrier_iteration=9 stage=1 derivative_s=0.000165400 first_order_s=0.000084600 second_order_s=0.000060200 algebra_s=0.000451800 kkt_assembly_s=0.000272800 factor_s=0.005663500 solve_s=0.000707300 update_s=0.000114100 K_nnz=8072 rhs_cols=52 Vxx_nnz=2601
FILTERDDP_FEASIBILITY iteration=50 barrier_iteration=9 equality_count=3372 equality_rms=2.771615397473e-07 equality_max=5.954797798670e-06 equality_worst_stage=5 equality_worst_index=509 dynamics_count=255 dynamics_rms=0.000000000000e+00 dynamics_max=0.000000000000e+00 dynamics_worst_stage=0 dynamics_worst_index=0 bound_count=4902 bound_rms=0.000000000000e+00 bound_max=0.000000000000e+00 bound_worst_stage=0 bound_worst_index=0 bound_worst_kind=none
  iter     objective        pr_inf       du_inf       cs_inf     lg(μ)   lg(reg)    alpha     ls
    50   3.14311795e+03   5.9548e-06   1.9252e-09   1.3712e-10   -7.25      -     5.0000e-01   0
FILTERDDP_ITER_TIMING iteration=50 barrier_iteration=9 backward_s=0.032728200 forward_s=0.000730300 total_s=0.033458500 outcome=accepted step_size=5.000000000e-01 backtracks=0 mu=5.663422933e-08
FILTERDDP_TIMING iteration=51 barrier_iteration=9 stage=6 derivative_s=0.000106900 first_order_s=0.000045700 second_order_s=0.000048200 algebra_s=0.000183100 kkt_assembly_s=0.000178000 factor_s=0.002035500 solve_s=0.000604000 update_s=0.000122800 K_nnz=5522 rhs_cols=52 Vxx_nnz=2601
FILTERDDP_TIMING iteration=51 barrier_iteration=9 stage=5 derivative_s=0.000111900 first_order_s=0.000055900 second_order_s=0.000041900 algebra_s=0.000258100 kkt_assembly_s=0.000185800 factor_s=0.002779300 solve_s=0.000767900 update_s=0.000124500 K_nnz=8072 rhs_cols=52 Vxx_nnz=2601
FILTERDDP_TIMING iteration=51 barrier_iteration=9 stage=4 derivative_s=0.000127800 first_order_s=0.000063600 second_order_s=0.000045300 algebra_s=0.000332200 kkt_assembly_s=0.000198600 factor_s=0.007277900 solve_s=0.000709300 update_s=0.000101000 K_nnz=8072 rhs_cols=52 Vxx_nnz=2601
FILTERDDP_TIMING iteration=51 barrier_iteration=9 stage=3 derivative_s=0.000106900 first_order_s=0.000054600 second_order_s=0.000039000 algebra_s=0.000240200 kkt_assembly_s=0.000180600 factor_s=0.004843700 solve_s=0.000716400 update_s=0.000105200 K_nnz=8072 rhs_cols=52 Vxx_nnz=2601
FILTERDDP_TIMING iteration=51 barrier_iteration=9 stage=2 derivative_s=0.000123100 first_order_s=0.000068400 second_order_s=0.000040600 algebra_s=0.000307200 kkt_assembly_s=0.000262800 factor_s=0.002985300 solve_s=0.000602100 update_s=0.000119000 K_nnz=8072 rhs_cols=52 Vxx_nnz=2601
FILTERDDP_TIMING iteration=51 barrier_iteration=9 stage=1 derivative_s=0.000102400 first_order_s=0.000051100 second_order_s=0.000037800 algebra_s=0.000234700 kkt_assembly_s=0.000183300 factor_s=0.004442000 solve_s=0.000725900 update_s=0.000112100 K_nnz=8072 rhs_cols=52 Vxx_nnz=2601
FILTERDDP_FEASIBILITY iteration=51 barrier_iteration=9 equality_count=3372 equality_rms=1.503230690918e-07 equality_max=3.291843603963e-06 equality_worst_stage=5 equality_worst_index=509 dynamics_count=255 dynamics_rms=0.000000000000e+00 dynamics_max=0.000000000000e+00 dynamics_worst_stage=0 dynamics_worst_index=0 bound_count=4902 bound_rms=0.000000000000e+00 bound_max=0.000000000000e+00 bound_worst_stage=0 bound_worst_index=0 bound_worst_kind=none
    51   3.14311700e+03   3.2918e-06   1.1601e-09   7.5339e-11   -7.25      -     5.0000e-01   0
FILTERDDP_ITER_TIMING iteration=51 barrier_iteration=9 backward_s=0.032984200 forward_s=0.000724900 total_s=0.033709100 outcome=accepted step_size=5.000000000e-01 backtracks=0 mu=5.663422933e-08
FILTERDDP_TIMING iteration=52 barrier_iteration=9 stage=6 derivative_s=0.000108800 first_order_s=0.000045400 second_order_s=0.000050500 algebra_s=0.000194800 kkt_assembly_s=0.000185400 factor_s=0.002124900 solve_s=0.000549200 update_s=0.000121100 K_nnz=5522 rhs_cols=52 Vxx_nnz=2601
FILTERDDP_TIMING iteration=52 barrier_iteration=9 stage=5 derivative_s=0.000103700 first_order_s=0.000052800 second_order_s=0.000038400 algebra_s=0.000229300 kkt_assembly_s=0.000188500 factor_s=0.003020700 solve_s=0.000633900 update_s=0.000114500 K_nnz=8072 rhs_cols=52 Vxx_nnz=2601
FILTERDDP_TIMING iteration=52 barrier_iteration=9 stage=4 derivative_s=0.000103400 first_order_s=0.000052200 second_order_s=0.000038700 algebra_s=0.000258400 kkt_assembly_s=0.000178100 factor_s=0.004844100 solve_s=0.000712400 update_s=0.000121100 K_nnz=8072 rhs_cols=52 Vxx_nnz=2601
FILTERDDP_TIMING iteration=52 barrier_iteration=9 stage=3 derivative_s=0.000123900 first_order_s=0.000055600 second_order_s=0.000039700 algebra_s=0.000241100 kkt_assembly_s=0.000179800 factor_s=0.004730800 solve_s=0.000729400 update_s=0.000125400 K_nnz=8072 rhs_cols=52 Vxx_nnz=2601
FILTERDDP_TIMING iteration=52 barrier_iteration=9 stage=2 derivative_s=0.000163100 first_order_s=0.000085700 second_order_s=0.000061100 algebra_s=0.000267000 kkt_assembly_s=0.000204400 factor_s=0.002942200 solve_s=0.000653900 update_s=0.000120900 K_nnz=8072 rhs_cols=52 Vxx_nnz=2601
FILTERDDP_TIMING iteration=52 barrier_iteration=9 stage=1 derivative_s=0.000111500 first_order_s=0.000056800 second_order_s=0.000041100 algebra_s=0.000279700 kkt_assembly_s=0.000184700 factor_s=0.004650100 solve_s=0.000734600 update_s=0.000108100 K_nnz=8072 rhs_cols=52 Vxx_nnz=2601
FILTERDDP_FEASIBILITY iteration=52 barrier_iteration=9 equality_count=3372 equality_rms=7.813304080508e-08 equality_max=1.727461944696e-06 equality_worst_stage=5 equality_worst_index=509 dynamics_count=255 dynamics_rms=0.000000000000e+00 dynamics_max=0.000000000000e+00 dynamics_worst_stage=0 dynamics_worst_index=0 bound_count=4902 bound_rms=0.000000000000e+00 bound_max=0.000000000000e+00 bound_worst_stage=0 bound_worst_index=0 bound_worst_kind=none
    52   3.14311653e+03   1.7275e-06   6.1776e-10   4.1596e-11   -7.25      -     5.0000e-01   0
FILTERDDP_ITER_TIMING iteration=52 barrier_iteration=9 backward_s=0.030692400 forward_s=0.002945600 total_s=0.033638000 outcome=accepted step_size=2.500000000e-01 backtracks=0 mu=5.663422933e-08
FILTERDDP_TIMING iteration=53 barrier_iteration=9 stage=6 derivative_s=0.000111200 first_order_s=0.000050400 second_order_s=0.000047100 algebra_s=0.000202300 kkt_assembly_s=0.000190000 factor_s=0.002047200 solve_s=0.000537400 update_s=0.000109600 K_nnz=5522 rhs_cols=52 Vxx_nnz=2601
FILTERDDP_TIMING iteration=53 barrier_iteration=9 stage=5 derivative_s=0.000114400 first_order_s=0.000057000 second_order_s=0.000043600 algebra_s=0.000265300 kkt_assembly_s=0.000194700 factor_s=0.003253800 solve_s=0.000622600 update_s=0.000112500 K_nnz=8072 rhs_cols=52 Vxx_nnz=2601
FILTERDDP_TIMING iteration=53 barrier_iteration=9 stage=4 derivative_s=0.000099400 first_order_s=0.000049600 second_order_s=0.000037100 algebra_s=0.000231300 kkt_assembly_s=0.000179100 factor_s=0.004377800 solve_s=0.000843300 update_s=0.000129500 K_nnz=8072 rhs_cols=52 Vxx_nnz=2601
FILTERDDP_TIMING iteration=53 barrier_iteration=9 stage=3 derivative_s=0.000159700 first_order_s=0.000099500 second_order_s=0.000046000 algebra_s=0.000245600 kkt_assembly_s=0.000194100 factor_s=0.004802100 solve_s=0.000815100 update_s=0.000131600 K_nnz=8072 rhs_cols=52 Vxx_nnz=2601
FILTERDDP_TIMING iteration=53 barrier_iteration=9 stage=2 derivative_s=0.000119200 first_order_s=0.000055400 second_order_s=0.000049900 algebra_s=0.000247300 kkt_assembly_s=0.000214300 factor_s=0.003125400 solve_s=0.000681700 update_s=0.000105100 K_nnz=8072 rhs_cols=52 Vxx_nnz=2601
FILTERDDP_TIMING iteration=53 barrier_iteration=9 stage=1 derivative_s=0.000107100 first_order_s=0.000054100 second_order_s=0.000039100 algebra_s=0.000240000 kkt_assembly_s=0.000197700 factor_s=0.004721600 solve_s=0.000726900 update_s=0.000104900 K_nnz=8072 rhs_cols=52 Vxx_nnz=2601
FILTERDDP_FEASIBILITY iteration=53 barrier_iteration=9 equality_count=3372 equality_rms=5.878632796516e-08 equality_max=1.300450373044e-06 equality_worst_stage=5 equality_worst_index=509 dynamics_count=255 dynamics_rms=0.000000000000e+00 dynamics_max=0.000000000000e+00 dynamics_worst_stage=0 dynamics_worst_index=0 bound_count=4902 bound_rms=0.000000000000e+00 bound_max=0.000000000000e+00 bound_worst_stage=0 bound_worst_index=0 bound_worst_kind=none
    53   3.14311641e+03   1.3005e-06   4.4579e-10   3.1088e-11   -7.25      -     2.5000e-01   0
FILTERDDP_ITER_TIMING iteration=53 barrier_iteration=9 backward_s=0.030926000 forward_s=0.000681800 total_s=0.031607800 outcome=accepted step_size=2.500000000e-01 backtracks=0 mu=5.663422933e-08
FILTERDDP_TIMING iteration=54 barrier_iteration=9 stage=6 derivative_s=0.000105200 first_order_s=0.000044800 second_order_s=0.000048000 algebra_s=0.000183600 kkt_assembly_s=0.000184500 factor_s=0.002206500 solve_s=0.000535600 update_s=0.000146100 K_nnz=5522 rhs_cols=52 Vxx_nnz=2601
FILTERDDP_TIMING iteration=54 barrier_iteration=9 stage=5 derivative_s=0.000122300 first_order_s=0.000056900 second_order_s=0.000051200 algebra_s=0.000264600 kkt_assembly_s=0.000204100 factor_s=0.002910200 solve_s=0.000664800 update_s=0.000107100 K_nnz=8072 rhs_cols=52 Vxx_nnz=2601
FILTERDDP_TIMING iteration=54 barrier_iteration=9 stage=4 derivative_s=0.000108700 first_order_s=0.000054900 second_order_s=0.000040600 algebra_s=0.002249300 kkt_assembly_s=0.000173700 factor_s=0.004590700 solve_s=0.000716500 update_s=0.000108800 K_nnz=8072 rhs_cols=52 Vxx_nnz=2601
FILTERDDP_TIMING iteration=54 barrier_iteration=9 stage=3 derivative_s=0.000103800 first_order_s=0.000052500 second_order_s=0.000037800 algebra_s=0.000231600 kkt_assembly_s=0.000172000 factor_s=0.004661400 solve_s=0.000733300 update_s=0.000107900 K_nnz=8072 rhs_cols=52 Vxx_nnz=2601
FILTERDDP_TIMING iteration=54 barrier_iteration=9 stage=2 derivative_s=0.000107200 first_order_s=0.000054600 second_order_s=0.000039400 algebra_s=0.000241500 kkt_assembly_s=0.000178400 factor_s=0.003047800 solve_s=0.000630400 update_s=0.000113000 K_nnz=8072 rhs_cols=52 Vxx_nnz=2601
FILTERDDP_TIMING iteration=54 barrier_iteration=9 stage=1 derivative_s=0.000102400 first_order_s=0.000050700 second_order_s=0.000038400 algebra_s=0.000228700 kkt_assembly_s=0.000172000 factor_s=0.004416000 solve_s=0.000693200 update_s=0.000105400 K_nnz=8072 rhs_cols=52 Vxx_nnz=2601
FILTERDDP_FEASIBILITY iteration=54 barrier_iteration=9 equality_count=3372 equality_rms=4.419453760538e-08 equality_max=9.779269564318e-07 equality_worst_stage=5 equality_worst_index=509 dynamics_count=255 dynamics_rms=0.000000000000e+00 dynamics_max=0.000000000000e+00 dynamics_worst_stage=0 dynamics_worst_index=0 bound_count=4902 bound_rms=0.000000000000e+00 bound_max=0.000000000000e+00 bound_worst_stage=0 bound_worst_index=0 bound_worst_kind=none
    54   3.14311632e+03   9.7793e-07   3.2167e-10   2.3446e-11   -7.25      -     2.5000e-01   0
FILTERDDP_ITER_TIMING iteration=54 barrier_iteration=9 backward_s=0.031986300 forward_s=0.000628100 total_s=0.032614400 outcome=accepted step_size=2.500000000e-01 backtracks=0 mu=5.663422933e-08
FILTERDDP_TIMING iteration=55 barrier_iteration=9 stage=6 derivative_s=0.000113400 first_order_s=0.000043000 second_order_s=0.000048000 algebra_s=0.000204800 kkt_assembly_s=0.000180900 factor_s=0.002137600 solve_s=0.000528600 update_s=0.000103400 K_nnz=5522 rhs_cols=52 Vxx_nnz=2601
FILTERDDP_TIMING iteration=55 barrier_iteration=9 stage=5 derivative_s=0.000102500 first_order_s=0.000051900 second_order_s=0.000038300 algebra_s=0.000232600 kkt_assembly_s=0.000224700 factor_s=0.002810200 solve_s=0.000635000 update_s=0.000115200 K_nnz=8072 rhs_cols=52 Vxx_nnz=2601
FILTERDDP_TIMING iteration=55 barrier_iteration=9 stage=4 derivative_s=0.000101500 first_order_s=0.000050700 second_order_s=0.000038700 algebra_s=0.000230500 kkt_assembly_s=0.000170300 factor_s=0.006352700 solve_s=0.000692800 update_s=0.000107000 K_nnz=8072 rhs_cols=52 Vxx_nnz=2601
FILTERDDP_TIMING iteration=55 barrier_iteration=9 stage=3 derivative_s=0.000100200 first_order_s=0.000050700 second_order_s=0.000036400 algebra_s=0.000230700 kkt_assembly_s=0.000169800 factor_s=0.005093900 solve_s=0.001464700 update_s=0.000122500 K_nnz=8072 rhs_cols=52 Vxx_nnz=2601
FILTERDDP_TIMING iteration=55 barrier_iteration=9 stage=2 derivative_s=0.000105500 first_order_s=0.000052200 second_order_s=0.000039900 algebra_s=0.000253800 kkt_assembly_s=0.000182000 factor_s=0.002765600 solve_s=0.000634100 update_s=0.000109600 K_nnz=8072 rhs_cols=52 Vxx_nnz=2601
FILTERDDP_TIMING iteration=55 barrier_iteration=9 stage=1 derivative_s=0.000099100 first_order_s=0.000049300 second_order_s=0.000037300 algebra_s=0.000227100 kkt_assembly_s=0.000170300 factor_s=0.004415100 solve_s=0.000736800 update_s=0.000127100 K_nnz=8072 rhs_cols=52 Vxx_nnz=2601
FILTERDDP_FEASIBILITY iteration=55 barrier_iteration=9 equality_count=3372 equality_rms=3.320466940617e-08 equality_max=7.348041441693e-07 equality_worst_stage=5 equality_worst_index=509 dynamics_count=255 dynamics_rms=0.000000000000e+00 dynamics_max=0.000000000000e+00 dynamics_worst_stage=0 dynamics_worst_index=0 bound_count=4902 bound_rms=0.000000000000e+00 bound_max=0.000000000000e+00 bound_worst_stage=0 bound_worst_index=0 bound_worst_kind=none
    55   3.14311626e+03   7.3480e-07   2.3217e-10   1.8141e-11   -7.25      -     2.5000e-01   0
FILTERDDP_ITER_TIMING iteration=55 barrier_iteration=9 backward_s=0.032390900 forward_s=0.000651000 total_s=0.033041900 outcome=accepted step_size=2.500000000e-01 backtracks=0 mu=5.663422933e-08
FILTERDDP_TIMING iteration=56 barrier_iteration=9 stage=6 derivative_s=0.000137600 first_order_s=0.000051900 second_order_s=0.000069000 algebra_s=0.000241200 kkt_assembly_s=0.000209200 factor_s=0.002101100 solve_s=0.000536700 update_s=0.000099300 K_nnz=5522 rhs_cols=52 Vxx_nnz=2601
FILTERDDP_TIMING iteration=56 barrier_iteration=9 stage=5 derivative_s=0.000103100 first_order_s=0.000051900 second_order_s=0.000038700 algebra_s=0.000231000 kkt_assembly_s=0.000173700 factor_s=0.003012900 solve_s=0.002496900 update_s=0.000107000 K_nnz=8072 rhs_cols=52 Vxx_nnz=2601
FILTERDDP_TIMING iteration=56 barrier_iteration=9 stage=4 derivative_s=0.000098100 first_order_s=0.000049600 second_order_s=0.000036200 algebra_s=0.000225100 kkt_assembly_s=0.000169500 factor_s=0.004407900 solve_s=0.000687700 update_s=0.000105400 K_nnz=8072 rhs_cols=52 Vxx_nnz=2601
FILTERDDP_TIMING iteration=56 barrier_iteration=9 stage=3 derivative_s=0.000097700 first_order_s=0.000050000 second_order_s=0.000035600 algebra_s=0.000225100 kkt_assembly_s=0.000178200 factor_s=0.005114900 solve_s=0.000702600 update_s=0.000107200 K_nnz=8072 rhs_cols=52 Vxx_nnz=2601
FILTERDDP_TIMING iteration=56 barrier_iteration=9 stage=2 derivative_s=0.000100200 first_order_s=0.000050600 second_order_s=0.000036300 algebra_s=0.000228900 kkt_assembly_s=0.000170900 factor_s=0.003066200 solve_s=0.000660300 update_s=0.000115400 K_nnz=8072 rhs_cols=52 Vxx_nnz=2601
FILTERDDP_TIMING iteration=56 barrier_iteration=9 stage=1 derivative_s=0.000102800 first_order_s=0.000050800 second_order_s=0.000038600 algebra_s=0.000227700 kkt_assembly_s=0.000168600 factor_s=0.004662000 solve_s=0.000713000 update_s=0.000101100 K_nnz=8072 rhs_cols=52 Vxx_nnz=2601
FILTERDDP_FEASIBILITY iteration=56 barrier_iteration=9 equality_count=3372 equality_rms=2.493644529037e-08 equality_max=5.518094451499e-07 equality_worst_stage=5 equality_worst_index=509 dynamics_count=255 dynamics_rms=0.000000000000e+00 dynamics_max=0.000000000000e+00 dynamics_worst_stage=0 dynamics_worst_index=0 bound_count=4902 bound_rms=0.000000000000e+00 bound_max=0.000000000000e+00 bound_worst_stage=0 bound_worst_index=0 bound_worst_kind=none
FILTERDDP_ITER_TIMING iteration=56 barrier_iteration=9 backward_s=0.032250600 forward_s=0.000000000 total_s=0.032250600 outcome=barrier_update step_size=2.500000000e-01 backtracks=0 mu=5.663422933e-08
FILTERDDP_TIMING iteration=56 barrier_iteration=10 stage=6 derivative_s=0.000110100 first_order_s=0.000049600 second_order_s=0.000047200 algebra_s=0.000188700 kkt_assembly_s=0.001806400 factor_s=0.002040200 solve_s=0.000511900 update_s=0.000101600 K_nnz=5522 rhs_cols=52 Vxx_nnz=2601
FILTERDDP_TIMING iteration=56 barrier_iteration=10 stage=5 derivative_s=0.000103400 first_order_s=0.000052000 second_order_s=0.000038500 algebra_s=0.000247300 kkt_assembly_s=0.000246100 factor_s=0.002971100 solve_s=0.000648400 update_s=0.000116100 K_nnz=8072 rhs_cols=52 Vxx_nnz=2601
FILTERDDP_TIMING iteration=56 barrier_iteration=10 stage=4 derivative_s=0.000099200 first_order_s=0.000049700 second_order_s=0.000037100 algebra_s=0.000225600 kkt_assembly_s=0.000168400 factor_s=0.004341700 solve_s=0.000691300 update_s=0.000105700 K_nnz=8072 rhs_cols=52 Vxx_nnz=2601
FILTERDDP_TIMING iteration=56 barrier_iteration=10 stage=3 derivative_s=0.000099100 first_order_s=0.000051100 second_order_s=0.000035600 algebra_s=0.000258400 kkt_assembly_s=0.000176700 factor_s=0.004512500 solve_s=0.000808100 update_s=0.000105000 K_nnz=8072 rhs_cols=52 Vxx_nnz=2601
FILTERDDP_TIMING iteration=56 barrier_iteration=10 stage=2 derivative_s=0.001551500 first_order_s=0.001490900 second_order_s=0.000036200 algebra_s=0.000239800 kkt_assembly_s=0.000178100 factor_s=0.003303100 solve_s=0.000706700 update_s=0.000114300 K_nnz=8072 rhs_cols=52 Vxx_nnz=2601
FILTERDDP_TIMING iteration=56 barrier_iteration=10 stage=1 derivative_s=0.000111600 first_order_s=0.000055500 second_order_s=0.000040900 algebra_s=0.000255000 kkt_assembly_s=0.000189500 factor_s=0.004851500 solve_s=0.000718400 update_s=0.000113600 K_nnz=8072 rhs_cols=52 Vxx_nnz=2601
FILTERDDP_FEASIBILITY iteration=56 barrier_iteration=10 equality_count=3372 equality_rms=2.493644529037e-08 equality_max=5.518094451499e-07 equality_worst_stage=5 equality_worst_index=509 dynamics_count=255 dynamics_rms=0.000000000000e+00 dynamics_max=0.000000000000e+00 dynamics_worst_stage=0 dynamics_worst_index=0 bound_count=4902 bound_rms=0.000000000000e+00 bound_max=0.000000000000e+00 bound_worst_stage=0 bound_worst_index=0 bound_worst_kind=none
    56   3.14311621e+03   5.5181e-07   1.6764e-10   1.8141e-11   -8.00      -     2.5000e-01   0
FILTERDDP_ITER_TIMING iteration=56 barrier_iteration=10 backward_s=0.033408900 forward_s=0.000666600 total_s=0.034075500 outcome=accepted step_size=2.500000000e-01 backtracks=0 mu=1.000000000e-08
FILTERDDP_TIMING iteration=57 barrier_iteration=10 stage=6 derivative_s=0.000104800 first_order_s=0.000043400 second_order_s=0.000048300 algebra_s=0.000184500 kkt_assembly_s=0.000184000 factor_s=0.002122100 solve_s=0.000558100 update_s=0.000129700 K_nnz=5522 rhs_cols=52 Vxx_nnz=2601
FILTERDDP_TIMING iteration=57 barrier_iteration=10 stage=5 derivative_s=0.000109900 first_order_s=0.000055700 second_order_s=0.000040300 algebra_s=0.000247000 kkt_assembly_s=0.000176800 factor_s=0.004595300 solve_s=0.000683800 update_s=0.000111400 K_nnz=8072 rhs_cols=52 Vxx_nnz=2601
FILTERDDP_TIMING iteration=57 barrier_iteration=10 stage=4 derivative_s=0.000107500 first_order_s=0.000054100 second_order_s=0.000039500 algebra_s=0.000249500 kkt_assembly_s=0.000178300 factor_s=0.007579000 solve_s=0.000729500 update_s=0.000111100 K_nnz=8072 rhs_cols=52 Vxx_nnz=2601
FILTERDDP_TIMING iteration=57 barrier_iteration=10 stage=3 derivative_s=0.000113300 first_order_s=0.000051000 second_order_s=0.000048900 algebra_s=0.000227400 kkt_assembly_s=0.000172600 factor_s=0.004649700 solve_s=0.000726300 update_s=0.000108600 K_nnz=8072 rhs_cols=52 Vxx_nnz=2601
FILTERDDP_TIMING iteration=57 barrier_iteration=10 stage=2 derivative_s=0.000116600 first_order_s=0.000064200 second_order_s=0.000038700 algebra_s=0.000231500 kkt_assembly_s=0.000173700 factor_s=0.002923900 solve_s=0.000752200 update_s=0.000107200 K_nnz=8072 rhs_cols=52 Vxx_nnz=2601
FILTERDDP_TIMING iteration=57 barrier_iteration=10 stage=1 derivative_s=0.000138900 first_order_s=0.000074400 second_order_s=0.000047900 algebra_s=0.000241400 kkt_assembly_s=0.000181600 factor_s=0.006310600 solve_s=0.000755100 update_s=0.000127200 K_nnz=8072 rhs_cols=52 Vxx_nnz=2601
FILTERDDP_FEASIBILITY iteration=57 barrier_iteration=10 equality_count=3372 equality_rms=1.873782883671e-08 equality_max=4.145739884213e-07 equality_worst_stage=5 equality_worst_index=509 dynamics_count=255 dynamics_rms=0.000000000000e+00 dynamics_max=0.000000000000e+00 dynamics_worst_stage=0 dynamics_worst_index=0 bound_count=4902 bound_rms=0.000000000000e+00 bound_max=0.000000000000e+00 bound_worst_stage=0 bound_worst_index=0 bound_worst_kind=none
    57   3.14311616e+03   4.1457e-07   1.2560e-10   1.8141e-11   -8.00      -     2.5000e-01   0
FILTERDDP_ITER_TIMING iteration=57 barrier_iteration=10 backward_s=0.036588500 forward_s=0.000687500 total_s=0.037276000 outcome=accepted step_size=2.500000000e-01 backtracks=0 mu=1.000000000e-08
FILTERDDP_TIMING iteration=58 barrier_iteration=10 stage=6 derivative_s=0.000107700 first_order_s=0.000045300 second_order_s=0.000048200 algebra_s=0.000192100 kkt_assembly_s=0.000193000 factor_s=0.002077600 solve_s=0.000533600 update_s=0.000131100 K_nnz=5522 rhs_cols=52 Vxx_nnz=2601
FILTERDDP_TIMING iteration=58 barrier_iteration=10 stage=5 derivative_s=0.000111400 first_order_s=0.000056000 second_order_s=0.000042100 algebra_s=0.000260200 kkt_assembly_s=0.000180400 factor_s=0.003243800 solve_s=0.000738900 update_s=0.000114500 K_nnz=8072 rhs_cols=52 Vxx_nnz=2601
FILTERDDP_TIMING iteration=58 barrier_iteration=10 stage=4 derivative_s=0.000125400 first_order_s=0.000059600 second_order_s=0.000052000 algebra_s=0.000249100 kkt_assembly_s=0.000182800 factor_s=0.004681800 solve_s=0.000741400 update_s=0.000108400 K_nnz=8072 rhs_cols=52 Vxx_nnz=2601
FILTERDDP_TIMING iteration=58 barrier_iteration=10 stage=3 derivative_s=0.000112300 first_order_s=0.000056100 second_order_s=0.000042500 algebra_s=0.001892600 kkt_assembly_s=0.000181100 factor_s=0.004537100 solve_s=0.000738700 update_s=0.000111500 K_nnz=8072 rhs_cols=52 Vxx_nnz=2601
FILTERDDP_TIMING iteration=58 barrier_iteration=10 stage=2 derivative_s=0.000109300 first_order_s=0.000054900 second_order_s=0.000040500 algebra_s=0.000245600 kkt_assembly_s=0.000183200 factor_s=0.008927800 solve_s=0.001374100 update_s=0.000208900 K_nnz=8072 rhs_cols=52 Vxx_nnz=2601
FILTERDDP_TIMING iteration=58 barrier_iteration=10 stage=1 derivative_s=0.000235300 first_order_s=0.000101600 second_order_s=0.000100700 algebra_s=0.000508700 kkt_assembly_s=0.000357600 factor_s=0.007734400 solve_s=0.001047100 update_s=0.000177300 K_nnz=8072 rhs_cols=52 Vxx_nnz=2601
FILTERDDP_FEASIBILITY iteration=58 barrier_iteration=10 equality_count=3372 equality_rms=1.407328040846e-08 equality_max=3.112963666385e-07 equality_worst_stage=5 equality_worst_index=509 dynamics_count=255 dynamics_rms=0.000000000000e+00 dynamics_max=0.000000000000e+00 dynamics_worst_stage=0 dynamics_worst_index=0 bound_count=4902 bound_rms=0.000000000000e+00 bound_max=0.000000000000e+00 bound_worst_stage=0 bound_worst_index=0 bound_worst_kind=none
    58   3.14311612e+03   3.1130e-07   9.3963e-11   1.8141e-11   -8.00      -     2.5000e-01   0
FILTERDDP_ITER_TIMING iteration=58 barrier_iteration=10 backward_s=0.043133800 forward_s=0.000927100 total_s=0.044060900 outcome=accepted step_size=2.500000000e-01 backtracks=0 mu=1.000000000e-08
FILTERDDP_TIMING iteration=59 barrier_iteration=10 stage=6 derivative_s=0.000155000 first_order_s=0.000064800 second_order_s=0.000067400 algebra_s=0.000312600 kkt_assembly_s=0.000286100 factor_s=0.004846900 solve_s=0.000689600 update_s=0.000152900 K_nnz=5522 rhs_cols=52 Vxx_nnz=2601
FILTERDDP_TIMING iteration=59 barrier_iteration=10 stage=5 derivative_s=0.000139800 first_order_s=0.000068300 second_order_s=0.000051900 algebra_s=0.000345000 kkt_assembly_s=0.000252000 factor_s=0.004171500 solve_s=0.000753600 update_s=0.000106400 K_nnz=8072 rhs_cols=52 Vxx_nnz=2601
FILTERDDP_TIMING iteration=59 barrier_iteration=10 stage=4 derivative_s=0.000109700 first_order_s=0.000055400 second_order_s=0.000040300 algebra_s=0.000244500 kkt_assembly_s=0.000194700 factor_s=0.004845000 solve_s=0.000722900 update_s=0.000102200 K_nnz=8072 rhs_cols=52 Vxx_nnz=2601
FILTERDDP_TIMING iteration=59 barrier_iteration=10 stage=3 derivative_s=0.000106900 first_order_s=0.000053800 second_order_s=0.000039100 algebra_s=0.000280600 kkt_assembly_s=0.000181100 factor_s=0.005053500 solve_s=0.000746200 update_s=0.000109700 K_nnz=8072 rhs_cols=52 Vxx_nnz=2601
FILTERDDP_TIMING iteration=59 barrier_iteration=10 stage=2 derivative_s=0.000107600 first_order_s=0.000054800 second_order_s=0.000039700 algebra_s=0.000254300 kkt_assembly_s=0.000179700 factor_s=0.004206000 solve_s=0.000699200 update_s=0.000106400 K_nnz=8072 rhs_cols=52 Vxx_nnz=2601
FILTERDDP_TIMING iteration=59 barrier_iteration=10 stage=1 derivative_s=0.000104900 first_order_s=0.000052800 second_order_s=0.000039000 algebra_s=0.000251100 kkt_assembly_s=0.000180400 factor_s=0.004397600 solve_s=0.000679000 update_s=0.000103900 K_nnz=8072 rhs_cols=52 Vxx_nnz=2601
FILTERDDP_FEASIBILITY iteration=59 barrier_iteration=10 equality_count=3372 equality_rms=1.056616531435e-08 equality_max=2.336602790110e-07 equality_worst_stage=5 equality_worst_index=509 dynamics_count=255 dynamics_rms=0.000000000000e+00 dynamics_max=0.000000000000e+00 dynamics_worst_stage=0 dynamics_worst_index=0 bound_count=4902 bound_rms=0.000000000000e+00 bound_max=0.000000000000e+00 bound_worst_stage=0 bound_worst_index=0 bound_worst_kind=none
    59   3.14311609e+03   2.3366e-07   7.0219e-11   1.8141e-11   -8.00      -     2.5000e-01   0
FILTERDDP_ITER_TIMING iteration=59 barrier_iteration=10 backward_s=0.036561400 forward_s=0.000628000 total_s=0.037189400 outcome=accepted step_size=2.500000000e-01 backtracks=0 mu=1.000000000e-08
FILTERDDP_TIMING iteration=60 barrier_iteration=10 stage=6 derivative_s=0.000101800 first_order_s=0.000042700 second_order_s=0.000047500 algebra_s=0.000176700 kkt_assembly_s=0.000173000 factor_s=0.002104500 solve_s=0.000572000 update_s=0.000132900 K_nnz=5522 rhs_cols=52 Vxx_nnz=2601
FILTERDDP_TIMING iteration=60 barrier_iteration=10 stage=5 derivative_s=0.000105800 first_order_s=0.000054800 second_order_s=0.000038100 algebra_s=0.000244100 kkt_assembly_s=0.000200500 factor_s=0.002888800 solve_s=0.000631200 update_s=0.000110800 K_nnz=8072 rhs_cols=52 Vxx_nnz=2601
FILTERDDP_TIMING iteration=60 barrier_iteration=10 stage=4 derivative_s=0.000101800 first_order_s=0.000051700 second_order_s=0.000037700 algebra_s=0.000239500 kkt_assembly_s=0.000170200 factor_s=0.005939200 solve_s=0.000706200 update_s=0.000136700 K_nnz=8072 rhs_cols=52 Vxx_nnz=2601
FILTERDDP_TIMING iteration=60 barrier_iteration=10 stage=3 derivative_s=0.000109500 first_order_s=0.000052700 second_order_s=0.000043100 algebra_s=0.000234000 kkt_assembly_s=0.000182400 factor_s=0.004673700 solve_s=0.000699200 update_s=0.000103400 K_nnz=8072 rhs_cols=52 Vxx_nnz=2601
FILTERDDP_TIMING iteration=60 barrier_iteration=10 stage=2 derivative_s=0.000102000 first_order_s=0.000051300 second_order_s=0.000037500 algebra_s=0.000232700 kkt_assembly_s=0.000175400 factor_s=0.003056800 solve_s=0.000599400 update_s=0.000100300 K_nnz=8072 rhs_cols=52 Vxx_nnz=2601
FILTERDDP_TIMING iteration=60 barrier_iteration=10 stage=1 derivative_s=0.000097300 first_order_s=0.000048500 second_order_s=0.000036100 algebra_s=0.000223900 kkt_assembly_s=0.000169800 factor_s=0.004277600 solve_s=0.000689000 update_s=0.000104800 K_nnz=8072 rhs_cols=52 Vxx_nnz=2601
FILTERDDP_FEASIBILITY iteration=60 barrier_iteration=10 equality_count=3372 equality_rms=7.930953283220e-09 equality_max=1.753430108707e-07 equality_worst_stage=5 equality_worst_index=509 dynamics_count=255 dynamics_rms=0.000000000000e+00 dynamics_max=0.000000000000e+00 dynamics_worst_stage=0 dynamics_worst_index=0 bound_count=4902 bound_rms=0.000000000000e+00 bound_max=0.000000000000e+00 bound_worst_stage=0 bound_worst_index=0 bound_worst_kind=none
  iter     objective        pr_inf       du_inf       cs_inf     lg(μ)   lg(reg)    alpha     ls
    60   3.14311607e+03   1.7534e-07   5.2432e-11   1.8141e-11   -8.00      -     2.5000e-01   0
FILTERDDP_ITER_TIMING iteration=60 barrier_iteration=10 backward_s=0.030917100 forward_s=0.000627400 total_s=0.031544500 outcome=accepted step_size=2.500000000e-01 backtracks=0 mu=1.000000000e-08
FILTERDDP_TIMING iteration=61 barrier_iteration=10 stage=6 derivative_s=0.000133000 first_order_s=0.000047100 second_order_s=0.000070300 algebra_s=0.001831700 kkt_assembly_s=0.000172600 factor_s=0.002026000 solve_s=0.000438400 update_s=0.000088900 K_nnz=5522 rhs_cols=52 Vxx_nnz=2601
FILTERDDP_TIMING iteration=61 barrier_iteration=10 stage=5 derivative_s=0.000099900 first_order_s=0.000050200 second_order_s=0.000036700 algebra_s=0.000224300 kkt_assembly_s=0.000167300 factor_s=0.002814300 solve_s=0.000647400 update_s=0.000121200 K_nnz=8072 rhs_cols=52 Vxx_nnz=2601
FILTERDDP_TIMING iteration=61 barrier_iteration=10 stage=4 derivative_s=0.000095700 first_order_s=0.000048300 second_order_s=0.000035000 algebra_s=0.000222100 kkt_assembly_s=0.000168400 factor_s=0.004662100 solve_s=0.000685000 update_s=0.000101500 K_nnz=8072 rhs_cols=52 Vxx_nnz=2601
FILTERDDP_TIMING iteration=61 barrier_iteration=10 stage=3 derivative_s=0.000098400 first_order_s=0.000050100 second_order_s=0.000035800 algebra_s=0.000226000 kkt_assembly_s=0.000176000 factor_s=0.004532900 solve_s=0.000741400 update_s=0.000102700 K_nnz=8072 rhs_cols=52 Vxx_nnz=2601
FILTERDDP_TIMING iteration=61 barrier_iteration=10 stage=2 derivative_s=0.000106000 first_order_s=0.000052800 second_order_s=0.000040500 algebra_s=0.001643500 kkt_assembly_s=0.000178300 factor_s=0.002801400 solve_s=0.000596700 update_s=0.000100900 K_nnz=8072 rhs_cols=52 Vxx_nnz=2601
FILTERDDP_TIMING iteration=61 barrier_iteration=10 stage=1 derivative_s=0.000108900 first_order_s=0.000049300 second_order_s=0.000046600 algebra_s=0.000224500 kkt_assembly_s=0.000168600 factor_s=0.004376900 solve_s=0.000882200 update_s=0.000102000 K_nnz=8072 rhs_cols=52 Vxx_nnz=2601
FILTERDDP_FEASIBILITY iteration=61 barrier_iteration=10 equality_count=3372 equality_rms=5.951800410058e-09 equality_max=1.315588472479e-07 equality_worst_stage=5 equality_worst_index=509 dynamics_count=255 dynamics_rms=0.000000000000e+00 dynamics_max=0.000000000000e+00 dynamics_worst_stage=0 dynamics_worst_index=0 bound_count=4902 bound_rms=0.000000000000e+00 bound_max=0.000000000000e+00 bound_worst_stage=0 bound_worst_index=0 bound_worst_kind=none
    61   3.14311605e+03   1.3156e-07   3.9127e-11   1.8141e-11   -8.00      -     2.5000e-01   0
FILTERDDP_ITER_TIMING iteration=61 barrier_iteration=10 backward_s=0.032207200 forward_s=0.000719600 total_s=0.032926800 outcome=accepted step_size=2.500000000e-01 backtracks=0 mu=1.000000000e-08
FILTERDDP_TIMING iteration=62 barrier_iteration=10 stage=6 derivative_s=0.000114600 first_order_s=0.000054700 second_order_s=0.000047300 algebra_s=0.000197600 kkt_assembly_s=0.000174900 factor_s=0.001975400 solve_s=0.000518400 update_s=0.000101600 K_nnz=5522 rhs_cols=52 Vxx_nnz=2601
FILTERDDP_TIMING iteration=62 barrier_iteration=10 stage=5 derivative_s=0.000114200 first_order_s=0.000062400 second_order_s=0.000038700 algebra_s=0.000240300 kkt_assembly_s=0.000175300 factor_s=0.002756400 solve_s=0.000655000 update_s=0.001671000 K_nnz=8072 rhs_cols=52 Vxx_nnz=2601
FILTERDDP_TIMING iteration=62 barrier_iteration=10 stage=4 derivative_s=0.000099900 first_order_s=0.000050800 second_order_s=0.000035800 algebra_s=0.000232000 kkt_assembly_s=0.000176500 factor_s=0.005054400 solve_s=0.000772600 update_s=0.000115400 K_nnz=8072 rhs_cols=52 Vxx_nnz=2601
FILTERDDP_TIMING iteration=62 barrier_iteration=10 stage=3 derivative_s=0.000122500 first_order_s=0.000056900 second_order_s=0.000040300 algebra_s=0.000292200 kkt_assembly_s=0.000180100 factor_s=0.004707300 solve_s=0.000696600 update_s=0.000116000 K_nnz=8072 rhs_cols=52 Vxx_nnz=2601
FILTERDDP_TIMING iteration=62 barrier_iteration=10 stage=2 derivative_s=0.000108200 first_order_s=0.000054500 second_order_s=0.000039900 algebra_s=0.000246200 kkt_assembly_s=0.000191900 factor_s=0.002800600 solve_s=0.000602600 update_s=0.000113600 K_nnz=8072 rhs_cols=52 Vxx_nnz=2601
FILTERDDP_TIMING iteration=62 barrier_iteration=10 stage=1 derivative_s=0.000100800 first_order_s=0.000052000 second_order_s=0.000036300 algebra_s=0.000227700 kkt_assembly_s=0.000169900 factor_s=0.004831900 solve_s=0.002150600 update_s=0.000107600 K_nnz=8072 rhs_cols=52 Vxx_nnz=2601
FILTERDDP_FEASIBILITY iteration=62 barrier_iteration=10 equality_count=3372 equality_rms=4.465884935673e-09 equality_max=9.869670636179e-08 equality_worst_stage=5 equality_worst_index=509 dynamics_count=255 dynamics_rms=0.000000000000e+00 dynamics_max=0.000000000000e+00 dynamics_worst_stage=0 dynamics_worst_index=0 bound_count=4902 bound_rms=0.000000000000e+00 bound_max=0.000000000000e+00 bound_worst_stage=0 bound_worst_index=0 bound_worst_kind=none
FILTERDDP_ITER_TIMING iteration=62 barrier_iteration=10 backward_s=0.033285500 forward_s=0.000000000 total_s=0.033285500 outcome=converged step_size=2.500000000e-01 backtracks=0 mu=1.000000000e-08
    62   3.14311604e+03   9.8697e-08   3.0922e-11   1.8141e-11   -8.00      -     2.5000e-01   0


EXIT: Optimal solution found.

solve complete: 19.993 s, iterations=62, status=0
FILTERDDP_MEMORY_PEAK maxrss_mib=1112.6
final residuals: primal=9.869670636179e-08 dual=3.092196919157e-11 complementarity=1.814102493298e-11
solution_write_skipped=1
Precompiling packages...
   4633.2 ms  ✓ DDP4OPF
  1 dependency successfully precompiled in 6 seconds. 102 already precompiled.
FilterDDP objective=3143.116039401098 max_equality_residual=9.870e-08
Ipopt objective=2973.553340644326 objective_gap=1.696e+02
max_abs_diff[P_Subs]=3.804e-01
max_abs_diff[Q_Subs]=4.003e-02
max_abs_diff[P]=3.804e-01
max_abs_diff[Q]=4.003e-02
max_abs_diff[v]=1.972e-02
max_abs_diff[ell]=5.746e-01
max_abs_diff[P_B]=1.058e-02
max_abs_diff[B]=2.773e-02
max_abs_diff[q_D]=3.508e-03
