C_B OVERRIDE: 0.001
ieee123C_1ph T=6: nx=51, nu=791, nc=562, dense nu^2=625681, reduced=229
TERMINAL_SOC soft=1 gamma=1.750000e+04
build complete: 2.350 s, nc=562
constructing dynamic Solver storage...
optimality_tolerance=1.000e-07 max_iterations=400
Solver construction complete: 0.309 s
entering solve! ...
[31;1m   
 _____ _ _ _            ____  ____  ____  
|  ___(_) | |_ ___ _ __|  _ \|  _ \|  _ \ 
| |_  | | | __/ _ \ '__| | | | | | | |_) |
|  _| | | | ||  __/ |  | |_| | |_| |  __/ 
|_|   |_|_|\__\___|_|  |____/|____/|_|                 
    
[0mTREE_KKT layout: nodes=128 feeders=1 nE=102 groups=1 max_own=10 max_iface=3
FILTERDDP_TIMING iteration=0 barrier_iteration=0 stage=6 derivative_s=0.245797800 first_order_s=0.059569700 second_order_s=0.091117100 algebra_s=1.390737200 kkt_assembly_s=1.338791900 factor_s=3.956331300 solve_s=1.204337200 update_s=0.346343700 K_nnz=5269 rhs_cols=1 Vxx_nnz=2601
FILTERDDP_TIMING iteration=0 barrier_iteration=0 stage=5 derivative_s=0.031644800 first_order_s=0.020205000 second_order_s=0.011382700 algebra_s=0.000295900 kkt_assembly_s=0.000688100 factor_s=0.005703000 solve_s=0.001280700 update_s=0.000136200 K_nnz=5269 rhs_cols=1 Vxx_nnz=2601
FILTERDDP_TIMING iteration=0 barrier_iteration=0 stage=4 derivative_s=0.000324300 first_order_s=0.000155700 second_order_s=0.000117700 algebra_s=0.000764600 kkt_assembly_s=0.002288000 factor_s=0.002313400 solve_s=0.001211700 update_s=0.000125100 K_nnz=5269 rhs_cols=1 Vxx_nnz=2601
FILTERDDP_TIMING iteration=0 barrier_iteration=0 stage=3 derivative_s=0.000318300 first_order_s=0.000157500 second_order_s=0.000113400 algebra_s=0.000754600 kkt_assembly_s=0.002033700 factor_s=0.002452000 solve_s=0.001094000 update_s=0.000108900 K_nnz=5269 rhs_cols=1 Vxx_nnz=2601
FILTERDDP_TIMING iteration=0 barrier_iteration=0 stage=2 derivative_s=0.000358200 first_order_s=0.000180400 second_order_s=0.000120600 algebra_s=0.000748000 kkt_assembly_s=0.002017300 factor_s=0.002305500 solve_s=0.001380200 update_s=0.000122100 K_nnz=5269 rhs_cols=1 Vxx_nnz=2601
FILTERDDP_TIMING iteration=0 barrier_iteration=0 stage=1 derivative_s=0.000303700 first_order_s=0.000165300 second_order_s=0.000098900 algebra_s=0.000913000 kkt_assembly_s=0.002438000 factor_s=0.002216200 solve_s=0.001337800 update_s=0.000111000 K_nnz=5269 rhs_cols=1 Vxx_nnz=2601
FILTERDDP_FEASIBILITY iteration=0 barrier_iteration=0 equality_count=3372 equality_rms=4.305296482273e-02 equality_max=1.000000000000e+00 equality_worst_stage=6 equality_worst_index=1 dynamics_count=255 dynamics_rms=0.000000000000e+00 dynamics_max=0.000000000000e+00 dynamics_worst_stage=0 dynamics_worst_index=0 bound_count=4902 bound_rms=0.000000000000e+00 bound_max=0.000000000000e+00 bound_worst_stage=0 bound_worst_index=0 bound_worst_kind=none
  iter     objective        pr_inf       du_inf       cs_inf     lg(μ)   lg(reg)    alpha     ls
     0   3.36000000e+03   1.0000e+00   7.6685e+02   1.0000e+00    0.00      -     0.0000e+00   0
FILTERDDP_ITER_TIMING iteration=0 barrier_iteration=0 backward_s=17.536472500 forward_s=0.848693500 total_s=18.385166000 outcome=accepted step_size=6.250000000e-02 backtracks=0 mu=1.000000000e+00
FILTERDDP_TIMING iteration=1 barrier_iteration=0 stage=6 derivative_s=0.000171000 first_order_s=0.000071600 second_order_s=0.000051900 algebra_s=0.000350300 kkt_assembly_s=0.007921500 factor_s=0.000875700 solve_s=0.000960500 update_s=0.000114800 K_nnz=5269 rhs_cols=1 Vxx_nnz=2601
FILTERDDP_TIMING iteration=1 barrier_iteration=0 stage=5 derivative_s=0.000369700 first_order_s=0.000146800 second_order_s=0.000177700 algebra_s=0.000772500 kkt_assembly_s=0.000153700 factor_s=0.002323500 solve_s=0.001227100 update_s=0.000101400 K_nnz=5269 rhs_cols=1 Vxx_nnz=2601
FILTERDDP_TIMING iteration=1 barrier_iteration=0 stage=4 derivative_s=0.000285700 first_order_s=0.000145800 second_order_s=0.000099700 algebra_s=0.000750900 kkt_assembly_s=0.000148000 factor_s=0.002449200 solve_s=0.001238900 update_s=0.000098500 K_nnz=5269 rhs_cols=1 Vxx_nnz=2601
FILTERDDP_TIMING iteration=1 barrier_iteration=0 stage=3 derivative_s=0.000333100 first_order_s=0.000192200 second_order_s=0.000100000 algebra_s=0.000735400 kkt_assembly_s=0.000143100 factor_s=0.002345500 solve_s=0.001164100 update_s=0.000095600 K_nnz=5269 rhs_cols=1 Vxx_nnz=2601
FILTERDDP_TIMING iteration=1 barrier_iteration=0 stage=2 derivative_s=0.000270300 first_order_s=0.000134200 second_order_s=0.000099400 algebra_s=0.000699900 kkt_assembly_s=0.000124000 factor_s=0.002296300 solve_s=0.001239200 update_s=0.000103200 K_nnz=5269 rhs_cols=1 Vxx_nnz=2601
FILTERDDP_TIMING iteration=1 barrier_iteration=0 stage=1 derivative_s=0.000363900 first_order_s=0.000225700 second_order_s=0.000100000 algebra_s=0.000703500 kkt_assembly_s=0.000165000 factor_s=0.002267200 solve_s=0.001252600 update_s=0.000091600 K_nnz=5269 rhs_cols=1 Vxx_nnz=2601
FILTERDDP_FEASIBILITY iteration=1 barrier_iteration=0 equality_count=3372 equality_rms=4.045265184342e-02 equality_max=9.375000000000e-01 equality_worst_stage=1 equality_worst_index=1 dynamics_count=255 dynamics_rms=0.000000000000e+00 dynamics_max=0.000000000000e+00 dynamics_worst_stage=0 dynamics_worst_index=0 bound_count=4902 bound_rms=0.000000000000e+00 bound_max=0.000000000000e+00 bound_worst_stage=0 bound_worst_index=0 bound_worst_kind=none
     1   3.51197761e+03   9.3750e-01   7.1892e+02   1.0000e+00    0.00      -     6.2500e-02   0
FILTERDDP_ITER_TIMING iteration=1 barrier_iteration=0 backward_s=0.035129700 forward_s=0.002652300 total_s=0.037782000 outcome=accepted step_size=1.250000000e-01 backtracks=0 mu=1.000000000e+00
FILTERDDP_TIMING iteration=2 barrier_iteration=0 stage=6 derivative_s=0.000292600 first_order_s=0.000116000 second_order_s=0.000142000 algebra_s=0.000863600 kkt_assembly_s=0.000125800 factor_s=0.002338100 solve_s=0.001216300 update_s=0.000091800 K_nnz=5269 rhs_cols=1 Vxx_nnz=2601
FILTERDDP_TIMING iteration=2 barrier_iteration=0 stage=5 derivative_s=0.000269500 first_order_s=0.000135400 second_order_s=0.000098200 algebra_s=0.000743300 kkt_assembly_s=0.000125800 factor_s=0.002347200 solve_s=0.001150600 update_s=0.000091000 K_nnz=5269 rhs_cols=1 Vxx_nnz=2601
FILTERDDP_TIMING iteration=2 barrier_iteration=0 stage=4 derivative_s=0.000263700 first_order_s=0.000132100 second_order_s=0.000095500 algebra_s=0.000725800 kkt_assembly_s=0.000123600 factor_s=0.002479800 solve_s=0.001183800 update_s=0.000111600 K_nnz=5269 rhs_cols=1 Vxx_nnz=2601
FILTERDDP_TIMING iteration=2 barrier_iteration=0 stage=3 derivative_s=0.000265900 first_order_s=0.000133200 second_order_s=0.000097100 algebra_s=0.000716000 kkt_assembly_s=0.000123100 factor_s=0.002341800 solve_s=0.001244900 update_s=0.000089000 K_nnz=5269 rhs_cols=1 Vxx_nnz=2601
FILTERDDP_TIMING iteration=2 barrier_iteration=0 stage=2 derivative_s=0.000282000 first_order_s=0.000131400 second_order_s=0.000115100 algebra_s=0.000712300 kkt_assembly_s=0.000122100 factor_s=0.002305900 solve_s=0.001089700 update_s=0.000092100 K_nnz=5269 rhs_cols=1 Vxx_nnz=2601
FILTERDDP_TIMING iteration=2 barrier_iteration=0 stage=1 derivative_s=0.000370400 first_order_s=0.000191200 second_order_s=0.000126700 algebra_s=0.000847300 kkt_assembly_s=0.000123000 factor_s=0.002315000 solve_s=0.001302200 update_s=0.000091000 K_nnz=5269 rhs_cols=1 Vxx_nnz=2601
FILTERDDP_FEASIBILITY iteration=2 barrier_iteration=0 equality_count=3372 equality_rms=3.615947602929e-02 equality_max=8.203125000000e-01 equality_worst_stage=1 equality_worst_index=1 dynamics_count=255 dynamics_rms=0.000000000000e+00 dynamics_max=0.000000000000e+00 dynamics_worst_stage=0 dynamics_worst_index=0 bound_count=4902 bound_rms=0.000000000000e+00 bound_max=0.000000000000e+00 bound_worst_stage=0 bound_worst_index=0 bound_worst_kind=none
     2   3.76919425e+03   8.2031e-01   6.2905e+02   1.0000e+00    0.00      -     1.2500e-01   0
FILTERDDP_ITER_TIMING iteration=2 barrier_iteration=0 backward_s=0.029358400 forward_s=0.002531100 total_s=0.031889500 outcome=accepted step_size=2.500000000e-01 backtracks=0 mu=1.000000000e+00
FILTERDDP_TIMING iteration=3 barrier_iteration=0 stage=6 derivative_s=0.000285900 first_order_s=0.000133600 second_order_s=0.000116900 algebra_s=0.000916800 kkt_assembly_s=0.000151100 factor_s=0.002066500 solve_s=0.001353300 update_s=0.000093300 K_nnz=5269 rhs_cols=1 Vxx_nnz=2601
FILTERDDP_TIMING iteration=3 barrier_iteration=0 stage=5 derivative_s=0.000287600 first_order_s=0.000134000 second_order_s=0.000117800 algebra_s=0.000716500 kkt_assembly_s=0.000136300 factor_s=0.002261900 solve_s=0.001226200 update_s=0.000102900 K_nnz=5269 rhs_cols=1 Vxx_nnz=2601
FILTERDDP_TIMING iteration=3 barrier_iteration=0 stage=4 derivative_s=0.000265800 first_order_s=0.000133800 second_order_s=0.000096800 algebra_s=0.000757600 kkt_assembly_s=0.000124300 factor_s=0.002343700 solve_s=0.001252000 update_s=0.000090700 K_nnz=5269 rhs_cols=1 Vxx_nnz=2601
FILTERDDP_TIMING iteration=3 barrier_iteration=0 stage=3 derivative_s=0.000270500 first_order_s=0.000138100 second_order_s=0.000096400 algebra_s=0.000758500 kkt_assembly_s=0.000143500 factor_s=0.002413100 solve_s=0.001256000 update_s=0.000092200 K_nnz=5269 rhs_cols=1 Vxx_nnz=2601
FILTERDDP_TIMING iteration=3 barrier_iteration=0 stage=2 derivative_s=0.000294100 first_order_s=0.000139000 second_order_s=0.000103600 algebra_s=0.000808000 kkt_assembly_s=0.000123200 factor_s=0.002351300 solve_s=0.001013600 update_s=0.000091300 K_nnz=5269 rhs_cols=1 Vxx_nnz=2601
FILTERDDP_TIMING iteration=3 barrier_iteration=0 stage=1 derivative_s=0.000292500 first_order_s=0.000143400 second_order_s=0.000113600 algebra_s=0.000754000 kkt_assembly_s=0.000160000 factor_s=0.002503800 solve_s=0.001640200 update_s=0.000135400 K_nnz=5269 rhs_cols=1 Vxx_nnz=2601
FILTERDDP_FEASIBILITY iteration=3 barrier_iteration=0 equality_count=3372 equality_rms=3.137346529022e-02 equality_max=6.152343750000e-01 equality_worst_stage=1 equality_worst_index=1 dynamics_count=255 dynamics_rms=0.000000000000e+00 dynamics_max=0.000000000000e+00 dynamics_worst_stage=0 dynamics_worst_index=0 bound_count=4902 bound_rms=0.000000000000e+00 bound_max=0.000000000000e+00 bound_worst_stage=0 bound_worst_index=0 bound_worst_kind=none
     3   3.99149838e+03   6.1523e-01   4.7179e+02   9.9998e-01    0.00      -     2.5000e-01   0
FILTERDDP_ITER_TIMING iteration=3 barrier_iteration=0 backward_s=0.029915100 forward_s=0.002617800 total_s=0.032532900 outcome=accepted step_size=2.500000000e-01 backtracks=0 mu=1.000000000e+00
FILTERDDP_TIMING iteration=4 barrier_iteration=0 stage=6 derivative_s=0.000482100 first_order_s=0.000162400 second_order_s=0.000269700 algebra_s=0.001133500 kkt_assembly_s=0.000127300 factor_s=0.002357700 solve_s=0.001226500 update_s=0.000123100 K_nnz=5269 rhs_cols=1 Vxx_nnz=2601
FILTERDDP_TIMING iteration=4 barrier_iteration=0 stage=5 derivative_s=0.000370100 first_order_s=0.000176500 second_order_s=0.000158000 algebra_s=0.000894900 kkt_assembly_s=0.000184000 factor_s=0.021874600 solve_s=0.001235800 update_s=0.000099300 K_nnz=5269 rhs_cols=1 Vxx_nnz=2601
FILTERDDP_TIMING iteration=4 barrier_iteration=0 stage=4 derivative_s=0.000271200 first_order_s=0.000134500 second_order_s=0.000099200 algebra_s=0.000725600 kkt_assembly_s=0.000129400 factor_s=0.002465800 solve_s=0.001270900 update_s=0.000095500 K_nnz=5269 rhs_cols=1 Vxx_nnz=2601
FILTERDDP_TIMING iteration=4 barrier_iteration=0 stage=3 derivative_s=0.000276700 first_order_s=0.000139900 second_order_s=0.000100600 algebra_s=0.000719200 kkt_assembly_s=0.000125400 factor_s=0.002279100 solve_s=0.001311200 update_s=0.000102700 K_nnz=5269 rhs_cols=1 Vxx_nnz=2601
FILTERDDP_TIMING iteration=4 barrier_iteration=0 stage=2 derivative_s=0.000270600 first_order_s=0.000136600 second_order_s=0.000097400 algebra_s=0.000714200 kkt_assembly_s=0.000126100 factor_s=0.002322700 solve_s=0.001246600 update_s=0.000094500 K_nnz=5269 rhs_cols=1 Vxx_nnz=2601
FILTERDDP_TIMING iteration=4 barrier_iteration=0 stage=1 derivative_s=0.000269400 first_order_s=0.000135500 second_order_s=0.000097600 algebra_s=0.000721500 kkt_assembly_s=0.000127400 factor_s=0.002394300 solve_s=0.001236200 update_s=0.000096600 K_nnz=5269 rhs_cols=1 Vxx_nnz=2601
FILTERDDP_FEASIBILITY iteration=4 barrier_iteration=0 equality_count=3372 equality_rms=2.589450168372e-02 equality_max=4.614257812500e-01 equality_worst_stage=1 equality_worst_index=1 dynamics_count=255 dynamics_rms=0.000000000000e+00 dynamics_max=0.000000000000e+00 dynamics_worst_stage=0 dynamics_worst_index=0 bound_count=4902 bound_rms=0.000000000000e+00 bound_max=0.000000000000e+00 bound_worst_stage=0 bound_worst_index=0 bound_worst_kind=none
     4   4.09079774e+03   4.6143e-01   3.5384e+02   9.9997e-01    0.00      -     2.5000e-01   0
FILTERDDP_ITER_TIMING iteration=4 barrier_iteration=0 backward_s=0.049950400 forward_s=0.002209300 total_s=0.052159700 outcome=accepted step_size=5.000000000e-01 backtracks=0 mu=1.000000000e+00
FILTERDDP_TIMING iteration=5 barrier_iteration=0 stage=6 derivative_s=0.000277300 first_order_s=0.000116900 second_order_s=0.000124600 algebra_s=0.000835900 kkt_assembly_s=0.000174300 factor_s=0.002779800 solve_s=0.001324100 update_s=0.000094300 K_nnz=5269 rhs_cols=1 Vxx_nnz=2601
FILTERDDP_TIMING iteration=5 barrier_iteration=0 stage=5 derivative_s=0.000274500 first_order_s=0.000141400 second_order_s=0.000096900 algebra_s=0.000748400 kkt_assembly_s=0.000135700 factor_s=0.002244900 solve_s=0.001274600 update_s=0.000092800 K_nnz=5269 rhs_cols=1 Vxx_nnz=2601
FILTERDDP_TIMING iteration=5 barrier_iteration=0 stage=4 derivative_s=0.000269500 first_order_s=0.000135900 second_order_s=0.000097500 algebra_s=0.000705300 kkt_assembly_s=0.000125800 factor_s=0.002374100 solve_s=0.001291800 update_s=0.000096000 K_nnz=5269 rhs_cols=1 Vxx_nnz=2601
FILTERDDP_TIMING iteration=5 barrier_iteration=0 stage=3 derivative_s=0.000272200 first_order_s=0.000134700 second_order_s=0.000101100 algebra_s=0.000750700 kkt_assembly_s=0.000135700 factor_s=0.002359600 solve_s=0.001187500 update_s=0.000124000 K_nnz=5269 rhs_cols=1 Vxx_nnz=2601
FILTERDDP_TIMING iteration=5 barrier_iteration=0 stage=2 derivative_s=0.000266700 first_order_s=0.000133800 second_order_s=0.000096400 algebra_s=0.000743100 kkt_assembly_s=0.000127600 factor_s=0.002320900 solve_s=0.001292700 update_s=0.000113100 K_nnz=5269 rhs_cols=1 Vxx_nnz=2601
FILTERDDP_TIMING iteration=5 barrier_iteration=0 stage=1 derivative_s=0.000389300 first_order_s=0.000134500 second_order_s=0.000218100 algebra_s=0.000725700 kkt_assembly_s=0.000124900 factor_s=0.002681600 solve_s=0.001332600 update_s=0.000094800 K_nnz=5269 rhs_cols=1 Vxx_nnz=2601
FILTERDDP_FEASIBILITY iteration=5 barrier_iteration=0 equality_count=3372 equality_rms=1.936354786625e-02 equality_max=2.307128906250e-01 equality_worst_stage=1 equality_worst_index=1 dynamics_count=255 dynamics_rms=0.000000000000e+00 dynamics_max=0.000000000000e+00 dynamics_worst_stage=0 dynamics_worst_index=0 bound_count=4902 bound_rms=0.000000000000e+00 bound_max=0.000000000000e+00 bound_worst_stage=0 bound_worst_index=0 bound_worst_kind=none
     5   4.22204307e+03   2.3071e-01   1.7692e+02   9.9996e-01    0.00      -     5.0000e-01   0
FILTERDDP_ITER_TIMING iteration=5 barrier_iteration=0 backward_s=0.030554400 forward_s=0.002320300 total_s=0.032874700 outcome=accepted step_size=5.000000000e-01 backtracks=0 mu=1.000000000e+00
FILTERDDP_TIMING iteration=6 barrier_iteration=0 stage=6 derivative_s=0.000293300 first_order_s=0.000116200 second_order_s=0.000139500 algebra_s=0.000816800 kkt_assembly_s=0.000128800 factor_s=0.002289900 solve_s=0.001280300 update_s=0.000122900 K_nnz=5269 rhs_cols=1 Vxx_nnz=2601
FILTERDDP_TIMING iteration=6 barrier_iteration=0 stage=5 derivative_s=0.000394700 first_order_s=0.000246500 second_order_s=0.000107200 algebra_s=0.000746400 kkt_assembly_s=0.000159400 factor_s=0.002364500 solve_s=0.001145300 update_s=0.000095200 K_nnz=5269 rhs_cols=1 Vxx_nnz=2601
FILTERDDP_TIMING iteration=6 barrier_iteration=0 stage=4 derivative_s=0.000272600 first_order_s=0.000136100 second_order_s=0.000099900 algebra_s=0.000728100 kkt_assembly_s=0.000141000 factor_s=0.002428100 solve_s=0.001294800 update_s=0.000097700 K_nnz=5269 rhs_cols=1 Vxx_nnz=2601
FILTERDDP_TIMING iteration=6 barrier_iteration=0 stage=3 derivative_s=0.000282600 first_order_s=0.000142100 second_order_s=0.000103600 algebra_s=0.000728800 kkt_assembly_s=0.000127000 factor_s=0.002357400 solve_s=0.001196600 update_s=0.000096700 K_nnz=5269 rhs_cols=1 Vxx_nnz=2601
FILTERDDP_TIMING iteration=6 barrier_iteration=0 stage=2 derivative_s=0.000299100 first_order_s=0.000163000 second_order_s=0.000099400 algebra_s=0.000867300 kkt_assembly_s=0.000167800 factor_s=0.002371800 solve_s=0.001316800 update_s=0.000098300 K_nnz=5269 rhs_cols=1 Vxx_nnz=2601
FILTERDDP_TIMING iteration=6 barrier_iteration=0 stage=1 derivative_s=0.000302200 first_order_s=0.000162800 second_order_s=0.000102600 algebra_s=0.000765700 kkt_assembly_s=0.000131800 factor_s=0.002362100 solve_s=0.001295700 update_s=0.000098800 K_nnz=5269 rhs_cols=1 Vxx_nnz=2601
FILTERDDP_FEASIBILITY iteration=6 barrier_iteration=0 equality_count=3372 equality_rms=1.118963786184e-02 equality_max=1.345555752301e-01 equality_worst_stage=5 equality_worst_index=385 dynamics_count=255 dynamics_rms=0.000000000000e+00 dynamics_max=0.000000000000e+00 dynamics_worst_stage=0 dynamics_worst_index=0 bound_count=4902 bound_rms=0.000000000000e+00 bound_max=0.000000000000e+00 bound_worst_stage=0 bound_worst_index=0 bound_worst_kind=none
     6   4.28099843e+03   1.3456e-01   8.8461e+01   9.9998e-01    0.00      -     5.0000e-01   0
FILTERDDP_ITER_TIMING iteration=6 barrier_iteration=0 backward_s=0.030081300 forward_s=0.002577800 total_s=0.032659100 outcome=accepted step_size=5.000000000e-01 backtracks=0 mu=1.000000000e+00
FILTERDDP_TIMING iteration=7 barrier_iteration=0 stage=6 derivative_s=0.000388000 first_order_s=0.000194400 second_order_s=0.000149900 algebra_s=0.000911900 kkt_assembly_s=0.000133700 factor_s=0.002754800 solve_s=0.001501300 update_s=0.000120500 K_nnz=5269 rhs_cols=1 Vxx_nnz=2601
FILTERDDP_TIMING iteration=7 barrier_iteration=0 stage=5 derivative_s=0.000282500 first_order_s=0.000140900 second_order_s=0.000102800 algebra_s=0.000753500 kkt_assembly_s=0.000162900 factor_s=0.002477400 solve_s=0.001372300 update_s=0.000099600 K_nnz=5269 rhs_cols=1 Vxx_nnz=2601
FILTERDDP_TIMING iteration=7 barrier_iteration=0 stage=4 derivative_s=0.000276900 first_order_s=0.000139200 second_order_s=0.000100300 algebra_s=0.000733100 kkt_assembly_s=0.000130900 factor_s=0.002407100 solve_s=0.001343200 update_s=0.000101700 K_nnz=5269 rhs_cols=1 Vxx_nnz=2601
FILTERDDP_TIMING iteration=7 barrier_iteration=0 stage=3 derivative_s=0.000284100 first_order_s=0.000142200 second_order_s=0.000104800 algebra_s=0.018366400 kkt_assembly_s=0.000154400 factor_s=0.002405000 solve_s=0.001387800 update_s=0.000106500 K_nnz=5269 rhs_cols=1 Vxx_nnz=2601
FILTERDDP_TIMING iteration=7 barrier_iteration=0 stage=2 derivative_s=0.000286800 first_order_s=0.000141600 second_order_s=0.000105200 algebra_s=0.000722700 kkt_assembly_s=0.000133800 factor_s=0.002434900 solve_s=0.001260300 update_s=0.000105700 K_nnz=5269 rhs_cols=1 Vxx_nnz=2601
FILTERDDP_TIMING iteration=7 barrier_iteration=0 stage=1 derivative_s=0.000287600 first_order_s=0.000144700 second_order_s=0.000103700 algebra_s=0.000722400 kkt_assembly_s=0.000132800 factor_s=0.002379100 solve_s=0.001358400 update_s=0.000102800 K_nnz=5269 rhs_cols=1 Vxx_nnz=2601
FILTERDDP_FEASIBILITY iteration=7 barrier_iteration=0 equality_count=3372 equality_rms=5.946516239230e-03 equality_max=7.350693785652e-02 equality_worst_stage=5 equality_worst_index=385 dynamics_count=255 dynamics_rms=0.000000000000e+00 dynamics_max=0.000000000000e+00 dynamics_worst_stage=0 dynamics_worst_index=0 bound_count=4902 bound_rms=0.000000000000e+00 bound_max=0.000000000000e+00 bound_worst_stage=0 bound_worst_index=0 bound_worst_kind=none
     7   4.31155457e+03   7.3507e-02   4.4230e+01   9.9999e-01    0.00      -     5.0000e-01   0
FILTERDDP_ITER_TIMING iteration=7 barrier_iteration=0 backward_s=0.049008700 forward_s=0.002820600 total_s=0.051829300 outcome=accepted step_size=5.000000000e-01 backtracks=0 mu=1.000000000e+00
FILTERDDP_TIMING iteration=8 barrier_iteration=0 stage=6 derivative_s=0.000296700 first_order_s=0.000127400 second_order_s=0.000129400 algebra_s=0.000857800 kkt_assembly_s=0.000140900 factor_s=0.002609100 solve_s=0.001244900 update_s=0.000106800 K_nnz=5269 rhs_cols=1 Vxx_nnz=2601
FILTERDDP_TIMING iteration=8 barrier_iteration=0 stage=5 derivative_s=0.000289400 first_order_s=0.000144400 second_order_s=0.000105100 algebra_s=0.000726800 kkt_assembly_s=0.000134600 factor_s=0.002387500 solve_s=0.001349600 update_s=0.000109800 K_nnz=5269 rhs_cols=1 Vxx_nnz=2601
FILTERDDP_TIMING iteration=8 barrier_iteration=0 stage=4 derivative_s=0.000297300 first_order_s=0.000145200 second_order_s=0.000109900 algebra_s=0.000729400 kkt_assembly_s=0.000138100 factor_s=0.002549200 solve_s=0.001292300 update_s=0.000110200 K_nnz=5269 rhs_cols=1 Vxx_nnz=2601
FILTERDDP_TIMING iteration=8 barrier_iteration=0 stage=3 derivative_s=0.000296600 first_order_s=0.000148800 second_order_s=0.000108600 algebra_s=0.000732300 kkt_assembly_s=0.000136000 factor_s=0.002359000 solve_s=0.001267700 update_s=0.000113200 K_nnz=5269 rhs_cols=1 Vxx_nnz=2601
FILTERDDP_TIMING iteration=8 barrier_iteration=0 stage=2 derivative_s=0.000292100 first_order_s=0.000144100 second_order_s=0.000109600 algebra_s=0.000735900 kkt_assembly_s=0.000137800 factor_s=0.002382000 solve_s=0.001328800 update_s=0.000144200 K_nnz=5269 rhs_cols=1 Vxx_nnz=2601
FILTERDDP_TIMING iteration=8 barrier_iteration=0 stage=1 derivative_s=0.000352400 first_order_s=0.000146200 second_order_s=0.000162500 algebra_s=0.000769800 kkt_assembly_s=0.000145500 factor_s=0.002373000 solve_s=0.001402000 update_s=0.000109200 K_nnz=5269 rhs_cols=1 Vxx_nnz=2601
FILTERDDP_FEASIBILITY iteration=8 barrier_iteration=0 equality_count=3372 equality_rms=3.388755221532e-03 equality_max=3.831648326690e-02 equality_worst_stage=5 equality_worst_index=385 dynamics_count=255 dynamics_rms=0.000000000000e+00 dynamics_max=0.000000000000e+00 dynamics_worst_stage=0 dynamics_worst_index=0 bound_count=4902 bound_rms=0.000000000000e+00 bound_max=0.000000000000e+00 bound_worst_stage=0 bound_worst_index=0 bound_worst_kind=none
     8   4.32763726e+03   3.8316e-02   2.2115e+01   9.9999e-01    0.00      -     5.0000e-01   0
FILTERDDP_ITER_TIMING iteration=8 barrier_iteration=0 backward_s=0.030933200 forward_s=0.002504300 total_s=0.033437500 outcome=accepted step_size=5.000000000e-01 backtracks=0 mu=1.000000000e+00
FILTERDDP_TIMING iteration=9 barrier_iteration=0 stage=6 derivative_s=0.000323500 first_order_s=0.000127800 second_order_s=0.000154700 algebra_s=0.000861200 kkt_assembly_s=0.000144000 factor_s=0.002605200 solve_s=0.001423200 update_s=0.000148000 K_nnz=5269 rhs_cols=1 Vxx_nnz=2601
FILTERDDP_TIMING iteration=9 barrier_iteration=0 stage=5 derivative_s=0.000315900 first_order_s=0.000160600 second_order_s=0.000113600 algebra_s=0.000832700 kkt_assembly_s=0.000144600 factor_s=0.002421800 solve_s=0.001333300 update_s=0.000118100 K_nnz=5269 rhs_cols=1 Vxx_nnz=2601
FILTERDDP_TIMING iteration=9 barrier_iteration=0 stage=4 derivative_s=0.000302900 first_order_s=0.000148400 second_order_s=0.000111400 algebra_s=0.000757500 kkt_assembly_s=0.000168200 factor_s=0.002663000 solve_s=0.001292900 update_s=0.000143700 K_nnz=5269 rhs_cols=1 Vxx_nnz=2601
FILTERDDP_TIMING iteration=9 barrier_iteration=0 stage=3 derivative_s=0.000305000 first_order_s=0.000151100 second_order_s=0.000110800 algebra_s=0.000767500 kkt_assembly_s=0.000143800 factor_s=0.002555600 solve_s=0.001440900 update_s=0.000106600 K_nnz=5269 rhs_cols=1 Vxx_nnz=2601
FILTERDDP_TIMING iteration=9 barrier_iteration=0 stage=2 derivative_s=0.000299900 first_order_s=0.000162900 second_order_s=0.000098900 algebra_s=0.000664300 kkt_assembly_s=0.000128100 factor_s=0.002237800 solve_s=0.001304800 update_s=0.000114400 K_nnz=5269 rhs_cols=1 Vxx_nnz=2601
FILTERDDP_TIMING iteration=9 barrier_iteration=0 stage=1 derivative_s=0.000333800 first_order_s=0.000181600 second_order_s=0.000112200 algebra_s=0.000749800 kkt_assembly_s=0.000139300 factor_s=0.002658300 solve_s=0.001281600 update_s=0.000115000 K_nnz=5269 rhs_cols=1 Vxx_nnz=2601
FILTERDDP_FEASIBILITY iteration=9 barrier_iteration=0 equality_count=3372 equality_rms=2.579314125319e-03 equality_max=3.520739524415e-02 equality_worst_stage=3 equality_worst_index=384 dynamics_count=255 dynamics_rms=0.000000000000e+00 dynamics_max=0.000000000000e+00 dynamics_worst_stage=0 dynamics_worst_index=0 bound_count=4902 bound_rms=0.000000000000e+00 bound_max=0.000000000000e+00 bound_worst_stage=0 bound_worst_index=0 bound_worst_kind=none
     9   4.33639587e+03   3.5207e-02   1.1058e+01   1.0000e+00    0.00      -     5.0000e-01   0
FILTERDDP_ITER_TIMING iteration=9 barrier_iteration=0 backward_s=0.031840000 forward_s=0.002497800 total_s=0.034337800 outcome=accepted step_size=5.000000000e-01 backtracks=0 mu=1.000000000e+00
FILTERDDP_TIMING iteration=10 barrier_iteration=0 stage=6 derivative_s=0.000325600 first_order_s=0.000131300 second_order_s=0.000152500 algebra_s=0.000918800 kkt_assembly_s=0.000146400 factor_s=0.002501100 solve_s=0.001251400 update_s=0.000116900 K_nnz=5269 rhs_cols=1 Vxx_nnz=2601
FILTERDDP_TIMING iteration=10 barrier_iteration=0 stage=5 derivative_s=0.000334300 first_order_s=0.000154600 second_order_s=0.000136100 algebra_s=0.000788800 kkt_assembly_s=0.000185300 factor_s=0.002690600 solve_s=0.001599200 update_s=0.000131000 K_nnz=5269 rhs_cols=1 Vxx_nnz=2601
FILTERDDP_TIMING iteration=10 barrier_iteration=0 stage=4 derivative_s=0.000310300 first_order_s=0.000157400 second_order_s=0.000110500 algebra_s=0.000772000 kkt_assembly_s=0.000163900 factor_s=0.002597900 solve_s=0.001529400 update_s=0.000112200 K_nnz=5269 rhs_cols=1 Vxx_nnz=2601
FILTERDDP_TIMING iteration=10 barrier_iteration=0 stage=3 derivative_s=0.000307100 first_order_s=0.000154700 second_order_s=0.000111200 algebra_s=0.000768300 kkt_assembly_s=0.000141100 factor_s=0.002421300 solve_s=0.001318400 update_s=0.000113900 K_nnz=5269 rhs_cols=1 Vxx_nnz=2601
FILTERDDP_TIMING iteration=10 barrier_iteration=0 stage=2 derivative_s=0.000271700 first_order_s=0.000123300 second_order_s=0.000113500 algebra_s=0.081581200 kkt_assembly_s=0.000113300 factor_s=0.001155300 solve_s=0.001269900 update_s=0.000120300 K_nnz=5269 rhs_cols=1 Vxx_nnz=2601
FILTERDDP_TIMING iteration=10 barrier_iteration=0 stage=1 derivative_s=0.000316300 first_order_s=0.000155800 second_order_s=0.000111100 algebra_s=0.000740500 kkt_assembly_s=0.000148000 factor_s=0.002467200 solve_s=0.001286900 update_s=0.000112100 K_nnz=5269 rhs_cols=1 Vxx_nnz=2601
FILTERDDP_FEASIBILITY iteration=10 barrier_iteration=0 equality_count=3372 equality_rms=2.496522616626e-03 equality_max=4.160169151857e-02 equality_worst_stage=3 equality_worst_index=384 dynamics_count=255 dynamics_rms=0.000000000000e+00 dynamics_max=0.000000000000e+00 dynamics_worst_stage=0 dynamics_worst_index=0 bound_count=4902 bound_rms=0.000000000000e+00 bound_max=0.000000000000e+00 bound_worst_stage=0 bound_worst_index=0 bound_worst_kind=none
FILTERDDP_ITER_TIMING iteration=10 barrier_iteration=0 backward_s=0.111595800 forward_s=0.000000000 total_s=0.111595800 outcome=barrier_update step_size=5.000000000e-01 backtracks=0 mu=1.000000000e+00
FILTERDDP_TIMING iteration=10 barrier_iteration=1 stage=6 derivative_s=0.000172100 first_order_s=0.000073200 second_order_s=0.000051900 algebra_s=0.000295300 kkt_assembly_s=0.000073700 factor_s=0.000982200 solve_s=0.001478500 update_s=0.000108300 K_nnz=5269 rhs_cols=1 Vxx_nnz=2601
FILTERDDP_TIMING iteration=10 barrier_iteration=1 stage=5 derivative_s=0.000292000 first_order_s=0.000147500 second_order_s=0.000100600 algebra_s=0.000709500 kkt_assembly_s=0.000147800 factor_s=0.002384000 solve_s=0.001140500 update_s=0.000103400 K_nnz=5269 rhs_cols=1 Vxx_nnz=2601
FILTERDDP_TIMING iteration=10 barrier_iteration=1 stage=4 derivative_s=0.000281000 first_order_s=0.000141600 second_order_s=0.000099500 algebra_s=0.000700100 kkt_assembly_s=0.000136900 factor_s=0.002732700 solve_s=0.001333700 update_s=0.000098400 K_nnz=5269 rhs_cols=1 Vxx_nnz=2601
FILTERDDP_TIMING iteration=10 barrier_iteration=1 stage=3 derivative_s=0.000279500 first_order_s=0.000137800 second_order_s=0.000100500 algebra_s=0.000702300 kkt_assembly_s=0.000134500 factor_s=0.002312900 solve_s=0.001299000 update_s=0.000093900 K_nnz=5269 rhs_cols=1 Vxx_nnz=2601
FILTERDDP_TIMING iteration=10 barrier_iteration=1 stage=2 derivative_s=0.000449900 first_order_s=0.000261200 second_order_s=0.000131000 algebra_s=0.000756900 kkt_assembly_s=0.000131600 factor_s=0.002317400 solve_s=0.001200500 update_s=0.000094000 K_nnz=5269 rhs_cols=1 Vxx_nnz=2601
FILTERDDP_TIMING iteration=10 barrier_iteration=1 stage=1 derivative_s=0.000269400 first_order_s=0.000136600 second_order_s=0.000095800 algebra_s=0.000701400 kkt_assembly_s=0.000133300 factor_s=0.002369700 solve_s=0.001031900 update_s=0.000093200 K_nnz=5269 rhs_cols=1 Vxx_nnz=2601
FILTERDDP_FEASIBILITY iteration=10 barrier_iteration=1 equality_count=3372 equality_rms=2.496522616626e-03 equality_max=4.160169151857e-02 equality_worst_stage=3 equality_worst_index=384 dynamics_count=255 dynamics_rms=0.000000000000e+00 dynamics_max=0.000000000000e+00 dynamics_worst_stage=0 dynamics_worst_index=0 bound_count=4902 bound_rms=0.000000000000e+00 bound_max=0.000000000000e+00 bound_worst_stage=0 bound_worst_index=0 bound_worst_kind=none
  iter     objective        pr_inf       du_inf       cs_inf     lg(μ)   lg(reg)    alpha     ls
    10   4.34158721e+03   4.1602e-02   5.5288e+00   1.0000e+00   -0.70      -     5.0000e-01   0
FILTERDDP_ITER_TIMING iteration=10 barrier_iteration=1 backward_s=0.027952900 forward_s=0.002259900 total_s=0.030212800 outcome=accepted step_size=5.000000000e-01 backtracks=0 mu=2.000000000e-01
FILTERDDP_TIMING iteration=11 barrier_iteration=1 stage=6 derivative_s=0.000287500 first_order_s=0.000114100 second_order_s=0.000136400 algebra_s=0.000814300 kkt_assembly_s=0.000129700 factor_s=0.002027000 solve_s=0.001308400 update_s=0.000089600 K_nnz=5269 rhs_cols=1 Vxx_nnz=2601
FILTERDDP_TIMING iteration=11 barrier_iteration=1 stage=5 derivative_s=0.000267600 first_order_s=0.000135800 second_order_s=0.000094700 algebra_s=0.000734600 kkt_assembly_s=0.000129700 factor_s=0.002248900 solve_s=0.001133900 update_s=0.000091500 K_nnz=5269 rhs_cols=1 Vxx_nnz=2601
FILTERDDP_TIMING iteration=11 barrier_iteration=1 stage=4 derivative_s=0.000264300 first_order_s=0.000132000 second_order_s=0.000094300 algebra_s=0.000717500 kkt_assembly_s=0.000127900 factor_s=0.002547700 solve_s=0.001201000 update_s=0.000110100 K_nnz=5269 rhs_cols=1 Vxx_nnz=2601
FILTERDDP_TIMING iteration=11 barrier_iteration=1 stage=3 derivative_s=0.000269000 first_order_s=0.000132700 second_order_s=0.000098100 algebra_s=0.000753600 kkt_assembly_s=0.000128200 factor_s=0.002362200 solve_s=0.001236100 update_s=0.000090400 K_nnz=5269 rhs_cols=1 Vxx_nnz=2601
FILTERDDP_TIMING iteration=11 barrier_iteration=1 stage=2 derivative_s=0.000393800 first_order_s=0.000190700 second_order_s=0.000148100 algebra_s=0.000739400 kkt_assembly_s=0.000140800 factor_s=0.002417900 solve_s=0.001306900 update_s=0.000095800 K_nnz=5269 rhs_cols=1 Vxx_nnz=2601
FILTERDDP_TIMING iteration=11 barrier_iteration=1 stage=1 derivative_s=0.000265300 first_order_s=0.000133100 second_order_s=0.000095700 algebra_s=0.000726600 kkt_assembly_s=0.000125300 factor_s=0.002464500 solve_s=0.001267000 update_s=0.000089700 K_nnz=5269 rhs_cols=1 Vxx_nnz=2601
FILTERDDP_FEASIBILITY iteration=11 barrier_iteration=1 equality_count=3372 equality_rms=1.304204683726e-02 equality_max=1.601535599473e-01 equality_worst_stage=3 equality_worst_index=509 dynamics_count=255 dynamics_rms=0.000000000000e+00 dynamics_max=0.000000000000e+00 dynamics_worst_stage=0 dynamics_worst_index=0 bound_count=4902 bound_rms=0.000000000000e+00 bound_max=0.000000000000e+00 bound_worst_stage=0 bound_worst_index=0 bound_worst_kind=none
    11   4.02464279e+03   1.6015e-01   2.7644e+00   6.3677e-01   -0.70      -     5.0000e-01   0
FILTERDDP_ITER_TIMING iteration=11 barrier_iteration=1 backward_s=0.029499000 forward_s=0.342792800 total_s=0.372291800 outcome=accepted step_size=5.000000000e-01 backtracks=0 mu=2.000000000e-01
FILTERDDP_TIMING iteration=12 barrier_iteration=1 stage=6 derivative_s=0.000147000 first_order_s=0.000054300 second_order_s=0.000067100 algebra_s=0.000302100 kkt_assembly_s=0.000070600 factor_s=0.001010500 solve_s=0.001099200 update_s=0.000104400 K_nnz=5269 rhs_cols=1 Vxx_nnz=2601
FILTERDDP_TIMING iteration=12 barrier_iteration=1 stage=5 derivative_s=0.000279800 first_order_s=0.000139400 second_order_s=0.000100400 algebra_s=0.000732700 kkt_assembly_s=0.000139800 factor_s=0.002346800 solve_s=0.001266800 update_s=0.000096000 K_nnz=5269 rhs_cols=1 Vxx_nnz=2601
FILTERDDP_TIMING iteration=12 barrier_iteration=1 stage=4 derivative_s=0.000276900 first_order_s=0.000140400 second_order_s=0.000097500 algebra_s=0.000707300 kkt_assembly_s=0.000136200 factor_s=0.002307700 solve_s=0.001195300 update_s=0.000096400 K_nnz=5269 rhs_cols=1 Vxx_nnz=2601
FILTERDDP_TIMING iteration=12 barrier_iteration=1 stage=3 derivative_s=0.000358000 first_order_s=0.000175800 second_order_s=0.000140500 algebra_s=0.000717500 kkt_assembly_s=0.000155600 factor_s=0.002255600 solve_s=0.001185800 update_s=0.000092800 K_nnz=5269 rhs_cols=1 Vxx_nnz=2601
FILTERDDP_TIMING iteration=12 barrier_iteration=1 stage=2 derivative_s=0.000270200 first_order_s=0.000133900 second_order_s=0.000099500 algebra_s=0.000745700 kkt_assembly_s=0.000172000 factor_s=0.002381300 solve_s=0.001115600 update_s=0.000092400 K_nnz=5269 rhs_cols=1 Vxx_nnz=2601
FILTERDDP_TIMING iteration=12 barrier_iteration=1 stage=1 derivative_s=0.000270100 first_order_s=0.000135400 second_order_s=0.000097700 algebra_s=0.000699200 kkt_assembly_s=0.000124300 factor_s=0.002300300 solve_s=0.001144300 update_s=0.000088500 K_nnz=5269 rhs_cols=1 Vxx_nnz=2601
FILTERDDP_FEASIBILITY iteration=12 barrier_iteration=1 equality_count=3372 equality_rms=2.964132888831e-02 equality_max=3.559441566926e-01 equality_worst_stage=3 equality_worst_index=509 dynamics_count=255 dynamics_rms=0.000000000000e+00 dynamics_max=0.000000000000e+00 dynamics_worst_stage=0 dynamics_worst_index=0 bound_count=4902 bound_rms=0.000000000000e+00 bound_max=0.000000000000e+00 bound_worst_stage=0 bound_worst_index=0 bound_worst_kind=none
FILTERDDP_ITER_TIMING iteration=12 barrier_iteration=1 backward_s=0.026894700 forward_s=0.000000000 total_s=0.026894700 outcome=barrier_update step_size=5.000000000e-01 backtracks=0 mu=2.000000000e-01
FILTERDDP_TIMING iteration=12 barrier_iteration=2 stage=6 derivative_s=0.000280900 first_order_s=0.000127200 second_order_s=0.000117700 algebra_s=0.000779300 kkt_assembly_s=0.000125000 factor_s=0.002449500 solve_s=0.001207400 update_s=0.000091200 K_nnz=5269 rhs_cols=1 Vxx_nnz=2601
FILTERDDP_TIMING iteration=12 barrier_iteration=2 stage=5 derivative_s=0.000267700 first_order_s=0.000132800 second_order_s=0.000099400 algebra_s=0.000704600 kkt_assembly_s=0.000126000 factor_s=0.002314600 solve_s=0.001185700 update_s=0.000100900 K_nnz=5269 rhs_cols=1 Vxx_nnz=2601
FILTERDDP_TIMING iteration=12 barrier_iteration=2 stage=4 derivative_s=0.000268800 first_order_s=0.000132900 second_order_s=0.000099400 algebra_s=0.000729000 kkt_assembly_s=0.000126400 factor_s=0.002349100 solve_s=0.001310800 update_s=0.000116200 K_nnz=5269 rhs_cols=1 Vxx_nnz=2601
FILTERDDP_TIMING iteration=12 barrier_iteration=2 stage=3 derivative_s=0.000268500 first_order_s=0.000136700 second_order_s=0.000096100 algebra_s=0.000710700 kkt_assembly_s=0.000120500 factor_s=0.002400200 solve_s=0.001170200 update_s=0.000092300 K_nnz=5269 rhs_cols=1 Vxx_nnz=2601
FILTERDDP_TIMING iteration=12 barrier_iteration=2 stage=2 derivative_s=0.000288900 first_order_s=0.000132400 second_order_s=0.000119700 algebra_s=0.000710800 kkt_assembly_s=0.000123300 factor_s=0.002382700 solve_s=0.001233400 update_s=0.000092900 K_nnz=5269 rhs_cols=1 Vxx_nnz=2601
FILTERDDP_TIMING iteration=12 barrier_iteration=2 stage=1 derivative_s=0.000267600 first_order_s=0.000134300 second_order_s=0.000097300 algebra_s=0.000795700 kkt_assembly_s=0.000125100 factor_s=0.002382300 solve_s=0.001188400 update_s=0.000092200 K_nnz=5269 rhs_cols=1 Vxx_nnz=2601
FILTERDDP_FEASIBILITY iteration=12 barrier_iteration=2 equality_count=3372 equality_rms=2.964132888831e-02 equality_max=3.559441566926e-01 equality_worst_stage=3 equality_worst_index=509 dynamics_count=255 dynamics_rms=0.000000000000e+00 dynamics_max=0.000000000000e+00 dynamics_worst_stage=0 dynamics_worst_index=0 bound_count=4902 bound_rms=0.000000000000e+00 bound_max=0.000000000000e+00 bound_worst_stage=0 bound_worst_index=0 bound_worst_kind=none
    12   3.77433415e+03   3.5594e-01   1.7755e+00   4.3609e-01   -1.40      -     5.0000e-01   0
FILTERDDP_ITER_TIMING iteration=12 barrier_iteration=2 backward_s=0.029356000 forward_s=0.002504900 total_s=0.031860900 outcome=accepted step_size=5.000000000e-01 backtracks=0 mu=4.000000000e-02
FILTERDDP_TIMING iteration=13 barrier_iteration=2 stage=6 derivative_s=0.000290800 first_order_s=0.000133400 second_order_s=0.000120800 algebra_s=0.000829400 kkt_assembly_s=0.000124500 factor_s=0.002637600 solve_s=0.001261300 update_s=0.000066500 K_nnz=5269 rhs_cols=1 Vxx_nnz=2601
FILTERDDP_TIMING iteration=13 barrier_iteration=2 stage=5 derivative_s=0.000236800 first_order_s=0.000100700 second_order_s=0.000098900 algebra_s=0.000518500 kkt_assembly_s=0.000101000 factor_s=0.002052700 solve_s=0.001344100 update_s=0.000108100 K_nnz=5269 rhs_cols=1 Vxx_nnz=2601
FILTERDDP_TIMING iteration=13 barrier_iteration=2 stage=4 derivative_s=0.000304300 first_order_s=0.000154900 second_order_s=0.000111000 algebra_s=0.000722700 kkt_assembly_s=0.000123900 factor_s=0.002348900 solve_s=0.001443200 update_s=0.000136000 K_nnz=5269 rhs_cols=1 Vxx_nnz=2601
FILTERDDP_TIMING iteration=13 barrier_iteration=2 stage=3 derivative_s=0.000270500 first_order_s=0.000134200 second_order_s=0.000099000 algebra_s=0.000739800 kkt_assembly_s=0.000124300 factor_s=0.002287400 solve_s=0.001204600 update_s=0.000091000 K_nnz=5269 rhs_cols=1 Vxx_nnz=2601
FILTERDDP_TIMING iteration=13 barrier_iteration=2 stage=2 derivative_s=0.000285600 first_order_s=0.000131100 second_order_s=0.000117800 algebra_s=0.000768200 kkt_assembly_s=0.000128600 factor_s=0.002372500 solve_s=0.001203700 update_s=0.000096300 K_nnz=5269 rhs_cols=1 Vxx_nnz=2601
FILTERDDP_TIMING iteration=13 barrier_iteration=2 stage=1 derivative_s=0.000337200 first_order_s=0.000169300 second_order_s=0.000113000 algebra_s=0.000793600 kkt_assembly_s=0.000123300 factor_s=0.002485200 solve_s=0.001102100 update_s=0.000095300 K_nnz=5269 rhs_cols=1 Vxx_nnz=2601
FILTERDDP_FEASIBILITY iteration=13 barrier_iteration=2 equality_count=3372 equality_rms=2.466709257829e-02 equality_max=2.958933729282e-01 equality_worst_stage=6 equality_worst_index=509 dynamics_count=255 dynamics_rms=0.000000000000e+00 dynamics_max=0.000000000000e+00 dynamics_worst_stage=0 dynamics_worst_index=0 bound_count=4902 bound_rms=0.000000000000e+00 bound_max=0.000000000000e+00 bound_worst_stage=0 bound_worst_index=0 bound_worst_kind=none
    13   3.51567062e+03   2.9589e-01   1.8766e+00   2.6052e-01   -1.40      -     5.0000e-01   0
FILTERDDP_ITER_TIMING iteration=13 barrier_iteration=2 backward_s=0.029549200 forward_s=0.002305900 total_s=0.031855100 outcome=accepted step_size=5.000000000e-01 backtracks=0 mu=4.000000000e-02
FILTERDDP_TIMING iteration=14 barrier_iteration=2 stage=6 derivative_s=0.000276500 first_order_s=0.000116000 second_order_s=0.000124000 algebra_s=0.000824300 kkt_assembly_s=0.000125800 factor_s=0.002432200 solve_s=0.001170100 update_s=0.000090200 K_nnz=5269 rhs_cols=1 Vxx_nnz=2601
FILTERDDP_TIMING iteration=14 barrier_iteration=2 stage=5 derivative_s=0.000291300 first_order_s=0.000139900 second_order_s=0.000101400 algebra_s=0.000854300 kkt_assembly_s=0.000140000 factor_s=0.002249700 solve_s=0.001235200 update_s=0.000113700 K_nnz=5269 rhs_cols=1 Vxx_nnz=2601
FILTERDDP_TIMING iteration=14 barrier_iteration=2 stage=4 derivative_s=0.000274600 first_order_s=0.000134400 second_order_s=0.000102100 algebra_s=0.000805500 kkt_assembly_s=0.000130300 factor_s=0.002484800 solve_s=0.001252300 update_s=0.000086100 K_nnz=5269 rhs_cols=1 Vxx_nnz=2601
FILTERDDP_TIMING iteration=14 barrier_iteration=2 stage=3 derivative_s=0.000282400 first_order_s=0.000126600 second_order_s=0.000120700 algebra_s=0.000672100 kkt_assembly_s=0.000117600 factor_s=0.002146200 solve_s=0.001336600 update_s=0.000117200 K_nnz=5269 rhs_cols=1 Vxx_nnz=2601
FILTERDDP_TIMING iteration=14 barrier_iteration=2 stage=2 derivative_s=0.000368700 first_order_s=0.000164900 second_order_s=0.000169000 algebra_s=0.000792000 kkt_assembly_s=0.000141600 factor_s=0.002321600 solve_s=0.001399400 update_s=0.000137900 K_nnz=5269 rhs_cols=1 Vxx_nnz=2601
FILTERDDP_TIMING iteration=14 barrier_iteration=2 stage=1 derivative_s=0.000373400 first_order_s=0.000173200 second_order_s=0.000162700 algebra_s=0.000778800 kkt_assembly_s=0.000168000 factor_s=0.002490100 solve_s=0.001517100 update_s=0.000141300 K_nnz=5269 rhs_cols=1 Vxx_nnz=2601
FILTERDDP_FEASIBILITY iteration=14 barrier_iteration=2 equality_count=3372 equality_rms=2.661129726313e-02 equality_max=3.440313466205e-01 equality_worst_stage=6 equality_worst_index=509 dynamics_count=255 dynamics_rms=0.000000000000e+00 dynamics_max=0.000000000000e+00 dynamics_worst_stage=0 dynamics_worst_index=0 bound_count=4902 bound_rms=0.000000000000e+00 bound_max=0.000000000000e+00 bound_worst_stage=0 bound_worst_index=0 bound_worst_kind=none
    14   3.36633535e+03   3.4403e-01   1.5136e+00   1.6147e-01   -1.40      -     5.0000e-01   0
FILTERDDP_ITER_TIMING iteration=14 barrier_iteration=2 backward_s=0.030532200 forward_s=0.002655100 total_s=0.033187300 outcome=accepted step_size=5.000000000e-01 backtracks=0 mu=4.000000000e-02
FILTERDDP_TIMING iteration=15 barrier_iteration=2 stage=6 derivative_s=0.000468300 first_order_s=0.000185600 second_order_s=0.000244800 algebra_s=0.000874400 kkt_assembly_s=0.000128900 factor_s=0.002640400 solve_s=0.001507500 update_s=0.000100700 K_nnz=5269 rhs_cols=1 Vxx_nnz=2601
FILTERDDP_TIMING iteration=15 barrier_iteration=2 stage=5 derivative_s=0.000274700 first_order_s=0.000136800 second_order_s=0.000100800 algebra_s=0.000843800 kkt_assembly_s=0.000142000 factor_s=0.002731700 solve_s=0.001359600 update_s=0.000315200 K_nnz=5269 rhs_cols=1 Vxx_nnz=2601
FILTERDDP_TIMING iteration=15 barrier_iteration=2 stage=4 derivative_s=0.000336700 first_order_s=0.000160900 second_order_s=0.000122300 algebra_s=0.001057400 kkt_assembly_s=0.000176200 factor_s=0.002872700 solve_s=0.001401800 update_s=0.000107400 K_nnz=5269 rhs_cols=1 Vxx_nnz=2601
FILTERDDP_TIMING iteration=15 barrier_iteration=2 stage=3 derivative_s=0.000500400 first_order_s=0.000164700 second_order_s=0.000297200 algebra_s=0.001059000 kkt_assembly_s=0.000140000 factor_s=0.002669000 solve_s=0.001293400 update_s=0.000123000 K_nnz=5269 rhs_cols=1 Vxx_nnz=2601
FILTERDDP_TIMING iteration=15 barrier_iteration=2 stage=2 derivative_s=0.000312400 first_order_s=0.000151900 second_order_s=0.000122600 algebra_s=0.001311400 kkt_assembly_s=0.000169200 factor_s=0.003281100 solve_s=0.001473800 update_s=0.000129200 K_nnz=5269 rhs_cols=1 Vxx_nnz=2601
FILTERDDP_TIMING iteration=15 barrier_iteration=2 stage=1 derivative_s=0.000310100 first_order_s=0.000157700 second_order_s=0.000115300 algebra_s=0.001062900 kkt_assembly_s=0.000399600 factor_s=0.002674800 solve_s=0.001595700 update_s=0.000125700 K_nnz=5269 rhs_cols=1 Vxx_nnz=2601
FILTERDDP_FEASIBILITY iteration=15 barrier_iteration=2 equality_count=3372 equality_rms=3.267281614367e-02 equality_max=4.382907771961e-01 equality_worst_stage=5 equality_worst_index=509 dynamics_count=255 dynamics_rms=0.000000000000e+00 dynamics_max=0.000000000000e+00 dynamics_worst_stage=0 dynamics_worst_index=0 bound_count=4902 bound_rms=0.000000000000e+00 bound_max=0.000000000000e+00 bound_worst_stage=0 bound_worst_index=0 bound_worst_kind=none
    15   3.28876702e+03   4.3829e-01   1.0980e+00   1.0613e-01   -1.40      -     5.0000e-01   0
FILTERDDP_ITER_TIMING iteration=15 barrier_iteration=2 backward_s=0.036398900 forward_s=0.003206600 total_s=0.039605500 outcome=accepted step_size=5.000000000e-01 backtracks=0 mu=4.000000000e-02
FILTERDDP_TIMING iteration=16 barrier_iteration=2 stage=6 derivative_s=0.000403800 first_order_s=0.000172500 second_order_s=0.000192000 algebra_s=0.001287100 kkt_assembly_s=0.000562500 factor_s=0.003060300 solve_s=0.001489100 update_s=0.000121500 K_nnz=5269 rhs_cols=1 Vxx_nnz=2601
FILTERDDP_TIMING iteration=16 barrier_iteration=2 stage=5 derivative_s=0.000312800 first_order_s=0.000152300 second_order_s=0.000121300 algebra_s=0.001285800 kkt_assembly_s=0.000206800 factor_s=0.003015100 solve_s=0.001411800 update_s=0.000127000 K_nnz=5269 rhs_cols=1 Vxx_nnz=2601
FILTERDDP_TIMING iteration=16 barrier_iteration=2 stage=4 derivative_s=0.000513400 first_order_s=0.000343600 second_order_s=0.000116200 algebra_s=0.001105400 kkt_assembly_s=0.000144700 factor_s=0.002939600 solve_s=0.001621200 update_s=0.000146900 K_nnz=5269 rhs_cols=1 Vxx_nnz=2601
FILTERDDP_TIMING iteration=16 barrier_iteration=2 stage=3 derivative_s=0.000524500 first_order_s=0.000356400 second_order_s=0.000126400 algebra_s=0.001071500 kkt_assembly_s=0.000161200 factor_s=0.002596700 solve_s=0.001534400 update_s=0.000136000 K_nnz=5269 rhs_cols=1 Vxx_nnz=2601
FILTERDDP_TIMING iteration=16 barrier_iteration=2 stage=2 derivative_s=0.000344800 first_order_s=0.000185200 second_order_s=0.000118900 algebra_s=0.001298100 kkt_assembly_s=0.000177400 factor_s=0.002823800 solve_s=0.001301200 update_s=0.000252800 K_nnz=5269 rhs_cols=1 Vxx_nnz=2601
FILTERDDP_TIMING iteration=16 barrier_iteration=2 stage=1 derivative_s=0.000440300 first_order_s=0.000177800 second_order_s=0.000206700 algebra_s=0.001359000 kkt_assembly_s=0.000186000 factor_s=0.003399300 solve_s=0.001902500 update_s=0.000426900 K_nnz=5269 rhs_cols=1 Vxx_nnz=2601
FILTERDDP_FEASIBILITY iteration=16 barrier_iteration=2 equality_count=3372 equality_rms=4.089812334040e-02 equality_max=5.694184807245e-01 equality_worst_stage=5 equality_worst_index=509 dynamics_count=255 dynamics_rms=0.000000000000e+00 dynamics_max=0.000000000000e+00 dynamics_worst_stage=0 dynamics_worst_index=0 bound_count=4902 bound_rms=0.000000000000e+00 bound_max=0.000000000000e+00 bound_worst_stage=0 bound_worst_index=0 bound_worst_kind=none
    16   3.24958503e+03   5.6942e-01   7.4638e-01   7.5289e-02   -1.40      -     5.0000e-01   0
FILTERDDP_ITER_TIMING iteration=16 barrier_iteration=2 backward_s=0.040181600 forward_s=0.003440700 total_s=0.043622300 outcome=accepted step_size=5.000000000e-01 backtracks=0 mu=4.000000000e-02
FILTERDDP_TIMING iteration=17 barrier_iteration=2 stage=6 derivative_s=0.000553400 first_order_s=0.000187600 second_order_s=0.000324000 algebra_s=0.001644600 kkt_assembly_s=0.000244300 factor_s=0.003272100 solve_s=0.002206100 update_s=0.000766200 K_nnz=5269 rhs_cols=1 Vxx_nnz=2601
FILTERDDP_TIMING iteration=17 barrier_iteration=2 stage=5 derivative_s=0.000630900 first_order_s=0.000283700 second_order_s=0.000297900 algebra_s=0.002158300 kkt_assembly_s=0.000324400 factor_s=0.003252700 solve_s=0.001964200 update_s=0.000192000 K_nnz=5269 rhs_cols=1 Vxx_nnz=2601
FILTERDDP_TIMING iteration=17 barrier_iteration=2 stage=4 derivative_s=0.000678100 first_order_s=0.000410500 second_order_s=0.000222100 algebra_s=0.001300200 kkt_assembly_s=0.000209200 factor_s=0.003039600 solve_s=0.001995300 update_s=0.000184400 K_nnz=5269 rhs_cols=1 Vxx_nnz=2601
FILTERDDP_TIMING iteration=17 barrier_iteration=2 stage=3 derivative_s=0.000496100 first_order_s=0.000227000 second_order_s=0.000217100 algebra_s=0.001676500 kkt_assembly_s=0.000215200 factor_s=0.003001300 solve_s=0.001991000 update_s=0.000186400 K_nnz=5269 rhs_cols=1 Vxx_nnz=2601
FILTERDDP_TIMING iteration=17 barrier_iteration=2 stage=2 derivative_s=0.000465400 first_order_s=0.000217900 second_order_s=0.000203800 algebra_s=0.001321900 kkt_assembly_s=0.000449200 factor_s=0.002951400 solve_s=0.001749600 update_s=0.000274000 K_nnz=5269 rhs_cols=1 Vxx_nnz=2601
FILTERDDP_TIMING iteration=17 barrier_iteration=2 stage=1 derivative_s=0.000549700 first_order_s=0.000263700 second_order_s=0.000237700 algebra_s=0.001682800 kkt_assembly_s=0.000304400 factor_s=0.004085200 solve_s=0.001999500 update_s=0.000474000 K_nnz=5269 rhs_cols=1 Vxx_nnz=2601
FILTERDDP_FEASIBILITY iteration=17 barrier_iteration=2 equality_count=3372 equality_rms=4.588756181386e-02 equality_max=6.597516655537e-01 equality_worst_stage=5 equality_worst_index=509 dynamics_count=255 dynamics_rms=0.000000000000e+00 dynamics_max=0.000000000000e+00 dynamics_worst_stage=0 dynamics_worst_index=0 bound_count=4902 bound_rms=0.000000000000e+00 bound_max=0.000000000000e+00 bound_worst_stage=0 bound_worst_index=0 bound_worst_kind=none
    17   3.23016855e+03   6.5975e-01   4.8226e-01   5.8423e-02   -1.40      -     5.0000e-01   0
FILTERDDP_ITER_TIMING iteration=17 barrier_iteration=2 backward_s=0.049065100 forward_s=0.005415400 total_s=0.054480500 outcome=accepted step_size=5.000000000e-01 backtracks=0 mu=4.000000000e-02
FILTERDDP_TIMING iteration=18 barrier_iteration=2 stage=6 derivative_s=0.000650000 first_order_s=0.000248600 second_order_s=0.000334800 algebra_s=0.001748500 kkt_assembly_s=0.000392600 factor_s=0.003139200 solve_s=0.001475100 update_s=0.000389900 K_nnz=5269 rhs_cols=1 Vxx_nnz=2601
FILTERDDP_TIMING iteration=18 barrier_iteration=2 stage=5 derivative_s=0.000516800 first_order_s=0.000236800 second_order_s=0.000233300 algebra_s=0.001306800 kkt_assembly_s=0.000215300 factor_s=0.003090300 solve_s=0.001633900 update_s=0.000195900 K_nnz=5269 rhs_cols=1 Vxx_nnz=2601
FILTERDDP_TIMING iteration=18 barrier_iteration=2 stage=4 derivative_s=0.000811300 first_order_s=0.000256900 second_order_s=0.000487300 algebra_s=0.001383000 kkt_assembly_s=0.000191700 factor_s=0.003212100 solve_s=0.001663200 update_s=0.000196100 K_nnz=5269 rhs_cols=1 Vxx_nnz=2601
FILTERDDP_TIMING iteration=18 barrier_iteration=2 stage=3 derivative_s=0.000464000 first_order_s=0.000236200 second_order_s=0.000183800 algebra_s=0.001668800 kkt_assembly_s=0.000225100 factor_s=0.003154600 solve_s=0.001671100 update_s=0.000195500 K_nnz=5269 rhs_cols=1 Vxx_nnz=2601
FILTERDDP_TIMING iteration=18 barrier_iteration=2 stage=2 derivative_s=0.000497400 first_order_s=0.000213800 second_order_s=0.000223700 algebra_s=0.001867500 kkt_assembly_s=0.000623200 factor_s=0.003381300 solve_s=0.002478700 update_s=0.000185300 K_nnz=5269 rhs_cols=1 Vxx_nnz=2601
FILTERDDP_TIMING iteration=18 barrier_iteration=2 stage=1 derivative_s=0.000563000 first_order_s=0.000216900 second_order_s=0.000285500 algebra_s=0.001632200 kkt_assembly_s=0.000206500 factor_s=0.002927900 solve_s=0.001962500 update_s=0.000180300 K_nnz=5269 rhs_cols=1 Vxx_nnz=2601
FILTERDDP_FEASIBILITY iteration=18 barrier_iteration=2 equality_count=3372 equality_rms=4.318827926200e-02 equality_max=6.442018838310e-01 equality_worst_stage=5 equality_worst_index=509 dynamics_count=255 dynamics_rms=0.000000000000e+00 dynamics_max=0.000000000000e+00 dynamics_worst_stage=0 dynamics_worst_index=0 bound_count=4902 bound_rms=0.000000000000e+00 bound_max=0.000000000000e+00 bound_worst_stage=0 bound_worst_index=0 bound_worst_kind=none
    18   3.22082425e+03   6.4420e-01   3.0532e-01   4.9446e-02   -1.40      -     5.0000e-01   0
FILTERDDP_ITER_TIMING iteration=18 barrier_iteration=2 backward_s=0.046623600 forward_s=0.004064500 total_s=0.050688100 outcome=accepted step_size=5.000000000e-01 backtracks=0 mu=4.000000000e-02
FILTERDDP_TIMING iteration=19 barrier_iteration=2 stage=6 derivative_s=0.000690400 first_order_s=0.000196300 second_order_s=0.000429400 algebra_s=0.001607700 kkt_assembly_s=0.000206000 factor_s=0.002912500 solve_s=0.002007300 update_s=0.000236400 K_nnz=5269 rhs_cols=1 Vxx_nnz=2601
FILTERDDP_TIMING iteration=19 barrier_iteration=2 stage=5 derivative_s=0.000681800 first_order_s=0.000424700 second_order_s=0.000212900 algebra_s=0.001315200 kkt_assembly_s=0.000198300 factor_s=0.003361600 solve_s=0.001900800 update_s=0.000191600 K_nnz=5269 rhs_cols=1 Vxx_nnz=2601
FILTERDDP_TIMING iteration=19 barrier_iteration=2 stage=4 derivative_s=0.000687000 first_order_s=0.000400900 second_order_s=0.000225800 algebra_s=0.001333800 kkt_assembly_s=0.000216500 factor_s=0.003257300 solve_s=0.001748600 update_s=0.000188000 K_nnz=5269 rhs_cols=1 Vxx_nnz=2601
FILTERDDP_TIMING iteration=19 barrier_iteration=2 stage=3 derivative_s=0.000716200 first_order_s=0.000211200 second_order_s=0.000459700 algebra_s=0.001483700 kkt_assembly_s=0.000203300 factor_s=0.002920000 solve_s=0.001700700 update_s=0.000227600 K_nnz=5269 rhs_cols=1 Vxx_nnz=2601
FILTERDDP_TIMING iteration=19 barrier_iteration=2 stage=2 derivative_s=0.000535100 first_order_s=0.000224400 second_order_s=0.000246100 algebra_s=0.001338900 kkt_assembly_s=0.000191600 factor_s=0.003255100 solve_s=0.001851200 update_s=0.000179400 K_nnz=5269 rhs_cols=1 Vxx_nnz=2601
FILTERDDP_TIMING iteration=19 barrier_iteration=2 stage=1 derivative_s=0.000481300 first_order_s=0.000210800 second_order_s=0.000211400 algebra_s=0.001527600 kkt_assembly_s=0.000269700 factor_s=0.003411000 solve_s=0.002010700 update_s=0.000238300 K_nnz=5269 rhs_cols=1 Vxx_nnz=2601
FILTERDDP_FEASIBILITY iteration=19 barrier_iteration=2 equality_count=3372 equality_rms=3.373140200762e-02 equality_max=5.206065880179e-01 equality_worst_stage=5 equality_worst_index=509 dynamics_count=255 dynamics_rms=0.000000000000e+00 dynamics_max=0.000000000000e+00 dynamics_worst_stage=0 dynamics_worst_index=0 bound_count=4902 bound_rms=0.000000000000e+00 bound_max=0.000000000000e+00 bound_worst_stage=0 bound_worst_index=0 bound_worst_kind=none
    19   3.21650880e+03   5.2061e-01   1.7412e-01   4.4787e-02   -1.40      -     5.0000e-01   0
FILTERDDP_ITER_TIMING iteration=19 barrier_iteration=2 backward_s=0.045848400 forward_s=0.004316100 total_s=0.050164500 outcome=accepted step_size=5.000000000e-01 backtracks=0 mu=4.000000000e-02
FILTERDDP_TIMING iteration=20 barrier_iteration=2 stage=6 derivative_s=0.000696100 first_order_s=0.000199100 second_order_s=0.000428000 algebra_s=0.001410100 kkt_assembly_s=0.000260700 factor_s=0.003437900 solve_s=0.001750900 update_s=0.000157200 K_nnz=5269 rhs_cols=1 Vxx_nnz=2601
FILTERDDP_TIMING iteration=20 barrier_iteration=2 stage=5 derivative_s=0.000711200 first_order_s=0.000202000 second_order_s=0.000468900 algebra_s=0.001420600 kkt_assembly_s=0.000190400 factor_s=0.003065100 solve_s=0.001580300 update_s=0.000215200 K_nnz=5269 rhs_cols=1 Vxx_nnz=2601
FILTERDDP_TIMING iteration=20 barrier_iteration=2 stage=4 derivative_s=0.001105300 first_order_s=0.000714200 second_order_s=0.000329600 algebra_s=0.001758200 kkt_assembly_s=0.000286100 factor_s=0.004368800 solve_s=0.002267900 update_s=0.000233700 K_nnz=5269 rhs_cols=1 Vxx_nnz=2601
FILTERDDP_TIMING iteration=20 barrier_iteration=2 stage=3 derivative_s=0.000650600 first_order_s=0.000314300 second_order_s=0.000271800 algebra_s=0.002089800 kkt_assembly_s=0.000298400 factor_s=0.004116600 solve_s=0.001609000 update_s=0.000216900 K_nnz=5269 rhs_cols=1 Vxx_nnz=2601
FILTERDDP_TIMING iteration=20 barrier_iteration=2 stage=2 derivative_s=0.000542700 first_order_s=0.000271800 second_order_s=0.000217100 algebra_s=0.001276600 kkt_assembly_s=0.000225200 factor_s=0.003392200 solve_s=0.001682000 update_s=0.000145000 K_nnz=5269 rhs_cols=1 Vxx_nnz=2601
FILTERDDP_TIMING iteration=20 barrier_iteration=2 stage=1 derivative_s=0.000375800 first_order_s=0.000174700 second_order_s=0.000157700 algebra_s=0.001063600 kkt_assembly_s=0.000121100 factor_s=0.001791800 solve_s=0.002230200 update_s=0.000185100 K_nnz=5269 rhs_cols=1 Vxx_nnz=2601
FILTERDDP_FEASIBILITY iteration=20 barrier_iteration=2 equality_count=3372 equality_rms=2.236795325417e-02 equality_max=3.537776196515e-01 equality_worst_stage=5 equality_worst_index=509 dynamics_count=255 dynamics_rms=0.000000000000e+00 dynamics_max=0.000000000000e+00 dynamics_worst_stage=0 dynamics_worst_index=0 bound_count=4902 bound_rms=0.000000000000e+00 bound_max=0.000000000000e+00 bound_worst_stage=0 bound_worst_index=0 bound_worst_kind=none
FILTERDDP_ITER_TIMING iteration=20 barrier_iteration=2 backward_s=0.047475300 forward_s=0.000000000 total_s=0.047475300 outcome=barrier_update step_size=5.000000000e-01 backtracks=0 mu=4.000000000e-02
FILTERDDP_TIMING iteration=20 barrier_iteration=3 stage=6 derivative_s=0.001035600 first_order_s=0.000233100 second_order_s=0.000757800 algebra_s=0.001504800 kkt_assembly_s=0.000269300 factor_s=0.002992700 solve_s=0.001486800 update_s=0.000145000 K_nnz=5269 rhs_cols=1 Vxx_nnz=2601
FILTERDDP_TIMING iteration=20 barrier_iteration=3 stage=5 derivative_s=0.000310100 first_order_s=0.000192700 second_order_s=0.000093400 algebra_s=0.000504600 kkt_assembly_s=0.000120600 factor_s=0.001566600 solve_s=0.001447000 update_s=0.000180200 K_nnz=5269 rhs_cols=1 Vxx_nnz=2601
FILTERDDP_TIMING iteration=20 barrier_iteration=3 stage=4 derivative_s=0.000603100 first_order_s=0.000269200 second_order_s=0.000286600 algebra_s=0.001512500 kkt_assembly_s=0.000182400 factor_s=0.002880400 solve_s=0.001472900 update_s=0.000175400 K_nnz=5269 rhs_cols=1 Vxx_nnz=2601
FILTERDDP_TIMING iteration=20 barrier_iteration=3 stage=3 derivative_s=0.000504100 first_order_s=0.000206100 second_order_s=0.000221300 algebra_s=0.001276500 kkt_assembly_s=0.000371000 factor_s=0.003034600 solve_s=0.001166700 update_s=0.000193400 K_nnz=5269 rhs_cols=1 Vxx_nnz=2601
FILTERDDP_TIMING iteration=20 barrier_iteration=3 stage=2 derivative_s=0.000488700 first_order_s=0.000215700 second_order_s=0.000215500 algebra_s=0.001355800 kkt_assembly_s=0.000195500 factor_s=0.003312800 solve_s=0.001724800 update_s=0.000150400 K_nnz=5269 rhs_cols=1 Vxx_nnz=2601
FILTERDDP_TIMING iteration=20 barrier_iteration=3 stage=1 derivative_s=0.000566500 first_order_s=0.000361000 second_order_s=0.000172800 algebra_s=0.001353900 kkt_assembly_s=0.000164600 factor_s=0.002412300 solve_s=0.001342900 update_s=0.000176200 K_nnz=5269 rhs_cols=1 Vxx_nnz=2601
FILTERDDP_FEASIBILITY iteration=20 barrier_iteration=3 equality_count=3372 equality_rms=2.236795325417e-02 equality_max=3.537776196515e-01 equality_worst_stage=5 equality_worst_index=509 dynamics_count=255 dynamics_rms=0.000000000000e+00 dynamics_max=0.000000000000e+00 dynamics_worst_stage=0 dynamics_worst_index=0 bound_count=4902 bound_rms=0.000000000000e+00 bound_max=0.000000000000e+00 bound_worst_stage=0 bound_worst_index=0 bound_worst_kind=none
  iter     objective        pr_inf       du_inf       cs_inf     lg(μ)   lg(reg)    alpha     ls
    20   3.21459786e+03   3.5378e-01   7.4596e-02   4.2410e-02   -2.10      -     5.0000e-01   0
FILTERDDP_ITER_TIMING iteration=20 barrier_iteration=3 backward_s=0.038628000 forward_s=0.003858800 total_s=0.042486800 outcome=accepted step_size=5.000000000e-01 backtracks=0 mu=8.000000000e-03
FILTERDDP_TIMING iteration=21 barrier_iteration=3 stage=6 derivative_s=0.000898000 first_order_s=0.000525700 second_order_s=0.000329500 algebra_s=0.001518700 kkt_assembly_s=0.000202100 factor_s=0.002746900 solve_s=0.001261400 update_s=0.000164300 K_nnz=5269 rhs_cols=1 Vxx_nnz=2601
FILTERDDP_TIMING iteration=21 barrier_iteration=3 stage=5 derivative_s=0.000617500 first_order_s=0.000195900 second_order_s=0.000382500 algebra_s=0.001284700 kkt_assembly_s=0.000214500 factor_s=0.003211500 solve_s=0.001552500 update_s=0.000166400 K_nnz=5269 rhs_cols=1 Vxx_nnz=2601
FILTERDDP_TIMING iteration=21 barrier_iteration=3 stage=4 derivative_s=0.000426200 first_order_s=0.000196100 second_order_s=0.000191700 algebra_s=0.001461700 kkt_assembly_s=0.000195200 factor_s=0.002831500 solve_s=0.001764800 update_s=0.000156700 K_nnz=5269 rhs_cols=1 Vxx_nnz=2601
FILTERDDP_TIMING iteration=21 barrier_iteration=3 stage=3 derivative_s=0.000686200 first_order_s=0.000186500 second_order_s=0.000444900 algebra_s=0.001168500 kkt_assembly_s=0.000356600 factor_s=0.002752500 solve_s=0.001200000 update_s=0.000108800 K_nnz=5269 rhs_cols=1 Vxx_nnz=2601
FILTERDDP_TIMING iteration=21 barrier_iteration=3 stage=2 derivative_s=0.000282000 first_order_s=0.000139600 second_order_s=0.000117100 algebra_s=0.000811300 kkt_assembly_s=0.000115000 factor_s=0.001978000 solve_s=0.001602800 update_s=0.000181700 K_nnz=5269 rhs_cols=1 Vxx_nnz=2601
FILTERDDP_TIMING iteration=21 barrier_iteration=3 stage=1 derivative_s=0.000641100 first_order_s=0.000397700 second_order_s=0.000203700 algebra_s=0.001295700 kkt_assembly_s=0.000181900 factor_s=0.002729000 solve_s=0.001632300 update_s=0.000174200 K_nnz=5269 rhs_cols=1 Vxx_nnz=2601
FILTERDDP_FEASIBILITY iteration=21 barrier_iteration=3 equality_count=3372 equality_rms=1.027178975047e-01 equality_max=1.561401620570e+00 equality_worst_stage=5 equality_worst_index=509 dynamics_count=255 dynamics_rms=0.000000000000e+00 dynamics_max=0.000000000000e+00 dynamics_worst_stage=0 dynamics_worst_index=0 bound_count=4902 bound_rms=0.000000000000e+00 bound_max=0.000000000000e+00 bound_worst_stage=0 bound_worst_index=0 bound_worst_kind=none
    21   3.18587303e+03   1.5614e+00   1.5633e-01   2.6826e-02   -2.10      -     5.0000e-01   0
FILTERDDP_ITER_TIMING iteration=21 barrier_iteration=3 backward_s=0.038996800 forward_s=0.003887400 total_s=0.042884200 outcome=accepted step_size=5.000000000e-01 backtracks=0 mu=8.000000000e-03
FILTERDDP_TIMING iteration=22 barrier_iteration=3 stage=6 derivative_s=0.000720300 first_order_s=0.000420500 second_order_s=0.000260600 algebra_s=0.001875100 kkt_assembly_s=0.000191900 factor_s=0.003137700 solve_s=0.001911400 update_s=0.000177100 K_nnz=5269 rhs_cols=1 Vxx_nnz=2601
FILTERDDP_TIMING iteration=22 barrier_iteration=3 stage=5 derivative_s=0.000663000 first_order_s=0.000387200 second_order_s=0.000202100 algebra_s=0.001506600 kkt_assembly_s=0.000180500 factor_s=0.002939300 solve_s=0.001707300 update_s=0.000191700 K_nnz=5269 rhs_cols=1 Vxx_nnz=2601
FILTERDDP_TIMING iteration=22 barrier_iteration=3 stage=4 derivative_s=0.000819300 first_order_s=0.000224500 second_order_s=0.000536200 algebra_s=0.001676900 kkt_assembly_s=0.000199300 factor_s=0.003465500 solve_s=0.001718900 update_s=0.000178300 K_nnz=5269 rhs_cols=1 Vxx_nnz=2601
FILTERDDP_TIMING iteration=22 barrier_iteration=3 stage=3 derivative_s=0.000491200 first_order_s=0.000215900 second_order_s=0.000218400 algebra_s=0.001517900 kkt_assembly_s=0.000440600 factor_s=0.003508300 solve_s=0.001744600 update_s=0.000352800 K_nnz=5269 rhs_cols=1 Vxx_nnz=2601
FILTERDDP_TIMING iteration=22 barrier_iteration=3 stage=2 derivative_s=0.000481900 first_order_s=0.000233900 second_order_s=0.000206300 algebra_s=0.001483500 kkt_assembly_s=0.000193000 factor_s=0.003181200 solve_s=0.001963200 update_s=0.000189400 K_nnz=5269 rhs_cols=1 Vxx_nnz=2601
FILTERDDP_TIMING iteration=22 barrier_iteration=3 stage=1 derivative_s=0.000674200 first_order_s=0.000196300 second_order_s=0.000434100 algebra_s=0.001313600 kkt_assembly_s=0.000207500 factor_s=0.003874000 solve_s=0.001943900 update_s=0.000225000 K_nnz=5269 rhs_cols=1 Vxx_nnz=2601
FILTERDDP_FEASIBILITY iteration=22 barrier_iteration=3 equality_count=3372 equality_rms=1.060774232764e-01 equality_max=1.665944489308e+00 equality_worst_stage=5 equality_worst_index=509 dynamics_count=255 dynamics_rms=0.000000000000e+00 dynamics_max=0.000000000000e+00 dynamics_worst_stage=0 dynamics_worst_index=0 bound_count=4902 bound_rms=0.000000000000e+00 bound_max=0.000000000000e+00 bound_worst_stage=0 bound_worst_index=0 bound_worst_kind=none
    22   3.17128860e+03   1.6659e+00   1.3354e-01   1.8175e-02   -2.10      -     5.0000e-01   0
FILTERDDP_ITER_TIMING iteration=22 barrier_iteration=3 backward_s=0.047553700 forward_s=0.003357600 total_s=0.050911300 outcome=accepted step_size=5.000000000e-01 backtracks=0 mu=8.000000000e-03
FILTERDDP_TIMING iteration=23 barrier_iteration=3 stage=6 derivative_s=0.000718400 first_order_s=0.000198300 second_order_s=0.000478500 algebra_s=0.001893300 kkt_assembly_s=0.000224200 factor_s=0.003287300 solve_s=0.001744700 update_s=0.000183300 K_nnz=5269 rhs_cols=1 Vxx_nnz=2601
FILTERDDP_TIMING iteration=23 barrier_iteration=3 stage=5 derivative_s=0.000667000 first_order_s=0.000212600 second_order_s=0.000395700 algebra_s=0.001315200 kkt_assembly_s=0.000222200 factor_s=0.003050900 solve_s=0.001958800 update_s=0.000180700 K_nnz=5269 rhs_cols=1 Vxx_nnz=2601
FILTERDDP_TIMING iteration=23 barrier_iteration=3 stage=4 derivative_s=0.000491800 first_order_s=0.000203100 second_order_s=0.000228600 algebra_s=0.001491600 kkt_assembly_s=0.000206200 factor_s=0.045246900 solve_s=0.001626500 update_s=0.000118500 K_nnz=5269 rhs_cols=1 Vxx_nnz=2601
FILTERDDP_TIMING iteration=23 barrier_iteration=3 stage=3 derivative_s=0.000407500 first_order_s=0.000248000 second_order_s=0.000111000 algebra_s=0.000756600 kkt_assembly_s=0.000142700 factor_s=0.002538500 solve_s=0.001270900 update_s=0.000114900 K_nnz=5269 rhs_cols=1 Vxx_nnz=2601
FILTERDDP_TIMING iteration=23 barrier_iteration=3 stage=2 derivative_s=0.000307700 first_order_s=0.000159200 second_order_s=0.000105700 algebra_s=0.000823600 kkt_assembly_s=0.000141900 factor_s=0.002332000 solve_s=0.001202600 update_s=0.000104200 K_nnz=5269 rhs_cols=1 Vxx_nnz=2601
FILTERDDP_TIMING iteration=23 barrier_iteration=3 stage=1 derivative_s=0.000351700 first_order_s=0.000169000 second_order_s=0.000138300 algebra_s=0.000705600 kkt_assembly_s=0.000146300 factor_s=0.002205900 solve_s=0.001162700 update_s=0.000077800 K_nnz=5269 rhs_cols=1 Vxx_nnz=2601
FILTERDDP_FEASIBILITY iteration=23 barrier_iteration=3 equality_count=3372 equality_rms=7.454452683010e-02 equality_max=1.191192628629e+00 equality_worst_stage=5 equality_worst_index=509 dynamics_count=255 dynamics_rms=0.000000000000e+00 dynamics_max=0.000000000000e+00 dynamics_worst_stage=0 dynamics_worst_index=0 bound_count=4902 bound_rms=0.000000000000e+00 bound_max=0.000000000000e+00 bound_worst_stage=0 bound_worst_index=0 bound_worst_kind=none
    23   3.16396521e+03   1.1912e+00   8.4238e-02   1.2204e-02   -2.10      -     5.0000e-01   0
FILTERDDP_ITER_TIMING iteration=23 barrier_iteration=3 backward_s=0.079883000 forward_s=0.001414100 total_s=0.081297100 outcome=accepted step_size=5.000000000e-01 backtracks=0 mu=8.000000000e-03
FILTERDDP_TIMING iteration=24 barrier_iteration=3 stage=6 derivative_s=0.000147100 first_order_s=0.000062400 second_order_s=0.000064800 algebra_s=0.000340200 kkt_assembly_s=0.000072800 factor_s=0.001409600 solve_s=0.001014500 update_s=0.000100500 K_nnz=5269 rhs_cols=1 Vxx_nnz=2601
FILTERDDP_TIMING iteration=24 barrier_iteration=3 stage=5 derivative_s=0.000297500 first_order_s=0.000140800 second_order_s=0.000118100 algebra_s=0.000713200 kkt_assembly_s=0.000131700 factor_s=0.002311800 solve_s=0.001207500 update_s=0.000097600 K_nnz=5269 rhs_cols=1 Vxx_nnz=2601
FILTERDDP_TIMING iteration=24 barrier_iteration=3 stage=4 derivative_s=0.000276400 first_order_s=0.000135400 second_order_s=0.000102000 algebra_s=0.000712500 kkt_assembly_s=0.000130100 factor_s=0.002354700 solve_s=0.001198500 update_s=0.000053300 K_nnz=5269 rhs_cols=1 Vxx_nnz=2601
FILTERDDP_TIMING iteration=24 barrier_iteration=3 stage=3 derivative_s=0.000140400 first_order_s=0.000063400 second_order_s=0.000059900 algebra_s=0.000255300 kkt_assembly_s=0.000060700 factor_s=0.001007400 solve_s=0.001177500 update_s=0.000055400 K_nnz=5269 rhs_cols=1 Vxx_nnz=2601
FILTERDDP_TIMING iteration=24 barrier_iteration=3 stage=2 derivative_s=0.000121800 first_order_s=0.000060400 second_order_s=0.000045800 algebra_s=0.000266600 kkt_assembly_s=0.000060900 factor_s=0.001026600 solve_s=0.001290300 update_s=0.000112200 K_nnz=5269 rhs_cols=1 Vxx_nnz=2601
FILTERDDP_TIMING iteration=24 barrier_iteration=3 stage=1 derivative_s=0.000274000 first_order_s=0.000137500 second_order_s=0.000099000 algebra_s=0.000790700 kkt_assembly_s=0.000130500 factor_s=0.002294300 solve_s=0.001269600 update_s=0.000107000 K_nnz=5269 rhs_cols=1 Vxx_nnz=2601
FILTERDDP_FEASIBILITY iteration=24 barrier_iteration=3 equality_count=3372 equality_rms=4.449922934807e-02 equality_max=7.176106887849e-01 equality_worst_stage=5 equality_worst_index=509 dynamics_count=255 dynamics_rms=0.000000000000e+00 dynamics_max=0.000000000000e+00 dynamics_worst_stage=0 dynamics_worst_index=0 bound_count=4902 bound_rms=0.000000000000e+00 bound_max=0.000000000000e+00 bound_worst_stage=0 bound_worst_index=0 bound_worst_kind=none
    24   3.16031456e+03   7.1761e-01   4.2712e-02   6.6146e-03   -2.10      -     5.0000e-01   0
FILTERDDP_ITER_TIMING iteration=24 barrier_iteration=3 backward_s=0.023343700 forward_s=0.002522400 total_s=0.025866100 outcome=accepted step_size=5.000000000e-01 backtracks=0 mu=8.000000000e-03
FILTERDDP_TIMING iteration=25 barrier_iteration=3 stage=6 derivative_s=0.000298300 first_order_s=0.000138500 second_order_s=0.000121500 algebra_s=0.000959400 kkt_assembly_s=0.000152500 factor_s=0.001928000 solve_s=0.001011000 update_s=0.000091300 K_nnz=5269 rhs_cols=1 Vxx_nnz=2601
FILTERDDP_TIMING iteration=25 barrier_iteration=3 stage=5 derivative_s=0.000269600 first_order_s=0.000134700 second_order_s=0.000098800 algebra_s=0.000726200 kkt_assembly_s=0.000150700 factor_s=0.002484400 solve_s=0.001174900 update_s=0.000093300 K_nnz=5269 rhs_cols=1 Vxx_nnz=2601
FILTERDDP_TIMING iteration=25 barrier_iteration=3 stage=4 derivative_s=0.000272000 first_order_s=0.000134200 second_order_s=0.000100000 algebra_s=0.000795600 kkt_assembly_s=0.000177600 factor_s=0.003363000 solve_s=0.001024600 update_s=0.000046600 K_nnz=5269 rhs_cols=1 Vxx_nnz=2601
FILTERDDP_TIMING iteration=25 barrier_iteration=3 stage=3 derivative_s=0.000137400 first_order_s=0.000078000 second_order_s=0.000043300 algebra_s=0.000262400 kkt_assembly_s=0.000054100 factor_s=0.001048600 solve_s=0.001300100 update_s=0.000122800 K_nnz=5269 rhs_cols=1 Vxx_nnz=2601
FILTERDDP_TIMING iteration=25 barrier_iteration=3 stage=2 derivative_s=0.000431200 first_order_s=0.000243500 second_order_s=0.000131300 algebra_s=0.001010000 kkt_assembly_s=0.000182600 factor_s=0.003661600 solve_s=0.001278100 update_s=0.000093100 K_nnz=5269 rhs_cols=1 Vxx_nnz=2601
FILTERDDP_TIMING iteration=25 barrier_iteration=3 stage=1 derivative_s=0.000270300 first_order_s=0.000135200 second_order_s=0.000097400 algebra_s=0.000762700 kkt_assembly_s=0.000125600 factor_s=0.002316300 solve_s=0.001229400 update_s=0.000054200 K_nnz=5269 rhs_cols=1 Vxx_nnz=2601
FILTERDDP_FEASIBILITY iteration=25 barrier_iteration=3 equality_count=3372 equality_rms=2.441167704856e-02 equality_max=3.954908946205e-01 equality_worst_stage=5 equality_worst_index=509 dynamics_count=255 dynamics_rms=0.000000000000e+00 dynamics_max=0.000000000000e+00 dynamics_worst_stage=0 dynamics_worst_index=0 bound_count=4902 bound_rms=0.000000000000e+00 bound_max=0.000000000000e+00 bound_worst_stage=0 bound_worst_index=0 bound_worst_kind=none
    25   3.15849975e+03   3.9549e-01   1.8871e-02   3.4765e-03   -2.10      -     5.0000e-01   0
FILTERDDP_ITER_TIMING iteration=25 barrier_iteration=3 backward_s=0.029696100 forward_s=0.001177700 total_s=0.030873800 outcome=accepted step_size=5.000000000e-01 backtracks=0 mu=8.000000000e-03
FILTERDDP_TIMING iteration=26 barrier_iteration=3 stage=6 derivative_s=0.000135800 first_order_s=0.000056900 second_order_s=0.000061000 algebra_s=0.000385900 kkt_assembly_s=0.000063800 factor_s=0.001326000 solve_s=0.001370900 update_s=0.000086400 K_nnz=5269 rhs_cols=1 Vxx_nnz=2601
FILTERDDP_TIMING iteration=26 barrier_iteration=3 stage=5 derivative_s=0.000325700 first_order_s=0.000130500 second_order_s=0.000156500 algebra_s=0.000727700 kkt_assembly_s=0.000127300 factor_s=0.002825000 solve_s=0.001117000 update_s=0.000134700 K_nnz=5269 rhs_cols=1 Vxx_nnz=2601
FILTERDDP_TIMING iteration=26 barrier_iteration=3 stage=4 derivative_s=0.000271100 first_order_s=0.000134800 second_order_s=0.000099200 algebra_s=0.000730900 kkt_assembly_s=0.000127100 factor_s=0.002274700 solve_s=0.001152500 update_s=0.000097100 K_nnz=5269 rhs_cols=1 Vxx_nnz=2601
FILTERDDP_TIMING iteration=26 barrier_iteration=3 stage=3 derivative_s=0.000346100 first_order_s=0.000158900 second_order_s=0.000148400 algebra_s=0.000738400 kkt_assembly_s=0.000124800 factor_s=0.002451300 solve_s=0.001212400 update_s=0.000107400 K_nnz=5269 rhs_cols=1 Vxx_nnz=2601
FILTERDDP_TIMING iteration=26 barrier_iteration=3 stage=2 derivative_s=0.000326300 first_order_s=0.000177600 second_order_s=0.000108500 algebra_s=0.000800900 kkt_assembly_s=0.000126000 factor_s=0.002243900 solve_s=0.001204800 update_s=0.000095500 K_nnz=5269 rhs_cols=1 Vxx_nnz=2601
FILTERDDP_TIMING iteration=26 barrier_iteration=3 stage=1 derivative_s=0.000276900 first_order_s=0.000137500 second_order_s=0.000101600 algebra_s=0.000733100 kkt_assembly_s=0.000143800 factor_s=0.002756100 solve_s=0.001156900 update_s=0.000094400 K_nnz=5269 rhs_cols=1 Vxx_nnz=2601
FILTERDDP_FEASIBILITY iteration=26 barrier_iteration=3 equality_count=3372 equality_rms=1.280139638260e-02 equality_max=2.078521644402e-01 equality_worst_stage=5 equality_worst_index=509 dynamics_count=255 dynamics_rms=0.000000000000e+00 dynamics_max=0.000000000000e+00 dynamics_worst_stage=0 dynamics_worst_index=0 bound_count=4902 bound_rms=0.000000000000e+00 bound_max=0.000000000000e+00 bound_worst_stage=0 bound_worst_index=0 bound_worst_kind=none
    26   3.15759801e+03   2.0785e-01   7.5294e-03   1.7876e-03   -2.10      -     5.0000e-01   0
FILTERDDP_ITER_TIMING iteration=26 barrier_iteration=3 backward_s=0.028616300 forward_s=0.002386500 total_s=0.031002800 outcome=accepted step_size=5.000000000e-01 backtracks=0 mu=8.000000000e-03
FILTERDDP_TIMING iteration=27 barrier_iteration=3 stage=6 derivative_s=0.000276900 first_order_s=0.000118000 second_order_s=0.000121000 algebra_s=0.000840100 kkt_assembly_s=0.000419900 factor_s=0.002769600 solve_s=0.001258000 update_s=0.000093700 K_nnz=5269 rhs_cols=1 Vxx_nnz=2601
FILTERDDP_TIMING iteration=27 barrier_iteration=3 stage=5 derivative_s=0.000302800 first_order_s=0.000163100 second_order_s=0.000101200 algebra_s=0.000746000 kkt_assembly_s=0.000164700 factor_s=0.002585400 solve_s=0.001263100 update_s=0.000172400 K_nnz=5269 rhs_cols=1 Vxx_nnz=2601
FILTERDDP_TIMING iteration=27 barrier_iteration=3 stage=4 derivative_s=0.000273100 first_order_s=0.000136300 second_order_s=0.000099100 algebra_s=0.000729600 kkt_assembly_s=0.000129900 factor_s=0.002386500 solve_s=0.001205800 update_s=0.000086000 K_nnz=5269 rhs_cols=1 Vxx_nnz=2601
FILTERDDP_TIMING iteration=27 barrier_iteration=3 stage=3 derivative_s=0.000266900 first_order_s=0.000116000 second_order_s=0.000118600 algebra_s=0.000700400 kkt_assembly_s=0.000136900 factor_s=0.002269400 solve_s=0.001268200 update_s=0.000094600 K_nnz=5269 rhs_cols=1 Vxx_nnz=2601
FILTERDDP_TIMING iteration=27 barrier_iteration=3 stage=2 derivative_s=0.000273300 first_order_s=0.000136700 second_order_s=0.000099000 algebra_s=0.000793300 kkt_assembly_s=0.000130900 factor_s=0.002327600 solve_s=0.001147200 update_s=0.000099100 K_nnz=5269 rhs_cols=1 Vxx_nnz=2601
FILTERDDP_TIMING iteration=27 barrier_iteration=3 stage=1 derivative_s=0.000332100 first_order_s=0.000190600 second_order_s=0.000102900 algebra_s=0.000736700 kkt_assembly_s=0.000140800 factor_s=0.002490500 solve_s=0.001293300 update_s=0.000095900 K_nnz=5269 rhs_cols=1 Vxx_nnz=2601
FILTERDDP_FEASIBILITY iteration=27 barrier_iteration=3 equality_count=3372 equality_rms=6.556049015675e-03 equality_max=1.065549831922e-01 equality_worst_stage=5 equality_worst_index=509 dynamics_count=255 dynamics_rms=0.000000000000e+00 dynamics_max=0.000000000000e+00 dynamics_worst_stage=0 dynamics_worst_index=0 bound_count=4902 bound_rms=0.000000000000e+00 bound_max=0.000000000000e+00 bound_worst_stage=0 bound_worst_index=0 bound_worst_kind=none
    27   3.15714993e+03   1.0655e-01   2.6179e-03   9.0719e-04   -2.10      -     5.0000e-01   0
FILTERDDP_ITER_TIMING iteration=27 barrier_iteration=3 backward_s=0.030700600 forward_s=0.002319800 total_s=0.033020400 outcome=accepted step_size=5.000000000e-01 backtracks=0 mu=8.000000000e-03
FILTERDDP_TIMING iteration=28 barrier_iteration=3 stage=6 derivative_s=0.000285900 first_order_s=0.000122300 second_order_s=0.000126400 algebra_s=0.000835900 kkt_assembly_s=0.000143400 factor_s=0.002526000 solve_s=0.001227400 update_s=0.000096700 K_nnz=5269 rhs_cols=1 Vxx_nnz=2601
FILTERDDP_TIMING iteration=28 barrier_iteration=3 stage=5 derivative_s=0.000264600 first_order_s=0.000132500 second_order_s=0.000095800 algebra_s=0.000674500 kkt_assembly_s=0.000135800 factor_s=0.002180400 solve_s=0.001300800 update_s=0.000103100 K_nnz=5269 rhs_cols=1 Vxx_nnz=2601
FILTERDDP_TIMING iteration=28 barrier_iteration=3 stage=4 derivative_s=0.000327100 first_order_s=0.000186500 second_order_s=0.000101400 algebra_s=0.000732700 kkt_assembly_s=0.000132500 factor_s=0.002549800 solve_s=0.001197000 update_s=0.000100300 K_nnz=5269 rhs_cols=1 Vxx_nnz=2601
FILTERDDP_TIMING iteration=28 barrier_iteration=3 stage=3 derivative_s=0.000319400 first_order_s=0.000179600 second_order_s=0.000101300 algebra_s=0.000748700 kkt_assembly_s=0.000131400 factor_s=0.002376300 solve_s=0.001228100 update_s=0.000107500 K_nnz=5269 rhs_cols=1 Vxx_nnz=2601
FILTERDDP_TIMING iteration=28 barrier_iteration=3 stage=2 derivative_s=0.000289400 first_order_s=0.000141600 second_order_s=0.000108300 algebra_s=0.000782800 kkt_assembly_s=0.000137200 factor_s=0.002364200 solve_s=0.001400500 update_s=0.000108500 K_nnz=5269 rhs_cols=1 Vxx_nnz=2601
FILTERDDP_TIMING iteration=28 barrier_iteration=3 stage=1 derivative_s=0.000294800 first_order_s=0.000146500 second_order_s=0.000106800 algebra_s=0.000778500 kkt_assembly_s=0.000134900 factor_s=0.002409700 solve_s=0.001421700 update_s=0.000171300 K_nnz=5269 rhs_cols=1 Vxx_nnz=2601
FILTERDDP_FEASIBILITY iteration=28 barrier_iteration=3 equality_count=3372 equality_rms=3.317225624245e-03 equality_max=5.393777570669e-02 equality_worst_stage=5 equality_worst_index=509 dynamics_count=255 dynamics_rms=0.000000000000e+00 dynamics_max=0.000000000000e+00 dynamics_worst_stage=0 dynamics_worst_index=0 bound_count=4902 bound_rms=0.000000000000e+00 bound_max=0.000000000000e+00 bound_worst_stage=0 bound_worst_index=0 bound_worst_kind=none
FILTERDDP_ITER_TIMING iteration=28 barrier_iteration=3 backward_s=0.030497600 forward_s=0.000000000 total_s=0.030497600 outcome=barrier_update step_size=5.000000000e-01 backtracks=0 mu=8.000000000e-03
FILTERDDP_TIMING iteration=28 barrier_iteration=4 stage=6 derivative_s=0.000513500 first_order_s=0.000239400 second_order_s=0.000209500 algebra_s=0.001151200 kkt_assembly_s=0.000172200 factor_s=0.003101500 solve_s=0.001175100 update_s=0.000104000 K_nnz=5269 rhs_cols=1 Vxx_nnz=2601
FILTERDDP_TIMING iteration=28 barrier_iteration=4 stage=5 derivative_s=0.000310900 first_order_s=0.000146100 second_order_s=0.000123800 algebra_s=0.000753500 kkt_assembly_s=0.000139400 factor_s=0.002529500 solve_s=0.001483600 update_s=0.000118200 K_nnz=5269 rhs_cols=1 Vxx_nnz=2601
FILTERDDP_TIMING iteration=28 barrier_iteration=4 stage=4 derivative_s=0.000470800 first_order_s=0.000154000 second_order_s=0.000273000 algebra_s=0.000840700 kkt_assembly_s=0.000176200 factor_s=0.002777900 solve_s=0.001458800 update_s=0.000112500 K_nnz=5269 rhs_cols=1 Vxx_nnz=2601
FILTERDDP_TIMING iteration=28 barrier_iteration=4 stage=3 derivative_s=0.000302500 first_order_s=0.000151900 second_order_s=0.000109700 algebra_s=0.000801700 kkt_assembly_s=0.000141100 factor_s=0.002407800 solve_s=0.001301000 update_s=0.000112700 K_nnz=5269 rhs_cols=1 Vxx_nnz=2601
FILTERDDP_TIMING iteration=28 barrier_iteration=4 stage=2 derivative_s=0.000300400 first_order_s=0.000146900 second_order_s=0.000111600 algebra_s=0.000855100 kkt_assembly_s=0.000145700 factor_s=0.002583600 solve_s=0.001501500 update_s=0.000137400 K_nnz=5269 rhs_cols=1 Vxx_nnz=2601
FILTERDDP_TIMING iteration=28 barrier_iteration=4 stage=1 derivative_s=0.018891900 first_order_s=0.000172400 second_order_s=0.018643500 algebra_s=0.000776700 kkt_assembly_s=0.000154600 factor_s=0.002530500 solve_s=0.001543000 update_s=0.000114600 K_nnz=5269 rhs_cols=1 Vxx_nnz=2601
FILTERDDP_FEASIBILITY iteration=28 barrier_iteration=4 equality_count=3372 equality_rms=3.317225624245e-03 equality_max=5.393777570669e-02 equality_worst_stage=5 equality_worst_index=509 dynamics_count=255 dynamics_rms=0.000000000000e+00 dynamics_max=0.000000000000e+00 dynamics_worst_stage=0 dynamics_worst_index=0 bound_count=4902 bound_rms=0.000000000000e+00 bound_max=0.000000000000e+00 bound_worst_stage=0 bound_worst_index=0 bound_worst_kind=none
    28   3.15692728e+03   5.3938e-02   8.3047e-04   4.5707e-04   -2.80      -     5.0000e-01   0
FILTERDDP_ITER_TIMING iteration=28 barrier_iteration=4 backward_s=0.052472300 forward_s=0.002550300 total_s=0.055022600 outcome=accepted step_size=5.000000000e-01 backtracks=0 mu=1.600000000e-03
FILTERDDP_TIMING iteration=29 barrier_iteration=4 stage=6 derivative_s=0.000309600 first_order_s=0.000131500 second_order_s=0.000134800 algebra_s=0.000840900 kkt_assembly_s=0.000148300 factor_s=0.002588900 solve_s=0.001424300 update_s=0.000118800 K_nnz=5269 rhs_cols=1 Vxx_nnz=2601
FILTERDDP_TIMING iteration=29 barrier_iteration=4 stage=5 derivative_s=0.000301900 first_order_s=0.000150000 second_order_s=0.000109600 algebra_s=0.000741300 kkt_assembly_s=0.000144300 factor_s=0.002839900 solve_s=0.001446600 update_s=0.000118800 K_nnz=5269 rhs_cols=1 Vxx_nnz=2601
FILTERDDP_TIMING iteration=29 barrier_iteration=4 stage=4 derivative_s=0.000306400 first_order_s=0.000150000 second_order_s=0.000113200 algebra_s=0.000747500 kkt_assembly_s=0.000147700 factor_s=0.002403300 solve_s=0.001451300 update_s=0.000119400 K_nnz=5269 rhs_cols=1 Vxx_nnz=2601
FILTERDDP_TIMING iteration=29 barrier_iteration=4 stage=3 derivative_s=0.000306600 first_order_s=0.000153400 second_order_s=0.000109400 algebra_s=0.001034100 kkt_assembly_s=0.000182100 factor_s=0.002886300 solve_s=0.001440800 update_s=0.000142000 K_nnz=5269 rhs_cols=1 Vxx_nnz=2601
FILTERDDP_TIMING iteration=29 barrier_iteration=4 stage=2 derivative_s=0.000437600 first_order_s=0.000234300 second_order_s=0.000143900 algebra_s=0.000997400 kkt_assembly_s=0.000198700 factor_s=0.003752200 solve_s=0.001504400 update_s=0.000116700 K_nnz=5269 rhs_cols=1 Vxx_nnz=2601
FILTERDDP_TIMING iteration=29 barrier_iteration=4 stage=1 derivative_s=0.000304700 first_order_s=0.000151800 second_order_s=0.000110900 algebra_s=0.000742100 kkt_assembly_s=0.000185000 factor_s=0.002392900 solve_s=0.001216900 update_s=0.000116600 K_nnz=5269 rhs_cols=1 Vxx_nnz=2601
FILTERDDP_FEASIBILITY iteration=29 barrier_iteration=4 equality_count=3372 equality_rms=2.459035587776e-02 equality_max=4.248759384300e-01 equality_worst_stage=5 equality_worst_index=509 dynamics_count=255 dynamics_rms=0.000000000000e+00 dynamics_max=0.000000000000e+00 dynamics_worst_stage=0 dynamics_worst_index=0 bound_count=4902 bound_rms=0.000000000000e+00 bound_max=0.000000000000e+00 bound_worst_stage=0 bound_worst_index=0 bound_worst_kind=none
    29   3.15114111e+03   4.2488e-01   2.6105e-03   2.4532e-04   -2.80      -     5.0000e-01   0
FILTERDDP_ITER_TIMING iteration=29 barrier_iteration=4 backward_s=0.034668700 forward_s=0.002401400 total_s=0.037070100 outcome=accepted step_size=5.000000000e-01 backtracks=0 mu=1.600000000e-03
FILTERDDP_TIMING iteration=30 barrier_iteration=4 stage=6 derivative_s=0.000306200 first_order_s=0.000130200 second_order_s=0.000134100 algebra_s=0.000889400 kkt_assembly_s=0.000147100 factor_s=0.002589100 solve_s=0.001397500 update_s=0.000111100 K_nnz=5269 rhs_cols=1 Vxx_nnz=2601
FILTERDDP_TIMING iteration=30 barrier_iteration=4 stage=5 derivative_s=0.000301000 first_order_s=0.000149500 second_order_s=0.000110700 algebra_s=0.000737500 kkt_assembly_s=0.000141100 factor_s=0.002441600 solve_s=0.001399800 update_s=0.000112300 K_nnz=5269 rhs_cols=1 Vxx_nnz=2601
FILTERDDP_TIMING iteration=30 barrier_iteration=4 stage=4 derivative_s=0.000413000 first_order_s=0.000178000 second_order_s=0.000184500 algebra_s=0.000806800 kkt_assembly_s=0.000178400 factor_s=0.002416300 solve_s=0.001476500 update_s=0.000145100 K_nnz=5269 rhs_cols=1 Vxx_nnz=2601
FILTERDDP_TIMING iteration=30 barrier_iteration=4 stage=3 derivative_s=0.000467300 first_order_s=0.000233400 second_order_s=0.000160500 algebra_s=0.000908000 kkt_assembly_s=0.000142600 factor_s=0.002420000 solve_s=0.001265900 update_s=0.000115500 K_nnz=5269 rhs_cols=1 Vxx_nnz=2601
FILTERDDP_TIMING iteration=30 barrier_iteration=4 stage=2 derivative_s=0.000304800 first_order_s=0.000151700 second_order_s=0.000110100 algebra_s=0.000784200 kkt_assembly_s=0.000165000 factor_s=0.002397900 solve_s=0.001313200 update_s=0.000116600 K_nnz=5269 rhs_cols=1 Vxx_nnz=2601
FILTERDDP_TIMING iteration=30 barrier_iteration=4 stage=1 derivative_s=0.000301800 first_order_s=0.000150900 second_order_s=0.000109400 algebra_s=0.000757300 kkt_assembly_s=0.000143900 factor_s=0.002422700 solve_s=0.001418100 update_s=0.000143500 K_nnz=5269 rhs_cols=1 Vxx_nnz=2601
FILTERDDP_FEASIBILITY iteration=30 barrier_iteration=4 equality_count=3372 equality_rms=2.009019621713e-02 equality_max=3.478750970146e-01 equality_worst_stage=5 equality_worst_index=509 dynamics_count=255 dynamics_rms=0.000000000000e+00 dynamics_max=0.000000000000e+00 dynamics_worst_stage=0 dynamics_worst_index=0 bound_count=4902 bound_rms=0.000000000000e+00 bound_max=0.000000000000e+00 bound_worst_stage=0 bound_worst_index=0 bound_worst_kind=none
  iter     objective        pr_inf       du_inf       cs_inf     lg(μ)   lg(reg)    alpha     ls
    30   3.14831113e+03   3.4788e-01   2.1179e-03   1.2659e-04   -2.80      -     5.0000e-01   0
FILTERDDP_ITER_TIMING iteration=30 barrier_iteration=4 backward_s=0.032126300 forward_s=0.004291200 total_s=0.036417500 outcome=accepted step_size=5.000000000e-01 backtracks=0 mu=1.600000000e-03
FILTERDDP_TIMING iteration=31 barrier_iteration=4 stage=6 derivative_s=0.000497300 first_order_s=0.000208000 second_order_s=0.000203000 algebra_s=0.000996100 kkt_assembly_s=0.000189200 factor_s=0.003111200 solve_s=0.001501400 update_s=0.000117000 K_nnz=5269 rhs_cols=1 Vxx_nnz=2601
FILTERDDP_TIMING iteration=31 barrier_iteration=4 stage=5 derivative_s=0.000330100 first_order_s=0.000149900 second_order_s=0.000138100 algebra_s=0.000750600 kkt_assembly_s=0.000143300 factor_s=0.002706700 solve_s=0.001438900 update_s=0.000114600 K_nnz=5269 rhs_cols=1 Vxx_nnz=2601
FILTERDDP_TIMING iteration=31 barrier_iteration=4 stage=4 derivative_s=0.000327700 first_order_s=0.000150100 second_order_s=0.000135900 algebra_s=0.000735400 kkt_assembly_s=0.000145300 factor_s=0.002522000 solve_s=0.001369600 update_s=0.000110200 K_nnz=5269 rhs_cols=1 Vxx_nnz=2601
FILTERDDP_TIMING iteration=31 barrier_iteration=4 stage=3 derivative_s=0.000338300 first_order_s=0.000157500 second_order_s=0.000127000 algebra_s=0.000915500 kkt_assembly_s=0.000143000 factor_s=0.002497900 solve_s=0.001324500 update_s=0.000110900 K_nnz=5269 rhs_cols=1 Vxx_nnz=2601
FILTERDDP_TIMING iteration=31 barrier_iteration=4 stage=2 derivative_s=0.000297500 first_order_s=0.000148400 second_order_s=0.000108500 algebra_s=0.000760100 kkt_assembly_s=0.000140600 factor_s=0.002683400 solve_s=0.001223400 update_s=0.000138800 K_nnz=5269 rhs_cols=1 Vxx_nnz=2601
FILTERDDP_TIMING iteration=31 barrier_iteration=4 stage=1 derivative_s=0.000304100 first_order_s=0.000152200 second_order_s=0.000110200 algebra_s=0.000784000 kkt_assembly_s=0.000142000 factor_s=0.002699400 solve_s=0.001426900 update_s=0.000125500 K_nnz=5269 rhs_cols=1 Vxx_nnz=2601
FILTERDDP_FEASIBILITY iteration=31 barrier_iteration=4 equality_count=3372 equality_rms=1.253597399147e-02 equality_max=2.172966330421e-01 equality_worst_stage=5 equality_worst_index=509 dynamics_count=255 dynamics_rms=0.000000000000e+00 dynamics_max=0.000000000000e+00 dynamics_worst_stage=0 dynamics_worst_index=0 bound_count=4902 bound_rms=0.000000000000e+00 bound_max=0.000000000000e+00 bound_worst_stage=0 bound_worst_index=0 bound_worst_kind=none
    31   3.14693079e+03   2.1730e-01   1.1608e-03   6.3060e-05   -2.80      -     5.0000e-01   0
FILTERDDP_ITER_TIMING iteration=31 barrier_iteration=4 backward_s=0.033636600 forward_s=0.002124200 total_s=0.035760800 outcome=accepted step_size=5.000000000e-01 backtracks=0 mu=1.600000000e-03
FILTERDDP_TIMING iteration=32 barrier_iteration=4 stage=6 derivative_s=0.000252400 first_order_s=0.000109200 second_order_s=0.000109700 algebra_s=0.000674700 kkt_assembly_s=0.000117300 factor_s=0.001936000 solve_s=0.001412700 update_s=0.000134700 K_nnz=5269 rhs_cols=1 Vxx_nnz=2601
FILTERDDP_TIMING iteration=32 barrier_iteration=4 stage=5 derivative_s=0.000333600 first_order_s=0.000177600 second_order_s=0.000113400 algebra_s=0.000786700 kkt_assembly_s=0.000144400 factor_s=0.002841900 solve_s=0.001271600 update_s=0.000115200 K_nnz=5269 rhs_cols=1 Vxx_nnz=2601
FILTERDDP_TIMING iteration=32 barrier_iteration=4 stage=4 derivative_s=0.000303100 first_order_s=0.000152600 second_order_s=0.000109500 algebra_s=0.000783000 kkt_assembly_s=0.000141700 factor_s=0.002451700 solve_s=0.001438900 update_s=0.000112100 K_nnz=5269 rhs_cols=1 Vxx_nnz=2601
FILTERDDP_TIMING iteration=32 barrier_iteration=4 stage=3 derivative_s=0.000305000 first_order_s=0.000149700 second_order_s=0.000113100 algebra_s=0.000776500 kkt_assembly_s=0.000141400 factor_s=0.002664000 solve_s=0.001425900 update_s=0.000112000 K_nnz=5269 rhs_cols=1 Vxx_nnz=2601
FILTERDDP_TIMING iteration=32 barrier_iteration=4 stage=2 derivative_s=0.000317500 first_order_s=0.000165400 second_order_s=0.000110600 algebra_s=0.000755000 kkt_assembly_s=0.000146300 factor_s=0.002564300 solve_s=0.001385800 update_s=0.000192100 K_nnz=5269 rhs_cols=1 Vxx_nnz=2601
FILTERDDP_TIMING iteration=32 barrier_iteration=4 stage=1 derivative_s=0.000483500 first_order_s=0.000238400 second_order_s=0.000166100 algebra_s=0.001074400 kkt_assembly_s=0.000259000 factor_s=0.003313300 solve_s=0.001528100 update_s=0.000119200 K_nnz=5269 rhs_cols=1 Vxx_nnz=2601
FILTERDDP_FEASIBILITY iteration=32 barrier_iteration=4 equality_count=3372 equality_rms=7.015416611226e-03 equality_max=1.216942697160e-01 equality_worst_stage=5 equality_worst_index=509 dynamics_count=255 dynamics_rms=0.000000000000e+00 dynamics_max=0.000000000000e+00 dynamics_worst_stage=0 dynamics_worst_index=0 bound_count=4902 bound_rms=0.000000000000e+00 bound_max=0.000000000000e+00 bound_worst_stage=0 bound_worst_index=0 bound_worst_kind=none
    32   3.14625719e+03   1.2169e-01   4.9825e-04   3.0819e-05   -2.80      -     5.0000e-01   0
FILTERDDP_ITER_TIMING iteration=32 barrier_iteration=4 backward_s=0.033302500 forward_s=0.002542800 total_s=0.035845300 outcome=accepted step_size=5.000000000e-01 backtracks=0 mu=1.600000000e-03
FILTERDDP_TIMING iteration=33 barrier_iteration=4 stage=6 derivative_s=0.000307600 first_order_s=0.000130800 second_order_s=0.000134600 algebra_s=0.000870900 kkt_assembly_s=0.000147800 factor_s=0.002609700 solve_s=0.001389100 update_s=0.000111800 K_nnz=5269 rhs_cols=1 Vxx_nnz=2601
FILTERDDP_TIMING iteration=33 barrier_iteration=4 stage=5 derivative_s=0.000327500 first_order_s=0.000148000 second_order_s=0.000135800 algebra_s=0.000761800 kkt_assembly_s=0.000162100 factor_s=0.002515300 solve_s=0.001709500 update_s=0.000113700 K_nnz=5269 rhs_cols=1 Vxx_nnz=2601
FILTERDDP_TIMING iteration=33 barrier_iteration=4 stage=4 derivative_s=0.000300900 first_order_s=0.000150900 second_order_s=0.000107600 algebra_s=0.000789000 kkt_assembly_s=0.000146400 factor_s=0.002519800 solve_s=0.001308500 update_s=0.000113300 K_nnz=5269 rhs_cols=1 Vxx_nnz=2601
FILTERDDP_TIMING iteration=33 barrier_iteration=4 stage=3 derivative_s=0.000303900 first_order_s=0.000152100 second_order_s=0.000109900 algebra_s=0.000757500 kkt_assembly_s=0.000190300 factor_s=0.003302200 solve_s=0.001229300 update_s=0.000094900 K_nnz=5269 rhs_cols=1 Vxx_nnz=2601
FILTERDDP_TIMING iteration=33 barrier_iteration=4 stage=2 derivative_s=0.000226800 first_order_s=0.000100300 second_order_s=0.000099000 algebra_s=0.000444900 kkt_assembly_s=0.000094900 factor_s=0.041224800 solve_s=0.001407600 update_s=0.000209000 K_nnz=5269 rhs_cols=1 Vxx_nnz=2601
FILTERDDP_TIMING iteration=33 barrier_iteration=4 stage=1 derivative_s=0.000336100 first_order_s=0.000162600 second_order_s=0.000119500 algebra_s=0.000813100 kkt_assembly_s=0.000212900 factor_s=0.002527500 solve_s=0.001210800 update_s=0.000125000 K_nnz=5269 rhs_cols=1 Vxx_nnz=2601
FILTERDDP_FEASIBILITY iteration=33 barrier_iteration=4 equality_count=3372 equality_rms=3.718874195232e-03 equality_max=6.454394467467e-02 equality_worst_stage=5 equality_worst_index=509 dynamics_count=255 dynamics_rms=0.000000000000e+00 dynamics_max=0.000000000000e+00 dynamics_worst_stage=0 dynamics_worst_index=0 bound_count=4902 bound_rms=0.000000000000e+00 bound_max=0.000000000000e+00 bound_worst_stage=0 bound_worst_index=0 bound_worst_kind=none
    33   3.14592696e+03   6.4544e-02   1.8145e-04   1.5031e-05   -2.80      -     5.0000e-01   0
FILTERDDP_ITER_TIMING iteration=33 barrier_iteration=4 backward_s=0.071362900 forward_s=0.002387700 total_s=0.073750600 outcome=accepted step_size=5.000000000e-01 backtracks=0 mu=1.600000000e-03
FILTERDDP_TIMING iteration=34 barrier_iteration=4 stage=6 derivative_s=0.000339900 first_order_s=0.000127300 second_order_s=0.000167100 algebra_s=0.000908300 kkt_assembly_s=0.000144700 factor_s=0.002625000 solve_s=0.001273100 update_s=0.000098100 K_nnz=5269 rhs_cols=1 Vxx_nnz=2601
FILTERDDP_TIMING iteration=34 barrier_iteration=4 stage=5 derivative_s=0.000364200 first_order_s=0.000160500 second_order_s=0.000162100 algebra_s=0.000729600 kkt_assembly_s=0.000172600 factor_s=0.002509100 solve_s=0.001074400 update_s=0.000078700 K_nnz=5269 rhs_cols=1 Vxx_nnz=2601
FILTERDDP_TIMING iteration=34 barrier_iteration=4 stage=4 derivative_s=0.000186600 first_order_s=0.000077600 second_order_s=0.000087000 algebra_s=0.000375000 kkt_assembly_s=0.000079700 factor_s=0.001065900 solve_s=0.001483800 update_s=0.000068100 K_nnz=5269 rhs_cols=1 Vxx_nnz=2601
FILTERDDP_TIMING iteration=34 barrier_iteration=4 stage=3 derivative_s=0.000183900 first_order_s=0.000090200 second_order_s=0.000073500 algebra_s=0.000335300 kkt_assembly_s=0.000099000 factor_s=0.001117500 solve_s=0.001474800 update_s=0.000151500 K_nnz=5269 rhs_cols=1 Vxx_nnz=2601
FILTERDDP_TIMING iteration=34 barrier_iteration=4 stage=2 derivative_s=0.000381900 first_order_s=0.000175500 second_order_s=0.000166500 algebra_s=0.000931400 kkt_assembly_s=0.000207700 factor_s=0.002559500 solve_s=0.001383700 update_s=0.000087600 K_nnz=5269 rhs_cols=1 Vxx_nnz=2601
FILTERDDP_TIMING iteration=34 barrier_iteration=4 stage=1 derivative_s=0.000204100 first_order_s=0.000098700 second_order_s=0.000083400 algebra_s=0.000407500 kkt_assembly_s=0.000106700 factor_s=0.001276500 solve_s=0.001317100 update_s=0.000084700 K_nnz=5269 rhs_cols=1 Vxx_nnz=2601
FILTERDDP_FEASIBILITY iteration=34 barrier_iteration=4 equality_count=3372 equality_rms=1.916165639268e-03 equality_max=3.326727848290e-02 equality_worst_stage=5 equality_worst_index=509 dynamics_count=255 dynamics_rms=0.000000000000e+00 dynamics_max=0.000000000000e+00 dynamics_worst_stage=0 dynamics_worst_index=0 bound_count=4902 bound_rms=0.000000000000e+00 bound_max=0.000000000000e+00 bound_worst_stage=0 bound_worst_index=0 bound_worst_kind=none
    34   3.14576410e+03   3.3267e-02   5.9348e-05   7.3776e-06   -2.80      -     5.0000e-01   0
FILTERDDP_ITER_TIMING iteration=34 barrier_iteration=4 backward_s=0.026206400 forward_s=0.001451600 total_s=0.027658000 outcome=accepted step_size=5.000000000e-01 backtracks=0 mu=1.600000000e-03
FILTERDDP_TIMING iteration=35 barrier_iteration=4 stage=6 derivative_s=0.000221400 first_order_s=0.000082900 second_order_s=0.000117400 algebra_s=0.000462100 kkt_assembly_s=0.000089300 factor_s=0.001476200 solve_s=0.001125700 update_s=0.000146500 K_nnz=5269 rhs_cols=1 Vxx_nnz=2601
FILTERDDP_TIMING iteration=35 barrier_iteration=4 stage=5 derivative_s=0.000390200 first_order_s=0.000180500 second_order_s=0.000169900 algebra_s=0.000914900 kkt_assembly_s=0.000170700 factor_s=0.002422300 solve_s=0.001366000 update_s=0.000076300 K_nnz=5269 rhs_cols=1 Vxx_nnz=2601
FILTERDDP_TIMING iteration=35 barrier_iteration=4 stage=4 derivative_s=0.000305300 first_order_s=0.000192800 second_order_s=0.000088000 algebra_s=0.000458800 kkt_assembly_s=0.000088900 factor_s=0.001390400 solve_s=0.001505400 update_s=0.000146600 K_nnz=5269 rhs_cols=1 Vxx_nnz=2601
FILTERDDP_TIMING iteration=35 barrier_iteration=4 stage=3 derivative_s=0.000382200 first_order_s=0.000175900 second_order_s=0.000167500 algebra_s=0.000929300 kkt_assembly_s=0.000169400 factor_s=0.002689300 solve_s=0.001144000 update_s=0.000160200 K_nnz=5269 rhs_cols=1 Vxx_nnz=2601
FILTERDDP_TIMING iteration=35 barrier_iteration=4 stage=2 derivative_s=0.000588900 first_order_s=0.000178600 second_order_s=0.000372900 algebra_s=0.001202900 kkt_assembly_s=0.000190000 factor_s=0.002960700 solve_s=0.001585700 update_s=0.000168400 K_nnz=5269 rhs_cols=1 Vxx_nnz=2601
FILTERDDP_TIMING iteration=35 barrier_iteration=4 stage=1 derivative_s=0.000473900 first_order_s=0.000207500 second_order_s=0.000201700 algebra_s=0.001423900 kkt_assembly_s=0.000199100 factor_s=0.002963500 solve_s=0.001445300 update_s=0.000160200 K_nnz=5269 rhs_cols=1 Vxx_nnz=2601
FILTERDDP_FEASIBILITY iteration=35 barrier_iteration=4 equality_count=3372 equality_rms=9.727814904037e-04 equality_max=1.689173718746e-02 equality_worst_stage=5 equality_worst_index=509 dynamics_count=255 dynamics_rms=0.000000000000e+00 dynamics_max=0.000000000000e+00 dynamics_worst_stage=0 dynamics_worst_index=0 bound_count=4902 bound_rms=0.000000000000e+00 bound_max=0.000000000000e+00 bound_worst_stage=0 bound_worst_index=0 bound_worst_kind=none
    35   3.14568341e+03   1.6892e-02   1.8121e-05   3.6468e-06   -2.80      -     5.0000e-01   0
FILTERDDP_ITER_TIMING iteration=35 barrier_iteration=4 backward_s=0.031994500 forward_s=0.003254200 total_s=0.035248700 outcome=accepted step_size=5.000000000e-01 backtracks=0 mu=1.600000000e-03
FILTERDDP_TIMING iteration=36 barrier_iteration=4 stage=6 derivative_s=0.000459600 first_order_s=0.000163200 second_order_s=0.000258600 algebra_s=0.001663900 kkt_assembly_s=0.000201000 factor_s=0.002775000 solve_s=0.001476700 update_s=0.000158400 K_nnz=5269 rhs_cols=1 Vxx_nnz=2601
FILTERDDP_TIMING iteration=36 barrier_iteration=4 stage=5 derivative_s=0.000431000 first_order_s=0.000203500 second_order_s=0.000191000 algebra_s=0.001195700 kkt_assembly_s=0.000168000 factor_s=0.002525600 solve_s=0.001290300 update_s=0.000248800 K_nnz=5269 rhs_cols=1 Vxx_nnz=2601
FILTERDDP_TIMING iteration=36 barrier_iteration=4 stage=4 derivative_s=0.000308800 first_order_s=0.000142800 second_order_s=0.000137900 algebra_s=0.000938300 kkt_assembly_s=0.000132400 factor_s=0.002212300 solve_s=0.001489100 update_s=0.000157200 K_nnz=5269 rhs_cols=1 Vxx_nnz=2601
FILTERDDP_TIMING iteration=36 barrier_iteration=4 stage=3 derivative_s=0.000649000 first_order_s=0.000187700 second_order_s=0.000403900 algebra_s=0.001230600 kkt_assembly_s=0.000180100 factor_s=0.003160000 solve_s=0.001693800 update_s=0.000165100 K_nnz=5269 rhs_cols=1 Vxx_nnz=2601
FILTERDDP_TIMING iteration=36 barrier_iteration=4 stage=2 derivative_s=0.000474200 first_order_s=0.000205900 second_order_s=0.000203500 algebra_s=0.001969600 kkt_assembly_s=0.000231700 factor_s=0.003212100 solve_s=0.001953800 update_s=0.000264700 K_nnz=5269 rhs_cols=1 Vxx_nnz=2601
FILTERDDP_TIMING iteration=36 barrier_iteration=4 stage=1 derivative_s=0.000584600 first_order_s=0.000278000 second_order_s=0.000256300 algebra_s=0.001330300 kkt_assembly_s=0.000435200 factor_s=0.002913000 solve_s=0.001550100 update_s=0.000155500 K_nnz=5269 rhs_cols=1 Vxx_nnz=2601
FILTERDDP_FEASIBILITY iteration=36 barrier_iteration=4 equality_count=3372 equality_rms=4.901134293669e-04 equality_max=8.511204909716e-03 equality_worst_stage=5 equality_worst_index=509 dynamics_count=255 dynamics_rms=0.000000000000e+00 dynamics_max=0.000000000000e+00 dynamics_worst_stage=0 dynamics_worst_index=0 bound_count=4902 bound_rms=0.000000000000e+00 bound_max=0.000000000000e+00 bound_worst_stage=0 bound_worst_index=0 bound_worst_kind=none
FILTERDDP_ITER_TIMING iteration=36 barrier_iteration=4 backward_s=0.040446600 forward_s=0.000000000 total_s=0.040446600 outcome=barrier_update step_size=5.000000000e-01 backtracks=0 mu=1.600000000e-03
FILTERDDP_TIMING iteration=36 barrier_iteration=5 stage=6 derivative_s=0.000518600 first_order_s=0.000199700 second_order_s=0.000278500 algebra_s=0.001452200 kkt_assembly_s=0.000192800 factor_s=0.002942300 solve_s=0.001649900 update_s=0.000177700 K_nnz=5269 rhs_cols=1 Vxx_nnz=2601
FILTERDDP_TIMING iteration=36 barrier_iteration=5 stage=5 derivative_s=0.000629900 first_order_s=0.000384500 second_order_s=0.000204200 algebra_s=0.001224500 kkt_assembly_s=0.000186600 factor_s=0.003233000 solve_s=0.001573400 update_s=0.000174000 K_nnz=5269 rhs_cols=1 Vxx_nnz=2601
FILTERDDP_TIMING iteration=36 barrier_iteration=5 stage=4 derivative_s=0.000696900 first_order_s=0.000431800 second_order_s=0.000223400 algebra_s=0.001343900 kkt_assembly_s=0.000207100 factor_s=0.003205800 solve_s=0.001606800 update_s=0.000178600 K_nnz=5269 rhs_cols=1 Vxx_nnz=2601
FILTERDDP_TIMING iteration=36 barrier_iteration=5 stage=3 derivative_s=0.000504900 first_order_s=0.000219400 second_order_s=0.000205400 algebra_s=0.001465400 kkt_assembly_s=0.000213400 factor_s=0.003602500 solve_s=0.001532900 update_s=0.000301200 K_nnz=5269 rhs_cols=1 Vxx_nnz=2601
FILTERDDP_TIMING iteration=36 barrier_iteration=5 stage=2 derivative_s=0.000480000 first_order_s=0.000228800 second_order_s=0.000208800 algebra_s=0.001366100 kkt_assembly_s=0.000188600 factor_s=0.015019200 solve_s=0.001595500 update_s=0.000136400 K_nnz=5269 rhs_cols=1 Vxx_nnz=2601
FILTERDDP_TIMING iteration=36 barrier_iteration=5 stage=1 derivative_s=0.000304200 first_order_s=0.000153400 second_order_s=0.000108200 algebra_s=0.000768500 kkt_assembly_s=0.000144400 factor_s=0.002473100 solve_s=0.001418200 update_s=0.000129700 K_nnz=5269 rhs_cols=1 Vxx_nnz=2601
FILTERDDP_FEASIBILITY iteration=36 barrier_iteration=5 equality_count=3372 equality_rms=4.901134293669e-04 equality_max=8.511204909716e-03 equality_worst_stage=5 equality_worst_index=509 dynamics_count=255 dynamics_rms=0.000000000000e+00 dynamics_max=0.000000000000e+00 dynamics_worst_stage=0 dynamics_worst_index=0 bound_count=4902 bound_rms=0.000000000000e+00 bound_max=0.000000000000e+00 bound_worst_stage=0 bound_worst_index=0 bound_worst_kind=none
    36   3.14564331e+03   8.5112e-03   5.2917e-06   1.8118e-06   -3.49      -     5.0000e-01   0
FILTERDDP_ITER_TIMING iteration=36 barrier_iteration=5 backward_s=0.053345100 forward_s=0.002615600 total_s=0.055960700 outcome=accepted step_size=5.000000000e-01 backtracks=0 mu=3.200000000e-04
FILTERDDP_TIMING iteration=37 barrier_iteration=5 stage=6 derivative_s=0.000307300 first_order_s=0.000130900 second_order_s=0.000132900 algebra_s=0.000959700 kkt_assembly_s=0.000196400 factor_s=0.002855800 solve_s=0.001814500 update_s=0.000130500 K_nnz=5269 rhs_cols=1 Vxx_nnz=2601
FILTERDDP_TIMING iteration=37 barrier_iteration=5 stage=5 derivative_s=0.000305300 first_order_s=0.000152300 second_order_s=0.000110000 algebra_s=0.000766800 kkt_assembly_s=0.000147300 factor_s=0.002538900 solve_s=0.001361500 update_s=0.000117900 K_nnz=5269 rhs_cols=1 Vxx_nnz=2601
FILTERDDP_TIMING iteration=37 barrier_iteration=5 stage=4 derivative_s=0.000304100 first_order_s=0.000150300 second_order_s=0.000111000 algebra_s=0.000736900 kkt_assembly_s=0.000169900 factor_s=0.002600800 solve_s=0.001487700 update_s=0.000130700 K_nnz=5269 rhs_cols=1 Vxx_nnz=2601
FILTERDDP_TIMING iteration=37 barrier_iteration=5 stage=3 derivative_s=0.000371300 first_order_s=0.000170200 second_order_s=0.000140700 algebra_s=0.000823300 kkt_assembly_s=0.000219200 factor_s=0.002539400 solve_s=0.001314100 update_s=0.000112200 K_nnz=5269 rhs_cols=1 Vxx_nnz=2601
FILTERDDP_TIMING iteration=37 barrier_iteration=5 stage=2 derivative_s=0.000342800 first_order_s=0.000177500 second_order_s=0.000122900 algebra_s=0.000752000 kkt_assembly_s=0.000142100 factor_s=0.002656400 solve_s=0.001366400 update_s=0.000112300 K_nnz=5269 rhs_cols=1 Vxx_nnz=2601
FILTERDDP_TIMING iteration=37 barrier_iteration=5 stage=1 derivative_s=0.000361200 first_order_s=0.000207700 second_order_s=0.000110200 algebra_s=0.000812300 kkt_assembly_s=0.000146500 factor_s=0.002749400 solve_s=0.001610800 update_s=0.000113600 K_nnz=5269 rhs_cols=1 Vxx_nnz=2601
FILTERDDP_FEASIBILITY iteration=37 barrier_iteration=5 equality_count=3372 equality_rms=2.203670439955e-03 equality_max=3.883798750604e-02 equality_worst_stage=5 equality_worst_index=509 dynamics_count=255 dynamics_rms=0.000000000000e+00 dynamics_max=0.000000000000e+00 dynamics_worst_stage=0 dynamics_worst_index=0 bound_count=4902 bound_rms=0.000000000000e+00 bound_max=0.000000000000e+00 bound_worst_stage=0 bound_worst_index=0 bound_worst_kind=none
    37   3.14455743e+03   3.8838e-02   1.7675e-05   9.6613e-07   -3.49      -     5.0000e-01   0
FILTERDDP_ITER_TIMING iteration=37 barrier_iteration=5 backward_s=0.033951400 forward_s=0.002565100 total_s=0.036516500 outcome=accepted step_size=5.000000000e-01 backtracks=0 mu=3.200000000e-04
FILTERDDP_TIMING iteration=38 barrier_iteration=5 stage=6 derivative_s=0.000334400 first_order_s=0.000146400 second_order_s=0.000146000 algebra_s=0.000861300 kkt_assembly_s=0.000141900 factor_s=0.002586500 solve_s=0.001431700 update_s=0.000133800 K_nnz=5269 rhs_cols=1 Vxx_nnz=2601
FILTERDDP_TIMING iteration=38 barrier_iteration=5 stage=5 derivative_s=0.000322200 first_order_s=0.000156900 second_order_s=0.000120100 algebra_s=0.000736700 kkt_assembly_s=0.000144300 factor_s=0.002448000 solve_s=0.001360300 update_s=0.000112300 K_nnz=5269 rhs_cols=1 Vxx_nnz=2601
FILTERDDP_TIMING iteration=38 barrier_iteration=5 stage=4 derivative_s=0.000300900 first_order_s=0.000150600 second_order_s=0.000109200 algebra_s=0.000822600 kkt_assembly_s=0.000197600 factor_s=0.002663600 solve_s=0.001373600 update_s=0.000115600 K_nnz=5269 rhs_cols=1 Vxx_nnz=2601
FILTERDDP_TIMING iteration=38 barrier_iteration=5 stage=3 derivative_s=0.000305600 first_order_s=0.000150800 second_order_s=0.000112300 algebra_s=0.000896600 kkt_assembly_s=0.000145700 factor_s=0.002496000 solve_s=0.001396800 update_s=0.000117700 K_nnz=5269 rhs_cols=1 Vxx_nnz=2601
FILTERDDP_TIMING iteration=38 barrier_iteration=5 stage=2 derivative_s=0.000368000 first_order_s=0.000149200 second_order_s=0.000164800 algebra_s=0.000842500 kkt_assembly_s=0.000167000 factor_s=0.002424300 solve_s=0.001384600 update_s=0.000123000 K_nnz=5269 rhs_cols=1 Vxx_nnz=2601
FILTERDDP_TIMING iteration=38 barrier_iteration=5 stage=1 derivative_s=0.000278000 first_order_s=0.000135900 second_order_s=0.000105200 algebra_s=0.000669600 kkt_assembly_s=0.000128500 factor_s=0.002226800 solve_s=0.001443900 update_s=0.000177500 K_nnz=5269 rhs_cols=1 Vxx_nnz=2601
FILTERDDP_FEASIBILITY iteration=38 barrier_iteration=5 equality_count=3372 equality_rms=1.728986151387e-03 equality_max=3.062630408677e-02 equality_worst_stage=5 equality_worst_index=509 dynamics_count=255 dynamics_rms=0.000000000000e+00 dynamics_max=0.000000000000e+00 dynamics_worst_stage=0 dynamics_worst_index=0 bound_count=4902 bound_rms=0.000000000000e+00 bound_max=0.000000000000e+00 bound_worst_stage=0 bound_worst_index=0 bound_worst_kind=none
    38   3.14404113e+03   3.0626e-02   1.4689e-05   4.9671e-07   -3.49      -     5.0000e-01   0
FILTERDDP_ITER_TIMING iteration=38 barrier_iteration=5 backward_s=0.032222400 forward_s=0.002875200 total_s=0.035097600 outcome=accepted step_size=5.000000000e-01 backtracks=0 mu=3.200000000e-04
FILTERDDP_TIMING iteration=39 barrier_iteration=5 stage=6 derivative_s=0.000361300 first_order_s=0.000144200 second_order_s=0.000146900 algebra_s=0.000828600 kkt_assembly_s=0.000143700 factor_s=0.002313600 solve_s=0.001414900 update_s=0.000094900 K_nnz=5269 rhs_cols=1 Vxx_nnz=2601
FILTERDDP_TIMING iteration=39 barrier_iteration=5 stage=5 derivative_s=0.000243800 first_order_s=0.000122700 second_order_s=0.000089100 algebra_s=0.000617300 kkt_assembly_s=0.000118200 factor_s=0.002318200 solve_s=0.001258700 update_s=0.000113700 K_nnz=5269 rhs_cols=1 Vxx_nnz=2601
FILTERDDP_TIMING iteration=39 barrier_iteration=5 stage=4 derivative_s=0.000365900 first_order_s=0.000210600 second_order_s=0.000111900 algebra_s=0.000737400 kkt_assembly_s=0.000140900 factor_s=0.002372300 solve_s=0.001122000 update_s=0.000093100 K_nnz=5269 rhs_cols=1 Vxx_nnz=2601
FILTERDDP_TIMING iteration=39 barrier_iteration=5 stage=3 derivative_s=0.000470500 first_order_s=0.000350100 second_order_s=0.000086700 algebra_s=0.000558600 kkt_assembly_s=0.000116300 factor_s=0.002115000 solve_s=0.001493400 update_s=0.000115600 K_nnz=5269 rhs_cols=1 Vxx_nnz=2601
FILTERDDP_TIMING iteration=39 barrier_iteration=5 stage=2 derivative_s=0.000323500 first_order_s=0.000167200 second_order_s=0.000113700 algebra_s=0.001321500 kkt_assembly_s=0.000203700 factor_s=0.002927800 solve_s=0.001326100 update_s=0.000135400 K_nnz=5269 rhs_cols=1 Vxx_nnz=2601
FILTERDDP_TIMING iteration=39 barrier_iteration=5 stage=1 derivative_s=0.000337300 first_order_s=0.000170200 second_order_s=0.000125000 algebra_s=0.001139700 kkt_assembly_s=0.000373800 factor_s=0.002468400 solve_s=0.011910700 update_s=0.000115200 K_nnz=5269 rhs_cols=1 Vxx_nnz=2601
FILTERDDP_FEASIBILITY iteration=39 barrier_iteration=5 equality_count=3372 equality_rms=1.055912621848e-03 equality_max=1.880371873525e-02 equality_worst_stage=5 equality_worst_index=509 dynamics_count=255 dynamics_rms=0.000000000000e+00 dynamics_max=0.000000000000e+00 dynamics_worst_stage=0 dynamics_worst_index=0 bound_count=4902 bound_rms=0.000000000000e+00 bound_max=0.000000000000e+00 bound_worst_stage=0 bound_worst_index=0 bound_worst_kind=none
    39   3.14379553e+03   1.8804e-02   8.3827e-06   2.4691e-07   -3.49      -     5.0000e-01   0
FILTERDDP_ITER_TIMING iteration=39 barrier_iteration=5 backward_s=0.042569800 forward_s=0.002403300 total_s=0.044973100 outcome=accepted step_size=5.000000000e-01 backtracks=0 mu=3.200000000e-04
FILTERDDP_TIMING iteration=40 barrier_iteration=5 stage=6 derivative_s=0.000348100 first_order_s=0.000133600 second_order_s=0.000158600 algebra_s=0.001162800 kkt_assembly_s=0.000146400 factor_s=0.002626100 solve_s=0.001341000 update_s=0.000110300 K_nnz=5269 rhs_cols=1 Vxx_nnz=2601
FILTERDDP_TIMING iteration=40 barrier_iteration=5 stage=5 derivative_s=0.000298400 first_order_s=0.000147100 second_order_s=0.000110000 algebra_s=0.000751600 kkt_assembly_s=0.000142500 factor_s=0.002434200 solve_s=0.001604000 update_s=0.000113700 K_nnz=5269 rhs_cols=1 Vxx_nnz=2601
FILTERDDP_TIMING iteration=40 barrier_iteration=5 stage=4 derivative_s=0.000399600 first_order_s=0.000204200 second_order_s=0.000118600 algebra_s=0.000934700 kkt_assembly_s=0.000215900 factor_s=0.002426700 solve_s=0.001242600 update_s=0.000112400 K_nnz=5269 rhs_cols=1 Vxx_nnz=2601
FILTERDDP_TIMING iteration=40 barrier_iteration=5 stage=3 derivative_s=0.000297700 first_order_s=0.000148400 second_order_s=0.000108400 algebra_s=0.000758700 kkt_assembly_s=0.000140500 factor_s=0.002407300 solve_s=0.001274400 update_s=0.000112200 K_nnz=5269 rhs_cols=1 Vxx_nnz=2601
FILTERDDP_TIMING iteration=40 barrier_iteration=5 stage=2 derivative_s=0.000303100 first_order_s=0.000149900 second_order_s=0.000111600 algebra_s=0.000816700 kkt_assembly_s=0.000144500 factor_s=0.002520500 solve_s=0.001292400 update_s=0.000111800 K_nnz=5269 rhs_cols=1 Vxx_nnz=2601
FILTERDDP_TIMING iteration=40 barrier_iteration=5 stage=1 derivative_s=0.000496300 first_order_s=0.000297700 second_order_s=0.000136600 algebra_s=0.000762300 kkt_assembly_s=0.000142100 factor_s=0.002425000 solve_s=0.001708800 update_s=0.000113300 K_nnz=5269 rhs_cols=1 Vxx_nnz=2601
FILTERDDP_FEASIBILITY iteration=40 barrier_iteration=5 equality_count=3372 equality_rms=5.833635710567e-04 equality_max=1.043429868529e-02 equality_worst_stage=5 equality_worst_index=509 dynamics_count=255 dynamics_rms=0.000000000000e+00 dynamics_max=0.000000000000e+00 dynamics_worst_stage=0 dynamics_worst_index=0 bound_count=4902 bound_rms=0.000000000000e+00 bound_max=0.000000000000e+00 bound_worst_stage=0 bound_worst_index=0 bound_worst_kind=none
  iter     objective        pr_inf       du_inf       cs_inf     lg(μ)   lg(reg)    alpha     ls
    40   3.14367755e+03   1.0434e-02   3.7787e-06   1.2053e-07   -3.49      -     5.0000e-01   0
FILTERDDP_ITER_TIMING iteration=40 barrier_iteration=5 backward_s=0.032726200 forward_s=0.002456300 total_s=0.035182500 outcome=accepted step_size=5.000000000e-01 backtracks=0 mu=3.200000000e-04
FILTERDDP_TIMING iteration=41 barrier_iteration=5 stage=6 derivative_s=0.000303000 first_order_s=0.000128400 second_order_s=0.000132900 algebra_s=0.000833000 kkt_assembly_s=0.000141600 factor_s=0.002657700 solve_s=0.001345800 update_s=0.000113500 K_nnz=5269 rhs_cols=1 Vxx_nnz=2601
FILTERDDP_TIMING iteration=41 barrier_iteration=5 stage=5 derivative_s=0.000304300 first_order_s=0.000152500 second_order_s=0.000109700 algebra_s=0.000764200 kkt_assembly_s=0.000153300 factor_s=0.002568300 solve_s=0.001308400 update_s=0.000113300 K_nnz=5269 rhs_cols=1 Vxx_nnz=2601
FILTERDDP_TIMING iteration=41 barrier_iteration=5 stage=4 derivative_s=0.000304100 first_order_s=0.000151000 second_order_s=0.000110800 algebra_s=0.000733400 kkt_assembly_s=0.000144400 factor_s=0.002484400 solve_s=0.001401500 update_s=0.000114100 K_nnz=5269 rhs_cols=1 Vxx_nnz=2601
FILTERDDP_TIMING iteration=41 barrier_iteration=5 stage=3 derivative_s=0.000308100 first_order_s=0.000153200 second_order_s=0.000112800 algebra_s=0.000800600 kkt_assembly_s=0.000152700 factor_s=0.002362000 solve_s=0.001191700 update_s=0.000128800 K_nnz=5269 rhs_cols=1 Vxx_nnz=2601
FILTERDDP_TIMING iteration=41 barrier_iteration=5 stage=2 derivative_s=0.000309600 first_order_s=0.000154900 second_order_s=0.000112400 algebra_s=0.000740000 kkt_assembly_s=0.000144300 factor_s=0.002577600 solve_s=0.001302800 update_s=0.000078700 K_nnz=5269 rhs_cols=1 Vxx_nnz=2601
FILTERDDP_TIMING iteration=41 barrier_iteration=5 stage=1 derivative_s=0.000221700 first_order_s=0.000080800 second_order_s=0.000061200 algebra_s=0.000320600 kkt_assembly_s=0.000091900 factor_s=0.001247600 solve_s=0.001210000 update_s=0.000111100 K_nnz=5269 rhs_cols=1 Vxx_nnz=2601
FILTERDDP_FEASIBILITY iteration=41 barrier_iteration=5 equality_count=3372 equality_rms=3.069537399952e-04 equality_max=5.506014537090e-03 equality_worst_stage=5 equality_worst_index=509 dynamics_count=255 dynamics_rms=0.000000000000e+00 dynamics_max=0.000000000000e+00 dynamics_worst_stage=0 dynamics_worst_index=0 bound_count=4902 bound_rms=0.000000000000e+00 bound_max=0.000000000000e+00 bound_worst_stage=0 bound_worst_index=0 bound_worst_kind=none
    41   3.14362014e+03   5.5060e-03   1.4466e-06   5.8756e-08   -3.49      -     5.0000e-01   0
FILTERDDP_ITER_TIMING iteration=41 barrier_iteration=5 backward_s=0.029551800 forward_s=0.002488300 total_s=0.032040100 outcome=accepted step_size=5.000000000e-01 backtracks=0 mu=3.200000000e-04
FILTERDDP_TIMING iteration=42 barrier_iteration=5 stage=6 derivative_s=0.000300400 first_order_s=0.000120100 second_order_s=0.000141200 algebra_s=0.000798700 kkt_assembly_s=0.000131000 factor_s=0.002443500 solve_s=0.001033400 update_s=0.000121900 K_nnz=5269 rhs_cols=1 Vxx_nnz=2601
FILTERDDP_TIMING iteration=42 barrier_iteration=5 stage=5 derivative_s=0.000335400 first_order_s=0.000179000 second_order_s=0.000114400 algebra_s=0.000728700 kkt_assembly_s=0.000140700 factor_s=0.002376600 solve_s=0.001408400 update_s=0.000112400 K_nnz=5269 rhs_cols=1 Vxx_nnz=2601
FILTERDDP_TIMING iteration=42 barrier_iteration=5 stage=4 derivative_s=0.000299800 first_order_s=0.000150200 second_order_s=0.000107800 algebra_s=0.000786300 kkt_assembly_s=0.000135500 factor_s=0.002354700 solve_s=0.001352500 update_s=0.000109600 K_nnz=5269 rhs_cols=1 Vxx_nnz=2601
FILTERDDP_TIMING iteration=42 barrier_iteration=5 stage=3 derivative_s=0.000330400 first_order_s=0.000159800 second_order_s=0.000129000 algebra_s=0.000741700 kkt_assembly_s=0.000138700 factor_s=0.013328300 solve_s=0.001193800 update_s=0.000112300 K_nnz=5269 rhs_cols=1 Vxx_nnz=2601
FILTERDDP_TIMING iteration=42 barrier_iteration=5 stage=2 derivative_s=0.000279600 first_order_s=0.000138800 second_order_s=0.000100200 algebra_s=0.000690100 kkt_assembly_s=0.000133100 factor_s=0.002196500 solve_s=0.001277300 update_s=0.000066800 K_nnz=5269 rhs_cols=1 Vxx_nnz=2601
FILTERDDP_TIMING iteration=42 barrier_iteration=5 stage=1 derivative_s=0.000196100 first_order_s=0.000107100 second_order_s=0.000060100 algebra_s=0.000327500 kkt_assembly_s=0.000197400 factor_s=0.001301000 solve_s=0.000922800 update_s=0.000107700 K_nnz=5269 rhs_cols=1 Vxx_nnz=2601
FILTERDDP_FEASIBILITY iteration=42 barrier_iteration=5 equality_count=3372 equality_rms=1.575212879161e-04 equality_max=2.830093371049e-03 equality_worst_stage=5 equality_worst_index=509 dynamics_count=255 dynamics_rms=0.000000000000e+00 dynamics_max=0.000000000000e+00 dynamics_worst_stage=0 dynamics_worst_index=0 bound_count=4902 bound_rms=0.000000000000e+00 bound_max=0.000000000000e+00 bound_worst_stage=0 bound_worst_index=0 bound_worst_kind=none
FILTERDDP_ITER_TIMING iteration=42 barrier_iteration=5 backward_s=0.038959000 forward_s=0.000000000 total_s=0.038959000 outcome=barrier_update step_size=5.000000000e-01 backtracks=0 mu=3.200000000e-04
FILTERDDP_TIMING iteration=42 barrier_iteration=6 stage=6 derivative_s=0.000306600 first_order_s=0.000137900 second_order_s=0.000127700 algebra_s=0.000811200 kkt_assembly_s=0.000249800 factor_s=0.003829700 solve_s=0.001181100 update_s=0.000106500 K_nnz=5269 rhs_cols=1 Vxx_nnz=2601
FILTERDDP_TIMING iteration=42 barrier_iteration=6 stage=5 derivative_s=0.000315300 first_order_s=0.000166100 second_order_s=0.000108200 algebra_s=0.000946100 kkt_assembly_s=0.000218900 factor_s=0.003754300 solve_s=0.001138300 update_s=0.000101500 K_nnz=5269 rhs_cols=1 Vxx_nnz=2601
FILTERDDP_TIMING iteration=42 barrier_iteration=6 stage=4 derivative_s=0.000307700 first_order_s=0.000157400 second_order_s=0.000105800 algebra_s=0.000713300 kkt_assembly_s=0.000137400 factor_s=0.002877400 solve_s=0.001228300 update_s=0.000064500 K_nnz=5269 rhs_cols=1 Vxx_nnz=2601
FILTERDDP_TIMING iteration=42 barrier_iteration=6 stage=3 derivative_s=0.000169800 first_order_s=0.000083300 second_order_s=0.000063600 algebra_s=0.000358200 kkt_assembly_s=0.000114400 factor_s=0.001350800 solve_s=0.001065200 update_s=0.000089300 K_nnz=5269 rhs_cols=1 Vxx_nnz=2601
FILTERDDP_TIMING iteration=42 barrier_iteration=6 stage=2 derivative_s=0.000193600 first_order_s=0.000095700 second_order_s=0.000070700 algebra_s=0.000459200 kkt_assembly_s=0.000104300 factor_s=0.001602200 solve_s=0.001132900 update_s=0.000096600 K_nnz=5269 rhs_cols=1 Vxx_nnz=2601
FILTERDDP_TIMING iteration=42 barrier_iteration=6 stage=1 derivative_s=0.000262200 first_order_s=0.000131300 second_order_s=0.000095100 algebra_s=0.000665300 kkt_assembly_s=0.000151700 factor_s=0.002112000 solve_s=0.000977900 update_s=0.000117800 K_nnz=5269 rhs_cols=1 Vxx_nnz=2601
FILTERDDP_FEASIBILITY iteration=42 barrier_iteration=6 equality_count=3372 equality_rms=1.575212879161e-04 equality_max=2.830093371049e-03 equality_worst_stage=5 equality_worst_index=509 dynamics_count=255 dynamics_rms=0.000000000000e+00 dynamics_max=0.000000000000e+00 dynamics_worst_stage=0 dynamics_worst_index=0 bound_count=4902 bound_rms=0.000000000000e+00 bound_max=0.000000000000e+00 bound_worst_stage=0 bound_worst_index=0 bound_worst_kind=none
    42   3.14359189e+03   2.8301e-03   4.9570e-07   2.8830e-08   -4.19      -     5.0000e-01   0
FILTERDDP_ITER_TIMING iteration=42 barrier_iteration=6 backward_s=0.029727200 forward_s=0.003365500 total_s=0.033092700 outcome=accepted step_size=5.000000000e-01 backtracks=0 mu=6.400000000e-05
FILTERDDP_TIMING iteration=43 barrier_iteration=6 stage=6 derivative_s=0.000333100 first_order_s=0.000149900 second_order_s=0.000137900 algebra_s=0.001058600 kkt_assembly_s=0.000176400 factor_s=0.002498000 solve_s=0.001289900 update_s=0.000093700 K_nnz=5269 rhs_cols=1 Vxx_nnz=2601
FILTERDDP_TIMING iteration=43 barrier_iteration=6 stage=5 derivative_s=0.000275400 first_order_s=0.000138300 second_order_s=0.000099800 algebra_s=0.000708700 kkt_assembly_s=0.000129300 factor_s=0.002292100 solve_s=0.001123000 update_s=0.000096100 K_nnz=5269 rhs_cols=1 Vxx_nnz=2601
FILTERDDP_TIMING iteration=43 barrier_iteration=6 stage=4 derivative_s=0.000276700 first_order_s=0.000138400 second_order_s=0.000101000 algebra_s=0.000711000 kkt_assembly_s=0.000128900 factor_s=0.002553600 solve_s=0.001115200 update_s=0.000099500 K_nnz=5269 rhs_cols=1 Vxx_nnz=2601
FILTERDDP_TIMING iteration=43 barrier_iteration=6 stage=3 derivative_s=0.000297500 first_order_s=0.000147600 second_order_s=0.000102300 algebra_s=0.000908200 kkt_assembly_s=0.000133100 factor_s=0.002391200 solve_s=0.001190000 update_s=0.000095400 K_nnz=5269 rhs_cols=1 Vxx_nnz=2601
FILTERDDP_TIMING iteration=43 barrier_iteration=6 stage=2 derivative_s=0.000281600 first_order_s=0.000144400 second_order_s=0.000099900 algebra_s=0.000706300 kkt_assembly_s=0.000127000 factor_s=0.002389200 solve_s=0.001297800 update_s=0.000099800 K_nnz=5269 rhs_cols=1 Vxx_nnz=2601
FILTERDDP_TIMING iteration=43 barrier_iteration=6 stage=1 derivative_s=0.000283300 first_order_s=0.000142900 second_order_s=0.000103100 algebra_s=0.000760700 kkt_assembly_s=0.000132100 factor_s=0.002827800 solve_s=0.011733500 update_s=0.000099800 K_nnz=5269 rhs_cols=1 Vxx_nnz=2601
FILTERDDP_FEASIBILITY iteration=43 barrier_iteration=6 equality_count=3372 equality_rms=2.347516157428e-04 equality_max=4.340541997326e-03 equality_worst_stage=5 equality_worst_index=509 dynamics_count=255 dynamics_rms=0.000000000000e+00 dynamics_max=0.000000000000e+00 dynamics_worst_stage=0 dynamics_worst_index=0 bound_count=4902 bound_rms=0.000000000000e+00 bound_max=0.000000000000e+00 bound_worst_stage=0 bound_worst_index=0 bound_worst_kind=none
    43   3.14338778e+03   4.3405e-03   7.5837e-07   1.5370e-08   -4.19      -     5.0000e-01   0
FILTERDDP_ITER_TIMING iteration=43 barrier_iteration=6 backward_s=0.041114900 forward_s=0.002426000 total_s=0.043540900 outcome=accepted step_size=5.000000000e-01 backtracks=0 mu=6.400000000e-05
FILTERDDP_TIMING iteration=44 barrier_iteration=6 stage=6 derivative_s=0.000285400 first_order_s=0.000119400 second_order_s=0.000127100 algebra_s=0.000840500 kkt_assembly_s=0.000130700 factor_s=0.002760900 solve_s=0.001386700 update_s=0.000098000 K_nnz=5269 rhs_cols=1 Vxx_nnz=2601
FILTERDDP_TIMING iteration=44 barrier_iteration=6 stage=5 derivative_s=0.000281700 first_order_s=0.000140300 second_order_s=0.000103500 algebra_s=0.000733700 kkt_assembly_s=0.000131100 factor_s=0.002468400 solve_s=0.001271500 update_s=0.000102000 K_nnz=5269 rhs_cols=1 Vxx_nnz=2601
FILTERDDP_TIMING iteration=44 barrier_iteration=6 stage=4 derivative_s=0.000281500 first_order_s=0.000141200 second_order_s=0.000102200 algebra_s=0.000729700 kkt_assembly_s=0.000131000 factor_s=0.002479700 solve_s=0.001343600 update_s=0.000099400 K_nnz=5269 rhs_cols=1 Vxx_nnz=2601
FILTERDDP_TIMING iteration=44 barrier_iteration=6 stage=3 derivative_s=0.000281100 first_order_s=0.000139900 second_order_s=0.000103400 algebra_s=0.000720100 kkt_assembly_s=0.000133200 factor_s=0.002368300 solve_s=0.001434100 update_s=0.000101600 K_nnz=5269 rhs_cols=1 Vxx_nnz=2601
FILTERDDP_TIMING iteration=44 barrier_iteration=6 stage=2 derivative_s=0.000288500 first_order_s=0.000142500 second_order_s=0.000107400 algebra_s=0.000698500 kkt_assembly_s=0.000131600 factor_s=0.002463600 solve_s=0.001301800 update_s=0.000103300 K_nnz=5269 rhs_cols=1 Vxx_nnz=2601
FILTERDDP_TIMING iteration=44 barrier_iteration=6 stage=1 derivative_s=0.000284300 first_order_s=0.000142300 second_order_s=0.000103100 algebra_s=0.000722600 kkt_assembly_s=0.000135500 factor_s=0.002408000 solve_s=0.001470800 update_s=0.000110000 K_nnz=5269 rhs_cols=1 Vxx_nnz=2601
FILTERDDP_FEASIBILITY iteration=44 barrier_iteration=6 equality_count=3372 equality_rms=1.644583881628e-04 equality_max=3.068090538972e-03 equality_worst_stage=5 equality_worst_index=509 dynamics_count=255 dynamics_rms=0.000000000000e+00 dynamics_max=0.000000000000e+00 dynamics_worst_stage=0 dynamics_worst_index=0 bound_count=4902 bound_rms=0.000000000000e+00 bound_max=0.000000000000e+00 bound_worst_stage=0 bound_worst_index=0 bound_worst_kind=none
    44   3.14329129e+03   3.0681e-03   5.4858e-07   7.8966e-09   -4.19      -     5.0000e-01   0
FILTERDDP_ITER_TIMING iteration=44 barrier_iteration=6 backward_s=0.031144200 forward_s=0.002336800 total_s=0.033481000 outcome=accepted step_size=5.000000000e-01 backtracks=0 mu=6.400000000e-05
FILTERDDP_TIMING iteration=45 barrier_iteration=6 stage=6 derivative_s=0.000292700 first_order_s=0.000123400 second_order_s=0.000129800 algebra_s=0.000834800 kkt_assembly_s=0.000139300 factor_s=0.002433300 solve_s=0.001528000 update_s=0.000133600 K_nnz=5269 rhs_cols=1 Vxx_nnz=2601
FILTERDDP_TIMING iteration=45 barrier_iteration=6 stage=5 derivative_s=0.000419200 first_order_s=0.000214700 second_order_s=0.000149600 algebra_s=0.001003300 kkt_assembly_s=0.000226500 factor_s=0.002638100 solve_s=0.001456200 update_s=0.000104400 K_nnz=5269 rhs_cols=1 Vxx_nnz=2601
FILTERDDP_TIMING iteration=45 barrier_iteration=6 stage=4 derivative_s=0.000293600 first_order_s=0.000147300 second_order_s=0.000105800 algebra_s=0.000727900 kkt_assembly_s=0.000162200 factor_s=0.002491600 solve_s=0.001475900 update_s=0.000114000 K_nnz=5269 rhs_cols=1 Vxx_nnz=2601
FILTERDDP_TIMING iteration=45 barrier_iteration=6 stage=3 derivative_s=0.000298800 first_order_s=0.000148600 second_order_s=0.000109300 algebra_s=0.000738900 kkt_assembly_s=0.000142000 factor_s=0.002415500 solve_s=0.001241100 update_s=0.000110500 K_nnz=5269 rhs_cols=1 Vxx_nnz=2601
FILTERDDP_TIMING iteration=45 barrier_iteration=6 stage=2 derivative_s=0.000321200 first_order_s=0.000170800 second_order_s=0.000108900 algebra_s=0.000731800 kkt_assembly_s=0.000143800 factor_s=0.002549700 solve_s=0.001596500 update_s=0.000113600 K_nnz=5269 rhs_cols=1 Vxx_nnz=2601
FILTERDDP_TIMING iteration=45 barrier_iteration=6 stage=1 derivative_s=0.000304200 first_order_s=0.000153200 second_order_s=0.000110300 algebra_s=0.000723300 kkt_assembly_s=0.000159500 factor_s=0.002639500 solve_s=0.001431600 update_s=0.000116900 K_nnz=5269 rhs_cols=1 Vxx_nnz=2601
FILTERDDP_FEASIBILITY iteration=45 barrier_iteration=6 equality_count=3372 equality_rms=9.566138362228e-05 equality_max=1.790133546079e-03 equality_worst_stage=5 equality_worst_index=509 dynamics_count=255 dynamics_rms=0.000000000000e+00 dynamics_max=0.000000000000e+00 dynamics_worst_stage=0 dynamics_worst_index=0 bound_count=4902 bound_rms=0.000000000000e+00 bound_max=0.000000000000e+00 bound_worst_stage=0 bound_worst_index=0 bound_worst_kind=none
    45   3.14324501e+03   1.7901e-03   2.8499e-07   3.9178e-09   -4.19      -     5.0000e-01   0
FILTERDDP_ITER_TIMING iteration=45 barrier_iteration=6 backward_s=0.032720400 forward_s=0.012550800 total_s=0.045271200 outcome=accepted step_size=5.000000000e-01 backtracks=0 mu=6.400000000e-05
FILTERDDP_TIMING iteration=46 barrier_iteration=6 stage=6 derivative_s=0.000323300 first_order_s=0.000145100 second_order_s=0.000133600 algebra_s=0.000734200 kkt_assembly_s=0.000154900 factor_s=0.002218800 solve_s=0.001408200 update_s=0.000116900 K_nnz=5269 rhs_cols=1 Vxx_nnz=2601
FILTERDDP_TIMING iteration=46 barrier_iteration=6 stage=5 derivative_s=0.000304200 first_order_s=0.000151200 second_order_s=0.000110800 algebra_s=0.000742400 kkt_assembly_s=0.000143000 factor_s=0.002414100 solve_s=0.001465900 update_s=0.000113400 K_nnz=5269 rhs_cols=1 Vxx_nnz=2601
FILTERDDP_TIMING iteration=46 barrier_iteration=6 stage=4 derivative_s=0.000304700 first_order_s=0.000151900 second_order_s=0.000110300 algebra_s=0.000758500 kkt_assembly_s=0.000181100 factor_s=0.002434800 solve_s=0.001386100 update_s=0.000118100 K_nnz=5269 rhs_cols=1 Vxx_nnz=2601
FILTERDDP_TIMING iteration=46 barrier_iteration=6 stage=3 derivative_s=0.000326700 first_order_s=0.000173200 second_order_s=0.000109200 algebra_s=0.000749000 kkt_assembly_s=0.000146300 factor_s=0.002546400 solve_s=0.001330300 update_s=0.000117200 K_nnz=5269 rhs_cols=1 Vxx_nnz=2601
FILTERDDP_TIMING iteration=46 barrier_iteration=6 stage=2 derivative_s=0.000311200 first_order_s=0.000155500 second_order_s=0.000113200 algebra_s=0.000745300 kkt_assembly_s=0.000146000 factor_s=0.002452900 solve_s=0.001388000 update_s=0.000113900 K_nnz=5269 rhs_cols=1 Vxx_nnz=2601
FILTERDDP_TIMING iteration=46 barrier_iteration=6 stage=1 derivative_s=0.000302500 first_order_s=0.000148900 second_order_s=0.000111300 algebra_s=0.000761300 kkt_assembly_s=0.000153800 factor_s=0.002467100 solve_s=0.001436200 update_s=0.000112200 K_nnz=5269 rhs_cols=1 Vxx_nnz=2601
FILTERDDP_FEASIBILITY iteration=46 barrier_iteration=6 equality_count=3372 equality_rms=5.152667809418e-05 equality_max=9.665598011956e-04 equality_worst_stage=5 equality_worst_index=509 dynamics_count=255 dynamics_rms=0.000000000000e+00 dynamics_max=0.000000000000e+00 dynamics_worst_stage=0 dynamics_worst_index=0 bound_count=4902 bound_rms=0.000000000000e+00 bound_max=0.000000000000e+00 bound_worst_stage=0 bound_worst_index=0 bound_worst_kind=none
    46   3.14322245e+03   9.6656e-04   1.1868e-07   1.9062e-09   -4.19      -     5.0000e-01   0
FILTERDDP_ITER_TIMING iteration=46 barrier_iteration=6 backward_s=0.031410300 forward_s=0.002426100 total_s=0.033836400 outcome=accepted step_size=5.000000000e-01 backtracks=0 mu=6.400000000e-05
FILTERDDP_TIMING iteration=47 barrier_iteration=6 stage=6 derivative_s=0.000409600 first_order_s=0.000197700 second_order_s=0.000153600 algebra_s=0.000956000 kkt_assembly_s=0.000150300 factor_s=0.002849700 solve_s=0.001488500 update_s=0.000129000 K_nnz=5269 rhs_cols=1 Vxx_nnz=2601
FILTERDDP_TIMING iteration=47 barrier_iteration=6 stage=5 derivative_s=0.000302400 first_order_s=0.000149900 second_order_s=0.000110300 algebra_s=0.000754800 kkt_assembly_s=0.000144800 factor_s=0.002422000 solve_s=0.001359300 update_s=0.000109200 K_nnz=5269 rhs_cols=1 Vxx_nnz=2601
FILTERDDP_TIMING iteration=47 barrier_iteration=6 stage=4 derivative_s=0.000302700 first_order_s=0.000148200 second_order_s=0.000113700 algebra_s=0.000731000 kkt_assembly_s=0.000140300 factor_s=0.002445700 solve_s=0.001493300 update_s=0.000111900 K_nnz=5269 rhs_cols=1 Vxx_nnz=2601
FILTERDDP_TIMING iteration=47 barrier_iteration=6 stage=3 derivative_s=0.000306800 first_order_s=0.000149500 second_order_s=0.000115600 algebra_s=0.000719000 kkt_assembly_s=0.000141800 factor_s=0.002405000 solve_s=0.001498500 update_s=0.000113600 K_nnz=5269 rhs_cols=1 Vxx_nnz=2601
FILTERDDP_TIMING iteration=47 barrier_iteration=6 stage=2 derivative_s=0.000305600 first_order_s=0.000150900 second_order_s=0.000114400 algebra_s=0.000745300 kkt_assembly_s=0.000140700 factor_s=0.012348100 solve_s=0.001503000 update_s=0.000116200 K_nnz=5269 rhs_cols=1 Vxx_nnz=2601
FILTERDDP_TIMING iteration=47 barrier_iteration=6 stage=1 derivative_s=0.000303900 first_order_s=0.000150300 second_order_s=0.000111700 algebra_s=0.000750000 kkt_assembly_s=0.000145600 factor_s=0.002683800 solve_s=0.001481100 update_s=0.000114600 K_nnz=5269 rhs_cols=1 Vxx_nnz=2601
FILTERDDP_FEASIBILITY iteration=47 barrier_iteration=6 equality_count=3372 equality_rms=2.675698437257e-05 equality_max=5.029540795594e-04 equality_worst_stage=5 equality_worst_index=509 dynamics_count=255 dynamics_rms=0.000000000000e+00 dynamics_max=0.000000000000e+00 dynamics_worst_stage=0 dynamics_worst_index=0 bound_count=4902 bound_rms=0.000000000000e+00 bound_max=0.000000000000e+00 bound_worst_stage=0 bound_worst_index=0 bound_worst_kind=none
FILTERDDP_ITER_TIMING iteration=47 barrier_iteration=6 backward_s=0.042613200 forward_s=0.000000000 total_s=0.042613200 outcome=barrier_update step_size=5.000000000e-01 backtracks=0 mu=6.400000000e-05
FILTERDDP_TIMING iteration=47 barrier_iteration=7 stage=6 derivative_s=0.000345100 first_order_s=0.000151400 second_order_s=0.000135300 algebra_s=0.000843800 kkt_assembly_s=0.000145400 factor_s=0.002816300 solve_s=0.001371200 update_s=0.000112000 K_nnz=5269 rhs_cols=1 Vxx_nnz=2601
FILTERDDP_TIMING iteration=47 barrier_iteration=7 stage=5 derivative_s=0.000303500 first_order_s=0.000151900 second_order_s=0.000110200 algebra_s=0.000736200 kkt_assembly_s=0.000141400 factor_s=0.002543600 solve_s=0.001430000 update_s=0.000117800 K_nnz=5269 rhs_cols=1 Vxx_nnz=2601
FILTERDDP_TIMING iteration=47 barrier_iteration=7 stage=4 derivative_s=0.000309500 first_order_s=0.000149800 second_order_s=0.000115900 algebra_s=0.000967700 kkt_assembly_s=0.000581100 factor_s=0.002897700 solve_s=0.001353300 update_s=0.000113600 K_nnz=5269 rhs_cols=1 Vxx_nnz=2601
FILTERDDP_TIMING iteration=47 barrier_iteration=7 stage=3 derivative_s=0.000308200 first_order_s=0.000153500 second_order_s=0.000112800 algebra_s=0.000796300 kkt_assembly_s=0.000211100 factor_s=0.002714500 solve_s=0.001423800 update_s=0.000139100 K_nnz=5269 rhs_cols=1 Vxx_nnz=2601
FILTERDDP_TIMING iteration=47 barrier_iteration=7 stage=2 derivative_s=0.000323400 first_order_s=0.000153800 second_order_s=0.000118800 algebra_s=0.000775300 kkt_assembly_s=0.000145700 factor_s=0.002487400 solve_s=0.001521200 update_s=0.000119900 K_nnz=5269 rhs_cols=1 Vxx_nnz=2601
FILTERDDP_TIMING iteration=47 barrier_iteration=7 stage=1 derivative_s=0.000308200 first_order_s=0.000154600 second_order_s=0.000112000 algebra_s=0.000749000 kkt_assembly_s=0.000144900 factor_s=0.002909100 solve_s=0.001536200 update_s=0.000119700 K_nnz=5269 rhs_cols=1 Vxx_nnz=2601
FILTERDDP_FEASIBILITY iteration=47 barrier_iteration=7 equality_count=3372 equality_rms=2.675698437257e-05 equality_max=5.029540795594e-04 equality_worst_stage=5 equality_worst_index=509 dynamics_count=255 dynamics_rms=0.000000000000e+00 dynamics_max=0.000000000000e+00 dynamics_worst_stage=0 dynamics_worst_index=0 bound_count=4902 bound_rms=0.000000000000e+00 bound_max=0.000000000000e+00 bound_worst_stage=0 bound_worst_index=0 bound_worst_kind=none
    47   3.14321133e+03   5.0295e-04   4.2505e-08   9.2292e-10   -5.03      -     5.0000e-01   0
FILTERDDP_ITER_TIMING iteration=47 barrier_iteration=7 backward_s=0.034352200 forward_s=0.002508700 total_s=0.036860900 outcome=accepted step_size=5.000000000e-01 backtracks=0 mu=9.277179695e-06
FILTERDDP_TIMING iteration=48 barrier_iteration=7 stage=6 derivative_s=0.000314000 first_order_s=0.000129500 second_order_s=0.000140400 algebra_s=0.000849400 kkt_assembly_s=0.000145700 factor_s=0.002588600 solve_s=0.001442300 update_s=0.000114000 K_nnz=5269 rhs_cols=1 Vxx_nnz=2601
FILTERDDP_TIMING iteration=48 barrier_iteration=7 stage=5 derivative_s=0.000303600 first_order_s=0.000150700 second_order_s=0.000110800 algebra_s=0.000805400 kkt_assembly_s=0.000148200 factor_s=0.002421500 solve_s=0.001170900 update_s=0.000099600 K_nnz=5269 rhs_cols=1 Vxx_nnz=2601
FILTERDDP_TIMING iteration=48 barrier_iteration=7 stage=4 derivative_s=0.000292800 first_order_s=0.000139000 second_order_s=0.000107900 algebra_s=0.000725500 kkt_assembly_s=0.000134700 factor_s=0.001969500 solve_s=0.001384100 update_s=0.000142600 K_nnz=5269 rhs_cols=1 Vxx_nnz=2601
FILTERDDP_TIMING iteration=48 barrier_iteration=7 stage=3 derivative_s=0.000300100 first_order_s=0.000151500 second_order_s=0.000107500 algebra_s=0.000728600 kkt_assembly_s=0.000162300 factor_s=0.002409800 solve_s=0.010813400 update_s=0.000116600 K_nnz=5269 rhs_cols=1 Vxx_nnz=2601
FILTERDDP_TIMING iteration=48 barrier_iteration=7 stage=2 derivative_s=0.000303400 first_order_s=0.000151900 second_order_s=0.000109300 algebra_s=0.000744100 kkt_assembly_s=0.000141000 factor_s=0.002495200 solve_s=0.001424800 update_s=0.000109000 K_nnz=5269 rhs_cols=1 Vxx_nnz=2601
FILTERDDP_TIMING iteration=48 barrier_iteration=7 stage=1 derivative_s=0.000304300 first_order_s=0.000149200 second_order_s=0.000113100 algebra_s=0.000744700 kkt_assembly_s=0.000160700 factor_s=0.002588900 solve_s=0.001375000 update_s=0.000144200 K_nnz=5269 rhs_cols=1 Vxx_nnz=2601
FILTERDDP_FEASIBILITY iteration=48 barrier_iteration=7 equality_count=3372 equality_rms=2.535072494433e-05 equality_max=4.860446264090e-04 equality_worst_stage=5 equality_worst_index=509 dynamics_count=255 dynamics_rms=0.000000000000e+00 dynamics_max=0.000000000000e+00 dynamics_worst_stage=0 dynamics_worst_index=0 bound_count=4902 bound_rms=0.000000000000e+00 bound_max=0.000000000000e+00 bound_worst_stage=0 bound_worst_index=0 bound_worst_kind=none
    48   3.14316872e+03   4.8604e-04   4.6575e-08   4.9771e-10   -5.03      -     5.0000e-01   0
FILTERDDP_ITER_TIMING iteration=48 barrier_iteration=7 backward_s=0.040648800 forward_s=0.004221200 total_s=0.044870000 outcome=accepted step_size=5.000000000e-01 backtracks=0 mu=9.277179695e-06
FILTERDDP_TIMING iteration=49 barrier_iteration=7 stage=6 derivative_s=0.000487200 first_order_s=0.000255900 second_order_s=0.000153400 algebra_s=0.001120700 kkt_assembly_s=0.000189800 factor_s=0.002629900 solve_s=0.001486700 update_s=0.000114900 K_nnz=5269 rhs_cols=1 Vxx_nnz=2601
FILTERDDP_TIMING iteration=49 barrier_iteration=7 stage=5 derivative_s=0.000390800 first_order_s=0.000210400 second_order_s=0.000125000 algebra_s=0.000845200 kkt_assembly_s=0.000181100 factor_s=0.002550400 solve_s=0.001484600 update_s=0.000116100 K_nnz=5269 rhs_cols=1 Vxx_nnz=2601
FILTERDDP_TIMING iteration=49 barrier_iteration=7 stage=4 derivative_s=0.000313600 first_order_s=0.000152600 second_order_s=0.000117300 algebra_s=0.000772300 kkt_assembly_s=0.000147800 factor_s=0.002449200 solve_s=0.001585800 update_s=0.000118400 K_nnz=5269 rhs_cols=1 Vxx_nnz=2601
FILTERDDP_TIMING iteration=49 barrier_iteration=7 stage=3 derivative_s=0.000308200 first_order_s=0.000151800 second_order_s=0.000113400 algebra_s=0.000744100 kkt_assembly_s=0.000147200 factor_s=0.002489500 solve_s=0.001349100 update_s=0.000108700 K_nnz=5269 rhs_cols=1 Vxx_nnz=2601
FILTERDDP_TIMING iteration=49 barrier_iteration=7 stage=2 derivative_s=0.000309300 first_order_s=0.000150300 second_order_s=0.000110200 algebra_s=0.000692500 kkt_assembly_s=0.000133700 factor_s=0.002283700 solve_s=0.001315000 update_s=0.000146600 K_nnz=5269 rhs_cols=1 Vxx_nnz=2601
FILTERDDP_TIMING iteration=49 barrier_iteration=7 stage=1 derivative_s=0.000339400 first_order_s=0.000173800 second_order_s=0.000118700 algebra_s=0.000761400 kkt_assembly_s=0.000145000 factor_s=0.002572600 solve_s=0.001795700 update_s=0.000148100 K_nnz=5269 rhs_cols=1 Vxx_nnz=2601
FILTERDDP_FEASIBILITY iteration=49 barrier_iteration=7 equality_count=3372 equality_rms=1.619322686498e-05 equality_max=3.151735314751e-04 equality_worst_stage=5 equality_worst_index=509 dynamics_count=255 dynamics_rms=0.000000000000e+00 dynamics_max=0.000000000000e+00 dynamics_worst_stage=0 dynamics_worst_index=0 bound_count=4902 bound_rms=0.000000000000e+00 bound_max=0.000000000000e+00 bound_worst_stage=0 bound_worst_index=0 bound_worst_kind=none
    49   3.14314801e+03   3.1517e-04   3.1253e-08   2.5931e-10   -5.03      -     5.0000e-01   0
FILTERDDP_ITER_TIMING iteration=49 barrier_iteration=7 backward_s=0.033312200 forward_s=0.004351800 total_s=0.037664000 outcome=accepted step_size=5.000000000e-01 backtracks=0 mu=9.277179695e-06
FILTERDDP_TIMING iteration=50 barrier_iteration=7 stage=6 derivative_s=0.000964700 first_order_s=0.000639100 second_order_s=0.000253500 algebra_s=0.000884200 kkt_assembly_s=0.000151000 factor_s=0.002705300 solve_s=0.001419500 update_s=0.000114300 K_nnz=5269 rhs_cols=1 Vxx_nnz=2601
FILTERDDP_TIMING iteration=50 barrier_iteration=7 stage=5 derivative_s=0.000331100 first_order_s=0.000152200 second_order_s=0.000136500 algebra_s=0.000735800 kkt_assembly_s=0.000148400 factor_s=0.002621300 solve_s=0.001470400 update_s=0.000113900 K_nnz=5269 rhs_cols=1 Vxx_nnz=2601
FILTERDDP_TIMING iteration=50 barrier_iteration=7 stage=4 derivative_s=0.000310500 first_order_s=0.000156400 second_order_s=0.000112400 algebra_s=0.010527000 kkt_assembly_s=0.000177900 factor_s=0.002574900 solve_s=0.001480500 update_s=0.000113800 K_nnz=5269 rhs_cols=1 Vxx_nnz=2601
FILTERDDP_TIMING iteration=50 barrier_iteration=7 stage=3 derivative_s=0.000304000 first_order_s=0.000152500 second_order_s=0.000110100 algebra_s=0.000752800 kkt_assembly_s=0.000143500 factor_s=0.002652500 solve_s=0.001400400 update_s=0.000114400 K_nnz=5269 rhs_cols=1 Vxx_nnz=2601
FILTERDDP_TIMING iteration=50 barrier_iteration=7 stage=2 derivative_s=0.000300100 first_order_s=0.000148000 second_order_s=0.000110400 algebra_s=0.000738200 kkt_assembly_s=0.000143600 factor_s=0.002536300 solve_s=0.001458800 update_s=0.000112000 K_nnz=5269 rhs_cols=1 Vxx_nnz=2601
FILTERDDP_TIMING iteration=50 barrier_iteration=7 stage=1 derivative_s=0.000304000 first_order_s=0.000153800 second_order_s=0.000108200 algebra_s=0.000732500 kkt_assembly_s=0.000141200 factor_s=0.002451800 solve_s=0.001395200 update_s=0.000111400 K_nnz=5269 rhs_cols=1 Vxx_nnz=2601
FILTERDDP_FEASIBILITY iteration=50 barrier_iteration=7 equality_count=3372 equality_rms=9.124782278171e-06 equality_max=1.795368734967e-04 equality_worst_stage=5 equality_worst_index=509 dynamics_count=255 dynamics_rms=0.000000000000e+00 dynamics_max=0.000000000000e+00 dynamics_worst_stage=0 dynamics_worst_index=0 bound_count=4902 bound_rms=0.000000000000e+00 bound_max=0.000000000000e+00 bound_worst_stage=0 bound_worst_index=0 bound_worst_kind=none
  iter     objective        pr_inf       du_inf       cs_inf     lg(μ)   lg(reg)    alpha     ls
    50   3.14313785e+03   1.7954e-04   1.6201e-08   1.2960e-10   -5.03      -     5.0000e-01   0
FILTERDDP_ITER_TIMING iteration=50 barrier_iteration=7 backward_s=0.043116500 forward_s=0.002645000 total_s=0.045761500 outcome=accepted step_size=5.000000000e-01 backtracks=0 mu=9.277179695e-06
FILTERDDP_TIMING iteration=51 barrier_iteration=7 stage=6 derivative_s=0.000313100 first_order_s=0.000131400 second_order_s=0.000139500 algebra_s=0.001062600 kkt_assembly_s=0.000170600 factor_s=0.002885000 solve_s=0.001363900 update_s=0.000114800 K_nnz=5269 rhs_cols=1 Vxx_nnz=2601
FILTERDDP_TIMING iteration=51 barrier_iteration=7 stage=5 derivative_s=0.000312200 first_order_s=0.000156300 second_order_s=0.000112200 algebra_s=0.000744900 kkt_assembly_s=0.000223500 factor_s=0.002613800 solve_s=0.001497200 update_s=0.000116600 K_nnz=5269 rhs_cols=1 Vxx_nnz=2601
FILTERDDP_TIMING iteration=51 barrier_iteration=7 stage=4 derivative_s=0.000311400 first_order_s=0.000153900 second_order_s=0.000114700 algebra_s=0.000753200 kkt_assembly_s=0.000154800 factor_s=0.002484200 solve_s=0.001343500 update_s=0.000112800 K_nnz=5269 rhs_cols=1 Vxx_nnz=2601
FILTERDDP_TIMING iteration=51 barrier_iteration=7 stage=3 derivative_s=0.000309100 first_order_s=0.000154300 second_order_s=0.000112400 algebra_s=0.000798400 kkt_assembly_s=0.000147500 factor_s=0.002461500 solve_s=0.001446900 update_s=0.000145900 K_nnz=5269 rhs_cols=1 Vxx_nnz=2601
FILTERDDP_TIMING iteration=51 barrier_iteration=7 stage=2 derivative_s=0.000395400 first_order_s=0.000201300 second_order_s=0.000136600 algebra_s=0.000960000 kkt_assembly_s=0.000192800 factor_s=0.003409500 solve_s=0.001293600 update_s=0.000110800 K_nnz=5269 rhs_cols=1 Vxx_nnz=2601
FILTERDDP_TIMING iteration=51 barrier_iteration=7 stage=1 derivative_s=0.000309800 first_order_s=0.000151900 second_order_s=0.000116400 algebra_s=0.000734900 kkt_assembly_s=0.000177600 factor_s=0.002522700 solve_s=0.001310800 update_s=0.000106100 K_nnz=5269 rhs_cols=1 Vxx_nnz=2601
FILTERDDP_FEASIBILITY iteration=51 barrier_iteration=7 equality_count=3372 equality_rms=4.853874887332e-06 equality_max=9.620343586619e-05 equality_worst_stage=5 equality_worst_index=509 dynamics_count=255 dynamics_rms=0.000000000000e+00 dynamics_max=0.000000000000e+00 dynamics_worst_stage=0 dynamics_worst_index=0 bound_count=4902 bound_rms=0.000000000000e+00 bound_max=0.000000000000e+00 bound_worst_stage=0 bound_worst_index=0 bound_worst_kind=none
    51   3.14313283e+03   9.6203e-05   7.3337e-09   6.2684e-11   -5.03      -     5.0000e-01   0
FILTERDDP_ITER_TIMING iteration=51 barrier_iteration=7 backward_s=0.033894400 forward_s=0.002215600 total_s=0.036110000 outcome=accepted step_size=2.500000000e-01 backtracks=0 mu=9.277179695e-06
FILTERDDP_TIMING iteration=52 barrier_iteration=7 stage=6 derivative_s=0.000359200 first_order_s=0.000212400 second_order_s=0.000110300 algebra_s=0.009620200 kkt_assembly_s=0.000145900 factor_s=0.002743400 solve_s=0.001244000 update_s=0.000090400 K_nnz=5269 rhs_cols=1 Vxx_nnz=2601
FILTERDDP_TIMING iteration=52 barrier_iteration=7 stage=5 derivative_s=0.000217000 first_order_s=0.000108700 second_order_s=0.000078900 algebra_s=0.000465700 kkt_assembly_s=0.000106300 factor_s=0.001701700 solve_s=0.001495500 update_s=0.000114600 K_nnz=5269 rhs_cols=1 Vxx_nnz=2601
FILTERDDP_TIMING iteration=52 barrier_iteration=7 stage=4 derivative_s=0.000302500 first_order_s=0.000150400 second_order_s=0.000111000 algebra_s=0.000812900 kkt_assembly_s=0.000150100 factor_s=0.002389200 solve_s=0.001353600 update_s=0.000111000 K_nnz=5269 rhs_cols=1 Vxx_nnz=2601
FILTERDDP_TIMING iteration=52 barrier_iteration=7 stage=3 derivative_s=0.000306500 first_order_s=0.000155200 second_order_s=0.000109900 algebra_s=0.000735500 kkt_assembly_s=0.000139900 factor_s=0.002544500 solve_s=0.001336000 update_s=0.000113900 K_nnz=5269 rhs_cols=1 Vxx_nnz=2601
FILTERDDP_TIMING iteration=52 barrier_iteration=7 stage=2 derivative_s=0.000304200 first_order_s=0.000152600 second_order_s=0.000110400 algebra_s=0.000757300 kkt_assembly_s=0.000140600 factor_s=0.002758300 solve_s=0.001389100 update_s=0.000112700 K_nnz=5269 rhs_cols=1 Vxx_nnz=2601
FILTERDDP_TIMING iteration=52 barrier_iteration=7 stage=1 derivative_s=0.000369300 first_order_s=0.000214100 second_order_s=0.000112500 algebra_s=0.000743800 kkt_assembly_s=0.000141400 factor_s=0.002420200 solve_s=0.001270500 update_s=0.000115300 K_nnz=5269 rhs_cols=1 Vxx_nnz=2601
FILTERDDP_FEASIBILITY iteration=52 barrier_iteration=7 equality_count=3372 equality_rms=3.660246947436e-06 equality_max=7.260372679202e-05 equality_worst_stage=5 equality_worst_index=509 dynamics_count=255 dynamics_rms=0.000000000000e+00 dynamics_max=0.000000000000e+00 dynamics_worst_stage=0 dynamics_worst_index=0 bound_count=4902 bound_rms=0.000000000000e+00 bound_max=0.000000000000e+00 bound_worst_stage=0 bound_worst_index=0 bound_worst_kind=none
FILTERDDP_ITER_TIMING iteration=52 barrier_iteration=7 backward_s=0.039575900 forward_s=0.000000000 total_s=0.039575900 outcome=barrier_update step_size=2.500000000e-01 backtracks=0 mu=9.277179695e-06
FILTERDDP_TIMING iteration=52 barrier_iteration=8 stage=6 derivative_s=0.000360200 first_order_s=0.000164000 second_order_s=0.000138300 algebra_s=0.000846000 kkt_assembly_s=0.000142600 factor_s=0.002506300 solve_s=0.001188400 update_s=0.000110100 K_nnz=5269 rhs_cols=1 Vxx_nnz=2601
FILTERDDP_TIMING iteration=52 barrier_iteration=8 stage=5 derivative_s=0.000302400 first_order_s=0.000148800 second_order_s=0.000112300 algebra_s=0.000740400 kkt_assembly_s=0.000145600 factor_s=0.002457500 solve_s=0.001413500 update_s=0.000116800 K_nnz=5269 rhs_cols=1 Vxx_nnz=2601
FILTERDDP_TIMING iteration=52 barrier_iteration=8 stage=4 derivative_s=0.000326800 first_order_s=0.000149000 second_order_s=0.000135900 algebra_s=0.000729300 kkt_assembly_s=0.000143200 factor_s=0.002445400 solve_s=0.001596700 update_s=0.000108400 K_nnz=5269 rhs_cols=1 Vxx_nnz=2601
FILTERDDP_TIMING iteration=52 barrier_iteration=8 stage=3 derivative_s=0.000305300 first_order_s=0.000154100 second_order_s=0.000109900 algebra_s=0.000732800 kkt_assembly_s=0.000140400 factor_s=0.002566100 solve_s=0.001547900 update_s=0.000140900 K_nnz=5269 rhs_cols=1 Vxx_nnz=2601
FILTERDDP_TIMING iteration=52 barrier_iteration=8 stage=2 derivative_s=0.000314500 first_order_s=0.000152900 second_order_s=0.000118000 algebra_s=0.000802200 kkt_assembly_s=0.000176900 factor_s=0.002633300 solve_s=0.010656700 update_s=0.000127900 K_nnz=5269 rhs_cols=1 Vxx_nnz=2601
FILTERDDP_TIMING iteration=52 barrier_iteration=8 stage=1 derivative_s=0.000306700 first_order_s=0.000151300 second_order_s=0.000113000 algebra_s=0.000977900 kkt_assembly_s=0.000192700 factor_s=0.002673900 solve_s=0.001479000 update_s=0.000135400 K_nnz=5269 rhs_cols=1 Vxx_nnz=2601
FILTERDDP_FEASIBILITY iteration=52 barrier_iteration=8 equality_count=3372 equality_rms=3.660246947436e-06 equality_max=7.260372679202e-05 equality_worst_stage=5 equality_worst_index=509 dynamics_count=255 dynamics_rms=0.000000000000e+00 dynamics_max=0.000000000000e+00 dynamics_worst_stage=0 dynamics_worst_index=0 bound_count=4902 bound_rms=0.000000000000e+00 bound_max=0.000000000000e+00 bound_worst_stage=0 bound_worst_index=0 bound_worst_kind=none
    52   3.14313158e+03   7.2604e-05   4.6615e-09   4.3379e-11   -6.04      -     2.5000e-01   0
FILTERDDP_ITER_TIMING iteration=52 barrier_iteration=8 backward_s=0.042089200 forward_s=0.002654000 total_s=0.044743200 outcome=accepted step_size=2.500000000e-01 backtracks=0 mu=9.139010210e-07
FILTERDDP_TIMING iteration=53 barrier_iteration=8 stage=6 derivative_s=0.000305500 first_order_s=0.000127500 second_order_s=0.000135600 algebra_s=0.000835200 kkt_assembly_s=0.000145700 factor_s=0.002745600 solve_s=0.001485700 update_s=0.000112000 K_nnz=5269 rhs_cols=1 Vxx_nnz=2601
FILTERDDP_TIMING iteration=53 barrier_iteration=8 stage=5 derivative_s=0.000305700 first_order_s=0.000152600 second_order_s=0.000111700 algebra_s=0.001001500 kkt_assembly_s=0.000205000 factor_s=0.002548100 solve_s=0.001525500 update_s=0.000113800 K_nnz=5269 rhs_cols=1 Vxx_nnz=2601
FILTERDDP_TIMING iteration=53 barrier_iteration=8 stage=4 derivative_s=0.000303800 first_order_s=0.000150100 second_order_s=0.000112800 algebra_s=0.000740900 kkt_assembly_s=0.000144800 factor_s=0.002472400 solve_s=0.001458800 update_s=0.000118800 K_nnz=5269 rhs_cols=1 Vxx_nnz=2601
FILTERDDP_TIMING iteration=53 barrier_iteration=8 stage=3 derivative_s=0.000466200 first_order_s=0.000239000 second_order_s=0.000163800 algebra_s=0.000804900 kkt_assembly_s=0.000145800 factor_s=0.002556500 solve_s=0.001529700 update_s=0.000110400 K_nnz=5269 rhs_cols=1 Vxx_nnz=2601
FILTERDDP_TIMING iteration=53 barrier_iteration=8 stage=2 derivative_s=0.000303900 first_order_s=0.000151400 second_order_s=0.000110600 algebra_s=0.000742600 kkt_assembly_s=0.000143400 factor_s=0.002550300 solve_s=0.001342100 update_s=0.000119900 K_nnz=5269 rhs_cols=1 Vxx_nnz=2601
FILTERDDP_TIMING iteration=53 barrier_iteration=8 stage=1 derivative_s=0.000308000 first_order_s=0.000155700 second_order_s=0.000109900 algebra_s=0.000740000 kkt_assembly_s=0.000141300 factor_s=0.002552100 solve_s=0.001409200 update_s=0.000117600 K_nnz=5269 rhs_cols=1 Vxx_nnz=2601
FILTERDDP_FEASIBILITY iteration=53 barrier_iteration=8 equality_count=3372 equality_rms=2.888163481144e-06 equality_max=5.761079874883e-05 equality_worst_stage=5 equality_worst_index=509 dynamics_count=255 dynamics_rms=0.000000000000e+00 dynamics_max=0.000000000000e+00 dynamics_worst_stage=0 dynamics_worst_index=0 bound_count=4902 bound_rms=0.000000000000e+00 bound_max=0.000000000000e+00 bound_worst_stage=0 bound_worst_index=0 bound_worst_kind=none
    53   3.14312794e+03   5.7611e-05   4.4999e-09   3.4989e-11   -6.04      -     2.5000e-01   0
FILTERDDP_ITER_TIMING iteration=53 barrier_iteration=8 backward_s=0.033129100 forward_s=0.002743800 total_s=0.035872900 outcome=accepted step_size=2.500000000e-01 backtracks=0 mu=9.139010210e-07
FILTERDDP_TIMING iteration=54 barrier_iteration=8 stage=6 derivative_s=0.000308900 first_order_s=0.000130700 second_order_s=0.000137900 algebra_s=0.000963000 kkt_assembly_s=0.000145900 factor_s=0.002650400 solve_s=0.001424900 update_s=0.000107400 K_nnz=5269 rhs_cols=1 Vxx_nnz=2601
FILTERDDP_TIMING iteration=54 barrier_iteration=8 stage=5 derivative_s=0.000296700 first_order_s=0.000147000 second_order_s=0.000108600 algebra_s=0.000741000 kkt_assembly_s=0.000179900 factor_s=0.002337400 solve_s=0.001255100 update_s=0.000109900 K_nnz=5269 rhs_cols=1 Vxx_nnz=2601
FILTERDDP_TIMING iteration=54 barrier_iteration=8 stage=4 derivative_s=0.000376800 first_order_s=0.000190800 second_order_s=0.000128300 algebra_s=0.000762300 kkt_assembly_s=0.000148500 factor_s=0.002459900 solve_s=0.010821500 update_s=0.000124700 K_nnz=5269 rhs_cols=1 Vxx_nnz=2601
FILTERDDP_TIMING iteration=54 barrier_iteration=8 stage=3 derivative_s=0.000309300 first_order_s=0.000153100 second_order_s=0.000111600 algebra_s=0.000741800 kkt_assembly_s=0.000150900 factor_s=0.002593600 solve_s=0.001967200 update_s=0.000114500 K_nnz=5269 rhs_cols=1 Vxx_nnz=2601
FILTERDDP_TIMING iteration=54 barrier_iteration=8 stage=2 derivative_s=0.000314800 first_order_s=0.000158300 second_order_s=0.000112700 algebra_s=0.000730300 kkt_assembly_s=0.000142900 factor_s=0.002464400 solve_s=0.001460900 update_s=0.000107600 K_nnz=5269 rhs_cols=1 Vxx_nnz=2601
FILTERDDP_TIMING iteration=54 barrier_iteration=8 stage=1 derivative_s=0.000303200 first_order_s=0.000151500 second_order_s=0.000110300 algebra_s=0.000785500 kkt_assembly_s=0.000141100 factor_s=0.002351500 solve_s=0.001378400 update_s=0.000113200 K_nnz=5269 rhs_cols=1 Vxx_nnz=2601
FILTERDDP_FEASIBILITY iteration=54 barrier_iteration=8 equality_count=3372 equality_rms=2.250304366237e-06 equality_max=4.511126493115e-05 equality_worst_stage=5 equality_worst_index=509 dynamics_count=255 dynamics_rms=0.000000000000e+00 dynamics_max=0.000000000000e+00 dynamics_worst_stage=0 dynamics_worst_index=0 bound_count=4902 bound_rms=0.000000000000e+00 bound_max=0.000000000000e+00 bound_worst_stage=0 bound_worst_index=0 bound_worst_kind=none
    54   3.14312521e+03   4.5111e-05   4.1383e-09   3.4793e-11   -6.04      -     2.5000e-01   0
FILTERDDP_ITER_TIMING iteration=54 barrier_iteration=8 backward_s=0.041862500 forward_s=0.002851100 total_s=0.044713600 outcome=accepted step_size=2.500000000e-01 backtracks=0 mu=9.139010210e-07
FILTERDDP_TIMING iteration=55 barrier_iteration=8 stage=6 derivative_s=0.000332200 first_order_s=0.000155100 second_order_s=0.000133200 algebra_s=0.000827200 kkt_assembly_s=0.000147800 factor_s=0.002608100 solve_s=0.001397300 update_s=0.000112600 K_nnz=5269 rhs_cols=1 Vxx_nnz=2601
FILTERDDP_TIMING iteration=55 barrier_iteration=8 stage=5 derivative_s=0.000306900 first_order_s=0.000155800 second_order_s=0.000110200 algebra_s=0.000816100 kkt_assembly_s=0.000172900 factor_s=0.002562500 solve_s=0.001302400 update_s=0.000110000 K_nnz=5269 rhs_cols=1 Vxx_nnz=2601
FILTERDDP_TIMING iteration=55 barrier_iteration=8 stage=4 derivative_s=0.000298800 first_order_s=0.000147200 second_order_s=0.000109600 algebra_s=0.000723000 kkt_assembly_s=0.000137800 factor_s=0.002425000 solve_s=0.001345300 update_s=0.000106900 K_nnz=5269 rhs_cols=1 Vxx_nnz=2601
FILTERDDP_TIMING iteration=55 barrier_iteration=8 stage=3 derivative_s=0.000337900 first_order_s=0.000185300 second_order_s=0.000109200 algebra_s=0.000737900 kkt_assembly_s=0.000133200 factor_s=0.002425000 solve_s=0.001455800 update_s=0.000104900 K_nnz=5269 rhs_cols=1 Vxx_nnz=2601
FILTERDDP_TIMING iteration=55 barrier_iteration=8 stage=2 derivative_s=0.000289600 first_order_s=0.000146700 second_order_s=0.000104900 algebra_s=0.000762900 kkt_assembly_s=0.000133200 factor_s=0.002562600 solve_s=0.001574000 update_s=0.000102500 K_nnz=5269 rhs_cols=1 Vxx_nnz=2601
FILTERDDP_TIMING iteration=55 barrier_iteration=8 stage=1 derivative_s=0.000347400 first_order_s=0.000179500 second_order_s=0.000119500 algebra_s=0.000790600 kkt_assembly_s=0.000135800 factor_s=0.002384700 solve_s=0.001381200 update_s=0.000103700 K_nnz=5269 rhs_cols=1 Vxx_nnz=2601
FILTERDDP_FEASIBILITY iteration=55 barrier_iteration=8 equality_count=3372 equality_rms=1.736834244362e-06 equality_max=3.497312514864e-05 equality_worst_stage=5 equality_worst_index=509 dynamics_count=255 dynamics_rms=0.000000000000e+00 dynamics_max=0.000000000000e+00 dynamics_worst_stage=0 dynamics_worst_index=0 bound_count=4902 bound_rms=0.000000000000e+00 bound_max=0.000000000000e+00 bound_worst_stage=0 bound_worst_index=0 bound_worst_kind=none
    55   3.14312318e+03   3.4973e-05   3.6884e-09   3.4606e-11   -6.04      -     2.5000e-01   0
FILTERDDP_ITER_TIMING iteration=55 barrier_iteration=8 backward_s=0.031974600 forward_s=0.003234100 total_s=0.035208700 outcome=accepted step_size=2.500000000e-01 backtracks=0 mu=9.139010210e-07
FILTERDDP_TIMING iteration=56 barrier_iteration=8 stage=6 derivative_s=0.000297300 first_order_s=0.000126500 second_order_s=0.000130600 algebra_s=0.000889500 kkt_assembly_s=0.000187100 factor_s=0.001539700 solve_s=0.010232900 update_s=0.000115300 K_nnz=5269 rhs_cols=1 Vxx_nnz=2601
FILTERDDP_TIMING iteration=56 barrier_iteration=8 stage=5 derivative_s=0.000299800 first_order_s=0.000151300 second_order_s=0.000105500 algebra_s=0.000732000 kkt_assembly_s=0.000160400 factor_s=0.002453800 solve_s=0.001318000 update_s=0.000108600 K_nnz=5269 rhs_cols=1 Vxx_nnz=2601
FILTERDDP_TIMING iteration=56 barrier_iteration=8 stage=4 derivative_s=0.000297800 first_order_s=0.000145100 second_order_s=0.000111700 algebra_s=0.000781900 kkt_assembly_s=0.000143600 factor_s=0.002512900 solve_s=0.001270700 update_s=0.000104800 K_nnz=5269 rhs_cols=1 Vxx_nnz=2601
FILTERDDP_TIMING iteration=56 barrier_iteration=8 stage=3 derivative_s=0.000335700 first_order_s=0.000173800 second_order_s=0.000119800 algebra_s=0.000719900 kkt_assembly_s=0.000139400 factor_s=0.002449900 solve_s=0.001297000 update_s=0.000102400 K_nnz=5269 rhs_cols=1 Vxx_nnz=2601
FILTERDDP_TIMING iteration=56 barrier_iteration=8 stage=2 derivative_s=0.000289900 first_order_s=0.000143000 second_order_s=0.000107600 algebra_s=0.000717700 kkt_assembly_s=0.000135900 factor_s=0.002459700 solve_s=0.001326200 update_s=0.000104400 K_nnz=5269 rhs_cols=1 Vxx_nnz=2601
FILTERDDP_TIMING iteration=56 barrier_iteration=8 stage=1 derivative_s=0.000305700 first_order_s=0.000155000 second_order_s=0.000109300 algebra_s=0.000929300 kkt_assembly_s=0.000162500 factor_s=0.002360400 solve_s=0.001311500 update_s=0.000101100 K_nnz=5269 rhs_cols=1 Vxx_nnz=2601
FILTERDDP_FEASIBILITY iteration=56 barrier_iteration=8 equality_count=3372 equality_rms=1.331009489838e-06 equality_max=2.690759530327e-05 equality_worst_stage=5 equality_worst_index=509 dynamics_count=255 dynamics_rms=0.000000000000e+00 dynamics_max=0.000000000000e+00 dynamics_worst_stage=0 dynamics_worst_index=0 bound_count=4902 bound_rms=0.000000000000e+00 bound_max=0.000000000000e+00 bound_worst_stage=0 bound_worst_index=0 bound_worst_kind=none
    56   3.14312166e+03   2.6908e-05   3.2018e-09   3.4326e-11   -6.04      -     2.5000e-01   0
FILTERDDP_ITER_TIMING iteration=56 barrier_iteration=8 backward_s=0.039148400 forward_s=0.002735600 total_s=0.041884000 outcome=accepted step_size=2.500000000e-01 backtracks=0 mu=9.139010210e-07
FILTERDDP_TIMING iteration=57 barrier_iteration=8 stage=6 derivative_s=0.000292600 first_order_s=0.000124000 second_order_s=0.000128700 algebra_s=0.000838000 kkt_assembly_s=0.000136700 factor_s=0.002592200 solve_s=0.001355000 update_s=0.000089600 K_nnz=5269 rhs_cols=1 Vxx_nnz=2601
FILTERDDP_TIMING iteration=57 barrier_iteration=8 stage=5 derivative_s=0.000241300 first_order_s=0.000120700 second_order_s=0.000088100 algebra_s=0.000575000 kkt_assembly_s=0.000115800 factor_s=0.002334600 solve_s=0.001288400 update_s=0.000101900 K_nnz=5269 rhs_cols=1 Vxx_nnz=2601
FILTERDDP_TIMING iteration=57 barrier_iteration=8 stage=4 derivative_s=0.000288300 first_order_s=0.000144000 second_order_s=0.000106200 algebra_s=0.000721900 kkt_assembly_s=0.000136400 factor_s=0.002459700 solve_s=0.001446600 update_s=0.000105700 K_nnz=5269 rhs_cols=1 Vxx_nnz=2601
FILTERDDP_TIMING iteration=57 barrier_iteration=8 stage=3 derivative_s=0.000292700 first_order_s=0.000144800 second_order_s=0.000108100 algebra_s=0.000720100 kkt_assembly_s=0.000133900 factor_s=0.002096700 solve_s=0.001460600 update_s=0.000109800 K_nnz=5269 rhs_cols=1 Vxx_nnz=2601
FILTERDDP_TIMING iteration=57 barrier_iteration=8 stage=2 derivative_s=0.000292400 first_order_s=0.000147100 second_order_s=0.000104800 algebra_s=0.000719500 kkt_assembly_s=0.000133700 factor_s=0.002490400 solve_s=0.001355400 update_s=0.000108700 K_nnz=5269 rhs_cols=1 Vxx_nnz=2601
FILTERDDP_TIMING iteration=57 barrier_iteration=8 stage=1 derivative_s=0.000352800 first_order_s=0.000164000 second_order_s=0.000133300 algebra_s=0.000996200 kkt_assembly_s=0.000248100 factor_s=0.011851300 solve_s=0.001317600 update_s=0.000132200 K_nnz=5269 rhs_cols=1 Vxx_nnz=2601
FILTERDDP_FEASIBILITY iteration=57 barrier_iteration=8 equality_count=3372 equality_rms=1.014533900722e-06 equality_max=2.058079153805e-05 equality_worst_stage=5 equality_worst_index=509 dynamics_count=255 dynamics_rms=0.000000000000e+00 dynamics_max=0.000000000000e+00 dynamics_worst_stage=0 dynamics_worst_index=0 bound_count=4902 bound_rms=0.000000000000e+00 bound_max=0.000000000000e+00 bound_worst_stage=0 bound_worst_index=0 bound_worst_kind=none
    57   3.14312053e+03   2.0581e-05   2.7294e-09   3.4060e-11   -6.04      -     2.5000e-01   0
FILTERDDP_ITER_TIMING iteration=57 barrier_iteration=8 backward_s=0.040394000 forward_s=0.002779700 total_s=0.043173700 outcome=accepted step_size=2.500000000e-01 backtracks=0 mu=9.139010210e-07
FILTERDDP_TIMING iteration=58 barrier_iteration=8 stage=6 derivative_s=0.000342900 first_order_s=0.000157700 second_order_s=0.000137400 algebra_s=0.000852100 kkt_assembly_s=0.000155500 factor_s=0.002699200 solve_s=0.001500000 update_s=0.000122500 K_nnz=5269 rhs_cols=1 Vxx_nnz=2601
FILTERDDP_TIMING iteration=58 barrier_iteration=8 stage=5 derivative_s=0.000323300 first_order_s=0.000156900 second_order_s=0.000119500 algebra_s=0.000894900 kkt_assembly_s=0.000227100 factor_s=0.002519400 solve_s=0.001494900 update_s=0.000123300 K_nnz=5269 rhs_cols=1 Vxx_nnz=2601
FILTERDDP_TIMING iteration=58 barrier_iteration=8 stage=4 derivative_s=0.000311700 first_order_s=0.000156300 second_order_s=0.000112300 algebra_s=0.000737900 kkt_assembly_s=0.000194500 factor_s=0.002735400 solve_s=0.001353300 update_s=0.000118700 K_nnz=5269 rhs_cols=1 Vxx_nnz=2601
FILTERDDP_TIMING iteration=58 barrier_iteration=8 stage=3 derivative_s=0.000320500 first_order_s=0.000157100 second_order_s=0.000116700 algebra_s=0.000741700 kkt_assembly_s=0.000150700 factor_s=0.002452500 solve_s=0.001377300 update_s=0.000119600 K_nnz=5269 rhs_cols=1 Vxx_nnz=2601
FILTERDDP_TIMING iteration=58 barrier_iteration=8 stage=2 derivative_s=0.000315500 first_order_s=0.000156600 second_order_s=0.000114700 algebra_s=0.000741200 kkt_assembly_s=0.000149200 factor_s=0.002455400 solve_s=0.001810800 update_s=0.000126000 K_nnz=5269 rhs_cols=1 Vxx_nnz=2601
FILTERDDP_TIMING iteration=58 barrier_iteration=8 stage=1 derivative_s=0.000327000 first_order_s=0.000161400 second_order_s=0.000119200 algebra_s=0.000736300 kkt_assembly_s=0.000152400 factor_s=0.002528400 solve_s=0.001379600 update_s=0.000116900 K_nnz=5269 rhs_cols=1 Vxx_nnz=2601
FILTERDDP_FEASIBILITY iteration=58 barrier_iteration=8 equality_count=3372 equality_rms=7.701790884141e-07 equality_max=1.567001132941e-05 equality_worst_stage=5 equality_worst_index=509 dynamics_count=255 dynamics_rms=0.000000000000e+00 dynamics_max=0.000000000000e+00 dynamics_worst_stage=0 dynamics_worst_index=0 bound_count=4902 bound_rms=0.000000000000e+00 bound_max=0.000000000000e+00 bound_worst_stage=0 bound_worst_index=0 bound_worst_kind=none
    58   3.14311968e+03   1.5670e-05   2.2925e-09   3.3806e-11   -6.04      -     2.5000e-01   0
FILTERDDP_ITER_TIMING iteration=58 barrier_iteration=8 backward_s=0.033230400 forward_s=0.002842000 total_s=0.036072400 outcome=accepted step_size=2.500000000e-01 backtracks=0 mu=9.139010210e-07
FILTERDDP_TIMING iteration=59 barrier_iteration=8 stage=6 derivative_s=0.000388600 first_order_s=0.000163700 second_order_s=0.000151300 algebra_s=0.000816200 kkt_assembly_s=0.000151100 factor_s=0.002295000 solve_s=0.001470000 update_s=0.000112000 K_nnz=5269 rhs_cols=1 Vxx_nnz=2601
FILTERDDP_TIMING iteration=59 barrier_iteration=8 stage=5 derivative_s=0.000307800 first_order_s=0.000152300 second_order_s=0.000111900 algebra_s=0.000738100 kkt_assembly_s=0.000188000 factor_s=0.002571900 solve_s=0.001704900 update_s=0.000174900 K_nnz=5269 rhs_cols=1 Vxx_nnz=2601
FILTERDDP_TIMING iteration=59 barrier_iteration=8 stage=4 derivative_s=0.000324200 first_order_s=0.000158300 second_order_s=0.000118700 algebra_s=0.000727500 kkt_assembly_s=0.000218800 factor_s=0.002519600 solve_s=0.001372300 update_s=0.000113300 K_nnz=5269 rhs_cols=1 Vxx_nnz=2601
FILTERDDP_TIMING iteration=59 barrier_iteration=8 stage=3 derivative_s=0.000311200 first_order_s=0.000154400 second_order_s=0.000114700 algebra_s=0.080188700 kkt_assembly_s=0.000112600 factor_s=0.001291800 solve_s=0.001320900 update_s=0.000117700 K_nnz=5269 rhs_cols=1 Vxx_nnz=2601
FILTERDDP_TIMING iteration=59 barrier_iteration=8 stage=2 derivative_s=0.000310700 first_order_s=0.000156000 second_order_s=0.000107300 algebra_s=0.000968500 kkt_assembly_s=0.000172900 factor_s=0.002412100 solve_s=0.001343600 update_s=0.000121200 K_nnz=5269 rhs_cols=1 Vxx_nnz=2601
FILTERDDP_TIMING iteration=59 barrier_iteration=8 stage=1 derivative_s=0.000357900 first_order_s=0.000197700 second_order_s=0.000113600 algebra_s=0.000703300 kkt_assembly_s=0.000154300 factor_s=0.002498800 solve_s=0.001278900 update_s=0.000108500 K_nnz=5269 rhs_cols=1 Vxx_nnz=2601
FILTERDDP_FEASIBILITY iteration=59 barrier_iteration=8 equality_count=3372 equality_rms=5.829027207866e-07 equality_max=1.188884648358e-05 equality_worst_stage=5 equality_worst_index=509 dynamics_count=255 dynamics_rms=0.000000000000e+00 dynamics_max=0.000000000000e+00 dynamics_worst_stage=0 dynamics_worst_index=0 bound_count=4902 bound_rms=0.000000000000e+00 bound_max=0.000000000000e+00 bound_worst_stage=0 bound_worst_index=0 bound_worst_kind=none
    59   3.14311904e+03   1.1889e-05   1.8914e-09   2.1830e-11   -6.04      -     2.5000e-01   0
FILTERDDP_ITER_TIMING iteration=59 barrier_iteration=8 backward_s=0.110468000 forward_s=0.003751700 total_s=0.114219700 outcome=accepted step_size=2.500000000e-01 backtracks=0 mu=9.139010210e-07
FILTERDDP_TIMING iteration=60 barrier_iteration=8 stage=6 derivative_s=0.000292100 first_order_s=0.000126400 second_order_s=0.000123800 algebra_s=0.000808700 kkt_assembly_s=0.000376100 factor_s=0.000978400 solve_s=0.001073700 update_s=0.000101600 K_nnz=5269 rhs_cols=1 Vxx_nnz=2601
FILTERDDP_TIMING iteration=60 barrier_iteration=8 stage=5 derivative_s=0.000286900 first_order_s=0.000141500 second_order_s=0.000102700 algebra_s=0.000710800 kkt_assembly_s=0.000147400 factor_s=0.002327600 solve_s=0.001278900 update_s=0.000096300 K_nnz=5269 rhs_cols=1 Vxx_nnz=2601
FILTERDDP_TIMING iteration=60 barrier_iteration=8 stage=4 derivative_s=0.000281300 first_order_s=0.000137700 second_order_s=0.000102300 algebra_s=0.000708700 kkt_assembly_s=0.000131200 factor_s=0.002339800 solve_s=0.001334500 update_s=0.000102300 K_nnz=5269 rhs_cols=1 Vxx_nnz=2601
FILTERDDP_TIMING iteration=60 barrier_iteration=8 stage=3 derivative_s=0.000376800 first_order_s=0.000233600 second_order_s=0.000102200 algebra_s=0.000770800 kkt_assembly_s=0.000135100 factor_s=0.002381900 solve_s=0.001231200 update_s=0.000098000 K_nnz=5269 rhs_cols=1 Vxx_nnz=2601
FILTERDDP_TIMING iteration=60 barrier_iteration=8 stage=2 derivative_s=0.000277900 first_order_s=0.000139700 second_order_s=0.000099200 algebra_s=0.000713700 kkt_assembly_s=0.000128300 factor_s=0.002353400 solve_s=0.001272300 update_s=0.000097900 K_nnz=5269 rhs_cols=1 Vxx_nnz=2601
FILTERDDP_TIMING iteration=60 barrier_iteration=8 stage=1 derivative_s=0.000281500 first_order_s=0.000138700 second_order_s=0.000103900 algebra_s=0.000781900 kkt_assembly_s=0.000130600 factor_s=0.002586700 solve_s=0.001288500 update_s=0.000106200 K_nnz=5269 rhs_cols=1 Vxx_nnz=2601
FILTERDDP_FEASIBILITY iteration=60 barrier_iteration=8 equality_count=3372 equality_rms=4.401609147863e-07 equality_max=8.995383264092e-06 equality_worst_stage=5 equality_worst_index=509 dynamics_count=255 dynamics_rms=0.000000000000e+00 dynamics_max=0.000000000000e+00 dynamics_worst_stage=0 dynamics_worst_index=0 bound_count=4902 bound_rms=0.000000000000e+00 bound_max=0.000000000000e+00 bound_worst_stage=0 bound_worst_index=0 bound_worst_kind=none
FILTERDDP_ITER_TIMING iteration=60 barrier_iteration=8 backward_s=0.028814100 forward_s=0.000000000 total_s=0.028814100 outcome=barrier_update step_size=2.500000000e-01 backtracks=0 mu=9.139010210e-07
FILTERDDP_TIMING iteration=60 barrier_iteration=9 stage=6 derivative_s=0.000291300 first_order_s=0.000131400 second_order_s=0.000121900 algebra_s=0.000805500 kkt_assembly_s=0.000164800 factor_s=0.002274400 solve_s=0.001323400 update_s=0.000096500 K_nnz=5269 rhs_cols=1 Vxx_nnz=2601
FILTERDDP_TIMING iteration=60 barrier_iteration=9 stage=5 derivative_s=0.000281800 first_order_s=0.000140300 second_order_s=0.000101700 algebra_s=0.000734600 kkt_assembly_s=0.000147900 factor_s=0.002216500 solve_s=0.001141500 update_s=0.000099200 K_nnz=5269 rhs_cols=1 Vxx_nnz=2601
FILTERDDP_TIMING iteration=60 barrier_iteration=9 stage=4 derivative_s=0.000278300 first_order_s=0.000138200 second_order_s=0.000101200 algebra_s=0.000726400 kkt_assembly_s=0.000131400 factor_s=0.367805200 solve_s=0.001314900 update_s=0.000118100 K_nnz=5269 rhs_cols=1 Vxx_nnz=2601
FILTERDDP_TIMING iteration=60 barrier_iteration=9 stage=3 derivative_s=0.000299300 first_order_s=0.000149100 second_order_s=0.000105500 algebra_s=0.000799800 kkt_assembly_s=0.000140800 factor_s=0.002387000 solve_s=0.001267600 update_s=0.000127600 K_nnz=5269 rhs_cols=1 Vxx_nnz=2601
FILTERDDP_TIMING iteration=60 barrier_iteration=9 stage=2 derivative_s=0.000371700 first_order_s=0.000200600 second_order_s=0.000123000 algebra_s=0.000724600 kkt_assembly_s=0.000178400 factor_s=0.002398300 solve_s=0.001178100 update_s=0.000094900 K_nnz=5269 rhs_cols=1 Vxx_nnz=2601
FILTERDDP_TIMING iteration=60 barrier_iteration=9 stage=1 derivative_s=0.000271300 first_order_s=0.000134400 second_order_s=0.000099800 algebra_s=0.000702600 kkt_assembly_s=0.000131100 factor_s=0.002342900 solve_s=0.001123100 update_s=0.000111300 K_nnz=5269 rhs_cols=1 Vxx_nnz=2601
FILTERDDP_FEASIBILITY iteration=60 barrier_iteration=9 equality_count=3372 equality_rms=4.401609147863e-07 equality_max=8.995383264092e-06 equality_worst_stage=5 equality_worst_index=509 dynamics_count=255 dynamics_rms=0.000000000000e+00 dynamics_max=0.000000000000e+00 dynamics_worst_stage=0 dynamics_worst_index=0 bound_count=4902 bound_rms=0.000000000000e+00 bound_max=0.000000000000e+00 bound_worst_stage=0 bound_worst_index=0 bound_worst_kind=none
  iter     objective        pr_inf       du_inf       cs_inf     lg(μ)   lg(reg)    alpha     ls
    60   3.14311856e+03   8.9954e-06   1.5405e-09   2.1712e-11   -7.25      -     2.5000e-01   0
FILTERDDP_ITER_TIMING iteration=60 barrier_iteration=9 backward_s=0.395070700 forward_s=0.002703300 total_s=0.397774000 outcome=accepted step_size=2.500000000e-01 backtracks=0 mu=5.663422933e-08
FILTERDDP_TIMING iteration=61 barrier_iteration=9 stage=6 derivative_s=0.000273300 first_order_s=0.000113900 second_order_s=0.000122000 algebra_s=0.000813000 kkt_assembly_s=0.000130500 factor_s=0.002365400 solve_s=0.001273500 update_s=0.000092200 K_nnz=5269 rhs_cols=1 Vxx_nnz=2601
FILTERDDP_TIMING iteration=61 barrier_iteration=9 stage=5 derivative_s=0.000272400 first_order_s=0.000135000 second_order_s=0.000099700 algebra_s=0.000691600 kkt_assembly_s=0.000128300 factor_s=0.002320000 solve_s=0.001103600 update_s=0.000095700 K_nnz=5269 rhs_cols=1 Vxx_nnz=2601
FILTERDDP_TIMING iteration=61 barrier_iteration=9 stage=4 derivative_s=0.000270000 first_order_s=0.000136700 second_order_s=0.000097100 algebra_s=0.000707800 kkt_assembly_s=0.000127200 factor_s=0.002406500 solve_s=0.001281900 update_s=0.000090200 K_nnz=5269 rhs_cols=1 Vxx_nnz=2601
FILTERDDP_TIMING iteration=61 barrier_iteration=9 stage=3 derivative_s=0.000267400 first_order_s=0.000134500 second_order_s=0.000096300 algebra_s=0.000701900 kkt_assembly_s=0.000128200 factor_s=0.002212700 solve_s=0.001186900 update_s=0.000088800 K_nnz=5269 rhs_cols=1 Vxx_nnz=2601
FILTERDDP_TIMING iteration=61 barrier_iteration=9 stage=2 derivative_s=0.000259300 first_order_s=0.000130400 second_order_s=0.000093800 algebra_s=0.000693900 kkt_assembly_s=0.000120500 factor_s=0.002219100 solve_s=0.001134600 update_s=0.000086600 K_nnz=5269 rhs_cols=1 Vxx_nnz=2601
FILTERDDP_TIMING iteration=61 barrier_iteration=9 stage=1 derivative_s=0.000270300 first_order_s=0.000137800 second_order_s=0.000097100 algebra_s=0.000694700 kkt_assembly_s=0.000124900 factor_s=0.002275600 solve_s=0.001167700 update_s=0.000088600 K_nnz=5269 rhs_cols=1 Vxx_nnz=2601
FILTERDDP_FEASIBILITY iteration=61 barrier_iteration=9 equality_count=3372 equality_rms=3.351703639334e-07 equality_max=6.878758731038e-06 equality_worst_stage=5 equality_worst_index=509 dynamics_count=255 dynamics_rms=0.000000000000e+00 dynamics_max=0.000000000000e+00 dynamics_worst_stage=0 dynamics_worst_index=0 bound_count=4902 bound_rms=0.000000000000e+00 bound_max=0.000000000000e+00 bound_worst_stage=0 bound_worst_index=0 bound_worst_kind=none
    61   3.14311794e+03   6.8788e-06   1.3661e-09   2.1705e-11   -7.25      -     2.5000e-01   0
FILTERDDP_ITER_TIMING iteration=61 barrier_iteration=9 backward_s=0.028549600 forward_s=0.002380300 total_s=0.030929900 outcome=accepted step_size=2.500000000e-01 backtracks=0 mu=5.663422933e-08
FILTERDDP_TIMING iteration=62 barrier_iteration=9 stage=6 derivative_s=0.000269300 first_order_s=0.000115900 second_order_s=0.000118400 algebra_s=0.000800900 kkt_assembly_s=0.000128300 factor_s=0.002092400 solve_s=0.001242400 update_s=0.000092100 K_nnz=5269 rhs_cols=1 Vxx_nnz=2601
FILTERDDP_TIMING iteration=62 barrier_iteration=9 stage=5 derivative_s=0.000267700 first_order_s=0.000134100 second_order_s=0.000097800 algebra_s=0.000859600 kkt_assembly_s=0.000141700 factor_s=0.002509200 solve_s=0.001265800 update_s=0.000092200 K_nnz=5269 rhs_cols=1 Vxx_nnz=2601
FILTERDDP_TIMING iteration=62 barrier_iteration=9 stage=4 derivative_s=0.000271000 first_order_s=0.000134100 second_order_s=0.000100200 algebra_s=0.000694100 kkt_assembly_s=0.000125400 factor_s=0.002407200 solve_s=0.001428300 update_s=0.000121800 K_nnz=5269 rhs_cols=1 Vxx_nnz=2601
FILTERDDP_TIMING iteration=62 barrier_iteration=9 stage=3 derivative_s=0.000312400 first_order_s=0.000143500 second_order_s=0.000114400 algebra_s=0.000793500 kkt_assembly_s=0.000222700 factor_s=0.003064400 solve_s=0.001287400 update_s=0.000092700 K_nnz=5269 rhs_cols=1 Vxx_nnz=2601
FILTERDDP_TIMING iteration=62 barrier_iteration=9 stage=2 derivative_s=0.000267900 first_order_s=0.000133100 second_order_s=0.000097500 algebra_s=0.000714100 kkt_assembly_s=0.000125200 factor_s=0.002290400 solve_s=0.001235000 update_s=0.000093100 K_nnz=5269 rhs_cols=1 Vxx_nnz=2601
FILTERDDP_TIMING iteration=62 barrier_iteration=9 stage=1 derivative_s=0.000274400 first_order_s=0.000133800 second_order_s=0.000104300 algebra_s=0.000704600 kkt_assembly_s=0.000165800 factor_s=0.002370800 solve_s=0.001220400 update_s=0.000089100 K_nnz=5269 rhs_cols=1 Vxx_nnz=2601
FILTERDDP_FEASIBILITY iteration=62 barrier_iteration=9 equality_count=3372 equality_rms=2.542343091961e-07 equality_max=5.235287600755e-06 equality_worst_stage=5 equality_worst_index=509 dynamics_count=255 dynamics_rms=0.000000000000e+00 dynamics_max=0.000000000000e+00 dynamics_worst_stage=0 dynamics_worst_index=0 bound_count=4902 bound_rms=0.000000000000e+00 bound_max=0.000000000000e+00 bound_worst_stage=0 bound_worst_index=0 bound_worst_kind=none
    62   3.14311747e+03   5.2353e-06   1.1866e-09   2.1698e-11   -7.25      -     2.5000e-01   0
FILTERDDP_ITER_TIMING iteration=62 barrier_iteration=9 backward_s=0.030528600 forward_s=0.002483500 total_s=0.033012100 outcome=accepted step_size=2.500000000e-01 backtracks=0 mu=5.663422933e-08
FILTERDDP_TIMING iteration=63 barrier_iteration=9 stage=6 derivative_s=0.000289100 first_order_s=0.000115600 second_order_s=0.000136400 algebra_s=0.000830200 kkt_assembly_s=0.000125000 factor_s=0.002645800 solve_s=0.001244800 update_s=0.000094200 K_nnz=5269 rhs_cols=1 Vxx_nnz=2601
FILTERDDP_TIMING iteration=63 barrier_iteration=9 stage=5 derivative_s=0.000273200 first_order_s=0.000137700 second_order_s=0.000098200 algebra_s=0.000760800 kkt_assembly_s=0.000127500 factor_s=0.002794800 solve_s=0.001255500 update_s=0.000094700 K_nnz=5269 rhs_cols=1 Vxx_nnz=2601
FILTERDDP_TIMING iteration=63 barrier_iteration=9 stage=4 derivative_s=0.000266800 first_order_s=0.000134300 second_order_s=0.000096300 algebra_s=0.000735700 kkt_assembly_s=0.000155900 factor_s=0.002697300 solve_s=0.001383500 update_s=0.000093300 K_nnz=5269 rhs_cols=1 Vxx_nnz=2601
FILTERDDP_TIMING iteration=63 barrier_iteration=9 stage=3 derivative_s=0.000289400 first_order_s=0.000152900 second_order_s=0.000099200 algebra_s=0.000740200 kkt_assembly_s=0.000130100 factor_s=0.002294100 solve_s=0.001299300 update_s=0.000093000 K_nnz=5269 rhs_cols=1 Vxx_nnz=2601
FILTERDDP_TIMING iteration=63 barrier_iteration=9 stage=2 derivative_s=0.000296400 first_order_s=0.000133100 second_order_s=0.000126600 algebra_s=0.000726400 kkt_assembly_s=0.000125300 factor_s=0.002388800 solve_s=0.001452300 update_s=0.000113300 K_nnz=5269 rhs_cols=1 Vxx_nnz=2601
FILTERDDP_TIMING iteration=63 barrier_iteration=9 stage=1 derivative_s=0.000241600 first_order_s=0.000113300 second_order_s=0.000098200 algebra_s=0.000591000 kkt_assembly_s=0.000104500 factor_s=0.001891400 solve_s=0.001205900 update_s=0.000094600 K_nnz=5269 rhs_cols=1 Vxx_nnz=2601
FILTERDDP_FEASIBILITY iteration=63 barrier_iteration=9 equality_count=3372 equality_rms=1.922889222476e-07 equality_max=3.970013388359e-06 equality_worst_stage=5 equality_worst_index=509 dynamics_count=255 dynamics_rms=0.000000000000e+00 dynamics_max=0.000000000000e+00 dynamics_worst_stage=0 dynamics_worst_index=0 bound_count=4902 bound_rms=0.000000000000e+00 bound_max=0.000000000000e+00 bound_worst_stage=0 bound_worst_index=0 bound_worst_kind=none
    63   3.14311711e+03   3.9700e-06   1.0137e-09   2.1691e-11   -7.25      -     2.5000e-01   0
FILTERDDP_ITER_TIMING iteration=63 barrier_iteration=9 backward_s=0.030336900 forward_s=0.002628200 total_s=0.032965100 outcome=accepted step_size=2.500000000e-01 backtracks=0 mu=5.663422933e-08
FILTERDDP_TIMING iteration=64 barrier_iteration=9 stage=6 derivative_s=0.000379100 first_order_s=0.000210100 second_order_s=0.000130500 algebra_s=0.000877900 kkt_assembly_s=0.000128300 factor_s=0.002426200 solve_s=0.001104200 update_s=0.000092600 K_nnz=5269 rhs_cols=1 Vxx_nnz=2601
FILTERDDP_TIMING iteration=64 barrier_iteration=9 stage=5 derivative_s=0.000304000 first_order_s=0.000147100 second_order_s=0.000119600 algebra_s=0.000739900 kkt_assembly_s=0.000142400 factor_s=0.002405600 solve_s=0.001301700 update_s=0.000265100 K_nnz=5269 rhs_cols=1 Vxx_nnz=2601
FILTERDDP_TIMING iteration=64 barrier_iteration=9 stage=4 derivative_s=0.000468200 first_order_s=0.000136200 second_order_s=0.000294700 algebra_s=0.001169000 kkt_assembly_s=0.000189400 factor_s=0.002637000 solve_s=0.001240700 update_s=0.000132000 K_nnz=5269 rhs_cols=1 Vxx_nnz=2601
FILTERDDP_TIMING iteration=64 barrier_iteration=9 stage=3 derivative_s=0.000307100 first_order_s=0.000150600 second_order_s=0.000117800 algebra_s=0.001100700 kkt_assembly_s=0.000194200 factor_s=0.002914400 solve_s=0.001439200 update_s=0.000160000 K_nnz=5269 rhs_cols=1 Vxx_nnz=2601
FILTERDDP_TIMING iteration=64 barrier_iteration=9 stage=2 derivative_s=0.000427300 first_order_s=0.000210300 second_order_s=0.000178900 algebra_s=0.000979300 kkt_assembly_s=0.000185900 factor_s=0.003018800 solve_s=0.001479800 update_s=0.000173700 K_nnz=5269 rhs_cols=1 Vxx_nnz=2601
FILTERDDP_TIMING iteration=64 barrier_iteration=9 stage=1 derivative_s=0.000390600 first_order_s=0.000177600 second_order_s=0.000174500 algebra_s=0.001092700 kkt_assembly_s=0.000179000 factor_s=0.002717400 solve_s=0.001550100 update_s=0.000178800 K_nnz=5269 rhs_cols=1 Vxx_nnz=2601
FILTERDDP_FEASIBILITY iteration=64 barrier_iteration=9 equality_count=3372 equality_rms=1.451266844261e-07 equality_max=3.002150561565e-06 equality_worst_stage=5 equality_worst_index=509 dynamics_count=255 dynamics_rms=0.000000000000e+00 dynamics_max=0.000000000000e+00 dynamics_worst_stage=0 dynamics_worst_index=0 bound_count=4902 bound_rms=0.000000000000e+00 bound_max=0.000000000000e+00 bound_worst_stage=0 bound_worst_index=0 bound_worst_kind=none
    64   3.14311685e+03   3.0022e-06   8.5448e-10   2.1684e-11   -7.25      -     2.5000e-01   0
FILTERDDP_ITER_TIMING iteration=64 barrier_iteration=9 backward_s=0.034907000 forward_s=0.003997800 total_s=0.038904800 outcome=accepted step_size=2.500000000e-01 backtracks=0 mu=5.663422933e-08
FILTERDDP_TIMING iteration=65 barrier_iteration=9 stage=6 derivative_s=0.000463100 first_order_s=0.000180300 second_order_s=0.000244300 algebra_s=0.002157900 kkt_assembly_s=0.000208400 factor_s=0.003085400 solve_s=0.001569100 update_s=0.000173600 K_nnz=5269 rhs_cols=1 Vxx_nnz=2601
FILTERDDP_TIMING iteration=65 barrier_iteration=9 stage=5 derivative_s=0.000454700 first_order_s=0.000208300 second_order_s=0.000192700 algebra_s=0.001267800 kkt_assembly_s=0.000180900 factor_s=0.002825600 solve_s=0.001546000 update_s=0.000373000 K_nnz=5269 rhs_cols=1 Vxx_nnz=2601
FILTERDDP_TIMING iteration=65 barrier_iteration=9 stage=4 derivative_s=0.000460900 first_order_s=0.000209400 second_order_s=0.000212700 algebra_s=0.001296000 kkt_assembly_s=0.000184100 factor_s=0.003203500 solve_s=0.001608000 update_s=0.000154400 K_nnz=5269 rhs_cols=1 Vxx_nnz=2601
FILTERDDP_TIMING iteration=65 barrier_iteration=9 stage=3 derivative_s=0.000655100 first_order_s=0.000208500 second_order_s=0.000391400 algebra_s=0.001345800 kkt_assembly_s=0.000180900 factor_s=0.003308000 solve_s=0.001687500 update_s=0.000172000 K_nnz=5269 rhs_cols=1 Vxx_nnz=2601
FILTERDDP_TIMING iteration=65 barrier_iteration=9 stage=2 derivative_s=0.000449600 first_order_s=0.000195500 second_order_s=0.000197900 algebra_s=0.001516600 kkt_assembly_s=0.000208400 factor_s=0.002905500 solve_s=0.001457400 update_s=0.000175900 K_nnz=5269 rhs_cols=1 Vxx_nnz=2601
FILTERDDP_TIMING iteration=65 barrier_iteration=9 stage=1 derivative_s=0.000559200 first_order_s=0.000294000 second_order_s=0.000219300 algebra_s=0.001259400 kkt_assembly_s=0.000195000 factor_s=0.002430800 solve_s=0.001570400 update_s=0.000161100 K_nnz=5269 rhs_cols=1 Vxx_nnz=2601
FILTERDDP_FEASIBILITY iteration=65 barrier_iteration=9 equality_count=3372 equality_rms=1.093578635595e-07 equality_max=2.265398924482e-06 equality_worst_stage=5 equality_worst_index=509 dynamics_count=255 dynamics_rms=0.000000000000e+00 dynamics_max=0.000000000000e+00 dynamics_worst_stage=0 dynamics_worst_index=0 bound_count=4902 bound_rms=0.000000000000e+00 bound_max=0.000000000000e+00 bound_worst_stage=0 bound_worst_index=0 bound_worst_kind=none
    65   3.14311665e+03   2.2654e-06   7.1218e-10   2.1677e-11   -7.25      -     2.5000e-01   0
FILTERDDP_ITER_TIMING iteration=65 barrier_iteration=9 backward_s=0.041894100 forward_s=0.003608900 total_s=0.045503000 outcome=accepted step_size=2.500000000e-01 backtracks=0 mu=5.663422933e-08
FILTERDDP_TIMING iteration=66 barrier_iteration=9 stage=6 derivative_s=0.000646600 first_order_s=0.000179400 second_order_s=0.000426300 algebra_s=0.001497200 kkt_assembly_s=0.000216400 factor_s=0.003405100 solve_s=0.001499100 update_s=0.000167800 K_nnz=5269 rhs_cols=1 Vxx_nnz=2601
FILTERDDP_TIMING iteration=66 barrier_iteration=9 stage=5 derivative_s=0.000410600 first_order_s=0.000198100 second_order_s=0.000170900 algebra_s=0.001570300 kkt_assembly_s=0.000216500 factor_s=0.003031900 solve_s=0.001498000 update_s=0.000129800 K_nnz=5269 rhs_cols=1 Vxx_nnz=2601
FILTERDDP_TIMING iteration=66 barrier_iteration=9 stage=4 derivative_s=0.000351500 first_order_s=0.000190800 second_order_s=0.000116000 algebra_s=0.001019400 kkt_assembly_s=0.000213500 factor_s=0.002938000 solve_s=0.001721800 update_s=0.000171100 K_nnz=5269 rhs_cols=1 Vxx_nnz=2601
FILTERDDP_TIMING iteration=66 barrier_iteration=9 stage=3 derivative_s=0.000455200 first_order_s=0.000194900 second_order_s=0.000198100 algebra_s=0.001230100 kkt_assembly_s=0.000201700 factor_s=0.003297700 solve_s=0.001697700 update_s=0.000179800 K_nnz=5269 rhs_cols=1 Vxx_nnz=2601
FILTERDDP_TIMING iteration=66 barrier_iteration=9 stage=2 derivative_s=0.000654300 first_order_s=0.000222700 second_order_s=0.000388600 algebra_s=0.001325200 kkt_assembly_s=0.000208100 factor_s=0.003116500 solve_s=0.001772100 update_s=0.000301500 K_nnz=5269 rhs_cols=1 Vxx_nnz=2601
FILTERDDP_TIMING iteration=66 barrier_iteration=9 stage=1 derivative_s=0.000828200 first_order_s=0.000549800 second_order_s=0.000232400 algebra_s=0.001343900 kkt_assembly_s=0.000202900 factor_s=0.003411500 solve_s=0.001715000 update_s=0.000183900 K_nnz=5269 rhs_cols=1 Vxx_nnz=2601
FILTERDDP_FEASIBILITY iteration=66 barrier_iteration=9 equality_count=3372 equality_rms=8.230709464742e-08 equality_max=1.706659364624e-06 equality_worst_stage=5 equality_worst_index=509 dynamics_count=255 dynamics_rms=0.000000000000e+00 dynamics_max=0.000000000000e+00 dynamics_worst_stage=0 dynamics_worst_index=0 bound_count=4902 bound_rms=0.000000000000e+00 bound_max=0.000000000000e+00 bound_worst_stage=0 bound_worst_index=0 bound_worst_kind=none
    66   3.14311650e+03   1.7067e-06   5.8799e-10   2.1670e-11   -7.25      -     2.5000e-01   0
FILTERDDP_ITER_TIMING iteration=66 barrier_iteration=9 backward_s=0.043333500 forward_s=0.004786400 total_s=0.048119900 outcome=accepted step_size=2.500000000e-01 backtracks=0 mu=5.663422933e-08
FILTERDDP_TIMING iteration=67 barrier_iteration=9 stage=6 derivative_s=0.000986600 first_order_s=0.000291200 second_order_s=0.000640900 algebra_s=0.001663800 kkt_assembly_s=0.000225900 factor_s=0.002937900 solve_s=0.001882700 update_s=0.000198500 K_nnz=5269 rhs_cols=1 Vxx_nnz=2601
FILTERDDP_TIMING iteration=67 barrier_iteration=9 stage=5 derivative_s=0.000589000 first_order_s=0.000305400 second_order_s=0.000237300 algebra_s=0.001359500 kkt_assembly_s=0.000528200 factor_s=0.003370300 solve_s=0.001681200 update_s=0.000173900 K_nnz=5269 rhs_cols=1 Vxx_nnz=2601
FILTERDDP_TIMING iteration=67 barrier_iteration=9 stage=4 derivative_s=0.000504000 first_order_s=0.000224000 second_order_s=0.000220300 algebra_s=0.001402400 kkt_assembly_s=0.000196800 factor_s=0.003307200 solve_s=0.001710600 update_s=0.000193300 K_nnz=5269 rhs_cols=1 Vxx_nnz=2601
FILTERDDP_TIMING iteration=67 barrier_iteration=9 stage=3 derivative_s=0.000635800 first_order_s=0.000386500 second_order_s=0.000205700 algebra_s=0.001293000 kkt_assembly_s=0.000190500 factor_s=0.002774200 solve_s=0.001805300 update_s=0.000190600 K_nnz=5269 rhs_cols=1 Vxx_nnz=2601
FILTERDDP_TIMING iteration=67 barrier_iteration=9 stage=2 derivative_s=0.000676800 first_order_s=0.000391300 second_order_s=0.000225800 algebra_s=0.001359200 kkt_assembly_s=0.000218100 factor_s=0.003641600 solve_s=0.001767600 update_s=0.000242400 K_nnz=5269 rhs_cols=1 Vxx_nnz=2601
FILTERDDP_TIMING iteration=67 barrier_iteration=9 stage=1 derivative_s=0.000636300 first_order_s=0.000269200 second_order_s=0.000319300 algebra_s=0.001639800 kkt_assembly_s=0.000213400 factor_s=0.002767500 solve_s=0.001745300 update_s=0.000186300 K_nnz=5269 rhs_cols=1 Vxx_nnz=2601
FILTERDDP_FEASIBILITY iteration=67 barrier_iteration=9 equality_count=3372 equality_rms=6.189257350288e-08 equality_max=1.284131348444e-06 equality_worst_stage=5 equality_worst_index=509 dynamics_count=255 dynamics_rms=0.000000000000e+00 dynamics_max=0.000000000000e+00 dynamics_worst_stage=0 dynamics_worst_index=0 bound_count=4902 bound_rms=0.000000000000e+00 bound_max=0.000000000000e+00 bound_worst_stage=0 bound_worst_index=0 bound_worst_kind=none
    67   3.14311639e+03   1.2841e-06   4.8154e-10   2.1663e-11   -7.25      -     2.5000e-01   0
FILTERDDP_ITER_TIMING iteration=67 barrier_iteration=9 backward_s=0.045381700 forward_s=0.004541000 total_s=0.049922700 outcome=accepted step_size=2.500000000e-01 backtracks=0 mu=5.663422933e-08
FILTERDDP_TIMING iteration=68 barrier_iteration=9 stage=6 derivative_s=0.000979200 first_order_s=0.000604600 second_order_s=0.000323200 algebra_s=0.001508400 kkt_assembly_s=0.000331000 factor_s=0.003323900 solve_s=0.001847400 update_s=0.000176200 K_nnz=5269 rhs_cols=1 Vxx_nnz=2601
FILTERDDP_TIMING iteration=68 barrier_iteration=9 stage=5 derivative_s=0.000715800 first_order_s=0.000429400 second_order_s=0.000221800 algebra_s=0.001328700 kkt_assembly_s=0.000217600 factor_s=0.002930100 solve_s=0.001837400 update_s=0.000230000 K_nnz=5269 rhs_cols=1 Vxx_nnz=2601
FILTERDDP_TIMING iteration=68 barrier_iteration=9 stage=4 derivative_s=0.000576800 first_order_s=0.000263300 second_order_s=0.000265100 algebra_s=0.001703700 kkt_assembly_s=0.000257800 factor_s=0.003475000 solve_s=0.001612500 update_s=0.000247500 K_nnz=5269 rhs_cols=1 Vxx_nnz=2601
FILTERDDP_TIMING iteration=68 barrier_iteration=9 stage=3 derivative_s=0.000683000 first_order_s=0.000317800 second_order_s=0.000301400 algebra_s=0.001543300 kkt_assembly_s=0.000414900 factor_s=0.003511400 solve_s=0.001564600 update_s=0.000179300 K_nnz=5269 rhs_cols=1 Vxx_nnz=2601
FILTERDDP_TIMING iteration=68 barrier_iteration=9 stage=2 derivative_s=0.000486700 first_order_s=0.000208300 second_order_s=0.000217700 algebra_s=0.001486900 kkt_assembly_s=0.000205600 factor_s=0.002950600 solve_s=0.001913000 update_s=0.000216900 K_nnz=5269 rhs_cols=1 Vxx_nnz=2601
FILTERDDP_TIMING iteration=68 barrier_iteration=9 stage=1 derivative_s=0.000687100 first_order_s=0.000420900 second_order_s=0.000222000 algebra_s=0.001341800 kkt_assembly_s=0.000200500 factor_s=0.003364900 solve_s=0.001902800 update_s=0.000315200 K_nnz=5269 rhs_cols=1 Vxx_nnz=2601
FILTERDDP_FEASIBILITY iteration=68 barrier_iteration=9 equality_count=3372 equality_rms=4.651045485950e-08 equality_max=9.653123117983e-07 equality_worst_stage=5 equality_worst_index=509 dynamics_count=255 dynamics_rms=0.000000000000e+00 dynamics_max=0.000000000000e+00 dynamics_worst_stage=0 dynamics_worst_index=0 bound_count=4902 bound_rms=0.000000000000e+00 bound_max=0.000000000000e+00 bound_worst_stage=0 bound_worst_index=0 bound_worst_kind=none
FILTERDDP_ITER_TIMING iteration=68 barrier_iteration=9 backward_s=0.046851300 forward_s=0.000000000 total_s=0.046851300 outcome=near_optimal step_size=2.500000000e-01 backtracks=0 mu=5.663422933e-08
    68   3.14311631e+03   9.6531e-07   3.9163e-10   2.1657e-11   -7.25      -     2.5000e-01   0
FILTERDDP_NEAR_OPT iteration=68 elapsed_s=22.914 objective=3143.116309921633 reference=3143.115906497067 rel_gap=1.284e-07 primal_inf=9.653e-07 dual_inf=3.916e-10 mu=5.663e-08
    68   3.14311631e+03   9.6531e-07   3.9163e-10   2.1657e-11   -7.25      -     2.5000e-01   0


EXIT: Near-optimal: feasible and within the gap of the centralized reference.

solve complete: 25.110 s, iterations=68, status=9
final residuals: primal=9.653123117983e-07 dual=3.916286170367e-10 complementarity=2.165652754043e-11
solution_write_skipped=1
FilterDDP objective=3143.116309921633 max_equality_residual=9.653e-07
Ipopt objective=2973.553340644326 objective_gap=1.696e+02
max_abs_diff[P_Subs]=3.804e-01
max_abs_diff[Q_Subs]=4.004e-02
max_abs_diff[P]=3.804e-01
max_abs_diff[Q]=4.004e-02
max_abs_diff[v]=1.972e-02
max_abs_diff[ell]=5.779e-01
max_abs_diff[P_B]=1.058e-02
max_abs_diff[B]=2.773e-02
max_abs_diff[q_D]=3.503e-03
