C_B OVERRIDE: 0.001
ieee123C_1ph T=6: nx=51, nu=791, nc=562, dense nu^2=625681, reduced=229
TERMINAL_SOC soft=1 gamma=1.750000e+04
build complete: 2.344 s, nc=562
constructing dynamic Solver storage...
optimality_tolerance=1.000e-07 max_iterations=400
Solver construction complete: 0.296 s
entering solve! ...
[31;1m   
 _____ _ _ _            ____  ____  ____  
|  ___(_) | |_ ___ _ __|  _ \|  _ \|  _ \ 
| |_  | | | __/ _ \ '__| | | | | | | |_) |
|  _| | | | ||  __/ |  | |_| | |_| |  __/ 
|_|   |_|_|\__\___|_|  |____/|____/|_|                 
    
[0mFILTERDDP_TIMING iteration=0 barrier_iteration=0 stage=6 derivative_s=0.295311200 first_order_s=0.062722800 second_order_s=0.116493600 algebra_s=1.544922600 kkt_assembly_s=1.564428200 factor_s=0.307852200 solve_s=0.420830500 update_s=0.813593100 K_nnz=5269 rhs_cols=52 Vxx_nnz=2601
FILTERDDP_TIMING iteration=0 barrier_iteration=0 stage=5 derivative_s=0.032051700 first_order_s=0.020864800 second_order_s=0.011135800 algebra_s=0.000297700 kkt_assembly_s=0.000762700 factor_s=0.002135500 solve_s=0.000520300 update_s=0.000203100 K_nnz=5269 rhs_cols=52 Vxx_nnz=2601
FILTERDDP_TIMING iteration=0 barrier_iteration=0 stage=4 derivative_s=0.000164000 first_order_s=0.000080200 second_order_s=0.000053400 algebra_s=0.000305200 kkt_assembly_s=0.000674400 factor_s=0.002107300 solve_s=0.000539800 update_s=0.000165600 K_nnz=5269 rhs_cols=52 Vxx_nnz=2601
FILTERDDP_TIMING iteration=0 barrier_iteration=0 stage=3 derivative_s=0.000140400 first_order_s=0.000070500 second_order_s=0.000046700 algebra_s=0.000295700 kkt_assembly_s=0.000761600 factor_s=0.001997900 solve_s=0.000468200 update_s=0.000119500 K_nnz=5269 rhs_cols=52 Vxx_nnz=2601
FILTERDDP_TIMING iteration=0 barrier_iteration=0 stage=2 derivative_s=0.000139800 first_order_s=0.000061300 second_order_s=0.000061700 algebra_s=0.000296100 kkt_assembly_s=0.000881200 factor_s=0.001901700 solve_s=0.000497500 update_s=0.000140100 K_nnz=5269 rhs_cols=52 Vxx_nnz=2601
FILTERDDP_TIMING iteration=0 barrier_iteration=0 stage=1 derivative_s=0.000113900 first_order_s=0.000057700 second_order_s=0.000041500 algebra_s=0.000254300 kkt_assembly_s=0.000883700 factor_s=0.001998300 solve_s=0.000565800 update_s=0.000142500 K_nnz=5269 rhs_cols=52 Vxx_nnz=2601
FILTERDDP_FEASIBILITY iteration=0 barrier_iteration=0 equality_count=3372 equality_rms=4.305296482273e-02 equality_max=1.000000000000e+00 equality_worst_stage=6 equality_worst_index=1 dynamics_count=255 dynamics_rms=0.000000000000e+00 dynamics_max=0.000000000000e+00 dynamics_worst_stage=0 dynamics_worst_index=0 bound_count=4902 bound_rms=0.000000000000e+00 bound_max=0.000000000000e+00 bound_worst_stage=0 bound_worst_index=0 bound_worst_kind=none
  iter     objective        pr_inf       du_inf       cs_inf     lg(μ)   lg(reg)    alpha     ls
     0   3.36000000e+03   1.0000e+00   7.6685e+02   1.0000e+00    0.00      -     0.0000e+00   0
FILTERDDP_ITER_TIMING iteration=0 barrier_iteration=0 backward_s=13.963177700 forward_s=0.795082500 total_s=14.758260200 outcome=accepted step_size=6.250000000e-02 backtracks=0 mu=1.000000000e+00
FILTERDDP_TIMING iteration=1 barrier_iteration=0 stage=6 derivative_s=0.000160900 first_order_s=0.000073000 second_order_s=0.000051700 algebra_s=0.000318800 kkt_assembly_s=0.008621200 factor_s=0.001877700 solve_s=0.000552100 update_s=0.000171000 K_nnz=5269 rhs_cols=52 Vxx_nnz=2601
FILTERDDP_TIMING iteration=1 barrier_iteration=0 stage=5 derivative_s=0.000162100 first_order_s=0.000072700 second_order_s=0.000050300 algebra_s=0.000268300 kkt_assembly_s=0.000237000 factor_s=0.002054200 solve_s=0.000486700 update_s=0.000126600 K_nnz=5269 rhs_cols=52 Vxx_nnz=2601
FILTERDDP_TIMING iteration=1 barrier_iteration=0 stage=4 derivative_s=0.000128200 first_order_s=0.000062100 second_order_s=0.000046100 algebra_s=0.000261700 kkt_assembly_s=0.000176200 factor_s=0.002270600 solve_s=0.000469000 update_s=0.000136900 K_nnz=5269 rhs_cols=52 Vxx_nnz=2601
FILTERDDP_TIMING iteration=1 barrier_iteration=0 stage=3 derivative_s=0.000128100 first_order_s=0.000064600 second_order_s=0.000043400 algebra_s=0.000280600 kkt_assembly_s=0.000192000 factor_s=0.002068600 solve_s=0.000445300 update_s=0.000115300 K_nnz=5269 rhs_cols=52 Vxx_nnz=2601
FILTERDDP_TIMING iteration=1 barrier_iteration=0 stage=2 derivative_s=0.000133400 first_order_s=0.000060700 second_order_s=0.000056000 algebra_s=0.000290800 kkt_assembly_s=0.000196200 factor_s=0.001887300 solve_s=0.000432200 update_s=0.000108300 K_nnz=5269 rhs_cols=52 Vxx_nnz=2601
FILTERDDP_TIMING iteration=1 barrier_iteration=0 stage=1 derivative_s=0.000122800 first_order_s=0.000055900 second_order_s=0.000051200 algebra_s=0.000280600 kkt_assembly_s=0.000185600 factor_s=0.002074400 solve_s=0.000439400 update_s=0.000107300 K_nnz=5269 rhs_cols=52 Vxx_nnz=2601
FILTERDDP_FEASIBILITY iteration=1 barrier_iteration=0 equality_count=3372 equality_rms=4.045265184342e-02 equality_max=9.375000000000e-01 equality_worst_stage=1 equality_worst_index=1 dynamics_count=255 dynamics_rms=0.000000000000e+00 dynamics_max=0.000000000000e+00 dynamics_worst_stage=0 dynamics_worst_index=0 bound_count=4902 bound_rms=0.000000000000e+00 bound_max=0.000000000000e+00 bound_worst_stage=0 bound_worst_index=0 bound_worst_kind=none
     1   3.51197761e+03   9.3750e-01   7.1892e+02   1.0000e+00    0.00      -     6.2500e-02   0
FILTERDDP_ITER_TIMING iteration=1 barrier_iteration=0 backward_s=0.028405500 forward_s=0.000650200 total_s=0.029055700 outcome=accepted step_size=1.250000000e-01 backtracks=0 mu=1.000000000e+00
FILTERDDP_TIMING iteration=2 barrier_iteration=0 stage=6 derivative_s=0.000146700 first_order_s=0.000065200 second_order_s=0.000067100 algebra_s=0.000343500 kkt_assembly_s=0.000322500 factor_s=0.001861000 solve_s=0.000570400 update_s=0.000193800 K_nnz=5269 rhs_cols=52 Vxx_nnz=2601
FILTERDDP_TIMING iteration=2 barrier_iteration=0 stage=5 derivative_s=0.000120800 first_order_s=0.000058700 second_order_s=0.000046700 algebra_s=0.000299700 kkt_assembly_s=0.000191700 factor_s=0.015731200 solve_s=0.000507100 update_s=0.000135900 K_nnz=5269 rhs_cols=52 Vxx_nnz=2601
FILTERDDP_TIMING iteration=2 barrier_iteration=0 stage=4 derivative_s=0.000120300 first_order_s=0.000059500 second_order_s=0.000045200 algebra_s=0.000254700 kkt_assembly_s=0.000167900 factor_s=0.001878200 solve_s=0.000485700 update_s=0.000107500 K_nnz=5269 rhs_cols=52 Vxx_nnz=2601
FILTERDDP_TIMING iteration=2 barrier_iteration=0 stage=3 derivative_s=0.000113000 first_order_s=0.000055900 second_order_s=0.000042000 algebra_s=0.000255700 kkt_assembly_s=0.000169600 factor_s=0.001988000 solve_s=0.000431200 update_s=0.000110500 K_nnz=5269 rhs_cols=52 Vxx_nnz=2601
FILTERDDP_TIMING iteration=2 barrier_iteration=0 stage=2 derivative_s=0.000114300 first_order_s=0.000056400 second_order_s=0.000043400 algebra_s=0.000243000 kkt_assembly_s=0.000168700 factor_s=0.001854600 solve_s=0.000433900 update_s=0.000096300 K_nnz=5269 rhs_cols=52 Vxx_nnz=2601
FILTERDDP_TIMING iteration=2 barrier_iteration=0 stage=1 derivative_s=0.000106700 first_order_s=0.000051300 second_order_s=0.000041600 algebra_s=0.000270200 kkt_assembly_s=0.000168700 factor_s=0.001832200 solve_s=0.000430300 update_s=0.000107000 K_nnz=5269 rhs_cols=52 Vxx_nnz=2601
FILTERDDP_FEASIBILITY iteration=2 barrier_iteration=0 equality_count=3372 equality_rms=3.615947602929e-02 equality_max=8.203125000000e-01 equality_worst_stage=3 equality_worst_index=1 dynamics_count=255 dynamics_rms=0.000000000000e+00 dynamics_max=0.000000000000e+00 dynamics_worst_stage=0 dynamics_worst_index=0 bound_count=4902 bound_rms=0.000000000000e+00 bound_max=0.000000000000e+00 bound_worst_stage=0 bound_worst_index=0 bound_worst_kind=none
     2   3.76919425e+03   8.2031e-01   6.2905e+02   1.0000e+00    0.00      -     1.2500e-01   0
FILTERDDP_ITER_TIMING iteration=2 barrier_iteration=0 backward_s=0.032732800 forward_s=0.000555100 total_s=0.033287900 outcome=accepted step_size=2.500000000e-01 backtracks=0 mu=1.000000000e+00
FILTERDDP_TIMING iteration=3 barrier_iteration=0 stage=6 derivative_s=0.000108000 first_order_s=0.000045000 second_order_s=0.000050200 algebra_s=0.000272300 kkt_assembly_s=0.000247900 factor_s=0.001827900 solve_s=0.000527700 update_s=0.000127200 K_nnz=5269 rhs_cols=52 Vxx_nnz=2601
FILTERDDP_TIMING iteration=3 barrier_iteration=0 stage=5 derivative_s=0.000109400 first_order_s=0.000054500 second_order_s=0.000041200 algebra_s=0.000237400 kkt_assembly_s=0.000168400 factor_s=0.001853100 solve_s=0.000457800 update_s=0.000109300 K_nnz=5269 rhs_cols=52 Vxx_nnz=2601
FILTERDDP_TIMING iteration=3 barrier_iteration=0 stage=4 derivative_s=0.000109800 first_order_s=0.000055400 second_order_s=0.000041000 algebra_s=0.000240300 kkt_assembly_s=0.000183800 factor_s=0.002134700 solve_s=0.000453400 update_s=0.000106300 K_nnz=5269 rhs_cols=52 Vxx_nnz=2601
FILTERDDP_TIMING iteration=3 barrier_iteration=0 stage=3 derivative_s=0.000154500 first_order_s=0.000092800 second_order_s=0.000045900 algebra_s=0.000254300 kkt_assembly_s=0.000185400 factor_s=0.001877800 solve_s=0.000434100 update_s=0.000107200 K_nnz=5269 rhs_cols=52 Vxx_nnz=2601
FILTERDDP_TIMING iteration=3 barrier_iteration=0 stage=2 derivative_s=0.000115700 first_order_s=0.000061800 second_order_s=0.000039900 algebra_s=0.000252600 kkt_assembly_s=0.000167800 factor_s=0.001867100 solve_s=0.000459300 update_s=0.000094900 K_nnz=5269 rhs_cols=52 Vxx_nnz=2601
FILTERDDP_TIMING iteration=3 barrier_iteration=0 stage=1 derivative_s=0.000101500 first_order_s=0.000050100 second_order_s=0.000038800 algebra_s=0.000281800 kkt_assembly_s=0.000223100 factor_s=0.002821600 solve_s=0.000684200 update_s=0.000151500 K_nnz=5269 rhs_cols=52 Vxx_nnz=2601
FILTERDDP_FEASIBILITY iteration=3 barrier_iteration=0 equality_count=3372 equality_rms=3.137346529022e-02 equality_max=6.152343750000e-01 equality_worst_stage=3 equality_worst_index=1 dynamics_count=255 dynamics_rms=0.000000000000e+00 dynamics_max=0.000000000000e+00 dynamics_worst_stage=0 dynamics_worst_index=0 bound_count=4902 bound_rms=0.000000000000e+00 bound_max=0.000000000000e+00 bound_worst_stage=0 bound_worst_index=0 bound_worst_kind=none
     3   3.99149838e+03   6.1523e-01   4.7179e+02   9.9998e-01    0.00      -     2.5000e-01   0
FILTERDDP_ITER_TIMING iteration=3 barrier_iteration=0 backward_s=0.019911000 forward_s=0.008018600 total_s=0.027929600 outcome=accepted step_size=2.500000000e-01 backtracks=0 mu=1.000000000e+00
FILTERDDP_TIMING iteration=4 barrier_iteration=0 stage=6 derivative_s=0.000110500 first_order_s=0.000046500 second_order_s=0.000048400 algebra_s=0.000260800 kkt_assembly_s=0.000186400 factor_s=0.001889600 solve_s=0.000465500 update_s=0.000109300 K_nnz=5269 rhs_cols=52 Vxx_nnz=2601
FILTERDDP_TIMING iteration=4 barrier_iteration=0 stage=5 derivative_s=0.000112000 first_order_s=0.000054700 second_order_s=0.000043100 algebra_s=0.000250700 kkt_assembly_s=0.000168500 factor_s=0.001943800 solve_s=0.000462000 update_s=0.000112800 K_nnz=5269 rhs_cols=52 Vxx_nnz=2601
FILTERDDP_TIMING iteration=4 barrier_iteration=0 stage=4 derivative_s=0.000119000 first_order_s=0.000055300 second_order_s=0.000045000 algebra_s=0.000254100 kkt_assembly_s=0.000173400 factor_s=0.001844400 solve_s=0.000442200 update_s=0.000094200 K_nnz=5269 rhs_cols=52 Vxx_nnz=2601
FILTERDDP_TIMING iteration=4 barrier_iteration=0 stage=3 derivative_s=0.000106200 first_order_s=0.000053100 second_order_s=0.000040200 algebra_s=0.000233900 kkt_assembly_s=0.000165300 factor_s=0.001883100 solve_s=0.000472800 update_s=0.000106000 K_nnz=5269 rhs_cols=52 Vxx_nnz=2601
FILTERDDP_TIMING iteration=4 barrier_iteration=0 stage=2 derivative_s=0.000105400 first_order_s=0.000052600 second_order_s=0.000039600 algebra_s=0.000242100 kkt_assembly_s=0.000168700 factor_s=0.001873400 solve_s=0.000445100 update_s=0.000111000 K_nnz=5269 rhs_cols=52 Vxx_nnz=2601
FILTERDDP_TIMING iteration=4 barrier_iteration=0 stage=1 derivative_s=0.000120200 first_order_s=0.000052900 second_order_s=0.000053800 algebra_s=0.000258500 kkt_assembly_s=0.000169800 factor_s=0.001851000 solve_s=0.000431900 update_s=0.000104300 K_nnz=5269 rhs_cols=52 Vxx_nnz=2601
FILTERDDP_FEASIBILITY iteration=4 barrier_iteration=0 equality_count=3372 equality_rms=2.589450168372e-02 equality_max=4.614257812500e-01 equality_worst_stage=3 equality_worst_index=1 dynamics_count=255 dynamics_rms=0.000000000000e+00 dynamics_max=0.000000000000e+00 dynamics_worst_stage=0 dynamics_worst_index=0 bound_count=4902 bound_rms=0.000000000000e+00 bound_max=0.000000000000e+00 bound_worst_stage=0 bound_worst_index=0 bound_worst_kind=none
     4   4.09079774e+03   4.6143e-01   3.5384e+02   9.9997e-01    0.00      -     2.5000e-01   0
FILTERDDP_ITER_TIMING iteration=4 barrier_iteration=0 backward_s=0.018217100 forward_s=0.000509100 total_s=0.018726200 outcome=accepted step_size=5.000000000e-01 backtracks=0 mu=1.000000000e+00
FILTERDDP_TIMING iteration=5 barrier_iteration=0 stage=6 derivative_s=0.000104700 first_order_s=0.000046100 second_order_s=0.000046200 algebra_s=0.000289500 kkt_assembly_s=0.000213700 factor_s=0.001900300 solve_s=0.000524800 update_s=0.000151900 K_nnz=5269 rhs_cols=52 Vxx_nnz=2601
FILTERDDP_TIMING iteration=5 barrier_iteration=0 stage=5 derivative_s=0.000118900 first_order_s=0.000053400 second_order_s=0.000051500 algebra_s=0.000249300 kkt_assembly_s=0.000172900 factor_s=0.001869800 solve_s=0.000479700 update_s=0.000099800 K_nnz=5269 rhs_cols=52 Vxx_nnz=2601
FILTERDDP_TIMING iteration=5 barrier_iteration=0 stage=4 derivative_s=0.000108400 first_order_s=0.000054200 second_order_s=0.000041300 algebra_s=0.000247900 kkt_assembly_s=0.000164800 factor_s=0.001947600 solve_s=0.000474700 update_s=0.000113700 K_nnz=5269 rhs_cols=52 Vxx_nnz=2601
FILTERDDP_TIMING iteration=5 barrier_iteration=0 stage=3 derivative_s=0.000108800 first_order_s=0.000054200 second_order_s=0.000041500 algebra_s=0.002355800 kkt_assembly_s=0.000168900 factor_s=0.001935300 solve_s=0.000460100 update_s=0.000095900 K_nnz=5269 rhs_cols=52 Vxx_nnz=2601
FILTERDDP_TIMING iteration=5 barrier_iteration=0 stage=2 derivative_s=0.000100500 first_order_s=0.000049300 second_order_s=0.000038500 algebra_s=0.000224200 kkt_assembly_s=0.000166600 factor_s=0.001939000 solve_s=0.000434900 update_s=0.000106100 K_nnz=5269 rhs_cols=52 Vxx_nnz=2601
FILTERDDP_TIMING iteration=5 barrier_iteration=0 stage=1 derivative_s=0.000118000 first_order_s=0.000063500 second_order_s=0.000041000 algebra_s=0.000234000 kkt_assembly_s=0.000166700 factor_s=0.001836500 solve_s=0.000442800 update_s=0.000094500 K_nnz=5269 rhs_cols=52 Vxx_nnz=2601
FILTERDDP_FEASIBILITY iteration=5 barrier_iteration=0 equality_count=3372 equality_rms=1.936354786625e-02 equality_max=2.307128906250e-01 equality_worst_stage=3 equality_worst_index=1 dynamics_count=255 dynamics_rms=0.000000000000e+00 dynamics_max=0.000000000000e+00 dynamics_worst_stage=0 dynamics_worst_index=0 bound_count=4902 bound_rms=0.000000000000e+00 bound_max=0.000000000000e+00 bound_worst_stage=0 bound_worst_index=0 bound_worst_kind=none
     5   4.22204307e+03   2.3071e-01   1.7692e+02   9.9996e-01    0.00      -     5.0000e-01   0
FILTERDDP_ITER_TIMING iteration=5 barrier_iteration=0 backward_s=0.020604600 forward_s=0.000489600 total_s=0.021094200 outcome=accepted step_size=5.000000000e-01 backtracks=0 mu=1.000000000e+00
FILTERDDP_TIMING iteration=6 barrier_iteration=0 stage=6 derivative_s=0.000105000 first_order_s=0.000044600 second_order_s=0.000047800 algebra_s=0.000260200 kkt_assembly_s=0.000206000 factor_s=0.001882100 solve_s=0.000506900 update_s=0.000117700 K_nnz=5269 rhs_cols=52 Vxx_nnz=2601
FILTERDDP_TIMING iteration=6 barrier_iteration=0 stage=5 derivative_s=0.000108400 first_order_s=0.000055200 second_order_s=0.000039700 algebra_s=0.000252200 kkt_assembly_s=0.000158200 factor_s=0.001841200 solve_s=0.000442900 update_s=0.000105900 K_nnz=5269 rhs_cols=52 Vxx_nnz=2601
FILTERDDP_TIMING iteration=6 barrier_iteration=0 stage=4 derivative_s=0.000106500 first_order_s=0.000052600 second_order_s=0.000040700 algebra_s=0.000254300 kkt_assembly_s=0.000179200 factor_s=0.001846800 solve_s=0.000440900 update_s=0.000105900 K_nnz=5269 rhs_cols=52 Vxx_nnz=2601
FILTERDDP_TIMING iteration=6 barrier_iteration=0 stage=3 derivative_s=0.000106500 first_order_s=0.000053400 second_order_s=0.000040100 algebra_s=0.000241500 kkt_assembly_s=0.000165300 factor_s=0.001914300 solve_s=0.000469600 update_s=0.000108300 K_nnz=5269 rhs_cols=52 Vxx_nnz=2601
FILTERDDP_TIMING iteration=6 barrier_iteration=0 stage=2 derivative_s=0.000112800 first_order_s=0.000056900 second_order_s=0.000042100 algebra_s=0.001963300 kkt_assembly_s=0.000140400 factor_s=0.001795300 solve_s=0.000437500 update_s=0.000104000 K_nnz=5269 rhs_cols=52 Vxx_nnz=2601
FILTERDDP_TIMING iteration=6 barrier_iteration=0 stage=1 derivative_s=0.000104700 first_order_s=0.000050300 second_order_s=0.000041000 algebra_s=0.000248200 kkt_assembly_s=0.000168500 factor_s=0.001859000 solve_s=0.000453400 update_s=0.000093500 K_nnz=5269 rhs_cols=52 Vxx_nnz=2601
FILTERDDP_FEASIBILITY iteration=6 barrier_iteration=0 equality_count=3372 equality_rms=1.118963786184e-02 equality_max=1.345555752300e-01 equality_worst_stage=5 equality_worst_index=385 dynamics_count=255 dynamics_rms=0.000000000000e+00 dynamics_max=0.000000000000e+00 dynamics_worst_stage=0 dynamics_worst_index=0 bound_count=4902 bound_rms=0.000000000000e+00 bound_max=0.000000000000e+00 bound_worst_stage=0 bound_worst_index=0 bound_worst_kind=none
     6   4.28099843e+03   1.3456e-01   8.8461e+01   9.9998e-01    0.00      -     5.0000e-01   0
FILTERDDP_ITER_TIMING iteration=6 barrier_iteration=0 backward_s=0.019796800 forward_s=0.000507200 total_s=0.020304000 outcome=accepted step_size=5.000000000e-01 backtracks=0 mu=1.000000000e+00
FILTERDDP_TIMING iteration=7 barrier_iteration=0 stage=6 derivative_s=0.000106300 first_order_s=0.000045100 second_order_s=0.000048500 algebra_s=0.000265000 kkt_assembly_s=0.000186800 factor_s=0.001922800 solve_s=0.000521800 update_s=0.000099400 K_nnz=5269 rhs_cols=52 Vxx_nnz=2601
FILTERDDP_TIMING iteration=7 barrier_iteration=0 stage=5 derivative_s=0.000103700 first_order_s=0.000050700 second_order_s=0.000039200 algebra_s=0.000252100 kkt_assembly_s=0.000169700 factor_s=0.001899700 solve_s=0.000448200 update_s=0.000093000 K_nnz=5269 rhs_cols=52 Vxx_nnz=2601
FILTERDDP_TIMING iteration=7 barrier_iteration=0 stage=4 derivative_s=0.000137300 first_order_s=0.000056000 second_order_s=0.000063100 algebra_s=0.000389500 kkt_assembly_s=0.000174000 factor_s=0.001843000 solve_s=0.000440900 update_s=0.000095400 K_nnz=5269 rhs_cols=52 Vxx_nnz=2601
FILTERDDP_TIMING iteration=7 barrier_iteration=0 stage=3 derivative_s=0.000115800 first_order_s=0.000052900 second_order_s=0.000050100 algebra_s=0.000222900 kkt_assembly_s=0.000157200 factor_s=0.048844500 solve_s=0.000567600 update_s=0.000166600 K_nnz=5269 rhs_cols=52 Vxx_nnz=2601
FILTERDDP_TIMING iteration=7 barrier_iteration=0 stage=2 derivative_s=0.000149300 first_order_s=0.000077500 second_order_s=0.000050200 algebra_s=0.000261200 kkt_assembly_s=0.000194700 factor_s=0.001946600 solve_s=0.000487100 update_s=0.000122300 K_nnz=5269 rhs_cols=52 Vxx_nnz=2601
FILTERDDP_TIMING iteration=7 barrier_iteration=0 stage=1 derivative_s=0.000122200 first_order_s=0.000061000 second_order_s=0.000043900 algebra_s=0.000250600 kkt_assembly_s=0.000196800 factor_s=0.001890900 solve_s=0.000467300 update_s=0.000109100 K_nnz=5269 rhs_cols=52 Vxx_nnz=2601
FILTERDDP_FEASIBILITY iteration=7 barrier_iteration=0 equality_count=3372 equality_rms=5.946516239230e-03 equality_max=7.350693785650e-02 equality_worst_stage=5 equality_worst_index=385 dynamics_count=255 dynamics_rms=0.000000000000e+00 dynamics_max=0.000000000000e+00 dynamics_worst_stage=0 dynamics_worst_index=0 bound_count=4902 bound_rms=0.000000000000e+00 bound_max=0.000000000000e+00 bound_worst_stage=0 bound_worst_index=0 bound_worst_kind=none
     7   4.31155457e+03   7.3507e-02   4.4230e+01   9.9999e-01    0.00      -     5.0000e-01   0
FILTERDDP_ITER_TIMING iteration=7 barrier_iteration=0 backward_s=0.065836800 forward_s=0.000539800 total_s=0.066376600 outcome=accepted step_size=5.000000000e-01 backtracks=0 mu=1.000000000e+00
FILTERDDP_TIMING iteration=8 barrier_iteration=0 stage=6 derivative_s=0.000114600 first_order_s=0.000048900 second_order_s=0.000051300 algebra_s=0.000273800 kkt_assembly_s=0.000196700 factor_s=0.002055400 solve_s=0.000582200 update_s=0.000140500 K_nnz=5269 rhs_cols=52 Vxx_nnz=2601
FILTERDDP_TIMING iteration=8 barrier_iteration=0 stage=5 derivative_s=0.000123900 first_order_s=0.000060700 second_order_s=0.000047000 algebra_s=0.000298500 kkt_assembly_s=0.000195500 factor_s=0.001966100 solve_s=0.000459000 update_s=0.318592200 K_nnz=5269 rhs_cols=52 Vxx_nnz=2601
FILTERDDP_TIMING iteration=8 barrier_iteration=0 stage=4 derivative_s=0.000156200 first_order_s=0.000080500 second_order_s=0.000050000 algebra_s=0.000268500 kkt_assembly_s=0.000200200 factor_s=0.002010700 solve_s=0.000520400 update_s=0.000125800 K_nnz=5269 rhs_cols=52 Vxx_nnz=2601
FILTERDDP_TIMING iteration=8 barrier_iteration=0 stage=3 derivative_s=0.000123500 first_order_s=0.000060900 second_order_s=0.000043200 algebra_s=0.000245100 kkt_assembly_s=0.000185900 factor_s=0.001874000 solve_s=0.000454100 update_s=0.000097400 K_nnz=5269 rhs_cols=52 Vxx_nnz=2601
FILTERDDP_TIMING iteration=8 barrier_iteration=0 stage=2 derivative_s=0.000107200 first_order_s=0.000052100 second_order_s=0.000040100 algebra_s=0.000226200 kkt_assembly_s=0.000232300 factor_s=0.001968000 solve_s=0.000442000 update_s=0.000108800 K_nnz=5269 rhs_cols=52 Vxx_nnz=2601
FILTERDDP_TIMING iteration=8 barrier_iteration=0 stage=1 derivative_s=0.000111100 first_order_s=0.000055500 second_order_s=0.000040800 algebra_s=0.000257300 kkt_assembly_s=0.000179600 factor_s=0.001931500 solve_s=0.000436200 update_s=0.000109300 K_nnz=5269 rhs_cols=52 Vxx_nnz=2601
FILTERDDP_FEASIBILITY iteration=8 barrier_iteration=0 equality_count=3372 equality_rms=3.388755221532e-03 equality_max=3.831648326689e-02 equality_worst_stage=5 equality_worst_index=385 dynamics_count=255 dynamics_rms=0.000000000000e+00 dynamics_max=0.000000000000e+00 dynamics_worst_stage=0 dynamics_worst_index=0 bound_count=4902 bound_rms=0.000000000000e+00 bound_max=0.000000000000e+00 bound_worst_stage=0 bound_worst_index=0 bound_worst_kind=none
     8   4.32763726e+03   3.8316e-02   2.2115e+01   9.9999e-01    0.00      -     5.0000e-01   0
FILTERDDP_ITER_TIMING iteration=8 barrier_iteration=0 backward_s=0.337789100 forward_s=0.000525700 total_s=0.338314800 outcome=accepted step_size=5.000000000e-01 backtracks=0 mu=1.000000000e+00
FILTERDDP_TIMING iteration=9 barrier_iteration=0 stage=6 derivative_s=0.000110000 first_order_s=0.000047100 second_order_s=0.000049700 algebra_s=0.000302000 kkt_assembly_s=0.000196400 factor_s=0.001868600 solve_s=0.000516400 update_s=0.000113900 K_nnz=5269 rhs_cols=52 Vxx_nnz=2601
FILTERDDP_TIMING iteration=9 barrier_iteration=0 stage=5 derivative_s=0.000110200 first_order_s=0.000053900 second_order_s=0.000042400 algebra_s=0.000242500 kkt_assembly_s=0.000171100 factor_s=0.001877400 solve_s=0.000473500 update_s=0.000114200 K_nnz=5269 rhs_cols=52 Vxx_nnz=2601
FILTERDDP_TIMING iteration=9 barrier_iteration=0 stage=4 derivative_s=0.000112900 first_order_s=0.000056200 second_order_s=0.000042800 algebra_s=0.000250500 kkt_assembly_s=0.000163200 factor_s=0.001885800 solve_s=0.000444700 update_s=0.000098700 K_nnz=5269 rhs_cols=52 Vxx_nnz=2601
FILTERDDP_TIMING iteration=9 barrier_iteration=0 stage=3 derivative_s=0.000109600 first_order_s=0.000054000 second_order_s=0.000042400 algebra_s=0.000287100 kkt_assembly_s=0.000184900 factor_s=0.001847400 solve_s=0.000435900 update_s=0.000123600 K_nnz=5269 rhs_cols=52 Vxx_nnz=2601
FILTERDDP_TIMING iteration=9 barrier_iteration=0 stage=2 derivative_s=0.000106300 first_order_s=0.000052500 second_order_s=0.000040100 algebra_s=0.000255900 kkt_assembly_s=0.000171600 factor_s=0.001828700 solve_s=0.000434600 update_s=0.000095200 K_nnz=5269 rhs_cols=52 Vxx_nnz=2601
FILTERDDP_TIMING iteration=9 barrier_iteration=0 stage=1 derivative_s=0.000138900 first_order_s=0.000053500 second_order_s=0.000071500 algebra_s=0.000252200 kkt_assembly_s=0.000177600 factor_s=0.002095300 solve_s=0.000436600 update_s=0.000095100 K_nnz=5269 rhs_cols=52 Vxx_nnz=2601
FILTERDDP_FEASIBILITY iteration=9 barrier_iteration=0 equality_count=3372 equality_rms=2.579314125319e-03 equality_max=3.520739524414e-02 equality_worst_stage=3 equality_worst_index=384 dynamics_count=255 dynamics_rms=0.000000000000e+00 dynamics_max=0.000000000000e+00 dynamics_worst_stage=0 dynamics_worst_index=0 bound_count=4902 bound_rms=0.000000000000e+00 bound_max=0.000000000000e+00 bound_worst_stage=0 bound_worst_index=0 bound_worst_kind=none
     9   4.33639587e+03   3.5207e-02   1.1058e+01   1.0000e+00    0.00      -     5.0000e-01   0
FILTERDDP_ITER_TIMING iteration=9 barrier_iteration=0 backward_s=0.018490900 forward_s=0.000524900 total_s=0.019015800 outcome=accepted step_size=5.000000000e-01 backtracks=0 mu=1.000000000e+00
FILTERDDP_TIMING iteration=10 barrier_iteration=0 stage=6 derivative_s=0.000133200 first_order_s=0.000056400 second_order_s=0.000062500 algebra_s=0.000266900 kkt_assembly_s=0.000181500 factor_s=0.001927000 solve_s=0.000540500 update_s=0.000147300 K_nnz=5269 rhs_cols=52 Vxx_nnz=2601
FILTERDDP_TIMING iteration=10 barrier_iteration=0 stage=5 derivative_s=0.000106200 first_order_s=0.000051900 second_order_s=0.000041500 algebra_s=0.000263100 kkt_assembly_s=0.000172800 factor_s=0.001875100 solve_s=0.000513200 update_s=0.000137700 K_nnz=5269 rhs_cols=52 Vxx_nnz=2601
FILTERDDP_TIMING iteration=10 barrier_iteration=0 stage=4 derivative_s=0.000167100 first_order_s=0.000078400 second_order_s=0.000071200 algebra_s=0.000298300 kkt_assembly_s=0.000186500 factor_s=0.002105300 solve_s=0.000498600 update_s=0.000109600 K_nnz=5269 rhs_cols=52 Vxx_nnz=2601
FILTERDDP_TIMING iteration=10 barrier_iteration=0 stage=3 derivative_s=0.000102400 first_order_s=0.000050600 second_order_s=0.000038900 algebra_s=0.000257800 kkt_assembly_s=0.000170700 factor_s=0.001963200 solve_s=0.000533800 update_s=0.000127900 K_nnz=5269 rhs_cols=52 Vxx_nnz=2601
FILTERDDP_TIMING iteration=10 barrier_iteration=0 stage=2 derivative_s=0.000149700 first_order_s=0.000075400 second_order_s=0.000060200 algebra_s=0.000240800 kkt_assembly_s=0.000181900 factor_s=0.002000100 solve_s=0.000434000 update_s=0.000126800 K_nnz=5269 rhs_cols=52 Vxx_nnz=2601
FILTERDDP_TIMING iteration=10 barrier_iteration=0 stage=1 derivative_s=0.000103800 first_order_s=0.000051900 second_order_s=0.000038400 algebra_s=0.000272200 kkt_assembly_s=0.000166300 factor_s=0.002116200 solve_s=0.000446500 update_s=0.000113400 K_nnz=5269 rhs_cols=52 Vxx_nnz=2601
FILTERDDP_FEASIBILITY iteration=10 barrier_iteration=0 equality_count=3372 equality_rms=2.496522616626e-03 equality_max=4.160169151857e-02 equality_worst_stage=3 equality_worst_index=384 dynamics_count=255 dynamics_rms=0.000000000000e+00 dynamics_max=0.000000000000e+00 dynamics_worst_stage=0 dynamics_worst_index=0 bound_count=4902 bound_rms=0.000000000000e+00 bound_max=0.000000000000e+00 bound_worst_stage=0 bound_worst_index=0 bound_worst_kind=none
FILTERDDP_ITER_TIMING iteration=10 barrier_iteration=0 backward_s=0.019501500 forward_s=0.000000000 total_s=0.019501500 outcome=barrier_update step_size=5.000000000e-01 backtracks=0 mu=1.000000000e+00
FILTERDDP_TIMING iteration=10 barrier_iteration=1 stage=6 derivative_s=0.000161300 first_order_s=0.000075100 second_order_s=0.000052200 algebra_s=0.000289700 kkt_assembly_s=0.000387000 factor_s=0.001952500 solve_s=0.000521600 update_s=0.000151000 K_nnz=5269 rhs_cols=52 Vxx_nnz=2601
FILTERDDP_TIMING iteration=10 barrier_iteration=1 stage=5 derivative_s=0.000134100 first_order_s=0.000065100 second_order_s=0.000046200 algebra_s=0.000252000 kkt_assembly_s=0.000190400 factor_s=0.001920200 solve_s=0.000453800 update_s=0.000107600 K_nnz=5269 rhs_cols=52 Vxx_nnz=2601
FILTERDDP_TIMING iteration=10 barrier_iteration=1 stage=4 derivative_s=0.000128200 first_order_s=0.000060500 second_order_s=0.000049900 algebra_s=0.000230400 kkt_assembly_s=0.000171700 factor_s=0.002257500 solve_s=0.000478700 update_s=0.000137200 K_nnz=5269 rhs_cols=52 Vxx_nnz=2601
FILTERDDP_TIMING iteration=10 barrier_iteration=1 stage=3 derivative_s=0.000144700 first_order_s=0.000069000 second_order_s=0.000061200 algebra_s=0.000427800 kkt_assembly_s=0.000197300 factor_s=0.002274900 solve_s=0.000487900 update_s=0.000124400 K_nnz=5269 rhs_cols=52 Vxx_nnz=2601
FILTERDDP_TIMING iteration=10 barrier_iteration=1 stage=2 derivative_s=0.000128400 first_order_s=0.000060600 second_order_s=0.000053300 algebra_s=0.000318200 kkt_assembly_s=0.000166200 factor_s=0.002172200 solve_s=0.000452800 update_s=0.000093800 K_nnz=5269 rhs_cols=52 Vxx_nnz=2601
FILTERDDP_TIMING iteration=10 barrier_iteration=1 stage=1 derivative_s=0.000101500 first_order_s=0.000050700 second_order_s=0.000037000 algebra_s=0.000406500 kkt_assembly_s=0.000191100 factor_s=0.002368300 solve_s=0.000482400 update_s=0.000143200 K_nnz=5269 rhs_cols=52 Vxx_nnz=2601
FILTERDDP_FEASIBILITY iteration=10 barrier_iteration=1 equality_count=3372 equality_rms=2.496522616626e-03 equality_max=4.160169151857e-02 equality_worst_stage=3 equality_worst_index=384 dynamics_count=255 dynamics_rms=0.000000000000e+00 dynamics_max=0.000000000000e+00 dynamics_worst_stage=0 dynamics_worst_index=0 bound_count=4902 bound_rms=0.000000000000e+00 bound_max=0.000000000000e+00 bound_worst_stage=0 bound_worst_index=0 bound_worst_kind=none
  iter     objective        pr_inf       du_inf       cs_inf     lg(μ)   lg(reg)    alpha     ls
    10   4.34158721e+03   4.1602e-02   5.5288e+00   1.0000e+00   -0.70      -     5.0000e-01   0
FILTERDDP_ITER_TIMING iteration=10 barrier_iteration=1 backward_s=0.021040100 forward_s=0.000576600 total_s=0.021616700 outcome=accepted step_size=5.000000000e-01 backtracks=0 mu=2.000000000e-01
FILTERDDP_TIMING iteration=11 barrier_iteration=1 stage=6 derivative_s=0.000116200 first_order_s=0.000046700 second_order_s=0.000056400 algebra_s=0.000322000 kkt_assembly_s=0.000182600 factor_s=0.002451400 solve_s=0.000536300 update_s=0.000159000 K_nnz=5269 rhs_cols=52 Vxx_nnz=2601
FILTERDDP_TIMING iteration=11 barrier_iteration=1 stage=5 derivative_s=0.000151700 first_order_s=0.000081400 second_order_s=0.000057200 algebra_s=0.000239500 kkt_assembly_s=0.000158700 factor_s=0.002334400 solve_s=0.000456600 update_s=0.000185400 K_nnz=5269 rhs_cols=52 Vxx_nnz=2601
FILTERDDP_TIMING iteration=11 barrier_iteration=1 stage=4 derivative_s=0.000186200 first_order_s=0.000082700 second_order_s=0.000086500 algebra_s=0.000317300 kkt_assembly_s=0.000181200 factor_s=0.002277700 solve_s=0.000467400 update_s=0.000108800 K_nnz=5269 rhs_cols=52 Vxx_nnz=2601
FILTERDDP_TIMING iteration=11 barrier_iteration=1 stage=3 derivative_s=0.000108100 first_order_s=0.000056200 second_order_s=0.000038000 algebra_s=0.000267100 kkt_assembly_s=0.000184300 factor_s=0.002083300 solve_s=0.000449500 update_s=0.000109800 K_nnz=5269 rhs_cols=52 Vxx_nnz=2601
FILTERDDP_TIMING iteration=11 barrier_iteration=1 stage=2 derivative_s=0.000105800 first_order_s=0.000053100 second_order_s=0.000038900 algebra_s=0.000257400 kkt_assembly_s=0.000168900 factor_s=0.002045600 solve_s=0.000425000 update_s=0.000102100 K_nnz=5269 rhs_cols=52 Vxx_nnz=2601
FILTERDDP_TIMING iteration=11 barrier_iteration=1 stage=1 derivative_s=0.000107500 first_order_s=0.000051900 second_order_s=0.000042200 algebra_s=0.000241000 kkt_assembly_s=0.000178300 factor_s=0.001933000 solve_s=0.000455900 update_s=0.000147100 K_nnz=5269 rhs_cols=52 Vxx_nnz=2601
FILTERDDP_FEASIBILITY iteration=11 barrier_iteration=1 equality_count=3372 equality_rms=1.304204683726e-02 equality_max=1.601535599473e-01 equality_worst_stage=3 equality_worst_index=509 dynamics_count=255 dynamics_rms=0.000000000000e+00 dynamics_max=0.000000000000e+00 dynamics_worst_stage=0 dynamics_worst_index=0 bound_count=4902 bound_rms=0.000000000000e+00 bound_max=0.000000000000e+00 bound_worst_stage=0 bound_worst_index=0 bound_worst_kind=none
    11   4.02464279e+03   1.6015e-01   2.7644e+00   6.3677e-01   -0.70      -     5.0000e-01   0
FILTERDDP_ITER_TIMING iteration=11 barrier_iteration=1 backward_s=0.020574100 forward_s=0.000812200 total_s=0.021386300 outcome=accepted step_size=5.000000000e-01 backtracks=0 mu=2.000000000e-01
FILTERDDP_TIMING iteration=12 barrier_iteration=1 stage=6 derivative_s=0.000202200 first_order_s=0.000131900 second_order_s=0.000056700 algebra_s=0.000425900 kkt_assembly_s=0.000199000 factor_s=0.001911200 solve_s=0.000509700 update_s=0.000122300 K_nnz=5269 rhs_cols=52 Vxx_nnz=2601
FILTERDDP_TIMING iteration=12 barrier_iteration=1 stage=5 derivative_s=0.000223400 first_order_s=0.000136000 second_order_s=0.000073400 algebra_s=0.000425900 kkt_assembly_s=0.000189200 factor_s=0.002244900 solve_s=0.000546900 update_s=0.000158900 K_nnz=5269 rhs_cols=52 Vxx_nnz=2601
FILTERDDP_TIMING iteration=12 barrier_iteration=1 stage=4 derivative_s=0.000158100 first_order_s=0.000071100 second_order_s=0.000072800 algebra_s=0.000294900 kkt_assembly_s=0.000168700 factor_s=0.002099900 solve_s=0.000443500 update_s=0.000119000 K_nnz=5269 rhs_cols=52 Vxx_nnz=2601
FILTERDDP_TIMING iteration=12 barrier_iteration=1 stage=3 derivative_s=0.000105600 first_order_s=0.000052900 second_order_s=0.000038900 algebra_s=0.000239700 kkt_assembly_s=0.000171100 factor_s=0.002292900 solve_s=0.000571400 update_s=0.000123200 K_nnz=5269 rhs_cols=52 Vxx_nnz=2601
FILTERDDP_TIMING iteration=12 barrier_iteration=1 stage=2 derivative_s=0.000116300 first_order_s=0.000066200 second_order_s=0.000037000 algebra_s=0.000249800 kkt_assembly_s=0.000169600 factor_s=0.002463800 solve_s=0.000490700 update_s=0.000111800 K_nnz=5269 rhs_cols=52 Vxx_nnz=2601
FILTERDDP_TIMING iteration=12 barrier_iteration=1 stage=1 derivative_s=0.000122700 first_order_s=0.000052500 second_order_s=0.000056300 algebra_s=0.000250300 kkt_assembly_s=0.000169400 factor_s=0.002322000 solve_s=0.000438600 update_s=0.000105800 K_nnz=5269 rhs_cols=52 Vxx_nnz=2601
FILTERDDP_FEASIBILITY iteration=12 barrier_iteration=1 equality_count=3372 equality_rms=2.964132888831e-02 equality_max=3.559441566926e-01 equality_worst_stage=3 equality_worst_index=509 dynamics_count=255 dynamics_rms=0.000000000000e+00 dynamics_max=0.000000000000e+00 dynamics_worst_stage=0 dynamics_worst_index=0 bound_count=4902 bound_rms=0.000000000000e+00 bound_max=0.000000000000e+00 bound_worst_stage=0 bound_worst_index=0 bound_worst_kind=none
FILTERDDP_ITER_TIMING iteration=12 barrier_iteration=1 backward_s=0.021350100 forward_s=0.000000000 total_s=0.021350100 outcome=barrier_update step_size=5.000000000e-01 backtracks=0 mu=2.000000000e-01
FILTERDDP_TIMING iteration=12 barrier_iteration=2 stage=6 derivative_s=0.000122300 first_order_s=0.000064100 second_order_s=0.000044500 algebra_s=0.000338300 kkt_assembly_s=0.000183700 factor_s=0.002142500 solve_s=0.000548300 update_s=0.000153800 K_nnz=5269 rhs_cols=52 Vxx_nnz=2601
FILTERDDP_TIMING iteration=12 barrier_iteration=2 stage=5 derivative_s=0.000118200 first_order_s=0.000057000 second_order_s=0.000047700 algebra_s=0.000276700 kkt_assembly_s=0.000176500 factor_s=0.002138800 solve_s=0.000447300 update_s=0.000113400 K_nnz=5269 rhs_cols=52 Vxx_nnz=2601
FILTERDDP_TIMING iteration=12 barrier_iteration=2 stage=4 derivative_s=0.000108200 first_order_s=0.000055900 second_order_s=0.000038100 algebra_s=0.000263000 kkt_assembly_s=0.000172400 factor_s=0.002223800 solve_s=0.000439800 update_s=0.000109000 K_nnz=5269 rhs_cols=52 Vxx_nnz=2601
FILTERDDP_TIMING iteration=12 barrier_iteration=2 stage=3 derivative_s=0.000124400 first_order_s=0.000067600 second_order_s=0.000041400 algebra_s=0.000428800 kkt_assembly_s=0.000190800 factor_s=0.002588000 solve_s=0.000567200 update_s=0.000122900 K_nnz=5269 rhs_cols=52 Vxx_nnz=2601
FILTERDDP_TIMING iteration=12 barrier_iteration=2 stage=2 derivative_s=0.000129100 first_order_s=0.000061700 second_order_s=0.000053300 algebra_s=0.000357500 kkt_assembly_s=0.000176600 factor_s=0.002435800 solve_s=0.000429700 update_s=0.000118600 K_nnz=5269 rhs_cols=52 Vxx_nnz=2601
FILTERDDP_TIMING iteration=12 barrier_iteration=2 stage=1 derivative_s=0.000133200 first_order_s=0.000074700 second_order_s=0.000044200 algebra_s=0.000260200 kkt_assembly_s=0.000254800 factor_s=0.002416600 solve_s=0.000467100 update_s=0.000124400 K_nnz=5269 rhs_cols=52 Vxx_nnz=2601
FILTERDDP_FEASIBILITY iteration=12 barrier_iteration=2 equality_count=3372 equality_rms=2.964132888831e-02 equality_max=3.559441566926e-01 equality_worst_stage=3 equality_worst_index=509 dynamics_count=255 dynamics_rms=0.000000000000e+00 dynamics_max=0.000000000000e+00 dynamics_worst_stage=0 dynamics_worst_index=0 bound_count=4902 bound_rms=0.000000000000e+00 bound_max=0.000000000000e+00 bound_worst_stage=0 bound_worst_index=0 bound_worst_kind=none
    12   3.77433415e+03   3.5594e-01   1.7755e+00   4.3609e-01   -1.40      -     5.0000e-01   0
FILTERDDP_ITER_TIMING iteration=12 barrier_iteration=2 backward_s=0.021771100 forward_s=0.000683900 total_s=0.022455000 outcome=accepted step_size=5.000000000e-01 backtracks=0 mu=4.000000000e-02
FILTERDDP_TIMING iteration=13 barrier_iteration=2 stage=6 derivative_s=0.000124700 first_order_s=0.000054300 second_order_s=0.000056700 algebra_s=0.000437800 kkt_assembly_s=0.000418900 factor_s=0.002444100 solve_s=0.000522900 update_s=0.000164000 K_nnz=5269 rhs_cols=52 Vxx_nnz=2601
FILTERDDP_TIMING iteration=13 barrier_iteration=2 stage=5 derivative_s=0.000119300 first_order_s=0.000060900 second_order_s=0.000043800 algebra_s=0.000254200 kkt_assembly_s=0.000174500 factor_s=0.002400600 solve_s=0.000519800 update_s=0.000107100 K_nnz=5269 rhs_cols=52 Vxx_nnz=2601
FILTERDDP_TIMING iteration=13 barrier_iteration=2 stage=4 derivative_s=0.000129500 first_order_s=0.000058900 second_order_s=0.000054500 algebra_s=0.000259400 kkt_assembly_s=0.000181900 factor_s=0.002391600 solve_s=0.000425000 update_s=0.000136900 K_nnz=5269 rhs_cols=52 Vxx_nnz=2601
FILTERDDP_TIMING iteration=13 barrier_iteration=2 stage=3 derivative_s=0.000115100 first_order_s=0.000062700 second_order_s=0.000038700 algebra_s=0.000309500 kkt_assembly_s=0.000222600 factor_s=0.002306400 solve_s=0.000454900 update_s=0.000117500 K_nnz=5269 rhs_cols=52 Vxx_nnz=2601
FILTERDDP_TIMING iteration=13 barrier_iteration=2 stage=2 derivative_s=0.000121900 first_order_s=0.000058000 second_order_s=0.000049600 algebra_s=0.000268700 kkt_assembly_s=0.000167000 factor_s=0.002322300 solve_s=0.000575900 update_s=0.000134100 K_nnz=5269 rhs_cols=52 Vxx_nnz=2601
FILTERDDP_TIMING iteration=13 barrier_iteration=2 stage=1 derivative_s=0.000119000 first_order_s=0.000055500 second_order_s=0.000038300 algebra_s=0.000269700 kkt_assembly_s=0.000191600 factor_s=0.002303000 solve_s=0.000443100 update_s=0.000106600 K_nnz=5269 rhs_cols=52 Vxx_nnz=2601
FILTERDDP_FEASIBILITY iteration=13 barrier_iteration=2 equality_count=3372 equality_rms=2.466709257829e-02 equality_max=2.958933729282e-01 equality_worst_stage=6 equality_worst_index=509 dynamics_count=255 dynamics_rms=0.000000000000e+00 dynamics_max=0.000000000000e+00 dynamics_worst_stage=0 dynamics_worst_index=0 bound_count=4902 bound_rms=0.000000000000e+00 bound_max=0.000000000000e+00 bound_worst_stage=0 bound_worst_index=0 bound_worst_kind=none
    13   3.51567062e+03   2.9589e-01   1.8766e+00   2.6052e-01   -1.40      -     5.0000e-01   0
FILTERDDP_ITER_TIMING iteration=13 barrier_iteration=2 backward_s=0.022141700 forward_s=0.000838100 total_s=0.022979800 outcome=accepted step_size=5.000000000e-01 backtracks=0 mu=4.000000000e-02
FILTERDDP_TIMING iteration=14 barrier_iteration=2 stage=6 derivative_s=0.000136900 first_order_s=0.000058000 second_order_s=0.000065500 algebra_s=0.000474700 kkt_assembly_s=0.000360200 factor_s=0.002391500 solve_s=0.000516000 update_s=0.000120200 K_nnz=5269 rhs_cols=52 Vxx_nnz=2601
FILTERDDP_TIMING iteration=14 barrier_iteration=2 stage=5 derivative_s=0.000117800 first_order_s=0.000063900 second_order_s=0.000039200 algebra_s=0.000298700 kkt_assembly_s=0.000192900 factor_s=0.002575600 solve_s=0.000429300 update_s=0.000107400 K_nnz=5269 rhs_cols=52 Vxx_nnz=2601
FILTERDDP_TIMING iteration=14 barrier_iteration=2 stage=4 derivative_s=0.000150300 first_order_s=0.000081300 second_order_s=0.000054700 algebra_s=0.000286800 kkt_assembly_s=0.000181400 factor_s=0.002427100 solve_s=0.000524200 update_s=0.000139200 K_nnz=5269 rhs_cols=52 Vxx_nnz=2601
FILTERDDP_TIMING iteration=14 barrier_iteration=2 stage=3 derivative_s=0.000139000 first_order_s=0.000070600 second_order_s=0.000053200 algebra_s=0.000405200 kkt_assembly_s=0.000189000 factor_s=0.014527100 solve_s=0.000460400 update_s=0.000109500 K_nnz=5269 rhs_cols=52 Vxx_nnz=2601
FILTERDDP_TIMING iteration=14 barrier_iteration=2 stage=2 derivative_s=0.000109800 first_order_s=0.000054300 second_order_s=0.000040700 algebra_s=0.000253700 kkt_assembly_s=0.000161500 factor_s=0.001974600 solve_s=0.000440000 update_s=0.000107600 K_nnz=5269 rhs_cols=52 Vxx_nnz=2601
FILTERDDP_TIMING iteration=14 barrier_iteration=2 stage=1 derivative_s=0.000111600 first_order_s=0.000057000 second_order_s=0.000040100 algebra_s=0.000241500 kkt_assembly_s=0.000162800 factor_s=0.001869900 solve_s=0.000441800 update_s=0.000096100 K_nnz=5269 rhs_cols=52 Vxx_nnz=2601
FILTERDDP_FEASIBILITY iteration=14 barrier_iteration=2 equality_count=3372 equality_rms=2.661129726313e-02 equality_max=3.440313466206e-01 equality_worst_stage=6 equality_worst_index=509 dynamics_count=255 dynamics_rms=0.000000000000e+00 dynamics_max=0.000000000000e+00 dynamics_worst_stage=0 dynamics_worst_index=0 bound_count=4902 bound_rms=0.000000000000e+00 bound_max=0.000000000000e+00 bound_worst_stage=0 bound_worst_index=0 bound_worst_kind=none
    14   3.36633535e+03   3.4403e-01   1.5136e+00   1.6147e-01   -1.40      -     5.0000e-01   0
FILTERDDP_ITER_TIMING iteration=14 barrier_iteration=2 backward_s=0.033614400 forward_s=0.000547000 total_s=0.034161400 outcome=accepted step_size=5.000000000e-01 backtracks=0 mu=4.000000000e-02
FILTERDDP_TIMING iteration=15 barrier_iteration=2 stage=6 derivative_s=0.000111700 first_order_s=0.000047500 second_order_s=0.000051400 algebra_s=0.000266000 kkt_assembly_s=0.000193500 factor_s=0.001867800 solve_s=0.000518600 update_s=0.000114100 K_nnz=5269 rhs_cols=52 Vxx_nnz=2601
FILTERDDP_TIMING iteration=15 barrier_iteration=2 stage=5 derivative_s=0.000119500 first_order_s=0.000056600 second_order_s=0.000049100 algebra_s=0.000255200 kkt_assembly_s=0.000176700 factor_s=0.001933700 solve_s=0.000458900 update_s=0.000109000 K_nnz=5269 rhs_cols=52 Vxx_nnz=2601
FILTERDDP_TIMING iteration=15 barrier_iteration=2 stage=4 derivative_s=0.000109300 first_order_s=0.000055700 second_order_s=0.000040000 algebra_s=0.000249500 kkt_assembly_s=0.000177700 factor_s=0.001959600 solve_s=0.000455300 update_s=0.000107500 K_nnz=5269 rhs_cols=52 Vxx_nnz=2601
FILTERDDP_TIMING iteration=15 barrier_iteration=2 stage=3 derivative_s=0.000108600 first_order_s=0.000055100 second_order_s=0.000039800 algebra_s=0.000252700 kkt_assembly_s=0.000160300 factor_s=0.001896400 solve_s=0.000448900 update_s=0.000095800 K_nnz=5269 rhs_cols=52 Vxx_nnz=2601
FILTERDDP_TIMING iteration=15 barrier_iteration=2 stage=2 derivative_s=0.000123300 first_order_s=0.000070100 second_order_s=0.000039800 algebra_s=0.000241600 kkt_assembly_s=0.000160500 factor_s=0.001883900 solve_s=0.000435500 update_s=0.000105700 K_nnz=5269 rhs_cols=52 Vxx_nnz=2601
FILTERDDP_TIMING iteration=15 barrier_iteration=2 stage=1 derivative_s=0.000110600 first_order_s=0.000055000 second_order_s=0.000042400 algebra_s=0.000284500 kkt_assembly_s=0.000171300 factor_s=0.001881900 solve_s=0.000435400 update_s=0.000105300 K_nnz=5269 rhs_cols=52 Vxx_nnz=2601
FILTERDDP_FEASIBILITY iteration=15 barrier_iteration=2 equality_count=3372 equality_rms=3.267281614367e-02 equality_max=4.382907771961e-01 equality_worst_stage=5 equality_worst_index=509 dynamics_count=255 dynamics_rms=0.000000000000e+00 dynamics_max=0.000000000000e+00 dynamics_worst_stage=0 dynamics_worst_index=0 bound_count=4902 bound_rms=0.000000000000e+00 bound_max=0.000000000000e+00 bound_worst_stage=0 bound_worst_index=0 bound_worst_kind=none
    15   3.28876702e+03   4.3829e-01   1.0980e+00   1.0613e-01   -1.40      -     5.0000e-01   0
FILTERDDP_ITER_TIMING iteration=15 barrier_iteration=2 backward_s=0.018476500 forward_s=0.000507400 total_s=0.018983900 outcome=accepted step_size=5.000000000e-01 backtracks=0 mu=4.000000000e-02
FILTERDDP_TIMING iteration=16 barrier_iteration=2 stage=6 derivative_s=0.000103400 first_order_s=0.000045600 second_order_s=0.000046300 algebra_s=0.000291300 kkt_assembly_s=0.000186300 factor_s=0.001795200 solve_s=0.000526700 update_s=0.000107700 K_nnz=5269 rhs_cols=52 Vxx_nnz=2601
FILTERDDP_TIMING iteration=16 barrier_iteration=2 stage=5 derivative_s=0.000107700 first_order_s=0.000053600 second_order_s=0.000040500 algebra_s=0.000244300 kkt_assembly_s=0.000160100 factor_s=0.002131600 solve_s=0.000519800 update_s=0.000134500 K_nnz=5269 rhs_cols=52 Vxx_nnz=2601
FILTERDDP_TIMING iteration=16 barrier_iteration=2 stage=4 derivative_s=0.000122600 first_order_s=0.000063300 second_order_s=0.000044900 algebra_s=0.000277100 kkt_assembly_s=0.000183800 factor_s=0.001833200 solve_s=0.000444800 update_s=0.000095500 K_nnz=5269 rhs_cols=52 Vxx_nnz=2601
FILTERDDP_TIMING iteration=16 barrier_iteration=2 stage=3 derivative_s=0.000115100 first_order_s=0.000053000 second_order_s=0.000048300 algebra_s=0.000236600 kkt_assembly_s=0.000174600 factor_s=0.001870300 solve_s=0.000449800 update_s=0.000104100 K_nnz=5269 rhs_cols=52 Vxx_nnz=2601
FILTERDDP_TIMING iteration=16 barrier_iteration=2 stage=2 derivative_s=0.000106500 first_order_s=0.000054800 second_order_s=0.000038400 algebra_s=0.000265200 kkt_assembly_s=0.000167600 factor_s=0.001852100 solve_s=0.000430900 update_s=0.000105700 K_nnz=5269 rhs_cols=52 Vxx_nnz=2601
FILTERDDP_TIMING iteration=16 barrier_iteration=2 stage=1 derivative_s=0.000113500 first_order_s=0.000055000 second_order_s=0.000044600 algebra_s=0.000256800 kkt_assembly_s=0.000241300 factor_s=0.001945900 solve_s=0.000434400 update_s=0.000107300 K_nnz=5269 rhs_cols=52 Vxx_nnz=2601
FILTERDDP_FEASIBILITY iteration=16 barrier_iteration=2 equality_count=3372 equality_rms=4.089812334040e-02 equality_max=5.694184807245e-01 equality_worst_stage=5 equality_worst_index=509 dynamics_count=255 dynamics_rms=0.000000000000e+00 dynamics_max=0.000000000000e+00 dynamics_worst_stage=0 dynamics_worst_index=0 bound_count=4902 bound_rms=0.000000000000e+00 bound_max=0.000000000000e+00 bound_worst_stage=0 bound_worst_index=0 bound_worst_kind=none
    16   3.24958503e+03   5.6942e-01   7.4638e-01   7.5289e-02   -1.40      -     5.0000e-01   0
FILTERDDP_ITER_TIMING iteration=16 barrier_iteration=2 backward_s=0.018613400 forward_s=0.000547300 total_s=0.019160700 outcome=accepted step_size=5.000000000e-01 backtracks=0 mu=4.000000000e-02
FILTERDDP_TIMING iteration=17 barrier_iteration=2 stage=6 derivative_s=0.000118800 first_order_s=0.000057800 second_order_s=0.000048400 algebra_s=0.000290800 kkt_assembly_s=0.000191800 factor_s=0.002116000 solve_s=0.000518100 update_s=0.000110100 K_nnz=5269 rhs_cols=52 Vxx_nnz=2601
FILTERDDP_TIMING iteration=17 barrier_iteration=2 stage=5 derivative_s=0.000120800 first_order_s=0.000054200 second_order_s=0.000052400 algebra_s=0.000242800 kkt_assembly_s=0.000181900 factor_s=0.001896000 solve_s=0.000474000 update_s=0.000110500 K_nnz=5269 rhs_cols=52 Vxx_nnz=2601
FILTERDDP_TIMING iteration=17 barrier_iteration=2 stage=4 derivative_s=0.000112800 first_order_s=0.000060500 second_order_s=0.000038900 algebra_s=0.000255200 kkt_assembly_s=0.000178900 factor_s=0.002040700 solve_s=0.000477000 update_s=0.000104500 K_nnz=5269 rhs_cols=52 Vxx_nnz=2601
FILTERDDP_TIMING iteration=17 barrier_iteration=2 stage=3 derivative_s=0.000107100 first_order_s=0.000054100 second_order_s=0.000039500 algebra_s=0.000256900 kkt_assembly_s=0.000164400 factor_s=0.002013300 solve_s=0.000434800 update_s=0.000114600 K_nnz=5269 rhs_cols=52 Vxx_nnz=2601
FILTERDDP_TIMING iteration=17 barrier_iteration=2 stage=2 derivative_s=0.000106200 first_order_s=0.000053200 second_order_s=0.000039600 algebra_s=0.000244500 kkt_assembly_s=0.000164200 factor_s=0.001947100 solve_s=0.000441800 update_s=0.000090500 K_nnz=5269 rhs_cols=52 Vxx_nnz=2601
FILTERDDP_TIMING iteration=17 barrier_iteration=2 stage=1 derivative_s=0.000120400 first_order_s=0.000067400 second_order_s=0.000039900 algebra_s=0.000314500 kkt_assembly_s=0.000166200 factor_s=0.002090000 solve_s=0.000433300 update_s=0.000094100 K_nnz=5269 rhs_cols=52 Vxx_nnz=2601
FILTERDDP_FEASIBILITY iteration=17 barrier_iteration=2 equality_count=3372 equality_rms=4.588756181386e-02 equality_max=6.597516655537e-01 equality_worst_stage=5 equality_worst_index=509 dynamics_count=255 dynamics_rms=0.000000000000e+00 dynamics_max=0.000000000000e+00 dynamics_worst_stage=0 dynamics_worst_index=0 bound_count=4902 bound_rms=0.000000000000e+00 bound_max=0.000000000000e+00 bound_worst_stage=0 bound_worst_index=0 bound_worst_kind=none
    17   3.23016855e+03   6.5975e-01   4.8226e-01   5.8423e-02   -1.40      -     5.0000e-01   0
FILTERDDP_ITER_TIMING iteration=17 barrier_iteration=2 backward_s=0.019208600 forward_s=0.000528400 total_s=0.019737000 outcome=accepted step_size=5.000000000e-01 backtracks=0 mu=4.000000000e-02
FILTERDDP_TIMING iteration=18 barrier_iteration=2 stage=6 derivative_s=0.000105900 first_order_s=0.000045400 second_order_s=0.000047500 algebra_s=0.000264900 kkt_assembly_s=0.000183800 factor_s=0.001892400 solve_s=0.000516300 update_s=0.000102900 K_nnz=5269 rhs_cols=52 Vxx_nnz=2601
FILTERDDP_TIMING iteration=18 barrier_iteration=2 stage=5 derivative_s=0.000200700 first_order_s=0.000126300 second_order_s=0.000060800 algebra_s=0.000279000 kkt_assembly_s=0.008290100 factor_s=0.001982300 solve_s=0.000502700 update_s=0.000122400 K_nnz=5269 rhs_cols=52 Vxx_nnz=2601
FILTERDDP_TIMING iteration=18 barrier_iteration=2 stage=4 derivative_s=0.000119800 first_order_s=0.000058800 second_order_s=0.000044700 algebra_s=0.000260200 kkt_assembly_s=0.000173500 factor_s=0.001916100 solve_s=0.000484000 update_s=0.000112100 K_nnz=5269 rhs_cols=52 Vxx_nnz=2601
FILTERDDP_TIMING iteration=18 barrier_iteration=2 stage=3 derivative_s=0.000110200 first_order_s=0.000053800 second_order_s=0.000041700 algebra_s=0.000253400 kkt_assembly_s=0.000168700 factor_s=0.001884600 solve_s=0.000452100 update_s=0.000093700 K_nnz=5269 rhs_cols=52 Vxx_nnz=2601
FILTERDDP_TIMING iteration=18 barrier_iteration=2 stage=2 derivative_s=0.000106400 first_order_s=0.000051800 second_order_s=0.000040600 algebra_s=0.000238400 kkt_assembly_s=0.000163500 factor_s=0.001853500 solve_s=0.000443400 update_s=0.000106000 K_nnz=5269 rhs_cols=52 Vxx_nnz=2601
FILTERDDP_TIMING iteration=18 barrier_iteration=2 stage=1 derivative_s=0.000118900 first_order_s=0.000063600 second_order_s=0.000041700 algebra_s=0.000245300 kkt_assembly_s=0.000169100 factor_s=0.001892500 solve_s=0.000437800 update_s=0.000106800 K_nnz=5269 rhs_cols=52 Vxx_nnz=2601
FILTERDDP_FEASIBILITY iteration=18 barrier_iteration=2 equality_count=3372 equality_rms=4.318827926200e-02 equality_max=6.442018838309e-01 equality_worst_stage=5 equality_worst_index=509 dynamics_count=255 dynamics_rms=0.000000000000e+00 dynamics_max=0.000000000000e+00 dynamics_worst_stage=0 dynamics_worst_index=0 bound_count=4902 bound_rms=0.000000000000e+00 bound_max=0.000000000000e+00 bound_worst_stage=0 bound_worst_index=0 bound_worst_kind=none
    18   3.22082425e+03   6.4420e-01   3.0532e-01   4.9446e-02   -1.40      -     5.0000e-01   0
FILTERDDP_ITER_TIMING iteration=18 barrier_iteration=2 backward_s=0.026733200 forward_s=0.000554800 total_s=0.027288000 outcome=accepted step_size=5.000000000e-01 backtracks=0 mu=4.000000000e-02
FILTERDDP_TIMING iteration=19 barrier_iteration=2 stage=6 derivative_s=0.000109100 first_order_s=0.000046400 second_order_s=0.000049300 algebra_s=0.000268500 kkt_assembly_s=0.000196000 factor_s=0.001920700 solve_s=0.000529400 update_s=0.000116000 K_nnz=5269 rhs_cols=52 Vxx_nnz=2601
FILTERDDP_TIMING iteration=19 barrier_iteration=2 stage=5 derivative_s=0.000115300 first_order_s=0.000056900 second_order_s=0.000043700 algebra_s=0.000261200 kkt_assembly_s=0.000166500 factor_s=0.001875800 solve_s=0.000480400 update_s=0.000108600 K_nnz=5269 rhs_cols=52 Vxx_nnz=2601
FILTERDDP_TIMING iteration=19 barrier_iteration=2 stage=4 derivative_s=0.000108800 first_order_s=0.000055200 second_order_s=0.000040300 algebra_s=0.000255300 kkt_assembly_s=0.000167100 factor_s=0.001884800 solve_s=0.000456900 update_s=0.000104900 K_nnz=5269 rhs_cols=52 Vxx_nnz=2601
FILTERDDP_TIMING iteration=19 barrier_iteration=2 stage=3 derivative_s=0.000108300 first_order_s=0.000054400 second_order_s=0.000040600 algebra_s=0.000241500 kkt_assembly_s=0.000182300 factor_s=0.005659400 solve_s=0.001364700 update_s=0.000365300 K_nnz=5269 rhs_cols=52 Vxx_nnz=2601
FILTERDDP_TIMING iteration=19 barrier_iteration=2 stage=2 derivative_s=0.000273200 first_order_s=0.000136500 second_order_s=0.000098000 algebra_s=0.000706300 kkt_assembly_s=0.000509500 factor_s=0.006082500 solve_s=0.001376800 update_s=0.000233500 K_nnz=5269 rhs_cols=52 Vxx_nnz=2601
FILTERDDP_TIMING iteration=19 barrier_iteration=2 stage=1 derivative_s=0.000266300 first_order_s=0.000130400 second_order_s=0.000099000 algebra_s=0.000745200 kkt_assembly_s=0.000465200 factor_s=0.006075800 solve_s=0.001045300 update_s=0.000196600 K_nnz=5269 rhs_cols=52 Vxx_nnz=2601
FILTERDDP_FEASIBILITY iteration=19 barrier_iteration=2 equality_count=3372 equality_rms=3.373140200762e-02 equality_max=5.206065880179e-01 equality_worst_stage=5 equality_worst_index=509 dynamics_count=255 dynamics_rms=0.000000000000e+00 dynamics_max=0.000000000000e+00 dynamics_worst_stage=0 dynamics_worst_index=0 bound_count=4902 bound_rms=0.000000000000e+00 bound_max=0.000000000000e+00 bound_worst_stage=0 bound_worst_index=0 bound_worst_kind=none
    19   3.21650880e+03   5.2061e-01   1.7412e-01   4.4787e-02   -1.40      -     5.0000e-01   0
FILTERDDP_ITER_TIMING iteration=19 barrier_iteration=2 backward_s=0.035679900 forward_s=0.001030000 total_s=0.036709900 outcome=accepted step_size=5.000000000e-01 backtracks=0 mu=4.000000000e-02
FILTERDDP_TIMING iteration=20 barrier_iteration=2 stage=6 derivative_s=0.000211700 first_order_s=0.000089600 second_order_s=0.000094500 algebra_s=0.000592500 kkt_assembly_s=0.000381600 factor_s=0.004548300 solve_s=0.000890100 update_s=0.000164500 K_nnz=5269 rhs_cols=52 Vxx_nnz=2601
FILTERDDP_TIMING iteration=20 barrier_iteration=2 stage=5 derivative_s=0.000136800 first_order_s=0.000068300 second_order_s=0.000049900 algebra_s=0.000323300 kkt_assembly_s=0.000244600 factor_s=0.002693400 solve_s=0.000653100 update_s=0.000150600 K_nnz=5269 rhs_cols=52 Vxx_nnz=2601
FILTERDDP_TIMING iteration=20 barrier_iteration=2 stage=4 derivative_s=0.000149400 first_order_s=0.000068100 second_order_s=0.000063000 algebra_s=0.000410500 kkt_assembly_s=0.000285600 factor_s=0.002997100 solve_s=0.000640300 update_s=0.000143600 K_nnz=5269 rhs_cols=52 Vxx_nnz=2601
FILTERDDP_TIMING iteration=20 barrier_iteration=2 stage=3 derivative_s=0.000132900 first_order_s=0.000065800 second_order_s=0.000049800 algebra_s=0.000328000 kkt_assembly_s=0.000196800 factor_s=0.001853800 solve_s=0.000451600 update_s=0.000094300 K_nnz=5269 rhs_cols=52 Vxx_nnz=2601
FILTERDDP_TIMING iteration=20 barrier_iteration=2 stage=2 derivative_s=0.000105800 first_order_s=0.000052500 second_order_s=0.000039400 algebra_s=0.000239200 kkt_assembly_s=0.000169200 factor_s=0.001924800 solve_s=0.000533700 update_s=0.000102600 K_nnz=5269 rhs_cols=52 Vxx_nnz=2601
FILTERDDP_TIMING iteration=20 barrier_iteration=2 stage=1 derivative_s=0.000107500 first_order_s=0.000053900 second_order_s=0.000040400 algebra_s=0.000255000 kkt_assembly_s=0.000158000 factor_s=0.002119300 solve_s=0.000441800 update_s=0.000089100 K_nnz=5269 rhs_cols=52 Vxx_nnz=2601
FILTERDDP_FEASIBILITY iteration=20 barrier_iteration=2 equality_count=3372 equality_rms=2.236795325417e-02 equality_max=3.537776196514e-01 equality_worst_stage=5 equality_worst_index=509 dynamics_count=255 dynamics_rms=0.000000000000e+00 dynamics_max=0.000000000000e+00 dynamics_worst_stage=0 dynamics_worst_index=0 bound_count=4902 bound_rms=0.000000000000e+00 bound_max=0.000000000000e+00 bound_worst_stage=0 bound_worst_index=0 bound_worst_kind=none
FILTERDDP_ITER_TIMING iteration=20 barrier_iteration=2 backward_s=0.025351500 forward_s=0.000000000 total_s=0.025351500 outcome=barrier_update step_size=5.000000000e-01 backtracks=0 mu=4.000000000e-02
FILTERDDP_TIMING iteration=20 barrier_iteration=3 stage=6 derivative_s=0.000115900 first_order_s=0.000050300 second_order_s=0.000053000 algebra_s=0.003648200 kkt_assembly_s=0.000241900 factor_s=0.002664700 solve_s=0.000448500 update_s=0.000114900 K_nnz=5269 rhs_cols=52 Vxx_nnz=2601
FILTERDDP_TIMING iteration=20 barrier_iteration=3 stage=5 derivative_s=0.000133100 first_order_s=0.000073100 second_order_s=0.000044200 algebra_s=0.000283300 kkt_assembly_s=0.000159300 factor_s=0.001922900 solve_s=0.000423000 update_s=0.000093300 K_nnz=5269 rhs_cols=52 Vxx_nnz=2601
FILTERDDP_TIMING iteration=20 barrier_iteration=3 stage=4 derivative_s=0.000136900 first_order_s=0.000066500 second_order_s=0.000055000 algebra_s=0.000238100 kkt_assembly_s=0.000158800 factor_s=0.001851900 solve_s=0.000442500 update_s=0.000090900 K_nnz=5269 rhs_cols=52 Vxx_nnz=2601
FILTERDDP_TIMING iteration=20 barrier_iteration=3 stage=3 derivative_s=0.000109900 first_order_s=0.000051800 second_order_s=0.000037600 algebra_s=0.000225600 kkt_assembly_s=0.000154700 factor_s=0.001841900 solve_s=0.000435100 update_s=0.000104000 K_nnz=5269 rhs_cols=52 Vxx_nnz=2601
FILTERDDP_TIMING iteration=20 barrier_iteration=3 stage=2 derivative_s=0.000106200 first_order_s=0.000053000 second_order_s=0.000039500 algebra_s=0.000272000 kkt_assembly_s=0.000162500 factor_s=0.002056900 solve_s=0.000454900 update_s=0.000104100 K_nnz=5269 rhs_cols=52 Vxx_nnz=2601
FILTERDDP_TIMING iteration=20 barrier_iteration=3 stage=1 derivative_s=0.000110500 first_order_s=0.000053600 second_order_s=0.000043000 algebra_s=0.000242600 kkt_assembly_s=0.000177800 factor_s=0.001836700 solve_s=0.000426600 update_s=0.000090600 K_nnz=5269 rhs_cols=52 Vxx_nnz=2601
FILTERDDP_FEASIBILITY iteration=20 barrier_iteration=3 equality_count=3372 equality_rms=2.236795325417e-02 equality_max=3.537776196514e-01 equality_worst_stage=5 equality_worst_index=509 dynamics_count=255 dynamics_rms=0.000000000000e+00 dynamics_max=0.000000000000e+00 dynamics_worst_stage=0 dynamics_worst_index=0 bound_count=4902 bound_rms=0.000000000000e+00 bound_max=0.000000000000e+00 bound_worst_stage=0 bound_worst_index=0 bound_worst_kind=none
  iter     objective        pr_inf       du_inf       cs_inf     lg(μ)   lg(reg)    alpha     ls
    20   3.21459786e+03   3.5378e-01   7.4596e-02   4.2410e-02   -2.10      -     5.0000e-01   0
FILTERDDP_ITER_TIMING iteration=20 barrier_iteration=3 backward_s=0.022438000 forward_s=0.000504100 total_s=0.022942100 outcome=accepted step_size=5.000000000e-01 backtracks=0 mu=8.000000000e-03
FILTERDDP_TIMING iteration=21 barrier_iteration=3 stage=6 derivative_s=0.000102900 first_order_s=0.000043600 second_order_s=0.000047200 algebra_s=0.000255100 kkt_assembly_s=0.000169700 factor_s=0.001767900 solve_s=0.000491600 update_s=0.000100800 K_nnz=5269 rhs_cols=52 Vxx_nnz=2601
FILTERDDP_TIMING iteration=21 barrier_iteration=3 stage=5 derivative_s=0.000101300 first_order_s=0.000051300 second_order_s=0.000037500 algebra_s=0.000223200 kkt_assembly_s=0.000153600 factor_s=0.002053900 solve_s=0.000461700 update_s=0.000094300 K_nnz=5269 rhs_cols=52 Vxx_nnz=2601
FILTERDDP_TIMING iteration=21 barrier_iteration=3 stage=4 derivative_s=0.000101900 first_order_s=0.000051500 second_order_s=0.000037500 algebra_s=0.000223000 kkt_assembly_s=0.000162400 factor_s=0.001765500 solve_s=0.000438100 update_s=0.000092700 K_nnz=5269 rhs_cols=52 Vxx_nnz=2601
FILTERDDP_TIMING iteration=21 barrier_iteration=3 stage=3 derivative_s=0.000100300 first_order_s=0.000049200 second_order_s=0.000038500 algebra_s=0.000236500 kkt_assembly_s=0.000153800 factor_s=0.001976800 solve_s=0.000420800 update_s=0.000092100 K_nnz=5269 rhs_cols=52 Vxx_nnz=2601
FILTERDDP_TIMING iteration=21 barrier_iteration=3 stage=2 derivative_s=0.000108300 first_order_s=0.000049400 second_order_s=0.000046000 algebra_s=0.000224900 kkt_assembly_s=0.000148400 factor_s=0.001962500 solve_s=0.000456900 update_s=0.000119300 K_nnz=5269 rhs_cols=52 Vxx_nnz=2601
FILTERDDP_TIMING iteration=21 barrier_iteration=3 stage=1 derivative_s=0.000107900 first_order_s=0.000055000 second_order_s=0.000039300 algebra_s=0.000258000 kkt_assembly_s=0.000164600 factor_s=0.001888400 solve_s=0.000432300 update_s=0.000116600 K_nnz=5269 rhs_cols=52 Vxx_nnz=2601
FILTERDDP_FEASIBILITY iteration=21 barrier_iteration=3 equality_count=3372 equality_rms=1.027178975047e-01 equality_max=1.561401620570e+00 equality_worst_stage=5 equality_worst_index=509 dynamics_count=255 dynamics_rms=0.000000000000e+00 dynamics_max=0.000000000000e+00 dynamics_worst_stage=0 dynamics_worst_index=0 bound_count=4902 bound_rms=0.000000000000e+00 bound_max=0.000000000000e+00 bound_worst_stage=0 bound_worst_index=0 bound_worst_kind=none
    21   3.18587303e+03   1.5614e+00   1.5633e-01   2.6826e-02   -2.10      -     5.0000e-01   0
FILTERDDP_ITER_TIMING iteration=21 barrier_iteration=3 backward_s=0.018098800 forward_s=0.000584800 total_s=0.018683600 outcome=accepted step_size=5.000000000e-01 backtracks=0 mu=8.000000000e-03
FILTERDDP_TIMING iteration=22 barrier_iteration=3 stage=6 derivative_s=0.000107200 first_order_s=0.000044600 second_order_s=0.000049200 algebra_s=0.000276700 kkt_assembly_s=0.000195000 factor_s=0.001959200 solve_s=0.000525700 update_s=0.002401200 K_nnz=5269 rhs_cols=52 Vxx_nnz=2601
FILTERDDP_TIMING iteration=22 barrier_iteration=3 stage=5 derivative_s=0.000114000 first_order_s=0.000050900 second_order_s=0.000049100 algebra_s=0.000257800 kkt_assembly_s=0.000169900 factor_s=0.002024500 solve_s=0.000482000 update_s=0.000107200 K_nnz=5269 rhs_cols=52 Vxx_nnz=2601
FILTERDDP_TIMING iteration=22 barrier_iteration=3 stage=4 derivative_s=0.000107700 first_order_s=0.000052800 second_order_s=0.000041200 algebra_s=0.000236600 kkt_assembly_s=0.000166000 factor_s=0.001974800 solve_s=0.000450500 update_s=0.000118500 K_nnz=5269 rhs_cols=52 Vxx_nnz=2601
FILTERDDP_TIMING iteration=22 barrier_iteration=3 stage=3 derivative_s=0.000104600 first_order_s=0.000051900 second_order_s=0.000039200 algebra_s=0.000237600 kkt_assembly_s=0.000159500 factor_s=0.001857900 solve_s=0.000440200 update_s=0.000091700 K_nnz=5269 rhs_cols=52 Vxx_nnz=2601
FILTERDDP_TIMING iteration=22 barrier_iteration=3 stage=2 derivative_s=0.000163100 first_order_s=0.000110200 second_order_s=0.000039400 algebra_s=0.000234700 kkt_assembly_s=0.000170200 factor_s=0.001927000 solve_s=0.000446800 update_s=0.000094000 K_nnz=5269 rhs_cols=52 Vxx_nnz=2601
FILTERDDP_TIMING iteration=22 barrier_iteration=3 stage=1 derivative_s=0.000102400 first_order_s=0.000050000 second_order_s=0.000039100 algebra_s=0.000235200 kkt_assembly_s=0.000170400 factor_s=0.001828200 solve_s=0.000460300 update_s=0.000091300 K_nnz=5269 rhs_cols=52 Vxx_nnz=2601
FILTERDDP_FEASIBILITY iteration=22 barrier_iteration=3 equality_count=3372 equality_rms=1.060774232764e-01 equality_max=1.665944489308e+00 equality_worst_stage=5 equality_worst_index=509 dynamics_count=255 dynamics_rms=0.000000000000e+00 dynamics_max=0.000000000000e+00 dynamics_worst_stage=0 dynamics_worst_index=0 bound_count=4902 bound_rms=0.000000000000e+00 bound_max=0.000000000000e+00 bound_worst_stage=0 bound_worst_index=0 bound_worst_kind=none
    22   3.17128860e+03   1.6659e+00   1.3354e-01   1.8175e-02   -2.10      -     5.0000e-01   0
FILTERDDP_ITER_TIMING iteration=22 barrier_iteration=3 backward_s=0.020869900 forward_s=0.000509800 total_s=0.021379700 outcome=accepted step_size=5.000000000e-01 backtracks=0 mu=8.000000000e-03
FILTERDDP_TIMING iteration=23 barrier_iteration=3 stage=6 derivative_s=0.000106700 first_order_s=0.000045600 second_order_s=0.000048300 algebra_s=0.000259000 kkt_assembly_s=0.000172000 factor_s=0.001950600 solve_s=0.000569900 update_s=0.000137000 K_nnz=5269 rhs_cols=52 Vxx_nnz=2601
FILTERDDP_TIMING iteration=23 barrier_iteration=3 stage=5 derivative_s=0.000104700 first_order_s=0.000052700 second_order_s=0.000038300 algebra_s=0.000238200 kkt_assembly_s=0.000167300 factor_s=0.001952500 solve_s=0.000461700 update_s=0.000100300 K_nnz=5269 rhs_cols=52 Vxx_nnz=2601
FILTERDDP_TIMING iteration=23 barrier_iteration=3 stage=4 derivative_s=0.000109700 first_order_s=0.000056400 second_order_s=0.000039800 algebra_s=0.000237600 kkt_assembly_s=0.000165800 factor_s=0.001894300 solve_s=0.000445300 update_s=0.000099200 K_nnz=5269 rhs_cols=52 Vxx_nnz=2601
FILTERDDP_TIMING iteration=23 barrier_iteration=3 stage=3 derivative_s=0.000115800 first_order_s=0.000063500 second_order_s=0.000039400 algebra_s=0.000235400 kkt_assembly_s=0.000163100 factor_s=0.001845400 solve_s=0.000441400 update_s=0.000102300 K_nnz=5269 rhs_cols=52 Vxx_nnz=2601
FILTERDDP_TIMING iteration=23 barrier_iteration=3 stage=2 derivative_s=0.000105600 first_order_s=0.000052300 second_order_s=0.000039800 algebra_s=0.000238300 kkt_assembly_s=0.000166700 factor_s=0.002056700 solve_s=0.000425900 update_s=0.000106000 K_nnz=5269 rhs_cols=52 Vxx_nnz=2601
FILTERDDP_TIMING iteration=23 barrier_iteration=3 stage=1 derivative_s=0.000133900 first_order_s=0.000054500 second_order_s=0.000041700 algebra_s=0.000264100 kkt_assembly_s=0.000159200 factor_s=0.004120100 solve_s=0.000461900 update_s=0.000104400 K_nnz=5269 rhs_cols=52 Vxx_nnz=2601
FILTERDDP_FEASIBILITY iteration=23 barrier_iteration=3 equality_count=3372 equality_rms=7.454452683011e-02 equality_max=1.191192628629e+00 equality_worst_stage=5 equality_worst_index=509 dynamics_count=255 dynamics_rms=0.000000000000e+00 dynamics_max=0.000000000000e+00 dynamics_worst_stage=0 dynamics_worst_index=0 bound_count=4902 bound_rms=0.000000000000e+00 bound_max=0.000000000000e+00 bound_worst_stage=0 bound_worst_index=0 bound_worst_kind=none
    23   3.16396521e+03   1.1912e+00   8.4238e-02   1.2204e-02   -2.10      -     5.0000e-01   0
FILTERDDP_ITER_TIMING iteration=23 barrier_iteration=3 backward_s=0.020803500 forward_s=0.000498100 total_s=0.021301600 outcome=accepted step_size=5.000000000e-01 backtracks=0 mu=8.000000000e-03
FILTERDDP_TIMING iteration=24 barrier_iteration=3 stage=6 derivative_s=0.000101800 first_order_s=0.000042200 second_order_s=0.000046700 algebra_s=0.000269200 kkt_assembly_s=0.000181500 factor_s=0.001928600 solve_s=0.000599400 update_s=0.000116300 K_nnz=5269 rhs_cols=52 Vxx_nnz=2601
FILTERDDP_TIMING iteration=24 barrier_iteration=3 stage=5 derivative_s=0.000115700 first_order_s=0.000052000 second_order_s=0.000050300 algebra_s=0.000237800 kkt_assembly_s=0.000207000 factor_s=0.001996400 solve_s=0.000467400 update_s=0.000105900 K_nnz=5269 rhs_cols=52 Vxx_nnz=2601
FILTERDDP_TIMING iteration=24 barrier_iteration=3 stage=4 derivative_s=0.000110000 first_order_s=0.000054900 second_order_s=0.000041500 algebra_s=0.000240600 kkt_assembly_s=0.000170400 factor_s=0.001894200 solve_s=0.000461000 update_s=0.000091400 K_nnz=5269 rhs_cols=52 Vxx_nnz=2601
FILTERDDP_TIMING iteration=24 barrier_iteration=3 stage=3 derivative_s=0.000105500 first_order_s=0.000053500 second_order_s=0.000038600 algebra_s=0.000234600 kkt_assembly_s=0.000163000 factor_s=0.002069400 solve_s=0.000437400 update_s=0.000104800 K_nnz=5269 rhs_cols=52 Vxx_nnz=2601
FILTERDDP_TIMING iteration=24 barrier_iteration=3 stage=2 derivative_s=0.000106500 first_order_s=0.000052900 second_order_s=0.000040000 algebra_s=0.000284600 kkt_assembly_s=0.000175700 factor_s=0.001833500 solve_s=0.000410600 update_s=0.000092700 K_nnz=5269 rhs_cols=52 Vxx_nnz=2601
FILTERDDP_TIMING iteration=24 barrier_iteration=3 stage=1 derivative_s=0.000101200 first_order_s=0.000050400 second_order_s=0.000038300 algebra_s=0.000275500 kkt_assembly_s=0.000156000 factor_s=0.001827800 solve_s=0.000433900 update_s=0.000103100 K_nnz=5269 rhs_cols=52 Vxx_nnz=2601
FILTERDDP_FEASIBILITY iteration=24 barrier_iteration=3 equality_count=3372 equality_rms=4.449922934807e-02 equality_max=7.176106887848e-01 equality_worst_stage=5 equality_worst_index=509 dynamics_count=255 dynamics_rms=0.000000000000e+00 dynamics_max=0.000000000000e+00 dynamics_worst_stage=0 dynamics_worst_index=0 bound_count=4902 bound_rms=0.000000000000e+00 bound_max=0.000000000000e+00 bound_worst_stage=0 bound_worst_index=0 bound_worst_kind=none
    24   3.16031456e+03   7.1761e-01   4.2712e-02   6.6146e-03   -2.10      -     5.0000e-01   0
FILTERDDP_ITER_TIMING iteration=24 barrier_iteration=3 backward_s=0.018579300 forward_s=0.000509000 total_s=0.019088300 outcome=accepted step_size=5.000000000e-01 backtracks=0 mu=8.000000000e-03
FILTERDDP_TIMING iteration=25 barrier_iteration=3 stage=6 derivative_s=0.000107400 first_order_s=0.000047000 second_order_s=0.000047100 algebra_s=0.000265800 kkt_assembly_s=0.000185800 factor_s=0.001832000 solve_s=0.000535900 update_s=0.000110400 K_nnz=5269 rhs_cols=52 Vxx_nnz=2601
FILTERDDP_TIMING iteration=25 barrier_iteration=3 stage=5 derivative_s=0.000109200 first_order_s=0.000055400 second_order_s=0.000040300 algebra_s=0.000237200 kkt_assembly_s=0.000187500 factor_s=0.001897300 solve_s=0.002340500 update_s=0.000103600 K_nnz=5269 rhs_cols=52 Vxx_nnz=2601
FILTERDDP_TIMING iteration=25 barrier_iteration=3 stage=4 derivative_s=0.000132700 first_order_s=0.000068500 second_order_s=0.000046100 algebra_s=0.000249000 kkt_assembly_s=0.000162700 factor_s=0.001876000 solve_s=0.000431000 update_s=0.000087600 K_nnz=5269 rhs_cols=52 Vxx_nnz=2601
FILTERDDP_TIMING iteration=25 barrier_iteration=3 stage=3 derivative_s=0.000097500 first_order_s=0.000047400 second_order_s=0.000037600 algebra_s=0.000219700 kkt_assembly_s=0.000157700 factor_s=0.001963200 solve_s=0.000471800 update_s=0.000104500 K_nnz=5269 rhs_cols=52 Vxx_nnz=2601
FILTERDDP_TIMING iteration=25 barrier_iteration=3 stage=2 derivative_s=0.000100900 first_order_s=0.000051000 second_order_s=0.000036700 algebra_s=0.000255900 kkt_assembly_s=0.000165700 factor_s=0.001907000 solve_s=0.000433600 update_s=0.000099800 K_nnz=5269 rhs_cols=52 Vxx_nnz=2601
FILTERDDP_TIMING iteration=25 barrier_iteration=3 stage=1 derivative_s=0.000124900 first_order_s=0.000050800 second_order_s=0.000061600 algebra_s=0.000268900 kkt_assembly_s=0.000168700 factor_s=0.001909900 solve_s=0.000432800 update_s=0.000091900 K_nnz=5269 rhs_cols=52 Vxx_nnz=2601
FILTERDDP_FEASIBILITY iteration=25 barrier_iteration=3 equality_count=3372 equality_rms=2.441167704856e-02 equality_max=3.954908946205e-01 equality_worst_stage=5 equality_worst_index=509 dynamics_count=255 dynamics_rms=0.000000000000e+00 dynamics_max=0.000000000000e+00 dynamics_worst_stage=0 dynamics_worst_index=0 bound_count=4902 bound_rms=0.000000000000e+00 bound_max=0.000000000000e+00 bound_worst_stage=0 bound_worst_index=0 bound_worst_kind=none
    25   3.15849975e+03   3.9549e-01   1.8871e-02   3.4765e-03   -2.10      -     5.0000e-01   0
FILTERDDP_ITER_TIMING iteration=25 barrier_iteration=3 backward_s=0.020217000 forward_s=0.000525300 total_s=0.020742300 outcome=accepted step_size=5.000000000e-01 backtracks=0 mu=8.000000000e-03
FILTERDDP_TIMING iteration=26 barrier_iteration=3 stage=6 derivative_s=0.000103800 first_order_s=0.000043700 second_order_s=0.000047600 algebra_s=0.000267100 kkt_assembly_s=0.000197700 factor_s=0.001882800 solve_s=0.000611700 update_s=0.000158600 K_nnz=5269 rhs_cols=52 Vxx_nnz=2601
FILTERDDP_TIMING iteration=26 barrier_iteration=3 stage=5 derivative_s=0.000128700 first_order_s=0.000063200 second_order_s=0.000050300 algebra_s=0.000293700 kkt_assembly_s=0.000179900 factor_s=0.001930400 solve_s=0.000590000 update_s=0.000119800 K_nnz=5269 rhs_cols=52 Vxx_nnz=2601
FILTERDDP_TIMING iteration=26 barrier_iteration=3 stage=4 derivative_s=0.000108100 first_order_s=0.000054300 second_order_s=0.000040000 algebra_s=0.000252500 kkt_assembly_s=0.000229600 factor_s=0.003819300 solve_s=0.000450400 update_s=0.000146800 K_nnz=5269 rhs_cols=52 Vxx_nnz=2601
FILTERDDP_TIMING iteration=26 barrier_iteration=3 stage=3 derivative_s=0.000132300 first_order_s=0.000073500 second_order_s=0.000044000 algebra_s=0.000270000 kkt_assembly_s=0.000167200 factor_s=0.001947500 solve_s=0.000454400 update_s=0.000090600 K_nnz=5269 rhs_cols=52 Vxx_nnz=2601
FILTERDDP_TIMING iteration=26 barrier_iteration=3 stage=2 derivative_s=0.000099100 first_order_s=0.000049300 second_order_s=0.000036700 algebra_s=0.000221200 kkt_assembly_s=0.000155400 factor_s=0.001774700 solve_s=0.000424500 update_s=0.000089600 K_nnz=5269 rhs_cols=52 Vxx_nnz=2601
FILTERDDP_TIMING iteration=26 barrier_iteration=3 stage=1 derivative_s=0.000099500 first_order_s=0.000050200 second_order_s=0.000036500 algebra_s=0.000223000 kkt_assembly_s=0.000150600 factor_s=0.002332800 solve_s=0.000694300 update_s=0.000148100 K_nnz=5269 rhs_cols=52 Vxx_nnz=2601
FILTERDDP_FEASIBILITY iteration=26 barrier_iteration=3 equality_count=3372 equality_rms=1.280139638260e-02 equality_max=2.078521644402e-01 equality_worst_stage=5 equality_worst_index=509 dynamics_count=255 dynamics_rms=0.000000000000e+00 dynamics_max=0.000000000000e+00 dynamics_worst_stage=0 dynamics_worst_index=0 bound_count=4902 bound_rms=0.000000000000e+00 bound_max=0.000000000000e+00 bound_worst_stage=0 bound_worst_index=0 bound_worst_kind=none
    26   3.15759801e+03   2.0785e-01   7.5294e-03   1.7876e-03   -2.10      -     5.0000e-01   0
FILTERDDP_ITER_TIMING iteration=26 barrier_iteration=3 backward_s=0.021391700 forward_s=0.000775000 total_s=0.022166700 outcome=accepted step_size=5.000000000e-01 backtracks=0 mu=8.000000000e-03
FILTERDDP_TIMING iteration=27 barrier_iteration=3 stage=6 derivative_s=0.000153400 first_order_s=0.000075000 second_order_s=0.000060100 algebra_s=0.000383700 kkt_assembly_s=0.000308900 factor_s=0.002740500 solve_s=0.000804000 update_s=0.000141700 K_nnz=5269 rhs_cols=52 Vxx_nnz=2601
FILTERDDP_TIMING iteration=27 barrier_iteration=3 stage=5 derivative_s=0.000139700 first_order_s=0.000072900 second_order_s=0.000048200 algebra_s=0.000359100 kkt_assembly_s=0.000333000 factor_s=0.002020800 solve_s=0.000438800 update_s=0.001829800 K_nnz=5269 rhs_cols=52 Vxx_nnz=2601
FILTERDDP_TIMING iteration=27 barrier_iteration=3 stage=4 derivative_s=0.000116400 first_order_s=0.000053700 second_order_s=0.000038300 algebra_s=0.000240300 kkt_assembly_s=0.000212300 factor_s=0.002062700 solve_s=0.000456900 update_s=0.000105600 K_nnz=5269 rhs_cols=52 Vxx_nnz=2601
FILTERDDP_TIMING iteration=27 barrier_iteration=3 stage=3 derivative_s=0.000110100 first_order_s=0.000053900 second_order_s=0.000041400 algebra_s=0.000251400 kkt_assembly_s=0.000174300 factor_s=0.001894400 solve_s=0.000442700 update_s=0.000092000 K_nnz=5269 rhs_cols=52 Vxx_nnz=2601
FILTERDDP_TIMING iteration=27 barrier_iteration=3 stage=2 derivative_s=0.000105200 first_order_s=0.000051600 second_order_s=0.000039500 algebra_s=0.000233300 kkt_assembly_s=0.000166800 factor_s=0.001796500 solve_s=0.000447000 update_s=0.000115300 K_nnz=5269 rhs_cols=52 Vxx_nnz=2601
FILTERDDP_TIMING iteration=27 barrier_iteration=3 stage=1 derivative_s=0.000104900 first_order_s=0.000051700 second_order_s=0.000039500 algebra_s=0.000237000 kkt_assembly_s=0.000166800 factor_s=0.001978700 solve_s=0.000433300 update_s=0.000102900 K_nnz=5269 rhs_cols=52 Vxx_nnz=2601
FILTERDDP_FEASIBILITY iteration=27 barrier_iteration=3 equality_count=3372 equality_rms=6.556049015676e-03 equality_max=1.065549831922e-01 equality_worst_stage=5 equality_worst_index=509 dynamics_count=255 dynamics_rms=0.000000000000e+00 dynamics_max=0.000000000000e+00 dynamics_worst_stage=0 dynamics_worst_index=0 bound_count=4902 bound_rms=0.000000000000e+00 bound_max=0.000000000000e+00 bound_worst_stage=0 bound_worst_index=0 bound_worst_kind=none
    27   3.15714993e+03   1.0655e-01   2.6179e-03   9.0719e-04   -2.10      -     5.0000e-01   0
FILTERDDP_ITER_TIMING iteration=27 barrier_iteration=3 backward_s=0.022127100 forward_s=0.000585000 total_s=0.022712100 outcome=accepted step_size=5.000000000e-01 backtracks=0 mu=8.000000000e-03
FILTERDDP_TIMING iteration=28 barrier_iteration=3 stage=6 derivative_s=0.000108700 first_order_s=0.000047300 second_order_s=0.000047900 algebra_s=0.000266200 kkt_assembly_s=0.000186000 factor_s=0.003261800 solve_s=0.000491800 update_s=0.000099300 K_nnz=5269 rhs_cols=52 Vxx_nnz=2601
FILTERDDP_TIMING iteration=28 barrier_iteration=3 stage=5 derivative_s=0.000099400 first_order_s=0.000048400 second_order_s=0.000038000 algebra_s=0.000382000 kkt_assembly_s=0.000180800 factor_s=0.001901600 solve_s=0.000571600 update_s=0.000125700 K_nnz=5269 rhs_cols=52 Vxx_nnz=2601
FILTERDDP_TIMING iteration=28 barrier_iteration=3 stage=4 derivative_s=0.000119200 first_order_s=0.000049900 second_order_s=0.000055700 algebra_s=0.000234100 kkt_assembly_s=0.000299600 factor_s=0.001848800 solve_s=0.000423400 update_s=0.000087500 K_nnz=5269 rhs_cols=52 Vxx_nnz=2601
FILTERDDP_TIMING iteration=28 barrier_iteration=3 stage=3 derivative_s=0.000099200 first_order_s=0.000049500 second_order_s=0.000037000 algebra_s=0.000220800 kkt_assembly_s=0.000187200 factor_s=0.001886600 solve_s=0.000436500 update_s=0.000100800 K_nnz=5269 rhs_cols=52 Vxx_nnz=2601
FILTERDDP_TIMING iteration=28 barrier_iteration=3 stage=2 derivative_s=0.000103200 first_order_s=0.000050200 second_order_s=0.000039600 algebra_s=0.000244600 kkt_assembly_s=0.000174400 factor_s=0.001791300 solve_s=0.000435200 update_s=0.000124100 K_nnz=5269 rhs_cols=52 Vxx_nnz=2601
FILTERDDP_TIMING iteration=28 barrier_iteration=3 stage=1 derivative_s=0.000103200 first_order_s=0.000050900 second_order_s=0.000038800 algebra_s=0.001667200 kkt_assembly_s=0.000162400 factor_s=0.001920000 solve_s=0.000558600 update_s=0.000168100 K_nnz=5269 rhs_cols=52 Vxx_nnz=2601
FILTERDDP_FEASIBILITY iteration=28 barrier_iteration=3 equality_count=3372 equality_rms=3.317225624246e-03 equality_max=5.393777570669e-02 equality_worst_stage=5 equality_worst_index=509 dynamics_count=255 dynamics_rms=0.000000000000e+00 dynamics_max=0.000000000000e+00 dynamics_worst_stage=0 dynamics_worst_index=0 bound_count=4902 bound_rms=0.000000000000e+00 bound_max=0.000000000000e+00 bound_worst_stage=0 bound_worst_index=0 bound_worst_kind=none
FILTERDDP_ITER_TIMING iteration=28 barrier_iteration=3 backward_s=0.021442900 forward_s=0.000000000 total_s=0.021442900 outcome=barrier_update step_size=5.000000000e-01 backtracks=0 mu=8.000000000e-03
FILTERDDP_TIMING iteration=28 barrier_iteration=4 stage=6 derivative_s=0.000138800 first_order_s=0.000069600 second_order_s=0.000050100 algebra_s=0.000300900 kkt_assembly_s=0.000197900 factor_s=0.001887800 solve_s=0.000520600 update_s=0.000099900 K_nnz=5269 rhs_cols=52 Vxx_nnz=2601
FILTERDDP_TIMING iteration=28 barrier_iteration=4 stage=5 derivative_s=0.000103800 first_order_s=0.000051400 second_order_s=0.000038600 algebra_s=0.000231000 kkt_assembly_s=0.000158500 factor_s=0.001941300 solve_s=0.000463600 update_s=0.000093100 K_nnz=5269 rhs_cols=52 Vxx_nnz=2601
FILTERDDP_TIMING iteration=28 barrier_iteration=4 stage=4 derivative_s=0.000116600 first_order_s=0.000052500 second_order_s=0.000050400 algebra_s=0.000254500 kkt_assembly_s=0.000218600 factor_s=0.001888200 solve_s=0.000444100 update_s=0.000117500 K_nnz=5269 rhs_cols=52 Vxx_nnz=2601
FILTERDDP_TIMING iteration=28 barrier_iteration=4 stage=3 derivative_s=0.000105500 first_order_s=0.000052200 second_order_s=0.000040200 algebra_s=0.000238300 kkt_assembly_s=0.000171600 factor_s=0.003219500 solve_s=0.000454700 update_s=0.000101100 K_nnz=5269 rhs_cols=52 Vxx_nnz=2601
FILTERDDP_TIMING iteration=28 barrier_iteration=4 stage=2 derivative_s=0.000099100 first_order_s=0.000049500 second_order_s=0.000036600 algebra_s=0.000226800 kkt_assembly_s=0.000155100 factor_s=0.002112200 solve_s=0.000496400 update_s=0.000135900 K_nnz=5269 rhs_cols=52 Vxx_nnz=2601
FILTERDDP_TIMING iteration=28 barrier_iteration=4 stage=1 derivative_s=0.000103600 first_order_s=0.000052200 second_order_s=0.000037900 algebra_s=0.000231800 kkt_assembly_s=0.000166500 factor_s=0.001920100 solve_s=0.000426700 update_s=0.000090600 K_nnz=5269 rhs_cols=52 Vxx_nnz=2601
FILTERDDP_FEASIBILITY iteration=28 barrier_iteration=4 equality_count=3372 equality_rms=3.317225624246e-03 equality_max=5.393777570669e-02 equality_worst_stage=5 equality_worst_index=509 dynamics_count=255 dynamics_rms=0.000000000000e+00 dynamics_max=0.000000000000e+00 dynamics_worst_stage=0 dynamics_worst_index=0 bound_count=4902 bound_rms=0.000000000000e+00 bound_max=0.000000000000e+00 bound_worst_stage=0 bound_worst_index=0 bound_worst_kind=none
    28   3.15692728e+03   5.3938e-02   8.3047e-04   4.5707e-04   -2.80      -     5.0000e-01   0
FILTERDDP_ITER_TIMING iteration=28 barrier_iteration=4 backward_s=0.020028000 forward_s=0.000485800 total_s=0.020513800 outcome=accepted step_size=5.000000000e-01 backtracks=0 mu=1.600000000e-03
FILTERDDP_TIMING iteration=29 barrier_iteration=4 stage=6 derivative_s=0.000104100 first_order_s=0.000044600 second_order_s=0.000046500 algebra_s=0.000273500 kkt_assembly_s=0.000179000 factor_s=0.001826500 solve_s=0.000513200 update_s=0.000099200 K_nnz=5269 rhs_cols=52 Vxx_nnz=2601
FILTERDDP_TIMING iteration=29 barrier_iteration=4 stage=5 derivative_s=0.000102400 first_order_s=0.000051000 second_order_s=0.000038200 algebra_s=0.000249900 kkt_assembly_s=0.000165000 factor_s=0.001874700 solve_s=0.000468500 update_s=0.000110100 K_nnz=5269 rhs_cols=52 Vxx_nnz=2601
FILTERDDP_TIMING iteration=29 barrier_iteration=4 stage=4 derivative_s=0.000112100 first_order_s=0.000055100 second_order_s=0.000041600 algebra_s=0.001771600 kkt_assembly_s=0.000162300 factor_s=0.001912000 solve_s=0.000448200 update_s=0.000103300 K_nnz=5269 rhs_cols=52 Vxx_nnz=2601
FILTERDDP_TIMING iteration=29 barrier_iteration=4 stage=3 derivative_s=0.000102500 first_order_s=0.000050800 second_order_s=0.000038000 algebra_s=0.000342600 kkt_assembly_s=0.000179200 factor_s=0.001889500 solve_s=0.000442500 update_s=0.000100300 K_nnz=5269 rhs_cols=52 Vxx_nnz=2601
FILTERDDP_TIMING iteration=29 barrier_iteration=4 stage=2 derivative_s=0.000115400 first_order_s=0.000050800 second_order_s=0.000050800 algebra_s=0.000234200 kkt_assembly_s=0.000166200 factor_s=0.001853400 solve_s=0.000446400 update_s=0.000100900 K_nnz=5269 rhs_cols=52 Vxx_nnz=2601
FILTERDDP_TIMING iteration=29 barrier_iteration=4 stage=1 derivative_s=0.000148500 first_order_s=0.000081900 second_order_s=0.000047300 algebra_s=0.000248100 kkt_assembly_s=0.000165400 factor_s=0.001847500 solve_s=0.000423300 update_s=0.000085700 K_nnz=5269 rhs_cols=52 Vxx_nnz=2601
FILTERDDP_FEASIBILITY iteration=29 barrier_iteration=4 equality_count=3372 equality_rms=2.459035587776e-02 equality_max=4.248759384299e-01 equality_worst_stage=5 equality_worst_index=509 dynamics_count=255 dynamics_rms=0.000000000000e+00 dynamics_max=0.000000000000e+00 dynamics_worst_stage=0 dynamics_worst_index=0 bound_count=4902 bound_rms=0.000000000000e+00 bound_max=0.000000000000e+00 bound_worst_stage=0 bound_worst_index=0 bound_worst_kind=none
    29   3.15114111e+03   4.2488e-01   2.6105e-03   2.4532e-04   -2.80      -     5.0000e-01   0
FILTERDDP_ITER_TIMING iteration=29 barrier_iteration=4 backward_s=0.019732200 forward_s=0.000474700 total_s=0.020206900 outcome=accepted step_size=5.000000000e-01 backtracks=0 mu=1.600000000e-03
FILTERDDP_TIMING iteration=30 barrier_iteration=4 stage=6 derivative_s=0.000109900 first_order_s=0.000053300 second_order_s=0.000044000 algebra_s=0.000252200 kkt_assembly_s=0.000169800 factor_s=0.003384000 solve_s=0.000504400 update_s=0.000183000 K_nnz=5269 rhs_cols=52 Vxx_nnz=2601
FILTERDDP_TIMING iteration=30 barrier_iteration=4 stage=5 derivative_s=0.000103600 first_order_s=0.000050800 second_order_s=0.000038700 algebra_s=0.000232700 kkt_assembly_s=0.000166700 factor_s=0.002080700 solve_s=0.000471100 update_s=0.000106500 K_nnz=5269 rhs_cols=52 Vxx_nnz=2601
FILTERDDP_TIMING iteration=30 barrier_iteration=4 stage=4 derivative_s=0.000104500 first_order_s=0.000052000 second_order_s=0.000038700 algebra_s=0.000234500 kkt_assembly_s=0.000165800 factor_s=0.001912100 solve_s=0.000465200 update_s=0.000091100 K_nnz=5269 rhs_cols=52 Vxx_nnz=2601
FILTERDDP_TIMING iteration=30 barrier_iteration=4 stage=3 derivative_s=0.000099400 first_order_s=0.000049500 second_order_s=0.000036800 algebra_s=0.000229200 kkt_assembly_s=0.000164800 factor_s=0.001921500 solve_s=0.000434200 update_s=0.000100200 K_nnz=5269 rhs_cols=52 Vxx_nnz=2601
FILTERDDP_TIMING iteration=30 barrier_iteration=4 stage=2 derivative_s=0.000099800 first_order_s=0.000049400 second_order_s=0.000036900 algebra_s=0.000236100 kkt_assembly_s=0.000154700 factor_s=0.001992300 solve_s=0.000442000 update_s=0.000101000 K_nnz=5269 rhs_cols=52 Vxx_nnz=2601
FILTERDDP_TIMING iteration=30 barrier_iteration=4 stage=1 derivative_s=0.000123400 first_order_s=0.000062100 second_order_s=0.000037700 algebra_s=0.000223800 kkt_assembly_s=0.000162400 factor_s=0.003075600 solve_s=0.000447400 update_s=0.000102500 K_nnz=5269 rhs_cols=52 Vxx_nnz=2601
FILTERDDP_FEASIBILITY iteration=30 barrier_iteration=4 equality_count=3372 equality_rms=2.009019621713e-02 equality_max=3.478750970147e-01 equality_worst_stage=5 equality_worst_index=509 dynamics_count=255 dynamics_rms=0.000000000000e+00 dynamics_max=0.000000000000e+00 dynamics_worst_stage=0 dynamics_worst_index=0 bound_count=4902 bound_rms=0.000000000000e+00 bound_max=0.000000000000e+00 bound_worst_stage=0 bound_worst_index=0 bound_worst_kind=none
  iter     objective        pr_inf       du_inf       cs_inf     lg(μ)   lg(reg)    alpha     ls
    30   3.14831113e+03   3.4788e-01   2.1179e-03   1.2659e-04   -2.80      -     5.0000e-01   0
FILTERDDP_ITER_TIMING iteration=30 barrier_iteration=4 backward_s=0.021218000 forward_s=0.000495800 total_s=0.021713800 outcome=accepted step_size=5.000000000e-01 backtracks=0 mu=1.600000000e-03
FILTERDDP_TIMING iteration=31 barrier_iteration=4 stage=6 derivative_s=0.000099800 first_order_s=0.000042600 second_order_s=0.000044400 algebra_s=0.000256500 kkt_assembly_s=0.000179400 factor_s=0.001948500 solve_s=0.000473200 update_s=0.000094600 K_nnz=5269 rhs_cols=52 Vxx_nnz=2601
FILTERDDP_TIMING iteration=31 barrier_iteration=4 stage=5 derivative_s=0.000136000 first_order_s=0.000054600 second_order_s=0.000063100 algebra_s=0.000257600 kkt_assembly_s=0.000155800 factor_s=0.001918800 solve_s=0.000419200 update_s=0.000089500 K_nnz=5269 rhs_cols=52 Vxx_nnz=2601
FILTERDDP_TIMING iteration=31 barrier_iteration=4 stage=4 derivative_s=0.000111400 first_order_s=0.000061900 second_order_s=0.000036600 algebra_s=0.000221700 kkt_assembly_s=0.000155000 factor_s=0.001980700 solve_s=0.000408300 update_s=0.000087600 K_nnz=5269 rhs_cols=52 Vxx_nnz=2601
FILTERDDP_TIMING iteration=31 barrier_iteration=4 stage=3 derivative_s=0.000108800 first_order_s=0.000061000 second_order_s=0.000035100 algebra_s=0.000220800 kkt_assembly_s=0.000148800 factor_s=0.003274000 solve_s=0.000434500 update_s=0.000091100 K_nnz=5269 rhs_cols=52 Vxx_nnz=2601
FILTERDDP_TIMING iteration=31 barrier_iteration=4 stage=2 derivative_s=0.000098900 first_order_s=0.000048900 second_order_s=0.000036900 algebra_s=0.000299100 kkt_assembly_s=0.000164200 factor_s=0.001922900 solve_s=0.000426000 update_s=0.000100700 K_nnz=5269 rhs_cols=52 Vxx_nnz=2601
FILTERDDP_TIMING iteration=31 barrier_iteration=4 stage=1 derivative_s=0.000099400 first_order_s=0.000049600 second_order_s=0.000036600 algebra_s=0.000397300 kkt_assembly_s=0.000177900 factor_s=0.001886400 solve_s=0.000428200 update_s=0.000092600 K_nnz=5269 rhs_cols=52 Vxx_nnz=2601
FILTERDDP_FEASIBILITY iteration=31 barrier_iteration=4 equality_count=3372 equality_rms=1.253597399147e-02 equality_max=2.172966330421e-01 equality_worst_stage=5 equality_worst_index=509 dynamics_count=255 dynamics_rms=0.000000000000e+00 dynamics_max=0.000000000000e+00 dynamics_worst_stage=0 dynamics_worst_index=0 bound_count=4902 bound_rms=0.000000000000e+00 bound_max=0.000000000000e+00 bound_worst_stage=0 bound_worst_index=0 bound_worst_kind=none
    31   3.14693079e+03   2.1730e-01   1.1608e-03   6.3060e-05   -2.80      -     5.0000e-01   0
FILTERDDP_ITER_TIMING iteration=31 barrier_iteration=4 backward_s=0.019728600 forward_s=0.000491300 total_s=0.020219900 outcome=accepted step_size=5.000000000e-01 backtracks=0 mu=1.600000000e-03
FILTERDDP_TIMING iteration=32 barrier_iteration=4 stage=6 derivative_s=0.000101200 first_order_s=0.000042700 second_order_s=0.000045800 algebra_s=0.000255100 kkt_assembly_s=0.000209900 factor_s=0.001855200 solve_s=0.000554500 update_s=0.000099000 K_nnz=5269 rhs_cols=52 Vxx_nnz=2601
FILTERDDP_TIMING iteration=32 barrier_iteration=4 stage=5 derivative_s=0.000104000 first_order_s=0.000052100 second_order_s=0.000038400 algebra_s=0.000251200 kkt_assembly_s=0.000169700 factor_s=0.002089300 solve_s=0.000476300 update_s=0.000093800 K_nnz=5269 rhs_cols=52 Vxx_nnz=2601
FILTERDDP_TIMING iteration=32 barrier_iteration=4 stage=4 derivative_s=0.001556400 first_order_s=0.000047800 second_order_s=0.001493300 algebra_s=0.000249700 kkt_assembly_s=0.000164200 factor_s=0.001931000 solve_s=0.000424800 update_s=0.000090400 K_nnz=5269 rhs_cols=52 Vxx_nnz=2601
FILTERDDP_TIMING iteration=32 barrier_iteration=4 stage=3 derivative_s=0.000112300 first_order_s=0.000048000 second_order_s=0.000051200 algebra_s=0.000245800 kkt_assembly_s=0.000161600 factor_s=0.001979000 solve_s=0.000443800 update_s=0.000129000 K_nnz=5269 rhs_cols=52 Vxx_nnz=2601
FILTERDDP_TIMING iteration=32 barrier_iteration=4 stage=2 derivative_s=0.000099300 first_order_s=0.000049700 second_order_s=0.000036500 algebra_s=0.000275200 kkt_assembly_s=0.000181600 factor_s=0.001875600 solve_s=0.000423700 update_s=0.000086300 K_nnz=5269 rhs_cols=52 Vxx_nnz=2601
FILTERDDP_TIMING iteration=32 barrier_iteration=4 stage=1 derivative_s=0.000095800 first_order_s=0.000048400 second_order_s=0.000034900 algebra_s=0.000217900 kkt_assembly_s=0.000148800 factor_s=0.001881300 solve_s=0.000418400 update_s=0.000088500 K_nnz=5269 rhs_cols=52 Vxx_nnz=2601
FILTERDDP_FEASIBILITY iteration=32 barrier_iteration=4 equality_count=3372 equality_rms=7.015416611227e-03 equality_max=1.216942697160e-01 equality_worst_stage=5 equality_worst_index=509 dynamics_count=255 dynamics_rms=0.000000000000e+00 dynamics_max=0.000000000000e+00 dynamics_worst_stage=0 dynamics_worst_index=0 bound_count=4902 bound_rms=0.000000000000e+00 bound_max=0.000000000000e+00 bound_worst_stage=0 bound_worst_index=0 bound_worst_kind=none
    32   3.14625719e+03   1.2169e-01   4.9825e-04   3.0819e-05   -2.80      -     5.0000e-01   0
FILTERDDP_ITER_TIMING iteration=32 barrier_iteration=4 backward_s=0.019891800 forward_s=0.000460700 total_s=0.020352500 outcome=accepted step_size=5.000000000e-01 backtracks=0 mu=1.600000000e-03
FILTERDDP_TIMING iteration=33 barrier_iteration=4 stage=6 derivative_s=0.000100900 first_order_s=0.000043500 second_order_s=0.000045300 algebra_s=0.000265500 kkt_assembly_s=0.000168300 factor_s=0.003330600 solve_s=0.000484300 update_s=0.000105600 K_nnz=5269 rhs_cols=52 Vxx_nnz=2601
FILTERDDP_TIMING iteration=33 barrier_iteration=4 stage=5 derivative_s=0.000101500 first_order_s=0.000050700 second_order_s=0.000036700 algebra_s=0.000246000 kkt_assembly_s=0.000149500 factor_s=0.001907400 solve_s=0.000430600 update_s=0.000134700 K_nnz=5269 rhs_cols=52 Vxx_nnz=2601
FILTERDDP_TIMING iteration=33 barrier_iteration=4 stage=4 derivative_s=0.000111400 first_order_s=0.000055100 second_order_s=0.000041400 algebra_s=0.000275900 kkt_assembly_s=0.000222400 factor_s=0.001827700 solve_s=0.000432000 update_s=0.000102500 K_nnz=5269 rhs_cols=52 Vxx_nnz=2601
FILTERDDP_TIMING iteration=33 barrier_iteration=4 stage=3 derivative_s=0.000100400 first_order_s=0.000049500 second_order_s=0.000037600 algebra_s=0.000252400 kkt_assembly_s=0.000158200 factor_s=0.001948400 solve_s=0.000492400 update_s=0.000100500 K_nnz=5269 rhs_cols=52 Vxx_nnz=2601
FILTERDDP_TIMING iteration=33 barrier_iteration=4 stage=2 derivative_s=0.000104900 first_order_s=0.000051300 second_order_s=0.000040100 algebra_s=0.000256000 kkt_assembly_s=0.000165400 factor_s=0.001857500 solve_s=0.000435500 update_s=0.000092200 K_nnz=5269 rhs_cols=52 Vxx_nnz=2601
FILTERDDP_TIMING iteration=33 barrier_iteration=4 stage=1 derivative_s=0.000102300 first_order_s=0.000051500 second_order_s=0.000037800 algebra_s=0.000246200 kkt_assembly_s=0.000181600 factor_s=0.003168400 solve_s=0.000443300 update_s=0.000114600 K_nnz=5269 rhs_cols=52 Vxx_nnz=2601
FILTERDDP_FEASIBILITY iteration=33 barrier_iteration=4 equality_count=3372 equality_rms=3.718874195232e-03 equality_max=6.454394467467e-02 equality_worst_stage=5 equality_worst_index=509 dynamics_count=255 dynamics_rms=0.000000000000e+00 dynamics_max=0.000000000000e+00 dynamics_worst_stage=0 dynamics_worst_index=0 bound_count=4902 bound_rms=0.000000000000e+00 bound_max=0.000000000000e+00 bound_worst_stage=0 bound_worst_index=0 bound_worst_kind=none
    33   3.14592696e+03   6.4544e-02   1.8145e-04   1.5031e-05   -2.80      -     5.0000e-01   0
FILTERDDP_ITER_TIMING iteration=33 barrier_iteration=4 backward_s=0.021103700 forward_s=0.000480200 total_s=0.021583900 outcome=accepted step_size=5.000000000e-01 backtracks=0 mu=1.600000000e-03
FILTERDDP_TIMING iteration=34 barrier_iteration=4 stage=6 derivative_s=0.000103000 first_order_s=0.000044600 second_order_s=0.000045300 algebra_s=0.000256900 kkt_assembly_s=0.000186500 factor_s=0.002038200 solve_s=0.000515600 update_s=0.000108600 K_nnz=5269 rhs_cols=52 Vxx_nnz=2601
FILTERDDP_TIMING iteration=34 barrier_iteration=4 stage=5 derivative_s=0.000114900 first_order_s=0.000048700 second_order_s=0.000052900 algebra_s=0.000229200 kkt_assembly_s=0.000176300 factor_s=0.001855200 solve_s=0.000442200 update_s=0.000089900 K_nnz=5269 rhs_cols=52 Vxx_nnz=2601
FILTERDDP_TIMING iteration=34 barrier_iteration=4 stage=4 derivative_s=0.000099200 first_order_s=0.000048300 second_order_s=0.000038400 algebra_s=0.000221600 kkt_assembly_s=0.000154700 factor_s=0.001755800 solve_s=0.000411200 update_s=0.000105400 K_nnz=5269 rhs_cols=52 Vxx_nnz=2601
FILTERDDP_TIMING iteration=34 barrier_iteration=4 stage=3 derivative_s=0.000100500 first_order_s=0.000049700 second_order_s=0.000038300 algebra_s=0.000236900 kkt_assembly_s=0.000149100 factor_s=0.001825200 solve_s=0.001922700 update_s=0.000114700 K_nnz=5269 rhs_cols=52 Vxx_nnz=2601
FILTERDDP_TIMING iteration=34 barrier_iteration=4 stage=2 derivative_s=0.000112900 first_order_s=0.000061600 second_order_s=0.000037400 algebra_s=0.000231600 kkt_assembly_s=0.000163800 factor_s=0.001890500 solve_s=0.000429200 update_s=0.000090300 K_nnz=5269 rhs_cols=52 Vxx_nnz=2601
FILTERDDP_TIMING iteration=34 barrier_iteration=4 stage=1 derivative_s=0.000269800 first_order_s=0.000204600 second_order_s=0.000045400 algebra_s=0.000270800 kkt_assembly_s=0.000185100 factor_s=0.001853700 solve_s=0.000409100 update_s=0.000099100 K_nnz=5269 rhs_cols=52 Vxx_nnz=2601
FILTERDDP_FEASIBILITY iteration=34 barrier_iteration=4 equality_count=3372 equality_rms=1.916165639268e-03 equality_max=3.326727848289e-02 equality_worst_stage=5 equality_worst_index=509 dynamics_count=255 dynamics_rms=0.000000000000e+00 dynamics_max=0.000000000000e+00 dynamics_worst_stage=0 dynamics_worst_index=0 bound_count=4902 bound_rms=0.000000000000e+00 bound_max=0.000000000000e+00 bound_worst_stage=0 bound_worst_index=0 bound_worst_kind=none
    34   3.14576410e+03   3.3267e-02   5.9348e-05   7.3776e-06   -2.80      -     5.0000e-01   0
FILTERDDP_ITER_TIMING iteration=34 barrier_iteration=4 backward_s=0.019576600 forward_s=0.000471900 total_s=0.020048500 outcome=accepted step_size=5.000000000e-01 backtracks=0 mu=1.600000000e-03
FILTERDDP_TIMING iteration=35 barrier_iteration=4 stage=6 derivative_s=0.000099800 first_order_s=0.000043200 second_order_s=0.000044300 algebra_s=0.000291700 kkt_assembly_s=0.000196100 factor_s=0.002099800 solve_s=0.000518300 update_s=0.000101000 K_nnz=5269 rhs_cols=52 Vxx_nnz=2601
FILTERDDP_TIMING iteration=35 barrier_iteration=4 stage=5 derivative_s=0.000101800 first_order_s=0.000050300 second_order_s=0.000037800 algebra_s=0.000246600 kkt_assembly_s=0.000178300 factor_s=0.002036800 solve_s=0.000470200 update_s=0.000107100 K_nnz=5269 rhs_cols=52 Vxx_nnz=2601
FILTERDDP_TIMING iteration=35 barrier_iteration=4 stage=4 derivative_s=0.000107300 first_order_s=0.000052600 second_order_s=0.000041300 algebra_s=0.000267800 kkt_assembly_s=0.000170900 factor_s=0.003336100 solve_s=0.000463300 update_s=0.000095800 K_nnz=5269 rhs_cols=52 Vxx_nnz=2601
FILTERDDP_TIMING iteration=35 barrier_iteration=4 stage=3 derivative_s=0.000101300 first_order_s=0.000050400 second_order_s=0.000037600 algebra_s=0.000229900 kkt_assembly_s=0.000189600 factor_s=0.002032100 solve_s=0.000439200 update_s=0.000111600 K_nnz=5269 rhs_cols=52 Vxx_nnz=2601
FILTERDDP_TIMING iteration=35 barrier_iteration=4 stage=2 derivative_s=0.000104100 first_order_s=0.000051800 second_order_s=0.000038800 algebra_s=0.000255900 kkt_assembly_s=0.000171000 factor_s=0.002160100 solve_s=0.000431300 update_s=0.000121900 K_nnz=5269 rhs_cols=52 Vxx_nnz=2601
FILTERDDP_TIMING iteration=35 barrier_iteration=4 stage=1 derivative_s=0.000116900 first_order_s=0.000055800 second_order_s=0.000046100 algebra_s=0.000249400 kkt_assembly_s=0.000167600 factor_s=0.002268000 solve_s=0.000494100 update_s=0.000116800 K_nnz=5269 rhs_cols=52 Vxx_nnz=2601
FILTERDDP_FEASIBILITY iteration=35 barrier_iteration=4 equality_count=3372 equality_rms=9.727814904037e-04 equality_max=1.689173718746e-02 equality_worst_stage=5 equality_worst_index=509 dynamics_count=255 dynamics_rms=0.000000000000e+00 dynamics_max=0.000000000000e+00 dynamics_worst_stage=0 dynamics_worst_index=0 bound_count=4902 bound_rms=0.000000000000e+00 bound_max=0.000000000000e+00 bound_worst_stage=0 bound_worst_index=0 bound_worst_kind=none
    35   3.14568341e+03   1.6892e-02   1.8121e-05   3.6468e-06   -2.80      -     5.0000e-01   0
FILTERDDP_ITER_TIMING iteration=35 barrier_iteration=4 backward_s=0.021008500 forward_s=0.000600600 total_s=0.021609100 outcome=accepted step_size=5.000000000e-01 backtracks=0 mu=1.600000000e-03
FILTERDDP_TIMING iteration=36 barrier_iteration=4 stage=6 derivative_s=0.000126500 first_order_s=0.000052200 second_order_s=0.000056500 algebra_s=0.000296800 kkt_assembly_s=0.000167500 factor_s=0.003624100 solve_s=0.000536600 update_s=0.000117000 K_nnz=5269 rhs_cols=52 Vxx_nnz=2601
FILTERDDP_TIMING iteration=36 barrier_iteration=4 stage=5 derivative_s=0.000112900 first_order_s=0.000052200 second_order_s=0.000046400 algebra_s=0.000257700 kkt_assembly_s=0.000168800 factor_s=0.002052500 solve_s=0.000456200 update_s=0.000109900 K_nnz=5269 rhs_cols=52 Vxx_nnz=2601
FILTERDDP_TIMING iteration=36 barrier_iteration=4 stage=4 derivative_s=0.000111400 first_order_s=0.000054700 second_order_s=0.000042200 algebra_s=0.000255100 kkt_assembly_s=0.000171900 factor_s=0.001973700 solve_s=0.000474900 update_s=0.000103800 K_nnz=5269 rhs_cols=52 Vxx_nnz=2601
FILTERDDP_TIMING iteration=36 barrier_iteration=4 stage=3 derivative_s=0.000105700 first_order_s=0.000053500 second_order_s=0.000038800 algebra_s=0.000263500 kkt_assembly_s=0.000185500 factor_s=0.002121800 solve_s=0.000458500 update_s=0.000149200 K_nnz=5269 rhs_cols=52 Vxx_nnz=2601
FILTERDDP_TIMING iteration=36 barrier_iteration=4 stage=2 derivative_s=0.000107500 first_order_s=0.000054200 second_order_s=0.000039900 algebra_s=0.000261800 kkt_assembly_s=0.000160700 factor_s=0.001976500 solve_s=0.000442800 update_s=0.000106700 K_nnz=5269 rhs_cols=52 Vxx_nnz=2601
FILTERDDP_TIMING iteration=36 barrier_iteration=4 stage=1 derivative_s=0.000127200 first_order_s=0.000069400 second_order_s=0.000042800 algebra_s=0.000242900 kkt_assembly_s=0.000170500 factor_s=0.001956500 solve_s=0.002250400 update_s=0.000116200 K_nnz=5269 rhs_cols=52 Vxx_nnz=2601
FILTERDDP_FEASIBILITY iteration=36 barrier_iteration=4 equality_count=3372 equality_rms=4.901134293670e-04 equality_max=8.511204909716e-03 equality_worst_stage=5 equality_worst_index=509 dynamics_count=255 dynamics_rms=0.000000000000e+00 dynamics_max=0.000000000000e+00 dynamics_worst_stage=0 dynamics_worst_index=0 bound_count=4902 bound_rms=0.000000000000e+00 bound_max=0.000000000000e+00 bound_worst_stage=0 bound_worst_index=0 bound_worst_kind=none
FILTERDDP_ITER_TIMING iteration=36 barrier_iteration=4 backward_s=0.022690400 forward_s=0.000000000 total_s=0.022690400 outcome=barrier_update step_size=5.000000000e-01 backtracks=0 mu=1.600000000e-03
FILTERDDP_TIMING iteration=36 barrier_iteration=5 stage=6 derivative_s=0.000121500 first_order_s=0.000053500 second_order_s=0.000053300 algebra_s=0.000283300 kkt_assembly_s=0.000208600 factor_s=0.001851500 solve_s=0.000528400 update_s=0.000111900 K_nnz=5269 rhs_cols=52 Vxx_nnz=2601
FILTERDDP_TIMING iteration=36 barrier_iteration=5 stage=5 derivative_s=0.000105600 first_order_s=0.000052000 second_order_s=0.000039700 algebra_s=0.000236900 kkt_assembly_s=0.000185800 factor_s=0.001812600 solve_s=0.000482400 update_s=0.000179200 K_nnz=5269 rhs_cols=52 Vxx_nnz=2601
FILTERDDP_TIMING iteration=36 barrier_iteration=5 stage=4 derivative_s=0.000107200 first_order_s=0.000053300 second_order_s=0.000040100 algebra_s=0.000239400 kkt_assembly_s=0.000168100 factor_s=0.002113400 solve_s=0.000457000 update_s=0.000103300 K_nnz=5269 rhs_cols=52 Vxx_nnz=2601
FILTERDDP_TIMING iteration=36 barrier_iteration=5 stage=3 derivative_s=0.000109600 first_order_s=0.000054400 second_order_s=0.000041600 algebra_s=0.000239800 kkt_assembly_s=0.000179300 factor_s=0.002663500 solve_s=0.000676700 update_s=0.000134600 K_nnz=5269 rhs_cols=52 Vxx_nnz=2601
FILTERDDP_TIMING iteration=36 barrier_iteration=5 stage=2 derivative_s=0.000158600 first_order_s=0.000098100 second_order_s=0.000045100 algebra_s=0.000245600 kkt_assembly_s=0.000168700 factor_s=0.003958100 solve_s=0.000431400 update_s=0.000131600 K_nnz=5269 rhs_cols=52 Vxx_nnz=2601
FILTERDDP_TIMING iteration=36 barrier_iteration=5 stage=1 derivative_s=0.000099100 first_order_s=0.000048100 second_order_s=0.000037300 algebra_s=0.000225300 kkt_assembly_s=0.000156500 factor_s=0.001899300 solve_s=0.000483600 update_s=0.000095400 K_nnz=5269 rhs_cols=52 Vxx_nnz=2601
FILTERDDP_FEASIBILITY iteration=36 barrier_iteration=5 equality_count=3372 equality_rms=4.901134293670e-04 equality_max=8.511204909716e-03 equality_worst_stage=5 equality_worst_index=509 dynamics_count=255 dynamics_rms=0.000000000000e+00 dynamics_max=0.000000000000e+00 dynamics_worst_stage=0 dynamics_worst_index=0 bound_count=4902 bound_rms=0.000000000000e+00 bound_max=0.000000000000e+00 bound_worst_stage=0 bound_worst_index=0 bound_worst_kind=none
    36   3.14564331e+03   8.5112e-03   5.2917e-06   1.8118e-06   -3.49      -     5.0000e-01   0
FILTERDDP_ITER_TIMING iteration=36 barrier_iteration=5 backward_s=0.021761400 forward_s=0.000529800 total_s=0.022291200 outcome=accepted step_size=5.000000000e-01 backtracks=0 mu=3.200000000e-04
FILTERDDP_TIMING iteration=37 barrier_iteration=5 stage=6 derivative_s=0.000103600 first_order_s=0.000044000 second_order_s=0.000046900 algebra_s=0.000280100 kkt_assembly_s=0.000192300 factor_s=0.001863300 solve_s=0.000511600 update_s=0.000101000 K_nnz=5269 rhs_cols=52 Vxx_nnz=2601
FILTERDDP_TIMING iteration=37 barrier_iteration=5 stage=5 derivative_s=0.000103300 first_order_s=0.000050600 second_order_s=0.000039500 algebra_s=0.000222800 kkt_assembly_s=0.000160200 factor_s=0.002158400 solve_s=0.000468700 update_s=0.000119800 K_nnz=5269 rhs_cols=52 Vxx_nnz=2601
FILTERDDP_TIMING iteration=37 barrier_iteration=5 stage=4 derivative_s=0.000102000 first_order_s=0.000052000 second_order_s=0.000037300 algebra_s=0.000237200 kkt_assembly_s=0.000156500 factor_s=0.002171700 solve_s=0.000486000 update_s=0.000112400 K_nnz=5269 rhs_cols=52 Vxx_nnz=2601
FILTERDDP_TIMING iteration=37 barrier_iteration=5 stage=3 derivative_s=0.000172000 first_order_s=0.000089000 second_order_s=0.000052700 algebra_s=0.001889600 kkt_assembly_s=0.000184000 factor_s=0.002122800 solve_s=0.000433600 update_s=0.000104100 K_nnz=5269 rhs_cols=52 Vxx_nnz=2601
FILTERDDP_TIMING iteration=37 barrier_iteration=5 stage=2 derivative_s=0.000105500 first_order_s=0.000051600 second_order_s=0.000040000 algebra_s=0.000261700 kkt_assembly_s=0.000190500 factor_s=0.001884900 solve_s=0.000431800 update_s=0.000101500 K_nnz=5269 rhs_cols=52 Vxx_nnz=2601
FILTERDDP_TIMING iteration=37 barrier_iteration=5 stage=1 derivative_s=0.000105300 first_order_s=0.000052400 second_order_s=0.000039400 algebra_s=0.000253300 kkt_assembly_s=0.000166700 factor_s=0.001969000 solve_s=0.000431300 update_s=0.000092900 K_nnz=5269 rhs_cols=52 Vxx_nnz=2601
FILTERDDP_FEASIBILITY iteration=37 barrier_iteration=5 equality_count=3372 equality_rms=2.203670439955e-03 equality_max=3.883798750604e-02 equality_worst_stage=5 equality_worst_index=509 dynamics_count=255 dynamics_rms=0.000000000000e+00 dynamics_max=0.000000000000e+00 dynamics_worst_stage=0 dynamics_worst_index=0 bound_count=4902 bound_rms=0.000000000000e+00 bound_max=0.000000000000e+00 bound_worst_stage=0 bound_worst_index=0 bound_worst_kind=none
    37   3.14455743e+03   3.8838e-02   1.7675e-05   9.6613e-07   -3.49      -     5.0000e-01   0
FILTERDDP_ITER_TIMING iteration=37 barrier_iteration=5 backward_s=0.020844800 forward_s=0.000513500 total_s=0.021358300 outcome=accepted step_size=5.000000000e-01 backtracks=0 mu=3.200000000e-04
FILTERDDP_TIMING iteration=38 barrier_iteration=5 stage=6 derivative_s=0.000107800 first_order_s=0.000045900 second_order_s=0.000049400 algebra_s=0.000265400 kkt_assembly_s=0.000199600 factor_s=0.002036200 solve_s=0.000528800 update_s=0.000138300 K_nnz=5269 rhs_cols=52 Vxx_nnz=2601
FILTERDDP_TIMING iteration=38 barrier_iteration=5 stage=5 derivative_s=0.000106200 first_order_s=0.000053800 second_order_s=0.000039100 algebra_s=0.000288800 kkt_assembly_s=0.000187000 factor_s=0.003465500 solve_s=0.000447600 update_s=0.000121500 K_nnz=5269 rhs_cols=52 Vxx_nnz=2601
FILTERDDP_TIMING iteration=38 barrier_iteration=5 stage=4 derivative_s=0.000098800 first_order_s=0.000048500 second_order_s=0.000037500 algebra_s=0.000226300 kkt_assembly_s=0.000156900 factor_s=0.001928600 solve_s=0.000471800 update_s=0.000091100 K_nnz=5269 rhs_cols=52 Vxx_nnz=2601
FILTERDDP_TIMING iteration=38 barrier_iteration=5 stage=3 derivative_s=0.000096800 first_order_s=0.000048200 second_order_s=0.000036300 algebra_s=0.000220200 kkt_assembly_s=0.000166800 factor_s=0.001869600 solve_s=0.000464400 update_s=0.000119800 K_nnz=5269 rhs_cols=52 Vxx_nnz=2601
FILTERDDP_TIMING iteration=38 barrier_iteration=5 stage=2 derivative_s=0.000104300 first_order_s=0.000052200 second_order_s=0.000038700 algebra_s=0.000236100 kkt_assembly_s=0.000160000 factor_s=0.001826500 solve_s=0.000407800 update_s=0.000087200 K_nnz=5269 rhs_cols=52 Vxx_nnz=2601
FILTERDDP_TIMING iteration=38 barrier_iteration=5 stage=1 derivative_s=0.000096800 first_order_s=0.000048700 second_order_s=0.000035200 algebra_s=0.000234000 kkt_assembly_s=0.000156600 factor_s=0.002181800 solve_s=0.000507200 update_s=0.000088600 K_nnz=5269 rhs_cols=52 Vxx_nnz=2601
FILTERDDP_FEASIBILITY iteration=38 barrier_iteration=5 equality_count=3372 equality_rms=1.728986151387e-03 equality_max=3.062630408677e-02 equality_worst_stage=5 equality_worst_index=509 dynamics_count=255 dynamics_rms=0.000000000000e+00 dynamics_max=0.000000000000e+00 dynamics_worst_stage=0 dynamics_worst_index=0 bound_count=4902 bound_rms=0.000000000000e+00 bound_max=0.000000000000e+00 bound_worst_stage=0 bound_worst_index=0 bound_worst_kind=none
    38   3.14404113e+03   3.0626e-02   1.4689e-05   4.9671e-07   -3.49      -     5.0000e-01   0
FILTERDDP_ITER_TIMING iteration=38 barrier_iteration=5 backward_s=0.020239100 forward_s=0.000470400 total_s=0.020709500 outcome=accepted step_size=5.000000000e-01 backtracks=0 mu=3.200000000e-04
FILTERDDP_TIMING iteration=39 barrier_iteration=5 stage=6 derivative_s=0.000164200 first_order_s=0.000089500 second_order_s=0.000061100 algebra_s=0.000253600 kkt_assembly_s=0.000174500 factor_s=0.003409100 solve_s=0.000499800 update_s=0.000133200 K_nnz=5269 rhs_cols=52 Vxx_nnz=2601
FILTERDDP_TIMING iteration=39 barrier_iteration=5 stage=5 derivative_s=0.000100300 first_order_s=0.000049400 second_order_s=0.000037700 algebra_s=0.000228600 kkt_assembly_s=0.000162500 factor_s=0.001772400 solve_s=0.000429000 update_s=0.000086900 K_nnz=5269 rhs_cols=52 Vxx_nnz=2601
FILTERDDP_TIMING iteration=39 barrier_iteration=5 stage=4 derivative_s=0.000111900 first_order_s=0.000063600 second_order_s=0.000035200 algebra_s=0.000238300 kkt_assembly_s=0.000155800 factor_s=0.001903900 solve_s=0.000455900 update_s=0.000100100 K_nnz=5269 rhs_cols=52 Vxx_nnz=2601
FILTERDDP_TIMING iteration=39 barrier_iteration=5 stage=3 derivative_s=0.000101700 first_order_s=0.000050800 second_order_s=0.000037700 algebra_s=0.000236100 kkt_assembly_s=0.000165100 factor_s=0.002092100 solve_s=0.000446500 update_s=0.000105900 K_nnz=5269 rhs_cols=52 Vxx_nnz=2601
FILTERDDP_TIMING iteration=39 barrier_iteration=5 stage=2 derivative_s=0.000110000 first_order_s=0.000054500 second_order_s=0.000041100 algebra_s=0.000254000 kkt_assembly_s=0.000172900 factor_s=0.001871100 solve_s=0.000404400 update_s=0.000105500 K_nnz=5269 rhs_cols=52 Vxx_nnz=2601
FILTERDDP_TIMING iteration=39 barrier_iteration=5 stage=1 derivative_s=0.000176800 first_order_s=0.000119100 second_order_s=0.000042400 algebra_s=0.000242300 kkt_assembly_s=0.000168200 factor_s=0.003304100 solve_s=0.000412500 update_s=0.000110200 K_nnz=5269 rhs_cols=52 Vxx_nnz=2601
FILTERDDP_FEASIBILITY iteration=39 barrier_iteration=5 equality_count=3372 equality_rms=1.055912621848e-03 equality_max=1.880371873525e-02 equality_worst_stage=5 equality_worst_index=509 dynamics_count=255 dynamics_rms=0.000000000000e+00 dynamics_max=0.000000000000e+00 dynamics_worst_stage=0 dynamics_worst_index=0 bound_count=4902 bound_rms=0.000000000000e+00 bound_max=0.000000000000e+00 bound_worst_stage=0 bound_worst_index=0 bound_worst_kind=none
    39   3.14379553e+03   1.8804e-02   8.3827e-06   2.4691e-07   -3.49      -     5.0000e-01   0
FILTERDDP_ITER_TIMING iteration=39 barrier_iteration=5 backward_s=0.021207700 forward_s=0.000507400 total_s=0.021715100 outcome=accepted step_size=5.000000000e-01 backtracks=0 mu=3.200000000e-04
FILTERDDP_TIMING iteration=40 barrier_iteration=5 stage=6 derivative_s=0.000140600 first_order_s=0.000063800 second_order_s=0.000063500 algebra_s=0.000258000 kkt_assembly_s=0.000187200 factor_s=0.001995100 solve_s=0.000516600 update_s=0.000108000 K_nnz=5269 rhs_cols=52 Vxx_nnz=2601
FILTERDDP_TIMING iteration=40 barrier_iteration=5 stage=5 derivative_s=0.000103200 first_order_s=0.000050700 second_order_s=0.000039100 algebra_s=0.000235200 kkt_assembly_s=0.000166200 factor_s=0.001868100 solve_s=0.000504500 update_s=0.000120600 K_nnz=5269 rhs_cols=52 Vxx_nnz=2601
FILTERDDP_TIMING iteration=40 barrier_iteration=5 stage=4 derivative_s=0.000107800 first_order_s=0.000053900 second_order_s=0.000039700 algebra_s=0.000255000 kkt_assembly_s=0.000178300 factor_s=0.001829300 solve_s=0.000425700 update_s=0.000087200 K_nnz=5269 rhs_cols=52 Vxx_nnz=2601
FILTERDDP_TIMING iteration=40 barrier_iteration=5 stage=3 derivative_s=0.000098900 first_order_s=0.000050300 second_order_s=0.000036400 algebra_s=0.000225300 kkt_assembly_s=0.000155900 factor_s=0.001981800 solve_s=0.000428000 update_s=0.001498900 K_nnz=5269 rhs_cols=52 Vxx_nnz=2601
FILTERDDP_TIMING iteration=40 barrier_iteration=5 stage=2 derivative_s=0.000105100 first_order_s=0.000046700 second_order_s=0.000045800 algebra_s=0.000216000 kkt_assembly_s=0.000148000 factor_s=0.001817800 solve_s=0.000407100 update_s=0.000086800 K_nnz=5269 rhs_cols=52 Vxx_nnz=2601
FILTERDDP_TIMING iteration=40 barrier_iteration=5 stage=1 derivative_s=0.000107400 first_order_s=0.000058500 second_order_s=0.000036100 algebra_s=0.000217100 kkt_assembly_s=0.000148100 factor_s=0.001763700 solve_s=0.000411600 update_s=0.000088700 K_nnz=5269 rhs_cols=52 Vxx_nnz=2601
FILTERDDP_FEASIBILITY iteration=40 barrier_iteration=5 equality_count=3372 equality_rms=5.833635710566e-04 equality_max=1.043429868529e-02 equality_worst_stage=5 equality_worst_index=509 dynamics_count=255 dynamics_rms=0.000000000000e+00 dynamics_max=0.000000000000e+00 dynamics_worst_stage=0 dynamics_worst_index=0 bound_count=4902 bound_rms=0.000000000000e+00 bound_max=0.000000000000e+00 bound_worst_stage=0 bound_worst_index=0 bound_worst_kind=none
  iter     objective        pr_inf       du_inf       cs_inf     lg(μ)   lg(reg)    alpha     ls
    40   3.14367755e+03   1.0434e-02   3.7786e-06   1.2053e-07   -3.49      -     5.0000e-01   0
FILTERDDP_ITER_TIMING iteration=40 barrier_iteration=5 backward_s=0.019350200 forward_s=0.000489700 total_s=0.019839900 outcome=accepted step_size=5.000000000e-01 backtracks=0 mu=3.200000000e-04
FILTERDDP_TIMING iteration=41 barrier_iteration=5 stage=6 derivative_s=0.000101100 first_order_s=0.000043300 second_order_s=0.000045000 algebra_s=0.000286700 kkt_assembly_s=0.000187700 factor_s=0.002136800 solve_s=0.000524400 update_s=0.000111800 K_nnz=5269 rhs_cols=52 Vxx_nnz=2601
FILTERDDP_TIMING iteration=41 barrier_iteration=5 stage=5 derivative_s=0.000104700 first_order_s=0.000052700 second_order_s=0.000038400 algebra_s=0.000241900 kkt_assembly_s=0.000179400 factor_s=0.001917200 solve_s=0.000471200 update_s=0.000107500 K_nnz=5269 rhs_cols=52 Vxx_nnz=2601
FILTERDDP_TIMING iteration=41 barrier_iteration=5 stage=4 derivative_s=0.000103500 first_order_s=0.000053000 second_order_s=0.000037600 algebra_s=0.000239800 kkt_assembly_s=0.000165600 factor_s=0.003527100 solve_s=0.000493200 update_s=0.000105900 K_nnz=5269 rhs_cols=52 Vxx_nnz=2601
FILTERDDP_TIMING iteration=41 barrier_iteration=5 stage=3 derivative_s=0.000104000 first_order_s=0.000051800 second_order_s=0.000038300 algebra_s=0.000266400 kkt_assembly_s=0.000170000 factor_s=0.001865800 solve_s=0.000457100 update_s=0.000088400 K_nnz=5269 rhs_cols=52 Vxx_nnz=2601
FILTERDDP_TIMING iteration=41 barrier_iteration=5 stage=2 derivative_s=0.000098400 first_order_s=0.000048900 second_order_s=0.000036700 algebra_s=0.000220300 kkt_assembly_s=0.000154300 factor_s=0.002055700 solve_s=0.000489200 update_s=0.000103800 K_nnz=5269 rhs_cols=52 Vxx_nnz=2601
FILTERDDP_TIMING iteration=41 barrier_iteration=5 stage=1 derivative_s=0.000124300 first_order_s=0.000053200 second_order_s=0.000040800 algebra_s=0.000251100 kkt_assembly_s=0.000173800 factor_s=0.001883000 solve_s=0.000502300 update_s=0.000090400 K_nnz=5269 rhs_cols=52 Vxx_nnz=2601
FILTERDDP_FEASIBILITY iteration=41 barrier_iteration=5 equality_count=3372 equality_rms=3.069537399951e-04 equality_max=5.506014537092e-03 equality_worst_stage=5 equality_worst_index=509 dynamics_count=255 dynamics_rms=0.000000000000e+00 dynamics_max=0.000000000000e+00 dynamics_worst_stage=0 dynamics_worst_index=0 bound_count=4902 bound_rms=0.000000000000e+00 bound_max=0.000000000000e+00 bound_worst_stage=0 bound_worst_index=0 bound_worst_kind=none
    41   3.14362014e+03   5.5060e-03   1.4466e-06   5.8755e-08   -3.49      -     5.0000e-01   0
FILTERDDP_ITER_TIMING iteration=41 barrier_iteration=5 backward_s=0.020468000 forward_s=0.000517400 total_s=0.020985400 outcome=accepted step_size=5.000000000e-01 backtracks=0 mu=3.200000000e-04
FILTERDDP_TIMING iteration=42 barrier_iteration=5 stage=6 derivative_s=0.000105600 first_order_s=0.000046100 second_order_s=0.000046600 algebra_s=0.000296100 kkt_assembly_s=0.000190500 factor_s=0.002004900 solve_s=0.000494200 update_s=0.000106800 K_nnz=5269 rhs_cols=52 Vxx_nnz=2601
FILTERDDP_TIMING iteration=42 barrier_iteration=5 stage=5 derivative_s=0.000101600 first_order_s=0.000050700 second_order_s=0.000038400 algebra_s=0.000268700 kkt_assembly_s=0.000166600 factor_s=0.003321800 solve_s=0.000462600 update_s=0.000095100 K_nnz=5269 rhs_cols=52 Vxx_nnz=2601
FILTERDDP_TIMING iteration=42 barrier_iteration=5 stage=4 derivative_s=0.000096700 first_order_s=0.000047100 second_order_s=0.000036500 algebra_s=0.000251800 kkt_assembly_s=0.000162000 factor_s=0.001853600 solve_s=0.000518700 update_s=0.000102100 K_nnz=5269 rhs_cols=52 Vxx_nnz=2601
FILTERDDP_TIMING iteration=42 barrier_iteration=5 stage=3 derivative_s=0.000101300 first_order_s=0.000050000 second_order_s=0.000037900 algebra_s=0.000232700 kkt_assembly_s=0.000166500 factor_s=0.002129400 solve_s=0.000468400 update_s=0.000103200 K_nnz=5269 rhs_cols=52 Vxx_nnz=2601
FILTERDDP_TIMING iteration=42 barrier_iteration=5 stage=2 derivative_s=0.000102000 first_order_s=0.000049900 second_order_s=0.000038600 algebra_s=0.000232900 kkt_assembly_s=0.000176600 factor_s=0.001891900 solve_s=0.000435600 update_s=0.000090700 K_nnz=5269 rhs_cols=52 Vxx_nnz=2601
FILTERDDP_TIMING iteration=42 barrier_iteration=5 stage=1 derivative_s=0.000118800 first_order_s=0.000066500 second_order_s=0.000038700 algebra_s=0.000236300 kkt_assembly_s=0.000179100 factor_s=0.002126900 solve_s=0.000445300 update_s=0.000102800 K_nnz=5269 rhs_cols=52 Vxx_nnz=2601
FILTERDDP_FEASIBILITY iteration=42 barrier_iteration=5 equality_count=3372 equality_rms=1.575212879161e-04 equality_max=2.830093371049e-03 equality_worst_stage=5 equality_worst_index=509 dynamics_count=255 dynamics_rms=0.000000000000e+00 dynamics_max=0.000000000000e+00 dynamics_worst_stage=0 dynamics_worst_index=0 bound_count=4902 bound_rms=0.000000000000e+00 bound_max=0.000000000000e+00 bound_worst_stage=0 bound_worst_index=0 bound_worst_kind=none
FILTERDDP_ITER_TIMING iteration=42 barrier_iteration=5 backward_s=0.020293600 forward_s=0.000000000 total_s=0.020293600 outcome=barrier_update step_size=5.000000000e-01 backtracks=0 mu=3.200000000e-04
FILTERDDP_TIMING iteration=42 barrier_iteration=6 stage=6 derivative_s=0.000151200 first_order_s=0.000079400 second_order_s=0.000056200 algebra_s=0.000266800 kkt_assembly_s=0.046100500 factor_s=0.001935600 solve_s=0.000569100 update_s=0.000148400 K_nnz=5269 rhs_cols=52 Vxx_nnz=2601
FILTERDDP_TIMING iteration=42 barrier_iteration=6 stage=5 derivative_s=0.000121100 first_order_s=0.000061000 second_order_s=0.000041400 algebra_s=0.000265400 kkt_assembly_s=0.000179500 factor_s=0.002112600 solve_s=0.000470900 update_s=0.000101400 K_nnz=5269 rhs_cols=52 Vxx_nnz=2601
FILTERDDP_TIMING iteration=42 barrier_iteration=6 stage=4 derivative_s=0.000110900 first_order_s=0.000057100 second_order_s=0.000038900 algebra_s=0.000242000 kkt_assembly_s=0.000162000 factor_s=0.001945800 solve_s=0.000456200 update_s=0.000111500 K_nnz=5269 rhs_cols=52 Vxx_nnz=2601
FILTERDDP_TIMING iteration=42 barrier_iteration=6 stage=3 derivative_s=0.000115600 first_order_s=0.000058600 second_order_s=0.000042200 algebra_s=0.000276200 kkt_assembly_s=0.000190500 factor_s=0.002008900 solve_s=0.000430200 update_s=0.000105300 K_nnz=5269 rhs_cols=52 Vxx_nnz=2601
FILTERDDP_TIMING iteration=42 barrier_iteration=6 stage=2 derivative_s=0.000127600 first_order_s=0.000072800 second_order_s=0.000040200 algebra_s=0.000242800 kkt_assembly_s=0.000168800 factor_s=0.001974800 solve_s=0.000438700 update_s=0.000095500 K_nnz=5269 rhs_cols=52 Vxx_nnz=2601
FILTERDDP_TIMING iteration=42 barrier_iteration=6 stage=1 derivative_s=0.000111100 first_order_s=0.000060300 second_order_s=0.000037800 algebra_s=0.000229300 kkt_assembly_s=0.000167000 factor_s=0.342305000 solve_s=0.000698500 update_s=0.000203700 K_nnz=5269 rhs_cols=52 Vxx_nnz=2601
FILTERDDP_FEASIBILITY iteration=42 barrier_iteration=6 equality_count=3372 equality_rms=1.575212879161e-04 equality_max=2.830093371049e-03 equality_worst_stage=5 equality_worst_index=509 dynamics_count=255 dynamics_rms=0.000000000000e+00 dynamics_max=0.000000000000e+00 dynamics_worst_stage=0 dynamics_worst_index=0 bound_count=4902 bound_rms=0.000000000000e+00 bound_max=0.000000000000e+00 bound_worst_stage=0 bound_worst_index=0 bound_worst_kind=none
    42   3.14359189e+03   2.8301e-03   4.9570e-07   2.8830e-08   -4.19      -     5.0000e-01   0
FILTERDDP_ITER_TIMING iteration=42 barrier_iteration=6 backward_s=0.405773000 forward_s=0.000575400 total_s=0.406348400 outcome=accepted step_size=5.000000000e-01 backtracks=0 mu=6.400000000e-05
FILTERDDP_TIMING iteration=43 barrier_iteration=6 stage=6 derivative_s=0.000185200 first_order_s=0.000064700 second_order_s=0.000098400 algebra_s=0.000366900 kkt_assembly_s=0.000358800 factor_s=0.002340800 solve_s=0.000693000 update_s=0.000184100 K_nnz=5269 rhs_cols=52 Vxx_nnz=2601
FILTERDDP_TIMING iteration=43 barrier_iteration=6 stage=5 derivative_s=0.000167200 first_order_s=0.000078300 second_order_s=0.000071000 algebra_s=0.000326800 kkt_assembly_s=0.000197600 factor_s=0.002153600 solve_s=0.000613000 update_s=0.000167300 K_nnz=5269 rhs_cols=52 Vxx_nnz=2601
FILTERDDP_TIMING iteration=43 barrier_iteration=6 stage=4 derivative_s=0.000180400 first_order_s=0.000085500 second_order_s=0.000079400 algebra_s=0.000319000 kkt_assembly_s=0.000177700 factor_s=0.002076200 solve_s=0.000610000 update_s=0.000160100 K_nnz=5269 rhs_cols=52 Vxx_nnz=2601
FILTERDDP_TIMING iteration=43 barrier_iteration=6 stage=3 derivative_s=0.000147900 first_order_s=0.000067400 second_order_s=0.000066100 algebra_s=0.000314600 kkt_assembly_s=0.000180000 factor_s=0.002270000 solve_s=0.000591700 update_s=0.000160200 K_nnz=5269 rhs_cols=52 Vxx_nnz=2601
FILTERDDP_TIMING iteration=43 barrier_iteration=6 stage=2 derivative_s=0.000143700 first_order_s=0.000064800 second_order_s=0.000065000 algebra_s=0.000323700 kkt_assembly_s=0.000184100 factor_s=0.002067900 solve_s=0.000598600 update_s=0.000164500 K_nnz=5269 rhs_cols=52 Vxx_nnz=2601
FILTERDDP_TIMING iteration=43 barrier_iteration=6 stage=1 derivative_s=0.000140600 first_order_s=0.000064000 second_order_s=0.000063200 algebra_s=0.000321800 kkt_assembly_s=0.000183600 factor_s=0.002060300 solve_s=0.000591100 update_s=0.000159000 K_nnz=5269 rhs_cols=52 Vxx_nnz=2601
FILTERDDP_FEASIBILITY iteration=43 barrier_iteration=6 equality_count=3372 equality_rms=2.347516157427e-04 equality_max=4.340541997326e-03 equality_worst_stage=5 equality_worst_index=509 dynamics_count=255 dynamics_rms=0.000000000000e+00 dynamics_max=0.000000000000e+00 dynamics_worst_stage=0 dynamics_worst_index=0 bound_count=4902 bound_rms=0.000000000000e+00 bound_max=0.000000000000e+00 bound_worst_stage=0 bound_worst_index=0 bound_worst_kind=none
    43   3.14338778e+03   4.3405e-03   7.5837e-07   1.5370e-08   -4.19      -     5.0000e-01   0
FILTERDDP_ITER_TIMING iteration=43 barrier_iteration=6 backward_s=0.022296900 forward_s=0.000560600 total_s=0.022857500 outcome=accepted step_size=5.000000000e-01 backtracks=0 mu=6.400000000e-05
FILTERDDP_TIMING iteration=44 barrier_iteration=6 stage=6 derivative_s=0.000165400 first_order_s=0.000072200 second_order_s=0.000080200 algebra_s=0.000348000 kkt_assembly_s=0.000351300 factor_s=0.002151200 solve_s=0.000714800 update_s=0.000155200 K_nnz=5269 rhs_cols=52 Vxx_nnz=2601
FILTERDDP_TIMING iteration=44 barrier_iteration=6 stage=5 derivative_s=0.000143300 first_order_s=0.000067900 second_order_s=0.000061500 algebra_s=0.000295300 kkt_assembly_s=0.000177300 factor_s=0.002179500 solve_s=0.000571900 update_s=0.000161100 K_nnz=5269 rhs_cols=52 Vxx_nnz=2601
FILTERDDP_TIMING iteration=44 barrier_iteration=6 stage=4 derivative_s=0.000151900 first_order_s=0.000076600 second_order_s=0.000061500 algebra_s=0.000301200 kkt_assembly_s=0.000177900 factor_s=0.002085100 solve_s=0.000618300 update_s=0.000161400 K_nnz=5269 rhs_cols=52 Vxx_nnz=2601
FILTERDDP_TIMING iteration=44 barrier_iteration=6 stage=3 derivative_s=0.000159100 first_order_s=0.000065100 second_order_s=0.000080100 algebra_s=0.000300800 kkt_assembly_s=0.000181000 factor_s=0.002130900 solve_s=0.000584200 update_s=0.000173300 K_nnz=5269 rhs_cols=52 Vxx_nnz=2601
FILTERDDP_TIMING iteration=44 barrier_iteration=6 stage=2 derivative_s=0.000145800 first_order_s=0.000067600 second_order_s=0.000064100 algebra_s=0.000302100 kkt_assembly_s=0.000186000 factor_s=0.002111800 solve_s=0.000530400 update_s=0.000151300 K_nnz=5269 rhs_cols=52 Vxx_nnz=2601
FILTERDDP_TIMING iteration=44 barrier_iteration=6 stage=1 derivative_s=0.000142900 first_order_s=0.000069100 second_order_s=0.000060300 algebra_s=0.000303800 kkt_assembly_s=0.000230800 factor_s=0.002152000 solve_s=0.000905100 update_s=0.000175100 K_nnz=5269 rhs_cols=52 Vxx_nnz=2601
FILTERDDP_FEASIBILITY iteration=44 barrier_iteration=6 equality_count=3372 equality_rms=1.644583881628e-04 equality_max=3.068090538972e-03 equality_worst_stage=5 equality_worst_index=509 dynamics_count=255 dynamics_rms=0.000000000000e+00 dynamics_max=0.000000000000e+00 dynamics_worst_stage=0 dynamics_worst_index=0 bound_count=4902 bound_rms=0.000000000000e+00 bound_max=0.000000000000e+00 bound_worst_stage=0 bound_worst_index=0 bound_worst_kind=none
    44   3.14329129e+03   3.0681e-03   5.4869e-07   7.8983e-09   -4.19      -     5.0000e-01   0
FILTERDDP_ITER_TIMING iteration=44 barrier_iteration=6 backward_s=0.022180400 forward_s=0.000639500 total_s=0.022819900 outcome=accepted step_size=5.000000000e-01 backtracks=0 mu=6.400000000e-05
FILTERDDP_TIMING iteration=45 barrier_iteration=6 stage=6 derivative_s=0.000196500 first_order_s=0.000073700 second_order_s=0.000106400 algebra_s=0.000379600 kkt_assembly_s=0.000210000 factor_s=0.002219000 solve_s=0.000668900 update_s=0.000166700 K_nnz=5269 rhs_cols=52 Vxx_nnz=2601
FILTERDDP_TIMING iteration=45 barrier_iteration=6 stage=5 derivative_s=0.000145300 first_order_s=0.000068700 second_order_s=0.000062800 algebra_s=0.000407100 kkt_assembly_s=0.000191400 factor_s=0.002134800 solve_s=0.000687400 update_s=0.000180600 K_nnz=5269 rhs_cols=52 Vxx_nnz=2601
FILTERDDP_TIMING iteration=45 barrier_iteration=6 stage=4 derivative_s=0.000171500 first_order_s=0.000083300 second_order_s=0.000072600 algebra_s=0.000319200 kkt_assembly_s=0.000190200 factor_s=0.001930300 solve_s=0.000607700 update_s=0.000227600 K_nnz=5269 rhs_cols=52 Vxx_nnz=2601
FILTERDDP_TIMING iteration=45 barrier_iteration=6 stage=3 derivative_s=0.000221600 first_order_s=0.000103900 second_order_s=0.000102600 algebra_s=0.000362300 kkt_assembly_s=0.000183500 factor_s=0.002634100 solve_s=0.000592000 update_s=0.000230700 K_nnz=5269 rhs_cols=52 Vxx_nnz=2601
FILTERDDP_TIMING iteration=45 barrier_iteration=6 stage=2 derivative_s=0.000184300 first_order_s=0.000074300 second_order_s=0.000089200 algebra_s=0.000506600 kkt_assembly_s=0.000193400 factor_s=0.002420500 solve_s=0.000782300 update_s=0.000167500 K_nnz=5269 rhs_cols=52 Vxx_nnz=2601
FILTERDDP_TIMING iteration=45 barrier_iteration=6 stage=1 derivative_s=0.000154300 first_order_s=0.000071000 second_order_s=0.000068200 algebra_s=0.000349300 kkt_assembly_s=0.000188800 factor_s=0.002349400 solve_s=0.000559500 update_s=0.000138600 K_nnz=5269 rhs_cols=52 Vxx_nnz=2601
FILTERDDP_FEASIBILITY iteration=45 barrier_iteration=6 equality_count=3372 equality_rms=9.566138362230e-05 equality_max=1.790133546079e-03 equality_worst_stage=5 equality_worst_index=509 dynamics_count=255 dynamics_rms=0.000000000000e+00 dynamics_max=0.000000000000e+00 dynamics_worst_stage=0 dynamics_worst_index=0 bound_count=4902 bound_rms=0.000000000000e+00 bound_max=0.000000000000e+00 bound_worst_stage=0 bound_worst_index=0 bound_worst_kind=none
    45   3.14324501e+03   1.7901e-03   2.8503e-07   3.9183e-09   -4.19      -     5.0000e-01   0
FILTERDDP_ITER_TIMING iteration=45 barrier_iteration=6 backward_s=0.023649900 forward_s=0.000746200 total_s=0.024396100 outcome=accepted step_size=5.000000000e-01 backtracks=0 mu=6.400000000e-05
FILTERDDP_TIMING iteration=46 barrier_iteration=6 stage=6 derivative_s=0.000182200 first_order_s=0.000065200 second_order_s=0.000103200 algebra_s=0.000462500 kkt_assembly_s=0.000312300 factor_s=0.002265100 solve_s=0.000630900 update_s=0.000162000 K_nnz=5269 rhs_cols=52 Vxx_nnz=2601
FILTERDDP_TIMING iteration=46 barrier_iteration=6 stage=5 derivative_s=0.000148400 first_order_s=0.000070200 second_order_s=0.000064500 algebra_s=0.000316600 kkt_assembly_s=0.000173600 factor_s=0.002560200 solve_s=0.000690500 update_s=0.000155500 K_nnz=5269 rhs_cols=52 Vxx_nnz=2601
FILTERDDP_TIMING iteration=46 barrier_iteration=6 stage=4 derivative_s=0.000155100 first_order_s=0.000067300 second_order_s=0.000073600 algebra_s=0.000306200 kkt_assembly_s=0.000184800 factor_s=0.002159300 solve_s=0.000481100 update_s=0.000132900 K_nnz=5269 rhs_cols=52 Vxx_nnz=2601
FILTERDDP_TIMING iteration=46 barrier_iteration=6 stage=3 derivative_s=0.000145400 first_order_s=0.000071100 second_order_s=0.000060800 algebra_s=0.000311300 kkt_assembly_s=0.000168600 factor_s=0.002226500 solve_s=0.000431000 update_s=0.000148800 K_nnz=5269 rhs_cols=52 Vxx_nnz=2601
FILTERDDP_TIMING iteration=46 barrier_iteration=6 stage=2 derivative_s=0.000149500 first_order_s=0.000058300 second_order_s=0.000077200 algebra_s=0.000326000 kkt_assembly_s=0.000180600 factor_s=0.002450200 solve_s=0.000434600 update_s=0.000108400 K_nnz=5269 rhs_cols=52 Vxx_nnz=2601
FILTERDDP_TIMING iteration=46 barrier_iteration=6 stage=1 derivative_s=0.000116600 first_order_s=0.000053400 second_order_s=0.000049200 algebra_s=0.000282800 kkt_assembly_s=0.000172000 factor_s=0.002240500 solve_s=0.000508100 update_s=0.000134800 K_nnz=5269 rhs_cols=52 Vxx_nnz=2601
FILTERDDP_FEASIBILITY iteration=46 barrier_iteration=6 equality_count=3372 equality_rms=5.152667809418e-05 equality_max=9.665598011956e-04 equality_worst_stage=5 equality_worst_index=509 dynamics_count=255 dynamics_rms=0.000000000000e+00 dynamics_max=0.000000000000e+00 dynamics_worst_stage=0 dynamics_worst_index=0 bound_count=4902 bound_rms=0.000000000000e+00 bound_max=0.000000000000e+00 bound_worst_stage=0 bound_worst_index=0 bound_worst_kind=none
    46   3.14322245e+03   9.6656e-04   1.1869e-07   1.9063e-09   -4.19      -     5.0000e-01   0
FILTERDDP_ITER_TIMING iteration=46 barrier_iteration=6 backward_s=0.022395100 forward_s=0.000587600 total_s=0.022982700 outcome=accepted step_size=5.000000000e-01 backtracks=0 mu=6.400000000e-05
FILTERDDP_TIMING iteration=47 barrier_iteration=6 stage=6 derivative_s=0.000122100 first_order_s=0.000060900 second_order_s=0.000047900 algebra_s=0.000278800 kkt_assembly_s=0.000350500 factor_s=0.002067900 solve_s=0.000533000 update_s=0.000199800 K_nnz=5269 rhs_cols=52 Vxx_nnz=2601
FILTERDDP_TIMING iteration=47 barrier_iteration=6 stage=5 derivative_s=0.000137000 first_order_s=0.000065300 second_order_s=0.000058900 algebra_s=0.000247500 kkt_assembly_s=0.000165100 factor_s=0.002078900 solve_s=0.000454500 update_s=0.000102100 K_nnz=5269 rhs_cols=52 Vxx_nnz=2601
FILTERDDP_TIMING iteration=47 barrier_iteration=6 stage=4 derivative_s=0.000190600 first_order_s=0.000055100 second_order_s=0.000122100 algebra_s=0.000364000 kkt_assembly_s=0.000194400 factor_s=0.001949600 solve_s=0.000431900 update_s=0.000128400 K_nnz=5269 rhs_cols=52 Vxx_nnz=2601
FILTERDDP_TIMING iteration=47 barrier_iteration=6 stage=3 derivative_s=0.000122900 first_order_s=0.000059100 second_order_s=0.000049600 algebra_s=0.000341300 kkt_assembly_s=0.000182700 factor_s=0.002343900 solve_s=0.000417100 update_s=0.000091600 K_nnz=5269 rhs_cols=52 Vxx_nnz=2601
FILTERDDP_TIMING iteration=47 barrier_iteration=6 stage=2 derivative_s=0.000111400 first_order_s=0.000054300 second_order_s=0.000044100 algebra_s=0.000237900 kkt_assembly_s=0.000382600 factor_s=0.002188400 solve_s=0.000410500 update_s=0.000104500 K_nnz=5269 rhs_cols=52 Vxx_nnz=2601
FILTERDDP_TIMING iteration=47 barrier_iteration=6 stage=1 derivative_s=0.000102400 first_order_s=0.000049700 second_order_s=0.000040100 algebra_s=0.000259600 kkt_assembly_s=0.000156800 factor_s=0.002457500 solve_s=0.000497500 update_s=0.000117300 K_nnz=5269 rhs_cols=52 Vxx_nnz=2601
FILTERDDP_FEASIBILITY iteration=47 barrier_iteration=6 equality_count=3372 equality_rms=2.675698437257e-05 equality_max=5.029540795594e-04 equality_worst_stage=5 equality_worst_index=509 dynamics_count=255 dynamics_rms=0.000000000000e+00 dynamics_max=0.000000000000e+00 dynamics_worst_stage=0 dynamics_worst_index=0 bound_count=4902 bound_rms=0.000000000000e+00 bound_max=0.000000000000e+00 bound_worst_stage=0 bound_worst_index=0 bound_worst_kind=none
FILTERDDP_ITER_TIMING iteration=47 barrier_iteration=6 backward_s=0.020873800 forward_s=0.000000000 total_s=0.020873800 outcome=barrier_update step_size=5.000000000e-01 backtracks=0 mu=6.400000000e-05
FILTERDDP_TIMING iteration=47 barrier_iteration=7 stage=6 derivative_s=0.000123500 first_order_s=0.000051900 second_order_s=0.000058100 algebra_s=0.000332200 kkt_assembly_s=0.000378300 factor_s=0.002470400 solve_s=0.000557600 update_s=0.000118000 K_nnz=5269 rhs_cols=52 Vxx_nnz=2601
FILTERDDP_TIMING iteration=47 barrier_iteration=7 stage=5 derivative_s=0.000121200 first_order_s=0.000052100 second_order_s=0.000056300 algebra_s=0.000308900 kkt_assembly_s=0.000181400 factor_s=0.002239000 solve_s=0.000486000 update_s=0.000136300 K_nnz=5269 rhs_cols=52 Vxx_nnz=2601
FILTERDDP_TIMING iteration=47 barrier_iteration=7 stage=4 derivative_s=0.000140600 first_order_s=0.000082200 second_order_s=0.000044700 algebra_s=0.000252200 kkt_assembly_s=0.000177000 factor_s=0.002322500 solve_s=0.000487600 update_s=0.000123300 K_nnz=5269 rhs_cols=52 Vxx_nnz=2601
FILTERDDP_TIMING iteration=47 barrier_iteration=7 stage=3 derivative_s=0.000106200 first_order_s=0.000053100 second_order_s=0.000039200 algebra_s=0.000253400 kkt_assembly_s=0.000168600 factor_s=0.001989500 solve_s=0.000436300 update_s=0.000137000 K_nnz=5269 rhs_cols=52 Vxx_nnz=2601
FILTERDDP_TIMING iteration=47 barrier_iteration=7 stage=2 derivative_s=0.000216300 first_order_s=0.000125900 second_order_s=0.000076700 algebra_s=0.000430700 kkt_assembly_s=0.000170400 factor_s=0.002094900 solve_s=0.000421900 update_s=0.000133500 K_nnz=5269 rhs_cols=52 Vxx_nnz=2601
FILTERDDP_TIMING iteration=47 barrier_iteration=7 stage=1 derivative_s=0.000145800 first_order_s=0.000055100 second_order_s=0.000077400 algebra_s=0.000367800 kkt_assembly_s=0.000170500 factor_s=0.002178000 solve_s=0.000455900 update_s=0.000105200 K_nnz=5269 rhs_cols=52 Vxx_nnz=2601
FILTERDDP_FEASIBILITY iteration=47 barrier_iteration=7 equality_count=3372 equality_rms=2.675698437257e-05 equality_max=5.029540795594e-04 equality_worst_stage=5 equality_worst_index=509 dynamics_count=255 dynamics_rms=0.000000000000e+00 dynamics_max=0.000000000000e+00 dynamics_worst_stage=0 dynamics_worst_index=0 bound_count=4902 bound_rms=0.000000000000e+00 bound_max=0.000000000000e+00 bound_worst_stage=0 bound_worst_index=0 bound_worst_kind=none
    47   3.14321133e+03   5.0295e-04   4.2443e-08   9.2158e-10   -5.03      -     5.0000e-01   0
FILTERDDP_ITER_TIMING iteration=47 barrier_iteration=7 backward_s=0.021326700 forward_s=0.000638700 total_s=0.021965400 outcome=accepted step_size=5.000000000e-01 backtracks=0 mu=9.277179695e-06
FILTERDDP_TIMING iteration=48 barrier_iteration=7 stage=6 derivative_s=0.000220700 first_order_s=0.000068000 second_order_s=0.000139400 algebra_s=0.000457400 kkt_assembly_s=0.000323600 factor_s=0.002461500 solve_s=0.000595500 update_s=0.000171700 K_nnz=5269 rhs_cols=52 Vxx_nnz=2601
FILTERDDP_TIMING iteration=48 barrier_iteration=7 stage=5 derivative_s=0.000124900 first_order_s=0.000061900 second_order_s=0.000048900 algebra_s=0.000338400 kkt_assembly_s=0.000168500 factor_s=0.002529300 solve_s=0.000476600 update_s=0.000118100 K_nnz=5269 rhs_cols=52 Vxx_nnz=2601
FILTERDDP_TIMING iteration=48 barrier_iteration=7 stage=4 derivative_s=0.000118500 first_order_s=0.000056400 second_order_s=0.000048600 algebra_s=0.000282700 kkt_assembly_s=0.000185500 factor_s=0.002547500 solve_s=0.000446900 update_s=0.000101800 K_nnz=5269 rhs_cols=52 Vxx_nnz=2601
FILTERDDP_TIMING iteration=48 barrier_iteration=7 stage=3 derivative_s=0.000110400 first_order_s=0.000059900 second_order_s=0.000037000 algebra_s=0.000254400 kkt_assembly_s=0.000164300 factor_s=0.002374700 solve_s=0.000492000 update_s=0.000089300 K_nnz=5269 rhs_cols=52 Vxx_nnz=2601
FILTERDDP_TIMING iteration=48 barrier_iteration=7 stage=2 derivative_s=0.000104200 first_order_s=0.000055700 second_order_s=0.000036100 algebra_s=0.000227300 kkt_assembly_s=0.000173800 factor_s=0.002969000 solve_s=0.000426800 update_s=0.000115100 K_nnz=5269 rhs_cols=52 Vxx_nnz=2601
FILTERDDP_TIMING iteration=48 barrier_iteration=7 stage=1 derivative_s=0.000145900 first_order_s=0.000077300 second_order_s=0.000054300 algebra_s=0.000252300 kkt_assembly_s=0.000168200 factor_s=0.002741800 solve_s=0.000427100 update_s=0.000101600 K_nnz=5269 rhs_cols=52 Vxx_nnz=2601
FILTERDDP_FEASIBILITY iteration=48 barrier_iteration=7 equality_count=3372 equality_rms=2.535072494434e-05 equality_max=4.860446264094e-04 equality_worst_stage=5 equality_worst_index=509 dynamics_count=255 dynamics_rms=0.000000000000e+00 dynamics_max=0.000000000000e+00 dynamics_worst_stage=0 dynamics_worst_index=0 bound_count=4902 bound_rms=0.000000000000e+00 bound_max=0.000000000000e+00 bound_worst_stage=0 bound_worst_index=0 bound_worst_kind=none
    48   3.14316872e+03   4.8604e-04   4.6515e-08   4.9707e-10   -5.03      -     5.0000e-01   0
FILTERDDP_ITER_TIMING iteration=48 barrier_iteration=7 backward_s=0.023390200 forward_s=0.000664000 total_s=0.024054200 outcome=accepted step_size=5.000000000e-01 backtracks=0 mu=9.277179695e-06
FILTERDDP_TIMING iteration=49 barrier_iteration=7 stage=6 derivative_s=0.000136600 first_order_s=0.000052900 second_order_s=0.000070600 algebra_s=0.000586600 kkt_assembly_s=0.000404400 factor_s=0.002575900 solve_s=0.000675500 update_s=0.000134100 K_nnz=5269 rhs_cols=52 Vxx_nnz=2601
FILTERDDP_TIMING iteration=49 barrier_iteration=7 stage=5 derivative_s=0.000124400 first_order_s=0.000065600 second_order_s=0.000045100 algebra_s=0.000253000 kkt_assembly_s=0.000166600 factor_s=0.002421200 solve_s=0.000422900 update_s=0.000097200 K_nnz=5269 rhs_cols=52 Vxx_nnz=2601
FILTERDDP_TIMING iteration=49 barrier_iteration=7 stage=4 derivative_s=0.000107700 first_order_s=0.000057900 second_order_s=0.000037200 algebra_s=0.000240000 kkt_assembly_s=0.000181200 factor_s=0.002534000 solve_s=0.000446400 update_s=0.000110400 K_nnz=5269 rhs_cols=52 Vxx_nnz=2601
FILTERDDP_TIMING iteration=49 barrier_iteration=7 stage=3 derivative_s=0.000117500 first_order_s=0.000063600 second_order_s=0.000039600 algebra_s=0.000296800 kkt_assembly_s=0.000261500 factor_s=0.002479900 solve_s=0.000432500 update_s=0.000095800 K_nnz=5269 rhs_cols=52 Vxx_nnz=2601
FILTERDDP_TIMING iteration=49 barrier_iteration=7 stage=2 derivative_s=0.000118600 first_order_s=0.000063600 second_order_s=0.000041900 algebra_s=0.000254300 kkt_assembly_s=0.000166700 factor_s=0.002355500 solve_s=0.000418400 update_s=0.000099200 K_nnz=5269 rhs_cols=52 Vxx_nnz=2601
FILTERDDP_TIMING iteration=49 barrier_iteration=7 stage=1 derivative_s=0.000102100 first_order_s=0.000053700 second_order_s=0.000035700 algebra_s=0.000241500 kkt_assembly_s=0.000202100 factor_s=0.002441500 solve_s=0.000475700 update_s=0.000116200 K_nnz=5269 rhs_cols=52 Vxx_nnz=2601
FILTERDDP_FEASIBILITY iteration=49 barrier_iteration=7 equality_count=3372 equality_rms=1.619322686499e-05 equality_max=3.151735314753e-04 equality_worst_stage=5 equality_worst_index=509 dynamics_count=255 dynamics_rms=0.000000000000e+00 dynamics_max=0.000000000000e+00 dynamics_worst_stage=0 dynamics_worst_index=0 bound_count=4902 bound_rms=0.000000000000e+00 bound_max=0.000000000000e+00 bound_worst_stage=0 bound_worst_index=0 bound_worst_kind=none
    49   3.14314801e+03   3.1517e-04   3.1220e-08   2.5904e-10   -5.03      -     5.0000e-01   0
FILTERDDP_ITER_TIMING iteration=49 barrier_iteration=7 backward_s=0.022706100 forward_s=0.000593100 total_s=0.023299200 outcome=accepted step_size=5.000000000e-01 backtracks=0 mu=9.277179695e-06
FILTERDDP_TIMING iteration=50 barrier_iteration=7 stage=6 derivative_s=0.000209600 first_order_s=0.000086900 second_order_s=0.000107900 algebra_s=0.000579200 kkt_assembly_s=0.000360600 factor_s=0.002582400 solve_s=0.000536400 update_s=0.000152200 K_nnz=5269 rhs_cols=52 Vxx_nnz=2601
FILTERDDP_TIMING iteration=50 barrier_iteration=7 stage=5 derivative_s=0.000130500 first_order_s=0.000059400 second_order_s=0.000056900 algebra_s=0.000239900 kkt_assembly_s=0.000164800 factor_s=0.010970300 solve_s=0.000653500 update_s=0.000146800 K_nnz=5269 rhs_cols=52 Vxx_nnz=2601
FILTERDDP_TIMING iteration=50 barrier_iteration=7 stage=4 derivative_s=0.000139500 first_order_s=0.000067100 second_order_s=0.000050300 algebra_s=0.000298200 kkt_assembly_s=0.000204800 factor_s=0.001921500 solve_s=0.000546800 update_s=0.000157400 K_nnz=5269 rhs_cols=52 Vxx_nnz=2601
FILTERDDP_TIMING iteration=50 barrier_iteration=7 stage=3 derivative_s=0.000133700 first_order_s=0.000064200 second_order_s=0.000048600 algebra_s=0.000278300 kkt_assembly_s=0.000201900 factor_s=0.001963500 solve_s=0.000471900 update_s=0.000124900 K_nnz=5269 rhs_cols=52 Vxx_nnz=2601
FILTERDDP_TIMING iteration=50 barrier_iteration=7 stage=2 derivative_s=0.000120500 first_order_s=0.000058700 second_order_s=0.000044500 algebra_s=0.000254700 kkt_assembly_s=0.000177000 factor_s=0.001936300 solve_s=0.000461100 update_s=0.000120800 K_nnz=5269 rhs_cols=52 Vxx_nnz=2601
FILTERDDP_TIMING iteration=50 barrier_iteration=7 stage=1 derivative_s=0.000117300 first_order_s=0.000056100 second_order_s=0.000044900 algebra_s=0.000243900 kkt_assembly_s=0.000168700 factor_s=0.002010900 solve_s=0.000436800 update_s=0.000121100 K_nnz=5269 rhs_cols=52 Vxx_nnz=2601
FILTERDDP_FEASIBILITY iteration=50 barrier_iteration=7 equality_count=3372 equality_rms=9.124782278171e-06 equality_max=1.795368734968e-04 equality_worst_stage=5 equality_worst_index=509 dynamics_count=255 dynamics_rms=0.000000000000e+00 dynamics_max=0.000000000000e+00 dynamics_worst_stage=0 dynamics_worst_index=0 bound_count=4902 bound_rms=0.000000000000e+00 bound_max=0.000000000000e+00 bound_worst_stage=0 bound_worst_index=0 bound_worst_kind=none
  iter     objective        pr_inf       du_inf       cs_inf     lg(μ)   lg(reg)    alpha     ls
    50   3.14313785e+03   1.7954e-04   1.6188e-08   1.2950e-10   -5.03      -     5.0000e-01   0
FILTERDDP_ITER_TIMING iteration=50 barrier_iteration=7 backward_s=0.029751700 forward_s=0.000614700 total_s=0.030366400 outcome=accepted step_size=5.000000000e-01 backtracks=0 mu=9.277179695e-06
FILTERDDP_TIMING iteration=51 barrier_iteration=7 stage=6 derivative_s=0.000112400 first_order_s=0.000048500 second_order_s=0.000049500 algebra_s=0.000296500 kkt_assembly_s=0.000193200 factor_s=0.002111500 solve_s=0.000535400 update_s=0.000140000 K_nnz=5269 rhs_cols=52 Vxx_nnz=2601
FILTERDDP_TIMING iteration=51 barrier_iteration=7 stage=5 derivative_s=0.000112200 first_order_s=0.000055800 second_order_s=0.000041400 algebra_s=0.000235900 kkt_assembly_s=0.000172100 factor_s=0.001907100 solve_s=0.000483900 update_s=0.000121100 K_nnz=5269 rhs_cols=52 Vxx_nnz=2601
FILTERDDP_TIMING iteration=51 barrier_iteration=7 stage=4 derivative_s=0.000116600 first_order_s=0.000056200 second_order_s=0.000046100 algebra_s=0.000241100 kkt_assembly_s=0.000169600 factor_s=0.001972000 solve_s=0.000482700 update_s=0.000121300 K_nnz=5269 rhs_cols=52 Vxx_nnz=2601
FILTERDDP_TIMING iteration=51 barrier_iteration=7 stage=3 derivative_s=0.000118600 first_order_s=0.000058500 second_order_s=0.000045800 algebra_s=0.000252300 kkt_assembly_s=0.000163400 factor_s=0.001914100 solve_s=0.000473700 update_s=0.000126900 K_nnz=5269 rhs_cols=52 Vxx_nnz=2601
FILTERDDP_TIMING iteration=51 barrier_iteration=7 stage=2 derivative_s=0.000113100 first_order_s=0.000055700 second_order_s=0.000043500 algebra_s=0.000238800 kkt_assembly_s=0.000170700 factor_s=0.001941300 solve_s=0.000429400 update_s=0.000128300 K_nnz=5269 rhs_cols=52 Vxx_nnz=2601
FILTERDDP_TIMING iteration=51 barrier_iteration=7 stage=1 derivative_s=0.000133200 first_order_s=0.000077000 second_order_s=0.000041700 algebra_s=0.000245700 kkt_assembly_s=0.000196300 factor_s=0.002112100 solve_s=0.000436600 update_s=0.000095800 K_nnz=5269 rhs_cols=52 Vxx_nnz=2601
FILTERDDP_FEASIBILITY iteration=51 barrier_iteration=7 equality_count=3372 equality_rms=4.853874887333e-06 equality_max=9.620343586619e-05 equality_worst_stage=5 equality_worst_index=509 dynamics_count=255 dynamics_rms=0.000000000000e+00 dynamics_max=0.000000000000e+00 dynamics_worst_stage=0 dynamics_worst_index=0 bound_count=4902 bound_rms=0.000000000000e+00 bound_max=0.000000000000e+00 bound_worst_stage=0 bound_worst_index=0 bound_worst_kind=none
    51   3.14313283e+03   9.6203e-05   7.3301e-09   6.2652e-11   -5.03      -     5.0000e-01   0
FILTERDDP_ITER_TIMING iteration=51 barrier_iteration=7 backward_s=0.019211600 forward_s=0.000595500 total_s=0.019807100 outcome=accepted step_size=5.000000000e-01 backtracks=0 mu=9.277179695e-06
FILTERDDP_TIMING iteration=52 barrier_iteration=7 stage=6 derivative_s=0.000119700 first_order_s=0.000057000 second_order_s=0.000049600 algebra_s=0.000263000 kkt_assembly_s=0.000201000 factor_s=0.001960000 solve_s=0.000522700 update_s=0.000102400 K_nnz=5269 rhs_cols=52 Vxx_nnz=2601
FILTERDDP_TIMING iteration=52 barrier_iteration=7 stage=5 derivative_s=0.000126200 first_order_s=0.000071000 second_order_s=0.000041600 algebra_s=0.000259000 kkt_assembly_s=0.000170500 factor_s=0.001927900 solve_s=0.000462100 update_s=0.000097000 K_nnz=5269 rhs_cols=52 Vxx_nnz=2601
FILTERDDP_TIMING iteration=52 barrier_iteration=7 stage=4 derivative_s=0.000121800 first_order_s=0.000068300 second_order_s=0.000040200 algebra_s=0.000267700 kkt_assembly_s=0.000160600 factor_s=0.001909400 solve_s=0.000515700 update_s=0.000110900 K_nnz=5269 rhs_cols=52 Vxx_nnz=2601
FILTERDDP_TIMING iteration=52 barrier_iteration=7 stage=3 derivative_s=0.000117600 first_order_s=0.000054300 second_order_s=0.000049900 algebra_s=0.000258200 kkt_assembly_s=0.000185200 factor_s=0.001905600 solve_s=0.000447100 update_s=0.000094200 K_nnz=5269 rhs_cols=52 Vxx_nnz=2601
FILTERDDP_TIMING iteration=52 barrier_iteration=7 stage=2 derivative_s=0.000099800 first_order_s=0.000049600 second_order_s=0.000037200 algebra_s=0.000241700 kkt_assembly_s=0.000157500 factor_s=0.002117600 solve_s=0.000443400 update_s=0.000114800 K_nnz=5269 rhs_cols=52 Vxx_nnz=2601
FILTERDDP_TIMING iteration=52 barrier_iteration=7 stage=1 derivative_s=0.000106400 first_order_s=0.000052500 second_order_s=0.000040300 algebra_s=0.000277400 kkt_assembly_s=0.000170300 factor_s=0.001803500 solve_s=0.000443700 update_s=0.000106200 K_nnz=5269 rhs_cols=52 Vxx_nnz=2601
FILTERDDP_FEASIBILITY iteration=52 barrier_iteration=7 equality_count=3372 equality_rms=2.506333987926e-06 equality_max=4.990631750240e-05 equality_worst_stage=5 equality_worst_index=509 dynamics_count=255 dynamics_rms=0.000000000000e+00 dynamics_max=0.000000000000e+00 dynamics_worst_stage=0 dynamics_worst_index=0 bound_count=4902 bound_rms=0.000000000000e+00 bound_max=0.000000000000e+00 bound_worst_stage=0 bound_worst_index=0 bound_worst_kind=none
FILTERDDP_ITER_TIMING iteration=52 barrier_iteration=7 backward_s=0.018772900 forward_s=0.000000000 total_s=0.018772900 outcome=barrier_update step_size=5.000000000e-01 backtracks=0 mu=9.277179695e-06
FILTERDDP_TIMING iteration=52 barrier_iteration=8 stage=6 derivative_s=0.000124900 first_order_s=0.000055400 second_order_s=0.000056400 algebra_s=0.000267700 kkt_assembly_s=0.000189700 factor_s=0.002006000 solve_s=0.000527900 update_s=0.000096800 K_nnz=5269 rhs_cols=52 Vxx_nnz=2601
FILTERDDP_TIMING iteration=52 barrier_iteration=8 stage=5 derivative_s=0.000108400 first_order_s=0.000051100 second_order_s=0.000044100 algebra_s=0.000230400 kkt_assembly_s=0.000157800 factor_s=0.001794800 solve_s=0.000442900 update_s=0.000091800 K_nnz=5269 rhs_cols=52 Vxx_nnz=2601
FILTERDDP_TIMING iteration=52 barrier_iteration=8 stage=4 derivative_s=0.000113000 first_order_s=0.000059500 second_order_s=0.000040500 algebra_s=0.000231500 kkt_assembly_s=0.000150700 factor_s=0.001785600 solve_s=0.000433800 update_s=0.000090400 K_nnz=5269 rhs_cols=52 Vxx_nnz=2601
FILTERDDP_TIMING iteration=52 barrier_iteration=8 stage=3 derivative_s=0.000099700 first_order_s=0.000050600 second_order_s=0.000036600 algebra_s=0.000233800 kkt_assembly_s=0.000162300 factor_s=0.002180700 solve_s=0.000441300 update_s=0.000110500 K_nnz=5269 rhs_cols=52 Vxx_nnz=2601
FILTERDDP_TIMING iteration=52 barrier_iteration=8 stage=2 derivative_s=0.000110700 first_order_s=0.000058400 second_order_s=0.000039200 algebra_s=0.000250900 kkt_assembly_s=0.000170900 factor_s=0.001908300 solve_s=0.000447900 update_s=0.000105600 K_nnz=5269 rhs_cols=52 Vxx_nnz=2601
FILTERDDP_TIMING iteration=52 barrier_iteration=8 stage=1 derivative_s=0.000114000 first_order_s=0.000059500 second_order_s=0.000041400 algebra_s=0.000224800 kkt_assembly_s=0.000173900 factor_s=0.001945100 solve_s=0.000458300 update_s=0.000114300 K_nnz=5269 rhs_cols=52 Vxx_nnz=2601
FILTERDDP_FEASIBILITY iteration=52 barrier_iteration=8 equality_count=3372 equality_rms=2.506333987926e-06 equality_max=4.990631750240e-05 equality_worst_stage=5 equality_worst_index=509 dynamics_count=255 dynamics_rms=0.000000000000e+00 dynamics_max=0.000000000000e+00 dynamics_worst_stage=0 dynamics_worst_index=0 bound_count=4902 bound_rms=0.000000000000e+00 bound_max=0.000000000000e+00 bound_worst_stage=0 bound_worst_index=0 bound_worst_kind=none
    52   3.14313034e+03   4.9906e-05   3.1785e-09   3.3406e-11   -6.04      -     5.0000e-01   0
FILTERDDP_ITER_TIMING iteration=52 barrier_iteration=8 backward_s=0.018455800 forward_s=0.000573200 total_s=0.019029000 outcome=accepted step_size=2.500000000e-01 backtracks=0 mu=9.139010210e-07
FILTERDDP_TIMING iteration=53 barrier_iteration=8 stage=6 derivative_s=0.000103800 first_order_s=0.000043400 second_order_s=0.000047900 algebra_s=0.000276600 kkt_assembly_s=0.000224400 factor_s=0.001923800 solve_s=0.000518600 update_s=0.000122200 K_nnz=5269 rhs_cols=52 Vxx_nnz=2601
FILTERDDP_TIMING iteration=53 barrier_iteration=8 stage=5 derivative_s=0.000118000 first_order_s=0.000058400 second_order_s=0.000045900 algebra_s=0.000269400 kkt_assembly_s=0.000168200 factor_s=0.001935100 solve_s=0.000575900 update_s=0.000176200 K_nnz=5269 rhs_cols=52 Vxx_nnz=2601
FILTERDDP_TIMING iteration=53 barrier_iteration=8 stage=4 derivative_s=0.000158300 first_order_s=0.000073100 second_order_s=0.000070800 algebra_s=0.000302900 kkt_assembly_s=0.000175800 factor_s=0.001951200 solve_s=0.000437400 update_s=0.000097700 K_nnz=5269 rhs_cols=52 Vxx_nnz=2601
FILTERDDP_TIMING iteration=53 barrier_iteration=8 stage=3 derivative_s=0.000103600 first_order_s=0.000048500 second_order_s=0.000042300 algebra_s=0.000224000 kkt_assembly_s=0.000171600 factor_s=0.002034200 solve_s=0.000430800 update_s=0.000108700 K_nnz=5269 rhs_cols=52 Vxx_nnz=2601
FILTERDDP_TIMING iteration=53 barrier_iteration=8 stage=2 derivative_s=0.000114500 first_order_s=0.000062800 second_order_s=0.000039000 algebra_s=0.000270200 kkt_assembly_s=0.000155200 factor_s=0.002162100 solve_s=0.000457300 update_s=0.000116800 K_nnz=5269 rhs_cols=52 Vxx_nnz=2601
FILTERDDP_TIMING iteration=53 barrier_iteration=8 stage=1 derivative_s=0.000101800 first_order_s=0.000050600 second_order_s=0.000038400 algebra_s=0.000240300 kkt_assembly_s=0.000163700 factor_s=0.002043200 solve_s=0.000453500 update_s=0.000133300 K_nnz=5269 rhs_cols=52 Vxx_nnz=2601
FILTERDDP_FEASIBILITY iteration=53 barrier_iteration=8 equality_count=3372 equality_rms=1.999492386396e-06 equality_max=4.008599523353e-05 equality_worst_stage=5 equality_worst_index=509 dynamics_count=255 dynamics_rms=0.000000000000e+00 dynamics_max=0.000000000000e+00 dynamics_worst_stage=0 dynamics_worst_index=0 bound_count=4902 bound_rms=0.000000000000e+00 bound_max=0.000000000000e+00 bound_worst_stage=0 bound_worst_index=0 bound_worst_kind=none
    53   3.14312701e+03   4.0086e-05   3.1506e-09   2.5235e-11   -6.04      -     2.5000e-01   0
FILTERDDP_ITER_TIMING iteration=53 barrier_iteration=8 backward_s=0.019453900 forward_s=0.000949300 total_s=0.020403200 outcome=accepted step_size=2.500000000e-01 backtracks=0 mu=9.139010210e-07
FILTERDDP_TIMING iteration=54 barrier_iteration=8 stage=6 derivative_s=0.000110200 first_order_s=0.000045900 second_order_s=0.000051300 algebra_s=0.000356100 kkt_assembly_s=0.000189200 factor_s=0.002224500 solve_s=0.000518400 update_s=0.000098300 K_nnz=5269 rhs_cols=52 Vxx_nnz=2601
FILTERDDP_TIMING iteration=54 barrier_iteration=8 stage=5 derivative_s=0.000102100 first_order_s=0.000050800 second_order_s=0.000038200 algebra_s=0.000249900 kkt_assembly_s=0.000161300 factor_s=0.001965600 solve_s=0.000463600 update_s=0.000107700 K_nnz=5269 rhs_cols=52 Vxx_nnz=2601
FILTERDDP_TIMING iteration=54 barrier_iteration=8 stage=4 derivative_s=0.000117700 first_order_s=0.000066100 second_order_s=0.000037800 algebra_s=0.000238900 kkt_assembly_s=0.000166500 factor_s=0.002091500 solve_s=0.000434000 update_s=0.000093800 K_nnz=5269 rhs_cols=52 Vxx_nnz=2601
FILTERDDP_TIMING iteration=54 barrier_iteration=8 stage=3 derivative_s=0.000125300 first_order_s=0.000050100 second_order_s=0.000046100 algebra_s=0.000258800 kkt_assembly_s=0.000170400 factor_s=0.002180600 solve_s=0.000426700 update_s=0.000115400 K_nnz=5269 rhs_cols=52 Vxx_nnz=2601
FILTERDDP_TIMING iteration=54 barrier_iteration=8 stage=2 derivative_s=0.000135100 first_order_s=0.000071200 second_order_s=0.000048900 algebra_s=0.000261800 kkt_assembly_s=0.000182500 factor_s=0.001935200 solve_s=0.000438800 update_s=0.000125100 K_nnz=5269 rhs_cols=52 Vxx_nnz=2601
FILTERDDP_TIMING iteration=54 barrier_iteration=8 stage=1 derivative_s=0.000136900 first_order_s=0.000059200 second_order_s=0.000061800 algebra_s=0.000423000 kkt_assembly_s=0.000184700 factor_s=0.002016100 solve_s=0.000448800 update_s=0.000101000 K_nnz=5269 rhs_cols=52 Vxx_nnz=2601
FILTERDDP_FEASIBILITY iteration=54 barrier_iteration=8 equality_count=3372 equality_rms=1.569884341611e-06 equality_max=3.166056087286e-05 equality_worst_stage=5 equality_worst_index=509 dynamics_count=255 dynamics_rms=0.000000000000e+00 dynamics_max=0.000000000000e+00 dynamics_worst_stage=0 dynamics_worst_index=0 bound_count=4902 bound_rms=0.000000000000e+00 bound_max=0.000000000000e+00 bound_worst_stage=0 bound_worst_index=0 bound_worst_kind=none
    54   3.14312452e+03   3.1661e-05   2.9435e-09   1.9202e-11   -6.04      -     2.5000e-01   0
FILTERDDP_ITER_TIMING iteration=54 barrier_iteration=8 backward_s=0.019714700 forward_s=0.000616200 total_s=0.020330900 outcome=accepted step_size=2.500000000e-01 backtracks=0 mu=9.139010210e-07
FILTERDDP_TIMING iteration=55 barrier_iteration=8 stage=6 derivative_s=0.000133600 first_order_s=0.000065700 second_order_s=0.000054500 algebra_s=0.000278000 kkt_assembly_s=0.000175600 factor_s=0.002147800 solve_s=0.006010800 update_s=0.000111400 K_nnz=5269 rhs_cols=52 Vxx_nnz=2601
FILTERDDP_TIMING iteration=55 barrier_iteration=8 stage=5 derivative_s=0.000110500 first_order_s=0.000053300 second_order_s=0.000042100 algebra_s=0.000238700 kkt_assembly_s=0.000161400 factor_s=0.002214400 solve_s=0.000463700 update_s=0.000111000 K_nnz=5269 rhs_cols=52 Vxx_nnz=2601
FILTERDDP_TIMING iteration=55 barrier_iteration=8 stage=4 derivative_s=0.000110200 first_order_s=0.000054500 second_order_s=0.000041800 algebra_s=0.000553100 kkt_assembly_s=0.000174000 factor_s=0.001910500 solve_s=0.000450800 update_s=0.000091500 K_nnz=5269 rhs_cols=52 Vxx_nnz=2601
FILTERDDP_TIMING iteration=55 barrier_iteration=8 stage=3 derivative_s=0.000107700 first_order_s=0.000053800 second_order_s=0.000040400 algebra_s=0.000233400 kkt_assembly_s=0.000157800 factor_s=0.001877300 solve_s=0.000435700 update_s=0.000093500 K_nnz=5269 rhs_cols=52 Vxx_nnz=2601
FILTERDDP_TIMING iteration=55 barrier_iteration=8 stage=2 derivative_s=0.000107400 first_order_s=0.000054500 second_order_s=0.000039800 algebra_s=0.000242100 kkt_assembly_s=0.000164900 factor_s=0.001905000 solve_s=0.000506500 update_s=0.000093700 K_nnz=5269 rhs_cols=52 Vxx_nnz=2601
FILTERDDP_TIMING iteration=55 barrier_iteration=8 stage=1 derivative_s=0.000107100 first_order_s=0.000054100 second_order_s=0.000039600 algebra_s=0.000252500 kkt_assembly_s=0.000171200 factor_s=0.001927900 solve_s=0.000435200 update_s=0.000109300 K_nnz=5269 rhs_cols=52 Vxx_nnz=2601
FILTERDDP_FEASIBILITY iteration=55 barrier_iteration=8 equality_count=3372 equality_rms=1.218264496725e-06 equality_max=2.469820127546e-05 equality_worst_stage=5 equality_worst_index=509 dynamics_count=255 dynamics_rms=0.000000000000e+00 dynamics_max=0.000000000000e+00 dynamics_worst_stage=0 dynamics_worst_index=0 bound_count=4902 bound_rms=0.000000000000e+00 bound_max=0.000000000000e+00 bound_worst_stage=0 bound_worst_index=0 bound_worst_kind=none
    55   3.14312266e+03   2.4698e-05   2.6454e-09   1.8141e-11   -6.04      -     2.5000e-01   0
FILTERDDP_ITER_TIMING iteration=55 barrier_iteration=8 backward_s=0.024759400 forward_s=0.000564500 total_s=0.025323900 outcome=accepted step_size=2.500000000e-01 backtracks=0 mu=9.139010210e-07
FILTERDDP_TIMING iteration=56 barrier_iteration=8 stage=6 derivative_s=0.000113900 first_order_s=0.000046200 second_order_s=0.000054800 algebra_s=0.000274800 kkt_assembly_s=0.000197500 factor_s=0.001944600 solve_s=0.000492200 update_s=0.000173200 K_nnz=5269 rhs_cols=52 Vxx_nnz=2601
FILTERDDP_TIMING iteration=56 barrier_iteration=8 stage=5 derivative_s=0.000114800 first_order_s=0.000056700 second_order_s=0.000043900 algebra_s=0.000236600 kkt_assembly_s=0.000160100 factor_s=0.002031800 solve_s=0.000528200 update_s=0.000111400 K_nnz=5269 rhs_cols=52 Vxx_nnz=2601
FILTERDDP_TIMING iteration=56 barrier_iteration=8 stage=4 derivative_s=0.000111800 first_order_s=0.000056200 second_order_s=0.000041900 algebra_s=0.000241600 kkt_assembly_s=0.000168400 factor_s=0.001874300 solve_s=0.000433100 update_s=0.000091100 K_nnz=5269 rhs_cols=52 Vxx_nnz=2601
FILTERDDP_TIMING iteration=56 barrier_iteration=8 stage=3 derivative_s=0.000117200 first_order_s=0.000065900 second_order_s=0.000038100 algebra_s=0.000252200 kkt_assembly_s=0.000160000 factor_s=0.001878500 solve_s=0.000429900 update_s=0.000094900 K_nnz=5269 rhs_cols=52 Vxx_nnz=2601
FILTERDDP_TIMING iteration=56 barrier_iteration=8 stage=2 derivative_s=0.000101300 first_order_s=0.000050700 second_order_s=0.000038200 algebra_s=0.000221600 kkt_assembly_s=0.000158400 factor_s=0.001923900 solve_s=0.000430700 update_s=0.000102700 K_nnz=5269 rhs_cols=52 Vxx_nnz=2601
FILTERDDP_TIMING iteration=56 barrier_iteration=8 stage=1 derivative_s=0.000123900 first_order_s=0.000052400 second_order_s=0.000057700 algebra_s=0.000292200 kkt_assembly_s=0.000168600 factor_s=0.002037900 solve_s=0.000443600 update_s=0.000166800 K_nnz=5269 rhs_cols=52 Vxx_nnz=2601
FILTERDDP_FEASIBILITY iteration=56 barrier_iteration=8 equality_count=3372 equality_rms=9.372407174921e-07 equality_max=1.908841246356e-05 equality_worst_stage=5 equality_worst_index=509 dynamics_count=255 dynamics_rms=0.000000000000e+00 dynamics_max=0.000000000000e+00 dynamics_worst_stage=0 dynamics_worst_index=0 bound_count=4902 bound_rms=0.000000000000e+00 bound_max=0.000000000000e+00 bound_worst_stage=0 bound_worst_index=0 bound_worst_kind=none
    56   3.14312127e+03   1.9088e-05   2.3126e-09   1.8141e-11   -6.04      -     2.5000e-01   0
FILTERDDP_ITER_TIMING iteration=56 barrier_iteration=8 backward_s=0.018880700 forward_s=0.000814000 total_s=0.019694700 outcome=accepted step_size=2.500000000e-01 backtracks=0 mu=9.139010210e-07
FILTERDDP_TIMING iteration=57 barrier_iteration=8 stage=6 derivative_s=0.000124400 first_order_s=0.000059100 second_order_s=0.000049200 algebra_s=0.000273900 kkt_assembly_s=0.000196600 factor_s=0.001961200 solve_s=0.000678700 update_s=0.000122300 K_nnz=5269 rhs_cols=52 Vxx_nnz=2601
FILTERDDP_TIMING iteration=57 barrier_iteration=8 stage=5 derivative_s=0.000110800 first_order_s=0.000054500 second_order_s=0.000042500 algebra_s=0.000246100 kkt_assembly_s=0.000167200 factor_s=0.002041600 solve_s=0.000435300 update_s=0.000130100 K_nnz=5269 rhs_cols=52 Vxx_nnz=2601
FILTERDDP_TIMING iteration=57 barrier_iteration=8 stage=4 derivative_s=0.000178600 first_order_s=0.000088300 second_order_s=0.000069500 algebra_s=0.000286200 kkt_assembly_s=0.000212300 factor_s=0.001891800 solve_s=0.000428800 update_s=0.000115300 K_nnz=5269 rhs_cols=52 Vxx_nnz=2601
FILTERDDP_TIMING iteration=57 barrier_iteration=8 stage=3 derivative_s=0.000109200 first_order_s=0.000054500 second_order_s=0.000041300 algebra_s=0.000251000 kkt_assembly_s=0.000171900 factor_s=0.001844900 solve_s=0.000460100 update_s=0.000095600 K_nnz=5269 rhs_cols=52 Vxx_nnz=2601
FILTERDDP_TIMING iteration=57 barrier_iteration=8 stage=2 derivative_s=0.000109300 first_order_s=0.000053200 second_order_s=0.000042500 algebra_s=0.000232700 kkt_assembly_s=0.000163600 factor_s=0.001854400 solve_s=0.000428800 update_s=0.000093600 K_nnz=5269 rhs_cols=52 Vxx_nnz=2601
FILTERDDP_TIMING iteration=57 barrier_iteration=8 stage=1 derivative_s=0.000124700 first_order_s=0.000072600 second_order_s=0.000038900 algebra_s=0.000223600 kkt_assembly_s=0.000151200 factor_s=0.001870700 solve_s=0.000479600 update_s=0.000105800 K_nnz=5269 rhs_cols=52 Vxx_nnz=2601
FILTERDDP_FEASIBILITY iteration=57 barrier_iteration=8 equality_count=3372 equality_rms=7.163993354527e-07 equality_max=1.464860570415e-05 equality_worst_stage=5 equality_worst_index=509 dynamics_count=255 dynamics_rms=0.000000000000e+00 dynamics_max=0.000000000000e+00 dynamics_worst_stage=0 dynamics_worst_index=0 bound_count=4902 bound_rms=0.000000000000e+00 bound_max=0.000000000000e+00 bound_worst_stage=0 bound_worst_index=0 bound_worst_kind=none
    57   3.14312024e+03   1.4649e-05   1.9797e-09   1.8141e-11   -6.04      -     2.5000e-01   0
FILTERDDP_ITER_TIMING iteration=57 barrier_iteration=8 backward_s=0.018749200 forward_s=0.000528100 total_s=0.019277300 outcome=accepted step_size=2.500000000e-01 backtracks=0 mu=9.139010210e-07
FILTERDDP_TIMING iteration=58 barrier_iteration=8 stage=6 derivative_s=0.000118200 first_order_s=0.000044700 second_order_s=0.000061300 algebra_s=0.000268700 kkt_assembly_s=0.000209200 factor_s=0.001953000 solve_s=0.000512500 update_s=0.000162000 K_nnz=5269 rhs_cols=52 Vxx_nnz=2601
FILTERDDP_TIMING iteration=58 barrier_iteration=8 stage=5 derivative_s=0.000119400 first_order_s=0.000057700 second_order_s=0.000047500 algebra_s=0.000265400 kkt_assembly_s=0.000174400 factor_s=0.002100000 solve_s=0.000470900 update_s=0.000121500 K_nnz=5269 rhs_cols=52 Vxx_nnz=2601
FILTERDDP_TIMING iteration=58 barrier_iteration=8 stage=4 derivative_s=0.000107000 first_order_s=0.000053300 second_order_s=0.000040500 algebra_s=0.000240100 kkt_assembly_s=0.000177000 factor_s=0.002102300 solve_s=0.000466000 update_s=0.000104500 K_nnz=5269 rhs_cols=52 Vxx_nnz=2601
FILTERDDP_TIMING iteration=58 barrier_iteration=8 stage=3 derivative_s=0.000107200 first_order_s=0.000053500 second_order_s=0.000040200 algebra_s=0.000247500 kkt_assembly_s=0.000167900 factor_s=0.002086400 solve_s=0.000443800 update_s=0.000101800 K_nnz=5269 rhs_cols=52 Vxx_nnz=2601
FILTERDDP_TIMING iteration=58 barrier_iteration=8 stage=2 derivative_s=0.000120500 first_order_s=0.000057200 second_order_s=0.000049300 algebra_s=0.000251200 kkt_assembly_s=0.000159300 factor_s=0.002098600 solve_s=0.000422400 update_s=0.000092400 K_nnz=5269 rhs_cols=52 Vxx_nnz=2601
FILTERDDP_TIMING iteration=58 barrier_iteration=8 stage=1 derivative_s=0.000112900 first_order_s=0.000053800 second_order_s=0.000046800 algebra_s=0.000235000 kkt_assembly_s=0.000173200 factor_s=0.002118000 solve_s=0.000482800 update_s=0.000149700 K_nnz=5269 rhs_cols=52 Vxx_nnz=2601
FILTERDDP_FEASIBILITY iteration=58 barrier_iteration=8 equality_count=3372 equality_rms=5.449646110160e-07 equality_max=1.118052288930e-05 equality_worst_stage=5 equality_worst_index=509 dynamics_count=255 dynamics_rms=0.000000000000e+00 dynamics_max=0.000000000000e+00 dynamics_worst_stage=0 dynamics_worst_index=0 bound_count=4902 bound_rms=0.000000000000e+00 bound_max=0.000000000000e+00 bound_worst_stage=0 bound_worst_index=0 bound_worst_kind=none
    58   3.14311946e+03   1.1181e-05   1.6667e-09   1.8141e-11   -6.04      -     2.5000e-01   0
FILTERDDP_ITER_TIMING iteration=58 barrier_iteration=8 backward_s=0.019634500 forward_s=0.000645300 total_s=0.020279800 outcome=accepted step_size=2.500000000e-01 backtracks=0 mu=9.139010210e-07
FILTERDDP_TIMING iteration=59 barrier_iteration=8 stage=6 derivative_s=0.000113200 first_order_s=0.000048900 second_order_s=0.000050600 algebra_s=0.000295200 kkt_assembly_s=0.000184800 factor_s=0.002041300 solve_s=0.000540800 update_s=0.000137800 K_nnz=5269 rhs_cols=52 Vxx_nnz=2601
FILTERDDP_TIMING iteration=59 barrier_iteration=8 stage=5 derivative_s=0.000123500 first_order_s=0.000050100 second_order_s=0.000060000 algebra_s=0.000235600 kkt_assembly_s=0.000165500 factor_s=0.001910000 solve_s=0.003919700 update_s=0.000112400 K_nnz=5269 rhs_cols=52 Vxx_nnz=2601
FILTERDDP_TIMING iteration=59 barrier_iteration=8 stage=4 derivative_s=0.000118000 first_order_s=0.000064100 second_order_s=0.000040300 algebra_s=0.000245000 kkt_assembly_s=0.000158200 factor_s=0.001887600 solve_s=0.000437800 update_s=0.000093300 K_nnz=5269 rhs_cols=52 Vxx_nnz=2601
FILTERDDP_TIMING iteration=59 barrier_iteration=8 stage=3 derivative_s=0.000105900 first_order_s=0.000052600 second_order_s=0.000040300 algebra_s=0.000240200 kkt_assembly_s=0.000157300 factor_s=0.001924400 solve_s=0.000439800 update_s=0.000104700 K_nnz=5269 rhs_cols=52 Vxx_nnz=2601
FILTERDDP_TIMING iteration=59 barrier_iteration=8 stage=2 derivative_s=0.000107700 first_order_s=0.000052000 second_order_s=0.000042000 algebra_s=0.000257600 kkt_assembly_s=0.000168600 factor_s=0.001894700 solve_s=0.000465700 update_s=0.000104700 K_nnz=5269 rhs_cols=52 Vxx_nnz=2601
FILTERDDP_TIMING iteration=59 barrier_iteration=8 stage=1 derivative_s=0.000109400 first_order_s=0.000053700 second_order_s=0.000042100 algebra_s=0.000247600 kkt_assembly_s=0.000168700 factor_s=0.001910300 solve_s=0.000432600 update_s=0.000104500 K_nnz=5269 rhs_cols=52 Vxx_nnz=2601
FILTERDDP_FEASIBILITY iteration=59 barrier_iteration=8 equality_count=3372 equality_rms=4.130706508272e-07 equality_max=8.497923111653e-06 equality_worst_stage=5 equality_worst_index=509 dynamics_count=255 dynamics_rms=0.000000000000e+00 dynamics_max=0.000000000000e+00 dynamics_worst_stage=0 dynamics_worst_index=0 bound_count=4902 bound_rms=0.000000000000e+00 bound_max=0.000000000000e+00 bound_worst_stage=0 bound_worst_index=0 bound_worst_kind=none
FILTERDDP_ITER_TIMING iteration=59 barrier_iteration=8 backward_s=0.022028400 forward_s=0.000000000 total_s=0.022028400 outcome=barrier_update step_size=2.500000000e-01 backtracks=0 mu=9.139010210e-07
FILTERDDP_TIMING iteration=59 barrier_iteration=9 stage=6 derivative_s=0.000116700 first_order_s=0.000056000 second_order_s=0.000047600 algebra_s=0.000289400 kkt_assembly_s=0.000187100 factor_s=0.001962800 solve_s=0.000506200 update_s=0.000103400 K_nnz=5269 rhs_cols=52 Vxx_nnz=2601
FILTERDDP_TIMING iteration=59 barrier_iteration=9 stage=5 derivative_s=0.000108000 first_order_s=0.000052000 second_order_s=0.000043000 algebra_s=0.000259500 kkt_assembly_s=0.000165400 factor_s=0.001833100 solve_s=0.000466300 update_s=0.000106200 K_nnz=5269 rhs_cols=52 Vxx_nnz=2601
FILTERDDP_TIMING iteration=59 barrier_iteration=9 stage=4 derivative_s=0.000119800 first_order_s=0.000055100 second_order_s=0.000051100 algebra_s=0.000279500 kkt_assembly_s=0.000168000 factor_s=0.002112800 solve_s=0.000436000 update_s=0.000106900 K_nnz=5269 rhs_cols=52 Vxx_nnz=2601
FILTERDDP_TIMING iteration=59 barrier_iteration=9 stage=3 derivative_s=0.000113500 first_order_s=0.000058300 second_order_s=0.000041300 algebra_s=0.000240600 kkt_assembly_s=0.000161000 factor_s=0.001872200 solve_s=0.000450000 update_s=0.000094400 K_nnz=5269 rhs_cols=52 Vxx_nnz=2601
FILTERDDP_TIMING iteration=59 barrier_iteration=9 stage=2 derivative_s=0.000102600 first_order_s=0.000051800 second_order_s=0.000038100 algebra_s=0.000237500 kkt_assembly_s=0.000163000 factor_s=0.001846900 solve_s=0.000430700 update_s=0.000088200 K_nnz=5269 rhs_cols=52 Vxx_nnz=2601
FILTERDDP_TIMING iteration=59 barrier_iteration=9 stage=1 derivative_s=0.000102900 first_order_s=0.000050400 second_order_s=0.000039500 algebra_s=0.000233900 kkt_assembly_s=0.000187200 factor_s=0.001964300 solve_s=0.000444900 update_s=0.000095300 K_nnz=5269 rhs_cols=52 Vxx_nnz=2601
FILTERDDP_FEASIBILITY iteration=59 barrier_iteration=9 equality_count=3372 equality_rms=4.130706508272e-07 equality_max=8.497923111653e-06 equality_worst_stage=5 equality_worst_index=509 dynamics_count=255 dynamics_rms=0.000000000000e+00 dynamics_max=0.000000000000e+00 dynamics_worst_stage=0 dynamics_worst_index=0 bound_count=4902 bound_rms=0.000000000000e+00 bound_max=0.000000000000e+00 bound_worst_stage=0 bound_worst_index=0 bound_worst_kind=none
    59   3.14311888e+03   8.4979e-06   1.3841e-09   1.8141e-11   -7.25      -     2.5000e-01   0
FILTERDDP_ITER_TIMING iteration=59 barrier_iteration=9 backward_s=0.018517500 forward_s=0.000527000 total_s=0.019044500 outcome=accepted step_size=2.500000000e-01 backtracks=0 mu=5.663422933e-08
FILTERDDP_TIMING iteration=60 barrier_iteration=9 stage=6 derivative_s=0.000103000 first_order_s=0.000043800 second_order_s=0.000046800 algebra_s=0.000259800 kkt_assembly_s=0.000183700 factor_s=0.001888100 solve_s=0.000491900 update_s=0.000103600 K_nnz=5269 rhs_cols=52 Vxx_nnz=2601
FILTERDDP_TIMING iteration=60 barrier_iteration=9 stage=5 derivative_s=0.000125800 first_order_s=0.000075700 second_order_s=0.000037600 algebra_s=0.000232500 kkt_assembly_s=0.000167100 factor_s=0.001868300 solve_s=0.000463100 update_s=0.000109200 K_nnz=5269 rhs_cols=52 Vxx_nnz=2601
FILTERDDP_TIMING iteration=60 barrier_iteration=9 stage=4 derivative_s=0.000115400 first_order_s=0.000059300 second_order_s=0.000042800 algebra_s=0.000237300 kkt_assembly_s=0.000168200 factor_s=0.001895700 solve_s=0.000446800 update_s=0.000097100 K_nnz=5269 rhs_cols=52 Vxx_nnz=2601
FILTERDDP_TIMING iteration=60 barrier_iteration=9 stage=3 derivative_s=0.000115200 first_order_s=0.000051400 second_order_s=0.000050200 algebra_s=0.000233300 kkt_assembly_s=0.000165200 factor_s=0.001883700 solve_s=0.000441300 update_s=0.000103700 K_nnz=5269 rhs_cols=52 Vxx_nnz=2601
FILTERDDP_TIMING iteration=60 barrier_iteration=9 stage=2 derivative_s=0.000104800 first_order_s=0.000052200 second_order_s=0.000039600 algebra_s=0.000245400 kkt_assembly_s=0.000158400 factor_s=0.001801500 solve_s=0.000429900 update_s=0.000094100 K_nnz=5269 rhs_cols=52 Vxx_nnz=2601
FILTERDDP_TIMING iteration=60 barrier_iteration=9 stage=1 derivative_s=0.000104300 first_order_s=0.000051400 second_order_s=0.000039900 algebra_s=0.000246200 kkt_assembly_s=0.000155300 factor_s=0.001875400 solve_s=0.000450200 update_s=0.000105700 K_nnz=5269 rhs_cols=52 Vxx_nnz=2601
FILTERDDP_FEASIBILITY iteration=60 barrier_iteration=9 equality_count=3372 equality_rms=3.161342561412e-07 equality_max=6.537318118380e-06 equality_worst_stage=5 equality_worst_index=509 dynamics_count=255 dynamics_rms=0.000000000000e+00 dynamics_max=0.000000000000e+00 dynamics_worst_stage=0 dynamics_worst_index=0 bound_count=4902 bound_rms=0.000000000000e+00 bound_max=0.000000000000e+00 bound_worst_stage=0 bound_worst_index=0 bound_worst_kind=none
  iter     objective        pr_inf       du_inf       cs_inf     lg(μ)   lg(reg)    alpha     ls
    60   3.14311817e+03   6.5373e-06   1.2379e-09   1.8141e-11   -7.25      -     2.5000e-01   0
FILTERDDP_ITER_TIMING iteration=60 barrier_iteration=9 backward_s=0.018037400 forward_s=0.000553200 total_s=0.018590600 outcome=accepted step_size=2.500000000e-01 backtracks=0 mu=5.663422933e-08
FILTERDDP_TIMING iteration=61 barrier_iteration=9 stage=6 derivative_s=0.000120000 first_order_s=0.000059600 second_order_s=0.000047900 algebra_s=0.000266000 kkt_assembly_s=0.000187000 factor_s=0.001938500 solve_s=0.000925400 update_s=0.000152200 K_nnz=5269 rhs_cols=52 Vxx_nnz=2601
FILTERDDP_TIMING iteration=61 barrier_iteration=9 stage=5 derivative_s=0.000150700 first_order_s=0.000079100 second_order_s=0.000051900 algebra_s=0.000294400 kkt_assembly_s=0.000180600 factor_s=0.001873800 solve_s=0.000447600 update_s=0.000104600 K_nnz=5269 rhs_cols=52 Vxx_nnz=2601
FILTERDDP_TIMING iteration=61 barrier_iteration=9 stage=4 derivative_s=0.000116500 first_order_s=0.000063500 second_order_s=0.000039800 algebra_s=0.000232200 kkt_assembly_s=0.000170100 factor_s=0.001975700 solve_s=0.000434000 update_s=0.000110600 K_nnz=5269 rhs_cols=52 Vxx_nnz=2601
FILTERDDP_TIMING iteration=61 barrier_iteration=9 stage=3 derivative_s=0.000115300 first_order_s=0.000053100 second_order_s=0.000048600 algebra_s=0.000247000 kkt_assembly_s=0.000163800 factor_s=0.004450800 solve_s=0.000469800 update_s=0.000107000 K_nnz=5269 rhs_cols=52 Vxx_nnz=2601
FILTERDDP_TIMING iteration=61 barrier_iteration=9 stage=2 derivative_s=0.000100300 first_order_s=0.000049400 second_order_s=0.000038000 algebra_s=0.000234400 kkt_assembly_s=0.000164000 factor_s=0.002103500 solve_s=0.000558300 update_s=0.000130600 K_nnz=5269 rhs_cols=52 Vxx_nnz=2601
FILTERDDP_TIMING iteration=61 barrier_iteration=9 stage=1 derivative_s=0.000104400 first_order_s=0.000051500 second_order_s=0.000039100 algebra_s=0.000257100 kkt_assembly_s=0.000166500 factor_s=0.002215700 solve_s=0.000437700 update_s=0.000106300 K_nnz=5269 rhs_cols=52 Vxx_nnz=2601
FILTERDDP_FEASIBILITY iteration=61 barrier_iteration=9 equality_count=3372 equality_rms=2.406852271030e-07 equality_max=4.997761320930e-06 equality_worst_stage=5 equality_worst_index=509 dynamics_count=255 dynamics_rms=0.000000000000e+00 dynamics_max=0.000000000000e+00 dynamics_worst_stage=0 dynamics_worst_index=0 bound_count=4902 bound_rms=0.000000000000e+00 bound_max=0.000000000000e+00 bound_worst_stage=0 bound_worst_index=0 bound_worst_kind=none
    61   3.14311764e+03   4.9978e-06   1.0824e-09   1.8141e-11   -7.25      -     2.5000e-01   0
FILTERDDP_ITER_TIMING iteration=61 barrier_iteration=9 backward_s=0.022270000 forward_s=0.000569300 total_s=0.022839300 outcome=accepted step_size=2.500000000e-01 backtracks=0 mu=5.663422933e-08
FILTERDDP_TIMING iteration=62 barrier_iteration=9 stage=6 derivative_s=0.000108600 first_order_s=0.000046200 second_order_s=0.000049400 algebra_s=0.000275800 kkt_assembly_s=0.000187100 factor_s=0.001936400 solve_s=0.000525600 update_s=0.000114900 K_nnz=5269 rhs_cols=52 Vxx_nnz=2601
FILTERDDP_TIMING iteration=62 barrier_iteration=9 stage=5 derivative_s=0.000106700 first_order_s=0.000053500 second_order_s=0.000039500 algebra_s=0.000248900 kkt_assembly_s=0.000169000 factor_s=0.001833100 solve_s=0.000493700 update_s=0.000114100 K_nnz=5269 rhs_cols=52 Vxx_nnz=2601
FILTERDDP_TIMING iteration=62 barrier_iteration=9 stage=4 derivative_s=0.000107500 first_order_s=0.000053000 second_order_s=0.000041000 algebra_s=0.000246700 kkt_assembly_s=0.000180100 factor_s=0.001876900 solve_s=0.000447100 update_s=0.000127200 K_nnz=5269 rhs_cols=52 Vxx_nnz=2601
FILTERDDP_TIMING iteration=62 barrier_iteration=9 stage=3 derivative_s=0.000115900 first_order_s=0.000055600 second_order_s=0.000045900 algebra_s=0.000271500 kkt_assembly_s=0.000239400 factor_s=0.001941000 solve_s=0.000450600 update_s=0.000106600 K_nnz=5269 rhs_cols=52 Vxx_nnz=2601
FILTERDDP_TIMING iteration=62 barrier_iteration=9 stage=2 derivative_s=0.000108900 first_order_s=0.000054500 second_order_s=0.000040700 algebra_s=0.000239000 kkt_assembly_s=0.000172900 factor_s=0.001864400 solve_s=0.000431300 update_s=0.000105100 K_nnz=5269 rhs_cols=52 Vxx_nnz=2601
FILTERDDP_TIMING iteration=62 barrier_iteration=9 stage=1 derivative_s=0.000106700 first_order_s=0.000051600 second_order_s=0.000041800 algebra_s=0.000251600 kkt_assembly_s=0.000191600 factor_s=0.001881200 solve_s=0.000456900 update_s=0.000096800 K_nnz=5269 rhs_cols=52 Vxx_nnz=2601
FILTERDDP_FEASIBILITY iteration=62 barrier_iteration=9 equality_count=3372 equality_rms=1.825393939986e-07 equality_max=3.802657199247e-06 equality_worst_stage=5 equality_worst_index=509 dynamics_count=255 dynamics_rms=0.000000000000e+00 dynamics_max=0.000000000000e+00 dynamics_worst_stage=0 dynamics_worst_index=0 bound_count=4902 bound_rms=0.000000000000e+00 bound_max=0.000000000000e+00 bound_worst_stage=0 bound_worst_index=0 bound_worst_kind=none
    62   3.14311724e+03   3.8027e-06   9.2989e-10   1.8141e-11   -7.25      -     2.5000e-01   0
FILTERDDP_ITER_TIMING iteration=62 barrier_iteration=9 backward_s=0.018515300 forward_s=0.000562800 total_s=0.019078100 outcome=accepted step_size=2.500000000e-01 backtracks=0 mu=5.663422933e-08
FILTERDDP_TIMING iteration=63 barrier_iteration=9 stage=6 derivative_s=0.000105400 first_order_s=0.000044600 second_order_s=0.000048000 algebra_s=0.000265500 kkt_assembly_s=0.000190600 factor_s=0.001899900 solve_s=0.000530200 update_s=0.000115900 K_nnz=5269 rhs_cols=52 Vxx_nnz=2601
FILTERDDP_TIMING iteration=63 barrier_iteration=9 stage=5 derivative_s=0.000106100 first_order_s=0.000053000 second_order_s=0.000039900 algebra_s=0.000236700 kkt_assembly_s=0.000172500 factor_s=0.001893100 solve_s=0.000486100 update_s=0.000112900 K_nnz=5269 rhs_cols=52 Vxx_nnz=2601
FILTERDDP_TIMING iteration=63 barrier_iteration=9 stage=4 derivative_s=0.000123100 first_order_s=0.000063700 second_order_s=0.000044600 algebra_s=0.000253600 kkt_assembly_s=0.000242100 factor_s=0.002021500 solve_s=0.000440000 update_s=0.000105300 K_nnz=5269 rhs_cols=52 Vxx_nnz=2601
FILTERDDP_TIMING iteration=63 barrier_iteration=9 stage=3 derivative_s=0.000105400 first_order_s=0.000051800 second_order_s=0.000040500 algebra_s=0.000246500 kkt_assembly_s=0.000164300 factor_s=0.001879400 solve_s=0.000435700 update_s=0.000105800 K_nnz=5269 rhs_cols=52 Vxx_nnz=2601
FILTERDDP_TIMING iteration=63 barrier_iteration=9 stage=2 derivative_s=0.000105900 first_order_s=0.000052500 second_order_s=0.000039700 algebra_s=0.000239400 kkt_assembly_s=0.000175700 factor_s=0.001838900 solve_s=0.000440500 update_s=0.000093900 K_nnz=5269 rhs_cols=52 Vxx_nnz=2601
FILTERDDP_TIMING iteration=63 barrier_iteration=9 stage=1 derivative_s=0.000106100 first_order_s=0.000052800 second_order_s=0.000039700 algebra_s=0.000254000 kkt_assembly_s=0.000167100 factor_s=0.002002700 solve_s=0.000438700 update_s=0.000105300 K_nnz=5269 rhs_cols=52 Vxx_nnz=2601
FILTERDDP_FEASIBILITY iteration=63 barrier_iteration=9 equality_count=3372 equality_rms=1.380475554195e-07 equality_max=2.882858073431e-06 equality_worst_stage=5 equality_worst_index=509 dynamics_count=255 dynamics_rms=0.000000000000e+00 dynamics_max=0.000000000000e+00 dynamics_worst_stage=0 dynamics_worst_index=0 bound_count=4902 bound_rms=0.000000000000e+00 bound_max=0.000000000000e+00 bound_worst_stage=0 bound_worst_index=0 bound_worst_kind=none
    63   3.14311695e+03   2.8829e-06   7.8740e-10   1.8141e-11   -7.25      -     2.5000e-01   0
FILTERDDP_ITER_TIMING iteration=63 barrier_iteration=9 backward_s=0.018587800 forward_s=0.000559100 total_s=0.019146900 outcome=accepted step_size=2.500000000e-01 backtracks=0 mu=5.663422933e-08
FILTERDDP_TIMING iteration=64 barrier_iteration=9 stage=6 derivative_s=0.000108200 first_order_s=0.000047000 second_order_s=0.000047800 algebra_s=0.000263700 kkt_assembly_s=0.000196400 factor_s=0.001940800 solve_s=0.003058000 update_s=0.000121500 K_nnz=5269 rhs_cols=52 Vxx_nnz=2601
FILTERDDP_TIMING iteration=64 barrier_iteration=9 stage=5 derivative_s=0.000127000 first_order_s=0.000070300 second_order_s=0.000042400 algebra_s=0.000232500 kkt_assembly_s=0.000167500 factor_s=0.001944300 solve_s=0.000463900 update_s=0.000116900 K_nnz=5269 rhs_cols=52 Vxx_nnz=2601
FILTERDDP_TIMING iteration=64 barrier_iteration=9 stage=4 derivative_s=0.000103900 first_order_s=0.000051400 second_order_s=0.000039300 algebra_s=0.000239300 kkt_assembly_s=0.000173600 factor_s=0.001890800 solve_s=0.000460900 update_s=0.000105400 K_nnz=5269 rhs_cols=52 Vxx_nnz=2601
FILTERDDP_TIMING iteration=64 barrier_iteration=9 stage=3 derivative_s=0.000106900 first_order_s=0.000052800 second_order_s=0.000040700 algebra_s=0.000238400 kkt_assembly_s=0.000172400 factor_s=0.001883600 solve_s=0.000443100 update_s=0.000105500 K_nnz=5269 rhs_cols=52 Vxx_nnz=2601
FILTERDDP_TIMING iteration=64 barrier_iteration=9 stage=2 derivative_s=0.000104700 first_order_s=0.000051900 second_order_s=0.000039700 algebra_s=0.000243500 kkt_assembly_s=0.000169000 factor_s=0.001880500 solve_s=0.000506900 update_s=0.000119600 K_nnz=5269 rhs_cols=52 Vxx_nnz=2601
FILTERDDP_TIMING iteration=64 barrier_iteration=9 stage=1 derivative_s=0.000142000 first_order_s=0.000081900 second_order_s=0.000045000 algebra_s=0.000262200 kkt_assembly_s=0.000173600 factor_s=0.001934400 solve_s=0.000477300 update_s=0.000108900 K_nnz=5269 rhs_cols=52 Vxx_nnz=2601
FILTERDDP_FEASIBILITY iteration=64 barrier_iteration=9 equality_count=3372 equality_rms=1.041800797358e-07 equality_max=2.179492547409e-06 equality_worst_stage=5 equality_worst_index=509 dynamics_count=255 dynamics_rms=0.000000000000e+00 dynamics_max=0.000000000000e+00 dynamics_worst_stage=0 dynamics_worst_index=0 bound_count=4902 bound_rms=0.000000000000e+00 bound_max=0.000000000000e+00 bound_worst_stage=0 bound_worst_index=0 bound_worst_kind=none
    64   3.14311673e+03   2.1795e-06   6.5883e-10   1.8141e-11   -7.25      -     2.5000e-01   0
FILTERDDP_ITER_TIMING iteration=64 barrier_iteration=9 backward_s=0.021163500 forward_s=0.000616100 total_s=0.021779600 outcome=accepted step_size=2.500000000e-01 backtracks=0 mu=5.663422933e-08
FILTERDDP_TIMING iteration=65 barrier_iteration=9 stage=6 derivative_s=0.000110100 first_order_s=0.000046100 second_order_s=0.000050700 algebra_s=0.000268500 kkt_assembly_s=0.000190500 factor_s=0.001902800 solve_s=0.000513400 update_s=0.000102700 K_nnz=5269 rhs_cols=52 Vxx_nnz=2601
FILTERDDP_TIMING iteration=65 barrier_iteration=9 stage=5 derivative_s=0.000104100 first_order_s=0.000051400 second_order_s=0.000039500 algebra_s=0.000226000 kkt_assembly_s=0.000175600 factor_s=0.001896600 solve_s=0.000513400 update_s=0.000107900 K_nnz=5269 rhs_cols=52 Vxx_nnz=2601
FILTERDDP_TIMING iteration=65 barrier_iteration=9 stage=4 derivative_s=0.000107700 first_order_s=0.000052500 second_order_s=0.000041800 algebra_s=0.000236500 kkt_assembly_s=0.000161100 factor_s=0.001857200 solve_s=0.000442500 update_s=0.000093200 K_nnz=5269 rhs_cols=52 Vxx_nnz=2601
FILTERDDP_TIMING iteration=65 barrier_iteration=9 stage=3 derivative_s=0.000105300 first_order_s=0.000052600 second_order_s=0.000039600 algebra_s=0.000232300 kkt_assembly_s=0.000169300 factor_s=0.001791500 solve_s=0.000494200 update_s=0.000108000 K_nnz=5269 rhs_cols=52 Vxx_nnz=2601
FILTERDDP_TIMING iteration=65 barrier_iteration=9 stage=2 derivative_s=0.000111900 first_order_s=0.000055800 second_order_s=0.000041600 algebra_s=0.000256400 kkt_assembly_s=0.000180500 factor_s=0.001841000 solve_s=0.000493200 update_s=0.000092800 K_nnz=5269 rhs_cols=52 Vxx_nnz=2601
FILTERDDP_TIMING iteration=65 barrier_iteration=9 stage=1 derivative_s=0.000104700 first_order_s=0.000051800 second_order_s=0.000039900 algebra_s=0.000251300 kkt_assembly_s=0.000166100 factor_s=0.002129100 solve_s=0.000544600 update_s=0.000121800 K_nnz=5269 rhs_cols=52 Vxx_nnz=2601
FILTERDDP_FEASIBILITY iteration=65 barrier_iteration=9 equality_count=3372 equality_rms=7.849800795384e-08 equality_max=1.644249875620e-06 equality_worst_stage=5 equality_worst_index=509 dynamics_count=255 dynamics_rms=0.000000000000e+00 dynamics_max=0.000000000000e+00 dynamics_worst_stage=0 dynamics_worst_index=0 bound_count=4902 bound_rms=0.000000000000e+00 bound_max=0.000000000000e+00 bound_worst_stage=0 bound_worst_index=0 bound_worst_kind=none
    65   3.14311656e+03   1.6442e-06   5.4576e-10   1.8141e-11   -7.25      -     2.5000e-01   0
FILTERDDP_ITER_TIMING iteration=65 barrier_iteration=9 backward_s=0.018568600 forward_s=0.000551500 total_s=0.019120100 outcome=accepted step_size=2.500000000e-01 backtracks=0 mu=5.663422933e-08
FILTERDDP_TIMING iteration=66 barrier_iteration=9 stage=6 derivative_s=0.000109400 first_order_s=0.000046800 second_order_s=0.000049400 algebra_s=0.000266400 kkt_assembly_s=0.000187600 factor_s=0.001930300 solve_s=0.000639100 update_s=0.000146300 K_nnz=5269 rhs_cols=52 Vxx_nnz=2601
FILTERDDP_TIMING iteration=66 barrier_iteration=9 stage=5 derivative_s=0.000105600 first_order_s=0.000051800 second_order_s=0.000040700 algebra_s=0.002530000 kkt_assembly_s=0.000160000 factor_s=0.002021100 solve_s=0.000468200 update_s=0.000112300 K_nnz=5269 rhs_cols=52 Vxx_nnz=2601
FILTERDDP_TIMING iteration=66 barrier_iteration=9 stage=4 derivative_s=0.000127500 first_order_s=0.000068900 second_order_s=0.000043800 algebra_s=0.000272700 kkt_assembly_s=0.000170000 factor_s=0.001857300 solve_s=0.000446500 update_s=0.000104900 K_nnz=5269 rhs_cols=52 Vxx_nnz=2601
FILTERDDP_TIMING iteration=66 barrier_iteration=9 stage=3 derivative_s=0.000106100 first_order_s=0.000052600 second_order_s=0.000040400 algebra_s=0.000259200 kkt_assembly_s=0.000158600 factor_s=0.001803700 solve_s=0.000447200 update_s=0.000104400 K_nnz=5269 rhs_cols=52 Vxx_nnz=2601
FILTERDDP_TIMING iteration=66 barrier_iteration=9 stage=2 derivative_s=0.000116700 first_order_s=0.000063800 second_order_s=0.000039900 algebra_s=0.000248400 kkt_assembly_s=0.000162800 factor_s=0.001938800 solve_s=0.000435900 update_s=0.000103600 K_nnz=5269 rhs_cols=52 Vxx_nnz=2601
FILTERDDP_TIMING iteration=66 barrier_iteration=9 stage=1 derivative_s=0.000118100 first_order_s=0.000063400 second_order_s=0.000041500 algebra_s=0.000233100 kkt_assembly_s=0.000176700 factor_s=0.001945900 solve_s=0.000434900 update_s=0.000094400 K_nnz=5269 rhs_cols=52 Vxx_nnz=2601
FILTERDDP_FEASIBILITY iteration=66 barrier_iteration=9 equality_count=3372 equality_rms=5.907763410950e-08 equality_max=1.238455240629e-06 equality_worst_stage=5 equality_worst_index=509 dynamics_count=255 dynamics_rms=0.000000000000e+00 dynamics_max=0.000000000000e+00 dynamics_worst_stage=0 dynamics_worst_index=0 bound_count=4902 bound_rms=0.000000000000e+00 bound_max=0.000000000000e+00 bound_worst_stage=0 bound_worst_index=0 bound_worst_kind=none
    66   3.14311643e+03   1.2385e-06   4.4826e-10   1.8141e-11   -7.25      -     2.5000e-01   0
FILTERDDP_ITER_TIMING iteration=66 barrier_iteration=9 backward_s=0.020923400 forward_s=0.000545000 total_s=0.021468400 outcome=accepted step_size=2.500000000e-01 backtracks=0 mu=5.663422933e-08
FILTERDDP_TIMING iteration=67 barrier_iteration=9 stage=6 derivative_s=0.000106100 first_order_s=0.000045000 second_order_s=0.000048600 algebra_s=0.000260800 kkt_assembly_s=0.000182800 factor_s=0.001977800 solve_s=0.000513700 update_s=0.000114400 K_nnz=5269 rhs_cols=52 Vxx_nnz=2601
FILTERDDP_TIMING iteration=67 barrier_iteration=9 stage=5 derivative_s=0.000107000 first_order_s=0.000052000 second_order_s=0.000041600 algebra_s=0.000255600 kkt_assembly_s=0.000171100 factor_s=0.001971700 solve_s=0.000460300 update_s=0.000096500 K_nnz=5269 rhs_cols=52 Vxx_nnz=2601
FILTERDDP_TIMING iteration=67 barrier_iteration=9 stage=4 derivative_s=0.000109500 first_order_s=0.000053400 second_order_s=0.000043000 algebra_s=0.000235400 kkt_assembly_s=0.000157200 factor_s=0.001836500 solve_s=0.000449900 update_s=0.000139000 K_nnz=5269 rhs_cols=52 Vxx_nnz=2601
FILTERDDP_TIMING iteration=67 barrier_iteration=9 stage=3 derivative_s=0.000119000 first_order_s=0.000054900 second_order_s=0.000050300 algebra_s=0.000236600 kkt_assembly_s=0.000167600 factor_s=0.001872900 solve_s=0.000434500 update_s=0.000093300 K_nnz=5269 rhs_cols=52 Vxx_nnz=2601
FILTERDDP_TIMING iteration=67 barrier_iteration=9 stage=2 derivative_s=0.000106000 first_order_s=0.000053900 second_order_s=0.000039300 algebra_s=0.000230400 kkt_assembly_s=0.000164900 factor_s=0.001847300 solve_s=0.000436800 update_s=0.000117100 K_nnz=5269 rhs_cols=52 Vxx_nnz=2601
FILTERDDP_TIMING iteration=67 barrier_iteration=9 stage=1 derivative_s=0.000110000 first_order_s=0.000055100 second_order_s=0.000041700 algebra_s=0.000257000 kkt_assembly_s=0.000166900 factor_s=0.003918700 solve_s=0.000453200 update_s=0.000109200 K_nnz=5269 rhs_cols=52 Vxx_nnz=2601
FILTERDDP_FEASIBILITY iteration=67 barrier_iteration=9 equality_count=3372 equality_rms=4.442282411211e-08 equality_max=9.316775226682e-07 equality_worst_stage=5 equality_worst_index=509 dynamics_count=255 dynamics_rms=0.000000000000e+00 dynamics_max=0.000000000000e+00 dynamics_worst_stage=0 dynamics_worst_index=0 bound_count=4902 bound_rms=0.000000000000e+00 bound_max=0.000000000000e+00 bound_worst_stage=0 bound_worst_index=0 bound_worst_kind=none
FILTERDDP_ITER_TIMING iteration=67 barrier_iteration=9 backward_s=0.020378700 forward_s=0.000000000 total_s=0.020378700 outcome=near_optimal step_size=2.500000000e-01 backtracks=0 mu=5.663422933e-08
    67   3.14311634e+03   9.3168e-07   3.6550e-10   1.8141e-11   -7.25      -     2.5000e-01   0
FILTERDDP_NEAR_OPT iteration=67 elapsed_s=17.781 objective=3143.116340896885 reference=3143.115906497067 rel_gap=1.382e-07 primal_inf=9.317e-07 dual_inf=3.655e-10 mu=5.663e-08
    67   3.14311634e+03   9.3168e-07   3.6550e-10   1.8141e-11   -7.25      -     2.5000e-01   0


EXIT: Near-optimal: feasible and within the gap of the centralized reference.

solve complete: 19.915 s, iterations=67, status=9
final residuals: primal=9.316775226682e-07 dual=3.654972450518e-10 complementarity=1.814104341230e-11
solution_write_skipped=1
Precompiling packages...
   4180.7 ms  ✓ DDP4OPF
  1 dependency successfully precompiled in 5 seconds. 102 already precompiled.
FilterDDP objective=3143.116340896883 max_equality_residual=9.317e-07
Ipopt objective=2973.553340644326 objective_gap=1.696e+02
max_abs_diff[P_Subs]=3.804e-01
max_abs_diff[Q_Subs]=4.004e-02
max_abs_diff[P]=3.804e-01
max_abs_diff[Q]=4.004e-02
max_abs_diff[v]=1.972e-02
max_abs_diff[ell]=5.782e-01
max_abs_diff[P_B]=1.058e-02
max_abs_diff[B]=2.773e-02
max_abs_diff[q_D]=3.502e-03
