iteration,subproblem,solve_time_sec,ipopt_iters
1,1,8.005000,13
1,2,11.219000,16
1,3,7.898000,17
1,4,5.884000,16
1,5,7.382000,17
1,6,6.089000,16
1,7,5.780000,16
1,8,6.708000,16
1,9,6.596000,17
1,10,8.955000,17
1,11,12.990000,17
1,12,9.469000,16
1,13,6.606000,16
1,14,7.077000,17
1,15,6.351000,16
1,16,5.006000,16
1,17,5.636000,16
1,18,6.384000,16
1,19,8.512000,16
1,20,11.535000,16
1,21,7.800000,16
1,22,6.198000,16
1,23,7.183000,16
1,24,6.517000,16
1,25,6.275000,16
1,26,6.052000,16
1,27,6.870000,16
1,28,8.744000,16
1,29,12.774000,16
1,30,10.003000,16
1,31,6.677000,16
1,32,7.050000,16
1,33,7.029000,16
1,34,6.739000,16
1,35,5.909000,16
1,36,6.053000,16
1,37,8.994000,16
1,38,11.853000,16
1,39,9.089000,16
1,40,6.382000,16
1,41,6.424000,16
1,42,6.548000,16
1,43,6.438000,16
1,44,7.036000,17
1,45,7.022000,18
1,46,8.311000,17
1,47,11.218000,16
1,48,7.355000,16
1,49,6.648000,16
1,50,6.906000,16
1,51,6.761000,16
1,52,7.363000,18
1,53,7.068000,18
1,54,6.765000,18
1,55,8.508000,18
1,56,12.783000,18
1,57,10.494000,17
1,58,6.800000,17
1,59,7.265000,17
1,60,5.891000,17
1,61,6.490000,17
1,62,6.739000,17
1,63,5.992000,17
1,64,8.285000,17
1,65,12.756000,17
1,66,10.102000,17
1,67,7.003000,17
1,68,7.025000,17
1,69,7.190000,17
1,70,6.550000,17
1,71,6.386000,17
1,72,4.479000,17
1,73,8.204000,17
1,74,12.314000,17
1,75,9.904000,18
1,76,7.646000,17
1,77,7.542000,18
1,78,6.580000,17
1,79,6.620000,17
1,80,7.051000,19
1,81,5.918000,17
1,82,9.033000,18
1,83,12.973000,19
1,84,10.198000,18
1,85,6.809000,18
1,86,7.621000,18
1,87,6.674000,19
1,88,6.117000,19
1,89,6.475000,17
1,90,5.859000,18
1,91,8.907000,17
1,92,11.994000,17
1,93,9.579000,17
1,94,6.950000,17
1,95,7.443000,17
1,96,6.523000,17
1,97,5.546000,17
1,98,7.034000,17
1,99,6.469000,17
1,100,7.849000,17
1,101,12.749000,17
1,102,10.193000,17
1,103,7.171000,17
1,104,9.455000,17
1,105,6.623000,17
1,106,6.323000,17
1,107,6.520000,17
1,108,4.767000,17
1,109,8.922000,17
1,110,11.553000,17
1,111,10.370000,17
1,112,7.320000,17
1,113,6.840000,17
1,114,5.939000,17
1,115,6.021000,18
1,116,6.411000,17
1,117,5.101000,17
1,118,8.755000,17
1,119,11.995000,17
1,120,9.207000,18
1,121,6.589000,18
1,122,6.815000,18
1,123,6.866000,18
1,124,6.320000,17
1,125,6.121000,17
1,126,6.137000,17
1,127,8.643000,17
1,128,12.966000,17
1,129,9.087000,17
1,130,7.531000,18
1,131,8.258000,17
1,132,6.561000,17
1,133,6.515000,18
1,134,7.285000,19
1,135,5.005000,19
1,136,8.627000,19
1,137,12.797000,18
1,138,9.443000,16
1,139,7.173000,18
1,140,8.541000,18
1,141,6.909000,18
1,142,7.325000,18
1,143,6.592000,18
1,144,4.479000,18
2,1,3.913000,7
2,2,3.677000,8
2,3,8.675000,26
2,4,8.258000,24
2,5,7.587000,25
2,6,7.385000,25
2,7,5.186000,25
2,8,5.563000,26
2,9,4.178000,26
2,10,7.914000,25
2,11,7.797000,26
2,12,8.465000,26
2,13,8.942000,26
2,14,7.369000,25
2,15,5.285000,25
2,16,5.816000,26
2,17,3.047000,26
2,18,2.965000,27
2,19,9.218000,27
2,20,7.696000,28
2,21,9.760000,29
2,22,7.913000,28
2,23,8.492000,28
2,24,5.517000,27
2,25,5.004000,28
2,26,3.222000,28
2,27,2.168000,28
2,28,2.633000,5
2,29,3.130000,5
2,30,2.142000,5
2,31,2.427000,5
2,32,2.228000,5
2,33,2.798000,5
2,34,3.662000,6
2,35,3.338000,6
2,36,3.891000,7
2,37,2.893000,6
2,38,3.440000,6
2,39,2.354000,6
2,40,2.719000,6
2,41,2.956000,6
2,42,2.714000,5
2,43,3.626000,5
2,44,3.363000,5
2,45,2.850000,6
2,46,9.377000,27
2,47,8.173000,28
2,48,8.578000,26
2,49,7.897000,27
2,50,7.673000,27
2,51,5.494000,27
2,52,5.191000,28
2,53,3.280000,28
2,54,2.334000,27
2,55,8.667000,26
2,56,6.620000,26
2,57,8.874000,26
2,58,8.269000,26
2,59,7.862000,26
2,60,5.387000,26
2,61,5.693000,26
2,62,3.859000,27
2,63,3.274000,27
2,64,8.758000,27
2,65,8.146000,28
2,66,9.359000,27
2,67,9.095000,27
2,68,6.824000,26
2,69,2.164000,6
2,70,2.145000,6
2,71,2.025000,6
2,72,2.146000,6
2,73,2.832000,7
2,74,4.381000,7
2,75,3.187000,8
2,76,2.392000,7
2,77,3.755000,7
2,78,3.512000,7
2,79,3.961000,7
2,80,3.418000,7
2,81,3.311000,6
2,82,5.015000,8
2,83,3.810000,8
2,84,4.009000,9
2,85,3.768000,8
2,86,4.795000,9
2,87,4.255000,8
2,88,4.602000,7
2,89,2.736000,7
2,90,3.162000,7
2,91,4.227000,7
2,92,3.579000,7
2,93,2.789000,7
2,94,5.157000,14
2,95,3.248000,7
2,96,4.206000,7
2,97,4.307000,7
2,98,2.836000,7
2,99,3.824000,8
2,100,3.547000,7
2,101,3.727000,7
2,102,2.472000,7
2,103,3.058000,7
2,104,3.440000,7
2,105,11.612000,33
2,106,3.296000,7
2,107,2.631000,7
2,108,3.746000,7
2,109,3.225000,7
2,110,3.796000,7
2,111,3.465000,7
2,112,3.122000,7
2,113,3.235000,7
2,114,11.972000,33
2,115,9.214000,31
2,116,2.254000,7
2,117,7.045000,33
2,118,3.225000,7
2,119,3.877000,7
2,120,2.958000,7
2,121,2.462000,7
2,122,3.336000,7
2,123,3.190000,7
2,124,3.669000,7
2,125,4.167000,7
2,126,4.128000,7
2,127,4.234000,7
2,128,3.801000,8
2,129,3.944000,9
2,130,4.401000,9
2,131,4.920000,9
2,132,4.527000,9
2,133,4.558000,8
2,134,2.388000,7
2,135,3.370000,8
2,136,3.905000,8
2,137,3.522000,7
2,138,3.408000,9
2,139,2.279000,7
2,140,3.878000,8
2,141,5.219000,9
2,142,4.233000,8
2,143,4.421000,9
2,144,3.350000,8
3,1,2.229000,5
3,2,1.882000,5
3,3,4.892000,14
3,4,4.806000,16
3,5,5.609000,16
3,6,3.616000,16
3,7,2.793000,14
3,8,1.931000,14
3,9,1.734000,14
3,10,6.337000,15
3,11,5.052000,14
3,12,4.041000,12
3,13,4.514000,13
3,14,3.272000,13
3,15,2.883000,15
3,16,1.821000,15
3,17,1.753000,16
3,18,0.893000,12
3,19,4.466000,12
3,20,4.112000,12
3,21,4.270000,12
3,22,3.963000,12
3,23,3.760000,12
3,24,3.086000,12
3,25,2.718000,12
3,26,1.926000,14
3,27,1.539000,14
3,28,4.278000,8
3,29,2.795000,8
3,30,3.174000,8
3,31,3.321000,9
3,32,2.986000,8
3,33,3.073000,9
3,34,2.975000,9
3,35,2.250000,9
3,36,2.029000,9
3,37,4.060000,9
3,38,3.357000,9
3,39,3.327000,9
3,40,3.954000,9
3,41,3.621000,10
3,42,2.932000,8
3,43,2.763000,8
3,44,1.813000,8
3,45,1.649000,8
3,46,4.957000,14
3,47,4.483000,14
3,48,4.091000,14
3,49,4.292000,13
3,50,4.124000,13
3,51,2.391000,13
3,52,1.613000,13
3,53,1.422000,13
3,54,1.109000,13
3,55,4.690000,12
3,56,3.548000,12
3,57,4.395000,16
3,58,4.173000,15
3,59,3.795000,15
3,60,2.894000,14
3,61,2.420000,12
3,62,1.730000,13
3,63,1.608000,13
3,64,5.226000,14
3,65,5.985000,20
3,66,6.364000,20
3,67,3.526000,13
3,68,3.472000,17
3,69,1.485000,6
3,70,3.360000,31
3,71,1.031000,7
3,72,0.418000,6
3,73,2.523000,6
3,74,2.513000,6
3,75,2.698000,6
3,76,2.543000,6
3,77,1.966000,6
3,78,2.362000,6
3,79,2.465000,6
3,80,2.851000,6
3,81,6.176000,33
3,82,3.833000,8
3,83,2.327000,6
3,84,2.846000,6
3,85,2.051000,6
3,86,2.215000,6
3,87,2.283000,6
3,88,2.063000,5
3,89,2.192000,5
3,90,1.434000,5
3,91,2.922000,5
3,92,2.325000,5
3,93,2.150000,5
3,94,2.341000,7
3,95,2.279000,5
3,96,2.122000,5
3,97,2.340000,5
3,98,1.763000,5
3,99,2.015000,5
3,100,3.213000,5
3,101,2.260000,5
3,102,2.010000,5
3,103,2.310000,5
3,104,2.194000,5
3,105,3.240000,8
3,106,2.111000,5
3,107,1.872000,5
3,108,1.766000,5
3,109,2.256000,5
3,110,2.745000,5
3,111,2.529000,5
3,112,2.181000,5
3,113,1.899000,5
3,114,2.770000,8
3,115,5.332000,18
3,116,2.072000,5
3,117,3.306000,18
3,118,2.506000,5
3,119,2.506000,5
3,120,2.462000,5
3,121,2.147000,5
3,122,1.931000,5
3,123,2.034000,5
3,124,1.947000,5
3,125,2.033000,6
3,126,2.013000,5
3,127,2.485000,5
3,128,2.494000,5
3,129,2.977000,6
3,130,2.515000,5
3,131,1.945000,5
3,132,1.593000,5
3,133,2.468000,6
3,134,2.556000,6
3,135,2.309000,5
3,136,2.709000,5
3,137,2.791000,5
3,138,2.408000,6
3,139,2.495000,5
3,140,1.984000,5
3,141,2.206000,5
3,142,2.490000,6
3,143,2.827000,8
3,144,2.517000,6
4,1,2.295000,4
4,2,2.141000,4
4,3,3.894000,13
4,4,3.102000,9
4,5,2.634000,9
4,6,2.564000,9
4,7,2.480000,11
4,8,1.696000,11
4,9,1.444000,10
4,10,3.073000,10
4,11,3.054000,10
4,12,2.695000,10
4,13,2.583000,10
4,14,3.098000,10
4,15,2.604000,10
4,16,2.035000,10
4,17,1.537000,11
4,18,1.275000,12
4,19,5.963000,19
4,20,4.826000,17
4,21,3.726000,12
4,22,3.229000,12
4,23,2.176000,11
4,24,1.316000,10
4,25,0.844000,10
4,26,0.385000,12
4,27,0.225000,10
4,28,2.207000,6
4,29,2.220000,6
4,30,2.591000,7
4,31,2.790000,6
4,32,2.301000,6
4,33,2.089000,6
4,34,2.249000,6
4,35,1.663000,6
4,36,2.019000,8
4,37,1.998000,6
4,38,2.452000,7
4,39,2.586000,6
4,40,2.579000,6
4,41,2.145000,7
4,42,2.372000,6
4,43,1.705000,6
4,44,1.908000,6
4,45,1.434000,6
4,46,3.753000,10
4,47,2.752000,10
4,48,3.027000,11
4,49,3.743000,12
4,50,2.492000,11
4,51,2.593000,11
4,52,1.842000,12
4,53,1.455000,12
4,54,1.426000,19
4,55,3.753000,12
4,56,3.075000,11
4,57,4.076000,11
4,58,3.724000,10
4,59,2.829000,10
4,60,2.005000,10
4,61,1.345000,10
4,62,0.932000,10
4,63,0.515000,10
4,64,2.905000,10
4,65,3.006000,10
4,66,2.948000,10
4,67,2.870000,10
4,68,2.701000,9
4,69,1.947000,5
4,70,2.337000,12
4,71,1.448000,5
4,72,0.814000,5
4,73,1.969000,5
4,74,1.960000,5
4,75,1.462000,5
4,76,2.212000,5
4,77,2.009000,5
4,78,1.604000,4
4,79,1.385000,4
4,80,1.383000,4
4,81,1.671000,7
4,82,1.779000,5
4,83,1.680000,4
4,84,1.599000,4
4,85,1.699000,4
4,86,2.100000,4
4,87,1.904000,4
4,88,1.544000,4
4,89,2.051000,4
4,90,1.666000,4
4,91,1.979000,4
4,92,2.650000,5
4,93,1.838000,4
4,94,2.143000,6
4,95,1.690000,4
4,96,2.374000,5
4,97,2.070000,5
4,98,1.670000,5
4,99,1.286000,4
4,100,1.172000,4
4,101,2.061000,5
4,102,1.623000,5
4,103,1.423000,5
4,104,1.829000,4
4,105,3.623000,11
4,106,1.942000,5
4,107,1.557000,4
4,108,1.214000,4
4,109,1.976000,5
4,110,1.470000,4
4,111,1.899000,4
4,112,1.908000,4
4,113,1.783000,5
4,114,3.211000,11
4,115,3.473000,11
4,116,1.471000,4
4,117,1.607000,11
4,118,1.629000,4
4,119,2.075000,4
4,120,1.646000,4
4,121,1.642000,4
4,122,1.624000,4
4,123,1.326000,4
4,124,1.300000,4
4,125,1.894000,4
4,126,1.410000,4
4,127,2.500000,5
4,128,1.672000,4
4,129,1.221000,4
4,130,1.861000,4
4,131,1.652000,4
4,132,1.564000,4
4,133,2.157000,4
4,134,1.522000,4
4,135,1.096000,4
4,136,1.768000,4
4,137,2.167000,4
4,138,1.735000,6
4,139,1.453000,4
4,140,1.940000,4
4,141,1.729000,4
4,142,1.381000,5
4,143,2.004000,7
4,144,1.139000,4
5,1,1.679000,4
5,2,1.952000,4
5,3,3.653000,11
5,4,3.648000,11
5,5,4.012000,11
5,6,4.011000,11
5,7,2.586000,11
5,8,2.188000,12
5,9,1.740000,12
5,10,2.829000,7
5,11,3.975000,12
5,12,3.571000,12
5,13,3.765000,11
5,14,2.776000,7
5,15,2.204000,7
5,16,2.173000,9
5,17,1.498000,9
5,18,1.445000,9
5,19,3.430000,11
5,20,4.203000,11
5,21,3.699000,11
5,22,3.634000,12
5,23,3.118000,11
5,24,2.939000,11
5,25,2.182000,12
5,26,1.403000,12
5,27,0.404000,13
5,28,1.936000,4
5,29,1.974000,4
5,30,1.631000,4
5,31,1.523000,4
5,32,1.755000,5
5,33,7.184000,26
5,34,3.457000,11
5,35,1.365000,5
5,36,1.053000,4
5,37,2.598000,6
5,38,2.862000,7
5,39,1.874000,5
5,40,2.181000,5
5,41,3.114000,6
5,42,2.541000,7
5,43,2.005000,6
5,44,1.616000,6
5,45,1.074000,4
5,46,2.818000,9
5,47,2.862000,9
5,48,3.261000,12
5,49,3.879000,12
5,50,3.668000,9
5,51,2.554000,8
5,52,2.820000,12
5,53,2.149000,12
5,54,1.448000,8
5,55,3.214000,9
5,56,2.893000,9
5,57,3.602000,9
5,58,3.145000,9
5,59,2.998000,7
5,60,1.840000,7
5,61,2.370000,12
5,62,1.427000,7
5,63,1.716000,12
5,64,3.932000,12
5,65,4.135000,12
5,66,4.173000,12
5,67,4.093000,12
5,68,3.535000,12
5,69,1.366000,4
5,70,2.176000,12
5,71,0.876000,4
5,72,0.663000,4
5,73,1.682000,4
5,74,1.708000,5
5,75,1.497000,4
5,76,2.167000,4
5,77,1.482000,4
5,78,2.284000,4
5,79,1.835000,4
5,80,1.731000,4
5,81,4.001000,12
5,82,1.694000,4
5,83,1.980000,4
5,84,1.638000,4
5,85,1.548000,4
5,86,1.777000,4
5,87,2.171000,4
5,88,2.499000,4
5,89,1.929000,4
5,90,1.477000,4
5,91,1.317000,4
5,92,1.066000,4
5,93,1.525000,4
5,94,2.762000,6
5,95,1.492000,4
5,96,1.497000,4
5,97,2.134000,5
5,98,1.709000,4
5,99,1.575000,4
5,100,1.689000,4
5,101,1.704000,4
5,102,1.498000,4
5,103,1.893000,4
5,104,1.717000,4
5,105,4.149000,11
5,106,1.898000,5
5,107,1.922000,4
5,108,2.023000,5
5,109,1.521000,5
5,110,1.439000,4
5,111,1.846000,4
5,112,2.242000,5
5,113,2.005000,4
5,114,3.780000,11
5,115,3.459000,11
5,116,1.374000,5
5,117,2.352000,11
5,118,1.392000,4
5,119,1.314000,4
5,120,1.734000,5
5,121,2.033000,5
5,122,1.358000,4
5,123,1.998000,4
5,124,1.634000,4
5,125,1.674000,4
5,126,1.684000,4
5,127,1.767000,5
5,128,1.617000,4
5,129,1.406000,4
5,130,1.719000,4
5,131,1.246000,4
5,132,1.684000,5
5,133,1.523000,4
5,134,1.639000,5
5,135,1.896000,4
5,136,1.687000,4
5,137,1.477000,4
5,138,2.355000,4
5,139,1.268000,4
5,140,2.117000,4
5,141,1.930000,4
5,142,1.906000,5
5,143,2.159000,5
5,144,2.156000,4
6,1,1.761000,5
6,2,2.438000,4
6,3,5.598000,12
6,4,5.369000,12
6,5,5.090000,12
6,6,4.128000,12
6,7,2.377000,12
6,8,2.784000,12
6,9,2.485000,12
6,10,5.818000,12
6,11,5.707000,12
6,12,6.354000,12
6,13,4.044000,12
6,14,3.370000,12
6,15,1.989000,12
6,16,2.775000,12
6,17,1.716000,12
6,18,0.568000,12
6,19,4.855000,12
6,20,5.148000,12
6,21,7.336000,12
6,22,4.622000,12
6,23,3.044000,12
6,24,2.114000,12
6,25,2.781000,12
6,26,2.472000,12
6,27,1.372000,12
6,28,1.823000,4
6,29,2.993000,4
6,30,2.303000,4
6,31,3.093000,4
6,32,2.608000,4
6,33,6.222000,12
6,34,2.389000,5
6,35,1.597000,4
6,36,1.406000,4
6,37,2.065000,4
6,38,2.005000,4
6,39,2.901000,4
6,40,2.665000,4
6,41,3.660000,6
6,42,3.046000,4
6,43,1.597000,4
6,44,1.896000,4
6,45,1.620000,4
6,46,5.160000,12
6,47,5.564000,12
6,48,6.611000,12
6,49,4.703000,12
6,50,3.076000,12
6,51,2.071000,12
6,52,2.858000,12
6,53,2.338000,12
6,54,0.816000,12
6,55,5.058000,12
6,56,5.446000,12
6,57,5.952000,12
6,58,4.892000,12
6,59,3.542000,12
6,60,1.994000,12
6,61,2.536000,12
6,62,2.174000,11
6,63,1.810000,12
6,64,5.142000,12
6,65,5.866000,13
6,66,5.480000,12
6,67,4.412000,13
6,68,2.611000,13
6,69,0.761000,4
6,70,2.831000,14
6,71,1.210000,4
6,72,0.996000,4
6,73,2.065000,4
6,74,1.987000,4
6,75,2.948000,4
6,76,2.645000,4
6,77,2.775000,4
6,78,2.622000,4
6,79,1.651000,4
6,80,2.220000,4
6,81,3.118000,11
6,82,1.544000,4
6,83,1.621000,4
6,84,3.023000,4
6,85,3.041000,4
6,86,2.694000,4
6,87,2.445000,4
6,88,2.796000,4
6,89,2.231000,4
6,90,2.088000,4
6,91,1.690000,4
6,92,1.648000,4
6,93,3.037000,4
6,94,3.792000,6
6,95,2.808000,4
6,96,3.264000,4
6,97,2.116000,5
6,98,1.798000,4
6,99,1.686000,5
6,100,1.549000,4
6,101,1.706000,4
6,102,2.835000,4
6,103,2.259000,4
6,104,2.586000,4
6,105,6.939000,12
6,106,1.964000,4
6,107,2.447000,5
6,108,1.618000,4
6,109,1.832000,4
6,110,1.997000,4
6,111,2.471000,4
6,112,1.984000,4
6,113,2.855000,4
6,114,6.363000,12
6,115,4.087000,12
6,116,1.858000,5
6,117,2.418000,12
6,118,1.603000,4
6,119,2.718000,4
6,120,3.101000,4
6,121,2.290000,4
6,122,3.091000,4
6,123,2.176000,4
6,124,1.761000,4
6,125,2.195000,4
6,126,1.445000,4
6,127,1.655000,4
6,128,2.328000,4
6,129,2.835000,4
6,130,2.434000,4
6,131,2.902000,4
6,132,3.039000,4
6,133,2.490000,4
6,134,2.049000,4
6,135,1.593000,4
6,136,2.063000,4
6,137,2.019000,4
6,138,2.741000,4
6,139,2.423000,4
6,140,2.462000,4
6,141,2.449000,4
6,142,3.871000,7
6,143,2.975000,7
6,144,1.911000,4
7,1,2.946000,5
7,2,2.161000,4
7,3,5.459000,12
7,4,5.189000,12
7,5,6.203000,12
7,6,2.512000,12
7,7,2.369000,12
7,8,2.596000,12
7,9,1.735000,12
7,10,5.883000,12
7,11,5.524000,12
7,12,4.087000,12
7,13,5.868000,12
7,14,3.642000,12
7,15,1.992000,12
7,16,2.155000,12
7,17,2.202000,12
7,18,1.807000,12
7,19,6.836000,12
7,20,5.292000,12
7,21,4.738000,12
7,22,5.632000,12
7,23,3.679000,12
7,24,2.415000,12
7,25,2.283000,12
7,26,1.803000,12
7,27,1.087000,12
7,28,2.870000,4
7,29,2.330000,4
7,30,1.571000,4
7,31,2.595000,4
7,32,2.502000,4
7,33,4.792000,12
7,34,3.435000,5
7,35,2.140000,4
7,36,1.772000,4
7,37,1.925000,4
7,38,2.176000,4
7,39,2.272000,4
7,40,2.193000,4
7,41,3.601000,6
7,42,2.561000,4
7,43,2.920000,4
7,44,2.587000,4
7,45,2.357000,4
7,46,5.424000,12
7,47,5.242000,12
7,48,5.483000,12
7,49,5.351000,12
7,50,2.517000,12
7,51,2.224000,12
7,52,2.241000,12
7,53,1.945000,12
7,54,1.093000,12
7,55,5.413000,12
7,56,5.694000,12
7,57,5.684000,12
7,58,5.352000,12
7,59,3.802000,12
7,60,2.180000,12
7,61,2.089000,12
7,62,2.176000,12
7,63,1.182000,12
7,64,6.102000,12
7,65,5.209000,12
7,66,5.014000,12
7,67,5.499000,12
7,68,3.772000,12
7,69,1.070000,4
7,70,2.701000,14
7,71,0.943000,4
7,72,0.846000,4
7,73,2.205000,5
7,74,2.004000,4
7,75,2.639000,4
7,76,3.105000,4
7,77,2.571000,4
7,78,2.510000,4
7,79,3.109000,4
7,80,2.334000,4
7,81,3.479000,11
7,82,2.325000,4
7,83,3.143000,4
7,84,1.719000,4
7,85,2.401000,4
7,86,2.330000,4
7,87,1.970000,4
7,88,2.349000,5
7,89,2.526000,4
7,90,2.624000,4
7,91,2.948000,4
7,92,3.166000,5
7,93,2.024000,4
7,94,3.738000,6
7,95,1.977000,4
7,96,2.232000,4
7,97,2.879000,4
7,98,2.285000,4
7,99,2.102000,4
7,100,2.293000,4
7,101,2.828000,4
7,102,2.273000,4
7,103,2.762000,4
7,104,2.328000,5
7,105,5.542000,12
7,106,2.453000,4
7,107,2.106000,4
7,108,2.247000,5
7,109,2.617000,4
7,110,3.210000,5
7,111,2.431000,5
7,112,2.774000,5
7,113,1.960000,4
7,114,5.315000,12
7,115,5.129000,12
7,116,1.428000,5
7,117,2.141000,12
7,118,2.242000,4
7,119,1.958000,4
7,120,2.241000,4
7,121,2.073000,4
7,122,2.555000,4
7,123,2.366000,4
7,124,2.230000,4
7,125,2.251000,4
7,126,2.388000,4
7,127,2.870000,4
7,128,2.887000,4
7,129,2.992000,4
7,130,3.179000,4
7,131,1.930000,4
7,132,2.036000,4
7,133,2.439000,4
7,134,2.297000,4
7,135,2.215000,4
7,136,2.860000,4
7,137,2.562000,4
7,138,2.607000,4
7,139,3.228000,4
7,140,1.839000,4
7,141,2.154000,4
7,142,3.429000,7
7,143,3.827000,7
7,144,1.548000,4
8,1,3.171000,4
8,2,2.624000,4
8,3,5.633000,12
8,4,5.706000,12
8,5,5.472000,12
8,6,4.598000,12
8,7,2.697000,12
8,8,2.245000,12
8,9,2.476000,12
8,10,6.588000,12
8,11,6.957000,12
8,12,5.618000,12
8,13,6.276000,12
8,14,3.713000,12
8,15,2.312000,12
8,16,2.490000,12
8,17,2.089000,12
8,18,1.342000,12
8,19,5.633000,12
8,20,7.138000,12
8,21,5.914000,12
8,22,4.915000,12
8,23,4.297000,12
8,24,2.498000,12
8,25,1.975000,12
8,26,2.781000,12
8,27,1.607000,12
8,28,2.705000,4
8,29,2.764000,4
8,30,2.413000,4
8,31,3.223000,4
8,32,3.392000,4
8,33,5.450000,12
8,34,2.719000,5
8,35,2.758000,4
8,36,1.929000,4
8,37,2.865000,4
8,38,2.340000,4
8,39,2.921000,4
8,40,3.108000,5
8,41,3.803000,6
8,42,2.553000,4
8,43,2.496000,5
8,44,2.729000,4
8,45,2.290000,4
8,46,4.882000,12
8,47,6.161000,12
8,48,6.010000,12
8,49,5.617000,12
8,50,4.689000,12
8,51,2.843000,12
8,52,2.013000,12
8,53,2.540000,12
8,54,2.036000,12
8,55,5.822000,12
8,56,6.803000,12
8,57,5.480000,12
8,58,5.205000,12
8,59,4.581000,12
8,60,2.266000,12
8,61,2.159000,12
8,62,2.392000,12
8,63,1.452000,12
8,64,6.179000,12
8,65,6.065000,12
8,66,5.595000,12
8,67,5.578000,12
8,68,3.379000,14
8,69,0.733000,4
8,70,2.270000,14
8,71,1.164000,4
8,72,1.000000,5
8,73,2.849000,4
8,74,3.281000,4
8,75,3.594000,5
8,76,3.488000,5
8,77,2.228000,4
8,78,2.375000,4
8,79,1.905000,4
8,80,2.459000,4
8,81,4.700000,11
8,82,2.323000,4
8,83,2.253000,4
8,84,2.550000,4
8,85,3.631000,4
8,86,4.264000,5
8,87,2.371000,4
8,88,2.148000,4
8,89,2.291000,4
8,90,2.914000,4
8,91,2.462000,4
8,92,2.376000,4
8,93,2.161000,4
8,94,4.324000,6
8,95,3.190000,5
8,96,2.023000,4
8,97,2.727000,4
8,98,2.355000,4
8,99,2.507000,4
8,100,3.161000,5
8,101,2.310000,4
8,102,3.065000,5
8,103,3.151000,4
8,104,2.353000,4
8,105,6.350000,12
8,106,2.402000,4
8,107,2.381000,4
8,108,2.294000,5
8,109,3.164000,4
8,110,2.034000,4
8,111,2.154000,5
8,112,2.436000,4
8,113,3.178000,5
8,114,5.714000,12
8,115,5.716000,12
8,116,2.137000,5
8,117,2.934000,12
8,118,2.844000,4
8,119,2.620000,4
8,120,1.980000,4
8,121,2.587000,4
8,122,2.740000,4
8,123,2.574000,4
8,124,2.302000,4
8,125,2.315000,4
8,126,2.500000,4
8,127,2.219000,4
8,128,2.344000,4
8,129,2.489000,4
8,130,3.068000,4
8,131,2.486000,4
8,132,2.464000,4
8,133,2.134000,4
8,134,2.037000,4
8,135,2.465000,4
8,136,2.668000,4
8,137,2.796000,4
8,138,2.521000,4
8,139,3.115000,4
8,140,3.037000,4
8,141,2.750000,5
8,142,8.253000,22
8,143,2.298000,6
8,144,1.257000,4
9,1,2.605000,4
9,2,2.492000,4
9,3,5.384000,12
9,4,4.686000,12
9,5,6.413000,12
9,6,4.391000,12
9,7,3.813000,12
9,8,2.499000,12
9,9,2.464000,12
9,10,5.476000,12
9,11,5.007000,12
9,12,5.088000,12
9,13,7.913000,12
9,14,4.164000,12
9,15,3.011000,12
9,16,2.441000,12
9,17,1.656000,12
9,18,1.374000,12
9,19,5.722000,12
9,20,5.582000,12
9,21,4.629000,12
9,22,6.511000,12
9,23,3.979000,12
9,24,3.189000,12
9,25,2.754000,12
9,26,1.570000,12
9,27,1.338000,12
9,28,1.743000,4
9,29,1.983000,4
9,30,2.818000,4
9,31,2.383000,4
9,32,2.360000,4
9,33,4.504000,12
9,34,3.387000,5
9,35,2.927000,4
9,36,2.113000,4
9,37,1.788000,4
9,38,2.608000,4
9,39,2.260000,4
9,40,1.916000,4
9,41,2.737000,5
9,42,2.082000,4
9,43,2.642000,4
9,44,3.398000,4
9,45,2.757000,4
9,46,6.177000,12
9,47,5.238000,12
9,48,5.471000,12
9,49,6.408000,12
9,50,4.713000,12
9,51,2.961000,12
9,52,2.738000,12
9,53,1.388000,12
9,54,1.320000,12
9,55,5.152000,12
9,56,5.580000,12
9,57,6.456000,12
9,58,4.722000,12
9,59,3.438000,12
9,60,3.297000,12
9,61,2.440000,12
9,62,1.702000,12
9,63,1.828000,12
9,64,6.178000,12
9,65,5.543000,12
9,66,5.164000,12
9,67,6.401000,12
9,68,4.424000,13
9,69,1.424000,4
9,70,3.175000,14
9,71,0.954000,4
9,72,1.104000,4
9,73,2.061000,4
9,74,2.150000,4
9,75,2.216000,4
9,76,2.456000,4
9,77,1.826000,4
9,78,2.915000,5
9,79,4.115000,4
9,80,3.227000,5
9,81,3.861000,11
9,82,2.602000,4
9,83,2.310000,4
9,84,1.794000,4
9,85,3.736000,5
9,86,2.156000,4
9,87,2.705000,4
9,88,2.748000,4
9,89,3.781000,4
9,90,2.652000,4
9,91,2.057000,4
9,92,1.983000,4
9,93,2.345000,4
9,94,3.700000,6
9,95,2.254000,4
9,96,2.480000,4
9,97,2.520000,4
9,98,3.008000,4
9,99,2.077000,4
9,100,2.312000,5
9,101,2.572000,4
9,102,2.423000,4
9,103,3.014000,5
9,104,2.075000,4
9,105,6.265000,12
9,106,1.859000,4
9,107,1.526000,4
9,108,1.812000,5
9,109,2.056000,4
9,110,3.012000,5
9,111,2.738000,5
9,112,2.831000,5
9,113,2.261000,4
9,114,6.451000,12
9,115,5.000000,12
9,116,2.380000,4
9,117,2.926000,12
9,118,2.321000,5
9,119,2.640000,5
9,120,2.661000,4
9,121,3.085000,4
9,122,2.248000,4
9,123,2.553000,4
9,124,2.685000,4
9,125,2.645000,4
9,126,2.333000,4
9,127,2.052000,4
9,128,1.566000,4
9,129,2.843000,4
9,130,2.332000,4
9,131,2.746000,5
9,132,1.592000,4
9,133,2.618000,4
9,134,3.089000,4
9,135,2.712000,4
9,136,2.052000,4
9,137,2.895000,4
9,138,2.358000,4
9,139,2.714000,4
9,140,2.073000,4
9,141,3.648000,7
9,142,7.894000,15
9,143,1.855000,5
9,144,1.937000,4
10,1,2.779000,4
10,2,3.028000,4
10,3,6.315000,12
10,4,6.396000,12
10,5,5.988000,12
10,6,4.073000,12
10,7,2.681000,12
10,8,2.734000,12
10,9,2.342000,12
10,10,6.711000,12
10,11,6.311000,12
10,12,5.401000,12
10,13,5.722000,12
10,14,3.973000,12
10,15,2.672000,12
10,16,2.650000,12
10,17,2.174000,12
10,18,2.039000,12
10,19,6.206000,12
10,20,6.429000,12
10,21,5.847000,12
10,22,5.573000,12
10,23,4.959000,12
10,24,2.824000,12
10,25,2.641000,12
10,26,2.383000,12
10,27,1.284000,12
10,28,3.082000,4
10,29,3.065000,4
10,30,3.210000,5
10,31,2.433000,4
10,32,2.158000,4
10,33,6.305000,12
10,34,3.397000,5
10,35,1.858000,4
10,36,1.829000,4
10,37,3.090000,4
10,38,3.060000,4
10,39,2.903000,4
10,40,2.991000,4
10,41,3.245000,6
10,42,2.634000,4
10,43,2.204000,4
10,44,2.463000,4
10,45,2.209000,4
10,46,6.199000,12
10,47,6.850000,12
10,48,7.004000,12
10,49,5.739000,12
10,50,3.627000,12
10,51,2.932000,12
10,52,2.122000,12
10,53,1.998000,12
10,54,1.105000,12
10,55,6.197000,12
10,56,6.534000,12
10,57,5.136000,12
10,58,6.422000,12
10,59,4.186000,12
10,60,2.958000,12
10,61,2.107000,12
10,62,1.996000,12
10,63,1.682000,12
10,64,6.363000,12
10,65,6.391000,12
10,66,6.205000,12
10,67,5.475000,12
10,68,4.725000,12
10,69,1.183000,4
10,70,3.106000,14
10,71,1.030000,4
10,72,1.006000,5
10,73,2.673000,4
10,74,3.045000,4
10,75,2.745000,4
10,76,3.264000,5
10,77,2.414000,4
10,78,2.605000,5
10,79,3.290000,5
10,80,2.535000,4
10,81,4.854000,11
10,82,2.689000,4
10,83,3.078000,4
10,84,2.251000,4
10,85,2.748000,4
10,86,2.595000,4
10,87,2.648000,4
10,88,2.675000,4
10,89,2.629000,4
10,90,2.276000,4
10,91,2.849000,4
10,92,3.100000,4
10,93,2.928000,4
10,94,3.628000,6
10,95,2.649000,4
10,96,2.302000,4
10,97,2.357000,4
10,98,2.272000,4
10,99,2.151000,4
10,100,3.094000,5
10,101,3.067000,4
10,102,3.227000,4
10,103,3.160000,5
10,104,2.675000,5
10,105,6.458000,12
10,106,2.843000,4
10,107,2.492000,4
10,108,1.507000,4
10,109,3.087000,4
10,110,3.063000,4
10,111,2.848000,4
10,112,2.781000,4
10,113,2.158000,4
10,114,7.351000,12
10,115,4.680000,12
10,116,1.219000,4
10,117,2.672000,12
10,118,2.873000,4
10,119,3.074000,4
10,120,2.675000,4
10,121,2.782000,4
10,122,2.341000,4
10,123,2.902000,4
10,124,2.689000,4
10,125,2.064000,4
10,126,1.898000,4
10,127,2.822000,5
10,128,2.585000,4
10,129,1.763000,4
10,130,2.857000,4
10,131,2.768000,4
10,132,2.652000,4
10,133,2.982000,4
10,134,2.516000,4
10,135,3.380000,4
10,136,2.727000,4
10,137,3.422000,4
10,138,3.227000,4
10,139,2.911000,4
10,140,2.216000,4
10,141,4.176000,6
10,142,3.963000,7
10,143,2.867000,6
10,144,1.440000,4
11,1,3.208000,4
11,2,3.253000,4
11,3,5.253000,12
11,4,5.995000,12
11,5,4.893000,12
11,6,3.290000,12
11,7,2.338000,12
11,8,2.013000,12
11,9,1.932000,12
11,10,6.541000,12
11,11,4.537000,12
11,12,5.451000,12
11,13,4.993000,12
11,14,3.742000,12
11,15,3.255000,12
11,16,2.076000,12
11,17,1.824000,12
11,18,1.401000,12
11,19,6.538000,12
11,20,4.758000,12
11,21,4.932000,12
11,22,4.972000,12
11,23,4.133000,12
11,24,2.544000,12
11,25,2.062000,12
11,26,1.862000,12
11,27,1.109000,12
11,28,2.435000,4
11,29,2.229000,4
11,30,2.767000,4
11,31,2.432000,4
11,32,2.475000,4
11,33,5.004000,10
11,34,3.578000,5
11,35,1.885000,4
11,36,1.744000,4
11,37,2.826000,4
11,38,2.810000,4
11,39,1.742000,4
11,40,1.864000,4
11,41,2.901000,4
11,42,2.198000,4
11,43,2.285000,4
11,44,3.150000,4
11,45,2.105000,4
11,46,6.551000,12
11,47,4.134000,12
11,48,5.849000,12
11,49,6.163000,12
11,50,3.430000,12
11,51,2.492000,12
11,52,2.215000,12
11,53,1.634000,12
11,54,1.386000,12
11,55,6.129000,12
11,56,5.494000,12
11,57,5.505000,13
11,58,4.549000,13
11,59,3.004000,13
11,60,3.550000,13
11,61,2.046000,13
11,62,1.075000,13
11,63,0.233000,9
11,64,5.174000,9
11,65,3.741000,9
11,66,4.077000,9
11,67,4.054000,9
11,68,3.350000,9
11,69,2.292000,4
11,70,2.795000,9
11,71,1.226000,4
11,72,0.992000,4
11,73,2.234000,4
11,74,2.433000,4
11,75,2.255000,4
11,76,2.093000,4
11,77,2.324000,5
11,78,1.987000,4
11,79,2.416000,4
11,80,2.343000,4
11,81,3.745000,13
11,82,3.206000,4
11,83,2.934000,5
11,84,1.905000,4
11,85,2.926000,5
11,86,1.959000,4
11,87,1.925000,4
11,88,2.294000,4
11,89,2.533000,4
11,90,1.711000,4
11,91,2.856000,4
11,92,2.558000,4
11,93,1.696000,4
11,94,3.254000,6
11,95,1.891000,4
11,96,2.191000,4
11,97,1.871000,4
11,98,2.446000,5
11,99,2.156000,4
11,100,3.280000,4
11,101,3.339000,5
11,102,2.410000,4
11,103,2.422000,4
11,104,2.904000,4
11,105,5.899000,12
11,106,2.127000,4
11,107,1.817000,4
11,108,1.642000,4
11,109,3.205000,4
11,110,2.936000,4
11,111,2.501000,4
11,112,2.395000,4
11,113,2.590000,4
11,114,5.660000,12
11,115,4.156000,12
11,116,1.482000,4
11,117,2.573000,12
11,118,2.609000,4
11,119,3.059000,4
11,120,1.848000,4
11,121,2.470000,4
11,122,2.078000,4
11,123,2.196000,4
11,124,2.497000,4
11,125,2.448000,4
11,126,2.839000,4
11,127,3.210000,4
11,128,3.509000,4
11,129,2.310000,4
11,130,2.163000,4
11,131,2.223000,4
11,132,2.756000,4
11,133,1.919000,4
11,134,2.371000,4
11,135,1.942000,4
11,136,3.216000,4
11,137,3.337000,4
11,138,2.391000,4
11,139,2.742000,4
11,140,2.612000,6
11,141,4.557000,8
11,142,3.982000,11
11,143,1.612000,5
11,144,1.678000,4
12,1,2.531000,4
12,2,2.608000,4
12,3,5.518000,12
12,4,5.121000,12
12,5,4.656000,12
12,6,4.521000,12
12,7,2.699000,12
12,8,2.275000,12
12,9,1.919000,12
12,10,6.476000,12
12,11,5.470000,12
12,12,4.772000,12
12,13,4.737000,12
12,14,4.331000,12
12,15,2.620000,12
12,16,2.319000,12
12,17,1.358000,12
12,18,1.567000,12
12,19,6.155000,12
12,20,4.737000,12
12,21,5.130000,12
12,22,5.199000,12
12,23,4.297000,12
12,24,2.554000,12
12,25,2.420000,12
12,26,1.360000,12
12,27,1.582000,12
12,28,2.766000,4
12,29,2.423000,4
12,30,2.682000,4
12,31,2.022000,4
12,32,2.440000,4
12,33,4.195000,10
12,34,1.993000,5
12,35,2.191000,4
12,36,1.505000,4
12,37,3.030000,4
12,38,3.078000,4
12,39,3.154000,4
12,40,2.213000,4
12,41,3.008000,5
12,42,1.962000,4
12,43,2.337000,5
12,44,2.568000,4
12,45,2.562000,4
12,46,5.489000,12
12,47,4.884000,12
12,48,4.970000,12
12,49,4.936000,12
12,50,4.775000,12
12,51,2.819000,12
12,52,2.552000,12
12,53,1.319000,12
12,54,1.311000,12
12,55,6.387000,12
12,56,6.653000,12
12,57,5.467000,13
12,58,5.471000,13
12,59,2.968000,13
12,60,2.510000,13
12,61,2.170000,13
12,62,1.437000,13
12,63,1.044000,10
12,64,5.481000,10
12,65,4.287000,10
12,66,3.956000,10
12,67,4.255000,10
12,68,4.760000,10
12,69,1.188000,4
12,70,2.327000,10
12,71,1.015000,4
12,72,1.229000,4
12,73,2.750000,4
12,74,3.095000,4
12,75,1.986000,4
12,76,2.543000,4
12,77,2.560000,4
12,78,2.131000,4
12,79,2.015000,4
12,80,2.307000,4
12,81,5.307000,13
12,82,2.658000,4
12,83,3.178000,5
12,84,1.947000,4
12,85,2.645000,4
12,86,2.880000,5
12,87,2.628000,4
12,88,2.351000,4
12,89,2.172000,4
12,90,2.463000,4
12,91,3.022000,4
12,92,2.733000,4
12,93,2.366000,4
12,94,3.644000,6
12,95,2.223000,4
12,96,2.519000,4
12,97,2.264000,4
12,98,2.409000,4
12,99,2.429000,4
12,100,3.165000,5
12,101,2.600000,4
12,102,2.640000,4
12,103,2.379000,4
12,104,3.064000,4
12,105,4.521000,12
12,106,2.282000,4
12,107,1.981000,4
12,108,2.469000,4
12,109,2.591000,4
12,110,2.421000,4
12,111,1.974000,4
12,112,2.218000,4
12,113,2.211000,4
12,114,5.444000,12
12,115,5.082000,12
12,116,2.131000,5
12,117,3.014000,12
12,118,2.758000,5
12,119,2.800000,4
12,120,2.766000,4
12,121,2.134000,4
12,122,2.115000,4
12,123,2.400000,4
12,124,2.434000,4
12,125,2.689000,4
12,126,1.707000,4
12,127,3.028000,5
12,128,3.079000,4
12,129,2.705000,4
12,130,2.291000,4
12,131,2.529000,4
12,132,2.922000,4
12,133,1.838000,4
12,134,2.368000,4
12,135,2.812000,4
12,136,2.600000,4
12,137,2.846000,4
12,138,2.664000,4
12,139,2.229000,4
12,140,3.302000,7
12,141,8.510000,24
12,142,3.896000,12
12,143,1.094000,5
12,144,1.171000,4
13,1,2.886000,4
13,2,2.728000,4
13,3,5.761000,12
13,4,5.911000,12
13,5,4.267000,12
13,6,2.395000,12
13,7,2.018000,12
13,8,1.259000,12
13,9,1.296000,12
13,10,6.384000,12
13,11,6.247000,12
13,12,5.354000,12
13,13,5.497000,12
13,14,2.682000,12
13,15,1.868000,12
13,16,1.712000,12
13,17,1.280000,12
13,18,1.093000,12
13,19,6.319000,12
13,20,4.768000,12
13,21,5.032000,12
13,22,5.652000,12
13,23,2.996000,12
13,24,1.918000,12
13,25,1.983000,12
13,26,1.305000,12
13,27,1.312000,12
13,28,2.883000,4
13,29,3.152000,4
13,30,2.292000,4
13,31,2.661000,4
13,32,2.406000,4
13,33,4.584000,10
13,34,3.512000,5
13,35,1.548000,4
13,36,1.152000,4
13,37,2.882000,4
13,38,2.716000,4
13,39,2.282000,4
13,40,2.090000,4
13,41,2.571000,4
13,42,2.754000,4
13,43,2.149000,4
13,44,2.479000,4
13,45,2.944000,4
13,46,6.487000,12
13,47,5.318000,12
13,48,6.130000,12
13,49,5.120000,12
13,50,2.659000,12
13,51,2.008000,12
13,52,1.649000,12
13,53,1.244000,12
13,54,1.146000,12
13,55,6.076000,12
13,56,6.149000,12
13,57,5.900000,13
13,58,3.529000,13
13,59,2.076000,13
13,60,1.787000,13
13,61,1.343000,13
13,62,1.183000,13
13,63,0.661000,10
13,64,4.729000,10
13,65,4.371000,10
13,66,6.542000,10
13,67,5.299000,10
13,68,3.397000,10
13,69,1.311000,4
13,70,1.731000,10
13,71,0.689000,4
13,72,0.627000,4
13,73,2.522000,4
13,74,2.326000,4
13,75,1.995000,4
13,76,2.594000,4
13,77,2.391000,4
13,78,2.735000,4
13,79,2.388000,4
13,80,2.306000,4
13,81,2.848000,13
13,82,2.476000,4
13,83,2.578000,4
13,84,2.454000,4
13,85,2.577000,4
13,86,2.543000,5
13,87,2.510000,4
13,88,2.610000,4
13,89,3.246000,5
13,90,2.248000,4
13,91,2.349000,4
13,92,2.650000,4
13,93,2.536000,4
13,94,3.170000,6
13,95,2.206000,4
13,96,2.557000,4
13,97,2.125000,4
13,98,2.876000,5
13,99,2.520000,4
13,100,2.884000,4
13,101,3.147000,5
13,102,2.673000,5
13,103,2.180000,4
13,104,2.407000,4
13,105,5.619000,12
13,106,2.842000,4
13,107,1.193000,4
13,108,1.225000,4
13,109,2.885000,4
13,110,3.145000,4
13,111,2.150000,4
13,112,1.908000,4
13,113,2.760000,5
13,114,5.074000,12
13,115,5.201000,12
13,116,1.419000,4
13,117,2.101000,12
13,118,2.052000,4
13,119,2.213000,4
13,120,2.210000,4
13,121,2.588000,4
13,122,2.605000,4
13,123,3.768000,5
13,124,2.489000,4
13,125,2.428000,4
13,126,2.346000,4
13,127,2.882000,4
13,128,3.147000,4
13,129,2.293000,4
13,130,2.322000,4
13,131,2.637000,4
13,132,2.496000,4
13,133,2.548000,4
13,134,3.368000,4
13,135,1.996000,4
13,136,2.342000,4
13,137,2.802000,4
13,138,2.386000,4
13,139,3.153000,6
13,140,3.844000,7
13,141,3.607000,7
13,142,5.402000,16
13,143,1.461000,6
13,144,1.132000,6
14,1,1.386000,4
14,2,1.553000,4
14,3,3.810000,12
14,4,3.701000,12
14,5,3.425000,12
14,6,2.863000,12
14,7,1.918000,12
14,8,1.422000,12
14,9,1.331000,12
14,10,3.670000,12
14,11,3.455000,12
14,12,3.674000,12
14,13,3.356000,12
14,14,3.095000,12
14,15,2.273000,12
14,16,1.407000,12
14,17,1.228000,12
14,18,0.843000,12
14,19,4.596000,12
14,20,4.101000,12
14,21,4.378000,12
14,22,3.551000,12
14,23,2.215000,12
14,24,1.673000,12
14,25,1.271000,12
14,26,1.262000,12
14,27,0.507000,12
14,28,1.897000,4
14,29,1.700000,4
14,30,1.545000,4
14,31,1.614000,4
14,32,1.813000,4
14,33,3.272000,10
14,34,1.704000,5
14,35,1.383000,4
14,36,1.215000,4
14,37,1.906000,4
14,38,1.719000,4
14,39,1.956000,4
14,40,1.675000,4
14,41,1.354000,4
14,42,1.299000,4
14,43,1.352000,4
14,44,1.585000,4
14,45,1.787000,4
14,46,3.295000,12
14,47,3.972000,12
14,48,3.933000,12
14,49,3.423000,12
14,50,3.352000,12
14,51,2.150000,12
14,52,1.404000,12
14,53,1.316000,12
14,54,0.906000,12
14,55,4.059000,12
14,56,3.867000,12
14,57,4.229000,13
14,58,3.925000,13
14,59,2.440000,13
14,60,1.900000,13
14,61,1.386000,13
14,62,1.295000,13
14,63,0.774000,10
14,64,3.702000,10
14,65,2.729000,10
14,66,2.919000,10
14,67,3.746000,10
14,68,3.136000,10
14,69,1.099000,4
14,70,1.920000,10
14,71,0.732000,4
14,72,0.792000,4
14,73,1.608000,4
14,74,1.978000,4
14,75,1.570000,4
14,76,1.817000,4
14,77,1.547000,4
14,78,1.842000,4
14,79,1.503000,4
14,80,1.675000,4
14,81,3.794000,13
14,82,1.629000,4
14,83,1.692000,4
14,84,2.290000,4
14,85,1.970000,4
14,86,1.814000,5
14,87,2.012000,4
14,88,1.917000,4
14,89,1.281000,4
14,90,1.418000,4
14,91,1.591000,4
14,92,1.476000,4
14,93,1.273000,4
14,94,2.370000,6
14,95,1.664000,4
14,96,1.773000,4
14,97,1.647000,4
14,98,1.885000,4
14,99,1.757000,4
14,100,1.893000,4
14,101,1.944000,4
14,102,1.761000,5
14,103,2.562000,5
14,104,1.726000,4
14,105,3.314000,12
14,106,1.365000,5
14,107,1.109000,4
14,108,0.966000,4
14,109,1.897000,4
14,110,1.643000,4
14,111,1.412000,4
14,112,1.442000,4
14,113,1.399000,4
14,114,3.689000,12
14,115,3.848000,12
14,116,1.477000,5
14,117,2.390000,12
14,118,1.890000,5
14,119,1.941000,4
14,120,1.639000,4
14,121,1.710000,4
14,122,1.391000,4
14,123,1.739000,4
14,124,1.705000,4
14,125,1.520000,4
14,126,1.799000,4
14,127,1.624000,4
14,128,1.742000,4
14,129,1.482000,4
14,130,1.675000,4
14,131,1.794000,4
14,132,1.781000,4
14,133,1.682000,4
14,134,1.639000,4
14,135,1.569000,4
14,136,1.899000,4
14,137,1.560000,4
14,138,1.365000,4
14,139,2.581000,6
14,140,2.707000,7
14,141,3.350000,10
14,142,3.670000,16
14,143,1.137000,5
14,144,1.180000,5
15,1,1.422000,4
15,2,1.920000,4
15,3,4.343000,12
15,4,3.451000,12
15,5,3.740000,12
15,6,2.458000,12
15,7,2.049000,12
15,8,1.493000,12
15,9,1.185000,12
15,10,4.208000,12
15,11,3.500000,12
15,12,4.069000,12
15,13,3.413000,12
15,14,3.210000,12
15,15,2.050000,12
15,16,1.402000,12
15,17,1.389000,12
15,18,0.769000,12
15,19,3.990000,12
15,20,4.569000,12
15,21,3.983000,12
15,22,3.618000,12
15,23,2.409000,12
15,24,1.962000,12
15,25,1.439000,12
15,26,1.291000,12
15,27,0.991000,12
15,28,1.454000,4
15,29,1.833000,4
15,30,1.608000,4
15,31,1.762000,4
15,32,1.836000,4
15,33,2.990000,10
15,34,1.983000,5
15,35,1.977000,4
15,36,1.220000,4
15,37,1.484000,4
15,38,1.756000,4
15,39,1.609000,4
15,40,2.290000,4
15,41,2.366000,5
15,42,1.418000,4
15,43,1.427000,4
15,44,1.907000,4
15,45,1.816000,4
15,46,3.981000,12
15,47,3.866000,12
15,48,4.008000,12
15,49,4.348000,12
15,50,2.471000,12
15,51,2.096000,12
15,52,1.689000,12
15,53,1.305000,12
15,54,0.772000,12
15,55,3.390000,12
15,56,3.236000,12
15,57,3.990000,13
15,58,4.148000,13
15,59,2.696000,13
15,60,1.967000,13
15,61,1.721000,13
15,62,1.474000,13
15,63,0.996000,10
15,64,3.362000,10
15,65,3.449000,10
15,66,3.240000,10
15,67,3.380000,10
15,68,3.300000,10
15,69,0.723000,4
15,70,1.680000,10
15,71,0.863000,4
15,72,0.730000,4
15,73,1.479000,4
15,74,1.827000,4
15,75,1.735000,4
15,76,1.912000,4
15,77,1.790000,4
15,78,1.267000,4
15,79,1.620000,4
15,80,1.650000,4
15,81,2.638000,13
15,82,1.449000,4
15,83,1.616000,4
15,84,1.510000,4
15,85,1.359000,4
15,86,1.398000,5
15,87,1.833000,4
15,88,1.969000,4
15,89,1.452000,4
15,90,1.062000,4
15,91,1.994000,4
15,92,1.974000,4
15,93,1.387000,4
15,94,2.265000,6
15,95,1.538000,4
15,96,1.695000,4
15,97,1.308000,4
15,98,1.612000,4
15,99,1.584000,4
15,100,1.612000,4
15,101,1.560000,5
15,102,1.558000,4
15,103,1.648000,5
15,104,1.454000,4
15,105,3.638000,12
15,106,1.549000,4
15,107,1.641000,4
15,108,1.531000,4
15,109,1.880000,4
15,110,1.800000,4
15,111,1.531000,4
15,112,1.652000,4
15,113,1.994000,5
15,114,3.964000,12
15,115,3.643000,12
15,116,1.165000,5
15,117,2.040000,12
15,118,1.882000,4
15,119,2.056000,4
15,120,1.174000,4
15,121,1.760000,4
15,122,2.100000,4
15,123,1.287000,4
15,124,2.123000,4
15,125,1.439000,4
15,126,1.430000,4
15,127,1.939000,4
15,128,1.986000,4
15,129,1.299000,4
15,130,1.646000,4
15,131,2.009000,4
15,132,1.415000,4
15,133,1.523000,4
15,134,1.859000,4
15,135,1.784000,4
15,136,1.881000,4
15,137,1.988000,4
15,138,1.402000,4
15,139,2.546000,8
15,140,5.639000,20
15,141,2.896000,11
15,142,2.725000,15
15,143,1.099000,5
15,144,0.926000,6
16,1,2.023000,4
16,2,1.449000,4
16,3,3.996000,11
16,4,5.828000,11
16,5,4.460000,11
16,6,4.166000,11
16,7,2.632000,11
16,8,2.130000,11
16,9,1.482000,11
16,10,3.565000,11
16,11,3.702000,11
16,12,4.341000,11
16,13,5.098000,11
16,14,4.410000,11
16,15,3.005000,11
16,16,1.989000,11
16,17,1.338000,11
16,18,0.570000,11
16,19,3.876000,11
16,20,4.034000,11
16,21,4.837000,11
16,22,5.338000,11
16,23,4.321000,11
16,24,2.401000,11
16,25,1.901000,11
16,26,1.360000,11
16,27,0.582000,11
16,28,1.613000,4
16,29,1.588000,4
16,30,1.498000,4
16,31,2.337000,4
16,32,1.664000,4
16,33,4.706000,11
16,34,2.488000,5
16,35,2.253000,4
16,36,1.354000,4
16,37,1.410000,4
16,38,2.514000,4
16,39,1.742000,4
16,40,2.435000,4
16,41,2.660000,4
16,42,1.926000,4
16,43,2.428000,4
16,44,2.043000,4
16,45,1.967000,4
16,46,4.396000,14
16,47,2.875000,9
16,48,4.713000,9
16,49,3.616000,9
16,50,4.388000,9
16,51,2.359000,9
16,52,2.193000,9
16,53,1.671000,9
16,54,1.243000,9
16,55,2.460000,9
16,56,3.017000,9
16,57,3.990000,9
16,58,4.638000,9
16,59,3.897000,9
16,60,3.826000,9
16,61,2.118000,9
16,62,1.871000,9
16,63,1.578000,11
16,64,3.863000,11
16,65,3.422000,11
16,66,3.851000,9
16,67,3.986000,9
16,68,4.206000,9
16,69,2.294000,4
16,70,2.324000,9
16,71,1.060000,4
16,72,1.009000,4
16,73,1.611000,4
16,74,1.389000,4
16,75,1.474000,4
16,76,1.690000,4
16,77,1.457000,4
16,78,2.238000,4
16,79,2.657000,4
16,80,1.921000,4
16,81,4.585000,10
16,82,1.339000,4
16,83,1.873000,4
16,84,1.541000,4
16,85,1.677000,4
16,86,1.670000,4
16,87,2.810000,4
16,88,1.966000,4
16,89,1.899000,4
16,90,2.391000,4
16,91,1.369000,4
16,92,2.002000,4
16,93,1.600000,4
16,94,2.881000,6
16,95,2.378000,4
16,96,3.389000,4
16,97,2.145000,4
16,98,2.389000,4
16,99,2.168000,4
16,100,1.900000,4
16,101,1.559000,4
16,102,1.300000,4
16,103,1.755000,4
16,104,1.783000,4
16,105,5.957000,12
16,106,1.972000,4
16,107,2.460000,5
16,108,2.412000,4
16,109,1.618000,4
16,110,1.889000,4
16,111,1.742000,4
16,112,1.853000,5
16,113,1.602000,4
16,114,5.652000,12
16,115,6.005000,12
16,116,1.815000,4
16,117,2.794000,12
16,118,1.770000,4
16,119,1.830000,4
16,120,1.750000,4
16,121,2.486000,4
16,122,2.399000,4
16,123,2.399000,4
16,124,2.795000,4
16,125,2.300000,4
16,126,2.121000,4
16,127,1.622000,4
16,128,1.890000,4
16,129,1.672000,4
16,130,1.838000,5
16,131,1.843000,4
16,132,2.330000,4
16,133,2.566000,4
16,134,1.902000,4
16,135,2.813000,4
16,136,1.990000,4
16,137,1.599000,4
16,138,2.639000,6
16,139,2.635000,6
16,140,3.702000,7
16,141,2.957000,7
16,142,3.057000,7
16,143,2.215000,6
16,144,1.972000,6
17,1,2.809000,4
17,2,2.452000,4
17,3,4.880000,11
17,4,4.830000,11
17,5,4.225000,11
17,6,3.980000,11
17,7,1.869000,11
17,8,3.081000,11
17,9,2.145000,11
17,10,5.678000,11
17,11,4.849000,11
17,12,6.227000,11
17,13,4.572000,11
17,14,3.198000,11
17,15,1.949000,11
17,16,2.610000,11
17,17,1.988000,11
17,18,0.930000,11
17,19,5.301000,11
17,20,4.887000,11
17,21,4.948000,11
17,22,4.880000,11
17,23,3.108000,11
17,24,2.685000,11
17,25,2.582000,11
17,26,2.100000,11
17,27,0.983000,11
17,28,2.592000,4
17,29,2.492000,4
17,30,2.105000,4
17,31,2.268000,4
17,32,1.781000,4
17,33,5.192000,11
17,34,2.523000,5
17,35,2.161000,4
17,36,1.690000,4
17,37,2.807000,4
17,38,3.312000,4
17,39,2.240000,4
17,40,2.221000,4
17,41,3.443000,4
17,42,2.472000,4
17,43,2.136000,4
17,44,2.149000,4
17,45,1.474000,4
17,46,5.307000,12
17,47,4.092000,10
17,48,4.719000,10
17,49,4.623000,10
17,50,3.668000,10
17,51,2.371000,10
17,52,2.224000,10
17,53,2.566000,11
17,54,1.790000,11
17,55,5.037000,11
17,56,4.889000,11
17,57,4.050000,11
17,58,5.099000,11
17,59,3.677000,11
17,60,2.502000,11
17,61,2.690000,11
17,62,2.164000,11
17,63,1.746000,10
17,64,4.923000,11
17,65,5.897000,11
17,66,5.027000,11
17,67,4.521000,11
17,68,2.904000,11
17,69,0.899000,4
17,70,2.020000,11
17,71,1.011000,4
17,72,1.420000,4
17,73,2.605000,4
17,74,2.188000,4
17,75,1.865000,4
17,76,2.672000,4
17,77,2.856000,4
17,78,2.138000,4
17,79,2.087000,4
17,80,2.321000,4
17,81,2.857000,10
17,82,2.259000,4
17,83,1.839000,4
17,84,2.175000,4
17,85,2.201000,4
17,86,1.934000,4
17,87,3.125000,4
17,88,2.016000,4
17,89,2.114000,4
17,90,1.812000,4
17,91,2.462000,4
17,92,2.055000,4
17,93,2.280000,4
17,94,3.297000,6
17,95,2.498000,4
17,96,2.528000,4
17,97,3.121000,4
17,98,2.129000,4
17,99,1.724000,4
17,100,2.552000,4
17,101,2.715000,4
17,102,1.746000,4
17,103,2.806000,4
17,104,2.218000,4
17,105,4.799000,12
17,106,2.274000,4
17,107,1.869000,4
17,108,1.005000,4
17,109,2.804000,4
17,110,1.949000,4
17,111,1.782000,4
17,112,2.469000,4
17,113,2.173000,4
17,114,6.184000,12
17,115,4.991000,12
17,116,1.579000,4
17,117,2.438000,12
17,118,2.801000,4
17,119,2.459000,4
17,120,2.628000,4
17,121,3.320000,5
17,122,2.261000,4
17,123,2.881000,4
17,124,2.234000,4
17,125,1.487000,4
17,126,1.300000,4
17,127,2.812000,4
17,128,2.117000,4
17,129,2.141000,4
17,130,1.922000,4
17,131,2.219000,4
17,132,2.750000,4
17,133,2.632000,4
17,134,2.641000,4
17,135,1.878000,4
17,136,2.804000,4
17,137,2.455000,4
17,138,4.122000,8
17,139,3.673000,8
17,140,3.081000,7
17,141,2.848000,7
17,142,2.031000,7
17,143,1.384000,5
17,144,1.635000,6
18,1,3.228000,5
18,2,2.726000,4
18,3,4.690000,11
18,4,5.306000,11
18,5,5.561000,11
18,6,4.329000,11
18,7,3.254000,11
18,8,2.429000,11
18,9,1.586000,11
18,10,5.678000,11
18,11,4.960000,11
18,12,5.788000,11
18,13,5.594000,11
18,14,4.708000,11
18,15,2.521000,11
18,16,2.302000,11
18,17,1.614000,11
18,18,1.028000,11
18,19,6.155000,11
18,20,6.100000,11
18,21,5.645000,11
18,22,5.229000,11
18,23,3.780000,11
18,24,2.543000,11
18,25,2.322000,11
18,26,1.456000,11
18,27,0.639000,11
18,28,2.797000,4
18,29,3.392000,4
18,30,2.012000,4
18,31,2.686000,4
18,32,2.022000,4
18,33,4.632000,11
18,34,3.238000,5
18,35,3.134000,4
18,36,1.856000,4
18,37,3.145000,4
18,38,3.252000,4
18,39,2.600000,4
18,40,2.686000,4
18,41,2.503000,4
18,42,2.480000,4
18,43,2.306000,4
18,44,2.998000,4
18,45,2.612000,4
18,46,4.588000,9
18,47,4.728000,11
18,48,4.010000,11
18,49,5.281000,11
18,50,4.910000,11
18,51,2.844000,11
18,52,2.061000,9
18,53,2.036000,10
18,54,1.452000,10
18,55,5.308000,10
18,56,4.989000,10
18,57,4.782000,10
18,58,4.866000,10
18,59,4.864000,10
18,60,3.283000,10
18,61,2.200000,10
18,62,1.647000,10
18,63,1.397000,9
18,64,5.710000,11
18,65,4.152000,11
18,66,4.390000,11
18,67,5.597000,11
18,68,5.003000,11
18,69,1.850000,4
18,70,2.812000,11
18,71,1.244000,4
18,72,1.087000,4
18,73,2.216000,4
18,74,2.703000,4
18,75,2.272000,4
18,76,2.254000,4
18,77,2.098000,4
18,78,2.160000,4
18,79,2.385000,4
18,80,3.010000,4
18,81,4.078000,10
18,82,2.551000,4
18,83,2.374000,4
18,84,1.705000,4
18,85,2.860000,4
18,86,2.973000,4
18,87,2.350000,4
18,88,2.800000,4
18,89,2.289000,4
18,90,2.474000,4
18,91,2.065000,4
18,92,2.880000,4
18,93,2.934000,4
18,94,3.518000,6
18,95,2.417000,4
18,96,2.162000,4
18,97,1.916000,4
18,98,2.931000,4
18,99,2.868000,4
18,100,3.233000,5
18,101,3.259000,4
18,102,2.886000,4
18,103,2.481000,4
18,104,2.340000,4
18,105,6.215000,12
18,106,2.483000,4
18,107,1.921000,4
18,108,1.460000,4
18,109,3.225000,4
18,110,2.902000,4
18,111,2.582000,4
18,112,2.882000,4
18,113,2.614000,4
18,114,6.873000,12
18,115,4.281000,12
18,116,1.444000,4
18,117,2.561000,12
18,118,3.229000,4
18,119,2.430000,4
18,120,2.230000,4
18,121,2.571000,4
18,122,1.994000,4
18,123,2.045000,4
18,124,2.617000,4
18,125,2.387000,4
18,126,2.089000,4
18,127,2.667000,4
18,128,2.772000,4
18,129,2.606000,4
18,130,2.790000,4
18,131,2.492000,4
18,132,2.865000,5
18,133,2.824000,4
18,134,2.332000,4
18,135,2.395000,4
18,136,2.848000,4
18,137,3.286000,4
18,138,8.940000,21
18,139,4.612000,8
18,140,3.326000,7
18,141,2.173000,7
18,142,1.720000,7
18,143,1.370000,5
18,144,1.481000,5
19,1,3.144000,6
19,2,2.599000,4
19,3,4.522000,11
19,4,3.850000,11
19,5,3.450000,11
19,6,3.302000,11
19,7,2.163000,11
19,8,1.487000,11
19,9,0.891000,11
19,10,5.456000,11
19,11,4.793000,11
19,12,4.499000,11
19,13,3.820000,11
19,14,3.297000,11
19,15,2.164000,11
19,16,1.376000,11
19,17,0.779000,11
19,18,0.490000,11
19,19,4.334000,11
19,20,5.140000,11
19,21,3.969000,11
19,22,3.704000,11
19,23,3.070000,11
19,24,2.479000,11
19,25,1.758000,11
19,26,0.868000,11
19,27,0.494000,11
19,28,2.688000,4
19,29,2.765000,4
19,30,2.055000,4
19,31,1.490000,4
19,32,1.503000,4
19,33,3.702000,11
19,34,1.921000,5
19,35,1.871000,4
19,36,1.811000,4
19,37,2.692000,4
19,38,2.492000,4
19,39,2.171000,4
19,40,1.844000,4
19,41,7.579000,28
19,42,1.608000,4
19,43,1.312000,4
19,44,1.444000,5
19,45,0.908000,4
19,46,5.031000,10
19,47,4.060000,9
19,48,3.230000,9
19,49,3.213000,9
19,50,2.854000,9
19,51,2.293000,9
19,52,1.793000,9
19,53,1.375000,9
19,54,0.925000,9
19,55,4.062000,9
19,56,4.222000,9
19,57,2.462000,9
19,58,3.265000,9
19,59,3.321000,9
19,60,2.931000,9
19,61,1.970000,9
19,62,1.520000,9
19,63,1.338000,10
19,64,5.244000,11
19,65,4.253000,11
19,66,3.740000,11
19,67,3.927000,11
19,68,3.311000,11
19,69,1.068000,4
19,70,1.877000,11
19,71,0.786000,4
19,72,0.620000,4
19,73,2.306000,4
19,74,2.764000,4
19,75,2.205000,4
19,76,2.156000,4
19,77,1.958000,4
19,78,1.770000,4
19,79,2.125000,4
19,80,2.115000,4
19,81,2.837000,10
19,82,2.683000,4
19,83,3.040000,4
19,84,2.601000,4
19,85,1.439000,4
19,86,1.901000,4
19,87,1.940000,4
19,88,1.774000,4
19,89,1.829000,4
19,90,2.201000,4
19,91,2.691000,4
19,92,3.558000,4
19,93,2.519000,4
19,94,2.972000,6
19,95,1.601000,4
19,96,1.538000,4
19,97,1.746000,4
19,98,1.391000,4
19,99,0.868000,4
19,100,2.690000,4
19,101,2.169000,4
19,102,2.391000,4
19,103,1.942000,4
19,104,1.498000,4
19,105,4.479000,12
19,106,1.295000,4
19,107,2.386000,4
19,108,1.659000,4
19,109,2.694000,4
19,110,2.722000,4
19,111,3.221000,4
19,112,1.821000,4
19,113,1.960000,4
19,114,3.991000,12
19,115,3.760000,12
19,116,1.179000,4
19,117,2.259000,12
19,118,2.111000,4
19,119,2.549000,4
19,120,2.761000,4
19,121,1.942000,4
19,122,1.804000,4
19,123,1.788000,4
19,124,2.044000,4
19,125,2.179000,4
19,126,1.771000,4
19,127,1.863000,4
19,128,2.303000,4
19,129,3.065000,4
19,130,1.746000,4
19,131,1.712000,4
19,132,1.558000,4
19,133,2.301000,4
19,134,1.617000,4
19,135,1.534000,4
19,136,2.683000,4
19,137,3.389000,5
19,138,2.969000,7
19,139,7.296000,26
19,140,2.178000,7
19,141,2.294000,7
19,142,1.512000,7
19,143,1.264000,5
19,144,0.886000,5
20,1,2.077000,6
20,2,1.774000,4
20,3,3.289000,11
20,4,3.671000,11
20,5,4.184000,11
20,6,2.522000,11
20,7,2.021000,11
20,8,1.743000,11
20,9,1.145000,11
20,10,3.638000,11
20,11,3.723000,11
20,12,3.698000,11
20,13,2.988000,11
20,14,2.278000,11
20,15,1.996000,11
20,16,1.640000,11
20,17,1.130000,11
20,18,0.410000,11
20,19,3.610000,11
20,20,3.545000,11
20,21,3.852000,11
20,22,4.012000,11
20,23,2.401000,11
20,24,1.593000,11
20,25,1.960000,11
20,26,1.369000,11
20,27,0.444000,11
20,28,1.515000,4
20,29,1.254000,4
20,30,1.506000,4
20,31,1.656000,4
20,32,1.757000,4
20,33,3.324000,11
20,34,2.396000,5
20,35,1.449000,4
20,36,1.252000,4
20,37,1.264000,4
20,38,1.342000,4
20,39,1.514000,4
20,40,1.771000,4
20,41,3.713000,11
20,42,1.722000,4
20,43,1.511000,4
20,44,1.347000,4
20,45,1.777000,4
20,46,3.535000,11
20,47,3.342000,10
20,48,3.252000,10
20,49,3.330000,10
20,50,3.039000,10
20,51,1.632000,10
20,52,1.567000,11
20,53,1.393000,9
20,54,0.930000,9
20,55,3.060000,9
20,56,2.692000,9
20,57,2.918000,9
20,58,3.035000,9
20,59,3.332000,10
20,60,2.361000,10
20,61,1.703000,10
20,62,1.653000,10
20,63,1.098000,9
20,64,4.167000,11
20,65,3.342000,11
20,66,3.847000,11
20,67,3.350000,11
20,68,2.442000,11
20,69,0.787000,4
20,70,1.736000,11
20,71,0.793000,4
20,72,0.497000,4
20,73,1.854000,4
20,74,2.003000,4
20,75,1.301000,4
20,76,2.242000,4
20,77,2.113000,4
20,78,1.462000,4
20,79,1.773000,4
20,80,1.919000,4
20,81,2.730000,10
20,82,1.602000,4
20,83,2.272000,4
20,84,1.300000,4
20,85,1.488000,4
20,86,1.738000,4
20,87,1.623000,4
20,88,1.862000,4
20,89,2.055000,4
20,90,1.142000,4
20,91,1.591000,4
20,92,1.911000,5
20,93,1.821000,4
20,94,2.766000,6
20,95,1.820000,4
20,96,1.827000,4
20,97,1.916000,4
20,98,1.318000,4
20,99,1.158000,4
20,100,1.851000,4
20,101,1.603000,4
20,102,1.472000,4
20,103,1.625000,4
20,104,1.364000,4
20,105,3.650000,12
20,106,1.690000,4
20,107,1.678000,4
20,108,1.139000,4
20,109,1.715000,4
20,110,2.009000,4
20,111,1.476000,4
20,112,1.482000,4
20,113,1.815000,4
20,114,3.698000,12
20,115,2.308000,12
20,116,0.882000,4
20,117,1.941000,12
20,118,1.727000,4
20,119,2.008000,4
20,120,1.581000,4
20,121,1.692000,4
20,122,1.420000,4
20,123,1.594000,4
20,124,1.540000,4
20,125,1.694000,4
20,126,1.820000,4
20,127,1.491000,4
20,128,1.573000,4
20,129,1.792000,4
20,130,1.240000,4
20,131,2.076000,4
20,132,1.633000,4
20,133,1.372000,4
20,134,1.432000,4
20,135,2.045000,4
20,136,1.597000,4
20,137,2.755000,7
20,138,4.964000,21
20,139,3.215000,12
20,140,2.681000,7
20,141,1.730000,7
20,142,1.267000,7
20,143,0.891000,5
20,144,1.609000,10
21,1,2.251000,6
21,2,1.804000,4
21,3,3.527000,10
21,4,3.431000,10
21,5,3.020000,10
21,6,4.445000,10
21,7,2.489000,10
21,8,2.684000,10
21,9,1.919000,10
21,10,2.776000,10
21,11,2.783000,10
21,12,3.107000,10
21,13,2.826000,10
21,14,3.520000,10
21,15,2.678000,10
21,16,2.524000,10
21,17,3.066000,10
21,18,2.180000,10
21,19,3.787000,10
21,20,3.608000,10
21,21,3.548000,10
21,22,3.635000,10
21,23,2.687000,10
21,24,2.461000,10
21,25,2.967000,10
21,26,2.884000,10
21,27,0.840000,10
21,28,1.346000,4
21,29,1.529000,4
21,30,2.211000,4
21,31,2.001000,4
21,32,1.957000,4
21,33,3.306000,10
21,34,5.708000,28
21,35,1.591000,4
21,36,1.519000,5
21,37,1.519000,4
21,38,1.821000,4
21,39,1.344000,4
21,40,1.666000,4
21,41,3.631000,10
21,42,1.794000,4
21,43,1.672000,4
21,44,1.535000,4
21,45,1.303000,4
21,46,3.365000,10
21,47,3.252000,11
21,48,3.362000,11
21,49,3.151000,11
21,50,3.248000,11
21,51,2.718000,11
21,52,2.858000,11
21,53,2.344000,11
21,54,1.908000,11
21,55,3.366000,11
21,56,3.122000,11
21,57,3.345000,11
21,58,3.266000,11
21,59,3.162000,11
21,60,2.597000,11
21,61,2.231000,11
21,62,2.409000,11
21,63,2.077000,11
21,64,3.365000,11
21,65,3.291000,11
21,66,3.336000,11
21,67,3.553000,11
21,68,2.978000,11
21,69,1.316000,4
21,70,2.480000,11
21,71,1.371000,4
21,72,1.453000,4
21,73,1.777000,4
21,74,2.074000,4
21,75,1.671000,4
21,76,1.732000,4
21,77,2.018000,4
21,78,1.687000,4
21,79,1.627000,4
21,80,1.700000,4
21,81,2.539000,11
21,82,1.513000,4
21,83,1.494000,4
21,84,1.599000,4
21,85,1.551000,4
21,86,1.929000,4
21,87,1.661000,4
21,88,1.341000,4
21,89,1.707000,4
21,90,1.536000,4
21,91,2.012000,4
21,92,1.508000,4
21,93,1.500000,4
21,94,2.673000,6
21,95,1.689000,4
21,96,2.201000,4
21,97,2.084000,4
21,98,1.518000,4
21,99,1.309000,4
21,100,1.500000,4
21,101,2.068000,4
21,102,1.979000,5
21,103,1.790000,4
21,104,1.548000,4
21,105,2.938000,9
21,106,1.142000,4
21,107,1.341000,4
21,108,1.056000,4
21,109,1.769000,4
21,110,1.347000,4
21,111,1.375000,4
21,112,1.351000,4
21,113,1.652000,4
21,114,3.022000,9
21,115,3.006000,9
21,116,1.991000,4
21,117,2.383000,9
21,118,1.705000,5
21,119,1.875000,4
21,120,1.688000,4
21,121,1.508000,4
21,122,1.786000,4
21,123,1.835000,4
21,124,1.464000,4
21,125,1.741000,4
21,126,1.305000,4
21,127,2.018000,4
21,128,1.759000,4
21,129,1.637000,4
21,130,1.596000,4
21,131,1.678000,4
21,132,1.566000,4
21,133,1.900000,4
21,134,1.545000,4
21,135,1.507000,4
21,136,2.014000,5
21,137,2.640000,8
21,138,5.680000,21
21,139,3.707000,12
21,140,2.229000,7
21,141,1.947000,7
21,142,2.199000,7
21,143,2.384000,6
21,144,2.161000,8
22,1,4.940000,8
22,2,3.140000,4
22,3,5.467000,10
22,4,6.235000,10
22,5,5.117000,10
22,6,3.718000,10
22,7,2.833000,10
22,8,2.423000,10
22,9,1.746000,10
22,10,5.484000,10
22,11,5.080000,10
22,12,5.135000,10
22,13,5.515000,10
22,14,5.408000,10
22,15,4.261000,11
22,16,3.086000,11
22,17,2.845000,11
22,18,1.884000,11
22,19,5.959000,11
22,20,6.309000,11
22,21,6.266000,11
22,22,5.634000,10
22,23,5.379000,10
22,24,3.276000,10
22,25,2.760000,10
22,26,1.806000,10
22,27,0.704000,10
22,28,2.990000,4
22,29,2.932000,4
22,30,3.341000,4
22,31,2.930000,4
22,32,2.717000,4
22,33,5.289000,10
22,34,6.049000,10
22,35,1.989000,4
22,36,1.683000,4
22,37,2.439000,4
22,38,3.029000,4
22,39,2.653000,4
22,40,4.151000,4
22,41,5.744000,11
22,42,3.276000,4
22,43,2.777000,4
22,44,2.670000,4
22,45,2.418000,4
22,46,5.955000,11
22,47,6.311000,11
22,48,5.754000,11
22,49,6.611000,11
22,50,4.895000,11
22,51,3.106000,11
22,52,2.890000,11
22,53,2.372000,11
22,54,1.372000,11
22,55,5.814000,11
22,56,5.108000,11
22,57,5.754000,11
22,58,6.630000,11
22,59,5.113000,11
22,60,3.942000,11
22,61,3.021000,11
22,62,2.169000,11
22,63,1.712000,11
22,64,5.935000,11
22,65,5.466000,11
22,66,5.926000,11
22,67,6.456000,11
22,68,5.048000,11
22,69,1.766000,4
22,70,3.116000,11
22,71,1.399000,4
22,72,1.191000,4
22,73,2.446000,4
22,74,3.407000,4
22,75,2.310000,4
22,76,2.779000,4
22,77,3.283000,4
22,78,3.339000,4
22,79,3.098000,4
22,80,2.626000,4
22,81,5.590000,11
22,82,2.988000,4
22,83,3.133000,4
22,84,2.538000,4
22,85,2.981000,4
22,86,2.623000,4
22,87,3.258000,4
22,88,2.826000,4
22,89,3.403000,4
22,90,3.072000,4
22,91,2.993000,4
22,92,3.544000,4
22,93,3.229000,4
22,94,4.503000,6
22,95,3.301000,4
22,96,3.068000,4
22,97,2.854000,4
22,98,2.786000,4
22,99,2.734000,4
22,100,2.682000,4
22,101,2.920000,4
22,102,2.341000,4
22,103,2.677000,4
22,104,2.935000,4
22,105,6.002000,10
22,106,2.110000,4
22,107,2.909000,4
22,108,2.712000,4
22,109,3.660000,4
22,110,3.113000,4
22,111,3.354000,4
22,112,3.322000,4
22,113,3.085000,4
22,114,4.774000,10
22,115,4.604000,10
22,116,1.520000,4
22,117,3.219000,10
22,118,2.605000,4
22,119,3.312000,4
22,120,2.967000,4
22,121,2.952000,4
22,122,2.905000,4
22,123,3.901000,4
22,124,2.424000,4
22,125,3.001000,4
22,126,2.237000,4
22,127,3.001000,4
22,128,2.882000,4
22,129,3.560000,4
22,130,4.399000,4
22,131,2.865000,4
22,132,3.062000,4
22,133,2.908000,4
22,134,2.372000,4
22,135,2.954000,4
22,136,4.849000,7
22,137,5.520000,9
22,138,3.688000,7
22,139,6.678000,12
22,140,4.439000,7
22,141,3.966000,7
22,142,2.553000,7
22,143,2.054000,5
22,144,2.151000,7
23,1,10.048000,26
23,2,2.216000,4
23,3,3.810000,10
23,4,4.022000,10
23,5,4.013000,10
23,6,2.722000,10
23,7,2.204000,10
23,8,1.986000,10
23,9,1.430000,10
23,10,5.576000,10
23,11,4.830000,10
23,12,5.121000,10
23,13,3.953000,10
23,14,3.596000,10
23,15,2.975000,10
23,16,2.162000,10
23,17,2.332000,10
23,18,1.724000,10
23,19,6.023000,10
23,20,5.616000,10
23,21,4.471000,10
23,22,4.327000,11
23,23,3.730000,11
23,24,2.209000,11
23,25,2.118000,11
23,26,2.114000,11
23,27,1.564000,11
23,28,2.332000,4
23,29,2.765000,4
23,30,2.256000,4
23,31,3.066000,4
23,32,2.706000,4
23,33,5.126000,10
23,34,4.784000,10
23,35,2.107000,4
23,36,1.425000,4
23,37,4.029000,5
23,38,2.962000,4
23,39,2.604000,4
23,40,2.505000,4
23,41,4.289000,10
23,42,2.551000,4
23,43,3.019000,4
23,44,2.108000,4
23,45,1.570000,4
23,46,5.743000,11
23,47,5.070000,11
23,48,4.650000,11
23,49,4.839000,11
23,50,4.226000,11
23,51,2.959000,11
23,52,2.392000,11
23,53,2.159000,11
23,54,1.772000,11
23,55,6.042000,11
23,56,4.957000,11
23,57,4.815000,11
23,58,4.096000,11
23,59,4.730000,11
23,60,2.840000,11
23,61,2.350000,11
23,62,2.220000,11
23,63,1.716000,11
23,64,6.074000,11
23,65,5.253000,11
23,66,4.814000,11
23,67,4.972000,11
23,68,3.874000,11
23,69,1.312000,4
23,70,2.831000,11
23,71,1.335000,4
23,72,1.097000,4
23,73,2.687000,4
23,74,3.717000,4
23,75,2.123000,4
23,76,2.616000,4
23,77,2.272000,4
23,78,1.861000,4
23,79,2.201000,4
23,80,2.310000,4
23,81,4.489000,11
23,82,3.142000,4
23,83,2.305000,4
23,84,2.498000,4
23,85,2.849000,4
23,86,2.594000,4
23,87,2.644000,4
23,88,2.287000,5
23,89,2.106000,4
23,90,1.963000,4
23,91,3.132000,4
23,92,3.236000,4
23,93,2.666000,4
23,94,3.176000,6
23,95,2.248000,4
23,96,2.075000,4
23,97,1.993000,4
23,98,2.714000,4
23,99,1.479000,4
23,100,3.591000,4
23,101,2.771000,4
23,102,2.971000,4
23,103,2.546000,4
23,104,2.223000,4
23,105,4.225000,11
23,106,2.090000,4
23,107,2.129000,4
23,108,1.780000,4
23,109,2.647000,4
23,110,2.758000,4
23,111,2.241000,4
23,112,2.657000,4
23,113,2.584000,4
23,114,5.015000,11
23,115,4.000000,11
23,116,1.229000,4
23,117,2.220000,11
23,118,3.608000,4
23,119,2.770000,4
23,120,2.671000,4
23,121,2.507000,4
23,122,2.545000,4
23,123,2.239000,4
23,124,2.548000,4
23,125,2.394000,5
23,126,2.380000,4
23,127,2.976000,4
23,128,3.378000,4
23,129,2.040000,4
23,130,2.632000,4
23,131,2.463000,4
23,132,2.493000,4
23,133,2.059000,4
23,134,2.355000,4
23,135,4.115000,7
23,136,5.438000,8
23,137,11.040000,28
23,138,3.595000,7
23,139,2.798000,7
23,140,3.026000,7
23,141,1.843000,7
23,142,1.779000,7
23,143,1.825000,6
23,144,1.419000,7
24,1,5.216000,15
24,2,2.583000,4
24,3,4.211000,10
24,4,4.200000,10
24,5,4.469000,10
24,6,2.375000,10
24,7,1.837000,10
24,8,1.921000,10
24,9,1.301000,10
24,10,4.598000,10
24,11,3.765000,10
24,12,3.854000,10
24,13,3.675000,10
24,14,4.377000,10
24,15,3.131000,11
24,16,2.091000,11
24,17,2.166000,11
24,18,1.509000,11
24,19,4.297000,11
24,20,3.751000,11
24,21,4.096000,11
24,22,7.348000,10
24,23,4.069000,10
24,24,2.257000,10
24,25,2.130000,10
24,26,1.427000,10
24,27,0.608000,10
24,28,2.327000,4
24,29,2.443000,4
24,30,1.976000,4
24,31,2.584000,4
24,32,3.075000,5
24,33,4.207000,10
24,34,4.301000,11
24,35,2.257000,5
24,36,1.290000,4
24,37,1.941000,4
24,38,2.418000,4
24,39,2.334000,4
24,40,2.220000,4
24,41,4.017000,11
24,42,1.950000,4
24,43,2.047000,4
24,44,3.002000,5
24,45,2.505000,5
24,46,4.417000,11
24,47,4.212000,11
24,48,4.915000,11
24,49,5.434000,11
24,50,2.819000,11
24,51,2.127000,11
24,52,2.139000,11
24,53,1.420000,11
24,54,0.573000,11
24,55,4.600000,11
24,56,4.328000,11
24,57,4.438000,11
24,58,4.103000,11
24,59,4.057000,11
24,60,2.991000,11
24,61,2.101000,11
24,62,1.799000,11
24,63,1.349000,11
24,64,4.596000,11
24,65,4.321000,11
24,66,4.662000,11
24,67,3.863000,11
24,68,5.104000,11
24,69,1.448000,4
24,70,2.264000,11
24,71,1.060000,4
24,72,0.975000,4
24,73,2.020000,4
24,74,2.536000,4
24,75,2.152000,4
24,76,2.442000,4
24,77,3.078000,5
24,78,2.168000,4
24,79,2.395000,4
24,80,2.380000,4
24,81,4.428000,11
24,82,2.332000,4
24,83,2.236000,4
24,84,1.975000,4
24,85,2.235000,4
24,86,2.480000,5
24,87,2.514000,4
24,88,2.175000,4
24,89,2.768000,4
24,90,2.478000,4
24,91,2.056000,4
24,92,2.703000,5
24,93,2.235000,4
24,94,2.860000,6
24,95,1.695000,4
24,96,2.277000,4
24,97,2.234000,5
24,98,2.865000,4
24,99,2.602000,4
24,100,2.310000,4
24,101,2.236000,4
24,102,1.850000,4
24,103,2.472000,4
24,104,2.198000,4
24,105,3.630000,9
24,106,2.379000,4
24,107,2.476000,4
24,108,2.581000,4
24,109,1.763000,4
24,110,2.612000,4
24,111,1.927000,4
24,112,2.050000,4
24,113,1.864000,4
24,114,3.726000,9
24,115,3.394000,9
24,116,2.178000,4
24,117,3.344000,9
24,118,2.183000,4
24,119,2.254000,4
24,120,2.276000,4
24,121,2.085000,4
24,122,2.495000,4
24,123,2.135000,4
24,124,2.101000,4
24,125,2.420000,5
24,126,2.907000,4
24,127,1.992000,4
24,128,2.372000,4
24,129,2.416000,4
24,130,2.134000,4
24,131,2.114000,4
24,132,1.795000,4
24,133,1.900000,4
24,134,2.934000,4
24,135,3.862000,7
24,136,4.248000,9
24,137,6.281000,16
24,138,3.072000,7
24,139,4.353000,9
24,140,3.063000,7
24,141,2.747000,7
24,142,1.682000,7
24,143,1.562000,6
24,144,1.422000,6
25,1,5.231000,13
25,2,2.466000,4
25,3,3.860000,10
25,4,4.793000,10
25,5,4.975000,10
25,6,3.343000,10
25,7,1.895000,10
25,8,1.954000,10
25,9,1.640000,10
25,10,4.190000,10
25,11,3.798000,10
25,12,4.205000,10
25,13,3.915000,10
25,14,2.917000,10
25,15,2.299000,10
25,16,1.971000,10
25,17,1.680000,10
25,18,1.345000,10
25,19,4.302000,10
25,20,4.198000,10
25,21,3.799000,10
25,22,4.334000,11
25,23,4.088000,11
25,24,3.779000,11
25,25,2.257000,11
25,26,2.189000,11
25,27,1.557000,11
25,28,2.099000,4
25,29,2.500000,4
25,30,2.451000,4
25,31,2.937000,6
25,32,1.893000,4
25,33,3.767000,10
25,34,4.111000,10
25,35,2.224000,4
25,36,1.158000,4
25,37,2.735000,4
25,38,2.452000,4
25,39,2.116000,4
25,40,2.346000,4
25,41,4.017000,10
25,42,2.577000,4
25,43,2.664000,5
25,44,2.179000,4
25,45,1.573000,4
25,46,4.986000,11
25,47,4.681000,11
25,48,4.444000,11
25,49,4.600000,11
25,50,4.188000,11
25,51,2.708000,11
25,52,2.025000,11
25,53,2.137000,11
25,54,1.304000,11
25,55,5.017000,11
25,56,4.783000,11
25,57,4.747000,11
25,58,4.519000,11
25,59,4.573000,11
25,60,2.482000,11
25,61,2.034000,11
25,62,1.867000,11
25,63,1.286000,11
25,64,4.976000,11
25,65,5.096000,11
25,66,4.758000,11
25,67,3.711000,11
25,68,3.875000,11
25,69,1.602000,4
25,70,2.192000,11
25,71,0.854000,4
25,72,1.261000,4
25,73,2.365000,4
25,74,2.217000,4
25,75,1.742000,4
25,76,2.929000,4
25,77,1.735000,4
25,78,2.887000,4
25,79,2.799000,4
25,80,2.167000,4
25,81,3.726000,11
25,82,2.364000,4
25,83,2.608000,4
25,84,2.188000,4
25,85,2.261000,4
25,86,1.882000,4
25,87,2.505000,4
25,88,2.306000,4
25,89,2.260000,4
25,90,2.713000,5
25,91,2.363000,4
25,92,2.421000,4
25,93,1.742000,4
25,94,3.786000,6
25,95,2.147000,4
25,96,2.237000,4
25,97,2.243000,5
25,98,2.168000,4
25,99,2.066000,4
25,100,2.365000,4
25,101,2.217000,4
25,102,2.341000,4
25,103,2.576000,5
25,104,2.160000,4
25,105,4.718000,10
25,106,2.086000,4
25,107,2.091000,4
25,108,2.017000,4
25,109,2.365000,4
25,110,2.215000,4
25,111,1.612000,4
25,112,2.132000,4
25,113,2.432000,4
25,114,3.810000,10
25,115,4.227000,10
25,116,2.686000,4
25,117,2.875000,10
25,118,2.366000,4
25,119,2.511000,4
25,120,2.504000,4
25,121,2.403000,4
25,122,1.571000,4
25,123,2.290000,4
25,124,2.398000,4
25,125,2.355000,4
25,126,2.161000,4
25,127,1.964000,4
25,128,2.109000,4
25,129,2.537000,4
25,130,2.441000,4
25,131,2.368000,4
25,132,2.762000,4
25,133,2.499000,4
25,134,2.225000,5
25,135,2.943000,8
25,136,10.161000,25
25,137,4.182000,11
25,138,4.171000,7
25,139,3.362000,8
25,140,2.258000,7
25,141,1.504000,7
25,142,1.605000,7
25,143,1.681000,6
25,144,1.048000,5
26,1,6.318000,16
26,2,2.922000,5
26,3,4.929000,11
26,4,4.958000,10
26,5,4.292000,10
26,6,2.483000,10
26,7,2.056000,10
26,8,1.560000,10
26,9,0.838000,10
26,10,5.775000,10
26,11,4.515000,10
26,12,4.806000,11
26,13,4.965000,11
26,14,3.647000,11
26,15,2.587000,11
26,16,2.230000,11
26,17,1.292000,11
26,18,1.042000,11
26,19,5.102000,11
26,20,4.014000,11
26,21,4.643000,11
26,22,5.452000,10
26,23,4.033000,10
26,24,2.624000,10
26,25,2.448000,10
26,26,1.778000,10
26,27,1.503000,10
26,28,2.006000,4
26,29,2.404000,4
26,30,1.891000,4
26,31,2.257000,4
26,32,2.163000,4
26,33,4.244000,10
26,34,4.879000,9
26,35,2.668000,4
26,36,1.926000,4
26,37,2.976000,4
26,38,2.083000,4
26,39,2.311000,5
26,40,2.335000,4
26,41,4.997000,11
26,42,2.140000,4
26,43,2.660000,4
26,44,1.886000,4
26,45,2.133000,4
26,46,4.836000,11
26,47,3.785000,11
26,48,5.529000,11
26,49,5.295000,10
26,50,4.214000,10
26,51,2.817000,10
26,52,2.087000,10
26,53,1.539000,10
26,54,1.277000,10
26,55,5.090000,10
26,56,4.816000,11
26,57,4.325000,11
26,58,5.313000,11
26,59,4.020000,11
26,60,3.006000,11
26,61,2.105000,11
26,62,1.565000,11
26,63,1.537000,11
26,64,4.745000,11
26,65,4.798000,11
26,66,5.526000,11
26,67,4.763000,11
26,68,3.897000,11
26,69,1.691000,4
26,70,2.318000,11
26,71,1.071000,4
26,72,0.884000,4
26,73,2.664000,4
26,74,2.411000,4
26,75,2.266000,4
26,76,2.509000,4
26,77,1.975000,4
26,78,2.674000,4
26,79,2.424000,4
26,80,2.202000,4
26,81,3.502000,11
26,82,2.318000,4
26,83,3.414000,4
26,84,2.190000,4
26,85,2.633000,4
26,86,2.145000,4
26,87,2.597000,4
26,88,2.788000,4
26,89,2.661000,4
26,90,1.707000,4
26,91,2.317000,4
26,92,2.369000,4
26,93,2.221000,4
26,94,2.794000,5
26,95,1.669000,4
26,96,2.546000,4
26,97,2.380000,4
26,98,1.700000,4
26,99,1.511000,4
26,100,2.327000,4
26,101,2.222000,4
26,102,1.757000,4
26,103,2.210000,4
26,104,2.250000,4
26,105,4.714000,11
26,106,2.840000,4
26,107,2.191000,4
26,108,1.874000,4
26,109,2.323000,4
26,110,1.858000,4
26,111,2.254000,4
26,112,2.068000,4
26,113,2.009000,4
26,114,3.795000,11
26,115,4.381000,11
26,116,1.870000,4
26,117,3.479000,11
26,118,2.062000,4
26,119,2.646000,4
26,120,1.696000,4
26,121,2.319000,4
26,122,2.054000,4
26,123,1.929000,4
26,124,2.679000,4
26,125,1.935000,4
26,126,2.064000,4
26,127,2.320000,4
26,128,3.012000,4
26,129,3.228000,6
26,130,2.168000,4
26,131,2.246000,4
26,132,2.678000,4
26,133,2.612000,4
26,134,3.676000,6
26,135,2.857000,8
26,136,5.780000,13
26,137,4.256000,13
26,138,2.848000,7
26,139,3.458000,8
26,140,3.617000,7
26,141,2.643000,7
26,142,2.477000,7
26,143,1.862000,6
26,144,1.593000,6
27,1,6.218000,14
27,2,3.346000,6
27,3,4.716000,11
27,4,4.483000,11
27,5,4.068000,11
27,6,2.865000,11
27,7,2.287000,11
27,8,1.921000,10
27,9,1.332000,10
27,10,4.881000,10
27,11,4.268000,10
27,12,4.678000,11
27,13,4.833000,11
27,14,3.521000,11
27,15,3.081000,10
27,16,2.336000,10
27,17,1.622000,10
27,18,0.957000,10
27,19,4.934000,10
27,20,4.141000,10
27,21,3.592000,10
27,22,4.885000,10
27,23,4.495000,10
27,24,2.843000,10
27,25,2.607000,10
27,26,2.070000,10
27,27,1.576000,10
27,28,3.042000,4
27,29,2.439000,4
27,30,1.866000,4
27,31,3.082000,4
27,32,2.035000,4
27,33,4.628000,10
27,34,4.055000,11
27,35,1.696000,4
27,36,1.485000,4
27,37,2.169000,4
27,38,2.686000,4
27,39,2.498000,4
27,40,2.111000,4
27,41,4.717000,10
27,42,2.480000,4
27,43,2.645000,4
27,44,2.187000,4
27,45,1.797000,4
27,46,5.249000,11
27,47,4.915000,11
27,48,4.110000,10
27,49,4.915000,10
27,50,4.114000,10
27,51,2.739000,10
27,52,2.370000,10
27,53,1.826000,10
27,54,1.165000,10
27,55,5.250000,11
27,56,4.510000,10
27,57,4.248000,10
27,58,4.883000,11
27,59,4.510000,11
27,60,3.558000,11
27,61,2.120000,11
27,62,1.785000,11
27,63,0.922000,11
27,64,4.468000,11
27,65,4.306000,11
27,66,4.148000,11
27,67,4.219000,11
27,68,4.441000,11
27,69,2.085000,4
27,70,2.294000,11
27,71,1.238000,4
27,72,1.075000,4
27,73,1.934000,4
27,74,3.056000,4
27,75,2.245000,4
27,76,2.018000,4
27,77,1.911000,4
27,78,2.713000,4
27,79,2.552000,4
27,80,1.891000,4
27,81,4.163000,11
27,82,1.862000,4
27,83,2.770000,4
27,84,1.634000,4
27,85,2.396000,4
27,86,2.989000,4
27,87,2.121000,4
27,88,2.492000,4
27,89,1.898000,4
27,90,2.102000,4
27,91,2.173000,4
27,92,2.068000,4
27,93,2.701000,4
27,94,3.073000,6
27,95,1.946000,4
27,96,2.176000,4
27,97,2.440000,4
27,98,3.722000,4
27,99,2.157000,4
27,100,1.930000,4
27,101,2.377000,4
27,102,2.050000,4
27,103,2.106000,4
27,104,1.863000,4
27,105,4.590000,11
27,106,2.387000,4
27,107,2.249000,4
27,108,2.540000,4
27,109,2.177000,4
27,110,2.263000,4
27,111,2.132000,4
27,112,2.370000,4
27,113,1.927000,4
27,114,4.643000,11
27,115,4.867000,11
27,116,2.606000,4
27,117,2.887000,11
27,118,2.556000,5
27,119,3.094000,5
27,120,2.308000,4
27,121,2.348000,4
27,122,2.331000,4
27,123,2.399000,4
27,124,2.241000,4
27,125,1.743000,4
27,126,1.665000,4
27,127,2.170000,4
27,128,3.263000,5
27,129,2.823000,6
27,130,2.523000,4
27,131,2.104000,4
27,132,1.994000,4
27,133,3.822000,7
27,134,3.623000,8
27,135,5.784000,25
27,136,4.967000,11
27,137,4.726000,12
27,138,3.196000,7
27,139,3.623000,8
27,140,3.601000,7
27,141,2.180000,7
27,142,1.834000,7
27,143,1.773000,6
27,144,0.854000,5
28,1,5.257000,15
28,2,3.409000,7
28,3,4.957000,11
28,4,4.759000,11
28,5,4.716000,11
28,6,2.508000,10
28,7,1.454000,10
28,8,1.417000,11
28,9,1.234000,11
28,10,5.272000,11
28,11,5.160000,11
28,12,4.245000,11
28,13,4.815000,11
28,14,2.166000,11
28,15,1.991000,10
28,16,1.110000,10
28,17,1.792000,10
28,18,0.824000,10
28,19,4.590000,10
28,20,5.100000,10
28,21,4.792000,10
28,22,4.774000,10
28,23,3.730000,10
28,24,1.881000,10
28,25,1.625000,10
28,26,1.197000,10
28,27,1.663000,10
28,28,2.021000,4
28,29,2.535000,4
28,30,1.839000,4
28,31,2.412000,4
28,32,2.487000,4
28,33,4.221000,10
28,34,4.977000,11
28,35,1.808000,4
28,36,1.093000,4
28,37,1.680000,4
28,38,2.148000,4
28,39,1.999000,4
28,40,2.373000,4
28,41,5.300000,10
28,42,1.817000,4
28,43,2.457000,4
28,44,2.034000,4
28,45,2.208000,4
28,46,4.590000,11
28,47,4.655000,11
28,48,4.122000,10
28,49,5.240000,10
28,50,4.268000,10
28,51,2.093000,10
28,52,1.620000,10
28,53,1.681000,10
28,54,0.675000,11
28,55,4.586000,10
28,56,4.578000,11
28,57,5.097000,11
28,58,5.550000,11
28,59,3.840000,11
28,60,1.756000,11
28,61,1.369000,11
28,62,1.526000,11
28,63,1.264000,11
28,64,4.592000,11
28,65,4.897000,11
28,66,4.390000,11
28,67,4.946000,11
28,68,4.660000,11
28,69,0.826000,4
28,70,1.956000,11
28,71,0.588000,4
28,72,0.829000,4
28,73,2.024000,4
28,74,2.188000,4
28,75,2.163000,4
28,76,1.886000,4
28,77,2.604000,4
28,78,2.252000,4
28,79,2.398000,4
28,80,2.616000,4
28,81,2.394000,11
28,82,2.261000,4
28,83,2.642000,4
28,84,1.924000,4
28,85,2.353000,4
28,86,2.433000,4
28,87,2.296000,4
28,88,2.266000,4
28,89,2.960000,4
28,90,2.850000,4
28,91,2.505000,4
28,92,2.397000,4
28,93,2.563000,4
28,94,2.526000,5
28,95,2.008000,4
28,96,1.952000,4
28,97,2.758000,4
28,98,2.420000,4
28,99,1.517000,4
28,100,1.837000,4
28,101,2.060000,4
28,102,2.103000,4
28,103,2.178000,4
28,104,2.092000,4
28,105,4.350000,10
28,106,2.795000,4
28,107,2.028000,4
28,108,1.917000,4
28,109,2.259000,4
28,110,2.648000,4
28,111,2.369000,4
28,112,2.632000,4
28,113,2.076000,4
28,114,5.137000,10
28,115,4.797000,10
28,116,1.130000,4
28,117,2.238000,10
28,118,2.469000,4
28,119,3.224000,4
28,120,2.055000,4
28,121,2.072000,4
28,122,2.046000,4
28,123,2.447000,4
28,124,1.904000,4
28,125,2.469000,4
28,126,2.956000,4
28,127,2.056000,4
28,128,2.323000,4
28,129,2.688000,6
28,130,2.516000,4
28,131,2.713000,4
28,132,3.446000,6
28,133,4.442000,6
28,134,2.963000,8
28,135,2.396000,15
28,136,4.936000,12
28,137,3.012000,7
28,138,2.959000,7
28,139,3.148000,8
28,140,2.715000,7
28,141,3.575000,7
28,142,2.244000,7
28,143,1.855000,7
28,144,1.035000,5
29,1,5.278000,15
29,2,7.896000,24
29,3,4.892000,11
29,4,4.536000,11
29,5,2.950000,10
29,6,2.990000,11
29,7,1.982000,11
29,8,1.409000,10
29,9,0.460000,10
29,10,4.641000,10
29,11,4.064000,10
29,12,3.772000,10
29,13,4.100000,11
29,14,4.257000,11
29,15,3.543000,10
29,16,3.031000,10
29,17,2.119000,10
29,18,2.081000,10
29,19,4.795000,10
29,20,4.732000,10
29,21,4.319000,10
29,22,5.158000,12
29,23,4.818000,12
29,24,2.900000,12
29,25,2.648000,12
29,26,2.106000,12
29,27,0.954000,12
29,28,2.185000,4
29,29,2.376000,4
29,30,2.485000,4
29,31,1.844000,4
29,32,2.066000,4
29,33,3.662000,10
29,34,4.342000,11
29,35,2.164000,4
29,36,1.707000,4
29,37,2.759000,4
29,38,2.300000,4
29,39,2.312000,4
29,40,2.080000,4
29,41,4.731000,10
29,42,2.744000,4
29,43,2.280000,4
29,44,2.072000,4
29,45,1.620000,4
29,46,4.569000,11
29,47,4.950000,11
29,48,4.596000,10
29,49,4.444000,10
29,50,4.426000,10
29,51,2.650000,10
29,52,2.502000,11
29,53,1.898000,11
29,54,1.652000,10
29,55,4.679000,11
29,56,4.475000,10
29,57,4.758000,11
29,58,4.170000,11
29,59,4.088000,11
29,60,2.416000,11
29,61,2.463000,11
29,62,1.985000,11
29,63,1.403000,11
29,64,4.632000,11
29,65,4.980000,11
29,66,4.319000,11
29,67,4.808000,11
29,68,4.859000,11
29,69,1.172000,4
29,70,2.698000,11
29,71,0.945000,4
29,72,0.987000,4
29,73,2.081000,4
29,74,2.090000,4
29,75,2.328000,5
29,76,2.455000,4
29,77,2.199000,4
29,78,2.440000,4
29,79,1.826000,4
29,80,2.584000,4
29,81,4.056000,11
29,82,2.403000,4
29,83,2.263000,4
29,84,2.646000,4
29,85,2.246000,4
29,86,2.660000,4
29,87,2.161000,4
29,88,2.297000,4
29,89,2.189000,5
29,90,2.000000,4
29,91,1.992000,4
29,92,2.492000,4
29,93,1.705000,4
29,94,3.845000,6
29,95,1.862000,4
29,96,2.373000,4
29,97,2.424000,4
29,98,2.260000,4
29,99,2.151000,4
29,100,2.758000,4
29,101,2.700000,4
29,102,2.530000,4
29,103,2.091000,4
29,104,2.018000,4
29,105,4.507000,11
29,106,2.033000,4
29,107,2.015000,4
29,108,1.418000,4
29,109,2.203000,4
29,110,2.564000,4
29,111,1.793000,4
29,112,2.421000,4
29,113,2.261000,4
29,114,5.308000,11
29,115,4.675000,11
29,116,1.647000,4
29,117,2.632000,11
29,118,2.755000,4
29,119,2.219000,4
29,120,2.289000,4
29,121,2.197000,4
29,122,2.215000,4
29,123,2.478000,4
29,124,2.758000,4
29,125,1.962000,4
29,126,2.049000,4
29,127,2.841000,4
29,128,2.258000,4
29,129,2.967000,6
29,130,2.260000,4
29,131,2.243000,4
29,132,3.120000,7
29,133,2.911000,6
29,134,7.132000,28
29,135,2.141000,11
29,136,4.373000,12
29,137,3.300000,7
29,138,3.252000,7
29,139,3.626000,8
29,140,3.813000,7
29,141,3.362000,7
29,142,2.219000,7
29,143,4.559000,27
29,144,1.759000,6
30,1,5.248000,15
30,2,5.841000,12
30,3,4.108000,10
30,4,4.478000,10
30,5,4.157000,11
30,6,3.048000,11
30,7,2.336000,10
30,8,1.800000,11
30,9,1.240000,11
30,10,5.746000,11
30,11,4.688000,10
30,12,3.850000,10
30,13,5.318000,11
30,14,4.189000,11
30,15,3.258000,11
30,16,2.540000,12
30,17,1.644000,12
30,18,0.549000,12
30,19,4.880000,11
30,20,4.558000,11
30,21,4.639000,11
30,22,4.708000,11
30,23,4.370000,11
30,24,3.059000,11
30,25,2.295000,11
30,26,1.975000,11
30,27,1.320000,11
30,28,2.172000,4
30,29,2.226000,4
30,30,2.212000,4
30,31,2.357000,4
30,32,2.625000,4
30,33,3.888000,10
30,34,3.729000,11
30,35,2.243000,4
30,36,1.536000,4
30,37,2.408000,4
30,38,2.430000,4
30,39,2.572000,4
30,40,2.021000,4
30,41,4.993000,11
30,42,2.505000,4
30,43,2.491000,4
30,44,1.886000,4
30,45,1.547000,4
30,46,4.126000,11
30,47,4.462000,11
30,48,4.609000,10
30,49,4.070000,10
30,50,4.047000,10
30,51,3.288000,10
30,52,2.729000,10
30,53,2.280000,10
30,54,1.590000,10
30,55,5.241000,10
30,56,4.478000,11
30,57,5.016000,10
30,58,4.394000,11
30,59,4.375000,11
30,60,3.366000,11
30,61,2.582000,11
30,62,1.655000,11
30,63,1.286000,11
30,64,4.430000,11
30,65,4.047000,11
30,66,4.410000,11
30,67,4.660000,11
30,68,4.764000,11
30,69,1.714000,4
30,70,2.811000,11
30,71,0.992000,4
30,72,1.340000,4
30,73,2.217000,4
30,74,2.457000,4
30,75,2.572000,4
30,76,2.923000,5
30,77,2.126000,4
30,78,2.270000,4
30,79,2.413000,4
30,80,2.370000,4
30,81,2.900000,11
30,82,2.403000,4
30,83,1.981000,4
30,84,1.999000,4
30,85,2.466000,4
30,86,2.385000,4
30,87,2.598000,6
30,88,2.082000,4
30,89,2.386000,4
30,90,2.160000,4
30,91,2.198000,4
30,92,2.470000,4
30,93,2.582000,4
30,94,3.450000,6
30,95,2.452000,4
30,96,1.942000,4
30,97,2.441000,4
30,98,1.900000,4
30,99,1.892000,4
30,100,2.403000,4
30,101,2.158000,4
30,102,2.163000,4
30,103,2.312000,5
30,104,2.043000,4
30,105,4.768000,10
30,106,2.207000,4
30,107,1.761000,4
30,108,1.880000,4
30,109,2.404000,4
30,110,2.431000,4
30,111,2.564000,4
30,112,2.520000,4
30,113,2.184000,4
30,114,4.534000,10
30,115,4.475000,10
30,116,2.390000,5
30,117,2.770000,10
30,118,2.403000,4
30,119,2.438000,4
30,120,1.773000,4
30,121,1.924000,4
30,122,2.351000,4
30,123,2.010000,4
30,124,2.043000,4
30,125,2.169000,4
30,126,1.874000,4
30,127,1.971000,4
30,128,2.425000,4
30,129,2.925000,6
30,130,2.485000,4
30,131,3.271000,5
30,132,2.180000,6
30,133,8.889000,28
30,134,3.222000,13
30,135,2.125000,12
30,136,4.439000,12
30,137,2.934000,7
30,138,3.317000,7
30,139,3.850000,7
30,140,2.635000,7
30,141,3.859000,7
30,142,3.260000,7
30,143,2.708000,11
30,144,1.506000,5
31,1,5.090000,15
31,2,6.019000,14
31,3,6.153000,12
31,4,3.773000,11
31,5,3.006000,11
31,6,1.788000,11
31,7,1.311000,11
31,8,0.597000,11
31,9,0.311000,11
31,10,4.726000,11
31,11,5.238000,11
31,12,4.683000,11
31,13,5.272000,11
31,14,4.256000,11
31,15,2.813000,11
31,16,1.736000,11
31,17,1.630000,11
31,18,1.210000,11
31,19,4.816000,11
31,20,3.869000,10
31,21,3.689000,10
31,22,4.764000,11
31,23,4.206000,11
31,24,3.659000,11
31,25,2.532000,11
31,26,1.670000,11
31,27,1.427000,11
31,28,1.766000,4
31,29,2.820000,4
31,30,2.403000,4
31,31,2.523000,4
31,32,2.298000,4
31,33,5.759000,11
31,34,4.676000,11
31,35,1.746000,4
31,36,1.565000,4
31,37,1.880000,4
31,38,2.320000,4
31,39,1.862000,4
31,40,2.488000,4
31,41,5.440000,11
31,42,2.001000,4
31,43,3.017000,4
31,44,1.867000,4
31,45,1.773000,4
31,46,5.092000,11
31,47,4.508000,11
31,48,4.690000,11
31,49,5.634000,11
31,50,3.912000,11
31,51,2.952000,11
31,52,2.310000,11
31,53,1.646000,11
31,54,1.359000,11
31,55,5.086000,11
31,56,3.790000,11
31,57,4.760000,11
31,58,5.850000,11
31,59,4.380000,11
31,60,2.879000,11
31,61,2.110000,11
31,62,1.683000,11
31,63,1.313000,11
31,64,4.660000,11
31,65,5.602000,11
31,66,4.014000,11
31,67,5.189000,11
31,68,3.833000,11
31,69,1.677000,4
31,70,3.085000,11
31,71,0.970000,4
31,72,0.820000,4
31,73,2.147000,4
31,74,2.902000,4
31,75,2.660000,4
31,76,2.520000,5
31,77,1.849000,4
31,78,2.081000,4
31,79,2.631000,4
31,80,2.520000,4
31,81,3.941000,11
31,82,2.464000,4
31,83,2.450000,4
31,84,2.146000,4
31,85,2.518000,4
31,86,1.803000,4
31,87,2.735000,6
31,88,2.396000,4
31,89,2.692000,4
31,90,1.583000,4
31,91,1.738000,4
31,92,2.793000,4
31,93,1.750000,4
31,94,4.126000,7
31,95,2.297000,4
31,96,1.890000,4
31,97,2.948000,4
31,98,2.467000,4
31,99,2.435000,4
31,100,2.134000,4
31,101,1.677000,4
31,102,1.927000,4
31,103,2.492000,4
31,104,2.809000,4
31,105,4.529000,11
31,106,2.850000,4
31,107,2.475000,4
31,108,1.798000,4
31,109,2.456000,4
31,110,1.920000,4
31,111,3.160000,4
31,112,2.499000,4
31,113,2.252000,4
31,114,5.731000,11
31,115,4.168000,11
31,116,1.596000,4
31,117,3.143000,11
31,118,2.136000,4
31,119,1.959000,4
31,120,2.202000,4
31,121,2.469000,4
31,122,2.117000,4
31,123,2.639000,4
31,124,2.752000,4
31,125,2.248000,4
31,126,2.094000,4
31,127,2.134000,4
31,128,1.990000,4
31,129,2.429000,5
31,130,2.144000,4
31,131,3.116000,6
31,132,3.108000,7
31,133,5.638000,14
31,134,3.470000,12
31,135,2.104000,7
31,136,3.179000,7
31,137,2.906000,7
31,138,3.576000,7
31,139,3.234000,9
31,140,3.105000,7
31,141,3.928000,7
31,142,3.094000,7
31,143,4.054000,15
31,144,1.178000,5
32,1,5.404000,13
32,2,4.626000,13
32,3,5.728000,14
32,4,4.742000,11
32,5,4.219000,11
32,6,3.003000,11
32,7,2.325000,11
32,8,2.144000,11
32,9,1.383000,11
32,10,4.332000,11
32,11,5.122000,11
32,12,5.523000,11
32,13,5.057000,11
32,14,4.258000,11
32,15,3.487000,11
32,16,2.730000,11
32,17,1.837000,11
32,18,1.346000,11
32,19,3.985000,10
32,20,4.118000,10
32,21,5.283000,11
32,22,4.465000,11
32,23,5.464000,11
32,24,3.264000,11
32,25,2.849000,11
32,26,1.412000,11
32,27,0.844000,11
32,28,1.893000,4
32,29,1.852000,4
32,30,1.807000,4
32,31,2.026000,4
32,32,2.316000,4
32,33,4.731000,11
32,34,5.736000,11
32,35,2.334000,4
32,36,2.160000,4
32,37,2.468000,4
32,38,2.117000,4
32,39,2.245000,4
32,40,3.008000,4
32,41,5.715000,11
32,42,2.410000,4
32,43,2.048000,4
32,44,2.069000,4
32,45,2.467000,4
32,46,4.578000,11
32,47,5.005000,11
32,48,4.760000,11
32,49,3.929000,11
32,50,4.936000,11
32,51,3.687000,11
32,52,2.428000,11
32,53,2.277000,11
32,54,1.438000,11
32,55,4.613000,11
32,56,5.046000,11
32,57,4.949000,11
32,58,4.048000,11
32,59,4.701000,11
32,60,3.614000,11
32,61,2.503000,11
32,62,2.436000,11
32,63,1.322000,11
32,64,5.027000,11
32,65,4.474000,11
32,66,4.951000,11
32,67,4.575000,11
32,68,5.023000,11
32,69,2.060000,4
32,70,2.221000,11
32,71,1.344000,4
32,72,0.945000,4
32,73,2.468000,4
32,74,2.327000,4
32,75,2.045000,4
32,76,2.583000,4
32,77,2.614000,4
32,78,2.451000,4
32,79,2.081000,4
32,80,2.457000,4
32,81,4.993000,11
32,82,2.263000,4
32,83,2.354000,4
32,84,1.631000,4
32,85,2.170000,5
32,86,2.898000,4
32,87,3.438000,6
32,88,2.122000,4
32,89,1.991000,4
32,90,2.013000,4
32,91,2.108000,4
32,92,2.173000,4
32,93,1.626000,4
32,94,3.881000,7
32,95,2.139000,4
32,96,2.263000,4
32,97,2.402000,4
32,98,2.187000,4
32,99,1.999000,4
32,100,2.215000,4
32,101,2.587000,4
32,102,2.072000,4
32,103,2.898000,4
32,104,2.386000,4
32,105,4.731000,11
32,106,2.514000,4
32,107,1.966000,4
32,108,2.008000,4
32,109,2.463000,4
32,110,2.505000,4
32,111,2.238000,4
32,112,2.341000,4
32,113,2.715000,4
32,114,4.919000,11
32,115,4.570000,11
32,116,1.976000,4
32,117,3.283000,11
32,118,1.832000,4
32,119,2.027000,4
32,120,2.173000,4
32,121,2.015000,4
32,122,2.565000,4
32,123,2.088000,4
32,124,2.941000,4
32,125,2.463000,4
32,126,2.021000,4
32,127,2.266000,4
32,128,2.111000,4
32,129,2.220000,5
32,130,3.880000,6
32,131,3.910000,7
32,132,8.027000,24
32,133,4.056000,13
32,134,1.607000,7
32,135,2.651000,12
32,136,5.409000,12
32,137,3.320000,7
32,138,2.835000,7
32,139,3.340000,7
32,140,3.397000,7
32,141,2.787000,7
32,142,3.695000,7
32,143,3.859000,14
32,144,1.750000,5
33,1,4.754000,13
33,2,5.831000,14
33,3,5.654000,13
33,4,4.968000,13
33,5,3.565000,11
33,6,2.662000,11
33,7,2.048000,11
33,8,1.483000,11
33,9,0.948000,11
33,10,4.735000,11
33,11,5.618000,11
33,12,4.971000,11
33,13,4.840000,11
33,14,3.866000,11
33,15,2.840000,11
33,16,2.079000,11
33,17,1.448000,10
33,18,1.327000,10
33,19,4.965000,11
33,20,4.809000,11
33,21,4.777000,11
33,22,4.838000,11
33,23,4.714000,11
33,24,2.790000,11
33,25,2.260000,11
33,26,1.641000,11
33,27,1.015000,11
33,28,2.238000,4
33,29,1.790000,4
33,30,2.667000,5
33,31,2.414000,4
33,32,2.269000,4
33,33,4.819000,11
33,34,5.298000,11
33,35,1.808000,4
33,36,1.471000,4
33,37,2.249000,4
33,38,2.396000,4
33,39,2.006000,4
33,40,2.343000,4
33,41,5.183000,12
33,42,2.539000,4
33,43,2.090000,4
33,44,1.858000,4
33,45,2.229000,4
33,46,4.663000,11
33,47,4.703000,11
33,48,5.045000,12
33,49,5.146000,12
33,50,4.078000,11
33,51,3.280000,11
33,52,2.248000,11
33,53,1.796000,11
33,54,1.248000,11
33,55,4.245000,11
33,56,3.640000,11
33,57,4.481000,11
33,58,4.509000,11
33,59,3.910000,11
33,60,3.551000,11
33,61,2.647000,11
33,62,1.978000,11
33,63,1.442000,11
33,64,4.689000,11
33,65,4.076000,10
33,66,3.858000,11
33,67,4.683000,11
33,68,4.407000,11
33,69,1.980000,4
33,70,3.200000,11
33,71,0.843000,4
33,72,0.748000,4
33,73,2.565000,5
33,74,2.700000,4
33,75,2.233000,4
33,76,2.420000,4
33,77,2.540000,4
33,78,2.311000,4
33,79,1.738000,4
33,80,2.358000,4
33,81,4.711000,11
33,82,2.236000,4
33,83,2.396000,4
33,84,1.740000,4
33,85,2.312000,5
33,86,2.187000,4
33,87,3.116000,6
33,88,1.919000,4
33,89,2.601000,4
33,90,2.800000,4
33,91,2.046000,4
33,92,2.695000,4
33,93,2.271000,4
33,94,2.705000,6
33,95,2.350000,4
33,96,2.862000,4
33,97,1.945000,4
33,98,2.110000,4
33,99,1.845000,4
33,100,1.980000,4
33,101,2.269000,4
33,102,1.565000,4
33,103,2.158000,4
33,104,2.269000,4
33,105,4.814000,11
33,106,2.404000,4
33,107,2.570000,4
33,108,2.752000,4
33,109,2.238000,4
33,110,2.396000,4
33,111,2.000000,4
33,112,2.700000,4
33,113,1.799000,4
33,114,4.238000,11
33,115,5.426000,11
33,116,2.150000,4
33,117,3.771000,11
33,118,2.236000,4
33,119,2.412000,4
33,120,1.962000,4
33,121,2.667000,4
33,122,2.170000,4
33,123,2.107000,4
33,124,1.713000,4
33,125,2.717000,5
33,126,2.328000,4
33,127,2.236000,4
33,128,2.739000,4
33,129,2.231000,5
33,130,2.607000,5
33,131,2.982000,6
33,132,4.730000,13
33,133,4.999000,12
33,134,2.436000,8
33,135,2.495000,12
33,136,4.658000,12
33,137,2.988000,8
33,138,3.489000,7
33,139,2.999000,7
33,140,3.624000,7
33,141,3.289000,7
33,142,3.066000,7
33,143,3.409000,13
33,144,1.195000,5
34,1,3.760000,11
34,2,4.610000,11
34,3,4.510000,14
34,4,3.985000,12
34,5,3.111000,11
34,6,2.343000,11
34,7,1.907000,11
34,8,1.329000,11
34,9,1.129000,11
34,10,5.214000,11
34,11,4.287000,11
34,12,3.833000,11
34,13,3.122000,11
34,14,2.879000,11
34,15,2.433000,11
34,16,1.820000,10
34,17,1.517000,11
34,18,0.693000,11
34,19,4.830000,11
34,20,3.991000,11
34,21,4.136000,11
34,22,3.538000,11
34,23,3.443000,11
34,24,2.535000,11
34,25,1.728000,11
34,26,1.340000,11
34,27,1.109000,11
34,28,1.860000,4
34,29,3.045000,6
34,30,2.930000,4
34,31,2.561000,6
34,32,2.411000,4
34,33,3.350000,11
34,34,3.151000,12
34,35,1.201000,4
34,36,1.063000,4
34,37,2.115000,4
34,38,3.288000,6
34,39,1.926000,4
34,40,1.921000,4
34,41,3.660000,11
34,42,1.295000,4
34,43,1.485000,4
34,44,1.294000,4
34,45,1.064000,4
34,46,4.514000,11
34,47,4.301000,11
34,48,3.969000,11
34,49,2.972000,11
34,50,2.843000,11
34,51,2.742000,11
34,52,1.701000,11
34,53,1.309000,11
34,54,1.225000,11
34,55,4.824000,11
34,56,4.217000,11
34,57,2.843000,10
34,58,3.199000,10
34,59,2.642000,10
34,60,2.438000,11
34,61,2.049000,10
34,62,1.281000,10
34,63,1.110000,10
34,64,4.820000,10
34,65,4.678000,10
34,66,3.707000,10
34,67,3.264000,11
34,68,3.412000,11
34,69,1.265000,4
34,70,2.169000,11
34,71,0.699000,4
34,72,0.700000,4
34,73,2.115000,4
34,74,2.247000,4
34,75,2.962000,5
34,76,1.977000,4
34,77,1.491000,4
34,78,1.903000,4
34,79,1.241000,4
34,80,1.579000,4
34,81,2.866000,11
34,82,2.870000,5
34,83,2.382000,4
34,84,2.275000,4
34,85,1.566000,4
34,86,1.681000,4
34,87,2.482000,5
34,88,1.521000,4
34,89,1.609000,4
34,90,1.369000,4
34,91,2.734000,4
34,92,2.055000,4
34,93,2.279000,4
34,94,3.413000,8
34,95,1.919000,4
34,96,1.669000,4
34,97,1.660000,4
34,98,1.131000,4
34,99,1.393000,4
34,100,2.113000,4
34,101,2.411000,4
34,102,1.941000,4
34,103,2.007000,4
34,104,2.089000,4
34,105,3.355000,9
34,106,2.328000,4
34,107,1.577000,4
34,108,1.428000,4
34,109,2.613000,4
34,110,2.168000,4
34,111,2.198000,4
34,112,1.966000,4
34,113,1.743000,4
34,114,2.823000,9
34,115,2.753000,9
34,116,1.133000,4
34,117,2.071000,9
34,118,2.112000,4
34,119,2.219000,4
34,120,2.180000,4
34,121,1.942000,4
34,122,1.670000,4
34,123,2.267000,4
34,124,1.535000,4
34,125,1.708000,4
34,126,1.618000,4
34,127,2.539000,4
34,128,2.236000,4
34,129,2.850000,7
34,130,2.205000,7
34,131,7.087000,24
34,132,2.991000,13
34,133,1.749000,7
34,134,1.360000,8
34,135,1.426000,12
34,136,4.302000,12
34,137,3.242000,7
34,138,2.431000,7
34,139,2.877000,8
34,140,2.400000,7
34,141,2.510000,7
34,142,1.497000,7
34,143,1.770000,8
34,144,1.558000,5
35,1,4.010000,13
35,2,4.093000,13
35,3,4.340000,14
35,4,3.960000,12
35,5,2.778000,11
35,6,2.337000,11
35,7,1.689000,11
35,8,1.188000,11
35,9,0.517000,11
35,10,3.614000,11
35,11,4.061000,11
35,12,3.235000,11
35,13,4.061000,11
35,14,2.979000,11
35,15,1.891000,10
35,16,1.689000,11
35,17,1.164000,11
35,18,1.101000,11
35,19,3.614000,11
35,20,3.788000,11
35,21,3.391000,11
35,22,3.486000,11
35,23,3.339000,11
35,24,1.868000,11
35,25,1.749000,11
35,26,1.688000,11
35,27,1.179000,11
35,28,2.446000,6
35,29,1.479000,4
35,30,1.910000,4
35,31,2.311000,6
35,32,1.615000,4
35,33,3.870000,11
35,34,3.524000,11
35,35,1.239000,4
35,36,0.909000,4
35,37,1.477000,4
35,38,2.136000,6
35,39,1.858000,4
35,40,2.186000,4
35,41,3.800000,11
35,42,1.540000,4
35,43,1.575000,4
35,44,1.375000,4
35,45,1.228000,4
35,46,3.612000,11
35,47,3.717000,11
35,48,3.498000,11
35,49,3.479000,11
35,50,2.903000,11
35,51,1.776000,11
35,52,1.810000,11
35,53,1.533000,11
35,54,0.669000,11
35,55,3.613000,11
35,56,4.299000,11
35,57,3.019000,11
35,58,2.971000,11
35,59,3.170000,11
35,60,2.450000,11
35,61,1.999000,11
35,62,1.333000,11
35,63,1.138000,11
35,64,3.606000,11
35,65,4.040000,11
35,66,3.665000,10
35,67,3.353000,10
35,68,3.178000,11
35,69,1.401000,4
35,70,1.799000,11
35,71,1.002000,4
35,72,0.747000,4
35,73,1.798000,4
35,74,1.597000,4
35,75,2.034000,4
35,76,1.975000,4
35,77,2.006000,4
35,78,1.517000,4
35,79,1.920000,5
35,80,1.860000,4
35,81,2.999000,11
35,82,1.998000,4
35,83,1.813000,4
35,84,1.815000,4
35,85,2.014000,4
35,86,1.508000,4
35,87,1.812000,5
35,88,1.503000,4
35,89,1.727000,4
35,90,1.597000,4
35,91,1.694000,4
35,92,1.631000,4
35,93,2.512000,4
35,94,2.904000,7
35,95,1.679000,4
35,96,1.771000,4
35,97,1.456000,4
35,98,1.532000,4
35,99,1.600000,4
35,100,2.003000,4
35,101,1.816000,4
35,102,2.002000,4
35,103,1.717000,4
35,104,1.249000,4
35,105,2.793000,9
35,106,2.032000,4
35,107,1.641000,4
35,108,1.186000,4
35,109,1.806000,4
35,110,1.823000,4
35,111,1.702000,4
35,112,1.805000,4
35,113,1.781000,4
35,114,2.871000,9
35,115,3.609000,9
35,116,1.400000,4
35,117,2.012000,9
35,118,1.647000,4
35,119,1.942000,4
35,120,2.030000,4
35,121,1.998000,4
35,122,1.407000,4
35,123,1.221000,4
35,124,1.494000,4
35,125,1.869000,4
35,126,1.578000,4
35,127,1.579000,4
35,128,1.376000,4
35,129,3.195000,10
35,130,3.025000,7
35,131,2.960000,12
35,132,3.663000,11
35,133,1.962000,7
35,134,1.916000,8
35,135,1.769000,12
35,136,3.400000,12
35,137,3.784000,12
35,138,2.450000,7
35,139,2.382000,8
35,140,2.732000,7
35,141,2.548000,7
35,142,1.681000,7
35,143,1.513000,8
35,144,0.965000,5
36,1,3.357000,12
36,2,4.848000,15
36,3,5.990000,15
36,4,3.882000,14
36,5,1.860000,12
36,6,1.182000,11
36,7,1.118000,11
36,8,0.633000,11
36,9,0.306000,11
36,10,3.350000,11
36,11,3.860000,11
36,12,3.977000,11
36,13,3.859000,11
36,14,3.163000,11
36,15,2.288000,11
36,16,1.942000,11
36,17,0.968000,11
36,18,1.182000,11
36,19,3.770000,11
36,20,4.066000,11
36,21,3.619000,11
36,22,3.243000,11
36,23,3.144000,11
36,24,2.382000,11
36,25,1.807000,11
36,26,1.402000,11
36,27,1.291000,11
36,28,1.920000,5
36,29,2.074000,5
36,30,3.217000,6
36,31,2.381000,5
36,32,1.450000,4
36,33,3.860000,11
36,34,3.349000,11
36,35,1.701000,4
36,36,1.117000,4
36,37,1.425000,4
36,38,2.350000,5
36,39,2.052000,4
36,40,1.688000,4
36,41,3.623000,10
36,42,2.675000,6
36,43,1.868000,4
36,44,2.577000,6
36,45,1.410000,5
36,46,3.706000,11
36,47,4.990000,11
36,48,3.300000,11
36,49,3.633000,12
36,50,3.175000,11
36,51,2.588000,11
36,52,1.832000,12
36,53,1.280000,11
36,54,1.192000,12
36,55,4.026000,12
36,56,4.297000,12
36,57,4.711000,12
36,58,3.388000,12
36,59,3.462000,12
36,60,1.933000,12
36,61,1.683000,12
36,62,1.153000,12
36,63,0.497000,12
36,64,3.357000,12
36,65,3.766000,11
36,66,3.162000,11
36,67,3.236000,11
36,68,2.859000,11
36,69,1.668000,5
36,70,2.787000,13
36,71,1.042000,5
36,72,0.993000,5
36,73,1.905000,5
36,74,1.697000,5
36,75,3.036000,4
36,76,2.211000,4
36,77,1.915000,5
36,78,1.308000,4
36,79,1.752000,4
36,80,1.840000,4
36,81,3.288000,11
36,82,1.656000,5
36,83,2.076000,5
36,84,2.129000,4
36,85,1.969000,4
36,86,1.610000,4
36,87,2.225000,5
36,88,1.592000,4
36,89,1.716000,4
36,90,1.300000,4
36,91,2.341000,6
36,92,1.660000,4
36,93,2.054000,4
36,94,3.826000,8
36,95,1.641000,4
36,96,2.051000,4
36,97,1.986000,4
36,98,1.549000,4
36,99,1.664000,4
36,100,1.425000,4
36,101,1.803000,4
36,102,2.421000,4
36,103,1.864000,4
36,104,1.581000,4
36,105,2.808000,9
36,106,1.454000,4
36,107,1.703000,4
36,108,1.725000,5
36,109,1.652000,4
36,110,1.477000,4
36,111,2.176000,4
36,112,2.100000,4
36,113,1.545000,4
36,114,3.527000,9
36,115,3.218000,9
36,116,1.497000,4
36,117,2.740000,9
36,118,1.348000,4
36,119,1.409000,4
36,120,1.587000,4
36,121,3.020000,6
36,122,1.795000,4
36,123,2.021000,4
36,124,2.070000,4
36,125,2.030000,4
36,126,1.560000,4
36,127,1.655000,4
36,128,3.365000,7
36,129,6.402000,22
36,130,6.218000,23
36,131,3.276000,16
36,132,1.614000,7
36,133,1.035000,8
36,134,1.104000,9
36,135,1.254000,12
36,136,2.457000,7
36,137,3.408000,8
36,138,2.974000,7
36,139,3.020000,8
36,140,2.798000,7
36,141,2.448000,7
36,142,2.367000,7
36,143,2.329000,12
36,144,0.993000,5
37,1,4.262000,13
37,2,4.422000,13
37,3,3.972000,15
37,4,3.576000,14
37,5,2.875000,13
37,6,1.596000,10
37,7,1.472000,10
37,8,0.765000,10
37,9,0.261000,10
37,10,2.975000,10
37,11,3.552000,10
37,12,3.149000,10
37,13,3.532000,11
37,14,3.274000,11
37,15,2.361000,11
37,16,1.877000,11
37,17,1.528000,11
37,18,1.268000,11
37,19,2.876000,11
37,20,3.068000,11
37,21,3.365000,11
37,22,3.892000,11
37,23,2.758000,11
37,24,2.339000,11
37,25,2.230000,11
37,26,1.541000,11
37,27,1.430000,11
37,28,1.787000,6
37,29,2.496000,6
37,30,2.585000,6
37,31,1.720000,4
37,32,1.568000,4
37,33,3.143000,12
37,34,3.501000,11
37,35,1.083000,4
37,36,0.951000,4
37,37,2.034000,6
37,38,2.232000,6
37,39,1.236000,4
37,40,1.572000,4
37,41,3.750000,11
37,42,2.319000,6
37,43,1.635000,5
37,44,2.232000,5
37,45,1.551000,6
37,46,3.446000,11
37,47,3.084000,11
37,48,3.372000,11
37,49,3.608000,11
37,50,3.322000,11
37,51,2.635000,11
37,52,1.851000,11
37,53,1.620000,12
37,54,0.973000,12
37,55,3.790000,12
37,56,3.530000,11
37,57,3.014000,11
37,58,2.782000,12
37,59,2.266000,10
37,60,2.148000,10
37,61,1.335000,10
37,62,1.410000,10
37,63,1.144000,10
37,64,3.163000,10
37,65,3.721000,12
37,66,3.036000,11
37,67,3.538000,11
37,68,3.855000,11
37,69,1.810000,6
37,70,2.040000,11
37,71,0.909000,6
37,72,0.940000,6
37,73,2.033000,6
37,74,1.996000,6
37,75,1.972000,5
37,76,1.678000,5
37,77,1.931000,5
37,78,1.701000,5
37,79,1.592000,5
37,80,1.636000,5
37,81,2.795000,11
37,82,2.443000,6
37,83,1.886000,5
37,84,1.837000,6
37,85,1.870000,6
37,86,2.320000,6
37,87,1.849000,6
37,88,1.674000,6
37,89,1.825000,6
37,90,1.085000,4
37,91,2.041000,6
37,92,2.202000,4
37,93,1.317000,4
37,94,2.465000,8
37,95,1.584000,4
37,96,1.501000,4
37,97,1.382000,4
37,98,1.560000,4
37,99,1.272000,4
37,100,1.838000,4
37,101,1.736000,4
37,102,1.566000,4
37,103,1.332000,4
37,104,1.492000,4
37,105,3.308000,10
37,106,1.930000,4
37,107,1.432000,4
37,108,1.545000,4
37,109,2.394000,6
37,110,1.643000,4
37,111,1.720000,4
37,112,1.509000,4
37,113,1.645000,4
37,114,3.311000,10
37,115,2.901000,10
37,116,1.897000,4
37,117,2.248000,10
37,118,1.436000,4
37,119,1.422000,4
37,120,1.905000,4
37,121,1.400000,4
37,122,1.271000,4
37,123,1.358000,4
37,124,1.999000,4
37,125,1.948000,4
37,126,1.943000,4
37,127,2.041000,6
37,128,1.986000,6
37,129,4.532000,15
37,130,4.642000,17
37,131,3.336000,12
37,132,1.702000,7
37,133,1.777000,8
37,134,1.401000,9
37,135,1.670000,12
37,136,2.157000,7
37,137,2.296000,8
37,138,2.668000,6
37,139,2.699000,8
37,140,2.281000,7
37,141,2.550000,7
37,142,2.479000,7
37,143,2.592000,11
37,144,1.178000,5
38,1,3.576000,12
38,2,3.569000,13
38,3,4.535000,16
38,4,4.354000,14
38,5,4.541000,16
38,6,1.920000,13
38,7,1.453000,13
38,8,1.365000,13
38,9,0.343000,13
38,10,3.570000,13
38,11,3.225000,12
38,12,3.765000,11
38,13,3.230000,11
38,14,3.748000,11
38,15,2.615000,11
38,16,1.956000,11
38,17,1.501000,11
38,18,1.555000,13
38,19,3.846000,12
38,20,3.314000,11
38,21,3.336000,11
38,22,3.724000,11
38,23,3.147000,11
38,24,3.371000,11
38,25,1.552000,11
38,26,1.163000,11
38,27,0.574000,11
38,28,2.621000,6
38,29,2.231000,5
38,30,2.110000,6
38,31,1.780000,4
38,32,2.102000,6
38,33,4.182000,13
38,34,2.789000,11
38,35,1.347000,4
38,36,1.536000,4
38,37,1.500000,4
38,38,1.766000,4
38,39,1.419000,4
38,40,1.717000,5
38,41,2.952000,11
38,42,1.758000,4
38,43,1.875000,5
38,44,1.852000,5
38,45,2.149000,5
38,46,3.788000,11
38,47,3.615000,11
38,48,3.077000,12
38,49,2.778000,11
38,50,3.361000,11
38,51,3.250000,11
38,52,1.856000,11
38,53,1.859000,11
38,54,1.150000,12
38,55,3.195000,10
38,56,3.119000,10
38,57,2.928000,10
38,58,3.149000,12
38,59,3.820000,13
38,60,3.259000,12
38,61,2.300000,13
38,62,1.637000,13
38,63,1.268000,13
38,64,3.566000,13
38,65,3.552000,13
38,66,4.067000,14
38,67,4.376000,15
38,68,3.434000,13
38,69,1.866000,8
38,70,1.590000,12
38,71,1.134000,8
38,72,1.011000,7
38,73,2.699000,7
38,74,2.167000,7
38,75,2.742000,7
38,76,2.618000,8
38,77,2.647000,8
38,78,2.350000,6
38,79,2.352000,7
38,80,1.970000,7
38,81,2.584000,13
38,82,2.894000,8
38,83,2.210000,6
38,84,2.584000,6
38,85,2.150000,6
38,86,2.343000,6
38,87,3.017000,7
38,88,2.144000,5
38,89,2.289000,6
38,90,1.603000,6
38,91,2.132000,5
38,92,1.942000,4
38,93,2.042000,6
38,94,2.333000,8
38,95,1.430000,4
38,96,1.448000,4
38,97,1.680000,4
38,98,1.480000,4
38,99,1.759000,4
38,100,2.059000,4
38,101,1.588000,4
38,102,1.340000,4
38,103,2.353000,4
38,104,2.164000,4
38,105,3.679000,10
38,106,2.058000,4
38,107,1.713000,4
38,108,2.174000,4
38,109,1.861000,4
38,110,2.440000,6
38,111,1.447000,4
38,112,1.291000,4
38,113,1.382000,4
38,114,3.706000,10
38,115,2.942000,10
38,116,1.619000,4
38,117,2.904000,10
38,118,1.453000,4
38,119,1.780000,4
38,120,1.826000,4
38,121,1.313000,4
38,122,1.979000,4
38,123,1.826000,4
38,124,2.130000,6
38,125,2.238000,5
38,126,2.249000,6
38,127,2.431000,6
38,128,2.414000,6
38,129,5.258000,18
38,130,3.313000,12
38,131,2.820000,7
38,132,2.042000,7
38,133,1.941000,8
38,134,1.664000,9
38,135,1.707000,12
38,136,2.308000,7
38,137,2.542000,7
38,138,1.724000,6
38,139,2.644000,8
38,140,2.130000,7
38,141,2.074000,7
38,142,2.493000,7
38,143,3.447000,12
38,144,1.940000,6
39,1,3.782000,12
39,2,4.052000,13
39,3,4.587000,14
39,4,3.502000,14
39,5,3.200000,12
39,6,2.018000,11
39,7,1.716000,12
39,8,1.599000,11
39,9,1.174000,13
39,10,3.949000,14
39,11,4.182000,14
39,12,4.038000,14
39,13,3.097000,13
39,14,3.257000,13
39,15,2.405000,13
39,16,1.720000,12
39,17,1.507000,12
39,18,0.881000,12
39,19,3.008000,11
39,20,2.131000,9
39,21,3.625000,12
39,22,3.551000,12
39,23,3.032000,12
39,24,3.506000,13
39,25,2.530000,13
39,26,1.675000,12
39,27,1.631000,13
39,28,1.979000,5
39,29,2.587000,6
39,30,2.111000,5
39,31,1.318000,4
39,32,1.563000,4
39,33,4.178000,13
39,34,3.238000,12
39,35,1.292000,4
39,36,1.744000,4
39,37,1.639000,4
39,38,1.757000,4
39,39,1.483000,4
39,40,1.626000,4
39,41,3.515000,13
39,42,1.707000,4
39,43,2.012000,4
39,44,2.454000,6
39,45,1.823000,5
39,46,3.924000,13
39,47,3.799000,12
39,48,3.641000,13
39,49,3.836000,11
39,50,3.125000,11
39,51,2.230000,12
39,52,1.793000,12
39,53,1.455000,10
39,54,1.563000,12
39,55,3.416000,13
39,56,4.084000,13
39,57,3.638000,13
39,58,4.224000,13
39,59,3.588000,13
39,60,2.748000,13
39,61,1.914000,16
39,62,1.134000,12
39,63,0.498000,12
39,64,3.678000,14
39,65,3.439000,13
39,66,3.761000,13
39,67,4.294000,13
39,68,3.492000,13
39,69,1.505000,6
39,70,1.994000,12
39,71,1.125000,7
39,72,0.704000,6
39,73,2.633000,6
39,74,2.184000,6
39,75,2.055000,6
39,76,2.430000,6
39,77,2.588000,7
39,78,2.045000,7
39,79,2.511000,6
39,80,1.108000,5
39,81,2.219000,13
39,82,3.088000,8
39,83,2.511000,8
39,84,3.459000,8
39,85,2.531000,7
39,86,2.351000,7
39,87,5.254000,21
39,88,1.459000,6
39,89,1.275000,5
39,90,1.049000,5
39,91,2.180000,6
39,92,1.928000,6
39,93,1.882000,5
39,94,3.155000,8
39,95,1.434000,4
39,96,1.620000,4
39,97,1.396000,4
39,98,1.678000,4
39,99,1.849000,4
39,100,1.715000,4
39,101,1.461000,4
39,102,1.345000,4
39,103,1.532000,4
39,104,1.520000,4
39,105,3.703000,10
39,106,1.766000,4
39,107,1.662000,4
39,108,1.364000,4
39,109,2.167000,4
39,110,1.565000,4
39,111,2.043000,4
39,112,1.661000,4
39,113,1.559000,4
39,114,3.209000,10
39,115,3.314000,10
39,116,1.401000,4
39,117,2.577000,10
39,118,1.950000,4
39,119,1.772000,4
39,120,1.817000,4
39,121,1.820000,4
39,122,1.561000,5
39,123,2.099000,6
39,124,1.643000,5
39,125,1.830000,5
39,126,1.670000,5
39,127,2.353000,6
39,128,2.745000,8
39,129,5.301000,19
39,130,4.131000,12
39,131,2.217000,7
39,132,2.374000,7
39,133,1.910000,7
39,134,1.745000,8
39,135,1.475000,7
39,136,2.410000,7
39,137,3.184000,8
39,138,2.227000,6
39,139,2.340000,8
39,140,2.521000,7
39,141,2.556000,7
39,142,2.102000,7
39,143,2.959000,14
39,144,1.317000,6
40,1,3.646000,12
40,2,3.623000,13
40,3,4.068000,14
40,4,6.771000,14
40,5,5.421000,13
40,6,6.078000,16
40,7,2.076000,12
40,8,2.490000,14
40,9,1.180000,13
40,10,4.010000,13
40,11,3.440000,12
40,12,3.587000,12
40,13,5.020000,12
40,14,6.790000,15
40,15,5.850000,16
40,16,3.176000,15
40,17,2.487000,13
40,18,1.479000,13
40,19,4.004000,12
40,20,3.964000,13
40,21,3.893000,12
40,22,3.692000,11
40,23,5.627000,12
40,24,5.687000,12
40,25,3.708000,13
40,26,2.608000,13
40,27,2.276000,13
40,28,2.231000,5
40,29,2.584000,5
40,30,2.097000,5
40,31,1.821000,4
40,32,1.884000,4
40,33,4.584000,13
40,34,4.870000,12
40,35,3.067000,4
40,36,3.332000,4
40,37,1.847000,4
40,38,1.528000,4
40,39,1.422000,4
40,40,2.294000,6
40,41,3.066000,12
40,42,2.286000,6
40,43,2.577000,5
40,44,3.254000,6
40,45,3.197000,5
40,46,3.483000,12
40,47,3.177000,13
40,48,3.896000,12
40,49,5.305000,12
40,50,5.149000,12
40,51,4.649000,12
40,52,3.111000,12
40,53,2.212000,12
40,54,1.441000,13
40,55,3.466000,13
40,56,4.749000,15
40,57,3.416000,13
40,58,4.464000,12
40,59,5.209000,13
40,60,5.130000,12
40,61,4.295000,13
40,62,2.635000,13
40,63,2.298000,13
40,64,3.491000,13
40,65,4.391000,13
40,66,4.281000,14
40,67,4.745000,12
40,68,5.969000,14
40,69,5.126000,7
40,70,3.899000,14
40,71,1.819000,8
40,72,1.938000,8
40,73,2.978000,8
40,74,2.670000,8
40,75,2.900000,8
40,76,2.818000,7
40,77,3.530000,7
40,78,4.521000,8
40,79,3.165000,7
40,80,3.768000,7
40,81,4.379000,13
40,82,2.593000,8
40,83,2.279000,6
40,84,2.172000,6
40,85,2.355000,8
40,86,3.095000,8
40,87,5.221000,12
40,88,3.595000,7
40,89,3.871000,7
40,90,3.502000,7
40,91,2.580000,8
40,92,1.978000,5
40,93,1.812000,5
40,94,3.228000,8
40,95,1.457000,4
40,96,1.870000,4
40,97,2.769000,4
40,98,2.818000,4
40,99,2.463000,4
40,100,1.643000,4
40,101,1.829000,4
40,102,1.440000,4
40,103,1.668000,4
40,104,2.028000,4
40,105,4.088000,10
40,106,3.824000,6
40,107,3.527000,6
40,108,4.112000,6
40,109,1.672000,5
40,110,2.401000,6
40,111,1.784000,4
40,112,1.932000,4
40,113,2.262000,4
40,114,4.499000,10
40,115,5.977000,10
40,116,3.088000,4
40,117,4.111000,10
40,118,1.619000,4
40,119,1.820000,4
40,120,1.713000,4
40,121,1.776000,6
40,122,1.993000,5
40,123,2.558000,5
40,124,2.306000,6
40,125,4.761000,7
40,126,4.086000,7
40,127,2.346000,7
40,128,6.661000,27
40,129,4.454000,16
40,130,4.299000,7
40,131,3.267000,7
40,132,3.084000,7
40,133,3.833000,8
40,134,2.492000,8
40,135,2.122000,7
40,136,2.246000,7
40,137,2.409000,7
40,138,1.923000,6
40,139,2.820000,8
40,140,2.800000,7
40,141,3.268000,7
40,142,4.119000,7
40,143,5.616000,12
40,144,3.204000,6
41,1,6.527000,11
41,2,6.561000,13
41,3,5.089000,12
41,4,6.704000,15
41,5,6.287000,12
41,6,6.602000,13
41,7,4.315000,13
41,8,2.557000,12
41,9,2.193000,12
41,10,7.023000,13
41,11,6.813000,14
41,12,5.019000,14
41,13,5.622000,13
41,14,7.471000,13
41,15,4.487000,13
41,16,3.172000,13
41,17,2.773000,14
41,18,1.147000,16
41,19,6.538000,13
41,20,7.802000,15
41,21,7.422000,15
41,22,6.611000,14
41,23,4.892000,13
41,24,3.667000,12
41,25,2.462000,12
41,26,2.253000,12
41,27,1.003000,12
41,28,4.251000,5
41,29,3.743000,5
41,30,3.899000,5
41,31,2.940000,5
41,32,2.606000,5
41,33,4.577000,11
41,34,5.753000,11
41,35,4.149000,5
41,36,3.769000,5
41,37,3.642000,5
41,38,2.845000,4
41,39,4.042000,5
41,40,4.124000,6
41,41,5.076000,11
41,42,3.041000,5
41,43,3.030000,5
41,44,3.912000,6
41,45,4.180000,5
41,46,5.962000,13
41,47,5.975000,12
41,48,5.452000,12
41,49,4.560000,12
41,50,5.963000,12
41,51,6.790000,13
41,52,4.730000,15
41,53,3.839000,16
41,54,2.761000,14
41,55,6.122000,12
41,56,7.772000,14
41,57,6.728000,15
41,58,6.196000,14
41,59,7.593000,14
41,60,4.347000,13
41,61,3.166000,14
41,62,2.765000,15
41,63,1.815000,13
41,64,6.520000,12
41,65,6.713000,14
41,66,6.248000,14
41,67,5.116000,12
41,68,6.714000,13
41,69,4.461000,8
41,70,4.132000,14
41,71,2.632000,8
41,72,1.575000,6
41,73,5.491000,8
41,74,3.868000,6
41,75,4.893000,8
41,76,4.534000,8
41,77,3.640000,8
41,78,4.096000,7
41,79,4.128000,7
41,80,4.587000,7
41,81,6.651000,13
41,82,6.032000,9
41,83,4.392000,7
41,84,3.702000,6
41,85,3.770000,8
41,86,3.048000,7
41,87,4.726000,10
41,88,4.969000,7
41,89,3.970000,7
41,90,2.943000,6
41,91,11.023000,22
41,92,3.720000,7
41,93,3.474000,7
41,94,3.731000,8
41,95,4.928000,7
41,96,3.350000,5
41,97,3.659000,6
41,98,2.745000,5
41,99,2.089000,5
41,100,3.626000,5
41,101,3.845000,5
41,102,3.756000,5
41,103,3.389000,5
41,104,3.204000,6
41,105,5.888000,10
41,106,3.710000,5
41,107,3.770000,5
41,108,3.543000,5
41,109,3.134000,5
41,110,4.499000,6
41,111,4.052000,6
41,112,3.344000,5
41,113,2.471000,5
41,114,6.080000,12
41,115,8.103000,13
41,116,3.085000,5
41,117,4.703000,14
41,118,3.629000,5
41,119,3.717000,5
41,120,3.504000,5
41,121,3.282000,6
41,122,3.395000,7
41,123,3.722000,7
41,124,3.485000,7
41,125,4.369000,7
41,126,5.075000,9
41,127,4.603000,8
41,128,7.028000,14
41,129,4.616000,10
41,130,2.938000,7
41,131,4.222000,7
41,132,4.079000,7
41,133,4.511000,8
41,134,4.418000,9
41,135,2.902000,7
41,136,4.873000,8
41,137,5.247000,8
41,138,3.281000,6
41,139,3.510000,8
41,140,3.195000,7
41,141,3.569000,7
41,142,3.680000,7
41,143,5.901000,10
41,144,3.406000,7
42,1,4.477000,11
42,2,5.530000,13
42,3,5.051000,12
42,4,4.744000,12
42,5,8.950000,22
42,6,5.124000,12
42,7,2.531000,10
42,8,2.328000,11
42,9,2.087000,12
42,10,5.991000,13
42,11,5.263000,13
42,12,5.926000,13
42,13,4.721000,12
42,14,5.820000,12
42,15,5.780000,13
42,16,3.301000,13
42,17,2.554000,14
42,18,1.986000,13
42,19,7.012000,16
42,20,5.994000,14
42,21,5.821000,14
42,22,5.268000,13
42,23,4.887000,13
42,24,5.810000,15
42,25,3.700000,17
42,26,1.776000,12
42,27,1.446000,12
42,28,3.388000,6
42,29,3.121000,5
42,30,3.380000,6
42,31,4.180000,5
42,32,3.083000,6
42,33,3.991000,11
42,34,4.855000,11
42,35,2.825000,6
42,36,2.511000,5
42,37,4.307000,5
42,38,2.656000,5
42,39,2.996000,5
42,40,2.635000,5
42,41,5.015000,12
42,42,2.189000,5
42,43,3.026000,6
42,44,3.418000,7
42,45,3.335000,7
42,46,5.779000,12
42,47,5.626000,14
42,48,6.265000,13
42,49,6.004000,16
42,50,5.361000,14
42,51,5.251000,14
42,52,3.243000,15
42,53,2.572000,16
42,54,1.293000,15
42,55,7.372000,13
42,56,5.629000,15
42,57,5.873000,14
42,58,6.503000,14
42,59,6.371000,16
42,60,2.630000,13
42,61,1.687000,14
42,62,0.531000,14
42,63,0.368000,13
42,64,5.833000,13
42,65,4.450000,12
42,66,5.665000,12
42,67,5.494000,12
42,68,6.283000,14
42,69,3.200000,6
42,70,4.043000,11
42,71,2.064000,6
42,72,1.631000,6
42,73,3.809000,6
42,74,3.488000,6
42,75,3.306000,6
42,76,4.478000,8
42,77,4.014000,8
42,78,3.873000,8
42,79,3.622000,7
42,80,3.215000,7
42,81,4.983000,13
42,82,10.305000,25
42,83,3.494000,7
42,84,2.815000,6
42,85,3.841000,8
42,86,4.603000,8
42,87,5.141000,14
42,88,3.308000,7
42,89,2.066000,7
42,90,1.982000,7
42,91,6.134000,11
42,92,4.759000,7
42,93,3.550000,7
42,94,5.164000,14
42,95,3.793000,7
42,96,3.499000,7
42,97,3.382000,7
42,98,2.862000,5
42,99,2.491000,6
42,100,3.816000,5
42,101,3.803000,6
42,102,3.571000,5
42,103,3.539000,5
42,104,2.671000,5
42,105,4.821000,11
42,106,3.074000,5
42,107,3.599000,5
42,108,3.227000,5
42,109,3.346000,5
42,110,3.095000,5
42,111,3.296000,5
42,112,2.812000,5
42,113,3.729000,5
42,114,5.520000,12
42,115,5.898000,12
42,116,2.205000,5
42,117,4.611000,11
42,118,3.510000,5
42,119,3.167000,6
42,120,3.519000,6
42,121,2.710000,6
42,122,4.276000,7
42,123,3.785000,7
42,124,3.794000,7
42,125,3.579000,8
42,126,4.298000,8
42,127,10.300000,25
42,128,5.703000,12
42,129,7.008000,7
42,130,4.326000,7
42,131,3.392000,7
42,132,3.518000,7
42,133,2.492000,8
42,134,1.996000,9
42,135,1.342000,7
42,136,4.110000,7
42,137,3.599000,8
42,138,3.784000,6
42,139,3.911000,8
42,140,3.153000,7
42,141,2.935000,7
42,142,3.267000,7
42,143,5.818000,14
42,144,3.425000,7
43,1,5.158000,12
43,2,5.662000,13
43,3,4.632000,12
43,4,4.776000,13
43,5,4.927000,13
43,6,5.272000,11
43,7,4.341000,11
43,8,2.364000,10
43,9,1.600000,12
43,10,5.581000,12
43,11,5.527000,12
43,12,5.131000,12
43,13,4.543000,12
43,14,4.604000,11
43,15,4.627000,13
43,16,4.119000,13
43,17,2.963000,13
43,18,2.095000,14
43,19,6.024000,15
43,20,6.499000,15
43,21,5.370000,13
43,22,5.546000,16
43,23,5.045000,13
43,24,6.839000,16
43,25,2.889000,13
43,26,1.607000,13
43,27,1.300000,13
43,28,3.412000,6
43,29,2.850000,5
43,30,3.118000,5
43,31,3.473000,5
43,32,3.263000,6
43,33,4.725000,12
43,34,4.894000,11
43,35,3.204000,5
43,36,1.983000,4
43,37,3.284000,5
43,38,3.011000,5
43,39,4.432000,6
43,40,2.741000,5
43,41,5.815000,13
43,42,2.079000,4
43,43,2.474000,4
43,44,2.638000,5
43,45,3.509000,5
43,46,5.950000,13
43,47,6.174000,14
43,48,6.414000,16
43,49,5.203000,15
43,50,5.454000,15
43,51,5.676000,16
43,52,3.431000,13
43,53,1.668000,15
43,54,1.641000,15
43,55,6.698000,15
43,56,6.870000,16
43,57,6.607000,14
43,58,5.071000,13
43,59,5.091000,13
43,60,4.031000,12
43,61,3.400000,13
43,62,1.683000,14
43,63,1.476000,13
43,64,6.430000,12
43,65,5.685000,12
43,66,4.354000,11
43,67,4.245000,10
43,68,4.255000,10
43,69,3.470000,7
43,70,5.121000,13
43,71,1.912000,4
43,72,2.096000,7
43,73,5.147000,8
43,74,4.996000,7
43,75,4.360000,8
43,76,4.125000,7
43,77,3.170000,6
43,78,3.109000,6
43,79,3.468000,7
43,80,3.607000,7
43,81,3.813000,10
43,82,4.650000,12
43,83,4.095000,7
43,84,4.225000,8
43,85,3.930000,8
43,86,4.145000,8
43,87,5.154000,12
43,88,3.691000,7
43,89,3.470000,8
43,90,3.208000,8
43,91,5.153000,12
43,92,4.577000,7
43,93,3.887000,7
43,94,4.146000,9
43,95,3.565000,7
43,96,3.165000,7
43,97,3.921000,7
43,98,2.826000,7
43,99,2.950000,6
43,100,2.567000,5
43,101,4.011000,6
43,102,3.172000,5
43,103,2.477000,5
43,104,3.286000,5
43,105,5.950000,12
43,106,3.087000,5
43,107,3.357000,5
43,108,2.236000,5
43,109,2.971000,5
43,110,2.987000,5
43,111,3.748000,5
43,112,3.889000,5
43,113,2.980000,5
43,114,5.233000,12
43,115,5.776000,12
43,116,2.702000,5
43,117,3.461000,13
43,118,4.748000,8
43,119,3.903000,8
43,120,3.423000,7
43,121,3.509000,7
43,122,4.519000,8
43,123,3.071000,8
43,124,3.845000,8
43,125,4.216000,8
43,126,5.750000,24
43,127,6.018000,13
43,128,5.847000,13
43,129,3.484000,7
43,130,2.959000,7
43,131,3.427000,7
43,132,3.330000,7
43,133,3.818000,8
43,134,3.366000,9
43,135,1.734000,7
43,136,3.593000,7
43,137,4.718000,7
43,138,2.872000,6
43,139,3.280000,8
43,140,3.482000,7
43,141,3.627000,7
43,142,3.742000,7
43,143,5.140000,13
43,144,3.616000,7
44,1,5.417000,12
44,2,5.969000,13
44,3,5.006000,12
44,4,5.509000,13
44,5,5.428000,11
44,6,5.036000,11
44,7,3.514000,8
44,8,3.400000,11
44,9,2.706000,13
44,10,6.639000,13
44,11,4.249000,11
44,12,6.361000,14
44,13,4.540000,11
44,14,5.550000,11
44,15,5.898000,13
44,16,5.834000,13
44,17,3.543000,12
44,18,3.500000,14
44,19,5.685000,13
44,20,6.272000,14
44,21,6.650000,14
44,22,5.300000,13
44,23,6.738000,13
44,24,6.014000,14
44,25,5.132000,15
44,26,3.508000,15
44,27,2.311000,15
44,28,3.036000,6
44,29,4.006000,5
44,30,3.042000,5
44,31,3.237000,5
44,32,2.454000,4
44,33,4.681000,12
44,34,4.754000,11
44,35,12.261000,29
44,36,2.476000,4
44,37,1.807000,4
44,38,3.075000,5
44,39,3.045000,4
44,40,2.151000,4
44,41,6.148000,14
44,42,2.840000,4
44,43,2.253000,4
44,44,3.161000,5
44,45,4.534000,7
44,46,7.559000,16
44,47,9.504000,20
44,48,6.961000,13
44,49,7.668000,16
44,50,7.669000,16
44,51,3.789000,14
44,52,3.622000,17
44,53,1.352000,13
44,54,0.599000,14
44,55,7.456000,15
44,56,5.294000,14
44,57,6.245000,14
44,58,6.908000,13
44,59,4.483000,12
44,60,4.061000,13
44,61,3.493000,14
44,62,1.651000,14
44,63,0.740000,14
44,64,6.479000,13
44,65,5.976000,13
44,66,6.239000,13
44,67,5.466000,13
44,68,6.169000,13
44,69,3.615000,7
44,70,5.778000,13
44,71,1.464000,4
44,72,2.398000,7
44,73,3.551000,7
44,74,4.236000,7
44,75,3.906000,7
44,76,3.317000,7
44,77,3.622000,7
44,78,3.555000,7
44,79,3.177000,4
44,80,5.793000,8
44,81,5.814000,13
44,82,7.452000,14
44,83,5.004000,9
44,84,3.226000,7
44,85,4.519000,8
44,86,3.612000,8
44,87,6.263000,12
44,88,10.760000,28
44,89,2.628000,8
44,90,2.190000,8
44,91,5.102000,12
44,92,3.836000,7
44,93,4.032000,8
44,94,4.592000,10
44,95,4.016000,7
44,96,4.533000,7
44,97,4.679000,7
44,98,10.590000,27
44,99,4.916000,25
44,100,9.167000,25
44,101,4.732000,7
44,102,3.213000,6
44,103,2.872000,5
44,104,3.294000,5
44,105,7.535000,12
44,106,2.784000,5
44,107,2.873000,5
44,108,3.450000,5
44,109,2.543000,5
44,110,3.460000,5
44,111,2.600000,5
44,112,3.003000,5
44,113,2.775000,5
44,114,6.313000,12
44,115,6.328000,13
44,116,9.715000,25
44,117,4.411000,13
44,118,3.871000,6
44,119,4.805000,7
44,120,3.737000,8
44,121,3.522000,7
44,122,4.364000,8
44,123,3.856000,8
44,124,4.877000,8
44,125,3.295000,8
44,126,5.608000,11
44,127,6.504000,13
44,128,4.028000,7
44,129,4.908000,12
44,130,3.956000,7
44,131,4.350000,7
44,132,4.765000,7
44,133,4.059000,8
44,134,4.667000,8
44,135,3.494000,7
44,136,3.537000,7
44,137,4.456000,8
44,138,2.950000,6
44,139,4.266000,8
44,140,4.669000,7
44,141,3.832000,7
44,142,5.008000,7
44,143,6.913000,12
44,144,7.686000,27
45,1,5.108000,12
45,2,6.212000,13
45,3,5.335000,12
45,4,4.723000,12
45,5,5.034000,12
45,6,7.412000,18
45,7,4.376000,11
45,8,3.383000,8
45,9,1.310000,8
45,10,3.353000,8
45,11,4.186000,8
45,12,4.122000,9
45,13,4.314000,9
45,14,5.335000,11
45,15,5.010000,12
45,16,5.270000,13
45,17,5.064000,13
45,18,4.485000,14
45,19,5.077000,13
45,20,5.022000,12
45,21,6.053000,13
45,22,4.920000,13
45,23,5.441000,13
45,24,6.007000,14
45,25,4.886000,13
45,26,4.806000,15
45,27,2.010000,16
45,28,3.674000,7
45,29,2.864000,5
45,30,2.805000,5
45,31,3.514000,6
45,32,3.087000,4
45,33,4.934000,12
45,34,5.284000,17
45,35,9.173000,21
45,36,2.617000,4
45,37,1.811000,4
45,38,3.582000,5
45,39,2.594000,5
45,40,2.431000,4
45,41,5.668000,14
45,42,2.731000,5
45,43,2.527000,4
45,44,4.024000,7
45,45,9.692000,27
45,46,5.742000,15
45,47,6.002000,13
45,48,6.425000,13
45,49,5.663000,14
45,50,5.702000,16
45,51,5.180000,15
45,52,4.153000,14
45,53,1.911000,15
45,54,1.077000,14
45,55,6.194000,14
45,56,6.947000,14
45,57,6.887000,16
45,58,6.039000,13
45,59,5.142000,13
45,60,5.046000,13
45,61,4.464000,13
45,62,2.368000,13
45,63,1.608000,13
45,64,4.779000,13
45,65,6.975000,13
45,66,6.126000,13
45,67,5.101000,13
45,68,5.457000,13
45,69,3.340000,7
45,70,4.558000,13
45,71,2.375000,4
45,72,3.206000,7
45,73,3.470000,7
45,74,4.350000,7
45,75,4.167000,7
45,76,4.610000,7
45,77,3.914000,7
45,78,1.885000,4
45,79,2.202000,4
45,80,2.031000,4
45,81,5.619000,12
45,82,4.634000,10
45,83,12.411000,31
45,84,2.478000,4
45,85,3.931000,8
45,86,2.910000,6
45,87,5.931000,12
45,88,4.362000,13
45,89,3.931000,8
45,90,2.149000,8
45,91,4.229000,12
45,92,3.634000,8
45,93,5.084000,9
45,94,5.169000,10
45,95,3.198000,7
45,96,3.648000,7
45,97,3.887000,7
45,98,4.967000,12
45,99,4.767000,15
45,100,5.785000,13
45,101,9.400000,25
45,102,9.292000,25
45,103,3.679000,6
45,104,2.927000,6
45,105,4.949000,12
45,106,5.428000,29
45,107,0.748000,5
45,108,0.562000,5
45,109,2.823000,5
45,110,10.117000,29
45,111,4.028000,6
45,112,3.132000,6
45,113,2.721000,6
45,114,5.523000,13
45,115,5.271000,13
45,116,4.123000,12
45,117,4.137000,13
45,118,3.881000,8
45,119,3.569000,7
45,120,10.120000,27
45,121,3.356000,8
45,122,4.416000,9
45,123,3.708000,8
45,124,4.073000,8
45,125,4.108000,8
45,126,3.903000,11
45,127,5.274000,13
45,128,5.273000,10
45,129,4.754000,11
45,130,3.982000,7
45,131,3.497000,7
45,132,3.189000,7
45,133,4.358000,8
45,134,3.912000,8
45,135,3.057000,7
45,136,3.876000,8
45,137,3.781000,7
45,138,3.173000,6
45,139,4.398000,8
45,140,3.346000,7
45,141,3.077000,7
45,142,3.623000,7
45,143,5.259000,12
45,144,4.472000,8
46,1,5.926000,12
46,2,5.457000,12
46,3,5.103000,12
46,4,5.468000,12
46,5,4.587000,7
46,6,6.590000,12
46,7,4.090000,9
46,8,3.321000,9
46,9,3.748000,9
46,10,3.912000,9
46,11,4.679000,9
46,12,5.459000,11
46,13,4.949000,11
46,14,6.242000,11
46,15,5.376000,13
46,16,5.324000,13
46,17,4.686000,10
46,18,3.864000,9
46,19,7.269000,16
46,20,5.167000,13
46,21,6.101000,16
46,22,6.007000,13
46,23,6.234000,14
46,24,5.781000,14
46,25,5.915000,17
46,26,4.014000,15
46,27,2.856000,17
46,28,10.575000,30
46,29,4.287000,8
46,30,10.474000,28
46,31,2.903000,5
46,32,3.265000,6
46,33,6.765000,18
46,34,5.520000,16
46,35,5.438000,20
46,36,1.545000,6
46,37,2.962000,5
46,38,2.859000,5
46,39,3.552000,6
46,40,2.274000,5
46,41,6.676000,14
46,42,3.712000,5
46,43,5.759000,8
46,44,4.173000,7
46,45,7.549000,18
46,46,6.852000,16
46,47,8.530000,18
46,48,7.296000,16
46,49,6.701000,15
46,50,5.722000,15
46,51,5.499000,13
46,52,4.726000,13
46,53,3.253000,13
46,54,2.085000,13
46,55,4.445000,11
46,56,6.560000,13
46,57,6.169000,14
46,58,7.846000,14
46,59,7.117000,14
46,60,6.082000,14
46,61,4.973000,13
46,62,3.974000,13
46,63,3.205000,13
46,64,5.731000,13
46,65,6.617000,13
46,66,6.066000,13
46,67,6.861000,13
46,68,5.841000,13
46,69,3.390000,7
46,70,5.531000,13
46,71,2.079000,4
46,72,2.257000,6
46,73,4.183000,7
46,74,3.587000,7
46,75,3.267000,7
46,76,3.926000,7
46,77,2.710000,4
46,78,3.023000,4
46,79,3.160000,4
46,80,2.194000,4
46,81,6.274000,13
46,82,5.402000,10
46,83,5.424000,13
46,84,2.718000,4
46,85,2.539000,4
46,86,3.303000,6
46,87,3.678000,6
46,88,5.924000,13
46,89,6.511000,19
46,90,7.145000,27
46,91,5.688000,13
46,92,4.862000,8
46,93,9.991000,27
46,94,11.812000,30
46,95,4.549000,8
46,96,4.023000,8
46,97,3.978000,8
46,98,3.773000,14
46,99,2.501000,14
46,100,6.597000,15
46,101,6.410000,15
46,102,7.527000,14
46,103,10.984000,24
46,104,3.657000,6
46,105,4.474000,11
46,106,4.050000,10
46,107,7.303000,29
46,108,1.846000,29
46,109,10.691000,29
46,110,5.033000,11
46,111,3.693000,6
46,112,10.521000,24
46,113,8.154000,24
46,114,4.953000,14
46,115,4.464000,12
46,116,3.224000,15
46,117,1.317000,12
46,118,12.071000,28
46,119,14.615000,28
46,120,7.428000,15
46,121,4.235000,9
46,122,4.033000,9
46,123,6.006000,9
46,124,4.071000,27
46,125,0.767000,21
46,126,0.515000,20
46,127,6.530000,14
46,128,6.219000,11
46,129,3.629000,7
46,130,5.770000,7
46,131,4.329000,7
46,132,3.815000,7
46,133,4.047000,8
46,134,4.701000,10
46,135,3.220000,7
46,136,4.062000,7
46,137,4.107000,8
46,138,2.695000,6
46,139,5.011000,8
46,140,4.063000,7
46,141,4.979000,7
46,142,4.088000,7
46,143,5.724000,12
46,144,4.061000,8
47,1,5.153000,12
47,2,5.857000,12
47,3,5.290000,12
47,4,4.424000,12
47,5,3.632000,7
47,6,9.128000,19
47,7,5.403000,12
47,8,4.215000,9
47,9,3.021000,9
47,10,3.929000,9
47,11,3.717000,9
47,12,4.536000,11
47,13,5.157000,11
47,14,4.578000,11
47,15,5.574000,13
47,16,5.781000,13
47,17,7.140000,14
47,18,6.316000,14
47,19,4.935000,13
47,20,5.847000,13
47,21,5.945000,14
47,22,5.076000,13
47,23,5.528000,13
47,24,8.031000,17
47,25,6.416000,14
47,26,4.970000,14
47,27,3.839000,17
47,28,5.637000,16
47,29,9.597000,28
47,30,6.047000,16
47,31,2.912000,7
47,32,2.902000,5
47,33,8.572000,20
47,34,8.691000,21
47,35,6.441000,24
47,36,0.811000,4
47,37,2.751000,5
47,38,7.176000,18
47,39,2.384000,4
47,40,3.008000,6
47,41,10.500000,22
47,42,3.911000,7
47,43,12.342000,30
47,44,7.484000,29
47,45,2.577000,19
47,46,5.974000,16
47,47,7.031000,17
47,48,7.917000,19
47,49,7.620000,17
47,50,6.787000,13
47,51,6.099000,14
47,52,4.490000,11
47,53,4.071000,14
47,54,2.304000,14
47,55,4.854000,13
47,56,6.725000,14
47,57,6.258000,14
47,58,5.397000,14
47,59,6.000000,14
47,60,6.806000,13
47,61,5.716000,13
47,62,5.113000,13
47,63,3.682000,13
47,64,5.509000,13
47,65,5.770000,13
47,66,5.334000,13
47,67,5.760000,13
47,68,5.815000,13
47,69,3.125000,7
47,70,6.715000,13
47,71,2.036000,4
47,72,3.250000,7
47,73,3.508000,7
47,74,2.752000,6
47,75,3.677000,7
47,76,3.799000,7
47,77,2.793000,4
47,78,2.599000,4
47,79,1.971000,4
47,80,2.145000,4
47,81,5.373000,13
47,82,4.934000,11
47,83,5.865000,13
47,84,2.103000,4
47,85,2.247000,4
47,86,3.892000,6
47,87,3.727000,6
47,88,5.853000,13
47,89,4.933000,12
47,90,5.681000,13
47,91,4.557000,9
47,92,6.689000,21
47,93,5.620000,14
47,94,7.838000,20
47,95,11.486000,28
47,96,5.115000,9
47,97,4.224000,8
47,98,3.905000,13
47,99,2.410000,13
47,100,5.975000,14
47,101,5.589000,13
47,102,5.408000,13
47,103,5.010000,11
47,104,3.572000,7
47,105,5.590000,11
47,106,4.998000,11
47,107,4.957000,11
47,108,4.041000,12
47,109,5.654000,12
47,110,5.226000,11
47,111,3.500000,6
47,112,5.136000,12
47,113,4.108000,9
47,114,6.045000,14
47,115,7.845000,16
47,116,5.828000,15
47,117,4.862000,14
47,118,5.402000,14
47,119,6.173000,15
47,120,6.418000,17
47,121,9.552000,26
47,122,11.216000,28
47,123,9.555000,29
47,124,2.191000,9
47,125,1.822000,12
47,126,0.797000,12
47,127,3.958000,8
47,128,6.528000,13
47,129,2.923000,6
47,130,4.053000,8
47,131,4.548000,7
47,132,4.725000,7
47,133,4.550000,7
47,134,4.208000,10
47,135,3.317000,7
47,136,4.120000,8
47,137,3.196000,8
47,138,3.182000,6
47,139,3.896000,8
47,140,3.792000,7
47,141,3.061000,7
47,142,3.860000,7
47,143,5.831000,11
47,144,4.389000,8
48,1,4.983000,12
48,2,4.382000,12
48,3,5.397000,12
48,4,5.481000,12
48,5,5.768000,11
48,6,4.910000,14
48,7,5.347000,12
48,8,3.162000,9
48,9,2.734000,9
48,10,4.718000,9
48,11,3.260000,9
48,12,4.588000,11
48,13,5.253000,11
48,14,7.038000,12
48,15,7.076000,13
48,16,6.046000,13
48,17,4.280000,13
48,18,3.596000,14
48,19,6.407000,13
48,20,5.613000,13
48,21,5.896000,13
48,22,7.091000,14
48,23,6.311000,11
48,24,6.735000,16
48,25,4.187000,13
48,26,3.327000,15
48,27,1.607000,19
48,28,7.098000,16
48,29,6.502000,17
48,30,6.011000,14
48,31,4.089000,7
48,32,3.081000,4
48,33,7.551000,20
48,34,6.622000,22
48,35,4.005000,23
48,36,0.571000,4
48,37,1.709000,4
48,38,4.383000,8
48,39,3.568000,5
48,40,2.954000,5
48,41,10.258000,23
48,42,12.182000,30
48,43,6.933000,19
48,44,5.090000,20
48,45,2.157000,18
48,46,6.721000,15
48,47,6.911000,16
48,48,8.429000,20
48,49,6.010000,12
48,50,5.336000,12
48,51,6.490000,15
48,52,3.884000,13
48,53,3.285000,13
48,54,2.009000,14
48,55,6.398000,13
48,56,5.349000,14
48,57,5.720000,14
48,58,7.114000,14
48,59,5.241000,13
48,60,6.092000,13
48,61,3.976000,13
48,62,3.864000,13
48,63,2.816000,13
48,64,6.247000,13
48,65,6.499000,13
48,66,5.099000,13
48,67,6.304000,13
48,68,6.765000,13
48,69,2.150000,4
48,70,5.956000,13
48,71,1.621000,4
48,72,2.355000,7
48,73,3.732000,6
48,74,2.945000,6
48,75,3.753000,6
48,76,2.559000,4
48,77,2.309000,4
48,78,2.459000,4
48,79,2.525000,4
48,80,2.723000,4
48,81,6.740000,13
48,82,4.207000,10
48,83,4.836000,13
48,84,3.017000,4
48,85,2.099000,4
48,86,3.649000,7
48,87,4.465000,6
48,88,6.564000,13
48,89,3.563000,6
48,90,6.168000,13
48,91,4.864000,11
48,92,4.530000,12
48,93,5.542000,13
48,94,6.742000,14
48,95,4.853000,10
48,96,9.691000,27
48,97,4.270000,9
48,98,5.026000,15
48,99,2.343000,12
48,100,5.870000,14
48,101,5.369000,14
48,102,7.653000,16
48,103,5.454000,8
48,104,3.984000,6
48,105,5.859000,13
48,106,5.327000,12
48,107,3.520000,11
48,108,3.044000,12
48,109,4.465000,11
48,110,4.666000,11
48,111,2.892000,6
48,112,4.986000,12
48,113,6.766000,12
48,114,5.789000,14
48,115,5.803000,15
48,116,4.930000,13
48,117,3.501000,16
48,118,7.061000,14
48,119,5.686000,14
48,120,5.091000,11
48,121,6.065000,12
48,122,6.724000,13
48,123,5.294000,11
48,124,4.008000,9
48,125,3.881000,12
48,126,2.844000,9
48,127,7.220000,19
48,128,4.122000,11
48,129,3.829000,7
48,130,3.180000,7
48,131,4.088000,7
48,132,5.506000,7
48,133,4.148000,7
48,134,4.027000,8
48,135,3.218000,7
48,136,3.864000,7
48,137,3.032000,8
48,138,2.975000,6
48,139,4.044000,8
48,140,3.880000,7
48,141,3.624000,7
48,142,5.799000,7
48,143,4.802000,9
48,144,4.106000,8
49,1,7.582000,12
49,2,5.342000,12
49,3,4.969000,12
49,4,4.523000,12
49,5,5.050000,13
49,6,6.056000,14
49,7,5.622000,13
49,8,4.198000,9
49,9,4.238000,9
49,10,4.050000,9
49,11,4.193000,9
49,12,4.755000,11
49,13,6.111000,11
49,14,4.788000,12
49,15,6.039000,13
49,16,7.337000,13
49,17,4.995000,13
49,18,5.551000,14
49,19,6.347000,13
49,20,4.888000,13
49,21,5.097000,13
49,22,4.413000,13
49,23,5.552000,13
49,24,7.789000,17
49,25,5.981000,13
49,26,6.116000,17
49,27,2.768000,16
49,28,7.124000,15
49,29,6.518000,16
49,30,3.156000,8
49,31,9.294000,30
49,32,2.231000,4
49,33,10.299000,22
49,34,8.763000,22
49,35,5.488000,22
49,36,0.419000,4
49,37,2.469000,4
49,38,4.220000,9
49,39,6.575000,18
49,40,6.215000,18
49,41,11.334000,25
49,42,8.579000,20
49,43,7.061000,18
49,44,4.362000,18
49,45,0.835000,16
49,46,6.083000,14
49,47,7.906000,16
49,48,4.820000,12
49,49,5.065000,13
49,50,5.509000,13
49,51,6.286000,14
49,52,5.734000,13
49,53,4.948000,13
49,54,4.229000,14
49,55,6.083000,13
49,56,5.415000,14
49,57,5.616000,14
49,58,5.218000,14
49,59,6.730000,13
49,60,6.565000,13
49,61,5.512000,13
49,62,4.980000,13
49,63,2.630000,13
49,64,5.681000,13
49,65,5.513000,13
49,66,5.889000,13
49,67,5.613000,13
49,68,5.742000,13
49,69,2.604000,4
49,70,5.802000,13
49,71,2.864000,4
49,72,3.171000,4
49,73,4.022000,7
49,74,3.064000,4
49,75,3.837000,7
49,76,2.773000,4
49,77,2.141000,4
49,78,2.677000,4
49,79,2.264000,4
49,80,2.198000,4
49,81,6.196000,13
49,82,5.437000,11
49,83,4.817000,13
49,84,2.513000,4
49,85,2.264000,4
49,86,3.532000,7
49,87,3.598000,7
49,88,5.272000,13
49,89,3.566000,6
49,90,6.617000,13
49,91,4.888000,9
49,92,4.775000,12
49,93,5.929000,13
49,94,5.418000,14
49,95,6.439000,13
49,96,5.356000,12
49,97,11.579000,29
49,98,5.169000,14
49,99,3.068000,13
49,100,5.631000,12
49,101,6.632000,15
49,102,5.792000,14
49,103,2.825000,7
49,104,10.276000,30
49,105,6.417000,14
49,106,5.356000,13
49,107,4.755000,13
49,108,3.728000,14
49,109,6.385000,13
49,110,4.886000,13
49,111,3.286000,8
49,112,5.288000,12
49,113,5.458000,12
49,114,7.249000,14
49,115,7.325000,15
49,116,6.097000,14
49,117,4.807000,13
49,118,7.913000,17
49,119,7.207000,16
49,120,5.521000,13
49,121,3.726000,9
49,122,6.232000,13
49,123,4.733000,11
49,124,4.110000,9
49,125,6.355000,12
49,126,3.761000,10
49,127,8.134000,21
49,128,6.251000,14
49,129,3.419000,7
49,130,3.897000,8
49,131,4.221000,7
49,132,3.675000,8
49,133,3.824000,7
49,134,3.898000,8
49,135,4.537000,7
49,136,4.209000,8
49,137,3.851000,8
49,138,2.909000,6
49,139,3.844000,8
49,140,4.488000,7
49,141,3.489000,7
49,142,3.920000,7
49,143,4.878000,10
49,144,4.764000,8
50,1,6.200000,12
50,2,6.743000,12
50,3,6.302000,12
50,4,5.311000,12
50,5,6.361000,13
50,6,5.580000,13
50,7,5.474000,12
50,8,3.730000,9
50,9,2.712000,9
50,10,4.852000,9
50,11,5.417000,9
50,12,7.287000,11
50,13,6.784000,11
50,14,6.523000,12
50,15,5.451000,13
50,16,5.738000,13
50,17,4.979000,13
50,18,3.653000,14
50,19,5.781000,13
50,20,5.967000,13
50,21,6.631000,13
50,22,6.656000,13
50,23,6.592000,13
50,24,6.908000,16
50,25,5.235000,14
50,26,5.694000,15
50,27,2.864000,14
50,28,6.575000,12
50,29,9.731000,20
50,30,8.318000,17
50,31,7.468000,15
50,32,2.474000,4
50,33,8.197000,22
50,34,5.514000,17
50,35,4.605000,20
50,36,0.282000,4
50,37,2.077000,4
50,38,4.485000,9
50,39,6.200000,9
50,40,5.763000,11
50,41,11.207000,20
50,42,4.866000,11
50,43,6.703000,17
50,44,5.665000,17
50,45,4.055000,16
50,46,6.231000,14
50,47,7.300000,12
50,48,6.706000,12
50,49,6.806000,13
50,50,6.790000,13
50,51,5.574000,14
50,52,4.557000,13
50,53,4.245000,13
50,54,3.300000,14
50,55,5.916000,13
50,56,7.616000,14
50,57,7.709000,14
50,58,6.637000,14
50,59,6.749000,14
50,60,5.579000,13
50,61,5.708000,13
50,62,3.978000,13
50,63,2.909000,13
50,64,6.567000,13
50,65,6.706000,13
50,66,7.334000,13
50,67,11.055000,13
50,68,6.186000,13
50,69,2.431000,4
50,70,5.192000,13
50,71,2.288000,4
50,72,1.644000,4
50,73,2.658000,4
50,74,3.533000,4
50,75,2.237000,4
50,76,4.815000,4
50,77,2.976000,4
50,78,3.417000,4
50,79,2.536000,4
50,80,3.457000,4
50,81,6.164000,13
50,82,5.142000,10
50,83,7.252000,13
50,84,2.951000,4
50,85,3.019000,4
50,86,4.593000,6
50,87,4.775000,7
50,88,5.651000,13
50,89,3.083000,6
50,90,5.366000,13
50,91,5.699000,11
50,92,5.995000,12
50,93,7.271000,13
50,94,7.617000,14
50,95,7.208000,13
50,96,5.166000,13
50,97,4.023000,13
50,98,3.353000,12
50,99,3.038000,16
50,100,6.200000,14
50,101,7.473000,15
50,102,7.913000,13
50,103,6.093000,12
50,104,7.197000,15
50,105,5.404000,13
50,106,4.348000,13
50,107,4.050000,15
50,108,2.770000,13
50,109,5.802000,11
50,110,5.846000,12
50,111,4.126000,6
50,112,6.135000,12
50,113,6.069000,11
50,114,9.665000,22
50,115,6.103000,15
50,116,4.614000,14
50,117,3.584000,16
50,118,6.888000,15
50,119,7.345000,13
50,120,6.779000,13
50,121,4.945000,9
50,122,5.989000,13
50,123,5.516000,11
50,124,4.274000,9
50,125,3.557000,12
50,126,3.119000,13
50,127,6.212000,13
50,128,7.444000,14
50,129,5.086000,7
50,130,6.203000,10
50,131,3.750000,7
50,132,3.475000,7
50,133,3.284000,7
50,134,3.738000,7
50,135,3.158000,7
50,136,3.455000,7
50,137,4.461000,8
50,138,3.739000,6
50,139,4.207000,8
50,140,4.608000,7
50,141,5.470000,7
50,142,5.285000,7
50,143,4.261000,9
50,144,4.097000,8
51,1,5.236000,12
51,2,5.121000,12
51,3,5.812000,12
51,4,5.045000,12
51,5,5.132000,13
51,6,5.051000,12
51,7,7.265000,11
51,8,4.131000,9
51,9,3.383000,9
51,10,5.135000,12
51,11,4.425000,11
51,12,4.247000,11
51,13,6.478000,13
51,14,5.012000,13
51,15,6.604000,14
51,16,6.678000,13
51,17,6.837000,14
51,18,3.670000,12
51,19,5.572000,12
51,20,5.286000,11
51,21,4.372000,10
51,22,5.576000,10
51,23,4.296000,10
51,24,7.082000,13
51,25,7.075000,13
51,26,4.702000,10
51,27,4.716000,16
51,28,6.588000,17
51,29,7.701000,17
51,30,8.342000,22
51,31,7.690000,19
51,32,2.969000,5
51,33,8.636000,19
51,34,4.670000,21
51,35,1.494000,19
51,36,0.135000,4
51,37,2.408000,4
51,38,4.801000,10
51,39,4.875000,10
51,40,4.017000,10
51,41,9.698000,23
51,42,9.195000,21
51,43,8.613000,19
51,44,5.426000,17
51,45,1.941000,16
51,46,4.344000,11
51,47,5.360000,13
51,48,4.395000,10
51,49,4.452000,11
51,50,4.943000,11
51,51,4.249000,11
51,52,5.599000,10
51,53,6.155000,11
51,54,5.032000,11
51,55,3.930000,9
51,56,5.524000,14
51,57,4.954000,13
51,58,6.005000,14
51,59,4.696000,13
51,60,6.539000,14
51,61,6.762000,14
51,62,5.402000,14
51,63,2.636000,14
51,64,5.843000,14
51,65,6.198000,14
51,66,6.588000,14
51,67,5.344000,14
51,68,5.520000,14
51,69,2.726000,4
51,70,8.219000,14
51,71,2.222000,4
51,72,3.025000,4
51,73,2.139000,4
51,74,1.959000,4
51,75,2.438000,4
51,76,2.457000,4
51,77,2.138000,4
51,78,2.787000,4
51,79,2.134000,4
51,80,3.067000,4
51,81,5.242000,13
51,82,5.124000,10
51,83,4.982000,13
51,84,2.378000,4
51,85,2.800000,4
51,86,2.602000,4
51,87,3.656000,7
51,88,5.933000,13
51,89,3.971000,7
51,90,6.533000,13
51,91,4.796000,9
51,92,5.359000,13
51,93,5.702000,13
51,94,5.678000,14
51,95,5.049000,13
51,96,7.415000,14
51,97,6.877000,14
51,98,5.108000,13
51,99,3.356000,12
51,100,6.877000,15
51,101,6.677000,16
51,102,7.715000,18
51,103,5.302000,13
51,104,6.029000,12
51,105,7.885000,13
51,106,5.065000,14
51,107,3.367000,13
51,108,1.697000,15
51,109,6.159000,15
51,110,5.344000,14
51,111,9.494000,26
51,112,4.284000,9
51,113,5.615000,12
51,114,10.018000,19
51,115,5.924000,18
51,116,3.504000,21
51,117,1.152000,13
51,118,5.582000,14
51,119,5.987000,13
51,120,4.878000,14
51,121,3.687000,9
51,122,5.162000,13
51,123,6.266000,13
51,124,3.813000,9
51,125,5.949000,13
51,126,4.823000,12
51,127,5.415000,13
51,128,6.408000,14
51,129,5.318000,11
51,130,4.615000,10
51,131,3.076000,7
51,132,3.547000,8
51,133,4.949000,10
51,134,4.898000,9
51,135,5.088000,8
51,136,4.423000,9
51,137,3.945000,9
51,138,6.330000,7
51,139,4.366000,9
51,140,3.999000,7
51,141,2.931000,7
51,142,3.366000,7
51,143,5.518000,10
51,144,4.903000,8
52,1,4.758000,12
52,2,4.987000,12
52,3,4.684000,12
52,4,6.227000,12
52,5,6.005000,13
52,6,5.135000,12
52,7,4.226000,11
52,8,3.935000,9
52,9,3.582000,9
52,10,5.073000,11
52,11,5.112000,11
52,12,4.883000,11
52,13,5.931000,13
52,14,5.570000,13
52,15,6.697000,14
52,16,5.242000,13
52,17,4.945000,14
52,18,3.205000,12
52,19,5.424000,12
52,20,4.788000,11
52,21,4.506000,10
52,22,5.787000,10
52,23,5.264000,10
52,24,5.177000,10
52,25,5.976000,13
52,26,4.004000,10
52,27,3.706000,11
52,28,4.559000,10
52,29,7.027000,15
52,30,8.029000,20
52,31,8.332000,21
52,32,2.862000,5
52,33,6.654000,18
52,34,4.356000,15
52,35,2.816000,19
52,36,0.446000,4
52,37,2.592000,4
52,38,6.000000,17
52,39,3.099000,6
52,40,2.432000,7
52,41,9.043000,22
52,42,7.501000,20
52,43,7.711000,20
52,44,4.664000,13
52,45,2.359000,10
52,46,5.071000,10
52,47,5.105000,12
52,48,4.031000,10
52,49,5.675000,11
52,50,6.040000,11
52,51,4.349000,10
52,52,5.208000,11
52,53,4.284000,11
52,54,4.656000,11
52,55,3.793000,9
52,56,3.523000,9
52,57,5.791000,13
52,58,7.093000,14
52,59,5.618000,13
52,60,5.936000,14
52,61,5.330000,14
52,62,5.806000,14
52,63,3.533000,14
52,64,5.788000,14
52,65,6.511000,14
52,66,7.523000,14
52,67,5.588000,14
52,68,5.746000,14
52,69,1.794000,4
52,70,5.156000,14
52,71,2.699000,4
52,72,2.078000,4
52,73,2.519000,4
52,74,2.505000,4
52,75,2.004000,4
52,76,2.550000,4
52,77,2.218000,4
52,78,2.294000,4
52,79,2.529000,4
52,80,3.722000,4
52,81,5.256000,13
52,82,4.580000,11
52,83,4.860000,13
52,84,2.236000,4
52,85,2.017000,4
52,86,2.239000,4
52,87,4.491000,7
52,88,6.440000,13
52,89,3.262000,7
52,90,5.390000,13
52,91,5.065000,11
52,92,5.493000,13
52,93,5.209000,13
52,94,6.408000,14
52,95,5.957000,14
52,96,6.646000,14
52,97,4.981000,14
52,98,4.540000,13
52,99,2.635000,13
52,100,4.190000,10
52,101,7.945000,17
52,102,8.739000,22
52,103,6.805000,14
52,104,5.352000,13
52,105,5.447000,13
52,106,4.487000,12
52,107,3.811000,15
52,108,1.269000,15
52,109,5.068000,12
52,110,5.869000,16
52,111,7.105000,15
52,112,4.371000,8
52,113,5.638000,14
52,114,7.176000,18
52,115,6.576000,16
52,116,2.760000,14
52,117,1.132000,13
52,118,6.410000,14
52,119,5.174000,13
52,120,6.385000,14
52,121,4.289000,9
52,122,5.188000,13
52,123,5.606000,13
52,124,3.604000,9
52,125,4.042000,13
52,126,2.255000,12
52,127,5.071000,10
52,128,7.268000,21
52,129,7.864000,22
52,130,4.186000,7
52,131,4.625000,7
52,132,3.762000,7
52,133,3.262000,7
52,134,3.625000,9
52,135,4.111000,9
52,136,3.828000,9
52,137,4.229000,9
52,138,2.687000,6
52,139,3.831000,9
52,140,4.287000,7
52,141,3.862000,7
52,142,4.285000,7
52,143,5.338000,11
52,144,3.867000,8
53,1,5.696000,12
53,2,4.897000,12
53,3,5.033000,12
53,4,4.867000,12
53,5,5.001000,12
53,6,6.104000,14
53,7,4.862000,12
53,8,3.702000,9
53,9,2.864000,9
53,10,5.454000,11
53,11,5.309000,11
53,12,5.048000,11
53,13,5.377000,13
53,14,5.710000,13
53,15,5.156000,14
53,16,4.885000,13
53,17,5.258000,14
53,18,3.363000,12
53,19,5.894000,12
53,20,4.864000,11
53,21,4.581000,10
53,22,4.617000,10
53,23,4.522000,10
53,24,4.298000,10
53,25,6.208000,13
53,26,4.058000,10
53,27,3.520000,10
53,28,4.914000,10
53,29,5.228000,14
53,30,6.197000,15
53,31,7.610000,20
53,32,3.288000,5
53,33,6.277000,18
53,34,3.216000,7
53,35,7.005000,19
53,36,1.419000,4
53,37,2.266000,4
53,38,3.156000,7
53,39,3.583000,6
53,40,3.024000,6
53,41,8.613000,21
53,42,7.926000,22
53,43,6.177000,14
53,44,4.096000,10
53,45,4.762000,13
53,46,6.717000,13
53,47,6.203000,12
53,48,4.516000,10
53,49,5.242000,11
53,50,6.232000,11
53,51,5.087000,10
53,52,4.752000,11
53,53,4.069000,11
53,54,2.827000,11
53,55,4.262000,9
53,56,5.304000,14
53,57,5.383000,13
53,58,6.136000,14
53,59,5.265000,13
53,60,6.408000,14
53,61,5.355000,14
53,62,4.221000,14
53,63,1.983000,14
53,64,7.034000,14
53,65,5.471000,14
53,66,5.888000,14
53,67,5.394000,14
53,68,6.444000,14
53,69,1.711000,4
53,70,5.711000,14
53,71,2.164000,4
53,72,1.587000,4
53,73,2.771000,4
53,74,2.833000,4
53,75,2.100000,4
53,76,2.864000,4
53,77,2.527000,4
53,78,2.007000,4
53,79,2.490000,4
53,80,2.575000,4
53,81,5.178000,13
53,82,4.909000,9
53,83,5.215000,13
53,84,2.764000,4
53,85,2.655000,4
53,86,2.144000,4
53,87,4.383000,7
53,88,5.278000,13
53,89,2.995000,7
53,90,8.332000,13
53,91,4.828000,9
53,92,4.888000,13
53,93,5.886000,13
53,94,5.465000,14
53,95,5.323000,14
53,96,5.607000,14
53,97,5.387000,14
53,98,3.837000,13
53,99,1.556000,13
53,100,6.755000,14
53,101,5.913000,13
53,102,5.352000,14
53,103,5.759000,14
53,104,4.843000,14
53,105,4.882000,12
53,106,5.370000,14
53,107,4.522000,12
53,108,2.422000,12
53,109,5.896000,13
53,110,5.321000,12
53,111,4.926000,12
53,112,3.339000,8
53,113,5.365000,12
53,114,6.152000,16
53,115,4.911000,12
53,116,5.585000,14
53,117,3.432000,13
53,118,6.517000,14
53,119,5.563000,13
53,120,5.735000,14
53,121,4.998000,9
53,122,5.321000,13
53,123,5.197000,13
53,124,3.318000,9
53,125,4.994000,13
53,126,2.338000,12
53,127,5.899000,14
53,128,5.832000,13
53,129,5.674000,17
53,130,3.778000,7
53,131,4.215000,7
53,132,4.059000,7
53,133,3.426000,9
53,134,4.341000,9
53,135,3.816000,9
53,136,4.524000,9
53,137,3.362000,9
53,138,3.757000,7
53,139,3.586000,9
53,140,3.257000,7
53,141,3.904000,7
53,142,3.384000,7
53,143,4.507000,10
53,144,3.901000,8
54,1,5.721000,12
54,2,4.759000,12
54,3,4.483000,12
54,4,4.310000,12
54,5,5.019000,12
54,6,4.700000,10
54,7,4.190000,13
54,8,3.600000,9
54,9,4.164000,9
54,10,4.610000,11
54,11,5.156000,11
54,12,5.403000,11
54,13,5.748000,13
54,14,5.361000,13
54,15,5.994000,14
54,16,4.855000,13
54,17,5.655000,14
54,18,2.847000,12
54,19,5.334000,12
54,20,5.331000,11
54,21,4.526000,10
54,22,5.043000,10
54,23,4.357000,10
54,24,4.392000,10
54,25,5.166000,13
54,26,4.442000,10
54,27,4.627000,10
54,28,4.617000,10
54,29,6.600000,16
54,30,5.101000,11
54,31,4.089000,9
54,32,2.865000,5
54,33,3.232000,7
54,34,3.628000,8
54,35,8.160000,24
54,36,3.376000,4
54,37,2.455000,4
54,38,4.346000,7
54,39,3.745000,6
54,40,2.992000,6
54,41,8.288000,23
54,42,6.024000,15
54,43,4.957000,14
54,44,5.914000,13
54,45,5.438000,13
54,46,7.155000,13
54,47,5.634000,12
54,48,3.881000,10
54,49,4.855000,11
54,50,4.220000,11
54,51,4.099000,10
54,52,4.364000,11
54,53,4.926000,11
54,54,3.092000,11
54,55,4.745000,9
54,56,3.785000,9
54,57,6.275000,13
54,58,5.924000,14
54,59,5.810000,13
54,60,5.713000,14
54,61,4.816000,14
54,62,6.109000,14
54,63,3.150000,14
54,64,7.156000,14
54,65,6.682000,14
54,66,5.471000,14
54,67,6.273000,14
54,68,5.501000,14
54,69,2.540000,4
54,70,5.261000,14
54,71,2.503000,4
54,72,1.915000,4
54,73,2.777000,4
54,74,3.276000,4
54,75,2.536000,4
54,76,2.469000,4
54,77,2.341000,4
54,78,2.121000,4
54,79,1.973000,4
54,80,2.666000,4
54,81,6.006000,13
54,82,5.276000,11
54,83,5.960000,13
54,84,2.566000,4
54,85,2.330000,4
54,86,2.259000,4
54,87,3.732000,7
54,88,4.709000,13
54,89,3.770000,7
54,90,5.366000,13
54,91,5.349000,11
54,92,5.104000,13
54,93,5.104000,13
54,94,5.509000,14
54,95,5.403000,14
54,96,5.409000,14
54,97,5.817000,14
54,98,2.515000,13
54,99,1.011000,13
54,100,6.726000,14
54,101,5.422000,15
54,102,6.023000,15
54,103,7.738000,20
54,104,5.723000,14
54,105,4.732000,13
54,106,6.825000,13
54,107,2.900000,13
54,108,1.241000,13
54,109,6.163000,13
54,110,5.355000,13
54,111,4.723000,12
54,112,2.927000,7
54,113,4.376000,11
54,114,6.337000,16
54,115,4.722000,12
54,116,5.873000,14
54,117,4.657000,13
54,118,6.231000,14
54,119,5.948000,13
54,120,6.261000,14
54,121,3.581000,9
54,122,4.813000,13
54,123,5.798000,13
54,124,3.931000,9
54,125,5.872000,13
54,126,3.043000,12
54,127,6.089000,13
54,128,6.906000,21
54,129,6.561000,19
54,130,3.997000,10
54,131,3.629000,7
54,132,3.493000,7
54,133,3.682000,8
54,134,3.879000,9
54,135,4.450000,8
54,136,4.523000,9
54,137,4.300000,9
54,138,3.456000,6
54,139,4.139000,8
54,140,3.642000,7
54,141,3.798000,7
54,142,4.283000,12
54,143,4.007000,9
54,144,5.380000,8
55,1,6.054000,12
55,2,4.324000,12
55,3,4.818000,12
55,4,5.567000,12
55,5,4.137000,12
55,6,3.376000,10
55,7,6.351000,16
55,8,4.140000,9
55,9,2.864000,9
55,10,5.489000,11
55,11,4.391000,11
55,12,5.081000,11
55,13,5.846000,13
55,14,4.166000,13
55,15,4.269000,14
55,16,5.003000,13
55,17,4.973000,14
55,18,3.508000,12
55,19,6.316000,12
55,20,5.791000,11
55,21,5.072000,10
55,22,4.889000,10
55,23,3.759000,10
55,24,2.297000,10
55,25,5.038000,13
55,26,4.699000,10
55,27,3.912000,11
55,28,4.867000,10
55,29,6.162000,16
55,30,6.040000,15
55,31,5.678000,13
55,32,2.426000,5
55,33,2.091000,7
55,34,1.842000,7
55,35,7.287000,17
55,36,1.688000,4
55,37,2.697000,4
55,38,3.732000,7
55,39,4.130000,7
55,40,4.013000,7
55,41,8.781000,24
55,42,4.331000,14
55,43,5.494000,14
55,44,4.949000,10
55,45,4.348000,13
55,46,6.415000,13
55,47,6.127000,12
55,48,3.966000,10
55,49,5.161000,11
55,50,3.667000,11
55,51,2.965000,10
55,52,3.745000,11
55,53,4.874000,11
55,54,4.629000,11
55,55,4.727000,9
55,56,5.416000,14
55,57,5.320000,13
55,58,6.197000,14
55,59,4.498000,13
55,60,4.164000,14
55,61,6.164000,14
55,62,5.074000,14
55,63,2.292000,14
55,64,6.733000,14
55,65,6.588000,14
55,66,5.856000,14
55,67,5.037000,14
55,68,4.744000,14
55,69,1.311000,4
55,70,6.156000,14
55,71,2.252000,4
55,72,2.467000,4
55,73,2.380000,4
55,74,2.869000,4
55,75,3.062000,4
55,76,2.246000,4
55,77,2.255000,4
55,78,2.439000,4
55,79,2.784000,4
55,80,2.973000,4
55,81,4.256000,13
55,82,4.072000,9
55,83,6.432000,13
55,84,2.337000,4
55,85,2.846000,4
55,86,3.009000,4
55,87,3.851000,7
55,88,4.058000,13
55,89,3.011000,7
55,90,5.324000,13
55,91,4.759000,9
55,92,5.166000,13
55,93,4.945000,13
55,94,7.107000,14
55,95,3.716000,14
55,96,3.708000,14
55,97,6.143000,14
55,98,4.232000,13
55,99,1.668000,13
55,100,6.382000,14
55,101,5.831000,15
55,102,5.461000,13
55,103,5.004000,15
55,104,3.143000,12
55,105,5.903000,13
55,106,4.990000,13
55,107,2.530000,14
55,108,0.391000,14
55,109,6.043000,13
55,110,4.802000,13
55,111,4.589000,11
55,112,4.971000,8
55,113,4.478000,13
55,114,3.753000,15
55,115,4.752000,12
55,116,6.378000,14
55,117,4.172000,13
55,118,6.413000,14
55,119,6.123000,13
55,120,5.497000,14
55,121,3.903000,9
55,122,4.063000,13
55,123,3.435000,13
55,124,4.461000,9
55,125,4.844000,13
55,126,3.537000,12
55,127,5.770000,13
55,128,5.330000,12
55,129,8.902000,22
55,130,4.264000,12
55,131,2.021000,7
55,132,2.428000,7
55,133,3.266000,7
55,134,3.916000,8
55,135,4.091000,7
55,136,5.054000,8
55,137,3.711000,8
55,138,2.926000,6
55,139,3.299000,8
55,140,4.081000,7
55,141,3.726000,7
55,142,2.749000,7
55,143,3.016000,10
55,144,3.031000,8
56,1,6.096000,12
56,2,4.528000,12
56,3,5.175000,12
56,4,5.167000,12
56,5,5.704000,13
56,6,4.365000,13
56,7,4.872000,13
56,8,3.714000,11
56,9,3.523000,11
56,10,6.074000,12
56,11,5.541000,12
56,12,7.289000,13
56,13,5.876000,14
56,14,5.997000,14
56,15,5.295000,15
56,16,6.139000,15
56,17,2.210000,9
56,18,1.122000,11
56,19,6.063000,10
56,20,4.339000,10
56,21,5.356000,11
56,22,5.051000,10
56,23,5.386000,13
56,24,3.828000,11
56,25,4.400000,11
56,26,4.152000,10
56,27,3.811000,11
56,28,6.076000,11
56,29,6.396000,14
56,30,7.212000,14
56,31,7.728000,19
56,32,8.900000,30
56,33,3.524000,7
56,34,2.212000,7
56,35,1.353000,21
56,36,0.136000,4
56,37,2.432000,4
56,38,4.237000,7
56,39,3.634000,7
56,40,3.484000,7
56,41,10.958000,23
56,42,5.303000,14
56,43,4.087000,13
56,44,5.028000,12
56,45,3.253000,10
56,46,5.042000,10
56,47,5.183000,11
56,48,5.557000,11
56,49,6.522000,13
56,50,4.715000,10
56,51,3.797000,10
56,52,3.358000,10
56,53,4.486000,10
56,54,3.889000,10
56,55,4.669000,9
56,56,4.715000,9
56,57,4.468000,9
56,58,4.891000,9
56,59,6.086000,13
56,60,5.400000,14
56,61,4.209000,14
56,62,6.064000,14
56,63,3.429000,14
56,64,6.792000,14
56,65,6.348000,14
56,66,7.338000,14
56,67,6.129000,14
56,68,4.336000,14
56,69,2.125000,4
56,70,4.833000,14
56,71,1.830000,4
56,72,1.190000,4
56,73,2.046000,4
56,74,3.977000,4
56,75,2.858000,4
56,76,2.317000,4
56,77,2.736000,4
56,78,3.320000,4
56,79,2.562000,4
56,80,2.768000,4
56,81,5.745000,13
56,82,6.068000,10
56,83,5.501000,13
56,84,2.162000,4
56,85,3.534000,4
56,86,2.519000,4
56,87,3.148000,7
56,88,6.214000,13
56,89,2.280000,7
56,90,5.146000,13
56,91,5.040000,11
56,92,5.938000,13
56,93,6.664000,14
56,94,5.108000,12
56,95,5.897000,14
56,96,3.944000,14
56,97,5.637000,14
56,98,4.897000,14
56,99,2.184000,14
56,100,7.176000,14
56,101,4.300000,9
56,102,7.640000,15
56,103,7.099000,18
56,104,5.088000,14
56,105,5.360000,13
56,106,4.137000,13
56,107,3.883000,14
56,108,1.207000,14
56,109,6.438000,13
56,110,5.955000,14
56,111,5.950000,11
56,112,6.026000,13
56,113,5.939000,16
56,114,3.622000,12
56,115,3.476000,9
56,116,4.504000,13
56,117,2.235000,9
56,118,5.436000,8
56,119,5.529000,13
56,120,6.862000,14
56,121,4.354000,9
56,122,6.190000,14
56,123,3.800000,13
56,124,4.177000,9
56,125,4.633000,14
56,126,3.261000,13
56,127,5.522000,11
56,128,5.955000,13
56,129,6.912000,16
56,130,5.690000,12
56,131,3.843000,11
56,132,3.255000,9
56,133,3.468000,7
56,134,3.363000,9
56,135,3.502000,9
56,136,5.032000,9
56,137,5.524000,9
56,138,4.746000,7
56,139,4.562000,9
56,140,3.598000,7
56,141,3.074000,8
56,142,2.682000,7
56,143,5.157000,13
56,144,3.911000,8
57,1,5.748000,12
57,2,5.227000,12
57,3,6.023000,12
57,4,4.868000,12
57,5,4.781000,13
57,6,4.225000,10
57,7,6.192000,16
57,8,3.654000,11
57,9,2.651000,11
57,10,4.791000,12
57,11,5.926000,12
57,12,6.471000,13
57,13,5.940000,14
57,14,6.346000,14
57,15,4.864000,15
57,16,4.412000,15
57,17,3.388000,14
57,18,1.634000,11
57,19,4.038000,10
57,20,5.120000,10
57,21,4.850000,11
57,22,4.703000,10
57,23,5.132000,13
57,24,4.955000,11
57,25,4.236000,10
57,26,4.277000,10
57,27,3.343000,11
57,28,4.426000,11
57,29,5.891000,14
57,30,6.728000,14
57,31,7.051000,19
57,32,4.915000,11
57,33,3.475000,7
57,34,2.990000,7
57,35,7.547000,19
57,36,0.598000,4
57,37,2.123000,4
57,38,4.122000,7
57,39,3.833000,7
57,40,8.574000,23
57,41,8.702000,21
57,42,5.021000,15
57,43,4.777000,13
57,44,3.837000,12
57,45,2.419000,10
57,46,4.116000,10
57,47,4.124000,11
57,48,6.974000,13
57,49,6.138000,13
57,50,4.169000,10
57,51,4.123000,10
57,52,3.977000,10
57,53,3.499000,10
57,54,3.293000,10
57,55,3.303000,9
57,56,3.882000,9
57,57,4.440000,9
57,58,4.993000,9
57,59,4.948000,13
57,60,4.968000,14
57,61,5.560000,14
57,62,5.512000,14
57,63,4.085000,14
57,64,5.211000,14
57,65,5.784000,14
57,66,6.026000,14
57,67,5.223000,14
57,68,6.250000,14
57,69,2.297000,4
57,70,5.380000,14
57,71,1.788000,4
57,72,2.014000,4
57,73,2.421000,4
57,74,2.866000,4
57,75,2.651000,4
57,76,2.429000,4
57,77,2.224000,4
57,78,2.837000,4
57,79,2.246000,4
57,80,2.522000,4
57,81,5.816000,13
57,82,3.887000,9
57,83,5.465000,13
57,84,2.338000,4
57,85,3.010000,4
57,86,2.605000,4
57,87,3.314000,7
57,88,5.837000,13
57,89,2.863000,7
57,90,5.210000,13
57,91,4.228000,9
57,92,6.164000,13
57,93,5.082000,14
57,94,5.474000,12
57,95,5.125000,14
57,96,5.637000,14
57,97,5.303000,14
57,98,3.644000,14
57,99,2.942000,14
57,100,5.933000,14
57,101,3.957000,9
57,102,6.562000,13
57,103,5.920000,15
57,104,5.292000,13
57,105,4.819000,13
57,106,5.209000,14
57,107,3.517000,13
57,108,2.611000,14
57,109,5.749000,13
57,110,4.956000,13
57,111,5.502000,13
57,112,4.676000,11
57,113,4.560000,12
57,114,4.144000,10
57,115,3.192000,9
57,116,4.097000,13
57,117,2.015000,9
57,118,5.745000,14
57,119,5.233000,13
57,120,6.362000,14
57,121,4.417000,9
57,122,6.162000,14
57,123,4.398000,13
57,124,4.392000,9
57,125,4.318000,14
57,126,2.437000,13
57,127,5.285000,11
57,128,5.967000,15
57,129,6.519000,17
57,130,4.459000,12
57,131,4.997000,10
57,132,4.576000,10
57,133,2.910000,7
57,134,3.207000,9
57,135,2.920000,8
57,136,4.771000,9
57,137,3.489000,9
57,138,3.745000,6
57,139,3.780000,9
57,140,3.400000,7
57,141,4.340000,7
57,142,3.299000,7
57,143,4.071000,11
57,144,3.277000,8
58,1,4.505000,12
58,2,4.924000,12
58,3,4.210000,12
58,4,4.129000,12
58,5,4.142000,13
58,6,3.961000,10
58,7,5.207000,16
58,8,4.222000,11
58,9,3.958000,11
58,10,4.907000,12
58,11,5.268000,12
58,12,5.967000,13
58,13,5.535000,14
58,14,5.286000,14
58,15,5.338000,15
58,16,6.055000,15
58,17,3.248000,15
58,18,1.087000,11
58,19,3.318000,10
58,20,4.430000,10
58,21,5.530000,11
58,22,4.451000,10
58,23,4.804000,13
58,24,4.275000,11
58,25,4.018000,10
58,26,3.786000,10
58,27,4.496000,11
58,28,4.047000,11
58,29,5.242000,14
58,30,5.418000,14
58,31,7.427000,23
58,32,4.331000,10
58,33,2.977000,7
58,34,3.520000,7
58,35,6.737000,20
58,36,1.221000,4
58,37,2.047000,4
58,38,5.897000,16
58,39,2.998000,7
58,40,3.395000,7
58,41,6.981000,22
58,42,6.470000,19
58,43,4.820000,13
58,44,5.633000,12
58,45,2.800000,10
58,46,3.845000,10
58,47,5.268000,11
58,48,4.643000,11
58,49,5.341000,13
58,50,3.884000,10
58,51,4.200000,10
58,52,4.041000,10
58,53,4.023000,10
58,54,4.217000,10
58,55,3.650000,9
58,56,4.682000,9
58,57,3.494000,9
58,58,3.596000,9
58,59,5.257000,13
58,60,6.288000,14
58,61,5.095000,14
58,62,5.456000,14
58,63,1.910000,14
58,64,5.461000,14
58,65,5.899000,14
58,66,4.928000,14
58,67,4.768000,14
58,68,5.689000,14
58,69,1.505000,4
58,70,6.840000,14
58,71,2.176000,4
58,72,2.038000,4
58,73,1.849000,4
58,74,2.499000,4
58,75,2.868000,4
58,76,2.404000,4
58,77,2.065000,4
58,78,2.411000,4
58,79,2.032000,4
58,80,1.903000,4
58,81,5.175000,13
58,82,4.046000,11
58,83,5.840000,13
58,84,2.099000,4
58,85,2.270000,4
58,86,1.955000,4
58,87,3.524000,7
58,88,4.760000,13
58,89,3.041000,7
58,90,4.832000,13
58,91,4.893000,11
58,92,5.635000,13
58,93,5.448000,14
58,94,4.104000,12
58,95,5.812000,14
58,96,5.193000,14
58,97,6.678000,14
58,98,3.723000,14
58,99,1.240000,14
58,100,5.504000,14
58,101,4.308000,9
58,102,5.547000,13
58,103,5.834000,17
58,104,4.751000,13
58,105,4.268000,13
58,106,5.193000,13
58,107,4.594000,13
58,108,1.756000,13
58,109,5.513000,13
58,110,5.055000,13
58,111,4.728000,13
58,112,5.320000,11
58,113,5.383000,14
58,114,4.795000,12
58,115,3.614000,9
58,116,3.582000,13
58,117,1.199000,9
58,118,3.378000,8
58,119,5.462000,13
58,120,5.100000,14
58,121,3.367000,9
58,122,5.711000,14
58,123,5.170000,13
58,124,3.481000,9
58,125,4.906000,14
58,126,4.053000,13
58,127,4.050000,11
58,128,4.066000,8
58,129,6.161000,16
58,130,4.519000,13
58,131,4.238000,10
58,132,3.683000,10
58,133,3.264000,7
58,134,4.214000,9
58,135,4.333000,9
58,136,3.730000,9
58,137,4.878000,9
58,138,2.882000,7
58,139,4.532000,9
58,140,3.302000,7
58,141,4.738000,12
58,142,3.345000,7
58,143,5.349000,12
58,144,3.727000,8
59,1,5.075000,12
59,2,4.459000,12
59,3,4.032000,12
59,4,4.066000,12
59,5,5.771000,13
59,6,5.988000,16
59,7,5.313000,15
59,8,3.782000,11
59,9,2.714000,11
59,10,4.209000,12
59,11,4.998000,12
59,12,4.391000,13
59,13,5.367000,14
59,14,7.011000,14
59,15,5.555000,15
59,16,4.741000,15
59,17,1.914000,9
59,18,1.140000,11
59,19,3.641000,10
59,20,4.056000,10
59,21,4.762000,11
59,22,3.858000,10
59,23,4.779000,13
59,24,5.504000,11
59,25,4.159000,10
59,26,3.875000,10
59,27,3.829000,11
59,28,4.442000,11
59,29,5.383000,14
59,30,6.622000,17
59,31,7.689000,19
59,32,5.722000,10
59,33,2.788000,7
59,34,3.125000,7
59,35,5.396000,21
59,36,0.747000,4
59,37,2.135000,4
59,38,5.287000,16
59,39,4.204000,7
59,40,3.085000,7
59,41,7.537000,22
59,42,7.400000,16
59,43,4.406000,13
59,44,3.500000,12
59,45,3.259000,10
59,46,4.451000,10
59,47,4.822000,11
59,48,5.472000,13
59,49,5.775000,13
59,50,5.004000,10
59,51,4.049000,10
59,52,3.831000,10
59,53,3.431000,10
59,54,3.376000,10
59,55,3.852000,9
59,56,3.246000,9
59,57,3.162000,9
59,58,3.965000,9
59,59,4.679000,13
59,60,7.082000,14
59,61,4.857000,14
59,62,4.408000,14
59,63,3.305000,14
59,64,5.631000,14
59,65,4.737000,14
59,66,5.415000,14
59,67,5.482000,14
59,68,7.841000,14
59,69,2.363000,4
59,70,5.177000,14
59,71,1.623000,4
59,72,1.618000,4
59,73,1.986000,4
59,74,2.140000,4
59,75,1.808000,4
59,76,1.773000,4
59,77,2.313000,4
59,78,2.392000,4
59,79,2.437000,4
59,80,2.211000,4
59,81,5.689000,13
59,82,3.841000,9
59,83,4.750000,13
59,84,1.770000,4
59,85,1.826000,4
59,86,2.470000,4
59,87,2.960000,7
59,88,5.401000,13
59,89,4.836000,7
59,90,4.459000,13
59,91,4.141000,9
59,92,4.819000,13
59,93,5.692000,14
59,94,4.732000,12
59,95,6.047000,14
59,96,5.482000,14
59,97,4.999000,14
59,98,3.931000,14
59,99,2.486000,14
59,100,5.501000,14
59,101,4.580000,9
59,102,6.134000,15
59,103,4.848000,12
59,104,7.193000,13
59,105,4.648000,13
59,106,3.972000,13
59,107,3.513000,13
59,108,2.012000,13
59,109,5.335000,13
59,110,4.523000,13
59,111,5.223000,13
59,112,5.243000,14
59,113,6.198000,13
59,114,4.823000,15
59,115,3.437000,9
59,116,3.241000,13
59,117,1.908000,13
59,118,5.055000,14
59,119,4.799000,13
59,120,5.619000,14
59,121,4.465000,9
59,122,6.851000,14
59,123,5.106000,13
59,124,3.223000,9
59,125,3.797000,14
59,126,2.705000,13
59,127,4.228000,11
59,128,6.137000,15
59,129,5.790000,16
59,130,5.048000,13
59,131,5.713000,10
59,132,2.998000,7
59,133,3.018000,7
59,134,2.865000,9
59,135,2.939000,9
59,136,4.196000,9
59,137,4.012000,9
59,138,3.238000,7
59,139,3.364000,9
59,140,3.016000,7
59,141,5.532000,12
59,142,4.473000,10
59,143,3.442000,9
59,144,3.571000,8
60,1,5.177000,12
60,2,3.775000,12
60,3,4.516000,12
60,4,4.293000,12
60,5,4.016000,13
60,6,4.559000,11
60,7,5.572000,17
60,8,3.878000,11
60,9,3.190000,11
60,10,5.417000,12
60,11,4.095000,12
60,12,5.877000,13
60,13,5.168000,14
60,14,4.788000,14
60,15,5.179000,15
60,16,5.244000,15
60,17,3.585000,14
60,18,1.312000,11
60,19,4.376000,10
60,20,3.500000,10
60,21,4.579000,11
60,22,3.802000,10
60,23,5.029000,13
60,24,4.496000,11
60,25,3.491000,10
60,26,4.841000,12
60,27,3.388000,11
60,28,4.107000,11
60,29,5.511000,14
60,30,5.128000,14
60,31,7.512000,19
60,32,3.701000,10
60,33,2.789000,7
60,34,4.753000,15
60,35,5.421000,19
60,36,0.983000,4
60,37,1.982000,4
60,38,5.991000,16
60,39,3.429000,7
60,40,3.402000,7
60,41,7.263000,21
60,42,6.097000,18
60,43,5.248000,13
60,44,3.016000,12
60,45,1.508000,10
60,46,4.670000,10
60,47,5.074000,11
60,48,5.053000,11
60,49,4.375000,13
60,50,3.616000,10
60,51,3.299000,10
60,52,4.159000,10
60,53,3.991000,10
60,54,3.269000,10
60,55,4.337000,9
60,56,3.286000,9
60,57,3.010000,9
60,58,3.752000,9
60,59,4.658000,13
60,60,4.625000,14
60,61,5.544000,14
60,62,4.669000,14
60,63,3.861000,14
60,64,6.084000,14
60,65,5.027000,14
60,66,5.181000,14
60,67,6.514000,14
60,68,5.317000,14
60,69,2.093000,4
60,70,4.663000,14
60,71,1.812000,4
60,72,1.270000,4
60,73,2.008000,4
60,74,3.037000,4
60,75,2.055000,4
60,76,1.995000,4
60,77,1.728000,4
60,78,2.549000,4
60,79,2.443000,4
60,80,2.141000,4
60,81,5.415000,13
60,82,5.173000,11
60,83,4.944000,13
60,84,2.629000,4
60,85,2.355000,6
60,86,2.370000,4
60,87,3.096000,7
60,88,4.962000,13
60,89,3.178000,7
60,90,5.242000,13
60,91,5.407000,11
60,92,4.664000,13
60,93,5.286000,14
60,94,4.668000,12
60,95,4.709000,14
60,96,4.690000,14
60,97,4.384000,14
60,98,3.319000,14
60,99,0.699000,14
60,100,5.118000,14
60,101,4.498000,9
60,102,5.220000,15
60,103,5.654000,17
60,104,5.395000,13
60,105,4.381000,13
60,106,4.562000,13
60,107,3.355000,13
60,108,2.015000,13
60,109,5.405000,13
60,110,4.624000,13
60,111,4.466000,13
60,112,5.548000,15
60,113,3.677000,10
60,114,4.940000,15
60,115,3.466000,9
60,116,4.574000,13
60,117,2.380000,9
60,118,3.870000,8
60,119,5.001000,13
60,120,5.277000,14
60,121,4.120000,9
60,122,4.857000,14
60,123,4.631000,13
60,124,2.860000,9
60,125,3.938000,14
60,126,2.277000,13
60,127,4.251000,11
60,128,5.296000,13
60,129,5.542000,17
60,130,4.738000,14
60,131,4.044000,10
60,132,3.401000,7
60,133,3.017000,7
60,134,4.164000,9
60,135,2.517000,7
60,136,3.484000,7
60,137,3.499000,9
60,138,2.810000,7
60,139,3.631000,9
60,140,2.618000,7
60,141,5.173000,13
60,142,4.438000,11
60,143,4.085000,11
60,144,3.464000,8
61,1,5.118000,12
61,2,3.871000,12
61,3,3.866000,12
61,4,4.307000,12
61,5,4.698000,13
61,6,3.638000,10
61,7,5.270000,18
61,8,3.864000,11
61,9,3.823000,12
61,10,4.503000,12
61,11,4.310000,12
61,12,4.824000,13
61,13,4.832000,14
61,14,5.210000,14
61,15,5.300000,15
61,16,3.957000,13
61,17,2.466000,9
61,18,2.344000,11
61,19,3.861000,10
61,20,4.073000,10
61,21,3.575000,10
61,22,4.521000,13
61,23,4.542000,11
61,24,3.742000,11
61,25,3.803000,10
61,26,4.009000,10
61,27,2.901000,11
61,28,4.295000,12
61,29,4.304000,14
61,30,5.326000,13
61,31,6.692000,19
61,32,3.082000,8
61,33,6.281000,7
61,34,4.392000,15
61,35,4.264000,21
61,36,0.369000,4
61,37,1.722000,4
61,38,3.289000,7
61,39,3.278000,7
61,40,3.217000,8
61,41,6.794000,21
61,42,7.392000,17
61,43,4.515000,13
61,44,4.253000,13
61,45,3.639000,11
61,46,3.632000,11
61,47,4.807000,10
61,48,3.530000,10
61,49,4.201000,11
61,50,5.012000,13
61,51,3.494000,10
61,52,3.384000,10
61,53,3.864000,11
61,54,3.645000,10
61,55,3.065000,9
61,56,3.387000,9
61,57,3.403000,9
61,58,4.171000,9
61,59,3.658000,8
61,60,5.705000,14
61,61,4.432000,14
61,62,5.074000,14
61,63,4.638000,14
61,64,5.327000,14
61,65,5.235000,14
61,66,4.961000,14
61,67,5.342000,14
61,68,5.405000,14
61,69,2.210000,4
61,70,4.180000,14
61,71,1.848000,4
61,72,1.796000,4
61,73,2.230000,4
61,74,2.590000,4
61,75,1.662000,4
61,76,2.219000,4
61,77,2.038000,4
61,78,2.415000,4
61,79,2.161000,4
61,80,2.507000,4
61,81,4.800000,13
61,82,3.863000,9
61,83,4.437000,13
61,84,1.957000,5
61,85,2.513000,4
61,86,2.044000,4
61,87,2.721000,7
61,88,5.296000,13
61,89,2.854000,7
61,90,4.533000,13
61,91,2.512000,6
61,92,4.722000,13
61,93,5.201000,14
61,94,5.105000,12
61,95,4.796000,14
61,96,4.897000,14
61,97,3.373000,8
61,98,4.472000,14
61,99,3.408000,15
61,100,5.105000,14
61,101,5.159000,15
61,102,4.236000,11
61,103,5.048000,14
61,104,4.001000,12
61,105,4.470000,14
61,106,4.145000,13
61,107,3.368000,13
61,108,1.600000,13
61,109,5.110000,13
61,110,4.546000,13
61,111,4.683000,13
61,112,4.468000,12
61,113,3.943000,10
61,114,6.200000,19
61,115,4.736000,11
61,116,2.536000,13
61,117,0.922000,13
61,118,2.962000,8
61,119,5.329000,13
61,120,5.279000,14
61,121,3.840000,9
61,122,4.620000,13
61,123,4.975000,14
61,124,3.681000,9
61,125,4.918000,14
61,126,3.040000,12
61,127,5.506000,12
61,128,5.027000,15
61,129,6.819000,17
61,130,5.431000,17
61,131,3.168000,9
61,132,3.314000,10
61,133,2.830000,9
61,134,4.639000,14
61,135,1.742000,8
61,136,3.472000,8
61,137,3.541000,8
61,138,7.101000,21
61,139,3.419000,8
61,140,4.312000,12
61,141,4.634000,14
61,142,3.927000,12
61,143,2.923000,9
61,144,2.947000,8
62,1,3.841000,12
62,2,4.931000,12
62,3,4.254000,12
62,4,4.449000,12
62,5,4.191000,13
62,6,4.706000,12
62,7,6.549000,21
62,8,3.932000,11
62,9,2.088000,11
62,10,3.692000,12
62,11,4.269000,12
62,12,4.713000,13
62,13,5.471000,14
62,14,5.622000,14
62,15,5.535000,15
62,16,4.386000,15
62,17,2.891000,9
62,18,2.182000,11
62,19,3.502000,10
62,20,3.359000,10
62,21,4.040000,10
62,22,5.584000,13
62,23,4.283000,11
62,24,5.540000,11
62,25,3.592000,10
62,26,3.675000,10
62,27,2.926000,11
62,28,4.963000,14
62,29,5.627000,14
62,30,4.771000,15
62,31,6.651000,19
62,32,3.422000,8
62,33,2.625000,7
62,34,5.140000,17
62,35,4.708000,19
62,36,0.533000,4
62,37,1.866000,4
62,38,2.865000,7
62,39,2.621000,7
62,40,2.761000,7
62,41,5.348000,19
62,42,4.442000,12
62,43,5.538000,13
62,44,4.646000,13
62,45,4.447000,12
62,46,4.064000,10
62,47,5.307000,10
62,48,4.149000,11
62,49,4.132000,11
62,50,5.021000,13
62,51,3.894000,10
62,52,5.141000,15
62,53,3.972000,11
62,54,2.480000,10
62,55,3.391000,9
62,56,3.343000,9
62,57,3.322000,9
62,58,3.474000,9
62,59,5.277000,15
62,60,4.967000,13
62,61,4.903000,15
62,62,4.328000,14
62,63,4.265000,14
62,64,5.177000,14
62,65,5.215000,14
62,66,4.726000,14
62,67,4.992000,14
62,68,5.745000,14
62,69,1.851000,4
62,70,4.621000,14
62,71,2.017000,4
62,72,1.479000,4
62,73,2.047000,4
62,74,2.319000,4
62,75,1.962000,4
62,76,2.288000,4
62,77,2.297000,4
62,78,2.523000,4
62,79,2.222000,4
62,80,2.442000,4
62,81,5.354000,13
62,82,3.816000,10
62,83,4.941000,13
62,84,2.308000,4
62,85,2.216000,4
62,86,2.206000,4
62,87,3.121000,7
62,88,4.721000,13
62,89,3.254000,7
62,90,3.945000,13
62,91,2.813000,6
62,92,4.588000,13
62,93,4.776000,14
62,94,4.216000,12
62,95,5.665000,14
62,96,5.599000,14
62,97,3.704000,8
62,98,3.958000,14
62,99,1.373000,15
62,100,4.668000,14
62,101,3.686000,11
62,102,3.296000,8
62,103,4.247000,11
62,104,4.694000,14
62,105,4.880000,13
62,106,4.360000,13
62,107,3.676000,13
62,108,2.845000,13
62,109,5.013000,13
62,110,4.483000,13
62,111,4.494000,13
62,112,5.188000,14
62,113,5.057000,11
62,114,5.410000,16
62,115,3.180000,9
62,116,3.478000,13
62,117,1.826000,9
62,118,2.844000,8
62,119,4.057000,13
62,120,5.043000,14
62,121,3.909000,9
62,122,4.157000,13
62,123,6.015000,14
62,124,3.180000,9
62,125,4.195000,14
62,126,2.705000,12
62,127,4.391000,12
62,128,5.335000,15
62,129,6.047000,18
62,130,6.922000,20
62,131,4.458000,12
62,132,2.871000,8
62,133,3.004000,7
62,134,3.391000,9
62,135,1.937000,8
62,136,3.071000,8
62,137,3.552000,9
62,138,3.641000,9
62,139,3.008000,9
62,140,4.852000,13
62,141,5.337000,14
62,142,4.284000,13
62,143,3.799000,11
62,144,2.955000,8
63,1,4.534000,12
63,2,4.804000,12
63,3,5.025000,12
63,4,4.078000,12
63,5,4.847000,13
63,6,3.514000,9
63,7,6.102000,21
63,8,4.023000,11
63,9,2.353000,11
63,10,4.201000,12
63,11,4.103000,12
63,12,5.027000,13
63,13,5.291000,14
63,14,5.207000,14
63,15,5.246000,15
63,16,4.836000,13
63,17,3.396000,9
63,18,2.374000,11
63,19,3.894000,10
63,20,3.320000,10
63,21,4.482000,10
63,22,5.822000,13
63,23,3.806000,11
63,24,3.868000,11
63,25,4.010000,10
63,26,3.463000,10
63,27,3.766000,11
63,28,5.102000,14
63,29,5.468000,14
63,30,5.534000,14
63,31,10.960000,30
63,32,3.216000,8
63,33,2.907000,7
63,34,5.271000,17
63,35,2.284000,29
63,36,0.111000,4
63,37,3.073000,5
63,38,4.836000,16
63,39,3.545000,7
63,40,3.313000,7
63,41,7.342000,20
63,42,6.819000,22
63,43,4.074000,13
63,44,4.827000,13
63,45,1.146000,11
63,46,4.520000,11
63,47,3.896000,10
63,48,4.568000,10
63,49,4.478000,11
63,50,5.086000,13
63,51,3.482000,10
63,52,3.851000,10
63,53,4.040000,11
63,54,3.529000,10
63,55,3.597000,9
63,56,3.493000,9
63,57,4.962000,9
63,58,4.742000,9
63,59,3.805000,8
63,60,4.263000,13
63,61,4.530000,15
63,62,4.764000,14
63,63,4.177000,14
63,64,5.124000,14
63,65,5.381000,14
63,66,4.965000,14
63,67,4.750000,14
63,68,5.757000,14
63,69,2.432000,4
63,70,4.290000,14
63,71,2.242000,4
63,72,1.484000,4
63,73,2.254000,4
63,74,1.992000,4
63,75,1.585000,4
63,76,2.161000,4
63,77,2.793000,4
63,78,2.258000,4
63,79,1.670000,4
63,80,2.713000,4
63,81,5.165000,13
63,82,3.775000,9
63,83,5.276000,13
63,84,2.504000,4
63,85,3.063000,4
63,86,2.336000,4
63,87,3.157000,7
63,88,4.547000,13
63,89,2.817000,7
63,90,4.847000,13
63,91,2.992000,7
63,92,3.906000,13
63,93,5.659000,14
63,94,5.337000,12
63,95,4.594000,14
63,96,5.091000,14
63,97,3.390000,8
63,98,4.583000,14
63,99,3.512000,15
63,100,4.788000,14
63,101,3.737000,11
63,102,6.253000,17
63,103,6.338000,15
63,104,5.005000,13
63,105,4.954000,13
63,106,4.588000,13
63,107,3.036000,13
63,108,1.488000,13
63,109,4.532000,13
63,110,4.318000,13
63,111,5.748000,13
63,112,3.795000,11
63,113,3.930000,10
63,114,4.153000,11
63,115,2.912000,9
63,116,4.858000,13
63,117,3.743000,13
63,118,4.751000,8
63,119,5.433000,13
63,120,6.024000,14
63,121,3.436000,9
63,122,5.280000,13
63,123,4.721000,14
63,124,3.441000,9
63,125,3.321000,14
63,126,1.286000,12
63,127,5.684000,12
63,128,5.816000,14
63,129,5.535000,17
63,130,6.092000,17
63,131,3.958000,11
63,132,2.801000,8
63,133,3.204000,9
63,134,3.508000,9
63,135,2.199000,8
63,136,3.350000,8
63,137,3.031000,8
63,138,3.594000,9
63,139,4.071000,9
63,140,5.244000,15
63,141,5.121000,15
63,142,4.929000,13
63,143,4.265000,11
63,144,3.088000,8
64,1,3.916000,12
64,2,4.016000,12
64,3,3.993000,12
64,4,4.117000,12
64,5,4.813000,13
64,6,3.415000,9
64,7,6.218000,18
64,8,4.724000,11
64,9,3.262000,11
64,10,4.164000,12
64,11,4.607000,12
64,12,4.413000,13
64,13,4.770000,14
64,14,4.784000,14
64,15,6.031000,15
64,16,4.364000,15
64,17,2.822000,9
64,18,2.003000,11
64,19,3.907000,10
64,20,4.466000,10
64,21,3.486000,10
64,22,5.023000,13
64,23,3.432000,11
64,24,4.052000,11
64,25,4.719000,10
64,26,3.801000,10
64,27,3.729000,11
64,28,5.059000,14
64,29,6.366000,14
64,30,4.975000,15
64,31,7.862000,22
64,32,3.691000,8
64,33,2.401000,7
64,34,5.276000,17
64,35,3.452000,18
64,36,0.541000,4
64,37,1.817000,4
64,38,3.976000,12
64,39,4.710000,11
64,40,2.943000,7
64,41,8.183000,21
64,42,7.071000,23
64,43,4.767000,13
64,44,2.943000,13
64,45,1.070000,12
64,46,3.907000,10
64,47,3.681000,10
64,48,3.850000,11
64,49,4.332000,11
64,50,5.307000,13
64,51,3.118000,10
64,52,3.873000,10
64,53,3.619000,11
64,54,3.497000,10
64,55,3.215000,9
64,56,3.193000,9
64,57,3.843000,9
64,58,3.532000,9
64,59,4.768000,15
64,60,4.846000,13
64,61,5.538000,15
64,62,4.565000,14
64,63,4.083000,14
64,64,5.046000,14
64,65,5.922000,14
64,66,4.981000,14
64,67,5.719000,14
64,68,5.086000,14
64,69,2.113000,4
64,70,4.408000,14
64,71,1.856000,4
64,72,1.671000,4
64,73,1.959000,4
64,74,2.273000,4
64,75,1.924000,4
64,76,1.983000,4
64,77,1.860000,4
64,78,2.212000,4
64,79,2.098000,4
64,80,2.058000,4
64,81,4.878000,13
64,82,3.763000,9
64,83,5.171000,13
64,84,1.965000,4
64,85,2.274000,4
64,86,1.922000,4
64,87,2.576000,7
64,88,5.359000,13
64,89,2.971000,7
64,90,4.657000,13
64,91,3.777000,7
64,92,5.171000,13
64,93,5.312000,14
64,94,4.743000,12
64,95,4.165000,14
64,96,5.212000,14
64,97,3.132000,8
64,98,3.494000,14
64,99,0.626000,15
64,100,4.857000,14
64,101,4.216000,11
64,102,6.661000,20
64,103,5.069000,13
64,104,3.941000,13
64,105,4.250000,13
64,106,4.485000,13
64,107,3.842000,13
64,108,2.198000,13
64,109,5.142000,13
64,110,4.851000,13
64,111,4.374000,13
64,112,3.608000,11
64,113,3.722000,10
64,114,6.679000,20
64,115,3.318000,9
64,116,4.248000,13
64,117,2.397000,9
64,118,3.585000,8
64,119,5.113000,13
64,120,4.795000,14
64,121,3.182000,9
64,122,4.745000,13
64,123,4.673000,14
64,124,3.148000,9
64,125,4.155000,14
64,126,3.532000,12
64,127,4.587000,12
64,128,5.052000,14
64,129,5.964000,17
64,130,7.613000,18
64,131,4.419000,13
64,132,2.829000,8
64,133,3.639000,9
64,134,2.583000,9
64,135,1.653000,8
64,136,3.237000,8
64,137,2.913000,9
64,138,4.953000,14
64,139,3.672000,9
64,140,4.403000,14
64,141,4.468000,15
64,142,3.164000,7
64,143,3.970000,12
64,144,2.843000,8
65,1,4.451000,12
65,2,4.211000,12
65,3,5.239000,12
65,4,4.319000,12
65,5,5.049000,13
65,6,3.097000,9
65,7,4.411000,16
65,8,3.418000,11
65,9,2.805000,11
65,10,4.628000,12
65,11,4.816000,12
65,12,5.416000,13
65,13,4.419000,14
65,14,5.271000,14
65,15,4.994000,15
65,16,3.995000,13
65,17,2.017000,9
65,18,0.724000,11
65,19,3.702000,10
65,20,3.914000,10
65,21,4.206000,10
65,22,4.353000,13
65,23,4.555000,11
65,24,3.422000,11
65,25,3.433000,10
65,26,3.768000,10
65,27,3.375000,11
65,28,4.994000,14
65,29,5.547000,14
65,30,5.521000,15
65,31,8.986000,26
65,32,3.234000,8
65,33,2.703000,7
65,34,5.287000,17
65,35,2.983000,18
65,36,0.286000,4
65,37,2.067000,4
65,38,4.982000,14
65,39,4.067000,11
65,40,3.209000,7
65,41,7.693000,21
65,42,7.510000,23
65,43,4.024000,13
65,44,3.339000,13
65,45,1.830000,11
65,46,4.051000,11
65,47,3.721000,10
65,48,3.610000,10
65,49,4.383000,11
65,50,4.567000,13
65,51,3.484000,10
65,52,5.059000,15
65,53,3.485000,11
65,54,2.831000,10
65,55,3.294000,9
65,56,3.558000,9
65,57,3.437000,9
65,58,4.315000,9
65,59,3.673000,8
65,60,4.949000,13
65,61,5.682000,15
65,62,4.461000,14
65,63,4.051000,14
65,64,5.183000,14
65,65,5.012000,14
65,66,4.919000,14
65,67,4.679000,14
65,68,5.047000,14
65,69,1.738000,4
65,70,4.482000,14
65,71,2.330000,4
65,72,1.749000,4
65,73,1.781000,4
65,74,1.976000,4
65,75,2.196000,4
65,76,2.596000,4
65,77,2.004000,4
65,78,2.614000,4
65,79,1.525000,4
65,80,2.178000,4
65,81,4.889000,13
65,82,4.053000,10
65,83,4.405000,13
65,84,2.529000,4
65,85,2.327000,4
65,86,2.032000,4
65,87,3.178000,7
65,88,4.911000,13
65,89,2.789000,7
65,90,4.116000,13
65,91,2.819000,7
65,92,4.386000,13
65,93,5.655000,14
65,94,4.754000,12
65,95,5.127000,14
65,96,4.033000,14
65,97,4.652000,15
65,98,4.384000,14
65,99,3.046000,15
65,100,4.501000,14
65,101,3.631000,11
65,102,6.975000,20
65,103,5.005000,14
65,104,3.886000,13
65,105,4.432000,13
65,106,4.571000,13
65,107,3.650000,13
65,108,2.208000,13
65,109,4.352000,13
65,110,4.241000,13
65,111,5.381000,13
65,112,3.508000,11
65,113,3.744000,9
65,114,4.674000,15
65,115,2.748000,9
65,116,4.401000,13
65,117,2.653000,9
65,118,3.307000,8
65,119,4.468000,13
65,120,5.336000,14
65,121,3.771000,9
65,122,4.836000,13
65,123,5.190000,14
65,124,3.148000,9
65,125,3.770000,14
65,126,2.476000,12
65,127,5.285000,12
65,128,4.962000,14
65,129,5.791000,17
65,130,5.999000,18
65,131,4.140000,12
65,132,3.306000,10
65,133,3.324000,10
65,134,2.989000,9
65,135,2.017000,8
65,136,4.051000,8
65,137,3.606000,9
65,138,5.073000,14
65,139,3.506000,9
65,140,4.761000,15
65,141,4.471000,14
65,142,4.266000,14
65,143,3.541000,12
65,144,2.003000,8
66,1,5.913000,12
66,2,5.036000,12
66,3,4.910000,14
66,4,4.146000,13
66,5,5.784000,15
66,6,3.375000,9
66,7,5.466000,20
66,8,3.425000,11
66,9,2.289000,11
66,10,3.899000,11
66,11,5.023000,11
66,12,5.378000,13
66,13,4.981000,14
66,14,5.559000,14
66,15,5.185000,15
66,16,4.242000,14
66,17,3.218000,9
66,18,2.610000,10
66,19,4.383000,10
66,20,4.790000,10
66,21,5.369000,13
66,22,4.887000,13
66,23,4.695000,11
66,24,3.862000,11
66,25,4.022000,10
66,26,4.008000,13
66,27,3.149000,12
66,28,5.913000,14
66,29,5.040000,14
66,30,5.125000,14
66,31,7.705000,21
66,32,3.144000,8
66,33,3.384000,11
66,34,5.137000,17
66,35,4.364000,19
66,36,0.255000,4
66,37,1.760000,4
66,38,5.319000,13
66,39,4.039000,11
66,40,3.393000,7
66,41,7.439000,21
66,42,8.664000,23
66,43,4.562000,14
66,44,3.993000,14
66,45,1.746000,12
66,46,4.775000,10
66,47,4.396000,10
66,48,4.354000,11
66,49,3.833000,11
66,50,4.895000,13
66,51,4.335000,11
66,52,3.669000,10
66,53,3.862000,10
66,54,3.819000,10
66,55,4.069000,9
66,56,4.015000,9
66,57,3.880000,9
66,58,3.159000,9
66,59,3.482000,8
66,60,5.513000,18
66,61,5.855000,15
66,62,4.548000,15
66,63,2.769000,15
66,64,6.288000,15
66,65,5.720000,15
66,66,4.960000,14
66,67,4.965000,14
66,68,4.455000,14
66,69,1.695000,4
66,70,4.706000,14
66,71,2.107000,4
66,72,1.264000,4
66,73,1.860000,4
66,74,2.718000,4
66,75,2.125000,4
66,76,2.386000,4
66,77,2.310000,4
66,78,2.092000,4
66,79,2.134000,4
66,80,1.917000,4
66,81,4.921000,13
66,82,3.852000,9
66,83,5.493000,13
66,84,2.118000,4
66,85,2.016000,4
66,86,1.917000,4
66,87,3.004000,7
66,88,4.895000,13
66,89,2.819000,7
66,90,4.678000,13
66,91,3.176000,7
66,92,5.014000,12
66,93,5.022000,14
66,94,4.825000,14
66,95,5.914000,15
66,96,5.104000,14
66,97,3.256000,8
66,98,3.961000,13
66,99,3.944000,15
66,100,3.285000,8
66,101,4.335000,11
66,102,7.030000,20
66,103,4.338000,16
66,104,4.972000,13
66,105,3.398000,13
66,106,4.606000,13
66,107,4.939000,13
66,108,3.310000,13
66,109,5.488000,13
66,110,5.096000,13
66,111,4.758000,13
66,112,5.025000,13
66,113,3.081000,8
66,114,4.976000,15
66,115,3.597000,10
66,116,2.658000,8
66,117,3.053000,13
66,118,3.777000,8
66,119,4.660000,13
66,120,5.183000,14
66,121,4.118000,10
66,122,4.149000,13
66,123,4.787000,14
66,124,2.890000,9
66,125,4.885000,14
66,126,3.731000,11
66,127,4.061000,10
66,128,5.936000,14
66,129,6.139000,18
66,130,5.402000,18
66,131,3.253000,7
66,132,3.639000,9
66,133,3.228000,9
66,134,3.185000,9
66,135,2.757000,9
66,136,4.385000,13
66,137,5.064000,13
66,138,4.773000,13
66,139,3.455000,11
66,140,3.145000,7
66,141,3.796000,9
66,142,4.612000,14
66,143,4.846000,12
66,144,2.839000,8
67,1,4.030000,12
67,2,4.842000,12
67,3,4.747000,12
67,4,4.590000,13
67,5,4.530000,14
67,6,3.217000,9
67,7,5.653000,20
67,8,3.282000,11
67,9,3.372000,11
67,10,4.024000,11
67,11,4.876000,11
67,12,5.450000,13
67,13,4.786000,14
67,14,5.503000,14
67,15,5.081000,15
67,16,5.041000,15
67,17,3.037000,9
67,18,2.069000,10
67,19,3.744000,10
67,20,4.102000,10
67,21,5.471000,13
67,22,4.892000,13
67,23,4.137000,11
67,24,3.728000,11
67,25,3.365000,10
67,26,3.987000,12
67,27,3.801000,14
67,28,5.309000,14
67,29,4.761000,14
67,30,4.680000,12
67,31,6.498000,20
67,32,2.861000,7
67,33,3.831000,11
67,34,5.553000,17
67,35,4.337000,24
67,36,0.117000,4
67,37,1.377000,4
67,38,4.265000,12
67,39,4.089000,11
67,40,3.036000,7
67,41,6.554000,20
67,42,7.335000,23
67,43,5.428000,15
67,44,3.959000,14
67,45,3.020000,12
67,46,3.760000,11
67,47,4.494000,10
67,48,4.079000,10
67,49,4.536000,11
67,50,4.648000,13
67,51,4.353000,13
67,52,5.724000,15
67,53,3.719000,10
67,54,2.734000,10
67,55,3.385000,9
67,56,3.134000,9
67,57,4.203000,9
67,58,4.298000,9
67,59,4.779000,15
67,60,5.803000,18
67,61,5.091000,15
67,62,4.516000,15
67,63,1.677000,15
67,64,5.185000,15
67,65,5.258000,15
67,66,5.511000,14
67,67,5.702000,14
67,68,5.290000,14
67,69,2.200000,4
67,70,4.884000,14
67,71,1.846000,4
67,72,2.058000,4
67,73,1.481000,4
67,74,2.947000,4
67,75,2.045000,4
67,76,2.156000,4
67,77,2.226000,4
67,78,2.380000,4
67,79,1.903000,4
67,80,2.402000,4
67,81,4.866000,13
67,82,5.039000,11
67,83,4.986000,13
67,84,2.775000,4
67,85,2.492000,4
67,86,1.833000,4
67,87,2.952000,7
67,88,4.623000,13
67,89,2.605000,7
67,90,4.709000,13
67,91,3.348000,7
67,92,5.291000,12
67,93,5.006000,14
67,94,5.083000,14
67,95,5.650000,15
67,96,4.463000,14
67,97,3.922000,8
67,98,4.195000,13
67,99,1.392000,15
67,100,2.956000,8
67,101,4.183000,11
67,102,7.311000,22
67,103,4.925000,16
67,104,4.966000,13
67,105,4.975000,13
67,106,4.414000,13
67,107,3.566000,13
67,108,2.366000,13
67,109,4.326000,13
67,110,5.098000,13
67,111,5.079000,13
67,112,5.479000,15
67,113,3.874000,8
67,114,4.148000,12
67,115,3.581000,9
67,116,3.458000,8
67,117,3.149000,9
67,118,3.317000,8
67,119,4.580000,13
67,120,5.877000,14
67,121,3.555000,9
67,122,4.262000,13
67,123,5.307000,14
67,124,3.335000,9
67,125,4.764000,14
67,126,3.032000,11
67,127,3.371000,10
67,128,5.368000,14
67,129,6.673000,18
67,130,6.411000,18
67,131,3.846000,9
67,132,4.555000,14
67,133,3.325000,9
67,134,2.707000,9
67,135,2.278000,8
67,136,4.347000,13
67,137,5.359000,15
67,138,4.841000,14
67,139,4.246000,10
67,140,3.618000,7
67,141,2.923000,8
67,142,5.073000,14
67,143,4.494000,12
67,144,3.372000,8
68,1,4.722000,12
68,2,4.625000,12
68,3,4.002000,12
68,4,4.334000,13
68,5,5.311000,13
68,6,3.793000,9
68,7,6.160000,19
68,8,3.404000,11
68,9,2.491000,11
68,10,4.445000,11
68,11,4.354000,11
68,12,4.906000,13
68,13,5.837000,14
68,14,4.933000,14
68,15,4.997000,15
68,16,4.575000,15
68,17,2.621000,9
68,18,1.890000,10
68,19,4.096000,10
68,20,3.460000,10
68,21,4.344000,13
68,22,4.172000,13
68,23,3.340000,11
68,24,3.530000,11
68,25,3.993000,10
68,26,3.758000,11
68,27,3.924000,14
68,28,5.464000,14
68,29,5.081000,14
68,30,6.217000,19
68,31,5.946000,20
68,32,2.878000,7
68,33,2.481000,7
68,34,5.628000,17
68,35,3.998000,24
68,36,0.182000,4
68,37,1.884000,4
68,38,4.676000,14
68,39,3.668000,11
68,40,3.135000,7
68,41,6.794000,20
68,42,6.169000,21
68,43,4.589000,17
68,44,4.528000,14
68,45,3.081000,12
68,46,4.138000,10
68,47,3.498000,10
68,48,3.721000,11
68,49,3.639000,11
68,50,4.515000,13
68,51,4.530000,13
68,52,3.810000,10
68,53,4.003000,10
68,54,3.317000,10
68,55,3.657000,9
68,56,3.855000,9
68,57,3.699000,9
68,58,4.526000,9
68,59,3.587000,8
68,60,6.134000,18
68,61,5.178000,15
68,62,4.368000,15
68,63,2.268000,15
68,64,5.083000,15
68,65,5.115000,15
68,66,4.534000,14
68,67,4.733000,14
68,68,4.823000,14
68,69,1.999000,4
68,70,4.325000,14
68,71,2.018000,4
68,72,1.908000,4
68,73,2.044000,4
68,74,1.708000,4
68,75,1.967000,4
68,76,2.205000,4
68,77,2.240000,4
68,78,2.200000,4
68,79,2.093000,4
68,80,2.103000,4
68,81,4.521000,13
68,82,3.602000,9
68,83,4.795000,13
68,84,1.940000,4
68,85,1.928000,4
68,86,2.386000,4
68,87,2.747000,7
68,88,5.748000,13
68,89,3.510000,7
68,90,5.252000,13
68,91,2.372000,7
68,92,3.936000,12
68,93,4.878000,14
68,94,5.694000,14
68,95,5.137000,15
68,96,4.433000,14
68,97,2.956000,8
68,98,4.272000,13
68,99,4.588000,15
68,100,4.740000,14
68,101,3.925000,11
68,102,7.204000,24
68,103,5.646000,16
68,104,4.435000,13
68,105,4.493000,13
68,106,4.510000,13
68,107,3.118000,13
68,108,1.795000,13
68,109,3.777000,13
68,110,4.944000,13
68,111,4.861000,13
68,112,4.502000,13
68,113,3.644000,7
68,114,3.501000,12
68,115,4.834000,14
68,116,2.632000,8
68,117,3.291000,13
68,118,3.575000,8
68,119,4.394000,13
68,120,4.501000,14
68,121,3.919000,10
68,122,4.827000,13
68,123,4.451000,14
68,124,2.702000,9
68,125,4.052000,14
68,126,3.678000,11
68,127,4.722000,10
68,128,5.016000,12
68,129,7.282000,22
68,130,6.075000,19
68,131,3.958000,10
68,132,3.453000,9
68,133,3.736000,9
68,134,2.822000,9
68,135,2.105000,11
68,136,4.722000,14
68,137,5.027000,14
68,138,6.466000,18
68,139,3.772000,9
68,140,3.161000,7
68,141,5.727000,16
68,142,2.232000,7
68,143,4.228000,12
68,144,2.360000,8
69,1,4.840000,12
69,2,5.086000,12
69,3,6.870000,12
69,4,5.483000,12
69,5,5.398000,13
69,6,4.652000,9
69,7,6.894000,17
69,8,3.592000,11
69,9,2.529000,11
69,10,4.181000,11
69,11,5.983000,11
69,12,6.585000,13
69,13,5.961000,14
69,14,6.559000,14
69,15,7.351000,15
69,16,4.693000,15
69,17,3.031000,9
69,18,2.027000,10
69,19,3.875000,10
69,20,4.438000,10
69,21,6.647000,13
69,22,5.542000,13
69,23,5.110000,11
69,24,3.981000,11
69,25,4.440000,10
69,26,5.016000,12
69,27,4.880000,14
69,28,5.290000,14
69,29,6.229000,14
69,30,6.461000,12
69,31,9.174000,20
69,32,3.196000,7
69,33,5.038000,7
69,34,5.847000,17
69,35,5.813000,24
69,36,0.272000,4
69,37,2.180000,4
69,38,4.934000,12
69,39,4.834000,11
69,40,4.095000,7
69,41,8.589000,20
69,42,8.050000,21
69,43,7.107000,18
69,44,4.555000,14
69,45,1.865000,12
69,46,4.169000,11
69,47,4.500000,10
69,48,6.165000,10
69,49,5.832000,11
69,50,5.397000,13
69,51,4.842000,11
69,52,6.444000,15
69,53,4.013000,10
69,54,3.015000,10
69,55,4.165000,9
69,56,4.132000,9
69,57,4.866000,9
69,58,5.001000,9
69,59,3.716000,8
69,60,7.613000,18
69,61,6.591000,15
69,62,5.331000,15
69,63,4.054000,15
69,64,5.776000,15
69,65,6.449000,15
69,66,6.984000,14
69,67,6.723000,14
69,68,5.040000,14
69,69,2.933000,4
69,70,5.659000,14
69,71,1.872000,4
69,72,2.267000,4
69,73,2.210000,4
69,74,2.422000,4
69,75,2.228000,4
69,76,2.185000,4
69,77,2.989000,4
69,78,3.007000,4
69,79,3.232000,4
69,80,2.508000,4
69,81,5.713000,13
69,82,3.775000,9
69,83,5.775000,13
69,84,2.295000,4
69,85,3.458000,4
69,86,2.636000,4
69,87,4.046000,7
69,88,5.316000,13
69,89,3.532000,7
69,90,5.352000,13
69,91,3.937000,7
69,92,4.096000,12
69,93,6.726000,14
69,94,6.704000,14
69,95,6.335000,15
69,96,5.868000,14
69,97,4.241000,8
69,98,4.519000,13
69,99,2.514000,15
69,100,4.369000,8
69,101,4.407000,11
69,102,10.357000,24
69,103,6.835000,16
69,104,5.349000,13
69,105,4.470000,13
69,106,4.486000,13
69,107,2.466000,13
69,108,0.623000,13
69,109,4.690000,13
69,110,5.945000,13
69,111,6.884000,13
69,112,5.230000,13
69,113,3.458000,7
69,114,4.572000,12
69,115,6.112000,11
69,116,3.132000,8
69,117,3.366000,9
69,118,4.353000,8
69,119,5.835000,13
69,120,5.669000,14
69,121,3.936000,9
69,122,5.214000,13
69,123,6.318000,14
69,124,3.743000,9
69,125,4.379000,14
69,126,2.072000,11
69,127,4.156000,10
69,128,6.447000,12
69,129,8.267000,19
69,130,5.832000,15
69,131,4.005000,9
69,132,4.909000,9
69,133,4.804000,9
69,134,3.879000,13
69,135,3.092000,8
69,136,5.526000,14
69,137,5.495000,14
69,138,7.575000,17
69,139,3.304000,9
69,140,4.291000,7
69,141,4.055000,8
69,142,3.777000,7
69,143,6.007000,12
69,144,3.988000,8
70,1,4.880000,12
70,2,4.341000,12
70,3,5.483000,12
70,4,4.272000,12
70,5,5.467000,13
70,6,4.718000,10
70,7,5.083000,15
70,8,3.973000,11
70,9,3.768000,11
70,10,4.744000,11
70,11,4.339000,11
70,12,5.583000,13
70,13,5.377000,14
70,14,6.164000,14
70,15,5.602000,15
70,16,3.791000,8
70,17,2.654000,9
70,18,1.802000,10
70,19,4.277000,10
70,20,3.535000,10
70,21,5.749000,13
70,22,5.155000,13
70,23,5.000000,11
70,24,4.623000,11
70,25,4.856000,10
70,26,4.194000,11
70,27,4.385000,14
70,28,5.843000,14
70,29,5.584000,14
70,30,7.583000,19
70,31,9.232000,22
70,32,3.264000,7
70,33,3.046000,7
70,34,5.506000,17
70,35,3.430000,19
70,36,0.466000,4
70,37,2.277000,4
70,38,5.369000,14
70,39,4.160000,11
70,40,3.619000,7
70,41,8.727000,20
70,42,7.342000,21
70,43,6.490000,16
70,44,4.278000,14
70,45,1.440000,12
70,46,4.618000,10
70,47,3.874000,10
70,48,4.900000,11
70,49,4.691000,11
70,50,5.599000,13
70,51,5.505000,13
70,52,3.786000,10
70,53,3.352000,10
70,54,3.911000,10
70,55,3.515000,9
70,56,3.595000,9
70,57,4.670000,9
70,58,4.007000,9
70,59,6.162000,15
70,60,7.084000,18
70,61,5.410000,15
70,62,4.787000,15
70,63,2.101000,15
70,64,6.312000,15
70,65,5.364000,15
70,66,5.715000,14
70,67,5.436000,14
70,68,5.357000,14
70,69,1.897000,4
70,70,4.591000,14
70,71,1.839000,4
70,72,1.572000,4
70,73,2.223000,4
70,74,2.508000,4
70,75,1.844000,4
70,76,2.289000,4
70,77,2.467000,4
70,78,2.943000,4
70,79,2.697000,4
70,80,2.621000,4
70,81,5.806000,13
70,82,4.253000,9
70,83,4.424000,13
70,84,1.816000,4
70,85,2.467000,4
70,86,2.354000,4
70,87,3.200000,7
70,88,5.013000,13
70,89,3.569000,7
70,90,4.636000,13
70,91,3.194000,7
70,92,4.595000,12
70,93,6.038000,14
70,94,5.014000,14
70,95,6.171000,15
70,96,5.979000,14
70,97,3.057000,8
70,98,4.606000,13
70,99,3.313000,15
70,100,3.845000,8
70,101,4.990000,13
70,102,7.986000,22
70,103,5.308000,15
70,104,5.295000,13
70,105,5.171000,13
70,106,3.979000,13
70,107,4.476000,13
70,108,1.209000,13
70,109,5.556000,13
70,110,5.130000,13
70,111,6.472000,13
70,112,4.702000,13
70,113,3.943000,9
70,114,4.271000,12
70,115,3.793000,12
70,116,4.695000,14
70,117,3.150000,13
70,118,3.209000,8
70,119,5.092000,13
70,120,6.454000,14
70,121,4.235000,10
70,122,6.015000,13
70,123,5.703000,14
70,124,2.857000,9
70,125,4.184000,14
70,126,3.470000,11
70,127,4.297000,10
70,128,4.936000,12
70,129,6.483000,13
70,130,4.818000,14
70,131,3.537000,9
70,132,3.545000,7
70,133,4.206000,9
70,134,4.355000,13
70,135,3.211000,9
70,136,5.695000,13
70,137,5.584000,12
70,138,6.436000,15
70,139,3.988000,9
70,140,3.714000,6
70,141,3.387000,8
70,142,3.374000,7
70,143,4.795000,12
70,144,3.289000,8
71,1,4.643000,12
71,2,4.516000,12
71,3,4.849000,13
71,4,4.339000,13
71,5,5.263000,14
71,6,4.461000,12
71,7,4.417000,12
71,8,4.117000,11
71,9,2.835000,11
71,10,3.663000,10
71,11,4.022000,10
71,12,5.068000,13
71,13,5.961000,14
71,14,5.270000,13
71,15,4.589000,15
71,16,3.113000,8
71,17,2.861000,8
71,18,2.878000,10
71,19,4.179000,10
71,20,3.885000,10
71,21,5.438000,13
71,22,5.304000,13
71,23,3.987000,11
71,24,4.563000,11
71,25,3.379000,10
71,26,3.280000,10
71,27,3.206000,14
71,28,5.456000,14
71,29,4.874000,13
71,30,7.599000,21
71,31,7.207000,20
71,32,2.669000,7
71,33,3.988000,11
71,34,6.417000,17
71,35,2.009000,20
71,36,0.111000,4
71,37,1.922000,4
71,38,4.460000,12
71,39,3.996000,11
71,40,3.266000,7
71,41,6.304000,17
71,42,6.446000,21
71,43,4.728000,14
71,44,3.273000,13
71,45,3.571000,12
71,46,4.174000,11
71,47,4.169000,10
71,48,4.018000,11
71,49,4.369000,11
71,50,4.482000,11
71,51,5.142000,14
71,52,5.803000,15
71,53,3.273000,10
71,54,3.112000,10
71,55,3.561000,10
71,56,3.799000,9
71,57,3.052000,9
71,58,4.101000,9
71,59,3.497000,8
71,60,6.968000,19
71,61,4.616000,15
71,62,5.229000,15
71,63,4.875000,15
71,64,5.473000,15
71,65,5.618000,15
71,66,4.949000,14
71,67,4.953000,14
71,68,4.727000,14
71,69,2.067000,4
71,70,4.983000,14
71,71,2.051000,4
71,72,1.529000,4
71,73,2.206000,4
71,74,2.461000,4
71,75,1.626000,4
71,76,2.101000,4
71,77,2.058000,4
71,78,2.265000,4
71,79,1.917000,4
71,80,1.943000,4
71,81,5.076000,13
71,82,3.886000,9
71,83,4.202000,13
71,84,2.231000,4
71,85,2.582000,4
71,86,2.209000,4
71,87,3.163000,7
71,88,5.021000,13
71,89,3.144000,7
71,90,4.880000,13
71,91,2.521000,7
71,92,4.323000,12
71,93,5.774000,14
71,94,5.108000,14
71,95,4.503000,15
71,96,4.357000,14
71,97,3.558000,8
71,98,4.420000,13
71,99,4.484000,15
71,100,3.638000,8
71,101,4.366000,12
71,102,6.806000,20
71,103,5.570000,16
71,104,5.333000,14
71,105,4.505000,14
71,106,4.417000,13
71,107,3.902000,13
71,108,1.642000,13
71,109,4.704000,13
71,110,4.807000,13
71,111,5.185000,14
71,112,4.434000,13
71,113,3.749000,9
71,114,3.648000,12
71,115,3.826000,10
71,116,2.787000,8
71,117,3.058000,9
71,118,4.045000,8
71,119,5.036000,13
71,120,5.392000,14
71,121,3.615000,9
71,122,6.266000,13
71,123,4.589000,14
71,124,4.396000,12
71,125,4.482000,14
71,126,2.245000,11
71,127,4.993000,11
71,128,4.822000,12
71,129,5.133000,13
71,130,6.299000,18
71,131,3.771000,9
71,132,4.275000,9
71,133,3.641000,9
71,134,3.976000,14
71,135,2.673000,12
71,136,4.993000,14
71,137,4.277000,15
71,138,6.068000,15
71,139,3.963000,10
71,140,2.851000,6
71,141,3.788000,9
71,142,2.944000,8
71,143,4.291000,12
71,144,3.244000,8
72,1,4.175000,12
72,2,4.353000,12
72,3,7.953000,14
72,4,5.181000,13
72,5,5.903000,14
72,6,4.702000,13
72,7,4.429000,12
72,8,4.267000,11
72,9,3.660000,11
72,10,3.506000,10
72,11,3.736000,10
72,12,6.792000,13
72,13,6.644000,14
72,14,6.349000,13
72,15,5.315000,15
72,16,4.874000,14
72,17,4.298000,11
72,18,3.431000,10
72,19,4.273000,10
72,20,3.574000,10
72,21,7.002000,13
72,22,5.869000,13
72,23,5.479000,11
72,24,4.664000,11
72,25,3.795000,10
72,26,4.268000,11
72,27,4.331000,14
72,28,5.075000,14
72,29,5.106000,13
72,30,5.987000,12
72,31,9.132000,21
72,32,3.677000,7
72,33,4.478000,11
72,34,5.851000,17
72,35,6.023000,20
72,36,0.478000,4
72,37,1.755000,4
72,38,5.010000,14
72,39,3.969000,11
72,40,4.464000,7
72,41,10.217000,21
72,42,7.012000,21
72,43,5.384000,14
72,44,4.753000,13
72,45,2.145000,12
72,46,3.923000,10
72,47,4.260000,10
72,48,6.193000,11
72,49,4.967000,11
72,50,5.266000,11
72,51,5.597000,13
72,52,4.247000,10
72,53,3.827000,10
72,54,4.390000,10
72,55,3.920000,10
72,56,3.480000,9
72,57,4.441000,9
72,58,4.613000,9
72,59,3.287000,8
72,60,8.840000,19
72,61,5.924000,15
72,62,5.052000,15
72,63,4.775000,15
72,64,5.794000,15
72,65,7.473000,15
72,66,6.156000,14
72,67,6.779000,14
72,68,5.300000,14
72,69,2.797000,5
72,70,5.435000,14
72,71,1.387000,4
72,72,0.589000,4
72,73,2.326000,4
72,74,2.214000,4
72,75,1.828000,4
72,76,2.635000,4
72,77,2.432000,4
72,78,2.825000,4
72,79,2.847000,4
72,80,2.353000,4
72,81,6.384000,13
72,82,3.920000,9
72,83,5.473000,13
72,84,4.403000,4
72,85,2.632000,4
72,86,2.200000,4
72,87,4.328000,7
72,88,5.886000,13
72,89,2.781000,7
72,90,4.506000,13
72,91,3.677000,7
72,92,3.796000,12
72,93,6.996000,14
72,94,5.378000,14
72,95,6.384000,15
72,96,5.380000,14
72,97,3.878000,8
72,98,4.909000,13
72,99,4.723000,15
72,100,3.422000,8
72,101,4.550000,12
72,102,9.310000,17
72,103,6.261000,16
72,104,5.380000,14
72,105,5.508000,14
72,106,4.227000,13
72,107,4.234000,13
72,108,2.902000,13
72,109,4.714000,13
72,110,4.495000,13
72,111,7.267000,14
72,112,4.666000,13
72,113,4.587000,9
72,114,4.117000,12
72,115,3.878000,11
72,116,4.485000,8
72,117,4.800000,13
72,118,3.408000,8
72,119,4.467000,13
72,120,6.273000,14
72,121,4.420000,9
72,122,4.634000,13
72,123,6.026000,14
72,124,3.702000,9
72,125,5.109000,14
72,126,4.022000,11
72,127,4.940000,11
72,128,5.596000,12
72,129,6.401000,13
72,130,6.746000,13
72,131,3.427000,7
72,132,5.155000,15
72,133,4.320000,12
72,134,3.545000,9
72,135,1.926000,12
72,136,6.123000,14
72,137,5.875000,13
72,138,6.343000,12
72,139,4.286000,10
72,140,3.463000,7
72,141,4.162000,10
72,142,4.218000,9
72,143,4.811000,12
72,144,3.724000,8
73,1,5.291000,12
73,2,4.591000,12
73,3,5.137000,13
73,4,5.173000,13
73,5,5.106000,14
73,6,3.782000,12
73,7,4.184000,22
73,8,1.960000,11
73,9,0.646000,11
73,10,4.252000,10
73,11,4.737000,11
73,12,5.066000,13
73,13,5.419000,14
73,14,5.186000,13
73,15,4.604000,15
73,16,2.749000,8
73,17,3.142000,11
73,18,2.265000,10
73,19,4.302000,10
73,20,3.791000,10
73,21,4.776000,13
73,22,5.776000,13
73,23,4.959000,11
73,24,3.517000,11
73,25,3.206000,10
73,26,2.739000,10
73,27,3.347000,14
73,28,5.992000,14
73,29,5.083000,13
73,30,7.697000,20
73,31,7.346000,21
73,32,2.682000,7
73,33,3.257000,11
73,34,3.876000,17
73,35,2.836000,23
73,36,0.147000,4
73,37,2.143000,4
73,38,4.923000,12
73,39,3.934000,11
73,40,2.995000,7
73,41,7.928000,20
73,42,6.161000,21
73,43,3.269000,14
73,44,2.984000,13
73,45,1.848000,12
73,46,4.292000,11
73,47,4.479000,10
73,48,5.773000,11
73,49,4.477000,11
73,50,4.550000,11
73,51,4.192000,14
73,52,4.229000,15
73,53,2.701000,10
73,54,2.411000,10
73,55,4.285000,10
73,56,3.841000,9
73,57,3.912000,9
73,58,3.912000,9
73,59,7.263000,19
73,60,6.646000,19
73,61,3.944000,15
73,62,3.547000,15
73,63,1.534000,15
73,64,4.958000,15
73,65,5.585000,15
73,66,6.148000,14
73,67,5.741000,14
73,68,4.661000,14
73,69,1.138000,4
73,70,3.780000,14
73,71,1.638000,4
73,72,2.254000,4
73,73,2.167000,4
73,74,2.312000,4
73,75,2.013000,4
73,76,2.212000,4
73,77,2.424000,4
73,78,2.092000,4
73,79,3.179000,4
73,80,2.756000,4
73,81,4.952000,13
73,82,4.312000,10
73,83,4.470000,13
73,84,2.553000,4
73,85,2.562000,4
73,86,2.119000,4
73,87,3.118000,7
73,88,4.787000,13
73,89,2.873000,7
73,90,3.712000,13
73,91,3.568000,7
73,92,4.786000,12
73,93,5.858000,14
73,94,5.554000,14
73,95,5.258000,15
73,96,4.283000,14
73,97,2.426000,8
73,98,3.180000,13
73,99,2.650000,15
73,100,5.671000,14
73,101,4.884000,12
73,102,6.325000,18
73,103,5.842000,16
73,104,4.740000,14
73,105,3.504000,14
73,106,3.269000,13
73,107,3.014000,13
73,108,1.669000,13
73,109,4.555000,13
73,110,5.047000,13
73,111,5.212000,14
73,112,5.043000,13
73,113,4.127000,9
73,114,3.341000,12
73,115,2.858000,10
73,116,2.813000,8
73,117,2.582000,9
73,118,3.387000,8
73,119,4.703000,13
73,120,4.904000,14
73,121,3.643000,9
73,122,5.455000,13
73,123,5.180000,14
73,124,2.868000,12
73,125,3.610000,14
73,126,3.224000,11
73,127,4.521000,11
73,128,5.733000,12
73,129,5.451000,13
73,130,4.426000,11
73,131,3.028000,7
73,132,3.273000,10
73,133,2.493000,9
73,134,2.617000,9
73,135,1.925000,9
73,136,4.523000,11
73,137,4.770000,13
73,138,4.427000,13
73,139,3.268000,10
73,140,2.619000,6
73,141,4.025000,9
73,142,3.073000,9
73,143,3.575000,12
73,144,2.684000,8
74,1,3.587000,12
74,2,3.927000,13
74,3,4.550000,13
74,4,4.308000,13
74,5,4.947000,13
74,6,3.849000,12
74,7,2.994000,11
74,8,3.070000,11
74,9,2.292000,11
74,10,2.934000,10
74,11,3.979000,11
74,12,3.452000,13
74,13,4.470000,14
74,14,4.524000,13
74,15,5.810000,15
74,16,4.134000,15
74,17,2.995000,11
74,18,1.695000,10
74,19,3.226000,10
74,20,3.035000,10
74,21,4.100000,13
74,22,5.488000,13
74,23,4.564000,11
74,24,3.991000,11
74,25,3.118000,10
74,26,2.871000,11
74,27,2.790000,14
74,28,4.009000,14
74,29,3.736000,13
74,30,7.581000,20
74,31,7.342000,21
74,32,2.894000,7
74,33,3.041000,11
74,34,4.365000,17
74,35,1.670000,25
74,36,0.100000,4
74,37,1.467000,4
74,38,3.985000,14
74,39,3.640000,11
74,40,2.880000,7
74,41,5.827000,20
74,42,6.154000,19
74,43,4.005000,14
74,44,2.829000,13
74,45,2.551000,12
74,46,3.484000,10
74,47,3.313000,10
74,48,4.348000,11
74,49,3.667000,11
74,50,4.044000,11
74,51,4.823000,13
74,52,2.830000,10
74,53,2.738000,10
74,54,2.447000,10
74,55,3.453000,10
74,56,3.209000,9
74,57,3.514000,9
74,58,3.235000,9
74,59,4.298000,8
74,60,5.196000,19
74,61,4.062000,15
74,62,3.048000,15
74,63,1.577000,15
74,64,3.992000,15
74,65,4.471000,15
74,66,4.946000,14
74,67,4.933000,14
74,68,4.554000,14
74,69,1.941000,4
74,70,3.200000,14
74,71,1.173000,4
74,72,1.400000,4
74,73,1.600000,4
74,74,1.978000,4
74,75,1.926000,4
74,76,1.706000,4
74,77,1.944000,4
74,78,1.975000,4
74,79,1.845000,4
74,80,1.616000,4
74,81,4.477000,13
74,82,2.846000,9
74,83,3.395000,13
74,84,1.548000,4
74,85,2.043000,4
74,86,1.960000,4
74,87,2.494000,7
74,88,4.434000,13
74,89,3.153000,7
74,90,3.609000,13
74,91,2.259000,7
74,92,2.956000,12
74,93,4.128000,14
74,94,5.082000,14
74,95,5.069000,15
74,96,4.588000,14
74,97,3.522000,16
74,98,3.423000,13
74,99,2.680000,15
74,100,3.252000,8
74,101,3.267000,12
74,102,5.343000,18
74,103,3.807000,14
74,104,5.338000,14
74,105,4.015000,13
74,106,4.404000,13
74,107,2.693000,13
74,108,1.944000,13
74,109,3.822000,13
74,110,3.959000,13
74,111,4.692000,13
74,112,3.199000,13
74,113,3.978000,9
74,114,4.333000,14
74,115,2.891000,11
74,116,2.539000,8
74,117,2.136000,13
74,118,3.018000,8
74,119,3.451000,13
74,120,4.025000,14
74,121,2.641000,9
74,122,5.770000,13
74,123,4.551000,14
74,124,2.855000,9
74,125,3.489000,14
74,126,2.509000,11
74,127,3.228000,10
74,128,3.658000,12
74,129,4.099000,13
74,130,3.022000,12
74,131,2.144000,7
74,132,3.781000,9
74,133,3.591000,9
74,134,3.193000,12
74,135,2.643000,9
74,136,3.415000,13
74,137,4.187000,11
74,138,5.263000,14
74,139,3.398000,10
74,140,2.810000,7
74,141,3.775000,10
74,142,2.885000,9
74,143,2.961000,12
74,144,2.567000,8
75,1,4.040000,12
75,2,3.238000,11
75,3,5.277000,13
75,4,4.840000,13
75,5,4.832000,13
75,6,4.346000,12
75,7,2.921000,11
75,8,2.752000,11
75,9,0.829000,11
75,10,2.780000,10
75,11,3.139000,11
75,12,4.277000,13
75,13,5.314000,14
75,14,5.603000,13
75,15,6.041000,15
75,16,2.504000,8
75,17,3.117000,11
75,18,2.924000,10
75,19,3.064000,10
75,20,3.112000,10
75,21,4.704000,13
75,22,5.828000,13
75,23,4.847000,11
75,24,4.027000,11
75,25,3.393000,10
75,26,3.279000,10
75,27,3.772000,14
75,28,4.026000,14
75,29,3.791000,13
75,30,7.735000,20
75,31,9.108000,21
75,32,3.340000,7
75,33,3.523000,11
75,34,4.079000,17
75,35,2.099000,19
75,36,0.153000,4
75,37,1.568000,4
75,38,3.285000,12
75,39,3.254000,11
75,40,3.738000,7
75,41,7.868000,20
75,42,5.734000,15
75,43,4.983000,14
75,44,3.393000,13
75,45,2.762000,12
75,46,3.337000,11
75,47,3.121000,10
75,48,3.995000,11
75,49,4.548000,11
75,50,4.413000,11
75,51,5.776000,14
75,52,4.980000,15
75,53,3.060000,10
75,54,2.985000,10
75,55,3.314000,10
75,56,2.410000,9
75,57,2.726000,9
75,58,3.969000,9
75,59,3.439000,8
75,60,3.550000,8
75,61,5.752000,15
75,62,4.794000,15
75,63,3.923000,15
75,64,4.214000,15
75,65,5.493000,15
75,66,5.394000,14
75,67,6.029000,14
75,68,6.117000,14
75,69,1.660000,4
75,70,3.894000,14
75,71,1.398000,4
75,72,1.311000,4
75,73,1.893000,4
75,74,1.930000,4
75,75,1.821000,4
75,76,1.181000,4
75,77,2.146000,4
75,78,2.506000,4
75,79,2.057000,4
75,80,2.272000,4
75,81,6.045000,13
75,82,3.082000,11
75,83,3.371000,13
75,84,1.320000,4
75,85,2.292000,4
75,86,3.141000,4
75,87,4.066000,7
75,88,5.382000,13
75,89,3.991000,7
75,90,4.230000,13
75,91,2.154000,7
75,92,3.476000,12
75,93,5.020000,14
75,94,6.710000,14
75,95,6.196000,15
75,96,5.619000,14
75,97,2.549000,8
75,98,3.131000,13
75,99,2.529000,15
75,100,2.577000,8
75,101,3.236000,12
75,102,4.909000,14
75,103,5.676000,14
75,104,6.043000,14
75,105,5.307000,13
75,106,3.616000,13
75,107,3.244000,13
75,108,2.174000,13
75,109,3.576000,13
75,110,4.022000,13
75,111,4.748000,14
75,112,5.841000,13
75,113,4.362000,9
75,114,5.107000,12
75,115,3.686000,11
75,116,2.884000,8
75,117,2.366000,9
75,118,2.935000,8
75,119,3.842000,13
75,120,5.613000,14
75,121,4.019000,9
75,122,5.585000,13
75,123,5.989000,14
75,124,3.579000,12
75,125,3.713000,14
75,126,1.006000,14
75,127,3.696000,10
75,128,4.851000,12
75,129,5.234000,13
75,130,8.168000,21
75,131,3.607000,7
75,132,2.958000,9
75,133,2.855000,9
75,134,3.446000,13
75,135,1.909000,9
75,136,3.576000,14
75,137,3.483000,13
75,138,3.331000,9
75,139,4.674000,10
75,140,3.408000,6
75,141,3.636000,9
75,142,4.737000,9
75,143,3.625000,12
75,144,2.417000,8
76,1,3.632000,12
76,2,3.711000,9
76,3,5.246000,11
76,4,5.637000,13
76,5,5.509000,15
76,6,3.481000,12
76,7,3.470000,11
76,8,3.302000,11
76,9,2.714000,11
76,10,2.849000,10
76,11,3.755000,10
76,12,4.846000,13
76,13,5.486000,14
76,14,5.626000,13
76,15,4.246000,15
76,16,2.656000,8
76,17,3.522000,11
76,18,3.062000,10
76,19,2.844000,10
76,20,4.069000,10
76,21,5.785000,13
76,22,6.452000,13
76,23,3.318000,11
76,24,3.166000,11
76,25,3.181000,10
76,26,2.483000,11
76,27,2.622000,14
76,28,4.455000,14
76,29,5.456000,13
76,30,7.479000,19
76,31,7.682000,20
76,32,2.536000,7
76,33,3.034000,11
76,34,4.456000,17
76,35,3.182000,22
76,36,0.308000,4
76,37,1.769000,4
76,38,4.316000,14
76,39,4.207000,11
76,40,3.680000,7
76,41,8.540000,19
76,42,3.646000,13
76,43,4.204000,14
76,44,4.003000,13
76,45,2.321000,12
76,46,3.339000,11
76,47,4.800000,10
76,48,4.524000,11
76,49,4.913000,11
76,50,4.239000,11
76,51,3.573000,13
76,52,2.666000,10
76,53,3.605000,10
76,54,2.298000,10
76,55,2.842000,10
76,56,4.069000,9
76,57,4.533000,9
76,58,3.535000,8
76,59,6.841000,15
76,60,4.116000,14
76,61,4.071000,15
76,62,4.037000,15
76,63,2.998000,15
76,64,3.859000,15
76,65,6.496000,15
76,66,6.291000,15
76,67,5.494000,14
76,68,3.753000,14
76,69,1.406000,4
76,70,3.797000,14
76,71,1.415000,4
76,72,1.571000,4
76,73,1.797000,4
76,74,2.379000,4
76,75,2.739000,4
76,76,2.425000,4
76,77,2.161000,4
76,78,2.725000,4
76,79,2.619000,4
76,80,2.755000,4
76,81,4.922000,13
76,82,2.851000,9
76,83,5.207000,13
76,84,3.123000,4
76,85,2.963000,4
76,86,2.523000,4
76,87,4.113000,7
76,88,3.510000,13
76,89,2.700000,7
76,90,4.229000,13
76,91,2.842000,7
76,92,5.438000,14
76,93,6.255000,14
76,94,7.118000,14
76,95,4.636000,15
76,96,3.935000,14
76,97,3.004000,8
76,98,2.888000,13
76,99,1.833000,15
76,100,2.587000,8
76,101,4.907000,12
76,102,5.563000,13
76,103,5.848000,14
76,104,4.697000,14
76,105,3.452000,14
76,106,4.163000,14
76,107,3.276000,13
76,108,2.327000,13
76,109,3.337000,13
76,110,5.275000,13
76,111,5.968000,13
76,112,4.998000,12
76,113,3.845000,9
76,114,3.886000,14
76,115,3.040000,11
76,116,2.478000,8
76,117,3.378000,13
76,118,2.499000,8
76,119,4.427000,13
76,120,6.631000,14
76,121,5.088000,9
76,122,5.187000,13
76,123,4.295000,14
76,124,3.968000,12
76,125,3.347000,14
76,126,2.013000,11
76,127,4.876000,18
76,128,6.808000,14
76,129,5.484000,13
76,130,6.032000,14
76,131,2.750000,11
76,132,3.551000,13
76,133,3.370000,15
76,134,2.212000,15
76,135,1.063000,14
76,136,3.844000,14
76,137,6.324000,15
76,138,6.786000,14
76,139,5.336000,11
76,140,2.688000,7
76,141,2.442000,10
76,142,2.561000,9
76,143,3.522000,12
76,144,1.992000,8
77,1,4.117000,12
77,2,2.619000,7
77,3,3.947000,12
77,4,4.456000,13
77,5,4.619000,15
77,6,4.221000,13
77,7,3.813000,10
77,8,2.763000,11
77,9,1.706000,11
77,10,3.241000,10
77,11,2.651000,10
77,12,4.389000,13
77,13,4.529000,14
77,14,4.729000,13
77,15,4.068000,15
77,16,4.117000,13
77,17,3.403000,11
77,18,2.424000,10
77,19,2.755000,10
77,20,3.499000,10
77,21,4.037000,13
77,22,4.011000,13
77,23,4.233000,11
77,24,3.957000,11
77,25,4.254000,10
77,26,2.787000,10
77,27,3.681000,14
77,28,4.856000,14
77,29,3.909000,13
77,30,5.502000,19
77,31,6.056000,21
77,32,2.633000,7
77,33,3.916000,11
77,34,4.749000,17
77,35,3.110000,20
77,36,0.223000,4
77,37,1.657000,4
77,38,3.430000,12
77,39,3.152000,11
77,40,2.810000,7
77,41,5.317000,19
77,42,4.129000,11
77,43,4.838000,14
77,44,3.536000,13
77,45,2.209000,12
77,46,3.774000,11
77,47,3.287000,10
77,48,4.028000,11
77,49,2.700000,11
77,50,4.148000,11
77,51,4.033000,14
77,52,5.166000,15
77,53,3.396000,10
77,54,2.935000,10
77,55,3.548000,10
77,56,2.755000,9
77,57,2.215000,9
77,58,2.953000,8
77,59,3.687000,8
77,60,4.440000,15
77,61,5.106000,15
77,62,4.346000,15
77,63,2.587000,15
77,64,4.471000,15
77,65,4.668000,15
77,66,4.207000,15
77,67,5.113000,14
77,68,3.725000,14
77,69,2.839000,6
77,70,4.546000,14
77,71,1.619000,4
77,72,1.622000,4
77,73,1.603000,4
77,74,1.801000,4
77,75,1.867000,4
77,76,1.363000,4
77,77,1.577000,4
77,78,1.656000,4
77,79,1.937000,4
77,80,1.802000,4
77,81,4.321000,13
77,82,3.199000,9
77,83,3.828000,13
77,84,1.406000,4
77,85,2.005000,4
77,86,1.688000,4
77,87,2.410000,7
77,88,4.933000,13
77,89,2.751000,7
77,90,4.536000,13
77,91,2.023000,7
77,92,4.181000,14
77,93,3.846000,14
77,94,4.662000,14
77,95,4.603000,15
77,96,4.161000,14
77,97,3.774000,8
77,98,3.749000,13
77,99,2.784000,15
77,100,3.350000,8
77,101,3.678000,12
77,102,2.737000,11
77,103,4.243000,14
77,104,4.292000,14
77,105,3.643000,14
77,106,4.525000,14
77,107,3.559000,13
77,108,3.395000,13
77,109,3.740000,13
77,110,3.105000,13
77,111,3.927000,13
77,112,4.076000,15
77,113,3.609000,9
77,114,3.279000,12
77,115,3.317000,10
77,116,3.391000,8
77,117,3.631000,11
77,118,3.033000,8
77,119,4.386000,13
77,120,4.363000,14
77,121,3.196000,9
77,122,4.997000,13
77,123,4.819000,14
77,124,3.702000,12
77,125,3.924000,14
77,126,2.075000,11
77,127,3.774000,11
77,128,4.510000,14
77,129,4.426000,13
77,130,4.383000,13
77,131,3.595000,12
77,132,4.915000,14
77,133,3.731000,14
77,134,2.487000,14
77,135,0.824000,14
77,136,4.015000,14
77,137,3.727000,13
77,138,4.585000,14
77,139,3.345000,12
77,140,3.500000,7
77,141,3.436000,10
77,142,3.815000,9
77,143,4.301000,12
77,144,2.391000,8
78,1,3.777000,12
78,2,2.834000,9
78,3,3.535000,12
78,4,4.276000,13
78,5,5.268000,15
78,6,3.755000,13
78,7,2.869000,11
78,8,3.107000,11
78,9,3.034000,11
78,10,3.766000,10
78,11,3.057000,10
78,12,4.373000,13
78,13,5.296000,14
78,14,4.351000,13
78,15,4.807000,15
78,16,2.980000,8
78,17,3.514000,11
78,18,1.764000,10
78,19,3.133000,10
78,20,3.006000,10
78,21,4.379000,13
78,22,4.613000,13
78,23,3.618000,11
78,24,3.389000,11
78,25,3.421000,10
78,26,3.219000,11
78,27,3.489000,14
78,28,4.168000,14
78,29,4.383000,13
78,30,5.988000,19
78,31,8.111000,25
78,32,2.240000,7
78,33,3.045000,11
78,34,4.221000,17
78,35,3.072000,26
78,36,0.121000,4
78,37,1.892000,4
78,38,3.512000,14
78,39,3.728000,11
78,40,3.079000,8
78,41,6.283000,19
78,42,6.405000,21
78,43,3.667000,14
78,44,3.710000,13
78,45,2.096000,12
78,46,4.099000,11
78,47,2.705000,10
78,48,3.615000,11
78,49,3.547000,11
78,50,4.271000,11
78,51,4.154000,13
78,52,2.652000,10
78,53,3.048000,10
78,54,2.733000,10
78,55,3.444000,10
78,56,2.702000,9
78,57,3.272000,9
78,58,3.710000,8
78,59,3.875000,8
78,60,3.654000,8
78,61,4.377000,15
78,62,4.141000,15
78,63,3.964000,15
78,64,5.539000,15
78,65,5.051000,15
78,66,5.258000,15
78,67,4.242000,14
78,68,4.163000,14
78,69,1.764000,4
78,70,4.161000,14
78,71,1.661000,4
78,72,1.142000,4
78,73,1.812000,4
78,74,1.953000,4
78,75,1.613000,4
78,76,1.601000,4
78,77,2.159000,4
78,78,2.015000,4
78,79,1.859000,4
78,80,1.708000,4
78,81,5.125000,13
78,82,3.084000,9
78,83,3.762000,13
78,84,1.839000,4
78,85,2.131000,4
78,86,2.374000,4
78,87,3.448000,7
78,88,4.470000,13
78,89,2.236000,7
78,90,4.052000,13
78,91,2.291000,7
78,92,3.858000,14
78,93,4.925000,14
78,94,4.514000,14
78,95,5.498000,15
78,96,3.686000,14
78,97,2.306000,8
78,98,3.503000,13
78,99,3.677000,15
78,100,3.192000,8
78,101,3.867000,12
78,102,3.700000,10
78,103,5.312000,14
78,104,4.332000,14
78,105,3.764000,14
78,106,3.508000,13
78,107,3.709000,13
78,108,2.748000,13
78,109,4.116000,13
78,110,4.225000,13
78,111,3.905000,13
78,112,5.162000,16
78,113,3.218000,9
78,114,3.555000,14
78,115,3.678000,11
78,116,3.194000,8
78,117,3.457000,15
78,118,3.436000,8
78,119,4.106000,13
78,120,4.137000,14
78,121,3.167000,9
78,122,5.265000,13
78,123,3.826000,14
78,124,3.496000,12
78,125,3.456000,14
78,126,2.727000,11
78,127,4.310000,11
78,128,4.565000,14
78,129,4.793000,13
78,130,5.071000,16
78,131,2.721000,9
78,132,3.702000,13
78,133,3.564000,13
78,134,2.520000,14
78,135,0.471000,11
78,136,4.312000,14
78,137,4.304000,13
78,138,4.511000,14
78,139,4.839000,13
78,140,2.121000,6
78,141,2.893000,10
78,142,3.101000,9
78,143,3.118000,12
78,144,1.731000,8
79,1,3.589000,12
79,2,3.222000,12
79,3,3.275000,12
79,4,4.071000,13
79,5,3.836000,15
79,6,3.932000,13
79,7,3.185000,11
79,8,3.472000,11
79,9,3.370000,11
79,10,3.314000,10
79,11,2.965000,10
79,12,4.464000,13
79,13,5.181000,14
79,14,3.363000,13
79,15,4.218000,15
79,16,2.773000,8
79,17,3.462000,11
79,18,1.649000,10
79,19,3.312000,10
79,20,3.306000,10
79,21,4.361000,13
79,22,3.503000,13
79,23,3.874000,11
79,24,3.293000,11
79,25,3.009000,10
79,26,3.491000,10
79,27,3.399000,14
79,28,4.666000,14
79,29,4.313000,13
79,30,5.464000,19
79,31,5.977000,20
79,32,2.489000,7
79,33,3.059000,11
79,34,4.502000,17
79,35,2.821000,26
79,36,0.187000,4
79,37,1.601000,4
79,38,4.014000,12
79,39,2.985000,11
79,40,2.381000,7
79,41,6.433000,22
79,42,6.065000,22
79,43,4.115000,14
79,44,3.770000,13
79,45,2.117000,12
79,46,3.585000,11
79,47,2.890000,10
79,48,3.818000,11
79,49,3.873000,11
79,50,2.969000,11
79,51,4.262000,14
79,52,4.719000,15
79,53,2.960000,10
79,54,2.515000,10
79,55,2.624000,10
79,56,3.295000,9
79,57,2.991000,9
79,58,3.289000,8
79,59,4.061000,15
79,60,4.312000,14
79,61,4.110000,15
79,62,4.800000,15
79,63,3.255000,15
79,64,4.613000,15
79,65,5.810000,15
79,66,4.292000,15
79,67,3.934000,14
79,68,3.856000,14
79,69,2.202000,4
79,70,4.407000,14
79,71,1.373000,4
79,72,1.345000,4
79,73,1.377000,4
79,74,1.498000,4
79,75,1.426000,4
79,76,1.540000,4
79,77,1.888000,4
79,78,1.291000,4
79,79,1.824000,4
79,80,1.574000,4
79,81,4.345000,13
79,82,2.838000,9
79,83,4.305000,13
79,84,1.710000,4
79,85,1.847000,4
79,86,2.064000,4
79,87,2.903000,7
79,88,3.575000,13
79,89,2.554000,7
79,90,4.040000,13
79,91,2.395000,7
79,92,4.657000,14
79,93,4.205000,14
79,94,3.979000,14
79,95,5.350000,15
79,96,3.920000,14
79,97,2.678000,8
79,98,4.157000,13
79,99,2.030000,15
79,100,3.307000,8
79,101,3.420000,12
79,102,3.781000,12
79,103,4.473000,14
79,104,4.234000,14
79,105,4.143000,14
79,106,3.785000,13
79,107,4.085000,13
79,108,2.190000,13
79,109,4.465000,13
79,110,3.306000,13
79,111,3.641000,13
79,112,3.810000,13
79,113,3.125000,9
79,114,3.296000,12
79,115,3.018000,10
79,116,4.111000,14
79,117,3.242000,11
79,118,2.788000,8
79,119,3.562000,13
79,120,4.276000,14
79,121,3.669000,9
79,122,3.924000,13
79,123,4.683000,14
79,124,4.149000,12
79,125,4.256000,14
79,126,1.991000,10
79,127,4.380000,10
79,128,4.330000,14
79,129,4.788000,12
79,130,3.765000,14
79,131,4.767000,15
79,132,3.700000,13
79,133,3.414000,14
79,134,2.052000,14
79,135,0.489000,12
79,136,3.306000,11
79,137,4.230000,13
79,138,5.345000,18
79,139,3.601000,12
79,140,2.626000,7
79,141,3.222000,9
79,142,2.545000,9
79,143,3.364000,12
79,144,2.678000,8
