row,col
1,1
5045,5045
5046,5046
5047,5047
5048,5048
5049,5049
5050,5050
5051,5051
5052,5052
5053,5053
5054,5054
5055,5055
5056,5056
5057,5057
5058,5058
5059,5059
5060,5060
5061,5061
5062,5062
5063,5063
5064,5064
5065,5065
5066,5066
5067,5067
5068,5068
5069,5069
5070,5070
5071,5071
5072,5072
5073,5073
5074,5074
5075,5075
5076,5076
5077,5077
5078,5078
5079,5079
5080,5080
5081,5081
5082,5082
5083,5083
5084,5084
5085,5085
5086,5086
5087,5087
5088,5088
5089,5089
5090,5090
5091,5091
5092,5092
5093,5093
5094,5094
5095,5095
5096,5096
5097,5097
5098,5098
5099,5099
5100,5100
5101,5101
5102,5102
5103,5103
5104,5104
5105,5105
5106,5106
5107,5107
5108,5108
5109,5109
5110,5110
5111,5111
5112,5112
5113,5113
5114,5114
5115,5115
5116,5116
5117,5117
5118,5118
5119,5119
5120,5120
5121,5121
5122,5122
5123,5123
5124,5124
5125,5125
5126,5126
5127,5127
5128,5128
5129,5129
5130,5130
5131,5131
5132,5132
5133,5133
5134,5134
5135,5135
5136,5136
5137,5137
5138,5138
5139,5139
5140,5140
5141,5141
5142,5142
5143,5143
5144,5144
5145,5145
5146,5146
5147,5147
5148,5148
5149,5149
5150,5150
5151,5151
5152,5152
5153,5153
5154,5154
5155,5155
5156,5156
5157,5157
5158,5158
5159,5159
5160,5160
5161,5161
5162,5162
5163,5163
5164,5164
5165,5165
5166,5166
5167,5167
5168,5168
5169,5169
5170,5170
5171,5171
5172,5172
5173,5173
5174,5174
5175,5175
5176,5176
5177,5177
5178,5178
5179,5179
5180,5180
5181,5181
5182,5182
5183,5183
5184,5184
5185,5185
5186,5186
5187,5187
5188,5188
5189,5189
5190,5190
5191,5191
5192,5192
5193,5193
5194,5194
5195,5195
5196,5196
5197,5197
5198,5198
5199,5199
5200,5200
5201,5201
5202,5202
5203,5203
5204,5204
5205,5205
5206,5206
5207,5207
5208,5208
5209,5209
5210,5210
5211,5211
5212,5212
5213,5213
5214,5214
5215,5215
5216,5216
5217,5217
5218,5218
5219,5219
5220,5220
5221,5221
5222,5222
5223,5223
5224,5224
5225,5225
5226,5226
5227,5227
5228,5228
5229,5229
5230,5230
5231,5231
5232,5232
5233,5233
5234,5234
5235,5235
5236,5236
5237,5237
5238,5238
5239,5239
5240,5240
5241,5241
5242,5242
5243,5243
5244,5244
5245,5245
5246,5246
5247,5247
5248,5248
5249,5249
5250,5250
5251,5251
5252,5252
5253,5253
5254,5254
5255,5255
5256,5256
5257,5257
5258,5258
5259,5259
5260,5260
5261,5261
5262,5262
5263,5263
5264,5264
5265,5265
5266,5266
5267,5267
5268,5268
5269,5269
5270,5270
5271,5271
5272,5272
5273,5273
5274,5274
5275,5275
5276,5276
5277,5277
5278,5278
5279,5279
5280,5280
5281,5281
5282,5282
5283,5283
5284,5284
5285,5285
5286,5286
5287,5287
5288,5288
5289,5289
5290,5290
5291,5291
5292,5292
5293,5293
5294,5294
5295,5295
5296,5296
5297,5297
5298,5298
5299,5299
5300,5300
5301,5301
5302,5302
5303,5303
5304,5304
5305,5305
5306,5306
5307,5307
5308,5308
5309,5309
5310,5310
5311,5311
5312,5312
5313,5313
5314,5314
5315,5315
5316,5316
5317,5317
5318,5318
5319,5319
5320,5320
5321,5321
5322,5322
5323,5323
5324,5324
5325,5325
5326,5326
5327,5327
5328,5328
5329,5329
5330,5330
5331,5331
5332,5332
5333,5333
5334,5334
5335,5335
5336,5336
5337,5337
5338,5338
5339,5339
5340,5340
5341,5341
5342,5342
5343,5343
5344,5344
5345,5345
5346,5346
5347,5347
5348,5348
5349,5349
5350,5350
5351,5351
5352,5352
5353,5353
5354,5354
5355,5355
5356,5356
5357,5357
5358,5358
5359,5359
5360,5360
5361,5361
5362,5362
5363,5363
5364,5364
5365,5365
5366,5366
5367,5367
5368,5368
5369,5369
5370,5370
5371,5371
5372,5372
5373,5373
5374,5374
5375,5375
5376,5376
5377,5377
5378,5378
5379,5379
5380,5380
5381,5381
5382,5382
5383,5383
5384,5384
5385,5385
5386,5386
5387,5387
5388,5388
5389,5389
5390,5390
5391,5391
5392,5392
5393,5393
5394,5394
5395,5395
5396,5396
5397,5397
5398,5398
5399,5399
5400,5400
5401,5401
5402,5402
5403,5403
5404,5404
5405,5405
5406,5406
5407,5407
5408,5408
5409,5409
5410,5410
5411,5411
5412,5412
5413,5413
5414,5414
5415,5415
5416,5416
5417,5417
5418,5418
5419,5419
5420,5420
5421,5421
5422,5422
5423,5423
5424,5424
5425,5425
5426,5426
5427,5427
5428,5428
5429,5429
5430,5430
5431,5431
5432,5432
5433,5433
5434,5434
5435,5435
5436,5436
5437,5437
5438,5438
5439,5439
5440,5440
5441,5441
5442,5442
5443,5443
5444,5444
5445,5445
5446,5446
5447,5447
5448,5448
5449,5449
5450,5450
5451,5451
5452,5452
5453,5453
5454,5454
5455,5455
5456,5456
5457,5457
5458,5458
5459,5459
5460,5460
5461,5461
5462,5462
5463,5463
5464,5464
5465,5465
5466,5466
5467,5467
5468,5468
5469,5469
5470,5470
5471,5471
5472,5472
5473,5473
5474,5474
5475,5475
5476,5476
5477,5477
5478,5478
5479,5479
5480,5480
5481,5481
5482,5482
5483,5483
5484,5484
5485,5485
5486,5486
5487,5487
5488,5488
5489,5489
5490,5490
5491,5491
5492,5492
5493,5493
5494,5494
5495,5495
5496,5496
5497,5497
5498,5498
5499,5499
5500,5500
5501,5501
5502,5502
5503,5503
5504,5504
5505,5505
5506,5506
5507,5507
5508,5508
5509,5509
5510,5510
5511,5511
5512,5512
5513,5513
5514,5514
5515,5515
5516,5516
5517,5517
5518,5518
5519,5519
5520,5520
5521,5521
5522,5522
5523,5523
5524,5524
5525,5525
5526,5526
5527,5527
5528,5528
5529,5529
5530,5530
5531,5531
5532,5532
5533,5533
5534,5534
5535,5535
5536,5536
5537,5537
5538,5538
5539,5539
5540,5540
5541,5541
5542,5542
5543,5543
5544,5544
5545,5545
5546,5546
5547,5547
5548,5548
5549,5549
5550,5550
5551,5551
5552,5552
5553,5553
5554,5554
5555,5555
5556,5556
5557,5557
5558,5558
5559,5559
5560,5560
5561,5561
5562,5562
5563,5563
5564,5564
5565,5565
5566,5566
5567,5567
5568,5568
5569,5569
5570,5570
5571,5571
5572,5572
5573,5573
5574,5574
5575,5575
5576,5576
5577,5577
5578,5578
5579,5579
5580,5580
5581,5581
5582,5582
5583,5583
5584,5584
5585,5585
5586,5586
5587,5587
5588,5588
5589,5589
5590,5590
5591,5591
5592,5592
5593,5593
5594,5594
5595,5595
5596,5596
5597,5597
5598,5598
5599,5599
5600,5600
5601,5601
5602,5602
5603,5603
5604,5604
5605,5605
5606,5606
5607,5607
5608,5608
5609,5609
5610,5610
5611,5611
5612,5612
5613,5613
5614,5614
5615,5615
5616,5616
5617,5617
5618,5618
5619,5619
5620,5620
5621,5621
5622,5622
5623,5623
5624,5624
5625,5625
5626,5626
5627,5627
5628,5628
5629,5629
5630,5630
5631,5631
5632,5632
5633,5633
5634,5634
5635,5635
5636,5636
5637,5637
5638,5638
5639,5639
5640,5640
5641,5641
5642,5642
5643,5643
5644,5644
5645,5645
5646,5646
5647,5647
5648,5648
5649,5649
5650,5650
5651,5651
5652,5652
5653,5653
5654,5654
5655,5655
5656,5656
5657,5657
5658,5658
5659,5659
5660,5660
5661,5661
5662,5662
5663,5663
5664,5664
5665,5665
5666,5666
5667,5667
5668,5668
5669,5669
5670,5670
5671,5671
5672,5672
5673,5673
5674,5674
5675,5675
5676,5676
5677,5677
5678,5678
5679,5679
5680,5680
5681,5681
5682,5682
5683,5683
5684,5684
5685,5685
5686,5686
5687,5687
5688,5688
5689,5689
5690,5690
5691,5691
5692,5692
5693,5693
5694,5694
5695,5695
5696,5696
5697,5697
5698,5698
5699,5699
5700,5700
5701,5701
5702,5702
5703,5703
5704,5704
5705,5705
5706,5706
5707,5707
5708,5708
5709,5709
5710,5710
5711,5711
5712,5712
5713,5713
5714,5714
5715,5715
5716,5716
5717,5717
5718,5718
5719,5719
5720,5720
5721,5721
5722,5722
5723,5723
5724,5724
5725,5725
5726,5726
5727,5727
5728,5728
5729,5729
5730,5730
5731,5731
5732,5732
5733,5733
5734,5734
5735,5735
5736,5736
5737,5737
5738,5738
5739,5739
5740,5740
5741,5741
5742,5742
5743,5743
5744,5744
5745,5745
5746,5746
5747,5747
5748,5748
5749,5749
5750,5750
5751,5751
5752,5752
5753,5753
5754,5754
5755,5755
5756,5756
5757,5757
5758,5758
5759,5759
5760,5760
5761,5761
5762,5762
5763,5763
5764,5764
5765,5765
5766,5766
5767,5767
5768,5768
5769,5769
5770,5770
5771,5771
5772,5772
5773,5773
5774,5774
5775,5775
5776,5776
5777,5777
5778,5778
5779,5779
5780,5780
5781,5781
5782,5782
5783,5783
5784,5784
5785,5785
5786,5786
5787,5787
5788,5788
5789,5789
5790,5790
5791,5791
5792,5792
5793,5793
5794,5794
5795,5795
5796,5796
5797,5797
5798,5798
5799,5799
5800,5800
5801,5801
5802,5802
5803,5803
5804,5804
5805,5805
5806,5806
5807,5807
5808,5808
5809,5809
5810,5810
5811,5811
5812,5812
5813,5813
5814,5814
5815,5815
5816,5816
5817,5817
5818,5818
5819,5819
5820,5820
5821,5821
5822,5822
5823,5823
5824,5824
5825,5825
5826,5826
5827,5827
5828,5828
5829,5829
5830,5830
5831,5831
5832,5832
5833,5833
5834,5834
5835,5835
5836,5836
5837,5837
5838,5838
5839,5839
5840,5840
5841,5841
5842,5842
5843,5843
5844,5844
5845,5845
5846,5846
5847,5847
5848,5848
5849,5849
5850,5850
5851,5851
5852,5852
5853,5853
5854,5854
5855,5855
5856,5856
5857,5857
5858,5858
5859,5859
5860,5860
5861,5861
5862,5862
5863,5863
5864,5864
5865,5865
5866,5866
5867,5867
5868,5868
5869,5869
5870,5870
5871,5871
5872,5872
5873,5873
5874,5874
5875,5875
5876,5876
5877,5877
5878,5878
5879,5879
5880,5880
5881,5881
5882,5882
5883,5883
5884,5884
5885,5885
5886,5886
5887,5887
5888,5888
5889,5889
5890,5890
5891,5891
5892,5892
5893,5893
5894,5894
5895,5895
5896,5896
5897,5897
5898,5898
5899,5899
5900,5900
5901,5901
5902,5902
5903,5903
5904,5904
5905,5905
5906,5906
5907,5907
5908,5908
5909,5909
5910,5910
5911,5911
5912,5912
5913,5913
5914,5914
5915,5915
5916,5916
5917,5917
5918,5918
5919,5919
5920,5920
5921,5921
5922,5922
5923,5923
5924,5924
5925,5925
5926,5926
5927,5927
5928,5928
5929,5929
5930,5930
5931,5931
5932,5932
5933,5933
5934,5934
5935,5935
5936,5936
5937,5937
5938,5938
5939,5939
5940,5940
5941,5941
5942,5942
5943,5943
5944,5944
5945,5945
5946,5946
5947,5947
5948,5948
5949,5949
5950,5950
5951,5951
5952,5952
5953,5953
5954,5954
5955,5955
5956,5956
5957,5957
5958,5958
5959,5959
5960,5960
5961,5961
5962,5962
5963,5963
5964,5964
5965,5965
5966,5966
5967,5967
5968,5968
5969,5969
5970,5970
5971,5971
5972,5972
5973,5973
5974,5974
5975,5975
5976,5976
5977,5977
5978,5978
5979,5979
5980,5980
5981,5981
5982,5982
5983,5983
5984,5984
5985,5985
5986,5986
5987,5987
5988,5988
5989,5989
5990,5990
5991,5991
5992,5992
5993,5993
5994,5994
5995,5995
5996,5996
5997,5997
5998,5998
5999,5999
6000,6000
6001,6001
6002,6002
6003,6003
6004,6004
6005,6005
6006,6006
6007,6007
6008,6008
6009,6009
6010,6010
6011,6011
6012,6012
6013,6013
6014,6014
6015,6015
6016,6016
6017,6017
6018,6018
6019,6019
6020,6020
6021,6021
6022,6022
6023,6023
6024,6024
6025,6025
6026,6026
6027,6027
6028,6028
6029,6029
6030,6030
6031,6031
6032,6032
6033,6033
6034,6034
6035,6035
6036,6036
6037,6037
6038,6038
6039,6039
6040,6040
6041,6041
6042,6042
6043,6043
6044,6044
6045,6045
6046,6046
6047,6047
6048,6048
6049,6049
6050,6050
6051,6051
6052,6052
6053,6053
6054,6054
6055,6055
6056,6056
6057,6057
6058,6058
6059,6059
6060,6060
6061,6061
6062,6062
6063,6063
6064,6064
6065,6065
6066,6066
6067,6067
6068,6068
6069,6069
6070,6070
6071,6071
6072,6072
6073,6073
6074,6074
6075,6075
6076,6076
6077,6077
6078,6078
6079,6079
6080,6080
6081,6081
6082,6082
6083,6083
6084,6084
6085,6085
6086,6086
6087,6087
6088,6088
6089,6089
6090,6090
6091,6091
6092,6092
6093,6093
6094,6094
6095,6095
6096,6096
6097,6097
6098,6098
6099,6099
6100,6100
6101,6101
6102,6102
6103,6103
6104,6104
6105,6105
6106,6106
6107,6107
6108,6108
6109,6109
6110,6110
6111,6111
6112,6112
6113,6113
6114,6114
6115,6115
6116,6116
6117,6117
6118,6118
6119,6119
6120,6120
6121,6121
6122,6122
6123,6123
6124,6124
6125,6125
6126,6126
6127,6127
6128,6128
6129,6129
6130,6130
6131,6131
6132,6132
6133,6133
6134,6134
6135,6135
6136,6136
6137,6137
6138,6138
6139,6139
6140,6140
6141,6141
6142,6142
6143,6143
6144,6144
6145,6145
6146,6146
6147,6147
6148,6148
6149,6149
6150,6150
6151,6151
6152,6152
6153,6153
6154,6154
6155,6155
6156,6156
6157,6157
6158,6158
6159,6159
6160,6160
6161,6161
6162,6162
6163,6163
6164,6164
6165,6165
6166,6166
6167,6167
6168,6168
6169,6169
6170,6170
6171,6171
6172,6172
6173,6173
6174,6174
6175,6175
6176,6176
6177,6177
6178,6178
6179,6179
6180,6180
6181,6181
6182,6182
6183,6183
6184,6184
6185,6185
6186,6186
6187,6187
6188,6188
6189,6189
6190,6190
6191,6191
6192,6192
6193,6193
6194,6194
6195,6195
6196,6196
6197,6197
6198,6198
6199,6199
6200,6200
6201,6201
6202,6202
6203,6203
6204,6204
6205,6205
6206,6206
6207,6207
6208,6208
6209,6209
6210,6210
6211,6211
6212,6212
6213,6213
6214,6214
6215,6215
6216,6216
6217,6217
6218,6218
6219,6219
6220,6220
6221,6221
6222,6222
6223,6223
6224,6224
6225,6225
6226,6226
6227,6227
6228,6228
6229,6229
6230,6230
6231,6231
6232,6232
6233,6233
6234,6234
6235,6235
6236,6236
6237,6237
6238,6238
6239,6239
6240,6240
6241,6241
6242,6242
6243,6243
6244,6244
6245,6245
6246,6246
6247,6247
6248,6248
6249,6249
6250,6250
6251,6251
6252,6252
6253,6253
6254,6254
6255,6255
6256,6256
6257,6257
6258,6258
6259,6259
6260,6260
6261,6261
6262,6262
6263,6263
6264,6264
6265,6265
6266,6266
6267,6267
6268,6268
6269,6269
6270,6270
6271,6271
6272,6272
6273,6273
6274,6274
6275,6275
6276,6276
6277,6277
6278,6278
6279,6279
6280,6280
6281,6281
6282,6282
6283,6283
6284,6284
6285,6285
6286,6286
6287,6287
6288,6288
6289,6289
6290,6290
6291,6291
6292,6292
6293,6293
6294,6294
6295,6295
6296,6296
6297,6297
6298,6298
6299,6299
6300,6300
6301,6301
6302,6302
6303,6303
6304,6304
6305,6305
6306,6306
6307,6307
6308,6308
6309,6309
6310,6310
6311,6311
6312,6312
6313,6313
6314,6314
6315,6315
6316,6316
6317,6317
6318,6318
6319,6319
6320,6320
6321,6321
6322,6322
6323,6323
6324,6324
6325,6325
6326,6326
6327,6327
6328,6328
6329,6329
6330,6330
6331,6331
6332,6332
6333,6333
6334,6334
6335,6335
6336,6336
6337,6337
6338,6338
6339,6339
6340,6340
6341,6341
6342,6342
6343,6343
6344,6344
6345,6345
6346,6346
6347,6347
6348,6348
6349,6349
6350,6350
6351,6351
6352,6352
6353,6353
6354,6354
6355,6355
6356,6356
6357,6357
6358,6358
6359,6359
6360,6360
6361,6361
6362,6362
6363,6363
6364,6364
6365,6365
6366,6366
6367,6367
6368,6368
6369,6369
6370,6370
6371,6371
6372,6372
6373,6373
6374,6374
6375,6375
6376,6376
6377,6377
6378,6378
6379,6379
6380,6380
6381,6381
6382,6382
6383,6383
6384,6384
6385,6385
6386,6386
6387,6387
6388,6388
6389,6389
6390,6390
6391,6391
6392,6392
6393,6393
6394,6394
6395,6395
6396,6396
6397,6397
6398,6398
6399,6399
6400,6400
6401,6401
6402,6402
6403,6403
6404,6404
6405,6405
6406,6406
6407,6407
6408,6408
6409,6409
6410,6410
6411,6411
6412,6412
6413,6413
6414,6414
6415,6415
6416,6416
6417,6417
6418,6418
6419,6419
6420,6420
6421,6421
6422,6422
6423,6423
6424,6424
6425,6425
6426,6426
6427,6427
6428,6428
6429,6429
6430,6430
6431,6431
6432,6432
6433,6433
6434,6434
6435,6435
6436,6436
6437,6437
6438,6438
6439,6439
6440,6440
6441,6441
6442,6442
6443,6443
6444,6444
6445,6445
6446,6446
6447,6447
6448,6448
6449,6449
6450,6450
6451,6451
6452,6452
6453,6453
6454,6454
6455,6455
6456,6456
6457,6457
6458,6458
6459,6459
6460,6460
6461,6461
6462,6462
6463,6463
6464,6464
6465,6465
6466,6466
6467,6467
6468,6468
6469,6469
6470,6470
6471,6471
6472,6472
6473,6473
6474,6474
6475,6475
6476,6476
6477,6477
6478,6478
6479,6479
6480,6480
6481,6481
6482,6482
6483,6483
6484,6484
6485,6485
6486,6486
6487,6487
6488,6488
6489,6489
6490,6490
6491,6491
6492,6492
6493,6493
6494,6494
6495,6495
6496,6496
6497,6497
6498,6498
6499,6499
6500,6500
6501,6501
6502,6502
6503,6503
6504,6504
6505,6505
6506,6506
6507,6507
6508,6508
6509,6509
6510,6510
6511,6511
6512,6512
6513,6513
6514,6514
6515,6515
6516,6516
6517,6517
6518,6518
6519,6519
6520,6520
6521,6521
6522,6522
6523,6523
6524,6524
6525,6525
6526,6526
6527,6527
6528,6528
6529,6529
6530,6530
6531,6531
6532,6532
6533,6533
6534,6534
6535,6535
6536,6536
6537,6537
6538,6538
6539,6539
6540,6540
6541,6541
6542,6542
6543,6543
6544,6544
6545,6545
6546,6546
6547,6547
6548,6548
6549,6549
6550,6550
6551,6551
6552,6552
6553,6553
6554,6554
6555,6555
6556,6556
6557,6557
6558,6558
6559,6559
6560,6560
6561,6561
6562,6562
6563,6563
6564,6564
6565,6565
6566,6566
6567,6567
6568,6568
6569,6569
6570,6570
6571,6571
6572,6572
6573,6573
6574,6574
6575,6575
6576,6576
6577,6577
6578,6578
6579,6579
6580,6580
6581,6581
6582,6582
6583,6583
6584,6584
6585,6585
6586,6586
6587,6587
6588,6588
6589,6589
6590,6590
6591,6591
6592,6592
6593,6593
6594,6594
6595,6595
6596,6596
6597,6597
6598,6598
6599,6599
6600,6600
6601,6601
6602,6602
6603,6603
6604,6604
6605,6605
6606,6606
6607,6607
6608,6608
6609,6609
6610,6610
6611,6611
6612,6612
6613,6613
6614,6614
6615,6615
6616,6616
6617,6617
6618,6618
6619,6619
6620,6620
6621,6621
6622,6622
6623,6623
6624,6624
6625,6625
6626,6626
6627,6627
6628,6628
6629,6629
6630,6630
6631,6631
6632,6632
6633,6633
6634,6634
6635,6635
6636,6636
6637,6637
6638,6638
6639,6639
6640,6640
6641,6641
6642,6642
6643,6643
6644,6644
6645,6645
6646,6646
6647,6647
6648,6648
6649,6649
6650,6650
6651,6651
6652,6652
6653,6653
6654,6654
6655,6655
6656,6656
6657,6657
6658,6658
6659,6659
6660,6660
6661,6661
6662,6662
6663,6663
6664,6664
6665,6665
6666,6666
6667,6667
6668,6668
6669,6669
6670,6670
6671,6671
6672,6672
6673,6673
6674,6674
6675,6675
6676,6676
6677,6677
6678,6678
6679,6679
6680,6680
6681,6681
6682,6682
6683,6683
6684,6684
6685,6685
6686,6686
6687,6687
6688,6688
6689,6689
6690,6690
6691,6691
6692,6692
6693,6693
6694,6694
6695,6695
6696,6696
6697,6697
6698,6698
6699,6699
6700,6700
6701,6701
6702,6702
6703,6703
6704,6704
6705,6705
6706,6706
6707,6707
6708,6708
6709,6709
6710,6710
6711,6711
6712,6712
6713,6713
6714,6714
6715,6715
6716,6716
6717,6717
6718,6718
6719,6719
6720,6720
6721,6721
6722,6722
6723,6723
6724,6724
6725,6725
6726,6726
6727,6727
6728,6728
6729,6729
6730,6730
6731,6731
6732,6732
6733,6733
6734,6734
6735,6735
6736,6736
6737,6737
6738,6738
6739,6739
6740,6740
6741,6741
6742,6742
6743,6743
6744,6744
6745,6745
6746,6746
6747,6747
6748,6748
6749,6749
6750,6750
6751,6751
6752,6752
6753,6753
6754,6754
6755,6755
6756,6756
6757,6757
6758,6758
6759,6759
6760,6760
6761,6761
6762,6762
6763,6763
6764,6764
6765,6765
6766,6766
6767,6767
6768,6768
6769,6769
6770,6770
6771,6771
6772,6772
6773,6773
6774,6774
6775,6775
6776,6776
6777,6777
6778,6778
6779,6779
6780,6780
6781,6781
6782,6782
6783,6783
6784,6784
6785,6785
6786,6786
6787,6787
6788,6788
6789,6789
6790,6790
6791,6791
6792,6792
6793,6793
6794,6794
6795,6795
6796,6796
6797,6797
6798,6798
6799,6799
6800,6800
6801,6801
6802,6802
6803,6803
6804,6804
6805,6805
6806,6806
6807,6807
6808,6808
6809,6809
6810,6810
6811,6811
6812,6812
6813,6813
6814,6814
6815,6815
6816,6816
6817,6817
6818,6818
6819,6819
6820,6820
6821,6821
6822,6822
6823,6823
6824,6824
6825,6825
6826,6826
6827,6827
6828,6828
6829,6829
6830,6830
6831,6831
6832,6832
6833,6833
6834,6834
6835,6835
6836,6836
6837,6837
6838,6838
6839,6839
6840,6840
6841,6841
6842,6842
6843,6843
6844,6844
6845,6845
6846,6846
6847,6847
6848,6848
6849,6849
6850,6850
6851,6851
6852,6852
6853,6853
6854,6854
6855,6855
6856,6856
6857,6857
6858,6858
6859,6859
6860,6860
6861,6861
6862,6862
6863,6863
6864,6864
6865,6865
6866,6866
6867,6867
6868,6868
6869,6869
6870,6870
6871,6871
6872,6872
6873,6873
6874,6874
6875,6875
6876,6876
6877,6877
6878,6878
6879,6879
6880,6880
6881,6881
6882,6882
6883,6883
6884,6884
6885,6885
6886,6886
6887,6887
6888,6888
6889,6889
6890,6890
6891,6891
6892,6892
6893,6893
6894,6894
6895,6895
6896,6896
6897,6897
6898,6898
6899,6899
6900,6900
6901,6901
6902,6902
6903,6903
6904,6904
6905,6905
6906,6906
6907,6907
6908,6908
6909,6909
6910,6910
6911,6911
6912,6912
6913,6913
6914,6914
6915,6915
6916,6916
6917,6917
6918,6918
6919,6919
6920,6920
6921,6921
6922,6922
6923,6923
6924,6924
6925,6925
6926,6926
6927,6927
6928,6928
6929,6929
6930,6930
6931,6931
6932,6932
6933,6933
6934,6934
6935,6935
6936,6936
6937,6937
6938,6938
6939,6939
6940,6940
6941,6941
6942,6942
6943,6943
6944,6944
6945,6945
6946,6946
6947,6947
6948,6948
6949,6949
6950,6950
6951,6951
6952,6952
6953,6953
6954,6954
6955,6955
6956,6956
6957,6957
6958,6958
6959,6959
6960,6960
6961,6961
6962,6962
6963,6963
6964,6964
6965,6965
6966,6966
6967,6967
6968,6968
6969,6969
6970,6970
6971,6971
6972,6972
6973,6973
6974,6974
6975,6975
6976,6976
6977,6977
6978,6978
6979,6979
6980,6980
6981,6981
6982,6982
6983,6983
6984,6984
6985,6985
6986,6986
6987,6987
6988,6988
6989,6989
6990,6990
6991,6991
6992,6992
6993,6993
6994,6994
6995,6995
6996,6996
6997,6997
6998,6998
6999,6999
7000,7000
7001,7001
7002,7002
7003,7003
7004,7004
7005,7005
7006,7006
7007,7007
7008,7008
7009,7009
7010,7010
7011,7011
7012,7012
7013,7013
7014,7014
7015,7015
7016,7016
7017,7017
7018,7018
7019,7019
7020,7020
7021,7021
7022,7022
7023,7023
7024,7024
7025,7025
7026,7026
7027,7027
7028,7028
7029,7029
7030,7030
7031,7031
7032,7032
7033,7033
7034,7034
7035,7035
7036,7036
7037,7037
7038,7038
7039,7039
7040,7040
7041,7041
7042,7042
7043,7043
7044,7044
7045,7045
7046,7046
7047,7047
7048,7048
7049,7049
7050,7050
7051,7051
7052,7052
7053,7053
7054,7054
7055,7055
7056,7056
7057,7057
7058,7058
7059,7059
7060,7060
7061,7061
7062,7062
7063,7063
7064,7064
7065,7065
7066,7066
7067,7067
7068,7068
7069,7069
7070,7070
7071,7071
7072,7072
7073,7073
7074,7074
7075,7075
7076,7076
7077,7077
7078,7078
7079,7079
7080,7080
7081,7081
7082,7082
7083,7083
7084,7084
7085,7085
7086,7086
7087,7087
7088,7088
7089,7089
7090,7090
7091,7091
7092,7092
7093,7093
7094,7094
7095,7095
7096,7096
7097,7097
7098,7098
7099,7099
7100,7100
7101,7101
7102,7102
7103,7103
7104,7104
7105,7105
7106,7106
7107,7107
7108,7108
7109,7109
7110,7110
7111,7111
7112,7112
7113,7113
7114,7114
7115,7115
7116,7116
7117,7117
7118,7118
7119,7119
7120,7120
7121,7121
7122,7122
7123,7123
7124,7124
7125,7125
7126,7126
7127,7127
7128,7128
7129,7129
7130,7130
7131,7131
7132,7132
7133,7133
7134,7134
7135,7135
7136,7136
7137,7137
7138,7138
7139,7139
7140,7140
7141,7141
7142,7142
7143,7143
7144,7144
7145,7145
7146,7146
7147,7147
7148,7148
7149,7149
7150,7150
7151,7151
7152,7152
7153,7153
7154,7154
7155,7155
7156,7156
7157,7157
7158,7158
7159,7159
7160,7160
7161,7161
7162,7162
7163,7163
7164,7164
7165,7165
7166,7166
7167,7167
7168,7168
7169,7169
7170,7170
7171,7171
7172,7172
7173,7173
7174,7174
7175,7175
7176,7176
7177,7177
7178,7178
7179,7179
7180,7180
7181,7181
7182,7182
7183,7183
7184,7184
7185,7185
7186,7186
7187,7187
7188,7188
7189,7189
7190,7190
7191,7191
7192,7192
7193,7193
7194,7194
7195,7195
7196,7196
7197,7197
7198,7198
7199,7199
7200,7200
7201,7201
7202,7202
7203,7203
7204,7204
7205,7205
7206,7206
7207,7207
7208,7208
7209,7209
7210,7210
7211,7211
7212,7212
7213,7213
7214,7214
7215,7215
7216,7216
7217,7217
7218,7218
7219,7219
7220,7220
7221,7221
7222,7222
7223,7223
7224,7224
7225,7225
7226,7226
7227,7227
7228,7228
7229,7229
7230,7230
7231,7231
7232,7232
7233,7233
7234,7234
7235,7235
7236,7236
7237,7237
7238,7238
7239,7239
7240,7240
7241,7241
7242,7242
7243,7243
7244,7244
7245,7245
7246,7246
7247,7247
7248,7248
7249,7249
7250,7250
7251,7251
7252,7252
7253,7253
7254,7254
7255,7255
7256,7256
7257,7257
7258,7258
7259,7259
7260,7260
7261,7261
7262,7262
7263,7263
7264,7264
7265,7265
7266,7266
7267,7267
7268,7268
7269,7269
7270,7270
7271,7271
7272,7272
7273,7273
7274,7274
7275,7275
7276,7276
7277,7277
7278,7278
7279,7279
7280,7280
7281,7281
7282,7282
7283,7283
7284,7284
7285,7285
7286,7286
7287,7287
7288,7288
7289,7289
7290,7290
7291,7291
7292,7292
7293,7293
7294,7294
7295,7295
7296,7296
7297,7297
7298,7298
7299,7299
7300,7300
7301,7301
7302,7302
7303,7303
7304,7304
7305,7305
7306,7306
7307,7307
7308,7308
7309,7309
7310,7310
7311,7311
7312,7312
7313,7313
7314,7314
7315,7315
7316,7316
7317,7317
7318,7318
7319,7319
7320,7320
7321,7321
7322,7322
7323,7323
7324,7324
7325,7325
7326,7326
7327,7327
7328,7328
7329,7329
7330,7330
7331,7331
7332,7332
7333,7333
7334,7334
7335,7335
7336,7336
7337,7337
7338,7338
7339,7339
7340,7340
7341,7341
7342,7342
7343,7343
7344,7344
7345,7345
7346,7346
7347,7347
7348,7348
7349,7349
7350,7350
7351,7351
7352,7352
7353,7353
7354,7354
7355,7355
7356,7356
7357,7357
7358,7358
7359,7359
7360,7360
7361,7361
7362,7362
7363,7363
7364,7364
7365,7365
7366,7366
7367,7367
7368,7368
7369,7369
7370,7370
7371,7371
7372,7372
7373,7373
7374,7374
7375,7375
7376,7376
7377,7377
7378,7378
7379,7379
7380,7380
7381,7381
7382,7382
7383,7383
7384,7384
7385,7385
7386,7386
7387,7387
7388,7388
7389,7389
7390,7390
7391,7391
7392,7392
7393,7393
7394,7394
7395,7395
7396,7396
7397,7397
7398,7398
7399,7399
7400,7400
7401,7401
7402,7402
7403,7403
7404,7404
7405,7405
7406,7406
7407,7407
7408,7408
7409,7409
7410,7410
7411,7411
7412,7412
7413,7413
7414,7414
7415,7415
7416,7416
7417,7417
7418,7418
7419,7419
7420,7420
7421,7421
7422,7422
7423,7423
7424,7424
7425,7425
7426,7426
7427,7427
7428,7428
7429,7429
7430,7430
7431,7431
7432,7432
7433,7433
7434,7434
7435,7435
7436,7436
7437,7437
7438,7438
7439,7439
7440,7440
7441,7441
7442,7442
7443,7443
7444,7444
7445,7445
7446,7446
7447,7447
7448,7448
7449,7449
7450,7450
7451,7451
7452,7452
7453,7453
7454,7454
7455,7455
7456,7456
7457,7457
7458,7458
7459,7459
7460,7460
7461,7461
7462,7462
7463,7463
7464,7464
7465,7465
7466,7466
7467,7467
7468,7468
7469,7469
7470,7470
7471,7471
7472,7472
7473,7473
7474,7474
7475,7475
7476,7476
7477,7477
7478,7478
7479,7479
7480,7480
7481,7481
7482,7482
7483,7483
7484,7484
7485,7485
7486,7486
7487,7487
7488,7488
7489,7489
7490,7490
7491,7491
7492,7492
7493,7493
7494,7494
7495,7495
7496,7496
7497,7497
7498,7498
7499,7499
7500,7500
7501,7501
7502,7502
7503,7503
7504,7504
7505,7505
7506,7506
7507,7507
7508,7508
7509,7509
7510,7510
7511,7511
7512,7512
7513,7513
7514,7514
7515,7515
7516,7516
7517,7517
7518,7518
7519,7519
7520,7520
7521,7521
7522,7522
7523,7523
7524,7524
7525,7525
7526,7526
7527,7527
7528,7528
7529,7529
7530,7530
7531,7531
7532,7532
7533,7533
7534,7534
7535,7535
7536,7536
7537,7537
7538,7538
7539,7539
7540,7540
7541,7541
7542,7542
7543,7543
7544,7544
7545,7545
7546,7546
7547,7547
7548,7548
7549,7549
7550,7550
7551,7551
7552,7552
7553,7553
7554,7554
7555,7555
7556,7556
7557,7557
7558,7558
7559,7559
7560,7560
7561,7561
7562,7562
7563,7563
7564,7564
7565,7565
7566,7566
7567,7567
7568,7568
7569,7569
7570,7570
7571,7571
7572,7572
7573,7573
7574,7574
7575,7575
7576,7576
7577,7577
7578,7578
7579,7579
7580,7580
7581,7581
7582,7582
7583,7583
7584,7584
7585,7585
7586,7586
7587,7587
7588,7588
7589,7589
7590,7590
7591,7591
7592,7592
7593,7593
7594,7594
7595,7595
7596,7596
7597,7597
7598,7598
7599,7599
7600,7600
7601,7601
7602,7602
7603,7603
7604,7604
7605,7605
7606,7606
7607,7607
7608,7608
7609,7609
7610,7610
7611,7611
7612,7612
7613,7613
7614,7614
7615,7615
7616,7616
7617,7617
7618,7618
7619,7619
7620,7620
7621,7621
7622,7622
7623,7623
7624,7624
7625,7625
7626,7626
7627,7627
7628,7628
7629,7629
7630,7630
7631,7631
7632,7632
7633,7633
7634,7634
7635,7635
7636,7636
7637,7637
7638,7638
7639,7639
7640,7640
7641,7641
7642,7642
7643,7643
7644,7644
7645,7645
7646,7646
7647,7647
7648,7648
7649,7649
7650,7650
7651,7651
7652,7652
7653,7653
7654,7654
7655,7655
7656,7656
7657,7657
7658,7658
7659,7659
7660,7660
7661,7661
7662,7662
7663,7663
7664,7664
7665,7665
7666,7666
7667,7667
7668,7668
7669,7669
7670,7670
7671,7671
7672,7672
7673,7673
7674,7674
7675,7675
7676,7676
7677,7677
7678,7678
7679,7679
7680,7680
7681,7681
7682,7682
7683,7683
7684,7684
7685,7685
7686,7686
7687,7687
7688,7688
7689,7689
7690,7690
7691,7691
7692,7692
7693,7693
7694,7694
7695,7695
7696,7696
7697,7697
7698,7698
7699,7699
7700,7700
7701,7701
7702,7702
7703,7703
7704,7704
7705,7705
7706,7706
7707,7707
7708,7708
7709,7709
7710,7710
7711,7711
7712,7712
7713,7713
7714,7714
7715,7715
7716,7716
7717,7717
7718,7718
7719,7719
7720,7720
7721,7721
7722,7722
7723,7723
7724,7724
7725,7725
7726,7726
7727,7727
7728,7728
7729,7729
7730,7730
7731,7731
7732,7732
7733,7733
7734,7734
7735,7735
7736,7736
7737,7737
7738,7738
7739,7739
7740,7740
7741,7741
7742,7742
7743,7743
7744,7744
7745,7745
7746,7746
7747,7747
7748,7748
7749,7749
7750,7750
7751,7751
7752,7752
7753,7753
7754,7754
7755,7755
7756,7756
7757,7757
7758,7758
7759,7759
7760,7760
7761,7761
7762,7762
7763,7763
7764,7764
7765,7765
7766,7766
7767,7767
7768,7768
7769,7769
7770,7770
7771,7771
7772,7772
7773,7773
7774,7774
7775,7775
7776,7776
7777,7777
7778,7778
7779,7779
7780,7780
7781,7781
7782,7782
7783,7783
7784,7784
7785,7785
7786,7786
7787,7787
7788,7788
7789,7789
7790,7790
7791,7791
7792,7792
7793,7793
7794,7794
7795,7795
7796,7796
7797,7797
7798,7798
7799,7799
7800,7800
7801,7801
7802,7802
7803,7803
7804,7804
7805,7805
7806,7806
7807,7807
7808,7808
7809,7809
7810,7810
7811,7811
7812,7812
7813,7813
7814,7814
7815,7815
7816,7816
7817,7817
7818,7818
7819,7819
7820,7820
7821,7821
7822,7822
7823,7823
7824,7824
7825,7825
7826,7826
7827,7827
7828,7828
7829,7829
7830,7830
7831,7831
7832,7832
7833,7833
7834,7834
7835,7835
7836,7836
7837,7837
7838,7838
7839,7839
7840,7840
7841,7841
7842,7842
7843,7843
7844,7844
7845,7845
7846,7846
7847,7847
7848,7848
7849,7849
7850,7850
7851,7851
7852,7852
7853,7853
7854,7854
7855,7855
7856,7856
7857,7857
7858,7858
7859,7859
7860,7860
7861,7861
7862,7862
7863,7863
7864,7864
7865,7865
7866,7866
7867,7867
7868,7868
7869,7869
7870,7870
7871,7871
7872,7872
7873,7873
7874,7874
7875,7875
7876,7876
7877,7877
7878,7878
7879,7879
7880,7880
7881,7881
7882,7882
7883,7883
7884,7884
7885,7885
7886,7886
7887,7887
7888,7888
7889,7889
7890,7890
7891,7891
7892,7892
7893,7893
7894,7894
7895,7895
7896,7896
7897,7897
7898,7898
7899,7899
7900,7900
7901,7901
7902,7902
7903,7903
7904,7904
7905,7905
7906,7906
7907,7907
7908,7908
7909,7909
7910,7910
7911,7911
7912,7912
7913,7913
7914,7914
7915,7915
7916,7916
7917,7917
7918,7918
7919,7919
7920,7920
7921,7921
7922,7922
7923,7923
7924,7924
7925,7925
7926,7926
7927,7927
7928,7928
7929,7929
7930,7930
7931,7931
7932,7932
7933,7933
7934,7934
7935,7935
7936,7936
7937,7937
7938,7938
7939,7939
7940,7940
7941,7941
7942,7942
7943,7943
7944,7944
7945,7945
7946,7946
7947,7947
7948,7948
7949,7949
7950,7950
7951,7951
7952,7952
7953,7953
7954,7954
7955,7955
7956,7956
7957,7957
7958,7958
7959,7959
7960,7960
7961,7961
7962,7962
7963,7963
7964,7964
7965,7965
7966,7966
7967,7967
7968,7968
7969,7969
7970,7970
7971,7971
7972,7972
7973,7973
7974,7974
7975,7975
7976,7976
7977,7977
7978,7978
7979,7979
7980,7980
7981,7981
7982,7982
7983,7983
7984,7984
7985,7985
7986,7986
7987,7987
7988,7988
7989,7989
7990,7990
7991,7991
7992,7992
7993,7993
7994,7994
7995,7995
7996,7996
7997,7997
7998,7998
7999,7999
8000,8000
8001,8001
8002,8002
8003,8003
8004,8004
8005,8005
8006,8006
8007,8007
8008,8008
8009,8009
8010,8010
8011,8011
8012,8012
8013,8013
8014,8014
8015,8015
8016,8016
8017,8017
8018,8018
8019,8019
8020,8020
8021,8021
8022,8022
8023,8023
8024,8024
8025,8025
8026,8026
8027,8027
8028,8028
8029,8029
8030,8030
8031,8031
8032,8032
8033,8033
8034,8034
8035,8035
8036,8036
8037,8037
8038,8038
8039,8039
8040,8040
8041,8041
8042,8042
8043,8043
8044,8044
8045,8045
8046,8046
8047,8047
8048,8048
8049,8049
8050,8050
8051,8051
8052,8052
8053,8053
8054,8054
8055,8055
8056,8056
8057,8057
8058,8058
8059,8059
8060,8060
8061,8061
8062,8062
8063,8063
8064,8064
8065,8065
8066,8066
8067,8067
8068,8068
8069,8069
8070,8070
8071,8071
8072,8072
8073,8073
8074,8074
8075,8075
8076,8076
8077,8077
8078,8078
8079,8079
8080,8080
8081,8081
8082,8082
8083,8083
8084,8084
8085,8085
8086,8086
8087,8087
8088,8088
8089,8089
8090,8090
8091,8091
8092,8092
8093,8093
8094,8094
8095,8095
8096,8096
8097,8097
8098,8098
8099,8099
8100,8100
8101,8101
8102,8102
8103,8103
8104,8104
8105,8105
8106,8106
8107,8107
8108,8108
8109,8109
8110,8110
8111,8111
8112,8112
8113,8113
8114,8114
8115,8115
8116,8116
8117,8117
8118,8118
8119,8119
8120,8120
8121,8121
8122,8122
8123,8123
8124,8124
8125,8125
8126,8126
8127,8127
8128,8128
8129,8129
8130,8130
8131,8131
8132,8132
8133,8133
8134,8134
8135,8135
8136,8136
8137,8137
8138,8138
8139,8139
8140,8140
8141,8141
8142,8142
8143,8143
8144,8144
8145,8145
8146,8146
8147,8147
8148,8148
8149,8149
8150,8150
8151,8151
8152,8152
8153,8153
8154,8154
8155,8155
8156,8156
8157,8157
8158,8158
8159,8159
8160,8160
8161,8161
8162,8162
8163,8163
8164,8164
8165,8165
8166,8166
8167,8167
8168,8168
8169,8169
8170,8170
8171,8171
8172,8172
8173,8173
8174,8174
8175,8175
8176,8176
8177,8177
8178,8178
8179,8179
8180,8180
8181,8181
8182,8182
8183,8183
8184,8184
8185,8185
8186,8186
8187,8187
8188,8188
8189,8189
8190,8190
8191,8191
8192,8192
8193,8193
8194,8194
8195,8195
8196,8196
8197,8197
8198,8198
8199,8199
8200,8200
8201,8201
8202,8202
8203,8203
8204,8204
8205,8205
8206,8206
8207,8207
8208,8208
8209,8209
8210,8210
8211,8211
8212,8212
8213,8213
8214,8214
8215,8215
8216,8216
8217,8217
8218,8218
8219,8219
8220,8220
8221,8221
8222,8222
8223,8223
8224,8224
8225,8225
8226,8226
8227,8227
8228,8228
8229,8229
8230,8230
8231,8231
8232,8232
8233,8233
8234,8234
8235,8235
8236,8236
8237,8237
8238,8238
8239,8239
8240,8240
8241,8241
8242,8242
8243,8243
8244,8244
8245,8245
8246,8246
8247,8247
8248,8248
8249,8249
8250,8250
8251,8251
8252,8252
8253,8253
8254,8254
8255,8255
8256,8256
8257,8257
8258,8258
8259,8259
8260,8260
8261,8261
8262,8262
8263,8263
8264,8264
8265,8265
8266,8266
8267,8267
8268,8268
8269,8269
8270,8270
8271,8271
8272,8272
8273,8273
8274,8274
8275,8275
8276,8276
8277,8277
8278,8278
8279,8279
8280,8280
8281,8281
8282,8282
8283,8283
8284,8284
8285,8285
8286,8286
8287,8287
8288,8288
8289,8289
8290,8290
8291,8291
8292,8292
8293,8293
8294,8294
8295,8295
8296,8296
8297,8297
8298,8298
8299,8299
8300,8300
8301,8301
8302,8302
8303,8303
8304,8304
8305,8305
8306,8306
8307,8307
8308,8308
8309,8309
8310,8310
8311,8311
8312,8312
8313,8313
8314,8314
8315,8315
8316,8316
8317,8317
8318,8318
8319,8319
8320,8320
8321,8321
8322,8322
8323,8323
8324,8324
8325,8325
8326,8326
8327,8327
8328,8328
8329,8329
8330,8330
8331,8331
8332,8332
8333,8333
8334,8334
8335,8335
8336,8336
8337,8337
8338,8338
8339,8339
8340,8340
8341,8341
8342,8342
8343,8343
8344,8344
8345,8345
8346,8346
8347,8347
8348,8348
8349,8349
8350,8350
8351,8351
8352,8352
8353,8353
8354,8354
8355,8355
8356,8356
8357,8357
8358,8358
8359,8359
8360,8360
8361,8361
8362,8362
8363,8363
8364,8364
8365,8365
8366,8366
8367,8367
8368,8368
8369,8369
8370,8370
8371,8371
8372,8372
8373,8373
8374,8374
8375,8375
8376,8376
8377,8377
8378,8378
8379,8379
8380,8380
8381,8381
8382,8382
8383,8383
8384,8384
8385,8385
8386,8386
8387,8387
8388,8388
8389,8389
8390,8390
8391,8391
8392,8392
8393,8393
8394,8394
8395,8395
8396,8396
8397,8397
8398,8398
8399,8399
8400,8400
8401,8401
8402,8402
8403,8403
8404,8404
8405,8405
8406,8406
8407,8407
8408,8408
8409,8409
8410,8410
8411,8411
8412,8412
8413,8413
8414,8414
8415,8415
8416,8416
8417,8417
8418,8418
8419,8419
8420,8420
8421,8421
8422,8422
8423,8423
8424,8424
8425,8425
8426,8426
8427,8427
8428,8428
8429,8429
8430,8430
8431,8431
8432,8432
8433,8433
8434,8434
8435,8435
8436,8436
8437,8437
8438,8438
8439,8439
8440,8440
8441,8441
8442,8442
8443,8443
8444,8444
8445,8445
8446,8446
8447,8447
8448,8448
8449,8449
8450,8450
8451,8451
8452,8452
8453,8453
8454,8454
8455,8455
8456,8456
8457,8457
8458,8458
8459,8459
8460,8460
8461,8461
8462,8462
8463,8463
8464,8464
8465,8465
8466,8466
8467,8467
8468,8468
8469,8469
8470,8470
8471,8471
8472,8472
8473,8473
8474,8474
8475,8475
8476,8476
8477,8477
8478,8478
8479,8479
8480,8480
8481,8481
8482,8482
8483,8483
8484,8484
8485,8485
8486,8486
8487,8487
8488,8488
8489,8489
8490,8490
8491,8491
8492,8492
8493,8493
8494,8494
8495,8495
8496,8496
8497,8497
8498,8498
8499,8499
8500,8500
8501,8501
8502,8502
8503,8503
8504,8504
8505,8505
8506,8506
8507,8507
8508,8508
8509,8509
8510,8510
8511,8511
8512,8512
8513,8513
8514,8514
8515,8515
8516,8516
8517,8517
8518,8518
8519,8519
8520,8520
8521,8521
8522,8522
8523,8523
8524,8524
8525,8525
8526,8526
8527,8527
8528,8528
8529,8529
8530,8530
8531,8531
8532,8532
8533,8533
8534,8534
8535,8535
8536,8536
8537,8537
8538,8538
8539,8539
8540,8540
8541,8541
8542,8542
8543,8543
8544,8544
8545,8545
8546,8546
8547,8547
8548,8548
8549,8549
8550,8550
8551,8551
8552,8552
8553,8553
8554,8554
8555,8555
8556,8556
8557,8557
8558,8558
8559,8559
8560,8560
8561,8561
8562,8562
8563,8563
8564,8564
8565,8565
8566,8566
8567,8567
8568,8568
8569,8569
8570,8570
8571,8571
8572,8572
8573,8573
8574,8574
8575,8575
8576,8576
8577,8577
8578,8578
8579,8579
8580,8580
8581,8581
8582,8582
8583,8583
8584,8584
8585,8585
8586,8586
8587,8587
8588,8588
8589,8589
8590,8590
8591,8591
8592,8592
8593,8593
8594,8594
8595,8595
8596,8596
8597,8597
8598,8598
8599,8599
8600,8600
8601,8601
8602,8602
8603,8603
8604,8604
8605,8605
8606,8606
8607,8607
8608,8608
8609,8609
8610,8610
8611,8611
8612,8612
8613,8613
8614,8614
8615,8615
8616,8616
8617,8617
8618,8618
8619,8619
8620,8620
8621,8621
8622,8622
8623,8623
8624,8624
8625,8625
8626,8626
8627,8627
8628,8628
8629,8629
8630,8630
8631,8631
8632,8632
8633,8633
8634,8634
8635,8635
8636,8636
8637,8637
8638,8638
8639,8639
8640,8640
8641,8641
8642,8642
8643,8643
8644,8644
8645,8645
8646,8646
8647,8647
8648,8648
8649,8649
8650,8650
8651,8651
8652,8652
8653,8653
8654,8654
8655,8655
8656,8656
8657,8657
8658,8658
8659,8659
8660,8660
8661,8661
8662,8662
8663,8663
8664,8664
8665,8665
8666,8666
8667,8667
8668,8668
8669,8669
8670,8670
8671,8671
8672,8672
8673,8673
8674,8674
8675,8675
8676,8676
8677,8677
8678,8678
8679,8679
8680,8680
8681,8681
8682,8682
8683,8683
8684,8684
8685,8685
8686,8686
8687,8687
8688,8688
8689,8689
8690,8690
8691,8691
8692,8692
8693,8693
8694,8694
8695,8695
8696,8696
8697,8697
8698,8698
8699,8699
8700,8700
8701,8701
8702,8702
8703,8703
8704,8704
8705,8705
8706,8706
8707,8707
8708,8708
8709,8709
8710,8710
8711,8711
8712,8712
8713,8713
8714,8714
8715,8715
8716,8716
8717,8717
8718,8718
8719,8719
8720,8720
8721,8721
8722,8722
8723,8723
8724,8724
8725,8725
8726,8726
8727,8727
8728,8728
8729,8729
8730,8730
8731,8731
8732,8732
8733,8733
8734,8734
8735,8735
8736,8736
8737,8737
8738,8738
8739,8739
8740,8740
8741,8741
8742,8742
8743,8743
8744,8744
8745,8745
8746,8746
8747,8747
8748,8748
8749,8749
8750,8750
8751,8751
8752,8752
8753,8753
8754,8754
8755,8755
8756,8756
8757,8757
8758,8758
8759,8759
8760,8760
8761,8761
8762,8762
8763,8763
8764,8764
8765,8765
8766,8766
8767,8767
8768,8768
8769,8769
8770,8770
8771,8771
8772,8772
8773,8773
8774,8774
8775,8775
8776,8776
8777,8777
8778,8778
8779,8779
8780,8780
8781,8781
8782,8782
8783,8783
8784,8784
8785,8785
8786,8786
8787,8787
8788,8788
8789,8789
8790,8790
8791,8791
8792,8792
8793,8793
8794,8794
8795,8795
8796,8796
8797,8797
8798,8798
8799,8799
8800,8800
8801,8801
8802,8802
8803,8803
8804,8804
8805,8805
8806,8806
8807,8807
8808,8808
8809,8809
8810,8810
8811,8811
8812,8812
8813,8813
8814,8814
8815,8815
8816,8816
8817,8817
8818,8818
8819,8819
8820,8820
8821,8821
8822,8822
8823,8823
8824,8824
8825,8825
8826,8826
8827,8827
8828,8828
8829,8829
8830,8830
8831,8831
8832,8832
8833,8833
8834,8834
8835,8835
8836,8836
8837,8837
8838,8838
8839,8839
8840,8840
8841,8841
8842,8842
8843,8843
8844,8844
8845,8845
8846,8846
8847,8847
8848,8848
8849,8849
8850,8850
8851,8851
8852,8852
8853,8853
8854,8854
8855,8855
8856,8856
8857,8857
8858,8858
8859,8859
8860,8860
8861,8861
8862,8862
8863,8863
8864,8864
8865,8865
8866,8866
8867,8867
8868,8868
8869,8869
8870,8870
8871,8871
8872,8872
8873,8873
8874,8874
8875,8875
8876,8876
8877,8877
8878,8878
8879,8879
8880,8880
8881,8881
8882,8882
8883,8883
8884,8884
8885,8885
8886,8886
8887,8887
8888,8888
8889,8889
8890,8890
8891,8891
8892,8892
8893,8893
8894,8894
8895,8895
8896,8896
8897,8897
8898,8898
8899,8899
8900,8900
8901,8901
8902,8902
8903,8903
8904,8904
8905,8905
8906,8906
8907,8907
8908,8908
8909,8909
8910,8910
8911,8911
8912,8912
8913,8913
8914,8914
8915,8915
8916,8916
8917,8917
8918,8918
8919,8919
8920,8920
8921,8921
8922,8922
8923,8923
8924,8924
8925,8925
8926,8926
8927,8927
8928,8928
8929,8929
8930,8930
8931,8931
8932,8932
8933,8933
8934,8934
8935,8935
8936,8936
8937,8937
8938,8938
8939,8939
8940,8940
8941,8941
8942,8942
8943,8943
8944,8944
8945,8945
8946,8946
8947,8947
8948,8948
8949,8949
8950,8950
8951,8951
8952,8952
8953,8953
8954,8954
8955,8955
8956,8956
8957,8957
8958,8958
8959,8959
8960,8960
8961,8961
8962,8962
8963,8963
8964,8964
8965,8965
8966,8966
8967,8967
8968,8968
8969,8969
8970,8970
8971,8971
8972,8972
8973,8973
8974,8974
8975,8975
8976,8976
8977,8977
8978,8978
8979,8979
8980,8980
8981,8981
8982,8982
8983,8983
8984,8984
8985,8985
8986,8986
8987,8987
8988,8988
8989,8989
8990,8990
8991,8991
8992,8992
8993,8993
8994,8994
8995,8995
8996,8996
8997,8997
8998,8998
8999,8999
9000,9000
9001,9001
9002,9002
9003,9003
9004,9004
9005,9005
9006,9006
9007,9007
9008,9008
9009,9009
9010,9010
9011,9011
9012,9012
9013,9013
9014,9014
9015,9015
9016,9016
9017,9017
9018,9018
9019,9019
9020,9020
9021,9021
9022,9022
9023,9023
9024,9024
9025,9025
9026,9026
9027,9027
9028,9028
9029,9029
9030,9030
9031,9031
9032,9032
9033,9033
9034,9034
9035,9035
9036,9036
9037,9037
9038,9038
9039,9039
9040,9040
9041,9041
9042,9042
9043,9043
9044,9044
9045,9045
9046,9046
9047,9047
9048,9048
9049,9049
9050,9050
9051,9051
9052,9052
9053,9053
9054,9054
9055,9055
9056,9056
9057,9057
9058,9058
9059,9059
9060,9060
9061,9061
9062,9062
9063,9063
9064,9064
9065,9065
9066,9066
9067,9067
9068,9068
9069,9069
9070,9070
9071,9071
9072,9072
9073,9073
9074,9074
9075,9075
9076,9076
9077,9077
9078,9078
9079,9079
9080,9080
9081,9081
9082,9082
9083,9083
9084,9084
9085,9085
9086,9086
9087,9087
9088,9088
9089,9089
9090,9090
9091,9091
9092,9092
9093,9093
9094,9094
9095,9095
9096,9096
9097,9097
9098,9098
9099,9099
9100,9100
9101,9101
9102,9102
9103,9103
9104,9104
9105,9105
9106,9106
9107,9107
9108,9108
9109,9109
9110,9110
9111,9111
9112,9112
9113,9113
9114,9114
9115,9115
9116,9116
9117,9117
9118,9118
9119,9119
9120,9120
9121,9121
9122,9122
9123,9123
9124,9124
9125,9125
9126,9126
9127,9127
9128,9128
9129,9129
9130,9130
9131,9131
9132,9132
9133,9133
9134,9134
9135,9135
9136,9136
9137,9137
9138,9138
9139,9139
9140,9140
9141,9141
9142,9142
9143,9143
9144,9144
9145,9145
9146,9146
9147,9147
9148,9148
9149,9149
9150,9150
9151,9151
9152,9152
9153,9153
9154,9154
9155,9155
9156,9156
9157,9157
9158,9158
9159,9159
9160,9160
9161,9161
9162,9162
9163,9163
9164,9164
9165,9165
9166,9166
9167,9167
9168,9168
9169,9169
9170,9170
9171,9171
9172,9172
9173,9173
9174,9174
9175,9175
9176,9176
9177,9177
9178,9178
9179,9179
9180,9180
9181,9181
9182,9182
9183,9183
9184,9184
9185,9185
9186,9186
9187,9187
9188,9188
9189,9189
9190,9190
9191,9191
9192,9192
9193,9193
9194,9194
9195,9195
9196,9196
9197,9197
9198,9198
9199,9199
9200,9200
9201,9201
9202,9202
9203,9203
9204,9204
9205,9205
9206,9206
9207,9207
9208,9208
9209,9209
9210,9210
9211,9211
9212,9212
9213,9213
9214,9214
9215,9215
9216,9216
9217,9217
9218,9218
9219,9219
9220,9220
9221,9221
9222,9222
9223,9223
9224,9224
9225,9225
9226,9226
9227,9227
9228,9228
9229,9229
9230,9230
9231,9231
9232,9232
9233,9233
9234,9234
9235,9235
9236,9236
9237,9237
9238,9238
9239,9239
9240,9240
9241,9241
9242,9242
9243,9243
9244,9244
9245,9245
9246,9246
9247,9247
9248,9248
9249,9249
9250,9250
9251,9251
9252,9252
9253,9253
9254,9254
9255,9255
9256,9256
9257,9257
9258,9258
9259,9259
9260,9260
9261,9261
9262,9262
9263,9263
9264,9264
9265,9265
9266,9266
9267,9267
9268,9268
9269,9269
9270,9270
9271,9271
9272,9272
9273,9273
9274,9274
9275,9275
9276,9276
9277,9277
9278,9278
9279,9279
9280,9280
9281,9281
9282,9282
9283,9283
9284,9284
9285,9285
9286,9286
9287,9287
9288,9288
9289,9289
9290,9290
9291,9291
9292,9292
9293,9293
9294,9294
9295,9295
9296,9296
9297,9297
9298,9298
9299,9299
9300,9300
9301,9301
9302,9302
9303,9303
9304,9304
9305,9305
9306,9306
9307,9307
9308,9308
9309,9309
9310,9310
9311,9311
9312,9312
9313,9313
9314,9314
9315,9315
9316,9316
9317,9317
9318,9318
9319,9319
9320,9320
9321,9321
9322,9322
9323,9323
9324,9324
9325,9325
9326,9326
9327,9327
9328,9328
9329,9329
9330,9330
9331,9331
9332,9332
9333,9333
9334,9334
9335,9335
9336,9336
9337,9337
9338,9338
9339,9339
9340,9340
9341,9341
9342,9342
9343,9343
9344,9344
9345,9345
9346,9346
9347,9347
9348,9348
9349,9349
9350,9350
9351,9351
9352,9352
9353,9353
9354,9354
9355,9355
9356,9356
9357,9357
9358,9358
9359,9359
9360,9360
9361,9361
9362,9362
9363,9363
9364,9364
9365,9365
9366,9366
9367,9367
9368,9368
9369,9369
9370,9370
9371,9371
9372,9372
9373,9373
9374,9374
9375,9375
9376,9376
9377,9377
9378,9378
9379,9379
9380,9380
9381,9381
9382,9382
9383,9383
9384,9384
9385,9385
9386,9386
9387,9387
9388,9388
9389,9389
9390,9390
9391,9391
9392,9392
9393,9393
9394,9394
9395,9395
9396,9396
9397,9397
9398,9398
9399,9399
9400,9400
9401,9401
9402,9402
9403,9403
9404,9404
9405,9405
9406,9406
9407,9407
9408,9408
9409,9409
9410,9410
9411,9411
9412,9412
9413,9413
9414,9414
9415,9415
9416,9416
9417,9417
9418,9418
9419,9419
9420,9420
9421,9421
9422,9422
9423,9423
9424,9424
9425,9425
9426,9426
9427,9427
9428,9428
9429,9429
9430,9430
9431,9431
9432,9432
9433,9433
9434,9434
9435,9435
9436,9436
9437,9437
9438,9438
9439,9439
9440,9440
9441,9441
9442,9442
9443,9443
9444,9444
9445,9445
9446,9446
9447,9447
9448,9448
9449,9449
9450,9450
9451,9451
9452,9452
9453,9453
9454,9454
9455,9455
9456,9456
9457,9457
9458,9458
9459,9459
9460,9460
9461,9461
9462,9462
9463,9463
9464,9464
9465,9465
9466,9466
9467,9467
9468,9468
9469,9469
9470,9470
9471,9471
9472,9472
9473,9473
9474,9474
9475,9475
9476,9476
9477,9477
9478,9478
9479,9479
9480,9480
9481,9481
9482,9482
9483,9483
9484,9484
9485,9485
9486,9486
9487,9487
9488,9488
9489,9489
9490,9490
9491,9491
9492,9492
9493,9493
9494,9494
9495,9495
9496,9496
9497,9497
9498,9498
9499,9499
9500,9500
9501,9501
9502,9502
9503,9503
9504,9504
9505,9505
9506,9506
9507,9507
9508,9508
9509,9509
9510,9510
9511,9511
9512,9512
9513,9513
9514,9514
9515,9515
9516,9516
9517,9517
9518,9518
9519,9519
9520,9520
9521,9521
9522,9522
9523,9523
9524,9524
9525,9525
9526,9526
9527,9527
9528,9528
9529,9529
9530,9530
9531,9531
9532,9532
9533,9533
9534,9534
9535,9535
9536,9536
9537,9537
9538,9538
9539,9539
9540,9540
9541,9541
9542,9542
9543,9543
9544,9544
9545,9545
9546,9546
9547,9547
9548,9548
9549,9549
9550,9550
9551,9551
9552,9552
9553,9553
9554,9554
9555,9555
9556,9556
9557,9557
9558,9558
9559,9559
9560,9560
9561,9561
9562,9562
9563,9563
9564,9564
9565,9565
9566,9566
9567,9567
9568,9568
9569,9569
9570,9570
9571,9571
9572,9572
9573,9573
9574,9574
9575,9575
9576,9576
9577,9577
9578,9578
9579,9579
9580,9580
9581,9581
9582,9582
9583,9583
9584,9584
9585,9585
9586,9586
9587,9587
9588,9588
9589,9589
9590,9590
9591,9591
9592,9592
9593,9593
9594,9594
9595,9595
9596,9596
9597,9597
9598,9598
9599,9599
9600,9600
9601,9601
9602,9602
9603,9603
9604,9604
9605,9605
9606,9606
9607,9607
9608,9608
9609,9609
9610,9610
9611,9611
9612,9612
9613,9613
9614,9614
9615,9615
9616,9616
9617,9617
9618,9618
9619,9619
9620,9620
9621,9621
9622,9622
9623,9623
9624,9624
9625,9625
9626,9626
9627,9627
9628,9628
9629,9629
9630,9630
9631,9631
9632,9632
9633,9633
9634,9634
9635,9635
9636,9636
9637,9637
9638,9638
9639,9639
9640,9640
9641,9641
9642,9642
9643,9643
9644,9644
9645,9645
9646,9646
9647,9647
9648,9648
9649,9649
9650,9650
9651,9651
9652,9652
9653,9653
9654,9654
9655,9655
9656,9656
9657,9657
9658,9658
9659,9659
9660,9660
9661,9661
9662,9662
9663,9663
9664,9664
9665,9665
9666,9666
9667,9667
9668,9668
9669,9669
9670,9670
9671,9671
9672,9672
9673,9673
9674,9674
9675,9675
9676,9676
9677,9677
9678,9678
9679,9679
9680,9680
9681,9681
9682,9682
9683,9683
9684,9684
9685,9685
9686,9686
9687,9687
9688,9688
9689,9689
9690,9690
9691,9691
9692,9692
9693,9693
9694,9694
9695,9695
9696,9696
9697,9697
9698,9698
9699,9699
9700,9700
9701,9701
9702,9702
9703,9703
9704,9704
9705,9705
9706,9706
9707,9707
9708,9708
9709,9709
9710,9710
9711,9711
9712,9712
9713,9713
9714,9714
9715,9715
9716,9716
9717,9717
9718,9718
9719,9719
9720,9720
9721,9721
9722,9722
9723,9723
9724,9724
9725,9725
9726,9726
9727,9727
9728,9728
9729,9729
9730,9730
9731,9731
9732,9732
9733,9733
9734,9734
9735,9735
9736,9736
9737,9737
9738,9738
9739,9739
9740,9740
9741,9741
9742,9742
9743,9743
9744,9744
9745,9745
9746,9746
9747,9747
9748,9748
9749,9749
9750,9750
9751,9751
9752,9752
9753,9753
9754,9754
9755,9755
9756,9756
9757,9757
9758,9758
9759,9759
9760,9760
9761,9761
9762,9762
9763,9763
9764,9764
9765,9765
9766,9766
9767,9767
9768,9768
9769,9769
9770,9770
9771,9771
9772,9772
9773,9773
9774,9774
9775,9775
9776,9776
9777,9777
9778,9778
9779,9779
9780,9780
9781,9781
9782,9782
9783,9783
9784,9784
9785,9785
9786,9786
9787,9787
9788,9788
9789,9789
9790,9790
9791,9791
9792,9792
9793,9793
9794,9794
9795,9795
9796,9796
9797,9797
9798,9798
9799,9799
9800,9800
9801,9801
9802,9802
9803,9803
9804,9804
9805,9805
9806,9806
9807,9807
9808,9808
9809,9809
9810,9810
9811,9811
9812,9812
9813,9813
9814,9814
9815,9815
9816,9816
9817,9817
9818,9818
9819,9819
9820,9820
9821,9821
9822,9822
9823,9823
9824,9824
9825,9825
9826,9826
9827,9827
9828,9828
9829,9829
9830,9830
9831,9831
9832,9832
9833,9833
9834,9834
9835,9835
9836,9836
9837,9837
9838,9838
9839,9839
9840,9840
9841,9841
9842,9842
9843,9843
9844,9844
9845,9845
9846,9846
9847,9847
9848,9848
9849,9849
9850,9850
9851,9851
9852,9852
9853,9853
9854,9854
9855,9855
9856,9856
9857,9857
9858,9858
9859,9859
9860,9860
9861,9861
9862,9862
9863,9863
9864,9864
9865,9865
9866,9866
9867,9867
9868,9868
9869,9869
9870,9870
9871,9871
9872,9872
9873,9873
9874,9874
9875,9875
9876,9876
9877,9877
9878,9878
9879,9879
9880,9880
9881,9881
9882,9882
9883,9883
9884,9884
9885,9885
9886,9886
9887,9887
9888,9888
9889,9889
9890,9890
9891,9891
9892,9892
9893,9893
9894,9894
9895,9895
9896,9896
9897,9897
9898,9898
9899,9899
9900,9900
9901,9901
9902,9902
9903,9903
9904,9904
9905,9905
9906,9906
9907,9907
9908,9908
9909,9909
9910,9910
9911,9911
9912,9912
9913,9913
9914,9914
9915,9915
9916,9916
9917,9917
9918,9918
9919,9919
9920,9920
9921,9921
9922,9922
9923,9923
9924,9924
9925,9925
9926,9926
9927,9927
9928,9928
9929,9929
9930,9930
9931,9931
9932,9932
9933,9933
9934,9934
9935,9935
9936,9936
9937,9937
9938,9938
9939,9939
9940,9940
9941,9941
9942,9942
9943,9943
9944,9944
9945,9945
9946,9946
9947,9947
9948,9948
9949,9949
9950,9950
9951,9951
9952,9952
9953,9953
9954,9954
9955,9955
9956,9956
9957,9957
9958,9958
9959,9959
9960,9960
9961,9961
9962,9962
9963,9963
9964,9964
9965,9965
9966,9966
9967,9967
9968,9968
9969,9969
9970,9970
9971,9971
9972,9972
9973,9973
9974,9974
9975,9975
9976,9976
9977,9977
9978,9978
9979,9979
9980,9980
9981,9981
9982,9982
9983,9983
9984,9984
9985,9985
9986,9986
9987,9987
9988,9988
9989,9989
9990,9990
9991,9991
9992,9992
9993,9993
9994,9994
9995,9995
9996,9996
9997,9997
9998,9998
9999,9999
10000,10000
10001,10001
10002,10002
10003,10003
10004,10004
10005,10005
10006,10006
10007,10007
10008,10008
10009,10009
10010,10010
10011,10011
10012,10012
10013,10013
10014,10014
10015,10015
10016,10016
10017,10017
10018,10018
10019,10019
10020,10020
10021,10021
10022,10022
10023,10023
10024,10024
10025,10025
10026,10026
10027,10027
10028,10028
10029,10029
10030,10030
10031,10031
10032,10032
10033,10033
10034,10034
10035,10035
10036,10036
10037,10037
10038,10038
10039,10039
10040,10040
10041,10041
10042,10042
10043,10043
10044,10044
10045,10045
10046,10046
10047,10047
10048,10048
10049,10049
10050,10050
10051,10051
10052,10052
10053,10053
10054,10054
10055,10055
10056,10056
10057,10057
10058,10058
10059,10059
10060,10060
10061,10061
10062,10062
10063,10063
10064,10064
10065,10065
10066,10066
10067,10067
10068,10068
10069,10069
10070,10070
10071,10071
10072,10072
10073,10073
10074,10074
10075,10075
10076,10076
10077,10077
10078,10078
10079,10079
10080,10080
10081,10081
10082,10082
10083,10083
10084,10084
10085,10085
10086,10086
10087,10087
10088,10088
10089,10088
10090,10088
10091,10088
10092,10088
10093,10088
10094,10088
10095,10088
10096,10088
10097,10088
10098,10088
10099,10088
10100,10088
10101,10088
10102,10088
10103,10088
10104,10088
10105,10088
10106,10088
10107,10088
10108,10088
10109,10088
10110,10088
10111,10088
10112,10088
10113,10088
10114,10088
10115,10088
10116,10088
10117,10088
10118,10088
10119,10088
10120,10088
10121,10088
10122,10088
10123,10088
10124,10088
10125,10088
10126,10088
10127,10088
10128,10088
10129,10088
10130,10088
10131,10088
10132,10088
10133,10088
10134,10088
10135,10088
10136,10088
10137,10088
10138,10088
10139,10088
10140,10088
10141,10088
10142,10088
10143,10088
10144,10088
10145,10088
10146,10088
10147,10088
10148,10088
10149,10088
10150,10088
10151,10088
10152,10088
10153,10088
10154,10088
10155,10088
10156,10088
10157,10088
10158,10088
10159,10088
10160,10088
10161,10088
10162,10088
10163,10088
10164,10088
10165,10088
10166,10088
10167,10088
10168,10088
10169,10088
10170,10088
10171,10088
10172,10088
10173,10088
10174,10088
10175,10088
10176,10088
10177,10088
10178,10088
10179,10088
10180,10088
10181,10088
10182,10088
10183,10088
10184,10088
10185,10088
10186,10088
10187,10088
10188,10088
10189,10088
10190,10088
10191,10088
10192,10088
10193,10088
10194,10088
10195,10088
10196,10088
10197,10088
10198,10088
10199,10088
10200,10088
10201,10088
10202,10088
10203,10088
10204,10088
10205,10088
10206,10088
10207,10088
10208,10088
10209,10088
10210,10088
10211,10088
10212,10088
10213,10088
10214,10088
10215,10088
10216,10088
10217,10088
10218,10088
10219,10088
10220,10088
10221,10088
10222,10088
10223,10088
10224,10088
10225,10088
10226,10088
10227,10088
10228,10088
10229,10088
10230,10088
10231,10088
10232,10088
10233,10088
10234,10088
10235,10088
10236,10088
10237,10088
10238,10088
10239,10088
10240,10088
10241,10088
10242,10088
10243,10088
10244,10088
10245,10088
10246,10088
10247,10088
10248,10088
10249,10088
10250,10088
10251,10088
10252,10088
10253,10088
10254,10088
10255,10088
10256,10088
10257,10088
10258,10088
10259,10088
10260,10088
10261,10088
10262,10088
10263,10088
10264,10088
10265,10088
10266,10088
10267,10088
10268,10088
10269,10088
10270,10088
10271,10088
10272,10088
10273,10088
10274,10088
10275,10088
10276,10088
10277,10088
10278,10088
10279,10088
10280,10088
10281,10088
10282,10088
10283,10088
10284,10088
10285,10088
10286,10088
10287,10088
10288,10088
10289,10088
10290,10088
10291,10088
10292,10088
10293,10088
10294,10088
10295,10088
10296,10088
10297,10088
10298,10088
10299,10088
10300,10088
10301,10088
10302,10088
10303,10088
10304,10088
10305,10088
10306,10088
10307,10088
10308,10088
10309,10088
10310,10088
10311,10088
10312,10088
10313,10088
10314,10088
10315,10088
10316,10088
10317,10088
10318,10088
10319,10088
10320,10088
10321,10088
10322,10088
10323,10088
10324,10088
10325,10088
10326,10088
10327,10088
10328,10088
10329,10088
10330,10088
10331,10088
10332,10088
10333,10088
10334,10088
10335,10088
10336,10088
10088,10089
10089,10089
10090,10089
10091,10089
10092,10089
10093,10089
10094,10089
10095,10089
10096,10089
10097,10089
10098,10089
10099,10089
10100,10089
10101,10089
10102,10089
10103,10089
10104,10089
10105,10089
10106,10089
10107,10089
10108,10089
10109,10089
10110,10089
10111,10089
10112,10089
10113,10089
10114,10089
10115,10089
10116,10089
10117,10089
10118,10089
10119,10089
10120,10089
10121,10089
10122,10089
10123,10089
10124,10089
10125,10089
10126,10089
10127,10089
10128,10089
10129,10089
10130,10089
10131,10089
10132,10089
10133,10089
10134,10089
10135,10089
10136,10089
10137,10089
10138,10089
10139,10089
10140,10089
10141,10089
10142,10089
10143,10089
10144,10089
10145,10089
10146,10089
10147,10089
10148,10089
10149,10089
10150,10089
10151,10089
10152,10089
10153,10089
10154,10089
10155,10089
10156,10089
10157,10089
10158,10089
10159,10089
10160,10089
10161,10089
10162,10089
10163,10089
10164,10089
10165,10089
10166,10089
10167,10089
10168,10089
10169,10089
10170,10089
10171,10089
10172,10089
10173,10089
10174,10089
10175,10089
10176,10089
10177,10089
10178,10089
10179,10089
10180,10089
10181,10089
10182,10089
10183,10089
10184,10089
10185,10089
10186,10089
10187,10089
10188,10089
10189,10089
10190,10089
10191,10089
10192,10089
10193,10089
10194,10089
10195,10089
10196,10089
10197,10089
10198,10089
10199,10089
10200,10089
10201,10089
10202,10089
10203,10089
10204,10089
10205,10089
10206,10089
10207,10089
10208,10089
10209,10089
10210,10089
10211,10089
10212,10089
10213,10089
10214,10089
10215,10089
10216,10089
10217,10089
10218,10089
10219,10089
10220,10089
10221,10089
10222,10089
10223,10089
10224,10089
10225,10089
10226,10089
10227,10089
10228,10089
10229,10089
10230,10089
10231,10089
10232,10089
10233,10089
10234,10089
10235,10089
10236,10089
10237,10089
10238,10089
10239,10089
10240,10089
10241,10089
10242,10089
10243,10089
10244,10089
10245,10089
10246,10089
10247,10089
10248,10089
10249,10089
10250,10089
10251,10089
10252,10089
10253,10089
10254,10089
10255,10089
10256,10089
10257,10089
10258,10089
10259,10089
10260,10089
10261,10089
10262,10089
10263,10089
10264,10089
10265,10089
10266,10089
10267,10089
10268,10089
10269,10089
10270,10089
10271,10089
10272,10089
10273,10089
10274,10089
10275,10089
10276,10089
10277,10089
10278,10089
10279,10089
10280,10089
10281,10089
10282,10089
10283,10089
10284,10089
10285,10089
10286,10089
10287,10089
10288,10089
10289,10089
10290,10089
10291,10089
10292,10089
10293,10089
10294,10089
10295,10089
10296,10089
10297,10089
10298,10089
10299,10089
10300,10089
10301,10089
10302,10089
10303,10089
10304,10089
10305,10089
10306,10089
10307,10089
10308,10089
10309,10089
10310,10089
10311,10089
10312,10089
10313,10089
10314,10089
10315,10089
10316,10089
10317,10089
10318,10089
10319,10089
10320,10089
10321,10089
10322,10089
10323,10089
10324,10089
10325,10089
10326,10089
10327,10089
10328,10089
10329,10089
10330,10089
10331,10089
10332,10089
10333,10089
10334,10089
10335,10089
10336,10089
10088,10090
10089,10090
10090,10090
10091,10090
10092,10090
10093,10090
10094,10090
10095,10090
10096,10090
10097,10090
10098,10090
10099,10090
10100,10090
10101,10090
10102,10090
10103,10090
10104,10090
10105,10090
10106,10090
10107,10090
10108,10090
10109,10090
10110,10090
10111,10090
10112,10090
10113,10090
10114,10090
10115,10090
10116,10090
10117,10090
10118,10090
10119,10090
10120,10090
10121,10090
10122,10090
10123,10090
10124,10090
10125,10090
10126,10090
10127,10090
10128,10090
10129,10090
10130,10090
10131,10090
10132,10090
10133,10090
10134,10090
10135,10090
10136,10090
10137,10090
10138,10090
10139,10090
10140,10090
10141,10090
10142,10090
10143,10090
10144,10090
10145,10090
10146,10090
10147,10090
10148,10090
10149,10090
10150,10090
10151,10090
10152,10090
10153,10090
10154,10090
10155,10090
10156,10090
10157,10090
10158,10090
10159,10090
10160,10090
10161,10090
10162,10090
10163,10090
10164,10090
10165,10090
10166,10090
10167,10090
10168,10090
10169,10090
10170,10090
10171,10090
10172,10090
10173,10090
10174,10090
10175,10090
10176,10090
10177,10090
10178,10090
10179,10090
10180,10090
10181,10090
10182,10090
10183,10090
10184,10090
10185,10090
10186,10090
10187,10090
10188,10090
10189,10090
10190,10090
10191,10090
10192,10090
10193,10090
10194,10090
10195,10090
10196,10090
10197,10090
10198,10090
10199,10090
10200,10090
10201,10090
10202,10090
10203,10090
10204,10090
10205,10090
10206,10090
10207,10090
10208,10090
10209,10090
10210,10090
10211,10090
10212,10090
10213,10090
10214,10090
10215,10090
10216,10090
10217,10090
10218,10090
10219,10090
10220,10090
10221,10090
10222,10090
10223,10090
10224,10090
10225,10090
10226,10090
10227,10090
10228,10090
10229,10090
10230,10090
10231,10090
10232,10090
10233,10090
10234,10090
10235,10090
10236,10090
10237,10090
10238,10090
10239,10090
10240,10090
10241,10090
10242,10090
10243,10090
10244,10090
10245,10090
10246,10090
10247,10090
10248,10090
10249,10090
10250,10090
10251,10090
10252,10090
10253,10090
10254,10090
10255,10090
10256,10090
10257,10090
10258,10090
10259,10090
10260,10090
10261,10090
10262,10090
10263,10090
10264,10090
10265,10090
10266,10090
10267,10090
10268,10090
10269,10090
10270,10090
10271,10090
10272,10090
10273,10090
10274,10090
10275,10090
10276,10090
10277,10090
10278,10090
10279,10090
10280,10090
10281,10090
10282,10090
10283,10090
10284,10090
10285,10090
10286,10090
10287,10090
10288,10090
10289,10090
10290,10090
10291,10090
10292,10090
10293,10090
10294,10090
10295,10090
10296,10090
10297,10090
10298,10090
10299,10090
10300,10090
10301,10090
10302,10090
10303,10090
10304,10090
10305,10090
10306,10090
10307,10090
10308,10090
10309,10090
10310,10090
10311,10090
10312,10090
10313,10090
10314,10090
10315,10090
10316,10090
10317,10090
10318,10090
10319,10090
10320,10090
10321,10090
10322,10090
10323,10090
10324,10090
10325,10090
10326,10090
10327,10090
10328,10090
10329,10090
10330,10090
10331,10090
10332,10090
10333,10090
10334,10090
10335,10090
10336,10090
10088,10091
10089,10091
10090,10091
10091,10091
10092,10091
10093,10091
10094,10091
10095,10091
10096,10091
10097,10091
10098,10091
10099,10091
10100,10091
10101,10091
10102,10091
10103,10091
10104,10091
10105,10091
10106,10091
10107,10091
10108,10091
10109,10091
10110,10091
10111,10091
10112,10091
10113,10091
10114,10091
10115,10091
10116,10091
10117,10091
10118,10091
10119,10091
10120,10091
10121,10091
10122,10091
10123,10091
10124,10091
10125,10091
10126,10091
10127,10091
10128,10091
10129,10091
10130,10091
10131,10091
10132,10091
10133,10091
10134,10091
10135,10091
10136,10091
10137,10091
10138,10091
10139,10091
10140,10091
10141,10091
10142,10091
10143,10091
10144,10091
10145,10091
10146,10091
10147,10091
10148,10091
10149,10091
10150,10091
10151,10091
10152,10091
10153,10091
10154,10091
10155,10091
10156,10091
10157,10091
10158,10091
10159,10091
10160,10091
10161,10091
10162,10091
10163,10091
10164,10091
10165,10091
10166,10091
10167,10091
10168,10091
10169,10091
10170,10091
10171,10091
10172,10091
10173,10091
10174,10091
10175,10091
10176,10091
10177,10091
10178,10091
10179,10091
10180,10091
10181,10091
10182,10091
10183,10091
10184,10091
10185,10091
10186,10091
10187,10091
10188,10091
10189,10091
10190,10091
10191,10091
10192,10091
10193,10091
10194,10091
10195,10091
10196,10091
10197,10091
10198,10091
10199,10091
10200,10091
10201,10091
10202,10091
10203,10091
10204,10091
10205,10091
10206,10091
10207,10091
10208,10091
10209,10091
10210,10091
10211,10091
10212,10091
10213,10091
10214,10091
10215,10091
10216,10091
10217,10091
10218,10091
10219,10091
10220,10091
10221,10091
10222,10091
10223,10091
10224,10091
10225,10091
10226,10091
10227,10091
10228,10091
10229,10091
10230,10091
10231,10091
10232,10091
10233,10091
10234,10091
10235,10091
10236,10091
10237,10091
10238,10091
10239,10091
10240,10091
10241,10091
10242,10091
10243,10091
10244,10091
10245,10091
10246,10091
10247,10091
10248,10091
10249,10091
10250,10091
10251,10091
10252,10091
10253,10091
10254,10091
10255,10091
10256,10091
10257,10091
10258,10091
10259,10091
10260,10091
10261,10091
10262,10091
10263,10091
10264,10091
10265,10091
10266,10091
10267,10091
10268,10091
10269,10091
10270,10091
10271,10091
10272,10091
10273,10091
10274,10091
10275,10091
10276,10091
10277,10091
10278,10091
10279,10091
10280,10091
10281,10091
10282,10091
10283,10091
10284,10091
10285,10091
10286,10091
10287,10091
10288,10091
10289,10091
10290,10091
10291,10091
10292,10091
10293,10091
10294,10091
10295,10091
10296,10091
10297,10091
10298,10091
10299,10091
10300,10091
10301,10091
10302,10091
10303,10091
10304,10091
10305,10091
10306,10091
10307,10091
10308,10091
10309,10091
10310,10091
10311,10091
10312,10091
10313,10091
10314,10091
10315,10091
10316,10091
10317,10091
10318,10091
10319,10091
10320,10091
10321,10091
10322,10091
10323,10091
10324,10091
10325,10091
10326,10091
10327,10091
10328,10091
10329,10091
10330,10091
10331,10091
10332,10091
10333,10091
10334,10091
10335,10091
10336,10091
10088,10092
10089,10092
10090,10092
10091,10092
10092,10092
10093,10092
10094,10092
10095,10092
10096,10092
10097,10092
10098,10092
10099,10092
10100,10092
10101,10092
10102,10092
10103,10092
10104,10092
10105,10092
10106,10092
10107,10092
10108,10092
10109,10092
10110,10092
10111,10092
10112,10092
10113,10092
10114,10092
10115,10092
10116,10092
10117,10092
10118,10092
10119,10092
10120,10092
10121,10092
10122,10092
10123,10092
10124,10092
10125,10092
10126,10092
10127,10092
10128,10092
10129,10092
10130,10092
10131,10092
10132,10092
10133,10092
10134,10092
10135,10092
10136,10092
10137,10092
10138,10092
10139,10092
10140,10092
10141,10092
10142,10092
10143,10092
10144,10092
10145,10092
10146,10092
10147,10092
10148,10092
10149,10092
10150,10092
10151,10092
10152,10092
10153,10092
10154,10092
10155,10092
10156,10092
10157,10092
10158,10092
10159,10092
10160,10092
10161,10092
10162,10092
10163,10092
10164,10092
10165,10092
10166,10092
10167,10092
10168,10092
10169,10092
10170,10092
10171,10092
10172,10092
10173,10092
10174,10092
10175,10092
10176,10092
10177,10092
10178,10092
10179,10092
10180,10092
10181,10092
10182,10092
10183,10092
10184,10092
10185,10092
10186,10092
10187,10092
10188,10092
10189,10092
10190,10092
10191,10092
10192,10092
10193,10092
10194,10092
10195,10092
10196,10092
10197,10092
10198,10092
10199,10092
10200,10092
10201,10092
10202,10092
10203,10092
10204,10092
10205,10092
10206,10092
10207,10092
10208,10092
10209,10092
10210,10092
10211,10092
10212,10092
10213,10092
10214,10092
10215,10092
10216,10092
10217,10092
10218,10092
10219,10092
10220,10092
10221,10092
10222,10092
10223,10092
10224,10092
10225,10092
10226,10092
10227,10092
10228,10092
10229,10092
10230,10092
10231,10092
10232,10092
10233,10092
10234,10092
10235,10092
10236,10092
10237,10092
10238,10092
10239,10092
10240,10092
10241,10092
10242,10092
10243,10092
10244,10092
10245,10092
10246,10092
10247,10092
10248,10092
10249,10092
10250,10092
10251,10092
10252,10092
10253,10092
10254,10092
10255,10092
10256,10092
10257,10092
10258,10092
10259,10092
10260,10092
10261,10092
10262,10092
10263,10092
10264,10092
10265,10092
10266,10092
10267,10092
10268,10092
10269,10092
10270,10092
10271,10092
10272,10092
10273,10092
10274,10092
10275,10092
10276,10092
10277,10092
10278,10092
10279,10092
10280,10092
10281,10092
10282,10092
10283,10092
10284,10092
10285,10092
10286,10092
10287,10092
10288,10092
10289,10092
10290,10092
10291,10092
10292,10092
10293,10092
10294,10092
10295,10092
10296,10092
10297,10092
10298,10092
10299,10092
10300,10092
10301,10092
10302,10092
10303,10092
10304,10092
10305,10092
10306,10092
10307,10092
10308,10092
10309,10092
10310,10092
10311,10092
10312,10092
10313,10092
10314,10092
10315,10092
10316,10092
10317,10092
10318,10092
10319,10092
10320,10092
10321,10092
10322,10092
10323,10092
10324,10092
10325,10092
10326,10092
10327,10092
10328,10092
10329,10092
10330,10092
10331,10092
10332,10092
10333,10092
10334,10092
10335,10092
10336,10092
10088,10093
10089,10093
10090,10093
10091,10093
10092,10093
10093,10093
10094,10093
10095,10093
10096,10093
10097,10093
10098,10093
10099,10093
10100,10093
10101,10093
10102,10093
10103,10093
10104,10093
10105,10093
10106,10093
10107,10093
10108,10093
10109,10093
10110,10093
10111,10093
10112,10093
10113,10093
10114,10093
10115,10093
10116,10093
10117,10093
10118,10093
10119,10093
10120,10093
10121,10093
10122,10093
10123,10093
10124,10093
10125,10093
10126,10093
10127,10093
10128,10093
10129,10093
10130,10093
10131,10093
10132,10093
10133,10093
10134,10093
10135,10093
10136,10093
10137,10093
10138,10093
10139,10093
10140,10093
10141,10093
10142,10093
10143,10093
10144,10093
10145,10093
10146,10093
10147,10093
10148,10093
10149,10093
10150,10093
10151,10093
10152,10093
10153,10093
10154,10093
10155,10093
10156,10093
10157,10093
10158,10093
10159,10093
10160,10093
10161,10093
10162,10093
10163,10093
10164,10093
10165,10093
10166,10093
10167,10093
10168,10093
10169,10093
10170,10093
10171,10093
10172,10093
10173,10093
10174,10093
10175,10093
10176,10093
10177,10093
10178,10093
10179,10093
10180,10093
10181,10093
10182,10093
10183,10093
10184,10093
10185,10093
10186,10093
10187,10093
10188,10093
10189,10093
10190,10093
10191,10093
10192,10093
10193,10093
10194,10093
10195,10093
10196,10093
10197,10093
10198,10093
10199,10093
10200,10093
10201,10093
10202,10093
10203,10093
10204,10093
10205,10093
10206,10093
10207,10093
10208,10093
10209,10093
10210,10093
10211,10093
10212,10093
10213,10093
10214,10093
10215,10093
10216,10093
10217,10093
10218,10093
10219,10093
10220,10093
10221,10093
10222,10093
10223,10093
10224,10093
10225,10093
10226,10093
10227,10093
10228,10093
10229,10093
10230,10093
10231,10093
10232,10093
10233,10093
10234,10093
10235,10093
10236,10093
10237,10093
10238,10093
10239,10093
10240,10093
10241,10093
10242,10093
10243,10093
10244,10093
10245,10093
10246,10093
10247,10093
10248,10093
10249,10093
10250,10093
10251,10093
10252,10093
10253,10093
10254,10093
10255,10093
10256,10093
10257,10093
10258,10093
10259,10093
10260,10093
10261,10093
10262,10093
10263,10093
10264,10093
10265,10093
10266,10093
10267,10093
10268,10093
10269,10093
10270,10093
10271,10093
10272,10093
10273,10093
10274,10093
10275,10093
10276,10093
10277,10093
10278,10093
10279,10093
10280,10093
10281,10093
10282,10093
10283,10093
10284,10093
10285,10093
10286,10093
10287,10093
10288,10093
10289,10093
10290,10093
10291,10093
10292,10093
10293,10093
10294,10093
10295,10093
10296,10093
10297,10093
10298,10093
10299,10093
10300,10093
10301,10093
10302,10093
10303,10093
10304,10093
10305,10093
10306,10093
10307,10093
10308,10093
10309,10093
10310,10093
10311,10093
10312,10093
10313,10093
10314,10093
10315,10093
10316,10093
10317,10093
10318,10093
10319,10093
10320,10093
10321,10093
10322,10093
10323,10093
10324,10093
10325,10093
10326,10093
10327,10093
10328,10093
10329,10093
10330,10093
10331,10093
10332,10093
10333,10093
10334,10093
10335,10093
10336,10093
10088,10094
10089,10094
10090,10094
10091,10094
10092,10094
10093,10094
10094,10094
10095,10094
10096,10094
10097,10094
10098,10094
10099,10094
10100,10094
10101,10094
10102,10094
10103,10094
10104,10094
10105,10094
10106,10094
10107,10094
10108,10094
10109,10094
10110,10094
10111,10094
10112,10094
10113,10094
10114,10094
10115,10094
10116,10094
10117,10094
10118,10094
10119,10094
10120,10094
10121,10094
10122,10094
10123,10094
10124,10094
10125,10094
10126,10094
10127,10094
10128,10094
10129,10094
10130,10094
10131,10094
10132,10094
10133,10094
10134,10094
10135,10094
10136,10094
10137,10094
10138,10094
10139,10094
10140,10094
10141,10094
10142,10094
10143,10094
10144,10094
10145,10094
10146,10094
10147,10094
10148,10094
10149,10094
10150,10094
10151,10094
10152,10094
10153,10094
10154,10094
10155,10094
10156,10094
10157,10094
10158,10094
10159,10094
10160,10094
10161,10094
10162,10094
10163,10094
10164,10094
10165,10094
10166,10094
10167,10094
10168,10094
10169,10094
10170,10094
10171,10094
10172,10094
10173,10094
10174,10094
10175,10094
10176,10094
10177,10094
10178,10094
10179,10094
10180,10094
10181,10094
10182,10094
10183,10094
10184,10094
10185,10094
10186,10094
10187,10094
10188,10094
10189,10094
10190,10094
10191,10094
10192,10094
10193,10094
10194,10094
10195,10094
10196,10094
10197,10094
10198,10094
10199,10094
10200,10094
10201,10094
10202,10094
10203,10094
10204,10094
10205,10094
10206,10094
10207,10094
10208,10094
10209,10094
10210,10094
10211,10094
10212,10094
10213,10094
10214,10094
10215,10094
10216,10094
10217,10094
10218,10094
10219,10094
10220,10094
10221,10094
10222,10094
10223,10094
10224,10094
10225,10094
10226,10094
10227,10094
10228,10094
10229,10094
10230,10094
10231,10094
10232,10094
10233,10094
10234,10094
10235,10094
10236,10094
10237,10094
10238,10094
10239,10094
10240,10094
10241,10094
10242,10094
10243,10094
10244,10094
10245,10094
10246,10094
10247,10094
10248,10094
10249,10094
10250,10094
10251,10094
10252,10094
10253,10094
10254,10094
10255,10094
10256,10094
10257,10094
10258,10094
10259,10094
10260,10094
10261,10094
10262,10094
10263,10094
10264,10094
10265,10094
10266,10094
10267,10094
10268,10094
10269,10094
10270,10094
10271,10094
10272,10094
10273,10094
10274,10094
10275,10094
10276,10094
10277,10094
10278,10094
10279,10094
10280,10094
10281,10094
10282,10094
10283,10094
10284,10094
10285,10094
10286,10094
10287,10094
10288,10094
10289,10094
10290,10094
10291,10094
10292,10094
10293,10094
10294,10094
10295,10094
10296,10094
10297,10094
10298,10094
10299,10094
10300,10094
10301,10094
10302,10094
10303,10094
10304,10094
10305,10094
10306,10094
10307,10094
10308,10094
10309,10094
10310,10094
10311,10094
10312,10094
10313,10094
10314,10094
10315,10094
10316,10094
10317,10094
10318,10094
10319,10094
10320,10094
10321,10094
10322,10094
10323,10094
10324,10094
10325,10094
10326,10094
10327,10094
10328,10094
10329,10094
10330,10094
10331,10094
10332,10094
10333,10094
10334,10094
10335,10094
10336,10094
10088,10095
10089,10095
10090,10095
10091,10095
10092,10095
10093,10095
10094,10095
10095,10095
10096,10095
10097,10095
10098,10095
10099,10095
10100,10095
10101,10095
10102,10095
10103,10095
10104,10095
10105,10095
10106,10095
10107,10095
10108,10095
10109,10095
10110,10095
10111,10095
10112,10095
10113,10095
10114,10095
10115,10095
10116,10095
10117,10095
10118,10095
10119,10095
10120,10095
10121,10095
10122,10095
10123,10095
10124,10095
10125,10095
10126,10095
10127,10095
10128,10095
10129,10095
10130,10095
10131,10095
10132,10095
10133,10095
10134,10095
10135,10095
10136,10095
10137,10095
10138,10095
10139,10095
10140,10095
10141,10095
10142,10095
10143,10095
10144,10095
10145,10095
10146,10095
10147,10095
10148,10095
10149,10095
10150,10095
10151,10095
10152,10095
10153,10095
10154,10095
10155,10095
10156,10095
10157,10095
10158,10095
10159,10095
10160,10095
10161,10095
10162,10095
10163,10095
10164,10095
10165,10095
10166,10095
10167,10095
10168,10095
10169,10095
10170,10095
10171,10095
10172,10095
10173,10095
10174,10095
10175,10095
10176,10095
10177,10095
10178,10095
10179,10095
10180,10095
10181,10095
10182,10095
10183,10095
10184,10095
10185,10095
10186,10095
10187,10095
10188,10095
10189,10095
10190,10095
10191,10095
10192,10095
10193,10095
10194,10095
10195,10095
10196,10095
10197,10095
10198,10095
10199,10095
10200,10095
10201,10095
10202,10095
10203,10095
10204,10095
10205,10095
10206,10095
10207,10095
10208,10095
10209,10095
10210,10095
10211,10095
10212,10095
10213,10095
10214,10095
10215,10095
10216,10095
10217,10095
10218,10095
10219,10095
10220,10095
10221,10095
10222,10095
10223,10095
10224,10095
10225,10095
10226,10095
10227,10095
10228,10095
10229,10095
10230,10095
10231,10095
10232,10095
10233,10095
10234,10095
10235,10095
10236,10095
10237,10095
10238,10095
10239,10095
10240,10095
10241,10095
10242,10095
10243,10095
10244,10095
10245,10095
10246,10095
10247,10095
10248,10095
10249,10095
10250,10095
10251,10095
10252,10095
10253,10095
10254,10095
10255,10095
10256,10095
10257,10095
10258,10095
10259,10095
10260,10095
10261,10095
10262,10095
10263,10095
10264,10095
10265,10095
10266,10095
10267,10095
10268,10095
10269,10095
10270,10095
10271,10095
10272,10095
10273,10095
10274,10095
10275,10095
10276,10095
10277,10095
10278,10095
10279,10095
10280,10095
10281,10095
10282,10095
10283,10095
10284,10095
10285,10095
10286,10095
10287,10095
10288,10095
10289,10095
10290,10095
10291,10095
10292,10095
10293,10095
10294,10095
10295,10095
10296,10095
10297,10095
10298,10095
10299,10095
10300,10095
10301,10095
10302,10095
10303,10095
10304,10095
10305,10095
10306,10095
10307,10095
10308,10095
10309,10095
10310,10095
10311,10095
10312,10095
10313,10095
10314,10095
10315,10095
10316,10095
10317,10095
10318,10095
10319,10095
10320,10095
10321,10095
10322,10095
10323,10095
10324,10095
10325,10095
10326,10095
10327,10095
10328,10095
10329,10095
10330,10095
10331,10095
10332,10095
10333,10095
10334,10095
10335,10095
10336,10095
10088,10096
10089,10096
10090,10096
10091,10096
10092,10096
10093,10096
10094,10096
10095,10096
10096,10096
10097,10096
10098,10096
10099,10096
10100,10096
10101,10096
10102,10096
10103,10096
10104,10096
10105,10096
10106,10096
10107,10096
10108,10096
10109,10096
10110,10096
10111,10096
10112,10096
10113,10096
10114,10096
10115,10096
10116,10096
10117,10096
10118,10096
10119,10096
10120,10096
10121,10096
10122,10096
10123,10096
10124,10096
10125,10096
10126,10096
10127,10096
10128,10096
10129,10096
10130,10096
10131,10096
10132,10096
10133,10096
10134,10096
10135,10096
10136,10096
10137,10096
10138,10096
10139,10096
10140,10096
10141,10096
10142,10096
10143,10096
10144,10096
10145,10096
10146,10096
10147,10096
10148,10096
10149,10096
10150,10096
10151,10096
10152,10096
10153,10096
10154,10096
10155,10096
10156,10096
10157,10096
10158,10096
10159,10096
10160,10096
10161,10096
10162,10096
10163,10096
10164,10096
10165,10096
10166,10096
10167,10096
10168,10096
10169,10096
10170,10096
10171,10096
10172,10096
10173,10096
10174,10096
10175,10096
10176,10096
10177,10096
10178,10096
10179,10096
10180,10096
10181,10096
10182,10096
10183,10096
10184,10096
10185,10096
10186,10096
10187,10096
10188,10096
10189,10096
10190,10096
10191,10096
10192,10096
10193,10096
10194,10096
10195,10096
10196,10096
10197,10096
10198,10096
10199,10096
10200,10096
10201,10096
10202,10096
10203,10096
10204,10096
10205,10096
10206,10096
10207,10096
10208,10096
10209,10096
10210,10096
10211,10096
10212,10096
10213,10096
10214,10096
10215,10096
10216,10096
10217,10096
10218,10096
10219,10096
10220,10096
10221,10096
10222,10096
10223,10096
10224,10096
10225,10096
10226,10096
10227,10096
10228,10096
10229,10096
10230,10096
10231,10096
10232,10096
10233,10096
10234,10096
10235,10096
10236,10096
10237,10096
10238,10096
10239,10096
10240,10096
10241,10096
10242,10096
10243,10096
10244,10096
10245,10096
10246,10096
10247,10096
10248,10096
10249,10096
10250,10096
10251,10096
10252,10096
10253,10096
10254,10096
10255,10096
10256,10096
10257,10096
10258,10096
10259,10096
10260,10096
10261,10096
10262,10096
10263,10096
10264,10096
10265,10096
10266,10096
10267,10096
10268,10096
10269,10096
10270,10096
10271,10096
10272,10096
10273,10096
10274,10096
10275,10096
10276,10096
10277,10096
10278,10096
10279,10096
10280,10096
10281,10096
10282,10096
10283,10096
10284,10096
10285,10096
10286,10096
10287,10096
10288,10096
10289,10096
10290,10096
10291,10096
10292,10096
10293,10096
10294,10096
10295,10096
10296,10096
10297,10096
10298,10096
10299,10096
10300,10096
10301,10096
10302,10096
10303,10096
10304,10096
10305,10096
10306,10096
10307,10096
10308,10096
10309,10096
10310,10096
10311,10096
10312,10096
10313,10096
10314,10096
10315,10096
10316,10096
10317,10096
10318,10096
10319,10096
10320,10096
10321,10096
10322,10096
10323,10096
10324,10096
10325,10096
10326,10096
10327,10096
10328,10096
10329,10096
10330,10096
10331,10096
10332,10096
10333,10096
10334,10096
10335,10096
10336,10096
10088,10097
10089,10097
10090,10097
10091,10097
10092,10097
10093,10097
10094,10097
10095,10097
10096,10097
10097,10097
10098,10097
10099,10097
10100,10097
10101,10097
10102,10097
10103,10097
10104,10097
10105,10097
10106,10097
10107,10097
10108,10097
10109,10097
10110,10097
10111,10097
10112,10097
10113,10097
10114,10097
10115,10097
10116,10097
10117,10097
10118,10097
10119,10097
10120,10097
10121,10097
10122,10097
10123,10097
10124,10097
10125,10097
10126,10097
10127,10097
10128,10097
10129,10097
10130,10097
10131,10097
10132,10097
10133,10097
10134,10097
10135,10097
10136,10097
10137,10097
10138,10097
10139,10097
10140,10097
10141,10097
10142,10097
10143,10097
10144,10097
10145,10097
10146,10097
10147,10097
10148,10097
10149,10097
10150,10097
10151,10097
10152,10097
10153,10097
10154,10097
10155,10097
10156,10097
10157,10097
10158,10097
10159,10097
10160,10097
10161,10097
10162,10097
10163,10097
10164,10097
10165,10097
10166,10097
10167,10097
10168,10097
10169,10097
10170,10097
10171,10097
10172,10097
10173,10097
10174,10097
10175,10097
10176,10097
10177,10097
10178,10097
10179,10097
10180,10097
10181,10097
10182,10097
10183,10097
10184,10097
10185,10097
10186,10097
10187,10097
10188,10097
10189,10097
10190,10097
10191,10097
10192,10097
10193,10097
10194,10097
10195,10097
10196,10097
10197,10097
10198,10097
10199,10097
10200,10097
10201,10097
10202,10097
10203,10097
10204,10097
10205,10097
10206,10097
10207,10097
10208,10097
10209,10097
10210,10097
10211,10097
10212,10097
10213,10097
10214,10097
10215,10097
10216,10097
10217,10097
10218,10097
10219,10097
10220,10097
10221,10097
10222,10097
10223,10097
10224,10097
10225,10097
10226,10097
10227,10097
10228,10097
10229,10097
10230,10097
10231,10097
10232,10097
10233,10097
10234,10097
10235,10097
10236,10097
10237,10097
10238,10097
10239,10097
10240,10097
10241,10097
10242,10097
10243,10097
10244,10097
10245,10097
10246,10097
10247,10097
10248,10097
10249,10097
10250,10097
10251,10097
10252,10097
10253,10097
10254,10097
10255,10097
10256,10097
10257,10097
10258,10097
10259,10097
10260,10097
10261,10097
10262,10097
10263,10097
10264,10097
10265,10097
10266,10097
10267,10097
10268,10097
10269,10097
10270,10097
10271,10097
10272,10097
10273,10097
10274,10097
10275,10097
10276,10097
10277,10097
10278,10097
10279,10097
10280,10097
10281,10097
10282,10097
10283,10097
10284,10097
10285,10097
10286,10097
10287,10097
10288,10097
10289,10097
10290,10097
10291,10097
10292,10097
10293,10097
10294,10097
10295,10097
10296,10097
10297,10097
10298,10097
10299,10097
10300,10097
10301,10097
10302,10097
10303,10097
10304,10097
10305,10097
10306,10097
10307,10097
10308,10097
10309,10097
10310,10097
10311,10097
10312,10097
10313,10097
10314,10097
10315,10097
10316,10097
10317,10097
10318,10097
10319,10097
10320,10097
10321,10097
10322,10097
10323,10097
10324,10097
10325,10097
10326,10097
10327,10097
10328,10097
10329,10097
10330,10097
10331,10097
10332,10097
10333,10097
10334,10097
10335,10097
10336,10097
10088,10098
10089,10098
10090,10098
10091,10098
10092,10098
10093,10098
10094,10098
10095,10098
10096,10098
10097,10098
10098,10098
10099,10098
10100,10098
10101,10098
10102,10098
10103,10098
10104,10098
10105,10098
10106,10098
10107,10098
10108,10098
10109,10098
10110,10098
10111,10098
10112,10098
10113,10098
10114,10098
10115,10098
10116,10098
10117,10098
10118,10098
10119,10098
10120,10098
10121,10098
10122,10098
10123,10098
10124,10098
10125,10098
10126,10098
10127,10098
10128,10098
10129,10098
10130,10098
10131,10098
10132,10098
10133,10098
10134,10098
10135,10098
10136,10098
10137,10098
10138,10098
10139,10098
10140,10098
10141,10098
10142,10098
10143,10098
10144,10098
10145,10098
10146,10098
10147,10098
10148,10098
10149,10098
10150,10098
10151,10098
10152,10098
10153,10098
10154,10098
10155,10098
10156,10098
10157,10098
10158,10098
10159,10098
10160,10098
10161,10098
10162,10098
10163,10098
10164,10098
10165,10098
10166,10098
10167,10098
10168,10098
10169,10098
10170,10098
10171,10098
10172,10098
10173,10098
10174,10098
10175,10098
10176,10098
10177,10098
10178,10098
10179,10098
10180,10098
10181,10098
10182,10098
10183,10098
10184,10098
10185,10098
10186,10098
10187,10098
10188,10098
10189,10098
10190,10098
10191,10098
10192,10098
10193,10098
10194,10098
10195,10098
10196,10098
10197,10098
10198,10098
10199,10098
10200,10098
10201,10098
10202,10098
10203,10098
10204,10098
10205,10098
10206,10098
10207,10098
10208,10098
10209,10098
10210,10098
10211,10098
10212,10098
10213,10098
10214,10098
10215,10098
10216,10098
10217,10098
10218,10098
10219,10098
10220,10098
10221,10098
10222,10098
10223,10098
10224,10098
10225,10098
10226,10098
10227,10098
10228,10098
10229,10098
10230,10098
10231,10098
10232,10098
10233,10098
10234,10098
10235,10098
10236,10098
10237,10098
10238,10098
10239,10098
10240,10098
10241,10098
10242,10098
10243,10098
10244,10098
10245,10098
10246,10098
10247,10098
10248,10098
10249,10098
10250,10098
10251,10098
10252,10098
10253,10098
10254,10098
10255,10098
10256,10098
10257,10098
10258,10098
10259,10098
10260,10098
10261,10098
10262,10098
10263,10098
10264,10098
10265,10098
10266,10098
10267,10098
10268,10098
10269,10098
10270,10098
10271,10098
10272,10098
10273,10098
10274,10098
10275,10098
10276,10098
10277,10098
10278,10098
10279,10098
10280,10098
10281,10098
10282,10098
10283,10098
10284,10098
10285,10098
10286,10098
10287,10098
10288,10098
10289,10098
10290,10098
10291,10098
10292,10098
10293,10098
10294,10098
10295,10098
10296,10098
10297,10098
10298,10098
10299,10098
10300,10098
10301,10098
10302,10098
10303,10098
10304,10098
10305,10098
10306,10098
10307,10098
10308,10098
10309,10098
10310,10098
10311,10098
10312,10098
10313,10098
10314,10098
10315,10098
10316,10098
10317,10098
10318,10098
10319,10098
10320,10098
10321,10098
10322,10098
10323,10098
10324,10098
10325,10098
10326,10098
10327,10098
10328,10098
10329,10098
10330,10098
10331,10098
10332,10098
10333,10098
10334,10098
10335,10098
10336,10098
10088,10099
10089,10099
10090,10099
10091,10099
10092,10099
10093,10099
10094,10099
10095,10099
10096,10099
10097,10099
10098,10099
10099,10099
10100,10099
10101,10099
10102,10099
10103,10099
10104,10099
10105,10099
10106,10099
10107,10099
10108,10099
10109,10099
10110,10099
10111,10099
10112,10099
10113,10099
10114,10099
10115,10099
10116,10099
10117,10099
10118,10099
10119,10099
10120,10099
10121,10099
10122,10099
10123,10099
10124,10099
10125,10099
10126,10099
10127,10099
10128,10099
10129,10099
10130,10099
10131,10099
10132,10099
10133,10099
10134,10099
10135,10099
10136,10099
10137,10099
10138,10099
10139,10099
10140,10099
10141,10099
10142,10099
10143,10099
10144,10099
10145,10099
10146,10099
10147,10099
10148,10099
10149,10099
10150,10099
10151,10099
10152,10099
10153,10099
10154,10099
10155,10099
10156,10099
10157,10099
10158,10099
10159,10099
10160,10099
10161,10099
10162,10099
10163,10099
10164,10099
10165,10099
10166,10099
10167,10099
10168,10099
10169,10099
10170,10099
10171,10099
10172,10099
10173,10099
10174,10099
10175,10099
10176,10099
10177,10099
10178,10099
10179,10099
10180,10099
10181,10099
10182,10099
10183,10099
10184,10099
10185,10099
10186,10099
10187,10099
10188,10099
10189,10099
10190,10099
10191,10099
10192,10099
10193,10099
10194,10099
10195,10099
10196,10099
10197,10099
10198,10099
10199,10099
10200,10099
10201,10099
10202,10099
10203,10099
10204,10099
10205,10099
10206,10099
10207,10099
10208,10099
10209,10099
10210,10099
10211,10099
10212,10099
10213,10099
10214,10099
10215,10099
10216,10099
10217,10099
10218,10099
10219,10099
10220,10099
10221,10099
10222,10099
10223,10099
10224,10099
10225,10099
10226,10099
10227,10099
10228,10099
10229,10099
10230,10099
10231,10099
10232,10099
10233,10099
10234,10099
10235,10099
10236,10099
10237,10099
10238,10099
10239,10099
10240,10099
10241,10099
10242,10099
10243,10099
10244,10099
10245,10099
10246,10099
10247,10099
10248,10099
10249,10099
10250,10099
10251,10099
10252,10099
10253,10099
10254,10099
10255,10099
10256,10099
10257,10099
10258,10099
10259,10099
10260,10099
10261,10099
10262,10099
10263,10099
10264,10099
10265,10099
10266,10099
10267,10099
10268,10099
10269,10099
10270,10099
10271,10099
10272,10099
10273,10099
10274,10099
10275,10099
10276,10099
10277,10099
10278,10099
10279,10099
10280,10099
10281,10099
10282,10099
10283,10099
10284,10099
10285,10099
10286,10099
10287,10099
10288,10099
10289,10099
10290,10099
10291,10099
10292,10099
10293,10099
10294,10099
10295,10099
10296,10099
10297,10099
10298,10099
10299,10099
10300,10099
10301,10099
10302,10099
10303,10099
10304,10099
10305,10099
10306,10099
10307,10099
10308,10099
10309,10099
10310,10099
10311,10099
10312,10099
10313,10099
10314,10099
10315,10099
10316,10099
10317,10099
10318,10099
10319,10099
10320,10099
10321,10099
10322,10099
10323,10099
10324,10099
10325,10099
10326,10099
10327,10099
10328,10099
10329,10099
10330,10099
10331,10099
10332,10099
10333,10099
10334,10099
10335,10099
10336,10099
10088,10100
10089,10100
10090,10100
10091,10100
10092,10100
10093,10100
10094,10100
10095,10100
10096,10100
10097,10100
10098,10100
10099,10100
10100,10100
10101,10100
10102,10100
10103,10100
10104,10100
10105,10100
10106,10100
10107,10100
10108,10100
10109,10100
10110,10100
10111,10100
10112,10100
10113,10100
10114,10100
10115,10100
10116,10100
10117,10100
10118,10100
10119,10100
10120,10100
10121,10100
10122,10100
10123,10100
10124,10100
10125,10100
10126,10100
10127,10100
10128,10100
10129,10100
10130,10100
10131,10100
10132,10100
10133,10100
10134,10100
10135,10100
10136,10100
10137,10100
10138,10100
10139,10100
10140,10100
10141,10100
10142,10100
10143,10100
10144,10100
10145,10100
10146,10100
10147,10100
10148,10100
10149,10100
10150,10100
10151,10100
10152,10100
10153,10100
10154,10100
10155,10100
10156,10100
10157,10100
10158,10100
10159,10100
10160,10100
10161,10100
10162,10100
10163,10100
10164,10100
10165,10100
10166,10100
10167,10100
10168,10100
10169,10100
10170,10100
10171,10100
10172,10100
10173,10100
10174,10100
10175,10100
10176,10100
10177,10100
10178,10100
10179,10100
10180,10100
10181,10100
10182,10100
10183,10100
10184,10100
10185,10100
10186,10100
10187,10100
10188,10100
10189,10100
10190,10100
10191,10100
10192,10100
10193,10100
10194,10100
10195,10100
10196,10100
10197,10100
10198,10100
10199,10100
10200,10100
10201,10100
10202,10100
10203,10100
10204,10100
10205,10100
10206,10100
10207,10100
10208,10100
10209,10100
10210,10100
10211,10100
10212,10100
10213,10100
10214,10100
10215,10100
10216,10100
10217,10100
10218,10100
10219,10100
10220,10100
10221,10100
10222,10100
10223,10100
10224,10100
10225,10100
10226,10100
10227,10100
10228,10100
10229,10100
10230,10100
10231,10100
10232,10100
10233,10100
10234,10100
10235,10100
10236,10100
10237,10100
10238,10100
10239,10100
10240,10100
10241,10100
10242,10100
10243,10100
10244,10100
10245,10100
10246,10100
10247,10100
10248,10100
10249,10100
10250,10100
10251,10100
10252,10100
10253,10100
10254,10100
10255,10100
10256,10100
10257,10100
10258,10100
10259,10100
10260,10100
10261,10100
10262,10100
10263,10100
10264,10100
10265,10100
10266,10100
10267,10100
10268,10100
10269,10100
10270,10100
10271,10100
10272,10100
10273,10100
10274,10100
10275,10100
10276,10100
10277,10100
10278,10100
10279,10100
10280,10100
10281,10100
10282,10100
10283,10100
10284,10100
10285,10100
10286,10100
10287,10100
10288,10100
10289,10100
10290,10100
10291,10100
10292,10100
10293,10100
10294,10100
10295,10100
10296,10100
10297,10100
10298,10100
10299,10100
10300,10100
10301,10100
10302,10100
10303,10100
10304,10100
10305,10100
10306,10100
10307,10100
10308,10100
10309,10100
10310,10100
10311,10100
10312,10100
10313,10100
10314,10100
10315,10100
10316,10100
10317,10100
10318,10100
10319,10100
10320,10100
10321,10100
10322,10100
10323,10100
10324,10100
10325,10100
10326,10100
10327,10100
10328,10100
10329,10100
10330,10100
10331,10100
10332,10100
10333,10100
10334,10100
10335,10100
10336,10100
10088,10101
10089,10101
10090,10101
10091,10101
10092,10101
10093,10101
10094,10101
10095,10101
10096,10101
10097,10101
10098,10101
10099,10101
10100,10101
10101,10101
10102,10101
10103,10101
10104,10101
10105,10101
10106,10101
10107,10101
10108,10101
10109,10101
10110,10101
10111,10101
10112,10101
10113,10101
10114,10101
10115,10101
10116,10101
10117,10101
10118,10101
10119,10101
10120,10101
10121,10101
10122,10101
10123,10101
10124,10101
10125,10101
10126,10101
10127,10101
10128,10101
10129,10101
10130,10101
10131,10101
10132,10101
10133,10101
10134,10101
10135,10101
10136,10101
10137,10101
10138,10101
10139,10101
10140,10101
10141,10101
10142,10101
10143,10101
10144,10101
10145,10101
10146,10101
10147,10101
10148,10101
10149,10101
10150,10101
10151,10101
10152,10101
10153,10101
10154,10101
10155,10101
10156,10101
10157,10101
10158,10101
10159,10101
10160,10101
10161,10101
10162,10101
10163,10101
10164,10101
10165,10101
10166,10101
10167,10101
10168,10101
10169,10101
10170,10101
10171,10101
10172,10101
10173,10101
10174,10101
10175,10101
10176,10101
10177,10101
10178,10101
10179,10101
10180,10101
10181,10101
10182,10101
10183,10101
10184,10101
10185,10101
10186,10101
10187,10101
10188,10101
10189,10101
10190,10101
10191,10101
10192,10101
10193,10101
10194,10101
10195,10101
10196,10101
10197,10101
10198,10101
10199,10101
10200,10101
10201,10101
10202,10101
10203,10101
10204,10101
10205,10101
10206,10101
10207,10101
10208,10101
10209,10101
10210,10101
10211,10101
10212,10101
10213,10101
10214,10101
10215,10101
10216,10101
10217,10101
10218,10101
10219,10101
10220,10101
10221,10101
10222,10101
10223,10101
10224,10101
10225,10101
10226,10101
10227,10101
10228,10101
10229,10101
10230,10101
10231,10101
10232,10101
10233,10101
10234,10101
10235,10101
10236,10101
10237,10101
10238,10101
10239,10101
10240,10101
10241,10101
10242,10101
10243,10101
10244,10101
10245,10101
10246,10101
10247,10101
10248,10101
10249,10101
10250,10101
10251,10101
10252,10101
10253,10101
10254,10101
10255,10101
10256,10101
10257,10101
10258,10101
10259,10101
10260,10101
10261,10101
10262,10101
10263,10101
10264,10101
10265,10101
10266,10101
10267,10101
10268,10101
10269,10101
10270,10101
10271,10101
10272,10101
10273,10101
10274,10101
10275,10101
10276,10101
10277,10101
10278,10101
10279,10101
10280,10101
10281,10101
10282,10101
10283,10101
10284,10101
10285,10101
10286,10101
10287,10101
10288,10101
10289,10101
10290,10101
10291,10101
10292,10101
10293,10101
10294,10101
10295,10101
10296,10101
10297,10101
10298,10101
10299,10101
10300,10101
10301,10101
10302,10101
10303,10101
10304,10101
10305,10101
10306,10101
10307,10101
10308,10101
10309,10101
10310,10101
10311,10101
10312,10101
10313,10101
10314,10101
10315,10101
10316,10101
10317,10101
10318,10101
10319,10101
10320,10101
10321,10101
10322,10101
10323,10101
10324,10101
10325,10101
10326,10101
10327,10101
10328,10101
10329,10101
10330,10101
10331,10101
10332,10101
10333,10101
10334,10101
10335,10101
10336,10101
10088,10102
10089,10102
10090,10102
10091,10102
10092,10102
10093,10102
10094,10102
10095,10102
10096,10102
10097,10102
10098,10102
10099,10102
10100,10102
10101,10102
10102,10102
10103,10102
10104,10102
10105,10102
10106,10102
10107,10102
10108,10102
10109,10102
10110,10102
10111,10102
10112,10102
10113,10102
10114,10102
10115,10102
10116,10102
10117,10102
10118,10102
10119,10102
10120,10102
10121,10102
10122,10102
10123,10102
10124,10102
10125,10102
10126,10102
10127,10102
10128,10102
10129,10102
10130,10102
10131,10102
10132,10102
10133,10102
10134,10102
10135,10102
10136,10102
10137,10102
10138,10102
10139,10102
10140,10102
10141,10102
10142,10102
10143,10102
10144,10102
10145,10102
10146,10102
10147,10102
10148,10102
10149,10102
10150,10102
10151,10102
10152,10102
10153,10102
10154,10102
10155,10102
10156,10102
10157,10102
10158,10102
10159,10102
10160,10102
10161,10102
10162,10102
10163,10102
10164,10102
10165,10102
10166,10102
10167,10102
10168,10102
10169,10102
10170,10102
10171,10102
10172,10102
10173,10102
10174,10102
10175,10102
10176,10102
10177,10102
10178,10102
10179,10102
10180,10102
10181,10102
10182,10102
10183,10102
10184,10102
10185,10102
10186,10102
10187,10102
10188,10102
10189,10102
10190,10102
10191,10102
10192,10102
10193,10102
10194,10102
10195,10102
10196,10102
10197,10102
10198,10102
10199,10102
10200,10102
10201,10102
10202,10102
10203,10102
10204,10102
10205,10102
10206,10102
10207,10102
10208,10102
10209,10102
10210,10102
10211,10102
10212,10102
10213,10102
10214,10102
10215,10102
10216,10102
10217,10102
10218,10102
10219,10102
10220,10102
10221,10102
10222,10102
10223,10102
10224,10102
10225,10102
10226,10102
10227,10102
10228,10102
10229,10102
10230,10102
10231,10102
10232,10102
10233,10102
10234,10102
10235,10102
10236,10102
10237,10102
10238,10102
10239,10102
10240,10102
10241,10102
10242,10102
10243,10102
10244,10102
10245,10102
10246,10102
10247,10102
10248,10102
10249,10102
10250,10102
10251,10102
10252,10102
10253,10102
10254,10102
10255,10102
10256,10102
10257,10102
10258,10102
10259,10102
10260,10102
10261,10102
10262,10102
10263,10102
10264,10102
10265,10102
10266,10102
10267,10102
10268,10102
10269,10102
10270,10102
10271,10102
10272,10102
10273,10102
10274,10102
10275,10102
10276,10102
10277,10102
10278,10102
10279,10102
10280,10102
10281,10102
10282,10102
10283,10102
10284,10102
10285,10102
10286,10102
10287,10102
10288,10102
10289,10102
10290,10102
10291,10102
10292,10102
10293,10102
10294,10102
10295,10102
10296,10102
10297,10102
10298,10102
10299,10102
10300,10102
10301,10102
10302,10102
10303,10102
10304,10102
10305,10102
10306,10102
10307,10102
10308,10102
10309,10102
10310,10102
10311,10102
10312,10102
10313,10102
10314,10102
10315,10102
10316,10102
10317,10102
10318,10102
10319,10102
10320,10102
10321,10102
10322,10102
10323,10102
10324,10102
10325,10102
10326,10102
10327,10102
10328,10102
10329,10102
10330,10102
10331,10102
10332,10102
10333,10102
10334,10102
10335,10102
10336,10102
10088,10103
10089,10103
10090,10103
10091,10103
10092,10103
10093,10103
10094,10103
10095,10103
10096,10103
10097,10103
10098,10103
10099,10103
10100,10103
10101,10103
10102,10103
10103,10103
10104,10103
10105,10103
10106,10103
10107,10103
10108,10103
10109,10103
10110,10103
10111,10103
10112,10103
10113,10103
10114,10103
10115,10103
10116,10103
10117,10103
10118,10103
10119,10103
10120,10103
10121,10103
10122,10103
10123,10103
10124,10103
10125,10103
10126,10103
10127,10103
10128,10103
10129,10103
10130,10103
10131,10103
10132,10103
10133,10103
10134,10103
10135,10103
10136,10103
10137,10103
10138,10103
10139,10103
10140,10103
10141,10103
10142,10103
10143,10103
10144,10103
10145,10103
10146,10103
10147,10103
10148,10103
10149,10103
10150,10103
10151,10103
10152,10103
10153,10103
10154,10103
10155,10103
10156,10103
10157,10103
10158,10103
10159,10103
10160,10103
10161,10103
10162,10103
10163,10103
10164,10103
10165,10103
10166,10103
10167,10103
10168,10103
10169,10103
10170,10103
10171,10103
10172,10103
10173,10103
10174,10103
10175,10103
10176,10103
10177,10103
10178,10103
10179,10103
10180,10103
10181,10103
10182,10103
10183,10103
10184,10103
10185,10103
10186,10103
10187,10103
10188,10103
10189,10103
10190,10103
10191,10103
10192,10103
10193,10103
10194,10103
10195,10103
10196,10103
10197,10103
10198,10103
10199,10103
10200,10103
10201,10103
10202,10103
10203,10103
10204,10103
10205,10103
10206,10103
10207,10103
10208,10103
10209,10103
10210,10103
10211,10103
10212,10103
10213,10103
10214,10103
10215,10103
10216,10103
10217,10103
10218,10103
10219,10103
10220,10103
10221,10103
10222,10103
10223,10103
10224,10103
10225,10103
10226,10103
10227,10103
10228,10103
10229,10103
10230,10103
10231,10103
10232,10103
10233,10103
10234,10103
10235,10103
10236,10103
10237,10103
10238,10103
10239,10103
10240,10103
10241,10103
10242,10103
10243,10103
10244,10103
10245,10103
10246,10103
10247,10103
10248,10103
10249,10103
10250,10103
10251,10103
10252,10103
10253,10103
10254,10103
10255,10103
10256,10103
10257,10103
10258,10103
10259,10103
10260,10103
10261,10103
10262,10103
10263,10103
10264,10103
10265,10103
10266,10103
10267,10103
10268,10103
10269,10103
10270,10103
10271,10103
10272,10103
10273,10103
10274,10103
10275,10103
10276,10103
10277,10103
10278,10103
10279,10103
10280,10103
10281,10103
10282,10103
10283,10103
10284,10103
10285,10103
10286,10103
10287,10103
10288,10103
10289,10103
10290,10103
10291,10103
10292,10103
10293,10103
10294,10103
10295,10103
10296,10103
10297,10103
10298,10103
10299,10103
10300,10103
10301,10103
10302,10103
10303,10103
10304,10103
10305,10103
10306,10103
10307,10103
10308,10103
10309,10103
10310,10103
10311,10103
10312,10103
10313,10103
10314,10103
10315,10103
10316,10103
10317,10103
10318,10103
10319,10103
10320,10103
10321,10103
10322,10103
10323,10103
10324,10103
10325,10103
10326,10103
10327,10103
10328,10103
10329,10103
10330,10103
10331,10103
10332,10103
10333,10103
10334,10103
10335,10103
10336,10103
10088,10104
10089,10104
10090,10104
10091,10104
10092,10104
10093,10104
10094,10104
10095,10104
10096,10104
10097,10104
10098,10104
10099,10104
10100,10104
10101,10104
10102,10104
10103,10104
10104,10104
10105,10104
10106,10104
10107,10104
10108,10104
10109,10104
10110,10104
10111,10104
10112,10104
10113,10104
10114,10104
10115,10104
10116,10104
10117,10104
10118,10104
10119,10104
10120,10104
10121,10104
10122,10104
10123,10104
10124,10104
10125,10104
10126,10104
10127,10104
10128,10104
10129,10104
10130,10104
10131,10104
10132,10104
10133,10104
10134,10104
10135,10104
10136,10104
10137,10104
10138,10104
10139,10104
10140,10104
10141,10104
10142,10104
10143,10104
10144,10104
10145,10104
10146,10104
10147,10104
10148,10104
10149,10104
10150,10104
10151,10104
10152,10104
10153,10104
10154,10104
10155,10104
10156,10104
10157,10104
10158,10104
10159,10104
10160,10104
10161,10104
10162,10104
10163,10104
10164,10104
10165,10104
10166,10104
10167,10104
10168,10104
10169,10104
10170,10104
10171,10104
10172,10104
10173,10104
10174,10104
10175,10104
10176,10104
10177,10104
10178,10104
10179,10104
10180,10104
10181,10104
10182,10104
10183,10104
10184,10104
10185,10104
10186,10104
10187,10104
10188,10104
10189,10104
10190,10104
10191,10104
10192,10104
10193,10104
10194,10104
10195,10104
10196,10104
10197,10104
10198,10104
10199,10104
10200,10104
10201,10104
10202,10104
10203,10104
10204,10104
10205,10104
10206,10104
10207,10104
10208,10104
10209,10104
10210,10104
10211,10104
10212,10104
10213,10104
10214,10104
10215,10104
10216,10104
10217,10104
10218,10104
10219,10104
10220,10104
10221,10104
10222,10104
10223,10104
10224,10104
10225,10104
10226,10104
10227,10104
10228,10104
10229,10104
10230,10104
10231,10104
10232,10104
10233,10104
10234,10104
10235,10104
10236,10104
10237,10104
10238,10104
10239,10104
10240,10104
10241,10104
10242,10104
10243,10104
10244,10104
10245,10104
10246,10104
10247,10104
10248,10104
10249,10104
10250,10104
10251,10104
10252,10104
10253,10104
10254,10104
10255,10104
10256,10104
10257,10104
10258,10104
10259,10104
10260,10104
10261,10104
10262,10104
10263,10104
10264,10104
10265,10104
10266,10104
10267,10104
10268,10104
10269,10104
10270,10104
10271,10104
10272,10104
10273,10104
10274,10104
10275,10104
10276,10104
10277,10104
10278,10104
10279,10104
10280,10104
10281,10104
10282,10104
10283,10104
10284,10104
10285,10104
10286,10104
10287,10104
10288,10104
10289,10104
10290,10104
10291,10104
10292,10104
10293,10104
10294,10104
10295,10104
10296,10104
10297,10104
10298,10104
10299,10104
10300,10104
10301,10104
10302,10104
10303,10104
10304,10104
10305,10104
10306,10104
10307,10104
10308,10104
10309,10104
10310,10104
10311,10104
10312,10104
10313,10104
10314,10104
10315,10104
10316,10104
10317,10104
10318,10104
10319,10104
10320,10104
10321,10104
10322,10104
10323,10104
10324,10104
10325,10104
10326,10104
10327,10104
10328,10104
10329,10104
10330,10104
10331,10104
10332,10104
10333,10104
10334,10104
10335,10104
10336,10104
10088,10105
10089,10105
10090,10105
10091,10105
10092,10105
10093,10105
10094,10105
10095,10105
10096,10105
10097,10105
10098,10105
10099,10105
10100,10105
10101,10105
10102,10105
10103,10105
10104,10105
10105,10105
10106,10105
10107,10105
10108,10105
10109,10105
10110,10105
10111,10105
10112,10105
10113,10105
10114,10105
10115,10105
10116,10105
10117,10105
10118,10105
10119,10105
10120,10105
10121,10105
10122,10105
10123,10105
10124,10105
10125,10105
10126,10105
10127,10105
10128,10105
10129,10105
10130,10105
10131,10105
10132,10105
10133,10105
10134,10105
10135,10105
10136,10105
10137,10105
10138,10105
10139,10105
10140,10105
10141,10105
10142,10105
10143,10105
10144,10105
10145,10105
10146,10105
10147,10105
10148,10105
10149,10105
10150,10105
10151,10105
10152,10105
10153,10105
10154,10105
10155,10105
10156,10105
10157,10105
10158,10105
10159,10105
10160,10105
10161,10105
10162,10105
10163,10105
10164,10105
10165,10105
10166,10105
10167,10105
10168,10105
10169,10105
10170,10105
10171,10105
10172,10105
10173,10105
10174,10105
10175,10105
10176,10105
10177,10105
10178,10105
10179,10105
10180,10105
10181,10105
10182,10105
10183,10105
10184,10105
10185,10105
10186,10105
10187,10105
10188,10105
10189,10105
10190,10105
10191,10105
10192,10105
10193,10105
10194,10105
10195,10105
10196,10105
10197,10105
10198,10105
10199,10105
10200,10105
10201,10105
10202,10105
10203,10105
10204,10105
10205,10105
10206,10105
10207,10105
10208,10105
10209,10105
10210,10105
10211,10105
10212,10105
10213,10105
10214,10105
10215,10105
10216,10105
10217,10105
10218,10105
10219,10105
10220,10105
10221,10105
10222,10105
10223,10105
10224,10105
10225,10105
10226,10105
10227,10105
10228,10105
10229,10105
10230,10105
10231,10105
10232,10105
10233,10105
10234,10105
10235,10105
10236,10105
10237,10105
10238,10105
10239,10105
10240,10105
10241,10105
10242,10105
10243,10105
10244,10105
10245,10105
10246,10105
10247,10105
10248,10105
10249,10105
10250,10105
10251,10105
10252,10105
10253,10105
10254,10105
10255,10105
10256,10105
10257,10105
10258,10105
10259,10105
10260,10105
10261,10105
10262,10105
10263,10105
10264,10105
10265,10105
10266,10105
10267,10105
10268,10105
10269,10105
10270,10105
10271,10105
10272,10105
10273,10105
10274,10105
10275,10105
10276,10105
10277,10105
10278,10105
10279,10105
10280,10105
10281,10105
10282,10105
10283,10105
10284,10105
10285,10105
10286,10105
10287,10105
10288,10105
10289,10105
10290,10105
10291,10105
10292,10105
10293,10105
10294,10105
10295,10105
10296,10105
10297,10105
10298,10105
10299,10105
10300,10105
10301,10105
10302,10105
10303,10105
10304,10105
10305,10105
10306,10105
10307,10105
10308,10105
10309,10105
10310,10105
10311,10105
10312,10105
10313,10105
10314,10105
10315,10105
10316,10105
10317,10105
10318,10105
10319,10105
10320,10105
10321,10105
10322,10105
10323,10105
10324,10105
10325,10105
10326,10105
10327,10105
10328,10105
10329,10105
10330,10105
10331,10105
10332,10105
10333,10105
10334,10105
10335,10105
10336,10105
10088,10106
10089,10106
10090,10106
10091,10106
10092,10106
10093,10106
10094,10106
10095,10106
10096,10106
10097,10106
10098,10106
10099,10106
10100,10106
10101,10106
10102,10106
10103,10106
10104,10106
10105,10106
10106,10106
10107,10106
10108,10106
10109,10106
10110,10106
10111,10106
10112,10106
10113,10106
10114,10106
10115,10106
10116,10106
10117,10106
10118,10106
10119,10106
10120,10106
10121,10106
10122,10106
10123,10106
10124,10106
10125,10106
10126,10106
10127,10106
10128,10106
10129,10106
10130,10106
10131,10106
10132,10106
10133,10106
10134,10106
10135,10106
10136,10106
10137,10106
10138,10106
10139,10106
10140,10106
10141,10106
10142,10106
10143,10106
10144,10106
10145,10106
10146,10106
10147,10106
10148,10106
10149,10106
10150,10106
10151,10106
10152,10106
10153,10106
10154,10106
10155,10106
10156,10106
10157,10106
10158,10106
10159,10106
10160,10106
10161,10106
10162,10106
10163,10106
10164,10106
10165,10106
10166,10106
10167,10106
10168,10106
10169,10106
10170,10106
10171,10106
10172,10106
10173,10106
10174,10106
10175,10106
10176,10106
10177,10106
10178,10106
10179,10106
10180,10106
10181,10106
10182,10106
10183,10106
10184,10106
10185,10106
10186,10106
10187,10106
10188,10106
10189,10106
10190,10106
10191,10106
10192,10106
10193,10106
10194,10106
10195,10106
10196,10106
10197,10106
10198,10106
10199,10106
10200,10106
10201,10106
10202,10106
10203,10106
10204,10106
10205,10106
10206,10106
10207,10106
10208,10106
10209,10106
10210,10106
10211,10106
10212,10106
10213,10106
10214,10106
10215,10106
10216,10106
10217,10106
10218,10106
10219,10106
10220,10106
10221,10106
10222,10106
10223,10106
10224,10106
10225,10106
10226,10106
10227,10106
10228,10106
10229,10106
10230,10106
10231,10106
10232,10106
10233,10106
10234,10106
10235,10106
10236,10106
10237,10106
10238,10106
10239,10106
10240,10106
10241,10106
10242,10106
10243,10106
10244,10106
10245,10106
10246,10106
10247,10106
10248,10106
10249,10106
10250,10106
10251,10106
10252,10106
10253,10106
10254,10106
10255,10106
10256,10106
10257,10106
10258,10106
10259,10106
10260,10106
10261,10106
10262,10106
10263,10106
10264,10106
10265,10106
10266,10106
10267,10106
10268,10106
10269,10106
10270,10106
10271,10106
10272,10106
10273,10106
10274,10106
10275,10106
10276,10106
10277,10106
10278,10106
10279,10106
10280,10106
10281,10106
10282,10106
10283,10106
10284,10106
10285,10106
10286,10106
10287,10106
10288,10106
10289,10106
10290,10106
10291,10106
10292,10106
10293,10106
10294,10106
10295,10106
10296,10106
10297,10106
10298,10106
10299,10106
10300,10106
10301,10106
10302,10106
10303,10106
10304,10106
10305,10106
10306,10106
10307,10106
10308,10106
10309,10106
10310,10106
10311,10106
10312,10106
10313,10106
10314,10106
10315,10106
10316,10106
10317,10106
10318,10106
10319,10106
10320,10106
10321,10106
10322,10106
10323,10106
10324,10106
10325,10106
10326,10106
10327,10106
10328,10106
10329,10106
10330,10106
10331,10106
10332,10106
10333,10106
10334,10106
10335,10106
10336,10106
10088,10107
10089,10107
10090,10107
10091,10107
10092,10107
10093,10107
10094,10107
10095,10107
10096,10107
10097,10107
10098,10107
10099,10107
10100,10107
10101,10107
10102,10107
10103,10107
10104,10107
10105,10107
10106,10107
10107,10107
10108,10107
10109,10107
10110,10107
10111,10107
10112,10107
10113,10107
10114,10107
10115,10107
10116,10107
10117,10107
10118,10107
10119,10107
10120,10107
10121,10107
10122,10107
10123,10107
10124,10107
10125,10107
10126,10107
10127,10107
10128,10107
10129,10107
10130,10107
10131,10107
10132,10107
10133,10107
10134,10107
10135,10107
10136,10107
10137,10107
10138,10107
10139,10107
10140,10107
10141,10107
10142,10107
10143,10107
10144,10107
10145,10107
10146,10107
10147,10107
10148,10107
10149,10107
10150,10107
10151,10107
10152,10107
10153,10107
10154,10107
10155,10107
10156,10107
10157,10107
10158,10107
10159,10107
10160,10107
10161,10107
10162,10107
10163,10107
10164,10107
10165,10107
10166,10107
10167,10107
10168,10107
10169,10107
10170,10107
10171,10107
10172,10107
10173,10107
10174,10107
10175,10107
10176,10107
10177,10107
10178,10107
10179,10107
10180,10107
10181,10107
10182,10107
10183,10107
10184,10107
10185,10107
10186,10107
10187,10107
10188,10107
10189,10107
10190,10107
10191,10107
10192,10107
10193,10107
10194,10107
10195,10107
10196,10107
10197,10107
10198,10107
10199,10107
10200,10107
10201,10107
10202,10107
10203,10107
10204,10107
10205,10107
10206,10107
10207,10107
10208,10107
10209,10107
10210,10107
10211,10107
10212,10107
10213,10107
10214,10107
10215,10107
10216,10107
10217,10107
10218,10107
10219,10107
10220,10107
10221,10107
10222,10107
10223,10107
10224,10107
10225,10107
10226,10107
10227,10107
10228,10107
10229,10107
10230,10107
10231,10107
10232,10107
10233,10107
10234,10107
10235,10107
10236,10107
10237,10107
10238,10107
10239,10107
10240,10107
10241,10107
10242,10107
10243,10107
10244,10107
10245,10107
10246,10107
10247,10107
10248,10107
10249,10107
10250,10107
10251,10107
10252,10107
10253,10107
10254,10107
10255,10107
10256,10107
10257,10107
10258,10107
10259,10107
10260,10107
10261,10107
10262,10107
10263,10107
10264,10107
10265,10107
10266,10107
10267,10107
10268,10107
10269,10107
10270,10107
10271,10107
10272,10107
10273,10107
10274,10107
10275,10107
10276,10107
10277,10107
10278,10107
10279,10107
10280,10107
10281,10107
10282,10107
10283,10107
10284,10107
10285,10107
10286,10107
10287,10107
10288,10107
10289,10107
10290,10107
10291,10107
10292,10107
10293,10107
10294,10107
10295,10107
10296,10107
10297,10107
10298,10107
10299,10107
10300,10107
10301,10107
10302,10107
10303,10107
10304,10107
10305,10107
10306,10107
10307,10107
10308,10107
10309,10107
10310,10107
10311,10107
10312,10107
10313,10107
10314,10107
10315,10107
10316,10107
10317,10107
10318,10107
10319,10107
10320,10107
10321,10107
10322,10107
10323,10107
10324,10107
10325,10107
10326,10107
10327,10107
10328,10107
10329,10107
10330,10107
10331,10107
10332,10107
10333,10107
10334,10107
10335,10107
10336,10107
10088,10108
10089,10108
10090,10108
10091,10108
10092,10108
10093,10108
10094,10108
10095,10108
10096,10108
10097,10108
10098,10108
10099,10108
10100,10108
10101,10108
10102,10108
10103,10108
10104,10108
10105,10108
10106,10108
10107,10108
10108,10108
10109,10108
10110,10108
10111,10108
10112,10108
10113,10108
10114,10108
10115,10108
10116,10108
10117,10108
10118,10108
10119,10108
10120,10108
10121,10108
10122,10108
10123,10108
10124,10108
10125,10108
10126,10108
10127,10108
10128,10108
10129,10108
10130,10108
10131,10108
10132,10108
10133,10108
10134,10108
10135,10108
10136,10108
10137,10108
10138,10108
10139,10108
10140,10108
10141,10108
10142,10108
10143,10108
10144,10108
10145,10108
10146,10108
10147,10108
10148,10108
10149,10108
10150,10108
10151,10108
10152,10108
10153,10108
10154,10108
10155,10108
10156,10108
10157,10108
10158,10108
10159,10108
10160,10108
10161,10108
10162,10108
10163,10108
10164,10108
10165,10108
10166,10108
10167,10108
10168,10108
10169,10108
10170,10108
10171,10108
10172,10108
10173,10108
10174,10108
10175,10108
10176,10108
10177,10108
10178,10108
10179,10108
10180,10108
10181,10108
10182,10108
10183,10108
10184,10108
10185,10108
10186,10108
10187,10108
10188,10108
10189,10108
10190,10108
10191,10108
10192,10108
10193,10108
10194,10108
10195,10108
10196,10108
10197,10108
10198,10108
10199,10108
10200,10108
10201,10108
10202,10108
10203,10108
10204,10108
10205,10108
10206,10108
10207,10108
10208,10108
10209,10108
10210,10108
10211,10108
10212,10108
10213,10108
10214,10108
10215,10108
10216,10108
10217,10108
10218,10108
10219,10108
10220,10108
10221,10108
10222,10108
10223,10108
10224,10108
10225,10108
10226,10108
10227,10108
10228,10108
10229,10108
10230,10108
10231,10108
10232,10108
10233,10108
10234,10108
10235,10108
10236,10108
10237,10108
10238,10108
10239,10108
10240,10108
10241,10108
10242,10108
10243,10108
10244,10108
10245,10108
10246,10108
10247,10108
10248,10108
10249,10108
10250,10108
10251,10108
10252,10108
10253,10108
10254,10108
10255,10108
10256,10108
10257,10108
10258,10108
10259,10108
10260,10108
10261,10108
10262,10108
10263,10108
10264,10108
10265,10108
10266,10108
10267,10108
10268,10108
10269,10108
10270,10108
10271,10108
10272,10108
10273,10108
10274,10108
10275,10108
10276,10108
10277,10108
10278,10108
10279,10108
10280,10108
10281,10108
10282,10108
10283,10108
10284,10108
10285,10108
10286,10108
10287,10108
10288,10108
10289,10108
10290,10108
10291,10108
10292,10108
10293,10108
10294,10108
10295,10108
10296,10108
10297,10108
10298,10108
10299,10108
10300,10108
10301,10108
10302,10108
10303,10108
10304,10108
10305,10108
10306,10108
10307,10108
10308,10108
10309,10108
10310,10108
10311,10108
10312,10108
10313,10108
10314,10108
10315,10108
10316,10108
10317,10108
10318,10108
10319,10108
10320,10108
10321,10108
10322,10108
10323,10108
10324,10108
10325,10108
10326,10108
10327,10108
10328,10108
10329,10108
10330,10108
10331,10108
10332,10108
10333,10108
10334,10108
10335,10108
10336,10108
10088,10109
10089,10109
10090,10109
10091,10109
10092,10109
10093,10109
10094,10109
10095,10109
10096,10109
10097,10109
10098,10109
10099,10109
10100,10109
10101,10109
10102,10109
10103,10109
10104,10109
10105,10109
10106,10109
10107,10109
10108,10109
10109,10109
10110,10109
10111,10109
10112,10109
10113,10109
10114,10109
10115,10109
10116,10109
10117,10109
10118,10109
10119,10109
10120,10109
10121,10109
10122,10109
10123,10109
10124,10109
10125,10109
10126,10109
10127,10109
10128,10109
10129,10109
10130,10109
10131,10109
10132,10109
10133,10109
10134,10109
10135,10109
10136,10109
10137,10109
10138,10109
10139,10109
10140,10109
10141,10109
10142,10109
10143,10109
10144,10109
10145,10109
10146,10109
10147,10109
10148,10109
10149,10109
10150,10109
10151,10109
10152,10109
10153,10109
10154,10109
10155,10109
10156,10109
10157,10109
10158,10109
10159,10109
10160,10109
10161,10109
10162,10109
10163,10109
10164,10109
10165,10109
10166,10109
10167,10109
10168,10109
10169,10109
10170,10109
10171,10109
10172,10109
10173,10109
10174,10109
10175,10109
10176,10109
10177,10109
10178,10109
10179,10109
10180,10109
10181,10109
10182,10109
10183,10109
10184,10109
10185,10109
10186,10109
10187,10109
10188,10109
10189,10109
10190,10109
10191,10109
10192,10109
10193,10109
10194,10109
10195,10109
10196,10109
10197,10109
10198,10109
10199,10109
10200,10109
10201,10109
10202,10109
10203,10109
10204,10109
10205,10109
10206,10109
10207,10109
10208,10109
10209,10109
10210,10109
10211,10109
10212,10109
10213,10109
10214,10109
10215,10109
10216,10109
10217,10109
10218,10109
10219,10109
10220,10109
10221,10109
10222,10109
10223,10109
10224,10109
10225,10109
10226,10109
10227,10109
10228,10109
10229,10109
10230,10109
10231,10109
10232,10109
10233,10109
10234,10109
10235,10109
10236,10109
10237,10109
10238,10109
10239,10109
10240,10109
10241,10109
10242,10109
10243,10109
10244,10109
10245,10109
10246,10109
10247,10109
10248,10109
10249,10109
10250,10109
10251,10109
10252,10109
10253,10109
10254,10109
10255,10109
10256,10109
10257,10109
10258,10109
10259,10109
10260,10109
10261,10109
10262,10109
10263,10109
10264,10109
10265,10109
10266,10109
10267,10109
10268,10109
10269,10109
10270,10109
10271,10109
10272,10109
10273,10109
10274,10109
10275,10109
10276,10109
10277,10109
10278,10109
10279,10109
10280,10109
10281,10109
10282,10109
10283,10109
10284,10109
10285,10109
10286,10109
10287,10109
10288,10109
10289,10109
10290,10109
10291,10109
10292,10109
10293,10109
10294,10109
10295,10109
10296,10109
10297,10109
10298,10109
10299,10109
10300,10109
10301,10109
10302,10109
10303,10109
10304,10109
10305,10109
10306,10109
10307,10109
10308,10109
10309,10109
10310,10109
10311,10109
10312,10109
10313,10109
10314,10109
10315,10109
10316,10109
10317,10109
10318,10109
10319,10109
10320,10109
10321,10109
10322,10109
10323,10109
10324,10109
10325,10109
10326,10109
10327,10109
10328,10109
10329,10109
10330,10109
10331,10109
10332,10109
10333,10109
10334,10109
10335,10109
10336,10109
10088,10110
10089,10110
10090,10110
10091,10110
10092,10110
10093,10110
10094,10110
10095,10110
10096,10110
10097,10110
10098,10110
10099,10110
10100,10110
10101,10110
10102,10110
10103,10110
10104,10110
10105,10110
10106,10110
10107,10110
10108,10110
10109,10110
10110,10110
10111,10110
10112,10110
10113,10110
10114,10110
10115,10110
10116,10110
10117,10110
10118,10110
10119,10110
10120,10110
10121,10110
10122,10110
10123,10110
10124,10110
10125,10110
10126,10110
10127,10110
10128,10110
10129,10110
10130,10110
10131,10110
10132,10110
10133,10110
10134,10110
10135,10110
10136,10110
10137,10110
10138,10110
10139,10110
10140,10110
10141,10110
10142,10110
10143,10110
10144,10110
10145,10110
10146,10110
10147,10110
10148,10110
10149,10110
10150,10110
10151,10110
10152,10110
10153,10110
10154,10110
10155,10110
10156,10110
10157,10110
10158,10110
10159,10110
10160,10110
10161,10110
10162,10110
10163,10110
10164,10110
10165,10110
10166,10110
10167,10110
10168,10110
10169,10110
10170,10110
10171,10110
10172,10110
10173,10110
10174,10110
10175,10110
10176,10110
10177,10110
10178,10110
10179,10110
10180,10110
10181,10110
10182,10110
10183,10110
10184,10110
10185,10110
10186,10110
10187,10110
10188,10110
10189,10110
10190,10110
10191,10110
10192,10110
10193,10110
10194,10110
10195,10110
10196,10110
10197,10110
10198,10110
10199,10110
10200,10110
10201,10110
10202,10110
10203,10110
10204,10110
10205,10110
10206,10110
10207,10110
10208,10110
10209,10110
10210,10110
10211,10110
10212,10110
10213,10110
10214,10110
10215,10110
10216,10110
10217,10110
10218,10110
10219,10110
10220,10110
10221,10110
10222,10110
10223,10110
10224,10110
10225,10110
10226,10110
10227,10110
10228,10110
10229,10110
10230,10110
10231,10110
10232,10110
10233,10110
10234,10110
10235,10110
10236,10110
10237,10110
10238,10110
10239,10110
10240,10110
10241,10110
10242,10110
10243,10110
10244,10110
10245,10110
10246,10110
10247,10110
10248,10110
10249,10110
10250,10110
10251,10110
10252,10110
10253,10110
10254,10110
10255,10110
10256,10110
10257,10110
10258,10110
10259,10110
10260,10110
10261,10110
10262,10110
10263,10110
10264,10110
10265,10110
10266,10110
10267,10110
10268,10110
10269,10110
10270,10110
10271,10110
10272,10110
10273,10110
10274,10110
10275,10110
10276,10110
10277,10110
10278,10110
10279,10110
10280,10110
10281,10110
10282,10110
10283,10110
10284,10110
10285,10110
10286,10110
10287,10110
10288,10110
10289,10110
10290,10110
10291,10110
10292,10110
10293,10110
10294,10110
10295,10110
10296,10110
10297,10110
10298,10110
10299,10110
10300,10110
10301,10110
10302,10110
10303,10110
10304,10110
10305,10110
10306,10110
10307,10110
10308,10110
10309,10110
10310,10110
10311,10110
10312,10110
10313,10110
10314,10110
10315,10110
10316,10110
10317,10110
10318,10110
10319,10110
10320,10110
10321,10110
10322,10110
10323,10110
10324,10110
10325,10110
10326,10110
10327,10110
10328,10110
10329,10110
10330,10110
10331,10110
10332,10110
10333,10110
10334,10110
10335,10110
10336,10110
10088,10111
10089,10111
10090,10111
10091,10111
10092,10111
10093,10111
10094,10111
10095,10111
10096,10111
10097,10111
10098,10111
10099,10111
10100,10111
10101,10111
10102,10111
10103,10111
10104,10111
10105,10111
10106,10111
10107,10111
10108,10111
10109,10111
10110,10111
10111,10111
10112,10111
10113,10111
10114,10111
10115,10111
10116,10111
10117,10111
10118,10111
10119,10111
10120,10111
10121,10111
10122,10111
10123,10111
10124,10111
10125,10111
10126,10111
10127,10111
10128,10111
10129,10111
10130,10111
10131,10111
10132,10111
10133,10111
10134,10111
10135,10111
10136,10111
10137,10111
10138,10111
10139,10111
10140,10111
10141,10111
10142,10111
10143,10111
10144,10111
10145,10111
10146,10111
10147,10111
10148,10111
10149,10111
10150,10111
10151,10111
10152,10111
10153,10111
10154,10111
10155,10111
10156,10111
10157,10111
10158,10111
10159,10111
10160,10111
10161,10111
10162,10111
10163,10111
10164,10111
10165,10111
10166,10111
10167,10111
10168,10111
10169,10111
10170,10111
10171,10111
10172,10111
10173,10111
10174,10111
10175,10111
10176,10111
10177,10111
10178,10111
10179,10111
10180,10111
10181,10111
10182,10111
10183,10111
10184,10111
10185,10111
10186,10111
10187,10111
10188,10111
10189,10111
10190,10111
10191,10111
10192,10111
10193,10111
10194,10111
10195,10111
10196,10111
10197,10111
10198,10111
10199,10111
10200,10111
10201,10111
10202,10111
10203,10111
10204,10111
10205,10111
10206,10111
10207,10111
10208,10111
10209,10111
10210,10111
10211,10111
10212,10111
10213,10111
10214,10111
10215,10111
10216,10111
10217,10111
10218,10111
10219,10111
10220,10111
10221,10111
10222,10111
10223,10111
10224,10111
10225,10111
10226,10111
10227,10111
10228,10111
10229,10111
10230,10111
10231,10111
10232,10111
10233,10111
10234,10111
10235,10111
10236,10111
10237,10111
10238,10111
10239,10111
10240,10111
10241,10111
10242,10111
10243,10111
10244,10111
10245,10111
10246,10111
10247,10111
10248,10111
10249,10111
10250,10111
10251,10111
10252,10111
10253,10111
10254,10111
10255,10111
10256,10111
10257,10111
10258,10111
10259,10111
10260,10111
10261,10111
10262,10111
10263,10111
10264,10111
10265,10111
10266,10111
10267,10111
10268,10111
10269,10111
10270,10111
10271,10111
10272,10111
10273,10111
10274,10111
10275,10111
10276,10111
10277,10111
10278,10111
10279,10111
10280,10111
10281,10111
10282,10111
10283,10111
10284,10111
10285,10111
10286,10111
10287,10111
10288,10111
10289,10111
10290,10111
10291,10111
10292,10111
10293,10111
10294,10111
10295,10111
10296,10111
10297,10111
10298,10111
10299,10111
10300,10111
10301,10111
10302,10111
10303,10111
10304,10111
10305,10111
10306,10111
10307,10111
10308,10111
10309,10111
10310,10111
10311,10111
10312,10111
10313,10111
10314,10111
10315,10111
10316,10111
10317,10111
10318,10111
10319,10111
10320,10111
10321,10111
10322,10111
10323,10111
10324,10111
10325,10111
10326,10111
10327,10111
10328,10111
10329,10111
10330,10111
10331,10111
10332,10111
10333,10111
10334,10111
10335,10111
10336,10111
10088,10112
10089,10112
10090,10112
10091,10112
10092,10112
10093,10112
10094,10112
10095,10112
10096,10112
10097,10112
10098,10112
10099,10112
10100,10112
10101,10112
10102,10112
10103,10112
10104,10112
10105,10112
10106,10112
10107,10112
10108,10112
10109,10112
10110,10112
10111,10112
10112,10112
10113,10112
10114,10112
10115,10112
10116,10112
10117,10112
10118,10112
10119,10112
10120,10112
10121,10112
10122,10112
10123,10112
10124,10112
10125,10112
10126,10112
10127,10112
10128,10112
10129,10112
10130,10112
10131,10112
10132,10112
10133,10112
10134,10112
10135,10112
10136,10112
10137,10112
10138,10112
10139,10112
10140,10112
10141,10112
10142,10112
10143,10112
10144,10112
10145,10112
10146,10112
10147,10112
10148,10112
10149,10112
10150,10112
10151,10112
10152,10112
10153,10112
10154,10112
10155,10112
10156,10112
10157,10112
10158,10112
10159,10112
10160,10112
10161,10112
10162,10112
10163,10112
10164,10112
10165,10112
10166,10112
10167,10112
10168,10112
10169,10112
10170,10112
10171,10112
10172,10112
10173,10112
10174,10112
10175,10112
10176,10112
10177,10112
10178,10112
10179,10112
10180,10112
10181,10112
10182,10112
10183,10112
10184,10112
10185,10112
10186,10112
10187,10112
10188,10112
10189,10112
10190,10112
10191,10112
10192,10112
10193,10112
10194,10112
10195,10112
10196,10112
10197,10112
10198,10112
10199,10112
10200,10112
10201,10112
10202,10112
10203,10112
10204,10112
10205,10112
10206,10112
10207,10112
10208,10112
10209,10112
10210,10112
10211,10112
10212,10112
10213,10112
10214,10112
10215,10112
10216,10112
10217,10112
10218,10112
10219,10112
10220,10112
10221,10112
10222,10112
10223,10112
10224,10112
10225,10112
10226,10112
10227,10112
10228,10112
10229,10112
10230,10112
10231,10112
10232,10112
10233,10112
10234,10112
10235,10112
10236,10112
10237,10112
10238,10112
10239,10112
10240,10112
10241,10112
10242,10112
10243,10112
10244,10112
10245,10112
10246,10112
10247,10112
10248,10112
10249,10112
10250,10112
10251,10112
10252,10112
10253,10112
10254,10112
10255,10112
10256,10112
10257,10112
10258,10112
10259,10112
10260,10112
10261,10112
10262,10112
10263,10112
10264,10112
10265,10112
10266,10112
10267,10112
10268,10112
10269,10112
10270,10112
10271,10112
10272,10112
10273,10112
10274,10112
10275,10112
10276,10112
10277,10112
10278,10112
10279,10112
10280,10112
10281,10112
10282,10112
10283,10112
10284,10112
10285,10112
10286,10112
10287,10112
10288,10112
10289,10112
10290,10112
10291,10112
10292,10112
10293,10112
10294,10112
10295,10112
10296,10112
10297,10112
10298,10112
10299,10112
10300,10112
10301,10112
10302,10112
10303,10112
10304,10112
10305,10112
10306,10112
10307,10112
10308,10112
10309,10112
10310,10112
10311,10112
10312,10112
10313,10112
10314,10112
10315,10112
10316,10112
10317,10112
10318,10112
10319,10112
10320,10112
10321,10112
10322,10112
10323,10112
10324,10112
10325,10112
10326,10112
10327,10112
10328,10112
10329,10112
10330,10112
10331,10112
10332,10112
10333,10112
10334,10112
10335,10112
10336,10112
10088,10113
10089,10113
10090,10113
10091,10113
10092,10113
10093,10113
10094,10113
10095,10113
10096,10113
10097,10113
10098,10113
10099,10113
10100,10113
10101,10113
10102,10113
10103,10113
10104,10113
10105,10113
10106,10113
10107,10113
10108,10113
10109,10113
10110,10113
10111,10113
10112,10113
10113,10113
10114,10113
10115,10113
10116,10113
10117,10113
10118,10113
10119,10113
10120,10113
10121,10113
10122,10113
10123,10113
10124,10113
10125,10113
10126,10113
10127,10113
10128,10113
10129,10113
10130,10113
10131,10113
10132,10113
10133,10113
10134,10113
10135,10113
10136,10113
10137,10113
10138,10113
10139,10113
10140,10113
10141,10113
10142,10113
10143,10113
10144,10113
10145,10113
10146,10113
10147,10113
10148,10113
10149,10113
10150,10113
10151,10113
10152,10113
10153,10113
10154,10113
10155,10113
10156,10113
10157,10113
10158,10113
10159,10113
10160,10113
10161,10113
10162,10113
10163,10113
10164,10113
10165,10113
10166,10113
10167,10113
10168,10113
10169,10113
10170,10113
10171,10113
10172,10113
10173,10113
10174,10113
10175,10113
10176,10113
10177,10113
10178,10113
10179,10113
10180,10113
10181,10113
10182,10113
10183,10113
10184,10113
10185,10113
10186,10113
10187,10113
10188,10113
10189,10113
10190,10113
10191,10113
10192,10113
10193,10113
10194,10113
10195,10113
10196,10113
10197,10113
10198,10113
10199,10113
10200,10113
10201,10113
10202,10113
10203,10113
10204,10113
10205,10113
10206,10113
10207,10113
10208,10113
10209,10113
10210,10113
10211,10113
10212,10113
10213,10113
10214,10113
10215,10113
10216,10113
10217,10113
10218,10113
10219,10113
10220,10113
10221,10113
10222,10113
10223,10113
10224,10113
10225,10113
10226,10113
10227,10113
10228,10113
10229,10113
10230,10113
10231,10113
10232,10113
10233,10113
10234,10113
10235,10113
10236,10113
10237,10113
10238,10113
10239,10113
10240,10113
10241,10113
10242,10113
10243,10113
10244,10113
10245,10113
10246,10113
10247,10113
10248,10113
10249,10113
10250,10113
10251,10113
10252,10113
10253,10113
10254,10113
10255,10113
10256,10113
10257,10113
10258,10113
10259,10113
10260,10113
10261,10113
10262,10113
10263,10113
10264,10113
10265,10113
10266,10113
10267,10113
10268,10113
10269,10113
10270,10113
10271,10113
10272,10113
10273,10113
10274,10113
10275,10113
10276,10113
10277,10113
10278,10113
10279,10113
10280,10113
10281,10113
10282,10113
10283,10113
10284,10113
10285,10113
10286,10113
10287,10113
10288,10113
10289,10113
10290,10113
10291,10113
10292,10113
10293,10113
10294,10113
10295,10113
10296,10113
10297,10113
10298,10113
10299,10113
10300,10113
10301,10113
10302,10113
10303,10113
10304,10113
10305,10113
10306,10113
10307,10113
10308,10113
10309,10113
10310,10113
10311,10113
10312,10113
10313,10113
10314,10113
10315,10113
10316,10113
10317,10113
10318,10113
10319,10113
10320,10113
10321,10113
10322,10113
10323,10113
10324,10113
10325,10113
10326,10113
10327,10113
10328,10113
10329,10113
10330,10113
10331,10113
10332,10113
10333,10113
10334,10113
10335,10113
10336,10113
10088,10114
10089,10114
10090,10114
10091,10114
10092,10114
10093,10114
10094,10114
10095,10114
10096,10114
10097,10114
10098,10114
10099,10114
10100,10114
10101,10114
10102,10114
10103,10114
10104,10114
10105,10114
10106,10114
10107,10114
10108,10114
10109,10114
10110,10114
10111,10114
10112,10114
10113,10114
10114,10114
10115,10114
10116,10114
10117,10114
10118,10114
10119,10114
10120,10114
10121,10114
10122,10114
10123,10114
10124,10114
10125,10114
10126,10114
10127,10114
10128,10114
10129,10114
10130,10114
10131,10114
10132,10114
10133,10114
10134,10114
10135,10114
10136,10114
10137,10114
10138,10114
10139,10114
10140,10114
10141,10114
10142,10114
10143,10114
10144,10114
10145,10114
10146,10114
10147,10114
10148,10114
10149,10114
10150,10114
10151,10114
10152,10114
10153,10114
10154,10114
10155,10114
10156,10114
10157,10114
10158,10114
10159,10114
10160,10114
10161,10114
10162,10114
10163,10114
10164,10114
10165,10114
10166,10114
10167,10114
10168,10114
10169,10114
10170,10114
10171,10114
10172,10114
10173,10114
10174,10114
10175,10114
10176,10114
10177,10114
10178,10114
10179,10114
10180,10114
10181,10114
10182,10114
10183,10114
10184,10114
10185,10114
10186,10114
10187,10114
10188,10114
10189,10114
10190,10114
10191,10114
10192,10114
10193,10114
10194,10114
10195,10114
10196,10114
10197,10114
10198,10114
10199,10114
10200,10114
10201,10114
10202,10114
10203,10114
10204,10114
10205,10114
10206,10114
10207,10114
10208,10114
10209,10114
10210,10114
10211,10114
10212,10114
10213,10114
10214,10114
10215,10114
10216,10114
10217,10114
10218,10114
10219,10114
10220,10114
10221,10114
10222,10114
10223,10114
10224,10114
10225,10114
10226,10114
10227,10114
10228,10114
10229,10114
10230,10114
10231,10114
10232,10114
10233,10114
10234,10114
10235,10114
10236,10114
10237,10114
10238,10114
10239,10114
10240,10114
10241,10114
10242,10114
10243,10114
10244,10114
10245,10114
10246,10114
10247,10114
10248,10114
10249,10114
10250,10114
10251,10114
10252,10114
10253,10114
10254,10114
10255,10114
10256,10114
10257,10114
10258,10114
10259,10114
10260,10114
10261,10114
10262,10114
10263,10114
10264,10114
10265,10114
10266,10114
10267,10114
10268,10114
10269,10114
10270,10114
10271,10114
10272,10114
10273,10114
10274,10114
10275,10114
10276,10114
10277,10114
10278,10114
10279,10114
10280,10114
10281,10114
10282,10114
10283,10114
10284,10114
10285,10114
10286,10114
10287,10114
10288,10114
10289,10114
10290,10114
10291,10114
10292,10114
10293,10114
10294,10114
10295,10114
10296,10114
10297,10114
10298,10114
10299,10114
10300,10114
10301,10114
10302,10114
10303,10114
10304,10114
10305,10114
10306,10114
10307,10114
10308,10114
10309,10114
10310,10114
10311,10114
10312,10114
10313,10114
10314,10114
10315,10114
10316,10114
10317,10114
10318,10114
10319,10114
10320,10114
10321,10114
10322,10114
10323,10114
10324,10114
10325,10114
10326,10114
10327,10114
10328,10114
10329,10114
10330,10114
10331,10114
10332,10114
10333,10114
10334,10114
10335,10114
10336,10114
10088,10115
10089,10115
10090,10115
10091,10115
10092,10115
10093,10115
10094,10115
10095,10115
10096,10115
10097,10115
10098,10115
10099,10115
10100,10115
10101,10115
10102,10115
10103,10115
10104,10115
10105,10115
10106,10115
10107,10115
10108,10115
10109,10115
10110,10115
10111,10115
10112,10115
10113,10115
10114,10115
10115,10115
10116,10115
10117,10115
10118,10115
10119,10115
10120,10115
10121,10115
10122,10115
10123,10115
10124,10115
10125,10115
10126,10115
10127,10115
10128,10115
10129,10115
10130,10115
10131,10115
10132,10115
10133,10115
10134,10115
10135,10115
10136,10115
10137,10115
10138,10115
10139,10115
10140,10115
10141,10115
10142,10115
10143,10115
10144,10115
10145,10115
10146,10115
10147,10115
10148,10115
10149,10115
10150,10115
10151,10115
10152,10115
10153,10115
10154,10115
10155,10115
10156,10115
10157,10115
10158,10115
10159,10115
10160,10115
10161,10115
10162,10115
10163,10115
10164,10115
10165,10115
10166,10115
10167,10115
10168,10115
10169,10115
10170,10115
10171,10115
10172,10115
10173,10115
10174,10115
10175,10115
10176,10115
10177,10115
10178,10115
10179,10115
10180,10115
10181,10115
10182,10115
10183,10115
10184,10115
10185,10115
10186,10115
10187,10115
10188,10115
10189,10115
10190,10115
10191,10115
10192,10115
10193,10115
10194,10115
10195,10115
10196,10115
10197,10115
10198,10115
10199,10115
10200,10115
10201,10115
10202,10115
10203,10115
10204,10115
10205,10115
10206,10115
10207,10115
10208,10115
10209,10115
10210,10115
10211,10115
10212,10115
10213,10115
10214,10115
10215,10115
10216,10115
10217,10115
10218,10115
10219,10115
10220,10115
10221,10115
10222,10115
10223,10115
10224,10115
10225,10115
10226,10115
10227,10115
10228,10115
10229,10115
10230,10115
10231,10115
10232,10115
10233,10115
10234,10115
10235,10115
10236,10115
10237,10115
10238,10115
10239,10115
10240,10115
10241,10115
10242,10115
10243,10115
10244,10115
10245,10115
10246,10115
10247,10115
10248,10115
10249,10115
10250,10115
10251,10115
10252,10115
10253,10115
10254,10115
10255,10115
10256,10115
10257,10115
10258,10115
10259,10115
10260,10115
10261,10115
10262,10115
10263,10115
10264,10115
10265,10115
10266,10115
10267,10115
10268,10115
10269,10115
10270,10115
10271,10115
10272,10115
10273,10115
10274,10115
10275,10115
10276,10115
10277,10115
10278,10115
10279,10115
10280,10115
10281,10115
10282,10115
10283,10115
10284,10115
10285,10115
10286,10115
10287,10115
10288,10115
10289,10115
10290,10115
10291,10115
10292,10115
10293,10115
10294,10115
10295,10115
10296,10115
10297,10115
10298,10115
10299,10115
10300,10115
10301,10115
10302,10115
10303,10115
10304,10115
10305,10115
10306,10115
10307,10115
10308,10115
10309,10115
10310,10115
10311,10115
10312,10115
10313,10115
10314,10115
10315,10115
10316,10115
10317,10115
10318,10115
10319,10115
10320,10115
10321,10115
10322,10115
10323,10115
10324,10115
10325,10115
10326,10115
10327,10115
10328,10115
10329,10115
10330,10115
10331,10115
10332,10115
10333,10115
10334,10115
10335,10115
10336,10115
10088,10116
10089,10116
10090,10116
10091,10116
10092,10116
10093,10116
10094,10116
10095,10116
10096,10116
10097,10116
10098,10116
10099,10116
10100,10116
10101,10116
10102,10116
10103,10116
10104,10116
10105,10116
10106,10116
10107,10116
10108,10116
10109,10116
10110,10116
10111,10116
10112,10116
10113,10116
10114,10116
10115,10116
10116,10116
10117,10116
10118,10116
10119,10116
10120,10116
10121,10116
10122,10116
10123,10116
10124,10116
10125,10116
10126,10116
10127,10116
10128,10116
10129,10116
10130,10116
10131,10116
10132,10116
10133,10116
10134,10116
10135,10116
10136,10116
10137,10116
10138,10116
10139,10116
10140,10116
10141,10116
10142,10116
10143,10116
10144,10116
10145,10116
10146,10116
10147,10116
10148,10116
10149,10116
10150,10116
10151,10116
10152,10116
10153,10116
10154,10116
10155,10116
10156,10116
10157,10116
10158,10116
10159,10116
10160,10116
10161,10116
10162,10116
10163,10116
10164,10116
10165,10116
10166,10116
10167,10116
10168,10116
10169,10116
10170,10116
10171,10116
10172,10116
10173,10116
10174,10116
10175,10116
10176,10116
10177,10116
10178,10116
10179,10116
10180,10116
10181,10116
10182,10116
10183,10116
10184,10116
10185,10116
10186,10116
10187,10116
10188,10116
10189,10116
10190,10116
10191,10116
10192,10116
10193,10116
10194,10116
10195,10116
10196,10116
10197,10116
10198,10116
10199,10116
10200,10116
10201,10116
10202,10116
10203,10116
10204,10116
10205,10116
10206,10116
10207,10116
10208,10116
10209,10116
10210,10116
10211,10116
10212,10116
10213,10116
10214,10116
10215,10116
10216,10116
10217,10116
10218,10116
10219,10116
10220,10116
10221,10116
10222,10116
10223,10116
10224,10116
10225,10116
10226,10116
10227,10116
10228,10116
10229,10116
10230,10116
10231,10116
10232,10116
10233,10116
10234,10116
10235,10116
10236,10116
10237,10116
10238,10116
10239,10116
10240,10116
10241,10116
10242,10116
10243,10116
10244,10116
10245,10116
10246,10116
10247,10116
10248,10116
10249,10116
10250,10116
10251,10116
10252,10116
10253,10116
10254,10116
10255,10116
10256,10116
10257,10116
10258,10116
10259,10116
10260,10116
10261,10116
10262,10116
10263,10116
10264,10116
10265,10116
10266,10116
10267,10116
10268,10116
10269,10116
10270,10116
10271,10116
10272,10116
10273,10116
10274,10116
10275,10116
10276,10116
10277,10116
10278,10116
10279,10116
10280,10116
10281,10116
10282,10116
10283,10116
10284,10116
10285,10116
10286,10116
10287,10116
10288,10116
10289,10116
10290,10116
10291,10116
10292,10116
10293,10116
10294,10116
10295,10116
10296,10116
10297,10116
10298,10116
10299,10116
10300,10116
10301,10116
10302,10116
10303,10116
10304,10116
10305,10116
10306,10116
10307,10116
10308,10116
10309,10116
10310,10116
10311,10116
10312,10116
10313,10116
10314,10116
10315,10116
10316,10116
10317,10116
10318,10116
10319,10116
10320,10116
10321,10116
10322,10116
10323,10116
10324,10116
10325,10116
10326,10116
10327,10116
10328,10116
10329,10116
10330,10116
10331,10116
10332,10116
10333,10116
10334,10116
10335,10116
10336,10116
10088,10117
10089,10117
10090,10117
10091,10117
10092,10117
10093,10117
10094,10117
10095,10117
10096,10117
10097,10117
10098,10117
10099,10117
10100,10117
10101,10117
10102,10117
10103,10117
10104,10117
10105,10117
10106,10117
10107,10117
10108,10117
10109,10117
10110,10117
10111,10117
10112,10117
10113,10117
10114,10117
10115,10117
10116,10117
10117,10117
10118,10117
10119,10117
10120,10117
10121,10117
10122,10117
10123,10117
10124,10117
10125,10117
10126,10117
10127,10117
10128,10117
10129,10117
10130,10117
10131,10117
10132,10117
10133,10117
10134,10117
10135,10117
10136,10117
10137,10117
10138,10117
10139,10117
10140,10117
10141,10117
10142,10117
10143,10117
10144,10117
10145,10117
10146,10117
10147,10117
10148,10117
10149,10117
10150,10117
10151,10117
10152,10117
10153,10117
10154,10117
10155,10117
10156,10117
10157,10117
10158,10117
10159,10117
10160,10117
10161,10117
10162,10117
10163,10117
10164,10117
10165,10117
10166,10117
10167,10117
10168,10117
10169,10117
10170,10117
10171,10117
10172,10117
10173,10117
10174,10117
10175,10117
10176,10117
10177,10117
10178,10117
10179,10117
10180,10117
10181,10117
10182,10117
10183,10117
10184,10117
10185,10117
10186,10117
10187,10117
10188,10117
10189,10117
10190,10117
10191,10117
10192,10117
10193,10117
10194,10117
10195,10117
10196,10117
10197,10117
10198,10117
10199,10117
10200,10117
10201,10117
10202,10117
10203,10117
10204,10117
10205,10117
10206,10117
10207,10117
10208,10117
10209,10117
10210,10117
10211,10117
10212,10117
10213,10117
10214,10117
10215,10117
10216,10117
10217,10117
10218,10117
10219,10117
10220,10117
10221,10117
10222,10117
10223,10117
10224,10117
10225,10117
10226,10117
10227,10117
10228,10117
10229,10117
10230,10117
10231,10117
10232,10117
10233,10117
10234,10117
10235,10117
10236,10117
10237,10117
10238,10117
10239,10117
10240,10117
10241,10117
10242,10117
10243,10117
10244,10117
10245,10117
10246,10117
10247,10117
10248,10117
10249,10117
10250,10117
10251,10117
10252,10117
10253,10117
10254,10117
10255,10117
10256,10117
10257,10117
10258,10117
10259,10117
10260,10117
10261,10117
10262,10117
10263,10117
10264,10117
10265,10117
10266,10117
10267,10117
10268,10117
10269,10117
10270,10117
10271,10117
10272,10117
10273,10117
10274,10117
10275,10117
10276,10117
10277,10117
10278,10117
10279,10117
10280,10117
10281,10117
10282,10117
10283,10117
10284,10117
10285,10117
10286,10117
10287,10117
10288,10117
10289,10117
10290,10117
10291,10117
10292,10117
10293,10117
10294,10117
10295,10117
10296,10117
10297,10117
10298,10117
10299,10117
10300,10117
10301,10117
10302,10117
10303,10117
10304,10117
10305,10117
10306,10117
10307,10117
10308,10117
10309,10117
10310,10117
10311,10117
10312,10117
10313,10117
10314,10117
10315,10117
10316,10117
10317,10117
10318,10117
10319,10117
10320,10117
10321,10117
10322,10117
10323,10117
10324,10117
10325,10117
10326,10117
10327,10117
10328,10117
10329,10117
10330,10117
10331,10117
10332,10117
10333,10117
10334,10117
10335,10117
10336,10117
10088,10118
10089,10118
10090,10118
10091,10118
10092,10118
10093,10118
10094,10118
10095,10118
10096,10118
10097,10118
10098,10118
10099,10118
10100,10118
10101,10118
10102,10118
10103,10118
10104,10118
10105,10118
10106,10118
10107,10118
10108,10118
10109,10118
10110,10118
10111,10118
10112,10118
10113,10118
10114,10118
10115,10118
10116,10118
10117,10118
10118,10118
10119,10118
10120,10118
10121,10118
10122,10118
10123,10118
10124,10118
10125,10118
10126,10118
10127,10118
10128,10118
10129,10118
10130,10118
10131,10118
10132,10118
10133,10118
10134,10118
10135,10118
10136,10118
10137,10118
10138,10118
10139,10118
10140,10118
10141,10118
10142,10118
10143,10118
10144,10118
10145,10118
10146,10118
10147,10118
10148,10118
10149,10118
10150,10118
10151,10118
10152,10118
10153,10118
10154,10118
10155,10118
10156,10118
10157,10118
10158,10118
10159,10118
10160,10118
10161,10118
10162,10118
10163,10118
10164,10118
10165,10118
10166,10118
10167,10118
10168,10118
10169,10118
10170,10118
10171,10118
10172,10118
10173,10118
10174,10118
10175,10118
10176,10118
10177,10118
10178,10118
10179,10118
10180,10118
10181,10118
10182,10118
10183,10118
10184,10118
10185,10118
10186,10118
10187,10118
10188,10118
10189,10118
10190,10118
10191,10118
10192,10118
10193,10118
10194,10118
10195,10118
10196,10118
10197,10118
10198,10118
10199,10118
10200,10118
10201,10118
10202,10118
10203,10118
10204,10118
10205,10118
10206,10118
10207,10118
10208,10118
10209,10118
10210,10118
10211,10118
10212,10118
10213,10118
10214,10118
10215,10118
10216,10118
10217,10118
10218,10118
10219,10118
10220,10118
10221,10118
10222,10118
10223,10118
10224,10118
10225,10118
10226,10118
10227,10118
10228,10118
10229,10118
10230,10118
10231,10118
10232,10118
10233,10118
10234,10118
10235,10118
10236,10118
10237,10118
10238,10118
10239,10118
10240,10118
10241,10118
10242,10118
10243,10118
10244,10118
10245,10118
10246,10118
10247,10118
10248,10118
10249,10118
10250,10118
10251,10118
10252,10118
10253,10118
10254,10118
10255,10118
10256,10118
10257,10118
10258,10118
10259,10118
10260,10118
10261,10118
10262,10118
10263,10118
10264,10118
10265,10118
10266,10118
10267,10118
10268,10118
10269,10118
10270,10118
10271,10118
10272,10118
10273,10118
10274,10118
10275,10118
10276,10118
10277,10118
10278,10118
10279,10118
10280,10118
10281,10118
10282,10118
10283,10118
10284,10118
10285,10118
10286,10118
10287,10118
10288,10118
10289,10118
10290,10118
10291,10118
10292,10118
10293,10118
10294,10118
10295,10118
10296,10118
10297,10118
10298,10118
10299,10118
10300,10118
10301,10118
10302,10118
10303,10118
10304,10118
10305,10118
10306,10118
10307,10118
10308,10118
10309,10118
10310,10118
10311,10118
10312,10118
10313,10118
10314,10118
10315,10118
10316,10118
10317,10118
10318,10118
10319,10118
10320,10118
10321,10118
10322,10118
10323,10118
10324,10118
10325,10118
10326,10118
10327,10118
10328,10118
10329,10118
10330,10118
10331,10118
10332,10118
10333,10118
10334,10118
10335,10118
10336,10118
10088,10119
10089,10119
10090,10119
10091,10119
10092,10119
10093,10119
10094,10119
10095,10119
10096,10119
10097,10119
10098,10119
10099,10119
10100,10119
10101,10119
10102,10119
10103,10119
10104,10119
10105,10119
10106,10119
10107,10119
10108,10119
10109,10119
10110,10119
10111,10119
10112,10119
10113,10119
10114,10119
10115,10119
10116,10119
10117,10119
10118,10119
10119,10119
10120,10119
10121,10119
10122,10119
10123,10119
10124,10119
10125,10119
10126,10119
10127,10119
10128,10119
10129,10119
10130,10119
10131,10119
10132,10119
10133,10119
10134,10119
10135,10119
10136,10119
10137,10119
10138,10119
10139,10119
10140,10119
10141,10119
10142,10119
10143,10119
10144,10119
10145,10119
10146,10119
10147,10119
10148,10119
10149,10119
10150,10119
10151,10119
10152,10119
10153,10119
10154,10119
10155,10119
10156,10119
10157,10119
10158,10119
10159,10119
10160,10119
10161,10119
10162,10119
10163,10119
10164,10119
10165,10119
10166,10119
10167,10119
10168,10119
10169,10119
10170,10119
10171,10119
10172,10119
10173,10119
10174,10119
10175,10119
10176,10119
10177,10119
10178,10119
10179,10119
10180,10119
10181,10119
10182,10119
10183,10119
10184,10119
10185,10119
10186,10119
10187,10119
10188,10119
10189,10119
10190,10119
10191,10119
10192,10119
10193,10119
10194,10119
10195,10119
10196,10119
10197,10119
10198,10119
10199,10119
10200,10119
10201,10119
10202,10119
10203,10119
10204,10119
10205,10119
10206,10119
10207,10119
10208,10119
10209,10119
10210,10119
10211,10119
10212,10119
10213,10119
10214,10119
10215,10119
10216,10119
10217,10119
10218,10119
10219,10119
10220,10119
10221,10119
10222,10119
10223,10119
10224,10119
10225,10119
10226,10119
10227,10119
10228,10119
10229,10119
10230,10119
10231,10119
10232,10119
10233,10119
10234,10119
10235,10119
10236,10119
10237,10119
10238,10119
10239,10119
10240,10119
10241,10119
10242,10119
10243,10119
10244,10119
10245,10119
10246,10119
10247,10119
10248,10119
10249,10119
10250,10119
10251,10119
10252,10119
10253,10119
10254,10119
10255,10119
10256,10119
10257,10119
10258,10119
10259,10119
10260,10119
10261,10119
10262,10119
10263,10119
10264,10119
10265,10119
10266,10119
10267,10119
10268,10119
10269,10119
10270,10119
10271,10119
10272,10119
10273,10119
10274,10119
10275,10119
10276,10119
10277,10119
10278,10119
10279,10119
10280,10119
10281,10119
10282,10119
10283,10119
10284,10119
10285,10119
10286,10119
10287,10119
10288,10119
10289,10119
10290,10119
10291,10119
10292,10119
10293,10119
10294,10119
10295,10119
10296,10119
10297,10119
10298,10119
10299,10119
10300,10119
10301,10119
10302,10119
10303,10119
10304,10119
10305,10119
10306,10119
10307,10119
10308,10119
10309,10119
10310,10119
10311,10119
10312,10119
10313,10119
10314,10119
10315,10119
10316,10119
10317,10119
10318,10119
10319,10119
10320,10119
10321,10119
10322,10119
10323,10119
10324,10119
10325,10119
10326,10119
10327,10119
10328,10119
10329,10119
10330,10119
10331,10119
10332,10119
10333,10119
10334,10119
10335,10119
10336,10119
10088,10120
10089,10120
10090,10120
10091,10120
10092,10120
10093,10120
10094,10120
10095,10120
10096,10120
10097,10120
10098,10120
10099,10120
10100,10120
10101,10120
10102,10120
10103,10120
10104,10120
10105,10120
10106,10120
10107,10120
10108,10120
10109,10120
10110,10120
10111,10120
10112,10120
10113,10120
10114,10120
10115,10120
10116,10120
10117,10120
10118,10120
10119,10120
10120,10120
10121,10120
10122,10120
10123,10120
10124,10120
10125,10120
10126,10120
10127,10120
10128,10120
10129,10120
10130,10120
10131,10120
10132,10120
10133,10120
10134,10120
10135,10120
10136,10120
10137,10120
10138,10120
10139,10120
10140,10120
10141,10120
10142,10120
10143,10120
10144,10120
10145,10120
10146,10120
10147,10120
10148,10120
10149,10120
10150,10120
10151,10120
10152,10120
10153,10120
10154,10120
10155,10120
10156,10120
10157,10120
10158,10120
10159,10120
10160,10120
10161,10120
10162,10120
10163,10120
10164,10120
10165,10120
10166,10120
10167,10120
10168,10120
10169,10120
10170,10120
10171,10120
10172,10120
10173,10120
10174,10120
10175,10120
10176,10120
10177,10120
10178,10120
10179,10120
10180,10120
10181,10120
10182,10120
10183,10120
10184,10120
10185,10120
10186,10120
10187,10120
10188,10120
10189,10120
10190,10120
10191,10120
10192,10120
10193,10120
10194,10120
10195,10120
10196,10120
10197,10120
10198,10120
10199,10120
10200,10120
10201,10120
10202,10120
10203,10120
10204,10120
10205,10120
10206,10120
10207,10120
10208,10120
10209,10120
10210,10120
10211,10120
10212,10120
10213,10120
10214,10120
10215,10120
10216,10120
10217,10120
10218,10120
10219,10120
10220,10120
10221,10120
10222,10120
10223,10120
10224,10120
10225,10120
10226,10120
10227,10120
10228,10120
10229,10120
10230,10120
10231,10120
10232,10120
10233,10120
10234,10120
10235,10120
10236,10120
10237,10120
10238,10120
10239,10120
10240,10120
10241,10120
10242,10120
10243,10120
10244,10120
10245,10120
10246,10120
10247,10120
10248,10120
10249,10120
10250,10120
10251,10120
10252,10120
10253,10120
10254,10120
10255,10120
10256,10120
10257,10120
10258,10120
10259,10120
10260,10120
10261,10120
10262,10120
10263,10120
10264,10120
10265,10120
10266,10120
10267,10120
10268,10120
10269,10120
10270,10120
10271,10120
10272,10120
10273,10120
10274,10120
10275,10120
10276,10120
10277,10120
10278,10120
10279,10120
10280,10120
10281,10120
10282,10120
10283,10120
10284,10120
10285,10120
10286,10120
10287,10120
10288,10120
10289,10120
10290,10120
10291,10120
10292,10120
10293,10120
10294,10120
10295,10120
10296,10120
10297,10120
10298,10120
10299,10120
10300,10120
10301,10120
10302,10120
10303,10120
10304,10120
10305,10120
10306,10120
10307,10120
10308,10120
10309,10120
10310,10120
10311,10120
10312,10120
10313,10120
10314,10120
10315,10120
10316,10120
10317,10120
10318,10120
10319,10120
10320,10120
10321,10120
10322,10120
10323,10120
10324,10120
10325,10120
10326,10120
10327,10120
10328,10120
10329,10120
10330,10120
10331,10120
10332,10120
10333,10120
10334,10120
10335,10120
10336,10120
10088,10121
10089,10121
10090,10121
10091,10121
10092,10121
10093,10121
10094,10121
10095,10121
10096,10121
10097,10121
10098,10121
10099,10121
10100,10121
10101,10121
10102,10121
10103,10121
10104,10121
10105,10121
10106,10121
10107,10121
10108,10121
10109,10121
10110,10121
10111,10121
10112,10121
10113,10121
10114,10121
10115,10121
10116,10121
10117,10121
10118,10121
10119,10121
10120,10121
10121,10121
10122,10121
10123,10121
10124,10121
10125,10121
10126,10121
10127,10121
10128,10121
10129,10121
10130,10121
10131,10121
10132,10121
10133,10121
10134,10121
10135,10121
10136,10121
10137,10121
10138,10121
10139,10121
10140,10121
10141,10121
10142,10121
10143,10121
10144,10121
10145,10121
10146,10121
10147,10121
10148,10121
10149,10121
10150,10121
10151,10121
10152,10121
10153,10121
10154,10121
10155,10121
10156,10121
10157,10121
10158,10121
10159,10121
10160,10121
10161,10121
10162,10121
10163,10121
10164,10121
10165,10121
10166,10121
10167,10121
10168,10121
10169,10121
10170,10121
10171,10121
10172,10121
10173,10121
10174,10121
10175,10121
10176,10121
10177,10121
10178,10121
10179,10121
10180,10121
10181,10121
10182,10121
10183,10121
10184,10121
10185,10121
10186,10121
10187,10121
10188,10121
10189,10121
10190,10121
10191,10121
10192,10121
10193,10121
10194,10121
10195,10121
10196,10121
10197,10121
10198,10121
10199,10121
10200,10121
10201,10121
10202,10121
10203,10121
10204,10121
10205,10121
10206,10121
10207,10121
10208,10121
10209,10121
10210,10121
10211,10121
10212,10121
10213,10121
10214,10121
10215,10121
10216,10121
10217,10121
10218,10121
10219,10121
10220,10121
10221,10121
10222,10121
10223,10121
10224,10121
10225,10121
10226,10121
10227,10121
10228,10121
10229,10121
10230,10121
10231,10121
10232,10121
10233,10121
10234,10121
10235,10121
10236,10121
10237,10121
10238,10121
10239,10121
10240,10121
10241,10121
10242,10121
10243,10121
10244,10121
10245,10121
10246,10121
10247,10121
10248,10121
10249,10121
10250,10121
10251,10121
10252,10121
10253,10121
10254,10121
10255,10121
10256,10121
10257,10121
10258,10121
10259,10121
10260,10121
10261,10121
10262,10121
10263,10121
10264,10121
10265,10121
10266,10121
10267,10121
10268,10121
10269,10121
10270,10121
10271,10121
10272,10121
10273,10121
10274,10121
10275,10121
10276,10121
10277,10121
10278,10121
10279,10121
10280,10121
10281,10121
10282,10121
10283,10121
10284,10121
10285,10121
10286,10121
10287,10121
10288,10121
10289,10121
10290,10121
10291,10121
10292,10121
10293,10121
10294,10121
10295,10121
10296,10121
10297,10121
10298,10121
10299,10121
10300,10121
10301,10121
10302,10121
10303,10121
10304,10121
10305,10121
10306,10121
10307,10121
10308,10121
10309,10121
10310,10121
10311,10121
10312,10121
10313,10121
10314,10121
10315,10121
10316,10121
10317,10121
10318,10121
10319,10121
10320,10121
10321,10121
10322,10121
10323,10121
10324,10121
10325,10121
10326,10121
10327,10121
10328,10121
10329,10121
10330,10121
10331,10121
10332,10121
10333,10121
10334,10121
10335,10121
10336,10121
10088,10122
10089,10122
10090,10122
10091,10122
10092,10122
10093,10122
10094,10122
10095,10122
10096,10122
10097,10122
10098,10122
10099,10122
10100,10122
10101,10122
10102,10122
10103,10122
10104,10122
10105,10122
10106,10122
10107,10122
10108,10122
10109,10122
10110,10122
10111,10122
10112,10122
10113,10122
10114,10122
10115,10122
10116,10122
10117,10122
10118,10122
10119,10122
10120,10122
10121,10122
10122,10122
10123,10122
10124,10122
10125,10122
10126,10122
10127,10122
10128,10122
10129,10122
10130,10122
10131,10122
10132,10122
10133,10122
10134,10122
10135,10122
10136,10122
10137,10122
10138,10122
10139,10122
10140,10122
10141,10122
10142,10122
10143,10122
10144,10122
10145,10122
10146,10122
10147,10122
10148,10122
10149,10122
10150,10122
10151,10122
10152,10122
10153,10122
10154,10122
10155,10122
10156,10122
10157,10122
10158,10122
10159,10122
10160,10122
10161,10122
10162,10122
10163,10122
10164,10122
10165,10122
10166,10122
10167,10122
10168,10122
10169,10122
10170,10122
10171,10122
10172,10122
10173,10122
10174,10122
10175,10122
10176,10122
10177,10122
10178,10122
10179,10122
10180,10122
10181,10122
10182,10122
10183,10122
10184,10122
10185,10122
10186,10122
10187,10122
10188,10122
10189,10122
10190,10122
10191,10122
10192,10122
10193,10122
10194,10122
10195,10122
10196,10122
10197,10122
10198,10122
10199,10122
10200,10122
10201,10122
10202,10122
10203,10122
10204,10122
10205,10122
10206,10122
10207,10122
10208,10122
10209,10122
10210,10122
10211,10122
10212,10122
10213,10122
10214,10122
10215,10122
10216,10122
10217,10122
10218,10122
10219,10122
10220,10122
10221,10122
10222,10122
10223,10122
10224,10122
10225,10122
10226,10122
10227,10122
10228,10122
10229,10122
10230,10122
10231,10122
10232,10122
10233,10122
10234,10122
10235,10122
10236,10122
10237,10122
10238,10122
10239,10122
10240,10122
10241,10122
10242,10122
10243,10122
10244,10122
10245,10122
10246,10122
10247,10122
10248,10122
10249,10122
10250,10122
10251,10122
10252,10122
10253,10122
10254,10122
10255,10122
10256,10122
10257,10122
10258,10122
10259,10122
10260,10122
10261,10122
10262,10122
10263,10122
10264,10122
10265,10122
10266,10122
10267,10122
10268,10122
10269,10122
10270,10122
10271,10122
10272,10122
10273,10122
10274,10122
10275,10122
10276,10122
10277,10122
10278,10122
10279,10122
10280,10122
10281,10122
10282,10122
10283,10122
10284,10122
10285,10122
10286,10122
10287,10122
10288,10122
10289,10122
10290,10122
10291,10122
10292,10122
10293,10122
10294,10122
10295,10122
10296,10122
10297,10122
10298,10122
10299,10122
10300,10122
10301,10122
10302,10122
10303,10122
10304,10122
10305,10122
10306,10122
10307,10122
10308,10122
10309,10122
10310,10122
10311,10122
10312,10122
10313,10122
10314,10122
10315,10122
10316,10122
10317,10122
10318,10122
10319,10122
10320,10122
10321,10122
10322,10122
10323,10122
10324,10122
10325,10122
10326,10122
10327,10122
10328,10122
10329,10122
10330,10122
10331,10122
10332,10122
10333,10122
10334,10122
10335,10122
10336,10122
10088,10123
10089,10123
10090,10123
10091,10123
10092,10123
10093,10123
10094,10123
10095,10123
10096,10123
10097,10123
10098,10123
10099,10123
10100,10123
10101,10123
10102,10123
10103,10123
10104,10123
10105,10123
10106,10123
10107,10123
10108,10123
10109,10123
10110,10123
10111,10123
10112,10123
10113,10123
10114,10123
10115,10123
10116,10123
10117,10123
10118,10123
10119,10123
10120,10123
10121,10123
10122,10123
10123,10123
10124,10123
10125,10123
10126,10123
10127,10123
10128,10123
10129,10123
10130,10123
10131,10123
10132,10123
10133,10123
10134,10123
10135,10123
10136,10123
10137,10123
10138,10123
10139,10123
10140,10123
10141,10123
10142,10123
10143,10123
10144,10123
10145,10123
10146,10123
10147,10123
10148,10123
10149,10123
10150,10123
10151,10123
10152,10123
10153,10123
10154,10123
10155,10123
10156,10123
10157,10123
10158,10123
10159,10123
10160,10123
10161,10123
10162,10123
10163,10123
10164,10123
10165,10123
10166,10123
10167,10123
10168,10123
10169,10123
10170,10123
10171,10123
10172,10123
10173,10123
10174,10123
10175,10123
10176,10123
10177,10123
10178,10123
10179,10123
10180,10123
10181,10123
10182,10123
10183,10123
10184,10123
10185,10123
10186,10123
10187,10123
10188,10123
10189,10123
10190,10123
10191,10123
10192,10123
10193,10123
10194,10123
10195,10123
10196,10123
10197,10123
10198,10123
10199,10123
10200,10123
10201,10123
10202,10123
10203,10123
10204,10123
10205,10123
10206,10123
10207,10123
10208,10123
10209,10123
10210,10123
10211,10123
10212,10123
10213,10123
10214,10123
10215,10123
10216,10123
10217,10123
10218,10123
10219,10123
10220,10123
10221,10123
10222,10123
10223,10123
10224,10123
10225,10123
10226,10123
10227,10123
10228,10123
10229,10123
10230,10123
10231,10123
10232,10123
10233,10123
10234,10123
10235,10123
10236,10123
10237,10123
10238,10123
10239,10123
10240,10123
10241,10123
10242,10123
10243,10123
10244,10123
10245,10123
10246,10123
10247,10123
10248,10123
10249,10123
10250,10123
10251,10123
10252,10123
10253,10123
10254,10123
10255,10123
10256,10123
10257,10123
10258,10123
10259,10123
10260,10123
10261,10123
10262,10123
10263,10123
10264,10123
10265,10123
10266,10123
10267,10123
10268,10123
10269,10123
10270,10123
10271,10123
10272,10123
10273,10123
10274,10123
10275,10123
10276,10123
10277,10123
10278,10123
10279,10123
10280,10123
10281,10123
10282,10123
10283,10123
10284,10123
10285,10123
10286,10123
10287,10123
10288,10123
10289,10123
10290,10123
10291,10123
10292,10123
10293,10123
10294,10123
10295,10123
10296,10123
10297,10123
10298,10123
10299,10123
10300,10123
10301,10123
10302,10123
10303,10123
10304,10123
10305,10123
10306,10123
10307,10123
10308,10123
10309,10123
10310,10123
10311,10123
10312,10123
10313,10123
10314,10123
10315,10123
10316,10123
10317,10123
10318,10123
10319,10123
10320,10123
10321,10123
10322,10123
10323,10123
10324,10123
10325,10123
10326,10123
10327,10123
10328,10123
10329,10123
10330,10123
10331,10123
10332,10123
10333,10123
10334,10123
10335,10123
10336,10123
10088,10124
10089,10124
10090,10124
10091,10124
10092,10124
10093,10124
10094,10124
10095,10124
10096,10124
10097,10124
10098,10124
10099,10124
10100,10124
10101,10124
10102,10124
10103,10124
10104,10124
10105,10124
10106,10124
10107,10124
10108,10124
10109,10124
10110,10124
10111,10124
10112,10124
10113,10124
10114,10124
10115,10124
10116,10124
10117,10124
10118,10124
10119,10124
10120,10124
10121,10124
10122,10124
10123,10124
10124,10124
10125,10124
10126,10124
10127,10124
10128,10124
10129,10124
10130,10124
10131,10124
10132,10124
10133,10124
10134,10124
10135,10124
10136,10124
10137,10124
10138,10124
10139,10124
10140,10124
10141,10124
10142,10124
10143,10124
10144,10124
10145,10124
10146,10124
10147,10124
10148,10124
10149,10124
10150,10124
10151,10124
10152,10124
10153,10124
10154,10124
10155,10124
10156,10124
10157,10124
10158,10124
10159,10124
10160,10124
10161,10124
10162,10124
10163,10124
10164,10124
10165,10124
10166,10124
10167,10124
10168,10124
10169,10124
10170,10124
10171,10124
10172,10124
10173,10124
10174,10124
10175,10124
10176,10124
10177,10124
10178,10124
10179,10124
10180,10124
10181,10124
10182,10124
10183,10124
10184,10124
10185,10124
10186,10124
10187,10124
10188,10124
10189,10124
10190,10124
10191,10124
10192,10124
10193,10124
10194,10124
10195,10124
10196,10124
10197,10124
10198,10124
10199,10124
10200,10124
10201,10124
10202,10124
10203,10124
10204,10124
10205,10124
10206,10124
10207,10124
10208,10124
10209,10124
10210,10124
10211,10124
10212,10124
10213,10124
10214,10124
10215,10124
10216,10124
10217,10124
10218,10124
10219,10124
10220,10124
10221,10124
10222,10124
10223,10124
10224,10124
10225,10124
10226,10124
10227,10124
10228,10124
10229,10124
10230,10124
10231,10124
10232,10124
10233,10124
10234,10124
10235,10124
10236,10124
10237,10124
10238,10124
10239,10124
10240,10124
10241,10124
10242,10124
10243,10124
10244,10124
10245,10124
10246,10124
10247,10124
10248,10124
10249,10124
10250,10124
10251,10124
10252,10124
10253,10124
10254,10124
10255,10124
10256,10124
10257,10124
10258,10124
10259,10124
10260,10124
10261,10124
10262,10124
10263,10124
10264,10124
10265,10124
10266,10124
10267,10124
10268,10124
10269,10124
10270,10124
10271,10124
10272,10124
10273,10124
10274,10124
10275,10124
10276,10124
10277,10124
10278,10124
10279,10124
10280,10124
10281,10124
10282,10124
10283,10124
10284,10124
10285,10124
10286,10124
10287,10124
10288,10124
10289,10124
10290,10124
10291,10124
10292,10124
10293,10124
10294,10124
10295,10124
10296,10124
10297,10124
10298,10124
10299,10124
10300,10124
10301,10124
10302,10124
10303,10124
10304,10124
10305,10124
10306,10124
10307,10124
10308,10124
10309,10124
10310,10124
10311,10124
10312,10124
10313,10124
10314,10124
10315,10124
10316,10124
10317,10124
10318,10124
10319,10124
10320,10124
10321,10124
10322,10124
10323,10124
10324,10124
10325,10124
10326,10124
10327,10124
10328,10124
10329,10124
10330,10124
10331,10124
10332,10124
10333,10124
10334,10124
10335,10124
10336,10124
10088,10125
10089,10125
10090,10125
10091,10125
10092,10125
10093,10125
10094,10125
10095,10125
10096,10125
10097,10125
10098,10125
10099,10125
10100,10125
10101,10125
10102,10125
10103,10125
10104,10125
10105,10125
10106,10125
10107,10125
10108,10125
10109,10125
10110,10125
10111,10125
10112,10125
10113,10125
10114,10125
10115,10125
10116,10125
10117,10125
10118,10125
10119,10125
10120,10125
10121,10125
10122,10125
10123,10125
10124,10125
10125,10125
10126,10125
10127,10125
10128,10125
10129,10125
10130,10125
10131,10125
10132,10125
10133,10125
10134,10125
10135,10125
10136,10125
10137,10125
10138,10125
10139,10125
10140,10125
10141,10125
10142,10125
10143,10125
10144,10125
10145,10125
10146,10125
10147,10125
10148,10125
10149,10125
10150,10125
10151,10125
10152,10125
10153,10125
10154,10125
10155,10125
10156,10125
10157,10125
10158,10125
10159,10125
10160,10125
10161,10125
10162,10125
10163,10125
10164,10125
10165,10125
10166,10125
10167,10125
10168,10125
10169,10125
10170,10125
10171,10125
10172,10125
10173,10125
10174,10125
10175,10125
10176,10125
10177,10125
10178,10125
10179,10125
10180,10125
10181,10125
10182,10125
10183,10125
10184,10125
10185,10125
10186,10125
10187,10125
10188,10125
10189,10125
10190,10125
10191,10125
10192,10125
10193,10125
10194,10125
10195,10125
10196,10125
10197,10125
10198,10125
10199,10125
10200,10125
10201,10125
10202,10125
10203,10125
10204,10125
10205,10125
10206,10125
10207,10125
10208,10125
10209,10125
10210,10125
10211,10125
10212,10125
10213,10125
10214,10125
10215,10125
10216,10125
10217,10125
10218,10125
10219,10125
10220,10125
10221,10125
10222,10125
10223,10125
10224,10125
10225,10125
10226,10125
10227,10125
10228,10125
10229,10125
10230,10125
10231,10125
10232,10125
10233,10125
10234,10125
10235,10125
10236,10125
10237,10125
10238,10125
10239,10125
10240,10125
10241,10125
10242,10125
10243,10125
10244,10125
10245,10125
10246,10125
10247,10125
10248,10125
10249,10125
10250,10125
10251,10125
10252,10125
10253,10125
10254,10125
10255,10125
10256,10125
10257,10125
10258,10125
10259,10125
10260,10125
10261,10125
10262,10125
10263,10125
10264,10125
10265,10125
10266,10125
10267,10125
10268,10125
10269,10125
10270,10125
10271,10125
10272,10125
10273,10125
10274,10125
10275,10125
10276,10125
10277,10125
10278,10125
10279,10125
10280,10125
10281,10125
10282,10125
10283,10125
10284,10125
10285,10125
10286,10125
10287,10125
10288,10125
10289,10125
10290,10125
10291,10125
10292,10125
10293,10125
10294,10125
10295,10125
10296,10125
10297,10125
10298,10125
10299,10125
10300,10125
10301,10125
10302,10125
10303,10125
10304,10125
10305,10125
10306,10125
10307,10125
10308,10125
10309,10125
10310,10125
10311,10125
10312,10125
10313,10125
10314,10125
10315,10125
10316,10125
10317,10125
10318,10125
10319,10125
10320,10125
10321,10125
10322,10125
10323,10125
10324,10125
10325,10125
10326,10125
10327,10125
10328,10125
10329,10125
10330,10125
10331,10125
10332,10125
10333,10125
10334,10125
10335,10125
10336,10125
10088,10126
10089,10126
10090,10126
10091,10126
10092,10126
10093,10126
10094,10126
10095,10126
10096,10126
10097,10126
10098,10126
10099,10126
10100,10126
10101,10126
10102,10126
10103,10126
10104,10126
10105,10126
10106,10126
10107,10126
10108,10126
10109,10126
10110,10126
10111,10126
10112,10126
10113,10126
10114,10126
10115,10126
10116,10126
10117,10126
10118,10126
10119,10126
10120,10126
10121,10126
10122,10126
10123,10126
10124,10126
10125,10126
10126,10126
10127,10126
10128,10126
10129,10126
10130,10126
10131,10126
10132,10126
10133,10126
10134,10126
10135,10126
10136,10126
10137,10126
10138,10126
10139,10126
10140,10126
10141,10126
10142,10126
10143,10126
10144,10126
10145,10126
10146,10126
10147,10126
10148,10126
10149,10126
10150,10126
10151,10126
10152,10126
10153,10126
10154,10126
10155,10126
10156,10126
10157,10126
10158,10126
10159,10126
10160,10126
10161,10126
10162,10126
10163,10126
10164,10126
10165,10126
10166,10126
10167,10126
10168,10126
10169,10126
10170,10126
10171,10126
10172,10126
10173,10126
10174,10126
10175,10126
10176,10126
10177,10126
10178,10126
10179,10126
10180,10126
10181,10126
10182,10126
10183,10126
10184,10126
10185,10126
10186,10126
10187,10126
10188,10126
10189,10126
10190,10126
10191,10126
10192,10126
10193,10126
10194,10126
10195,10126
10196,10126
10197,10126
10198,10126
10199,10126
10200,10126
10201,10126
10202,10126
10203,10126
10204,10126
10205,10126
10206,10126
10207,10126
10208,10126
10209,10126
10210,10126
10211,10126
10212,10126
10213,10126
10214,10126
10215,10126
10216,10126
10217,10126
10218,10126
10219,10126
10220,10126
10221,10126
10222,10126
10223,10126
10224,10126
10225,10126
10226,10126
10227,10126
10228,10126
10229,10126
10230,10126
10231,10126
10232,10126
10233,10126
10234,10126
10235,10126
10236,10126
10237,10126
10238,10126
10239,10126
10240,10126
10241,10126
10242,10126
10243,10126
10244,10126
10245,10126
10246,10126
10247,10126
10248,10126
10249,10126
10250,10126
10251,10126
10252,10126
10253,10126
10254,10126
10255,10126
10256,10126
10257,10126
10258,10126
10259,10126
10260,10126
10261,10126
10262,10126
10263,10126
10264,10126
10265,10126
10266,10126
10267,10126
10268,10126
10269,10126
10270,10126
10271,10126
10272,10126
10273,10126
10274,10126
10275,10126
10276,10126
10277,10126
10278,10126
10279,10126
10280,10126
10281,10126
10282,10126
10283,10126
10284,10126
10285,10126
10286,10126
10287,10126
10288,10126
10289,10126
10290,10126
10291,10126
10292,10126
10293,10126
10294,10126
10295,10126
10296,10126
10297,10126
10298,10126
10299,10126
10300,10126
10301,10126
10302,10126
10303,10126
10304,10126
10305,10126
10306,10126
10307,10126
10308,10126
10309,10126
10310,10126
10311,10126
10312,10126
10313,10126
10314,10126
10315,10126
10316,10126
10317,10126
10318,10126
10319,10126
10320,10126
10321,10126
10322,10126
10323,10126
10324,10126
10325,10126
10326,10126
10327,10126
10328,10126
10329,10126
10330,10126
10331,10126
10332,10126
10333,10126
10334,10126
10335,10126
10336,10126
10088,10127
10089,10127
10090,10127
10091,10127
10092,10127
10093,10127
10094,10127
10095,10127
10096,10127
10097,10127
10098,10127
10099,10127
10100,10127
10101,10127
10102,10127
10103,10127
10104,10127
10105,10127
10106,10127
10107,10127
10108,10127
10109,10127
10110,10127
10111,10127
10112,10127
10113,10127
10114,10127
10115,10127
10116,10127
10117,10127
10118,10127
10119,10127
10120,10127
10121,10127
10122,10127
10123,10127
10124,10127
10125,10127
10126,10127
10127,10127
10128,10127
10129,10127
10130,10127
10131,10127
10132,10127
10133,10127
10134,10127
10135,10127
10136,10127
10137,10127
10138,10127
10139,10127
10140,10127
10141,10127
10142,10127
10143,10127
10144,10127
10145,10127
10146,10127
10147,10127
10148,10127
10149,10127
10150,10127
10151,10127
10152,10127
10153,10127
10154,10127
10155,10127
10156,10127
10157,10127
10158,10127
10159,10127
10160,10127
10161,10127
10162,10127
10163,10127
10164,10127
10165,10127
10166,10127
10167,10127
10168,10127
10169,10127
10170,10127
10171,10127
10172,10127
10173,10127
10174,10127
10175,10127
10176,10127
10177,10127
10178,10127
10179,10127
10180,10127
10181,10127
10182,10127
10183,10127
10184,10127
10185,10127
10186,10127
10187,10127
10188,10127
10189,10127
10190,10127
10191,10127
10192,10127
10193,10127
10194,10127
10195,10127
10196,10127
10197,10127
10198,10127
10199,10127
10200,10127
10201,10127
10202,10127
10203,10127
10204,10127
10205,10127
10206,10127
10207,10127
10208,10127
10209,10127
10210,10127
10211,10127
10212,10127
10213,10127
10214,10127
10215,10127
10216,10127
10217,10127
10218,10127
10219,10127
10220,10127
10221,10127
10222,10127
10223,10127
10224,10127
10225,10127
10226,10127
10227,10127
10228,10127
10229,10127
10230,10127
10231,10127
10232,10127
10233,10127
10234,10127
10235,10127
10236,10127
10237,10127
10238,10127
10239,10127
10240,10127
10241,10127
10242,10127
10243,10127
10244,10127
10245,10127
10246,10127
10247,10127
10248,10127
10249,10127
10250,10127
10251,10127
10252,10127
10253,10127
10254,10127
10255,10127
10256,10127
10257,10127
10258,10127
10259,10127
10260,10127
10261,10127
10262,10127
10263,10127
10264,10127
10265,10127
10266,10127
10267,10127
10268,10127
10269,10127
10270,10127
10271,10127
10272,10127
10273,10127
10274,10127
10275,10127
10276,10127
10277,10127
10278,10127
10279,10127
10280,10127
10281,10127
10282,10127
10283,10127
10284,10127
10285,10127
10286,10127
10287,10127
10288,10127
10289,10127
10290,10127
10291,10127
10292,10127
10293,10127
10294,10127
10295,10127
10296,10127
10297,10127
10298,10127
10299,10127
10300,10127
10301,10127
10302,10127
10303,10127
10304,10127
10305,10127
10306,10127
10307,10127
10308,10127
10309,10127
10310,10127
10311,10127
10312,10127
10313,10127
10314,10127
10315,10127
10316,10127
10317,10127
10318,10127
10319,10127
10320,10127
10321,10127
10322,10127
10323,10127
10324,10127
10325,10127
10326,10127
10327,10127
10328,10127
10329,10127
10330,10127
10331,10127
10332,10127
10333,10127
10334,10127
10335,10127
10336,10127
10088,10128
10089,10128
10090,10128
10091,10128
10092,10128
10093,10128
10094,10128
10095,10128
10096,10128
10097,10128
10098,10128
10099,10128
10100,10128
10101,10128
10102,10128
10103,10128
10104,10128
10105,10128
10106,10128
10107,10128
10108,10128
10109,10128
10110,10128
10111,10128
10112,10128
10113,10128
10114,10128
10115,10128
10116,10128
10117,10128
10118,10128
10119,10128
10120,10128
10121,10128
10122,10128
10123,10128
10124,10128
10125,10128
10126,10128
10127,10128
10128,10128
10129,10128
10130,10128
10131,10128
10132,10128
10133,10128
10134,10128
10135,10128
10136,10128
10137,10128
10138,10128
10139,10128
10140,10128
10141,10128
10142,10128
10143,10128
10144,10128
10145,10128
10146,10128
10147,10128
10148,10128
10149,10128
10150,10128
10151,10128
10152,10128
10153,10128
10154,10128
10155,10128
10156,10128
10157,10128
10158,10128
10159,10128
10160,10128
10161,10128
10162,10128
10163,10128
10164,10128
10165,10128
10166,10128
10167,10128
10168,10128
10169,10128
10170,10128
10171,10128
10172,10128
10173,10128
10174,10128
10175,10128
10176,10128
10177,10128
10178,10128
10179,10128
10180,10128
10181,10128
10182,10128
10183,10128
10184,10128
10185,10128
10186,10128
10187,10128
10188,10128
10189,10128
10190,10128
10191,10128
10192,10128
10193,10128
10194,10128
10195,10128
10196,10128
10197,10128
10198,10128
10199,10128
10200,10128
10201,10128
10202,10128
10203,10128
10204,10128
10205,10128
10206,10128
10207,10128
10208,10128
10209,10128
10210,10128
10211,10128
10212,10128
10213,10128
10214,10128
10215,10128
10216,10128
10217,10128
10218,10128
10219,10128
10220,10128
10221,10128
10222,10128
10223,10128
10224,10128
10225,10128
10226,10128
10227,10128
10228,10128
10229,10128
10230,10128
10231,10128
10232,10128
10233,10128
10234,10128
10235,10128
10236,10128
10237,10128
10238,10128
10239,10128
10240,10128
10241,10128
10242,10128
10243,10128
10244,10128
10245,10128
10246,10128
10247,10128
10248,10128
10249,10128
10250,10128
10251,10128
10252,10128
10253,10128
10254,10128
10255,10128
10256,10128
10257,10128
10258,10128
10259,10128
10260,10128
10261,10128
10262,10128
10263,10128
10264,10128
10265,10128
10266,10128
10267,10128
10268,10128
10269,10128
10270,10128
10271,10128
10272,10128
10273,10128
10274,10128
10275,10128
10276,10128
10277,10128
10278,10128
10279,10128
10280,10128
10281,10128
10282,10128
10283,10128
10284,10128
10285,10128
10286,10128
10287,10128
10288,10128
10289,10128
10290,10128
10291,10128
10292,10128
10293,10128
10294,10128
10295,10128
10296,10128
10297,10128
10298,10128
10299,10128
10300,10128
10301,10128
10302,10128
10303,10128
10304,10128
10305,10128
10306,10128
10307,10128
10308,10128
10309,10128
10310,10128
10311,10128
10312,10128
10313,10128
10314,10128
10315,10128
10316,10128
10317,10128
10318,10128
10319,10128
10320,10128
10321,10128
10322,10128
10323,10128
10324,10128
10325,10128
10326,10128
10327,10128
10328,10128
10329,10128
10330,10128
10331,10128
10332,10128
10333,10128
10334,10128
10335,10128
10336,10128
10088,10129
10089,10129
10090,10129
10091,10129
10092,10129
10093,10129
10094,10129
10095,10129
10096,10129
10097,10129
10098,10129
10099,10129
10100,10129
10101,10129
10102,10129
10103,10129
10104,10129
10105,10129
10106,10129
10107,10129
10108,10129
10109,10129
10110,10129
10111,10129
10112,10129
10113,10129
10114,10129
10115,10129
10116,10129
10117,10129
10118,10129
10119,10129
10120,10129
10121,10129
10122,10129
10123,10129
10124,10129
10125,10129
10126,10129
10127,10129
10128,10129
10129,10129
10130,10129
10131,10129
10132,10129
10133,10129
10134,10129
10135,10129
10136,10129
10137,10129
10138,10129
10139,10129
10140,10129
10141,10129
10142,10129
10143,10129
10144,10129
10145,10129
10146,10129
10147,10129
10148,10129
10149,10129
10150,10129
10151,10129
10152,10129
10153,10129
10154,10129
10155,10129
10156,10129
10157,10129
10158,10129
10159,10129
10160,10129
10161,10129
10162,10129
10163,10129
10164,10129
10165,10129
10166,10129
10167,10129
10168,10129
10169,10129
10170,10129
10171,10129
10172,10129
10173,10129
10174,10129
10175,10129
10176,10129
10177,10129
10178,10129
10179,10129
10180,10129
10181,10129
10182,10129
10183,10129
10184,10129
10185,10129
10186,10129
10187,10129
10188,10129
10189,10129
10190,10129
10191,10129
10192,10129
10193,10129
10194,10129
10195,10129
10196,10129
10197,10129
10198,10129
10199,10129
10200,10129
10201,10129
10202,10129
10203,10129
10204,10129
10205,10129
10206,10129
10207,10129
10208,10129
10209,10129
10210,10129
10211,10129
10212,10129
10213,10129
10214,10129
10215,10129
10216,10129
10217,10129
10218,10129
10219,10129
10220,10129
10221,10129
10222,10129
10223,10129
10224,10129
10225,10129
10226,10129
10227,10129
10228,10129
10229,10129
10230,10129
10231,10129
10232,10129
10233,10129
10234,10129
10235,10129
10236,10129
10237,10129
10238,10129
10239,10129
10240,10129
10241,10129
10242,10129
10243,10129
10244,10129
10245,10129
10246,10129
10247,10129
10248,10129
10249,10129
10250,10129
10251,10129
10252,10129
10253,10129
10254,10129
10255,10129
10256,10129
10257,10129
10258,10129
10259,10129
10260,10129
10261,10129
10262,10129
10263,10129
10264,10129
10265,10129
10266,10129
10267,10129
10268,10129
10269,10129
10270,10129
10271,10129
10272,10129
10273,10129
10274,10129
10275,10129
10276,10129
10277,10129
10278,10129
10279,10129
10280,10129
10281,10129
10282,10129
10283,10129
10284,10129
10285,10129
10286,10129
10287,10129
10288,10129
10289,10129
10290,10129
10291,10129
10292,10129
10293,10129
10294,10129
10295,10129
10296,10129
10297,10129
10298,10129
10299,10129
10300,10129
10301,10129
10302,10129
10303,10129
10304,10129
10305,10129
10306,10129
10307,10129
10308,10129
10309,10129
10310,10129
10311,10129
10312,10129
10313,10129
10314,10129
10315,10129
10316,10129
10317,10129
10318,10129
10319,10129
10320,10129
10321,10129
10322,10129
10323,10129
10324,10129
10325,10129
10326,10129
10327,10129
10328,10129
10329,10129
10330,10129
10331,10129
10332,10129
10333,10129
10334,10129
10335,10129
10336,10129
10088,10130
10089,10130
10090,10130
10091,10130
10092,10130
10093,10130
10094,10130
10095,10130
10096,10130
10097,10130
10098,10130
10099,10130
10100,10130
10101,10130
10102,10130
10103,10130
10104,10130
10105,10130
10106,10130
10107,10130
10108,10130
10109,10130
10110,10130
10111,10130
10112,10130
10113,10130
10114,10130
10115,10130
10116,10130
10117,10130
10118,10130
10119,10130
10120,10130
10121,10130
10122,10130
10123,10130
10124,10130
10125,10130
10126,10130
10127,10130
10128,10130
10129,10130
10130,10130
10131,10130
10132,10130
10133,10130
10134,10130
10135,10130
10136,10130
10137,10130
10138,10130
10139,10130
10140,10130
10141,10130
10142,10130
10143,10130
10144,10130
10145,10130
10146,10130
10147,10130
10148,10130
10149,10130
10150,10130
10151,10130
10152,10130
10153,10130
10154,10130
10155,10130
10156,10130
10157,10130
10158,10130
10159,10130
10160,10130
10161,10130
10162,10130
10163,10130
10164,10130
10165,10130
10166,10130
10167,10130
10168,10130
10169,10130
10170,10130
10171,10130
10172,10130
10173,10130
10174,10130
10175,10130
10176,10130
10177,10130
10178,10130
10179,10130
10180,10130
10181,10130
10182,10130
10183,10130
10184,10130
10185,10130
10186,10130
10187,10130
10188,10130
10189,10130
10190,10130
10191,10130
10192,10130
10193,10130
10194,10130
10195,10130
10196,10130
10197,10130
10198,10130
10199,10130
10200,10130
10201,10130
10202,10130
10203,10130
10204,10130
10205,10130
10206,10130
10207,10130
10208,10130
10209,10130
10210,10130
10211,10130
10212,10130
10213,10130
10214,10130
10215,10130
10216,10130
10217,10130
10218,10130
10219,10130
10220,10130
10221,10130
10222,10130
10223,10130
10224,10130
10225,10130
10226,10130
10227,10130
10228,10130
10229,10130
10230,10130
10231,10130
10232,10130
10233,10130
10234,10130
10235,10130
10236,10130
10237,10130
10238,10130
10239,10130
10240,10130
10241,10130
10242,10130
10243,10130
10244,10130
10245,10130
10246,10130
10247,10130
10248,10130
10249,10130
10250,10130
10251,10130
10252,10130
10253,10130
10254,10130
10255,10130
10256,10130
10257,10130
10258,10130
10259,10130
10260,10130
10261,10130
10262,10130
10263,10130
10264,10130
10265,10130
10266,10130
10267,10130
10268,10130
10269,10130
10270,10130
10271,10130
10272,10130
10273,10130
10274,10130
10275,10130
10276,10130
10277,10130
10278,10130
10279,10130
10280,10130
10281,10130
10282,10130
10283,10130
10284,10130
10285,10130
10286,10130
10287,10130
10288,10130
10289,10130
10290,10130
10291,10130
10292,10130
10293,10130
10294,10130
10295,10130
10296,10130
10297,10130
10298,10130
10299,10130
10300,10130
10301,10130
10302,10130
10303,10130
10304,10130
10305,10130
10306,10130
10307,10130
10308,10130
10309,10130
10310,10130
10311,10130
10312,10130
10313,10130
10314,10130
10315,10130
10316,10130
10317,10130
10318,10130
10319,10130
10320,10130
10321,10130
10322,10130
10323,10130
10324,10130
10325,10130
10326,10130
10327,10130
10328,10130
10329,10130
10330,10130
10331,10130
10332,10130
10333,10130
10334,10130
10335,10130
10336,10130
10088,10131
10089,10131
10090,10131
10091,10131
10092,10131
10093,10131
10094,10131
10095,10131
10096,10131
10097,10131
10098,10131
10099,10131
10100,10131
10101,10131
10102,10131
10103,10131
10104,10131
10105,10131
10106,10131
10107,10131
10108,10131
10109,10131
10110,10131
10111,10131
10112,10131
10113,10131
10114,10131
10115,10131
10116,10131
10117,10131
10118,10131
10119,10131
10120,10131
10121,10131
10122,10131
10123,10131
10124,10131
10125,10131
10126,10131
10127,10131
10128,10131
10129,10131
10130,10131
10131,10131
10132,10131
10133,10131
10134,10131
10135,10131
10136,10131
10137,10131
10138,10131
10139,10131
10140,10131
10141,10131
10142,10131
10143,10131
10144,10131
10145,10131
10146,10131
10147,10131
10148,10131
10149,10131
10150,10131
10151,10131
10152,10131
10153,10131
10154,10131
10155,10131
10156,10131
10157,10131
10158,10131
10159,10131
10160,10131
10161,10131
10162,10131
10163,10131
10164,10131
10165,10131
10166,10131
10167,10131
10168,10131
10169,10131
10170,10131
10171,10131
10172,10131
10173,10131
10174,10131
10175,10131
10176,10131
10177,10131
10178,10131
10179,10131
10180,10131
10181,10131
10182,10131
10183,10131
10184,10131
10185,10131
10186,10131
10187,10131
10188,10131
10189,10131
10190,10131
10191,10131
10192,10131
10193,10131
10194,10131
10195,10131
10196,10131
10197,10131
10198,10131
10199,10131
10200,10131
10201,10131
10202,10131
10203,10131
10204,10131
10205,10131
10206,10131
10207,10131
10208,10131
10209,10131
10210,10131
10211,10131
10212,10131
10213,10131
10214,10131
10215,10131
10216,10131
10217,10131
10218,10131
10219,10131
10220,10131
10221,10131
10222,10131
10223,10131
10224,10131
10225,10131
10226,10131
10227,10131
10228,10131
10229,10131
10230,10131
10231,10131
10232,10131
10233,10131
10234,10131
10235,10131
10236,10131
10237,10131
10238,10131
10239,10131
10240,10131
10241,10131
10242,10131
10243,10131
10244,10131
10245,10131
10246,10131
10247,10131
10248,10131
10249,10131
10250,10131
10251,10131
10252,10131
10253,10131
10254,10131
10255,10131
10256,10131
10257,10131
10258,10131
10259,10131
10260,10131
10261,10131
10262,10131
10263,10131
10264,10131
10265,10131
10266,10131
10267,10131
10268,10131
10269,10131
10270,10131
10271,10131
10272,10131
10273,10131
10274,10131
10275,10131
10276,10131
10277,10131
10278,10131
10279,10131
10280,10131
10281,10131
10282,10131
10283,10131
10284,10131
10285,10131
10286,10131
10287,10131
10288,10131
10289,10131
10290,10131
10291,10131
10292,10131
10293,10131
10294,10131
10295,10131
10296,10131
10297,10131
10298,10131
10299,10131
10300,10131
10301,10131
10302,10131
10303,10131
10304,10131
10305,10131
10306,10131
10307,10131
10308,10131
10309,10131
10310,10131
10311,10131
10312,10131
10313,10131
10314,10131
10315,10131
10316,10131
10317,10131
10318,10131
10319,10131
10320,10131
10321,10131
10322,10131
10323,10131
10324,10131
10325,10131
10326,10131
10327,10131
10328,10131
10329,10131
10330,10131
10331,10131
10332,10131
10333,10131
10334,10131
10335,10131
10336,10131
10088,10132
10089,10132
10090,10132
10091,10132
10092,10132
10093,10132
10094,10132
10095,10132
10096,10132
10097,10132
10098,10132
10099,10132
10100,10132
10101,10132
10102,10132
10103,10132
10104,10132
10105,10132
10106,10132
10107,10132
10108,10132
10109,10132
10110,10132
10111,10132
10112,10132
10113,10132
10114,10132
10115,10132
10116,10132
10117,10132
10118,10132
10119,10132
10120,10132
10121,10132
10122,10132
10123,10132
10124,10132
10125,10132
10126,10132
10127,10132
10128,10132
10129,10132
10130,10132
10131,10132
10132,10132
10133,10132
10134,10132
10135,10132
10136,10132
10137,10132
10138,10132
10139,10132
10140,10132
10141,10132
10142,10132
10143,10132
10144,10132
10145,10132
10146,10132
10147,10132
10148,10132
10149,10132
10150,10132
10151,10132
10152,10132
10153,10132
10154,10132
10155,10132
10156,10132
10157,10132
10158,10132
10159,10132
10160,10132
10161,10132
10162,10132
10163,10132
10164,10132
10165,10132
10166,10132
10167,10132
10168,10132
10169,10132
10170,10132
10171,10132
10172,10132
10173,10132
10174,10132
10175,10132
10176,10132
10177,10132
10178,10132
10179,10132
10180,10132
10181,10132
10182,10132
10183,10132
10184,10132
10185,10132
10186,10132
10187,10132
10188,10132
10189,10132
10190,10132
10191,10132
10192,10132
10193,10132
10194,10132
10195,10132
10196,10132
10197,10132
10198,10132
10199,10132
10200,10132
10201,10132
10202,10132
10203,10132
10204,10132
10205,10132
10206,10132
10207,10132
10208,10132
10209,10132
10210,10132
10211,10132
10212,10132
10213,10132
10214,10132
10215,10132
10216,10132
10217,10132
10218,10132
10219,10132
10220,10132
10221,10132
10222,10132
10223,10132
10224,10132
10225,10132
10226,10132
10227,10132
10228,10132
10229,10132
10230,10132
10231,10132
10232,10132
10233,10132
10234,10132
10235,10132
10236,10132
10237,10132
10238,10132
10239,10132
10240,10132
10241,10132
10242,10132
10243,10132
10244,10132
10245,10132
10246,10132
10247,10132
10248,10132
10249,10132
10250,10132
10251,10132
10252,10132
10253,10132
10254,10132
10255,10132
10256,10132
10257,10132
10258,10132
10259,10132
10260,10132
10261,10132
10262,10132
10263,10132
10264,10132
10265,10132
10266,10132
10267,10132
10268,10132
10269,10132
10270,10132
10271,10132
10272,10132
10273,10132
10274,10132
10275,10132
10276,10132
10277,10132
10278,10132
10279,10132
10280,10132
10281,10132
10282,10132
10283,10132
10284,10132
10285,10132
10286,10132
10287,10132
10288,10132
10289,10132
10290,10132
10291,10132
10292,10132
10293,10132
10294,10132
10295,10132
10296,10132
10297,10132
10298,10132
10299,10132
10300,10132
10301,10132
10302,10132
10303,10132
10304,10132
10305,10132
10306,10132
10307,10132
10308,10132
10309,10132
10310,10132
10311,10132
10312,10132
10313,10132
10314,10132
10315,10132
10316,10132
10317,10132
10318,10132
10319,10132
10320,10132
10321,10132
10322,10132
10323,10132
10324,10132
10325,10132
10326,10132
10327,10132
10328,10132
10329,10132
10330,10132
10331,10132
10332,10132
10333,10132
10334,10132
10335,10132
10336,10132
10088,10133
10089,10133
10090,10133
10091,10133
10092,10133
10093,10133
10094,10133
10095,10133
10096,10133
10097,10133
10098,10133
10099,10133
10100,10133
10101,10133
10102,10133
10103,10133
10104,10133
10105,10133
10106,10133
10107,10133
10108,10133
10109,10133
10110,10133
10111,10133
10112,10133
10113,10133
10114,10133
10115,10133
10116,10133
10117,10133
10118,10133
10119,10133
10120,10133
10121,10133
10122,10133
10123,10133
10124,10133
10125,10133
10126,10133
10127,10133
10128,10133
10129,10133
10130,10133
10131,10133
10132,10133
10133,10133
10134,10133
10135,10133
10136,10133
10137,10133
10138,10133
10139,10133
10140,10133
10141,10133
10142,10133
10143,10133
10144,10133
10145,10133
10146,10133
10147,10133
10148,10133
10149,10133
10150,10133
10151,10133
10152,10133
10153,10133
10154,10133
10155,10133
10156,10133
10157,10133
10158,10133
10159,10133
10160,10133
10161,10133
10162,10133
10163,10133
10164,10133
10165,10133
10166,10133
10167,10133
10168,10133
10169,10133
10170,10133
10171,10133
10172,10133
10173,10133
10174,10133
10175,10133
10176,10133
10177,10133
10178,10133
10179,10133
10180,10133
10181,10133
10182,10133
10183,10133
10184,10133
10185,10133
10186,10133
10187,10133
10188,10133
10189,10133
10190,10133
10191,10133
10192,10133
10193,10133
10194,10133
10195,10133
10196,10133
10197,10133
10198,10133
10199,10133
10200,10133
10201,10133
10202,10133
10203,10133
10204,10133
10205,10133
10206,10133
10207,10133
10208,10133
10209,10133
10210,10133
10211,10133
10212,10133
10213,10133
10214,10133
10215,10133
10216,10133
10217,10133
10218,10133
10219,10133
10220,10133
10221,10133
10222,10133
10223,10133
10224,10133
10225,10133
10226,10133
10227,10133
10228,10133
10229,10133
10230,10133
10231,10133
10232,10133
10233,10133
10234,10133
10235,10133
10236,10133
10237,10133
10238,10133
10239,10133
10240,10133
10241,10133
10242,10133
10243,10133
10244,10133
10245,10133
10246,10133
10247,10133
10248,10133
10249,10133
10250,10133
10251,10133
10252,10133
10253,10133
10254,10133
10255,10133
10256,10133
10257,10133
10258,10133
10259,10133
10260,10133
10261,10133
10262,10133
10263,10133
10264,10133
10265,10133
10266,10133
10267,10133
10268,10133
10269,10133
10270,10133
10271,10133
10272,10133
10273,10133
10274,10133
10275,10133
10276,10133
10277,10133
10278,10133
10279,10133
10280,10133
10281,10133
10282,10133
10283,10133
10284,10133
10285,10133
10286,10133
10287,10133
10288,10133
10289,10133
10290,10133
10291,10133
10292,10133
10293,10133
10294,10133
10295,10133
10296,10133
10297,10133
10298,10133
10299,10133
10300,10133
10301,10133
10302,10133
10303,10133
10304,10133
10305,10133
10306,10133
10307,10133
10308,10133
10309,10133
10310,10133
10311,10133
10312,10133
10313,10133
10314,10133
10315,10133
10316,10133
10317,10133
10318,10133
10319,10133
10320,10133
10321,10133
10322,10133
10323,10133
10324,10133
10325,10133
10326,10133
10327,10133
10328,10133
10329,10133
10330,10133
10331,10133
10332,10133
10333,10133
10334,10133
10335,10133
10336,10133
10088,10134
10089,10134
10090,10134
10091,10134
10092,10134
10093,10134
10094,10134
10095,10134
10096,10134
10097,10134
10098,10134
10099,10134
10100,10134
10101,10134
10102,10134
10103,10134
10104,10134
10105,10134
10106,10134
10107,10134
10108,10134
10109,10134
10110,10134
10111,10134
10112,10134
10113,10134
10114,10134
10115,10134
10116,10134
10117,10134
10118,10134
10119,10134
10120,10134
10121,10134
10122,10134
10123,10134
10124,10134
10125,10134
10126,10134
10127,10134
10128,10134
10129,10134
10130,10134
10131,10134
10132,10134
10133,10134
10134,10134
10135,10134
10136,10134
10137,10134
10138,10134
10139,10134
10140,10134
10141,10134
10142,10134
10143,10134
10144,10134
10145,10134
10146,10134
10147,10134
10148,10134
10149,10134
10150,10134
10151,10134
10152,10134
10153,10134
10154,10134
10155,10134
10156,10134
10157,10134
10158,10134
10159,10134
10160,10134
10161,10134
10162,10134
10163,10134
10164,10134
10165,10134
10166,10134
10167,10134
10168,10134
10169,10134
10170,10134
10171,10134
10172,10134
10173,10134
10174,10134
10175,10134
10176,10134
10177,10134
10178,10134
10179,10134
10180,10134
10181,10134
10182,10134
10183,10134
10184,10134
10185,10134
10186,10134
10187,10134
10188,10134
10189,10134
10190,10134
10191,10134
10192,10134
10193,10134
10194,10134
10195,10134
10196,10134
10197,10134
10198,10134
10199,10134
10200,10134
10201,10134
10202,10134
10203,10134
10204,10134
10205,10134
10206,10134
10207,10134
10208,10134
10209,10134
10210,10134
10211,10134
10212,10134
10213,10134
10214,10134
10215,10134
10216,10134
10217,10134
10218,10134
10219,10134
10220,10134
10221,10134
10222,10134
10223,10134
10224,10134
10225,10134
10226,10134
10227,10134
10228,10134
10229,10134
10230,10134
10231,10134
10232,10134
10233,10134
10234,10134
10235,10134
10236,10134
10237,10134
10238,10134
10239,10134
10240,10134
10241,10134
10242,10134
10243,10134
10244,10134
10245,10134
10246,10134
10247,10134
10248,10134
10249,10134
10250,10134
10251,10134
10252,10134
10253,10134
10254,10134
10255,10134
10256,10134
10257,10134
10258,10134
10259,10134
10260,10134
10261,10134
10262,10134
10263,10134
10264,10134
10265,10134
10266,10134
10267,10134
10268,10134
10269,10134
10270,10134
10271,10134
10272,10134
10273,10134
10274,10134
10275,10134
10276,10134
10277,10134
10278,10134
10279,10134
10280,10134
10281,10134
10282,10134
10283,10134
10284,10134
10285,10134
10286,10134
10287,10134
10288,10134
10289,10134
10290,10134
10291,10134
10292,10134
10293,10134
10294,10134
10295,10134
10296,10134
10297,10134
10298,10134
10299,10134
10300,10134
10301,10134
10302,10134
10303,10134
10304,10134
10305,10134
10306,10134
10307,10134
10308,10134
10309,10134
10310,10134
10311,10134
10312,10134
10313,10134
10314,10134
10315,10134
10316,10134
10317,10134
10318,10134
10319,10134
10320,10134
10321,10134
10322,10134
10323,10134
10324,10134
10325,10134
10326,10134
10327,10134
10328,10134
10329,10134
10330,10134
10331,10134
10332,10134
10333,10134
10334,10134
10335,10134
10336,10134
10088,10135
10089,10135
10090,10135
10091,10135
10092,10135
10093,10135
10094,10135
10095,10135
10096,10135
10097,10135
10098,10135
10099,10135
10100,10135
10101,10135
10102,10135
10103,10135
10104,10135
10105,10135
10106,10135
10107,10135
10108,10135
10109,10135
10110,10135
10111,10135
10112,10135
10113,10135
10114,10135
10115,10135
10116,10135
10117,10135
10118,10135
10119,10135
10120,10135
10121,10135
10122,10135
10123,10135
10124,10135
10125,10135
10126,10135
10127,10135
10128,10135
10129,10135
10130,10135
10131,10135
10132,10135
10133,10135
10134,10135
10135,10135
10136,10135
10137,10135
10138,10135
10139,10135
10140,10135
10141,10135
10142,10135
10143,10135
10144,10135
10145,10135
10146,10135
10147,10135
10148,10135
10149,10135
10150,10135
10151,10135
10152,10135
10153,10135
10154,10135
10155,10135
10156,10135
10157,10135
10158,10135
10159,10135
10160,10135
10161,10135
10162,10135
10163,10135
10164,10135
10165,10135
10166,10135
10167,10135
10168,10135
10169,10135
10170,10135
10171,10135
10172,10135
10173,10135
10174,10135
10175,10135
10176,10135
10177,10135
10178,10135
10179,10135
10180,10135
10181,10135
10182,10135
10183,10135
10184,10135
10185,10135
10186,10135
10187,10135
10188,10135
10189,10135
10190,10135
10191,10135
10192,10135
10193,10135
10194,10135
10195,10135
10196,10135
10197,10135
10198,10135
10199,10135
10200,10135
10201,10135
10202,10135
10203,10135
10204,10135
10205,10135
10206,10135
10207,10135
10208,10135
10209,10135
10210,10135
10211,10135
10212,10135
10213,10135
10214,10135
10215,10135
10216,10135
10217,10135
10218,10135
10219,10135
10220,10135
10221,10135
10222,10135
10223,10135
10224,10135
10225,10135
10226,10135
10227,10135
10228,10135
10229,10135
10230,10135
10231,10135
10232,10135
10233,10135
10234,10135
10235,10135
10236,10135
10237,10135
10238,10135
10239,10135
10240,10135
10241,10135
10242,10135
10243,10135
10244,10135
10245,10135
10246,10135
10247,10135
10248,10135
10249,10135
10250,10135
10251,10135
10252,10135
10253,10135
10254,10135
10255,10135
10256,10135
10257,10135
10258,10135
10259,10135
10260,10135
10261,10135
10262,10135
10263,10135
10264,10135
10265,10135
10266,10135
10267,10135
10268,10135
10269,10135
10270,10135
10271,10135
10272,10135
10273,10135
10274,10135
10275,10135
10276,10135
10277,10135
10278,10135
10279,10135
10280,10135
10281,10135
10282,10135
10283,10135
10284,10135
10285,10135
10286,10135
10287,10135
10288,10135
10289,10135
10290,10135
10291,10135
10292,10135
10293,10135
10294,10135
10295,10135
10296,10135
10297,10135
10298,10135
10299,10135
10300,10135
10301,10135
10302,10135
10303,10135
10304,10135
10305,10135
10306,10135
10307,10135
10308,10135
10309,10135
10310,10135
10311,10135
10312,10135
10313,10135
10314,10135
10315,10135
10316,10135
10317,10135
10318,10135
10319,10135
10320,10135
10321,10135
10322,10135
10323,10135
10324,10135
10325,10135
10326,10135
10327,10135
10328,10135
10329,10135
10330,10135
10331,10135
10332,10135
10333,10135
10334,10135
10335,10135
10336,10135
10088,10136
10089,10136
10090,10136
10091,10136
10092,10136
10093,10136
10094,10136
10095,10136
10096,10136
10097,10136
10098,10136
10099,10136
10100,10136
10101,10136
10102,10136
10103,10136
10104,10136
10105,10136
10106,10136
10107,10136
10108,10136
10109,10136
10110,10136
10111,10136
10112,10136
10113,10136
10114,10136
10115,10136
10116,10136
10117,10136
10118,10136
10119,10136
10120,10136
10121,10136
10122,10136
10123,10136
10124,10136
10125,10136
10126,10136
10127,10136
10128,10136
10129,10136
10130,10136
10131,10136
10132,10136
10133,10136
10134,10136
10135,10136
10136,10136
10137,10136
10138,10136
10139,10136
10140,10136
10141,10136
10142,10136
10143,10136
10144,10136
10145,10136
10146,10136
10147,10136
10148,10136
10149,10136
10150,10136
10151,10136
10152,10136
10153,10136
10154,10136
10155,10136
10156,10136
10157,10136
10158,10136
10159,10136
10160,10136
10161,10136
10162,10136
10163,10136
10164,10136
10165,10136
10166,10136
10167,10136
10168,10136
10169,10136
10170,10136
10171,10136
10172,10136
10173,10136
10174,10136
10175,10136
10176,10136
10177,10136
10178,10136
10179,10136
10180,10136
10181,10136
10182,10136
10183,10136
10184,10136
10185,10136
10186,10136
10187,10136
10188,10136
10189,10136
10190,10136
10191,10136
10192,10136
10193,10136
10194,10136
10195,10136
10196,10136
10197,10136
10198,10136
10199,10136
10200,10136
10201,10136
10202,10136
10203,10136
10204,10136
10205,10136
10206,10136
10207,10136
10208,10136
10209,10136
10210,10136
10211,10136
10212,10136
10213,10136
10214,10136
10215,10136
10216,10136
10217,10136
10218,10136
10219,10136
10220,10136
10221,10136
10222,10136
10223,10136
10224,10136
10225,10136
10226,10136
10227,10136
10228,10136
10229,10136
10230,10136
10231,10136
10232,10136
10233,10136
10234,10136
10235,10136
10236,10136
10237,10136
10238,10136
10239,10136
10240,10136
10241,10136
10242,10136
10243,10136
10244,10136
10245,10136
10246,10136
10247,10136
10248,10136
10249,10136
10250,10136
10251,10136
10252,10136
10253,10136
10254,10136
10255,10136
10256,10136
10257,10136
10258,10136
10259,10136
10260,10136
10261,10136
10262,10136
10263,10136
10264,10136
10265,10136
10266,10136
10267,10136
10268,10136
10269,10136
10270,10136
10271,10136
10272,10136
10273,10136
10274,10136
10275,10136
10276,10136
10277,10136
10278,10136
10279,10136
10280,10136
10281,10136
10282,10136
10283,10136
10284,10136
10285,10136
10286,10136
10287,10136
10288,10136
10289,10136
10290,10136
10291,10136
10292,10136
10293,10136
10294,10136
10295,10136
10296,10136
10297,10136
10298,10136
10299,10136
10300,10136
10301,10136
10302,10136
10303,10136
10304,10136
10305,10136
10306,10136
10307,10136
10308,10136
10309,10136
10310,10136
10311,10136
10312,10136
10313,10136
10314,10136
10315,10136
10316,10136
10317,10136
10318,10136
10319,10136
10320,10136
10321,10136
10322,10136
10323,10136
10324,10136
10325,10136
10326,10136
10327,10136
10328,10136
10329,10136
10330,10136
10331,10136
10332,10136
10333,10136
10334,10136
10335,10136
10336,10136
10088,10137
10089,10137
10090,10137
10091,10137
10092,10137
10093,10137
10094,10137
10095,10137
10096,10137
10097,10137
10098,10137
10099,10137
10100,10137
10101,10137
10102,10137
10103,10137
10104,10137
10105,10137
10106,10137
10107,10137
10108,10137
10109,10137
10110,10137
10111,10137
10112,10137
10113,10137
10114,10137
10115,10137
10116,10137
10117,10137
10118,10137
10119,10137
10120,10137
10121,10137
10122,10137
10123,10137
10124,10137
10125,10137
10126,10137
10127,10137
10128,10137
10129,10137
10130,10137
10131,10137
10132,10137
10133,10137
10134,10137
10135,10137
10136,10137
10137,10137
10138,10137
10139,10137
10140,10137
10141,10137
10142,10137
10143,10137
10144,10137
10145,10137
10146,10137
10147,10137
10148,10137
10149,10137
10150,10137
10151,10137
10152,10137
10153,10137
10154,10137
10155,10137
10156,10137
10157,10137
10158,10137
10159,10137
10160,10137
10161,10137
10162,10137
10163,10137
10164,10137
10165,10137
10166,10137
10167,10137
10168,10137
10169,10137
10170,10137
10171,10137
10172,10137
10173,10137
10174,10137
10175,10137
10176,10137
10177,10137
10178,10137
10179,10137
10180,10137
10181,10137
10182,10137
10183,10137
10184,10137
10185,10137
10186,10137
10187,10137
10188,10137
10189,10137
10190,10137
10191,10137
10192,10137
10193,10137
10194,10137
10195,10137
10196,10137
10197,10137
10198,10137
10199,10137
10200,10137
10201,10137
10202,10137
10203,10137
10204,10137
10205,10137
10206,10137
10207,10137
10208,10137
10209,10137
10210,10137
10211,10137
10212,10137
10213,10137
10214,10137
10215,10137
10216,10137
10217,10137
10218,10137
10219,10137
10220,10137
10221,10137
10222,10137
10223,10137
10224,10137
10225,10137
10226,10137
10227,10137
10228,10137
10229,10137
10230,10137
10231,10137
10232,10137
10233,10137
10234,10137
10235,10137
10236,10137
10237,10137
10238,10137
10239,10137
10240,10137
10241,10137
10242,10137
10243,10137
10244,10137
10245,10137
10246,10137
10247,10137
10248,10137
10249,10137
10250,10137
10251,10137
10252,10137
10253,10137
10254,10137
10255,10137
10256,10137
10257,10137
10258,10137
10259,10137
10260,10137
10261,10137
10262,10137
10263,10137
10264,10137
10265,10137
10266,10137
10267,10137
10268,10137
10269,10137
10270,10137
10271,10137
10272,10137
10273,10137
10274,10137
10275,10137
10276,10137
10277,10137
10278,10137
10279,10137
10280,10137
10281,10137
10282,10137
10283,10137
10284,10137
10285,10137
10286,10137
10287,10137
10288,10137
10289,10137
10290,10137
10291,10137
10292,10137
10293,10137
10294,10137
10295,10137
10296,10137
10297,10137
10298,10137
10299,10137
10300,10137
10301,10137
10302,10137
10303,10137
10304,10137
10305,10137
10306,10137
10307,10137
10308,10137
10309,10137
10310,10137
10311,10137
10312,10137
10313,10137
10314,10137
10315,10137
10316,10137
10317,10137
10318,10137
10319,10137
10320,10137
10321,10137
10322,10137
10323,10137
10324,10137
10325,10137
10326,10137
10327,10137
10328,10137
10329,10137
10330,10137
10331,10137
10332,10137
10333,10137
10334,10137
10335,10137
10336,10137
10088,10138
10089,10138
10090,10138
10091,10138
10092,10138
10093,10138
10094,10138
10095,10138
10096,10138
10097,10138
10098,10138
10099,10138
10100,10138
10101,10138
10102,10138
10103,10138
10104,10138
10105,10138
10106,10138
10107,10138
10108,10138
10109,10138
10110,10138
10111,10138
10112,10138
10113,10138
10114,10138
10115,10138
10116,10138
10117,10138
10118,10138
10119,10138
10120,10138
10121,10138
10122,10138
10123,10138
10124,10138
10125,10138
10126,10138
10127,10138
10128,10138
10129,10138
10130,10138
10131,10138
10132,10138
10133,10138
10134,10138
10135,10138
10136,10138
10137,10138
10138,10138
10139,10138
10140,10138
10141,10138
10142,10138
10143,10138
10144,10138
10145,10138
10146,10138
10147,10138
10148,10138
10149,10138
10150,10138
10151,10138
10152,10138
10153,10138
10154,10138
10155,10138
10156,10138
10157,10138
10158,10138
10159,10138
10160,10138
10161,10138
10162,10138
10163,10138
10164,10138
10165,10138
10166,10138
10167,10138
10168,10138
10169,10138
10170,10138
10171,10138
10172,10138
10173,10138
10174,10138
10175,10138
10176,10138
10177,10138
10178,10138
10179,10138
10180,10138
10181,10138
10182,10138
10183,10138
10184,10138
10185,10138
10186,10138
10187,10138
10188,10138
10189,10138
10190,10138
10191,10138
10192,10138
10193,10138
10194,10138
10195,10138
10196,10138
10197,10138
10198,10138
10199,10138
10200,10138
10201,10138
10202,10138
10203,10138
10204,10138
10205,10138
10206,10138
10207,10138
10208,10138
10209,10138
10210,10138
10211,10138
10212,10138
10213,10138
10214,10138
10215,10138
10216,10138
10217,10138
10218,10138
10219,10138
10220,10138
10221,10138
10222,10138
10223,10138
10224,10138
10225,10138
10226,10138
10227,10138
10228,10138
10229,10138
10230,10138
10231,10138
10232,10138
10233,10138
10234,10138
10235,10138
10236,10138
10237,10138
10238,10138
10239,10138
10240,10138
10241,10138
10242,10138
10243,10138
10244,10138
10245,10138
10246,10138
10247,10138
10248,10138
10249,10138
10250,10138
10251,10138
10252,10138
10253,10138
10254,10138
10255,10138
10256,10138
10257,10138
10258,10138
10259,10138
10260,10138
10261,10138
10262,10138
10263,10138
10264,10138
10265,10138
10266,10138
10267,10138
10268,10138
10269,10138
10270,10138
10271,10138
10272,10138
10273,10138
10274,10138
10275,10138
10276,10138
10277,10138
10278,10138
10279,10138
10280,10138
10281,10138
10282,10138
10283,10138
10284,10138
10285,10138
10286,10138
10287,10138
10288,10138
10289,10138
10290,10138
10291,10138
10292,10138
10293,10138
10294,10138
10295,10138
10296,10138
10297,10138
10298,10138
10299,10138
10300,10138
10301,10138
10302,10138
10303,10138
10304,10138
10305,10138
10306,10138
10307,10138
10308,10138
10309,10138
10310,10138
10311,10138
10312,10138
10313,10138
10314,10138
10315,10138
10316,10138
10317,10138
10318,10138
10319,10138
10320,10138
10321,10138
10322,10138
10323,10138
10324,10138
10325,10138
10326,10138
10327,10138
10328,10138
10329,10138
10330,10138
10331,10138
10332,10138
10333,10138
10334,10138
10335,10138
10336,10138
10088,10139
10089,10139
10090,10139
10091,10139
10092,10139
10093,10139
10094,10139
10095,10139
10096,10139
10097,10139
10098,10139
10099,10139
10100,10139
10101,10139
10102,10139
10103,10139
10104,10139
10105,10139
10106,10139
10107,10139
10108,10139
10109,10139
10110,10139
10111,10139
10112,10139
10113,10139
10114,10139
10115,10139
10116,10139
10117,10139
10118,10139
10119,10139
10120,10139
10121,10139
10122,10139
10123,10139
10124,10139
10125,10139
10126,10139
10127,10139
10128,10139
10129,10139
10130,10139
10131,10139
10132,10139
10133,10139
10134,10139
10135,10139
10136,10139
10137,10139
10138,10139
10139,10139
10140,10139
10141,10139
10142,10139
10143,10139
10144,10139
10145,10139
10146,10139
10147,10139
10148,10139
10149,10139
10150,10139
10151,10139
10152,10139
10153,10139
10154,10139
10155,10139
10156,10139
10157,10139
10158,10139
10159,10139
10160,10139
10161,10139
10162,10139
10163,10139
10164,10139
10165,10139
10166,10139
10167,10139
10168,10139
10169,10139
10170,10139
10171,10139
10172,10139
10173,10139
10174,10139
10175,10139
10176,10139
10177,10139
10178,10139
10179,10139
10180,10139
10181,10139
10182,10139
10183,10139
10184,10139
10185,10139
10186,10139
10187,10139
10188,10139
10189,10139
10190,10139
10191,10139
10192,10139
10193,10139
10194,10139
10195,10139
10196,10139
10197,10139
10198,10139
10199,10139
10200,10139
10201,10139
10202,10139
10203,10139
10204,10139
10205,10139
10206,10139
10207,10139
10208,10139
10209,10139
10210,10139
10211,10139
10212,10139
10213,10139
10214,10139
10215,10139
10216,10139
10217,10139
10218,10139
10219,10139
10220,10139
10221,10139
10222,10139
10223,10139
10224,10139
10225,10139
10226,10139
10227,10139
10228,10139
10229,10139
10230,10139
10231,10139
10232,10139
10233,10139
10234,10139
10235,10139
10236,10139
10237,10139
10238,10139
10239,10139
10240,10139
10241,10139
10242,10139
10243,10139
10244,10139
10245,10139
10246,10139
10247,10139
10248,10139
10249,10139
10250,10139
10251,10139
10252,10139
10253,10139
10254,10139
10255,10139
10256,10139
10257,10139
10258,10139
10259,10139
10260,10139
10261,10139
10262,10139
10263,10139
10264,10139
10265,10139
10266,10139
10267,10139
10268,10139
10269,10139
10270,10139
10271,10139
10272,10139
10273,10139
10274,10139
10275,10139
10276,10139
10277,10139
10278,10139
10279,10139
10280,10139
10281,10139
10282,10139
10283,10139
10284,10139
10285,10139
10286,10139
10287,10139
10288,10139
10289,10139
10290,10139
10291,10139
10292,10139
10293,10139
10294,10139
10295,10139
10296,10139
10297,10139
10298,10139
10299,10139
10300,10139
10301,10139
10302,10139
10303,10139
10304,10139
10305,10139
10306,10139
10307,10139
10308,10139
10309,10139
10310,10139
10311,10139
10312,10139
10313,10139
10314,10139
10315,10139
10316,10139
10317,10139
10318,10139
10319,10139
10320,10139
10321,10139
10322,10139
10323,10139
10324,10139
10325,10139
10326,10139
10327,10139
10328,10139
10329,10139
10330,10139
10331,10139
10332,10139
10333,10139
10334,10139
10335,10139
10336,10139
10088,10140
10089,10140
10090,10140
10091,10140
10092,10140
10093,10140
10094,10140
10095,10140
10096,10140
10097,10140
10098,10140
10099,10140
10100,10140
10101,10140
10102,10140
10103,10140
10104,10140
10105,10140
10106,10140
10107,10140
10108,10140
10109,10140
10110,10140
10111,10140
10112,10140
10113,10140
10114,10140
10115,10140
10116,10140
10117,10140
10118,10140
10119,10140
10120,10140
10121,10140
10122,10140
10123,10140
10124,10140
10125,10140
10126,10140
10127,10140
10128,10140
10129,10140
10130,10140
10131,10140
10132,10140
10133,10140
10134,10140
10135,10140
10136,10140
10137,10140
10138,10140
10139,10140
10140,10140
10141,10140
10142,10140
10143,10140
10144,10140
10145,10140
10146,10140
10147,10140
10148,10140
10149,10140
10150,10140
10151,10140
10152,10140
10153,10140
10154,10140
10155,10140
10156,10140
10157,10140
10158,10140
10159,10140
10160,10140
10161,10140
10162,10140
10163,10140
10164,10140
10165,10140
10166,10140
10167,10140
10168,10140
10169,10140
10170,10140
10171,10140
10172,10140
10173,10140
10174,10140
10175,10140
10176,10140
10177,10140
10178,10140
10179,10140
10180,10140
10181,10140
10182,10140
10183,10140
10184,10140
10185,10140
10186,10140
10187,10140
10188,10140
10189,10140
10190,10140
10191,10140
10192,10140
10193,10140
10194,10140
10195,10140
10196,10140
10197,10140
10198,10140
10199,10140
10200,10140
10201,10140
10202,10140
10203,10140
10204,10140
10205,10140
10206,10140
10207,10140
10208,10140
10209,10140
10210,10140
10211,10140
10212,10140
10213,10140
10214,10140
10215,10140
10216,10140
10217,10140
10218,10140
10219,10140
10220,10140
10221,10140
10222,10140
10223,10140
10224,10140
10225,10140
10226,10140
10227,10140
10228,10140
10229,10140
10230,10140
10231,10140
10232,10140
10233,10140
10234,10140
10235,10140
10236,10140
10237,10140
10238,10140
10239,10140
10240,10140
10241,10140
10242,10140
10243,10140
10244,10140
10245,10140
10246,10140
10247,10140
10248,10140
10249,10140
10250,10140
10251,10140
10252,10140
10253,10140
10254,10140
10255,10140
10256,10140
10257,10140
10258,10140
10259,10140
10260,10140
10261,10140
10262,10140
10263,10140
10264,10140
10265,10140
10266,10140
10267,10140
10268,10140
10269,10140
10270,10140
10271,10140
10272,10140
10273,10140
10274,10140
10275,10140
10276,10140
10277,10140
10278,10140
10279,10140
10280,10140
10281,10140
10282,10140
10283,10140
10284,10140
10285,10140
10286,10140
10287,10140
10288,10140
10289,10140
10290,10140
10291,10140
10292,10140
10293,10140
10294,10140
10295,10140
10296,10140
10297,10140
10298,10140
10299,10140
10300,10140
10301,10140
10302,10140
10303,10140
10304,10140
10305,10140
10306,10140
10307,10140
10308,10140
10309,10140
10310,10140
10311,10140
10312,10140
10313,10140
10314,10140
10315,10140
10316,10140
10317,10140
10318,10140
10319,10140
10320,10140
10321,10140
10322,10140
10323,10140
10324,10140
10325,10140
10326,10140
10327,10140
10328,10140
10329,10140
10330,10140
10331,10140
10332,10140
10333,10140
10334,10140
10335,10140
10336,10140
10088,10141
10089,10141
10090,10141
10091,10141
10092,10141
10093,10141
10094,10141
10095,10141
10096,10141
10097,10141
10098,10141
10099,10141
10100,10141
10101,10141
10102,10141
10103,10141
10104,10141
10105,10141
10106,10141
10107,10141
10108,10141
10109,10141
10110,10141
10111,10141
10112,10141
10113,10141
10114,10141
10115,10141
10116,10141
10117,10141
10118,10141
10119,10141
10120,10141
10121,10141
10122,10141
10123,10141
10124,10141
10125,10141
10126,10141
10127,10141
10128,10141
10129,10141
10130,10141
10131,10141
10132,10141
10133,10141
10134,10141
10135,10141
10136,10141
10137,10141
10138,10141
10139,10141
10140,10141
10141,10141
10142,10141
10143,10141
10144,10141
10145,10141
10146,10141
10147,10141
10148,10141
10149,10141
10150,10141
10151,10141
10152,10141
10153,10141
10154,10141
10155,10141
10156,10141
10157,10141
10158,10141
10159,10141
10160,10141
10161,10141
10162,10141
10163,10141
10164,10141
10165,10141
10166,10141
10167,10141
10168,10141
10169,10141
10170,10141
10171,10141
10172,10141
10173,10141
10174,10141
10175,10141
10176,10141
10177,10141
10178,10141
10179,10141
10180,10141
10181,10141
10182,10141
10183,10141
10184,10141
10185,10141
10186,10141
10187,10141
10188,10141
10189,10141
10190,10141
10191,10141
10192,10141
10193,10141
10194,10141
10195,10141
10196,10141
10197,10141
10198,10141
10199,10141
10200,10141
10201,10141
10202,10141
10203,10141
10204,10141
10205,10141
10206,10141
10207,10141
10208,10141
10209,10141
10210,10141
10211,10141
10212,10141
10213,10141
10214,10141
10215,10141
10216,10141
10217,10141
10218,10141
10219,10141
10220,10141
10221,10141
10222,10141
10223,10141
10224,10141
10225,10141
10226,10141
10227,10141
10228,10141
10229,10141
10230,10141
10231,10141
10232,10141
10233,10141
10234,10141
10235,10141
10236,10141
10237,10141
10238,10141
10239,10141
10240,10141
10241,10141
10242,10141
10243,10141
10244,10141
10245,10141
10246,10141
10247,10141
10248,10141
10249,10141
10250,10141
10251,10141
10252,10141
10253,10141
10254,10141
10255,10141
10256,10141
10257,10141
10258,10141
10259,10141
10260,10141
10261,10141
10262,10141
10263,10141
10264,10141
10265,10141
10266,10141
10267,10141
10268,10141
10269,10141
10270,10141
10271,10141
10272,10141
10273,10141
10274,10141
10275,10141
10276,10141
10277,10141
10278,10141
10279,10141
10280,10141
10281,10141
10282,10141
10283,10141
10284,10141
10285,10141
10286,10141
10287,10141
10288,10141
10289,10141
10290,10141
10291,10141
10292,10141
10293,10141
10294,10141
10295,10141
10296,10141
10297,10141
10298,10141
10299,10141
10300,10141
10301,10141
10302,10141
10303,10141
10304,10141
10305,10141
10306,10141
10307,10141
10308,10141
10309,10141
10310,10141
10311,10141
10312,10141
10313,10141
10314,10141
10315,10141
10316,10141
10317,10141
10318,10141
10319,10141
10320,10141
10321,10141
10322,10141
10323,10141
10324,10141
10325,10141
10326,10141
10327,10141
10328,10141
10329,10141
10330,10141
10331,10141
10332,10141
10333,10141
10334,10141
10335,10141
10336,10141
10088,10142
10089,10142
10090,10142
10091,10142
10092,10142
10093,10142
10094,10142
10095,10142
10096,10142
10097,10142
10098,10142
10099,10142
10100,10142
10101,10142
10102,10142
10103,10142
10104,10142
10105,10142
10106,10142
10107,10142
10108,10142
10109,10142
10110,10142
10111,10142
10112,10142
10113,10142
10114,10142
10115,10142
10116,10142
10117,10142
10118,10142
10119,10142
10120,10142
10121,10142
10122,10142
10123,10142
10124,10142
10125,10142
10126,10142
10127,10142
10128,10142
10129,10142
10130,10142
10131,10142
10132,10142
10133,10142
10134,10142
10135,10142
10136,10142
10137,10142
10138,10142
10139,10142
10140,10142
10141,10142
10142,10142
10143,10142
10144,10142
10145,10142
10146,10142
10147,10142
10148,10142
10149,10142
10150,10142
10151,10142
10152,10142
10153,10142
10154,10142
10155,10142
10156,10142
10157,10142
10158,10142
10159,10142
10160,10142
10161,10142
10162,10142
10163,10142
10164,10142
10165,10142
10166,10142
10167,10142
10168,10142
10169,10142
10170,10142
10171,10142
10172,10142
10173,10142
10174,10142
10175,10142
10176,10142
10177,10142
10178,10142
10179,10142
10180,10142
10181,10142
10182,10142
10183,10142
10184,10142
10185,10142
10186,10142
10187,10142
10188,10142
10189,10142
10190,10142
10191,10142
10192,10142
10193,10142
10194,10142
10195,10142
10196,10142
10197,10142
10198,10142
10199,10142
10200,10142
10201,10142
10202,10142
10203,10142
10204,10142
10205,10142
10206,10142
10207,10142
10208,10142
10209,10142
10210,10142
10211,10142
10212,10142
10213,10142
10214,10142
10215,10142
10216,10142
10217,10142
10218,10142
10219,10142
10220,10142
10221,10142
10222,10142
10223,10142
10224,10142
10225,10142
10226,10142
10227,10142
10228,10142
10229,10142
10230,10142
10231,10142
10232,10142
10233,10142
10234,10142
10235,10142
10236,10142
10237,10142
10238,10142
10239,10142
10240,10142
10241,10142
10242,10142
10243,10142
10244,10142
10245,10142
10246,10142
10247,10142
10248,10142
10249,10142
10250,10142
10251,10142
10252,10142
10253,10142
10254,10142
10255,10142
10256,10142
10257,10142
10258,10142
10259,10142
10260,10142
10261,10142
10262,10142
10263,10142
10264,10142
10265,10142
10266,10142
10267,10142
10268,10142
10269,10142
10270,10142
10271,10142
10272,10142
10273,10142
10274,10142
10275,10142
10276,10142
10277,10142
10278,10142
10279,10142
10280,10142
10281,10142
10282,10142
10283,10142
10284,10142
10285,10142
10286,10142
10287,10142
10288,10142
10289,10142
10290,10142
10291,10142
10292,10142
10293,10142
10294,10142
10295,10142
10296,10142
10297,10142
10298,10142
10299,10142
10300,10142
10301,10142
10302,10142
10303,10142
10304,10142
10305,10142
10306,10142
10307,10142
10308,10142
10309,10142
10310,10142
10311,10142
10312,10142
10313,10142
10314,10142
10315,10142
10316,10142
10317,10142
10318,10142
10319,10142
10320,10142
10321,10142
10322,10142
10323,10142
10324,10142
10325,10142
10326,10142
10327,10142
10328,10142
10329,10142
10330,10142
10331,10142
10332,10142
10333,10142
10334,10142
10335,10142
10336,10142
10088,10143
10089,10143
10090,10143
10091,10143
10092,10143
10093,10143
10094,10143
10095,10143
10096,10143
10097,10143
10098,10143
10099,10143
10100,10143
10101,10143
10102,10143
10103,10143
10104,10143
10105,10143
10106,10143
10107,10143
10108,10143
10109,10143
10110,10143
10111,10143
10112,10143
10113,10143
10114,10143
10115,10143
10116,10143
10117,10143
10118,10143
10119,10143
10120,10143
10121,10143
10122,10143
10123,10143
10124,10143
10125,10143
10126,10143
10127,10143
10128,10143
10129,10143
10130,10143
10131,10143
10132,10143
10133,10143
10134,10143
10135,10143
10136,10143
10137,10143
10138,10143
10139,10143
10140,10143
10141,10143
10142,10143
10143,10143
10144,10143
10145,10143
10146,10143
10147,10143
10148,10143
10149,10143
10150,10143
10151,10143
10152,10143
10153,10143
10154,10143
10155,10143
10156,10143
10157,10143
10158,10143
10159,10143
10160,10143
10161,10143
10162,10143
10163,10143
10164,10143
10165,10143
10166,10143
10167,10143
10168,10143
10169,10143
10170,10143
10171,10143
10172,10143
10173,10143
10174,10143
10175,10143
10176,10143
10177,10143
10178,10143
10179,10143
10180,10143
10181,10143
10182,10143
10183,10143
10184,10143
10185,10143
10186,10143
10187,10143
10188,10143
10189,10143
10190,10143
10191,10143
10192,10143
10193,10143
10194,10143
10195,10143
10196,10143
10197,10143
10198,10143
10199,10143
10200,10143
10201,10143
10202,10143
10203,10143
10204,10143
10205,10143
10206,10143
10207,10143
10208,10143
10209,10143
10210,10143
10211,10143
10212,10143
10213,10143
10214,10143
10215,10143
10216,10143
10217,10143
10218,10143
10219,10143
10220,10143
10221,10143
10222,10143
10223,10143
10224,10143
10225,10143
10226,10143
10227,10143
10228,10143
10229,10143
10230,10143
10231,10143
10232,10143
10233,10143
10234,10143
10235,10143
10236,10143
10237,10143
10238,10143
10239,10143
10240,10143
10241,10143
10242,10143
10243,10143
10244,10143
10245,10143
10246,10143
10247,10143
10248,10143
10249,10143
10250,10143
10251,10143
10252,10143
10253,10143
10254,10143
10255,10143
10256,10143
10257,10143
10258,10143
10259,10143
10260,10143
10261,10143
10262,10143
10263,10143
10264,10143
10265,10143
10266,10143
10267,10143
10268,10143
10269,10143
10270,10143
10271,10143
10272,10143
10273,10143
10274,10143
10275,10143
10276,10143
10277,10143
10278,10143
10279,10143
10280,10143
10281,10143
10282,10143
10283,10143
10284,10143
10285,10143
10286,10143
10287,10143
10288,10143
10289,10143
10290,10143
10291,10143
10292,10143
10293,10143
10294,10143
10295,10143
10296,10143
10297,10143
10298,10143
10299,10143
10300,10143
10301,10143
10302,10143
10303,10143
10304,10143
10305,10143
10306,10143
10307,10143
10308,10143
10309,10143
10310,10143
10311,10143
10312,10143
10313,10143
10314,10143
10315,10143
10316,10143
10317,10143
10318,10143
10319,10143
10320,10143
10321,10143
10322,10143
10323,10143
10324,10143
10325,10143
10326,10143
10327,10143
10328,10143
10329,10143
10330,10143
10331,10143
10332,10143
10333,10143
10334,10143
10335,10143
10336,10143
10088,10144
10089,10144
10090,10144
10091,10144
10092,10144
10093,10144
10094,10144
10095,10144
10096,10144
10097,10144
10098,10144
10099,10144
10100,10144
10101,10144
10102,10144
10103,10144
10104,10144
10105,10144
10106,10144
10107,10144
10108,10144
10109,10144
10110,10144
10111,10144
10112,10144
10113,10144
10114,10144
10115,10144
10116,10144
10117,10144
10118,10144
10119,10144
10120,10144
10121,10144
10122,10144
10123,10144
10124,10144
10125,10144
10126,10144
10127,10144
10128,10144
10129,10144
10130,10144
10131,10144
10132,10144
10133,10144
10134,10144
10135,10144
10136,10144
10137,10144
10138,10144
10139,10144
10140,10144
10141,10144
10142,10144
10143,10144
10144,10144
10145,10144
10146,10144
10147,10144
10148,10144
10149,10144
10150,10144
10151,10144
10152,10144
10153,10144
10154,10144
10155,10144
10156,10144
10157,10144
10158,10144
10159,10144
10160,10144
10161,10144
10162,10144
10163,10144
10164,10144
10165,10144
10166,10144
10167,10144
10168,10144
10169,10144
10170,10144
10171,10144
10172,10144
10173,10144
10174,10144
10175,10144
10176,10144
10177,10144
10178,10144
10179,10144
10180,10144
10181,10144
10182,10144
10183,10144
10184,10144
10185,10144
10186,10144
10187,10144
10188,10144
10189,10144
10190,10144
10191,10144
10192,10144
10193,10144
10194,10144
10195,10144
10196,10144
10197,10144
10198,10144
10199,10144
10200,10144
10201,10144
10202,10144
10203,10144
10204,10144
10205,10144
10206,10144
10207,10144
10208,10144
10209,10144
10210,10144
10211,10144
10212,10144
10213,10144
10214,10144
10215,10144
10216,10144
10217,10144
10218,10144
10219,10144
10220,10144
10221,10144
10222,10144
10223,10144
10224,10144
10225,10144
10226,10144
10227,10144
10228,10144
10229,10144
10230,10144
10231,10144
10232,10144
10233,10144
10234,10144
10235,10144
10236,10144
10237,10144
10238,10144
10239,10144
10240,10144
10241,10144
10242,10144
10243,10144
10244,10144
10245,10144
10246,10144
10247,10144
10248,10144
10249,10144
10250,10144
10251,10144
10252,10144
10253,10144
10254,10144
10255,10144
10256,10144
10257,10144
10258,10144
10259,10144
10260,10144
10261,10144
10262,10144
10263,10144
10264,10144
10265,10144
10266,10144
10267,10144
10268,10144
10269,10144
10270,10144
10271,10144
10272,10144
10273,10144
10274,10144
10275,10144
10276,10144
10277,10144
10278,10144
10279,10144
10280,10144
10281,10144
10282,10144
10283,10144
10284,10144
10285,10144
10286,10144
10287,10144
10288,10144
10289,10144
10290,10144
10291,10144
10292,10144
10293,10144
10294,10144
10295,10144
10296,10144
10297,10144
10298,10144
10299,10144
10300,10144
10301,10144
10302,10144
10303,10144
10304,10144
10305,10144
10306,10144
10307,10144
10308,10144
10309,10144
10310,10144
10311,10144
10312,10144
10313,10144
10314,10144
10315,10144
10316,10144
10317,10144
10318,10144
10319,10144
10320,10144
10321,10144
10322,10144
10323,10144
10324,10144
10325,10144
10326,10144
10327,10144
10328,10144
10329,10144
10330,10144
10331,10144
10332,10144
10333,10144
10334,10144
10335,10144
10336,10144
10088,10145
10089,10145
10090,10145
10091,10145
10092,10145
10093,10145
10094,10145
10095,10145
10096,10145
10097,10145
10098,10145
10099,10145
10100,10145
10101,10145
10102,10145
10103,10145
10104,10145
10105,10145
10106,10145
10107,10145
10108,10145
10109,10145
10110,10145
10111,10145
10112,10145
10113,10145
10114,10145
10115,10145
10116,10145
10117,10145
10118,10145
10119,10145
10120,10145
10121,10145
10122,10145
10123,10145
10124,10145
10125,10145
10126,10145
10127,10145
10128,10145
10129,10145
10130,10145
10131,10145
10132,10145
10133,10145
10134,10145
10135,10145
10136,10145
10137,10145
10138,10145
10139,10145
10140,10145
10141,10145
10142,10145
10143,10145
10144,10145
10145,10145
10146,10145
10147,10145
10148,10145
10149,10145
10150,10145
10151,10145
10152,10145
10153,10145
10154,10145
10155,10145
10156,10145
10157,10145
10158,10145
10159,10145
10160,10145
10161,10145
10162,10145
10163,10145
10164,10145
10165,10145
10166,10145
10167,10145
10168,10145
10169,10145
10170,10145
10171,10145
10172,10145
10173,10145
10174,10145
10175,10145
10176,10145
10177,10145
10178,10145
10179,10145
10180,10145
10181,10145
10182,10145
10183,10145
10184,10145
10185,10145
10186,10145
10187,10145
10188,10145
10189,10145
10190,10145
10191,10145
10192,10145
10193,10145
10194,10145
10195,10145
10196,10145
10197,10145
10198,10145
10199,10145
10200,10145
10201,10145
10202,10145
10203,10145
10204,10145
10205,10145
10206,10145
10207,10145
10208,10145
10209,10145
10210,10145
10211,10145
10212,10145
10213,10145
10214,10145
10215,10145
10216,10145
10217,10145
10218,10145
10219,10145
10220,10145
10221,10145
10222,10145
10223,10145
10224,10145
10225,10145
10226,10145
10227,10145
10228,10145
10229,10145
10230,10145
10231,10145
10232,10145
10233,10145
10234,10145
10235,10145
10236,10145
10237,10145
10238,10145
10239,10145
10240,10145
10241,10145
10242,10145
10243,10145
10244,10145
10245,10145
10246,10145
10247,10145
10248,10145
10249,10145
10250,10145
10251,10145
10252,10145
10253,10145
10254,10145
10255,10145
10256,10145
10257,10145
10258,10145
10259,10145
10260,10145
10261,10145
10262,10145
10263,10145
10264,10145
10265,10145
10266,10145
10267,10145
10268,10145
10269,10145
10270,10145
10271,10145
10272,10145
10273,10145
10274,10145
10275,10145
10276,10145
10277,10145
10278,10145
10279,10145
10280,10145
10281,10145
10282,10145
10283,10145
10284,10145
10285,10145
10286,10145
10287,10145
10288,10145
10289,10145
10290,10145
10291,10145
10292,10145
10293,10145
10294,10145
10295,10145
10296,10145
10297,10145
10298,10145
10299,10145
10300,10145
10301,10145
10302,10145
10303,10145
10304,10145
10305,10145
10306,10145
10307,10145
10308,10145
10309,10145
10310,10145
10311,10145
10312,10145
10313,10145
10314,10145
10315,10145
10316,10145
10317,10145
10318,10145
10319,10145
10320,10145
10321,10145
10322,10145
10323,10145
10324,10145
10325,10145
10326,10145
10327,10145
10328,10145
10329,10145
10330,10145
10331,10145
10332,10145
10333,10145
10334,10145
10335,10145
10336,10145
10088,10146
10089,10146
10090,10146
10091,10146
10092,10146
10093,10146
10094,10146
10095,10146
10096,10146
10097,10146
10098,10146
10099,10146
10100,10146
10101,10146
10102,10146
10103,10146
10104,10146
10105,10146
10106,10146
10107,10146
10108,10146
10109,10146
10110,10146
10111,10146
10112,10146
10113,10146
10114,10146
10115,10146
10116,10146
10117,10146
10118,10146
10119,10146
10120,10146
10121,10146
10122,10146
10123,10146
10124,10146
10125,10146
10126,10146
10127,10146
10128,10146
10129,10146
10130,10146
10131,10146
10132,10146
10133,10146
10134,10146
10135,10146
10136,10146
10137,10146
10138,10146
10139,10146
10140,10146
10141,10146
10142,10146
10143,10146
10144,10146
10145,10146
10146,10146
10147,10146
10148,10146
10149,10146
10150,10146
10151,10146
10152,10146
10153,10146
10154,10146
10155,10146
10156,10146
10157,10146
10158,10146
10159,10146
10160,10146
10161,10146
10162,10146
10163,10146
10164,10146
10165,10146
10166,10146
10167,10146
10168,10146
10169,10146
10170,10146
10171,10146
10172,10146
10173,10146
10174,10146
10175,10146
10176,10146
10177,10146
10178,10146
10179,10146
10180,10146
10181,10146
10182,10146
10183,10146
10184,10146
10185,10146
10186,10146
10187,10146
10188,10146
10189,10146
10190,10146
10191,10146
10192,10146
10193,10146
10194,10146
10195,10146
10196,10146
10197,10146
10198,10146
10199,10146
10200,10146
10201,10146
10202,10146
10203,10146
10204,10146
10205,10146
10206,10146
10207,10146
10208,10146
10209,10146
10210,10146
10211,10146
10212,10146
10213,10146
10214,10146
10215,10146
10216,10146
10217,10146
10218,10146
10219,10146
10220,10146
10221,10146
10222,10146
10223,10146
10224,10146
10225,10146
10226,10146
10227,10146
10228,10146
10229,10146
10230,10146
10231,10146
10232,10146
10233,10146
10234,10146
10235,10146
10236,10146
10237,10146
10238,10146
10239,10146
10240,10146
10241,10146
10242,10146
10243,10146
10244,10146
10245,10146
10246,10146
10247,10146
10248,10146
10249,10146
10250,10146
10251,10146
10252,10146
10253,10146
10254,10146
10255,10146
10256,10146
10257,10146
10258,10146
10259,10146
10260,10146
10261,10146
10262,10146
10263,10146
10264,10146
10265,10146
10266,10146
10267,10146
10268,10146
10269,10146
10270,10146
10271,10146
10272,10146
10273,10146
10274,10146
10275,10146
10276,10146
10277,10146
10278,10146
10279,10146
10280,10146
10281,10146
10282,10146
10283,10146
10284,10146
10285,10146
10286,10146
10287,10146
10288,10146
10289,10146
10290,10146
10291,10146
10292,10146
10293,10146
10294,10146
10295,10146
10296,10146
10297,10146
10298,10146
10299,10146
10300,10146
10301,10146
10302,10146
10303,10146
10304,10146
10305,10146
10306,10146
10307,10146
10308,10146
10309,10146
10310,10146
10311,10146
10312,10146
10313,10146
10314,10146
10315,10146
10316,10146
10317,10146
10318,10146
10319,10146
10320,10146
10321,10146
10322,10146
10323,10146
10324,10146
10325,10146
10326,10146
10327,10146
10328,10146
10329,10146
10330,10146
10331,10146
10332,10146
10333,10146
10334,10146
10335,10146
10336,10146
10088,10147
10089,10147
10090,10147
10091,10147
10092,10147
10093,10147
10094,10147
10095,10147
10096,10147
10097,10147
10098,10147
10099,10147
10100,10147
10101,10147
10102,10147
10103,10147
10104,10147
10105,10147
10106,10147
10107,10147
10108,10147
10109,10147
10110,10147
10111,10147
10112,10147
10113,10147
10114,10147
10115,10147
10116,10147
10117,10147
10118,10147
10119,10147
10120,10147
10121,10147
10122,10147
10123,10147
10124,10147
10125,10147
10126,10147
10127,10147
10128,10147
10129,10147
10130,10147
10131,10147
10132,10147
10133,10147
10134,10147
10135,10147
10136,10147
10137,10147
10138,10147
10139,10147
10140,10147
10141,10147
10142,10147
10143,10147
10144,10147
10145,10147
10146,10147
10147,10147
10148,10147
10149,10147
10150,10147
10151,10147
10152,10147
10153,10147
10154,10147
10155,10147
10156,10147
10157,10147
10158,10147
10159,10147
10160,10147
10161,10147
10162,10147
10163,10147
10164,10147
10165,10147
10166,10147
10167,10147
10168,10147
10169,10147
10170,10147
10171,10147
10172,10147
10173,10147
10174,10147
10175,10147
10176,10147
10177,10147
10178,10147
10179,10147
10180,10147
10181,10147
10182,10147
10183,10147
10184,10147
10185,10147
10186,10147
10187,10147
10188,10147
10189,10147
10190,10147
10191,10147
10192,10147
10193,10147
10194,10147
10195,10147
10196,10147
10197,10147
10198,10147
10199,10147
10200,10147
10201,10147
10202,10147
10203,10147
10204,10147
10205,10147
10206,10147
10207,10147
10208,10147
10209,10147
10210,10147
10211,10147
10212,10147
10213,10147
10214,10147
10215,10147
10216,10147
10217,10147
10218,10147
10219,10147
10220,10147
10221,10147
10222,10147
10223,10147
10224,10147
10225,10147
10226,10147
10227,10147
10228,10147
10229,10147
10230,10147
10231,10147
10232,10147
10233,10147
10234,10147
10235,10147
10236,10147
10237,10147
10238,10147
10239,10147
10240,10147
10241,10147
10242,10147
10243,10147
10244,10147
10245,10147
10246,10147
10247,10147
10248,10147
10249,10147
10250,10147
10251,10147
10252,10147
10253,10147
10254,10147
10255,10147
10256,10147
10257,10147
10258,10147
10259,10147
10260,10147
10261,10147
10262,10147
10263,10147
10264,10147
10265,10147
10266,10147
10267,10147
10268,10147
10269,10147
10270,10147
10271,10147
10272,10147
10273,10147
10274,10147
10275,10147
10276,10147
10277,10147
10278,10147
10279,10147
10280,10147
10281,10147
10282,10147
10283,10147
10284,10147
10285,10147
10286,10147
10287,10147
10288,10147
10289,10147
10290,10147
10291,10147
10292,10147
10293,10147
10294,10147
10295,10147
10296,10147
10297,10147
10298,10147
10299,10147
10300,10147
10301,10147
10302,10147
10303,10147
10304,10147
10305,10147
10306,10147
10307,10147
10308,10147
10309,10147
10310,10147
10311,10147
10312,10147
10313,10147
10314,10147
10315,10147
10316,10147
10317,10147
10318,10147
10319,10147
10320,10147
10321,10147
10322,10147
10323,10147
10324,10147
10325,10147
10326,10147
10327,10147
10328,10147
10329,10147
10330,10147
10331,10147
10332,10147
10333,10147
10334,10147
10335,10147
10336,10147
10088,10148
10089,10148
10090,10148
10091,10148
10092,10148
10093,10148
10094,10148
10095,10148
10096,10148
10097,10148
10098,10148
10099,10148
10100,10148
10101,10148
10102,10148
10103,10148
10104,10148
10105,10148
10106,10148
10107,10148
10108,10148
10109,10148
10110,10148
10111,10148
10112,10148
10113,10148
10114,10148
10115,10148
10116,10148
10117,10148
10118,10148
10119,10148
10120,10148
10121,10148
10122,10148
10123,10148
10124,10148
10125,10148
10126,10148
10127,10148
10128,10148
10129,10148
10130,10148
10131,10148
10132,10148
10133,10148
10134,10148
10135,10148
10136,10148
10137,10148
10138,10148
10139,10148
10140,10148
10141,10148
10142,10148
10143,10148
10144,10148
10145,10148
10146,10148
10147,10148
10148,10148
10149,10148
10150,10148
10151,10148
10152,10148
10153,10148
10154,10148
10155,10148
10156,10148
10157,10148
10158,10148
10159,10148
10160,10148
10161,10148
10162,10148
10163,10148
10164,10148
10165,10148
10166,10148
10167,10148
10168,10148
10169,10148
10170,10148
10171,10148
10172,10148
10173,10148
10174,10148
10175,10148
10176,10148
10177,10148
10178,10148
10179,10148
10180,10148
10181,10148
10182,10148
10183,10148
10184,10148
10185,10148
10186,10148
10187,10148
10188,10148
10189,10148
10190,10148
10191,10148
10192,10148
10193,10148
10194,10148
10195,10148
10196,10148
10197,10148
10198,10148
10199,10148
10200,10148
10201,10148
10202,10148
10203,10148
10204,10148
10205,10148
10206,10148
10207,10148
10208,10148
10209,10148
10210,10148
10211,10148
10212,10148
10213,10148
10214,10148
10215,10148
10216,10148
10217,10148
10218,10148
10219,10148
10220,10148
10221,10148
10222,10148
10223,10148
10224,10148
10225,10148
10226,10148
10227,10148
10228,10148
10229,10148
10230,10148
10231,10148
10232,10148
10233,10148
10234,10148
10235,10148
10236,10148
10237,10148
10238,10148
10239,10148
10240,10148
10241,10148
10242,10148
10243,10148
10244,10148
10245,10148
10246,10148
10247,10148
10248,10148
10249,10148
10250,10148
10251,10148
10252,10148
10253,10148
10254,10148
10255,10148
10256,10148
10257,10148
10258,10148
10259,10148
10260,10148
10261,10148
10262,10148
10263,10148
10264,10148
10265,10148
10266,10148
10267,10148
10268,10148
10269,10148
10270,10148
10271,10148
10272,10148
10273,10148
10274,10148
10275,10148
10276,10148
10277,10148
10278,10148
10279,10148
10280,10148
10281,10148
10282,10148
10283,10148
10284,10148
10285,10148
10286,10148
10287,10148
10288,10148
10289,10148
10290,10148
10291,10148
10292,10148
10293,10148
10294,10148
10295,10148
10296,10148
10297,10148
10298,10148
10299,10148
10300,10148
10301,10148
10302,10148
10303,10148
10304,10148
10305,10148
10306,10148
10307,10148
10308,10148
10309,10148
10310,10148
10311,10148
10312,10148
10313,10148
10314,10148
10315,10148
10316,10148
10317,10148
10318,10148
10319,10148
10320,10148
10321,10148
10322,10148
10323,10148
10324,10148
10325,10148
10326,10148
10327,10148
10328,10148
10329,10148
10330,10148
10331,10148
10332,10148
10333,10148
10334,10148
10335,10148
10336,10148
10088,10149
10089,10149
10090,10149
10091,10149
10092,10149
10093,10149
10094,10149
10095,10149
10096,10149
10097,10149
10098,10149
10099,10149
10100,10149
10101,10149
10102,10149
10103,10149
10104,10149
10105,10149
10106,10149
10107,10149
10108,10149
10109,10149
10110,10149
10111,10149
10112,10149
10113,10149
10114,10149
10115,10149
10116,10149
10117,10149
10118,10149
10119,10149
10120,10149
10121,10149
10122,10149
10123,10149
10124,10149
10125,10149
10126,10149
10127,10149
10128,10149
10129,10149
10130,10149
10131,10149
10132,10149
10133,10149
10134,10149
10135,10149
10136,10149
10137,10149
10138,10149
10139,10149
10140,10149
10141,10149
10142,10149
10143,10149
10144,10149
10145,10149
10146,10149
10147,10149
10148,10149
10149,10149
10150,10149
10151,10149
10152,10149
10153,10149
10154,10149
10155,10149
10156,10149
10157,10149
10158,10149
10159,10149
10160,10149
10161,10149
10162,10149
10163,10149
10164,10149
10165,10149
10166,10149
10167,10149
10168,10149
10169,10149
10170,10149
10171,10149
10172,10149
10173,10149
10174,10149
10175,10149
10176,10149
10177,10149
10178,10149
10179,10149
10180,10149
10181,10149
10182,10149
10183,10149
10184,10149
10185,10149
10186,10149
10187,10149
10188,10149
10189,10149
10190,10149
10191,10149
10192,10149
10193,10149
10194,10149
10195,10149
10196,10149
10197,10149
10198,10149
10199,10149
10200,10149
10201,10149
10202,10149
10203,10149
10204,10149
10205,10149
10206,10149
10207,10149
10208,10149
10209,10149
10210,10149
10211,10149
10212,10149
10213,10149
10214,10149
10215,10149
10216,10149
10217,10149
10218,10149
10219,10149
10220,10149
10221,10149
10222,10149
10223,10149
10224,10149
10225,10149
10226,10149
10227,10149
10228,10149
10229,10149
10230,10149
10231,10149
10232,10149
10233,10149
10234,10149
10235,10149
10236,10149
10237,10149
10238,10149
10239,10149
10240,10149
10241,10149
10242,10149
10243,10149
10244,10149
10245,10149
10246,10149
10247,10149
10248,10149
10249,10149
10250,10149
10251,10149
10252,10149
10253,10149
10254,10149
10255,10149
10256,10149
10257,10149
10258,10149
10259,10149
10260,10149
10261,10149
10262,10149
10263,10149
10264,10149
10265,10149
10266,10149
10267,10149
10268,10149
10269,10149
10270,10149
10271,10149
10272,10149
10273,10149
10274,10149
10275,10149
10276,10149
10277,10149
10278,10149
10279,10149
10280,10149
10281,10149
10282,10149
10283,10149
10284,10149
10285,10149
10286,10149
10287,10149
10288,10149
10289,10149
10290,10149
10291,10149
10292,10149
10293,10149
10294,10149
10295,10149
10296,10149
10297,10149
10298,10149
10299,10149
10300,10149
10301,10149
10302,10149
10303,10149
10304,10149
10305,10149
10306,10149
10307,10149
10308,10149
10309,10149
10310,10149
10311,10149
10312,10149
10313,10149
10314,10149
10315,10149
10316,10149
10317,10149
10318,10149
10319,10149
10320,10149
10321,10149
10322,10149
10323,10149
10324,10149
10325,10149
10326,10149
10327,10149
10328,10149
10329,10149
10330,10149
10331,10149
10332,10149
10333,10149
10334,10149
10335,10149
10336,10149
10088,10150
10089,10150
10090,10150
10091,10150
10092,10150
10093,10150
10094,10150
10095,10150
10096,10150
10097,10150
10098,10150
10099,10150
10100,10150
10101,10150
10102,10150
10103,10150
10104,10150
10105,10150
10106,10150
10107,10150
10108,10150
10109,10150
10110,10150
10111,10150
10112,10150
10113,10150
10114,10150
10115,10150
10116,10150
10117,10150
10118,10150
10119,10150
10120,10150
10121,10150
10122,10150
10123,10150
10124,10150
10125,10150
10126,10150
10127,10150
10128,10150
10129,10150
10130,10150
10131,10150
10132,10150
10133,10150
10134,10150
10135,10150
10136,10150
10137,10150
10138,10150
10139,10150
10140,10150
10141,10150
10142,10150
10143,10150
10144,10150
10145,10150
10146,10150
10147,10150
10148,10150
10149,10150
10150,10150
10151,10150
10152,10150
10153,10150
10154,10150
10155,10150
10156,10150
10157,10150
10158,10150
10159,10150
10160,10150
10161,10150
10162,10150
10163,10150
10164,10150
10165,10150
10166,10150
10167,10150
10168,10150
10169,10150
10170,10150
10171,10150
10172,10150
10173,10150
10174,10150
10175,10150
10176,10150
10177,10150
10178,10150
10179,10150
10180,10150
10181,10150
10182,10150
10183,10150
10184,10150
10185,10150
10186,10150
10187,10150
10188,10150
10189,10150
10190,10150
10191,10150
10192,10150
10193,10150
10194,10150
10195,10150
10196,10150
10197,10150
10198,10150
10199,10150
10200,10150
10201,10150
10202,10150
10203,10150
10204,10150
10205,10150
10206,10150
10207,10150
10208,10150
10209,10150
10210,10150
10211,10150
10212,10150
10213,10150
10214,10150
10215,10150
10216,10150
10217,10150
10218,10150
10219,10150
10220,10150
10221,10150
10222,10150
10223,10150
10224,10150
10225,10150
10226,10150
10227,10150
10228,10150
10229,10150
10230,10150
10231,10150
10232,10150
10233,10150
10234,10150
10235,10150
10236,10150
10237,10150
10238,10150
10239,10150
10240,10150
10241,10150
10242,10150
10243,10150
10244,10150
10245,10150
10246,10150
10247,10150
10248,10150
10249,10150
10250,10150
10251,10150
10252,10150
10253,10150
10254,10150
10255,10150
10256,10150
10257,10150
10258,10150
10259,10150
10260,10150
10261,10150
10262,10150
10263,10150
10264,10150
10265,10150
10266,10150
10267,10150
10268,10150
10269,10150
10270,10150
10271,10150
10272,10150
10273,10150
10274,10150
10275,10150
10276,10150
10277,10150
10278,10150
10279,10150
10280,10150
10281,10150
10282,10150
10283,10150
10284,10150
10285,10150
10286,10150
10287,10150
10288,10150
10289,10150
10290,10150
10291,10150
10292,10150
10293,10150
10294,10150
10295,10150
10296,10150
10297,10150
10298,10150
10299,10150
10300,10150
10301,10150
10302,10150
10303,10150
10304,10150
10305,10150
10306,10150
10307,10150
10308,10150
10309,10150
10310,10150
10311,10150
10312,10150
10313,10150
10314,10150
10315,10150
10316,10150
10317,10150
10318,10150
10319,10150
10320,10150
10321,10150
10322,10150
10323,10150
10324,10150
10325,10150
10326,10150
10327,10150
10328,10150
10329,10150
10330,10150
10331,10150
10332,10150
10333,10150
10334,10150
10335,10150
10336,10150
10088,10151
10089,10151
10090,10151
10091,10151
10092,10151
10093,10151
10094,10151
10095,10151
10096,10151
10097,10151
10098,10151
10099,10151
10100,10151
10101,10151
10102,10151
10103,10151
10104,10151
10105,10151
10106,10151
10107,10151
10108,10151
10109,10151
10110,10151
10111,10151
10112,10151
10113,10151
10114,10151
10115,10151
10116,10151
10117,10151
10118,10151
10119,10151
10120,10151
10121,10151
10122,10151
10123,10151
10124,10151
10125,10151
10126,10151
10127,10151
10128,10151
10129,10151
10130,10151
10131,10151
10132,10151
10133,10151
10134,10151
10135,10151
10136,10151
10137,10151
10138,10151
10139,10151
10140,10151
10141,10151
10142,10151
10143,10151
10144,10151
10145,10151
10146,10151
10147,10151
10148,10151
10149,10151
10150,10151
10151,10151
10152,10151
10153,10151
10154,10151
10155,10151
10156,10151
10157,10151
10158,10151
10159,10151
10160,10151
10161,10151
10162,10151
10163,10151
10164,10151
10165,10151
10166,10151
10167,10151
10168,10151
10169,10151
10170,10151
10171,10151
10172,10151
10173,10151
10174,10151
10175,10151
10176,10151
10177,10151
10178,10151
10179,10151
10180,10151
10181,10151
10182,10151
10183,10151
10184,10151
10185,10151
10186,10151
10187,10151
10188,10151
10189,10151
10190,10151
10191,10151
10192,10151
10193,10151
10194,10151
10195,10151
10196,10151
10197,10151
10198,10151
10199,10151
10200,10151
10201,10151
10202,10151
10203,10151
10204,10151
10205,10151
10206,10151
10207,10151
10208,10151
10209,10151
10210,10151
10211,10151
10212,10151
10213,10151
10214,10151
10215,10151
10216,10151
10217,10151
10218,10151
10219,10151
10220,10151
10221,10151
10222,10151
10223,10151
10224,10151
10225,10151
10226,10151
10227,10151
10228,10151
10229,10151
10230,10151
10231,10151
10232,10151
10233,10151
10234,10151
10235,10151
10236,10151
10237,10151
10238,10151
10239,10151
10240,10151
10241,10151
10242,10151
10243,10151
10244,10151
10245,10151
10246,10151
10247,10151
10248,10151
10249,10151
10250,10151
10251,10151
10252,10151
10253,10151
10254,10151
10255,10151
10256,10151
10257,10151
10258,10151
10259,10151
10260,10151
10261,10151
10262,10151
10263,10151
10264,10151
10265,10151
10266,10151
10267,10151
10268,10151
10269,10151
10270,10151
10271,10151
10272,10151
10273,10151
10274,10151
10275,10151
10276,10151
10277,10151
10278,10151
10279,10151
10280,10151
10281,10151
10282,10151
10283,10151
10284,10151
10285,10151
10286,10151
10287,10151
10288,10151
10289,10151
10290,10151
10291,10151
10292,10151
10293,10151
10294,10151
10295,10151
10296,10151
10297,10151
10298,10151
10299,10151
10300,10151
10301,10151
10302,10151
10303,10151
10304,10151
10305,10151
10306,10151
10307,10151
10308,10151
10309,10151
10310,10151
10311,10151
10312,10151
10313,10151
10314,10151
10315,10151
10316,10151
10317,10151
10318,10151
10319,10151
10320,10151
10321,10151
10322,10151
10323,10151
10324,10151
10325,10151
10326,10151
10327,10151
10328,10151
10329,10151
10330,10151
10331,10151
10332,10151
10333,10151
10334,10151
10335,10151
10336,10151
10088,10152
10089,10152
10090,10152
10091,10152
10092,10152
10093,10152
10094,10152
10095,10152
10096,10152
10097,10152
10098,10152
10099,10152
10100,10152
10101,10152
10102,10152
10103,10152
10104,10152
10105,10152
10106,10152
10107,10152
10108,10152
10109,10152
10110,10152
10111,10152
10112,10152
10113,10152
10114,10152
10115,10152
10116,10152
10117,10152
10118,10152
10119,10152
10120,10152
10121,10152
10122,10152
10123,10152
10124,10152
10125,10152
10126,10152
10127,10152
10128,10152
10129,10152
10130,10152
10131,10152
10132,10152
10133,10152
10134,10152
10135,10152
10136,10152
10137,10152
10138,10152
10139,10152
10140,10152
10141,10152
10142,10152
10143,10152
10144,10152
10145,10152
10146,10152
10147,10152
10148,10152
10149,10152
10150,10152
10151,10152
10152,10152
10153,10152
10154,10152
10155,10152
10156,10152
10157,10152
10158,10152
10159,10152
10160,10152
10161,10152
10162,10152
10163,10152
10164,10152
10165,10152
10166,10152
10167,10152
10168,10152
10169,10152
10170,10152
10171,10152
10172,10152
10173,10152
10174,10152
10175,10152
10176,10152
10177,10152
10178,10152
10179,10152
10180,10152
10181,10152
10182,10152
10183,10152
10184,10152
10185,10152
10186,10152
10187,10152
10188,10152
10189,10152
10190,10152
10191,10152
10192,10152
10193,10152
10194,10152
10195,10152
10196,10152
10197,10152
10198,10152
10199,10152
10200,10152
10201,10152
10202,10152
10203,10152
10204,10152
10205,10152
10206,10152
10207,10152
10208,10152
10209,10152
10210,10152
10211,10152
10212,10152
10213,10152
10214,10152
10215,10152
10216,10152
10217,10152
10218,10152
10219,10152
10220,10152
10221,10152
10222,10152
10223,10152
10224,10152
10225,10152
10226,10152
10227,10152
10228,10152
10229,10152
10230,10152
10231,10152
10232,10152
10233,10152
10234,10152
10235,10152
10236,10152
10237,10152
10238,10152
10239,10152
10240,10152
10241,10152
10242,10152
10243,10152
10244,10152
10245,10152
10246,10152
10247,10152
10248,10152
10249,10152
10250,10152
10251,10152
10252,10152
10253,10152
10254,10152
10255,10152
10256,10152
10257,10152
10258,10152
10259,10152
10260,10152
10261,10152
10262,10152
10263,10152
10264,10152
10265,10152
10266,10152
10267,10152
10268,10152
10269,10152
10270,10152
10271,10152
10272,10152
10273,10152
10274,10152
10275,10152
10276,10152
10277,10152
10278,10152
10279,10152
10280,10152
10281,10152
10282,10152
10283,10152
10284,10152
10285,10152
10286,10152
10287,10152
10288,10152
10289,10152
10290,10152
10291,10152
10292,10152
10293,10152
10294,10152
10295,10152
10296,10152
10297,10152
10298,10152
10299,10152
10300,10152
10301,10152
10302,10152
10303,10152
10304,10152
10305,10152
10306,10152
10307,10152
10308,10152
10309,10152
10310,10152
10311,10152
10312,10152
10313,10152
10314,10152
10315,10152
10316,10152
10317,10152
10318,10152
10319,10152
10320,10152
10321,10152
10322,10152
10323,10152
10324,10152
10325,10152
10326,10152
10327,10152
10328,10152
10329,10152
10330,10152
10331,10152
10332,10152
10333,10152
10334,10152
10335,10152
10336,10152
10088,10153
10089,10153
10090,10153
10091,10153
10092,10153
10093,10153
10094,10153
10095,10153
10096,10153
10097,10153
10098,10153
10099,10153
10100,10153
10101,10153
10102,10153
10103,10153
10104,10153
10105,10153
10106,10153
10107,10153
10108,10153
10109,10153
10110,10153
10111,10153
10112,10153
10113,10153
10114,10153
10115,10153
10116,10153
10117,10153
10118,10153
10119,10153
10120,10153
10121,10153
10122,10153
10123,10153
10124,10153
10125,10153
10126,10153
10127,10153
10128,10153
10129,10153
10130,10153
10131,10153
10132,10153
10133,10153
10134,10153
10135,10153
10136,10153
10137,10153
10138,10153
10139,10153
10140,10153
10141,10153
10142,10153
10143,10153
10144,10153
10145,10153
10146,10153
10147,10153
10148,10153
10149,10153
10150,10153
10151,10153
10152,10153
10153,10153
10154,10153
10155,10153
10156,10153
10157,10153
10158,10153
10159,10153
10160,10153
10161,10153
10162,10153
10163,10153
10164,10153
10165,10153
10166,10153
10167,10153
10168,10153
10169,10153
10170,10153
10171,10153
10172,10153
10173,10153
10174,10153
10175,10153
10176,10153
10177,10153
10178,10153
10179,10153
10180,10153
10181,10153
10182,10153
10183,10153
10184,10153
10185,10153
10186,10153
10187,10153
10188,10153
10189,10153
10190,10153
10191,10153
10192,10153
10193,10153
10194,10153
10195,10153
10196,10153
10197,10153
10198,10153
10199,10153
10200,10153
10201,10153
10202,10153
10203,10153
10204,10153
10205,10153
10206,10153
10207,10153
10208,10153
10209,10153
10210,10153
10211,10153
10212,10153
10213,10153
10214,10153
10215,10153
10216,10153
10217,10153
10218,10153
10219,10153
10220,10153
10221,10153
10222,10153
10223,10153
10224,10153
10225,10153
10226,10153
10227,10153
10228,10153
10229,10153
10230,10153
10231,10153
10232,10153
10233,10153
10234,10153
10235,10153
10236,10153
10237,10153
10238,10153
10239,10153
10240,10153
10241,10153
10242,10153
10243,10153
10244,10153
10245,10153
10246,10153
10247,10153
10248,10153
10249,10153
10250,10153
10251,10153
10252,10153
10253,10153
10254,10153
10255,10153
10256,10153
10257,10153
10258,10153
10259,10153
10260,10153
10261,10153
10262,10153
10263,10153
10264,10153
10265,10153
10266,10153
10267,10153
10268,10153
10269,10153
10270,10153
10271,10153
10272,10153
10273,10153
10274,10153
10275,10153
10276,10153
10277,10153
10278,10153
10279,10153
10280,10153
10281,10153
10282,10153
10283,10153
10284,10153
10285,10153
10286,10153
10287,10153
10288,10153
10289,10153
10290,10153
10291,10153
10292,10153
10293,10153
10294,10153
10295,10153
10296,10153
10297,10153
10298,10153
10299,10153
10300,10153
10301,10153
10302,10153
10303,10153
10304,10153
10305,10153
10306,10153
10307,10153
10308,10153
10309,10153
10310,10153
10311,10153
10312,10153
10313,10153
10314,10153
10315,10153
10316,10153
10317,10153
10318,10153
10319,10153
10320,10153
10321,10153
10322,10153
10323,10153
10324,10153
10325,10153
10326,10153
10327,10153
10328,10153
10329,10153
10330,10153
10331,10153
10332,10153
10333,10153
10334,10153
10335,10153
10336,10153
10088,10154
10089,10154
10090,10154
10091,10154
10092,10154
10093,10154
10094,10154
10095,10154
10096,10154
10097,10154
10098,10154
10099,10154
10100,10154
10101,10154
10102,10154
10103,10154
10104,10154
10105,10154
10106,10154
10107,10154
10108,10154
10109,10154
10110,10154
10111,10154
10112,10154
10113,10154
10114,10154
10115,10154
10116,10154
10117,10154
10118,10154
10119,10154
10120,10154
10121,10154
10122,10154
10123,10154
10124,10154
10125,10154
10126,10154
10127,10154
10128,10154
10129,10154
10130,10154
10131,10154
10132,10154
10133,10154
10134,10154
10135,10154
10136,10154
10137,10154
10138,10154
10139,10154
10140,10154
10141,10154
10142,10154
10143,10154
10144,10154
10145,10154
10146,10154
10147,10154
10148,10154
10149,10154
10150,10154
10151,10154
10152,10154
10153,10154
10154,10154
10155,10154
10156,10154
10157,10154
10158,10154
10159,10154
10160,10154
10161,10154
10162,10154
10163,10154
10164,10154
10165,10154
10166,10154
10167,10154
10168,10154
10169,10154
10170,10154
10171,10154
10172,10154
10173,10154
10174,10154
10175,10154
10176,10154
10177,10154
10178,10154
10179,10154
10180,10154
10181,10154
10182,10154
10183,10154
10184,10154
10185,10154
10186,10154
10187,10154
10188,10154
10189,10154
10190,10154
10191,10154
10192,10154
10193,10154
10194,10154
10195,10154
10196,10154
10197,10154
10198,10154
10199,10154
10200,10154
10201,10154
10202,10154
10203,10154
10204,10154
10205,10154
10206,10154
10207,10154
10208,10154
10209,10154
10210,10154
10211,10154
10212,10154
10213,10154
10214,10154
10215,10154
10216,10154
10217,10154
10218,10154
10219,10154
10220,10154
10221,10154
10222,10154
10223,10154
10224,10154
10225,10154
10226,10154
10227,10154
10228,10154
10229,10154
10230,10154
10231,10154
10232,10154
10233,10154
10234,10154
10235,10154
10236,10154
10237,10154
10238,10154
10239,10154
10240,10154
10241,10154
10242,10154
10243,10154
10244,10154
10245,10154
10246,10154
10247,10154
10248,10154
10249,10154
10250,10154
10251,10154
10252,10154
10253,10154
10254,10154
10255,10154
10256,10154
10257,10154
10258,10154
10259,10154
10260,10154
10261,10154
10262,10154
10263,10154
10264,10154
10265,10154
10266,10154
10267,10154
10268,10154
10269,10154
10270,10154
10271,10154
10272,10154
10273,10154
10274,10154
10275,10154
10276,10154
10277,10154
10278,10154
10279,10154
10280,10154
10281,10154
10282,10154
10283,10154
10284,10154
10285,10154
10286,10154
10287,10154
10288,10154
10289,10154
10290,10154
10291,10154
10292,10154
10293,10154
10294,10154
10295,10154
10296,10154
10297,10154
10298,10154
10299,10154
10300,10154
10301,10154
10302,10154
10303,10154
10304,10154
10305,10154
10306,10154
10307,10154
10308,10154
10309,10154
10310,10154
10311,10154
10312,10154
10313,10154
10314,10154
10315,10154
10316,10154
10317,10154
10318,10154
10319,10154
10320,10154
10321,10154
10322,10154
10323,10154
10324,10154
10325,10154
10326,10154
10327,10154
10328,10154
10329,10154
10330,10154
10331,10154
10332,10154
10333,10154
10334,10154
10335,10154
10336,10154
10088,10155
10089,10155
10090,10155
10091,10155
10092,10155
10093,10155
10094,10155
10095,10155
10096,10155
10097,10155
10098,10155
10099,10155
10100,10155
10101,10155
10102,10155
10103,10155
10104,10155
10105,10155
10106,10155
10107,10155
10108,10155
10109,10155
10110,10155
10111,10155
10112,10155
10113,10155
10114,10155
10115,10155
10116,10155
10117,10155
10118,10155
10119,10155
10120,10155
10121,10155
10122,10155
10123,10155
10124,10155
10125,10155
10126,10155
10127,10155
10128,10155
10129,10155
10130,10155
10131,10155
10132,10155
10133,10155
10134,10155
10135,10155
10136,10155
10137,10155
10138,10155
10139,10155
10140,10155
10141,10155
10142,10155
10143,10155
10144,10155
10145,10155
10146,10155
10147,10155
10148,10155
10149,10155
10150,10155
10151,10155
10152,10155
10153,10155
10154,10155
10155,10155
10156,10155
10157,10155
10158,10155
10159,10155
10160,10155
10161,10155
10162,10155
10163,10155
10164,10155
10165,10155
10166,10155
10167,10155
10168,10155
10169,10155
10170,10155
10171,10155
10172,10155
10173,10155
10174,10155
10175,10155
10176,10155
10177,10155
10178,10155
10179,10155
10180,10155
10181,10155
10182,10155
10183,10155
10184,10155
10185,10155
10186,10155
10187,10155
10188,10155
10189,10155
10190,10155
10191,10155
10192,10155
10193,10155
10194,10155
10195,10155
10196,10155
10197,10155
10198,10155
10199,10155
10200,10155
10201,10155
10202,10155
10203,10155
10204,10155
10205,10155
10206,10155
10207,10155
10208,10155
10209,10155
10210,10155
10211,10155
10212,10155
10213,10155
10214,10155
10215,10155
10216,10155
10217,10155
10218,10155
10219,10155
10220,10155
10221,10155
10222,10155
10223,10155
10224,10155
10225,10155
10226,10155
10227,10155
10228,10155
10229,10155
10230,10155
10231,10155
10232,10155
10233,10155
10234,10155
10235,10155
10236,10155
10237,10155
10238,10155
10239,10155
10240,10155
10241,10155
10242,10155
10243,10155
10244,10155
10245,10155
10246,10155
10247,10155
10248,10155
10249,10155
10250,10155
10251,10155
10252,10155
10253,10155
10254,10155
10255,10155
10256,10155
10257,10155
10258,10155
10259,10155
10260,10155
10261,10155
10262,10155
10263,10155
10264,10155
10265,10155
10266,10155
10267,10155
10268,10155
10269,10155
10270,10155
10271,10155
10272,10155
10273,10155
10274,10155
10275,10155
10276,10155
10277,10155
10278,10155
10279,10155
10280,10155
10281,10155
10282,10155
10283,10155
10284,10155
10285,10155
10286,10155
10287,10155
10288,10155
10289,10155
10290,10155
10291,10155
10292,10155
10293,10155
10294,10155
10295,10155
10296,10155
10297,10155
10298,10155
10299,10155
10300,10155
10301,10155
10302,10155
10303,10155
10304,10155
10305,10155
10306,10155
10307,10155
10308,10155
10309,10155
10310,10155
10311,10155
10312,10155
10313,10155
10314,10155
10315,10155
10316,10155
10317,10155
10318,10155
10319,10155
10320,10155
10321,10155
10322,10155
10323,10155
10324,10155
10325,10155
10326,10155
10327,10155
10328,10155
10329,10155
10330,10155
10331,10155
10332,10155
10333,10155
10334,10155
10335,10155
10336,10155
10088,10156
10089,10156
10090,10156
10091,10156
10092,10156
10093,10156
10094,10156
10095,10156
10096,10156
10097,10156
10098,10156
10099,10156
10100,10156
10101,10156
10102,10156
10103,10156
10104,10156
10105,10156
10106,10156
10107,10156
10108,10156
10109,10156
10110,10156
10111,10156
10112,10156
10113,10156
10114,10156
10115,10156
10116,10156
10117,10156
10118,10156
10119,10156
10120,10156
10121,10156
10122,10156
10123,10156
10124,10156
10125,10156
10126,10156
10127,10156
10128,10156
10129,10156
10130,10156
10131,10156
10132,10156
10133,10156
10134,10156
10135,10156
10136,10156
10137,10156
10138,10156
10139,10156
10140,10156
10141,10156
10142,10156
10143,10156
10144,10156
10145,10156
10146,10156
10147,10156
10148,10156
10149,10156
10150,10156
10151,10156
10152,10156
10153,10156
10154,10156
10155,10156
10156,10156
10157,10156
10158,10156
10159,10156
10160,10156
10161,10156
10162,10156
10163,10156
10164,10156
10165,10156
10166,10156
10167,10156
10168,10156
10169,10156
10170,10156
10171,10156
10172,10156
10173,10156
10174,10156
10175,10156
10176,10156
10177,10156
10178,10156
10179,10156
10180,10156
10181,10156
10182,10156
10183,10156
10184,10156
10185,10156
10186,10156
10187,10156
10188,10156
10189,10156
10190,10156
10191,10156
10192,10156
10193,10156
10194,10156
10195,10156
10196,10156
10197,10156
10198,10156
10199,10156
10200,10156
10201,10156
10202,10156
10203,10156
10204,10156
10205,10156
10206,10156
10207,10156
10208,10156
10209,10156
10210,10156
10211,10156
10212,10156
10213,10156
10214,10156
10215,10156
10216,10156
10217,10156
10218,10156
10219,10156
10220,10156
10221,10156
10222,10156
10223,10156
10224,10156
10225,10156
10226,10156
10227,10156
10228,10156
10229,10156
10230,10156
10231,10156
10232,10156
10233,10156
10234,10156
10235,10156
10236,10156
10237,10156
10238,10156
10239,10156
10240,10156
10241,10156
10242,10156
10243,10156
10244,10156
10245,10156
10246,10156
10247,10156
10248,10156
10249,10156
10250,10156
10251,10156
10252,10156
10253,10156
10254,10156
10255,10156
10256,10156
10257,10156
10258,10156
10259,10156
10260,10156
10261,10156
10262,10156
10263,10156
10264,10156
10265,10156
10266,10156
10267,10156
10268,10156
10269,10156
10270,10156
10271,10156
10272,10156
10273,10156
10274,10156
10275,10156
10276,10156
10277,10156
10278,10156
10279,10156
10280,10156
10281,10156
10282,10156
10283,10156
10284,10156
10285,10156
10286,10156
10287,10156
10288,10156
10289,10156
10290,10156
10291,10156
10292,10156
10293,10156
10294,10156
10295,10156
10296,10156
10297,10156
10298,10156
10299,10156
10300,10156
10301,10156
10302,10156
10303,10156
10304,10156
10305,10156
10306,10156
10307,10156
10308,10156
10309,10156
10310,10156
10311,10156
10312,10156
10313,10156
10314,10156
10315,10156
10316,10156
10317,10156
10318,10156
10319,10156
10320,10156
10321,10156
10322,10156
10323,10156
10324,10156
10325,10156
10326,10156
10327,10156
10328,10156
10329,10156
10330,10156
10331,10156
10332,10156
10333,10156
10334,10156
10335,10156
10336,10156
10088,10157
10089,10157
10090,10157
10091,10157
10092,10157
10093,10157
10094,10157
10095,10157
10096,10157
10097,10157
10098,10157
10099,10157
10100,10157
10101,10157
10102,10157
10103,10157
10104,10157
10105,10157
10106,10157
10107,10157
10108,10157
10109,10157
10110,10157
10111,10157
10112,10157
10113,10157
10114,10157
10115,10157
10116,10157
10117,10157
10118,10157
10119,10157
10120,10157
10121,10157
10122,10157
10123,10157
10124,10157
10125,10157
10126,10157
10127,10157
10128,10157
10129,10157
10130,10157
10131,10157
10132,10157
10133,10157
10134,10157
10135,10157
10136,10157
10137,10157
10138,10157
10139,10157
10140,10157
10141,10157
10142,10157
10143,10157
10144,10157
10145,10157
10146,10157
10147,10157
10148,10157
10149,10157
10150,10157
10151,10157
10152,10157
10153,10157
10154,10157
10155,10157
10156,10157
10157,10157
10158,10157
10159,10157
10160,10157
10161,10157
10162,10157
10163,10157
10164,10157
10165,10157
10166,10157
10167,10157
10168,10157
10169,10157
10170,10157
10171,10157
10172,10157
10173,10157
10174,10157
10175,10157
10176,10157
10177,10157
10178,10157
10179,10157
10180,10157
10181,10157
10182,10157
10183,10157
10184,10157
10185,10157
10186,10157
10187,10157
10188,10157
10189,10157
10190,10157
10191,10157
10192,10157
10193,10157
10194,10157
10195,10157
10196,10157
10197,10157
10198,10157
10199,10157
10200,10157
10201,10157
10202,10157
10203,10157
10204,10157
10205,10157
10206,10157
10207,10157
10208,10157
10209,10157
10210,10157
10211,10157
10212,10157
10213,10157
10214,10157
10215,10157
10216,10157
10217,10157
10218,10157
10219,10157
10220,10157
10221,10157
10222,10157
10223,10157
10224,10157
10225,10157
10226,10157
10227,10157
10228,10157
10229,10157
10230,10157
10231,10157
10232,10157
10233,10157
10234,10157
10235,10157
10236,10157
10237,10157
10238,10157
10239,10157
10240,10157
10241,10157
10242,10157
10243,10157
10244,10157
10245,10157
10246,10157
10247,10157
10248,10157
10249,10157
10250,10157
10251,10157
10252,10157
10253,10157
10254,10157
10255,10157
10256,10157
10257,10157
10258,10157
10259,10157
10260,10157
10261,10157
10262,10157
10263,10157
10264,10157
10265,10157
10266,10157
10267,10157
10268,10157
10269,10157
10270,10157
10271,10157
10272,10157
10273,10157
10274,10157
10275,10157
10276,10157
10277,10157
10278,10157
10279,10157
10280,10157
10281,10157
10282,10157
10283,10157
10284,10157
10285,10157
10286,10157
10287,10157
10288,10157
10289,10157
10290,10157
10291,10157
10292,10157
10293,10157
10294,10157
10295,10157
10296,10157
10297,10157
10298,10157
10299,10157
10300,10157
10301,10157
10302,10157
10303,10157
10304,10157
10305,10157
10306,10157
10307,10157
10308,10157
10309,10157
10310,10157
10311,10157
10312,10157
10313,10157
10314,10157
10315,10157
10316,10157
10317,10157
10318,10157
10319,10157
10320,10157
10321,10157
10322,10157
10323,10157
10324,10157
10325,10157
10326,10157
10327,10157
10328,10157
10329,10157
10330,10157
10331,10157
10332,10157
10333,10157
10334,10157
10335,10157
10336,10157
10088,10158
10089,10158
10090,10158
10091,10158
10092,10158
10093,10158
10094,10158
10095,10158
10096,10158
10097,10158
10098,10158
10099,10158
10100,10158
10101,10158
10102,10158
10103,10158
10104,10158
10105,10158
10106,10158
10107,10158
10108,10158
10109,10158
10110,10158
10111,10158
10112,10158
10113,10158
10114,10158
10115,10158
10116,10158
10117,10158
10118,10158
10119,10158
10120,10158
10121,10158
10122,10158
10123,10158
10124,10158
10125,10158
10126,10158
10127,10158
10128,10158
10129,10158
10130,10158
10131,10158
10132,10158
10133,10158
10134,10158
10135,10158
10136,10158
10137,10158
10138,10158
10139,10158
10140,10158
10141,10158
10142,10158
10143,10158
10144,10158
10145,10158
10146,10158
10147,10158
10148,10158
10149,10158
10150,10158
10151,10158
10152,10158
10153,10158
10154,10158
10155,10158
10156,10158
10157,10158
10158,10158
10159,10158
10160,10158
10161,10158
10162,10158
10163,10158
10164,10158
10165,10158
10166,10158
10167,10158
10168,10158
10169,10158
10170,10158
10171,10158
10172,10158
10173,10158
10174,10158
10175,10158
10176,10158
10177,10158
10178,10158
10179,10158
10180,10158
10181,10158
10182,10158
10183,10158
10184,10158
10185,10158
10186,10158
10187,10158
10188,10158
10189,10158
10190,10158
10191,10158
10192,10158
10193,10158
10194,10158
10195,10158
10196,10158
10197,10158
10198,10158
10199,10158
10200,10158
10201,10158
10202,10158
10203,10158
10204,10158
10205,10158
10206,10158
10207,10158
10208,10158
10209,10158
10210,10158
10211,10158
10212,10158
10213,10158
10214,10158
10215,10158
10216,10158
10217,10158
10218,10158
10219,10158
10220,10158
10221,10158
10222,10158
10223,10158
10224,10158
10225,10158
10226,10158
10227,10158
10228,10158
10229,10158
10230,10158
10231,10158
10232,10158
10233,10158
10234,10158
10235,10158
10236,10158
10237,10158
10238,10158
10239,10158
10240,10158
10241,10158
10242,10158
10243,10158
10244,10158
10245,10158
10246,10158
10247,10158
10248,10158
10249,10158
10250,10158
10251,10158
10252,10158
10253,10158
10254,10158
10255,10158
10256,10158
10257,10158
10258,10158
10259,10158
10260,10158
10261,10158
10262,10158
10263,10158
10264,10158
10265,10158
10266,10158
10267,10158
10268,10158
10269,10158
10270,10158
10271,10158
10272,10158
10273,10158
10274,10158
10275,10158
10276,10158
10277,10158
10278,10158
10279,10158
10280,10158
10281,10158
10282,10158
10283,10158
10284,10158
10285,10158
10286,10158
10287,10158
10288,10158
10289,10158
10290,10158
10291,10158
10292,10158
10293,10158
10294,10158
10295,10158
10296,10158
10297,10158
10298,10158
10299,10158
10300,10158
10301,10158
10302,10158
10303,10158
10304,10158
10305,10158
10306,10158
10307,10158
10308,10158
10309,10158
10310,10158
10311,10158
10312,10158
10313,10158
10314,10158
10315,10158
10316,10158
10317,10158
10318,10158
10319,10158
10320,10158
10321,10158
10322,10158
10323,10158
10324,10158
10325,10158
10326,10158
10327,10158
10328,10158
10329,10158
10330,10158
10331,10158
10332,10158
10333,10158
10334,10158
10335,10158
10336,10158
10088,10159
10089,10159
10090,10159
10091,10159
10092,10159
10093,10159
10094,10159
10095,10159
10096,10159
10097,10159
10098,10159
10099,10159
10100,10159
10101,10159
10102,10159
10103,10159
10104,10159
10105,10159
10106,10159
10107,10159
10108,10159
10109,10159
10110,10159
10111,10159
10112,10159
10113,10159
10114,10159
10115,10159
10116,10159
10117,10159
10118,10159
10119,10159
10120,10159
10121,10159
10122,10159
10123,10159
10124,10159
10125,10159
10126,10159
10127,10159
10128,10159
10129,10159
10130,10159
10131,10159
10132,10159
10133,10159
10134,10159
10135,10159
10136,10159
10137,10159
10138,10159
10139,10159
10140,10159
10141,10159
10142,10159
10143,10159
10144,10159
10145,10159
10146,10159
10147,10159
10148,10159
10149,10159
10150,10159
10151,10159
10152,10159
10153,10159
10154,10159
10155,10159
10156,10159
10157,10159
10158,10159
10159,10159
10160,10159
10161,10159
10162,10159
10163,10159
10164,10159
10165,10159
10166,10159
10167,10159
10168,10159
10169,10159
10170,10159
10171,10159
10172,10159
10173,10159
10174,10159
10175,10159
10176,10159
10177,10159
10178,10159
10179,10159
10180,10159
10181,10159
10182,10159
10183,10159
10184,10159
10185,10159
10186,10159
10187,10159
10188,10159
10189,10159
10190,10159
10191,10159
10192,10159
10193,10159
10194,10159
10195,10159
10196,10159
10197,10159
10198,10159
10199,10159
10200,10159
10201,10159
10202,10159
10203,10159
10204,10159
10205,10159
10206,10159
10207,10159
10208,10159
10209,10159
10210,10159
10211,10159
10212,10159
10213,10159
10214,10159
10215,10159
10216,10159
10217,10159
10218,10159
10219,10159
10220,10159
10221,10159
10222,10159
10223,10159
10224,10159
10225,10159
10226,10159
10227,10159
10228,10159
10229,10159
10230,10159
10231,10159
10232,10159
10233,10159
10234,10159
10235,10159
10236,10159
10237,10159
10238,10159
10239,10159
10240,10159
10241,10159
10242,10159
10243,10159
10244,10159
10245,10159
10246,10159
10247,10159
10248,10159
10249,10159
10250,10159
10251,10159
10252,10159
10253,10159
10254,10159
10255,10159
10256,10159
10257,10159
10258,10159
10259,10159
10260,10159
10261,10159
10262,10159
10263,10159
10264,10159
10265,10159
10266,10159
10267,10159
10268,10159
10269,10159
10270,10159
10271,10159
10272,10159
10273,10159
10274,10159
10275,10159
10276,10159
10277,10159
10278,10159
10279,10159
10280,10159
10281,10159
10282,10159
10283,10159
10284,10159
10285,10159
10286,10159
10287,10159
10288,10159
10289,10159
10290,10159
10291,10159
10292,10159
10293,10159
10294,10159
10295,10159
10296,10159
10297,10159
10298,10159
10299,10159
10300,10159
10301,10159
10302,10159
10303,10159
10304,10159
10305,10159
10306,10159
10307,10159
10308,10159
10309,10159
10310,10159
10311,10159
10312,10159
10313,10159
10314,10159
10315,10159
10316,10159
10317,10159
10318,10159
10319,10159
10320,10159
10321,10159
10322,10159
10323,10159
10324,10159
10325,10159
10326,10159
10327,10159
10328,10159
10329,10159
10330,10159
10331,10159
10332,10159
10333,10159
10334,10159
10335,10159
10336,10159
10088,10160
10089,10160
10090,10160
10091,10160
10092,10160
10093,10160
10094,10160
10095,10160
10096,10160
10097,10160
10098,10160
10099,10160
10100,10160
10101,10160
10102,10160
10103,10160
10104,10160
10105,10160
10106,10160
10107,10160
10108,10160
10109,10160
10110,10160
10111,10160
10112,10160
10113,10160
10114,10160
10115,10160
10116,10160
10117,10160
10118,10160
10119,10160
10120,10160
10121,10160
10122,10160
10123,10160
10124,10160
10125,10160
10126,10160
10127,10160
10128,10160
10129,10160
10130,10160
10131,10160
10132,10160
10133,10160
10134,10160
10135,10160
10136,10160
10137,10160
10138,10160
10139,10160
10140,10160
10141,10160
10142,10160
10143,10160
10144,10160
10145,10160
10146,10160
10147,10160
10148,10160
10149,10160
10150,10160
10151,10160
10152,10160
10153,10160
10154,10160
10155,10160
10156,10160
10157,10160
10158,10160
10159,10160
10160,10160
10161,10160
10162,10160
10163,10160
10164,10160
10165,10160
10166,10160
10167,10160
10168,10160
10169,10160
10170,10160
10171,10160
10172,10160
10173,10160
10174,10160
10175,10160
10176,10160
10177,10160
10178,10160
10179,10160
10180,10160
10181,10160
10182,10160
10183,10160
10184,10160
10185,10160
10186,10160
10187,10160
10188,10160
10189,10160
10190,10160
10191,10160
10192,10160
10193,10160
10194,10160
10195,10160
10196,10160
10197,10160
10198,10160
10199,10160
10200,10160
10201,10160
10202,10160
10203,10160
10204,10160
10205,10160
10206,10160
10207,10160
10208,10160
10209,10160
10210,10160
10211,10160
10212,10160
10213,10160
10214,10160
10215,10160
10216,10160
10217,10160
10218,10160
10219,10160
10220,10160
10221,10160
10222,10160
10223,10160
10224,10160
10225,10160
10226,10160
10227,10160
10228,10160
10229,10160
10230,10160
10231,10160
10232,10160
10233,10160
10234,10160
10235,10160
10236,10160
10237,10160
10238,10160
10239,10160
10240,10160
10241,10160
10242,10160
10243,10160
10244,10160
10245,10160
10246,10160
10247,10160
10248,10160
10249,10160
10250,10160
10251,10160
10252,10160
10253,10160
10254,10160
10255,10160
10256,10160
10257,10160
10258,10160
10259,10160
10260,10160
10261,10160
10262,10160
10263,10160
10264,10160
10265,10160
10266,10160
10267,10160
10268,10160
10269,10160
10270,10160
10271,10160
10272,10160
10273,10160
10274,10160
10275,10160
10276,10160
10277,10160
10278,10160
10279,10160
10280,10160
10281,10160
10282,10160
10283,10160
10284,10160
10285,10160
10286,10160
10287,10160
10288,10160
10289,10160
10290,10160
10291,10160
10292,10160
10293,10160
10294,10160
10295,10160
10296,10160
10297,10160
10298,10160
10299,10160
10300,10160
10301,10160
10302,10160
10303,10160
10304,10160
10305,10160
10306,10160
10307,10160
10308,10160
10309,10160
10310,10160
10311,10160
10312,10160
10313,10160
10314,10160
10315,10160
10316,10160
10317,10160
10318,10160
10319,10160
10320,10160
10321,10160
10322,10160
10323,10160
10324,10160
10325,10160
10326,10160
10327,10160
10328,10160
10329,10160
10330,10160
10331,10160
10332,10160
10333,10160
10334,10160
10335,10160
10336,10160
10088,10161
10089,10161
10090,10161
10091,10161
10092,10161
10093,10161
10094,10161
10095,10161
10096,10161
10097,10161
10098,10161
10099,10161
10100,10161
10101,10161
10102,10161
10103,10161
10104,10161
10105,10161
10106,10161
10107,10161
10108,10161
10109,10161
10110,10161
10111,10161
10112,10161
10113,10161
10114,10161
10115,10161
10116,10161
10117,10161
10118,10161
10119,10161
10120,10161
10121,10161
10122,10161
10123,10161
10124,10161
10125,10161
10126,10161
10127,10161
10128,10161
10129,10161
10130,10161
10131,10161
10132,10161
10133,10161
10134,10161
10135,10161
10136,10161
10137,10161
10138,10161
10139,10161
10140,10161
10141,10161
10142,10161
10143,10161
10144,10161
10145,10161
10146,10161
10147,10161
10148,10161
10149,10161
10150,10161
10151,10161
10152,10161
10153,10161
10154,10161
10155,10161
10156,10161
10157,10161
10158,10161
10159,10161
10160,10161
10161,10161
10162,10161
10163,10161
10164,10161
10165,10161
10166,10161
10167,10161
10168,10161
10169,10161
10170,10161
10171,10161
10172,10161
10173,10161
10174,10161
10175,10161
10176,10161
10177,10161
10178,10161
10179,10161
10180,10161
10181,10161
10182,10161
10183,10161
10184,10161
10185,10161
10186,10161
10187,10161
10188,10161
10189,10161
10190,10161
10191,10161
10192,10161
10193,10161
10194,10161
10195,10161
10196,10161
10197,10161
10198,10161
10199,10161
10200,10161
10201,10161
10202,10161
10203,10161
10204,10161
10205,10161
10206,10161
10207,10161
10208,10161
10209,10161
10210,10161
10211,10161
10212,10161
10213,10161
10214,10161
10215,10161
10216,10161
10217,10161
10218,10161
10219,10161
10220,10161
10221,10161
10222,10161
10223,10161
10224,10161
10225,10161
10226,10161
10227,10161
10228,10161
10229,10161
10230,10161
10231,10161
10232,10161
10233,10161
10234,10161
10235,10161
10236,10161
10237,10161
10238,10161
10239,10161
10240,10161
10241,10161
10242,10161
10243,10161
10244,10161
10245,10161
10246,10161
10247,10161
10248,10161
10249,10161
10250,10161
10251,10161
10252,10161
10253,10161
10254,10161
10255,10161
10256,10161
10257,10161
10258,10161
10259,10161
10260,10161
10261,10161
10262,10161
10263,10161
10264,10161
10265,10161
10266,10161
10267,10161
10268,10161
10269,10161
10270,10161
10271,10161
10272,10161
10273,10161
10274,10161
10275,10161
10276,10161
10277,10161
10278,10161
10279,10161
10280,10161
10281,10161
10282,10161
10283,10161
10284,10161
10285,10161
10286,10161
10287,10161
10288,10161
10289,10161
10290,10161
10291,10161
10292,10161
10293,10161
10294,10161
10295,10161
10296,10161
10297,10161
10298,10161
10299,10161
10300,10161
10301,10161
10302,10161
10303,10161
10304,10161
10305,10161
10306,10161
10307,10161
10308,10161
10309,10161
10310,10161
10311,10161
10312,10161
10313,10161
10314,10161
10315,10161
10316,10161
10317,10161
10318,10161
10319,10161
10320,10161
10321,10161
10322,10161
10323,10161
10324,10161
10325,10161
10326,10161
10327,10161
10328,10161
10329,10161
10330,10161
10331,10161
10332,10161
10333,10161
10334,10161
10335,10161
10336,10161
10088,10162
10089,10162
10090,10162
10091,10162
10092,10162
10093,10162
10094,10162
10095,10162
10096,10162
10097,10162
10098,10162
10099,10162
10100,10162
10101,10162
10102,10162
10103,10162
10104,10162
10105,10162
10106,10162
10107,10162
10108,10162
10109,10162
10110,10162
10111,10162
10112,10162
10113,10162
10114,10162
10115,10162
10116,10162
10117,10162
10118,10162
10119,10162
10120,10162
10121,10162
10122,10162
10123,10162
10124,10162
10125,10162
10126,10162
10127,10162
10128,10162
10129,10162
10130,10162
10131,10162
10132,10162
10133,10162
10134,10162
10135,10162
10136,10162
10137,10162
10138,10162
10139,10162
10140,10162
10141,10162
10142,10162
10143,10162
10144,10162
10145,10162
10146,10162
10147,10162
10148,10162
10149,10162
10150,10162
10151,10162
10152,10162
10153,10162
10154,10162
10155,10162
10156,10162
10157,10162
10158,10162
10159,10162
10160,10162
10161,10162
10162,10162
10163,10162
10164,10162
10165,10162
10166,10162
10167,10162
10168,10162
10169,10162
10170,10162
10171,10162
10172,10162
10173,10162
10174,10162
10175,10162
10176,10162
10177,10162
10178,10162
10179,10162
10180,10162
10181,10162
10182,10162
10183,10162
10184,10162
10185,10162
10186,10162
10187,10162
10188,10162
10189,10162
10190,10162
10191,10162
10192,10162
10193,10162
10194,10162
10195,10162
10196,10162
10197,10162
10198,10162
10199,10162
10200,10162
10201,10162
10202,10162
10203,10162
10204,10162
10205,10162
10206,10162
10207,10162
10208,10162
10209,10162
10210,10162
10211,10162
10212,10162
10213,10162
10214,10162
10215,10162
10216,10162
10217,10162
10218,10162
10219,10162
10220,10162
10221,10162
10222,10162
10223,10162
10224,10162
10225,10162
10226,10162
10227,10162
10228,10162
10229,10162
10230,10162
10231,10162
10232,10162
10233,10162
10234,10162
10235,10162
10236,10162
10237,10162
10238,10162
10239,10162
10240,10162
10241,10162
10242,10162
10243,10162
10244,10162
10245,10162
10246,10162
10247,10162
10248,10162
10249,10162
10250,10162
10251,10162
10252,10162
10253,10162
10254,10162
10255,10162
10256,10162
10257,10162
10258,10162
10259,10162
10260,10162
10261,10162
10262,10162
10263,10162
10264,10162
10265,10162
10266,10162
10267,10162
10268,10162
10269,10162
10270,10162
10271,10162
10272,10162
10273,10162
10274,10162
10275,10162
10276,10162
10277,10162
10278,10162
10279,10162
10280,10162
10281,10162
10282,10162
10283,10162
10284,10162
10285,10162
10286,10162
10287,10162
10288,10162
10289,10162
10290,10162
10291,10162
10292,10162
10293,10162
10294,10162
10295,10162
10296,10162
10297,10162
10298,10162
10299,10162
10300,10162
10301,10162
10302,10162
10303,10162
10304,10162
10305,10162
10306,10162
10307,10162
10308,10162
10309,10162
10310,10162
10311,10162
10312,10162
10313,10162
10314,10162
10315,10162
10316,10162
10317,10162
10318,10162
10319,10162
10320,10162
10321,10162
10322,10162
10323,10162
10324,10162
10325,10162
10326,10162
10327,10162
10328,10162
10329,10162
10330,10162
10331,10162
10332,10162
10333,10162
10334,10162
10335,10162
10336,10162
10088,10163
10089,10163
10090,10163
10091,10163
10092,10163
10093,10163
10094,10163
10095,10163
10096,10163
10097,10163
10098,10163
10099,10163
10100,10163
10101,10163
10102,10163
10103,10163
10104,10163
10105,10163
10106,10163
10107,10163
10108,10163
10109,10163
10110,10163
10111,10163
10112,10163
10113,10163
10114,10163
10115,10163
10116,10163
10117,10163
10118,10163
10119,10163
10120,10163
10121,10163
10122,10163
10123,10163
10124,10163
10125,10163
10126,10163
10127,10163
10128,10163
10129,10163
10130,10163
10131,10163
10132,10163
10133,10163
10134,10163
10135,10163
10136,10163
10137,10163
10138,10163
10139,10163
10140,10163
10141,10163
10142,10163
10143,10163
10144,10163
10145,10163
10146,10163
10147,10163
10148,10163
10149,10163
10150,10163
10151,10163
10152,10163
10153,10163
10154,10163
10155,10163
10156,10163
10157,10163
10158,10163
10159,10163
10160,10163
10161,10163
10162,10163
10163,10163
10164,10163
10165,10163
10166,10163
10167,10163
10168,10163
10169,10163
10170,10163
10171,10163
10172,10163
10173,10163
10174,10163
10175,10163
10176,10163
10177,10163
10178,10163
10179,10163
10180,10163
10181,10163
10182,10163
10183,10163
10184,10163
10185,10163
10186,10163
10187,10163
10188,10163
10189,10163
10190,10163
10191,10163
10192,10163
10193,10163
10194,10163
10195,10163
10196,10163
10197,10163
10198,10163
10199,10163
10200,10163
10201,10163
10202,10163
10203,10163
10204,10163
10205,10163
10206,10163
10207,10163
10208,10163
10209,10163
10210,10163
10211,10163
10212,10163
10213,10163
10214,10163
10215,10163
10216,10163
10217,10163
10218,10163
10219,10163
10220,10163
10221,10163
10222,10163
10223,10163
10224,10163
10225,10163
10226,10163
10227,10163
10228,10163
10229,10163
10230,10163
10231,10163
10232,10163
10233,10163
10234,10163
10235,10163
10236,10163
10237,10163
10238,10163
10239,10163
10240,10163
10241,10163
10242,10163
10243,10163
10244,10163
10245,10163
10246,10163
10247,10163
10248,10163
10249,10163
10250,10163
10251,10163
10252,10163
10253,10163
10254,10163
10255,10163
10256,10163
10257,10163
10258,10163
10259,10163
10260,10163
10261,10163
10262,10163
10263,10163
10264,10163
10265,10163
10266,10163
10267,10163
10268,10163
10269,10163
10270,10163
10271,10163
10272,10163
10273,10163
10274,10163
10275,10163
10276,10163
10277,10163
10278,10163
10279,10163
10280,10163
10281,10163
10282,10163
10283,10163
10284,10163
10285,10163
10286,10163
10287,10163
10288,10163
10289,10163
10290,10163
10291,10163
10292,10163
10293,10163
10294,10163
10295,10163
10296,10163
10297,10163
10298,10163
10299,10163
10300,10163
10301,10163
10302,10163
10303,10163
10304,10163
10305,10163
10306,10163
10307,10163
10308,10163
10309,10163
10310,10163
10311,10163
10312,10163
10313,10163
10314,10163
10315,10163
10316,10163
10317,10163
10318,10163
10319,10163
10320,10163
10321,10163
10322,10163
10323,10163
10324,10163
10325,10163
10326,10163
10327,10163
10328,10163
10329,10163
10330,10163
10331,10163
10332,10163
10333,10163
10334,10163
10335,10163
10336,10163
10088,10164
10089,10164
10090,10164
10091,10164
10092,10164
10093,10164
10094,10164
10095,10164
10096,10164
10097,10164
10098,10164
10099,10164
10100,10164
10101,10164
10102,10164
10103,10164
10104,10164
10105,10164
10106,10164
10107,10164
10108,10164
10109,10164
10110,10164
10111,10164
10112,10164
10113,10164
10114,10164
10115,10164
10116,10164
10117,10164
10118,10164
10119,10164
10120,10164
10121,10164
10122,10164
10123,10164
10124,10164
10125,10164
10126,10164
10127,10164
10128,10164
10129,10164
10130,10164
10131,10164
10132,10164
10133,10164
10134,10164
10135,10164
10136,10164
10137,10164
10138,10164
10139,10164
10140,10164
10141,10164
10142,10164
10143,10164
10144,10164
10145,10164
10146,10164
10147,10164
10148,10164
10149,10164
10150,10164
10151,10164
10152,10164
10153,10164
10154,10164
10155,10164
10156,10164
10157,10164
10158,10164
10159,10164
10160,10164
10161,10164
10162,10164
10163,10164
10164,10164
10165,10164
10166,10164
10167,10164
10168,10164
10169,10164
10170,10164
10171,10164
10172,10164
10173,10164
10174,10164
10175,10164
10176,10164
10177,10164
10178,10164
10179,10164
10180,10164
10181,10164
10182,10164
10183,10164
10184,10164
10185,10164
10186,10164
10187,10164
10188,10164
10189,10164
10190,10164
10191,10164
10192,10164
10193,10164
10194,10164
10195,10164
10196,10164
10197,10164
10198,10164
10199,10164
10200,10164
10201,10164
10202,10164
10203,10164
10204,10164
10205,10164
10206,10164
10207,10164
10208,10164
10209,10164
10210,10164
10211,10164
10212,10164
10213,10164
10214,10164
10215,10164
10216,10164
10217,10164
10218,10164
10219,10164
10220,10164
10221,10164
10222,10164
10223,10164
10224,10164
10225,10164
10226,10164
10227,10164
10228,10164
10229,10164
10230,10164
10231,10164
10232,10164
10233,10164
10234,10164
10235,10164
10236,10164
10237,10164
10238,10164
10239,10164
10240,10164
10241,10164
10242,10164
10243,10164
10244,10164
10245,10164
10246,10164
10247,10164
10248,10164
10249,10164
10250,10164
10251,10164
10252,10164
10253,10164
10254,10164
10255,10164
10256,10164
10257,10164
10258,10164
10259,10164
10260,10164
10261,10164
10262,10164
10263,10164
10264,10164
10265,10164
10266,10164
10267,10164
10268,10164
10269,10164
10270,10164
10271,10164
10272,10164
10273,10164
10274,10164
10275,10164
10276,10164
10277,10164
10278,10164
10279,10164
10280,10164
10281,10164
10282,10164
10283,10164
10284,10164
10285,10164
10286,10164
10287,10164
10288,10164
10289,10164
10290,10164
10291,10164
10292,10164
10293,10164
10294,10164
10295,10164
10296,10164
10297,10164
10298,10164
10299,10164
10300,10164
10301,10164
10302,10164
10303,10164
10304,10164
10305,10164
10306,10164
10307,10164
10308,10164
10309,10164
10310,10164
10311,10164
10312,10164
10313,10164
10314,10164
10315,10164
10316,10164
10317,10164
10318,10164
10319,10164
10320,10164
10321,10164
10322,10164
10323,10164
10324,10164
10325,10164
10326,10164
10327,10164
10328,10164
10329,10164
10330,10164
10331,10164
10332,10164
10333,10164
10334,10164
10335,10164
10336,10164
10088,10165
10089,10165
10090,10165
10091,10165
10092,10165
10093,10165
10094,10165
10095,10165
10096,10165
10097,10165
10098,10165
10099,10165
10100,10165
10101,10165
10102,10165
10103,10165
10104,10165
10105,10165
10106,10165
10107,10165
10108,10165
10109,10165
10110,10165
10111,10165
10112,10165
10113,10165
10114,10165
10115,10165
10116,10165
10117,10165
10118,10165
10119,10165
10120,10165
10121,10165
10122,10165
10123,10165
10124,10165
10125,10165
10126,10165
10127,10165
10128,10165
10129,10165
10130,10165
10131,10165
10132,10165
10133,10165
10134,10165
10135,10165
10136,10165
10137,10165
10138,10165
10139,10165
10140,10165
10141,10165
10142,10165
10143,10165
10144,10165
10145,10165
10146,10165
10147,10165
10148,10165
10149,10165
10150,10165
10151,10165
10152,10165
10153,10165
10154,10165
10155,10165
10156,10165
10157,10165
10158,10165
10159,10165
10160,10165
10161,10165
10162,10165
10163,10165
10164,10165
10165,10165
10166,10165
10167,10165
10168,10165
10169,10165
10170,10165
10171,10165
10172,10165
10173,10165
10174,10165
10175,10165
10176,10165
10177,10165
10178,10165
10179,10165
10180,10165
10181,10165
10182,10165
10183,10165
10184,10165
10185,10165
10186,10165
10187,10165
10188,10165
10189,10165
10190,10165
10191,10165
10192,10165
10193,10165
10194,10165
10195,10165
10196,10165
10197,10165
10198,10165
10199,10165
10200,10165
10201,10165
10202,10165
10203,10165
10204,10165
10205,10165
10206,10165
10207,10165
10208,10165
10209,10165
10210,10165
10211,10165
10212,10165
10213,10165
10214,10165
10215,10165
10216,10165
10217,10165
10218,10165
10219,10165
10220,10165
10221,10165
10222,10165
10223,10165
10224,10165
10225,10165
10226,10165
10227,10165
10228,10165
10229,10165
10230,10165
10231,10165
10232,10165
10233,10165
10234,10165
10235,10165
10236,10165
10237,10165
10238,10165
10239,10165
10240,10165
10241,10165
10242,10165
10243,10165
10244,10165
10245,10165
10246,10165
10247,10165
10248,10165
10249,10165
10250,10165
10251,10165
10252,10165
10253,10165
10254,10165
10255,10165
10256,10165
10257,10165
10258,10165
10259,10165
10260,10165
10261,10165
10262,10165
10263,10165
10264,10165
10265,10165
10266,10165
10267,10165
10268,10165
10269,10165
10270,10165
10271,10165
10272,10165
10273,10165
10274,10165
10275,10165
10276,10165
10277,10165
10278,10165
10279,10165
10280,10165
10281,10165
10282,10165
10283,10165
10284,10165
10285,10165
10286,10165
10287,10165
10288,10165
10289,10165
10290,10165
10291,10165
10292,10165
10293,10165
10294,10165
10295,10165
10296,10165
10297,10165
10298,10165
10299,10165
10300,10165
10301,10165
10302,10165
10303,10165
10304,10165
10305,10165
10306,10165
10307,10165
10308,10165
10309,10165
10310,10165
10311,10165
10312,10165
10313,10165
10314,10165
10315,10165
10316,10165
10317,10165
10318,10165
10319,10165
10320,10165
10321,10165
10322,10165
10323,10165
10324,10165
10325,10165
10326,10165
10327,10165
10328,10165
10329,10165
10330,10165
10331,10165
10332,10165
10333,10165
10334,10165
10335,10165
10336,10165
10088,10166
10089,10166
10090,10166
10091,10166
10092,10166
10093,10166
10094,10166
10095,10166
10096,10166
10097,10166
10098,10166
10099,10166
10100,10166
10101,10166
10102,10166
10103,10166
10104,10166
10105,10166
10106,10166
10107,10166
10108,10166
10109,10166
10110,10166
10111,10166
10112,10166
10113,10166
10114,10166
10115,10166
10116,10166
10117,10166
10118,10166
10119,10166
10120,10166
10121,10166
10122,10166
10123,10166
10124,10166
10125,10166
10126,10166
10127,10166
10128,10166
10129,10166
10130,10166
10131,10166
10132,10166
10133,10166
10134,10166
10135,10166
10136,10166
10137,10166
10138,10166
10139,10166
10140,10166
10141,10166
10142,10166
10143,10166
10144,10166
10145,10166
10146,10166
10147,10166
10148,10166
10149,10166
10150,10166
10151,10166
10152,10166
10153,10166
10154,10166
10155,10166
10156,10166
10157,10166
10158,10166
10159,10166
10160,10166
10161,10166
10162,10166
10163,10166
10164,10166
10165,10166
10166,10166
10167,10166
10168,10166
10169,10166
10170,10166
10171,10166
10172,10166
10173,10166
10174,10166
10175,10166
10176,10166
10177,10166
10178,10166
10179,10166
10180,10166
10181,10166
10182,10166
10183,10166
10184,10166
10185,10166
10186,10166
10187,10166
10188,10166
10189,10166
10190,10166
10191,10166
10192,10166
10193,10166
10194,10166
10195,10166
10196,10166
10197,10166
10198,10166
10199,10166
10200,10166
10201,10166
10202,10166
10203,10166
10204,10166
10205,10166
10206,10166
10207,10166
10208,10166
10209,10166
10210,10166
10211,10166
10212,10166
10213,10166
10214,10166
10215,10166
10216,10166
10217,10166
10218,10166
10219,10166
10220,10166
10221,10166
10222,10166
10223,10166
10224,10166
10225,10166
10226,10166
10227,10166
10228,10166
10229,10166
10230,10166
10231,10166
10232,10166
10233,10166
10234,10166
10235,10166
10236,10166
10237,10166
10238,10166
10239,10166
10240,10166
10241,10166
10242,10166
10243,10166
10244,10166
10245,10166
10246,10166
10247,10166
10248,10166
10249,10166
10250,10166
10251,10166
10252,10166
10253,10166
10254,10166
10255,10166
10256,10166
10257,10166
10258,10166
10259,10166
10260,10166
10261,10166
10262,10166
10263,10166
10264,10166
10265,10166
10266,10166
10267,10166
10268,10166
10269,10166
10270,10166
10271,10166
10272,10166
10273,10166
10274,10166
10275,10166
10276,10166
10277,10166
10278,10166
10279,10166
10280,10166
10281,10166
10282,10166
10283,10166
10284,10166
10285,10166
10286,10166
10287,10166
10288,10166
10289,10166
10290,10166
10291,10166
10292,10166
10293,10166
10294,10166
10295,10166
10296,10166
10297,10166
10298,10166
10299,10166
10300,10166
10301,10166
10302,10166
10303,10166
10304,10166
10305,10166
10306,10166
10307,10166
10308,10166
10309,10166
10310,10166
10311,10166
10312,10166
10313,10166
10314,10166
10315,10166
10316,10166
10317,10166
10318,10166
10319,10166
10320,10166
10321,10166
10322,10166
10323,10166
10324,10166
10325,10166
10326,10166
10327,10166
10328,10166
10329,10166
10330,10166
10331,10166
10332,10166
10333,10166
10334,10166
10335,10166
10336,10166
10088,10167
10089,10167
10090,10167
10091,10167
10092,10167
10093,10167
10094,10167
10095,10167
10096,10167
10097,10167
10098,10167
10099,10167
10100,10167
10101,10167
10102,10167
10103,10167
10104,10167
10105,10167
10106,10167
10107,10167
10108,10167
10109,10167
10110,10167
10111,10167
10112,10167
10113,10167
10114,10167
10115,10167
10116,10167
10117,10167
10118,10167
10119,10167
10120,10167
10121,10167
10122,10167
10123,10167
10124,10167
10125,10167
10126,10167
10127,10167
10128,10167
10129,10167
10130,10167
10131,10167
10132,10167
10133,10167
10134,10167
10135,10167
10136,10167
10137,10167
10138,10167
10139,10167
10140,10167
10141,10167
10142,10167
10143,10167
10144,10167
10145,10167
10146,10167
10147,10167
10148,10167
10149,10167
10150,10167
10151,10167
10152,10167
10153,10167
10154,10167
10155,10167
10156,10167
10157,10167
10158,10167
10159,10167
10160,10167
10161,10167
10162,10167
10163,10167
10164,10167
10165,10167
10166,10167
10167,10167
10168,10167
10169,10167
10170,10167
10171,10167
10172,10167
10173,10167
10174,10167
10175,10167
10176,10167
10177,10167
10178,10167
10179,10167
10180,10167
10181,10167
10182,10167
10183,10167
10184,10167
10185,10167
10186,10167
10187,10167
10188,10167
10189,10167
10190,10167
10191,10167
10192,10167
10193,10167
10194,10167
10195,10167
10196,10167
10197,10167
10198,10167
10199,10167
10200,10167
10201,10167
10202,10167
10203,10167
10204,10167
10205,10167
10206,10167
10207,10167
10208,10167
10209,10167
10210,10167
10211,10167
10212,10167
10213,10167
10214,10167
10215,10167
10216,10167
10217,10167
10218,10167
10219,10167
10220,10167
10221,10167
10222,10167
10223,10167
10224,10167
10225,10167
10226,10167
10227,10167
10228,10167
10229,10167
10230,10167
10231,10167
10232,10167
10233,10167
10234,10167
10235,10167
10236,10167
10237,10167
10238,10167
10239,10167
10240,10167
10241,10167
10242,10167
10243,10167
10244,10167
10245,10167
10246,10167
10247,10167
10248,10167
10249,10167
10250,10167
10251,10167
10252,10167
10253,10167
10254,10167
10255,10167
10256,10167
10257,10167
10258,10167
10259,10167
10260,10167
10261,10167
10262,10167
10263,10167
10264,10167
10265,10167
10266,10167
10267,10167
10268,10167
10269,10167
10270,10167
10271,10167
10272,10167
10273,10167
10274,10167
10275,10167
10276,10167
10277,10167
10278,10167
10279,10167
10280,10167
10281,10167
10282,10167
10283,10167
10284,10167
10285,10167
10286,10167
10287,10167
10288,10167
10289,10167
10290,10167
10291,10167
10292,10167
10293,10167
10294,10167
10295,10167
10296,10167
10297,10167
10298,10167
10299,10167
10300,10167
10301,10167
10302,10167
10303,10167
10304,10167
10305,10167
10306,10167
10307,10167
10308,10167
10309,10167
10310,10167
10311,10167
10312,10167
10313,10167
10314,10167
10315,10167
10316,10167
10317,10167
10318,10167
10319,10167
10320,10167
10321,10167
10322,10167
10323,10167
10324,10167
10325,10167
10326,10167
10327,10167
10328,10167
10329,10167
10330,10167
10331,10167
10332,10167
10333,10167
10334,10167
10335,10167
10336,10167
10088,10168
10089,10168
10090,10168
10091,10168
10092,10168
10093,10168
10094,10168
10095,10168
10096,10168
10097,10168
10098,10168
10099,10168
10100,10168
10101,10168
10102,10168
10103,10168
10104,10168
10105,10168
10106,10168
10107,10168
10108,10168
10109,10168
10110,10168
10111,10168
10112,10168
10113,10168
10114,10168
10115,10168
10116,10168
10117,10168
10118,10168
10119,10168
10120,10168
10121,10168
10122,10168
10123,10168
10124,10168
10125,10168
10126,10168
10127,10168
10128,10168
10129,10168
10130,10168
10131,10168
10132,10168
10133,10168
10134,10168
10135,10168
10136,10168
10137,10168
10138,10168
10139,10168
10140,10168
10141,10168
10142,10168
10143,10168
10144,10168
10145,10168
10146,10168
10147,10168
10148,10168
10149,10168
10150,10168
10151,10168
10152,10168
10153,10168
10154,10168
10155,10168
10156,10168
10157,10168
10158,10168
10159,10168
10160,10168
10161,10168
10162,10168
10163,10168
10164,10168
10165,10168
10166,10168
10167,10168
10168,10168
10169,10168
10170,10168
10171,10168
10172,10168
10173,10168
10174,10168
10175,10168
10176,10168
10177,10168
10178,10168
10179,10168
10180,10168
10181,10168
10182,10168
10183,10168
10184,10168
10185,10168
10186,10168
10187,10168
10188,10168
10189,10168
10190,10168
10191,10168
10192,10168
10193,10168
10194,10168
10195,10168
10196,10168
10197,10168
10198,10168
10199,10168
10200,10168
10201,10168
10202,10168
10203,10168
10204,10168
10205,10168
10206,10168
10207,10168
10208,10168
10209,10168
10210,10168
10211,10168
10212,10168
10213,10168
10214,10168
10215,10168
10216,10168
10217,10168
10218,10168
10219,10168
10220,10168
10221,10168
10222,10168
10223,10168
10224,10168
10225,10168
10226,10168
10227,10168
10228,10168
10229,10168
10230,10168
10231,10168
10232,10168
10233,10168
10234,10168
10235,10168
10236,10168
10237,10168
10238,10168
10239,10168
10240,10168
10241,10168
10242,10168
10243,10168
10244,10168
10245,10168
10246,10168
10247,10168
10248,10168
10249,10168
10250,10168
10251,10168
10252,10168
10253,10168
10254,10168
10255,10168
10256,10168
10257,10168
10258,10168
10259,10168
10260,10168
10261,10168
10262,10168
10263,10168
10264,10168
10265,10168
10266,10168
10267,10168
10268,10168
10269,10168
10270,10168
10271,10168
10272,10168
10273,10168
10274,10168
10275,10168
10276,10168
10277,10168
10278,10168
10279,10168
10280,10168
10281,10168
10282,10168
10283,10168
10284,10168
10285,10168
10286,10168
10287,10168
10288,10168
10289,10168
10290,10168
10291,10168
10292,10168
10293,10168
10294,10168
10295,10168
10296,10168
10297,10168
10298,10168
10299,10168
10300,10168
10301,10168
10302,10168
10303,10168
10304,10168
10305,10168
10306,10168
10307,10168
10308,10168
10309,10168
10310,10168
10311,10168
10312,10168
10313,10168
10314,10168
10315,10168
10316,10168
10317,10168
10318,10168
10319,10168
10320,10168
10321,10168
10322,10168
10323,10168
10324,10168
10325,10168
10326,10168
10327,10168
10328,10168
10329,10168
10330,10168
10331,10168
10332,10168
10333,10168
10334,10168
10335,10168
10336,10168
10088,10169
10089,10169
10090,10169
10091,10169
10092,10169
10093,10169
10094,10169
10095,10169
10096,10169
10097,10169
10098,10169
10099,10169
10100,10169
10101,10169
10102,10169
10103,10169
10104,10169
10105,10169
10106,10169
10107,10169
10108,10169
10109,10169
10110,10169
10111,10169
10112,10169
10113,10169
10114,10169
10115,10169
10116,10169
10117,10169
10118,10169
10119,10169
10120,10169
10121,10169
10122,10169
10123,10169
10124,10169
10125,10169
10126,10169
10127,10169
10128,10169
10129,10169
10130,10169
10131,10169
10132,10169
10133,10169
10134,10169
10135,10169
10136,10169
10137,10169
10138,10169
10139,10169
10140,10169
10141,10169
10142,10169
10143,10169
10144,10169
10145,10169
10146,10169
10147,10169
10148,10169
10149,10169
10150,10169
10151,10169
10152,10169
10153,10169
10154,10169
10155,10169
10156,10169
10157,10169
10158,10169
10159,10169
10160,10169
10161,10169
10162,10169
10163,10169
10164,10169
10165,10169
10166,10169
10167,10169
10168,10169
10169,10169
10170,10169
10171,10169
10172,10169
10173,10169
10174,10169
10175,10169
10176,10169
10177,10169
10178,10169
10179,10169
10180,10169
10181,10169
10182,10169
10183,10169
10184,10169
10185,10169
10186,10169
10187,10169
10188,10169
10189,10169
10190,10169
10191,10169
10192,10169
10193,10169
10194,10169
10195,10169
10196,10169
10197,10169
10198,10169
10199,10169
10200,10169
10201,10169
10202,10169
10203,10169
10204,10169
10205,10169
10206,10169
10207,10169
10208,10169
10209,10169
10210,10169
10211,10169
10212,10169
10213,10169
10214,10169
10215,10169
10216,10169
10217,10169
10218,10169
10219,10169
10220,10169
10221,10169
10222,10169
10223,10169
10224,10169
10225,10169
10226,10169
10227,10169
10228,10169
10229,10169
10230,10169
10231,10169
10232,10169
10233,10169
10234,10169
10235,10169
10236,10169
10237,10169
10238,10169
10239,10169
10240,10169
10241,10169
10242,10169
10243,10169
10244,10169
10245,10169
10246,10169
10247,10169
10248,10169
10249,10169
10250,10169
10251,10169
10252,10169
10253,10169
10254,10169
10255,10169
10256,10169
10257,10169
10258,10169
10259,10169
10260,10169
10261,10169
10262,10169
10263,10169
10264,10169
10265,10169
10266,10169
10267,10169
10268,10169
10269,10169
10270,10169
10271,10169
10272,10169
10273,10169
10274,10169
10275,10169
10276,10169
10277,10169
10278,10169
10279,10169
10280,10169
10281,10169
10282,10169
10283,10169
10284,10169
10285,10169
10286,10169
10287,10169
10288,10169
10289,10169
10290,10169
10291,10169
10292,10169
10293,10169
10294,10169
10295,10169
10296,10169
10297,10169
10298,10169
10299,10169
10300,10169
10301,10169
10302,10169
10303,10169
10304,10169
10305,10169
10306,10169
10307,10169
10308,10169
10309,10169
10310,10169
10311,10169
10312,10169
10313,10169
10314,10169
10315,10169
10316,10169
10317,10169
10318,10169
10319,10169
10320,10169
10321,10169
10322,10169
10323,10169
10324,10169
10325,10169
10326,10169
10327,10169
10328,10169
10329,10169
10330,10169
10331,10169
10332,10169
10333,10169
10334,10169
10335,10169
10336,10169
10088,10170
10089,10170
10090,10170
10091,10170
10092,10170
10093,10170
10094,10170
10095,10170
10096,10170
10097,10170
10098,10170
10099,10170
10100,10170
10101,10170
10102,10170
10103,10170
10104,10170
10105,10170
10106,10170
10107,10170
10108,10170
10109,10170
10110,10170
10111,10170
10112,10170
10113,10170
10114,10170
10115,10170
10116,10170
10117,10170
10118,10170
10119,10170
10120,10170
10121,10170
10122,10170
10123,10170
10124,10170
10125,10170
10126,10170
10127,10170
10128,10170
10129,10170
10130,10170
10131,10170
10132,10170
10133,10170
10134,10170
10135,10170
10136,10170
10137,10170
10138,10170
10139,10170
10140,10170
10141,10170
10142,10170
10143,10170
10144,10170
10145,10170
10146,10170
10147,10170
10148,10170
10149,10170
10150,10170
10151,10170
10152,10170
10153,10170
10154,10170
10155,10170
10156,10170
10157,10170
10158,10170
10159,10170
10160,10170
10161,10170
10162,10170
10163,10170
10164,10170
10165,10170
10166,10170
10167,10170
10168,10170
10169,10170
10170,10170
10171,10170
10172,10170
10173,10170
10174,10170
10175,10170
10176,10170
10177,10170
10178,10170
10179,10170
10180,10170
10181,10170
10182,10170
10183,10170
10184,10170
10185,10170
10186,10170
10187,10170
10188,10170
10189,10170
10190,10170
10191,10170
10192,10170
10193,10170
10194,10170
10195,10170
10196,10170
10197,10170
10198,10170
10199,10170
10200,10170
10201,10170
10202,10170
10203,10170
10204,10170
10205,10170
10206,10170
10207,10170
10208,10170
10209,10170
10210,10170
10211,10170
10212,10170
10213,10170
10214,10170
10215,10170
10216,10170
10217,10170
10218,10170
10219,10170
10220,10170
10221,10170
10222,10170
10223,10170
10224,10170
10225,10170
10226,10170
10227,10170
10228,10170
10229,10170
10230,10170
10231,10170
10232,10170
10233,10170
10234,10170
10235,10170
10236,10170
10237,10170
10238,10170
10239,10170
10240,10170
10241,10170
10242,10170
10243,10170
10244,10170
10245,10170
10246,10170
10247,10170
10248,10170
10249,10170
10250,10170
10251,10170
10252,10170
10253,10170
10254,10170
10255,10170
10256,10170
10257,10170
10258,10170
10259,10170
10260,10170
10261,10170
10262,10170
10263,10170
10264,10170
10265,10170
10266,10170
10267,10170
10268,10170
10269,10170
10270,10170
10271,10170
10272,10170
10273,10170
10274,10170
10275,10170
10276,10170
10277,10170
10278,10170
10279,10170
10280,10170
10281,10170
10282,10170
10283,10170
10284,10170
10285,10170
10286,10170
10287,10170
10288,10170
10289,10170
10290,10170
10291,10170
10292,10170
10293,10170
10294,10170
10295,10170
10296,10170
10297,10170
10298,10170
10299,10170
10300,10170
10301,10170
10302,10170
10303,10170
10304,10170
10305,10170
10306,10170
10307,10170
10308,10170
10309,10170
10310,10170
10311,10170
10312,10170
10313,10170
10314,10170
10315,10170
10316,10170
10317,10170
10318,10170
10319,10170
10320,10170
10321,10170
10322,10170
10323,10170
10324,10170
10325,10170
10326,10170
10327,10170
10328,10170
10329,10170
10330,10170
10331,10170
10332,10170
10333,10170
10334,10170
10335,10170
10336,10170
10088,10171
10089,10171
10090,10171
10091,10171
10092,10171
10093,10171
10094,10171
10095,10171
10096,10171
10097,10171
10098,10171
10099,10171
10100,10171
10101,10171
10102,10171
10103,10171
10104,10171
10105,10171
10106,10171
10107,10171
10108,10171
10109,10171
10110,10171
10111,10171
10112,10171
10113,10171
10114,10171
10115,10171
10116,10171
10117,10171
10118,10171
10119,10171
10120,10171
10121,10171
10122,10171
10123,10171
10124,10171
10125,10171
10126,10171
10127,10171
10128,10171
10129,10171
10130,10171
10131,10171
10132,10171
10133,10171
10134,10171
10135,10171
10136,10171
10137,10171
10138,10171
10139,10171
10140,10171
10141,10171
10142,10171
10143,10171
10144,10171
10145,10171
10146,10171
10147,10171
10148,10171
10149,10171
10150,10171
10151,10171
10152,10171
10153,10171
10154,10171
10155,10171
10156,10171
10157,10171
10158,10171
10159,10171
10160,10171
10161,10171
10162,10171
10163,10171
10164,10171
10165,10171
10166,10171
10167,10171
10168,10171
10169,10171
10170,10171
10171,10171
10172,10171
10173,10171
10174,10171
10175,10171
10176,10171
10177,10171
10178,10171
10179,10171
10180,10171
10181,10171
10182,10171
10183,10171
10184,10171
10185,10171
10186,10171
10187,10171
10188,10171
10189,10171
10190,10171
10191,10171
10192,10171
10193,10171
10194,10171
10195,10171
10196,10171
10197,10171
10198,10171
10199,10171
10200,10171
10201,10171
10202,10171
10203,10171
10204,10171
10205,10171
10206,10171
10207,10171
10208,10171
10209,10171
10210,10171
10211,10171
10212,10171
10213,10171
10214,10171
10215,10171
10216,10171
10217,10171
10218,10171
10219,10171
10220,10171
10221,10171
10222,10171
10223,10171
10224,10171
10225,10171
10226,10171
10227,10171
10228,10171
10229,10171
10230,10171
10231,10171
10232,10171
10233,10171
10234,10171
10235,10171
10236,10171
10237,10171
10238,10171
10239,10171
10240,10171
10241,10171
10242,10171
10243,10171
10244,10171
10245,10171
10246,10171
10247,10171
10248,10171
10249,10171
10250,10171
10251,10171
10252,10171
10253,10171
10254,10171
10255,10171
10256,10171
10257,10171
10258,10171
10259,10171
10260,10171
10261,10171
10262,10171
10263,10171
10264,10171
10265,10171
10266,10171
10267,10171
10268,10171
10269,10171
10270,10171
10271,10171
10272,10171
10273,10171
10274,10171
10275,10171
10276,10171
10277,10171
10278,10171
10279,10171
10280,10171
10281,10171
10282,10171
10283,10171
10284,10171
10285,10171
10286,10171
10287,10171
10288,10171
10289,10171
10290,10171
10291,10171
10292,10171
10293,10171
10294,10171
10295,10171
10296,10171
10297,10171
10298,10171
10299,10171
10300,10171
10301,10171
10302,10171
10303,10171
10304,10171
10305,10171
10306,10171
10307,10171
10308,10171
10309,10171
10310,10171
10311,10171
10312,10171
10313,10171
10314,10171
10315,10171
10316,10171
10317,10171
10318,10171
10319,10171
10320,10171
10321,10171
10322,10171
10323,10171
10324,10171
10325,10171
10326,10171
10327,10171
10328,10171
10329,10171
10330,10171
10331,10171
10332,10171
10333,10171
10334,10171
10335,10171
10336,10171
10088,10172
10089,10172
10090,10172
10091,10172
10092,10172
10093,10172
10094,10172
10095,10172
10096,10172
10097,10172
10098,10172
10099,10172
10100,10172
10101,10172
10102,10172
10103,10172
10104,10172
10105,10172
10106,10172
10107,10172
10108,10172
10109,10172
10110,10172
10111,10172
10112,10172
10113,10172
10114,10172
10115,10172
10116,10172
10117,10172
10118,10172
10119,10172
10120,10172
10121,10172
10122,10172
10123,10172
10124,10172
10125,10172
10126,10172
10127,10172
10128,10172
10129,10172
10130,10172
10131,10172
10132,10172
10133,10172
10134,10172
10135,10172
10136,10172
10137,10172
10138,10172
10139,10172
10140,10172
10141,10172
10142,10172
10143,10172
10144,10172
10145,10172
10146,10172
10147,10172
10148,10172
10149,10172
10150,10172
10151,10172
10152,10172
10153,10172
10154,10172
10155,10172
10156,10172
10157,10172
10158,10172
10159,10172
10160,10172
10161,10172
10162,10172
10163,10172
10164,10172
10165,10172
10166,10172
10167,10172
10168,10172
10169,10172
10170,10172
10171,10172
10172,10172
10173,10172
10174,10172
10175,10172
10176,10172
10177,10172
10178,10172
10179,10172
10180,10172
10181,10172
10182,10172
10183,10172
10184,10172
10185,10172
10186,10172
10187,10172
10188,10172
10189,10172
10190,10172
10191,10172
10192,10172
10193,10172
10194,10172
10195,10172
10196,10172
10197,10172
10198,10172
10199,10172
10200,10172
10201,10172
10202,10172
10203,10172
10204,10172
10205,10172
10206,10172
10207,10172
10208,10172
10209,10172
10210,10172
10211,10172
10212,10172
10213,10172
10214,10172
10215,10172
10216,10172
10217,10172
10218,10172
10219,10172
10220,10172
10221,10172
10222,10172
10223,10172
10224,10172
10225,10172
10226,10172
10227,10172
10228,10172
10229,10172
10230,10172
10231,10172
10232,10172
10233,10172
10234,10172
10235,10172
10236,10172
10237,10172
10238,10172
10239,10172
10240,10172
10241,10172
10242,10172
10243,10172
10244,10172
10245,10172
10246,10172
10247,10172
10248,10172
10249,10172
10250,10172
10251,10172
10252,10172
10253,10172
10254,10172
10255,10172
10256,10172
10257,10172
10258,10172
10259,10172
10260,10172
10261,10172
10262,10172
10263,10172
10264,10172
10265,10172
10266,10172
10267,10172
10268,10172
10269,10172
10270,10172
10271,10172
10272,10172
10273,10172
10274,10172
10275,10172
10276,10172
10277,10172
10278,10172
10279,10172
10280,10172
10281,10172
10282,10172
10283,10172
10284,10172
10285,10172
10286,10172
10287,10172
10288,10172
10289,10172
10290,10172
10291,10172
10292,10172
10293,10172
10294,10172
10295,10172
10296,10172
10297,10172
10298,10172
10299,10172
10300,10172
10301,10172
10302,10172
10303,10172
10304,10172
10305,10172
10306,10172
10307,10172
10308,10172
10309,10172
10310,10172
10311,10172
10312,10172
10313,10172
10314,10172
10315,10172
10316,10172
10317,10172
10318,10172
10319,10172
10320,10172
10321,10172
10322,10172
10323,10172
10324,10172
10325,10172
10326,10172
10327,10172
10328,10172
10329,10172
10330,10172
10331,10172
10332,10172
10333,10172
10334,10172
10335,10172
10336,10172
10088,10173
10089,10173
10090,10173
10091,10173
10092,10173
10093,10173
10094,10173
10095,10173
10096,10173
10097,10173
10098,10173
10099,10173
10100,10173
10101,10173
10102,10173
10103,10173
10104,10173
10105,10173
10106,10173
10107,10173
10108,10173
10109,10173
10110,10173
10111,10173
10112,10173
10113,10173
10114,10173
10115,10173
10116,10173
10117,10173
10118,10173
10119,10173
10120,10173
10121,10173
10122,10173
10123,10173
10124,10173
10125,10173
10126,10173
10127,10173
10128,10173
10129,10173
10130,10173
10131,10173
10132,10173
10133,10173
10134,10173
10135,10173
10136,10173
10137,10173
10138,10173
10139,10173
10140,10173
10141,10173
10142,10173
10143,10173
10144,10173
10145,10173
10146,10173
10147,10173
10148,10173
10149,10173
10150,10173
10151,10173
10152,10173
10153,10173
10154,10173
10155,10173
10156,10173
10157,10173
10158,10173
10159,10173
10160,10173
10161,10173
10162,10173
10163,10173
10164,10173
10165,10173
10166,10173
10167,10173
10168,10173
10169,10173
10170,10173
10171,10173
10172,10173
10173,10173
10174,10173
10175,10173
10176,10173
10177,10173
10178,10173
10179,10173
10180,10173
10181,10173
10182,10173
10183,10173
10184,10173
10185,10173
10186,10173
10187,10173
10188,10173
10189,10173
10190,10173
10191,10173
10192,10173
10193,10173
10194,10173
10195,10173
10196,10173
10197,10173
10198,10173
10199,10173
10200,10173
10201,10173
10202,10173
10203,10173
10204,10173
10205,10173
10206,10173
10207,10173
10208,10173
10209,10173
10210,10173
10211,10173
10212,10173
10213,10173
10214,10173
10215,10173
10216,10173
10217,10173
10218,10173
10219,10173
10220,10173
10221,10173
10222,10173
10223,10173
10224,10173
10225,10173
10226,10173
10227,10173
10228,10173
10229,10173
10230,10173
10231,10173
10232,10173
10233,10173
10234,10173
10235,10173
10236,10173
10237,10173
10238,10173
10239,10173
10240,10173
10241,10173
10242,10173
10243,10173
10244,10173
10245,10173
10246,10173
10247,10173
10248,10173
10249,10173
10250,10173
10251,10173
10252,10173
10253,10173
10254,10173
10255,10173
10256,10173
10257,10173
10258,10173
10259,10173
10260,10173
10261,10173
10262,10173
10263,10173
10264,10173
10265,10173
10266,10173
10267,10173
10268,10173
10269,10173
10270,10173
10271,10173
10272,10173
10273,10173
10274,10173
10275,10173
10276,10173
10277,10173
10278,10173
10279,10173
10280,10173
10281,10173
10282,10173
10283,10173
10284,10173
10285,10173
10286,10173
10287,10173
10288,10173
10289,10173
10290,10173
10291,10173
10292,10173
10293,10173
10294,10173
10295,10173
10296,10173
10297,10173
10298,10173
10299,10173
10300,10173
10301,10173
10302,10173
10303,10173
10304,10173
10305,10173
10306,10173
10307,10173
10308,10173
10309,10173
10310,10173
10311,10173
10312,10173
10313,10173
10314,10173
10315,10173
10316,10173
10317,10173
10318,10173
10319,10173
10320,10173
10321,10173
10322,10173
10323,10173
10324,10173
10325,10173
10326,10173
10327,10173
10328,10173
10329,10173
10330,10173
10331,10173
10332,10173
10333,10173
10334,10173
10335,10173
10336,10173
10088,10174
10089,10174
10090,10174
10091,10174
10092,10174
10093,10174
10094,10174
10095,10174
10096,10174
10097,10174
10098,10174
10099,10174
10100,10174
10101,10174
10102,10174
10103,10174
10104,10174
10105,10174
10106,10174
10107,10174
10108,10174
10109,10174
10110,10174
10111,10174
10112,10174
10113,10174
10114,10174
10115,10174
10116,10174
10117,10174
10118,10174
10119,10174
10120,10174
10121,10174
10122,10174
10123,10174
10124,10174
10125,10174
10126,10174
10127,10174
10128,10174
10129,10174
10130,10174
10131,10174
10132,10174
10133,10174
10134,10174
10135,10174
10136,10174
10137,10174
10138,10174
10139,10174
10140,10174
10141,10174
10142,10174
10143,10174
10144,10174
10145,10174
10146,10174
10147,10174
10148,10174
10149,10174
10150,10174
10151,10174
10152,10174
10153,10174
10154,10174
10155,10174
10156,10174
10157,10174
10158,10174
10159,10174
10160,10174
10161,10174
10162,10174
10163,10174
10164,10174
10165,10174
10166,10174
10167,10174
10168,10174
10169,10174
10170,10174
10171,10174
10172,10174
10173,10174
10174,10174
10175,10174
10176,10174
10177,10174
10178,10174
10179,10174
10180,10174
10181,10174
10182,10174
10183,10174
10184,10174
10185,10174
10186,10174
10187,10174
10188,10174
10189,10174
10190,10174
10191,10174
10192,10174
10193,10174
10194,10174
10195,10174
10196,10174
10197,10174
10198,10174
10199,10174
10200,10174
10201,10174
10202,10174
10203,10174
10204,10174
10205,10174
10206,10174
10207,10174
10208,10174
10209,10174
10210,10174
10211,10174
10212,10174
10213,10174
10214,10174
10215,10174
10216,10174
10217,10174
10218,10174
10219,10174
10220,10174
10221,10174
10222,10174
10223,10174
10224,10174
10225,10174
10226,10174
10227,10174
10228,10174
10229,10174
10230,10174
10231,10174
10232,10174
10233,10174
10234,10174
10235,10174
10236,10174
10237,10174
10238,10174
10239,10174
10240,10174
10241,10174
10242,10174
10243,10174
10244,10174
10245,10174
10246,10174
10247,10174
10248,10174
10249,10174
10250,10174
10251,10174
10252,10174
10253,10174
10254,10174
10255,10174
10256,10174
10257,10174
10258,10174
10259,10174
10260,10174
10261,10174
10262,10174
10263,10174
10264,10174
10265,10174
10266,10174
10267,10174
10268,10174
10269,10174
10270,10174
10271,10174
10272,10174
10273,10174
10274,10174
10275,10174
10276,10174
10277,10174
10278,10174
10279,10174
10280,10174
10281,10174
10282,10174
10283,10174
10284,10174
10285,10174
10286,10174
10287,10174
10288,10174
10289,10174
10290,10174
10291,10174
10292,10174
10293,10174
10294,10174
10295,10174
10296,10174
10297,10174
10298,10174
10299,10174
10300,10174
10301,10174
10302,10174
10303,10174
10304,10174
10305,10174
10306,10174
10307,10174
10308,10174
10309,10174
10310,10174
10311,10174
10312,10174
10313,10174
10314,10174
10315,10174
10316,10174
10317,10174
10318,10174
10319,10174
10320,10174
10321,10174
10322,10174
10323,10174
10324,10174
10325,10174
10326,10174
10327,10174
10328,10174
10329,10174
10330,10174
10331,10174
10332,10174
10333,10174
10334,10174
10335,10174
10336,10174
10088,10175
10089,10175
10090,10175
10091,10175
10092,10175
10093,10175
10094,10175
10095,10175
10096,10175
10097,10175
10098,10175
10099,10175
10100,10175
10101,10175
10102,10175
10103,10175
10104,10175
10105,10175
10106,10175
10107,10175
10108,10175
10109,10175
10110,10175
10111,10175
10112,10175
10113,10175
10114,10175
10115,10175
10116,10175
10117,10175
10118,10175
10119,10175
10120,10175
10121,10175
10122,10175
10123,10175
10124,10175
10125,10175
10126,10175
10127,10175
10128,10175
10129,10175
10130,10175
10131,10175
10132,10175
10133,10175
10134,10175
10135,10175
10136,10175
10137,10175
10138,10175
10139,10175
10140,10175
10141,10175
10142,10175
10143,10175
10144,10175
10145,10175
10146,10175
10147,10175
10148,10175
10149,10175
10150,10175
10151,10175
10152,10175
10153,10175
10154,10175
10155,10175
10156,10175
10157,10175
10158,10175
10159,10175
10160,10175
10161,10175
10162,10175
10163,10175
10164,10175
10165,10175
10166,10175
10167,10175
10168,10175
10169,10175
10170,10175
10171,10175
10172,10175
10173,10175
10174,10175
10175,10175
10176,10175
10177,10175
10178,10175
10179,10175
10180,10175
10181,10175
10182,10175
10183,10175
10184,10175
10185,10175
10186,10175
10187,10175
10188,10175
10189,10175
10190,10175
10191,10175
10192,10175
10193,10175
10194,10175
10195,10175
10196,10175
10197,10175
10198,10175
10199,10175
10200,10175
10201,10175
10202,10175
10203,10175
10204,10175
10205,10175
10206,10175
10207,10175
10208,10175
10209,10175
10210,10175
10211,10175
10212,10175
10213,10175
10214,10175
10215,10175
10216,10175
10217,10175
10218,10175
10219,10175
10220,10175
10221,10175
10222,10175
10223,10175
10224,10175
10225,10175
10226,10175
10227,10175
10228,10175
10229,10175
10230,10175
10231,10175
10232,10175
10233,10175
10234,10175
10235,10175
10236,10175
10237,10175
10238,10175
10239,10175
10240,10175
10241,10175
10242,10175
10243,10175
10244,10175
10245,10175
10246,10175
10247,10175
10248,10175
10249,10175
10250,10175
10251,10175
10252,10175
10253,10175
10254,10175
10255,10175
10256,10175
10257,10175
10258,10175
10259,10175
10260,10175
10261,10175
10262,10175
10263,10175
10264,10175
10265,10175
10266,10175
10267,10175
10268,10175
10269,10175
10270,10175
10271,10175
10272,10175
10273,10175
10274,10175
10275,10175
10276,10175
10277,10175
10278,10175
10279,10175
10280,10175
10281,10175
10282,10175
10283,10175
10284,10175
10285,10175
10286,10175
10287,10175
10288,10175
10289,10175
10290,10175
10291,10175
10292,10175
10293,10175
10294,10175
10295,10175
10296,10175
10297,10175
10298,10175
10299,10175
10300,10175
10301,10175
10302,10175
10303,10175
10304,10175
10305,10175
10306,10175
10307,10175
10308,10175
10309,10175
10310,10175
10311,10175
10312,10175
10313,10175
10314,10175
10315,10175
10316,10175
10317,10175
10318,10175
10319,10175
10320,10175
10321,10175
10322,10175
10323,10175
10324,10175
10325,10175
10326,10175
10327,10175
10328,10175
10329,10175
10330,10175
10331,10175
10332,10175
10333,10175
10334,10175
10335,10175
10336,10175
10088,10176
10089,10176
10090,10176
10091,10176
10092,10176
10093,10176
10094,10176
10095,10176
10096,10176
10097,10176
10098,10176
10099,10176
10100,10176
10101,10176
10102,10176
10103,10176
10104,10176
10105,10176
10106,10176
10107,10176
10108,10176
10109,10176
10110,10176
10111,10176
10112,10176
10113,10176
10114,10176
10115,10176
10116,10176
10117,10176
10118,10176
10119,10176
10120,10176
10121,10176
10122,10176
10123,10176
10124,10176
10125,10176
10126,10176
10127,10176
10128,10176
10129,10176
10130,10176
10131,10176
10132,10176
10133,10176
10134,10176
10135,10176
10136,10176
10137,10176
10138,10176
10139,10176
10140,10176
10141,10176
10142,10176
10143,10176
10144,10176
10145,10176
10146,10176
10147,10176
10148,10176
10149,10176
10150,10176
10151,10176
10152,10176
10153,10176
10154,10176
10155,10176
10156,10176
10157,10176
10158,10176
10159,10176
10160,10176
10161,10176
10162,10176
10163,10176
10164,10176
10165,10176
10166,10176
10167,10176
10168,10176
10169,10176
10170,10176
10171,10176
10172,10176
10173,10176
10174,10176
10175,10176
10176,10176
10177,10176
10178,10176
10179,10176
10180,10176
10181,10176
10182,10176
10183,10176
10184,10176
10185,10176
10186,10176
10187,10176
10188,10176
10189,10176
10190,10176
10191,10176
10192,10176
10193,10176
10194,10176
10195,10176
10196,10176
10197,10176
10198,10176
10199,10176
10200,10176
10201,10176
10202,10176
10203,10176
10204,10176
10205,10176
10206,10176
10207,10176
10208,10176
10209,10176
10210,10176
10211,10176
10212,10176
10213,10176
10214,10176
10215,10176
10216,10176
10217,10176
10218,10176
10219,10176
10220,10176
10221,10176
10222,10176
10223,10176
10224,10176
10225,10176
10226,10176
10227,10176
10228,10176
10229,10176
10230,10176
10231,10176
10232,10176
10233,10176
10234,10176
10235,10176
10236,10176
10237,10176
10238,10176
10239,10176
10240,10176
10241,10176
10242,10176
10243,10176
10244,10176
10245,10176
10246,10176
10247,10176
10248,10176
10249,10176
10250,10176
10251,10176
10252,10176
10253,10176
10254,10176
10255,10176
10256,10176
10257,10176
10258,10176
10259,10176
10260,10176
10261,10176
10262,10176
10263,10176
10264,10176
10265,10176
10266,10176
10267,10176
10268,10176
10269,10176
10270,10176
10271,10176
10272,10176
10273,10176
10274,10176
10275,10176
10276,10176
10277,10176
10278,10176
10279,10176
10280,10176
10281,10176
10282,10176
10283,10176
10284,10176
10285,10176
10286,10176
10287,10176
10288,10176
10289,10176
10290,10176
10291,10176
10292,10176
10293,10176
10294,10176
10295,10176
10296,10176
10297,10176
10298,10176
10299,10176
10300,10176
10301,10176
10302,10176
10303,10176
10304,10176
10305,10176
10306,10176
10307,10176
10308,10176
10309,10176
10310,10176
10311,10176
10312,10176
10313,10176
10314,10176
10315,10176
10316,10176
10317,10176
10318,10176
10319,10176
10320,10176
10321,10176
10322,10176
10323,10176
10324,10176
10325,10176
10326,10176
10327,10176
10328,10176
10329,10176
10330,10176
10331,10176
10332,10176
10333,10176
10334,10176
10335,10176
10336,10176
10088,10177
10089,10177
10090,10177
10091,10177
10092,10177
10093,10177
10094,10177
10095,10177
10096,10177
10097,10177
10098,10177
10099,10177
10100,10177
10101,10177
10102,10177
10103,10177
10104,10177
10105,10177
10106,10177
10107,10177
10108,10177
10109,10177
10110,10177
10111,10177
10112,10177
10113,10177
10114,10177
10115,10177
10116,10177
10117,10177
10118,10177
10119,10177
10120,10177
10121,10177
10122,10177
10123,10177
10124,10177
10125,10177
10126,10177
10127,10177
10128,10177
10129,10177
10130,10177
10131,10177
10132,10177
10133,10177
10134,10177
10135,10177
10136,10177
10137,10177
10138,10177
10139,10177
10140,10177
10141,10177
10142,10177
10143,10177
10144,10177
10145,10177
10146,10177
10147,10177
10148,10177
10149,10177
10150,10177
10151,10177
10152,10177
10153,10177
10154,10177
10155,10177
10156,10177
10157,10177
10158,10177
10159,10177
10160,10177
10161,10177
10162,10177
10163,10177
10164,10177
10165,10177
10166,10177
10167,10177
10168,10177
10169,10177
10170,10177
10171,10177
10172,10177
10173,10177
10174,10177
10175,10177
10176,10177
10177,10177
10178,10177
10179,10177
10180,10177
10181,10177
10182,10177
10183,10177
10184,10177
10185,10177
10186,10177
10187,10177
10188,10177
10189,10177
10190,10177
10191,10177
10192,10177
10193,10177
10194,10177
10195,10177
10196,10177
10197,10177
10198,10177
10199,10177
10200,10177
10201,10177
10202,10177
10203,10177
10204,10177
10205,10177
10206,10177
10207,10177
10208,10177
10209,10177
10210,10177
10211,10177
10212,10177
10213,10177
10214,10177
10215,10177
10216,10177
10217,10177
10218,10177
10219,10177
10220,10177
10221,10177
10222,10177
10223,10177
10224,10177
10225,10177
10226,10177
10227,10177
10228,10177
10229,10177
10230,10177
10231,10177
10232,10177
10233,10177
10234,10177
10235,10177
10236,10177
10237,10177
10238,10177
10239,10177
10240,10177
10241,10177
10242,10177
10243,10177
10244,10177
10245,10177
10246,10177
10247,10177
10248,10177
10249,10177
10250,10177
10251,10177
10252,10177
10253,10177
10254,10177
10255,10177
10256,10177
10257,10177
10258,10177
10259,10177
10260,10177
10261,10177
10262,10177
10263,10177
10264,10177
10265,10177
10266,10177
10267,10177
10268,10177
10269,10177
10270,10177
10271,10177
10272,10177
10273,10177
10274,10177
10275,10177
10276,10177
10277,10177
10278,10177
10279,10177
10280,10177
10281,10177
10282,10177
10283,10177
10284,10177
10285,10177
10286,10177
10287,10177
10288,10177
10289,10177
10290,10177
10291,10177
10292,10177
10293,10177
10294,10177
10295,10177
10296,10177
10297,10177
10298,10177
10299,10177
10300,10177
10301,10177
10302,10177
10303,10177
10304,10177
10305,10177
10306,10177
10307,10177
10308,10177
10309,10177
10310,10177
10311,10177
10312,10177
10313,10177
10314,10177
10315,10177
10316,10177
10317,10177
10318,10177
10319,10177
10320,10177
10321,10177
10322,10177
10323,10177
10324,10177
10325,10177
10326,10177
10327,10177
10328,10177
10329,10177
10330,10177
10331,10177
10332,10177
10333,10177
10334,10177
10335,10177
10336,10177
10088,10178
10089,10178
10090,10178
10091,10178
10092,10178
10093,10178
10094,10178
10095,10178
10096,10178
10097,10178
10098,10178
10099,10178
10100,10178
10101,10178
10102,10178
10103,10178
10104,10178
10105,10178
10106,10178
10107,10178
10108,10178
10109,10178
10110,10178
10111,10178
10112,10178
10113,10178
10114,10178
10115,10178
10116,10178
10117,10178
10118,10178
10119,10178
10120,10178
10121,10178
10122,10178
10123,10178
10124,10178
10125,10178
10126,10178
10127,10178
10128,10178
10129,10178
10130,10178
10131,10178
10132,10178
10133,10178
10134,10178
10135,10178
10136,10178
10137,10178
10138,10178
10139,10178
10140,10178
10141,10178
10142,10178
10143,10178
10144,10178
10145,10178
10146,10178
10147,10178
10148,10178
10149,10178
10150,10178
10151,10178
10152,10178
10153,10178
10154,10178
10155,10178
10156,10178
10157,10178
10158,10178
10159,10178
10160,10178
10161,10178
10162,10178
10163,10178
10164,10178
10165,10178
10166,10178
10167,10178
10168,10178
10169,10178
10170,10178
10171,10178
10172,10178
10173,10178
10174,10178
10175,10178
10176,10178
10177,10178
10178,10178
10179,10178
10180,10178
10181,10178
10182,10178
10183,10178
10184,10178
10185,10178
10186,10178
10187,10178
10188,10178
10189,10178
10190,10178
10191,10178
10192,10178
10193,10178
10194,10178
10195,10178
10196,10178
10197,10178
10198,10178
10199,10178
10200,10178
10201,10178
10202,10178
10203,10178
10204,10178
10205,10178
10206,10178
10207,10178
10208,10178
10209,10178
10210,10178
10211,10178
10212,10178
10213,10178
10214,10178
10215,10178
10216,10178
10217,10178
10218,10178
10219,10178
10220,10178
10221,10178
10222,10178
10223,10178
10224,10178
10225,10178
10226,10178
10227,10178
10228,10178
10229,10178
10230,10178
10231,10178
10232,10178
10233,10178
10234,10178
10235,10178
10236,10178
10237,10178
10238,10178
10239,10178
10240,10178
10241,10178
10242,10178
10243,10178
10244,10178
10245,10178
10246,10178
10247,10178
10248,10178
10249,10178
10250,10178
10251,10178
10252,10178
10253,10178
10254,10178
10255,10178
10256,10178
10257,10178
10258,10178
10259,10178
10260,10178
10261,10178
10262,10178
10263,10178
10264,10178
10265,10178
10266,10178
10267,10178
10268,10178
10269,10178
10270,10178
10271,10178
10272,10178
10273,10178
10274,10178
10275,10178
10276,10178
10277,10178
10278,10178
10279,10178
10280,10178
10281,10178
10282,10178
10283,10178
10284,10178
10285,10178
10286,10178
10287,10178
10288,10178
10289,10178
10290,10178
10291,10178
10292,10178
10293,10178
10294,10178
10295,10178
10296,10178
10297,10178
10298,10178
10299,10178
10300,10178
10301,10178
10302,10178
10303,10178
10304,10178
10305,10178
10306,10178
10307,10178
10308,10178
10309,10178
10310,10178
10311,10178
10312,10178
10313,10178
10314,10178
10315,10178
10316,10178
10317,10178
10318,10178
10319,10178
10320,10178
10321,10178
10322,10178
10323,10178
10324,10178
10325,10178
10326,10178
10327,10178
10328,10178
10329,10178
10330,10178
10331,10178
10332,10178
10333,10178
10334,10178
10335,10178
10336,10178
10088,10179
10089,10179
10090,10179
10091,10179
10092,10179
10093,10179
10094,10179
10095,10179
10096,10179
10097,10179
10098,10179
10099,10179
10100,10179
10101,10179
10102,10179
10103,10179
10104,10179
10105,10179
10106,10179
10107,10179
10108,10179
10109,10179
10110,10179
10111,10179
10112,10179
10113,10179
10114,10179
10115,10179
10116,10179
10117,10179
10118,10179
10119,10179
10120,10179
10121,10179
10122,10179
10123,10179
10124,10179
10125,10179
10126,10179
10127,10179
10128,10179
10129,10179
10130,10179
10131,10179
10132,10179
10133,10179
10134,10179
10135,10179
10136,10179
10137,10179
10138,10179
10139,10179
10140,10179
10141,10179
10142,10179
10143,10179
10144,10179
10145,10179
10146,10179
10147,10179
10148,10179
10149,10179
10150,10179
10151,10179
10152,10179
10153,10179
10154,10179
10155,10179
10156,10179
10157,10179
10158,10179
10159,10179
10160,10179
10161,10179
10162,10179
10163,10179
10164,10179
10165,10179
10166,10179
10167,10179
10168,10179
10169,10179
10170,10179
10171,10179
10172,10179
10173,10179
10174,10179
10175,10179
10176,10179
10177,10179
10178,10179
10179,10179
10180,10179
10181,10179
10182,10179
10183,10179
10184,10179
10185,10179
10186,10179
10187,10179
10188,10179
10189,10179
10190,10179
10191,10179
10192,10179
10193,10179
10194,10179
10195,10179
10196,10179
10197,10179
10198,10179
10199,10179
10200,10179
10201,10179
10202,10179
10203,10179
10204,10179
10205,10179
10206,10179
10207,10179
10208,10179
10209,10179
10210,10179
10211,10179
10212,10179
10213,10179
10214,10179
10215,10179
10216,10179
10217,10179
10218,10179
10219,10179
10220,10179
10221,10179
10222,10179
10223,10179
10224,10179
10225,10179
10226,10179
10227,10179
10228,10179
10229,10179
10230,10179
10231,10179
10232,10179
10233,10179
10234,10179
10235,10179
10236,10179
10237,10179
10238,10179
10239,10179
10240,10179
10241,10179
10242,10179
10243,10179
10244,10179
10245,10179
10246,10179
10247,10179
10248,10179
10249,10179
10250,10179
10251,10179
10252,10179
10253,10179
10254,10179
10255,10179
10256,10179
10257,10179
10258,10179
10259,10179
10260,10179
10261,10179
10262,10179
10263,10179
10264,10179
10265,10179
10266,10179
10267,10179
10268,10179
10269,10179
10270,10179
10271,10179
10272,10179
10273,10179
10274,10179
10275,10179
10276,10179
10277,10179
10278,10179
10279,10179
10280,10179
10281,10179
10282,10179
10283,10179
10284,10179
10285,10179
10286,10179
10287,10179
10288,10179
10289,10179
10290,10179
10291,10179
10292,10179
10293,10179
10294,10179
10295,10179
10296,10179
10297,10179
10298,10179
10299,10179
10300,10179
10301,10179
10302,10179
10303,10179
10304,10179
10305,10179
10306,10179
10307,10179
10308,10179
10309,10179
10310,10179
10311,10179
10312,10179
10313,10179
10314,10179
10315,10179
10316,10179
10317,10179
10318,10179
10319,10179
10320,10179
10321,10179
10322,10179
10323,10179
10324,10179
10325,10179
10326,10179
10327,10179
10328,10179
10329,10179
10330,10179
10331,10179
10332,10179
10333,10179
10334,10179
10335,10179
10336,10179
10088,10180
10089,10180
10090,10180
10091,10180
10092,10180
10093,10180
10094,10180
10095,10180
10096,10180
10097,10180
10098,10180
10099,10180
10100,10180
10101,10180
10102,10180
10103,10180
10104,10180
10105,10180
10106,10180
10107,10180
10108,10180
10109,10180
10110,10180
10111,10180
10112,10180
10113,10180
10114,10180
10115,10180
10116,10180
10117,10180
10118,10180
10119,10180
10120,10180
10121,10180
10122,10180
10123,10180
10124,10180
10125,10180
10126,10180
10127,10180
10128,10180
10129,10180
10130,10180
10131,10180
10132,10180
10133,10180
10134,10180
10135,10180
10136,10180
10137,10180
10138,10180
10139,10180
10140,10180
10141,10180
10142,10180
10143,10180
10144,10180
10145,10180
10146,10180
10147,10180
10148,10180
10149,10180
10150,10180
10151,10180
10152,10180
10153,10180
10154,10180
10155,10180
10156,10180
10157,10180
10158,10180
10159,10180
10160,10180
10161,10180
10162,10180
10163,10180
10164,10180
10165,10180
10166,10180
10167,10180
10168,10180
10169,10180
10170,10180
10171,10180
10172,10180
10173,10180
10174,10180
10175,10180
10176,10180
10177,10180
10178,10180
10179,10180
10180,10180
10181,10180
10182,10180
10183,10180
10184,10180
10185,10180
10186,10180
10187,10180
10188,10180
10189,10180
10190,10180
10191,10180
10192,10180
10193,10180
10194,10180
10195,10180
10196,10180
10197,10180
10198,10180
10199,10180
10200,10180
10201,10180
10202,10180
10203,10180
10204,10180
10205,10180
10206,10180
10207,10180
10208,10180
10209,10180
10210,10180
10211,10180
10212,10180
10213,10180
10214,10180
10215,10180
10216,10180
10217,10180
10218,10180
10219,10180
10220,10180
10221,10180
10222,10180
10223,10180
10224,10180
10225,10180
10226,10180
10227,10180
10228,10180
10229,10180
10230,10180
10231,10180
10232,10180
10233,10180
10234,10180
10235,10180
10236,10180
10237,10180
10238,10180
10239,10180
10240,10180
10241,10180
10242,10180
10243,10180
10244,10180
10245,10180
10246,10180
10247,10180
10248,10180
10249,10180
10250,10180
10251,10180
10252,10180
10253,10180
10254,10180
10255,10180
10256,10180
10257,10180
10258,10180
10259,10180
10260,10180
10261,10180
10262,10180
10263,10180
10264,10180
10265,10180
10266,10180
10267,10180
10268,10180
10269,10180
10270,10180
10271,10180
10272,10180
10273,10180
10274,10180
10275,10180
10276,10180
10277,10180
10278,10180
10279,10180
10280,10180
10281,10180
10282,10180
10283,10180
10284,10180
10285,10180
10286,10180
10287,10180
10288,10180
10289,10180
10290,10180
10291,10180
10292,10180
10293,10180
10294,10180
10295,10180
10296,10180
10297,10180
10298,10180
10299,10180
10300,10180
10301,10180
10302,10180
10303,10180
10304,10180
10305,10180
10306,10180
10307,10180
10308,10180
10309,10180
10310,10180
10311,10180
10312,10180
10313,10180
10314,10180
10315,10180
10316,10180
10317,10180
10318,10180
10319,10180
10320,10180
10321,10180
10322,10180
10323,10180
10324,10180
10325,10180
10326,10180
10327,10180
10328,10180
10329,10180
10330,10180
10331,10180
10332,10180
10333,10180
10334,10180
10335,10180
10336,10180
10088,10181
10089,10181
10090,10181
10091,10181
10092,10181
10093,10181
10094,10181
10095,10181
10096,10181
10097,10181
10098,10181
10099,10181
10100,10181
10101,10181
10102,10181
10103,10181
10104,10181
10105,10181
10106,10181
10107,10181
10108,10181
10109,10181
10110,10181
10111,10181
10112,10181
10113,10181
10114,10181
10115,10181
10116,10181
10117,10181
10118,10181
10119,10181
10120,10181
10121,10181
10122,10181
10123,10181
10124,10181
10125,10181
10126,10181
10127,10181
10128,10181
10129,10181
10130,10181
10131,10181
10132,10181
10133,10181
10134,10181
10135,10181
10136,10181
10137,10181
10138,10181
10139,10181
10140,10181
10141,10181
10142,10181
10143,10181
10144,10181
10145,10181
10146,10181
10147,10181
10148,10181
10149,10181
10150,10181
10151,10181
10152,10181
10153,10181
10154,10181
10155,10181
10156,10181
10157,10181
10158,10181
10159,10181
10160,10181
10161,10181
10162,10181
10163,10181
10164,10181
10165,10181
10166,10181
10167,10181
10168,10181
10169,10181
10170,10181
10171,10181
10172,10181
10173,10181
10174,10181
10175,10181
10176,10181
10177,10181
10178,10181
10179,10181
10180,10181
10181,10181
10182,10181
10183,10181
10184,10181
10185,10181
10186,10181
10187,10181
10188,10181
10189,10181
10190,10181
10191,10181
10192,10181
10193,10181
10194,10181
10195,10181
10196,10181
10197,10181
10198,10181
10199,10181
10200,10181
10201,10181
10202,10181
10203,10181
10204,10181
10205,10181
10206,10181
10207,10181
10208,10181
10209,10181
10210,10181
10211,10181
10212,10181
10213,10181
10214,10181
10215,10181
10216,10181
10217,10181
10218,10181
10219,10181
10220,10181
10221,10181
10222,10181
10223,10181
10224,10181
10225,10181
10226,10181
10227,10181
10228,10181
10229,10181
10230,10181
10231,10181
10232,10181
10233,10181
10234,10181
10235,10181
10236,10181
10237,10181
10238,10181
10239,10181
10240,10181
10241,10181
10242,10181
10243,10181
10244,10181
10245,10181
10246,10181
10247,10181
10248,10181
10249,10181
10250,10181
10251,10181
10252,10181
10253,10181
10254,10181
10255,10181
10256,10181
10257,10181
10258,10181
10259,10181
10260,10181
10261,10181
10262,10181
10263,10181
10264,10181
10265,10181
10266,10181
10267,10181
10268,10181
10269,10181
10270,10181
10271,10181
10272,10181
10273,10181
10274,10181
10275,10181
10276,10181
10277,10181
10278,10181
10279,10181
10280,10181
10281,10181
10282,10181
10283,10181
10284,10181
10285,10181
10286,10181
10287,10181
10288,10181
10289,10181
10290,10181
10291,10181
10292,10181
10293,10181
10294,10181
10295,10181
10296,10181
10297,10181
10298,10181
10299,10181
10300,10181
10301,10181
10302,10181
10303,10181
10304,10181
10305,10181
10306,10181
10307,10181
10308,10181
10309,10181
10310,10181
10311,10181
10312,10181
10313,10181
10314,10181
10315,10181
10316,10181
10317,10181
10318,10181
10319,10181
10320,10181
10321,10181
10322,10181
10323,10181
10324,10181
10325,10181
10326,10181
10327,10181
10328,10181
10329,10181
10330,10181
10331,10181
10332,10181
10333,10181
10334,10181
10335,10181
10336,10181
10088,10182
10089,10182
10090,10182
10091,10182
10092,10182
10093,10182
10094,10182
10095,10182
10096,10182
10097,10182
10098,10182
10099,10182
10100,10182
10101,10182
10102,10182
10103,10182
10104,10182
10105,10182
10106,10182
10107,10182
10108,10182
10109,10182
10110,10182
10111,10182
10112,10182
10113,10182
10114,10182
10115,10182
10116,10182
10117,10182
10118,10182
10119,10182
10120,10182
10121,10182
10122,10182
10123,10182
10124,10182
10125,10182
10126,10182
10127,10182
10128,10182
10129,10182
10130,10182
10131,10182
10132,10182
10133,10182
10134,10182
10135,10182
10136,10182
10137,10182
10138,10182
10139,10182
10140,10182
10141,10182
10142,10182
10143,10182
10144,10182
10145,10182
10146,10182
10147,10182
10148,10182
10149,10182
10150,10182
10151,10182
10152,10182
10153,10182
10154,10182
10155,10182
10156,10182
10157,10182
10158,10182
10159,10182
10160,10182
10161,10182
10162,10182
10163,10182
10164,10182
10165,10182
10166,10182
10167,10182
10168,10182
10169,10182
10170,10182
10171,10182
10172,10182
10173,10182
10174,10182
10175,10182
10176,10182
10177,10182
10178,10182
10179,10182
10180,10182
10181,10182
10182,10182
10183,10182
10184,10182
10185,10182
10186,10182
10187,10182
10188,10182
10189,10182
10190,10182
10191,10182
10192,10182
10193,10182
10194,10182
10195,10182
10196,10182
10197,10182
10198,10182
10199,10182
10200,10182
10201,10182
10202,10182
10203,10182
10204,10182
10205,10182
10206,10182
10207,10182
10208,10182
10209,10182
10210,10182
10211,10182
10212,10182
10213,10182
10214,10182
10215,10182
10216,10182
10217,10182
10218,10182
10219,10182
10220,10182
10221,10182
10222,10182
10223,10182
10224,10182
10225,10182
10226,10182
10227,10182
10228,10182
10229,10182
10230,10182
10231,10182
10232,10182
10233,10182
10234,10182
10235,10182
10236,10182
10237,10182
10238,10182
10239,10182
10240,10182
10241,10182
10242,10182
10243,10182
10244,10182
10245,10182
10246,10182
10247,10182
10248,10182
10249,10182
10250,10182
10251,10182
10252,10182
10253,10182
10254,10182
10255,10182
10256,10182
10257,10182
10258,10182
10259,10182
10260,10182
10261,10182
10262,10182
10263,10182
10264,10182
10265,10182
10266,10182
10267,10182
10268,10182
10269,10182
10270,10182
10271,10182
10272,10182
10273,10182
10274,10182
10275,10182
10276,10182
10277,10182
10278,10182
10279,10182
10280,10182
10281,10182
10282,10182
10283,10182
10284,10182
10285,10182
10286,10182
10287,10182
10288,10182
10289,10182
10290,10182
10291,10182
10292,10182
10293,10182
10294,10182
10295,10182
10296,10182
10297,10182
10298,10182
10299,10182
10300,10182
10301,10182
10302,10182
10303,10182
10304,10182
10305,10182
10306,10182
10307,10182
10308,10182
10309,10182
10310,10182
10311,10182
10312,10182
10313,10182
10314,10182
10315,10182
10316,10182
10317,10182
10318,10182
10319,10182
10320,10182
10321,10182
10322,10182
10323,10182
10324,10182
10325,10182
10326,10182
10327,10182
10328,10182
10329,10182
10330,10182
10331,10182
10332,10182
10333,10182
10334,10182
10335,10182
10336,10182
10088,10183
10089,10183
10090,10183
10091,10183
10092,10183
10093,10183
10094,10183
10095,10183
10096,10183
10097,10183
10098,10183
10099,10183
10100,10183
10101,10183
10102,10183
10103,10183
10104,10183
10105,10183
10106,10183
10107,10183
10108,10183
10109,10183
10110,10183
10111,10183
10112,10183
10113,10183
10114,10183
10115,10183
10116,10183
10117,10183
10118,10183
10119,10183
10120,10183
10121,10183
10122,10183
10123,10183
10124,10183
10125,10183
10126,10183
10127,10183
10128,10183
10129,10183
10130,10183
10131,10183
10132,10183
10133,10183
10134,10183
10135,10183
10136,10183
10137,10183
10138,10183
10139,10183
10140,10183
10141,10183
10142,10183
10143,10183
10144,10183
10145,10183
10146,10183
10147,10183
10148,10183
10149,10183
10150,10183
10151,10183
10152,10183
10153,10183
10154,10183
10155,10183
10156,10183
10157,10183
10158,10183
10159,10183
10160,10183
10161,10183
10162,10183
10163,10183
10164,10183
10165,10183
10166,10183
10167,10183
10168,10183
10169,10183
10170,10183
10171,10183
10172,10183
10173,10183
10174,10183
10175,10183
10176,10183
10177,10183
10178,10183
10179,10183
10180,10183
10181,10183
10182,10183
10183,10183
10184,10183
10185,10183
10186,10183
10187,10183
10188,10183
10189,10183
10190,10183
10191,10183
10192,10183
10193,10183
10194,10183
10195,10183
10196,10183
10197,10183
10198,10183
10199,10183
10200,10183
10201,10183
10202,10183
10203,10183
10204,10183
10205,10183
10206,10183
10207,10183
10208,10183
10209,10183
10210,10183
10211,10183
10212,10183
10213,10183
10214,10183
10215,10183
10216,10183
10217,10183
10218,10183
10219,10183
10220,10183
10221,10183
10222,10183
10223,10183
10224,10183
10225,10183
10226,10183
10227,10183
10228,10183
10229,10183
10230,10183
10231,10183
10232,10183
10233,10183
10234,10183
10235,10183
10236,10183
10237,10183
10238,10183
10239,10183
10240,10183
10241,10183
10242,10183
10243,10183
10244,10183
10245,10183
10246,10183
10247,10183
10248,10183
10249,10183
10250,10183
10251,10183
10252,10183
10253,10183
10254,10183
10255,10183
10256,10183
10257,10183
10258,10183
10259,10183
10260,10183
10261,10183
10262,10183
10263,10183
10264,10183
10265,10183
10266,10183
10267,10183
10268,10183
10269,10183
10270,10183
10271,10183
10272,10183
10273,10183
10274,10183
10275,10183
10276,10183
10277,10183
10278,10183
10279,10183
10280,10183
10281,10183
10282,10183
10283,10183
10284,10183
10285,10183
10286,10183
10287,10183
10288,10183
10289,10183
10290,10183
10291,10183
10292,10183
10293,10183
10294,10183
10295,10183
10296,10183
10297,10183
10298,10183
10299,10183
10300,10183
10301,10183
10302,10183
10303,10183
10304,10183
10305,10183
10306,10183
10307,10183
10308,10183
10309,10183
10310,10183
10311,10183
10312,10183
10313,10183
10314,10183
10315,10183
10316,10183
10317,10183
10318,10183
10319,10183
10320,10183
10321,10183
10322,10183
10323,10183
10324,10183
10325,10183
10326,10183
10327,10183
10328,10183
10329,10183
10330,10183
10331,10183
10332,10183
10333,10183
10334,10183
10335,10183
10336,10183
10088,10184
10089,10184
10090,10184
10091,10184
10092,10184
10093,10184
10094,10184
10095,10184
10096,10184
10097,10184
10098,10184
10099,10184
10100,10184
10101,10184
10102,10184
10103,10184
10104,10184
10105,10184
10106,10184
10107,10184
10108,10184
10109,10184
10110,10184
10111,10184
10112,10184
10113,10184
10114,10184
10115,10184
10116,10184
10117,10184
10118,10184
10119,10184
10120,10184
10121,10184
10122,10184
10123,10184
10124,10184
10125,10184
10126,10184
10127,10184
10128,10184
10129,10184
10130,10184
10131,10184
10132,10184
10133,10184
10134,10184
10135,10184
10136,10184
10137,10184
10138,10184
10139,10184
10140,10184
10141,10184
10142,10184
10143,10184
10144,10184
10145,10184
10146,10184
10147,10184
10148,10184
10149,10184
10150,10184
10151,10184
10152,10184
10153,10184
10154,10184
10155,10184
10156,10184
10157,10184
10158,10184
10159,10184
10160,10184
10161,10184
10162,10184
10163,10184
10164,10184
10165,10184
10166,10184
10167,10184
10168,10184
10169,10184
10170,10184
10171,10184
10172,10184
10173,10184
10174,10184
10175,10184
10176,10184
10177,10184
10178,10184
10179,10184
10180,10184
10181,10184
10182,10184
10183,10184
10184,10184
10185,10184
10186,10184
10187,10184
10188,10184
10189,10184
10190,10184
10191,10184
10192,10184
10193,10184
10194,10184
10195,10184
10196,10184
10197,10184
10198,10184
10199,10184
10200,10184
10201,10184
10202,10184
10203,10184
10204,10184
10205,10184
10206,10184
10207,10184
10208,10184
10209,10184
10210,10184
10211,10184
10212,10184
10213,10184
10214,10184
10215,10184
10216,10184
10217,10184
10218,10184
10219,10184
10220,10184
10221,10184
10222,10184
10223,10184
10224,10184
10225,10184
10226,10184
10227,10184
10228,10184
10229,10184
10230,10184
10231,10184
10232,10184
10233,10184
10234,10184
10235,10184
10236,10184
10237,10184
10238,10184
10239,10184
10240,10184
10241,10184
10242,10184
10243,10184
10244,10184
10245,10184
10246,10184
10247,10184
10248,10184
10249,10184
10250,10184
10251,10184
10252,10184
10253,10184
10254,10184
10255,10184
10256,10184
10257,10184
10258,10184
10259,10184
10260,10184
10261,10184
10262,10184
10263,10184
10264,10184
10265,10184
10266,10184
10267,10184
10268,10184
10269,10184
10270,10184
10271,10184
10272,10184
10273,10184
10274,10184
10275,10184
10276,10184
10277,10184
10278,10184
10279,10184
10280,10184
10281,10184
10282,10184
10283,10184
10284,10184
10285,10184
10286,10184
10287,10184
10288,10184
10289,10184
10290,10184
10291,10184
10292,10184
10293,10184
10294,10184
10295,10184
10296,10184
10297,10184
10298,10184
10299,10184
10300,10184
10301,10184
10302,10184
10303,10184
10304,10184
10305,10184
10306,10184
10307,10184
10308,10184
10309,10184
10310,10184
10311,10184
10312,10184
10313,10184
10314,10184
10315,10184
10316,10184
10317,10184
10318,10184
10319,10184
10320,10184
10321,10184
10322,10184
10323,10184
10324,10184
10325,10184
10326,10184
10327,10184
10328,10184
10329,10184
10330,10184
10331,10184
10332,10184
10333,10184
10334,10184
10335,10184
10336,10184
10088,10185
10089,10185
10090,10185
10091,10185
10092,10185
10093,10185
10094,10185
10095,10185
10096,10185
10097,10185
10098,10185
10099,10185
10100,10185
10101,10185
10102,10185
10103,10185
10104,10185
10105,10185
10106,10185
10107,10185
10108,10185
10109,10185
10110,10185
10111,10185
10112,10185
10113,10185
10114,10185
10115,10185
10116,10185
10117,10185
10118,10185
10119,10185
10120,10185
10121,10185
10122,10185
10123,10185
10124,10185
10125,10185
10126,10185
10127,10185
10128,10185
10129,10185
10130,10185
10131,10185
10132,10185
10133,10185
10134,10185
10135,10185
10136,10185
10137,10185
10138,10185
10139,10185
10140,10185
10141,10185
10142,10185
10143,10185
10144,10185
10145,10185
10146,10185
10147,10185
10148,10185
10149,10185
10150,10185
10151,10185
10152,10185
10153,10185
10154,10185
10155,10185
10156,10185
10157,10185
10158,10185
10159,10185
10160,10185
10161,10185
10162,10185
10163,10185
10164,10185
10165,10185
10166,10185
10167,10185
10168,10185
10169,10185
10170,10185
10171,10185
10172,10185
10173,10185
10174,10185
10175,10185
10176,10185
10177,10185
10178,10185
10179,10185
10180,10185
10181,10185
10182,10185
10183,10185
10184,10185
10185,10185
10186,10185
10187,10185
10188,10185
10189,10185
10190,10185
10191,10185
10192,10185
10193,10185
10194,10185
10195,10185
10196,10185
10197,10185
10198,10185
10199,10185
10200,10185
10201,10185
10202,10185
10203,10185
10204,10185
10205,10185
10206,10185
10207,10185
10208,10185
10209,10185
10210,10185
10211,10185
10212,10185
10213,10185
10214,10185
10215,10185
10216,10185
10217,10185
10218,10185
10219,10185
10220,10185
10221,10185
10222,10185
10223,10185
10224,10185
10225,10185
10226,10185
10227,10185
10228,10185
10229,10185
10230,10185
10231,10185
10232,10185
10233,10185
10234,10185
10235,10185
10236,10185
10237,10185
10238,10185
10239,10185
10240,10185
10241,10185
10242,10185
10243,10185
10244,10185
10245,10185
10246,10185
10247,10185
10248,10185
10249,10185
10250,10185
10251,10185
10252,10185
10253,10185
10254,10185
10255,10185
10256,10185
10257,10185
10258,10185
10259,10185
10260,10185
10261,10185
10262,10185
10263,10185
10264,10185
10265,10185
10266,10185
10267,10185
10268,10185
10269,10185
10270,10185
10271,10185
10272,10185
10273,10185
10274,10185
10275,10185
10276,10185
10277,10185
10278,10185
10279,10185
10280,10185
10281,10185
10282,10185
10283,10185
10284,10185
10285,10185
10286,10185
10287,10185
10288,10185
10289,10185
10290,10185
10291,10185
10292,10185
10293,10185
10294,10185
10295,10185
10296,10185
10297,10185
10298,10185
10299,10185
10300,10185
10301,10185
10302,10185
10303,10185
10304,10185
10305,10185
10306,10185
10307,10185
10308,10185
10309,10185
10310,10185
10311,10185
10312,10185
10313,10185
10314,10185
10315,10185
10316,10185
10317,10185
10318,10185
10319,10185
10320,10185
10321,10185
10322,10185
10323,10185
10324,10185
10325,10185
10326,10185
10327,10185
10328,10185
10329,10185
10330,10185
10331,10185
10332,10185
10333,10185
10334,10185
10335,10185
10336,10185
10088,10186
10089,10186
10090,10186
10091,10186
10092,10186
10093,10186
10094,10186
10095,10186
10096,10186
10097,10186
10098,10186
10099,10186
10100,10186
10101,10186
10102,10186
10103,10186
10104,10186
10105,10186
10106,10186
10107,10186
10108,10186
10109,10186
10110,10186
10111,10186
10112,10186
10113,10186
10114,10186
10115,10186
10116,10186
10117,10186
10118,10186
10119,10186
10120,10186
10121,10186
10122,10186
10123,10186
10124,10186
10125,10186
10126,10186
10127,10186
10128,10186
10129,10186
10130,10186
10131,10186
10132,10186
10133,10186
10134,10186
10135,10186
10136,10186
10137,10186
10138,10186
10139,10186
10140,10186
10141,10186
10142,10186
10143,10186
10144,10186
10145,10186
10146,10186
10147,10186
10148,10186
10149,10186
10150,10186
10151,10186
10152,10186
10153,10186
10154,10186
10155,10186
10156,10186
10157,10186
10158,10186
10159,10186
10160,10186
10161,10186
10162,10186
10163,10186
10164,10186
10165,10186
10166,10186
10167,10186
10168,10186
10169,10186
10170,10186
10171,10186
10172,10186
10173,10186
10174,10186
10175,10186
10176,10186
10177,10186
10178,10186
10179,10186
10180,10186
10181,10186
10182,10186
10183,10186
10184,10186
10185,10186
10186,10186
10187,10186
10188,10186
10189,10186
10190,10186
10191,10186
10192,10186
10193,10186
10194,10186
10195,10186
10196,10186
10197,10186
10198,10186
10199,10186
10200,10186
10201,10186
10202,10186
10203,10186
10204,10186
10205,10186
10206,10186
10207,10186
10208,10186
10209,10186
10210,10186
10211,10186
10212,10186
10213,10186
10214,10186
10215,10186
10216,10186
10217,10186
10218,10186
10219,10186
10220,10186
10221,10186
10222,10186
10223,10186
10224,10186
10225,10186
10226,10186
10227,10186
10228,10186
10229,10186
10230,10186
10231,10186
10232,10186
10233,10186
10234,10186
10235,10186
10236,10186
10237,10186
10238,10186
10239,10186
10240,10186
10241,10186
10242,10186
10243,10186
10244,10186
10245,10186
10246,10186
10247,10186
10248,10186
10249,10186
10250,10186
10251,10186
10252,10186
10253,10186
10254,10186
10255,10186
10256,10186
10257,10186
10258,10186
10259,10186
10260,10186
10261,10186
10262,10186
10263,10186
10264,10186
10265,10186
10266,10186
10267,10186
10268,10186
10269,10186
10270,10186
10271,10186
10272,10186
10273,10186
10274,10186
10275,10186
10276,10186
10277,10186
10278,10186
10279,10186
10280,10186
10281,10186
10282,10186
10283,10186
10284,10186
10285,10186
10286,10186
10287,10186
10288,10186
10289,10186
10290,10186
10291,10186
10292,10186
10293,10186
10294,10186
10295,10186
10296,10186
10297,10186
10298,10186
10299,10186
10300,10186
10301,10186
10302,10186
10303,10186
10304,10186
10305,10186
10306,10186
10307,10186
10308,10186
10309,10186
10310,10186
10311,10186
10312,10186
10313,10186
10314,10186
10315,10186
10316,10186
10317,10186
10318,10186
10319,10186
10320,10186
10321,10186
10322,10186
10323,10186
10324,10186
10325,10186
10326,10186
10327,10186
10328,10186
10329,10186
10330,10186
10331,10186
10332,10186
10333,10186
10334,10186
10335,10186
10336,10186
10088,10187
10089,10187
10090,10187
10091,10187
10092,10187
10093,10187
10094,10187
10095,10187
10096,10187
10097,10187
10098,10187
10099,10187
10100,10187
10101,10187
10102,10187
10103,10187
10104,10187
10105,10187
10106,10187
10107,10187
10108,10187
10109,10187
10110,10187
10111,10187
10112,10187
10113,10187
10114,10187
10115,10187
10116,10187
10117,10187
10118,10187
10119,10187
10120,10187
10121,10187
10122,10187
10123,10187
10124,10187
10125,10187
10126,10187
10127,10187
10128,10187
10129,10187
10130,10187
10131,10187
10132,10187
10133,10187
10134,10187
10135,10187
10136,10187
10137,10187
10138,10187
10139,10187
10140,10187
10141,10187
10142,10187
10143,10187
10144,10187
10145,10187
10146,10187
10147,10187
10148,10187
10149,10187
10150,10187
10151,10187
10152,10187
10153,10187
10154,10187
10155,10187
10156,10187
10157,10187
10158,10187
10159,10187
10160,10187
10161,10187
10162,10187
10163,10187
10164,10187
10165,10187
10166,10187
10167,10187
10168,10187
10169,10187
10170,10187
10171,10187
10172,10187
10173,10187
10174,10187
10175,10187
10176,10187
10177,10187
10178,10187
10179,10187
10180,10187
10181,10187
10182,10187
10183,10187
10184,10187
10185,10187
10186,10187
10187,10187
10188,10187
10189,10187
10190,10187
10191,10187
10192,10187
10193,10187
10194,10187
10195,10187
10196,10187
10197,10187
10198,10187
10199,10187
10200,10187
10201,10187
10202,10187
10203,10187
10204,10187
10205,10187
10206,10187
10207,10187
10208,10187
10209,10187
10210,10187
10211,10187
10212,10187
10213,10187
10214,10187
10215,10187
10216,10187
10217,10187
10218,10187
10219,10187
10220,10187
10221,10187
10222,10187
10223,10187
10224,10187
10225,10187
10226,10187
10227,10187
10228,10187
10229,10187
10230,10187
10231,10187
10232,10187
10233,10187
10234,10187
10235,10187
10236,10187
10237,10187
10238,10187
10239,10187
10240,10187
10241,10187
10242,10187
10243,10187
10244,10187
10245,10187
10246,10187
10247,10187
10248,10187
10249,10187
10250,10187
10251,10187
10252,10187
10253,10187
10254,10187
10255,10187
10256,10187
10257,10187
10258,10187
10259,10187
10260,10187
10261,10187
10262,10187
10263,10187
10264,10187
10265,10187
10266,10187
10267,10187
10268,10187
10269,10187
10270,10187
10271,10187
10272,10187
10273,10187
10274,10187
10275,10187
10276,10187
10277,10187
10278,10187
10279,10187
10280,10187
10281,10187
10282,10187
10283,10187
10284,10187
10285,10187
10286,10187
10287,10187
10288,10187
10289,10187
10290,10187
10291,10187
10292,10187
10293,10187
10294,10187
10295,10187
10296,10187
10297,10187
10298,10187
10299,10187
10300,10187
10301,10187
10302,10187
10303,10187
10304,10187
10305,10187
10306,10187
10307,10187
10308,10187
10309,10187
10310,10187
10311,10187
10312,10187
10313,10187
10314,10187
10315,10187
10316,10187
10317,10187
10318,10187
10319,10187
10320,10187
10321,10187
10322,10187
10323,10187
10324,10187
10325,10187
10326,10187
10327,10187
10328,10187
10329,10187
10330,10187
10331,10187
10332,10187
10333,10187
10334,10187
10335,10187
10336,10187
10088,10188
10089,10188
10090,10188
10091,10188
10092,10188
10093,10188
10094,10188
10095,10188
10096,10188
10097,10188
10098,10188
10099,10188
10100,10188
10101,10188
10102,10188
10103,10188
10104,10188
10105,10188
10106,10188
10107,10188
10108,10188
10109,10188
10110,10188
10111,10188
10112,10188
10113,10188
10114,10188
10115,10188
10116,10188
10117,10188
10118,10188
10119,10188
10120,10188
10121,10188
10122,10188
10123,10188
10124,10188
10125,10188
10126,10188
10127,10188
10128,10188
10129,10188
10130,10188
10131,10188
10132,10188
10133,10188
10134,10188
10135,10188
10136,10188
10137,10188
10138,10188
10139,10188
10140,10188
10141,10188
10142,10188
10143,10188
10144,10188
10145,10188
10146,10188
10147,10188
10148,10188
10149,10188
10150,10188
10151,10188
10152,10188
10153,10188
10154,10188
10155,10188
10156,10188
10157,10188
10158,10188
10159,10188
10160,10188
10161,10188
10162,10188
10163,10188
10164,10188
10165,10188
10166,10188
10167,10188
10168,10188
10169,10188
10170,10188
10171,10188
10172,10188
10173,10188
10174,10188
10175,10188
10176,10188
10177,10188
10178,10188
10179,10188
10180,10188
10181,10188
10182,10188
10183,10188
10184,10188
10185,10188
10186,10188
10187,10188
10188,10188
10189,10188
10190,10188
10191,10188
10192,10188
10193,10188
10194,10188
10195,10188
10196,10188
10197,10188
10198,10188
10199,10188
10200,10188
10201,10188
10202,10188
10203,10188
10204,10188
10205,10188
10206,10188
10207,10188
10208,10188
10209,10188
10210,10188
10211,10188
10212,10188
10213,10188
10214,10188
10215,10188
10216,10188
10217,10188
10218,10188
10219,10188
10220,10188
10221,10188
10222,10188
10223,10188
10224,10188
10225,10188
10226,10188
10227,10188
10228,10188
10229,10188
10230,10188
10231,10188
10232,10188
10233,10188
10234,10188
10235,10188
10236,10188
10237,10188
10238,10188
10239,10188
10240,10188
10241,10188
10242,10188
10243,10188
10244,10188
10245,10188
10246,10188
10247,10188
10248,10188
10249,10188
10250,10188
10251,10188
10252,10188
10253,10188
10254,10188
10255,10188
10256,10188
10257,10188
10258,10188
10259,10188
10260,10188
10261,10188
10262,10188
10263,10188
10264,10188
10265,10188
10266,10188
10267,10188
10268,10188
10269,10188
10270,10188
10271,10188
10272,10188
10273,10188
10274,10188
10275,10188
10276,10188
10277,10188
10278,10188
10279,10188
10280,10188
10281,10188
10282,10188
10283,10188
10284,10188
10285,10188
10286,10188
10287,10188
10288,10188
10289,10188
10290,10188
10291,10188
10292,10188
10293,10188
10294,10188
10295,10188
10296,10188
10297,10188
10298,10188
10299,10188
10300,10188
10301,10188
10302,10188
10303,10188
10304,10188
10305,10188
10306,10188
10307,10188
10308,10188
10309,10188
10310,10188
10311,10188
10312,10188
10313,10188
10314,10188
10315,10188
10316,10188
10317,10188
10318,10188
10319,10188
10320,10188
10321,10188
10322,10188
10323,10188
10324,10188
10325,10188
10326,10188
10327,10188
10328,10188
10329,10188
10330,10188
10331,10188
10332,10188
10333,10188
10334,10188
10335,10188
10336,10188
10088,10189
10089,10189
10090,10189
10091,10189
10092,10189
10093,10189
10094,10189
10095,10189
10096,10189
10097,10189
10098,10189
10099,10189
10100,10189
10101,10189
10102,10189
10103,10189
10104,10189
10105,10189
10106,10189
10107,10189
10108,10189
10109,10189
10110,10189
10111,10189
10112,10189
10113,10189
10114,10189
10115,10189
10116,10189
10117,10189
10118,10189
10119,10189
10120,10189
10121,10189
10122,10189
10123,10189
10124,10189
10125,10189
10126,10189
10127,10189
10128,10189
10129,10189
10130,10189
10131,10189
10132,10189
10133,10189
10134,10189
10135,10189
10136,10189
10137,10189
10138,10189
10139,10189
10140,10189
10141,10189
10142,10189
10143,10189
10144,10189
10145,10189
10146,10189
10147,10189
10148,10189
10149,10189
10150,10189
10151,10189
10152,10189
10153,10189
10154,10189
10155,10189
10156,10189
10157,10189
10158,10189
10159,10189
10160,10189
10161,10189
10162,10189
10163,10189
10164,10189
10165,10189
10166,10189
10167,10189
10168,10189
10169,10189
10170,10189
10171,10189
10172,10189
10173,10189
10174,10189
10175,10189
10176,10189
10177,10189
10178,10189
10179,10189
10180,10189
10181,10189
10182,10189
10183,10189
10184,10189
10185,10189
10186,10189
10187,10189
10188,10189
10189,10189
10190,10189
10191,10189
10192,10189
10193,10189
10194,10189
10195,10189
10196,10189
10197,10189
10198,10189
10199,10189
10200,10189
10201,10189
10202,10189
10203,10189
10204,10189
10205,10189
10206,10189
10207,10189
10208,10189
10209,10189
10210,10189
10211,10189
10212,10189
10213,10189
10214,10189
10215,10189
10216,10189
10217,10189
10218,10189
10219,10189
10220,10189
10221,10189
10222,10189
10223,10189
10224,10189
10225,10189
10226,10189
10227,10189
10228,10189
10229,10189
10230,10189
10231,10189
10232,10189
10233,10189
10234,10189
10235,10189
10236,10189
10237,10189
10238,10189
10239,10189
10240,10189
10241,10189
10242,10189
10243,10189
10244,10189
10245,10189
10246,10189
10247,10189
10248,10189
10249,10189
10250,10189
10251,10189
10252,10189
10253,10189
10254,10189
10255,10189
10256,10189
10257,10189
10258,10189
10259,10189
10260,10189
10261,10189
10262,10189
10263,10189
10264,10189
10265,10189
10266,10189
10267,10189
10268,10189
10269,10189
10270,10189
10271,10189
10272,10189
10273,10189
10274,10189
10275,10189
10276,10189
10277,10189
10278,10189
10279,10189
10280,10189
10281,10189
10282,10189
10283,10189
10284,10189
10285,10189
10286,10189
10287,10189
10288,10189
10289,10189
10290,10189
10291,10189
10292,10189
10293,10189
10294,10189
10295,10189
10296,10189
10297,10189
10298,10189
10299,10189
10300,10189
10301,10189
10302,10189
10303,10189
10304,10189
10305,10189
10306,10189
10307,10189
10308,10189
10309,10189
10310,10189
10311,10189
10312,10189
10313,10189
10314,10189
10315,10189
10316,10189
10317,10189
10318,10189
10319,10189
10320,10189
10321,10189
10322,10189
10323,10189
10324,10189
10325,10189
10326,10189
10327,10189
10328,10189
10329,10189
10330,10189
10331,10189
10332,10189
10333,10189
10334,10189
10335,10189
10336,10189
10088,10190
10089,10190
10090,10190
10091,10190
10092,10190
10093,10190
10094,10190
10095,10190
10096,10190
10097,10190
10098,10190
10099,10190
10100,10190
10101,10190
10102,10190
10103,10190
10104,10190
10105,10190
10106,10190
10107,10190
10108,10190
10109,10190
10110,10190
10111,10190
10112,10190
10113,10190
10114,10190
10115,10190
10116,10190
10117,10190
10118,10190
10119,10190
10120,10190
10121,10190
10122,10190
10123,10190
10124,10190
10125,10190
10126,10190
10127,10190
10128,10190
10129,10190
10130,10190
10131,10190
10132,10190
10133,10190
10134,10190
10135,10190
10136,10190
10137,10190
10138,10190
10139,10190
10140,10190
10141,10190
10142,10190
10143,10190
10144,10190
10145,10190
10146,10190
10147,10190
10148,10190
10149,10190
10150,10190
10151,10190
10152,10190
10153,10190
10154,10190
10155,10190
10156,10190
10157,10190
10158,10190
10159,10190
10160,10190
10161,10190
10162,10190
10163,10190
10164,10190
10165,10190
10166,10190
10167,10190
10168,10190
10169,10190
10170,10190
10171,10190
10172,10190
10173,10190
10174,10190
10175,10190
10176,10190
10177,10190
10178,10190
10179,10190
10180,10190
10181,10190
10182,10190
10183,10190
10184,10190
10185,10190
10186,10190
10187,10190
10188,10190
10189,10190
10190,10190
10191,10190
10192,10190
10193,10190
10194,10190
10195,10190
10196,10190
10197,10190
10198,10190
10199,10190
10200,10190
10201,10190
10202,10190
10203,10190
10204,10190
10205,10190
10206,10190
10207,10190
10208,10190
10209,10190
10210,10190
10211,10190
10212,10190
10213,10190
10214,10190
10215,10190
10216,10190
10217,10190
10218,10190
10219,10190
10220,10190
10221,10190
10222,10190
10223,10190
10224,10190
10225,10190
10226,10190
10227,10190
10228,10190
10229,10190
10230,10190
10231,10190
10232,10190
10233,10190
10234,10190
10235,10190
10236,10190
10237,10190
10238,10190
10239,10190
10240,10190
10241,10190
10242,10190
10243,10190
10244,10190
10245,10190
10246,10190
10247,10190
10248,10190
10249,10190
10250,10190
10251,10190
10252,10190
10253,10190
10254,10190
10255,10190
10256,10190
10257,10190
10258,10190
10259,10190
10260,10190
10261,10190
10262,10190
10263,10190
10264,10190
10265,10190
10266,10190
10267,10190
10268,10190
10269,10190
10270,10190
10271,10190
10272,10190
10273,10190
10274,10190
10275,10190
10276,10190
10277,10190
10278,10190
10279,10190
10280,10190
10281,10190
10282,10190
10283,10190
10284,10190
10285,10190
10286,10190
10287,10190
10288,10190
10289,10190
10290,10190
10291,10190
10292,10190
10293,10190
10294,10190
10295,10190
10296,10190
10297,10190
10298,10190
10299,10190
10300,10190
10301,10190
10302,10190
10303,10190
10304,10190
10305,10190
10306,10190
10307,10190
10308,10190
10309,10190
10310,10190
10311,10190
10312,10190
10313,10190
10314,10190
10315,10190
10316,10190
10317,10190
10318,10190
10319,10190
10320,10190
10321,10190
10322,10190
10323,10190
10324,10190
10325,10190
10326,10190
10327,10190
10328,10190
10329,10190
10330,10190
10331,10190
10332,10190
10333,10190
10334,10190
10335,10190
10336,10190
10088,10191
10089,10191
10090,10191
10091,10191
10092,10191
10093,10191
10094,10191
10095,10191
10096,10191
10097,10191
10098,10191
10099,10191
10100,10191
10101,10191
10102,10191
10103,10191
10104,10191
10105,10191
10106,10191
10107,10191
10108,10191
10109,10191
10110,10191
10111,10191
10112,10191
10113,10191
10114,10191
10115,10191
10116,10191
10117,10191
10118,10191
10119,10191
10120,10191
10121,10191
10122,10191
10123,10191
10124,10191
10125,10191
10126,10191
10127,10191
10128,10191
10129,10191
10130,10191
10131,10191
10132,10191
10133,10191
10134,10191
10135,10191
10136,10191
10137,10191
10138,10191
10139,10191
10140,10191
10141,10191
10142,10191
10143,10191
10144,10191
10145,10191
10146,10191
10147,10191
10148,10191
10149,10191
10150,10191
10151,10191
10152,10191
10153,10191
10154,10191
10155,10191
10156,10191
10157,10191
10158,10191
10159,10191
10160,10191
10161,10191
10162,10191
10163,10191
10164,10191
10165,10191
10166,10191
10167,10191
10168,10191
10169,10191
10170,10191
10171,10191
10172,10191
10173,10191
10174,10191
10175,10191
10176,10191
10177,10191
10178,10191
10179,10191
10180,10191
10181,10191
10182,10191
10183,10191
10184,10191
10185,10191
10186,10191
10187,10191
10188,10191
10189,10191
10190,10191
10191,10191
10192,10191
10193,10191
10194,10191
10195,10191
10196,10191
10197,10191
10198,10191
10199,10191
10200,10191
10201,10191
10202,10191
10203,10191
10204,10191
10205,10191
10206,10191
10207,10191
10208,10191
10209,10191
10210,10191
10211,10191
10212,10191
10213,10191
10214,10191
10215,10191
10216,10191
10217,10191
10218,10191
10219,10191
10220,10191
10221,10191
10222,10191
10223,10191
10224,10191
10225,10191
10226,10191
10227,10191
10228,10191
10229,10191
10230,10191
10231,10191
10232,10191
10233,10191
10234,10191
10235,10191
10236,10191
10237,10191
10238,10191
10239,10191
10240,10191
10241,10191
10242,10191
10243,10191
10244,10191
10245,10191
10246,10191
10247,10191
10248,10191
10249,10191
10250,10191
10251,10191
10252,10191
10253,10191
10254,10191
10255,10191
10256,10191
10257,10191
10258,10191
10259,10191
10260,10191
10261,10191
10262,10191
10263,10191
10264,10191
10265,10191
10266,10191
10267,10191
10268,10191
10269,10191
10270,10191
10271,10191
10272,10191
10273,10191
10274,10191
10275,10191
10276,10191
10277,10191
10278,10191
10279,10191
10280,10191
10281,10191
10282,10191
10283,10191
10284,10191
10285,10191
10286,10191
10287,10191
10288,10191
10289,10191
10290,10191
10291,10191
10292,10191
10293,10191
10294,10191
10295,10191
10296,10191
10297,10191
10298,10191
10299,10191
10300,10191
10301,10191
10302,10191
10303,10191
10304,10191
10305,10191
10306,10191
10307,10191
10308,10191
10309,10191
10310,10191
10311,10191
10312,10191
10313,10191
10314,10191
10315,10191
10316,10191
10317,10191
10318,10191
10319,10191
10320,10191
10321,10191
10322,10191
10323,10191
10324,10191
10325,10191
10326,10191
10327,10191
10328,10191
10329,10191
10330,10191
10331,10191
10332,10191
10333,10191
10334,10191
10335,10191
10336,10191
10088,10192
10089,10192
10090,10192
10091,10192
10092,10192
10093,10192
10094,10192
10095,10192
10096,10192
10097,10192
10098,10192
10099,10192
10100,10192
10101,10192
10102,10192
10103,10192
10104,10192
10105,10192
10106,10192
10107,10192
10108,10192
10109,10192
10110,10192
10111,10192
10112,10192
10113,10192
10114,10192
10115,10192
10116,10192
10117,10192
10118,10192
10119,10192
10120,10192
10121,10192
10122,10192
10123,10192
10124,10192
10125,10192
10126,10192
10127,10192
10128,10192
10129,10192
10130,10192
10131,10192
10132,10192
10133,10192
10134,10192
10135,10192
10136,10192
10137,10192
10138,10192
10139,10192
10140,10192
10141,10192
10142,10192
10143,10192
10144,10192
10145,10192
10146,10192
10147,10192
10148,10192
10149,10192
10150,10192
10151,10192
10152,10192
10153,10192
10154,10192
10155,10192
10156,10192
10157,10192
10158,10192
10159,10192
10160,10192
10161,10192
10162,10192
10163,10192
10164,10192
10165,10192
10166,10192
10167,10192
10168,10192
10169,10192
10170,10192
10171,10192
10172,10192
10173,10192
10174,10192
10175,10192
10176,10192
10177,10192
10178,10192
10179,10192
10180,10192
10181,10192
10182,10192
10183,10192
10184,10192
10185,10192
10186,10192
10187,10192
10188,10192
10189,10192
10190,10192
10191,10192
10192,10192
10193,10192
10194,10192
10195,10192
10196,10192
10197,10192
10198,10192
10199,10192
10200,10192
10201,10192
10202,10192
10203,10192
10204,10192
10205,10192
10206,10192
10207,10192
10208,10192
10209,10192
10210,10192
10211,10192
10212,10192
10213,10192
10214,10192
10215,10192
10216,10192
10217,10192
10218,10192
10219,10192
10220,10192
10221,10192
10222,10192
10223,10192
10224,10192
10225,10192
10226,10192
10227,10192
10228,10192
10229,10192
10230,10192
10231,10192
10232,10192
10233,10192
10234,10192
10235,10192
10236,10192
10237,10192
10238,10192
10239,10192
10240,10192
10241,10192
10242,10192
10243,10192
10244,10192
10245,10192
10246,10192
10247,10192
10248,10192
10249,10192
10250,10192
10251,10192
10252,10192
10253,10192
10254,10192
10255,10192
10256,10192
10257,10192
10258,10192
10259,10192
10260,10192
10261,10192
10262,10192
10263,10192
10264,10192
10265,10192
10266,10192
10267,10192
10268,10192
10269,10192
10270,10192
10271,10192
10272,10192
10273,10192
10274,10192
10275,10192
10276,10192
10277,10192
10278,10192
10279,10192
10280,10192
10281,10192
10282,10192
10283,10192
10284,10192
10285,10192
10286,10192
10287,10192
10288,10192
10289,10192
10290,10192
10291,10192
10292,10192
10293,10192
10294,10192
10295,10192
10296,10192
10297,10192
10298,10192
10299,10192
10300,10192
10301,10192
10302,10192
10303,10192
10304,10192
10305,10192
10306,10192
10307,10192
10308,10192
10309,10192
10310,10192
10311,10192
10312,10192
10313,10192
10314,10192
10315,10192
10316,10192
10317,10192
10318,10192
10319,10192
10320,10192
10321,10192
10322,10192
10323,10192
10324,10192
10325,10192
10326,10192
10327,10192
10328,10192
10329,10192
10330,10192
10331,10192
10332,10192
10333,10192
10334,10192
10335,10192
10336,10192
10088,10193
10089,10193
10090,10193
10091,10193
10092,10193
10093,10193
10094,10193
10095,10193
10096,10193
10097,10193
10098,10193
10099,10193
10100,10193
10101,10193
10102,10193
10103,10193
10104,10193
10105,10193
10106,10193
10107,10193
10108,10193
10109,10193
10110,10193
10111,10193
10112,10193
10113,10193
10114,10193
10115,10193
10116,10193
10117,10193
10118,10193
10119,10193
10120,10193
10121,10193
10122,10193
10123,10193
10124,10193
10125,10193
10126,10193
10127,10193
10128,10193
10129,10193
10130,10193
10131,10193
10132,10193
10133,10193
10134,10193
10135,10193
10136,10193
10137,10193
10138,10193
10139,10193
10140,10193
10141,10193
10142,10193
10143,10193
10144,10193
10145,10193
10146,10193
10147,10193
10148,10193
10149,10193
10150,10193
10151,10193
10152,10193
10153,10193
10154,10193
10155,10193
10156,10193
10157,10193
10158,10193
10159,10193
10160,10193
10161,10193
10162,10193
10163,10193
10164,10193
10165,10193
10166,10193
10167,10193
10168,10193
10169,10193
10170,10193
10171,10193
10172,10193
10173,10193
10174,10193
10175,10193
10176,10193
10177,10193
10178,10193
10179,10193
10180,10193
10181,10193
10182,10193
10183,10193
10184,10193
10185,10193
10186,10193
10187,10193
10188,10193
10189,10193
10190,10193
10191,10193
10192,10193
10193,10193
10194,10193
10195,10193
10196,10193
10197,10193
10198,10193
10199,10193
10200,10193
10201,10193
10202,10193
10203,10193
10204,10193
10205,10193
10206,10193
10207,10193
10208,10193
10209,10193
10210,10193
10211,10193
10212,10193
10213,10193
10214,10193
10215,10193
10216,10193
10217,10193
10218,10193
10219,10193
10220,10193
10221,10193
10222,10193
10223,10193
10224,10193
10225,10193
10226,10193
10227,10193
10228,10193
10229,10193
10230,10193
10231,10193
10232,10193
10233,10193
10234,10193
10235,10193
10236,10193
10237,10193
10238,10193
10239,10193
10240,10193
10241,10193
10242,10193
10243,10193
10244,10193
10245,10193
10246,10193
10247,10193
10248,10193
10249,10193
10250,10193
10251,10193
10252,10193
10253,10193
10254,10193
10255,10193
10256,10193
10257,10193
10258,10193
10259,10193
10260,10193
10261,10193
10262,10193
10263,10193
10264,10193
10265,10193
10266,10193
10267,10193
10268,10193
10269,10193
10270,10193
10271,10193
10272,10193
10273,10193
10274,10193
10275,10193
10276,10193
10277,10193
10278,10193
10279,10193
10280,10193
10281,10193
10282,10193
10283,10193
10284,10193
10285,10193
10286,10193
10287,10193
10288,10193
10289,10193
10290,10193
10291,10193
10292,10193
10293,10193
10294,10193
10295,10193
10296,10193
10297,10193
10298,10193
10299,10193
10300,10193
10301,10193
10302,10193
10303,10193
10304,10193
10305,10193
10306,10193
10307,10193
10308,10193
10309,10193
10310,10193
10311,10193
10312,10193
10313,10193
10314,10193
10315,10193
10316,10193
10317,10193
10318,10193
10319,10193
10320,10193
10321,10193
10322,10193
10323,10193
10324,10193
10325,10193
10326,10193
10327,10193
10328,10193
10329,10193
10330,10193
10331,10193
10332,10193
10333,10193
10334,10193
10335,10193
10336,10193
10088,10194
10089,10194
10090,10194
10091,10194
10092,10194
10093,10194
10094,10194
10095,10194
10096,10194
10097,10194
10098,10194
10099,10194
10100,10194
10101,10194
10102,10194
10103,10194
10104,10194
10105,10194
10106,10194
10107,10194
10108,10194
10109,10194
10110,10194
10111,10194
10112,10194
10113,10194
10114,10194
10115,10194
10116,10194
10117,10194
10118,10194
10119,10194
10120,10194
10121,10194
10122,10194
10123,10194
10124,10194
10125,10194
10126,10194
10127,10194
10128,10194
10129,10194
10130,10194
10131,10194
10132,10194
10133,10194
10134,10194
10135,10194
10136,10194
10137,10194
10138,10194
10139,10194
10140,10194
10141,10194
10142,10194
10143,10194
10144,10194
10145,10194
10146,10194
10147,10194
10148,10194
10149,10194
10150,10194
10151,10194
10152,10194
10153,10194
10154,10194
10155,10194
10156,10194
10157,10194
10158,10194
10159,10194
10160,10194
10161,10194
10162,10194
10163,10194
10164,10194
10165,10194
10166,10194
10167,10194
10168,10194
10169,10194
10170,10194
10171,10194
10172,10194
10173,10194
10174,10194
10175,10194
10176,10194
10177,10194
10178,10194
10179,10194
10180,10194
10181,10194
10182,10194
10183,10194
10184,10194
10185,10194
10186,10194
10187,10194
10188,10194
10189,10194
10190,10194
10191,10194
10192,10194
10193,10194
10194,10194
10195,10194
10196,10194
10197,10194
10198,10194
10199,10194
10200,10194
10201,10194
10202,10194
10203,10194
10204,10194
10205,10194
10206,10194
10207,10194
10208,10194
10209,10194
10210,10194
10211,10194
10212,10194
10213,10194
10214,10194
10215,10194
10216,10194
10217,10194
10218,10194
10219,10194
10220,10194
10221,10194
10222,10194
10223,10194
10224,10194
10225,10194
10226,10194
10227,10194
10228,10194
10229,10194
10230,10194
10231,10194
10232,10194
10233,10194
10234,10194
10235,10194
10236,10194
10237,10194
10238,10194
10239,10194
10240,10194
10241,10194
10242,10194
10243,10194
10244,10194
10245,10194
10246,10194
10247,10194
10248,10194
10249,10194
10250,10194
10251,10194
10252,10194
10253,10194
10254,10194
10255,10194
10256,10194
10257,10194
10258,10194
10259,10194
10260,10194
10261,10194
10262,10194
10263,10194
10264,10194
10265,10194
10266,10194
10267,10194
10268,10194
10269,10194
10270,10194
10271,10194
10272,10194
10273,10194
10274,10194
10275,10194
10276,10194
10277,10194
10278,10194
10279,10194
10280,10194
10281,10194
10282,10194
10283,10194
10284,10194
10285,10194
10286,10194
10287,10194
10288,10194
10289,10194
10290,10194
10291,10194
10292,10194
10293,10194
10294,10194
10295,10194
10296,10194
10297,10194
10298,10194
10299,10194
10300,10194
10301,10194
10302,10194
10303,10194
10304,10194
10305,10194
10306,10194
10307,10194
10308,10194
10309,10194
10310,10194
10311,10194
10312,10194
10313,10194
10314,10194
10315,10194
10316,10194
10317,10194
10318,10194
10319,10194
10320,10194
10321,10194
10322,10194
10323,10194
10324,10194
10325,10194
10326,10194
10327,10194
10328,10194
10329,10194
10330,10194
10331,10194
10332,10194
10333,10194
10334,10194
10335,10194
10336,10194
10088,10195
10089,10195
10090,10195
10091,10195
10092,10195
10093,10195
10094,10195
10095,10195
10096,10195
10097,10195
10098,10195
10099,10195
10100,10195
10101,10195
10102,10195
10103,10195
10104,10195
10105,10195
10106,10195
10107,10195
10108,10195
10109,10195
10110,10195
10111,10195
10112,10195
10113,10195
10114,10195
10115,10195
10116,10195
10117,10195
10118,10195
10119,10195
10120,10195
10121,10195
10122,10195
10123,10195
10124,10195
10125,10195
10126,10195
10127,10195
10128,10195
10129,10195
10130,10195
10131,10195
10132,10195
10133,10195
10134,10195
10135,10195
10136,10195
10137,10195
10138,10195
10139,10195
10140,10195
10141,10195
10142,10195
10143,10195
10144,10195
10145,10195
10146,10195
10147,10195
10148,10195
10149,10195
10150,10195
10151,10195
10152,10195
10153,10195
10154,10195
10155,10195
10156,10195
10157,10195
10158,10195
10159,10195
10160,10195
10161,10195
10162,10195
10163,10195
10164,10195
10165,10195
10166,10195
10167,10195
10168,10195
10169,10195
10170,10195
10171,10195
10172,10195
10173,10195
10174,10195
10175,10195
10176,10195
10177,10195
10178,10195
10179,10195
10180,10195
10181,10195
10182,10195
10183,10195
10184,10195
10185,10195
10186,10195
10187,10195
10188,10195
10189,10195
10190,10195
10191,10195
10192,10195
10193,10195
10194,10195
10195,10195
10196,10195
10197,10195
10198,10195
10199,10195
10200,10195
10201,10195
10202,10195
10203,10195
10204,10195
10205,10195
10206,10195
10207,10195
10208,10195
10209,10195
10210,10195
10211,10195
10212,10195
10213,10195
10214,10195
10215,10195
10216,10195
10217,10195
10218,10195
10219,10195
10220,10195
10221,10195
10222,10195
10223,10195
10224,10195
10225,10195
10226,10195
10227,10195
10228,10195
10229,10195
10230,10195
10231,10195
10232,10195
10233,10195
10234,10195
10235,10195
10236,10195
10237,10195
10238,10195
10239,10195
10240,10195
10241,10195
10242,10195
10243,10195
10244,10195
10245,10195
10246,10195
10247,10195
10248,10195
10249,10195
10250,10195
10251,10195
10252,10195
10253,10195
10254,10195
10255,10195
10256,10195
10257,10195
10258,10195
10259,10195
10260,10195
10261,10195
10262,10195
10263,10195
10264,10195
10265,10195
10266,10195
10267,10195
10268,10195
10269,10195
10270,10195
10271,10195
10272,10195
10273,10195
10274,10195
10275,10195
10276,10195
10277,10195
10278,10195
10279,10195
10280,10195
10281,10195
10282,10195
10283,10195
10284,10195
10285,10195
10286,10195
10287,10195
10288,10195
10289,10195
10290,10195
10291,10195
10292,10195
10293,10195
10294,10195
10295,10195
10296,10195
10297,10195
10298,10195
10299,10195
10300,10195
10301,10195
10302,10195
10303,10195
10304,10195
10305,10195
10306,10195
10307,10195
10308,10195
10309,10195
10310,10195
10311,10195
10312,10195
10313,10195
10314,10195
10315,10195
10316,10195
10317,10195
10318,10195
10319,10195
10320,10195
10321,10195
10322,10195
10323,10195
10324,10195
10325,10195
10326,10195
10327,10195
10328,10195
10329,10195
10330,10195
10331,10195
10332,10195
10333,10195
10334,10195
10335,10195
10336,10195
10088,10196
10089,10196
10090,10196
10091,10196
10092,10196
10093,10196
10094,10196
10095,10196
10096,10196
10097,10196
10098,10196
10099,10196
10100,10196
10101,10196
10102,10196
10103,10196
10104,10196
10105,10196
10106,10196
10107,10196
10108,10196
10109,10196
10110,10196
10111,10196
10112,10196
10113,10196
10114,10196
10115,10196
10116,10196
10117,10196
10118,10196
10119,10196
10120,10196
10121,10196
10122,10196
10123,10196
10124,10196
10125,10196
10126,10196
10127,10196
10128,10196
10129,10196
10130,10196
10131,10196
10132,10196
10133,10196
10134,10196
10135,10196
10136,10196
10137,10196
10138,10196
10139,10196
10140,10196
10141,10196
10142,10196
10143,10196
10144,10196
10145,10196
10146,10196
10147,10196
10148,10196
10149,10196
10150,10196
10151,10196
10152,10196
10153,10196
10154,10196
10155,10196
10156,10196
10157,10196
10158,10196
10159,10196
10160,10196
10161,10196
10162,10196
10163,10196
10164,10196
10165,10196
10166,10196
10167,10196
10168,10196
10169,10196
10170,10196
10171,10196
10172,10196
10173,10196
10174,10196
10175,10196
10176,10196
10177,10196
10178,10196
10179,10196
10180,10196
10181,10196
10182,10196
10183,10196
10184,10196
10185,10196
10186,10196
10187,10196
10188,10196
10189,10196
10190,10196
10191,10196
10192,10196
10193,10196
10194,10196
10195,10196
10196,10196
10197,10196
10198,10196
10199,10196
10200,10196
10201,10196
10202,10196
10203,10196
10204,10196
10205,10196
10206,10196
10207,10196
10208,10196
10209,10196
10210,10196
10211,10196
10212,10196
10213,10196
10214,10196
10215,10196
10216,10196
10217,10196
10218,10196
10219,10196
10220,10196
10221,10196
10222,10196
10223,10196
10224,10196
10225,10196
10226,10196
10227,10196
10228,10196
10229,10196
10230,10196
10231,10196
10232,10196
10233,10196
10234,10196
10235,10196
10236,10196
10237,10196
10238,10196
10239,10196
10240,10196
10241,10196
10242,10196
10243,10196
10244,10196
10245,10196
10246,10196
10247,10196
10248,10196
10249,10196
10250,10196
10251,10196
10252,10196
10253,10196
10254,10196
10255,10196
10256,10196
10257,10196
10258,10196
10259,10196
10260,10196
10261,10196
10262,10196
10263,10196
10264,10196
10265,10196
10266,10196
10267,10196
10268,10196
10269,10196
10270,10196
10271,10196
10272,10196
10273,10196
10274,10196
10275,10196
10276,10196
10277,10196
10278,10196
10279,10196
10280,10196
10281,10196
10282,10196
10283,10196
10284,10196
10285,10196
10286,10196
10287,10196
10288,10196
10289,10196
10290,10196
10291,10196
10292,10196
10293,10196
10294,10196
10295,10196
10296,10196
10297,10196
10298,10196
10299,10196
10300,10196
10301,10196
10302,10196
10303,10196
10304,10196
10305,10196
10306,10196
10307,10196
10308,10196
10309,10196
10310,10196
10311,10196
10312,10196
10313,10196
10314,10196
10315,10196
10316,10196
10317,10196
10318,10196
10319,10196
10320,10196
10321,10196
10322,10196
10323,10196
10324,10196
10325,10196
10326,10196
10327,10196
10328,10196
10329,10196
10330,10196
10331,10196
10332,10196
10333,10196
10334,10196
10335,10196
10336,10196
10088,10197
10089,10197
10090,10197
10091,10197
10092,10197
10093,10197
10094,10197
10095,10197
10096,10197
10097,10197
10098,10197
10099,10197
10100,10197
10101,10197
10102,10197
10103,10197
10104,10197
10105,10197
10106,10197
10107,10197
10108,10197
10109,10197
10110,10197
10111,10197
10112,10197
10113,10197
10114,10197
10115,10197
10116,10197
10117,10197
10118,10197
10119,10197
10120,10197
10121,10197
10122,10197
10123,10197
10124,10197
10125,10197
10126,10197
10127,10197
10128,10197
10129,10197
10130,10197
10131,10197
10132,10197
10133,10197
10134,10197
10135,10197
10136,10197
10137,10197
10138,10197
10139,10197
10140,10197
10141,10197
10142,10197
10143,10197
10144,10197
10145,10197
10146,10197
10147,10197
10148,10197
10149,10197
10150,10197
10151,10197
10152,10197
10153,10197
10154,10197
10155,10197
10156,10197
10157,10197
10158,10197
10159,10197
10160,10197
10161,10197
10162,10197
10163,10197
10164,10197
10165,10197
10166,10197
10167,10197
10168,10197
10169,10197
10170,10197
10171,10197
10172,10197
10173,10197
10174,10197
10175,10197
10176,10197
10177,10197
10178,10197
10179,10197
10180,10197
10181,10197
10182,10197
10183,10197
10184,10197
10185,10197
10186,10197
10187,10197
10188,10197
10189,10197
10190,10197
10191,10197
10192,10197
10193,10197
10194,10197
10195,10197
10196,10197
10197,10197
10198,10197
10199,10197
10200,10197
10201,10197
10202,10197
10203,10197
10204,10197
10205,10197
10206,10197
10207,10197
10208,10197
10209,10197
10210,10197
10211,10197
10212,10197
10213,10197
10214,10197
10215,10197
10216,10197
10217,10197
10218,10197
10219,10197
10220,10197
10221,10197
10222,10197
10223,10197
10224,10197
10225,10197
10226,10197
10227,10197
10228,10197
10229,10197
10230,10197
10231,10197
10232,10197
10233,10197
10234,10197
10235,10197
10236,10197
10237,10197
10238,10197
10239,10197
10240,10197
10241,10197
10242,10197
10243,10197
10244,10197
10245,10197
10246,10197
10247,10197
10248,10197
10249,10197
10250,10197
10251,10197
10252,10197
10253,10197
10254,10197
10255,10197
10256,10197
10257,10197
10258,10197
10259,10197
10260,10197
10261,10197
10262,10197
10263,10197
10264,10197
10265,10197
10266,10197
10267,10197
10268,10197
10269,10197
10270,10197
10271,10197
10272,10197
10273,10197
10274,10197
10275,10197
10276,10197
10277,10197
10278,10197
10279,10197
10280,10197
10281,10197
10282,10197
10283,10197
10284,10197
10285,10197
10286,10197
10287,10197
10288,10197
10289,10197
10290,10197
10291,10197
10292,10197
10293,10197
10294,10197
10295,10197
10296,10197
10297,10197
10298,10197
10299,10197
10300,10197
10301,10197
10302,10197
10303,10197
10304,10197
10305,10197
10306,10197
10307,10197
10308,10197
10309,10197
10310,10197
10311,10197
10312,10197
10313,10197
10314,10197
10315,10197
10316,10197
10317,10197
10318,10197
10319,10197
10320,10197
10321,10197
10322,10197
10323,10197
10324,10197
10325,10197
10326,10197
10327,10197
10328,10197
10329,10197
10330,10197
10331,10197
10332,10197
10333,10197
10334,10197
10335,10197
10336,10197
10088,10198
10089,10198
10090,10198
10091,10198
10092,10198
10093,10198
10094,10198
10095,10198
10096,10198
10097,10198
10098,10198
10099,10198
10100,10198
10101,10198
10102,10198
10103,10198
10104,10198
10105,10198
10106,10198
10107,10198
10108,10198
10109,10198
10110,10198
10111,10198
10112,10198
10113,10198
10114,10198
10115,10198
10116,10198
10117,10198
10118,10198
10119,10198
10120,10198
10121,10198
10122,10198
10123,10198
10124,10198
10125,10198
10126,10198
10127,10198
10128,10198
10129,10198
10130,10198
10131,10198
10132,10198
10133,10198
10134,10198
10135,10198
10136,10198
10137,10198
10138,10198
10139,10198
10140,10198
10141,10198
10142,10198
10143,10198
10144,10198
10145,10198
10146,10198
10147,10198
10148,10198
10149,10198
10150,10198
10151,10198
10152,10198
10153,10198
10154,10198
10155,10198
10156,10198
10157,10198
10158,10198
10159,10198
10160,10198
10161,10198
10162,10198
10163,10198
10164,10198
10165,10198
10166,10198
10167,10198
10168,10198
10169,10198
10170,10198
10171,10198
10172,10198
10173,10198
10174,10198
10175,10198
10176,10198
10177,10198
10178,10198
10179,10198
10180,10198
10181,10198
10182,10198
10183,10198
10184,10198
10185,10198
10186,10198
10187,10198
10188,10198
10189,10198
10190,10198
10191,10198
10192,10198
10193,10198
10194,10198
10195,10198
10196,10198
10197,10198
10198,10198
10199,10198
10200,10198
10201,10198
10202,10198
10203,10198
10204,10198
10205,10198
10206,10198
10207,10198
10208,10198
10209,10198
10210,10198
10211,10198
10212,10198
10213,10198
10214,10198
10215,10198
10216,10198
10217,10198
10218,10198
10219,10198
10220,10198
10221,10198
10222,10198
10223,10198
10224,10198
10225,10198
10226,10198
10227,10198
10228,10198
10229,10198
10230,10198
10231,10198
10232,10198
10233,10198
10234,10198
10235,10198
10236,10198
10237,10198
10238,10198
10239,10198
10240,10198
10241,10198
10242,10198
10243,10198
10244,10198
10245,10198
10246,10198
10247,10198
10248,10198
10249,10198
10250,10198
10251,10198
10252,10198
10253,10198
10254,10198
10255,10198
10256,10198
10257,10198
10258,10198
10259,10198
10260,10198
10261,10198
10262,10198
10263,10198
10264,10198
10265,10198
10266,10198
10267,10198
10268,10198
10269,10198
10270,10198
10271,10198
10272,10198
10273,10198
10274,10198
10275,10198
10276,10198
10277,10198
10278,10198
10279,10198
10280,10198
10281,10198
10282,10198
10283,10198
10284,10198
10285,10198
10286,10198
10287,10198
10288,10198
10289,10198
10290,10198
10291,10198
10292,10198
10293,10198
10294,10198
10295,10198
10296,10198
10297,10198
10298,10198
10299,10198
10300,10198
10301,10198
10302,10198
10303,10198
10304,10198
10305,10198
10306,10198
10307,10198
10308,10198
10309,10198
10310,10198
10311,10198
10312,10198
10313,10198
10314,10198
10315,10198
10316,10198
10317,10198
10318,10198
10319,10198
10320,10198
10321,10198
10322,10198
10323,10198
10324,10198
10325,10198
10326,10198
10327,10198
10328,10198
10329,10198
10330,10198
10331,10198
10332,10198
10333,10198
10334,10198
10335,10198
10336,10198
10088,10199
10089,10199
10090,10199
10091,10199
10092,10199
10093,10199
10094,10199
10095,10199
10096,10199
10097,10199
10098,10199
10099,10199
10100,10199
10101,10199
10102,10199
10103,10199
10104,10199
10105,10199
10106,10199
10107,10199
10108,10199
10109,10199
10110,10199
10111,10199
10112,10199
10113,10199
10114,10199
10115,10199
10116,10199
10117,10199
10118,10199
10119,10199
10120,10199
10121,10199
10122,10199
10123,10199
10124,10199
10125,10199
10126,10199
10127,10199
10128,10199
10129,10199
10130,10199
10131,10199
10132,10199
10133,10199
10134,10199
10135,10199
10136,10199
10137,10199
10138,10199
10139,10199
10140,10199
10141,10199
10142,10199
10143,10199
10144,10199
10145,10199
10146,10199
10147,10199
10148,10199
10149,10199
10150,10199
10151,10199
10152,10199
10153,10199
10154,10199
10155,10199
10156,10199
10157,10199
10158,10199
10159,10199
10160,10199
10161,10199
10162,10199
10163,10199
10164,10199
10165,10199
10166,10199
10167,10199
10168,10199
10169,10199
10170,10199
10171,10199
10172,10199
10173,10199
10174,10199
10175,10199
10176,10199
10177,10199
10178,10199
10179,10199
10180,10199
10181,10199
10182,10199
10183,10199
10184,10199
10185,10199
10186,10199
10187,10199
10188,10199
10189,10199
10190,10199
10191,10199
10192,10199
10193,10199
10194,10199
10195,10199
10196,10199
10197,10199
10198,10199
10199,10199
10200,10199
10201,10199
10202,10199
10203,10199
10204,10199
10205,10199
10206,10199
10207,10199
10208,10199
10209,10199
10210,10199
10211,10199
10212,10199
10213,10199
10214,10199
10215,10199
10216,10199
10217,10199
10218,10199
10219,10199
10220,10199
10221,10199
10222,10199
10223,10199
10224,10199
10225,10199
10226,10199
10227,10199
10228,10199
10229,10199
10230,10199
10231,10199
10232,10199
10233,10199
10234,10199
10235,10199
10236,10199
10237,10199
10238,10199
10239,10199
10240,10199
10241,10199
10242,10199
10243,10199
10244,10199
10245,10199
10246,10199
10247,10199
10248,10199
10249,10199
10250,10199
10251,10199
10252,10199
10253,10199
10254,10199
10255,10199
10256,10199
10257,10199
10258,10199
10259,10199
10260,10199
10261,10199
10262,10199
10263,10199
10264,10199
10265,10199
10266,10199
10267,10199
10268,10199
10269,10199
10270,10199
10271,10199
10272,10199
10273,10199
10274,10199
10275,10199
10276,10199
10277,10199
10278,10199
10279,10199
10280,10199
10281,10199
10282,10199
10283,10199
10284,10199
10285,10199
10286,10199
10287,10199
10288,10199
10289,10199
10290,10199
10291,10199
10292,10199
10293,10199
10294,10199
10295,10199
10296,10199
10297,10199
10298,10199
10299,10199
10300,10199
10301,10199
10302,10199
10303,10199
10304,10199
10305,10199
10306,10199
10307,10199
10308,10199
10309,10199
10310,10199
10311,10199
10312,10199
10313,10199
10314,10199
10315,10199
10316,10199
10317,10199
10318,10199
10319,10199
10320,10199
10321,10199
10322,10199
10323,10199
10324,10199
10325,10199
10326,10199
10327,10199
10328,10199
10329,10199
10330,10199
10331,10199
10332,10199
10333,10199
10334,10199
10335,10199
10336,10199
10088,10200
10089,10200
10090,10200
10091,10200
10092,10200
10093,10200
10094,10200
10095,10200
10096,10200
10097,10200
10098,10200
10099,10200
10100,10200
10101,10200
10102,10200
10103,10200
10104,10200
10105,10200
10106,10200
10107,10200
10108,10200
10109,10200
10110,10200
10111,10200
10112,10200
10113,10200
10114,10200
10115,10200
10116,10200
10117,10200
10118,10200
10119,10200
10120,10200
10121,10200
10122,10200
10123,10200
10124,10200
10125,10200
10126,10200
10127,10200
10128,10200
10129,10200
10130,10200
10131,10200
10132,10200
10133,10200
10134,10200
10135,10200
10136,10200
10137,10200
10138,10200
10139,10200
10140,10200
10141,10200
10142,10200
10143,10200
10144,10200
10145,10200
10146,10200
10147,10200
10148,10200
10149,10200
10150,10200
10151,10200
10152,10200
10153,10200
10154,10200
10155,10200
10156,10200
10157,10200
10158,10200
10159,10200
10160,10200
10161,10200
10162,10200
10163,10200
10164,10200
10165,10200
10166,10200
10167,10200
10168,10200
10169,10200
10170,10200
10171,10200
10172,10200
10173,10200
10174,10200
10175,10200
10176,10200
10177,10200
10178,10200
10179,10200
10180,10200
10181,10200
10182,10200
10183,10200
10184,10200
10185,10200
10186,10200
10187,10200
10188,10200
10189,10200
10190,10200
10191,10200
10192,10200
10193,10200
10194,10200
10195,10200
10196,10200
10197,10200
10198,10200
10199,10200
10200,10200
10201,10200
10202,10200
10203,10200
10204,10200
10205,10200
10206,10200
10207,10200
10208,10200
10209,10200
10210,10200
10211,10200
10212,10200
10213,10200
10214,10200
10215,10200
10216,10200
10217,10200
10218,10200
10219,10200
10220,10200
10221,10200
10222,10200
10223,10200
10224,10200
10225,10200
10226,10200
10227,10200
10228,10200
10229,10200
10230,10200
10231,10200
10232,10200
10233,10200
10234,10200
10235,10200
10236,10200
10237,10200
10238,10200
10239,10200
10240,10200
10241,10200
10242,10200
10243,10200
10244,10200
10245,10200
10246,10200
10247,10200
10248,10200
10249,10200
10250,10200
10251,10200
10252,10200
10253,10200
10254,10200
10255,10200
10256,10200
10257,10200
10258,10200
10259,10200
10260,10200
10261,10200
10262,10200
10263,10200
10264,10200
10265,10200
10266,10200
10267,10200
10268,10200
10269,10200
10270,10200
10271,10200
10272,10200
10273,10200
10274,10200
10275,10200
10276,10200
10277,10200
10278,10200
10279,10200
10280,10200
10281,10200
10282,10200
10283,10200
10284,10200
10285,10200
10286,10200
10287,10200
10288,10200
10289,10200
10290,10200
10291,10200
10292,10200
10293,10200
10294,10200
10295,10200
10296,10200
10297,10200
10298,10200
10299,10200
10300,10200
10301,10200
10302,10200
10303,10200
10304,10200
10305,10200
10306,10200
10307,10200
10308,10200
10309,10200
10310,10200
10311,10200
10312,10200
10313,10200
10314,10200
10315,10200
10316,10200
10317,10200
10318,10200
10319,10200
10320,10200
10321,10200
10322,10200
10323,10200
10324,10200
10325,10200
10326,10200
10327,10200
10328,10200
10329,10200
10330,10200
10331,10200
10332,10200
10333,10200
10334,10200
10335,10200
10336,10200
10088,10201
10089,10201
10090,10201
10091,10201
10092,10201
10093,10201
10094,10201
10095,10201
10096,10201
10097,10201
10098,10201
10099,10201
10100,10201
10101,10201
10102,10201
10103,10201
10104,10201
10105,10201
10106,10201
10107,10201
10108,10201
10109,10201
10110,10201
10111,10201
10112,10201
10113,10201
10114,10201
10115,10201
10116,10201
10117,10201
10118,10201
10119,10201
10120,10201
10121,10201
10122,10201
10123,10201
10124,10201
10125,10201
10126,10201
10127,10201
10128,10201
10129,10201
10130,10201
10131,10201
10132,10201
10133,10201
10134,10201
10135,10201
10136,10201
10137,10201
10138,10201
10139,10201
10140,10201
10141,10201
10142,10201
10143,10201
10144,10201
10145,10201
10146,10201
10147,10201
10148,10201
10149,10201
10150,10201
10151,10201
10152,10201
10153,10201
10154,10201
10155,10201
10156,10201
10157,10201
10158,10201
10159,10201
10160,10201
10161,10201
10162,10201
10163,10201
10164,10201
10165,10201
10166,10201
10167,10201
10168,10201
10169,10201
10170,10201
10171,10201
10172,10201
10173,10201
10174,10201
10175,10201
10176,10201
10177,10201
10178,10201
10179,10201
10180,10201
10181,10201
10182,10201
10183,10201
10184,10201
10185,10201
10186,10201
10187,10201
10188,10201
10189,10201
10190,10201
10191,10201
10192,10201
10193,10201
10194,10201
10195,10201
10196,10201
10197,10201
10198,10201
10199,10201
10200,10201
10201,10201
10202,10201
10203,10201
10204,10201
10205,10201
10206,10201
10207,10201
10208,10201
10209,10201
10210,10201
10211,10201
10212,10201
10213,10201
10214,10201
10215,10201
10216,10201
10217,10201
10218,10201
10219,10201
10220,10201
10221,10201
10222,10201
10223,10201
10224,10201
10225,10201
10226,10201
10227,10201
10228,10201
10229,10201
10230,10201
10231,10201
10232,10201
10233,10201
10234,10201
10235,10201
10236,10201
10237,10201
10238,10201
10239,10201
10240,10201
10241,10201
10242,10201
10243,10201
10244,10201
10245,10201
10246,10201
10247,10201
10248,10201
10249,10201
10250,10201
10251,10201
10252,10201
10253,10201
10254,10201
10255,10201
10256,10201
10257,10201
10258,10201
10259,10201
10260,10201
10261,10201
10262,10201
10263,10201
10264,10201
10265,10201
10266,10201
10267,10201
10268,10201
10269,10201
10270,10201
10271,10201
10272,10201
10273,10201
10274,10201
10275,10201
10276,10201
10277,10201
10278,10201
10279,10201
10280,10201
10281,10201
10282,10201
10283,10201
10284,10201
10285,10201
10286,10201
10287,10201
10288,10201
10289,10201
10290,10201
10291,10201
10292,10201
10293,10201
10294,10201
10295,10201
10296,10201
10297,10201
10298,10201
10299,10201
10300,10201
10301,10201
10302,10201
10303,10201
10304,10201
10305,10201
10306,10201
10307,10201
10308,10201
10309,10201
10310,10201
10311,10201
10312,10201
10313,10201
10314,10201
10315,10201
10316,10201
10317,10201
10318,10201
10319,10201
10320,10201
10321,10201
10322,10201
10323,10201
10324,10201
10325,10201
10326,10201
10327,10201
10328,10201
10329,10201
10330,10201
10331,10201
10332,10201
10333,10201
10334,10201
10335,10201
10336,10201
10088,10202
10089,10202
10090,10202
10091,10202
10092,10202
10093,10202
10094,10202
10095,10202
10096,10202
10097,10202
10098,10202
10099,10202
10100,10202
10101,10202
10102,10202
10103,10202
10104,10202
10105,10202
10106,10202
10107,10202
10108,10202
10109,10202
10110,10202
10111,10202
10112,10202
10113,10202
10114,10202
10115,10202
10116,10202
10117,10202
10118,10202
10119,10202
10120,10202
10121,10202
10122,10202
10123,10202
10124,10202
10125,10202
10126,10202
10127,10202
10128,10202
10129,10202
10130,10202
10131,10202
10132,10202
10133,10202
10134,10202
10135,10202
10136,10202
10137,10202
10138,10202
10139,10202
10140,10202
10141,10202
10142,10202
10143,10202
10144,10202
10145,10202
10146,10202
10147,10202
10148,10202
10149,10202
10150,10202
10151,10202
10152,10202
10153,10202
10154,10202
10155,10202
10156,10202
10157,10202
10158,10202
10159,10202
10160,10202
10161,10202
10162,10202
10163,10202
10164,10202
10165,10202
10166,10202
10167,10202
10168,10202
10169,10202
10170,10202
10171,10202
10172,10202
10173,10202
10174,10202
10175,10202
10176,10202
10177,10202
10178,10202
10179,10202
10180,10202
10181,10202
10182,10202
10183,10202
10184,10202
10185,10202
10186,10202
10187,10202
10188,10202
10189,10202
10190,10202
10191,10202
10192,10202
10193,10202
10194,10202
10195,10202
10196,10202
10197,10202
10198,10202
10199,10202
10200,10202
10201,10202
10202,10202
10203,10202
10204,10202
10205,10202
10206,10202
10207,10202
10208,10202
10209,10202
10210,10202
10211,10202
10212,10202
10213,10202
10214,10202
10215,10202
10216,10202
10217,10202
10218,10202
10219,10202
10220,10202
10221,10202
10222,10202
10223,10202
10224,10202
10225,10202
10226,10202
10227,10202
10228,10202
10229,10202
10230,10202
10231,10202
10232,10202
10233,10202
10234,10202
10235,10202
10236,10202
10237,10202
10238,10202
10239,10202
10240,10202
10241,10202
10242,10202
10243,10202
10244,10202
10245,10202
10246,10202
10247,10202
10248,10202
10249,10202
10250,10202
10251,10202
10252,10202
10253,10202
10254,10202
10255,10202
10256,10202
10257,10202
10258,10202
10259,10202
10260,10202
10261,10202
10262,10202
10263,10202
10264,10202
10265,10202
10266,10202
10267,10202
10268,10202
10269,10202
10270,10202
10271,10202
10272,10202
10273,10202
10274,10202
10275,10202
10276,10202
10277,10202
10278,10202
10279,10202
10280,10202
10281,10202
10282,10202
10283,10202
10284,10202
10285,10202
10286,10202
10287,10202
10288,10202
10289,10202
10290,10202
10291,10202
10292,10202
10293,10202
10294,10202
10295,10202
10296,10202
10297,10202
10298,10202
10299,10202
10300,10202
10301,10202
10302,10202
10303,10202
10304,10202
10305,10202
10306,10202
10307,10202
10308,10202
10309,10202
10310,10202
10311,10202
10312,10202
10313,10202
10314,10202
10315,10202
10316,10202
10317,10202
10318,10202
10319,10202
10320,10202
10321,10202
10322,10202
10323,10202
10324,10202
10325,10202
10326,10202
10327,10202
10328,10202
10329,10202
10330,10202
10331,10202
10332,10202
10333,10202
10334,10202
10335,10202
10336,10202
10088,10203
10089,10203
10090,10203
10091,10203
10092,10203
10093,10203
10094,10203
10095,10203
10096,10203
10097,10203
10098,10203
10099,10203
10100,10203
10101,10203
10102,10203
10103,10203
10104,10203
10105,10203
10106,10203
10107,10203
10108,10203
10109,10203
10110,10203
10111,10203
10112,10203
10113,10203
10114,10203
10115,10203
10116,10203
10117,10203
10118,10203
10119,10203
10120,10203
10121,10203
10122,10203
10123,10203
10124,10203
10125,10203
10126,10203
10127,10203
10128,10203
10129,10203
10130,10203
10131,10203
10132,10203
10133,10203
10134,10203
10135,10203
10136,10203
10137,10203
10138,10203
10139,10203
10140,10203
10141,10203
10142,10203
10143,10203
10144,10203
10145,10203
10146,10203
10147,10203
10148,10203
10149,10203
10150,10203
10151,10203
10152,10203
10153,10203
10154,10203
10155,10203
10156,10203
10157,10203
10158,10203
10159,10203
10160,10203
10161,10203
10162,10203
10163,10203
10164,10203
10165,10203
10166,10203
10167,10203
10168,10203
10169,10203
10170,10203
10171,10203
10172,10203
10173,10203
10174,10203
10175,10203
10176,10203
10177,10203
10178,10203
10179,10203
10180,10203
10181,10203
10182,10203
10183,10203
10184,10203
10185,10203
10186,10203
10187,10203
10188,10203
10189,10203
10190,10203
10191,10203
10192,10203
10193,10203
10194,10203
10195,10203
10196,10203
10197,10203
10198,10203
10199,10203
10200,10203
10201,10203
10202,10203
10203,10203
10204,10203
10205,10203
10206,10203
10207,10203
10208,10203
10209,10203
10210,10203
10211,10203
10212,10203
10213,10203
10214,10203
10215,10203
10216,10203
10217,10203
10218,10203
10219,10203
10220,10203
10221,10203
10222,10203
10223,10203
10224,10203
10225,10203
10226,10203
10227,10203
10228,10203
10229,10203
10230,10203
10231,10203
10232,10203
10233,10203
10234,10203
10235,10203
10236,10203
10237,10203
10238,10203
10239,10203
10240,10203
10241,10203
10242,10203
10243,10203
10244,10203
10245,10203
10246,10203
10247,10203
10248,10203
10249,10203
10250,10203
10251,10203
10252,10203
10253,10203
10254,10203
10255,10203
10256,10203
10257,10203
10258,10203
10259,10203
10260,10203
10261,10203
10262,10203
10263,10203
10264,10203
10265,10203
10266,10203
10267,10203
10268,10203
10269,10203
10270,10203
10271,10203
10272,10203
10273,10203
10274,10203
10275,10203
10276,10203
10277,10203
10278,10203
10279,10203
10280,10203
10281,10203
10282,10203
10283,10203
10284,10203
10285,10203
10286,10203
10287,10203
10288,10203
10289,10203
10290,10203
10291,10203
10292,10203
10293,10203
10294,10203
10295,10203
10296,10203
10297,10203
10298,10203
10299,10203
10300,10203
10301,10203
10302,10203
10303,10203
10304,10203
10305,10203
10306,10203
10307,10203
10308,10203
10309,10203
10310,10203
10311,10203
10312,10203
10313,10203
10314,10203
10315,10203
10316,10203
10317,10203
10318,10203
10319,10203
10320,10203
10321,10203
10322,10203
10323,10203
10324,10203
10325,10203
10326,10203
10327,10203
10328,10203
10329,10203
10330,10203
10331,10203
10332,10203
10333,10203
10334,10203
10335,10203
10336,10203
10088,10204
10089,10204
10090,10204
10091,10204
10092,10204
10093,10204
10094,10204
10095,10204
10096,10204
10097,10204
10098,10204
10099,10204
10100,10204
10101,10204
10102,10204
10103,10204
10104,10204
10105,10204
10106,10204
10107,10204
10108,10204
10109,10204
10110,10204
10111,10204
10112,10204
10113,10204
10114,10204
10115,10204
10116,10204
10117,10204
10118,10204
10119,10204
10120,10204
10121,10204
10122,10204
10123,10204
10124,10204
10125,10204
10126,10204
10127,10204
10128,10204
10129,10204
10130,10204
10131,10204
10132,10204
10133,10204
10134,10204
10135,10204
10136,10204
10137,10204
10138,10204
10139,10204
10140,10204
10141,10204
10142,10204
10143,10204
10144,10204
10145,10204
10146,10204
10147,10204
10148,10204
10149,10204
10150,10204
10151,10204
10152,10204
10153,10204
10154,10204
10155,10204
10156,10204
10157,10204
10158,10204
10159,10204
10160,10204
10161,10204
10162,10204
10163,10204
10164,10204
10165,10204
10166,10204
10167,10204
10168,10204
10169,10204
10170,10204
10171,10204
10172,10204
10173,10204
10174,10204
10175,10204
10176,10204
10177,10204
10178,10204
10179,10204
10180,10204
10181,10204
10182,10204
10183,10204
10184,10204
10185,10204
10186,10204
10187,10204
10188,10204
10189,10204
10190,10204
10191,10204
10192,10204
10193,10204
10194,10204
10195,10204
10196,10204
10197,10204
10198,10204
10199,10204
10200,10204
10201,10204
10202,10204
10203,10204
10204,10204
10205,10204
10206,10204
10207,10204
10208,10204
10209,10204
10210,10204
10211,10204
10212,10204
10213,10204
10214,10204
10215,10204
10216,10204
10217,10204
10218,10204
10219,10204
10220,10204
10221,10204
10222,10204
10223,10204
10224,10204
10225,10204
10226,10204
10227,10204
10228,10204
10229,10204
10230,10204
10231,10204
10232,10204
10233,10204
10234,10204
10235,10204
10236,10204
10237,10204
10238,10204
10239,10204
10240,10204
10241,10204
10242,10204
10243,10204
10244,10204
10245,10204
10246,10204
10247,10204
10248,10204
10249,10204
10250,10204
10251,10204
10252,10204
10253,10204
10254,10204
10255,10204
10256,10204
10257,10204
10258,10204
10259,10204
10260,10204
10261,10204
10262,10204
10263,10204
10264,10204
10265,10204
10266,10204
10267,10204
10268,10204
10269,10204
10270,10204
10271,10204
10272,10204
10273,10204
10274,10204
10275,10204
10276,10204
10277,10204
10278,10204
10279,10204
10280,10204
10281,10204
10282,10204
10283,10204
10284,10204
10285,10204
10286,10204
10287,10204
10288,10204
10289,10204
10290,10204
10291,10204
10292,10204
10293,10204
10294,10204
10295,10204
10296,10204
10297,10204
10298,10204
10299,10204
10300,10204
10301,10204
10302,10204
10303,10204
10304,10204
10305,10204
10306,10204
10307,10204
10308,10204
10309,10204
10310,10204
10311,10204
10312,10204
10313,10204
10314,10204
10315,10204
10316,10204
10317,10204
10318,10204
10319,10204
10320,10204
10321,10204
10322,10204
10323,10204
10324,10204
10325,10204
10326,10204
10327,10204
10328,10204
10329,10204
10330,10204
10331,10204
10332,10204
10333,10204
10334,10204
10335,10204
10336,10204
10088,10205
10089,10205
10090,10205
10091,10205
10092,10205
10093,10205
10094,10205
10095,10205
10096,10205
10097,10205
10098,10205
10099,10205
10100,10205
10101,10205
10102,10205
10103,10205
10104,10205
10105,10205
10106,10205
10107,10205
10108,10205
10109,10205
10110,10205
10111,10205
10112,10205
10113,10205
10114,10205
10115,10205
10116,10205
10117,10205
10118,10205
10119,10205
10120,10205
10121,10205
10122,10205
10123,10205
10124,10205
10125,10205
10126,10205
10127,10205
10128,10205
10129,10205
10130,10205
10131,10205
10132,10205
10133,10205
10134,10205
10135,10205
10136,10205
10137,10205
10138,10205
10139,10205
10140,10205
10141,10205
10142,10205
10143,10205
10144,10205
10145,10205
10146,10205
10147,10205
10148,10205
10149,10205
10150,10205
10151,10205
10152,10205
10153,10205
10154,10205
10155,10205
10156,10205
10157,10205
10158,10205
10159,10205
10160,10205
10161,10205
10162,10205
10163,10205
10164,10205
10165,10205
10166,10205
10167,10205
10168,10205
10169,10205
10170,10205
10171,10205
10172,10205
10173,10205
10174,10205
10175,10205
10176,10205
10177,10205
10178,10205
10179,10205
10180,10205
10181,10205
10182,10205
10183,10205
10184,10205
10185,10205
10186,10205
10187,10205
10188,10205
10189,10205
10190,10205
10191,10205
10192,10205
10193,10205
10194,10205
10195,10205
10196,10205
10197,10205
10198,10205
10199,10205
10200,10205
10201,10205
10202,10205
10203,10205
10204,10205
10205,10205
10206,10205
10207,10205
10208,10205
10209,10205
10210,10205
10211,10205
10212,10205
10213,10205
10214,10205
10215,10205
10216,10205
10217,10205
10218,10205
10219,10205
10220,10205
10221,10205
10222,10205
10223,10205
10224,10205
10225,10205
10226,10205
10227,10205
10228,10205
10229,10205
10230,10205
10231,10205
10232,10205
10233,10205
10234,10205
10235,10205
10236,10205
10237,10205
10238,10205
10239,10205
10240,10205
10241,10205
10242,10205
10243,10205
10244,10205
10245,10205
10246,10205
10247,10205
10248,10205
10249,10205
10250,10205
10251,10205
10252,10205
10253,10205
10254,10205
10255,10205
10256,10205
10257,10205
10258,10205
10259,10205
10260,10205
10261,10205
10262,10205
10263,10205
10264,10205
10265,10205
10266,10205
10267,10205
10268,10205
10269,10205
10270,10205
10271,10205
10272,10205
10273,10205
10274,10205
10275,10205
10276,10205
10277,10205
10278,10205
10279,10205
10280,10205
10281,10205
10282,10205
10283,10205
10284,10205
10285,10205
10286,10205
10287,10205
10288,10205
10289,10205
10290,10205
10291,10205
10292,10205
10293,10205
10294,10205
10295,10205
10296,10205
10297,10205
10298,10205
10299,10205
10300,10205
10301,10205
10302,10205
10303,10205
10304,10205
10305,10205
10306,10205
10307,10205
10308,10205
10309,10205
10310,10205
10311,10205
10312,10205
10313,10205
10314,10205
10315,10205
10316,10205
10317,10205
10318,10205
10319,10205
10320,10205
10321,10205
10322,10205
10323,10205
10324,10205
10325,10205
10326,10205
10327,10205
10328,10205
10329,10205
10330,10205
10331,10205
10332,10205
10333,10205
10334,10205
10335,10205
10336,10205
10088,10206
10089,10206
10090,10206
10091,10206
10092,10206
10093,10206
10094,10206
10095,10206
10096,10206
10097,10206
10098,10206
10099,10206
10100,10206
10101,10206
10102,10206
10103,10206
10104,10206
10105,10206
10106,10206
10107,10206
10108,10206
10109,10206
10110,10206
10111,10206
10112,10206
10113,10206
10114,10206
10115,10206
10116,10206
10117,10206
10118,10206
10119,10206
10120,10206
10121,10206
10122,10206
10123,10206
10124,10206
10125,10206
10126,10206
10127,10206
10128,10206
10129,10206
10130,10206
10131,10206
10132,10206
10133,10206
10134,10206
10135,10206
10136,10206
10137,10206
10138,10206
10139,10206
10140,10206
10141,10206
10142,10206
10143,10206
10144,10206
10145,10206
10146,10206
10147,10206
10148,10206
10149,10206
10150,10206
10151,10206
10152,10206
10153,10206
10154,10206
10155,10206
10156,10206
10157,10206
10158,10206
10159,10206
10160,10206
10161,10206
10162,10206
10163,10206
10164,10206
10165,10206
10166,10206
10167,10206
10168,10206
10169,10206
10170,10206
10171,10206
10172,10206
10173,10206
10174,10206
10175,10206
10176,10206
10177,10206
10178,10206
10179,10206
10180,10206
10181,10206
10182,10206
10183,10206
10184,10206
10185,10206
10186,10206
10187,10206
10188,10206
10189,10206
10190,10206
10191,10206
10192,10206
10193,10206
10194,10206
10195,10206
10196,10206
10197,10206
10198,10206
10199,10206
10200,10206
10201,10206
10202,10206
10203,10206
10204,10206
10205,10206
10206,10206
10207,10206
10208,10206
10209,10206
10210,10206
10211,10206
10212,10206
10213,10206
10214,10206
10215,10206
10216,10206
10217,10206
10218,10206
10219,10206
10220,10206
10221,10206
10222,10206
10223,10206
10224,10206
10225,10206
10226,10206
10227,10206
10228,10206
10229,10206
10230,10206
10231,10206
10232,10206
10233,10206
10234,10206
10235,10206
10236,10206
10237,10206
10238,10206
10239,10206
10240,10206
10241,10206
10242,10206
10243,10206
10244,10206
10245,10206
10246,10206
10247,10206
10248,10206
10249,10206
10250,10206
10251,10206
10252,10206
10253,10206
10254,10206
10255,10206
10256,10206
10257,10206
10258,10206
10259,10206
10260,10206
10261,10206
10262,10206
10263,10206
10264,10206
10265,10206
10266,10206
10267,10206
10268,10206
10269,10206
10270,10206
10271,10206
10272,10206
10273,10206
10274,10206
10275,10206
10276,10206
10277,10206
10278,10206
10279,10206
10280,10206
10281,10206
10282,10206
10283,10206
10284,10206
10285,10206
10286,10206
10287,10206
10288,10206
10289,10206
10290,10206
10291,10206
10292,10206
10293,10206
10294,10206
10295,10206
10296,10206
10297,10206
10298,10206
10299,10206
10300,10206
10301,10206
10302,10206
10303,10206
10304,10206
10305,10206
10306,10206
10307,10206
10308,10206
10309,10206
10310,10206
10311,10206
10312,10206
10313,10206
10314,10206
10315,10206
10316,10206
10317,10206
10318,10206
10319,10206
10320,10206
10321,10206
10322,10206
10323,10206
10324,10206
10325,10206
10326,10206
10327,10206
10328,10206
10329,10206
10330,10206
10331,10206
10332,10206
10333,10206
10334,10206
10335,10206
10336,10206
10088,10207
10089,10207
10090,10207
10091,10207
10092,10207
10093,10207
10094,10207
10095,10207
10096,10207
10097,10207
10098,10207
10099,10207
10100,10207
10101,10207
10102,10207
10103,10207
10104,10207
10105,10207
10106,10207
10107,10207
10108,10207
10109,10207
10110,10207
10111,10207
10112,10207
10113,10207
10114,10207
10115,10207
10116,10207
10117,10207
10118,10207
10119,10207
10120,10207
10121,10207
10122,10207
10123,10207
10124,10207
10125,10207
10126,10207
10127,10207
10128,10207
10129,10207
10130,10207
10131,10207
10132,10207
10133,10207
10134,10207
10135,10207
10136,10207
10137,10207
10138,10207
10139,10207
10140,10207
10141,10207
10142,10207
10143,10207
10144,10207
10145,10207
10146,10207
10147,10207
10148,10207
10149,10207
10150,10207
10151,10207
10152,10207
10153,10207
10154,10207
10155,10207
10156,10207
10157,10207
10158,10207
10159,10207
10160,10207
10161,10207
10162,10207
10163,10207
10164,10207
10165,10207
10166,10207
10167,10207
10168,10207
10169,10207
10170,10207
10171,10207
10172,10207
10173,10207
10174,10207
10175,10207
10176,10207
10177,10207
10178,10207
10179,10207
10180,10207
10181,10207
10182,10207
10183,10207
10184,10207
10185,10207
10186,10207
10187,10207
10188,10207
10189,10207
10190,10207
10191,10207
10192,10207
10193,10207
10194,10207
10195,10207
10196,10207
10197,10207
10198,10207
10199,10207
10200,10207
10201,10207
10202,10207
10203,10207
10204,10207
10205,10207
10206,10207
10207,10207
10208,10207
10209,10207
10210,10207
10211,10207
10212,10207
10213,10207
10214,10207
10215,10207
10216,10207
10217,10207
10218,10207
10219,10207
10220,10207
10221,10207
10222,10207
10223,10207
10224,10207
10225,10207
10226,10207
10227,10207
10228,10207
10229,10207
10230,10207
10231,10207
10232,10207
10233,10207
10234,10207
10235,10207
10236,10207
10237,10207
10238,10207
10239,10207
10240,10207
10241,10207
10242,10207
10243,10207
10244,10207
10245,10207
10246,10207
10247,10207
10248,10207
10249,10207
10250,10207
10251,10207
10252,10207
10253,10207
10254,10207
10255,10207
10256,10207
10257,10207
10258,10207
10259,10207
10260,10207
10261,10207
10262,10207
10263,10207
10264,10207
10265,10207
10266,10207
10267,10207
10268,10207
10269,10207
10270,10207
10271,10207
10272,10207
10273,10207
10274,10207
10275,10207
10276,10207
10277,10207
10278,10207
10279,10207
10280,10207
10281,10207
10282,10207
10283,10207
10284,10207
10285,10207
10286,10207
10287,10207
10288,10207
10289,10207
10290,10207
10291,10207
10292,10207
10293,10207
10294,10207
10295,10207
10296,10207
10297,10207
10298,10207
10299,10207
10300,10207
10301,10207
10302,10207
10303,10207
10304,10207
10305,10207
10306,10207
10307,10207
10308,10207
10309,10207
10310,10207
10311,10207
10312,10207
10313,10207
10314,10207
10315,10207
10316,10207
10317,10207
10318,10207
10319,10207
10320,10207
10321,10207
10322,10207
10323,10207
10324,10207
10325,10207
10326,10207
10327,10207
10328,10207
10329,10207
10330,10207
10331,10207
10332,10207
10333,10207
10334,10207
10335,10207
10336,10207
10088,10208
10089,10208
10090,10208
10091,10208
10092,10208
10093,10208
10094,10208
10095,10208
10096,10208
10097,10208
10098,10208
10099,10208
10100,10208
10101,10208
10102,10208
10103,10208
10104,10208
10105,10208
10106,10208
10107,10208
10108,10208
10109,10208
10110,10208
10111,10208
10112,10208
10113,10208
10114,10208
10115,10208
10116,10208
10117,10208
10118,10208
10119,10208
10120,10208
10121,10208
10122,10208
10123,10208
10124,10208
10125,10208
10126,10208
10127,10208
10128,10208
10129,10208
10130,10208
10131,10208
10132,10208
10133,10208
10134,10208
10135,10208
10136,10208
10137,10208
10138,10208
10139,10208
10140,10208
10141,10208
10142,10208
10143,10208
10144,10208
10145,10208
10146,10208
10147,10208
10148,10208
10149,10208
10150,10208
10151,10208
10152,10208
10153,10208
10154,10208
10155,10208
10156,10208
10157,10208
10158,10208
10159,10208
10160,10208
10161,10208
10162,10208
10163,10208
10164,10208
10165,10208
10166,10208
10167,10208
10168,10208
10169,10208
10170,10208
10171,10208
10172,10208
10173,10208
10174,10208
10175,10208
10176,10208
10177,10208
10178,10208
10179,10208
10180,10208
10181,10208
10182,10208
10183,10208
10184,10208
10185,10208
10186,10208
10187,10208
10188,10208
10189,10208
10190,10208
10191,10208
10192,10208
10193,10208
10194,10208
10195,10208
10196,10208
10197,10208
10198,10208
10199,10208
10200,10208
10201,10208
10202,10208
10203,10208
10204,10208
10205,10208
10206,10208
10207,10208
10208,10208
10209,10208
10210,10208
10211,10208
10212,10208
10213,10208
10214,10208
10215,10208
10216,10208
10217,10208
10218,10208
10219,10208
10220,10208
10221,10208
10222,10208
10223,10208
10224,10208
10225,10208
10226,10208
10227,10208
10228,10208
10229,10208
10230,10208
10231,10208
10232,10208
10233,10208
10234,10208
10235,10208
10236,10208
10237,10208
10238,10208
10239,10208
10240,10208
10241,10208
10242,10208
10243,10208
10244,10208
10245,10208
10246,10208
10247,10208
10248,10208
10249,10208
10250,10208
10251,10208
10252,10208
10253,10208
10254,10208
10255,10208
10256,10208
10257,10208
10258,10208
10259,10208
10260,10208
10261,10208
10262,10208
10263,10208
10264,10208
10265,10208
10266,10208
10267,10208
10268,10208
10269,10208
10270,10208
10271,10208
10272,10208
10273,10208
10274,10208
10275,10208
10276,10208
10277,10208
10278,10208
10279,10208
10280,10208
10281,10208
10282,10208
10283,10208
10284,10208
10285,10208
10286,10208
10287,10208
10288,10208
10289,10208
10290,10208
10291,10208
10292,10208
10293,10208
10294,10208
10295,10208
10296,10208
10297,10208
10298,10208
10299,10208
10300,10208
10301,10208
10302,10208
10303,10208
10304,10208
10305,10208
10306,10208
10307,10208
10308,10208
10309,10208
10310,10208
10311,10208
10312,10208
10313,10208
10314,10208
10315,10208
10316,10208
10317,10208
10318,10208
10319,10208
10320,10208
10321,10208
10322,10208
10323,10208
10324,10208
10325,10208
10326,10208
10327,10208
10328,10208
10329,10208
10330,10208
10331,10208
10332,10208
10333,10208
10334,10208
10335,10208
10336,10208
10088,10209
10089,10209
10090,10209
10091,10209
10092,10209
10093,10209
10094,10209
10095,10209
10096,10209
10097,10209
10098,10209
10099,10209
10100,10209
10101,10209
10102,10209
10103,10209
10104,10209
10105,10209
10106,10209
10107,10209
10108,10209
10109,10209
10110,10209
10111,10209
10112,10209
10113,10209
10114,10209
10115,10209
10116,10209
10117,10209
10118,10209
10119,10209
10120,10209
10121,10209
10122,10209
10123,10209
10124,10209
10125,10209
10126,10209
10127,10209
10128,10209
10129,10209
10130,10209
10131,10209
10132,10209
10133,10209
10134,10209
10135,10209
10136,10209
10137,10209
10138,10209
10139,10209
10140,10209
10141,10209
10142,10209
10143,10209
10144,10209
10145,10209
10146,10209
10147,10209
10148,10209
10149,10209
10150,10209
10151,10209
10152,10209
10153,10209
10154,10209
10155,10209
10156,10209
10157,10209
10158,10209
10159,10209
10160,10209
10161,10209
10162,10209
10163,10209
10164,10209
10165,10209
10166,10209
10167,10209
10168,10209
10169,10209
10170,10209
10171,10209
10172,10209
10173,10209
10174,10209
10175,10209
10176,10209
10177,10209
10178,10209
10179,10209
10180,10209
10181,10209
10182,10209
10183,10209
10184,10209
10185,10209
10186,10209
10187,10209
10188,10209
10189,10209
10190,10209
10191,10209
10192,10209
10193,10209
10194,10209
10195,10209
10196,10209
10197,10209
10198,10209
10199,10209
10200,10209
10201,10209
10202,10209
10203,10209
10204,10209
10205,10209
10206,10209
10207,10209
10208,10209
10209,10209
10210,10209
10211,10209
10212,10209
10213,10209
10214,10209
10215,10209
10216,10209
10217,10209
10218,10209
10219,10209
10220,10209
10221,10209
10222,10209
10223,10209
10224,10209
10225,10209
10226,10209
10227,10209
10228,10209
10229,10209
10230,10209
10231,10209
10232,10209
10233,10209
10234,10209
10235,10209
10236,10209
10237,10209
10238,10209
10239,10209
10240,10209
10241,10209
10242,10209
10243,10209
10244,10209
10245,10209
10246,10209
10247,10209
10248,10209
10249,10209
10250,10209
10251,10209
10252,10209
10253,10209
10254,10209
10255,10209
10256,10209
10257,10209
10258,10209
10259,10209
10260,10209
10261,10209
10262,10209
10263,10209
10264,10209
10265,10209
10266,10209
10267,10209
10268,10209
10269,10209
10270,10209
10271,10209
10272,10209
10273,10209
10274,10209
10275,10209
10276,10209
10277,10209
10278,10209
10279,10209
10280,10209
10281,10209
10282,10209
10283,10209
10284,10209
10285,10209
10286,10209
10287,10209
10288,10209
10289,10209
10290,10209
10291,10209
10292,10209
10293,10209
10294,10209
10295,10209
10296,10209
10297,10209
10298,10209
10299,10209
10300,10209
10301,10209
10302,10209
10303,10209
10304,10209
10305,10209
10306,10209
10307,10209
10308,10209
10309,10209
10310,10209
10311,10209
10312,10209
10313,10209
10314,10209
10315,10209
10316,10209
10317,10209
10318,10209
10319,10209
10320,10209
10321,10209
10322,10209
10323,10209
10324,10209
10325,10209
10326,10209
10327,10209
10328,10209
10329,10209
10330,10209
10331,10209
10332,10209
10333,10209
10334,10209
10335,10209
10336,10209
10088,10210
10089,10210
10090,10210
10091,10210
10092,10210
10093,10210
10094,10210
10095,10210
10096,10210
10097,10210
10098,10210
10099,10210
10100,10210
10101,10210
10102,10210
10103,10210
10104,10210
10105,10210
10106,10210
10107,10210
10108,10210
10109,10210
10110,10210
10111,10210
10112,10210
10113,10210
10114,10210
10115,10210
10116,10210
10117,10210
10118,10210
10119,10210
10120,10210
10121,10210
10122,10210
10123,10210
10124,10210
10125,10210
10126,10210
10127,10210
10128,10210
10129,10210
10130,10210
10131,10210
10132,10210
10133,10210
10134,10210
10135,10210
10136,10210
10137,10210
10138,10210
10139,10210
10140,10210
10141,10210
10142,10210
10143,10210
10144,10210
10145,10210
10146,10210
10147,10210
10148,10210
10149,10210
10150,10210
10151,10210
10152,10210
10153,10210
10154,10210
10155,10210
10156,10210
10157,10210
10158,10210
10159,10210
10160,10210
10161,10210
10162,10210
10163,10210
10164,10210
10165,10210
10166,10210
10167,10210
10168,10210
10169,10210
10170,10210
10171,10210
10172,10210
10173,10210
10174,10210
10175,10210
10176,10210
10177,10210
10178,10210
10179,10210
10180,10210
10181,10210
10182,10210
10183,10210
10184,10210
10185,10210
10186,10210
10187,10210
10188,10210
10189,10210
10190,10210
10191,10210
10192,10210
10193,10210
10194,10210
10195,10210
10196,10210
10197,10210
10198,10210
10199,10210
10200,10210
10201,10210
10202,10210
10203,10210
10204,10210
10205,10210
10206,10210
10207,10210
10208,10210
10209,10210
10210,10210
10211,10210
10212,10210
10213,10210
10214,10210
10215,10210
10216,10210
10217,10210
10218,10210
10219,10210
10220,10210
10221,10210
10222,10210
10223,10210
10224,10210
10225,10210
10226,10210
10227,10210
10228,10210
10229,10210
10230,10210
10231,10210
10232,10210
10233,10210
10234,10210
10235,10210
10236,10210
10237,10210
10238,10210
10239,10210
10240,10210
10241,10210
10242,10210
10243,10210
10244,10210
10245,10210
10246,10210
10247,10210
10248,10210
10249,10210
10250,10210
10251,10210
10252,10210
10253,10210
10254,10210
10255,10210
10256,10210
10257,10210
10258,10210
10259,10210
10260,10210
10261,10210
10262,10210
10263,10210
10264,10210
10265,10210
10266,10210
10267,10210
10268,10210
10269,10210
10270,10210
10271,10210
10272,10210
10273,10210
10274,10210
10275,10210
10276,10210
10277,10210
10278,10210
10279,10210
10280,10210
10281,10210
10282,10210
10283,10210
10284,10210
10285,10210
10286,10210
10287,10210
10288,10210
10289,10210
10290,10210
10291,10210
10292,10210
10293,10210
10294,10210
10295,10210
10296,10210
10297,10210
10298,10210
10299,10210
10300,10210
10301,10210
10302,10210
10303,10210
10304,10210
10305,10210
10306,10210
10307,10210
10308,10210
10309,10210
10310,10210
10311,10210
10312,10210
10313,10210
10314,10210
10315,10210
10316,10210
10317,10210
10318,10210
10319,10210
10320,10210
10321,10210
10322,10210
10323,10210
10324,10210
10325,10210
10326,10210
10327,10210
10328,10210
10329,10210
10330,10210
10331,10210
10332,10210
10333,10210
10334,10210
10335,10210
10336,10210
10088,10211
10089,10211
10090,10211
10091,10211
10092,10211
10093,10211
10094,10211
10095,10211
10096,10211
10097,10211
10098,10211
10099,10211
10100,10211
10101,10211
10102,10211
10103,10211
10104,10211
10105,10211
10106,10211
10107,10211
10108,10211
10109,10211
10110,10211
10111,10211
10112,10211
10113,10211
10114,10211
10115,10211
10116,10211
10117,10211
10118,10211
10119,10211
10120,10211
10121,10211
10122,10211
10123,10211
10124,10211
10125,10211
10126,10211
10127,10211
10128,10211
10129,10211
10130,10211
10131,10211
10132,10211
10133,10211
10134,10211
10135,10211
10136,10211
10137,10211
10138,10211
10139,10211
10140,10211
10141,10211
10142,10211
10143,10211
10144,10211
10145,10211
10146,10211
10147,10211
10148,10211
10149,10211
10150,10211
10151,10211
10152,10211
10153,10211
10154,10211
10155,10211
10156,10211
10157,10211
10158,10211
10159,10211
10160,10211
10161,10211
10162,10211
10163,10211
10164,10211
10165,10211
10166,10211
10167,10211
10168,10211
10169,10211
10170,10211
10171,10211
10172,10211
10173,10211
10174,10211
10175,10211
10176,10211
10177,10211
10178,10211
10179,10211
10180,10211
10181,10211
10182,10211
10183,10211
10184,10211
10185,10211
10186,10211
10187,10211
10188,10211
10189,10211
10190,10211
10191,10211
10192,10211
10193,10211
10194,10211
10195,10211
10196,10211
10197,10211
10198,10211
10199,10211
10200,10211
10201,10211
10202,10211
10203,10211
10204,10211
10205,10211
10206,10211
10207,10211
10208,10211
10209,10211
10210,10211
10211,10211
10212,10211
10213,10211
10214,10211
10215,10211
10216,10211
10217,10211
10218,10211
10219,10211
10220,10211
10221,10211
10222,10211
10223,10211
10224,10211
10225,10211
10226,10211
10227,10211
10228,10211
10229,10211
10230,10211
10231,10211
10232,10211
10233,10211
10234,10211
10235,10211
10236,10211
10237,10211
10238,10211
10239,10211
10240,10211
10241,10211
10242,10211
10243,10211
10244,10211
10245,10211
10246,10211
10247,10211
10248,10211
10249,10211
10250,10211
10251,10211
10252,10211
10253,10211
10254,10211
10255,10211
10256,10211
10257,10211
10258,10211
10259,10211
10260,10211
10261,10211
10262,10211
10263,10211
10264,10211
10265,10211
10266,10211
10267,10211
10268,10211
10269,10211
10270,10211
10271,10211
10272,10211
10273,10211
10274,10211
10275,10211
10276,10211
10277,10211
10278,10211
10279,10211
10280,10211
10281,10211
10282,10211
10283,10211
10284,10211
10285,10211
10286,10211
10287,10211
10288,10211
10289,10211
10290,10211
10291,10211
10292,10211
10293,10211
10294,10211
10295,10211
10296,10211
10297,10211
10298,10211
10299,10211
10300,10211
10301,10211
10302,10211
10303,10211
10304,10211
10305,10211
10306,10211
10307,10211
10308,10211
10309,10211
10310,10211
10311,10211
10312,10211
10313,10211
10314,10211
10315,10211
10316,10211
10317,10211
10318,10211
10319,10211
10320,10211
10321,10211
10322,10211
10323,10211
10324,10211
10325,10211
10326,10211
10327,10211
10328,10211
10329,10211
10330,10211
10331,10211
10332,10211
10333,10211
10334,10211
10335,10211
10336,10211
10088,10212
10089,10212
10090,10212
10091,10212
10092,10212
10093,10212
10094,10212
10095,10212
10096,10212
10097,10212
10098,10212
10099,10212
10100,10212
10101,10212
10102,10212
10103,10212
10104,10212
10105,10212
10106,10212
10107,10212
10108,10212
10109,10212
10110,10212
10111,10212
10112,10212
10113,10212
10114,10212
10115,10212
10116,10212
10117,10212
10118,10212
10119,10212
10120,10212
10121,10212
10122,10212
10123,10212
10124,10212
10125,10212
10126,10212
10127,10212
10128,10212
10129,10212
10130,10212
10131,10212
10132,10212
10133,10212
10134,10212
10135,10212
10136,10212
10137,10212
10138,10212
10139,10212
10140,10212
10141,10212
10142,10212
10143,10212
10144,10212
10145,10212
10146,10212
10147,10212
10148,10212
10149,10212
10150,10212
10151,10212
10152,10212
10153,10212
10154,10212
10155,10212
10156,10212
10157,10212
10158,10212
10159,10212
10160,10212
10161,10212
10162,10212
10163,10212
10164,10212
10165,10212
10166,10212
10167,10212
10168,10212
10169,10212
10170,10212
10171,10212
10172,10212
10173,10212
10174,10212
10175,10212
10176,10212
10177,10212
10178,10212
10179,10212
10180,10212
10181,10212
10182,10212
10183,10212
10184,10212
10185,10212
10186,10212
10187,10212
10188,10212
10189,10212
10190,10212
10191,10212
10192,10212
10193,10212
10194,10212
10195,10212
10196,10212
10197,10212
10198,10212
10199,10212
10200,10212
10201,10212
10202,10212
10203,10212
10204,10212
10205,10212
10206,10212
10207,10212
10208,10212
10209,10212
10210,10212
10211,10212
10212,10212
10213,10212
10214,10212
10215,10212
10216,10212
10217,10212
10218,10212
10219,10212
10220,10212
10221,10212
10222,10212
10223,10212
10224,10212
10225,10212
10226,10212
10227,10212
10228,10212
10229,10212
10230,10212
10231,10212
10232,10212
10233,10212
10234,10212
10235,10212
10236,10212
10237,10212
10238,10212
10239,10212
10240,10212
10241,10212
10242,10212
10243,10212
10244,10212
10245,10212
10246,10212
10247,10212
10248,10212
10249,10212
10250,10212
10251,10212
10252,10212
10253,10212
10254,10212
10255,10212
10256,10212
10257,10212
10258,10212
10259,10212
10260,10212
10261,10212
10262,10212
10263,10212
10264,10212
10265,10212
10266,10212
10267,10212
10268,10212
10269,10212
10270,10212
10271,10212
10272,10212
10273,10212
10274,10212
10275,10212
10276,10212
10277,10212
10278,10212
10279,10212
10280,10212
10281,10212
10282,10212
10283,10212
10284,10212
10285,10212
10286,10212
10287,10212
10288,10212
10289,10212
10290,10212
10291,10212
10292,10212
10293,10212
10294,10212
10295,10212
10296,10212
10297,10212
10298,10212
10299,10212
10300,10212
10301,10212
10302,10212
10303,10212
10304,10212
10305,10212
10306,10212
10307,10212
10308,10212
10309,10212
10310,10212
10311,10212
10312,10212
10313,10212
10314,10212
10315,10212
10316,10212
10317,10212
10318,10212
10319,10212
10320,10212
10321,10212
10322,10212
10323,10212
10324,10212
10325,10212
10326,10212
10327,10212
10328,10212
10329,10212
10330,10212
10331,10212
10332,10212
10333,10212
10334,10212
10335,10212
10336,10212
10088,10213
10089,10213
10090,10213
10091,10213
10092,10213
10093,10213
10094,10213
10095,10213
10096,10213
10097,10213
10098,10213
10099,10213
10100,10213
10101,10213
10102,10213
10103,10213
10104,10213
10105,10213
10106,10213
10107,10213
10108,10213
10109,10213
10110,10213
10111,10213
10112,10213
10113,10213
10114,10213
10115,10213
10116,10213
10117,10213
10118,10213
10119,10213
10120,10213
10121,10213
10122,10213
10123,10213
10124,10213
10125,10213
10126,10213
10127,10213
10128,10213
10129,10213
10130,10213
10131,10213
10132,10213
10133,10213
10134,10213
10135,10213
10136,10213
10137,10213
10138,10213
10139,10213
10140,10213
10141,10213
10142,10213
10143,10213
10144,10213
10145,10213
10146,10213
10147,10213
10148,10213
10149,10213
10150,10213
10151,10213
10152,10213
10153,10213
10154,10213
10155,10213
10156,10213
10157,10213
10158,10213
10159,10213
10160,10213
10161,10213
10162,10213
10163,10213
10164,10213
10165,10213
10166,10213
10167,10213
10168,10213
10169,10213
10170,10213
10171,10213
10172,10213
10173,10213
10174,10213
10175,10213
10176,10213
10177,10213
10178,10213
10179,10213
10180,10213
10181,10213
10182,10213
10183,10213
10184,10213
10185,10213
10186,10213
10187,10213
10188,10213
10189,10213
10190,10213
10191,10213
10192,10213
10193,10213
10194,10213
10195,10213
10196,10213
10197,10213
10198,10213
10199,10213
10200,10213
10201,10213
10202,10213
10203,10213
10204,10213
10205,10213
10206,10213
10207,10213
10208,10213
10209,10213
10210,10213
10211,10213
10212,10213
10213,10213
10214,10213
10215,10213
10216,10213
10217,10213
10218,10213
10219,10213
10220,10213
10221,10213
10222,10213
10223,10213
10224,10213
10225,10213
10226,10213
10227,10213
10228,10213
10229,10213
10230,10213
10231,10213
10232,10213
10233,10213
10234,10213
10235,10213
10236,10213
10237,10213
10238,10213
10239,10213
10240,10213
10241,10213
10242,10213
10243,10213
10244,10213
10245,10213
10246,10213
10247,10213
10248,10213
10249,10213
10250,10213
10251,10213
10252,10213
10253,10213
10254,10213
10255,10213
10256,10213
10257,10213
10258,10213
10259,10213
10260,10213
10261,10213
10262,10213
10263,10213
10264,10213
10265,10213
10266,10213
10267,10213
10268,10213
10269,10213
10270,10213
10271,10213
10272,10213
10273,10213
10274,10213
10275,10213
10276,10213
10277,10213
10278,10213
10279,10213
10280,10213
10281,10213
10282,10213
10283,10213
10284,10213
10285,10213
10286,10213
10287,10213
10288,10213
10289,10213
10290,10213
10291,10213
10292,10213
10293,10213
10294,10213
10295,10213
10296,10213
10297,10213
10298,10213
10299,10213
10300,10213
10301,10213
10302,10213
10303,10213
10304,10213
10305,10213
10306,10213
10307,10213
10308,10213
10309,10213
10310,10213
10311,10213
10312,10213
10313,10213
10314,10213
10315,10213
10316,10213
10317,10213
10318,10213
10319,10213
10320,10213
10321,10213
10322,10213
10323,10213
10324,10213
10325,10213
10326,10213
10327,10213
10328,10213
10329,10213
10330,10213
10331,10213
10332,10213
10333,10213
10334,10213
10335,10213
10336,10213
10088,10214
10089,10214
10090,10214
10091,10214
10092,10214
10093,10214
10094,10214
10095,10214
10096,10214
10097,10214
10098,10214
10099,10214
10100,10214
10101,10214
10102,10214
10103,10214
10104,10214
10105,10214
10106,10214
10107,10214
10108,10214
10109,10214
10110,10214
10111,10214
10112,10214
10113,10214
10114,10214
10115,10214
10116,10214
10117,10214
10118,10214
10119,10214
10120,10214
10121,10214
10122,10214
10123,10214
10124,10214
10125,10214
10126,10214
10127,10214
10128,10214
10129,10214
10130,10214
10131,10214
10132,10214
10133,10214
10134,10214
10135,10214
10136,10214
10137,10214
10138,10214
10139,10214
10140,10214
10141,10214
10142,10214
10143,10214
10144,10214
10145,10214
10146,10214
10147,10214
10148,10214
10149,10214
10150,10214
10151,10214
10152,10214
10153,10214
10154,10214
10155,10214
10156,10214
10157,10214
10158,10214
10159,10214
10160,10214
10161,10214
10162,10214
10163,10214
10164,10214
10165,10214
10166,10214
10167,10214
10168,10214
10169,10214
10170,10214
10171,10214
10172,10214
10173,10214
10174,10214
10175,10214
10176,10214
10177,10214
10178,10214
10179,10214
10180,10214
10181,10214
10182,10214
10183,10214
10184,10214
10185,10214
10186,10214
10187,10214
10188,10214
10189,10214
10190,10214
10191,10214
10192,10214
10193,10214
10194,10214
10195,10214
10196,10214
10197,10214
10198,10214
10199,10214
10200,10214
10201,10214
10202,10214
10203,10214
10204,10214
10205,10214
10206,10214
10207,10214
10208,10214
10209,10214
10210,10214
10211,10214
10212,10214
10213,10214
10214,10214
10215,10214
10216,10214
10217,10214
10218,10214
10219,10214
10220,10214
10221,10214
10222,10214
10223,10214
10224,10214
10225,10214
10226,10214
10227,10214
10228,10214
10229,10214
10230,10214
10231,10214
10232,10214
10233,10214
10234,10214
10235,10214
10236,10214
10237,10214
10238,10214
10239,10214
10240,10214
10241,10214
10242,10214
10243,10214
10244,10214
10245,10214
10246,10214
10247,10214
10248,10214
10249,10214
10250,10214
10251,10214
10252,10214
10253,10214
10254,10214
10255,10214
10256,10214
10257,10214
10258,10214
10259,10214
10260,10214
10261,10214
10262,10214
10263,10214
10264,10214
10265,10214
10266,10214
10267,10214
10268,10214
10269,10214
10270,10214
10271,10214
10272,10214
10273,10214
10274,10214
10275,10214
10276,10214
10277,10214
10278,10214
10279,10214
10280,10214
10281,10214
10282,10214
10283,10214
10284,10214
10285,10214
10286,10214
10287,10214
10288,10214
10289,10214
10290,10214
10291,10214
10292,10214
10293,10214
10294,10214
10295,10214
10296,10214
10297,10214
10298,10214
10299,10214
10300,10214
10301,10214
10302,10214
10303,10214
10304,10214
10305,10214
10306,10214
10307,10214
10308,10214
10309,10214
10310,10214
10311,10214
10312,10214
10313,10214
10314,10214
10315,10214
10316,10214
10317,10214
10318,10214
10319,10214
10320,10214
10321,10214
10322,10214
10323,10214
10324,10214
10325,10214
10326,10214
10327,10214
10328,10214
10329,10214
10330,10214
10331,10214
10332,10214
10333,10214
10334,10214
10335,10214
10336,10214
10088,10215
10089,10215
10090,10215
10091,10215
10092,10215
10093,10215
10094,10215
10095,10215
10096,10215
10097,10215
10098,10215
10099,10215
10100,10215
10101,10215
10102,10215
10103,10215
10104,10215
10105,10215
10106,10215
10107,10215
10108,10215
10109,10215
10110,10215
10111,10215
10112,10215
10113,10215
10114,10215
10115,10215
10116,10215
10117,10215
10118,10215
10119,10215
10120,10215
10121,10215
10122,10215
10123,10215
10124,10215
10125,10215
10126,10215
10127,10215
10128,10215
10129,10215
10130,10215
10131,10215
10132,10215
10133,10215
10134,10215
10135,10215
10136,10215
10137,10215
10138,10215
10139,10215
10140,10215
10141,10215
10142,10215
10143,10215
10144,10215
10145,10215
10146,10215
10147,10215
10148,10215
10149,10215
10150,10215
10151,10215
10152,10215
10153,10215
10154,10215
10155,10215
10156,10215
10157,10215
10158,10215
10159,10215
10160,10215
10161,10215
10162,10215
10163,10215
10164,10215
10165,10215
10166,10215
10167,10215
10168,10215
10169,10215
10170,10215
10171,10215
10172,10215
10173,10215
10174,10215
10175,10215
10176,10215
10177,10215
10178,10215
10179,10215
10180,10215
10181,10215
10182,10215
10183,10215
10184,10215
10185,10215
10186,10215
10187,10215
10188,10215
10189,10215
10190,10215
10191,10215
10192,10215
10193,10215
10194,10215
10195,10215
10196,10215
10197,10215
10198,10215
10199,10215
10200,10215
10201,10215
10202,10215
10203,10215
10204,10215
10205,10215
10206,10215
10207,10215
10208,10215
10209,10215
10210,10215
10211,10215
10212,10215
10213,10215
10214,10215
10215,10215
10216,10215
10217,10215
10218,10215
10219,10215
10220,10215
10221,10215
10222,10215
10223,10215
10224,10215
10225,10215
10226,10215
10227,10215
10228,10215
10229,10215
10230,10215
10231,10215
10232,10215
10233,10215
10234,10215
10235,10215
10236,10215
10237,10215
10238,10215
10239,10215
10240,10215
10241,10215
10242,10215
10243,10215
10244,10215
10245,10215
10246,10215
10247,10215
10248,10215
10249,10215
10250,10215
10251,10215
10252,10215
10253,10215
10254,10215
10255,10215
10256,10215
10257,10215
10258,10215
10259,10215
10260,10215
10261,10215
10262,10215
10263,10215
10264,10215
10265,10215
10266,10215
10267,10215
10268,10215
10269,10215
10270,10215
10271,10215
10272,10215
10273,10215
10274,10215
10275,10215
10276,10215
10277,10215
10278,10215
10279,10215
10280,10215
10281,10215
10282,10215
10283,10215
10284,10215
10285,10215
10286,10215
10287,10215
10288,10215
10289,10215
10290,10215
10291,10215
10292,10215
10293,10215
10294,10215
10295,10215
10296,10215
10297,10215
10298,10215
10299,10215
10300,10215
10301,10215
10302,10215
10303,10215
10304,10215
10305,10215
10306,10215
10307,10215
10308,10215
10309,10215
10310,10215
10311,10215
10312,10215
10313,10215
10314,10215
10315,10215
10316,10215
10317,10215
10318,10215
10319,10215
10320,10215
10321,10215
10322,10215
10323,10215
10324,10215
10325,10215
10326,10215
10327,10215
10328,10215
10329,10215
10330,10215
10331,10215
10332,10215
10333,10215
10334,10215
10335,10215
10336,10215
10088,10216
10089,10216
10090,10216
10091,10216
10092,10216
10093,10216
10094,10216
10095,10216
10096,10216
10097,10216
10098,10216
10099,10216
10100,10216
10101,10216
10102,10216
10103,10216
10104,10216
10105,10216
10106,10216
10107,10216
10108,10216
10109,10216
10110,10216
10111,10216
10112,10216
10113,10216
10114,10216
10115,10216
10116,10216
10117,10216
10118,10216
10119,10216
10120,10216
10121,10216
10122,10216
10123,10216
10124,10216
10125,10216
10126,10216
10127,10216
10128,10216
10129,10216
10130,10216
10131,10216
10132,10216
10133,10216
10134,10216
10135,10216
10136,10216
10137,10216
10138,10216
10139,10216
10140,10216
10141,10216
10142,10216
10143,10216
10144,10216
10145,10216
10146,10216
10147,10216
10148,10216
10149,10216
10150,10216
10151,10216
10152,10216
10153,10216
10154,10216
10155,10216
10156,10216
10157,10216
10158,10216
10159,10216
10160,10216
10161,10216
10162,10216
10163,10216
10164,10216
10165,10216
10166,10216
10167,10216
10168,10216
10169,10216
10170,10216
10171,10216
10172,10216
10173,10216
10174,10216
10175,10216
10176,10216
10177,10216
10178,10216
10179,10216
10180,10216
10181,10216
10182,10216
10183,10216
10184,10216
10185,10216
10186,10216
10187,10216
10188,10216
10189,10216
10190,10216
10191,10216
10192,10216
10193,10216
10194,10216
10195,10216
10196,10216
10197,10216
10198,10216
10199,10216
10200,10216
10201,10216
10202,10216
10203,10216
10204,10216
10205,10216
10206,10216
10207,10216
10208,10216
10209,10216
10210,10216
10211,10216
10212,10216
10213,10216
10214,10216
10215,10216
10216,10216
10217,10216
10218,10216
10219,10216
10220,10216
10221,10216
10222,10216
10223,10216
10224,10216
10225,10216
10226,10216
10227,10216
10228,10216
10229,10216
10230,10216
10231,10216
10232,10216
10233,10216
10234,10216
10235,10216
10236,10216
10237,10216
10238,10216
10239,10216
10240,10216
10241,10216
10242,10216
10243,10216
10244,10216
10245,10216
10246,10216
10247,10216
10248,10216
10249,10216
10250,10216
10251,10216
10252,10216
10253,10216
10254,10216
10255,10216
10256,10216
10257,10216
10258,10216
10259,10216
10260,10216
10261,10216
10262,10216
10263,10216
10264,10216
10265,10216
10266,10216
10267,10216
10268,10216
10269,10216
10270,10216
10271,10216
10272,10216
10273,10216
10274,10216
10275,10216
10276,10216
10277,10216
10278,10216
10279,10216
10280,10216
10281,10216
10282,10216
10283,10216
10284,10216
10285,10216
10286,10216
10287,10216
10288,10216
10289,10216
10290,10216
10291,10216
10292,10216
10293,10216
10294,10216
10295,10216
10296,10216
10297,10216
10298,10216
10299,10216
10300,10216
10301,10216
10302,10216
10303,10216
10304,10216
10305,10216
10306,10216
10307,10216
10308,10216
10309,10216
10310,10216
10311,10216
10312,10216
10313,10216
10314,10216
10315,10216
10316,10216
10317,10216
10318,10216
10319,10216
10320,10216
10321,10216
10322,10216
10323,10216
10324,10216
10325,10216
10326,10216
10327,10216
10328,10216
10329,10216
10330,10216
10331,10216
10332,10216
10333,10216
10334,10216
10335,10216
10336,10216
10088,10217
10089,10217
10090,10217
10091,10217
10092,10217
10093,10217
10094,10217
10095,10217
10096,10217
10097,10217
10098,10217
10099,10217
10100,10217
10101,10217
10102,10217
10103,10217
10104,10217
10105,10217
10106,10217
10107,10217
10108,10217
10109,10217
10110,10217
10111,10217
10112,10217
10113,10217
10114,10217
10115,10217
10116,10217
10117,10217
10118,10217
10119,10217
10120,10217
10121,10217
10122,10217
10123,10217
10124,10217
10125,10217
10126,10217
10127,10217
10128,10217
10129,10217
10130,10217
10131,10217
10132,10217
10133,10217
10134,10217
10135,10217
10136,10217
10137,10217
10138,10217
10139,10217
10140,10217
10141,10217
10142,10217
10143,10217
10144,10217
10145,10217
10146,10217
10147,10217
10148,10217
10149,10217
10150,10217
10151,10217
10152,10217
10153,10217
10154,10217
10155,10217
10156,10217
10157,10217
10158,10217
10159,10217
10160,10217
10161,10217
10162,10217
10163,10217
10164,10217
10165,10217
10166,10217
10167,10217
10168,10217
10169,10217
10170,10217
10171,10217
10172,10217
10173,10217
10174,10217
10175,10217
10176,10217
10177,10217
10178,10217
10179,10217
10180,10217
10181,10217
10182,10217
10183,10217
10184,10217
10185,10217
10186,10217
10187,10217
10188,10217
10189,10217
10190,10217
10191,10217
10192,10217
10193,10217
10194,10217
10195,10217
10196,10217
10197,10217
10198,10217
10199,10217
10200,10217
10201,10217
10202,10217
10203,10217
10204,10217
10205,10217
10206,10217
10207,10217
10208,10217
10209,10217
10210,10217
10211,10217
10212,10217
10213,10217
10214,10217
10215,10217
10216,10217
10217,10217
10218,10217
10219,10217
10220,10217
10221,10217
10222,10217
10223,10217
10224,10217
10225,10217
10226,10217
10227,10217
10228,10217
10229,10217
10230,10217
10231,10217
10232,10217
10233,10217
10234,10217
10235,10217
10236,10217
10237,10217
10238,10217
10239,10217
10240,10217
10241,10217
10242,10217
10243,10217
10244,10217
10245,10217
10246,10217
10247,10217
10248,10217
10249,10217
10250,10217
10251,10217
10252,10217
10253,10217
10254,10217
10255,10217
10256,10217
10257,10217
10258,10217
10259,10217
10260,10217
10261,10217
10262,10217
10263,10217
10264,10217
10265,10217
10266,10217
10267,10217
10268,10217
10269,10217
10270,10217
10271,10217
10272,10217
10273,10217
10274,10217
10275,10217
10276,10217
10277,10217
10278,10217
10279,10217
10280,10217
10281,10217
10282,10217
10283,10217
10284,10217
10285,10217
10286,10217
10287,10217
10288,10217
10289,10217
10290,10217
10291,10217
10292,10217
10293,10217
10294,10217
10295,10217
10296,10217
10297,10217
10298,10217
10299,10217
10300,10217
10301,10217
10302,10217
10303,10217
10304,10217
10305,10217
10306,10217
10307,10217
10308,10217
10309,10217
10310,10217
10311,10217
10312,10217
10313,10217
10314,10217
10315,10217
10316,10217
10317,10217
10318,10217
10319,10217
10320,10217
10321,10217
10322,10217
10323,10217
10324,10217
10325,10217
10326,10217
10327,10217
10328,10217
10329,10217
10330,10217
10331,10217
10332,10217
10333,10217
10334,10217
10335,10217
10336,10217
10088,10218
10089,10218
10090,10218
10091,10218
10092,10218
10093,10218
10094,10218
10095,10218
10096,10218
10097,10218
10098,10218
10099,10218
10100,10218
10101,10218
10102,10218
10103,10218
10104,10218
10105,10218
10106,10218
10107,10218
10108,10218
10109,10218
10110,10218
10111,10218
10112,10218
10113,10218
10114,10218
10115,10218
10116,10218
10117,10218
10118,10218
10119,10218
10120,10218
10121,10218
10122,10218
10123,10218
10124,10218
10125,10218
10126,10218
10127,10218
10128,10218
10129,10218
10130,10218
10131,10218
10132,10218
10133,10218
10134,10218
10135,10218
10136,10218
10137,10218
10138,10218
10139,10218
10140,10218
10141,10218
10142,10218
10143,10218
10144,10218
10145,10218
10146,10218
10147,10218
10148,10218
10149,10218
10150,10218
10151,10218
10152,10218
10153,10218
10154,10218
10155,10218
10156,10218
10157,10218
10158,10218
10159,10218
10160,10218
10161,10218
10162,10218
10163,10218
10164,10218
10165,10218
10166,10218
10167,10218
10168,10218
10169,10218
10170,10218
10171,10218
10172,10218
10173,10218
10174,10218
10175,10218
10176,10218
10177,10218
10178,10218
10179,10218
10180,10218
10181,10218
10182,10218
10183,10218
10184,10218
10185,10218
10186,10218
10187,10218
10188,10218
10189,10218
10190,10218
10191,10218
10192,10218
10193,10218
10194,10218
10195,10218
10196,10218
10197,10218
10198,10218
10199,10218
10200,10218
10201,10218
10202,10218
10203,10218
10204,10218
10205,10218
10206,10218
10207,10218
10208,10218
10209,10218
10210,10218
10211,10218
10212,10218
10213,10218
10214,10218
10215,10218
10216,10218
10217,10218
10218,10218
10219,10218
10220,10218
10221,10218
10222,10218
10223,10218
10224,10218
10225,10218
10226,10218
10227,10218
10228,10218
10229,10218
10230,10218
10231,10218
10232,10218
10233,10218
10234,10218
10235,10218
10236,10218
10237,10218
10238,10218
10239,10218
10240,10218
10241,10218
10242,10218
10243,10218
10244,10218
10245,10218
10246,10218
10247,10218
10248,10218
10249,10218
10250,10218
10251,10218
10252,10218
10253,10218
10254,10218
10255,10218
10256,10218
10257,10218
10258,10218
10259,10218
10260,10218
10261,10218
10262,10218
10263,10218
10264,10218
10265,10218
10266,10218
10267,10218
10268,10218
10269,10218
10270,10218
10271,10218
10272,10218
10273,10218
10274,10218
10275,10218
10276,10218
10277,10218
10278,10218
10279,10218
10280,10218
10281,10218
10282,10218
10283,10218
10284,10218
10285,10218
10286,10218
10287,10218
10288,10218
10289,10218
10290,10218
10291,10218
10292,10218
10293,10218
10294,10218
10295,10218
10296,10218
10297,10218
10298,10218
10299,10218
10300,10218
10301,10218
10302,10218
10303,10218
10304,10218
10305,10218
10306,10218
10307,10218
10308,10218
10309,10218
10310,10218
10311,10218
10312,10218
10313,10218
10314,10218
10315,10218
10316,10218
10317,10218
10318,10218
10319,10218
10320,10218
10321,10218
10322,10218
10323,10218
10324,10218
10325,10218
10326,10218
10327,10218
10328,10218
10329,10218
10330,10218
10331,10218
10332,10218
10333,10218
10334,10218
10335,10218
10336,10218
10088,10219
10089,10219
10090,10219
10091,10219
10092,10219
10093,10219
10094,10219
10095,10219
10096,10219
10097,10219
10098,10219
10099,10219
10100,10219
10101,10219
10102,10219
10103,10219
10104,10219
10105,10219
10106,10219
10107,10219
10108,10219
10109,10219
10110,10219
10111,10219
10112,10219
10113,10219
10114,10219
10115,10219
10116,10219
10117,10219
10118,10219
10119,10219
10120,10219
10121,10219
10122,10219
10123,10219
10124,10219
10125,10219
10126,10219
10127,10219
10128,10219
10129,10219
10130,10219
10131,10219
10132,10219
10133,10219
10134,10219
10135,10219
10136,10219
10137,10219
10138,10219
10139,10219
10140,10219
10141,10219
10142,10219
10143,10219
10144,10219
10145,10219
10146,10219
10147,10219
10148,10219
10149,10219
10150,10219
10151,10219
10152,10219
10153,10219
10154,10219
10155,10219
10156,10219
10157,10219
10158,10219
10159,10219
10160,10219
10161,10219
10162,10219
10163,10219
10164,10219
10165,10219
10166,10219
10167,10219
10168,10219
10169,10219
10170,10219
10171,10219
10172,10219
10173,10219
10174,10219
10175,10219
10176,10219
10177,10219
10178,10219
10179,10219
10180,10219
10181,10219
10182,10219
10183,10219
10184,10219
10185,10219
10186,10219
10187,10219
10188,10219
10189,10219
10190,10219
10191,10219
10192,10219
10193,10219
10194,10219
10195,10219
10196,10219
10197,10219
10198,10219
10199,10219
10200,10219
10201,10219
10202,10219
10203,10219
10204,10219
10205,10219
10206,10219
10207,10219
10208,10219
10209,10219
10210,10219
10211,10219
10212,10219
10213,10219
10214,10219
10215,10219
10216,10219
10217,10219
10218,10219
10219,10219
10220,10219
10221,10219
10222,10219
10223,10219
10224,10219
10225,10219
10226,10219
10227,10219
10228,10219
10229,10219
10230,10219
10231,10219
10232,10219
10233,10219
10234,10219
10235,10219
10236,10219
10237,10219
10238,10219
10239,10219
10240,10219
10241,10219
10242,10219
10243,10219
10244,10219
10245,10219
10246,10219
10247,10219
10248,10219
10249,10219
10250,10219
10251,10219
10252,10219
10253,10219
10254,10219
10255,10219
10256,10219
10257,10219
10258,10219
10259,10219
10260,10219
10261,10219
10262,10219
10263,10219
10264,10219
10265,10219
10266,10219
10267,10219
10268,10219
10269,10219
10270,10219
10271,10219
10272,10219
10273,10219
10274,10219
10275,10219
10276,10219
10277,10219
10278,10219
10279,10219
10280,10219
10281,10219
10282,10219
10283,10219
10284,10219
10285,10219
10286,10219
10287,10219
10288,10219
10289,10219
10290,10219
10291,10219
10292,10219
10293,10219
10294,10219
10295,10219
10296,10219
10297,10219
10298,10219
10299,10219
10300,10219
10301,10219
10302,10219
10303,10219
10304,10219
10305,10219
10306,10219
10307,10219
10308,10219
10309,10219
10310,10219
10311,10219
10312,10219
10313,10219
10314,10219
10315,10219
10316,10219
10317,10219
10318,10219
10319,10219
10320,10219
10321,10219
10322,10219
10323,10219
10324,10219
10325,10219
10326,10219
10327,10219
10328,10219
10329,10219
10330,10219
10331,10219
10332,10219
10333,10219
10334,10219
10335,10219
10336,10219
10088,10220
10089,10220
10090,10220
10091,10220
10092,10220
10093,10220
10094,10220
10095,10220
10096,10220
10097,10220
10098,10220
10099,10220
10100,10220
10101,10220
10102,10220
10103,10220
10104,10220
10105,10220
10106,10220
10107,10220
10108,10220
10109,10220
10110,10220
10111,10220
10112,10220
10113,10220
10114,10220
10115,10220
10116,10220
10117,10220
10118,10220
10119,10220
10120,10220
10121,10220
10122,10220
10123,10220
10124,10220
10125,10220
10126,10220
10127,10220
10128,10220
10129,10220
10130,10220
10131,10220
10132,10220
10133,10220
10134,10220
10135,10220
10136,10220
10137,10220
10138,10220
10139,10220
10140,10220
10141,10220
10142,10220
10143,10220
10144,10220
10145,10220
10146,10220
10147,10220
10148,10220
10149,10220
10150,10220
10151,10220
10152,10220
10153,10220
10154,10220
10155,10220
10156,10220
10157,10220
10158,10220
10159,10220
10160,10220
10161,10220
10162,10220
10163,10220
10164,10220
10165,10220
10166,10220
10167,10220
10168,10220
10169,10220
10170,10220
10171,10220
10172,10220
10173,10220
10174,10220
10175,10220
10176,10220
10177,10220
10178,10220
10179,10220
10180,10220
10181,10220
10182,10220
10183,10220
10184,10220
10185,10220
10186,10220
10187,10220
10188,10220
10189,10220
10190,10220
10191,10220
10192,10220
10193,10220
10194,10220
10195,10220
10196,10220
10197,10220
10198,10220
10199,10220
10200,10220
10201,10220
10202,10220
10203,10220
10204,10220
10205,10220
10206,10220
10207,10220
10208,10220
10209,10220
10210,10220
10211,10220
10212,10220
10213,10220
10214,10220
10215,10220
10216,10220
10217,10220
10218,10220
10219,10220
10220,10220
10221,10220
10222,10220
10223,10220
10224,10220
10225,10220
10226,10220
10227,10220
10228,10220
10229,10220
10230,10220
10231,10220
10232,10220
10233,10220
10234,10220
10235,10220
10236,10220
10237,10220
10238,10220
10239,10220
10240,10220
10241,10220
10242,10220
10243,10220
10244,10220
10245,10220
10246,10220
10247,10220
10248,10220
10249,10220
10250,10220
10251,10220
10252,10220
10253,10220
10254,10220
10255,10220
10256,10220
10257,10220
10258,10220
10259,10220
10260,10220
10261,10220
10262,10220
10263,10220
10264,10220
10265,10220
10266,10220
10267,10220
10268,10220
10269,10220
10270,10220
10271,10220
10272,10220
10273,10220
10274,10220
10275,10220
10276,10220
10277,10220
10278,10220
10279,10220
10280,10220
10281,10220
10282,10220
10283,10220
10284,10220
10285,10220
10286,10220
10287,10220
10288,10220
10289,10220
10290,10220
10291,10220
10292,10220
10293,10220
10294,10220
10295,10220
10296,10220
10297,10220
10298,10220
10299,10220
10300,10220
10301,10220
10302,10220
10303,10220
10304,10220
10305,10220
10306,10220
10307,10220
10308,10220
10309,10220
10310,10220
10311,10220
10312,10220
10313,10220
10314,10220
10315,10220
10316,10220
10317,10220
10318,10220
10319,10220
10320,10220
10321,10220
10322,10220
10323,10220
10324,10220
10325,10220
10326,10220
10327,10220
10328,10220
10329,10220
10330,10220
10331,10220
10332,10220
10333,10220
10334,10220
10335,10220
10336,10220
10088,10221
10089,10221
10090,10221
10091,10221
10092,10221
10093,10221
10094,10221
10095,10221
10096,10221
10097,10221
10098,10221
10099,10221
10100,10221
10101,10221
10102,10221
10103,10221
10104,10221
10105,10221
10106,10221
10107,10221
10108,10221
10109,10221
10110,10221
10111,10221
10112,10221
10113,10221
10114,10221
10115,10221
10116,10221
10117,10221
10118,10221
10119,10221
10120,10221
10121,10221
10122,10221
10123,10221
10124,10221
10125,10221
10126,10221
10127,10221
10128,10221
10129,10221
10130,10221
10131,10221
10132,10221
10133,10221
10134,10221
10135,10221
10136,10221
10137,10221
10138,10221
10139,10221
10140,10221
10141,10221
10142,10221
10143,10221
10144,10221
10145,10221
10146,10221
10147,10221
10148,10221
10149,10221
10150,10221
10151,10221
10152,10221
10153,10221
10154,10221
10155,10221
10156,10221
10157,10221
10158,10221
10159,10221
10160,10221
10161,10221
10162,10221
10163,10221
10164,10221
10165,10221
10166,10221
10167,10221
10168,10221
10169,10221
10170,10221
10171,10221
10172,10221
10173,10221
10174,10221
10175,10221
10176,10221
10177,10221
10178,10221
10179,10221
10180,10221
10181,10221
10182,10221
10183,10221
10184,10221
10185,10221
10186,10221
10187,10221
10188,10221
10189,10221
10190,10221
10191,10221
10192,10221
10193,10221
10194,10221
10195,10221
10196,10221
10197,10221
10198,10221
10199,10221
10200,10221
10201,10221
10202,10221
10203,10221
10204,10221
10205,10221
10206,10221
10207,10221
10208,10221
10209,10221
10210,10221
10211,10221
10212,10221
10213,10221
10214,10221
10215,10221
10216,10221
10217,10221
10218,10221
10219,10221
10220,10221
10221,10221
10222,10221
10223,10221
10224,10221
10225,10221
10226,10221
10227,10221
10228,10221
10229,10221
10230,10221
10231,10221
10232,10221
10233,10221
10234,10221
10235,10221
10236,10221
10237,10221
10238,10221
10239,10221
10240,10221
10241,10221
10242,10221
10243,10221
10244,10221
10245,10221
10246,10221
10247,10221
10248,10221
10249,10221
10250,10221
10251,10221
10252,10221
10253,10221
10254,10221
10255,10221
10256,10221
10257,10221
10258,10221
10259,10221
10260,10221
10261,10221
10262,10221
10263,10221
10264,10221
10265,10221
10266,10221
10267,10221
10268,10221
10269,10221
10270,10221
10271,10221
10272,10221
10273,10221
10274,10221
10275,10221
10276,10221
10277,10221
10278,10221
10279,10221
10280,10221
10281,10221
10282,10221
10283,10221
10284,10221
10285,10221
10286,10221
10287,10221
10288,10221
10289,10221
10290,10221
10291,10221
10292,10221
10293,10221
10294,10221
10295,10221
10296,10221
10297,10221
10298,10221
10299,10221
10300,10221
10301,10221
10302,10221
10303,10221
10304,10221
10305,10221
10306,10221
10307,10221
10308,10221
10309,10221
10310,10221
10311,10221
10312,10221
10313,10221
10314,10221
10315,10221
10316,10221
10317,10221
10318,10221
10319,10221
10320,10221
10321,10221
10322,10221
10323,10221
10324,10221
10325,10221
10326,10221
10327,10221
10328,10221
10329,10221
10330,10221
10331,10221
10332,10221
10333,10221
10334,10221
10335,10221
10336,10221
10088,10222
10089,10222
10090,10222
10091,10222
10092,10222
10093,10222
10094,10222
10095,10222
10096,10222
10097,10222
10098,10222
10099,10222
10100,10222
10101,10222
10102,10222
10103,10222
10104,10222
10105,10222
10106,10222
10107,10222
10108,10222
10109,10222
10110,10222
10111,10222
10112,10222
10113,10222
10114,10222
10115,10222
10116,10222
10117,10222
10118,10222
10119,10222
10120,10222
10121,10222
10122,10222
10123,10222
10124,10222
10125,10222
10126,10222
10127,10222
10128,10222
10129,10222
10130,10222
10131,10222
10132,10222
10133,10222
10134,10222
10135,10222
10136,10222
10137,10222
10138,10222
10139,10222
10140,10222
10141,10222
10142,10222
10143,10222
10144,10222
10145,10222
10146,10222
10147,10222
10148,10222
10149,10222
10150,10222
10151,10222
10152,10222
10153,10222
10154,10222
10155,10222
10156,10222
10157,10222
10158,10222
10159,10222
10160,10222
10161,10222
10162,10222
10163,10222
10164,10222
10165,10222
10166,10222
10167,10222
10168,10222
10169,10222
10170,10222
10171,10222
10172,10222
10173,10222
10174,10222
10175,10222
10176,10222
10177,10222
10178,10222
10179,10222
10180,10222
10181,10222
10182,10222
10183,10222
10184,10222
10185,10222
10186,10222
10187,10222
10188,10222
10189,10222
10190,10222
10191,10222
10192,10222
10193,10222
10194,10222
10195,10222
10196,10222
10197,10222
10198,10222
10199,10222
10200,10222
10201,10222
10202,10222
10203,10222
10204,10222
10205,10222
10206,10222
10207,10222
10208,10222
10209,10222
10210,10222
10211,10222
10212,10222
10213,10222
10214,10222
10215,10222
10216,10222
10217,10222
10218,10222
10219,10222
10220,10222
10221,10222
10222,10222
10223,10222
10224,10222
10225,10222
10226,10222
10227,10222
10228,10222
10229,10222
10230,10222
10231,10222
10232,10222
10233,10222
10234,10222
10235,10222
10236,10222
10237,10222
10238,10222
10239,10222
10240,10222
10241,10222
10242,10222
10243,10222
10244,10222
10245,10222
10246,10222
10247,10222
10248,10222
10249,10222
10250,10222
10251,10222
10252,10222
10253,10222
10254,10222
10255,10222
10256,10222
10257,10222
10258,10222
10259,10222
10260,10222
10261,10222
10262,10222
10263,10222
10264,10222
10265,10222
10266,10222
10267,10222
10268,10222
10269,10222
10270,10222
10271,10222
10272,10222
10273,10222
10274,10222
10275,10222
10276,10222
10277,10222
10278,10222
10279,10222
10280,10222
10281,10222
10282,10222
10283,10222
10284,10222
10285,10222
10286,10222
10287,10222
10288,10222
10289,10222
10290,10222
10291,10222
10292,10222
10293,10222
10294,10222
10295,10222
10296,10222
10297,10222
10298,10222
10299,10222
10300,10222
10301,10222
10302,10222
10303,10222
10304,10222
10305,10222
10306,10222
10307,10222
10308,10222
10309,10222
10310,10222
10311,10222
10312,10222
10313,10222
10314,10222
10315,10222
10316,10222
10317,10222
10318,10222
10319,10222
10320,10222
10321,10222
10322,10222
10323,10222
10324,10222
10325,10222
10326,10222
10327,10222
10328,10222
10329,10222
10330,10222
10331,10222
10332,10222
10333,10222
10334,10222
10335,10222
10336,10222
10088,10223
10089,10223
10090,10223
10091,10223
10092,10223
10093,10223
10094,10223
10095,10223
10096,10223
10097,10223
10098,10223
10099,10223
10100,10223
10101,10223
10102,10223
10103,10223
10104,10223
10105,10223
10106,10223
10107,10223
10108,10223
10109,10223
10110,10223
10111,10223
10112,10223
10113,10223
10114,10223
10115,10223
10116,10223
10117,10223
10118,10223
10119,10223
10120,10223
10121,10223
10122,10223
10123,10223
10124,10223
10125,10223
10126,10223
10127,10223
10128,10223
10129,10223
10130,10223
10131,10223
10132,10223
10133,10223
10134,10223
10135,10223
10136,10223
10137,10223
10138,10223
10139,10223
10140,10223
10141,10223
10142,10223
10143,10223
10144,10223
10145,10223
10146,10223
10147,10223
10148,10223
10149,10223
10150,10223
10151,10223
10152,10223
10153,10223
10154,10223
10155,10223
10156,10223
10157,10223
10158,10223
10159,10223
10160,10223
10161,10223
10162,10223
10163,10223
10164,10223
10165,10223
10166,10223
10167,10223
10168,10223
10169,10223
10170,10223
10171,10223
10172,10223
10173,10223
10174,10223
10175,10223
10176,10223
10177,10223
10178,10223
10179,10223
10180,10223
10181,10223
10182,10223
10183,10223
10184,10223
10185,10223
10186,10223
10187,10223
10188,10223
10189,10223
10190,10223
10191,10223
10192,10223
10193,10223
10194,10223
10195,10223
10196,10223
10197,10223
10198,10223
10199,10223
10200,10223
10201,10223
10202,10223
10203,10223
10204,10223
10205,10223
10206,10223
10207,10223
10208,10223
10209,10223
10210,10223
10211,10223
10212,10223
10213,10223
10214,10223
10215,10223
10216,10223
10217,10223
10218,10223
10219,10223
10220,10223
10221,10223
10222,10223
10223,10223
10224,10223
10225,10223
10226,10223
10227,10223
10228,10223
10229,10223
10230,10223
10231,10223
10232,10223
10233,10223
10234,10223
10235,10223
10236,10223
10237,10223
10238,10223
10239,10223
10240,10223
10241,10223
10242,10223
10243,10223
10244,10223
10245,10223
10246,10223
10247,10223
10248,10223
10249,10223
10250,10223
10251,10223
10252,10223
10253,10223
10254,10223
10255,10223
10256,10223
10257,10223
10258,10223
10259,10223
10260,10223
10261,10223
10262,10223
10263,10223
10264,10223
10265,10223
10266,10223
10267,10223
10268,10223
10269,10223
10270,10223
10271,10223
10272,10223
10273,10223
10274,10223
10275,10223
10276,10223
10277,10223
10278,10223
10279,10223
10280,10223
10281,10223
10282,10223
10283,10223
10284,10223
10285,10223
10286,10223
10287,10223
10288,10223
10289,10223
10290,10223
10291,10223
10292,10223
10293,10223
10294,10223
10295,10223
10296,10223
10297,10223
10298,10223
10299,10223
10300,10223
10301,10223
10302,10223
10303,10223
10304,10223
10305,10223
10306,10223
10307,10223
10308,10223
10309,10223
10310,10223
10311,10223
10312,10223
10313,10223
10314,10223
10315,10223
10316,10223
10317,10223
10318,10223
10319,10223
10320,10223
10321,10223
10322,10223
10323,10223
10324,10223
10325,10223
10326,10223
10327,10223
10328,10223
10329,10223
10330,10223
10331,10223
10332,10223
10333,10223
10334,10223
10335,10223
10336,10223
10088,10224
10089,10224
10090,10224
10091,10224
10092,10224
10093,10224
10094,10224
10095,10224
10096,10224
10097,10224
10098,10224
10099,10224
10100,10224
10101,10224
10102,10224
10103,10224
10104,10224
10105,10224
10106,10224
10107,10224
10108,10224
10109,10224
10110,10224
10111,10224
10112,10224
10113,10224
10114,10224
10115,10224
10116,10224
10117,10224
10118,10224
10119,10224
10120,10224
10121,10224
10122,10224
10123,10224
10124,10224
10125,10224
10126,10224
10127,10224
10128,10224
10129,10224
10130,10224
10131,10224
10132,10224
10133,10224
10134,10224
10135,10224
10136,10224
10137,10224
10138,10224
10139,10224
10140,10224
10141,10224
10142,10224
10143,10224
10144,10224
10145,10224
10146,10224
10147,10224
10148,10224
10149,10224
10150,10224
10151,10224
10152,10224
10153,10224
10154,10224
10155,10224
10156,10224
10157,10224
10158,10224
10159,10224
10160,10224
10161,10224
10162,10224
10163,10224
10164,10224
10165,10224
10166,10224
10167,10224
10168,10224
10169,10224
10170,10224
10171,10224
10172,10224
10173,10224
10174,10224
10175,10224
10176,10224
10177,10224
10178,10224
10179,10224
10180,10224
10181,10224
10182,10224
10183,10224
10184,10224
10185,10224
10186,10224
10187,10224
10188,10224
10189,10224
10190,10224
10191,10224
10192,10224
10193,10224
10194,10224
10195,10224
10196,10224
10197,10224
10198,10224
10199,10224
10200,10224
10201,10224
10202,10224
10203,10224
10204,10224
10205,10224
10206,10224
10207,10224
10208,10224
10209,10224
10210,10224
10211,10224
10212,10224
10213,10224
10214,10224
10215,10224
10216,10224
10217,10224
10218,10224
10219,10224
10220,10224
10221,10224
10222,10224
10223,10224
10224,10224
10225,10224
10226,10224
10227,10224
10228,10224
10229,10224
10230,10224
10231,10224
10232,10224
10233,10224
10234,10224
10235,10224
10236,10224
10237,10224
10238,10224
10239,10224
10240,10224
10241,10224
10242,10224
10243,10224
10244,10224
10245,10224
10246,10224
10247,10224
10248,10224
10249,10224
10250,10224
10251,10224
10252,10224
10253,10224
10254,10224
10255,10224
10256,10224
10257,10224
10258,10224
10259,10224
10260,10224
10261,10224
10262,10224
10263,10224
10264,10224
10265,10224
10266,10224
10267,10224
10268,10224
10269,10224
10270,10224
10271,10224
10272,10224
10273,10224
10274,10224
10275,10224
10276,10224
10277,10224
10278,10224
10279,10224
10280,10224
10281,10224
10282,10224
10283,10224
10284,10224
10285,10224
10286,10224
10287,10224
10288,10224
10289,10224
10290,10224
10291,10224
10292,10224
10293,10224
10294,10224
10295,10224
10296,10224
10297,10224
10298,10224
10299,10224
10300,10224
10301,10224
10302,10224
10303,10224
10304,10224
10305,10224
10306,10224
10307,10224
10308,10224
10309,10224
10310,10224
10311,10224
10312,10224
10313,10224
10314,10224
10315,10224
10316,10224
10317,10224
10318,10224
10319,10224
10320,10224
10321,10224
10322,10224
10323,10224
10324,10224
10325,10224
10326,10224
10327,10224
10328,10224
10329,10224
10330,10224
10331,10224
10332,10224
10333,10224
10334,10224
10335,10224
10336,10224
10088,10225
10089,10225
10090,10225
10091,10225
10092,10225
10093,10225
10094,10225
10095,10225
10096,10225
10097,10225
10098,10225
10099,10225
10100,10225
10101,10225
10102,10225
10103,10225
10104,10225
10105,10225
10106,10225
10107,10225
10108,10225
10109,10225
10110,10225
10111,10225
10112,10225
10113,10225
10114,10225
10115,10225
10116,10225
10117,10225
10118,10225
10119,10225
10120,10225
10121,10225
10122,10225
10123,10225
10124,10225
10125,10225
10126,10225
10127,10225
10128,10225
10129,10225
10130,10225
10131,10225
10132,10225
10133,10225
10134,10225
10135,10225
10136,10225
10137,10225
10138,10225
10139,10225
10140,10225
10141,10225
10142,10225
10143,10225
10144,10225
10145,10225
10146,10225
10147,10225
10148,10225
10149,10225
10150,10225
10151,10225
10152,10225
10153,10225
10154,10225
10155,10225
10156,10225
10157,10225
10158,10225
10159,10225
10160,10225
10161,10225
10162,10225
10163,10225
10164,10225
10165,10225
10166,10225
10167,10225
10168,10225
10169,10225
10170,10225
10171,10225
10172,10225
10173,10225
10174,10225
10175,10225
10176,10225
10177,10225
10178,10225
10179,10225
10180,10225
10181,10225
10182,10225
10183,10225
10184,10225
10185,10225
10186,10225
10187,10225
10188,10225
10189,10225
10190,10225
10191,10225
10192,10225
10193,10225
10194,10225
10195,10225
10196,10225
10197,10225
10198,10225
10199,10225
10200,10225
10201,10225
10202,10225
10203,10225
10204,10225
10205,10225
10206,10225
10207,10225
10208,10225
10209,10225
10210,10225
10211,10225
10212,10225
10213,10225
10214,10225
10215,10225
10216,10225
10217,10225
10218,10225
10219,10225
10220,10225
10221,10225
10222,10225
10223,10225
10224,10225
10225,10225
10226,10225
10227,10225
10228,10225
10229,10225
10230,10225
10231,10225
10232,10225
10233,10225
10234,10225
10235,10225
10236,10225
10237,10225
10238,10225
10239,10225
10240,10225
10241,10225
10242,10225
10243,10225
10244,10225
10245,10225
10246,10225
10247,10225
10248,10225
10249,10225
10250,10225
10251,10225
10252,10225
10253,10225
10254,10225
10255,10225
10256,10225
10257,10225
10258,10225
10259,10225
10260,10225
10261,10225
10262,10225
10263,10225
10264,10225
10265,10225
10266,10225
10267,10225
10268,10225
10269,10225
10270,10225
10271,10225
10272,10225
10273,10225
10274,10225
10275,10225
10276,10225
10277,10225
10278,10225
10279,10225
10280,10225
10281,10225
10282,10225
10283,10225
10284,10225
10285,10225
10286,10225
10287,10225
10288,10225
10289,10225
10290,10225
10291,10225
10292,10225
10293,10225
10294,10225
10295,10225
10296,10225
10297,10225
10298,10225
10299,10225
10300,10225
10301,10225
10302,10225
10303,10225
10304,10225
10305,10225
10306,10225
10307,10225
10308,10225
10309,10225
10310,10225
10311,10225
10312,10225
10313,10225
10314,10225
10315,10225
10316,10225
10317,10225
10318,10225
10319,10225
10320,10225
10321,10225
10322,10225
10323,10225
10324,10225
10325,10225
10326,10225
10327,10225
10328,10225
10329,10225
10330,10225
10331,10225
10332,10225
10333,10225
10334,10225
10335,10225
10336,10225
10088,10226
10089,10226
10090,10226
10091,10226
10092,10226
10093,10226
10094,10226
10095,10226
10096,10226
10097,10226
10098,10226
10099,10226
10100,10226
10101,10226
10102,10226
10103,10226
10104,10226
10105,10226
10106,10226
10107,10226
10108,10226
10109,10226
10110,10226
10111,10226
10112,10226
10113,10226
10114,10226
10115,10226
10116,10226
10117,10226
10118,10226
10119,10226
10120,10226
10121,10226
10122,10226
10123,10226
10124,10226
10125,10226
10126,10226
10127,10226
10128,10226
10129,10226
10130,10226
10131,10226
10132,10226
10133,10226
10134,10226
10135,10226
10136,10226
10137,10226
10138,10226
10139,10226
10140,10226
10141,10226
10142,10226
10143,10226
10144,10226
10145,10226
10146,10226
10147,10226
10148,10226
10149,10226
10150,10226
10151,10226
10152,10226
10153,10226
10154,10226
10155,10226
10156,10226
10157,10226
10158,10226
10159,10226
10160,10226
10161,10226
10162,10226
10163,10226
10164,10226
10165,10226
10166,10226
10167,10226
10168,10226
10169,10226
10170,10226
10171,10226
10172,10226
10173,10226
10174,10226
10175,10226
10176,10226
10177,10226
10178,10226
10179,10226
10180,10226
10181,10226
10182,10226
10183,10226
10184,10226
10185,10226
10186,10226
10187,10226
10188,10226
10189,10226
10190,10226
10191,10226
10192,10226
10193,10226
10194,10226
10195,10226
10196,10226
10197,10226
10198,10226
10199,10226
10200,10226
10201,10226
10202,10226
10203,10226
10204,10226
10205,10226
10206,10226
10207,10226
10208,10226
10209,10226
10210,10226
10211,10226
10212,10226
10213,10226
10214,10226
10215,10226
10216,10226
10217,10226
10218,10226
10219,10226
10220,10226
10221,10226
10222,10226
10223,10226
10224,10226
10225,10226
10226,10226
10227,10226
10228,10226
10229,10226
10230,10226
10231,10226
10232,10226
10233,10226
10234,10226
10235,10226
10236,10226
10237,10226
10238,10226
10239,10226
10240,10226
10241,10226
10242,10226
10243,10226
10244,10226
10245,10226
10246,10226
10247,10226
10248,10226
10249,10226
10250,10226
10251,10226
10252,10226
10253,10226
10254,10226
10255,10226
10256,10226
10257,10226
10258,10226
10259,10226
10260,10226
10261,10226
10262,10226
10263,10226
10264,10226
10265,10226
10266,10226
10267,10226
10268,10226
10269,10226
10270,10226
10271,10226
10272,10226
10273,10226
10274,10226
10275,10226
10276,10226
10277,10226
10278,10226
10279,10226
10280,10226
10281,10226
10282,10226
10283,10226
10284,10226
10285,10226
10286,10226
10287,10226
10288,10226
10289,10226
10290,10226
10291,10226
10292,10226
10293,10226
10294,10226
10295,10226
10296,10226
10297,10226
10298,10226
10299,10226
10300,10226
10301,10226
10302,10226
10303,10226
10304,10226
10305,10226
10306,10226
10307,10226
10308,10226
10309,10226
10310,10226
10311,10226
10312,10226
10313,10226
10314,10226
10315,10226
10316,10226
10317,10226
10318,10226
10319,10226
10320,10226
10321,10226
10322,10226
10323,10226
10324,10226
10325,10226
10326,10226
10327,10226
10328,10226
10329,10226
10330,10226
10331,10226
10332,10226
10333,10226
10334,10226
10335,10226
10336,10226
10088,10227
10089,10227
10090,10227
10091,10227
10092,10227
10093,10227
10094,10227
10095,10227
10096,10227
10097,10227
10098,10227
10099,10227
10100,10227
10101,10227
10102,10227
10103,10227
10104,10227
10105,10227
10106,10227
10107,10227
10108,10227
10109,10227
10110,10227
10111,10227
10112,10227
10113,10227
10114,10227
10115,10227
10116,10227
10117,10227
10118,10227
10119,10227
10120,10227
10121,10227
10122,10227
10123,10227
10124,10227
10125,10227
10126,10227
10127,10227
10128,10227
10129,10227
10130,10227
10131,10227
10132,10227
10133,10227
10134,10227
10135,10227
10136,10227
10137,10227
10138,10227
10139,10227
10140,10227
10141,10227
10142,10227
10143,10227
10144,10227
10145,10227
10146,10227
10147,10227
10148,10227
10149,10227
10150,10227
10151,10227
10152,10227
10153,10227
10154,10227
10155,10227
10156,10227
10157,10227
10158,10227
10159,10227
10160,10227
10161,10227
10162,10227
10163,10227
10164,10227
10165,10227
10166,10227
10167,10227
10168,10227
10169,10227
10170,10227
10171,10227
10172,10227
10173,10227
10174,10227
10175,10227
10176,10227
10177,10227
10178,10227
10179,10227
10180,10227
10181,10227
10182,10227
10183,10227
10184,10227
10185,10227
10186,10227
10187,10227
10188,10227
10189,10227
10190,10227
10191,10227
10192,10227
10193,10227
10194,10227
10195,10227
10196,10227
10197,10227
10198,10227
10199,10227
10200,10227
10201,10227
10202,10227
10203,10227
10204,10227
10205,10227
10206,10227
10207,10227
10208,10227
10209,10227
10210,10227
10211,10227
10212,10227
10213,10227
10214,10227
10215,10227
10216,10227
10217,10227
10218,10227
10219,10227
10220,10227
10221,10227
10222,10227
10223,10227
10224,10227
10225,10227
10226,10227
10227,10227
10228,10227
10229,10227
10230,10227
10231,10227
10232,10227
10233,10227
10234,10227
10235,10227
10236,10227
10237,10227
10238,10227
10239,10227
10240,10227
10241,10227
10242,10227
10243,10227
10244,10227
10245,10227
10246,10227
10247,10227
10248,10227
10249,10227
10250,10227
10251,10227
10252,10227
10253,10227
10254,10227
10255,10227
10256,10227
10257,10227
10258,10227
10259,10227
10260,10227
10261,10227
10262,10227
10263,10227
10264,10227
10265,10227
10266,10227
10267,10227
10268,10227
10269,10227
10270,10227
10271,10227
10272,10227
10273,10227
10274,10227
10275,10227
10276,10227
10277,10227
10278,10227
10279,10227
10280,10227
10281,10227
10282,10227
10283,10227
10284,10227
10285,10227
10286,10227
10287,10227
10288,10227
10289,10227
10290,10227
10291,10227
10292,10227
10293,10227
10294,10227
10295,10227
10296,10227
10297,10227
10298,10227
10299,10227
10300,10227
10301,10227
10302,10227
10303,10227
10304,10227
10305,10227
10306,10227
10307,10227
10308,10227
10309,10227
10310,10227
10311,10227
10312,10227
10313,10227
10314,10227
10315,10227
10316,10227
10317,10227
10318,10227
10319,10227
10320,10227
10321,10227
10322,10227
10323,10227
10324,10227
10325,10227
10326,10227
10327,10227
10328,10227
10329,10227
10330,10227
10331,10227
10332,10227
10333,10227
10334,10227
10335,10227
10336,10227
10088,10228
10089,10228
10090,10228
10091,10228
10092,10228
10093,10228
10094,10228
10095,10228
10096,10228
10097,10228
10098,10228
10099,10228
10100,10228
10101,10228
10102,10228
10103,10228
10104,10228
10105,10228
10106,10228
10107,10228
10108,10228
10109,10228
10110,10228
10111,10228
10112,10228
10113,10228
10114,10228
10115,10228
10116,10228
10117,10228
10118,10228
10119,10228
10120,10228
10121,10228
10122,10228
10123,10228
10124,10228
10125,10228
10126,10228
10127,10228
10128,10228
10129,10228
10130,10228
10131,10228
10132,10228
10133,10228
10134,10228
10135,10228
10136,10228
10137,10228
10138,10228
10139,10228
10140,10228
10141,10228
10142,10228
10143,10228
10144,10228
10145,10228
10146,10228
10147,10228
10148,10228
10149,10228
10150,10228
10151,10228
10152,10228
10153,10228
10154,10228
10155,10228
10156,10228
10157,10228
10158,10228
10159,10228
10160,10228
10161,10228
10162,10228
10163,10228
10164,10228
10165,10228
10166,10228
10167,10228
10168,10228
10169,10228
10170,10228
10171,10228
10172,10228
10173,10228
10174,10228
10175,10228
10176,10228
10177,10228
10178,10228
10179,10228
10180,10228
10181,10228
10182,10228
10183,10228
10184,10228
10185,10228
10186,10228
10187,10228
10188,10228
10189,10228
10190,10228
10191,10228
10192,10228
10193,10228
10194,10228
10195,10228
10196,10228
10197,10228
10198,10228
10199,10228
10200,10228
10201,10228
10202,10228
10203,10228
10204,10228
10205,10228
10206,10228
10207,10228
10208,10228
10209,10228
10210,10228
10211,10228
10212,10228
10213,10228
10214,10228
10215,10228
10216,10228
10217,10228
10218,10228
10219,10228
10220,10228
10221,10228
10222,10228
10223,10228
10224,10228
10225,10228
10226,10228
10227,10228
10228,10228
10229,10228
10230,10228
10231,10228
10232,10228
10233,10228
10234,10228
10235,10228
10236,10228
10237,10228
10238,10228
10239,10228
10240,10228
10241,10228
10242,10228
10243,10228
10244,10228
10245,10228
10246,10228
10247,10228
10248,10228
10249,10228
10250,10228
10251,10228
10252,10228
10253,10228
10254,10228
10255,10228
10256,10228
10257,10228
10258,10228
10259,10228
10260,10228
10261,10228
10262,10228
10263,10228
10264,10228
10265,10228
10266,10228
10267,10228
10268,10228
10269,10228
10270,10228
10271,10228
10272,10228
10273,10228
10274,10228
10275,10228
10276,10228
10277,10228
10278,10228
10279,10228
10280,10228
10281,10228
10282,10228
10283,10228
10284,10228
10285,10228
10286,10228
10287,10228
10288,10228
10289,10228
10290,10228
10291,10228
10292,10228
10293,10228
10294,10228
10295,10228
10296,10228
10297,10228
10298,10228
10299,10228
10300,10228
10301,10228
10302,10228
10303,10228
10304,10228
10305,10228
10306,10228
10307,10228
10308,10228
10309,10228
10310,10228
10311,10228
10312,10228
10313,10228
10314,10228
10315,10228
10316,10228
10317,10228
10318,10228
10319,10228
10320,10228
10321,10228
10322,10228
10323,10228
10324,10228
10325,10228
10326,10228
10327,10228
10328,10228
10329,10228
10330,10228
10331,10228
10332,10228
10333,10228
10334,10228
10335,10228
10336,10228
10088,10229
10089,10229
10090,10229
10091,10229
10092,10229
10093,10229
10094,10229
10095,10229
10096,10229
10097,10229
10098,10229
10099,10229
10100,10229
10101,10229
10102,10229
10103,10229
10104,10229
10105,10229
10106,10229
10107,10229
10108,10229
10109,10229
10110,10229
10111,10229
10112,10229
10113,10229
10114,10229
10115,10229
10116,10229
10117,10229
10118,10229
10119,10229
10120,10229
10121,10229
10122,10229
10123,10229
10124,10229
10125,10229
10126,10229
10127,10229
10128,10229
10129,10229
10130,10229
10131,10229
10132,10229
10133,10229
10134,10229
10135,10229
10136,10229
10137,10229
10138,10229
10139,10229
10140,10229
10141,10229
10142,10229
10143,10229
10144,10229
10145,10229
10146,10229
10147,10229
10148,10229
10149,10229
10150,10229
10151,10229
10152,10229
10153,10229
10154,10229
10155,10229
10156,10229
10157,10229
10158,10229
10159,10229
10160,10229
10161,10229
10162,10229
10163,10229
10164,10229
10165,10229
10166,10229
10167,10229
10168,10229
10169,10229
10170,10229
10171,10229
10172,10229
10173,10229
10174,10229
10175,10229
10176,10229
10177,10229
10178,10229
10179,10229
10180,10229
10181,10229
10182,10229
10183,10229
10184,10229
10185,10229
10186,10229
10187,10229
10188,10229
10189,10229
10190,10229
10191,10229
10192,10229
10193,10229
10194,10229
10195,10229
10196,10229
10197,10229
10198,10229
10199,10229
10200,10229
10201,10229
10202,10229
10203,10229
10204,10229
10205,10229
10206,10229
10207,10229
10208,10229
10209,10229
10210,10229
10211,10229
10212,10229
10213,10229
10214,10229
10215,10229
10216,10229
10217,10229
10218,10229
10219,10229
10220,10229
10221,10229
10222,10229
10223,10229
10224,10229
10225,10229
10226,10229
10227,10229
10228,10229
10229,10229
10230,10229
10231,10229
10232,10229
10233,10229
10234,10229
10235,10229
10236,10229
10237,10229
10238,10229
10239,10229
10240,10229
10241,10229
10242,10229
10243,10229
10244,10229
10245,10229
10246,10229
10247,10229
10248,10229
10249,10229
10250,10229
10251,10229
10252,10229
10253,10229
10254,10229
10255,10229
10256,10229
10257,10229
10258,10229
10259,10229
10260,10229
10261,10229
10262,10229
10263,10229
10264,10229
10265,10229
10266,10229
10267,10229
10268,10229
10269,10229
10270,10229
10271,10229
10272,10229
10273,10229
10274,10229
10275,10229
10276,10229
10277,10229
10278,10229
10279,10229
10280,10229
10281,10229
10282,10229
10283,10229
10284,10229
10285,10229
10286,10229
10287,10229
10288,10229
10289,10229
10290,10229
10291,10229
10292,10229
10293,10229
10294,10229
10295,10229
10296,10229
10297,10229
10298,10229
10299,10229
10300,10229
10301,10229
10302,10229
10303,10229
10304,10229
10305,10229
10306,10229
10307,10229
10308,10229
10309,10229
10310,10229
10311,10229
10312,10229
10313,10229
10314,10229
10315,10229
10316,10229
10317,10229
10318,10229
10319,10229
10320,10229
10321,10229
10322,10229
10323,10229
10324,10229
10325,10229
10326,10229
10327,10229
10328,10229
10329,10229
10330,10229
10331,10229
10332,10229
10333,10229
10334,10229
10335,10229
10336,10229
10088,10230
10089,10230
10090,10230
10091,10230
10092,10230
10093,10230
10094,10230
10095,10230
10096,10230
10097,10230
10098,10230
10099,10230
10100,10230
10101,10230
10102,10230
10103,10230
10104,10230
10105,10230
10106,10230
10107,10230
10108,10230
10109,10230
10110,10230
10111,10230
10112,10230
10113,10230
10114,10230
10115,10230
10116,10230
10117,10230
10118,10230
10119,10230
10120,10230
10121,10230
10122,10230
10123,10230
10124,10230
10125,10230
10126,10230
10127,10230
10128,10230
10129,10230
10130,10230
10131,10230
10132,10230
10133,10230
10134,10230
10135,10230
10136,10230
10137,10230
10138,10230
10139,10230
10140,10230
10141,10230
10142,10230
10143,10230
10144,10230
10145,10230
10146,10230
10147,10230
10148,10230
10149,10230
10150,10230
10151,10230
10152,10230
10153,10230
10154,10230
10155,10230
10156,10230
10157,10230
10158,10230
10159,10230
10160,10230
10161,10230
10162,10230
10163,10230
10164,10230
10165,10230
10166,10230
10167,10230
10168,10230
10169,10230
10170,10230
10171,10230
10172,10230
10173,10230
10174,10230
10175,10230
10176,10230
10177,10230
10178,10230
10179,10230
10180,10230
10181,10230
10182,10230
10183,10230
10184,10230
10185,10230
10186,10230
10187,10230
10188,10230
10189,10230
10190,10230
10191,10230
10192,10230
10193,10230
10194,10230
10195,10230
10196,10230
10197,10230
10198,10230
10199,10230
10200,10230
10201,10230
10202,10230
10203,10230
10204,10230
10205,10230
10206,10230
10207,10230
10208,10230
10209,10230
10210,10230
10211,10230
10212,10230
10213,10230
10214,10230
10215,10230
10216,10230
10217,10230
10218,10230
10219,10230
10220,10230
10221,10230
10222,10230
10223,10230
10224,10230
10225,10230
10226,10230
10227,10230
10228,10230
10229,10230
10230,10230
10231,10230
10232,10230
10233,10230
10234,10230
10235,10230
10236,10230
10237,10230
10238,10230
10239,10230
10240,10230
10241,10230
10242,10230
10243,10230
10244,10230
10245,10230
10246,10230
10247,10230
10248,10230
10249,10230
10250,10230
10251,10230
10252,10230
10253,10230
10254,10230
10255,10230
10256,10230
10257,10230
10258,10230
10259,10230
10260,10230
10261,10230
10262,10230
10263,10230
10264,10230
10265,10230
10266,10230
10267,10230
10268,10230
10269,10230
10270,10230
10271,10230
10272,10230
10273,10230
10274,10230
10275,10230
10276,10230
10277,10230
10278,10230
10279,10230
10280,10230
10281,10230
10282,10230
10283,10230
10284,10230
10285,10230
10286,10230
10287,10230
10288,10230
10289,10230
10290,10230
10291,10230
10292,10230
10293,10230
10294,10230
10295,10230
10296,10230
10297,10230
10298,10230
10299,10230
10300,10230
10301,10230
10302,10230
10303,10230
10304,10230
10305,10230
10306,10230
10307,10230
10308,10230
10309,10230
10310,10230
10311,10230
10312,10230
10313,10230
10314,10230
10315,10230
10316,10230
10317,10230
10318,10230
10319,10230
10320,10230
10321,10230
10322,10230
10323,10230
10324,10230
10325,10230
10326,10230
10327,10230
10328,10230
10329,10230
10330,10230
10331,10230
10332,10230
10333,10230
10334,10230
10335,10230
10336,10230
10088,10231
10089,10231
10090,10231
10091,10231
10092,10231
10093,10231
10094,10231
10095,10231
10096,10231
10097,10231
10098,10231
10099,10231
10100,10231
10101,10231
10102,10231
10103,10231
10104,10231
10105,10231
10106,10231
10107,10231
10108,10231
10109,10231
10110,10231
10111,10231
10112,10231
10113,10231
10114,10231
10115,10231
10116,10231
10117,10231
10118,10231
10119,10231
10120,10231
10121,10231
10122,10231
10123,10231
10124,10231
10125,10231
10126,10231
10127,10231
10128,10231
10129,10231
10130,10231
10131,10231
10132,10231
10133,10231
10134,10231
10135,10231
10136,10231
10137,10231
10138,10231
10139,10231
10140,10231
10141,10231
10142,10231
10143,10231
10144,10231
10145,10231
10146,10231
10147,10231
10148,10231
10149,10231
10150,10231
10151,10231
10152,10231
10153,10231
10154,10231
10155,10231
10156,10231
10157,10231
10158,10231
10159,10231
10160,10231
10161,10231
10162,10231
10163,10231
10164,10231
10165,10231
10166,10231
10167,10231
10168,10231
10169,10231
10170,10231
10171,10231
10172,10231
10173,10231
10174,10231
10175,10231
10176,10231
10177,10231
10178,10231
10179,10231
10180,10231
10181,10231
10182,10231
10183,10231
10184,10231
10185,10231
10186,10231
10187,10231
10188,10231
10189,10231
10190,10231
10191,10231
10192,10231
10193,10231
10194,10231
10195,10231
10196,10231
10197,10231
10198,10231
10199,10231
10200,10231
10201,10231
10202,10231
10203,10231
10204,10231
10205,10231
10206,10231
10207,10231
10208,10231
10209,10231
10210,10231
10211,10231
10212,10231
10213,10231
10214,10231
10215,10231
10216,10231
10217,10231
10218,10231
10219,10231
10220,10231
10221,10231
10222,10231
10223,10231
10224,10231
10225,10231
10226,10231
10227,10231
10228,10231
10229,10231
10230,10231
10231,10231
10232,10231
10233,10231
10234,10231
10235,10231
10236,10231
10237,10231
10238,10231
10239,10231
10240,10231
10241,10231
10242,10231
10243,10231
10244,10231
10245,10231
10246,10231
10247,10231
10248,10231
10249,10231
10250,10231
10251,10231
10252,10231
10253,10231
10254,10231
10255,10231
10256,10231
10257,10231
10258,10231
10259,10231
10260,10231
10261,10231
10262,10231
10263,10231
10264,10231
10265,10231
10266,10231
10267,10231
10268,10231
10269,10231
10270,10231
10271,10231
10272,10231
10273,10231
10274,10231
10275,10231
10276,10231
10277,10231
10278,10231
10279,10231
10280,10231
10281,10231
10282,10231
10283,10231
10284,10231
10285,10231
10286,10231
10287,10231
10288,10231
10289,10231
10290,10231
10291,10231
10292,10231
10293,10231
10294,10231
10295,10231
10296,10231
10297,10231
10298,10231
10299,10231
10300,10231
10301,10231
10302,10231
10303,10231
10304,10231
10305,10231
10306,10231
10307,10231
10308,10231
10309,10231
10310,10231
10311,10231
10312,10231
10313,10231
10314,10231
10315,10231
10316,10231
10317,10231
10318,10231
10319,10231
10320,10231
10321,10231
10322,10231
10323,10231
10324,10231
10325,10231
10326,10231
10327,10231
10328,10231
10329,10231
10330,10231
10331,10231
10332,10231
10333,10231
10334,10231
10335,10231
10336,10231
10088,10232
10089,10232
10090,10232
10091,10232
10092,10232
10093,10232
10094,10232
10095,10232
10096,10232
10097,10232
10098,10232
10099,10232
10100,10232
10101,10232
10102,10232
10103,10232
10104,10232
10105,10232
10106,10232
10107,10232
10108,10232
10109,10232
10110,10232
10111,10232
10112,10232
10113,10232
10114,10232
10115,10232
10116,10232
10117,10232
10118,10232
10119,10232
10120,10232
10121,10232
10122,10232
10123,10232
10124,10232
10125,10232
10126,10232
10127,10232
10128,10232
10129,10232
10130,10232
10131,10232
10132,10232
10133,10232
10134,10232
10135,10232
10136,10232
10137,10232
10138,10232
10139,10232
10140,10232
10141,10232
10142,10232
10143,10232
10144,10232
10145,10232
10146,10232
10147,10232
10148,10232
10149,10232
10150,10232
10151,10232
10152,10232
10153,10232
10154,10232
10155,10232
10156,10232
10157,10232
10158,10232
10159,10232
10160,10232
10161,10232
10162,10232
10163,10232
10164,10232
10165,10232
10166,10232
10167,10232
10168,10232
10169,10232
10170,10232
10171,10232
10172,10232
10173,10232
10174,10232
10175,10232
10176,10232
10177,10232
10178,10232
10179,10232
10180,10232
10181,10232
10182,10232
10183,10232
10184,10232
10185,10232
10186,10232
10187,10232
10188,10232
10189,10232
10190,10232
10191,10232
10192,10232
10193,10232
10194,10232
10195,10232
10196,10232
10197,10232
10198,10232
10199,10232
10200,10232
10201,10232
10202,10232
10203,10232
10204,10232
10205,10232
10206,10232
10207,10232
10208,10232
10209,10232
10210,10232
10211,10232
10212,10232
10213,10232
10214,10232
10215,10232
10216,10232
10217,10232
10218,10232
10219,10232
10220,10232
10221,10232
10222,10232
10223,10232
10224,10232
10225,10232
10226,10232
10227,10232
10228,10232
10229,10232
10230,10232
10231,10232
10232,10232
10233,10232
10234,10232
10235,10232
10236,10232
10237,10232
10238,10232
10239,10232
10240,10232
10241,10232
10242,10232
10243,10232
10244,10232
10245,10232
10246,10232
10247,10232
10248,10232
10249,10232
10250,10232
10251,10232
10252,10232
10253,10232
10254,10232
10255,10232
10256,10232
10257,10232
10258,10232
10259,10232
10260,10232
10261,10232
10262,10232
10263,10232
10264,10232
10265,10232
10266,10232
10267,10232
10268,10232
10269,10232
10270,10232
10271,10232
10272,10232
10273,10232
10274,10232
10275,10232
10276,10232
10277,10232
10278,10232
10279,10232
10280,10232
10281,10232
10282,10232
10283,10232
10284,10232
10285,10232
10286,10232
10287,10232
10288,10232
10289,10232
10290,10232
10291,10232
10292,10232
10293,10232
10294,10232
10295,10232
10296,10232
10297,10232
10298,10232
10299,10232
10300,10232
10301,10232
10302,10232
10303,10232
10304,10232
10305,10232
10306,10232
10307,10232
10308,10232
10309,10232
10310,10232
10311,10232
10312,10232
10313,10232
10314,10232
10315,10232
10316,10232
10317,10232
10318,10232
10319,10232
10320,10232
10321,10232
10322,10232
10323,10232
10324,10232
10325,10232
10326,10232
10327,10232
10328,10232
10329,10232
10330,10232
10331,10232
10332,10232
10333,10232
10334,10232
10335,10232
10336,10232
10088,10233
10089,10233
10090,10233
10091,10233
10092,10233
10093,10233
10094,10233
10095,10233
10096,10233
10097,10233
10098,10233
10099,10233
10100,10233
10101,10233
10102,10233
10103,10233
10104,10233
10105,10233
10106,10233
10107,10233
10108,10233
10109,10233
10110,10233
10111,10233
10112,10233
10113,10233
10114,10233
10115,10233
10116,10233
10117,10233
10118,10233
10119,10233
10120,10233
10121,10233
10122,10233
10123,10233
10124,10233
10125,10233
10126,10233
10127,10233
10128,10233
10129,10233
10130,10233
10131,10233
10132,10233
10133,10233
10134,10233
10135,10233
10136,10233
10137,10233
10138,10233
10139,10233
10140,10233
10141,10233
10142,10233
10143,10233
10144,10233
10145,10233
10146,10233
10147,10233
10148,10233
10149,10233
10150,10233
10151,10233
10152,10233
10153,10233
10154,10233
10155,10233
10156,10233
10157,10233
10158,10233
10159,10233
10160,10233
10161,10233
10162,10233
10163,10233
10164,10233
10165,10233
10166,10233
10167,10233
10168,10233
10169,10233
10170,10233
10171,10233
10172,10233
10173,10233
10174,10233
10175,10233
10176,10233
10177,10233
10178,10233
10179,10233
10180,10233
10181,10233
10182,10233
10183,10233
10184,10233
10185,10233
10186,10233
10187,10233
10188,10233
10189,10233
10190,10233
10191,10233
10192,10233
10193,10233
10194,10233
10195,10233
10196,10233
10197,10233
10198,10233
10199,10233
10200,10233
10201,10233
10202,10233
10203,10233
10204,10233
10205,10233
10206,10233
10207,10233
10208,10233
10209,10233
10210,10233
10211,10233
10212,10233
10213,10233
10214,10233
10215,10233
10216,10233
10217,10233
10218,10233
10219,10233
10220,10233
10221,10233
10222,10233
10223,10233
10224,10233
10225,10233
10226,10233
10227,10233
10228,10233
10229,10233
10230,10233
10231,10233
10232,10233
10233,10233
10234,10233
10235,10233
10236,10233
10237,10233
10238,10233
10239,10233
10240,10233
10241,10233
10242,10233
10243,10233
10244,10233
10245,10233
10246,10233
10247,10233
10248,10233
10249,10233
10250,10233
10251,10233
10252,10233
10253,10233
10254,10233
10255,10233
10256,10233
10257,10233
10258,10233
10259,10233
10260,10233
10261,10233
10262,10233
10263,10233
10264,10233
10265,10233
10266,10233
10267,10233
10268,10233
10269,10233
10270,10233
10271,10233
10272,10233
10273,10233
10274,10233
10275,10233
10276,10233
10277,10233
10278,10233
10279,10233
10280,10233
10281,10233
10282,10233
10283,10233
10284,10233
10285,10233
10286,10233
10287,10233
10288,10233
10289,10233
10290,10233
10291,10233
10292,10233
10293,10233
10294,10233
10295,10233
10296,10233
10297,10233
10298,10233
10299,10233
10300,10233
10301,10233
10302,10233
10303,10233
10304,10233
10305,10233
10306,10233
10307,10233
10308,10233
10309,10233
10310,10233
10311,10233
10312,10233
10313,10233
10314,10233
10315,10233
10316,10233
10317,10233
10318,10233
10319,10233
10320,10233
10321,10233
10322,10233
10323,10233
10324,10233
10325,10233
10326,10233
10327,10233
10328,10233
10329,10233
10330,10233
10331,10233
10332,10233
10333,10233
10334,10233
10335,10233
10336,10233
10088,10234
10089,10234
10090,10234
10091,10234
10092,10234
10093,10234
10094,10234
10095,10234
10096,10234
10097,10234
10098,10234
10099,10234
10100,10234
10101,10234
10102,10234
10103,10234
10104,10234
10105,10234
10106,10234
10107,10234
10108,10234
10109,10234
10110,10234
10111,10234
10112,10234
10113,10234
10114,10234
10115,10234
10116,10234
10117,10234
10118,10234
10119,10234
10120,10234
10121,10234
10122,10234
10123,10234
10124,10234
10125,10234
10126,10234
10127,10234
10128,10234
10129,10234
10130,10234
10131,10234
10132,10234
10133,10234
10134,10234
10135,10234
10136,10234
10137,10234
10138,10234
10139,10234
10140,10234
10141,10234
10142,10234
10143,10234
10144,10234
10145,10234
10146,10234
10147,10234
10148,10234
10149,10234
10150,10234
10151,10234
10152,10234
10153,10234
10154,10234
10155,10234
10156,10234
10157,10234
10158,10234
10159,10234
10160,10234
10161,10234
10162,10234
10163,10234
10164,10234
10165,10234
10166,10234
10167,10234
10168,10234
10169,10234
10170,10234
10171,10234
10172,10234
10173,10234
10174,10234
10175,10234
10176,10234
10177,10234
10178,10234
10179,10234
10180,10234
10181,10234
10182,10234
10183,10234
10184,10234
10185,10234
10186,10234
10187,10234
10188,10234
10189,10234
10190,10234
10191,10234
10192,10234
10193,10234
10194,10234
10195,10234
10196,10234
10197,10234
10198,10234
10199,10234
10200,10234
10201,10234
10202,10234
10203,10234
10204,10234
10205,10234
10206,10234
10207,10234
10208,10234
10209,10234
10210,10234
10211,10234
10212,10234
10213,10234
10214,10234
10215,10234
10216,10234
10217,10234
10218,10234
10219,10234
10220,10234
10221,10234
10222,10234
10223,10234
10224,10234
10225,10234
10226,10234
10227,10234
10228,10234
10229,10234
10230,10234
10231,10234
10232,10234
10233,10234
10234,10234
10235,10234
10236,10234
10237,10234
10238,10234
10239,10234
10240,10234
10241,10234
10242,10234
10243,10234
10244,10234
10245,10234
10246,10234
10247,10234
10248,10234
10249,10234
10250,10234
10251,10234
10252,10234
10253,10234
10254,10234
10255,10234
10256,10234
10257,10234
10258,10234
10259,10234
10260,10234
10261,10234
10262,10234
10263,10234
10264,10234
10265,10234
10266,10234
10267,10234
10268,10234
10269,10234
10270,10234
10271,10234
10272,10234
10273,10234
10274,10234
10275,10234
10276,10234
10277,10234
10278,10234
10279,10234
10280,10234
10281,10234
10282,10234
10283,10234
10284,10234
10285,10234
10286,10234
10287,10234
10288,10234
10289,10234
10290,10234
10291,10234
10292,10234
10293,10234
10294,10234
10295,10234
10296,10234
10297,10234
10298,10234
10299,10234
10300,10234
10301,10234
10302,10234
10303,10234
10304,10234
10305,10234
10306,10234
10307,10234
10308,10234
10309,10234
10310,10234
10311,10234
10312,10234
10313,10234
10314,10234
10315,10234
10316,10234
10317,10234
10318,10234
10319,10234
10320,10234
10321,10234
10322,10234
10323,10234
10324,10234
10325,10234
10326,10234
10327,10234
10328,10234
10329,10234
10330,10234
10331,10234
10332,10234
10333,10234
10334,10234
10335,10234
10336,10234
10088,10235
10089,10235
10090,10235
10091,10235
10092,10235
10093,10235
10094,10235
10095,10235
10096,10235
10097,10235
10098,10235
10099,10235
10100,10235
10101,10235
10102,10235
10103,10235
10104,10235
10105,10235
10106,10235
10107,10235
10108,10235
10109,10235
10110,10235
10111,10235
10112,10235
10113,10235
10114,10235
10115,10235
10116,10235
10117,10235
10118,10235
10119,10235
10120,10235
10121,10235
10122,10235
10123,10235
10124,10235
10125,10235
10126,10235
10127,10235
10128,10235
10129,10235
10130,10235
10131,10235
10132,10235
10133,10235
10134,10235
10135,10235
10136,10235
10137,10235
10138,10235
10139,10235
10140,10235
10141,10235
10142,10235
10143,10235
10144,10235
10145,10235
10146,10235
10147,10235
10148,10235
10149,10235
10150,10235
10151,10235
10152,10235
10153,10235
10154,10235
10155,10235
10156,10235
10157,10235
10158,10235
10159,10235
10160,10235
10161,10235
10162,10235
10163,10235
10164,10235
10165,10235
10166,10235
10167,10235
10168,10235
10169,10235
10170,10235
10171,10235
10172,10235
10173,10235
10174,10235
10175,10235
10176,10235
10177,10235
10178,10235
10179,10235
10180,10235
10181,10235
10182,10235
10183,10235
10184,10235
10185,10235
10186,10235
10187,10235
10188,10235
10189,10235
10190,10235
10191,10235
10192,10235
10193,10235
10194,10235
10195,10235
10196,10235
10197,10235
10198,10235
10199,10235
10200,10235
10201,10235
10202,10235
10203,10235
10204,10235
10205,10235
10206,10235
10207,10235
10208,10235
10209,10235
10210,10235
10211,10235
10212,10235
10213,10235
10214,10235
10215,10235
10216,10235
10217,10235
10218,10235
10219,10235
10220,10235
10221,10235
10222,10235
10223,10235
10224,10235
10225,10235
10226,10235
10227,10235
10228,10235
10229,10235
10230,10235
10231,10235
10232,10235
10233,10235
10234,10235
10235,10235
10236,10235
10237,10235
10238,10235
10239,10235
10240,10235
10241,10235
10242,10235
10243,10235
10244,10235
10245,10235
10246,10235
10247,10235
10248,10235
10249,10235
10250,10235
10251,10235
10252,10235
10253,10235
10254,10235
10255,10235
10256,10235
10257,10235
10258,10235
10259,10235
10260,10235
10261,10235
10262,10235
10263,10235
10264,10235
10265,10235
10266,10235
10267,10235
10268,10235
10269,10235
10270,10235
10271,10235
10272,10235
10273,10235
10274,10235
10275,10235
10276,10235
10277,10235
10278,10235
10279,10235
10280,10235
10281,10235
10282,10235
10283,10235
10284,10235
10285,10235
10286,10235
10287,10235
10288,10235
10289,10235
10290,10235
10291,10235
10292,10235
10293,10235
10294,10235
10295,10235
10296,10235
10297,10235
10298,10235
10299,10235
10300,10235
10301,10235
10302,10235
10303,10235
10304,10235
10305,10235
10306,10235
10307,10235
10308,10235
10309,10235
10310,10235
10311,10235
10312,10235
10313,10235
10314,10235
10315,10235
10316,10235
10317,10235
10318,10235
10319,10235
10320,10235
10321,10235
10322,10235
10323,10235
10324,10235
10325,10235
10326,10235
10327,10235
10328,10235
10329,10235
10330,10235
10331,10235
10332,10235
10333,10235
10334,10235
10335,10235
10336,10235
10088,10236
10089,10236
10090,10236
10091,10236
10092,10236
10093,10236
10094,10236
10095,10236
10096,10236
10097,10236
10098,10236
10099,10236
10100,10236
10101,10236
10102,10236
10103,10236
10104,10236
10105,10236
10106,10236
10107,10236
10108,10236
10109,10236
10110,10236
10111,10236
10112,10236
10113,10236
10114,10236
10115,10236
10116,10236
10117,10236
10118,10236
10119,10236
10120,10236
10121,10236
10122,10236
10123,10236
10124,10236
10125,10236
10126,10236
10127,10236
10128,10236
10129,10236
10130,10236
10131,10236
10132,10236
10133,10236
10134,10236
10135,10236
10136,10236
10137,10236
10138,10236
10139,10236
10140,10236
10141,10236
10142,10236
10143,10236
10144,10236
10145,10236
10146,10236
10147,10236
10148,10236
10149,10236
10150,10236
10151,10236
10152,10236
10153,10236
10154,10236
10155,10236
10156,10236
10157,10236
10158,10236
10159,10236
10160,10236
10161,10236
10162,10236
10163,10236
10164,10236
10165,10236
10166,10236
10167,10236
10168,10236
10169,10236
10170,10236
10171,10236
10172,10236
10173,10236
10174,10236
10175,10236
10176,10236
10177,10236
10178,10236
10179,10236
10180,10236
10181,10236
10182,10236
10183,10236
10184,10236
10185,10236
10186,10236
10187,10236
10188,10236
10189,10236
10190,10236
10191,10236
10192,10236
10193,10236
10194,10236
10195,10236
10196,10236
10197,10236
10198,10236
10199,10236
10200,10236
10201,10236
10202,10236
10203,10236
10204,10236
10205,10236
10206,10236
10207,10236
10208,10236
10209,10236
10210,10236
10211,10236
10212,10236
10213,10236
10214,10236
10215,10236
10216,10236
10217,10236
10218,10236
10219,10236
10220,10236
10221,10236
10222,10236
10223,10236
10224,10236
10225,10236
10226,10236
10227,10236
10228,10236
10229,10236
10230,10236
10231,10236
10232,10236
10233,10236
10234,10236
10235,10236
10236,10236
10237,10236
10238,10236
10239,10236
10240,10236
10241,10236
10242,10236
10243,10236
10244,10236
10245,10236
10246,10236
10247,10236
10248,10236
10249,10236
10250,10236
10251,10236
10252,10236
10253,10236
10254,10236
10255,10236
10256,10236
10257,10236
10258,10236
10259,10236
10260,10236
10261,10236
10262,10236
10263,10236
10264,10236
10265,10236
10266,10236
10267,10236
10268,10236
10269,10236
10270,10236
10271,10236
10272,10236
10273,10236
10274,10236
10275,10236
10276,10236
10277,10236
10278,10236
10279,10236
10280,10236
10281,10236
10282,10236
10283,10236
10284,10236
10285,10236
10286,10236
10287,10236
10288,10236
10289,10236
10290,10236
10291,10236
10292,10236
10293,10236
10294,10236
10295,10236
10296,10236
10297,10236
10298,10236
10299,10236
10300,10236
10301,10236
10302,10236
10303,10236
10304,10236
10305,10236
10306,10236
10307,10236
10308,10236
10309,10236
10310,10236
10311,10236
10312,10236
10313,10236
10314,10236
10315,10236
10316,10236
10317,10236
10318,10236
10319,10236
10320,10236
10321,10236
10322,10236
10323,10236
10324,10236
10325,10236
10326,10236
10327,10236
10328,10236
10329,10236
10330,10236
10331,10236
10332,10236
10333,10236
10334,10236
10335,10236
10336,10236
10088,10237
10089,10237
10090,10237
10091,10237
10092,10237
10093,10237
10094,10237
10095,10237
10096,10237
10097,10237
10098,10237
10099,10237
10100,10237
10101,10237
10102,10237
10103,10237
10104,10237
10105,10237
10106,10237
10107,10237
10108,10237
10109,10237
10110,10237
10111,10237
10112,10237
10113,10237
10114,10237
10115,10237
10116,10237
10117,10237
10118,10237
10119,10237
10120,10237
10121,10237
10122,10237
10123,10237
10124,10237
10125,10237
10126,10237
10127,10237
10128,10237
10129,10237
10130,10237
10131,10237
10132,10237
10133,10237
10134,10237
10135,10237
10136,10237
10137,10237
10138,10237
10139,10237
10140,10237
10141,10237
10142,10237
10143,10237
10144,10237
10145,10237
10146,10237
10147,10237
10148,10237
10149,10237
10150,10237
10151,10237
10152,10237
10153,10237
10154,10237
10155,10237
10156,10237
10157,10237
10158,10237
10159,10237
10160,10237
10161,10237
10162,10237
10163,10237
10164,10237
10165,10237
10166,10237
10167,10237
10168,10237
10169,10237
10170,10237
10171,10237
10172,10237
10173,10237
10174,10237
10175,10237
10176,10237
10177,10237
10178,10237
10179,10237
10180,10237
10181,10237
10182,10237
10183,10237
10184,10237
10185,10237
10186,10237
10187,10237
10188,10237
10189,10237
10190,10237
10191,10237
10192,10237
10193,10237
10194,10237
10195,10237
10196,10237
10197,10237
10198,10237
10199,10237
10200,10237
10201,10237
10202,10237
10203,10237
10204,10237
10205,10237
10206,10237
10207,10237
10208,10237
10209,10237
10210,10237
10211,10237
10212,10237
10213,10237
10214,10237
10215,10237
10216,10237
10217,10237
10218,10237
10219,10237
10220,10237
10221,10237
10222,10237
10223,10237
10224,10237
10225,10237
10226,10237
10227,10237
10228,10237
10229,10237
10230,10237
10231,10237
10232,10237
10233,10237
10234,10237
10235,10237
10236,10237
10237,10237
10238,10237
10239,10237
10240,10237
10241,10237
10242,10237
10243,10237
10244,10237
10245,10237
10246,10237
10247,10237
10248,10237
10249,10237
10250,10237
10251,10237
10252,10237
10253,10237
10254,10237
10255,10237
10256,10237
10257,10237
10258,10237
10259,10237
10260,10237
10261,10237
10262,10237
10263,10237
10264,10237
10265,10237
10266,10237
10267,10237
10268,10237
10269,10237
10270,10237
10271,10237
10272,10237
10273,10237
10274,10237
10275,10237
10276,10237
10277,10237
10278,10237
10279,10237
10280,10237
10281,10237
10282,10237
10283,10237
10284,10237
10285,10237
10286,10237
10287,10237
10288,10237
10289,10237
10290,10237
10291,10237
10292,10237
10293,10237
10294,10237
10295,10237
10296,10237
10297,10237
10298,10237
10299,10237
10300,10237
10301,10237
10302,10237
10303,10237
10304,10237
10305,10237
10306,10237
10307,10237
10308,10237
10309,10237
10310,10237
10311,10237
10312,10237
10313,10237
10314,10237
10315,10237
10316,10237
10317,10237
10318,10237
10319,10237
10320,10237
10321,10237
10322,10237
10323,10237
10324,10237
10325,10237
10326,10237
10327,10237
10328,10237
10329,10237
10330,10237
10331,10237
10332,10237
10333,10237
10334,10237
10335,10237
10336,10237
10088,10238
10089,10238
10090,10238
10091,10238
10092,10238
10093,10238
10094,10238
10095,10238
10096,10238
10097,10238
10098,10238
10099,10238
10100,10238
10101,10238
10102,10238
10103,10238
10104,10238
10105,10238
10106,10238
10107,10238
10108,10238
10109,10238
10110,10238
10111,10238
10112,10238
10113,10238
10114,10238
10115,10238
10116,10238
10117,10238
10118,10238
10119,10238
10120,10238
10121,10238
10122,10238
10123,10238
10124,10238
10125,10238
10126,10238
10127,10238
10128,10238
10129,10238
10130,10238
10131,10238
10132,10238
10133,10238
10134,10238
10135,10238
10136,10238
10137,10238
10138,10238
10139,10238
10140,10238
10141,10238
10142,10238
10143,10238
10144,10238
10145,10238
10146,10238
10147,10238
10148,10238
10149,10238
10150,10238
10151,10238
10152,10238
10153,10238
10154,10238
10155,10238
10156,10238
10157,10238
10158,10238
10159,10238
10160,10238
10161,10238
10162,10238
10163,10238
10164,10238
10165,10238
10166,10238
10167,10238
10168,10238
10169,10238
10170,10238
10171,10238
10172,10238
10173,10238
10174,10238
10175,10238
10176,10238
10177,10238
10178,10238
10179,10238
10180,10238
10181,10238
10182,10238
10183,10238
10184,10238
10185,10238
10186,10238
10187,10238
10188,10238
10189,10238
10190,10238
10191,10238
10192,10238
10193,10238
10194,10238
10195,10238
10196,10238
10197,10238
10198,10238
10199,10238
10200,10238
10201,10238
10202,10238
10203,10238
10204,10238
10205,10238
10206,10238
10207,10238
10208,10238
10209,10238
10210,10238
10211,10238
10212,10238
10213,10238
10214,10238
10215,10238
10216,10238
10217,10238
10218,10238
10219,10238
10220,10238
10221,10238
10222,10238
10223,10238
10224,10238
10225,10238
10226,10238
10227,10238
10228,10238
10229,10238
10230,10238
10231,10238
10232,10238
10233,10238
10234,10238
10235,10238
10236,10238
10237,10238
10238,10238
10239,10238
10240,10238
10241,10238
10242,10238
10243,10238
10244,10238
10245,10238
10246,10238
10247,10238
10248,10238
10249,10238
10250,10238
10251,10238
10252,10238
10253,10238
10254,10238
10255,10238
10256,10238
10257,10238
10258,10238
10259,10238
10260,10238
10261,10238
10262,10238
10263,10238
10264,10238
10265,10238
10266,10238
10267,10238
10268,10238
10269,10238
10270,10238
10271,10238
10272,10238
10273,10238
10274,10238
10275,10238
10276,10238
10277,10238
10278,10238
10279,10238
10280,10238
10281,10238
10282,10238
10283,10238
10284,10238
10285,10238
10286,10238
10287,10238
10288,10238
10289,10238
10290,10238
10291,10238
10292,10238
10293,10238
10294,10238
10295,10238
10296,10238
10297,10238
10298,10238
10299,10238
10300,10238
10301,10238
10302,10238
10303,10238
10304,10238
10305,10238
10306,10238
10307,10238
10308,10238
10309,10238
10310,10238
10311,10238
10312,10238
10313,10238
10314,10238
10315,10238
10316,10238
10317,10238
10318,10238
10319,10238
10320,10238
10321,10238
10322,10238
10323,10238
10324,10238
10325,10238
10326,10238
10327,10238
10328,10238
10329,10238
10330,10238
10331,10238
10332,10238
10333,10238
10334,10238
10335,10238
10336,10238
10088,10239
10089,10239
10090,10239
10091,10239
10092,10239
10093,10239
10094,10239
10095,10239
10096,10239
10097,10239
10098,10239
10099,10239
10100,10239
10101,10239
10102,10239
10103,10239
10104,10239
10105,10239
10106,10239
10107,10239
10108,10239
10109,10239
10110,10239
10111,10239
10112,10239
10113,10239
10114,10239
10115,10239
10116,10239
10117,10239
10118,10239
10119,10239
10120,10239
10121,10239
10122,10239
10123,10239
10124,10239
10125,10239
10126,10239
10127,10239
10128,10239
10129,10239
10130,10239
10131,10239
10132,10239
10133,10239
10134,10239
10135,10239
10136,10239
10137,10239
10138,10239
10139,10239
10140,10239
10141,10239
10142,10239
10143,10239
10144,10239
10145,10239
10146,10239
10147,10239
10148,10239
10149,10239
10150,10239
10151,10239
10152,10239
10153,10239
10154,10239
10155,10239
10156,10239
10157,10239
10158,10239
10159,10239
10160,10239
10161,10239
10162,10239
10163,10239
10164,10239
10165,10239
10166,10239
10167,10239
10168,10239
10169,10239
10170,10239
10171,10239
10172,10239
10173,10239
10174,10239
10175,10239
10176,10239
10177,10239
10178,10239
10179,10239
10180,10239
10181,10239
10182,10239
10183,10239
10184,10239
10185,10239
10186,10239
10187,10239
10188,10239
10189,10239
10190,10239
10191,10239
10192,10239
10193,10239
10194,10239
10195,10239
10196,10239
10197,10239
10198,10239
10199,10239
10200,10239
10201,10239
10202,10239
10203,10239
10204,10239
10205,10239
10206,10239
10207,10239
10208,10239
10209,10239
10210,10239
10211,10239
10212,10239
10213,10239
10214,10239
10215,10239
10216,10239
10217,10239
10218,10239
10219,10239
10220,10239
10221,10239
10222,10239
10223,10239
10224,10239
10225,10239
10226,10239
10227,10239
10228,10239
10229,10239
10230,10239
10231,10239
10232,10239
10233,10239
10234,10239
10235,10239
10236,10239
10237,10239
10238,10239
10239,10239
10240,10239
10241,10239
10242,10239
10243,10239
10244,10239
10245,10239
10246,10239
10247,10239
10248,10239
10249,10239
10250,10239
10251,10239
10252,10239
10253,10239
10254,10239
10255,10239
10256,10239
10257,10239
10258,10239
10259,10239
10260,10239
10261,10239
10262,10239
10263,10239
10264,10239
10265,10239
10266,10239
10267,10239
10268,10239
10269,10239
10270,10239
10271,10239
10272,10239
10273,10239
10274,10239
10275,10239
10276,10239
10277,10239
10278,10239
10279,10239
10280,10239
10281,10239
10282,10239
10283,10239
10284,10239
10285,10239
10286,10239
10287,10239
10288,10239
10289,10239
10290,10239
10291,10239
10292,10239
10293,10239
10294,10239
10295,10239
10296,10239
10297,10239
10298,10239
10299,10239
10300,10239
10301,10239
10302,10239
10303,10239
10304,10239
10305,10239
10306,10239
10307,10239
10308,10239
10309,10239
10310,10239
10311,10239
10312,10239
10313,10239
10314,10239
10315,10239
10316,10239
10317,10239
10318,10239
10319,10239
10320,10239
10321,10239
10322,10239
10323,10239
10324,10239
10325,10239
10326,10239
10327,10239
10328,10239
10329,10239
10330,10239
10331,10239
10332,10239
10333,10239
10334,10239
10335,10239
10336,10239
10088,10240
10089,10240
10090,10240
10091,10240
10092,10240
10093,10240
10094,10240
10095,10240
10096,10240
10097,10240
10098,10240
10099,10240
10100,10240
10101,10240
10102,10240
10103,10240
10104,10240
10105,10240
10106,10240
10107,10240
10108,10240
10109,10240
10110,10240
10111,10240
10112,10240
10113,10240
10114,10240
10115,10240
10116,10240
10117,10240
10118,10240
10119,10240
10120,10240
10121,10240
10122,10240
10123,10240
10124,10240
10125,10240
10126,10240
10127,10240
10128,10240
10129,10240
10130,10240
10131,10240
10132,10240
10133,10240
10134,10240
10135,10240
10136,10240
10137,10240
10138,10240
10139,10240
10140,10240
10141,10240
10142,10240
10143,10240
10144,10240
10145,10240
10146,10240
10147,10240
10148,10240
10149,10240
10150,10240
10151,10240
10152,10240
10153,10240
10154,10240
10155,10240
10156,10240
10157,10240
10158,10240
10159,10240
10160,10240
10161,10240
10162,10240
10163,10240
10164,10240
10165,10240
10166,10240
10167,10240
10168,10240
10169,10240
10170,10240
10171,10240
10172,10240
10173,10240
10174,10240
10175,10240
10176,10240
10177,10240
10178,10240
10179,10240
10180,10240
10181,10240
10182,10240
10183,10240
10184,10240
10185,10240
10186,10240
10187,10240
10188,10240
10189,10240
10190,10240
10191,10240
10192,10240
10193,10240
10194,10240
10195,10240
10196,10240
10197,10240
10198,10240
10199,10240
10200,10240
10201,10240
10202,10240
10203,10240
10204,10240
10205,10240
10206,10240
10207,10240
10208,10240
10209,10240
10210,10240
10211,10240
10212,10240
10213,10240
10214,10240
10215,10240
10216,10240
10217,10240
10218,10240
10219,10240
10220,10240
10221,10240
10222,10240
10223,10240
10224,10240
10225,10240
10226,10240
10227,10240
10228,10240
10229,10240
10230,10240
10231,10240
10232,10240
10233,10240
10234,10240
10235,10240
10236,10240
10237,10240
10238,10240
10239,10240
10240,10240
10241,10240
10242,10240
10243,10240
10244,10240
10245,10240
10246,10240
10247,10240
10248,10240
10249,10240
10250,10240
10251,10240
10252,10240
10253,10240
10254,10240
10255,10240
10256,10240
10257,10240
10258,10240
10259,10240
10260,10240
10261,10240
10262,10240
10263,10240
10264,10240
10265,10240
10266,10240
10267,10240
10268,10240
10269,10240
10270,10240
10271,10240
10272,10240
10273,10240
10274,10240
10275,10240
10276,10240
10277,10240
10278,10240
10279,10240
10280,10240
10281,10240
10282,10240
10283,10240
10284,10240
10285,10240
10286,10240
10287,10240
10288,10240
10289,10240
10290,10240
10291,10240
10292,10240
10293,10240
10294,10240
10295,10240
10296,10240
10297,10240
10298,10240
10299,10240
10300,10240
10301,10240
10302,10240
10303,10240
10304,10240
10305,10240
10306,10240
10307,10240
10308,10240
10309,10240
10310,10240
10311,10240
10312,10240
10313,10240
10314,10240
10315,10240
10316,10240
10317,10240
10318,10240
10319,10240
10320,10240
10321,10240
10322,10240
10323,10240
10324,10240
10325,10240
10326,10240
10327,10240
10328,10240
10329,10240
10330,10240
10331,10240
10332,10240
10333,10240
10334,10240
10335,10240
10336,10240
10088,10241
10089,10241
10090,10241
10091,10241
10092,10241
10093,10241
10094,10241
10095,10241
10096,10241
10097,10241
10098,10241
10099,10241
10100,10241
10101,10241
10102,10241
10103,10241
10104,10241
10105,10241
10106,10241
10107,10241
10108,10241
10109,10241
10110,10241
10111,10241
10112,10241
10113,10241
10114,10241
10115,10241
10116,10241
10117,10241
10118,10241
10119,10241
10120,10241
10121,10241
10122,10241
10123,10241
10124,10241
10125,10241
10126,10241
10127,10241
10128,10241
10129,10241
10130,10241
10131,10241
10132,10241
10133,10241
10134,10241
10135,10241
10136,10241
10137,10241
10138,10241
10139,10241
10140,10241
10141,10241
10142,10241
10143,10241
10144,10241
10145,10241
10146,10241
10147,10241
10148,10241
10149,10241
10150,10241
10151,10241
10152,10241
10153,10241
10154,10241
10155,10241
10156,10241
10157,10241
10158,10241
10159,10241
10160,10241
10161,10241
10162,10241
10163,10241
10164,10241
10165,10241
10166,10241
10167,10241
10168,10241
10169,10241
10170,10241
10171,10241
10172,10241
10173,10241
10174,10241
10175,10241
10176,10241
10177,10241
10178,10241
10179,10241
10180,10241
10181,10241
10182,10241
10183,10241
10184,10241
10185,10241
10186,10241
10187,10241
10188,10241
10189,10241
10190,10241
10191,10241
10192,10241
10193,10241
10194,10241
10195,10241
10196,10241
10197,10241
10198,10241
10199,10241
10200,10241
10201,10241
10202,10241
10203,10241
10204,10241
10205,10241
10206,10241
10207,10241
10208,10241
10209,10241
10210,10241
10211,10241
10212,10241
10213,10241
10214,10241
10215,10241
10216,10241
10217,10241
10218,10241
10219,10241
10220,10241
10221,10241
10222,10241
10223,10241
10224,10241
10225,10241
10226,10241
10227,10241
10228,10241
10229,10241
10230,10241
10231,10241
10232,10241
10233,10241
10234,10241
10235,10241
10236,10241
10237,10241
10238,10241
10239,10241
10240,10241
10241,10241
10242,10241
10243,10241
10244,10241
10245,10241
10246,10241
10247,10241
10248,10241
10249,10241
10250,10241
10251,10241
10252,10241
10253,10241
10254,10241
10255,10241
10256,10241
10257,10241
10258,10241
10259,10241
10260,10241
10261,10241
10262,10241
10263,10241
10264,10241
10265,10241
10266,10241
10267,10241
10268,10241
10269,10241
10270,10241
10271,10241
10272,10241
10273,10241
10274,10241
10275,10241
10276,10241
10277,10241
10278,10241
10279,10241
10280,10241
10281,10241
10282,10241
10283,10241
10284,10241
10285,10241
10286,10241
10287,10241
10288,10241
10289,10241
10290,10241
10291,10241
10292,10241
10293,10241
10294,10241
10295,10241
10296,10241
10297,10241
10298,10241
10299,10241
10300,10241
10301,10241
10302,10241
10303,10241
10304,10241
10305,10241
10306,10241
10307,10241
10308,10241
10309,10241
10310,10241
10311,10241
10312,10241
10313,10241
10314,10241
10315,10241
10316,10241
10317,10241
10318,10241
10319,10241
10320,10241
10321,10241
10322,10241
10323,10241
10324,10241
10325,10241
10326,10241
10327,10241
10328,10241
10329,10241
10330,10241
10331,10241
10332,10241
10333,10241
10334,10241
10335,10241
10336,10241
10088,10242
10089,10242
10090,10242
10091,10242
10092,10242
10093,10242
10094,10242
10095,10242
10096,10242
10097,10242
10098,10242
10099,10242
10100,10242
10101,10242
10102,10242
10103,10242
10104,10242
10105,10242
10106,10242
10107,10242
10108,10242
10109,10242
10110,10242
10111,10242
10112,10242
10113,10242
10114,10242
10115,10242
10116,10242
10117,10242
10118,10242
10119,10242
10120,10242
10121,10242
10122,10242
10123,10242
10124,10242
10125,10242
10126,10242
10127,10242
10128,10242
10129,10242
10130,10242
10131,10242
10132,10242
10133,10242
10134,10242
10135,10242
10136,10242
10137,10242
10138,10242
10139,10242
10140,10242
10141,10242
10142,10242
10143,10242
10144,10242
10145,10242
10146,10242
10147,10242
10148,10242
10149,10242
10150,10242
10151,10242
10152,10242
10153,10242
10154,10242
10155,10242
10156,10242
10157,10242
10158,10242
10159,10242
10160,10242
10161,10242
10162,10242
10163,10242
10164,10242
10165,10242
10166,10242
10167,10242
10168,10242
10169,10242
10170,10242
10171,10242
10172,10242
10173,10242
10174,10242
10175,10242
10176,10242
10177,10242
10178,10242
10179,10242
10180,10242
10181,10242
10182,10242
10183,10242
10184,10242
10185,10242
10186,10242
10187,10242
10188,10242
10189,10242
10190,10242
10191,10242
10192,10242
10193,10242
10194,10242
10195,10242
10196,10242
10197,10242
10198,10242
10199,10242
10200,10242
10201,10242
10202,10242
10203,10242
10204,10242
10205,10242
10206,10242
10207,10242
10208,10242
10209,10242
10210,10242
10211,10242
10212,10242
10213,10242
10214,10242
10215,10242
10216,10242
10217,10242
10218,10242
10219,10242
10220,10242
10221,10242
10222,10242
10223,10242
10224,10242
10225,10242
10226,10242
10227,10242
10228,10242
10229,10242
10230,10242
10231,10242
10232,10242
10233,10242
10234,10242
10235,10242
10236,10242
10237,10242
10238,10242
10239,10242
10240,10242
10241,10242
10242,10242
10243,10242
10244,10242
10245,10242
10246,10242
10247,10242
10248,10242
10249,10242
10250,10242
10251,10242
10252,10242
10253,10242
10254,10242
10255,10242
10256,10242
10257,10242
10258,10242
10259,10242
10260,10242
10261,10242
10262,10242
10263,10242
10264,10242
10265,10242
10266,10242
10267,10242
10268,10242
10269,10242
10270,10242
10271,10242
10272,10242
10273,10242
10274,10242
10275,10242
10276,10242
10277,10242
10278,10242
10279,10242
10280,10242
10281,10242
10282,10242
10283,10242
10284,10242
10285,10242
10286,10242
10287,10242
10288,10242
10289,10242
10290,10242
10291,10242
10292,10242
10293,10242
10294,10242
10295,10242
10296,10242
10297,10242
10298,10242
10299,10242
10300,10242
10301,10242
10302,10242
10303,10242
10304,10242
10305,10242
10306,10242
10307,10242
10308,10242
10309,10242
10310,10242
10311,10242
10312,10242
10313,10242
10314,10242
10315,10242
10316,10242
10317,10242
10318,10242
10319,10242
10320,10242
10321,10242
10322,10242
10323,10242
10324,10242
10325,10242
10326,10242
10327,10242
10328,10242
10329,10242
10330,10242
10331,10242
10332,10242
10333,10242
10334,10242
10335,10242
10336,10242
10088,10243
10089,10243
10090,10243
10091,10243
10092,10243
10093,10243
10094,10243
10095,10243
10096,10243
10097,10243
10098,10243
10099,10243
10100,10243
10101,10243
10102,10243
10103,10243
10104,10243
10105,10243
10106,10243
10107,10243
10108,10243
10109,10243
10110,10243
10111,10243
10112,10243
10113,10243
10114,10243
10115,10243
10116,10243
10117,10243
10118,10243
10119,10243
10120,10243
10121,10243
10122,10243
10123,10243
10124,10243
10125,10243
10126,10243
10127,10243
10128,10243
10129,10243
10130,10243
10131,10243
10132,10243
10133,10243
10134,10243
10135,10243
10136,10243
10137,10243
10138,10243
10139,10243
10140,10243
10141,10243
10142,10243
10143,10243
10144,10243
10145,10243
10146,10243
10147,10243
10148,10243
10149,10243
10150,10243
10151,10243
10152,10243
10153,10243
10154,10243
10155,10243
10156,10243
10157,10243
10158,10243
10159,10243
10160,10243
10161,10243
10162,10243
10163,10243
10164,10243
10165,10243
10166,10243
10167,10243
10168,10243
10169,10243
10170,10243
10171,10243
10172,10243
10173,10243
10174,10243
10175,10243
10176,10243
10177,10243
10178,10243
10179,10243
10180,10243
10181,10243
10182,10243
10183,10243
10184,10243
10185,10243
10186,10243
10187,10243
10188,10243
10189,10243
10190,10243
10191,10243
10192,10243
10193,10243
10194,10243
10195,10243
10196,10243
10197,10243
10198,10243
10199,10243
10200,10243
10201,10243
10202,10243
10203,10243
10204,10243
10205,10243
10206,10243
10207,10243
10208,10243
10209,10243
10210,10243
10211,10243
10212,10243
10213,10243
10214,10243
10215,10243
10216,10243
10217,10243
10218,10243
10219,10243
10220,10243
10221,10243
10222,10243
10223,10243
10224,10243
10225,10243
10226,10243
10227,10243
10228,10243
10229,10243
10230,10243
10231,10243
10232,10243
10233,10243
10234,10243
10235,10243
10236,10243
10237,10243
10238,10243
10239,10243
10240,10243
10241,10243
10242,10243
10243,10243
10244,10243
10245,10243
10246,10243
10247,10243
10248,10243
10249,10243
10250,10243
10251,10243
10252,10243
10253,10243
10254,10243
10255,10243
10256,10243
10257,10243
10258,10243
10259,10243
10260,10243
10261,10243
10262,10243
10263,10243
10264,10243
10265,10243
10266,10243
10267,10243
10268,10243
10269,10243
10270,10243
10271,10243
10272,10243
10273,10243
10274,10243
10275,10243
10276,10243
10277,10243
10278,10243
10279,10243
10280,10243
10281,10243
10282,10243
10283,10243
10284,10243
10285,10243
10286,10243
10287,10243
10288,10243
10289,10243
10290,10243
10291,10243
10292,10243
10293,10243
10294,10243
10295,10243
10296,10243
10297,10243
10298,10243
10299,10243
10300,10243
10301,10243
10302,10243
10303,10243
10304,10243
10305,10243
10306,10243
10307,10243
10308,10243
10309,10243
10310,10243
10311,10243
10312,10243
10313,10243
10314,10243
10315,10243
10316,10243
10317,10243
10318,10243
10319,10243
10320,10243
10321,10243
10322,10243
10323,10243
10324,10243
10325,10243
10326,10243
10327,10243
10328,10243
10329,10243
10330,10243
10331,10243
10332,10243
10333,10243
10334,10243
10335,10243
10336,10243
10088,10244
10089,10244
10090,10244
10091,10244
10092,10244
10093,10244
10094,10244
10095,10244
10096,10244
10097,10244
10098,10244
10099,10244
10100,10244
10101,10244
10102,10244
10103,10244
10104,10244
10105,10244
10106,10244
10107,10244
10108,10244
10109,10244
10110,10244
10111,10244
10112,10244
10113,10244
10114,10244
10115,10244
10116,10244
10117,10244
10118,10244
10119,10244
10120,10244
10121,10244
10122,10244
10123,10244
10124,10244
10125,10244
10126,10244
10127,10244
10128,10244
10129,10244
10130,10244
10131,10244
10132,10244
10133,10244
10134,10244
10135,10244
10136,10244
10137,10244
10138,10244
10139,10244
10140,10244
10141,10244
10142,10244
10143,10244
10144,10244
10145,10244
10146,10244
10147,10244
10148,10244
10149,10244
10150,10244
10151,10244
10152,10244
10153,10244
10154,10244
10155,10244
10156,10244
10157,10244
10158,10244
10159,10244
10160,10244
10161,10244
10162,10244
10163,10244
10164,10244
10165,10244
10166,10244
10167,10244
10168,10244
10169,10244
10170,10244
10171,10244
10172,10244
10173,10244
10174,10244
10175,10244
10176,10244
10177,10244
10178,10244
10179,10244
10180,10244
10181,10244
10182,10244
10183,10244
10184,10244
10185,10244
10186,10244
10187,10244
10188,10244
10189,10244
10190,10244
10191,10244
10192,10244
10193,10244
10194,10244
10195,10244
10196,10244
10197,10244
10198,10244
10199,10244
10200,10244
10201,10244
10202,10244
10203,10244
10204,10244
10205,10244
10206,10244
10207,10244
10208,10244
10209,10244
10210,10244
10211,10244
10212,10244
10213,10244
10214,10244
10215,10244
10216,10244
10217,10244
10218,10244
10219,10244
10220,10244
10221,10244
10222,10244
10223,10244
10224,10244
10225,10244
10226,10244
10227,10244
10228,10244
10229,10244
10230,10244
10231,10244
10232,10244
10233,10244
10234,10244
10235,10244
10236,10244
10237,10244
10238,10244
10239,10244
10240,10244
10241,10244
10242,10244
10243,10244
10244,10244
10245,10244
10246,10244
10247,10244
10248,10244
10249,10244
10250,10244
10251,10244
10252,10244
10253,10244
10254,10244
10255,10244
10256,10244
10257,10244
10258,10244
10259,10244
10260,10244
10261,10244
10262,10244
10263,10244
10264,10244
10265,10244
10266,10244
10267,10244
10268,10244
10269,10244
10270,10244
10271,10244
10272,10244
10273,10244
10274,10244
10275,10244
10276,10244
10277,10244
10278,10244
10279,10244
10280,10244
10281,10244
10282,10244
10283,10244
10284,10244
10285,10244
10286,10244
10287,10244
10288,10244
10289,10244
10290,10244
10291,10244
10292,10244
10293,10244
10294,10244
10295,10244
10296,10244
10297,10244
10298,10244
10299,10244
10300,10244
10301,10244
10302,10244
10303,10244
10304,10244
10305,10244
10306,10244
10307,10244
10308,10244
10309,10244
10310,10244
10311,10244
10312,10244
10313,10244
10314,10244
10315,10244
10316,10244
10317,10244
10318,10244
10319,10244
10320,10244
10321,10244
10322,10244
10323,10244
10324,10244
10325,10244
10326,10244
10327,10244
10328,10244
10329,10244
10330,10244
10331,10244
10332,10244
10333,10244
10334,10244
10335,10244
10336,10244
10088,10245
10089,10245
10090,10245
10091,10245
10092,10245
10093,10245
10094,10245
10095,10245
10096,10245
10097,10245
10098,10245
10099,10245
10100,10245
10101,10245
10102,10245
10103,10245
10104,10245
10105,10245
10106,10245
10107,10245
10108,10245
10109,10245
10110,10245
10111,10245
10112,10245
10113,10245
10114,10245
10115,10245
10116,10245
10117,10245
10118,10245
10119,10245
10120,10245
10121,10245
10122,10245
10123,10245
10124,10245
10125,10245
10126,10245
10127,10245
10128,10245
10129,10245
10130,10245
10131,10245
10132,10245
10133,10245
10134,10245
10135,10245
10136,10245
10137,10245
10138,10245
10139,10245
10140,10245
10141,10245
10142,10245
10143,10245
10144,10245
10145,10245
10146,10245
10147,10245
10148,10245
10149,10245
10150,10245
10151,10245
10152,10245
10153,10245
10154,10245
10155,10245
10156,10245
10157,10245
10158,10245
10159,10245
10160,10245
10161,10245
10162,10245
10163,10245
10164,10245
10165,10245
10166,10245
10167,10245
10168,10245
10169,10245
10170,10245
10171,10245
10172,10245
10173,10245
10174,10245
10175,10245
10176,10245
10177,10245
10178,10245
10179,10245
10180,10245
10181,10245
10182,10245
10183,10245
10184,10245
10185,10245
10186,10245
10187,10245
10188,10245
10189,10245
10190,10245
10191,10245
10192,10245
10193,10245
10194,10245
10195,10245
10196,10245
10197,10245
10198,10245
10199,10245
10200,10245
10201,10245
10202,10245
10203,10245
10204,10245
10205,10245
10206,10245
10207,10245
10208,10245
10209,10245
10210,10245
10211,10245
10212,10245
10213,10245
10214,10245
10215,10245
10216,10245
10217,10245
10218,10245
10219,10245
10220,10245
10221,10245
10222,10245
10223,10245
10224,10245
10225,10245
10226,10245
10227,10245
10228,10245
10229,10245
10230,10245
10231,10245
10232,10245
10233,10245
10234,10245
10235,10245
10236,10245
10237,10245
10238,10245
10239,10245
10240,10245
10241,10245
10242,10245
10243,10245
10244,10245
10245,10245
10246,10245
10247,10245
10248,10245
10249,10245
10250,10245
10251,10245
10252,10245
10253,10245
10254,10245
10255,10245
10256,10245
10257,10245
10258,10245
10259,10245
10260,10245
10261,10245
10262,10245
10263,10245
10264,10245
10265,10245
10266,10245
10267,10245
10268,10245
10269,10245
10270,10245
10271,10245
10272,10245
10273,10245
10274,10245
10275,10245
10276,10245
10277,10245
10278,10245
10279,10245
10280,10245
10281,10245
10282,10245
10283,10245
10284,10245
10285,10245
10286,10245
10287,10245
10288,10245
10289,10245
10290,10245
10291,10245
10292,10245
10293,10245
10294,10245
10295,10245
10296,10245
10297,10245
10298,10245
10299,10245
10300,10245
10301,10245
10302,10245
10303,10245
10304,10245
10305,10245
10306,10245
10307,10245
10308,10245
10309,10245
10310,10245
10311,10245
10312,10245
10313,10245
10314,10245
10315,10245
10316,10245
10317,10245
10318,10245
10319,10245
10320,10245
10321,10245
10322,10245
10323,10245
10324,10245
10325,10245
10326,10245
10327,10245
10328,10245
10329,10245
10330,10245
10331,10245
10332,10245
10333,10245
10334,10245
10335,10245
10336,10245
10088,10246
10089,10246
10090,10246
10091,10246
10092,10246
10093,10246
10094,10246
10095,10246
10096,10246
10097,10246
10098,10246
10099,10246
10100,10246
10101,10246
10102,10246
10103,10246
10104,10246
10105,10246
10106,10246
10107,10246
10108,10246
10109,10246
10110,10246
10111,10246
10112,10246
10113,10246
10114,10246
10115,10246
10116,10246
10117,10246
10118,10246
10119,10246
10120,10246
10121,10246
10122,10246
10123,10246
10124,10246
10125,10246
10126,10246
10127,10246
10128,10246
10129,10246
10130,10246
10131,10246
10132,10246
10133,10246
10134,10246
10135,10246
10136,10246
10137,10246
10138,10246
10139,10246
10140,10246
10141,10246
10142,10246
10143,10246
10144,10246
10145,10246
10146,10246
10147,10246
10148,10246
10149,10246
10150,10246
10151,10246
10152,10246
10153,10246
10154,10246
10155,10246
10156,10246
10157,10246
10158,10246
10159,10246
10160,10246
10161,10246
10162,10246
10163,10246
10164,10246
10165,10246
10166,10246
10167,10246
10168,10246
10169,10246
10170,10246
10171,10246
10172,10246
10173,10246
10174,10246
10175,10246
10176,10246
10177,10246
10178,10246
10179,10246
10180,10246
10181,10246
10182,10246
10183,10246
10184,10246
10185,10246
10186,10246
10187,10246
10188,10246
10189,10246
10190,10246
10191,10246
10192,10246
10193,10246
10194,10246
10195,10246
10196,10246
10197,10246
10198,10246
10199,10246
10200,10246
10201,10246
10202,10246
10203,10246
10204,10246
10205,10246
10206,10246
10207,10246
10208,10246
10209,10246
10210,10246
10211,10246
10212,10246
10213,10246
10214,10246
10215,10246
10216,10246
10217,10246
10218,10246
10219,10246
10220,10246
10221,10246
10222,10246
10223,10246
10224,10246
10225,10246
10226,10246
10227,10246
10228,10246
10229,10246
10230,10246
10231,10246
10232,10246
10233,10246
10234,10246
10235,10246
10236,10246
10237,10246
10238,10246
10239,10246
10240,10246
10241,10246
10242,10246
10243,10246
10244,10246
10245,10246
10246,10246
10247,10246
10248,10246
10249,10246
10250,10246
10251,10246
10252,10246
10253,10246
10254,10246
10255,10246
10256,10246
10257,10246
10258,10246
10259,10246
10260,10246
10261,10246
10262,10246
10263,10246
10264,10246
10265,10246
10266,10246
10267,10246
10268,10246
10269,10246
10270,10246
10271,10246
10272,10246
10273,10246
10274,10246
10275,10246
10276,10246
10277,10246
10278,10246
10279,10246
10280,10246
10281,10246
10282,10246
10283,10246
10284,10246
10285,10246
10286,10246
10287,10246
10288,10246
10289,10246
10290,10246
10291,10246
10292,10246
10293,10246
10294,10246
10295,10246
10296,10246
10297,10246
10298,10246
10299,10246
10300,10246
10301,10246
10302,10246
10303,10246
10304,10246
10305,10246
10306,10246
10307,10246
10308,10246
10309,10246
10310,10246
10311,10246
10312,10246
10313,10246
10314,10246
10315,10246
10316,10246
10317,10246
10318,10246
10319,10246
10320,10246
10321,10246
10322,10246
10323,10246
10324,10246
10325,10246
10326,10246
10327,10246
10328,10246
10329,10246
10330,10246
10331,10246
10332,10246
10333,10246
10334,10246
10335,10246
10336,10246
10088,10247
10089,10247
10090,10247
10091,10247
10092,10247
10093,10247
10094,10247
10095,10247
10096,10247
10097,10247
10098,10247
10099,10247
10100,10247
10101,10247
10102,10247
10103,10247
10104,10247
10105,10247
10106,10247
10107,10247
10108,10247
10109,10247
10110,10247
10111,10247
10112,10247
10113,10247
10114,10247
10115,10247
10116,10247
10117,10247
10118,10247
10119,10247
10120,10247
10121,10247
10122,10247
10123,10247
10124,10247
10125,10247
10126,10247
10127,10247
10128,10247
10129,10247
10130,10247
10131,10247
10132,10247
10133,10247
10134,10247
10135,10247
10136,10247
10137,10247
10138,10247
10139,10247
10140,10247
10141,10247
10142,10247
10143,10247
10144,10247
10145,10247
10146,10247
10147,10247
10148,10247
10149,10247
10150,10247
10151,10247
10152,10247
10153,10247
10154,10247
10155,10247
10156,10247
10157,10247
10158,10247
10159,10247
10160,10247
10161,10247
10162,10247
10163,10247
10164,10247
10165,10247
10166,10247
10167,10247
10168,10247
10169,10247
10170,10247
10171,10247
10172,10247
10173,10247
10174,10247
10175,10247
10176,10247
10177,10247
10178,10247
10179,10247
10180,10247
10181,10247
10182,10247
10183,10247
10184,10247
10185,10247
10186,10247
10187,10247
10188,10247
10189,10247
10190,10247
10191,10247
10192,10247
10193,10247
10194,10247
10195,10247
10196,10247
10197,10247
10198,10247
10199,10247
10200,10247
10201,10247
10202,10247
10203,10247
10204,10247
10205,10247
10206,10247
10207,10247
10208,10247
10209,10247
10210,10247
10211,10247
10212,10247
10213,10247
10214,10247
10215,10247
10216,10247
10217,10247
10218,10247
10219,10247
10220,10247
10221,10247
10222,10247
10223,10247
10224,10247
10225,10247
10226,10247
10227,10247
10228,10247
10229,10247
10230,10247
10231,10247
10232,10247
10233,10247
10234,10247
10235,10247
10236,10247
10237,10247
10238,10247
10239,10247
10240,10247
10241,10247
10242,10247
10243,10247
10244,10247
10245,10247
10246,10247
10247,10247
10248,10247
10249,10247
10250,10247
10251,10247
10252,10247
10253,10247
10254,10247
10255,10247
10256,10247
10257,10247
10258,10247
10259,10247
10260,10247
10261,10247
10262,10247
10263,10247
10264,10247
10265,10247
10266,10247
10267,10247
10268,10247
10269,10247
10270,10247
10271,10247
10272,10247
10273,10247
10274,10247
10275,10247
10276,10247
10277,10247
10278,10247
10279,10247
10280,10247
10281,10247
10282,10247
10283,10247
10284,10247
10285,10247
10286,10247
10287,10247
10288,10247
10289,10247
10290,10247
10291,10247
10292,10247
10293,10247
10294,10247
10295,10247
10296,10247
10297,10247
10298,10247
10299,10247
10300,10247
10301,10247
10302,10247
10303,10247
10304,10247
10305,10247
10306,10247
10307,10247
10308,10247
10309,10247
10310,10247
10311,10247
10312,10247
10313,10247
10314,10247
10315,10247
10316,10247
10317,10247
10318,10247
10319,10247
10320,10247
10321,10247
10322,10247
10323,10247
10324,10247
10325,10247
10326,10247
10327,10247
10328,10247
10329,10247
10330,10247
10331,10247
10332,10247
10333,10247
10334,10247
10335,10247
10336,10247
10088,10248
10089,10248
10090,10248
10091,10248
10092,10248
10093,10248
10094,10248
10095,10248
10096,10248
10097,10248
10098,10248
10099,10248
10100,10248
10101,10248
10102,10248
10103,10248
10104,10248
10105,10248
10106,10248
10107,10248
10108,10248
10109,10248
10110,10248
10111,10248
10112,10248
10113,10248
10114,10248
10115,10248
10116,10248
10117,10248
10118,10248
10119,10248
10120,10248
10121,10248
10122,10248
10123,10248
10124,10248
10125,10248
10126,10248
10127,10248
10128,10248
10129,10248
10130,10248
10131,10248
10132,10248
10133,10248
10134,10248
10135,10248
10136,10248
10137,10248
10138,10248
10139,10248
10140,10248
10141,10248
10142,10248
10143,10248
10144,10248
10145,10248
10146,10248
10147,10248
10148,10248
10149,10248
10150,10248
10151,10248
10152,10248
10153,10248
10154,10248
10155,10248
10156,10248
10157,10248
10158,10248
10159,10248
10160,10248
10161,10248
10162,10248
10163,10248
10164,10248
10165,10248
10166,10248
10167,10248
10168,10248
10169,10248
10170,10248
10171,10248
10172,10248
10173,10248
10174,10248
10175,10248
10176,10248
10177,10248
10178,10248
10179,10248
10180,10248
10181,10248
10182,10248
10183,10248
10184,10248
10185,10248
10186,10248
10187,10248
10188,10248
10189,10248
10190,10248
10191,10248
10192,10248
10193,10248
10194,10248
10195,10248
10196,10248
10197,10248
10198,10248
10199,10248
10200,10248
10201,10248
10202,10248
10203,10248
10204,10248
10205,10248
10206,10248
10207,10248
10208,10248
10209,10248
10210,10248
10211,10248
10212,10248
10213,10248
10214,10248
10215,10248
10216,10248
10217,10248
10218,10248
10219,10248
10220,10248
10221,10248
10222,10248
10223,10248
10224,10248
10225,10248
10226,10248
10227,10248
10228,10248
10229,10248
10230,10248
10231,10248
10232,10248
10233,10248
10234,10248
10235,10248
10236,10248
10237,10248
10238,10248
10239,10248
10240,10248
10241,10248
10242,10248
10243,10248
10244,10248
10245,10248
10246,10248
10247,10248
10248,10248
10249,10248
10250,10248
10251,10248
10252,10248
10253,10248
10254,10248
10255,10248
10256,10248
10257,10248
10258,10248
10259,10248
10260,10248
10261,10248
10262,10248
10263,10248
10264,10248
10265,10248
10266,10248
10267,10248
10268,10248
10269,10248
10270,10248
10271,10248
10272,10248
10273,10248
10274,10248
10275,10248
10276,10248
10277,10248
10278,10248
10279,10248
10280,10248
10281,10248
10282,10248
10283,10248
10284,10248
10285,10248
10286,10248
10287,10248
10288,10248
10289,10248
10290,10248
10291,10248
10292,10248
10293,10248
10294,10248
10295,10248
10296,10248
10297,10248
10298,10248
10299,10248
10300,10248
10301,10248
10302,10248
10303,10248
10304,10248
10305,10248
10306,10248
10307,10248
10308,10248
10309,10248
10310,10248
10311,10248
10312,10248
10313,10248
10314,10248
10315,10248
10316,10248
10317,10248
10318,10248
10319,10248
10320,10248
10321,10248
10322,10248
10323,10248
10324,10248
10325,10248
10326,10248
10327,10248
10328,10248
10329,10248
10330,10248
10331,10248
10332,10248
10333,10248
10334,10248
10335,10248
10336,10248
10088,10249
10089,10249
10090,10249
10091,10249
10092,10249
10093,10249
10094,10249
10095,10249
10096,10249
10097,10249
10098,10249
10099,10249
10100,10249
10101,10249
10102,10249
10103,10249
10104,10249
10105,10249
10106,10249
10107,10249
10108,10249
10109,10249
10110,10249
10111,10249
10112,10249
10113,10249
10114,10249
10115,10249
10116,10249
10117,10249
10118,10249
10119,10249
10120,10249
10121,10249
10122,10249
10123,10249
10124,10249
10125,10249
10126,10249
10127,10249
10128,10249
10129,10249
10130,10249
10131,10249
10132,10249
10133,10249
10134,10249
10135,10249
10136,10249
10137,10249
10138,10249
10139,10249
10140,10249
10141,10249
10142,10249
10143,10249
10144,10249
10145,10249
10146,10249
10147,10249
10148,10249
10149,10249
10150,10249
10151,10249
10152,10249
10153,10249
10154,10249
10155,10249
10156,10249
10157,10249
10158,10249
10159,10249
10160,10249
10161,10249
10162,10249
10163,10249
10164,10249
10165,10249
10166,10249
10167,10249
10168,10249
10169,10249
10170,10249
10171,10249
10172,10249
10173,10249
10174,10249
10175,10249
10176,10249
10177,10249
10178,10249
10179,10249
10180,10249
10181,10249
10182,10249
10183,10249
10184,10249
10185,10249
10186,10249
10187,10249
10188,10249
10189,10249
10190,10249
10191,10249
10192,10249
10193,10249
10194,10249
10195,10249
10196,10249
10197,10249
10198,10249
10199,10249
10200,10249
10201,10249
10202,10249
10203,10249
10204,10249
10205,10249
10206,10249
10207,10249
10208,10249
10209,10249
10210,10249
10211,10249
10212,10249
10213,10249
10214,10249
10215,10249
10216,10249
10217,10249
10218,10249
10219,10249
10220,10249
10221,10249
10222,10249
10223,10249
10224,10249
10225,10249
10226,10249
10227,10249
10228,10249
10229,10249
10230,10249
10231,10249
10232,10249
10233,10249
10234,10249
10235,10249
10236,10249
10237,10249
10238,10249
10239,10249
10240,10249
10241,10249
10242,10249
10243,10249
10244,10249
10245,10249
10246,10249
10247,10249
10248,10249
10249,10249
10250,10249
10251,10249
10252,10249
10253,10249
10254,10249
10255,10249
10256,10249
10257,10249
10258,10249
10259,10249
10260,10249
10261,10249
10262,10249
10263,10249
10264,10249
10265,10249
10266,10249
10267,10249
10268,10249
10269,10249
10270,10249
10271,10249
10272,10249
10273,10249
10274,10249
10275,10249
10276,10249
10277,10249
10278,10249
10279,10249
10280,10249
10281,10249
10282,10249
10283,10249
10284,10249
10285,10249
10286,10249
10287,10249
10288,10249
10289,10249
10290,10249
10291,10249
10292,10249
10293,10249
10294,10249
10295,10249
10296,10249
10297,10249
10298,10249
10299,10249
10300,10249
10301,10249
10302,10249
10303,10249
10304,10249
10305,10249
10306,10249
10307,10249
10308,10249
10309,10249
10310,10249
10311,10249
10312,10249
10313,10249
10314,10249
10315,10249
10316,10249
10317,10249
10318,10249
10319,10249
10320,10249
10321,10249
10322,10249
10323,10249
10324,10249
10325,10249
10326,10249
10327,10249
10328,10249
10329,10249
10330,10249
10331,10249
10332,10249
10333,10249
10334,10249
10335,10249
10336,10249
10088,10250
10089,10250
10090,10250
10091,10250
10092,10250
10093,10250
10094,10250
10095,10250
10096,10250
10097,10250
10098,10250
10099,10250
10100,10250
10101,10250
10102,10250
10103,10250
10104,10250
10105,10250
10106,10250
10107,10250
10108,10250
10109,10250
10110,10250
10111,10250
10112,10250
10113,10250
10114,10250
10115,10250
10116,10250
10117,10250
10118,10250
10119,10250
10120,10250
10121,10250
10122,10250
10123,10250
10124,10250
10125,10250
10126,10250
10127,10250
10128,10250
10129,10250
10130,10250
10131,10250
10132,10250
10133,10250
10134,10250
10135,10250
10136,10250
10137,10250
10138,10250
10139,10250
10140,10250
10141,10250
10142,10250
10143,10250
10144,10250
10145,10250
10146,10250
10147,10250
10148,10250
10149,10250
10150,10250
10151,10250
10152,10250
10153,10250
10154,10250
10155,10250
10156,10250
10157,10250
10158,10250
10159,10250
10160,10250
10161,10250
10162,10250
10163,10250
10164,10250
10165,10250
10166,10250
10167,10250
10168,10250
10169,10250
10170,10250
10171,10250
10172,10250
10173,10250
10174,10250
10175,10250
10176,10250
10177,10250
10178,10250
10179,10250
10180,10250
10181,10250
10182,10250
10183,10250
10184,10250
10185,10250
10186,10250
10187,10250
10188,10250
10189,10250
10190,10250
10191,10250
10192,10250
10193,10250
10194,10250
10195,10250
10196,10250
10197,10250
10198,10250
10199,10250
10200,10250
10201,10250
10202,10250
10203,10250
10204,10250
10205,10250
10206,10250
10207,10250
10208,10250
10209,10250
10210,10250
10211,10250
10212,10250
10213,10250
10214,10250
10215,10250
10216,10250
10217,10250
10218,10250
10219,10250
10220,10250
10221,10250
10222,10250
10223,10250
10224,10250
10225,10250
10226,10250
10227,10250
10228,10250
10229,10250
10230,10250
10231,10250
10232,10250
10233,10250
10234,10250
10235,10250
10236,10250
10237,10250
10238,10250
10239,10250
10240,10250
10241,10250
10242,10250
10243,10250
10244,10250
10245,10250
10246,10250
10247,10250
10248,10250
10249,10250
10250,10250
10251,10250
10252,10250
10253,10250
10254,10250
10255,10250
10256,10250
10257,10250
10258,10250
10259,10250
10260,10250
10261,10250
10262,10250
10263,10250
10264,10250
10265,10250
10266,10250
10267,10250
10268,10250
10269,10250
10270,10250
10271,10250
10272,10250
10273,10250
10274,10250
10275,10250
10276,10250
10277,10250
10278,10250
10279,10250
10280,10250
10281,10250
10282,10250
10283,10250
10284,10250
10285,10250
10286,10250
10287,10250
10288,10250
10289,10250
10290,10250
10291,10250
10292,10250
10293,10250
10294,10250
10295,10250
10296,10250
10297,10250
10298,10250
10299,10250
10300,10250
10301,10250
10302,10250
10303,10250
10304,10250
10305,10250
10306,10250
10307,10250
10308,10250
10309,10250
10310,10250
10311,10250
10312,10250
10313,10250
10314,10250
10315,10250
10316,10250
10317,10250
10318,10250
10319,10250
10320,10250
10321,10250
10322,10250
10323,10250
10324,10250
10325,10250
10326,10250
10327,10250
10328,10250
10329,10250
10330,10250
10331,10250
10332,10250
10333,10250
10334,10250
10335,10250
10336,10250
10088,10251
10089,10251
10090,10251
10091,10251
10092,10251
10093,10251
10094,10251
10095,10251
10096,10251
10097,10251
10098,10251
10099,10251
10100,10251
10101,10251
10102,10251
10103,10251
10104,10251
10105,10251
10106,10251
10107,10251
10108,10251
10109,10251
10110,10251
10111,10251
10112,10251
10113,10251
10114,10251
10115,10251
10116,10251
10117,10251
10118,10251
10119,10251
10120,10251
10121,10251
10122,10251
10123,10251
10124,10251
10125,10251
10126,10251
10127,10251
10128,10251
10129,10251
10130,10251
10131,10251
10132,10251
10133,10251
10134,10251
10135,10251
10136,10251
10137,10251
10138,10251
10139,10251
10140,10251
10141,10251
10142,10251
10143,10251
10144,10251
10145,10251
10146,10251
10147,10251
10148,10251
10149,10251
10150,10251
10151,10251
10152,10251
10153,10251
10154,10251
10155,10251
10156,10251
10157,10251
10158,10251
10159,10251
10160,10251
10161,10251
10162,10251
10163,10251
10164,10251
10165,10251
10166,10251
10167,10251
10168,10251
10169,10251
10170,10251
10171,10251
10172,10251
10173,10251
10174,10251
10175,10251
10176,10251
10177,10251
10178,10251
10179,10251
10180,10251
10181,10251
10182,10251
10183,10251
10184,10251
10185,10251
10186,10251
10187,10251
10188,10251
10189,10251
10190,10251
10191,10251
10192,10251
10193,10251
10194,10251
10195,10251
10196,10251
10197,10251
10198,10251
10199,10251
10200,10251
10201,10251
10202,10251
10203,10251
10204,10251
10205,10251
10206,10251
10207,10251
10208,10251
10209,10251
10210,10251
10211,10251
10212,10251
10213,10251
10214,10251
10215,10251
10216,10251
10217,10251
10218,10251
10219,10251
10220,10251
10221,10251
10222,10251
10223,10251
10224,10251
10225,10251
10226,10251
10227,10251
10228,10251
10229,10251
10230,10251
10231,10251
10232,10251
10233,10251
10234,10251
10235,10251
10236,10251
10237,10251
10238,10251
10239,10251
10240,10251
10241,10251
10242,10251
10243,10251
10244,10251
10245,10251
10246,10251
10247,10251
10248,10251
10249,10251
10250,10251
10251,10251
10252,10251
10253,10251
10254,10251
10255,10251
10256,10251
10257,10251
10258,10251
10259,10251
10260,10251
10261,10251
10262,10251
10263,10251
10264,10251
10265,10251
10266,10251
10267,10251
10268,10251
10269,10251
10270,10251
10271,10251
10272,10251
10273,10251
10274,10251
10275,10251
10276,10251
10277,10251
10278,10251
10279,10251
10280,10251
10281,10251
10282,10251
10283,10251
10284,10251
10285,10251
10286,10251
10287,10251
10288,10251
10289,10251
10290,10251
10291,10251
10292,10251
10293,10251
10294,10251
10295,10251
10296,10251
10297,10251
10298,10251
10299,10251
10300,10251
10301,10251
10302,10251
10303,10251
10304,10251
10305,10251
10306,10251
10307,10251
10308,10251
10309,10251
10310,10251
10311,10251
10312,10251
10313,10251
10314,10251
10315,10251
10316,10251
10317,10251
10318,10251
10319,10251
10320,10251
10321,10251
10322,10251
10323,10251
10324,10251
10325,10251
10326,10251
10327,10251
10328,10251
10329,10251
10330,10251
10331,10251
10332,10251
10333,10251
10334,10251
10335,10251
10336,10251
10088,10252
10089,10252
10090,10252
10091,10252
10092,10252
10093,10252
10094,10252
10095,10252
10096,10252
10097,10252
10098,10252
10099,10252
10100,10252
10101,10252
10102,10252
10103,10252
10104,10252
10105,10252
10106,10252
10107,10252
10108,10252
10109,10252
10110,10252
10111,10252
10112,10252
10113,10252
10114,10252
10115,10252
10116,10252
10117,10252
10118,10252
10119,10252
10120,10252
10121,10252
10122,10252
10123,10252
10124,10252
10125,10252
10126,10252
10127,10252
10128,10252
10129,10252
10130,10252
10131,10252
10132,10252
10133,10252
10134,10252
10135,10252
10136,10252
10137,10252
10138,10252
10139,10252
10140,10252
10141,10252
10142,10252
10143,10252
10144,10252
10145,10252
10146,10252
10147,10252
10148,10252
10149,10252
10150,10252
10151,10252
10152,10252
10153,10252
10154,10252
10155,10252
10156,10252
10157,10252
10158,10252
10159,10252
10160,10252
10161,10252
10162,10252
10163,10252
10164,10252
10165,10252
10166,10252
10167,10252
10168,10252
10169,10252
10170,10252
10171,10252
10172,10252
10173,10252
10174,10252
10175,10252
10176,10252
10177,10252
10178,10252
10179,10252
10180,10252
10181,10252
10182,10252
10183,10252
10184,10252
10185,10252
10186,10252
10187,10252
10188,10252
10189,10252
10190,10252
10191,10252
10192,10252
10193,10252
10194,10252
10195,10252
10196,10252
10197,10252
10198,10252
10199,10252
10200,10252
10201,10252
10202,10252
10203,10252
10204,10252
10205,10252
10206,10252
10207,10252
10208,10252
10209,10252
10210,10252
10211,10252
10212,10252
10213,10252
10214,10252
10215,10252
10216,10252
10217,10252
10218,10252
10219,10252
10220,10252
10221,10252
10222,10252
10223,10252
10224,10252
10225,10252
10226,10252
10227,10252
10228,10252
10229,10252
10230,10252
10231,10252
10232,10252
10233,10252
10234,10252
10235,10252
10236,10252
10237,10252
10238,10252
10239,10252
10240,10252
10241,10252
10242,10252
10243,10252
10244,10252
10245,10252
10246,10252
10247,10252
10248,10252
10249,10252
10250,10252
10251,10252
10252,10252
10253,10252
10254,10252
10255,10252
10256,10252
10257,10252
10258,10252
10259,10252
10260,10252
10261,10252
10262,10252
10263,10252
10264,10252
10265,10252
10266,10252
10267,10252
10268,10252
10269,10252
10270,10252
10271,10252
10272,10252
10273,10252
10274,10252
10275,10252
10276,10252
10277,10252
10278,10252
10279,10252
10280,10252
10281,10252
10282,10252
10283,10252
10284,10252
10285,10252
10286,10252
10287,10252
10288,10252
10289,10252
10290,10252
10291,10252
10292,10252
10293,10252
10294,10252
10295,10252
10296,10252
10297,10252
10298,10252
10299,10252
10300,10252
10301,10252
10302,10252
10303,10252
10304,10252
10305,10252
10306,10252
10307,10252
10308,10252
10309,10252
10310,10252
10311,10252
10312,10252
10313,10252
10314,10252
10315,10252
10316,10252
10317,10252
10318,10252
10319,10252
10320,10252
10321,10252
10322,10252
10323,10252
10324,10252
10325,10252
10326,10252
10327,10252
10328,10252
10329,10252
10330,10252
10331,10252
10332,10252
10333,10252
10334,10252
10335,10252
10336,10252
10088,10253
10089,10253
10090,10253
10091,10253
10092,10253
10093,10253
10094,10253
10095,10253
10096,10253
10097,10253
10098,10253
10099,10253
10100,10253
10101,10253
10102,10253
10103,10253
10104,10253
10105,10253
10106,10253
10107,10253
10108,10253
10109,10253
10110,10253
10111,10253
10112,10253
10113,10253
10114,10253
10115,10253
10116,10253
10117,10253
10118,10253
10119,10253
10120,10253
10121,10253
10122,10253
10123,10253
10124,10253
10125,10253
10126,10253
10127,10253
10128,10253
10129,10253
10130,10253
10131,10253
10132,10253
10133,10253
10134,10253
10135,10253
10136,10253
10137,10253
10138,10253
10139,10253
10140,10253
10141,10253
10142,10253
10143,10253
10144,10253
10145,10253
10146,10253
10147,10253
10148,10253
10149,10253
10150,10253
10151,10253
10152,10253
10153,10253
10154,10253
10155,10253
10156,10253
10157,10253
10158,10253
10159,10253
10160,10253
10161,10253
10162,10253
10163,10253
10164,10253
10165,10253
10166,10253
10167,10253
10168,10253
10169,10253
10170,10253
10171,10253
10172,10253
10173,10253
10174,10253
10175,10253
10176,10253
10177,10253
10178,10253
10179,10253
10180,10253
10181,10253
10182,10253
10183,10253
10184,10253
10185,10253
10186,10253
10187,10253
10188,10253
10189,10253
10190,10253
10191,10253
10192,10253
10193,10253
10194,10253
10195,10253
10196,10253
10197,10253
10198,10253
10199,10253
10200,10253
10201,10253
10202,10253
10203,10253
10204,10253
10205,10253
10206,10253
10207,10253
10208,10253
10209,10253
10210,10253
10211,10253
10212,10253
10213,10253
10214,10253
10215,10253
10216,10253
10217,10253
10218,10253
10219,10253
10220,10253
10221,10253
10222,10253
10223,10253
10224,10253
10225,10253
10226,10253
10227,10253
10228,10253
10229,10253
10230,10253
10231,10253
10232,10253
10233,10253
10234,10253
10235,10253
10236,10253
10237,10253
10238,10253
10239,10253
10240,10253
10241,10253
10242,10253
10243,10253
10244,10253
10245,10253
10246,10253
10247,10253
10248,10253
10249,10253
10250,10253
10251,10253
10252,10253
10253,10253
10254,10253
10255,10253
10256,10253
10257,10253
10258,10253
10259,10253
10260,10253
10261,10253
10262,10253
10263,10253
10264,10253
10265,10253
10266,10253
10267,10253
10268,10253
10269,10253
10270,10253
10271,10253
10272,10253
10273,10253
10274,10253
10275,10253
10276,10253
10277,10253
10278,10253
10279,10253
10280,10253
10281,10253
10282,10253
10283,10253
10284,10253
10285,10253
10286,10253
10287,10253
10288,10253
10289,10253
10290,10253
10291,10253
10292,10253
10293,10253
10294,10253
10295,10253
10296,10253
10297,10253
10298,10253
10299,10253
10300,10253
10301,10253
10302,10253
10303,10253
10304,10253
10305,10253
10306,10253
10307,10253
10308,10253
10309,10253
10310,10253
10311,10253
10312,10253
10313,10253
10314,10253
10315,10253
10316,10253
10317,10253
10318,10253
10319,10253
10320,10253
10321,10253
10322,10253
10323,10253
10324,10253
10325,10253
10326,10253
10327,10253
10328,10253
10329,10253
10330,10253
10331,10253
10332,10253
10333,10253
10334,10253
10335,10253
10336,10253
10088,10254
10089,10254
10090,10254
10091,10254
10092,10254
10093,10254
10094,10254
10095,10254
10096,10254
10097,10254
10098,10254
10099,10254
10100,10254
10101,10254
10102,10254
10103,10254
10104,10254
10105,10254
10106,10254
10107,10254
10108,10254
10109,10254
10110,10254
10111,10254
10112,10254
10113,10254
10114,10254
10115,10254
10116,10254
10117,10254
10118,10254
10119,10254
10120,10254
10121,10254
10122,10254
10123,10254
10124,10254
10125,10254
10126,10254
10127,10254
10128,10254
10129,10254
10130,10254
10131,10254
10132,10254
10133,10254
10134,10254
10135,10254
10136,10254
10137,10254
10138,10254
10139,10254
10140,10254
10141,10254
10142,10254
10143,10254
10144,10254
10145,10254
10146,10254
10147,10254
10148,10254
10149,10254
10150,10254
10151,10254
10152,10254
10153,10254
10154,10254
10155,10254
10156,10254
10157,10254
10158,10254
10159,10254
10160,10254
10161,10254
10162,10254
10163,10254
10164,10254
10165,10254
10166,10254
10167,10254
10168,10254
10169,10254
10170,10254
10171,10254
10172,10254
10173,10254
10174,10254
10175,10254
10176,10254
10177,10254
10178,10254
10179,10254
10180,10254
10181,10254
10182,10254
10183,10254
10184,10254
10185,10254
10186,10254
10187,10254
10188,10254
10189,10254
10190,10254
10191,10254
10192,10254
10193,10254
10194,10254
10195,10254
10196,10254
10197,10254
10198,10254
10199,10254
10200,10254
10201,10254
10202,10254
10203,10254
10204,10254
10205,10254
10206,10254
10207,10254
10208,10254
10209,10254
10210,10254
10211,10254
10212,10254
10213,10254
10214,10254
10215,10254
10216,10254
10217,10254
10218,10254
10219,10254
10220,10254
10221,10254
10222,10254
10223,10254
10224,10254
10225,10254
10226,10254
10227,10254
10228,10254
10229,10254
10230,10254
10231,10254
10232,10254
10233,10254
10234,10254
10235,10254
10236,10254
10237,10254
10238,10254
10239,10254
10240,10254
10241,10254
10242,10254
10243,10254
10244,10254
10245,10254
10246,10254
10247,10254
10248,10254
10249,10254
10250,10254
10251,10254
10252,10254
10253,10254
10254,10254
10255,10254
10256,10254
10257,10254
10258,10254
10259,10254
10260,10254
10261,10254
10262,10254
10263,10254
10264,10254
10265,10254
10266,10254
10267,10254
10268,10254
10269,10254
10270,10254
10271,10254
10272,10254
10273,10254
10274,10254
10275,10254
10276,10254
10277,10254
10278,10254
10279,10254
10280,10254
10281,10254
10282,10254
10283,10254
10284,10254
10285,10254
10286,10254
10287,10254
10288,10254
10289,10254
10290,10254
10291,10254
10292,10254
10293,10254
10294,10254
10295,10254
10296,10254
10297,10254
10298,10254
10299,10254
10300,10254
10301,10254
10302,10254
10303,10254
10304,10254
10305,10254
10306,10254
10307,10254
10308,10254
10309,10254
10310,10254
10311,10254
10312,10254
10313,10254
10314,10254
10315,10254
10316,10254
10317,10254
10318,10254
10319,10254
10320,10254
10321,10254
10322,10254
10323,10254
10324,10254
10325,10254
10326,10254
10327,10254
10328,10254
10329,10254
10330,10254
10331,10254
10332,10254
10333,10254
10334,10254
10335,10254
10336,10254
10088,10255
10089,10255
10090,10255
10091,10255
10092,10255
10093,10255
10094,10255
10095,10255
10096,10255
10097,10255
10098,10255
10099,10255
10100,10255
10101,10255
10102,10255
10103,10255
10104,10255
10105,10255
10106,10255
10107,10255
10108,10255
10109,10255
10110,10255
10111,10255
10112,10255
10113,10255
10114,10255
10115,10255
10116,10255
10117,10255
10118,10255
10119,10255
10120,10255
10121,10255
10122,10255
10123,10255
10124,10255
10125,10255
10126,10255
10127,10255
10128,10255
10129,10255
10130,10255
10131,10255
10132,10255
10133,10255
10134,10255
10135,10255
10136,10255
10137,10255
10138,10255
10139,10255
10140,10255
10141,10255
10142,10255
10143,10255
10144,10255
10145,10255
10146,10255
10147,10255
10148,10255
10149,10255
10150,10255
10151,10255
10152,10255
10153,10255
10154,10255
10155,10255
10156,10255
10157,10255
10158,10255
10159,10255
10160,10255
10161,10255
10162,10255
10163,10255
10164,10255
10165,10255
10166,10255
10167,10255
10168,10255
10169,10255
10170,10255
10171,10255
10172,10255
10173,10255
10174,10255
10175,10255
10176,10255
10177,10255
10178,10255
10179,10255
10180,10255
10181,10255
10182,10255
10183,10255
10184,10255
10185,10255
10186,10255
10187,10255
10188,10255
10189,10255
10190,10255
10191,10255
10192,10255
10193,10255
10194,10255
10195,10255
10196,10255
10197,10255
10198,10255
10199,10255
10200,10255
10201,10255
10202,10255
10203,10255
10204,10255
10205,10255
10206,10255
10207,10255
10208,10255
10209,10255
10210,10255
10211,10255
10212,10255
10213,10255
10214,10255
10215,10255
10216,10255
10217,10255
10218,10255
10219,10255
10220,10255
10221,10255
10222,10255
10223,10255
10224,10255
10225,10255
10226,10255
10227,10255
10228,10255
10229,10255
10230,10255
10231,10255
10232,10255
10233,10255
10234,10255
10235,10255
10236,10255
10237,10255
10238,10255
10239,10255
10240,10255
10241,10255
10242,10255
10243,10255
10244,10255
10245,10255
10246,10255
10247,10255
10248,10255
10249,10255
10250,10255
10251,10255
10252,10255
10253,10255
10254,10255
10255,10255
10256,10255
10257,10255
10258,10255
10259,10255
10260,10255
10261,10255
10262,10255
10263,10255
10264,10255
10265,10255
10266,10255
10267,10255
10268,10255
10269,10255
10270,10255
10271,10255
10272,10255
10273,10255
10274,10255
10275,10255
10276,10255
10277,10255
10278,10255
10279,10255
10280,10255
10281,10255
10282,10255
10283,10255
10284,10255
10285,10255
10286,10255
10287,10255
10288,10255
10289,10255
10290,10255
10291,10255
10292,10255
10293,10255
10294,10255
10295,10255
10296,10255
10297,10255
10298,10255
10299,10255
10300,10255
10301,10255
10302,10255
10303,10255
10304,10255
10305,10255
10306,10255
10307,10255
10308,10255
10309,10255
10310,10255
10311,10255
10312,10255
10313,10255
10314,10255
10315,10255
10316,10255
10317,10255
10318,10255
10319,10255
10320,10255
10321,10255
10322,10255
10323,10255
10324,10255
10325,10255
10326,10255
10327,10255
10328,10255
10329,10255
10330,10255
10331,10255
10332,10255
10333,10255
10334,10255
10335,10255
10336,10255
10088,10256
10089,10256
10090,10256
10091,10256
10092,10256
10093,10256
10094,10256
10095,10256
10096,10256
10097,10256
10098,10256
10099,10256
10100,10256
10101,10256
10102,10256
10103,10256
10104,10256
10105,10256
10106,10256
10107,10256
10108,10256
10109,10256
10110,10256
10111,10256
10112,10256
10113,10256
10114,10256
10115,10256
10116,10256
10117,10256
10118,10256
10119,10256
10120,10256
10121,10256
10122,10256
10123,10256
10124,10256
10125,10256
10126,10256
10127,10256
10128,10256
10129,10256
10130,10256
10131,10256
10132,10256
10133,10256
10134,10256
10135,10256
10136,10256
10137,10256
10138,10256
10139,10256
10140,10256
10141,10256
10142,10256
10143,10256
10144,10256
10145,10256
10146,10256
10147,10256
10148,10256
10149,10256
10150,10256
10151,10256
10152,10256
10153,10256
10154,10256
10155,10256
10156,10256
10157,10256
10158,10256
10159,10256
10160,10256
10161,10256
10162,10256
10163,10256
10164,10256
10165,10256
10166,10256
10167,10256
10168,10256
10169,10256
10170,10256
10171,10256
10172,10256
10173,10256
10174,10256
10175,10256
10176,10256
10177,10256
10178,10256
10179,10256
10180,10256
10181,10256
10182,10256
10183,10256
10184,10256
10185,10256
10186,10256
10187,10256
10188,10256
10189,10256
10190,10256
10191,10256
10192,10256
10193,10256
10194,10256
10195,10256
10196,10256
10197,10256
10198,10256
10199,10256
10200,10256
10201,10256
10202,10256
10203,10256
10204,10256
10205,10256
10206,10256
10207,10256
10208,10256
10209,10256
10210,10256
10211,10256
10212,10256
10213,10256
10214,10256
10215,10256
10216,10256
10217,10256
10218,10256
10219,10256
10220,10256
10221,10256
10222,10256
10223,10256
10224,10256
10225,10256
10226,10256
10227,10256
10228,10256
10229,10256
10230,10256
10231,10256
10232,10256
10233,10256
10234,10256
10235,10256
10236,10256
10237,10256
10238,10256
10239,10256
10240,10256
10241,10256
10242,10256
10243,10256
10244,10256
10245,10256
10246,10256
10247,10256
10248,10256
10249,10256
10250,10256
10251,10256
10252,10256
10253,10256
10254,10256
10255,10256
10256,10256
10257,10256
10258,10256
10259,10256
10260,10256
10261,10256
10262,10256
10263,10256
10264,10256
10265,10256
10266,10256
10267,10256
10268,10256
10269,10256
10270,10256
10271,10256
10272,10256
10273,10256
10274,10256
10275,10256
10276,10256
10277,10256
10278,10256
10279,10256
10280,10256
10281,10256
10282,10256
10283,10256
10284,10256
10285,10256
10286,10256
10287,10256
10288,10256
10289,10256
10290,10256
10291,10256
10292,10256
10293,10256
10294,10256
10295,10256
10296,10256
10297,10256
10298,10256
10299,10256
10300,10256
10301,10256
10302,10256
10303,10256
10304,10256
10305,10256
10306,10256
10307,10256
10308,10256
10309,10256
10310,10256
10311,10256
10312,10256
10313,10256
10314,10256
10315,10256
10316,10256
10317,10256
10318,10256
10319,10256
10320,10256
10321,10256
10322,10256
10323,10256
10324,10256
10325,10256
10326,10256
10327,10256
10328,10256
10329,10256
10330,10256
10331,10256
10332,10256
10333,10256
10334,10256
10335,10256
10336,10256
10088,10257
10089,10257
10090,10257
10091,10257
10092,10257
10093,10257
10094,10257
10095,10257
10096,10257
10097,10257
10098,10257
10099,10257
10100,10257
10101,10257
10102,10257
10103,10257
10104,10257
10105,10257
10106,10257
10107,10257
10108,10257
10109,10257
10110,10257
10111,10257
10112,10257
10113,10257
10114,10257
10115,10257
10116,10257
10117,10257
10118,10257
10119,10257
10120,10257
10121,10257
10122,10257
10123,10257
10124,10257
10125,10257
10126,10257
10127,10257
10128,10257
10129,10257
10130,10257
10131,10257
10132,10257
10133,10257
10134,10257
10135,10257
10136,10257
10137,10257
10138,10257
10139,10257
10140,10257
10141,10257
10142,10257
10143,10257
10144,10257
10145,10257
10146,10257
10147,10257
10148,10257
10149,10257
10150,10257
10151,10257
10152,10257
10153,10257
10154,10257
10155,10257
10156,10257
10157,10257
10158,10257
10159,10257
10160,10257
10161,10257
10162,10257
10163,10257
10164,10257
10165,10257
10166,10257
10167,10257
10168,10257
10169,10257
10170,10257
10171,10257
10172,10257
10173,10257
10174,10257
10175,10257
10176,10257
10177,10257
10178,10257
10179,10257
10180,10257
10181,10257
10182,10257
10183,10257
10184,10257
10185,10257
10186,10257
10187,10257
10188,10257
10189,10257
10190,10257
10191,10257
10192,10257
10193,10257
10194,10257
10195,10257
10196,10257
10197,10257
10198,10257
10199,10257
10200,10257
10201,10257
10202,10257
10203,10257
10204,10257
10205,10257
10206,10257
10207,10257
10208,10257
10209,10257
10210,10257
10211,10257
10212,10257
10213,10257
10214,10257
10215,10257
10216,10257
10217,10257
10218,10257
10219,10257
10220,10257
10221,10257
10222,10257
10223,10257
10224,10257
10225,10257
10226,10257
10227,10257
10228,10257
10229,10257
10230,10257
10231,10257
10232,10257
10233,10257
10234,10257
10235,10257
10236,10257
10237,10257
10238,10257
10239,10257
10240,10257
10241,10257
10242,10257
10243,10257
10244,10257
10245,10257
10246,10257
10247,10257
10248,10257
10249,10257
10250,10257
10251,10257
10252,10257
10253,10257
10254,10257
10255,10257
10256,10257
10257,10257
10258,10257
10259,10257
10260,10257
10261,10257
10262,10257
10263,10257
10264,10257
10265,10257
10266,10257
10267,10257
10268,10257
10269,10257
10270,10257
10271,10257
10272,10257
10273,10257
10274,10257
10275,10257
10276,10257
10277,10257
10278,10257
10279,10257
10280,10257
10281,10257
10282,10257
10283,10257
10284,10257
10285,10257
10286,10257
10287,10257
10288,10257
10289,10257
10290,10257
10291,10257
10292,10257
10293,10257
10294,10257
10295,10257
10296,10257
10297,10257
10298,10257
10299,10257
10300,10257
10301,10257
10302,10257
10303,10257
10304,10257
10305,10257
10306,10257
10307,10257
10308,10257
10309,10257
10310,10257
10311,10257
10312,10257
10313,10257
10314,10257
10315,10257
10316,10257
10317,10257
10318,10257
10319,10257
10320,10257
10321,10257
10322,10257
10323,10257
10324,10257
10325,10257
10326,10257
10327,10257
10328,10257
10329,10257
10330,10257
10331,10257
10332,10257
10333,10257
10334,10257
10335,10257
10336,10257
10088,10258
10089,10258
10090,10258
10091,10258
10092,10258
10093,10258
10094,10258
10095,10258
10096,10258
10097,10258
10098,10258
10099,10258
10100,10258
10101,10258
10102,10258
10103,10258
10104,10258
10105,10258
10106,10258
10107,10258
10108,10258
10109,10258
10110,10258
10111,10258
10112,10258
10113,10258
10114,10258
10115,10258
10116,10258
10117,10258
10118,10258
10119,10258
10120,10258
10121,10258
10122,10258
10123,10258
10124,10258
10125,10258
10126,10258
10127,10258
10128,10258
10129,10258
10130,10258
10131,10258
10132,10258
10133,10258
10134,10258
10135,10258
10136,10258
10137,10258
10138,10258
10139,10258
10140,10258
10141,10258
10142,10258
10143,10258
10144,10258
10145,10258
10146,10258
10147,10258
10148,10258
10149,10258
10150,10258
10151,10258
10152,10258
10153,10258
10154,10258
10155,10258
10156,10258
10157,10258
10158,10258
10159,10258
10160,10258
10161,10258
10162,10258
10163,10258
10164,10258
10165,10258
10166,10258
10167,10258
10168,10258
10169,10258
10170,10258
10171,10258
10172,10258
10173,10258
10174,10258
10175,10258
10176,10258
10177,10258
10178,10258
10179,10258
10180,10258
10181,10258
10182,10258
10183,10258
10184,10258
10185,10258
10186,10258
10187,10258
10188,10258
10189,10258
10190,10258
10191,10258
10192,10258
10193,10258
10194,10258
10195,10258
10196,10258
10197,10258
10198,10258
10199,10258
10200,10258
10201,10258
10202,10258
10203,10258
10204,10258
10205,10258
10206,10258
10207,10258
10208,10258
10209,10258
10210,10258
10211,10258
10212,10258
10213,10258
10214,10258
10215,10258
10216,10258
10217,10258
10218,10258
10219,10258
10220,10258
10221,10258
10222,10258
10223,10258
10224,10258
10225,10258
10226,10258
10227,10258
10228,10258
10229,10258
10230,10258
10231,10258
10232,10258
10233,10258
10234,10258
10235,10258
10236,10258
10237,10258
10238,10258
10239,10258
10240,10258
10241,10258
10242,10258
10243,10258
10244,10258
10245,10258
10246,10258
10247,10258
10248,10258
10249,10258
10250,10258
10251,10258
10252,10258
10253,10258
10254,10258
10255,10258
10256,10258
10257,10258
10258,10258
10259,10258
10260,10258
10261,10258
10262,10258
10263,10258
10264,10258
10265,10258
10266,10258
10267,10258
10268,10258
10269,10258
10270,10258
10271,10258
10272,10258
10273,10258
10274,10258
10275,10258
10276,10258
10277,10258
10278,10258
10279,10258
10280,10258
10281,10258
10282,10258
10283,10258
10284,10258
10285,10258
10286,10258
10287,10258
10288,10258
10289,10258
10290,10258
10291,10258
10292,10258
10293,10258
10294,10258
10295,10258
10296,10258
10297,10258
10298,10258
10299,10258
10300,10258
10301,10258
10302,10258
10303,10258
10304,10258
10305,10258
10306,10258
10307,10258
10308,10258
10309,10258
10310,10258
10311,10258
10312,10258
10313,10258
10314,10258
10315,10258
10316,10258
10317,10258
10318,10258
10319,10258
10320,10258
10321,10258
10322,10258
10323,10258
10324,10258
10325,10258
10326,10258
10327,10258
10328,10258
10329,10258
10330,10258
10331,10258
10332,10258
10333,10258
10334,10258
10335,10258
10336,10258
10088,10259
10089,10259
10090,10259
10091,10259
10092,10259
10093,10259
10094,10259
10095,10259
10096,10259
10097,10259
10098,10259
10099,10259
10100,10259
10101,10259
10102,10259
10103,10259
10104,10259
10105,10259
10106,10259
10107,10259
10108,10259
10109,10259
10110,10259
10111,10259
10112,10259
10113,10259
10114,10259
10115,10259
10116,10259
10117,10259
10118,10259
10119,10259
10120,10259
10121,10259
10122,10259
10123,10259
10124,10259
10125,10259
10126,10259
10127,10259
10128,10259
10129,10259
10130,10259
10131,10259
10132,10259
10133,10259
10134,10259
10135,10259
10136,10259
10137,10259
10138,10259
10139,10259
10140,10259
10141,10259
10142,10259
10143,10259
10144,10259
10145,10259
10146,10259
10147,10259
10148,10259
10149,10259
10150,10259
10151,10259
10152,10259
10153,10259
10154,10259
10155,10259
10156,10259
10157,10259
10158,10259
10159,10259
10160,10259
10161,10259
10162,10259
10163,10259
10164,10259
10165,10259
10166,10259
10167,10259
10168,10259
10169,10259
10170,10259
10171,10259
10172,10259
10173,10259
10174,10259
10175,10259
10176,10259
10177,10259
10178,10259
10179,10259
10180,10259
10181,10259
10182,10259
10183,10259
10184,10259
10185,10259
10186,10259
10187,10259
10188,10259
10189,10259
10190,10259
10191,10259
10192,10259
10193,10259
10194,10259
10195,10259
10196,10259
10197,10259
10198,10259
10199,10259
10200,10259
10201,10259
10202,10259
10203,10259
10204,10259
10205,10259
10206,10259
10207,10259
10208,10259
10209,10259
10210,10259
10211,10259
10212,10259
10213,10259
10214,10259
10215,10259
10216,10259
10217,10259
10218,10259
10219,10259
10220,10259
10221,10259
10222,10259
10223,10259
10224,10259
10225,10259
10226,10259
10227,10259
10228,10259
10229,10259
10230,10259
10231,10259
10232,10259
10233,10259
10234,10259
10235,10259
10236,10259
10237,10259
10238,10259
10239,10259
10240,10259
10241,10259
10242,10259
10243,10259
10244,10259
10245,10259
10246,10259
10247,10259
10248,10259
10249,10259
10250,10259
10251,10259
10252,10259
10253,10259
10254,10259
10255,10259
10256,10259
10257,10259
10258,10259
10259,10259
10260,10259
10261,10259
10262,10259
10263,10259
10264,10259
10265,10259
10266,10259
10267,10259
10268,10259
10269,10259
10270,10259
10271,10259
10272,10259
10273,10259
10274,10259
10275,10259
10276,10259
10277,10259
10278,10259
10279,10259
10280,10259
10281,10259
10282,10259
10283,10259
10284,10259
10285,10259
10286,10259
10287,10259
10288,10259
10289,10259
10290,10259
10291,10259
10292,10259
10293,10259
10294,10259
10295,10259
10296,10259
10297,10259
10298,10259
10299,10259
10300,10259
10301,10259
10302,10259
10303,10259
10304,10259
10305,10259
10306,10259
10307,10259
10308,10259
10309,10259
10310,10259
10311,10259
10312,10259
10313,10259
10314,10259
10315,10259
10316,10259
10317,10259
10318,10259
10319,10259
10320,10259
10321,10259
10322,10259
10323,10259
10324,10259
10325,10259
10326,10259
10327,10259
10328,10259
10329,10259
10330,10259
10331,10259
10332,10259
10333,10259
10334,10259
10335,10259
10336,10259
10088,10260
10089,10260
10090,10260
10091,10260
10092,10260
10093,10260
10094,10260
10095,10260
10096,10260
10097,10260
10098,10260
10099,10260
10100,10260
10101,10260
10102,10260
10103,10260
10104,10260
10105,10260
10106,10260
10107,10260
10108,10260
10109,10260
10110,10260
10111,10260
10112,10260
10113,10260
10114,10260
10115,10260
10116,10260
10117,10260
10118,10260
10119,10260
10120,10260
10121,10260
10122,10260
10123,10260
10124,10260
10125,10260
10126,10260
10127,10260
10128,10260
10129,10260
10130,10260
10131,10260
10132,10260
10133,10260
10134,10260
10135,10260
10136,10260
10137,10260
10138,10260
10139,10260
10140,10260
10141,10260
10142,10260
10143,10260
10144,10260
10145,10260
10146,10260
10147,10260
10148,10260
10149,10260
10150,10260
10151,10260
10152,10260
10153,10260
10154,10260
10155,10260
10156,10260
10157,10260
10158,10260
10159,10260
10160,10260
10161,10260
10162,10260
10163,10260
10164,10260
10165,10260
10166,10260
10167,10260
10168,10260
10169,10260
10170,10260
10171,10260
10172,10260
10173,10260
10174,10260
10175,10260
10176,10260
10177,10260
10178,10260
10179,10260
10180,10260
10181,10260
10182,10260
10183,10260
10184,10260
10185,10260
10186,10260
10187,10260
10188,10260
10189,10260
10190,10260
10191,10260
10192,10260
10193,10260
10194,10260
10195,10260
10196,10260
10197,10260
10198,10260
10199,10260
10200,10260
10201,10260
10202,10260
10203,10260
10204,10260
10205,10260
10206,10260
10207,10260
10208,10260
10209,10260
10210,10260
10211,10260
10212,10260
10213,10260
10214,10260
10215,10260
10216,10260
10217,10260
10218,10260
10219,10260
10220,10260
10221,10260
10222,10260
10223,10260
10224,10260
10225,10260
10226,10260
10227,10260
10228,10260
10229,10260
10230,10260
10231,10260
10232,10260
10233,10260
10234,10260
10235,10260
10236,10260
10237,10260
10238,10260
10239,10260
10240,10260
10241,10260
10242,10260
10243,10260
10244,10260
10245,10260
10246,10260
10247,10260
10248,10260
10249,10260
10250,10260
10251,10260
10252,10260
10253,10260
10254,10260
10255,10260
10256,10260
10257,10260
10258,10260
10259,10260
10260,10260
10261,10260
10262,10260
10263,10260
10264,10260
10265,10260
10266,10260
10267,10260
10268,10260
10269,10260
10270,10260
10271,10260
10272,10260
10273,10260
10274,10260
10275,10260
10276,10260
10277,10260
10278,10260
10279,10260
10280,10260
10281,10260
10282,10260
10283,10260
10284,10260
10285,10260
10286,10260
10287,10260
10288,10260
10289,10260
10290,10260
10291,10260
10292,10260
10293,10260
10294,10260
10295,10260
10296,10260
10297,10260
10298,10260
10299,10260
10300,10260
10301,10260
10302,10260
10303,10260
10304,10260
10305,10260
10306,10260
10307,10260
10308,10260
10309,10260
10310,10260
10311,10260
10312,10260
10313,10260
10314,10260
10315,10260
10316,10260
10317,10260
10318,10260
10319,10260
10320,10260
10321,10260
10322,10260
10323,10260
10324,10260
10325,10260
10326,10260
10327,10260
10328,10260
10329,10260
10330,10260
10331,10260
10332,10260
10333,10260
10334,10260
10335,10260
10336,10260
10088,10261
10089,10261
10090,10261
10091,10261
10092,10261
10093,10261
10094,10261
10095,10261
10096,10261
10097,10261
10098,10261
10099,10261
10100,10261
10101,10261
10102,10261
10103,10261
10104,10261
10105,10261
10106,10261
10107,10261
10108,10261
10109,10261
10110,10261
10111,10261
10112,10261
10113,10261
10114,10261
10115,10261
10116,10261
10117,10261
10118,10261
10119,10261
10120,10261
10121,10261
10122,10261
10123,10261
10124,10261
10125,10261
10126,10261
10127,10261
10128,10261
10129,10261
10130,10261
10131,10261
10132,10261
10133,10261
10134,10261
10135,10261
10136,10261
10137,10261
10138,10261
10139,10261
10140,10261
10141,10261
10142,10261
10143,10261
10144,10261
10145,10261
10146,10261
10147,10261
10148,10261
10149,10261
10150,10261
10151,10261
10152,10261
10153,10261
10154,10261
10155,10261
10156,10261
10157,10261
10158,10261
10159,10261
10160,10261
10161,10261
10162,10261
10163,10261
10164,10261
10165,10261
10166,10261
10167,10261
10168,10261
10169,10261
10170,10261
10171,10261
10172,10261
10173,10261
10174,10261
10175,10261
10176,10261
10177,10261
10178,10261
10179,10261
10180,10261
10181,10261
10182,10261
10183,10261
10184,10261
10185,10261
10186,10261
10187,10261
10188,10261
10189,10261
10190,10261
10191,10261
10192,10261
10193,10261
10194,10261
10195,10261
10196,10261
10197,10261
10198,10261
10199,10261
10200,10261
10201,10261
10202,10261
10203,10261
10204,10261
10205,10261
10206,10261
10207,10261
10208,10261
10209,10261
10210,10261
10211,10261
10212,10261
10213,10261
10214,10261
10215,10261
10216,10261
10217,10261
10218,10261
10219,10261
10220,10261
10221,10261
10222,10261
10223,10261
10224,10261
10225,10261
10226,10261
10227,10261
10228,10261
10229,10261
10230,10261
10231,10261
10232,10261
10233,10261
10234,10261
10235,10261
10236,10261
10237,10261
10238,10261
10239,10261
10240,10261
10241,10261
10242,10261
10243,10261
10244,10261
10245,10261
10246,10261
10247,10261
10248,10261
10249,10261
10250,10261
10251,10261
10252,10261
10253,10261
10254,10261
10255,10261
10256,10261
10257,10261
10258,10261
10259,10261
10260,10261
10261,10261
10262,10261
10263,10261
10264,10261
10265,10261
10266,10261
10267,10261
10268,10261
10269,10261
10270,10261
10271,10261
10272,10261
10273,10261
10274,10261
10275,10261
10276,10261
10277,10261
10278,10261
10279,10261
10280,10261
10281,10261
10282,10261
10283,10261
10284,10261
10285,10261
10286,10261
10287,10261
10288,10261
10289,10261
10290,10261
10291,10261
10292,10261
10293,10261
10294,10261
10295,10261
10296,10261
10297,10261
10298,10261
10299,10261
10300,10261
10301,10261
10302,10261
10303,10261
10304,10261
10305,10261
10306,10261
10307,10261
10308,10261
10309,10261
10310,10261
10311,10261
10312,10261
10313,10261
10314,10261
10315,10261
10316,10261
10317,10261
10318,10261
10319,10261
10320,10261
10321,10261
10322,10261
10323,10261
10324,10261
10325,10261
10326,10261
10327,10261
10328,10261
10329,10261
10330,10261
10331,10261
10332,10261
10333,10261
10334,10261
10335,10261
10336,10261
10088,10262
10089,10262
10090,10262
10091,10262
10092,10262
10093,10262
10094,10262
10095,10262
10096,10262
10097,10262
10098,10262
10099,10262
10100,10262
10101,10262
10102,10262
10103,10262
10104,10262
10105,10262
10106,10262
10107,10262
10108,10262
10109,10262
10110,10262
10111,10262
10112,10262
10113,10262
10114,10262
10115,10262
10116,10262
10117,10262
10118,10262
10119,10262
10120,10262
10121,10262
10122,10262
10123,10262
10124,10262
10125,10262
10126,10262
10127,10262
10128,10262
10129,10262
10130,10262
10131,10262
10132,10262
10133,10262
10134,10262
10135,10262
10136,10262
10137,10262
10138,10262
10139,10262
10140,10262
10141,10262
10142,10262
10143,10262
10144,10262
10145,10262
10146,10262
10147,10262
10148,10262
10149,10262
10150,10262
10151,10262
10152,10262
10153,10262
10154,10262
10155,10262
10156,10262
10157,10262
10158,10262
10159,10262
10160,10262
10161,10262
10162,10262
10163,10262
10164,10262
10165,10262
10166,10262
10167,10262
10168,10262
10169,10262
10170,10262
10171,10262
10172,10262
10173,10262
10174,10262
10175,10262
10176,10262
10177,10262
10178,10262
10179,10262
10180,10262
10181,10262
10182,10262
10183,10262
10184,10262
10185,10262
10186,10262
10187,10262
10188,10262
10189,10262
10190,10262
10191,10262
10192,10262
10193,10262
10194,10262
10195,10262
10196,10262
10197,10262
10198,10262
10199,10262
10200,10262
10201,10262
10202,10262
10203,10262
10204,10262
10205,10262
10206,10262
10207,10262
10208,10262
10209,10262
10210,10262
10211,10262
10212,10262
10213,10262
10214,10262
10215,10262
10216,10262
10217,10262
10218,10262
10219,10262
10220,10262
10221,10262
10222,10262
10223,10262
10224,10262
10225,10262
10226,10262
10227,10262
10228,10262
10229,10262
10230,10262
10231,10262
10232,10262
10233,10262
10234,10262
10235,10262
10236,10262
10237,10262
10238,10262
10239,10262
10240,10262
10241,10262
10242,10262
10243,10262
10244,10262
10245,10262
10246,10262
10247,10262
10248,10262
10249,10262
10250,10262
10251,10262
10252,10262
10253,10262
10254,10262
10255,10262
10256,10262
10257,10262
10258,10262
10259,10262
10260,10262
10261,10262
10262,10262
10263,10262
10264,10262
10265,10262
10266,10262
10267,10262
10268,10262
10269,10262
10270,10262
10271,10262
10272,10262
10273,10262
10274,10262
10275,10262
10276,10262
10277,10262
10278,10262
10279,10262
10280,10262
10281,10262
10282,10262
10283,10262
10284,10262
10285,10262
10286,10262
10287,10262
10288,10262
10289,10262
10290,10262
10291,10262
10292,10262
10293,10262
10294,10262
10295,10262
10296,10262
10297,10262
10298,10262
10299,10262
10300,10262
10301,10262
10302,10262
10303,10262
10304,10262
10305,10262
10306,10262
10307,10262
10308,10262
10309,10262
10310,10262
10311,10262
10312,10262
10313,10262
10314,10262
10315,10262
10316,10262
10317,10262
10318,10262
10319,10262
10320,10262
10321,10262
10322,10262
10323,10262
10324,10262
10325,10262
10326,10262
10327,10262
10328,10262
10329,10262
10330,10262
10331,10262
10332,10262
10333,10262
10334,10262
10335,10262
10336,10262
10088,10263
10089,10263
10090,10263
10091,10263
10092,10263
10093,10263
10094,10263
10095,10263
10096,10263
10097,10263
10098,10263
10099,10263
10100,10263
10101,10263
10102,10263
10103,10263
10104,10263
10105,10263
10106,10263
10107,10263
10108,10263
10109,10263
10110,10263
10111,10263
10112,10263
10113,10263
10114,10263
10115,10263
10116,10263
10117,10263
10118,10263
10119,10263
10120,10263
10121,10263
10122,10263
10123,10263
10124,10263
10125,10263
10126,10263
10127,10263
10128,10263
10129,10263
10130,10263
10131,10263
10132,10263
10133,10263
10134,10263
10135,10263
10136,10263
10137,10263
10138,10263
10139,10263
10140,10263
10141,10263
10142,10263
10143,10263
10144,10263
10145,10263
10146,10263
10147,10263
10148,10263
10149,10263
10150,10263
10151,10263
10152,10263
10153,10263
10154,10263
10155,10263
10156,10263
10157,10263
10158,10263
10159,10263
10160,10263
10161,10263
10162,10263
10163,10263
10164,10263
10165,10263
10166,10263
10167,10263
10168,10263
10169,10263
10170,10263
10171,10263
10172,10263
10173,10263
10174,10263
10175,10263
10176,10263
10177,10263
10178,10263
10179,10263
10180,10263
10181,10263
10182,10263
10183,10263
10184,10263
10185,10263
10186,10263
10187,10263
10188,10263
10189,10263
10190,10263
10191,10263
10192,10263
10193,10263
10194,10263
10195,10263
10196,10263
10197,10263
10198,10263
10199,10263
10200,10263
10201,10263
10202,10263
10203,10263
10204,10263
10205,10263
10206,10263
10207,10263
10208,10263
10209,10263
10210,10263
10211,10263
10212,10263
10213,10263
10214,10263
10215,10263
10216,10263
10217,10263
10218,10263
10219,10263
10220,10263
10221,10263
10222,10263
10223,10263
10224,10263
10225,10263
10226,10263
10227,10263
10228,10263
10229,10263
10230,10263
10231,10263
10232,10263
10233,10263
10234,10263
10235,10263
10236,10263
10237,10263
10238,10263
10239,10263
10240,10263
10241,10263
10242,10263
10243,10263
10244,10263
10245,10263
10246,10263
10247,10263
10248,10263
10249,10263
10250,10263
10251,10263
10252,10263
10253,10263
10254,10263
10255,10263
10256,10263
10257,10263
10258,10263
10259,10263
10260,10263
10261,10263
10262,10263
10263,10263
10264,10263
10265,10263
10266,10263
10267,10263
10268,10263
10269,10263
10270,10263
10271,10263
10272,10263
10273,10263
10274,10263
10275,10263
10276,10263
10277,10263
10278,10263
10279,10263
10280,10263
10281,10263
10282,10263
10283,10263
10284,10263
10285,10263
10286,10263
10287,10263
10288,10263
10289,10263
10290,10263
10291,10263
10292,10263
10293,10263
10294,10263
10295,10263
10296,10263
10297,10263
10298,10263
10299,10263
10300,10263
10301,10263
10302,10263
10303,10263
10304,10263
10305,10263
10306,10263
10307,10263
10308,10263
10309,10263
10310,10263
10311,10263
10312,10263
10313,10263
10314,10263
10315,10263
10316,10263
10317,10263
10318,10263
10319,10263
10320,10263
10321,10263
10322,10263
10323,10263
10324,10263
10325,10263
10326,10263
10327,10263
10328,10263
10329,10263
10330,10263
10331,10263
10332,10263
10333,10263
10334,10263
10335,10263
10336,10263
10088,10264
10089,10264
10090,10264
10091,10264
10092,10264
10093,10264
10094,10264
10095,10264
10096,10264
10097,10264
10098,10264
10099,10264
10100,10264
10101,10264
10102,10264
10103,10264
10104,10264
10105,10264
10106,10264
10107,10264
10108,10264
10109,10264
10110,10264
10111,10264
10112,10264
10113,10264
10114,10264
10115,10264
10116,10264
10117,10264
10118,10264
10119,10264
10120,10264
10121,10264
10122,10264
10123,10264
10124,10264
10125,10264
10126,10264
10127,10264
10128,10264
10129,10264
10130,10264
10131,10264
10132,10264
10133,10264
10134,10264
10135,10264
10136,10264
10137,10264
10138,10264
10139,10264
10140,10264
10141,10264
10142,10264
10143,10264
10144,10264
10145,10264
10146,10264
10147,10264
10148,10264
10149,10264
10150,10264
10151,10264
10152,10264
10153,10264
10154,10264
10155,10264
10156,10264
10157,10264
10158,10264
10159,10264
10160,10264
10161,10264
10162,10264
10163,10264
10164,10264
10165,10264
10166,10264
10167,10264
10168,10264
10169,10264
10170,10264
10171,10264
10172,10264
10173,10264
10174,10264
10175,10264
10176,10264
10177,10264
10178,10264
10179,10264
10180,10264
10181,10264
10182,10264
10183,10264
10184,10264
10185,10264
10186,10264
10187,10264
10188,10264
10189,10264
10190,10264
10191,10264
10192,10264
10193,10264
10194,10264
10195,10264
10196,10264
10197,10264
10198,10264
10199,10264
10200,10264
10201,10264
10202,10264
10203,10264
10204,10264
10205,10264
10206,10264
10207,10264
10208,10264
10209,10264
10210,10264
10211,10264
10212,10264
10213,10264
10214,10264
10215,10264
10216,10264
10217,10264
10218,10264
10219,10264
10220,10264
10221,10264
10222,10264
10223,10264
10224,10264
10225,10264
10226,10264
10227,10264
10228,10264
10229,10264
10230,10264
10231,10264
10232,10264
10233,10264
10234,10264
10235,10264
10236,10264
10237,10264
10238,10264
10239,10264
10240,10264
10241,10264
10242,10264
10243,10264
10244,10264
10245,10264
10246,10264
10247,10264
10248,10264
10249,10264
10250,10264
10251,10264
10252,10264
10253,10264
10254,10264
10255,10264
10256,10264
10257,10264
10258,10264
10259,10264
10260,10264
10261,10264
10262,10264
10263,10264
10264,10264
10265,10264
10266,10264
10267,10264
10268,10264
10269,10264
10270,10264
10271,10264
10272,10264
10273,10264
10274,10264
10275,10264
10276,10264
10277,10264
10278,10264
10279,10264
10280,10264
10281,10264
10282,10264
10283,10264
10284,10264
10285,10264
10286,10264
10287,10264
10288,10264
10289,10264
10290,10264
10291,10264
10292,10264
10293,10264
10294,10264
10295,10264
10296,10264
10297,10264
10298,10264
10299,10264
10300,10264
10301,10264
10302,10264
10303,10264
10304,10264
10305,10264
10306,10264
10307,10264
10308,10264
10309,10264
10310,10264
10311,10264
10312,10264
10313,10264
10314,10264
10315,10264
10316,10264
10317,10264
10318,10264
10319,10264
10320,10264
10321,10264
10322,10264
10323,10264
10324,10264
10325,10264
10326,10264
10327,10264
10328,10264
10329,10264
10330,10264
10331,10264
10332,10264
10333,10264
10334,10264
10335,10264
10336,10264
10088,10265
10089,10265
10090,10265
10091,10265
10092,10265
10093,10265
10094,10265
10095,10265
10096,10265
10097,10265
10098,10265
10099,10265
10100,10265
10101,10265
10102,10265
10103,10265
10104,10265
10105,10265
10106,10265
10107,10265
10108,10265
10109,10265
10110,10265
10111,10265
10112,10265
10113,10265
10114,10265
10115,10265
10116,10265
10117,10265
10118,10265
10119,10265
10120,10265
10121,10265
10122,10265
10123,10265
10124,10265
10125,10265
10126,10265
10127,10265
10128,10265
10129,10265
10130,10265
10131,10265
10132,10265
10133,10265
10134,10265
10135,10265
10136,10265
10137,10265
10138,10265
10139,10265
10140,10265
10141,10265
10142,10265
10143,10265
10144,10265
10145,10265
10146,10265
10147,10265
10148,10265
10149,10265
10150,10265
10151,10265
10152,10265
10153,10265
10154,10265
10155,10265
10156,10265
10157,10265
10158,10265
10159,10265
10160,10265
10161,10265
10162,10265
10163,10265
10164,10265
10165,10265
10166,10265
10167,10265
10168,10265
10169,10265
10170,10265
10171,10265
10172,10265
10173,10265
10174,10265
10175,10265
10176,10265
10177,10265
10178,10265
10179,10265
10180,10265
10181,10265
10182,10265
10183,10265
10184,10265
10185,10265
10186,10265
10187,10265
10188,10265
10189,10265
10190,10265
10191,10265
10192,10265
10193,10265
10194,10265
10195,10265
10196,10265
10197,10265
10198,10265
10199,10265
10200,10265
10201,10265
10202,10265
10203,10265
10204,10265
10205,10265
10206,10265
10207,10265
10208,10265
10209,10265
10210,10265
10211,10265
10212,10265
10213,10265
10214,10265
10215,10265
10216,10265
10217,10265
10218,10265
10219,10265
10220,10265
10221,10265
10222,10265
10223,10265
10224,10265
10225,10265
10226,10265
10227,10265
10228,10265
10229,10265
10230,10265
10231,10265
10232,10265
10233,10265
10234,10265
10235,10265
10236,10265
10237,10265
10238,10265
10239,10265
10240,10265
10241,10265
10242,10265
10243,10265
10244,10265
10245,10265
10246,10265
10247,10265
10248,10265
10249,10265
10250,10265
10251,10265
10252,10265
10253,10265
10254,10265
10255,10265
10256,10265
10257,10265
10258,10265
10259,10265
10260,10265
10261,10265
10262,10265
10263,10265
10264,10265
10265,10265
10266,10265
10267,10265
10268,10265
10269,10265
10270,10265
10271,10265
10272,10265
10273,10265
10274,10265
10275,10265
10276,10265
10277,10265
10278,10265
10279,10265
10280,10265
10281,10265
10282,10265
10283,10265
10284,10265
10285,10265
10286,10265
10287,10265
10288,10265
10289,10265
10290,10265
10291,10265
10292,10265
10293,10265
10294,10265
10295,10265
10296,10265
10297,10265
10298,10265
10299,10265
10300,10265
10301,10265
10302,10265
10303,10265
10304,10265
10305,10265
10306,10265
10307,10265
10308,10265
10309,10265
10310,10265
10311,10265
10312,10265
10313,10265
10314,10265
10315,10265
10316,10265
10317,10265
10318,10265
10319,10265
10320,10265
10321,10265
10322,10265
10323,10265
10324,10265
10325,10265
10326,10265
10327,10265
10328,10265
10329,10265
10330,10265
10331,10265
10332,10265
10333,10265
10334,10265
10335,10265
10336,10265
10088,10266
10089,10266
10090,10266
10091,10266
10092,10266
10093,10266
10094,10266
10095,10266
10096,10266
10097,10266
10098,10266
10099,10266
10100,10266
10101,10266
10102,10266
10103,10266
10104,10266
10105,10266
10106,10266
10107,10266
10108,10266
10109,10266
10110,10266
10111,10266
10112,10266
10113,10266
10114,10266
10115,10266
10116,10266
10117,10266
10118,10266
10119,10266
10120,10266
10121,10266
10122,10266
10123,10266
10124,10266
10125,10266
10126,10266
10127,10266
10128,10266
10129,10266
10130,10266
10131,10266
10132,10266
10133,10266
10134,10266
10135,10266
10136,10266
10137,10266
10138,10266
10139,10266
10140,10266
10141,10266
10142,10266
10143,10266
10144,10266
10145,10266
10146,10266
10147,10266
10148,10266
10149,10266
10150,10266
10151,10266
10152,10266
10153,10266
10154,10266
10155,10266
10156,10266
10157,10266
10158,10266
10159,10266
10160,10266
10161,10266
10162,10266
10163,10266
10164,10266
10165,10266
10166,10266
10167,10266
10168,10266
10169,10266
10170,10266
10171,10266
10172,10266
10173,10266
10174,10266
10175,10266
10176,10266
10177,10266
10178,10266
10179,10266
10180,10266
10181,10266
10182,10266
10183,10266
10184,10266
10185,10266
10186,10266
10187,10266
10188,10266
10189,10266
10190,10266
10191,10266
10192,10266
10193,10266
10194,10266
10195,10266
10196,10266
10197,10266
10198,10266
10199,10266
10200,10266
10201,10266
10202,10266
10203,10266
10204,10266
10205,10266
10206,10266
10207,10266
10208,10266
10209,10266
10210,10266
10211,10266
10212,10266
10213,10266
10214,10266
10215,10266
10216,10266
10217,10266
10218,10266
10219,10266
10220,10266
10221,10266
10222,10266
10223,10266
10224,10266
10225,10266
10226,10266
10227,10266
10228,10266
10229,10266
10230,10266
10231,10266
10232,10266
10233,10266
10234,10266
10235,10266
10236,10266
10237,10266
10238,10266
10239,10266
10240,10266
10241,10266
10242,10266
10243,10266
10244,10266
10245,10266
10246,10266
10247,10266
10248,10266
10249,10266
10250,10266
10251,10266
10252,10266
10253,10266
10254,10266
10255,10266
10256,10266
10257,10266
10258,10266
10259,10266
10260,10266
10261,10266
10262,10266
10263,10266
10264,10266
10265,10266
10266,10266
10267,10266
10268,10266
10269,10266
10270,10266
10271,10266
10272,10266
10273,10266
10274,10266
10275,10266
10276,10266
10277,10266
10278,10266
10279,10266
10280,10266
10281,10266
10282,10266
10283,10266
10284,10266
10285,10266
10286,10266
10287,10266
10288,10266
10289,10266
10290,10266
10291,10266
10292,10266
10293,10266
10294,10266
10295,10266
10296,10266
10297,10266
10298,10266
10299,10266
10300,10266
10301,10266
10302,10266
10303,10266
10304,10266
10305,10266
10306,10266
10307,10266
10308,10266
10309,10266
10310,10266
10311,10266
10312,10266
10313,10266
10314,10266
10315,10266
10316,10266
10317,10266
10318,10266
10319,10266
10320,10266
10321,10266
10322,10266
10323,10266
10324,10266
10325,10266
10326,10266
10327,10266
10328,10266
10329,10266
10330,10266
10331,10266
10332,10266
10333,10266
10334,10266
10335,10266
10336,10266
10088,10267
10089,10267
10090,10267
10091,10267
10092,10267
10093,10267
10094,10267
10095,10267
10096,10267
10097,10267
10098,10267
10099,10267
10100,10267
10101,10267
10102,10267
10103,10267
10104,10267
10105,10267
10106,10267
10107,10267
10108,10267
10109,10267
10110,10267
10111,10267
10112,10267
10113,10267
10114,10267
10115,10267
10116,10267
10117,10267
10118,10267
10119,10267
10120,10267
10121,10267
10122,10267
10123,10267
10124,10267
10125,10267
10126,10267
10127,10267
10128,10267
10129,10267
10130,10267
10131,10267
10132,10267
10133,10267
10134,10267
10135,10267
10136,10267
10137,10267
10138,10267
10139,10267
10140,10267
10141,10267
10142,10267
10143,10267
10144,10267
10145,10267
10146,10267
10147,10267
10148,10267
10149,10267
10150,10267
10151,10267
10152,10267
10153,10267
10154,10267
10155,10267
10156,10267
10157,10267
10158,10267
10159,10267
10160,10267
10161,10267
10162,10267
10163,10267
10164,10267
10165,10267
10166,10267
10167,10267
10168,10267
10169,10267
10170,10267
10171,10267
10172,10267
10173,10267
10174,10267
10175,10267
10176,10267
10177,10267
10178,10267
10179,10267
10180,10267
10181,10267
10182,10267
10183,10267
10184,10267
10185,10267
10186,10267
10187,10267
10188,10267
10189,10267
10190,10267
10191,10267
10192,10267
10193,10267
10194,10267
10195,10267
10196,10267
10197,10267
10198,10267
10199,10267
10200,10267
10201,10267
10202,10267
10203,10267
10204,10267
10205,10267
10206,10267
10207,10267
10208,10267
10209,10267
10210,10267
10211,10267
10212,10267
10213,10267
10214,10267
10215,10267
10216,10267
10217,10267
10218,10267
10219,10267
10220,10267
10221,10267
10222,10267
10223,10267
10224,10267
10225,10267
10226,10267
10227,10267
10228,10267
10229,10267
10230,10267
10231,10267
10232,10267
10233,10267
10234,10267
10235,10267
10236,10267
10237,10267
10238,10267
10239,10267
10240,10267
10241,10267
10242,10267
10243,10267
10244,10267
10245,10267
10246,10267
10247,10267
10248,10267
10249,10267
10250,10267
10251,10267
10252,10267
10253,10267
10254,10267
10255,10267
10256,10267
10257,10267
10258,10267
10259,10267
10260,10267
10261,10267
10262,10267
10263,10267
10264,10267
10265,10267
10266,10267
10267,10267
10268,10267
10269,10267
10270,10267
10271,10267
10272,10267
10273,10267
10274,10267
10275,10267
10276,10267
10277,10267
10278,10267
10279,10267
10280,10267
10281,10267
10282,10267
10283,10267
10284,10267
10285,10267
10286,10267
10287,10267
10288,10267
10289,10267
10290,10267
10291,10267
10292,10267
10293,10267
10294,10267
10295,10267
10296,10267
10297,10267
10298,10267
10299,10267
10300,10267
10301,10267
10302,10267
10303,10267
10304,10267
10305,10267
10306,10267
10307,10267
10308,10267
10309,10267
10310,10267
10311,10267
10312,10267
10313,10267
10314,10267
10315,10267
10316,10267
10317,10267
10318,10267
10319,10267
10320,10267
10321,10267
10322,10267
10323,10267
10324,10267
10325,10267
10326,10267
10327,10267
10328,10267
10329,10267
10330,10267
10331,10267
10332,10267
10333,10267
10334,10267
10335,10267
10336,10267
10088,10268
10089,10268
10090,10268
10091,10268
10092,10268
10093,10268
10094,10268
10095,10268
10096,10268
10097,10268
10098,10268
10099,10268
10100,10268
10101,10268
10102,10268
10103,10268
10104,10268
10105,10268
10106,10268
10107,10268
10108,10268
10109,10268
10110,10268
10111,10268
10112,10268
10113,10268
10114,10268
10115,10268
10116,10268
10117,10268
10118,10268
10119,10268
10120,10268
10121,10268
10122,10268
10123,10268
10124,10268
10125,10268
10126,10268
10127,10268
10128,10268
10129,10268
10130,10268
10131,10268
10132,10268
10133,10268
10134,10268
10135,10268
10136,10268
10137,10268
10138,10268
10139,10268
10140,10268
10141,10268
10142,10268
10143,10268
10144,10268
10145,10268
10146,10268
10147,10268
10148,10268
10149,10268
10150,10268
10151,10268
10152,10268
10153,10268
10154,10268
10155,10268
10156,10268
10157,10268
10158,10268
10159,10268
10160,10268
10161,10268
10162,10268
10163,10268
10164,10268
10165,10268
10166,10268
10167,10268
10168,10268
10169,10268
10170,10268
10171,10268
10172,10268
10173,10268
10174,10268
10175,10268
10176,10268
10177,10268
10178,10268
10179,10268
10180,10268
10181,10268
10182,10268
10183,10268
10184,10268
10185,10268
10186,10268
10187,10268
10188,10268
10189,10268
10190,10268
10191,10268
10192,10268
10193,10268
10194,10268
10195,10268
10196,10268
10197,10268
10198,10268
10199,10268
10200,10268
10201,10268
10202,10268
10203,10268
10204,10268
10205,10268
10206,10268
10207,10268
10208,10268
10209,10268
10210,10268
10211,10268
10212,10268
10213,10268
10214,10268
10215,10268
10216,10268
10217,10268
10218,10268
10219,10268
10220,10268
10221,10268
10222,10268
10223,10268
10224,10268
10225,10268
10226,10268
10227,10268
10228,10268
10229,10268
10230,10268
10231,10268
10232,10268
10233,10268
10234,10268
10235,10268
10236,10268
10237,10268
10238,10268
10239,10268
10240,10268
10241,10268
10242,10268
10243,10268
10244,10268
10245,10268
10246,10268
10247,10268
10248,10268
10249,10268
10250,10268
10251,10268
10252,10268
10253,10268
10254,10268
10255,10268
10256,10268
10257,10268
10258,10268
10259,10268
10260,10268
10261,10268
10262,10268
10263,10268
10264,10268
10265,10268
10266,10268
10267,10268
10268,10268
10269,10268
10270,10268
10271,10268
10272,10268
10273,10268
10274,10268
10275,10268
10276,10268
10277,10268
10278,10268
10279,10268
10280,10268
10281,10268
10282,10268
10283,10268
10284,10268
10285,10268
10286,10268
10287,10268
10288,10268
10289,10268
10290,10268
10291,10268
10292,10268
10293,10268
10294,10268
10295,10268
10296,10268
10297,10268
10298,10268
10299,10268
10300,10268
10301,10268
10302,10268
10303,10268
10304,10268
10305,10268
10306,10268
10307,10268
10308,10268
10309,10268
10310,10268
10311,10268
10312,10268
10313,10268
10314,10268
10315,10268
10316,10268
10317,10268
10318,10268
10319,10268
10320,10268
10321,10268
10322,10268
10323,10268
10324,10268
10325,10268
10326,10268
10327,10268
10328,10268
10329,10268
10330,10268
10331,10268
10332,10268
10333,10268
10334,10268
10335,10268
10336,10268
10088,10269
10089,10269
10090,10269
10091,10269
10092,10269
10093,10269
10094,10269
10095,10269
10096,10269
10097,10269
10098,10269
10099,10269
10100,10269
10101,10269
10102,10269
10103,10269
10104,10269
10105,10269
10106,10269
10107,10269
10108,10269
10109,10269
10110,10269
10111,10269
10112,10269
10113,10269
10114,10269
10115,10269
10116,10269
10117,10269
10118,10269
10119,10269
10120,10269
10121,10269
10122,10269
10123,10269
10124,10269
10125,10269
10126,10269
10127,10269
10128,10269
10129,10269
10130,10269
10131,10269
10132,10269
10133,10269
10134,10269
10135,10269
10136,10269
10137,10269
10138,10269
10139,10269
10140,10269
10141,10269
10142,10269
10143,10269
10144,10269
10145,10269
10146,10269
10147,10269
10148,10269
10149,10269
10150,10269
10151,10269
10152,10269
10153,10269
10154,10269
10155,10269
10156,10269
10157,10269
10158,10269
10159,10269
10160,10269
10161,10269
10162,10269
10163,10269
10164,10269
10165,10269
10166,10269
10167,10269
10168,10269
10169,10269
10170,10269
10171,10269
10172,10269
10173,10269
10174,10269
10175,10269
10176,10269
10177,10269
10178,10269
10179,10269
10180,10269
10181,10269
10182,10269
10183,10269
10184,10269
10185,10269
10186,10269
10187,10269
10188,10269
10189,10269
10190,10269
10191,10269
10192,10269
10193,10269
10194,10269
10195,10269
10196,10269
10197,10269
10198,10269
10199,10269
10200,10269
10201,10269
10202,10269
10203,10269
10204,10269
10205,10269
10206,10269
10207,10269
10208,10269
10209,10269
10210,10269
10211,10269
10212,10269
10213,10269
10214,10269
10215,10269
10216,10269
10217,10269
10218,10269
10219,10269
10220,10269
10221,10269
10222,10269
10223,10269
10224,10269
10225,10269
10226,10269
10227,10269
10228,10269
10229,10269
10230,10269
10231,10269
10232,10269
10233,10269
10234,10269
10235,10269
10236,10269
10237,10269
10238,10269
10239,10269
10240,10269
10241,10269
10242,10269
10243,10269
10244,10269
10245,10269
10246,10269
10247,10269
10248,10269
10249,10269
10250,10269
10251,10269
10252,10269
10253,10269
10254,10269
10255,10269
10256,10269
10257,10269
10258,10269
10259,10269
10260,10269
10261,10269
10262,10269
10263,10269
10264,10269
10265,10269
10266,10269
10267,10269
10268,10269
10269,10269
10270,10269
10271,10269
10272,10269
10273,10269
10274,10269
10275,10269
10276,10269
10277,10269
10278,10269
10279,10269
10280,10269
10281,10269
10282,10269
10283,10269
10284,10269
10285,10269
10286,10269
10287,10269
10288,10269
10289,10269
10290,10269
10291,10269
10292,10269
10293,10269
10294,10269
10295,10269
10296,10269
10297,10269
10298,10269
10299,10269
10300,10269
10301,10269
10302,10269
10303,10269
10304,10269
10305,10269
10306,10269
10307,10269
10308,10269
10309,10269
10310,10269
10311,10269
10312,10269
10313,10269
10314,10269
10315,10269
10316,10269
10317,10269
10318,10269
10319,10269
10320,10269
10321,10269
10322,10269
10323,10269
10324,10269
10325,10269
10326,10269
10327,10269
10328,10269
10329,10269
10330,10269
10331,10269
10332,10269
10333,10269
10334,10269
10335,10269
10336,10269
10088,10270
10089,10270
10090,10270
10091,10270
10092,10270
10093,10270
10094,10270
10095,10270
10096,10270
10097,10270
10098,10270
10099,10270
10100,10270
10101,10270
10102,10270
10103,10270
10104,10270
10105,10270
10106,10270
10107,10270
10108,10270
10109,10270
10110,10270
10111,10270
10112,10270
10113,10270
10114,10270
10115,10270
10116,10270
10117,10270
10118,10270
10119,10270
10120,10270
10121,10270
10122,10270
10123,10270
10124,10270
10125,10270
10126,10270
10127,10270
10128,10270
10129,10270
10130,10270
10131,10270
10132,10270
10133,10270
10134,10270
10135,10270
10136,10270
10137,10270
10138,10270
10139,10270
10140,10270
10141,10270
10142,10270
10143,10270
10144,10270
10145,10270
10146,10270
10147,10270
10148,10270
10149,10270
10150,10270
10151,10270
10152,10270
10153,10270
10154,10270
10155,10270
10156,10270
10157,10270
10158,10270
10159,10270
10160,10270
10161,10270
10162,10270
10163,10270
10164,10270
10165,10270
10166,10270
10167,10270
10168,10270
10169,10270
10170,10270
10171,10270
10172,10270
10173,10270
10174,10270
10175,10270
10176,10270
10177,10270
10178,10270
10179,10270
10180,10270
10181,10270
10182,10270
10183,10270
10184,10270
10185,10270
10186,10270
10187,10270
10188,10270
10189,10270
10190,10270
10191,10270
10192,10270
10193,10270
10194,10270
10195,10270
10196,10270
10197,10270
10198,10270
10199,10270
10200,10270
10201,10270
10202,10270
10203,10270
10204,10270
10205,10270
10206,10270
10207,10270
10208,10270
10209,10270
10210,10270
10211,10270
10212,10270
10213,10270
10214,10270
10215,10270
10216,10270
10217,10270
10218,10270
10219,10270
10220,10270
10221,10270
10222,10270
10223,10270
10224,10270
10225,10270
10226,10270
10227,10270
10228,10270
10229,10270
10230,10270
10231,10270
10232,10270
10233,10270
10234,10270
10235,10270
10236,10270
10237,10270
10238,10270
10239,10270
10240,10270
10241,10270
10242,10270
10243,10270
10244,10270
10245,10270
10246,10270
10247,10270
10248,10270
10249,10270
10250,10270
10251,10270
10252,10270
10253,10270
10254,10270
10255,10270
10256,10270
10257,10270
10258,10270
10259,10270
10260,10270
10261,10270
10262,10270
10263,10270
10264,10270
10265,10270
10266,10270
10267,10270
10268,10270
10269,10270
10270,10270
10271,10270
10272,10270
10273,10270
10274,10270
10275,10270
10276,10270
10277,10270
10278,10270
10279,10270
10280,10270
10281,10270
10282,10270
10283,10270
10284,10270
10285,10270
10286,10270
10287,10270
10288,10270
10289,10270
10290,10270
10291,10270
10292,10270
10293,10270
10294,10270
10295,10270
10296,10270
10297,10270
10298,10270
10299,10270
10300,10270
10301,10270
10302,10270
10303,10270
10304,10270
10305,10270
10306,10270
10307,10270
10308,10270
10309,10270
10310,10270
10311,10270
10312,10270
10313,10270
10314,10270
10315,10270
10316,10270
10317,10270
10318,10270
10319,10270
10320,10270
10321,10270
10322,10270
10323,10270
10324,10270
10325,10270
10326,10270
10327,10270
10328,10270
10329,10270
10330,10270
10331,10270
10332,10270
10333,10270
10334,10270
10335,10270
10336,10270
10088,10271
10089,10271
10090,10271
10091,10271
10092,10271
10093,10271
10094,10271
10095,10271
10096,10271
10097,10271
10098,10271
10099,10271
10100,10271
10101,10271
10102,10271
10103,10271
10104,10271
10105,10271
10106,10271
10107,10271
10108,10271
10109,10271
10110,10271
10111,10271
10112,10271
10113,10271
10114,10271
10115,10271
10116,10271
10117,10271
10118,10271
10119,10271
10120,10271
10121,10271
10122,10271
10123,10271
10124,10271
10125,10271
10126,10271
10127,10271
10128,10271
10129,10271
10130,10271
10131,10271
10132,10271
10133,10271
10134,10271
10135,10271
10136,10271
10137,10271
10138,10271
10139,10271
10140,10271
10141,10271
10142,10271
10143,10271
10144,10271
10145,10271
10146,10271
10147,10271
10148,10271
10149,10271
10150,10271
10151,10271
10152,10271
10153,10271
10154,10271
10155,10271
10156,10271
10157,10271
10158,10271
10159,10271
10160,10271
10161,10271
10162,10271
10163,10271
10164,10271
10165,10271
10166,10271
10167,10271
10168,10271
10169,10271
10170,10271
10171,10271
10172,10271
10173,10271
10174,10271
10175,10271
10176,10271
10177,10271
10178,10271
10179,10271
10180,10271
10181,10271
10182,10271
10183,10271
10184,10271
10185,10271
10186,10271
10187,10271
10188,10271
10189,10271
10190,10271
10191,10271
10192,10271
10193,10271
10194,10271
10195,10271
10196,10271
10197,10271
10198,10271
10199,10271
10200,10271
10201,10271
10202,10271
10203,10271
10204,10271
10205,10271
10206,10271
10207,10271
10208,10271
10209,10271
10210,10271
10211,10271
10212,10271
10213,10271
10214,10271
10215,10271
10216,10271
10217,10271
10218,10271
10219,10271
10220,10271
10221,10271
10222,10271
10223,10271
10224,10271
10225,10271
10226,10271
10227,10271
10228,10271
10229,10271
10230,10271
10231,10271
10232,10271
10233,10271
10234,10271
10235,10271
10236,10271
10237,10271
10238,10271
10239,10271
10240,10271
10241,10271
10242,10271
10243,10271
10244,10271
10245,10271
10246,10271
10247,10271
10248,10271
10249,10271
10250,10271
10251,10271
10252,10271
10253,10271
10254,10271
10255,10271
10256,10271
10257,10271
10258,10271
10259,10271
10260,10271
10261,10271
10262,10271
10263,10271
10264,10271
10265,10271
10266,10271
10267,10271
10268,10271
10269,10271
10270,10271
10271,10271
10272,10271
10273,10271
10274,10271
10275,10271
10276,10271
10277,10271
10278,10271
10279,10271
10280,10271
10281,10271
10282,10271
10283,10271
10284,10271
10285,10271
10286,10271
10287,10271
10288,10271
10289,10271
10290,10271
10291,10271
10292,10271
10293,10271
10294,10271
10295,10271
10296,10271
10297,10271
10298,10271
10299,10271
10300,10271
10301,10271
10302,10271
10303,10271
10304,10271
10305,10271
10306,10271
10307,10271
10308,10271
10309,10271
10310,10271
10311,10271
10312,10271
10313,10271
10314,10271
10315,10271
10316,10271
10317,10271
10318,10271
10319,10271
10320,10271
10321,10271
10322,10271
10323,10271
10324,10271
10325,10271
10326,10271
10327,10271
10328,10271
10329,10271
10330,10271
10331,10271
10332,10271
10333,10271
10334,10271
10335,10271
10336,10271
10088,10272
10089,10272
10090,10272
10091,10272
10092,10272
10093,10272
10094,10272
10095,10272
10096,10272
10097,10272
10098,10272
10099,10272
10100,10272
10101,10272
10102,10272
10103,10272
10104,10272
10105,10272
10106,10272
10107,10272
10108,10272
10109,10272
10110,10272
10111,10272
10112,10272
10113,10272
10114,10272
10115,10272
10116,10272
10117,10272
10118,10272
10119,10272
10120,10272
10121,10272
10122,10272
10123,10272
10124,10272
10125,10272
10126,10272
10127,10272
10128,10272
10129,10272
10130,10272
10131,10272
10132,10272
10133,10272
10134,10272
10135,10272
10136,10272
10137,10272
10138,10272
10139,10272
10140,10272
10141,10272
10142,10272
10143,10272
10144,10272
10145,10272
10146,10272
10147,10272
10148,10272
10149,10272
10150,10272
10151,10272
10152,10272
10153,10272
10154,10272
10155,10272
10156,10272
10157,10272
10158,10272
10159,10272
10160,10272
10161,10272
10162,10272
10163,10272
10164,10272
10165,10272
10166,10272
10167,10272
10168,10272
10169,10272
10170,10272
10171,10272
10172,10272
10173,10272
10174,10272
10175,10272
10176,10272
10177,10272
10178,10272
10179,10272
10180,10272
10181,10272
10182,10272
10183,10272
10184,10272
10185,10272
10186,10272
10187,10272
10188,10272
10189,10272
10190,10272
10191,10272
10192,10272
10193,10272
10194,10272
10195,10272
10196,10272
10197,10272
10198,10272
10199,10272
10200,10272
10201,10272
10202,10272
10203,10272
10204,10272
10205,10272
10206,10272
10207,10272
10208,10272
10209,10272
10210,10272
10211,10272
10212,10272
10213,10272
10214,10272
10215,10272
10216,10272
10217,10272
10218,10272
10219,10272
10220,10272
10221,10272
10222,10272
10223,10272
10224,10272
10225,10272
10226,10272
10227,10272
10228,10272
10229,10272
10230,10272
10231,10272
10232,10272
10233,10272
10234,10272
10235,10272
10236,10272
10237,10272
10238,10272
10239,10272
10240,10272
10241,10272
10242,10272
10243,10272
10244,10272
10245,10272
10246,10272
10247,10272
10248,10272
10249,10272
10250,10272
10251,10272
10252,10272
10253,10272
10254,10272
10255,10272
10256,10272
10257,10272
10258,10272
10259,10272
10260,10272
10261,10272
10262,10272
10263,10272
10264,10272
10265,10272
10266,10272
10267,10272
10268,10272
10269,10272
10270,10272
10271,10272
10272,10272
10273,10272
10274,10272
10275,10272
10276,10272
10277,10272
10278,10272
10279,10272
10280,10272
10281,10272
10282,10272
10283,10272
10284,10272
10285,10272
10286,10272
10287,10272
10288,10272
10289,10272
10290,10272
10291,10272
10292,10272
10293,10272
10294,10272
10295,10272
10296,10272
10297,10272
10298,10272
10299,10272
10300,10272
10301,10272
10302,10272
10303,10272
10304,10272
10305,10272
10306,10272
10307,10272
10308,10272
10309,10272
10310,10272
10311,10272
10312,10272
10313,10272
10314,10272
10315,10272
10316,10272
10317,10272
10318,10272
10319,10272
10320,10272
10321,10272
10322,10272
10323,10272
10324,10272
10325,10272
10326,10272
10327,10272
10328,10272
10329,10272
10330,10272
10331,10272
10332,10272
10333,10272
10334,10272
10335,10272
10336,10272
10088,10273
10089,10273
10090,10273
10091,10273
10092,10273
10093,10273
10094,10273
10095,10273
10096,10273
10097,10273
10098,10273
10099,10273
10100,10273
10101,10273
10102,10273
10103,10273
10104,10273
10105,10273
10106,10273
10107,10273
10108,10273
10109,10273
10110,10273
10111,10273
10112,10273
10113,10273
10114,10273
10115,10273
10116,10273
10117,10273
10118,10273
10119,10273
10120,10273
10121,10273
10122,10273
10123,10273
10124,10273
10125,10273
10126,10273
10127,10273
10128,10273
10129,10273
10130,10273
10131,10273
10132,10273
10133,10273
10134,10273
10135,10273
10136,10273
10137,10273
10138,10273
10139,10273
10140,10273
10141,10273
10142,10273
10143,10273
10144,10273
10145,10273
10146,10273
10147,10273
10148,10273
10149,10273
10150,10273
10151,10273
10152,10273
10153,10273
10154,10273
10155,10273
10156,10273
10157,10273
10158,10273
10159,10273
10160,10273
10161,10273
10162,10273
10163,10273
10164,10273
10165,10273
10166,10273
10167,10273
10168,10273
10169,10273
10170,10273
10171,10273
10172,10273
10173,10273
10174,10273
10175,10273
10176,10273
10177,10273
10178,10273
10179,10273
10180,10273
10181,10273
10182,10273
10183,10273
10184,10273
10185,10273
10186,10273
10187,10273
10188,10273
10189,10273
10190,10273
10191,10273
10192,10273
10193,10273
10194,10273
10195,10273
10196,10273
10197,10273
10198,10273
10199,10273
10200,10273
10201,10273
10202,10273
10203,10273
10204,10273
10205,10273
10206,10273
10207,10273
10208,10273
10209,10273
10210,10273
10211,10273
10212,10273
10213,10273
10214,10273
10215,10273
10216,10273
10217,10273
10218,10273
10219,10273
10220,10273
10221,10273
10222,10273
10223,10273
10224,10273
10225,10273
10226,10273
10227,10273
10228,10273
10229,10273
10230,10273
10231,10273
10232,10273
10233,10273
10234,10273
10235,10273
10236,10273
10237,10273
10238,10273
10239,10273
10240,10273
10241,10273
10242,10273
10243,10273
10244,10273
10245,10273
10246,10273
10247,10273
10248,10273
10249,10273
10250,10273
10251,10273
10252,10273
10253,10273
10254,10273
10255,10273
10256,10273
10257,10273
10258,10273
10259,10273
10260,10273
10261,10273
10262,10273
10263,10273
10264,10273
10265,10273
10266,10273
10267,10273
10268,10273
10269,10273
10270,10273
10271,10273
10272,10273
10273,10273
10274,10273
10275,10273
10276,10273
10277,10273
10278,10273
10279,10273
10280,10273
10281,10273
10282,10273
10283,10273
10284,10273
10285,10273
10286,10273
10287,10273
10288,10273
10289,10273
10290,10273
10291,10273
10292,10273
10293,10273
10294,10273
10295,10273
10296,10273
10297,10273
10298,10273
10299,10273
10300,10273
10301,10273
10302,10273
10303,10273
10304,10273
10305,10273
10306,10273
10307,10273
10308,10273
10309,10273
10310,10273
10311,10273
10312,10273
10313,10273
10314,10273
10315,10273
10316,10273
10317,10273
10318,10273
10319,10273
10320,10273
10321,10273
10322,10273
10323,10273
10324,10273
10325,10273
10326,10273
10327,10273
10328,10273
10329,10273
10330,10273
10331,10273
10332,10273
10333,10273
10334,10273
10335,10273
10336,10273
10088,10274
10089,10274
10090,10274
10091,10274
10092,10274
10093,10274
10094,10274
10095,10274
10096,10274
10097,10274
10098,10274
10099,10274
10100,10274
10101,10274
10102,10274
10103,10274
10104,10274
10105,10274
10106,10274
10107,10274
10108,10274
10109,10274
10110,10274
10111,10274
10112,10274
10113,10274
10114,10274
10115,10274
10116,10274
10117,10274
10118,10274
10119,10274
10120,10274
10121,10274
10122,10274
10123,10274
10124,10274
10125,10274
10126,10274
10127,10274
10128,10274
10129,10274
10130,10274
10131,10274
10132,10274
10133,10274
10134,10274
10135,10274
10136,10274
10137,10274
10138,10274
10139,10274
10140,10274
10141,10274
10142,10274
10143,10274
10144,10274
10145,10274
10146,10274
10147,10274
10148,10274
10149,10274
10150,10274
10151,10274
10152,10274
10153,10274
10154,10274
10155,10274
10156,10274
10157,10274
10158,10274
10159,10274
10160,10274
10161,10274
10162,10274
10163,10274
10164,10274
10165,10274
10166,10274
10167,10274
10168,10274
10169,10274
10170,10274
10171,10274
10172,10274
10173,10274
10174,10274
10175,10274
10176,10274
10177,10274
10178,10274
10179,10274
10180,10274
10181,10274
10182,10274
10183,10274
10184,10274
10185,10274
10186,10274
10187,10274
10188,10274
10189,10274
10190,10274
10191,10274
10192,10274
10193,10274
10194,10274
10195,10274
10196,10274
10197,10274
10198,10274
10199,10274
10200,10274
10201,10274
10202,10274
10203,10274
10204,10274
10205,10274
10206,10274
10207,10274
10208,10274
10209,10274
10210,10274
10211,10274
10212,10274
10213,10274
10214,10274
10215,10274
10216,10274
10217,10274
10218,10274
10219,10274
10220,10274
10221,10274
10222,10274
10223,10274
10224,10274
10225,10274
10226,10274
10227,10274
10228,10274
10229,10274
10230,10274
10231,10274
10232,10274
10233,10274
10234,10274
10235,10274
10236,10274
10237,10274
10238,10274
10239,10274
10240,10274
10241,10274
10242,10274
10243,10274
10244,10274
10245,10274
10246,10274
10247,10274
10248,10274
10249,10274
10250,10274
10251,10274
10252,10274
10253,10274
10254,10274
10255,10274
10256,10274
10257,10274
10258,10274
10259,10274
10260,10274
10261,10274
10262,10274
10263,10274
10264,10274
10265,10274
10266,10274
10267,10274
10268,10274
10269,10274
10270,10274
10271,10274
10272,10274
10273,10274
10274,10274
10275,10274
10276,10274
10277,10274
10278,10274
10279,10274
10280,10274
10281,10274
10282,10274
10283,10274
10284,10274
10285,10274
10286,10274
10287,10274
10288,10274
10289,10274
10290,10274
10291,10274
10292,10274
10293,10274
10294,10274
10295,10274
10296,10274
10297,10274
10298,10274
10299,10274
10300,10274
10301,10274
10302,10274
10303,10274
10304,10274
10305,10274
10306,10274
10307,10274
10308,10274
10309,10274
10310,10274
10311,10274
10312,10274
10313,10274
10314,10274
10315,10274
10316,10274
10317,10274
10318,10274
10319,10274
10320,10274
10321,10274
10322,10274
10323,10274
10324,10274
10325,10274
10326,10274
10327,10274
10328,10274
10329,10274
10330,10274
10331,10274
10332,10274
10333,10274
10334,10274
10335,10274
10336,10274
10088,10275
10089,10275
10090,10275
10091,10275
10092,10275
10093,10275
10094,10275
10095,10275
10096,10275
10097,10275
10098,10275
10099,10275
10100,10275
10101,10275
10102,10275
10103,10275
10104,10275
10105,10275
10106,10275
10107,10275
10108,10275
10109,10275
10110,10275
10111,10275
10112,10275
10113,10275
10114,10275
10115,10275
10116,10275
10117,10275
10118,10275
10119,10275
10120,10275
10121,10275
10122,10275
10123,10275
10124,10275
10125,10275
10126,10275
10127,10275
10128,10275
10129,10275
10130,10275
10131,10275
10132,10275
10133,10275
10134,10275
10135,10275
10136,10275
10137,10275
10138,10275
10139,10275
10140,10275
10141,10275
10142,10275
10143,10275
10144,10275
10145,10275
10146,10275
10147,10275
10148,10275
10149,10275
10150,10275
10151,10275
10152,10275
10153,10275
10154,10275
10155,10275
10156,10275
10157,10275
10158,10275
10159,10275
10160,10275
10161,10275
10162,10275
10163,10275
10164,10275
10165,10275
10166,10275
10167,10275
10168,10275
10169,10275
10170,10275
10171,10275
10172,10275
10173,10275
10174,10275
10175,10275
10176,10275
10177,10275
10178,10275
10179,10275
10180,10275
10181,10275
10182,10275
10183,10275
10184,10275
10185,10275
10186,10275
10187,10275
10188,10275
10189,10275
10190,10275
10191,10275
10192,10275
10193,10275
10194,10275
10195,10275
10196,10275
10197,10275
10198,10275
10199,10275
10200,10275
10201,10275
10202,10275
10203,10275
10204,10275
10205,10275
10206,10275
10207,10275
10208,10275
10209,10275
10210,10275
10211,10275
10212,10275
10213,10275
10214,10275
10215,10275
10216,10275
10217,10275
10218,10275
10219,10275
10220,10275
10221,10275
10222,10275
10223,10275
10224,10275
10225,10275
10226,10275
10227,10275
10228,10275
10229,10275
10230,10275
10231,10275
10232,10275
10233,10275
10234,10275
10235,10275
10236,10275
10237,10275
10238,10275
10239,10275
10240,10275
10241,10275
10242,10275
10243,10275
10244,10275
10245,10275
10246,10275
10247,10275
10248,10275
10249,10275
10250,10275
10251,10275
10252,10275
10253,10275
10254,10275
10255,10275
10256,10275
10257,10275
10258,10275
10259,10275
10260,10275
10261,10275
10262,10275
10263,10275
10264,10275
10265,10275
10266,10275
10267,10275
10268,10275
10269,10275
10270,10275
10271,10275
10272,10275
10273,10275
10274,10275
10275,10275
10276,10275
10277,10275
10278,10275
10279,10275
10280,10275
10281,10275
10282,10275
10283,10275
10284,10275
10285,10275
10286,10275
10287,10275
10288,10275
10289,10275
10290,10275
10291,10275
10292,10275
10293,10275
10294,10275
10295,10275
10296,10275
10297,10275
10298,10275
10299,10275
10300,10275
10301,10275
10302,10275
10303,10275
10304,10275
10305,10275
10306,10275
10307,10275
10308,10275
10309,10275
10310,10275
10311,10275
10312,10275
10313,10275
10314,10275
10315,10275
10316,10275
10317,10275
10318,10275
10319,10275
10320,10275
10321,10275
10322,10275
10323,10275
10324,10275
10325,10275
10326,10275
10327,10275
10328,10275
10329,10275
10330,10275
10331,10275
10332,10275
10333,10275
10334,10275
10335,10275
10336,10275
10088,10276
10089,10276
10090,10276
10091,10276
10092,10276
10093,10276
10094,10276
10095,10276
10096,10276
10097,10276
10098,10276
10099,10276
10100,10276
10101,10276
10102,10276
10103,10276
10104,10276
10105,10276
10106,10276
10107,10276
10108,10276
10109,10276
10110,10276
10111,10276
10112,10276
10113,10276
10114,10276
10115,10276
10116,10276
10117,10276
10118,10276
10119,10276
10120,10276
10121,10276
10122,10276
10123,10276
10124,10276
10125,10276
10126,10276
10127,10276
10128,10276
10129,10276
10130,10276
10131,10276
10132,10276
10133,10276
10134,10276
10135,10276
10136,10276
10137,10276
10138,10276
10139,10276
10140,10276
10141,10276
10142,10276
10143,10276
10144,10276
10145,10276
10146,10276
10147,10276
10148,10276
10149,10276
10150,10276
10151,10276
10152,10276
10153,10276
10154,10276
10155,10276
10156,10276
10157,10276
10158,10276
10159,10276
10160,10276
10161,10276
10162,10276
10163,10276
10164,10276
10165,10276
10166,10276
10167,10276
10168,10276
10169,10276
10170,10276
10171,10276
10172,10276
10173,10276
10174,10276
10175,10276
10176,10276
10177,10276
10178,10276
10179,10276
10180,10276
10181,10276
10182,10276
10183,10276
10184,10276
10185,10276
10186,10276
10187,10276
10188,10276
10189,10276
10190,10276
10191,10276
10192,10276
10193,10276
10194,10276
10195,10276
10196,10276
10197,10276
10198,10276
10199,10276
10200,10276
10201,10276
10202,10276
10203,10276
10204,10276
10205,10276
10206,10276
10207,10276
10208,10276
10209,10276
10210,10276
10211,10276
10212,10276
10213,10276
10214,10276
10215,10276
10216,10276
10217,10276
10218,10276
10219,10276
10220,10276
10221,10276
10222,10276
10223,10276
10224,10276
10225,10276
10226,10276
10227,10276
10228,10276
10229,10276
10230,10276
10231,10276
10232,10276
10233,10276
10234,10276
10235,10276
10236,10276
10237,10276
10238,10276
10239,10276
10240,10276
10241,10276
10242,10276
10243,10276
10244,10276
10245,10276
10246,10276
10247,10276
10248,10276
10249,10276
10250,10276
10251,10276
10252,10276
10253,10276
10254,10276
10255,10276
10256,10276
10257,10276
10258,10276
10259,10276
10260,10276
10261,10276
10262,10276
10263,10276
10264,10276
10265,10276
10266,10276
10267,10276
10268,10276
10269,10276
10270,10276
10271,10276
10272,10276
10273,10276
10274,10276
10275,10276
10276,10276
10277,10276
10278,10276
10279,10276
10280,10276
10281,10276
10282,10276
10283,10276
10284,10276
10285,10276
10286,10276
10287,10276
10288,10276
10289,10276
10290,10276
10291,10276
10292,10276
10293,10276
10294,10276
10295,10276
10296,10276
10297,10276
10298,10276
10299,10276
10300,10276
10301,10276
10302,10276
10303,10276
10304,10276
10305,10276
10306,10276
10307,10276
10308,10276
10309,10276
10310,10276
10311,10276
10312,10276
10313,10276
10314,10276
10315,10276
10316,10276
10317,10276
10318,10276
10319,10276
10320,10276
10321,10276
10322,10276
10323,10276
10324,10276
10325,10276
10326,10276
10327,10276
10328,10276
10329,10276
10330,10276
10331,10276
10332,10276
10333,10276
10334,10276
10335,10276
10336,10276
10088,10277
10089,10277
10090,10277
10091,10277
10092,10277
10093,10277
10094,10277
10095,10277
10096,10277
10097,10277
10098,10277
10099,10277
10100,10277
10101,10277
10102,10277
10103,10277
10104,10277
10105,10277
10106,10277
10107,10277
10108,10277
10109,10277
10110,10277
10111,10277
10112,10277
10113,10277
10114,10277
10115,10277
10116,10277
10117,10277
10118,10277
10119,10277
10120,10277
10121,10277
10122,10277
10123,10277
10124,10277
10125,10277
10126,10277
10127,10277
10128,10277
10129,10277
10130,10277
10131,10277
10132,10277
10133,10277
10134,10277
10135,10277
10136,10277
10137,10277
10138,10277
10139,10277
10140,10277
10141,10277
10142,10277
10143,10277
10144,10277
10145,10277
10146,10277
10147,10277
10148,10277
10149,10277
10150,10277
10151,10277
10152,10277
10153,10277
10154,10277
10155,10277
10156,10277
10157,10277
10158,10277
10159,10277
10160,10277
10161,10277
10162,10277
10163,10277
10164,10277
10165,10277
10166,10277
10167,10277
10168,10277
10169,10277
10170,10277
10171,10277
10172,10277
10173,10277
10174,10277
10175,10277
10176,10277
10177,10277
10178,10277
10179,10277
10180,10277
10181,10277
10182,10277
10183,10277
10184,10277
10185,10277
10186,10277
10187,10277
10188,10277
10189,10277
10190,10277
10191,10277
10192,10277
10193,10277
10194,10277
10195,10277
10196,10277
10197,10277
10198,10277
10199,10277
10200,10277
10201,10277
10202,10277
10203,10277
10204,10277
10205,10277
10206,10277
10207,10277
10208,10277
10209,10277
10210,10277
10211,10277
10212,10277
10213,10277
10214,10277
10215,10277
10216,10277
10217,10277
10218,10277
10219,10277
10220,10277
10221,10277
10222,10277
10223,10277
10224,10277
10225,10277
10226,10277
10227,10277
10228,10277
10229,10277
10230,10277
10231,10277
10232,10277
10233,10277
10234,10277
10235,10277
10236,10277
10237,10277
10238,10277
10239,10277
10240,10277
10241,10277
10242,10277
10243,10277
10244,10277
10245,10277
10246,10277
10247,10277
10248,10277
10249,10277
10250,10277
10251,10277
10252,10277
10253,10277
10254,10277
10255,10277
10256,10277
10257,10277
10258,10277
10259,10277
10260,10277
10261,10277
10262,10277
10263,10277
10264,10277
10265,10277
10266,10277
10267,10277
10268,10277
10269,10277
10270,10277
10271,10277
10272,10277
10273,10277
10274,10277
10275,10277
10276,10277
10277,10277
10278,10277
10279,10277
10280,10277
10281,10277
10282,10277
10283,10277
10284,10277
10285,10277
10286,10277
10287,10277
10288,10277
10289,10277
10290,10277
10291,10277
10292,10277
10293,10277
10294,10277
10295,10277
10296,10277
10297,10277
10298,10277
10299,10277
10300,10277
10301,10277
10302,10277
10303,10277
10304,10277
10305,10277
10306,10277
10307,10277
10308,10277
10309,10277
10310,10277
10311,10277
10312,10277
10313,10277
10314,10277
10315,10277
10316,10277
10317,10277
10318,10277
10319,10277
10320,10277
10321,10277
10322,10277
10323,10277
10324,10277
10325,10277
10326,10277
10327,10277
10328,10277
10329,10277
10330,10277
10331,10277
10332,10277
10333,10277
10334,10277
10335,10277
10336,10277
10088,10278
10089,10278
10090,10278
10091,10278
10092,10278
10093,10278
10094,10278
10095,10278
10096,10278
10097,10278
10098,10278
10099,10278
10100,10278
10101,10278
10102,10278
10103,10278
10104,10278
10105,10278
10106,10278
10107,10278
10108,10278
10109,10278
10110,10278
10111,10278
10112,10278
10113,10278
10114,10278
10115,10278
10116,10278
10117,10278
10118,10278
10119,10278
10120,10278
10121,10278
10122,10278
10123,10278
10124,10278
10125,10278
10126,10278
10127,10278
10128,10278
10129,10278
10130,10278
10131,10278
10132,10278
10133,10278
10134,10278
10135,10278
10136,10278
10137,10278
10138,10278
10139,10278
10140,10278
10141,10278
10142,10278
10143,10278
10144,10278
10145,10278
10146,10278
10147,10278
10148,10278
10149,10278
10150,10278
10151,10278
10152,10278
10153,10278
10154,10278
10155,10278
10156,10278
10157,10278
10158,10278
10159,10278
10160,10278
10161,10278
10162,10278
10163,10278
10164,10278
10165,10278
10166,10278
10167,10278
10168,10278
10169,10278
10170,10278
10171,10278
10172,10278
10173,10278
10174,10278
10175,10278
10176,10278
10177,10278
10178,10278
10179,10278
10180,10278
10181,10278
10182,10278
10183,10278
10184,10278
10185,10278
10186,10278
10187,10278
10188,10278
10189,10278
10190,10278
10191,10278
10192,10278
10193,10278
10194,10278
10195,10278
10196,10278
10197,10278
10198,10278
10199,10278
10200,10278
10201,10278
10202,10278
10203,10278
10204,10278
10205,10278
10206,10278
10207,10278
10208,10278
10209,10278
10210,10278
10211,10278
10212,10278
10213,10278
10214,10278
10215,10278
10216,10278
10217,10278
10218,10278
10219,10278
10220,10278
10221,10278
10222,10278
10223,10278
10224,10278
10225,10278
10226,10278
10227,10278
10228,10278
10229,10278
10230,10278
10231,10278
10232,10278
10233,10278
10234,10278
10235,10278
10236,10278
10237,10278
10238,10278
10239,10278
10240,10278
10241,10278
10242,10278
10243,10278
10244,10278
10245,10278
10246,10278
10247,10278
10248,10278
10249,10278
10250,10278
10251,10278
10252,10278
10253,10278
10254,10278
10255,10278
10256,10278
10257,10278
10258,10278
10259,10278
10260,10278
10261,10278
10262,10278
10263,10278
10264,10278
10265,10278
10266,10278
10267,10278
10268,10278
10269,10278
10270,10278
10271,10278
10272,10278
10273,10278
10274,10278
10275,10278
10276,10278
10277,10278
10278,10278
10279,10278
10280,10278
10281,10278
10282,10278
10283,10278
10284,10278
10285,10278
10286,10278
10287,10278
10288,10278
10289,10278
10290,10278
10291,10278
10292,10278
10293,10278
10294,10278
10295,10278
10296,10278
10297,10278
10298,10278
10299,10278
10300,10278
10301,10278
10302,10278
10303,10278
10304,10278
10305,10278
10306,10278
10307,10278
10308,10278
10309,10278
10310,10278
10311,10278
10312,10278
10313,10278
10314,10278
10315,10278
10316,10278
10317,10278
10318,10278
10319,10278
10320,10278
10321,10278
10322,10278
10323,10278
10324,10278
10325,10278
10326,10278
10327,10278
10328,10278
10329,10278
10330,10278
10331,10278
10332,10278
10333,10278
10334,10278
10335,10278
10336,10278
10088,10279
10089,10279
10090,10279
10091,10279
10092,10279
10093,10279
10094,10279
10095,10279
10096,10279
10097,10279
10098,10279
10099,10279
10100,10279
10101,10279
10102,10279
10103,10279
10104,10279
10105,10279
10106,10279
10107,10279
10108,10279
10109,10279
10110,10279
10111,10279
10112,10279
10113,10279
10114,10279
10115,10279
10116,10279
10117,10279
10118,10279
10119,10279
10120,10279
10121,10279
10122,10279
10123,10279
10124,10279
10125,10279
10126,10279
10127,10279
10128,10279
10129,10279
10130,10279
10131,10279
10132,10279
10133,10279
10134,10279
10135,10279
10136,10279
10137,10279
10138,10279
10139,10279
10140,10279
10141,10279
10142,10279
10143,10279
10144,10279
10145,10279
10146,10279
10147,10279
10148,10279
10149,10279
10150,10279
10151,10279
10152,10279
10153,10279
10154,10279
10155,10279
10156,10279
10157,10279
10158,10279
10159,10279
10160,10279
10161,10279
10162,10279
10163,10279
10164,10279
10165,10279
10166,10279
10167,10279
10168,10279
10169,10279
10170,10279
10171,10279
10172,10279
10173,10279
10174,10279
10175,10279
10176,10279
10177,10279
10178,10279
10179,10279
10180,10279
10181,10279
10182,10279
10183,10279
10184,10279
10185,10279
10186,10279
10187,10279
10188,10279
10189,10279
10190,10279
10191,10279
10192,10279
10193,10279
10194,10279
10195,10279
10196,10279
10197,10279
10198,10279
10199,10279
10200,10279
10201,10279
10202,10279
10203,10279
10204,10279
10205,10279
10206,10279
10207,10279
10208,10279
10209,10279
10210,10279
10211,10279
10212,10279
10213,10279
10214,10279
10215,10279
10216,10279
10217,10279
10218,10279
10219,10279
10220,10279
10221,10279
10222,10279
10223,10279
10224,10279
10225,10279
10226,10279
10227,10279
10228,10279
10229,10279
10230,10279
10231,10279
10232,10279
10233,10279
10234,10279
10235,10279
10236,10279
10237,10279
10238,10279
10239,10279
10240,10279
10241,10279
10242,10279
10243,10279
10244,10279
10245,10279
10246,10279
10247,10279
10248,10279
10249,10279
10250,10279
10251,10279
10252,10279
10253,10279
10254,10279
10255,10279
10256,10279
10257,10279
10258,10279
10259,10279
10260,10279
10261,10279
10262,10279
10263,10279
10264,10279
10265,10279
10266,10279
10267,10279
10268,10279
10269,10279
10270,10279
10271,10279
10272,10279
10273,10279
10274,10279
10275,10279
10276,10279
10277,10279
10278,10279
10279,10279
10280,10279
10281,10279
10282,10279
10283,10279
10284,10279
10285,10279
10286,10279
10287,10279
10288,10279
10289,10279
10290,10279
10291,10279
10292,10279
10293,10279
10294,10279
10295,10279
10296,10279
10297,10279
10298,10279
10299,10279
10300,10279
10301,10279
10302,10279
10303,10279
10304,10279
10305,10279
10306,10279
10307,10279
10308,10279
10309,10279
10310,10279
10311,10279
10312,10279
10313,10279
10314,10279
10315,10279
10316,10279
10317,10279
10318,10279
10319,10279
10320,10279
10321,10279
10322,10279
10323,10279
10324,10279
10325,10279
10326,10279
10327,10279
10328,10279
10329,10279
10330,10279
10331,10279
10332,10279
10333,10279
10334,10279
10335,10279
10336,10279
10088,10280
10089,10280
10090,10280
10091,10280
10092,10280
10093,10280
10094,10280
10095,10280
10096,10280
10097,10280
10098,10280
10099,10280
10100,10280
10101,10280
10102,10280
10103,10280
10104,10280
10105,10280
10106,10280
10107,10280
10108,10280
10109,10280
10110,10280
10111,10280
10112,10280
10113,10280
10114,10280
10115,10280
10116,10280
10117,10280
10118,10280
10119,10280
10120,10280
10121,10280
10122,10280
10123,10280
10124,10280
10125,10280
10126,10280
10127,10280
10128,10280
10129,10280
10130,10280
10131,10280
10132,10280
10133,10280
10134,10280
10135,10280
10136,10280
10137,10280
10138,10280
10139,10280
10140,10280
10141,10280
10142,10280
10143,10280
10144,10280
10145,10280
10146,10280
10147,10280
10148,10280
10149,10280
10150,10280
10151,10280
10152,10280
10153,10280
10154,10280
10155,10280
10156,10280
10157,10280
10158,10280
10159,10280
10160,10280
10161,10280
10162,10280
10163,10280
10164,10280
10165,10280
10166,10280
10167,10280
10168,10280
10169,10280
10170,10280
10171,10280
10172,10280
10173,10280
10174,10280
10175,10280
10176,10280
10177,10280
10178,10280
10179,10280
10180,10280
10181,10280
10182,10280
10183,10280
10184,10280
10185,10280
10186,10280
10187,10280
10188,10280
10189,10280
10190,10280
10191,10280
10192,10280
10193,10280
10194,10280
10195,10280
10196,10280
10197,10280
10198,10280
10199,10280
10200,10280
10201,10280
10202,10280
10203,10280
10204,10280
10205,10280
10206,10280
10207,10280
10208,10280
10209,10280
10210,10280
10211,10280
10212,10280
10213,10280
10214,10280
10215,10280
10216,10280
10217,10280
10218,10280
10219,10280
10220,10280
10221,10280
10222,10280
10223,10280
10224,10280
10225,10280
10226,10280
10227,10280
10228,10280
10229,10280
10230,10280
10231,10280
10232,10280
10233,10280
10234,10280
10235,10280
10236,10280
10237,10280
10238,10280
10239,10280
10240,10280
10241,10280
10242,10280
10243,10280
10244,10280
10245,10280
10246,10280
10247,10280
10248,10280
10249,10280
10250,10280
10251,10280
10252,10280
10253,10280
10254,10280
10255,10280
10256,10280
10257,10280
10258,10280
10259,10280
10260,10280
10261,10280
10262,10280
10263,10280
10264,10280
10265,10280
10266,10280
10267,10280
10268,10280
10269,10280
10270,10280
10271,10280
10272,10280
10273,10280
10274,10280
10275,10280
10276,10280
10277,10280
10278,10280
10279,10280
10280,10280
10281,10280
10282,10280
10283,10280
10284,10280
10285,10280
10286,10280
10287,10280
10288,10280
10289,10280
10290,10280
10291,10280
10292,10280
10293,10280
10294,10280
10295,10280
10296,10280
10297,10280
10298,10280
10299,10280
10300,10280
10301,10280
10302,10280
10303,10280
10304,10280
10305,10280
10306,10280
10307,10280
10308,10280
10309,10280
10310,10280
10311,10280
10312,10280
10313,10280
10314,10280
10315,10280
10316,10280
10317,10280
10318,10280
10319,10280
10320,10280
10321,10280
10322,10280
10323,10280
10324,10280
10325,10280
10326,10280
10327,10280
10328,10280
10329,10280
10330,10280
10331,10280
10332,10280
10333,10280
10334,10280
10335,10280
10336,10280
10088,10281
10089,10281
10090,10281
10091,10281
10092,10281
10093,10281
10094,10281
10095,10281
10096,10281
10097,10281
10098,10281
10099,10281
10100,10281
10101,10281
10102,10281
10103,10281
10104,10281
10105,10281
10106,10281
10107,10281
10108,10281
10109,10281
10110,10281
10111,10281
10112,10281
10113,10281
10114,10281
10115,10281
10116,10281
10117,10281
10118,10281
10119,10281
10120,10281
10121,10281
10122,10281
10123,10281
10124,10281
10125,10281
10126,10281
10127,10281
10128,10281
10129,10281
10130,10281
10131,10281
10132,10281
10133,10281
10134,10281
10135,10281
10136,10281
10137,10281
10138,10281
10139,10281
10140,10281
10141,10281
10142,10281
10143,10281
10144,10281
10145,10281
10146,10281
10147,10281
10148,10281
10149,10281
10150,10281
10151,10281
10152,10281
10153,10281
10154,10281
10155,10281
10156,10281
10157,10281
10158,10281
10159,10281
10160,10281
10161,10281
10162,10281
10163,10281
10164,10281
10165,10281
10166,10281
10167,10281
10168,10281
10169,10281
10170,10281
10171,10281
10172,10281
10173,10281
10174,10281
10175,10281
10176,10281
10177,10281
10178,10281
10179,10281
10180,10281
10181,10281
10182,10281
10183,10281
10184,10281
10185,10281
10186,10281
10187,10281
10188,10281
10189,10281
10190,10281
10191,10281
10192,10281
10193,10281
10194,10281
10195,10281
10196,10281
10197,10281
10198,10281
10199,10281
10200,10281
10201,10281
10202,10281
10203,10281
10204,10281
10205,10281
10206,10281
10207,10281
10208,10281
10209,10281
10210,10281
10211,10281
10212,10281
10213,10281
10214,10281
10215,10281
10216,10281
10217,10281
10218,10281
10219,10281
10220,10281
10221,10281
10222,10281
10223,10281
10224,10281
10225,10281
10226,10281
10227,10281
10228,10281
10229,10281
10230,10281
10231,10281
10232,10281
10233,10281
10234,10281
10235,10281
10236,10281
10237,10281
10238,10281
10239,10281
10240,10281
10241,10281
10242,10281
10243,10281
10244,10281
10245,10281
10246,10281
10247,10281
10248,10281
10249,10281
10250,10281
10251,10281
10252,10281
10253,10281
10254,10281
10255,10281
10256,10281
10257,10281
10258,10281
10259,10281
10260,10281
10261,10281
10262,10281
10263,10281
10264,10281
10265,10281
10266,10281
10267,10281
10268,10281
10269,10281
10270,10281
10271,10281
10272,10281
10273,10281
10274,10281
10275,10281
10276,10281
10277,10281
10278,10281
10279,10281
10280,10281
10281,10281
10282,10281
10283,10281
10284,10281
10285,10281
10286,10281
10287,10281
10288,10281
10289,10281
10290,10281
10291,10281
10292,10281
10293,10281
10294,10281
10295,10281
10296,10281
10297,10281
10298,10281
10299,10281
10300,10281
10301,10281
10302,10281
10303,10281
10304,10281
10305,10281
10306,10281
10307,10281
10308,10281
10309,10281
10310,10281
10311,10281
10312,10281
10313,10281
10314,10281
10315,10281
10316,10281
10317,10281
10318,10281
10319,10281
10320,10281
10321,10281
10322,10281
10323,10281
10324,10281
10325,10281
10326,10281
10327,10281
10328,10281
10329,10281
10330,10281
10331,10281
10332,10281
10333,10281
10334,10281
10335,10281
10336,10281
10088,10282
10089,10282
10090,10282
10091,10282
10092,10282
10093,10282
10094,10282
10095,10282
10096,10282
10097,10282
10098,10282
10099,10282
10100,10282
10101,10282
10102,10282
10103,10282
10104,10282
10105,10282
10106,10282
10107,10282
10108,10282
10109,10282
10110,10282
10111,10282
10112,10282
10113,10282
10114,10282
10115,10282
10116,10282
10117,10282
10118,10282
10119,10282
10120,10282
10121,10282
10122,10282
10123,10282
10124,10282
10125,10282
10126,10282
10127,10282
10128,10282
10129,10282
10130,10282
10131,10282
10132,10282
10133,10282
10134,10282
10135,10282
10136,10282
10137,10282
10138,10282
10139,10282
10140,10282
10141,10282
10142,10282
10143,10282
10144,10282
10145,10282
10146,10282
10147,10282
10148,10282
10149,10282
10150,10282
10151,10282
10152,10282
10153,10282
10154,10282
10155,10282
10156,10282
10157,10282
10158,10282
10159,10282
10160,10282
10161,10282
10162,10282
10163,10282
10164,10282
10165,10282
10166,10282
10167,10282
10168,10282
10169,10282
10170,10282
10171,10282
10172,10282
10173,10282
10174,10282
10175,10282
10176,10282
10177,10282
10178,10282
10179,10282
10180,10282
10181,10282
10182,10282
10183,10282
10184,10282
10185,10282
10186,10282
10187,10282
10188,10282
10189,10282
10190,10282
10191,10282
10192,10282
10193,10282
10194,10282
10195,10282
10196,10282
10197,10282
10198,10282
10199,10282
10200,10282
10201,10282
10202,10282
10203,10282
10204,10282
10205,10282
10206,10282
10207,10282
10208,10282
10209,10282
10210,10282
10211,10282
10212,10282
10213,10282
10214,10282
10215,10282
10216,10282
10217,10282
10218,10282
10219,10282
10220,10282
10221,10282
10222,10282
10223,10282
10224,10282
10225,10282
10226,10282
10227,10282
10228,10282
10229,10282
10230,10282
10231,10282
10232,10282
10233,10282
10234,10282
10235,10282
10236,10282
10237,10282
10238,10282
10239,10282
10240,10282
10241,10282
10242,10282
10243,10282
10244,10282
10245,10282
10246,10282
10247,10282
10248,10282
10249,10282
10250,10282
10251,10282
10252,10282
10253,10282
10254,10282
10255,10282
10256,10282
10257,10282
10258,10282
10259,10282
10260,10282
10261,10282
10262,10282
10263,10282
10264,10282
10265,10282
10266,10282
10267,10282
10268,10282
10269,10282
10270,10282
10271,10282
10272,10282
10273,10282
10274,10282
10275,10282
10276,10282
10277,10282
10278,10282
10279,10282
10280,10282
10281,10282
10282,10282
10283,10282
10284,10282
10285,10282
10286,10282
10287,10282
10288,10282
10289,10282
10290,10282
10291,10282
10292,10282
10293,10282
10294,10282
10295,10282
10296,10282
10297,10282
10298,10282
10299,10282
10300,10282
10301,10282
10302,10282
10303,10282
10304,10282
10305,10282
10306,10282
10307,10282
10308,10282
10309,10282
10310,10282
10311,10282
10312,10282
10313,10282
10314,10282
10315,10282
10316,10282
10317,10282
10318,10282
10319,10282
10320,10282
10321,10282
10322,10282
10323,10282
10324,10282
10325,10282
10326,10282
10327,10282
10328,10282
10329,10282
10330,10282
10331,10282
10332,10282
10333,10282
10334,10282
10335,10282
10336,10282
10088,10283
10089,10283
10090,10283
10091,10283
10092,10283
10093,10283
10094,10283
10095,10283
10096,10283
10097,10283
10098,10283
10099,10283
10100,10283
10101,10283
10102,10283
10103,10283
10104,10283
10105,10283
10106,10283
10107,10283
10108,10283
10109,10283
10110,10283
10111,10283
10112,10283
10113,10283
10114,10283
10115,10283
10116,10283
10117,10283
10118,10283
10119,10283
10120,10283
10121,10283
10122,10283
10123,10283
10124,10283
10125,10283
10126,10283
10127,10283
10128,10283
10129,10283
10130,10283
10131,10283
10132,10283
10133,10283
10134,10283
10135,10283
10136,10283
10137,10283
10138,10283
10139,10283
10140,10283
10141,10283
10142,10283
10143,10283
10144,10283
10145,10283
10146,10283
10147,10283
10148,10283
10149,10283
10150,10283
10151,10283
10152,10283
10153,10283
10154,10283
10155,10283
10156,10283
10157,10283
10158,10283
10159,10283
10160,10283
10161,10283
10162,10283
10163,10283
10164,10283
10165,10283
10166,10283
10167,10283
10168,10283
10169,10283
10170,10283
10171,10283
10172,10283
10173,10283
10174,10283
10175,10283
10176,10283
10177,10283
10178,10283
10179,10283
10180,10283
10181,10283
10182,10283
10183,10283
10184,10283
10185,10283
10186,10283
10187,10283
10188,10283
10189,10283
10190,10283
10191,10283
10192,10283
10193,10283
10194,10283
10195,10283
10196,10283
10197,10283
10198,10283
10199,10283
10200,10283
10201,10283
10202,10283
10203,10283
10204,10283
10205,10283
10206,10283
10207,10283
10208,10283
10209,10283
10210,10283
10211,10283
10212,10283
10213,10283
10214,10283
10215,10283
10216,10283
10217,10283
10218,10283
10219,10283
10220,10283
10221,10283
10222,10283
10223,10283
10224,10283
10225,10283
10226,10283
10227,10283
10228,10283
10229,10283
10230,10283
10231,10283
10232,10283
10233,10283
10234,10283
10235,10283
10236,10283
10237,10283
10238,10283
10239,10283
10240,10283
10241,10283
10242,10283
10243,10283
10244,10283
10245,10283
10246,10283
10247,10283
10248,10283
10249,10283
10250,10283
10251,10283
10252,10283
10253,10283
10254,10283
10255,10283
10256,10283
10257,10283
10258,10283
10259,10283
10260,10283
10261,10283
10262,10283
10263,10283
10264,10283
10265,10283
10266,10283
10267,10283
10268,10283
10269,10283
10270,10283
10271,10283
10272,10283
10273,10283
10274,10283
10275,10283
10276,10283
10277,10283
10278,10283
10279,10283
10280,10283
10281,10283
10282,10283
10283,10283
10284,10283
10285,10283
10286,10283
10287,10283
10288,10283
10289,10283
10290,10283
10291,10283
10292,10283
10293,10283
10294,10283
10295,10283
10296,10283
10297,10283
10298,10283
10299,10283
10300,10283
10301,10283
10302,10283
10303,10283
10304,10283
10305,10283
10306,10283
10307,10283
10308,10283
10309,10283
10310,10283
10311,10283
10312,10283
10313,10283
10314,10283
10315,10283
10316,10283
10317,10283
10318,10283
10319,10283
10320,10283
10321,10283
10322,10283
10323,10283
10324,10283
10325,10283
10326,10283
10327,10283
10328,10283
10329,10283
10330,10283
10331,10283
10332,10283
10333,10283
10334,10283
10335,10283
10336,10283
10088,10284
10089,10284
10090,10284
10091,10284
10092,10284
10093,10284
10094,10284
10095,10284
10096,10284
10097,10284
10098,10284
10099,10284
10100,10284
10101,10284
10102,10284
10103,10284
10104,10284
10105,10284
10106,10284
10107,10284
10108,10284
10109,10284
10110,10284
10111,10284
10112,10284
10113,10284
10114,10284
10115,10284
10116,10284
10117,10284
10118,10284
10119,10284
10120,10284
10121,10284
10122,10284
10123,10284
10124,10284
10125,10284
10126,10284
10127,10284
10128,10284
10129,10284
10130,10284
10131,10284
10132,10284
10133,10284
10134,10284
10135,10284
10136,10284
10137,10284
10138,10284
10139,10284
10140,10284
10141,10284
10142,10284
10143,10284
10144,10284
10145,10284
10146,10284
10147,10284
10148,10284
10149,10284
10150,10284
10151,10284
10152,10284
10153,10284
10154,10284
10155,10284
10156,10284
10157,10284
10158,10284
10159,10284
10160,10284
10161,10284
10162,10284
10163,10284
10164,10284
10165,10284
10166,10284
10167,10284
10168,10284
10169,10284
10170,10284
10171,10284
10172,10284
10173,10284
10174,10284
10175,10284
10176,10284
10177,10284
10178,10284
10179,10284
10180,10284
10181,10284
10182,10284
10183,10284
10184,10284
10185,10284
10186,10284
10187,10284
10188,10284
10189,10284
10190,10284
10191,10284
10192,10284
10193,10284
10194,10284
10195,10284
10196,10284
10197,10284
10198,10284
10199,10284
10200,10284
10201,10284
10202,10284
10203,10284
10204,10284
10205,10284
10206,10284
10207,10284
10208,10284
10209,10284
10210,10284
10211,10284
10212,10284
10213,10284
10214,10284
10215,10284
10216,10284
10217,10284
10218,10284
10219,10284
10220,10284
10221,10284
10222,10284
10223,10284
10224,10284
10225,10284
10226,10284
10227,10284
10228,10284
10229,10284
10230,10284
10231,10284
10232,10284
10233,10284
10234,10284
10235,10284
10236,10284
10237,10284
10238,10284
10239,10284
10240,10284
10241,10284
10242,10284
10243,10284
10244,10284
10245,10284
10246,10284
10247,10284
10248,10284
10249,10284
10250,10284
10251,10284
10252,10284
10253,10284
10254,10284
10255,10284
10256,10284
10257,10284
10258,10284
10259,10284
10260,10284
10261,10284
10262,10284
10263,10284
10264,10284
10265,10284
10266,10284
10267,10284
10268,10284
10269,10284
10270,10284
10271,10284
10272,10284
10273,10284
10274,10284
10275,10284
10276,10284
10277,10284
10278,10284
10279,10284
10280,10284
10281,10284
10282,10284
10283,10284
10284,10284
10285,10284
10286,10284
10287,10284
10288,10284
10289,10284
10290,10284
10291,10284
10292,10284
10293,10284
10294,10284
10295,10284
10296,10284
10297,10284
10298,10284
10299,10284
10300,10284
10301,10284
10302,10284
10303,10284
10304,10284
10305,10284
10306,10284
10307,10284
10308,10284
10309,10284
10310,10284
10311,10284
10312,10284
10313,10284
10314,10284
10315,10284
10316,10284
10317,10284
10318,10284
10319,10284
10320,10284
10321,10284
10322,10284
10323,10284
10324,10284
10325,10284
10326,10284
10327,10284
10328,10284
10329,10284
10330,10284
10331,10284
10332,10284
10333,10284
10334,10284
10335,10284
10336,10284
10088,10285
10089,10285
10090,10285
10091,10285
10092,10285
10093,10285
10094,10285
10095,10285
10096,10285
10097,10285
10098,10285
10099,10285
10100,10285
10101,10285
10102,10285
10103,10285
10104,10285
10105,10285
10106,10285
10107,10285
10108,10285
10109,10285
10110,10285
10111,10285
10112,10285
10113,10285
10114,10285
10115,10285
10116,10285
10117,10285
10118,10285
10119,10285
10120,10285
10121,10285
10122,10285
10123,10285
10124,10285
10125,10285
10126,10285
10127,10285
10128,10285
10129,10285
10130,10285
10131,10285
10132,10285
10133,10285
10134,10285
10135,10285
10136,10285
10137,10285
10138,10285
10139,10285
10140,10285
10141,10285
10142,10285
10143,10285
10144,10285
10145,10285
10146,10285
10147,10285
10148,10285
10149,10285
10150,10285
10151,10285
10152,10285
10153,10285
10154,10285
10155,10285
10156,10285
10157,10285
10158,10285
10159,10285
10160,10285
10161,10285
10162,10285
10163,10285
10164,10285
10165,10285
10166,10285
10167,10285
10168,10285
10169,10285
10170,10285
10171,10285
10172,10285
10173,10285
10174,10285
10175,10285
10176,10285
10177,10285
10178,10285
10179,10285
10180,10285
10181,10285
10182,10285
10183,10285
10184,10285
10185,10285
10186,10285
10187,10285
10188,10285
10189,10285
10190,10285
10191,10285
10192,10285
10193,10285
10194,10285
10195,10285
10196,10285
10197,10285
10198,10285
10199,10285
10200,10285
10201,10285
10202,10285
10203,10285
10204,10285
10205,10285
10206,10285
10207,10285
10208,10285
10209,10285
10210,10285
10211,10285
10212,10285
10213,10285
10214,10285
10215,10285
10216,10285
10217,10285
10218,10285
10219,10285
10220,10285
10221,10285
10222,10285
10223,10285
10224,10285
10225,10285
10226,10285
10227,10285
10228,10285
10229,10285
10230,10285
10231,10285
10232,10285
10233,10285
10234,10285
10235,10285
10236,10285
10237,10285
10238,10285
10239,10285
10240,10285
10241,10285
10242,10285
10243,10285
10244,10285
10245,10285
10246,10285
10247,10285
10248,10285
10249,10285
10250,10285
10251,10285
10252,10285
10253,10285
10254,10285
10255,10285
10256,10285
10257,10285
10258,10285
10259,10285
10260,10285
10261,10285
10262,10285
10263,10285
10264,10285
10265,10285
10266,10285
10267,10285
10268,10285
10269,10285
10270,10285
10271,10285
10272,10285
10273,10285
10274,10285
10275,10285
10276,10285
10277,10285
10278,10285
10279,10285
10280,10285
10281,10285
10282,10285
10283,10285
10284,10285
10285,10285
10286,10285
10287,10285
10288,10285
10289,10285
10290,10285
10291,10285
10292,10285
10293,10285
10294,10285
10295,10285
10296,10285
10297,10285
10298,10285
10299,10285
10300,10285
10301,10285
10302,10285
10303,10285
10304,10285
10305,10285
10306,10285
10307,10285
10308,10285
10309,10285
10310,10285
10311,10285
10312,10285
10313,10285
10314,10285
10315,10285
10316,10285
10317,10285
10318,10285
10319,10285
10320,10285
10321,10285
10322,10285
10323,10285
10324,10285
10325,10285
10326,10285
10327,10285
10328,10285
10329,10285
10330,10285
10331,10285
10332,10285
10333,10285
10334,10285
10335,10285
10336,10285
10088,10286
10089,10286
10090,10286
10091,10286
10092,10286
10093,10286
10094,10286
10095,10286
10096,10286
10097,10286
10098,10286
10099,10286
10100,10286
10101,10286
10102,10286
10103,10286
10104,10286
10105,10286
10106,10286
10107,10286
10108,10286
10109,10286
10110,10286
10111,10286
10112,10286
10113,10286
10114,10286
10115,10286
10116,10286
10117,10286
10118,10286
10119,10286
10120,10286
10121,10286
10122,10286
10123,10286
10124,10286
10125,10286
10126,10286
10127,10286
10128,10286
10129,10286
10130,10286
10131,10286
10132,10286
10133,10286
10134,10286
10135,10286
10136,10286
10137,10286
10138,10286
10139,10286
10140,10286
10141,10286
10142,10286
10143,10286
10144,10286
10145,10286
10146,10286
10147,10286
10148,10286
10149,10286
10150,10286
10151,10286
10152,10286
10153,10286
10154,10286
10155,10286
10156,10286
10157,10286
10158,10286
10159,10286
10160,10286
10161,10286
10162,10286
10163,10286
10164,10286
10165,10286
10166,10286
10167,10286
10168,10286
10169,10286
10170,10286
10171,10286
10172,10286
10173,10286
10174,10286
10175,10286
10176,10286
10177,10286
10178,10286
10179,10286
10180,10286
10181,10286
10182,10286
10183,10286
10184,10286
10185,10286
10186,10286
10187,10286
10188,10286
10189,10286
10190,10286
10191,10286
10192,10286
10193,10286
10194,10286
10195,10286
10196,10286
10197,10286
10198,10286
10199,10286
10200,10286
10201,10286
10202,10286
10203,10286
10204,10286
10205,10286
10206,10286
10207,10286
10208,10286
10209,10286
10210,10286
10211,10286
10212,10286
10213,10286
10214,10286
10215,10286
10216,10286
10217,10286
10218,10286
10219,10286
10220,10286
10221,10286
10222,10286
10223,10286
10224,10286
10225,10286
10226,10286
10227,10286
10228,10286
10229,10286
10230,10286
10231,10286
10232,10286
10233,10286
10234,10286
10235,10286
10236,10286
10237,10286
10238,10286
10239,10286
10240,10286
10241,10286
10242,10286
10243,10286
10244,10286
10245,10286
10246,10286
10247,10286
10248,10286
10249,10286
10250,10286
10251,10286
10252,10286
10253,10286
10254,10286
10255,10286
10256,10286
10257,10286
10258,10286
10259,10286
10260,10286
10261,10286
10262,10286
10263,10286
10264,10286
10265,10286
10266,10286
10267,10286
10268,10286
10269,10286
10270,10286
10271,10286
10272,10286
10273,10286
10274,10286
10275,10286
10276,10286
10277,10286
10278,10286
10279,10286
10280,10286
10281,10286
10282,10286
10283,10286
10284,10286
10285,10286
10286,10286
10287,10286
10288,10286
10289,10286
10290,10286
10291,10286
10292,10286
10293,10286
10294,10286
10295,10286
10296,10286
10297,10286
10298,10286
10299,10286
10300,10286
10301,10286
10302,10286
10303,10286
10304,10286
10305,10286
10306,10286
10307,10286
10308,10286
10309,10286
10310,10286
10311,10286
10312,10286
10313,10286
10314,10286
10315,10286
10316,10286
10317,10286
10318,10286
10319,10286
10320,10286
10321,10286
10322,10286
10323,10286
10324,10286
10325,10286
10326,10286
10327,10286
10328,10286
10329,10286
10330,10286
10331,10286
10332,10286
10333,10286
10334,10286
10335,10286
10336,10286
10088,10287
10089,10287
10090,10287
10091,10287
10092,10287
10093,10287
10094,10287
10095,10287
10096,10287
10097,10287
10098,10287
10099,10287
10100,10287
10101,10287
10102,10287
10103,10287
10104,10287
10105,10287
10106,10287
10107,10287
10108,10287
10109,10287
10110,10287
10111,10287
10112,10287
10113,10287
10114,10287
10115,10287
10116,10287
10117,10287
10118,10287
10119,10287
10120,10287
10121,10287
10122,10287
10123,10287
10124,10287
10125,10287
10126,10287
10127,10287
10128,10287
10129,10287
10130,10287
10131,10287
10132,10287
10133,10287
10134,10287
10135,10287
10136,10287
10137,10287
10138,10287
10139,10287
10140,10287
10141,10287
10142,10287
10143,10287
10144,10287
10145,10287
10146,10287
10147,10287
10148,10287
10149,10287
10150,10287
10151,10287
10152,10287
10153,10287
10154,10287
10155,10287
10156,10287
10157,10287
10158,10287
10159,10287
10160,10287
10161,10287
10162,10287
10163,10287
10164,10287
10165,10287
10166,10287
10167,10287
10168,10287
10169,10287
10170,10287
10171,10287
10172,10287
10173,10287
10174,10287
10175,10287
10176,10287
10177,10287
10178,10287
10179,10287
10180,10287
10181,10287
10182,10287
10183,10287
10184,10287
10185,10287
10186,10287
10187,10287
10188,10287
10189,10287
10190,10287
10191,10287
10192,10287
10193,10287
10194,10287
10195,10287
10196,10287
10197,10287
10198,10287
10199,10287
10200,10287
10201,10287
10202,10287
10203,10287
10204,10287
10205,10287
10206,10287
10207,10287
10208,10287
10209,10287
10210,10287
10211,10287
10212,10287
10213,10287
10214,10287
10215,10287
10216,10287
10217,10287
10218,10287
10219,10287
10220,10287
10221,10287
10222,10287
10223,10287
10224,10287
10225,10287
10226,10287
10227,10287
10228,10287
10229,10287
10230,10287
10231,10287
10232,10287
10233,10287
10234,10287
10235,10287
10236,10287
10237,10287
10238,10287
10239,10287
10240,10287
10241,10287
10242,10287
10243,10287
10244,10287
10245,10287
10246,10287
10247,10287
10248,10287
10249,10287
10250,10287
10251,10287
10252,10287
10253,10287
10254,10287
10255,10287
10256,10287
10257,10287
10258,10287
10259,10287
10260,10287
10261,10287
10262,10287
10263,10287
10264,10287
10265,10287
10266,10287
10267,10287
10268,10287
10269,10287
10270,10287
10271,10287
10272,10287
10273,10287
10274,10287
10275,10287
10276,10287
10277,10287
10278,10287
10279,10287
10280,10287
10281,10287
10282,10287
10283,10287
10284,10287
10285,10287
10286,10287
10287,10287
10288,10287
10289,10287
10290,10287
10291,10287
10292,10287
10293,10287
10294,10287
10295,10287
10296,10287
10297,10287
10298,10287
10299,10287
10300,10287
10301,10287
10302,10287
10303,10287
10304,10287
10305,10287
10306,10287
10307,10287
10308,10287
10309,10287
10310,10287
10311,10287
10312,10287
10313,10287
10314,10287
10315,10287
10316,10287
10317,10287
10318,10287
10319,10287
10320,10287
10321,10287
10322,10287
10323,10287
10324,10287
10325,10287
10326,10287
10327,10287
10328,10287
10329,10287
10330,10287
10331,10287
10332,10287
10333,10287
10334,10287
10335,10287
10336,10287
10088,10288
10089,10288
10090,10288
10091,10288
10092,10288
10093,10288
10094,10288
10095,10288
10096,10288
10097,10288
10098,10288
10099,10288
10100,10288
10101,10288
10102,10288
10103,10288
10104,10288
10105,10288
10106,10288
10107,10288
10108,10288
10109,10288
10110,10288
10111,10288
10112,10288
10113,10288
10114,10288
10115,10288
10116,10288
10117,10288
10118,10288
10119,10288
10120,10288
10121,10288
10122,10288
10123,10288
10124,10288
10125,10288
10126,10288
10127,10288
10128,10288
10129,10288
10130,10288
10131,10288
10132,10288
10133,10288
10134,10288
10135,10288
10136,10288
10137,10288
10138,10288
10139,10288
10140,10288
10141,10288
10142,10288
10143,10288
10144,10288
10145,10288
10146,10288
10147,10288
10148,10288
10149,10288
10150,10288
10151,10288
10152,10288
10153,10288
10154,10288
10155,10288
10156,10288
10157,10288
10158,10288
10159,10288
10160,10288
10161,10288
10162,10288
10163,10288
10164,10288
10165,10288
10166,10288
10167,10288
10168,10288
10169,10288
10170,10288
10171,10288
10172,10288
10173,10288
10174,10288
10175,10288
10176,10288
10177,10288
10178,10288
10179,10288
10180,10288
10181,10288
10182,10288
10183,10288
10184,10288
10185,10288
10186,10288
10187,10288
10188,10288
10189,10288
10190,10288
10191,10288
10192,10288
10193,10288
10194,10288
10195,10288
10196,10288
10197,10288
10198,10288
10199,10288
10200,10288
10201,10288
10202,10288
10203,10288
10204,10288
10205,10288
10206,10288
10207,10288
10208,10288
10209,10288
10210,10288
10211,10288
10212,10288
10213,10288
10214,10288
10215,10288
10216,10288
10217,10288
10218,10288
10219,10288
10220,10288
10221,10288
10222,10288
10223,10288
10224,10288
10225,10288
10226,10288
10227,10288
10228,10288
10229,10288
10230,10288
10231,10288
10232,10288
10233,10288
10234,10288
10235,10288
10236,10288
10237,10288
10238,10288
10239,10288
10240,10288
10241,10288
10242,10288
10243,10288
10244,10288
10245,10288
10246,10288
10247,10288
10248,10288
10249,10288
10250,10288
10251,10288
10252,10288
10253,10288
10254,10288
10255,10288
10256,10288
10257,10288
10258,10288
10259,10288
10260,10288
10261,10288
10262,10288
10263,10288
10264,10288
10265,10288
10266,10288
10267,10288
10268,10288
10269,10288
10270,10288
10271,10288
10272,10288
10273,10288
10274,10288
10275,10288
10276,10288
10277,10288
10278,10288
10279,10288
10280,10288
10281,10288
10282,10288
10283,10288
10284,10288
10285,10288
10286,10288
10287,10288
10288,10288
10289,10288
10290,10288
10291,10288
10292,10288
10293,10288
10294,10288
10295,10288
10296,10288
10297,10288
10298,10288
10299,10288
10300,10288
10301,10288
10302,10288
10303,10288
10304,10288
10305,10288
10306,10288
10307,10288
10308,10288
10309,10288
10310,10288
10311,10288
10312,10288
10313,10288
10314,10288
10315,10288
10316,10288
10317,10288
10318,10288
10319,10288
10320,10288
10321,10288
10322,10288
10323,10288
10324,10288
10325,10288
10326,10288
10327,10288
10328,10288
10329,10288
10330,10288
10331,10288
10332,10288
10333,10288
10334,10288
10335,10288
10336,10288
10088,10289
10089,10289
10090,10289
10091,10289
10092,10289
10093,10289
10094,10289
10095,10289
10096,10289
10097,10289
10098,10289
10099,10289
10100,10289
10101,10289
10102,10289
10103,10289
10104,10289
10105,10289
10106,10289
10107,10289
10108,10289
10109,10289
10110,10289
10111,10289
10112,10289
10113,10289
10114,10289
10115,10289
10116,10289
10117,10289
10118,10289
10119,10289
10120,10289
10121,10289
10122,10289
10123,10289
10124,10289
10125,10289
10126,10289
10127,10289
10128,10289
10129,10289
10130,10289
10131,10289
10132,10289
10133,10289
10134,10289
10135,10289
10136,10289
10137,10289
10138,10289
10139,10289
10140,10289
10141,10289
10142,10289
10143,10289
10144,10289
10145,10289
10146,10289
10147,10289
10148,10289
10149,10289
10150,10289
10151,10289
10152,10289
10153,10289
10154,10289
10155,10289
10156,10289
10157,10289
10158,10289
10159,10289
10160,10289
10161,10289
10162,10289
10163,10289
10164,10289
10165,10289
10166,10289
10167,10289
10168,10289
10169,10289
10170,10289
10171,10289
10172,10289
10173,10289
10174,10289
10175,10289
10176,10289
10177,10289
10178,10289
10179,10289
10180,10289
10181,10289
10182,10289
10183,10289
10184,10289
10185,10289
10186,10289
10187,10289
10188,10289
10189,10289
10190,10289
10191,10289
10192,10289
10193,10289
10194,10289
10195,10289
10196,10289
10197,10289
10198,10289
10199,10289
10200,10289
10201,10289
10202,10289
10203,10289
10204,10289
10205,10289
10206,10289
10207,10289
10208,10289
10209,10289
10210,10289
10211,10289
10212,10289
10213,10289
10214,10289
10215,10289
10216,10289
10217,10289
10218,10289
10219,10289
10220,10289
10221,10289
10222,10289
10223,10289
10224,10289
10225,10289
10226,10289
10227,10289
10228,10289
10229,10289
10230,10289
10231,10289
10232,10289
10233,10289
10234,10289
10235,10289
10236,10289
10237,10289
10238,10289
10239,10289
10240,10289
10241,10289
10242,10289
10243,10289
10244,10289
10245,10289
10246,10289
10247,10289
10248,10289
10249,10289
10250,10289
10251,10289
10252,10289
10253,10289
10254,10289
10255,10289
10256,10289
10257,10289
10258,10289
10259,10289
10260,10289
10261,10289
10262,10289
10263,10289
10264,10289
10265,10289
10266,10289
10267,10289
10268,10289
10269,10289
10270,10289
10271,10289
10272,10289
10273,10289
10274,10289
10275,10289
10276,10289
10277,10289
10278,10289
10279,10289
10280,10289
10281,10289
10282,10289
10283,10289
10284,10289
10285,10289
10286,10289
10287,10289
10288,10289
10289,10289
10290,10289
10291,10289
10292,10289
10293,10289
10294,10289
10295,10289
10296,10289
10297,10289
10298,10289
10299,10289
10300,10289
10301,10289
10302,10289
10303,10289
10304,10289
10305,10289
10306,10289
10307,10289
10308,10289
10309,10289
10310,10289
10311,10289
10312,10289
10313,10289
10314,10289
10315,10289
10316,10289
10317,10289
10318,10289
10319,10289
10320,10289
10321,10289
10322,10289
10323,10289
10324,10289
10325,10289
10326,10289
10327,10289
10328,10289
10329,10289
10330,10289
10331,10289
10332,10289
10333,10289
10334,10289
10335,10289
10336,10289
10088,10290
10089,10290
10090,10290
10091,10290
10092,10290
10093,10290
10094,10290
10095,10290
10096,10290
10097,10290
10098,10290
10099,10290
10100,10290
10101,10290
10102,10290
10103,10290
10104,10290
10105,10290
10106,10290
10107,10290
10108,10290
10109,10290
10110,10290
10111,10290
10112,10290
10113,10290
10114,10290
10115,10290
10116,10290
10117,10290
10118,10290
10119,10290
10120,10290
10121,10290
10122,10290
10123,10290
10124,10290
10125,10290
10126,10290
10127,10290
10128,10290
10129,10290
10130,10290
10131,10290
10132,10290
10133,10290
10134,10290
10135,10290
10136,10290
10137,10290
10138,10290
10139,10290
10140,10290
10141,10290
10142,10290
10143,10290
10144,10290
10145,10290
10146,10290
10147,10290
10148,10290
10149,10290
10150,10290
10151,10290
10152,10290
10153,10290
10154,10290
10155,10290
10156,10290
10157,10290
10158,10290
10159,10290
10160,10290
10161,10290
10162,10290
10163,10290
10164,10290
10165,10290
10166,10290
10167,10290
10168,10290
10169,10290
10170,10290
10171,10290
10172,10290
10173,10290
10174,10290
10175,10290
10176,10290
10177,10290
10178,10290
10179,10290
10180,10290
10181,10290
10182,10290
10183,10290
10184,10290
10185,10290
10186,10290
10187,10290
10188,10290
10189,10290
10190,10290
10191,10290
10192,10290
10193,10290
10194,10290
10195,10290
10196,10290
10197,10290
10198,10290
10199,10290
10200,10290
10201,10290
10202,10290
10203,10290
10204,10290
10205,10290
10206,10290
10207,10290
10208,10290
10209,10290
10210,10290
10211,10290
10212,10290
10213,10290
10214,10290
10215,10290
10216,10290
10217,10290
10218,10290
10219,10290
10220,10290
10221,10290
10222,10290
10223,10290
10224,10290
10225,10290
10226,10290
10227,10290
10228,10290
10229,10290
10230,10290
10231,10290
10232,10290
10233,10290
10234,10290
10235,10290
10236,10290
10237,10290
10238,10290
10239,10290
10240,10290
10241,10290
10242,10290
10243,10290
10244,10290
10245,10290
10246,10290
10247,10290
10248,10290
10249,10290
10250,10290
10251,10290
10252,10290
10253,10290
10254,10290
10255,10290
10256,10290
10257,10290
10258,10290
10259,10290
10260,10290
10261,10290
10262,10290
10263,10290
10264,10290
10265,10290
10266,10290
10267,10290
10268,10290
10269,10290
10270,10290
10271,10290
10272,10290
10273,10290
10274,10290
10275,10290
10276,10290
10277,10290
10278,10290
10279,10290
10280,10290
10281,10290
10282,10290
10283,10290
10284,10290
10285,10290
10286,10290
10287,10290
10288,10290
10289,10290
10290,10290
10291,10290
10292,10290
10293,10290
10294,10290
10295,10290
10296,10290
10297,10290
10298,10290
10299,10290
10300,10290
10301,10290
10302,10290
10303,10290
10304,10290
10305,10290
10306,10290
10307,10290
10308,10290
10309,10290
10310,10290
10311,10290
10312,10290
10313,10290
10314,10290
10315,10290
10316,10290
10317,10290
10318,10290
10319,10290
10320,10290
10321,10290
10322,10290
10323,10290
10324,10290
10325,10290
10326,10290
10327,10290
10328,10290
10329,10290
10330,10290
10331,10290
10332,10290
10333,10290
10334,10290
10335,10290
10336,10290
10088,10291
10089,10291
10090,10291
10091,10291
10092,10291
10093,10291
10094,10291
10095,10291
10096,10291
10097,10291
10098,10291
10099,10291
10100,10291
10101,10291
10102,10291
10103,10291
10104,10291
10105,10291
10106,10291
10107,10291
10108,10291
10109,10291
10110,10291
10111,10291
10112,10291
10113,10291
10114,10291
10115,10291
10116,10291
10117,10291
10118,10291
10119,10291
10120,10291
10121,10291
10122,10291
10123,10291
10124,10291
10125,10291
10126,10291
10127,10291
10128,10291
10129,10291
10130,10291
10131,10291
10132,10291
10133,10291
10134,10291
10135,10291
10136,10291
10137,10291
10138,10291
10139,10291
10140,10291
10141,10291
10142,10291
10143,10291
10144,10291
10145,10291
10146,10291
10147,10291
10148,10291
10149,10291
10150,10291
10151,10291
10152,10291
10153,10291
10154,10291
10155,10291
10156,10291
10157,10291
10158,10291
10159,10291
10160,10291
10161,10291
10162,10291
10163,10291
10164,10291
10165,10291
10166,10291
10167,10291
10168,10291
10169,10291
10170,10291
10171,10291
10172,10291
10173,10291
10174,10291
10175,10291
10176,10291
10177,10291
10178,10291
10179,10291
10180,10291
10181,10291
10182,10291
10183,10291
10184,10291
10185,10291
10186,10291
10187,10291
10188,10291
10189,10291
10190,10291
10191,10291
10192,10291
10193,10291
10194,10291
10195,10291
10196,10291
10197,10291
10198,10291
10199,10291
10200,10291
10201,10291
10202,10291
10203,10291
10204,10291
10205,10291
10206,10291
10207,10291
10208,10291
10209,10291
10210,10291
10211,10291
10212,10291
10213,10291
10214,10291
10215,10291
10216,10291
10217,10291
10218,10291
10219,10291
10220,10291
10221,10291
10222,10291
10223,10291
10224,10291
10225,10291
10226,10291
10227,10291
10228,10291
10229,10291
10230,10291
10231,10291
10232,10291
10233,10291
10234,10291
10235,10291
10236,10291
10237,10291
10238,10291
10239,10291
10240,10291
10241,10291
10242,10291
10243,10291
10244,10291
10245,10291
10246,10291
10247,10291
10248,10291
10249,10291
10250,10291
10251,10291
10252,10291
10253,10291
10254,10291
10255,10291
10256,10291
10257,10291
10258,10291
10259,10291
10260,10291
10261,10291
10262,10291
10263,10291
10264,10291
10265,10291
10266,10291
10267,10291
10268,10291
10269,10291
10270,10291
10271,10291
10272,10291
10273,10291
10274,10291
10275,10291
10276,10291
10277,10291
10278,10291
10279,10291
10280,10291
10281,10291
10282,10291
10283,10291
10284,10291
10285,10291
10286,10291
10287,10291
10288,10291
10289,10291
10290,10291
10291,10291
10292,10291
10293,10291
10294,10291
10295,10291
10296,10291
10297,10291
10298,10291
10299,10291
10300,10291
10301,10291
10302,10291
10303,10291
10304,10291
10305,10291
10306,10291
10307,10291
10308,10291
10309,10291
10310,10291
10311,10291
10312,10291
10313,10291
10314,10291
10315,10291
10316,10291
10317,10291
10318,10291
10319,10291
10320,10291
10321,10291
10322,10291
10323,10291
10324,10291
10325,10291
10326,10291
10327,10291
10328,10291
10329,10291
10330,10291
10331,10291
10332,10291
10333,10291
10334,10291
10335,10291
10336,10291
10088,10292
10089,10292
10090,10292
10091,10292
10092,10292
10093,10292
10094,10292
10095,10292
10096,10292
10097,10292
10098,10292
10099,10292
10100,10292
10101,10292
10102,10292
10103,10292
10104,10292
10105,10292
10106,10292
10107,10292
10108,10292
10109,10292
10110,10292
10111,10292
10112,10292
10113,10292
10114,10292
10115,10292
10116,10292
10117,10292
10118,10292
10119,10292
10120,10292
10121,10292
10122,10292
10123,10292
10124,10292
10125,10292
10126,10292
10127,10292
10128,10292
10129,10292
10130,10292
10131,10292
10132,10292
10133,10292
10134,10292
10135,10292
10136,10292
10137,10292
10138,10292
10139,10292
10140,10292
10141,10292
10142,10292
10143,10292
10144,10292
10145,10292
10146,10292
10147,10292
10148,10292
10149,10292
10150,10292
10151,10292
10152,10292
10153,10292
10154,10292
10155,10292
10156,10292
10157,10292
10158,10292
10159,10292
10160,10292
10161,10292
10162,10292
10163,10292
10164,10292
10165,10292
10166,10292
10167,10292
10168,10292
10169,10292
10170,10292
10171,10292
10172,10292
10173,10292
10174,10292
10175,10292
10176,10292
10177,10292
10178,10292
10179,10292
10180,10292
10181,10292
10182,10292
10183,10292
10184,10292
10185,10292
10186,10292
10187,10292
10188,10292
10189,10292
10190,10292
10191,10292
10192,10292
10193,10292
10194,10292
10195,10292
10196,10292
10197,10292
10198,10292
10199,10292
10200,10292
10201,10292
10202,10292
10203,10292
10204,10292
10205,10292
10206,10292
10207,10292
10208,10292
10209,10292
10210,10292
10211,10292
10212,10292
10213,10292
10214,10292
10215,10292
10216,10292
10217,10292
10218,10292
10219,10292
10220,10292
10221,10292
10222,10292
10223,10292
10224,10292
10225,10292
10226,10292
10227,10292
10228,10292
10229,10292
10230,10292
10231,10292
10232,10292
10233,10292
10234,10292
10235,10292
10236,10292
10237,10292
10238,10292
10239,10292
10240,10292
10241,10292
10242,10292
10243,10292
10244,10292
10245,10292
10246,10292
10247,10292
10248,10292
10249,10292
10250,10292
10251,10292
10252,10292
10253,10292
10254,10292
10255,10292
10256,10292
10257,10292
10258,10292
10259,10292
10260,10292
10261,10292
10262,10292
10263,10292
10264,10292
10265,10292
10266,10292
10267,10292
10268,10292
10269,10292
10270,10292
10271,10292
10272,10292
10273,10292
10274,10292
10275,10292
10276,10292
10277,10292
10278,10292
10279,10292
10280,10292
10281,10292
10282,10292
10283,10292
10284,10292
10285,10292
10286,10292
10287,10292
10288,10292
10289,10292
10290,10292
10291,10292
10292,10292
10293,10292
10294,10292
10295,10292
10296,10292
10297,10292
10298,10292
10299,10292
10300,10292
10301,10292
10302,10292
10303,10292
10304,10292
10305,10292
10306,10292
10307,10292
10308,10292
10309,10292
10310,10292
10311,10292
10312,10292
10313,10292
10314,10292
10315,10292
10316,10292
10317,10292
10318,10292
10319,10292
10320,10292
10321,10292
10322,10292
10323,10292
10324,10292
10325,10292
10326,10292
10327,10292
10328,10292
10329,10292
10330,10292
10331,10292
10332,10292
10333,10292
10334,10292
10335,10292
10336,10292
10088,10293
10089,10293
10090,10293
10091,10293
10092,10293
10093,10293
10094,10293
10095,10293
10096,10293
10097,10293
10098,10293
10099,10293
10100,10293
10101,10293
10102,10293
10103,10293
10104,10293
10105,10293
10106,10293
10107,10293
10108,10293
10109,10293
10110,10293
10111,10293
10112,10293
10113,10293
10114,10293
10115,10293
10116,10293
10117,10293
10118,10293
10119,10293
10120,10293
10121,10293
10122,10293
10123,10293
10124,10293
10125,10293
10126,10293
10127,10293
10128,10293
10129,10293
10130,10293
10131,10293
10132,10293
10133,10293
10134,10293
10135,10293
10136,10293
10137,10293
10138,10293
10139,10293
10140,10293
10141,10293
10142,10293
10143,10293
10144,10293
10145,10293
10146,10293
10147,10293
10148,10293
10149,10293
10150,10293
10151,10293
10152,10293
10153,10293
10154,10293
10155,10293
10156,10293
10157,10293
10158,10293
10159,10293
10160,10293
10161,10293
10162,10293
10163,10293
10164,10293
10165,10293
10166,10293
10167,10293
10168,10293
10169,10293
10170,10293
10171,10293
10172,10293
10173,10293
10174,10293
10175,10293
10176,10293
10177,10293
10178,10293
10179,10293
10180,10293
10181,10293
10182,10293
10183,10293
10184,10293
10185,10293
10186,10293
10187,10293
10188,10293
10189,10293
10190,10293
10191,10293
10192,10293
10193,10293
10194,10293
10195,10293
10196,10293
10197,10293
10198,10293
10199,10293
10200,10293
10201,10293
10202,10293
10203,10293
10204,10293
10205,10293
10206,10293
10207,10293
10208,10293
10209,10293
10210,10293
10211,10293
10212,10293
10213,10293
10214,10293
10215,10293
10216,10293
10217,10293
10218,10293
10219,10293
10220,10293
10221,10293
10222,10293
10223,10293
10224,10293
10225,10293
10226,10293
10227,10293
10228,10293
10229,10293
10230,10293
10231,10293
10232,10293
10233,10293
10234,10293
10235,10293
10236,10293
10237,10293
10238,10293
10239,10293
10240,10293
10241,10293
10242,10293
10243,10293
10244,10293
10245,10293
10246,10293
10247,10293
10248,10293
10249,10293
10250,10293
10251,10293
10252,10293
10253,10293
10254,10293
10255,10293
10256,10293
10257,10293
10258,10293
10259,10293
10260,10293
10261,10293
10262,10293
10263,10293
10264,10293
10265,10293
10266,10293
10267,10293
10268,10293
10269,10293
10270,10293
10271,10293
10272,10293
10273,10293
10274,10293
10275,10293
10276,10293
10277,10293
10278,10293
10279,10293
10280,10293
10281,10293
10282,10293
10283,10293
10284,10293
10285,10293
10286,10293
10287,10293
10288,10293
10289,10293
10290,10293
10291,10293
10292,10293
10293,10293
10294,10293
10295,10293
10296,10293
10297,10293
10298,10293
10299,10293
10300,10293
10301,10293
10302,10293
10303,10293
10304,10293
10305,10293
10306,10293
10307,10293
10308,10293
10309,10293
10310,10293
10311,10293
10312,10293
10313,10293
10314,10293
10315,10293
10316,10293
10317,10293
10318,10293
10319,10293
10320,10293
10321,10293
10322,10293
10323,10293
10324,10293
10325,10293
10326,10293
10327,10293
10328,10293
10329,10293
10330,10293
10331,10293
10332,10293
10333,10293
10334,10293
10335,10293
10336,10293
10088,10294
10089,10294
10090,10294
10091,10294
10092,10294
10093,10294
10094,10294
10095,10294
10096,10294
10097,10294
10098,10294
10099,10294
10100,10294
10101,10294
10102,10294
10103,10294
10104,10294
10105,10294
10106,10294
10107,10294
10108,10294
10109,10294
10110,10294
10111,10294
10112,10294
10113,10294
10114,10294
10115,10294
10116,10294
10117,10294
10118,10294
10119,10294
10120,10294
10121,10294
10122,10294
10123,10294
10124,10294
10125,10294
10126,10294
10127,10294
10128,10294
10129,10294
10130,10294
10131,10294
10132,10294
10133,10294
10134,10294
10135,10294
10136,10294
10137,10294
10138,10294
10139,10294
10140,10294
10141,10294
10142,10294
10143,10294
10144,10294
10145,10294
10146,10294
10147,10294
10148,10294
10149,10294
10150,10294
10151,10294
10152,10294
10153,10294
10154,10294
10155,10294
10156,10294
10157,10294
10158,10294
10159,10294
10160,10294
10161,10294
10162,10294
10163,10294
10164,10294
10165,10294
10166,10294
10167,10294
10168,10294
10169,10294
10170,10294
10171,10294
10172,10294
10173,10294
10174,10294
10175,10294
10176,10294
10177,10294
10178,10294
10179,10294
10180,10294
10181,10294
10182,10294
10183,10294
10184,10294
10185,10294
10186,10294
10187,10294
10188,10294
10189,10294
10190,10294
10191,10294
10192,10294
10193,10294
10194,10294
10195,10294
10196,10294
10197,10294
10198,10294
10199,10294
10200,10294
10201,10294
10202,10294
10203,10294
10204,10294
10205,10294
10206,10294
10207,10294
10208,10294
10209,10294
10210,10294
10211,10294
10212,10294
10213,10294
10214,10294
10215,10294
10216,10294
10217,10294
10218,10294
10219,10294
10220,10294
10221,10294
10222,10294
10223,10294
10224,10294
10225,10294
10226,10294
10227,10294
10228,10294
10229,10294
10230,10294
10231,10294
10232,10294
10233,10294
10234,10294
10235,10294
10236,10294
10237,10294
10238,10294
10239,10294
10240,10294
10241,10294
10242,10294
10243,10294
10244,10294
10245,10294
10246,10294
10247,10294
10248,10294
10249,10294
10250,10294
10251,10294
10252,10294
10253,10294
10254,10294
10255,10294
10256,10294
10257,10294
10258,10294
10259,10294
10260,10294
10261,10294
10262,10294
10263,10294
10264,10294
10265,10294
10266,10294
10267,10294
10268,10294
10269,10294
10270,10294
10271,10294
10272,10294
10273,10294
10274,10294
10275,10294
10276,10294
10277,10294
10278,10294
10279,10294
10280,10294
10281,10294
10282,10294
10283,10294
10284,10294
10285,10294
10286,10294
10287,10294
10288,10294
10289,10294
10290,10294
10291,10294
10292,10294
10293,10294
10294,10294
10295,10294
10296,10294
10297,10294
10298,10294
10299,10294
10300,10294
10301,10294
10302,10294
10303,10294
10304,10294
10305,10294
10306,10294
10307,10294
10308,10294
10309,10294
10310,10294
10311,10294
10312,10294
10313,10294
10314,10294
10315,10294
10316,10294
10317,10294
10318,10294
10319,10294
10320,10294
10321,10294
10322,10294
10323,10294
10324,10294
10325,10294
10326,10294
10327,10294
10328,10294
10329,10294
10330,10294
10331,10294
10332,10294
10333,10294
10334,10294
10335,10294
10336,10294
10088,10295
10089,10295
10090,10295
10091,10295
10092,10295
10093,10295
10094,10295
10095,10295
10096,10295
10097,10295
10098,10295
10099,10295
10100,10295
10101,10295
10102,10295
10103,10295
10104,10295
10105,10295
10106,10295
10107,10295
10108,10295
10109,10295
10110,10295
10111,10295
10112,10295
10113,10295
10114,10295
10115,10295
10116,10295
10117,10295
10118,10295
10119,10295
10120,10295
10121,10295
10122,10295
10123,10295
10124,10295
10125,10295
10126,10295
10127,10295
10128,10295
10129,10295
10130,10295
10131,10295
10132,10295
10133,10295
10134,10295
10135,10295
10136,10295
10137,10295
10138,10295
10139,10295
10140,10295
10141,10295
10142,10295
10143,10295
10144,10295
10145,10295
10146,10295
10147,10295
10148,10295
10149,10295
10150,10295
10151,10295
10152,10295
10153,10295
10154,10295
10155,10295
10156,10295
10157,10295
10158,10295
10159,10295
10160,10295
10161,10295
10162,10295
10163,10295
10164,10295
10165,10295
10166,10295
10167,10295
10168,10295
10169,10295
10170,10295
10171,10295
10172,10295
10173,10295
10174,10295
10175,10295
10176,10295
10177,10295
10178,10295
10179,10295
10180,10295
10181,10295
10182,10295
10183,10295
10184,10295
10185,10295
10186,10295
10187,10295
10188,10295
10189,10295
10190,10295
10191,10295
10192,10295
10193,10295
10194,10295
10195,10295
10196,10295
10197,10295
10198,10295
10199,10295
10200,10295
10201,10295
10202,10295
10203,10295
10204,10295
10205,10295
10206,10295
10207,10295
10208,10295
10209,10295
10210,10295
10211,10295
10212,10295
10213,10295
10214,10295
10215,10295
10216,10295
10217,10295
10218,10295
10219,10295
10220,10295
10221,10295
10222,10295
10223,10295
10224,10295
10225,10295
10226,10295
10227,10295
10228,10295
10229,10295
10230,10295
10231,10295
10232,10295
10233,10295
10234,10295
10235,10295
10236,10295
10237,10295
10238,10295
10239,10295
10240,10295
10241,10295
10242,10295
10243,10295
10244,10295
10245,10295
10246,10295
10247,10295
10248,10295
10249,10295
10250,10295
10251,10295
10252,10295
10253,10295
10254,10295
10255,10295
10256,10295
10257,10295
10258,10295
10259,10295
10260,10295
10261,10295
10262,10295
10263,10295
10264,10295
10265,10295
10266,10295
10267,10295
10268,10295
10269,10295
10270,10295
10271,10295
10272,10295
10273,10295
10274,10295
10275,10295
10276,10295
10277,10295
10278,10295
10279,10295
10280,10295
10281,10295
10282,10295
10283,10295
10284,10295
10285,10295
10286,10295
10287,10295
10288,10295
10289,10295
10290,10295
10291,10295
10292,10295
10293,10295
10294,10295
10295,10295
10296,10295
10297,10295
10298,10295
10299,10295
10300,10295
10301,10295
10302,10295
10303,10295
10304,10295
10305,10295
10306,10295
10307,10295
10308,10295
10309,10295
10310,10295
10311,10295
10312,10295
10313,10295
10314,10295
10315,10295
10316,10295
10317,10295
10318,10295
10319,10295
10320,10295
10321,10295
10322,10295
10323,10295
10324,10295
10325,10295
10326,10295
10327,10295
10328,10295
10329,10295
10330,10295
10331,10295
10332,10295
10333,10295
10334,10295
10335,10295
10336,10295
10088,10296
10089,10296
10090,10296
10091,10296
10092,10296
10093,10296
10094,10296
10095,10296
10096,10296
10097,10296
10098,10296
10099,10296
10100,10296
10101,10296
10102,10296
10103,10296
10104,10296
10105,10296
10106,10296
10107,10296
10108,10296
10109,10296
10110,10296
10111,10296
10112,10296
10113,10296
10114,10296
10115,10296
10116,10296
10117,10296
10118,10296
10119,10296
10120,10296
10121,10296
10122,10296
10123,10296
10124,10296
10125,10296
10126,10296
10127,10296
10128,10296
10129,10296
10130,10296
10131,10296
10132,10296
10133,10296
10134,10296
10135,10296
10136,10296
10137,10296
10138,10296
10139,10296
10140,10296
10141,10296
10142,10296
10143,10296
10144,10296
10145,10296
10146,10296
10147,10296
10148,10296
10149,10296
10150,10296
10151,10296
10152,10296
10153,10296
10154,10296
10155,10296
10156,10296
10157,10296
10158,10296
10159,10296
10160,10296
10161,10296
10162,10296
10163,10296
10164,10296
10165,10296
10166,10296
10167,10296
10168,10296
10169,10296
10170,10296
10171,10296
10172,10296
10173,10296
10174,10296
10175,10296
10176,10296
10177,10296
10178,10296
10179,10296
10180,10296
10181,10296
10182,10296
10183,10296
10184,10296
10185,10296
10186,10296
10187,10296
10188,10296
10189,10296
10190,10296
10191,10296
10192,10296
10193,10296
10194,10296
10195,10296
10196,10296
10197,10296
10198,10296
10199,10296
10200,10296
10201,10296
10202,10296
10203,10296
10204,10296
10205,10296
10206,10296
10207,10296
10208,10296
10209,10296
10210,10296
10211,10296
10212,10296
10213,10296
10214,10296
10215,10296
10216,10296
10217,10296
10218,10296
10219,10296
10220,10296
10221,10296
10222,10296
10223,10296
10224,10296
10225,10296
10226,10296
10227,10296
10228,10296
10229,10296
10230,10296
10231,10296
10232,10296
10233,10296
10234,10296
10235,10296
10236,10296
10237,10296
10238,10296
10239,10296
10240,10296
10241,10296
10242,10296
10243,10296
10244,10296
10245,10296
10246,10296
10247,10296
10248,10296
10249,10296
10250,10296
10251,10296
10252,10296
10253,10296
10254,10296
10255,10296
10256,10296
10257,10296
10258,10296
10259,10296
10260,10296
10261,10296
10262,10296
10263,10296
10264,10296
10265,10296
10266,10296
10267,10296
10268,10296
10269,10296
10270,10296
10271,10296
10272,10296
10273,10296
10274,10296
10275,10296
10276,10296
10277,10296
10278,10296
10279,10296
10280,10296
10281,10296
10282,10296
10283,10296
10284,10296
10285,10296
10286,10296
10287,10296
10288,10296
10289,10296
10290,10296
10291,10296
10292,10296
10293,10296
10294,10296
10295,10296
10296,10296
10297,10296
10298,10296
10299,10296
10300,10296
10301,10296
10302,10296
10303,10296
10304,10296
10305,10296
10306,10296
10307,10296
10308,10296
10309,10296
10310,10296
10311,10296
10312,10296
10313,10296
10314,10296
10315,10296
10316,10296
10317,10296
10318,10296
10319,10296
10320,10296
10321,10296
10322,10296
10323,10296
10324,10296
10325,10296
10326,10296
10327,10296
10328,10296
10329,10296
10330,10296
10331,10296
10332,10296
10333,10296
10334,10296
10335,10296
10336,10296
10088,10297
10089,10297
10090,10297
10091,10297
10092,10297
10093,10297
10094,10297
10095,10297
10096,10297
10097,10297
10098,10297
10099,10297
10100,10297
10101,10297
10102,10297
10103,10297
10104,10297
10105,10297
10106,10297
10107,10297
10108,10297
10109,10297
10110,10297
10111,10297
10112,10297
10113,10297
10114,10297
10115,10297
10116,10297
10117,10297
10118,10297
10119,10297
10120,10297
10121,10297
10122,10297
10123,10297
10124,10297
10125,10297
10126,10297
10127,10297
10128,10297
10129,10297
10130,10297
10131,10297
10132,10297
10133,10297
10134,10297
10135,10297
10136,10297
10137,10297
10138,10297
10139,10297
10140,10297
10141,10297
10142,10297
10143,10297
10144,10297
10145,10297
10146,10297
10147,10297
10148,10297
10149,10297
10150,10297
10151,10297
10152,10297
10153,10297
10154,10297
10155,10297
10156,10297
10157,10297
10158,10297
10159,10297
10160,10297
10161,10297
10162,10297
10163,10297
10164,10297
10165,10297
10166,10297
10167,10297
10168,10297
10169,10297
10170,10297
10171,10297
10172,10297
10173,10297
10174,10297
10175,10297
10176,10297
10177,10297
10178,10297
10179,10297
10180,10297
10181,10297
10182,10297
10183,10297
10184,10297
10185,10297
10186,10297
10187,10297
10188,10297
10189,10297
10190,10297
10191,10297
10192,10297
10193,10297
10194,10297
10195,10297
10196,10297
10197,10297
10198,10297
10199,10297
10200,10297
10201,10297
10202,10297
10203,10297
10204,10297
10205,10297
10206,10297
10207,10297
10208,10297
10209,10297
10210,10297
10211,10297
10212,10297
10213,10297
10214,10297
10215,10297
10216,10297
10217,10297
10218,10297
10219,10297
10220,10297
10221,10297
10222,10297
10223,10297
10224,10297
10225,10297
10226,10297
10227,10297
10228,10297
10229,10297
10230,10297
10231,10297
10232,10297
10233,10297
10234,10297
10235,10297
10236,10297
10237,10297
10238,10297
10239,10297
10240,10297
10241,10297
10242,10297
10243,10297
10244,10297
10245,10297
10246,10297
10247,10297
10248,10297
10249,10297
10250,10297
10251,10297
10252,10297
10253,10297
10254,10297
10255,10297
10256,10297
10257,10297
10258,10297
10259,10297
10260,10297
10261,10297
10262,10297
10263,10297
10264,10297
10265,10297
10266,10297
10267,10297
10268,10297
10269,10297
10270,10297
10271,10297
10272,10297
10273,10297
10274,10297
10275,10297
10276,10297
10277,10297
10278,10297
10279,10297
10280,10297
10281,10297
10282,10297
10283,10297
10284,10297
10285,10297
10286,10297
10287,10297
10288,10297
10289,10297
10290,10297
10291,10297
10292,10297
10293,10297
10294,10297
10295,10297
10296,10297
10297,10297
10298,10297
10299,10297
10300,10297
10301,10297
10302,10297
10303,10297
10304,10297
10305,10297
10306,10297
10307,10297
10308,10297
10309,10297
10310,10297
10311,10297
10312,10297
10313,10297
10314,10297
10315,10297
10316,10297
10317,10297
10318,10297
10319,10297
10320,10297
10321,10297
10322,10297
10323,10297
10324,10297
10325,10297
10326,10297
10327,10297
10328,10297
10329,10297
10330,10297
10331,10297
10332,10297
10333,10297
10334,10297
10335,10297
10336,10297
10088,10298
10089,10298
10090,10298
10091,10298
10092,10298
10093,10298
10094,10298
10095,10298
10096,10298
10097,10298
10098,10298
10099,10298
10100,10298
10101,10298
10102,10298
10103,10298
10104,10298
10105,10298
10106,10298
10107,10298
10108,10298
10109,10298
10110,10298
10111,10298
10112,10298
10113,10298
10114,10298
10115,10298
10116,10298
10117,10298
10118,10298
10119,10298
10120,10298
10121,10298
10122,10298
10123,10298
10124,10298
10125,10298
10126,10298
10127,10298
10128,10298
10129,10298
10130,10298
10131,10298
10132,10298
10133,10298
10134,10298
10135,10298
10136,10298
10137,10298
10138,10298
10139,10298
10140,10298
10141,10298
10142,10298
10143,10298
10144,10298
10145,10298
10146,10298
10147,10298
10148,10298
10149,10298
10150,10298
10151,10298
10152,10298
10153,10298
10154,10298
10155,10298
10156,10298
10157,10298
10158,10298
10159,10298
10160,10298
10161,10298
10162,10298
10163,10298
10164,10298
10165,10298
10166,10298
10167,10298
10168,10298
10169,10298
10170,10298
10171,10298
10172,10298
10173,10298
10174,10298
10175,10298
10176,10298
10177,10298
10178,10298
10179,10298
10180,10298
10181,10298
10182,10298
10183,10298
10184,10298
10185,10298
10186,10298
10187,10298
10188,10298
10189,10298
10190,10298
10191,10298
10192,10298
10193,10298
10194,10298
10195,10298
10196,10298
10197,10298
10198,10298
10199,10298
10200,10298
10201,10298
10202,10298
10203,10298
10204,10298
10205,10298
10206,10298
10207,10298
10208,10298
10209,10298
10210,10298
10211,10298
10212,10298
10213,10298
10214,10298
10215,10298
10216,10298
10217,10298
10218,10298
10219,10298
10220,10298
10221,10298
10222,10298
10223,10298
10224,10298
10225,10298
10226,10298
10227,10298
10228,10298
10229,10298
10230,10298
10231,10298
10232,10298
10233,10298
10234,10298
10235,10298
10236,10298
10237,10298
10238,10298
10239,10298
10240,10298
10241,10298
10242,10298
10243,10298
10244,10298
10245,10298
10246,10298
10247,10298
10248,10298
10249,10298
10250,10298
10251,10298
10252,10298
10253,10298
10254,10298
10255,10298
10256,10298
10257,10298
10258,10298
10259,10298
10260,10298
10261,10298
10262,10298
10263,10298
10264,10298
10265,10298
10266,10298
10267,10298
10268,10298
10269,10298
10270,10298
10271,10298
10272,10298
10273,10298
10274,10298
10275,10298
10276,10298
10277,10298
10278,10298
10279,10298
10280,10298
10281,10298
10282,10298
10283,10298
10284,10298
10285,10298
10286,10298
10287,10298
10288,10298
10289,10298
10290,10298
10291,10298
10292,10298
10293,10298
10294,10298
10295,10298
10296,10298
10297,10298
10298,10298
10299,10298
10300,10298
10301,10298
10302,10298
10303,10298
10304,10298
10305,10298
10306,10298
10307,10298
10308,10298
10309,10298
10310,10298
10311,10298
10312,10298
10313,10298
10314,10298
10315,10298
10316,10298
10317,10298
10318,10298
10319,10298
10320,10298
10321,10298
10322,10298
10323,10298
10324,10298
10325,10298
10326,10298
10327,10298
10328,10298
10329,10298
10330,10298
10331,10298
10332,10298
10333,10298
10334,10298
10335,10298
10336,10298
10088,10299
10089,10299
10090,10299
10091,10299
10092,10299
10093,10299
10094,10299
10095,10299
10096,10299
10097,10299
10098,10299
10099,10299
10100,10299
10101,10299
10102,10299
10103,10299
10104,10299
10105,10299
10106,10299
10107,10299
10108,10299
10109,10299
10110,10299
10111,10299
10112,10299
10113,10299
10114,10299
10115,10299
10116,10299
10117,10299
10118,10299
10119,10299
10120,10299
10121,10299
10122,10299
10123,10299
10124,10299
10125,10299
10126,10299
10127,10299
10128,10299
10129,10299
10130,10299
10131,10299
10132,10299
10133,10299
10134,10299
10135,10299
10136,10299
10137,10299
10138,10299
10139,10299
10140,10299
10141,10299
10142,10299
10143,10299
10144,10299
10145,10299
10146,10299
10147,10299
10148,10299
10149,10299
10150,10299
10151,10299
10152,10299
10153,10299
10154,10299
10155,10299
10156,10299
10157,10299
10158,10299
10159,10299
10160,10299
10161,10299
10162,10299
10163,10299
10164,10299
10165,10299
10166,10299
10167,10299
10168,10299
10169,10299
10170,10299
10171,10299
10172,10299
10173,10299
10174,10299
10175,10299
10176,10299
10177,10299
10178,10299
10179,10299
10180,10299
10181,10299
10182,10299
10183,10299
10184,10299
10185,10299
10186,10299
10187,10299
10188,10299
10189,10299
10190,10299
10191,10299
10192,10299
10193,10299
10194,10299
10195,10299
10196,10299
10197,10299
10198,10299
10199,10299
10200,10299
10201,10299
10202,10299
10203,10299
10204,10299
10205,10299
10206,10299
10207,10299
10208,10299
10209,10299
10210,10299
10211,10299
10212,10299
10213,10299
10214,10299
10215,10299
10216,10299
10217,10299
10218,10299
10219,10299
10220,10299
10221,10299
10222,10299
10223,10299
10224,10299
10225,10299
10226,10299
10227,10299
10228,10299
10229,10299
10230,10299
10231,10299
10232,10299
10233,10299
10234,10299
10235,10299
10236,10299
10237,10299
10238,10299
10239,10299
10240,10299
10241,10299
10242,10299
10243,10299
10244,10299
10245,10299
10246,10299
10247,10299
10248,10299
10249,10299
10250,10299
10251,10299
10252,10299
10253,10299
10254,10299
10255,10299
10256,10299
10257,10299
10258,10299
10259,10299
10260,10299
10261,10299
10262,10299
10263,10299
10264,10299
10265,10299
10266,10299
10267,10299
10268,10299
10269,10299
10270,10299
10271,10299
10272,10299
10273,10299
10274,10299
10275,10299
10276,10299
10277,10299
10278,10299
10279,10299
10280,10299
10281,10299
10282,10299
10283,10299
10284,10299
10285,10299
10286,10299
10287,10299
10288,10299
10289,10299
10290,10299
10291,10299
10292,10299
10293,10299
10294,10299
10295,10299
10296,10299
10297,10299
10298,10299
10299,10299
10300,10299
10301,10299
10302,10299
10303,10299
10304,10299
10305,10299
10306,10299
10307,10299
10308,10299
10309,10299
10310,10299
10311,10299
10312,10299
10313,10299
10314,10299
10315,10299
10316,10299
10317,10299
10318,10299
10319,10299
10320,10299
10321,10299
10322,10299
10323,10299
10324,10299
10325,10299
10326,10299
10327,10299
10328,10299
10329,10299
10330,10299
10331,10299
10332,10299
10333,10299
10334,10299
10335,10299
10336,10299
10088,10300
10089,10300
10090,10300
10091,10300
10092,10300
10093,10300
10094,10300
10095,10300
10096,10300
10097,10300
10098,10300
10099,10300
10100,10300
10101,10300
10102,10300
10103,10300
10104,10300
10105,10300
10106,10300
10107,10300
10108,10300
10109,10300
10110,10300
10111,10300
10112,10300
10113,10300
10114,10300
10115,10300
10116,10300
10117,10300
10118,10300
10119,10300
10120,10300
10121,10300
10122,10300
10123,10300
10124,10300
10125,10300
10126,10300
10127,10300
10128,10300
10129,10300
10130,10300
10131,10300
10132,10300
10133,10300
10134,10300
10135,10300
10136,10300
10137,10300
10138,10300
10139,10300
10140,10300
10141,10300
10142,10300
10143,10300
10144,10300
10145,10300
10146,10300
10147,10300
10148,10300
10149,10300
10150,10300
10151,10300
10152,10300
10153,10300
10154,10300
10155,10300
10156,10300
10157,10300
10158,10300
10159,10300
10160,10300
10161,10300
10162,10300
10163,10300
10164,10300
10165,10300
10166,10300
10167,10300
10168,10300
10169,10300
10170,10300
10171,10300
10172,10300
10173,10300
10174,10300
10175,10300
10176,10300
10177,10300
10178,10300
10179,10300
10180,10300
10181,10300
10182,10300
10183,10300
10184,10300
10185,10300
10186,10300
10187,10300
10188,10300
10189,10300
10190,10300
10191,10300
10192,10300
10193,10300
10194,10300
10195,10300
10196,10300
10197,10300
10198,10300
10199,10300
10200,10300
10201,10300
10202,10300
10203,10300
10204,10300
10205,10300
10206,10300
10207,10300
10208,10300
10209,10300
10210,10300
10211,10300
10212,10300
10213,10300
10214,10300
10215,10300
10216,10300
10217,10300
10218,10300
10219,10300
10220,10300
10221,10300
10222,10300
10223,10300
10224,10300
10225,10300
10226,10300
10227,10300
10228,10300
10229,10300
10230,10300
10231,10300
10232,10300
10233,10300
10234,10300
10235,10300
10236,10300
10237,10300
10238,10300
10239,10300
10240,10300
10241,10300
10242,10300
10243,10300
10244,10300
10245,10300
10246,10300
10247,10300
10248,10300
10249,10300
10250,10300
10251,10300
10252,10300
10253,10300
10254,10300
10255,10300
10256,10300
10257,10300
10258,10300
10259,10300
10260,10300
10261,10300
10262,10300
10263,10300
10264,10300
10265,10300
10266,10300
10267,10300
10268,10300
10269,10300
10270,10300
10271,10300
10272,10300
10273,10300
10274,10300
10275,10300
10276,10300
10277,10300
10278,10300
10279,10300
10280,10300
10281,10300
10282,10300
10283,10300
10284,10300
10285,10300
10286,10300
10287,10300
10288,10300
10289,10300
10290,10300
10291,10300
10292,10300
10293,10300
10294,10300
10295,10300
10296,10300
10297,10300
10298,10300
10299,10300
10300,10300
10301,10300
10302,10300
10303,10300
10304,10300
10305,10300
10306,10300
10307,10300
10308,10300
10309,10300
10310,10300
10311,10300
10312,10300
10313,10300
10314,10300
10315,10300
10316,10300
10317,10300
10318,10300
10319,10300
10320,10300
10321,10300
10322,10300
10323,10300
10324,10300
10325,10300
10326,10300
10327,10300
10328,10300
10329,10300
10330,10300
10331,10300
10332,10300
10333,10300
10334,10300
10335,10300
10336,10300
10088,10301
10089,10301
10090,10301
10091,10301
10092,10301
10093,10301
10094,10301
10095,10301
10096,10301
10097,10301
10098,10301
10099,10301
10100,10301
10101,10301
10102,10301
10103,10301
10104,10301
10105,10301
10106,10301
10107,10301
10108,10301
10109,10301
10110,10301
10111,10301
10112,10301
10113,10301
10114,10301
10115,10301
10116,10301
10117,10301
10118,10301
10119,10301
10120,10301
10121,10301
10122,10301
10123,10301
10124,10301
10125,10301
10126,10301
10127,10301
10128,10301
10129,10301
10130,10301
10131,10301
10132,10301
10133,10301
10134,10301
10135,10301
10136,10301
10137,10301
10138,10301
10139,10301
10140,10301
10141,10301
10142,10301
10143,10301
10144,10301
10145,10301
10146,10301
10147,10301
10148,10301
10149,10301
10150,10301
10151,10301
10152,10301
10153,10301
10154,10301
10155,10301
10156,10301
10157,10301
10158,10301
10159,10301
10160,10301
10161,10301
10162,10301
10163,10301
10164,10301
10165,10301
10166,10301
10167,10301
10168,10301
10169,10301
10170,10301
10171,10301
10172,10301
10173,10301
10174,10301
10175,10301
10176,10301
10177,10301
10178,10301
10179,10301
10180,10301
10181,10301
10182,10301
10183,10301
10184,10301
10185,10301
10186,10301
10187,10301
10188,10301
10189,10301
10190,10301
10191,10301
10192,10301
10193,10301
10194,10301
10195,10301
10196,10301
10197,10301
10198,10301
10199,10301
10200,10301
10201,10301
10202,10301
10203,10301
10204,10301
10205,10301
10206,10301
10207,10301
10208,10301
10209,10301
10210,10301
10211,10301
10212,10301
10213,10301
10214,10301
10215,10301
10216,10301
10217,10301
10218,10301
10219,10301
10220,10301
10221,10301
10222,10301
10223,10301
10224,10301
10225,10301
10226,10301
10227,10301
10228,10301
10229,10301
10230,10301
10231,10301
10232,10301
10233,10301
10234,10301
10235,10301
10236,10301
10237,10301
10238,10301
10239,10301
10240,10301
10241,10301
10242,10301
10243,10301
10244,10301
10245,10301
10246,10301
10247,10301
10248,10301
10249,10301
10250,10301
10251,10301
10252,10301
10253,10301
10254,10301
10255,10301
10256,10301
10257,10301
10258,10301
10259,10301
10260,10301
10261,10301
10262,10301
10263,10301
10264,10301
10265,10301
10266,10301
10267,10301
10268,10301
10269,10301
10270,10301
10271,10301
10272,10301
10273,10301
10274,10301
10275,10301
10276,10301
10277,10301
10278,10301
10279,10301
10280,10301
10281,10301
10282,10301
10283,10301
10284,10301
10285,10301
10286,10301
10287,10301
10288,10301
10289,10301
10290,10301
10291,10301
10292,10301
10293,10301
10294,10301
10295,10301
10296,10301
10297,10301
10298,10301
10299,10301
10300,10301
10301,10301
10302,10301
10303,10301
10304,10301
10305,10301
10306,10301
10307,10301
10308,10301
10309,10301
10310,10301
10311,10301
10312,10301
10313,10301
10314,10301
10315,10301
10316,10301
10317,10301
10318,10301
10319,10301
10320,10301
10321,10301
10322,10301
10323,10301
10324,10301
10325,10301
10326,10301
10327,10301
10328,10301
10329,10301
10330,10301
10331,10301
10332,10301
10333,10301
10334,10301
10335,10301
10336,10301
10088,10302
10089,10302
10090,10302
10091,10302
10092,10302
10093,10302
10094,10302
10095,10302
10096,10302
10097,10302
10098,10302
10099,10302
10100,10302
10101,10302
10102,10302
10103,10302
10104,10302
10105,10302
10106,10302
10107,10302
10108,10302
10109,10302
10110,10302
10111,10302
10112,10302
10113,10302
10114,10302
10115,10302
10116,10302
10117,10302
10118,10302
10119,10302
10120,10302
10121,10302
10122,10302
10123,10302
10124,10302
10125,10302
10126,10302
10127,10302
10128,10302
10129,10302
10130,10302
10131,10302
10132,10302
10133,10302
10134,10302
10135,10302
10136,10302
10137,10302
10138,10302
10139,10302
10140,10302
10141,10302
10142,10302
10143,10302
10144,10302
10145,10302
10146,10302
10147,10302
10148,10302
10149,10302
10150,10302
10151,10302
10152,10302
10153,10302
10154,10302
10155,10302
10156,10302
10157,10302
10158,10302
10159,10302
10160,10302
10161,10302
10162,10302
10163,10302
10164,10302
10165,10302
10166,10302
10167,10302
10168,10302
10169,10302
10170,10302
10171,10302
10172,10302
10173,10302
10174,10302
10175,10302
10176,10302
10177,10302
10178,10302
10179,10302
10180,10302
10181,10302
10182,10302
10183,10302
10184,10302
10185,10302
10186,10302
10187,10302
10188,10302
10189,10302
10190,10302
10191,10302
10192,10302
10193,10302
10194,10302
10195,10302
10196,10302
10197,10302
10198,10302
10199,10302
10200,10302
10201,10302
10202,10302
10203,10302
10204,10302
10205,10302
10206,10302
10207,10302
10208,10302
10209,10302
10210,10302
10211,10302
10212,10302
10213,10302
10214,10302
10215,10302
10216,10302
10217,10302
10218,10302
10219,10302
10220,10302
10221,10302
10222,10302
10223,10302
10224,10302
10225,10302
10226,10302
10227,10302
10228,10302
10229,10302
10230,10302
10231,10302
10232,10302
10233,10302
10234,10302
10235,10302
10236,10302
10237,10302
10238,10302
10239,10302
10240,10302
10241,10302
10242,10302
10243,10302
10244,10302
10245,10302
10246,10302
10247,10302
10248,10302
10249,10302
10250,10302
10251,10302
10252,10302
10253,10302
10254,10302
10255,10302
10256,10302
10257,10302
10258,10302
10259,10302
10260,10302
10261,10302
10262,10302
10263,10302
10264,10302
10265,10302
10266,10302
10267,10302
10268,10302
10269,10302
10270,10302
10271,10302
10272,10302
10273,10302
10274,10302
10275,10302
10276,10302
10277,10302
10278,10302
10279,10302
10280,10302
10281,10302
10282,10302
10283,10302
10284,10302
10285,10302
10286,10302
10287,10302
10288,10302
10289,10302
10290,10302
10291,10302
10292,10302
10293,10302
10294,10302
10295,10302
10296,10302
10297,10302
10298,10302
10299,10302
10300,10302
10301,10302
10302,10302
10303,10302
10304,10302
10305,10302
10306,10302
10307,10302
10308,10302
10309,10302
10310,10302
10311,10302
10312,10302
10313,10302
10314,10302
10315,10302
10316,10302
10317,10302
10318,10302
10319,10302
10320,10302
10321,10302
10322,10302
10323,10302
10324,10302
10325,10302
10326,10302
10327,10302
10328,10302
10329,10302
10330,10302
10331,10302
10332,10302
10333,10302
10334,10302
10335,10302
10336,10302
10088,10303
10089,10303
10090,10303
10091,10303
10092,10303
10093,10303
10094,10303
10095,10303
10096,10303
10097,10303
10098,10303
10099,10303
10100,10303
10101,10303
10102,10303
10103,10303
10104,10303
10105,10303
10106,10303
10107,10303
10108,10303
10109,10303
10110,10303
10111,10303
10112,10303
10113,10303
10114,10303
10115,10303
10116,10303
10117,10303
10118,10303
10119,10303
10120,10303
10121,10303
10122,10303
10123,10303
10124,10303
10125,10303
10126,10303
10127,10303
10128,10303
10129,10303
10130,10303
10131,10303
10132,10303
10133,10303
10134,10303
10135,10303
10136,10303
10137,10303
10138,10303
10139,10303
10140,10303
10141,10303
10142,10303
10143,10303
10144,10303
10145,10303
10146,10303
10147,10303
10148,10303
10149,10303
10150,10303
10151,10303
10152,10303
10153,10303
10154,10303
10155,10303
10156,10303
10157,10303
10158,10303
10159,10303
10160,10303
10161,10303
10162,10303
10163,10303
10164,10303
10165,10303
10166,10303
10167,10303
10168,10303
10169,10303
10170,10303
10171,10303
10172,10303
10173,10303
10174,10303
10175,10303
10176,10303
10177,10303
10178,10303
10179,10303
10180,10303
10181,10303
10182,10303
10183,10303
10184,10303
10185,10303
10186,10303
10187,10303
10188,10303
10189,10303
10190,10303
10191,10303
10192,10303
10193,10303
10194,10303
10195,10303
10196,10303
10197,10303
10198,10303
10199,10303
10200,10303
10201,10303
10202,10303
10203,10303
10204,10303
10205,10303
10206,10303
10207,10303
10208,10303
10209,10303
10210,10303
10211,10303
10212,10303
10213,10303
10214,10303
10215,10303
10216,10303
10217,10303
10218,10303
10219,10303
10220,10303
10221,10303
10222,10303
10223,10303
10224,10303
10225,10303
10226,10303
10227,10303
10228,10303
10229,10303
10230,10303
10231,10303
10232,10303
10233,10303
10234,10303
10235,10303
10236,10303
10237,10303
10238,10303
10239,10303
10240,10303
10241,10303
10242,10303
10243,10303
10244,10303
10245,10303
10246,10303
10247,10303
10248,10303
10249,10303
10250,10303
10251,10303
10252,10303
10253,10303
10254,10303
10255,10303
10256,10303
10257,10303
10258,10303
10259,10303
10260,10303
10261,10303
10262,10303
10263,10303
10264,10303
10265,10303
10266,10303
10267,10303
10268,10303
10269,10303
10270,10303
10271,10303
10272,10303
10273,10303
10274,10303
10275,10303
10276,10303
10277,10303
10278,10303
10279,10303
10280,10303
10281,10303
10282,10303
10283,10303
10284,10303
10285,10303
10286,10303
10287,10303
10288,10303
10289,10303
10290,10303
10291,10303
10292,10303
10293,10303
10294,10303
10295,10303
10296,10303
10297,10303
10298,10303
10299,10303
10300,10303
10301,10303
10302,10303
10303,10303
10304,10303
10305,10303
10306,10303
10307,10303
10308,10303
10309,10303
10310,10303
10311,10303
10312,10303
10313,10303
10314,10303
10315,10303
10316,10303
10317,10303
10318,10303
10319,10303
10320,10303
10321,10303
10322,10303
10323,10303
10324,10303
10325,10303
10326,10303
10327,10303
10328,10303
10329,10303
10330,10303
10331,10303
10332,10303
10333,10303
10334,10303
10335,10303
10336,10303
10088,10304
10089,10304
10090,10304
10091,10304
10092,10304
10093,10304
10094,10304
10095,10304
10096,10304
10097,10304
10098,10304
10099,10304
10100,10304
10101,10304
10102,10304
10103,10304
10104,10304
10105,10304
10106,10304
10107,10304
10108,10304
10109,10304
10110,10304
10111,10304
10112,10304
10113,10304
10114,10304
10115,10304
10116,10304
10117,10304
10118,10304
10119,10304
10120,10304
10121,10304
10122,10304
10123,10304
10124,10304
10125,10304
10126,10304
10127,10304
10128,10304
10129,10304
10130,10304
10131,10304
10132,10304
10133,10304
10134,10304
10135,10304
10136,10304
10137,10304
10138,10304
10139,10304
10140,10304
10141,10304
10142,10304
10143,10304
10144,10304
10145,10304
10146,10304
10147,10304
10148,10304
10149,10304
10150,10304
10151,10304
10152,10304
10153,10304
10154,10304
10155,10304
10156,10304
10157,10304
10158,10304
10159,10304
10160,10304
10161,10304
10162,10304
10163,10304
10164,10304
10165,10304
10166,10304
10167,10304
10168,10304
10169,10304
10170,10304
10171,10304
10172,10304
10173,10304
10174,10304
10175,10304
10176,10304
10177,10304
10178,10304
10179,10304
10180,10304
10181,10304
10182,10304
10183,10304
10184,10304
10185,10304
10186,10304
10187,10304
10188,10304
10189,10304
10190,10304
10191,10304
10192,10304
10193,10304
10194,10304
10195,10304
10196,10304
10197,10304
10198,10304
10199,10304
10200,10304
10201,10304
10202,10304
10203,10304
10204,10304
10205,10304
10206,10304
10207,10304
10208,10304
10209,10304
10210,10304
10211,10304
10212,10304
10213,10304
10214,10304
10215,10304
10216,10304
10217,10304
10218,10304
10219,10304
10220,10304
10221,10304
10222,10304
10223,10304
10224,10304
10225,10304
10226,10304
10227,10304
10228,10304
10229,10304
10230,10304
10231,10304
10232,10304
10233,10304
10234,10304
10235,10304
10236,10304
10237,10304
10238,10304
10239,10304
10240,10304
10241,10304
10242,10304
10243,10304
10244,10304
10245,10304
10246,10304
10247,10304
10248,10304
10249,10304
10250,10304
10251,10304
10252,10304
10253,10304
10254,10304
10255,10304
10256,10304
10257,10304
10258,10304
10259,10304
10260,10304
10261,10304
10262,10304
10263,10304
10264,10304
10265,10304
10266,10304
10267,10304
10268,10304
10269,10304
10270,10304
10271,10304
10272,10304
10273,10304
10274,10304
10275,10304
10276,10304
10277,10304
10278,10304
10279,10304
10280,10304
10281,10304
10282,10304
10283,10304
10284,10304
10285,10304
10286,10304
10287,10304
10288,10304
10289,10304
10290,10304
10291,10304
10292,10304
10293,10304
10294,10304
10295,10304
10296,10304
10297,10304
10298,10304
10299,10304
10300,10304
10301,10304
10302,10304
10303,10304
10304,10304
10305,10304
10306,10304
10307,10304
10308,10304
10309,10304
10310,10304
10311,10304
10312,10304
10313,10304
10314,10304
10315,10304
10316,10304
10317,10304
10318,10304
10319,10304
10320,10304
10321,10304
10322,10304
10323,10304
10324,10304
10325,10304
10326,10304
10327,10304
10328,10304
10329,10304
10330,10304
10331,10304
10332,10304
10333,10304
10334,10304
10335,10304
10336,10304
10088,10305
10089,10305
10090,10305
10091,10305
10092,10305
10093,10305
10094,10305
10095,10305
10096,10305
10097,10305
10098,10305
10099,10305
10100,10305
10101,10305
10102,10305
10103,10305
10104,10305
10105,10305
10106,10305
10107,10305
10108,10305
10109,10305
10110,10305
10111,10305
10112,10305
10113,10305
10114,10305
10115,10305
10116,10305
10117,10305
10118,10305
10119,10305
10120,10305
10121,10305
10122,10305
10123,10305
10124,10305
10125,10305
10126,10305
10127,10305
10128,10305
10129,10305
10130,10305
10131,10305
10132,10305
10133,10305
10134,10305
10135,10305
10136,10305
10137,10305
10138,10305
10139,10305
10140,10305
10141,10305
10142,10305
10143,10305
10144,10305
10145,10305
10146,10305
10147,10305
10148,10305
10149,10305
10150,10305
10151,10305
10152,10305
10153,10305
10154,10305
10155,10305
10156,10305
10157,10305
10158,10305
10159,10305
10160,10305
10161,10305
10162,10305
10163,10305
10164,10305
10165,10305
10166,10305
10167,10305
10168,10305
10169,10305
10170,10305
10171,10305
10172,10305
10173,10305
10174,10305
10175,10305
10176,10305
10177,10305
10178,10305
10179,10305
10180,10305
10181,10305
10182,10305
10183,10305
10184,10305
10185,10305
10186,10305
10187,10305
10188,10305
10189,10305
10190,10305
10191,10305
10192,10305
10193,10305
10194,10305
10195,10305
10196,10305
10197,10305
10198,10305
10199,10305
10200,10305
10201,10305
10202,10305
10203,10305
10204,10305
10205,10305
10206,10305
10207,10305
10208,10305
10209,10305
10210,10305
10211,10305
10212,10305
10213,10305
10214,10305
10215,10305
10216,10305
10217,10305
10218,10305
10219,10305
10220,10305
10221,10305
10222,10305
10223,10305
10224,10305
10225,10305
10226,10305
10227,10305
10228,10305
10229,10305
10230,10305
10231,10305
10232,10305
10233,10305
10234,10305
10235,10305
10236,10305
10237,10305
10238,10305
10239,10305
10240,10305
10241,10305
10242,10305
10243,10305
10244,10305
10245,10305
10246,10305
10247,10305
10248,10305
10249,10305
10250,10305
10251,10305
10252,10305
10253,10305
10254,10305
10255,10305
10256,10305
10257,10305
10258,10305
10259,10305
10260,10305
10261,10305
10262,10305
10263,10305
10264,10305
10265,10305
10266,10305
10267,10305
10268,10305
10269,10305
10270,10305
10271,10305
10272,10305
10273,10305
10274,10305
10275,10305
10276,10305
10277,10305
10278,10305
10279,10305
10280,10305
10281,10305
10282,10305
10283,10305
10284,10305
10285,10305
10286,10305
10287,10305
10288,10305
10289,10305
10290,10305
10291,10305
10292,10305
10293,10305
10294,10305
10295,10305
10296,10305
10297,10305
10298,10305
10299,10305
10300,10305
10301,10305
10302,10305
10303,10305
10304,10305
10305,10305
10306,10305
10307,10305
10308,10305
10309,10305
10310,10305
10311,10305
10312,10305
10313,10305
10314,10305
10315,10305
10316,10305
10317,10305
10318,10305
10319,10305
10320,10305
10321,10305
10322,10305
10323,10305
10324,10305
10325,10305
10326,10305
10327,10305
10328,10305
10329,10305
10330,10305
10331,10305
10332,10305
10333,10305
10334,10305
10335,10305
10336,10305
10088,10306
10089,10306
10090,10306
10091,10306
10092,10306
10093,10306
10094,10306
10095,10306
10096,10306
10097,10306
10098,10306
10099,10306
10100,10306
10101,10306
10102,10306
10103,10306
10104,10306
10105,10306
10106,10306
10107,10306
10108,10306
10109,10306
10110,10306
10111,10306
10112,10306
10113,10306
10114,10306
10115,10306
10116,10306
10117,10306
10118,10306
10119,10306
10120,10306
10121,10306
10122,10306
10123,10306
10124,10306
10125,10306
10126,10306
10127,10306
10128,10306
10129,10306
10130,10306
10131,10306
10132,10306
10133,10306
10134,10306
10135,10306
10136,10306
10137,10306
10138,10306
10139,10306
10140,10306
10141,10306
10142,10306
10143,10306
10144,10306
10145,10306
10146,10306
10147,10306
10148,10306
10149,10306
10150,10306
10151,10306
10152,10306
10153,10306
10154,10306
10155,10306
10156,10306
10157,10306
10158,10306
10159,10306
10160,10306
10161,10306
10162,10306
10163,10306
10164,10306
10165,10306
10166,10306
10167,10306
10168,10306
10169,10306
10170,10306
10171,10306
10172,10306
10173,10306
10174,10306
10175,10306
10176,10306
10177,10306
10178,10306
10179,10306
10180,10306
10181,10306
10182,10306
10183,10306
10184,10306
10185,10306
10186,10306
10187,10306
10188,10306
10189,10306
10190,10306
10191,10306
10192,10306
10193,10306
10194,10306
10195,10306
10196,10306
10197,10306
10198,10306
10199,10306
10200,10306
10201,10306
10202,10306
10203,10306
10204,10306
10205,10306
10206,10306
10207,10306
10208,10306
10209,10306
10210,10306
10211,10306
10212,10306
10213,10306
10214,10306
10215,10306
10216,10306
10217,10306
10218,10306
10219,10306
10220,10306
10221,10306
10222,10306
10223,10306
10224,10306
10225,10306
10226,10306
10227,10306
10228,10306
10229,10306
10230,10306
10231,10306
10232,10306
10233,10306
10234,10306
10235,10306
10236,10306
10237,10306
10238,10306
10239,10306
10240,10306
10241,10306
10242,10306
10243,10306
10244,10306
10245,10306
10246,10306
10247,10306
10248,10306
10249,10306
10250,10306
10251,10306
10252,10306
10253,10306
10254,10306
10255,10306
10256,10306
10257,10306
10258,10306
10259,10306
10260,10306
10261,10306
10262,10306
10263,10306
10264,10306
10265,10306
10266,10306
10267,10306
10268,10306
10269,10306
10270,10306
10271,10306
10272,10306
10273,10306
10274,10306
10275,10306
10276,10306
10277,10306
10278,10306
10279,10306
10280,10306
10281,10306
10282,10306
10283,10306
10284,10306
10285,10306
10286,10306
10287,10306
10288,10306
10289,10306
10290,10306
10291,10306
10292,10306
10293,10306
10294,10306
10295,10306
10296,10306
10297,10306
10298,10306
10299,10306
10300,10306
10301,10306
10302,10306
10303,10306
10304,10306
10305,10306
10306,10306
10307,10306
10308,10306
10309,10306
10310,10306
10311,10306
10312,10306
10313,10306
10314,10306
10315,10306
10316,10306
10317,10306
10318,10306
10319,10306
10320,10306
10321,10306
10322,10306
10323,10306
10324,10306
10325,10306
10326,10306
10327,10306
10328,10306
10329,10306
10330,10306
10331,10306
10332,10306
10333,10306
10334,10306
10335,10306
10336,10306
10088,10307
10089,10307
10090,10307
10091,10307
10092,10307
10093,10307
10094,10307
10095,10307
10096,10307
10097,10307
10098,10307
10099,10307
10100,10307
10101,10307
10102,10307
10103,10307
10104,10307
10105,10307
10106,10307
10107,10307
10108,10307
10109,10307
10110,10307
10111,10307
10112,10307
10113,10307
10114,10307
10115,10307
10116,10307
10117,10307
10118,10307
10119,10307
10120,10307
10121,10307
10122,10307
10123,10307
10124,10307
10125,10307
10126,10307
10127,10307
10128,10307
10129,10307
10130,10307
10131,10307
10132,10307
10133,10307
10134,10307
10135,10307
10136,10307
10137,10307
10138,10307
10139,10307
10140,10307
10141,10307
10142,10307
10143,10307
10144,10307
10145,10307
10146,10307
10147,10307
10148,10307
10149,10307
10150,10307
10151,10307
10152,10307
10153,10307
10154,10307
10155,10307
10156,10307
10157,10307
10158,10307
10159,10307
10160,10307
10161,10307
10162,10307
10163,10307
10164,10307
10165,10307
10166,10307
10167,10307
10168,10307
10169,10307
10170,10307
10171,10307
10172,10307
10173,10307
10174,10307
10175,10307
10176,10307
10177,10307
10178,10307
10179,10307
10180,10307
10181,10307
10182,10307
10183,10307
10184,10307
10185,10307
10186,10307
10187,10307
10188,10307
10189,10307
10190,10307
10191,10307
10192,10307
10193,10307
10194,10307
10195,10307
10196,10307
10197,10307
10198,10307
10199,10307
10200,10307
10201,10307
10202,10307
10203,10307
10204,10307
10205,10307
10206,10307
10207,10307
10208,10307
10209,10307
10210,10307
10211,10307
10212,10307
10213,10307
10214,10307
10215,10307
10216,10307
10217,10307
10218,10307
10219,10307
10220,10307
10221,10307
10222,10307
10223,10307
10224,10307
10225,10307
10226,10307
10227,10307
10228,10307
10229,10307
10230,10307
10231,10307
10232,10307
10233,10307
10234,10307
10235,10307
10236,10307
10237,10307
10238,10307
10239,10307
10240,10307
10241,10307
10242,10307
10243,10307
10244,10307
10245,10307
10246,10307
10247,10307
10248,10307
10249,10307
10250,10307
10251,10307
10252,10307
10253,10307
10254,10307
10255,10307
10256,10307
10257,10307
10258,10307
10259,10307
10260,10307
10261,10307
10262,10307
10263,10307
10264,10307
10265,10307
10266,10307
10267,10307
10268,10307
10269,10307
10270,10307
10271,10307
10272,10307
10273,10307
10274,10307
10275,10307
10276,10307
10277,10307
10278,10307
10279,10307
10280,10307
10281,10307
10282,10307
10283,10307
10284,10307
10285,10307
10286,10307
10287,10307
10288,10307
10289,10307
10290,10307
10291,10307
10292,10307
10293,10307
10294,10307
10295,10307
10296,10307
10297,10307
10298,10307
10299,10307
10300,10307
10301,10307
10302,10307
10303,10307
10304,10307
10305,10307
10306,10307
10307,10307
10308,10307
10309,10307
10310,10307
10311,10307
10312,10307
10313,10307
10314,10307
10315,10307
10316,10307
10317,10307
10318,10307
10319,10307
10320,10307
10321,10307
10322,10307
10323,10307
10324,10307
10325,10307
10326,10307
10327,10307
10328,10307
10329,10307
10330,10307
10331,10307
10332,10307
10333,10307
10334,10307
10335,10307
10336,10307
10088,10308
10089,10308
10090,10308
10091,10308
10092,10308
10093,10308
10094,10308
10095,10308
10096,10308
10097,10308
10098,10308
10099,10308
10100,10308
10101,10308
10102,10308
10103,10308
10104,10308
10105,10308
10106,10308
10107,10308
10108,10308
10109,10308
10110,10308
10111,10308
10112,10308
10113,10308
10114,10308
10115,10308
10116,10308
10117,10308
10118,10308
10119,10308
10120,10308
10121,10308
10122,10308
10123,10308
10124,10308
10125,10308
10126,10308
10127,10308
10128,10308
10129,10308
10130,10308
10131,10308
10132,10308
10133,10308
10134,10308
10135,10308
10136,10308
10137,10308
10138,10308
10139,10308
10140,10308
10141,10308
10142,10308
10143,10308
10144,10308
10145,10308
10146,10308
10147,10308
10148,10308
10149,10308
10150,10308
10151,10308
10152,10308
10153,10308
10154,10308
10155,10308
10156,10308
10157,10308
10158,10308
10159,10308
10160,10308
10161,10308
10162,10308
10163,10308
10164,10308
10165,10308
10166,10308
10167,10308
10168,10308
10169,10308
10170,10308
10171,10308
10172,10308
10173,10308
10174,10308
10175,10308
10176,10308
10177,10308
10178,10308
10179,10308
10180,10308
10181,10308
10182,10308
10183,10308
10184,10308
10185,10308
10186,10308
10187,10308
10188,10308
10189,10308
10190,10308
10191,10308
10192,10308
10193,10308
10194,10308
10195,10308
10196,10308
10197,10308
10198,10308
10199,10308
10200,10308
10201,10308
10202,10308
10203,10308
10204,10308
10205,10308
10206,10308
10207,10308
10208,10308
10209,10308
10210,10308
10211,10308
10212,10308
10213,10308
10214,10308
10215,10308
10216,10308
10217,10308
10218,10308
10219,10308
10220,10308
10221,10308
10222,10308
10223,10308
10224,10308
10225,10308
10226,10308
10227,10308
10228,10308
10229,10308
10230,10308
10231,10308
10232,10308
10233,10308
10234,10308
10235,10308
10236,10308
10237,10308
10238,10308
10239,10308
10240,10308
10241,10308
10242,10308
10243,10308
10244,10308
10245,10308
10246,10308
10247,10308
10248,10308
10249,10308
10250,10308
10251,10308
10252,10308
10253,10308
10254,10308
10255,10308
10256,10308
10257,10308
10258,10308
10259,10308
10260,10308
10261,10308
10262,10308
10263,10308
10264,10308
10265,10308
10266,10308
10267,10308
10268,10308
10269,10308
10270,10308
10271,10308
10272,10308
10273,10308
10274,10308
10275,10308
10276,10308
10277,10308
10278,10308
10279,10308
10280,10308
10281,10308
10282,10308
10283,10308
10284,10308
10285,10308
10286,10308
10287,10308
10288,10308
10289,10308
10290,10308
10291,10308
10292,10308
10293,10308
10294,10308
10295,10308
10296,10308
10297,10308
10298,10308
10299,10308
10300,10308
10301,10308
10302,10308
10303,10308
10304,10308
10305,10308
10306,10308
10307,10308
10308,10308
10309,10308
10310,10308
10311,10308
10312,10308
10313,10308
10314,10308
10315,10308
10316,10308
10317,10308
10318,10308
10319,10308
10320,10308
10321,10308
10322,10308
10323,10308
10324,10308
10325,10308
10326,10308
10327,10308
10328,10308
10329,10308
10330,10308
10331,10308
10332,10308
10333,10308
10334,10308
10335,10308
10336,10308
10088,10309
10089,10309
10090,10309
10091,10309
10092,10309
10093,10309
10094,10309
10095,10309
10096,10309
10097,10309
10098,10309
10099,10309
10100,10309
10101,10309
10102,10309
10103,10309
10104,10309
10105,10309
10106,10309
10107,10309
10108,10309
10109,10309
10110,10309
10111,10309
10112,10309
10113,10309
10114,10309
10115,10309
10116,10309
10117,10309
10118,10309
10119,10309
10120,10309
10121,10309
10122,10309
10123,10309
10124,10309
10125,10309
10126,10309
10127,10309
10128,10309
10129,10309
10130,10309
10131,10309
10132,10309
10133,10309
10134,10309
10135,10309
10136,10309
10137,10309
10138,10309
10139,10309
10140,10309
10141,10309
10142,10309
10143,10309
10144,10309
10145,10309
10146,10309
10147,10309
10148,10309
10149,10309
10150,10309
10151,10309
10152,10309
10153,10309
10154,10309
10155,10309
10156,10309
10157,10309
10158,10309
10159,10309
10160,10309
10161,10309
10162,10309
10163,10309
10164,10309
10165,10309
10166,10309
10167,10309
10168,10309
10169,10309
10170,10309
10171,10309
10172,10309
10173,10309
10174,10309
10175,10309
10176,10309
10177,10309
10178,10309
10179,10309
10180,10309
10181,10309
10182,10309
10183,10309
10184,10309
10185,10309
10186,10309
10187,10309
10188,10309
10189,10309
10190,10309
10191,10309
10192,10309
10193,10309
10194,10309
10195,10309
10196,10309
10197,10309
10198,10309
10199,10309
10200,10309
10201,10309
10202,10309
10203,10309
10204,10309
10205,10309
10206,10309
10207,10309
10208,10309
10209,10309
10210,10309
10211,10309
10212,10309
10213,10309
10214,10309
10215,10309
10216,10309
10217,10309
10218,10309
10219,10309
10220,10309
10221,10309
10222,10309
10223,10309
10224,10309
10225,10309
10226,10309
10227,10309
10228,10309
10229,10309
10230,10309
10231,10309
10232,10309
10233,10309
10234,10309
10235,10309
10236,10309
10237,10309
10238,10309
10239,10309
10240,10309
10241,10309
10242,10309
10243,10309
10244,10309
10245,10309
10246,10309
10247,10309
10248,10309
10249,10309
10250,10309
10251,10309
10252,10309
10253,10309
10254,10309
10255,10309
10256,10309
10257,10309
10258,10309
10259,10309
10260,10309
10261,10309
10262,10309
10263,10309
10264,10309
10265,10309
10266,10309
10267,10309
10268,10309
10269,10309
10270,10309
10271,10309
10272,10309
10273,10309
10274,10309
10275,10309
10276,10309
10277,10309
10278,10309
10279,10309
10280,10309
10281,10309
10282,10309
10283,10309
10284,10309
10285,10309
10286,10309
10287,10309
10288,10309
10289,10309
10290,10309
10291,10309
10292,10309
10293,10309
10294,10309
10295,10309
10296,10309
10297,10309
10298,10309
10299,10309
10300,10309
10301,10309
10302,10309
10303,10309
10304,10309
10305,10309
10306,10309
10307,10309
10308,10309
10309,10309
10310,10309
10311,10309
10312,10309
10313,10309
10314,10309
10315,10309
10316,10309
10317,10309
10318,10309
10319,10309
10320,10309
10321,10309
10322,10309
10323,10309
10324,10309
10325,10309
10326,10309
10327,10309
10328,10309
10329,10309
10330,10309
10331,10309
10332,10309
10333,10309
10334,10309
10335,10309
10336,10309
10088,10310
10089,10310
10090,10310
10091,10310
10092,10310
10093,10310
10094,10310
10095,10310
10096,10310
10097,10310
10098,10310
10099,10310
10100,10310
10101,10310
10102,10310
10103,10310
10104,10310
10105,10310
10106,10310
10107,10310
10108,10310
10109,10310
10110,10310
10111,10310
10112,10310
10113,10310
10114,10310
10115,10310
10116,10310
10117,10310
10118,10310
10119,10310
10120,10310
10121,10310
10122,10310
10123,10310
10124,10310
10125,10310
10126,10310
10127,10310
10128,10310
10129,10310
10130,10310
10131,10310
10132,10310
10133,10310
10134,10310
10135,10310
10136,10310
10137,10310
10138,10310
10139,10310
10140,10310
10141,10310
10142,10310
10143,10310
10144,10310
10145,10310
10146,10310
10147,10310
10148,10310
10149,10310
10150,10310
10151,10310
10152,10310
10153,10310
10154,10310
10155,10310
10156,10310
10157,10310
10158,10310
10159,10310
10160,10310
10161,10310
10162,10310
10163,10310
10164,10310
10165,10310
10166,10310
10167,10310
10168,10310
10169,10310
10170,10310
10171,10310
10172,10310
10173,10310
10174,10310
10175,10310
10176,10310
10177,10310
10178,10310
10179,10310
10180,10310
10181,10310
10182,10310
10183,10310
10184,10310
10185,10310
10186,10310
10187,10310
10188,10310
10189,10310
10190,10310
10191,10310
10192,10310
10193,10310
10194,10310
10195,10310
10196,10310
10197,10310
10198,10310
10199,10310
10200,10310
10201,10310
10202,10310
10203,10310
10204,10310
10205,10310
10206,10310
10207,10310
10208,10310
10209,10310
10210,10310
10211,10310
10212,10310
10213,10310
10214,10310
10215,10310
10216,10310
10217,10310
10218,10310
10219,10310
10220,10310
10221,10310
10222,10310
10223,10310
10224,10310
10225,10310
10226,10310
10227,10310
10228,10310
10229,10310
10230,10310
10231,10310
10232,10310
10233,10310
10234,10310
10235,10310
10236,10310
10237,10310
10238,10310
10239,10310
10240,10310
10241,10310
10242,10310
10243,10310
10244,10310
10245,10310
10246,10310
10247,10310
10248,10310
10249,10310
10250,10310
10251,10310
10252,10310
10253,10310
10254,10310
10255,10310
10256,10310
10257,10310
10258,10310
10259,10310
10260,10310
10261,10310
10262,10310
10263,10310
10264,10310
10265,10310
10266,10310
10267,10310
10268,10310
10269,10310
10270,10310
10271,10310
10272,10310
10273,10310
10274,10310
10275,10310
10276,10310
10277,10310
10278,10310
10279,10310
10280,10310
10281,10310
10282,10310
10283,10310
10284,10310
10285,10310
10286,10310
10287,10310
10288,10310
10289,10310
10290,10310
10291,10310
10292,10310
10293,10310
10294,10310
10295,10310
10296,10310
10297,10310
10298,10310
10299,10310
10300,10310
10301,10310
10302,10310
10303,10310
10304,10310
10305,10310
10306,10310
10307,10310
10308,10310
10309,10310
10310,10310
10311,10310
10312,10310
10313,10310
10314,10310
10315,10310
10316,10310
10317,10310
10318,10310
10319,10310
10320,10310
10321,10310
10322,10310
10323,10310
10324,10310
10325,10310
10326,10310
10327,10310
10328,10310
10329,10310
10330,10310
10331,10310
10332,10310
10333,10310
10334,10310
10335,10310
10336,10310
10088,10311
10089,10311
10090,10311
10091,10311
10092,10311
10093,10311
10094,10311
10095,10311
10096,10311
10097,10311
10098,10311
10099,10311
10100,10311
10101,10311
10102,10311
10103,10311
10104,10311
10105,10311
10106,10311
10107,10311
10108,10311
10109,10311
10110,10311
10111,10311
10112,10311
10113,10311
10114,10311
10115,10311
10116,10311
10117,10311
10118,10311
10119,10311
10120,10311
10121,10311
10122,10311
10123,10311
10124,10311
10125,10311
10126,10311
10127,10311
10128,10311
10129,10311
10130,10311
10131,10311
10132,10311
10133,10311
10134,10311
10135,10311
10136,10311
10137,10311
10138,10311
10139,10311
10140,10311
10141,10311
10142,10311
10143,10311
10144,10311
10145,10311
10146,10311
10147,10311
10148,10311
10149,10311
10150,10311
10151,10311
10152,10311
10153,10311
10154,10311
10155,10311
10156,10311
10157,10311
10158,10311
10159,10311
10160,10311
10161,10311
10162,10311
10163,10311
10164,10311
10165,10311
10166,10311
10167,10311
10168,10311
10169,10311
10170,10311
10171,10311
10172,10311
10173,10311
10174,10311
10175,10311
10176,10311
10177,10311
10178,10311
10179,10311
10180,10311
10181,10311
10182,10311
10183,10311
10184,10311
10185,10311
10186,10311
10187,10311
10188,10311
10189,10311
10190,10311
10191,10311
10192,10311
10193,10311
10194,10311
10195,10311
10196,10311
10197,10311
10198,10311
10199,10311
10200,10311
10201,10311
10202,10311
10203,10311
10204,10311
10205,10311
10206,10311
10207,10311
10208,10311
10209,10311
10210,10311
10211,10311
10212,10311
10213,10311
10214,10311
10215,10311
10216,10311
10217,10311
10218,10311
10219,10311
10220,10311
10221,10311
10222,10311
10223,10311
10224,10311
10225,10311
10226,10311
10227,10311
10228,10311
10229,10311
10230,10311
10231,10311
10232,10311
10233,10311
10234,10311
10235,10311
10236,10311
10237,10311
10238,10311
10239,10311
10240,10311
10241,10311
10242,10311
10243,10311
10244,10311
10245,10311
10246,10311
10247,10311
10248,10311
10249,10311
10250,10311
10251,10311
10252,10311
10253,10311
10254,10311
10255,10311
10256,10311
10257,10311
10258,10311
10259,10311
10260,10311
10261,10311
10262,10311
10263,10311
10264,10311
10265,10311
10266,10311
10267,10311
10268,10311
10269,10311
10270,10311
10271,10311
10272,10311
10273,10311
10274,10311
10275,10311
10276,10311
10277,10311
10278,10311
10279,10311
10280,10311
10281,10311
10282,10311
10283,10311
10284,10311
10285,10311
10286,10311
10287,10311
10288,10311
10289,10311
10290,10311
10291,10311
10292,10311
10293,10311
10294,10311
10295,10311
10296,10311
10297,10311
10298,10311
10299,10311
10300,10311
10301,10311
10302,10311
10303,10311
10304,10311
10305,10311
10306,10311
10307,10311
10308,10311
10309,10311
10310,10311
10311,10311
10312,10311
10313,10311
10314,10311
10315,10311
10316,10311
10317,10311
10318,10311
10319,10311
10320,10311
10321,10311
10322,10311
10323,10311
10324,10311
10325,10311
10326,10311
10327,10311
10328,10311
10329,10311
10330,10311
10331,10311
10332,10311
10333,10311
10334,10311
10335,10311
10336,10311
10088,10312
10089,10312
10090,10312
10091,10312
10092,10312
10093,10312
10094,10312
10095,10312
10096,10312
10097,10312
10098,10312
10099,10312
10100,10312
10101,10312
10102,10312
10103,10312
10104,10312
10105,10312
10106,10312
10107,10312
10108,10312
10109,10312
10110,10312
10111,10312
10112,10312
10113,10312
10114,10312
10115,10312
10116,10312
10117,10312
10118,10312
10119,10312
10120,10312
10121,10312
10122,10312
10123,10312
10124,10312
10125,10312
10126,10312
10127,10312
10128,10312
10129,10312
10130,10312
10131,10312
10132,10312
10133,10312
10134,10312
10135,10312
10136,10312
10137,10312
10138,10312
10139,10312
10140,10312
10141,10312
10142,10312
10143,10312
10144,10312
10145,10312
10146,10312
10147,10312
10148,10312
10149,10312
10150,10312
10151,10312
10152,10312
10153,10312
10154,10312
10155,10312
10156,10312
10157,10312
10158,10312
10159,10312
10160,10312
10161,10312
10162,10312
10163,10312
10164,10312
10165,10312
10166,10312
10167,10312
10168,10312
10169,10312
10170,10312
10171,10312
10172,10312
10173,10312
10174,10312
10175,10312
10176,10312
10177,10312
10178,10312
10179,10312
10180,10312
10181,10312
10182,10312
10183,10312
10184,10312
10185,10312
10186,10312
10187,10312
10188,10312
10189,10312
10190,10312
10191,10312
10192,10312
10193,10312
10194,10312
10195,10312
10196,10312
10197,10312
10198,10312
10199,10312
10200,10312
10201,10312
10202,10312
10203,10312
10204,10312
10205,10312
10206,10312
10207,10312
10208,10312
10209,10312
10210,10312
10211,10312
10212,10312
10213,10312
10214,10312
10215,10312
10216,10312
10217,10312
10218,10312
10219,10312
10220,10312
10221,10312
10222,10312
10223,10312
10224,10312
10225,10312
10226,10312
10227,10312
10228,10312
10229,10312
10230,10312
10231,10312
10232,10312
10233,10312
10234,10312
10235,10312
10236,10312
10237,10312
10238,10312
10239,10312
10240,10312
10241,10312
10242,10312
10243,10312
10244,10312
10245,10312
10246,10312
10247,10312
10248,10312
10249,10312
10250,10312
10251,10312
10252,10312
10253,10312
10254,10312
10255,10312
10256,10312
10257,10312
10258,10312
10259,10312
10260,10312
10261,10312
10262,10312
10263,10312
10264,10312
10265,10312
10266,10312
10267,10312
10268,10312
10269,10312
10270,10312
10271,10312
10272,10312
10273,10312
10274,10312
10275,10312
10276,10312
10277,10312
10278,10312
10279,10312
10280,10312
10281,10312
10282,10312
10283,10312
10284,10312
10285,10312
10286,10312
10287,10312
10288,10312
10289,10312
10290,10312
10291,10312
10292,10312
10293,10312
10294,10312
10295,10312
10296,10312
10297,10312
10298,10312
10299,10312
10300,10312
10301,10312
10302,10312
10303,10312
10304,10312
10305,10312
10306,10312
10307,10312
10308,10312
10309,10312
10310,10312
10311,10312
10312,10312
10313,10312
10314,10312
10315,10312
10316,10312
10317,10312
10318,10312
10319,10312
10320,10312
10321,10312
10322,10312
10323,10312
10324,10312
10325,10312
10326,10312
10327,10312
10328,10312
10329,10312
10330,10312
10331,10312
10332,10312
10333,10312
10334,10312
10335,10312
10336,10312
10088,10313
10089,10313
10090,10313
10091,10313
10092,10313
10093,10313
10094,10313
10095,10313
10096,10313
10097,10313
10098,10313
10099,10313
10100,10313
10101,10313
10102,10313
10103,10313
10104,10313
10105,10313
10106,10313
10107,10313
10108,10313
10109,10313
10110,10313
10111,10313
10112,10313
10113,10313
10114,10313
10115,10313
10116,10313
10117,10313
10118,10313
10119,10313
10120,10313
10121,10313
10122,10313
10123,10313
10124,10313
10125,10313
10126,10313
10127,10313
10128,10313
10129,10313
10130,10313
10131,10313
10132,10313
10133,10313
10134,10313
10135,10313
10136,10313
10137,10313
10138,10313
10139,10313
10140,10313
10141,10313
10142,10313
10143,10313
10144,10313
10145,10313
10146,10313
10147,10313
10148,10313
10149,10313
10150,10313
10151,10313
10152,10313
10153,10313
10154,10313
10155,10313
10156,10313
10157,10313
10158,10313
10159,10313
10160,10313
10161,10313
10162,10313
10163,10313
10164,10313
10165,10313
10166,10313
10167,10313
10168,10313
10169,10313
10170,10313
10171,10313
10172,10313
10173,10313
10174,10313
10175,10313
10176,10313
10177,10313
10178,10313
10179,10313
10180,10313
10181,10313
10182,10313
10183,10313
10184,10313
10185,10313
10186,10313
10187,10313
10188,10313
10189,10313
10190,10313
10191,10313
10192,10313
10193,10313
10194,10313
10195,10313
10196,10313
10197,10313
10198,10313
10199,10313
10200,10313
10201,10313
10202,10313
10203,10313
10204,10313
10205,10313
10206,10313
10207,10313
10208,10313
10209,10313
10210,10313
10211,10313
10212,10313
10213,10313
10214,10313
10215,10313
10216,10313
10217,10313
10218,10313
10219,10313
10220,10313
10221,10313
10222,10313
10223,10313
10224,10313
10225,10313
10226,10313
10227,10313
10228,10313
10229,10313
10230,10313
10231,10313
10232,10313
10233,10313
10234,10313
10235,10313
10236,10313
10237,10313
10238,10313
10239,10313
10240,10313
10241,10313
10242,10313
10243,10313
10244,10313
10245,10313
10246,10313
10247,10313
10248,10313
10249,10313
10250,10313
10251,10313
10252,10313
10253,10313
10254,10313
10255,10313
10256,10313
10257,10313
10258,10313
10259,10313
10260,10313
10261,10313
10262,10313
10263,10313
10264,10313
10265,10313
10266,10313
10267,10313
10268,10313
10269,10313
10270,10313
10271,10313
10272,10313
10273,10313
10274,10313
10275,10313
10276,10313
10277,10313
10278,10313
10279,10313
10280,10313
10281,10313
10282,10313
10283,10313
10284,10313
10285,10313
10286,10313
10287,10313
10288,10313
10289,10313
10290,10313
10291,10313
10292,10313
10293,10313
10294,10313
10295,10313
10296,10313
10297,10313
10298,10313
10299,10313
10300,10313
10301,10313
10302,10313
10303,10313
10304,10313
10305,10313
10306,10313
10307,10313
10308,10313
10309,10313
10310,10313
10311,10313
10312,10313
10313,10313
10314,10313
10315,10313
10316,10313
10317,10313
10318,10313
10319,10313
10320,10313
10321,10313
10322,10313
10323,10313
10324,10313
10325,10313
10326,10313
10327,10313
10328,10313
10329,10313
10330,10313
10331,10313
10332,10313
10333,10313
10334,10313
10335,10313
10336,10313
10088,10314
10089,10314
10090,10314
10091,10314
10092,10314
10093,10314
10094,10314
10095,10314
10096,10314
10097,10314
10098,10314
10099,10314
10100,10314
10101,10314
10102,10314
10103,10314
10104,10314
10105,10314
10106,10314
10107,10314
10108,10314
10109,10314
10110,10314
10111,10314
10112,10314
10113,10314
10114,10314
10115,10314
10116,10314
10117,10314
10118,10314
10119,10314
10120,10314
10121,10314
10122,10314
10123,10314
10124,10314
10125,10314
10126,10314
10127,10314
10128,10314
10129,10314
10130,10314
10131,10314
10132,10314
10133,10314
10134,10314
10135,10314
10136,10314
10137,10314
10138,10314
10139,10314
10140,10314
10141,10314
10142,10314
10143,10314
10144,10314
10145,10314
10146,10314
10147,10314
10148,10314
10149,10314
10150,10314
10151,10314
10152,10314
10153,10314
10154,10314
10155,10314
10156,10314
10157,10314
10158,10314
10159,10314
10160,10314
10161,10314
10162,10314
10163,10314
10164,10314
10165,10314
10166,10314
10167,10314
10168,10314
10169,10314
10170,10314
10171,10314
10172,10314
10173,10314
10174,10314
10175,10314
10176,10314
10177,10314
10178,10314
10179,10314
10180,10314
10181,10314
10182,10314
10183,10314
10184,10314
10185,10314
10186,10314
10187,10314
10188,10314
10189,10314
10190,10314
10191,10314
10192,10314
10193,10314
10194,10314
10195,10314
10196,10314
10197,10314
10198,10314
10199,10314
10200,10314
10201,10314
10202,10314
10203,10314
10204,10314
10205,10314
10206,10314
10207,10314
10208,10314
10209,10314
10210,10314
10211,10314
10212,10314
10213,10314
10214,10314
10215,10314
10216,10314
10217,10314
10218,10314
10219,10314
10220,10314
10221,10314
10222,10314
10223,10314
10224,10314
10225,10314
10226,10314
10227,10314
10228,10314
10229,10314
10230,10314
10231,10314
10232,10314
10233,10314
10234,10314
10235,10314
10236,10314
10237,10314
10238,10314
10239,10314
10240,10314
10241,10314
10242,10314
10243,10314
10244,10314
10245,10314
10246,10314
10247,10314
10248,10314
10249,10314
10250,10314
10251,10314
10252,10314
10253,10314
10254,10314
10255,10314
10256,10314
10257,10314
10258,10314
10259,10314
10260,10314
10261,10314
10262,10314
10263,10314
10264,10314
10265,10314
10266,10314
10267,10314
10268,10314
10269,10314
10270,10314
10271,10314
10272,10314
10273,10314
10274,10314
10275,10314
10276,10314
10277,10314
10278,10314
10279,10314
10280,10314
10281,10314
10282,10314
10283,10314
10284,10314
10285,10314
10286,10314
10287,10314
10288,10314
10289,10314
10290,10314
10291,10314
10292,10314
10293,10314
10294,10314
10295,10314
10296,10314
10297,10314
10298,10314
10299,10314
10300,10314
10301,10314
10302,10314
10303,10314
10304,10314
10305,10314
10306,10314
10307,10314
10308,10314
10309,10314
10310,10314
10311,10314
10312,10314
10313,10314
10314,10314
10315,10314
10316,10314
10317,10314
10318,10314
10319,10314
10320,10314
10321,10314
10322,10314
10323,10314
10324,10314
10325,10314
10326,10314
10327,10314
10328,10314
10329,10314
10330,10314
10331,10314
10332,10314
10333,10314
10334,10314
10335,10314
10336,10314
10088,10315
10089,10315
10090,10315
10091,10315
10092,10315
10093,10315
10094,10315
10095,10315
10096,10315
10097,10315
10098,10315
10099,10315
10100,10315
10101,10315
10102,10315
10103,10315
10104,10315
10105,10315
10106,10315
10107,10315
10108,10315
10109,10315
10110,10315
10111,10315
10112,10315
10113,10315
10114,10315
10115,10315
10116,10315
10117,10315
10118,10315
10119,10315
10120,10315
10121,10315
10122,10315
10123,10315
10124,10315
10125,10315
10126,10315
10127,10315
10128,10315
10129,10315
10130,10315
10131,10315
10132,10315
10133,10315
10134,10315
10135,10315
10136,10315
10137,10315
10138,10315
10139,10315
10140,10315
10141,10315
10142,10315
10143,10315
10144,10315
10145,10315
10146,10315
10147,10315
10148,10315
10149,10315
10150,10315
10151,10315
10152,10315
10153,10315
10154,10315
10155,10315
10156,10315
10157,10315
10158,10315
10159,10315
10160,10315
10161,10315
10162,10315
10163,10315
10164,10315
10165,10315
10166,10315
10167,10315
10168,10315
10169,10315
10170,10315
10171,10315
10172,10315
10173,10315
10174,10315
10175,10315
10176,10315
10177,10315
10178,10315
10179,10315
10180,10315
10181,10315
10182,10315
10183,10315
10184,10315
10185,10315
10186,10315
10187,10315
10188,10315
10189,10315
10190,10315
10191,10315
10192,10315
10193,10315
10194,10315
10195,10315
10196,10315
10197,10315
10198,10315
10199,10315
10200,10315
10201,10315
10202,10315
10203,10315
10204,10315
10205,10315
10206,10315
10207,10315
10208,10315
10209,10315
10210,10315
10211,10315
10212,10315
10213,10315
10214,10315
10215,10315
10216,10315
10217,10315
10218,10315
10219,10315
10220,10315
10221,10315
10222,10315
10223,10315
10224,10315
10225,10315
10226,10315
10227,10315
10228,10315
10229,10315
10230,10315
10231,10315
10232,10315
10233,10315
10234,10315
10235,10315
10236,10315
10237,10315
10238,10315
10239,10315
10240,10315
10241,10315
10242,10315
10243,10315
10244,10315
10245,10315
10246,10315
10247,10315
10248,10315
10249,10315
10250,10315
10251,10315
10252,10315
10253,10315
10254,10315
10255,10315
10256,10315
10257,10315
10258,10315
10259,10315
10260,10315
10261,10315
10262,10315
10263,10315
10264,10315
10265,10315
10266,10315
10267,10315
10268,10315
10269,10315
10270,10315
10271,10315
10272,10315
10273,10315
10274,10315
10275,10315
10276,10315
10277,10315
10278,10315
10279,10315
10280,10315
10281,10315
10282,10315
10283,10315
10284,10315
10285,10315
10286,10315
10287,10315
10288,10315
10289,10315
10290,10315
10291,10315
10292,10315
10293,10315
10294,10315
10295,10315
10296,10315
10297,10315
10298,10315
10299,10315
10300,10315
10301,10315
10302,10315
10303,10315
10304,10315
10305,10315
10306,10315
10307,10315
10308,10315
10309,10315
10310,10315
10311,10315
10312,10315
10313,10315
10314,10315
10315,10315
10316,10315
10317,10315
10318,10315
10319,10315
10320,10315
10321,10315
10322,10315
10323,10315
10324,10315
10325,10315
10326,10315
10327,10315
10328,10315
10329,10315
10330,10315
10331,10315
10332,10315
10333,10315
10334,10315
10335,10315
10336,10315
10088,10316
10089,10316
10090,10316
10091,10316
10092,10316
10093,10316
10094,10316
10095,10316
10096,10316
10097,10316
10098,10316
10099,10316
10100,10316
10101,10316
10102,10316
10103,10316
10104,10316
10105,10316
10106,10316
10107,10316
10108,10316
10109,10316
10110,10316
10111,10316
10112,10316
10113,10316
10114,10316
10115,10316
10116,10316
10117,10316
10118,10316
10119,10316
10120,10316
10121,10316
10122,10316
10123,10316
10124,10316
10125,10316
10126,10316
10127,10316
10128,10316
10129,10316
10130,10316
10131,10316
10132,10316
10133,10316
10134,10316
10135,10316
10136,10316
10137,10316
10138,10316
10139,10316
10140,10316
10141,10316
10142,10316
10143,10316
10144,10316
10145,10316
10146,10316
10147,10316
10148,10316
10149,10316
10150,10316
10151,10316
10152,10316
10153,10316
10154,10316
10155,10316
10156,10316
10157,10316
10158,10316
10159,10316
10160,10316
10161,10316
10162,10316
10163,10316
10164,10316
10165,10316
10166,10316
10167,10316
10168,10316
10169,10316
10170,10316
10171,10316
10172,10316
10173,10316
10174,10316
10175,10316
10176,10316
10177,10316
10178,10316
10179,10316
10180,10316
10181,10316
10182,10316
10183,10316
10184,10316
10185,10316
10186,10316
10187,10316
10188,10316
10189,10316
10190,10316
10191,10316
10192,10316
10193,10316
10194,10316
10195,10316
10196,10316
10197,10316
10198,10316
10199,10316
10200,10316
10201,10316
10202,10316
10203,10316
10204,10316
10205,10316
10206,10316
10207,10316
10208,10316
10209,10316
10210,10316
10211,10316
10212,10316
10213,10316
10214,10316
10215,10316
10216,10316
10217,10316
10218,10316
10219,10316
10220,10316
10221,10316
10222,10316
10223,10316
10224,10316
10225,10316
10226,10316
10227,10316
10228,10316
10229,10316
10230,10316
10231,10316
10232,10316
10233,10316
10234,10316
10235,10316
10236,10316
10237,10316
10238,10316
10239,10316
10240,10316
10241,10316
10242,10316
10243,10316
10244,10316
10245,10316
10246,10316
10247,10316
10248,10316
10249,10316
10250,10316
10251,10316
10252,10316
10253,10316
10254,10316
10255,10316
10256,10316
10257,10316
10258,10316
10259,10316
10260,10316
10261,10316
10262,10316
10263,10316
10264,10316
10265,10316
10266,10316
10267,10316
10268,10316
10269,10316
10270,10316
10271,10316
10272,10316
10273,10316
10274,10316
10275,10316
10276,10316
10277,10316
10278,10316
10279,10316
10280,10316
10281,10316
10282,10316
10283,10316
10284,10316
10285,10316
10286,10316
10287,10316
10288,10316
10289,10316
10290,10316
10291,10316
10292,10316
10293,10316
10294,10316
10295,10316
10296,10316
10297,10316
10298,10316
10299,10316
10300,10316
10301,10316
10302,10316
10303,10316
10304,10316
10305,10316
10306,10316
10307,10316
10308,10316
10309,10316
10310,10316
10311,10316
10312,10316
10313,10316
10314,10316
10315,10316
10316,10316
10317,10316
10318,10316
10319,10316
10320,10316
10321,10316
10322,10316
10323,10316
10324,10316
10325,10316
10326,10316
10327,10316
10328,10316
10329,10316
10330,10316
10331,10316
10332,10316
10333,10316
10334,10316
10335,10316
10336,10316
10088,10317
10089,10317
10090,10317
10091,10317
10092,10317
10093,10317
10094,10317
10095,10317
10096,10317
10097,10317
10098,10317
10099,10317
10100,10317
10101,10317
10102,10317
10103,10317
10104,10317
10105,10317
10106,10317
10107,10317
10108,10317
10109,10317
10110,10317
10111,10317
10112,10317
10113,10317
10114,10317
10115,10317
10116,10317
10117,10317
10118,10317
10119,10317
10120,10317
10121,10317
10122,10317
10123,10317
10124,10317
10125,10317
10126,10317
10127,10317
10128,10317
10129,10317
10130,10317
10131,10317
10132,10317
10133,10317
10134,10317
10135,10317
10136,10317
10137,10317
10138,10317
10139,10317
10140,10317
10141,10317
10142,10317
10143,10317
10144,10317
10145,10317
10146,10317
10147,10317
10148,10317
10149,10317
10150,10317
10151,10317
10152,10317
10153,10317
10154,10317
10155,10317
10156,10317
10157,10317
10158,10317
10159,10317
10160,10317
10161,10317
10162,10317
10163,10317
10164,10317
10165,10317
10166,10317
10167,10317
10168,10317
10169,10317
10170,10317
10171,10317
10172,10317
10173,10317
10174,10317
10175,10317
10176,10317
10177,10317
10178,10317
10179,10317
10180,10317
10181,10317
10182,10317
10183,10317
10184,10317
10185,10317
10186,10317
10187,10317
10188,10317
10189,10317
10190,10317
10191,10317
10192,10317
10193,10317
10194,10317
10195,10317
10196,10317
10197,10317
10198,10317
10199,10317
10200,10317
10201,10317
10202,10317
10203,10317
10204,10317
10205,10317
10206,10317
10207,10317
10208,10317
10209,10317
10210,10317
10211,10317
10212,10317
10213,10317
10214,10317
10215,10317
10216,10317
10217,10317
10218,10317
10219,10317
10220,10317
10221,10317
10222,10317
10223,10317
10224,10317
10225,10317
10226,10317
10227,10317
10228,10317
10229,10317
10230,10317
10231,10317
10232,10317
10233,10317
10234,10317
10235,10317
10236,10317
10237,10317
10238,10317
10239,10317
10240,10317
10241,10317
10242,10317
10243,10317
10244,10317
10245,10317
10246,10317
10247,10317
10248,10317
10249,10317
10250,10317
10251,10317
10252,10317
10253,10317
10254,10317
10255,10317
10256,10317
10257,10317
10258,10317
10259,10317
10260,10317
10261,10317
10262,10317
10263,10317
10264,10317
10265,10317
10266,10317
10267,10317
10268,10317
10269,10317
10270,10317
10271,10317
10272,10317
10273,10317
10274,10317
10275,10317
10276,10317
10277,10317
10278,10317
10279,10317
10280,10317
10281,10317
10282,10317
10283,10317
10284,10317
10285,10317
10286,10317
10287,10317
10288,10317
10289,10317
10290,10317
10291,10317
10292,10317
10293,10317
10294,10317
10295,10317
10296,10317
10297,10317
10298,10317
10299,10317
10300,10317
10301,10317
10302,10317
10303,10317
10304,10317
10305,10317
10306,10317
10307,10317
10308,10317
10309,10317
10310,10317
10311,10317
10312,10317
10313,10317
10314,10317
10315,10317
10316,10317
10317,10317
10318,10317
10319,10317
10320,10317
10321,10317
10322,10317
10323,10317
10324,10317
10325,10317
10326,10317
10327,10317
10328,10317
10329,10317
10330,10317
10331,10317
10332,10317
10333,10317
10334,10317
10335,10317
10336,10317
10088,10318
10089,10318
10090,10318
10091,10318
10092,10318
10093,10318
10094,10318
10095,10318
10096,10318
10097,10318
10098,10318
10099,10318
10100,10318
10101,10318
10102,10318
10103,10318
10104,10318
10105,10318
10106,10318
10107,10318
10108,10318
10109,10318
10110,10318
10111,10318
10112,10318
10113,10318
10114,10318
10115,10318
10116,10318
10117,10318
10118,10318
10119,10318
10120,10318
10121,10318
10122,10318
10123,10318
10124,10318
10125,10318
10126,10318
10127,10318
10128,10318
10129,10318
10130,10318
10131,10318
10132,10318
10133,10318
10134,10318
10135,10318
10136,10318
10137,10318
10138,10318
10139,10318
10140,10318
10141,10318
10142,10318
10143,10318
10144,10318
10145,10318
10146,10318
10147,10318
10148,10318
10149,10318
10150,10318
10151,10318
10152,10318
10153,10318
10154,10318
10155,10318
10156,10318
10157,10318
10158,10318
10159,10318
10160,10318
10161,10318
10162,10318
10163,10318
10164,10318
10165,10318
10166,10318
10167,10318
10168,10318
10169,10318
10170,10318
10171,10318
10172,10318
10173,10318
10174,10318
10175,10318
10176,10318
10177,10318
10178,10318
10179,10318
10180,10318
10181,10318
10182,10318
10183,10318
10184,10318
10185,10318
10186,10318
10187,10318
10188,10318
10189,10318
10190,10318
10191,10318
10192,10318
10193,10318
10194,10318
10195,10318
10196,10318
10197,10318
10198,10318
10199,10318
10200,10318
10201,10318
10202,10318
10203,10318
10204,10318
10205,10318
10206,10318
10207,10318
10208,10318
10209,10318
10210,10318
10211,10318
10212,10318
10213,10318
10214,10318
10215,10318
10216,10318
10217,10318
10218,10318
10219,10318
10220,10318
10221,10318
10222,10318
10223,10318
10224,10318
10225,10318
10226,10318
10227,10318
10228,10318
10229,10318
10230,10318
10231,10318
10232,10318
10233,10318
10234,10318
10235,10318
10236,10318
10237,10318
10238,10318
10239,10318
10240,10318
10241,10318
10242,10318
10243,10318
10244,10318
10245,10318
10246,10318
10247,10318
10248,10318
10249,10318
10250,10318
10251,10318
10252,10318
10253,10318
10254,10318
10255,10318
10256,10318
10257,10318
10258,10318
10259,10318
10260,10318
10261,10318
10262,10318
10263,10318
10264,10318
10265,10318
10266,10318
10267,10318
10268,10318
10269,10318
10270,10318
10271,10318
10272,10318
10273,10318
10274,10318
10275,10318
10276,10318
10277,10318
10278,10318
10279,10318
10280,10318
10281,10318
10282,10318
10283,10318
10284,10318
10285,10318
10286,10318
10287,10318
10288,10318
10289,10318
10290,10318
10291,10318
10292,10318
10293,10318
10294,10318
10295,10318
10296,10318
10297,10318
10298,10318
10299,10318
10300,10318
10301,10318
10302,10318
10303,10318
10304,10318
10305,10318
10306,10318
10307,10318
10308,10318
10309,10318
10310,10318
10311,10318
10312,10318
10313,10318
10314,10318
10315,10318
10316,10318
10317,10318
10318,10318
10319,10318
10320,10318
10321,10318
10322,10318
10323,10318
10324,10318
10325,10318
10326,10318
10327,10318
10328,10318
10329,10318
10330,10318
10331,10318
10332,10318
10333,10318
10334,10318
10335,10318
10336,10318
10088,10319
10089,10319
10090,10319
10091,10319
10092,10319
10093,10319
10094,10319
10095,10319
10096,10319
10097,10319
10098,10319
10099,10319
10100,10319
10101,10319
10102,10319
10103,10319
10104,10319
10105,10319
10106,10319
10107,10319
10108,10319
10109,10319
10110,10319
10111,10319
10112,10319
10113,10319
10114,10319
10115,10319
10116,10319
10117,10319
10118,10319
10119,10319
10120,10319
10121,10319
10122,10319
10123,10319
10124,10319
10125,10319
10126,10319
10127,10319
10128,10319
10129,10319
10130,10319
10131,10319
10132,10319
10133,10319
10134,10319
10135,10319
10136,10319
10137,10319
10138,10319
10139,10319
10140,10319
10141,10319
10142,10319
10143,10319
10144,10319
10145,10319
10146,10319
10147,10319
10148,10319
10149,10319
10150,10319
10151,10319
10152,10319
10153,10319
10154,10319
10155,10319
10156,10319
10157,10319
10158,10319
10159,10319
10160,10319
10161,10319
10162,10319
10163,10319
10164,10319
10165,10319
10166,10319
10167,10319
10168,10319
10169,10319
10170,10319
10171,10319
10172,10319
10173,10319
10174,10319
10175,10319
10176,10319
10177,10319
10178,10319
10179,10319
10180,10319
10181,10319
10182,10319
10183,10319
10184,10319
10185,10319
10186,10319
10187,10319
10188,10319
10189,10319
10190,10319
10191,10319
10192,10319
10193,10319
10194,10319
10195,10319
10196,10319
10197,10319
10198,10319
10199,10319
10200,10319
10201,10319
10202,10319
10203,10319
10204,10319
10205,10319
10206,10319
10207,10319
10208,10319
10209,10319
10210,10319
10211,10319
10212,10319
10213,10319
10214,10319
10215,10319
10216,10319
10217,10319
10218,10319
10219,10319
10220,10319
10221,10319
10222,10319
10223,10319
10224,10319
10225,10319
10226,10319
10227,10319
10228,10319
10229,10319
10230,10319
10231,10319
10232,10319
10233,10319
10234,10319
10235,10319
10236,10319
10237,10319
10238,10319
10239,10319
10240,10319
10241,10319
10242,10319
10243,10319
10244,10319
10245,10319
10246,10319
10247,10319
10248,10319
10249,10319
10250,10319
10251,10319
10252,10319
10253,10319
10254,10319
10255,10319
10256,10319
10257,10319
10258,10319
10259,10319
10260,10319
10261,10319
10262,10319
10263,10319
10264,10319
10265,10319
10266,10319
10267,10319
10268,10319
10269,10319
10270,10319
10271,10319
10272,10319
10273,10319
10274,10319
10275,10319
10276,10319
10277,10319
10278,10319
10279,10319
10280,10319
10281,10319
10282,10319
10283,10319
10284,10319
10285,10319
10286,10319
10287,10319
10288,10319
10289,10319
10290,10319
10291,10319
10292,10319
10293,10319
10294,10319
10295,10319
10296,10319
10297,10319
10298,10319
10299,10319
10300,10319
10301,10319
10302,10319
10303,10319
10304,10319
10305,10319
10306,10319
10307,10319
10308,10319
10309,10319
10310,10319
10311,10319
10312,10319
10313,10319
10314,10319
10315,10319
10316,10319
10317,10319
10318,10319
10319,10319
10320,10319
10321,10319
10322,10319
10323,10319
10324,10319
10325,10319
10326,10319
10327,10319
10328,10319
10329,10319
10330,10319
10331,10319
10332,10319
10333,10319
10334,10319
10335,10319
10336,10319
10088,10320
10089,10320
10090,10320
10091,10320
10092,10320
10093,10320
10094,10320
10095,10320
10096,10320
10097,10320
10098,10320
10099,10320
10100,10320
10101,10320
10102,10320
10103,10320
10104,10320
10105,10320
10106,10320
10107,10320
10108,10320
10109,10320
10110,10320
10111,10320
10112,10320
10113,10320
10114,10320
10115,10320
10116,10320
10117,10320
10118,10320
10119,10320
10120,10320
10121,10320
10122,10320
10123,10320
10124,10320
10125,10320
10126,10320
10127,10320
10128,10320
10129,10320
10130,10320
10131,10320
10132,10320
10133,10320
10134,10320
10135,10320
10136,10320
10137,10320
10138,10320
10139,10320
10140,10320
10141,10320
10142,10320
10143,10320
10144,10320
10145,10320
10146,10320
10147,10320
10148,10320
10149,10320
10150,10320
10151,10320
10152,10320
10153,10320
10154,10320
10155,10320
10156,10320
10157,10320
10158,10320
10159,10320
10160,10320
10161,10320
10162,10320
10163,10320
10164,10320
10165,10320
10166,10320
10167,10320
10168,10320
10169,10320
10170,10320
10171,10320
10172,10320
10173,10320
10174,10320
10175,10320
10176,10320
10177,10320
10178,10320
10179,10320
10180,10320
10181,10320
10182,10320
10183,10320
10184,10320
10185,10320
10186,10320
10187,10320
10188,10320
10189,10320
10190,10320
10191,10320
10192,10320
10193,10320
10194,10320
10195,10320
10196,10320
10197,10320
10198,10320
10199,10320
10200,10320
10201,10320
10202,10320
10203,10320
10204,10320
10205,10320
10206,10320
10207,10320
10208,10320
10209,10320
10210,10320
10211,10320
10212,10320
10213,10320
10214,10320
10215,10320
10216,10320
10217,10320
10218,10320
10219,10320
10220,10320
10221,10320
10222,10320
10223,10320
10224,10320
10225,10320
10226,10320
10227,10320
10228,10320
10229,10320
10230,10320
10231,10320
10232,10320
10233,10320
10234,10320
10235,10320
10236,10320
10237,10320
10238,10320
10239,10320
10240,10320
10241,10320
10242,10320
10243,10320
10244,10320
10245,10320
10246,10320
10247,10320
10248,10320
10249,10320
10250,10320
10251,10320
10252,10320
10253,10320
10254,10320
10255,10320
10256,10320
10257,10320
10258,10320
10259,10320
10260,10320
10261,10320
10262,10320
10263,10320
10264,10320
10265,10320
10266,10320
10267,10320
10268,10320
10269,10320
10270,10320
10271,10320
10272,10320
10273,10320
10274,10320
10275,10320
10276,10320
10277,10320
10278,10320
10279,10320
10280,10320
10281,10320
10282,10320
10283,10320
10284,10320
10285,10320
10286,10320
10287,10320
10288,10320
10289,10320
10290,10320
10291,10320
10292,10320
10293,10320
10294,10320
10295,10320
10296,10320
10297,10320
10298,10320
10299,10320
10300,10320
10301,10320
10302,10320
10303,10320
10304,10320
10305,10320
10306,10320
10307,10320
10308,10320
10309,10320
10310,10320
10311,10320
10312,10320
10313,10320
10314,10320
10315,10320
10316,10320
10317,10320
10318,10320
10319,10320
10320,10320
10321,10320
10322,10320
10323,10320
10324,10320
10325,10320
10326,10320
10327,10320
10328,10320
10329,10320
10330,10320
10331,10320
10332,10320
10333,10320
10334,10320
10335,10320
10336,10320
10088,10321
10089,10321
10090,10321
10091,10321
10092,10321
10093,10321
10094,10321
10095,10321
10096,10321
10097,10321
10098,10321
10099,10321
10100,10321
10101,10321
10102,10321
10103,10321
10104,10321
10105,10321
10106,10321
10107,10321
10108,10321
10109,10321
10110,10321
10111,10321
10112,10321
10113,10321
10114,10321
10115,10321
10116,10321
10117,10321
10118,10321
10119,10321
10120,10321
10121,10321
10122,10321
10123,10321
10124,10321
10125,10321
10126,10321
10127,10321
10128,10321
10129,10321
10130,10321
10131,10321
10132,10321
10133,10321
10134,10321
10135,10321
10136,10321
10137,10321
10138,10321
10139,10321
10140,10321
10141,10321
10142,10321
10143,10321
10144,10321
10145,10321
10146,10321
10147,10321
10148,10321
10149,10321
10150,10321
10151,10321
10152,10321
10153,10321
10154,10321
10155,10321
10156,10321
10157,10321
10158,10321
10159,10321
10160,10321
10161,10321
10162,10321
10163,10321
10164,10321
10165,10321
10166,10321
10167,10321
10168,10321
10169,10321
10170,10321
10171,10321
10172,10321
10173,10321
10174,10321
10175,10321
10176,10321
10177,10321
10178,10321
10179,10321
10180,10321
10181,10321
10182,10321
10183,10321
10184,10321
10185,10321
10186,10321
10187,10321
10188,10321
10189,10321
10190,10321
10191,10321
10192,10321
10193,10321
10194,10321
10195,10321
10196,10321
10197,10321
10198,10321
10199,10321
10200,10321
10201,10321
10202,10321
10203,10321
10204,10321
10205,10321
10206,10321
10207,10321
10208,10321
10209,10321
10210,10321
10211,10321
10212,10321
10213,10321
10214,10321
10215,10321
10216,10321
10217,10321
10218,10321
10219,10321
10220,10321
10221,10321
10222,10321
10223,10321
10224,10321
10225,10321
10226,10321
10227,10321
10228,10321
10229,10321
10230,10321
10231,10321
10232,10321
10233,10321
10234,10321
10235,10321
10236,10321
10237,10321
10238,10321
10239,10321
10240,10321
10241,10321
10242,10321
10243,10321
10244,10321
10245,10321
10246,10321
10247,10321
10248,10321
10249,10321
10250,10321
10251,10321
10252,10321
10253,10321
10254,10321
10255,10321
10256,10321
10257,10321
10258,10321
10259,10321
10260,10321
10261,10321
10262,10321
10263,10321
10264,10321
10265,10321
10266,10321
10267,10321
10268,10321
10269,10321
10270,10321
10271,10321
10272,10321
10273,10321
10274,10321
10275,10321
10276,10321
10277,10321
10278,10321
10279,10321
10280,10321
10281,10321
10282,10321
10283,10321
10284,10321
10285,10321
10286,10321
10287,10321
10288,10321
10289,10321
10290,10321
10291,10321
10292,10321
10293,10321
10294,10321
10295,10321
10296,10321
10297,10321
10298,10321
10299,10321
10300,10321
10301,10321
10302,10321
10303,10321
10304,10321
10305,10321
10306,10321
10307,10321
10308,10321
10309,10321
10310,10321
10311,10321
10312,10321
10313,10321
10314,10321
10315,10321
10316,10321
10317,10321
10318,10321
10319,10321
10320,10321
10321,10321
10322,10321
10323,10321
10324,10321
10325,10321
10326,10321
10327,10321
10328,10321
10329,10321
10330,10321
10331,10321
10332,10321
10333,10321
10334,10321
10335,10321
10336,10321
10088,10322
10089,10322
10090,10322
10091,10322
10092,10322
10093,10322
10094,10322
10095,10322
10096,10322
10097,10322
10098,10322
10099,10322
10100,10322
10101,10322
10102,10322
10103,10322
10104,10322
10105,10322
10106,10322
10107,10322
10108,10322
10109,10322
10110,10322
10111,10322
10112,10322
10113,10322
10114,10322
10115,10322
10116,10322
10117,10322
10118,10322
10119,10322
10120,10322
10121,10322
10122,10322
10123,10322
10124,10322
10125,10322
10126,10322
10127,10322
10128,10322
10129,10322
10130,10322
10131,10322
10132,10322
10133,10322
10134,10322
10135,10322
10136,10322
10137,10322
10138,10322
10139,10322
10140,10322
10141,10322
10142,10322
10143,10322
10144,10322
10145,10322
10146,10322
10147,10322
10148,10322
10149,10322
10150,10322
10151,10322
10152,10322
10153,10322
10154,10322
10155,10322
10156,10322
10157,10322
10158,10322
10159,10322
10160,10322
10161,10322
10162,10322
10163,10322
10164,10322
10165,10322
10166,10322
10167,10322
10168,10322
10169,10322
10170,10322
10171,10322
10172,10322
10173,10322
10174,10322
10175,10322
10176,10322
10177,10322
10178,10322
10179,10322
10180,10322
10181,10322
10182,10322
10183,10322
10184,10322
10185,10322
10186,10322
10187,10322
10188,10322
10189,10322
10190,10322
10191,10322
10192,10322
10193,10322
10194,10322
10195,10322
10196,10322
10197,10322
10198,10322
10199,10322
10200,10322
10201,10322
10202,10322
10203,10322
10204,10322
10205,10322
10206,10322
10207,10322
10208,10322
10209,10322
10210,10322
10211,10322
10212,10322
10213,10322
10214,10322
10215,10322
10216,10322
10217,10322
10218,10322
10219,10322
10220,10322
10221,10322
10222,10322
10223,10322
10224,10322
10225,10322
10226,10322
10227,10322
10228,10322
10229,10322
10230,10322
10231,10322
10232,10322
10233,10322
10234,10322
10235,10322
10236,10322
10237,10322
10238,10322
10239,10322
10240,10322
10241,10322
10242,10322
10243,10322
10244,10322
10245,10322
10246,10322
10247,10322
10248,10322
10249,10322
10250,10322
10251,10322
10252,10322
10253,10322
10254,10322
10255,10322
10256,10322
10257,10322
10258,10322
10259,10322
10260,10322
10261,10322
10262,10322
10263,10322
10264,10322
10265,10322
10266,10322
10267,10322
10268,10322
10269,10322
10270,10322
10271,10322
10272,10322
10273,10322
10274,10322
10275,10322
10276,10322
10277,10322
10278,10322
10279,10322
10280,10322
10281,10322
10282,10322
10283,10322
10284,10322
10285,10322
10286,10322
10287,10322
10288,10322
10289,10322
10290,10322
10291,10322
10292,10322
10293,10322
10294,10322
10295,10322
10296,10322
10297,10322
10298,10322
10299,10322
10300,10322
10301,10322
10302,10322
10303,10322
10304,10322
10305,10322
10306,10322
10307,10322
10308,10322
10309,10322
10310,10322
10311,10322
10312,10322
10313,10322
10314,10322
10315,10322
10316,10322
10317,10322
10318,10322
10319,10322
10320,10322
10321,10322
10322,10322
10323,10322
10324,10322
10325,10322
10326,10322
10327,10322
10328,10322
10329,10322
10330,10322
10331,10322
10332,10322
10333,10322
10334,10322
10335,10322
10336,10322
10088,10323
10089,10323
10090,10323
10091,10323
10092,10323
10093,10323
10094,10323
10095,10323
10096,10323
10097,10323
10098,10323
10099,10323
10100,10323
10101,10323
10102,10323
10103,10323
10104,10323
10105,10323
10106,10323
10107,10323
10108,10323
10109,10323
10110,10323
10111,10323
10112,10323
10113,10323
10114,10323
10115,10323
10116,10323
10117,10323
10118,10323
10119,10323
10120,10323
10121,10323
10122,10323
10123,10323
10124,10323
10125,10323
10126,10323
10127,10323
10128,10323
10129,10323
10130,10323
10131,10323
10132,10323
10133,10323
10134,10323
10135,10323
10136,10323
10137,10323
10138,10323
10139,10323
10140,10323
10141,10323
10142,10323
10143,10323
10144,10323
10145,10323
10146,10323
10147,10323
10148,10323
10149,10323
10150,10323
10151,10323
10152,10323
10153,10323
10154,10323
10155,10323
10156,10323
10157,10323
10158,10323
10159,10323
10160,10323
10161,10323
10162,10323
10163,10323
10164,10323
10165,10323
10166,10323
10167,10323
10168,10323
10169,10323
10170,10323
10171,10323
10172,10323
10173,10323
10174,10323
10175,10323
10176,10323
10177,10323
10178,10323
10179,10323
10180,10323
10181,10323
10182,10323
10183,10323
10184,10323
10185,10323
10186,10323
10187,10323
10188,10323
10189,10323
10190,10323
10191,10323
10192,10323
10193,10323
10194,10323
10195,10323
10196,10323
10197,10323
10198,10323
10199,10323
10200,10323
10201,10323
10202,10323
10203,10323
10204,10323
10205,10323
10206,10323
10207,10323
10208,10323
10209,10323
10210,10323
10211,10323
10212,10323
10213,10323
10214,10323
10215,10323
10216,10323
10217,10323
10218,10323
10219,10323
10220,10323
10221,10323
10222,10323
10223,10323
10224,10323
10225,10323
10226,10323
10227,10323
10228,10323
10229,10323
10230,10323
10231,10323
10232,10323
10233,10323
10234,10323
10235,10323
10236,10323
10237,10323
10238,10323
10239,10323
10240,10323
10241,10323
10242,10323
10243,10323
10244,10323
10245,10323
10246,10323
10247,10323
10248,10323
10249,10323
10250,10323
10251,10323
10252,10323
10253,10323
10254,10323
10255,10323
10256,10323
10257,10323
10258,10323
10259,10323
10260,10323
10261,10323
10262,10323
10263,10323
10264,10323
10265,10323
10266,10323
10267,10323
10268,10323
10269,10323
10270,10323
10271,10323
10272,10323
10273,10323
10274,10323
10275,10323
10276,10323
10277,10323
10278,10323
10279,10323
10280,10323
10281,10323
10282,10323
10283,10323
10284,10323
10285,10323
10286,10323
10287,10323
10288,10323
10289,10323
10290,10323
10291,10323
10292,10323
10293,10323
10294,10323
10295,10323
10296,10323
10297,10323
10298,10323
10299,10323
10300,10323
10301,10323
10302,10323
10303,10323
10304,10323
10305,10323
10306,10323
10307,10323
10308,10323
10309,10323
10310,10323
10311,10323
10312,10323
10313,10323
10314,10323
10315,10323
10316,10323
10317,10323
10318,10323
10319,10323
10320,10323
10321,10323
10322,10323
10323,10323
10324,10323
10325,10323
10326,10323
10327,10323
10328,10323
10329,10323
10330,10323
10331,10323
10332,10323
10333,10323
10334,10323
10335,10323
10336,10323
10088,10324
10089,10324
10090,10324
10091,10324
10092,10324
10093,10324
10094,10324
10095,10324
10096,10324
10097,10324
10098,10324
10099,10324
10100,10324
10101,10324
10102,10324
10103,10324
10104,10324
10105,10324
10106,10324
10107,10324
10108,10324
10109,10324
10110,10324
10111,10324
10112,10324
10113,10324
10114,10324
10115,10324
10116,10324
10117,10324
10118,10324
10119,10324
10120,10324
10121,10324
10122,10324
10123,10324
10124,10324
10125,10324
10126,10324
10127,10324
10128,10324
10129,10324
10130,10324
10131,10324
10132,10324
10133,10324
10134,10324
10135,10324
10136,10324
10137,10324
10138,10324
10139,10324
10140,10324
10141,10324
10142,10324
10143,10324
10144,10324
10145,10324
10146,10324
10147,10324
10148,10324
10149,10324
10150,10324
10151,10324
10152,10324
10153,10324
10154,10324
10155,10324
10156,10324
10157,10324
10158,10324
10159,10324
10160,10324
10161,10324
10162,10324
10163,10324
10164,10324
10165,10324
10166,10324
10167,10324
10168,10324
10169,10324
10170,10324
10171,10324
10172,10324
10173,10324
10174,10324
10175,10324
10176,10324
10177,10324
10178,10324
10179,10324
10180,10324
10181,10324
10182,10324
10183,10324
10184,10324
10185,10324
10186,10324
10187,10324
10188,10324
10189,10324
10190,10324
10191,10324
10192,10324
10193,10324
10194,10324
10195,10324
10196,10324
10197,10324
10198,10324
10199,10324
10200,10324
10201,10324
10202,10324
10203,10324
10204,10324
10205,10324
10206,10324
10207,10324
10208,10324
10209,10324
10210,10324
10211,10324
10212,10324
10213,10324
10214,10324
10215,10324
10216,10324
10217,10324
10218,10324
10219,10324
10220,10324
10221,10324
10222,10324
10223,10324
10224,10324
10225,10324
10226,10324
10227,10324
10228,10324
10229,10324
10230,10324
10231,10324
10232,10324
10233,10324
10234,10324
10235,10324
10236,10324
10237,10324
10238,10324
10239,10324
10240,10324
10241,10324
10242,10324
10243,10324
10244,10324
10245,10324
10246,10324
10247,10324
10248,10324
10249,10324
10250,10324
10251,10324
10252,10324
10253,10324
10254,10324
10255,10324
10256,10324
10257,10324
10258,10324
10259,10324
10260,10324
10261,10324
10262,10324
10263,10324
10264,10324
10265,10324
10266,10324
10267,10324
10268,10324
10269,10324
10270,10324
10271,10324
10272,10324
10273,10324
10274,10324
10275,10324
10276,10324
10277,10324
10278,10324
10279,10324
10280,10324
10281,10324
10282,10324
10283,10324
10284,10324
10285,10324
10286,10324
10287,10324
10288,10324
10289,10324
10290,10324
10291,10324
10292,10324
10293,10324
10294,10324
10295,10324
10296,10324
10297,10324
10298,10324
10299,10324
10300,10324
10301,10324
10302,10324
10303,10324
10304,10324
10305,10324
10306,10324
10307,10324
10308,10324
10309,10324
10310,10324
10311,10324
10312,10324
10313,10324
10314,10324
10315,10324
10316,10324
10317,10324
10318,10324
10319,10324
10320,10324
10321,10324
10322,10324
10323,10324
10324,10324
10325,10324
10326,10324
10327,10324
10328,10324
10329,10324
10330,10324
10331,10324
10332,10324
10333,10324
10334,10324
10335,10324
10336,10324
10088,10325
10089,10325
10090,10325
10091,10325
10092,10325
10093,10325
10094,10325
10095,10325
10096,10325
10097,10325
10098,10325
10099,10325
10100,10325
10101,10325
10102,10325
10103,10325
10104,10325
10105,10325
10106,10325
10107,10325
10108,10325
10109,10325
10110,10325
10111,10325
10112,10325
10113,10325
10114,10325
10115,10325
10116,10325
10117,10325
10118,10325
10119,10325
10120,10325
10121,10325
10122,10325
10123,10325
10124,10325
10125,10325
10126,10325
10127,10325
10128,10325
10129,10325
10130,10325
10131,10325
10132,10325
10133,10325
10134,10325
10135,10325
10136,10325
10137,10325
10138,10325
10139,10325
10140,10325
10141,10325
10142,10325
10143,10325
10144,10325
10145,10325
10146,10325
10147,10325
10148,10325
10149,10325
10150,10325
10151,10325
10152,10325
10153,10325
10154,10325
10155,10325
10156,10325
10157,10325
10158,10325
10159,10325
10160,10325
10161,10325
10162,10325
10163,10325
10164,10325
10165,10325
10166,10325
10167,10325
10168,10325
10169,10325
10170,10325
10171,10325
10172,10325
10173,10325
10174,10325
10175,10325
10176,10325
10177,10325
10178,10325
10179,10325
10180,10325
10181,10325
10182,10325
10183,10325
10184,10325
10185,10325
10186,10325
10187,10325
10188,10325
10189,10325
10190,10325
10191,10325
10192,10325
10193,10325
10194,10325
10195,10325
10196,10325
10197,10325
10198,10325
10199,10325
10200,10325
10201,10325
10202,10325
10203,10325
10204,10325
10205,10325
10206,10325
10207,10325
10208,10325
10209,10325
10210,10325
10211,10325
10212,10325
10213,10325
10214,10325
10215,10325
10216,10325
10217,10325
10218,10325
10219,10325
10220,10325
10221,10325
10222,10325
10223,10325
10224,10325
10225,10325
10226,10325
10227,10325
10228,10325
10229,10325
10230,10325
10231,10325
10232,10325
10233,10325
10234,10325
10235,10325
10236,10325
10237,10325
10238,10325
10239,10325
10240,10325
10241,10325
10242,10325
10243,10325
10244,10325
10245,10325
10246,10325
10247,10325
10248,10325
10249,10325
10250,10325
10251,10325
10252,10325
10253,10325
10254,10325
10255,10325
10256,10325
10257,10325
10258,10325
10259,10325
10260,10325
10261,10325
10262,10325
10263,10325
10264,10325
10265,10325
10266,10325
10267,10325
10268,10325
10269,10325
10270,10325
10271,10325
10272,10325
10273,10325
10274,10325
10275,10325
10276,10325
10277,10325
10278,10325
10279,10325
10280,10325
10281,10325
10282,10325
10283,10325
10284,10325
10285,10325
10286,10325
10287,10325
10288,10325
10289,10325
10290,10325
10291,10325
10292,10325
10293,10325
10294,10325
10295,10325
10296,10325
10297,10325
10298,10325
10299,10325
10300,10325
10301,10325
10302,10325
10303,10325
10304,10325
10305,10325
10306,10325
10307,10325
10308,10325
10309,10325
10310,10325
10311,10325
10312,10325
10313,10325
10314,10325
10315,10325
10316,10325
10317,10325
10318,10325
10319,10325
10320,10325
10321,10325
10322,10325
10323,10325
10324,10325
10325,10325
10326,10325
10327,10325
10328,10325
10329,10325
10330,10325
10331,10325
10332,10325
10333,10325
10334,10325
10335,10325
10336,10325
10088,10326
10089,10326
10090,10326
10091,10326
10092,10326
10093,10326
10094,10326
10095,10326
10096,10326
10097,10326
10098,10326
10099,10326
10100,10326
10101,10326
10102,10326
10103,10326
10104,10326
10105,10326
10106,10326
10107,10326
10108,10326
10109,10326
10110,10326
10111,10326
10112,10326
10113,10326
10114,10326
10115,10326
10116,10326
10117,10326
10118,10326
10119,10326
10120,10326
10121,10326
10122,10326
10123,10326
10124,10326
10125,10326
10126,10326
10127,10326
10128,10326
10129,10326
10130,10326
10131,10326
10132,10326
10133,10326
10134,10326
10135,10326
10136,10326
10137,10326
10138,10326
10139,10326
10140,10326
10141,10326
10142,10326
10143,10326
10144,10326
10145,10326
10146,10326
10147,10326
10148,10326
10149,10326
10150,10326
10151,10326
10152,10326
10153,10326
10154,10326
10155,10326
10156,10326
10157,10326
10158,10326
10159,10326
10160,10326
10161,10326
10162,10326
10163,10326
10164,10326
10165,10326
10166,10326
10167,10326
10168,10326
10169,10326
10170,10326
10171,10326
10172,10326
10173,10326
10174,10326
10175,10326
10176,10326
10177,10326
10178,10326
10179,10326
10180,10326
10181,10326
10182,10326
10183,10326
10184,10326
10185,10326
10186,10326
10187,10326
10188,10326
10189,10326
10190,10326
10191,10326
10192,10326
10193,10326
10194,10326
10195,10326
10196,10326
10197,10326
10198,10326
10199,10326
10200,10326
10201,10326
10202,10326
10203,10326
10204,10326
10205,10326
10206,10326
10207,10326
10208,10326
10209,10326
10210,10326
10211,10326
10212,10326
10213,10326
10214,10326
10215,10326
10216,10326
10217,10326
10218,10326
10219,10326
10220,10326
10221,10326
10222,10326
10223,10326
10224,10326
10225,10326
10226,10326
10227,10326
10228,10326
10229,10326
10230,10326
10231,10326
10232,10326
10233,10326
10234,10326
10235,10326
10236,10326
10237,10326
10238,10326
10239,10326
10240,10326
10241,10326
10242,10326
10243,10326
10244,10326
10245,10326
10246,10326
10247,10326
10248,10326
10249,10326
10250,10326
10251,10326
10252,10326
10253,10326
10254,10326
10255,10326
10256,10326
10257,10326
10258,10326
10259,10326
10260,10326
10261,10326
10262,10326
10263,10326
10264,10326
10265,10326
10266,10326
10267,10326
10268,10326
10269,10326
10270,10326
10271,10326
10272,10326
10273,10326
10274,10326
10275,10326
10276,10326
10277,10326
10278,10326
10279,10326
10280,10326
10281,10326
10282,10326
10283,10326
10284,10326
10285,10326
10286,10326
10287,10326
10288,10326
10289,10326
10290,10326
10291,10326
10292,10326
10293,10326
10294,10326
10295,10326
10296,10326
10297,10326
10298,10326
10299,10326
10300,10326
10301,10326
10302,10326
10303,10326
10304,10326
10305,10326
10306,10326
10307,10326
10308,10326
10309,10326
10310,10326
10311,10326
10312,10326
10313,10326
10314,10326
10315,10326
10316,10326
10317,10326
10318,10326
10319,10326
10320,10326
10321,10326
10322,10326
10323,10326
10324,10326
10325,10326
10326,10326
10327,10326
10328,10326
10329,10326
10330,10326
10331,10326
10332,10326
10333,10326
10334,10326
10335,10326
10336,10326
10088,10327
10089,10327
10090,10327
10091,10327
10092,10327
10093,10327
10094,10327
10095,10327
10096,10327
10097,10327
10098,10327
10099,10327
10100,10327
10101,10327
10102,10327
10103,10327
10104,10327
10105,10327
10106,10327
10107,10327
10108,10327
10109,10327
10110,10327
10111,10327
10112,10327
10113,10327
10114,10327
10115,10327
10116,10327
10117,10327
10118,10327
10119,10327
10120,10327
10121,10327
10122,10327
10123,10327
10124,10327
10125,10327
10126,10327
10127,10327
10128,10327
10129,10327
10130,10327
10131,10327
10132,10327
10133,10327
10134,10327
10135,10327
10136,10327
10137,10327
10138,10327
10139,10327
10140,10327
10141,10327
10142,10327
10143,10327
10144,10327
10145,10327
10146,10327
10147,10327
10148,10327
10149,10327
10150,10327
10151,10327
10152,10327
10153,10327
10154,10327
10155,10327
10156,10327
10157,10327
10158,10327
10159,10327
10160,10327
10161,10327
10162,10327
10163,10327
10164,10327
10165,10327
10166,10327
10167,10327
10168,10327
10169,10327
10170,10327
10171,10327
10172,10327
10173,10327
10174,10327
10175,10327
10176,10327
10177,10327
10178,10327
10179,10327
10180,10327
10181,10327
10182,10327
10183,10327
10184,10327
10185,10327
10186,10327
10187,10327
10188,10327
10189,10327
10190,10327
10191,10327
10192,10327
10193,10327
10194,10327
10195,10327
10196,10327
10197,10327
10198,10327
10199,10327
10200,10327
10201,10327
10202,10327
10203,10327
10204,10327
10205,10327
10206,10327
10207,10327
10208,10327
10209,10327
10210,10327
10211,10327
10212,10327
10213,10327
10214,10327
10215,10327
10216,10327
10217,10327
10218,10327
10219,10327
10220,10327
10221,10327
10222,10327
10223,10327
10224,10327
10225,10327
10226,10327
10227,10327
10228,10327
10229,10327
10230,10327
10231,10327
10232,10327
10233,10327
10234,10327
10235,10327
10236,10327
10237,10327
10238,10327
10239,10327
10240,10327
10241,10327
10242,10327
10243,10327
10244,10327
10245,10327
10246,10327
10247,10327
10248,10327
10249,10327
10250,10327
10251,10327
10252,10327
10253,10327
10254,10327
10255,10327
10256,10327
10257,10327
10258,10327
10259,10327
10260,10327
10261,10327
10262,10327
10263,10327
10264,10327
10265,10327
10266,10327
10267,10327
10268,10327
10269,10327
10270,10327
10271,10327
10272,10327
10273,10327
10274,10327
10275,10327
10276,10327
10277,10327
10278,10327
10279,10327
10280,10327
10281,10327
10282,10327
10283,10327
10284,10327
10285,10327
10286,10327
10287,10327
10288,10327
10289,10327
10290,10327
10291,10327
10292,10327
10293,10327
10294,10327
10295,10327
10296,10327
10297,10327
10298,10327
10299,10327
10300,10327
10301,10327
10302,10327
10303,10327
10304,10327
10305,10327
10306,10327
10307,10327
10308,10327
10309,10327
10310,10327
10311,10327
10312,10327
10313,10327
10314,10327
10315,10327
10316,10327
10317,10327
10318,10327
10319,10327
10320,10327
10321,10327
10322,10327
10323,10327
10324,10327
10325,10327
10326,10327
10327,10327
10328,10327
10329,10327
10330,10327
10331,10327
10332,10327
10333,10327
10334,10327
10335,10327
10336,10327
10088,10328
10089,10328
10090,10328
10091,10328
10092,10328
10093,10328
10094,10328
10095,10328
10096,10328
10097,10328
10098,10328
10099,10328
10100,10328
10101,10328
10102,10328
10103,10328
10104,10328
10105,10328
10106,10328
10107,10328
10108,10328
10109,10328
10110,10328
10111,10328
10112,10328
10113,10328
10114,10328
10115,10328
10116,10328
10117,10328
10118,10328
10119,10328
10120,10328
10121,10328
10122,10328
10123,10328
10124,10328
10125,10328
10126,10328
10127,10328
10128,10328
10129,10328
10130,10328
10131,10328
10132,10328
10133,10328
10134,10328
10135,10328
10136,10328
10137,10328
10138,10328
10139,10328
10140,10328
10141,10328
10142,10328
10143,10328
10144,10328
10145,10328
10146,10328
10147,10328
10148,10328
10149,10328
10150,10328
10151,10328
10152,10328
10153,10328
10154,10328
10155,10328
10156,10328
10157,10328
10158,10328
10159,10328
10160,10328
10161,10328
10162,10328
10163,10328
10164,10328
10165,10328
10166,10328
10167,10328
10168,10328
10169,10328
10170,10328
10171,10328
10172,10328
10173,10328
10174,10328
10175,10328
10176,10328
10177,10328
10178,10328
10179,10328
10180,10328
10181,10328
10182,10328
10183,10328
10184,10328
10185,10328
10186,10328
10187,10328
10188,10328
10189,10328
10190,10328
10191,10328
10192,10328
10193,10328
10194,10328
10195,10328
10196,10328
10197,10328
10198,10328
10199,10328
10200,10328
10201,10328
10202,10328
10203,10328
10204,10328
10205,10328
10206,10328
10207,10328
10208,10328
10209,10328
10210,10328
10211,10328
10212,10328
10213,10328
10214,10328
10215,10328
10216,10328
10217,10328
10218,10328
10219,10328
10220,10328
10221,10328
10222,10328
10223,10328
10224,10328
10225,10328
10226,10328
10227,10328
10228,10328
10229,10328
10230,10328
10231,10328
10232,10328
10233,10328
10234,10328
10235,10328
10236,10328
10237,10328
10238,10328
10239,10328
10240,10328
10241,10328
10242,10328
10243,10328
10244,10328
10245,10328
10246,10328
10247,10328
10248,10328
10249,10328
10250,10328
10251,10328
10252,10328
10253,10328
10254,10328
10255,10328
10256,10328
10257,10328
10258,10328
10259,10328
10260,10328
10261,10328
10262,10328
10263,10328
10264,10328
10265,10328
10266,10328
10267,10328
10268,10328
10269,10328
10270,10328
10271,10328
10272,10328
10273,10328
10274,10328
10275,10328
10276,10328
10277,10328
10278,10328
10279,10328
10280,10328
10281,10328
10282,10328
10283,10328
10284,10328
10285,10328
10286,10328
10287,10328
10288,10328
10289,10328
10290,10328
10291,10328
10292,10328
10293,10328
10294,10328
10295,10328
10296,10328
10297,10328
10298,10328
10299,10328
10300,10328
10301,10328
10302,10328
10303,10328
10304,10328
10305,10328
10306,10328
10307,10328
10308,10328
10309,10328
10310,10328
10311,10328
10312,10328
10313,10328
10314,10328
10315,10328
10316,10328
10317,10328
10318,10328
10319,10328
10320,10328
10321,10328
10322,10328
10323,10328
10324,10328
10325,10328
10326,10328
10327,10328
10328,10328
10329,10328
10330,10328
10331,10328
10332,10328
10333,10328
10334,10328
10335,10328
10336,10328
10088,10329
10089,10329
10090,10329
10091,10329
10092,10329
10093,10329
10094,10329
10095,10329
10096,10329
10097,10329
10098,10329
10099,10329
10100,10329
10101,10329
10102,10329
10103,10329
10104,10329
10105,10329
10106,10329
10107,10329
10108,10329
10109,10329
10110,10329
10111,10329
10112,10329
10113,10329
10114,10329
10115,10329
10116,10329
10117,10329
10118,10329
10119,10329
10120,10329
10121,10329
10122,10329
10123,10329
10124,10329
10125,10329
10126,10329
10127,10329
10128,10329
10129,10329
10130,10329
10131,10329
10132,10329
10133,10329
10134,10329
10135,10329
10136,10329
10137,10329
10138,10329
10139,10329
10140,10329
10141,10329
10142,10329
10143,10329
10144,10329
10145,10329
10146,10329
10147,10329
10148,10329
10149,10329
10150,10329
10151,10329
10152,10329
10153,10329
10154,10329
10155,10329
10156,10329
10157,10329
10158,10329
10159,10329
10160,10329
10161,10329
10162,10329
10163,10329
10164,10329
10165,10329
10166,10329
10167,10329
10168,10329
10169,10329
10170,10329
10171,10329
10172,10329
10173,10329
10174,10329
10175,10329
10176,10329
10177,10329
10178,10329
10179,10329
10180,10329
10181,10329
10182,10329
10183,10329
10184,10329
10185,10329
10186,10329
10187,10329
10188,10329
10189,10329
10190,10329
10191,10329
10192,10329
10193,10329
10194,10329
10195,10329
10196,10329
10197,10329
10198,10329
10199,10329
10200,10329
10201,10329
10202,10329
10203,10329
10204,10329
10205,10329
10206,10329
10207,10329
10208,10329
10209,10329
10210,10329
10211,10329
10212,10329
10213,10329
10214,10329
10215,10329
10216,10329
10217,10329
10218,10329
10219,10329
10220,10329
10221,10329
10222,10329
10223,10329
10224,10329
10225,10329
10226,10329
10227,10329
10228,10329
10229,10329
10230,10329
10231,10329
10232,10329
10233,10329
10234,10329
10235,10329
10236,10329
10237,10329
10238,10329
10239,10329
10240,10329
10241,10329
10242,10329
10243,10329
10244,10329
10245,10329
10246,10329
10247,10329
10248,10329
10249,10329
10250,10329
10251,10329
10252,10329
10253,10329
10254,10329
10255,10329
10256,10329
10257,10329
10258,10329
10259,10329
10260,10329
10261,10329
10262,10329
10263,10329
10264,10329
10265,10329
10266,10329
10267,10329
10268,10329
10269,10329
10270,10329
10271,10329
10272,10329
10273,10329
10274,10329
10275,10329
10276,10329
10277,10329
10278,10329
10279,10329
10280,10329
10281,10329
10282,10329
10283,10329
10284,10329
10285,10329
10286,10329
10287,10329
10288,10329
10289,10329
10290,10329
10291,10329
10292,10329
10293,10329
10294,10329
10295,10329
10296,10329
10297,10329
10298,10329
10299,10329
10300,10329
10301,10329
10302,10329
10303,10329
10304,10329
10305,10329
10306,10329
10307,10329
10308,10329
10309,10329
10310,10329
10311,10329
10312,10329
10313,10329
10314,10329
10315,10329
10316,10329
10317,10329
10318,10329
10319,10329
10320,10329
10321,10329
10322,10329
10323,10329
10324,10329
10325,10329
10326,10329
10327,10329
10328,10329
10329,10329
10330,10329
10331,10329
10332,10329
10333,10329
10334,10329
10335,10329
10336,10329
10088,10330
10089,10330
10090,10330
10091,10330
10092,10330
10093,10330
10094,10330
10095,10330
10096,10330
10097,10330
10098,10330
10099,10330
10100,10330
10101,10330
10102,10330
10103,10330
10104,10330
10105,10330
10106,10330
10107,10330
10108,10330
10109,10330
10110,10330
10111,10330
10112,10330
10113,10330
10114,10330
10115,10330
10116,10330
10117,10330
10118,10330
10119,10330
10120,10330
10121,10330
10122,10330
10123,10330
10124,10330
10125,10330
10126,10330
10127,10330
10128,10330
10129,10330
10130,10330
10131,10330
10132,10330
10133,10330
10134,10330
10135,10330
10136,10330
10137,10330
10138,10330
10139,10330
10140,10330
10141,10330
10142,10330
10143,10330
10144,10330
10145,10330
10146,10330
10147,10330
10148,10330
10149,10330
10150,10330
10151,10330
10152,10330
10153,10330
10154,10330
10155,10330
10156,10330
10157,10330
10158,10330
10159,10330
10160,10330
10161,10330
10162,10330
10163,10330
10164,10330
10165,10330
10166,10330
10167,10330
10168,10330
10169,10330
10170,10330
10171,10330
10172,10330
10173,10330
10174,10330
10175,10330
10176,10330
10177,10330
10178,10330
10179,10330
10180,10330
10181,10330
10182,10330
10183,10330
10184,10330
10185,10330
10186,10330
10187,10330
10188,10330
10189,10330
10190,10330
10191,10330
10192,10330
10193,10330
10194,10330
10195,10330
10196,10330
10197,10330
10198,10330
10199,10330
10200,10330
10201,10330
10202,10330
10203,10330
10204,10330
10205,10330
10206,10330
10207,10330
10208,10330
10209,10330
10210,10330
10211,10330
10212,10330
10213,10330
10214,10330
10215,10330
10216,10330
10217,10330
10218,10330
10219,10330
10220,10330
10221,10330
10222,10330
10223,10330
10224,10330
10225,10330
10226,10330
10227,10330
10228,10330
10229,10330
10230,10330
10231,10330
10232,10330
10233,10330
10234,10330
10235,10330
10236,10330
10237,10330
10238,10330
10239,10330
10240,10330
10241,10330
10242,10330
10243,10330
10244,10330
10245,10330
10246,10330
10247,10330
10248,10330
10249,10330
10250,10330
10251,10330
10252,10330
10253,10330
10254,10330
10255,10330
10256,10330
10257,10330
10258,10330
10259,10330
10260,10330
10261,10330
10262,10330
10263,10330
10264,10330
10265,10330
10266,10330
10267,10330
10268,10330
10269,10330
10270,10330
10271,10330
10272,10330
10273,10330
10274,10330
10275,10330
10276,10330
10277,10330
10278,10330
10279,10330
10280,10330
10281,10330
10282,10330
10283,10330
10284,10330
10285,10330
10286,10330
10287,10330
10288,10330
10289,10330
10290,10330
10291,10330
10292,10330
10293,10330
10294,10330
10295,10330
10296,10330
10297,10330
10298,10330
10299,10330
10300,10330
10301,10330
10302,10330
10303,10330
10304,10330
10305,10330
10306,10330
10307,10330
10308,10330
10309,10330
10310,10330
10311,10330
10312,10330
10313,10330
10314,10330
10315,10330
10316,10330
10317,10330
10318,10330
10319,10330
10320,10330
10321,10330
10322,10330
10323,10330
10324,10330
10325,10330
10326,10330
10327,10330
10328,10330
10329,10330
10330,10330
10331,10330
10332,10330
10333,10330
10334,10330
10335,10330
10336,10330
10088,10331
10089,10331
10090,10331
10091,10331
10092,10331
10093,10331
10094,10331
10095,10331
10096,10331
10097,10331
10098,10331
10099,10331
10100,10331
10101,10331
10102,10331
10103,10331
10104,10331
10105,10331
10106,10331
10107,10331
10108,10331
10109,10331
10110,10331
10111,10331
10112,10331
10113,10331
10114,10331
10115,10331
10116,10331
10117,10331
10118,10331
10119,10331
10120,10331
10121,10331
10122,10331
10123,10331
10124,10331
10125,10331
10126,10331
10127,10331
10128,10331
10129,10331
10130,10331
10131,10331
10132,10331
10133,10331
10134,10331
10135,10331
10136,10331
10137,10331
10138,10331
10139,10331
10140,10331
10141,10331
10142,10331
10143,10331
10144,10331
10145,10331
10146,10331
10147,10331
10148,10331
10149,10331
10150,10331
10151,10331
10152,10331
10153,10331
10154,10331
10155,10331
10156,10331
10157,10331
10158,10331
10159,10331
10160,10331
10161,10331
10162,10331
10163,10331
10164,10331
10165,10331
10166,10331
10167,10331
10168,10331
10169,10331
10170,10331
10171,10331
10172,10331
10173,10331
10174,10331
10175,10331
10176,10331
10177,10331
10178,10331
10179,10331
10180,10331
10181,10331
10182,10331
10183,10331
10184,10331
10185,10331
10186,10331
10187,10331
10188,10331
10189,10331
10190,10331
10191,10331
10192,10331
10193,10331
10194,10331
10195,10331
10196,10331
10197,10331
10198,10331
10199,10331
10200,10331
10201,10331
10202,10331
10203,10331
10204,10331
10205,10331
10206,10331
10207,10331
10208,10331
10209,10331
10210,10331
10211,10331
10212,10331
10213,10331
10214,10331
10215,10331
10216,10331
10217,10331
10218,10331
10219,10331
10220,10331
10221,10331
10222,10331
10223,10331
10224,10331
10225,10331
10226,10331
10227,10331
10228,10331
10229,10331
10230,10331
10231,10331
10232,10331
10233,10331
10234,10331
10235,10331
10236,10331
10237,10331
10238,10331
10239,10331
10240,10331
10241,10331
10242,10331
10243,10331
10244,10331
10245,10331
10246,10331
10247,10331
10248,10331
10249,10331
10250,10331
10251,10331
10252,10331
10253,10331
10254,10331
10255,10331
10256,10331
10257,10331
10258,10331
10259,10331
10260,10331
10261,10331
10262,10331
10263,10331
10264,10331
10265,10331
10266,10331
10267,10331
10268,10331
10269,10331
10270,10331
10271,10331
10272,10331
10273,10331
10274,10331
10275,10331
10276,10331
10277,10331
10278,10331
10279,10331
10280,10331
10281,10331
10282,10331
10283,10331
10284,10331
10285,10331
10286,10331
10287,10331
10288,10331
10289,10331
10290,10331
10291,10331
10292,10331
10293,10331
10294,10331
10295,10331
10296,10331
10297,10331
10298,10331
10299,10331
10300,10331
10301,10331
10302,10331
10303,10331
10304,10331
10305,10331
10306,10331
10307,10331
10308,10331
10309,10331
10310,10331
10311,10331
10312,10331
10313,10331
10314,10331
10315,10331
10316,10331
10317,10331
10318,10331
10319,10331
10320,10331
10321,10331
10322,10331
10323,10331
10324,10331
10325,10331
10326,10331
10327,10331
10328,10331
10329,10331
10330,10331
10331,10331
10332,10331
10333,10331
10334,10331
10335,10331
10336,10331
10088,10332
10089,10332
10090,10332
10091,10332
10092,10332
10093,10332
10094,10332
10095,10332
10096,10332
10097,10332
10098,10332
10099,10332
10100,10332
10101,10332
10102,10332
10103,10332
10104,10332
10105,10332
10106,10332
10107,10332
10108,10332
10109,10332
10110,10332
10111,10332
10112,10332
10113,10332
10114,10332
10115,10332
10116,10332
10117,10332
10118,10332
10119,10332
10120,10332
10121,10332
10122,10332
10123,10332
10124,10332
10125,10332
10126,10332
10127,10332
10128,10332
10129,10332
10130,10332
10131,10332
10132,10332
10133,10332
10134,10332
10135,10332
10136,10332
10137,10332
10138,10332
10139,10332
10140,10332
10141,10332
10142,10332
10143,10332
10144,10332
10145,10332
10146,10332
10147,10332
10148,10332
10149,10332
10150,10332
10151,10332
10152,10332
10153,10332
10154,10332
10155,10332
10156,10332
10157,10332
10158,10332
10159,10332
10160,10332
10161,10332
10162,10332
10163,10332
10164,10332
10165,10332
10166,10332
10167,10332
10168,10332
10169,10332
10170,10332
10171,10332
10172,10332
10173,10332
10174,10332
10175,10332
10176,10332
10177,10332
10178,10332
10179,10332
10180,10332
10181,10332
10182,10332
10183,10332
10184,10332
10185,10332
10186,10332
10187,10332
10188,10332
10189,10332
10190,10332
10191,10332
10192,10332
10193,10332
10194,10332
10195,10332
10196,10332
10197,10332
10198,10332
10199,10332
10200,10332
10201,10332
10202,10332
10203,10332
10204,10332
10205,10332
10206,10332
10207,10332
10208,10332
10209,10332
10210,10332
10211,10332
10212,10332
10213,10332
10214,10332
10215,10332
10216,10332
10217,10332
10218,10332
10219,10332
10220,10332
10221,10332
10222,10332
10223,10332
10224,10332
10225,10332
10226,10332
10227,10332
10228,10332
10229,10332
10230,10332
10231,10332
10232,10332
10233,10332
10234,10332
10235,10332
10236,10332
10237,10332
10238,10332
10239,10332
10240,10332
10241,10332
10242,10332
10243,10332
10244,10332
10245,10332
10246,10332
10247,10332
10248,10332
10249,10332
10250,10332
10251,10332
10252,10332
10253,10332
10254,10332
10255,10332
10256,10332
10257,10332
10258,10332
10259,10332
10260,10332
10261,10332
10262,10332
10263,10332
10264,10332
10265,10332
10266,10332
10267,10332
10268,10332
10269,10332
10270,10332
10271,10332
10272,10332
10273,10332
10274,10332
10275,10332
10276,10332
10277,10332
10278,10332
10279,10332
10280,10332
10281,10332
10282,10332
10283,10332
10284,10332
10285,10332
10286,10332
10287,10332
10288,10332
10289,10332
10290,10332
10291,10332
10292,10332
10293,10332
10294,10332
10295,10332
10296,10332
10297,10332
10298,10332
10299,10332
10300,10332
10301,10332
10302,10332
10303,10332
10304,10332
10305,10332
10306,10332
10307,10332
10308,10332
10309,10332
10310,10332
10311,10332
10312,10332
10313,10332
10314,10332
10315,10332
10316,10332
10317,10332
10318,10332
10319,10332
10320,10332
10321,10332
10322,10332
10323,10332
10324,10332
10325,10332
10326,10332
10327,10332
10328,10332
10329,10332
10330,10332
10331,10332
10332,10332
10333,10332
10334,10332
10335,10332
10336,10332
10088,10333
10089,10333
10090,10333
10091,10333
10092,10333
10093,10333
10094,10333
10095,10333
10096,10333
10097,10333
10098,10333
10099,10333
10100,10333
10101,10333
10102,10333
10103,10333
10104,10333
10105,10333
10106,10333
10107,10333
10108,10333
10109,10333
10110,10333
10111,10333
10112,10333
10113,10333
10114,10333
10115,10333
10116,10333
10117,10333
10118,10333
10119,10333
10120,10333
10121,10333
10122,10333
10123,10333
10124,10333
10125,10333
10126,10333
10127,10333
10128,10333
10129,10333
10130,10333
10131,10333
10132,10333
10133,10333
10134,10333
10135,10333
10136,10333
10137,10333
10138,10333
10139,10333
10140,10333
10141,10333
10142,10333
10143,10333
10144,10333
10145,10333
10146,10333
10147,10333
10148,10333
10149,10333
10150,10333
10151,10333
10152,10333
10153,10333
10154,10333
10155,10333
10156,10333
10157,10333
10158,10333
10159,10333
10160,10333
10161,10333
10162,10333
10163,10333
10164,10333
10165,10333
10166,10333
10167,10333
10168,10333
10169,10333
10170,10333
10171,10333
10172,10333
10173,10333
10174,10333
10175,10333
10176,10333
10177,10333
10178,10333
10179,10333
10180,10333
10181,10333
10182,10333
10183,10333
10184,10333
10185,10333
10186,10333
10187,10333
10188,10333
10189,10333
10190,10333
10191,10333
10192,10333
10193,10333
10194,10333
10195,10333
10196,10333
10197,10333
10198,10333
10199,10333
10200,10333
10201,10333
10202,10333
10203,10333
10204,10333
10205,10333
10206,10333
10207,10333
10208,10333
10209,10333
10210,10333
10211,10333
10212,10333
10213,10333
10214,10333
10215,10333
10216,10333
10217,10333
10218,10333
10219,10333
10220,10333
10221,10333
10222,10333
10223,10333
10224,10333
10225,10333
10226,10333
10227,10333
10228,10333
10229,10333
10230,10333
10231,10333
10232,10333
10233,10333
10234,10333
10235,10333
10236,10333
10237,10333
10238,10333
10239,10333
10240,10333
10241,10333
10242,10333
10243,10333
10244,10333
10245,10333
10246,10333
10247,10333
10248,10333
10249,10333
10250,10333
10251,10333
10252,10333
10253,10333
10254,10333
10255,10333
10256,10333
10257,10333
10258,10333
10259,10333
10260,10333
10261,10333
10262,10333
10263,10333
10264,10333
10265,10333
10266,10333
10267,10333
10268,10333
10269,10333
10270,10333
10271,10333
10272,10333
10273,10333
10274,10333
10275,10333
10276,10333
10277,10333
10278,10333
10279,10333
10280,10333
10281,10333
10282,10333
10283,10333
10284,10333
10285,10333
10286,10333
10287,10333
10288,10333
10289,10333
10290,10333
10291,10333
10292,10333
10293,10333
10294,10333
10295,10333
10296,10333
10297,10333
10298,10333
10299,10333
10300,10333
10301,10333
10302,10333
10303,10333
10304,10333
10305,10333
10306,10333
10307,10333
10308,10333
10309,10333
10310,10333
10311,10333
10312,10333
10313,10333
10314,10333
10315,10333
10316,10333
10317,10333
10318,10333
10319,10333
10320,10333
10321,10333
10322,10333
10323,10333
10324,10333
10325,10333
10326,10333
10327,10333
10328,10333
10329,10333
10330,10333
10331,10333
10332,10333
10333,10333
10334,10333
10335,10333
10336,10333
10088,10334
10089,10334
10090,10334
10091,10334
10092,10334
10093,10334
10094,10334
10095,10334
10096,10334
10097,10334
10098,10334
10099,10334
10100,10334
10101,10334
10102,10334
10103,10334
10104,10334
10105,10334
10106,10334
10107,10334
10108,10334
10109,10334
10110,10334
10111,10334
10112,10334
10113,10334
10114,10334
10115,10334
10116,10334
10117,10334
10118,10334
10119,10334
10120,10334
10121,10334
10122,10334
10123,10334
10124,10334
10125,10334
10126,10334
10127,10334
10128,10334
10129,10334
10130,10334
10131,10334
10132,10334
10133,10334
10134,10334
10135,10334
10136,10334
10137,10334
10138,10334
10139,10334
10140,10334
10141,10334
10142,10334
10143,10334
10144,10334
10145,10334
10146,10334
10147,10334
10148,10334
10149,10334
10150,10334
10151,10334
10152,10334
10153,10334
10154,10334
10155,10334
10156,10334
10157,10334
10158,10334
10159,10334
10160,10334
10161,10334
10162,10334
10163,10334
10164,10334
10165,10334
10166,10334
10167,10334
10168,10334
10169,10334
10170,10334
10171,10334
10172,10334
10173,10334
10174,10334
10175,10334
10176,10334
10177,10334
10178,10334
10179,10334
10180,10334
10181,10334
10182,10334
10183,10334
10184,10334
10185,10334
10186,10334
10187,10334
10188,10334
10189,10334
10190,10334
10191,10334
10192,10334
10193,10334
10194,10334
10195,10334
10196,10334
10197,10334
10198,10334
10199,10334
10200,10334
10201,10334
10202,10334
10203,10334
10204,10334
10205,10334
10206,10334
10207,10334
10208,10334
10209,10334
10210,10334
10211,10334
10212,10334
10213,10334
10214,10334
10215,10334
10216,10334
10217,10334
10218,10334
10219,10334
10220,10334
10221,10334
10222,10334
10223,10334
10224,10334
10225,10334
10226,10334
10227,10334
10228,10334
10229,10334
10230,10334
10231,10334
10232,10334
10233,10334
10234,10334
10235,10334
10236,10334
10237,10334
10238,10334
10239,10334
10240,10334
10241,10334
10242,10334
10243,10334
10244,10334
10245,10334
10246,10334
10247,10334
10248,10334
10249,10334
10250,10334
10251,10334
10252,10334
10253,10334
10254,10334
10255,10334
10256,10334
10257,10334
10258,10334
10259,10334
10260,10334
10261,10334
10262,10334
10263,10334
10264,10334
10265,10334
10266,10334
10267,10334
10268,10334
10269,10334
10270,10334
10271,10334
10272,10334
10273,10334
10274,10334
10275,10334
10276,10334
10277,10334
10278,10334
10279,10334
10280,10334
10281,10334
10282,10334
10283,10334
10284,10334
10285,10334
10286,10334
10287,10334
10288,10334
10289,10334
10290,10334
10291,10334
10292,10334
10293,10334
10294,10334
10295,10334
10296,10334
10297,10334
10298,10334
10299,10334
10300,10334
10301,10334
10302,10334
10303,10334
10304,10334
10305,10334
10306,10334
10307,10334
10308,10334
10309,10334
10310,10334
10311,10334
10312,10334
10313,10334
10314,10334
10315,10334
10316,10334
10317,10334
10318,10334
10319,10334
10320,10334
10321,10334
10322,10334
10323,10334
10324,10334
10325,10334
10326,10334
10327,10334
10328,10334
10329,10334
10330,10334
10331,10334
10332,10334
10333,10334
10334,10334
10335,10334
10336,10334
10088,10335
10089,10335
10090,10335
10091,10335
10092,10335
10093,10335
10094,10335
10095,10335
10096,10335
10097,10335
10098,10335
10099,10335
10100,10335
10101,10335
10102,10335
10103,10335
10104,10335
10105,10335
10106,10335
10107,10335
10108,10335
10109,10335
10110,10335
10111,10335
10112,10335
10113,10335
10114,10335
10115,10335
10116,10335
10117,10335
10118,10335
10119,10335
10120,10335
10121,10335
10122,10335
10123,10335
10124,10335
10125,10335
10126,10335
10127,10335
10128,10335
10129,10335
10130,10335
10131,10335
10132,10335
10133,10335
10134,10335
10135,10335
10136,10335
10137,10335
10138,10335
10139,10335
10140,10335
10141,10335
10142,10335
10143,10335
10144,10335
10145,10335
10146,10335
10147,10335
10148,10335
10149,10335
10150,10335
10151,10335
10152,10335
10153,10335
10154,10335
10155,10335
10156,10335
10157,10335
10158,10335
10159,10335
10160,10335
10161,10335
10162,10335
10163,10335
10164,10335
10165,10335
10166,10335
10167,10335
10168,10335
10169,10335
10170,10335
10171,10335
10172,10335
10173,10335
10174,10335
10175,10335
10176,10335
10177,10335
10178,10335
10179,10335
10180,10335
10181,10335
10182,10335
10183,10335
10184,10335
10185,10335
10186,10335
10187,10335
10188,10335
10189,10335
10190,10335
10191,10335
10192,10335
10193,10335
10194,10335
10195,10335
10196,10335
10197,10335
10198,10335
10199,10335
10200,10335
10201,10335
10202,10335
10203,10335
10204,10335
10205,10335
10206,10335
10207,10335
10208,10335
10209,10335
10210,10335
10211,10335
10212,10335
10213,10335
10214,10335
10215,10335
10216,10335
10217,10335
10218,10335
10219,10335
10220,10335
10221,10335
10222,10335
10223,10335
10224,10335
10225,10335
10226,10335
10227,10335
10228,10335
10229,10335
10230,10335
10231,10335
10232,10335
10233,10335
10234,10335
10235,10335
10236,10335
10237,10335
10238,10335
10239,10335
10240,10335
10241,10335
10242,10335
10243,10335
10244,10335
10245,10335
10246,10335
10247,10335
10248,10335
10249,10335
10250,10335
10251,10335
10252,10335
10253,10335
10254,10335
10255,10335
10256,10335
10257,10335
10258,10335
10259,10335
10260,10335
10261,10335
10262,10335
10263,10335
10264,10335
10265,10335
10266,10335
10267,10335
10268,10335
10269,10335
10270,10335
10271,10335
10272,10335
10273,10335
10274,10335
10275,10335
10276,10335
10277,10335
10278,10335
10279,10335
10280,10335
10281,10335
10282,10335
10283,10335
10284,10335
10285,10335
10286,10335
10287,10335
10288,10335
10289,10335
10290,10335
10291,10335
10292,10335
10293,10335
10294,10335
10295,10335
10296,10335
10297,10335
10298,10335
10299,10335
10300,10335
10301,10335
10302,10335
10303,10335
10304,10335
10305,10335
10306,10335
10307,10335
10308,10335
10309,10335
10310,10335
10311,10335
10312,10335
10313,10335
10314,10335
10315,10335
10316,10335
10317,10335
10318,10335
10319,10335
10320,10335
10321,10335
10322,10335
10323,10335
10324,10335
10325,10335
10326,10335
10327,10335
10328,10335
10329,10335
10330,10335
10331,10335
10332,10335
10333,10335
10334,10335
10335,10335
10336,10335
10088,10336
10089,10336
10090,10336
10091,10336
10092,10336
10093,10336
10094,10336
10095,10336
10096,10336
10097,10336
10098,10336
10099,10336
10100,10336
10101,10336
10102,10336
10103,10336
10104,10336
10105,10336
10106,10336
10107,10336
10108,10336
10109,10336
10110,10336
10111,10336
10112,10336
10113,10336
10114,10336
10115,10336
10116,10336
10117,10336
10118,10336
10119,10336
10120,10336
10121,10336
10122,10336
10123,10336
10124,10336
10125,10336
10126,10336
10127,10336
10128,10336
10129,10336
10130,10336
10131,10336
10132,10336
10133,10336
10134,10336
10135,10336
10136,10336
10137,10336
10138,10336
10139,10336
10140,10336
10141,10336
10142,10336
10143,10336
10144,10336
10145,10336
10146,10336
10147,10336
10148,10336
10149,10336
10150,10336
10151,10336
10152,10336
10153,10336
10154,10336
10155,10336
10156,10336
10157,10336
10158,10336
10159,10336
10160,10336
10161,10336
10162,10336
10163,10336
10164,10336
10165,10336
10166,10336
10167,10336
10168,10336
10169,10336
10170,10336
10171,10336
10172,10336
10173,10336
10174,10336
10175,10336
10176,10336
10177,10336
10178,10336
10179,10336
10180,10336
10181,10336
10182,10336
10183,10336
10184,10336
10185,10336
10186,10336
10187,10336
10188,10336
10189,10336
10190,10336
10191,10336
10192,10336
10193,10336
10194,10336
10195,10336
10196,10336
10197,10336
10198,10336
10199,10336
10200,10336
10201,10336
10202,10336
10203,10336
10204,10336
10205,10336
10206,10336
10207,10336
10208,10336
10209,10336
10210,10336
10211,10336
10212,10336
10213,10336
10214,10336
10215,10336
10216,10336
10217,10336
10218,10336
10219,10336
10220,10336
10221,10336
10222,10336
10223,10336
10224,10336
10225,10336
10226,10336
10227,10336
10228,10336
10229,10336
10230,10336
10231,10336
10232,10336
10233,10336
10234,10336
10235,10336
10236,10336
10237,10336
10238,10336
10239,10336
10240,10336
10241,10336
10242,10336
10243,10336
10244,10336
10245,10336
10246,10336
10247,10336
10248,10336
10249,10336
10250,10336
10251,10336
10252,10336
10253,10336
10254,10336
10255,10336
10256,10336
10257,10336
10258,10336
10259,10336
10260,10336
10261,10336
10262,10336
10263,10336
10264,10336
10265,10336
10266,10336
10267,10336
10268,10336
10269,10336
10270,10336
10271,10336
10272,10336
10273,10336
10274,10336
10275,10336
10276,10336
10277,10336
10278,10336
10279,10336
10280,10336
10281,10336
10282,10336
10283,10336
10284,10336
10285,10336
10286,10336
10287,10336
10288,10336
10289,10336
10290,10336
10291,10336
10292,10336
10293,10336
10294,10336
10295,10336
10296,10336
10297,10336
10298,10336
10299,10336
10300,10336
10301,10336
10302,10336
10303,10336
10304,10336
10305,10336
10306,10336
10307,10336
10308,10336
10309,10336
10310,10336
10311,10336
10312,10336
10313,10336
10314,10336
10315,10336
10316,10336
10317,10336
10318,10336
10319,10336
10320,10336
10321,10336
10322,10336
10323,10336
10324,10336
10325,10336
10326,10336
10327,10336
10328,10336
10329,10336
10330,10336
10331,10336
10332,10336
10333,10336
10334,10336
10335,10336
10336,10336
10337,10337
10338,10338
10339,10339
10340,10340
10341,10341
10342,10342
10343,10343
10344,10344
10345,10345
10346,10346
10347,10347
10348,10348
10349,10349
10350,10350
10351,10351
10352,10352
10353,10353
10354,10354
10355,10355
10356,10356
10357,10357
10358,10358
10359,10359
10360,10360
10361,10361
10362,10362
10363,10363
10364,10364
10365,10365
10366,10366
10367,10367
10368,10368
10369,10369
10370,10370
10371,10371
10372,10372
10373,10373
10374,10374
10375,10375
10376,10376
10377,10377
10378,10378
10379,10379
10380,10380
10381,10381
10382,10382
10383,10383
10384,10384
10385,10385
10386,10386
10387,10387
10388,10388
10389,10389
10390,10390
10391,10391
10392,10392
10393,10393
10394,10394
10395,10395
10396,10396
10397,10397
10398,10398
10399,10399
10400,10400
10401,10401
10402,10402
10403,10403
10404,10404
10405,10405
10406,10406
10407,10407
10408,10408
10409,10409
10410,10410
10411,10411
10412,10412
10413,10413
10414,10414
10415,10415
10416,10416
10417,10417
10418,10418
10419,10419
10420,10420
10421,10421
10422,10422
10423,10423
10424,10424
10425,10425
10426,10426
10427,10427
10428,10428
10429,10429
10430,10430
10431,10431
10432,10432
10433,10433
10434,10434
10435,10435
10436,10436
10437,10437
10438,10438
10439,10439
10440,10440
10441,10441
10442,10442
10443,10443
10444,10444
10445,10445
10446,10446
10447,10447
10448,10448
10449,10449
10450,10450
10451,10451
10452,10452
10453,10453
10454,10454
10455,10455
10456,10456
10457,10457
10458,10458
10459,10459
10460,10460
10461,10461
10462,10462
10463,10463
10464,10464
10465,10465
10466,10466
10467,10467
10468,10468
10469,10469
10470,10470
10471,10471
10472,10472
10473,10473
10474,10474
10475,10475
10476,10476
10477,10477
10478,10478
10479,10479
10480,10480
10481,10481
10482,10482
10483,10483
10484,10484
10485,10485
10486,10486
10487,10487
10488,10488
10489,10489
10490,10490
10491,10491
10492,10492
10493,10493
10494,10494
10495,10495
10496,10496
10497,10497
10498,10498
10499,10499
10500,10500
10501,10501
10502,10502
10503,10503
10504,10504
10505,10505
10506,10506
10507,10507
10508,10508
10509,10509
10510,10510
10511,10511
10512,10512
10513,10513
10514,10514
10515,10515
10516,10516
10517,10517
10518,10518
10519,10519
10520,10520
10521,10521
10522,10522
10523,10523
10524,10524
10525,10525
10526,10526
10527,10527
10528,10528
10529,10529
10530,10530
10531,10531
10532,10532
10533,10533
10534,10534
10535,10535
10536,10536
10537,10537
10538,10538
10539,10539
10540,10540
10541,10541
10542,10542
10543,10543
10544,10544
10545,10545
10546,10546
10547,10547
10548,10548
10549,10549
10550,10550
10551,10551
10552,10552
10553,10553
10554,10554
10555,10555
10556,10556
10557,10557
10558,10558
10559,10559
10560,10560
10561,10561
10562,10562
10563,10563
10564,10564
10565,10565
10566,10566
10567,10567
10568,10568
10569,10569
10570,10570
10571,10571
10572,10572
10573,10573
10574,10574
10575,10575
10576,10576
10577,10577
10578,10578
10579,10579
10580,10580
10581,10581
10582,10582
10583,10583
10584,10584
10585,10585
10586,10586
10587,10587
10588,10588
10589,10589
10590,10590
10591,10591
10592,10592
10593,10593
10594,10594
10595,10595
10596,10596
10597,10597
10598,10598
10599,10599
10600,10600
10601,10601
10602,10602
10603,10603
10604,10604
10605,10605
10606,10606
10607,10607
10608,10608
10609,10609
10610,10610
10611,10611
10612,10612
10613,10613
10614,10614
10615,10615
10616,10616
10617,10617
10618,10618
10619,10619
10620,10620
10621,10621
10622,10622
10623,10623
10624,10624
10625,10625
10626,10626
10627,10627
10628,10628
10629,10629
10630,10630
10631,10631
10632,10632
10633,10633
10634,10634
10635,10635
10636,10636
10637,10637
10638,10638
10639,10639
10640,10640
10641,10641
10642,10642
10643,10643
10644,10644
10645,10645
10646,10646
10647,10647
10648,10648
10649,10649
10650,10650
10651,10651
10652,10652
10653,10653
10654,10654
10655,10655
10656,10656
10657,10657
10658,10658
10659,10659
10660,10660
10661,10661
10662,10662
10663,10663
10664,10664
10665,10665
10666,10666
10667,10667
10668,10668
10669,10669
10670,10670
10671,10671
10672,10672
10673,10673
10674,10674
10675,10675
10676,10676
10677,10677
10678,10678
10679,10679
10680,10680
10681,10681
10682,10682
10683,10683
10684,10684
10685,10685
10686,10686
10687,10687
10688,10688
10689,10689
10690,10690
10691,10691
10692,10692
10693,10693
10694,10694
10695,10695
10696,10696
10697,10697
10698,10698
10699,10699
10700,10700
10701,10701
10702,10702
10703,10703
10704,10704
10705,10705
10706,10706
10707,10707
10708,10708
10709,10709
10710,10710
10711,10711
10712,10712
10713,10713
10714,10714
10715,10715
10716,10716
10717,10717
10718,10718
10719,10719
10720,10720
10721,10721
10722,10722
10723,10723
10724,10724
10725,10725
10726,10726
10727,10727
10728,10728
10729,10729
10730,10730
10731,10731
10732,10732
10733,10733
10734,10734
10735,10735
10736,10736
10737,10737
10738,10738
10739,10739
10740,10740
10741,10741
10742,10742
10743,10743
10744,10744
10745,10745
10746,10746
10747,10747
10748,10748
10749,10749
10750,10750
10751,10751
10752,10752
10753,10753
10754,10754
10755,10755
10756,10756
10757,10757
10758,10758
10759,10759
10760,10760
10761,10761
10762,10762
10763,10763
10764,10764
10765,10765
10766,10766
10767,10767
10768,10768
10769,10769
10770,10770
10771,10771
10772,10772
10773,10773
10774,10774
10775,10775
10776,10776
10777,10777
10778,10778
10779,10779
10780,10780
10781,10781
10782,10782
10783,10783
10784,10784
10785,10785
10786,10786
10787,10787
10788,10788
10789,10789
10790,10790
10791,10791
10792,10792
10793,10793
10794,10794
10795,10795
10796,10796
10797,10797
10798,10798
10799,10799
10800,10800
10801,10801
10802,10802
10803,10803
10804,10804
10805,10805
10806,10806
10807,10807
10808,10808
10809,10809
10810,10810
10811,10811
10812,10812
10813,10813
10814,10814
10815,10815
10816,10816
10817,10817
10818,10818
10819,10819
10820,10820
10821,10821
10822,10822
10823,10823
10824,10824
10825,10825
10826,10826
10827,10827
10828,10828
10829,10829
10830,10830
10831,10831
10832,10832
10833,10833
10834,10834
10835,10835
10836,10836
10837,10837
10838,10838
10839,10839
10840,10840
10841,10841
10842,10842
10843,10843
10844,10844
10845,10845
10846,10846
10847,10847
10848,10848
10849,10849
10850,10850
10851,10851
10852,10852
10853,10853
10854,10854
10855,10855
10856,10856
10857,10857
10858,10858
10859,10859
10860,10860
10861,10861
10862,10862
10863,10863
10864,10864
10865,10865
10866,10866
10867,10867
10868,10868
10869,10869
10870,10870
10871,10871
10872,10872
10873,10873
10874,10874
10875,10875
10876,10876
10877,10877
10878,10878
10879,10879
10880,10880
10881,10881
10882,10882
10883,10883
10884,10884
10885,10885
10886,10886
10887,10887
10888,10888
10889,10889
10890,10890
10891,10891
10892,10892
10893,10893
10894,10894
10895,10895
10896,10896
10897,10897
10898,10898
10899,10899
10900,10900
10901,10901
10902,10902
10903,10903
10904,10904
10905,10905
10906,10906
10907,10907
10908,10908
10909,10909
10910,10910
10911,10911
10912,10912
10913,10913
10914,10914
10915,10915
10916,10916
10917,10917
10918,10918
10919,10919
10920,10920
10921,10921
10922,10922
10923,10923
10924,10924
10925,10925
10926,10926
10927,10927
10928,10928
10929,10929
10930,10930
10931,10931
10932,10932
10933,10933
10934,10934
10935,10935
10936,10936
10937,10937
10938,10938
10939,10939
10940,10940
10941,10941
10942,10942
10943,10943
10944,10944
10945,10945
10946,10946
10947,10947
10948,10948
10949,10949
10950,10950
10951,10951
10952,10952
10953,10953
10954,10954
10955,10955
10956,10956
10957,10957
10958,10958
10959,10959
10960,10960
10961,10961
10962,10962
10963,10963
10964,10964
10965,10965
10966,10966
10967,10967
10968,10968
10969,10969
10970,10970
10971,10971
10972,10972
10973,10973
10974,10974
10975,10975
10976,10976
10977,10977
10978,10978
10979,10979
10980,10980
10981,10981
10982,10982
10983,10983
10984,10984
10985,10985
10986,10986
10987,10987
10988,10988
10989,10989
10990,10990
10991,10991
10992,10992
10993,10993
10994,10994
10995,10995
10996,10996
10997,10997
10998,10998
10999,10999
11000,11000
11001,11001
11002,11002
11003,11003
11004,11004
11005,11005
11006,11006
11007,11007
11008,11008
11009,11009
11010,11010
11011,11011
11012,11012
11013,11013
11014,11014
11015,11015
11016,11016
11017,11017
11018,11018
11019,11019
11020,11020
11021,11021
11022,11022
11023,11023
11024,11024
11025,11025
11026,11026
11027,11027
11028,11028
11029,11029
11030,11030
11031,11031
11032,11032
11033,11033
11034,11034
11035,11035
11036,11036
11037,11037
11038,11038
11039,11039
11040,11040
11041,11041
11042,11042
11043,11043
11044,11044
11045,11045
11046,11046
11047,11047
11048,11048
11049,11049
11050,11050
11051,11051
11052,11052
11053,11053
11054,11054
11055,11055
11056,11056
11057,11057
11058,11058
11059,11059
11060,11060
11061,11061
11062,11062
11063,11063
11064,11064
11065,11065
11066,11066
11067,11067
11068,11068
11069,11069
11070,11070
11071,11071
11072,11072
11073,11073
11074,11074
11075,11075
11076,11076
11077,11077
11078,11078
11079,11079
11080,11080
11081,11081
11082,11082
11083,11083
11084,11084
11085,11085
11086,11086
11087,11087
11088,11088
11089,11089
11090,11090
11091,11091
11092,11092
11093,11093
11094,11094
11095,11095
11096,11096
11097,11097
11098,11098
11099,11099
11100,11100
11101,11101
11102,11102
11103,11103
11104,11104
11105,11105
11106,11106
11107,11107
11108,11108
11109,11109
11110,11110
11111,11111
11112,11112
11113,11113
11114,11114
11115,11115
11116,11116
11117,11117
11118,11118
11119,11119
11120,11120
11121,11121
11122,11122
11123,11123
11124,11124
11125,11125
11126,11126
11127,11127
11128,11128
11129,11129
11130,11130
11131,11131
11132,11132
11133,11133
11134,11134
11135,11135
11136,11136
11137,11137
11138,11138
11139,11139
11140,11140
11141,11141
11142,11142
11143,11143
11144,11144
11145,11145
11146,11146
11147,11147
11148,11148
11149,11149
11150,11150
11151,11151
11152,11152
11153,11153
11154,11154
11155,11155
11156,11156
11157,11157
11158,11158
11159,11159
11160,11160
11161,11161
11162,11162
11163,11163
11164,11164
11165,11165
11166,11166
11167,11167
11168,11168
11169,11169
11170,11170
11171,11171
11172,11172
11173,11173
11174,11174
11175,11175
11176,11176
11177,11177
11178,11178
11179,11179
11180,11180
11181,11181
11182,11182
11183,11183
11184,11184
11185,11185
11186,11186
11187,11187
11188,11188
11189,11189
11190,11190
11191,11191
11192,11192
11193,11193
11194,11194
11195,11195
11196,11196
11197,11197
11198,11198
11199,11199
11200,11200
11201,11201
11202,11202
11203,11203
11204,11204
11205,11205
11206,11206
11207,11207
11208,11208
11209,11209
11210,11210
11211,11211
11212,11212
11213,11213
11214,11214
11215,11215
11216,11216
11217,11217
11218,11218
11219,11219
11220,11220
11221,11221
11222,11222
11223,11223
11224,11224
11225,11225
11226,11226
11227,11227
11228,11228
11229,11229
11230,11230
11231,11231
11232,11232
11233,11233
11234,11234
11235,11235
11236,11236
11237,11237
11238,11238
11239,11239
11240,11240
11241,11241
11242,11242
11243,11243
11244,11244
11245,11245
11246,11246
11247,11247
11248,11248
11249,11249
11250,11250
11251,11251
11252,11252
11253,11253
11254,11254
11255,11255
11256,11256
11257,11257
11258,11258
11259,11259
11260,11260
11261,11261
11262,11262
11263,11263
11264,11264
11265,11265
11266,11266
11267,11267
11268,11268
11269,11269
11270,11270
11271,11271
11272,11272
11273,11273
11274,11274
11275,11275
11276,11276
11277,11277
11278,11278
11279,11279
11280,11280
11281,11281
11282,11282
11283,11283
11284,11284
11285,11285
11286,11286
11287,11287
11288,11288
11289,11289
11290,11290
11291,11291
11292,11292
11293,11293
11294,11294
11295,11295
11296,11296
11297,11297
11298,11298
11299,11299
11300,11300
11301,11301
11302,11302
11303,11303
11304,11304
11305,11305
11306,11306
11307,11307
11308,11308
11309,11309
11310,11310
11311,11311
11312,11312
11313,11313
11314,11314
11315,11315
11316,11316
11317,11317
11318,11318
11319,11319
11320,11320
11321,11321
11322,11322
11323,11323
11324,11324
11325,11325
11326,11326
11327,11327
11328,11328
11329,11329
11330,11330
11331,11331
11332,11332
11333,11333
11334,11334
11335,11335
11336,11336
11337,11337
11338,11338
11339,11339
11340,11340
11341,11341
11342,11342
11343,11343
11344,11344
11345,11345
11346,11346
11347,11347
11348,11348
11349,11349
11350,11350
11351,11351
11352,11352
11353,11353
11354,11354
11355,11355
11356,11356
11357,11357
11358,11358
11359,11359
11360,11360
11361,11361
11362,11362
11363,11363
11364,11364
11365,11365
11366,11366
11367,11367
11368,11368
11369,11369
11370,11370
11371,11371
11372,11372
11373,11373
11374,11374
11375,11375
11376,11376
11377,11377
11378,11378
11379,11379
11380,11380
11381,11381
11382,11382
11383,11383
11384,11384
11385,11385
11386,11386
11387,11387
11388,11388
11389,11389
11390,11390
11391,11391
11392,11392
11393,11393
11394,11394
11395,11395
11396,11396
11397,11397
11398,11398
11399,11399
11400,11400
11401,11401
11402,11402
11403,11403
11404,11404
11405,11405
11406,11406
11407,11407
11408,11408
11409,11409
11410,11410
11411,11411
11412,11412
11413,11413
11414,11414
11415,11415
11416,11416
11417,11417
11418,11418
11419,11419
11420,11420
11421,11421
11422,11422
11423,11423
11424,11424
11425,11425
11426,11426
11427,11427
11428,11428
11429,11429
11430,11430
11431,11431
11432,11432
11433,11433
11434,11434
11435,11435
11436,11436
11437,11437
11438,11438
11439,11439
11440,11440
11441,11441
11442,11442
11443,11443
11444,11444
11445,11445
11446,11446
11447,11447
11448,11448
11449,11449
11450,11450
11451,11451
11452,11452
11453,11453
11454,11454
11455,11455
11456,11456
11457,11457
11458,11458
11459,11459
11460,11460
11461,11461
11462,11462
11463,11463
11464,11464
11465,11465
11466,11466
11467,11467
11468,11468
11469,11469
11470,11470
11471,11471
11472,11472
11473,11473
11474,11474
11475,11475
11476,11476
11477,11477
11478,11478
11479,11479
11480,11480
11481,11481
11482,11482
11483,11483
11484,11484
11485,11485
11486,11486
11487,11487
11488,11488
11489,11489
11490,11490
11491,11491
11492,11492
11493,11493
11494,11494
11495,11495
11496,11496
11497,11497
11498,11498
11499,11499
11500,11500
11501,11501
11502,11502
11503,11503
11504,11504
11505,11505
11506,11506
11507,11507
11508,11508
11509,11509
11510,11510
11511,11511
11512,11512
11513,11513
11514,11514
11515,11515
11516,11516
11517,11517
11518,11518
11519,11519
11520,11520
11521,11521
11522,11522
11523,11523
11524,11524
11525,11525
11526,11526
11527,11527
11528,11528
11529,11529
11530,11530
11531,11531
11532,11532
11533,11533
11534,11534
11535,11535
11536,11536
11537,11537
11538,11538
11539,11539
11540,11540
11541,11541
11542,11542
11543,11543
11544,11544
11545,11545
11546,11546
11547,11547
11548,11548
11549,11549
11550,11550
11551,11551
11552,11552
11553,11553
11554,11554
11555,11555
11556,11556
11557,11557
11558,11558
11559,11559
11560,11560
11561,11561
11562,11562
11563,11563
11564,11564
11565,11565
11566,11566
11567,11567
11568,11568
11569,11569
11570,11570
11571,11571
11572,11572
11573,11573
11574,11574
11575,11575
11576,11576
11577,11577
11578,11578
11579,11579
11580,11580
11581,11581
11582,11582
11583,11583
11584,11584
11585,11585
11586,11586
11587,11587
11588,11588
11589,11589
11590,11590
11591,11591
11592,11592
11593,11593
11594,11594
11595,11595
11596,11596
11597,11597
11598,11598
11599,11599
11600,11600
11601,11601
11602,11602
11603,11603
11604,11604
11605,11605
11606,11606
11607,11607
11608,11608
11609,11609
11610,11610
11611,11611
11612,11612
11613,11613
11614,11614
11615,11615
11616,11616
11617,11617
11618,11618
11619,11619
11620,11620
11621,11621
11622,11622
11623,11623
11624,11624
11625,11625
11626,11626
11627,11627
11628,11628
11629,11629
11630,11630
11631,11631
11632,11632
11633,11633
11634,11634
11635,11635
11636,11636
11637,11637
11638,11638
11639,11639
11640,11640
11641,11641
11642,11642
11643,11643
11644,11644
11645,11645
11646,11646
11647,11647
11648,11648
11649,11649
11650,11650
11651,11651
11652,11652
11653,11653
11654,11654
11655,11655
11656,11656
11657,11657
11658,11658
11659,11659
11660,11660
11661,11661
11662,11662
11663,11663
11664,11664
11665,11665
11666,11666
11667,11667
11668,11668
11669,11669
11670,11670
11671,11671
11672,11672
11673,11673
11674,11674
11675,11675
11676,11676
11677,11677
11678,11678
11679,11679
11680,11680
11681,11681
11682,11682
11683,11683
11684,11684
11685,11685
11686,11686
11687,11687
11688,11688
11689,11689
11690,11690
11691,11691
11692,11692
11693,11693
11694,11694
11695,11695
11696,11696
11697,11697
11698,11698
11699,11699
11700,11700
11701,11701
11702,11702
11703,11703
11704,11704
11705,11705
11706,11706
11707,11707
11708,11708
11709,11709
11710,11710
11711,11711
11712,11712
11713,11713
11714,11714
11715,11715
11716,11716
11717,11717
11718,11718
11719,11719
11720,11720
11721,11721
11722,11722
11723,11723
11724,11724
11725,11725
11726,11726
11727,11727
11728,11728
11729,11729
11730,11730
11731,11731
11732,11732
11733,11733
11734,11734
11735,11735
11736,11736
11737,11737
11738,11738
11739,11739
11740,11740
11741,11741
11742,11742
11743,11743
11744,11744
11745,11745
11746,11746
11747,11747
11748,11748
11749,11749
11750,11750
11751,11751
11752,11752
11753,11753
11754,11754
11755,11755
11756,11756
11757,11757
11758,11758
11759,11759
11760,11760
11761,11761
11762,11762
11763,11763
11764,11764
11765,11765
11766,11766
11767,11767
11768,11768
11769,11769
11770,11770
11771,11771
11772,11772
11773,11773
11774,11774
11775,11775
11776,11776
11777,11777
11778,11778
11779,11779
11780,11780
11781,11781
11782,11782
11783,11783
11784,11784
11785,11785
11786,11786
11787,11787
11788,11788
11789,11789
11790,11790
11791,11791
11792,11792
11793,11793
11794,11794
11795,11795
11796,11796
11797,11797
11798,11798
11799,11799
11800,11800
11801,11801
11802,11802
11803,11803
11804,11804
11805,11805
11806,11806
11807,11807
11808,11808
11809,11809
11810,11810
11811,11811
11812,11812
11813,11813
11814,11814
11815,11815
11816,11816
11817,11817
11818,11818
11819,11819
11820,11820
11821,11821
11822,11822
11823,11823
11824,11824
11825,11825
11826,11826
11827,11827
11828,11828
11829,11829
11830,11830
11831,11831
11832,11832
11833,11833
11834,11834
11835,11835
11836,11836
11837,11837
11838,11838
11839,11839
11840,11840
11841,11841
11842,11842
11843,11843
11844,11844
11845,11845
11846,11846
11847,11847
11848,11848
11849,11849
11850,11850
11851,11851
11852,11852
11853,11853
11854,11854
11855,11855
11856,11856
11857,11857
11858,11858
11859,11859
11860,11860
11861,11861
11862,11862
11863,11863
11864,11864
11865,11865
11866,11866
11867,11867
11868,11868
11869,11869
11870,11870
11871,11871
11872,11872
11873,11873
11874,11874
11875,11875
11876,11876
11877,11877
11878,11878
11879,11879
11880,11880
11881,11881
11882,11882
11883,11883
11884,11884
11885,11885
11886,11886
11887,11887
11888,11888
11889,11889
11890,11890
11891,11891
11892,11892
11893,11893
11894,11894
11895,11895
11896,11896
11897,11897
11898,11898
11899,11899
11900,11900
11901,11901
11902,11902
11903,11903
11904,11904
11905,11905
11906,11906
11907,11907
11908,11908
11909,11909
11910,11910
11911,11911
11912,11912
11913,11913
11914,11914
11915,11915
11916,11916
11917,11917
11918,11918
11919,11919
11920,11920
11921,11921
11922,11922
11923,11923
11924,11924
11925,11925
11926,11926
11927,11927
11928,11928
11929,11929
11930,11930
11931,11931
11932,11932
11933,11933
11934,11934
11935,11935
11936,11936
11937,11937
11938,11938
11939,11939
11940,11940
11941,11941
11942,11942
11943,11943
11944,11944
11945,11945
11946,11946
11947,11947
11948,11948
11949,11949
11950,11950
11951,11951
11952,11952
11953,11953
11954,11954
11955,11955
11956,11956
11957,11957
11958,11958
11959,11959
11960,11960
11961,11961
11962,11962
11963,11963
11964,11964
11965,11965
11966,11966
11967,11967
11968,11968
11969,11969
11970,11970
11971,11971
11972,11972
11973,11973
11974,11974
11975,11975
11976,11976
11977,11977
11978,11978
11979,11979
11980,11980
11981,11981
11982,11982
11983,11983
11984,11984
11985,11985
11986,11986
11987,11987
11988,11988
11989,11989
11990,11990
11991,11991
11992,11992
11993,11993
11994,11994
11995,11995
11996,11996
11997,11997
11998,11998
11999,11999
12000,12000
12001,12001
12002,12002
12003,12003
12004,12004
12005,12005
12006,12006
12007,12007
12008,12008
12009,12009
12010,12010
12011,12011
12012,12012
12013,12013
12014,12014
12015,12015
12016,12016
12017,12017
12018,12018
12019,12019
12020,12020
12021,12021
12022,12022
12023,12023
12024,12024
12025,12025
12026,12026
12027,12027
12028,12028
12029,12029
12030,12030
12031,12031
12032,12032
12033,12033
12034,12034
12035,12035
12036,12036
12037,12037
12038,12038
12039,12039
12040,12040
12041,12041
12042,12042
12043,12043
12044,12044
12045,12045
12046,12046
12047,12047
12048,12048
12049,12049
12050,12050
12051,12051
12052,12052
12053,12053
12054,12054
12055,12055
12056,12056
12057,12057
12058,12058
12059,12059
12060,12060
12061,12061
12062,12062
12063,12063
12064,12064
12065,12065
12066,12066
12067,12067
12068,12068
12069,12069
12070,12070
12071,12071
12072,12072
12073,12073
12074,12074
12075,12075
12076,12076
12077,12077
12078,12078
12079,12079
12080,12080
12081,12081
12082,12082
12083,12083
12084,12084
12085,12085
12086,12086
12087,12087
12088,12088
12089,12089
12090,12090
12091,12091
12092,12092
12093,12093
12094,12094
12095,12095
12096,12096
12097,12097
12098,12098
12099,12099
12100,12100
12101,12101
12102,12102
12103,12103
12104,12104
12105,12105
12106,12106
12107,12107
12108,12108
12109,12109
12110,12110
12111,12111
12112,12112
12113,12113
12114,12114
12115,12115
12116,12116
12117,12117
12118,12118
12119,12119
12120,12120
12121,12121
12122,12122
12123,12123
12124,12124
12125,12125
12126,12126
12127,12127
12128,12128
12129,12129
12130,12130
12131,12131
12132,12132
12133,12133
12134,12134
12135,12135
12136,12136
12137,12137
12138,12138
12139,12139
12140,12140
12141,12141
12142,12142
12143,12143
12144,12144
12145,12145
12146,12146
12147,12147
12148,12148
12149,12149
12150,12150
12151,12151
12152,12152
12153,12153
12154,12154
12155,12155
12156,12156
12157,12157
12158,12158
12159,12159
12160,12160
12161,12161
12162,12162
12163,12163
12164,12164
12165,12165
12166,12166
12167,12167
12168,12168
12169,12169
12170,12170
12171,12171
12172,12172
12173,12173
12174,12174
12175,12175
12176,12176
12177,12177
12178,12178
12179,12179
12180,12180
12181,12181
12182,12182
12183,12183
12184,12184
12185,12185
12186,12186
12187,12187
12188,12188
12189,12189
12190,12190
12191,12191
12192,12192
12193,12193
12194,12194
12195,12195
12196,12196
12197,12197
12198,12198
12199,12199
12200,12200
12201,12201
12202,12202
12203,12203
12204,12204
12205,12205
12206,12206
12207,12207
12208,12208
12209,12209
12210,12210
12211,12211
12212,12212
12213,12213
12214,12214
12215,12215
12216,12216
12217,12217
12218,12218
12219,12219
12220,12220
12221,12221
12222,12222
12223,12223
12224,12224
12225,12225
12226,12226
12227,12227
12228,12228
12229,12229
12230,12230
12231,12231
12232,12232
12233,12233
12234,12234
12235,12235
12236,12236
12237,12237
12238,12238
12239,12239
12240,12240
12241,12241
12242,12242
12243,12243
12244,12244
12245,12245
12246,12246
12247,12247
12248,12248
12249,12249
12250,12250
12251,12251
12252,12252
12253,12253
12254,12254
12255,12255
12256,12256
12257,12257
12258,12258
12259,12259
12260,12260
12261,12261
12262,12262
12263,12263
12264,12264
12265,12265
12266,12266
12267,12267
12268,12268
12269,12269
12270,12270
12271,12271
12272,12272
12273,12273
12274,12274
12275,12275
12276,12276
12277,12277
12278,12278
12279,12279
12280,12280
12281,12281
12282,12282
12283,12283
12284,12284
12285,12285
12286,12286
12287,12287
12288,12288
12289,12289
12290,12290
12291,12291
12292,12292
12293,12293
12294,12294
12295,12295
12296,12296
12297,12297
12298,12298
12299,12299
12300,12300
12301,12301
12302,12302
12303,12303
12304,12304
12305,12305
12306,12306
12307,12307
12308,12308
12309,12309
12310,12310
12311,12311
12312,12312
12313,12313
12314,12314
12315,12315
12316,12316
12317,12317
12318,12318
12319,12319
12320,12320
12321,12321
12322,12322
12323,12323
12324,12324
12325,12325
12326,12326
12327,12327
12328,12328
12329,12329
12330,12330
12331,12331
12332,12332
12333,12333
12334,12334
12335,12335
12336,12336
12337,12337
12338,12338
12339,12339
12340,12340
12341,12341
12342,12342
12343,12343
12344,12344
12345,12345
12346,12346
12347,12347
12348,12348
12349,12349
12350,12350
12351,12351
12352,12352
12353,12353
12354,12354
12355,12355
12356,12356
12357,12357
12358,12358
12359,12359
12360,12360
12361,12361
12362,12362
12363,12363
12364,12364
12365,12365
12366,12366
12367,12367
12368,12368
12369,12369
12370,12370
12371,12371
12372,12372
12373,12373
12374,12374
12375,12375
12376,12376
12377,12377
12378,12378
12379,12379
12380,12380
12381,12381
12382,12382
12383,12383
12384,12384
12385,12385
12386,12386
12387,12387
12388,12388
12389,12389
12390,12390
12391,12391
12392,12392
12393,12393
12394,12394
12395,12395
12396,12396
12397,12397
12398,12398
12399,12399
12400,12400
12401,12401
12402,12402
12403,12403
12404,12404
12405,12405
12406,12406
12407,12407
12408,12408
12409,12409
12410,12410
12411,12411
12412,12412
12413,12413
12414,12414
12415,12415
12416,12416
12417,12417
12418,12418
12419,12419
12420,12420
12421,12421
12422,12422
12423,12423
12424,12424
12425,12425
12426,12426
12427,12427
12428,12428
12429,12429
12430,12430
12431,12431
12432,12432
12433,12433
12434,12434
12435,12435
12436,12436
12437,12437
12438,12438
12439,12439
12440,12440
12441,12441
12442,12442
12443,12443
12444,12444
12445,12445
12446,12446
12447,12447
12448,12448
12449,12449
12450,12450
12451,12451
12452,12452
12453,12453
12454,12454
12455,12455
12456,12456
12457,12457
12458,12458
12459,12459
12460,12460
12461,12461
12462,12462
12463,12463
12464,12464
12465,12465
12466,12466
12467,12467
12468,12468
12469,12469
12470,12470
12471,12471
12472,12472
12473,12473
12474,12474
12475,12475
12476,12476
12477,12477
12478,12478
12479,12479
12480,12480
12481,12481
12482,12482
12483,12483
12484,12484
12485,12485
12486,12486
12487,12487
12488,12488
12489,12489
12490,12490
12491,12491
12492,12492
12493,12493
12494,12494
12495,12495
12496,12496
12497,12497
12498,12498
12499,12499
12500,12500
12501,12501
12502,12502
12503,12503
12504,12504
12505,12505
12506,12506
12507,12507
12508,12508
12509,12509
12510,12510
12511,12511
12512,12512
12513,12513
12514,12514
12515,12515
12516,12516
12517,12517
12518,12518
12519,12519
12520,12520
12521,12521
12522,12522
12523,12523
12524,12524
12525,12525
12526,12526
12527,12527
12528,12528
12529,12529
12530,12530
12531,12531
12532,12532
12533,12533
12534,12534
12535,12535
12536,12536
12537,12537
12538,12538
12539,12539
12540,12540
12541,12541
12542,12542
12543,12543
12544,12544
12545,12545
12546,12546
12547,12547
12548,12548
12549,12549
12550,12550
12551,12551
12552,12552
12553,12553
12554,12554
12555,12555
12556,12556
12557,12557
12558,12558
12559,12559
12560,12560
12561,12561
12562,12562
12563,12563
12564,12564
12565,12565
12566,12566
12567,12567
12568,12568
12569,12569
12570,12570
12571,12571
12572,12572
12573,12573
12574,12574
12575,12575
12576,12576
12577,12577
12578,12578
12579,12579
12580,12580
12581,12581
12582,12582
12583,12583
12584,12584
12585,12585
12586,12586
12587,12587
12588,12588
12589,12589
12590,12590
12591,12591
12592,12592
12593,12593
12594,12594
12595,12595
12596,12596
12597,12597
12598,12598
12599,12599
12600,12600
12601,12601
12602,12602
12603,12603
12604,12604
12605,12605
12606,12606
12607,12607
12608,12608
12609,12609
12610,12610
12611,12611
12612,12612
12613,12613
12614,12614
12615,12615
12616,12616
12617,12617
12618,12618
12619,12619
12620,12620
12621,12621
12622,12622
12623,12623
12624,12624
12625,12625
12626,12626
12627,12627
12628,12628
12629,12629
12630,12630
12631,12631
12632,12632
12633,12633
12634,12634
12635,12635
12636,12636
12637,12637
12638,12638
12639,12639
12640,12640
12641,12641
12642,12642
12643,12643
12644,12644
12645,12645
12646,12646
12647,12647
12648,12648
12649,12649
12650,12650
12651,12651
12652,12652
12653,12653
12654,12654
12655,12655
12656,12656
12657,12657
12658,12658
12659,12659
12660,12660
12661,12661
12662,12662
12663,12663
12664,12664
12665,12665
12666,12666
12667,12667
12668,12668
12669,12669
12670,12670
12671,12671
12672,12672
12673,12673
12674,12674
12675,12675
12676,12676
12677,12677
12678,12678
12679,12679
12680,12680
12681,12681
12682,12682
12683,12683
12684,12684
12685,12685
12686,12686
12687,12687
12688,12688
12689,12689
12690,12690
12691,12691
12692,12692
12693,12693
12694,12694
12695,12695
12696,12696
12697,12697
12698,12698
12699,12699
12700,12700
12701,12701
12702,12702
12703,12703
12704,12704
12705,12705
12706,12706
12707,12707
12708,12708
12709,12709
12710,12710
12711,12711
12712,12712
12713,12713
12714,12714
12715,12715
12716,12716
12717,12717
12718,12718
12719,12719
12720,12720
12721,12721
12722,12722
12723,12723
12724,12724
12725,12725
12726,12726
12727,12727
12728,12728
12729,12729
12730,12730
12731,12731
12732,12732
12733,12733
12734,12734
12735,12735
12736,12736
12737,12737
12738,12738
12739,12739
12740,12740
12741,12741
12742,12742
12743,12743
12744,12744
12745,12745
12746,12746
12747,12747
12748,12748
12749,12749
12750,12750
12751,12751
12752,12752
12753,12753
12754,12754
12755,12755
12756,12756
12757,12757
12758,12758
12759,12759
12760,12760
12761,12761
12762,12762
12763,12763
12764,12764
12765,12765
12766,12766
12767,12767
12768,12768
12769,12769
12770,12770
12771,12771
12772,12772
12773,12773
12774,12774
12775,12775
12776,12776
12777,12777
12778,12778
12779,12779
12780,12780
12781,12781
12782,12782
12783,12783
12784,12784
12785,12785
12786,12786
12787,12787
12788,12788
12789,12789
12790,12790
12791,12791
12792,12792
12793,12793
12794,12794
12795,12795
12796,12796
12797,12797
12798,12798
12799,12799
12800,12800
12801,12801
12802,12802
12803,12803
12804,12804
12805,12805
12806,12806
12807,12807
12808,12808
12809,12809
12810,12810
12811,12811
12812,12812
12813,12813
12814,12814
12815,12815
12816,12816
12817,12817
12818,12818
12819,12819
12820,12820
12821,12821
12822,12822
12823,12823
12824,12824
12825,12825
12826,12826
12827,12827
12828,12828
12829,12829
12830,12830
12831,12831
12832,12832
12833,12833
12834,12834
12835,12835
12836,12836
12837,12837
12838,12838
12839,12839
12840,12840
12841,12841
12842,12842
12843,12843
12844,12844
12845,12845
12846,12846
12847,12847
12848,12848
12849,12849
12850,12850
12851,12851
12852,12852
12853,12853
12854,12854
12855,12855
12856,12856
12857,12857
12858,12858
12859,12859
12860,12860
12861,12861
12862,12862
12863,12863
12864,12864
12865,12865
12866,12866
12867,12867
12868,12868
12869,12869
12870,12870
12871,12871
12872,12872
12873,12873
12874,12874
12875,12875
12876,12876
12877,12877
12878,12878
12879,12879
12880,12880
12881,12881
12882,12882
12883,12883
12884,12884
12885,12885
12886,12886
12887,12887
12888,12888
12889,12889
12890,12890
12891,12891
12892,12892
12893,12893
12894,12894
12895,12895
12896,12896
12897,12897
12898,12898
12899,12899
12900,12900
12901,12901
12902,12902
12903,12903
12904,12904
12905,12905
12906,12906
12907,12907
12908,12908
12909,12909
12910,12910
12911,12911
12912,12912
12913,12913
12914,12914
12915,12915
12916,12916
12917,12917
12918,12918
12919,12919
12920,12920
12921,12921
12922,12922
12923,12923
12924,12924
12925,12925
12926,12926
12927,12927
12928,12928
12929,12929
12930,12930
12931,12931
12932,12932
12933,12933
12934,12934
12935,12935
12936,12936
12937,12937
12938,12938
12939,12939
12940,12940
12941,12941
12942,12942
12943,12943
12944,12944
12945,12945
12946,12946
12947,12947
12948,12948
12949,12949
12950,12950
12951,12951
12952,12952
12953,12953
12954,12954
12955,12955
12956,12956
12957,12957
12958,12958
12959,12959
12960,12960
12961,12961
12962,12962
12963,12963
12964,12964
12965,12965
12966,12966
12967,12967
12968,12968
12969,12969
12970,12970
12971,12971
12972,12972
12973,12973
12974,12974
12975,12975
12976,12976
12977,12977
12978,12978
12979,12979
12980,12980
12981,12981
12982,12982
12983,12983
12984,12984
12985,12985
12986,12986
12987,12987
12988,12988
12989,12989
12990,12990
12991,12991
12992,12992
12993,12993
12994,12994
12995,12995
12996,12996
12997,12997
12998,12998
12999,12999
13000,13000
13001,13001
13002,13002
13003,13003
13004,13004
13005,13005
13006,13006
13007,13007
13008,13008
13009,13009
13010,13010
13011,13011
13012,13012
13013,13013
13014,13014
13015,13015
13016,13016
13017,13017
13018,13018
13019,13019
13020,13020
13021,13021
13022,13022
13023,13023
13024,13024
13025,13025
13026,13026
13027,13027
13028,13028
13029,13029
13030,13030
13031,13031
13032,13032
13033,13033
13034,13034
13035,13035
13036,13036
13037,13037
13038,13038
13039,13039
13040,13040
13041,13041
13042,13042
13043,13043
13044,13044
13045,13045
13046,13046
13047,13047
13048,13048
13049,13049
13050,13050
13051,13051
13052,13052
13053,13053
13054,13054
13055,13055
13056,13056
13057,13057
13058,13058
13059,13059
13060,13060
13061,13061
13062,13062
13063,13063
13064,13064
13065,13065
13066,13066
13067,13067
13068,13068
13069,13069
13070,13070
13071,13071
13072,13072
13073,13073
13074,13074
13075,13075
13076,13076
13077,13077
13078,13078
13079,13079
13080,13080
13081,13081
13082,13082
13083,13083
13084,13084
13085,13085
13086,13086
13087,13087
13088,13088
13089,13089
13090,13090
13091,13091
13092,13092
13093,13093
13094,13094
13095,13095
13096,13096
13097,13097
13098,13098
13099,13099
13100,13100
13101,13101
13102,13102
13103,13103
13104,13104
13105,13105
13106,13106
13107,13107
13108,13108
13109,13109
13110,13110
13111,13111
13112,13112
13113,13113
13114,13114
13115,13115
13116,13116
13117,13117
13118,13118
13119,13119
13120,13120
13121,13121
13122,13122
13123,13123
13124,13124
13125,13125
13126,13126
13127,13127
13128,13128
13129,13129
13130,13130
13131,13131
13132,13132
13133,13133
13134,13134
13135,13135
13136,13136
13137,13137
13138,13138
13139,13139
13140,13140
13141,13141
13142,13142
13143,13143
13144,13144
13145,13145
13146,13146
13147,13147
13148,13148
13149,13149
13150,13150
13151,13151
13152,13152
13153,13153
13154,13154
13155,13155
13156,13156
13157,13157
13158,13158
13159,13159
13160,13160
13161,13161
13162,13162
13163,13163
13164,13164
13165,13165
13166,13166
13167,13167
13168,13168
13169,13169
13170,13170
13171,13171
13172,13172
13173,13173
13174,13174
13175,13175
13176,13176
13177,13177
13178,13178
13179,13179
13180,13180
13181,13181
13182,13182
13183,13183
13184,13184
13185,13185
13186,13186
13187,13187
13188,13188
13189,13189
13190,13190
13191,13191
13192,13192
13193,13193
13194,13194
13195,13195
13196,13196
13197,13197
13198,13198
13199,13199
13200,13200
13201,13201
13202,13202
13203,13203
13204,13204
13205,13205
13206,13206
13207,13207
13208,13208
13209,13209
13210,13210
13211,13211
13212,13212
13213,13213
13214,13214
13215,13215
13216,13216
13217,13217
13218,13218
13219,13219
13220,13220
13221,13221
13222,13222
13223,13223
13224,13224
13225,13225
13226,13226
13227,13227
13228,13228
13229,13229
13230,13230
13231,13231
13232,13232
13233,13233
13234,13234
13235,13235
13236,13236
13237,13237
13238,13238
13239,13239
13240,13240
13241,13241
13242,13242
13243,13243
13244,13244
13245,13245
13246,13246
13247,13247
13248,13248
13249,13249
13250,13250
13251,13251
13252,13252
13253,13253
13254,13254
13255,13255
13256,13256
13257,13257
13258,13258
13259,13259
13260,13260
13261,13261
13262,13262
13263,13263
13264,13264
13265,13265
13266,13266
13267,13267
13268,13268
13269,13269
13270,13270
13271,13271
13272,13272
13273,13273
13274,13274
13275,13275
13276,13276
13277,13277
13278,13278
13279,13279
13280,13280
13281,13281
13282,13282
13283,13283
13284,13284
13285,13285
13286,13286
13287,13287
13288,13288
13289,13289
13290,13290
13291,13291
13292,13292
13293,13293
13294,13294
13295,13295
13296,13296
13297,13297
13298,13298
13299,13299
13300,13300
13301,13301
13302,13302
13303,13303
13304,13304
13305,13305
13306,13306
13307,13307
13308,13308
13309,13309
13310,13310
13311,13311
13312,13312
13313,13313
13314,13314
13315,13315
13316,13316
13317,13317
13318,13318
13319,13319
13320,13320
13321,13321
13322,13322
13323,13323
13324,13324
13325,13325
13326,13326
13327,13327
13328,13328
13329,13329
13330,13330
13331,13331
13332,13332
13333,13333
13334,13334
13335,13335
13336,13336
13337,13337
13338,13338
13339,13339
13340,13340
13341,13341
13342,13342
13343,13343
13344,13344
13345,13345
13346,13346
13347,13347
13348,13348
13349,13349
13350,13350
13351,13351
13352,13352
13353,13353
13354,13354
13355,13355
