iteration,subproblem,solve_time_sec,ipopt_iters
1,1,45.870000,50
1,2,38.428000,42
1,3,26.012000,27
1,4,29.137000,28
1,5,30.534000,35
1,6,22.264000,50
1,7,31.717000,31
1,8,37.554000,35
1,9,35.814000,35
1,10,38.604000,39
1,11,28.954000,37
1,12,17.931000,37
1,13,37.624000,38
1,14,35.650000,36
1,15,45.793000,45
1,16,42.732000,46
1,17,21.774000,37
1,18,10.698000,39
1,19,39.450000,39
1,20,37.317000,39
1,21,41.565000,39
1,22,39.640000,38
1,23,26.008000,40
1,24,11.677000,42
1,25,42.879000,42
1,26,43.188000,43
1,27,35.997000,38
1,28,29.868000,33
1,29,25.817000,34
1,30,14.086000,34
1,31,35.820000,36
1,32,35.504000,35
1,33,30.419000,32
1,34,43.994000,49
1,35,18.042000,22
1,36,17.355000,39
1,37,23.413000,22
1,38,25.428000,25
1,39,22.983000,24
1,40,25.091000,25
1,41,24.441000,24
1,42,23.852000,26
1,43,26.046000,26
1,44,24.594000,23
1,45,26.907000,27
1,46,27.210000,27
1,47,28.018000,26
1,48,22.797000,25
1,49,26.034000,24
1,50,25.643000,24
1,51,37.555000,44
1,52,25.363000,25
1,53,21.021000,21
1,54,19.402000,20
1,55,21.937000,20
1,56,18.440000,19
1,57,19.531000,19
1,58,22.145000,21
1,59,21.145000,19
1,60,19.928000,20
1,61,44.480000,49
1,62,22.854000,21
1,63,23.218000,23
1,64,22.660000,22
1,65,25.259000,26
1,66,22.218000,25
1,67,33.450000,35
1,68,25.186000,25
1,69,27.498000,25
1,70,29.427000,29
1,71,39.604000,42
1,72,20.386000,35
1,73,34.913000,36
1,74,36.231000,36
1,75,41.383000,37
1,76,36.245000,37
1,77,24.804000,35
1,78,16.629000,41
1,79,35.820000,34
1,80,30.679000,30
1,81,28.453000,29
1,82,33.139000,31
1,83,30.752000,32
1,84,17.276000,29
1,85,26.785000,28
1,86,29.896000,28
1,87,30.269000,28
1,88,27.020000,28
1,89,27.194000,27
1,90,20.536000,27
1,91,27.613000,27
1,92,27.220000,27
1,93,26.243000,27
1,94,27.657000,28
1,95,27.997000,29
1,96,33.478000,40
2,1,43.985000,50
2,2,11.509000,13
2,3,10.201000,9
2,4,8.138000,7
2,5,25.197000,39
2,6,9.498000,14
2,7,8.706000,7
2,8,10.146000,7
2,9,6.008000,6
2,10,8.344000,12
2,11,7.203000,7
2,12,6.273000,6
2,13,7.993000,6
2,14,5.742000,6
2,15,28.906000,35
2,16,12.872000,13
2,17,5.823000,6
2,18,6.330000,6
2,19,6.581000,6
2,20,5.928000,6
2,21,8.056000,6
2,22,6.996000,6
2,23,26.966000,33
2,24,27.208000,38
2,25,7.233000,6
2,26,28.406000,37
2,27,34.569000,37
2,28,6.029000,6
2,29,27.745000,39
2,30,4.929000,6
2,31,26.359000,32
2,32,7.333000,6
2,33,9.898000,7
2,34,9.549000,9
2,35,30.182000,38
2,36,8.675000,9
2,37,29.918000,39
2,38,29.835000,37
2,39,20.219000,27
2,40,23.252000,34
2,41,18.200000,37
2,42,10.919000,35
2,43,9.749000,9
2,44,8.261000,7
2,45,8.325000,6
2,46,23.231000,28
2,47,5.981000,6
2,48,5.784000,6
2,49,7.993000,7
2,50,28.274000,38
2,51,9.934000,9
2,52,30.464000,39
2,53,24.592000,41
2,54,20.226000,39
2,55,30.702000,39
2,56,29.074000,36
2,57,26.197000,39
2,58,21.585000,35
2,59,18.734000,39
2,60,7.009000,36
2,61,9.250000,8
2,62,34.901000,41
2,63,32.391000,39
2,64,23.838000,36
2,65,5.100000,7
2,66,17.445000,36
2,67,27.248000,38
2,68,30.366000,36
2,69,24.988000,36
2,70,21.759000,35
2,71,16.425000,33
2,72,9.293000,35
2,73,25.829000,34
2,74,26.581000,32
2,75,25.563000,33
2,76,21.342000,34
2,77,19.421000,35
2,78,11.484000,35
2,79,27.248000,34
2,80,26.562000,35
2,81,24.202000,36
2,82,19.998000,32
2,83,20.231000,32
2,84,12.042000,36
2,85,26.369000,32
2,86,27.727000,34
2,87,24.865000,34
2,88,6.619000,6
2,89,20.744000,37
2,90,18.290000,37
2,91,29.220000,37
2,92,25.189000,32
2,93,26.796000,36
2,94,8.827000,6
2,95,19.738000,32
2,96,16.668000,37
3,1,12.249000,15
3,2,11.420000,12
3,3,29.368000,35
3,4,6.156000,7
3,5,6.575000,13
3,6,4.604000,13
3,7,23.244000,31
3,8,32.679000,38
3,9,5.578000,7
3,10,7.646000,16
3,11,6.188000,34
3,12,0.879000,6
3,13,6.188000,6
3,14,4.562000,6
3,15,10.501000,8
3,16,30.193000,35
3,17,14.557000,31
3,18,9.043000,37
3,19,24.979000,35
3,20,6.520000,6
3,21,6.938000,6
3,22,8.589000,6
3,23,7.907000,8
3,24,6.840000,8
3,25,24.865000,32
3,26,8.844000,9
3,27,8.822000,9
3,28,24.764000,33
3,29,3.640000,9
3,30,2.056000,6
3,31,9.125000,9
3,32,4.298000,6
3,33,7.433000,6
3,34,7.101000,9
3,35,8.993000,9
3,36,9.809000,9
3,37,9.682000,9
3,38,7.478000,9
3,39,7.385000,9
3,40,10.468000,9
3,41,10.527000,9
3,42,8.542000,9
3,43,27.805000,39
3,44,30.250000,36
3,45,6.991000,9
3,46,5.083000,9
3,47,7.003000,28
3,48,4.009000,37
3,49,7.653000,7
3,50,5.271000,9
3,51,8.782000,9
3,52,10.449000,9
3,53,11.233000,9
3,54,7.743000,8
3,55,10.372000,8
3,56,10.527000,8
3,57,6.837000,8
3,58,7.985000,8
3,59,9.396000,8
3,60,7.560000,8
3,61,10.372000,8
3,62,8.644000,8
3,63,6.969000,8
3,64,8.941000,8
3,65,26.734000,36
3,66,5.631000,8
3,67,10.376000,8
3,68,10.534000,8
3,69,10.023000,8
3,70,9.029000,8
3,71,8.743000,8
3,72,7.353000,8
3,73,10.372000,8
3,74,9.730000,8
3,75,8.842000,9
3,76,9.583000,8
3,77,8.620000,8
3,78,8.235000,8
3,79,10.988000,8
3,80,11.480000,8
3,81,9.699000,8
3,82,9.077000,8
3,83,8.612000,8
3,84,8.215000,9
3,85,10.494000,8
3,86,11.516000,8
3,87,8.326000,8
3,88,27.708000,34
3,89,5.767000,8
3,90,3.356000,8
3,91,9.684000,8
3,92,8.190000,8
3,93,6.832000,8
3,94,29.519000,33
3,95,6.277000,8
3,96,7.054000,15
4,1,23.043000,29
4,2,12.436000,12
4,3,8.841000,8
4,4,19.548000,33
4,5,4.430000,12
4,6,3.150000,12
4,7,12.915000,13
4,8,12.272000,13
4,9,8.709000,7
4,10,26.195000,35
4,11,5.984000,13
4,12,8.036000,31
4,13,23.963000,31
4,14,27.941000,31
4,15,10.790000,16
4,16,5.699000,16
4,17,4.267000,16
4,18,2.391000,16
4,19,16.394000,16
4,20,28.424000,32
4,21,22.884000,37
4,22,6.537000,33
4,23,1.301000,8
4,24,0.630000,8
4,25,10.541000,8
4,26,9.825000,9
4,27,7.663000,8
4,28,8.793000,8
4,29,9.511000,8
4,30,6.052000,6
4,31,11.208000,9
4,32,8.065000,6
4,33,5.323000,6
4,34,9.654000,9
4,35,10.802000,9
4,36,9.626000,9
4,37,11.197000,9
4,38,9.381000,9
4,39,9.801000,9
4,40,9.710000,9
4,41,10.162000,9
4,42,9.388000,10
4,43,12.345000,9
4,44,10.389000,9
4,45,34.695000,41
4,46,5.184000,9
4,47,4.394000,9
4,48,3.654000,9
4,49,26.644000,35
4,50,9.952000,9
4,51,10.120000,9
4,52,6.998000,9
4,53,4.754000,8
4,54,3.222000,8
4,55,10.540000,8
4,56,9.305000,8
4,57,7.458000,8
4,58,8.066000,8
4,59,8.970000,8
4,60,8.983000,8
4,61,10.530000,8
4,62,10.433000,8
4,63,9.073000,8
4,64,8.941000,8
4,65,8.392000,8
4,66,7.078000,8
4,67,9.757000,8
4,68,6.475000,7
4,69,6.464000,7
4,70,7.846000,7
4,71,9.039000,7
4,72,8.693000,7
4,73,9.162000,7
4,74,6.308000,7
4,75,8.194000,8
4,76,9.723000,7
4,77,9.474000,7
4,78,8.233000,8
4,79,10.542000,8
4,80,9.983000,8
4,81,8.720000,8
4,82,8.272000,8
4,83,11.204000,8
4,84,7.727000,8
4,85,11.214000,8
4,86,8.820000,8
4,87,9.922000,8
4,88,9.068000,8
4,89,9.319000,8
4,90,7.458000,8
4,91,11.208000,8
4,92,8.692000,8
4,93,7.481000,8
4,94,7.805000,8
4,95,8.765000,8
4,96,11.470000,15
5,1,9.869000,8
5,2,10.447000,11
5,3,8.683000,8
5,4,8.021000,8
5,5,11.596000,12
5,6,9.586000,12
5,7,11.805000,12
5,8,11.574000,12
5,9,28.123000,32
5,10,8.620000,11
5,11,4.230000,11
5,12,3.276000,13
5,13,13.234000,13
5,14,12.292000,13
5,15,12.218000,13
5,16,13.097000,13
5,17,7.662000,13
5,18,3.879000,14
5,19,15.356000,14
5,20,14.070000,14
5,21,13.779000,14
5,22,12.849000,14
5,23,7.265000,16
5,24,4.417000,16
5,25,16.233000,16
5,26,8.428000,8
5,27,10.904000,9
5,28,7.963000,8
5,29,10.057000,9
5,30,13.326000,33
5,31,10.472000,9
5,32,31.131000,34
5,33,22.396000,32
5,34,3.953000,9
5,35,2.475000,9
5,36,0.748000,9
5,37,10.480000,9
5,38,10.378000,9
5,39,10.922000,9
5,40,9.648000,9
5,41,9.295000,9
5,42,7.968000,9
5,43,11.214000,9
5,44,11.568000,9
5,45,10.358000,9
5,46,11.532000,9
5,47,9.205000,9
5,48,7.680000,9
5,49,10.465000,9
5,50,9.267000,9
5,51,10.082000,9
5,52,9.023000,8
5,53,9.900000,8
5,54,8.379000,8
5,55,10.495000,8
5,56,7.110000,8
5,57,9.394000,8
5,58,8.765000,8
5,59,9.482000,8
5,60,8.196000,8
5,61,9.033000,8
5,62,7.938000,8
5,63,7.741000,7
5,64,10.073000,11
5,65,10.780000,11
5,66,10.919000,10
5,67,8.567000,9
5,68,10.675000,12
5,69,7.569000,7
5,70,8.738000,7
5,71,7.183000,7
5,72,9.530000,7
5,73,7.896000,7
5,74,5.894000,7
5,75,7.667000,7
5,76,7.696000,7
5,77,10.290000,9
5,78,9.223000,9
5,79,8.599000,9
5,80,6.661000,7
5,81,13.401000,13
5,82,7.795000,7
5,83,7.491000,8
5,84,8.618000,8
5,85,11.264000,8
5,86,10.614000,8
5,87,9.643000,8
5,88,9.275000,8
5,89,9.736000,8
5,90,7.330000,8
5,91,9.651000,8
5,92,7.595000,8
5,93,8.621000,8
5,94,9.172000,8
5,95,12.412000,13
5,96,11.631000,15
6,1,8.361000,9
6,2,5.618000,8
6,3,10.712000,8
6,4,9.737000,8
6,5,8.165000,8
6,6,11.963000,8
6,7,10.516000,8
6,8,11.452000,8
6,9,10.168000,8
6,10,8.622000,8
6,11,11.974000,8
6,12,8.852000,8
6,13,11.566000,11
6,14,12.890000,11
6,15,11.505000,11
6,16,10.944000,11
6,17,12.254000,11
6,18,8.057000,11
6,19,10.499000,11
6,20,11.137000,11
6,21,13.795000,11
6,22,12.334000,11
6,23,10.630000,11
6,24,9.142000,11
6,25,11.080000,11
6,26,13.597000,12
6,27,13.181000,12
6,28,11.252000,12
6,29,13.440000,13
6,30,7.796000,13
6,31,12.841000,13
6,32,12.947000,13
6,33,13.752000,13
6,34,14.467000,13
6,35,12.153000,14
6,36,6.087000,14
6,37,11.085000,9
6,38,11.535000,9
6,39,15.250000,15
6,40,13.765000,9
6,41,9.663000,9
6,42,5.792000,9
6,43,11.566000,9
6,44,11.492000,9
6,45,8.657000,8
6,46,9.358000,9
6,47,10.346000,8
6,48,9.106000,8
6,49,10.542000,8
6,50,10.368000,8
6,51,8.800000,8
6,52,9.559000,8
6,53,12.795000,8
6,54,9.078000,8
6,55,9.523000,8
6,56,7.806000,7
6,57,11.230000,12
6,58,11.387000,12
6,59,13.784000,12
6,60,7.690000,7
6,61,8.853000,8
6,62,6.401000,8
6,63,8.597000,8
6,64,32.739000,33
6,65,14.876000,34
6,66,6.707000,29
6,67,23.211000,28
6,68,23.041000,25
6,69,24.705000,28
6,70,9.703000,30
6,71,5.922000,29
6,72,3.240000,28
6,73,22.283000,28
6,74,22.835000,28
6,75,29.533000,31
6,76,6.578000,27
6,77,4.571000,26
6,78,3.057000,27
6,79,22.267000,28
6,80,31.231000,32
6,81,9.838000,8
6,82,15.454000,30
6,83,2.959000,8
6,84,2.487000,8
6,85,9.552000,7
6,86,7.685000,10
6,87,9.181000,10
6,88,11.393000,10
6,89,11.930000,8
6,90,10.776000,8
6,91,10.532000,8
6,92,8.854000,8
6,93,8.367000,8
6,94,10.080000,8
6,95,12.975000,8
6,96,11.875000,14
7,1,21.112000,26
7,2,7.729000,8
7,3,8.068000,7
7,4,8.863000,8
7,5,8.721000,8
7,6,7.890000,8
7,7,10.506000,8
7,8,9.469000,8
7,9,9.080000,8
7,10,10.073000,8
7,11,8.825000,8
7,12,9.710000,8
7,13,10.505000,8
7,14,9.557000,8
7,15,9.071000,8
7,16,9.291000,8
7,17,8.883000,8
7,18,8.506000,8
7,19,11.208000,8
7,20,10.262000,8
7,21,9.025000,8
7,22,9.308000,8
7,23,9.791000,8
7,24,7.227000,8
7,25,10.510000,8
7,26,9.481000,8
7,27,8.312000,8
7,28,9.090000,8
7,29,9.143000,8
7,30,8.313000,8
7,31,12.706000,12
7,32,14.219000,12
7,33,12.090000,12
7,34,10.721000,12
7,35,10.451000,12
7,36,6.087000,13
7,37,9.785000,8
7,38,7.867000,8
7,39,11.183000,13
7,40,9.373000,8
7,41,9.061000,8
7,42,9.572000,8
7,43,9.783000,8
7,44,8.279000,8
7,45,8.425000,8
7,46,8.410000,8
7,47,9.934000,8
7,48,8.346000,8
7,49,9.209000,8
7,50,9.913000,13
7,51,11.385000,13
7,52,11.798000,13
7,53,7.462000,7
7,54,8.536000,8
7,55,9.800000,8
7,56,30.038000,33
7,57,23.784000,29
7,58,9.263000,29
7,59,4.137000,28
7,60,1.811000,29
7,61,22.029000,28
7,62,13.034000,12
7,63,11.096000,11
7,64,10.623000,12
7,65,8.606000,13
7,66,6.094000,13
7,67,12.730000,14
7,68,15.274000,14
7,69,14.557000,14
7,70,17.152000,16
7,71,9.621000,18
7,72,6.421000,19
7,73,15.356000,19
7,74,17.792000,19
7,75,15.872000,14
7,76,11.442000,14
7,77,7.197000,14
7,78,4.353000,13
7,79,13.694000,15
7,80,12.632000,12
7,81,12.138000,11
7,82,11.417000,11
7,83,16.729000,26
7,84,6.919000,26
7,85,21.993000,27
7,86,28.033000,26
7,87,16.347000,27
7,88,9.839000,30
7,89,1.518000,8
7,90,1.239000,8
7,91,10.511000,8
7,92,8.865000,8
7,93,9.764000,8
7,94,9.316000,8
7,95,8.948000,8
7,96,11.462000,14
8,1,24.428000,30
8,2,7.736000,9
8,3,23.822000,27
8,4,6.251000,8
8,5,5.649000,10
8,6,5.511000,9
8,7,9.855000,9
8,8,8.034000,7
8,9,9.491000,7
8,10,8.726000,8
8,11,9.264000,8
8,12,9.421000,8
8,13,11.144000,8
8,14,9.913000,8
8,15,8.190000,8
8,16,10.025000,8
8,17,10.673000,8
8,18,9.614000,8
8,19,9.340000,8
8,20,9.648000,8
8,21,10.255000,8
8,22,8.636000,8
8,23,10.008000,8
8,24,8.966000,8
8,25,10.389000,8
8,26,8.965000,8
8,27,7.811000,8
8,28,9.290000,8
8,29,11.430000,8
8,30,8.894000,8
8,31,8.722000,8
8,32,8.579000,8
8,33,9.596000,8
8,34,9.469000,8
8,35,9.491000,8
8,36,10.539000,8
8,37,11.148000,8
8,38,9.939000,8
8,39,7.492000,8
8,40,9.308000,8
8,41,11.440000,8
8,42,7.679000,7
8,43,11.696000,12
8,44,11.054000,12
8,45,11.892000,13
8,46,11.285000,7
8,47,8.372000,8
8,48,5.519000,8
8,49,10.422000,8
8,50,26.655000,31
8,51,24.300000,29
8,52,15.634000,31
8,53,7.170000,27
8,54,2.762000,29
8,55,13.953000,13
8,56,12.494000,12
8,57,14.570000,14
8,58,18.683000,18
8,59,9.120000,14
8,60,9.291000,16
8,61,18.342000,18
8,62,13.642000,13
8,63,24.915000,22
8,64,12.732000,18
8,65,11.458000,22
8,66,3.929000,23
8,67,16.718000,18
8,68,20.829000,19
8,69,17.226000,18
8,70,10.248000,14
8,71,6.814000,13
8,72,6.177000,13
8,73,11.912000,13
8,74,12.862000,13
8,75,17.699000,18
8,76,18.332000,18
8,77,13.677000,20
8,78,6.841000,21
8,79,14.844000,15
8,80,12.451000,14
8,81,22.413000,19
8,82,16.507000,20
8,83,7.547000,13
8,84,5.849000,13
8,85,12.747000,13
8,86,12.239000,13
8,87,14.249000,14
8,88,16.408000,14
8,89,9.768000,11
8,90,13.005000,27
8,91,26.203000,29
8,92,22.905000,27
8,93,10.033000,8
8,94,5.045000,8
8,95,5.544000,8
8,96,7.252000,14
9,1,8.297000,10
9,2,15.732000,16
9,3,22.906000,25
9,4,22.248000,30
9,5,11.066000,29
9,6,4.014000,31
9,7,9.312000,8
9,8,8.983000,8
9,9,8.586000,8
9,10,9.122000,8
9,11,8.111000,7
9,12,8.422000,7
9,13,9.720000,10
9,14,8.926000,9
9,15,9.031000,9
9,16,9.147000,9
9,17,10.097000,9
9,18,9.093000,12
9,19,9.707000,7
9,20,10.075000,7
9,21,10.962000,7
9,22,7.089000,7
9,23,8.329000,7
9,24,20.479000,25
9,25,8.468000,7
9,26,5.335000,7
9,27,8.592000,7
9,28,10.800000,7
9,29,8.977000,8
9,30,7.115000,7
9,31,9.506000,7
9,32,12.199000,12
9,33,11.302000,10
9,34,10.108000,10
9,35,14.037000,13
9,36,10.582000,12
9,37,9.706000,7
9,38,8.039000,7
9,39,6.196000,7
9,40,8.444000,8
9,41,8.704000,8
9,42,9.310000,8
9,43,12.951000,12
9,44,33.134000,33
9,45,23.781000,29
9,46,10.171000,28
9,47,3.274000,27
9,48,2.275000,29
9,49,21.807000,27
9,50,15.045000,13
9,51,13.725000,13
9,52,12.919000,14
9,53,9.798000,14
9,54,5.138000,14
9,55,15.088000,14
9,56,23.556000,21
9,57,18.226000,19
9,58,10.422000,12
9,59,9.725000,17
9,60,3.647000,14
9,61,12.304000,12
9,62,17.658000,15
9,63,12.417000,12
9,64,13.951000,15
9,65,7.941000,9
9,66,11.265000,22
9,67,18.418000,22
9,68,20.151000,22
9,69,9.956000,8
9,70,9.032000,8
9,71,8.488000,8
9,72,7.628000,8
9,73,9.728000,8
9,74,10.702000,8
9,75,8.857000,8
9,76,7.801000,8
9,77,18.816000,22
9,78,12.927000,22
9,79,18.850000,22
9,80,10.886000,11
9,81,10.803000,13
9,82,10.006000,9
9,83,14.051000,15
9,84,10.647000,15
9,85,14.150000,16
9,86,11.808000,12
9,87,13.988000,13
9,88,13.918000,14
9,89,15.387000,20
9,90,7.090000,12
9,91,10.981000,12
9,92,13.682000,13
9,93,10.071000,9
9,94,12.704000,11
9,95,6.611000,8
9,96,9.675000,14
10,1,9.618000,11
10,2,13.694000,12
10,3,13.832000,13
10,4,14.731000,15
10,5,13.337000,14
10,6,14.344000,25
10,7,26.836000,28
10,8,24.960000,27
10,9,22.325000,28
10,10,10.213000,27
10,11,4.404000,29
10,12,2.849000,28
10,13,24.128000,27
10,14,28.440000,30
10,15,10.137000,8
10,16,6.789000,8
10,17,6.453000,8
10,18,5.291000,8
10,19,9.977000,8
10,20,7.240000,8
10,21,9.720000,8
10,22,7.117000,8
10,23,9.015000,8
10,24,7.315000,8
10,25,9.983000,8
10,26,8.665000,8
10,27,10.197000,8
10,28,8.828000,8
10,29,9.470000,8
10,30,8.207000,8
10,31,10.697000,8
10,32,7.846000,8
10,33,9.558000,8
10,34,9.994000,8
10,35,9.784000,8
10,36,26.493000,34
10,37,26.858000,29
10,38,23.892000,30
10,39,23.941000,30
10,40,9.653000,27
10,41,3.779000,26
10,42,3.459000,29
10,43,24.838000,29
10,44,27.507000,30
10,45,11.921000,13
10,46,8.797000,12
10,47,8.916000,16
10,48,3.402000,13
10,49,14.569000,15
10,50,19.459000,19
10,51,17.800000,19
10,52,17.673000,18
10,53,9.047000,12
10,54,5.322000,16
10,55,15.272000,15
10,56,12.530000,12
10,57,18.871000,24
10,58,9.917000,10
10,59,9.759000,9
10,60,8.895000,13
10,61,21.629000,22
10,62,16.884000,21
10,63,19.516000,21
10,64,6.205000,7
10,65,7.632000,7
10,66,5.070000,7
10,67,18.548000,20
10,68,21.922000,22
10,69,9.312000,7
10,70,9.197000,7
10,71,7.423000,7
10,72,6.686000,7
10,73,8.349000,7
10,74,6.282000,7
10,75,9.773000,7
10,76,9.058000,7
10,77,10.687000,13
10,78,12.273000,13
10,79,12.455000,13
10,80,18.997000,20
10,81,8.164000,7
10,82,18.520000,21
10,83,15.239000,21
10,84,5.363000,8
10,85,20.896000,22
10,86,15.330000,15
10,87,10.467000,9
10,88,17.668000,22
10,89,16.054000,23
10,90,4.742000,11
10,91,12.316000,11
10,92,11.733000,12
10,93,9.092000,8
10,94,11.951000,12
10,95,7.321000,8
10,96,10.586000,14
11,1,20.074000,22
11,2,14.145000,16
11,3,12.433000,12
11,4,10.139000,13
11,5,14.196000,16
11,6,8.710000,14
11,7,13.116000,12
11,8,14.071000,13
11,9,12.825000,12
11,10,12.399000,12
11,11,10.501000,13
11,12,8.444000,13
11,13,14.923000,15
11,14,13.571000,12
11,15,9.677000,12
11,16,12.531000,11
11,17,12.513000,12
11,18,9.666000,11
11,19,13.102000,11
11,20,10.104000,10
11,21,9.157000,10
11,22,23.892000,28
11,23,19.170000,27
11,24,4.649000,26
11,25,22.166000,26
11,26,27.046000,28
11,27,22.516000,27
11,28,7.123000,10
11,29,2.743000,11
11,30,1.472000,11
11,31,13.104000,13
11,32,12.722000,12
11,33,11.581000,11
11,34,12.127000,14
11,35,13.469000,13
11,36,9.885000,13
11,37,16.357000,18
11,38,12.800000,14
11,39,13.082000,14
11,40,13.469000,13
11,41,14.871000,18
11,42,5.433000,17
11,43,11.922000,13
11,44,11.344000,13
11,45,19.037000,22
11,46,19.547000,21
11,47,11.981000,15
11,48,4.978000,17
11,49,13.752000,11
11,50,11.726000,13
11,51,11.585000,13
11,52,10.803000,12
11,53,15.825000,16
11,54,7.358000,9
11,55,19.271000,23
11,56,9.224000,8
11,57,18.575000,21
11,58,7.275000,7
11,59,8.163000,7
11,60,7.199000,7
11,61,11.878000,12
11,62,9.085000,11
11,63,11.265000,11
11,64,16.154000,20
11,65,7.018000,7
11,66,14.263000,19
11,67,14.458000,18
11,68,16.324000,18
11,69,8.674000,7
11,70,8.188000,7
11,71,8.676000,7
11,72,7.083000,7
11,73,7.087000,7
11,74,7.594000,7
11,75,8.546000,7
11,76,7.456000,7
11,77,16.363000,18
11,78,12.194000,11
11,79,12.418000,11
11,80,9.801000,11
11,81,7.573000,7
11,82,13.266000,11
11,83,11.979000,11
11,84,8.731000,7
11,85,10.473000,11
11,86,4.709000,7
11,87,7.965000,7
11,88,17.160000,21
11,89,20.260000,21
11,90,10.423000,13
11,91,13.103000,14
11,92,17.376000,22
11,93,18.937000,21
11,94,8.046000,8
11,95,8.273000,8
11,96,6.781000,8
12,1,7.156000,7
12,2,16.335000,21
12,3,19.400000,21
12,4,16.637000,22
12,5,12.928000,24
12,6,7.122000,24
12,7,15.046000,16
12,8,15.292000,16
12,9,14.065000,16
12,10,15.614000,19
12,11,10.538000,18
12,12,6.978000,16
12,13,15.039000,13
12,14,13.718000,14
12,15,19.147000,21
12,16,14.207000,19
12,17,8.805000,15
12,18,4.420000,20
12,19,17.801000,19
12,20,13.324000,13
12,21,12.716000,13
12,22,12.244000,12
12,23,10.377000,12
12,24,6.980000,12
12,25,12.530000,12
12,26,10.851000,12
12,27,11.568000,12
12,28,12.922000,13
12,29,15.918000,18
12,30,10.288000,18
12,31,14.364000,15
12,32,15.968000,16
12,33,18.848000,21
12,34,9.941000,12
12,35,9.278000,15
12,36,8.227000,20
12,37,15.025000,15
12,38,18.824000,20
12,39,19.157000,17
12,40,12.937000,18
12,41,7.939000,15
12,42,5.578000,16
12,43,15.507000,17
12,44,15.503000,16
12,45,11.974000,12
12,46,10.814000,12
12,47,8.988000,12
12,48,5.460000,9
12,49,13.015000,12
12,50,17.795000,22
12,51,19.585000,21
12,52,13.662000,21
12,53,3.953000,7
12,54,3.275000,7
12,55,13.011000,12
12,56,7.121000,7
12,57,9.346000,12
12,58,7.803000,7
12,59,8.064000,7
12,60,9.062000,7
12,61,13.028000,12
12,62,10.992000,11
12,63,10.860000,11
12,64,11.307000,12
12,65,9.012000,7
12,66,12.263000,17
12,67,13.738000,18
12,68,10.056000,12
12,69,8.677000,7
12,70,9.125000,7
12,71,7.964000,7
12,72,7.783000,7
12,73,8.894000,7
12,74,6.963000,7
12,75,9.738000,7
12,76,8.726000,7
12,77,17.581000,18
12,78,8.697000,11
12,79,10.442000,11
12,80,9.144000,11
12,81,9.301000,7
12,82,10.675000,11
12,83,10.286000,11
12,84,8.124000,7
12,85,10.372000,11
12,86,6.375000,7
12,87,7.529000,7
12,88,11.562000,12
12,89,12.065000,11
12,90,7.067000,7
12,91,8.266000,7
12,92,15.657000,21
12,93,13.143000,12
12,94,9.755000,10
12,95,8.918000,8
12,96,7.134000,8
13,1,7.347000,7
13,2,10.854000,10
13,3,12.940000,12
13,4,10.837000,12
13,5,12.691000,12
13,6,7.413000,7
13,7,19.648000,21
13,8,17.501000,21
13,9,8.371000,8
13,10,17.540000,22
13,11,6.213000,22
13,12,2.955000,12
13,13,9.148000,9
13,14,14.521000,16
13,15,19.322000,23
13,16,17.804000,23
13,17,8.147000,25
13,18,4.889000,23
13,19,23.715000,26
13,20,14.202000,15
13,21,13.527000,15
13,22,11.863000,15
13,23,5.677000,15
13,24,4.192000,11
13,25,12.848000,11
13,26,11.393000,11
13,27,13.081000,15
13,28,12.848000,15
13,29,9.506000,11
13,30,8.197000,23
13,31,21.967000,25
13,32,18.629000,23
13,33,16.539000,23
13,34,8.957000,15
13,35,6.007000,16
13,36,2.820000,11
13,37,10.707000,9
13,38,17.218000,23
13,39,17.854000,22
13,40,15.607000,22
13,41,4.322000,8
13,42,6.247000,21
13,43,19.247000,21
13,44,7.446000,7
13,45,8.957000,7
13,46,9.684000,7
13,47,7.597000,7
13,48,6.884000,7
13,49,8.426000,7
13,50,6.660000,7
13,51,7.934000,7
13,52,9.480000,7
13,53,6.634000,7
13,54,6.924000,7
13,55,12.375000,12
13,56,8.604000,7
13,57,10.238000,12
13,58,7.371000,7
13,59,7.066000,7
13,60,7.333000,7
13,61,11.540000,12
13,62,10.158000,11
13,63,9.955000,11
13,64,11.984000,12
13,65,7.676000,7
13,66,11.403000,18
13,67,13.514000,17
13,68,11.386000,12
13,69,8.821000,7
13,70,9.050000,7
13,71,6.113000,7
13,72,6.911000,7
13,73,8.994000,7
13,74,6.566000,7
13,75,6.705000,7
13,76,8.234000,7
13,77,16.860000,18
13,78,8.367000,11
13,79,11.539000,11
13,80,12.907000,11
13,81,8.863000,7
13,82,11.121000,11
13,83,9.772000,11
13,84,6.882000,7
13,85,11.556000,11
13,86,8.634000,7
13,87,6.948000,7
13,88,10.456000,12
13,89,11.537000,11
13,90,8.535000,7
13,91,8.999000,7
13,92,11.442000,11
13,93,13.952000,19
13,94,9.022000,9
13,95,6.602000,8
13,96,9.022000,8
14,1,8.340000,7
14,2,6.555000,10
14,3,11.282000,12
14,4,11.316000,12
14,5,10.590000,12
14,6,5.967000,7
14,7,9.904000,12
14,8,12.880000,12
14,9,8.157000,7
14,10,10.094000,12
14,11,9.514000,12
14,12,5.378000,7
14,13,8.280000,7
14,14,6.885000,7
14,15,8.834000,7
14,16,7.848000,7
14,17,19.392000,21
14,18,9.674000,21
14,19,16.038000,21
14,20,16.590000,21
14,21,16.175000,21
14,22,11.502000,26
14,23,3.491000,21
14,24,0.803000,12
14,25,11.386000,12
14,26,10.098000,12
14,27,19.345000,21
14,28,16.625000,21
14,29,2.788000,8
14,30,3.543000,21
14,31,17.422000,21
14,32,17.309000,21
14,33,17.001000,21
14,34,6.372000,7
14,35,3.113000,7
14,36,1.685000,7
14,37,8.304000,7
14,38,6.396000,7
14,39,9.369000,7
14,40,8.259000,7
14,41,7.044000,7
14,42,6.848000,7
14,43,7.850000,7
14,44,5.951000,7
14,45,7.167000,7
14,46,6.617000,7
14,47,7.084000,7
14,48,8.600000,7
14,49,8.294000,7
14,50,7.634000,7
14,51,8.813000,7
14,52,7.146000,7
14,53,8.119000,7
14,54,6.393000,7
14,55,9.490000,12
14,56,8.224000,7
14,57,11.151000,12
14,58,8.341000,7
14,59,8.260000,7
14,60,6.682000,7
14,61,9.891000,12
14,62,10.769000,11
14,63,11.897000,11
14,64,10.351000,12
14,65,8.509000,7
14,66,7.363000,18
14,67,12.671000,17
14,68,10.465000,12
14,69,5.933000,7
14,70,7.513000,7
14,71,8.335000,7
14,72,5.983000,7
14,73,8.909000,7
14,74,8.548000,7
14,75,8.229000,7
14,76,7.403000,7
14,77,15.439000,18
14,78,7.624000,11
14,79,10.267000,11
14,80,10.257000,11
14,81,7.621000,7
14,82,10.339000,11
14,83,10.184000,11
14,84,5.859000,7
14,85,8.956000,11
14,86,8.361000,7
14,87,6.359000,7
14,88,11.901000,12
14,89,9.707000,11
14,90,5.506000,7
14,91,8.916000,7
14,92,12.195000,13
14,93,14.835000,17
14,94,8.725000,9
14,95,7.278000,8
14,96,5.433000,8
15,1,8.174000,7
15,2,8.442000,10
15,3,10.590000,12
15,4,12.217000,12
15,5,10.939000,12
15,6,5.905000,7
15,7,12.409000,12
15,8,11.751000,12
15,9,8.121000,7
15,10,11.876000,12
15,11,10.883000,12
15,12,4.172000,7
15,13,8.226000,7
15,14,10.048000,7
15,15,7.994000,7
15,16,7.266000,7
15,17,14.825000,17
15,18,8.843000,12
15,19,15.404000,17
15,20,9.637000,12
15,21,10.818000,12
15,22,12.577000,15
15,23,9.034000,14
15,24,3.482000,7
15,25,8.837000,7
15,26,9.122000,7
15,27,12.644000,12
15,28,10.405000,12
15,29,7.921000,7
15,30,10.071000,18
15,31,18.682000,21
15,32,12.120000,12
15,33,10.386000,12
15,34,9.561000,7
15,35,5.949000,7
15,36,2.321000,7
15,37,8.820000,7
15,38,9.142000,7
15,39,8.299000,7
15,40,7.195000,7
15,41,8.028000,7
15,42,8.820000,7
15,43,8.791000,7
15,44,8.577000,7
15,45,7.182000,7
15,46,7.704000,7
15,47,8.227000,7
15,48,8.522000,7
15,49,8.811000,7
15,50,8.660000,7
15,51,7.348000,7
15,52,7.721000,7
15,53,7.285000,7
15,54,9.286000,7
15,55,10.061000,12
15,56,7.811000,7
15,57,11.553000,12
15,58,8.598000,7
15,59,8.331000,7
15,60,5.224000,7
15,61,10.021000,12
15,62,10.188000,11
15,63,10.007000,11
15,64,11.000000,12
15,65,5.819000,7
15,66,3.622000,18
15,67,18.605000,19
15,68,10.776000,12
15,69,7.105000,7
15,70,7.888000,7
15,71,7.857000,7
15,72,4.989000,7
15,73,9.438000,7
15,74,9.026000,7
15,75,8.486000,7
15,76,7.307000,7
15,77,14.856000,16
15,78,8.248000,11
15,79,10.029000,11
15,80,10.205000,11
15,81,7.843000,7
15,82,10.879000,11
15,83,11.094000,11
15,84,6.624000,7
15,85,10.781000,11
15,86,7.944000,7
15,87,7.968000,7
15,88,12.628000,12
15,89,10.092000,11
15,90,6.750000,7
15,91,7.709000,7
15,92,16.460000,20
15,93,17.479000,20
15,94,7.449000,7
15,95,6.914000,8
15,96,5.133000,8
16,1,14.902000,21
16,2,10.348000,12
16,3,10.082000,11
16,4,10.534000,11
16,5,9.575000,12
16,6,4.269000,7
16,7,7.977000,7
16,8,10.376000,12
16,9,8.191000,7
16,10,11.101000,12
16,11,10.090000,12
16,12,12.666000,27
16,13,8.006000,7
16,14,5.658000,7
16,15,11.162000,11
16,16,8.684000,7
16,17,12.081000,12
16,18,10.879000,11
16,19,10.201000,12
16,20,12.373000,11
16,21,15.880000,18
16,22,14.795000,18
16,23,8.409000,19
16,24,1.196000,7
16,25,8.598000,7
16,26,8.415000,7
16,27,15.299000,18
16,28,20.182000,21
16,29,6.062000,7
16,30,3.317000,12
16,31,7.424000,7
16,32,5.005000,7
16,33,7.066000,8
16,34,7.751000,7
16,35,7.521000,7
16,36,17.941000,20
16,37,15.976000,21
16,38,8.633000,8
16,39,8.791000,8
16,40,7.724000,8
16,41,9.846000,7
16,42,7.577000,10
16,43,9.065000,10
16,44,9.589000,7
16,45,18.419000,22
16,46,18.142000,21
16,47,6.805000,26
16,48,1.501000,26
16,49,9.399000,9
16,50,12.417000,10
16,51,10.887000,10
16,52,8.308000,8
16,53,8.359000,7
16,54,6.338000,7
16,55,8.599000,8
16,56,19.932000,21
16,57,7.762000,8
16,58,7.679000,7
16,59,8.023000,7
16,60,6.780000,9
16,61,8.007000,8
16,62,8.165000,8
16,63,9.258000,8
16,64,9.039000,9
16,65,7.228000,7
16,66,10.926000,9
16,67,8.629000,9
16,68,17.509000,20
16,69,7.163000,7
16,70,7.484000,7
16,71,9.864000,7
16,72,6.900000,7
16,73,9.404000,7
16,74,8.443000,7
16,75,8.724000,7
16,76,7.031000,7
16,77,9.269000,11
16,78,11.974000,11
16,79,9.408000,11
16,80,10.704000,11
16,81,7.811000,7
16,82,11.757000,11
16,83,10.237000,11
16,84,6.312000,7
16,85,9.871000,11
16,86,7.632000,7
16,87,8.414000,7
16,88,8.784000,7
16,89,8.195000,7
16,90,7.820000,7
16,91,7.438000,7
16,92,16.205000,22
16,93,8.807000,9
16,94,7.451000,7
16,95,9.955000,14
16,96,6.895000,8
17,1,14.152000,21
17,2,8.709000,12
17,3,12.201000,11
17,4,11.082000,11
17,5,12.724000,12
17,6,3.083000,7
17,7,8.657000,7
17,8,10.421000,12
17,9,8.462000,7
17,10,10.603000,12
17,11,10.277000,12
17,12,8.956000,14
17,13,8.102000,7
17,14,5.438000,7
17,15,9.965000,11
17,16,10.748000,11
17,17,13.421000,12
17,18,10.983000,11
17,19,11.226000,12
17,20,10.491000,11
17,21,13.052000,16
17,22,13.137000,18
17,23,11.922000,18
17,24,2.934000,7
17,25,8.672000,7
17,26,6.195000,7
17,27,15.399000,20
17,28,17.285000,18
17,29,6.769000,7
17,30,7.086000,12
17,31,9.357000,9
17,32,7.512000,7
17,33,7.076000,7
17,34,17.116000,21
17,35,7.049000,7
17,36,8.443000,8
17,37,9.968000,8
17,38,9.169000,8
17,39,8.642000,8
17,40,9.749000,8
17,41,7.556000,7
17,42,6.496000,9
17,43,9.984000,9
17,44,8.492000,7
17,45,10.003000,9
17,46,10.587000,10
17,47,9.554000,10
17,48,9.029000,10
17,49,18.066000,22
17,50,9.988000,10
17,51,11.235000,10
17,52,7.677000,8
17,53,6.797000,7
17,54,6.625000,27
17,55,8.115000,8
17,56,9.353000,10
17,57,7.811000,8
17,58,8.106000,7
17,59,9.197000,7
17,60,8.312000,9
17,61,9.999000,9
17,62,11.787000,9
17,63,8.425000,9
17,64,9.179000,9
17,65,7.311000,7
17,66,8.510000,9
17,67,9.986000,9
17,68,20.976000,25
17,69,7.623000,7
17,70,8.079000,7
17,71,8.768000,7
17,72,4.820000,7
17,73,10.000000,7
17,74,7.984000,7
17,75,9.373000,7
17,76,6.165000,7
17,77,10.011000,11
17,78,9.565000,11
17,79,9.368000,11
17,80,10.437000,11
17,81,9.158000,7
17,82,10.587000,11
17,83,9.951000,11
17,84,5.953000,7
17,85,9.340000,11
17,86,9.129000,7
17,87,9.451000,7
17,88,9.752000,7
17,89,7.446000,7
17,90,13.684000,21
17,91,15.307000,19
17,92,21.337000,24
17,93,7.945000,9
17,94,6.310000,7
17,95,10.469000,14
17,96,4.553000,14
18,1,18.582000,21
18,2,11.505000,13
18,3,12.438000,12
18,4,9.653000,11
18,5,7.480000,12
18,6,2.422000,7
18,7,8.877000,7
18,8,11.378000,12
18,9,8.745000,7
18,10,11.862000,12
18,11,11.662000,12
18,12,5.867000,7
18,13,8.036000,7
18,14,6.370000,7
18,15,9.559000,11
18,16,9.868000,11
18,17,12.998000,12
18,18,11.518000,11
18,19,11.614000,12
18,20,11.654000,11
18,21,15.643000,16
18,22,15.213000,18
18,23,5.837000,18
18,24,0.528000,7
18,25,8.897000,7
18,26,7.270000,7
18,27,18.516000,20
18,28,13.667000,17
18,29,7.346000,7
18,30,5.198000,12
18,31,10.655000,9
18,32,9.621000,7
18,33,6.629000,7
18,34,7.050000,7
18,35,18.424000,21
18,36,6.755000,8
18,37,9.103000,8
18,38,7.264000,8
18,39,8.974000,8
18,40,8.679000,8
18,41,7.595000,7
18,42,10.658000,9
18,43,9.806000,9
18,44,7.005000,7
18,45,11.359000,10
18,46,11.243000,10
18,47,11.151000,10
18,48,6.987000,10
18,49,10.832000,10
18,50,12.684000,10
18,51,10.837000,10
18,52,11.706000,8
18,53,7.031000,7
18,54,7.078000,9
18,55,8.156000,8
18,56,7.694000,8
18,57,8.334000,8
18,58,24.692000,27
18,59,6.880000,7
18,60,5.449000,9
18,61,10.231000,9
18,62,8.950000,9
18,63,7.711000,9
18,64,8.578000,9
18,65,8.784000,7
18,66,8.830000,9
18,67,10.833000,9
18,68,19.790000,19
18,69,8.655000,7
18,70,7.684000,7
18,71,6.163000,7
18,72,5.125000,7
18,73,8.254000,7
18,74,6.548000,7
18,75,7.164000,7
18,76,5.707000,7
18,77,10.414000,11
18,78,12.089000,11
18,79,11.368000,11
18,80,11.627000,11
18,81,8.133000,7
18,82,10.793000,11
18,83,11.439000,11
18,84,6.000000,7
18,85,11.604000,11
18,86,8.065000,7
18,87,9.236000,7
18,88,9.809000,7
18,89,8.030000,7
18,90,6.757000,7
18,91,13.758000,18
18,92,18.184000,19
18,93,10.183000,8
18,94,9.303000,10
18,95,7.991000,10
18,96,5.722000,16
19,1,13.984000,21
19,2,10.598000,13
19,3,14.044000,11
19,4,10.399000,11
19,5,9.689000,12
19,6,3.255000,7
19,7,8.926000,7
19,8,10.783000,7
19,9,9.930000,7
19,10,11.704000,12
19,11,9.001000,12
19,12,6.610000,7
19,13,8.280000,7
19,14,6.425000,7
19,15,11.835000,12
19,16,11.307000,12
19,17,11.428000,12
19,18,7.871000,11
19,19,9.950000,12
19,20,12.074000,11
19,21,15.832000,19
19,22,13.505000,18
19,23,3.436000,18
19,24,0.918000,7
19,25,7.781000,7
19,26,5.802000,7
19,27,17.361000,21
19,28,19.762000,23
19,29,5.816000,7
19,30,4.168000,12
19,31,9.933000,11
19,32,8.961000,7
19,33,15.065000,16
19,34,8.290000,7
19,35,10.001000,8
19,36,4.030000,8
19,37,8.919000,8
19,38,9.040000,8
19,39,7.852000,8
19,40,8.114000,8
19,41,8.918000,7
19,42,10.506000,10
19,43,9.640000,10
19,44,8.012000,7
19,45,10.778000,10
19,46,9.526000,10
19,47,10.039000,10
19,48,6.550000,10
19,49,9.391000,10
19,50,10.338000,10
19,51,10.083000,10
19,52,8.835000,8
19,53,6.576000,7
19,54,7.400000,8
19,55,8.276000,8
19,56,10.188000,8
19,57,8.512000,8
19,58,8.099000,8
19,59,8.165000,7
19,60,9.144000,9
19,61,9.366000,9
19,62,10.343000,9
19,63,9.076000,9
19,64,9.258000,9
19,65,6.229000,7
19,66,7.904000,9
19,67,8.909000,9
19,68,15.272000,20
19,69,7.483000,7
19,70,9.286000,7
19,71,8.195000,7
19,72,7.245000,7
19,73,8.293000,7
19,74,6.672000,7
19,75,7.318000,7
19,76,9.201000,7
19,77,10.035000,11
19,78,10.152000,11
19,79,8.909000,11
19,80,11.391000,11
19,81,7.719000,7
19,82,12.516000,11
19,83,9.525000,11
19,84,5.993000,7
19,85,8.926000,11
19,86,7.294000,7
19,87,7.358000,7
19,88,8.235000,7
19,89,8.607000,7
19,90,7.718000,7
19,91,12.432000,19
19,92,25.822000,29
19,93,7.881000,8
19,94,10.688000,10
19,95,5.150000,9
19,96,1.899000,15
20,1,14.910000,21
20,2,11.818000,14
20,3,10.716000,12
20,4,11.636000,11
20,5,10.490000,12
20,6,4.083000,7
20,7,8.409000,7
20,8,4.298000,7
20,9,8.487000,7
20,10,12.361000,12
20,11,10.381000,12
20,12,7.829000,7
20,13,8.501000,7
20,14,8.185000,7
20,15,10.771000,12
20,16,12.135000,12
20,17,11.148000,12
20,18,6.688000,11
20,19,9.982000,12
20,20,13.000000,11
20,21,15.097000,16
20,22,19.771000,22
20,23,5.051000,18
20,24,0.580000,7
20,25,8.905000,7
20,26,6.961000,7
20,27,18.112000,21
20,28,19.149000,21
20,29,6.074000,7
20,30,3.097000,12
20,31,9.496000,8
20,32,9.718000,7
20,33,9.464000,8
20,34,14.313000,16
20,35,6.994000,8
20,36,6.336000,8
20,37,9.501000,8
20,38,9.173000,8
20,39,8.704000,8
20,40,7.441000,8
20,41,7.920000,7
20,42,10.718000,9
20,43,8.907000,9
20,44,6.425000,7
20,45,10.944000,10
20,46,10.215000,10
20,47,9.218000,10
20,48,10.309000,10
20,49,10.551000,10
20,50,10.555000,10
20,51,12.706000,10
20,52,9.391000,8
20,53,6.523000,7
20,54,6.329000,8
20,55,9.521000,8
20,56,9.711000,8
20,57,8.966000,8
20,58,8.492000,8
20,59,8.056000,7
20,60,10.262000,9
20,61,9.974000,9
20,62,11.413000,9
20,63,9.148000,9
20,64,9.309000,9
20,65,7.412000,7
20,66,5.710000,9
20,67,8.906000,9
20,68,16.865000,20
20,69,8.095000,7
20,70,8.691000,7
20,71,8.313000,7
20,72,6.137000,7
20,73,8.479000,7
20,74,6.359000,7
20,75,6.118000,7
20,76,8.012000,7
20,77,12.085000,11
20,78,9.236000,11
20,79,9.515000,11
20,80,10.369000,11
20,81,8.642000,7
20,82,10.149000,11
20,83,9.467000,11
20,84,7.064000,7
20,85,9.964000,11
20,86,8.582000,7
20,87,7.432000,7
20,88,9.009000,7
20,89,8.645000,7
20,90,8.414000,14
20,91,10.992000,14
20,92,23.213000,27
20,93,8.667000,8
20,94,6.779000,7
20,95,6.669000,9
20,96,5.461000,15
21,1,11.402000,12
21,2,14.347000,16
21,3,9.260000,8
21,4,8.993000,8
21,5,7.993000,8
21,6,8.277000,8
21,7,9.999000,8
21,8,8.273000,8
21,9,9.586000,7
21,10,9.256000,8
21,11,8.703000,8
21,12,9.335000,8
21,13,9.226000,8
21,14,20.192000,22
21,15,10.742000,8
21,16,9.388000,8
21,17,8.696000,8
21,18,6.183000,8
21,19,9.297000,8
21,20,15.363000,17
21,21,13.461000,14
21,22,9.068000,8
21,23,15.052000,19
21,24,5.769000,8
21,25,10.002000,8
21,26,7.395000,8
21,27,7.632000,8
21,28,7.245000,8
21,29,23.559000,29
21,30,7.186000,8
21,31,19.313000,22
21,32,8.797000,8
21,33,19.068000,19
21,34,12.471000,12
21,35,7.297000,9
21,36,8.876000,16
21,37,14.629000,16
21,38,10.101000,9
21,39,8.007000,9
21,40,10.744000,10
21,41,20.976000,28
21,42,8.999000,19
21,43,16.093000,19
21,44,22.117000,27
21,45,14.615000,16
21,46,10.895000,16
21,47,6.702000,16
21,48,4.672000,17
21,49,15.256000,17
21,50,13.460000,17
21,51,15.219000,17
21,52,12.534000,16
21,53,14.744000,28
21,54,7.284000,18
21,55,15.245000,17
21,56,15.991000,18
21,57,15.861000,17
21,58,16.710000,20
21,59,7.712000,14
21,60,8.822000,30
21,61,11.390000,9
21,62,18.029000,23
21,63,15.813000,17
21,64,14.189000,18
21,65,12.910000,31
21,66,4.349000,18
21,67,17.719000,20
21,68,14.591000,18
21,69,23.920000,28
21,70,11.818000,16
21,71,10.494000,31
21,72,1.219000,7
21,73,20.156000,21
21,74,7.928000,7
21,75,8.692000,8
21,76,8.298000,8
21,77,7.355000,8
21,78,8.735000,8
21,79,8.839000,8
21,80,7.530000,8
21,81,18.590000,22
21,82,9.058000,8
21,83,7.629000,8
21,84,7.634000,7
21,85,10.022000,8
21,86,8.937000,8
21,87,11.122000,9
21,88,8.503000,8
21,89,16.253000,20
21,90,17.603000,27
21,91,11.323000,11
21,92,8.409000,9
21,93,8.692000,8
21,94,7.941000,7
21,95,10.684000,11
21,96,9.205000,11
22,1,13.056000,17
22,2,10.478000,10
22,3,6.721000,8
22,4,8.754000,8
22,5,8.751000,8
22,6,9.434000,8
22,7,9.773000,8
22,8,7.124000,8
22,9,8.177000,8
22,10,9.494000,8
22,11,8.354000,8
22,12,11.397000,8
22,13,9.802000,8
22,14,9.008000,8
22,15,9.075000,8
22,16,8.276000,8
22,17,9.541000,8
22,18,9.983000,8
22,19,9.823000,8
22,20,15.347000,17
22,21,13.959000,16
22,22,23.542000,25
22,23,8.194000,18
22,24,2.355000,8
22,25,10.454000,8
22,26,8.195000,8
22,27,8.454000,8
22,28,9.801000,8
22,29,12.757000,12
22,30,8.577000,8
22,31,8.129000,9
22,32,12.002000,14
22,33,11.580000,12
22,34,9.739000,9
22,35,9.804000,9
22,36,10.343000,14
22,37,13.602000,15
22,38,9.922000,9
22,39,9.693000,9
22,40,10.213000,10
22,41,17.164000,19
22,42,8.605000,18
22,43,17.353000,20
22,44,14.924000,16
22,45,15.358000,16
22,46,13.057000,16
22,47,8.491000,16
22,48,6.092000,18
22,49,13.622000,16
22,50,12.749000,16
22,51,13.250000,16
22,52,13.048000,16
22,53,10.480000,17
22,54,8.493000,18
22,55,13.598000,16
22,56,13.442000,11
22,57,11.069000,10
22,58,17.433000,20
22,59,14.078000,31
22,60,2.124000,9
22,61,10.428000,10
22,62,8.885000,9
22,63,10.207000,11
22,64,10.545000,11
22,65,9.777000,11
22,66,10.921000,16
22,67,15.934000,17
22,68,9.910000,9
22,69,10.391000,8
22,70,16.334000,16
22,71,11.803000,17
22,72,5.168000,7
22,73,16.567000,19
22,74,8.325000,7
22,75,9.542000,8
22,76,7.069000,8
22,77,8.471000,8
22,78,7.597000,8
22,79,8.381000,8
22,80,6.897000,8
22,81,9.957000,8
22,82,8.977000,8
22,83,8.672000,8
22,84,5.769000,7
22,85,9.814000,8
22,86,8.326000,7
22,87,9.844000,9
22,88,7.941000,8
22,89,21.023000,24
22,90,14.443000,25
22,91,10.947000,10
22,92,25.476000,28
22,93,23.885000,29
22,94,6.013000,10
22,95,5.485000,11
22,96,2.680000,8
23,1,13.146000,19
23,2,21.696000,22
23,3,8.320000,8
23,4,8.729000,8
23,5,8.397000,8
23,6,6.632000,8
23,7,8.644000,8
23,8,7.713000,8
23,9,7.216000,8
23,10,9.171000,8
23,11,7.762000,8
23,12,10.137000,8
23,13,9.296000,8
23,14,8.310000,8
23,15,8.974000,8
23,16,9.380000,8
23,17,8.583000,8
23,18,9.488000,8
23,19,8.671000,8
23,20,11.364000,14
23,21,16.687000,18
23,22,22.156000,23
23,23,11.940000,18
23,24,5.429000,19
23,25,9.257000,8
23,26,7.669000,8
23,27,18.946000,21
23,28,13.799000,13
23,29,12.097000,14
23,30,5.064000,8
23,31,10.397000,9
23,32,12.243000,12
23,33,9.891000,9
23,34,9.242000,9
23,35,10.595000,9
23,36,12.350000,16
23,37,12.082000,14
23,38,9.440000,9
23,39,10.582000,10
23,40,10.867000,10
23,41,15.844000,18
23,42,10.837000,18
23,43,17.103000,20
23,44,15.242000,16
23,45,12.484000,16
23,46,13.077000,16
23,47,10.617000,16
23,48,5.645000,16
23,49,13.670000,16
23,50,15.993000,16
23,51,13.829000,16
23,52,15.173000,20
23,53,8.842000,16
23,54,5.127000,16
23,55,14.534000,16
23,56,8.694000,9
23,57,10.262000,9
23,58,16.633000,18
23,59,7.727000,9
23,60,8.278000,9
23,61,9.902000,9
23,62,15.956000,16
23,63,18.863000,22
23,64,14.719000,16
23,65,9.069000,17
23,66,5.534000,22
23,67,10.401000,9
23,68,9.231000,8
23,69,9.700000,8
23,70,15.475000,19
23,71,13.705000,17
23,72,6.324000,7
23,73,9.889000,8
23,74,7.780000,7
23,75,8.339000,7
23,76,11.817000,8
23,77,7.943000,8
23,78,9.114000,8
23,79,9.897000,8
23,80,7.815000,8
23,81,17.027000,21
23,82,9.285000,8
23,83,7.170000,8
23,84,7.800000,7
23,85,8.161000,8
23,86,6.740000,7
23,87,9.454000,9
23,88,13.336000,15
23,89,23.564000,24
23,90,13.374000,27
23,91,23.098000,29
23,92,22.471000,28
23,93,26.225000,30
23,94,4.113000,11
23,95,1.965000,8
23,96,0.674000,8
24,1,14.078000,18
24,2,8.029000,10
24,3,9.648000,8
24,4,10.015000,8
24,5,7.580000,8
24,6,6.945000,8
24,7,9.623000,8
24,8,8.585000,8
24,9,8.915000,8
24,10,8.120000,8
24,11,9.108000,8
24,12,8.592000,8
24,13,9.600000,8
24,14,9.442000,8
24,15,10.447000,8
24,16,7.781000,8
24,17,8.991000,8
24,18,8.632000,8
24,19,8.984000,8
24,20,11.774000,14
24,21,8.995000,8
24,22,15.198000,18
24,23,13.201000,18
24,24,10.072000,27
24,25,12.898000,19
24,26,16.500000,18
24,27,19.116000,23
24,28,12.981000,13
24,29,7.097000,9
24,30,3.671000,8
24,31,10.537000,9
24,32,22.407000,22
24,33,11.237000,9
24,34,9.089000,9
24,35,8.370000,9
24,36,9.379000,14
24,37,10.542000,9
24,38,10.267000,9
24,39,11.887000,10
24,40,10.089000,10
24,41,12.153000,17
24,42,10.587000,17
24,43,17.948000,21
24,44,12.587000,16
24,45,13.205000,16
24,46,13.235000,16
24,47,9.357000,16
24,48,7.933000,18
24,49,15.454000,16
24,50,14.994000,16
24,51,13.022000,16
24,52,16.229000,21
24,53,8.343000,16
24,54,5.300000,16
24,55,11.994000,15
24,56,10.273000,9
24,57,9.810000,9
24,58,15.103000,18
24,59,8.492000,9
24,60,7.654000,9
24,61,9.616000,9
24,62,12.619000,12
24,63,10.876000,11
24,64,12.252000,11
24,65,11.841000,15
24,66,10.589000,17
24,67,9.623000,8
24,68,9.447000,8
24,69,10.337000,8
24,70,8.323000,8
24,71,14.515000,17
24,72,14.664000,26
24,73,7.784000,7
24,74,6.550000,7
24,75,8.879000,7
24,76,8.418000,7
24,77,7.526000,8
24,78,8.744000,7
24,79,9.569000,7
24,80,8.499000,8
24,81,8.215000,8
24,82,7.900000,8
24,83,9.103000,8
24,84,7.746000,7
24,85,9.598000,8
24,86,8.140000,7
24,87,18.965000,22
24,88,10.688000,10
24,89,20.773000,28
24,90,6.697000,30
24,91,26.134000,31
24,92,24.290000,28
24,93,20.337000,31
24,94,4.426000,13
24,95,1.492000,8
24,96,0.613000,8
25,1,11.883000,17
25,2,12.558000,14
25,3,8.624000,8
25,4,9.544000,8
25,5,9.081000,8
25,6,7.679000,8
25,7,10.313000,8
25,8,9.441000,8
25,9,8.020000,8
25,10,8.969000,8
25,11,8.551000,8
25,12,9.183000,8
25,13,18.104000,22
25,14,8.859000,8
25,15,7.442000,8
25,16,9.228000,8
25,17,8.544000,8
25,18,8.152000,8
25,19,10.311000,8
25,20,15.221000,17
25,21,8.043000,8
25,22,15.374000,18
25,23,12.355000,18
25,24,9.384000,19
25,25,19.147000,21
25,26,17.437000,19
25,27,16.484000,19
25,28,11.880000,9
25,29,5.583000,9
25,30,5.668000,15
25,31,10.748000,9
25,32,12.020000,9
25,33,8.560000,9
25,34,8.131000,9
25,35,9.824000,9
25,36,8.553000,9
25,37,10.294000,9
25,38,10.463000,9
25,39,9.315000,10
25,40,10.511000,10
25,41,15.265000,17
25,42,11.315000,18
25,43,13.882000,16
25,44,16.572000,18
25,45,11.874000,16
25,46,14.111000,16
25,47,11.706000,18
25,48,6.862000,18
25,49,13.888000,16
25,50,14.430000,16
25,51,13.392000,16
25,52,17.319000,21
25,53,9.067000,16
25,54,5.901000,16
25,55,13.091000,15
25,56,10.358000,9
25,57,10.644000,9
25,58,18.137000,18
25,59,8.407000,9
25,60,6.825000,10
25,61,10.269000,9
25,62,19.276000,22
25,63,16.575000,17
25,64,14.561000,22
25,65,9.258000,22
25,66,3.069000,9
25,67,8.864000,8
25,68,7.249000,8
25,69,8.916000,8
25,70,8.621000,8
25,71,15.324000,17
25,72,11.786000,17
25,73,9.487000,8
25,74,6.380000,7
25,75,7.622000,7
25,76,8.542000,7
25,77,8.707000,8
25,78,10.235000,8
25,79,9.509000,8
25,80,7.472000,7
25,81,8.943000,7
25,82,9.013000,8
25,83,9.366000,8
25,84,7.508000,7
25,85,10.285000,8
25,86,7.472000,7
25,87,13.481000,14
25,88,18.500000,21
25,89,17.047000,28
25,90,8.171000,29
25,91,24.371000,30
25,92,22.769000,28
25,93,21.118000,30
25,94,5.037000,11
25,95,1.942000,8
25,96,0.679000,8
26,1,17.692000,19
26,2,15.764000,20
26,3,11.674000,16
26,4,8.511000,9
26,5,7.146000,9
26,6,6.342000,10
26,7,12.018000,10
26,8,8.960000,10
26,9,19.757000,28
26,10,8.655000,10
26,11,7.778000,10
26,12,7.514000,10
26,13,18.329000,19
26,14,13.066000,19
26,15,12.317000,18
26,16,11.517000,18
26,17,13.927000,20
26,18,6.814000,17
26,19,19.645000,19
26,20,11.967000,17
26,21,12.316000,17
26,22,12.728000,18
26,23,10.806000,19
26,24,6.157000,19
26,25,20.910000,21
26,26,12.407000,18
26,27,14.183000,20
26,28,12.831000,20
26,29,8.583000,18
26,30,4.364000,18
26,31,12.160000,11
26,32,10.435000,11
26,33,9.177000,11
26,34,11.038000,11
26,35,8.644000,11
26,36,13.352000,20
26,37,20.389000,20
26,38,16.054000,21
26,39,11.542000,16
26,40,11.520000,16
26,41,8.090000,15
26,42,6.775000,16
26,43,15.130000,15
26,44,11.291000,15
26,45,10.528000,15
26,46,9.787000,15
26,47,11.188000,16
26,48,7.550000,15
26,49,14.404000,15
26,50,14.432000,15
26,51,23.169000,33
26,52,10.736000,15
26,53,7.266000,14
26,54,7.963000,25
26,55,15.119000,13
26,56,21.604000,32
26,57,16.380000,26
26,58,8.792000,14
26,59,7.213000,14
26,60,5.771000,14
26,61,18.878000,24
26,62,7.695000,10
26,63,8.290000,10
26,64,9.157000,10
26,65,6.953000,10
26,66,8.354000,10
26,67,11.411000,9
26,68,9.928000,9
26,69,7.844000,9
26,70,7.961000,9
26,71,9.857000,9
26,72,7.552000,9
26,73,19.645000,21
26,74,7.773000,8
26,75,7.132000,9
26,76,9.207000,9
26,77,8.511000,9
26,78,8.565000,9
26,79,10.124000,9
26,80,10.844000,9
26,81,7.938000,9
26,82,7.305000,9
26,83,9.302000,9
26,84,9.522000,9
26,85,19.771000,21
26,86,11.952000,15
26,87,13.463000,16
26,88,20.832000,27
26,89,4.857000,10
26,90,4.979000,31
26,91,24.115000,28
26,92,22.555000,30
26,93,20.027000,32
26,94,4.052000,11
26,95,4.136000,8
26,96,1.591000,8
27,1,9.843000,17
27,2,14.215000,18
27,3,11.714000,12
27,4,8.591000,9
27,5,7.538000,9
27,6,7.818000,10
27,7,9.096000,10
27,8,7.475000,10
27,9,8.848000,10
27,10,10.131000,10
27,11,10.602000,10
27,12,14.358000,20
27,13,8.348000,10
27,14,7.922000,10
27,15,16.268000,18
27,16,13.348000,18
27,17,7.534000,10
27,18,10.835000,20
27,19,9.634000,10
27,20,13.706000,17
27,21,16.789000,19
27,22,13.481000,19
27,23,9.719000,20
27,24,3.568000,20
27,25,18.377000,23
27,26,15.080000,18
27,27,11.216000,11
27,28,9.218000,11
27,29,8.234000,11
27,30,4.940000,11
27,31,15.674000,21
27,32,13.567000,19
27,33,16.105000,20
27,34,16.070000,21
27,35,5.955000,11
27,36,3.644000,16
27,37,11.469000,16
27,38,9.817000,15
27,39,17.486000,22
27,40,12.159000,17
27,41,11.256000,20
27,42,5.667000,17
27,43,10.498000,16
27,44,11.882000,15
27,45,12.000000,16
27,46,10.865000,16
27,47,10.795000,16
27,48,9.194000,16
27,49,9.628000,15
27,50,11.737000,15
27,51,11.055000,15
27,52,11.016000,15
27,53,10.417000,13
27,54,7.473000,13
27,55,9.630000,13
27,56,9.034000,13
27,57,9.874000,13
27,58,10.860000,13
27,59,10.939000,13
27,60,6.703000,14
27,61,9.994000,12
27,62,8.502000,10
27,63,9.874000,10
27,64,10.078000,10
27,65,8.131000,9
27,66,8.318000,9
27,67,8.355000,9
27,68,13.973000,22
27,69,6.429000,8
27,70,7.115000,8
27,71,7.229000,8
27,72,11.496000,15
27,73,9.088000,8
27,74,5.724000,8
27,75,8.783000,8
27,76,20.673000,28
27,77,7.141000,8
27,78,7.280000,8
27,79,7.797000,8
27,80,5.731000,8
27,81,8.734000,8
27,82,9.971000,8
27,83,7.290000,8
27,84,7.739000,9
27,85,11.478000,16
27,86,18.297000,23
27,87,21.476000,28
27,88,17.036000,28
27,89,4.281000,31
27,90,1.686000,31
27,91,21.498000,32
27,92,20.145000,29
27,93,23.655000,34
27,94,4.786000,12
27,95,2.212000,8
27,96,1.079000,8
28,1,13.672000,17
28,2,16.536000,21
28,3,24.199000,34
28,4,11.128000,18
28,5,7.560000,15
28,6,3.325000,18
28,7,13.503000,17
28,8,8.487000,10
28,9,8.295000,9
28,10,8.899000,10
28,11,16.418000,20
28,12,7.122000,10
28,13,9.366000,10
28,14,13.436000,20
28,15,9.000000,10
28,16,9.987000,10
28,17,9.244000,10
28,18,7.992000,10
28,19,14.055000,19
28,20,13.333000,18
28,21,9.166000,10
28,22,8.507000,10
28,23,13.096000,18
28,24,7.929000,19
28,25,16.108000,21
28,26,18.803000,24
28,27,14.904000,18
28,28,12.095000,20
28,29,8.369000,19
28,30,4.868000,20
28,31,10.607000,11
28,32,8.461000,11
28,33,8.250000,11
28,34,9.295000,11
28,35,11.291000,11
28,36,13.539000,19
28,37,14.080000,19
28,38,15.933000,19
28,39,14.395000,19
28,40,11.495000,17
28,41,10.247000,20
28,42,7.024000,19
28,43,13.018000,17
28,44,12.198000,17
28,45,15.562000,18
28,46,14.989000,19
28,47,7.438000,10
28,48,9.037000,23
28,49,17.744000,23
28,50,19.506000,26
28,51,9.903000,11
28,52,13.576000,18
28,53,10.641000,25
28,54,4.960000,20
28,55,18.523000,26
28,56,17.898000,24
28,57,14.616000,17
28,58,12.493000,18
28,59,5.904000,13
28,60,5.053000,13
28,61,14.100000,18
28,62,9.948000,10
28,63,7.771000,9
28,64,8.468000,9
28,65,7.987000,9
28,66,6.856000,8
28,67,9.872000,8
28,68,6.137000,8
28,69,7.096000,8
28,70,7.917000,8
28,71,8.962000,8
28,72,11.967000,15
28,73,6.879000,8
28,74,15.002000,21
28,75,7.568000,9
28,76,13.345000,15
28,77,8.033000,8
28,78,8.575000,8
28,79,8.123000,8
28,80,6.255000,8
28,81,8.712000,8
28,82,9.112000,8
28,83,8.371000,8
28,84,16.158000,22
28,85,11.162000,16
28,86,13.848000,20
28,87,24.147000,30
28,88,18.479000,30
28,89,7.484000,30
28,90,2.061000,32
28,91,22.910000,30
28,92,20.511000,30
28,93,21.329000,31
28,94,6.323000,11
28,95,3.353000,8
28,96,2.569000,8
29,1,11.981000,17
29,2,13.261000,18
29,3,16.837000,22
29,4,12.550000,18
29,5,14.531000,22
29,6,9.013000,22
29,7,17.672000,24
29,8,18.437000,23
29,9,16.088000,20
29,10,16.163000,23
29,11,7.775000,19
29,12,3.037000,11
29,13,8.894000,10
29,14,9.234000,10
29,15,8.874000,10
29,16,8.488000,10
29,17,15.432000,20
29,18,9.033000,10
29,19,10.106000,11
29,20,8.547000,10
29,21,8.373000,10
29,22,15.747000,22
29,23,17.003000,20
29,24,11.313000,21
29,25,16.990000,25
29,26,19.711000,25
29,27,18.130000,23
29,28,9.520000,11
29,29,7.512000,11
29,30,5.600000,11
29,31,9.460000,11
29,32,8.649000,11
29,33,9.420000,11
29,34,9.756000,11
29,35,8.328000,10
29,36,10.127000,16
29,37,13.627000,19
29,38,17.784000,23
29,39,18.237000,23
29,40,17.012000,25
29,41,10.534000,23
29,42,5.395000,22
29,43,15.934000,23
29,44,15.258000,22
29,45,19.432000,24
29,46,14.615000,23
29,47,10.480000,22
29,48,6.093000,21
29,49,13.642000,20
29,50,16.598000,21
29,51,16.179000,22
29,52,17.169000,26
29,53,10.475000,20
29,54,6.555000,24
29,55,14.058000,20
29,56,16.036000,23
29,57,13.299000,17
29,58,12.499000,17
29,59,6.480000,10
29,60,6.394000,10
29,61,12.342000,16
29,62,7.181000,9
29,63,8.062000,8
29,64,7.194000,8
29,65,8.189000,8
29,66,7.494000,8
29,67,7.558000,8
29,68,8.670000,8
29,69,15.929000,22
29,70,16.223000,21
29,71,12.149000,17
29,72,7.828000,15
29,73,7.284000,8
29,74,13.957000,17
29,75,7.788000,9
29,76,11.586000,14
29,77,15.890000,22
29,78,12.308000,22
29,79,16.481000,21
29,80,8.517000,8
29,81,5.574000,8
29,82,14.173000,22
29,83,12.759000,21
29,84,8.113000,15
29,85,14.688000,20
29,86,23.510000,31
29,87,20.843000,29
29,88,17.950000,32
29,89,6.591000,29
29,90,1.814000,32
29,91,24.212000,34
29,92,23.647000,32
29,93,17.614000,30
29,94,7.345000,13
29,95,3.351000,8
29,96,3.330000,8
30,1,13.579000,17
30,2,12.598000,18
30,3,15.337000,19
30,4,9.425000,10
30,5,17.992000,22
30,6,13.465000,22
30,7,17.651000,22
30,8,14.494000,21
30,9,15.866000,20
30,10,14.505000,20
30,11,17.305000,25
30,12,7.791000,21
30,13,19.709000,26
30,14,19.423000,25
30,15,8.352000,10
30,16,17.801000,22
30,17,8.324000,11
30,18,5.686000,10
30,19,17.067000,22
30,20,8.326000,10
30,21,8.747000,10
30,22,16.704000,24
30,23,17.455000,22
30,24,11.632000,23
30,25,15.278000,23
30,26,15.242000,23
30,27,18.058000,24
30,28,8.855000,11
30,29,10.252000,11
30,30,8.406000,11
30,31,10.863000,11
30,32,10.331000,11
30,33,8.837000,11
30,34,10.133000,11
30,35,20.560000,26
30,36,15.695000,24
30,37,19.026000,26
30,38,18.483000,23
30,39,17.787000,26
30,40,17.779000,25
30,41,14.144000,26
30,42,5.037000,24
30,43,20.464000,27
30,44,18.491000,24
30,45,20.384000,26
30,46,18.121000,24
30,47,8.616000,23
30,48,3.074000,27
30,49,18.953000,27
30,50,19.387000,24
30,51,20.471000,25
30,52,15.570000,24
30,53,10.626000,25
30,54,4.688000,23
30,55,14.700000,20
30,56,18.755000,24
30,57,18.911000,22
30,58,16.737000,19
30,59,11.655000,20
30,60,8.611000,20
30,61,12.092000,15
30,62,14.500000,21
30,63,16.522000,21
30,64,17.351000,22
30,65,14.536000,22
30,66,8.896000,22
30,67,16.459000,22
30,68,8.238000,8
30,69,11.385000,14
30,70,10.922000,13
30,71,11.163000,15
30,72,9.514000,15
30,73,16.411000,21
30,74,10.916000,14
30,75,8.122000,9
30,76,10.250000,13
30,77,10.632000,14
30,78,10.106000,13
30,79,8.486000,12
30,80,15.699000,22
30,81,16.413000,22
30,82,9.555000,13
30,83,10.871000,13
30,84,11.782000,15
30,85,15.261000,21
30,86,19.520000,30
30,87,22.568000,30
30,88,17.898000,27
30,89,12.136000,29
30,90,6.450000,32
30,91,25.343000,33
30,92,23.005000,30
30,93,25.284000,31
30,94,8.300000,14
30,95,4.561000,8
30,96,3.087000,8
31,1,11.391000,17
31,2,11.280000,16
31,3,16.896000,22
31,4,16.637000,20
31,5,8.742000,13
31,6,8.209000,13
31,7,9.970000,13
31,8,19.561000,22
31,9,15.925000,21
31,10,20.898000,28
31,11,14.374000,23
31,12,8.683000,22
31,13,17.207000,22
31,14,16.025000,23
31,15,20.460000,25
31,16,14.447000,23
31,17,12.669000,24
31,18,5.181000,10
31,19,10.609000,11
31,20,8.486000,10
31,21,10.219000,11
31,22,15.657000,21
31,23,20.212000,26
31,24,11.581000,21
31,25,20.830000,28
31,26,15.152000,22
31,27,15.937000,22
31,28,20.248000,23
31,29,9.566000,21
31,30,9.251000,22
31,31,17.189000,24
31,32,19.852000,25
31,33,18.431000,23
31,34,16.887000,23
31,35,12.771000,27
31,36,3.818000,23
31,37,14.998000,22
31,38,18.694000,23
31,39,16.149000,22
31,40,16.612000,22
31,41,13.784000,24
31,42,10.522000,26
31,43,16.071000,24
31,44,18.499000,24
31,45,18.790000,24
31,46,17.361000,24
31,47,12.030000,24
31,48,9.237000,24
31,49,16.417000,24
31,50,18.854000,26
31,51,19.565000,25
31,52,16.878000,24
31,53,12.237000,24
31,54,7.200000,25
31,55,17.202000,24
31,56,18.142000,24
31,57,16.552000,22
31,58,14.133000,20
31,59,11.848000,20
31,60,7.772000,19
31,61,11.723000,15
31,62,12.878000,16
31,63,12.891000,15
31,64,8.068000,13
31,65,10.765000,13
31,66,11.117000,14
31,67,11.250000,14
31,68,15.410000,21
31,69,12.617000,14
31,70,7.969000,12
31,71,11.241000,14
31,72,10.986000,16
31,73,9.577000,11
31,74,11.125000,13
31,75,7.637000,9
31,76,11.451000,13
31,77,9.461000,13
31,78,11.338000,13
31,79,9.525000,13
31,80,10.056000,12
31,81,10.948000,15
31,82,8.827000,13
31,83,10.875000,13
31,84,14.233000,16
31,85,18.341000,28
31,86,20.451000,30
31,87,21.796000,32
31,88,20.151000,32
31,89,12.013000,35
31,90,1.691000,31
31,91,20.807000,30
31,92,20.409000,29
31,93,22.272000,31
31,94,10.119000,16
31,95,5.500000,8
31,96,4.489000,8
32,1,12.536000,17
32,2,12.736000,18
32,3,13.865000,18
32,4,12.939000,16
32,5,12.876000,13
32,6,9.753000,13
32,7,10.124000,13
32,8,9.713000,13
32,9,11.943000,13
32,10,10.567000,13
32,11,9.710000,9
32,12,17.924000,22
32,13,17.774000,21
32,14,17.708000,21
32,15,21.526000,25
32,16,16.578000,24
32,17,11.813000,22
32,18,12.062000,24
32,19,19.727000,28
32,20,10.088000,10
32,21,8.780000,11
32,22,19.708000,24
32,23,19.840000,25
32,24,13.491000,25
32,25,18.763000,26
32,26,17.784000,25
32,27,20.457000,23
32,28,16.121000,21
32,29,10.984000,22
32,30,10.096000,24
32,31,17.636000,24
32,32,17.710000,25
32,33,16.488000,25
32,34,18.826000,23
32,35,13.575000,23
32,36,11.999000,25
32,37,17.676000,21
32,38,20.040000,24
32,39,19.067000,25
32,40,17.848000,24
32,41,14.246000,24
32,42,7.489000,24
32,43,18.256000,24
32,44,17.786000,24
32,45,20.945000,24
32,46,18.284000,24
32,47,12.614000,24
32,48,7.917000,24
32,49,18.200000,24
32,50,19.048000,26
32,51,19.752000,24
32,52,18.858000,25
32,53,13.934000,25
32,54,7.340000,24
32,55,18.227000,24
32,56,18.469000,24
32,57,20.235000,24
32,58,16.543000,24
32,59,12.644000,25
32,60,10.234000,22
32,61,17.035000,21
32,62,11.520000,15
32,63,11.832000,15
32,64,19.473000,24
32,65,14.155000,18
32,66,7.490000,13
32,67,10.803000,15
32,68,8.351000,13
32,69,11.360000,14
32,70,10.003000,14
32,71,10.516000,14
32,72,10.037000,14
32,73,17.629000,19
32,74,7.899000,13
32,75,8.465000,9
32,76,11.453000,13
32,77,11.919000,14
32,78,10.475000,11
32,79,12.475000,16
32,80,9.856000,15
32,81,12.576000,15
32,82,11.059000,15
32,83,13.869000,20
32,84,16.566000,21
32,85,22.497000,36
32,86,20.007000,31
32,87,18.016000,27
32,88,19.473000,29
32,89,13.100000,30
32,90,7.177000,29
32,91,19.622000,33
32,92,23.059000,31
32,93,20.961000,30
32,94,9.165000,10
32,95,6.441000,8
32,96,5.708000,8
33,1,13.564000,17
33,2,16.249000,18
33,3,14.981000,18
33,4,19.286000,17
33,5,12.396000,13
33,6,10.844000,13
33,7,12.198000,13
33,8,12.692000,13
33,9,11.435000,13
33,10,13.422000,13
33,11,10.949000,9
33,12,12.012000,12
33,13,11.507000,14
33,14,20.355000,24
33,15,17.140000,21
33,16,25.399000,25
33,17,15.204000,21
33,18,10.604000,22
33,19,17.175000,24
33,20,19.438000,25
33,21,23.535000,26
33,22,18.588000,26
33,23,15.638000,25
33,24,10.617000,26
33,25,15.706000,25
33,26,20.766000,25
33,27,25.275000,26
33,28,17.968000,24
33,29,17.646000,27
33,30,11.724000,31
33,31,24.128000,28
33,32,19.011000,24
33,33,21.983000,23
33,34,20.112000,26
33,35,12.443000,22
33,36,8.861000,22
33,37,19.123000,24
33,38,18.800000,22
33,39,24.701000,24
33,40,19.900000,24
33,41,12.888000,24
33,42,9.731000,24
33,43,19.777000,24
33,44,19.534000,24
33,45,23.828000,24
33,46,19.457000,24
33,47,13.179000,24
33,48,9.897000,24
33,49,19.139000,25
33,50,23.182000,27
33,51,22.442000,24
33,52,18.422000,24
33,53,13.842000,25
33,54,10.035000,24
33,55,17.130000,24
33,56,20.932000,25
33,57,23.555000,25
33,58,21.293000,25
33,59,12.067000,24
33,60,5.731000,24
33,61,17.146000,23
33,62,17.173000,21
33,63,21.114000,22
33,64,12.135000,13
33,65,13.939000,16
33,66,10.893000,16
33,67,10.283000,13
33,68,12.457000,13
33,69,11.652000,12
33,70,9.092000,11
33,71,17.572000,15
33,72,13.707000,16
33,73,12.644000,15
33,74,9.354000,11
33,75,18.186000,22
33,76,14.630000,14
33,77,11.247000,14
33,78,14.669000,18
33,79,14.271000,17
33,80,12.624000,15
33,81,12.371000,15
33,82,22.983000,23
33,83,14.922000,15
33,84,18.369000,27
33,85,25.054000,33
33,86,24.939000,31
33,87,30.391000,34
33,88,17.548000,30
33,89,11.753000,31
33,90,2.044000,31
33,91,24.053000,31
33,92,23.830000,29
33,93,24.254000,30
33,94,8.502000,11
33,95,6.629000,8
33,96,5.367000,8
34,1,11.274000,17
34,2,12.465000,18
34,3,15.646000,18
34,4,12.640000,16
34,5,17.422000,23
34,6,9.586000,13
34,7,10.311000,13
34,8,9.744000,13
34,9,11.579000,13
34,10,10.652000,13
34,11,7.942000,9
34,12,8.722000,12
34,13,9.480000,12
34,14,11.337000,14
34,15,16.927000,24
34,16,14.505000,21
34,17,22.122000,27
34,18,12.766000,23
34,19,17.234000,23
34,20,16.757000,26
34,21,18.122000,24
34,22,18.615000,25
34,23,14.605000,26
34,24,14.611000,33
34,25,18.063000,27
34,26,19.490000,24
34,27,19.577000,23
34,28,18.937000,23
34,29,11.881000,23
34,30,10.387000,25
34,31,18.072000,25
34,32,15.310000,23
34,33,22.968000,26
34,34,14.835000,22
34,35,11.800000,22
34,36,13.087000,27
34,37,18.882000,24
34,38,18.803000,25
34,39,19.293000,24
34,40,18.676000,24
34,41,12.809000,24
34,42,9.578000,24
34,43,18.884000,24
34,44,18.710000,24
34,45,18.793000,24
34,46,19.218000,25
34,47,13.205000,25
34,48,10.356000,25
34,49,18.897000,24
34,50,22.002000,30
34,51,18.342000,24
34,52,18.657000,24
34,53,12.805000,25
34,54,9.536000,24
34,55,18.885000,24
34,56,16.870000,24
34,57,19.731000,25
34,58,21.507000,29
34,59,12.866000,24
34,60,9.488000,24
34,61,19.655000,25
34,62,19.518000,27
34,63,14.362000,19
34,64,12.981000,19
34,65,11.624000,19
34,66,8.403000,16
34,67,13.696000,18
34,68,9.459000,14
34,69,10.978000,13
34,70,13.903000,17
34,71,14.635000,17
34,72,14.316000,19
34,73,14.156000,16
34,74,8.251000,12
34,75,12.339000,13
34,76,10.110000,13
34,77,14.301000,18
34,78,18.071000,22
34,79,9.152000,13
34,80,11.294000,15
34,81,14.342000,23
34,82,11.297000,15
34,83,9.679000,12
34,84,17.061000,22
34,85,20.372000,31
34,86,19.846000,31
34,87,26.284000,32
34,88,15.320000,27
34,89,12.867000,29
34,90,7.587000,31
34,91,18.894000,29
34,92,25.852000,33
34,93,22.821000,31
34,94,20.057000,31
34,95,4.161000,8
34,96,4.409000,8
35,1,11.098000,17
35,2,12.572000,18
35,3,13.115000,19
35,4,14.377000,18
35,5,16.118000,23
35,6,8.815000,13
35,7,10.903000,13
35,8,9.066000,13
35,9,9.995000,13
35,10,9.652000,13
35,11,7.620000,9
35,12,9.951000,12
35,13,10.377000,12
35,14,9.600000,12
35,15,14.499000,17
35,16,16.802000,23
35,17,16.928000,24
35,18,16.553000,22
35,19,17.844000,25
35,20,17.925000,26
35,21,17.695000,24
35,22,17.736000,27
35,23,13.493000,23
35,24,10.719000,27
35,25,17.813000,27
35,26,19.137000,27
35,27,17.648000,23
35,28,15.050000,23
35,29,15.231000,24
35,30,12.834000,31
35,31,16.210000,23
35,32,17.857000,25
35,33,14.925000,21
35,34,16.092000,22
35,35,17.715000,24
35,36,13.299000,24
35,37,17.813000,24
35,38,16.953000,24
35,39,19.097000,24
35,40,15.438000,24
35,41,14.724000,24
35,42,11.067000,24
35,43,17.039000,24
35,44,16.694000,24
35,45,17.983000,24
35,46,16.798000,24
35,47,18.621000,25
35,48,11.609000,24
35,49,17.028000,24
35,50,17.286000,26
35,51,20.325000,24
35,52,16.927000,24
35,53,15.577000,25
35,54,9.159000,24
35,55,17.828000,24
35,56,17.395000,24
35,57,20.013000,25
35,58,17.953000,24
35,59,15.794000,24
35,60,6.947000,24
35,61,17.860000,24
35,62,15.749000,24
35,63,19.326000,24
35,64,19.372000,28
35,65,15.198000,26
35,66,8.393000,18
35,67,11.506000,17
35,68,13.763000,18
35,69,10.316000,13
35,70,12.748000,17
35,71,16.622000,23
35,72,13.995000,18
35,73,15.501000,20
35,74,14.992000,19
35,75,11.155000,14
35,76,14.347000,18
35,77,13.998000,19
35,78,12.043000,17
35,79,13.499000,17
35,80,16.584000,21
35,81,11.808000,15
35,82,17.657000,24
35,83,17.941000,22
35,84,15.552000,25
35,85,19.979000,33
35,86,22.452000,35
35,87,23.827000,31
35,88,22.979000,33
35,89,10.737000,28
35,90,2.290000,30
35,91,18.658000,28
35,92,22.398000,28
35,93,23.075000,31
35,94,18.421000,30
35,95,5.447000,8
35,96,6.501000,8
36,1,12.771000,17
36,2,14.546000,18
36,3,13.872000,18
36,4,17.358000,20
36,5,19.513000,27
36,6,11.799000,19
36,7,15.129000,19
36,8,13.118000,19
36,9,9.362000,10
36,10,11.411000,13
36,11,7.114000,9
36,12,10.527000,14
36,13,10.990000,14
36,14,14.902000,19
36,15,14.791000,18
36,16,13.449000,14
36,17,18.544000,23
36,18,16.499000,25
36,19,18.114000,23
36,20,19.024000,26
36,21,20.987000,26
36,22,15.477000,23
36,23,17.600000,29
36,24,10.645000,24
36,25,19.481000,28
36,26,18.006000,22
36,27,15.851000,23
36,28,20.864000,29
36,29,14.554000,25
36,30,10.384000,24
36,31,19.510000,26
36,32,19.399000,24
36,33,14.358000,21
36,34,16.473000,22
36,35,16.001000,23
36,36,12.592000,23
36,37,15.122000,22
36,38,17.083000,23
36,39,20.625000,28
36,40,17.919000,24
36,41,18.205000,23
36,42,11.218000,24
36,43,18.814000,25
36,44,18.210000,26
36,45,15.227000,23
36,46,17.602000,25
36,47,17.708000,25
36,48,10.669000,24
36,49,19.502000,27
36,50,18.197000,25
36,51,19.740000,26
36,52,21.442000,30
36,53,15.399000,26
36,54,8.791000,27
36,55,20.932000,28
36,56,20.883000,26
36,57,23.026000,29
36,58,20.390000,27
36,59,17.181000,27
36,60,2.912000,23
36,61,17.400000,23
36,62,19.048000,23
36,63,16.948000,23
36,64,18.575000,24
36,65,15.051000,21
36,66,10.224000,16
36,67,14.439000,18
36,68,13.408000,16
36,69,12.243000,17
36,70,13.768000,18
36,71,16.334000,21
36,72,11.460000,17
36,73,13.517000,17
36,74,12.850000,16
36,75,9.317000,10
36,76,15.043000,17
36,77,20.421000,24
36,78,13.367000,16
36,79,15.930000,22
36,80,17.649000,25
36,81,18.757000,24
36,82,19.731000,23
36,83,16.892000,24
36,84,12.917000,25
36,85,20.367000,31
36,86,21.729000,31
36,87,20.026000,29
36,88,18.424000,29
36,89,15.181000,28
36,90,9.696000,32
36,91,20.941000,30
36,92,25.669000,31
36,93,26.618000,33
36,94,20.363000,32
36,95,4.262000,8
36,96,4.264000,8
37,1,11.899000,17
37,2,13.132000,18
37,3,13.562000,18
37,4,11.737000,17
37,5,15.760000,21
37,6,14.415000,18
37,7,13.718000,18
37,8,12.967000,19
37,9,13.314000,19
37,10,9.855000,13
37,11,11.758000,15
37,12,10.922000,14
37,13,13.049000,16
37,14,12.957000,18
37,15,15.391000,18
37,16,11.999000,14
37,17,11.656000,14
37,18,15.187000,19
37,19,18.969000,23
37,20,19.337000,25
37,21,17.770000,26
37,22,19.020000,27
37,23,14.699000,27
37,24,11.638000,31
37,25,18.178000,29
37,26,18.329000,27
37,27,17.334000,27
37,28,19.972000,26
37,29,14.743000,27
37,30,9.152000,25
37,31,18.231000,24
37,32,16.125000,21
37,33,16.205000,21
37,34,17.343000,22
37,35,14.655000,22
37,36,12.388000,23
37,37,18.968000,22
37,38,20.012000,25
37,39,17.179000,24
37,40,19.976000,24
37,41,12.998000,23
37,42,10.384000,23
37,43,18.969000,25
37,44,20.005000,25
37,45,17.374000,24
37,46,20.931000,25
37,47,13.631000,24
37,48,7.249000,24
37,49,20.050000,27
37,50,17.900000,25
37,51,18.318000,27
37,52,21.242000,27
37,53,14.868000,26
37,54,10.503000,26
37,55,18.968000,26
37,56,20.616000,27
37,57,17.044000,23
37,58,17.635000,25
37,59,14.845000,23
37,60,11.032000,23
37,61,18.234000,23
37,62,17.671000,23
37,63,15.568000,23
37,64,15.746000,23
37,65,16.796000,23
37,66,11.009000,22
37,67,13.718000,20
37,68,16.860000,23
37,69,13.269000,18
37,70,10.559000,16
37,71,13.212000,17
37,72,16.722000,20
37,73,12.359000,17
37,74,11.610000,17
37,75,12.365000,17
37,76,14.307000,18
37,77,17.057000,21
37,78,15.615000,22
37,79,17.523000,22
37,80,17.767000,23
37,81,16.738000,22
37,82,17.022000,22
37,83,15.852000,24
37,84,13.772000,24
37,85,24.582000,37
37,86,23.191000,32
37,87,21.119000,30
37,88,18.252000,30
37,89,15.050000,31
37,90,4.276000,33
37,91,20.117000,32
37,92,22.869000,31
37,93,24.815000,33
37,94,21.961000,34
37,95,5.228000,8
37,96,4.133000,8
38,1,12.185000,17
38,2,14.146000,18
38,3,12.415000,18
38,4,12.803000,17
38,5,16.476000,22
38,6,14.274000,18
38,7,13.342000,18
38,8,16.717000,19
38,9,8.324000,10
38,10,11.446000,13
38,11,12.215000,14
38,12,9.661000,14
38,13,12.821000,16
38,14,15.797000,18
38,15,14.887000,18
38,16,9.991000,14
38,17,12.918000,15
38,18,10.222000,13
38,19,12.017000,16
38,20,17.289000,22
38,21,20.973000,29
38,22,20.809000,29
38,23,20.065000,31
38,24,12.682000,30
38,25,22.227000,33
38,26,22.108000,33
38,27,20.638000,28
38,28,20.151000,29
38,29,13.841000,25
38,30,5.177000,14
38,31,11.506000,15
38,32,18.132000,22
38,33,16.954000,22
38,34,17.798000,22
38,35,18.125000,23
38,36,15.053000,23
38,37,20.055000,27
38,38,16.803000,22
38,39,17.341000,24
38,40,18.173000,25
38,41,14.495000,23
38,42,11.739000,23
38,43,18.147000,23
38,44,17.409000,23
38,45,18.773000,24
38,46,21.125000,28
38,47,14.806000,24
38,48,11.838000,23
38,49,18.860000,25
38,50,19.837000,26
38,51,18.718000,26
38,52,17.433000,26
38,53,14.510000,26
38,54,11.390000,25
38,55,20.070000,28
38,56,18.908000,26
38,57,18.030000,26
38,58,19.240000,25
38,59,15.951000,25
38,60,6.977000,23
38,61,18.730000,24
38,62,18.717000,23
38,63,19.056000,23
38,64,19.997000,23
38,65,14.465000,23
38,66,11.749000,23
38,67,16.738000,23
38,68,14.598000,20
38,69,12.710000,17
38,70,13.447000,16
38,71,13.644000,18
38,72,15.705000,19
38,73,12.816000,16
38,74,15.777000,17
38,75,14.318000,17
38,76,14.621000,17
38,77,23.187000,25
38,78,14.365000,23
38,79,18.202000,22
38,80,18.165000,22
38,81,15.902000,23
38,82,17.614000,24
38,83,16.131000,24
38,84,13.201000,24
38,85,24.929000,36
38,86,20.724000,32
38,87,21.139000,29
38,88,17.920000,30
38,89,15.876000,31
38,90,6.056000,32
38,91,24.519000,34
38,92,25.799000,34
38,93,25.579000,34
38,94,17.846000,32
38,95,5.219000,8
38,96,4.382000,8
39,1,12.073000,17
39,2,13.773000,18
39,3,18.087000,18
39,4,19.556000,17
39,5,15.920000,19
39,6,17.336000,18
39,7,13.370000,18
39,8,15.205000,19
39,9,20.523000,20
39,10,14.832000,13
39,11,12.936000,14
39,12,12.159000,14
39,13,13.362000,16
39,14,13.879000,18
39,15,17.235000,18
39,16,15.274000,14
39,17,11.804000,12
39,18,13.730000,13
39,19,10.783000,16
39,20,10.996000,14
39,21,26.287000,27
39,22,27.181000,32
39,23,25.599000,30
39,24,20.161000,32
39,25,20.109000,32
39,26,26.831000,31
39,27,31.897000,33
39,28,22.439000,30
39,29,17.617000,25
39,30,4.145000,16
39,31,10.809000,15
39,32,19.067000,22
39,33,25.037000,23
39,34,22.296000,22
39,35,21.194000,23
39,36,18.665000,23
39,37,16.770000,23
39,38,20.290000,23
39,39,21.977000,24
39,40,23.976000,24
39,41,19.538000,23
39,42,16.051000,23
39,43,18.146000,23
39,44,21.484000,24
39,45,26.178000,24
39,46,24.167000,24
39,47,19.328000,23
39,48,14.243000,25
39,49,18.152000,26
39,50,23.763000,25
39,51,25.308000,26
39,52,24.212000,26
39,53,22.765000,25
39,54,8.582000,29
39,55,18.750000,26
39,56,25.218000,27
39,57,22.704000,25
39,58,25.715000,24
39,59,21.025000,24
39,60,12.161000,23
39,61,17.422000,23
39,62,24.895000,25
39,63,23.450000,24
39,64,22.382000,23
39,65,22.447000,25
39,66,13.611000,25
39,67,23.038000,29
39,68,23.096000,23
39,69,15.900000,17
39,70,15.604000,17
39,71,18.268000,19
39,72,15.772000,19
39,73,11.945000,17
39,74,13.282000,18
39,75,15.545000,17
39,76,20.394000,21
39,77,36.780000,38
39,78,19.417000,23
39,79,18.176000,23
39,80,19.091000,22
39,81,22.125000,22
39,82,22.951000,22
39,83,17.502000,23
39,84,18.885000,25
39,85,23.076000,33
39,86,25.965000,30
39,87,26.680000,31
39,88,25.649000,30
39,89,18.979000,31
39,90,8.032000,30
39,91,20.717000,32
39,92,23.188000,31
39,93,24.988000,31
39,94,27.149000,31
39,95,7.988000,8
39,96,8.388000,8
40,1,15.888000,17
40,2,14.736000,18
40,3,19.009000,20
40,4,15.613000,17
40,5,15.225000,18
40,6,16.868000,18
40,7,20.169000,18
40,8,16.620000,19
40,9,12.837000,10
40,10,13.008000,13
40,11,13.163000,14
40,12,13.349000,14
40,13,17.324000,16
40,14,16.990000,18
40,15,16.757000,18
40,16,12.456000,14
40,17,11.743000,14
40,18,13.638000,13
40,19,13.618000,16
40,20,16.796000,18
40,21,28.497000,27
40,22,29.474000,31
40,23,25.165000,31
40,24,16.867000,32
40,25,27.897000,31
40,26,31.874000,35
40,27,31.977000,32
40,28,23.578000,33
40,29,13.234000,24
40,30,3.756000,16
40,31,22.244000,21
40,32,20.574000,21
40,33,19.166000,21
40,34,21.605000,22
40,35,20.439000,22
40,36,16.076000,22
40,37,21.341000,22
40,38,22.027000,24
40,39,22.265000,24
40,40,22.519000,24
40,41,18.833000,23
40,42,14.707000,23
40,43,21.300000,23
40,44,20.920000,23
40,45,24.761000,24
40,46,29.563000,34
40,47,19.570000,24
40,48,10.966000,24
40,49,23.642000,26
40,50,24.567000,26
40,51,21.218000,26
40,52,24.267000,26
40,53,20.238000,26
40,54,14.328000,26
40,55,23.658000,25
40,56,22.305000,26
40,57,23.011000,26
40,58,30.466000,30
40,59,24.752000,30
40,60,7.702000,23
40,61,22.261000,24
40,62,21.607000,23
40,63,22.393000,23
40,64,23.920000,23
40,65,18.807000,23
40,66,14.389000,23
40,67,22.262000,23
40,68,25.230000,25
40,69,17.388000,17
40,70,16.980000,17
40,71,15.392000,18
40,72,12.752000,18
40,73,19.306000,20
40,74,17.446000,18
40,75,19.514000,18
40,76,21.371000,21
40,77,22.217000,23
40,78,19.509000,23
40,79,22.233000,23
40,80,20.330000,22
40,81,22.308000,22
40,82,21.583000,23
40,83,14.618000,20
40,84,18.318000,25
40,85,24.223000,28
40,86,27.533000,33
40,87,27.622000,32
40,88,25.008000,30
40,89,19.014000,30
40,90,8.183000,33
40,91,28.928000,33
40,92,25.097000,28
40,93,26.840000,31
40,94,24.109000,31
40,95,6.907000,8
40,96,7.581000,8
41,1,15.543000,17
41,2,15.132000,17
41,3,18.182000,18
41,4,16.158000,17
41,5,16.151000,18
41,6,17.837000,18
41,7,19.204000,18
41,8,17.640000,19
41,9,20.273000,20
41,10,14.990000,13
41,11,14.174000,15
41,12,14.129000,14
41,13,16.138000,17
41,14,18.907000,18
41,15,18.277000,18
41,16,14.569000,14
41,17,12.385000,14
41,18,13.346000,13
41,19,14.263000,16
41,20,16.522000,18
41,21,22.550000,23
41,22,28.703000,33
41,23,26.802000,32
41,24,18.608000,30
41,25,26.800000,31
41,26,28.802000,31
41,27,25.088000,32
41,28,30.117000,37
41,29,12.684000,21
41,30,9.465000,17
41,31,10.636000,15
41,32,20.306000,21
41,33,21.118000,22
41,34,22.089000,23
41,35,21.732000,22
41,36,18.584000,23
41,37,24.545000,23
41,38,25.064000,25
41,39,25.864000,24
41,40,24.655000,28
41,41,18.502000,23
41,42,12.939000,23
41,43,25.452000,23
41,44,23.573000,24
41,45,22.498000,25
41,46,22.437000,24
41,47,19.191000,24
41,48,13.417000,24
41,49,25.436000,26
41,50,26.999000,26
41,51,27.068000,29
41,52,26.451000,28
41,53,20.104000,26
41,54,7.207000,29
41,55,28.240000,28
41,56,24.730000,26
41,57,26.097000,26
41,58,20.260000,25
41,59,21.330000,29
41,60,11.551000,23
41,61,23.936000,23
41,62,23.808000,23
41,63,21.856000,23
41,64,25.400000,24
41,65,17.175000,20
41,66,17.036000,24
41,67,27.608000,27
41,68,24.437000,26
41,69,19.483000,18
41,70,16.787000,17
41,71,15.132000,18
41,72,14.154000,18
41,73,18.427000,18
41,74,16.023000,17
41,75,16.254000,18
41,76,21.489000,23
41,77,18.334000,20
41,78,20.808000,23
41,79,25.461000,23
41,80,23.575000,22
41,81,23.354000,22
41,82,20.926000,22
41,83,17.459000,21
41,84,17.398000,26
41,85,27.582000,29
41,86,25.895000,32
41,87,27.123000,31
41,88,21.438000,28
41,89,18.612000,30
41,90,10.326000,31
41,91,28.245000,32
41,92,36.132000,34
41,93,31.319000,33
41,94,22.849000,31
41,95,5.899000,8
41,96,4.055000,8
42,1,14.515000,17
42,2,18.333000,18
42,3,17.072000,18
42,4,15.809000,17
42,5,20.427000,18
42,6,17.611000,20
42,7,15.128000,18
42,8,19.403000,19
42,9,11.150000,10
42,10,11.671000,13
42,11,14.362000,15
42,12,15.134000,14
42,13,18.166000,16
42,14,16.304000,17
42,15,16.915000,18
42,16,14.599000,14
42,17,13.080000,14
42,18,13.319000,13
42,19,12.611000,16
42,20,20.985000,22
42,21,26.139000,29
42,22,27.690000,30
42,23,22.503000,30
42,24,17.801000,32
42,25,32.049000,32
42,26,28.606000,34
42,27,26.024000,31
42,28,24.805000,32
42,29,17.887000,27
42,30,3.507000,16
42,31,23.286000,21
42,32,20.130000,21
42,33,21.303000,22
42,34,20.160000,22
42,35,19.883000,22
42,36,16.378000,25
42,37,22.424000,22
42,38,21.431000,23
42,39,23.537000,24
42,40,22.755000,25
42,41,16.878000,23
42,42,14.393000,23
42,43,19.705000,23
42,44,23.294000,24
42,45,21.477000,24
42,46,35.531000,32
42,47,17.137000,24
42,48,12.504000,24
42,49,24.218000,26
42,50,25.090000,26
42,51,28.895000,28
42,52,25.841000,26
42,53,16.567000,26
42,54,8.860000,26
42,55,24.218000,26
42,56,25.858000,26
42,57,25.044000,25
42,58,29.319000,33
42,59,15.229000,23
42,60,9.180000,23
42,61,28.306000,29
42,62,21.413000,23
42,63,21.627000,23
42,64,22.721000,23
42,65,19.371000,23
42,66,16.056000,24
42,67,21.787000,24
42,68,24.044000,28
42,69,14.393000,16
42,70,14.990000,17
42,71,16.129000,18
42,72,15.573000,18
42,73,15.110000,17
42,74,16.842000,18
42,75,17.181000,18
42,76,19.316000,19
42,77,21.505000,23
42,78,17.438000,23
42,79,21.832000,23
42,80,23.233000,23
42,81,22.940000,24
42,82,21.882000,22
42,83,15.608000,20
42,84,15.176000,21
42,85,24.901000,29
42,86,27.586000,32
42,87,25.375000,30
42,88,22.225000,29
42,89,25.065000,32
42,90,9.285000,31
42,91,27.209000,31
42,92,31.477000,31
42,93,29.907000,32
42,94,29.004000,34
42,95,5.362000,8
42,96,5.400000,8
43,1,16.397000,17
43,2,16.750000,18
43,3,16.242000,18
43,4,19.229000,19
43,5,19.821000,18
43,6,20.146000,19
43,7,18.359000,18
43,8,19.483000,19
43,9,21.840000,20
43,10,12.732000,13
43,11,17.255000,15
43,12,17.393000,14
43,13,17.487000,16
43,14,19.379000,18
43,15,23.278000,20
43,16,14.385000,14
43,17,16.230000,14
43,18,18.255000,13
43,19,14.831000,16
43,20,23.299000,24
43,21,25.371000,28
43,22,29.709000,36
43,23,32.436000,36
43,24,9.118000,31
43,25,26.164000,28
43,26,33.104000,31
43,27,29.297000,31
43,28,28.208000,34
43,29,12.105000,22
43,30,5.124000,17
43,31,15.410000,15
43,32,22.053000,23
43,33,21.334000,22
43,34,22.540000,22
43,35,25.481000,24
43,36,18.625000,23
43,37,20.075000,23
43,38,22.548000,23
43,39,23.236000,24
43,40,24.799000,28
43,41,24.315000,23
43,42,16.354000,23
43,43,21.992000,23
43,44,22.174000,24
43,45,24.132000,24
43,46,23.118000,24
43,47,25.679000,24
43,48,13.490000,24
43,49,23.725000,28
43,50,24.590000,27
43,51,26.983000,27
43,52,29.829000,26
43,53,23.621000,28
43,54,8.366000,28
43,55,28.127000,28
43,56,23.975000,26
43,57,24.087000,25
43,58,29.024000,28
43,59,19.716000,23
43,60,12.342000,23
43,61,19.219000,23
43,62,23.469000,23
43,63,20.336000,23
43,64,20.163000,23
43,65,25.128000,23
43,66,19.203000,23
43,67,22.940000,23
43,68,17.932000,20
43,69,16.638000,18
43,70,15.409000,18
43,71,16.451000,18
43,72,21.318000,18
43,73,22.904000,19
43,74,18.554000,18
43,75,16.633000,18
43,76,19.879000,19
43,77,26.259000,23
43,78,18.708000,23
43,79,23.707000,23
43,80,20.595000,22
43,81,20.267000,22
43,82,19.787000,22
43,83,28.456000,26
43,84,15.547000,25
43,85,21.001000,24
43,86,22.518000,29
43,87,23.970000,29
43,88,21.250000,28
43,89,30.735000,33
43,90,16.510000,32
43,91,27.086000,31
43,92,26.307000,31
43,93,28.356000,32
43,94,28.227000,31
43,95,8.666000,8
43,96,7.530000,8
44,1,16.079000,19
44,2,16.073000,18
44,3,24.220000,22
44,4,17.971000,19
44,5,15.373000,18
44,6,17.691000,20
44,7,16.726000,18
44,8,16.878000,19
44,9,11.543000,10
44,10,13.044000,13
44,11,14.967000,15
44,12,14.019000,14
44,13,15.984000,16
44,14,18.391000,17
44,15,21.127000,20
44,16,13.425000,14
44,17,15.056000,14
44,18,11.281000,13
44,19,14.606000,16
44,20,23.906000,25
44,21,26.843000,28
44,22,26.468000,30
44,23,21.288000,29
44,24,14.124000,32
44,25,25.393000,32
44,26,29.873000,34
44,27,26.819000,32
44,28,26.409000,31
44,29,14.664000,24
44,30,6.674000,16
44,31,19.552000,21
44,32,18.770000,21
44,33,22.576000,22
44,34,22.238000,22
44,35,21.109000,22
44,36,15.867000,22
44,37,21.702000,22
44,38,21.319000,23
44,39,22.559000,24
44,40,23.341000,25
44,41,18.073000,23
44,42,11.920000,23
44,43,20.914000,23
44,44,22.245000,24
44,45,23.102000,24
44,46,26.650000,25
44,47,20.851000,24
44,48,12.279000,24
44,49,22.542000,26
44,50,23.393000,26
44,51,29.236000,28
44,52,26.687000,29
44,53,20.327000,28
44,54,7.195000,28
44,55,29.456000,31
44,56,25.545000,26
44,57,25.593000,26
44,58,26.976000,29
44,59,13.664000,23
44,60,7.439000,23
44,61,21.699000,23
44,62,23.363000,24
44,63,24.844000,23
44,64,20.896000,23
44,65,18.335000,23
44,66,13.244000,23
44,67,22.528000,25
44,68,17.659000,20
44,69,14.666000,18
44,70,16.679000,17
44,71,16.003000,18
44,72,13.633000,17
44,73,15.079000,17
44,74,16.724000,18
44,75,20.521000,20
44,76,15.149000,16
44,77,22.433000,23
44,78,18.566000,23
44,79,22.530000,22
44,80,22.085000,23
44,81,20.995000,22
44,82,20.066000,23
44,83,20.461000,23
44,84,11.199000,20
44,85,22.535000,25
44,86,27.307000,32
44,87,23.945000,28
44,88,21.384000,27
44,89,22.226000,32
44,90,11.522000,33
44,91,25.416000,31
44,92,23.038000,28
44,93,27.726000,30
44,94,25.348000,29
44,95,7.851000,8
44,96,6.501000,8
45,1,16.584000,17
45,2,17.502000,17
45,3,19.773000,19
45,4,14.624000,17
45,5,16.051000,19
45,6,18.476000,18
45,7,15.718000,18
45,8,18.221000,19
45,9,18.847000,20
45,10,13.229000,13
45,11,14.263000,15
45,12,13.230000,13
45,13,15.721000,16
45,14,17.566000,18
45,15,19.850000,18
45,16,14.790000,14
45,17,14.493000,14
45,18,15.273000,13
45,19,14.855000,16
45,20,20.760000,24
45,21,25.770000,30
45,22,23.842000,30
45,23,22.577000,27
45,24,16.977000,28
45,25,21.091000,27
45,26,26.128000,31
45,27,22.097000,28
45,28,28.273000,33
45,29,20.525000,27
45,30,8.361000,16
45,31,14.192000,15
45,32,19.923000,21
45,33,22.603000,23
45,34,20.704000,23
45,35,22.426000,23
45,36,18.211000,23
45,37,36.060000,34
45,38,20.595000,23
45,39,26.943000,27
45,40,22.156000,25
45,41,15.217000,23
45,42,8.620000,23
45,43,22.203000,24
45,44,23.137000,25
45,45,24.209000,25
45,46,29.696000,32
45,47,18.978000,24
45,48,9.642000,24
45,49,22.958000,26
45,50,23.657000,25
45,51,23.137000,26
45,52,25.118000,26
45,53,20.224000,27
45,54,11.308000,26
45,55,25.500000,28
45,56,22.014000,26
45,57,22.755000,28
45,58,23.743000,25
45,59,20.159000,23
45,60,12.061000,23
45,61,20.050000,23
45,62,19.634000,22
45,63,22.634000,23
45,64,21.384000,23
45,65,21.514000,23
45,66,15.948000,23
45,67,17.818000,23
45,68,18.421000,20
45,69,17.456000,18
45,70,14.334000,17
45,71,14.669000,18
45,72,19.715000,19
45,73,15.715000,17
45,74,17.597000,18
45,75,19.879000,19
45,76,14.421000,18
45,77,19.195000,23
45,78,21.106000,22
45,79,22.934000,22
45,80,20.828000,22
45,81,18.923000,22
45,82,20.626000,23
45,83,22.398000,22
45,84,17.848000,23
45,85,22.207000,25
45,86,25.159000,31
45,87,22.655000,31
45,88,21.813000,28
45,89,25.351000,32
45,90,10.733000,31
45,91,24.705000,29
45,92,22.921000,30
45,93,23.644000,30
45,94,26.001000,29
45,95,8.277000,8
45,96,7.455000,8
46,1,15.180000,17
46,2,17.227000,18
46,3,15.347000,18
46,4,13.959000,17
46,5,14.828000,18
46,6,14.533000,14
46,7,15.854000,15
46,8,13.546000,15
46,9,15.491000,14
46,10,12.842000,12
46,11,14.887000,16
46,12,13.887000,15
46,13,17.211000,17
46,14,10.401000,12
46,15,14.875000,14
46,16,12.326000,13
46,17,14.153000,17
46,18,13.069000,14
46,19,11.558000,13
46,20,20.227000,23
46,21,26.823000,32
46,22,34.824000,42
46,23,22.572000,33
46,24,15.493000,36
46,25,28.767000,34
46,26,27.033000,34
46,27,30.630000,32
46,28,23.988000,32
46,29,15.718000,26
46,30,5.719000,25
46,31,22.636000,24
46,32,21.811000,22
46,33,22.856000,23
46,34,19.601000,23
46,35,17.621000,22
46,36,17.435000,24
46,37,21.984000,24
46,38,26.512000,27
46,39,22.380000,27
46,40,22.535000,24
46,41,18.059000,24
46,42,13.535000,23
46,43,22.684000,24
46,44,22.618000,24
46,45,22.545000,23
46,46,18.486000,23
46,47,19.646000,23
46,48,15.319000,27
46,49,21.987000,25
46,50,22.485000,25
46,51,24.990000,25
46,52,23.841000,25
46,53,19.273000,26
46,54,13.771000,27
46,55,26.131000,28
46,56,24.810000,25
46,57,22.841000,25
46,58,21.393000,22
46,59,18.735000,24
46,60,15.737000,29
46,61,20.944000,23
46,62,24.123000,23
46,63,21.072000,23
46,64,22.451000,23
46,65,16.842000,22
46,66,15.768000,23
46,67,20.959000,21
46,68,16.207000,17
46,69,15.536000,16
46,70,17.770000,18
46,71,15.674000,18
46,72,15.107000,18
46,73,18.756000,18
46,74,17.248000,18
46,75,17.926000,18
46,76,15.239000,17
46,77,17.553000,20
46,78,19.724000,24
46,79,19.566000,20
46,80,24.454000,23
46,81,20.680000,23
46,82,20.251000,23
46,83,22.567000,25
46,84,9.537000,10
46,85,22.650000,26
46,86,23.496000,32
46,87,26.169000,32
46,88,22.049000,29
46,89,22.066000,31
46,90,11.423000,31
46,91,27.039000,31
46,92,29.067000,33
46,93,30.584000,32
46,94,23.078000,32
46,95,6.964000,8
46,96,6.822000,8
47,1,13.681000,17
47,2,16.963000,18
47,3,12.854000,18
47,4,17.114000,17
47,5,18.217000,18
47,6,15.216000,14
47,7,12.768000,15
47,8,13.164000,14
47,9,11.067000,14
47,10,8.582000,12
47,11,11.979000,15
47,12,12.849000,14
47,13,14.424000,17
47,14,11.011000,12
47,15,11.150000,14
47,16,11.957000,13
47,17,15.285000,17
47,18,13.840000,13
47,19,12.857000,14
47,20,19.040000,24
47,21,22.690000,32
47,22,31.627000,36
47,23,24.612000,32
47,24,12.192000,36
47,25,23.790000,33
47,26,24.540000,34
47,27,32.469000,37
47,28,23.362000,30
47,29,19.537000,35
47,30,3.523000,24
47,31,15.138000,20
47,32,17.567000,21
47,33,18.865000,23
47,34,31.968000,29
47,35,20.659000,24
47,36,14.750000,24
47,37,18.075000,24
47,38,22.612000,25
47,39,19.085000,25
47,40,25.225000,24
47,41,20.468000,24
47,42,13.905000,24
47,43,18.746000,23
47,44,19.358000,24
47,45,19.843000,25
47,46,23.285000,22
47,47,18.255000,22
47,48,15.234000,23
47,49,20.822000,26
47,50,20.696000,25
47,51,19.436000,25
47,52,27.766000,27
47,53,21.617000,27
47,54,12.100000,27
47,55,22.122000,27
47,56,20.256000,26
47,57,23.319000,27
47,58,20.929000,25
47,59,21.533000,28
47,60,9.631000,23
47,61,16.463000,23
47,62,19.142000,23
47,63,17.401000,23
47,64,24.480000,23
47,65,23.945000,23
47,66,14.138000,23
47,67,20.621000,24
47,68,14.087000,18
47,69,12.942000,18
47,70,13.574000,18
47,71,18.172000,18
47,72,16.387000,18
47,73,15.114000,18
47,74,15.497000,18
47,75,12.956000,18
47,76,11.701000,17
47,77,31.011000,30
47,78,20.898000,23
47,79,15.122000,20
47,80,18.353000,23
47,81,17.216000,23
47,82,19.721000,23
47,83,23.923000,23
47,84,18.672000,22
47,85,21.482000,28
47,86,20.595000,31
47,87,23.146000,32
47,88,26.374000,29
47,89,22.394000,30
47,90,12.218000,32
47,91,24.440000,31
47,92,22.441000,32
47,93,26.294000,30
47,94,27.843000,29
47,95,6.409000,8
47,96,7.440000,8
48,1,16.550000,17
48,2,18.993000,20
48,3,14.307000,18
48,4,12.493000,16
48,5,13.728000,18
48,6,9.437000,11
48,7,12.638000,11
48,8,14.525000,14
48,9,12.217000,14
48,10,9.331000,12
48,11,10.967000,14
48,12,12.085000,15
48,13,20.439000,17
48,14,10.885000,12
48,15,12.039000,14
48,16,12.350000,13
48,17,12.895000,17
48,18,10.973000,16
48,19,18.712000,17
48,20,18.617000,26
48,21,23.954000,34
48,22,23.529000,31
48,23,19.805000,33
48,24,9.481000,33
48,25,32.648000,34
48,26,30.427000,36
48,27,26.608000,35
48,28,18.551000,32
48,29,7.757000,31
48,30,1.866000,24
48,31,24.796000,25
48,32,17.260000,21
48,33,19.462000,23
48,34,19.971000,24
48,35,17.990000,27
48,36,10.512000,24
48,37,26.340000,24
48,38,19.546000,24
48,39,15.608000,24
48,40,19.284000,24
48,41,15.720000,24
48,42,11.897000,24
48,43,25.764000,24
48,44,20.702000,24
48,45,15.602000,23
48,46,17.174000,22
48,47,15.785000,25
48,48,12.208000,25
48,49,28.485000,27
48,50,19.290000,26
48,51,22.208000,25
48,52,17.743000,26
48,53,17.821000,29
48,54,8.955000,29
48,55,26.362000,25
48,56,19.528000,25
48,57,16.962000,22
48,58,19.134000,25
48,59,16.983000,30
48,60,11.358000,24
48,61,24.795000,23
48,62,17.856000,23
48,63,19.492000,23
48,64,17.971000,23
48,65,15.214000,23
48,66,13.066000,23
48,67,25.617000,24
48,68,14.989000,19
48,69,15.595000,18
48,70,14.920000,18
48,71,14.810000,18
48,72,11.518000,18
48,73,18.523000,18
48,74,14.497000,18
48,75,16.637000,19
48,76,15.045000,19
48,77,23.040000,27
48,78,12.776000,21
48,79,23.871000,20
48,80,18.898000,23
48,81,20.085000,23
48,82,18.487000,23
48,83,14.517000,21
48,84,6.092000,10
48,85,24.180000,27
48,86,23.268000,34
48,87,22.188000,31
48,88,18.717000,30
48,89,16.517000,31
48,90,9.689000,33
48,91,28.633000,33
48,92,21.480000,31
48,93,21.839000,30
48,94,20.074000,29
48,95,7.005000,8
48,96,4.998000,8
49,1,12.908000,17
49,2,12.434000,18
49,3,16.224000,19
49,4,12.047000,16
49,5,12.934000,18
49,6,8.134000,11
49,7,10.638000,11
49,8,11.062000,14
49,9,10.740000,14
49,10,8.601000,12
49,11,11.240000,14
49,12,11.014000,14
49,13,13.053000,17
49,14,8.571000,12
49,15,11.711000,14
49,16,10.898000,13
49,17,12.449000,17
49,18,10.386000,13
49,19,13.746000,20
49,20,18.605000,27
49,21,23.577000,33
49,22,19.134000,31
49,23,16.433000,33
49,24,12.014000,36
49,25,22.331000,30
49,26,22.056000,34
49,27,22.641000,33
49,28,22.193000,33
49,29,14.272000,36
49,30,1.945000,23
49,31,18.033000,25
49,32,16.499000,22
49,33,16.670000,23
49,34,17.411000,23
49,35,15.008000,25
49,36,14.825000,26
49,37,15.801000,24
49,38,17.711000,27
49,39,20.435000,24
49,40,17.216000,24
49,41,15.122000,24
49,42,10.368000,24
49,43,18.925000,24
49,44,17.083000,24
49,45,19.457000,23
49,46,16.601000,22
49,47,12.412000,23
49,48,14.253000,25
49,49,17.663000,25
49,50,19.285000,27
49,51,19.948000,26
49,52,17.587000,27
49,53,15.635000,26
49,54,13.268000,28
49,55,18.033000,26
49,56,16.482000,25
49,57,19.170000,25
49,58,17.706000,22
49,59,22.080000,34
49,60,8.044000,25
49,61,15.672000,23
49,62,16.958000,23
49,63,18.634000,24
49,64,14.162000,23
49,65,15.556000,24
49,66,13.063000,23
49,67,13.594000,21
49,68,12.896000,18
49,69,11.950000,18
49,70,16.009000,18
49,71,13.366000,18
49,72,11.574000,18
49,73,14.361000,18
49,74,13.354000,18
49,75,12.752000,19
49,76,13.918000,19
49,77,19.178000,29
49,78,13.446000,23
49,79,15.288000,20
49,80,16.295000,20
49,81,15.688000,22
49,82,16.781000,23
49,83,15.021000,23
49,84,12.207000,22
49,85,21.784000,30
49,86,20.788000,31
49,87,23.540000,34
49,88,18.224000,31
49,89,16.151000,32
49,90,4.445000,31
49,91,23.970000,35
49,92,26.319000,35
49,93,19.582000,30
49,94,18.126000,29
49,95,5.369000,8
49,96,4.595000,8
50,1,13.212000,17
50,2,13.180000,18
50,3,14.912000,19
50,4,12.557000,17
50,5,13.624000,18
50,6,7.306000,11
50,7,7.550000,11
50,8,10.625000,14
50,9,10.276000,14
50,10,9.522000,12
50,11,9.492000,14
50,12,12.494000,15
50,13,12.605000,17
50,14,10.120000,12
50,15,12.974000,14
50,16,10.601000,13
50,17,14.093000,17
50,18,10.178000,15
50,19,17.145000,24
50,20,20.671000,29
50,21,19.982000,32
50,22,17.332000,29
50,23,17.252000,33
50,24,9.892000,34
50,25,23.203000,34
50,26,20.424000,30
50,27,20.413000,33
50,28,24.081000,33
50,29,14.393000,35
50,30,2.550000,22
50,31,13.651000,21
50,32,17.214000,22
50,33,13.670000,20
50,34,16.746000,23
50,35,16.668000,25
50,36,15.056000,24
50,37,17.955000,23
50,38,18.170000,24
50,39,19.367000,23
50,40,19.704000,25
50,41,14.352000,24
50,42,7.994000,24
50,43,20.571000,27
50,44,15.493000,24
50,45,18.802000,26
50,46,14.720000,23
50,47,13.795000,22
50,48,12.259000,25
50,49,17.959000,24
50,50,18.163000,25
50,51,19.368000,25
50,52,19.214000,26
50,53,16.740000,27
50,54,8.265000,26
50,55,18.708000,26
50,56,22.909000,26
50,57,15.153000,23
50,58,17.768000,27
50,59,17.356000,30
50,60,7.563000,24
50,61,19.907000,28
50,62,16.169000,23
50,63,18.386000,23
50,64,18.116000,23
50,65,13.587000,22
50,66,11.436000,23
50,67,19.362000,25
50,68,12.436000,18
50,69,12.033000,17
50,70,13.185000,18
50,71,14.586000,18
50,72,11.264000,18
50,73,13.190000,18
50,74,14.598000,18
50,75,14.820000,19
50,76,12.562000,18
50,77,16.144000,22
50,78,12.305000,23
50,79,13.193000,20
50,80,19.535000,23
50,81,15.850000,23
50,82,16.662000,22
50,83,17.982000,25
50,84,6.511000,10
50,85,20.569000,29
50,86,21.513000,32
50,87,20.119000,34
50,88,17.475000,30
50,89,16.652000,31
50,90,8.412000,31
50,91,21.911000,34
50,92,22.184000,34
50,93,19.926000,31
50,94,19.300000,30
50,95,5.800000,8
50,96,5.581000,8
51,1,12.022000,17
51,2,11.764000,18
51,3,13.876000,18
51,4,13.428000,16
51,5,14.907000,18
51,6,8.264000,11
51,7,8.606000,11
51,8,10.800000,14
51,9,10.628000,14
51,10,9.139000,12
51,11,10.145000,14
51,12,10.420000,14
51,13,14.047000,17
51,14,7.862000,12
51,15,10.830000,14
51,16,10.700000,13
51,17,13.080000,17
51,18,8.734000,13
51,19,14.027000,21
51,20,23.509000,34
51,21,22.445000,33
51,22,17.239000,29
51,23,16.804000,33
51,24,7.688000,33
51,25,19.367000,30
51,26,24.292000,34
51,27,22.151000,33
51,28,19.377000,34
51,29,14.472000,33
51,30,4.020000,25
51,31,17.429000,25
51,32,15.367000,22
51,33,16.163000,20
51,34,18.864000,23
51,35,13.092000,22
51,36,12.510000,24
51,37,18.784000,24
51,38,17.214000,23
51,39,17.241000,24
51,40,18.274000,24
51,41,13.880000,24
51,42,11.316000,25
51,43,18.147000,24
51,44,17.581000,24
51,45,26.225000,33
51,46,15.790000,23
51,47,11.628000,22
51,48,10.070000,26
51,49,18.146000,24
51,50,18.038000,26
51,51,20.729000,25
51,52,18.096000,26
51,53,13.671000,26
51,54,8.440000,26
51,55,19.368000,26
51,56,18.818000,25
51,57,21.742000,27
51,58,17.537000,25
51,59,21.005000,40
51,60,4.189000,24
51,61,18.138000,23
51,62,18.461000,23
51,63,17.801000,24
51,64,15.457000,22
51,65,14.709000,23
51,66,10.439000,23
51,67,17.301000,24
51,68,10.850000,18
51,69,11.795000,18
51,70,13.059000,18
51,71,13.556000,18
51,72,10.607000,18
51,73,14.016000,18
51,74,11.195000,17
51,75,12.990000,18
51,76,13.943000,19
51,77,16.191000,23
51,78,14.562000,23
51,79,13.616000,20
51,80,16.799000,23
51,81,14.606000,23
51,82,15.806000,22
51,83,16.365000,23
51,84,12.614000,22
51,85,20.050000,29
51,86,19.500000,31
51,87,19.930000,31
51,88,19.221000,32
51,89,15.188000,31
51,90,7.646000,31
51,91,19.381000,31
51,92,24.622000,34
51,93,22.149000,30
51,94,18.007000,29
51,95,4.056000,8
51,96,5.143000,8
52,1,13.682000,17
52,2,13.788000,18
52,3,15.972000,18
52,4,13.424000,16
52,5,16.165000,18
52,6,11.345000,11
52,7,9.025000,11
52,8,13.065000,14
52,9,16.820000,14
52,10,11.951000,12
52,11,12.445000,14
52,12,14.482000,15
52,13,16.400000,17
52,14,9.227000,12
52,15,14.810000,13
52,16,11.448000,13
52,17,16.132000,17
52,18,13.864000,15
52,19,9.346000,12
52,20,38.018000,38
52,21,30.758000,32
52,22,22.080000,31
52,23,21.458000,33
52,24,11.146000,35
52,25,20.348000,31
52,26,25.628000,31
52,27,27.823000,33
52,28,26.770000,33
52,29,18.182000,33
52,30,6.038000,24
52,31,13.214000,20
52,32,21.066000,24
52,33,17.853000,21
52,34,24.677000,23
52,35,25.664000,31
52,36,17.733000,25
52,37,18.403000,24
52,38,22.348000,23
52,39,24.882000,24
52,40,19.739000,24
52,41,21.337000,24
52,42,14.762000,24
52,43,18.407000,24
52,44,23.018000,24
52,45,24.131000,24
52,46,20.556000,23
52,47,21.572000,25
52,48,15.184000,25
52,49,19.076000,25
52,50,24.800000,26
52,51,26.460000,27
52,52,24.141000,26
52,53,21.563000,26
52,54,12.981000,27
52,55,19.157000,26
52,56,26.137000,25
52,57,22.201000,22
52,58,27.115000,27
52,59,16.437000,24
52,60,15.260000,28
52,61,18.389000,23
52,62,22.920000,23
52,63,23.908000,23
52,64,19.918000,24
52,65,21.187000,23
52,66,15.676000,23
52,67,17.850000,24
52,68,14.344000,18
52,69,18.404000,18
52,70,17.704000,18
52,71,15.858000,18
52,72,13.954000,18
52,73,13.659000,17
52,74,18.457000,18
52,75,19.314000,18
52,76,18.662000,19
52,77,28.326000,31
52,78,14.612000,20
52,79,15.037000,20
52,80,21.784000,23
52,81,20.497000,23
52,82,22.421000,23
52,83,18.269000,23
52,84,21.004000,27
52,85,20.877000,28
52,86,30.253000,33
52,87,27.041000,31
52,88,23.245000,30
52,89,20.345000,31
52,90,7.446000,30
52,91,23.943000,33
52,92,27.282000,32
52,93,29.035000,31
52,94,23.799000,30
52,95,8.039000,8
52,96,6.880000,8
53,1,18.231000,19
53,2,14.416000,18
53,3,11.230000,16
53,4,12.268000,17
53,5,14.812000,18
53,6,11.726000,11
53,7,12.374000,11
53,8,14.988000,14
53,9,11.570000,14
53,10,7.919000,12
53,11,10.646000,14
53,12,13.047000,14
53,13,18.092000,17
53,14,10.736000,12
53,15,11.533000,13
53,16,10.053000,13
53,17,13.668000,17
53,18,13.472000,13
53,19,11.067000,12
53,20,23.007000,28
53,21,25.539000,35
53,22,25.696000,30
53,23,25.644000,32
53,24,12.968000,33
53,25,29.224000,32
53,26,23.572000,34
53,27,30.819000,34
53,28,25.516000,35
53,29,16.521000,35
53,30,1.806000,25
53,31,27.133000,26
53,32,14.967000,22
53,33,16.078000,22
53,34,23.422000,23
53,35,18.147000,21
53,36,14.915000,24
53,37,21.988000,23
53,38,17.965000,22
53,39,17.785000,24
53,40,23.147000,24
53,41,21.668000,25
53,42,13.580000,24
53,43,22.740000,24
53,44,19.084000,24
53,45,22.167000,27
53,46,20.661000,23
53,47,21.242000,25
53,48,15.241000,29
53,49,22.734000,26
53,50,18.575000,25
53,51,17.099000,25
53,52,31.426000,34
53,53,19.538000,26
53,54,13.313000,30
53,55,25.824000,27
53,56,17.597000,26
53,57,18.741000,25
53,58,22.110000,25
53,59,22.252000,28
53,60,13.347000,23
53,61,21.994000,23
53,62,21.163000,23
53,63,21.020000,23
53,64,22.765000,23
53,65,19.392000,23
53,66,13.694000,23
53,67,21.393000,22
53,68,13.468000,18
53,69,13.534000,18
53,70,14.107000,18
53,71,18.644000,18
53,72,15.736000,18
53,73,17.484000,18
53,74,15.852000,18
53,75,12.059000,17
53,76,14.966000,19
53,77,22.282000,26
53,78,20.374000,23
53,79,20.136000,20
53,80,20.609000,23
53,81,19.214000,23
53,82,21.217000,22
53,83,21.550000,25
53,84,14.077000,24
53,85,23.365000,28
53,86,26.516000,33
53,87,23.803000,31
53,88,25.935000,32
53,89,19.087000,31
53,90,5.714000,30
53,91,29.226000,33
53,92,30.403000,37
53,93,26.404000,31
53,94,21.527000,31
53,95,5.365000,8
53,96,5.792000,8
54,1,13.789000,17
54,2,14.991000,18
54,3,13.724000,17
54,4,12.318000,16
54,5,14.598000,18
54,6,8.183000,11
54,7,9.356000,11
54,8,12.922000,14
54,9,11.445000,14
54,10,9.130000,12
54,11,11.768000,14
54,12,11.381000,15
54,13,14.441000,17
54,14,10.180000,12
54,15,11.644000,13
54,16,10.675000,13
54,17,14.221000,17
54,18,10.757000,15
54,19,16.722000,22
54,20,21.345000,26
54,21,30.071000,36
54,22,19.823000,32
54,23,15.792000,32
54,24,6.159000,33
54,25,22.806000,32
54,26,28.359000,36
54,27,25.608000,38
54,28,21.221000,33
54,29,11.015000,35
54,30,2.298000,26
54,31,18.388000,24
54,32,19.286000,22
54,33,21.272000,23
54,34,14.954000,23
54,35,12.185000,22
54,36,13.903000,24
54,37,17.584000,23
54,38,20.893000,25
54,39,19.206000,24
54,40,15.613000,24
54,41,15.053000,24
54,42,12.778000,25
54,43,19.664000,24
54,44,20.012000,24
54,45,21.022000,28
54,46,15.369000,23
54,47,12.139000,23
54,48,11.933000,23
54,49,22.808000,28
54,50,24.164000,27
54,51,23.120000,27
54,52,15.945000,26
54,53,13.868000,26
54,54,6.371000,27
54,55,19.726000,26
54,56,20.745000,25
54,57,23.011000,27
54,58,18.660000,25
54,59,14.813000,24
54,60,9.495000,24
54,61,17.552000,23
54,62,19.352000,23
54,63,19.022000,24
54,64,17.776000,23
54,65,14.206000,23
54,66,12.109000,22
54,67,19.124000,25
54,68,17.679000,18
54,69,15.344000,18
54,70,14.222000,18
54,71,13.120000,18
54,72,11.600000,18
54,73,15.065000,18
54,74,14.053000,17
54,75,15.757000,18
54,76,13.464000,19
54,77,13.617000,19
54,78,17.787000,26
54,79,17.544000,20
54,80,19.144000,23
54,81,19.283000,23
54,82,16.254000,23
54,83,13.939000,22
54,84,14.403000,28
54,85,21.219000,29
54,86,26.231000,33
54,87,21.809000,32
54,88,18.225000,31
54,89,16.618000,33
54,90,5.520000,30
54,91,25.858000,32
54,92,24.766000,31
54,93,22.022000,31
54,94,16.872000,29
54,95,5.873000,8
54,96,4.891000,8
55,1,13.841000,17
55,2,11.460000,18
55,3,12.252000,18
55,4,16.388000,19
55,5,12.683000,18
55,6,9.347000,11
55,7,8.978000,11
55,8,11.452000,14
55,9,11.539000,14
55,10,9.380000,12
55,11,8.960000,14
55,12,10.461000,14
55,13,14.354000,17
55,14,8.265000,12
55,15,9.141000,13
55,16,11.069000,13
55,17,12.194000,17
55,18,11.210000,13
55,19,17.521000,25
55,20,19.764000,27
55,21,21.528000,32
55,22,17.402000,31
55,23,16.481000,33
55,24,8.361000,39
55,25,19.588000,30
55,26,23.925000,34
55,27,24.251000,31
55,28,19.461000,32
55,29,15.019000,37
55,30,3.098000,23
55,31,13.260000,20
55,32,17.731000,22
55,33,17.888000,23
55,34,16.474000,23
55,35,16.101000,24
55,36,12.349000,24
55,37,18.061000,25
55,38,19.375000,25
55,39,19.007000,24
55,40,18.931000,24
55,41,17.983000,28
55,42,7.064000,24
55,43,17.381000,24
55,44,17.887000,24
55,45,19.127000,24
55,46,18.450000,25
55,47,14.156000,23
55,48,11.581000,27
55,49,18.608000,27
55,50,21.690000,27
55,51,17.634000,25
55,52,18.549000,26
55,53,14.828000,26
55,54,9.101000,26
55,55,15.760000,24
55,56,18.177000,26
55,57,21.957000,26
55,58,15.917000,22
55,59,15.706000,26
55,60,10.012000,25
55,61,16.403000,23
55,62,16.461000,23
55,63,19.030000,23
55,64,14.905000,20
55,65,13.432000,22
55,66,11.465000,20
55,67,15.613000,22
55,68,12.499000,18
55,69,14.050000,18
55,70,14.260000,18
55,71,14.125000,18
55,72,10.073000,18
55,73,13.669000,18
55,74,12.047000,18
55,75,12.770000,18
55,76,17.548000,23
55,77,16.706000,22
55,78,13.352000,23
55,79,13.802000,20
55,80,18.812000,23
55,81,17.913000,23
55,82,17.615000,24
55,83,14.623000,23
55,84,12.100000,24
55,85,17.916000,28
55,86,20.301000,31
55,87,20.814000,32
55,88,17.398000,30
55,89,16.749000,33
55,90,5.249000,33
55,91,23.619000,32
55,92,20.893000,30
55,93,21.492000,30
55,94,18.702000,31
55,95,5.586000,8
55,96,4.223000,8
56,1,11.888000,17
56,2,16.020000,21
56,3,13.418000,18
56,4,14.153000,17
56,5,14.112000,19
56,6,9.794000,14
56,7,10.712000,14
56,8,10.477000,14
56,9,10.188000,12
56,10,10.557000,13
56,11,13.535000,16
56,12,14.218000,15
56,13,14.227000,16
56,14,10.809000,14
56,15,12.387000,13
56,16,15.521000,20
56,17,11.281000,15
56,18,9.324000,12
56,19,9.713000,12
56,20,16.075000,27
56,21,21.186000,32
56,22,26.252000,33
56,23,18.524000,32
56,24,14.158000,33
56,25,20.983000,34
56,26,22.305000,31
56,27,29.655000,39
56,28,20.259000,32
56,29,12.964000,35
56,30,2.721000,12
56,31,19.508000,25
56,32,17.738000,24
56,33,17.443000,24
56,34,18.000000,25
56,35,14.712000,24
56,36,12.099000,22
56,37,18.860000,25
56,38,16.688000,25
56,39,19.442000,25
56,40,17.986000,25
56,41,15.262000,24
56,42,12.877000,24
56,43,19.988000,25
56,44,21.717000,25
56,45,16.715000,22
56,46,18.250000,23
56,47,14.270000,25
56,48,12.233000,28
56,49,20.017000,28
56,50,19.171000,27
56,51,23.199000,27
56,52,18.182000,27
56,53,15.792000,28
56,54,6.765000,28
56,55,19.517000,27
56,56,27.794000,34
56,57,23.512000,25
56,58,16.844000,25
56,59,14.026000,25
56,60,5.316000,24
56,61,18.004000,24
56,62,17.754000,24
56,63,18.948000,25
56,64,21.246000,27
56,65,13.282000,24
56,66,10.459000,23
56,67,15.566000,23
56,68,9.902000,17
56,69,15.112000,18
56,70,13.074000,17
56,71,15.636000,18
56,72,12.190000,18
56,73,11.764000,17
56,74,11.117000,17
56,75,14.299000,17
56,76,15.471000,19
56,77,18.137000,26
56,78,12.991000,21
56,79,18.041000,24
56,80,19.363000,26
56,81,19.283000,24
56,82,18.702000,24
56,83,13.133000,22
56,84,12.608000,23
56,85,18.871000,26
56,86,21.121000,32
56,87,24.077000,32
56,88,20.830000,31
56,89,17.119000,32
56,90,5.962000,30
56,91,20.000000,30
56,92,22.842000,32
56,93,22.453000,29
56,94,20.463000,31
56,95,4.794000,8
56,96,4.090000,8
57,1,12.583000,17
57,2,13.802000,18
57,3,13.379000,18
57,4,14.475000,18
57,5,14.892000,19
57,6,10.453000,14
57,7,11.462000,14
57,8,10.500000,14
57,9,8.362000,12
57,10,10.352000,13
57,11,13.155000,16
57,12,11.191000,14
57,13,13.719000,16
57,14,9.860000,13
57,15,8.957000,13
57,16,14.257000,20
57,17,11.601000,16
57,18,10.528000,12
57,19,9.293000,12
57,20,16.964000,27
57,21,24.465000,32
57,22,21.114000,30
57,23,19.662000,33
57,24,15.202000,32
57,25,26.888000,34
57,26,26.130000,35
57,27,26.649000,34
57,28,23.032000,36
57,29,7.544000,33
57,30,0.726000,12
57,31,19.065000,25
57,32,15.832000,24
57,33,19.045000,23
57,34,20.594000,25
57,35,14.131000,24
57,36,15.672000,26
57,37,17.039000,23
57,38,18.805000,25
57,39,18.144000,25
57,40,26.215000,35
57,41,13.582000,24
57,42,12.952000,30
57,43,15.919000,23
57,44,18.867000,25
57,45,14.633000,23
57,46,16.046000,23
57,47,16.960000,23
57,48,16.059000,27
57,49,19.548000,27
57,50,23.108000,28
57,51,24.457000,31
57,52,20.333000,29
57,53,14.916000,27
57,54,6.046000,27
57,55,18.331000,26
57,56,18.531000,26
57,57,18.468000,24
57,58,21.532000,25
57,59,14.036000,25
57,60,11.022000,24
57,61,17.450000,24
57,62,17.612000,25
57,63,19.038000,25
57,64,16.861000,24
57,65,14.883000,24
57,66,13.294000,23
57,67,19.525000,28
57,68,10.155000,16
57,69,12.363000,18
57,70,11.753000,17
57,71,14.261000,18
57,72,12.781000,18
57,73,12.506000,17
57,74,12.242000,17
57,75,13.974000,17
57,76,14.460000,19
57,77,17.388000,23
57,78,14.358000,21
57,79,17.456000,23
57,80,17.128000,24
57,81,17.568000,24
57,82,18.708000,27
57,83,13.230000,20
57,84,13.510000,24
57,85,18.345000,26
57,86,21.504000,32
57,87,24.981000,33
57,88,19.819000,31
57,89,17.452000,32
57,90,5.918000,31
57,91,19.090000,30
57,92,23.631000,31
57,93,22.909000,30
57,94,22.320000,32
57,95,5.471000,8
57,96,6.132000,8
58,1,13.944000,17
58,2,14.492000,18
58,3,16.116000,18
58,4,13.545000,17
58,5,15.031000,19
58,6,9.227000,14
58,7,13.332000,14
58,8,14.175000,14
58,9,9.263000,12
58,10,11.267000,13
58,11,14.009000,16
58,12,12.551000,15
58,13,13.855000,16
58,14,12.292000,13
58,15,9.965000,13
58,16,19.001000,20
58,17,11.655000,15
58,18,11.190000,12
58,19,9.334000,12
58,20,23.518000,27
58,21,24.645000,34
58,22,20.533000,30
58,23,17.182000,28
58,24,14.917000,33
58,25,24.979000,34
58,26,25.688000,34
58,27,27.961000,35
58,28,19.459000,32
58,29,11.433000,33
58,30,1.697000,12
58,31,21.300000,27
58,32,20.227000,23
58,33,19.685000,24
58,34,18.589000,24
58,35,15.806000,24
58,36,11.059000,25
58,37,19.628000,25
58,38,18.813000,23
58,39,23.557000,27
58,40,19.115000,25
58,41,13.766000,24
58,42,12.155000,24
58,43,15.823000,24
58,44,22.254000,24
58,45,19.013000,23
58,46,18.409000,23
58,47,14.840000,23
58,48,13.644000,28
58,49,22.601000,27
58,50,20.212000,27
58,51,21.686000,28
58,52,17.683000,26
58,53,15.748000,27
58,54,9.455000,28
58,55,21.321000,27
58,56,21.865000,26
58,57,18.285000,26
58,58,19.499000,25
58,59,12.623000,22
58,60,11.509000,27
58,61,18.701000,24
58,62,19.324000,25
58,63,19.985000,23
58,64,18.900000,25
58,65,13.557000,24
58,66,11.469000,23
58,67,20.397000,25
58,68,12.484000,16
58,69,14.688000,18
58,70,12.439000,17
58,71,15.001000,18
58,72,11.349000,18
58,73,13.910000,17
58,74,13.461000,17
58,75,16.194000,17
58,76,14.510000,19
58,77,15.024000,22
58,78,22.238000,32
58,79,19.569000,23
58,80,19.997000,24
58,81,17.104000,23
58,82,18.410000,26
58,83,12.667000,20
58,84,13.895000,24
58,85,21.233000,27
58,86,21.076000,32
58,87,26.190000,35
58,88,18.815000,31
58,89,14.403000,31
58,90,6.316000,33
58,91,25.753000,33
58,92,24.474000,31
58,93,21.647000,31
58,94,18.284000,31
58,95,5.912000,8
58,96,4.304000,8
59,1,10.451000,17
59,2,13.264000,18
59,3,12.171000,18
59,4,13.429000,17
59,5,14.176000,19
59,6,9.869000,14
59,7,10.574000,14
59,8,11.298000,14
59,9,9.511000,12
59,10,10.125000,13
59,11,13.446000,16
59,12,10.176000,14
59,13,11.812000,16
59,14,10.639000,13
59,15,10.678000,13
59,16,15.723000,20
59,17,12.965000,16
59,18,8.427000,12
59,19,10.137000,12
59,20,19.351000,27
59,21,24.768000,33
59,22,19.098000,30
59,23,18.078000,32
59,24,10.884000,31
59,25,24.382000,36
59,26,25.645000,34
59,27,23.014000,33
59,28,20.417000,33
59,29,10.542000,33
59,30,1.863000,12
59,31,13.543000,21
59,32,19.362000,23
59,33,17.585000,24
59,34,17.845000,24
59,35,15.630000,23
59,36,14.178000,25
59,37,19.427000,25
59,38,17.511000,25
59,39,19.648000,25
59,40,16.842000,26
59,41,13.569000,24
59,42,11.957000,24
59,43,18.698000,24
59,44,19.813000,25
59,45,18.110000,23
59,46,16.279000,23
59,47,14.472000,23
59,48,13.061000,28
59,49,19.327000,27
59,50,22.435000,27
59,51,19.054000,28
59,52,20.046000,26
59,53,17.020000,27
59,54,6.575000,28
59,55,19.842000,26
59,56,17.434000,26
59,57,19.277000,27
59,58,18.115000,25
59,59,15.516000,23
59,60,9.537000,24
59,61,19.332000,24
59,62,17.819000,25
59,63,17.848000,25
59,64,18.579000,24
59,65,15.298000,24
59,66,9.312000,23
59,67,16.887000,23
59,68,11.546000,16
59,69,14.858000,18
59,70,12.760000,17
59,71,14.383000,18
59,72,11.501000,17
59,73,11.139000,17
59,74,12.747000,17
59,75,12.393000,18
59,76,14.808000,19
59,77,12.578000,18
59,78,17.278000,27
59,79,18.113000,23
59,80,18.575000,24
59,81,20.271000,25
59,82,17.652000,23
59,83,11.823000,20
59,84,11.401000,23
59,85,19.846000,28
59,86,27.470000,34
59,87,20.690000,34
59,88,19.755000,33
59,89,13.091000,31
59,90,3.469000,32
59,91,21.618000,34
59,92,20.352000,30
59,93,27.656000,39
59,94,17.215000,29
59,95,4.892000,8
59,96,5.961000,8
60,1,10.207000,16
60,2,11.906000,18
60,3,12.483000,18
60,4,13.272000,17
60,5,13.260000,19
60,6,11.032000,14
60,7,12.979000,14
60,8,11.229000,14
60,9,8.724000,12
60,10,10.997000,13
60,11,12.846000,16
60,12,13.059000,15
60,13,14.285000,16
60,14,9.320000,14
60,15,10.041000,13
60,16,17.562000,20
60,17,9.985000,15
60,18,8.292000,12
60,19,10.533000,12
60,20,20.566000,29
60,21,26.214000,34
60,22,22.171000,34
60,23,15.409000,32
60,24,10.806000,33
60,25,24.272000,34
60,26,26.179000,36
60,27,22.696000,33
60,28,17.515000,33
60,29,14.026000,34
60,30,3.176000,12
60,31,18.623000,27
60,32,18.200000,23
60,33,17.251000,23
60,34,16.973000,24
60,35,14.062000,24
60,36,11.848000,25
60,37,17.235000,25
60,38,19.443000,25
60,39,17.658000,25
60,40,17.112000,24
60,41,12.552000,24
60,42,12.397000,24
60,43,18.016000,24
60,44,20.600000,25
60,45,15.704000,23
60,46,16.980000,23
60,47,12.416000,23
60,48,13.455000,29
60,49,18.635000,26
60,50,22.494000,28
60,51,20.027000,27
60,52,17.860000,27
60,53,15.593000,27
60,54,9.304000,29
60,55,18.638000,27
60,56,21.857000,27
60,57,21.909000,27
60,58,16.506000,26
60,59,14.123000,26
60,60,8.363000,27
60,61,17.210000,24
60,62,15.466000,23
60,63,21.465000,25
60,64,17.712000,24
60,65,15.840000,26
60,66,13.145000,26
60,67,16.633000,23
60,68,12.942000,18
60,69,14.760000,18
60,70,12.115000,17
60,71,12.650000,18
60,72,11.008000,18
60,73,11.657000,17
60,74,11.608000,17
60,75,12.760000,18
60,76,15.341000,19
60,77,13.100000,19
60,78,12.214000,20
60,79,18.039000,23
60,80,21.533000,29
60,81,16.090000,25
60,82,21.087000,28
60,83,12.431000,21
60,84,8.271000,18
60,85,20.404000,30
60,86,21.760000,34
60,87,21.919000,33
60,88,20.939000,32
60,89,14.989000,31
60,90,6.029000,31
60,91,17.210000,30
60,92,20.279000,30
60,93,18.486000,28
60,94,21.022000,31
60,95,5.511000,8
60,96,5.669000,8
61,1,12.173000,17
61,2,11.710000,16
61,3,12.351000,18
61,4,12.666000,17
61,5,12.419000,18
61,6,11.581000,14
61,7,12.665000,14
61,8,12.228000,14
61,9,8.576000,12
61,10,9.931000,13
61,11,12.809000,16
61,12,9.930000,14
61,13,11.561000,16
61,14,12.217000,14
61,15,10.428000,13
61,16,14.891000,20
61,17,11.492000,16
61,18,9.007000,12
61,19,9.891000,13
61,20,17.404000,26
61,21,24.360000,33
61,22,23.580000,33
61,23,16.204000,32
61,24,12.455000,32
61,25,22.727000,34
61,26,24.555000,33
61,27,23.654000,33
61,28,18.732000,32
61,29,13.381000,33
61,30,1.913000,12
61,31,19.123000,25
61,32,18.286000,23
61,33,18.917000,24
61,34,16.445000,23
61,35,15.609000,26
61,36,10.570000,25
61,37,18.424000,25
61,38,18.736000,25
61,39,20.180000,24
61,40,17.807000,24
61,41,13.518000,25
61,42,11.119000,25
61,43,18.418000,25
61,44,18.100000,24
61,45,16.626000,23
61,46,16.588000,23
61,47,14.445000,23
61,48,12.893000,27
61,49,21.794000,29
61,50,17.785000,24
61,51,17.720000,27
61,52,19.058000,27
61,53,13.445000,27
61,54,11.288000,27
61,55,19.112000,26
61,56,20.421000,28
61,57,19.280000,26
61,58,17.868000,25
61,59,13.366000,26
61,60,11.552000,24
61,61,17.674000,24
61,62,17.510000,24
61,63,19.631000,23
61,64,18.264000,24
61,65,13.379000,23
61,66,13.532000,24
61,67,19.649000,26
61,68,13.350000,17
61,69,12.934000,18
61,70,13.355000,17
61,71,12.411000,18
61,72,10.104000,17
61,73,13.233000,17
61,74,12.204000,17
61,75,11.793000,17
61,76,13.760000,19
61,77,13.728000,17
61,78,18.211000,25
61,79,17.019000,23
61,80,23.033000,28
61,81,18.647000,23
61,82,16.374000,24
61,83,13.307000,21
61,84,10.233000,22
61,85,18.424000,27
61,86,21.613000,33
61,87,22.718000,32
61,88,19.274000,31
61,89,15.010000,32
61,90,6.238000,31
61,91,20.649000,31
61,92,21.397000,29
61,93,18.260000,30
61,94,23.307000,30
61,95,7.197000,8
61,96,5.285000,8
62,1,10.899000,16
62,2,13.946000,18
62,3,13.397000,18
62,4,14.149000,17
62,5,19.056000,20
62,6,14.874000,14
62,7,11.254000,14
62,8,10.173000,14
62,9,8.760000,12
62,10,8.655000,13
62,11,14.429000,16
62,12,17.888000,15
62,13,12.575000,16
62,14,8.724000,11
62,15,10.786000,13
62,16,14.677000,20
62,17,15.640000,15
62,18,12.795000,12
62,19,9.354000,13
62,20,17.310000,27
62,21,28.007000,36
62,22,29.601000,30
62,23,19.958000,32
62,24,17.389000,32
62,25,20.651000,33
62,26,25.095000,33
62,27,37.300000,38
62,28,27.070000,38
62,29,11.396000,35
62,30,1.655000,12
62,31,18.538000,24
62,32,16.190000,23
62,33,18.360000,23
62,34,24.121000,24
62,35,17.002000,23
62,36,21.248000,28
62,37,21.008000,26
62,38,18.624000,25
62,39,21.930000,24
62,40,22.836000,24
62,41,18.074000,24
62,42,14.580000,24
62,43,19.468000,24
62,44,19.284000,25
62,45,24.543000,25
62,46,20.766000,23
62,47,18.608000,26
62,48,16.787000,26
62,49,20.108000,29
62,50,18.099000,27
62,51,25.376000,27
62,52,25.838000,28
62,53,18.984000,27
62,54,11.717000,27
62,55,20.110000,27
62,56,19.221000,26
62,57,28.717000,28
62,58,23.338000,25
62,59,15.524000,22
62,60,10.867000,24
62,61,18.539000,24
62,62,16.188000,24
62,63,20.394000,24
62,64,23.211000,24
62,65,20.444000,24
62,66,14.326000,23
62,67,19.484000,27
62,68,11.656000,18
62,69,13.443000,19
62,70,14.959000,18
62,71,16.158000,18
62,72,16.456000,18
62,73,12.109000,17
62,74,12.309000,17
62,75,14.384000,18
62,76,13.512000,19
62,77,20.130000,22
62,78,19.419000,21
62,79,18.073000,23
62,80,17.800000,24
62,81,22.594000,27
62,82,22.064000,24
62,83,19.624000,21
62,84,12.182000,19
62,85,19.470000,27
62,86,26.329000,36
62,87,31.011000,32
62,88,24.371000,31
62,89,18.118000,32
62,90,3.196000,30
62,91,21.873000,31
62,92,20.985000,30
62,93,31.014000,30
62,94,25.066000,30
62,95,8.037000,8
62,96,6.401000,8
63,1,20.976000,19
63,2,18.460000,18
63,3,18.171000,18
63,4,16.849000,17
63,5,19.596000,19
63,6,12.200000,14
63,7,16.097000,14
63,8,14.104000,14
63,9,14.825000,14
63,10,17.902000,13
63,11,17.548000,16
63,12,15.733000,14
63,13,16.070000,16
63,14,14.838000,13
63,15,15.707000,13
63,16,21.094000,20
63,17,15.613000,16
63,18,14.912000,12
63,19,14.647000,13
63,20,28.012000,28
63,21,31.875000,34
63,22,34.623000,33
63,23,20.079000,30
63,24,7.141000,31
63,25,32.489000,34
63,26,29.460000,31
63,27,39.762000,40
63,28,24.389000,34
63,29,14.071000,35
63,30,2.495000,12
63,31,21.147000,22
63,32,22.104000,23
63,33,24.409000,24
63,34,24.285000,24
63,35,20.581000,23
63,36,18.863000,23
63,37,24.698000,25
63,38,23.827000,24
63,39,24.464000,25
63,40,24.267000,24
63,41,18.350000,24
63,42,15.036000,24
63,43,27.721000,25
63,44,23.839000,24
63,45,22.728000,23
63,46,24.882000,25
63,47,17.269000,22
63,48,17.426000,28
63,49,30.815000,28
63,50,30.056000,29
63,51,28.846000,28
63,52,24.708000,29
63,53,18.769000,28
63,54,8.745000,27
63,55,25.132000,26
63,56,25.476000,26
63,57,35.474000,33
63,58,24.025000,25
63,59,14.948000,22
63,60,12.433000,27
63,61,22.254000,24
63,62,25.530000,24
63,63,23.032000,25
63,64,25.706000,24
63,65,19.607000,24
63,66,16.006000,23
63,67,25.366000,24
63,68,17.406000,18
63,69,16.118000,18
63,70,17.537000,17
63,71,19.952000,18
63,72,14.857000,18
63,73,15.457000,17
63,74,17.872000,17
63,75,17.582000,18
63,76,18.732000,19
63,77,9.203000,11
63,78,23.234000,21
63,79,24.163000,23
63,80,23.895000,24
63,81,24.445000,26
63,82,26.520000,24
63,83,17.988000,21
63,84,13.953000,22
63,85,28.353000,28
63,86,29.740000,33
63,87,30.518000,33
63,88,23.704000,31
63,89,20.443000,31
63,90,7.984000,30
63,91,31.774000,32
63,92,25.315000,30
63,93,28.810000,30
63,94,24.151000,30
63,95,7.380000,8
63,96,6.727000,8
64,1,14.914000,17
64,2,13.955000,18
64,3,16.409000,18
64,4,16.861000,17
64,5,18.072000,18
64,6,15.747000,14
64,7,13.859000,14
64,8,11.851000,14
64,9,15.557000,14
64,10,12.160000,13
64,11,15.402000,16
64,12,15.227000,15
64,13,16.493000,16
64,14,10.717000,11
64,15,16.720000,13
64,16,19.176000,20
64,17,15.338000,15
64,18,10.500000,12
64,19,13.087000,13
64,20,19.728000,26
64,21,32.095000,33
64,22,32.164000,34
64,23,27.313000,36
64,24,13.554000,33
64,25,27.499000,31
64,26,28.314000,34
64,27,27.933000,33
64,28,27.363000,32
64,29,16.770000,33
64,30,5.080000,12
64,31,24.684000,25
64,32,18.927000,23
64,33,22.731000,23
64,34,21.880000,24
64,35,22.094000,24
64,36,18.964000,26
64,37,24.055000,25
64,38,21.249000,25
64,39,25.409000,26
64,40,26.065000,25
64,41,16.154000,24
64,42,15.522000,24
64,43,26.307000,26
64,44,26.405000,24
64,45,20.003000,23
64,46,26.481000,23
64,47,17.228000,23
64,48,19.054000,30
64,49,26.438000,28
64,50,25.248000,27
64,51,26.413000,27
64,52,23.119000,26
64,53,19.922000,27
64,54,12.337000,27
64,55,25.730000,27
64,56,21.540000,26
64,57,28.405000,29
64,58,25.777000,25
64,59,18.892000,25
64,60,12.405000,24
64,61,24.669000,24
64,62,18.907000,24
64,63,23.400000,25
64,64,26.043000,24
64,65,18.317000,24
64,66,16.266000,25
64,67,26.430000,26
64,68,17.731000,17
64,69,17.597000,18
64,70,16.876000,17
64,71,15.717000,18
64,72,13.868000,18
64,73,16.472000,17
64,74,12.953000,18
64,75,17.121000,17
64,76,21.933000,20
64,77,13.746000,11
64,78,20.747000,21
64,79,25.735000,23
64,80,20.771000,24
64,81,22.076000,23
64,82,27.997000,28
64,83,16.569000,21
64,84,12.087000,19
64,85,27.486000,30
64,86,28.340000,34
64,87,29.755000,33
64,88,25.835000,32
64,89,18.374000,31
64,90,6.650000,30
64,91,25.704000,31
64,92,25.248000,30
64,93,27.538000,30
64,94,26.093000,30
64,95,7.569000,8
64,96,6.089000,8
65,1,15.368000,17
65,2,14.398000,18
65,3,19.668000,18
65,4,16.962000,17
65,5,18.761000,19
65,6,14.428000,14
65,7,13.589000,14
65,8,11.840000,14
65,9,12.870000,14
65,10,13.699000,13
65,11,16.989000,16
65,12,13.480000,14
65,13,17.005000,16
65,14,11.501000,13
65,15,16.911000,13
65,16,20.452000,20
65,17,13.513000,16
65,18,11.075000,12
65,19,16.624000,13
65,20,22.201000,26
65,21,31.287000,34
65,22,26.015000,31
65,23,22.294000,32
65,24,17.302000,33
65,25,26.656000,33
65,26,35.913000,34
65,27,30.313000,33
65,28,23.279000,34
65,29,16.426000,33
65,30,4.405000,12
65,31,24.888000,25
65,32,23.543000,23
65,33,22.354000,23
65,34,24.950000,24
65,35,17.388000,23
65,36,14.381000,25
65,37,22.241000,24
65,38,24.102000,25
65,39,26.616000,25
65,40,24.975000,25
65,41,16.475000,24
65,42,14.696000,24
65,43,24.908000,24
65,44,24.202000,24
65,45,22.885000,23
65,46,25.082000,27
65,47,15.927000,23
65,48,16.770000,27
65,49,25.264000,26
65,50,24.933000,27
65,51,23.203000,27
65,52,24.074000,26
65,53,18.351000,27
65,54,16.334000,29
65,55,24.897000,26
65,56,28.063000,28
65,57,29.598000,31
65,58,21.037000,25
65,59,16.531000,25
65,60,13.250000,24
65,61,23.049000,24
65,62,25.317000,25
65,63,24.048000,25
65,64,24.966000,24
65,65,17.013000,24
65,66,13.326000,23
65,67,25.015000,26
65,68,18.168000,17
65,69,18.125000,19
65,70,17.866000,17
65,71,15.859000,18
65,72,13.708000,18
65,73,17.446000,17
65,74,19.212000,20
65,75,17.934000,18
65,76,17.885000,19
65,77,10.810000,11
65,78,17.528000,21
65,79,24.205000,24
65,80,25.092000,24
65,81,23.303000,25
65,82,25.086000,24
65,83,15.885000,21
65,84,11.070000,18
65,85,23.097000,26
65,86,29.699000,34
65,87,28.727000,33
65,88,22.360000,31
65,89,19.250000,31
65,90,12.252000,30
65,91,24.898000,31
65,92,27.163000,30
65,93,25.848000,29
65,94,20.545000,30
65,95,7.248000,8
65,96,6.770000,8
66,1,16.306000,17
66,2,17.441000,18
66,3,17.015000,18
66,4,15.886000,17
66,5,20.605000,20
66,6,14.194000,14
66,7,14.240000,14
66,8,13.863000,14
66,9,14.449000,14
66,10,13.124000,13
66,11,13.771000,16
66,12,15.986000,15
66,13,17.921000,16
66,14,11.482000,11
66,15,14.296000,13
66,16,17.840000,20
66,17,13.137000,15
66,18,13.953000,12
66,19,15.172000,13
66,20,27.588000,29
66,21,29.876000,33
66,22,27.328000,30
66,23,20.417000,32
66,24,17.082000,33
66,25,26.742000,32
66,26,30.770000,34
66,27,29.034000,33
66,28,24.448000,32
66,29,19.531000,33
66,30,4.659000,12
66,31,18.863000,22
66,32,22.273000,23
66,33,21.194000,24
66,34,30.253000,27
66,35,22.506000,25
66,36,17.411000,25
66,37,25.359000,25
66,38,24.282000,25
66,39,23.562000,25
66,40,31.642000,30
66,41,15.782000,24
66,42,12.922000,24
66,43,24.417000,24
66,44,22.638000,25
66,45,23.665000,23
66,46,24.911000,22
66,47,17.698000,23
66,48,16.951000,27
66,49,26.632000,27
66,50,23.306000,27
66,51,27.907000,27
66,52,25.301000,26
66,53,18.111000,27
66,54,13.546000,27
66,55,27.200000,28
66,56,30.637000,28
66,57,30.031000,29
66,58,22.913000,26
66,59,16.880000,25
66,60,8.613000,24
66,61,28.226000,26
66,62,24.707000,25
66,63,25.006000,23
66,64,24.082000,24
66,65,17.027000,24
66,66,13.736000,24
66,67,24.443000,26
66,68,17.200000,18
66,69,17.063000,18
66,70,18.469000,17
66,71,17.847000,18
66,72,14.775000,18
66,73,14.223000,15
66,74,15.782000,17
66,75,17.998000,18
66,76,18.131000,19
66,77,19.014000,17
66,78,17.372000,21
66,79,21.195000,20
66,80,23.258000,24
66,81,24.979000,23
66,82,24.132000,25
66,83,18.617000,21
66,84,11.531000,20
66,85,26.619000,28
66,86,32.263000,35
66,87,29.450000,31
66,88,22.056000,31
66,89,17.545000,30
66,90,6.606000,32
66,91,25.367000,32
66,92,23.398000,30
66,93,31.899000,33
66,94,31.517000,33
66,95,7.754000,8
66,96,6.524000,8
67,1,16.024000,16
67,2,16.307000,18
67,3,18.138000,19
67,4,18.892000,17
67,5,20.126000,20
67,6,13.130000,14
67,7,14.076000,14
67,8,14.768000,14
67,9,13.812000,14
67,10,12.699000,13
67,11,15.126000,16
67,12,12.565000,14
67,13,15.768000,16
67,14,13.081000,13
67,15,12.898000,13
67,16,21.104000,20
67,17,15.029000,16
67,18,12.408000,12
67,19,14.864000,13
67,20,27.407000,27
67,21,30.861000,33
67,22,31.825000,34
67,23,22.437000,33
67,24,8.278000,33
67,25,27.833000,34
67,26,28.129000,34
67,27,29.855000,33
67,28,28.079000,32
67,29,19.455000,33
67,30,5.649000,12
67,31,21.186000,23
67,32,21.234000,23
67,33,24.720000,24
67,34,24.819000,26
67,35,20.954000,24
67,36,17.890000,25
67,37,23.916000,25
67,38,22.029000,24
67,39,26.644000,25
67,40,24.767000,27
67,41,17.002000,24
67,42,14.456000,24
67,43,23.934000,25
67,44,22.940000,24
67,45,24.519000,23
67,46,20.873000,23
67,47,20.090000,23
67,48,18.515000,28
67,49,25.323000,27
67,50,23.204000,27
67,51,25.371000,27
67,52,24.857000,28
67,53,18.197000,27
67,54,16.363000,29
67,55,23.949000,26
67,56,27.824000,29
67,57,22.567000,25
67,58,23.957000,25
67,59,15.666000,22
67,60,15.080000,24
67,61,23.954000,25
67,62,31.640000,28
67,63,25.629000,25
67,64,23.723000,25
67,65,16.647000,24
67,66,11.702000,23
67,67,22.330000,25
67,68,19.170000,18
67,69,17.758000,18
67,70,17.111000,17
67,71,16.440000,18
67,72,14.912000,18
67,73,15.751000,17
67,74,16.820000,17
67,75,16.657000,18
67,76,21.985000,19
67,77,18.760000,21
67,78,17.781000,24
67,79,24.724000,24
67,80,23.280000,24
67,81,24.609000,24
67,82,23.159000,24
67,83,16.786000,21
67,84,14.053000,22
67,85,23.071000,26
67,86,24.423000,30
67,87,27.531000,32
67,88,23.878000,30
67,89,20.912000,31
67,90,14.318000,30
67,91,24.748000,30
67,92,31.278000,31
67,93,30.331000,33
67,94,21.709000,30
67,95,7.808000,8
67,96,5.735000,8
68,1,16.042000,17
68,2,15.358000,18
68,3,19.206000,18
68,4,14.879000,17
68,5,16.182000,18
68,6,14.094000,14
68,7,15.256000,14
68,8,12.555000,14
68,9,15.047000,14
68,10,13.353000,13
68,11,17.837000,16
68,12,15.323000,15
68,13,15.835000,16
68,14,10.071000,11
68,15,14.191000,13
68,16,16.945000,20
68,17,16.226000,15
68,18,11.883000,12
68,19,13.068000,13
68,20,21.997000,28
68,21,30.715000,33
68,22,28.341000,32
68,23,22.087000,33
68,24,17.913000,33
68,25,28.437000,34
68,26,30.947000,34
68,27,29.843000,33
68,28,27.130000,38
68,29,18.872000,36
68,30,0.829000,12
68,31,24.601000,25
68,32,22.855000,23
68,33,26.267000,24
68,34,25.553000,30
68,35,15.382000,24
68,36,14.072000,22
68,37,23.816000,25
68,38,27.821000,30
68,39,22.961000,25
68,40,21.449000,25
68,41,17.319000,25
68,42,14.538000,24
68,43,23.808000,24
68,44,23.867000,25
68,45,21.453000,22
68,46,19.906000,22
68,47,18.983000,25
68,48,19.277000,28
68,49,24.439000,27
68,50,25.263000,28
68,51,25.612000,28
68,52,23.831000,27
68,53,19.906000,29
68,54,12.275000,28
68,55,24.610000,28
68,56,24.662000,26
68,57,26.847000,27
68,58,22.881000,25
68,59,15.491000,22
68,60,14.469000,24
68,61,23.979000,24
68,62,22.893000,24
68,63,27.047000,25
68,64,22.357000,24
68,65,19.261000,28
68,66,12.965000,24
68,67,22.818000,24
68,68,17.094000,18
68,69,16.891000,19
68,70,14.526000,17
68,71,17.621000,18
68,72,14.841000,18
68,73,16.603000,17
68,74,15.046000,17
68,75,15.330000,17
68,76,19.065000,19
68,77,20.861000,22
68,78,19.467000,21
68,79,22.828000,23
68,80,25.147000,28
68,81,24.911000,25
68,82,23.992000,25
68,83,13.427000,21
68,84,11.503000,18
68,85,21.923000,26
68,86,24.665000,33
68,87,29.422000,33
68,88,22.500000,30
68,89,19.938000,30
68,90,13.889000,30
68,91,25.622000,32
68,92,27.002000,30
68,93,31.395000,32
68,94,22.959000,30
68,95,7.551000,8
68,96,7.038000,8
69,1,15.898000,17
69,2,18.659000,18
69,3,18.729000,18
69,4,18.172000,17
69,5,16.657000,18
69,6,11.484000,14
69,7,15.062000,14
69,8,13.267000,14
69,9,13.458000,14
69,10,11.070000,12
69,11,16.146000,16
69,12,14.134000,15
69,13,16.833000,16
69,14,14.621000,13
69,15,13.480000,13
69,16,20.541000,20
69,17,14.536000,16
69,18,11.676000,12
69,19,11.101000,13
69,20,28.397000,29
69,21,25.729000,31
69,22,30.284000,32
69,23,22.444000,33
69,24,14.808000,33
69,25,34.991000,37
69,26,32.738000,34
69,27,31.037000,35
69,28,20.993000,32
69,29,15.354000,35
69,30,1.679000,12
69,31,25.305000,26
69,32,21.392000,23
69,33,22.018000,24
69,34,22.370000,24
69,35,19.427000,24
69,36,17.586000,24
69,37,24.172000,25
69,38,23.200000,25
69,39,21.205000,25
69,40,23.915000,25
69,41,17.658000,24
69,42,17.063000,24
69,43,26.250000,25
69,44,26.572000,24
69,45,21.713000,23
69,46,22.244000,23
69,47,19.867000,25
69,48,15.264000,27
69,49,27.031000,28
69,50,27.456000,27
69,51,27.788000,28
69,52,23.278000,28
69,53,17.857000,27
69,54,12.533000,27
69,55,27.012000,28
69,56,25.200000,26
69,57,22.569000,25
69,58,23.142000,25
69,59,19.516000,25
69,60,15.673000,26
69,61,23.246000,25
69,62,23.519000,25
69,63,23.639000,25
69,64,20.475000,23
69,65,19.421000,25
69,66,15.718000,24
69,67,25.316000,26
69,68,16.970000,17
69,69,17.229000,17
69,70,17.225000,17
69,71,19.839000,19
69,72,14.014000,18
69,73,14.335000,17
69,74,15.964000,17
69,75,17.353000,17
69,76,18.098000,19
69,77,18.879000,19
69,78,17.696000,21
69,79,21.212000,23
69,80,22.636000,24
69,81,23.176000,24
69,82,24.209000,24
69,83,19.021000,21
69,84,11.750000,19
69,85,31.172000,29
69,86,29.785000,33
69,87,31.701000,33
69,88,19.014000,31
69,89,20.181000,32
69,90,4.837000,32
69,91,32.252000,32
69,92,31.743000,33
69,93,30.313000,33
69,94,22.161000,32
69,95,7.842000,8
69,96,4.327000,8
70,1,18.410000,17
70,2,17.106000,18
70,3,16.198000,18
70,4,17.188000,17
70,5,20.048000,19
70,6,12.214000,14
70,7,15.947000,14
70,8,14.877000,14
70,9,14.127000,14
70,10,10.419000,12
70,11,16.753000,16
70,12,15.219000,14
70,13,17.656000,16
70,14,12.034000,11
70,15,14.693000,13
70,16,20.595000,20
70,17,12.795000,15
70,18,12.489000,12
70,19,13.389000,13
70,20,31.548000,32
70,21,28.908000,33
70,22,29.627000,34
70,23,21.596000,29
70,24,11.796000,31
70,25,34.156000,36
70,26,32.090000,35
70,27,31.067000,35
70,28,23.193000,34
70,29,14.383000,32
70,30,3.939000,12
70,31,25.311000,27
70,32,22.413000,24
70,33,22.050000,24
70,34,22.519000,24
70,35,18.649000,24
70,36,19.177000,25
70,37,22.674000,25
70,38,22.783000,25
70,39,24.402000,25
70,40,22.110000,25
70,41,18.401000,24
70,42,17.286000,26
70,43,19.929000,24
70,44,25.637000,25
70,45,22.590000,23
70,46,23.380000,23
70,47,18.117000,23
70,48,20.486000,30
70,49,30.380000,32
70,50,24.605000,27
70,51,26.619000,27
70,52,23.695000,27
70,53,18.468000,27
70,54,16.334000,29
70,55,25.285000,26
70,56,30.784000,29
70,57,29.279000,27
70,58,23.589000,25
70,59,17.837000,25
70,60,10.219000,26
70,61,22.618000,24
70,62,23.736000,26
70,63,24.398000,25
70,64,21.715000,24
70,65,19.186000,24
70,66,15.114000,23
70,67,24.458000,26
70,68,18.904000,18
70,69,16.980000,17
70,70,17.533000,17
70,71,16.686000,18
70,72,14.981000,18
70,73,18.302000,17
70,74,18.647000,17
70,75,16.141000,17
70,76,19.316000,18
70,77,11.020000,10
70,78,17.475000,21
70,79,18.284000,20
70,80,25.599000,24
70,81,21.606000,23
70,82,25.479000,24
70,83,17.394000,21
70,84,15.559000,22
70,85,26.945000,29
70,86,29.033000,31
70,87,28.997000,32
70,88,25.567000,32
70,89,18.005000,30
70,90,10.064000,32
70,91,28.640000,31
70,92,28.975000,32
70,93,31.281000,29
70,94,22.960000,32
70,95,7.067000,8
70,96,7.162000,8
71,1,21.015000,17
71,2,16.241000,18
71,3,15.183000,18
71,4,17.760000,17
71,5,21.378000,19
71,6,13.197000,14
71,7,16.902000,14
71,8,15.100000,14
71,9,14.150000,12
71,10,12.575000,13
71,11,14.080000,14
71,12,16.723000,15
71,13,17.632000,16
71,14,13.315000,13
71,15,15.675000,13
71,16,17.582000,18
71,17,13.921000,15
71,18,16.166000,12
71,19,15.922000,13
71,20,28.636000,30
71,21,30.604000,33
71,22,36.583000,37
71,23,20.073000,29
71,24,8.211000,33
71,25,32.183000,34
71,26,29.819000,34
71,27,31.377000,33
71,28,28.356000,34
71,29,15.998000,33
71,30,3.560000,13
71,31,14.431000,12
71,32,20.940000,22
71,33,20.389000,22
71,34,19.769000,22
71,35,23.278000,22
71,36,20.721000,24
71,37,25.975000,26
71,38,24.950000,22
71,39,24.292000,25
71,40,27.212000,25
71,41,18.127000,25
71,42,12.332000,24
71,43,23.802000,24
71,44,21.119000,24
71,45,21.587000,22
71,46,20.804000,22
71,47,23.402000,27
71,48,16.804000,26
71,49,27.331000,27
71,50,25.073000,26
71,51,29.653000,28
71,52,25.835000,26
71,53,16.984000,26
71,54,11.137000,29
71,55,26.004000,27
71,56,21.537000,25
71,57,25.746000,25
71,58,28.167000,25
71,59,17.598000,27
71,60,13.630000,25
71,61,25.000000,24
71,62,22.011000,24
71,63,27.282000,25
71,64,25.330000,25
71,65,18.714000,25
71,66,14.124000,25
71,67,25.984000,24
71,68,19.264000,19
71,69,15.097000,17
71,70,16.459000,17
71,71,18.079000,17
71,72,14.499000,18
71,73,22.746000,18
71,74,14.658000,17
71,75,15.077000,17
71,76,15.326000,17
71,77,23.744000,26
71,78,17.718000,20
71,79,21.648000,23
71,80,23.450000,24
71,81,21.600000,22
71,82,30.219000,25
71,83,18.797000,24
71,84,12.035000,19
71,85,30.201000,29
71,86,27.594000,31
71,87,27.463000,33
71,88,24.861000,30
71,89,20.724000,31
71,90,9.636000,32
71,91,26.745000,30
71,92,29.220000,32
71,93,27.289000,30
71,94,29.008000,32
71,95,7.679000,8
71,96,6.978000,8
72,1,17.245000,16
72,2,17.005000,16
72,3,16.006000,18
72,4,17.530000,17
72,5,18.539000,19
72,6,13.106000,15
72,7,14.376000,14
72,8,15.313000,14
72,9,14.033000,12
72,10,16.014000,13
72,11,12.581000,14
72,12,14.610000,14
72,13,16.258000,16
72,14,12.692000,13
72,15,13.189000,13
72,16,16.820000,18
72,17,13.365000,15
72,18,12.473000,12
72,19,12.782000,13
72,20,31.913000,34
72,21,30.111000,33
72,22,24.457000,30
72,23,21.274000,29
72,24,8.605000,32
72,25,28.075000,33
72,26,29.543000,34
72,27,31.849000,33
72,28,24.000000,32
72,29,13.135000,33
72,30,2.159000,13
72,31,13.562000,12
72,32,29.300000,27
72,33,25.348000,25
72,34,22.189000,24
72,35,14.640000,22
72,36,14.455000,22
72,37,21.399000,23
72,38,19.557000,22
72,39,21.308000,22
72,40,24.439000,25
72,41,19.680000,23
72,42,18.159000,28
72,43,23.070000,24
72,44,24.146000,24
72,45,21.788000,22
72,46,22.379000,22
72,47,19.325000,23
72,48,14.088000,26
72,49,27.407000,28
72,50,24.956000,26
72,51,23.321000,26
72,52,23.302000,26
72,53,18.750000,26
72,54,10.946000,26
72,55,28.997000,31
72,56,24.936000,26
72,57,23.824000,27
72,58,21.337000,25
72,59,19.108000,25
72,60,11.077000,23
72,61,23.902000,25
72,62,22.222000,25
72,63,23.595000,25
72,64,21.616000,21
72,65,19.209000,25
72,66,15.969000,25
72,67,22.434000,24
72,68,19.708000,18
72,69,16.848000,17
72,70,17.856000,18
72,71,14.508000,17
72,72,15.313000,18
72,73,15.277000,17
72,74,15.079000,17
72,75,17.883000,17
72,76,15.703000,17
72,77,21.348000,21
72,78,18.575000,20
72,79,17.833000,21
72,80,25.054000,27
72,81,23.568000,24
72,82,23.650000,24
72,83,19.103000,24
72,84,10.951000,19
72,85,25.980000,29
72,86,27.181000,32
72,87,29.131000,33
72,88,22.716000,30
72,89,21.409000,33
72,90,6.778000,30
72,91,28.961000,30
72,92,27.680000,30
72,93,29.271000,31
72,94,19.759000,29
72,95,7.234000,8
72,96,6.066000,8
73,1,15.384000,16
73,2,15.998000,18
73,3,20.059000,18
73,4,16.763000,17
73,5,17.006000,19
73,6,17.415000,17
73,7,15.366000,14
73,8,16.046000,14
73,9,12.915000,12
73,10,14.949000,14
73,11,15.463000,14
73,12,13.605000,15
73,13,16.095000,16
73,14,15.079000,14
73,15,14.896000,13
73,16,16.809000,18
73,17,13.881000,15
73,18,11.085000,12
73,19,14.659000,13
73,20,37.061000,39
73,21,35.161000,35
73,22,25.057000,32
73,23,16.300000,33
73,24,3.902000,33
73,25,30.666000,33
73,26,28.657000,36
73,27,28.042000,33
73,28,26.405000,33
73,29,18.219000,34
73,30,3.176000,13
73,31,12.351000,12
73,32,22.083000,25
73,33,23.901000,24
73,34,20.161000,22
73,35,22.500000,22
73,36,15.737000,22
73,37,22.575000,24
73,38,20.109000,22
73,39,23.467000,25
73,40,22.772000,24
73,41,19.364000,23
73,42,17.174000,26
73,43,24.809000,26
73,44,23.535000,24
73,45,23.068000,23
73,46,25.195000,27
73,47,19.391000,27
73,48,13.323000,27
73,49,25.763000,26
73,50,28.668000,28
73,51,22.824000,26
73,52,24.198000,26
73,53,16.895000,26
73,54,11.265000,26
73,55,26.489000,27
73,56,22.808000,27
73,57,21.986000,24
73,58,21.611000,25
73,59,17.199000,22
73,60,12.529000,23
73,61,23.133000,24
73,62,26.336000,26
73,63,29.579000,26
73,64,23.679000,25
73,65,17.627000,25
73,66,11.247000,25
73,67,24.030000,24
73,68,15.735000,16
73,69,17.890000,18
73,70,13.443000,17
73,71,17.835000,17
73,72,15.298000,17
73,73,16.621000,17
73,74,15.772000,17
73,75,16.215000,17
73,76,18.232000,17
73,77,17.878000,19
73,78,18.043000,20
73,79,21.025000,23
73,80,23.534000,25
73,81,28.011000,27
73,82,21.879000,22
73,83,17.961000,22
73,84,12.370000,20
73,85,24.812000,27
73,86,29.520000,32
73,87,30.268000,32
73,88,22.120000,30
73,89,21.007000,32
73,90,6.435000,32
73,91,25.824000,30
73,92,27.455000,31
73,93,33.856000,32
73,94,20.959000,29
73,95,6.319000,8
73,96,6.027000,8
74,1,15.796000,16
74,2,15.274000,18
74,3,20.370000,20
74,4,17.315000,17
74,5,21.756000,19
74,6,13.117000,14
74,7,14.049000,14
74,8,13.622000,14
74,9,13.338000,12
74,10,12.585000,13
74,11,13.363000,14
74,12,16.589000,14
74,13,16.387000,16
74,14,14.729000,14
74,15,13.530000,13
74,16,15.593000,18
74,17,18.408000,15
74,18,11.790000,12
74,19,14.932000,13
74,20,30.945000,34
74,21,29.173000,33
74,22,26.260000,32
74,23,22.075000,32
74,24,10.023000,32
74,25,25.180000,31
74,26,32.390000,34
74,27,36.068000,36
74,28,27.050000,40
74,29,14.257000,35
74,30,0.840000,13
74,31,13.460000,12
74,32,19.762000,23
74,33,25.054000,24
74,34,23.075000,23
74,35,21.091000,23
74,36,15.022000,22
74,37,24.595000,26
74,38,24.759000,26
74,39,20.857000,22
74,40,30.673000,26
74,41,15.691000,23
74,42,12.746000,24
74,43,22.992000,24
74,44,23.090000,24
74,45,23.280000,22
74,46,25.538000,27
74,47,20.527000,25
74,48,15.976000,27
74,49,21.278000,25
74,50,25.168000,26
74,51,25.735000,26
74,52,24.486000,26
74,53,21.293000,27
74,54,12.771000,26
74,55,23.867000,27
74,56,27.374000,26
74,57,25.980000,27
74,58,24.707000,25
74,59,16.185000,25
74,60,13.638000,23
74,61,23.000000,24
74,62,24.956000,25
74,63,23.419000,25
74,64,23.546000,25
74,65,22.331000,26
74,66,15.158000,25
74,67,23.003000,24
74,68,15.558000,17
74,69,15.823000,17
74,70,17.020000,17
74,71,17.109000,17
74,72,14.789000,17
74,73,14.899000,17
74,74,14.271000,17
74,75,14.659000,17
74,76,15.027000,17
74,77,25.232000,21
74,78,19.965000,20
74,79,29.234000,30
74,80,22.166000,24
74,81,23.142000,24
74,82,25.979000,24
74,83,16.938000,24
74,84,10.407000,19
74,85,22.173000,27
74,86,26.678000,33
74,87,29.000000,33
74,88,26.592000,32
74,89,21.677000,33
74,90,9.597000,30
74,91,26.564000,33
74,92,24.450000,31
74,93,37.074000,34
74,94,21.049000,30
74,95,6.882000,8
74,96,6.010000,8
