PIPELINE_ENV system=ieee123C_1ph T=3 arm=diag variant=umf_sym repeat=2 umfpack_strategy=3 near_opt_reference=2743.846437667443 near_opt_primal=1e-6 started=2026-09-24T20:46:15
C_B OVERRIDE: 0.001
ieee123C_1ph T=3: nx=51, nu=791, nc=562, dense nu^2=625681, reduced=229
TERMINAL_SOC soft=1 gamma=1.750000e+04
build complete: 2.267 s, nc=562
constructing dynamic Solver storage...
optimality_tolerance=1.000e-07 max_iterations=400
Solver construction complete: 0.310 s
entering solve! ...
[31;1m   
 _____ _ _ _            ____  ____  ____  
|  ___(_) | |_ ___ _ __|  _ \|  _ \|  _ \ 
| |_  | | | __/ _ \ '__| | | | | | | |_) |
|  _| | | | ||  __/ |  | |_| | |_| |  __/ 
|_|   |_|_|\__\___|_|  |____/|____/|_|                 
    
[0mFILTERDDP_TIMING iteration=0 barrier_iteration=0 stage=3 derivative_s=0.277766500 first_order_s=0.081062600 second_order_s=0.098104700 algebra_s=1.693810900 kkt_assembly_s=1.338397700 factor_s=0.394471500 solve_s=0.094226100 update_s=0.595735000 K_nnz=5269 rhs_cols=52 Vxx_nnz=2601
FILTERDDP_TIMING iteration=0 barrier_iteration=0 stage=2 derivative_s=0.047630200 first_order_s=0.022219800 second_order_s=0.025329700 algebra_s=0.001197700 kkt_assembly_s=0.114188300 factor_s=0.002059300 solve_s=0.001074700 update_s=0.149852900 K_nnz=5269 rhs_cols=52 Vxx_nnz=2601
FILTERDDP_TIMING iteration=0 barrier_iteration=0 stage=1 derivative_s=0.000655800 first_order_s=0.000493500 second_order_s=0.000131000 algebra_s=0.000401400 kkt_assembly_s=0.000254300 factor_s=0.002355100 solve_s=0.001168200 update_s=0.000287700 K_nnz=5269 rhs_cols=52 Vxx_nnz=2601
FILTERDDP_FEASIBILITY iteration=0 barrier_iteration=0 equality_count=1686 equality_rms=4.302309408669e-02 equality_max=1.000000000000e+00 equality_worst_stage=3 equality_worst_index=1 dynamics_count=102 dynamics_rms=0.000000000000e+00 dynamics_max=0.000000000000e+00 dynamics_worst_stage=0 dynamics_worst_index=0 bound_count=2451 bound_rms=0.000000000000e+00 bound_max=0.000000000000e+00 bound_worst_stage=0 bound_worst_index=0 bound_worst_kind=none
  iter     objective        pr_inf       du_inf       cs_inf     lg(μ)   lg(reg)    alpha     ls
     0   3.36000000e+03   1.0000e+00   1.5347e+03   1.0000e+00    0.00      -     0.0000e+00   0
FILTERDDP_ITER_TIMING iteration=0 barrier_iteration=0 backward_s=13.476903500 forward_s=0.946796100 total_s=14.423699600 outcome=accepted step_size=6.250000000e-02 backtracks=0 mu=1.000000000e+00
FILTERDDP_TIMING iteration=1 barrier_iteration=0 stage=3 derivative_s=0.000752500 first_order_s=0.000497400 second_order_s=0.000204100 algebra_s=0.001287400 kkt_assembly_s=0.000378100 factor_s=0.001931500 solve_s=0.001051500 update_s=0.001045700 K_nnz=5269 rhs_cols=52 Vxx_nnz=2601
FILTERDDP_TIMING iteration=1 barrier_iteration=0 stage=2 derivative_s=0.002182900 first_order_s=0.001409800 second_order_s=0.000707500 algebra_s=0.001161500 kkt_assembly_s=0.000780500 factor_s=0.007038300 solve_s=0.003733200 update_s=0.000744600 K_nnz=5269 rhs_cols=52 Vxx_nnz=2601
FILTERDDP_TIMING iteration=1 barrier_iteration=0 stage=1 derivative_s=0.001906100 first_order_s=0.001303100 second_order_s=0.000545100 algebra_s=0.001242600 kkt_assembly_s=0.388759300 factor_s=0.002358000 solve_s=0.001194700 update_s=0.000327900 K_nnz=5269 rhs_cols=52 Vxx_nnz=2601
FILTERDDP_FEASIBILITY iteration=1 barrier_iteration=0 equality_count=1686 equality_rms=4.042971796320e-02 equality_max=9.375000000000e-01 equality_worst_stage=3 equality_worst_index=1 dynamics_count=102 dynamics_rms=0.000000000000e+00 dynamics_max=0.000000000000e+00 dynamics_worst_stage=0 dynamics_worst_index=0 bound_count=2451 bound_rms=0.000000000000e+00 bound_max=0.000000000000e+00 bound_worst_stage=0 bound_worst_index=0 bound_worst_kind=none
     1   3.46717616e+03   9.3750e-01   1.4388e+03   1.0000e+00    0.00      -     6.2500e-02   0
FILTERDDP_ITER_TIMING iteration=1 barrier_iteration=0 backward_s=0.418306400 forward_s=0.003078200 total_s=0.421384600 outcome=accepted step_size=1.250000000e-01 backtracks=0 mu=1.000000000e+00
FILTERDDP_TIMING iteration=2 barrier_iteration=0 stage=3 derivative_s=0.000659600 first_order_s=0.000397800 second_order_s=0.000243000 algebra_s=0.001312100 kkt_assembly_s=0.000445100 factor_s=0.002069700 solve_s=0.001161700 update_s=0.000649800 K_nnz=5269 rhs_cols=52 Vxx_nnz=2601
FILTERDDP_TIMING iteration=2 barrier_iteration=0 stage=2 derivative_s=0.000879600 first_order_s=0.000649700 second_order_s=0.000210300 algebra_s=0.000624200 kkt_assembly_s=0.000353300 factor_s=0.001999500 solve_s=0.001047000 update_s=0.000273900 K_nnz=5269 rhs_cols=52 Vxx_nnz=2601
FILTERDDP_TIMING iteration=2 barrier_iteration=0 stage=1 derivative_s=0.000687300 first_order_s=0.000465400 second_order_s=0.000205900 algebra_s=0.000541800 kkt_assembly_s=0.000292600 factor_s=0.001991800 solve_s=0.001172600 update_s=0.000257300 K_nnz=5269 rhs_cols=52 Vxx_nnz=2601
FILTERDDP_FEASIBILITY iteration=2 barrier_iteration=0 equality_count=1686 equality_rms=3.577416476687e-02 equality_max=8.203125000000e-01 equality_worst_stage=2 equality_worst_index=1 dynamics_count=102 dynamics_rms=0.000000000000e+00 dynamics_max=0.000000000000e+00 dynamics_worst_stage=0 dynamics_worst_index=0 bound_count=2451 bound_rms=0.000000000000e+00 bound_max=0.000000000000e+00 bound_worst_stage=0 bound_worst_index=0 bound_worst_kind=none
     2   3.58197101e+03   8.2031e-01   1.2589e+03   1.0000e+00    0.00      -     1.2500e-01   0
FILTERDDP_ITER_TIMING iteration=2 barrier_iteration=0 backward_s=0.016721100 forward_s=0.002467600 total_s=0.019188700 outcome=accepted step_size=2.500000000e-01 backtracks=0 mu=1.000000000e+00
FILTERDDP_TIMING iteration=3 barrier_iteration=0 stage=3 derivative_s=0.000587400 first_order_s=0.000381700 second_order_s=0.000192200 algebra_s=0.002343900 kkt_assembly_s=0.001490100 factor_s=0.006919100 solve_s=0.003293400 update_s=0.001271400 K_nnz=5269 rhs_cols=52 Vxx_nnz=2601
FILTERDDP_TIMING iteration=3 barrier_iteration=0 stage=2 derivative_s=0.002070800 first_order_s=0.001457600 second_order_s=0.000557700 algebra_s=0.001718700 kkt_assembly_s=0.000906300 factor_s=0.007084100 solve_s=0.003534900 update_s=0.000677300 K_nnz=5269 rhs_cols=52 Vxx_nnz=2601
FILTERDDP_TIMING iteration=3 barrier_iteration=0 stage=1 derivative_s=0.002006900 first_order_s=0.001429700 second_order_s=0.000520900 algebra_s=0.001573200 kkt_assembly_s=0.000800800 factor_s=0.006200500 solve_s=0.002887400 update_s=0.000609100 K_nnz=5269 rhs_cols=52 Vxx_nnz=2601
FILTERDDP_FEASIBILITY iteration=3 barrier_iteration=0 equality_count=1686 equality_rms=2.901942851219e-02 equality_max=6.152343750000e-01 equality_worst_stage=3 equality_worst_index=1 dynamics_count=102 dynamics_rms=0.000000000000e+00 dynamics_max=0.000000000000e+00 dynamics_worst_stage=0 dynamics_worst_index=0 bound_count=2451 bound_rms=0.000000000000e+00 bound_max=0.000000000000e+00 bound_worst_stage=0 bound_worst_index=0 bound_worst_kind=none
     3   3.58430462e+03   6.1523e-01   9.4420e+02   9.9999e-01    0.00      -     2.5000e-01   0
FILTERDDP_ITER_TIMING iteration=3 barrier_iteration=0 backward_s=0.046513000 forward_s=0.007390900 total_s=0.053903900 outcome=accepted step_size=2.500000000e-01 backtracks=0 mu=1.000000000e+00
FILTERDDP_TIMING iteration=4 barrier_iteration=0 stage=3 derivative_s=0.001064600 first_order_s=0.000780400 second_order_s=0.000265600 algebra_s=0.001536100 kkt_assembly_s=0.000721900 factor_s=0.002696100 solve_s=0.001192000 update_s=0.000783300 K_nnz=5269 rhs_cols=52 Vxx_nnz=2601
FILTERDDP_TIMING iteration=4 barrier_iteration=0 stage=2 derivative_s=0.000759100 first_order_s=0.000525400 second_order_s=0.000215000 algebra_s=0.000782300 kkt_assembly_s=0.000390100 factor_s=0.002458500 solve_s=0.001159100 update_s=0.000289800 K_nnz=5269 rhs_cols=52 Vxx_nnz=2601
FILTERDDP_TIMING iteration=4 barrier_iteration=0 stage=1 derivative_s=0.000792600 first_order_s=0.000486000 second_order_s=0.000291000 algebra_s=0.000545600 kkt_assembly_s=0.000299600 factor_s=0.002139400 solve_s=0.001069400 update_s=0.000244800 K_nnz=5269 rhs_cols=52 Vxx_nnz=2601
FILTERDDP_FEASIBILITY iteration=4 barrier_iteration=0 equality_count=1686 equality_rms=2.308839975126e-02 equality_max=4.614257812500e-01 equality_worst_stage=3 equality_worst_index=1 dynamics_count=102 dynamics_rms=0.000000000000e+00 dynamics_max=0.000000000000e+00 dynamics_worst_stage=0 dynamics_worst_index=0 bound_count=2451 bound_rms=0.000000000000e+00 bound_max=0.000000000000e+00 bound_worst_stage=0 bound_worst_index=0 bound_worst_kind=none
     4   3.55885273e+03   4.6143e-01   7.0815e+02   9.9999e-01    0.00      -     2.5000e-01   0
FILTERDDP_ITER_TIMING iteration=4 barrier_iteration=0 backward_s=0.019257200 forward_s=0.002273100 total_s=0.021530300 outcome=accepted step_size=5.000000000e-01 backtracks=0 mu=1.000000000e+00
FILTERDDP_TIMING iteration=5 barrier_iteration=0 stage=3 derivative_s=0.000643800 first_order_s=0.000429200 second_order_s=0.000200100 algebra_s=0.002453700 kkt_assembly_s=0.001391100 factor_s=0.007041400 solve_s=0.003287700 update_s=0.001219800 K_nnz=5269 rhs_cols=52 Vxx_nnz=2601
FILTERDDP_TIMING iteration=5 barrier_iteration=0 stage=2 derivative_s=0.001955800 first_order_s=0.001344800 second_order_s=0.000551400 algebra_s=0.001906000 kkt_assembly_s=0.000775700 factor_s=0.005144900 solve_s=0.002552700 update_s=0.000880700 K_nnz=5269 rhs_cols=52 Vxx_nnz=2601
FILTERDDP_TIMING iteration=5 barrier_iteration=0 stage=1 derivative_s=0.001136500 first_order_s=0.000799900 second_order_s=0.000300100 algebra_s=0.000841300 kkt_assembly_s=0.000352300 factor_s=0.002905100 solve_s=0.001487100 update_s=0.000336700 K_nnz=5269 rhs_cols=52 Vxx_nnz=2601
FILTERDDP_FEASIBILITY iteration=5 barrier_iteration=0 equality_count=1686 equality_rms=1.552452974136e-02 equality_max=2.307128906251e-01 equality_worst_stage=3 equality_worst_index=1 dynamics_count=102 dynamics_rms=0.000000000000e+00 dynamics_max=0.000000000000e+00 dynamics_worst_stage=0 dynamics_worst_index=0 bound_count=2451 bound_rms=0.000000000000e+00 bound_max=0.000000000000e+00 bound_worst_stage=0 bound_worst_index=0 bound_worst_kind=none
     5   3.51182058e+03   2.3071e-01   3.3799e+02   9.9998e-01    0.00      -     5.0000e-01   0
FILTERDDP_ITER_TIMING iteration=5 barrier_iteration=0 backward_s=0.036842000 forward_s=0.002838100 total_s=0.039680100 outcome=accepted step_size=5.000000000e-01 backtracks=0 mu=1.000000000e+00
FILTERDDP_TIMING iteration=6 barrier_iteration=0 stage=3 derivative_s=0.000823600 first_order_s=0.000564100 second_order_s=0.000241300 algebra_s=0.001127900 kkt_assembly_s=0.000422900 factor_s=0.002281600 solve_s=0.000977500 update_s=0.000639500 K_nnz=5269 rhs_cols=52 Vxx_nnz=2601
FILTERDDP_TIMING iteration=6 barrier_iteration=0 stage=2 derivative_s=0.000674800 first_order_s=0.000471400 second_order_s=0.000186400 algebra_s=0.000735400 kkt_assembly_s=0.000262600 factor_s=0.002338500 solve_s=0.001169900 update_s=0.000301600 K_nnz=5269 rhs_cols=52 Vxx_nnz=2601
FILTERDDP_TIMING iteration=6 barrier_iteration=0 stage=1 derivative_s=0.000793600 first_order_s=0.000554200 second_order_s=0.000224200 algebra_s=0.000837800 kkt_assembly_s=0.000476000 factor_s=0.002318400 solve_s=0.001106500 update_s=0.000259600 K_nnz=5269 rhs_cols=52 Vxx_nnz=2601
FILTERDDP_FEASIBILITY iteration=6 barrier_iteration=0 equality_count=1686 equality_rms=8.815715459903e-03 equality_max=1.153564453126e-01 equality_worst_stage=3 equality_worst_index=1 dynamics_count=102 dynamics_rms=0.000000000000e+00 dynamics_max=0.000000000000e+00 dynamics_worst_stage=0 dynamics_worst_index=0 bound_count=2451 bound_rms=0.000000000000e+00 bound_max=0.000000000000e+00 bound_worst_stage=0 bound_worst_index=0 bound_worst_kind=none
     6   3.48680362e+03   1.1536e-01   1.4631e+02   9.9999e-01    0.00      -     5.0000e-01   0
FILTERDDP_ITER_TIMING iteration=6 barrier_iteration=0 backward_s=0.017788700 forward_s=0.002177400 total_s=0.019966100 outcome=accepted step_size=5.000000000e-01 backtracks=0 mu=1.000000000e+00
FILTERDDP_TIMING iteration=7 barrier_iteration=0 stage=3 derivative_s=0.000625600 first_order_s=0.000408200 second_order_s=0.000204300 algebra_s=0.002306100 kkt_assembly_s=0.001238600 factor_s=0.006798300 solve_s=0.003732800 update_s=0.001229300 K_nnz=5269 rhs_cols=52 Vxx_nnz=2601
FILTERDDP_TIMING iteration=7 barrier_iteration=0 stage=2 derivative_s=0.002132800 first_order_s=0.001504300 second_order_s=0.000574600 algebra_s=0.001699200 kkt_assembly_s=0.000927900 factor_s=0.007023200 solve_s=0.003689200 update_s=0.000598400 K_nnz=5269 rhs_cols=52 Vxx_nnz=2601
FILTERDDP_TIMING iteration=7 barrier_iteration=0 stage=1 derivative_s=0.001692500 first_order_s=0.001055100 second_order_s=0.000585500 algebra_s=0.001227700 kkt_assembly_s=0.000704700 factor_s=0.005231000 solve_s=0.001930400 update_s=0.000398400 K_nnz=5269 rhs_cols=52 Vxx_nnz=2601
FILTERDDP_FEASIBILITY iteration=7 barrier_iteration=0 equality_count=1686 equality_rms=4.852129032391e-03 equality_max=5.767822265628e-02 equality_worst_stage=3 equality_worst_index=1 dynamics_count=102 dynamics_rms=0.000000000000e+00 dynamics_max=0.000000000000e+00 dynamics_worst_stage=0 dynamics_worst_index=0 bound_count=2451 bound_rms=0.000000000000e+00 bound_max=0.000000000000e+00 bound_worst_stage=0 bound_worst_index=0 bound_worst_kind=none
     7   3.47564478e+03   5.7678e-02   6.8401e+01   9.9999e-01    0.00      -     5.0000e-01   0
FILTERDDP_ITER_TIMING iteration=7 barrier_iteration=0 backward_s=0.043680500 forward_s=0.003292000 total_s=0.046972500 outcome=accepted step_size=5.000000000e-01 backtracks=0 mu=1.000000000e+00
FILTERDDP_TIMING iteration=8 barrier_iteration=0 stage=3 derivative_s=0.000989200 first_order_s=0.000644700 second_order_s=0.000324100 algebra_s=0.002103500 kkt_assembly_s=0.001376600 factor_s=0.006845700 solve_s=0.003751000 update_s=0.001159000 K_nnz=5269 rhs_cols=52 Vxx_nnz=2601
FILTERDDP_TIMING iteration=8 barrier_iteration=0 stage=2 derivative_s=0.002025100 first_order_s=0.001414800 second_order_s=0.000554600 algebra_s=0.001621500 kkt_assembly_s=0.000909700 factor_s=0.006169200 solve_s=0.003204400 update_s=0.000526900 K_nnz=5269 rhs_cols=52 Vxx_nnz=2601
FILTERDDP_TIMING iteration=8 barrier_iteration=0 stage=1 derivative_s=0.001372600 first_order_s=0.000946700 second_order_s=0.000386900 algebra_s=0.000970000 kkt_assembly_s=0.000699500 factor_s=0.003261800 solve_s=0.001583700 update_s=0.000290400 K_nnz=5269 rhs_cols=52 Vxx_nnz=2601
FILTERDDP_FEASIBILITY iteration=8 barrier_iteration=0 equality_count=1686 equality_rms=3.164107638480e-03 equality_max=2.969733151881e-02 equality_worst_stage=3 equality_worst_index=385 dynamics_count=102 dynamics_rms=0.000000000000e+00 dynamics_max=0.000000000000e+00 dynamics_worst_stage=0 dynamics_worst_index=0 bound_count=2451 bound_rms=0.000000000000e+00 bound_max=0.000000000000e+00 bound_worst_stage=0 bound_worst_index=0 bound_worst_kind=none
     8   3.47088706e+03   2.9697e-02   3.3068e+01   1.0000e+00    0.00      -     5.0000e-01   0
FILTERDDP_ITER_TIMING iteration=8 barrier_iteration=0 backward_s=0.039299000 forward_s=0.002454000 total_s=0.041753000 outcome=accepted step_size=5.000000000e-01 backtracks=0 mu=1.000000000e+00
FILTERDDP_TIMING iteration=9 barrier_iteration=0 stage=3 derivative_s=0.000907200 first_order_s=0.000564600 second_order_s=0.000325200 algebra_s=0.003433300 kkt_assembly_s=0.001424300 factor_s=0.007128500 solve_s=0.003479800 update_s=0.001053500 K_nnz=5269 rhs_cols=52 Vxx_nnz=2601
FILTERDDP_TIMING iteration=9 barrier_iteration=0 stage=2 derivative_s=0.002407200 first_order_s=0.001664100 second_order_s=0.000668900 algebra_s=0.002085800 kkt_assembly_s=0.000950000 factor_s=0.005545200 solve_s=0.003173500 update_s=0.000566200 K_nnz=5269 rhs_cols=52 Vxx_nnz=2601
FILTERDDP_TIMING iteration=9 barrier_iteration=0 stage=1 derivative_s=0.001363200 first_order_s=0.001044100 second_order_s=0.000297000 algebra_s=0.000877700 kkt_assembly_s=0.000508100 factor_s=0.003411400 solve_s=0.001950200 update_s=0.000400300 K_nnz=5269 rhs_cols=52 Vxx_nnz=2601
FILTERDDP_FEASIBILITY iteration=9 barrier_iteration=0 equality_count=1686 equality_rms=2.752722234308e-03 equality_max=3.842546911802e-02 equality_worst_stage=2 equality_worst_index=384 dynamics_count=102 dynamics_rms=0.000000000000e+00 dynamics_max=0.000000000000e+00 dynamics_worst_stage=0 dynamics_worst_index=0 bound_count=2451 bound_rms=0.000000000000e+00 bound_max=0.000000000000e+00 bound_worst_stage=0 bound_worst_index=0 bound_worst_kind=none
     9   3.46918417e+03   3.8425e-02   1.6206e+01   1.0000e+00    0.00      -     5.0000e-01   0
FILTERDDP_ITER_TIMING iteration=9 barrier_iteration=0 backward_s=0.041222900 forward_s=0.002830300 total_s=0.044053200 outcome=accepted step_size=5.000000000e-01 backtracks=0 mu=1.000000000e+00
FILTERDDP_TIMING iteration=10 barrier_iteration=0 stage=3 derivative_s=0.000686100 first_order_s=0.000409300 second_order_s=0.000263300 algebra_s=0.002790900 kkt_assembly_s=0.038823300 factor_s=0.002204400 solve_s=0.001090500 update_s=0.000908200 K_nnz=5269 rhs_cols=52 Vxx_nnz=2601
FILTERDDP_TIMING iteration=10 barrier_iteration=0 stage=2 derivative_s=0.002540800 first_order_s=0.001799700 second_order_s=0.000689000 algebra_s=0.001581700 kkt_assembly_s=0.000639000 factor_s=0.002523500 solve_s=0.001146600 update_s=0.000300300 K_nnz=5269 rhs_cols=52 Vxx_nnz=2601
FILTERDDP_TIMING iteration=10 barrier_iteration=0 stage=1 derivative_s=0.000712100 first_order_s=0.000484400 second_order_s=0.000211300 algebra_s=0.000576100 kkt_assembly_s=0.000311000 factor_s=0.002265800 solve_s=0.001208400 update_s=0.000262400 K_nnz=5269 rhs_cols=52 Vxx_nnz=2601
FILTERDDP_FEASIBILITY iteration=10 barrier_iteration=0 equality_count=1686 equality_rms=2.731324164835e-03 equality_max=4.312357796286e-02 equality_worst_stage=2 equality_worst_index=384 dynamics_count=102 dynamics_rms=0.000000000000e+00 dynamics_max=0.000000000000e+00 dynamics_worst_stage=0 dynamics_worst_index=0 bound_count=2451 bound_rms=0.000000000000e+00 bound_max=0.000000000000e+00 bound_worst_stage=0 bound_worst_index=0 bound_worst_kind=none
FILTERDDP_ITER_TIMING iteration=10 barrier_iteration=0 backward_s=0.060867700 forward_s=0.000000000 total_s=0.060867700 outcome=barrier_update step_size=5.000000000e-01 backtracks=0 mu=1.000000000e+00
FILTERDDP_TIMING iteration=10 barrier_iteration=1 stage=3 derivative_s=0.000723900 first_order_s=0.000488300 second_order_s=0.000194900 algebra_s=0.001337700 kkt_assembly_s=0.000415000 factor_s=0.001919200 solve_s=0.001077200 update_s=0.000776900 K_nnz=5269 rhs_cols=52 Vxx_nnz=2601
FILTERDDP_TIMING iteration=10 barrier_iteration=1 stage=2 derivative_s=0.001900200 first_order_s=0.001292600 second_order_s=0.000545800 algebra_s=0.001213600 kkt_assembly_s=0.000917100 factor_s=0.007128900 solve_s=0.003727100 update_s=0.000684600 K_nnz=5269 rhs_cols=52 Vxx_nnz=2601
FILTERDDP_TIMING iteration=10 barrier_iteration=1 stage=1 derivative_s=0.001878100 first_order_s=0.001313900 second_order_s=0.000507100 algebra_s=0.001176300 kkt_assembly_s=0.000850000 factor_s=0.005862300 solve_s=0.002503400 update_s=0.000518600 K_nnz=5269 rhs_cols=52 Vxx_nnz=2601
FILTERDDP_FEASIBILITY iteration=10 barrier_iteration=1 equality_count=1686 equality_rms=2.731324164835e-03 equality_max=4.312357796286e-02 equality_worst_stage=2 equality_worst_index=384 dynamics_count=102 dynamics_rms=0.000000000000e+00 dynamics_max=0.000000000000e+00 dynamics_worst_stage=0 dynamics_worst_index=0 bound_count=2451 bound_rms=0.000000000000e+00 bound_max=0.000000000000e+00 bound_worst_stage=0 bound_worst_index=0 bound_worst_kind=none
  iter     objective        pr_inf       du_inf       cs_inf     lg(μ)   lg(reg)    alpha     ls
    10   3.46902983e+03   4.3124e-02   7.9680e+00   1.0000e+00   -0.70      -     5.0000e-01   0
FILTERDDP_ITER_TIMING iteration=10 barrier_iteration=1 backward_s=0.035092900 forward_s=0.004318500 total_s=0.039411400 outcome=accepted step_size=5.000000000e-01 backtracks=0 mu=2.000000000e-01
FILTERDDP_TIMING iteration=11 barrier_iteration=1 stage=3 derivative_s=0.000958200 first_order_s=0.000666900 second_order_s=0.000271500 algebra_s=0.001622400 kkt_assembly_s=0.000641700 factor_s=0.002902800 solve_s=0.001404200 update_s=0.000706900 K_nnz=5269 rhs_cols=52 Vxx_nnz=2601
FILTERDDP_TIMING iteration=11 barrier_iteration=1 stage=2 derivative_s=0.000905000 first_order_s=0.000664000 second_order_s=0.000221700 algebra_s=0.000839400 kkt_assembly_s=0.000363800 factor_s=0.002170400 solve_s=0.001011700 update_s=0.000228900 K_nnz=5269 rhs_cols=52 Vxx_nnz=2601
FILTERDDP_TIMING iteration=11 barrier_iteration=1 stage=1 derivative_s=0.000599800 first_order_s=0.000410300 second_order_s=0.000173300 algebra_s=0.000594000 kkt_assembly_s=0.000296500 factor_s=0.002299500 solve_s=0.001073700 update_s=0.000262800 K_nnz=5269 rhs_cols=52 Vxx_nnz=2601
FILTERDDP_FEASIBILITY iteration=11 barrier_iteration=1 equality_count=1686 equality_rms=1.246286025961e-02 equality_max=1.316536437007e-01 equality_worst_stage=2 equality_worst_index=509 dynamics_count=102 dynamics_rms=0.000000000000e+00 dynamics_max=0.000000000000e+00 dynamics_worst_stage=0 dynamics_worst_index=0 bound_count=2451 bound_rms=0.000000000000e+00 bound_max=0.000000000000e+00 bound_worst_stage=0 bound_worst_index=0 bound_worst_kind=none
    11   3.22134575e+03   1.3165e-01   4.3608e+00   6.3629e-01   -0.70      -     5.0000e-01   0
FILTERDDP_ITER_TIMING iteration=11 barrier_iteration=1 backward_s=0.019171500 forward_s=0.002605400 total_s=0.021776900 outcome=accepted step_size=5.000000000e-01 backtracks=0 mu=2.000000000e-01
FILTERDDP_TIMING iteration=12 barrier_iteration=1 stage=3 derivative_s=0.000763400 first_order_s=0.000458200 second_order_s=0.000291200 algebra_s=0.002598000 kkt_assembly_s=0.001463100 factor_s=0.006673300 solve_s=0.003548600 update_s=0.001410700 K_nnz=5269 rhs_cols=52 Vxx_nnz=2601
FILTERDDP_TIMING iteration=12 barrier_iteration=1 stage=2 derivative_s=0.002281000 first_order_s=0.001662600 second_order_s=0.000563800 algebra_s=0.001886500 kkt_assembly_s=0.000779900 factor_s=0.006228500 solve_s=0.002623900 update_s=0.000442100 K_nnz=5269 rhs_cols=52 Vxx_nnz=2601
FILTERDDP_TIMING iteration=12 barrier_iteration=1 stage=1 derivative_s=0.001232900 first_order_s=0.000883800 second_order_s=0.000310200 algebra_s=0.000893700 kkt_assembly_s=0.000549000 factor_s=0.004045400 solve_s=0.002107200 update_s=0.000289700 K_nnz=5269 rhs_cols=52 Vxx_nnz=2601
FILTERDDP_FEASIBILITY iteration=12 barrier_iteration=1 equality_count=1686 equality_rms=2.320551899874e-02 equality_max=2.915666740331e-01 equality_worst_stage=3 equality_worst_index=509 dynamics_count=102 dynamics_rms=0.000000000000e+00 dynamics_max=0.000000000000e+00 dynamics_worst_stage=0 dynamics_worst_index=0 bound_count=2451 bound_rms=0.000000000000e+00 bound_max=0.000000000000e+00 bound_worst_stage=0 bound_worst_index=0 bound_worst_kind=none
    12   3.07201586e+03   2.9157e-01   2.2372e+00   4.3634e-01   -0.70      -     5.0000e-01   0
FILTERDDP_ITER_TIMING iteration=12 barrier_iteration=1 backward_s=0.040250800 forward_s=0.002253300 total_s=0.042504100 outcome=accepted step_size=5.000000000e-01 backtracks=0 mu=2.000000000e-01
FILTERDDP_TIMING iteration=13 barrier_iteration=1 stage=3 derivative_s=0.000679900 first_order_s=0.000440300 second_order_s=0.000221700 algebra_s=0.001466600 kkt_assembly_s=0.000488700 factor_s=0.002350900 solve_s=0.001115000 update_s=0.000867000 K_nnz=5269 rhs_cols=52 Vxx_nnz=2601
FILTERDDP_TIMING iteration=13 barrier_iteration=1 stage=2 derivative_s=0.002001300 first_order_s=0.001316300 second_order_s=0.000628000 algebra_s=0.001833100 kkt_assembly_s=0.001041300 factor_s=0.006779900 solve_s=0.003444900 update_s=0.000648100 K_nnz=5269 rhs_cols=52 Vxx_nnz=2601
FILTERDDP_TIMING iteration=13 barrier_iteration=1 stage=1 derivative_s=0.001785700 first_order_s=0.001206600 second_order_s=0.000528000 algebra_s=0.001737000 kkt_assembly_s=0.000881800 factor_s=0.004483800 solve_s=0.002270900 update_s=0.000475900 K_nnz=5269 rhs_cols=52 Vxx_nnz=2601
FILTERDDP_FEASIBILITY iteration=13 barrier_iteration=1 equality_count=1686 equality_rms=3.326720206133e-02 equality_max=4.388660913965e-01 equality_worst_stage=3 equality_worst_index=509 dynamics_count=102 dynamics_rms=0.000000000000e+00 dynamics_max=0.000000000000e+00 dynamics_worst_stage=0 dynamics_worst_index=0 bound_count=2451 bound_rms=0.000000000000e+00 bound_max=0.000000000000e+00 bound_worst_stage=0 bound_worst_index=0 bound_worst_kind=none
FILTERDDP_ITER_TIMING iteration=13 barrier_iteration=1 backward_s=0.034794000 forward_s=0.000000000 total_s=0.034794000 outcome=barrier_update step_size=5.000000000e-01 backtracks=0 mu=2.000000000e-01
FILTERDDP_TIMING iteration=13 barrier_iteration=2 stage=3 derivative_s=0.001418900 first_order_s=0.000979100 second_order_s=0.000414500 algebra_s=0.001854700 kkt_assembly_s=0.000628400 factor_s=0.002756400 solve_s=0.001267900 update_s=0.000596300 K_nnz=5269 rhs_cols=52 Vxx_nnz=2601
FILTERDDP_TIMING iteration=13 barrier_iteration=2 stage=2 derivative_s=0.000895000 first_order_s=0.000551500 second_order_s=0.000324200 algebra_s=0.000870200 kkt_assembly_s=0.000341800 factor_s=0.002650100 solve_s=0.001080300 update_s=0.000240700 K_nnz=5269 rhs_cols=52 Vxx_nnz=2601
FILTERDDP_TIMING iteration=13 barrier_iteration=2 stage=1 derivative_s=0.000632500 first_order_s=0.000445300 second_order_s=0.000171500 algebra_s=0.000678000 kkt_assembly_s=0.000317800 factor_s=0.002230100 solve_s=0.001055900 update_s=0.000254300 K_nnz=5269 rhs_cols=52 Vxx_nnz=2601
FILTERDDP_FEASIBILITY iteration=13 barrier_iteration=2 equality_count=1686 equality_rms=3.326720206133e-02 equality_max=4.388660913965e-01 equality_worst_stage=3 equality_worst_index=509 dynamics_count=102 dynamics_rms=0.000000000000e+00 dynamics_max=0.000000000000e+00 dynamics_worst_stage=0 dynamics_worst_index=0 bound_count=2451 bound_rms=0.000000000000e+00 bound_max=0.000000000000e+00 bound_worst_stage=0 bound_worst_index=0 bound_worst_kind=none
    13   2.99247307e+03   4.3887e-01   1.2960e+00   3.2607e-01   -1.40      -     5.0000e-01   0
FILTERDDP_ITER_TIMING iteration=13 barrier_iteration=2 backward_s=0.020040300 forward_s=0.002063000 total_s=0.022103300 outcome=accepted step_size=5.000000000e-01 backtracks=0 mu=4.000000000e-02
FILTERDDP_TIMING iteration=14 barrier_iteration=2 stage=3 derivative_s=0.000627800 first_order_s=0.000398300 second_order_s=0.000216100 algebra_s=0.001245400 kkt_assembly_s=0.000462900 factor_s=0.002162800 solve_s=0.001032000 update_s=0.000607500 K_nnz=5269 rhs_cols=52 Vxx_nnz=2601
FILTERDDP_TIMING iteration=14 barrier_iteration=2 stage=2 derivative_s=0.000675900 first_order_s=0.000462200 second_order_s=0.000199100 algebra_s=0.000604700 kkt_assembly_s=0.000293500 factor_s=0.002004200 solve_s=0.010358300 update_s=0.000222400 K_nnz=5269 rhs_cols=52 Vxx_nnz=2601
FILTERDDP_TIMING iteration=14 barrier_iteration=2 stage=1 derivative_s=0.000567700 first_order_s=0.000395200 second_order_s=0.000158400 algebra_s=0.000385200 kkt_assembly_s=0.000221900 factor_s=0.002118600 solve_s=0.001085600 update_s=0.000296200 K_nnz=5269 rhs_cols=52 Vxx_nnz=2601
FILTERDDP_FEASIBILITY iteration=14 barrier_iteration=2 equality_count=1686 equality_rms=2.503605754166e-02 equality_max=3.441761729224e-01 equality_worst_stage=3 equality_worst_index=509 dynamics_count=102 dynamics_rms=0.000000000000e+00 dynamics_max=0.000000000000e+00 dynamics_worst_stage=0 dynamics_worst_index=0 bound_count=2451 bound_rms=0.000000000000e+00 bound_max=0.000000000000e+00 bound_worst_stage=0 bound_worst_index=0 bound_worst_kind=none
    14   2.88941720e+03   3.4418e-01   1.3857e+00   1.9845e-01   -1.40      -     5.0000e-01   0
FILTERDDP_ITER_TIMING iteration=14 barrier_iteration=2 backward_s=0.025209800 forward_s=0.002714100 total_s=0.027923900 outcome=accepted step_size=5.000000000e-01 backtracks=0 mu=4.000000000e-02
FILTERDDP_TIMING iteration=15 barrier_iteration=2 stage=3 derivative_s=0.002367200 first_order_s=0.001815000 second_order_s=0.000505400 algebra_s=0.002546100 kkt_assembly_s=0.000754500 factor_s=0.006219800 solve_s=0.003176000 update_s=0.001059100 K_nnz=5269 rhs_cols=52 Vxx_nnz=2601
FILTERDDP_TIMING iteration=15 barrier_iteration=2 stage=2 derivative_s=0.001914600 first_order_s=0.001347600 second_order_s=0.000509300 algebra_s=0.001070000 kkt_assembly_s=0.000676900 factor_s=0.005881200 solve_s=0.003620800 update_s=0.000617300 K_nnz=5269 rhs_cols=52 Vxx_nnz=2601
FILTERDDP_TIMING iteration=15 barrier_iteration=2 stage=1 derivative_s=0.002049300 first_order_s=0.001514700 second_order_s=0.000480900 algebra_s=0.001060400 kkt_assembly_s=0.000664700 factor_s=0.004919000 solve_s=0.002859400 update_s=0.000509300 K_nnz=5269 rhs_cols=52 Vxx_nnz=2601
FILTERDDP_FEASIBILITY iteration=15 barrier_iteration=2 equality_count=1686 equality_rms=2.491466845434e-02 equality_max=3.637449904608e-01 equality_worst_stage=3 equality_worst_index=509 dynamics_count=102 dynamics_rms=0.000000000000e+00 dynamics_max=0.000000000000e+00 dynamics_worst_stage=0 dynamics_worst_index=0 bound_count=2451 bound_rms=0.000000000000e+00 bound_max=0.000000000000e+00 bound_worst_stage=0 bound_worst_index=0 bound_worst_kind=none
    15   2.83534050e+03   3.6374e-01   1.1484e+00   1.2655e-01   -1.40      -     5.0000e-01   0
FILTERDDP_ITER_TIMING iteration=15 barrier_iteration=2 backward_s=0.042641800 forward_s=0.003972700 total_s=0.046614500 outcome=accepted step_size=5.000000000e-01 backtracks=0 mu=4.000000000e-02
FILTERDDP_TIMING iteration=16 barrier_iteration=2 stage=3 derivative_s=0.000928200 first_order_s=0.000651100 second_order_s=0.000256500 algebra_s=0.001625500 kkt_assembly_s=0.000359600 factor_s=0.002949600 solve_s=0.001633800 update_s=0.000965300 K_nnz=5269 rhs_cols=52 Vxx_nnz=2601
FILTERDDP_TIMING iteration=16 barrier_iteration=2 stage=2 derivative_s=0.001872500 first_order_s=0.001273400 second_order_s=0.000558600 algebra_s=0.001069100 kkt_assembly_s=0.000646500 factor_s=0.006290600 solve_s=0.003727700 update_s=0.000669100 K_nnz=5269 rhs_cols=52 Vxx_nnz=2601
FILTERDDP_TIMING iteration=16 barrier_iteration=2 stage=1 derivative_s=0.001788900 first_order_s=0.001231000 second_order_s=0.000507300 algebra_s=0.001070500 kkt_assembly_s=0.000676500 factor_s=0.005052200 solve_s=0.002919700 update_s=0.000505600 K_nnz=5269 rhs_cols=52 Vxx_nnz=2601
FILTERDDP_FEASIBILITY iteration=16 barrier_iteration=2 equality_count=1686 equality_rms=2.840313023720e-02 equality_max=4.382591666155e-01 equality_worst_stage=3 equality_worst_index=509 dynamics_count=102 dynamics_rms=0.000000000000e+00 dynamics_max=0.000000000000e+00 dynamics_worst_stage=0 dynamics_worst_index=0 bound_count=2451 bound_rms=0.000000000000e+00 bound_max=0.000000000000e+00 bound_worst_stage=0 bound_worst_index=0 bound_worst_kind=none
    16   2.80747177e+03   4.3826e-01   8.1554e-01   8.6720e-02   -1.40      -     5.0000e-01   0
FILTERDDP_ITER_TIMING iteration=16 barrier_iteration=2 backward_s=0.035234100 forward_s=0.004379800 total_s=0.039613900 outcome=accepted step_size=5.000000000e-01 backtracks=0 mu=4.000000000e-02
FILTERDDP_TIMING iteration=17 barrier_iteration=2 stage=3 derivative_s=0.000932600 first_order_s=0.000629300 second_order_s=0.000269500 algebra_s=0.002252100 kkt_assembly_s=0.000783000 factor_s=0.005961200 solve_s=0.003378300 update_s=0.001235400 K_nnz=5269 rhs_cols=52 Vxx_nnz=2601
FILTERDDP_TIMING iteration=17 barrier_iteration=2 stage=2 derivative_s=0.001819500 first_order_s=0.001237000 second_order_s=0.000529500 algebra_s=0.001101700 kkt_assembly_s=0.000696600 factor_s=0.006091000 solve_s=0.003643000 update_s=0.000611200 K_nnz=5269 rhs_cols=52 Vxx_nnz=2601
FILTERDDP_TIMING iteration=17 barrier_iteration=2 stage=1 derivative_s=0.001941200 first_order_s=0.001329000 second_order_s=0.000549000 algebra_s=0.001097400 kkt_assembly_s=0.000666100 factor_s=0.005845000 solve_s=0.002763400 update_s=0.000491400 K_nnz=5269 rhs_cols=52 Vxx_nnz=2601
FILTERDDP_FEASIBILITY iteration=17 barrier_iteration=2 equality_count=1686 equality_rms=3.010383049692e-02 equality_max=4.848934559452e-01 equality_worst_stage=3 equality_worst_index=509 dynamics_count=102 dynamics_rms=0.000000000000e+00 dynamics_max=0.000000000000e+00 dynamics_worst_stage=0 dynamics_worst_index=0 bound_count=2451 bound_rms=0.000000000000e+00 bound_max=0.000000000000e+00 bound_worst_stage=0 bound_worst_index=0 bound_worst_kind=none
    17   2.79339839e+03   4.8489e-01   5.1702e-01   6.4668e-02   -1.40      -     5.0000e-01   0
FILTERDDP_ITER_TIMING iteration=17 barrier_iteration=2 backward_s=0.041835400 forward_s=0.004101100 total_s=0.045936500 outcome=accepted step_size=5.000000000e-01 backtracks=0 mu=4.000000000e-02
FILTERDDP_TIMING iteration=18 barrier_iteration=2 stage=3 derivative_s=0.001215400 first_order_s=0.000818500 second_order_s=0.000360800 algebra_s=0.001925600 kkt_assembly_s=0.000321700 factor_s=0.002554800 solve_s=0.004552900 update_s=0.001152600 K_nnz=5269 rhs_cols=52 Vxx_nnz=2601
FILTERDDP_TIMING iteration=18 barrier_iteration=2 stage=2 derivative_s=0.001786600 first_order_s=0.001260500 second_order_s=0.000472800 algebra_s=0.001116900 kkt_assembly_s=0.000651900 factor_s=0.005930300 solve_s=0.003521300 update_s=0.000582500 K_nnz=5269 rhs_cols=52 Vxx_nnz=2601
FILTERDDP_TIMING iteration=18 barrier_iteration=2 stage=1 derivative_s=0.001798400 first_order_s=0.001178300 second_order_s=0.000553600 algebra_s=0.001062000 kkt_assembly_s=0.000605300 factor_s=0.005149500 solve_s=0.002170200 update_s=0.000398200 K_nnz=5269 rhs_cols=52 Vxx_nnz=2601
FILTERDDP_FEASIBILITY iteration=18 barrier_iteration=2 equality_count=1686 equality_rms=2.669304928898e-02 equality_max=4.435689773822e-01 equality_worst_stage=3 equality_worst_index=509 dynamics_count=102 dynamics_rms=0.000000000000e+00 dynamics_max=0.000000000000e+00 dynamics_worst_stage=0 dynamics_worst_index=0 bound_count=2451 bound_rms=0.000000000000e+00 bound_max=0.000000000000e+00 bound_worst_stage=0 bound_worst_index=0 bound_worst_kind=none
    18   2.78643967e+03   4.4357e-01   3.1290e-01   5.2757e-02   -1.40      -     5.0000e-01   0
FILTERDDP_ITER_TIMING iteration=18 barrier_iteration=2 backward_s=0.037077700 forward_s=0.003742400 total_s=0.040820100 outcome=accepted step_size=5.000000000e-01 backtracks=0 mu=4.000000000e-02
FILTERDDP_TIMING iteration=19 barrier_iteration=2 stage=3 derivative_s=0.001097000 first_order_s=0.000751800 second_order_s=0.000321400 algebra_s=0.002445200 kkt_assembly_s=0.000816500 factor_s=0.005933400 solve_s=0.003393600 update_s=0.001065500 K_nnz=5269 rhs_cols=52 Vxx_nnz=2601
FILTERDDP_TIMING iteration=19 barrier_iteration=2 stage=2 derivative_s=0.000635300 first_order_s=0.000436700 second_order_s=0.000183200 algebra_s=0.000412300 kkt_assembly_s=0.000226100 factor_s=0.001792600 solve_s=0.001262200 update_s=0.000252800 K_nnz=5269 rhs_cols=52 Vxx_nnz=2601
FILTERDDP_TIMING iteration=19 barrier_iteration=2 stage=1 derivative_s=0.000626800 first_order_s=0.000421400 second_order_s=0.000179600 algebra_s=0.009844600 kkt_assembly_s=0.000226200 factor_s=0.001789400 solve_s=0.001068700 update_s=0.000236200 K_nnz=5269 rhs_cols=52 Vxx_nnz=2601
FILTERDDP_FEASIBILITY iteration=19 barrier_iteration=2 equality_count=1686 equality_rms=1.957320333116e-02 equality_max=3.317633526945e-01 equality_worst_stage=3 equality_worst_index=509 dynamics_count=102 dynamics_rms=0.000000000000e+00 dynamics_max=0.000000000000e+00 dynamics_worst_stage=0 dynamics_worst_index=0 bound_count=2451 bound_rms=0.000000000000e+00 bound_max=0.000000000000e+00 bound_worst_stage=0 bound_worst_index=0 bound_worst_kind=none
FILTERDDP_ITER_TIMING iteration=19 barrier_iteration=2 backward_s=0.033514300 forward_s=0.000000000 total_s=0.033514300 outcome=barrier_update step_size=5.000000000e-01 backtracks=0 mu=4.000000000e-02
FILTERDDP_TIMING iteration=19 barrier_iteration=3 stage=3 derivative_s=0.000802400 first_order_s=0.000472900 second_order_s=0.000311000 algebra_s=0.002488300 kkt_assembly_s=0.000758800 factor_s=0.006297100 solve_s=0.003402800 update_s=0.001260600 K_nnz=5269 rhs_cols=52 Vxx_nnz=2601
FILTERDDP_TIMING iteration=19 barrier_iteration=3 stage=2 derivative_s=0.001961900 first_order_s=0.001238600 second_order_s=0.000660900 algebra_s=0.001119600 kkt_assembly_s=0.000676900 factor_s=0.005962600 solve_s=0.003484500 update_s=0.000612200 K_nnz=5269 rhs_cols=52 Vxx_nnz=2601
FILTERDDP_TIMING iteration=19 barrier_iteration=3 stage=1 derivative_s=0.001782600 first_order_s=0.001273900 second_order_s=0.000458700 algebra_s=0.000951400 kkt_assembly_s=0.000595300 factor_s=0.006021300 solve_s=0.002723200 update_s=0.000475700 K_nnz=5269 rhs_cols=52 Vxx_nnz=2601
FILTERDDP_FEASIBILITY iteration=19 barrier_iteration=3 equality_count=1686 equality_rms=1.957320333116e-02 equality_max=3.317633526945e-01 equality_worst_stage=3 equality_worst_index=509 dynamics_count=102 dynamics_rms=0.000000000000e+00 dynamics_max=0.000000000000e+00 dynamics_worst_stage=0 dynamics_worst_index=0 bound_count=2451 bound_rms=0.000000000000e+00 bound_max=0.000000000000e+00 bound_worst_stage=0 bound_worst_index=0 bound_worst_kind=none
    19   2.78305082e+03   3.3176e-01   1.7130e-01   4.6500e-02   -2.10      -     5.0000e-01   0
FILTERDDP_ITER_TIMING iteration=19 barrier_iteration=3 backward_s=0.041986000 forward_s=0.004043100 total_s=0.046029100 outcome=accepted step_size=5.000000000e-01 backtracks=0 mu=8.000000000e-03
FILTERDDP_TIMING iteration=20 barrier_iteration=3 stage=3 derivative_s=0.001145700 first_order_s=0.000800700 second_order_s=0.000319700 algebra_s=0.001746500 kkt_assembly_s=0.000476400 factor_s=0.002534300 solve_s=0.001188000 update_s=0.000912000 K_nnz=5269 rhs_cols=52 Vxx_nnz=2601
FILTERDDP_TIMING iteration=20 barrier_iteration=3 stage=2 derivative_s=0.001799400 first_order_s=0.001234100 second_order_s=0.000509700 algebra_s=0.001212300 kkt_assembly_s=0.000693000 factor_s=0.006452300 solve_s=0.003538700 update_s=0.000624100 K_nnz=5269 rhs_cols=52 Vxx_nnz=2601
FILTERDDP_TIMING iteration=20 barrier_iteration=3 stage=1 derivative_s=0.002011900 first_order_s=0.001413300 second_order_s=0.000540800 algebra_s=0.000938200 kkt_assembly_s=0.000627500 factor_s=0.005368500 solve_s=0.003097900 update_s=0.000485500 K_nnz=5269 rhs_cols=52 Vxx_nnz=2601
FILTERDDP_FEASIBILITY iteration=20 barrier_iteration=3 equality_count=1686 equality_rms=4.302730436932e-02 equality_max=6.473342663216e-01 equality_worst_stage=3 equality_worst_index=509 dynamics_count=102 dynamics_rms=0.000000000000e+00 dynamics_max=0.000000000000e+00 dynamics_worst_stage=0 dynamics_worst_index=0 bound_count=2451 bound_rms=0.000000000000e+00 bound_max=0.000000000000e+00 bound_worst_stage=0 bound_worst_index=0 bound_worst_kind=none
  iter     objective        pr_inf       du_inf       cs_inf     lg(μ)   lg(reg)    alpha     ls
    20   2.76690736e+03   6.4733e-01   2.1675e-01   2.8884e-02   -2.10      -     5.0000e-01   0
FILTERDDP_ITER_TIMING iteration=20 barrier_iteration=3 backward_s=0.035359200 forward_s=0.003520900 total_s=0.038880100 outcome=accepted step_size=5.000000000e-01 backtracks=0 mu=8.000000000e-03
FILTERDDP_TIMING iteration=21 barrier_iteration=3 stage=3 derivative_s=0.001203100 first_order_s=0.000837500 second_order_s=0.000327800 algebra_s=0.001386500 kkt_assembly_s=0.000282400 factor_s=0.001991700 solve_s=0.001176400 update_s=0.000895800 K_nnz=5269 rhs_cols=52 Vxx_nnz=2601
FILTERDDP_TIMING iteration=21 barrier_iteration=3 stage=2 derivative_s=0.001805800 first_order_s=0.001238400 second_order_s=0.000511500 algebra_s=0.001075800 kkt_assembly_s=0.000693400 factor_s=0.006067100 solve_s=0.003385700 update_s=0.000616800 K_nnz=5269 rhs_cols=52 Vxx_nnz=2601
FILTERDDP_TIMING iteration=21 barrier_iteration=3 stage=1 derivative_s=0.001868000 first_order_s=0.001303600 second_order_s=0.000510100 algebra_s=0.001053400 kkt_assembly_s=0.000756100 factor_s=0.004891500 solve_s=0.002629800 update_s=0.000517700 K_nnz=5269 rhs_cols=52 Vxx_nnz=2601
FILTERDDP_FEASIBILITY iteration=21 barrier_iteration=3 equality_count=1686 equality_rms=4.564062445533e-02 equality_max=7.140860353554e-01 equality_worst_stage=3 equality_worst_index=509 dynamics_count=102 dynamics_rms=0.000000000000e+00 dynamics_max=0.000000000000e+00 dynamics_worst_stage=0 dynamics_worst_index=0 bound_count=2451 bound_rms=0.000000000000e+00 bound_max=0.000000000000e+00 bound_worst_stage=0 bound_worst_index=0 bound_worst_kind=none
    21   2.75876778e+03   7.1409e-01   1.7393e-01   1.9347e-02   -2.10      -     5.0000e-01   0
FILTERDDP_ITER_TIMING iteration=21 barrier_iteration=3 backward_s=0.032772500 forward_s=0.004130400 total_s=0.036902900 outcome=accepted step_size=5.000000000e-01 backtracks=0 mu=8.000000000e-03
FILTERDDP_TIMING iteration=22 barrier_iteration=3 stage=3 derivative_s=0.000905300 first_order_s=0.000611700 second_order_s=0.000271900 algebra_s=0.002293800 kkt_assembly_s=0.000889000 factor_s=0.006239600 solve_s=0.003282100 update_s=0.001265100 K_nnz=5269 rhs_cols=52 Vxx_nnz=2601
FILTERDDP_TIMING iteration=22 barrier_iteration=3 stage=2 derivative_s=0.001814900 first_order_s=0.001247800 second_order_s=0.000511700 algebra_s=0.001076100 kkt_assembly_s=0.000866600 factor_s=0.005861100 solve_s=0.003210700 update_s=0.000656600 K_nnz=5269 rhs_cols=52 Vxx_nnz=2601
FILTERDDP_TIMING iteration=22 barrier_iteration=3 stage=1 derivative_s=0.001802000 first_order_s=0.001242800 second_order_s=0.000505000 algebra_s=0.001066900 kkt_assembly_s=0.000675400 factor_s=0.014682700 solve_s=0.003277300 update_s=0.000645500 K_nnz=5269 rhs_cols=52 Vxx_nnz=2601
FILTERDDP_FEASIBILITY iteration=22 barrier_iteration=3 equality_count=1686 equality_rms=3.204360085978e-02 equality_max=5.097216004802e-01 equality_worst_stage=3 equality_worst_index=509 dynamics_count=102 dynamics_rms=0.000000000000e+00 dynamics_max=0.000000000000e+00 dynamics_worst_stage=0 dynamics_worst_index=0 bound_count=2451 bound_rms=0.000000000000e+00 bound_max=0.000000000000e+00 bound_worst_stage=0 bound_worst_index=0 bound_worst_kind=none
    22   2.75470881e+03   5.0972e-01   1.1341e-01   1.4089e-02   -2.10      -     5.0000e-01   0
FILTERDDP_ITER_TIMING iteration=22 barrier_iteration=3 backward_s=0.051073800 forward_s=0.004237900 total_s=0.055311700 outcome=accepted step_size=5.000000000e-01 backtracks=0 mu=8.000000000e-03
FILTERDDP_TIMING iteration=23 barrier_iteration=3 stage=3 derivative_s=0.001244100 first_order_s=0.000831300 second_order_s=0.000369900 algebra_s=0.002004900 kkt_assembly_s=0.000551600 factor_s=0.002721800 solve_s=0.001349200 update_s=0.000974000 K_nnz=5269 rhs_cols=52 Vxx_nnz=2601
FILTERDDP_TIMING iteration=23 barrier_iteration=3 stage=2 derivative_s=0.001852500 first_order_s=0.001264400 second_order_s=0.000529200 algebra_s=0.001109300 kkt_assembly_s=0.000999200 factor_s=0.005973300 solve_s=0.003447000 update_s=0.000719300 K_nnz=5269 rhs_cols=52 Vxx_nnz=2601
FILTERDDP_TIMING iteration=23 barrier_iteration=3 stage=1 derivative_s=0.001767400 first_order_s=0.001301400 second_order_s=0.000428000 algebra_s=0.000930500 kkt_assembly_s=0.000597000 factor_s=0.005178700 solve_s=0.003056900 update_s=0.000409900 K_nnz=5269 rhs_cols=52 Vxx_nnz=2601
FILTERDDP_FEASIBILITY iteration=23 barrier_iteration=3 equality_count=1686 equality_rms=1.909178493644e-02 equality_max=3.062823110039e-01 equality_worst_stage=3 equality_worst_index=509 dynamics_count=102 dynamics_rms=0.000000000000e+00 dynamics_max=0.000000000000e+00 dynamics_worst_stage=0 dynamics_worst_index=0 bound_count=2451 bound_rms=0.000000000000e+00 bound_max=0.000000000000e+00 bound_worst_stage=0 bound_worst_index=0 bound_worst_kind=none
    23   2.75269499e+03   3.0628e-01   6.3478e-02   1.1209e-02   -2.10      -     5.0000e-01   0
FILTERDDP_ITER_TIMING iteration=23 barrier_iteration=3 backward_s=0.035408300 forward_s=0.003574100 total_s=0.038982400 outcome=accepted step_size=5.000000000e-01 backtracks=0 mu=8.000000000e-03
FILTERDDP_TIMING iteration=24 barrier_iteration=3 stage=3 derivative_s=0.001024500 first_order_s=0.000696100 second_order_s=0.000303200 algebra_s=0.002458500 kkt_assembly_s=0.000753600 factor_s=0.005922200 solve_s=0.003285800 update_s=0.001195000 K_nnz=5269 rhs_cols=52 Vxx_nnz=2601
FILTERDDP_TIMING iteration=24 barrier_iteration=3 stage=2 derivative_s=0.001872700 first_order_s=0.001315200 second_order_s=0.000496700 algebra_s=0.001082800 kkt_assembly_s=0.000708500 factor_s=0.006212800 solve_s=0.003448900 update_s=0.000622100 K_nnz=5269 rhs_cols=52 Vxx_nnz=2601
FILTERDDP_TIMING iteration=24 barrier_iteration=3 stage=1 derivative_s=0.001835600 first_order_s=0.001294600 second_order_s=0.000484100 algebra_s=0.001050100 kkt_assembly_s=0.000655100 factor_s=0.005398200 solve_s=0.002489800 update_s=0.000469300 K_nnz=5269 rhs_cols=52 Vxx_nnz=2601
FILTERDDP_FEASIBILITY iteration=24 barrier_iteration=3 equality_count=1686 equality_rms=1.046648192947e-02 equality_max=1.686506292097e-01 equality_worst_stage=3 equality_worst_index=509 dynamics_count=102 dynamics_rms=0.000000000000e+00 dynamics_max=0.000000000000e+00 dynamics_worst_stage=0 dynamics_worst_index=0 bound_count=2451 bound_rms=0.000000000000e+00 bound_max=0.000000000000e+00 bound_worst_stage=0 bound_worst_index=0 bound_worst_kind=none
    24   2.75169675e+03   1.6865e-01   3.0758e-02   6.3384e-03   -2.10      -     5.0000e-01   0
FILTERDDP_ITER_TIMING iteration=24 barrier_iteration=3 backward_s=0.041065300 forward_s=0.004858100 total_s=0.045923400 outcome=accepted step_size=5.000000000e-01 backtracks=0 mu=8.000000000e-03
FILTERDDP_TIMING iteration=25 barrier_iteration=3 stage=3 derivative_s=0.000832500 first_order_s=0.000557600 second_order_s=0.000254300 algebra_s=0.001405300 kkt_assembly_s=0.000338900 factor_s=0.002391500 solve_s=0.001351600 update_s=0.000579100 K_nnz=5269 rhs_cols=52 Vxx_nnz=2601
FILTERDDP_TIMING iteration=25 barrier_iteration=3 stage=2 derivative_s=0.000972800 first_order_s=0.000685100 second_order_s=0.000253400 algebra_s=0.000495100 kkt_assembly_s=0.000309400 factor_s=0.002934300 solve_s=0.001997200 update_s=0.000368700 K_nnz=5269 rhs_cols=52 Vxx_nnz=2601
FILTERDDP_TIMING iteration=25 barrier_iteration=3 stage=1 derivative_s=0.001061900 first_order_s=0.000757700 second_order_s=0.000280100 algebra_s=0.000639200 kkt_assembly_s=0.000375600 factor_s=0.003470600 solve_s=0.002136800 update_s=0.000415200 K_nnz=5269 rhs_cols=52 Vxx_nnz=2601
FILTERDDP_FEASIBILITY iteration=25 barrier_iteration=3 equality_count=1686 equality_rms=5.488848865292e-03 equality_max=8.864158592769e-02 equality_worst_stage=3 equality_worst_index=509 dynamics_count=102 dynamics_rms=0.000000000000e+00 dynamics_max=0.000000000000e+00 dynamics_worst_stage=0 dynamics_worst_index=0 bound_count=2451 bound_rms=0.000000000000e+00 bound_max=0.000000000000e+00 bound_worst_stage=0 bound_worst_index=0 bound_worst_kind=none
    25   2.75120138e+03   8.8642e-02   1.2874e-02   3.3761e-03   -2.10      -     5.0000e-01   0
FILTERDDP_ITER_TIMING iteration=25 barrier_iteration=3 backward_s=0.022440200 forward_s=0.004031100 total_s=0.026471300 outcome=accepted step_size=5.000000000e-01 backtracks=0 mu=8.000000000e-03
FILTERDDP_TIMING iteration=26 barrier_iteration=3 stage=3 derivative_s=0.001150700 first_order_s=0.000785400 second_order_s=0.000320500 algebra_s=0.007559700 kkt_assembly_s=0.000750300 factor_s=0.006015400 solve_s=0.003288600 update_s=0.001270000 K_nnz=5269 rhs_cols=52 Vxx_nnz=2601
FILTERDDP_TIMING iteration=26 barrier_iteration=3 stage=2 derivative_s=0.001908400 first_order_s=0.001266000 second_order_s=0.000586500 algebra_s=0.001032600 kkt_assembly_s=0.000675400 factor_s=0.005275600 solve_s=0.003070100 update_s=0.000521100 K_nnz=5269 rhs_cols=52 Vxx_nnz=2601
FILTERDDP_TIMING iteration=26 barrier_iteration=3 stage=1 derivative_s=0.001548400 first_order_s=0.001094900 second_order_s=0.000411100 algebra_s=0.000596500 kkt_assembly_s=0.000359400 factor_s=0.003335000 solve_s=0.001961800 update_s=0.000352000 K_nnz=5269 rhs_cols=52 Vxx_nnz=2601
FILTERDDP_FEASIBILITY iteration=26 barrier_iteration=3 equality_count=1686 equality_rms=2.811751268803e-03 equality_max=4.545780957505e-02 equality_worst_stage=3 equality_worst_index=509 dynamics_count=102 dynamics_rms=0.000000000000e+00 dynamics_max=0.000000000000e+00 dynamics_worst_stage=0 dynamics_worst_index=0 bound_count=2451 bound_rms=0.000000000000e+00 bound_max=0.000000000000e+00 bound_worst_stage=0 bound_worst_index=0 bound_worst_kind=none
FILTERDDP_ITER_TIMING iteration=26 barrier_iteration=3 backward_s=0.041161800 forward_s=0.000000000 total_s=0.041161800 outcome=barrier_update step_size=5.000000000e-01 backtracks=0 mu=8.000000000e-03
FILTERDDP_TIMING iteration=26 barrier_iteration=4 stage=3 derivative_s=0.001080800 first_order_s=0.000772300 second_order_s=0.000284800 algebra_s=0.001802600 kkt_assembly_s=0.000456000 factor_s=0.002556600 solve_s=0.001256600 update_s=0.000951200 K_nnz=5269 rhs_cols=52 Vxx_nnz=2601
FILTERDDP_TIMING iteration=26 barrier_iteration=4 stage=2 derivative_s=0.001802500 first_order_s=0.001233700 second_order_s=0.000514800 algebra_s=0.001181500 kkt_assembly_s=0.000721400 factor_s=0.005885600 solve_s=0.003568000 update_s=0.000852900 K_nnz=5269 rhs_cols=52 Vxx_nnz=2601
FILTERDDP_TIMING iteration=26 barrier_iteration=4 stage=1 derivative_s=0.001980900 first_order_s=0.001472300 second_order_s=0.000456800 algebra_s=0.000980900 kkt_assembly_s=0.000593200 factor_s=0.005796100 solve_s=0.002748600 update_s=0.000419700 K_nnz=5269 rhs_cols=52 Vxx_nnz=2601
FILTERDDP_FEASIBILITY iteration=26 barrier_iteration=4 equality_count=1686 equality_rms=2.811751268803e-03 equality_max=4.545780957505e-02 equality_worst_stage=3 equality_worst_index=509 dynamics_count=102 dynamics_rms=0.000000000000e+00 dynamics_max=0.000000000000e+00 dynamics_worst_stage=0 dynamics_worst_index=0 bound_count=2451 bound_rms=0.000000000000e+00 bound_max=0.000000000000e+00 bound_worst_stage=0 bound_worst_index=0 bound_worst_kind=none
    26   2.75095522e+03   4.5458e-02   4.7008e-03   1.7566e-03   -2.80      -     5.0000e-01   0
FILTERDDP_ITER_TIMING iteration=26 barrier_iteration=4 backward_s=0.035112500 forward_s=0.004107500 total_s=0.039220000 outcome=accepted step_size=5.000000000e-01 backtracks=0 mu=1.600000000e-03
FILTERDDP_TIMING iteration=27 barrier_iteration=4 stage=3 derivative_s=0.001159500 first_order_s=0.000809900 second_order_s=0.000324400 algebra_s=0.001763200 kkt_assembly_s=0.000441000 factor_s=0.002463200 solve_s=0.001166700 update_s=0.000920200 K_nnz=5269 rhs_cols=52 Vxx_nnz=2601
FILTERDDP_TIMING iteration=27 barrier_iteration=4 stage=2 derivative_s=0.001846800 first_order_s=0.001245900 second_order_s=0.000545700 algebra_s=0.001162800 kkt_assembly_s=0.000685900 factor_s=0.006053500 solve_s=0.003549000 update_s=0.000626900 K_nnz=5269 rhs_cols=52 Vxx_nnz=2601
FILTERDDP_TIMING iteration=27 barrier_iteration=4 stage=1 derivative_s=0.008926400 first_order_s=0.001357900 second_order_s=0.007497400 algebra_s=0.001464300 kkt_assembly_s=0.000846300 factor_s=0.004087300 solve_s=0.001973300 update_s=0.000383500 K_nnz=5269 rhs_cols=52 Vxx_nnz=2601
FILTERDDP_FEASIBILITY iteration=27 barrier_iteration=4 equality_count=1686 equality_rms=9.695329156763e-03 equality_max=1.646873484105e-01 equality_worst_stage=3 equality_worst_index=509 dynamics_count=102 dynamics_rms=0.000000000000e+00 dynamics_max=0.000000000000e+00 dynamics_worst_stage=0 dynamics_worst_index=0 bound_count=2451 bound_rms=0.000000000000e+00 bound_max=0.000000000000e+00 bound_worst_stage=0 bound_worst_index=0 bound_worst_kind=none
    27   2.74794458e+03   1.6469e-01   8.8751e-03   9.6210e-04   -2.80      -     5.0000e-01   0
FILTERDDP_ITER_TIMING iteration=27 barrier_iteration=4 backward_s=0.039963100 forward_s=0.003554600 total_s=0.043517700 outcome=accepted step_size=5.000000000e-01 backtracks=0 mu=1.600000000e-03
FILTERDDP_TIMING iteration=28 barrier_iteration=4 stage=3 derivative_s=0.001018800 first_order_s=0.000692000 second_order_s=0.000303600 algebra_s=0.002263600 kkt_assembly_s=0.000759000 factor_s=0.006009000 solve_s=0.003345800 update_s=0.001208900 K_nnz=5269 rhs_cols=52 Vxx_nnz=2601
FILTERDDP_TIMING iteration=28 barrier_iteration=4 stage=2 derivative_s=0.002015700 first_order_s=0.001478600 second_order_s=0.000480800 algebra_s=0.001518500 kkt_assembly_s=0.000984000 factor_s=0.007294600 solve_s=0.003689100 update_s=0.000808000 K_nnz=5269 rhs_cols=52 Vxx_nnz=2601
FILTERDDP_TIMING iteration=28 barrier_iteration=4 stage=1 derivative_s=0.002011200 first_order_s=0.001189600 second_order_s=0.000760000 algebra_s=0.001031300 kkt_assembly_s=0.000711400 factor_s=0.003098700 solve_s=0.001755900 update_s=0.000414400 K_nnz=5269 rhs_cols=52 Vxx_nnz=2601
FILTERDDP_FEASIBILITY iteration=28 barrier_iteration=4 equality_count=1686 equality_rms=7.608992436451e-03 equality_max=1.297317817128e-01 equality_worst_stage=3 equality_worst_index=509 dynamics_count=102 dynamics_rms=0.000000000000e+00 dynamics_max=0.000000000000e+00 dynamics_worst_stage=0 dynamics_worst_index=0 bound_count=2451 bound_rms=0.000000000000e+00 bound_max=0.000000000000e+00 bound_worst_stage=0 bound_worst_index=0 bound_worst_kind=none
    28   2.74648106e+03   1.2973e-01   7.5822e-03   5.0233e-04   -2.80      -     5.0000e-01   0
FILTERDDP_ITER_TIMING iteration=28 barrier_iteration=4 backward_s=0.040490600 forward_s=0.002270500 total_s=0.042761100 outcome=accepted step_size=5.000000000e-01 backtracks=0 mu=1.600000000e-03
FILTERDDP_TIMING iteration=29 barrier_iteration=4 stage=3 derivative_s=0.000632400 first_order_s=0.000425700 second_order_s=0.000190600 algebra_s=0.001253000 kkt_assembly_s=0.000270700 factor_s=0.001983300 solve_s=0.001434700 update_s=0.000796600 K_nnz=5269 rhs_cols=52 Vxx_nnz=2601
FILTERDDP_TIMING iteration=29 barrier_iteration=4 stage=2 derivative_s=0.001804100 first_order_s=0.001247600 second_order_s=0.000502200 algebra_s=0.001052500 kkt_assembly_s=0.000674500 factor_s=0.005899200 solve_s=0.003404000 update_s=0.000486700 K_nnz=5269 rhs_cols=52 Vxx_nnz=2601
FILTERDDP_TIMING iteration=29 barrier_iteration=4 stage=1 derivative_s=0.001612400 first_order_s=0.001129300 second_order_s=0.000422000 algebra_s=0.016642200 kkt_assembly_s=0.000457200 factor_s=0.003064400 solve_s=0.001398200 update_s=0.000276400 K_nnz=5269 rhs_cols=52 Vxx_nnz=2601
FILTERDDP_FEASIBILITY iteration=29 barrier_iteration=4 equality_count=1686 equality_rms=4.679576959550e-03 equality_max=7.994441832811e-02 equality_worst_stage=3 equality_worst_index=509 dynamics_count=102 dynamics_rms=0.000000000000e+00 dynamics_max=0.000000000000e+00 dynamics_worst_stage=0 dynamics_worst_index=0 bound_count=2451 bound_rms=0.000000000000e+00 bound_max=0.000000000000e+00 bound_worst_stage=0 bound_worst_index=0 bound_worst_kind=none
    29   2.74577241e+03   7.9944e-02   4.5531e-03   2.5175e-04   -2.80      -     5.0000e-01   0
FILTERDDP_ITER_TIMING iteration=29 barrier_iteration=4 backward_s=0.043499600 forward_s=0.002168100 total_s=0.045667700 outcome=accepted step_size=5.000000000e-01 backtracks=0 mu=1.600000000e-03
FILTERDDP_TIMING iteration=30 barrier_iteration=4 stage=3 derivative_s=0.000611900 first_order_s=0.000417600 second_order_s=0.000177200 algebra_s=0.002288400 kkt_assembly_s=0.000877700 factor_s=0.007573700 solve_s=0.003984200 update_s=0.001392700 K_nnz=5269 rhs_cols=52 Vxx_nnz=2601
FILTERDDP_TIMING iteration=30 barrier_iteration=4 stage=2 derivative_s=0.002402700 first_order_s=0.001823700 second_order_s=0.000514700 algebra_s=0.001503300 kkt_assembly_s=0.000929800 factor_s=0.006851000 solve_s=0.003752000 update_s=0.000753300 K_nnz=5269 rhs_cols=52 Vxx_nnz=2601
FILTERDDP_TIMING iteration=30 barrier_iteration=4 stage=1 derivative_s=0.001839700 first_order_s=0.001350200 second_order_s=0.000453600 algebra_s=0.001405300 kkt_assembly_s=0.000691300 factor_s=0.005370100 solve_s=0.002593200 update_s=0.000414300 K_nnz=5269 rhs_cols=52 Vxx_nnz=2601
FILTERDDP_FEASIBILITY iteration=30 barrier_iteration=4 equality_count=1686 equality_rms=2.602191598011e-03 equality_max=4.451526196593e-02 equality_worst_stage=3 equality_worst_index=509 dynamics_count=102 dynamics_rms=0.000000000000e+00 dynamics_max=0.000000000000e+00 dynamics_worst_stage=0 dynamics_worst_index=0 bound_count=2451 bound_rms=0.000000000000e+00 bound_max=0.000000000000e+00 bound_worst_stage=0 bound_worst_index=0 bound_worst_kind=none
  iter     objective        pr_inf       du_inf       cs_inf     lg(μ)   lg(reg)    alpha     ls
    30   2.74542864e+03   4.4515e-02   2.1435e-03   1.2333e-04   -2.80      -     5.0000e-01   0
FILTERDDP_ITER_TIMING iteration=30 barrier_iteration=4 backward_s=0.045778000 forward_s=0.003356400 total_s=0.049134400 outcome=accepted step_size=5.000000000e-01 backtracks=0 mu=1.600000000e-03
FILTERDDP_TIMING iteration=31 barrier_iteration=4 stage=3 derivative_s=0.000992100 first_order_s=0.000636600 second_order_s=0.000330800 algebra_s=0.001791000 kkt_assembly_s=0.000690900 factor_s=0.003068000 solve_s=0.001036600 update_s=0.000921900 K_nnz=5269 rhs_cols=52 Vxx_nnz=2601
FILTERDDP_TIMING iteration=31 barrier_iteration=4 stage=2 derivative_s=0.008946100 first_order_s=0.001457800 second_order_s=0.007429800 algebra_s=0.001106100 kkt_assembly_s=0.000770100 factor_s=0.006002900 solve_s=0.002875600 update_s=0.000588600 K_nnz=5269 rhs_cols=52 Vxx_nnz=2601
FILTERDDP_TIMING iteration=31 barrier_iteration=4 stage=1 derivative_s=0.001520300 first_order_s=0.001092600 second_order_s=0.000394000 algebra_s=0.000883500 kkt_assembly_s=0.000531000 factor_s=0.004215300 solve_s=0.001715200 update_s=0.000366400 K_nnz=5269 rhs_cols=52 Vxx_nnz=2601
FILTERDDP_FEASIBILITY iteration=31 barrier_iteration=4 equality_count=1686 equality_rms=1.375474449885e-03 equality_max=2.355109537444e-02 equality_worst_stage=3 equality_worst_index=509 dynamics_count=102 dynamics_rms=0.000000000000e+00 dynamics_max=0.000000000000e+00 dynamics_worst_stage=0 dynamics_worst_index=0 bound_count=2451 bound_rms=0.000000000000e+00 bound_max=0.000000000000e+00 bound_worst_stage=0 bound_worst_index=0 bound_worst_kind=none
    31   2.74526066e+03   2.3551e-02   8.4470e-04   6.0178e-05   -2.80      -     5.0000e-01   0
FILTERDDP_ITER_TIMING iteration=31 barrier_iteration=4 backward_s=0.038481100 forward_s=0.003055000 total_s=0.041536100 outcome=accepted step_size=5.000000000e-01 backtracks=0 mu=1.600000000e-03
FILTERDDP_TIMING iteration=32 barrier_iteration=4 stage=3 derivative_s=0.000946800 first_order_s=0.000659300 second_order_s=0.000266300 algebra_s=0.001480200 kkt_assembly_s=0.000351200 factor_s=0.002743300 solve_s=0.000957800 update_s=0.000929200 K_nnz=5269 rhs_cols=52 Vxx_nnz=2601
FILTERDDP_TIMING iteration=32 barrier_iteration=4 stage=2 derivative_s=0.001920700 first_order_s=0.001374600 second_order_s=0.000491600 algebra_s=0.001094300 kkt_assembly_s=0.000770300 factor_s=0.006248700 solve_s=0.003671000 update_s=0.000642600 K_nnz=5269 rhs_cols=52 Vxx_nnz=2601
FILTERDDP_TIMING iteration=32 barrier_iteration=4 stage=1 derivative_s=0.001895900 first_order_s=0.001297200 second_order_s=0.000547700 algebra_s=0.001485700 kkt_assembly_s=0.000693100 factor_s=0.009518200 solve_s=0.002011500 update_s=0.000410400 K_nnz=5269 rhs_cols=52 Vxx_nnz=2601
FILTERDDP_FEASIBILITY iteration=32 barrier_iteration=4 equality_count=1686 equality_rms=7.078143734977e-04 equality_max=1.212579810614e-02 equality_worst_stage=3 equality_worst_index=509 dynamics_count=102 dynamics_rms=0.000000000000e+00 dynamics_max=0.000000000000e+00 dynamics_worst_stage=0 dynamics_worst_index=0 bound_count=2451 bound_rms=0.000000000000e+00 bound_max=0.000000000000e+00 bound_worst_stage=0 bound_worst_index=0 bound_worst_kind=none
FILTERDDP_ITER_TIMING iteration=32 barrier_iteration=4 backward_s=0.038194900 forward_s=0.000000000 total_s=0.038194900 outcome=barrier_update step_size=5.000000000e-01 backtracks=0 mu=1.600000000e-03
FILTERDDP_TIMING iteration=32 barrier_iteration=5 stage=3 derivative_s=0.001053600 first_order_s=0.000744900 second_order_s=0.000287000 algebra_s=0.001695100 kkt_assembly_s=0.000403400 factor_s=0.003428200 solve_s=0.001224200 update_s=0.000873500 K_nnz=5269 rhs_cols=52 Vxx_nnz=2601
FILTERDDP_TIMING iteration=32 barrier_iteration=5 stage=2 derivative_s=0.001887700 first_order_s=0.001309700 second_order_s=0.000523900 algebra_s=0.001091800 kkt_assembly_s=0.000673800 factor_s=0.005907600 solve_s=0.003515500 update_s=0.000520600 K_nnz=5269 rhs_cols=52 Vxx_nnz=2601
FILTERDDP_TIMING iteration=32 barrier_iteration=5 stage=1 derivative_s=0.000768600 first_order_s=0.000591700 second_order_s=0.000162500 algebra_s=0.000419000 kkt_assembly_s=0.000240400 factor_s=0.001797400 solve_s=0.001021200 update_s=0.000212000 K_nnz=5269 rhs_cols=52 Vxx_nnz=2601
FILTERDDP_FEASIBILITY iteration=32 barrier_iteration=5 equality_count=1686 equality_rms=7.078143734977e-04 equality_max=1.212579810614e-02 equality_worst_stage=3 equality_worst_index=509 dynamics_count=102 dynamics_rms=0.000000000000e+00 dynamics_max=0.000000000000e+00 dynamics_worst_stage=0 dynamics_worst_index=0 bound_count=2451 bound_rms=0.000000000000e+00 bound_max=0.000000000000e+00 bound_worst_stage=0 bound_worst_index=0 bound_worst_kind=none
    32   2.74517792e+03   1.2126e-02   2.9429e-04   2.9531e-05   -3.49      -     5.0000e-01   0
FILTERDDP_ITER_TIMING iteration=32 barrier_iteration=5 backward_s=0.027111200 forward_s=0.001894000 total_s=0.029005200 outcome=accepted step_size=5.000000000e-01 backtracks=0 mu=3.200000000e-04
FILTERDDP_TIMING iteration=33 barrier_iteration=5 stage=3 derivative_s=0.000559400 first_order_s=0.000382100 second_order_s=0.000165200 algebra_s=0.001997700 kkt_assembly_s=0.000722800 factor_s=0.005597900 solve_s=0.007996600 update_s=0.001242700 K_nnz=5269 rhs_cols=52 Vxx_nnz=2601
FILTERDDP_TIMING iteration=33 barrier_iteration=5 stage=2 derivative_s=0.001784500 first_order_s=0.001227600 second_order_s=0.000504000 algebra_s=0.001160200 kkt_assembly_s=0.000671900 factor_s=0.006017600 solve_s=0.002831900 update_s=0.000493500 K_nnz=5269 rhs_cols=52 Vxx_nnz=2601
FILTERDDP_TIMING iteration=33 barrier_iteration=5 stage=1 derivative_s=0.001430200 first_order_s=0.001013800 second_order_s=0.000385500 algebra_s=0.000830300 kkt_assembly_s=0.000542000 factor_s=0.004384300 solve_s=0.001822800 update_s=0.000376100 K_nnz=5269 rhs_cols=52 Vxx_nnz=2601
FILTERDDP_FEASIBILITY iteration=33 barrier_iteration=5 equality_count=1686 equality_rms=1.073317972033e-03 equality_max=1.859247006859e-02 equality_worst_stage=3 equality_worst_index=509 dynamics_count=102 dynamics_rms=0.000000000000e+00 dynamics_max=0.000000000000e+00 dynamics_worst_stage=0 dynamics_worst_index=0 bound_count=2451 bound_rms=0.000000000000e+00 bound_max=0.000000000000e+00 bound_worst_stage=0 bound_worst_index=0 bound_worst_kind=none
    33   2.74460223e+03   1.8592e-02   4.4782e-04   1.5750e-05   -3.49      -     5.0000e-01   0
FILTERDDP_ITER_TIMING iteration=33 barrier_iteration=5 backward_s=0.040940400 forward_s=0.003891600 total_s=0.044832000 outcome=accepted step_size=5.000000000e-01 backtracks=0 mu=3.200000000e-04
FILTERDDP_TIMING iteration=34 barrier_iteration=5 stage=3 derivative_s=0.001492100 first_order_s=0.001197800 second_order_s=0.000272400 algebra_s=0.002338300 kkt_assembly_s=0.000722300 factor_s=0.005946800 solve_s=0.003360900 update_s=0.001213400 K_nnz=5269 rhs_cols=52 Vxx_nnz=2601
FILTERDDP_TIMING iteration=34 barrier_iteration=5 stage=2 derivative_s=0.001852600 first_order_s=0.001323800 second_order_s=0.000475300 algebra_s=0.001040900 kkt_assembly_s=0.000681500 factor_s=0.005658900 solve_s=0.002763200 update_s=0.000463200 K_nnz=5269 rhs_cols=52 Vxx_nnz=2601
FILTERDDP_TIMING iteration=34 barrier_iteration=5 stage=1 derivative_s=0.001336400 first_order_s=0.000949700 second_order_s=0.000357900 algebra_s=0.000819000 kkt_assembly_s=0.000654500 factor_s=0.010942400 solve_s=0.003527400 update_s=0.000685500 K_nnz=5269 rhs_cols=52 Vxx_nnz=2601
FILTERDDP_FEASIBILITY iteration=34 barrier_iteration=5 equality_count=1686 equality_rms=7.683928791392e-04 equality_max=1.337203842225e-02 equality_worst_stage=3 equality_worst_index=509 dynamics_count=102 dynamics_rms=0.000000000000e+00 dynamics_max=0.000000000000e+00 dynamics_worst_stage=0 dynamics_worst_index=0 bound_count=2451 bound_rms=0.000000000000e+00 bound_max=0.000000000000e+00 bound_worst_stage=0 bound_worst_index=0 bound_worst_kind=none
    34   2.74432917e+03   1.3372e-02   3.2444e-04   8.0918e-06   -3.49      -     5.0000e-01   0
FILTERDDP_ITER_TIMING iteration=34 barrier_iteration=5 backward_s=0.046112000 forward_s=0.005941200 total_s=0.052053200 outcome=accepted step_size=5.000000000e-01 backtracks=0 mu=3.200000000e-04
FILTERDDP_TIMING iteration=35 barrier_iteration=5 stage=3 derivative_s=0.001722500 first_order_s=0.001180900 second_order_s=0.000492000 algebra_s=0.002970000 kkt_assembly_s=0.000754100 factor_s=0.006236300 solve_s=0.003416000 update_s=0.001157200 K_nnz=5269 rhs_cols=52 Vxx_nnz=2601
FILTERDDP_TIMING iteration=35 barrier_iteration=5 stage=2 derivative_s=0.001785400 first_order_s=0.001260000 second_order_s=0.000473000 algebra_s=0.001063000 kkt_assembly_s=0.000648600 factor_s=0.005296100 solve_s=0.002821100 update_s=0.000488200 K_nnz=5269 rhs_cols=52 Vxx_nnz=2601
FILTERDDP_TIMING iteration=35 barrier_iteration=5 stage=1 derivative_s=0.001425500 first_order_s=0.001014400 second_order_s=0.000380800 algebra_s=0.000851400 kkt_assembly_s=0.000545200 factor_s=0.003371700 solve_s=0.001776800 update_s=0.000335900 K_nnz=5269 rhs_cols=52 Vxx_nnz=2601
FILTERDDP_FEASIBILITY iteration=35 barrier_iteration=5 equality_count=1686 equality_rms=4.557077385950e-04 equality_max=7.951712651248e-03 equality_worst_stage=3 equality_worst_index=509 dynamics_count=102 dynamics_rms=0.000000000000e+00 dynamics_max=0.000000000000e+00 dynamics_worst_stage=0 dynamics_worst_index=0 bound_count=2451 bound_rms=0.000000000000e+00 bound_max=0.000000000000e+00 bound_worst_stage=0 bound_worst_index=0 bound_worst_kind=none
    35   2.74419909e+03   7.9517e-03   1.7139e-04   4.0130e-06   -3.49      -     5.0000e-01   0
FILTERDDP_ITER_TIMING iteration=35 barrier_iteration=5 backward_s=0.037161800 forward_s=0.003122500 total_s=0.040284300 outcome=accepted step_size=5.000000000e-01 backtracks=0 mu=3.200000000e-04
FILTERDDP_TIMING iteration=36 barrier_iteration=5 stage=3 derivative_s=0.000902700 first_order_s=0.000608800 second_order_s=0.000273900 algebra_s=0.001612100 kkt_assembly_s=0.000240100 factor_s=0.004626700 solve_s=0.000977000 update_s=0.000679500 K_nnz=5269 rhs_cols=52 Vxx_nnz=2601
FILTERDDP_TIMING iteration=36 barrier_iteration=5 stage=2 derivative_s=0.000665700 first_order_s=0.000452800 second_order_s=0.000196300 algebra_s=0.000387300 kkt_assembly_s=0.000240100 factor_s=0.001955500 solve_s=0.001108500 update_s=0.000237300 K_nnz=5269 rhs_cols=52 Vxx_nnz=2601
FILTERDDP_TIMING iteration=36 barrier_iteration=5 stage=1 derivative_s=0.000662900 first_order_s=0.000444800 second_order_s=0.000202700 algebra_s=0.000437100 kkt_assembly_s=0.000215100 factor_s=0.001895000 solve_s=0.001027100 update_s=0.000227900 K_nnz=5269 rhs_cols=52 Vxx_nnz=2601
FILTERDDP_FEASIBILITY iteration=36 barrier_iteration=5 equality_count=1686 equality_rms=2.487247164684e-04 equality_max=4.344481233421e-03 equality_worst_stage=3 equality_worst_index=509 dynamics_count=102 dynamics_rms=0.000000000000e+00 dynamics_max=0.000000000000e+00 dynamics_worst_stage=0 dynamics_worst_index=0 bound_count=2451 bound_rms=0.000000000000e+00 bound_max=0.000000000000e+00 bound_worst_stage=0 bound_worst_index=0 bound_worst_kind=none
    36   2.74413641e+03   4.3445e-03   7.3200e-05   1.9516e-06   -3.49      -     5.0000e-01   0
FILTERDDP_ITER_TIMING iteration=36 barrier_iteration=5 backward_s=0.018347200 forward_s=0.002313100 total_s=0.020660300 outcome=accepted step_size=5.000000000e-01 backtracks=0 mu=3.200000000e-04
FILTERDDP_TIMING iteration=37 barrier_iteration=5 stage=3 derivative_s=0.000654500 first_order_s=0.000464200 second_order_s=0.000175900 algebra_s=0.002272400 kkt_assembly_s=0.000761300 factor_s=0.005847400 solve_s=0.003359400 update_s=0.001184800 K_nnz=5269 rhs_cols=52 Vxx_nnz=2601
FILTERDDP_TIMING iteration=37 barrier_iteration=5 stage=2 derivative_s=0.001814100 first_order_s=0.001251500 second_order_s=0.000509700 algebra_s=0.001035400 kkt_assembly_s=0.000674700 factor_s=0.005940200 solve_s=0.003461200 update_s=0.000604500 K_nnz=5269 rhs_cols=52 Vxx_nnz=2601
FILTERDDP_TIMING iteration=37 barrier_iteration=5 stage=1 derivative_s=0.001762400 first_order_s=0.001238100 second_order_s=0.000474700 algebra_s=0.001169800 kkt_assembly_s=0.004896100 factor_s=0.004781500 solve_s=0.002532400 update_s=0.000333600 K_nnz=5269 rhs_cols=52 Vxx_nnz=2601
FILTERDDP_FEASIBILITY iteration=37 barrier_iteration=5 equality_count=1686 equality_rms=1.301145324564e-04 equality_max=2.273118989359e-03 equality_worst_stage=3 equality_worst_index=509 dynamics_count=102 dynamics_rms=0.000000000000e+00 dynamics_max=0.000000000000e+00 dynamics_worst_stage=0 dynamics_worst_index=0 bound_count=2451 bound_rms=0.000000000000e+00 bound_max=0.000000000000e+00 bound_worst_stage=0 bound_worst_index=0 bound_worst_kind=none
FILTERDDP_ITER_TIMING iteration=37 barrier_iteration=5 backward_s=0.043570600 forward_s=0.000000000 total_s=0.043570600 outcome=barrier_update step_size=5.000000000e-01 backtracks=0 mu=3.200000000e-04
FILTERDDP_TIMING iteration=37 barrier_iteration=6 stage=3 derivative_s=0.000925500 first_order_s=0.000653300 second_order_s=0.000253200 algebra_s=0.002530200 kkt_assembly_s=0.000681400 factor_s=0.006423200 solve_s=0.003300700 update_s=0.001150900 K_nnz=5269 rhs_cols=52 Vxx_nnz=2601
FILTERDDP_TIMING iteration=37 barrier_iteration=6 stage=2 derivative_s=0.001789500 first_order_s=0.001228300 second_order_s=0.000507800 algebra_s=0.001052200 kkt_assembly_s=0.000999200 factor_s=0.007200000 solve_s=0.003471400 update_s=0.000616500 K_nnz=5269 rhs_cols=52 Vxx_nnz=2601
FILTERDDP_TIMING iteration=37 barrier_iteration=6 stage=1 derivative_s=0.001845200 first_order_s=0.001281700 second_order_s=0.000494100 algebra_s=0.001147300 kkt_assembly_s=0.000662400 factor_s=0.005935300 solve_s=0.002541500 update_s=0.000439400 K_nnz=5269 rhs_cols=52 Vxx_nnz=2601
FILTERDDP_FEASIBILITY iteration=37 barrier_iteration=6 equality_count=1686 equality_rms=1.301145324564e-04 equality_max=2.273118989359e-03 equality_worst_stage=3 equality_worst_index=509 dynamics_count=102 dynamics_rms=0.000000000000e+00 dynamics_max=0.000000000000e+00 dynamics_worst_stage=0 dynamics_worst_index=0 bound_count=2451 bound_rms=0.000000000000e+00 bound_max=0.000000000000e+00 bound_worst_stage=0 bound_worst_index=0 bound_worst_kind=none
    37   2.74410579e+03   2.2731e-03   2.6865e-05   9.4742e-07   -4.19      -     5.0000e-01   0
FILTERDDP_ITER_TIMING iteration=37 barrier_iteration=6 backward_s=0.043272700 forward_s=0.004281300 total_s=0.047554000 outcome=accepted step_size=5.000000000e-01 backtracks=0 mu=6.400000000e-05
FILTERDDP_TIMING iteration=38 barrier_iteration=6 stage=3 derivative_s=0.001396200 first_order_s=0.000924700 second_order_s=0.000442400 algebra_s=0.002069000 kkt_assembly_s=0.000627500 factor_s=0.009901500 solve_s=0.002834800 update_s=0.001204600 K_nnz=5269 rhs_cols=52 Vxx_nnz=2601
FILTERDDP_TIMING iteration=38 barrier_iteration=6 stage=2 derivative_s=0.001843400 first_order_s=0.001280700 second_order_s=0.000508400 algebra_s=0.001042700 kkt_assembly_s=0.000745000 factor_s=0.005913400 solve_s=0.003534500 update_s=0.000608100 K_nnz=5269 rhs_cols=52 Vxx_nnz=2601
FILTERDDP_TIMING iteration=38 barrier_iteration=6 stage=1 derivative_s=0.001805300 first_order_s=0.001272700 second_order_s=0.000480900 algebra_s=0.001049100 kkt_assembly_s=0.000728400 factor_s=0.006652200 solve_s=0.002617900 update_s=0.000457500 K_nnz=5269 rhs_cols=52 Vxx_nnz=2601
FILTERDDP_FEASIBILITY iteration=38 barrier_iteration=6 equality_count=1686 equality_rms=1.239350494923e-04 equality_max=2.166341998405e-03 equality_worst_stage=3 equality_worst_index=509 dynamics_count=102 dynamics_rms=0.000000000000e+00 dynamics_max=0.000000000000e+00 dynamics_worst_stage=0 dynamics_worst_index=0 bound_count=2451 bound_rms=0.000000000000e+00 bound_max=0.000000000000e+00 bound_worst_stage=0 bound_worst_index=0 bound_worst_kind=none
    38   2.74399446e+03   2.1663e-03   2.8387e-05   5.0500e-07   -4.19      -     5.0000e-01   0
FILTERDDP_ITER_TIMING iteration=38 barrier_iteration=6 backward_s=0.045619600 forward_s=0.004278400 total_s=0.049898000 outcome=accepted step_size=5.000000000e-01 backtracks=0 mu=6.400000000e-05
FILTERDDP_TIMING iteration=39 barrier_iteration=6 stage=3 derivative_s=0.001444100 first_order_s=0.000978000 second_order_s=0.000425000 algebra_s=0.002072500 kkt_assembly_s=0.000443700 factor_s=0.002426100 solve_s=0.001485100 update_s=0.000930500 K_nnz=5269 rhs_cols=52 Vxx_nnz=2601
FILTERDDP_TIMING iteration=39 barrier_iteration=6 stage=2 derivative_s=0.001902000 first_order_s=0.001240100 second_order_s=0.000605700 algebra_s=0.001129600 kkt_assembly_s=0.000745700 factor_s=0.006045000 solve_s=0.003540300 update_s=0.000635200 K_nnz=5269 rhs_cols=52 Vxx_nnz=2601
FILTERDDP_TIMING iteration=39 barrier_iteration=6 stage=1 derivative_s=0.001691200 first_order_s=0.001185400 second_order_s=0.000440500 algebra_s=0.000926600 kkt_assembly_s=0.004874300 factor_s=0.004407000 solve_s=0.002102800 update_s=0.000372500 K_nnz=5269 rhs_cols=52 Vxx_nnz=2601
FILTERDDP_FEASIBILITY iteration=39 barrier_iteration=6 equality_count=1686 equality_rms=7.952109013311e-05 equality_max=1.384540121277e-03 equality_worst_stage=3 equality_worst_index=509 dynamics_count=102 dynamics_rms=0.000000000000e+00 dynamics_max=0.000000000000e+00 dynamics_worst_stage=0 dynamics_worst_index=0 bound_count=2451 bound_rms=0.000000000000e+00 bound_max=0.000000000000e+00 bound_worst_stage=0 bound_worst_index=0 bound_worst_kind=none
    39   2.74394122e+03   1.3845e-03   1.8956e-05   2.5905e-07   -4.19      -     5.0000e-01   0
FILTERDDP_ITER_TIMING iteration=39 barrier_iteration=6 backward_s=0.037635600 forward_s=0.003483300 total_s=0.041118900 outcome=accepted step_size=5.000000000e-01 backtracks=0 mu=6.400000000e-05
FILTERDDP_TIMING iteration=40 barrier_iteration=6 stage=3 derivative_s=0.001034800 first_order_s=0.000711900 second_order_s=0.000299900 algebra_s=0.001517900 kkt_assembly_s=0.000360200 factor_s=0.002560600 solve_s=0.001609600 update_s=0.000667500 K_nnz=5269 rhs_cols=52 Vxx_nnz=2601
FILTERDDP_TIMING iteration=40 barrier_iteration=6 stage=2 derivative_s=0.000658300 first_order_s=0.000441600 second_order_s=0.000199800 algebra_s=0.000412500 kkt_assembly_s=0.000242500 factor_s=0.002024800 solve_s=0.001148300 update_s=0.000255000 K_nnz=5269 rhs_cols=52 Vxx_nnz=2601
FILTERDDP_TIMING iteration=40 barrier_iteration=6 stage=1 derivative_s=0.000619700 first_order_s=0.000428000 second_order_s=0.000175600 algebra_s=0.000430100 kkt_assembly_s=0.000244300 factor_s=0.002104600 solve_s=0.001112900 update_s=0.000244300 K_nnz=5269 rhs_cols=52 Vxx_nnz=2601
FILTERDDP_FEASIBILITY iteration=40 barrier_iteration=6 equality_count=1686 equality_rms=4.492824176789e-05 equality_max=7.810025425468e-04 equality_worst_stage=3 equality_worst_index=509 dynamics_count=102 dynamics_rms=0.000000000000e+00 dynamics_max=0.000000000000e+00 dynamics_worst_stage=0 dynamics_worst_index=0 bound_count=2451 bound_rms=0.000000000000e+00 bound_max=0.000000000000e+00 bound_worst_stage=0 bound_worst_index=0 bound_worst_kind=none
  iter     objective        pr_inf       du_inf       cs_inf     lg(μ)   lg(reg)    alpha     ls
    40   2.74391541e+03   7.8100e-04   9.7840e-06   1.2798e-07   -4.19      -     5.0000e-01   0
FILTERDDP_ITER_TIMING iteration=40 barrier_iteration=6 backward_s=0.017572100 forward_s=0.001955700 total_s=0.019527800 outcome=accepted step_size=5.000000000e-01 backtracks=0 mu=6.400000000e-05
FILTERDDP_TIMING iteration=41 barrier_iteration=6 stage=3 derivative_s=0.000684100 first_order_s=0.000470200 second_order_s=0.000197900 algebra_s=0.002124100 kkt_assembly_s=0.000750500 factor_s=0.012483800 solve_s=0.003291500 update_s=0.001246100 K_nnz=5269 rhs_cols=52 Vxx_nnz=2601
FILTERDDP_TIMING iteration=41 barrier_iteration=6 stage=2 derivative_s=0.001794900 first_order_s=0.001233900 second_order_s=0.000505400 algebra_s=0.000921900 kkt_assembly_s=0.000496200 factor_s=0.004424700 solve_s=0.002656800 update_s=0.000462700 K_nnz=5269 rhs_cols=52 Vxx_nnz=2601
FILTERDDP_TIMING iteration=41 barrier_iteration=6 stage=1 derivative_s=0.001355700 first_order_s=0.000967600 second_order_s=0.000358900 algebra_s=0.000698500 kkt_assembly_s=0.000298200 factor_s=0.002703900 solve_s=0.001665400 update_s=0.000330700 K_nnz=5269 rhs_cols=52 Vxx_nnz=2601
FILTERDDP_FEASIBILITY iteration=41 barrier_iteration=6 equality_count=1686 equality_rms=2.395785767746e-05 equality_max=4.163793507070e-04 equality_worst_stage=3 equality_worst_index=509 dynamics_count=102 dynamics_rms=0.000000000000e+00 dynamics_max=0.000000000000e+00 dynamics_worst_stage=0 dynamics_worst_index=0 bound_count=2451 bound_rms=0.000000000000e+00 bound_max=0.000000000000e+00 bound_worst_stage=0 bound_worst_index=0 bound_worst_kind=none
FILTERDDP_ITER_TIMING iteration=41 barrier_iteration=6 backward_s=0.038839100 forward_s=0.000000000 total_s=0.038839100 outcome=barrier_update step_size=5.000000000e-01 backtracks=0 mu=6.400000000e-05
FILTERDDP_TIMING iteration=41 barrier_iteration=7 stage=3 derivative_s=0.000847800 first_order_s=0.000596100 second_order_s=0.000232400 algebra_s=0.001469200 kkt_assembly_s=0.000336900 factor_s=0.002268600 solve_s=0.001053100 update_s=0.000669300 K_nnz=5269 rhs_cols=52 Vxx_nnz=2601
FILTERDDP_TIMING iteration=41 barrier_iteration=7 stage=2 derivative_s=0.000655700 first_order_s=0.000434500 second_order_s=0.000202400 algebra_s=0.000361300 kkt_assembly_s=0.000223000 factor_s=0.002034800 solve_s=0.001060200 update_s=0.000211700 K_nnz=5269 rhs_cols=52 Vxx_nnz=2601
FILTERDDP_TIMING iteration=41 barrier_iteration=7 stage=1 derivative_s=0.000692900 first_order_s=0.000489000 second_order_s=0.000189500 algebra_s=0.002603300 kkt_assembly_s=0.000212200 factor_s=0.001730800 solve_s=0.001008600 update_s=0.000219600 K_nnz=5269 rhs_cols=52 Vxx_nnz=2601
FILTERDDP_FEASIBILITY iteration=41 barrier_iteration=7 equality_count=1686 equality_rms=2.395785767746e-05 equality_max=4.163793507070e-04 equality_worst_stage=3 equality_worst_index=509 dynamics_count=102 dynamics_rms=0.000000000000e+00 dynamics_max=0.000000000000e+00 dynamics_worst_stage=0 dynamics_worst_index=0 bound_count=2451 bound_rms=0.000000000000e+00 bound_max=0.000000000000e+00 bound_worst_stage=0 bound_worst_index=0 bound_worst_kind=none
    41   2.74390276e+03   4.1638e-04   4.1854e-06   6.1956e-08   -5.03      -     5.0000e-01   0
FILTERDDP_ITER_TIMING iteration=41 barrier_iteration=7 backward_s=0.017902300 forward_s=0.001898100 total_s=0.019800400 outcome=accepted step_size=5.000000000e-01 backtracks=0 mu=9.277179695e-06
FILTERDDP_TIMING iteration=42 barrier_iteration=7 stage=3 derivative_s=0.000521600 first_order_s=0.000361600 second_order_s=0.000147800 algebra_s=0.001768000 kkt_assembly_s=0.000469700 factor_s=0.004703500 solve_s=0.003636500 update_s=0.001036100 K_nnz=5269 rhs_cols=52 Vxx_nnz=2601
FILTERDDP_TIMING iteration=42 barrier_iteration=7 stage=2 derivative_s=0.001869000 first_order_s=0.001340600 second_order_s=0.000473800 algebra_s=0.001046200 kkt_assembly_s=0.000664500 factor_s=0.005965700 solve_s=0.003716900 update_s=0.000569100 K_nnz=5269 rhs_cols=52 Vxx_nnz=2601
FILTERDDP_TIMING iteration=42 barrier_iteration=7 stage=1 derivative_s=0.001684200 first_order_s=0.001193500 second_order_s=0.000440700 algebra_s=0.000969600 kkt_assembly_s=0.000591100 factor_s=0.005503700 solve_s=0.002141000 update_s=0.000397800 K_nnz=5269 rhs_cols=52 Vxx_nnz=2601
FILTERDDP_FEASIBILITY iteration=42 barrier_iteration=7 equality_count=1686 equality_rms=1.735449499167e-05 equality_max=3.016789174661e-04 equality_worst_stage=3 equality_worst_index=509 dynamics_count=102 dynamics_rms=0.000000000000e+00 dynamics_max=0.000000000000e+00 dynamics_worst_stage=0 dynamics_worst_index=0 bound_count=2451 bound_rms=0.000000000000e+00 bound_max=0.000000000000e+00 bound_worst_stage=0 bound_worst_index=0 bound_worst_kind=none
    42   2.74387727e+03   3.0168e-04   3.8372e-06   3.3498e-08   -5.03      -     5.0000e-01   0
FILTERDDP_ITER_TIMING iteration=42 barrier_iteration=7 backward_s=0.037773200 forward_s=0.004761200 total_s=0.042534400 outcome=accepted step_size=5.000000000e-01 backtracks=0 mu=9.277179695e-06
FILTERDDP_TIMING iteration=43 barrier_iteration=7 stage=3 derivative_s=0.001951100 first_order_s=0.001254500 second_order_s=0.000550100 algebra_s=0.002799000 kkt_assembly_s=0.007357600 factor_s=0.006383500 solve_s=0.003404300 update_s=0.001211900 K_nnz=5269 rhs_cols=52 Vxx_nnz=2601
FILTERDDP_TIMING iteration=43 barrier_iteration=7 stage=2 derivative_s=0.001883000 first_order_s=0.001324200 second_order_s=0.000491100 algebra_s=0.001108100 kkt_assembly_s=0.000677100 factor_s=0.006282600 solve_s=0.003465300 update_s=0.000609500 K_nnz=5269 rhs_cols=52 Vxx_nnz=2601
FILTERDDP_TIMING iteration=43 barrier_iteration=7 stage=1 derivative_s=0.001917400 first_order_s=0.001341000 second_order_s=0.000507900 algebra_s=0.001057900 kkt_assembly_s=0.000649700 factor_s=0.005105700 solve_s=0.003941400 update_s=0.000866500 K_nnz=5269 rhs_cols=52 Vxx_nnz=2601
FILTERDDP_FEASIBILITY iteration=43 barrier_iteration=7 equality_count=1686 equality_rms=1.032850095546e-05 equality_max=1.800139351171e-04 equality_worst_stage=3 equality_worst_index=509 dynamics_count=102 dynamics_rms=0.000000000000e+00 dynamics_max=0.000000000000e+00 dynamics_worst_stage=0 dynamics_worst_index=0 bound_count=2451 bound_rms=0.000000000000e+00 bound_max=0.000000000000e+00 bound_worst_stage=0 bound_worst_index=0 bound_worst_kind=none
    43   2.74386482e+03   1.8001e-04   2.6178e-06   1.7483e-08   -5.03      -     5.0000e-01   0
FILTERDDP_ITER_TIMING iteration=43 barrier_iteration=7 backward_s=0.051350100 forward_s=0.004580500 total_s=0.055930600 outcome=accepted step_size=5.000000000e-01 backtracks=0 mu=9.277179695e-06
FILTERDDP_TIMING iteration=44 barrier_iteration=7 stage=3 derivative_s=0.000901000 first_order_s=0.000600000 second_order_s=0.000278300 algebra_s=0.002358200 kkt_assembly_s=0.000757600 factor_s=0.005965600 solve_s=0.003349700 update_s=0.001068600 K_nnz=5269 rhs_cols=52 Vxx_nnz=2601
FILTERDDP_TIMING iteration=44 barrier_iteration=7 stage=2 derivative_s=0.001823300 first_order_s=0.001274600 second_order_s=0.000491600 algebra_s=0.001031800 kkt_assembly_s=0.000741600 factor_s=0.004485400 solve_s=0.005762100 update_s=0.000339400 K_nnz=5269 rhs_cols=52 Vxx_nnz=2601
FILTERDDP_TIMING iteration=44 barrier_iteration=7 stage=1 derivative_s=0.000915200 first_order_s=0.000635000 second_order_s=0.000257100 algebra_s=0.000525700 kkt_assembly_s=0.000319000 factor_s=0.002773700 solve_s=0.001695600 update_s=0.000345900 K_nnz=5269 rhs_cols=52 Vxx_nnz=2601
FILTERDDP_FEASIBILITY iteration=44 barrier_iteration=7 equality_count=1686 equality_rms=5.651970158108e-06 equality_max=9.887544661680e-05 equality_worst_stage=3 equality_worst_index=509 dynamics_count=102 dynamics_rms=0.000000000000e+00 dynamics_max=0.000000000000e+00 dynamics_worst_stage=0 dynamics_worst_index=0 bound_count=2451 bound_rms=0.000000000000e+00 bound_max=0.000000000000e+00 bound_worst_stage=0 bound_worst_index=0 bound_worst_kind=none
    44   2.74385871e+03   9.8875e-05   1.4456e-06   8.7311e-09   -5.03      -     5.0000e-01   0
FILTERDDP_ITER_TIMING iteration=44 barrier_iteration=7 backward_s=0.035598800 forward_s=0.002581000 total_s=0.038179800 outcome=accepted step_size=5.000000000e-01 backtracks=0 mu=9.277179695e-06
FILTERDDP_TIMING iteration=45 barrier_iteration=7 stage=3 derivative_s=0.000603100 first_order_s=0.000390400 second_order_s=0.000194700 algebra_s=0.001171600 kkt_assembly_s=0.000275600 factor_s=0.001961900 solve_s=0.000987800 update_s=0.000558200 K_nnz=5269 rhs_cols=52 Vxx_nnz=2601
FILTERDDP_TIMING iteration=45 barrier_iteration=7 stage=2 derivative_s=0.000653600 first_order_s=0.000452800 second_order_s=0.000184000 algebra_s=0.000410000 kkt_assembly_s=0.000237000 factor_s=0.001905700 solve_s=0.001050000 update_s=0.000240200 K_nnz=5269 rhs_cols=52 Vxx_nnz=2601
FILTERDDP_TIMING iteration=45 barrier_iteration=7 stage=1 derivative_s=0.000657100 first_order_s=0.000450500 second_order_s=0.000192000 algebra_s=0.000383700 kkt_assembly_s=0.000247200 factor_s=0.001900700 solve_s=0.001081300 update_s=0.000228200 K_nnz=5269 rhs_cols=52 Vxx_nnz=2601
FILTERDDP_FEASIBILITY iteration=45 barrier_iteration=7 equality_count=1686 equality_rms=2.962570385431e-06 equality_max=5.203078848373e-05 equality_worst_stage=3 equality_worst_index=509 dynamics_count=102 dynamics_rms=0.000000000000e+00 dynamics_max=0.000000000000e+00 dynamics_worst_stage=0 dynamics_worst_index=0 bound_count=2451 bound_rms=0.000000000000e+00 bound_max=0.000000000000e+00 bound_worst_stage=0 bound_worst_index=0 bound_worst_kind=none
FILTERDDP_ITER_TIMING iteration=45 barrier_iteration=7 backward_s=0.014817300 forward_s=0.000000000 total_s=0.014817300 outcome=barrier_update step_size=5.000000000e-01 backtracks=0 mu=9.277179695e-06
FILTERDDP_TIMING iteration=45 barrier_iteration=8 stage=3 derivative_s=0.000651500 first_order_s=0.000448000 second_order_s=0.000189100 algebra_s=0.001126400 kkt_assembly_s=0.002646000 factor_s=0.001871600 solve_s=0.000983500 update_s=0.000857200 K_nnz=5269 rhs_cols=52 Vxx_nnz=2601
FILTERDDP_TIMING iteration=45 barrier_iteration=8 stage=2 derivative_s=0.001961000 first_order_s=0.001313000 second_order_s=0.000578400 algebra_s=0.001120700 kkt_assembly_s=0.000686600 factor_s=0.006673800 solve_s=0.003559600 update_s=0.001024700 K_nnz=5269 rhs_cols=52 Vxx_nnz=2601
FILTERDDP_TIMING iteration=45 barrier_iteration=8 stage=1 derivative_s=0.001776200 first_order_s=0.001353000 second_order_s=0.000385000 algebra_s=0.000795800 kkt_assembly_s=0.000551800 factor_s=0.004420100 solve_s=0.002687600 update_s=0.000469600 K_nnz=5269 rhs_cols=52 Vxx_nnz=2601
FILTERDDP_FEASIBILITY iteration=45 barrier_iteration=8 equality_count=1686 equality_rms=2.962570385431e-06 equality_max=5.203078848373e-05 equality_worst_stage=3 equality_worst_index=509 dynamics_count=102 dynamics_rms=0.000000000000e+00 dynamics_max=0.000000000000e+00 dynamics_worst_stage=0 dynamics_worst_index=0 bound_count=2451 bound_rms=0.000000000000e+00 bound_max=0.000000000000e+00 bound_worst_stage=0 bound_worst_index=0 bound_worst_kind=none
    45   2.74385568e+03   5.2031e-05   6.6221e-07   4.2081e-09   -6.04      -     5.0000e-01   0
FILTERDDP_ITER_TIMING iteration=45 barrier_iteration=8 backward_s=0.034482900 forward_s=0.002701000 total_s=0.037183900 outcome=accepted step_size=5.000000000e-01 backtracks=0 mu=9.139010210e-07
FILTERDDP_TIMING iteration=46 barrier_iteration=8 stage=3 derivative_s=0.000852900 first_order_s=0.000523800 second_order_s=0.000304900 algebra_s=0.001329100 kkt_assembly_s=0.000265500 factor_s=0.002006200 solve_s=0.001741600 update_s=0.001173200 K_nnz=5269 rhs_cols=52 Vxx_nnz=2601
FILTERDDP_TIMING iteration=46 barrier_iteration=8 stage=2 derivative_s=0.001859900 first_order_s=0.001269500 second_order_s=0.000532700 algebra_s=0.001283200 kkt_assembly_s=0.000553300 factor_s=0.002468300 solve_s=0.004163500 update_s=0.000372100 K_nnz=5269 rhs_cols=52 Vxx_nnz=2601
FILTERDDP_TIMING iteration=46 barrier_iteration=8 stage=1 derivative_s=0.000863500 first_order_s=0.000663100 second_order_s=0.000180400 algebra_s=0.000402400 kkt_assembly_s=0.000244400 factor_s=0.002028900 solve_s=0.001019200 update_s=0.000236600 K_nnz=5269 rhs_cols=52 Vxx_nnz=2601
FILTERDDP_FEASIBILITY iteration=46 barrier_iteration=8 equality_count=1686 equality_rms=1.732735078986e-06 equality_max=3.083647862134e-05 equality_worst_stage=3 equality_worst_index=509 dynamics_count=102 dynamics_rms=0.000000000000e+00 dynamics_max=0.000000000000e+00 dynamics_worst_stage=0 dynamics_worst_index=0 bound_count=2451 bound_rms=0.000000000000e+00 bound_max=0.000000000000e+00 bound_worst_stage=0 bound_worst_index=0 bound_worst_kind=none
    46   2.74385135e+03   3.0836e-05   5.3391e-07   2.2936e-09   -6.04      -     5.0000e-01   0
FILTERDDP_ITER_TIMING iteration=46 barrier_iteration=8 backward_s=0.023273900 forward_s=0.002001800 total_s=0.025275700 outcome=accepted step_size=5.000000000e-01 backtracks=0 mu=9.139010210e-07
FILTERDDP_TIMING iteration=47 barrier_iteration=8 stage=3 derivative_s=0.000553400 first_order_s=0.000362200 second_order_s=0.000176500 algebra_s=0.001375600 kkt_assembly_s=0.000248500 factor_s=0.001776700 solve_s=0.000971500 update_s=0.000560800 K_nnz=5269 rhs_cols=52 Vxx_nnz=2601
FILTERDDP_TIMING iteration=47 barrier_iteration=8 stage=2 derivative_s=0.000668900 first_order_s=0.000439900 second_order_s=0.000207800 algebra_s=0.000375700 kkt_assembly_s=0.000229300 factor_s=0.002036100 solve_s=0.001159000 update_s=0.000227300 K_nnz=5269 rhs_cols=52 Vxx_nnz=2601
FILTERDDP_TIMING iteration=47 barrier_iteration=8 stage=1 derivative_s=0.000630700 first_order_s=0.000441100 second_order_s=0.000174800 algebra_s=0.000415900 kkt_assembly_s=0.000223800 factor_s=0.001959000 solve_s=0.001038900 update_s=0.000212500 K_nnz=5269 rhs_cols=52 Vxx_nnz=2601
FILTERDDP_FEASIBILITY iteration=47 barrier_iteration=8 equality_count=1686 equality_rms=9.340043326787e-07 equality_max=1.684599239112e-05 equality_worst_stage=3 equality_worst_index=509 dynamics_count=102 dynamics_rms=0.000000000000e+00 dynamics_max=0.000000000000e+00 dynamics_worst_stage=0 dynamics_worst_index=0 bound_count=2451 bound_rms=0.000000000000e+00 bound_max=0.000000000000e+00 bound_worst_stage=0 bound_worst_index=0 bound_worst_kind=none
    47   2.74384922e+03   1.6846e-05   3.5469e-07   1.2061e-09   -6.04      -     5.0000e-01   0
FILTERDDP_ITER_TIMING iteration=47 barrier_iteration=8 backward_s=0.014894100 forward_s=0.001964400 total_s=0.016858500 outcome=accepted step_size=5.000000000e-01 backtracks=0 mu=9.139010210e-07
FILTERDDP_TIMING iteration=48 barrier_iteration=8 stage=3 derivative_s=0.000684400 first_order_s=0.000422200 second_order_s=0.000242700 algebra_s=0.004024700 kkt_assembly_s=0.000258500 factor_s=0.001808400 solve_s=0.000957500 update_s=0.000679500 K_nnz=5269 rhs_cols=52 Vxx_nnz=2601
FILTERDDP_TIMING iteration=48 barrier_iteration=8 stage=2 derivative_s=0.000608800 first_order_s=0.000413500 second_order_s=0.000182000 algebra_s=0.000458800 kkt_assembly_s=0.000239400 factor_s=0.001963000 solve_s=0.001081600 update_s=0.000214800 K_nnz=5269 rhs_cols=52 Vxx_nnz=2601
FILTERDDP_TIMING iteration=48 barrier_iteration=8 stage=1 derivative_s=0.000613700 first_order_s=0.000426500 second_order_s=0.000173800 algebra_s=0.000396200 kkt_assembly_s=0.000206500 factor_s=0.001998400 solve_s=0.001064000 update_s=0.000214400 K_nnz=5269 rhs_cols=52 Vxx_nnz=2601
FILTERDDP_FEASIBILITY iteration=48 barrier_iteration=8 equality_count=1686 equality_rms=4.844653886682e-07 equality_max=8.829583012411e-06 equality_worst_stage=3 equality_worst_index=509 dynamics_count=102 dynamics_rms=0.000000000000e+00 dynamics_max=0.000000000000e+00 dynamics_worst_stage=0 dynamics_worst_index=0 bound_count=2451 bound_rms=0.000000000000e+00 bound_max=0.000000000000e+00 bound_worst_stage=0 bound_worst_index=0 bound_worst_kind=none
FILTERDDP_ITER_TIMING iteration=48 barrier_iteration=8 backward_s=0.017693000 forward_s=0.000000000 total_s=0.017693000 outcome=barrier_update step_size=5.000000000e-01 backtracks=0 mu=9.139010210e-07
FILTERDDP_TIMING iteration=48 barrier_iteration=9 stage=3 derivative_s=0.000588800 first_order_s=0.000404600 second_order_s=0.000172400 algebra_s=0.002200500 kkt_assembly_s=0.000720300 factor_s=0.007026400 solve_s=0.003607100 update_s=0.001105000 K_nnz=5269 rhs_cols=52 Vxx_nnz=2601
FILTERDDP_TIMING iteration=48 barrier_iteration=9 stage=2 derivative_s=0.001989800 first_order_s=0.001439300 second_order_s=0.000492000 algebra_s=0.001078900 kkt_assembly_s=0.000662700 factor_s=0.006190000 solve_s=0.007491300 update_s=0.000579700 K_nnz=5269 rhs_cols=52 Vxx_nnz=2601
FILTERDDP_TIMING iteration=48 barrier_iteration=9 stage=1 derivative_s=0.001508000 first_order_s=0.001067200 second_order_s=0.000407400 algebra_s=0.000920500 kkt_assembly_s=0.000553200 factor_s=0.004041900 solve_s=0.001974500 update_s=0.000376600 K_nnz=5269 rhs_cols=52 Vxx_nnz=2601
FILTERDDP_FEASIBILITY iteration=48 barrier_iteration=9 equality_count=1686 equality_rms=4.844653886682e-07 equality_max=8.829583012411e-06 equality_worst_stage=3 equality_worst_index=509 dynamics_count=102 dynamics_rms=0.000000000000e+00 dynamics_max=0.000000000000e+00 dynamics_worst_stage=0 dynamics_worst_index=0 bound_count=2451 bound_rms=0.000000000000e+00 bound_max=0.000000000000e+00 bound_worst_stage=0 bound_worst_index=0 bound_worst_kind=none
    48   2.74384817e+03   8.8296e-06   1.9987e-07   6.0394e-10   -7.25      -     5.0000e-01   0
FILTERDDP_ITER_TIMING iteration=48 barrier_iteration=9 backward_s=0.043151200 forward_s=0.003627600 total_s=0.046778800 outcome=accepted step_size=5.000000000e-01 backtracks=0 mu=5.663422933e-08
FILTERDDP_TIMING iteration=49 barrier_iteration=9 stage=3 derivative_s=0.000993800 first_order_s=0.000664700 second_order_s=0.000307200 algebra_s=0.001359000 kkt_assembly_s=0.000254700 factor_s=0.001858300 solve_s=0.001047700 update_s=0.000832600 K_nnz=5269 rhs_cols=52 Vxx_nnz=2601
FILTERDDP_TIMING iteration=49 barrier_iteration=9 stage=2 derivative_s=0.001786700 first_order_s=0.001226800 second_order_s=0.000507500 algebra_s=0.001017700 kkt_assembly_s=0.000672900 factor_s=0.006607900 solve_s=0.003595100 update_s=0.000603700 K_nnz=5269 rhs_cols=52 Vxx_nnz=2601
FILTERDDP_TIMING iteration=49 barrier_iteration=9 stage=1 derivative_s=0.001897800 first_order_s=0.001363600 second_order_s=0.000480000 algebra_s=0.001047900 kkt_assembly_s=0.000644100 factor_s=0.006046600 solve_s=0.003555800 update_s=0.000563200 K_nnz=5269 rhs_cols=52 Vxx_nnz=2601
FILTERDDP_FEASIBILITY iteration=49 barrier_iteration=9 equality_count=1686 equality_rms=2.523283153874e-07 equality_max=4.654153962662e-06 equality_worst_stage=3 equality_worst_index=509 dynamics_count=102 dynamics_rms=0.000000000000e+00 dynamics_max=0.000000000000e+00 dynamics_worst_stage=0 dynamics_worst_index=0 bound_count=2451 bound_rms=0.000000000000e+00 bound_max=0.000000000000e+00 bound_worst_stage=0 bound_worst_index=0 bound_worst_kind=none
    49   2.74384736e+03   4.6542e-06   1.3921e-07   3.2816e-10   -7.25      -     5.0000e-01   0
FILTERDDP_ITER_TIMING iteration=49 barrier_iteration=9 backward_s=0.034894700 forward_s=0.005506200 total_s=0.040400900 outcome=accepted step_size=5.000000000e-01 backtracks=0 mu=5.663422933e-08
FILTERDDP_TIMING iteration=50 barrier_iteration=9 stage=3 derivative_s=0.001634500 first_order_s=0.001110500 second_order_s=0.000475900 algebra_s=0.006215900 kkt_assembly_s=0.000445600 factor_s=0.003570600 solve_s=0.001174800 update_s=0.000626300 K_nnz=5269 rhs_cols=52 Vxx_nnz=2601
FILTERDDP_TIMING iteration=50 barrier_iteration=9 stage=2 derivative_s=0.001071300 first_order_s=0.000744000 second_order_s=0.000289900 algebra_s=0.000633400 kkt_assembly_s=0.000393300 factor_s=0.003549100 solve_s=0.002082900 update_s=0.000465300 K_nnz=5269 rhs_cols=52 Vxx_nnz=2601
FILTERDDP_TIMING iteration=50 barrier_iteration=9 stage=1 derivative_s=0.001582100 first_order_s=0.001134000 second_order_s=0.000413300 algebra_s=0.000841300 kkt_assembly_s=0.000573900 factor_s=0.005065700 solve_s=0.002692100 update_s=0.000437400 K_nnz=5269 rhs_cols=52 Vxx_nnz=2601
FILTERDDP_FEASIBILITY iteration=50 barrier_iteration=9 equality_count=1686 equality_rms=1.287053210260e-07 equality_max=2.389556821782e-06 equality_worst_stage=3 equality_worst_index=509 dynamics_count=102 dynamics_rms=0.000000000000e+00 dynamics_max=0.000000000000e+00 dynamics_worst_stage=0 dynamics_worst_index=0 bound_count=2451 bound_rms=0.000000000000e+00 bound_max=0.000000000000e+00 bound_worst_stage=0 bound_worst_index=0 bound_worst_kind=none
  iter     objective        pr_inf       du_inf       cs_inf     lg(μ)   lg(reg)    alpha     ls
    50   2.74384696e+03   2.3896e-06   8.8208e-08   1.7868e-10   -7.25      -     5.0000e-01   0
FILTERDDP_ITER_TIMING iteration=50 barrier_iteration=9 backward_s=0.033487000 forward_s=0.004109800 total_s=0.037596800 outcome=accepted step_size=5.000000000e-01 backtracks=0 mu=5.663422933e-08
FILTERDDP_TIMING iteration=51 barrier_iteration=9 stage=3 derivative_s=0.001294300 first_order_s=0.000799000 second_order_s=0.000446400 algebra_s=0.001773400 kkt_assembly_s=0.000488800 factor_s=0.002855800 solve_s=0.001523400 update_s=0.000604300 K_nnz=5269 rhs_cols=52 Vxx_nnz=2601
FILTERDDP_TIMING iteration=51 barrier_iteration=9 stage=2 derivative_s=0.000886100 first_order_s=0.000595900 second_order_s=0.000255100 algebra_s=0.000512600 kkt_assembly_s=0.000289400 factor_s=0.005108800 solve_s=0.001015400 update_s=0.000239200 K_nnz=5269 rhs_cols=52 Vxx_nnz=2601
FILTERDDP_TIMING iteration=51 barrier_iteration=9 stage=1 derivative_s=0.000665100 first_order_s=0.000435500 second_order_s=0.000212100 algebra_s=0.000608700 kkt_assembly_s=0.000677600 factor_s=0.006245000 solve_s=0.003783500 update_s=0.000620200 K_nnz=5269 rhs_cols=52 Vxx_nnz=2601
FILTERDDP_FEASIBILITY iteration=51 barrier_iteration=9 equality_count=1686 equality_rms=6.497824364527e-08 equality_max=1.209222489967e-06 equality_worst_stage=3 equality_worst_index=509 dynamics_count=102 dynamics_rms=0.000000000000e+00 dynamics_max=0.000000000000e+00 dynamics_worst_stage=0 dynamics_worst_index=0 bound_count=2451 bound_rms=0.000000000000e+00 bound_max=0.000000000000e+00 bound_worst_stage=0 bound_worst_index=0 bound_worst_kind=none
    51   2.74384676e+03   1.2092e-06   5.1117e-08   9.4921e-11   -7.25      -     5.0000e-01   0
FILTERDDP_ITER_TIMING iteration=51 barrier_iteration=9 backward_s=0.029626600 forward_s=0.005833500 total_s=0.035460100 outcome=accepted step_size=5.000000000e-01 backtracks=0 mu=5.663422933e-08
FILTERDDP_TIMING iteration=52 barrier_iteration=9 stage=3 derivative_s=0.001287500 first_order_s=0.000862300 second_order_s=0.000383000 algebra_s=0.001501400 kkt_assembly_s=0.000294200 factor_s=0.002166700 solve_s=0.001211400 update_s=0.000609700 K_nnz=5269 rhs_cols=52 Vxx_nnz=2601
FILTERDDP_TIMING iteration=52 barrier_iteration=9 stage=2 derivative_s=0.001044500 first_order_s=0.000746900 second_order_s=0.000262300 algebra_s=0.000485500 kkt_assembly_s=0.000318800 factor_s=0.002779900 solve_s=0.001401200 update_s=0.000355300 K_nnz=5269 rhs_cols=52 Vxx_nnz=2601
FILTERDDP_TIMING iteration=52 barrier_iteration=9 stage=1 derivative_s=0.001077600 first_order_s=0.000796800 second_order_s=0.000256900 algebra_s=0.000567200 kkt_assembly_s=0.000314700 factor_s=0.002718800 solve_s=0.001357000 update_s=0.000328200 K_nnz=5269 rhs_cols=52 Vxx_nnz=2601
FILTERDDP_FEASIBILITY iteration=52 barrier_iteration=9 equality_count=1686 equality_rms=3.263858902718e-08 equality_max=6.073912777198e-07 equality_worst_stage=3 equality_worst_index=509 dynamics_count=102 dynamics_rms=0.000000000000e+00 dynamics_max=0.000000000000e+00 dynamics_worst_stage=0 dynamics_worst_index=0 bound_count=2451 bound_rms=0.000000000000e+00 bound_max=0.000000000000e+00 bound_worst_stage=0 bound_worst_index=0 bound_worst_kind=none
FILTERDDP_ITER_TIMING iteration=52 barrier_iteration=9 backward_s=0.020176600 forward_s=0.000000000 total_s=0.020176600 outcome=near_optimal step_size=5.000000000e-01 backtracks=0 mu=5.663422933e-08
    52   2.74384666e+03   6.0739e-07   2.7702e-08   5.0076e-11   -7.25      -     5.0000e-01   0
FILTERDDP_NEAR_OPT iteration=52 elapsed_s=17.854 objective=2743.846660021356 reference=2743.846437667443 rel_gap=8.104e-08 primal_inf=6.074e-07 dual_inf=2.770e-08 mu=5.663e-08
    52   2.74384666e+03   6.0739e-07   2.7702e-08   5.0076e-11   -7.25      -     5.0000e-01   0


EXIT: Near-optimal: feasible and within the gap of the centralized reference.

solve complete: 20.395 s, iterations=52, status=9
final residuals: primal=6.073912777198e-07 dual=2.770198048955e-08 complementarity=5.007638873345e-11
saved_solution=C:\Users\Aryan Ritwajeet Jha\Documents\documents_general\MultiPeriodDistOPF\.claude\worktrees\new-session-a7b7a2\ddp\results\network_filterddp\filterddp_solution_ieee123C_1ph_T3_periodic_CB1e-3.jls
FilterDDP objective=2743.846660021355 max_equality_residual=6.074e-07
Ipopt objective=2808.924651222831 objective_gap=6.508e+01
max_abs_diff[P_Subs]=2.899e-01
max_abs_diff[Q_Subs]=1.091e-02
max_abs_diff[P]=2.899e-01
max_abs_diff[Q]=1.091e-02
max_abs_diff[v]=1.473e-02
max_abs_diff[ell]=4.866e-01
max_abs_diff[P_B]=8.666e-03
max_abs_diff[B]=3.467e-02
max_abs_diff[q_D]=6.914e-03
wrote ddp/results/kkt_ordering/fullrun/trace_ieee123C_1ph_T3_diag_umf_sym_r2.csv (53 unique iterations)
