iteration,subproblem,solve_time_sec,ipopt_iters
1,1,4.195000,16
1,2,3.826000,15
1,3,3.834000,15
1,4,3.090000,13
1,5,4.030000,14
1,6,5.099000,17
1,7,4.625000,15
1,8,4.786000,15
1,9,4.123000,15
1,10,4.162000,15
1,11,4.049000,15
1,12,4.458000,15
1,13,4.477000,15
1,14,3.970000,15
1,15,4.037000,15
1,16,4.062000,15
1,17,4.437000,15
1,18,4.717000,15
1,19,4.345000,15
1,20,4.803000,15
1,21,4.683000,15
1,22,4.349000,15
1,23,3.938000,15
1,24,3.744000,15
1,25,4.324000,15
1,26,4.786000,15
1,27,4.567000,15
1,28,4.445000,15
1,29,3.648000,15
1,30,3.864000,15
1,31,4.538000,15
1,32,4.116000,15
1,33,4.321000,15
1,34,7.251000,15
1,35,4.877000,15
1,36,2.342000,15
1,37,4.581000,15
1,38,4.786000,15
1,39,4.454000,15
1,40,9.056000,38
1,41,4.763000,50
1,42,0.240000,16
1,43,3.828000,15
1,44,4.190000,15
1,45,4.820000,15
1,46,5.309000,15
1,47,5.052000,15
1,48,3.028000,15
1,49,4.557000,15
1,50,3.925000,15
1,51,3.580000,15
1,52,3.749000,15
1,53,4.127000,15
1,54,4.987000,15
1,55,4.637000,15
1,56,4.805000,15
1,57,4.594000,15
1,58,5.513000,15
1,59,4.303000,15
1,60,3.273000,15
1,61,4.511000,15
1,62,4.320000,15
1,63,4.384000,15
1,64,5.145000,15
1,65,4.161000,15
1,66,3.675000,15
1,67,4.234000,15
1,68,4.786000,15
1,69,4.342000,15
1,70,4.443000,15
1,71,4.018000,15
1,72,3.496000,15
1,73,4.471000,15
1,74,4.567000,16
1,75,5.460000,16
1,76,5.048000,16
1,77,4.650000,16
1,78,2.868000,16
1,79,4.643000,15
1,80,4.482000,15
1,81,5.493000,15
1,82,4.269000,15
1,83,5.356000,15
1,84,3.060000,15
1,85,4.500000,15
1,86,4.522000,15
1,87,4.919000,15
1,88,4.706000,15
1,89,4.241000,15
1,90,3.934000,15
1,91,4.547000,15
1,92,4.537000,15
1,93,5.030000,15
1,94,4.637000,15
1,95,4.600000,15
1,96,2.118000,14
2,1,2.615000,8
2,2,2.006000,7
2,3,1.925000,6
2,4,2.244000,6
2,5,2.085000,7
2,6,1.805000,7
2,7,2.185000,6
2,8,2.182000,6
2,9,1.916000,6
2,10,2.182000,6
2,11,2.197000,6
2,12,1.484000,6
2,13,2.136000,6
2,14,2.147000,6
2,15,1.659000,6
2,16,2.244000,6
2,17,1.977000,6
2,18,1.931000,6
2,19,2.169000,6
2,20,2.788000,6
2,21,2.168000,6
2,22,2.353000,6
2,23,2.110000,6
2,24,1.203000,6
2,25,2.073000,6
2,26,2.214000,6
2,27,2.244000,6
2,28,1.821000,6
2,29,1.886000,7
2,30,2.209000,7
2,31,2.464000,7
2,32,2.485000,7
2,33,2.111000,6
2,34,1.846000,6
2,35,2.475000,9
2,36,1.373000,5
2,37,1.405000,5
2,38,1.181000,5
2,39,1.400000,5
2,40,2.626000,9
2,41,5.701000,27
2,42,0.112000,6
2,43,1.865000,6
2,44,1.911000,6
2,45,1.738000,5
2,46,1.722000,5
2,47,1.717000,5
2,48,1.513000,5
2,49,1.609000,5
2,50,2.103000,5
2,51,1.516000,5
2,52,1.355000,5
2,53,1.609000,5
2,54,1.424000,5
2,55,1.609000,5
2,56,1.451000,5
2,57,1.865000,5
2,58,1.744000,5
2,59,1.291000,5
2,60,1.847000,6
2,61,1.393000,5
2,62,1.674000,6
2,63,1.865000,5
2,64,1.884000,5
2,65,1.957000,7
2,66,2.232000,6
2,67,2.009000,7
2,68,2.069000,7
2,69,1.945000,7
2,70,2.160000,7
2,71,1.993000,7
2,72,2.055000,7
2,73,2.464000,7
2,74,2.199000,6
2,75,2.389000,7
2,76,2.009000,7
2,77,2.424000,7
2,78,1.018000,7
2,79,2.280000,7
2,80,2.698000,7
2,81,2.519000,7
2,82,2.229000,7
2,83,1.862000,7
2,84,1.082000,6
2,85,2.105000,6
2,86,2.055000,6
2,87,1.644000,6
2,88,2.382000,6
2,89,1.928000,6
2,90,1.992000,6
2,91,2.064000,6
2,92,1.752000,6
2,93,1.786000,6
2,94,2.302000,6
2,95,2.115000,7
2,96,1.944000,6
3,1,2.229000,7
3,2,2.081000,7
3,3,2.210000,7
3,4,2.277000,6
3,5,2.104000,7
3,6,1.185000,7
3,7,1.815000,6
3,8,2.180000,6
3,9,1.758000,6
3,10,1.859000,6
3,11,2.168000,6
3,12,1.583000,6
3,13,2.640000,6
3,14,2.022000,6
3,15,1.718000,6
3,16,1.841000,6
3,17,1.754000,6
3,18,1.805000,6
3,19,2.225000,6
3,20,1.777000,6
3,21,2.130000,6
3,22,1.878000,6
3,23,1.929000,6
3,24,1.962000,6
3,25,2.465000,6
3,26,1.706000,6
3,27,2.244000,6
3,28,2.365000,6
3,29,2.217000,7
3,30,1.262000,7
3,31,2.229000,7
3,32,2.889000,7
3,33,1.638000,6
3,34,1.727000,5
3,35,1.962000,6
3,36,1.625000,6
3,37,1.611000,5
3,38,1.275000,5
3,39,1.530000,5
3,40,2.654000,10
3,41,3.062000,14
3,42,1.520000,7
3,43,1.473000,5
3,44,2.070000,6
3,45,1.492000,5
3,46,1.474000,5
3,47,1.432000,5
3,48,1.274000,5
3,49,1.413000,5
3,50,2.050000,5
3,51,1.354000,5
3,52,1.638000,5
3,53,2.053000,5
3,54,1.627000,5
3,55,1.460000,5
3,56,2.022000,5
3,57,1.354000,5
3,58,1.184000,5
3,59,1.797000,6
3,60,1.243000,5
3,61,1.796000,6
3,62,1.687000,5
3,63,1.130000,5
3,64,2.018000,6
3,65,1.774000,6
3,66,1.883000,6
3,67,1.751000,5
3,68,2.549000,7
3,69,2.155000,7
3,70,2.029000,7
3,71,2.063000,7
3,72,1.609000,6
3,73,2.051000,6
3,74,2.069000,6
3,75,2.182000,7
3,76,2.029000,7
3,77,2.137000,7
3,78,1.323000,6
3,79,2.067000,6
3,80,2.072000,6
3,81,1.828000,6
3,82,2.049000,6
3,83,2.127000,7
3,84,1.546000,6
3,85,1.974000,6
3,86,2.270000,6
3,87,1.781000,6
3,88,1.546000,6
3,89,2.041000,6
3,90,1.912000,6
3,91,2.029000,6
3,92,2.067000,6
3,93,1.749000,6
3,94,2.378000,7
3,95,2.073000,7
3,96,1.272000,6
4,1,2.094000,7
4,2,2.767000,7
4,3,2.505000,7
4,4,1.734000,6
4,5,1.944000,7
4,6,1.195000,7
4,7,2.381000,6
4,8,2.509000,6
4,9,2.314000,6
4,10,1.749000,6
4,11,1.803000,6
4,12,1.132000,6
4,13,2.381000,6
4,14,2.117000,6
4,15,2.308000,6
4,16,2.147000,6
4,17,1.674000,6
4,18,0.940000,6
4,19,1.957000,6
4,20,1.872000,6
4,21,1.545000,6
4,22,2.164000,6
4,23,1.893000,6
4,24,1.618000,6
4,25,2.078000,6
4,26,2.435000,6
4,27,2.357000,6
4,28,1.993000,6
4,29,1.020000,7
4,30,0.128000,6
4,31,2.381000,7
4,32,2.085000,6
4,33,2.101000,7
4,34,2.231000,7
4,35,1.977000,7
4,36,0.880000,5
4,37,1.887000,5
4,38,1.460000,5
4,39,1.847000,6
4,40,3.343000,12
4,41,2.850000,14
4,42,0.836000,7
4,43,1.543000,5
4,44,1.634000,6
4,45,1.400000,5
4,46,2.070000,5
4,47,1.259000,5
4,48,1.352000,5
4,49,2.037000,5
4,50,1.335000,5
4,51,1.232000,5
4,52,2.011000,5
4,53,1.350000,5
4,54,1.339000,5
4,55,1.543000,5
4,56,1.652000,5
4,57,1.669000,5
4,58,1.846000,6
4,59,2.050000,6
4,60,1.225000,6
4,61,1.286000,5
4,62,1.464000,5
4,63,1.472000,5
4,64,1.862000,4
4,65,1.893000,6
4,66,1.428000,5
4,67,2.037000,5
4,68,1.992000,7
4,69,2.802000,7
4,70,2.355000,6
4,71,1.998000,6
4,72,0.931000,6
4,73,2.113000,6
4,74,2.050000,6
4,75,1.942000,7
4,76,2.340000,7
4,77,2.501000,7
4,78,1.235000,6
4,79,2.220000,6
4,80,2.005000,6
4,81,1.901000,6
4,82,1.529000,6
4,83,1.990000,7
4,84,1.706000,6
4,85,1.983000,6
4,86,2.055000,6
4,87,1.637000,6
4,88,2.173000,6
4,89,1.685000,6
4,90,1.872000,6
4,91,1.707000,6
4,92,2.074000,6
4,93,2.020000,6
4,94,2.037000,6
4,95,2.134000,7
4,96,1.299000,6
5,1,2.580000,7
5,2,1.979000,7
5,3,2.536000,7
5,4,2.212000,7
5,5,2.536000,7
5,6,0.653000,7
5,7,1.874000,6
5,8,2.057000,6
5,9,2.328000,6
5,10,1.446000,6
5,11,2.676000,6
5,12,1.558000,6
5,13,2.386000,6
5,14,1.786000,6
5,15,1.499000,6
5,16,2.262000,6
5,17,2.101000,6
5,18,1.622000,6
5,19,2.372000,6
5,20,1.738000,6
5,21,1.692000,6
5,22,2.102000,6
5,23,1.957000,6
5,24,1.782000,6
5,25,2.751000,6
5,26,2.253000,6
5,27,1.879000,6
5,28,2.071000,6
5,29,1.830000,6
5,30,0.805000,6
5,31,2.496000,7
5,32,2.182000,6
5,33,2.408000,7
5,34,2.116000,7
5,35,2.063000,6
5,36,0.859000,5
5,37,1.869000,5
5,38,1.188000,5
5,39,1.416000,5
5,40,2.692000,9
5,41,2.858000,15
5,42,1.649000,6
5,43,1.861000,6
5,44,2.907000,9
5,45,1.524000,5
5,46,1.467000,5
5,47,1.514000,5
5,48,1.353000,5
5,49,1.479000,5
5,50,1.880000,5
5,51,1.723000,5
5,52,1.305000,5
5,53,1.626000,5
5,54,1.783000,5
5,55,1.626000,5
5,56,1.931000,5
5,57,1.832000,5
5,58,1.305000,5
5,59,1.448000,5
5,60,1.614000,5
5,61,1.626000,5
5,62,1.924000,5
5,63,1.993000,6
5,64,1.704000,6
5,65,1.877000,6
5,66,1.909000,5
5,67,2.228000,5
5,68,2.285000,7
5,69,2.552000,7
5,70,1.804000,6
5,71,2.165000,6
5,72,0.989000,6
5,73,2.096000,6
5,74,2.168000,6
5,75,2.114000,7
5,76,2.232000,6
5,77,1.897000,7
5,78,0.415000,6
5,79,2.402000,6
5,80,2.346000,6
5,81,2.341000,6
5,82,2.084000,6
5,83,2.436000,7
5,84,0.748000,6
5,85,1.827000,6
5,86,1.856000,6
5,87,1.697000,6
5,88,2.095000,6
5,89,2.055000,6
5,90,1.964000,6
5,91,2.101000,6
5,92,2.106000,6
5,93,1.978000,6
5,94,2.484000,7
5,95,1.625000,7
5,96,1.533000,6
6,1,1.846000,7
6,2,2.165000,6
6,3,1.748000,6
6,4,1.849000,6
6,5,2.150000,7
6,6,2.235000,7
6,7,1.774000,6
6,8,1.803000,6
6,9,1.784000,6
6,10,1.929000,6
6,11,2.070000,6
6,12,2.275000,6
6,13,2.199000,6
6,14,2.570000,6
6,15,1.785000,6
6,16,1.913000,6
6,17,2.504000,6
6,18,1.725000,6
6,19,1.965000,6
6,20,2.292000,6
6,21,2.231000,6
6,22,2.055000,6
6,23,2.017000,6
6,24,1.411000,6
6,25,2.188000,6
6,26,2.052000,6
6,27,2.300000,6
6,28,1.865000,6
6,29,2.278000,6
6,30,1.862000,6
6,31,2.199000,6
6,32,2.020000,6
6,33,2.107000,7
6,34,1.929000,6
6,35,1.343000,5
6,36,1.135000,5
6,37,1.551000,5
6,38,1.486000,5
6,39,1.496000,5
6,40,2.844000,9
6,41,3.156000,14
6,42,2.095000,9
6,43,1.413000,6
6,44,2.197000,9
6,45,1.404000,5
6,46,1.408000,5
6,47,5.312000,29
6,48,1.164000,29
6,49,1.531000,6
6,50,1.996000,6
6,51,1.657000,5
6,52,1.641000,5
6,53,1.636000,5
6,54,1.841000,5
6,55,1.551000,6
6,56,1.180000,5
6,57,1.669000,5
6,58,2.157000,6
6,59,1.690000,5
6,60,1.721000,5
6,61,1.551000,5
6,62,1.820000,6
6,63,1.913000,6
6,64,1.146000,4
6,65,1.747000,5
6,66,1.889000,5
6,67,1.838000,5
6,68,2.004000,7
6,69,2.223000,7
6,70,2.693000,7
6,71,2.227000,6
6,72,1.590000,6
6,73,1.965000,6
6,74,2.076000,6
6,75,2.056000,6
6,76,2.110000,6
6,77,2.328000,7
6,78,1.718000,6
6,79,2.196000,6
6,80,2.362000,6
6,81,2.333000,6
6,82,2.724000,7
6,83,1.818000,6
6,84,1.097000,6
6,85,1.946000,6
6,86,1.948000,6
6,87,2.167000,6
6,88,2.469000,6
6,89,2.229000,6
6,90,1.511000,6
6,91,2.207000,6
6,92,1.893000,6
6,93,1.686000,6
6,94,1.786000,6
6,95,2.230000,7
6,96,1.758000,5
7,1,2.257000,7
7,2,1.688000,6
7,3,1.512000,6
7,4,1.975000,7
7,5,2.272000,7
7,6,1.788000,7
7,7,1.880000,6
7,8,1.898000,6
7,9,2.273000,6
7,10,2.404000,6
7,11,1.961000,6
7,12,1.658000,6
7,13,1.903000,6
7,14,1.406000,6
7,15,1.684000,6
7,16,2.181000,6
7,17,1.648000,6
7,18,1.984000,6
7,19,2.047000,6
7,20,2.399000,6
7,21,1.750000,6
7,22,2.405000,6
7,23,1.851000,6
7,24,1.628000,6
7,25,2.104000,6
7,26,2.260000,6
7,27,2.468000,6
7,28,2.233000,6
7,29,1.850000,6
7,30,1.134000,6
7,31,1.921000,6
7,32,2.286000,6
7,33,2.323000,7
7,34,1.980000,6
7,35,2.261000,6
7,36,1.025000,5
7,37,1.698000,5
7,38,1.566000,5
7,39,1.727000,5
7,40,2.465000,7
7,41,3.017000,14
7,42,1.771000,9
7,43,2.033000,6
7,44,1.858000,7
7,45,1.700000,5
7,46,2.135000,5
7,47,3.297000,17
7,48,1.435000,17
7,49,1.513000,6
7,50,2.036000,6
7,51,1.859000,6
7,52,1.490000,5
7,53,1.716000,6
7,54,1.480000,6
7,55,1.444000,5
7,56,2.005000,5
7,57,1.811000,5
7,58,2.112000,5
7,59,1.512000,5
7,60,1.772000,5
7,61,1.482000,5
7,62,1.871000,5
7,63,1.511000,6
7,64,1.911000,4
7,65,1.464000,5
7,66,1.858000,5
7,67,1.841000,5
7,68,1.596000,6
7,69,1.511000,6
7,70,2.315000,6
7,71,1.624000,6
7,72,2.026000,6
7,73,1.823000,6
7,74,1.948000,7
7,75,2.019000,6
7,76,2.244000,6
7,77,2.167000,7
7,78,1.417000,6
7,79,2.376000,7
7,80,2.641000,7
7,81,2.355000,7
7,82,1.929000,7
7,83,1.819000,6
7,84,0.541000,6
7,85,2.118000,6
7,86,2.094000,6
7,87,1.894000,6
7,88,1.650000,6
7,89,1.926000,6
7,90,1.854000,6
7,91,2.208000,6
7,92,1.671000,5
7,93,2.394000,6
7,94,2.041000,6
7,95,1.562000,6
7,96,0.429000,6
8,1,2.178000,7
8,2,2.081000,6
8,3,1.957000,6
8,4,1.960000,7
8,5,2.325000,7
8,6,1.647000,7
8,7,2.090000,6
8,8,2.324000,6
8,9,2.542000,6
8,10,2.016000,6
8,11,1.800000,6
8,12,1.656000,6
8,13,1.950000,6
8,14,2.631000,6
8,15,2.232000,6
8,16,2.006000,6
8,17,2.307000,6
8,18,1.355000,6
8,19,2.088000,6
8,20,2.181000,6
8,21,2.304000,6
8,22,2.006000,6
8,23,1.843000,6
8,24,2.000000,6
8,25,2.088000,6
8,26,2.172000,6
8,27,1.847000,6
8,28,2.256000,6
8,29,2.026000,6
8,30,1.580000,6
8,31,1.886000,6
8,32,2.505000,6
8,33,2.358000,6
8,34,1.766000,6
8,35,1.967000,7
8,36,1.657000,5
8,37,1.573000,5
8,38,1.597000,5
8,39,1.919000,5
8,40,2.838000,12
8,41,3.326000,14
8,42,1.562000,8
8,43,1.775000,6
8,44,2.308000,7
8,45,1.912000,5
8,46,3.535000,19
8,47,1.240000,11
8,48,0.988000,17
8,49,4.471000,26
8,50,4.429000,25
8,51,3.385000,26
8,52,1.113000,25
8,53,0.208000,6
8,54,0.159000,6
8,55,6.621000,29
8,56,1.799000,6
8,57,1.685000,6
8,58,1.819000,5
8,59,2.034000,28
8,60,0.797000,28
8,61,6.776000,30
8,62,1.432000,5
8,63,1.498000,6
8,64,1.640000,5
8,65,1.052000,5
8,66,0.527000,5
8,67,1.530000,5
8,68,2.023000,7
8,69,1.927000,6
8,70,1.934000,6
8,71,1.717000,6
8,72,2.086000,6
8,73,1.816000,6
8,74,2.601000,7
8,75,2.360000,6
8,76,1.736000,6
8,77,1.933000,6
8,78,1.991000,6
8,79,1.902000,6
8,80,2.505000,6
8,81,2.518000,7
8,82,2.006000,6
8,83,2.053000,6
8,84,1.428000,6
8,85,1.748000,6
8,86,2.294000,6
8,87,2.206000,6
8,88,2.155000,6
8,89,2.133000,6
8,90,1.313000,6
8,91,1.800000,6
8,92,1.938000,6
8,93,1.810000,6
8,94,2.032000,7
8,95,1.577000,6
8,96,1.704000,6
9,1,2.401000,7
9,2,2.261000,6
9,3,2.201000,6
9,4,2.182000,6
9,5,2.351000,7
9,6,1.888000,7
9,7,2.222000,6
9,8,2.311000,6
9,9,2.504000,6
9,10,2.006000,6
9,11,2.037000,6
9,12,1.855000,6
9,13,2.231000,6
9,14,2.015000,6
9,15,1.867000,6
9,16,2.330000,6
9,17,2.627000,6
9,18,1.901000,6
9,19,2.222000,6
9,20,2.332000,6
9,21,1.765000,6
9,22,2.466000,6
9,23,2.449000,6
9,24,1.834000,6
9,25,2.071000,6
9,26,1.758000,6
9,27,1.833000,6
9,28,2.505000,6
9,29,2.197000,6
9,30,1.125000,6
9,31,2.437000,6
9,32,1.886000,6
9,33,2.010000,6
9,34,2.516000,6
9,35,2.037000,5
9,36,1.506000,5
9,37,2.133000,6
9,38,1.669000,5
9,39,1.193000,5
9,40,2.854000,9
9,41,3.135000,14
9,42,2.102000,7
9,43,1.911000,6
9,44,2.804000,9
9,45,1.619000,6
9,46,3.821000,15
9,47,2.492000,11
9,48,1.180000,17
9,49,4.067000,17
9,50,4.127000,17
9,51,3.123000,17
9,52,2.179000,11
9,53,0.764000,26
9,54,0.622000,25
9,55,2.990000,11
9,56,5.873000,28
9,57,4.541000,28
9,58,0.813000,28
9,59,0.288000,10
9,60,0.239000,10
9,61,2.448000,10
9,62,1.457000,5
9,63,1.147000,4
9,64,2.214000,6
9,65,2.016000,5
9,66,1.769000,5
9,67,1.623000,5
9,68,1.925000,7
9,69,2.059000,6
9,70,2.351000,6
9,71,2.021000,6
9,72,2.118000,6
9,73,2.333000,6
9,74,2.149000,6
9,75,1.853000,6
9,76,2.691000,6
9,77,2.386000,6
9,78,1.584000,6
9,79,2.437000,6
9,80,2.070000,6
9,81,1.740000,6
9,82,2.116000,6
9,83,1.859000,6
9,84,2.290000,6
9,85,2.396000,6
9,86,1.936000,6
9,87,2.058000,6
9,88,2.285000,6
9,89,2.356000,6
9,90,1.802000,6
9,91,1.909000,5
9,92,1.579000,6
9,93,1.654000,6
9,94,2.387000,6
9,95,2.734000,7
9,96,1.753000,6
10,1,2.086000,7
10,2,2.213000,6
10,3,1.722000,6
10,4,1.980000,6
10,5,2.196000,7
10,6,1.877000,7
10,7,2.209000,6
10,8,2.409000,6
10,9,1.962000,6
10,10,2.180000,6
10,11,2.332000,6
10,12,0.812000,6
10,13,2.177000,6
10,14,2.387000,6
10,15,1.958000,6
10,16,2.216000,6
10,17,2.376000,6
10,18,1.626000,6
10,19,1.816000,6
10,20,1.956000,6
10,21,1.957000,6
10,22,1.716000,6
10,23,2.122000,6
10,24,1.306000,6
10,25,2.152000,6
10,26,2.165000,6
10,27,2.279000,6
10,28,2.129000,6
10,29,2.057000,6
10,30,1.755000,6
10,31,2.649000,6
10,32,1.743000,6
10,33,2.661000,6
10,34,1.782000,6
10,35,2.488000,6
10,36,1.570000,6
10,37,1.991000,6
10,38,1.429000,5
10,39,1.389000,5
10,40,3.056000,11
10,41,2.572000,14
10,42,1.918000,7
10,43,2.625000,9
10,44,2.994000,8
10,45,2.037000,6
10,46,3.561000,15
10,47,1.849000,11
10,48,0.682000,12
10,49,3.820000,17
10,50,3.465000,17
10,51,3.601000,17
10,52,1.947000,11
10,53,0.684000,11
10,54,0.256000,15
10,55,3.087000,11
10,56,2.770000,11
10,57,2.994000,11
10,58,2.543000,11
10,59,1.150000,10
10,60,0.458000,10
10,61,2.481000,10
10,62,1.659000,5
10,63,1.642000,5
10,64,2.216000,7
10,65,1.878000,5
10,66,1.771000,5
10,67,1.563000,5
10,68,2.298000,7
10,69,2.182000,6
10,70,1.772000,6
10,71,1.703000,6
10,72,1.851000,6
10,73,2.182000,6
10,74,1.853000,6
10,75,1.962000,6
10,76,2.137000,6
10,77,2.189000,6
10,78,1.807000,6
10,79,1.989000,6
10,80,2.305000,6
10,81,1.995000,6
10,82,2.307000,6
10,83,2.007000,6
10,84,1.722000,6
10,85,2.481000,6
10,86,2.048000,6
10,87,2.133000,6
10,88,1.541000,6
10,89,1.742000,6
10,90,1.874000,6
10,91,1.989000,6
10,92,2.117000,6
10,93,2.046000,6
10,94,2.085000,6
10,95,2.551000,7
10,96,1.695000,6
11,1,2.024000,7
11,2,2.151000,6
11,3,1.956000,6
11,4,2.194000,6
11,5,2.389000,7
11,6,1.928000,7
11,7,2.099000,6
11,8,2.681000,6
11,9,2.214000,6
11,10,1.791000,6
11,11,2.388000,6
11,12,1.674000,6
11,13,2.521000,6
11,14,2.507000,6
11,15,1.838000,6
11,16,2.027000,6
11,17,2.260000,6
11,18,1.743000,6
11,19,2.024000,6
11,20,1.953000,6
11,21,1.914000,6
11,22,2.217000,6
11,23,2.265000,6
11,24,1.753000,6
11,25,2.018000,6
11,26,2.407000,6
11,27,2.237000,6
11,28,2.058000,6
11,29,2.160000,6
11,30,1.721000,6
11,31,1.883000,6
11,32,2.639000,6
11,33,2.181000,6
11,34,2.058000,6
11,35,1.475000,5
11,36,1.595000,6
11,37,1.735000,6
11,38,1.536000,6
11,39,2.039000,5
11,40,2.344000,10
11,41,3.204000,14
11,42,2.055000,9
11,43,2.496000,9
11,44,2.829000,7
11,45,1.788000,6
11,46,3.770000,15
11,47,2.118000,11
11,48,0.720000,11
11,49,2.455000,11
11,50,3.490000,17
11,51,2.880000,11
11,52,2.548000,11
11,53,1.979000,11
11,54,0.622000,15
11,55,3.088000,12
11,56,2.692000,10
11,57,2.409000,10
11,58,2.057000,10
11,59,1.752000,10
11,60,0.478000,10
11,61,2.103000,10
11,62,5.962000,28
11,63,1.503000,6
11,64,1.481000,5
11,65,1.694000,5
11,66,0.699000,5
11,67,2.435000,7
11,68,2.345000,7
11,69,2.261000,7
11,70,2.472000,6
11,71,2.016000,6
11,72,1.743000,6
11,73,2.026000,6
11,74,2.147000,6
11,75,2.163000,7
11,76,2.199000,6
11,77,2.326000,6
11,78,1.803000,6
11,79,2.027000,6
11,80,1.793000,6
11,81,1.680000,6
11,82,1.611000,6
11,83,1.978000,6
11,84,2.390000,6
11,85,2.024000,6
11,86,2.147000,6
11,87,1.878000,6
11,88,2.216000,6
11,89,2.392000,6
11,90,1.672000,5
11,91,2.020000,5
11,92,2.155000,6
11,93,2.163000,6
11,94,2.278000,6
11,95,2.247000,6
11,96,1.700000,6
12,1,2.263000,7
12,2,2.218000,6
12,3,2.320000,7
12,4,2.398000,6
12,5,2.224000,7
12,6,0.861000,7
12,7,2.184000,6
12,8,2.048000,6
12,9,1.827000,6
12,10,1.737000,6
12,11,1.699000,6
12,12,2.159000,6
12,13,2.461000,6
12,14,2.190000,6
12,15,2.052000,6
12,16,1.957000,6
12,17,2.325000,6
12,18,1.964000,6
12,19,2.184000,6
12,20,2.280000,6
12,21,2.424000,6
12,22,2.371000,6
12,23,1.595000,6
12,24,1.995000,6
12,25,2.170000,6
12,26,2.282000,6
12,27,2.168000,6
12,28,2.142000,6
12,29,1.710000,6
12,30,2.047000,6
12,31,2.458000,6
12,32,2.617000,6
12,33,1.703000,6
12,34,2.599000,6
12,35,2.300000,6
12,36,1.542000,6
12,37,2.184000,6
12,38,3.162000,11
12,39,4.040000,19
12,40,2.512000,10
12,41,1.787000,14
12,42,0.479000,8
12,43,2.170000,6
12,44,3.083000,7
12,45,5.472000,27
12,46,2.715000,15
12,47,0.669000,11
12,48,0.159000,11
12,49,2.649000,11
12,50,3.427000,17
12,51,2.575000,11
12,52,2.670000,11
12,53,2.071000,11
12,54,0.653000,10
12,55,3.015000,12
12,56,2.440000,10
12,57,2.208000,10
12,58,2.579000,10
12,59,2.232000,10
12,60,1.325000,10
12,61,2.632000,10
12,62,2.537000,10
12,63,2.249000,6
12,64,2.372000,5
12,65,2.293000,5
12,66,1.142000,5
12,67,1.806000,6
12,68,1.478000,7
12,69,2.395000,7
12,70,2.119000,6
12,71,2.016000,6
12,72,2.347000,6
12,73,2.184000,6
12,74,2.499000,6
12,75,2.024000,6
12,76,2.039000,6
12,77,2.146000,6
12,78,1.809000,6
12,79,2.252000,6
12,80,2.469000,7
12,81,1.873000,6
12,82,2.147000,7
12,83,2.059000,6
12,84,2.012000,6
12,85,1.961000,6
12,86,2.257000,6
12,87,2.272000,6
12,88,1.902000,6
12,89,1.506000,5
12,90,0.591000,5
12,91,1.711000,5
12,92,2.239000,6
12,93,2.075000,6
12,94,1.820000,6
12,95,2.041000,6
12,96,2.030000,6
13,1,2.174000,7
13,2,2.073000,6
13,3,2.229000,6
13,4,2.336000,6
13,5,2.955000,7
13,6,1.522000,7
13,7,1.862000,6
13,8,2.190000,6
13,9,1.928000,6
13,10,2.291000,6
13,11,1.793000,6
13,12,1.833000,6
13,13,2.093000,6
13,14,1.798000,6
13,15,1.596000,6
13,16,2.144000,6
13,17,1.974000,6
13,18,2.147000,6
13,19,1.989000,6
13,20,1.689000,6
13,21,1.846000,6
13,22,2.560000,6
13,23,1.996000,6
13,24,1.765000,6
13,25,2.533000,7
13,26,1.754000,6
13,27,2.103000,6
13,28,1.572000,6
13,29,1.955000,6
13,30,1.975000,6
13,31,2.413000,6
13,32,2.329000,6
13,33,2.290000,6
13,34,2.277000,6
13,35,1.356000,6
13,36,0.813000,5
13,37,1.671000,6
13,38,1.706000,6
13,39,2.846000,9
13,40,2.193000,10
13,41,3.310000,14
13,42,2.137000,24
13,43,2.746000,8
13,44,2.429000,8
13,45,2.878000,11
13,46,3.439000,15
13,47,1.603000,11
13,48,0.734000,11
13,49,2.644000,11
13,50,4.128000,18
13,51,2.720000,11
13,52,2.769000,11
13,53,1.150000,11
13,54,0.302000,10
13,55,2.723000,12
13,56,2.760000,10
13,57,2.670000,10
13,58,3.223000,10
13,59,1.515000,10
13,60,0.750000,10
13,61,2.344000,10
13,62,2.616000,10
13,63,1.957000,5
13,64,2.032000,5
13,65,2.157000,5
13,66,1.513000,5
13,67,2.118000,6
13,68,2.250000,7
13,69,2.291000,7
13,70,2.339000,7
13,71,2.139000,6
13,72,1.232000,6
13,73,2.265000,6
13,74,2.338000,6
13,75,2.007000,6
13,76,2.430000,7
13,77,2.318000,6
13,78,1.260000,6
13,79,2.079000,6
13,80,1.791000,6
13,81,1.632000,6
13,82,2.573000,6
13,83,2.123000,6
13,84,1.828000,6
13,85,2.078000,6
13,86,2.031000,6
13,87,2.120000,6
13,88,1.874000,6
13,89,2.022000,6
13,90,1.784000,5
13,91,2.981000,6
13,92,1.631000,6
13,93,2.279000,6
13,94,1.938000,6
13,95,2.006000,6
13,96,1.390000,5
14,1,2.525000,7
14,2,1.608000,6
14,3,2.194000,6
14,4,1.972000,6
14,5,2.709000,7
14,6,1.655000,7
14,7,2.245000,6
14,8,2.010000,6
14,9,2.247000,6
14,10,1.961000,6
14,11,1.946000,6
14,12,1.823000,6
14,13,2.062000,6
14,14,1.832000,6
14,15,2.038000,6
14,16,2.041000,6
14,17,1.996000,6
14,18,1.884000,6
14,19,2.245000,6
14,20,2.196000,6
14,21,1.978000,6
14,22,2.174000,6
14,23,2.606000,7
14,24,1.452000,6
14,25,1.775000,6
14,26,2.152000,6
14,27,2.356000,6
14,28,1.804000,6
14,29,2.032000,6
14,30,1.682000,6
14,31,2.245000,6
14,32,2.196000,6
14,33,2.377000,7
14,34,1.611000,6
14,35,1.478000,6
14,36,1.891000,6
14,37,1.934000,5
14,38,5.455000,27
14,39,2.906000,9
14,40,2.023000,10
14,41,0.825000,14
14,42,0.516000,11
14,43,1.301000,6
14,44,2.462000,7
14,45,2.696000,11
14,46,3.753000,15
14,47,2.390000,11
14,48,0.746000,11
14,49,2.810000,11
14,50,4.004000,18
14,51,2.696000,11
14,52,2.566000,11
14,53,0.667000,11
14,54,0.396000,10
14,55,2.970000,12
14,56,2.419000,10
14,57,2.470000,10
14,58,1.730000,10
14,59,0.648000,10
14,60,0.485000,10
14,61,2.460000,10
14,62,2.874000,10
14,63,1.513000,4
14,64,1.213000,4
14,65,1.747000,5
14,66,1.307000,5
14,67,2.058000,7
14,68,2.212000,7
14,69,2.473000,7
14,70,1.741000,6
14,71,2.598000,6
14,72,1.319000,6
14,73,2.311000,6
14,74,2.086000,6
14,75,1.816000,6
14,76,1.999000,6
14,77,2.201000,6
14,78,1.246000,6
14,79,1.854000,6
14,80,1.976000,6
14,81,1.799000,6
14,82,2.233000,6
14,83,2.031000,6
14,84,2.124000,6
14,85,1.949000,6
14,86,2.231000,6
14,87,2.325000,6
14,88,1.898000,5
14,89,1.486000,5
14,90,1.770000,5
14,91,1.619000,6
14,92,1.343000,6
14,93,1.782000,6
14,94,1.545000,6
14,95,2.327000,7
14,96,2.024000,6
15,1,1.900000,7
15,2,2.102000,6
15,3,2.486000,6
15,4,2.281000,7
15,5,1.997000,6
15,6,2.240000,7
15,7,2.334000,6
15,8,2.169000,6
15,9,1.951000,6
15,10,2.551000,6
15,11,2.298000,7
15,12,1.635000,6
15,13,2.260000,6
15,14,2.165000,6
15,15,2.314000,6
15,16,2.808000,6
15,17,2.196000,6
15,18,1.733000,6
15,19,2.147000,6
15,20,2.339000,6
15,21,2.154000,6
15,22,1.818000,6
15,23,1.945000,6
15,24,2.286000,6
15,25,2.147000,6
15,26,2.071000,6
15,27,1.985000,6
15,28,1.865000,6
15,29,1.636000,6
15,30,2.844000,6
15,31,2.353000,6
15,32,2.171000,6
15,33,1.960000,6
15,34,1.945000,6
15,35,2.101000,6
15,36,2.120000,6
15,37,1.571000,5
15,38,2.346000,10
15,39,3.237000,9
15,40,3.189000,10
15,41,3.020000,14
15,42,0.939000,11
15,43,2.147000,6
15,44,2.771000,9
15,45,2.689000,11
15,46,3.746000,15
15,47,2.280000,11
15,48,0.759000,11
15,49,2.558000,11
15,50,4.369000,18
15,51,2.679000,11
15,52,2.685000,11
15,53,0.908000,11
15,54,0.271000,10
15,55,2.970000,12
15,56,2.524000,10
15,57,3.298000,10
15,58,2.721000,10
15,59,1.637000,10
15,60,0.664000,10
15,61,2.150000,10
15,62,2.420000,10
15,63,1.624000,4
15,64,1.353000,5
15,65,2.189000,7
15,66,1.427000,5
15,67,1.997000,5
15,68,2.100000,6
15,69,2.214000,7
15,70,1.580000,6
15,71,1.692000,6
15,72,2.448000,6
15,73,2.332000,6
15,74,2.342000,6
15,75,2.836000,6
15,76,2.378000,6
15,77,2.103000,6
15,78,1.147000,6
15,79,2.346000,6
15,80,2.076000,6
15,81,2.026000,6
15,82,2.329000,6
15,83,1.912000,6
15,84,1.970000,6
15,85,2.549000,6
15,86,2.285000,6
15,87,1.621000,5
15,88,2.214000,6
15,89,2.485000,6
15,90,2.024000,6
15,91,2.349000,6
15,92,2.062000,6
15,93,2.026000,6
15,94,2.329000,6
15,95,2.397000,7
15,96,1.700000,6
16,1,2.422000,7
16,2,2.374000,6
16,3,2.294000,6
16,4,2.354000,6
16,5,1.870000,6
16,6,1.124000,7
16,7,2.014000,6
16,8,1.413000,6
16,9,2.280000,6
16,10,2.344000,6
16,11,1.999000,6
16,12,1.918000,6
16,13,1.832000,6
16,14,2.056000,6
16,15,2.414000,6
16,16,2.404000,6
16,17,1.834000,6
16,18,1.860000,6
16,19,2.269000,6
16,20,1.980000,6
16,21,1.965000,6
16,22,2.082000,6
16,23,1.759000,6
16,24,1.960000,6
16,25,2.290000,6
16,26,2.159000,6
16,27,2.323000,6
16,28,2.099000,6
16,29,1.881000,6
16,30,1.290000,6
16,31,1.822000,6
16,32,1.802000,6
16,33,2.324000,6
16,34,2.400000,6
16,35,2.230000,6
16,36,1.731000,6
16,37,1.461000,5
16,38,2.384000,10
16,39,3.113000,9
16,40,3.151000,11
16,41,2.495000,14
16,42,0.747000,11
16,43,2.026000,6
16,44,3.043000,9
16,45,2.724000,10
16,46,2.572000,16
16,47,0.599000,12
16,48,0.155000,12
16,49,3.183000,12
16,50,3.598000,17
16,51,2.321000,10
16,52,2.935000,12
16,53,1.168000,11
16,54,0.378000,9
16,55,2.242000,9
16,56,2.799000,10
16,57,2.548000,10
16,58,2.536000,10
16,59,2.357000,10
16,60,0.793000,10
16,61,3.028000,10
16,62,1.722000,7
16,63,1.370000,4
16,64,1.915000,4
16,65,2.029000,6
16,66,1.951000,6
16,67,1.822000,5
16,68,1.918000,6
16,69,1.974000,6
16,70,2.313000,7
16,71,2.037000,6
16,72,1.966000,5
16,73,2.014000,6
16,74,2.051000,6
16,75,1.894000,6
16,76,1.683000,6
16,77,2.067000,6
16,78,2.090000,6
16,79,2.745000,7
16,80,1.956000,6
16,81,1.783000,6
16,82,1.732000,6
16,83,1.832000,6
16,84,2.201000,6
16,85,2.050000,5
16,86,1.525000,5
16,87,1.691000,5
16,88,2.528000,6
16,89,1.428000,6
16,90,1.933000,6
16,91,1.646000,5
16,92,1.551000,5
16,93,1.466000,6
16,94,2.276000,6
16,95,1.875000,7
16,96,2.011000,6
17,1,2.383000,7
17,2,2.128000,6
17,3,2.371000,6
17,4,2.084000,6
17,5,2.658000,6
17,6,2.081000,7
17,7,2.051000,6
17,8,2.325000,6
17,9,2.169000,6
17,10,2.276000,6
17,11,1.992000,6
17,12,1.500000,6
17,13,2.383000,6
17,14,2.365000,6
17,15,1.994000,6
17,16,2.178000,6
17,17,2.897000,6
17,18,1.873000,6
17,19,2.383000,6
17,20,2.080000,6
17,21,2.276000,6
17,22,2.232000,6
17,23,1.956000,6
17,24,2.025000,6
17,25,2.143000,6
17,26,2.376000,6
17,27,2.515000,6
17,28,1.829000,6
17,29,2.883000,6
17,30,1.706000,6
17,31,2.385000,6
17,32,2.365000,6
17,33,2.197000,6
17,34,2.259000,7
17,35,2.804000,7
17,36,1.404000,6
17,37,2.065000,5
17,38,2.135000,7
17,39,3.305000,12
17,40,3.209000,11
17,41,2.795000,14
17,42,0.665000,11
17,43,2.043000,6
17,44,2.033000,6
17,45,2.791000,10
17,46,3.437000,15
17,47,3.252000,12
17,48,0.623000,12
17,49,3.390000,12
17,50,2.247000,10
17,51,2.231000,10
17,52,2.801000,12
17,53,1.978000,7
17,54,1.006000,7
17,55,1.617000,7
17,56,2.772000,10
17,57,2.562000,10
17,58,2.117000,10
17,59,2.226000,10
17,60,1.246000,10
17,61,2.385000,10
17,62,2.365000,7
17,63,1.373000,4
17,64,2.251000,8
17,65,2.024000,7
17,66,0.964000,5
17,67,2.054000,5
17,68,2.501000,6
17,69,2.580000,8
17,70,1.559000,6
17,71,2.435000,6
17,72,1.866000,6
17,73,2.125000,6
17,74,2.201000,6
17,75,2.341000,6
17,76,1.929000,6
17,77,1.957000,6
17,78,2.209000,7
17,79,2.072000,6
17,80,2.166000,6
17,81,2.133000,6
17,82,2.260000,7
17,83,1.941000,7
17,84,1.881000,6
17,85,2.015000,5
17,86,1.913000,5
17,87,2.220000,5
17,88,1.896000,5
17,89,2.136000,6
17,90,1.974000,6
17,91,1.792000,5
17,92,2.006000,5
17,93,1.702000,6
17,94,1.786000,6
17,95,1.813000,6
17,96,2.659000,6
18,1,2.864000,8
18,2,1.975000,6
18,3,1.879000,6
18,4,2.706000,6
18,5,0.979000,6
18,6,0.542000,7
18,7,1.957000,6
18,8,1.798000,6
18,9,2.327000,6
18,10,1.448000,6
18,11,2.073000,6
18,12,2.001000,6
18,13,2.122000,6
18,14,1.961000,6
18,15,2.193000,6
18,16,2.341000,6
18,17,1.960000,6
18,18,1.817000,6
18,19,2.355000,6
18,20,1.980000,6
18,21,1.721000,6
18,22,2.119000,6
18,23,2.068000,6
18,24,1.831000,6
18,25,1.702000,6
18,26,2.051000,6
18,27,2.047000,6
18,28,1.905000,6
18,29,2.106000,6
18,30,2.023000,6
18,31,2.633000,6
18,32,2.201000,6
18,33,2.070000,6
18,34,2.224000,6
18,35,1.871000,6
18,36,1.839000,6
18,37,1.804000,5
18,38,2.367000,9
18,39,2.518000,9
18,40,2.799000,11
18,41,2.914000,14
18,42,0.906000,11
18,43,2.633000,7
18,44,2.101000,6
18,45,2.162000,10
18,46,3.644000,15
18,47,2.403000,12
18,48,0.710000,12
18,49,2.823000,12
18,50,2.866000,10
18,51,2.501000,10
18,52,2.963000,12
18,53,1.339000,10
18,54,0.597000,9
18,55,2.870000,11
18,56,2.568000,10
18,57,2.498000,10
18,58,2.678000,10
18,59,2.015000,10
18,60,0.739000,10
18,61,2.100000,10
18,62,1.904000,7
18,63,1.245000,4
18,64,2.165000,7
18,65,1.784000,5
18,66,1.659000,5
18,67,1.782000,6
18,68,1.866000,6
18,69,2.691000,7
18,70,2.306000,6
18,71,1.952000,6
18,72,1.904000,6
18,73,2.139000,6
18,74,2.885000,6
18,75,2.060000,6
18,76,2.071000,6
18,77,2.040000,6
18,78,1.622000,7
18,79,1.956000,6
18,80,2.211000,6
18,81,1.903000,6
18,82,2.552000,6
18,83,1.896000,6
18,84,1.863000,6
18,85,2.250000,7
18,86,2.707000,6
18,87,2.134000,6
18,88,2.158000,5
18,89,1.603000,5
18,90,1.671000,6
18,91,1.963000,5
18,92,2.227000,5
18,93,2.163000,6
18,94,2.103000,6
18,95,2.100000,6
18,96,2.007000,6
19,1,2.961000,8
19,2,2.126000,6
19,3,2.268000,6
19,4,2.304000,6
19,5,1.941000,6
19,6,0.985000,7
19,7,2.276000,6
19,8,2.012000,6
19,9,1.919000,6
19,10,1.868000,6
19,11,2.143000,6
19,12,2.022000,6
19,13,2.249000,6
19,14,1.915000,6
19,15,1.951000,6
19,16,2.151000,6
19,17,2.239000,6
19,18,1.114000,6
19,19,2.196000,6
19,20,2.148000,6
19,21,2.063000,6
19,22,1.926000,6
19,23,2.594000,6
19,24,1.126000,6
19,25,2.235000,6
19,26,2.444000,6
19,27,2.378000,6
19,28,1.860000,6
19,29,2.081000,6
19,30,1.488000,6
19,31,2.201000,6
19,32,1.963000,6
19,33,1.953000,6
19,34,1.642000,6
19,35,2.146000,6
19,36,1.601000,6
19,37,1.167000,5
19,38,1.991000,9
19,39,2.812000,9
19,40,2.668000,11
19,41,1.747000,14
19,42,0.625000,11
19,43,2.201000,6
19,44,2.791000,7
19,45,2.497000,10
19,46,3.751000,16
19,47,1.937000,12
19,48,0.737000,12
19,49,3.031000,12
19,50,2.972000,10
19,51,2.452000,10
19,52,2.821000,12
19,53,1.862000,10
19,54,0.597000,7
19,55,2.919000,11
19,56,2.283000,10
19,57,2.406000,10
19,58,2.693000,10
19,59,1.974000,10
19,60,0.805000,10
19,61,2.211000,10
19,62,1.930000,7
19,63,2.162000,9
19,64,2.438000,7
19,65,2.015000,5
19,66,1.702000,6
19,67,2.249000,6
19,68,2.406000,7
19,69,2.217000,7
19,70,2.324000,6
19,71,2.680000,6
19,72,1.142000,6
19,73,2.169000,6
19,74,2.314000,6
19,75,1.787000,6
19,76,2.657000,7
19,77,2.316000,6
19,78,1.329000,6
19,79,1.800000,6
19,80,1.521000,6
19,81,1.758000,6
19,82,2.311000,6
19,83,1.999000,6
19,84,2.067000,6
19,85,2.148000,6
19,86,1.724000,6
19,87,1.984000,5
19,88,1.630000,6
19,89,2.241000,6
19,90,1.662000,5
19,91,1.818000,5
19,92,1.068000,5
19,93,2.241000,6
19,94,2.468000,6
19,95,2.384000,7
19,96,1.862000,6
20,1,2.327000,8
20,2,2.257000,6
20,3,2.445000,6
20,4,2.085000,6
20,5,2.182000,6
20,6,1.657000,7
20,7,1.843000,6
20,8,1.900000,6
20,9,1.556000,6
20,10,1.844000,6
20,11,1.966000,6
20,12,2.054000,6
20,13,2.359000,6
20,14,2.470000,6
20,15,2.133000,6
20,16,1.975000,6
20,17,1.975000,6
20,18,1.659000,6
20,19,2.329000,6
20,20,1.549000,6
20,21,1.913000,6
20,22,2.085000,6
20,23,2.116000,6
20,24,1.801000,6
20,25,2.559000,6
20,26,2.507000,6
20,27,1.892000,6
20,28,1.752000,6
20,29,2.179000,6
20,30,1.804000,6
20,31,1.751000,6
20,32,2.171000,6
20,33,1.778000,6
20,34,2.223000,6
20,35,2.210000,6
20,36,1.453000,6
20,37,2.609000,7
20,38,2.356000,9
20,39,3.072000,11
20,40,2.770000,11
20,41,2.027000,14
20,42,0.540000,11
20,43,2.415000,6
20,44,2.579000,7
20,45,2.372000,10
20,46,4.060000,15
20,47,1.818000,12
20,48,0.509000,12
20,49,3.316000,12
20,50,2.277000,10
20,51,2.773000,10
20,52,2.930000,13
20,53,1.595000,10
20,54,0.603000,9
20,55,2.001000,7
20,56,2.621000,10
20,57,2.632000,10
20,58,2.567000,10
20,59,1.914000,10
20,60,1.595000,10
20,61,2.359000,10
20,62,1.980000,7
20,63,2.339000,8
20,64,1.719000,7
20,65,1.275000,5
20,66,0.429000,6
20,67,2.114000,6
20,68,2.954000,7
20,69,2.625000,7
20,70,1.880000,6
20,71,1.600000,6
20,72,1.421000,6
20,73,1.825000,6
20,74,2.226000,6
20,75,2.235000,6
20,76,2.818000,6
20,77,2.326000,6
20,78,1.331000,6
20,79,2.327000,6
20,80,2.534000,6
20,81,1.748000,6
20,82,1.646000,6
20,83,2.257000,7
20,84,1.687000,6
20,85,1.875000,6
20,86,1.991000,6
20,87,1.606000,6
20,88,2.656000,5
20,89,1.491000,5
20,90,1.529000,5
20,91,1.853000,5
20,92,2.011000,6
20,93,2.248000,6
20,94,2.490000,6
20,95,2.403000,7
20,96,1.708000,7
21,1,1.925000,7
21,2,1.901000,6
21,3,1.515000,6
21,4,2.404000,6
21,5,2.344000,7
21,6,2.149000,6
21,7,1.922000,6
21,8,1.965000,6
21,9,2.455000,6
21,10,1.958000,6
21,11,1.370000,5
21,12,0.652000,6
21,13,1.764000,5
21,14,1.744000,6
21,15,2.474000,6
21,16,1.939000,5
21,17,1.889000,6
21,18,2.420000,6
21,19,2.084000,6
21,20,1.973000,5
21,21,2.039000,6
21,22,2.263000,5
21,23,2.501000,6
21,24,1.751000,6
21,25,1.700000,5
21,26,1.960000,5
21,27,2.459000,6
21,28,2.455000,6
21,29,2.166000,6
21,30,1.751000,5
21,31,1.925000,5
21,32,1.961000,5
21,33,1.609000,5
21,34,1.983000,6
21,35,1.625000,5
21,36,2.230000,6
21,37,2.129000,6
21,38,2.363000,9
21,39,3.053000,11
21,40,3.061000,12
21,41,2.274000,14
21,42,0.852000,11
21,43,2.089000,7
21,44,2.366000,7
21,45,2.470000,10
21,46,3.402000,15
21,47,2.211000,10
21,48,0.804000,10
21,49,2.228000,10
21,50,2.513000,10
21,51,2.801000,9
21,52,2.442000,9
21,53,2.105000,9
21,54,0.859000,7
21,55,2.076000,9
21,56,1.923000,7
21,57,2.008000,7
21,58,2.006000,7
21,59,1.516000,7
21,60,1.877000,7
21,61,2.002000,7
21,62,1.801000,7
21,63,2.068000,7
21,64,1.585000,6
21,65,1.976000,6
21,66,2.229000,6
21,67,1.922000,6
21,68,1.929000,6
21,69,1.697000,6
21,70,2.558000,6
21,71,1.627000,6
21,72,2.181000,5
21,73,1.748000,5
21,74,1.497000,5
21,75,1.783000,5
21,76,2.161000,6
21,77,1.451000,6
21,78,1.575000,6
21,79,1.684000,5
21,80,1.736000,5
21,81,1.986000,6
21,82,1.927000,6
21,83,1.930000,6
21,84,1.814000,6
21,85,2.002000,6
21,86,2.062000,6
21,87,2.101000,5
21,88,2.672000,6
21,89,2.119000,5
21,90,1.672000,5
21,91,1.700000,6
21,92,1.976000,5
21,93,1.957000,6
21,94,2.101000,6
21,95,4.796000,27
21,96,0.802000,7
22,1,2.319000,7
22,2,1.927000,6
22,3,2.182000,6
22,4,2.330000,6
22,5,1.935000,6
22,6,1.512000,6
22,7,2.139000,6
22,8,2.434000,6
22,9,1.712000,6
22,10,1.657000,6
22,11,1.728000,6
22,12,2.041000,6
22,13,2.284000,6
22,14,2.250000,6
22,15,2.289000,6
22,16,2.452000,6
22,17,2.292000,6
22,18,1.133000,5
22,19,2.204000,5
22,20,1.659000,6
22,21,2.120000,6
22,22,1.751000,6
22,23,1.557000,6
22,24,2.171000,6
22,25,2.281000,6
22,26,2.421000,6
22,27,2.153000,6
22,28,2.212000,6
22,29,1.863000,6
22,30,0.687000,5
22,31,1.710000,5
22,32,1.730000,5
22,33,1.409000,5
22,34,1.896000,6
22,35,1.898000,5
22,36,1.527000,6
22,37,2.537000,6
22,38,2.026000,9
22,39,2.851000,11
22,40,2.872000,9
22,41,2.021000,8
22,42,0.765000,11
22,43,2.394000,7
22,44,2.133000,8
22,45,2.117000,10
22,46,4.134000,17
22,47,1.528000,10
22,48,0.655000,10
22,49,2.319000,10
22,50,2.329000,10
22,51,1.874000,7
22,52,1.845000,7
22,53,2.460000,9
22,54,1.571000,7
22,55,2.162000,9
22,56,1.880000,7
22,57,2.089000,7
22,58,1.938000,7
22,59,2.264000,7
22,60,1.748000,7
22,61,2.360000,7
22,62,1.621000,7
22,63,2.312000,7
22,64,1.604000,6
22,65,1.586000,6
22,66,2.222000,6
22,67,2.060000,6
22,68,2.086000,6
22,69,2.277000,7
22,70,2.083000,6
22,71,1.904000,7
22,72,1.301000,5
22,73,1.747000,5
22,74,1.849000,5
22,75,1.722000,6
22,76,2.120000,6
22,77,1.866000,6
22,78,2.004000,6
22,79,1.960000,5
22,80,1.643000,5
22,81,1.727000,5
22,82,1.929000,5
22,83,1.864000,6
22,84,1.724000,6
22,85,1.758000,5
22,86,2.060000,6
22,87,2.169000,5
22,88,1.824000,5
22,89,1.536000,5
22,90,2.203000,6
22,91,2.162000,6
22,92,2.024000,5
22,93,1.658000,6
22,94,1.925000,6
22,95,4.083000,16
22,96,0.782000,8
23,1,1.978000,7
23,2,2.625000,6
23,3,1.925000,6
23,4,2.435000,7
23,5,1.911000,6
23,6,1.689000,6
23,7,2.175000,6
23,8,2.425000,6
23,9,2.419000,6
23,10,1.925000,6
23,11,2.342000,6
23,12,1.433000,6
23,13,1.762000,6
23,14,1.675000,6
23,15,1.456000,5
23,16,2.360000,6
23,17,1.830000,5
23,18,1.591000,5
23,19,2.173000,6
23,20,1.830000,6
23,21,1.896000,6
23,22,2.024000,6
23,23,1.752000,6
23,24,2.374000,6
23,25,2.303000,6
23,26,2.408000,6
23,27,2.148000,6
23,28,1.816000,6
23,29,1.863000,5
23,30,1.721000,6
23,31,1.983000,5
23,32,1.850000,6
23,33,2.318000,5
23,34,1.963000,5
23,35,2.442000,7
23,36,1.531000,6
23,37,1.699000,5
23,38,2.169000,9
23,39,2.767000,11
23,40,2.039000,9
23,41,2.070000,8
23,42,2.008000,11
23,43,1.905000,6
23,44,2.823000,7
23,45,2.850000,10
23,46,3.184000,16
23,47,1.338000,10
23,48,0.143000,10
23,49,2.175000,10
23,50,2.425000,9
23,51,2.369000,10
23,52,2.485000,10
23,53,2.327000,9
23,54,0.924000,7
23,55,2.006000,9
23,56,2.494000,7
23,57,1.849000,7
23,58,1.726000,7
23,59,2.101000,7
23,60,1.816000,7
23,61,1.889000,7
23,62,1.914000,7
23,63,2.231000,6
23,64,2.039000,6
23,65,1.975000,6
23,66,1.689000,5
23,67,1.999000,5
23,68,2.027000,6
23,69,2.071000,6
23,70,2.190000,6
23,71,2.039000,6
23,72,1.764000,6
23,73,1.799000,6
23,74,1.834000,5
23,75,1.769000,6
23,76,2.338000,6
23,77,1.894000,6
23,78,2.118000,5
23,79,1.898000,5
23,80,2.026000,5
23,81,1.800000,5
23,82,1.705000,6
23,83,2.257000,6
23,84,2.199000,6
23,85,2.175000,6
23,86,2.075000,5
23,87,1.594000,5
23,88,1.264000,5
23,89,1.370000,5
23,90,1.267000,5
23,91,1.855000,5
23,92,1.755000,5
23,93,1.998000,6
23,94,1.464000,5
23,95,4.245000,16
23,96,1.299000,6
24,1,2.331000,7
24,2,2.311000,6
24,3,2.264000,6
24,4,2.090000,6
24,5,2.204000,6
24,6,1.824000,6
24,7,1.933000,6
24,8,2.159000,5
24,9,2.392000,6
24,10,2.323000,6
24,11,2.186000,6
24,12,1.669000,6
24,13,1.914000,6
24,14,2.629000,5
24,15,2.366000,6
24,16,2.052000,5
24,17,2.031000,5
24,18,1.834000,6
24,19,1.757000,6
24,20,2.231000,6
24,21,2.426000,6
24,22,2.117000,6
24,23,2.197000,6
24,24,1.780000,6
24,25,1.955000,6
24,26,2.617000,6
24,27,2.129000,6
24,28,1.933000,5
24,29,1.996000,5
24,30,2.074000,6
24,31,1.574000,5
24,32,2.218000,6
24,33,1.761000,5
24,34,1.830000,5
24,35,1.990000,6
24,36,2.264000,6
24,37,2.586000,7
24,38,2.631000,9
24,39,3.019000,11
24,40,2.736000,10
24,41,0.431000,8
24,42,0.329000,11
24,43,3.850000,12
24,44,2.585000,8
24,45,2.165000,10
24,46,3.995000,16
24,47,0.501000,10
24,48,0.238000,10
24,49,2.433000,10
24,50,2.200000,7
24,51,2.264000,9
24,52,2.612000,9
24,53,2.127000,9
24,54,0.624000,7
24,55,1.765000,7
24,56,2.044000,7
24,57,2.285000,7
24,58,1.977000,7
24,59,1.910000,7
24,60,2.260000,7
24,61,2.154000,7
24,62,2.411000,7
24,63,2.529000,6
24,64,2.388000,6
24,65,1.900000,6
24,66,1.759000,7
24,67,1.941000,5
24,68,1.559000,5
24,69,2.680000,6
24,70,1.780000,6
24,71,1.721000,6
24,72,2.140000,6
24,73,1.981000,6
24,74,1.900000,6
24,75,1.849000,6
24,76,1.894000,5
24,77,2.394000,6
24,78,1.413000,5
24,79,2.158000,6
24,80,2.642000,6
24,81,2.073000,6
24,82,2.159000,6
24,83,2.331000,6
24,84,1.642000,6
24,85,2.158000,6
24,86,3.172000,6
24,87,1.872000,5
24,88,1.670000,5
24,89,2.092000,5
24,90,1.708000,5
24,91,2.154000,6
24,92,2.305000,6
24,93,2.392000,6
24,94,1.741000,5
24,95,4.232000,17
24,96,0.694000,8
25,1,2.208000,7
25,2,1.916000,5
25,3,2.081000,6
25,4,1.777000,6
25,5,2.704000,6
25,6,1.456000,6
25,7,1.862000,5
25,8,2.121000,6
25,9,2.540000,6
25,10,1.959000,6
25,11,2.273000,6
25,12,1.120000,6
25,13,1.862000,5
25,14,1.594000,5
25,15,1.914000,6
25,16,2.166000,6
25,17,2.167000,6
25,18,1.870000,6
25,19,1.866000,6
25,20,2.436000,6
25,21,2.038000,6
25,22,1.864000,6
25,23,2.545000,6
25,24,1.623000,7
25,25,2.052000,6
25,26,2.042000,6
25,27,1.581000,5
25,28,1.931000,5
25,29,1.923000,6
25,30,1.003000,5
25,31,1.862000,5
25,32,2.490000,6
25,33,1.542000,5
25,34,1.452000,5
25,35,1.881000,5
25,36,1.709000,6
25,37,1.862000,5
25,38,2.648000,9
25,39,2.788000,11
25,40,2.677000,10
25,41,2.209000,8
25,42,0.336000,11
25,43,2.438000,8
25,44,2.313000,7
25,45,2.662000,10
25,46,3.788000,18
25,47,1.737000,10
25,48,0.318000,10
25,49,2.056000,9
25,50,2.105000,9
25,51,1.770000,7
25,52,1.769000,7
25,53,2.306000,9
25,54,2.002000,7
25,55,2.052000,7
25,56,2.185000,7
25,57,2.269000,7
25,58,1.775000,7
25,59,2.039000,7
25,60,1.787000,7
25,61,1.872000,7
25,62,1.985000,7
25,63,1.975000,6
25,64,2.025000,7
25,65,1.912000,7
25,66,1.622000,5
25,67,1.733000,5
25,68,2.012000,6
25,69,2.229000,7
25,70,2.193000,6
25,71,2.355000,6
25,72,1.435000,5
25,73,2.299000,6
25,74,2.219000,6
25,75,2.103000,6
25,76,1.721000,5
25,77,1.974000,6
25,78,1.759000,5
25,79,1.691000,7
25,80,2.030000,7
25,81,2.408000,7
25,82,1.974000,7
25,83,2.700000,6
25,84,1.800000,6
25,85,1.862000,5
25,86,1.993000,5
25,87,2.058000,5
25,88,1.769000,5
25,89,1.955000,5
25,90,1.989000,5
25,91,1.866000,6
25,92,1.666000,6
25,93,1.553000,6
25,94,2.024000,6
25,95,4.139000,17
25,96,1.481000,7
26,1,2.717000,8
26,2,1.921000,6
26,3,1.853000,6
26,4,2.281000,6
26,5,1.579000,6
26,6,1.953000,7
26,7,2.175000,6
26,8,1.929000,5
26,9,2.019000,5
26,10,1.857000,5
26,11,2.298000,6
26,12,1.694000,5
26,13,2.410000,6
26,14,2.508000,6
26,15,1.927000,5
26,16,2.425000,6
26,17,2.597000,5
26,18,1.050000,5
26,19,1.505000,5
26,20,1.435000,5
26,21,2.213000,6
26,22,1.904000,5
26,23,1.733000,6
26,24,1.512000,6
26,25,2.047000,6
26,26,2.056000,5
26,27,2.225000,6
26,28,2.263000,6
26,29,2.149000,6
26,30,1.846000,6
26,31,1.999000,6
26,32,2.438000,6
26,33,1.844000,6
26,34,2.501000,6
26,35,2.265000,6
26,36,1.480000,6
26,37,1.991000,6
26,38,1.474000,7
26,39,3.133000,10
26,40,4.225000,12
26,41,1.830000,8
26,42,0.651000,12
26,43,2.398000,8
26,44,2.087000,6
26,45,3.868000,16
26,46,4.127000,19
26,47,0.397000,7
26,48,0.142000,7
26,49,2.237000,7
26,50,1.944000,7
26,51,2.033000,7
26,52,2.222000,7
26,53,1.898000,7
26,54,1.655000,16
26,55,2.152000,7
26,56,2.289000,7
26,57,2.114000,7
26,58,2.457000,7
26,59,1.978000,7
26,60,1.586000,7
26,61,1.653000,7
26,62,2.375000,8
26,63,1.654000,6
26,64,1.694000,5
26,65,2.324000,6
26,66,1.933000,6
26,67,2.631000,6
26,68,2.102000,6
26,69,2.090000,6
26,70,1.770000,6
26,71,2.100000,6
26,72,1.936000,6
26,73,1.991000,6
26,74,2.008000,6
26,75,1.701000,6
26,76,1.831000,5
26,77,2.269000,6
26,78,2.407000,6
26,79,1.824000,6
26,80,2.296000,6
26,81,2.130000,6
26,82,2.342000,6
26,83,1.645000,5
26,84,1.911000,6
26,85,1.852000,5
26,86,1.611000,5
26,87,2.270000,5
26,88,1.750000,5
26,89,1.754000,6
26,90,1.833000,6
26,91,2.175000,5
26,92,2.167000,6
26,93,1.768000,6
26,94,1.674000,5
26,95,3.521000,16
26,96,1.465000,7
27,1,2.456000,8
27,2,1.784000,5
27,3,2.293000,6
27,4,3.080000,6
27,5,2.417000,6
27,6,1.084000,7
27,7,1.791000,5
27,8,1.830000,5
27,9,2.169000,6
27,10,1.951000,5
27,11,2.711000,6
27,12,1.767000,5
27,13,1.765000,6
27,14,1.600000,5
27,15,2.153000,5
27,16,1.903000,5
27,17,2.762000,5
27,18,1.527000,6
27,19,1.950000,5
27,20,1.904000,6
27,21,2.057000,6
27,22,1.919000,6
27,23,2.571000,6
27,24,1.479000,6
27,25,2.023000,6
27,26,2.034000,6
27,27,1.942000,6
27,28,2.240000,6
27,29,2.576000,6
27,30,1.094000,6
27,31,1.713000,6
27,32,2.078000,6
27,33,1.972000,6
27,34,1.877000,6
27,35,3.421000,7
27,36,1.558000,6
27,37,1.786000,5
27,38,1.693000,7
27,39,2.958000,10
27,40,3.315000,8
27,41,1.980000,8
27,42,1.053000,12
27,43,2.284000,7
27,44,2.558000,8
27,45,3.437000,15
27,46,3.045000,8
27,47,2.122000,17
27,48,0.190000,7
27,49,1.992000,7
27,50,2.235000,7
27,51,2.091000,7
27,52,1.814000,7
27,53,2.989000,7
27,54,2.289000,16
27,55,1.950000,7
27,56,1.651000,7
27,57,2.090000,7
27,58,2.442000,7
27,59,2.986000,7
27,60,1.573000,7
27,61,1.955000,7
27,62,1.986000,7
27,63,1.977000,5
27,64,1.903000,6
27,65,3.005000,6
27,66,1.585000,6
27,67,1.600000,5
27,68,1.951000,6
27,69,2.105000,6
27,70,2.498000,6
27,71,1.983000,4
27,72,1.752000,5
27,73,2.092000,6
27,74,1.902000,6
27,75,1.945000,5
27,76,2.049000,6
27,77,2.817000,6
27,78,1.824000,6
27,79,1.947000,5
27,80,2.032000,5
27,81,1.940000,6
27,82,1.706000,5
27,83,3.237000,6
27,84,1.384000,6
27,85,2.210000,5
27,86,1.555000,5
27,87,1.676000,5
27,88,2.056000,5
27,89,2.602000,5
27,90,1.940000,6
27,91,1.952000,5
27,92,2.029000,6
27,93,2.098000,5
27,94,1.582000,5
27,95,4.397000,16
27,96,1.273000,7
28,1,2.254000,7
28,2,2.000000,5
28,3,1.853000,6
28,4,1.671000,5
28,5,1.786000,5
28,6,2.565000,7
28,7,1.536000,6
28,8,2.286000,6
28,9,2.119000,6
28,10,2.088000,6
28,11,1.627000,5
28,12,2.041000,6
28,13,1.687000,6
28,14,2.034000,6
28,15,1.772000,6
28,16,2.041000,6
28,17,2.168000,6
28,18,1.577000,6
28,19,1.883000,6
28,20,2.254000,6
28,21,1.951000,5
28,22,2.056000,6
28,23,2.073000,6
28,24,1.624000,5
28,25,1.883000,6
28,26,2.541000,6
28,27,1.868000,6
28,28,1.768000,6
28,29,2.122000,6
28,30,1.576000,5
28,31,2.397000,6
28,32,2.764000,6
28,33,2.024000,5
28,34,2.551000,6
28,35,1.807000,6
28,36,1.054000,6
28,37,1.899000,6
28,38,2.956000,7
28,39,2.755000,10
28,40,2.601000,9
28,41,1.879000,8
28,42,0.809000,12
28,43,2.128000,7
28,44,2.328000,6
28,45,3.255000,15
28,46,2.488000,8
28,47,2.269000,17
28,48,0.159000,7
28,49,1.792000,7
28,50,1.870000,7
28,51,3.550000,17
28,52,2.025000,7
28,53,1.625000,7
28,54,0.584000,7
28,55,2.128000,7
28,56,2.554000,7
28,57,2.108000,7
28,58,1.947000,7
28,59,1.881000,7
28,60,1.672000,7
28,61,1.679000,7
28,62,2.005000,7
28,63,1.292000,4
28,64,1.432000,4
28,65,2.152000,6
28,66,1.451000,5
28,67,1.683000,5
28,68,2.753000,8
28,69,2.038000,6
28,70,1.865000,6
28,71,1.611000,6
28,72,1.344000,6
28,73,1.683000,6
28,74,2.020000,5
28,75,1.896000,6
28,76,1.911000,6
28,77,1.773000,6
28,78,2.117000,6
28,79,2.128000,6
28,80,2.102000,6
28,81,1.947000,6
28,82,1.832000,6
28,83,1.898000,6
28,84,1.989000,5
28,85,1.968000,6
28,86,2.759000,6
28,87,1.943000,5
28,88,2.297000,6
28,89,1.706000,5
28,90,1.736000,6
28,91,1.529000,5
28,92,2.192000,5
28,93,1.388000,5
28,94,1.885000,5
28,95,2.965000,16
28,96,0.614000,7
29,1,1.893000,7
29,2,2.180000,6
29,3,1.661000,5
29,4,2.125000,6
29,5,1.995000,5
29,6,2.059000,8
29,7,1.885000,5
29,8,2.005000,5
29,9,1.590000,5
29,10,2.147000,5
29,11,2.184000,6
29,12,2.154000,6
29,13,2.328000,5
29,14,1.927000,6
29,15,2.142000,6
29,16,2.096000,6
29,17,1.866000,6
29,18,1.722000,6
29,19,1.885000,6
29,20,1.798000,5
29,21,1.628000,6
29,22,2.271000,6
29,23,2.504000,6
29,24,1.854000,6
29,25,2.320000,6
29,26,1.697000,6
29,27,1.782000,6
29,28,1.973000,6
29,29,2.270000,6
29,30,1.931000,6
29,31,1.891000,6
29,32,2.005000,6
29,33,1.681000,6
29,34,2.051000,5
29,35,2.168000,5
29,36,1.668000,5
29,37,2.322000,6
29,38,2.032000,7
29,39,2.708000,10
29,40,2.158000,8
29,41,1.803000,8
29,42,0.675000,12
29,43,2.324000,6
29,44,2.255000,8
29,45,3.364000,15
29,46,2.392000,8
29,47,2.132000,18
29,48,0.159000,7
29,49,2.050000,7
29,50,2.435000,8
29,51,3.694000,17
29,52,4.004000,18
29,53,0.903000,7
29,54,0.256000,7
29,55,1.891000,7
29,56,1.743000,7
29,57,2.260000,7
29,58,1.788000,7
29,59,2.206000,7
29,60,1.797000,7
29,61,2.056000,7
29,62,2.370000,7
29,63,5.749000,27
29,64,1.413000,4
29,65,0.926000,4
29,66,0.553000,5
29,67,2.320000,7
29,68,2.147000,6
29,69,2.192000,6
29,70,2.695000,9
29,71,1.809000,6
29,72,1.323000,6
29,73,1.656000,6
29,74,1.819000,5
29,75,2.077000,6
29,76,1.496000,5
29,77,2.256000,6
29,78,1.563000,5
29,79,1.553000,4
29,80,2.339000,6
29,81,1.950000,6
29,82,2.037000,6
29,83,2.050000,6
29,84,1.712000,5
29,85,2.459000,6
29,86,1.879000,5
29,87,1.910000,5
29,88,2.403000,6
29,89,1.606000,5
29,90,1.851000,6
29,91,1.889000,5
29,92,2.005000,5
29,93,1.550000,5
29,94,2.026000,6
29,95,3.730000,16
29,96,1.248000,8
30,1,2.379000,7
30,2,2.328000,6
30,3,2.200000,6
30,4,2.502000,6
30,5,2.101000,5
30,6,1.243000,7
30,7,2.389000,6
30,8,2.410000,6
30,9,1.992000,5
30,10,1.656000,5
30,11,1.958000,6
30,12,1.445000,5
30,13,1.948000,6
30,14,2.207000,6
30,15,1.781000,5
30,16,2.305000,6
30,17,2.431000,6
30,18,1.468000,5
30,19,2.046000,5
30,20,2.141000,6
30,21,2.262000,6
30,22,1.896000,5
30,23,1.818000,5
30,24,1.452000,6
30,25,1.964000,5
30,26,1.991000,6
30,27,1.929000,6
30,28,1.704000,6
30,29,2.054000,6
30,30,1.652000,6
30,31,1.983000,6
30,32,1.928000,6
30,33,2.167000,6
30,34,1.947000,6
30,35,2.282000,6
30,36,1.089000,5
30,37,1.381000,4
30,38,1.825000,7
30,39,2.867000,10
30,40,2.494000,9
30,41,2.485000,8
30,42,1.692000,12
30,43,2.186000,7
30,44,2.358000,6
30,45,1.977000,7
30,46,2.435000,8
30,47,1.829000,18
30,48,0.222000,7
30,49,2.206000,7
30,50,2.127000,8
30,51,3.521000,18
30,52,2.368000,7
30,53,2.558000,18
30,54,0.229000,7
30,55,2.062000,7
30,56,2.137000,7
30,57,2.675000,7
30,58,1.814000,7
30,59,2.154000,7
30,60,1.761000,7
30,61,1.671000,7
30,62,1.665000,7
30,63,2.073000,7
30,64,1.321000,4
30,65,2.547000,8
30,66,1.618000,6
30,67,2.097000,7
30,68,1.562000,6
30,69,1.675000,5
30,70,1.974000,6
30,71,2.259000,6
30,72,1.924000,6
30,73,1.839000,5
30,74,1.800000,6
30,75,1.549000,5
30,76,1.986000,6
30,77,1.703000,5
30,78,1.901000,5
30,79,2.118000,6
30,80,2.188000,6
30,81,1.530000,6
30,82,1.867000,6
30,83,2.000000,5
30,84,1.324000,6
30,85,2.031000,5
30,86,2.048000,5
30,87,1.715000,5
30,88,1.435000,5
30,89,1.800000,5
30,90,1.741000,5
30,91,2.069000,6
30,92,1.527000,5
30,93,1.731000,5
30,94,2.038000,6
30,95,3.627000,16
30,96,1.559000,7
31,1,2.184000,6
31,2,1.745000,5
31,3,2.025000,5
31,4,2.056000,6
31,5,2.090000,6
31,6,1.982000,7
31,7,1.879000,6
31,8,2.631000,6
31,9,1.883000,6
31,10,2.518000,6
31,11,2.214000,6
31,12,1.742000,6
31,13,1.951000,6
31,14,2.275000,6
31,15,2.113000,6
31,16,2.134000,6
31,17,1.959000,6
31,18,1.335000,6
31,19,2.168000,6
31,20,1.677000,6
31,21,2.275000,6
31,22,1.895000,6
31,23,1.742000,6
31,24,2.133000,6
31,25,2.168000,6
31,26,1.978000,6
31,27,2.238000,6
31,28,2.272000,6
31,29,1.895000,6
31,30,1.992000,6
31,31,1.768000,6
31,32,1.848000,6
31,33,1.972000,6
31,34,1.834000,5
31,35,2.678000,6
31,36,1.635000,5
31,37,2.166000,6
31,38,2.503000,7
31,39,3.021000,11
31,40,2.405000,8
31,41,2.144000,8
31,42,0.947000,13
31,43,2.170000,5
31,44,2.818000,6
31,45,2.300000,8
31,46,2.106000,7
31,47,2.324000,8
31,48,1.336000,8
31,49,2.374000,8
31,50,2.584000,8
31,51,2.456000,8
31,52,1.659000,7
31,53,1.749000,7
31,54,0.541000,7
31,55,1.943000,7
31,56,2.443000,7
31,57,1.977000,7
31,58,2.047000,7
31,59,2.087000,7
31,60,1.750000,7
31,61,1.592000,7
31,62,2.216000,7
31,63,2.055000,7
31,64,1.563000,6
31,65,2.393000,7
31,66,1.515000,4
31,67,1.800000,6
31,68,2.409000,8
31,69,2.236000,6
31,70,1.850000,5
31,71,2.810000,6
31,72,1.081000,7
31,73,2.184000,6
31,74,2.332000,7
31,75,1.671000,6
31,76,1.911000,6
31,77,1.678000,4
31,78,2.180000,6
31,79,1.704000,5
31,80,1.732000,5
31,81,1.654000,5
31,82,4.275000,6
31,83,1.272000,5
31,84,1.944000,6
31,85,1.727000,5
31,86,1.944000,5
31,87,1.892000,6
31,88,2.000000,5
31,89,1.965000,5
31,90,1.781000,5
31,91,1.481000,5
31,92,1.388000,5
31,93,2.285000,6
31,94,1.451000,6
31,95,3.943000,16
31,96,1.962000,7
32,1,1.973000,6
32,2,2.319000,6
32,3,2.233000,6
32,4,2.612000,6
32,5,2.054000,6
32,6,1.688000,6
32,7,1.977000,6
32,8,1.972000,6
32,9,2.185000,6
32,10,2.135000,6
32,11,2.060000,6
32,12,2.007000,6
32,13,2.278000,6
32,14,2.258000,6
32,15,2.185000,6
32,16,2.040000,6
32,17,2.430000,6
32,18,1.670000,6
32,19,2.096000,6
32,20,2.161000,6
32,21,2.360000,6
32,22,1.627000,6
32,23,1.546000,6
32,24,1.894000,6
32,25,2.028000,6
32,26,1.937000,6
32,27,2.353000,6
32,28,2.337000,6
32,29,2.282000,6
32,30,1.481000,6
32,31,2.372000,6
32,32,1.937000,5
32,33,2.439000,6
32,34,2.047000,6
32,35,1.883000,6
32,36,1.680000,6
32,37,1.802000,5
32,38,1.941000,7
32,39,2.936000,11
32,40,2.707000,8
32,41,2.388000,8
32,42,1.335000,12
32,43,2.531000,6
32,44,1.929000,6
32,45,2.448000,8
32,46,2.227000,7
32,47,2.706000,8
32,48,1.159000,8
32,49,2.317000,8
32,50,1.999000,8
32,51,2.403000,8
32,52,2.296000,7
32,53,1.876000,7
32,54,1.802000,7
32,55,2.004000,7
32,56,1.989000,7
32,57,2.544000,7
32,58,2.006000,7
32,59,1.910000,7
32,60,1.929000,7
32,61,2.319000,7
32,62,2.058000,7
32,63,1.973000,7
32,64,1.753000,6
32,65,1.849000,5
32,66,2.215000,8
32,67,2.008000,6
32,68,1.942000,6
32,69,1.799000,4
32,70,1.417000,5
32,71,1.871000,6
32,72,2.218000,6
32,73,1.920000,6
32,74,2.056000,6
32,75,3.063000,7
32,76,1.624000,6
32,77,2.323000,7
32,78,1.626000,6
32,79,1.865000,6
32,80,1.967000,6
32,81,2.080000,7
32,82,2.643000,7
32,83,1.480000,5
32,84,1.684000,5
32,85,1.610000,5
32,86,1.737000,5
32,87,1.839000,5
32,88,1.978000,5
32,89,2.188000,5
32,90,2.197000,5
32,91,2.132000,5
32,92,1.895000,5
32,93,2.115000,6
32,94,2.149000,6
32,95,3.791000,16
32,96,1.036000,7
33,1,2.579000,6
33,2,1.786000,6
33,3,1.813000,6
33,4,2.563000,6
33,5,2.568000,7
33,6,1.298000,6
33,7,2.219000,6
33,8,2.180000,6
33,9,1.928000,6
33,10,2.092000,5
33,11,1.584000,6
33,12,1.545000,6
33,13,2.132000,6
33,14,2.007000,6
33,15,2.110000,6
33,16,2.787000,6
33,17,2.034000,6
33,18,1.649000,6
33,19,1.972000,6
33,20,2.085000,6
33,21,2.043000,6
33,22,1.657000,6
33,23,2.199000,6
33,24,2.190000,6
33,25,2.179000,6
33,26,2.576000,6
33,27,2.287000,6
33,28,1.939000,6
33,29,2.212000,6
33,30,1.657000,6
33,31,2.179000,6
33,32,2.185000,6
33,33,2.541000,6
33,34,2.240000,6
33,35,2.614000,9
33,36,0.799000,6
33,37,2.766000,6
33,38,1.982000,7
33,39,2.698000,10
33,40,2.804000,8
33,41,1.853000,8
33,42,1.025000,12
33,43,2.479000,5
33,44,2.089000,7
33,45,1.965000,8
33,46,2.357000,7
33,47,2.020000,8
33,48,1.722000,8
33,49,2.475000,8
33,50,2.077000,8
33,51,2.028000,8
33,52,2.643000,8
33,53,2.127000,8
33,54,1.113000,7
33,55,2.173000,7
33,56,2.187000,7
33,57,2.000000,7
33,58,1.990000,7
33,59,2.038000,7
33,60,1.961000,7
33,61,2.473000,7
33,62,2.255000,7
33,63,1.688000,7
33,64,1.638000,5
33,65,2.183000,6
33,66,1.532000,5
33,67,1.413000,4
33,68,1.730000,6
33,69,1.969000,7
33,70,1.805000,6
33,71,1.435000,4
33,72,2.301000,6
33,73,2.471000,6
33,74,2.083000,5
33,75,2.238000,6
33,76,1.944000,5
33,77,2.569000,9
33,78,1.007000,6
33,79,1.782000,5
33,80,2.404000,5
33,81,1.837000,6
33,82,2.166000,4
33,83,2.137000,5
33,84,1.654000,5
33,85,1.972000,5
33,86,1.720000,5
33,87,1.574000,5
33,88,2.165000,5
33,89,2.008000,5
33,90,1.754000,5
33,91,1.477000,5
33,92,1.688000,5
33,93,2.109000,6
33,94,2.117000,6
33,95,3.415000,16
33,96,1.769000,7
34,1,1.897000,7
34,2,1.864000,5
34,3,2.047000,6
34,4,2.111000,6
34,5,1.915000,6
34,6,1.505000,7
34,7,2.116000,5
34,8,2.071000,5
34,9,2.169000,6
34,10,1.576000,6
34,11,1.798000,6
34,12,1.908000,6
34,13,2.116000,6
34,14,2.388000,6
34,15,2.344000,6
34,16,2.267000,5
34,17,1.972000,6
34,18,1.369000,6
34,19,2.116000,6
34,20,2.307000,6
34,21,1.983000,6
34,22,1.911000,6
34,23,2.089000,6
34,24,1.751000,6
34,25,2.264000,6
34,26,2.148000,6
34,27,2.217000,6
34,28,2.511000,6
34,29,2.092000,6
34,30,1.207000,6
34,31,1.946000,6
34,32,2.089000,6
34,33,2.120000,5
34,34,2.038000,6
34,35,2.057000,6
34,36,1.575000,6
34,37,2.116000,6
34,38,2.307000,8
34,39,2.552000,11
34,40,2.003000,7
34,41,2.101000,8
34,42,1.023000,12
34,43,2.116000,5
34,44,2.038000,6
34,45,2.438000,8
34,46,2.376000,7
34,47,2.527000,11
34,48,0.280000,8
34,49,2.125000,8
34,50,1.975000,8
34,51,2.328000,8
34,52,2.345000,7
34,53,1.844000,7
34,54,1.067000,7
34,55,1.929000,7
34,56,2.213000,7
34,57,2.109000,7
34,58,2.156000,7
34,59,2.170000,7
34,60,1.513000,7
34,61,2.167000,8
34,62,2.261000,7
34,63,2.015000,7
34,64,1.607000,5
34,65,1.427000,4
34,66,1.304000,4
34,67,1.960000,6
34,68,1.836000,4
34,69,1.657000,6
34,70,1.690000,5
34,71,1.733000,6
34,72,0.924000,4
34,73,1.116000,4
34,74,1.724000,6
34,75,1.557000,6
34,76,1.890000,6
34,77,1.570000,5
34,78,1.853000,6
34,79,1.870000,4
34,80,1.659000,6
34,81,1.856000,6
34,82,2.083000,6
34,83,2.736000,10
34,84,1.400000,5
34,85,1.611000,5
34,86,1.722000,5
34,87,1.370000,5
34,88,1.445000,5
34,89,2.085000,5
34,90,1.371000,5
34,91,1.851000,5
34,92,2.086000,5
34,93,2.088000,6
34,94,2.036000,5
34,95,3.649000,16
34,96,0.841000,6
35,1,2.146000,7
35,2,2.038000,6
35,3,2.155000,6
35,4,1.864000,5
35,5,4.416000,25
35,6,0.526000,7
35,7,2.260000,6
35,8,2.093000,6
35,9,2.127000,5
35,10,2.462000,6
35,11,1.829000,6
35,12,1.561000,6
35,13,1.941000,6
35,14,2.023000,5
35,15,2.051000,6
35,16,2.385000,6
35,17,2.176000,6
35,18,1.811000,6
35,19,2.196000,6
35,20,1.949000,6
35,21,1.898000,6
35,22,1.865000,6
35,23,2.035000,6
35,24,2.310000,6
35,25,1.957000,6
35,26,1.895000,6
35,27,1.877000,6
35,28,1.801000,6
35,29,2.195000,6
35,30,1.784000,6
35,31,1.938000,6
35,32,2.023000,6
35,33,2.152000,6
35,34,1.882000,6
35,35,1.821000,6
35,36,1.959000,6
35,37,2.100000,6
35,38,3.822000,14
35,39,2.967000,11
35,40,2.163000,8
35,41,0.510000,8
35,42,0.191000,12
35,43,2.100000,6
35,44,1.852000,6
35,45,2.246000,8
35,46,2.105000,7
35,47,2.081000,8
35,48,2.130000,8
35,49,2.260000,8
35,50,2.308000,8
35,51,1.884000,7
35,52,2.474000,7
35,53,2.355000,8
35,54,0.926000,8
35,55,2.467000,7
35,56,1.935000,7
35,57,2.326000,7
35,58,2.103000,7
35,59,2.187000,7
35,60,1.735000,8
35,61,1.925000,7
35,62,2.139000,7
35,63,2.807000,12
35,64,1.495000,5
35,65,2.025000,6
35,66,1.899000,6
35,67,2.458000,6
35,68,1.306000,4
35,69,2.394000,6
35,70,2.562000,6
35,71,1.911000,6
35,72,0.956000,5
35,73,2.100000,5
35,74,0.955000,4
35,75,1.303000,4
35,76,1.999000,4
35,77,5.277000,27
35,78,1.098000,5
35,79,2.100000,6
35,80,1.162000,4
35,81,2.105000,6
35,82,1.498000,4
35,83,1.519000,5
35,84,2.191000,6
35,85,2.657000,6
35,86,1.786000,5
35,87,2.422000,5
35,88,1.642000,5
35,89,1.709000,5
35,90,1.926000,6
35,91,1.878000,5
35,92,2.087000,6
35,93,1.461000,5
35,94,1.626000,5
35,95,3.518000,16
35,96,1.769000,6
36,1,1.682000,6
36,2,1.664000,5
36,3,1.438000,5
36,4,2.245000,7
36,5,3.232000,13
36,6,2.130000,7
36,7,2.178000,6
36,8,2.332000,6
36,9,2.151000,6
36,10,4.018000,5
36,11,1.574000,5
36,12,0.765000,6
36,13,1.734000,5
36,14,1.961000,6
36,15,2.504000,5
36,16,2.159000,6
36,17,1.676000,6
36,18,2.034000,5
36,19,1.893000,5
36,20,1.684000,5
36,21,2.027000,6
36,22,2.017000,5
36,23,1.779000,5
36,24,1.892000,6
36,25,1.509000,5
36,26,1.793000,5
36,27,1.692000,6
36,28,2.433000,6
36,29,2.480000,6
36,30,1.672000,6
36,31,1.612000,5
36,32,1.985000,6
36,33,2.284000,5
36,34,2.030000,5
36,35,1.795000,5
36,36,2.067000,6
36,37,2.012000,6
36,38,3.303000,14
36,39,2.865000,9
36,40,1.777000,6
36,41,2.180000,8
36,42,1.004000,10
36,43,1.706000,5
36,44,2.084000,6
36,45,3.655000,13
36,46,1.940000,7
36,47,2.911000,14
36,48,0.605000,7
36,49,3.024000,14
36,50,2.845000,13
36,51,3.494000,13
36,52,3.060000,15
36,53,0.941000,14
36,54,0.112000,7
36,55,2.304000,7
36,56,1.941000,7
36,57,3.468000,14
36,58,3.607000,14
36,59,1.347000,7
36,60,0.669000,12
36,61,2.521000,12
36,62,2.185000,7
36,63,3.054000,11
36,64,2.027000,6
36,65,1.681000,5
36,66,0.836000,4
36,67,1.280000,4
36,68,1.826000,5
36,69,2.091000,5
36,70,2.021000,5
36,71,1.729000,5
36,72,1.557000,4
36,73,1.510000,4
36,74,1.878000,5
36,75,2.219000,5
36,76,1.937000,6
36,77,2.223000,8
36,78,1.844000,6
36,79,1.944000,6
36,80,1.756000,6
36,81,2.376000,7
36,82,1.643000,5
36,83,2.190000,7
36,84,2.129000,5
36,85,1.334000,4
36,86,1.678000,5
36,87,1.340000,4
36,88,1.947000,5
36,89,1.954000,5
36,90,1.908000,5
36,91,2.018000,5
36,92,2.298000,5
36,93,1.977000,5
36,94,1.778000,5
36,95,3.951000,16
36,96,0.882000,6
37,1,5.041000,25
37,2,1.666000,6
37,3,2.236000,6
37,4,2.110000,6
37,5,1.887000,13
37,6,0.639000,6
37,7,2.178000,5
37,8,2.059000,5
37,9,1.702000,5
37,10,2.129000,6
37,11,1.953000,6
37,12,1.696000,6
37,13,1.891000,6
37,14,2.117000,5
37,15,2.612000,6
37,16,2.152000,6
37,17,2.274000,6
37,18,1.722000,6
37,19,2.361000,6
37,20,2.059000,6
37,21,2.482000,6
37,22,1.929000,6
37,23,1.937000,6
37,24,1.648000,6
37,25,2.169000,6
37,26,2.275000,6
37,27,2.124000,6
37,28,1.645000,6
37,29,1.885000,6
37,30,1.690000,6
37,31,1.986000,5
37,32,2.041000,5
37,33,2.473000,6
37,34,2.492000,6
37,35,2.266000,6
37,36,1.462000,6
37,37,2.321000,6
37,38,4.057000,14
37,39,2.558000,9
37,40,2.208000,7
37,41,1.609000,8
37,42,0.737000,11
37,43,2.173000,6
37,44,1.993000,6
37,45,3.899000,14
37,46,2.156000,7
37,47,2.711000,14
37,48,0.545000,7
37,49,3.046000,13
37,50,3.223000,13
37,51,3.408000,14
37,52,2.348000,14
37,53,0.478000,7
37,54,0.132000,7
37,55,1.914000,7
37,56,2.133000,7
37,57,2.756000,12
37,58,3.108000,11
37,59,2.440000,12
37,60,0.961000,11
37,61,2.527000,11
37,62,2.928000,12
37,63,2.608000,8
37,64,1.428000,5
37,65,1.854000,5
37,66,0.955000,4
37,67,1.181000,4
37,68,1.390000,5
37,69,1.294000,4
37,70,1.614000,5
37,71,1.716000,5
37,72,1.487000,5
37,73,2.169000,6
37,74,1.576000,4
37,75,1.225000,4
37,76,1.466000,5
37,77,2.053000,6
37,78,1.693000,4
37,79,1.668000,5
37,80,1.714000,4
37,81,1.377000,4
37,82,1.793000,5
37,83,1.674000,5
37,84,1.686000,5
37,85,1.839000,5
37,86,1.990000,5
37,87,2.274000,6
37,88,1.719000,5
37,89,2.204000,5
37,90,1.673000,5
37,91,1.864000,5
37,92,2.578000,5
37,93,1.773000,5
37,94,1.804000,5
37,95,3.583000,16
37,96,1.244000,6
38,1,2.556000,10
38,2,1.593000,5
38,3,2.185000,5
38,4,1.655000,5
38,5,3.443000,14
38,6,1.261000,6
38,7,2.072000,6
38,8,2.071000,6
38,9,1.931000,5
38,10,2.186000,6
38,11,2.332000,6
38,12,1.619000,5
38,13,2.156000,6
38,14,2.152000,5
38,15,1.865000,6
38,16,1.834000,5
38,17,2.302000,5
38,18,1.723000,5
38,19,1.858000,5
38,20,2.027000,5
38,21,2.468000,6
38,22,1.779000,5
38,23,1.247000,5
38,24,1.835000,6
38,25,1.822000,5
38,26,1.863000,5
38,27,2.147000,6
38,28,2.133000,6
38,29,1.910000,5
38,30,1.594000,5
38,31,2.177000,6
38,32,2.229000,6
38,33,2.047000,5
38,34,2.080000,6
38,35,1.636000,4
38,36,1.330000,6
38,37,1.901000,6
38,38,3.476000,14
38,39,2.626000,9
38,40,2.641000,11
38,41,2.103000,8
38,42,1.166000,10
38,43,1.874000,5
38,44,2.054000,6
38,45,3.487000,14
38,46,2.213000,7
38,47,2.721000,13
38,48,0.971000,7
38,49,3.288000,14
38,50,3.247000,14
38,51,1.845000,8
38,52,2.981000,14
38,53,1.493000,14
38,54,0.380000,7
38,55,3.502000,14
38,56,3.251000,14
38,57,2.780000,11
38,58,2.168000,11
38,59,1.533000,11
38,60,0.735000,10
38,61,2.076000,8
38,62,2.955000,11
38,63,1.973000,7
38,64,2.421000,6
38,65,2.034000,5
38,66,1.196000,6
38,67,1.458000,5
38,68,5.469000,27
38,69,1.389000,5
38,70,2.209000,7
38,71,1.465000,5
38,72,2.048000,24
38,73,1.922000,5
38,74,1.570000,5
38,75,3.169000,10
38,76,1.404000,5
38,77,2.734000,11
38,78,1.488000,5
38,79,2.072000,5
38,80,1.825000,6
38,81,3.953000,4
38,82,1.755000,5
38,83,2.239000,7
38,84,0.937000,5
38,85,2.077000,5
38,86,1.542000,4
38,87,1.990000,4
38,88,1.592000,4
38,89,1.943000,5
38,90,1.626000,5
38,91,1.718000,5
38,92,1.757000,5
38,93,2.071000,6
38,94,1.607000,6
38,95,3.997000,16
38,96,1.483000,5
39,1,2.781000,11
39,2,1.848000,6
39,3,1.787000,5
39,4,1.690000,6
39,5,2.883000,14
39,6,2.023000,25
39,7,2.170000,6
39,8,2.368000,6
39,9,2.331000,6
39,10,2.518000,6
39,11,2.107000,6
39,12,1.250000,6
39,13,2.168000,5
39,14,2.362000,6
39,15,1.931000,5
39,16,1.993000,5
39,17,1.906000,5
39,18,1.447000,5
39,19,2.345000,6
39,20,2.030000,5
39,21,1.903000,5
39,22,1.889000,5
39,23,2.129000,6
39,24,1.480000,5
39,25,2.170000,6
39,26,2.679000,6
39,27,1.754000,5
39,28,2.376000,5
39,29,2.264000,6
39,30,1.590000,6
39,31,1.976000,6
39,32,1.515000,4
39,33,2.156000,6
39,34,2.242000,6
39,35,1.897000,6
39,36,1.708000,6
39,37,1.191000,4
39,38,3.334000,14
39,39,2.335000,9
39,40,2.471000,8
39,41,2.234000,8
39,42,2.087000,11
39,43,1.838000,6
39,44,2.311000,6
39,45,3.143000,14
39,46,1.817000,7
39,47,3.064000,14
39,48,1.337000,7
39,49,2.606000,8
39,50,3.444000,13
39,51,1.771000,7
39,52,3.249000,14
39,53,2.773000,14
39,54,0.701000,7
39,55,2.773000,11
39,56,2.567000,11
39,57,2.469000,11
39,58,2.835000,10
39,59,1.868000,7
39,60,1.065000,7
39,61,2.313000,11
39,62,2.949000,9
39,63,3.829000,18
39,64,1.738000,6
39,65,1.655000,7
39,66,2.411000,28
39,67,6.711000,30
39,68,4.599000,20
39,69,3.427000,27
39,70,0.893000,28
39,71,0.627000,25
39,72,0.509000,19
39,73,6.155000,26
39,74,5.917000,25
39,75,2.533000,29
39,76,0.711000,26
39,77,0.536000,21
39,78,0.496000,28
39,79,5.435000,24
39,80,1.724000,5
39,81,2.009000,6
39,82,1.866000,5
39,83,1.484000,5
39,84,0.971000,4
39,85,1.897000,6
39,86,2.324000,6
39,87,1.652000,5
39,88,2.232000,10
39,89,1.844000,5
39,90,1.636000,5
39,91,1.697000,5
39,92,2.025000,6
39,93,2.014000,5
39,94,2.319000,6
39,95,3.688000,16
39,96,1.331000,5
40,1,2.578000,11
40,2,2.073000,6
40,3,2.204000,6
40,4,2.034000,6
40,5,3.331000,12
40,6,2.159000,14
40,7,1.669000,5
40,8,1.599000,6
40,9,1.691000,5
40,10,1.912000,5
40,11,1.856000,5
40,12,2.029000,5
40,13,2.116000,5
40,14,1.780000,5
40,15,2.169000,6
40,16,2.008000,5
40,17,1.686000,5
40,18,1.654000,5
40,19,2.185000,6
40,20,1.716000,5
40,21,2.058000,5
40,22,2.470000,6
40,23,2.117000,6
40,24,1.914000,5
40,25,2.388000,6
40,26,2.319000,6
40,27,1.915000,5
40,28,2.007000,5
40,29,2.215000,6
40,30,1.440000,6
40,31,1.203000,4
40,32,1.738000,5
40,33,1.876000,6
40,34,2.424000,6
40,35,1.624000,5
40,36,2.337000,6
40,37,2.021000,8
40,38,3.336000,14
40,39,2.677000,11
40,40,2.062000,8
40,41,1.498000,7
40,42,1.281000,12
40,43,1.953000,5
40,44,2.164000,8
40,45,2.581000,8
40,46,1.924000,7
40,47,3.187000,16
40,48,1.668000,7
40,49,2.151000,7
40,50,3.080000,14
40,51,3.649000,14
40,52,2.938000,12
40,53,2.084000,11
40,54,1.129000,12
40,55,3.299000,11
40,56,1.964000,7
40,57,2.534000,7
40,58,2.431000,12
40,59,3.554000,21
40,60,1.638000,20
40,61,4.447000,21
40,62,2.201000,9
40,63,3.900000,19
40,64,3.511000,24
40,65,1.942000,28
40,66,0.337000,19
40,67,4.124000,20
40,68,4.256000,21
40,69,2.374000,12
40,70,2.532000,13
40,71,0.999000,14
40,72,0.925000,20
40,73,3.586000,15
40,74,3.076000,14
40,75,2.804000,12
40,76,3.242000,16
40,77,2.041000,20
40,78,1.231000,20
40,79,3.798000,19
40,80,5.517000,27
40,81,4.254000,24
40,82,0.683000,5
40,83,1.879000,29
40,84,0.222000,5
40,85,1.784000,4
40,86,1.283000,5
40,87,1.185000,4
40,88,1.913000,5
40,89,1.704000,5
40,90,1.466000,5
40,91,2.576000,6
40,92,1.709000,5
40,93,2.009000,6
40,94,2.118000,6
40,95,3.771000,16
40,96,1.475000,5
41,1,2.291000,7
41,2,2.275000,5
41,3,1.336000,4
41,4,1.023000,4
41,5,1.643000,7
41,6,2.358000,7
41,7,2.282000,5
41,8,1.575000,5
41,9,1.674000,5
41,10,1.830000,5
41,11,2.053000,5
41,12,1.535000,4
41,13,1.615000,4
41,14,2.070000,5
41,15,1.896000,5
41,16,1.824000,5
41,17,2.252000,5
41,18,1.548000,5
41,19,1.257000,4
41,20,1.704000,4
41,21,2.329000,5
41,22,1.236000,4
41,23,1.705000,4
41,24,1.521000,4
41,25,2.282000,7
41,26,1.557000,4
41,27,1.244000,4
41,28,1.656000,4
41,29,2.040000,6
41,30,2.016000,5
41,31,1.802000,5
41,32,1.946000,6
41,33,2.248000,6
41,34,1.739000,6
41,35,1.421000,4
41,36,1.905000,6
41,37,1.700000,6
41,38,2.962000,11
41,39,2.306000,9
41,40,2.796000,8
41,41,1.708000,7
41,42,1.742000,12
41,43,1.976000,5
41,44,2.005000,6
41,45,3.076000,12
41,46,2.260000,7
41,47,2.282000,11
41,48,1.530000,12
41,49,2.958000,12
41,50,2.581000,7
41,51,2.392000,7
41,52,2.199000,7
41,53,1.929000,10
41,54,1.302000,8
41,55,2.282000,8
41,56,4.475000,21
41,57,4.103000,18
41,58,2.316000,19
41,59,1.172000,21
41,60,0.926000,20
41,61,5.926000,22
41,62,3.570000,19
41,63,2.355000,12
41,64,1.740000,17
41,65,0.747000,11
41,66,0.478000,11
41,67,2.341000,10
41,68,3.004000,10
41,69,3.578000,14
41,70,2.263000,14
41,71,1.082000,13
41,72,0.933000,14
41,73,3.260000,13
41,74,3.255000,14
41,75,3.466000,14
41,76,1.909000,10
41,77,1.292000,10
41,78,0.762000,11
41,79,3.359000,12
41,80,3.408000,15
41,81,4.472000,20
41,82,2.624000,28
41,83,1.103000,21
41,84,0.447000,23
41,85,1.567000,5
41,86,1.941000,6
41,87,1.935000,5
41,88,2.807000,11
41,89,1.449000,4
41,90,1.453000,4
41,91,1.499000,4
41,92,2.443000,5
41,93,1.803000,5
41,94,1.847000,6
41,95,3.840000,15
41,96,1.176000,6
42,1,3.232000,14
42,2,4.714000,22
42,3,1.608000,5
42,4,1.595000,5
42,5,1.477000,7
42,6,1.154000,7
42,7,2.252000,5
42,8,1.824000,5
42,9,1.738000,5
42,10,1.865000,5
42,11,2.104000,4
42,12,2.103000,9
42,13,1.973000,5
42,14,1.546000,5
42,15,1.303000,4
42,16,1.608000,4
42,17,2.008000,5
42,18,1.802000,5
42,19,2.030000,5
42,20,2.102000,5
42,21,1.768000,5
42,22,2.103000,5
42,23,1.962000,5
42,24,1.516000,5
42,25,1.753000,5
42,26,1.210000,5
42,27,1.529000,5
42,28,3.253000,7
42,29,1.802000,4
42,30,1.237000,4
42,31,1.979000,5
42,32,2.184000,7
42,33,2.084000,5
42,34,2.231000,6
42,35,1.632000,4
42,36,1.476000,5
42,37,1.588000,5
42,38,2.629000,11
42,39,2.087000,9
42,40,2.471000,10
42,41,2.209000,12
42,42,1.242000,7
42,43,1.767000,6
42,44,1.960000,6
42,45,1.912000,7
42,46,2.087000,7
42,47,3.060000,14
42,48,2.402000,16
42,49,2.233000,8
42,50,2.878000,8
42,51,4.333000,19
42,52,2.987000,17
42,53,1.893000,17
42,54,0.715000,19
42,55,2.201000,8
42,56,4.838000,19
42,57,2.918000,12
42,58,2.616000,15
42,59,1.470000,11
42,60,0.737000,12
42,61,3.369000,14
42,62,4.673000,20
42,63,3.810000,17
42,64,2.020000,18
42,65,0.757000,17
42,66,0.191000,11
42,67,2.771000,13
42,68,2.481000,12
42,69,2.804000,11
42,70,2.758000,11
42,71,2.038000,10
42,72,1.270000,11
42,73,2.537000,10
42,74,2.657000,10
42,75,2.867000,11
42,76,2.956000,13
42,77,1.971000,12
42,78,0.623000,9
42,79,3.535000,18
42,80,2.721000,13
42,81,3.179000,12
42,82,2.887000,12
42,83,1.860000,16
42,84,0.500000,8
42,85,4.155000,25
42,86,2.099000,7
42,87,2.231000,7
42,88,2.424000,6
42,89,1.313000,5
42,90,1.002000,5
42,91,1.422000,4
42,92,1.509000,4
42,93,1.240000,4
42,94,1.338000,4
42,95,3.775000,15
42,96,1.753000,6
43,1,2.160000,8
43,2,3.782000,21
43,3,4.504000,25
43,4,3.921000,26
43,5,1.827000,19
43,6,0.382000,8
43,7,4.544000,24
43,8,1.932000,6
43,9,1.905000,6
43,10,1.717000,6
43,11,1.287000,6
43,12,2.602000,26
43,13,1.760000,5
43,14,2.168000,5
43,15,1.905000,4
43,16,1.206000,4
43,17,1.709000,5
43,18,1.584000,5
43,19,1.820000,5
43,20,1.718000,5
43,21,1.927000,5
43,22,1.658000,5
43,23,1.946000,5
43,24,1.712000,5
43,25,1.711000,5
43,26,2.216000,5
43,27,1.508000,5
43,28,1.646000,5
43,29,1.521000,4
43,30,1.651000,4
43,31,1.802000,4
43,32,1.803000,5
43,33,1.878000,5
43,34,1.620000,5
43,35,1.354000,4
43,36,1.210000,4
43,37,1.936000,5
43,38,1.992000,7
43,39,1.945000,8
43,40,2.933000,9
43,41,1.744000,7
43,42,1.753000,9
43,43,5.914000,28
43,44,4.808000,27
43,45,1.755000,8
43,46,2.273000,18
43,47,1.569000,19
43,48,0.557000,18
43,49,4.223000,20
43,50,4.571000,21
43,51,3.398000,20
43,52,2.434000,18
43,53,1.315000,15
43,54,0.567000,18
43,55,3.367000,17
43,56,2.537000,12
43,57,3.729000,17
43,58,3.046000,18
43,59,2.307000,19
43,60,1.087000,10
43,61,2.381000,11
43,62,2.708000,10
43,63,2.624000,10
43,64,3.778000,19
43,65,1.532000,10
43,66,2.013000,14
43,67,2.655000,12
43,68,2.851000,12
43,69,2.210000,9
43,70,2.440000,8
43,71,1.691000,8
43,72,1.674000,12
43,73,2.043000,8
43,74,2.342000,8
43,75,2.440000,9
43,76,2.795000,12
43,77,2.315000,12
43,78,1.991000,14
43,79,4.175000,20
43,80,2.369000,9
43,81,2.108000,9
43,82,1.928000,10
43,83,1.434000,10
43,84,2.275000,21
43,85,3.673000,13
43,86,5.251000,26
43,87,2.459000,9
43,88,3.200000,25
43,89,0.859000,6
43,90,0.796000,6
43,91,2.287000,5
43,92,1.420000,4
43,93,1.527000,5
43,94,1.510000,4
43,95,3.646000,17
43,96,1.194000,6
44,1,3.531000,17
44,2,3.696000,19
44,3,4.257000,20
44,4,2.462000,18
44,5,2.895000,20
44,6,1.060000,22
44,7,3.720000,19
44,8,5.546000,26
44,9,1.975000,7
44,10,4.387000,26
44,11,1.752000,23
44,12,0.666000,21
44,13,4.908000,24
44,14,4.335000,22
44,15,1.546000,5
44,16,1.339000,5
44,17,1.765000,6
44,18,1.517000,6
44,19,2.038000,5
44,20,2.097000,6
44,21,1.884000,5
44,22,1.761000,5
44,23,1.940000,5
44,24,2.158000,6
44,25,4.628000,25
44,26,1.641000,5
44,27,1.381000,5
44,28,1.828000,7
44,29,1.721000,5
44,30,1.512000,5
44,31,1.821000,5
44,32,1.814000,5
44,33,1.145000,5
44,34,1.904000,6
44,35,1.923000,5
44,36,1.672000,5
44,37,2.058000,5
44,38,4.051000,21
44,39,2.934000,9
44,40,5.560000,29
44,41,2.239000,19
44,42,1.032000,20
44,43,3.870000,20
44,44,3.644000,20
44,45,3.859000,20
44,46,3.259000,20
44,47,1.956000,17
44,48,1.055000,19
44,49,3.688000,17
44,50,2.820000,15
44,51,2.583000,12
44,52,2.439000,12
44,53,2.612000,12
44,54,2.407000,18
44,55,3.212000,10
44,56,2.542000,11
44,57,2.686000,11
44,58,2.618000,11
44,59,3.362000,18
44,60,1.258000,7
44,61,3.402000,12
44,62,2.424000,8
44,63,2.392000,8
44,64,2.117000,9
44,65,2.221000,11
44,66,1.794000,9
44,67,3.052000,11
44,68,2.110000,9
44,69,2.405000,9
44,70,3.455000,19
44,71,2.453000,12
44,72,1.883000,9
44,73,3.212000,12
44,74,3.218000,12
44,75,2.519000,9
44,76,2.258000,9
44,77,2.579000,11
44,78,1.891000,11
44,79,2.784000,12
44,80,2.396000,12
44,81,2.646000,10
44,82,3.874000,20
44,83,2.565000,17
44,84,1.440000,9
44,85,2.810000,11
44,86,2.178000,10
44,87,4.996000,27
44,88,3.679000,20
44,89,1.372000,6
44,90,1.095000,5
44,91,1.678000,5
44,92,1.506000,4
44,93,1.171000,4
44,94,1.616000,4
44,95,3.764000,15
44,96,2.270000,6
45,1,2.014000,9
45,2,2.941000,13
45,3,2.451000,11
45,4,2.510000,10
45,5,2.272000,9
45,6,3.230000,17
45,7,4.937000,21
45,8,4.667000,19
45,9,4.819000,26
45,10,3.602000,20
45,11,1.910000,21
45,12,1.045000,18
45,13,4.247000,18
45,14,4.166000,21
45,15,6.535000,29
45,16,1.817000,8
45,17,2.271000,29
45,18,1.077000,23
45,19,5.084000,23
45,20,5.241000,24
45,21,5.571000,24
45,22,3.266000,24
45,23,1.930000,24
45,24,0.844000,24
45,25,4.300000,19
45,26,5.833000,24
45,27,5.064000,24
45,28,3.457000,23
45,29,1.899000,24
45,30,1.120000,24
45,31,4.964000,23
45,32,4.531000,23
45,33,4.862000,23
45,34,2.259000,8
45,35,1.642000,8
45,36,0.749000,6
45,37,5.146000,28
45,38,3.840000,19
45,39,4.647000,22
45,40,4.569000,23
45,41,1.861000,21
45,42,0.669000,8
45,43,4.104000,19
45,44,4.409000,20
45,45,3.665000,18
45,46,4.210000,19
45,47,1.960000,12
45,48,1.147000,12
45,49,4.306000,19
45,50,4.119000,19
45,51,2.034000,9
45,52,2.406000,9
45,53,3.033000,12
45,54,2.087000,12
45,55,3.907000,18
45,56,2.897000,11
45,57,2.906000,12
45,58,2.554000,10
45,59,1.980000,8
45,60,2.716000,11
45,61,2.872000,10
45,62,2.682000,10
45,63,4.301000,18
45,64,2.709000,11
45,65,2.832000,12
45,66,2.456000,12
45,67,3.342000,12
45,68,2.886000,12
45,69,3.234000,12
45,70,2.914000,12
45,71,2.784000,12
45,72,2.485000,12
45,73,3.371000,12
45,74,2.990000,12
45,75,3.404000,12
45,76,3.076000,12
45,77,3.109000,12
45,78,2.359000,12
45,79,2.703000,10
45,80,2.273000,9
45,81,2.739000,12
45,82,2.914000,11
45,83,2.355000,9
45,84,3.518000,16
45,85,2.746000,12
45,86,4.806000,21
45,87,2.421000,9
45,88,2.950000,13
45,89,1.743000,6
45,90,1.744000,6
45,91,4.668000,22
45,92,1.465000,5
45,93,1.792000,5
45,94,1.594000,5
45,95,3.510000,14
45,96,1.872000,6
46,1,3.392000,15
46,2,3.012000,13
46,3,2.262000,11
46,4,1.839000,7
46,5,3.586000,19
46,6,1.457000,9
46,7,4.023000,18
46,8,4.212000,18
46,9,2.134000,9
46,10,2.501000,11
46,11,2.302000,14
46,12,0.734000,8
46,13,4.908000,21
46,14,3.885000,20
46,15,3.750000,21
46,16,3.282000,24
46,17,0.941000,18
46,18,0.238000,18
46,19,2.795000,10
46,20,1.765000,7
46,21,1.721000,8
46,22,2.030000,8
46,23,1.911000,8
46,24,2.215000,8
46,25,1.703000,7
46,26,2.453000,7
46,27,1.984000,7
46,28,2.242000,7
46,29,2.144000,7
46,30,2.211000,7
46,31,2.158000,8
46,32,2.721000,10
46,33,3.908000,18
46,34,1.738000,7
46,35,1.991000,7
46,36,1.372000,5
46,37,4.368000,20
46,38,4.171000,21
46,39,2.690000,8
46,40,1.864000,7
46,41,2.443000,16
46,42,1.196000,21
46,43,3.424000,17
46,44,2.846000,12
46,45,2.593000,11
46,46,2.266000,7
46,47,2.053000,12
46,48,0.766000,10
46,49,2.334000,9
46,50,3.112000,12
46,51,2.448000,11
46,52,3.756000,19
46,53,1.798000,7
46,54,1.894000,10
46,55,2.302000,11
46,56,2.670000,10
46,57,2.853000,12
46,58,2.211000,10
46,59,2.379000,12
46,60,2.247000,9
46,61,1.607000,6
46,62,2.847000,11
46,63,2.616000,12
46,64,3.137000,12
46,65,2.947000,12
46,66,2.102000,12
46,67,3.233000,12
46,68,3.247000,12
46,69,2.999000,12
46,70,2.647000,12
46,71,2.239000,12
46,72,1.401000,12
46,73,3.627000,12
46,74,3.210000,12
46,75,3.294000,12
46,76,2.765000,12
46,77,2.250000,12
46,78,1.015000,12
46,79,2.843000,12
46,80,2.673000,12
46,81,2.514000,13
46,82,2.366000,9
46,83,2.686000,11
46,84,2.075000,14
46,85,2.357000,12
46,86,2.961000,11
46,87,2.265000,10
46,88,2.465000,10
46,89,1.606000,6
46,90,1.758000,7
46,91,2.060000,7
46,92,1.548000,5
46,93,1.803000,5
46,94,1.781000,6
46,95,3.573000,15
46,96,2.038000,6
47,1,3.226000,15
47,2,2.480000,9
47,3,2.616000,10
47,4,2.200000,11
47,5,2.429000,11
47,6,1.985000,11
47,7,2.220000,7
47,8,2.419000,9
47,9,2.729000,12
47,10,4.243000,19
47,11,1.716000,10
47,12,2.073000,12
47,13,1.673000,7
47,14,2.215000,7
47,15,2.025000,7
47,16,1.780000,7
47,17,2.598000,9
47,18,3.828000,20
47,19,3.599000,20
47,20,4.029000,19
47,21,3.458000,18
47,22,3.906000,20
47,23,1.338000,22
47,24,0.366000,19
47,25,4.527000,19
47,26,3.861000,19
47,27,4.171000,20
47,28,2.900000,19
47,29,1.101000,18
47,30,0.439000,19
47,31,3.665000,20
47,32,4.703000,21
47,33,3.838000,21
47,34,1.548000,5
47,35,1.496000,5
47,36,1.341000,25
47,37,2.092000,7
47,38,1.946000,7
47,39,1.609000,7
47,40,4.138000,19
47,41,3.639000,20
47,42,2.533000,21
47,43,2.300000,9
47,44,2.478000,11
47,45,2.454000,11
47,46,2.040000,6
47,47,3.231000,11
47,48,1.976000,9
47,49,2.295000,11
47,50,2.293000,9
47,51,2.227000,10
47,52,2.297000,11
47,53,3.175000,12
47,54,1.550000,7
47,55,2.498000,9
47,56,2.357000,11
47,57,2.570000,10
47,58,1.562000,6
47,59,2.058000,9
47,60,1.376000,6
47,61,1.768000,6
47,62,1.977000,10
47,63,3.091000,12
47,64,2.782000,12
47,65,2.864000,12
47,66,2.362000,12
47,67,3.092000,12
47,68,3.024000,12
47,69,3.079000,12
47,70,3.318000,12
47,71,2.607000,12
47,72,1.084000,10
47,73,3.226000,12
47,74,3.005000,12
47,75,3.079000,12
47,76,2.791000,12
47,77,2.710000,12
47,78,1.306000,12
47,79,2.718000,12
47,80,2.984000,12
47,81,3.117000,12
47,82,2.759000,13
47,83,2.028000,9
47,84,2.095000,15
47,85,3.016000,14
47,86,2.511000,10
47,87,2.021000,7
47,88,2.178000,7
47,89,1.244000,4
47,90,1.386000,5
47,91,2.007000,7
47,92,1.198000,4
47,93,1.216000,4
47,94,2.056000,5
47,95,2.536000,13
47,96,2.237000,6
48,1,3.128000,14
48,2,2.090000,10
48,3,2.294000,10
48,4,2.583000,10
48,5,1.546000,9
48,6,2.376000,11
48,7,1.596000,7
48,8,2.315000,11
48,9,1.868000,7
48,10,2.281000,7
48,11,2.909000,13
48,12,3.236000,15
48,13,3.452000,17
48,14,2.681000,10
48,15,2.719000,10
48,16,2.048000,7
48,17,2.279000,7
48,18,1.243000,7
48,19,1.683000,7
48,20,2.617000,11
48,21,1.977000,7
48,22,2.679000,11
48,23,2.324000,9
48,24,3.518000,20
48,25,3.847000,20
48,26,4.079000,20
48,27,3.802000,20
48,28,2.128000,8
48,29,1.194000,7
48,30,0.876000,11
48,31,2.130000,7
48,32,2.159000,7
48,33,2.095000,7
48,34,1.688000,6
48,35,2.193000,6
48,36,2.757000,11
48,37,2.168000,11
48,38,2.418000,13
48,39,3.650000,18
48,40,2.435000,10
48,41,1.464000,7
48,42,0.781000,6
48,43,2.747000,10
48,44,2.153000,11
48,45,3.169000,12
48,46,3.915000,19
48,47,2.485000,11
48,48,0.987000,14
48,49,2.098000,10
48,50,2.047000,10
48,51,2.433000,7
48,52,1.927000,10
48,53,2.523000,11
48,54,2.405000,10
48,55,2.633000,12
48,56,1.915000,6
48,57,2.312000,10
48,58,2.612000,10
48,59,2.357000,10
48,60,1.910000,6
48,61,1.565000,6
48,62,3.179000,10
48,63,3.044000,12
48,64,3.243000,12
48,65,3.029000,12
48,66,1.413000,12
48,67,2.990000,12
48,68,3.141000,12
48,69,2.933000,12
48,70,2.932000,12
48,71,2.481000,12
48,72,1.132000,10
48,73,2.696000,12
48,74,2.964000,12
48,75,3.085000,12
48,76,3.187000,12
48,77,2.357000,12
48,78,1.202000,12
48,79,2.804000,12
48,80,2.985000,12
48,81,3.205000,12
48,82,3.108000,12
48,83,2.082000,14
48,84,0.811000,10
48,85,3.076000,14
48,86,2.176000,10
48,87,2.342000,10
48,88,2.735000,11
48,89,1.217000,4
48,90,1.972000,6
48,91,2.106000,7
48,92,1.865000,5
48,93,1.259000,4
48,94,1.674000,4
48,95,2.533000,8
48,96,1.711000,6
49,1,2.944000,14
49,2,2.670000,11
49,3,3.498000,11
49,4,2.048000,9
49,5,2.021000,9
49,6,1.595000,12
49,7,2.172000,9
49,8,2.645000,11
49,9,2.316000,11
49,10,2.307000,7
49,11,1.813000,7
49,12,1.849000,8
49,13,4.384000,21
49,14,2.118000,9
49,15,3.243000,16
49,16,3.757000,21
49,17,2.044000,21
49,18,0.223000,11
49,19,2.122000,7
49,20,2.048000,7
49,21,1.852000,7
49,22,2.180000,7
49,23,1.766000,7
49,24,2.262000,7
49,25,2.120000,7
49,26,1.620000,7
49,27,1.966000,7
49,28,1.763000,7
49,29,2.208000,7
49,30,2.235000,7
49,31,1.857000,7
49,32,2.996000,11
49,33,2.519000,12
49,34,4.868000,24
49,35,1.496000,6
49,36,1.677000,16
49,37,2.491000,9
49,38,2.841000,12
49,39,2.102000,11
49,40,2.224000,9
49,41,2.166000,7
49,42,1.521000,7
49,43,1.932000,7
49,44,1.859000,9
49,45,2.685000,12
49,46,1.860000,7
49,47,2.403000,10
49,48,1.703000,10
49,49,1.710000,7
49,50,1.912000,7
49,51,2.613000,11
49,52,2.209000,10
49,53,2.531000,11
49,54,2.258000,10
49,55,2.570000,10
49,56,2.981000,10
49,57,3.267000,10
49,58,2.357000,10
49,59,1.750000,10
49,60,0.958000,6
49,61,1.573000,6
49,62,2.575000,10
49,63,2.707000,12
49,64,3.529000,12
49,65,2.405000,12
49,66,2.146000,12
49,67,3.190000,12
49,68,3.425000,12
49,69,3.291000,12
49,70,2.915000,12
49,71,1.785000,12
49,72,0.958000,10
49,73,2.711000,12
49,74,3.028000,12
49,75,3.339000,12
49,76,2.908000,12
49,77,2.071000,12
49,78,1.054000,12
49,79,3.080000,12
49,80,3.230000,12
49,81,2.677000,12
49,82,2.882000,12
49,83,1.937000,13
49,84,1.054000,9
49,85,3.080000,12
49,86,2.661000,7
49,87,2.355000,10
49,88,2.958000,12
49,89,1.898000,6
49,90,1.208000,7
49,91,2.269000,7
49,92,1.427000,5
49,93,2.231000,7
49,94,1.510000,4
49,95,3.626000,15
49,96,1.257000,5
50,1,2.786000,13
50,2,2.682000,13
50,3,2.294000,10
50,4,2.625000,10
50,5,2.147000,9
50,6,2.052000,8
50,7,2.103000,9
50,8,2.276000,11
50,9,2.299000,11
50,10,2.434000,10
50,11,2.405000,11
50,12,2.031000,11
50,13,2.330000,7
50,14,1.988000,7
50,15,2.042000,8
50,16,2.152000,7
50,17,2.518000,12
50,18,3.206000,18
50,19,3.594000,19
50,20,3.682000,20
50,21,3.405000,19
50,22,1.964000,8
50,23,2.006000,11
50,24,1.068000,12
50,25,2.852000,12
50,26,2.634000,12
50,27,2.615000,12
50,28,1.834000,7
50,29,3.742000,20
50,30,2.006000,18
50,31,3.587000,17
50,32,3.684000,18
50,33,4.059000,16
50,34,3.074000,19
50,35,0.686000,5
50,36,0.308000,8
50,37,2.708000,10
50,38,1.977000,10
50,39,2.220000,6
50,40,2.633000,8
50,41,3.043000,13
50,42,1.543000,7
50,43,3.174000,11
50,44,2.148000,10
50,45,1.960000,8
50,46,1.145000,6
50,47,1.991000,7
50,48,2.056000,7
50,49,3.150000,12
50,50,2.332000,10
50,51,2.376000,10
50,52,2.423000,10
50,53,1.817000,7
50,54,1.639000,6
50,55,2.330000,10
50,56,2.832000,10
50,57,2.097000,10
50,58,2.170000,10
50,59,2.072000,10
50,60,1.912000,6
50,61,1.557000,6
50,62,2.425000,10
50,63,2.825000,12
50,64,2.711000,12
50,65,2.971000,12
50,66,2.312000,12
50,67,3.425000,12
50,68,3.063000,12
50,69,3.158000,12
50,70,2.868000,12
50,71,2.406000,12
50,72,0.861000,10
50,73,2.926000,12
50,74,3.378000,12
50,75,2.524000,12
50,76,2.904000,12
50,77,2.610000,12
50,78,1.357000,12
50,79,3.425000,12
50,80,2.840000,12
50,81,2.664000,12
50,82,2.515000,12
50,83,1.630000,13
50,84,0.351000,13
50,85,2.932000,9
50,86,2.179000,10
50,87,2.171000,10
50,88,2.123000,9
50,89,4.709000,28
50,90,0.756000,5
50,91,4.173000,21
50,92,1.885000,7
50,93,1.560000,5
50,94,1.455000,5
50,95,2.485000,9
50,96,2.037000,7
51,1,2.411000,9
51,2,2.772000,14
51,3,1.862000,8
51,4,2.756000,12
51,5,2.920000,11
51,6,2.018000,10
51,7,2.887000,11
51,8,2.588000,13
51,9,1.991000,10
51,10,2.007000,7
51,11,2.519000,12
51,12,2.424000,12
51,13,2.582000,10
51,14,2.111000,10
51,15,2.738000,12
51,16,2.541000,11
51,17,2.682000,11
51,18,1.604000,7
51,19,2.009000,7
51,20,3.951000,20
51,21,3.781000,19
51,22,2.209000,12
51,23,1.548000,19
51,24,0.254000,13
51,25,3.782000,16
51,26,2.994000,13
51,27,3.388000,16
51,28,3.287000,17
51,29,1.819000,17
51,30,0.447000,19
51,31,2.416000,9
51,32,2.253000,13
51,33,1.925000,7
51,34,1.661000,7
51,35,1.729000,6
51,36,2.612000,12
51,37,2.598000,12
51,38,2.668000,7
51,39,1.672000,9
51,40,3.518000,17
51,41,2.284000,9
51,42,2.616000,21
51,43,2.320000,9
51,44,2.710000,12
51,45,2.546000,12
51,46,1.656000,6
51,47,2.390000,11
51,48,2.031000,8
51,49,1.542000,7
51,50,2.926000,10
51,51,2.416000,9
51,52,2.582000,11
51,53,2.550000,11
51,54,1.877000,9
51,55,2.582000,11
51,56,2.085000,9
51,57,2.308000,9
51,58,2.308000,9
51,59,2.753000,11
51,60,2.239000,10
51,61,2.413000,9
51,62,2.117000,6
51,63,2.209000,9
51,64,2.550000,9
51,65,2.612000,9
51,66,1.270000,9
51,67,2.212000,9
51,68,2.642000,11
51,69,2.045000,11
51,70,2.240000,11
51,71,3.334000,11
51,72,1.930000,11
51,73,2.585000,11
51,74,2.451000,11
51,75,2.546000,11
51,76,2.391000,11
51,77,2.715000,11
51,78,2.056000,11
51,79,1.764000,6
51,80,2.405000,9
51,81,2.003000,9
51,82,2.515000,9
51,83,2.327000,10
51,84,2.985000,15
51,85,3.100000,13
51,86,3.377000,12
51,87,1.765000,9
51,88,3.581000,14
51,89,2.505000,14
51,90,0.576000,5
51,91,2.688000,12
51,92,1.672000,5
51,93,1.796000,5
51,94,1.417000,5
51,95,3.104000,15
51,96,1.932000,7
52,1,2.770000,13
52,2,2.791000,12
52,3,2.644000,11
52,4,2.599000,12
52,5,2.215000,11
52,6,2.228000,11
52,7,2.770000,10
52,8,2.646000,11
52,9,2.946000,14
52,10,3.318000,13
52,11,2.887000,13
52,12,1.004000,12
52,13,2.587000,11
52,14,1.718000,7
52,15,2.619000,12
52,16,2.342000,10
52,17,2.390000,11
52,18,1.228000,7
52,19,2.770000,11
52,20,2.869000,11
52,21,2.294000,10
52,22,2.663000,10
52,23,2.130000,11
52,24,2.361000,11
52,25,2.467000,11
52,26,2.665000,11
52,27,2.953000,11
52,28,2.822000,11
52,29,2.275000,10
52,30,1.941000,10
52,31,2.764000,11
52,32,2.088000,7
52,33,1.880000,7
52,34,2.453000,11
52,35,1.644000,6
52,36,2.695000,12
52,37,2.442000,12
52,38,1.702000,7
52,39,3.043000,12
52,40,3.526000,16
52,41,2.339000,10
52,42,1.899000,11
52,43,2.562000,12
52,44,2.684000,12
52,45,2.637000,12
52,46,1.385000,6
52,47,2.425000,9
52,48,2.364000,7
52,49,2.734000,11
52,50,1.865000,8
52,51,2.813000,11
52,52,2.886000,11
52,53,2.613000,11
52,54,2.173000,9
52,55,2.932000,11
52,56,2.439000,9
52,57,2.261000,9
52,58,2.578000,9
52,59,2.206000,10
52,60,2.465000,11
52,61,2.734000,10
52,62,2.136000,6
52,63,2.694000,11
52,64,2.678000,10
52,65,2.132000,10
52,66,2.270000,10
52,67,2.566000,10
52,68,2.363000,10
52,69,3.039000,10
52,70,2.519000,10
52,71,2.521000,10
52,72,2.317000,11
52,73,2.764000,10
52,74,2.455000,10
52,75,2.979000,10
52,76,2.583000,10
52,77,2.358000,10
52,78,1.623000,10
52,79,2.043000,6
52,80,2.226000,10
52,81,2.566000,10
52,82,2.454000,10
52,83,2.735000,11
52,84,1.959000,7
52,85,3.442000,14
52,86,3.065000,13
52,87,2.780000,12
52,88,2.602000,13
52,89,2.708000,15
52,90,0.638000,5
52,91,2.552000,10
52,92,1.315000,5
52,93,2.318000,7
52,94,1.594000,5
52,95,4.073000,17
52,96,2.488000,8
53,1,3.322000,13
53,2,3.217000,14
53,3,3.282000,12
53,4,2.629000,12
53,5,2.373000,11
53,6,0.559000,10
53,7,2.463000,11
53,8,3.518000,11
53,9,2.584000,11
53,10,3.006000,14
53,11,2.518000,13
53,12,0.367000,13
53,13,2.109000,11
53,14,2.334000,10
53,15,2.772000,12
53,16,2.664000,10
53,17,2.765000,12
53,18,1.998000,10
53,19,2.699000,11
53,20,2.568000,11
53,21,2.989000,11
53,22,2.478000,11
53,23,2.249000,11
53,24,2.105000,10
53,25,2.631000,11
53,26,2.789000,11
53,27,2.390000,11
53,28,2.558000,10
53,29,2.295000,11
53,30,2.027000,7
53,31,2.583000,12
53,32,2.485000,10
53,33,2.789000,11
53,34,2.590000,12
53,35,1.935000,6
53,36,2.316000,12
53,37,1.608000,7
53,38,2.757000,12
53,39,2.548000,9
53,40,3.788000,17
53,41,2.185000,7
53,42,1.865000,8
53,43,2.777000,12
53,44,2.643000,12
53,45,2.674000,12
53,46,1.551000,6
53,47,1.848000,7
53,48,2.709000,13
53,49,3.018000,9
53,50,2.580000,11
53,51,2.822000,11
53,52,2.895000,11
53,53,2.182000,11
53,54,1.195000,9
53,55,1.895000,11
53,56,2.215000,9
53,57,2.644000,9
53,58,2.295000,9
53,59,2.720000,11
53,60,2.198000,9
53,61,2.109000,11
53,62,1.787000,6
53,63,2.666000,10
53,64,2.839000,10
53,65,2.354000,10
53,66,2.519000,10
53,67,2.497000,10
53,68,2.374000,10
53,69,2.742000,10
53,70,3.190000,10
53,71,2.151000,10
53,72,1.823000,11
53,73,2.270000,10
53,74,2.171000,10
53,75,2.797000,10
53,76,1.993000,10
53,77,2.851000,10
53,78,2.040000,10
53,79,1.210000,6
53,80,2.486000,10
53,81,1.770000,6
53,82,1.895000,6
53,83,2.674000,11
53,84,2.415000,11
53,85,2.907000,13
53,86,3.377000,15
53,87,2.600000,12
53,88,3.101000,14
53,89,2.933000,15
53,90,0.376000,5
53,91,1.854000,7
53,92,1.904000,5
53,93,1.682000,7
53,94,1.704000,5
53,95,2.759000,11
53,96,1.761000,7
54,1,2.777000,12
54,2,3.531000,13
54,3,3.544000,14
54,4,2.640000,12
54,5,2.449000,11
54,6,0.891000,8
54,7,2.519000,10
54,8,2.869000,11
54,9,2.637000,11
54,10,2.652000,11
54,11,2.902000,14
54,12,2.120000,13
54,13,2.989000,15
54,14,2.665000,11
54,15,2.908000,12
54,16,1.816000,7
54,17,2.392000,12
54,18,2.111000,11
54,19,2.549000,10
54,20,2.750000,11
54,21,2.081000,10
54,22,2.432000,10
54,23,2.407000,12
54,24,2.505000,11
54,25,2.787000,12
54,26,2.540000,11
54,27,2.558000,11
54,28,1.873000,7
54,29,1.989000,11
54,30,2.246000,10
54,31,1.816000,7
54,32,2.910000,12
54,33,3.012000,12
54,34,2.589000,12
54,35,1.572000,6
54,36,1.760000,7
54,37,2.575000,12
54,38,2.479000,9
54,39,4.294000,20
54,40,2.486000,12
54,41,2.161000,9
54,42,1.319000,6
54,43,2.787000,13
54,44,2.445000,12
54,45,2.779000,9
54,46,1.665000,6
54,47,1.862000,7
54,48,2.163000,9
54,49,2.777000,11
54,50,2.919000,11
54,51,2.599000,11
54,52,2.605000,11
54,53,3.093000,11
54,54,1.718000,9
54,55,2.787000,11
54,56,2.496000,9
54,57,2.962000,11
54,58,3.157000,11
54,59,2.376000,10
54,60,1.927000,11
54,61,2.437000,10
54,62,2.256000,6
54,63,2.104000,10
54,64,2.715000,10
54,65,2.354000,10
54,66,2.315000,10
54,67,2.065000,10
54,68,2.461000,10
54,69,2.792000,10
54,70,2.764000,10
54,71,2.256000,10
54,72,2.406000,11
54,73,2.517000,10
54,74,2.669000,10
54,75,2.615000,10
54,76,2.842000,10
54,77,2.934000,10
54,78,2.100000,10
54,79,1.650000,6
54,80,2.290000,10
54,81,1.705000,6
54,82,2.334000,8
54,83,2.844000,10
54,84,3.117000,12
54,85,2.779000,12
54,86,3.125000,15
54,87,2.946000,12
54,88,3.453000,14
54,89,3.009000,15
54,90,0.230000,6
54,91,2.597000,12
54,92,2.007000,7
54,93,5.697000,28
54,94,3.700000,26
54,95,0.321000,11
54,96,0.413000,30
55,1,3.149000,14
55,2,1.836000,8
55,3,3.450000,15
55,4,3.120000,12
55,5,2.678000,11
55,6,1.869000,12
55,7,2.210000,7
55,8,2.727000,11
55,9,2.302000,11
55,10,2.628000,9
55,11,2.642000,11
55,12,2.728000,14
55,13,3.234000,14
55,14,2.631000,10
55,15,2.878000,12
55,16,2.309000,11
55,17,2.813000,12
55,18,1.831000,11
55,19,2.758000,11
55,20,2.359000,10
55,21,2.187000,10
55,22,2.405000,10
55,23,2.763000,12
55,24,2.169000,11
55,25,3.055000,12
55,26,2.248000,11
55,27,2.048000,11
55,28,4.856000,10
55,29,1.945000,7
55,30,1.632000,11
55,31,2.786000,11
55,32,2.519000,12
55,33,2.794000,12
55,34,3.074000,12
55,35,1.575000,6
55,36,2.609000,14
55,37,2.370000,9
55,38,2.121000,10
55,39,2.019000,10
55,40,2.480000,11
55,41,2.706000,12
55,42,1.566000,6
55,43,2.791000,12
55,44,2.344000,12
55,45,2.427000,9
55,46,2.038000,7
55,47,3.142000,13
55,48,1.930000,9
55,49,2.616000,11
55,50,2.533000,11
55,51,3.109000,11
55,52,2.723000,11
55,53,2.772000,11
55,54,1.876000,11
55,55,2.786000,11
55,56,1.979000,9
55,57,2.335000,11
55,58,2.595000,10
55,59,2.675000,11
55,60,2.136000,10
55,61,2.535000,11
55,62,1.577000,6
55,63,2.321000,10
55,64,2.612000,10
55,65,2.881000,10
55,66,2.433000,10
55,67,2.521000,10
55,68,2.761000,10
55,69,3.364000,10
55,70,2.680000,10
55,71,2.552000,10
55,72,1.463000,11
55,73,3.486000,10
55,74,2.879000,10
55,75,2.676000,10
55,76,2.500000,10
55,77,2.660000,10
55,78,1.657000,10
55,79,1.796000,6
55,80,2.514000,10
55,81,1.880000,6
55,82,2.574000,10
55,83,2.342000,11
55,84,3.075000,16
55,85,3.113000,13
55,86,2.769000,11
55,87,2.931000,12
55,88,3.183000,14
55,89,3.176000,14
55,90,0.670000,5
55,91,3.007000,12
55,92,1.403000,5
55,93,3.167000,14
55,94,3.397000,13
55,95,4.174000,22
55,96,0.919000,8
56,1,3.016000,14
56,2,3.473000,14
56,3,2.778000,14
56,4,2.947000,12
56,5,2.596000,7
56,6,1.484000,9
56,7,2.774000,11
56,8,2.697000,12
56,9,2.858000,12
56,10,3.353000,12
56,11,2.680000,11
56,12,2.190000,11
56,13,2.700000,12
56,14,3.285000,15
56,15,3.018000,15
56,16,2.882000,12
56,17,2.471000,9
56,18,2.264000,12
56,19,3.016000,12
56,20,2.756000,12
56,21,2.219000,12
56,22,2.837000,12
56,23,2.770000,12
56,24,2.819000,12
56,25,2.420000,12
56,26,2.838000,12
56,27,2.203000,12
56,28,2.641000,12
56,29,2.616000,11
56,30,3.220000,12
56,31,2.540000,12
56,32,3.449000,12
56,33,2.235000,12
56,34,2.343000,9
56,35,1.392000,5
56,36,2.381000,12
56,37,2.102000,9
56,38,2.809000,12
56,39,2.409000,13
56,40,3.237000,15
56,41,2.588000,11
56,42,2.195000,10
56,43,3.729000,15
56,44,2.909000,9
56,45,2.011000,9
56,46,2.756000,10
56,47,2.506000,11
56,48,2.570000,11
56,49,2.455000,11
56,50,2.885000,11
56,51,2.203000,11
56,52,2.891000,11
56,53,2.805000,11
56,54,2.485000,9
56,55,2.437000,11
56,56,2.854000,11
56,57,2.305000,11
56,58,2.193000,9
56,59,3.223000,11
56,60,2.295000,9
56,61,3.013000,9
56,62,1.898000,6
56,63,2.745000,9
56,64,3.072000,11
56,65,2.039000,9
56,66,2.198000,9
56,67,2.150000,9
56,68,2.375000,9
56,69,2.237000,9
56,70,2.548000,9
56,71,2.999000,9
56,72,1.640000,6
56,73,2.788000,11
56,74,2.585000,9
56,75,2.105000,9
56,76,2.170000,9
56,77,3.178000,11
56,78,2.881000,11
56,79,2.725000,11
56,80,3.189000,11
56,81,2.415000,11
56,82,2.934000,9
56,83,3.320000,11
56,84,2.082000,14
56,85,3.409000,14
56,86,2.720000,13
56,87,2.895000,13
56,88,3.122000,14
56,89,3.398000,14
56,90,0.637000,5
56,91,3.013000,14
56,92,4.737000,23
56,93,2.920000,12
56,94,2.767000,13
56,95,3.042000,22
56,96,0.116000,8
57,1,2.511000,10
57,2,3.967000,19
57,3,2.996000,13
57,4,2.935000,12
57,5,2.850000,12
57,6,0.769000,9
57,7,2.691000,11
57,8,2.512000,12
57,9,3.214000,12
57,10,2.055000,10
57,11,2.491000,11
57,12,2.197000,12
57,13,2.424000,10
57,14,2.922000,14
57,15,2.645000,12
57,16,2.391000,12
57,17,1.920000,9
57,18,2.649000,12
57,19,2.573000,12
57,20,2.893000,11
57,21,2.340000,11
57,22,2.519000,11
57,23,3.079000,12
57,24,2.260000,12
57,25,2.131000,12
57,26,2.666000,12
57,27,2.296000,12
57,28,3.072000,12
57,29,2.921000,12
57,30,2.149000,12
57,31,2.775000,12
57,32,2.914000,12
57,33,2.823000,9
57,34,1.941000,7
57,35,1.947000,5
57,36,2.327000,9
57,37,2.615000,11
57,38,2.738000,12
57,39,2.515000,12
57,40,2.982000,15
57,41,3.046000,12
57,42,1.540000,9
57,43,3.305000,15
57,44,2.324000,9
57,45,2.727000,11
57,46,2.359000,12
57,47,3.190000,13
57,48,1.930000,11
57,49,2.360000,11
57,50,2.541000,11
57,51,3.220000,11
57,52,2.296000,11
57,53,2.154000,11
57,54,2.008000,9
57,55,2.490000,11
57,56,2.515000,11
57,57,2.066000,9
57,58,1.994000,9
57,59,2.712000,11
57,60,2.325000,9
57,61,2.462000,9
57,62,1.742000,6
57,63,2.330000,9
57,64,2.583000,11
57,65,1.913000,9
57,66,2.041000,9
57,67,2.227000,9
57,68,2.339000,9
57,69,2.822000,11
57,70,3.046000,11
57,71,2.593000,11
57,72,0.468000,6
57,73,3.020000,11
57,74,2.772000,11
57,75,2.730000,11
57,76,2.491000,9
57,77,2.233000,9
57,78,1.847000,9
57,79,2.091000,9
57,80,3.192000,11
57,81,2.695000,11
57,82,2.407000,9
57,83,3.032000,11
57,84,2.232000,12
57,85,2.768000,12
57,86,3.261000,14
57,87,2.967000,13
57,88,2.863000,14
57,89,3.222000,14
57,90,0.884000,7
57,91,3.212000,15
57,92,2.659000,12
57,93,2.393000,9
57,94,2.790000,11
57,95,2.886000,13
57,96,0.507000,8
58,1,2.916000,13
58,2,4.044000,19
58,3,3.409000,14
58,4,2.837000,14
58,5,2.776000,12
58,6,0.605000,9
58,7,2.722000,11
58,8,2.738000,12
58,9,2.513000,12
58,10,2.152000,11
58,11,2.440000,11
58,12,2.388000,12
58,13,2.488000,11
58,14,2.309000,11
58,15,3.183000,14
58,16,3.525000,15
58,17,2.660000,12
58,18,1.769000,8
58,19,2.585000,12
58,20,2.696000,12
58,21,2.708000,12
58,22,2.472000,12
58,23,2.351000,12
58,24,1.752000,12
58,25,2.927000,14
58,26,3.007000,12
58,27,2.497000,12
58,28,2.381000,12
58,29,2.549000,12
58,30,2.521000,12
58,31,2.959000,12
58,32,2.389000,9
58,33,2.058000,9
58,34,2.288000,11
58,35,4.511000,27
58,36,0.628000,11
58,37,2.724000,12
58,38,2.594000,12
58,39,3.741000,12
58,40,4.315000,17
58,41,2.460000,11
58,42,0.688000,10
58,43,2.483000,9
58,44,2.675000,9
58,45,2.641000,12
58,46,2.600000,13
58,47,3.487000,14
58,48,2.169000,11
58,49,2.488000,11
58,50,2.484000,11
58,51,2.671000,11
58,52,3.163000,11
58,53,2.661000,11
58,54,1.950000,9
58,55,2.736000,11
58,56,2.291000,9
58,57,1.888000,9
58,58,2.151000,9
58,59,2.515000,11
58,60,2.350000,9
58,61,2.481000,9
58,62,1.687000,6
58,63,2.167000,9
58,64,2.373000,11
58,65,2.565000,9
58,66,2.642000,9
58,67,2.483000,9
58,68,2.519000,11
58,69,2.800000,10
58,70,3.140000,10
58,71,2.685000,10
58,72,1.490000,6
58,73,2.481000,10
58,74,2.643000,10
58,75,2.474000,10
58,76,2.647000,11
58,77,2.469000,9
58,78,2.755000,9
58,79,2.373000,9
58,80,2.851000,11
58,81,2.639000,11
58,82,2.828000,11
58,83,2.994000,11
58,84,2.412000,14
58,85,2.722000,12
58,86,3.079000,14
58,87,3.359000,14
58,88,3.173000,14
58,89,3.051000,15
58,90,0.952000,7
58,91,3.222000,15
58,92,2.868000,14
58,93,2.631000,11
58,94,2.695000,12
58,95,2.771000,14
58,96,1.776000,8
59,1,3.143000,14
59,2,3.308000,13
59,3,3.164000,13
59,4,3.137000,15
59,5,2.646000,13
59,6,0.589000,7
59,7,2.474000,11
59,8,2.390000,12
59,9,2.895000,12
59,10,2.327000,11
59,11,2.722000,12
59,12,2.361000,12
59,13,2.313000,10
59,14,2.427000,11
59,15,2.894000,14
59,16,2.346000,13
59,17,3.136000,14
59,18,2.136000,12
59,19,2.121000,8
59,20,2.566000,12
59,21,2.630000,12
59,22,2.167000,11
59,23,2.882000,15
59,24,1.355000,12
59,25,3.176000,15
59,26,2.615000,12
59,27,2.764000,12
59,28,2.573000,12
59,29,2.334000,12
59,30,1.592000,12
59,31,2.233000,9
59,32,1.718000,9
59,33,2.678000,14
59,34,2.410000,11
59,35,2.994000,15
59,36,2.538000,11
59,37,2.632000,12
59,38,2.810000,12
59,39,2.295000,10
59,40,3.696000,17
59,41,2.164000,11
59,42,1.769000,9
59,43,2.297000,9
59,44,1.842000,9
59,45,2.535000,13
59,46,2.958000,12
59,47,2.835000,14
59,48,2.389000,11
59,49,2.840000,11
59,50,2.755000,11
59,51,2.423000,11
59,52,2.504000,11
59,53,2.716000,11
59,54,1.752000,9
59,55,2.760000,11
59,56,1.950000,9
59,57,2.230000,9
59,58,1.984000,9
59,59,3.105000,11
59,60,2.516000,9
59,61,2.644000,9
59,62,1.634000,6
59,63,2.567000,9
59,64,2.600000,11
59,65,2.214000,9
59,66,2.693000,11
59,67,2.795000,11
59,68,2.548000,10
59,69,2.535000,11
59,70,1.998000,6
59,71,1.959000,6
59,72,1.639000,6
59,73,1.789000,6
59,74,1.497000,6
59,75,1.690000,6
59,76,2.758000,10
59,77,2.056000,9
59,78,2.452000,9
59,79,2.791000,11
59,80,2.812000,11
59,81,2.439000,11
59,82,2.700000,11
59,83,2.996000,12
59,84,1.912000,13
59,85,2.634000,11
59,86,3.320000,14
59,87,3.085000,15
59,88,2.947000,14
59,89,2.947000,15
59,90,1.213000,25
59,91,2.788000,13
59,92,3.183000,14
59,93,2.527000,10
59,94,2.825000,11
59,95,2.488000,14
59,96,0.637000,8
60,1,3.149000,15
60,2,3.369000,15
60,3,3.428000,16
60,4,2.454000,13
60,5,2.808000,14
60,6,0.576000,12
60,7,2.355000,11
60,8,3.342000,13
60,9,3.158000,12
60,10,3.023000,11
60,11,2.585000,12
60,12,1.547000,12
60,13,2.634000,10
60,14,2.539000,10
60,15,2.708000,11
60,16,2.726000,14
60,17,2.199000,9
60,18,2.553000,12
60,19,2.399000,12
60,20,1.952000,7
60,21,2.728000,13
60,22,2.297000,12
60,23,2.164000,9
60,24,3.159000,12
60,25,2.103000,9
60,26,2.541000,12
60,27,2.393000,12
60,28,2.423000,12
60,29,2.700000,12
60,30,1.770000,9
60,31,1.967000,8
60,32,3.226000,12
60,33,2.894000,13
60,34,3.104000,13
60,35,2.980000,12
60,36,1.867000,11
60,37,2.636000,12
60,38,2.850000,12
60,39,2.004000,6
60,40,3.396000,17
60,41,2.312000,11
60,42,1.754000,10
60,43,2.221000,9
60,44,2.227000,9
60,45,2.999000,13
60,46,2.868000,11
60,47,2.578000,13
60,48,2.234000,11
60,49,3.145000,11
60,50,3.091000,11
60,51,2.453000,11
60,52,2.283000,11
60,53,2.743000,11
60,54,1.436000,9
60,55,2.636000,11
60,56,2.484000,9
60,57,2.089000,9
60,58,2.546000,9
60,59,2.851000,11
60,60,2.060000,9
60,61,2.444000,9
60,62,2.202000,6
60,63,2.355000,9
60,64,1.788000,6
60,65,2.672000,10
60,66,2.507000,10
60,67,2.853000,10
60,68,3.012000,11
60,69,3.104000,12
60,70,2.005000,6
60,71,1.789000,6
60,72,1.292000,11
60,73,1.775000,6
60,74,1.947000,6
60,75,1.929000,6
60,76,1.849000,6
60,77,3.201000,10
60,78,2.530000,9
60,79,1.619000,6
60,80,2.975000,11
60,81,2.024000,9
60,82,2.919000,11
60,83,2.836000,13
60,84,3.061000,14
60,85,2.634000,11
60,86,2.588000,12
60,87,3.247000,13
60,88,2.668000,14
60,89,2.632000,13
60,90,2.120000,14
60,91,2.834000,14
60,92,2.875000,12
60,93,2.057000,10
60,94,2.360000,10
60,95,2.376000,10
60,96,1.775000,8
61,1,2.565000,12
61,2,3.207000,14
61,3,3.048000,13
61,4,3.169000,14
61,5,2.581000,12
61,6,0.578000,13
61,7,2.255000,12
61,8,2.917000,15
61,9,3.121000,15
61,10,2.503000,12
61,11,2.595000,12
61,12,2.292000,13
61,13,2.288000,12
61,14,2.714000,11
61,15,3.138000,12
61,16,2.439000,12
61,17,2.919000,13
61,18,1.880000,12
61,19,2.155000,9
61,20,2.021000,9
61,21,2.039000,9
61,22,3.233000,13
61,23,2.174000,9
61,24,2.638000,13
61,25,2.436000,11
61,26,1.867000,13
61,27,2.105000,9
61,28,2.240000,9
61,29,2.175000,9
61,30,2.261000,9
61,31,2.199000,9
61,32,2.621000,12
61,33,3.153000,17
61,34,2.678000,12
61,35,2.340000,11
61,36,2.355000,12
61,37,2.825000,13
61,38,2.794000,13
61,39,2.674000,12
61,40,3.553000,16
61,41,2.548000,12
61,42,1.751000,12
61,43,2.738000,13
61,44,2.585000,13
61,45,3.505000,15
61,46,2.899000,12
61,47,2.564000,12
61,48,1.830000,12
61,49,2.732000,12
61,50,3.191000,11
61,51,2.918000,12
61,52,2.508000,10
61,53,2.467000,10
61,54,2.013000,10
61,55,2.732000,10
61,56,2.329000,10
61,57,2.262000,11
61,58,2.315000,11
61,59,2.577000,11
61,60,2.773000,10
61,61,2.742000,10
61,62,2.936000,12
61,63,2.356000,10
61,64,3.553000,11
61,65,2.478000,11
61,66,1.761000,11
61,67,2.740000,11
61,68,2.761000,11
61,69,2.948000,11
61,70,2.280000,10
61,71,2.627000,10
61,72,2.431000,10
61,73,2.738000,10
61,74,2.377000,10
61,75,2.672000,10
61,76,2.694000,10
61,77,2.431000,11
61,78,0.418000,11
61,79,2.740000,11
61,80,2.664000,11
61,81,1.640000,6
61,82,2.421000,11
61,83,2.918000,14
61,84,2.468000,11
61,85,2.744000,12
61,86,2.993000,14
61,87,3.788000,15
61,88,3.056000,15
61,89,2.626000,14
61,90,1.117000,13
61,91,2.742000,12
61,92,2.520000,12
61,93,3.262000,14
61,94,3.010000,12
61,95,2.162000,10
61,96,1.923000,8
62,1,3.177000,14
62,2,2.601000,14
62,3,2.892000,13
62,4,3.822000,15
62,5,2.968000,14
62,6,0.503000,13
62,7,3.482000,16
62,8,3.522000,16
62,9,3.011000,15
62,10,2.650000,12
62,11,2.663000,12
62,12,1.100000,13
62,13,2.753000,12
62,14,2.796000,11
62,15,2.749000,12
62,16,2.944000,12
62,17,2.787000,13
62,18,2.273000,12
62,19,2.977000,12
62,20,2.370000,8
62,21,2.579000,9
62,22,2.343000,9
62,23,2.696000,11
62,24,2.022000,9
62,25,2.269000,11
62,26,2.835000,9
62,27,2.023000,9
62,28,2.583000,9
62,29,2.571000,9
62,30,2.217000,9
62,31,2.526000,11
62,32,2.853000,14
62,33,2.299000,12
62,34,2.948000,12
62,35,2.756000,12
62,36,2.248000,12
62,37,3.092000,13
62,38,2.754000,13
62,39,3.040000,12
62,40,3.689000,16
62,41,2.073000,11
62,42,1.588000,7
62,43,2.972000,13
62,44,3.523000,15
62,45,3.410000,16
62,46,2.709000,11
62,47,2.962000,14
62,48,1.131000,15
62,49,2.529000,12
62,50,2.595000,12
62,51,2.773000,12
62,52,2.867000,12
62,53,2.784000,11
62,54,2.361000,11
62,55,3.449000,14
62,56,3.155000,13
62,57,2.998000,13
62,58,2.700000,11
62,59,2.377000,10
62,60,1.849000,10
62,61,2.529000,10
62,62,2.086000,10
62,63,2.723000,10
62,64,2.386000,10
62,65,2.456000,10
62,66,2.152000,10
62,67,2.346000,10
62,68,3.232000,11
62,69,3.309000,12
62,70,2.771000,10
62,71,2.662000,11
62,72,0.614000,10
62,73,2.750000,10
62,74,3.593000,13
62,75,2.552000,10
62,76,3.659000,12
62,77,2.318000,9
62,78,1.720000,10
62,79,2.779000,10
62,80,2.306000,9
62,81,2.437000,9
62,82,3.188000,12
62,83,2.981000,13
62,84,2.106000,11
62,85,2.524000,12
62,86,2.691000,14
62,87,3.207000,14
62,88,3.494000,15
62,89,2.614000,14
62,90,1.642000,7
62,91,2.779000,12
62,92,3.150000,14
62,93,3.166000,13
62,94,2.851000,11
62,95,3.015000,10
62,96,1.387000,8
63,1,3.351000,12
63,2,3.384000,14
63,3,2.916000,13
63,4,3.435000,14
63,5,2.766000,13
63,6,1.672000,13
63,7,2.935000,13
63,8,3.637000,16
63,9,3.696000,15
63,10,2.775000,12
63,11,3.338000,12
63,12,1.417000,13
63,13,2.655000,11
63,14,2.540000,11
63,15,2.482000,12
63,16,3.413000,12
63,17,2.849000,13
63,18,2.691000,15
63,19,3.732000,16
63,20,1.962000,8
63,21,2.190000,9
63,22,2.314000,9
63,23,2.518000,11
63,24,2.880000,9
63,25,2.919000,11
63,26,2.318000,9
63,27,2.033000,9
63,28,2.343000,9
63,29,2.503000,9
63,30,2.445000,9
63,31,3.045000,15
63,32,3.076000,14
63,33,2.775000,12
63,34,2.515000,12
63,35,3.050000,12
63,36,2.419000,12
63,37,3.334000,13
63,38,3.667000,13
63,39,1.882000,10
63,40,4.601000,18
63,41,1.376000,12
63,42,0.192000,11
63,43,3.684000,16
63,44,3.181000,15
63,45,3.201000,15
63,46,3.570000,15
63,47,3.405000,17
63,48,0.908000,13
63,49,3.051000,12
63,50,2.663000,11
63,51,2.576000,12
63,52,2.662000,13
63,53,2.853000,14
63,54,2.654000,12
63,55,2.809000,11
63,56,2.877000,12
63,57,2.948000,12
63,58,3.522000,16
63,59,3.839000,16
63,60,1.869000,15
63,61,3.238000,11
63,62,2.699000,11
63,63,2.358000,9
63,64,2.758000,10
63,65,2.775000,10
63,66,3.160000,14
63,67,2.491000,10
63,68,3.784000,12
63,69,2.990000,10
63,70,2.439000,10
63,71,3.230000,10
63,72,2.214000,10
63,73,2.860000,10
63,74,3.065000,10
63,75,2.517000,10
63,76,2.901000,11
63,77,3.136000,11
63,78,2.146000,10
63,79,2.812000,11
63,80,2.705000,11
63,81,2.453000,11
63,82,2.551000,12
63,83,2.820000,14
63,84,2.658000,12
63,85,2.959000,12
63,86,3.208000,14
63,87,3.281000,15
63,88,3.569000,16
63,89,3.415000,15
63,90,1.254000,11
63,91,2.602000,11
63,92,3.283000,14
63,93,2.660000,13
63,94,2.201000,9
63,95,2.246000,10
63,96,2.610000,8
64,1,2.585000,12
64,2,2.993000,13
64,3,3.837000,16
64,4,3.171000,11
64,5,3.532000,13
64,6,1.889000,13
64,7,3.138000,14
64,8,3.014000,15
64,9,3.466000,15
64,10,3.331000,13
64,11,3.296000,12
64,12,2.116000,13
64,13,2.343000,11
64,14,2.519000,12
64,15,2.328000,12
64,16,2.407000,12
64,17,2.618000,13
64,18,3.834000,15
64,19,2.810000,12
64,20,2.996000,12
64,21,2.733000,9
64,22,2.312000,9
64,23,3.080000,11
64,24,2.449000,9
64,25,2.574000,11
64,26,2.624000,9
64,27,2.342000,11
64,28,2.543000,9
64,29,2.108000,9
64,30,3.057000,11
64,31,2.810000,14
64,32,3.327000,15
64,33,3.034000,12
64,34,2.710000,12
64,35,3.365000,12
64,36,2.079000,12
64,37,2.439000,12
64,38,3.226000,15
64,39,2.516000,13
64,40,4.747000,19
64,41,4.165000,17
64,42,1.521000,12
64,43,3.447000,17
64,44,3.681000,16
64,45,3.888000,16
64,46,4.161000,13
64,47,2.261000,10
64,48,1.485000,14
64,49,2.417000,10
64,50,2.884000,12
64,51,3.425000,14
64,52,2.967000,13
64,53,3.997000,13
64,54,2.063000,12
64,55,2.634000,13
64,56,3.155000,12
64,57,4.509000,19
64,58,5.311000,17
64,59,2.842000,16
64,60,0.854000,16
64,61,3.065000,16
64,62,3.378000,14
64,63,2.341000,10
64,64,3.657000,13
64,65,3.518000,10
64,66,2.087000,11
64,67,2.950000,12
64,68,2.857000,12
64,69,3.225000,12
64,70,3.172000,11
64,71,3.559000,11
64,72,2.209000,11
64,73,2.574000,11
64,74,3.220000,11
64,75,3.184000,12
64,76,2.886000,11
64,77,4.019000,11
64,78,2.368000,12
64,79,2.574000,11
64,80,3.015000,12
64,81,2.213000,11
64,82,4.303000,18
64,83,3.567000,11
64,84,2.149000,11
64,85,2.585000,12
64,86,2.959000,13
64,87,3.035000,13
64,88,3.855000,16
64,89,2.758000,16
64,90,1.032000,11
64,91,3.654000,17
64,92,3.314000,15
64,93,2.504000,9
64,94,2.454000,9
64,95,3.579000,11
64,96,1.724000,8
65,1,3.395000,13
65,2,2.692000,12
65,3,2.834000,13
65,4,3.557000,16
65,5,3.491000,14
65,6,2.296000,14
65,7,4.032000,13
65,8,3.202000,16
65,9,3.568000,14
65,10,3.033000,13
65,11,2.988000,14
65,12,1.979000,15
65,13,3.334000,11
65,14,2.406000,12
65,15,2.804000,13
65,16,2.677000,12
65,17,2.639000,13
65,18,2.919000,14
65,19,2.447000,9
65,20,2.878000,14
65,21,1.815000,7
65,22,2.550000,9
65,23,2.776000,11
65,24,2.377000,9
65,25,3.649000,11
65,26,2.328000,9
65,27,2.548000,11
65,28,2.328000,9
65,29,2.187000,9
65,30,2.855000,14
65,31,3.683000,15
65,32,3.040000,13
65,33,2.220000,12
65,34,2.931000,13
65,35,2.528000,12
65,36,2.261000,12
65,37,3.327000,13
65,38,3.312000,15
65,39,2.882000,11
65,40,4.490000,19
65,41,3.682000,18
65,42,1.310000,14
65,43,3.872000,15
65,44,3.184000,15
65,45,3.032000,15
65,46,2.028000,9
65,47,2.918000,12
65,48,2.663000,14
65,49,3.644000,14
65,50,3.297000,14
65,51,2.650000,12
65,52,3.110000,13
65,53,2.231000,12
65,54,1.102000,13
65,55,3.872000,16
65,56,4.283000,18
65,57,3.751000,17
65,58,2.524000,12
65,59,3.185000,16
65,60,1.485000,16
65,61,3.874000,15
65,62,2.866000,13
65,63,3.885000,18
65,64,3.400000,13
65,65,2.991000,13
65,66,1.670000,11
65,67,3.866000,12
65,68,2.829000,12
65,69,2.673000,11
65,70,3.318000,12
65,71,3.158000,11
65,72,2.486000,11
65,73,3.427000,11
65,74,3.087000,12
65,75,3.127000,11
65,76,2.664000,11
65,77,2.790000,11
65,78,2.439000,11
65,79,3.878000,13
65,80,3.186000,13
65,81,4.387000,16
65,82,3.228000,15
65,83,2.373000,11
65,84,1.619000,12
65,85,3.522000,12
65,86,2.946000,14
65,87,3.481000,14
65,88,3.510000,16
65,89,2.933000,16
65,90,1.947000,15
65,91,3.402000,12
65,92,2.277000,11
65,93,1.878000,7
65,94,2.462000,9
65,95,2.226000,11
65,96,2.824000,8
66,1,2.090000,12
66,2,2.979000,12
66,3,3.392000,14
66,4,4.113000,18
66,5,3.405000,14
66,6,1.911000,12
66,7,2.902000,10
66,8,3.187000,15
66,9,3.212000,15
66,10,3.135000,14
66,11,3.593000,14
66,12,1.290000,14
66,13,2.991000,14
66,14,2.421000,12
66,15,2.578000,13
66,16,3.376000,13
66,17,2.970000,14
66,18,3.087000,13
66,19,3.420000,16
66,20,2.884000,14
66,21,3.039000,11
66,22,2.512000,12
66,23,3.089000,13
66,24,2.736000,12
66,25,3.420000,13
66,26,3.364000,12
66,27,3.017000,12
66,28,3.025000,12
66,29,3.696000,12
66,30,2.245000,15
66,31,2.472000,13
66,32,2.856000,14
66,33,3.197000,15
66,34,3.441000,14
66,35,3.374000,16
66,36,2.697000,15
66,37,5.617000,20
66,38,2.705000,13
66,39,2.588000,11
66,40,3.009000,14
66,41,3.531000,13
66,42,1.369000,12
66,43,3.420000,14
66,44,2.884000,13
66,45,2.156000,11
66,46,2.017000,7
66,47,2.771000,12
66,48,2.134000,9
66,49,2.239000,10
66,50,1.556000,7
66,51,2.673000,9
66,52,2.429000,10
66,53,2.927000,14
66,54,3.124000,13
66,55,4.024000,18
66,56,5.778000,21
66,57,2.622000,12
66,58,3.150000,13
66,59,2.548000,13
66,60,0.716000,12
66,61,3.164000,13
66,62,2.661000,13
66,63,3.253000,13
66,64,2.547000,12
66,65,3.474000,12
66,66,2.751000,13
66,67,3.084000,12
66,68,3.458000,12
66,69,4.025000,13
66,70,3.362000,11
66,71,3.063000,11
66,72,1.767000,11
66,73,3.212000,11
66,74,3.063000,11
66,75,2.918000,13
66,76,3.090000,12
66,77,3.349000,12
66,78,2.475000,13
66,79,2.854000,13
66,80,3.719000,15
66,81,3.906000,14
66,82,3.488000,14
66,83,3.154000,15
66,84,1.717000,14
66,85,3.164000,15
66,86,2.723000,13
66,87,2.305000,10
66,88,2.662000,12
66,89,3.157000,16
66,90,3.724000,14
66,91,3.410000,13
66,92,3.254000,12
66,93,3.498000,13
66,94,2.908000,12
66,95,3.265000,11
66,96,1.672000,8
67,1,3.168000,12
67,2,3.087000,12
67,3,2.963000,13
67,4,2.849000,13
67,5,3.440000,14
67,6,2.352000,11
67,7,2.974000,13
67,8,2.592000,10
67,9,3.040000,14
67,10,3.182000,14
67,11,2.976000,12
67,12,2.837000,13
67,13,3.088000,13
67,14,3.317000,14
67,15,3.742000,18
67,16,2.924000,12
67,17,3.726000,17
67,18,1.258000,13
67,19,2.883000,13
67,20,3.858000,17
67,21,3.010000,14
67,22,2.650000,11
67,23,2.620000,12
67,24,2.646000,12
67,25,4.219000,19
67,26,3.120000,12
67,27,2.867000,12
67,28,2.490000,12
67,29,2.723000,12
67,30,2.678000,13
67,31,3.173000,14
67,32,3.107000,15
67,33,4.121000,17
67,34,3.842000,14
67,35,3.137000,15
67,36,0.382000,13
67,37,2.872000,13
67,38,3.406000,12
67,39,2.502000,13
67,40,3.521000,14
67,41,3.003000,15
67,42,1.817000,7
67,43,2.613000,12
67,44,1.924000,7
67,45,3.005000,13
67,46,2.643000,10
67,47,2.882000,12
67,48,2.421000,11
67,49,2.042000,7
67,50,1.963000,9
67,51,1.903000,7
67,52,2.391000,10
67,53,1.856000,7
67,54,2.180000,9
67,55,3.054000,13
67,56,4.219000,18
67,57,3.250000,11
67,58,2.676000,12
67,59,3.080000,14
67,60,2.071000,12
67,61,2.910000,12
67,62,3.042000,12
67,63,3.273000,14
67,64,3.087000,12
67,65,2.477000,13
67,66,2.784000,13
67,67,3.484000,14
67,68,3.257000,13
67,69,3.393000,13
67,70,3.121000,12
67,71,3.169000,12
67,72,1.816000,11
67,73,2.703000,12
67,74,3.325000,12
67,75,3.011000,13
67,76,3.030000,13
67,77,3.641000,14
67,78,2.295000,13
67,79,3.006000,13
67,80,4.290000,16
67,81,2.966000,14
67,82,2.453000,10
67,83,2.866000,12
67,84,1.817000,7
67,85,3.168000,14
67,86,3.087000,12
67,87,3.120000,15
67,88,2.866000,13
67,89,2.853000,13
67,90,0.948000,12
67,91,2.471000,11
67,92,2.721000,11
67,93,2.503000,11
67,94,2.403000,9
67,95,2.820000,11
67,96,2.565000,8
68,1,3.132000,13
68,2,2.932000,12
68,3,2.937000,12
68,4,3.498000,15
68,5,2.842000,13
68,6,1.900000,10
68,7,2.772000,10
68,8,2.517000,11
68,9,2.373000,11
68,10,3.159000,13
68,11,2.846000,13
68,12,2.775000,12
68,13,2.017000,12
68,14,2.903000,13
68,15,4.109000,18
68,16,2.631000,12
68,17,3.517000,15
68,18,2.295000,15
68,19,2.742000,12
68,20,2.836000,14
68,21,3.628000,15
68,22,2.551000,11
68,23,4.897000,20
68,24,1.245000,12
68,25,4.402000,20
68,26,2.613000,12
68,27,2.742000,12
68,28,2.535000,12
68,29,3.084000,14
68,30,2.026000,13
68,31,3.763000,16
68,32,3.062000,13
68,33,3.627000,13
68,34,3.212000,16
68,35,2.569000,14
68,36,0.891000,11
68,37,3.018000,12
68,38,3.027000,12
68,39,2.559000,10
68,40,2.407000,13
68,41,1.946000,9
68,42,3.118000,13
68,43,3.378000,13
68,44,2.838000,9
68,45,2.628000,10
68,46,2.935000,13
68,47,2.941000,12
68,48,2.004000,11
68,49,1.958000,7
68,50,2.428000,10
68,51,1.849000,8
68,52,2.720000,11
68,53,2.718000,10
68,54,3.023000,9
68,55,2.407000,7
68,56,2.042000,7
68,57,2.079000,9
68,58,2.499000,10
68,59,2.836000,10
68,60,3.007000,13
68,61,2.804000,12
68,62,2.622000,12
68,63,3.342000,13
68,64,3.377000,13
68,65,3.197000,12
68,66,1.900000,12
68,67,3.175000,13
68,68,3.426000,13
68,69,3.226000,13
68,70,3.488000,14
68,71,3.104000,12
68,72,1.311000,12
68,73,3.175000,12
68,74,3.810000,13
68,75,3.294000,13
68,76,3.405000,14
68,77,2.999000,14
68,78,1.265000,15
68,79,3.933000,15
68,80,3.387000,14
68,81,3.312000,14
68,82,3.004000,13
68,83,2.591000,12
68,84,1.545000,13
68,85,2.037000,7
68,86,1.976000,7
68,87,2.245000,12
68,88,2.350000,10
68,89,2.583000,12
68,90,2.832000,12
68,91,2.772000,9
68,92,1.879000,7
68,93,2.722000,12
68,94,1.764000,7
68,95,2.894000,12
68,96,2.416000,8
69,1,2.794000,12
69,2,2.881000,12
69,3,2.690000,12
69,4,3.199000,14
69,5,3.338000,16
69,6,1.834000,10
69,7,2.297000,10
69,8,2.325000,10
69,9,2.039000,9
69,10,2.965000,13
69,11,2.764000,11
69,12,2.517000,10
69,13,2.463000,12
69,14,2.893000,14
69,15,3.104000,12
69,16,3.753000,16
69,17,3.820000,20
69,18,1.274000,13
69,19,2.948000,12
69,20,2.740000,13
69,21,3.371000,15
69,22,2.693000,12
69,23,4.228000,20
69,24,1.016000,12
69,25,4.236000,19
69,26,2.488000,12
69,27,2.849000,12
69,28,3.125000,12
69,29,2.294000,13
69,30,1.808000,13
69,31,2.964000,13
69,32,2.616000,12
69,33,3.135000,13
69,34,3.155000,14
69,35,3.569000,17
69,36,1.527000,12
69,37,2.136000,9
69,38,3.177000,13
69,39,2.211000,11
69,40,2.676000,11
69,41,2.852000,10
69,42,2.531000,11
69,43,3.024000,11
69,44,3.212000,10
69,45,2.437000,11
69,46,3.081000,13
69,47,2.618000,12
69,48,0.781000,10
69,49,1.666000,7
69,50,2.756000,10
69,51,1.990000,7
69,52,2.170000,7
69,53,1.654000,8
69,54,2.582000,9
69,55,2.463000,10
69,56,2.528000,10
69,57,1.988000,7
69,58,2.242000,8
69,59,2.233000,9
69,60,2.070000,7
69,61,2.696000,10
69,62,2.947000,11
69,63,2.786000,13
69,64,2.777000,12
69,65,3.190000,13
69,66,2.117000,13
69,67,3.441000,16
69,68,2.480000,10
69,69,2.848000,11
69,70,2.613000,11
69,71,2.469000,11
69,72,2.344000,11
69,73,2.645000,11
69,74,2.526000,11
69,75,2.549000,11
69,76,2.912000,13
69,77,2.804000,13
69,78,2.578000,14
69,79,4.077000,17
69,80,4.007000,13
69,81,3.441000,14
69,82,3.354000,16
69,83,1.734000,11
69,84,0.745000,7
69,85,2.091000,9
69,86,1.851000,7
69,87,3.201000,13
69,88,3.295000,13
69,89,2.979000,15
69,90,1.244000,14
69,91,1.610000,7
69,92,2.276000,10
69,93,3.264000,11
69,94,1.943000,9
69,95,2.757000,9
69,96,2.288000,8
70,1,3.616000,13
70,2,3.083000,12
70,3,2.780000,11
70,4,3.133000,12
70,5,3.085000,15
70,6,1.384000,10
70,7,2.315000,10
70,8,2.828000,10
70,9,2.856000,11
70,10,2.597000,9
70,11,2.819000,12
70,12,2.433000,15
70,13,3.005000,12
70,14,2.750000,10
70,15,2.553000,11
70,16,2.556000,13
70,17,3.280000,15
70,18,1.996000,14
70,19,3.365000,13
70,20,3.003000,13
70,21,3.275000,15
70,22,3.663000,18
70,23,3.278000,20
70,24,0.543000,11
70,25,4.831000,19
70,26,2.711000,12
70,27,2.513000,11
70,28,3.918000,18
70,29,2.278000,13
70,30,0.942000,13
70,31,3.353000,14
70,32,3.753000,16
70,33,3.219000,16
70,34,3.058000,13
70,35,2.011000,10
70,36,1.238000,9
70,37,2.822000,9
70,38,2.405000,11
70,39,2.563000,13
70,40,2.837000,11
70,41,2.707000,10
70,42,2.548000,12
70,43,4.118000,15
70,44,2.530000,10
70,45,2.504000,9
70,46,2.352000,11
70,47,2.843000,12
70,48,1.876000,10
70,49,2.231000,7
70,50,2.636000,10
70,51,2.808000,10
70,52,2.486000,10
70,53,2.198000,7
70,54,2.056000,9
70,55,2.308000,8
70,56,2.633000,8
70,57,2.696000,10
70,58,1.838000,7
70,59,2.006000,7
70,60,3.314000,14
70,61,3.124000,14
70,62,2.568000,10
70,63,2.520000,12
70,64,3.612000,16
70,65,2.866000,14
70,66,1.782000,12
70,67,3.616000,13
70,68,3.139000,14
70,69,3.046000,12
70,70,2.803000,11
70,71,2.576000,11
70,72,1.774000,13
70,73,2.742000,11
70,74,2.785000,11
70,75,2.979000,11
70,76,3.400000,13
70,77,3.122000,16
70,78,2.379000,17
70,79,4.354000,16
70,80,2.715000,13
70,81,3.777000,16
70,82,3.661000,17
70,83,1.876000,11
70,84,1.019000,12
70,85,2.760000,9
70,86,2.029000,7
70,87,2.153000,9
70,88,2.791000,13
70,89,2.803000,10
70,90,2.337000,11
70,91,1.815000,7
70,92,2.953000,10
70,93,2.385000,10
70,94,1.941000,7
70,95,2.281000,9
70,96,2.439000,8
71,1,2.816000,13
71,2,2.851000,12
71,3,3.011000,12
71,4,3.472000,13
71,5,3.390000,16
71,6,1.418000,11
71,7,2.557000,10
71,8,2.182000,10
71,9,2.825000,11
71,10,2.827000,11
71,11,3.485000,14
71,12,1.859000,10
71,13,2.638000,11
71,14,2.841000,9
71,15,2.662000,12
71,16,2.823000,14
71,17,4.104000,20
71,18,2.102000,15
71,19,3.005000,14
71,20,2.437000,13
71,21,2.963000,13
71,22,3.690000,18
71,23,3.470000,18
71,24,1.567000,13
71,25,4.817000,21
71,26,2.924000,13
71,27,2.929000,15
71,28,3.656000,18
71,29,2.227000,14
71,30,0.988000,17
71,31,4.199000,17
71,32,3.250000,19
71,33,3.024000,13
71,34,2.560000,10
71,35,1.610000,10
71,36,0.803000,9
71,37,3.162000,13
71,38,2.512000,11
71,39,2.371000,10
71,40,2.243000,8
71,41,2.809000,11
71,42,1.784000,8
71,43,3.021000,12
71,44,1.861000,9
71,45,3.363000,14
71,46,2.963000,11
71,47,3.056000,14
71,48,1.464000,8
71,49,2.240000,10
71,50,2.371000,9
71,51,2.113000,10
71,52,1.976000,8
71,53,2.411000,9
71,54,2.463000,9
71,55,1.918000,7
71,56,1.894000,7
71,57,1.895000,8
71,58,2.101000,9
71,59,1.770000,7
71,60,2.020000,7
71,61,1.855000,7
71,62,3.006000,13
71,63,2.789000,11
71,64,3.031000,14
71,65,3.128000,14
71,66,2.314000,14
71,67,2.674000,12
71,68,3.059000,14
71,69,3.212000,13
71,70,2.730000,12
71,71,2.389000,12
71,72,1.003000,12
71,73,2.970000,12
71,74,3.212000,13
71,75,1.986000,8
71,76,3.107000,13
71,77,2.881000,13
71,78,2.814000,20
71,79,3.135000,13
71,80,2.428000,8
71,81,3.089000,14
71,82,2.878000,11
71,83,2.733000,12
71,84,2.302000,13
71,85,3.053000,12
71,86,1.830000,7
71,87,2.598000,12
71,88,2.689000,13
71,89,3.424000,13
71,90,2.326000,13
71,91,2.398000,9
71,92,1.907000,9
71,93,2.271000,10
71,94,2.360000,10
71,95,2.962000,11
71,96,2.532000,8
72,1,3.255000,13
72,2,2.342000,12
72,3,2.627000,12
72,4,2.889000,13
72,5,3.516000,14
72,6,1.292000,10
72,7,2.491000,10
72,8,2.656000,11
72,9,2.203000,10
72,10,2.385000,9
72,11,2.989000,13
72,12,2.440000,14
72,13,2.882000,11
72,14,2.487000,9
72,15,2.285000,10
72,16,2.433000,10
72,17,3.213000,14
72,18,2.599000,19
72,19,3.783000,17
72,20,4.009000,16
72,21,3.067000,13
72,22,3.347000,18
72,23,2.566000,24
72,24,0.449000,16
72,25,5.286000,26
72,26,3.409000,16
72,27,4.472000,22
72,28,2.452000,12
72,29,1.040000,12
72,30,0.413000,14
72,31,3.306000,14
72,32,2.677000,11
72,33,2.390000,11
72,34,2.850000,11
72,35,2.004000,9
72,36,2.171000,12
72,37,3.035000,12
72,38,2.810000,11
72,39,2.228000,8
72,40,2.916000,11
72,41,1.891000,8
72,42,1.962000,10
72,43,3.187000,13
72,44,2.098000,9
72,45,2.596000,12
72,46,2.178000,11
72,47,3.112000,13
72,48,1.961000,8
72,49,2.619000,10
72,50,2.415000,9
72,51,2.501000,10
72,52,2.578000,10
72,53,2.067000,9
72,54,2.003000,9
72,55,2.408000,9
72,56,2.102000,9
72,57,1.943000,7
72,58,1.991000,9
72,59,1.871000,8
72,60,2.018000,8
72,61,2.014000,8
72,62,2.345000,10
72,63,1.960000,8
72,64,2.214000,9
72,65,2.740000,14
72,66,3.478000,17
72,67,3.019000,13
72,68,3.131000,13
72,69,3.218000,12
72,70,2.346000,12
72,71,3.065000,13
72,72,1.037000,13
72,73,2.877000,13
72,74,2.820000,12
72,75,2.896000,12
72,76,2.581000,13
72,77,3.024000,13
72,78,1.658000,20
72,79,2.874000,12
72,80,2.105000,8
72,81,2.261000,10
72,82,2.629000,11
72,83,2.964000,14
72,84,1.326000,11
72,85,2.877000,10
72,86,2.693000,7
72,87,2.512000,12
72,88,2.407000,11
72,89,2.599000,11
72,90,2.227000,8
72,91,2.164000,7
72,92,2.357000,7
72,93,2.994000,12
72,94,2.572000,10
72,95,2.824000,11
72,96,2.381000,8
73,1,2.994000,13
73,2,3.278000,12
73,3,2.997000,12
73,4,2.804000,11
73,5,3.418000,20
73,6,0.748000,14
73,7,2.173000,7
73,8,3.031000,12
73,9,2.669000,10
73,10,2.493000,11
73,11,2.526000,11
73,12,2.234000,11
73,13,2.805000,12
73,14,3.123000,13
73,15,2.992000,10
73,16,2.133000,10
73,17,2.508000,11
73,18,2.046000,13
73,19,2.648000,12
73,20,3.851000,18
73,21,3.092000,11
73,22,2.452000,13
73,23,3.364000,20
73,24,1.099000,15
73,25,5.060000,24
73,26,3.562000,16
73,27,3.024000,14
73,28,2.732000,12
73,29,1.539000,15
73,30,0.527000,19
73,31,2.881000,12
73,32,2.312000,12
73,33,3.195000,11
73,34,2.629000,11
73,35,2.242000,10
73,36,2.075000,11
73,37,2.881000,13
73,38,2.557000,11
73,39,3.038000,10
73,40,3.197000,15
73,41,2.383000,9
73,42,1.548000,10
73,43,2.657000,10
73,44,1.946000,9
73,45,3.465000,14
73,46,2.533000,11
73,47,3.241000,13
73,48,1.534000,8
73,49,2.478000,11
73,50,2.796000,9
73,51,2.974000,11
73,52,2.145000,10
73,53,1.724000,7
73,54,1.582000,9
73,55,2.338000,9
73,56,1.880000,9
73,57,3.315000,9
73,58,2.568000,9
73,59,2.041000,7
73,60,1.617000,7
73,61,2.019000,7
73,62,2.245000,10
73,63,1.954000,7
73,64,2.422000,7
73,65,2.149000,9
73,66,2.700000,12
73,67,4.732000,22
73,68,2.843000,12
73,69,3.044000,13
73,70,2.713000,13
73,71,2.291000,14
73,72,1.007000,14
73,73,2.648000,12
73,74,2.999000,13
73,75,3.408000,11
73,76,2.628000,12
73,77,2.605000,13
73,78,1.882000,16
73,79,1.828000,7
73,80,1.530000,7
73,81,2.933000,10
73,82,2.884000,11
73,83,2.555000,11
73,84,2.843000,14
73,85,2.214000,8
73,86,2.299000,8
73,87,3.020000,12
73,88,2.748000,11
73,89,2.042000,8
73,90,1.918000,8
73,91,2.128000,8
73,92,2.043000,9
73,93,2.415000,11
73,94,2.279000,8
73,95,2.933000,11
73,96,2.372000,8
74,1,3.168000,13
74,2,3.079000,12
74,3,3.015000,12
74,4,4.218000,7
74,5,5.175000,14
74,6,2.181000,13
74,7,3.260000,14
74,8,3.048000,13
74,9,3.173000,11
74,10,4.783000,11
74,11,4.396000,11
74,12,2.737000,10
74,13,2.731000,11
74,14,2.744000,11
74,15,2.931000,10
74,16,3.977000,9
74,17,5.355000,10
74,18,3.792000,12
74,19,4.051000,18
74,20,4.588000,20
74,21,4.621000,10
74,22,4.955000,12
74,23,3.814000,15
74,24,1.022000,17
74,25,4.837000,20
74,26,4.656000,18
74,27,7.588000,13
74,28,4.377000,14
74,29,0.767000,16
74,30,0.353000,13
74,31,2.733000,11
74,32,3.128000,12
74,33,2.769000,11
74,34,5.953000,10
74,35,3.679000,11
74,36,3.032000,13
74,37,2.133000,11
74,38,2.675000,11
74,39,3.264000,13
74,40,5.909000,13
74,41,4.776000,12
74,42,2.299000,9
74,43,2.221000,8
74,44,2.054000,9
74,45,2.409000,9
74,46,3.496000,11
74,47,6.275000,13
74,48,2.934000,8
74,49,2.476000,10
74,50,3.301000,9
74,51,2.929000,10
74,52,4.139000,10
74,53,3.538000,7
74,54,3.540000,9
74,55,2.887000,9
74,56,2.340000,9
74,57,2.563000,9
74,58,3.964000,9
74,59,3.782000,7
74,60,3.922000,10
74,61,1.679000,7
74,62,1.979000,10
74,63,2.076000,8
74,64,2.333000,8
74,65,4.698000,10
74,66,4.153000,11
74,67,3.345000,13
74,68,3.831000,16
74,69,4.543000,13
74,70,5.557000,13
74,71,4.763000,15
74,72,0.754000,13
74,73,2.951000,13
74,74,2.762000,13
74,75,2.898000,11
74,76,5.654000,11
74,77,5.527000,17
74,78,2.414000,12
74,79,2.662000,8
74,80,2.077000,8
74,81,2.755000,10
74,82,4.523000,11
74,83,4.080000,11
74,84,3.261000,11
74,85,2.421000,11
74,86,2.215000,7
74,87,2.971000,12
74,88,5.348000,11
74,89,4.703000,11
74,90,3.586000,13
74,91,1.934000,7
74,92,1.989000,9
74,93,2.888000,12
74,94,6.107000,16
74,95,4.414000,12
74,96,3.383000,8
75,1,3.424000,13
75,2,3.202000,12
75,3,2.971000,12
75,4,1.710000,7
75,5,3.110000,13
75,6,2.336000,13
75,7,2.979000,12
75,8,2.405000,9
75,9,3.093000,12
75,10,2.609000,10
75,11,3.095000,11
75,12,2.250000,12
75,13,2.673000,11
75,14,3.280000,12
75,15,3.075000,14
75,16,2.464000,9
75,17,2.911000,12
75,18,2.056000,13
75,19,3.686000,14
75,20,3.067000,12
75,21,2.741000,12
75,22,3.662000,16
75,23,2.623000,16
75,24,1.733000,13
75,25,6.125000,24
75,26,3.585000,15
75,27,3.621000,15
75,28,1.630000,11
75,29,1.266000,19
75,30,0.280000,17
75,31,3.265000,12
75,32,2.949000,12
75,33,3.370000,11
75,34,2.746000,10
75,35,2.404000,11
75,36,1.319000,12
75,37,2.485000,11
75,38,3.176000,11
75,39,2.979000,14
75,40,2.874000,12
75,41,2.216000,9
75,42,1.519000,8
75,43,2.780000,9
75,44,3.133000,12
75,45,2.917000,13
75,46,3.026000,11
75,47,3.124000,13
75,48,1.443000,8
75,49,2.737000,10
75,50,2.821000,9
75,51,1.986000,7
75,52,2.153000,9
75,53,2.038000,7
75,54,2.707000,9
75,55,2.307000,9
75,56,2.428000,9
75,57,2.345000,9
75,58,2.450000,9
75,59,2.010000,8
75,60,1.759000,8
75,61,2.198000,8
75,62,2.534000,10
75,63,2.114000,7
75,64,1.769000,7
75,65,2.612000,10
75,66,2.909000,10
75,67,3.081000,12
75,68,3.269000,11
75,69,2.936000,13
75,70,3.632000,13
75,71,2.894000,12
75,72,1.764000,14
75,73,3.422000,14
75,74,3.149000,14
75,75,3.519000,11
75,76,3.254000,14
75,77,3.240000,18
75,78,1.026000,12
75,79,1.678000,7
75,80,2.339000,7
75,81,3.146000,10
75,82,2.696000,11
75,83,2.819000,11
75,84,1.997000,12
75,85,4.102000,14
75,86,2.600000,7
75,87,2.668000,12
75,88,2.647000,11
75,89,2.665000,11
75,90,1.663000,9
75,91,2.159000,7
75,92,3.224000,12
75,93,2.372000,7
75,94,3.015000,15
75,95,2.892000,10
75,96,2.046000,8
76,1,2.757000,13
76,2,2.821000,12
76,3,2.668000,14
76,4,1.727000,10
76,5,2.592000,13
76,6,1.978000,14
76,7,2.267000,10
76,8,2.567000,10
76,9,2.571000,12
76,10,2.184000,11
76,11,2.272000,10
76,12,1.826000,11
76,13,2.878000,13
76,14,2.656000,10
76,15,2.445000,12
76,16,1.579000,12
76,17,2.359000,11
76,18,1.621000,11
76,19,2.742000,11
76,20,2.586000,10
76,21,2.209000,11
76,22,2.624000,13
76,23,2.448000,12
76,24,1.329000,12
76,25,4.759000,22
76,26,3.149000,14
76,27,1.981000,10
76,28,2.156000,12
76,29,2.033000,15
76,30,0.627000,12
76,31,3.250000,13
76,32,2.990000,13
76,33,2.181000,11
76,34,2.542000,13
76,35,2.041000,11
76,36,0.992000,11
76,37,2.807000,11
76,38,3.363000,13
76,39,1.975000,8
76,40,2.349000,13
76,41,2.240000,10
76,42,1.230000,8
76,43,3.246000,14
76,44,2.372000,9
76,45,2.642000,14
76,46,2.014000,13
76,47,2.151000,13
76,48,1.575000,10
76,49,2.467000,10
76,50,2.714000,10
76,51,2.500000,10
76,52,2.015000,10
76,53,1.560000,10
76,54,1.104000,10
76,55,2.443000,10
76,56,1.904000,9
76,57,2.158000,9
76,58,2.160000,9
76,59,2.085000,10
76,60,1.216000,7
76,61,1.690000,7
76,62,1.911000,10
76,63,2.404000,10
76,64,1.579000,8
76,65,2.501000,11
76,66,1.896000,10
76,67,2.580000,13
76,68,2.872000,12
76,69,2.687000,13
76,70,1.882000,12
76,71,2.406000,13
76,72,1.881000,13
76,73,2.703000,13
76,74,2.771000,12
76,75,2.681000,10
76,76,3.664000,15
76,77,2.029000,12
76,78,0.178000,10
76,79,2.054000,8
76,80,2.407000,11
76,81,1.997000,8
76,82,2.664000,12
76,83,2.679000,14
76,84,1.700000,8
76,85,3.180000,14
76,86,2.284000,7
76,87,1.745000,12
76,88,2.015000,11
76,89,2.807000,13
76,90,1.689000,11
76,91,2.380000,9
76,92,1.805000,9
76,93,2.227000,9
76,94,2.625000,14
76,95,1.622000,9
76,96,1.588000,8
77,1,2.654000,13
77,2,2.730000,12
77,3,2.701000,13
77,4,2.067000,10
77,5,1.027000,13
77,6,0.379000,11
77,7,2.900000,12
77,8,2.050000,10
77,9,2.245000,12
77,10,2.312000,11
77,11,2.246000,10
77,12,1.247000,11
77,13,2.081000,10
77,14,2.561000,11
77,15,2.263000,11
77,16,1.869000,8
77,17,1.991000,11
77,18,1.732000,11
77,19,1.502000,13
77,20,2.175000,12
77,21,3.073000,17
77,22,2.115000,11
77,23,1.996000,12
77,24,1.433000,10
77,25,3.745000,19
77,26,2.435000,11
77,27,2.746000,13
77,28,3.062000,18
77,29,1.012000,13
77,30,0.413000,13
77,31,1.649000,13
77,32,2.277000,13
77,33,1.991000,11
77,34,2.038000,8
77,35,2.004000,13
77,36,2.030000,11
77,37,2.486000,12
77,38,1.595000,10
77,39,2.968000,14
77,40,2.003000,10
77,41,2.397000,11
77,42,1.713000,10
77,43,1.639000,10
77,44,2.381000,11
77,45,2.295000,13
77,46,2.334000,13
77,47,2.252000,13
77,48,1.692000,10
77,49,1.784000,10
77,50,2.139000,10
77,51,1.949000,10
77,52,2.242000,10
77,53,1.525000,11
77,54,1.999000,10
77,55,2.259000,10
77,56,1.952000,9
77,57,1.949000,9
77,58,2.318000,9
77,59,1.709000,8
77,60,1.776000,9
77,61,1.298000,7
77,62,1.925000,10
77,63,1.925000,8
77,64,2.341000,10
77,65,1.897000,10
77,66,1.980000,10
77,67,3.079000,13
77,68,3.577000,18
77,69,3.234000,14
77,70,2.249000,13
77,71,1.238000,13
77,72,0.489000,13
77,73,2.263000,14
77,74,2.295000,13
77,75,2.559000,12
77,76,3.022000,15
77,77,2.277000,12
77,78,1.024000,11
77,79,2.037000,10
77,80,2.196000,10
77,81,1.806000,8
77,82,2.714000,12
77,83,2.183000,14
77,84,0.790000,10
77,85,2.391000,15
77,86,1.638000,7
77,87,2.071000,12
77,88,2.180000,11
77,89,2.494000,13
77,90,1.886000,13
77,91,1.944000,8
77,92,1.965000,9
77,93,1.971000,9
77,94,2.006000,9
77,95,3.258000,17
77,96,1.141000,8
78,1,2.743000,13
78,2,2.426000,12
78,3,2.224000,13
78,4,1.984000,10
78,5,1.873000,13
78,6,1.645000,14
78,7,2.625000,13
78,8,2.572000,13
78,9,2.206000,11
78,10,2.657000,12
78,11,1.641000,11
78,12,1.261000,11
78,13,1.996000,10
78,14,1.831000,11
78,15,1.701000,11
78,16,2.522000,14
78,17,1.701000,8
78,18,1.969000,11
78,19,2.401000,12
78,20,2.020000,8
78,21,1.588000,9
78,22,2.651000,10
78,23,2.106000,12
78,24,1.268000,10
78,25,4.001000,20
78,26,2.037000,10
78,27,3.197000,16
78,28,2.554000,15
78,29,0.963000,13
78,30,0.131000,13
78,31,2.533000,14
78,32,2.513000,13
78,33,2.094000,8
78,34,2.317000,13
78,35,1.748000,11
78,36,1.188000,10
78,37,1.731000,9
78,38,2.789000,10
78,39,2.233000,11
78,40,1.964000,11
78,41,1.833000,8
78,42,1.554000,8
78,43,2.485000,10
78,44,1.983000,11
78,45,2.825000,13
78,46,2.420000,13
78,47,1.967000,13
78,48,1.217000,10
78,49,2.089000,10
78,50,2.012000,10
78,51,1.919000,10
78,52,2.167000,10
78,53,1.587000,10
78,54,1.786000,10
78,55,1.966000,10
78,56,2.022000,9
78,57,1.761000,9
78,58,1.321000,8
78,59,1.595000,10
78,60,1.099000,8
78,61,1.477000,8
78,62,2.178000,10
78,63,1.856000,10
78,64,2.076000,8
78,65,2.034000,11
78,66,1.354000,10
78,67,2.086000,12
78,68,3.288000,15
78,69,2.585000,13
78,70,2.571000,12
78,71,2.059000,14
78,72,0.521000,13
78,73,2.146000,14
78,74,2.794000,13
78,75,1.598000,9
78,76,2.096000,12
78,77,1.809000,12
78,78,1.627000,10
78,79,1.544000,8
78,80,2.219000,11
78,81,1.725000,8
78,82,2.550000,12
78,83,3.267000,14
78,84,1.474000,13
78,85,3.061000,17
78,86,1.854000,7
78,87,2.128000,12
78,88,1.981000,11
78,89,2.303000,13
78,90,1.335000,13
78,91,1.228000,7
78,92,1.592000,9
78,93,2.058000,9
78,94,1.838000,9
78,95,1.510000,9
78,96,1.327000,8
79,1,2.363000,13
79,2,2.746000,12
79,3,2.499000,13
79,4,2.008000,12
79,5,2.317000,14
79,6,1.000000,13
79,7,1.967000,10
79,8,1.895000,11
79,9,2.662000,10
79,10,2.643000,12
79,11,2.015000,11
79,12,1.379000,11
79,13,2.353000,10
79,14,2.484000,12
79,15,1.992000,11
79,16,1.825000,10
79,17,1.947000,11
79,18,1.738000,12
79,19,2.313000,11
79,20,2.953000,17
79,21,2.469000,11
79,22,1.740000,10
79,23,2.075000,12
79,24,1.236000,10
79,25,3.205000,18
79,26,2.195000,10
79,27,2.644000,14
79,28,2.187000,15
79,29,0.703000,18
79,30,0.267000,14
79,31,3.143000,14
79,32,2.746000,12
79,33,1.202000,8
79,34,2.056000,12
79,35,2.127000,11
79,36,1.111000,11
79,37,2.179000,10
79,38,2.911000,14
79,39,1.884000,10
79,40,2.058000,12
79,41,1.576000,8
79,42,0.996000,7
79,43,2.025000,10
79,44,1.970000,11
79,45,2.627000,13
79,46,2.733000,13
79,47,1.739000,13
79,48,0.550000,10
79,49,2.229000,10
79,50,1.923000,10
79,51,1.861000,10
79,52,2.083000,10
79,53,1.619000,10
79,54,1.850000,10
79,55,2.174000,10
79,56,2.232000,9
79,57,1.781000,9
79,58,1.440000,7
79,59,1.518000,8
79,60,1.239000,7
79,61,1.319000,7
79,62,2.099000,10
79,63,1.774000,8
79,64,1.955000,10
79,65,2.239000,10
79,66,1.593000,8
79,67,3.372000,14
79,68,3.611000,21
79,69,1.833000,12
79,70,2.077000,12
79,71,0.566000,13
79,72,0.261000,12
79,73,2.040000,13
79,74,2.212000,13
79,75,1.520000,7
79,76,2.191000,12
79,77,2.121000,12
79,78,1.908000,11
79,79,2.212000,10
79,80,2.126000,10
79,81,1.490000,8
79,82,2.074000,12
79,83,2.943000,14
79,84,1.628000,14
79,85,2.519000,12
79,86,1.530000,7
79,87,1.844000,12
79,88,1.944000,11
79,89,2.438000,13
79,90,2.013000,13
79,91,1.459000,7
79,92,1.554000,8
79,93,1.641000,9
79,94,2.213000,14
79,95,1.767000,9
79,96,1.936000,8
80,1,2.544000,13
80,2,2.174000,12
80,3,2.214000,13
80,4,1.708000,10
80,5,2.219000,15
80,6,1.958000,13
80,7,2.353000,11
80,8,1.904000,10
80,9,2.054000,11
80,10,2.301000,12
80,11,1.811000,11
80,12,1.892000,11
80,13,1.869000,10
80,14,2.125000,10
80,15,2.612000,13
80,16,1.867000,10
80,17,2.749000,14
80,18,1.690000,12
80,19,2.108000,11
80,20,2.488000,15
80,21,2.196000,11
80,22,1.910000,10
80,23,2.546000,13
80,24,1.637000,10
80,25,3.624000,19
80,26,1.895000,10
80,27,1.896000,12
80,28,2.367000,14
80,29,2.351000,12
80,30,1.022000,13
80,31,1.965000,13
80,32,2.225000,12
80,33,2.468000,13
80,34,2.246000,11
80,35,1.617000,11
80,36,1.829000,8
80,37,2.967000,14
80,38,2.095000,12
80,39,1.725000,10
80,40,3.122000,14
80,41,2.129000,12
80,42,0.510000,7
80,43,1.709000,10
80,44,2.784000,13
80,45,2.291000,13
80,46,2.719000,13
80,47,2.021000,13
80,48,1.399000,10
80,49,2.092000,10
80,50,1.779000,10
80,51,1.491000,10
80,52,2.063000,10
80,53,2.507000,10
80,54,2.036000,10
80,55,1.853000,10
80,56,1.612000,9
80,57,1.405000,9
80,58,2.084000,9
80,59,2.128000,10
80,60,1.669000,9
80,61,1.494000,7
80,62,1.899000,10
80,63,2.398000,10
80,64,1.698000,8
80,65,1.751000,10
80,66,1.581000,10
80,67,1.715000,11
80,68,2.158000,13
80,69,2.431000,12
80,70,1.733000,12
80,71,2.262000,13
80,72,1.897000,12
80,73,1.862000,13
80,74,2.415000,13
80,75,2.049000,13
80,76,2.143000,12
80,77,2.106000,10
80,78,1.688000,10
80,79,1.747000,8
80,80,1.799000,11
80,81,1.181000,8
80,82,2.895000,12
80,83,2.914000,14
80,84,0.978000,14
80,85,2.761000,12
80,86,1.114000,7
80,87,2.407000,12
80,88,2.654000,12
80,89,3.892000,21
80,90,0.378000,9
80,91,1.014000,7
80,92,1.898000,12
80,93,2.108000,9
80,94,2.467000,14
80,95,2.099000,9
80,96,2.221000,8
81,1,2.173000,11
81,2,2.272000,12
81,3,2.822000,13
81,4,2.341000,10
81,5,2.365000,14
81,6,1.371000,14
81,7,1.980000,11
81,8,2.126000,14
81,9,1.953000,11
81,10,2.386000,12
81,11,2.284000,12
81,12,1.486000,12
81,13,2.515000,11
81,14,1.933000,10
81,15,2.452000,13
81,16,1.836000,11
81,17,2.259000,11
81,18,1.614000,12
81,19,2.637000,13
81,20,2.363000,14
81,21,2.146000,10
81,22,2.958000,16
81,23,2.048000,13
81,24,1.017000,11
81,25,3.165000,20
81,26,2.175000,11
81,27,1.923000,11
81,28,2.445000,14
81,29,3.129000,20
81,30,0.540000,12
81,31,2.771000,17
81,32,2.133000,12
81,33,2.713000,13
81,34,2.246000,10
81,35,1.946000,12
81,36,1.373000,13
81,37,1.875000,10
81,38,2.373000,11
81,39,1.961000,10
81,40,2.506000,11
81,41,1.992000,9
81,42,0.924000,7
81,43,1.587000,10
81,44,2.165000,13
81,45,2.489000,13
81,46,2.555000,13
81,47,2.755000,13
81,48,1.246000,8
81,49,1.782000,10
81,50,2.508000,10
81,51,1.768000,10
81,52,1.749000,10
81,53,1.877000,10
81,54,1.494000,10
81,55,2.007000,10
81,56,1.761000,10
81,57,1.698000,10
81,58,2.231000,10
81,59,1.985000,11
81,60,1.459000,9
81,61,1.798000,8
81,62,2.310000,10
81,63,2.134000,11
81,64,1.726000,10
81,65,1.627000,10
81,66,1.522000,8
81,67,2.352000,13
81,68,3.318000,16
81,69,2.427000,12
81,70,2.487000,13
81,71,1.707000,13
81,72,1.017000,12
81,73,2.640000,13
81,74,2.730000,14
81,75,2.074000,11
81,76,2.189000,14
81,77,1.713000,12
81,78,1.113000,11
81,79,1.964000,10
81,80,1.944000,10
81,81,1.542000,10
81,82,2.342000,12
81,83,3.093000,13
81,84,1.991000,14
81,85,2.156000,8
81,86,1.660000,7
81,87,1.491000,7
81,88,1.939000,12
81,89,3.631000,19
81,90,1.246000,8
81,91,1.251000,7
81,92,1.352000,7
81,93,1.835000,9
81,94,2.622000,13
81,95,1.619000,9
81,96,2.001000,8
82,1,2.631000,13
82,2,2.470000,12
82,3,2.721000,13
82,4,1.627000,10
82,5,2.470000,14
82,6,0.890000,14
82,7,1.554000,9
82,8,2.121000,12
82,9,2.052000,11
82,10,1.902000,11
82,11,2.403000,12
82,12,2.032000,12
82,13,2.308000,10
82,14,1.621000,10
82,15,2.115000,13
82,16,1.842000,10
82,17,1.723000,11
82,18,2.209000,12
82,19,2.310000,12
82,20,2.496000,15
82,21,2.188000,13
82,22,1.750000,7
82,23,1.951000,12
82,24,1.856000,11
82,25,3.219000,20
82,26,2.612000,11
82,27,2.081000,11
82,28,2.644000,14
82,29,2.016000,11
82,30,0.409000,12
82,31,1.974000,12
82,32,2.540000,13
82,33,2.360000,14
82,34,1.730000,10
82,35,1.951000,12
82,36,1.433000,10
82,37,2.310000,9
82,38,2.033000,10
82,39,1.190000,7
82,40,2.177000,11
82,41,2.082000,11
82,42,1.525000,7
82,43,2.336000,10
82,44,2.303000,13
82,45,2.389000,13
82,46,2.355000,13
82,47,2.304000,13
82,48,0.967000,8
82,49,1.727000,10
82,50,1.909000,10
82,51,2.010000,10
82,52,2.007000,10
82,53,2.083000,10
82,54,1.955000,10
82,55,2.056000,10
82,56,2.208000,11
82,57,2.319000,11
82,58,1.998000,11
82,59,2.256000,10
82,60,1.469000,9
82,61,2.488000,10
82,62,2.053000,10
82,63,1.884000,10
82,64,2.337000,11
82,65,2.499000,11
82,66,1.341000,10
82,67,2.305000,13
82,68,2.206000,12
82,69,2.591000,13
82,70,2.287000,12
82,71,2.194000,13
82,72,0.886000,12
82,73,2.176000,13
82,74,2.212000,13
82,75,2.742000,15
82,76,2.421000,13
82,77,2.099000,11
82,78,0.894000,8
82,79,1.959000,11
82,80,2.223000,11
82,81,2.191000,10
82,82,2.238000,12
82,83,2.402000,13
82,84,1.773000,14
82,85,1.489000,8
82,86,1.287000,7
82,87,1.355000,7
82,88,2.032000,12
82,89,3.607000,21
82,90,1.576000,7
82,91,1.552000,7
82,92,1.677000,7
82,93,2.051000,9
82,94,2.319000,14
82,95,1.116000,7
82,96,1.311000,8
83,1,2.110000,11
83,2,2.214000,12
83,3,2.195000,13
83,4,1.627000,9
83,5,2.265000,14
83,6,1.596000,14
83,7,2.104000,9
83,8,2.127000,11
83,9,2.240000,11
83,10,1.435000,8
83,11,2.048000,12
83,12,2.241000,12
83,13,1.670000,10
83,14,1.964000,10
83,15,2.482000,13
83,16,2.301000,11
83,17,1.878000,11
83,18,1.929000,11
83,19,2.447000,12
83,20,3.056000,17
83,21,2.235000,12
83,22,1.820000,10
83,23,1.999000,10
83,24,0.986000,11
83,25,3.908000,20
83,26,1.386000,10
83,27,1.643000,11
83,28,2.169000,13
83,29,2.818000,20
83,30,0.802000,12
83,31,2.438000,14
83,32,2.695000,14
83,33,1.459000,9
83,34,2.146000,12
83,35,1.287000,10
83,36,1.641000,10
83,37,1.333000,8
83,38,1.581000,9
83,39,1.755000,8
83,40,1.836000,11
83,41,2.166000,10
83,42,1.774000,7
83,43,1.209000,10
83,44,2.581000,13
83,45,2.469000,13
83,46,3.096000,13
83,47,2.173000,13
83,48,0.841000,8
83,49,2.222000,10
83,50,2.120000,10
83,51,2.142000,10
83,52,2.356000,10
83,53,1.704000,10
83,54,0.319000,10
83,55,1.902000,10
83,56,1.831000,10
83,57,1.904000,10
83,58,1.930000,10
83,59,2.322000,11
83,60,1.559000,9
83,61,1.495000,8
83,62,2.127000,10
83,63,1.843000,11
83,64,1.872000,10
83,65,1.891000,10
83,66,1.531000,8
83,67,1.926000,10
83,68,2.053000,12
83,69,2.225000,12
83,70,2.340000,13
83,71,2.350000,13
83,72,1.064000,12
83,73,2.114000,13
83,74,2.386000,13
83,75,2.527000,13
83,76,2.467000,13
83,77,2.013000,12
83,78,1.225000,11
83,79,1.650000,10
83,80,2.156000,10
83,81,1.467000,10
83,82,2.519000,12
83,83,2.085000,13
83,84,1.885000,14
83,85,1.803000,8
83,86,1.309000,7
83,87,1.465000,7
83,88,2.324000,12
83,89,2.016000,8
83,90,1.490000,7
83,91,1.203000,7
83,92,2.206000,12
83,93,1.722000,9
83,94,2.474000,14
83,95,2.028000,7
83,96,1.662000,8
84,1,2.626000,13
84,2,2.300000,12
84,3,2.197000,13
84,4,1.817000,10
84,5,2.049000,14
84,6,1.416000,14
84,7,1.558000,9
84,8,1.481000,11
84,9,1.939000,12
84,10,1.880000,10
84,11,1.927000,12
84,12,2.109000,12
84,13,2.677000,11
84,14,1.965000,10
84,15,3.144000,13
84,16,1.946000,11
84,17,1.781000,12
84,18,0.969000,11
84,19,2.687000,14
84,20,2.500000,15
84,21,2.272000,11
84,22,2.306000,12
84,23,2.262000,13
84,24,0.675000,11
84,25,3.833000,20
84,26,2.440000,12
84,27,2.300000,12
84,28,2.347000,12
84,29,1.667000,18
84,30,0.399000,12
84,31,2.830000,18
84,32,2.500000,12
84,33,2.708000,13
84,34,1.791000,10
84,35,2.225000,16
84,36,0.429000,9
84,37,1.556000,8
84,38,1.645000,9
84,39,1.753000,8
84,40,1.664000,11
84,41,2.017000,10
84,42,1.513000,7
84,43,1.796000,10
84,44,2.443000,13
84,45,2.280000,13
84,46,1.889000,13
84,47,2.468000,13
84,48,1.017000,8
84,49,2.105000,10
84,50,1.756000,10
84,51,1.950000,10
84,52,2.000000,10
84,53,1.690000,10
84,54,1.912000,10
84,55,1.924000,10
84,56,1.831000,10
84,57,2.129000,11
84,58,1.819000,11
84,59,1.717000,10
84,60,1.591000,9
84,61,1.792000,10
84,62,2.304000,10
84,63,1.962000,10
84,64,2.190000,11
84,65,1.503000,11
84,66,0.399000,10
84,67,1.346000,7
84,68,2.757000,12
84,69,2.238000,12
84,70,1.728000,12
84,71,2.262000,13
84,72,1.410000,12
84,73,2.638000,13
84,74,2.141000,13
84,75,2.100000,13
84,76,2.160000,13
84,77,1.726000,12
84,78,1.050000,8
84,79,1.681000,11
84,80,1.758000,11
84,81,1.694000,10
84,82,2.240000,12
84,83,2.499000,13
84,84,1.426000,14
84,85,1.785000,8
84,86,1.283000,7
84,87,1.187000,7
84,88,3.190000,17
84,89,1.339000,8
84,90,1.727000,7
84,91,1.645000,7
84,92,1.179000,7
84,93,1.935000,9
84,94,2.474000,14
84,95,1.534000,8
84,96,1.649000,8
85,1,2.286000,13
85,2,2.985000,12
85,3,2.370000,13
85,4,2.607000,10
85,5,2.126000,14
85,6,0.609000,15
85,7,1.345000,9
85,8,2.142000,11
85,9,2.207000,11
85,10,1.613000,10
85,11,2.487000,12
85,12,1.612000,12
85,13,1.835000,10
85,14,1.607000,10
85,15,2.521000,13
85,16,1.786000,11
85,17,2.772000,12
85,18,1.731000,11
85,19,3.210000,15
85,20,2.498000,14
85,21,1.933000,10
85,22,1.563000,9
85,23,2.547000,15
85,24,0.732000,7
85,25,3.094000,20
85,26,2.441000,11
85,27,2.940000,15
85,28,1.936000,12
85,29,2.068000,16
85,30,0.399000,12
85,31,2.480000,16
85,32,2.189000,13
85,33,1.902000,12
85,34,2.246000,13
85,35,1.771000,11
85,36,1.595000,8
85,37,1.789000,8
85,38,1.677000,9
85,39,1.419000,7
85,40,1.971000,11
85,41,1.997000,11
85,42,1.870000,8
85,43,2.109000,10
85,44,2.289000,13
85,45,2.261000,13
85,46,2.468000,13
85,47,1.975000,13
85,48,1.083000,8
85,49,1.739000,10
85,50,2.349000,10
85,51,1.850000,10
85,52,2.029000,10
85,53,1.389000,10
85,54,1.918000,10
85,55,1.966000,10
85,56,1.516000,10
85,57,1.613000,10
85,58,2.104000,10
85,59,1.883000,11
85,60,1.824000,9
85,61,1.564000,8
85,62,1.875000,10
85,63,2.018000,11
85,64,1.436000,10
85,65,1.818000,10
85,66,1.500000,8
85,67,1.643000,8
85,68,2.484000,11
85,69,2.497000,12
85,70,2.142000,13
85,71,2.723000,13
85,72,1.015000,12
85,73,2.354000,13
85,74,1.936000,13
85,75,2.111000,13
85,76,2.097000,13
85,77,2.659000,12
85,78,0.610000,11
85,79,1.861000,10
85,80,2.067000,10
85,81,2.159000,10
85,82,2.744000,12
85,83,2.160000,13
85,84,1.583000,14
85,85,1.966000,8
85,86,1.564000,7
85,87,1.725000,7
85,88,1.824000,9
85,89,1.578000,8
85,90,1.171000,7
85,91,1.413000,7
85,92,2.035000,7
85,93,2.108000,9
85,94,2.662000,14
85,95,1.452000,7
85,96,1.403000,8
86,1,2.295000,13
86,2,2.233000,12
86,3,1.998000,12
86,4,1.936000,11
86,5,2.145000,14
86,6,1.806000,14
86,7,1.603000,10
86,8,2.336000,12
86,9,1.635000,10
86,10,1.701000,9
86,11,1.741000,12
86,12,1.803000,12
86,13,2.287000,11
86,14,2.026000,10
86,15,1.872000,11
86,16,2.447000,11
86,17,1.629000,11
86,18,0.715000,12
86,19,2.295000,13
86,20,3.267000,15
86,21,1.401000,9
86,22,1.890000,9
86,23,1.453000,11
86,24,1.878000,12
86,25,4.160000,26
86,26,2.344000,11
86,27,2.379000,10
86,28,2.321000,10
86,29,1.371000,11
86,30,0.153000,13
86,31,1.960000,13
86,32,2.448000,13
86,33,1.989000,12
86,34,2.223000,9
86,35,1.943000,10
86,36,1.135000,8
86,37,2.037000,8
86,38,1.922000,9
86,39,1.516000,9
86,40,3.205000,11
86,41,1.871000,12
86,42,0.980000,9
86,43,2.080000,10
86,44,2.005000,13
86,45,1.866000,13
86,46,2.382000,13
86,47,2.488000,13
86,48,1.175000,12
86,49,2.287000,10
86,50,1.813000,10
86,51,1.794000,10
86,52,1.805000,10
86,53,2.027000,10
86,54,1.174000,7
86,55,1.747000,10
86,56,1.627000,10
86,57,1.676000,10
86,58,2.062000,11
86,59,1.897000,10
86,60,1.279000,10
86,61,1.845000,10
86,62,1.536000,7
86,63,2.464000,10
86,64,1.420000,11
86,65,2.421000,11
86,66,1.846000,9
86,67,1.365000,8
86,68,2.722000,12
86,69,2.379000,12
86,70,2.395000,12
86,71,2.368000,13
86,72,1.264000,12
86,73,2.287000,13
86,74,2.472000,13
86,75,3.436000,14
86,76,2.082000,12
86,77,1.982000,15
86,78,0.371000,8
86,79,2.287000,11
86,80,1.770000,10
86,81,2.304000,13
86,82,2.063000,12
86,83,2.452000,12
86,84,1.160000,13
86,85,1.611000,8
86,86,1.548000,7
86,87,1.686000,9
86,88,2.367000,15
86,89,1.866000,8
86,90,1.335000,7
86,91,1.880000,8
86,92,1.691000,8
86,93,2.079000,9
86,94,2.436000,15
86,95,1.809000,12
86,96,1.514000,8
87,1,2.658000,13
87,2,1.967000,12
87,3,2.056000,12
87,4,1.740000,10
87,5,2.404000,14
87,6,1.294000,14
87,7,1.653000,10
87,8,2.628000,13
87,9,2.015000,10
87,10,2.282000,11
87,11,2.110000,12
87,12,1.825000,13
87,13,2.191000,11
87,14,2.143000,10
87,15,2.359000,11
87,16,2.047000,11
87,17,1.931000,11
87,18,1.096000,12
87,19,2.957000,14
87,20,1.526000,12
87,21,2.016000,9
87,22,1.850000,9
87,23,2.365000,10
87,24,1.745000,10
87,25,4.659000,22
87,26,1.696000,9
87,27,1.468000,8
87,28,2.098000,11
87,29,2.365000,18
87,30,0.640000,13
87,31,2.230000,11
87,32,2.786000,12
87,33,2.310000,11
87,34,1.772000,9
87,35,1.514000,8
87,36,1.387000,8
87,37,2.097000,8
87,38,1.607000,9
87,39,1.174000,9
87,40,2.049000,11
87,41,2.016000,11
87,42,1.304000,7
87,43,1.974000,10
87,44,2.655000,13
87,45,2.229000,13
87,46,2.472000,13
87,47,2.286000,13
87,48,1.277000,13
87,49,1.760000,10
87,50,1.778000,10
87,51,1.657000,10
87,52,2.344000,10
87,53,2.013000,10
87,54,1.483000,7
87,55,2.022000,10
87,56,2.658000,10
87,57,1.947000,10
87,58,2.402000,10
87,59,2.047000,11
87,60,1.349000,11
87,61,2.221000,11
87,62,1.290000,7
87,63,2.080000,10
87,64,2.087000,10
87,65,1.881000,9
87,66,0.933000,8
87,67,2.507000,8
87,68,1.898000,11
87,69,2.503000,12
87,70,2.388000,13
87,71,2.175000,13
87,72,1.185000,12
87,73,2.246000,13
87,74,1.919000,13
87,75,2.169000,14
87,76,2.399000,11
87,77,2.327000,13
87,78,1.437000,11
87,79,1.974000,10
87,80,2.252000,11
87,81,2.633000,13
87,82,2.080000,12
87,83,2.099000,12
87,84,1.598000,13
87,85,1.674000,8
87,86,1.484000,7
87,87,1.708000,9
87,88,2.965000,16
87,89,1.564000,8
87,90,1.336000,7
87,91,1.537000,8
87,92,2.353000,14
87,93,1.610000,9
87,94,2.426000,15
87,95,1.451000,10
87,96,1.429000,8
88,1,1.489000,11
88,2,2.094000,12
88,3,2.271000,12
88,4,2.079000,11
88,5,2.450000,14
88,6,1.824000,14
88,7,1.871000,10
88,8,2.514000,14
88,9,2.269000,11
88,10,2.100000,10
88,11,2.273000,12
88,12,1.243000,13
88,13,1.784000,11
88,14,2.079000,10
88,15,2.318000,12
88,16,2.191000,11
88,17,1.820000,11
88,18,0.652000,12
88,19,2.177000,12
88,20,2.905000,16
88,21,2.502000,11
88,22,2.494000,9
88,23,1.532000,10
88,24,0.870000,9
88,25,3.768000,20
88,26,3.284000,16
88,27,2.849000,16
88,28,1.999000,12
88,29,0.970000,18
88,30,0.144000,13
88,31,2.345000,13
88,32,2.106000,10
88,33,1.969000,10
88,34,1.456000,9
88,35,1.758000,8
88,36,1.491000,8
88,37,1.306000,8
88,38,2.191000,9
88,39,1.896000,9
88,40,1.734000,11
88,41,2.082000,11
88,42,1.175000,7
88,43,2.008000,10
88,44,2.801000,13
88,45,2.096000,13
88,46,2.115000,13
88,47,2.442000,13
88,48,0.950000,9
88,49,1.873000,10
88,50,1.884000,10
88,51,2.184000,10
88,52,2.091000,10
88,53,1.813000,10
88,54,1.254000,7
88,55,2.008000,10
88,56,2.125000,10
88,57,1.739000,10
88,58,1.836000,10
88,59,2.174000,10
88,60,1.663000,10
88,61,1.489000,10
88,62,1.457000,7
88,63,2.194000,11
88,64,1.773000,11
88,65,2.174000,11
88,66,1.755000,9
88,67,2.117000,8
88,68,2.482000,11
88,69,1.857000,12
88,70,1.859000,12
88,71,2.182000,13
88,72,0.979000,12
88,73,2.237000,13
88,74,2.338000,13
88,75,2.821000,14
88,76,2.899000,14
88,77,2.301000,18
88,78,0.293000,8
88,79,2.207000,11
88,80,2.228000,10
88,81,2.222000,13
88,82,2.648000,12
88,83,1.950000,12
88,84,1.269000,13
88,85,1.329000,8
88,86,1.576000,7
88,87,1.398000,9
88,88,2.151000,13
88,89,1.498000,8
88,90,1.444000,7
88,91,2.125000,8
88,92,2.415000,13
88,93,1.771000,9
88,94,2.904000,15
88,95,1.224000,9
88,96,1.323000,8
89,1,1.968000,13
89,2,2.396000,12
89,3,2.760000,12
89,4,2.096000,11
89,5,2.227000,14
89,6,1.035000,14
89,7,1.856000,10
89,8,2.348000,12
89,9,1.924000,11
89,10,2.078000,11
89,11,2.208000,12
89,12,1.825000,13
89,13,2.589000,12
89,14,2.339000,10
89,15,2.707000,12
89,16,1.997000,11
89,17,1.985000,11
89,18,1.129000,12
89,19,2.152000,12
89,20,2.810000,16
89,21,2.220000,11
89,22,1.596000,9
89,23,1.605000,10
89,24,1.357000,9
89,25,3.374000,21
89,26,2.522000,12
89,27,2.627000,15
89,28,1.889000,11
89,29,1.961000,18
89,30,0.274000,11
89,31,1.951000,10
89,32,1.954000,12
89,33,2.393000,10
89,34,1.899000,9
89,35,1.120000,8
89,36,1.302000,8
89,37,1.745000,8
89,38,1.419000,9
89,39,2.245000,9
89,40,1.960000,11
89,41,1.579000,11
89,42,1.274000,7
89,43,1.945000,10
89,44,2.937000,13
89,45,2.962000,13
89,46,2.611000,13
89,47,2.044000,13
89,48,0.488000,9
89,49,2.214000,10
89,50,2.075000,10
89,51,1.857000,10
89,52,1.933000,10
89,53,2.251000,10
89,54,1.098000,7
89,55,1.939000,10
89,56,2.483000,10
89,57,2.030000,10
89,58,2.255000,11
89,59,1.563000,10
89,60,1.502000,11
89,61,1.676000,11
89,62,1.097000,7
89,63,1.675000,10
89,64,2.032000,10
89,65,1.546000,9
89,66,1.518000,8
89,67,1.723000,8
89,68,2.408000,11
89,69,2.388000,12
89,70,1.817000,13
89,71,2.585000,13
89,72,1.484000,12
89,73,2.224000,13
89,74,2.643000,13
89,75,2.210000,14
89,76,2.046000,12
89,77,1.880000,14
89,78,1.374000,11
89,79,1.945000,10
89,80,1.858000,10
89,81,2.660000,13
89,82,2.372000,12
89,83,2.404000,12
89,84,1.242000,13
89,85,1.856000,8
89,86,1.527000,7
89,87,1.569000,9
89,88,2.481000,13
89,89,1.848000,8
89,90,1.277000,7
89,91,1.160000,8
89,92,2.272000,13
89,93,2.085000,9
89,94,2.536000,15
89,95,1.947000,9
89,96,1.209000,8
90,1,2.539000,14
90,2,2.773000,12
90,3,2.099000,12
90,4,2.126000,11
90,5,2.238000,14
90,6,0.920000,14
90,7,1.548000,10
90,8,2.353000,12
90,9,2.386000,11
90,10,1.914000,10
90,11,1.793000,12
90,12,1.914000,13
90,13,1.863000,12
90,14,1.593000,10
90,15,1.991000,12
90,16,2.222000,11
90,17,1.753000,11
90,18,1.883000,12
90,19,2.336000,12
90,20,2.444000,15
90,21,1.900000,10
90,22,1.712000,9
90,23,2.380000,10
90,24,1.339000,9
90,25,4.028000,22
90,26,2.013000,9
90,27,1.928000,12
90,28,1.889000,9
90,29,2.254000,17
90,30,0.177000,13
90,31,2.476000,10
90,32,2.434000,13
90,33,1.982000,10
90,34,1.549000,8
90,35,1.531000,8
90,36,1.582000,8
90,37,2.402000,9
90,38,1.755000,9
90,39,1.562000,8
90,40,2.104000,11
90,41,2.092000,12
90,42,0.986000,7
90,43,1.528000,10
90,44,2.225000,13
90,45,2.476000,13
90,46,2.374000,13
90,47,2.319000,13
90,48,1.036000,9
90,49,2.288000,10
90,50,1.613000,10
90,51,1.855000,10
90,52,2.096000,10
90,53,1.813000,10
90,54,1.521000,7
90,55,2.304000,10
90,56,2.033000,10
90,57,2.223000,10
90,58,2.401000,10
90,59,2.115000,11
90,60,1.207000,10
90,61,1.656000,10
90,62,1.628000,7
90,63,2.005000,10
90,64,2.176000,11
90,65,1.437000,10
90,66,1.298000,9
90,67,2.236000,8
90,68,2.726000,14
90,69,2.278000,12
90,70,2.051000,12
90,71,2.018000,13
90,72,0.736000,12
90,73,2.269000,13
90,74,2.820000,13
90,75,2.798000,14
90,76,2.051000,12
90,77,1.969000,15
90,78,0.665000,8
90,79,1.943000,11
90,80,1.924000,11
90,81,1.977000,13
90,82,2.202000,12
90,83,2.083000,12
90,84,1.334000,13
90,85,2.265000,9
90,86,1.645000,7
90,87,1.687000,9
90,88,2.227000,13
90,89,1.662000,8
90,90,1.709000,7
90,91,1.460000,8
90,92,1.920000,13
90,93,1.693000,9
90,94,2.594000,15
90,95,1.172000,9
90,96,1.361000,8
91,1,1.791000,11
91,2,2.473000,13
91,3,2.268000,12
91,4,2.080000,10
91,5,2.686000,16
91,6,1.861000,14
91,7,2.518000,11
91,8,3.056000,14
91,9,2.587000,13
91,10,1.952000,11
91,11,2.220000,12
91,12,0.970000,13
91,13,1.903000,11
91,14,2.407000,10
91,15,2.497000,12
91,16,1.772000,11
91,17,1.940000,11
91,18,2.303000,14
91,19,1.799000,11
91,20,2.999000,16
91,21,1.723000,11
91,22,2.081000,9
91,23,1.675000,9
91,24,1.855000,9
91,25,3.984000,23
91,26,2.254000,9
91,27,1.846000,9
91,28,1.789000,9
91,29,2.016000,11
91,30,1.320000,10
91,31,1.847000,10
91,32,2.273000,12
91,33,1.855000,10
91,34,1.518000,8
91,35,1.643000,8
91,36,1.372000,8
91,37,1.792000,9
91,38,1.722000,9
91,39,1.632000,9
91,40,2.181000,11
91,41,1.460000,7
91,42,1.433000,7
91,43,1.917000,12
91,44,2.511000,13
91,45,2.071000,14
91,46,2.185000,13
91,47,2.311000,13
91,48,1.832000,12
91,49,1.921000,10
91,50,2.312000,10
91,51,2.114000,10
91,52,1.975000,10
91,53,1.962000,10
91,54,1.315000,7
91,55,2.015000,10
91,56,1.779000,10
91,57,2.437000,10
91,58,2.127000,10
91,59,2.354000,10
91,60,1.543000,11
91,61,2.099000,11
91,62,1.632000,7
91,63,2.743000,11
91,64,1.787000,10
91,65,2.079000,11
91,66,1.447000,8
91,67,1.563000,8
91,68,2.015000,12
91,69,2.411000,12
91,70,2.437000,14
91,71,1.986000,13
91,72,1.350000,12
91,73,1.784000,13
91,74,2.708000,13
91,75,2.580000,14
91,76,2.614000,12
91,77,2.875000,16
91,78,0.704000,9
91,79,2.187000,10
91,80,1.781000,10
91,81,1.996000,12
91,82,2.613000,13
91,83,1.960000,13
91,84,2.371000,14
91,85,1.650000,9
91,86,2.303000,7
91,87,1.663000,9
91,88,4.544000,14
91,89,1.659000,8
91,90,1.143000,9
91,91,1.444000,8
91,92,2.525000,14
91,93,2.988000,14
91,94,2.709000,15
91,95,1.768000,7
91,96,1.515000,8
92,1,2.492000,13
92,2,1.908000,13
92,3,1.960000,12
92,4,1.978000,10
92,5,2.781000,16
92,6,2.518000,14
92,7,2.075000,9
92,8,2.571000,14
92,9,2.149000,13
92,10,1.998000,10
92,11,1.963000,8
92,12,2.481000,13
92,13,1.808000,10
92,14,2.026000,10
92,15,1.902000,12
92,16,2.086000,11
92,17,1.911000,11
92,18,2.710000,14
92,19,2.650000,11
92,20,2.882000,16
92,21,2.269000,11
92,22,2.220000,9
92,23,2.230000,9
92,24,1.395000,9
92,25,4.058000,23
92,26,2.144000,9
92,27,1.967000,9
92,28,1.911000,9
92,29,2.773000,14
92,30,0.984000,11
92,31,1.681000,8
92,32,1.706000,11
92,33,2.419000,10
92,34,1.618000,8
92,35,1.977000,8
92,36,1.685000,8
92,37,1.808000,9
92,38,1.823000,9
92,39,1.603000,9
92,40,2.241000,11
92,41,1.952000,11
92,42,1.286000,7
92,43,1.945000,12
92,44,2.707000,13
92,45,2.173000,14
92,46,2.294000,13
92,47,3.420000,13
92,48,1.173000,9
92,49,2.304000,10
92,50,1.725000,10
92,51,1.519000,10
92,52,2.622000,10
92,53,2.389000,10
92,54,2.158000,7
92,55,2.269000,10
92,56,2.465000,10
92,57,1.680000,10
92,58,2.125000,10
92,59,1.926000,10
92,60,2.506000,10
92,61,2.011000,10
92,62,1.580000,7
92,63,2.000000,10
92,64,1.729000,11
92,65,1.454000,9
92,66,2.197000,9
92,67,1.396000,8
92,68,2.065000,13
92,69,2.274000,12
92,70,1.611000,12
92,71,2.207000,13
92,72,2.749000,12
92,73,1.815000,13
92,74,2.474000,13
92,75,2.312000,14
92,76,3.116000,16
92,77,2.934000,16
92,78,1.041000,8
92,79,2.490000,11
92,80,1.876000,10
92,81,2.009000,12
92,82,2.767000,13
92,83,2.360000,12
92,84,2.078000,14
92,85,1.362000,9
92,86,1.238000,7
92,87,1.582000,9
92,88,2.466000,14
92,89,1.874000,8
92,90,1.979000,7
92,91,1.817000,8
92,92,2.495000,14
92,93,2.230000,14
92,94,2.630000,14
92,95,1.721000,7
92,96,1.890000,8
93,1,3.512000,13
93,2,3.038000,13
93,3,3.388000,12
93,4,2.864000,10
93,5,3.356000,16
93,6,1.605000,14
93,7,2.503000,9
93,8,3.281000,14
93,9,3.390000,13
93,10,3.159000,11
93,11,1.536000,7
93,12,2.279000,12
93,13,3.309000,12
93,14,2.788000,10
93,15,3.150000,12
93,16,2.838000,11
93,17,2.913000,11
93,18,2.175000,14
93,19,3.224000,11
93,20,3.261000,13
93,21,2.874000,11
93,22,2.465000,9
93,23,2.139000,9
93,24,0.548000,9
93,25,5.230000,23
93,26,2.150000,9
93,27,3.087000,9
93,28,2.418000,9
93,29,2.927000,11
93,30,1.735000,11
93,31,2.511000,10
93,32,3.031000,12
93,33,2.832000,10
93,34,2.866000,8
93,35,2.139000,8
93,36,1.987000,8
93,37,2.333000,9
93,38,2.613000,9
93,39,2.053000,9
93,40,2.905000,11
93,41,2.568000,11
93,42,1.951000,7
93,43,3.022000,12
93,44,2.975000,13
93,45,3.419000,14
93,46,2.617000,13
93,47,3.092000,13
93,48,2.365000,13
93,49,2.801000,10
93,50,3.110000,10
93,51,2.861000,10
93,52,2.561000,10
93,53,2.702000,10
93,54,1.999000,7
93,55,2.801000,10
93,56,2.923000,10
93,57,2.682000,10
93,58,3.072000,10
93,59,2.528000,10
93,60,2.517000,11
93,61,3.025000,11
93,62,2.411000,7
93,63,2.716000,10
93,64,2.348000,10
93,65,2.632000,11
93,66,2.260000,8
93,67,2.278000,8
93,68,3.372000,13
93,69,3.401000,12
93,70,2.990000,13
93,71,3.034000,13
93,72,2.331000,12
93,73,3.087000,13
93,74,3.436000,13
93,75,3.817000,14
93,76,3.249000,14
93,77,3.304000,16
93,78,1.045000,9
93,79,2.801000,10
93,80,2.813000,10
93,81,2.944000,12
93,82,3.461000,13
93,83,3.239000,13
93,84,2.393000,14
93,85,2.801000,10
93,86,2.017000,7
93,87,2.168000,9
93,88,3.849000,14
93,89,2.834000,8
93,90,2.491000,7
93,91,2.805000,9
93,92,3.579000,14
93,93,3.704000,14
93,94,3.687000,14
93,95,2.237000,8
93,96,1.431000,8
94,1,3.736000,13
94,2,3.375000,13
94,3,2.855000,12
94,4,2.953000,11
94,5,3.331000,12
94,6,2.385000,14
94,7,2.921000,10
94,8,3.538000,14
94,9,3.711000,14
94,10,2.931000,10
94,11,2.351000,7
94,12,2.437000,12
94,13,3.403000,11
94,14,3.380000,10
94,15,2.965000,12
94,16,2.785000,11
94,17,2.743000,11
94,18,2.919000,14
94,19,3.500000,11
94,20,3.631000,14
94,21,3.345000,12
94,22,2.867000,9
94,23,3.171000,9
94,24,1.937000,9
94,25,6.286000,23
94,26,2.513000,9
94,27,2.384000,9
94,28,2.561000,9
94,29,3.269000,11
94,30,1.539000,11
94,31,2.857000,10
94,32,3.598000,12
94,33,3.035000,10
94,34,2.740000,8
94,35,2.159000,8
94,36,0.134000,8
94,37,2.862000,9
94,38,2.746000,9
94,39,2.630000,9
94,40,3.326000,11
94,41,2.679000,9
94,42,2.305000,7
94,43,3.602000,12
94,44,3.392000,13
94,45,3.257000,14
94,46,3.640000,13
94,47,3.221000,13
94,48,0.934000,9
94,49,2.650000,10
94,50,3.063000,10
94,51,3.124000,10
94,52,3.231000,10
94,53,2.770000,10
94,54,2.429000,7
94,55,3.232000,10
94,56,3.451000,10
94,57,2.844000,10
94,58,2.905000,10
94,59,2.750000,11
94,60,2.255000,10
94,61,2.893000,10
94,62,2.640000,7
94,63,2.662000,11
94,64,3.347000,11
94,65,2.906000,9
94,66,2.345000,9
94,67,2.176000,8
94,68,3.551000,13
94,69,2.676000,12
94,70,3.076000,12
94,71,3.221000,13
94,72,3.067000,12
94,73,3.402000,13
94,74,3.637000,13
94,75,3.404000,14
94,76,3.417000,14
94,77,3.750000,16
94,78,0.628000,8
94,79,3.311000,11
94,80,2.934000,10
94,81,3.092000,12
94,82,3.615000,13
94,83,3.209000,12
94,84,1.908000,14
94,85,3.604000,10
94,86,2.383000,7
94,87,2.295000,9
94,88,4.194000,14
94,89,2.520000,8
94,90,2.223000,7
94,91,2.662000,8
94,92,3.588000,14
94,93,2.862000,11
94,94,3.710000,14
94,95,2.292000,7
94,96,2.404000,8
95,1,2.662000,13
95,2,2.143000,13
95,3,2.169000,12
95,4,2.353000,11
95,5,2.342000,12
95,6,1.469000,14
95,7,2.354000,11
95,8,2.473000,14
95,9,2.320000,14
95,10,2.447000,11
95,11,1.914000,8
95,12,1.328000,12
95,13,2.400000,12
95,14,2.339000,10
95,15,2.387000,12
95,16,2.523000,11
95,17,1.653000,11
95,18,1.356000,14
95,19,2.470000,11
95,20,2.546000,14
95,21,2.395000,13
95,22,2.079000,11
95,23,1.965000,9
95,24,1.085000,9
95,25,4.850000,25
95,26,1.437000,9
95,27,1.554000,9
95,28,1.490000,9
95,29,1.648000,11
95,30,1.580000,11
95,31,2.350000,10
95,32,2.474000,12
95,33,2.062000,10
95,34,1.590000,8
95,35,1.741000,8
95,36,1.272000,8
95,37,2.182000,9
95,38,1.545000,9
95,39,1.555000,9
95,40,2.069000,11
95,41,1.614000,8
95,42,1.744000,7
95,43,2.466000,12
95,44,2.479000,13
95,45,2.143000,14
95,46,2.799000,13
95,47,2.092000,13
95,48,1.080000,12
95,49,2.357000,10
95,50,1.809000,10
95,51,2.106000,10
95,52,2.035000,10
95,53,1.707000,10
95,54,1.530000,7
95,55,2.357000,10
95,56,2.173000,10
95,57,1.933000,10
95,58,1.678000,10
95,59,2.259000,10
95,60,1.821000,11
95,61,2.222000,11
95,62,1.885000,7
95,63,1.732000,10
95,64,2.236000,10
95,65,1.765000,10
95,66,1.244000,8
95,67,2.006000,8
95,68,2.849000,13
95,69,2.042000,12
95,70,2.273000,13
95,71,2.037000,13
95,72,1.129000,12
95,73,2.655000,13
95,74,2.163000,13
95,75,2.206000,14
95,76,2.349000,13
95,77,2.786000,16
95,78,0.795000,9
95,79,2.352000,10
95,80,1.990000,10
95,81,1.979000,12
95,82,2.446000,13
95,83,2.030000,13
95,84,0.968000,14
95,85,2.352000,10
95,86,1.914000,7
95,87,1.971000,9
95,88,2.248000,14
95,89,1.521000,8
95,90,1.334000,7
95,91,1.972000,7
95,92,2.213000,14
95,93,3.220000,14
95,94,3.117000,14
95,95,1.632000,8
95,96,1.058000,8
96,1,4.237000,14
96,2,2.849000,12
96,3,3.908000,14
96,4,3.283000,11
96,5,3.461000,12
96,6,2.706000,14
96,7,2.928000,10
96,8,4.109000,14
96,9,3.877000,14
96,10,3.352000,10
96,11,4.141000,11
96,12,1.925000,14
96,13,3.953000,13
96,14,2.709000,10
96,15,3.689000,12
96,16,3.878000,11
96,17,2.782000,11
96,18,2.767000,14
96,19,3.371000,11
96,20,3.372000,15
96,21,4.017000,13
96,22,3.483000,11
96,23,2.960000,10
96,24,2.269000,9
96,25,4.724000,19
96,26,2.811000,9
96,27,2.932000,10
96,28,3.368000,11
96,29,3.688000,14
96,30,2.072000,13
96,31,3.377000,10
96,32,2.536000,10
96,33,3.437000,10
96,34,2.762000,8
96,35,2.987000,8
96,36,2.786000,8
96,37,3.279000,9
96,38,2.788000,9
96,39,2.943000,9
96,40,2.593000,9
96,41,2.407000,8
96,42,2.120000,7
96,43,3.927000,12
96,44,3.166000,13
96,45,4.675000,14
96,46,3.612000,13
96,47,3.596000,14
96,48,1.325000,12
96,49,3.585000,10
96,50,2.649000,10
96,51,2.854000,10
96,52,3.392000,10
96,53,3.188000,10
96,54,2.441000,7
96,55,3.315000,10
96,56,2.942000,10
96,57,3.102000,10
96,58,3.372000,10
96,59,2.676000,10
96,60,2.673000,10
96,61,3.315000,10
96,62,1.986000,7
96,63,3.033000,10
96,64,3.490000,11
96,65,4.238000,11
96,66,2.498000,9
96,67,2.811000,8
96,68,4.022000,16
96,69,3.817000,14
96,70,3.345000,12
96,71,4.010000,13
96,72,2.198000,12
96,73,3.788000,13
96,74,3.069000,13
96,75,4.012000,14
96,76,3.918000,12
96,77,4.173000,16
96,78,1.306000,8
96,79,3.783000,11
96,80,3.109000,10
96,81,3.128000,12
96,82,3.118000,13
96,83,3.321000,12
96,84,1.536000,14
96,85,3.091000,10
96,86,2.202000,7
96,87,3.193000,13
96,88,4.233000,14
96,89,3.131000,8
96,90,2.917000,9
96,91,3.052000,8
96,92,3.349000,13
96,93,3.774000,14
96,94,5.041000,15
96,95,3.008000,8
96,96,1.396000,8
97,1,2.849000,11
97,2,2.911000,12
97,3,3.820000,14
97,4,2.978000,11
97,5,3.513000,12
97,6,1.969000,14
97,7,2.706000,11
97,8,3.291000,14
97,9,2.893000,9
97,10,3.236000,10
97,11,3.512000,11
97,12,2.403000,14
97,13,3.149000,12
97,14,3.235000,10
97,15,2.904000,12
97,16,2.987000,11
97,17,3.106000,11
97,18,2.332000,14
97,19,3.136000,11
97,20,3.911000,16
97,21,3.827000,16
97,22,2.717000,10
97,23,2.905000,9
97,24,1.751000,9
97,25,4.751000,20
97,26,2.456000,9
97,27,3.561000,10
97,28,3.867000,13
97,29,2.620000,11
97,30,1.112000,11
97,31,3.136000,10
97,32,2.949000,10
97,33,2.648000,10
97,34,2.183000,8
97,35,2.752000,8
97,36,2.397000,8
97,37,2.360000,9
97,38,2.365000,9
97,39,2.678000,9
97,40,2.914000,10
97,41,3.113000,11
97,42,2.141000,7
97,43,3.139000,12
97,44,3.293000,13
97,45,3.302000,14
97,46,3.771000,13
97,47,3.368000,14
97,48,1.555000,12
97,49,3.136000,10
97,50,3.040000,10
97,51,2.944000,10
97,52,2.476000,10
97,53,2.868000,10
97,54,2.144000,7
97,55,3.136000,10
97,56,2.723000,10
97,57,2.566000,10
97,58,2.708000,10
97,59,2.605000,10
97,60,2.960000,11
97,61,3.139000,11
97,62,2.513000,7
97,63,2.680000,11
97,64,2.386000,10
97,65,2.613000,9
97,66,2.717000,8
97,67,2.983000,8
97,68,3.913000,15
97,69,3.591000,14
97,70,3.118000,12
97,71,3.102000,13
97,72,0.968000,12
97,73,3.149000,13
97,74,3.338000,13
97,75,3.660000,14
97,76,3.218000,12
97,77,3.631000,16
97,78,1.199000,9
97,79,2.782000,10
97,80,3.219000,10
97,81,3.098000,12
97,82,3.183000,13
97,83,3.554000,13
97,84,2.515000,14
97,85,3.139000,10
97,86,1.893000,7
97,87,3.255000,13
97,88,3.039000,13
97,89,2.472000,8
97,90,2.997000,9
97,91,2.194000,8
97,92,3.293000,13
97,93,3.430000,14
97,94,3.259000,14
97,95,2.218000,8
97,96,2.552000,8
98,1,3.491000,13
98,2,2.704000,12
98,3,3.907000,14
98,4,2.049000,11
98,5,2.505000,12
98,6,1.281000,14
98,7,3.552000,13
98,8,3.164000,14
98,9,2.627000,9
98,10,2.008000,8
98,11,1.999000,11
98,12,1.905000,14
98,13,3.064000,12
98,14,3.670000,10
98,15,3.089000,12
98,16,2.010000,9
98,17,1.828000,11
98,18,1.723000,14
98,19,2.832000,11
98,20,4.004000,16
98,21,4.084000,18
98,22,2.638000,12
98,23,1.719000,9
98,24,0.750000,9
98,25,5.253000,22
98,26,2.638000,9
98,27,2.609000,10
98,28,2.109000,11
98,29,1.718000,11
98,30,0.800000,11
98,31,2.500000,10
98,32,2.533000,10
98,33,3.068000,10
98,34,2.163000,8
98,35,1.879000,9
98,36,1.757000,8
98,37,2.334000,9
98,38,2.274000,9
98,39,2.768000,9
98,40,2.612000,10
98,41,1.707000,8
98,42,1.643000,7
98,43,3.065000,12
98,44,3.649000,13
98,45,3.354000,14
98,46,2.462000,13
98,47,2.776000,14
98,48,0.914000,12
98,49,2.574000,10
98,50,2.262000,10
98,51,2.941000,10
98,52,2.489000,10
98,53,2.416000,10
98,54,1.552000,7
98,55,3.064000,10
98,56,2.772000,10
98,57,2.715000,10
98,58,2.366000,10
98,59,2.082000,11
98,60,1.900000,10
98,61,3.065000,10
98,62,2.031000,7
98,63,2.973000,10
98,64,2.924000,11
98,65,2.212000,11
98,66,1.634000,9
98,67,2.329000,8
98,68,3.513000,16
98,69,3.160000,14
98,70,2.502000,12
98,71,1.660000,13
98,72,0.582000,12
98,73,3.279000,13
98,74,3.203000,13
98,75,3.133000,14
98,76,2.411000,12
98,77,2.912000,16
98,78,0.690000,8
98,79,2.706000,10
98,80,3.180000,10
98,81,2.823000,12
98,82,2.500000,13
98,83,2.078000,12
98,84,1.936000,14
98,85,2.637000,10
98,86,1.975000,7
98,87,3.183000,14
98,88,3.350000,14
98,89,1.572000,8
98,90,1.596000,9
98,91,2.155000,8
98,92,3.625000,13
98,93,2.089000,9
98,94,3.767000,15
98,95,1.918000,8
98,96,1.270000,8
99,1,2.664000,13
99,2,2.824000,12
99,3,3.013000,14
99,4,2.225000,11
99,5,1.619000,12
99,6,0.780000,14
99,7,2.454000,13
99,8,3.240000,14
99,9,1.963000,9
99,10,1.506000,8
99,11,1.928000,11
99,12,1.960000,14
99,13,2.465000,11
99,14,1.759000,10
99,15,2.264000,12
99,16,1.775000,11
99,17,2.564000,11
99,18,2.087000,13
99,19,2.049000,11
99,20,2.672000,14
99,21,2.616000,15
99,22,2.715000,13
99,23,1.561000,9
99,24,1.191000,9
99,25,3.723000,22
99,26,1.963000,9
99,27,1.973000,10
99,28,2.079000,11
99,29,2.121000,11
99,30,1.525000,13
99,31,1.439000,10
99,32,1.878000,10
99,33,1.698000,10
99,34,1.510000,8
99,35,1.680000,8
99,36,1.652000,8
99,37,1.805000,9
99,38,1.951000,9
99,39,2.166000,9
99,40,1.884000,10
99,41,2.033000,8
99,42,1.503000,7
99,43,2.206000,12
99,44,2.591000,13
99,45,2.698000,14
99,46,2.272000,13
99,47,2.178000,14
99,48,1.186000,13
99,49,1.771000,10
99,50,2.254000,10
99,51,1.797000,10
99,52,2.064000,10
99,53,1.977000,10
99,54,1.416000,7
99,55,1.681000,10
99,56,2.567000,10
99,57,1.782000,10
99,58,2.034000,10
99,59,2.350000,10
99,60,2.093000,11
99,61,1.951000,11
99,62,1.735000,7
99,63,2.068000,10
99,64,1.734000,10
99,65,2.289000,9
99,66,1.284000,8
99,67,1.569000,8
99,68,2.871000,16
99,69,2.405000,14
99,70,2.119000,12
99,71,2.457000,13
99,72,1.309000,12
99,73,2.817000,13
99,74,2.609000,13
99,75,1.977000,14
99,76,2.646000,12
99,77,2.643000,16
99,78,0.715000,9
99,79,2.782000,11
99,80,2.126000,10
99,81,2.367000,12
99,82,2.506000,13
99,83,1.998000,13
99,84,1.374000,14
99,85,1.883000,10
99,86,1.217000,7
99,87,2.987000,14
99,88,2.748000,15
99,89,1.639000,8
99,90,1.277000,7
99,91,2.057000,8
99,92,2.513000,14
99,93,2.039000,9
99,94,2.640000,14
99,95,1.702000,8
99,96,1.510000,8
100,1,2.296000,13
100,2,2.463000,12
100,3,3.154000,14
100,4,2.572000,11
100,5,2.154000,12
100,6,1.062000,14
100,7,1.766000,11
100,8,2.296000,14
100,9,1.889000,9
100,10,2.196000,11
100,11,2.272000,10
100,12,2.016000,14
100,13,1.947000,11
100,14,1.830000,10
100,15,2.492000,12
100,16,2.494000,11
100,17,1.713000,11
100,18,1.297000,13
100,19,1.877000,11
100,20,2.650000,15
100,21,2.288000,13
100,22,2.608000,13
100,23,2.252000,9
100,24,1.303000,9
100,25,4.958000,23
100,26,2.059000,9
100,27,1.843000,10
100,28,2.440000,10
100,29,1.537000,11
100,30,0.795000,11
100,31,1.873000,10
100,32,1.910000,10
100,33,1.752000,10
100,34,1.710000,8
100,35,1.857000,8
100,36,1.900000,8
100,37,1.720000,9
100,38,1.554000,9
100,39,1.667000,9
100,40,1.845000,10
100,41,2.141000,11
100,42,1.436000,7
100,43,2.352000,12
100,44,2.889000,13
100,45,2.693000,14
100,46,3.054000,13
100,47,2.094000,14
100,48,0.750000,12
100,49,1.957000,10
100,50,1.378000,10
100,51,2.032000,10
100,52,1.950000,10
100,53,2.005000,10
100,54,1.848000,7
100,55,2.079000,10
100,56,1.964000,10
100,57,2.214000,10
100,58,2.018000,10
100,59,2.410000,10
100,60,1.854000,10
100,61,1.983000,10
100,62,1.847000,7
100,63,2.776000,11
100,64,2.136000,11
100,65,2.069000,10
100,66,1.594000,9
100,67,1.435000,8
100,68,3.220000,16
100,69,3.049000,14
100,70,2.386000,13
100,71,2.235000,13
100,72,1.129000,12
100,73,2.979000,13
100,74,2.239000,13
100,75,2.954000,14
100,76,2.651000,10
100,77,2.521000,16
100,78,0.490000,8
100,79,2.041000,10
100,80,2.241000,10
100,81,2.414000,12
100,82,2.668000,13
100,83,2.375000,12
100,84,1.624000,14
100,85,1.703000,10
100,86,1.536000,7
100,87,2.033000,14
100,88,2.707000,15
100,89,1.819000,9
100,90,1.349000,7
100,91,1.370000,9
100,92,2.359000,12
100,93,1.496000,9
100,94,2.308000,14
100,95,2.055000,8
100,96,1.569000,8
