iteration,subproblem,solve_time_sec,ipopt_iters
1,1,4.653000,20
1,2,4.919000,14
1,3,4.928000,15
1,4,3.866000,13
1,5,4.045000,14
1,6,5.913000,21
1,7,3.813000,15
1,8,4.243000,15
1,9,4.177000,15
1,10,4.521000,15
1,11,5.007000,15
1,12,4.834000,15
1,13,4.521000,15
1,14,4.697000,15
1,15,5.147000,15
1,16,4.788000,15
1,17,4.071000,15
1,18,4.219000,15
1,19,4.210000,15
1,20,4.546000,15
1,21,4.748000,15
1,22,5.492000,15
1,23,5.069000,15
1,24,3.824000,15
1,25,3.885000,15
1,26,4.538000,15
1,27,4.959000,15
1,28,5.282000,15
1,29,4.831000,15
1,30,4.087000,15
1,31,4.386000,15
1,32,4.845000,15
1,33,4.624000,15
1,34,4.278000,15
1,35,5.232000,15
1,36,4.443000,15
1,37,4.431000,15
1,38,4.697000,15
1,39,4.612000,15
1,40,13.137000,50
1,41,1.462000,50
1,42,0.245000,14
1,43,4.561000,20
1,44,4.206000,15
1,45,4.209000,16
1,46,4.425000,16
1,47,5.266000,16
1,48,4.691000,16
1,49,4.703000,16
1,50,5.494000,16
1,51,4.527000,16
1,52,4.898000,16
1,53,5.233000,16
1,54,3.662000,15
1,55,4.386000,16
1,56,4.716000,15
1,57,4.877000,16
1,58,5.043000,15
1,59,4.739000,15
1,60,4.259000,15
1,61,4.401000,15
1,62,5.510000,15
1,63,4.327000,15
1,64,4.172000,12
1,65,4.022000,12
1,66,3.108000,12
1,67,3.843000,12
1,68,3.587000,12
1,69,3.681000,13
1,70,4.093000,12
1,71,5.111000,16
1,72,5.218000,16
1,73,4.508000,16
1,74,4.692000,16
1,75,4.832000,16
1,76,5.444000,16
1,77,5.644000,16
1,78,3.358000,16
1,79,4.746000,16
1,80,4.154000,16
1,81,4.725000,16
1,82,5.393000,18
1,83,4.614000,16
1,84,4.323000,17
1,85,4.703000,15
1,86,4.319000,15
1,87,4.010000,15
1,88,5.172000,16
1,89,4.841000,15
1,90,4.994000,16
1,91,4.761000,16
1,92,5.047000,16
1,93,4.963000,16
1,94,5.079000,15
1,95,4.802000,14
1,96,2.863000,15
2,1,6.339000,27
2,2,2.353000,7
2,3,2.446000,7
2,4,2.159000,7
2,5,1.530000,7
2,6,0.973000,25
2,7,3.197000,8
2,8,2.810000,7
2,9,2.466000,7
2,10,3.268000,7
2,11,1.701000,7
2,12,1.340000,7
2,13,2.473000,7
2,14,3.171000,7
2,15,2.584000,7
2,16,2.508000,7
2,17,1.778000,7
2,18,2.007000,7
2,19,2.584000,7
2,20,3.130000,7
2,21,2.494000,7
2,22,2.248000,7
2,23,2.415000,7
2,24,1.921000,7
2,25,2.600000,7
2,26,2.299000,7
2,27,2.290000,7
2,28,2.661000,7
2,29,2.102000,6
2,30,0.877000,7
2,31,2.594000,7
2,32,2.602000,7
2,33,2.326000,6
2,34,2.406000,6
2,35,2.142000,6
2,36,2.055000,6
2,37,2.076000,5
2,38,1.889000,5
2,39,2.784000,10
2,40,5.128000,22
2,41,2.241000,10
2,42,0.892000,5
2,43,4.998000,22
2,44,6.511000,30
2,45,1.512000,5
2,46,1.149000,5
2,47,0.366000,5
2,48,0.287000,5
2,49,1.311000,5
2,50,1.431000,5
2,51,1.762000,5
2,52,1.918000,5
2,53,1.923000,5
2,54,1.925000,6
2,55,1.552000,5
2,56,2.172000,5
2,57,2.344000,5
2,58,1.549000,5
2,59,1.485000,5
2,60,1.851000,5
2,61,1.786000,5
2,62,1.572000,5
2,63,1.994000,4
2,64,1.810000,6
2,65,2.666000,6
2,66,2.676000,8
2,67,2.905000,8
2,68,2.593000,7
2,69,2.649000,7
2,70,2.364000,7
2,71,2.686000,7
2,72,1.292000,7
2,73,2.820000,7
2,74,3.077000,7
2,75,2.834000,7
2,76,2.691000,7
2,77,1.640000,7
2,78,0.542000,7
2,79,1.788000,7
2,80,2.826000,7
2,81,2.920000,7
2,82,2.905000,7
2,83,2.447000,7
2,84,1.949000,7
2,85,2.236000,7
2,86,2.230000,7
2,87,3.055000,7
2,88,2.762000,8
2,89,2.340000,7
2,90,1.721000,7
2,91,2.458000,6
2,92,2.286000,7
2,93,2.782000,7
2,94,2.073000,7
2,95,2.451000,7
2,96,1.578000,5
3,1,2.467000,11
3,2,3.153000,7
3,3,2.576000,7
3,4,1.972000,7
3,5,1.892000,7
3,6,1.820000,11
3,7,2.604000,7
3,8,2.803000,7
3,9,2.545000,7
3,10,2.439000,7
3,11,1.770000,6
3,12,1.780000,7
3,13,2.604000,7
3,14,2.062000,7
3,15,2.463000,7
3,16,2.708000,7
3,17,2.203000,6
3,18,1.629000,7
3,19,2.072000,7
3,20,2.376000,7
3,21,2.074000,7
3,22,2.134000,7
3,23,2.795000,7
3,24,1.979000,7
3,25,2.393000,7
3,26,1.912000,7
3,27,2.606000,7
3,28,1.618000,6
3,29,2.013000,6
3,30,2.605000,7
3,31,2.608000,7
3,32,2.182000,7
3,33,3.165000,9
3,34,2.108000,6
3,35,1.884000,6
3,36,1.653000,6
3,37,2.072000,6
3,38,1.934000,5
3,39,3.246000,9
3,40,3.542000,14
3,41,2.998000,15
3,42,0.659000,21
3,43,3.098000,11
3,44,3.495000,12
3,45,1.480000,5
3,46,1.488000,5
3,47,1.414000,5
3,48,0.975000,5
3,49,1.634000,6
3,50,1.888000,5
3,51,1.732000,5
3,52,1.702000,5
3,53,1.953000,5
3,54,1.706000,5
3,55,1.405000,5
3,56,1.460000,5
3,57,1.924000,5
3,58,1.667000,5
3,59,1.511000,5
3,60,1.654000,5
3,61,1.427000,5
3,62,1.602000,5
3,63,2.207000,5
3,64,2.322000,6
3,65,2.470000,6
3,66,2.125000,6
3,67,1.903000,7
3,68,2.790000,7
3,69,2.688000,7
3,70,2.390000,7
3,71,2.632000,7
3,72,0.887000,7
3,73,2.337000,7
3,74,2.382000,7
3,75,2.147000,7
3,76,2.560000,7
3,77,2.242000,7
3,78,1.968000,7
3,79,2.349000,7
3,80,2.637000,7
3,81,2.431000,7
3,82,2.365000,7
3,83,1.957000,7
3,84,1.706000,7
3,85,2.305000,6
3,86,2.475000,7
3,87,2.335000,7
3,88,2.174000,7
3,89,2.422000,8
3,90,1.982000,7
3,91,2.251000,6
3,92,2.472000,7
3,93,2.409000,7
3,94,1.823000,7
3,95,2.119000,7
3,96,1.049000,6
4,1,2.939000,11
4,2,2.477000,7
4,3,2.495000,7
4,4,1.892000,7
4,5,2.246000,7
4,6,1.289000,11
4,7,2.847000,7
4,8,2.170000,6
4,9,2.100000,7
4,10,2.018000,6
4,11,1.470000,6
4,12,1.668000,6
4,13,2.545000,7
4,14,2.520000,7
4,15,2.055000,7
4,16,2.106000,7
4,17,1.766000,7
4,18,1.442000,7
4,19,2.499000,7
4,20,2.057000,7
4,21,2.136000,7
4,22,1.932000,7
4,23,1.675000,7
4,24,0.190000,7
4,25,2.360000,7
4,26,2.497000,7
4,27,2.705000,7
4,28,1.956000,6
4,29,1.692000,6
4,30,1.813000,7
4,31,2.852000,7
4,32,2.392000,7
4,33,2.757000,8
4,34,1.671000,6
4,35,2.600000,6
4,36,1.046000,6
4,37,2.360000,6
4,38,1.805000,6
4,39,3.261000,9
4,40,3.486000,14
4,41,1.891000,10
4,42,0.798000,8
4,43,2.037000,8
4,44,2.660000,10
4,45,1.821000,5
4,46,1.532000,5
4,47,1.527000,5
4,48,1.527000,5
4,49,1.320000,5
4,50,1.792000,5
4,51,1.504000,5
4,52,1.681000,5
4,53,1.445000,5
4,54,1.477000,5
4,55,1.765000,5
4,56,1.809000,5
4,57,1.789000,5
4,58,1.529000,5
4,59,1.446000,5
4,60,1.467000,5
4,61,2.130000,5
4,62,1.871000,5
4,63,1.847000,5
4,64,1.941000,6
4,65,2.087000,6
4,66,1.827000,6
4,67,2.360000,7
4,68,1.860000,7
4,69,2.689000,7
4,70,2.220000,8
4,71,2.402000,7
4,72,1.713000,7
4,73,2.211000,7
4,74,1.987000,7
4,75,2.818000,7
4,76,2.080000,7
4,77,2.311000,7
4,78,1.294000,7
4,79,2.577000,7
4,80,2.486000,7
4,81,2.050000,7
4,82,2.118000,7
4,83,2.266000,7
4,84,1.144000,7
4,85,2.481000,6
4,86,2.245000,6
4,87,2.087000,7
4,88,2.272000,7
4,89,2.640000,7
4,90,1.417000,6
4,91,1.752000,6
4,92,2.256000,7
4,93,2.404000,6
4,94,2.539000,7
4,95,1.898000,7
4,96,1.530000,6
5,1,2.739000,10
5,2,2.622000,7
5,3,2.848000,7
5,4,3.128000,7
5,5,1.988000,7
5,6,1.164000,11
5,7,2.281000,7
5,8,2.085000,6
5,9,2.309000,7
5,10,2.284000,6
5,11,2.352000,6
5,12,1.731000,6
5,13,2.439000,6
5,14,2.739000,7
5,15,3.296000,7
5,16,2.884000,7
5,17,1.995000,6
5,18,0.909000,6
5,19,2.145000,7
5,20,2.712000,7
5,21,3.021000,7
5,22,2.910000,7
5,23,1.960000,7
5,24,1.179000,7
5,25,2.455000,7
5,26,2.963000,7
5,27,2.630000,7
5,28,1.658000,6
5,29,2.070000,6
5,30,1.839000,7
5,31,2.465000,7
5,32,2.569000,7
5,33,2.809000,7
5,34,2.529000,6
5,35,2.182000,6
5,36,1.044000,6
5,37,2.291000,6
5,38,1.835000,5
5,39,3.216000,9
5,40,3.642000,14
5,41,2.038000,9
5,42,1.451000,11
5,43,3.350000,12
5,44,3.185000,11
5,45,1.894000,5
5,46,1.825000,5
5,47,1.542000,5
5,48,0.848000,6
5,49,1.883000,5
5,50,2.023000,6
5,51,1.891000,5
5,52,1.821000,5
5,53,1.775000,5
5,54,1.913000,5
5,55,1.803000,5
5,56,1.513000,5
5,57,1.965000,5
5,58,2.197000,5
5,59,2.265000,5
5,60,1.543000,5
5,61,1.819000,5
5,62,1.707000,5
5,63,1.485000,5
5,64,2.082000,6
5,65,1.887000,5
5,66,2.364000,6
5,67,2.672000,7
5,68,2.172000,7
5,69,3.014000,8
5,70,2.915000,8
5,71,2.122000,7
5,72,1.443000,7
5,73,2.291000,7
5,74,2.356000,7
5,75,2.344000,7
5,76,2.212000,7
5,77,2.375000,7
5,78,2.078000,7
5,79,2.761000,7
5,80,1.945000,7
5,81,1.909000,7
5,82,2.544000,7
5,83,2.326000,7
5,84,2.021000,7
5,85,2.281000,6
5,86,2.272000,6
5,87,2.357000,7
5,88,2.061000,6
5,89,2.531000,7
5,90,1.928000,7
5,91,2.281000,6
5,92,2.007000,6
5,93,1.973000,6
5,94,2.698000,7
5,95,2.702000,7
5,96,1.670000,6
6,1,3.221000,12
6,2,2.392000,7
6,3,2.272000,7
6,4,2.464000,7
6,5,1.825000,7
6,6,0.979000,10
6,7,2.158000,7
6,8,1.803000,6
6,9,2.358000,6
6,10,2.199000,6
6,11,2.154000,6
6,12,1.894000,6
6,13,2.117000,6
6,14,1.899000,6
6,15,1.913000,6
6,16,2.048000,6
6,17,2.139000,6
6,18,1.412000,6
6,19,2.519000,7
6,20,2.001000,6
6,21,2.710000,7
6,22,2.063000,6
6,23,1.948000,6
6,24,1.052000,6
6,25,2.260000,7
6,26,2.479000,7
6,27,2.180000,6
6,28,1.862000,6
6,29,1.750000,6
6,30,0.812000,6
6,31,3.237000,7
6,32,2.187000,6
6,33,2.340000,7
6,34,2.015000,6
6,35,1.592000,6
6,36,1.721000,6
6,37,2.489000,6
6,38,1.642000,5
6,39,3.034000,8
6,40,3.232000,14
6,41,2.325000,9
6,42,0.954000,8
6,43,4.759000,20
6,44,3.130000,11
6,45,1.689000,5
6,46,1.879000,6
6,47,1.214000,5
6,48,0.774000,6
6,49,1.846000,5
6,50,1.825000,5
6,51,1.303000,5
6,52,1.763000,6
6,53,1.352000,5
6,54,1.536000,5
6,55,1.468000,5
6,56,2.278000,5
6,57,1.832000,5
6,58,2.038000,5
6,59,1.247000,5
6,60,1.668000,5
6,61,1.736000,5
6,62,1.546000,5
6,63,1.547000,5
6,64,1.702000,5
6,65,1.833000,5
6,66,1.853000,6
6,67,2.738000,7
6,68,3.037000,8
6,69,2.102000,7
6,70,2.344000,7
6,71,1.609000,7
6,72,0.850000,7
6,73,2.610000,7
6,74,2.341000,6
6,75,1.970000,6
6,76,2.766000,7
6,77,1.623000,7
6,78,1.502000,7
6,79,2.542000,7
6,80,2.423000,7
6,81,2.233000,7
6,82,2.388000,7
6,83,2.102000,7
6,84,1.207000,7
6,85,2.149000,6
6,86,2.344000,7
6,87,2.038000,6
6,88,1.734000,6
6,89,2.130000,6
6,90,2.165000,6
6,91,2.204000,6
6,92,2.216000,6
6,93,2.388000,6
6,94,2.278000,7
6,95,2.067000,7
6,96,1.157000,5
7,1,2.836000,12
7,2,2.057000,6
7,3,2.680000,7
7,4,2.527000,7
7,5,1.800000,7
7,6,0.945000,10
7,7,2.246000,7
7,8,2.279000,6
7,9,2.024000,6
7,10,1.629000,6
7,11,1.815000,6
7,12,1.863000,6
7,13,2.511000,6
7,14,2.264000,7
7,15,1.930000,6
7,16,2.112000,6
7,17,2.045000,6
7,18,1.234000,6
7,19,1.949000,6
7,20,1.990000,6
7,21,2.818000,7
7,22,2.371000,7
7,23,1.704000,6
7,24,1.321000,6
7,25,2.244000,6
7,26,1.848000,6
7,27,2.122000,6
7,28,2.024000,6
7,29,2.183000,6
7,30,1.256000,6
7,31,1.806000,6
7,32,1.695000,6
7,33,1.930000,7
7,34,2.500000,6
7,35,1.864000,6
7,36,1.959000,6
7,37,2.448000,6
7,38,6.286000,27
7,39,2.458000,9
7,40,0.857000,14
7,41,0.170000,9
7,42,0.144000,11
7,43,2.370000,9
7,44,2.633000,11
7,45,1.340000,5
7,46,1.501000,5
7,47,1.806000,6
7,48,1.857000,6
7,49,1.333000,5
7,50,1.984000,6
7,51,1.750000,6
7,52,2.266000,6
7,53,1.818000,6
7,54,1.435000,5
7,55,1.577000,5
7,56,1.798000,5
7,57,1.852000,5
7,58,1.833000,5
7,59,1.680000,5
7,60,1.559000,5
7,61,1.631000,5
7,62,1.282000,5
7,63,1.776000,5
7,64,1.706000,5
7,65,1.677000,6
7,66,1.767000,6
7,67,1.975000,6
7,68,1.655000,7
7,69,2.535000,7
7,70,2.060000,7
7,71,2.082000,7
7,72,1.979000,7
7,73,2.416000,7
7,74,2.075000,6
7,75,2.136000,6
7,76,2.937000,7
7,77,1.641000,7
7,78,1.439000,7
7,79,2.431000,7
7,80,2.384000,7
7,81,2.153000,7
7,82,2.377000,7
7,83,1.506000,7
7,84,0.608000,7
7,85,2.088000,6
7,86,2.153000,6
7,87,2.090000,6
7,88,2.048000,6
7,89,1.831000,6
7,90,1.428000,6
7,91,2.252000,6
7,92,2.279000,6
7,93,2.183000,6
7,94,2.469000,7
7,95,2.326000,7
7,96,1.158000,6
8,1,3.109000,12
8,2,1.947000,6
8,3,2.513000,7
8,4,2.314000,7
8,5,1.971000,7
8,6,0.814000,10
8,7,2.327000,7
8,8,1.690000,6
8,9,2.538000,6
8,10,1.599000,6
8,11,2.199000,6
8,12,1.471000,6
8,13,1.979000,6
8,14,1.593000,6
8,15,2.627000,6
8,16,2.027000,6
8,17,1.898000,6
8,18,1.642000,6
8,19,1.929000,6
8,20,2.029000,6
8,21,2.773000,7
8,22,2.196000,7
8,23,2.130000,7
8,24,1.449000,6
8,25,1.928000,6
8,26,1.857000,6
8,27,2.670000,6
8,28,2.336000,6
8,29,1.882000,6
8,30,1.665000,6
8,31,1.944000,6
8,32,2.542000,6
8,33,2.871000,7
8,34,2.163000,6
8,35,1.776000,6
8,36,1.324000,6
8,37,1.944000,6
8,38,2.983000,11
8,39,2.579000,9
8,40,3.518000,14
8,41,1.722000,9
8,42,0.371000,11
8,43,2.665000,10
8,44,2.375000,11
8,45,1.786000,5
8,46,2.163000,6
8,47,1.578000,6
8,48,1.472000,6
8,49,1.929000,6
8,50,1.776000,6
8,51,1.656000,6
8,52,2.124000,6
8,53,1.419000,6
8,54,1.986000,6
8,55,1.300000,5
8,56,2.009000,6
8,57,1.848000,5
8,58,2.181000,5
8,59,1.325000,5
8,60,1.869000,5
8,61,1.696000,5
8,62,1.562000,5
8,63,1.495000,5
8,64,1.643000,5
8,65,1.636000,5
8,66,1.736000,5
8,67,1.645000,5
8,68,2.040000,7
8,69,1.940000,7
8,70,2.761000,7
8,71,2.168000,7
8,72,1.641000,6
8,73,2.375000,7
8,74,1.737000,6
8,75,2.135000,6
8,76,2.311000,7
8,77,1.321000,7
8,78,0.335000,7
8,79,2.439000,7
8,80,2.080000,7
8,81,2.833000,7
8,82,2.137000,7
8,83,2.072000,7
8,84,1.120000,7
8,85,1.924000,6
8,86,1.870000,6
8,87,2.383000,6
8,88,1.945000,6
8,89,2.191000,6
8,90,1.844000,6
8,91,1.929000,6
8,92,1.981000,6
8,93,2.070000,6
8,94,2.343000,7
8,95,1.896000,7
8,96,2.095000,6
9,1,3.031000,12
9,2,2.593000,7
9,3,1.967000,6
9,4,2.361000,7
9,5,2.188000,7
9,6,1.628000,10
9,7,2.503000,7
9,8,2.399000,6
9,9,2.926000,6
9,10,1.899000,6
9,11,2.379000,6
9,12,1.780000,6
9,13,2.370000,6
9,14,2.419000,6
9,15,2.575000,6
9,16,1.688000,6
9,17,2.309000,6
9,18,1.793000,6
9,19,2.503000,6
9,20,2.945000,7
9,21,2.192000,6
9,22,2.292000,7
9,23,2.402000,7
9,24,1.420000,7
9,25,1.742000,6
9,26,2.068000,6
9,27,2.068000,6
9,28,2.040000,6
9,29,1.729000,6
9,30,2.536000,6
9,31,2.498000,6
9,32,2.707000,6
9,33,2.115000,7
9,34,1.875000,6
9,35,2.080000,6
9,36,1.593000,6
9,37,1.877000,5
9,38,2.705000,11
9,39,2.629000,6
9,40,2.950000,14
9,41,2.759000,9
9,42,1.228000,8
9,43,2.790000,10
9,44,2.661000,10
9,45,1.977000,6
9,46,1.745000,6
9,47,1.934000,6
9,48,1.789000,6
9,49,2.026000,6
9,50,2.042000,6
9,51,1.871000,6
9,52,2.002000,6
9,53,1.818000,6
9,54,2.112000,6
9,55,2.371000,6
9,56,2.126000,6
9,57,4.387000,19
9,58,2.120000,6
9,59,1.823000,5
9,60,0.924000,5
9,61,5.878000,27
9,62,1.789000,5
9,63,2.173000,7
9,64,1.649000,5
9,65,1.943000,5
9,66,0.750000,5
9,67,2.320000,5
9,68,3.455000,7
9,69,2.385000,7
9,70,2.439000,7
9,71,2.101000,7
9,72,0.512000,6
9,73,2.132000,7
9,74,2.151000,6
9,75,2.347000,6
9,76,2.066000,7
9,77,2.299000,7
9,78,1.604000,7
9,79,2.309000,7
9,80,2.611000,7
9,81,2.324000,7
9,82,2.424000,7
9,83,2.241000,7
9,84,1.769000,7
9,85,2.074000,6
9,86,1.768000,6
9,87,2.509000,7
9,88,2.474000,6
9,89,2.343000,6
9,90,0.798000,6
9,91,2.504000,6
9,92,2.135000,6
9,93,2.006000,7
9,94,2.311000,7
9,95,2.720000,7
9,96,1.976000,7
10,1,2.845000,12
10,2,2.604000,7
10,3,1.891000,6
10,4,2.070000,7
10,5,2.499000,7
10,6,1.532000,10
10,7,2.307000,7
10,8,2.016000,6
10,9,2.021000,6
10,10,1.800000,6
10,11,2.056000,6
10,12,2.025000,6
10,13,2.266000,6
10,14,2.379000,6
10,15,1.892000,6
10,16,1.810000,6
10,17,2.390000,6
10,18,1.974000,6
10,19,2.143000,6
10,20,2.457000,7
10,21,1.861000,6
10,22,1.716000,6
10,23,1.930000,7
10,24,1.714000,7
10,25,1.957000,6
10,26,1.831000,6
10,27,2.548000,6
10,28,2.205000,6
10,29,2.070000,6
10,30,1.820000,6
10,31,2.275000,6
10,32,2.509000,6
10,33,2.411000,7
10,34,2.708000,6
10,35,2.007000,6
10,36,1.030000,6
10,37,2.266000,6
10,38,2.785000,11
10,39,2.971000,8
10,40,3.409000,14
10,41,1.917000,9
10,42,0.599000,11
10,43,2.596000,10
10,44,2.337000,10
10,45,2.224000,6
10,46,2.213000,6
10,47,1.940000,6
10,48,1.544000,6
10,49,2.128000,6
10,50,2.459000,6
10,51,1.888000,6
10,52,2.094000,6
10,53,1.928000,6
10,54,2.021000,6
10,55,2.266000,6
10,56,5.852000,29
10,57,3.861000,16
10,58,1.228000,5
10,59,0.561000,5
10,60,0.175000,5
10,61,2.416000,10
10,62,1.545000,5
10,63,2.119000,6
10,64,1.668000,4
10,65,1.305000,5
10,66,2.024000,5
10,67,2.264000,6
10,68,2.852000,7
10,69,2.065000,7
10,70,2.663000,7
10,71,2.404000,7
10,72,1.010000,6
10,73,2.264000,7
10,74,2.267000,6
10,75,1.988000,6
10,76,1.750000,6
10,77,2.128000,7
10,78,2.025000,7
10,79,2.275000,7
10,80,2.455000,7
10,81,2.853000,7
10,82,2.500000,7
10,83,2.531000,7
10,84,1.107000,7
10,85,2.264000,6
10,86,2.848000,6
10,87,2.001000,6
10,88,2.198000,6
10,89,2.041000,6
10,90,1.516000,6
10,91,2.264000,6
10,92,2.275000,6
10,93,2.131000,7
10,94,2.165000,7
10,95,2.374000,7
10,96,1.955000,7
11,1,3.047000,11
11,2,2.468000,7
11,3,2.468000,6
11,4,1.777000,6
11,5,1.836000,7
11,6,1.621000,11
11,7,2.819000,7
11,8,2.307000,6
11,9,2.106000,6
11,10,2.288000,6
11,11,2.132000,6
11,12,1.687000,6
11,13,2.563000,6
11,14,2.404000,6
11,15,1.709000,6
11,16,1.812000,6
11,17,1.904000,6
11,18,1.998000,6
11,19,1.839000,6
11,20,1.655000,6
11,21,2.147000,6
11,22,2.171000,6
11,23,2.119000,7
11,24,1.984000,7
11,25,1.817000,6
11,26,1.814000,6
11,27,2.259000,6
11,28,2.086000,6
11,29,2.094000,6
11,30,1.956000,6
11,31,2.181000,6
11,32,2.119000,6
11,33,1.606000,6
11,34,2.340000,6
11,35,1.849000,6
11,36,2.481000,6
11,37,1.314000,5
11,38,3.141000,12
11,39,2.533000,8
11,40,3.119000,14
11,41,3.102000,11
11,42,0.910000,8
11,43,2.576000,8
11,44,2.675000,10
11,45,5.665000,26
11,46,1.194000,5
11,47,1.503000,26
11,48,0.198000,5
11,49,1.588000,5
11,50,1.682000,5
11,51,5.161000,26
11,52,4.793000,25
11,53,1.260000,27
11,54,0.474000,26
11,55,1.342000,5
11,56,2.832000,10
11,57,3.188000,15
11,58,1.753000,6
11,59,1.798000,5
11,60,1.298000,5
11,61,2.578000,10
11,62,1.747000,5
11,63,1.710000,4
11,64,1.585000,4
11,65,2.052000,5
11,66,1.718000,5
11,67,2.022000,6
11,68,2.928000,7
11,69,2.212000,7
11,70,2.366000,7
11,71,2.675000,7
11,72,1.176000,6
11,73,2.324000,7
11,74,2.626000,6
11,75,2.299000,6
11,76,2.069000,6
11,77,2.079000,6
11,78,1.792000,6
11,79,2.045000,6
11,80,1.543000,6
11,81,2.016000,7
11,82,2.406000,6
11,83,1.879000,6
11,84,2.601000,7
11,85,2.581000,6
11,86,2.453000,6
11,87,2.104000,6
11,88,2.179000,6
11,89,1.463000,6
11,90,0.799000,6
11,91,2.549000,6
11,92,2.182000,6
11,93,2.513000,6
11,94,2.395000,7
11,95,2.833000,7
11,96,0.804000,6
12,1,2.512000,11
12,2,2.614000,7
12,3,1.920000,6
12,4,2.421000,6
12,5,2.354000,7
12,6,1.767000,11
12,7,2.197000,7
12,8,2.089000,6
12,9,1.859000,6
12,10,2.324000,6
12,11,2.160000,6
12,12,2.405000,6
12,13,2.198000,6
12,14,2.205000,6
12,15,1.832000,6
12,16,2.262000,6
12,17,1.943000,6
12,18,1.846000,6
12,19,2.197000,6
12,20,2.806000,6
12,21,2.020000,6
12,22,2.183000,6
12,23,3.238000,7
12,24,1.543000,7
12,25,2.010000,6
12,26,2.745000,6
12,27,2.130000,6
12,28,2.127000,6
12,29,2.092000,6
12,30,1.970000,6
12,31,2.055000,6
12,32,2.187000,6
12,33,1.895000,6
12,34,2.320000,6
12,35,1.670000,6
12,36,2.187000,6
12,37,2.576000,8
12,38,3.341000,12
12,39,5.166000,25
12,40,2.719000,14
12,41,0.923000,9
12,42,0.710000,8
12,43,2.192000,8
12,44,2.756000,11
12,45,3.396000,15
12,46,5.010000,26
12,47,1.305000,16
12,48,1.083000,26
12,49,6.732000,26
12,50,5.495000,26
12,51,1.836000,17
12,52,0.970000,17
12,53,0.288000,10
12,54,0.159000,11
12,55,5.677000,28
12,56,2.671000,10
12,57,3.710000,15
12,58,1.481000,6
12,59,0.825000,6
12,60,0.727000,6
12,61,2.055000,10
12,62,1.805000,5
12,63,1.421000,4
12,64,1.958000,6
12,65,1.716000,6
12,66,1.805000,5
12,67,1.673000,5
12,68,2.462000,7
12,69,1.719000,7
12,70,2.094000,7
12,71,2.582000,7
12,72,1.803000,6
12,73,2.008000,7
12,74,2.346000,6
12,75,2.058000,6
12,76,1.922000,6
12,77,2.611000,6
12,78,1.869000,6
12,79,2.039000,6
12,80,2.350000,6
12,81,2.417000,6
12,82,2.045000,6
12,83,2.143000,6
12,84,1.098000,6
12,85,2.197000,6
12,86,2.705000,6
12,87,2.665000,6
12,88,1.846000,6
12,89,2.379000,6
12,90,1.591000,6
12,91,1.833000,6
12,92,2.556000,6
12,93,2.683000,6
12,94,2.245000,7
12,95,3.081000,7
12,96,1.401000,6
13,1,2.814000,11
13,2,2.452000,7
13,3,2.635000,6
13,4,2.340000,6
13,5,2.394000,7
13,6,1.515000,12
13,7,2.554000,7
13,8,2.224000,6
13,9,1.687000,6
13,10,2.465000,6
13,11,2.278000,6
13,12,1.918000,6
13,13,2.274000,6
13,14,1.997000,6
13,15,1.959000,6
13,16,2.767000,6
13,17,2.195000,6
13,18,1.993000,6
13,19,2.171000,6
13,20,2.386000,6
13,21,2.039000,6
13,22,2.270000,6
13,23,2.063000,6
13,24,2.164000,6
13,25,2.557000,6
13,26,2.148000,6
13,27,1.663000,6
13,28,2.446000,6
13,29,2.214000,6
13,30,1.799000,6
13,31,2.562000,6
13,32,2.800000,6
13,33,1.669000,6
13,34,2.095000,6
13,35,1.720000,6
13,36,1.829000,5
13,37,1.925000,5
13,38,3.070000,12
13,39,2.474000,10
13,40,2.843000,14
13,41,2.978000,9
13,42,0.819000,8
13,43,2.507000,8
13,44,2.470000,10
13,45,3.510000,15
13,46,3.734000,15
13,47,1.947000,16
13,48,0.556000,17
13,49,3.881000,17
13,50,3.674000,17
13,51,3.952000,17
13,52,2.659000,17
13,53,0.383000,10
13,54,0.402000,11
13,55,2.502000,10
13,56,2.418000,10
13,57,3.527000,15
13,58,1.879000,6
13,59,2.231000,6
13,60,1.899000,24
13,61,2.804000,10
13,62,2.961000,10
13,63,1.557000,4
13,64,1.880000,6
13,65,2.040000,6
13,66,1.781000,5
13,67,1.788000,5
13,68,1.980000,7
13,69,1.855000,7
13,70,2.413000,7
13,71,2.238000,7
13,72,1.798000,6
13,73,2.502000,7
13,74,2.416000,6
13,75,2.263000,6
13,76,1.747000,6
13,77,2.641000,6
13,78,1.186000,6
13,79,2.092000,6
13,80,2.192000,6
13,81,2.071000,6
13,82,1.938000,6
13,83,2.102000,6
13,84,1.863000,6
13,85,2.507000,6
13,86,2.682000,6
13,87,2.242000,6
13,88,1.595000,6
13,89,2.454000,6
13,90,1.990000,6
13,91,2.219000,6
13,92,2.076000,6
13,93,1.757000,6
13,94,2.324000,7
13,95,2.390000,7
13,96,1.777000,6
14,1,2.510000,11
14,2,2.391000,7
14,3,2.276000,6
14,4,2.194000,6
14,5,2.455000,7
14,6,2.417000,11
14,7,2.390000,7
14,8,2.391000,6
14,9,2.163000,6
14,10,1.970000,6
14,11,2.016000,6
14,12,2.374000,6
14,13,2.054000,6
14,14,1.929000,6
14,15,2.374000,6
14,16,2.170000,6
14,17,2.102000,6
14,18,2.620000,6
14,19,2.086000,6
14,20,2.344000,6
14,21,1.884000,6
14,22,4.212000,6
14,23,2.305000,6
14,24,1.549000,6
14,25,2.132000,6
14,26,2.024000,6
14,27,2.532000,6
14,28,1.985000,6
14,29,2.175000,6
14,30,2.302000,6
14,31,2.510000,6
14,32,2.042000,6
14,33,2.355000,6
14,34,2.011000,6
14,35,2.642000,6
14,36,1.971000,5
14,37,1.909000,5
14,38,2.651000,11
14,39,2.833000,10
14,40,3.425000,14
14,41,2.742000,9
14,42,1.004000,8
14,43,2.276000,8
14,44,2.852000,10
14,45,3.369000,15
14,46,3.598000,15
14,47,1.745000,16
14,48,0.829000,17
14,49,3.491000,17
14,50,3.727000,17
14,51,4.014000,17
14,52,3.178000,17
14,53,0.496000,10
14,54,0.510000,11
14,55,2.510000,10
14,56,2.391000,10
14,57,3.345000,15
14,58,1.402000,5
14,59,4.048000,26
14,60,0.656000,10
14,61,2.667000,10
14,62,2.725000,8
14,63,1.592000,5
14,64,1.991000,5
14,65,1.799000,5
14,66,2.665000,6
14,67,1.766000,5
14,68,2.574000,7
14,69,2.562000,7
14,70,3.195000,7
14,71,2.038000,7
14,72,1.767000,6
14,73,2.383000,7
14,74,2.219000,6
14,75,2.153000,6
14,76,2.018000,6
14,77,2.403000,6
14,78,2.278000,7
14,79,2.669000,7
14,80,2.048000,6
14,81,1.958000,6
14,82,1.811000,6
14,83,2.160000,6
14,84,2.280000,6
14,85,2.294000,6
14,86,2.308000,6
14,87,2.050000,6
14,88,2.160000,6
14,89,1.820000,5
14,90,2.301000,6
14,91,2.368000,6
14,92,2.152000,6
14,93,2.348000,6
14,94,2.474000,7
14,95,2.738000,7
14,96,1.767000,6
15,1,2.618000,11
15,2,3.050000,7
15,3,1.994000,6
15,4,2.303000,6
15,5,2.023000,6
15,6,1.584000,11
15,7,2.434000,7
15,8,1.892000,6
15,9,2.559000,6
15,10,1.942000,6
15,11,2.429000,6
15,12,1.871000,6
15,13,2.156000,6
15,14,2.577000,6
15,15,1.911000,6
15,16,2.158000,6
15,17,2.518000,6
15,18,1.755000,6
15,19,1.956000,6
15,20,1.885000,6
15,21,1.995000,6
15,22,2.151000,6
15,23,2.133000,6
15,24,2.206000,6
15,25,2.427000,6
15,26,2.040000,6
15,27,2.149000,6
15,28,2.024000,6
15,29,2.438000,6
15,30,1.694000,6
15,31,2.502000,6
15,32,1.817000,6
15,33,1.962000,6
15,34,2.112000,6
15,35,1.943000,5
15,36,1.836000,5
15,37,2.096000,6
15,38,2.836000,11
15,39,2.404000,10
15,40,3.038000,14
15,41,2.359000,9
15,42,1.002000,8
15,43,2.317000,8
15,44,3.090000,10
15,45,3.230000,15
15,46,2.899000,15
15,47,2.023000,16
15,48,0.732000,17
15,49,3.168000,17
15,50,3.395000,17
15,51,3.760000,17
15,52,1.417000,17
15,53,0.477000,10
15,54,0.287000,11
15,55,2.317000,10
15,56,2.661000,10
15,57,4.252000,15
15,58,4.349000,26
15,59,0.587000,11
15,60,0.379000,10
15,61,2.313000,10
15,62,2.661000,8
15,63,1.698000,5
15,64,1.907000,5
15,65,1.686000,5
15,66,1.790000,5
15,67,1.932000,5
15,68,2.431000,7
15,69,2.320000,7
15,70,2.140000,7
15,71,2.261000,6
15,72,1.545000,6
15,73,2.175000,6
15,74,2.151000,6
15,75,2.147000,6
15,76,1.911000,6
15,77,2.220000,6
15,78,2.104000,7
15,79,2.148000,6
15,80,2.612000,6
15,81,2.128000,6
15,82,1.833000,6
15,83,2.174000,6
15,84,1.610000,6
15,85,1.873000,6
15,86,2.072000,6
15,87,1.688000,6
15,88,2.022000,6
15,89,1.657000,6
15,90,1.778000,6
15,91,2.120000,6
15,92,2.381000,6
15,93,2.345000,6
15,94,1.894000,7
15,95,2.412000,7
15,96,1.371000,6
16,1,2.674000,10
16,2,2.483000,6
16,3,2.467000,6
16,4,2.218000,6
16,5,2.078000,6
16,6,1.370000,10
16,7,2.107000,7
16,8,2.551000,6
16,9,2.158000,6
16,10,2.136000,6
16,11,2.257000,6
16,12,1.717000,6
16,13,2.418000,6
16,14,2.429000,6
16,15,1.824000,6
16,16,2.304000,6
16,17,2.496000,6
16,18,1.527000,6
16,19,2.180000,6
16,20,2.228000,6
16,21,2.528000,6
16,22,1.914000,6
16,23,1.702000,6
16,24,0.955000,6
16,25,2.102000,6
16,26,2.364000,6
16,27,2.355000,6
16,28,2.437000,6
16,29,2.129000,6
16,30,1.624000,6
16,31,2.096000,6
16,32,1.893000,6
16,33,2.268000,6
16,34,1.734000,6
16,35,1.565000,5
16,36,1.827000,5
16,37,2.104000,6
16,38,2.787000,11
16,39,3.054000,11
16,40,3.098000,14
16,41,2.210000,9
16,42,0.971000,8
16,43,2.514000,8
16,44,3.088000,12
16,45,3.068000,15
16,46,3.998000,15
16,47,1.477000,16
16,48,0.613000,17
16,49,3.678000,17
16,50,3.883000,17
16,51,3.658000,17
16,52,2.513000,17
16,53,0.831000,11
16,54,0.286000,12
16,55,2.754000,11
16,56,2.957000,11
16,57,3.685000,15
16,58,2.386000,11
16,59,1.744000,10
16,60,0.843000,10
16,61,2.418000,10
16,62,2.409000,9
16,63,2.072000,6
16,64,1.658000,4
16,65,2.128000,5
16,66,1.208000,5
16,67,1.648000,5
16,68,2.070000,7
16,69,2.320000,8
16,70,2.322000,7
16,71,1.998000,6
16,72,2.184000,6
16,73,1.893000,6
16,74,1.996000,6
16,75,2.421000,7
16,76,2.445000,6
16,77,2.065000,6
16,78,2.118000,7
16,79,2.104000,7
16,80,2.555000,6
16,81,2.141000,6
16,82,2.319000,6
16,83,2.139000,6
16,84,1.766000,6
16,85,2.100000,6
16,86,2.061000,6
16,87,2.330000,6
16,88,2.490000,6
16,89,2.255000,6
16,90,1.654000,6
16,91,2.577000,6
16,92,2.083000,6
16,93,2.262000,6
16,94,2.599000,7
16,95,2.209000,7
16,96,1.064000,6
17,1,4.164000,10
17,2,2.875000,7
17,3,2.183000,6
17,4,1.818000,6
17,5,1.908000,6
17,6,2.626000,10
17,7,3.864000,7
17,8,2.820000,6
17,9,2.085000,6
17,10,2.313000,6
17,11,1.882000,6
17,12,1.656000,6
17,13,3.509000,6
17,14,3.039000,6
17,15,2.240000,6
17,16,2.166000,6
17,17,2.262000,6
17,18,0.701000,6
17,19,3.492000,6
17,20,3.051000,6
17,21,2.483000,6
17,22,1.708000,6
17,23,2.324000,6
17,24,1.926000,6
17,25,4.155000,6
17,26,2.816000,6
17,27,2.706000,6
17,28,1.640000,6
17,29,1.869000,6
17,30,2.394000,6
17,31,3.069000,6
17,32,3.466000,6
17,33,2.481000,6
17,34,2.139000,6
17,35,1.704000,5
17,36,1.354000,5
17,37,3.452000,7
17,38,3.571000,11
17,39,2.999000,11
17,40,3.477000,14
17,41,2.371000,9
17,42,0.856000,8
17,43,3.876000,8
17,44,4.027000,12
17,45,2.830000,15
17,46,3.648000,15
17,47,1.864000,16
17,48,0.510000,17
17,49,5.652000,17
17,50,3.810000,17
17,51,3.620000,17
17,52,3.217000,17
17,53,0.876000,11
17,54,0.345000,12
17,55,4.155000,11
17,56,3.705000,11
17,57,3.682000,15
17,58,3.025000,11
17,59,1.783000,10
17,60,0.769000,10
17,61,4.155000,10
17,62,6.098000,27
17,63,1.725000,5
17,64,1.695000,6
17,65,1.272000,5
17,66,0.717000,5
17,67,3.071000,5
17,68,3.282000,6
17,69,1.987000,7
17,70,2.346000,7
17,71,2.837000,6
17,72,2.218000,6
17,73,3.543000,6
17,74,2.811000,6
17,75,2.878000,7
17,76,1.751000,6
17,77,2.184000,7
17,78,2.404000,7
17,79,4.153000,7
17,80,3.100000,6
17,81,2.173000,6
17,82,1.995000,6
17,83,2.513000,6
17,84,2.186000,6
17,85,2.659000,6
17,86,3.275000,6
17,87,1.829000,6
17,88,1.359000,5
17,89,1.981000,5
17,90,2.405000,6
17,91,3.080000,6
17,92,3.477000,6
17,93,2.493000,7
17,94,2.350000,6
17,95,2.088000,7
17,96,1.976000,6
18,1,2.358000,10
18,2,2.141000,6
18,3,2.134000,6
18,4,2.051000,6
18,5,2.136000,6
18,6,1.386000,10
18,7,2.338000,7
18,8,2.369000,6
18,9,2.310000,6
18,10,2.042000,6
18,11,1.996000,6
18,12,1.578000,6
18,13,2.581000,6
18,14,2.107000,6
18,15,2.326000,6
18,16,2.298000,6
18,17,2.207000,6
18,18,1.608000,6
18,19,2.252000,6
18,20,2.245000,6
18,21,1.857000,6
18,22,2.300000,6
18,23,1.784000,6
18,24,1.868000,6
18,25,2.581000,6
18,26,2.338000,6
18,27,2.151000,6
18,28,2.086000,6
18,29,1.839000,6
18,30,1.690000,6
18,31,2.480000,6
18,32,1.954000,6
18,33,2.438000,6
18,34,2.135000,6
18,35,2.149000,5
18,36,1.341000,5
18,37,2.094000,5
18,38,2.399000,11
18,39,2.358000,11
18,40,3.670000,14
18,41,2.107000,9
18,42,0.907000,8
18,43,2.445000,8
18,44,3.392000,12
18,45,3.592000,15
18,46,3.003000,15
18,47,1.639000,16
18,48,0.449000,17
18,49,4.060000,17
18,50,3.528000,17
18,51,4.159000,17
18,52,1.753000,11
18,53,0.828000,11
18,54,0.350000,12
18,55,3.093000,11
18,56,2.822000,11
18,57,3.300000,15
18,58,2.565000,11
18,59,1.714000,10
18,60,0.768000,10
18,61,2.771000,10
18,62,2.455000,10
18,63,1.514000,5
18,64,1.927000,5
18,65,1.593000,5
18,66,1.650000,5
18,67,1.888000,5
18,68,1.596000,6
18,69,2.200000,7
18,70,2.297000,7
18,71,1.649000,6
18,72,1.849000,6
18,73,2.411000,6
18,74,2.839000,7
18,75,1.991000,6
18,76,2.326000,6
18,77,2.574000,7
18,78,1.487000,7
18,79,2.634000,7
18,80,2.092000,7
18,81,2.407000,6
18,82,2.467000,6
18,83,2.173000,6
18,84,1.707000,6
18,85,2.448000,6
18,86,1.920000,6
18,87,1.880000,6
18,88,1.184000,5
18,89,1.561000,5
18,90,2.435000,6
18,91,2.427000,6
18,92,2.147000,6
18,93,1.992000,6
18,94,2.173000,6
18,95,1.560000,7
18,96,0.859000,6
19,1,2.373000,10
19,2,2.036000,6
19,3,2.182000,6
19,4,2.674000,6
19,5,2.010000,6
19,6,1.818000,10
19,7,2.124000,7
19,8,1.986000,6
19,9,2.125000,6
19,10,2.198000,6
19,11,1.752000,6
19,12,1.816000,6
19,13,2.129000,6
19,14,2.479000,6
19,15,2.102000,6
19,16,2.379000,6
19,17,2.149000,6
19,18,1.857000,6
19,19,2.190000,6
19,20,2.405000,6
19,21,2.662000,6
19,22,1.924000,6
19,23,2.020000,6
19,24,1.890000,6
19,25,2.251000,6
19,26,1.800000,6
19,27,2.362000,6
19,28,1.543000,6
19,29,1.958000,6
19,30,1.961000,6
19,31,2.128000,6
19,32,2.145000,6
19,33,1.974000,6
19,34,2.180000,6
19,35,1.915000,6
19,36,2.024000,5
19,37,1.542000,5
19,38,2.655000,11
19,39,3.076000,11
19,40,3.232000,14
19,41,2.223000,9
19,42,1.182000,8
19,43,2.129000,8
19,44,2.987000,12
19,45,3.807000,15
19,46,3.173000,15
19,47,1.860000,16
19,48,1.023000,17
19,49,3.597000,17
19,50,3.171000,17
19,51,3.619000,17
19,52,2.297000,11
19,53,1.289000,11
19,54,0.928000,12
19,55,2.514000,11
19,56,3.040000,11
19,57,3.728000,15
19,58,2.341000,11
19,59,1.626000,10
19,60,1.014000,10
19,61,2.244000,10
19,62,2.367000,10
19,63,1.800000,5
19,64,1.638000,5
19,65,1.767000,5
19,66,1.648000,5
19,67,1.941000,6
19,68,2.709000,6
19,69,2.126000,7
19,70,2.535000,7
19,71,2.149000,6
19,72,1.133000,6
19,73,2.135000,6
19,74,2.303000,6
19,75,2.080000,6
19,76,2.014000,6
19,77,2.281000,7
19,78,1.342000,7
19,79,2.128000,7
19,80,2.042000,7
19,81,1.832000,6
19,82,2.196000,6
19,83,2.022000,6
19,84,1.147000,6
19,85,2.251000,6
19,86,1.973000,6
19,87,2.005000,6
19,88,1.625000,5
19,89,1.926000,6
19,90,1.980000,6
19,91,1.805000,6
19,92,1.687000,6
19,93,2.134000,6
19,94,2.788000,6
19,95,2.327000,7
19,96,2.054000,6
20,1,2.212000,10
20,2,2.201000,6
20,3,2.946000,6
20,4,2.088000,6
20,5,2.189000,6
20,6,1.743000,10
20,7,2.529000,7
20,8,1.879000,6
20,9,2.588000,6
20,10,1.948000,6
20,11,2.205000,6
20,12,1.733000,6
20,13,2.214000,6
20,14,1.866000,6
20,15,1.982000,6
20,16,2.595000,6
20,17,2.521000,6
20,18,1.760000,6
20,19,2.221000,6
20,20,2.201000,6
20,21,2.855000,6
20,22,1.835000,6
20,23,2.112000,7
20,24,1.974000,6
20,25,2.086000,6
20,26,2.161000,6
20,27,2.572000,6
20,28,2.411000,6
20,29,1.919000,6
20,30,2.175000,6
20,31,2.215000,6
20,32,2.308000,6
20,33,2.694000,6
20,34,2.076000,6
20,35,2.076000,6
20,36,1.638000,5
20,37,1.937000,5
20,38,2.326000,11
20,39,3.344000,11
20,40,3.142000,14
20,41,2.608000,9
20,42,0.613000,8
20,43,2.356000,8
20,44,3.417000,12
20,45,3.934000,15
20,46,3.514000,15
20,47,1.258000,16
20,48,0.528000,11
20,49,3.365000,17
20,50,3.803000,17
20,51,2.832000,11
20,52,2.874000,11
20,53,1.366000,11
20,54,0.844000,12
20,55,2.556000,11
20,56,3.053000,11
20,57,3.755000,15
20,58,3.500000,11
20,59,1.294000,10
20,60,0.652000,10
20,61,2.371000,10
20,62,2.769000,10
20,63,2.733000,8
20,64,1.562000,5
20,65,1.743000,5
20,66,1.769000,5
20,67,2.546000,7
20,68,2.320000,6
20,69,3.165000,7
20,70,2.408000,7
20,71,2.070000,6
20,72,1.229000,6
20,73,2.210000,6
20,74,1.652000,6
20,75,2.420000,6
20,76,2.247000,6
20,77,2.220000,7
20,78,1.927000,7
20,79,2.356000,7
20,80,2.876000,7
20,81,2.474000,6
20,82,1.772000,6
20,83,2.266000,6
20,84,1.748000,6
20,85,2.215000,6
20,86,2.418000,6
20,87,2.364000,6
20,88,1.763000,5
20,89,2.173000,6
20,90,2.293000,6
20,91,2.217000,6
20,92,2.370000,6
20,93,2.166000,6
20,94,2.291000,7
20,95,1.965000,7
20,96,1.045000,6
21,1,2.487000,10
21,2,1.994000,6
21,3,2.308000,6
21,4,2.267000,6
21,5,2.184000,6
21,6,2.148000,10
21,7,2.535000,7
21,8,2.183000,6
21,9,2.139000,6
21,10,2.167000,6
21,11,2.222000,6
21,12,1.239000,6
21,13,1.979000,6
21,14,1.714000,6
21,15,2.243000,6
21,16,2.046000,6
21,17,2.254000,6
21,18,2.458000,6
21,19,1.963000,6
21,20,2.358000,6
21,21,1.927000,6
21,22,2.462000,6
21,23,2.441000,6
21,24,2.058000,6
21,25,1.803000,6
21,26,1.954000,6
21,27,2.056000,6
21,28,2.448000,6
21,29,2.343000,6
21,30,1.976000,6
21,31,2.327000,6
21,32,2.072000,6
21,33,1.673000,6
21,34,2.171000,6
21,35,1.854000,6
21,36,1.980000,5
21,37,1.905000,5
21,38,2.781000,11
21,39,2.696000,11
21,40,3.890000,14
21,41,2.089000,9
21,42,0.720000,8
21,43,2.343000,8
21,44,3.011000,11
21,45,3.371000,11
21,46,3.829000,15
21,47,1.517000,11
21,48,0.530000,11
21,49,2.908000,11
21,50,3.117000,11
21,51,2.718000,11
21,52,3.095000,11
21,53,1.978000,11
21,54,0.623000,11
21,55,2.455000,11
21,56,3.107000,11
21,57,3.993000,16
21,58,2.488000,10
21,59,1.658000,10
21,60,0.463000,10
21,61,2.327000,10
21,62,2.443000,10
21,63,2.683000,9
21,64,1.367000,4
21,65,1.838000,5
21,66,2.154000,6
21,67,1.768000,5
21,68,2.231000,6
21,69,2.644000,7
21,70,2.768000,7
21,71,2.143000,6
21,72,1.322000,6
21,73,1.960000,6
21,74,1.910000,6
21,75,2.424000,6
21,76,2.814000,6
21,77,2.449000,6
21,78,1.770000,6
21,79,2.327000,6
21,80,2.740000,7
21,81,2.607000,7
21,82,1.992000,6
21,83,2.059000,6
21,84,1.163000,6
21,85,2.120000,6
21,86,2.040000,6
21,87,1.912000,6
21,88,2.175000,5
21,89,1.737000,5
21,90,1.817000,5
21,91,1.817000,6
21,92,2.017000,6
21,93,1.939000,6
21,94,2.384000,6
21,95,2.557000,7
21,96,2.188000,7
22,1,2.359000,10
22,2,2.402000,6
22,3,2.197000,6
22,4,1.803000,6
22,5,1.725000,6
22,6,0.821000,10
22,7,2.551000,7
22,8,2.217000,6
22,9,2.197000,6
22,10,2.009000,6
22,11,2.599000,6
22,12,1.708000,6
22,13,1.770000,6
22,14,2.259000,6
22,15,2.196000,6
22,16,1.939000,6
22,17,1.668000,6
22,18,2.294000,6
22,19,2.355000,6
22,20,2.177000,6
22,21,2.410000,6
22,22,2.422000,6
22,23,1.914000,6
22,24,1.791000,6
22,25,2.198000,6
22,26,2.107000,6
22,27,2.462000,6
22,28,2.106000,6
22,29,2.292000,6
22,30,1.885000,6
22,31,1.734000,6
22,32,2.074000,6
22,33,1.853000,6
22,34,1.878000,6
22,35,2.247000,6
22,36,2.329000,7
22,37,1.795000,5
22,38,2.665000,11
22,39,3.106000,11
22,40,2.821000,11
22,41,2.318000,8
22,42,1.062000,8
22,43,2.013000,8
22,44,2.477000,11
22,45,3.566000,11
22,46,2.758000,11
22,47,2.483000,11
22,48,0.830000,11
22,49,2.522000,11
22,50,2.627000,11
22,51,2.486000,11
22,52,2.737000,11
22,53,1.978000,11
22,54,0.549000,11
22,55,2.910000,11
22,56,2.906000,11
22,57,3.793000,16
22,58,2.673000,10
22,59,1.445000,10
22,60,0.469000,10
22,61,2.467000,10
22,62,2.852000,10
22,63,1.234000,4
22,64,1.830000,5
22,65,1.326000,5
22,66,2.281000,7
22,67,1.706000,5
22,68,1.947000,6
22,69,1.898000,7
22,70,2.256000,7
22,71,2.265000,6
22,72,2.058000,6
22,73,2.359000,6
22,74,2.084000,6
22,75,2.753000,6
22,76,1.865000,6
22,77,1.969000,6
22,78,1.709000,6
22,79,1.832000,6
22,80,2.323000,7
22,81,2.436000,7
22,82,2.114000,6
22,83,2.164000,6
22,84,1.964000,6
22,85,1.768000,5
22,86,1.850000,5
22,87,2.228000,6
22,88,1.975000,6
22,89,1.993000,5
22,90,1.771000,5
22,91,2.359000,6
22,92,2.402000,6
22,93,2.169000,6
22,94,2.134000,6
22,95,2.476000,7
22,96,1.781000,7
23,1,2.699000,10
23,2,2.476000,6
23,3,2.627000,6
23,4,2.408000,6
23,5,2.336000,6
23,6,0.967000,10
23,7,2.082000,7
23,8,2.520000,6
23,9,1.821000,6
23,10,1.804000,6
23,11,2.264000,6
23,12,2.024000,6
23,13,2.348000,6
23,14,2.398000,6
23,15,2.455000,6
23,16,1.853000,6
23,17,2.823000,6
23,18,1.199000,6
23,19,2.243000,6
23,20,2.504000,6
23,21,1.736000,6
23,22,1.849000,6
23,23,2.038000,6
23,24,1.974000,6
23,25,1.757000,6
23,26,2.106000,6
23,27,2.070000,6
23,28,1.789000,6
23,29,2.311000,6
23,30,2.117000,6
23,31,2.245000,6
23,32,2.249000,6
23,33,1.815000,6
23,34,1.753000,6
23,35,1.819000,6
23,36,1.637000,5
23,37,1.917000,5
23,38,2.832000,11
23,39,2.686000,11
23,40,2.586000,11
23,41,2.882000,11
23,42,0.859000,8
23,43,2.320000,8
23,44,3.044000,11
23,45,2.788000,11
23,46,3.190000,11
23,47,1.778000,11
23,48,0.903000,11
23,49,2.917000,11
23,50,3.246000,11
23,51,2.797000,11
23,52,2.867000,11
23,53,0.889000,11
23,54,0.436000,11
23,55,2.458000,11
23,56,2.983000,11
23,57,4.437000,16
23,58,1.253000,10
23,59,0.753000,10
23,60,0.271000,10
23,61,2.920000,10
23,62,3.039000,10
23,63,1.274000,4
23,64,2.091000,5
23,65,1.393000,5
23,66,1.561000,5
23,67,2.245000,5
23,68,2.727000,7
23,69,2.260000,7
23,70,2.005000,6
23,71,2.224000,6
23,72,1.383000,6
23,73,1.870000,6
23,74,1.992000,6
23,75,2.007000,6
23,76,1.976000,6
23,77,2.234000,6
23,78,2.373000,6
23,79,2.243000,6
23,80,2.217000,6
23,81,2.549000,7
23,82,2.020000,6
23,83,1.754000,6
23,84,1.752000,6
23,85,2.045000,5
23,86,1.483000,5
23,87,2.405000,6
23,88,2.264000,6
23,89,1.739000,5
23,90,1.855000,6
23,91,1.949000,6
23,92,1.837000,6
23,93,1.934000,6
23,94,1.895000,6
23,95,2.326000,7
23,96,2.090000,6
24,1,2.534000,10
24,2,1.801000,6
24,3,1.668000,6
24,4,2.277000,6
24,5,2.556000,6
24,6,1.945000,10
24,7,2.050000,7
24,8,1.898000,6
24,9,1.825000,6
24,10,1.918000,6
24,11,1.907000,6
24,12,1.617000,6
24,13,2.049000,6
24,14,2.321000,6
24,15,2.069000,6
24,16,2.413000,6
24,17,2.001000,6
24,18,1.708000,6
24,19,2.050000,6
24,20,1.898000,6
24,21,2.426000,6
24,22,2.381000,6
24,23,2.112000,6
24,24,1.647000,6
24,25,2.043000,6
24,26,2.161000,6
24,27,2.177000,6
24,28,2.304000,6
24,29,2.126000,6
24,30,1.689000,6
24,31,1.826000,6
24,32,2.292000,6
24,33,2.332000,6
24,34,2.102000,6
24,35,2.390000,6
24,36,1.358000,5
24,37,2.049000,5
24,38,2.487000,11
24,39,2.802000,11
24,40,2.951000,11
24,41,2.436000,9
24,42,0.767000,8
24,43,2.129000,8
24,44,2.930000,11
24,45,2.586000,11
24,46,2.837000,11
24,47,2.360000,11
24,48,0.746000,11
24,49,2.718000,11
24,50,2.510000,11
24,51,3.205000,11
24,52,2.692000,11
24,53,1.896000,11
24,54,0.528000,11
24,55,2.595000,11
24,56,3.492000,11
24,57,4.187000,16
24,58,2.356000,10
24,59,0.846000,10
24,60,0.273000,10
24,61,2.558000,10
24,62,2.387000,10
24,63,1.550000,5
24,64,1.720000,5
24,65,1.703000,5
24,66,1.203000,5
24,67,1.698000,5
24,68,2.007000,7
24,69,1.981000,6
24,70,1.972000,6
24,71,2.003000,6
24,72,0.988000,6
24,73,2.184000,6
24,74,1.891000,6
24,75,2.168000,6
24,76,2.623000,6
24,77,1.923000,6
24,78,1.888000,6
24,79,2.602000,6
24,80,2.152000,6
24,81,2.341000,7
24,82,1.958000,6
24,83,1.826000,6
24,84,1.681000,6
24,85,1.211000,5
24,86,1.611000,6
24,87,1.610000,5
24,88,1.528000,5
24,89,2.051000,5
24,90,2.206000,6
24,91,2.056000,6
24,92,1.886000,6
24,93,2.219000,6
24,94,2.134000,6
24,95,2.762000,7
24,96,1.481000,6
25,1,2.342000,10
25,2,1.962000,6
25,3,2.435000,6
25,4,1.880000,6
25,5,2.021000,6
25,6,2.123000,10
25,7,2.177000,7
25,8,2.238000,6
25,9,2.312000,6
25,10,1.960000,6
25,11,1.738000,6
25,12,0.906000,6
25,13,2.166000,6
25,14,2.089000,6
25,15,2.502000,6
25,16,1.849000,6
25,17,1.691000,6
25,18,1.881000,6
25,19,2.166000,6
25,20,2.471000,6
25,21,2.265000,6
25,22,2.026000,6
25,23,1.960000,6
25,24,2.084000,6
25,25,2.311000,6
25,26,1.906000,6
25,27,2.327000,6
25,28,2.120000,6
25,29,1.860000,6
25,30,1.621000,6
25,31,2.166000,6
25,32,2.018000,6
25,33,2.444000,6
25,34,2.000000,6
25,35,1.692000,6
25,36,1.482000,5
25,37,2.009000,5
25,38,3.206000,11
25,39,3.302000,11
25,40,3.004000,11
25,41,1.649000,9
25,42,0.519000,8
25,43,2.295000,8
25,44,2.871000,11
25,45,2.570000,11
25,46,2.502000,11
25,47,2.580000,11
25,48,0.923000,11
25,49,2.700000,11
25,50,3.527000,11
25,51,2.360000,11
25,52,2.980000,11
25,53,1.367000,11
25,54,0.496000,11
25,55,2.844000,11
25,56,3.046000,11
25,57,3.618000,16
25,58,2.088000,10
25,59,1.561000,10
25,60,0.640000,10
25,61,2.547000,10
25,62,2.764000,10
25,63,1.736000,5
25,64,1.970000,5
25,65,1.689000,5
25,66,1.466000,5
25,67,1.968000,5
25,68,1.847000,7
25,69,1.719000,6
25,70,2.054000,6
25,71,1.870000,6
25,72,2.175000,6
25,73,2.166000,6
25,74,2.155000,6
25,75,2.869000,6
25,76,2.772000,6
25,77,1.689000,6
25,78,1.551000,6
25,79,2.177000,6
25,80,2.073000,6
25,81,2.289000,6
25,82,2.263000,6
25,83,1.914000,6
25,84,1.626000,6
25,85,2.014000,6
25,86,1.840000,5
25,87,1.547000,6
25,88,1.726000,5
25,89,2.552000,5
25,90,1.838000,6
25,91,2.311000,6
25,92,2.336000,6
25,93,2.203000,6
25,94,2.007000,6
25,95,2.391000,7
25,96,1.754000,7
26,1,2.547000,9
26,2,2.399000,6
26,3,1.894000,6
26,4,2.028000,6
26,5,2.044000,6
26,6,1.984000,9
26,7,2.650000,6
26,8,1.889000,6
26,9,3.318000,6
26,10,2.248000,6
26,11,2.119000,6
26,12,1.329000,6
26,13,2.213000,6
26,14,1.439000,6
26,15,2.042000,6
26,16,2.121000,6
26,17,2.394000,6
26,18,1.586000,7
26,19,2.245000,6
26,20,1.870000,6
26,21,2.262000,6
26,22,2.039000,6
26,23,2.012000,6
26,24,1.617000,6
26,25,2.403000,6
26,26,2.504000,6
26,27,2.215000,6
26,28,2.182000,6
26,29,2.108000,6
26,30,1.637000,6
26,31,2.403000,6
26,32,2.370000,6
26,33,1.514000,6
26,34,2.646000,6
26,35,2.233000,6
26,36,1.494000,5
26,37,2.109000,5
26,38,2.856000,10
26,39,2.606000,10
26,40,2.542000,10
26,41,2.639000,11
26,42,0.587000,8
26,43,2.666000,8
26,44,3.239000,12
26,45,2.959000,12
26,46,3.365000,12
26,47,1.354000,12
26,48,0.506000,12
26,49,3.621000,12
26,50,2.871000,12
26,51,2.875000,12
26,52,2.790000,12
26,53,1.199000,12
26,54,0.331000,10
26,55,2.403000,10
26,56,2.587000,10
26,57,4.345000,16
26,58,2.429000,10
26,59,1.655000,10
26,60,0.638000,10
26,61,2.405000,10
26,62,2.370000,10
26,63,2.314000,6
26,64,1.897000,4
26,65,2.678000,6
26,66,1.564000,6
26,67,2.403000,6
26,68,2.373000,6
26,69,2.342000,6
26,70,2.341000,6
26,71,1.996000,6
26,72,1.779000,5
26,73,2.232000,6
26,74,2.127000,6
26,75,2.129000,6
26,76,2.182000,6
26,77,2.354000,7
26,78,1.832000,6
26,79,2.218000,6
26,80,2.167000,6
26,81,2.266000,6
26,82,2.165000,6
26,83,2.649000,6
26,84,1.770000,5
26,85,1.983000,6
26,86,1.647000,5
26,87,1.853000,5
26,88,1.806000,5
26,89,2.742000,6
26,90,1.785000,5
26,91,1.685000,5
26,92,1.596000,5
26,93,1.653000,5
26,94,2.211000,6
26,95,2.451000,7
26,96,2.243000,8
27,1,2.499000,10
27,2,2.660000,6
27,3,2.151000,6
27,4,1.920000,6
27,5,1.678000,6
27,6,2.133000,9
27,7,2.031000,6
27,8,2.294000,6
27,9,1.821000,6
27,10,2.103000,6
27,11,2.075000,6
27,12,1.388000,6
27,13,1.956000,6
27,14,2.407000,6
27,15,1.993000,6
27,16,2.491000,6
27,17,1.996000,6
27,18,1.895000,6
27,19,2.243000,6
27,20,2.372000,6
27,21,2.102000,6
27,22,2.071000,6
27,23,2.051000,6
27,24,1.879000,6
27,25,2.243000,6
27,26,2.304000,6
27,27,1.974000,6
27,28,2.080000,6
27,29,1.978000,6
27,30,2.061000,6
27,31,2.391000,6
27,32,2.263000,6
27,33,2.038000,6
27,34,2.203000,6
27,35,2.028000,6
27,36,1.638000,5
27,37,1.764000,5
27,38,2.370000,10
27,39,2.573000,10
27,40,2.535000,10
27,41,2.564000,9
27,42,1.528000,8
27,43,2.339000,8
27,44,3.602000,12
27,45,2.963000,12
27,46,3.105000,12
27,47,1.934000,12
27,48,0.444000,12
27,49,3.406000,12
27,50,2.743000,12
27,51,3.122000,12
27,52,3.184000,12
27,53,1.492000,12
27,54,0.392000,10
27,55,2.911000,10
27,56,3.187000,10
27,57,3.529000,16
27,58,2.434000,10
27,59,1.702000,10
27,60,0.461000,10
27,61,2.648000,10
27,62,3.537000,10
27,63,2.188000,6
27,64,1.518000,5
27,65,1.400000,5
27,66,1.507000,6
27,67,2.442000,7
27,68,2.248000,6
27,69,2.006000,6
27,70,2.341000,6
27,71,1.994000,6
27,72,1.565000,5
27,73,2.249000,6
27,74,2.341000,6
27,75,2.133000,6
27,76,2.103000,6
27,77,2.057000,6
27,78,2.068000,6
27,79,2.010000,6
27,80,2.332000,6
27,81,1.959000,6
27,82,1.754000,6
27,83,2.526000,6
27,84,1.276000,5
27,85,2.243000,6
27,86,2.309000,5
27,87,1.809000,5
27,88,1.725000,5
27,89,2.228000,6
27,90,1.910000,5
27,91,1.940000,5
27,92,2.410000,5
27,93,1.993000,6
27,94,2.213000,6
27,95,2.472000,7
27,96,2.291000,7
28,1,2.480000,10
28,2,1.994000,6
28,3,1.708000,6
28,4,2.209000,6
28,5,1.776000,6
28,6,2.179000,7
28,7,2.101000,6
28,8,1.988000,6
28,9,2.146000,6
28,10,2.072000,6
28,11,2.089000,6
28,12,2.404000,6
28,13,2.106000,6
28,14,1.790000,6
28,15,1.698000,6
28,16,2.104000,6
28,17,2.408000,6
28,18,2.398000,6
28,19,2.085000,6
28,20,1.914000,7
28,21,2.284000,6
28,22,2.263000,6
28,23,2.220000,6
28,24,2.198000,6
28,25,2.640000,6
28,26,2.252000,6
28,27,2.551000,6
28,28,2.151000,6
28,29,2.361000,6
28,30,1.550000,6
28,31,2.149000,6
28,32,2.377000,6
28,33,1.660000,6
28,34,2.236000,6
28,35,1.907000,6
28,36,1.758000,5
28,37,1.718000,5
28,38,2.413000,10
28,39,2.717000,10
28,40,2.754000,10
28,41,2.895000,11
28,42,1.227000,8
28,43,2.385000,8
28,44,2.982000,12
28,45,3.060000,12
28,46,3.078000,12
28,47,2.097000,12
28,48,0.641000,12
28,49,3.150000,12
28,50,3.163000,12
28,51,2.919000,12
28,52,3.294000,12
28,53,1.499000,12
28,54,0.272000,10
28,55,2.388000,10
28,56,2.562000,10
28,57,3.507000,16
28,58,2.498000,10
28,59,2.176000,10
28,60,1.021000,10
28,61,2.411000,10
28,62,3.242000,10
28,63,2.327000,6
28,64,2.181000,6
28,65,1.888000,5
28,66,0.813000,6
28,67,1.988000,5
28,68,1.930000,6
28,69,1.449000,6
28,70,2.167000,6
28,71,2.349000,6
28,72,2.172000,6
28,73,1.969000,6
28,74,2.157000,6
28,75,2.283000,6
28,76,2.321000,6
28,77,1.988000,6
28,78,2.086000,6
28,79,2.388000,6
28,80,2.626000,6
28,81,2.205000,6
28,82,2.389000,6
28,83,2.004000,6
28,84,1.544000,5
28,85,2.388000,6
28,86,1.977000,5
28,87,1.955000,5
28,88,2.242000,6
28,89,2.562000,6
28,90,1.703000,5
28,91,1.959000,5
28,92,2.386000,6
28,93,1.949000,6
28,94,2.007000,6
28,95,2.676000,7
28,96,1.035000,7
29,1,2.321000,9
29,2,2.599000,6
29,3,2.071000,6
29,4,1.609000,6
29,5,1.898000,6
29,6,1.849000,9
29,7,2.049000,6
29,8,1.926000,6
29,9,2.182000,6
29,10,1.789000,6
29,11,2.040000,6
29,12,2.008000,6
29,13,2.087000,6
29,14,2.690000,6
29,15,2.070000,6
29,16,1.722000,6
29,17,1.587000,6
29,18,1.306000,7
29,19,2.114000,6
29,20,1.763000,6
29,21,2.301000,6
29,22,2.092000,6
29,23,2.452000,7
29,24,1.720000,6
29,25,2.314000,6
29,26,2.611000,6
29,27,2.586000,6
29,28,2.347000,6
29,29,1.569000,6
29,30,1.164000,6
29,31,2.056000,6
29,32,1.921000,6
29,33,1.518000,6
29,34,1.703000,6
29,35,1.697000,6
29,36,2.129000,5
29,37,1.846000,5
29,38,2.453000,10
29,39,2.644000,10
29,40,2.369000,10
29,41,2.687000,9
29,42,1.133000,8
29,43,2.771000,8
29,44,3.362000,12
29,45,2.694000,12
29,46,2.822000,12
29,47,1.417000,12
29,48,0.382000,12
29,49,3.395000,12
29,50,3.278000,12
29,51,3.060000,12
29,52,2.837000,12
29,53,1.259000,10
29,54,0.334000,10
29,55,2.564000,10
29,56,2.619000,10
29,57,3.713000,17
29,58,2.907000,10
29,59,1.519000,10
29,60,0.633000,10
29,61,3.147000,10
29,62,2.534000,10
29,63,1.630000,5
29,64,1.714000,6
29,65,1.722000,5
29,66,1.767000,6
29,67,2.316000,6
29,68,2.170000,6
29,69,2.563000,7
29,70,1.786000,6
29,71,1.754000,6
29,72,0.652000,6
29,73,2.321000,6
29,74,2.759000,6
29,75,2.188000,6
29,76,2.279000,6
29,77,1.833000,6
29,78,1.530000,6
29,79,2.316000,6
29,80,2.651000,6
29,81,2.221000,6
29,82,2.334000,6
29,83,1.817000,6
29,84,1.609000,6
29,85,1.801000,5
29,86,1.998000,5
29,87,1.492000,5
29,88,1.831000,6
29,89,1.929000,5
29,90,1.945000,5
29,91,2.583000,6
29,92,2.299000,6
29,93,2.199000,6
29,94,2.452000,6
29,95,1.886000,7
29,96,1.768000,7
30,1,2.553000,10
30,2,2.151000,6
30,3,1.880000,6
30,4,2.103000,6
30,5,3.002000,6
30,6,1.990000,9
30,7,2.306000,6
30,8,1.934000,6
30,9,2.311000,6
30,10,1.992000,6
30,11,2.232000,6
30,12,1.977000,6
30,13,2.384000,6
30,14,2.086000,6
30,15,2.087000,6
30,16,2.001000,6
30,17,2.134000,6
30,18,1.910000,6
30,19,2.467000,6
30,20,1.944000,6
30,21,2.311000,6
30,22,1.785000,6
30,23,2.181000,6
30,24,2.157000,6
30,25,2.081000,6
30,26,2.206000,6
30,27,2.263000,6
30,28,1.671000,6
30,29,2.259000,6
30,30,2.416000,6
30,31,2.558000,6
30,32,2.509000,6
30,33,2.024000,6
30,34,2.452000,6
30,35,2.361000,6
30,36,1.504000,5
30,37,1.638000,5
30,38,2.708000,10
30,39,2.688000,10
30,40,2.998000,10
30,41,2.479000,9
30,42,0.416000,8
30,43,2.112000,8
30,44,2.694000,12
30,45,3.154000,12
30,46,3.503000,12
30,47,1.799000,12
30,48,0.416000,12
30,49,2.881000,12
30,50,2.837000,12
30,51,2.872000,12
30,52,3.178000,12
30,53,2.106000,10
30,54,0.462000,10
30,55,2.509000,10
30,56,2.867000,10
30,57,3.695000,17
30,58,2.851000,10
30,59,1.959000,10
30,60,0.478000,10
30,61,2.623000,10
30,62,2.320000,10
30,63,1.706000,6
30,64,1.987000,5
30,65,2.165000,6
30,66,1.655000,6
30,67,2.114000,7
30,68,2.263000,7
30,69,2.662000,6
30,70,2.098000,7
30,71,2.943000,7
30,72,1.773000,6
30,73,2.883000,7
30,74,2.342000,6
30,75,2.398000,6
30,76,2.057000,6
30,77,2.321000,6
30,78,1.770000,6
30,79,1.872000,6
30,80,1.863000,6
30,81,2.284000,7
30,82,2.039000,5
30,83,2.258000,6
30,84,1.976000,6
30,85,2.063000,6
30,86,1.672000,6
30,87,1.707000,5
30,88,1.767000,6
30,89,1.912000,5
30,90,1.738000,5
30,91,2.445000,6
30,92,2.113000,6
30,93,1.835000,6
30,94,1.969000,6
30,95,2.436000,8
30,96,2.548000,7
31,1,1.917000,7
31,2,2.010000,6
31,3,2.132000,6
31,4,2.099000,6
31,5,2.411000,6
31,6,1.989000,7
31,7,2.146000,6
31,8,1.611000,6
31,9,2.062000,6
31,10,2.172000,6
31,11,1.657000,6
31,12,2.395000,6
31,13,1.907000,6
31,14,2.116000,6
31,15,2.327000,6
31,16,2.185000,6
31,17,1.860000,6
31,18,1.385000,6
31,19,2.140000,6
31,20,1.662000,6
31,21,2.231000,6
31,22,2.467000,6
31,23,2.312000,6
31,24,1.978000,6
31,25,1.796000,6
31,26,1.591000,6
31,27,2.772000,6
31,28,2.152000,6
31,29,2.495000,6
31,30,2.163000,6
31,31,2.413000,6
31,32,1.944000,5
31,33,1.690000,6
31,34,1.988000,5
31,35,2.304000,6
31,36,1.950000,6
31,37,2.146000,6
31,38,2.345000,9
31,39,2.121000,9
31,40,1.984000,9
31,41,3.035000,12
31,42,0.947000,8
31,43,2.374000,8
31,44,3.095000,10
31,45,2.526000,10
31,46,2.605000,10
31,47,2.357000,10
31,48,0.619000,10
31,49,2.731000,12
31,50,2.462000,10
31,51,2.355000,9
31,52,2.041000,9
31,53,2.276000,9
31,54,1.271000,9
31,55,1.964000,9
31,56,2.498000,10
31,57,4.178000,19
31,58,2.814000,10
31,59,1.526000,7
31,60,0.396000,7
31,61,1.668000,7
31,62,1.755000,7
31,63,4.877000,27
31,64,1.836000,5
31,65,1.909000,6
31,66,1.114000,5
31,67,1.726000,5
31,68,1.594000,5
31,69,1.878000,6
31,70,1.992000,6
31,71,1.734000,6
31,72,1.749000,6
31,73,1.869000,6
31,74,2.029000,6
31,75,2.311000,6
31,76,2.005000,6
31,77,2.367000,6
31,78,1.976000,6
31,79,2.146000,6
31,80,1.792000,6
31,81,2.642000,6
31,82,1.911000,5
31,83,2.359000,6
31,84,1.846000,6
31,85,2.140000,6
31,86,2.415000,6
31,87,1.574000,5
31,88,2.232000,5
31,89,1.533000,5
31,90,1.871000,5
31,91,1.400000,5
31,92,1.590000,6
31,93,1.752000,5
31,94,1.779000,5
31,95,2.239000,7
31,96,2.578000,7
32,1,1.628000,7
32,2,1.686000,6
32,3,1.870000,6
32,4,1.447000,6
32,5,2.353000,6
32,6,1.690000,7
32,7,1.879000,6
32,8,2.126000,6
32,9,1.587000,6
32,10,2.597000,6
32,11,2.235000,6
32,12,0.431000,6
32,13,2.051000,6
32,14,2.432000,6
32,15,2.012000,6
32,16,2.390000,6
32,17,1.704000,6
32,18,1.756000,6
32,19,1.904000,6
32,20,2.201000,6
32,21,2.081000,6
32,22,2.534000,6
32,23,2.264000,6
32,24,1.538000,6
32,25,2.051000,6
32,26,2.402000,6
32,27,1.982000,6
32,28,2.466000,6
32,29,2.710000,6
32,30,1.353000,6
32,31,1.859000,6
32,32,2.392000,6
32,33,1.986000,6
32,34,2.102000,6
32,35,1.912000,6
32,36,1.739000,6
32,37,2.351000,6
32,38,1.850000,7
32,39,1.845000,7
32,40,2.501000,7
32,41,2.562000,9
32,42,1.739000,8
32,43,2.205000,8
32,44,2.320000,10
32,45,2.515000,10
32,46,2.595000,10
32,47,2.402000,10
32,48,0.782000,10
32,49,2.507000,10
32,50,2.483000,9
32,51,2.140000,7
32,52,2.089000,7
32,53,2.058000,7
32,54,1.581000,7
32,55,1.854000,7
32,56,2.781000,10
32,57,1.860000,7
32,58,2.866000,10
32,59,1.829000,7
32,60,1.663000,7
32,61,1.894000,7
32,62,1.597000,7
32,63,2.015000,7
32,64,2.094000,6
32,65,2.026000,6
32,66,1.803000,6
32,67,1.891000,5
32,68,1.836000,6
32,69,2.005000,6
32,70,2.052000,6
32,71,2.426000,6
32,72,1.948000,6
32,73,2.047000,6
32,74,2.374000,6
32,75,1.845000,6
32,76,1.716000,7
32,77,2.629000,7
32,78,2.172000,7
32,79,1.831000,6
32,80,2.417000,6
32,81,1.923000,6
32,82,1.543000,6
32,83,1.754000,5
32,84,1.341000,6
32,85,2.047000,6
32,86,1.804000,5
32,87,2.022000,5
32,88,1.782000,5
32,89,1.596000,5
32,90,1.962000,5
32,91,2.051000,5
32,92,1.779000,5
32,93,1.871000,6
32,94,1.512000,5
32,95,2.503000,7
32,96,2.397000,7
33,1,1.743000,7
33,2,1.809000,6
33,3,1.286000,6
33,4,2.556000,6
33,5,2.349000,6
33,6,1.900000,7
33,7,2.461000,7
33,8,2.312000,6
33,9,2.374000,6
33,10,2.092000,6
33,11,1.975000,6
33,12,1.396000,6
33,13,1.949000,6
33,14,2.080000,6
33,15,1.911000,6
33,16,2.563000,6
33,17,2.280000,6
33,18,1.844000,6
33,19,2.262000,6
33,20,1.985000,6
33,21,1.714000,6
33,22,2.365000,6
33,23,2.468000,6
33,24,1.810000,6
33,25,2.331000,6
33,26,2.065000,6
33,27,2.330000,6
33,28,2.222000,6
33,29,1.733000,6
33,30,2.011000,6
33,31,1.941000,5
33,32,1.904000,6
33,33,1.691000,6
33,34,2.472000,6
33,35,1.863000,5
33,36,1.579000,5
33,37,1.521000,5
33,38,2.740000,10
33,39,2.774000,10
33,40,2.983000,9
33,41,2.633000,12
33,42,0.430000,8
33,43,2.266000,8
33,44,2.353000,10
33,45,2.351000,10
33,46,2.336000,10
33,47,2.582000,10
33,48,1.115000,10
33,49,2.386000,10
33,50,1.786000,7
33,51,2.709000,11
33,52,2.143000,9
33,53,2.613000,10
33,54,1.350000,10
33,55,2.361000,10
33,56,2.137000,10
33,57,2.254000,7
33,58,2.717000,10
33,59,2.278000,7
33,60,1.206000,7
33,61,1.885000,7
33,62,1.640000,7
33,63,2.006000,7
33,64,2.396000,6
33,65,1.554000,6
33,66,1.883000,5
33,67,2.260000,6
33,68,2.829000,7
33,69,2.597000,7
33,70,2.763000,7
33,71,2.044000,6
33,72,0.541000,7
33,73,2.012000,6
33,74,2.024000,6
33,75,2.097000,6
33,76,2.043000,6
33,77,2.070000,6
33,78,2.147000,6
33,79,1.727000,5
33,80,1.977000,7
33,81,2.048000,6
33,82,2.590000,5
33,83,2.149000,6
33,84,1.436000,5
33,85,2.260000,6
33,86,2.303000,5
33,87,1.914000,5
33,88,1.761000,5
33,89,1.879000,6
33,90,1.573000,5
33,91,2.012000,5
33,92,1.883000,5
33,93,2.427000,6
33,94,2.332000,5
33,95,2.394000,7
33,96,0.851000,7
34,1,1.922000,7
34,2,1.980000,6
34,3,2.090000,6
34,4,1.755000,6
34,5,2.289000,6
34,6,1.665000,7
34,7,2.103000,7
34,8,1.598000,6
34,9,1.946000,6
34,10,2.138000,6
34,11,2.380000,6
34,12,1.813000,6
34,13,2.422000,6
34,14,2.426000,6
34,15,2.329000,6
34,16,1.629000,6
34,17,2.040000,6
34,18,1.701000,6
34,19,2.420000,6
34,20,2.428000,6
34,21,1.828000,6
34,22,1.771000,6
34,23,2.551000,6
34,24,1.642000,6
34,25,2.210000,6
34,26,2.085000,6
34,27,2.010000,6
34,28,1.805000,6
34,29,2.317000,6
34,30,2.012000,6
34,31,1.593000,5
34,32,1.801000,6
34,33,1.483000,6
34,34,2.294000,6
34,35,1.629000,5
34,36,2.007000,6
34,37,1.863000,5
34,38,2.084000,9
34,39,1.979000,9
34,40,1.992000,9
34,41,2.883000,9
34,42,1.467000,8
34,43,2.101000,8
34,44,2.517000,10
34,45,2.679000,10
34,46,2.432000,10
34,47,2.141000,10
34,48,0.856000,10
34,49,2.597000,10
34,50,2.885000,11
34,51,2.361000,11
34,52,2.090000,9
34,53,2.093000,9
34,54,0.844000,9
34,55,2.101000,9
34,56,2.347000,10
34,57,2.156000,7
34,58,2.236000,10
34,59,2.041000,7
34,60,1.608000,7
34,61,2.103000,7
34,62,2.060000,7
34,63,2.616000,7
34,64,1.326000,4
34,65,2.048000,6
34,66,1.563000,5
34,67,2.101000,6
34,68,1.869000,5
34,69,2.581000,8
34,70,1.883000,6
34,71,2.278000,6
34,72,1.720000,6
34,73,2.051000,6
34,74,2.336000,6
34,75,1.783000,6
34,76,1.805000,6
34,77,1.707000,6
34,78,1.689000,6
34,79,2.106000,6
34,80,2.060000,6
34,81,2.296000,7
34,82,1.806000,5
34,83,2.107000,6
34,84,1.774000,6
34,85,2.215000,6
34,86,1.973000,5
34,87,2.161000,6
34,88,1.627000,5
34,89,1.648000,5
34,90,1.511000,5
34,91,2.420000,5
34,92,1.992000,5
34,93,1.644000,6
34,94,1.890000,5
34,95,1.983000,7
34,96,0.096000,5
35,1,1.979000,7
35,2,1.995000,6
35,3,1.658000,6
35,4,2.673000,6
35,5,2.103000,6
35,6,1.379000,7
35,7,2.801000,8
35,8,1.853000,6
35,9,2.072000,6
35,10,2.535000,6
35,11,2.304000,6
35,12,1.003000,6
35,13,2.409000,6
35,14,2.275000,6
35,15,1.781000,6
35,16,1.784000,6
35,17,2.733000,6
35,18,1.782000,6
35,19,1.709000,6
35,20,2.039000,6
35,21,1.910000,6
35,22,1.842000,6
35,23,2.337000,7
35,24,2.020000,6
35,25,1.899000,6
35,26,2.335000,6
35,27,2.335000,6
35,28,1.817000,6
35,29,2.178000,6
35,30,1.817000,6
35,31,1.915000,6
35,32,1.976000,6
35,33,2.276000,6
35,34,2.437000,6
35,35,2.059000,5
35,36,1.531000,6
35,37,1.742000,5
35,38,1.675000,7
35,39,1.888000,7
35,40,2.182000,9
35,41,2.811000,12
35,42,2.385000,8
35,43,2.400000,8
35,44,2.852000,10
35,45,3.091000,10
35,46,2.548000,10
35,47,2.022000,10
35,48,0.320000,10
35,49,2.177000,10
35,50,2.993000,11
35,51,2.357000,11
35,52,2.094000,9
35,53,2.053000,7
35,54,1.233000,7
35,55,1.593000,7
35,56,2.373000,10
35,57,2.230000,7
35,58,2.363000,7
35,59,2.239000,7
35,60,1.637000,7
35,61,2.241000,7
35,62,2.006000,7
35,63,2.207000,7
35,64,1.864000,5
35,65,2.230000,5
35,66,1.626000,6
35,67,2.172000,6
35,68,2.069000,7
35,69,2.559000,7
35,70,2.337000,6
35,71,1.787000,6
35,72,1.862000,6
35,73,2.361000,6
35,74,1.578000,6
35,75,2.532000,6
35,76,1.912000,6
35,77,2.437000,6
35,78,1.911000,6
35,79,2.177000,6
35,80,1.784000,6
35,81,1.806000,6
35,82,2.294000,5
35,83,1.864000,6
35,84,0.477000,6
35,85,2.177000,6
35,86,1.567000,5
35,87,1.894000,6
35,88,1.434000,5
35,89,1.929000,5
35,90,1.780000,5
35,91,1.922000,5
35,92,1.868000,5
35,93,2.087000,6
35,94,1.912000,5
35,95,2.328000,8
35,96,1.794000,5
36,1,1.772000,7
36,2,1.866000,6
36,3,2.757000,6
36,4,1.958000,6
36,5,1.970000,5
36,6,1.102000,7
36,7,1.931000,6
36,8,1.690000,5
36,9,1.865000,5
36,10,1.718000,5
36,11,2.199000,6
36,12,1.640000,5
36,13,2.170000,6
36,14,2.015000,5
36,15,1.205000,5
36,16,1.536000,5
36,17,1.513000,5
36,18,1.564000,5
36,19,1.587000,6
36,20,1.992000,6
36,21,1.631000,5
36,22,1.817000,5
36,23,2.361000,5
36,24,1.779000,6
36,25,1.768000,5
36,26,1.756000,5
36,27,1.527000,5
36,28,1.336000,5
36,29,1.371000,5
36,30,1.768000,5
36,31,2.179000,5
36,32,1.963000,6
36,33,2.150000,6
36,34,1.812000,6
36,35,1.969000,5
36,36,1.522000,6
36,37,2.631000,6
36,38,1.729000,7
36,39,2.218000,7
36,40,2.217000,7
36,41,2.530000,12
36,42,0.722000,14
36,43,1.962000,8
36,44,1.758000,7
36,45,1.750000,7
36,46,1.848000,7
36,47,1.847000,7
36,48,1.732000,7
36,49,2.264000,7
36,50,2.043000,7
36,51,1.944000,7
36,52,2.125000,7
36,53,1.879000,7
36,54,1.133000,7
36,55,2.233000,7
36,56,1.998000,7
36,57,2.326000,8
36,58,1.913000,7
36,59,2.130000,7
36,60,1.085000,7
36,61,1.772000,7
36,62,1.855000,7
36,63,1.822000,7
36,64,1.878000,5
36,65,1.787000,5
36,66,1.290000,5
36,67,2.179000,6
36,68,2.392000,7
36,69,2.422000,6
36,70,2.123000,6
36,71,1.644000,5
36,72,0.482000,6
36,73,1.772000,5
36,74,1.605000,5
36,75,1.911000,5
36,76,2.209000,5
36,77,1.910000,5
36,78,1.542000,5
36,79,2.169000,6
36,80,1.803000,5
36,81,2.151000,6
36,82,1.610000,5
36,83,2.278000,6
36,84,1.403000,6
36,85,2.176000,5
36,86,1.568000,5
36,87,1.645000,5
36,88,2.274000,5
36,89,1.722000,5
36,90,1.776000,6
36,91,1.772000,5
36,92,1.531000,5
36,93,2.223000,6
36,94,2.358000,6
36,95,2.359000,8
36,96,0.697000,7
37,1,1.753000,7
37,2,1.896000,5
37,3,1.880000,5
37,4,2.153000,6
37,5,2.215000,5
37,6,1.706000,7
37,7,2.076000,6
37,8,1.721000,5
37,9,2.228000,5
37,10,2.398000,5
37,11,1.690000,5
37,12,1.606000,5
37,13,1.679000,5
37,14,1.977000,5
37,15,1.729000,5
37,16,1.574000,5
37,17,1.561000,5
37,18,2.123000,6
37,19,1.947000,5
37,20,2.128000,6
37,21,1.847000,5
37,22,2.138000,5
37,23,1.721000,5
37,24,1.424000,5
37,25,1.721000,5
37,26,1.790000,5
37,27,2.217000,5
37,28,1.876000,5
37,29,2.168000,5
37,30,1.913000,6
37,31,1.351000,5
37,32,2.166000,6
37,33,1.996000,5
37,34,1.926000,6
37,35,1.756000,5
37,36,2.150000,6
37,37,1.949000,6
37,38,2.256000,7
37,39,2.159000,7
37,40,2.174000,7
37,41,2.824000,12
37,42,0.171000,11
37,43,2.507000,8
37,44,1.877000,7
37,45,2.022000,7
37,46,1.649000,7
37,47,2.150000,7
37,48,1.512000,7
37,49,1.610000,7
37,50,2.063000,7
37,51,1.796000,7
37,52,2.598000,7
37,53,1.843000,7
37,54,1.926000,7
37,55,1.994000,7
37,56,2.176000,7
37,57,2.198000,8
37,58,2.070000,7
37,59,1.696000,7
37,60,1.673000,7
37,61,1.949000,7
37,62,1.858000,7
37,63,1.974000,7
37,64,1.687000,5
37,65,2.278000,6
37,66,1.936000,5
37,67,1.641000,5
37,68,2.269000,7
37,69,2.294000,7
37,70,1.863000,5
37,71,1.379000,4
37,72,1.178000,5
37,73,1.874000,6
37,74,2.010000,6
37,75,1.768000,6
37,76,1.724000,5
37,77,1.766000,5
37,78,1.833000,6
37,79,2.286000,6
37,80,1.577000,5
37,81,2.085000,5
37,82,1.873000,4
37,83,1.738000,5
37,84,1.689000,6
37,85,2.140000,6
37,86,1.647000,5
37,87,1.927000,5
37,88,1.858000,5
37,89,1.676000,5
37,90,1.834000,6
37,91,1.555000,5
37,92,1.513000,5
37,93,1.654000,6
37,94,1.940000,6
37,95,2.424000,8
37,96,2.231000,7
38,1,1.826000,7
38,2,1.705000,5
38,3,1.671000,5
38,4,1.547000,6
38,5,2.086000,6
38,6,1.846000,7
38,7,2.198000,6
38,8,2.277000,5
38,9,1.809000,6
38,10,1.325000,5
38,11,1.672000,5
38,12,2.128000,6
38,13,1.870000,5
38,14,1.879000,5
38,15,1.909000,5
38,16,1.816000,5
38,17,2.132000,6
38,18,2.101000,6
38,19,2.055000,5
38,20,1.705000,6
38,21,1.608000,5
38,22,1.942000,5
38,23,2.068000,5
38,24,1.952000,5
38,25,2.208000,6
38,26,1.402000,5
38,27,1.369000,5
38,28,2.072000,6
38,29,2.464000,6
38,30,1.952000,5
38,31,1.848000,5
38,32,1.999000,5
38,33,1.576000,5
38,34,1.744000,5
38,35,2.114000,6
38,36,1.989000,6
38,37,2.200000,6
38,38,2.546000,7
38,39,2.023000,7
38,40,2.288000,7
38,41,2.996000,12
38,42,0.501000,12
38,43,2.266000,8
38,44,2.413000,7
38,45,1.966000,7
38,46,1.798000,7
38,47,2.066000,7
38,48,1.386000,7
38,49,2.198000,7
38,50,2.309000,7
38,51,1.944000,7
38,52,2.482000,7
38,53,1.782000,7
38,54,1.481000,7
38,55,2.041000,7
38,56,2.468000,7
38,57,2.217000,8
38,58,2.632000,7
38,59,1.783000,7
38,60,1.070000,7
38,61,2.277000,7
38,62,2.732000,7
38,63,1.849000,7
38,64,1.466000,4
38,65,2.094000,6
38,66,1.308000,6
38,67,1.842000,5
38,68,1.975000,6
38,69,2.083000,7
38,70,2.289000,6
38,71,2.066000,6
38,72,1.789000,6
38,73,2.198000,6
38,74,1.689000,6
38,75,2.279000,5
38,76,1.830000,6
38,77,2.188000,6
38,78,1.467000,5
38,79,2.198000,6
38,80,2.373000,5
38,81,1.978000,5
38,82,2.308000,6
38,83,1.892000,5
38,84,1.514000,6
38,85,2.102000,6
38,86,1.674000,5
38,87,1.960000,5
38,88,1.697000,5
38,89,1.565000,5
38,90,1.928000,6
38,91,1.953000,5
38,92,2.118000,5
38,93,1.913000,5
38,94,2.291000,6
38,95,1.990000,7
38,96,0.731000,7
39,1,2.032000,7
39,2,2.402000,6
39,3,1.657000,5
39,4,2.714000,7
39,5,2.050000,6
39,6,1.562000,7
39,7,2.236000,6
39,8,2.180000,6
39,9,1.928000,6
39,10,1.945000,5
39,11,2.089000,5
39,12,1.611000,5
39,13,2.067000,5
39,14,2.271000,6
39,15,2.262000,5
39,16,1.582000,5
39,17,1.790000,5
39,18,1.373000,5
39,19,1.854000,5
39,20,1.655000,5
39,21,2.133000,6
39,22,1.533000,6
39,23,2.515000,6
39,24,1.851000,5
39,25,2.067000,5
39,26,1.703000,5
39,27,1.916000,5
39,28,2.001000,5
39,29,1.897000,6
39,30,0.967000,5
39,31,2.404000,6
39,32,1.915000,5
39,33,1.625000,5
39,34,1.933000,5
39,35,2.502000,6
39,36,1.734000,6
39,37,2.053000,6
39,38,1.747000,7
39,39,2.050000,7
39,40,2.052000,7
39,41,3.154000,12
39,42,1.482000,12
39,43,2.035000,8
39,44,1.901000,7
39,45,1.886000,7
39,46,1.880000,7
39,47,1.688000,7
39,48,2.482000,18
39,49,1.686000,7
39,50,1.794000,7
39,51,1.933000,7
39,52,1.951000,7
39,53,1.997000,7
39,54,2.205000,7
39,55,2.369000,7
39,56,1.846000,7
39,57,2.438000,8
39,58,2.115000,7
39,59,2.159000,7
39,60,1.451000,7
39,61,2.236000,7
39,62,1.986000,7
39,63,2.119000,7
39,64,2.041000,5
39,65,1.784000,4
39,66,1.737000,5
39,67,2.051000,6
39,68,1.655000,5
39,69,2.643000,9
39,70,2.428000,7
39,71,1.682000,6
39,72,1.975000,7
39,73,2.236000,6
39,74,1.797000,6
39,75,2.119000,6
39,76,2.089000,5
39,77,1.785000,5
39,78,1.960000,5
39,79,2.222000,5
39,80,1.799000,6
39,81,1.888000,5
39,82,2.151000,7
39,83,1.738000,5
39,84,1.758000,5
39,85,2.051000,6
39,86,2.163000,5
39,87,1.800000,5
39,88,1.944000,5
39,89,2.055000,5
39,90,2.184000,5
39,91,2.087000,5
39,92,2.184000,6
39,93,1.625000,5
39,94,2.388000,6
39,95,2.215000,7
39,96,1.354000,7
40,1,1.784000,7
40,2,1.873000,6
40,3,1.665000,5
40,4,2.022000,7
40,5,2.233000,6
40,6,1.739000,7
40,7,2.026000,6
40,8,2.701000,6
40,9,1.860000,5
40,10,1.900000,5
40,11,1.680000,5
40,12,1.631000,5
40,13,2.242000,5
40,14,2.205000,6
40,15,1.909000,5
40,16,1.896000,5
40,17,1.470000,5
40,18,1.746000,5
40,19,1.609000,5
40,20,1.151000,5
40,21,2.536000,6
40,22,1.593000,6
40,23,1.689000,6
40,24,1.974000,6
40,25,2.030000,5
40,26,1.659000,5
40,27,2.200000,6
40,28,1.900000,5
40,29,1.437000,5
40,30,1.989000,6
40,31,1.775000,5
40,32,1.585000,5
40,33,1.951000,6
40,34,1.741000,6
40,35,1.962000,5
40,36,1.385000,5
40,37,2.251000,5
40,38,2.518000,7
40,39,3.363000,15
40,40,2.206000,8
40,41,1.675000,12
40,42,0.374000,12
40,43,2.351000,8
40,44,1.857000,7
40,45,2.021000,7
40,46,1.862000,7
40,47,1.771000,7
40,48,2.552000,17
40,49,3.448000,17
40,50,2.027000,7
40,51,1.965000,7
40,52,1.488000,7
40,53,0.700000,7
40,54,0.271000,7
40,55,2.063000,7
40,56,1.522000,7
40,57,2.538000,7
40,58,2.357000,7
40,59,2.183000,7
40,60,1.273000,7
40,61,2.048000,7
40,62,2.077000,7
40,63,2.391000,7
40,64,1.096000,4
40,65,1.726000,5
40,66,1.894000,5
40,67,1.752000,6
40,68,1.476000,5
40,69,1.454000,5
40,70,2.101000,6
40,71,2.078000,6
40,72,1.738000,6
40,73,2.251000,6
40,74,2.216000,6
40,75,1.949000,6
40,76,1.658000,6
40,77,2.201000,6
40,78,1.320000,6
40,79,1.752000,5
40,80,1.889000,5
40,81,1.562000,5
40,82,1.866000,7
40,83,2.233000,5
40,84,1.786000,5
40,85,2.242000,6
40,86,1.882000,5
40,87,2.264000,6
40,88,1.656000,5
40,89,1.938000,5
40,90,1.782000,6
40,91,2.026000,5
40,92,2.176000,6
40,93,2.002000,5
40,94,2.011000,6
40,95,2.283000,7
40,96,1.671000,7
41,1,2.021000,7
41,2,2.276000,6
41,3,2.095000,5
41,4,2.043000,6
41,5,2.373000,6
41,6,1.704000,7
41,7,2.222000,7
41,8,2.072000,5
41,9,1.852000,6
41,10,2.087000,6
41,11,1.653000,6
41,12,2.310000,6
41,13,2.504000,6
41,14,1.800000,6
41,15,2.188000,6
41,16,1.954000,6
41,17,1.943000,6
41,18,1.718000,6
41,19,2.212000,6
41,20,2.279000,6
41,21,2.156000,6
41,22,2.104000,6
41,23,2.308000,6
41,24,1.529000,6
41,25,1.811000,6
41,26,1.698000,6
41,27,1.535000,6
41,28,1.942000,6
41,29,2.445000,6
41,30,2.229000,6
41,31,2.504000,6
41,32,2.452000,6
41,33,2.055000,6
41,34,1.911000,6
41,35,2.450000,6
41,36,1.307000,6
41,37,1.842000,6
41,38,2.048000,7
41,39,1.838000,7
41,40,2.278000,8
41,41,3.074000,10
41,42,1.473000,12
41,43,2.307000,8
41,44,2.468000,7
41,45,2.087000,8
41,46,2.119000,8
41,47,2.061000,8
41,48,1.804000,18
41,49,4.095000,18
41,50,1.802000,7
41,51,1.608000,7
41,52,2.299000,7
41,53,1.782000,7
41,54,0.973000,7
41,55,2.011000,7
41,56,1.544000,7
41,57,2.152000,7
41,58,2.069000,7
41,59,1.920000,7
41,60,1.923000,7
41,61,2.008000,7
41,62,2.434000,7
41,63,1.872000,7
41,64,2.215000,8
41,65,2.240000,6
41,66,1.360000,5
41,67,2.021000,7
41,68,2.276000,5
41,69,1.318000,6
41,70,1.958000,6
41,71,2.117000,6
41,72,1.978000,6
41,73,1.638000,6
41,74,1.578000,5
41,75,2.121000,6
41,76,1.954000,5
41,77,1.546000,5
41,78,2.069000,5
41,79,6.278000,31
41,80,1.784000,5
41,81,1.653000,5
41,82,1.973000,6
41,83,0.897000,5
41,84,0.272000,5
41,85,1.408000,5
41,86,1.320000,5
41,87,1.942000,5
41,88,2.026000,5
41,89,1.956000,5
41,90,1.877000,5
41,91,2.129000,6
41,92,1.640000,5
41,93,1.632000,5
41,94,2.282000,6
41,95,3.121000,8
41,96,1.816000,7
42,1,1.783000,7
42,2,2.294000,6
42,3,1.806000,6
42,4,2.058000,6
42,5,2.107000,6
42,6,1.405000,7
42,7,2.218000,7
42,8,2.549000,6
42,9,2.001000,6
42,10,2.296000,6
42,11,2.459000,6
42,12,0.949000,6
42,13,2.291000,6
42,14,1.910000,6
42,15,2.273000,6
42,16,1.623000,6
42,17,1.046000,6
42,18,0.173000,6
42,19,2.277000,6
42,20,2.779000,6
42,21,1.953000,6
42,22,2.198000,6
42,23,2.101000,6
42,24,1.394000,6
42,25,1.658000,6
42,26,1.608000,6
42,27,2.055000,6
42,28,2.462000,6
42,29,2.299000,6
42,30,1.607000,6
42,31,2.036000,6
42,32,2.214000,6
42,33,2.772000,6
42,34,2.304000,6
42,35,1.484000,5
42,36,1.573000,6
42,37,2.196000,6
42,38,2.162000,7
42,39,1.735000,7
42,40,2.782000,8
42,41,2.570000,10
42,42,1.401000,12
42,43,2.660000,8
42,44,2.677000,8
42,45,2.158000,8
42,46,2.357000,8
42,47,2.106000,8
42,48,0.892000,8
42,49,1.752000,8
42,50,1.961000,8
42,51,1.874000,7
42,52,2.306000,7
42,53,2.213000,7
42,54,1.501000,7
42,55,1.832000,7
42,56,1.796000,7
42,57,2.016000,7
42,58,2.435000,7
42,59,2.308000,7
42,60,1.375000,7
42,61,2.198000,7
42,62,2.042000,7
42,63,1.993000,7
42,64,2.455000,6
42,65,1.769000,5
42,66,1.783000,7
42,67,1.822000,6
42,68,2.322000,8
42,69,1.733000,6
42,70,2.193000,6
42,71,1.712000,4
42,72,1.434000,5
42,73,2.159000,6
42,74,1.652000,5
42,75,1.549000,4
42,76,2.289000,6
42,77,2.023000,6
42,78,1.926000,6
42,79,3.061000,12
42,80,2.377000,5
42,81,1.471000,5
42,82,2.390000,6
42,83,1.847000,5
42,84,1.321000,5
42,85,1.782000,5
42,86,1.964000,5
42,87,1.736000,5
42,88,1.800000,5
42,89,1.784000,5
42,90,1.928000,5
42,91,1.786000,5
42,92,2.216000,6
42,93,1.273000,6
42,94,2.227000,5
42,95,2.848000,8
42,96,1.624000,7
43,1,2.049000,7
43,2,2.153000,6
43,3,1.598000,6
43,4,2.089000,6
43,5,1.878000,6
43,6,1.620000,7
43,7,1.945000,6
43,8,2.334000,6
43,9,2.120000,6
43,10,2.063000,6
43,11,2.086000,6
43,12,1.735000,6
43,13,2.103000,6
43,14,1.799000,6
43,15,2.088000,6
43,16,1.806000,6
43,17,2.121000,5
43,18,2.024000,6
43,19,2.581000,6
43,20,2.453000,6
43,21,2.448000,6
43,22,1.876000,6
43,23,1.899000,6
43,24,1.280000,6
43,25,1.970000,6
43,26,2.022000,6
43,27,2.202000,6
43,28,2.335000,6
43,29,1.324000,6
43,30,0.552000,6
43,31,2.232000,6
43,32,2.117000,6
43,33,1.658000,6
43,34,2.097000,6
43,35,2.451000,6
43,36,1.434000,6
43,37,1.620000,5
43,38,2.139000,8
43,39,2.087000,8
43,40,2.447000,8
43,41,2.293000,10
43,42,0.779000,12
43,43,2.313000,7
43,44,2.350000,8
43,45,2.646000,8
43,46,2.047000,8
43,47,2.124000,8
43,48,0.957000,8
43,49,2.263000,8
43,50,2.126000,8
43,51,2.707000,8
43,52,1.747000,7
43,53,1.900000,7
43,54,1.604000,7
43,55,2.367000,7
43,56,2.085000,7
43,57,2.579000,7
43,58,2.067000,7
43,59,1.879000,7
43,60,1.482000,7
43,61,2.131000,7
43,62,2.258000,7
43,63,2.075000,7
43,64,1.996000,6
43,65,2.305000,8
43,66,1.727000,8
43,67,2.025000,5
43,68,2.254000,7
43,69,1.420000,4
43,70,2.320000,6
43,71,2.126000,7
43,72,0.956000,4
43,73,2.579000,7
43,74,1.404000,4
43,75,1.577000,4
43,76,1.240000,4
43,77,1.330000,4
43,78,1.932000,4
43,79,2.587000,11
43,80,1.880000,6
43,81,1.562000,6
43,82,1.721000,5
43,83,1.402000,5
43,84,1.724000,5
43,85,1.704000,6
43,86,1.597000,5
43,87,1.782000,5
43,88,1.860000,6
43,89,1.822000,5
43,90,1.662000,5
43,91,2.017000,5
43,92,1.975000,5
43,93,1.990000,5
43,94,1.813000,5
43,95,2.058000,9
43,96,2.068000,7
44,1,2.360000,7
44,2,2.301000,6
44,3,1.635000,5
44,4,2.134000,6
44,5,2.169000,6
44,6,2.280000,13
44,7,2.016000,6
44,8,1.647000,6
44,9,1.881000,6
44,10,2.298000,6
44,11,2.662000,6
44,12,2.235000,6
44,13,2.391000,6
44,14,2.371000,6
44,15,1.919000,6
44,16,1.689000,6
44,17,1.562000,6
44,18,2.108000,6
44,19,2.219000,6
44,20,1.688000,6
44,21,2.498000,6
44,22,1.984000,6
44,23,1.803000,6
44,24,1.674000,6
44,25,2.776000,6
44,26,2.550000,6
44,27,2.091000,6
44,28,1.964000,6
44,29,2.233000,6
44,30,1.309000,6
44,31,2.376000,6
44,32,1.883000,6
44,33,1.799000,6
44,34,2.403000,6
44,35,2.345000,6
44,36,1.689000,6
44,37,2.579000,7
44,38,1.890000,7
44,39,1.768000,7
44,40,2.401000,8
44,41,2.472000,10
44,42,2.057000,12
44,43,2.399000,7
44,44,2.309000,8
44,45,2.196000,8
44,46,2.087000,8
44,47,2.297000,8
44,48,0.256000,8
44,49,2.592000,8
44,50,2.449000,8
44,51,2.420000,8
44,52,1.966000,7
44,53,2.170000,7
44,54,1.307000,7
44,55,2.255000,7
44,56,1.880000,7
44,57,2.053000,7
44,58,2.019000,7
44,59,2.213000,7
44,60,2.408000,13
44,61,2.376000,7
44,62,1.681000,7
44,63,1.897000,7
44,64,1.503000,5
44,65,2.336000,7
44,66,1.626000,6
44,67,2.313000,6
44,68,1.920000,5
44,69,1.607000,5
44,70,2.472000,7
44,71,1.881000,7
44,72,0.288000,6
44,73,2.376000,6
44,74,2.326000,6
44,75,2.036000,6
44,76,1.975000,7
44,77,2.170000,7
44,78,1.976000,7
44,79,3.205000,12
44,80,1.244000,4
44,81,1.643000,4
44,82,1.674000,5
44,83,1.912000,5
44,84,1.749000,5
44,85,1.847000,5
44,86,1.284000,5
44,87,2.496000,6
44,88,1.995000,6
44,89,2.198000,6
44,90,1.498000,5
44,91,2.283000,5
44,92,2.070000,5
44,93,1.792000,5
44,94,1.899000,5
44,95,2.822000,8
44,96,1.641000,5
45,1,1.896000,7
45,2,2.026000,6
45,3,1.850000,6
45,4,1.514000,5
45,5,2.257000,6
45,6,1.958000,7
45,7,2.048000,6
45,8,1.925000,6
45,9,1.733000,5
45,10,2.389000,6
45,11,2.029000,6
45,12,1.883000,6
45,13,2.481000,6
45,14,2.038000,6
45,15,1.634000,6
45,16,1.927000,6
45,17,1.845000,6
45,18,1.782000,6
45,19,2.481000,6
45,20,1.990000,6
45,21,2.556000,6
45,22,2.222000,6
45,23,2.197000,6
45,24,1.146000,6
45,25,2.208000,6
45,26,2.323000,6
45,27,2.255000,6
45,28,1.911000,6
45,29,1.577000,6
45,30,0.679000,6
45,31,2.059000,6
45,32,2.037000,6
45,33,2.052000,6
45,34,1.964000,6
45,35,1.956000,6
45,36,1.766000,6
45,37,2.051000,5
45,38,1.829000,7
45,39,1.913000,7
45,40,2.404000,8
45,41,2.829000,10
45,42,1.720000,13
45,43,2.051000,7
45,44,2.897000,8
45,45,2.438000,8
45,46,2.178000,8
45,47,1.895000,8
45,48,1.119000,8
45,49,2.150000,8
45,50,2.126000,8
45,51,2.730000,8
45,52,2.344000,7
45,53,1.798000,7
45,54,0.955000,8
45,55,1.809000,7
45,56,1.748000,7
45,57,2.422000,7
45,58,1.814000,7
45,59,2.549000,7
45,60,1.736000,14
45,61,2.305000,7
45,62,2.013000,7
45,63,1.656000,7
45,64,1.588000,5
45,65,1.652000,5
45,66,1.096000,4
45,67,1.291000,4
45,68,1.510000,6
45,69,1.611000,5
45,70,1.320000,5
45,71,1.433000,4
45,72,1.507000,5
45,73,2.276000,5
45,74,1.707000,5
45,75,1.643000,5
45,76,1.921000,8
45,77,2.277000,6
45,78,2.051000,6
45,79,2.949000,12
45,80,1.752000,7
45,81,1.657000,4
45,82,2.261000,6
45,83,1.778000,4
45,84,1.545000,5
45,85,2.286000,6
45,86,1.960000,5
45,87,1.575000,5
45,88,1.656000,6
45,89,2.113000,6
45,90,1.895000,5
45,91,2.051000,5
45,92,1.527000,5
45,93,1.694000,5
45,94,1.666000,6
45,95,2.530000,8
45,96,1.146000,5
46,1,2.964000,13
46,2,2.472000,6
46,3,2.247000,5
46,4,2.063000,6
46,5,1.409000,5
46,6,1.056000,12
46,7,2.223000,6
46,8,1.800000,6
46,9,2.186000,6
46,10,1.802000,5
46,11,1.702000,5
46,12,1.632000,6
46,13,1.632000,5
46,14,1.638000,5
46,15,2.105000,6
46,16,2.466000,6
46,17,1.702000,5
46,18,1.513000,6
46,19,1.765000,6
46,20,2.396000,6
46,21,2.452000,6
46,22,2.531000,6
46,23,1.704000,6
46,24,1.137000,6
46,25,2.262000,6
46,26,1.796000,6
46,27,1.340000,6
46,28,2.247000,6
46,29,2.049000,6
46,30,1.543000,5
46,31,2.548000,6
46,32,1.702000,6
46,33,1.736000,5
46,34,1.658000,5
46,35,1.638000,5
46,36,1.370000,4
46,37,1.695000,6
46,38,3.518000,13
46,39,3.618000,13
46,40,2.371000,8
46,41,1.093000,11
46,42,0.333000,12
46,43,2.150000,7
46,44,2.164000,8
46,45,2.486000,8
46,46,2.021000,8
46,47,0.988000,8
46,48,0.301000,8
46,49,2.396000,8
46,50,2.418000,8
46,51,1.896000,7
46,52,1.927000,7
46,53,1.917000,7
46,54,1.150000,7
46,55,2.475000,7
46,56,1.878000,7
46,57,2.082000,7
46,58,1.865000,7
46,59,1.674000,7
46,60,1.480000,14
46,61,2.155000,7
46,62,2.115000,7
46,63,3.086000,12
46,64,1.483000,6
46,65,1.051000,4
46,66,1.003000,5
46,67,1.330000,5
46,68,1.031000,4
46,69,1.649000,5
46,70,1.667000,4
46,71,1.725000,6
46,72,1.797000,5
46,73,1.616000,4
46,74,1.260000,4
46,75,1.630000,5
46,76,2.026000,6
46,77,1.958000,6
46,78,1.878000,6
46,79,2.868000,11
46,80,2.318000,7
46,81,1.354000,5
46,82,1.785000,5
46,83,1.450000,5
46,84,1.274000,4
46,85,2.047000,5
46,86,1.442000,4
46,87,1.932000,5
46,88,1.895000,5
46,89,2.049000,5
46,90,1.465000,5
46,91,1.823000,5
46,92,1.785000,5
46,93,1.492000,5
46,94,1.769000,5
46,95,2.656000,8
46,96,0.972000,5
47,1,3.676000,13
47,2,2.074000,6
47,3,2.100000,5
47,4,2.376000,6
47,5,1.700000,6
47,6,1.388000,14
47,7,2.247000,6
47,8,2.067000,5
47,9,2.348000,6
47,10,2.186000,6
47,11,2.248000,6
47,12,1.355000,5
47,13,2.135000,6
47,14,2.007000,6
47,15,2.234000,5
47,16,1.691000,6
47,17,1.563000,6
47,18,1.816000,6
47,19,2.577000,6
47,20,1.920000,5
47,21,2.068000,6
47,22,2.055000,6
47,23,2.438000,6
47,24,1.562000,6
47,25,1.736000,5
47,26,2.360000,6
47,27,2.457000,6
47,28,1.930000,6
47,29,1.726000,6
47,30,1.593000,6
47,31,1.823000,5
47,32,1.442000,5
47,33,1.990000,6
47,34,1.403000,6
47,35,1.590000,4
47,36,1.926000,6
47,37,1.817000,5
47,38,3.865000,13
47,39,3.338000,13
47,40,2.322000,8
47,41,1.355000,7
47,42,0.781000,12
47,43,2.248000,7
47,44,3.867000,14
47,45,2.661000,11
47,46,1.664000,8
47,47,0.369000,8
47,48,0.119000,8
47,49,2.753000,8
47,50,2.133000,8
47,51,2.254000,8
47,52,2.209000,8
47,53,2.099000,7
47,54,1.658000,13
47,55,3.612000,13
47,56,3.684000,14
47,57,2.567000,7
47,58,2.125000,8
47,59,1.267000,14
47,60,0.304000,7
47,61,3.267000,12
47,62,2.726000,12
47,63,2.838000,11
47,64,2.036000,5
47,65,1.218000,6
47,66,0.606000,5
47,67,1.082000,4
47,68,2.379000,6
47,69,1.729000,5
47,70,1.631000,6
47,71,1.546000,4
47,72,1.543000,4
47,73,2.577000,6
47,74,1.888000,5
47,75,2.125000,6
47,76,1.308000,4
47,77,2.391000,5
47,78,1.582000,4
47,79,3.138000,11
47,80,2.414000,6
47,81,1.712000,6
47,82,1.817000,5
47,83,2.152000,5
47,84,1.370000,5
47,85,2.198000,5
47,86,1.812000,5
47,87,2.074000,5
47,88,2.187000,5
47,89,1.695000,6
47,90,1.577000,6
47,91,2.340000,6
47,92,1.958000,6
47,93,1.573000,5
47,94,2.162000,5
47,95,2.396000,8
47,96,1.340000,5
48,1,3.395000,13
48,2,2.297000,6
48,3,2.008000,6
48,4,1.974000,5
48,5,1.691000,6
48,6,1.635000,14
48,7,2.002000,6
48,8,2.422000,6
48,9,1.901000,6
48,10,2.244000,5
48,11,1.704000,6
48,12,1.610000,6
48,13,2.050000,6
48,14,2.201000,6
48,15,1.942000,6
48,16,2.140000,5
48,17,1.467000,5
48,18,1.723000,6
48,19,2.281000,6
48,20,2.056000,6
48,21,2.119000,6
48,22,1.959000,5
48,23,1.322000,5
48,24,0.813000,5
48,25,2.003000,6
48,26,2.682000,6
48,27,1.604000,6
48,28,2.247000,6
48,29,2.002000,6
48,30,1.193000,6
48,31,2.281000,6
48,32,1.873000,6
48,33,2.013000,5
48,34,1.610000,4
48,35,2.108000,6
48,36,1.567000,6
48,37,2.073000,5
48,38,3.615000,14
48,39,2.776000,13
48,40,2.130000,8
48,41,1.354000,7
48,42,1.101000,12
48,43,2.042000,7
48,44,3.825000,16
48,45,3.712000,16
48,46,1.658000,7
48,47,0.908000,7
48,48,0.831000,18
48,49,4.796000,18
48,50,3.495000,16
48,51,2.025000,7
48,52,1.546000,7
48,53,1.365000,17
48,54,0.242000,13
48,55,2.517000,8
48,56,3.682000,14
48,57,2.083000,7
48,58,1.802000,7
48,59,2.269000,12
48,60,0.929000,12
48,61,2.904000,11
48,62,2.775000,11
48,63,2.391000,11
48,64,2.151000,5
48,65,1.423000,5
48,66,0.765000,4
48,67,1.339000,4
48,68,1.629000,5
48,69,2.028000,5
48,70,1.277000,4
48,71,1.404000,5
48,72,1.611000,5
48,73,1.428000,4
48,74,1.500000,4
48,75,2.396000,5
48,76,1.592000,4
48,77,2.321000,5
48,78,1.228000,5
48,79,2.744000,11
48,80,1.541000,5
48,81,1.378000,4
48,82,1.672000,5
48,83,1.941000,5
48,84,1.844000,5
48,85,1.843000,5
48,86,2.020000,5
48,87,1.601000,5
48,88,1.196000,5
48,89,1.625000,5
48,90,2.505000,6
48,91,1.694000,5
48,92,2.442000,6
48,93,2.307000,6
48,94,1.667000,5
48,95,1.930000,8
48,96,1.668000,5
49,1,2.856000,8
49,2,1.863000,5
49,3,1.760000,6
49,4,2.457000,6
49,5,1.777000,5
49,6,1.898000,13
49,7,2.129000,6
49,8,2.171000,5
49,9,2.214000,5
49,10,1.883000,6
49,11,1.766000,6
49,12,1.372000,5
49,13,2.239000,5
49,14,2.042000,6
49,15,2.460000,6
49,16,1.890000,5
49,17,2.179000,6
49,18,1.243000,6
49,19,2.188000,5
49,20,2.216000,6
49,21,2.444000,6
49,22,2.015000,6
49,23,1.876000,6
49,24,1.390000,6
49,25,2.028000,6
49,26,1.331000,5
49,27,1.674000,6
49,28,1.774000,5
49,29,2.268000,6
49,30,2.054000,6
49,31,2.216000,5
49,32,2.193000,6
49,33,2.193000,6
49,34,1.988000,6
49,35,1.651000,6
49,36,0.670000,4
49,37,1.960000,6
49,38,3.124000,14
49,39,3.237000,14
49,40,2.147000,7
49,41,1.593000,7
49,42,1.020000,12
49,43,2.220000,7
49,44,3.277000,14
49,45,3.245000,14
49,46,1.844000,7
49,47,1.084000,7
49,48,0.844000,14
49,49,3.308000,13
49,50,2.788000,13
49,51,2.011000,7
49,52,2.607000,7
49,53,1.545000,8
49,54,1.116000,14
49,55,3.304000,15
49,56,3.573000,14
49,57,2.274000,7
49,58,2.658000,12
49,59,1.383000,13
49,60,0.260000,11
49,61,2.856000,11
49,62,2.484000,10
49,63,2.408000,8
49,64,1.339000,5
49,65,1.638000,5
49,66,0.941000,4
49,67,1.995000,6
49,68,1.795000,5
49,69,2.046000,5
49,70,1.248000,4
49,71,1.705000,5
49,72,1.543000,5
49,73,1.705000,4
49,74,1.326000,4
49,75,1.489000,5
49,76,2.301000,6
49,77,1.667000,5
49,78,1.716000,4
49,79,2.724000,10
49,80,1.917000,5
49,81,1.578000,5
49,82,1.769000,5
49,83,0.939000,4
49,84,1.845000,5
49,85,2.421000,6
49,86,1.523000,5
49,87,2.039000,5
49,88,1.262000,5
49,89,1.625000,5
49,90,1.867000,5
49,91,2.300000,6
49,92,1.945000,6
49,93,1.944000,6
49,94,2.051000,6
49,95,2.464000,8
49,96,1.387000,5
50,1,4.163000,12
50,2,2.411000,6
50,3,2.865000,6
50,4,2.144000,6
50,5,2.640000,7
50,6,2.197000,13
50,7,3.522000,6
50,8,2.702000,6
50,9,2.535000,6
50,10,2.288000,5
50,11,2.489000,5
50,12,2.058000,6
50,13,3.521000,6
50,14,3.211000,5
50,15,2.411000,6
50,16,2.480000,6
50,17,2.045000,6
50,18,1.835000,6
50,19,3.258000,6
50,20,2.412000,6
50,21,2.934000,6
50,22,1.906000,6
50,23,2.045000,6
50,24,1.863000,6
50,25,3.008000,6
50,26,2.670000,6
50,27,2.939000,6
50,28,2.638000,6
50,29,2.768000,6
50,30,1.830000,5
50,31,2.921000,6
50,32,2.681000,6
50,33,3.099000,6
50,34,3.194000,6
50,35,2.474000,6
50,36,1.763000,6
50,37,1.992000,4
50,38,4.342000,13
50,39,4.527000,14
50,40,2.867000,8
50,41,1.607000,7
50,42,1.472000,12
50,43,3.486000,7
50,44,4.426000,14
50,45,4.228000,14
50,46,2.073000,7
50,47,1.888000,7
50,48,1.456000,13
50,49,4.769000,13
50,50,4.476000,15
50,51,2.685000,7
50,52,2.151000,7
50,53,2.706000,16
50,54,1.089000,14
50,55,5.062000,14
50,56,3.172000,12
50,57,2.654000,7
50,58,3.244000,11
50,59,2.396000,11
50,60,1.195000,11
50,61,3.576000,8
50,62,2.430000,7
50,63,2.775000,7
50,64,2.241000,5
50,65,2.710000,5
50,66,1.863000,7
50,67,2.934000,6
50,68,2.553000,5
50,69,5.162000,22
50,70,1.939000,5
50,71,2.794000,24
50,72,0.170000,6
50,73,3.502000,7
50,74,2.148000,5
50,75,2.850000,7
50,76,1.932000,5
50,77,2.196000,6
50,78,0.975000,4
50,79,2.979000,7
50,80,1.911000,4
50,81,1.767000,5
50,82,2.072000,4
50,83,1.922000,5
50,84,1.381000,4
50,85,3.033000,5
50,86,2.524000,5
50,87,2.747000,5
50,88,2.193000,5
50,89,2.291000,5
50,90,1.625000,5
50,91,3.263000,5
50,92,2.196000,6
50,93,2.488000,5
50,94,1.783000,6
50,95,2.427000,8
50,96,1.934000,5
51,1,3.141000,11
51,2,2.214000,5
51,3,1.815000,5
51,4,1.975000,5
51,5,1.624000,5
51,6,2.782000,14
51,7,2.173000,5
51,8,1.811000,5
51,9,1.671000,6
51,10,1.768000,5
51,11,1.834000,5
51,12,2.069000,6
51,13,2.698000,6
51,14,1.817000,5
51,15,1.958000,5
51,16,2.126000,6
51,17,2.187000,6
51,18,1.931000,6
51,19,3.091000,6
51,20,2.277000,6
51,21,1.750000,5
51,22,2.008000,5
51,23,1.960000,5
51,24,1.812000,5
51,25,2.686000,6
51,26,2.578000,6
51,27,2.070000,6
51,28,2.148000,6
51,29,2.624000,6
51,30,1.273000,5
51,31,2.364000,6
51,32,1.852000,4
51,33,2.081000,4
51,34,1.308000,4
51,35,2.258000,6
51,36,1.005000,4
51,37,2.465000,6
51,38,3.834000,14
51,39,3.947000,14
51,40,2.147000,7
51,41,1.029000,7
51,42,1.275000,12
51,43,2.497000,7
51,44,4.679000,14
51,45,3.034000,14
51,46,1.224000,7
51,47,1.323000,8
51,48,0.938000,14
51,49,2.874000,8
51,50,3.872000,14
51,51,3.791000,14
51,52,1.800000,7
51,53,1.830000,11
51,54,1.083000,11
51,55,3.261000,11
51,56,2.738000,11
51,57,1.839000,7
51,58,2.004000,7
51,59,2.039000,7
51,60,1.402000,8
51,61,4.748000,18
51,62,2.623000,8
51,63,4.744000,20
51,64,3.497000,31
51,65,1.607000,28
51,66,1.024000,27
51,67,6.556000,26
51,68,5.144000,26
51,69,1.615000,8
51,70,2.231000,26
51,71,0.574000,8
51,72,1.414000,26
51,73,5.918000,25
51,74,5.483000,27
51,75,3.130000,25
51,76,1.895000,27
51,77,1.144000,26
51,78,0.514000,27
51,79,2.864000,8
51,80,2.119000,6
51,81,2.062000,5
51,82,2.216000,7
51,83,1.469000,4
51,84,1.786000,5
51,85,2.501000,4
51,86,2.747000,6
51,87,1.250000,4
51,88,2.329000,5
51,89,2.040000,5
51,90,1.669000,4
51,91,2.332000,5
51,92,1.933000,5
51,93,1.742000,5
51,94,1.941000,6
51,95,2.611000,8
51,96,1.706000,5
52,1,1.783000,7
52,2,2.351000,5
52,3,1.576000,4
52,4,1.885000,5
52,5,2.206000,5
52,6,2.665000,11
52,7,2.150000,5
52,8,2.267000,5
52,9,1.632000,5
52,10,2.231000,6
52,11,2.326000,5
52,12,1.613000,5
52,13,1.440000,4
52,14,1.943000,5
52,15,2.127000,5
52,16,1.960000,5
52,17,1.898000,5
52,18,2.126000,5
52,19,2.161000,6
52,20,1.877000,5
52,21,1.733000,5
52,22,1.609000,5
52,23,1.866000,5
52,24,1.772000,5
52,25,1.506000,4
52,26,1.443000,4
52,27,2.232000,6
52,28,2.358000,6
52,29,2.291000,6
52,30,1.248000,5
52,31,1.625000,5
52,32,2.136000,6
52,33,5.431000,28
52,34,1.575000,6
52,35,1.852000,6
52,36,1.461000,6
52,37,2.553000,6
52,38,3.757000,14
52,39,3.360000,14
52,40,2.597000,8
52,41,1.185000,7
52,42,1.640000,11
52,43,1.992000,7
52,44,3.729000,14
52,45,3.881000,14
52,46,1.969000,7
52,47,1.968000,12
52,48,1.895000,11
52,49,3.537000,12
52,50,2.900000,11
52,51,3.186000,11
52,52,2.218000,9
52,53,1.257000,7
52,54,1.319000,7
52,55,2.898000,10
52,56,4.969000,21
52,57,4.179000,19
52,58,2.511000,21
52,59,0.532000,19
52,60,0.287000,19
52,61,4.380000,19
52,62,2.327000,8
52,63,4.285000,20
52,64,2.259000,13
52,65,1.814000,12
52,66,0.926000,12
52,67,3.028000,12
52,68,3.200000,12
52,69,3.959000,17
52,70,2.623000,11
52,71,1.878000,16
52,72,1.227000,10
52,73,2.871000,11
52,74,3.284000,11
52,75,2.839000,12
52,76,2.882000,15
52,77,1.741000,13
52,78,1.408000,13
52,79,2.701000,8
52,80,5.495000,25
52,81,5.449000,27
52,82,2.358000,24
52,83,0.165000,5
52,84,0.181000,4
52,85,1.933000,6
52,86,1.799000,4
52,87,1.757000,5
52,88,1.444000,4
52,89,1.714000,5
52,90,1.691000,4
52,91,1.783000,5
52,92,2.216000,4
52,93,1.510000,4
52,94,1.846000,5
52,95,2.367000,8
52,96,1.809000,5
53,1,2.309000,7
53,2,2.304000,4
53,3,2.022000,5
53,4,1.608000,5
53,5,1.546000,5
53,6,2.180000,7
53,7,1.773000,5
53,8,2.384000,5
53,9,2.139000,5
53,10,2.118000,5
53,11,1.865000,5
53,12,1.775000,5
53,13,1.888000,5
53,14,1.717000,4
53,15,1.707000,5
53,16,2.261000,5
53,17,1.881000,5
53,18,1.348000,6
53,19,2.222000,5
53,20,2.233000,5
53,21,1.837000,5
53,22,1.927000,5
53,23,1.907000,5
53,24,1.678000,6
53,25,1.639000,5
53,26,1.402000,4
53,27,2.565000,5
53,28,2.738000,6
53,29,1.559000,4
53,30,1.483000,4
53,31,1.936000,5
53,32,2.119000,6
53,33,3.409000,11
53,34,1.961000,4
53,35,2.221000,6
53,36,1.136000,4
53,37,1.393000,4
53,38,3.744000,11
53,39,2.768000,11
53,40,2.928000,12
53,41,2.474000,7
53,42,1.371000,11
53,43,1.997000,7
53,44,2.865000,11
53,45,2.712000,11
53,46,2.899000,12
53,47,2.425000,10
53,48,1.214000,7
53,49,2.593000,7
53,50,3.584000,14
53,51,4.218000,19
53,52,3.550000,21
53,53,2.315000,21
53,54,1.207000,18
53,55,4.669000,18
53,56,4.465000,20
53,57,3.802000,21
53,58,1.497000,8
53,59,1.915000,17
53,60,1.159000,19
53,61,2.776000,11
53,62,5.138000,18
53,63,2.322000,10
53,64,2.656000,10
53,65,2.198000,18
53,66,1.431000,19
53,67,4.320000,19
53,68,4.277000,19
53,69,2.426000,10
53,70,2.754000,18
53,71,1.092000,9
53,72,1.453000,18
53,73,4.228000,18
53,74,4.024000,18
53,75,4.639000,20
53,76,1.808000,13
53,77,1.363000,11
53,78,0.976000,11
53,79,4.910000,21
53,80,3.927000,16
53,81,3.258000,18
53,82,1.460000,9
53,83,2.532000,26
53,84,1.200000,25
53,85,1.585000,5
53,86,2.068000,6
53,87,2.221000,7
53,88,1.998000,5
53,89,1.991000,6
53,90,1.925000,5
53,91,1.504000,4
53,92,1.560000,4
53,93,2.047000,5
53,94,2.019000,5
53,95,2.963000,8
53,96,1.727000,5
54,1,4.704000,15
54,2,5.780000,23
54,3,4.449000,23
54,4,1.425000,7
54,5,1.077000,6
54,6,0.663000,7
54,7,2.035000,5
54,8,2.212000,5
54,9,3.354000,12
54,10,2.038000,5
54,11,1.824000,5
54,12,1.604000,5
54,13,1.763000,4
54,14,1.990000,5
54,15,2.130000,5
54,16,2.310000,5
54,17,1.576000,4
54,18,1.444000,5
54,19,2.307000,5
54,20,2.540000,5
54,21,1.687000,5
54,22,2.372000,5
54,23,1.455000,5
54,24,1.832000,5
54,25,1.779000,5
54,26,2.149000,5
54,27,1.906000,4
54,28,2.087000,4
54,29,1.703000,4
54,30,1.689000,5
54,31,1.934000,5
54,32,1.926000,6
54,33,2.757000,11
54,34,2.359000,6
54,35,1.486000,4
54,36,1.767000,5
54,37,1.454000,5
54,38,2.882000,11
54,39,3.835000,11
54,40,2.942000,11
54,41,1.837000,7
54,42,2.321000,11
54,43,2.307000,7
54,44,2.069000,7
54,45,3.636000,12
54,46,2.942000,10
54,47,2.868000,18
54,48,2.078000,19
54,49,5.372000,21
54,50,4.969000,19
54,51,3.155000,17
54,52,2.590000,20
54,53,1.907000,21
54,54,0.366000,9
54,55,4.696000,19
54,56,3.823000,17
54,57,4.283000,20
54,58,2.175000,13
54,59,1.716000,12
54,60,1.160000,19
54,61,5.273000,20
54,62,3.708000,14
54,63,2.542000,9
54,64,2.556000,11
54,65,1.817000,11
54,66,1.189000,11
54,67,2.250000,9
54,68,2.953000,10
54,69,4.238000,18
54,70,3.702000,20
54,71,3.005000,21
54,72,1.128000,8
54,73,4.934000,20
54,74,4.078000,19
54,75,2.502000,9
54,76,2.225000,11
54,77,1.625000,10
54,78,1.237000,9
54,79,5.151000,19
54,80,3.070000,10
54,81,2.788000,11
54,82,3.159000,20
54,83,1.573000,14
54,84,0.732000,9
54,85,1.438000,5
54,86,6.674000,25
54,87,1.881000,5
54,88,2.608000,8
54,89,1.462000,5
54,90,1.155000,4
54,91,2.166000,5
54,92,2.500000,6
54,93,2.009000,5
54,94,1.897000,4
54,95,2.298000,7
54,96,2.163000,6
55,1,2.516000,11
55,2,4.141000,21
55,3,3.635000,19
55,4,3.705000,26
55,5,2.227000,21
55,6,0.689000,20
55,7,4.038000,23
55,8,4.299000,22
55,9,4.542000,25
55,10,1.202000,6
55,11,0.888000,5
55,12,0.954000,5
55,13,1.803000,5
55,14,2.214000,7
55,15,1.509000,5
55,16,1.674000,5
55,17,2.040000,5
55,18,1.722000,5
55,19,1.529000,6
55,20,1.816000,5
55,21,1.567000,4
55,22,1.361000,4
55,23,1.594000,4
55,24,1.802000,5
55,25,1.803000,5
55,26,1.642000,5
55,27,1.908000,5
55,28,1.581000,4
55,29,1.765000,5
55,30,1.707000,4
55,31,1.114000,4
55,32,1.290000,5
55,33,2.833000,11
55,34,1.484000,5
55,35,1.545000,5
55,36,1.356000,4
55,37,1.803000,5
55,38,1.869000,7
55,39,2.231000,7
55,40,2.469000,7
55,41,2.132000,8
55,42,2.899000,20
55,43,3.985000,19
55,44,3.935000,19
55,45,4.281000,21
55,46,2.937000,21
55,47,1.248000,18
55,48,0.430000,19
55,49,3.825000,19
55,50,4.191000,20
55,51,3.457000,20
55,52,2.630000,20
55,53,1.733000,16
55,54,0.701000,13
55,55,2.436000,11
55,56,3.187000,13
55,57,2.059000,7
55,58,2.333000,11
55,59,1.813000,9
55,60,1.594000,10
55,61,2.414000,10
55,62,2.361000,9
55,63,4.574000,21
55,64,2.270000,10
55,65,2.023000,12
55,66,1.656000,11
55,67,1.975000,10
55,68,3.437000,14
55,69,2.959000,12
55,70,2.037000,11
55,71,1.827000,12
55,72,1.460000,9
55,73,2.635000,9
55,74,2.233000,8
55,75,3.114000,12
55,76,2.423000,11
55,77,2.742000,15
55,78,1.112000,7
55,79,2.086000,9
55,80,2.583000,10
55,81,2.613000,12
55,82,2.002000,7
55,83,1.780000,9
55,84,3.117000,20
55,85,1.593000,6
55,86,4.290000,21
55,87,5.006000,25
55,88,1.816000,8
55,89,0.923000,5
55,90,0.986000,6
55,91,2.118000,6
55,92,1.341000,4
55,93,2.195000,6
55,94,1.515000,4
55,95,2.631000,8
55,96,1.480000,5
56,1,5.202000,20
56,2,1.829000,7
56,3,4.386000,20
56,4,3.071000,21
56,5,2.132000,20
56,6,0.288000,19
56,7,2.316000,7
56,8,2.084000,7
56,9,4.381000,20
56,10,1.704000,6
56,11,1.670000,6
56,12,1.341000,5
56,13,2.808000,7
56,14,1.963000,5
56,15,1.259000,5
56,16,1.703000,5
56,17,2.165000,5
56,18,1.684000,5
56,19,1.748000,6
56,20,1.682000,5
56,21,1.858000,5
56,22,1.561000,5
56,23,1.891000,5
56,24,1.944000,5
56,25,1.689000,5
56,26,1.806000,5
56,27,1.468000,4
56,28,1.816000,5
56,29,2.583000,6
56,30,1.952000,5
56,31,2.154000,5
56,32,1.493000,5
56,33,2.865000,11
56,34,1.667000,5
56,35,1.930000,5
56,36,1.907000,6
56,37,2.029000,5
56,38,1.874000,7
56,39,4.395000,19
56,40,4.008000,19
56,41,1.751000,9
56,42,2.423000,21
56,43,2.456000,8
56,44,2.189000,7
56,45,4.198000,19
56,46,3.369000,17
56,47,2.861000,19
56,48,1.168000,7
56,49,2.233000,7
56,50,3.570000,16
56,51,2.895000,12
56,52,3.119000,12
56,53,2.277000,12
56,54,1.515000,8
56,55,2.026000,10
56,56,3.237000,11
56,57,4.837000,21
56,58,2.639000,12
56,59,1.503000,9
56,60,1.326000,9
56,61,2.157000,10
56,62,3.272000,14
56,63,2.510000,10
56,64,2.551000,9
56,65,1.951000,12
56,66,1.742000,11
56,67,2.646000,10
56,68,2.998000,12
56,69,2.102000,9
56,70,2.688000,9
56,71,2.467000,12
56,72,1.832000,11
56,73,2.816000,12
56,74,3.736000,13
56,75,2.610000,9
56,76,2.765000,11
56,77,1.624000,9
56,78,1.042000,10
56,79,3.223000,12
56,80,3.124000,15
56,81,2.260000,9
56,82,4.107000,19
56,83,1.288000,7
56,84,2.528000,19
56,85,4.681000,25
56,86,2.197000,7
56,87,4.785000,21
56,88,1.431000,6
56,89,1.498000,7
56,90,1.229000,5
56,91,1.803000,6
56,92,1.618000,5
56,93,1.939000,5
56,94,1.736000,5
56,95,2.331000,8
56,96,2.275000,6
57,1,5.014000,19
57,2,4.642000,20
57,3,1.690000,7
57,4,2.107000,7
57,5,2.013000,8
57,6,1.602000,20
57,7,4.171000,18
57,8,5.116000,21
57,9,2.253000,7
57,10,1.870000,6
57,11,1.435000,5
57,12,0.836000,5
57,13,2.290000,7
57,14,2.336000,7
57,15,2.191000,5
57,16,2.935000,7
57,17,2.450000,8
57,18,2.009000,5
57,19,2.007000,5
57,20,1.605000,5
57,21,2.183000,5
57,22,2.128000,5
57,23,3.020000,10
57,24,1.697000,6
57,25,2.538000,7
57,26,2.053000,5
57,27,2.271000,5
57,28,2.069000,5
57,29,1.752000,5
57,30,1.556000,5
57,31,1.673000,5
57,32,1.776000,5
57,33,2.203000,7
57,34,1.330000,4
57,35,1.598000,4
57,36,1.587000,5
57,37,1.640000,5
57,38,4.339000,18
57,39,4.225000,21
57,40,2.093000,7
57,41,2.260000,11
57,42,1.315000,10
57,43,4.210000,20
57,44,4.429000,19
57,45,4.423000,21
57,46,1.786000,7
57,47,1.034000,7
57,48,0.774000,13
57,49,3.565000,13
57,50,3.559000,12
57,51,2.368000,10
57,52,2.998000,11
57,53,2.610000,12
57,54,1.257000,12
57,55,3.119000,9
57,56,2.970000,10
57,57,2.151000,7
57,58,2.786000,10
57,59,2.576000,11
57,60,1.131000,7
57,61,2.278000,7
57,62,3.147000,11
57,63,3.055000,11
57,64,3.500000,12
57,65,2.246000,10
57,66,1.201000,6
57,67,3.280000,11
57,68,3.502000,11
57,69,2.647000,10
57,70,3.507000,12
57,71,2.435000,10
57,72,1.112000,6
57,73,3.549000,12
57,74,3.624000,12
57,75,3.438000,12
57,76,2.826000,12
57,77,2.272000,15
57,78,1.126000,9
57,79,3.805000,16
57,80,4.523000,15
57,81,3.255000,15
57,82,2.465000,10
57,83,1.893000,12
57,84,0.920000,7
57,85,2.867000,10
57,86,2.569000,8
57,87,2.370000,7
57,88,1.809000,6
57,89,1.329000,4
57,90,1.219000,5
57,91,1.976000,5
57,92,2.626000,6
57,93,2.177000,5
57,94,1.618000,4
57,95,2.436000,9
57,96,2.072000,6
58,1,3.677000,15
58,2,3.858000,11
58,3,2.787000,10
58,4,2.904000,12
58,5,2.666000,11
58,6,0.922000,10
58,7,2.064000,7
58,8,4.830000,19
58,9,4.170000,16
58,10,2.007000,5
58,11,1.602000,5
58,12,1.054000,5
58,13,1.379000,4
58,14,1.828000,5
58,15,1.973000,5
58,16,5.884000,24
58,17,1.960000,7
58,18,2.029000,7
58,19,1.735000,5
58,20,2.521000,7
58,21,2.643000,6
58,22,2.326000,6
58,23,2.851000,7
58,24,1.902000,5
58,25,1.202000,4
58,26,2.119000,5
58,27,2.716000,5
58,28,2.236000,6
58,29,2.231000,6
58,30,1.848000,7
58,31,2.351000,8
58,32,2.033000,6
58,33,5.504000,19
58,34,2.038000,6
58,35,1.453000,6
58,36,2.013000,6
58,37,1.602000,5
58,38,2.804000,10
58,39,2.454000,7
58,40,2.875000,12
58,41,2.140000,8
58,42,2.423000,18
58,43,2.054000,8
58,44,2.138000,7
58,45,3.647000,7
58,46,2.437000,10
58,47,2.502000,11
58,48,3.376000,19
58,49,2.774000,9
58,50,3.284000,11
58,51,2.760000,12
58,52,3.787000,12
58,53,2.840000,11
58,54,1.256000,11
58,55,2.508000,9
58,56,2.755000,10
58,57,2.354000,6
58,58,2.070000,7
58,59,2.619000,10
58,60,2.162000,10
58,61,3.101000,10
58,62,3.490000,10
58,63,2.643000,10
58,64,1.773000,6
58,65,1.971000,6
58,66,2.030000,6
58,67,2.823000,11
58,68,4.043000,11
58,69,3.185000,10
58,70,3.347000,12
58,71,2.379000,10
58,72,0.888000,6
58,73,3.673000,12
58,74,4.307000,12
58,75,3.384000,12
58,76,3.074000,12
58,77,1.199000,6
58,78,0.931000,15
58,79,2.889000,9
58,80,4.769000,12
58,81,3.879000,15
58,82,2.110000,8
58,83,1.187000,9
58,84,0.365000,11
58,85,1.799000,7
58,86,2.573000,8
58,87,2.810000,8
58,88,1.936000,5
58,89,1.788000,6
58,90,1.338000,4
58,91,1.608000,5
58,92,1.829000,5
58,93,2.473000,5
58,94,1.929000,5
58,95,5.096000,25
58,96,1.816000,6
59,1,3.153000,15
59,2,2.603000,7
59,3,5.060000,21
59,4,2.852000,13
59,5,3.021000,20
59,6,1.520000,12
59,7,2.502000,7
59,8,3.418000,11
59,9,2.374000,7
59,10,1.793000,5
59,11,2.403000,7
59,12,1.802000,5
59,13,1.669000,6
59,14,6.168000,27
59,15,1.450000,4
59,16,2.797000,12
59,17,3.844000,29
59,18,1.466000,25
59,19,2.354000,7
59,20,1.699000,6
59,21,7.356000,32
59,22,5.246000,30
59,23,1.428000,7
59,24,1.391000,33
59,25,7.375000,30
59,26,1.962000,5
59,27,5.957000,32
59,28,1.497000,7
59,29,0.826000,6
59,30,0.547000,6
59,31,1.754000,6
59,32,1.936000,5
59,33,2.715000,8
59,34,1.382000,4
59,35,1.808000,6
59,36,2.126000,5
59,37,2.004000,5
59,38,2.192000,7
59,39,4.418000,19
59,40,4.458000,21
59,41,1.867000,8
59,42,1.354000,7
59,43,2.170000,7
59,44,2.574000,7
59,45,3.857000,13
59,46,2.979000,13
59,47,2.027000,12
59,48,1.700000,11
59,49,2.830000,12
59,50,3.230000,12
59,51,2.588000,12
59,52,2.378000,9
59,53,2.788000,12
59,54,1.881000,10
59,55,2.581000,10
59,56,2.019000,7
59,57,2.155000,6
59,58,2.657000,11
59,59,2.028000,6
59,60,2.998000,12
59,61,3.371000,12
59,62,2.626000,6
59,63,2.614000,10
59,64,2.786000,10
59,65,1.827000,6
59,66,1.591000,6
59,67,3.116000,11
59,68,4.243000,12
59,69,2.717000,10
59,70,3.330000,12
59,71,2.179000,10
59,72,1.828000,6
59,73,3.154000,12
59,74,3.949000,12
59,75,3.907000,12
59,76,3.342000,12
59,77,2.467000,12
59,78,1.314000,6
59,79,2.687000,12
59,80,2.862000,9
59,81,2.807000,10
59,82,4.577000,15
59,83,1.802000,9
59,84,1.810000,10
59,85,2.585000,10
59,86,3.533000,7
59,87,3.682000,17
59,88,2.630000,7
59,89,1.434000,4
59,90,1.704000,6
59,91,1.653000,5
59,92,1.702000,4
59,93,1.827000,5
59,94,2.047000,5
59,95,3.703000,12
59,96,2.467000,6
60,1,3.507000,17
60,2,3.651000,11
60,3,2.144000,7
60,4,2.102000,8
60,5,2.024000,8
60,6,2.883000,19
60,7,4.422000,21
60,8,3.100000,7
60,9,2.046000,7
60,10,1.336000,5
60,11,1.657000,5
60,12,1.279000,5
60,13,1.986000,7
60,14,4.337000,16
60,15,2.359000,6
60,16,2.482000,11
60,17,2.132000,7
60,18,0.704000,11
60,19,1.727000,6
60,20,1.928000,6
60,21,3.147000,12
60,22,2.464000,7
60,23,6.311000,33
60,24,1.340000,11
60,25,5.890000,23
60,26,5.218000,24
60,27,2.828000,11
60,28,1.728000,6
60,29,0.750000,4
60,30,0.413000,4
60,31,1.571000,5
60,32,1.746000,6
60,33,3.162000,12
60,34,1.920000,6
60,35,2.070000,8
60,36,1.711000,5
60,37,1.328000,5
60,38,4.813000,19
60,39,2.297000,8
60,40,3.058000,14
60,41,2.215000,7
60,42,1.989000,7
60,43,1.850000,7
60,44,2.815000,11
60,45,4.136000,15
60,46,2.460000,10
60,47,2.353000,10
60,48,2.521000,12
60,49,2.775000,12
60,50,3.381000,12
60,51,3.379000,11
60,52,2.766000,10
60,53,2.215000,10
60,54,1.823000,9
60,55,1.749000,7
60,56,2.885000,12
60,57,3.751000,14
60,58,2.148000,9
60,59,2.652000,10
60,60,2.066000,10
60,61,2.553000,11
60,62,3.463000,10
60,63,2.040000,6
60,64,2.031000,6
60,65,1.595000,6
60,66,2.080000,6
60,67,3.083000,11
60,68,3.639000,12
60,69,3.182000,10
60,70,3.023000,12
60,71,2.530000,10
60,72,1.728000,11
60,73,2.923000,12
60,74,3.605000,12
60,75,3.688000,12
60,76,3.203000,12
60,77,2.754000,12
60,78,1.216000,14
60,79,3.188000,11
60,80,3.720000,14
60,81,2.837000,9
60,82,3.267000,14
60,83,2.948000,13
60,84,0.926000,7
60,85,2.475000,9
60,86,3.436000,11
60,87,2.496000,7
60,88,5.210000,25
60,89,1.679000,5
60,90,0.908000,4
60,91,6.924000,30
60,92,2.033000,5
60,93,2.363000,5
60,94,1.928000,5
60,95,2.243000,10
60,96,1.309000,6
61,1,4.760000,17
61,2,2.935000,12
61,3,2.297000,7
61,4,3.120000,12
61,5,1.685000,12
61,6,0.254000,14
61,7,4.184000,20
61,8,3.492000,13
61,9,3.191000,12
61,10,1.365000,5
61,11,1.768000,6
61,12,0.898000,6
61,13,1.783000,6
61,14,4.413000,20
61,15,1.885000,5
61,16,3.224000,13
61,17,2.721000,11
61,18,1.245000,13
61,19,1.006000,5
61,20,1.557000,5
61,21,2.884000,12
61,22,2.637000,11
61,23,3.014000,13
61,24,2.527000,12
61,25,2.871000,11
61,26,2.931000,11
61,27,2.463000,11
61,28,2.158000,6
61,29,1.434000,4
61,30,1.511000,6
61,31,1.262000,5
61,32,1.552000,5
61,33,3.274000,12
61,34,1.820000,6
61,35,2.355000,7
61,36,1.797000,5
61,37,1.285000,5
61,38,2.916000,10
61,39,2.853000,11
61,40,1.799000,7
61,41,2.202000,7
61,42,2.241000,7
61,43,4.504000,21
61,44,1.895000,9
61,45,2.480000,12
61,46,2.838000,12
61,47,1.883000,7
61,48,1.174000,9
61,49,3.348000,13
61,50,2.533000,10
61,51,2.196000,9
61,52,3.008000,12
61,53,2.607000,9
61,54,1.356000,12
61,55,1.989000,7
61,56,2.972000,13
61,57,1.643000,7
61,58,2.233000,10
61,59,2.909000,10
61,60,1.531000,6
61,61,2.288000,9
61,62,2.247000,9
61,63,3.084000,11
61,64,2.759000,9
61,65,2.785000,11
61,66,1.627000,11
61,67,2.182000,9
61,68,2.769000,9
61,69,2.266000,9
61,70,2.488000,9
61,71,2.155000,9
61,72,2.188000,11
61,73,2.910000,11
61,74,2.199000,11
61,75,2.647000,11
61,76,2.356000,9
61,77,2.980000,9
61,78,1.759000,9
61,79,3.531000,14
61,80,3.475000,14
61,81,2.852000,13
61,82,2.892000,11
61,83,1.753000,12
61,84,0.820000,11
61,85,2.959000,13
61,86,2.342000,12
61,87,2.965000,12
61,88,3.470000,14
61,89,1.382000,5
61,90,0.927000,5
61,91,3.167000,14
61,92,1.738000,5
61,93,1.897000,5
61,94,1.691000,5
61,95,4.107000,15
61,96,1.991000,7
62,1,4.117000,15
62,2,2.693000,12
62,3,2.295000,11
62,4,2.852000,12
62,5,1.776000,7
62,6,1.580000,7
62,7,3.823000,15
62,8,4.032000,19
62,9,2.278000,7
62,10,1.543000,5
62,11,1.545000,5
62,12,1.451000,6
62,13,1.828000,5
62,14,2.791000,12
62,15,1.936000,6
62,16,5.402000,23
62,17,3.273000,18
62,18,0.730000,13
62,19,2.619000,6
62,20,1.684000,5
62,21,2.700000,12
62,22,3.031000,12
62,23,2.694000,12
62,24,2.089000,12
62,25,2.919000,12
62,26,2.627000,11
62,27,2.700000,12
62,28,1.483000,5
62,29,1.786000,5
62,30,1.370000,5
62,31,1.272000,5
62,32,3.958000,14
62,33,4.206000,18
62,34,2.069000,6
62,35,1.545000,5
62,36,1.243000,5
62,37,1.302000,5
62,38,3.162000,11
62,39,2.830000,11
62,40,1.874000,7
62,41,2.185000,7
62,42,1.892000,8
62,43,2.255000,8
62,44,3.155000,13
62,45,2.199000,12
62,46,2.466000,12
62,47,4.267000,21
62,48,1.238000,7
62,49,3.379000,13
62,50,2.381000,9
62,51,2.670000,12
62,52,2.446000,12
62,53,2.611000,12
62,54,0.570000,9
62,55,2.018000,7
62,56,3.216000,14
62,57,3.122000,10
62,58,2.610000,11
62,59,2.071000,9
62,60,1.383000,6
62,61,2.695000,9
62,62,2.255000,9
62,63,2.518000,11
62,64,2.453000,10
62,65,2.340000,10
62,66,2.410000,9
62,67,3.005000,11
62,68,2.834000,11
62,69,2.890000,9
62,70,2.710000,10
62,71,2.836000,10
62,72,1.482000,10
62,73,3.553000,10
62,74,3.107000,10
62,75,2.914000,11
62,76,2.216000,11
62,77,2.776000,11
62,78,0.779000,9
62,79,1.821000,6
62,80,2.374000,10
62,81,3.106000,13
62,82,2.900000,14
62,83,2.880000,12
62,84,2.101000,11
62,85,3.106000,14
62,86,3.583000,15
62,87,3.034000,12
62,88,2.711000,14
62,89,1.680000,5
62,90,1.231000,6
62,91,2.175000,7
62,92,2.084000,6
62,93,1.962000,6
62,94,1.877000,5
62,95,2.917000,11
62,96,2.535000,8
63,1,2.676000,13
63,2,2.971000,13
63,3,2.343000,11
63,4,3.311000,12
63,5,1.639000,6
63,6,1.850000,10
63,7,2.216000,7
63,8,3.375000,14
63,9,2.454000,9
63,10,2.494000,7
63,11,1.586000,5
63,12,1.496000,5
63,13,1.462000,6
63,14,2.782000,12
63,15,1.752000,6
63,16,3.194000,12
63,17,2.945000,13
63,18,2.112000,9
63,19,1.522000,7
63,20,2.008000,6
63,21,3.024000,12
63,22,4.113000,14
63,23,2.600000,13
63,24,1.354000,7
63,25,1.993000,7
63,26,1.960000,7
63,27,2.616000,10
63,28,2.485000,6
63,29,1.940000,6
63,30,1.603000,6
63,31,5.843000,26
63,32,5.942000,24
63,33,3.940000,32
63,34,0.072000,6
63,35,0.080000,5
63,36,0.092000,6
63,37,1.307000,5
63,38,2.151000,11
63,39,2.293000,10
63,40,2.178000,7
63,41,2.290000,8
63,42,2.295000,8
63,43,2.947000,13
63,44,2.469000,12
63,45,2.949000,12
63,46,2.513000,9
63,47,1.817000,8
63,48,2.136000,12
63,49,2.370000,10
63,50,2.506000,12
63,51,3.245000,12
63,52,2.929000,12
63,53,2.407000,12
63,54,1.180000,8
63,55,1.778000,7
63,56,3.058000,14
63,57,1.805000,6
63,58,2.959000,9
63,59,2.457000,9
63,60,1.672000,9
63,61,2.383000,9
63,62,2.659000,9
63,63,3.405000,11
63,64,2.950000,11
63,65,2.421000,11
63,66,1.337000,11
63,67,2.431000,9
63,68,2.234000,9
63,69,2.943000,10
63,70,2.672000,10
63,71,2.071000,10
63,72,0.751000,10
63,73,2.717000,10
63,74,2.579000,10
63,75,3.402000,11
63,76,2.572000,11
63,77,1.753000,11
63,78,0.668000,9
63,79,1.602000,6
63,80,2.851000,10
63,81,3.266000,12
63,82,3.384000,13
63,83,2.262000,12
63,84,1.786000,11
63,85,2.686000,13
63,86,4.220000,15
63,87,3.153000,12
63,88,2.378000,12
63,89,1.545000,5
63,90,0.932000,7
63,91,1.722000,7
63,92,1.752000,6
63,93,1.463000,5
63,94,1.912000,4
63,95,2.398000,10
63,96,1.990000,6
64,1,2.202000,11
64,2,3.063000,14
64,3,3.572000,14
64,4,2.884000,12
64,5,2.055000,7
64,6,0.732000,11
64,7,2.280000,11
64,8,3.238000,15
64,9,2.748000,14
64,10,2.032000,7
64,11,2.084000,7
64,12,2.057000,5
64,13,1.831000,6
64,14,2.500000,12
64,15,1.583000,5
64,16,2.101000,7
64,17,3.222000,14
64,18,3.132000,11
64,19,6.232000,26
64,20,6.233000,32
64,21,3.489000,24
64,22,0.305000,16
64,23,0.287000,21
64,24,0.194000,13
64,25,2.763000,12
64,26,3.699000,12
64,27,3.173000,13
64,28,2.017000,7
64,29,2.276000,7
64,30,1.135000,6
64,31,4.289000,20
64,32,2.284000,8
64,33,2.215000,9
64,34,2.674000,6
64,35,1.243000,5
64,36,0.718000,5
64,37,1.828000,5
64,38,2.468000,10
64,39,1.896000,7
64,40,2.057000,7
64,41,2.258000,8
64,42,3.501000,15
64,43,1.826000,7
64,44,2.468000,12
64,45,2.871000,12
64,46,2.636000,9
64,47,3.249000,14
64,48,1.791000,8
64,49,2.764000,12
64,50,2.328000,12
64,51,2.868000,12
64,52,2.519000,12
64,53,1.994000,9
64,54,2.058000,7
64,55,3.172000,11
64,56,3.103000,14
64,57,1.878000,8
64,58,2.218000,9
64,59,2.500000,9
64,60,2.006000,9
64,61,2.592000,9
64,62,2.275000,9
64,63,3.341000,10
64,64,2.377000,9
64,65,2.592000,9
64,66,1.895000,9
64,67,3.038000,11
64,68,2.915000,10
64,69,2.423000,10
64,70,2.744000,10
64,71,2.777000,10
64,72,1.338000,10
64,73,2.688000,10
64,74,2.998000,10
64,75,2.556000,10
64,76,2.973000,11
64,77,3.010000,11
64,78,1.354000,11
64,79,1.831000,6
64,80,2.596000,9
64,81,2.930000,12
64,82,3.194000,13
64,83,2.874000,11
64,84,1.882000,10
64,85,3.085000,14
64,86,3.062000,14
64,87,2.727000,12
64,88,2.932000,14
64,89,1.832000,6
64,90,2.472000,28
64,91,1.694000,7
64,92,1.439000,5
64,93,1.913000,6
64,94,1.642000,5
64,95,2.227000,10
64,96,2.084000,6
65,1,2.428000,12
65,2,3.488000,17
65,3,2.237000,10
65,4,2.675000,12
65,5,2.025000,9
65,6,2.392000,11
65,7,2.224000,12
65,8,2.598000,11
65,9,2.442000,12
65,10,2.437000,5
65,11,2.482000,7
65,12,1.140000,7
65,13,1.212000,5
65,14,2.981000,12
65,15,2.076000,6
65,16,2.831000,15
65,17,3.248000,14
65,18,2.083000,7
65,19,3.556000,14
65,20,3.207000,14
65,21,2.370000,8
65,22,3.056000,12
65,23,2.176000,7
65,24,1.692000,22
65,25,4.298000,21
65,26,4.700000,22
65,27,4.968000,21
65,28,1.973000,24
65,29,0.360000,25
65,30,0.115000,5
65,31,2.744000,12
65,32,3.142000,12
65,33,3.230000,13
65,34,2.020000,6
65,35,1.425000,5
65,36,1.431000,5
65,37,1.322000,5
65,38,2.202000,7
65,39,2.294000,9
65,40,4.131000,20
65,41,2.877000,12
65,42,1.655000,7
65,43,2.084000,7
65,44,2.187000,12
65,45,2.194000,9
65,46,2.053000,7
65,47,3.416000,13
65,48,2.078000,9
65,49,2.516000,12
65,50,2.805000,12
65,51,3.367000,15
65,52,2.000000,9
65,53,2.302000,7
65,54,1.600000,7
65,55,2.294000,9
65,56,2.935000,11
65,57,1.569000,6
65,58,2.302000,9
65,59,2.118000,9
65,60,1.624000,9
65,61,2.452000,9
65,62,2.885000,11
65,63,2.772000,11
65,64,2.762000,11
65,65,2.752000,11
65,66,1.879000,11
65,67,3.249000,10
65,68,2.734000,10
65,69,2.339000,10
65,70,2.435000,10
65,71,3.057000,10
65,72,1.625000,10
65,73,2.606000,10
65,74,3.026000,10
65,75,2.423000,10
65,76,2.810000,11
65,77,3.202000,11
65,78,1.440000,9
65,79,1.973000,6
65,80,3.246000,11
65,81,2.631000,13
65,82,3.044000,14
65,83,3.243000,13
65,84,1.207000,7
65,85,2.851000,14
65,86,3.072000,14
65,87,2.943000,14
65,88,2.979000,12
65,89,1.753000,6
65,90,1.610000,16
65,91,1.917000,7
65,92,1.562000,5
65,93,1.778000,5
65,94,1.452000,5
65,95,2.780000,11
65,96,2.064000,6
66,1,2.445000,11
66,2,3.053000,14
66,3,2.976000,14
66,4,3.023000,14
66,5,3.075000,12
66,6,1.822000,12
66,7,2.763000,12
66,8,2.928000,13
66,9,2.422000,12
66,10,4.546000,23
66,11,3.781000,21
66,12,1.325000,29
66,13,1.703000,6
66,14,1.705000,7
66,15,1.381000,5
66,16,2.842000,13
66,17,4.166000,21
66,18,2.180000,7
66,19,3.139000,13
66,20,3.231000,13
66,21,2.534000,11
66,22,3.057000,13
66,23,3.829000,20
66,24,1.583000,13
66,25,3.326000,13
66,26,2.864000,13
66,27,3.326000,13
66,28,3.089000,13
66,29,3.027000,13
66,30,1.049000,5
66,31,3.544000,13
66,32,3.054000,13
66,33,3.039000,13
66,34,5.079000,26
66,35,1.185000,5
66,36,0.648000,5
66,37,1.570000,5
66,38,2.551000,10
66,39,3.320000,15
66,40,3.165000,14
66,41,2.944000,11
66,42,1.865000,7
66,43,3.273000,12
66,44,2.533000,9
66,45,2.346000,9
66,46,2.544000,11
66,47,3.428000,15
66,48,2.111000,12
66,49,2.890000,12
66,50,2.960000,13
66,51,2.004000,9
66,52,2.035000,9
66,53,2.786000,11
66,54,2.391000,11
66,55,3.042000,11
66,56,2.594000,11
66,57,1.544000,6
66,58,2.586000,11
66,59,2.179000,9
66,60,2.330000,9
66,61,2.603000,9
66,62,2.251000,9
66,63,2.255000,9
66,64,2.567000,9
66,65,2.709000,9
66,66,2.716000,11
66,67,2.765000,11
66,68,3.070000,11
66,69,1.675000,6
66,70,2.620000,11
66,71,2.071000,6
66,72,2.814000,11
66,73,2.858000,11
66,74,2.927000,11
66,75,2.389000,9
66,76,2.793000,11
66,77,1.915000,11
66,78,1.183000,11
66,79,1.805000,6
66,80,2.779000,11
66,81,3.135000,14
66,82,2.958000,13
66,83,2.945000,11
66,84,1.868000,7
66,85,3.049000,14
66,86,3.486000,14
66,87,3.293000,14
66,88,3.328000,14
66,89,3.999000,28
66,90,0.558000,12
66,91,1.990000,7
66,92,4.835000,26
66,93,2.191000,6
66,94,2.112000,8
66,95,3.247000,13
66,96,1.991000,7
67,1,2.167000,10
67,2,4.232000,20
67,3,2.949000,13
67,4,3.757000,14
67,5,2.180000,7
67,6,1.863000,12
67,7,2.455000,12
67,8,3.552000,13
67,9,2.750000,12
67,10,3.093000,12
67,11,2.132000,7
67,12,2.438000,16
67,13,6.289000,29
67,14,1.796000,7
67,15,6.075000,27
67,16,2.351000,13
67,17,1.354000,21
67,18,0.159000,7
67,19,3.889000,13
67,20,3.456000,13
67,21,3.242000,13
67,22,3.122000,13
67,23,3.392000,23
67,24,0.606000,13
67,25,3.120000,13
67,26,3.413000,13
67,27,2.805000,13
67,28,3.375000,13
67,29,3.003000,13
67,30,2.293000,27
67,31,3.249000,13
67,32,3.630000,13
67,33,3.123000,13
67,34,2.512000,7
67,35,1.590000,5
67,36,1.823000,5
67,37,2.136000,6
67,38,4.286000,19
67,39,2.711000,13
67,40,3.105000,12
67,41,2.578000,11
67,42,2.268000,11
67,43,3.057000,12
67,44,2.074000,9
67,45,2.634000,12
67,46,2.550000,12
67,47,3.261000,12
67,48,2.382000,12
67,49,2.824000,13
67,50,2.662000,13
67,51,2.563000,9
67,52,2.084000,9
67,53,3.405000,12
67,54,2.890000,14
67,55,2.551000,12
67,56,3.077000,11
67,57,1.826000,6
67,58,2.308000,9
67,59,2.227000,9
67,60,2.336000,9
67,61,2.072000,9
67,62,2.952000,9
67,63,2.515000,9
67,64,2.583000,9
67,65,2.341000,11
67,66,2.815000,11
67,67,2.801000,11
67,68,2.869000,11
67,69,1.969000,6
67,70,3.382000,11
67,71,1.797000,6
67,72,2.722000,10
67,73,3.127000,11
67,74,3.057000,11
67,75,2.550000,11
67,76,3.175000,9
67,77,2.704000,11
67,78,2.185000,11
67,79,1.722000,6
67,80,2.336000,11
67,81,2.999000,13
67,82,3.061000,12
67,83,3.118000,13
67,84,1.771000,7
67,85,3.739000,15
67,86,3.146000,13
67,87,2.723000,14
67,88,3.471000,14
67,89,3.094000,14
67,90,1.383000,14
67,91,3.551000,15
67,92,2.643000,7
67,93,1.494000,5
67,94,1.701000,6
67,95,2.900000,11
67,96,2.340000,6
68,1,3.278000,12
68,2,4.463000,20
68,3,2.885000,13
68,4,3.775000,18
68,5,1.537000,7
68,6,1.132000,12
68,7,2.619000,12
68,8,2.983000,13
68,9,2.363000,12
68,10,3.791000,15
68,11,3.229000,13
68,12,1.686000,14
68,13,2.019000,7
68,14,2.616000,7
68,15,2.104000,7
68,16,2.834000,13
68,17,3.026000,8
68,18,2.135000,7
68,19,3.127000,13
68,20,3.042000,13
68,21,3.142000,13
68,22,3.153000,13
68,23,3.695000,22
68,24,1.149000,13
68,25,3.278000,13
68,26,3.282000,13
68,27,3.120000,13
68,28,3.207000,13
68,29,2.401000,13
68,30,1.633000,13
68,31,3.598000,13
68,32,2.834000,13
68,33,2.709000,13
68,34,1.735000,7
68,35,1.673000,5
68,36,1.450000,5
68,37,1.712000,5
68,38,2.420000,9
68,39,2.468000,12
68,40,2.913000,15
68,41,3.169000,10
68,42,2.438000,12
68,43,3.579000,12
68,44,1.931000,9
68,45,2.534000,12
68,46,2.978000,14
68,47,3.330000,13
68,48,1.687000,12
68,49,2.548000,13
68,50,3.454000,15
68,51,2.206000,9
68,52,2.233000,9
68,53,3.179000,14
68,54,2.665000,13
68,55,3.241000,12
68,56,2.819000,11
68,57,2.064000,6
68,58,2.566000,9
68,59,2.102000,9
68,60,2.184000,9
68,61,2.222000,9
68,62,2.004000,9
68,63,2.374000,9
68,64,2.693000,11
68,65,2.560000,11
68,66,2.315000,10
68,67,2.882000,10
68,68,2.908000,10
68,69,1.483000,6
68,70,3.208000,10
68,71,1.767000,6
68,72,1.797000,6
68,73,2.271000,6
68,74,2.522000,10
68,75,2.749000,11
68,76,2.722000,11
68,77,2.740000,9
68,78,0.750000,11
68,79,1.987000,6
68,80,2.373000,10
68,81,3.411000,14
68,82,2.342000,12
68,83,2.724000,13
68,84,3.033000,14
68,85,3.595000,14
68,86,3.026000,12
68,87,3.712000,15
68,88,3.071000,14
68,89,2.502000,14
68,90,1.239000,15
68,91,3.289000,14
68,92,1.928000,7
68,93,1.736000,6
68,94,7.185000,31
68,95,1.715000,8
68,96,0.908000,6
69,1,3.296000,14
69,2,3.540000,16
69,3,4.112000,14
69,4,5.503000,16
69,5,3.542000,18
69,6,0.454000,12
69,7,2.801000,12
69,8,2.725000,13
69,9,2.762000,12
69,10,4.295000,14
69,11,3.104000,7
69,12,2.170000,7
69,13,3.527000,16
69,14,2.823000,16
69,15,1.983000,7
69,16,3.920000,12
69,17,3.262000,8
69,18,2.343000,7
69,19,3.520000,13
69,20,3.151000,13
69,21,3.652000,13
69,22,4.457000,13
69,23,4.607000,19
69,24,0.983000,13
69,25,3.246000,13
69,26,3.077000,13
69,27,3.378000,13
69,28,4.930000,13
69,29,4.324000,13
69,30,1.310000,8
69,31,3.104000,9
69,32,3.245000,13
69,33,2.816000,13
69,34,2.680000,7
69,35,2.587000,5
69,36,2.126000,5
69,37,1.737000,6
69,38,3.072000,12
69,39,5.034000,14
69,40,4.711000,12
69,41,4.008000,10
69,42,1.641000,12
69,43,2.965000,12
69,44,2.312000,12
69,45,3.224000,15
69,46,4.789000,13
69,47,4.698000,13
69,48,2.119000,12
69,49,2.992000,13
69,50,3.300000,15
69,51,2.036000,9
69,52,3.075000,9
69,53,4.901000,14
69,54,3.164000,14
69,55,3.122000,12
69,56,2.885000,11
69,57,1.979000,6
69,58,2.785000,9
69,59,3.455000,9
69,60,2.340000,6
69,61,2.611000,9
69,62,2.434000,9
69,63,2.855000,11
69,64,5.049000,11
69,65,3.365000,10
69,66,1.500000,11
69,67,2.006000,6
69,68,1.868000,6
69,69,3.238000,13
69,70,1.706000,6
69,71,5.016000,15
69,72,2.162000,6
69,73,1.961000,6
69,74,2.145000,6
69,75,2.496000,10
69,76,4.618000,11
69,77,4.025000,9
69,78,3.250000,11
69,79,2.630000,8
69,80,2.978000,12
69,81,2.810000,13
69,82,4.163000,12
69,83,4.270000,14
69,84,2.163000,14
69,85,3.506000,14
69,86,2.823000,12
69,87,4.060000,15
69,88,4.505000,14
69,89,4.180000,16
69,90,1.357000,15
69,91,1.952000,7
69,92,1.955000,7
69,93,2.348000,7
69,94,2.457000,11
69,95,3.132000,7
69,96,3.186000,6
70,1,3.246000,14
70,2,3.321000,14
70,3,3.535000,15
70,4,2.743000,13
70,5,2.663000,12
70,6,1.326000,7
70,7,2.435000,12
70,8,2.185000,11
70,9,2.661000,12
70,10,5.670000,21
70,11,2.371000,7
70,12,1.817000,12
70,13,3.110000,15
70,14,4.693000,19
70,15,2.313000,7
70,16,3.126000,12
70,17,2.899000,13
70,18,0.542000,7
70,19,4.581000,21
70,20,3.107000,13
70,21,2.799000,12
70,22,3.064000,13
70,23,3.552000,23
70,24,0.650000,13
70,25,3.246000,13
70,26,3.156000,13
70,27,3.533000,13
70,28,2.933000,13
70,29,2.756000,9
70,30,2.248000,20
70,31,4.378000,21
70,32,3.099000,13
70,33,3.280000,14
70,34,2.170000,7
70,35,1.433000,5
70,36,0.911000,5
70,37,5.192000,26
70,38,1.690000,7
70,39,3.088000,12
70,40,2.791000,12
70,41,2.901000,13
70,42,1.826000,13
70,43,2.982000,10
70,44,2.727000,12
70,45,3.171000,14
70,46,3.347000,13
70,47,2.343000,15
70,48,1.066000,12
70,49,3.256000,15
70,50,3.204000,15
70,51,2.685000,9
70,52,3.383000,14
70,53,2.902000,14
70,54,1.821000,14
70,55,2.930000,13
70,56,3.529000,11
70,57,1.980000,6
70,58,2.183000,9
70,59,2.408000,9
70,60,2.167000,6
70,61,2.360000,9
70,62,2.428000,10
70,63,2.663000,11
70,64,2.277000,9
70,65,2.049000,9
70,66,2.492000,10
70,67,1.772000,6
70,68,2.074000,6
70,69,2.886000,12
70,70,1.642000,6
70,71,3.089000,10
70,72,3.030000,11
70,73,2.898000,10
70,74,1.705000,6
70,75,2.025000,6
70,76,2.674000,10
70,77,3.175000,9
70,78,2.201000,9
70,79,1.459000,6
70,80,2.739000,12
70,81,2.994000,13
70,82,2.681000,12
70,83,3.476000,13
70,84,2.645000,14
70,85,3.103000,15
70,86,2.839000,12
70,87,3.038000,13
70,88,3.137000,14
70,89,3.286000,16
70,90,2.025000,14
70,91,3.261000,13
70,92,2.673000,11
70,93,2.406000,8
70,94,2.209000,10
70,95,1.929000,8
70,96,2.058000,6
71,1,2.654000,12
71,2,3.679000,17
71,3,6.576000,26
71,4,3.800000,15
71,5,1.736000,7
71,6,0.910000,11
71,7,3.214000,14
71,8,3.104000,11
71,9,3.071000,14
71,10,3.073000,11
71,11,2.823000,13
71,12,2.660000,14
71,13,3.596000,16
71,14,4.250000,18
71,15,3.169000,17
71,16,2.722000,13
71,17,3.844000,15
71,18,1.435000,13
71,19,3.786000,14
71,20,3.416000,13
71,21,3.356000,13
71,22,3.548000,15
71,23,4.572000,24
71,24,0.972000,14
71,25,3.673000,14
71,26,3.170000,14
71,27,3.197000,15
71,28,3.520000,15
71,29,2.629000,13
71,30,1.829000,13
71,31,2.850000,13
71,32,3.584000,14
71,33,3.233000,14
71,34,2.655000,10
71,35,5.048000,27
71,36,1.322000,8
71,37,3.504000,17
71,38,2.054000,7
71,39,2.649000,11
71,40,1.959000,7
71,41,3.158000,12
71,42,2.972000,14
71,43,2.322000,7
71,44,3.056000,13
71,45,3.407000,15
71,46,2.772000,14
71,47,3.516000,15
71,48,2.720000,14
71,49,3.471000,15
71,50,3.678000,14
71,51,3.424000,13
71,52,2.805000,14
71,53,3.139000,13
71,54,2.342000,15
71,55,2.834000,12
71,56,3.389000,12
71,57,2.866000,12
71,58,2.768000,10
71,59,2.279000,9
71,60,2.428000,9
71,61,2.410000,9
71,62,2.546000,10
71,63,2.717000,10
71,64,2.252000,10
71,65,2.850000,10
71,66,2.523000,11
71,67,2.904000,10
71,68,2.991000,11
71,69,3.026000,10
71,70,3.683000,13
71,71,3.107000,12
71,72,1.641000,10
71,73,3.030000,10
71,74,3.182000,10
71,75,2.341000,10
71,76,2.867000,10
71,77,2.708000,9
71,78,2.056000,9
71,79,2.147000,10
71,80,3.458000,14
71,81,2.787000,11
71,82,2.835000,12
71,83,2.894000,14
71,84,3.028000,15
71,85,3.516000,15
71,86,3.725000,16
71,87,2.916000,15
71,88,3.344000,16
71,89,3.343000,17
71,90,1.226000,17
71,91,3.235000,14
71,92,3.165000,13
71,93,6.195000,30
71,94,5.451000,26
71,95,1.294000,9
71,96,0.366000,6
72,1,3.325000,12
72,2,3.144000,15
72,3,2.924000,14
72,4,2.200000,12
72,5,3.331000,15
72,6,2.712000,14
72,7,2.809000,11
72,8,2.344000,11
72,9,2.965000,14
72,10,3.030000,14
72,11,3.571000,13
72,12,2.079000,12
72,13,3.532000,12
72,14,3.254000,14
72,15,3.605000,15
72,16,3.380000,15
72,17,2.935000,11
72,18,1.881000,13
72,19,3.652000,14
72,20,2.787000,14
72,21,3.091000,13
72,22,3.840000,15
72,23,4.561000,21
72,24,1.367000,15
72,25,3.915000,15
72,26,3.207000,14
72,27,3.079000,13
72,28,3.218000,15
72,29,2.711000,13
72,30,2.421000,13
72,31,3.376000,13
72,32,3.023000,14
72,33,3.222000,14
72,34,2.232000,9
72,35,2.103000,7
72,36,2.202000,8
72,37,3.737000,17
72,38,3.303000,15
72,39,2.960000,11
72,40,2.458000,11
72,41,3.619000,13
72,42,2.518000,14
72,43,3.323000,11
72,44,3.719000,17
72,45,3.321000,16
72,46,2.848000,13
72,47,2.878000,13
72,48,2.996000,18
72,49,3.356000,13
72,50,3.458000,17
72,51,4.626000,18
72,52,3.736000,15
72,53,2.696000,15
72,54,1.147000,13
72,55,3.452000,12
72,56,3.099000,15
72,57,3.063000,13
72,58,3.251000,11
72,59,2.489000,11
72,60,1.622000,13
72,61,3.699000,12
72,62,2.488000,10
72,63,2.792000,10
72,64,2.836000,10
72,65,2.992000,13
72,66,2.634000,13
72,67,2.864000,11
72,68,3.102000,11
72,69,2.896000,11
72,70,2.966000,11
72,71,2.974000,10
72,72,2.583000,11
72,73,3.653000,12
72,74,2.818000,10
72,75,3.366000,11
72,76,2.757000,11
72,77,2.758000,9
72,78,2.256000,11
72,79,3.533000,13
72,80,3.383000,13
72,81,2.537000,11
72,82,3.060000,12
72,83,3.265000,14
72,84,2.844000,15
72,85,3.657000,14
72,86,3.377000,13
72,87,3.395000,16
72,88,3.809000,17
72,89,3.088000,17
72,90,0.686000,16
72,91,3.280000,13
72,92,3.582000,16
72,93,2.244000,8
72,94,1.770000,9
72,95,2.947000,11
72,96,1.351000,5
73,1,2.887000,12
73,2,2.532000,11
73,3,2.450000,13
73,4,4.860000,18
73,5,4.029000,19
73,6,2.150000,14
73,7,3.318000,15
73,8,3.451000,13
73,9,3.334000,15
73,10,2.874000,12
73,11,2.962000,12
73,12,1.875000,12
73,13,4.188000,16
73,14,4.240000,17
73,15,4.528000,19
73,16,2.932000,15
73,17,2.191000,9
73,18,1.292000,13
73,19,2.819000,13
73,20,3.091000,14
73,21,3.559000,13
73,22,3.058000,13
73,23,5.492000,23
73,24,1.234000,15
73,25,3.409000,15
73,26,3.444000,15
73,27,3.262000,13
73,28,2.723000,13
73,29,2.574000,13
73,30,2.442000,13
73,31,3.234000,13
73,32,2.724000,14
73,33,2.870000,14
73,34,3.244000,13
73,35,3.480000,16
73,36,1.065000,6
73,37,3.097000,16
73,38,3.943000,16
73,39,2.936000,12
73,40,2.249000,11
73,41,2.913000,12
73,42,2.892000,14
73,43,3.504000,14
73,44,4.354000,18
73,45,4.176000,17
73,46,3.378000,14
73,47,3.230000,19
73,48,0.606000,19
73,49,2.483000,7
73,50,3.171000,13
73,51,2.191000,7
73,52,2.900000,12
73,53,2.990000,12
73,54,2.945000,11
73,55,3.712000,14
73,56,3.380000,13
73,57,3.354000,13
73,58,3.598000,14
73,59,3.107000,14
73,60,1.683000,14
73,61,3.107000,12
73,62,4.111000,15
73,63,3.014000,13
73,64,3.648000,14
73,65,3.436000,13
73,66,1.384000,11
73,67,3.059000,12
73,68,3.887000,12
73,69,3.140000,12
73,70,3.394000,12
73,71,2.751000,10
73,72,1.292000,10
73,73,2.723000,10
73,74,3.170000,11
73,75,3.552000,12
73,76,3.492000,11
73,77,3.269000,12
73,78,1.827000,9
73,79,2.907000,11
73,80,3.291000,13
73,81,2.487000,11
73,82,2.177000,7
73,83,3.117000,13
73,84,3.070000,13
73,85,3.330000,16
73,86,2.835000,12
73,87,3.353000,15
73,88,3.474000,15
73,89,2.177000,12
73,90,2.656000,12
73,91,2.198000,12
73,92,3.426000,14
73,93,2.295000,10
73,94,2.648000,10
73,95,3.881000,15
73,96,1.732000,5
74,1,3.215000,12
74,2,2.884000,11
74,3,2.972000,17
74,4,2.733000,11
74,5,3.234000,16
74,6,2.864000,14
74,7,3.649000,17
74,8,3.732000,17
74,9,3.629000,15
74,10,3.574000,13
74,11,3.215000,14
74,12,1.471000,13
74,13,3.136000,15
74,14,4.024000,16
74,15,3.443000,16
74,16,3.954000,15
74,17,2.262000,9
74,18,2.148000,13
74,19,2.770000,13
74,20,2.524000,13
74,21,3.702000,13
74,22,3.080000,13
74,23,5.012000,24
74,24,1.848000,13
74,25,3.442000,13
74,26,3.149000,15
74,27,3.381000,13
74,28,3.079000,13
74,29,2.969000,13
74,30,2.387000,13
74,31,3.124000,13
74,32,3.193000,14
74,33,3.205000,14
74,34,2.361000,7
74,35,2.729000,15
74,36,0.584000,5
74,37,3.742000,18
74,38,3.771000,16
74,39,2.868000,12
74,40,4.002000,14
74,41,2.962000,11
74,42,2.094000,21
74,43,3.151000,12
74,44,3.191000,13
74,45,3.402000,13
74,46,2.628000,12
74,47,4.218000,19
74,48,2.355000,12
74,49,3.133000,10
74,50,2.872000,12
74,51,2.748000,12
74,52,2.510000,10
74,53,2.032000,9
74,54,2.857000,11
74,55,2.608000,12
74,56,2.831000,13
74,57,3.334000,14
74,58,3.594000,17
74,59,4.288000,17
74,60,1.999000,12
74,61,2.996000,13
74,62,4.719000,17
74,63,4.623000,17
74,64,2.874000,13
74,65,2.531000,13
74,66,0.897000,12
74,67,3.625000,13
74,68,3.082000,12
74,69,2.891000,11
74,70,3.445000,12
74,71,3.485000,12
74,72,2.179000,11
74,73,3.442000,12
74,74,3.431000,12
74,75,2.878000,11
74,76,3.092000,11
74,77,2.666000,12
74,78,2.404000,10
74,79,2.848000,12
74,80,2.793000,13
74,81,1.930000,7
74,82,1.769000,7
74,83,3.249000,14
74,84,3.175000,14
74,85,3.871000,16
74,86,3.009000,12
74,87,3.494000,15
74,88,2.390000,11
74,89,2.651000,12
74,90,2.943000,13
74,91,3.665000,13
74,92,3.796000,16
74,93,1.865000,7
74,94,2.160000,9
74,95,2.345000,10
74,96,1.898000,5
75,1,3.407000,13
75,2,2.498000,11
75,3,2.345000,10
75,4,3.662000,15
75,5,2.705000,12
75,6,2.871000,14
75,7,3.641000,14
75,8,3.885000,17
75,9,4.246000,15
75,10,4.099000,18
75,11,2.296000,13
75,12,0.780000,13
75,13,3.480000,16
75,14,1.669000,7
75,15,4.350000,17
75,16,3.637000,15
75,17,2.361000,10
75,18,1.786000,14
75,19,3.604000,13
75,20,2.972000,13
75,21,3.041000,14
75,22,3.165000,13
75,23,3.217000,14
75,24,2.247000,13
75,25,3.571000,13
75,26,3.068000,13
75,27,3.347000,13
75,28,3.511000,13
75,29,3.211000,13
75,30,1.832000,13
75,31,3.288000,13
75,32,3.102000,13
75,33,2.784000,14
75,34,2.417000,8
75,35,3.518000,17
75,36,1.532000,5
75,37,3.571000,17
75,38,3.832000,18
75,39,3.130000,14
75,40,3.898000,15
75,41,3.192000,18
75,42,1.135000,15
75,43,4.119000,16
75,44,2.975000,11
75,45,3.332000,12
75,46,3.099000,11
75,47,2.904000,13
75,48,2.009000,12
75,49,2.310000,9
75,50,3.107000,12
75,51,3.510000,17
75,52,2.141000,9
75,53,2.528000,10
75,54,1.940000,7
75,55,4.510000,19
75,56,2.868000,10
75,57,2.822000,13
75,58,3.960000,15
75,59,2.765000,13
75,60,2.061000,14
75,61,4.487000,16
75,62,3.439000,15
75,63,4.146000,16
75,64,3.361000,15
75,65,2.247000,13
75,66,1.358000,13
75,67,3.307000,14
75,68,3.798000,14
75,69,3.091000,12
75,70,3.021000,11
75,71,3.118000,11
75,72,2.225000,11
75,73,3.298000,11
75,74,2.799000,11
75,75,3.370000,12
75,76,3.209000,13
75,77,2.328000,12
75,78,1.517000,11
75,79,4.029000,16
75,80,2.737000,11
75,81,2.119000,7
75,82,2.404000,11
75,83,3.180000,15
75,84,2.282000,12
75,85,3.571000,15
75,86,3.324000,13
75,87,2.629000,13
75,88,2.766000,13
75,89,1.948000,7
75,90,2.910000,14
75,91,2.856000,11
75,92,2.621000,10
75,93,2.252000,10
75,94,3.281000,11
75,95,3.005000,10
75,96,1.915000,5
76,1,3.456000,12
76,2,2.817000,11
76,3,2.499000,12
76,4,3.419000,14
76,5,2.626000,7
76,6,1.374000,10
76,7,2.482000,10
76,8,2.849000,14
76,9,2.492000,10
76,10,3.544000,14
76,11,3.168000,13
76,12,3.136000,14
76,13,2.583000,11
76,14,2.722000,12
76,15,2.787000,13
76,16,3.579000,16
76,17,2.612000,10
76,18,2.727000,13
76,19,3.729000,14
76,20,4.156000,16
76,21,3.523000,15
76,22,3.526000,16
76,23,2.872000,14
76,24,1.085000,16
76,25,3.549000,16
76,26,4.044000,16
76,27,3.146000,16
76,28,3.472000,15
76,29,3.071000,15
76,30,1.382000,16
76,31,3.839000,15
76,32,3.650000,16
76,33,3.608000,15
76,34,3.949000,16
76,35,3.092000,17
76,36,0.700000,7
76,37,3.363000,16
76,38,3.220000,15
76,39,2.816000,13
76,40,2.242000,8
76,41,2.691000,9
76,42,1.817000,7
76,43,2.117000,7
76,44,2.706000,12
76,45,2.185000,7
76,46,2.507000,12
76,47,2.990000,12
76,48,3.615000,12
76,49,3.234000,14
76,50,2.391000,11
76,51,2.929000,12
76,52,3.031000,14
76,53,2.550000,14
76,54,1.435000,10
76,55,3.035000,12
76,56,3.113000,13
76,57,2.517000,10
76,58,2.448000,11
76,59,2.901000,11
76,60,2.737000,14
76,61,3.243000,12
76,62,3.034000,13
76,63,3.119000,13
76,64,2.831000,13
76,65,3.503000,15
76,66,1.961000,14
76,67,3.382000,13
76,68,3.735000,13
76,69,3.095000,13
76,70,3.233000,12
76,71,3.133000,12
76,72,1.742000,12
76,73,3.380000,12
76,74,3.592000,12
76,75,3.110000,13
76,76,2.912000,13
76,77,3.471000,13
76,78,2.170000,14
76,79,3.243000,13
76,80,3.044000,13
76,81,2.859000,12
76,82,2.793000,14
76,83,2.817000,13
76,84,2.200000,9
76,85,2.876000,12
76,86,2.993000,14
76,87,2.547000,13
76,88,2.973000,13
76,89,3.398000,13
76,90,2.925000,13
76,91,3.117000,12
76,92,3.570000,13
76,93,2.418000,8
76,94,2.401000,8
76,95,2.771000,12
76,96,1.911000,5
77,1,2.624000,12
77,2,2.486000,11
77,3,3.267000,12
77,4,3.269000,13
77,5,1.915000,7
77,6,2.450000,8
77,7,2.614000,10
77,8,2.415000,10
77,9,3.347000,12
77,10,2.212000,7
77,11,3.142000,11
77,12,3.512000,20
77,13,4.257000,19
77,14,3.776000,16
77,15,3.350000,15
77,16,3.322000,15
77,17,3.164000,15
77,18,0.955000,15
77,19,3.099000,14
77,20,3.723000,16
77,21,3.658000,15
77,22,3.422000,17
77,23,2.900000,13
77,24,1.382000,16
77,25,3.818000,16
77,26,4.019000,18
77,27,3.482000,17
77,28,4.125000,18
77,29,2.477000,15
77,30,0.987000,16
77,31,3.707000,15
77,32,3.417000,16
77,33,3.653000,14
77,34,3.723000,19
77,35,2.867000,17
77,36,1.129000,27
77,37,4.839000,22
77,38,3.290000,13
77,39,2.504000,11
77,40,2.664000,11
77,41,2.419000,10
77,42,1.864000,7
77,43,1.883000,7
77,44,2.220000,9
77,45,2.668000,13
77,46,2.744000,12
77,47,2.331000,9
77,48,2.954000,13
77,49,3.096000,11
77,50,2.615000,11
77,51,3.348000,13
77,52,2.823000,13
77,53,2.979000,10
77,54,2.809000,13
77,55,2.467000,12
77,56,1.721000,7
77,57,1.911000,6
77,58,2.031000,7
77,59,3.051000,13
77,60,2.403000,9
77,61,2.614000,13
77,62,3.148000,12
77,63,3.665000,13
77,64,4.005000,14
77,65,3.096000,13
77,66,1.371000,13
77,67,2.860000,13
77,68,3.160000,14
77,69,3.954000,14
77,70,2.967000,11
77,71,2.993000,11
77,72,2.054000,11
77,73,2.866000,11
77,74,3.428000,13
77,75,3.308000,13
77,76,3.135000,13
77,77,2.914000,12
77,78,2.261000,14
77,79,2.614000,11
77,80,3.962000,16
77,81,2.867000,12
77,82,2.771000,13
77,83,3.567000,14
77,84,1.854000,9
77,85,1.947000,7
77,86,2.040000,9
77,87,3.319000,13
77,88,3.001000,13
77,89,3.460000,14
77,90,3.040000,12
77,91,2.409000,12
77,92,3.422000,12
77,93,2.311000,9
77,94,1.882000,7
77,95,3.077000,12
77,96,2.089000,5
78,1,2.523000,12
78,2,2.467000,11
78,3,2.502000,12
78,4,3.962000,14
78,5,2.404000,8
78,6,2.277000,10
78,7,2.424000,10
78,8,2.245000,9
78,9,2.630000,11
78,10,1.652000,7
78,11,2.291000,7
78,12,3.360000,14
78,13,3.712000,13
78,14,2.087000,8
78,15,3.712000,15
78,16,3.212000,14
78,17,4.206000,23
78,18,1.477000,12
78,19,3.867000,16
78,20,3.569000,16
78,21,3.572000,15
78,22,2.712000,15
78,23,3.023000,16
78,24,1.571000,14
78,25,3.856000,14
78,26,4.221000,17
78,27,3.294000,14
78,28,3.027000,15
78,29,2.850000,17
78,30,1.292000,15
78,31,4.049000,16
78,32,3.966000,17
78,33,5.253000,24
78,34,2.668000,13
78,35,2.537000,22
78,36,0.208000,12
78,37,3.712000,15
78,38,2.614000,10
78,39,3.057000,11
78,40,2.990000,12
78,41,2.199000,7
78,42,1.736000,7
78,43,2.950000,12
78,44,2.630000,10
78,45,2.492000,11
78,46,3.853000,14
78,47,2.591000,9
78,48,1.933000,10
78,49,2.746000,12
78,50,2.557000,12
78,51,3.202000,14
78,52,2.773000,11
78,53,2.596000,11
78,54,2.724000,14
78,55,3.177000,12
78,56,2.171000,9
78,57,1.871000,6
78,58,2.622000,10
78,59,1.849000,7
78,60,2.724000,9
78,61,2.924000,10
78,62,2.514000,11
78,63,3.382000,15
78,64,2.776000,13
78,65,3.196000,14
78,66,2.138000,13
78,67,3.088000,13
78,68,2.803000,13
78,69,2.835000,13
78,70,3.333000,11
78,71,2.853000,12
78,72,1.564000,12
78,73,3.502000,11
78,74,3.232000,11
78,75,2.787000,12
78,76,2.960000,13
78,77,3.615000,14
78,78,1.628000,13
78,79,3.438000,13
78,80,3.362000,12
78,81,2.624000,11
78,82,4.093000,17
78,83,2.430000,13
78,84,1.703000,13
78,85,2.438000,7
78,86,2.231000,7
78,87,2.628000,10
78,88,2.229000,8
78,89,2.218000,9
78,90,2.417000,11
78,91,3.188000,13
78,92,2.533000,10
78,93,1.992000,9
78,94,2.138000,7
78,95,2.297000,9
78,96,1.546000,5
79,1,3.094000,12
79,2,2.297000,11
79,3,2.869000,11
79,4,3.436000,13
79,5,3.428000,16
79,6,1.307000,9
79,7,2.013000,9
79,8,2.612000,9
79,9,1.896000,9
79,10,3.098000,11
79,11,1.940000,7
79,12,2.336000,10
79,13,2.824000,12
79,14,1.970000,8
79,15,2.690000,13
79,16,2.603000,12
79,17,3.360000,15
79,18,2.281000,14
79,19,3.667000,17
79,20,4.156000,17
79,21,3.413000,16
79,22,2.974000,13
79,23,1.977000,16
79,24,0.384000,13
79,25,3.571000,13
79,26,3.242000,13
79,27,3.093000,14
79,28,2.917000,15
79,29,2.629000,17
79,30,0.923000,16
79,31,4.146000,16
79,32,3.862000,15
79,33,4.999000,22
79,34,1.997000,10
79,35,1.283000,8
79,36,0.507000,8
79,37,2.637000,11
79,38,2.609000,12
79,39,2.784000,12
79,40,2.805000,11
79,41,1.958000,7
79,42,1.930000,7
79,43,2.396000,8
79,44,1.826000,10
79,45,2.692000,10
79,46,3.523000,14
79,47,3.491000,14
79,48,1.760000,10
79,49,2.045000,11
79,50,3.045000,14
79,51,2.403000,9
79,52,2.552000,10
79,53,2.470000,9
79,54,2.582000,14
79,55,2.944000,12
79,56,2.465000,10
79,57,1.762000,7
79,58,2.649000,8
79,59,2.119000,8
79,60,2.343000,10
79,61,1.853000,8
79,62,1.824000,7
79,63,2.626000,11
79,64,3.270000,15
79,65,4.559000,16
79,66,2.326000,14
79,67,3.078000,12
79,68,2.573000,9
79,69,3.119000,12
79,70,2.750000,11
79,71,2.614000,12
79,72,1.083000,11
79,73,3.031000,11
79,74,2.338000,11
79,75,2.105000,8
79,76,2.645000,12
79,77,3.044000,15
79,78,2.767000,14
79,79,3.062000,11
79,80,3.055000,12
79,81,2.489000,11
79,82,2.567000,12
79,83,2.693000,12
79,84,1.986000,10
79,85,2.936000,11
79,86,2.354000,7
79,87,2.247000,7
79,88,2.410000,11
79,89,4.176000,19
79,90,1.708000,8
79,91,2.575000,10
79,92,2.475000,9
79,93,2.110000,9
79,94,1.985000,7
79,95,2.430000,11
79,96,1.689000,5
80,1,3.071000,12
80,2,2.994000,11
80,3,3.039000,11
80,4,3.158000,13
80,5,3.153000,14
80,6,1.763000,9
80,7,2.584000,10
80,8,2.318000,9
80,9,2.818000,10
80,10,2.453000,7
80,11,2.763000,7
80,12,2.661000,11
80,13,3.071000,12
80,14,3.711000,15
80,15,3.164000,13
80,16,3.046000,13
80,17,3.124000,18
80,18,1.913000,16
80,19,3.766000,17
80,20,4.189000,15
80,21,3.421000,16
80,22,3.520000,14
80,23,2.198000,15
80,24,0.491000,14
80,25,2.901000,13
80,26,3.379000,13
80,27,3.294000,14
80,28,3.713000,14
80,29,3.269000,16
80,30,1.688000,15
80,31,3.892000,18
80,32,3.677000,13
80,33,3.088000,13
80,34,3.563000,13
80,35,2.582000,12
80,36,1.290000,12
80,37,2.731000,11
80,38,3.091000,12
80,39,3.484000,12
80,40,2.831000,11
80,41,1.978000,7
80,42,2.851000,13
80,43,2.625000,12
80,44,2.173000,10
80,45,3.646000,13
80,46,3.053000,12
80,47,2.892000,11
80,48,1.704000,10
80,49,2.597000,12
80,50,3.265000,14
80,51,2.774000,12
80,52,2.639000,11
80,53,3.339000,14
80,54,2.486000,14
80,55,3.091000,12
80,56,2.317000,7
80,57,2.966000,11
80,58,1.785000,7
80,59,2.205000,7
80,60,2.220000,9
80,61,2.062000,7
80,62,1.961000,8
80,63,2.988000,13
80,64,2.739000,11
80,65,3.504000,14
80,66,1.958000,13
80,67,2.657000,12
80,68,2.630000,13
80,69,3.258000,13
80,70,3.647000,12
80,71,3.121000,13
80,72,2.389000,16
80,73,3.071000,12
80,74,3.647000,12
80,75,2.822000,9
80,76,3.041000,12
80,77,2.837000,12
80,78,2.803000,19
80,79,3.071000,12
80,80,2.299000,9
80,81,2.971000,9
80,82,3.165000,11
80,83,3.381000,12
80,84,2.065000,12
80,85,3.327000,14
80,86,2.276000,8
80,87,2.178000,7
80,88,2.275000,9
80,89,2.615000,10
80,90,2.423000,8
80,91,2.768000,11
80,92,1.644000,7
80,93,2.909000,11
80,94,2.640000,10
80,95,3.118000,14
80,96,1.896000,5
81,1,3.026000,13
81,2,2.972000,11
81,3,2.465000,11
81,4,3.051000,11
81,5,4.694000,19
81,6,2.138000,19
81,7,3.409000,12
81,8,2.525000,9
81,9,2.546000,11
81,10,2.319000,7
81,11,3.142000,14
81,12,2.342000,11
81,13,2.940000,11
81,14,3.099000,11
81,15,2.179000,8
81,16,3.417000,15
81,17,2.804000,11
81,18,2.539000,12
81,19,3.622000,15
81,20,3.419000,12
81,21,3.970000,19
81,22,3.755000,17
81,23,2.559000,14
81,24,1.352000,15
81,25,3.890000,15
81,26,4.257000,17
81,27,3.891000,16
81,28,3.577000,13
81,29,2.383000,12
81,30,0.875000,16
81,31,3.229000,11
81,32,6.207000,24
81,33,3.327000,15
81,34,2.246000,9
81,35,1.827000,11
81,36,0.737000,9
81,37,2.595000,8
81,38,3.475000,12
81,39,2.913000,11
81,40,2.790000,11
81,41,2.057000,7
81,42,1.694000,7
81,43,2.897000,11
81,44,2.703000,11
81,45,2.770000,12
81,46,3.185000,12
81,47,2.865000,11
81,48,2.223000,12
81,49,3.409000,12
81,50,2.845000,10
81,51,2.338000,11
81,52,2.726000,11
81,53,3.422000,13
81,54,2.941000,17
81,55,3.696000,14
81,56,2.814000,9
81,57,2.807000,11
81,58,2.562000,9
81,59,2.483000,9
81,60,1.667000,7
81,61,1.771000,7
81,62,1.861000,7
81,63,2.281000,7
81,64,1.697000,8
81,65,3.205000,14
81,66,3.691000,15
81,67,4.994000,20
81,68,3.311000,14
81,69,2.692000,13
81,70,2.774000,12
81,71,2.797000,13
81,72,1.614000,14
81,73,3.600000,13
81,74,3.229000,12
81,75,2.661000,9
81,76,4.797000,22
81,77,2.749000,14
81,78,1.725000,18
81,79,3.409000,15
81,80,2.970000,10
81,81,3.167000,12
81,82,2.580000,9
81,83,1.902000,11
81,84,2.129000,15
81,85,3.464000,12
81,86,2.364000,7
81,87,2.324000,12
81,88,3.130000,14
81,89,2.787000,8
81,90,3.290000,15
81,91,2.995000,11
81,92,2.069000,9
81,93,2.946000,11
81,94,2.886000,12
81,95,3.276000,11
81,96,2.032000,5
82,1,3.102000,14
82,2,2.806000,11
82,3,2.909000,11
82,4,3.517000,15
82,5,2.753000,15
82,6,1.356000,10
82,7,2.045000,7
82,8,2.041000,9
82,9,2.467000,10
82,10,1.913000,7
82,11,2.104000,7
82,12,2.533000,13
82,13,2.615000,8
82,14,2.247000,8
82,15,2.536000,9
82,16,5.880000,24
82,17,1.685000,8
82,18,1.720000,12
82,19,2.974000,13
82,20,3.649000,17
82,21,4.710000,22
82,22,3.214000,15
82,23,2.846000,24
82,24,0.699000,24
82,25,5.021000,25
82,26,4.619000,25
82,27,3.940000,18
82,28,3.510000,24
82,29,0.637000,15
82,30,0.477000,24
82,31,2.965000,12
82,32,3.506000,13
82,33,2.355000,8
82,34,3.329000,12
82,35,2.314000,11
82,36,1.513000,8
82,37,1.984000,8
82,38,3.242000,12
82,39,2.442000,11
82,40,2.620000,12
82,41,2.338000,7
82,42,2.004000,10
82,43,2.707000,11
82,44,2.374000,9
82,45,2.576000,13
82,46,5.157000,18
82,47,2.163000,11
82,48,1.922000,12
82,49,2.457000,8
82,50,2.864000,11
82,51,2.692000,13
82,52,2.772000,11
82,53,3.214000,14
82,54,2.151000,17
82,55,3.085000,13
82,56,2.582000,9
82,57,3.008000,11
82,58,1.993000,8
82,59,2.133000,9
82,60,1.669000,7
82,61,2.054000,7
82,62,2.012000,8
82,63,2.308000,8
82,64,2.515000,7
82,65,2.472000,10
82,66,2.848000,13
82,67,4.379000,20
82,68,3.852000,16
82,69,3.468000,13
82,70,2.808000,14
82,71,2.293000,13
82,72,0.782000,15
82,73,3.274000,15
82,74,2.797000,13
82,75,2.584000,12
82,76,2.796000,13
82,77,3.309000,16
82,78,2.011000,11
82,79,2.719000,12
82,80,2.961000,13
82,81,2.802000,11
82,82,2.698000,9
82,83,2.671000,11
82,84,2.001000,11
82,85,1.957000,7
82,86,1.859000,7
82,87,2.006000,7
82,88,2.724000,13
82,89,2.229000,8
82,90,2.789000,11
82,91,2.608000,11
82,92,2.041000,9
82,93,2.038000,8
82,94,3.101000,13
82,95,2.946000,13
82,96,1.737000,5
83,1,2.943000,13
83,2,2.322000,11
83,3,2.285000,11
83,4,2.471000,9
83,5,2.816000,13
83,6,2.674000,12
83,7,3.273000,10
83,8,2.439000,10
83,9,2.286000,10
83,10,2.034000,7
83,11,2.760000,7
83,12,2.558000,11
83,13,2.476000,8
83,14,2.390000,8
83,15,3.217000,12
83,16,2.325000,9
83,17,2.769000,8
83,18,3.136000,16
83,19,2.841000,13
83,20,2.675000,13
83,21,3.930000,20
83,22,3.468000,16
83,23,3.902000,22
83,24,1.067000,20
83,25,3.423000,18
83,26,3.915000,20
83,27,4.358000,16
83,28,5.268000,27
83,29,1.068000,24
83,30,0.143000,8
83,31,3.107000,12
83,32,6.580000,25
83,33,3.135000,13
83,34,3.041000,13
83,35,1.212000,12
83,36,0.540000,8
83,37,2.513000,9
83,38,2.308000,11
83,39,2.754000,11
83,40,3.173000,13
83,41,2.555000,8
83,42,2.610000,9
83,43,2.353000,8
83,44,2.456000,11
83,45,3.041000,12
83,46,3.899000,18
83,47,3.191000,13
83,48,1.456000,7
83,49,3.273000,13
83,50,2.870000,12
83,51,2.750000,12
83,52,3.720000,11
83,53,2.666000,14
83,54,2.162000,17
83,55,3.113000,13
83,56,1.734000,7
83,57,2.527000,11
83,58,1.968000,7
83,59,2.423000,9
83,60,1.951000,7
83,61,2.151000,7
83,62,1.533000,7
83,63,2.083000,7
83,64,1.915000,8
83,65,2.737000,11
83,66,2.279000,10
83,67,2.962000,11
83,68,4.504000,19
83,69,2.783000,13
83,70,2.514000,12
83,71,3.041000,14
83,72,1.370000,13
83,73,3.367000,14
83,74,2.618000,11
83,75,2.543000,11
83,76,3.994000,20
83,77,3.958000,18
83,78,0.828000,8
83,79,2.794000,11
83,80,2.501000,11
83,81,2.579000,11
83,82,2.497000,10
83,83,2.964000,12
83,84,2.610000,11
83,85,2.713000,8
83,86,2.166000,10
83,87,2.116000,7
83,88,2.897000,12
83,89,2.066000,8
83,90,2.283000,9
83,91,2.960000,11
83,92,2.254000,10
83,93,2.497000,10
83,94,2.180000,9
83,95,3.319000,15
83,96,1.759000,5
84,1,2.842000,13
84,2,2.953000,11
84,3,2.589000,11
84,4,1.722000,7
84,5,3.106000,12
84,6,2.800000,15
84,7,3.334000,13
84,8,2.656000,10
84,9,2.703000,12
84,10,2.612000,7
84,11,2.248000,7
84,12,1.928000,11
84,13,2.736000,12
84,14,2.281000,8
84,15,4.482000,22
84,16,2.564000,9
84,17,2.111000,8
84,18,1.472000,18
84,19,4.760000,22
84,20,2.664000,9
84,21,4.364000,21
84,22,2.613000,8
84,23,2.748000,23
84,24,0.319000,15
84,25,3.021000,15
84,26,3.222000,15
84,27,3.184000,16
84,28,3.706000,16
84,29,3.777000,24
84,30,0.398000,12
84,31,2.635000,12
84,32,2.265000,12
84,33,3.076000,13
84,34,3.116000,13
84,35,4.223000,18
84,36,1.260000,8
84,37,2.508000,12
84,38,2.236000,11
84,39,2.202000,11
84,40,2.809000,11
84,41,2.485000,8
84,42,1.891000,11
84,43,2.826000,11
84,44,2.998000,13
84,45,2.693000,13
84,46,4.270000,19
84,47,3.267000,15
84,48,0.877000,10
84,49,2.365000,10
84,50,1.993000,9
84,51,2.173000,10
84,52,2.634000,11
84,53,2.309000,8
84,54,3.519000,17
84,55,3.016000,13
84,56,1.964000,7
84,57,2.790000,11
84,58,2.214000,9
84,59,2.490000,8
84,60,1.764000,7
84,61,2.089000,7
84,62,1.763000,8
84,63,2.123000,8
84,64,2.028000,7
84,65,2.536000,10
84,66,2.915000,10
84,67,3.192000,14
84,68,2.272000,8
84,69,2.360000,13
84,70,3.354000,13
84,71,2.885000,13
84,72,2.395000,13
84,73,3.016000,13
84,74,3.296000,14
84,75,4.367000,22
84,76,2.676000,11
84,77,2.297000,13
84,78,0.989000,10
84,79,2.503000,11
84,80,2.057000,11
84,81,2.526000,10
84,82,2.256000,9
84,83,2.976000,12
84,84,2.391000,11
84,85,2.127000,8
84,86,3.570000,20
84,87,1.870000,7
84,88,3.371000,13
84,89,2.802000,11
84,90,2.120000,10
84,91,2.746000,11
84,92,2.570000,9
84,93,1.978000,9
84,94,2.039000,8
84,95,3.632000,12
84,96,1.466000,5
85,1,2.894000,13
85,2,2.346000,10
85,3,2.738000,11
85,4,2.048000,7
85,5,2.717000,12
85,6,1.867000,9
85,7,2.868000,12
85,8,2.184000,7
85,9,3.175000,12
85,10,2.447000,7
85,11,2.262000,7
85,12,2.113000,11
85,13,2.567000,11
85,14,2.555000,12
85,15,4.259000,20
85,16,3.737000,13
85,17,1.705000,8
85,18,2.057000,18
85,19,5.067000,22
85,20,3.348000,12
85,21,3.855000,21
85,22,2.498000,10
85,23,2.143000,20
85,24,0.159000,9
85,25,2.795000,10
85,26,2.727000,10
85,27,1.947000,8
85,28,2.923000,14
85,29,3.396000,14
85,30,2.247000,12
85,31,2.716000,11
85,32,3.859000,13
85,33,2.888000,13
85,34,3.091000,12
85,35,3.032000,14
85,36,0.940000,10
85,37,3.295000,14
85,38,2.807000,11
85,39,2.642000,12
85,40,2.901000,13
85,41,2.838000,13
85,42,1.629000,8
85,43,2.634000,11
85,44,2.230000,11
85,45,3.024000,12
85,46,3.242000,17
85,47,3.538000,14
85,48,1.950000,13
85,49,3.098000,13
85,50,2.710000,11
85,51,3.306000,12
85,52,2.503000,11
85,53,2.760000,12
85,54,2.408000,17
85,55,2.891000,13
85,56,1.555000,7
85,57,2.771000,11
85,58,2.006000,9
85,59,1.738000,7
85,60,2.047000,7
85,61,2.029000,7
85,62,2.353000,7
85,63,1.653000,7
85,64,2.655000,8
85,65,2.262000,11
85,66,2.301000,9
85,67,4.152000,15
85,68,2.832000,12
85,69,3.003000,13
85,70,2.581000,13
85,71,2.408000,13
85,72,1.403000,14
85,73,2.859000,13
85,74,3.193000,13
85,75,2.816000,12
85,76,3.259000,14
85,77,2.616000,13
85,78,1.115000,8
85,79,2.502000,9
85,80,2.439000,11
85,81,3.358000,14
85,82,1.911000,9
85,83,3.194000,12
85,84,2.117000,11
85,85,2.837000,13
85,86,2.584000,12
85,87,2.228000,7
85,88,2.563000,12
85,89,3.124000,12
85,90,1.752000,8
85,91,2.445000,10
85,92,2.437000,10
85,93,3.098000,12
85,94,2.469000,9
85,95,2.549000,10
85,96,1.115000,5
86,1,1.858000,11
86,2,2.599000,10
86,3,2.832000,10
86,4,2.134000,10
86,5,3.060000,12
86,6,2.925000,14
86,7,2.637000,10
86,8,2.536000,9
86,9,3.384000,12
86,10,1.959000,8
86,11,2.035000,7
86,12,2.670000,11
86,13,2.928000,11
86,14,3.606000,13
86,15,2.611000,13
86,16,3.847000,16
86,17,2.613000,11
86,18,1.736000,16
86,19,5.239000,23
86,20,3.040000,11
86,21,4.263000,21
86,22,2.748000,8
86,23,2.346000,22
86,24,0.209000,12
86,25,2.462000,10
86,26,2.295000,8
86,27,2.981000,10
86,28,1.786000,8
86,29,7.239000,35
86,30,0.864000,9
86,31,3.403000,14
86,32,5.003000,17
86,33,2.821000,13
86,34,2.080000,8
86,35,2.820000,14
86,36,1.368000,12
86,37,2.108000,10
86,38,3.162000,13
86,39,2.647000,11
86,40,2.781000,13
86,41,2.069000,10
86,42,2.272000,9
86,43,3.316000,14
86,44,2.691000,11
86,45,3.473000,14
86,46,2.400000,10
86,47,2.380000,11
86,48,2.507000,14
86,49,2.718000,12
86,50,3.058000,13
86,51,3.046000,12
86,52,2.971000,11
86,53,3.137000,15
86,54,1.565000,8
86,55,2.490000,12
86,56,2.702000,10
86,57,3.239000,12
86,58,2.341000,9
86,59,2.607000,9
86,60,1.967000,7
86,61,1.994000,8
86,62,2.695000,7
86,63,2.711000,10
86,64,2.103000,10
86,65,2.697000,10
86,66,2.774000,11
86,67,2.872000,12
86,68,3.295000,14
86,69,4.372000,21
86,70,2.961000,12
86,71,2.489000,13
86,72,1.220000,13
86,73,3.364000,14
86,74,2.986000,12
86,75,2.076000,7
86,76,3.189000,13
86,77,3.386000,12
86,78,1.498000,10
86,79,2.436000,12
86,80,2.737000,13
86,81,3.382000,15
86,82,2.318000,7
86,83,2.526000,12
86,84,2.638000,12
86,85,2.878000,14
86,86,2.927000,12
86,87,2.042000,7
86,88,2.040000,7
86,89,2.570000,11
86,90,1.966000,8
86,91,3.029000,10
86,92,2.479000,9
86,93,2.365000,9
86,94,2.199000,10
86,95,2.954000,13
86,96,3.839000,29
87,1,2.372000,11
87,2,2.633000,11
87,3,2.914000,11
87,4,2.882000,10
87,5,2.768000,13
87,6,1.926000,11
87,7,2.707000,13
87,8,2.960000,13
87,9,2.931000,11
87,10,2.774000,8
87,11,1.877000,7
87,12,2.328000,11
87,13,2.594000,11
87,14,3.144000,13
87,15,3.802000,15
87,16,3.136000,10
87,17,2.451000,8
87,18,1.819000,18
87,19,5.259000,24
87,20,3.472000,14
87,21,5.165000,23
87,22,2.343000,13
87,23,1.100000,21
87,24,0.160000,10
87,25,3.193000,13
87,26,2.122000,8
87,27,2.171000,10
87,28,2.341000,9
87,29,3.978000,15
87,30,2.366000,12
87,31,3.967000,16
87,32,2.779000,12
87,33,3.033000,13
87,34,2.592000,11
87,35,2.833000,13
87,36,1.704000,12
87,37,2.679000,10
87,38,2.509000,8
87,39,3.235000,11
87,40,3.129000,13
87,41,2.708000,11
87,42,1.560000,8
87,43,2.627000,11
87,44,2.509000,11
87,45,3.394000,14
87,46,2.374000,8
87,47,2.969000,12
87,48,2.269000,10
87,49,1.864000,9
87,50,2.610000,12
87,51,3.251000,13
87,52,2.926000,12
87,53,2.921000,13
87,54,1.994000,8
87,55,3.193000,13
87,56,2.186000,10
87,57,2.947000,12
87,58,2.309000,9
87,59,2.627000,9
87,60,1.526000,7
87,61,1.718000,7
87,62,2.445000,8
87,63,2.044000,8
87,64,2.439000,10
87,65,2.820000,11
87,66,2.168000,8
87,67,2.436000,10
87,68,3.331000,14
87,69,3.360000,14
87,70,2.514000,12
87,71,3.035000,12
87,72,1.960000,13
87,73,3.328000,13
87,74,2.862000,13
87,75,2.005000,7
87,76,3.537000,12
87,77,2.640000,12
87,78,1.125000,8
87,79,3.193000,12
87,80,3.207000,14
87,81,3.377000,13
87,82,2.370000,7
87,83,2.596000,12
87,84,1.977000,12
87,85,2.931000,13
87,86,3.745000,15
87,87,2.486000,11
87,88,2.200000,7
87,89,2.925000,12
87,90,2.168000,14
87,91,2.322000,9
87,92,2.663000,10
87,93,2.109000,9
87,94,2.501000,10
87,95,2.593000,11
87,96,2.062000,8
88,1,2.630000,11
88,2,2.307000,10
88,3,2.888000,13
88,4,2.395000,9
88,5,2.820000,13
88,6,2.225000,11
88,7,2.925000,13
88,8,2.348000,10
88,9,1.817000,8
88,10,2.213000,7
88,11,1.895000,7
88,12,2.552000,11
88,13,2.733000,11
88,14,2.820000,12
88,15,5.355000,24
88,16,3.765000,14
88,17,1.283000,12
88,18,0.621000,12
88,19,5.101000,24
88,20,3.604000,15
88,21,5.001000,23
88,22,2.282000,13
88,23,1.187000,21
88,24,0.272000,13
88,25,3.005000,14
88,26,2.087000,8
88,27,2.885000,13
88,28,2.974000,13
88,29,3.294000,15
88,30,2.760000,27
88,31,3.572000,13
88,32,2.677000,12
88,33,3.648000,13
88,34,2.003000,7
88,35,2.347000,13
88,36,1.036000,12
88,37,2.351000,9
88,38,2.521000,13
88,39,2.949000,14
88,40,2.987000,8
88,41,2.511000,10
88,42,2.091000,10
88,43,2.518000,11
88,44,2.998000,13
88,45,2.837000,12
88,46,3.005000,13
88,47,2.346000,12
88,48,1.960000,10
88,49,2.376000,9
88,50,3.014000,12
88,51,3.142000,13
88,52,3.235000,13
88,53,2.737000,13
88,54,1.456000,8
88,55,2.925000,13
88,56,2.375000,10
88,57,2.485000,12
88,58,2.289000,9
88,59,2.078000,9
88,60,2.334000,7
88,61,1.872000,7
88,62,2.041000,7
88,63,2.402000,10
88,64,2.266000,11
88,65,2.365000,10
88,66,2.515000,10
88,67,2.933000,12
88,68,4.676000,20
88,69,2.711000,12
88,70,3.066000,13
88,71,2.167000,12
88,72,0.941000,13
88,73,2.751000,13
88,74,2.821000,13
88,75,2.246000,11
88,76,2.994000,12
88,77,2.835000,13
88,78,2.155000,11
88,79,2.654000,12
88,80,3.097000,14
88,81,3.262000,13
88,82,1.736000,7
88,83,2.512000,12
88,84,1.421000,12
88,85,2.932000,13
88,86,2.211000,8
88,87,2.490000,12
88,88,1.626000,7
88,89,3.043000,13
88,90,2.756000,13
88,91,2.717000,11
88,92,2.625000,9
88,93,2.454000,9
88,94,2.221000,10
88,95,3.665000,15
88,96,1.962000,8
89,1,2.565000,11
89,2,2.184000,11
89,3,2.661000,11
89,4,2.427000,11
89,5,2.999000,13
89,6,2.867000,14
89,7,2.567000,10
89,8,2.835000,12
89,9,2.583000,10
89,10,2.517000,10
89,11,2.121000,7
89,12,2.324000,11
89,13,2.940000,11
89,14,3.570000,12
89,15,3.046000,13
89,16,3.599000,16
89,17,2.690000,10
89,18,1.295000,11
89,19,5.027000,23
89,20,3.617000,10
89,21,4.268000,23
89,22,2.927000,11
89,23,1.517000,21
89,24,0.277000,12
89,25,2.970000,13
89,26,3.171000,13
89,27,2.837000,9
89,28,3.139000,13
89,29,3.475000,15
89,30,1.947000,30
89,31,2.843000,12
89,32,6.503000,28
89,33,2.756000,10
89,34,2.990000,11
89,35,1.725000,13
89,36,0.752000,13
89,37,3.307000,13
89,38,2.753000,12
89,39,2.291000,10
89,40,2.003000,8
89,41,2.564000,11
89,42,2.498000,10
89,43,2.974000,11
89,44,3.363000,12
89,45,3.692000,15
89,46,3.219000,12
89,47,2.766000,11
89,48,0.799000,9
89,49,2.433000,10
89,50,2.437000,9
89,51,3.425000,13
89,52,3.231000,13
89,53,2.755000,13
89,54,1.682000,8
89,55,3.116000,13
89,56,3.171000,10
89,57,2.690000,12
89,58,2.342000,9
89,59,2.515000,9
89,60,1.893000,7
89,61,2.445000,8
89,62,2.059000,8
89,63,2.185000,8
89,64,2.311000,10
89,65,2.406000,11
89,66,1.924000,8
89,67,3.227000,13
89,68,3.059000,13
89,69,2.817000,13
89,70,2.436000,12
89,71,2.483000,12
89,72,2.319000,13
89,73,2.689000,13
89,74,2.756000,13
89,75,3.395000,13
89,76,2.549000,12
89,77,2.959000,11
89,78,1.768000,8
89,79,2.763000,12
89,80,2.867000,14
89,81,2.968000,12
89,82,1.701000,7
89,83,3.028000,12
89,84,2.530000,12
89,85,3.114000,13
89,86,3.171000,11
89,87,2.656000,12
89,88,2.097000,7
89,89,3.200000,14
89,90,1.784000,9
89,91,2.441000,9
89,92,2.492000,11
89,93,2.597000,11
89,94,2.414000,11
89,95,3.394000,14
89,96,2.229000,8
90,1,3.088000,11
90,2,2.868000,12
90,3,3.135000,12
90,4,2.354000,9
90,5,2.550000,13
90,6,1.420000,13
90,7,2.156000,10
90,8,3.127000,13
90,9,3.050000,11
90,10,2.643000,8
90,11,1.976000,7
90,12,2.247000,11
90,13,2.653000,11
90,14,2.778000,12
90,15,2.829000,13
90,16,4.716000,20
90,17,2.732000,14
90,18,1.488000,13
90,19,5.965000,27
90,20,3.637000,14
90,21,5.771000,24
90,22,1.380000,10
90,23,0.924000,21
90,24,0.194000,11
90,25,3.289000,12
90,26,2.588000,11
90,27,2.778000,12
90,28,2.479000,10
90,29,3.012000,14
90,30,2.210000,29
90,31,2.644000,9
90,32,5.174000,26
90,33,3.780000,14
90,34,2.790000,11
90,35,2.119000,13
90,36,0.829000,14
90,37,2.858000,12
90,38,2.883000,14
90,39,2.185000,9
90,40,2.635000,9
90,41,2.779000,11
90,42,2.214000,10
90,43,3.137000,13
90,44,3.171000,12
90,45,3.640000,16
90,46,3.137000,13
90,47,2.041000,9
90,48,1.490000,9
90,49,2.485000,11
90,50,2.629000,9
90,51,3.340000,13
90,52,2.915000,13
90,53,3.417000,13
90,54,1.588000,8
90,55,3.162000,13
90,56,2.576000,10
90,57,3.083000,12
90,58,2.516000,9
90,59,1.799000,9
90,60,1.930000,7
90,61,1.502000,7
90,62,1.935000,7
90,63,2.751000,10
90,64,2.446000,11
90,65,2.899000,10
90,66,2.838000,10
90,67,2.403000,11
90,68,3.773000,16
90,69,2.255000,11
90,70,3.041000,12
90,71,2.707000,12
90,72,1.927000,13
90,73,2.532000,13
90,74,3.052000,13
90,75,3.051000,14
90,76,3.472000,16
90,77,2.727000,11
90,78,1.800000,11
90,79,2.489000,12
90,80,2.758000,14
90,81,2.536000,12
90,82,1.773000,7
90,83,2.627000,12
90,84,2.684000,11
90,85,3.096000,13
90,86,2.579000,8
90,87,2.390000,11
90,88,1.801000,7
90,89,3.299000,15
90,90,2.295000,11
90,91,2.050000,9
90,92,2.393000,10
90,93,1.990000,9
90,94,2.206000,10
90,95,3.465000,14
90,96,2.774000,8
91,1,3.004000,12
91,2,2.116000,10
91,3,2.637000,11
91,4,3.303000,14
91,5,2.652000,13
91,6,2.456000,14
91,7,2.264000,11
91,8,2.704000,12
91,9,2.919000,12
91,10,2.251000,10
91,11,3.119000,11
91,12,2.551000,12
91,13,3.214000,14
91,14,3.533000,12
91,15,5.276000,24
91,16,3.357000,13
91,17,1.661000,13
91,18,0.585000,12
91,19,5.123000,26
91,20,2.721000,11
91,21,6.103000,28
91,22,1.359000,11
91,23,0.741000,21
91,24,0.184000,11
91,25,3.170000,11
91,26,3.358000,11
91,27,2.571000,11
91,28,3.157000,14
91,29,4.367000,25
91,30,0.782000,12
91,31,2.824000,12
91,32,3.656000,13
91,33,3.140000,14
91,34,2.576000,9
91,35,2.980000,13
91,36,1.901000,16
91,37,2.667000,12
91,38,2.436000,12
91,39,2.497000,12
91,40,2.566000,10
91,41,2.502000,11
91,42,2.787000,11
91,43,2.086000,7
91,44,3.237000,13
91,45,3.378000,14
91,46,2.328000,9
91,47,2.324000,9
91,48,2.101000,9
91,49,2.483000,9
91,50,2.624000,9
91,51,3.410000,14
91,52,1.689000,7
91,53,3.270000,13
91,54,2.134000,8
91,55,3.170000,13
91,56,2.736000,10
91,57,2.855000,12
91,58,2.535000,10
91,59,2.562000,10
91,60,1.640000,7
91,61,2.260000,7
91,62,1.734000,7
91,63,2.705000,11
91,64,3.143000,10
91,65,3.203000,11
91,66,2.053000,8
91,67,2.603000,11
91,68,3.188000,13
91,69,2.885000,14
91,70,3.168000,13
91,71,2.740000,12
91,72,2.138000,13
91,73,2.784000,13
91,74,3.532000,13
91,75,2.740000,14
91,76,3.270000,14
91,77,2.803000,12
91,78,1.548000,10
91,79,2.450000,12
91,80,4.036000,17
91,81,2.232000,8
91,82,1.861000,7
91,83,3.220000,13
91,84,2.406000,12
91,85,3.242000,15
91,86,3.054000,12
91,87,2.709000,10
91,88,1.897000,7
91,89,2.901000,16
91,90,0.734000,12
91,91,2.109000,9
91,92,2.339000,9
91,93,2.756000,10
91,94,1.943000,8
91,95,4.000000,16
91,96,2.070000,8
92,1,2.959000,13
92,2,3.298000,11
92,3,2.771000,11
92,4,3.307000,11
92,5,3.108000,12
92,6,2.405000,14
92,7,2.305000,11
92,8,3.557000,11
92,9,2.800000,12
92,10,3.663000,12
92,11,3.078000,10
92,12,2.564000,13
92,13,2.688000,13
92,14,3.150000,10
92,15,3.009000,13
92,16,2.695000,12
92,17,3.328000,12
92,18,2.580000,11
92,19,6.815000,29
92,20,3.459000,13
92,21,5.326000,22
92,22,1.961000,8
92,23,0.858000,21
92,24,0.237000,11
92,25,2.835000,11
92,26,3.646000,11
92,27,2.581000,12
92,28,2.917000,12
92,29,5.424000,24
92,30,1.356000,25
92,31,2.893000,11
92,32,3.806000,11
92,33,3.460000,14
92,34,3.311000,12
92,35,3.665000,18
92,36,1.141000,14
92,37,3.127000,12
92,38,3.802000,12
92,39,2.230000,10
92,40,2.869000,11
92,41,2.613000,11
92,42,2.564000,10
92,43,3.455000,12
92,44,4.134000,15
92,45,2.948000,13
92,46,2.292000,8
92,47,2.552000,10
92,48,1.779000,9
92,49,2.317000,9
92,50,2.675000,9
92,51,3.707000,14
92,52,2.424000,7
92,53,3.621000,13
92,54,1.643000,8
92,55,3.223000,13
92,56,2.825000,10
92,57,2.821000,12
92,58,2.995000,11
92,59,2.560000,11
92,60,1.099000,7
92,61,2.221000,7
92,62,2.255000,7
92,63,3.179000,10
92,64,2.480000,10
92,65,2.841000,10
92,66,2.248000,9
92,67,2.888000,12
92,68,3.599000,12
92,69,3.134000,13
92,70,3.168000,12
92,71,2.664000,12
92,72,2.309000,13
92,73,2.452000,13
92,74,3.464000,13
92,75,3.115000,13
92,76,3.532000,14
92,77,2.726000,12
92,78,2.101000,10
92,79,2.893000,12
92,80,4.237000,17
92,81,2.137000,8
92,82,2.488000,7
92,83,2.950000,13
92,84,2.628000,12
92,85,4.222000,16
92,86,3.289000,12
92,87,3.601000,15
92,88,2.713000,9
92,89,2.901000,13
92,90,1.235000,7
92,91,2.153000,9
92,92,2.669000,9
92,93,2.503000,9
92,94,2.395000,10
92,95,3.283000,14
92,96,2.328000,8
93,1,2.983000,13
93,2,2.603000,11
93,3,2.311000,12
93,4,2.425000,10
93,5,2.906000,12
93,6,2.425000,14
93,7,2.379000,11
93,8,2.664000,11
93,9,2.982000,12
93,10,2.632000,11
93,11,2.935000,13
93,12,1.864000,10
93,13,2.475000,11
93,14,2.822000,11
93,15,2.900000,13
93,16,4.230000,20
93,17,2.906000,12
93,18,1.024000,10
93,19,3.176000,13
93,20,3.310000,12
93,21,7.660000,30
93,22,1.026000,11
93,23,0.542000,22
93,24,0.160000,8
93,25,2.284000,11
93,26,2.759000,13
93,27,2.776000,12
93,28,2.200000,9
93,29,5.831000,28
93,30,1.068000,26
93,31,3.510000,12
93,32,2.786000,12
93,33,3.107000,13
93,34,2.632000,12
93,35,2.749000,13
93,36,0.942000,8
93,37,2.619000,12
93,38,2.645000,12
93,39,2.375000,11
93,40,2.382000,11
93,41,2.790000,13
93,42,2.207000,8
93,43,2.955000,14
93,44,2.150000,9
93,45,2.861000,11
93,46,2.424000,8
93,47,2.676000,11
93,48,2.239000,9
93,49,2.339000,10
93,50,2.010000,9
93,51,3.441000,14
93,52,1.870000,7
93,53,3.059000,13
93,54,2.134000,8
93,55,3.067000,13
93,56,2.796000,10
93,57,2.423000,12
93,58,2.775000,10
93,59,2.428000,10
93,60,1.652000,7
93,61,1.609000,7
93,62,1.530000,7
93,63,2.722000,11
93,64,2.465000,11
93,65,2.400000,11
93,66,2.216000,8
93,67,1.916000,8
93,68,2.484000,11
93,69,2.611000,11
93,70,3.187000,13
93,71,2.280000,12
93,72,2.686000,13
93,73,2.587000,13
93,74,3.713000,13
93,75,2.963000,13
93,76,2.712000,14
93,77,2.700000,12
93,78,1.464000,10
93,79,2.413000,12
93,80,4.552000,17
93,81,2.613000,8
93,82,1.866000,7
93,83,2.867000,13
93,84,1.938000,12
93,85,3.222000,17
93,86,3.266000,12
93,87,2.566000,10
93,88,1.884000,7
93,89,2.229000,11
93,90,1.039000,9
93,91,1.778000,8
93,92,2.154000,9
93,93,2.230000,9
93,94,2.246000,9
93,95,3.082000,14
93,96,2.197000,8
94,1,2.787000,13
94,2,2.562000,11
94,3,2.527000,12
94,4,2.803000,14
94,5,2.358000,12
94,6,2.817000,14
94,7,2.709000,11
94,8,2.525000,12
94,9,3.283000,14
94,10,3.464000,18
94,11,3.415000,14
94,12,1.069000,9
94,13,2.963000,12
94,14,2.479000,10
94,15,2.711000,11
94,16,2.716000,13
94,17,2.903000,12
94,18,2.006000,10
94,19,2.965000,13
94,20,3.615000,14
94,21,3.787000,20
94,22,3.070000,13
94,23,2.500000,13
94,24,0.620000,10
94,25,2.437000,9
94,26,2.628000,10
94,27,2.567000,12
94,28,2.539000,12
94,29,4.112000,22
94,30,1.172000,26
94,31,3.630000,15
94,32,2.900000,13
94,33,2.709000,13
94,34,2.855000,11
94,35,3.207000,14
94,36,1.196000,12
94,37,2.972000,13
94,38,2.739000,11
94,39,2.519000,10
94,40,2.366000,10
94,41,2.477000,11
94,42,2.244000,8
94,43,3.360000,14
94,44,2.345000,10
94,45,2.835000,13
94,46,1.987000,8
94,47,2.309000,11
94,48,1.736000,9
94,49,2.566000,10
94,50,2.469000,9
94,51,3.555000,14
94,52,1.882000,7
94,53,3.153000,13
94,54,0.761000,8
94,55,3.060000,13
94,56,2.174000,10
94,57,3.043000,12
94,58,2.514000,11
94,59,2.475000,11
94,60,1.769000,7
94,61,2.039000,7
94,62,1.840000,7
94,63,2.750000,10
94,64,2.271000,10
94,65,2.758000,10
94,66,2.313000,9
94,67,2.032000,8
94,68,3.084000,12
94,69,2.654000,12
94,70,2.907000,12
94,71,2.505000,12
94,72,2.531000,13
94,73,3.219000,13
94,74,2.890000,13
94,75,3.202000,13
94,76,2.840000,12
94,77,2.990000,14
94,78,1.145000,10
94,79,2.963000,12
94,80,3.837000,17
94,81,1.770000,8
94,82,1.703000,7
94,83,2.570000,13
94,84,2.737000,12
94,85,3.879000,17
94,86,2.759000,12
94,87,2.662000,10
94,88,2.447000,9
94,89,2.229000,8
94,90,1.737000,10
94,91,1.899000,9
94,92,2.208000,9
94,93,1.960000,9
94,94,2.917000,11
94,95,3.579000,15
94,96,2.565000,8
95,1,3.246000,13
95,2,2.869000,11
95,3,2.716000,12
95,4,2.906000,10
95,5,2.974000,12
95,6,1.742000,14
95,7,3.525000,13
95,8,3.075000,14
95,9,2.053000,9
95,10,2.850000,13
95,11,1.646000,9
95,12,1.016000,9
95,13,2.457000,10
95,14,2.609000,10
95,15,2.613000,11
95,16,3.373000,12
95,17,2.754000,12
95,18,1.846000,11
95,19,2.778000,11
95,20,2.882000,13
95,21,4.448000,23
95,22,2.548000,10
95,23,2.722000,16
95,24,1.074000,13
95,25,2.337000,10
95,26,2.117000,8
95,27,2.484000,9
95,28,3.389000,13
95,29,4.762000,24
95,30,1.639000,26
95,31,3.122000,11
95,32,3.031000,13
95,33,3.051000,16
95,34,2.564000,12
95,35,2.783000,13
95,36,1.160000,8
95,37,3.254000,13
95,38,2.581000,10
95,39,2.120000,10
95,40,1.819000,8
95,41,2.209000,10
95,42,2.121000,10
95,43,3.190000,11
95,44,2.917000,9
95,45,2.455000,8
95,46,2.260000,8
95,47,2.614000,11
95,48,1.813000,9
95,49,2.329000,10
95,50,2.563000,9
95,51,3.160000,14
95,52,1.944000,7
95,53,2.710000,13
95,54,1.910000,8
95,55,3.155000,13
95,56,2.139000,10
95,57,2.693000,12
95,58,2.082000,10
95,59,2.754000,10
95,60,2.048000,7
95,61,1.700000,7
95,62,1.852000,7
95,63,3.239000,11
95,64,2.603000,11
95,65,2.789000,11
95,66,2.170000,8
95,67,2.505000,8
95,68,2.662000,12
95,69,2.615000,11
95,70,2.614000,13
95,71,3.104000,12
95,72,1.924000,13
95,73,2.617000,13
95,74,3.015000,13
95,75,3.039000,14
95,76,2.884000,11
95,77,2.561000,12
95,78,1.430000,10
95,79,2.569000,12
95,80,3.423000,17
95,81,2.455000,8
95,82,1.896000,7
95,83,3.272000,13
95,84,1.330000,12
95,85,3.608000,17
95,86,2.819000,13
95,87,3.131000,14
95,88,1.697000,8
95,89,2.114000,7
95,90,1.988000,10
95,91,2.172000,8
95,92,2.476000,12
95,93,2.709000,12
95,94,2.582000,13
95,95,2.045000,9
95,96,2.353000,8
96,1,3.268000,13
96,2,2.550000,11
96,3,2.248000,12
96,4,2.809000,10
96,5,2.963000,12
96,6,2.035000,14
96,7,2.866000,13
96,8,3.490000,15
96,9,2.265000,10
96,10,2.181000,10
96,11,2.526000,9
96,12,2.380000,10
96,13,2.826000,11
96,14,2.807000,10
96,15,2.358000,11
96,16,7.638000,32
96,17,0.680000,12
96,18,0.297000,10
96,19,3.075000,12
96,20,2.859000,12
96,21,4.655000,23
96,22,3.000000,11
96,23,2.661000,13
96,24,0.622000,12
96,25,3.396000,12
96,26,3.247000,13
96,27,2.567000,11
96,28,2.705000,11
96,29,4.500000,29
96,30,0.656000,25
96,31,3.394000,12
96,32,3.122000,9
96,33,2.882000,13
96,34,2.949000,12
96,35,2.290000,11
96,36,1.546000,9
96,37,3.089000,12
96,38,3.077000,11
96,39,2.408000,10
96,40,2.682000,12
96,41,2.510000,11
96,42,1.872000,9
96,43,3.541000,15
96,44,2.125000,9
96,45,3.077000,14
96,46,1.809000,9
96,47,2.166000,9
96,48,1.469000,9
96,49,2.867000,10
96,50,2.407000,9
96,51,2.370000,11
96,52,1.757000,7
96,53,2.733000,13
96,54,1.958000,8
96,55,2.696000,13
96,56,2.870000,10
96,57,3.165000,12
96,58,3.205000,11
96,59,2.733000,11
96,60,1.448000,7
96,61,2.564000,10
96,62,2.662000,10
96,63,2.777000,10
96,64,2.831000,10
96,65,2.358000,9
96,66,1.704000,9
96,67,2.548000,8
96,68,2.417000,11
96,69,2.453000,12
96,70,2.320000,12
96,71,2.862000,12
96,72,2.324000,13
96,73,2.679000,13
96,74,3.140000,13
96,75,3.395000,14
96,76,3.208000,13
96,77,2.558000,12
96,78,1.307000,10
96,79,2.679000,12
96,80,2.933000,13
96,81,1.862000,8
96,82,1.712000,8
96,83,2.722000,12
96,84,2.413000,12
96,85,3.816000,17
96,86,2.707000,8
96,87,3.232000,13
96,88,2.244000,8
96,89,2.117000,8
96,90,1.814000,9
96,91,2.151000,9
96,92,1.948000,9
96,93,2.420000,9
96,94,2.429000,10
96,95,2.285000,9
96,96,2.549000,8
97,1,2.974000,13
97,2,2.785000,12
97,3,2.681000,12
97,4,2.155000,10
97,5,2.811000,11
97,6,1.933000,14
97,7,2.155000,12
97,8,2.423000,9
97,9,2.151000,10
97,10,2.197000,10
97,11,1.468000,8
97,12,2.252000,9
97,13,2.558000,11
97,14,2.464000,9
97,15,2.563000,11
97,16,4.170000,22
97,17,2.341000,11
97,18,1.282000,9
97,19,2.368000,9
97,20,3.069000,11
97,21,3.790000,21
97,22,2.286000,8
97,23,2.192000,11
97,24,1.631000,11
97,25,2.175000,11
97,26,2.578000,11
97,27,2.880000,11
97,28,2.441000,9
97,29,1.899000,12
97,30,0.515000,12
97,31,3.069000,13
97,32,3.214000,12
97,33,2.597000,13
97,34,2.498000,11
97,35,2.306000,13
97,36,0.443000,9
97,37,2.605000,12
97,38,2.438000,10
97,39,3.645000,17
97,40,2.856000,10
97,41,1.868000,8
97,42,1.560000,9
97,43,2.129000,9
97,44,2.350000,9
97,45,2.899000,14
97,46,1.911000,8
97,47,1.966000,9
97,48,2.074000,9
97,49,2.097000,10
97,50,2.237000,9
97,51,2.865000,12
97,52,1.753000,7
97,53,2.899000,13
97,54,1.881000,8
97,55,3.002000,13
97,56,2.698000,10
97,57,2.499000,12
97,58,2.242000,10
97,59,2.377000,10
97,60,1.629000,7
97,61,2.599000,11
97,62,2.756000,11
97,63,2.676000,11
97,64,2.343000,10
97,65,2.520000,11
97,66,1.696000,8
97,67,1.936000,8
97,68,2.486000,11
97,69,2.769000,12
97,70,2.921000,13
97,71,2.523000,12
97,72,2.223000,13
97,73,2.574000,13
97,74,2.724000,13
97,75,2.882000,14
97,76,2.807000,14
97,77,2.876000,14
97,78,1.470000,10
97,79,2.490000,12
97,80,3.186000,13
97,81,2.337000,8
97,82,1.534000,8
97,83,2.506000,12
97,84,2.105000,12
97,85,3.469000,17
97,86,2.622000,8
97,87,3.405000,14
97,88,3.017000,14
97,89,1.899000,8
97,90,1.195000,12
97,91,1.744000,8
97,92,2.105000,9
97,93,2.432000,11
97,94,2.311000,9
97,95,2.152000,8
97,96,1.899000,8
98,1,2.842000,13
98,2,2.420000,11
98,3,2.773000,12
98,4,2.453000,10
98,5,2.674000,12
98,6,2.193000,14
98,7,2.294000,9
98,8,2.695000,10
98,9,2.034000,9
98,10,2.106000,9
98,11,2.196000,8
98,12,2.673000,10
98,13,2.601000,10
98,14,2.581000,9
98,15,2.696000,11
98,16,2.917000,15
98,17,2.325000,11
98,18,1.736000,9
98,19,3.015000,14
98,20,2.646000,10
98,21,5.976000,27
98,22,2.450000,10
98,23,1.883000,13
98,24,0.122000,7
98,25,2.663000,11
98,26,2.581000,11
98,27,3.602000,13
98,28,3.027000,14
98,29,2.841000,14
98,30,1.117000,9
98,31,3.218000,13
98,32,2.930000,11
98,33,3.084000,13
98,34,3.327000,13
98,35,1.986000,8
98,36,1.388000,10
98,37,2.838000,11
98,38,2.949000,12
98,39,2.550000,10
98,40,2.200000,9
98,41,2.184000,9
98,42,1.723000,8
98,43,2.134000,8
98,44,2.375000,9
98,45,2.915000,14
98,46,1.835000,8
98,47,2.479000,11
98,48,2.037000,9
98,49,2.406000,10
98,50,2.629000,9
98,51,2.582000,11
98,52,1.898000,7
98,53,2.961000,13
98,54,1.960000,8
98,55,2.840000,13
98,56,3.011000,10
98,57,2.740000,12
98,58,2.105000,10
98,59,2.406000,11
98,60,0.968000,7
98,61,2.294000,10
98,62,2.685000,10
98,63,2.072000,10
98,64,2.456000,11
98,65,2.199000,9
98,66,2.021000,9
98,67,2.301000,8
98,68,2.233000,11
98,69,2.692000,12
98,70,2.361000,12
98,71,2.790000,12
98,72,2.517000,13
98,73,2.840000,13
98,74,3.313000,13
98,75,2.823000,14
98,76,2.541000,12
98,77,2.962000,15
98,78,1.454000,10
98,79,2.565000,12
98,80,3.050000,13
98,81,2.110000,8
98,82,2.151000,7
98,83,2.474000,12
98,84,2.517000,12
98,85,3.475000,17
98,86,2.146000,8
98,87,2.727000,11
98,88,2.469000,11
98,89,2.372000,11
98,90,1.436000,10
98,91,2.179000,9
98,92,3.571000,12
98,93,2.640000,11
98,94,1.933000,9
98,95,2.667000,11
98,96,1.989000,8
99,1,3.151000,13
99,2,2.491000,12
99,3,2.725000,13
99,4,2.266000,10
99,5,3.390000,14
99,6,1.550000,7
99,7,2.443000,10
99,8,3.065000,10
99,9,2.231000,9
99,10,2.630000,9
99,11,2.805000,11
99,12,2.289000,10
99,13,2.943000,11
99,14,3.065000,10
99,15,2.819000,11
99,16,3.173000,15
99,17,3.366000,13
99,18,1.223000,9
99,19,3.223000,13
99,20,3.298000,12
99,21,5.582000,26
99,22,2.181000,9
99,23,2.138000,14
99,24,0.605000,10
99,25,2.486000,10
99,26,2.877000,11
99,27,2.349000,10
99,28,2.565000,12
99,29,3.743000,14
99,30,2.083000,13
99,31,2.493000,9
99,32,3.655000,13
99,33,3.313000,13
99,34,5.403000,27
99,35,1.503000,8
99,36,0.635000,9
99,37,2.246000,9
99,38,2.723000,10
99,39,2.607000,11
99,40,2.248000,10
99,41,1.800000,8
99,42,2.248000,8
99,43,1.866000,8
99,44,2.372000,9
99,45,2.272000,8
99,46,2.038000,8
99,47,2.311000,10
99,48,2.838000,9
99,49,2.695000,10
99,50,2.267000,9
99,51,2.763000,12
99,52,1.851000,7
99,53,3.071000,13
99,54,1.973000,8
99,55,3.177000,13
99,56,3.088000,10
99,57,2.740000,12
99,58,2.855000,10
99,59,2.225000,10
99,60,1.463000,7
99,61,2.386000,11
99,62,3.287000,11
99,63,2.476000,10
99,64,2.471000,10
99,65,2.666000,10
99,66,2.007000,8
99,67,2.204000,8
99,68,3.640000,13
99,69,3.046000,12
99,70,2.798000,13
99,71,2.555000,12
99,72,0.843000,13
99,73,3.061000,13
99,74,3.291000,13
99,75,3.087000,14
99,76,3.642000,12
99,77,2.418000,15
99,78,0.830000,10
99,79,2.698000,12
99,80,2.981000,13
99,81,2.723000,8
99,82,1.993000,7
99,83,2.952000,12
99,84,2.474000,12
99,85,3.520000,17
99,86,3.422000,14
99,87,2.645000,11
99,88,2.927000,13
99,89,2.468000,11
99,90,1.415000,11
99,91,2.026000,8
99,92,2.675000,12
99,93,2.693000,12
99,94,2.563000,11
99,95,2.500000,9
99,96,1.909000,8
100,1,3.245000,13
100,2,2.770000,11
100,3,3.044000,13
100,4,2.641000,9
100,5,2.292000,11
100,6,1.211000,8
100,7,2.322000,10
100,8,2.458000,10
100,9,2.113000,9
100,10,2.409000,9
100,11,1.797000,8
100,12,2.588000,10
100,13,3.236000,11
100,14,2.390000,10
100,15,2.438000,11
100,16,3.467000,15
100,17,2.682000,11
100,18,1.530000,10
100,19,3.119000,13
100,20,2.901000,13
100,21,4.857000,24
100,22,2.201000,9
100,23,2.482000,12
100,24,0.834000,9
100,25,1.872000,7
100,26,2.028000,7
100,27,2.165000,8
100,28,3.376000,13
100,29,5.440000,26
100,30,1.371000,13
100,31,2.449000,11
100,32,2.547000,12
100,33,3.741000,13
100,34,2.789000,11
100,35,2.309000,11
100,36,0.859000,25
100,37,3.227000,12
100,38,2.944000,11
100,39,3.102000,12
100,40,2.066000,9
100,41,2.613000,10
100,42,1.685000,8
100,43,2.918000,10
100,44,2.204000,9
100,45,2.742000,11
100,46,2.386000,9
100,47,2.006000,9
100,48,2.103000,9
100,49,2.388000,10
100,50,2.394000,9
100,51,2.213000,11
100,52,2.160000,7
100,53,3.132000,13
100,54,2.223000,8
100,55,3.458000,13
100,56,2.945000,10
100,57,2.870000,12
100,58,2.672000,10
100,59,2.947000,11
100,60,1.115000,7
100,61,2.354000,10
100,62,2.960000,10
100,63,2.789000,11
100,64,2.754000,10
100,65,3.059000,11
100,66,1.754000,9
100,67,2.127000,8
100,68,2.951000,13
100,69,2.756000,12
100,70,3.069000,12
100,71,2.505000,12
100,72,2.398000,13
100,73,2.582000,13
100,74,2.983000,13
100,75,3.064000,14
100,76,3.133000,12
100,77,3.267000,16
100,78,1.308000,10
100,79,2.586000,12
100,80,3.043000,13
100,81,1.736000,8
100,82,2.024000,7
100,83,3.116000,12
100,84,2.564000,12
100,85,3.693000,17
100,86,2.945000,11
100,87,2.231000,11
100,88,3.997000,17
100,89,2.354000,11
100,90,0.830000,10
100,91,2.085000,9
100,92,2.176000,11
100,93,2.813000,10
100,94,2.268000,11
100,95,2.736000,11
100,96,2.589000,8
