iteration,objective,r_norm,s_norm,rho,eff_time_this_k,cum_eff_time,max_sp_time_this_k,mean_ipopt_iters_this_k
1,937155.593987,2.4984084280e-01,1.1411629558e+03,3000.00,123.8070,123.8070,123.8070,50.00
2,3320298.105440,1.6990886342e-01,2.1333178149e+02,3000.00,141.4600,265.2670,141.4600,40.88
3,3191283.417266,6.5730237732e-02,1.1652060230e+02,3000.00,94.1320,359.3990,94.1320,18.79
4,3105806.444396,1.5354334327e-02,6.0710811143e+01,3000.00,92.5680,451.9670,92.5680,15.42
5,3116758.756987,2.9877305695e-02,4.0607601877e+01,3000.00,92.8670,544.8340,92.8670,17.04
6,3109346.051666,1.9242290294e-02,4.4888519452e+01,3000.00,85.1220,629.9560,85.1220,15.92
7,3088377.244019,1.7188987707e-02,1.7119349923e+01,3000.00,57.6310,687.5870,57.6310,13.38
8,3078621.914166,9.7653504374e-03,1.3645088870e+01,3000.00,55.9910,743.5780,55.9910,12.83
9,3070172.450392,5.2047889429e-03,1.2555040116e+01,3000.00,56.9620,800.5400,56.9620,13.17
10,3068515.989538,3.2638714560e-03,1.1276824652e+01,3000.00,52.4910,853.0310,52.4910,12.58
11,3067189.946673,3.2585806073e-03,9.6535697667e+00,3000.00,53.3580,906.3890,53.3580,12.67
12,3066080.695613,3.0042971100e-03,8.3404242996e+00,3000.00,54.6820,961.0710,54.6820,12.71
13,3065102.264444,2.6589370677e-03,7.7367436908e+00,3000.00,53.3540,1014.4250,53.3540,12.62
14,3064235.286795,2.6902693052e-03,6.8264742623e+00,3000.00,55.1710,1069.5960,55.1710,12.50
15,3063460.332780,2.6248956042e-03,6.3380288728e+00,3000.00,53.5320,1123.1280,53.5320,12.38
16,3063149.865570,2.2768925349e-03,6.1363772188e+00,7500.00,48.5740,1171.7020,48.5740,11.04
17,3062855.797914,2.1305789276e-03,5.8629820231e+00,7500.00,49.2530,1220.9550,49.2530,10.96
18,3062596.896370,2.1304764142e-03,5.7377528443e+00,7500.00,46.8640,1267.8190,46.8640,10.83
19,3062308.603247,1.5162118488e-03,5.6168229603e+00,7500.00,36.1560,1303.9750,36.1560,10.54
20,3062065.234604,1.3689004301e-03,5.5292418357e+00,7500.00,40.3060,1344.2810,40.3060,10.71
21,3061870.749854,1.3945913668e-05,5.3988421078e+00,7500.00,42.3290,1386.6100,42.3290,10.92
22,3061642.558155,7.9286301462e-06,5.3494529333e+00,7500.00,43.9480,1430.5580,43.9480,10.42
23,3061420.013768,1.6681483498e-05,5.2759510958e+00,7500.00,37.2450,1467.8030,37.2450,9.67
