iteration,subproblem,solve_time_sec,ipopt_iters
1,1,40.926000118255615,71
1,2,52.72599983215332,95
1,3,53.80200004577637,106
1,4,47.86699986457825,85
2,1,9.512999773025513,8
2,2,11.026999950408936,13
2,3,10.615999937057495,12
2,4,10.111000061035156,13
3,1,8.030999898910522,8
3,2,9.146000146865845,11
3,3,9.099999904632568,14
3,4,8.901999950408936,12
4,1,7.324999809265137,11
4,2,7.267000198364258,11
4,3,7.2850000858306885,10
4,4,6.622999906539917,9
5,1,8.223999977111816,12
5,2,8.551000118255615,14
5,3,8.249000072479248,11
5,4,6.690000057220459,11
6,1,16.388000011444092,15
6,2,16.76699995994568,16
6,3,15.529000043869019,11
6,4,15.692999839782715,12
7,1,13.974000215530396,13
7,2,15.207000017166138,14
7,3,15.878000020980835,14
7,4,14.877000093460083,14
8,1,13.182000160217285,13
8,2,13.7739999294281,15
8,3,13.654000043869019,14
8,4,13.190999984741211,13
9,1,6.947000026702881,13
9,2,5.908999919891357,8
9,3,7.765000104904175,14
9,4,7.48799991607666,14
