iteration,subproblem,solve_time_sec,ipopt_iters
1,1,3.281000,15
1,2,3.249000,15
1,3,3.503000,15
1,4,3.624000,15
1,5,3.534000,14
1,6,2.988000,15
1,7,3.466000,15
1,8,3.709000,15
1,9,3.876000,15
1,10,3.418000,15
1,11,3.580000,15
1,12,3.005000,16
1,13,3.538000,15
1,14,3.115000,15
1,15,2.850000,14
1,16,3.972000,15
1,17,4.394000,15
1,18,3.093000,15
1,19,3.056000,15
1,20,3.565000,15
1,21,3.483000,15
1,22,3.563000,16
1,23,3.802000,15
1,24,3.008000,15
1,25,3.578000,15
1,26,3.725000,15
1,27,3.460000,15
1,28,2.943000,15
1,29,3.050000,15
1,30,3.447000,15
1,31,3.538000,14
1,32,3.427000,14
1,33,2.860000,14
1,34,3.382000,14
1,35,3.955000,14
1,36,2.851000,15
1,37,3.374000,14
1,38,3.543000,15
1,39,3.483000,15
1,40,2.920000,15
1,41,3.430000,15
1,42,3.501000,15
1,43,3.605000,15
1,44,7.349000,26
1,45,3.842000,15
1,46,3.510000,15
1,47,2.711000,15
1,48,0.841000,15
1,49,3.538000,15
1,50,3.929000,15
1,51,4.237000,15
1,52,3.235000,15
1,53,4.582000,15
1,54,2.063000,15
1,55,3.466000,15
1,56,3.561000,15
1,57,4.030000,15
1,58,3.707000,15
1,59,4.038000,15
1,60,2.752000,15
1,61,3.187000,15
1,62,3.725000,15
1,63,4.015000,15
1,64,3.654000,15
1,65,3.451000,15
1,66,1.304000,15
1,67,3.465000,15
1,68,3.398000,15
1,69,3.950000,15
1,70,3.618000,14
1,71,2.926000,14
1,72,3.392000,14
1,73,3.538000,14
1,74,3.087000,14
1,75,3.214000,14
1,76,2.679000,14
1,77,3.514000,15
1,78,3.326000,15
1,79,3.466000,15
1,80,3.216000,15
1,81,2.897000,15
1,82,3.693000,15
1,83,3.109000,15
1,84,2.761000,15
1,85,3.234000,15
1,86,4.258000,15
1,87,3.329000,15
1,88,4.176000,15
1,89,3.485000,15
1,90,2.514000,15
1,91,3.318000,15
1,92,3.951000,15
1,93,3.872000,15
1,94,3.370000,15
1,95,3.752000,15
1,96,2.944000,14
2,1,2.076000,8
2,2,2.098000,7
2,3,1.167000,6
2,4,1.589000,6
2,5,1.908000,6
2,6,0.564000,6
2,7,1.776000,6
2,8,1.526000,6
2,9,1.634000,6
2,10,1.550000,6
2,11,1.626000,6
2,12,0.981000,6
2,13,1.776000,6
2,14,1.801000,6
2,15,0.987000,6
2,16,1.391000,6
2,17,0.849000,6
2,18,0.231000,6
2,19,1.776000,6
2,20,1.541000,6
2,21,1.750000,6
2,22,1.287000,6
2,23,1.377000,6
2,24,1.454000,6
2,25,1.550000,6
2,26,1.472000,6
2,27,1.128000,6
2,28,1.395000,6
2,29,1.492000,7
2,30,1.294000,7
2,31,1.867000,6
2,32,2.236000,7
2,33,1.252000,5
2,34,1.582000,7
2,35,1.363000,5
2,36,1.224000,5
2,37,1.125000,5
2,38,0.978000,5
2,39,0.906000,5
2,40,1.129000,5
2,41,1.061000,6
2,42,3.300000,18
2,43,1.646000,5
2,44,2.033000,8
2,45,0.955000,5
2,46,1.683000,5
2,47,0.907000,5
2,48,1.336000,5
2,49,1.402000,5
2,50,1.380000,5
2,51,1.147000,5
2,52,0.863000,5
2,53,1.282000,5
2,54,1.634000,5
2,55,1.252000,5
2,56,1.588000,5
2,57,1.097000,4
2,58,1.461000,6
2,59,1.256000,5
2,60,2.261000,6
2,61,1.516000,6
2,62,1.795000,6
2,63,1.646000,5
2,64,1.234000,7
2,65,1.481000,7
2,66,1.828000,6
2,67,1.585000,6
2,68,1.998000,6
2,69,1.400000,7
2,70,1.484000,7
2,71,1.908000,7
2,72,0.817000,7
2,73,1.483000,6
2,74,1.990000,7
2,75,2.048000,7
2,76,2.511000,7
2,77,1.296000,7
2,78,0.204000,6
2,79,1.421000,6
2,80,1.436000,7
2,81,1.455000,7
2,82,1.335000,7
2,83,1.927000,7
2,84,1.214000,7
2,85,1.777000,6
2,86,1.541000,6
2,87,1.685000,6
2,88,1.460000,6
2,89,1.817000,6
2,90,1.218000,6
2,91,1.776000,6
2,92,1.124000,6
2,93,1.636000,6
2,94,1.310000,6
2,95,2.117000,6
2,96,0.815000,5
3,1,2.655000,8
3,2,1.693000,7
3,3,2.385000,7
3,4,1.765000,6
3,5,1.859000,6
3,6,0.213000,6
3,7,1.286000,6
3,8,1.760000,6
3,9,1.578000,6
3,10,1.823000,6
3,11,2.177000,6
3,12,1.397000,6
3,13,1.288000,6
3,14,1.627000,6
3,15,1.748000,6
3,16,2.110000,6
3,17,2.172000,6
3,18,0.664000,6
3,19,1.361000,6
3,20,2.238000,6
3,21,1.374000,6
3,22,1.691000,6
3,23,1.712000,6
3,24,1.914000,6
3,25,1.927000,6
3,26,1.328000,6
3,27,1.825000,6
3,28,1.385000,6
3,29,1.896000,7
3,30,2.067000,8
3,31,2.505000,9
3,32,1.758000,6
3,33,1.805000,6
3,34,1.770000,6
3,35,1.347000,5
3,36,1.131000,5
3,37,1.287000,5
3,38,1.137000,5
3,39,1.434000,5
3,40,1.080000,5
3,41,1.264000,5
3,42,2.680000,9
3,43,1.124000,5
3,44,3.612000,21
3,45,1.762000,5
3,46,1.829000,5
3,47,1.280000,5
3,48,0.535000,5
3,49,1.294000,5
3,50,1.383000,5
3,51,1.862000,5
3,52,1.733000,5
3,53,1.476000,5
3,54,1.386000,5
3,55,1.569000,5
3,56,1.348000,5
3,57,1.208000,5
3,58,2.011000,6
3,59,1.667000,6
3,60,1.158000,5
3,61,1.802000,6
3,62,1.505000,6
3,63,1.313000,6
3,64,1.891000,5
3,65,1.389000,5
3,66,1.581000,5
3,67,1.293000,5
3,68,1.451000,5
3,69,2.127000,7
3,70,1.759000,7
3,71,1.641000,6
3,72,1.652000,6
3,73,1.771000,6
3,74,1.628000,6
3,75,1.137000,6
3,76,1.691000,6
3,77,1.643000,6
3,78,1.617000,6
3,79,1.719000,6
3,80,1.666000,7
3,81,1.660000,7
3,82,2.386000,7
3,83,1.727000,6
3,84,0.802000,6
3,85,1.810000,7
3,86,1.333000,6
3,87,1.213000,6
3,88,1.474000,6
3,89,1.641000,6
3,90,1.186000,6
3,91,1.718000,6
3,92,1.558000,6
3,93,1.599000,6
3,94,1.576000,6
3,95,1.891000,7
3,96,1.667000,6
4,1,1.637000,7
4,2,1.797000,6
4,3,2.043000,7
4,4,1.937000,6
4,5,1.763000,6
4,6,0.408000,6
4,7,1.768000,6
4,8,2.007000,6
4,9,1.448000,6
4,10,1.374000,6
4,11,1.247000,6
4,12,1.326000,6
4,13,1.765000,6
4,14,1.627000,6
4,15,1.824000,6
4,16,1.561000,6
4,17,1.248000,6
4,18,1.322000,6
4,19,1.286000,6
4,20,1.945000,6
4,21,1.334000,6
4,22,1.102000,6
4,23,1.986000,6
4,24,1.351000,6
4,25,1.288000,6
4,26,2.347000,6
4,27,1.591000,6
4,28,1.488000,6
4,29,1.603000,6
4,30,1.158000,6
4,31,2.164000,6
4,32,2.105000,7
4,33,1.465000,6
4,34,2.108000,7
4,35,1.255000,6
4,36,0.648000,5
4,37,1.212000,5
4,38,1.867000,6
4,39,1.778000,5
4,40,1.300000,5
4,41,1.446000,6
4,42,1.546000,9
4,43,1.411000,5
4,44,2.573000,9
4,45,1.217000,5
4,46,2.047000,5
4,47,1.417000,5
4,48,0.791000,5
4,49,1.408000,6
4,50,1.189000,5
4,51,1.603000,5
4,52,0.983000,5
4,53,1.590000,5
4,54,1.198000,5
4,55,1.410000,5
4,56,0.959000,5
4,57,2.171000,6
4,58,1.405000,5
4,59,1.257000,5
4,60,0.299000,6
4,61,1.251000,6
4,62,1.829000,6
4,63,1.645000,6
4,64,1.531000,6
4,65,1.541000,5
4,66,1.176000,5
4,67,1.591000,6
4,68,1.490000,5
4,69,1.656000,7
4,70,1.838000,7
4,71,2.271000,7
4,72,0.945000,6
4,73,2.001000,6
4,74,1.460000,6
4,75,1.894000,6
4,76,1.907000,6
4,77,1.289000,6
4,78,0.877000,6
4,79,1.331000,6
4,80,2.162000,7
4,81,1.764000,7
4,82,1.179000,7
4,83,1.261000,6
4,84,0.610000,6
4,85,1.411000,6
4,86,1.455000,6
4,87,1.568000,6
4,88,1.844000,6
4,89,1.624000,6
4,90,1.341000,6
4,91,1.400000,6
4,92,1.248000,6
4,93,0.865000,5
4,94,1.320000,6
4,95,1.637000,7
4,96,1.416000,6
5,1,1.956000,7
5,2,2.025000,6
5,3,1.945000,7
5,4,1.675000,6
5,5,1.257000,6
5,6,0.998000,6
5,7,1.513000,6
5,8,1.795000,6
5,9,1.378000,6
5,10,1.757000,6
5,11,1.492000,6
5,12,1.526000,6
5,13,1.726000,6
5,14,1.696000,6
5,15,1.768000,6
5,16,1.539000,6
5,17,1.310000,6
5,18,0.605000,6
5,19,2.522000,6
5,20,1.717000,6
5,21,1.700000,6
5,22,1.400000,6
5,23,1.646000,6
5,24,1.221000,6
5,25,1.513000,6
5,26,1.560000,6
5,27,1.963000,6
5,28,2.233000,6
5,29,1.913000,6
5,30,1.172000,6
5,31,1.669000,6
5,32,2.167000,7
5,33,2.026000,6
5,34,1.877000,7
5,35,1.015000,6
5,36,0.882000,5
5,37,1.516000,6
5,38,1.370000,5
5,39,1.772000,5
5,40,1.735000,5
5,41,0.871000,5
5,42,2.043000,9
5,43,1.954000,6
5,44,2.664000,9
5,45,2.281000,6
5,46,1.221000,5
5,47,1.380000,6
5,48,1.011000,5
5,49,5.077000,29
5,50,1.361000,5
5,51,1.247000,5
5,52,1.087000,5
5,53,1.315000,5
5,54,0.523000,5
5,55,1.118000,5
5,56,1.114000,5
5,57,1.417000,5
5,58,1.127000,5
5,59,1.171000,5
5,60,1.510000,5
5,61,1.188000,6
5,62,1.345000,5
5,63,2.133000,6
5,64,1.953000,7
5,65,1.937000,5
5,66,1.444000,5
5,67,1.517000,5
5,68,1.687000,8
5,69,1.993000,7
5,70,1.361000,6
5,71,1.704000,6
5,72,1.469000,6
5,73,1.520000,6
5,74,1.832000,6
5,75,2.241000,6
5,76,1.087000,6
5,77,1.345000,6
5,78,0.812000,6
5,79,1.619000,6
5,80,2.788000,7
5,81,2.029000,7
5,82,1.658000,7
5,83,1.338000,6
5,84,0.973000,6
5,85,1.953000,6
5,86,1.519000,6
5,87,1.333000,6
5,88,1.861000,6
5,89,1.185000,6
5,90,1.504000,6
5,91,1.355000,6
5,92,2.178000,6
5,93,2.030000,6
5,94,1.245000,6
5,95,1.445000,7
5,96,1.032000,5
6,1,1.690000,7
6,2,1.436000,6
6,3,1.671000,6
6,4,1.662000,6
6,5,1.416000,6
6,6,1.252000,6
6,7,2.034000,6
6,8,1.076000,6
6,9,1.460000,6
6,10,1.252000,6
6,11,1.589000,6
6,12,1.409000,6
6,13,1.677000,6
6,14,1.578000,6
6,15,1.328000,6
6,16,1.549000,6
6,17,1.541000,6
6,18,1.145000,6
6,19,2.034000,6
6,20,1.717000,6
6,21,1.828000,6
6,22,1.691000,6
6,23,1.451000,6
6,24,0.901000,6
6,25,1.647000,6
6,26,1.604000,6
6,27,1.767000,6
6,28,1.450000,6
6,29,1.393000,6
6,30,1.511000,7
6,31,1.676000,6
6,32,1.441000,6
6,33,1.860000,7
6,34,1.346000,6
6,35,1.584000,6
6,36,1.489000,6
6,37,2.110000,6
6,38,1.607000,6
6,39,1.113000,5
6,40,1.350000,5
6,41,1.072000,5
6,42,0.403000,9
6,43,1.811000,6
6,44,2.105000,11
6,45,1.819000,6
6,46,1.612000,6
6,47,1.624000,5
6,48,0.635000,5
6,49,3.364000,18
6,50,1.531000,5
6,51,1.290000,5
6,52,1.141000,5
6,53,1.175000,5
6,54,1.578000,29
6,55,1.471000,5
6,56,1.327000,6
6,57,1.100000,5
6,58,1.223000,5
6,59,1.602000,5
6,60,1.378000,5
6,61,1.485000,6
6,62,1.597000,6
6,63,1.398000,7
6,64,1.232000,6
6,65,1.095000,5
6,66,1.054000,5
6,67,1.423000,5
6,68,1.331000,6
6,69,1.669000,7
6,70,1.692000,6
6,71,1.853000,6
6,72,1.010000,6
6,73,1.757000,6
6,74,2.399000,6
6,75,1.275000,6
6,76,1.177000,6
6,77,1.271000,6
6,78,1.500000,6
6,79,2.004000,6
6,80,2.126000,6
6,81,1.532000,6
6,82,1.516000,7
6,83,1.629000,6
6,84,0.751000,6
6,85,1.874000,6
6,86,1.515000,6
6,87,1.203000,6
6,88,1.732000,6
6,89,1.561000,6
6,90,1.315000,6
6,91,1.424000,6
6,92,0.956000,5
6,93,1.537000,6
6,94,1.564000,6
6,95,1.808000,7
6,96,0.885000,5
7,1,1.747000,7
7,2,2.121000,6
7,3,1.967000,6
7,4,1.510000,6
7,5,1.525000,6
7,6,0.970000,6
7,7,2.357000,6
7,8,1.951000,6
7,9,1.950000,6
7,10,1.152000,6
7,11,1.325000,6
7,12,0.912000,6
7,13,1.538000,6
7,14,1.663000,6
7,15,2.243000,6
7,16,1.298000,6
7,17,1.954000,6
7,18,0.982000,6
7,19,1.237000,6
7,20,1.691000,6
7,21,1.403000,6
7,22,1.611000,6
7,23,1.866000,7
7,24,1.631000,6
7,25,2.025000,6
7,26,1.611000,6
7,27,1.101000,6
7,28,1.646000,6
7,29,1.453000,6
7,30,1.197000,6
7,31,1.537000,6
7,32,1.663000,6
7,33,1.460000,7
7,34,1.413000,7
7,35,1.524000,5
7,36,1.745000,5
7,37,1.532000,5
7,38,1.995000,6
7,39,1.338000,5
7,40,1.478000,5
7,41,1.572000,5
7,42,1.550000,9
7,43,4.381000,24
7,44,2.257000,9
7,45,1.433000,6
7,46,1.938000,25
7,47,0.080000,6
7,48,0.064000,5
7,49,2.023000,11
7,50,1.646000,5
7,51,1.395000,5
7,52,1.981000,5
7,53,1.348000,5
7,54,1.424000,11
7,55,1.539000,6
7,56,1.101000,5
7,57,1.474000,5
7,58,1.314000,5
7,59,1.521000,6
7,60,1.815000,6
7,61,1.545000,5
7,62,1.173000,5
7,63,1.655000,5
7,64,1.123000,6
7,65,1.005000,5
7,66,1.509000,5
7,67,1.356000,5
7,68,1.633000,6
7,69,1.552000,8
7,70,1.533000,7
7,71,1.919000,6
7,72,1.121000,6
7,73,1.730000,6
7,74,1.919000,6
7,75,1.097000,6
7,76,1.283000,6
7,77,1.322000,6
7,78,1.627000,6
7,79,1.402000,6
7,80,1.314000,6
7,81,0.995000,6
7,82,1.577000,7
7,83,1.248000,7
7,84,0.490000,7
7,85,1.823000,6
7,86,1.637000,6
7,87,0.882000,6
7,88,1.438000,6
7,89,1.627000,6
7,90,1.226000,6
7,91,1.832000,6
7,92,1.370000,5
7,93,1.138000,6
7,94,1.678000,6
7,95,1.743000,6
7,96,1.225000,5
8,1,1.422000,7
8,2,1.124000,6
8,3,1.448000,6
8,4,1.271000,6
8,5,1.695000,6
8,6,1.499000,6
8,7,1.712000,6
8,8,1.703000,6
8,9,1.714000,6
8,10,1.397000,6
8,11,1.133000,6
8,12,0.874000,6
8,13,1.074000,6
8,14,1.164000,6
8,15,1.549000,6
8,16,1.370000,6
8,17,1.790000,6
8,18,1.381000,6
8,19,2.191000,6
8,20,1.035000,6
8,21,1.623000,6
8,22,1.355000,6
8,23,1.805000,6
8,24,1.190000,6
8,25,1.927000,6
8,26,1.745000,6
8,27,1.524000,6
8,28,2.448000,6
8,29,1.533000,7
8,30,0.852000,6
8,31,1.597000,6
8,32,1.088000,6
8,33,1.574000,6
8,34,1.517000,5
8,35,0.989000,5
8,36,1.120000,5
8,37,1.306000,6
8,38,1.571000,5
8,39,1.759000,5
8,40,5.012000,30
8,41,1.374000,28
8,42,0.206000,9
8,43,2.988000,15
8,44,2.165000,9
8,45,1.650000,6
8,46,2.545000,15
8,47,0.403000,6
8,48,0.327000,6
8,49,2.645000,11
8,50,1.456000,5
8,51,1.160000,5
8,52,1.554000,5
8,53,3.246000,26
8,54,0.588000,11
8,55,4.710000,27
8,56,5.072000,28
8,57,0.706000,6
8,58,0.258000,6
8,59,0.230000,6
8,60,0.161000,5
8,61,1.661000,5
8,62,1.555000,5
8,63,1.186000,4
8,64,2.134000,5
8,65,0.850000,5
8,66,1.530000,5
8,67,1.570000,5
8,68,2.285000,6
8,69,1.816000,7
8,70,2.390000,8
8,71,1.332000,6
8,72,0.633000,6
8,73,2.229000,6
8,74,2.023000,6
8,75,1.538000,6
8,76,1.518000,6
8,77,1.528000,6
8,78,1.112000,6
8,79,1.927000,6
8,80,2.023000,6
8,81,1.708000,6
8,82,1.519000,6
8,83,1.799000,7
8,84,1.221000,6
8,85,1.584000,6
8,86,1.357000,6
8,87,1.813000,6
8,88,1.864000,6
8,89,1.003000,6
8,90,0.722000,6
8,91,1.209000,5
8,92,1.291000,5
8,93,1.658000,6
8,94,1.308000,6
8,95,1.668000,7
8,96,1.393000,5
9,1,1.992000,7
9,2,1.814000,6
9,3,1.502000,6
9,4,1.564000,6
9,5,1.625000,6
9,6,1.991000,6
9,7,1.581000,6
9,8,1.384000,6
9,9,2.199000,6
9,10,1.658000,6
9,11,1.504000,6
9,12,1.402000,6
9,13,1.880000,6
9,14,1.880000,6
9,15,1.801000,6
9,16,1.914000,6
9,17,2.031000,6
9,18,1.135000,6
9,19,1.899000,6
9,20,1.736000,6
9,21,1.987000,6
9,22,1.058000,6
9,23,1.251000,6
9,24,1.923000,6
9,25,1.582000,6
9,26,1.522000,6
9,27,1.445000,6
9,28,1.882000,7
9,29,1.699000,6
9,30,2.329000,6
9,31,2.278000,6
9,32,1.872000,6
9,33,1.781000,6
9,34,1.946000,7
9,35,1.874000,5
9,36,1.222000,5
9,37,1.577000,5
9,38,1.471000,5
9,39,1.005000,5
9,40,2.259000,11
9,41,1.712000,11
9,42,2.390000,11
9,43,3.651000,15
9,44,2.923000,11
9,45,4.248000,25
9,46,0.972000,11
9,47,0.796000,25
9,48,0.219000,6
9,49,2.652000,11
9,50,3.836000,25
9,51,1.339000,6
9,52,1.332000,6
9,53,1.975000,11
9,54,0.760000,11
9,55,2.739000,12
9,56,2.248000,10
9,57,4.863000,27
9,58,1.650000,25
9,59,0.851000,26
9,60,0.221000,6
9,61,2.045000,6
9,62,1.369000,5
9,63,1.577000,6
9,64,1.800000,6
9,65,1.409000,5
9,66,0.620000,5
9,67,1.435000,5
9,68,2.200000,7
9,69,1.308000,7
9,70,1.667000,7
9,71,1.713000,7
9,72,1.854000,6
9,73,1.961000,6
9,74,1.761000,6
9,75,1.706000,6
9,76,1.392000,6
9,77,1.354000,6
9,78,1.751000,6
9,79,1.746000,6
9,80,1.896000,6
9,81,1.784000,6
9,82,1.730000,6
9,83,1.309000,6
9,84,1.910000,6
9,85,2.281000,6
9,86,2.015000,6
9,87,1.595000,6
9,88,1.625000,6
9,89,1.581000,6
9,90,1.553000,6
9,91,2.055000,6
9,92,1.256000,6
9,93,1.202000,6
9,94,1.352000,6
9,95,1.986000,6
9,96,1.623000,6
10,1,2.789000,7
10,2,3.922000,6
10,3,3.367000,6
10,4,3.649000,6
10,5,3.333000,6
10,6,3.591000,6
10,7,2.778000,6
10,8,3.669000,6
10,9,3.352000,6
10,10,4.084000,6
10,11,3.416000,6
10,12,3.960000,6
10,13,2.778000,6
10,14,3.531000,6
10,15,3.659000,6
10,16,3.657000,6
10,17,3.695000,6
10,18,3.697000,6
10,19,2.784000,6
10,20,3.915000,6
10,21,3.106000,6
10,22,4.021000,6
10,23,4.079000,6
10,24,3.743000,6
10,25,2.702000,6
10,26,3.669000,6
10,27,3.002000,6
10,28,4.388000,7
10,29,4.058000,6
10,30,3.851000,6
10,31,2.779000,6
10,32,4.115000,7
10,33,3.744000,6
10,34,3.518000,7
10,35,3.144000,5
10,36,3.695000,6
10,37,2.579000,6
10,38,3.018000,6
10,39,5.846000,18
10,40,4.159000,11
10,41,4.494000,11
10,42,1.898000,9
10,43,4.495000,15
10,44,4.899000,9
10,45,5.218000,11
10,46,4.395000,11
10,47,4.315000,11
10,48,0.911000,6
10,49,2.955000,11
10,50,4.021000,11
10,51,2.834000,5
10,52,9.887000,26
10,53,4.317000,11
10,54,1.040000,11
10,55,3.586000,12
10,56,3.742000,10
10,57,4.504000,10
10,58,5.058000,10
10,59,3.850000,10
10,60,4.084000,25
10,61,8.167000,27
10,62,2.676000,5
10,63,4.495000,6
10,64,3.374000,6
10,65,3.456000,5
10,66,1.741000,5
10,67,2.781000,6
10,68,2.927000,6
10,69,4.084000,7
10,70,4.366000,7
10,71,4.113000,6
10,72,3.388000,6
10,73,2.784000,6
10,74,3.667000,6
10,75,3.619000,6
10,76,3.638000,6
10,77,4.198000,6
10,78,4.008000,6
10,79,2.515000,6
10,80,3.590000,6
10,81,3.003000,6
10,82,3.429000,6
10,83,3.336000,6
10,84,3.479000,6
10,85,2.577000,6
10,86,3.347000,6
10,87,3.456000,6
10,88,4.385000,6
10,89,3.674000,6
10,90,3.430000,5
10,91,2.955000,5
10,92,3.846000,6
10,93,3.154000,6
10,94,3.854000,6
10,95,4.482000,6
10,96,3.594000,6
11,1,3.820000,7
11,2,3.202000,6
11,3,2.703000,6
11,4,3.459000,6
11,5,4.826000,6
11,6,3.708000,6
11,7,3.826000,6
11,8,3.665000,6
11,9,4.383000,6
11,10,4.542000,6
11,11,4.003000,6
11,12,3.268000,6
11,13,3.788000,6
11,14,4.119000,6
11,15,4.355000,6
11,16,3.146000,6
11,17,3.571000,6
11,18,3.712000,6
11,19,4.364000,6
11,20,4.923000,6
11,21,3.518000,6
11,22,4.209000,6
11,23,3.700000,6
11,24,2.908000,6
11,25,4.028000,6
11,26,4.800000,6
11,27,4.337000,6
11,28,3.137000,6
11,29,1.996000,6
11,30,0.614000,6
11,31,3.183000,6
11,32,3.722000,6
11,33,3.878000,6
11,34,4.493000,6
11,35,2.983000,5
11,36,2.118000,5
11,37,2.771000,5
11,38,2.660000,6
11,39,4.830000,9
11,40,5.453000,12
11,41,5.543000,10
11,42,2.937000,9
11,43,5.801000,15
11,44,4.908000,9
11,45,4.256000,10
11,46,4.407000,10
11,47,3.465000,10
11,48,2.088000,25
11,49,4.549000,12
11,50,5.610000,12
11,51,9.539000,25
11,52,3.806000,10
11,53,1.016000,11
11,54,0.572000,10
11,55,3.480000,9
11,56,3.886000,10
11,57,4.069000,10
11,58,4.959000,10
11,59,4.649000,10
11,60,2.857000,10
11,61,5.074000,10
11,62,3.663000,5
11,63,3.071000,5
11,64,3.392000,6
11,65,4.093000,6
11,66,3.543000,6
11,67,3.079000,5
11,68,3.798000,6
11,69,4.024000,7
11,70,4.105000,6
11,71,4.083000,6
11,72,3.942000,7
11,73,3.491000,7
11,74,4.797000,6
11,75,3.572000,6
11,76,3.811000,6
11,77,3.850000,6
11,78,3.509000,6
11,79,3.858000,7
11,80,4.074000,6
11,81,4.194000,7
11,82,3.248000,6
11,83,3.677000,6
11,84,2.351000,6
11,85,3.464000,5
11,86,3.854000,5
11,87,3.409000,6
11,88,3.624000,5
11,89,3.254000,5
11,90,4.232000,6
11,91,3.873000,6
11,92,3.647000,5
11,93,3.364000,6
11,94,4.373000,6
11,95,4.085000,6
11,96,2.735000,5
12,1,2.764000,7
12,2,2.388000,6
12,3,3.404000,6
12,4,2.314000,6
12,5,3.843000,7
12,6,1.887000,6
12,7,3.098000,6
12,8,3.007000,6
12,9,3.087000,6
12,10,2.877000,6
12,11,1.837000,6
12,12,1.859000,6
12,13,3.364000,6
12,14,3.339000,6
12,15,2.799000,6
12,16,2.868000,6
12,17,2.454000,6
12,18,2.008000,6
12,19,3.820000,6
12,20,3.539000,6
12,21,3.174000,6
12,22,2.615000,6
12,23,2.545000,6
12,24,2.242000,6
12,25,2.994000,6
12,26,2.653000,6
12,27,2.941000,6
12,28,2.845000,6
12,29,3.147000,6
12,30,1.907000,6
12,31,4.054000,6
12,32,3.305000,6
12,33,2.694000,6
12,34,2.511000,6
12,35,2.371000,5
12,36,1.865000,5
12,37,2.666000,6
12,38,3.454000,6
12,39,3.711000,9
12,40,3.308000,11
12,41,3.091000,10
12,42,2.432000,11
12,43,5.003000,15
12,44,5.052000,12
12,45,3.389000,10
12,46,2.656000,10
12,47,2.280000,10
12,48,0.768000,12
12,49,4.483000,12
12,50,5.242000,12
12,51,3.579000,11
12,52,2.712000,7
12,53,1.945000,7
12,54,0.393000,7
12,55,3.248000,7
12,56,3.967000,10
12,57,4.096000,10
12,58,2.968000,10
12,59,2.721000,10
12,60,1.741000,10
12,61,3.181000,10
12,62,2.445000,5
12,63,2.588000,5
12,64,2.149000,6
12,65,2.602000,6
12,66,2.582000,6
12,67,2.127000,5
12,68,2.584000,5
12,69,3.091000,7
12,70,2.834000,6
12,71,2.339000,6
12,72,2.564000,6
12,73,2.733000,6
12,74,3.381000,6
12,75,2.937000,6
12,76,2.834000,6
12,77,3.028000,6
12,78,1.602000,6
12,79,3.698000,6
12,80,3.448000,6
12,81,4.073000,7
12,82,3.429000,8
12,83,1.952000,6
12,84,2.021000,6
12,85,3.117000,5
12,86,2.698000,5
12,87,2.925000,6
12,88,2.483000,5
12,89,2.836000,5
12,90,1.990000,5
12,91,2.588000,5
12,92,3.110000,6
12,93,2.817000,6
12,94,3.047000,6
12,95,2.708000,6
12,96,2.167000,5
13,1,3.154000,8
13,2,2.592000,6
13,3,2.888000,6
13,4,2.906000,6
13,5,2.366000,6
13,6,2.014000,6
13,7,2.372000,6
13,8,2.892000,6
13,9,3.647000,6
13,10,2.837000,6
13,11,2.919000,6
13,12,1.746000,6
13,13,2.495000,6
13,14,2.910000,6
13,15,2.908000,6
13,16,2.761000,6
13,17,2.036000,6
13,18,2.390000,6
13,19,2.377000,6
13,20,2.630000,6
13,21,3.504000,6
13,22,2.987000,6
13,23,2.536000,6
13,24,2.133000,6
13,25,2.532000,6
13,26,2.313000,6
13,27,3.475000,6
13,28,2.844000,6
13,29,2.066000,6
13,30,0.693000,6
13,31,2.142000,6
13,32,2.141000,6
13,33,3.875000,6
13,34,2.746000,6
13,35,2.404000,6
13,36,1.861000,5
13,37,1.797000,6
13,38,2.274000,5
13,39,3.838000,10
13,40,3.867000,11
13,41,3.121000,10
13,42,1.966000,9
13,43,3.450000,10
13,44,3.748000,11
13,45,3.677000,10
13,46,2.951000,10
13,47,2.744000,10
13,48,0.959000,10
13,49,3.373000,12
13,50,4.390000,12
13,51,2.785000,7
13,52,3.084000,10
13,53,2.612000,10
13,54,1.145000,10
13,55,3.474000,11
13,56,3.249000,10
13,57,3.487000,10
13,58,2.917000,10
13,59,2.776000,10
13,60,0.430000,10
13,61,3.459000,10
13,62,2.631000,6
13,63,2.139000,4
13,64,2.349000,6
13,65,2.195000,6
13,66,2.196000,6
13,67,2.139000,5
13,68,3.037000,5
13,69,3.749000,7
13,70,3.474000,8
13,71,2.642000,6
13,72,1.878000,6
13,73,1.902000,6
13,74,2.627000,6
13,75,2.878000,6
13,76,2.677000,6
13,77,2.996000,6
13,78,2.108000,6
13,79,2.234000,6
13,80,2.778000,6
13,81,3.912000,7
13,82,3.436000,7
13,83,2.596000,6
13,84,1.836000,6
13,85,2.137000,5
13,86,2.602000,5
13,87,3.172000,5
13,88,2.935000,5
13,89,2.064000,5
13,90,2.475000,6
13,91,1.944000,5
13,92,2.914000,6
13,93,3.467000,6
13,94,2.828000,6
13,95,2.662000,6
13,96,1.817000,5
14,1,2.101000,7
14,2,2.480000,6
14,3,1.511000,6
14,4,2.311000,6
14,5,2.127000,6
14,6,2.744000,6
14,7,2.319000,6
14,8,2.663000,6
14,9,2.232000,6
14,10,2.575000,6
14,11,2.712000,6
14,12,1.580000,6
14,13,2.546000,6
14,14,2.641000,6
14,15,2.626000,6
14,16,2.683000,6
14,17,2.267000,6
14,18,1.546000,6
14,19,2.547000,6
14,20,2.200000,6
14,21,2.524000,6
14,22,3.092000,6
14,23,2.458000,6
14,24,1.923000,6
14,25,2.542000,6
14,26,2.641000,6
14,27,2.183000,6
14,28,3.010000,6
14,29,2.363000,6
14,30,1.839000,6
14,31,2.374000,6
14,32,2.662000,6
14,33,2.658000,6
14,34,3.057000,6
14,35,1.890000,6
14,36,1.433000,6
14,37,2.319000,6
14,38,1.542000,5
14,39,3.372000,9
14,40,2.648000,7
14,41,2.611000,10
14,42,1.882000,9
14,43,2.862000,10
14,44,3.993000,11
14,45,3.276000,10
14,46,2.778000,10
14,47,1.795000,10
14,48,0.361000,10
14,49,3.354000,12
14,50,2.753000,10
14,51,3.178000,10
14,52,3.093000,10
14,53,1.817000,10
14,54,0.916000,11
14,55,2.892000,11
14,56,2.890000,10
14,57,3.331000,10
14,58,2.415000,10
14,59,2.290000,10
14,60,1.196000,10
14,61,2.661000,10
14,62,7.497000,29
14,63,2.177000,5
14,64,1.627000,6
14,65,1.096000,6
14,66,0.177000,6
14,67,2.226000,6
14,68,1.563000,5
14,69,2.411000,7
14,70,2.864000,7
14,71,1.696000,6
14,72,1.860000,6
14,73,2.021000,6
14,74,2.178000,6
14,75,1.857000,6
14,76,2.826000,6
14,77,2.608000,6
14,78,1.619000,6
14,79,2.155000,6
14,80,2.487000,7
14,81,2.540000,6
14,82,3.008000,7
14,83,2.260000,6
14,84,1.623000,6
14,85,2.222000,6
14,86,1.761000,5
14,87,1.950000,5
14,88,2.636000,5
14,89,2.054000,5
14,90,2.071000,5
14,91,2.094000,5
14,92,2.124000,6
14,93,2.185000,6
14,94,2.481000,6
14,95,2.179000,6
14,96,1.637000,6
15,1,2.901000,8
15,2,2.816000,6
15,3,1.944000,6
15,4,2.410000,6
15,5,2.576000,6
15,6,1.917000,6
15,7,2.211000,6
15,8,1.991000,6
15,9,2.272000,6
15,10,2.749000,6
15,11,2.246000,6
15,12,2.517000,6
15,13,2.318000,6
15,14,1.835000,6
15,15,2.672000,6
15,16,2.016000,6
15,17,2.607000,6
15,18,2.715000,6
15,19,2.497000,6
15,20,2.549000,6
15,21,2.014000,6
15,22,1.552000,6
15,23,2.955000,6
15,24,2.589000,6
15,25,2.204000,6
15,26,1.973000,6
15,27,2.004000,6
15,28,2.681000,6
15,29,2.538000,6
15,30,2.504000,6
15,31,2.211000,6
15,32,1.923000,6
15,33,2.475000,6
15,34,1.837000,6
15,35,2.272000,6
15,36,2.698000,6
15,37,2.206000,5
15,38,2.546000,7
15,39,3.343000,9
15,40,3.379000,11
15,41,3.001000,10
15,42,0.824000,11
15,43,2.709000,10
15,44,3.236000,11
15,45,2.621000,10
15,46,2.790000,10
15,47,2.987000,10
15,48,0.933000,10
15,49,3.502000,12
15,50,3.351000,10
15,51,2.750000,10
15,52,3.985000,10
15,53,0.909000,10
15,54,0.226000,11
15,55,2.036000,7
15,56,3.048000,10
15,57,3.038000,10
15,58,2.498000,10
15,59,3.232000,10
15,60,1.016000,10
15,61,2.949000,10
15,62,2.639000,10
15,63,1.884000,6
15,64,1.690000,6
15,65,2.246000,5
15,66,1.929000,5
15,67,2.508000,6
15,68,1.698000,5
15,69,2.099000,6
15,70,2.400000,7
15,71,2.252000,6
15,72,2.874000,6
15,73,2.708000,6
15,74,1.779000,6
15,75,2.222000,6
15,76,2.158000,6
15,77,2.624000,6
15,78,2.446000,6
15,79,2.507000,6
15,80,2.213000,6
15,81,2.438000,6
15,82,2.322000,7
15,83,3.178000,7
15,84,1.611000,6
15,85,2.709000,7
15,86,2.043000,5
15,87,2.246000,5
15,88,2.122000,6
15,89,2.334000,5
15,90,2.568000,5
15,91,2.428000,5
15,92,2.725000,6
15,93,2.499000,6
15,94,2.533000,6
15,95,1.497000,6
15,96,0.713000,6
16,1,2.269000,7
16,2,2.090000,5
16,3,2.057000,6
16,4,2.080000,6
16,5,2.018000,6
16,6,2.132000,6
16,7,2.768000,6
16,8,2.364000,6
16,9,2.655000,6
16,10,1.906000,5
16,11,1.927000,5
16,12,1.902000,6
16,13,2.186000,6
16,14,1.845000,5
16,15,2.525000,6
16,16,2.729000,6
16,17,2.180000,5
16,18,2.099000,6
16,19,2.502000,6
16,20,2.170000,5
16,21,2.101000,6
16,22,2.517000,6
16,23,1.897000,5
16,24,1.833000,5
16,25,1.611000,5
16,26,1.882000,6
16,27,2.331000,6
16,28,1.877000,5
16,29,1.911000,5
16,30,1.859000,6
16,31,2.470000,6
16,32,3.047000,6
16,33,2.452000,5
16,34,2.337000,5
16,35,2.356000,5
16,36,1.234000,5
16,37,2.115000,5
16,38,2.591000,9
16,39,3.689000,12
16,40,2.417000,9
16,41,2.519000,9
16,42,0.440000,12
16,43,3.007000,10
16,44,3.729000,11
16,45,2.785000,10
16,46,2.875000,10
16,47,1.680000,10
16,48,0.397000,10
16,49,2.660000,10
16,50,2.611000,9
16,51,2.897000,9
16,52,2.129000,9
16,53,2.264000,9
16,54,1.737000,10
16,55,2.660000,9
16,56,2.745000,7
16,57,2.479000,7
16,58,2.517000,7
16,59,2.205000,7
16,60,1.383000,7
16,61,2.354000,7
16,62,2.743000,7
16,63,1.596000,4
16,64,2.027000,6
16,65,1.849000,5
16,66,1.163000,6
16,67,1.775000,5
16,68,2.011000,6
16,69,2.145000,6
16,70,2.097000,6
16,71,1.959000,6
16,72,2.657000,5
16,73,2.256000,5
16,74,2.344000,5
16,75,1.852000,5
16,76,2.325000,5
16,77,2.746000,5
16,78,1.914000,5
16,79,2.009000,5
16,80,2.478000,6
16,81,2.760000,7
16,82,2.187000,6
16,83,2.622000,6
16,84,1.265000,6
16,85,2.295000,6
16,86,2.785000,6
16,87,2.337000,6
16,88,2.399000,6
16,89,2.332000,5
16,90,1.393000,6
16,91,2.411000,6
16,92,2.581000,5
16,93,2.815000,6
16,94,2.279000,6
16,95,2.600000,6
16,96,1.652000,6
17,1,2.769000,7
17,2,2.213000,6
17,3,2.671000,6
17,4,2.592000,6
17,5,2.622000,5
17,6,3.250000,6
17,7,2.534000,6
17,8,2.586000,6
17,9,2.390000,6
17,10,2.580000,5
17,11,2.889000,5
17,12,3.274000,6
17,13,2.012000,5
17,14,2.050000,5
17,15,2.336000,6
17,16,2.036000,6
17,17,3.422000,6
17,18,3.678000,6
17,19,1.994000,5
17,20,2.665000,6
17,21,2.064000,6
17,22,2.193000,6
17,23,2.727000,6
17,24,3.498000,6
17,25,1.804000,5
17,26,1.918000,6
17,27,2.043000,6
17,28,2.365000,5
17,29,2.447000,6
17,30,2.658000,5
17,31,2.736000,6
17,32,1.822000,5
17,33,1.817000,5
17,34,2.540000,7
17,35,2.335000,5
17,36,3.107000,6
17,37,2.216000,6
17,38,2.283000,5
17,39,3.371000,11
17,40,3.472000,9
17,41,3.327000,7
17,42,2.193000,12
17,43,3.863000,15
17,44,3.289000,11
17,45,4.512000,10
17,46,3.961000,10
17,47,1.225000,10
17,48,0.227000,10
17,49,2.983000,10
17,50,2.424000,7
17,51,2.457000,9
17,52,3.347000,9
17,53,3.831000,9
17,54,1.646000,9
17,55,3.000000,9
17,56,2.119000,7
17,57,2.265000,7
17,58,2.573000,7
17,59,3.150000,7
17,60,3.465000,7
17,61,2.218000,7
17,62,2.003000,7
17,63,1.565000,4
17,64,2.612000,6
17,65,3.408000,6
17,66,2.308000,6
17,67,2.998000,7
17,68,2.486000,6
17,69,2.494000,7
17,70,2.419000,6
17,71,3.531000,6
17,72,2.460000,5
17,73,2.552000,5
17,74,1.965000,5
17,75,2.031000,5
17,76,2.114000,5
17,77,2.693000,5
17,78,3.506000,5
17,79,2.215000,5
17,80,3.286000,7
17,81,2.397000,6
17,82,3.692000,7
17,83,2.965000,6
17,84,1.754000,6
17,85,2.549000,6
17,86,2.424000,6
17,87,2.515000,5
17,88,2.865000,6
17,89,2.598000,5
17,90,3.269000,6
17,91,2.518000,6
17,92,1.974000,6
17,93,2.096000,6
17,94,2.705000,6
17,95,3.223000,6
17,96,3.294000,6
18,1,3.593000,9
18,2,2.076000,6
18,3,4.153000,6
18,4,3.361000,6
18,5,3.963000,6
18,6,1.703000,5
18,7,2.580000,6
18,8,2.562000,6
18,9,3.419000,6
18,10,3.366000,6
18,11,3.015000,6
18,12,2.597000,6
18,13,2.152000,5
18,14,2.068000,5
18,15,2.836000,6
18,16,3.636000,5
18,17,3.027000,6
18,18,3.670000,6
18,19,2.588000,6
18,20,2.984000,6
18,21,3.792000,6
18,22,4.188000,6
18,23,3.817000,6
18,24,1.628000,6
18,25,2.162000,6
18,26,2.101000,6
18,27,2.330000,5
18,28,3.000000,5
18,29,3.764000,6
18,30,3.578000,5
18,31,2.429000,6
18,32,1.992000,5
18,33,3.407000,7
18,34,3.992000,7
18,35,3.519000,5
18,36,2.309000,5
18,37,2.162000,6
18,38,1.862000,5
18,39,4.619000,11
18,40,3.463000,9
18,41,3.912000,10
18,42,2.645000,12
18,43,3.649000,15
18,44,4.130000,11
18,45,3.904000,10
18,46,4.281000,10
18,47,2.387000,10
18,48,0.226000,10
18,49,3.158000,10
18,50,3.154000,9
18,51,3.328000,9
18,52,3.659000,9
18,53,4.207000,9
18,54,1.679000,7
18,55,2.801000,9
18,56,2.299000,7
18,57,2.953000,7
18,58,2.790000,7
18,59,2.845000,7
18,60,1.460000,7
18,61,2.154000,7
18,62,2.178000,7
18,63,4.870000,10
18,64,2.904000,6
18,65,3.133000,6
18,66,3.266000,6
18,67,2.301000,5
18,68,2.377000,6
18,69,3.078000,6
18,70,4.369000,7
18,71,2.962000,6
18,72,2.398000,5
18,73,2.450000,6
18,74,2.429000,6
18,75,2.877000,6
18,76,2.966000,5
18,77,2.328000,5
18,78,3.463000,6
18,79,1.920000,6
18,80,2.524000,6
18,81,3.388000,6
18,82,3.391000,7
18,83,3.175000,6
18,84,1.331000,6
18,85,2.545000,7
18,86,2.439000,6
18,87,3.490000,6
18,88,3.982000,6
18,89,4.103000,6
18,90,2.091000,5
18,91,2.457000,6
18,92,2.435000,6
18,93,2.818000,6
18,94,3.536000,6
18,95,3.759000,6
18,96,2.444000,5
19,1,3.069000,7
19,2,2.804000,6
19,3,1.978000,6
19,4,3.465000,6
19,5,2.163000,6
19,6,1.008000,6
19,7,1.876000,5
19,8,2.583000,6
19,9,1.956000,6
19,10,2.626000,6
19,11,2.234000,6
19,12,2.497000,5
19,13,2.555000,5
19,14,2.477000,5
19,15,2.319000,6
19,16,1.793000,5
19,17,2.772000,6
19,18,1.975000,6
19,19,2.862000,6
19,20,3.094000,6
19,21,2.086000,6
19,22,2.558000,6
19,23,2.517000,6
19,24,1.694000,6
19,25,2.334000,6
19,26,2.075000,6
19,27,1.939000,5
19,28,2.440000,6
19,29,2.481000,5
19,30,2.296000,5
19,31,2.118000,6
19,32,1.930000,5
19,33,2.780000,6
19,34,2.934000,6
19,35,1.824000,5
19,36,1.979000,5
19,37,2.110000,6
19,38,1.443000,4
19,39,4.210000,11
19,40,2.425000,9
19,41,3.222000,11
19,42,1.334000,12
19,43,3.666000,15
19,44,3.481000,11
19,45,2.943000,10
19,46,2.774000,10
19,47,2.071000,10
19,48,0.409000,10
19,49,2.933000,10
19,50,2.945000,9
19,51,2.537000,9
19,52,2.451000,9
19,53,2.711000,9
19,54,1.420000,10
19,55,2.273000,7
19,56,2.799000,7
19,57,2.046000,7
19,58,2.087000,7
19,59,2.957000,7
19,60,0.631000,7
19,61,2.554000,7
19,62,2.967000,7
19,63,2.647000,8
19,64,2.281000,6
19,65,2.233000,6
19,66,1.726000,6
19,67,1.892000,5
19,68,2.268000,6
19,69,2.369000,6
19,70,2.384000,6
19,71,2.499000,6
19,72,2.536000,6
19,73,2.558000,6
19,74,2.314000,7
19,75,2.739000,7
19,76,2.780000,7
19,77,2.350000,6
19,78,1.729000,7
19,79,2.359000,7
19,80,2.978000,6
19,81,2.893000,6
19,82,2.038000,6
19,83,2.881000,7
19,84,1.591000,6
19,85,2.807000,6
19,86,2.053000,5
19,87,1.938000,5
19,88,2.665000,5
19,89,3.012000,6
19,90,1.618000,5
19,91,2.730000,6
19,92,2.526000,5
19,93,1.975000,6
19,94,2.895000,6
19,95,2.365000,6
19,96,1.721000,6
20,1,3.004000,7
20,2,2.493000,6
20,3,2.246000,6
20,4,2.770000,6
20,5,2.464000,6
20,6,2.133000,6
20,7,2.679000,6
20,8,2.899000,6
20,9,2.332000,6
20,10,1.715000,6
20,11,2.515000,6
20,12,1.905000,5
20,13,2.442000,6
20,14,2.604000,5
20,15,2.858000,6
20,16,2.678000,6
20,17,2.824000,6
20,18,1.262000,6
20,19,2.270000,6
20,20,2.549000,6
20,21,3.008000,6
20,22,1.908000,6
20,23,2.163000,6
20,24,2.360000,6
20,25,2.277000,6
20,26,2.168000,6
20,27,1.855000,5
20,28,2.441000,6
20,29,2.310000,5
20,30,1.110000,6
20,31,2.484000,6
20,32,2.369000,5
20,33,2.768000,6
20,34,2.131000,6
20,35,2.877000,6
20,36,1.759000,5
20,37,2.272000,6
20,38,1.325000,5
20,39,4.052000,11
20,40,2.466000,9
20,41,2.671000,9
20,42,1.453000,12
20,43,3.452000,15
20,44,3.355000,11
20,45,2.737000,10
20,46,2.794000,10
20,47,2.312000,10
20,48,0.469000,10
20,49,2.487000,10
20,50,3.157000,9
20,51,2.583000,9
20,52,2.557000,9
20,53,2.674000,9
20,54,0.810000,9
20,55,2.271000,7
20,56,2.019000,7
20,57,2.477000,7
20,58,2.015000,7
20,59,2.214000,7
20,60,2.359000,7
20,61,2.079000,7
20,62,2.221000,7
20,63,2.781000,8
20,64,2.095000,6
20,65,2.128000,5
20,66,1.896000,5
20,67,2.267000,6
20,68,1.604000,5
20,69,1.755000,6
20,70,2.284000,6
20,71,2.334000,6
20,72,2.709000,6
20,73,2.680000,6
20,74,2.170000,6
20,75,2.827000,6
20,76,1.874000,6
20,77,2.493000,6
20,78,2.048000,6
20,79,2.009000,6
20,80,2.434000,6
20,81,2.354000,6
20,82,2.361000,6
20,83,1.992000,6
20,84,2.535000,6
20,85,2.487000,6
20,86,2.189000,6
20,87,2.280000,5
20,88,1.876000,5
20,89,2.200000,6
20,90,2.230000,5
20,91,2.274000,6
20,92,2.520000,5
20,93,2.945000,6
20,94,2.305000,6
20,95,2.806000,7
20,96,1.994000,7
21,1,2.239000,7
21,2,2.224000,6
21,3,2.018000,6
21,4,2.227000,6
21,5,2.390000,5
21,6,2.215000,5
21,7,2.389000,5
21,8,1.743000,5
21,9,1.561000,5
21,10,2.401000,5
21,11,1.920000,5
21,12,2.224000,6
21,13,1.981000,5
21,14,1.879000,6
21,15,2.366000,6
21,16,2.531000,6
21,17,2.379000,6
21,18,2.197000,6
21,19,1.886000,5
21,20,1.652000,5
21,21,1.679000,5
21,22,2.091000,6
21,23,1.764000,5
21,24,2.617000,6
21,25,2.146000,6
21,26,2.881000,6
21,27,2.457000,6
21,28,2.603000,6
21,29,1.699000,6
21,30,1.687000,6
21,31,2.600000,6
21,32,2.034000,6
21,33,2.495000,6
21,34,2.437000,5
21,35,2.129000,6
21,36,1.393000,6
21,37,2.389000,6
21,38,2.222000,6
21,39,2.843000,10
21,40,2.491000,7
21,41,2.077000,7
21,42,1.829000,10
21,43,3.699000,16
21,44,3.565000,12
21,45,4.084000,15
21,46,2.583000,15
21,47,0.424000,7
21,48,0.150000,7
21,49,1.970000,7
21,50,2.647000,7
21,51,2.138000,7
21,52,2.374000,7
21,53,2.045000,7
21,54,1.832000,7
21,55,2.090000,7
21,56,2.078000,7
21,57,1.939000,7
21,58,1.404000,7
21,59,2.604000,7
21,60,1.873000,7
21,61,2.207000,7
21,62,1.965000,7
21,63,1.939000,6
21,64,1.871000,7
21,65,1.382000,5
21,66,0.394000,5
21,67,2.389000,7
21,68,2.853000,7
21,69,2.145000,6
21,70,2.317000,6
21,71,2.093000,6
21,72,1.578000,6
21,73,2.381000,6
21,74,1.769000,5
21,75,2.420000,6
21,76,2.104000,6
21,77,2.250000,6
21,78,2.130000,6
21,79,2.404000,6
21,80,2.403000,5
21,81,2.234000,6
21,82,2.304000,7
21,83,2.459000,6
21,84,1.572000,6
21,85,2.384000,6
21,86,2.222000,5
21,87,1.642000,5
21,88,1.754000,5
21,89,1.399000,5
21,90,1.829000,6
21,91,1.917000,5
21,92,1.941000,6
21,93,2.265000,6
21,94,3.230000,7
21,95,4.577000,28
21,96,0.432000,7
22,1,2.613000,7
22,2,2.657000,6
22,3,2.503000,6
22,4,1.850000,6
22,5,2.576000,6
22,6,2.155000,6
22,7,2.155000,5
22,8,2.095000,5
22,9,1.815000,6
22,10,2.535000,6
22,11,1.902000,6
22,12,2.346000,5
22,13,2.656000,6
22,14,2.144000,5
22,15,2.249000,6
22,16,1.410000,5
22,17,1.965000,6
22,18,2.433000,6
22,19,2.395000,5
22,20,2.543000,6
22,21,2.241000,6
22,22,1.872000,6
22,23,2.208000,6
22,24,2.456000,6
22,25,2.353000,6
22,26,2.642000,6
22,27,2.740000,6
22,28,2.055000,5
22,29,2.232000,5
22,30,1.935000,6
22,31,2.663000,6
22,32,2.605000,6
22,33,2.134000,5
22,34,1.965000,5
22,35,2.326000,6
22,36,1.989000,6
22,37,2.347000,6
22,38,2.253000,7
22,39,3.319000,10
22,40,3.500000,15
22,41,2.323000,7
22,42,0.876000,10
22,43,4.791000,16
22,44,3.690000,12
22,45,3.740000,15
22,46,2.583000,16
22,47,0.300000,17
22,48,0.280000,18
22,49,2.174000,7
22,50,2.417000,7
22,51,2.235000,7
22,52,2.373000,7
22,53,2.452000,7
22,54,1.961000,7
22,55,2.150000,7
22,56,2.756000,7
22,57,2.163000,7
22,58,2.431000,7
22,59,1.874000,7
22,60,0.609000,7
22,61,2.960000,7
22,62,2.229000,7
22,63,2.871000,6
22,64,2.086000,7
22,65,1.941000,5
22,66,1.852000,5
22,67,1.914000,5
22,68,2.574000,6
22,69,1.962000,6
22,70,2.570000,6
22,71,2.614000,6
22,72,1.471000,5
22,73,1.881000,5
22,74,2.790000,6
22,75,2.411000,6
22,76,2.249000,5
22,77,2.575000,5
22,78,1.834000,6
22,79,2.155000,5
22,80,2.178000,6
22,81,1.768000,6
22,82,1.970000,6
22,83,2.186000,7
22,84,2.391000,7
22,85,3.437000,7
22,86,1.840000,5
22,87,2.038000,5
22,88,1.992000,5
22,89,1.999000,5
22,90,2.082000,5
22,91,2.344000,5
22,92,2.937000,6
22,93,1.831000,5
22,94,2.031000,6
22,95,3.746000,16
22,96,1.712000,6
23,1,2.489000,7
23,2,2.260000,6
23,3,1.345000,5
23,4,1.448000,6
23,5,1.736000,5
23,6,1.301000,6
23,7,2.232000,6
23,8,2.506000,5
23,9,1.576000,5
23,10,2.074000,6
23,11,1.493000,6
23,12,1.701000,5
23,13,2.488000,6
23,14,2.506000,6
23,15,1.710000,6
23,16,2.074000,6
23,17,2.049000,6
23,18,1.189000,6
23,19,2.252000,6
23,20,2.675000,6
23,21,1.879000,6
23,22,2.104000,6
23,23,1.969000,6
23,24,1.239000,6
23,25,2.667000,6
23,26,2.665000,6
23,27,1.693000,6
23,28,1.901000,6
23,29,2.157000,6
23,30,1.325000,6
23,31,2.672000,6
23,32,2.485000,5
23,33,1.986000,6
23,34,1.640000,6
23,35,1.745000,5
23,36,1.000000,6
23,37,2.156000,5
23,38,2.594000,7
23,39,2.125000,10
23,40,3.474000,15
23,41,1.588000,7
23,42,0.792000,10
23,43,2.488000,7
23,44,3.114000,11
23,45,3.823000,15
23,46,2.817000,15
23,47,0.637000,17
23,48,0.212000,18
23,49,2.667000,7
23,50,2.084000,7
23,51,4.207000,18
23,52,3.436000,18
23,53,0.365000,7
23,54,0.160000,7
23,55,2.487000,7
23,56,2.268000,7
23,57,2.194000,7
23,58,1.455000,7
23,59,2.119000,7
23,60,1.369000,7
23,61,2.493000,7
23,62,2.109000,7
23,63,1.522000,5
23,64,1.678000,7
23,65,2.060000,6
23,66,1.502000,6
23,67,2.488000,6
23,68,3.163000,9
23,69,2.316000,7
23,70,1.979000,7
23,71,1.611000,6
23,72,0.901000,6
23,73,2.493000,6
23,74,1.936000,5
23,75,1.941000,5
23,76,2.110000,6
23,77,1.518000,6
23,78,1.834000,6
23,79,2.669000,6
23,80,2.211000,6
23,81,1.833000,6
23,82,1.898000,6
23,83,2.123000,6
23,84,1.261000,6
23,85,2.667000,6
23,86,2.635000,6
23,87,1.570000,5
23,88,1.688000,5
23,89,1.451000,5
23,90,0.999000,5
23,91,2.661000,6
23,92,2.483000,6
23,93,1.711000,6
23,94,1.979000,6
23,95,3.377000,18
23,96,0.559000,7
24,1,1.629000,7
24,2,1.504000,6
24,3,1.682000,5
24,4,1.057000,5
24,5,1.690000,6
24,6,1.953000,5
24,7,0.931000,5
24,8,1.275000,6
24,9,1.194000,6
24,10,1.198000,5
24,11,1.070000,5
24,12,1.714000,6
24,13,1.351000,6
24,14,1.757000,6
24,15,1.656000,6
24,16,1.890000,6
24,17,2.424000,6
24,18,1.296000,5
24,19,1.544000,6
24,20,1.381000,6
24,21,1.597000,6
24,22,1.747000,5
24,23,1.908000,5
24,24,1.210000,5
24,25,1.413000,6
24,26,1.287000,5
24,27,1.640000,6
24,28,1.310000,6
24,29,1.452000,6
24,30,2.081000,6
24,31,1.488000,6
24,32,1.952000,6
24,33,1.324000,6
24,34,2.203000,6
24,35,2.061000,6
24,36,1.373000,6
24,37,1.172000,6
24,38,2.151000,6
24,39,2.114000,10
24,40,3.390000,15
24,41,0.351000,7
24,42,0.338000,10
24,43,2.449000,7
24,44,2.396000,11
24,45,3.103000,15
24,46,0.945000,15
24,47,0.599000,18
24,48,0.215000,18
24,49,1.991000,7
24,50,1.962000,7
24,51,3.928000,18
24,52,2.733000,18
24,53,0.326000,7
24,54,0.347000,7
24,55,1.725000,7
24,56,1.992000,7
24,57,1.401000,7
24,58,1.543000,7
24,59,2.100000,7
24,60,1.727000,7
24,61,2.083000,7
24,62,1.611000,7
24,63,1.541000,6
24,64,1.890000,7
24,65,1.601000,4
24,66,1.220000,4
24,67,1.469000,6
24,68,1.718000,7
24,69,2.006000,6
24,70,1.599000,7
24,71,1.877000,6
24,72,1.236000,6
24,73,1.704000,6
24,74,1.796000,6
24,75,1.520000,6
24,76,1.640000,6
24,77,2.081000,6
24,78,1.379000,6
24,79,1.350000,4
24,80,1.266000,6
24,81,1.358000,6
24,82,1.460000,6
24,83,1.842000,6
24,84,2.120000,6
24,85,1.349000,6
24,86,1.451000,6
24,87,1.061000,5
24,88,1.738000,5
24,89,1.041000,5
24,90,2.195000,5
24,91,2.080000,6
24,92,1.351000,6
24,93,1.459000,6
24,94,1.421000,6
24,95,2.935000,8
24,96,1.157000,7
25,1,2.090000,8
25,2,2.300000,6
25,3,1.178000,6
25,4,1.380000,6
25,5,1.380000,6
25,6,0.759000,6
25,7,1.627000,6
25,8,1.528000,6
25,9,1.678000,6
25,10,1.129000,6
25,11,1.666000,6
25,12,1.576000,6
25,13,1.392000,5
25,14,1.359000,6
25,15,1.860000,6
25,16,1.641000,6
25,17,1.340000,6
25,18,1.447000,6
25,19,1.552000,6
25,20,1.650000,5
25,21,2.552000,6
25,22,1.886000,6
25,23,1.649000,6
25,24,0.718000,5
25,25,1.184000,5
25,26,1.572000,6
25,27,1.677000,6
25,28,1.522000,6
25,29,1.371000,6
25,30,1.283000,6
25,31,1.553000,5
25,32,1.112000,6
25,33,1.288000,6
25,34,1.741000,6
25,35,1.719000,6
25,36,0.939000,6
25,37,1.548000,6
25,38,5.115000,26
25,39,2.768000,10
25,40,0.795000,7
25,41,0.401000,7
25,42,0.395000,10
25,43,1.593000,8
25,44,2.710000,11
25,45,1.679000,7
25,46,1.959000,8
25,47,2.398000,17
25,48,0.635000,17
25,49,2.423000,7
25,50,2.222000,7
25,51,2.045000,7
25,52,1.538000,7
25,53,1.567000,18
25,54,0.317000,7
25,55,2.510000,7
25,56,2.383000,7
25,57,1.944000,7
25,58,1.646000,7
25,59,1.300000,7
25,60,0.731000,7
25,61,1.545000,7
25,62,2.123000,7
25,63,1.381000,5
25,64,1.778000,7
25,65,1.103000,5
25,66,1.118000,5
25,67,1.089000,4
25,68,1.188000,5
25,69,1.327000,5
25,70,1.271000,6
25,71,1.910000,8
25,72,1.646000,6
25,73,1.297000,5
25,74,1.486000,6
25,75,1.588000,6
25,76,1.603000,5
25,77,2.590000,6
25,78,1.266000,6
25,79,1.538000,6
25,80,1.682000,6
25,81,1.644000,6
25,82,1.475000,6
25,83,1.732000,6
25,84,1.302000,6
25,85,1.544000,5
25,86,1.789000,5
25,87,1.684000,6
25,88,1.427000,5
25,89,1.743000,5
25,90,1.450000,5
25,91,1.410000,6
25,92,1.739000,6
25,93,1.689000,6
25,94,2.556000,6
25,95,2.129000,14
25,96,0.558000,7
26,1,2.056000,7
26,2,1.134000,6
26,3,1.851000,5
26,4,1.415000,5
26,5,1.944000,6
26,6,1.088000,6
26,7,1.671000,6
26,8,1.053000,5
26,9,1.537000,6
26,10,1.993000,6
26,11,1.446000,6
26,12,1.098000,6
26,13,1.464000,6
26,14,1.782000,6
26,15,1.581000,6
26,16,1.703000,6
26,17,1.596000,6
26,18,1.171000,6
26,19,1.461000,6
26,20,2.107000,6
26,21,1.933000,6
26,22,1.739000,6
26,23,1.494000,6
26,24,1.111000,6
26,25,1.619000,6
26,26,1.228000,5
26,27,1.403000,6
26,28,1.925000,6
26,29,1.307000,6
26,30,1.271000,6
26,31,1.607000,6
26,32,2.028000,6
26,33,1.791000,6
26,34,1.656000,6
26,35,0.936000,5
26,36,0.944000,5
26,37,1.755000,5
26,38,2.276000,7
26,39,1.943000,9
26,40,1.972000,7
26,41,1.363000,7
26,42,1.150000,10
26,43,2.348000,8
26,44,2.858000,12
26,45,2.049000,8
26,46,1.882000,8
26,47,1.256000,8
26,48,0.215000,8
26,49,2.601000,8
26,50,2.050000,8
26,51,2.018000,8
26,52,1.509000,7
26,53,1.059000,7
26,54,0.573000,7
26,55,2.043000,7
26,56,1.603000,7
26,57,1.656000,7
26,58,1.517000,7
26,59,1.859000,7
26,60,1.190000,7
26,61,1.619000,7
26,62,2.170000,7
26,63,1.294000,5
26,64,1.756000,8
26,65,0.788000,4
26,66,0.383000,6
26,67,1.815000,8
26,68,1.593000,6
26,69,1.504000,6
26,70,1.586000,6
26,71,1.177000,6
26,72,1.182000,5
26,73,2.393000,7
26,74,1.412000,6
26,75,2.161000,6
26,76,2.431000,9
26,77,1.339000,5
26,78,0.528000,5
26,79,2.039000,5
26,80,2.236000,5
26,81,1.335000,6
26,82,1.817000,5
26,83,1.572000,5
26,84,0.884000,6
26,85,1.355000,5
26,86,1.648000,5
26,87,1.861000,5
26,88,1.600000,5
26,89,1.160000,5
26,90,1.450000,6
26,91,1.604000,5
26,92,1.523000,6
26,93,1.716000,5
26,94,1.518000,6
26,95,2.787000,16
26,96,1.016000,7
27,1,1.121000,6
27,2,1.229000,6
27,3,1.721000,6
27,4,1.524000,5
27,5,1.266000,5
27,6,1.448000,6
27,7,1.901000,6
27,8,1.593000,6
27,9,1.239000,5
27,10,1.639000,6
27,11,1.262000,6
27,12,0.593000,6
27,13,1.751000,6
27,14,1.717000,6
27,15,2.154000,6
27,16,1.204000,5
27,17,1.499000,6
27,18,1.222000,6
27,19,2.495000,6
27,20,1.645000,6
27,21,2.549000,6
27,22,1.734000,6
27,23,0.865000,6
27,24,0.456000,6
27,25,1.388000,6
27,26,1.488000,6
27,27,1.511000,6
27,28,1.551000,6
27,29,1.532000,6
27,30,1.291000,6
27,31,1.901000,6
27,32,1.593000,6
27,33,1.809000,6
27,34,1.929000,6
27,35,1.228000,6
27,36,1.208000,6
27,37,1.687000,6
27,38,2.422000,8
27,39,1.849000,9
27,40,1.672000,7
27,41,1.397000,8
27,42,0.649000,10
27,43,1.908000,8
27,44,2.738000,10
27,45,2.242000,8
27,46,1.753000,8
27,47,1.277000,8
27,48,0.611000,8
27,49,1.616000,8
27,50,2.017000,8
27,51,1.990000,8
27,52,1.688000,8
27,53,1.150000,7
27,54,0.773000,7
27,55,1.645000,7
27,56,1.551000,7
27,57,2.084000,7
27,58,1.407000,7
27,59,1.418000,7
27,60,1.122000,7
27,61,1.996000,7
27,62,2.172000,7
27,63,1.380000,5
27,64,1.194000,5
27,65,1.495000,4
27,66,0.904000,4
27,67,1.218000,5
27,68,1.117000,5
27,69,1.510000,4
27,70,1.766000,5
27,71,1.428000,6
27,72,1.391000,6
27,73,1.901000,6
27,74,1.307000,6
27,75,1.756000,6
27,76,1.273000,6
27,77,1.565000,5
27,78,1.383000,6
27,79,1.903000,6
27,80,1.570000,5
27,81,1.498000,4
27,82,1.256000,4
27,83,1.580000,5
27,84,1.383000,5
27,85,1.177000,5
27,86,1.010000,5
27,87,1.208000,5
27,88,1.848000,5
27,89,1.343000,5
27,90,1.389000,5
27,91,1.637000,5
27,92,1.182000,6
27,93,1.763000,6
27,94,1.828000,6
27,95,3.078000,17
27,96,0.643000,7
28,1,1.974000,6
28,2,1.292000,6
28,3,1.560000,6
28,4,1.335000,6
28,5,1.001000,5
28,6,1.319000,5
28,7,1.781000,5
28,8,1.951000,6
28,9,1.519000,6
28,10,2.114000,6
28,11,1.474000,5
28,12,0.821000,6
28,13,1.551000,6
28,14,1.811000,6
28,15,1.393000,6
28,16,1.222000,6
28,17,1.752000,6
28,18,1.678000,6
28,19,1.229000,6
28,20,1.893000,6
28,21,1.781000,6
28,22,2.033000,6
28,23,1.901000,6
28,24,1.124000,6
28,25,1.568000,6
28,26,2.091000,6
28,27,1.768000,6
28,28,1.766000,6
28,29,1.594000,5
28,30,1.029000,6
28,31,2.163000,6
28,32,1.302000,6
28,33,1.317000,6
28,34,1.683000,6
28,35,1.603000,6
28,36,0.807000,5
28,37,2.102000,5
28,38,1.759000,7
28,39,2.144000,9
28,40,2.197000,7
28,41,1.408000,7
28,42,0.873000,10
28,43,2.628000,8
28,44,2.719000,11
28,45,2.193000,8
28,46,1.680000,8
28,47,0.952000,8
28,48,0.095000,8
28,49,2.226000,8
28,50,2.068000,8
28,51,1.929000,8
28,52,1.885000,8
28,53,1.061000,7
28,54,0.596000,8
28,55,1.533000,7
28,56,1.942000,7
28,57,1.728000,7
28,58,1.623000,7
28,59,1.752000,7
28,60,1.204000,7
28,61,2.074000,7
28,62,1.596000,7
28,63,1.467000,6
28,64,1.596000,5
28,65,1.657000,6
28,66,1.460000,7
28,67,1.781000,6
28,68,1.946000,7
28,69,1.402000,7
28,70,1.612000,7
28,71,1.734000,4
28,72,0.583000,6
28,73,1.501000,6
28,74,1.343000,6
28,75,1.340000,6
28,76,0.767000,4
28,77,1.801000,6
28,78,1.720000,6
28,79,1.311000,5
28,80,1.843000,6
28,81,1.869000,6
28,82,1.246000,5
28,83,1.853000,4
28,84,0.897000,4
28,85,1.788000,5
28,86,1.518000,5
28,87,1.820000,5
28,88,1.676000,5
28,89,1.598000,5
28,90,1.297000,5
28,91,1.625000,5
28,92,1.167000,5
28,93,1.498000,6
28,94,1.612000,6
28,95,3.255000,16
28,96,0.663000,7
29,1,1.489000,6
29,2,1.430000,5
29,3,1.780000,6
29,4,1.739000,6
29,5,1.884000,6
29,6,0.987000,5
29,7,1.139000,5
29,8,1.187000,6
29,9,1.240000,5
29,10,1.699000,6
29,11,1.324000,6
29,12,1.736000,5
29,13,1.799000,6
29,14,1.929000,6
29,15,1.676000,6
29,16,1.235000,5
29,17,1.420000,6
29,18,0.819000,6
29,19,1.808000,6
29,20,1.284000,6
29,21,1.944000,6
29,22,1.352000,6
29,23,1.489000,6
29,24,1.438000,6
29,25,1.801000,6
29,26,1.766000,6
29,27,1.680000,6
29,28,1.833000,6
29,29,1.282000,6
29,30,0.716000,6
29,31,1.056000,6
29,32,1.329000,6
29,33,1.546000,6
29,34,1.682000,6
29,35,1.213000,6
29,36,1.425000,6
29,37,1.584000,6
29,38,2.154000,8
29,39,2.308000,9
29,40,1.668000,7
29,41,0.220000,7
29,42,0.283000,10
29,43,1.593000,8
29,44,1.958000,11
29,45,1.789000,8
29,46,1.901000,8
29,47,1.816000,23
29,48,0.422000,22
29,49,2.038000,8
29,50,2.139000,8
29,51,1.854000,8
29,52,1.721000,7
29,53,1.439000,7
29,54,0.676000,7
29,55,1.968000,7
29,56,1.599000,7
29,57,1.642000,7
29,58,1.772000,7
29,59,1.805000,7
29,60,1.052000,7
29,61,2.092000,7
29,62,1.759000,7
29,63,1.175000,5
29,64,1.747000,8
29,65,1.484000,4
29,66,1.070000,5
29,67,1.081000,4
29,68,1.163000,5
29,69,1.747000,6
29,70,2.263000,6
29,71,1.754000,6
29,72,0.821000,4
29,73,1.325000,4
29,74,1.545000,4
29,75,1.084000,4
29,76,1.911000,6
29,77,1.472000,5
29,78,1.314000,4
29,79,1.511000,6
29,80,1.722000,4
29,81,1.188000,4
29,82,1.223000,6
29,83,2.006000,6
29,84,1.103000,5
29,85,1.320000,5
29,86,1.493000,5
29,87,1.455000,5
29,88,1.666000,5
29,89,1.337000,5
29,90,1.381000,5
29,91,1.418000,5
29,92,1.195000,5
29,93,1.139000,5
29,94,1.152000,5
29,95,3.345000,17
29,96,1.424000,7
30,1,1.626000,6
30,2,1.836000,5
30,3,1.818000,6
30,4,1.162000,5
30,5,1.478000,6
30,6,1.501000,6
30,7,1.650000,6
30,8,1.406000,6
30,9,1.458000,6
30,10,1.811000,6
30,11,1.276000,6
30,12,0.567000,6
30,13,1.607000,6
30,14,1.610000,6
30,15,1.807000,6
30,16,1.537000,6
30,17,1.796000,6
30,18,1.280000,6
30,19,1.860000,6
30,20,1.608000,6
30,21,2.032000,6
30,22,1.796000,6
30,23,1.806000,6
30,24,0.922000,6
30,25,1.655000,6
30,26,1.860000,6
30,27,1.995000,6
30,28,1.186000,5
30,29,1.684000,6
30,30,1.452000,6
30,31,1.535000,6
30,32,1.823000,6
30,33,2.150000,6
30,34,1.764000,6
30,35,1.476000,6
30,36,1.093000,6
30,37,1.234000,4
30,38,2.754000,13
30,39,2.191000,9
30,40,3.662000,22
30,41,0.796000,8
30,42,0.166000,11
30,43,1.956000,8
30,44,2.101000,11
30,45,1.947000,8
30,46,2.085000,8
30,47,1.670000,8
30,48,0.792000,8
30,49,2.070000,8
30,50,1.915000,8
30,51,2.028000,7
30,52,1.898000,8
30,53,1.347000,7
30,54,1.242000,7
30,55,1.730000,7
30,56,1.770000,7
30,57,1.946000,7
30,58,1.540000,7
30,59,1.424000,7
30,60,1.513000,7
30,61,2.039000,7
30,62,1.631000,7
30,63,1.529000,5
30,64,1.291000,7
30,65,1.051000,4
30,66,1.040000,4
30,67,1.448000,6
30,68,1.427000,6
30,69,1.369000,6
30,70,1.301000,4
30,71,1.484000,6
30,72,1.578000,5
30,73,1.442000,5
30,74,1.015000,5
30,75,1.507000,5
30,76,1.560000,6
30,77,1.979000,6
30,78,1.754000,6
30,79,2.363000,6
30,80,1.900000,6
30,81,1.358000,6
30,82,1.912000,8
30,83,1.215000,6
30,84,0.822000,6
30,85,2.135000,5
30,86,1.246000,5
30,87,1.148000,5
30,88,1.348000,5
30,89,1.374000,5
30,90,1.434000,5
30,91,1.571000,5
30,92,1.487000,5
30,93,1.278000,5
30,94,2.064000,6
30,95,3.308000,17
30,96,0.871000,7
31,1,1.888000,7
31,2,1.439000,6
31,3,1.499000,5
31,4,1.561000,5
31,5,2.061000,6
31,6,1.413000,5
31,7,1.762000,6
31,8,1.598000,5
31,9,2.148000,6
31,10,1.519000,5
31,11,0.739000,5
31,12,0.566000,6
31,13,1.982000,6
31,14,2.130000,6
31,15,1.767000,6
31,16,1.285000,6
31,17,1.827000,5
31,18,1.704000,5
31,19,1.592000,6
31,20,1.373000,5
31,21,1.681000,5
31,22,1.563000,5
31,23,1.494000,5
31,24,1.563000,5
31,25,1.397000,6
31,26,1.252000,5
31,27,1.859000,6
31,28,1.678000,6
31,29,1.658000,5
31,30,1.242000,5
31,31,1.444000,5
31,32,1.900000,5
31,33,1.771000,5
31,34,1.425000,4
31,35,1.431000,5
31,36,1.804000,5
31,37,2.075000,6
31,38,3.606000,14
31,39,1.940000,9
31,40,3.050000,14
31,41,0.634000,7
31,42,0.404000,9
31,43,2.547000,7
31,44,2.282000,10
31,45,2.891000,15
31,46,3.028000,14
31,47,0.949000,14
31,48,0.505000,14
31,49,1.907000,7
31,50,3.239000,14
31,51,2.750000,13
31,52,2.028000,13
31,53,1.082000,14
31,54,0.570000,14
31,55,3.361000,13
31,56,1.651000,7
31,57,3.031000,12
31,58,2.234000,14
31,59,0.569000,7
31,60,0.729000,12
31,61,2.897000,12
31,62,2.179000,12
31,63,1.407000,5
31,64,1.737000,6
31,65,1.140000,4
31,66,1.289000,6
31,67,1.102000,4
31,68,1.169000,4
31,69,1.268000,4
31,70,1.314000,5
31,71,1.931000,6
31,72,1.384000,4
31,73,1.017000,4
31,74,1.872000,4
31,75,0.995000,4
31,76,4.097000,23
31,77,1.308000,4
31,78,1.358000,5
31,79,1.931000,6
31,80,1.871000,6
31,81,1.881000,6
31,82,1.671000,5
31,83,1.670000,5
31,84,1.385000,5
31,85,1.525000,5
31,86,1.817000,5
31,87,1.564000,4
31,88,1.576000,5
31,89,1.784000,5
31,90,1.506000,5
31,91,1.191000,5
31,92,1.701000,5
31,93,1.119000,5
31,94,1.219000,5
31,95,3.778000,16
31,96,1.262000,6
32,1,2.121000,7
32,2,1.898000,6
32,3,1.665000,6
32,4,1.956000,6
32,5,1.064000,5
32,6,0.907000,5
32,7,1.634000,5
32,8,1.424000,6
32,9,1.658000,5
32,10,1.387000,5
32,11,1.582000,6
32,12,1.060000,6
32,13,2.053000,6
32,14,1.634000,5
32,15,1.271000,6
32,16,1.969000,6
32,17,1.429000,6
32,18,1.183000,6
32,19,1.409000,6
32,20,1.331000,6
32,21,1.223000,5
32,22,1.225000,5
32,23,1.492000,6
32,24,1.363000,6
32,25,1.336000,6
32,26,1.625000,6
32,27,1.766000,6
32,28,1.195000,5
32,29,1.749000,6
32,30,1.263000,5
32,31,1.608000,5
32,32,1.920000,6
32,33,2.145000,6
32,34,1.826000,6
32,35,1.647000,6
32,36,1.065000,6
32,37,1.868000,6
32,38,3.175000,14
32,39,2.673000,10
32,40,2.183000,14
32,41,0.734000,7
32,42,0.457000,9
32,43,2.171000,8
32,44,3.321000,11
32,45,3.340000,14
32,46,1.452000,14
32,47,0.513000,14
32,48,0.147000,13
32,49,2.018000,7
32,50,3.411000,13
32,51,3.429000,14
32,52,1.775000,14
32,53,0.396000,7
32,54,0.328000,8
32,55,2.738000,14
32,56,1.658000,7
32,57,3.833000,14
32,58,1.791000,12
32,59,0.859000,12
32,60,0.437000,11
32,61,2.827000,11
32,62,2.416000,11
32,63,1.164000,5
32,64,1.805000,6
32,65,1.313000,5
32,66,0.751000,4
32,67,0.971000,4
32,68,1.049000,6
32,69,1.089000,4
32,70,0.942000,4
32,71,1.523000,5
32,72,1.303000,5
32,73,1.553000,5
32,74,1.557000,6
32,75,1.468000,5
32,76,2.661000,7
32,77,1.574000,5
32,78,1.156000,5
32,79,1.158000,5
32,80,1.256000,5
32,81,1.446000,5
32,82,4.519000,22
32,83,1.097000,5
32,84,0.659000,5
32,85,1.574000,4
32,86,1.966000,5
32,87,1.391000,5
32,88,1.317000,5
32,89,1.360000,5
32,90,1.330000,5
32,91,1.867000,5
32,92,1.667000,5
32,93,1.742000,6
32,94,1.327000,5
32,95,3.345000,16
32,96,0.643000,6
33,1,1.883000,7
33,2,2.022000,5
33,3,2.023000,5
33,4,1.789000,5
33,5,1.298000,6
33,6,0.971000,6
33,7,1.664000,5
33,8,1.450000,6
33,9,2.049000,6
33,10,1.856000,6
33,11,1.487000,6
33,12,1.315000,5
33,13,1.159000,6
33,14,1.690000,6
33,15,1.754000,6
33,16,1.985000,5
33,17,1.702000,6
33,18,1.612000,6
33,19,1.744000,5
33,20,1.772000,6
33,21,1.513000,5
33,22,1.582000,5
33,23,1.223000,5
33,24,1.449000,5
33,25,1.587000,5
33,26,1.482000,5
33,27,1.597000,6
33,28,1.767000,6
33,29,1.385000,6
33,30,1.652000,6
33,31,2.261000,6
33,32,1.912000,6
33,33,1.293000,4
33,34,1.375000,4
33,35,1.086000,4
33,36,1.130000,4
33,37,1.483000,4
33,38,3.055000,14
33,39,2.484000,9
33,40,2.980000,14
33,41,0.576000,7
33,42,0.494000,9
33,43,1.613000,7
33,44,2.796000,11
33,45,3.254000,14
33,46,2.279000,13
33,47,1.047000,13
33,48,0.526000,13
33,49,1.678000,7
33,50,3.047000,14
33,51,1.905000,7
33,52,2.922000,12
33,53,1.206000,14
33,54,0.335000,8
33,55,3.301000,14
33,56,3.559000,12
33,57,2.626000,11
33,58,1.208000,11
33,59,0.585000,11
33,60,0.402000,11
33,61,2.339000,8
33,62,1.896000,7
33,63,1.128000,5
33,64,1.687000,6
33,65,0.889000,4
33,66,1.238000,6
33,67,1.051000,5
33,68,1.117000,5
33,69,1.969000,5
33,70,2.136000,6
33,71,1.646000,5
33,72,1.117000,5
33,73,1.342000,5
33,74,1.084000,5
33,75,1.349000,5
33,76,3.854000,19
33,77,1.549000,5
33,78,0.768000,5
33,79,1.351000,5
33,80,1.684000,5
33,81,1.598000,5
33,82,2.247000,8
33,83,1.105000,5
33,84,0.398000,4
33,85,1.486000,5
33,86,1.323000,4
33,87,1.578000,6
33,88,1.800000,4
33,89,1.160000,4
33,90,1.708000,5
33,91,1.683000,5
33,92,1.593000,5
33,93,1.337000,5
33,94,1.722000,6
33,95,3.229000,16
33,96,0.596000,6
34,1,1.778000,6
34,2,1.952000,5
34,3,1.767000,5
34,4,1.588000,5
34,5,1.089000,5
34,6,1.184000,5
34,7,1.595000,6
34,8,1.744000,6
34,9,1.494000,6
34,10,1.434000,6
34,11,1.969000,6
34,12,1.677000,6
34,13,1.937000,6
34,14,1.591000,5
34,15,1.509000,6
34,16,1.573000,5
34,17,1.178000,5
34,18,1.270000,5
34,19,2.085000,6
34,20,1.614000,5
34,21,2.030000,5
34,22,1.062000,5
34,23,1.786000,5
34,24,1.505000,5
34,25,1.776000,6
34,26,1.398000,5
34,27,1.677000,5
34,28,1.402000,6
34,29,1.916000,6
34,30,1.579000,6
34,31,1.781000,6
34,32,1.700000,6
34,33,1.551000,4
34,34,1.364000,4
34,35,0.954000,4
34,36,1.186000,6
34,37,1.236000,6
34,38,2.891000,14
34,39,1.790000,8
34,40,3.129000,13
34,41,1.911000,7
34,42,1.290000,11
34,43,1.853000,7
34,44,2.825000,12
34,45,3.045000,14
34,46,2.887000,14
34,47,1.479000,14
34,48,0.499000,7
34,49,1.777000,7
34,50,2.556000,14
34,51,1.944000,7
34,52,2.304000,8
34,53,2.226000,14
34,54,0.962000,7
34,55,2.970000,11
34,56,2.820000,11
34,57,2.969000,11
34,58,1.788000,10
34,59,1.034000,7
34,60,0.784000,7
34,61,1.779000,7
34,62,3.275000,14
34,63,4.025000,22
34,64,2.665000,24
34,65,0.689000,7
34,66,1.066000,28
34,67,5.050000,28
34,68,5.132000,28
34,69,2.117000,26
34,70,1.035000,26
34,71,0.574000,25
34,72,0.393000,26
34,73,4.298000,25
34,74,4.128000,25
34,75,3.314000,25
34,76,1.051000,19
34,77,0.832000,27
34,78,0.568000,28
34,79,4.693000,24
34,80,1.296000,6
34,81,1.340000,5
34,82,1.909000,7
34,83,1.248000,5
34,84,0.670000,5
34,85,1.194000,4
34,86,1.115000,5
34,87,1.616000,6
34,88,1.313000,5
34,89,1.545000,5
34,90,1.353000,5
34,91,1.076000,5
34,92,1.771000,6
34,93,1.920000,6
34,94,1.298000,6
34,95,2.888000,16
34,96,1.165000,5
35,1,1.428000,6
35,2,1.651000,6
35,3,2.207000,6
35,4,1.055000,5
35,5,1.228000,5
35,6,1.064000,4
35,7,1.769000,5
35,8,1.938000,5
35,9,1.686000,6
35,10,1.472000,6
35,11,1.423000,5
35,12,0.986000,5
35,13,1.599000,6
35,14,1.380000,6
35,15,1.179000,6
35,16,1.336000,5
35,17,1.516000,5
35,18,1.338000,5
35,19,1.599000,6
35,20,1.645000,6
35,21,1.487000,6
35,22,1.874000,6
35,23,1.372000,6
35,24,1.445000,6
35,25,1.569000,6
35,26,1.405000,6
35,27,1.080000,5
35,28,1.853000,6
35,29,1.626000,6
35,30,1.698000,5
35,31,1.571000,6
35,32,1.572000,6
35,33,1.437000,6
35,34,1.869000,6
35,35,1.372000,6
35,36,1.156000,4
35,37,2.051000,8
35,38,2.493000,14
35,39,1.542000,7
35,40,3.052000,14
35,41,0.735000,7
35,42,1.143000,11
35,43,1.651000,7
35,44,2.767000,12
35,45,1.526000,8
35,46,2.428000,14
35,47,1.888000,14
35,48,0.664000,7
35,49,2.083000,7
35,50,3.398000,14
35,51,2.652000,14
35,52,1.535000,7
35,53,1.135000,11
35,54,0.773000,12
35,55,2.779000,11
35,56,1.490000,7
35,57,1.812000,7
35,58,2.003000,12
35,59,2.373000,17
35,60,1.259000,20
35,61,2.785000,20
35,62,2.707000,19
35,63,4.421000,19
35,64,1.186000,19
35,65,0.370000,27
35,66,0.183000,20
35,67,3.558000,20
35,68,4.317000,21
35,69,2.018000,11
35,70,1.048000,12
35,71,0.940000,13
35,72,0.388000,14
35,73,2.662000,14
35,74,2.615000,13
35,75,2.418000,12
35,76,1.904000,8
35,77,1.532000,20
35,78,0.929000,19
35,79,3.626000,19
35,80,1.382000,5
35,81,1.264000,6
35,82,1.818000,8
35,83,1.352000,5
35,84,0.752000,6
35,85,1.648000,6
35,86,1.553000,4
35,87,1.624000,5
35,88,1.170000,5
35,89,0.904000,4
35,90,1.312000,4
35,91,1.258000,5
35,92,1.467000,6
35,93,1.402000,6
35,94,1.156000,5
35,95,3.508000,16
35,96,0.707000,5
36,1,1.310000,6
36,2,0.951000,5
36,3,0.994000,5
36,4,1.283000,4
36,5,1.560000,5
36,6,1.103000,5
36,7,1.173000,5
36,8,1.328000,5
36,9,1.724000,5
36,10,1.398000,5
36,11,1.044000,5
36,12,0.705000,4
36,13,1.014000,4
36,14,1.498000,6
36,15,1.477000,5
36,16,0.925000,5
36,17,1.625000,5
36,18,1.087000,5
36,19,0.841000,4
36,20,1.085000,4
36,21,0.802000,4
36,22,1.471000,4
36,23,0.952000,4
36,24,0.874000,4
36,25,1.365000,5
36,26,1.203000,4
36,27,1.452000,4
36,28,1.101000,5
36,29,1.043000,5
36,30,0.871000,5
36,31,1.168000,4
36,32,1.216000,5
36,33,1.834000,6
36,34,1.593000,6
36,35,1.621000,6
36,36,1.051000,6
36,37,1.450000,5
36,38,2.790000,11
36,39,2.146000,7
36,40,1.756000,11
36,41,1.489000,12
36,42,0.851000,8
36,43,2.544000,12
36,44,2.555000,12
36,45,2.243000,12
36,46,1.514000,11
36,47,1.336000,11
36,48,0.845000,12
36,49,2.528000,11
36,50,2.146000,7
36,51,1.856000,7
36,52,1.458000,7
36,53,1.032000,10
36,54,1.052000,9
36,55,1.568000,8
36,56,4.032000,21
36,57,3.049000,18
36,58,1.478000,19
36,59,1.264000,21
36,60,0.629000,20
36,61,3.996000,19
36,62,2.089000,12
36,63,1.757000,18
36,64,1.076000,15
36,65,0.432000,11
36,66,0.428000,11
36,67,1.937000,10
36,68,2.402000,10
36,69,3.697000,14
36,70,1.513000,14
36,71,1.175000,14
36,72,0.734000,13
36,73,2.755000,13
36,74,2.959000,14
36,75,2.680000,14
36,76,1.381000,12
36,77,0.957000,10
36,78,0.612000,10
36,79,3.305000,12
36,80,4.090000,24
36,81,2.689000,26
36,82,1.416000,21
36,83,0.764000,26
36,84,0.217000,26
36,85,1.765000,7
36,86,1.743000,6
36,87,1.136000,5
36,88,1.214000,5
36,89,1.427000,5
36,90,1.061000,4
36,91,0.760000,4
36,92,0.827000,5
36,93,1.505000,6
36,94,1.718000,6
36,95,2.985000,15
36,96,0.826000,6
37,1,4.821000,25
37,2,3.661000,23
37,3,0.858000,5
37,4,1.028000,5
37,5,0.870000,6
37,6,0.404000,5
37,7,1.145000,5
37,8,1.842000,6
37,9,1.007000,5
37,10,1.273000,5
37,11,1.176000,4
37,12,1.221000,5
37,13,1.622000,5
37,14,1.462000,5
37,15,1.332000,4
37,16,1.582000,5
37,17,1.217000,5
37,18,1.003000,5
37,19,1.176000,5
37,20,1.109000,5
37,21,1.583000,6
37,22,0.888000,5
37,23,1.529000,6
37,24,1.233000,6
37,25,1.400000,5
37,26,1.467000,6
37,27,1.373000,5
37,28,1.443000,6
37,29,1.113000,4
37,30,0.748000,4
37,31,0.756000,4
37,32,1.394000,7
37,33,1.276000,5
37,34,1.332000,6
37,35,1.435000,6
37,36,1.308000,5
37,37,1.402000,5
37,38,1.844000,11
37,39,1.575000,7
37,40,2.016000,11
37,41,1.732000,11
37,42,1.451000,7
37,43,2.613000,11
37,44,1.838000,9
37,45,1.337000,7
37,46,1.650000,7
37,47,1.559000,10
37,48,1.714000,16
37,49,2.238000,8
37,50,1.249000,8
37,51,4.129000,20
37,52,2.330000,17
37,53,1.475000,16
37,54,1.187000,20
37,55,1.784000,8
37,56,3.978000,19
37,57,2.266000,12
37,58,2.310000,15
37,59,1.242000,12
37,60,0.811000,11
37,61,2.360000,12
37,62,2.394000,15
37,63,2.364000,12
37,64,3.052000,19
37,65,1.624000,17
37,66,0.860000,15
37,67,2.649000,13
37,68,2.402000,12
37,69,2.076000,11
37,70,1.784000,11
37,71,1.530000,10
37,72,0.943000,10
37,73,2.766000,10
37,74,2.482000,10
37,75,2.474000,11
37,76,1.334000,10
37,77,1.353000,13
37,78,1.271000,15
37,79,2.241000,9
37,80,2.687000,16
37,81,2.116000,13
37,82,3.174000,21
37,83,1.319000,13
37,84,1.125000,18
37,85,4.952000,26
37,86,4.204000,25
37,87,1.372000,5
37,88,0.934000,5
37,89,0.471000,4
37,90,0.403000,5
37,91,1.054000,4
37,92,2.174000,5
37,93,0.692000,4
37,94,1.012000,4
37,95,3.043000,15
37,96,1.024000,6
38,1,2.072000,8
38,2,3.968000,21
38,3,3.423000,25
38,4,2.350000,26
38,5,1.267000,27
38,6,0.625000,23
38,7,3.674000,24
38,8,4.032000,22
38,9,0.724000,5
38,10,0.886000,6
38,11,0.678000,5
38,12,0.689000,5
38,13,1.398000,5
38,14,1.621000,5
38,15,0.854000,4
38,16,1.566000,5
38,17,1.388000,5
38,18,0.968000,5
38,19,1.022000,5
38,20,1.206000,5
38,21,1.116000,5
38,22,1.556000,5
38,23,1.517000,5
38,24,1.203000,5
38,25,1.242000,5
38,26,1.959000,5
38,27,1.288000,5
38,28,2.142000,5
38,29,1.333000,4
38,30,1.178000,4
38,31,1.132000,5
38,32,1.217000,5
38,33,1.754000,5
38,34,1.674000,5
38,35,0.892000,5
38,36,0.838000,4
38,37,1.242000,5
38,38,1.768000,7
38,39,1.477000,7
38,40,2.080000,7
38,41,1.745000,7
38,42,1.431000,9
38,43,3.681000,19
38,44,3.833000,20
38,45,2.828000,21
38,46,1.594000,18
38,47,1.099000,19
38,48,0.599000,17
38,49,3.686000,20
38,50,4.102000,22
38,51,2.835000,21
38,52,1.314000,18
38,53,0.677000,17
38,54,0.355000,12
38,55,3.310000,17
38,56,2.708000,12
38,57,3.230000,17
38,58,2.064000,18
38,59,1.230000,19
38,60,0.612000,10
38,61,1.964000,11
38,62,2.251000,11
38,63,2.429000,10
38,64,2.772000,19
38,65,1.286000,10
38,66,1.203000,14
38,67,2.447000,12
38,68,2.341000,12
38,69,3.185000,13
38,70,1.402000,8
38,71,1.106000,8
38,72,0.774000,8
38,73,2.113000,8
38,74,1.960000,8
38,75,2.529000,9
38,76,1.709000,9
38,77,1.780000,12
38,78,1.266000,14
38,79,3.512000,20
38,80,3.884000,19
38,81,1.427000,10
38,82,1.553000,9
38,83,1.811000,21
38,84,0.499000,11
38,85,2.683000,13
38,86,3.369000,20
38,87,1.112000,6
38,88,0.893000,5
38,89,0.803000,5
38,90,0.564000,4
38,91,1.104000,5
38,92,0.937000,4
38,93,0.896000,4
38,94,1.313000,6
38,95,2.695000,12
38,96,1.336000,5
39,1,3.694000,16
39,2,3.045000,19
39,3,2.940000,20
39,4,2.599000,18
39,5,1.243000,20
39,6,0.462000,10
39,7,3.662000,19
39,8,3.598000,19
39,9,3.787000,27
39,10,2.160000,25
39,11,0.913000,23
39,12,0.337000,23
39,13,4.314000,22
39,14,3.184000,22
39,15,1.032000,5
39,16,0.954000,5
39,17,1.552000,7
39,18,0.950000,7
39,19,1.487000,7
39,20,1.031000,5
39,21,1.988000,8
39,22,1.569000,5
39,23,1.494000,6
39,24,1.200000,6
39,25,1.074000,5
39,26,0.984000,5
39,27,1.425000,5
39,28,1.162000,4
39,29,1.435000,5
39,30,0.979000,5
39,31,0.755000,4
39,32,1.601000,8
39,33,1.073000,5
39,34,0.833000,4
39,35,0.975000,5
39,36,1.232000,5
39,37,1.145000,5
39,38,3.404000,21
39,39,1.752000,9
39,40,2.171000,8
39,41,2.832000,19
39,42,1.742000,22
39,43,3.378000,20
39,44,3.741000,21
39,45,3.168000,20
39,46,2.081000,21
39,47,1.040000,17
39,48,0.412000,19
39,49,2.878000,17
39,50,2.598000,11
39,51,2.093000,12
39,52,2.213000,12
39,53,1.431000,12
39,54,0.834000,19
39,55,2.086000,10
39,56,2.204000,11
39,57,1.802000,10
39,58,2.443000,11
39,59,2.018000,16
39,60,0.779000,7
39,61,2.227000,11
39,62,2.497000,12
39,63,2.123000,12
39,64,1.824000,12
39,65,1.688000,10
39,66,1.442000,9
39,67,2.413000,11
39,68,2.335000,9
39,69,1.923000,9
39,70,2.449000,18
39,71,1.905000,12
39,72,1.179000,12
39,73,3.086000,12
39,74,3.388000,19
39,75,1.573000,9
39,76,2.704000,18
39,77,1.187000,9
39,78,1.062000,10
39,79,2.226000,11
39,80,2.209000,8
39,81,1.517000,6
39,82,1.440000,7
39,83,1.536000,9
39,84,1.600000,9
39,85,2.932000,15
39,86,3.205000,17
39,87,1.358000,7
39,88,3.310000,26
39,89,0.625000,5
39,90,0.773000,6
39,91,1.356000,6
39,92,1.248000,4
39,93,1.443000,5
39,94,1.358000,5
39,95,2.798000,15
39,96,1.005000,5
40,1,1.783000,9
40,2,2.781000,14
40,3,2.271000,11
40,4,1.648000,10
40,5,2.140000,9
40,6,2.338000,20
40,7,4.399000,21
40,8,4.608000,21
40,9,3.690000,20
40,10,2.592000,20
40,11,1.189000,21
40,12,0.827000,18
40,13,3.486000,19
40,14,3.736000,20
40,15,1.847000,7
40,16,2.070000,8
40,17,3.279000,23
40,18,2.109000,23
40,19,4.337000,23
40,20,4.985000,24
40,21,3.779000,23
40,22,2.960000,24
40,23,1.263000,24
40,24,0.406000,24
40,25,4.788000,24
40,26,3.964000,24
40,27,4.136000,22
40,28,2.667000,22
40,29,1.259000,24
40,30,0.728000,24
40,31,4.108000,23
40,32,4.077000,23
40,33,1.655000,7
40,34,1.862000,9
40,35,2.023000,7
40,36,1.091000,6
40,37,4.081000,23
40,38,3.288000,19
40,39,3.313000,19
40,40,3.235000,21
40,41,2.208000,21
40,42,0.885000,20
40,43,3.352000,19
40,44,1.782000,8
40,45,3.522000,18
40,46,2.129000,11
40,47,2.042000,12
40,48,2.213000,12
40,49,3.194000,18
40,50,3.401000,19
40,51,2.092000,9
40,52,2.130000,9
40,53,2.427000,12
40,54,2.129000,12
40,55,1.717000,9
40,56,2.537000,11
40,57,2.171000,11
40,58,2.123000,10
40,59,1.727000,8
40,60,2.795000,17
40,61,2.869000,10
40,62,2.095000,9
40,63,1.722000,9
40,64,1.797000,10
40,65,2.704000,12
40,66,2.795000,12
40,67,2.576000,12
40,68,2.676000,12
40,69,2.512000,12
40,70,2.807000,12
40,71,2.386000,12
40,72,2.420000,12
40,73,2.682000,12
40,74,2.669000,12
40,75,2.307000,12
40,76,3.314000,12
40,77,2.741000,12
40,78,1.366000,12
40,79,2.778000,13
40,80,2.830000,12
40,81,2.154000,9
40,82,2.715000,9
40,83,2.367000,10
40,84,2.206000,12
40,85,1.615000,9
40,86,2.430000,13
40,87,4.594000,25
40,88,4.115000,20
40,89,1.604000,5
40,90,1.197000,6
40,91,0.969000,5
40,92,1.057000,5
40,93,1.344000,6
40,94,1.244000,5
40,95,3.513000,15
40,96,1.838000,6
41,1,2.378000,17
41,2,1.919000,13
41,3,2.172000,11
41,4,1.722000,7
41,5,2.657000,20
41,6,1.509000,16
41,7,3.790000,18
41,8,3.583000,19
41,9,2.145000,9
41,10,0.910000,7
41,11,1.108000,7
41,12,1.427000,21
41,13,3.581000,20
41,14,3.257000,20
41,15,1.283000,7
41,16,1.626000,7
41,17,2.355000,19
41,18,1.079000,20
41,19,1.577000,8
41,20,2.077000,8
41,21,1.624000,8
41,22,3.283000,21
41,23,1.544000,8
41,24,1.237000,8
41,25,1.215000,7
41,26,1.171000,7
41,27,1.537000,7
41,28,1.507000,7
41,29,1.709000,8
41,30,1.985000,7
41,31,1.058000,7
41,32,1.807000,10
41,33,1.728000,6
41,34,1.282000,5
41,35,2.019000,7
41,36,1.561000,7
41,37,3.328000,21
41,38,2.357000,13
41,39,1.769000,8
41,40,1.684000,7
41,41,2.467000,15
41,42,1.086000,8
41,43,3.244000,16
41,44,3.389000,19
41,45,1.632000,11
41,46,2.614000,20
41,47,1.132000,7
41,48,0.676000,10
41,49,1.799000,9
41,50,2.037000,12
41,51,2.452000,12
41,52,2.970000,19
41,53,1.409000,9
41,54,1.447000,11
41,55,2.490000,11
41,56,2.415000,11
41,57,1.717000,12
41,58,2.162000,10
41,59,1.972000,12
41,60,1.169000,9
41,61,1.692000,6
41,62,1.634000,6
41,63,2.702000,12
41,64,1.384000,6
41,65,2.171000,12
41,66,2.138000,12
41,67,2.629000,12
41,68,2.946000,12
41,69,2.167000,12
41,70,2.494000,12
41,71,1.668000,12
41,72,0.784000,12
41,73,3.043000,12
41,74,2.505000,12
41,75,2.476000,12
41,76,2.058000,10
41,77,1.179000,12
41,78,0.387000,12
41,79,2.259000,12
41,80,2.618000,12
41,81,2.054000,12
41,82,2.192000,10
41,83,1.725000,9
41,84,1.433000,10
41,85,2.701000,14
41,86,2.319000,10
41,87,1.442000,7
41,88,2.063000,11
41,89,0.641000,4
41,90,1.258000,5
41,91,1.565000,5
41,92,1.241000,5
41,93,1.020000,5
41,94,1.223000,5
41,95,2.511000,15
41,96,1.110000,6
42,1,1.909000,9
42,2,1.496000,9
42,3,2.149000,10
42,4,2.226000,11
42,5,1.840000,10
42,6,1.353000,7
42,7,0.942000,7
42,8,1.943000,7
42,9,2.023000,12
42,10,2.929000,18
42,11,3.058000,19
42,12,1.242000,11
42,13,1.773000,7
42,14,1.765000,7
42,15,1.053000,5
42,16,0.924000,5
42,17,3.022000,20
42,18,2.645000,20
42,19,3.998000,21
42,20,2.506000,18
42,21,3.089000,19
42,22,2.351000,17
42,23,0.744000,19
42,24,0.485000,19
42,25,3.318000,19
42,26,3.785000,19
42,27,3.411000,19
42,28,1.867000,20
42,29,0.629000,18
42,30,0.267000,19
42,31,3.525000,20
42,32,3.502000,21
42,33,1.440000,6
42,34,1.637000,6
42,35,1.098000,5
42,36,0.770000,4
42,37,1.219000,7
42,38,1.878000,7
42,39,1.915000,13
42,40,2.932000,19
42,41,2.646000,18
42,42,1.168000,8
42,43,1.343000,9
42,44,1.523000,6
42,45,1.885000,10
42,46,1.892000,10
42,47,2.164000,11
42,48,1.695000,9
42,49,2.738000,11
42,50,1.486000,9
42,51,1.572000,10
42,52,1.980000,11
42,53,2.296000,12
42,54,1.769000,10
42,55,2.178000,9
42,56,1.830000,12
42,57,1.987000,10
42,58,1.415000,6
42,59,1.523000,11
42,60,2.522000,13
42,61,1.339000,6
42,62,1.546000,6
42,63,2.381000,12
42,64,3.011000,13
42,65,2.152000,12
42,66,1.636000,12
42,67,2.277000,12
42,68,2.040000,12
42,69,2.110000,12
42,70,2.508000,12
42,71,1.073000,12
42,72,0.748000,12
42,73,3.116000,12
42,74,2.685000,12
42,75,2.351000,12
42,76,2.163000,10
42,77,1.596000,12
42,78,0.649000,12
42,79,2.458000,12
42,80,2.278000,12
42,81,2.838000,12
42,82,1.603000,6
42,83,2.281000,15
42,84,0.887000,10
42,85,2.913000,13
42,86,2.270000,11
42,87,2.078000,13
42,88,1.896000,7
42,89,0.818000,5
42,90,1.094000,4
42,91,1.398000,7
42,92,0.988000,5
42,93,0.984000,5
42,94,1.287000,5
42,95,3.100000,15
42,96,1.119000,6
43,1,2.025000,14
43,2,2.419000,10
43,3,2.002000,10
43,4,1.630000,10
43,5,1.572000,9
43,6,1.309000,11
43,7,1.587000,7
43,8,1.424000,7
43,9,1.167000,7
43,10,1.246000,7
43,11,2.371000,12
43,12,2.617000,16
43,13,1.734000,10
43,14,1.594000,8
43,15,1.302000,6
43,16,1.332000,6
43,17,1.565000,7
43,18,1.696000,7
43,19,1.292000,7
43,20,2.355000,14
43,21,1.344000,7
43,22,3.687000,21
43,23,2.610000,20
43,24,1.502000,20
43,25,3.281000,20
43,26,3.255000,20
43,27,3.718000,21
43,28,1.983000,20
43,29,0.655000,7
43,30,0.169000,14
43,31,1.411000,7
43,32,1.618000,7
43,33,1.210000,5
43,34,1.837000,6
43,35,1.636000,7
43,36,1.370000,6
43,37,2.233000,13
43,38,2.337000,13
43,39,3.296000,18
43,40,1.771000,9
43,41,1.505000,9
43,42,0.751000,7
43,43,1.411000,10
43,44,2.113000,7
43,45,1.345000,7
43,46,1.366000,9
43,47,2.044000,12
43,48,2.484000,14
43,49,1.744000,10
43,50,2.281000,10
43,51,1.367000,7
43,52,1.897000,12
43,53,2.164000,11
43,54,1.501000,12
43,55,2.298000,12
43,56,1.791000,6
43,57,1.730000,10
43,58,2.084000,10
43,59,1.211000,10
43,60,1.089000,13
43,61,1.143000,6
43,62,1.407000,6
43,63,2.633000,12
43,64,2.606000,12
43,65,2.286000,12
43,66,1.663000,12
43,67,2.108000,12
43,68,2.254000,12
43,69,2.551000,12
43,70,2.872000,12
43,71,2.112000,12
43,72,1.025000,12
43,73,3.048000,12
43,74,2.090000,12
43,75,2.288000,12
43,76,2.031000,10
43,77,1.729000,12
43,78,1.215000,12
43,79,2.189000,12
43,80,2.820000,12
43,81,2.026000,12
43,82,1.542000,6
43,83,2.381000,13
43,84,1.232000,17
43,85,3.307000,16
43,86,2.524000,14
43,87,2.475000,12
43,88,1.542000,11
43,89,2.669000,26
43,90,0.391000,6
43,91,1.610000,5
43,92,1.518000,6
43,93,0.797000,5
43,94,1.362000,5
43,95,2.648000,15
43,96,1.257000,6
44,1,2.460000,14
44,2,1.876000,11
44,3,2.678000,11
44,4,1.860000,9
44,5,1.619000,9
44,6,1.576000,12
44,7,2.117000,9
44,8,1.958000,11
44,9,2.691000,11
44,10,1.268000,7
44,11,1.547000,7
44,12,1.281000,7
44,13,1.566000,7
44,14,3.681000,21
44,15,4.078000,27
44,16,1.614000,6
44,17,0.789000,7
44,18,0.875000,11
44,19,1.825000,7
44,20,1.730000,7
44,21,1.568000,7
44,22,1.227000,7
44,23,1.299000,7
44,24,1.643000,7
44,25,1.240000,7
44,26,1.465000,7
44,27,1.443000,7
44,28,1.227000,7
44,29,1.979000,7
44,30,1.607000,7
44,31,1.561000,7
44,32,2.101000,11
44,33,1.994000,6
44,34,1.099000,5
44,35,1.731000,8
44,36,3.474000,26
44,37,3.271000,20
44,38,1.717000,9
44,39,2.082000,11
44,40,1.481000,10
44,41,1.838000,10
44,42,1.124000,7
44,43,1.545000,7
44,44,1.892000,10
44,45,2.888000,12
44,46,1.768000,9
44,47,1.547000,10
44,48,1.744000,10
44,49,1.934000,7
44,50,1.460000,7
44,51,2.234000,11
44,52,1.650000,10
44,53,2.147000,11
44,54,1.702000,10
44,55,1.920000,10
44,56,2.240000,10
44,57,2.005000,10
44,58,1.849000,10
44,59,1.043000,6
44,60,1.755000,13
44,61,1.760000,6
44,62,1.596000,6
44,63,2.300000,12
44,64,2.187000,12
44,65,1.899000,12
44,66,0.236000,12
44,67,2.190000,12
44,68,2.163000,12
44,69,2.187000,12
44,70,2.372000,12
44,71,2.278000,12
44,72,1.122000,12
44,73,2.697000,12
44,74,2.870000,12
44,75,2.923000,12
44,76,2.093000,10
44,77,1.423000,12
44,78,0.402000,12
44,79,2.569000,12
44,80,2.749000,12
44,81,2.273000,12
44,82,1.347000,6
44,83,1.900000,13
44,84,1.478000,15
44,85,2.447000,12
44,86,2.618000,16
44,87,1.735000,10
44,88,2.323000,10
44,89,1.428000,8
44,90,1.617000,26
44,91,0.912000,5
44,92,1.309000,5
44,93,1.269000,6
44,94,0.758000,5
44,95,2.653000,13
44,96,1.079000,6
45,1,3.088000,13
45,2,2.261000,13
45,3,1.957000,10
45,4,1.820000,10
45,5,1.341000,7
45,6,1.254000,7
45,7,2.240000,9
45,8,2.924000,10
45,9,1.922000,11
45,10,1.914000,10
45,11,1.608000,11
45,12,1.004000,7
45,13,1.222000,7
45,14,1.025000,7
45,15,1.784000,8
45,16,1.384000,6
45,17,2.741000,18
45,18,2.852000,18
45,19,3.088000,18
45,20,3.899000,20
45,21,3.455000,21
45,22,1.785000,15
45,23,0.746000,12
45,24,0.127000,11
45,25,1.932000,10
45,26,2.277000,11
45,27,2.219000,12
45,28,1.325000,7
45,29,1.779000,8
45,30,2.591000,20
45,31,1.493000,10
45,32,4.118000,19
45,33,4.250000,28
45,34,1.195000,6
45,35,0.903000,7
45,36,0.498000,8
45,37,0.960000,7
45,38,1.827000,11
45,39,1.127000,6
45,40,1.611000,7
45,41,1.559000,7
45,42,2.386000,13
45,43,1.641000,10
45,44,4.169000,21
45,45,1.742000,8
45,46,1.767000,10
45,47,1.075000,7
45,48,1.117000,7
45,49,2.488000,12
45,50,2.540000,12
45,51,1.505000,10
45,52,1.927000,10
45,53,1.870000,9
45,54,1.443000,8
45,55,2.308000,10
45,56,2.512000,10
45,57,1.874000,10
45,58,2.513000,10
45,59,1.411000,6
45,60,1.519000,13
45,61,1.229000,6
45,62,1.680000,6
45,63,3.386000,12
45,64,2.457000,12
45,65,1.910000,12
45,66,1.470000,12
45,67,2.153000,12
45,68,2.905000,12
45,69,2.586000,12
45,70,2.366000,12
45,71,1.975000,12
45,72,1.014000,12
45,73,2.788000,12
45,74,2.888000,12
45,75,2.701000,12
45,76,1.973000,10
45,77,1.986000,12
45,78,0.841000,12
45,79,2.662000,12
45,80,3.006000,12
45,81,2.859000,12
45,82,1.301000,6
45,83,1.945000,13
45,84,1.081000,14
45,85,1.641000,9
45,86,2.812000,15
45,87,2.376000,10
45,88,2.315000,11
45,89,1.023000,7
45,90,1.080000,10
45,91,1.255000,6
45,92,1.527000,5
45,93,1.915000,6
45,94,1.252000,6
45,95,1.719000,7
45,96,1.636000,6
46,1,3.585000,18
46,2,2.119000,12
46,3,1.211000,8
46,4,2.600000,12
46,5,2.069000,11
46,6,1.032000,10
46,7,1.724000,11
46,8,2.275000,13
46,9,2.231000,10
46,10,1.768000,7
46,11,1.926000,12
46,12,1.556000,11
46,13,1.357000,7
46,14,2.029000,10
46,15,2.527000,12
46,16,1.225000,5
46,17,1.944000,10
46,18,2.175000,13
46,19,1.432000,8
46,20,3.248000,19
46,21,2.462000,16
46,22,2.073000,13
46,23,2.060000,13
46,24,1.074000,13
46,25,2.802000,13
46,26,2.357000,13
46,27,2.140000,13
46,28,2.387000,13
46,29,2.130000,18
46,30,1.205000,17
46,31,3.469000,21
46,32,2.174000,13
46,33,1.928000,11
46,34,3.463000,24
46,35,0.944000,6
46,36,1.089000,12
46,37,1.619000,7
46,38,1.939000,12
46,39,2.090000,9
46,40,1.774000,7
46,41,2.035000,10
46,42,3.024000,21
46,43,1.838000,9
46,44,1.039000,6
46,45,2.059000,12
46,46,3.295000,20
46,47,2.777000,12
46,48,1.468000,8
46,49,1.701000,7
46,50,1.685000,9
46,51,2.446000,10
46,52,2.013000,11
46,53,2.195000,11
46,54,1.101000,11
46,55,2.365000,11
46,56,1.896000,9
46,57,1.514000,9
46,58,1.651000,9
46,59,1.861000,9
46,60,1.828000,9
46,61,2.093000,10
46,62,2.651000,11
46,63,1.599000,6
46,64,1.903000,9
46,65,1.763000,9
46,66,1.872000,9
46,67,1.649000,9
46,68,2.042000,9
46,69,2.321000,11
46,70,1.745000,11
46,71,1.698000,11
46,72,2.376000,11
46,73,2.217000,11
46,74,2.182000,11
46,75,2.180000,11
46,76,1.718000,11
46,77,2.112000,11
46,78,2.087000,11
46,79,1.590000,6
46,80,1.463000,9
46,81,1.756000,9
46,82,1.297000,6
46,83,2.223000,11
46,84,2.300000,12
46,85,1.780000,8
46,86,1.935000,11
46,87,2.936000,14
46,88,2.320000,11
46,89,1.695000,12
46,90,1.656000,14
46,91,1.485000,7
46,92,1.431000,6
46,93,1.214000,6
46,94,1.120000,4
46,95,3.100000,14
46,96,1.667000,7
47,1,2.325000,11
47,2,2.241000,12
47,3,2.633000,11
47,4,2.775000,12
47,5,2.193000,12
47,6,0.848000,10
47,7,1.740000,10
47,8,2.387000,12
47,9,2.652000,14
47,10,1.960000,13
47,11,2.394000,12
47,12,1.508000,12
47,13,1.680000,7
47,14,1.654000,7
47,15,2.486000,12
47,16,1.158000,5
47,17,1.675000,10
47,18,2.134000,11
47,19,1.614000,11
47,20,1.915000,10
47,21,2.463000,11
47,22,1.622000,11
47,23,2.302000,11
47,24,2.185000,11
47,25,1.747000,11
47,26,2.525000,11
47,27,1.898000,11
47,28,2.169000,12
47,29,2.058000,10
47,30,1.837000,11
47,31,2.269000,11
47,32,2.276000,11
47,33,2.249000,12
47,34,1.895000,11
47,35,1.665000,6
47,36,2.012000,12
47,37,2.020000,11
47,38,1.687000,7
47,39,1.884000,10
47,40,3.870000,20
47,41,1.923000,10
47,42,1.307000,11
47,43,2.389000,12
47,44,1.508000,6
47,45,2.205000,12
47,46,1.947000,12
47,47,2.292000,9
47,48,1.297000,7
47,49,2.594000,11
47,50,1.889000,9
47,51,2.835000,11
47,52,2.854000,11
47,53,1.838000,11
47,54,0.724000,11
47,55,2.180000,11
47,56,2.300000,9
47,57,2.118000,9
47,58,2.066000,9
47,59,2.262000,10
47,60,1.701000,11
47,61,1.852000,11
47,62,1.888000,10
47,63,1.540000,6
47,64,2.316000,10
47,65,2.181000,10
47,66,1.726000,10
47,67,1.852000,10
47,68,2.062000,10
47,69,1.788000,10
47,70,2.255000,10
47,71,2.285000,10
47,72,1.995000,11
47,73,2.196000,10
47,74,1.926000,10
47,75,3.189000,10
47,76,2.395000,11
47,77,1.301000,10
47,78,0.241000,10
47,79,1.765000,6
47,80,1.580000,6
47,81,2.257000,10
47,82,1.314000,6
47,83,2.347000,10
47,84,2.451000,13
47,85,3.168000,15
47,86,1.999000,11
47,87,2.428000,14
47,88,2.585000,14
47,89,2.104000,12
47,90,0.820000,13
47,91,2.011000,5
47,92,1.440000,5
47,93,3.874000,25
47,94,1.346000,5
47,95,3.252000,12
47,96,1.028000,7
48,1,2.496000,13
48,2,2.394000,13
48,3,2.028000,11
48,4,2.296000,12
48,5,2.545000,12
48,6,1.445000,11
48,7,2.318000,11
48,8,1.910000,10
48,9,2.208000,12
48,10,3.065000,14
48,11,2.294000,11
48,12,0.907000,12
48,13,1.684000,11
48,14,1.800000,10
48,15,2.316000,12
48,16,3.172000,24
48,17,2.566000,11
48,18,1.480000,11
48,19,2.064000,10
48,20,1.648000,11
48,21,2.501000,11
48,22,2.351000,11
48,23,2.387000,10
48,24,1.538000,11
48,25,1.476000,10
48,26,1.545000,10
48,27,1.981000,11
48,28,1.831000,10
48,29,1.715000,11
48,30,2.210000,11
48,31,1.866000,11
48,32,1.172000,7
48,33,1.957000,12
48,34,2.539000,11
48,35,1.211000,6
48,36,0.766000,12
48,37,2.175000,12
48,38,3.302000,12
48,39,2.049000,9
48,40,1.622000,10
48,41,2.577000,12
48,42,0.793000,8
48,43,1.859000,12
48,44,1.262000,6
48,45,2.150000,12
48,46,1.519000,9
48,47,1.098000,7
48,48,2.883000,13
48,49,2.064000,9
48,50,2.447000,11
48,51,2.517000,11
48,52,2.662000,11
48,53,2.312000,11
48,54,1.136000,11
48,55,2.064000,11
48,56,1.765000,9
48,57,1.773000,9
48,58,1.411000,9
48,59,2.112000,11
48,60,2.512000,10
48,61,1.888000,9
48,62,2.075000,11
48,63,1.854000,6
48,64,2.120000,10
48,65,2.513000,10
48,66,1.421000,10
48,67,2.402000,10
48,68,2.095000,10
48,69,1.798000,10
48,70,1.953000,10
48,71,2.769000,10
48,72,1.449000,11
48,73,1.552000,10
48,74,2.317000,10
48,75,1.763000,10
48,76,2.456000,11
48,77,2.051000,10
48,78,1.975000,10
48,79,1.603000,6
48,80,1.223000,6
48,81,1.681000,10
48,82,1.300000,6
48,83,1.560000,6
48,84,3.401000,14
48,85,2.350000,12
48,86,1.829000,11
48,87,2.589000,14
48,88,2.584000,14
48,89,2.994000,15
48,90,0.897000,14
48,91,1.238000,6
48,92,1.128000,5
48,93,1.113000,7
48,94,1.147000,5
48,95,1.834000,10
48,96,2.425000,8
49,1,2.260000,13
49,2,2.982000,13
49,3,2.653000,14
49,4,2.735000,12
49,5,2.393000,12
49,6,0.565000,10
49,7,1.699000,10
49,8,2.195000,11
49,9,1.937000,11
49,10,1.825000,12
49,11,2.412000,14
49,12,1.971000,10
49,13,0.927000,6
49,14,2.244000,10
49,15,2.349000,12
49,16,1.904000,12
49,17,2.284000,11
49,18,1.484000,10
49,19,2.237000,10
49,20,2.433000,10
49,21,2.448000,10
49,22,2.565000,11
49,23,2.100000,10
49,24,1.437000,10
49,25,1.699000,11
49,26,2.062000,11
49,27,2.223000,11
49,28,1.853000,10
49,29,1.654000,7
49,30,1.847000,12
49,31,0.986000,7
49,32,2.176000,11
49,33,2.697000,12
49,34,2.038000,11
49,35,1.309000,5
49,36,1.382000,7
49,37,2.775000,11
49,38,1.769000,9
49,39,3.088000,19
49,40,2.151000,12
49,41,2.250000,12
49,42,0.794000,6
49,43,2.237000,12
49,44,1.424000,6
49,45,2.080000,9
49,46,1.750000,7
49,47,1.595000,7
49,48,2.389000,9
49,49,2.098000,12
49,50,2.376000,11
49,51,2.828000,11
49,52,1.993000,11
49,53,1.983000,11
49,54,1.690000,11
49,55,2.143000,11
49,56,1.910000,9
49,57,1.514000,9
49,58,1.837000,11
49,59,2.625000,11
49,60,1.777000,11
49,61,2.241000,11
49,62,2.519000,9
49,63,1.459000,6
49,64,1.648000,10
49,65,1.953000,10
49,66,1.862000,10
49,67,2.279000,10
49,68,2.111000,10
49,69,2.520000,10
49,70,2.425000,10
49,71,2.037000,10
49,72,1.032000,11
49,73,2.237000,10
49,74,2.358000,10
49,75,2.239000,10
49,76,2.563000,11
49,77,1.913000,10
49,78,1.715000,10
49,79,1.260000,6
49,80,1.084000,6
49,81,2.496000,10
49,82,1.817000,6
49,83,1.833000,10
49,84,3.052000,14
49,85,2.591000,13
49,86,2.736000,13
49,87,2.540000,14
49,88,3.562000,15
49,89,1.707000,15
49,90,0.276000,12
49,91,1.343000,6
49,92,1.087000,6
49,93,2.004000,7
49,94,1.533000,5
49,95,2.469000,13
49,96,1.502000,7
50,1,2.648000,13
50,2,1.417000,8
50,3,3.227000,14
50,4,2.634000,12
50,5,1.892000,12
50,6,0.472000,11
50,7,1.504000,7
50,8,1.817000,10
50,9,1.875000,11
50,10,2.003000,9
50,11,2.101000,11
50,12,2.742000,14
50,13,1.938000,10
50,14,1.849000,9
50,15,2.224000,12
50,16,1.893000,12
50,17,2.437000,12
50,18,1.746000,11
50,19,2.205000,12
50,20,2.009000,11
50,21,2.760000,11
50,22,1.829000,10
50,23,1.902000,10
50,24,1.654000,11
50,25,2.197000,11
50,26,1.872000,10
50,27,2.457000,11
50,28,1.752000,11
50,29,1.859000,7
50,30,1.405000,12
50,31,2.197000,11
50,32,1.824000,11
50,33,2.505000,12
50,34,2.687000,12
50,35,1.117000,5
50,36,1.464000,12
50,37,1.674000,12
50,38,1.886000,10
50,39,2.421000,11
50,40,1.906000,12
50,41,1.936000,12
50,42,1.204000,6
50,43,2.196000,12
50,44,0.984000,6
50,45,1.514000,9
50,46,1.393000,7
50,47,2.330000,14
50,48,1.501000,9
50,49,1.994000,11
50,50,2.021000,11
50,51,2.174000,11
50,52,1.973000,11
50,53,1.658000,11
50,54,1.130000,11
50,55,2.195000,11
50,56,1.765000,9
50,57,2.120000,9
50,58,1.825000,10
50,59,2.417000,11
50,60,1.713000,10
50,61,2.326000,10
50,62,1.784000,10
50,63,1.228000,6
50,64,1.681000,10
50,65,1.640000,10
50,66,2.039000,10
50,67,2.203000,10
50,68,2.014000,10
50,69,1.617000,10
50,70,2.297000,10
50,71,2.065000,10
50,72,1.542000,11
50,73,2.197000,10
50,74,2.334000,10
50,75,2.277000,10
50,76,2.002000,11
50,77,1.782000,10
50,78,1.579000,10
50,79,1.275000,6
50,80,1.403000,6
50,81,1.404000,10
50,82,0.995000,6
50,83,2.452000,11
50,84,2.800000,15
50,85,3.336000,11
50,86,2.662000,14
50,87,2.650000,14
50,88,2.018000,14
50,89,1.695000,14
50,90,0.250000,12
50,91,0.970000,5
50,92,1.508000,6
50,93,2.878000,15
50,94,1.011000,5
50,95,1.902000,12
50,96,1.495000,8
51,1,2.046000,11
51,2,2.896000,14
51,3,2.168000,13
51,4,2.423000,12
51,5,1.512000,7
51,6,1.757000,11
51,7,2.289000,11
51,8,2.787000,10
51,9,2.431000,12
51,10,2.006000,12
51,11,1.682000,11
51,12,1.683000,11
51,13,2.015000,14
51,14,2.383000,13
51,15,2.258000,12
51,16,1.542000,9
51,17,2.076000,9
51,18,1.939000,12
51,19,1.989000,12
51,20,1.763000,12
51,21,2.171000,12
51,22,2.151000,12
51,23,2.459000,12
51,24,2.095000,13
51,25,2.291000,12
51,26,2.627000,12
51,27,2.139000,12
51,28,2.375000,13
51,29,1.853000,12
51,30,1.665000,12
51,31,2.170000,12
51,32,2.957000,12
51,33,1.646000,9
51,34,2.197000,11
51,35,1.399000,5
51,36,2.095000,12
51,37,1.803000,10
51,38,2.118000,12
51,39,2.105000,12
51,40,2.074000,12
51,41,1.922000,12
51,42,1.668000,10
51,43,2.740000,15
51,44,1.849000,10
51,45,1.755000,9
51,46,2.224000,11
51,47,2.171000,11
51,48,2.047000,11
51,49,2.679000,11
51,50,1.826000,11
51,51,2.323000,11
51,52,2.249000,11
51,53,2.150000,11
51,54,1.564000,11
51,55,2.166000,11
51,56,2.440000,11
51,57,1.817000,9
51,58,1.816000,9
51,59,1.978000,9
51,60,1.038000,9
51,61,2.284000,9
51,62,2.115000,9
51,63,1.834000,9
51,64,2.455000,9
51,65,2.020000,9
51,66,1.815000,9
51,67,2.155000,9
51,68,1.765000,9
51,69,1.984000,9
51,70,1.998000,9
51,71,1.902000,9
51,72,1.951000,9
51,73,2.110000,11
51,74,2.569000,9
51,75,1.766000,9
51,76,1.244000,6
51,77,1.830000,9
51,78,1.609000,9
51,79,2.352000,9
51,80,2.744000,11
51,81,2.629000,11
51,82,1.162000,6
51,83,2.522000,14
51,84,1.567000,9
51,85,2.772000,11
51,86,2.611000,16
51,87,2.487000,14
51,88,2.666000,15
51,89,0.946000,14
51,90,0.177000,7
51,91,5.586000,30
51,92,4.079000,27
51,93,1.643000,8
51,94,1.981000,28
51,95,0.217000,13
51,96,0.095000,6
52,1,1.900000,10
52,2,3.092000,19
52,3,2.221000,12
52,4,2.007000,12
52,5,1.846000,12
52,6,1.537000,11
52,7,2.017000,11
52,8,1.666000,10
52,9,2.141000,12
52,10,1.531000,10
52,11,2.050000,11
52,12,1.609000,10
52,13,2.234000,11
52,14,2.163000,14
52,15,2.655000,16
52,16,1.791000,12
52,17,1.200000,9
52,18,0.472000,12
52,19,1.801000,12
52,20,2.195000,12
52,21,2.349000,12
52,22,2.199000,11
52,23,2.324000,12
52,24,1.923000,18
52,25,3.490000,19
52,26,2.268000,12
52,27,2.286000,12
52,28,2.371000,13
52,29,1.804000,12
52,30,0.845000,12
52,31,1.815000,12
52,32,1.765000,12
52,33,1.724000,9
52,34,1.588000,7
52,35,1.017000,5
52,36,1.740000,9
52,37,2.222000,12
52,38,2.379000,12
52,39,2.485000,12
52,40,1.775000,12
52,41,1.878000,12
52,42,1.335000,9
52,43,2.892000,15
52,44,1.417000,9
52,45,2.042000,11
52,46,2.330000,12
52,47,2.095000,13
52,48,1.222000,11
52,49,2.234000,11
52,50,1.853000,11
52,51,2.786000,11
52,52,1.785000,11
52,53,2.181000,11
52,54,1.644000,11
52,55,2.234000,11
52,56,2.370000,11
52,57,2.050000,9
52,58,2.148000,9
52,59,1.655000,9
52,60,1.483000,9
52,61,2.217000,9
52,62,1.453000,9
52,63,2.223000,11
52,64,1.722000,9
52,65,1.598000,9
52,66,1.623000,9
52,67,1.736000,9
52,68,2.197000,9
52,69,2.419000,11
52,70,2.043000,11
52,71,2.333000,11
52,72,1.767000,11
52,73,1.761000,11
52,74,2.177000,11
52,75,1.677000,11
52,76,1.567000,6
52,77,1.858000,9
52,78,1.572000,9
52,79,2.217000,11
52,80,1.979000,11
52,81,2.468000,11
52,82,1.218000,6
52,83,2.979000,14
52,84,1.807000,14
52,85,2.217000,11
52,86,2.730000,16
52,87,2.409000,14
52,88,2.664000,15
52,89,2.367000,14
52,90,0.669000,16
52,91,2.217000,14
52,92,2.805000,14
52,93,1.305000,9
52,94,2.211000,13
52,95,2.335000,11
52,96,1.513000,10
53,1,2.476000,13
53,2,3.354000,19
53,3,2.644000,14
53,4,2.514000,14
53,5,1.890000,12
53,6,0.302000,7
53,7,2.208000,11
53,8,1.571000,10
53,9,2.229000,12
53,10,1.609000,11
53,11,2.211000,11
53,12,2.032000,12
53,13,1.939000,11
53,14,2.607000,13
53,15,2.461000,14
53,16,2.723000,14
53,17,2.443000,12
53,18,0.970000,8
53,19,2.078000,12
53,20,1.958000,12
53,21,1.992000,12
53,22,2.030000,11
53,23,2.273000,12
53,24,1.207000,12
53,25,1.806000,12
53,26,1.714000,11
53,27,2.034000,12
53,28,2.362000,13
53,29,1.909000,12
53,30,1.993000,13
53,31,2.395000,12
53,32,1.875000,9
53,33,2.010000,9
53,34,3.630000,17
53,35,3.223000,26
53,36,0.239000,11
53,37,2.059000,12
53,38,1.984000,12
53,39,1.570000,10
53,40,2.762000,12
53,41,1.780000,12
53,42,1.734000,10
53,43,1.839000,9
53,44,1.483000,7
53,45,2.226000,12
53,46,1.823000,13
53,47,2.668000,14
53,48,2.290000,11
53,49,2.277000,11
53,50,2.085000,11
53,51,2.203000,11
53,52,2.508000,11
53,53,2.257000,11
53,54,1.697000,11
53,55,1.924000,11
53,56,1.974000,11
53,57,1.871000,9
53,58,1.853000,9
53,59,1.570000,9
53,60,1.624000,9
53,61,1.568000,9
53,62,1.808000,9
53,63,2.473000,11
53,64,1.996000,9
53,65,2.084000,9
53,66,1.564000,9
53,67,2.149000,9
53,68,2.348000,11
53,69,2.190000,10
53,70,2.058000,10
53,71,2.049000,10
53,72,2.155000,10
53,73,2.271000,10
53,74,2.630000,10
53,75,2.196000,10
53,76,1.627000,6
53,77,1.788000,9
53,78,1.895000,9
53,79,1.277000,6
53,80,2.854000,11
53,81,1.830000,11
53,82,2.350000,14
53,83,3.043000,16
53,84,1.690000,12
53,85,1.480000,11
53,86,2.313000,13
53,87,2.185000,14
53,88,2.448000,14
53,89,2.116000,13
53,90,2.022000,14
53,91,2.149000,14
53,92,1.549000,8
53,93,1.842000,12
53,94,1.887000,11
53,95,2.022000,8
53,96,1.328000,6
54,1,2.210000,13
54,2,2.131000,13
54,3,2.514000,13
54,4,1.810000,13
54,5,2.603000,13
54,6,1.109000,11
54,7,2.469000,11
54,8,1.872000,11
54,9,2.514000,12
54,10,1.994000,12
54,11,2.165000,12
54,12,1.314000,11
54,13,3.032000,11
54,14,2.285000,11
54,15,1.879000,13
54,16,1.406000,9
54,17,1.832000,12
54,18,1.115000,7
54,19,1.991000,9
54,20,2.060000,12
54,21,2.288000,12
54,22,1.602000,11
54,23,2.279000,12
54,24,0.881000,12
54,25,1.663000,12
54,26,2.265000,12
54,27,1.992000,12
54,28,2.229000,12
54,29,1.824000,12
54,30,1.056000,9
54,31,1.819000,9
54,32,1.560000,9
54,33,2.564000,14
54,34,2.710000,17
54,35,2.029000,16
54,36,0.711000,11
54,37,1.993000,12
54,38,1.818000,12
54,39,1.081000,6
54,40,1.431000,12
54,41,2.041000,12
54,42,1.693000,9
54,43,1.486000,9
54,44,1.221000,7
54,45,2.170000,13
54,46,2.635000,14
54,47,3.390000,16
54,48,1.286000,11
54,49,2.192000,11
54,50,1.774000,11
54,51,2.194000,11
54,52,2.247000,11
54,53,2.379000,11
54,54,1.567000,11
54,55,1.991000,11
54,56,1.613000,9
54,57,2.303000,9
54,58,1.769000,9
54,59,1.818000,9
54,60,1.785000,9
54,61,1.993000,9
54,62,1.879000,9
54,63,1.142000,6
54,64,1.858000,9
54,65,1.921000,9
54,66,2.038000,11
54,67,1.683000,10
54,68,2.017000,10
54,69,2.339000,11
54,70,1.509000,6
54,71,1.411000,6
54,72,1.401000,6
54,73,1.623000,6
54,74,1.567000,6
54,75,1.797000,6
54,76,1.481000,6
54,77,2.079000,10
54,78,2.322000,9
54,79,1.538000,6
54,80,2.190000,11
54,81,2.476000,11
54,82,1.832000,13
54,83,1.469000,13
54,84,0.623000,11
54,85,1.991000,12
54,86,2.717000,14
54,87,3.146000,15
54,88,2.351000,14
54,89,1.682000,14
54,90,0.798000,14
54,91,2.295000,14
54,92,1.763000,11
54,93,1.779000,10
54,94,2.715000,17
54,95,1.680000,9
54,96,1.080000,6
55,1,2.766000,15
55,2,2.398000,15
55,3,2.723000,16
55,4,2.159000,13
55,5,2.160000,14
55,6,0.476000,12
55,7,2.323000,11
55,8,2.236000,11
55,9,2.473000,12
55,10,2.024000,12
55,11,1.807000,12
55,12,1.434000,11
55,13,2.061000,11
55,14,2.330000,11
55,15,2.379000,11
55,16,2.500000,14
55,17,1.231000,9
55,18,0.520000,12
55,19,2.021000,7
55,20,2.235000,9
55,21,2.290000,12
55,22,2.450000,12
55,23,1.692000,12
55,24,1.666000,12
55,25,2.151000,12
55,26,1.795000,12
55,27,2.072000,12
55,28,1.862000,11
55,29,2.622000,12
55,30,1.381000,9
55,31,1.951000,9
55,32,2.126000,12
55,33,2.559000,15
55,34,2.700000,14
55,35,1.859000,12
55,36,1.136000,12
55,37,2.033000,12
55,38,2.342000,12
55,39,1.326000,7
55,40,2.101000,12
55,41,2.732000,15
55,42,1.477000,9
55,43,1.842000,9
55,44,1.499000,7
55,45,2.444000,13
55,46,2.516000,14
55,47,2.188000,13
55,48,1.576000,11
55,49,2.300000,11
55,50,2.287000,11
55,51,1.888000,11
55,52,2.514000,11
55,53,1.932000,11
55,54,1.438000,11
55,55,2.273000,11
55,56,1.819000,9
55,57,1.530000,9
55,58,1.681000,9
55,59,1.726000,9
55,60,1.886000,9
55,61,2.150000,9
55,62,2.327000,9
55,63,1.086000,6
55,64,2.066000,9
55,65,2.237000,10
55,66,1.467000,10
55,67,2.056000,11
55,68,1.883000,11
55,69,2.592000,12
55,70,1.196000,6
55,71,1.407000,6
55,72,1.442000,6
55,73,1.272000,6
55,74,1.692000,6
55,75,1.144000,6
55,76,2.062000,11
55,77,1.121000,6
55,78,2.108000,10
55,79,1.435000,6
55,80,2.194000,11
55,81,1.640000,9
55,82,2.366000,12
55,83,2.166000,12
55,84,1.686000,11
55,85,1.806000,12
55,86,2.271000,15
55,87,2.845000,15
55,88,2.627000,13
55,89,2.036000,14
55,90,1.042000,14
55,91,2.352000,14
55,92,2.206000,11
55,93,2.320000,13
55,94,2.866000,13
55,95,2.041000,9
55,96,0.438000,6
56,1,2.512000,12
56,2,3.448000,14
56,3,2.656000,13
56,4,2.951000,13
56,5,1.686000,13
56,6,0.368000,13
56,7,2.004000,12
56,8,1.968000,11
56,9,2.548000,15
56,10,2.421000,12
56,11,2.421000,12
56,12,1.533000,11
56,13,2.509000,10
56,14,1.696000,11
56,15,1.636000,12
56,16,2.552000,13
56,17,2.779000,15
56,18,1.771000,15
56,19,1.770000,9
56,20,1.289000,9
56,21,2.006000,9
56,22,3.134000,13
56,23,1.871000,13
56,24,1.888000,13
56,25,2.462000,13
56,26,2.262000,13
56,27,2.278000,13
56,28,1.879000,11
56,29,1.650000,9
56,30,1.742000,11
56,31,2.009000,9
56,32,2.600000,12
56,33,2.589000,12
56,34,1.830000,11
56,35,2.001000,11
56,36,1.858000,12
56,37,2.426000,12
56,38,2.376000,13
56,39,2.094000,12
56,40,3.199000,15
56,41,2.502000,15
56,42,0.861000,12
56,43,2.471000,13
56,44,1.519000,9
56,45,2.743000,15
56,46,2.210000,14
56,47,2.143000,12
56,48,1.489000,12
56,49,2.350000,12
56,50,1.623000,11
56,51,1.798000,11
56,52,1.830000,10
56,53,2.122000,10
56,54,1.569000,10
56,55,1.820000,10
56,56,1.605000,10
56,57,2.124000,11
56,58,2.073000,11
56,59,2.674000,11
56,60,1.959000,10
56,61,2.558000,11
56,62,1.917000,9
56,63,2.002000,11
56,64,1.629000,9
56,65,1.782000,11
56,66,1.867000,11
56,67,2.125000,10
56,68,2.328000,11
56,69,2.334000,11
56,70,1.965000,10
56,71,2.147000,10
56,72,1.035000,10
56,73,1.626000,10
56,74,2.250000,10
56,75,1.654000,10
56,76,2.257000,10
56,77,2.309000,10
56,78,2.184000,11
56,79,2.360000,11
56,80,1.691000,10
56,81,2.133000,11
56,82,2.921000,14
56,83,2.385000,13
56,84,1.005000,12
56,85,2.550000,14
56,86,2.855000,15
56,87,2.911000,15
56,88,2.617000,15
56,89,1.827000,14
56,90,0.466000,14
56,91,2.362000,13
56,92,2.389000,13
56,93,1.963000,13
56,94,1.442000,7
56,95,1.809000,9
56,96,1.540000,6
57,1,2.371000,13
57,2,2.773000,14
57,3,2.887000,14
57,4,3.177000,15
57,5,2.357000,15
57,6,0.574000,14
57,7,3.312000,16
57,8,2.167000,11
57,9,2.405000,15
57,10,2.085000,12
57,11,1.774000,12
57,12,1.214000,12
57,13,2.115000,10
57,14,2.249000,12
57,15,2.407000,12
57,16,2.372000,11
57,17,2.944000,13
57,18,1.621000,13
57,19,1.132000,7
57,20,1.699000,9
57,21,2.145000,9
57,22,1.633000,9
57,23,2.309000,13
57,24,2.083000,13
57,25,2.040000,13
57,26,2.410000,13
57,27,1.776000,9
57,28,2.048000,12
57,29,1.569000,9
57,30,1.973000,11
57,31,2.115000,11
57,32,2.795000,15
57,33,2.384000,15
57,34,2.739000,12
57,35,1.260000,11
57,36,0.661000,12
57,37,2.214000,13
57,38,2.515000,13
57,39,1.676000,10
57,40,2.754000,15
57,41,2.820000,15
57,42,1.813000,12
57,43,2.361000,13
57,44,1.434000,8
57,45,2.595000,14
57,46,2.205000,12
57,47,2.531000,13
57,48,1.279000,15
57,49,2.493000,12
57,50,2.637000,13
57,51,1.786000,12
57,52,2.116000,11
57,53,2.080000,11
57,54,2.007000,14
57,55,2.302000,13
57,56,2.147000,13
57,57,2.838000,13
57,58,1.913000,11
57,59,2.093000,10
57,60,1.393000,11
57,61,2.033000,10
57,62,2.434000,10
57,63,2.108000,10
57,64,2.327000,10
57,65,1.960000,10
57,66,1.732000,10
57,67,2.007000,10
57,68,1.993000,10
57,69,2.785000,12
57,70,2.130000,10
57,71,2.446000,11
57,72,1.956000,10
57,73,2.651000,10
57,74,2.155000,11
57,75,2.373000,13
57,76,2.530000,11
57,77,2.511000,12
57,78,1.456000,11
57,79,2.493000,13
57,80,2.636000,11
57,81,2.521000,10
57,82,2.543000,13
57,83,2.123000,11
57,84,1.382000,12
57,85,2.491000,13
57,86,2.257000,13
57,87,3.493000,16
57,88,3.058000,15
57,89,2.183000,15
57,90,0.745000,16
57,91,2.859000,14
57,92,2.914000,16
57,93,2.349000,13
57,94,1.373000,7
57,95,2.053000,11
57,96,0.931000,5
58,1,1.871000,12
58,2,2.844000,14
58,3,2.521000,13
58,4,3.104000,14
58,5,1.855000,13
58,6,2.422000,12
58,7,2.412000,13
58,8,1.934000,11
58,9,2.587000,15
58,10,2.471000,12
58,11,2.487000,12
58,12,1.790000,12
58,13,2.603000,11
58,14,1.840000,11
58,15,2.543000,12
58,16,2.547000,12
58,17,2.548000,13
58,18,1.977000,12
58,19,1.872000,14
58,20,1.597000,9
58,21,2.185000,9
58,22,1.905000,9
58,23,1.801000,9
58,24,1.879000,9
58,25,3.245000,15
58,26,2.328000,13
58,27,1.339000,9
58,28,1.932000,12
58,29,2.028000,9
58,30,2.070000,11
58,31,2.575000,16
58,32,2.820000,16
58,33,2.597000,13
58,34,2.370000,12
58,35,2.204000,11
58,36,1.756000,12
58,37,2.504000,12
58,38,2.385000,13
58,39,1.905000,10
58,40,2.519000,14
58,41,2.763000,15
58,42,1.832000,14
58,43,2.898000,16
58,44,2.678000,14
58,45,2.408000,14
58,46,2.209000,14
58,47,3.278000,18
58,48,0.958000,14
58,49,2.415000,12
58,50,3.159000,12
58,51,2.594000,12
58,52,2.703000,13
58,53,2.760000,14
58,54,1.399000,12
58,55,2.779000,11
58,56,1.926000,12
58,57,2.541000,13
58,58,3.021000,16
58,59,3.199000,18
58,60,1.654000,15
58,61,2.160000,12
58,62,1.868000,10
58,63,2.753000,11
58,64,1.773000,10
58,65,2.275000,10
58,66,2.225000,14
58,67,2.704000,14
58,68,2.531000,12
58,69,2.005000,10
58,70,2.555000,10
58,71,2.312000,10
58,72,1.549000,10
58,73,2.549000,10
58,74,2.228000,10
58,75,2.303000,10
58,76,3.350000,10
58,77,2.409000,12
58,78,1.636000,12
58,79,2.504000,12
58,80,2.177000,12
58,81,3.413000,15
58,82,2.574000,11
58,83,2.044000,11
58,84,1.710000,12
58,85,2.746000,14
58,86,2.223000,14
58,87,2.932000,16
58,88,2.778000,16
58,89,2.087000,15
58,90,0.398000,12
58,91,1.976000,13
58,92,2.775000,14
58,93,3.036000,12
58,94,2.318000,7
58,95,2.213000,11
58,96,2.797000,27
59,1,2.496000,13
59,2,2.095000,13
59,3,2.768000,16
59,4,2.002000,11
59,5,2.352000,14
59,6,1.743000,13
59,7,2.693000,14
59,8,2.300000,14
59,9,2.733000,15
59,10,2.240000,13
59,11,2.551000,12
59,12,1.565000,12
59,13,2.446000,11
59,14,1.873000,12
59,15,1.982000,12
59,16,2.146000,12
59,17,2.134000,13
59,18,2.567000,15
59,19,3.135000,16
59,20,1.338000,7
59,21,1.627000,9
59,22,1.482000,9
59,23,1.401000,9
59,24,2.338000,9
59,25,2.165000,9
59,26,1.741000,9
59,27,1.867000,9
59,28,2.106000,9
59,29,1.653000,9
59,30,2.134000,11
59,31,3.276000,14
59,32,2.804000,14
59,33,2.437000,13
59,34,2.526000,12
59,35,2.405000,12
59,36,0.835000,12
59,37,2.279000,12
59,38,2.712000,15
59,39,2.368000,13
59,40,2.945000,16
59,41,1.661000,13
59,42,1.199000,12
59,43,3.170000,17
59,44,2.854000,13
59,45,2.990000,16
59,46,1.283000,7
59,47,1.910000,10
59,48,2.020000,14
59,49,2.350000,11
59,50,2.420000,12
59,51,2.532000,13
59,52,2.667000,13
59,53,2.489000,13
59,54,1.799000,13
59,55,2.433000,13
59,56,2.430000,12
59,57,4.153000,19
59,58,2.950000,17
59,59,2.697000,22
59,60,0.368000,17
59,61,3.266000,16
59,62,3.035000,15
59,63,2.526000,14
59,64,2.094000,9
59,65,1.541000,10
59,66,1.044000,12
59,67,2.544000,11
59,68,2.300000,12
59,69,2.231000,12
59,70,2.312000,11
59,71,2.169000,11
59,72,1.877000,11
59,73,2.982000,11
59,74,2.697000,11
59,75,2.779000,12
59,76,2.347000,12
59,77,1.698000,11
59,78,1.629000,11
59,79,2.228000,12
59,80,3.109000,12
59,81,2.020000,15
59,82,2.274000,12
59,83,2.339000,11
59,84,1.836000,12
59,85,3.276000,15
59,86,2.880000,15
59,87,2.712000,15
59,88,2.503000,16
59,89,2.214000,15
59,90,0.839000,16
59,91,2.840000,13
59,92,2.694000,14
59,93,2.231000,11
59,94,1.769000,9
59,95,1.960000,10
59,96,1.452000,8
60,1,2.493000,12
60,2,2.355000,12
60,3,3.771000,13
60,4,5.545000,16
60,5,3.516000,13
60,6,3.119000,15
60,7,2.636000,13
60,8,2.749000,15
60,9,4.709000,14
60,10,4.855000,13
60,11,3.465000,14
60,12,2.219000,12
60,13,2.009000,12
60,14,2.832000,12
60,15,3.174000,13
60,16,4.048000,12
60,17,4.040000,13
60,18,3.333000,14
60,19,2.060000,12
60,20,3.792000,15
60,21,3.717000,9
60,22,3.139000,9
60,23,3.349000,9
60,24,2.596000,9
60,25,1.582000,9
60,26,1.788000,9
60,27,2.642000,9
60,28,3.874000,9
60,29,3.586000,9
60,30,4.437000,16
60,31,2.627000,16
60,32,2.597000,14
60,33,4.018000,14
60,34,3.867000,12
60,35,4.173000,13
60,36,2.978000,14
60,37,2.257000,13
60,38,2.752000,15
60,39,3.428000,11
60,40,4.529000,13
60,41,4.937000,17
60,42,2.475000,11
60,43,2.824000,16
60,44,2.790000,12
60,45,4.804000,14
60,46,6.328000,16
60,47,4.246000,19
60,48,0.964000,13
60,49,2.951000,14
60,50,3.499000,13
60,51,4.932000,12
60,52,4.181000,13
60,53,3.775000,12
60,54,2.317000,13
60,55,3.482000,18
60,56,4.981000,18
60,57,6.654000,18
60,58,3.438000,12
60,59,3.277000,17
60,60,0.314000,15
60,61,2.462000,16
60,62,3.573000,15
60,63,4.966000,15
60,64,5.327000,15
60,65,4.007000,12
60,66,1.535000,11
60,67,2.391000,12
60,68,2.560000,12
60,69,4.035000,11
60,70,4.557000,11
60,71,4.358000,11
60,72,2.635000,10
60,73,2.649000,11
60,74,3.171000,12
60,75,4.095000,11
60,76,4.323000,13
60,77,3.800000,11
60,78,2.710000,12
60,79,1.793000,12
60,80,3.107000,14
60,81,5.121000,16
60,82,4.333000,14
60,83,3.003000,11
60,84,1.562000,13
60,85,2.668000,15
60,86,3.010000,12
60,87,5.068000,15
60,88,4.692000,16
60,89,3.865000,15
60,90,2.144000,13
60,91,2.689000,13
60,92,2.280000,12
60,93,2.242000,7
60,94,3.688000,9
60,95,3.854000,10
60,96,3.028000,8
61,1,3.508000,13
61,2,2.876000,12
61,3,2.719000,14
61,4,4.177000,17
61,5,3.498000,15
61,6,2.072000,11
61,7,2.566000,10
61,8,3.388000,13
61,9,3.182000,14
61,10,2.969000,14
61,11,3.011000,14
61,12,3.636000,14
61,13,3.748000,14
61,14,2.830000,12
61,15,3.332000,13
61,16,3.363000,13
61,17,3.131000,14
61,18,2.851000,13
61,19,3.816000,14
61,20,3.372000,16
61,21,3.259000,12
61,22,2.938000,12
61,23,3.153000,12
61,24,2.686000,12
61,25,3.315000,12
61,26,2.760000,12
61,27,2.889000,12
61,28,2.614000,12
61,29,2.738000,12
61,30,3.735000,15
61,31,3.236000,13
61,32,3.138000,14
61,33,3.085000,16
61,34,3.064000,12
61,35,4.552000,17
61,36,1.013000,15
61,37,3.508000,15
61,38,3.337000,13
61,39,2.989000,11
61,40,3.454000,13
61,41,2.956000,13
61,42,2.549000,12
61,43,4.145000,14
61,44,2.845000,10
61,45,2.712000,11
61,46,3.512000,15
61,47,2.279000,12
61,48,2.592000,9
61,49,2.383000,10
61,50,3.179000,10
61,51,2.392000,9
61,52,2.491000,10
61,53,3.618000,14
61,54,4.667000,18
61,55,4.226000,19
61,56,5.866000,20
61,57,3.231000,13
61,58,3.279000,13
61,59,1.386000,13
61,60,0.167000,12
61,61,3.026000,13
61,62,3.813000,14
61,63,3.140000,13
61,64,3.375000,14
61,65,3.017000,12
61,66,2.993000,13
61,67,3.516000,12
61,68,2.877000,12
61,69,3.814000,13
61,70,3.167000,11
61,71,3.168000,11
61,72,2.908000,11
61,73,2.943000,11
61,74,3.191000,11
61,75,3.164000,12
61,76,4.057000,13
61,77,3.301000,12
61,78,2.957000,14
61,79,3.682000,15
61,80,2.952000,13
61,81,3.301000,11
61,82,2.854000,11
61,83,2.684000,13
61,84,3.263000,13
61,85,2.566000,10
61,86,2.943000,11
61,87,3.188000,14
61,88,3.735000,15
61,89,4.486000,18
61,90,2.775000,16
61,91,2.895000,10
61,92,2.943000,12
61,93,2.466000,13
61,94,2.467000,10
61,95,2.466000,10
61,96,2.381000,8
62,1,3.180000,13
62,2,2.686000,12
62,3,3.697000,13
62,4,3.261000,13
62,5,3.586000,14
62,6,1.524000,10
62,7,3.356000,13
62,8,3.620000,12
62,9,3.906000,14
62,10,3.260000,14
62,11,3.092000,13
62,12,1.984000,13
62,13,3.802000,15
62,14,4.172000,15
62,15,4.402000,18
62,16,3.196000,13
62,17,2.863000,13
62,18,1.979000,15
62,19,3.618000,14
62,20,3.350000,16
62,21,3.226000,12
62,22,2.775000,12
62,23,3.002000,12
62,24,2.287000,12
62,25,3.406000,12
62,26,3.201000,12
62,27,3.186000,12
62,28,3.075000,11
62,29,3.516000,12
62,30,2.725000,14
62,31,3.835000,14
62,32,3.801000,14
62,33,4.363000,18
62,34,2.804000,13
62,35,3.767000,18
62,36,1.769000,14
62,37,3.854000,15
62,38,3.220000,12
62,39,3.157000,13
62,40,3.363000,13
62,41,3.224000,14
62,42,1.696000,7
62,43,2.840000,12
62,44,1.860000,6
62,45,2.817000,11
62,46,3.087000,12
62,47,2.998000,13
62,48,2.080000,9
62,49,1.799000,7
62,50,2.334000,7
62,51,2.969000,10
62,52,2.586000,10
62,53,2.157000,7
62,54,2.010000,7
62,55,2.960000,12
62,56,4.587000,18
62,57,4.912000,19
62,58,2.906000,12
62,59,2.913000,14
62,60,1.752000,12
62,61,3.153000,12
62,62,3.279000,12
62,63,3.781000,14
62,64,3.177000,12
62,65,4.590000,18
62,66,2.181000,13
62,67,3.413000,14
62,68,4.216000,13
62,69,3.528000,13
62,70,3.448000,12
62,71,3.173000,12
62,72,2.140000,11
62,73,3.624000,12
62,74,3.352000,13
62,75,4.360000,13
62,76,3.445000,13
62,77,3.331000,14
62,78,2.192000,13
62,79,4.522000,17
62,80,3.825000,14
62,81,3.853000,13
62,82,3.150000,13
62,83,3.353000,15
62,84,1.776000,11
62,85,3.616000,14
62,86,4.204000,15
62,87,3.329000,13
62,88,3.188000,14
62,89,3.647000,16
62,90,1.785000,16
62,91,2.972000,12
62,92,3.368000,12
62,93,3.144000,11
62,94,2.583000,9
62,95,2.918000,11
62,96,2.547000,8
63,1,3.178000,13
63,2,3.208000,12
63,3,2.723000,12
63,4,3.604000,16
63,5,2.906000,11
63,6,2.000000,10
63,7,2.568000,10
63,8,2.722000,10
63,9,2.781000,10
63,10,3.369000,13
63,11,3.707000,13
63,12,2.728000,12
63,13,2.497000,12
63,14,3.887000,14
63,15,5.072000,18
63,16,3.827000,18
63,17,2.904000,15
63,18,0.933000,15
63,19,3.985000,15
63,20,3.397000,14
63,21,3.028000,14
63,22,3.149000,11
63,23,3.216000,12
63,24,1.687000,12
63,25,2.895000,12
63,26,3.006000,12
63,27,3.092000,12
63,28,3.212000,12
63,29,3.689000,16
63,30,2.555000,14
63,31,3.753000,16
63,32,3.577000,13
63,33,4.135000,19
63,34,4.364000,16
63,35,2.642000,14
63,36,0.922000,11
63,37,3.405000,12
63,38,3.150000,12
63,39,2.325000,10
63,40,3.023000,13
63,41,2.490000,11
63,42,2.875000,12
63,43,3.170000,13
63,44,3.385000,13
63,45,2.584000,10
63,46,2.745000,11
63,47,3.530000,13
63,48,2.405000,9
63,49,2.158000,7
63,50,2.543000,9
63,51,3.172000,11
63,52,3.106000,11
63,53,2.978000,10
63,54,2.893000,10
63,55,1.940000,7
63,56,2.031000,7
63,57,2.160000,7
63,58,3.035000,10
63,59,2.815000,10
63,60,3.386000,13
63,61,3.170000,12
63,62,3.128000,12
63,63,2.662000,13
63,64,3.218000,14
63,65,3.299000,12
63,66,2.680000,12
63,67,3.615000,13
63,68,3.819000,13
63,69,3.264000,13
63,70,4.135000,14
63,71,2.977000,12
63,72,1.462000,12
63,73,3.740000,14
63,74,3.791000,13
63,75,4.033000,13
63,76,3.764000,15
63,77,2.891000,13
63,78,1.103000,15
63,79,3.598000,13
63,80,3.907000,16
63,81,3.175000,13
63,82,2.871000,11
63,83,2.749000,10
63,84,2.114000,10
63,85,2.943000,12
63,86,3.332000,11
63,87,3.201000,11
63,88,3.715000,13
63,89,3.250000,14
63,90,1.348000,14
63,91,3.520000,13
63,92,2.710000,10
63,93,2.304000,10
63,94,2.239000,9
63,95,3.558000,13
63,96,2.447000,8
64,1,2.401000,11
64,2,3.315000,12
64,3,3.137000,12
64,4,4.247000,14
64,5,2.888000,13
64,6,1.873000,10
64,7,3.024000,10
64,8,3.422000,13
64,9,3.335000,11
64,10,3.090000,13
64,11,2.653000,11
64,12,1.862000,10
64,13,3.198000,12
64,14,3.238000,14
64,15,3.105000,13
64,16,3.930000,17
64,17,3.270000,14
64,18,1.464000,13
64,19,2.843000,12
64,20,3.457000,14
64,21,3.549000,17
64,22,3.323000,11
64,23,3.110000,12
64,24,1.734000,12
64,25,3.409000,12
64,26,3.055000,12
64,27,2.854000,12
64,28,3.120000,12
64,29,3.622000,14
64,30,2.229000,14
64,31,3.656000,13
64,32,3.783000,12
64,33,3.117000,12
64,34,2.790000,12
64,35,3.163000,17
64,36,1.890000,11
64,37,3.034000,9
64,38,2.875000,12
64,39,2.613000,11
64,40,2.761000,11
64,41,3.110000,13
64,42,2.574000,11
64,43,2.447000,9
64,44,2.375000,10
64,45,4.173000,11
64,46,3.165000,12
64,47,3.291000,13
64,48,1.971000,8
64,49,3.198000,10
64,50,2.427000,7
64,51,2.005000,7
64,52,3.126000,10
64,53,1.667000,8
64,54,2.377000,8
64,55,2.959000,10
64,56,2.409000,10
64,57,3.217000,10
64,58,2.884000,9
64,59,2.429000,9
64,60,1.863000,7
64,61,3.036000,10
64,62,4.261000,15
64,63,3.739000,14
64,64,3.109000,12
64,65,2.715000,13
64,66,1.517000,13
64,67,4.055000,16
64,68,2.713000,9
64,69,3.803000,11
64,70,3.360000,11
64,71,1.931000,11
64,72,0.618000,11
64,73,3.452000,11
64,74,3.265000,11
64,75,4.151000,11
64,76,2.749000,12
64,77,2.708000,13
64,78,2.237000,14
64,79,3.709000,15
64,80,4.732000,17
64,81,3.266000,14
64,82,2.591000,7
64,83,2.549000,9
64,84,1.320000,18
64,85,3.198000,11
64,86,3.227000,13
64,87,2.609000,11
64,88,2.437000,10
64,89,3.384000,11
64,90,1.982000,9
64,91,2.769000,9
64,92,2.226000,10
64,93,3.090000,10
64,94,2.833000,9
64,95,2.377000,9
64,96,2.125000,8
65,1,2.648000,11
65,2,2.865000,12
65,3,2.616000,11
65,4,3.357000,12
65,5,2.956000,13
65,6,2.494000,12
65,7,2.649000,10
65,8,2.823000,10
65,9,3.109000,11
65,10,2.320000,9
65,11,2.689000,13
65,12,2.421000,13
65,13,3.237000,12
65,14,3.058000,10
65,15,3.037000,12
65,16,3.396000,14
65,17,3.507000,17
65,18,1.035000,14
65,19,3.092000,13
65,20,3.305000,13
65,21,3.273000,15
65,22,2.773000,12
65,23,2.381000,11
65,24,2.153000,12
65,25,2.761000,12
65,26,2.627000,12
65,27,3.201000,12
65,28,4.115000,17
65,29,3.414000,13
65,30,2.227000,17
65,31,3.318000,14
65,32,3.634000,15
65,33,4.154000,20
65,34,3.306000,15
65,35,2.109000,10
65,36,1.298000,10
65,37,2.636000,9
65,38,3.034000,11
65,39,3.384000,15
65,40,2.401000,10
65,41,2.583000,11
65,42,2.647000,12
65,43,2.395000,12
65,44,3.323000,13
65,45,2.928000,11
65,46,3.311000,14
65,47,3.477000,13
65,48,1.695000,10
65,49,3.026000,11
65,50,2.006000,7
65,51,2.578000,10
65,52,3.330000,11
65,53,2.122000,7
65,54,1.973000,7
65,55,2.651000,8
65,56,1.886000,8
65,57,3.431000,11
65,58,2.001000,7
65,59,2.013000,7
65,60,3.415000,14
65,61,3.526000,14
65,62,3.175000,10
65,63,2.306000,11
65,64,3.464000,15
65,65,3.941000,14
65,66,1.775000,12
65,67,3.520000,13
65,68,3.493000,14
65,69,3.070000,12
65,70,3.025000,11
65,71,2.848000,11
65,72,1.989000,11
65,73,3.054000,11
65,74,3.551000,11
65,75,2.624000,11
65,76,3.648000,13
65,77,3.243000,16
65,78,2.333000,16
65,79,3.889000,16
65,80,3.485000,13
65,81,3.421000,16
65,82,2.597000,11
65,83,3.014000,12
65,84,1.886000,13
65,85,2.648000,9
65,86,2.157000,9
65,87,3.295000,12
65,88,2.802000,11
65,89,2.203000,11
65,90,3.289000,12
65,91,2.206000,9
65,92,1.914000,8
65,93,2.732000,10
65,94,2.708000,11
65,95,2.055000,9
65,96,2.286000,8
66,1,2.207000,11
66,2,3.001000,12
66,3,3.026000,12
66,4,3.017000,13
66,5,4.191000,16
66,6,1.423000,7
66,7,3.143000,12
66,8,2.428000,9
66,9,2.369000,10
66,10,2.358000,11
66,11,3.581000,14
66,12,2.077000,13
66,13,2.656000,11
66,14,2.717000,9
66,15,3.268000,13
66,16,3.474000,14
66,17,3.233000,14
66,18,1.964000,18
66,19,3.238000,14
66,20,3.379000,14
66,21,3.902000,17
66,22,4.029000,15
66,23,2.219000,14
66,24,1.205000,13
66,25,3.226000,13
66,26,3.065000,13
66,27,3.504000,15
66,28,3.902000,19
66,29,2.736000,14
66,30,1.849000,17
66,31,4.030000,15
66,32,4.797000,20
66,33,5.021000,18
66,34,2.345000,10
66,35,1.512000,9
66,36,0.604000,9
66,37,3.631000,14
66,38,2.940000,11
66,39,2.903000,10
66,40,2.382000,11
66,41,2.696000,12
66,42,2.297000,9
66,43,3.180000,12
66,44,2.720000,11
66,45,3.090000,13
66,46,2.697000,12
66,47,2.567000,13
66,48,1.416000,8
66,49,2.942000,10
66,50,2.925000,10
66,51,2.259000,8
66,52,2.347000,8
66,53,2.253000,9
66,54,2.467000,9
66,55,1.518000,7
66,56,2.040000,7
66,57,2.468000,7
66,58,2.733000,10
66,59,2.265000,7
66,60,2.090000,7
66,61,1.960000,7
66,62,2.269000,8
66,63,3.155000,13
66,64,3.244000,12
66,65,2.898000,14
66,66,2.908000,15
66,67,3.341000,12
66,68,4.019000,15
66,69,3.675000,13
66,70,2.781000,12
66,71,2.587000,12
66,72,1.581000,12
66,73,3.115000,12
66,74,2.977000,13
66,75,2.462000,8
66,76,3.478000,14
66,77,2.646000,13
66,78,2.505000,15
66,79,4.899000,21
66,80,3.563000,13
66,81,2.663000,11
66,82,2.009000,8
66,83,2.560000,13
66,84,1.795000,11
66,85,2.010000,7
66,86,2.572000,7
66,87,2.163000,7
66,88,2.726000,11
66,89,3.056000,12
66,90,3.634000,15
66,91,1.932000,7
66,92,2.325000,9
66,93,2.520000,10
66,94,2.451000,10
66,95,2.488000,11
66,96,2.354000,8
67,1,2.371000,11
67,2,2.684000,12
67,3,3.096000,12
67,4,3.482000,13
67,5,3.733000,14
67,6,1.917000,9
67,7,2.838000,12
67,8,2.667000,9
67,9,2.936000,11
67,10,2.403000,10
67,11,3.594000,13
67,12,3.633000,14
67,13,2.830000,11
67,14,2.443000,9
67,15,3.209000,10
67,16,2.705000,10
67,17,3.394000,13
67,18,2.564000,14
67,19,3.029000,14
67,20,3.768000,16
67,21,3.373000,14
67,22,3.329000,18
67,23,2.171000,15
67,24,0.265000,13
67,25,2.858000,13
67,26,4.225000,15
67,27,4.156000,18
67,28,2.503000,12
67,29,2.623000,12
67,30,2.128000,17
67,31,3.908000,15
67,32,3.543000,12
67,33,2.924000,11
67,34,2.683000,9
67,35,2.624000,9
67,36,2.122000,11
67,37,3.586000,13
67,38,3.460000,14
67,39,2.690000,8
67,40,2.579000,11
67,41,2.787000,12
67,42,1.923000,9
67,43,3.619000,14
67,44,3.091000,12
67,45,3.969000,14
67,46,2.781000,12
67,47,3.231000,13
67,48,1.246000,8
67,49,2.246000,10
67,50,2.809000,11
67,51,3.410000,10
67,52,2.185000,7
67,53,2.358000,9
67,54,2.662000,9
67,55,2.314000,9
67,56,2.961000,9
67,57,3.290000,10
67,58,1.896000,8
67,59,2.347000,8
67,60,2.122000,8
67,61,1.939000,8
67,62,1.937000,7
67,63,2.573000,9
67,64,2.463000,9
67,65,3.558000,14
67,66,3.426000,14
67,67,3.624000,13
67,68,3.024000,13
67,69,3.069000,12
67,70,2.856000,12
67,71,2.976000,13
67,72,2.663000,17
67,73,2.682000,13
67,74,3.151000,12
67,75,3.372000,11
67,76,3.321000,13
67,77,3.076000,13
67,78,2.502000,21
67,79,2.949000,12
67,80,2.005000,7
67,81,2.821000,11
67,82,3.377000,16
67,83,2.988000,11
67,84,2.085000,10
67,85,2.333000,7
67,86,2.166000,7
67,87,3.562000,13
67,88,2.892000,12
67,89,2.801000,11
67,90,2.723000,13
67,91,2.329000,7
67,92,2.704000,9
67,93,2.968000,10
67,94,2.845000,11
67,95,3.108000,13
67,96,2.238000,8
68,1,2.418000,11
68,2,2.761000,12
68,3,2.888000,12
68,4,2.590000,11
68,5,4.262000,20
68,6,2.131000,14
68,7,2.501000,10
68,8,2.614000,10
68,9,2.996000,11
68,10,3.112000,11
68,11,1.735000,11
68,12,0.942000,11
68,13,3.489000,12
68,14,3.015000,13
68,15,2.796000,10
68,16,3.107000,10
68,17,3.126000,13
68,18,1.497000,13
68,19,3.111000,12
68,20,3.694000,16
68,21,2.893000,10
68,22,3.282000,13
68,23,3.472000,19
68,24,1.349000,15
68,25,3.821000,14
68,26,3.322000,16
68,27,3.401000,15
68,28,3.255000,10
68,29,2.599000,14
68,30,1.551000,17
68,31,3.136000,11
68,32,2.663000,10
68,33,2.446000,11
68,34,2.417000,9
68,35,2.389000,10
68,36,2.831000,11
68,37,2.737000,12
68,38,2.729000,11
68,39,3.165000,10
68,40,3.017000,13
68,41,2.014000,9
68,42,2.239000,11
68,43,2.897000,11
68,44,3.071000,12
68,45,2.601000,11
68,46,2.729000,12
68,47,3.309000,13
68,48,1.721000,11
68,49,3.066000,10
68,50,2.382000,10
68,51,2.697000,9
68,52,2.367000,10
68,53,1.896000,7
68,54,2.316000,9
68,55,3.075000,9
68,56,2.406000,9
68,57,2.427000,11
68,58,1.995000,7
68,59,1.964000,7
68,60,2.264000,7
68,61,2.153000,7
68,62,2.169000,8
68,63,2.646000,10
68,64,2.144000,8
68,65,2.635000,10
68,66,3.240000,13
68,67,5.448000,22
68,68,3.433000,12
68,69,3.325000,13
68,70,3.540000,13
68,71,1.568000,14
68,72,0.813000,15
68,73,2.908000,12
68,74,3.733000,13
68,75,2.636000,9
68,76,2.879000,12
68,77,2.550000,12
68,78,2.423000,16
68,79,2.219000,7
68,80,2.147000,8
68,81,2.767000,12
68,82,2.489000,7
68,83,3.218000,14
68,84,2.321000,9
68,85,1.982000,7
68,86,1.585000,7
68,87,3.266000,14
68,88,2.529000,9
68,89,3.260000,11
68,90,3.080000,12
68,91,2.831000,8
68,92,2.407000,10
68,93,2.933000,10
68,94,2.940000,11
68,95,2.263000,9
68,96,2.344000,8
69,1,2.574000,11
69,2,2.953000,12
69,3,3.607000,12
69,4,2.234000,7
69,5,3.005000,14
69,6,2.583000,14
69,7,2.279000,9
69,8,3.699000,10
69,9,2.414000,10
69,10,3.745000,12
69,11,2.673000,11
69,12,2.431000,12
69,13,2.829000,10
69,14,3.468000,12
69,15,3.062000,10
69,16,3.164000,10
69,17,2.769000,10
69,18,1.698000,8
69,19,3.519000,17
69,20,4.031000,17
69,21,3.141000,11
69,22,2.953000,12
69,23,3.020000,15
69,24,1.299000,16
69,25,3.799000,16
69,26,3.643000,16
69,27,3.043000,13
69,28,3.165000,12
69,29,3.125000,15
69,30,0.976000,14
69,31,2.815000,13
69,32,2.673000,12
69,33,2.629000,11
69,34,2.551000,9
69,35,2.806000,12
69,36,3.097000,13
69,37,2.878000,10
69,38,2.936000,11
69,39,2.311000,9
69,40,3.288000,12
69,41,3.335000,14
69,42,2.249000,9
69,43,2.355000,9
69,44,3.094000,12
69,45,3.094000,13
69,46,2.847000,12
69,47,2.781000,13
69,48,2.211000,11
69,49,2.582000,11
69,50,2.782000,10
69,51,2.686000,9
69,52,2.923000,10
69,53,2.667000,7
69,54,2.387000,9
69,55,2.432000,9
69,56,2.747000,9
69,57,1.961000,7
69,58,3.077000,10
69,59,2.413000,7
69,60,2.298000,10
69,61,1.763000,7
69,62,1.919000,7
69,63,2.431000,9
69,64,2.369000,7
69,65,3.290000,10
69,66,2.373000,11
69,67,3.274000,13
69,68,3.729000,16
69,69,3.169000,13
69,70,3.420000,13
69,71,3.200000,15
69,72,1.130000,15
69,73,3.422000,13
69,74,3.555000,13
69,75,2.917000,11
69,76,3.198000,13
69,77,3.704000,17
69,78,0.943000,12
69,79,2.947000,13
69,80,2.034000,7
69,81,3.521000,12
69,82,2.200000,7
69,83,2.061000,7
69,84,2.920000,13
69,85,1.646000,7
69,86,1.957000,7
69,87,3.862000,14
69,88,2.871000,13
69,89,2.725000,9
69,90,2.813000,12
69,91,2.573000,7
69,92,2.188000,9
69,93,3.452000,12
69,94,2.935000,12
69,95,2.495000,9
69,96,2.224000,8
70,1,2.120000,11
70,2,2.969000,12
70,3,3.912000,12
70,4,2.590000,7
70,5,2.773000,13
70,6,2.487000,14
70,7,3.141000,12
70,8,3.565000,11
70,9,3.001000,11
70,10,2.853000,10
70,11,2.618000,9
70,12,1.800000,12
70,13,2.178000,9
70,14,3.183000,12
70,15,3.560000,14
70,16,2.473000,10
70,17,2.281000,10
70,18,2.142000,13
70,19,2.854000,12
70,20,2.840000,12
70,21,3.921000,13
70,22,3.890000,17
70,23,3.073000,16
70,24,1.150000,15
70,25,3.454000,14
70,26,4.361000,16
70,27,3.309000,13
70,28,2.485000,10
70,29,1.353000,18
70,30,0.165000,13
70,31,2.949000,12
70,32,2.965000,12
70,33,3.272000,11
70,34,2.337000,9
70,35,2.876000,11
70,36,2.192000,13
70,37,2.666000,11
70,38,2.896000,11
70,39,3.688000,13
70,40,3.081000,13
70,41,2.814000,11
70,42,1.751000,9
70,43,3.255000,12
70,44,2.957000,12
70,45,2.614000,10
70,46,3.393000,12
70,47,2.888000,13
70,48,0.903000,11
70,49,2.796000,10
70,50,2.867000,11
70,51,2.320000,7
70,52,2.099000,7
70,53,1.795000,7
70,54,2.695000,9
70,55,2.414000,9
70,56,2.586000,9
70,57,2.826000,10
70,58,2.352000,8
70,59,2.360000,8
70,60,2.178000,8
70,61,2.265000,8
70,62,1.806000,8
70,63,2.786000,10
70,64,2.451000,8
70,65,2.651000,10
70,66,2.485000,10
70,67,2.568000,12
70,68,3.093000,13
70,69,3.048000,13
70,70,2.851000,13
70,71,2.771000,12
70,72,2.179000,12
70,73,3.972000,15
70,74,3.514000,14
70,75,2.647000,10
70,76,3.814000,15
70,77,3.051000,18
70,78,0.752000,12
70,79,2.094000,7
70,80,2.150000,8
70,81,3.074000,12
70,82,2.063000,7
70,83,2.497000,12
70,84,3.625000,13
70,85,2.223000,7
70,86,1.988000,7
70,87,3.480000,14
70,88,2.911000,12
70,89,2.208000,9
70,90,2.709000,12
70,91,2.044000,7
70,92,1.736000,7
70,93,2.132000,9
70,94,3.271000,12
70,95,2.688000,10
70,96,2.287000,8
71,1,2.249000,11
71,2,3.204000,12
71,3,3.185000,14
71,4,2.725000,10
71,5,3.787000,15
71,6,2.360000,15
71,7,2.714000,12
71,8,2.855000,11
71,9,3.044000,13
71,10,2.978000,10
71,11,2.386000,10
71,12,2.574000,10
71,13,2.329000,10
71,14,3.911000,12
71,15,3.058000,12
71,16,2.837000,11
71,17,3.226000,11
71,18,1.674000,11
71,19,3.247000,9
71,20,3.429000,12
71,21,2.955000,12
71,22,3.687000,15
71,23,3.055000,14
71,24,1.253000,12
71,25,2.684000,11
71,26,3.575000,14
71,27,2.918000,11
71,28,2.773000,11
71,29,3.840000,15
71,30,1.307000,13
71,31,3.245000,13
71,32,3.430000,13
71,33,2.955000,13
71,34,3.466000,13
71,35,3.097000,11
71,36,1.305000,11
71,37,3.243000,11
71,38,3.434000,13
71,39,2.017000,7
71,40,3.534000,13
71,41,2.899000,13
71,42,2.027000,11
71,43,3.243000,11
71,44,3.176000,12
71,45,3.295000,14
71,46,3.420000,15
71,47,2.662000,13
71,48,1.273000,8
71,49,2.718000,10
71,50,2.817000,10
71,51,2.309000,10
71,52,2.644000,10
71,53,2.403000,10
71,54,2.098000,10
71,55,3.437000,10
71,56,2.576000,9
71,57,2.461000,10
71,58,1.601000,7
71,59,2.298000,7
71,60,2.052000,7
71,61,2.061000,7
71,62,2.057000,7
71,63,2.519000,9
71,64,3.105000,10
71,65,2.934000,11
71,66,2.563000,10
71,67,2.997000,13
71,68,2.441000,8
71,69,2.976000,13
71,70,2.923000,12
71,71,3.338000,13
71,72,1.975000,12
71,73,3.401000,13
71,74,3.112000,12
71,75,2.466000,10
71,76,3.239000,15
71,77,3.543000,13
71,78,1.600000,10
71,79,2.855000,11
71,80,2.641000,7
71,81,2.413000,11
71,82,1.987000,7
71,83,3.643000,13
71,84,2.991000,15
71,85,1.576000,7
71,86,2.039000,7
71,87,3.324000,13
71,88,2.078000,8
71,89,3.077000,13
71,90,3.143000,13
71,91,2.477000,9
71,92,2.562000,9
71,93,2.889000,12
71,94,2.551000,9
71,95,2.638000,9
71,96,2.582000,8
72,1,2.307000,11
72,2,2.933000,12
72,3,3.452000,13
72,4,3.245000,11
72,5,3.502000,13
72,6,1.380000,10
72,7,2.698000,10
72,8,2.507000,10
72,9,2.751000,12
72,10,2.453000,11
72,11,2.710000,10
72,12,2.319000,10
72,13,2.594000,12
72,14,2.626000,11
72,15,3.257000,11
72,16,2.440000,12
72,17,2.870000,11
72,18,2.138000,12
72,19,3.329000,13
72,20,3.481000,12
72,21,3.998000,17
72,22,2.877000,11
72,23,2.404000,11
72,24,0.682000,10
72,25,3.112000,11
72,26,2.480000,10
72,27,2.473000,10
72,28,3.093000,13
72,29,4.049000,16
72,30,2.317000,14
72,31,3.384000,14
72,32,3.671000,13
72,33,2.983000,12
72,34,2.659000,12
72,35,3.007000,13
72,36,1.608000,11
72,37,2.919000,12
72,38,2.709000,10
72,39,4.080000,17
72,40,3.405000,14
72,41,2.837000,11
72,42,1.575000,8
72,43,2.400000,10
72,44,2.966000,12
72,45,3.369000,14
72,46,3.879000,15
72,47,3.123000,14
72,48,1.391000,8
72,49,2.919000,10
72,50,2.642000,10
72,51,3.114000,10
72,52,2.483000,10
72,53,3.128000,11
72,54,2.120000,11
72,55,2.408000,10
72,56,2.625000,9
72,57,1.719000,7
72,58,2.274000,9
72,59,2.125000,7
72,60,2.966000,10
72,61,1.997000,7
72,62,1.602000,7
72,63,3.044000,10
72,64,2.784000,11
72,65,2.837000,10
72,66,2.453000,10
72,67,3.218000,13
72,68,4.072000,18
72,69,3.237000,14
72,70,2.908000,13
72,71,2.956000,13
72,72,1.334000,13
72,73,3.413000,14
72,74,3.120000,13
72,75,4.674000,21
72,76,3.014000,13
72,77,1.302000,13
72,78,0.263000,11
72,79,2.642000,10
72,80,2.056000,8
72,81,2.991000,11
72,82,2.232000,7
72,83,3.189000,13
72,84,2.843000,12
72,85,2.616000,7
72,86,2.087000,7
72,87,2.880000,13
72,88,2.278000,8
72,89,3.630000,13
72,90,2.282000,14
72,91,2.315000,9
72,92,2.352000,9
72,93,3.011000,14
72,94,2.137000,9
72,95,2.992000,9
72,96,2.783000,8
73,1,2.865000,11
73,2,2.631000,12
73,3,3.305000,13
73,4,2.514000,10
73,5,3.137000,14
73,6,2.404000,11
73,7,3.252000,14
73,8,2.055000,9
73,9,3.733000,12
73,10,2.740000,11
73,11,3.077000,10
73,12,1.965000,10
73,13,3.035000,10
73,14,2.705000,10
73,15,3.290000,12
73,16,2.249000,8
73,17,2.449000,8
73,18,2.843000,12
73,19,2.864000,12
73,20,2.371000,8
73,21,3.152000,11
73,22,2.326000,10
73,23,2.827000,10
73,24,2.488000,10
73,25,2.928000,10
73,26,2.878000,10
73,27,2.832000,12
73,28,3.520000,12
73,29,2.457000,12
73,30,0.200000,13
73,31,2.928000,13
73,32,3.041000,13
73,33,3.421000,13
73,34,3.044000,12
73,35,3.153000,11
73,36,1.613000,11
73,37,2.625000,11
73,38,2.973000,10
73,39,2.612000,10
73,40,2.553000,9
73,41,2.598000,10
73,42,2.355000,7
73,43,2.947000,13
73,44,2.807000,12
73,45,3.243000,13
73,46,3.351000,15
73,47,3.258000,13
73,48,1.567000,8
73,49,2.580000,10
73,50,2.249000,10
73,51,2.456000,10
73,52,2.928000,10
73,53,3.300000,10
73,54,2.987000,10
73,55,2.634000,10
73,56,2.755000,9
73,57,2.948000,9
73,58,2.385000,9
73,59,2.466000,7
73,60,1.780000,7
73,61,1.949000,8
73,62,2.159000,8
73,63,2.903000,9
73,64,2.932000,10
73,65,2.692000,11
73,66,2.637000,10
73,67,3.322000,12
73,68,3.169000,14
73,69,3.646000,13
73,70,2.962000,12
73,71,3.538000,14
73,72,0.831000,14
73,73,3.201000,14
73,74,2.596000,13
73,75,2.699000,11
73,76,3.829000,14
73,77,3.678000,13
73,78,1.303000,10
73,79,2.863000,11
73,80,1.798000,7
73,81,2.553000,11
73,82,2.389000,7
73,83,3.186000,13
73,84,2.792000,8
73,85,1.885000,7
73,86,1.990000,7
73,87,3.035000,13
73,88,3.541000,14
73,89,4.572000,21
73,90,2.158000,12
73,91,2.532000,9
73,92,2.490000,9
73,93,3.270000,10
73,94,2.413000,9
73,95,2.754000,9
73,96,2.173000,8
74,1,2.528000,11
74,2,2.773000,12
74,3,3.596000,13
74,4,3.406000,12
74,5,3.592000,13
74,6,2.136000,14
74,7,2.755000,11
74,8,3.569000,12
74,9,3.482000,13
74,10,3.473000,12
74,11,2.537000,11
74,12,1.803000,10
74,13,2.265000,9
74,14,2.682000,10
74,15,3.365000,12
74,16,2.538000,11
74,17,2.451000,8
74,18,2.918000,12
74,19,3.262000,14
74,20,3.667000,12
74,21,3.429000,11
74,22,3.028000,10
74,23,3.047000,10
74,24,1.619000,10
74,25,3.228000,11
74,26,3.377000,11
74,27,3.203000,14
74,28,3.299000,12
74,29,3.185000,12
74,30,1.700000,16
74,31,3.071000,13
74,32,3.592000,12
74,33,3.350000,12
74,34,3.149000,11
74,35,2.569000,11
74,36,1.218000,11
74,37,2.508000,11
74,38,3.688000,12
74,39,3.116000,10
74,40,2.295000,9
74,41,2.699000,9
74,42,2.173000,8
74,43,2.961000,11
74,44,3.592000,12
74,45,3.089000,13
74,46,3.982000,15
74,47,3.092000,14
74,48,1.245000,8
74,49,3.217000,10
74,50,3.526000,10
74,51,3.205000,10
74,52,2.731000,10
74,53,2.811000,10
74,54,2.012000,11
74,55,2.762000,10
74,56,3.144000,9
74,57,2.487000,9
74,58,2.565000,9
74,59,1.835000,7
74,60,2.162000,10
74,61,2.077000,7
74,62,1.841000,7
74,63,3.348000,10
74,64,2.835000,11
74,65,2.773000,10
74,66,2.519000,10
74,67,3.114000,12
74,68,4.780000,21
74,69,3.733000,12
74,70,3.271000,13
74,71,2.451000,13
74,72,0.851000,13
74,73,2.957000,13
74,74,3.124000,13
74,75,1.883000,7
74,76,3.601000,12
74,77,3.068000,12
74,78,2.518000,11
74,79,2.582000,10
74,80,2.484000,8
74,81,3.379000,11
74,82,2.077000,7
74,83,3.171000,13
74,84,2.042000,8
74,85,2.120000,7
74,86,2.264000,7
74,87,4.338000,13
74,88,2.447000,8
74,89,3.607000,14
74,90,1.923000,7
74,91,2.470000,9
74,92,2.308000,9
74,93,2.534000,7
74,94,2.195000,8
74,95,2.599000,9
74,96,2.568000,8
75,1,2.765000,11
75,2,3.800000,12
75,3,3.437000,13
75,4,3.181000,10
75,5,3.356000,14
75,6,1.386000,13
75,7,2.995000,10
75,8,3.142000,10
75,9,2.889000,9
75,10,2.953000,12
75,11,2.903000,11
75,12,2.367000,10
75,13,2.996000,9
75,14,3.407000,10
75,15,3.280000,12
75,16,2.720000,11
75,17,3.693000,14
75,18,2.247000,12
75,19,3.994000,13
75,20,3.912000,12
75,21,2.558000,11
75,22,2.768000,10
75,23,2.061000,10
75,24,1.200000,10
75,25,3.344000,10
75,26,3.351000,11
75,27,3.161000,12
75,28,3.640000,14
75,29,2.697000,12
75,30,2.531000,17
75,31,3.777000,13
75,32,3.425000,12
75,33,3.368000,16
75,34,2.728000,10
75,35,2.747000,11
75,36,2.195000,11
75,37,4.624000,15
75,38,2.911000,12
75,39,2.085000,8
75,40,2.427000,10
75,41,2.344000,9
75,42,1.970000,8
75,43,2.995000,10
75,44,3.724000,12
75,45,3.258000,13
75,46,3.688000,15
75,47,3.265000,13
75,48,1.483000,8
75,49,3.008000,10
75,50,3.437000,10
75,51,2.912000,10
75,52,2.730000,10
75,53,3.177000,10
75,54,2.220000,10
75,55,3.995000,10
75,56,2.999000,9
75,57,2.482000,9
75,58,2.315000,9
75,59,2.209000,7
75,60,2.384000,8
75,61,2.157000,7
75,62,2.952000,8
75,63,2.257000,9
75,64,2.388000,10
75,65,2.918000,11
75,66,2.791000,10
75,67,3.998000,11
75,68,3.542000,13
75,69,2.720000,12
75,70,3.066000,12
75,71,3.245000,13
75,72,2.039000,13
75,73,3.996000,13
75,74,3.591000,13
75,75,3.175000,12
75,76,3.071000,12
75,77,2.698000,10
75,78,1.862000,10
75,79,3.413000,11
75,80,2.569000,7
75,81,2.707000,11
75,82,2.511000,7
75,83,3.152000,13
75,84,2.201000,8
75,85,2.383000,7
75,86,2.637000,7
75,87,3.339000,13
75,88,2.666000,11
75,89,5.666000,24
75,90,1.720000,9
75,91,3.521000,9
75,92,2.814000,9
75,93,2.323000,9
75,94,3.130000,14
75,95,3.686000,15
75,96,2.280000,8
76,1,2.604000,11
76,2,2.687000,12
76,3,3.282000,13
76,4,2.807000,10
76,5,3.736000,14
76,6,0.559000,14
76,7,2.426000,9
76,8,2.706000,12
76,9,2.882000,10
76,10,2.853000,12
76,11,3.069000,12
76,12,2.714000,11
76,13,2.428000,10
76,14,2.401000,9
76,15,3.095000,11
76,16,2.648000,11
76,17,2.597000,11
76,18,3.045000,12
76,19,3.225000,13
76,20,4.350000,19
76,21,2.080000,10
76,22,3.492000,16
76,23,3.028000,13
76,24,1.356000,11
76,25,2.859000,11
76,26,3.317000,14
76,27,3.954000,16
76,28,3.442000,14
76,29,1.238000,13
76,30,0.262000,12
76,31,3.018000,12
76,32,2.839000,12
76,33,3.754000,17
76,34,2.724000,10
76,35,3.142000,13
76,36,1.961000,12
76,37,2.673000,10
76,38,2.790000,10
76,39,2.979000,11
76,40,2.599000,10
76,41,2.724000,10
76,42,1.801000,7
76,43,2.428000,10
76,44,2.712000,12
76,45,3.236000,13
76,46,2.849000,14
76,47,3.186000,13
76,48,2.125000,9
76,49,2.620000,10
76,50,2.822000,10
76,51,2.868000,10
76,52,2.876000,10
76,53,2.437000,10
76,54,2.083000,10
76,55,2.428000,10
76,56,2.655000,10
76,57,2.824000,10
76,58,2.806000,10
76,59,2.815000,10
76,60,2.629000,10
76,61,2.284000,8
76,62,2.256000,10
76,63,2.944000,10
76,64,2.886000,11
76,65,3.059000,10
76,66,1.851000,8
76,67,3.544000,13
76,68,3.696000,16
76,69,2.872000,12
76,70,3.139000,13
76,71,2.853000,13
76,72,1.293000,13
76,73,3.082000,13
76,74,3.232000,14
76,75,2.724000,11
76,76,3.586000,13
76,77,2.822000,12
76,78,1.968000,11
76,79,2.861000,10
76,80,1.837000,8
76,81,2.660000,11
76,82,1.882000,7
76,83,2.990000,13
76,84,2.207000,8
76,85,3.002000,13
76,86,1.827000,7
76,87,3.887000,13
76,88,2.790000,11
76,89,3.839000,18
76,90,1.688000,8
76,91,2.430000,9
76,92,2.401000,9
76,93,2.403000,9
76,94,4.220000,15
76,95,3.206000,11
76,96,1.757000,8
77,1,2.119000,11
77,2,2.959000,12
77,3,3.231000,13
77,4,2.719000,10
77,5,3.108000,14
77,6,2.413000,14
77,7,2.464000,9
77,8,3.146000,13
77,9,1.871000,9
77,10,3.082000,12
77,11,3.179000,12
77,12,2.731000,11
77,13,2.985000,10
77,14,2.302000,9
77,15,3.463000,14
77,16,2.895000,11
77,17,2.612000,11
77,18,2.377000,15
77,19,3.065000,12
77,20,3.946000,15
77,21,3.238000,13
77,22,2.238000,7
77,23,2.044000,13
77,24,0.748000,11
77,25,2.953000,11
77,26,2.696000,11
77,27,2.586000,11
77,28,2.433000,10
77,29,4.945000,19
77,30,1.913000,12
77,31,3.728000,13
77,32,3.197000,13
77,33,4.899000,19
77,34,2.184000,9
77,35,2.345000,12
77,36,1.133000,11
77,37,2.659000,9
77,38,2.792000,10
77,39,1.419000,7
77,40,2.681000,10
77,41,2.736000,9
77,42,1.819000,7
77,43,2.718000,10
77,44,3.413000,12
77,45,3.640000,13
77,46,3.170000,14
77,47,2.998000,13
77,48,1.290000,12
77,49,2.534000,10
77,50,2.240000,10
77,51,2.316000,10
77,52,2.507000,10
77,53,2.319000,10
77,54,2.548000,10
77,55,2.948000,10
77,56,2.691000,11
77,57,2.388000,10
77,58,3.120000,11
77,59,2.853000,11
77,60,1.749000,8
77,61,2.725000,10
77,62,2.368000,8
77,63,2.171000,9
77,64,3.109000,10
77,65,3.227000,11
77,66,2.106000,10
77,67,3.270000,13
77,68,2.884000,12
77,69,2.890000,13
77,70,2.874000,12
77,71,2.685000,13
77,72,2.012000,13
77,73,2.652000,13
77,74,3.222000,13
77,75,3.167000,14
77,76,3.342000,13
77,77,2.193000,11
77,78,0.922000,10
77,79,3.138000,11
77,80,2.681000,10
77,81,2.682000,11
77,82,1.996000,7
77,83,3.262000,13
77,84,2.122000,8
77,85,3.886000,13
77,86,1.860000,7
77,87,3.013000,13
77,88,3.516000,13
77,89,3.123000,14
77,90,1.522000,9
77,91,2.339000,9
77,92,2.210000,9
77,93,1.836000,7
77,94,2.872000,14
77,95,3.214000,11
77,96,2.265000,8
78,1,2.560000,11
78,2,2.880000,12
78,3,3.155000,13
78,4,3.902000,13
78,5,3.040000,14
78,6,0.957000,14
78,7,2.736000,9
78,8,2.882000,11
78,9,2.477000,11
78,10,3.225000,13
78,11,3.075000,12
78,12,2.036000,11
78,13,2.535000,10
78,14,2.938000,10
78,15,2.884000,11
78,16,2.985000,11
78,17,2.959000,11
78,18,2.720000,14
78,19,4.000000,16
78,20,2.704000,13
78,21,3.455000,13
78,22,2.531000,12
78,23,2.833000,10
78,24,1.486000,11
78,25,2.900000,11
78,26,2.554000,11
78,27,2.189000,11
78,28,2.711000,11
78,29,3.600000,15
78,30,2.562000,12
78,31,3.128000,12
78,32,3.379000,13
78,33,3.304000,12
78,34,2.693000,11
78,35,3.039000,12
78,36,1.633000,12
78,37,1.913000,8
78,38,2.424000,10
78,39,2.122000,7
78,40,2.936000,9
78,41,2.506000,9
78,42,2.031000,7
78,43,3.126000,10
78,44,2.740000,12
78,45,3.448000,13
78,46,3.042000,14
78,47,3.118000,13
78,48,1.708000,12
78,49,2.738000,10
78,50,2.496000,10
78,51,3.142000,10
78,52,2.970000,10
78,53,2.742000,10
78,54,2.331000,10
78,55,2.623000,10
78,56,2.660000,10
78,57,2.731000,10
78,58,2.726000,10
78,59,2.947000,10
78,60,2.545000,10
78,61,2.063000,8
78,62,2.660000,10
78,63,2.667000,9
78,64,2.728000,10
78,65,2.246000,10
78,66,1.943000,8
78,67,2.559000,10
78,68,3.026000,12
78,69,2.509000,12
78,70,3.045000,13
78,71,2.627000,13
78,72,2.641000,13
78,73,2.958000,13
78,74,2.995000,13
78,75,3.777000,13
78,76,2.659000,13
78,77,3.131000,12
78,78,1.379000,11
78,79,2.526000,10
78,80,2.406000,8
78,81,2.479000,11
78,82,2.634000,7
78,83,3.553000,13
78,84,2.051000,8
78,85,2.914000,13
78,86,2.087000,7
78,87,2.923000,13
78,88,3.039000,11
78,89,2.527000,11
78,90,2.305000,9
78,91,2.433000,9
78,92,2.215000,9
78,93,1.941000,7
78,94,3.513000,14
78,95,2.516000,11
78,96,2.356000,8
79,1,2.159000,11
79,2,2.651000,12
79,3,3.257000,13
79,4,2.716000,10
79,5,3.459000,14
79,6,2.516000,14
79,7,2.432000,9
79,8,3.110000,10
79,9,2.341000,10
79,10,3.510000,13
79,11,3.132000,11
79,12,2.247000,11
79,13,2.489000,10
79,14,2.702000,10
79,15,2.805000,11
79,16,3.545000,11
79,17,2.710000,11
79,18,2.802000,12
79,19,3.434000,13
79,20,4.054000,15
79,21,2.364000,9
79,22,2.894000,12
79,23,2.649000,10
79,24,1.052000,9
79,25,3.214000,12
79,26,3.430000,13
79,27,2.924000,11
79,28,3.316000,14
79,29,3.551000,17
79,30,1.042000,13
79,31,3.442000,12
79,32,3.224000,14
79,33,3.041000,13
79,34,3.315000,9
79,35,2.847000,13
79,36,1.434000,10
79,37,3.243000,12
79,38,2.361000,9
79,39,2.011000,8
79,40,2.400000,9
79,41,2.241000,9
79,42,1.853000,7
79,43,2.550000,10
79,44,2.840000,12
79,45,2.694000,13
79,46,3.702000,14
79,47,3.513000,13
79,48,2.007000,13
79,49,2.836000,10
79,50,3.174000,10
79,51,2.930000,10
79,52,3.174000,10
79,53,2.528000,10
79,54,2.087000,10
79,55,2.841000,10
79,56,2.705000,10
79,57,2.487000,10
79,58,2.911000,11
79,59,2.594000,11
79,60,2.067000,8
79,61,2.701000,10
79,62,2.488000,8
79,63,2.687000,9
79,64,3.247000,11
79,65,3.037000,11
79,66,2.183000,10
79,67,2.089000,7
79,68,2.883000,11
79,69,2.715000,12
79,70,2.996000,12
79,71,3.024000,13
79,72,2.405000,13
79,73,3.346000,13
79,74,3.733000,13
79,75,3.533000,13
79,76,3.125000,12
79,77,2.437000,12
79,78,1.226000,8
79,79,2.518000,11
79,80,2.087000,7
79,81,2.811000,11
79,82,2.122000,7
79,83,2.939000,13
79,84,2.705000,8
79,85,3.322000,13
79,86,2.458000,7
79,87,3.312000,13
79,88,3.842000,15
79,89,3.086000,12
79,90,1.243000,10
79,91,2.105000,9
79,92,2.581000,9
79,93,2.221000,7
79,94,3.254000,15
79,95,3.348000,11
79,96,1.973000,8
80,1,2.309000,11
80,2,2.681000,12
80,3,3.181000,13
80,4,2.989000,10
80,5,3.411000,14
80,6,2.374000,14
80,7,2.129000,9
80,8,2.656000,10
80,9,3.344000,10
80,10,2.059000,8
80,11,3.422000,12
80,12,2.573000,11
80,13,2.715000,10
80,14,3.080000,10
80,15,3.322000,11
80,16,3.060000,11
80,17,3.068000,11
80,18,2.237000,12
80,19,3.241000,13
80,20,3.493000,13
80,21,2.685000,9
80,22,2.360000,9
80,23,3.358000,13
80,24,1.679000,10
80,25,2.306000,9
80,26,2.391000,11
80,27,2.842000,11
80,28,2.794000,12
80,29,3.749000,16
80,30,2.265000,13
80,31,2.939000,12
80,32,3.080000,13
80,33,3.311000,13
80,34,3.474000,13
80,35,2.170000,11
80,36,0.185000,9
80,37,2.476000,8
80,38,2.799000,9
80,39,2.157000,8
80,40,2.187000,9
80,41,2.153000,9
80,42,2.039000,7
80,43,2.527000,10
80,44,3.153000,12
80,45,3.705000,13
80,46,3.232000,14
80,47,2.667000,13
80,48,2.019000,12
80,49,2.314000,10
80,50,2.334000,10
80,51,2.966000,10
80,52,2.459000,10
80,53,3.072000,10
80,54,2.303000,10
80,55,2.523000,10
80,56,2.846000,10
80,57,2.910000,10
80,58,2.564000,10
80,59,2.975000,10
80,60,2.112000,10
80,61,2.306000,8
80,62,2.948000,10
80,63,2.666000,9
80,64,2.857000,10
80,65,3.303000,10
80,66,1.905000,8
80,67,2.306000,8
80,68,2.302000,11
80,69,3.251000,12
80,70,2.915000,13
80,71,3.467000,13
80,72,2.492000,13
80,73,2.915000,13
80,74,3.402000,13
80,75,2.959000,13
80,76,2.933000,13
80,77,3.307000,12
80,78,1.962000,11
80,79,2.860000,10
80,80,2.051000,8
80,81,3.178000,11
80,82,2.506000,7
80,83,3.085000,13
80,84,1.809000,8
80,85,3.129000,13
80,86,2.261000,7
80,87,2.977000,13
80,88,2.423000,8
80,89,2.984000,12
80,90,2.316000,10
80,91,2.309000,9
80,92,2.108000,9
80,93,2.577000,8
80,94,3.140000,15
80,95,2.184000,7
80,96,2.580000,8
81,1,2.437000,11
81,2,3.436000,12
81,3,2.908000,12
81,4,3.015000,10
81,5,3.677000,14
81,6,2.664000,14
81,7,2.770000,10
81,8,3.414000,11
81,9,3.191000,11
81,10,2.569000,8
81,11,3.182000,12
81,12,2.243000,12
81,13,2.280000,10
81,14,3.273000,10
81,15,3.229000,11
81,16,3.286000,11
81,17,2.443000,11
81,18,3.166000,13
81,19,3.398000,12
81,20,3.148000,13
81,21,2.556000,9
81,22,2.608000,9
81,23,2.573000,9
81,24,2.922000,13
81,25,3.040000,11
81,26,2.461000,9
81,27,3.090000,11
81,28,3.579000,14
81,29,3.364000,13
81,30,2.433000,13
81,31,3.260000,13
81,32,3.287000,13
81,33,3.019000,12
81,34,3.035000,10
81,35,2.409000,9
81,36,2.223000,9
81,37,2.272000,8
81,38,2.588000,9
81,39,2.622000,10
81,40,3.051000,9
81,41,2.978000,9
81,42,2.157000,7
81,43,2.553000,10
81,44,3.120000,12
81,45,3.353000,13
81,46,4.124000,18
81,47,2.639000,13
81,48,1.696000,9
81,49,2.560000,10
81,50,3.072000,10
81,51,2.775000,10
81,52,2.876000,10
81,53,2.396000,10
81,54,2.672000,10
81,55,3.108000,10
81,56,3.229000,10
81,57,2.674000,10
81,58,3.304000,11
81,59,3.365000,11
81,60,2.223000,11
81,61,3.119000,10
81,62,3.461000,11
81,63,2.671000,9
81,64,3.134000,11
81,65,2.279000,11
81,66,0.128000,9
81,67,2.474000,8
81,68,3.212000,11
81,69,3.998000,12
81,70,3.076000,12
81,71,2.909000,13
81,72,2.083000,13
81,73,3.011000,13
81,74,3.342000,13
81,75,3.693000,14
81,76,3.863000,12
81,77,2.924000,16
81,78,0.717000,8
81,79,2.770000,11
81,80,3.027000,10
81,81,2.980000,11
81,82,2.048000,7
81,83,3.617000,15
81,84,2.531000,8
81,85,3.845000,13
81,86,2.324000,7
81,87,3.582000,12
81,88,2.365000,8
81,89,3.788000,15
81,90,1.615000,9
81,91,2.148000,9
81,92,2.738000,9
81,93,2.217000,8
81,94,3.316000,14
81,95,2.309000,7
81,96,2.288000,8
82,1,2.371000,11
82,2,2.618000,12
82,3,3.176000,12
82,4,2.989000,10
82,5,3.282000,14
82,6,2.402000,14
82,7,2.705000,10
82,8,3.205000,11
82,9,2.153000,10
82,10,2.527000,10
82,11,2.864000,12
82,12,2.717000,12
82,13,2.655000,10
82,14,2.184000,10
82,15,2.778000,11
82,16,2.806000,11
82,17,2.692000,11
82,18,3.023000,13
82,19,3.005000,12
82,20,3.013000,13
82,21,2.441000,9
82,22,2.329000,9
82,23,2.201000,9
82,24,2.528000,11
82,25,2.782000,9
82,26,2.616000,8
82,27,2.457000,10
82,28,2.849000,11
82,29,3.022000,11
82,30,2.655000,12
82,31,2.810000,13
82,32,3.237000,12
82,33,2.336000,10
82,34,2.100000,8
82,35,2.371000,9
82,36,1.987000,9
82,37,2.258000,9
82,38,2.644000,9
82,39,2.215000,11
82,40,2.409000,9
82,41,2.243000,9
82,42,2.290000,7
82,43,2.251000,10
82,44,2.713000,12
82,45,2.955000,13
82,46,3.917000,18
82,47,2.969000,13
82,48,1.862000,12
82,49,2.147000,10
82,50,2.885000,10
82,51,2.476000,10
82,52,3.613000,10
82,53,2.818000,10
82,54,2.293000,10
82,55,3.005000,10
82,56,2.950000,10
82,57,2.419000,10
82,58,2.527000,10
82,59,2.084000,10
82,60,2.566000,10
82,61,2.783000,11
82,62,2.791000,10
82,63,2.572000,9
82,64,2.544000,10
82,65,2.182000,9
82,66,2.014000,8
82,67,1.824000,8
82,68,2.823000,11
82,69,3.169000,12
82,70,3.201000,13
82,71,2.640000,13
82,72,1.697000,13
82,73,3.319000,13
82,74,3.037000,13
82,75,3.041000,14
82,76,3.272000,14
82,77,3.189000,13
82,78,0.657000,11
82,79,2.718000,10
82,80,2.855000,11
82,81,2.976000,11
82,82,2.692000,7
82,83,3.050000,15
82,84,1.637000,8
82,85,3.743000,13
82,86,2.471000,7
82,87,2.813000,12
82,88,2.805000,11
82,89,3.297000,15
82,90,1.457000,10
82,91,2.037000,9
82,92,2.008000,9
82,93,2.490000,9
82,94,3.901000,15
82,95,1.769000,7
82,96,2.264000,8
83,1,2.486000,11
83,2,2.712000,12
83,3,3.079000,12
83,4,2.928000,11
83,5,3.854000,15
83,6,2.412000,14
83,7,2.995000,10
83,8,3.105000,11
83,9,3.063000,11
83,10,2.373000,7
83,11,2.988000,12
83,12,2.343000,12
83,13,2.268000,10
83,14,2.484000,10
83,15,3.203000,11
83,16,2.419000,11
83,17,3.273000,11
83,18,2.173000,13
83,19,3.399000,13
83,20,3.810000,17
83,21,2.317000,9
83,22,2.429000,9
83,23,2.454000,9
83,24,2.041000,9
83,25,3.331000,9
83,26,2.786000,9
83,27,2.400000,9
83,28,2.465000,10
83,29,3.673000,16
83,30,2.094000,12
83,31,3.177000,14
83,32,3.135000,12
83,33,2.740000,12
83,34,2.533000,8
83,35,2.645000,8
83,36,2.308000,9
83,37,2.278000,9
83,38,2.259000,9
83,39,2.217000,9
83,40,2.317000,9
83,41,2.246000,9
83,42,2.279000,7
83,43,3.170000,12
83,44,2.959000,12
83,45,3.034000,13
83,46,4.056000,17
83,47,2.966000,13
83,48,0.994000,13
83,49,2.766000,10
83,50,2.374000,10
83,51,3.157000,10
83,52,2.115000,10
83,53,3.090000,10
83,54,2.293000,10
83,55,2.981000,10
83,56,2.598000,10
83,57,2.326000,10
83,58,2.372000,10
83,59,3.377000,11
83,60,2.669000,11
83,61,2.880000,10
83,62,3.399000,11
83,63,2.521000,9
83,64,2.372000,10
83,65,3.121000,11
83,66,2.092000,9
83,67,2.638000,8
83,68,2.964000,11
83,69,2.792000,12
83,70,3.195000,12
83,71,3.221000,13
83,72,2.294000,13
83,73,2.672000,13
83,74,3.061000,13
83,75,3.414000,14
83,76,3.745000,14
83,77,3.619000,18
83,78,0.834000,8
83,79,3.170000,11
83,80,2.572000,10
83,81,2.592000,11
83,82,1.868000,7
83,83,4.127000,15
83,84,2.214000,8
83,85,4.128000,13
83,86,2.326000,7
83,87,3.388000,12
83,88,3.161000,11
83,89,2.211000,14
83,90,0.321000,13
83,91,2.767000,9
83,92,2.307000,9
83,93,2.842000,10
83,94,3.501000,15
83,95,2.312000,7
83,96,2.490000,8
84,1,2.351000,11
84,2,3.597000,12
84,3,3.104000,12
84,4,3.476000,11
84,5,3.180000,15
84,6,2.450000,14
84,7,3.096000,10
84,8,3.278000,11
84,9,2.375000,10
84,10,2.826000,11
84,11,3.509000,12
84,12,2.556000,12
84,13,2.998000,10
84,14,3.493000,10
84,15,3.408000,12
84,16,2.851000,11
84,17,2.980000,11
84,18,2.357000,13
84,19,3.843000,11
84,20,4.133000,16
84,21,3.463000,12
84,22,2.984000,10
84,23,2.142000,9
84,24,1.021000,9
84,25,3.416000,9
84,26,3.115000,9
84,27,2.586000,12
84,28,3.158000,11
84,29,3.745000,17
84,30,1.010000,12
84,31,3.946000,13
84,32,3.116000,10
84,33,2.126000,8
84,34,2.272000,8
84,35,2.329000,8
84,36,2.329000,9
84,37,3.570000,10
84,38,3.124000,9
84,39,2.205000,9
84,40,2.108000,9
84,41,2.560000,9
84,42,2.147000,7
84,43,3.881000,12
84,44,3.707000,12
84,45,3.115000,13
84,46,4.217000,17
84,47,2.945000,13
84,48,0.449000,13
84,49,3.090000,10
84,50,3.276000,10
84,51,2.710000,10
84,52,3.032000,10
84,53,3.078000,10
84,54,2.027000,10
84,55,3.416000,10
84,56,3.276000,10
84,57,2.464000,10
84,58,2.544000,10
84,59,2.777000,10
84,60,2.659000,10
84,61,3.298000,11
84,62,3.697000,10
84,63,2.751000,9
84,64,2.877000,11
84,65,2.685000,9
84,66,1.854000,8
84,67,3.077000,8
84,68,3.296000,11
84,69,3.274000,12
84,70,2.875000,13
84,71,2.893000,13
84,72,2.357000,13
84,73,3.417000,13
84,74,3.752000,13
84,75,3.426000,14
84,76,4.242000,15
84,77,2.964000,14
84,78,0.851000,11
84,79,2.521000,10
84,80,4.395000,11
84,81,3.189000,11
84,82,2.091000,7
84,83,3.356000,15
84,84,1.942000,8
84,85,2.701000,7
84,86,2.720000,7
84,87,3.354000,12
84,88,3.894000,17
84,89,3.074000,14
84,90,2.508000,13
84,91,2.670000,9
84,92,3.611000,10
84,93,3.028000,11
84,94,3.468000,15
84,95,2.470000,10
84,96,1.812000,8
85,1,2.020000,11
85,2,2.851000,12
85,3,3.393000,12
85,4,2.984000,11
85,5,3.718000,15
85,6,2.863000,14
85,7,2.476000,10
85,8,2.758000,11
85,9,2.498000,10
85,10,2.728000,10
85,11,3.321000,12
85,12,2.985000,12
85,13,2.521000,10
85,14,2.651000,10
85,15,3.016000,12
85,16,2.421000,11
85,17,2.940000,11
85,18,2.868000,12
85,19,2.948000,11
85,20,4.148000,15
85,21,3.562000,15
85,22,2.395000,10
85,23,2.738000,9
85,24,1.798000,10
85,25,2.799000,9
85,26,3.072000,9
85,27,2.120000,9
85,28,2.530000,9
85,29,4.401000,16
85,30,2.593000,12
85,31,2.909000,11
85,32,3.623000,12
85,33,2.645000,11
85,34,2.217000,8
85,35,2.425000,8
85,36,2.362000,9
85,37,2.190000,8
85,38,2.750000,9
85,39,2.615000,9
85,40,2.134000,9
85,41,2.677000,9
85,42,2.373000,7
85,43,2.636000,13
85,44,3.526000,12
85,45,3.397000,13
85,46,3.895000,17
85,47,1.363000,13
85,48,0.308000,13
85,49,2.883000,10
85,50,2.365000,10
85,51,2.720000,10
85,52,2.612000,10
85,53,2.342000,10
85,54,3.133000,10
85,55,2.958000,10
85,56,2.807000,10
85,57,2.897000,10
85,58,2.641000,10
85,59,3.112000,11
85,60,2.524000,11
85,61,2.771000,10
85,62,2.771000,11
85,63,2.298000,9
85,64,2.140000,10
85,65,2.607000,10
85,66,2.592000,9
85,67,2.078000,8
85,68,3.490000,13
85,69,2.968000,12
85,70,2.985000,12
85,71,3.488000,13
85,72,2.286000,13
85,73,2.795000,13
85,74,2.771000,13
85,75,3.308000,14
85,76,3.446000,15
85,77,3.421000,15
85,78,1.837000,8
85,79,2.797000,11
85,80,3.054000,10
85,81,2.501000,11
85,82,1.880000,7
85,83,3.859000,15
85,84,2.466000,8
85,85,2.205000,7
85,86,1.669000,7
85,87,3.161000,12
85,88,2.781000,12
85,89,3.773000,14
85,90,2.983000,13
85,91,2.459000,9
85,92,2.480000,10
85,93,2.877000,11
85,94,3.495000,15
85,95,2.775000,10
85,96,2.640000,8
86,1,3.317000,11
86,2,3.556000,13
86,3,2.142000,12
86,4,1.959000,10
86,5,2.299000,12
86,6,1.883000,14
86,7,3.228000,11
86,8,3.489000,11
86,9,1.951000,11
86,10,1.856000,11
86,11,2.802000,12
86,12,1.905000,13
86,13,3.692000,10
86,14,3.211000,10
86,15,2.045000,11
86,16,2.197000,11
86,17,2.065000,11
86,18,0.497000,14
86,19,3.971000,12
86,20,3.864000,16
86,21,2.621000,12
86,22,1.742000,9
86,23,1.849000,9
86,24,1.491000,9
86,25,3.450000,9
86,26,2.415000,9
86,27,1.892000,9
86,28,1.872000,9
86,29,3.273000,19
86,30,1.496000,11
86,31,4.104000,11
86,32,2.439000,9
86,33,1.927000,10
86,34,1.468000,8
86,35,1.595000,8
86,36,1.819000,9
86,37,3.266000,9
86,38,2.673000,9
86,39,2.925000,9
86,40,1.904000,9
86,41,2.309000,9
86,42,1.288000,7
86,43,3.865000,12
86,44,3.073000,12
86,45,2.544000,13
86,46,2.885000,17
86,47,2.509000,13
86,48,0.313000,13
86,49,3.755000,10
86,50,3.041000,10
86,51,2.068000,10
86,52,1.826000,10
86,53,1.931000,10
86,54,2.228000,10
86,55,3.756000,10
86,56,3.534000,10
86,57,2.082000,10
86,58,2.319000,10
86,59,2.074000,10
86,60,1.506000,10
86,61,3.899000,11
86,62,3.179000,10
86,63,2.094000,9
86,64,1.746000,10
86,65,2.267000,11
86,66,1.371000,8
86,67,3.190000,8
86,68,3.646000,12
86,69,2.315000,12
86,70,2.083000,13
86,71,2.485000,13
86,72,1.716000,13
86,73,4.435000,13
86,74,3.281000,13
86,75,2.547000,14
86,76,2.301000,12
86,77,2.810000,16
86,78,0.597000,11
86,79,3.756000,10
86,80,2.796000,11
86,81,2.248000,11
86,82,1.408000,7
86,83,2.253000,16
86,84,1.928000,9
86,85,3.169000,7
86,86,2.423000,7
86,87,2.928000,12
86,88,2.243000,12
86,89,2.241000,14
86,90,2.002000,13
86,91,3.754000,10
86,92,3.582000,13
86,93,1.883000,10
86,94,3.244000,15
86,95,2.359000,11
86,96,1.111000,8
87,1,1.685000,11
87,2,2.805000,13
87,3,2.422000,12
87,4,1.928000,10
87,5,1.951000,12
87,6,1.970000,14
87,7,2.339000,9
87,8,2.208000,10
87,9,3.090000,12
87,10,2.147000,11
87,11,2.195000,13
87,12,1.239000,14
87,13,2.177000,10
87,14,2.261000,10
87,15,2.241000,12
87,16,2.210000,11
87,17,1.540000,11
87,18,1.699000,15
87,19,2.607000,13
87,20,2.875000,14
87,21,2.384000,12
87,22,1.792000,9
87,23,1.597000,9
87,24,1.394000,9
87,25,2.339000,9
87,26,2.319000,9
87,27,1.792000,9
87,28,2.591000,9
87,29,1.882000,11
87,30,1.543000,12
87,31,1.731000,10
87,32,1.660000,9
87,33,2.648000,10
87,34,1.816000,8
87,35,1.641000,8
87,36,1.532000,9
87,37,1.409000,8
87,38,1.595000,9
87,39,1.900000,9
87,40,2.165000,9
87,41,2.014000,9
87,42,0.867000,7
87,43,2.501000,12
87,44,3.009000,12
87,45,2.490000,13
87,46,3.416000,19
87,47,1.423000,13
87,48,0.520000,13
87,49,2.713000,10
87,50,1.994000,10
87,51,1.795000,10
87,52,2.355000,10
87,53,1.756000,10
87,54,1.119000,10
87,55,1.919000,10
87,56,1.982000,10
87,57,2.273000,10
87,58,1.761000,10
87,59,1.767000,10
87,60,1.760000,11
87,61,2.189000,10
87,62,2.079000,11
87,63,2.188000,9
87,64,1.899000,11
87,65,2.060000,9
87,66,1.218000,9
87,67,2.619000,8
87,68,3.304000,15
87,69,2.609000,12
87,70,2.232000,12
87,71,0.688000,13
87,72,0.203000,13
87,73,2.339000,13
87,74,2.818000,13
87,75,2.175000,14
87,76,2.318000,14
87,77,2.813000,16
87,78,0.540000,8
87,79,2.184000,11
87,80,1.943000,10
87,81,2.490000,11
87,82,1.226000,7
87,83,2.689000,16
87,84,1.207000,10
87,85,2.008000,7
87,86,1.699000,7
87,87,2.618000,12
87,88,2.855000,12
87,89,2.575000,14
87,90,1.285000,12
87,91,2.119000,9
87,92,3.166000,13
87,93,2.156000,10
87,94,2.526000,15
87,95,1.600000,10
87,96,1.193000,8
88,1,1.809000,11
88,2,2.352000,13
88,3,2.415000,12
88,4,2.044000,10
88,5,2.401000,12
88,6,1.407000,14
88,7,1.553000,9
88,8,1.936000,9
88,9,2.174000,12
88,10,2.309000,15
88,11,1.879000,12
88,12,2.202000,14
88,13,1.933000,10
88,14,2.057000,10
88,15,2.191000,12
88,16,1.529000,11
88,17,2.649000,11
88,18,1.720000,15
88,19,2.066000,12
88,20,2.342000,13
88,21,2.142000,12
88,22,1.571000,9
88,23,1.871000,9
88,24,1.406000,9
88,25,1.941000,9
88,26,1.826000,9
88,27,2.075000,9
88,28,1.779000,9
88,29,1.912000,11
88,30,1.840000,11
88,31,2.068000,10
88,32,1.534000,12
88,33,1.556000,10
88,34,1.459000,8
88,35,1.443000,8
88,36,1.771000,9
88,37,1.554000,8
88,38,2.011000,9
88,39,2.544000,9
88,40,1.987000,9
88,41,1.687000,9
88,42,1.446000,7
88,43,2.595000,12
88,44,2.272000,12
88,45,3.044000,13
88,46,2.929000,17
88,47,0.504000,13
88,48,0.218000,13
88,49,2.070000,10
88,50,1.890000,10
88,51,2.021000,10
88,52,1.681000,10
88,53,2.186000,10
88,54,1.930000,10
88,55,1.784000,10
88,56,1.394000,10
88,57,2.193000,10
88,58,2.148000,10
88,59,1.751000,10
88,60,1.856000,10
88,61,2.242000,11
88,62,1.912000,10
88,63,2.344000,9
88,64,2.438000,10
88,65,2.182000,11
88,66,0.865000,8
88,67,1.548000,8
88,68,2.699000,13
88,69,2.451000,12
88,70,1.953000,13
88,71,2.353000,13
88,72,1.417000,13
88,73,2.134000,13
88,74,2.695000,13
88,75,2.798000,14
88,76,2.607000,15
88,77,2.140000,16
88,78,0.316000,11
88,79,1.432000,10
88,80,2.523000,11
88,81,2.062000,11
88,82,1.498000,7
88,83,2.600000,16
88,84,1.530000,10
88,85,1.409000,7
88,86,1.761000,7
88,87,2.186000,12
88,88,2.085000,12
88,89,2.455000,14
88,90,1.930000,12
88,91,1.968000,10
88,92,1.889000,11
88,93,2.188000,10
88,94,2.635000,15
88,95,1.809000,11
88,96,1.280000,8
