C_B OVERRIDE: 0.001
ieee123C_1ph T=6: nx=51, nu=791, nc=562, dense nu^2=625681, reduced=229
TERMINAL_SOC soft=1 gamma=1.750000e+04
build complete: 1.928 s, nc=562
constructing dynamic Solver storage...
optimality_tolerance=1.000e-07 max_iterations=400
Solver construction complete: 0.272 s
entering solve! ...
   
 _____ _ _ _            ____  ____  ____  
|  ___(_) | |_ ___ _ __|  _ \|  _ \|  _ \ 
| |_  | | | __/ _ \ '__| | | | | | | |_) |
|  _| | | | ||  __/ |  | |_| | |_| |  __/ 
|_|   |_|_|\__\___|_|  |____/|____/|_|                 
    
FILTERDDP_TIMING iteration=0 barrier_iteration=0 stage=6 derivative_s=0.258220100 first_order_s=0.076274700 second_order_s=0.088316100 algebra_s=1.066361100 kkt_assembly_s=1.407791700 factor_s=0.183646000 solve_s=0.071276200 update_s=0.474661100 K_nnz=5269 rhs_cols=52 Vxx_nnz=2601
FILTERDDP_TIMING iteration=0 barrier_iteration=0 stage=5 derivative_s=0.059124900 first_order_s=0.047087800 second_order_s=0.011980900 algebra_s=0.000426500 kkt_assembly_s=0.120620900 factor_s=0.002245600 solve_s=0.000938100 update_s=0.159197200 K_nnz=5269 rhs_cols=52 Vxx_nnz=2601
FILTERDDP_TIMING iteration=0 barrier_iteration=0 stage=4 derivative_s=0.000679400 first_order_s=0.000560900 second_order_s=0.000072700 algebra_s=0.000416000 kkt_assembly_s=0.000993600 factor_s=0.002167300 solve_s=0.000939500 update_s=0.000278500 K_nnz=5269 rhs_cols=52 Vxx_nnz=2601
FILTERDDP_TIMING iteration=0 barrier_iteration=0 stage=3 derivative_s=0.000627400 first_order_s=0.000534400 second_order_s=0.000057800 algebra_s=0.000454400 kkt_assembly_s=0.000863900 factor_s=0.002009600 solve_s=0.000913500 update_s=0.000239500 K_nnz=5269 rhs_cols=52 Vxx_nnz=2601
FILTERDDP_TIMING iteration=0 barrier_iteration=0 stage=2 derivative_s=0.002225100 first_order_s=0.001984000 second_order_s=0.000198100 algebra_s=0.001001400 kkt_assembly_s=0.002753800 factor_s=0.006745000 solve_s=0.003106900 update_s=0.000598600 K_nnz=5269 rhs_cols=52 Vxx_nnz=2601
FILTERDDP_TIMING iteration=0 barrier_iteration=0 stage=1 derivative_s=0.001532000 first_order_s=0.001385300 second_order_s=0.000117500 algebra_s=0.000461100 kkt_assembly_s=0.000887500 factor_s=0.002003500 solve_s=0.000989400 update_s=0.000270600 K_nnz=5269 rhs_cols=52 Vxx_nnz=2601
FILTERDDP_FEASIBILITY iteration=0 barrier_iteration=0 equality_count=3372 equality_rms=4.305296482273e-02 equality_max=1.000000000000e+00 equality_worst_stage=6 equality_worst_index=1 dynamics_count=255 dynamics_rms=0.000000000000e+00 dynamics_max=0.000000000000e+00 dynamics_worst_stage=0 dynamics_worst_index=0 bound_count=4902 bound_rms=0.000000000000e+00 bound_max=0.000000000000e+00 bound_worst_stage=0 bound_worst_index=0 bound_worst_kind=none
  iter     objective        pr_inf       du_inf       cs_inf     lg(╬╝)   lg(reg)    alpha     ls
     0   3.36000000e+03   1.0000e+00   7.6685e+02   1.0000e+00    0.00      -     0.0000e+00   0
FILTERDDP_ITER_TIMING iteration=0 barrier_iteration=0 backward_s=11.498498400 forward_s=0.821328800 total_s=12.319827200 outcome=accepted step_size=6.250000000e-02 backtracks=0 mu=1.000000000e+00
FILTERDDP_TIMING iteration=1 barrier_iteration=0 stage=6 derivative_s=0.002484700 first_order_s=0.002227700 second_order_s=0.000187200 algebra_s=0.003770800 kkt_assembly_s=0.016875700 factor_s=0.002139300 solve_s=0.001005400 update_s=0.000972900 K_nnz=5269 rhs_cols=52 Vxx_nnz=2601
FILTERDDP_TIMING iteration=1 barrier_iteration=0 stage=5 derivative_s=0.000627600 first_order_s=0.000541900 second_order_s=0.000055200 algebra_s=0.000335200 kkt_assembly_s=0.000276000 factor_s=0.035378600 solve_s=0.000996800 update_s=0.000262900 K_nnz=5269 rhs_cols=52 Vxx_nnz=2601
FILTERDDP_TIMING iteration=1 barrier_iteration=0 stage=4 derivative_s=0.000779200 first_order_s=0.000651200 second_order_s=0.000086100 algebra_s=0.000395200 kkt_assembly_s=0.000182300 factor_s=0.002116100 solve_s=0.000941600 update_s=0.000225200 K_nnz=5269 rhs_cols=52 Vxx_nnz=2601
FILTERDDP_TIMING iteration=1 barrier_iteration=0 stage=3 derivative_s=0.001935500 first_order_s=0.001772300 second_order_s=0.000109000 algebra_s=0.000851700 kkt_assembly_s=0.000421000 factor_s=0.005744400 solve_s=0.003011900 update_s=0.000575900 K_nnz=5269 rhs_cols=52 Vxx_nnz=2601
FILTERDDP_TIMING iteration=1 barrier_iteration=0 stage=2 derivative_s=0.000556400 first_order_s=0.000470400 second_order_s=0.000055600 algebra_s=0.000292600 kkt_assembly_s=0.000186600 factor_s=0.002131800 solve_s=0.000938300 update_s=0.000229800 K_nnz=5269 rhs_cols=52 Vxx_nnz=2601
FILTERDDP_TIMING iteration=1 barrier_iteration=0 stage=1 derivative_s=0.001979100 first_order_s=0.001786300 second_order_s=0.000149100 algebra_s=0.000882000 kkt_assembly_s=0.000482300 factor_s=0.006238000 solve_s=0.002611800 update_s=0.000405900 K_nnz=5269 rhs_cols=52 Vxx_nnz=2601
FILTERDDP_FEASIBILITY iteration=1 barrier_iteration=0 equality_count=3372 equality_rms=4.045265184342e-02 equality_max=9.375000000000e-01 equality_worst_stage=2 equality_worst_index=1 dynamics_count=255 dynamics_rms=0.000000000000e+00 dynamics_max=0.000000000000e+00 dynamics_worst_stage=0 dynamics_worst_index=0 bound_count=4902 bound_rms=0.000000000000e+00 bound_max=0.000000000000e+00 bound_worst_stage=0 bound_worst_index=0 bound_worst_kind=none
     1   3.51197761e+03   9.3750e-01   7.1892e+02   1.0000e+00    0.00      -     6.2500e-02   0
FILTERDDP_ITER_TIMING iteration=1 barrier_iteration=0 backward_s=0.100747000 forward_s=0.008746400 total_s=0.109493400 outcome=accepted step_size=1.250000000e-01 backtracks=0 mu=1.000000000e+00
FILTERDDP_TIMING iteration=2 barrier_iteration=0 stage=6 derivative_s=0.002013400 first_order_s=0.001704500 second_order_s=0.000252000 algebra_s=0.002922900 kkt_assembly_s=0.000942300 factor_s=0.004563000 solve_s=0.001246800 update_s=0.000892500 K_nnz=5269 rhs_cols=52 Vxx_nnz=2601
FILTERDDP_TIMING iteration=2 barrier_iteration=0 stage=5 derivative_s=0.002185900 first_order_s=0.001928300 second_order_s=0.000217600 algebra_s=0.000932800 kkt_assembly_s=0.000556700 factor_s=0.003663300 solve_s=0.001398700 update_s=0.000319500 K_nnz=5269 rhs_cols=52 Vxx_nnz=2601
FILTERDDP_TIMING iteration=2 barrier_iteration=0 stage=4 derivative_s=0.000779900 first_order_s=0.000638800 second_order_s=0.000114000 algebra_s=0.000536000 kkt_assembly_s=0.000221700 factor_s=0.002937100 solve_s=0.001411300 update_s=0.000302600 K_nnz=5269 rhs_cols=52 Vxx_nnz=2601
FILTERDDP_TIMING iteration=2 barrier_iteration=0 stage=3 derivative_s=0.002035000 first_order_s=0.001809900 second_order_s=0.000184300 algebra_s=0.000954000 kkt_assembly_s=0.000568500 factor_s=0.006319100 solve_s=0.003078200 update_s=0.000610000 K_nnz=5269 rhs_cols=52 Vxx_nnz=2601
FILTERDDP_TIMING iteration=2 barrier_iteration=0 stage=2 derivative_s=0.000615600 first_order_s=0.000512500 second_order_s=0.000080400 algebra_s=0.000437600 kkt_assembly_s=0.000183000 factor_s=0.002286300 solve_s=0.001119600 update_s=0.000229000 K_nnz=5269 rhs_cols=52 Vxx_nnz=2601
FILTERDDP_TIMING iteration=2 barrier_iteration=0 stage=1 derivative_s=0.001885700 first_order_s=0.001622600 second_order_s=0.000223300 algebra_s=0.000845200 kkt_assembly_s=0.000428500 factor_s=0.004852700 solve_s=0.002583100 update_s=0.000456400 K_nnz=5269 rhs_cols=52 Vxx_nnz=2601
FILTERDDP_FEASIBILITY iteration=2 barrier_iteration=0 equality_count=3372 equality_rms=3.615947602929e-02 equality_max=8.203125000000e-01 equality_worst_stage=2 equality_worst_index=1 dynamics_count=255 dynamics_rms=0.000000000000e+00 dynamics_max=0.000000000000e+00 dynamics_worst_stage=0 dynamics_worst_index=0 bound_count=4902 bound_rms=0.000000000000e+00 bound_max=0.000000000000e+00 bound_worst_stage=0 bound_worst_index=0 bound_worst_kind=none
     2   3.76919425e+03   8.2031e-01   6.2905e+02   1.0000e+00    0.00      -     1.2500e-01   0
FILTERDDP_ITER_TIMING iteration=2 barrier_iteration=0 backward_s=0.058955900 forward_s=0.011545500 total_s=0.070501400 outcome=accepted step_size=2.500000000e-01 backtracks=0 mu=1.000000000e+00
FILTERDDP_TIMING iteration=3 barrier_iteration=0 stage=6 derivative_s=0.002235100 first_order_s=0.001732700 second_order_s=0.000459000 algebra_s=0.003528100 kkt_assembly_s=0.001074500 factor_s=0.006449500 solve_s=0.002345500 update_s=0.000968000 K_nnz=5269 rhs_cols=52 Vxx_nnz=2601
FILTERDDP_TIMING iteration=3 barrier_iteration=0 stage=5 derivative_s=0.002401900 first_order_s=0.002118600 second_order_s=0.000239200 algebra_s=0.001012400 kkt_assembly_s=0.000583000 factor_s=0.023384100 solve_s=0.001379800 update_s=0.000310400 K_nnz=5269 rhs_cols=52 Vxx_nnz=2601
FILTERDDP_TIMING iteration=3 barrier_iteration=0 stage=4 derivative_s=0.002038000 first_order_s=0.001851200 second_order_s=0.000140300 algebra_s=0.000749200 kkt_assembly_s=0.000503000 factor_s=0.006163800 solve_s=0.002983500 update_s=0.000553100 K_nnz=5269 rhs_cols=52 Vxx_nnz=2601
FILTERDDP_TIMING iteration=3 barrier_iteration=0 stage=3 derivative_s=0.000539900 first_order_s=0.000464600 second_order_s=0.000047200 algebra_s=0.000350500 kkt_assembly_s=0.000262400 factor_s=0.002068200 solve_s=0.000911800 update_s=0.000210900 K_nnz=5269 rhs_cols=52 Vxx_nnz=2601
FILTERDDP_TIMING iteration=3 barrier_iteration=0 stage=2 derivative_s=0.001824100 first_order_s=0.001626400 second_order_s=0.000143100 algebra_s=0.000715200 kkt_assembly_s=0.000453600 factor_s=0.005377300 solve_s=0.002366600 update_s=0.000438000 K_nnz=5269 rhs_cols=52 Vxx_nnz=2601
FILTERDDP_TIMING iteration=3 barrier_iteration=0 stage=1 derivative_s=0.000479500 first_order_s=0.000405800 second_order_s=0.000044400 algebra_s=0.000381900 kkt_assembly_s=0.000188800 factor_s=0.001914400 solve_s=0.000880600 update_s=0.000230000 K_nnz=5269 rhs_cols=52 Vxx_nnz=2601
FILTERDDP_FEASIBILITY iteration=3 barrier_iteration=0 equality_count=3372 equality_rms=3.137346529022e-02 equality_max=6.152343750000e-01 equality_worst_stage=2 equality_worst_index=1 dynamics_count=255 dynamics_rms=0.000000000000e+00 dynamics_max=0.000000000000e+00 dynamics_worst_stage=0 dynamics_worst_index=0 bound_count=4902 bound_rms=0.000000000000e+00 bound_max=0.000000000000e+00 bound_worst_stage=0 bound_worst_index=0 bound_worst_kind=none
     3   3.99149838e+03   6.1523e-01   4.7179e+02   9.9998e-01    0.00      -     2.5000e-01   0
FILTERDDP_ITER_TIMING iteration=3 barrier_iteration=0 backward_s=0.080064900 forward_s=0.008738500 total_s=0.088803400 outcome=accepted step_size=2.500000000e-01 backtracks=0 mu=1.000000000e+00
FILTERDDP_TIMING iteration=4 barrier_iteration=0 stage=6 derivative_s=0.001911900 first_order_s=0.001679700 second_order_s=0.000190000 algebra_s=0.002724100 kkt_assembly_s=0.000692600 factor_s=0.007867400 solve_s=0.002286400 update_s=0.000666900 K_nnz=5269 rhs_cols=52 Vxx_nnz=2601
FILTERDDP_TIMING iteration=4 barrier_iteration=0 stage=5 derivative_s=0.002211600 first_order_s=0.001996000 second_order_s=0.000165000 algebra_s=0.000757100 kkt_assembly_s=0.000529100 factor_s=0.004283500 solve_s=0.001495200 update_s=0.000342600 K_nnz=5269 rhs_cols=52 Vxx_nnz=2601
FILTERDDP_TIMING iteration=4 barrier_iteration=0 stage=4 derivative_s=0.001964900 first_order_s=0.001787700 second_order_s=0.000129000 algebra_s=0.000790200 kkt_assembly_s=0.000498000 factor_s=0.006114200 solve_s=0.003180700 update_s=0.000558700 K_nnz=5269 rhs_cols=52 Vxx_nnz=2601
FILTERDDP_TIMING iteration=4 barrier_iteration=0 stage=3 derivative_s=0.001873600 first_order_s=0.001586200 second_order_s=0.000130800 algebra_s=0.001061800 kkt_assembly_s=0.000758300 factor_s=0.006984000 solve_s=0.002469300 update_s=0.000491200 K_nnz=5269 rhs_cols=52 Vxx_nnz=2601
FILTERDDP_TIMING iteration=4 barrier_iteration=0 stage=2 derivative_s=0.001816300 first_order_s=0.001548200 second_order_s=0.000148700 algebra_s=0.001034200 kkt_assembly_s=0.000771500 factor_s=0.006801000 solve_s=0.003126200 update_s=0.000566400 K_nnz=5269 rhs_cols=52 Vxx_nnz=2601
FILTERDDP_TIMING iteration=4 barrier_iteration=0 stage=1 derivative_s=0.002099300 first_order_s=0.001917500 second_order_s=0.000129300 algebra_s=0.000749400 kkt_assembly_s=0.000515600 factor_s=0.006740200 solve_s=0.003069400 update_s=0.000550700 K_nnz=5269 rhs_cols=52 Vxx_nnz=2601
FILTERDDP_FEASIBILITY iteration=4 barrier_iteration=0 equality_count=3372 equality_rms=2.589450168372e-02 equality_max=4.614257812500e-01 equality_worst_stage=2 equality_worst_index=1 dynamics_count=255 dynamics_rms=0.000000000000e+00 dynamics_max=0.000000000000e+00 dynamics_worst_stage=0 dynamics_worst_index=0 bound_count=4902 bound_rms=0.000000000000e+00 bound_max=0.000000000000e+00 bound_worst_stage=0 bound_worst_index=0 bound_worst_kind=none
     4   4.09079774e+03   4.6143e-01   3.5384e+02   9.9997e-01    0.00      -     2.5000e-01   0
FILTERDDP_ITER_TIMING iteration=4 barrier_iteration=0 backward_s=0.082640400 forward_s=0.014242800 total_s=0.096883200 outcome=accepted step_size=5.000000000e-01 backtracks=0 mu=1.000000000e+00
FILTERDDP_TIMING iteration=5 barrier_iteration=0 stage=6 derivative_s=0.001948200 first_order_s=0.001736100 second_order_s=0.000162700 algebra_s=0.003073100 kkt_assembly_s=0.000611800 factor_s=0.006977000 solve_s=0.002949000 update_s=0.001333000 K_nnz=5269 rhs_cols=52 Vxx_nnz=2601
FILTERDDP_TIMING iteration=5 barrier_iteration=0 stage=5 derivative_s=0.002174000 first_order_s=0.001941900 second_order_s=0.000177200 algebra_s=0.000913700 kkt_assembly_s=0.000560400 factor_s=0.017435300 solve_s=0.002677800 update_s=0.000521200 K_nnz=5269 rhs_cols=52 Vxx_nnz=2601
FILTERDDP_TIMING iteration=5 barrier_iteration=0 stage=4 derivative_s=0.001665300 first_order_s=0.001447300 second_order_s=0.000153500 algebra_s=0.000814700 kkt_assembly_s=0.000459000 factor_s=0.003801800 solve_s=0.001687400 update_s=0.000380900 K_nnz=5269 rhs_cols=52 Vxx_nnz=2601
FILTERDDP_TIMING iteration=5 barrier_iteration=0 stage=3 derivative_s=0.002176700 first_order_s=0.001983200 second_order_s=0.000143600 algebra_s=0.000799400 kkt_assembly_s=0.000580700 factor_s=0.006248200 solve_s=0.003023600 update_s=0.000631600 K_nnz=5269 rhs_cols=52 Vxx_nnz=2601
FILTERDDP_TIMING iteration=5 barrier_iteration=0 stage=2 derivative_s=0.000686800 first_order_s=0.000584100 second_order_s=0.000069700 algebra_s=0.000473500 kkt_assembly_s=0.000260900 factor_s=0.002131800 solve_s=0.001017100 update_s=0.000283300 K_nnz=5269 rhs_cols=52 Vxx_nnz=2601
FILTERDDP_TIMING iteration=5 barrier_iteration=0 stage=1 derivative_s=0.001957500 first_order_s=0.001781300 second_order_s=0.000129600 algebra_s=0.000875500 kkt_assembly_s=0.000494400 factor_s=0.005163800 solve_s=0.002263800 update_s=0.000464600 K_nnz=5269 rhs_cols=52 Vxx_nnz=2601
FILTERDDP_FEASIBILITY iteration=5 barrier_iteration=0 equality_count=3372 equality_rms=1.936354786625e-02 equality_max=2.307128906250e-01 equality_worst_stage=2 equality_worst_index=1 dynamics_count=255 dynamics_rms=0.000000000000e+00 dynamics_max=0.000000000000e+00 dynamics_worst_stage=0 dynamics_worst_index=0 bound_count=4902 bound_rms=0.000000000000e+00 bound_max=0.000000000000e+00 bound_worst_stage=0 bound_worst_index=0 bound_worst_kind=none
     5   4.22204307e+03   2.3071e-01   1.7692e+02   9.9996e-01    0.00      -     5.0000e-01   0
FILTERDDP_ITER_TIMING iteration=5 barrier_iteration=0 backward_s=0.082022200 forward_s=0.008854800 total_s=0.090877000 outcome=accepted step_size=5.000000000e-01 backtracks=0 mu=1.000000000e+00
FILTERDDP_TIMING iteration=6 barrier_iteration=0 stage=6 derivative_s=0.000788500 first_order_s=0.000683700 second_order_s=0.000079300 algebra_s=0.001489100 kkt_assembly_s=0.000264900 factor_s=0.004480300 solve_s=0.002015400 update_s=0.001121700 K_nnz=5269 rhs_cols=52 Vxx_nnz=2601
FILTERDDP_TIMING iteration=6 barrier_iteration=0 stage=5 derivative_s=0.002194100 first_order_s=0.001976000 second_order_s=0.000160400 algebra_s=0.000901700 kkt_assembly_s=0.000531700 factor_s=0.004214100 solve_s=0.001384000 update_s=0.000421000 K_nnz=5269 rhs_cols=52 Vxx_nnz=2601
FILTERDDP_TIMING iteration=6 barrier_iteration=0 stage=4 derivative_s=0.001845800 first_order_s=0.001689300 second_order_s=0.000111600 algebra_s=0.000724000 kkt_assembly_s=0.000457700 factor_s=0.005954000 solve_s=0.003116700 update_s=0.000563400 K_nnz=5269 rhs_cols=52 Vxx_nnz=2601
FILTERDDP_TIMING iteration=6 barrier_iteration=0 stage=3 derivative_s=0.001042100 first_order_s=0.000894800 second_order_s=0.000105400 algebra_s=0.000557100 kkt_assembly_s=0.000397300 factor_s=0.004168500 solve_s=0.002004300 update_s=0.000461800 K_nnz=5269 rhs_cols=52 Vxx_nnz=2601
FILTERDDP_TIMING iteration=6 barrier_iteration=0 stage=2 derivative_s=0.001871100 first_order_s=0.001714400 second_order_s=0.000113400 algebra_s=0.000702100 kkt_assembly_s=0.000430100 factor_s=0.004616000 solve_s=0.008243700 update_s=0.000358900 K_nnz=5269 rhs_cols=52 Vxx_nnz=2601
FILTERDDP_TIMING iteration=6 barrier_iteration=0 stage=1 derivative_s=0.001794000 first_order_s=0.001605700 second_order_s=0.000106600 algebra_s=0.000664400 kkt_assembly_s=0.000443000 factor_s=0.005432700 solve_s=0.002357900 update_s=0.000455200 K_nnz=5269 rhs_cols=52 Vxx_nnz=2601
FILTERDDP_FEASIBILITY iteration=6 barrier_iteration=0 equality_count=3372 equality_rms=1.118963786184e-02 equality_max=1.345555752301e-01 equality_worst_stage=5 equality_worst_index=385 dynamics_count=255 dynamics_rms=0.000000000000e+00 dynamics_max=0.000000000000e+00 dynamics_worst_stage=0 dynamics_worst_index=0 bound_count=4902 bound_rms=0.000000000000e+00 bound_max=0.000000000000e+00 bound_worst_stage=0 bound_worst_index=0 bound_worst_kind=none
     6   4.28099843e+03   1.3456e-01   8.8461e+01   9.9998e-01    0.00      -     5.0000e-01   0
FILTERDDP_ITER_TIMING iteration=6 barrier_iteration=0 backward_s=0.070834900 forward_s=0.009944700 total_s=0.080779600 outcome=accepted step_size=5.000000000e-01 backtracks=0 mu=1.000000000e+00
FILTERDDP_TIMING iteration=7 barrier_iteration=0 stage=6 derivative_s=0.001995300 first_order_s=0.001764900 second_order_s=0.000183500 algebra_s=0.002913800 kkt_assembly_s=0.000612000 factor_s=0.005255900 solve_s=0.001607500 update_s=0.001140200 K_nnz=5269 rhs_cols=52 Vxx_nnz=2601
FILTERDDP_TIMING iteration=7 barrier_iteration=0 stage=5 derivative_s=0.002036800 first_order_s=0.001847200 second_order_s=0.000139100 algebra_s=0.000872600 kkt_assembly_s=0.000519300 factor_s=0.004356500 solve_s=0.001343000 update_s=0.000339800 K_nnz=5269 rhs_cols=52 Vxx_nnz=2601
FILTERDDP_TIMING iteration=7 barrier_iteration=0 stage=4 derivative_s=0.001652000 first_order_s=0.001483100 second_order_s=0.000120900 algebra_s=0.000791100 kkt_assembly_s=0.000510000 factor_s=0.006113400 solve_s=0.002826300 update_s=0.000481500 K_nnz=5269 rhs_cols=52 Vxx_nnz=2601
FILTERDDP_TIMING iteration=7 barrier_iteration=0 stage=3 derivative_s=0.001089300 first_order_s=0.000958200 second_order_s=0.000090400 algebra_s=0.000507700 kkt_assembly_s=0.000333700 factor_s=0.003462800 solve_s=0.001660800 update_s=0.000355300 K_nnz=5269 rhs_cols=52 Vxx_nnz=2601
FILTERDDP_TIMING iteration=7 barrier_iteration=0 stage=2 derivative_s=0.001033300 first_order_s=0.000914000 second_order_s=0.000090400 algebra_s=0.000428900 kkt_assembly_s=0.000289400 factor_s=0.003052700 solve_s=0.001488300 update_s=0.000327500 K_nnz=5269 rhs_cols=52 Vxx_nnz=2601
FILTERDDP_TIMING iteration=7 barrier_iteration=0 stage=1 derivative_s=0.002613500 first_order_s=0.002377300 second_order_s=0.000170900 algebra_s=0.001137400 kkt_assembly_s=0.000685600 factor_s=0.007587100 solve_s=0.003181600 update_s=0.000595100 K_nnz=5269 rhs_cols=52 Vxx_nnz=2601
FILTERDDP_FEASIBILITY iteration=7 barrier_iteration=0 equality_count=3372 equality_rms=5.946516239230e-03 equality_max=7.350693785651e-02 equality_worst_stage=5 equality_worst_index=385 dynamics_count=255 dynamics_rms=0.000000000000e+00 dynamics_max=0.000000000000e+00 dynamics_worst_stage=0 dynamics_worst_index=0 bound_count=4902 bound_rms=0.000000000000e+00 bound_max=0.000000000000e+00 bound_worst_stage=0 bound_worst_index=0 bound_worst_kind=none
     7   4.31155457e+03   7.3507e-02   4.4230e+01   9.9999e-01    0.00      -     5.0000e-01   0
FILTERDDP_ITER_TIMING iteration=7 barrier_iteration=0 backward_s=0.067429900 forward_s=0.029916200 total_s=0.097346100 outcome=accepted step_size=5.000000000e-01 backtracks=0 mu=1.000000000e+00
FILTERDDP_TIMING iteration=8 barrier_iteration=0 stage=6 derivative_s=0.001489300 first_order_s=0.001248700 second_order_s=0.000203200 algebra_s=0.002513800 kkt_assembly_s=0.000792200 factor_s=0.004903400 solve_s=0.001768700 update_s=0.001256300 K_nnz=5269 rhs_cols=52 Vxx_nnz=2601
FILTERDDP_TIMING iteration=8 barrier_iteration=0 stage=5 derivative_s=0.000730900 first_order_s=0.000574000 second_order_s=0.000111300 algebra_s=0.000591600 kkt_assembly_s=0.000260900 factor_s=0.002743100 solve_s=0.001310800 update_s=0.000515300 K_nnz=5269 rhs_cols=52 Vxx_nnz=2601
FILTERDDP_TIMING iteration=8 barrier_iteration=0 stage=4 derivative_s=0.002237400 first_order_s=0.001964900 second_order_s=0.000223300 algebra_s=0.000982000 kkt_assembly_s=0.000618100 factor_s=0.004647900 solve_s=0.001783800 update_s=0.000419700 K_nnz=5269 rhs_cols=52 Vxx_nnz=2601
FILTERDDP_TIMING iteration=8 barrier_iteration=0 stage=3 derivative_s=0.002159800 first_order_s=0.001896000 second_order_s=0.000216500 algebra_s=0.001009400 kkt_assembly_s=0.000572600 factor_s=0.006913200 solve_s=0.003370400 update_s=0.000652200 K_nnz=5269 rhs_cols=52 Vxx_nnz=2601
FILTERDDP_TIMING iteration=8 barrier_iteration=0 stage=2 derivative_s=0.001381700 first_order_s=0.001162000 second_order_s=0.000171700 algebra_s=0.000650800 kkt_assembly_s=0.000346500 factor_s=0.005162900 solve_s=0.002510400 update_s=0.000523500 K_nnz=5269 rhs_cols=52 Vxx_nnz=2601
FILTERDDP_TIMING iteration=8 barrier_iteration=0 stage=1 derivative_s=0.002256400 first_order_s=0.001973600 second_order_s=0.000215700 algebra_s=0.000976200 kkt_assembly_s=0.000581800 factor_s=0.006415600 solve_s=0.003060200 update_s=0.000558200 K_nnz=5269 rhs_cols=52 Vxx_nnz=2601
FILTERDDP_FEASIBILITY iteration=8 barrier_iteration=0 equality_count=3372 equality_rms=3.388755221532e-03 equality_max=3.831648326689e-02 equality_worst_stage=5 equality_worst_index=385 dynamics_count=255 dynamics_rms=0.000000000000e+00 dynamics_max=0.000000000000e+00 dynamics_worst_stage=0 dynamics_worst_index=0 bound_count=4902 bound_rms=0.000000000000e+00 bound_max=0.000000000000e+00 bound_worst_stage=0 bound_worst_index=0 bound_worst_kind=none
     8   4.32763726e+03   3.8316e-02   2.2115e+01   9.9999e-01    0.00      -     5.0000e-01   0
FILTERDDP_ITER_TIMING iteration=8 barrier_iteration=0 backward_s=0.070957000 forward_s=0.018180700 total_s=0.089137700 outcome=accepted step_size=5.000000000e-01 backtracks=0 mu=1.000000000e+00
FILTERDDP_TIMING iteration=9 barrier_iteration=0 stage=6 derivative_s=0.001499100 first_order_s=0.001331200 second_order_s=0.000127500 algebra_s=0.003069600 kkt_assembly_s=0.000577400 factor_s=0.005993000 solve_s=0.002022000 update_s=0.001161400 K_nnz=5269 rhs_cols=52 Vxx_nnz=2601
FILTERDDP_TIMING iteration=9 barrier_iteration=0 stage=5 derivative_s=0.002301200 first_order_s=0.002107000 second_order_s=0.000138300 algebra_s=0.000828800 kkt_assembly_s=0.000528000 factor_s=0.004687900 solve_s=0.001866600 update_s=0.000418800 K_nnz=5269 rhs_cols=52 Vxx_nnz=2601
FILTERDDP_TIMING iteration=9 barrier_iteration=0 stage=4 derivative_s=0.002130800 first_order_s=0.001943000 second_order_s=0.000136500 algebra_s=0.000766300 kkt_assembly_s=0.000519000 factor_s=0.006214900 solve_s=0.002968900 update_s=0.000561800 K_nnz=5269 rhs_cols=52 Vxx_nnz=2601
FILTERDDP_TIMING iteration=9 barrier_iteration=0 stage=3 derivative_s=0.001216700 first_order_s=0.001057800 second_order_s=0.000107100 algebra_s=0.000684000 kkt_assembly_s=0.000353400 factor_s=0.004203200 solve_s=0.002016700 update_s=0.000424100 K_nnz=5269 rhs_cols=52 Vxx_nnz=2601
FILTERDDP_TIMING iteration=9 barrier_iteration=0 stage=2 derivative_s=0.002020700 first_order_s=0.001834200 second_order_s=0.000136300 algebra_s=0.000772100 kkt_assembly_s=0.000518600 factor_s=0.006089200 solve_s=0.002718100 update_s=0.000463200 K_nnz=5269 rhs_cols=52 Vxx_nnz=2601
FILTERDDP_TIMING iteration=9 barrier_iteration=0 stage=1 derivative_s=0.001573200 first_order_s=0.001432500 second_order_s=0.000100400 algebra_s=0.000630700 kkt_assembly_s=0.000377300 factor_s=0.004394300 solve_s=0.006390500 update_s=0.000422500 K_nnz=5269 rhs_cols=52 Vxx_nnz=2601
FILTERDDP_FEASIBILITY iteration=9 barrier_iteration=0 equality_count=3372 equality_rms=2.579314125319e-03 equality_max=3.520739524414e-02 equality_worst_stage=3 equality_worst_index=384 dynamics_count=255 dynamics_rms=0.000000000000e+00 dynamics_max=0.000000000000e+00 dynamics_worst_stage=0 dynamics_worst_index=0 bound_count=4902 bound_rms=0.000000000000e+00 bound_max=0.000000000000e+00 bound_worst_stage=0 bound_worst_index=0 bound_worst_kind=none
     9   4.33639587e+03   3.5207e-02   1.1058e+01   1.0000e+00    0.00      -     5.0000e-01   0
FILTERDDP_ITER_TIMING iteration=9 barrier_iteration=0 backward_s=0.075777100 forward_s=0.009497000 total_s=0.085274100 outcome=accepted step_size=5.000000000e-01 backtracks=0 mu=1.000000000e+00
FILTERDDP_TIMING iteration=10 barrier_iteration=0 stage=6 derivative_s=0.002588600 first_order_s=0.002324000 second_order_s=0.000198600 algebra_s=0.003970000 kkt_assembly_s=0.000571200 factor_s=0.004245000 solve_s=0.001022400 update_s=0.000987100 K_nnz=5269 rhs_cols=52 Vxx_nnz=2601
FILTERDDP_TIMING iteration=10 barrier_iteration=0 stage=5 derivative_s=0.002149300 first_order_s=0.001848700 second_order_s=0.000142900 algebra_s=0.000817000 kkt_assembly_s=0.000682100 factor_s=0.003656300 solve_s=0.000977900 update_s=0.000290100 K_nnz=5269 rhs_cols=52 Vxx_nnz=2601
FILTERDDP_TIMING iteration=10 barrier_iteration=0 stage=4 derivative_s=0.002041700 first_order_s=0.001853200 second_order_s=0.000139900 algebra_s=0.000815600 kkt_assembly_s=0.000510500 factor_s=0.003816800 solve_s=0.001015300 update_s=0.000289700 K_nnz=5269 rhs_cols=52 Vxx_nnz=2601
FILTERDDP_TIMING iteration=10 barrier_iteration=0 stage=3 derivative_s=0.002051900 first_order_s=0.001867500 second_order_s=0.000136200 algebra_s=0.000827600 kkt_assembly_s=0.000528900 factor_s=0.006105000 solve_s=0.003082700 update_s=0.000558900 K_nnz=5269 rhs_cols=52 Vxx_nnz=2601
FILTERDDP_TIMING iteration=10 barrier_iteration=0 stage=2 derivative_s=0.000725600 first_order_s=0.000600700 second_order_s=0.000089800 algebra_s=0.000490400 kkt_assembly_s=0.000268400 factor_s=0.002801800 solve_s=0.001459000 update_s=0.000373800 K_nnz=5269 rhs_cols=52 Vxx_nnz=2601
FILTERDDP_TIMING iteration=10 barrier_iteration=0 stage=1 derivative_s=0.002083600 first_order_s=0.001898300 second_order_s=0.000137200 algebra_s=0.000845500 kkt_assembly_s=0.000539900 factor_s=0.006370300 solve_s=0.085557800 update_s=0.000283900 K_nnz=5269 rhs_cols=52 Vxx_nnz=2601
FILTERDDP_FEASIBILITY iteration=10 barrier_iteration=0 equality_count=3372 equality_rms=2.496522616626e-03 equality_max=4.160169151857e-02 equality_worst_stage=3 equality_worst_index=384 dynamics_count=255 dynamics_rms=0.000000000000e+00 dynamics_max=0.000000000000e+00 dynamics_worst_stage=0 dynamics_worst_index=0 bound_count=4902 bound_rms=0.000000000000e+00 bound_max=0.000000000000e+00 bound_worst_stage=0 bound_worst_index=0 bound_worst_kind=none
FILTERDDP_ITER_TIMING iteration=10 barrier_iteration=0 backward_s=0.147549200 forward_s=0.000000000 total_s=0.147549200 outcome=barrier_update step_size=5.000000000e-01 backtracks=0 mu=1.000000000e+00
FILTERDDP_TIMING iteration=10 barrier_iteration=1 stage=6 derivative_s=0.001949200 first_order_s=0.001739100 second_order_s=0.000153500 algebra_s=0.002790300 kkt_assembly_s=0.000560500 factor_s=0.006077400 solve_s=0.002925700 update_s=0.001166500 K_nnz=5269 rhs_cols=52 Vxx_nnz=2601
FILTERDDP_TIMING iteration=10 barrier_iteration=1 stage=5 derivative_s=0.002104500 first_order_s=0.001910500 second_order_s=0.000141500 algebra_s=0.000749800 kkt_assembly_s=0.000498600 factor_s=0.005013100 solve_s=0.002331100 update_s=0.000423700 K_nnz=5269 rhs_cols=52 Vxx_nnz=2601
FILTERDDP_TIMING iteration=10 barrier_iteration=1 stage=4 derivative_s=0.000784500 first_order_s=0.000714500 second_order_s=0.000045300 algebra_s=0.000290400 kkt_assembly_s=0.000191100 factor_s=0.001862700 solve_s=0.000933800 update_s=0.000214500 K_nnz=5269 rhs_cols=52 Vxx_nnz=2601
FILTERDDP_TIMING iteration=10 barrier_iteration=1 stage=3 derivative_s=0.001176600 first_order_s=0.001068200 second_order_s=0.000079900 algebra_s=0.000437100 kkt_assembly_s=0.000379600 factor_s=0.003421800 solve_s=0.001756400 update_s=0.000310100 K_nnz=5269 rhs_cols=52 Vxx_nnz=2601
FILTERDDP_TIMING iteration=10 barrier_iteration=1 stage=2 derivative_s=0.000602700 first_order_s=0.000516600 second_order_s=0.000053200 algebra_s=0.000376700 kkt_assembly_s=0.000220100 factor_s=0.001998200 solve_s=0.000969700 update_s=0.000215600 K_nnz=5269 rhs_cols=52 Vxx_nnz=2601
FILTERDDP_TIMING iteration=10 barrier_iteration=1 stage=1 derivative_s=0.000860400 first_order_s=0.000756200 second_order_s=0.000073000 algebra_s=0.000351700 kkt_assembly_s=0.000193100 factor_s=0.440523400 solve_s=0.000960900 update_s=0.000293100 K_nnz=5269 rhs_cols=52 Vxx_nnz=2601
FILTERDDP_FEASIBILITY iteration=10 barrier_iteration=1 equality_count=3372 equality_rms=2.496522616626e-03 equality_max=4.160169151857e-02 equality_worst_stage=3 equality_worst_index=384 dynamics_count=255 dynamics_rms=0.000000000000e+00 dynamics_max=0.000000000000e+00 dynamics_worst_stage=0 dynamics_worst_index=0 bound_count=4902 bound_rms=0.000000000000e+00 bound_max=0.000000000000e+00 bound_worst_stage=0 bound_worst_index=0 bound_worst_kind=none
  iter     objective        pr_inf       du_inf       cs_inf     lg(╬╝)   lg(reg)    alpha     ls
    10   4.34158721e+03   4.1602e-02   5.5288e+00   1.0000e+00   -0.70      -     5.0000e-01   0
FILTERDDP_ITER_TIMING iteration=10 barrier_iteration=1 backward_s=0.487463300 forward_s=0.008615100 total_s=0.496078400 outcome=accepted step_size=5.000000000e-01 backtracks=0 mu=2.000000000e-01
FILTERDDP_TIMING iteration=11 barrier_iteration=1 stage=6 derivative_s=0.000708900 first_order_s=0.000563300 second_order_s=0.000111300 algebra_s=0.002548700 kkt_assembly_s=0.001067000 factor_s=0.004889200 solve_s=0.000925000 update_s=0.001040500 K_nnz=5269 rhs_cols=52 Vxx_nnz=2601
FILTERDDP_TIMING iteration=11 barrier_iteration=1 stage=5 derivative_s=0.002069700 first_order_s=0.001817300 second_order_s=0.000203100 algebra_s=0.001042900 kkt_assembly_s=0.000533800 factor_s=0.003627800 solve_s=0.000978800 update_s=0.000250100 K_nnz=5269 rhs_cols=52 Vxx_nnz=2601
FILTERDDP_TIMING iteration=11 barrier_iteration=1 stage=4 derivative_s=0.002111300 first_order_s=0.001840900 second_order_s=0.000225000 algebra_s=0.000927900 kkt_assembly_s=0.000527900 factor_s=0.006798200 solve_s=0.001070900 update_s=0.000271500 K_nnz=5269 rhs_cols=52 Vxx_nnz=2601
FILTERDDP_TIMING iteration=11 barrier_iteration=1 stage=3 derivative_s=0.002110300 first_order_s=0.001831600 second_order_s=0.000232200 algebra_s=0.000941200 kkt_assembly_s=0.000524800 factor_s=0.006628500 solve_s=0.003287500 update_s=0.000663300 K_nnz=5269 rhs_cols=52 Vxx_nnz=2601
FILTERDDP_TIMING iteration=11 barrier_iteration=1 stage=2 derivative_s=0.000576100 first_order_s=0.000472700 second_order_s=0.000075400 algebra_s=0.000417700 kkt_assembly_s=0.000227000 factor_s=0.002130800 solve_s=0.001086600 update_s=0.000245500 K_nnz=5269 rhs_cols=52 Vxx_nnz=2601
FILTERDDP_TIMING iteration=11 barrier_iteration=1 stage=1 derivative_s=0.002163200 first_order_s=0.001893600 second_order_s=0.000224900 algebra_s=0.000860900 kkt_assembly_s=0.000567900 factor_s=0.006032200 solve_s=0.002433100 update_s=0.000496200 K_nnz=5269 rhs_cols=52 Vxx_nnz=2601
FILTERDDP_FEASIBILITY iteration=11 barrier_iteration=1 equality_count=3372 equality_rms=1.304204683726e-02 equality_max=1.601535599473e-01 equality_worst_stage=3 equality_worst_index=509 dynamics_count=255 dynamics_rms=0.000000000000e+00 dynamics_max=0.000000000000e+00 dynamics_worst_stage=0 dynamics_worst_index=0 bound_count=4902 bound_rms=0.000000000000e+00 bound_max=0.000000000000e+00 bound_worst_stage=0 bound_worst_index=0 bound_worst_kind=none
    11   4.02464279e+03   1.6015e-01   2.7644e+00   6.3677e-01   -0.70      -     5.0000e-01   0
FILTERDDP_ITER_TIMING iteration=11 barrier_iteration=1 backward_s=0.064365600 forward_s=0.009162800 total_s=0.073528400 outcome=accepted step_size=5.000000000e-01 backtracks=0 mu=2.000000000e-01
FILTERDDP_TIMING iteration=12 barrier_iteration=1 stage=6 derivative_s=0.001992600 first_order_s=0.001687100 second_order_s=0.000265000 algebra_s=0.003172200 kkt_assembly_s=0.001014000 factor_s=0.006221000 solve_s=0.002503500 update_s=0.001114400 K_nnz=5269 rhs_cols=52 Vxx_nnz=2601
FILTERDDP_TIMING iteration=12 barrier_iteration=1 stage=5 derivative_s=0.002263100 first_order_s=0.002015200 second_order_s=0.000203900 algebra_s=0.000900900 kkt_assembly_s=0.000620800 factor_s=0.005803500 solve_s=0.002702700 update_s=0.000500300 K_nnz=5269 rhs_cols=52 Vxx_nnz=2601
FILTERDDP_TIMING iteration=12 barrier_iteration=1 stage=4 derivative_s=0.002171900 first_order_s=0.001925100 second_order_s=0.000204200 algebra_s=0.000964000 kkt_assembly_s=0.000530800 factor_s=0.007068000 solve_s=0.003276700 update_s=0.000581000 K_nnz=5269 rhs_cols=52 Vxx_nnz=2601
FILTERDDP_TIMING iteration=12 barrier_iteration=1 stage=3 derivative_s=0.001834100 first_order_s=0.001631500 second_order_s=0.000150500 algebra_s=0.001241700 kkt_assembly_s=0.000679600 factor_s=0.006479900 solve_s=0.002977600 update_s=0.000487400 K_nnz=5269 rhs_cols=52 Vxx_nnz=2601
FILTERDDP_TIMING iteration=12 barrier_iteration=1 stage=2 derivative_s=0.002020600 first_order_s=0.001786700 second_order_s=0.000193900 algebra_s=0.001169500 kkt_assembly_s=0.000503000 factor_s=0.005949600 solve_s=0.002495900 update_s=0.000589900 K_nnz=5269 rhs_cols=52 Vxx_nnz=2601
FILTERDDP_TIMING iteration=12 barrier_iteration=1 stage=1 derivative_s=0.001460900 first_order_s=0.001277500 second_order_s=0.000138800 algebra_s=0.000924000 kkt_assembly_s=0.000357200 factor_s=0.004189800 solve_s=0.001833200 update_s=0.000376300 K_nnz=5269 rhs_cols=52 Vxx_nnz=2601
FILTERDDP_FEASIBILITY iteration=12 barrier_iteration=1 equality_count=3372 equality_rms=2.964132888831e-02 equality_max=3.559441566926e-01 equality_worst_stage=3 equality_worst_index=509 dynamics_count=255 dynamics_rms=0.000000000000e+00 dynamics_max=0.000000000000e+00 dynamics_worst_stage=0 dynamics_worst_index=0 bound_count=4902 bound_rms=0.000000000000e+00 bound_max=0.000000000000e+00 bound_worst_stage=0 bound_worst_index=0 bound_worst_kind=none
FILTERDDP_ITER_TIMING iteration=12 barrier_iteration=1 backward_s=0.081091500 forward_s=0.000000000 total_s=0.081091500 outcome=barrier_update step_size=5.000000000e-01 backtracks=0 mu=2.000000000e-01
FILTERDDP_TIMING iteration=12 barrier_iteration=2 stage=6 derivative_s=0.002855000 first_order_s=0.002158800 second_order_s=0.000634000 algebra_s=0.004022100 kkt_assembly_s=0.001002900 factor_s=0.004967200 solve_s=0.001677100 update_s=0.001113600 K_nnz=5269 rhs_cols=52 Vxx_nnz=2601
FILTERDDP_TIMING iteration=12 barrier_iteration=2 stage=5 derivative_s=0.002393600 first_order_s=0.002012400 second_order_s=0.000334900 algebra_s=0.001704500 kkt_assembly_s=0.000583800 factor_s=0.006804800 solve_s=0.003322700 update_s=0.000604900 K_nnz=5269 rhs_cols=52 Vxx_nnz=2601
FILTERDDP_TIMING iteration=12 barrier_iteration=2 stage=4 derivative_s=0.001218100 first_order_s=0.001049100 second_order_s=0.000138500 algebra_s=0.000576000 kkt_assembly_s=0.000304800 factor_s=0.003954700 solve_s=0.001666800 update_s=0.000367000 K_nnz=5269 rhs_cols=52 Vxx_nnz=2601
FILTERDDP_TIMING iteration=12 barrier_iteration=2 stage=3 derivative_s=0.002108300 first_order_s=0.001856600 second_order_s=0.000207600 algebra_s=0.001017300 kkt_assembly_s=0.000530700 factor_s=0.007080200 solve_s=0.004225800 update_s=0.001006500 K_nnz=5269 rhs_cols=52 Vxx_nnz=2601
FILTERDDP_TIMING iteration=12 barrier_iteration=2 stage=2 derivative_s=0.002239400 first_order_s=0.001970900 second_order_s=0.000229000 algebra_s=0.000737700 kkt_assembly_s=0.000442600 factor_s=0.005496100 solve_s=0.002189000 update_s=0.000439100 K_nnz=5269 rhs_cols=52 Vxx_nnz=2601
FILTERDDP_TIMING iteration=12 barrier_iteration=2 stage=1 derivative_s=0.001959400 first_order_s=0.001732900 second_order_s=0.000170900 algebra_s=0.000833800 kkt_assembly_s=0.000448600 factor_s=0.005416300 solve_s=0.002403400 update_s=0.000540300 K_nnz=5269 rhs_cols=52 Vxx_nnz=2601
FILTERDDP_FEASIBILITY iteration=12 barrier_iteration=2 equality_count=3372 equality_rms=2.964132888831e-02 equality_max=3.559441566926e-01 equality_worst_stage=3 equality_worst_index=509 dynamics_count=255 dynamics_rms=0.000000000000e+00 dynamics_max=0.000000000000e+00 dynamics_worst_stage=0 dynamics_worst_index=0 bound_count=4902 bound_rms=0.000000000000e+00 bound_max=0.000000000000e+00 bound_worst_stage=0 bound_worst_index=0 bound_worst_kind=none
    12   3.77433415e+03   3.5594e-01   1.7755e+00   4.3609e-01   -1.40      -     5.0000e-01   0
FILTERDDP_ITER_TIMING iteration=12 barrier_iteration=2 backward_s=0.080548100 forward_s=0.013719700 total_s=0.094267800 outcome=accepted step_size=5.000000000e-01 backtracks=0 mu=4.000000000e-02
FILTERDDP_TIMING iteration=13 barrier_iteration=2 stage=6 derivative_s=0.002305700 first_order_s=0.001947800 second_order_s=0.000293000 algebra_s=0.004408200 kkt_assembly_s=0.000747700 factor_s=0.005710700 solve_s=0.001341600 update_s=0.000950400 K_nnz=5269 rhs_cols=52 Vxx_nnz=2601
FILTERDDP_TIMING iteration=13 barrier_iteration=2 stage=5 derivative_s=0.002128800 first_order_s=0.001923400 second_order_s=0.000156700 algebra_s=0.000919200 kkt_assembly_s=0.000550200 factor_s=0.004594200 solve_s=0.001289300 update_s=0.000333500 K_nnz=5269 rhs_cols=52 Vxx_nnz=2601
FILTERDDP_TIMING iteration=13 barrier_iteration=2 stage=4 derivative_s=0.001666000 first_order_s=0.001455300 second_order_s=0.000157400 algebra_s=0.000844900 kkt_assembly_s=0.000428400 factor_s=0.006258300 solve_s=0.002974500 update_s=0.000644400 K_nnz=5269 rhs_cols=52 Vxx_nnz=2601
FILTERDDP_TIMING iteration=13 barrier_iteration=2 stage=3 derivative_s=0.000765200 first_order_s=0.000639400 second_order_s=0.000092200 algebra_s=0.000654800 kkt_assembly_s=0.000240900 factor_s=0.003034300 solve_s=0.001180300 update_s=0.000326900 K_nnz=5269 rhs_cols=52 Vxx_nnz=2601
FILTERDDP_TIMING iteration=13 barrier_iteration=2 stage=2 derivative_s=0.002398200 first_order_s=0.002073300 second_order_s=0.000273200 algebra_s=0.001022100 kkt_assembly_s=0.000289100 factor_s=0.002817200 solve_s=0.001081500 update_s=0.000307800 K_nnz=5269 rhs_cols=52 Vxx_nnz=2601
FILTERDDP_TIMING iteration=13 barrier_iteration=2 stage=1 derivative_s=0.002442400 first_order_s=0.002137600 second_order_s=0.000240400 algebra_s=0.000685300 kkt_assembly_s=0.000199400 factor_s=0.002410100 solve_s=0.000992500 update_s=0.000284500 K_nnz=5269 rhs_cols=52 Vxx_nnz=2601
FILTERDDP_FEASIBILITY iteration=13 barrier_iteration=2 equality_count=3372 equality_rms=2.466709257829e-02 equality_max=2.958933729282e-01 equality_worst_stage=6 equality_worst_index=509 dynamics_count=255 dynamics_rms=0.000000000000e+00 dynamics_max=0.000000000000e+00 dynamics_worst_stage=0 dynamics_worst_index=0 bound_count=4902 bound_rms=0.000000000000e+00 bound_max=0.000000000000e+00 bound_worst_stage=0 bound_worst_index=0 bound_worst_kind=none
    13   3.51567062e+03   2.9589e-01   1.8766e+00   2.6052e-01   -1.40      -     5.0000e-01   0
FILTERDDP_ITER_TIMING iteration=13 barrier_iteration=2 backward_s=0.061231800 forward_s=0.008602900 total_s=0.069834700 outcome=accepted step_size=5.000000000e-01 backtracks=0 mu=4.000000000e-02
FILTERDDP_TIMING iteration=14 barrier_iteration=2 stage=6 derivative_s=0.002046900 first_order_s=0.001662000 second_order_s=0.000336100 algebra_s=0.003849800 kkt_assembly_s=0.000938800 factor_s=0.004680200 solve_s=0.000935100 update_s=0.001091400 K_nnz=5269 rhs_cols=52 Vxx_nnz=2601
FILTERDDP_TIMING iteration=14 barrier_iteration=2 stage=5 derivative_s=0.002380800 first_order_s=0.002106100 second_order_s=0.000203700 algebra_s=0.001096500 kkt_assembly_s=0.000588500 factor_s=0.003621200 solve_s=0.000905600 update_s=0.000298600 K_nnz=5269 rhs_cols=52 Vxx_nnz=2601
FILTERDDP_TIMING iteration=14 barrier_iteration=2 stage=4 derivative_s=0.001018800 first_order_s=0.000865800 second_order_s=0.000127800 algebra_s=0.000471500 kkt_assembly_s=0.000229000 factor_s=0.002723100 solve_s=0.000980100 update_s=0.000284500 K_nnz=5269 rhs_cols=52 Vxx_nnz=2601
FILTERDDP_TIMING iteration=14 barrier_iteration=2 stage=3 derivative_s=0.002309200 first_order_s=0.002033600 second_order_s=0.000229500 algebra_s=0.001023100 kkt_assembly_s=0.000600700 factor_s=0.008315200 solve_s=0.002936300 update_s=0.000598700 K_nnz=5269 rhs_cols=52 Vxx_nnz=2601
FILTERDDP_TIMING iteration=14 barrier_iteration=2 stage=2 derivative_s=0.000678700 first_order_s=0.000544700 second_order_s=0.000105100 algebra_s=0.000763100 kkt_assembly_s=0.000224000 factor_s=0.003748500 solve_s=0.001509700 update_s=0.000375700 K_nnz=5269 rhs_cols=52 Vxx_nnz=2601
FILTERDDP_TIMING iteration=14 barrier_iteration=2 stage=1 derivative_s=0.001027100 first_order_s=0.000887000 second_order_s=0.000112200 algebra_s=0.000508100 kkt_assembly_s=0.000307300 factor_s=0.003263000 solve_s=0.001364400 update_s=0.000389200 K_nnz=5269 rhs_cols=52 Vxx_nnz=2601
FILTERDDP_FEASIBILITY iteration=14 barrier_iteration=2 equality_count=3372 equality_rms=2.661129726313e-02 equality_max=3.440313466206e-01 equality_worst_stage=6 equality_worst_index=509 dynamics_count=255 dynamics_rms=0.000000000000e+00 dynamics_max=0.000000000000e+00 dynamics_worst_stage=0 dynamics_worst_index=0 bound_count=4902 bound_rms=0.000000000000e+00 bound_max=0.000000000000e+00 bound_worst_stage=0 bound_worst_index=0 bound_worst_kind=none
    14   3.36633535e+03   3.4403e-01   1.5136e+00   1.6147e-01   -1.40      -     5.0000e-01   0
FILTERDDP_ITER_TIMING iteration=14 barrier_iteration=2 backward_s=0.060050000 forward_s=0.009866500 total_s=0.069916500 outcome=accepted step_size=5.000000000e-01 backtracks=0 mu=4.000000000e-02
FILTERDDP_TIMING iteration=15 barrier_iteration=2 stage=6 derivative_s=0.001907300 first_order_s=0.001616800 second_order_s=0.000247300 algebra_s=0.003351400 kkt_assembly_s=0.000983900 factor_s=0.008835500 solve_s=0.003199600 update_s=0.000916600 K_nnz=5269 rhs_cols=52 Vxx_nnz=2601
FILTERDDP_TIMING iteration=15 barrier_iteration=2 stage=5 derivative_s=0.000789800 first_order_s=0.000678500 second_order_s=0.000079800 algebra_s=0.000361200 kkt_assembly_s=0.000284200 factor_s=0.004156500 solve_s=0.001410900 update_s=0.000339000 K_nnz=5269 rhs_cols=52 Vxx_nnz=2601
FILTERDDP_TIMING iteration=15 barrier_iteration=2 stage=4 derivative_s=0.002116000 first_order_s=0.001890500 second_order_s=0.000175100 algebra_s=0.000990900 kkt_assembly_s=0.000515500 factor_s=0.007421700 solve_s=0.002984800 update_s=0.000562800 K_nnz=5269 rhs_cols=52 Vxx_nnz=2601
FILTERDDP_TIMING iteration=15 barrier_iteration=2 stage=3 derivative_s=0.002498200 first_order_s=0.002231300 second_order_s=0.000190000 algebra_s=0.001269300 kkt_assembly_s=0.000406900 factor_s=0.005466000 solve_s=0.002241800 update_s=0.000430000 K_nnz=5269 rhs_cols=52 Vxx_nnz=2601
FILTERDDP_TIMING iteration=15 barrier_iteration=2 stage=2 derivative_s=0.001770800 first_order_s=0.001605700 second_order_s=0.000096600 algebra_s=0.000798000 kkt_assembly_s=0.000455200 factor_s=0.006187200 solve_s=0.001775900 update_s=0.000401200 K_nnz=5269 rhs_cols=52 Vxx_nnz=2601
FILTERDDP_TIMING iteration=15 barrier_iteration=2 stage=1 derivative_s=0.001149600 first_order_s=0.000986200 second_order_s=0.000132200 algebra_s=0.000645700 kkt_assembly_s=0.000327100 factor_s=0.004732400 solve_s=0.001981700 update_s=0.000458000 K_nnz=5269 rhs_cols=52 Vxx_nnz=2601
FILTERDDP_FEASIBILITY iteration=15 barrier_iteration=2 equality_count=3372 equality_rms=3.267281614367e-02 equality_max=4.382907771961e-01 equality_worst_stage=5 equality_worst_index=509 dynamics_count=255 dynamics_rms=0.000000000000e+00 dynamics_max=0.000000000000e+00 dynamics_worst_stage=0 dynamics_worst_index=0 bound_count=4902 bound_rms=0.000000000000e+00 bound_max=0.000000000000e+00 bound_worst_stage=0 bound_worst_index=0 bound_worst_kind=none
    15   3.28876702e+03   4.3829e-01   1.0980e+00   1.0613e-01   -1.40      -     5.0000e-01   0
FILTERDDP_ITER_TIMING iteration=15 barrier_iteration=2 backward_s=0.076303100 forward_s=0.009507700 total_s=0.085810800 outcome=accepted step_size=5.000000000e-01 backtracks=0 mu=4.000000000e-02
FILTERDDP_TIMING iteration=16 barrier_iteration=2 stage=6 derivative_s=0.002234200 first_order_s=0.001879400 second_order_s=0.000309300 algebra_s=0.003377800 kkt_assembly_s=0.000671100 factor_s=0.002935900 solve_s=0.000927700 update_s=0.001047200 K_nnz=5269 rhs_cols=52 Vxx_nnz=2601
FILTERDDP_TIMING iteration=16 barrier_iteration=2 stage=5 derivative_s=0.002272100 first_order_s=0.001984100 second_order_s=0.000239800 algebra_s=0.001120000 kkt_assembly_s=0.000546400 factor_s=0.004143300 solve_s=0.000905100 update_s=0.000263300 K_nnz=5269 rhs_cols=52 Vxx_nnz=2601
FILTERDDP_TIMING iteration=16 barrier_iteration=2 stage=4 derivative_s=0.001975800 first_order_s=0.001708000 second_order_s=0.000205800 algebra_s=0.001120500 kkt_assembly_s=0.000524100 factor_s=0.007722200 solve_s=0.025745800 update_s=0.000262100 K_nnz=5269 rhs_cols=52 Vxx_nnz=2601
FILTERDDP_TIMING iteration=16 barrier_iteration=2 stage=3 derivative_s=0.000564400 first_order_s=0.000483200 second_order_s=0.000049000 algebra_s=0.000289300 kkt_assembly_s=0.000189200 factor_s=0.002107000 solve_s=0.000924800 update_s=0.000231800 K_nnz=5269 rhs_cols=52 Vxx_nnz=2601
FILTERDDP_TIMING iteration=16 barrier_iteration=2 stage=2 derivative_s=0.001207700 first_order_s=0.001103800 second_order_s=0.000066300 algebra_s=0.000425000 kkt_assembly_s=0.000273300 factor_s=0.003240500 solve_s=0.001454800 update_s=0.000312600 K_nnz=5269 rhs_cols=52 Vxx_nnz=2601
FILTERDDP_TIMING iteration=16 barrier_iteration=2 stage=1 derivative_s=0.000816200 first_order_s=0.000733600 second_order_s=0.000052200 algebra_s=0.000295700 kkt_assembly_s=0.000173800 factor_s=0.001914500 solve_s=0.000985500 update_s=0.000233600 K_nnz=5269 rhs_cols=52 Vxx_nnz=2601
FILTERDDP_FEASIBILITY iteration=16 barrier_iteration=2 equality_count=3372 equality_rms=4.089812334040e-02 equality_max=5.694184807245e-01 equality_worst_stage=5 equality_worst_index=509 dynamics_count=255 dynamics_rms=0.000000000000e+00 dynamics_max=0.000000000000e+00 dynamics_worst_stage=0 dynamics_worst_index=0 bound_count=4902 bound_rms=0.000000000000e+00 bound_max=0.000000000000e+00 bound_worst_stage=0 bound_worst_index=0 bound_worst_kind=none
    16   3.24958503e+03   5.6942e-01   7.4638e-01   7.5289e-02   -1.40      -     5.0000e-01   0
FILTERDDP_ITER_TIMING iteration=16 barrier_iteration=2 backward_s=0.075270000 forward_s=0.009386400 total_s=0.084656400 outcome=accepted step_size=5.000000000e-01 backtracks=0 mu=4.000000000e-02
FILTERDDP_TIMING iteration=17 barrier_iteration=2 stage=6 derivative_s=0.001899600 first_order_s=0.001676000 second_order_s=0.000183400 algebra_s=0.002860900 kkt_assembly_s=0.000673200 factor_s=0.008500600 solve_s=0.002000600 update_s=0.000902600 K_nnz=5269 rhs_cols=52 Vxx_nnz=2601
FILTERDDP_TIMING iteration=17 barrier_iteration=2 stage=5 derivative_s=0.002081100 first_order_s=0.001907900 second_order_s=0.000114900 algebra_s=0.000782300 kkt_assembly_s=0.000557400 factor_s=0.005687500 solve_s=0.002756600 update_s=0.000477800 K_nnz=5269 rhs_cols=52 Vxx_nnz=2601
FILTERDDP_TIMING iteration=17 barrier_iteration=2 stage=4 derivative_s=0.000953400 first_order_s=0.000840400 second_order_s=0.000082200 algebra_s=0.000521900 kkt_assembly_s=0.000230400 factor_s=0.002976600 solve_s=0.001830700 update_s=0.000353700 K_nnz=5269 rhs_cols=52 Vxx_nnz=2601
FILTERDDP_TIMING iteration=17 barrier_iteration=2 stage=3 derivative_s=0.001927000 first_order_s=0.001769400 second_order_s=0.000116600 algebra_s=0.000709400 kkt_assembly_s=0.000451600 factor_s=0.005367900 solve_s=0.002182000 update_s=0.000429700 K_nnz=5269 rhs_cols=52 Vxx_nnz=2601
FILTERDDP_TIMING iteration=17 barrier_iteration=2 stage=2 derivative_s=0.001732800 first_order_s=0.001569200 second_order_s=0.000103100 algebra_s=0.000661300 kkt_assembly_s=0.000400400 factor_s=0.004997700 solve_s=0.002578200 update_s=0.000472700 K_nnz=5269 rhs_cols=52 Vxx_nnz=2601
FILTERDDP_TIMING iteration=17 barrier_iteration=2 stage=1 derivative_s=0.001302300 first_order_s=0.001176500 second_order_s=0.000093300 algebra_s=0.000519400 kkt_assembly_s=0.000315200 factor_s=0.003685700 solve_s=0.002273000 update_s=0.000475200 K_nnz=5269 rhs_cols=52 Vxx_nnz=2601
FILTERDDP_FEASIBILITY iteration=17 barrier_iteration=2 equality_count=3372 equality_rms=4.588756181386e-02 equality_max=6.597516655537e-01 equality_worst_stage=5 equality_worst_index=509 dynamics_count=255 dynamics_rms=0.000000000000e+00 dynamics_max=0.000000000000e+00 dynamics_worst_stage=0 dynamics_worst_index=0 bound_count=4902 bound_rms=0.000000000000e+00 bound_max=0.000000000000e+00 bound_worst_stage=0 bound_worst_index=0 bound_worst_kind=none
    17   3.23016855e+03   6.5975e-01   4.8226e-01   5.8423e-02   -1.40      -     5.0000e-01   0
FILTERDDP_ITER_TIMING iteration=17 barrier_iteration=2 backward_s=0.068428500 forward_s=0.010358100 total_s=0.078786600 outcome=accepted step_size=5.000000000e-01 backtracks=0 mu=4.000000000e-02
FILTERDDP_TIMING iteration=18 barrier_iteration=2 stage=6 derivative_s=0.001964400 first_order_s=0.001750100 second_order_s=0.000169300 algebra_s=0.002808100 kkt_assembly_s=0.000585800 factor_s=0.005005100 solve_s=0.001311000 update_s=0.000861000 K_nnz=5269 rhs_cols=52 Vxx_nnz=2601
FILTERDDP_TIMING iteration=18 barrier_iteration=2 stage=5 derivative_s=0.001983300 first_order_s=0.001807200 second_order_s=0.000127900 algebra_s=0.000774500 kkt_assembly_s=0.000603500 factor_s=0.004152500 solve_s=0.001293700 update_s=0.000299300 K_nnz=5269 rhs_cols=52 Vxx_nnz=2601
FILTERDDP_TIMING iteration=18 barrier_iteration=2 stage=4 derivative_s=0.002026000 first_order_s=0.001853900 second_order_s=0.000125500 algebra_s=0.000776200 kkt_assembly_s=0.000498600 factor_s=0.006290700 solve_s=0.003153800 update_s=0.000542200 K_nnz=5269 rhs_cols=52 Vxx_nnz=2601
FILTERDDP_TIMING iteration=18 barrier_iteration=2 stage=3 derivative_s=0.000915700 first_order_s=0.000795100 second_order_s=0.000074400 algebra_s=0.000505900 kkt_assembly_s=0.000241500 factor_s=0.002842100 solve_s=0.001388100 update_s=0.000306500 K_nnz=5269 rhs_cols=52 Vxx_nnz=2601
FILTERDDP_TIMING iteration=18 barrier_iteration=2 stage=2 derivative_s=0.001890200 first_order_s=0.001689400 second_order_s=0.000142000 algebra_s=0.000743400 kkt_assembly_s=0.000481100 factor_s=0.005424000 solve_s=0.002590500 update_s=0.000465400 K_nnz=5269 rhs_cols=52 Vxx_nnz=2601
FILTERDDP_TIMING iteration=18 barrier_iteration=2 stage=1 derivative_s=0.000819500 first_order_s=0.000702900 second_order_s=0.000082700 algebra_s=0.000503900 kkt_assembly_s=0.000267600 factor_s=0.003007200 solve_s=0.001443300 update_s=0.000317300 K_nnz=5269 rhs_cols=52 Vxx_nnz=2601
FILTERDDP_FEASIBILITY iteration=18 barrier_iteration=2 equality_count=3372 equality_rms=4.318827926200e-02 equality_max=6.442018838308e-01 equality_worst_stage=5 equality_worst_index=509 dynamics_count=255 dynamics_rms=0.000000000000e+00 dynamics_max=0.000000000000e+00 dynamics_worst_stage=0 dynamics_worst_index=0 bound_count=4902 bound_rms=0.000000000000e+00 bound_max=0.000000000000e+00 bound_worst_stage=0 bound_worst_index=0 bound_worst_kind=none
    18   3.22082425e+03   6.4420e-01   3.0532e-01   4.9446e-02   -1.40      -     5.0000e-01   0
FILTERDDP_ITER_TIMING iteration=18 barrier_iteration=2 backward_s=0.061108300 forward_s=0.009191200 total_s=0.070299500 outcome=accepted step_size=5.000000000e-01 backtracks=0 mu=4.000000000e-02
FILTERDDP_TIMING iteration=19 barrier_iteration=2 stage=6 derivative_s=0.001935000 first_order_s=0.001733500 second_order_s=0.000157800 algebra_s=0.002863900 kkt_assembly_s=0.000586700 factor_s=0.005241200 solve_s=0.001383600 update_s=0.000866600 K_nnz=5269 rhs_cols=52 Vxx_nnz=2601
FILTERDDP_TIMING iteration=19 barrier_iteration=2 stage=5 derivative_s=0.002203800 first_order_s=0.002016600 second_order_s=0.000138600 algebra_s=0.001082500 kkt_assembly_s=0.000824000 factor_s=0.007499700 solve_s=0.003046700 update_s=0.000604500 K_nnz=5269 rhs_cols=52 Vxx_nnz=2601
FILTERDDP_TIMING iteration=19 barrier_iteration=2 stage=4 derivative_s=0.001908800 first_order_s=0.001666300 second_order_s=0.000174000 algebra_s=0.000823900 kkt_assembly_s=0.000502200 factor_s=0.005914500 solve_s=0.002628900 update_s=0.000475200 K_nnz=5269 rhs_cols=52 Vxx_nnz=2601
FILTERDDP_TIMING iteration=19 barrier_iteration=2 stage=3 derivative_s=0.000617900 first_order_s=0.000504200 second_order_s=0.000088500 algebra_s=0.000331700 kkt_assembly_s=0.000205300 factor_s=0.002055200 solve_s=0.000945400 update_s=0.000236100 K_nnz=5269 rhs_cols=52 Vxx_nnz=2601
FILTERDDP_TIMING iteration=19 barrier_iteration=2 stage=2 derivative_s=0.001484100 first_order_s=0.001353000 second_order_s=0.000094400 algebra_s=0.000680100 kkt_assembly_s=0.000425200 factor_s=0.005465800 solve_s=0.001979300 update_s=0.000306100 K_nnz=5269 rhs_cols=52 Vxx_nnz=2601
FILTERDDP_TIMING iteration=19 barrier_iteration=2 stage=1 derivative_s=0.000599600 first_order_s=0.000499200 second_order_s=0.000057300 algebra_s=0.000402800 kkt_assembly_s=0.000207600 factor_s=0.002057300 solve_s=0.000984900 update_s=0.000247300 K_nnz=5269 rhs_cols=52 Vxx_nnz=2601
FILTERDDP_FEASIBILITY iteration=19 barrier_iteration=2 equality_count=3372 equality_rms=3.373140200762e-02 equality_max=5.206065880179e-01 equality_worst_stage=5 equality_worst_index=509 dynamics_count=255 dynamics_rms=0.000000000000e+00 dynamics_max=0.000000000000e+00 dynamics_worst_stage=0 dynamics_worst_index=0 bound_count=4902 bound_rms=0.000000000000e+00 bound_max=0.000000000000e+00 bound_worst_stage=0 bound_worst_index=0 bound_worst_kind=none
    19   3.21650880e+03   5.2061e-01   1.7412e-01   4.4787e-02   -1.40      -     5.0000e-01   0
FILTERDDP_ITER_TIMING iteration=19 barrier_iteration=2 backward_s=0.061505900 forward_s=0.008466200 total_s=0.069972100 outcome=accepted step_size=5.000000000e-01 backtracks=0 mu=4.000000000e-02
FILTERDDP_TIMING iteration=20 barrier_iteration=2 stage=6 derivative_s=0.001847400 first_order_s=0.001617800 second_order_s=0.000182900 algebra_s=0.002665000 kkt_assembly_s=0.000594500 factor_s=0.004817400 solve_s=0.000933500 update_s=0.001117200 K_nnz=5269 rhs_cols=52 Vxx_nnz=2601
FILTERDDP_TIMING iteration=20 barrier_iteration=2 stage=5 derivative_s=0.001984100 first_order_s=0.001804200 second_order_s=0.000112500 algebra_s=0.000989600 kkt_assembly_s=0.000504600 factor_s=0.003782400 solve_s=0.000983700 update_s=0.000259300 K_nnz=5269 rhs_cols=52 Vxx_nnz=2601
FILTERDDP_TIMING iteration=20 barrier_iteration=2 stage=4 derivative_s=0.006897400 first_order_s=0.006797700 second_order_s=0.000062600 algebra_s=0.000300400 kkt_assembly_s=0.000193500 factor_s=0.002270200 solve_s=0.000936800 update_s=0.000238200 K_nnz=5269 rhs_cols=52 Vxx_nnz=2601
FILTERDDP_TIMING iteration=20 barrier_iteration=2 stage=3 derivative_s=0.000708400 first_order_s=0.000617000 second_order_s=0.000061100 algebra_s=0.000340200 kkt_assembly_s=0.000182000 factor_s=0.002044100 solve_s=0.000998000 update_s=0.000223600 K_nnz=5269 rhs_cols=52 Vxx_nnz=2601
FILTERDDP_TIMING iteration=20 barrier_iteration=2 stage=2 derivative_s=0.000811100 first_order_s=0.000730800 second_order_s=0.000049000 algebra_s=0.000298600 kkt_assembly_s=0.000178000 factor_s=0.002019900 solve_s=0.000942800 update_s=0.000211700 K_nnz=5269 rhs_cols=52 Vxx_nnz=2601
FILTERDDP_TIMING iteration=20 barrier_iteration=2 stage=1 derivative_s=0.000767200 first_order_s=0.000696700 second_order_s=0.000049600 algebra_s=0.000293200 kkt_assembly_s=0.000182100 factor_s=0.002107300 solve_s=0.000995600 update_s=0.000236600 K_nnz=5269 rhs_cols=52 Vxx_nnz=2601
FILTERDDP_FEASIBILITY iteration=20 barrier_iteration=2 equality_count=3372 equality_rms=2.236795325417e-02 equality_max=3.537776196515e-01 equality_worst_stage=5 equality_worst_index=509 dynamics_count=255 dynamics_rms=0.000000000000e+00 dynamics_max=0.000000000000e+00 dynamics_worst_stage=0 dynamics_worst_index=0 bound_count=4902 bound_rms=0.000000000000e+00 bound_max=0.000000000000e+00 bound_worst_stage=0 bound_worst_index=0 bound_worst_kind=none
FILTERDDP_ITER_TIMING iteration=20 barrier_iteration=2 backward_s=0.046219800 forward_s=0.000000000 total_s=0.046219800 outcome=barrier_update step_size=5.000000000e-01 backtracks=0 mu=4.000000000e-02
FILTERDDP_TIMING iteration=20 barrier_iteration=3 stage=6 derivative_s=0.000683900 first_order_s=0.000597800 second_order_s=0.000061300 algebra_s=0.002966500 kkt_assembly_s=0.000519600 factor_s=0.004148900 solve_s=0.001001800 update_s=0.000970600 K_nnz=5269 rhs_cols=52 Vxx_nnz=2601
FILTERDDP_TIMING iteration=20 barrier_iteration=3 stage=5 derivative_s=0.000618000 first_order_s=0.000522400 second_order_s=0.000056700 algebra_s=0.000430000 kkt_assembly_s=0.000213200 factor_s=0.002338800 solve_s=0.001107500 update_s=0.000240300 K_nnz=5269 rhs_cols=52 Vxx_nnz=2601
FILTERDDP_TIMING iteration=20 barrier_iteration=3 stage=4 derivative_s=0.000920600 first_order_s=0.000831500 second_order_s=0.000056400 algebra_s=0.000424600 kkt_assembly_s=0.000250600 factor_s=0.002950100 solve_s=0.001675400 update_s=0.000290900 K_nnz=5269 rhs_cols=52 Vxx_nnz=2601
FILTERDDP_TIMING iteration=20 barrier_iteration=3 stage=3 derivative_s=0.000847500 first_order_s=0.000772000 second_order_s=0.000055300 algebra_s=0.000308000 kkt_assembly_s=0.000202100 factor_s=0.002182300 solve_s=0.001059100 update_s=0.000218200 K_nnz=5269 rhs_cols=52 Vxx_nnz=2601
FILTERDDP_TIMING iteration=20 barrier_iteration=3 stage=2 derivative_s=0.001158600 first_order_s=0.001053100 second_order_s=0.000079400 algebra_s=0.000510500 kkt_assembly_s=0.000404300 factor_s=0.004841800 solve_s=0.001783800 update_s=0.000333600 K_nnz=5269 rhs_cols=52 Vxx_nnz=2601
FILTERDDP_TIMING iteration=20 barrier_iteration=3 stage=1 derivative_s=0.000859400 first_order_s=0.000767200 second_order_s=0.000071400 algebra_s=0.000325800 kkt_assembly_s=0.000203100 factor_s=0.003137500 solve_s=0.001679500 update_s=0.000306600 K_nnz=5269 rhs_cols=52 Vxx_nnz=2601
FILTERDDP_FEASIBILITY iteration=20 barrier_iteration=3 equality_count=3372 equality_rms=2.236795325417e-02 equality_max=3.537776196515e-01 equality_worst_stage=5 equality_worst_index=509 dynamics_count=255 dynamics_rms=0.000000000000e+00 dynamics_max=0.000000000000e+00 dynamics_worst_stage=0 dynamics_worst_index=0 bound_count=4902 bound_rms=0.000000000000e+00 bound_max=0.000000000000e+00 bound_worst_stage=0 bound_worst_index=0 bound_worst_kind=none
  iter     objective        pr_inf       du_inf       cs_inf     lg(╬╝)   lg(reg)    alpha     ls
    20   3.21459786e+03   3.5378e-01   7.4596e-02   4.2410e-02   -2.10      -     5.0000e-01   0
FILTERDDP_ITER_TIMING iteration=20 barrier_iteration=3 backward_s=0.043763100 forward_s=0.009535500 total_s=0.053298600 outcome=accepted step_size=5.000000000e-01 backtracks=0 mu=8.000000000e-03
FILTERDDP_TIMING iteration=21 barrier_iteration=3 stage=6 derivative_s=0.001875100 first_order_s=0.001686100 second_order_s=0.000147700 algebra_s=0.002769200 kkt_assembly_s=0.000550700 factor_s=0.006446800 solve_s=0.002840400 update_s=0.001155500 K_nnz=5269 rhs_cols=52 Vxx_nnz=2601
FILTERDDP_TIMING iteration=21 barrier_iteration=3 stage=5 derivative_s=0.001963100 first_order_s=0.001797300 second_order_s=0.000121700 algebra_s=0.000802100 kkt_assembly_s=0.000493000 factor_s=0.006269900 solve_s=0.003301300 update_s=0.000521900 K_nnz=5269 rhs_cols=52 Vxx_nnz=2601
FILTERDDP_TIMING iteration=21 barrier_iteration=3 stage=4 derivative_s=0.001992400 first_order_s=0.001828200 second_order_s=0.000120700 algebra_s=0.000733000 kkt_assembly_s=0.000485300 factor_s=0.006704400 solve_s=0.003290600 update_s=0.000865100 K_nnz=5269 rhs_cols=52 Vxx_nnz=2601
FILTERDDP_TIMING iteration=21 barrier_iteration=3 stage=3 derivative_s=0.002375100 first_order_s=0.002190400 second_order_s=0.000128900 algebra_s=0.000945100 kkt_assembly_s=0.000689600 factor_s=0.008289300 solve_s=0.002783300 update_s=0.000573700 K_nnz=5269 rhs_cols=52 Vxx_nnz=2601
FILTERDDP_TIMING iteration=21 barrier_iteration=3 stage=2 derivative_s=0.002016200 first_order_s=0.001888100 second_order_s=0.000096700 algebra_s=0.000472100 kkt_assembly_s=0.000285400 factor_s=0.003429700 solve_s=0.001007600 update_s=0.000261700 K_nnz=5269 rhs_cols=52 Vxx_nnz=2601
FILTERDDP_TIMING iteration=21 barrier_iteration=3 stage=1 derivative_s=0.001960300 first_order_s=0.001787800 second_order_s=0.000128800 algebra_s=0.000742700 kkt_assembly_s=0.000488000 factor_s=0.006822200 solve_s=0.002961700 update_s=0.000520600 K_nnz=5269 rhs_cols=52 Vxx_nnz=2601
FILTERDDP_FEASIBILITY iteration=21 barrier_iteration=3 equality_count=3372 equality_rms=1.027178975047e-01 equality_max=1.561401620570e+00 equality_worst_stage=5 equality_worst_index=509 dynamics_count=255 dynamics_rms=0.000000000000e+00 dynamics_max=0.000000000000e+00 dynamics_worst_stage=0 dynamics_worst_index=0 bound_count=4902 bound_rms=0.000000000000e+00 bound_max=0.000000000000e+00 bound_worst_stage=0 bound_worst_index=0 bound_worst_kind=none
    21   3.18587303e+03   1.5614e+00   1.5633e-01   2.6826e-02   -2.10      -     5.0000e-01   0
FILTERDDP_ITER_TIMING iteration=21 barrier_iteration=3 backward_s=0.082076500 forward_s=0.012977900 total_s=0.095054400 outcome=accepted step_size=5.000000000e-01 backtracks=0 mu=8.000000000e-03
FILTERDDP_TIMING iteration=22 barrier_iteration=3 stage=6 derivative_s=0.001604200 first_order_s=0.001438000 second_order_s=0.000130100 algebra_s=0.002838600 kkt_assembly_s=0.000581800 factor_s=0.006631000 solve_s=0.002305900 update_s=0.001120100 K_nnz=5269 rhs_cols=52 Vxx_nnz=2601
FILTERDDP_TIMING iteration=22 barrier_iteration=3 stage=5 derivative_s=0.002208100 first_order_s=0.002014200 second_order_s=0.000141200 algebra_s=0.000755300 kkt_assembly_s=0.000500300 factor_s=0.012106600 solve_s=0.001527500 update_s=0.000345500 K_nnz=5269 rhs_cols=52 Vxx_nnz=2601
FILTERDDP_TIMING iteration=22 barrier_iteration=3 stage=4 derivative_s=0.002219900 first_order_s=0.001930600 second_order_s=0.000135200 algebra_s=0.000542900 kkt_assembly_s=0.000277600 factor_s=0.003878000 solve_s=0.001274700 update_s=0.000255100 K_nnz=5269 rhs_cols=52 Vxx_nnz=2601
FILTERDDP_TIMING iteration=22 barrier_iteration=3 stage=3 derivative_s=0.001833600 first_order_s=0.001635800 second_order_s=0.000149800 algebra_s=0.000718600 kkt_assembly_s=0.000466900 factor_s=0.005703700 solve_s=0.003051200 update_s=0.000535500 K_nnz=5269 rhs_cols=52 Vxx_nnz=2601
FILTERDDP_TIMING iteration=22 barrier_iteration=3 stage=2 derivative_s=0.000528900 first_order_s=0.000441200 second_order_s=0.000052800 algebra_s=0.000353800 kkt_assembly_s=0.000254800 factor_s=0.001933800 solve_s=0.000922000 update_s=0.000250800 K_nnz=5269 rhs_cols=52 Vxx_nnz=2601
FILTERDDP_TIMING iteration=22 barrier_iteration=3 stage=1 derivative_s=0.002000200 first_order_s=0.001822600 second_order_s=0.000129600 algebra_s=0.000776000 kkt_assembly_s=0.000495900 factor_s=0.006202300 solve_s=0.002830100 update_s=0.000423900 K_nnz=5269 rhs_cols=52 Vxx_nnz=2601
FILTERDDP_FEASIBILITY iteration=22 barrier_iteration=3 equality_count=3372 equality_rms=1.060774232764e-01 equality_max=1.665944489308e+00 equality_worst_stage=5 equality_worst_index=509 dynamics_count=255 dynamics_rms=0.000000000000e+00 dynamics_max=0.000000000000e+00 dynamics_worst_stage=0 dynamics_worst_index=0 bound_count=4902 bound_rms=0.000000000000e+00 bound_max=0.000000000000e+00 bound_worst_stage=0 bound_worst_index=0 bound_worst_kind=none
    22   3.17128860e+03   1.6659e+00   1.3354e-01   1.8175e-02   -2.10      -     5.0000e-01   0
FILTERDDP_ITER_TIMING iteration=22 barrier_iteration=3 backward_s=0.072366100 forward_s=0.008290500 total_s=0.080656600 outcome=accepted step_size=5.000000000e-01 backtracks=0 mu=8.000000000e-03
FILTERDDP_TIMING iteration=23 barrier_iteration=3 stage=6 derivative_s=0.001931900 first_order_s=0.001718100 second_order_s=0.000169100 algebra_s=0.002744300 kkt_assembly_s=0.000593300 factor_s=0.005003200 solve_s=0.001597800 update_s=0.001035000 K_nnz=5269 rhs_cols=52 Vxx_nnz=2601
FILTERDDP_TIMING iteration=23 barrier_iteration=3 stage=5 derivative_s=0.002019400 first_order_s=0.001834900 second_order_s=0.000134100 algebra_s=0.000776200 kkt_assembly_s=0.000507300 factor_s=0.004756100 solve_s=0.002033100 update_s=0.000408400 K_nnz=5269 rhs_cols=52 Vxx_nnz=2601
FILTERDDP_TIMING iteration=23 barrier_iteration=3 stage=4 derivative_s=0.002078700 first_order_s=0.001901700 second_order_s=0.000129400 algebra_s=0.000773200 kkt_assembly_s=0.000503100 factor_s=0.006113900 solve_s=0.003018900 update_s=0.000537700 K_nnz=5269 rhs_cols=52 Vxx_nnz=2601
FILTERDDP_TIMING iteration=23 barrier_iteration=3 stage=3 derivative_s=0.001488100 first_order_s=0.001332200 second_order_s=0.000110200 algebra_s=0.000643000 kkt_assembly_s=0.000447900 factor_s=0.005268100 solve_s=0.002476700 update_s=0.000479700 K_nnz=5269 rhs_cols=52 Vxx_nnz=2601
FILTERDDP_TIMING iteration=23 barrier_iteration=3 stage=2 derivative_s=0.002162700 first_order_s=0.001951300 second_order_s=0.000149000 algebra_s=0.000931900 kkt_assembly_s=0.000535000 factor_s=0.005725500 solve_s=0.002448900 update_s=0.000428600 K_nnz=5269 rhs_cols=52 Vxx_nnz=2601
FILTERDDP_TIMING iteration=23 barrier_iteration=3 stage=1 derivative_s=0.002388300 first_order_s=0.002182800 second_order_s=0.000153200 algebra_s=0.000770900 kkt_assembly_s=0.000660600 factor_s=0.004433400 solve_s=0.002107700 update_s=0.000484500 K_nnz=5269 rhs_cols=52 Vxx_nnz=2601
FILTERDDP_FEASIBILITY iteration=23 barrier_iteration=3 equality_count=3372 equality_rms=7.454452683011e-02 equality_max=1.191192628629e+00 equality_worst_stage=5 equality_worst_index=509 dynamics_count=255 dynamics_rms=0.000000000000e+00 dynamics_max=0.000000000000e+00 dynamics_worst_stage=0 dynamics_worst_index=0 bound_count=4902 bound_rms=0.000000000000e+00 bound_max=0.000000000000e+00 bound_worst_stage=0 bound_worst_index=0 bound_worst_kind=none
    23   3.16396521e+03   1.1912e+00   8.4238e-02   1.2204e-02   -2.10      -     5.0000e-01   0
FILTERDDP_ITER_TIMING iteration=23 barrier_iteration=3 backward_s=0.072727200 forward_s=0.011193400 total_s=0.083920600 outcome=accepted step_size=5.000000000e-01 backtracks=0 mu=8.000000000e-03
FILTERDDP_TIMING iteration=24 barrier_iteration=3 stage=6 derivative_s=0.002071700 first_order_s=0.001826100 second_order_s=0.000194600 algebra_s=0.002918900 kkt_assembly_s=0.000587200 factor_s=0.005909900 solve_s=0.001984800 update_s=0.001104200 K_nnz=5269 rhs_cols=52 Vxx_nnz=2601
FILTERDDP_TIMING iteration=24 barrier_iteration=3 stage=5 derivative_s=0.002162300 first_order_s=0.001970500 second_order_s=0.000139600 algebra_s=0.000807100 kkt_assembly_s=0.000530300 factor_s=0.005318800 solve_s=0.001883100 update_s=0.000433700 K_nnz=5269 rhs_cols=52 Vxx_nnz=2601
FILTERDDP_TIMING iteration=24 barrier_iteration=3 stage=4 derivative_s=0.002206700 first_order_s=0.002020700 second_order_s=0.000135000 algebra_s=0.000796700 kkt_assembly_s=0.000545900 factor_s=0.006043300 solve_s=0.003033000 update_s=0.000556100 K_nnz=5269 rhs_cols=52 Vxx_nnz=2601
FILTERDDP_TIMING iteration=24 barrier_iteration=3 stage=3 derivative_s=0.001415000 first_order_s=0.001251200 second_order_s=0.000113000 algebra_s=0.007886500 kkt_assembly_s=0.000360600 factor_s=0.004210300 solve_s=0.002063700 update_s=0.000401800 K_nnz=5269 rhs_cols=52 Vxx_nnz=2601
FILTERDDP_TIMING iteration=24 barrier_iteration=3 stage=2 derivative_s=0.002433700 first_order_s=0.002256000 second_order_s=0.000125300 algebra_s=0.000563400 kkt_assembly_s=0.000293000 factor_s=0.003298100 solve_s=0.001429500 update_s=0.000350700 K_nnz=5269 rhs_cols=52 Vxx_nnz=2601
FILTERDDP_TIMING iteration=24 barrier_iteration=3 stage=1 derivative_s=0.002209900 first_order_s=0.002013100 second_order_s=0.000145500 algebra_s=0.000775400 kkt_assembly_s=0.000530000 factor_s=0.006250300 solve_s=0.002754600 update_s=0.000491400 K_nnz=5269 rhs_cols=52 Vxx_nnz=2601
FILTERDDP_FEASIBILITY iteration=24 barrier_iteration=3 equality_count=3372 equality_rms=4.449922934807e-02 equality_max=7.176106887849e-01 equality_worst_stage=5 equality_worst_index=509 dynamics_count=255 dynamics_rms=0.000000000000e+00 dynamics_max=0.000000000000e+00 dynamics_worst_stage=0 dynamics_worst_index=0 bound_count=4902 bound_rms=0.000000000000e+00 bound_max=0.000000000000e+00 bound_worst_stage=0 bound_worst_index=0 bound_worst_kind=none
    24   3.16031456e+03   7.1761e-01   4.2712e-02   6.6146e-03   -2.10      -     5.0000e-01   0
FILTERDDP_ITER_TIMING iteration=24 barrier_iteration=3 backward_s=0.078904900 forward_s=0.010105300 total_s=0.089010200 outcome=accepted step_size=5.000000000e-01 backtracks=0 mu=8.000000000e-03
FILTERDDP_TIMING iteration=25 barrier_iteration=3 stage=6 derivative_s=0.002030100 first_order_s=0.001780400 second_order_s=0.000201400 algebra_s=0.002877100 kkt_assembly_s=0.000634300 factor_s=0.007444600 solve_s=0.003989200 update_s=0.001148600 K_nnz=5269 rhs_cols=52 Vxx_nnz=2601
FILTERDDP_TIMING iteration=25 barrier_iteration=3 stage=5 derivative_s=0.002234100 first_order_s=0.002021300 second_order_s=0.000149800 algebra_s=0.000922200 kkt_assembly_s=0.000661000 factor_s=0.007084900 solve_s=0.003000000 update_s=0.000647700 K_nnz=5269 rhs_cols=52 Vxx_nnz=2601
FILTERDDP_TIMING iteration=25 barrier_iteration=3 stage=4 derivative_s=0.001301000 first_order_s=0.001162200 second_order_s=0.000103400 algebra_s=0.000503600 kkt_assembly_s=0.000318900 factor_s=0.003688100 solve_s=0.002495900 update_s=0.000468000 K_nnz=5269 rhs_cols=52 Vxx_nnz=2601
FILTERDDP_TIMING iteration=25 barrier_iteration=3 stage=3 derivative_s=0.001674200 first_order_s=0.001518200 second_order_s=0.000099000 algebra_s=0.000659900 kkt_assembly_s=0.000421800 factor_s=0.005649100 solve_s=0.003000800 update_s=0.000574700 K_nnz=5269 rhs_cols=52 Vxx_nnz=2601
FILTERDDP_TIMING iteration=25 barrier_iteration=3 stage=2 derivative_s=0.002109800 first_order_s=0.001912300 second_order_s=0.000135100 algebra_s=0.000797900 kkt_assembly_s=0.000514100 factor_s=0.006076500 solve_s=0.003206300 update_s=0.000565200 K_nnz=5269 rhs_cols=52 Vxx_nnz=2601
FILTERDDP_TIMING iteration=25 barrier_iteration=3 stage=1 derivative_s=0.002086800 first_order_s=0.001897400 second_order_s=0.000139600 algebra_s=0.000771200 kkt_assembly_s=0.000522600 factor_s=0.006576600 solve_s=0.002649100 update_s=0.000498500 K_nnz=5269 rhs_cols=52 Vxx_nnz=2601
FILTERDDP_FEASIBILITY iteration=25 barrier_iteration=3 equality_count=3372 equality_rms=2.441167704855e-02 equality_max=3.954908946205e-01 equality_worst_stage=5 equality_worst_index=509 dynamics_count=255 dynamics_rms=0.000000000000e+00 dynamics_max=0.000000000000e+00 dynamics_worst_stage=0 dynamics_worst_index=0 bound_count=4902 bound_rms=0.000000000000e+00 bound_max=0.000000000000e+00 bound_worst_stage=0 bound_worst_index=0 bound_worst_kind=none
    25   3.15849975e+03   3.9549e-01   1.8871e-02   3.4765e-03   -2.10      -     5.0000e-01   0
FILTERDDP_ITER_TIMING iteration=25 barrier_iteration=3 backward_s=0.082613300 forward_s=0.011334500 total_s=0.093947800 outcome=accepted step_size=5.000000000e-01 backtracks=0 mu=8.000000000e-03
FILTERDDP_TIMING iteration=26 barrier_iteration=3 stage=6 derivative_s=0.001516000 first_order_s=0.001348000 second_order_s=0.000129300 algebra_s=0.002977000 kkt_assembly_s=0.000576000 factor_s=0.005631300 solve_s=0.001629500 update_s=0.001041900 K_nnz=5269 rhs_cols=52 Vxx_nnz=2601
FILTERDDP_TIMING iteration=26 barrier_iteration=3 stage=5 derivative_s=0.002139300 first_order_s=0.001900300 second_order_s=0.000169200 algebra_s=0.000797500 kkt_assembly_s=0.000526600 factor_s=0.004624700 solve_s=0.006525100 update_s=0.000333500 K_nnz=5269 rhs_cols=52 Vxx_nnz=2601
FILTERDDP_TIMING iteration=26 barrier_iteration=3 stage=4 derivative_s=0.002081100 first_order_s=0.001888400 second_order_s=0.000138700 algebra_s=0.000772600 kkt_assembly_s=0.000546400 factor_s=0.006307000 solve_s=0.002974600 update_s=0.000558800 K_nnz=5269 rhs_cols=52 Vxx_nnz=2601
FILTERDDP_TIMING iteration=26 barrier_iteration=3 stage=3 derivative_s=0.002106100 first_order_s=0.001908600 second_order_s=0.000143400 algebra_s=0.000818300 kkt_assembly_s=0.000522200 factor_s=0.006479700 solve_s=0.002688000 update_s=0.000473700 K_nnz=5269 rhs_cols=52 Vxx_nnz=2601
FILTERDDP_TIMING iteration=26 barrier_iteration=3 stage=2 derivative_s=0.001080500 first_order_s=0.000930300 second_order_s=0.000104000 algebra_s=0.000510600 kkt_assembly_s=0.000302300 factor_s=0.003123300 solve_s=0.001544900 update_s=0.000366500 K_nnz=5269 rhs_cols=52 Vxx_nnz=2601
FILTERDDP_TIMING iteration=26 barrier_iteration=3 stage=1 derivative_s=0.001541100 first_order_s=0.001390300 second_order_s=0.000110200 algebra_s=0.000687300 kkt_assembly_s=0.000370700 factor_s=0.003829800 solve_s=0.001806700 update_s=0.000403000 K_nnz=5269 rhs_cols=52 Vxx_nnz=2601
FILTERDDP_FEASIBILITY iteration=26 barrier_iteration=3 equality_count=3372 equality_rms=1.280139638260e-02 equality_max=2.078521644402e-01 equality_worst_stage=5 equality_worst_index=509 dynamics_count=255 dynamics_rms=0.000000000000e+00 dynamics_max=0.000000000000e+00 dynamics_worst_stage=0 dynamics_worst_index=0 bound_count=4902 bound_rms=0.000000000000e+00 bound_max=0.000000000000e+00 bound_worst_stage=0 bound_worst_index=0 bound_worst_kind=none
    26   3.15759801e+03   2.0785e-01   7.5294e-03   1.7876e-03   -2.10      -     5.0000e-01   0
FILTERDDP_ITER_TIMING iteration=26 barrier_iteration=3 backward_s=0.072578100 forward_s=0.012311800 total_s=0.084889900 outcome=accepted step_size=5.000000000e-01 backtracks=0 mu=8.000000000e-03
FILTERDDP_TIMING iteration=27 barrier_iteration=3 stage=6 derivative_s=0.001935700 first_order_s=0.001723100 second_order_s=0.000164900 algebra_s=0.002852000 kkt_assembly_s=0.000620700 factor_s=0.006583600 solve_s=0.002449700 update_s=0.001188000 K_nnz=5269 rhs_cols=52 Vxx_nnz=2601
FILTERDDP_TIMING iteration=27 barrier_iteration=3 stage=5 derivative_s=0.002149200 first_order_s=0.001961200 second_order_s=0.000136600 algebra_s=0.000765600 kkt_assembly_s=0.000513400 factor_s=0.006115800 solve_s=0.002895100 update_s=0.000561200 K_nnz=5269 rhs_cols=52 Vxx_nnz=2601
FILTERDDP_TIMING iteration=27 barrier_iteration=3 stage=4 derivative_s=0.002033800 first_order_s=0.001850200 second_order_s=0.000133300 algebra_s=0.000782100 kkt_assembly_s=0.000517200 factor_s=0.006189400 solve_s=0.002995800 update_s=0.000548200 K_nnz=5269 rhs_cols=52 Vxx_nnz=2601
FILTERDDP_TIMING iteration=27 barrier_iteration=3 stage=3 derivative_s=0.001884800 first_order_s=0.001652700 second_order_s=0.000168400 algebra_s=0.000702200 kkt_assembly_s=0.000458300 factor_s=0.005123000 solve_s=0.002207500 update_s=0.000549400 K_nnz=5269 rhs_cols=52 Vxx_nnz=2601
FILTERDDP_TIMING iteration=27 barrier_iteration=3 stage=2 derivative_s=0.002121300 first_order_s=0.001935200 second_order_s=0.000137900 algebra_s=0.000845700 kkt_assembly_s=0.000508800 factor_s=0.005943500 solve_s=0.009906300 update_s=0.000471900 K_nnz=5269 rhs_cols=52 Vxx_nnz=2601
FILTERDDP_TIMING iteration=27 barrier_iteration=3 stage=1 derivative_s=0.001044000 first_order_s=0.000901900 second_order_s=0.000106500 algebra_s=0.000505000 kkt_assembly_s=0.000414500 factor_s=0.003994000 solve_s=0.001296400 update_s=0.000345700 K_nnz=5269 rhs_cols=52 Vxx_nnz=2601
FILTERDDP_FEASIBILITY iteration=27 barrier_iteration=3 equality_count=3372 equality_rms=6.556049015674e-03 equality_max=1.065549831922e-01 equality_worst_stage=5 equality_worst_index=509 dynamics_count=255 dynamics_rms=0.000000000000e+00 dynamics_max=0.000000000000e+00 dynamics_worst_stage=0 dynamics_worst_index=0 bound_count=4902 bound_rms=0.000000000000e+00 bound_max=0.000000000000e+00 bound_worst_stage=0 bound_worst_index=0 bound_worst_kind=none
    27   3.15714993e+03   1.0655e-01   2.6179e-03   9.0719e-04   -2.10      -     5.0000e-01   0
FILTERDDP_ITER_TIMING iteration=27 barrier_iteration=3 backward_s=0.082586800 forward_s=0.015930400 total_s=0.098517200 outcome=accepted step_size=5.000000000e-01 backtracks=0 mu=8.000000000e-03
FILTERDDP_TIMING iteration=28 barrier_iteration=3 stage=6 derivative_s=0.002080300 first_order_s=0.001836700 second_order_s=0.000186900 algebra_s=0.002980700 kkt_assembly_s=0.000677500 factor_s=0.006639200 solve_s=0.002972500 update_s=0.001287100 K_nnz=5269 rhs_cols=52 Vxx_nnz=2601
FILTERDDP_TIMING iteration=28 barrier_iteration=3 stage=5 derivative_s=0.002171900 first_order_s=0.001973600 second_order_s=0.000143200 algebra_s=0.000783500 kkt_assembly_s=0.000529400 factor_s=0.006607200 solve_s=0.003089400 update_s=0.000642100 K_nnz=5269 rhs_cols=52 Vxx_nnz=2601
FILTERDDP_TIMING iteration=28 barrier_iteration=3 stage=4 derivative_s=0.002206900 first_order_s=0.002010400 second_order_s=0.000140700 algebra_s=0.000790200 kkt_assembly_s=0.000529200 factor_s=0.005528900 solve_s=0.002352600 update_s=0.000458100 K_nnz=5269 rhs_cols=52 Vxx_nnz=2601
FILTERDDP_TIMING iteration=28 barrier_iteration=3 stage=3 derivative_s=0.002222400 first_order_s=0.002037400 second_order_s=0.000135100 algebra_s=0.000778800 kkt_assembly_s=0.000518300 factor_s=0.006396000 solve_s=0.004354700 update_s=0.000869900 K_nnz=5269 rhs_cols=52 Vxx_nnz=2601
FILTERDDP_TIMING iteration=28 barrier_iteration=3 stage=2 derivative_s=0.002627000 first_order_s=0.002377600 second_order_s=0.000179800 algebra_s=0.000903800 kkt_assembly_s=0.000457400 factor_s=0.004987900 solve_s=0.002408000 update_s=0.000492400 K_nnz=5269 rhs_cols=52 Vxx_nnz=2601
FILTERDDP_TIMING iteration=28 barrier_iteration=3 stage=1 derivative_s=0.001224500 first_order_s=0.001017300 second_order_s=0.000146500 algebra_s=0.001133900 kkt_assembly_s=0.000519500 factor_s=0.006566200 solve_s=0.002791300 update_s=0.000504300 K_nnz=5269 rhs_cols=52 Vxx_nnz=2601
FILTERDDP_FEASIBILITY iteration=28 barrier_iteration=3 equality_count=3372 equality_rms=3.317225624245e-03 equality_max=5.393777570669e-02 equality_worst_stage=5 equality_worst_index=509 dynamics_count=255 dynamics_rms=0.000000000000e+00 dynamics_max=0.000000000000e+00 dynamics_worst_stage=0 dynamics_worst_index=0 bound_count=4902 bound_rms=0.000000000000e+00 bound_max=0.000000000000e+00 bound_worst_stage=0 bound_worst_index=0 bound_worst_kind=none
FILTERDDP_ITER_TIMING iteration=28 barrier_iteration=3 backward_s=0.084681000 forward_s=0.000000000 total_s=0.084681000 outcome=barrier_update step_size=5.000000000e-01 backtracks=0 mu=8.000000000e-03
FILTERDDP_TIMING iteration=28 barrier_iteration=4 stage=6 derivative_s=0.010735900 first_order_s=0.002176000 second_order_s=0.008493300 algebra_s=0.004040900 kkt_assembly_s=0.000546000 factor_s=0.006278200 solve_s=0.002910600 update_s=0.001275200 K_nnz=5269 rhs_cols=52 Vxx_nnz=2601
FILTERDDP_TIMING iteration=28 barrier_iteration=4 stage=5 derivative_s=0.001691600 first_order_s=0.001466300 second_order_s=0.000166400 algebra_s=0.000602900 kkt_assembly_s=0.000378700 factor_s=0.005028800 solve_s=0.002514600 update_s=0.000491100 K_nnz=5269 rhs_cols=52 Vxx_nnz=2601
FILTERDDP_TIMING iteration=28 barrier_iteration=4 stage=4 derivative_s=0.002144800 first_order_s=0.001954200 second_order_s=0.000138800 algebra_s=0.000788700 kkt_assembly_s=0.000514800 factor_s=0.006165400 solve_s=0.003114700 update_s=0.000558300 K_nnz=5269 rhs_cols=52 Vxx_nnz=2601
FILTERDDP_TIMING iteration=28 barrier_iteration=4 stage=3 derivative_s=0.001393500 first_order_s=0.001254400 second_order_s=0.000097900 algebra_s=0.000766300 kkt_assembly_s=0.000358000 factor_s=0.004175700 solve_s=0.001869900 update_s=0.000409000 K_nnz=5269 rhs_cols=52 Vxx_nnz=2601
FILTERDDP_TIMING iteration=28 barrier_iteration=4 stage=2 derivative_s=0.002161700 first_order_s=0.001963100 second_order_s=0.000141200 algebra_s=0.000798500 kkt_assembly_s=0.000514300 factor_s=0.005948600 solve_s=0.002589800 update_s=0.000405900 K_nnz=5269 rhs_cols=52 Vxx_nnz=2601
FILTERDDP_TIMING iteration=28 barrier_iteration=4 stage=1 derivative_s=0.001757700 first_order_s=0.001570300 second_order_s=0.000104500 algebra_s=0.000629800 kkt_assembly_s=0.000430400 factor_s=0.004173700 solve_s=0.005312600 update_s=0.000383300 K_nnz=5269 rhs_cols=52 Vxx_nnz=2601
FILTERDDP_FEASIBILITY iteration=28 barrier_iteration=4 equality_count=3372 equality_rms=3.317225624245e-03 equality_max=5.393777570669e-02 equality_worst_stage=5 equality_worst_index=509 dynamics_count=255 dynamics_rms=0.000000000000e+00 dynamics_max=0.000000000000e+00 dynamics_worst_stage=0 dynamics_worst_index=0 bound_count=4902 bound_rms=0.000000000000e+00 bound_max=0.000000000000e+00 bound_worst_stage=0 bound_worst_index=0 bound_worst_kind=none
    28   3.15692728e+03   5.3938e-02   8.3047e-04   4.5707e-04   -2.80      -     5.0000e-01   0
FILTERDDP_ITER_TIMING iteration=28 barrier_iteration=4 backward_s=0.086417900 forward_s=0.012677300 total_s=0.099095200 outcome=accepted step_size=5.000000000e-01 backtracks=0 mu=1.600000000e-03
FILTERDDP_TIMING iteration=29 barrier_iteration=4 stage=6 derivative_s=0.002049500 first_order_s=0.001789500 second_order_s=0.000179800 algebra_s=0.002795200 kkt_assembly_s=0.000605900 factor_s=0.006414800 solve_s=0.002891900 update_s=0.001208700 K_nnz=5269 rhs_cols=52 Vxx_nnz=2601
FILTERDDP_TIMING iteration=29 barrier_iteration=4 stage=5 derivative_s=0.002061800 first_order_s=0.001887200 second_order_s=0.000127100 algebra_s=0.000754500 kkt_assembly_s=0.000504700 factor_s=0.005989600 solve_s=0.002731800 update_s=0.000462200 K_nnz=5269 rhs_cols=52 Vxx_nnz=2601
FILTERDDP_TIMING iteration=29 barrier_iteration=4 stage=4 derivative_s=0.001122600 first_order_s=0.000984800 second_order_s=0.000099700 algebra_s=0.000507600 kkt_assembly_s=0.000290100 factor_s=0.003305100 solve_s=0.001908700 update_s=0.000344500 K_nnz=5269 rhs_cols=52 Vxx_nnz=2601
FILTERDDP_TIMING iteration=29 barrier_iteration=4 stage=3 derivative_s=0.001634000 first_order_s=0.001502300 second_order_s=0.000093700 algebra_s=0.000737600 kkt_assembly_s=0.000370200 factor_s=0.004604500 solve_s=0.002216000 update_s=0.000440700 K_nnz=5269 rhs_cols=52 Vxx_nnz=2601
FILTERDDP_TIMING iteration=29 barrier_iteration=4 stage=2 derivative_s=0.001530400 first_order_s=0.001379900 second_order_s=0.000102100 algebra_s=0.000768900 kkt_assembly_s=0.000496900 factor_s=0.006262800 solve_s=0.007887600 update_s=0.000532300 K_nnz=5269 rhs_cols=52 Vxx_nnz=2601
FILTERDDP_TIMING iteration=29 barrier_iteration=4 stage=1 derivative_s=0.001258900 first_order_s=0.001113500 second_order_s=0.000100000 algebra_s=0.000477800 kkt_assembly_s=0.000293500 factor_s=0.003752400 solve_s=0.001631300 update_s=0.000386400 K_nnz=5269 rhs_cols=52 Vxx_nnz=2601
FILTERDDP_FEASIBILITY iteration=29 barrier_iteration=4 equality_count=3372 equality_rms=2.459035587776e-02 equality_max=4.248759384299e-01 equality_worst_stage=5 equality_worst_index=509 dynamics_count=255 dynamics_rms=0.000000000000e+00 dynamics_max=0.000000000000e+00 dynamics_worst_stage=0 dynamics_worst_index=0 bound_count=4902 bound_rms=0.000000000000e+00 bound_max=0.000000000000e+00 bound_worst_stage=0 bound_worst_index=0 bound_worst_kind=none
    29   3.15114111e+03   4.2488e-01   2.6105e-03   2.4532e-04   -2.80      -     5.0000e-01   0
FILTERDDP_ITER_TIMING iteration=29 barrier_iteration=4 backward_s=0.073424500 forward_s=0.011265700 total_s=0.084690200 outcome=accepted step_size=5.000000000e-01 backtracks=0 mu=1.600000000e-03
FILTERDDP_TIMING iteration=30 barrier_iteration=4 stage=6 derivative_s=0.002062300 first_order_s=0.001835900 second_order_s=0.000176900 algebra_s=0.002922500 kkt_assembly_s=0.000623400 factor_s=0.004837000 solve_s=0.001086500 update_s=0.000983000 K_nnz=5269 rhs_cols=52 Vxx_nnz=2601
FILTERDDP_TIMING iteration=30 barrier_iteration=4 stage=5 derivative_s=0.001994000 first_order_s=0.001803000 second_order_s=0.000122200 algebra_s=0.000766100 kkt_assembly_s=0.000588100 factor_s=0.006030500 solve_s=0.002848900 update_s=0.000551200 K_nnz=5269 rhs_cols=52 Vxx_nnz=2601
FILTERDDP_TIMING iteration=30 barrier_iteration=4 stage=4 derivative_s=0.002041700 first_order_s=0.001808000 second_order_s=0.000160900 algebra_s=0.001033200 kkt_assembly_s=0.000572300 factor_s=0.005752700 solve_s=0.002384300 update_s=0.000454300 K_nnz=5269 rhs_cols=52 Vxx_nnz=2601
FILTERDDP_TIMING iteration=30 barrier_iteration=4 stage=3 derivative_s=0.000602100 first_order_s=0.000498500 second_order_s=0.000057900 algebra_s=0.000438600 kkt_assembly_s=0.000254000 factor_s=0.001997500 solve_s=0.003638400 update_s=0.000243400 K_nnz=5269 rhs_cols=52 Vxx_nnz=2601
FILTERDDP_TIMING iteration=30 barrier_iteration=4 stage=2 derivative_s=0.001402800 first_order_s=0.001268600 second_order_s=0.000094800 algebra_s=0.000526600 kkt_assembly_s=0.000323700 factor_s=0.003856300 solve_s=0.001874300 update_s=0.000376700 K_nnz=5269 rhs_cols=52 Vxx_nnz=2601
FILTERDDP_TIMING iteration=30 barrier_iteration=4 stage=1 derivative_s=0.000686800 first_order_s=0.000580000 second_order_s=0.000075000 algebra_s=0.000399900 kkt_assembly_s=0.000194100 factor_s=0.002393400 solve_s=0.001000200 update_s=0.000243700 K_nnz=5269 rhs_cols=52 Vxx_nnz=2601
FILTERDDP_FEASIBILITY iteration=30 barrier_iteration=4 equality_count=3372 equality_rms=2.009019621713e-02 equality_max=3.478750970146e-01 equality_worst_stage=5 equality_worst_index=509 dynamics_count=255 dynamics_rms=0.000000000000e+00 dynamics_max=0.000000000000e+00 dynamics_worst_stage=0 dynamics_worst_index=0 bound_count=4902 bound_rms=0.000000000000e+00 bound_max=0.000000000000e+00 bound_worst_stage=0 bound_worst_index=0 bound_worst_kind=none
  iter     objective        pr_inf       du_inf       cs_inf     lg(╬╝)   lg(reg)    alpha     ls
    30   3.14831113e+03   3.4788e-01   2.1179e-03   1.2659e-04   -2.80      -     5.0000e-01   0
FILTERDDP_ITER_TIMING iteration=30 barrier_iteration=4 backward_s=0.060047900 forward_s=0.008951100 total_s=0.068999000 outcome=accepted step_size=5.000000000e-01 backtracks=0 mu=1.600000000e-03
FILTERDDP_TIMING iteration=31 barrier_iteration=4 stage=6 derivative_s=0.001848600 first_order_s=0.001644300 second_order_s=0.000159100 algebra_s=0.002775800 kkt_assembly_s=0.000822100 factor_s=0.004959300 solve_s=0.001457200 update_s=0.000986300 K_nnz=5269 rhs_cols=52 Vxx_nnz=2601
FILTERDDP_TIMING iteration=31 barrier_iteration=4 stage=5 derivative_s=0.000576500 first_order_s=0.000496500 second_order_s=0.000055700 algebra_s=0.000394300 kkt_assembly_s=0.000227200 factor_s=0.002655100 solve_s=0.001372600 update_s=0.000353500 K_nnz=5269 rhs_cols=52 Vxx_nnz=2601
FILTERDDP_TIMING iteration=31 barrier_iteration=4 stage=4 derivative_s=0.002151600 first_order_s=0.001977900 second_order_s=0.000125900 algebra_s=0.000753000 kkt_assembly_s=0.000498500 factor_s=0.005374200 solve_s=0.006558100 update_s=0.000458200 K_nnz=5269 rhs_cols=52 Vxx_nnz=2601
FILTERDDP_TIMING iteration=31 barrier_iteration=4 stage=3 derivative_s=0.002087300 first_order_s=0.001904000 second_order_s=0.000136900 algebra_s=0.000781400 kkt_assembly_s=0.000491800 factor_s=0.005981800 solve_s=0.003039900 update_s=0.000528000 K_nnz=5269 rhs_cols=52 Vxx_nnz=2601
FILTERDDP_TIMING iteration=31 barrier_iteration=4 stage=2 derivative_s=0.001637100 first_order_s=0.001485100 second_order_s=0.000096500 algebra_s=0.000630300 kkt_assembly_s=0.000388900 factor_s=0.004990200 solve_s=0.002020800 update_s=0.000412600 K_nnz=5269 rhs_cols=52 Vxx_nnz=2601
FILTERDDP_TIMING iteration=31 barrier_iteration=4 stage=1 derivative_s=0.002054300 first_order_s=0.001875500 second_order_s=0.000130600 algebra_s=0.000752000 kkt_assembly_s=0.000498100 factor_s=0.006176800 solve_s=0.002741200 update_s=0.000511100 K_nnz=5269 rhs_cols=52 Vxx_nnz=2601
FILTERDDP_FEASIBILITY iteration=31 barrier_iteration=4 equality_count=3372 equality_rms=1.253597399147e-02 equality_max=2.172966330421e-01 equality_worst_stage=5 equality_worst_index=509 dynamics_count=255 dynamics_rms=0.000000000000e+00 dynamics_max=0.000000000000e+00 dynamics_worst_stage=0 dynamics_worst_index=0 bound_count=4902 bound_rms=0.000000000000e+00 bound_max=0.000000000000e+00 bound_worst_stage=0 bound_worst_index=0 bound_worst_kind=none
    31   3.14693079e+03   2.1730e-01   1.1608e-03   6.3060e-05   -2.80      -     5.0000e-01   0
FILTERDDP_ITER_TIMING iteration=31 barrier_iteration=4 backward_s=0.072192700 forward_s=0.010577000 total_s=0.082769700 outcome=accepted step_size=5.000000000e-01 backtracks=0 mu=1.600000000e-03
FILTERDDP_TIMING iteration=32 barrier_iteration=4 stage=6 derivative_s=0.001335600 first_order_s=0.001174700 second_order_s=0.000111100 algebra_s=0.004070200 kkt_assembly_s=0.000880500 factor_s=0.006269700 solve_s=0.002310800 update_s=0.000952300 K_nnz=5269 rhs_cols=52 Vxx_nnz=2601
FILTERDDP_TIMING iteration=32 barrier_iteration=4 stage=5 derivative_s=0.002268600 first_order_s=0.002067300 second_order_s=0.000142300 algebra_s=0.000784700 kkt_assembly_s=0.000513300 factor_s=0.005003500 solve_s=0.006943600 update_s=0.000472200 K_nnz=5269 rhs_cols=52 Vxx_nnz=2601
FILTERDDP_TIMING iteration=32 barrier_iteration=4 stage=4 derivative_s=0.002168000 first_order_s=0.001977500 second_order_s=0.000136400 algebra_s=0.000783000 kkt_assembly_s=0.000514400 factor_s=0.006250300 solve_s=0.003014600 update_s=0.000690500 K_nnz=5269 rhs_cols=52 Vxx_nnz=2601
FILTERDDP_TIMING iteration=32 barrier_iteration=4 stage=3 derivative_s=0.000942700 first_order_s=0.000797000 second_order_s=0.000099400 algebra_s=0.000574700 kkt_assembly_s=0.000297600 factor_s=0.002985600 solve_s=0.001433100 update_s=0.000319100 K_nnz=5269 rhs_cols=52 Vxx_nnz=2601
FILTERDDP_TIMING iteration=32 barrier_iteration=4 stage=2 derivative_s=0.000697300 first_order_s=0.000587700 second_order_s=0.000080400 algebra_s=0.000466900 kkt_assembly_s=0.000312900 factor_s=0.002554100 solve_s=0.001170200 update_s=0.000302200 K_nnz=5269 rhs_cols=52 Vxx_nnz=2601
FILTERDDP_TIMING iteration=32 barrier_iteration=4 stage=1 derivative_s=0.002081400 first_order_s=0.001907400 second_order_s=0.000126800 algebra_s=0.000730500 kkt_assembly_s=0.000477100 factor_s=0.005629300 solve_s=0.002670900 update_s=0.000651700 K_nnz=5269 rhs_cols=52 Vxx_nnz=2601
FILTERDDP_FEASIBILITY iteration=32 barrier_iteration=4 equality_count=3372 equality_rms=7.015416611227e-03 equality_max=1.216942697160e-01 equality_worst_stage=5 equality_worst_index=509 dynamics_count=255 dynamics_rms=0.000000000000e+00 dynamics_max=0.000000000000e+00 dynamics_worst_stage=0 dynamics_worst_index=0 bound_count=4902 bound_rms=0.000000000000e+00 bound_max=0.000000000000e+00 bound_worst_stage=0 bound_worst_index=0 bound_worst_kind=none
    32   3.14625719e+03   1.2169e-01   4.9825e-04   3.0819e-05   -2.80      -     5.0000e-01   0
FILTERDDP_ITER_TIMING iteration=32 barrier_iteration=4 backward_s=0.071739600 forward_s=0.011375400 total_s=0.083115000 outcome=accepted step_size=5.000000000e-01 backtracks=0 mu=1.600000000e-03
FILTERDDP_TIMING iteration=33 barrier_iteration=4 stage=6 derivative_s=0.001997600 first_order_s=0.001783100 second_order_s=0.000166400 algebra_s=0.003553700 kkt_assembly_s=0.000569400 factor_s=0.005068500 solve_s=0.005514600 update_s=0.001182900 K_nnz=5269 rhs_cols=52 Vxx_nnz=2601
FILTERDDP_TIMING iteration=33 barrier_iteration=4 stage=5 derivative_s=0.002245100 first_order_s=0.002013800 second_order_s=0.000170200 algebra_s=0.000794500 kkt_assembly_s=0.000526600 factor_s=0.004394200 solve_s=0.001403200 update_s=0.000385400 K_nnz=5269 rhs_cols=52 Vxx_nnz=2601
FILTERDDP_TIMING iteration=33 barrier_iteration=4 stage=4 derivative_s=0.002165600 first_order_s=0.001976500 second_order_s=0.000137100 algebra_s=0.000775500 kkt_assembly_s=0.000515500 factor_s=0.006044000 solve_s=0.003023600 update_s=0.000542500 K_nnz=5269 rhs_cols=52 Vxx_nnz=2601
FILTERDDP_TIMING iteration=33 barrier_iteration=4 stage=3 derivative_s=0.001138100 first_order_s=0.000984400 second_order_s=0.000097200 algebra_s=0.000593900 kkt_assembly_s=0.000309100 factor_s=0.003530100 solve_s=0.001644400 update_s=0.000375600 K_nnz=5269 rhs_cols=52 Vxx_nnz=2601
FILTERDDP_TIMING iteration=33 barrier_iteration=4 stage=2 derivative_s=0.001933300 first_order_s=0.001757000 second_order_s=0.000128300 algebra_s=0.000732200 kkt_assembly_s=0.000484600 factor_s=0.005723400 solve_s=0.002457300 update_s=0.000468100 K_nnz=5269 rhs_cols=52 Vxx_nnz=2601
FILTERDDP_TIMING iteration=33 barrier_iteration=4 stage=1 derivative_s=0.001313100 first_order_s=0.001180700 second_order_s=0.000096700 algebra_s=0.000510700 kkt_assembly_s=0.000319600 factor_s=0.003641100 solve_s=0.001700600 update_s=0.000445700 K_nnz=5269 rhs_cols=52 Vxx_nnz=2601
FILTERDDP_FEASIBILITY iteration=33 barrier_iteration=4 equality_count=3372 equality_rms=3.718874195232e-03 equality_max=6.454394467467e-02 equality_worst_stage=5 equality_worst_index=509 dynamics_count=255 dynamics_rms=0.000000000000e+00 dynamics_max=0.000000000000e+00 dynamics_worst_stage=0 dynamics_worst_index=0 bound_count=4902 bound_rms=0.000000000000e+00 bound_max=0.000000000000e+00 bound_worst_stage=0 bound_worst_index=0 bound_worst_kind=none
    33   3.14592696e+03   6.4544e-02   1.8145e-04   1.5031e-05   -2.80      -     5.0000e-01   0
FILTERDDP_ITER_TIMING iteration=33 barrier_iteration=4 backward_s=0.070237400 forward_s=0.010417700 total_s=0.080655100 outcome=accepted step_size=5.000000000e-01 backtracks=0 mu=1.600000000e-03
FILTERDDP_TIMING iteration=34 barrier_iteration=4 stage=6 derivative_s=0.001002400 first_order_s=0.000874600 second_order_s=0.000095000 algebra_s=0.008259300 kkt_assembly_s=0.000337300 factor_s=0.002838600 solve_s=0.001269900 update_s=0.001169000 K_nnz=5269 rhs_cols=52 Vxx_nnz=2601
FILTERDDP_TIMING iteration=34 barrier_iteration=4 stage=5 derivative_s=0.002174000 first_order_s=0.001965100 second_order_s=0.000139700 algebra_s=0.001076800 kkt_assembly_s=0.000703400 factor_s=0.005263200 solve_s=0.001221200 update_s=0.000317600 K_nnz=5269 rhs_cols=52 Vxx_nnz=2601
FILTERDDP_TIMING iteration=34 barrier_iteration=4 stage=4 derivative_s=0.000849100 first_order_s=0.000733900 second_order_s=0.000086400 algebra_s=0.000354300 kkt_assembly_s=0.000236400 factor_s=0.002594100 solve_s=0.001158900 update_s=0.000289600 K_nnz=5269 rhs_cols=52 Vxx_nnz=2601
FILTERDDP_TIMING iteration=34 barrier_iteration=4 stage=3 derivative_s=0.002114000 first_order_s=0.001928000 second_order_s=0.000135500 algebra_s=0.000756100 kkt_assembly_s=0.000508300 factor_s=0.006054700 solve_s=0.003091500 update_s=0.000580700 K_nnz=5269 rhs_cols=52 Vxx_nnz=2601
FILTERDDP_TIMING iteration=34 barrier_iteration=4 stage=2 derivative_s=0.000924800 first_order_s=0.000774800 second_order_s=0.000093400 algebra_s=0.000568200 kkt_assembly_s=0.000290900 factor_s=0.003165000 solve_s=0.001603700 update_s=0.000378600 K_nnz=5269 rhs_cols=52 Vxx_nnz=2601
FILTERDDP_TIMING iteration=34 barrier_iteration=4 stage=1 derivative_s=0.002164600 first_order_s=0.001977500 second_order_s=0.000135100 algebra_s=0.000765400 kkt_assembly_s=0.000513800 factor_s=0.010212800 solve_s=0.002548700 update_s=0.000499100 K_nnz=5269 rhs_cols=52 Vxx_nnz=2601
FILTERDDP_FEASIBILITY iteration=34 barrier_iteration=4 equality_count=3372 equality_rms=1.916165639268e-03 equality_max=3.326727848290e-02 equality_worst_stage=5 equality_worst_index=509 dynamics_count=255 dynamics_rms=0.000000000000e+00 dynamics_max=0.000000000000e+00 dynamics_worst_stage=0 dynamics_worst_index=0 bound_count=4902 bound_rms=0.000000000000e+00 bound_max=0.000000000000e+00 bound_worst_stage=0 bound_worst_index=0 bound_worst_kind=none
    34   3.14576410e+03   3.3267e-02   5.9348e-05   7.3776e-06   -2.80      -     5.0000e-01   0
FILTERDDP_ITER_TIMING iteration=34 barrier_iteration=4 backward_s=0.070221500 forward_s=0.012004400 total_s=0.082225900 outcome=accepted step_size=5.000000000e-01 backtracks=0 mu=1.600000000e-03
FILTERDDP_TIMING iteration=35 barrier_iteration=4 stage=6 derivative_s=0.002225100 first_order_s=0.001970600 second_order_s=0.000203900 algebra_s=0.002914100 kkt_assembly_s=0.000671800 factor_s=0.006564500 solve_s=0.003108500 update_s=0.001320600 K_nnz=5269 rhs_cols=52 Vxx_nnz=2601
FILTERDDP_TIMING iteration=35 barrier_iteration=4 stage=5 derivative_s=0.002437400 first_order_s=0.002163500 second_order_s=0.000191800 algebra_s=0.001188600 kkt_assembly_s=0.000604900 factor_s=0.007669300 solve_s=0.002954800 update_s=0.000584100 K_nnz=5269 rhs_cols=52 Vxx_nnz=2601
FILTERDDP_TIMING iteration=35 barrier_iteration=4 stage=4 derivative_s=0.002249400 first_order_s=0.002045100 second_order_s=0.000143100 algebra_s=0.000794600 kkt_assembly_s=0.000520800 factor_s=0.006273000 solve_s=0.003000100 update_s=0.000562300 K_nnz=5269 rhs_cols=52 Vxx_nnz=2601
FILTERDDP_TIMING iteration=35 barrier_iteration=4 stage=3 derivative_s=0.002046800 first_order_s=0.001857600 second_order_s=0.000137700 algebra_s=0.000767900 kkt_assembly_s=0.000518500 factor_s=0.006360700 solve_s=0.002847800 update_s=0.000486900 K_nnz=5269 rhs_cols=52 Vxx_nnz=2601
FILTERDDP_TIMING iteration=35 barrier_iteration=4 stage=2 derivative_s=0.002228300 first_order_s=0.002033400 second_order_s=0.000140500 algebra_s=0.000789500 kkt_assembly_s=0.000527200 factor_s=0.009280300 solve_s=0.001743000 update_s=0.000416000 K_nnz=5269 rhs_cols=52 Vxx_nnz=2601
FILTERDDP_TIMING iteration=35 barrier_iteration=4 stage=1 derivative_s=0.000991200 first_order_s=0.000850800 second_order_s=0.000096400 algebra_s=0.000638300 kkt_assembly_s=0.000330500 factor_s=0.002971500 solve_s=0.001072000 update_s=0.000290400 K_nnz=5269 rhs_cols=52 Vxx_nnz=2601
FILTERDDP_FEASIBILITY iteration=35 barrier_iteration=4 equality_count=3372 equality_rms=9.727814904039e-04 equality_max=1.689173718746e-02 equality_worst_stage=5 equality_worst_index=509 dynamics_count=255 dynamics_rms=0.000000000000e+00 dynamics_max=0.000000000000e+00 dynamics_worst_stage=0 dynamics_worst_index=0 bound_count=4902 bound_rms=0.000000000000e+00 bound_max=0.000000000000e+00 bound_worst_stage=0 bound_worst_index=0 bound_worst_kind=none
    35   3.14568341e+03   1.6892e-02   1.8121e-05   3.6468e-06   -2.80      -     5.0000e-01   0
FILTERDDP_ITER_TIMING iteration=35 barrier_iteration=4 backward_s=0.082600300 forward_s=0.009890500 total_s=0.092490800 outcome=accepted step_size=5.000000000e-01 backtracks=0 mu=1.600000000e-03
FILTERDDP_TIMING iteration=36 barrier_iteration=4 stage=6 derivative_s=0.001882700 first_order_s=0.001653400 second_order_s=0.000181500 algebra_s=0.002852600 kkt_assembly_s=0.000585900 factor_s=0.005139800 solve_s=0.000880900 update_s=0.000929300 K_nnz=5269 rhs_cols=52 Vxx_nnz=2601
FILTERDDP_TIMING iteration=36 barrier_iteration=4 stage=5 derivative_s=0.002083800 first_order_s=0.001898300 second_order_s=0.000135200 algebra_s=0.000766300 kkt_assembly_s=0.000511900 factor_s=0.003754700 solve_s=0.000929300 update_s=0.000258200 K_nnz=5269 rhs_cols=52 Vxx_nnz=2601
FILTERDDP_TIMING iteration=36 barrier_iteration=4 stage=4 derivative_s=0.001945600 first_order_s=0.001769200 second_order_s=0.000129400 algebra_s=0.000744700 kkt_assembly_s=0.000497300 factor_s=0.006132600 solve_s=0.002934700 update_s=0.000585500 K_nnz=5269 rhs_cols=52 Vxx_nnz=2601
FILTERDDP_TIMING iteration=36 barrier_iteration=4 stage=3 derivative_s=0.000528100 first_order_s=0.000445900 second_order_s=0.000052100 algebra_s=0.000305900 kkt_assembly_s=0.000261000 factor_s=0.004898800 solve_s=0.001071900 update_s=0.000256800 K_nnz=5269 rhs_cols=52 Vxx_nnz=2601
FILTERDDP_TIMING iteration=36 barrier_iteration=4 stage=2 derivative_s=0.001991800 first_order_s=0.001810400 second_order_s=0.000137000 algebra_s=0.000958500 kkt_assembly_s=0.000546000 factor_s=0.006303500 solve_s=0.002819100 update_s=0.000503600 K_nnz=5269 rhs_cols=52 Vxx_nnz=2601
FILTERDDP_TIMING iteration=36 barrier_iteration=4 stage=1 derivative_s=0.001958800 first_order_s=0.001829500 second_order_s=0.000086500 algebra_s=0.000396800 kkt_assembly_s=0.000233700 factor_s=0.003025400 solve_s=0.001306700 update_s=0.000311200 K_nnz=5269 rhs_cols=52 Vxx_nnz=2601
FILTERDDP_FEASIBILITY iteration=36 barrier_iteration=4 equality_count=3372 equality_rms=4.901134293673e-04 equality_max=8.511204909723e-03 equality_worst_stage=5 equality_worst_index=509 dynamics_count=255 dynamics_rms=0.000000000000e+00 dynamics_max=0.000000000000e+00 dynamics_worst_stage=0 dynamics_worst_index=0 bound_count=4902 bound_rms=0.000000000000e+00 bound_max=0.000000000000e+00 bound_worst_stage=0 bound_worst_index=0 bound_worst_kind=none
FILTERDDP_ITER_TIMING iteration=36 barrier_iteration=4 backward_s=0.063021500 forward_s=0.000000000 total_s=0.063021500 outcome=barrier_update step_size=5.000000000e-01 backtracks=0 mu=1.600000000e-03
FILTERDDP_TIMING iteration=36 barrier_iteration=5 stage=6 derivative_s=0.002362600 first_order_s=0.002093500 second_order_s=0.000204100 algebra_s=0.003186600 kkt_assembly_s=0.000645400 factor_s=0.004884200 solve_s=0.001281700 update_s=0.001017800 K_nnz=5269 rhs_cols=52 Vxx_nnz=2601
FILTERDDP_TIMING iteration=36 barrier_iteration=5 stage=5 derivative_s=0.002150500 first_order_s=0.001978700 second_order_s=0.000123700 algebra_s=0.000773300 kkt_assembly_s=0.000497700 factor_s=0.004536200 solve_s=0.001257600 update_s=0.000296800 K_nnz=5269 rhs_cols=52 Vxx_nnz=2601
FILTERDDP_TIMING iteration=36 barrier_iteration=5 stage=4 derivative_s=0.002085300 first_order_s=0.001914900 second_order_s=0.000124600 algebra_s=0.000784400 kkt_assembly_s=0.000493600 factor_s=0.006214000 solve_s=0.002908700 update_s=0.000543900 K_nnz=5269 rhs_cols=52 Vxx_nnz=2601
FILTERDDP_TIMING iteration=36 barrier_iteration=5 stage=3 derivative_s=0.002113200 first_order_s=0.001920500 second_order_s=0.000144300 algebra_s=0.005813900 kkt_assembly_s=0.000524100 factor_s=0.006119200 solve_s=0.002863600 update_s=0.000534100 K_nnz=5269 rhs_cols=52 Vxx_nnz=2601
FILTERDDP_TIMING iteration=36 barrier_iteration=5 stage=2 derivative_s=0.001625500 first_order_s=0.001487200 second_order_s=0.000095600 algebra_s=0.000660800 kkt_assembly_s=0.000389500 factor_s=0.004867400 solve_s=0.002417300 update_s=0.000470700 K_nnz=5269 rhs_cols=52 Vxx_nnz=2601
FILTERDDP_TIMING iteration=36 barrier_iteration=5 stage=1 derivative_s=0.001663100 first_order_s=0.001526600 second_order_s=0.000094500 algebra_s=0.000725100 kkt_assembly_s=0.000430300 factor_s=0.004870800 solve_s=0.001929700 update_s=0.000386600 K_nnz=5269 rhs_cols=52 Vxx_nnz=2601
FILTERDDP_FEASIBILITY iteration=36 barrier_iteration=5 equality_count=3372 equality_rms=4.901134293673e-04 equality_max=8.511204909723e-03 equality_worst_stage=5 equality_worst_index=509 dynamics_count=255 dynamics_rms=0.000000000000e+00 dynamics_max=0.000000000000e+00 dynamics_worst_stage=0 dynamics_worst_index=0 bound_count=4902 bound_rms=0.000000000000e+00 bound_max=0.000000000000e+00 bound_worst_stage=0 bound_worst_index=0 bound_worst_kind=none
    36   3.14564331e+03   8.5112e-03   5.2917e-06   1.8118e-06   -3.49      -     5.0000e-01   0
FILTERDDP_ITER_TIMING iteration=36 barrier_iteration=5 backward_s=0.076633700 forward_s=0.015036400 total_s=0.091670100 outcome=accepted step_size=5.000000000e-01 backtracks=0 mu=3.200000000e-04
FILTERDDP_TIMING iteration=37 barrier_iteration=5 stage=6 derivative_s=0.002044500 first_order_s=0.001828300 second_order_s=0.000165500 algebra_s=0.003789200 kkt_assembly_s=0.000835700 factor_s=0.008512200 solve_s=0.002896100 update_s=0.001214200 K_nnz=5269 rhs_cols=52 Vxx_nnz=2601
FILTERDDP_TIMING iteration=37 barrier_iteration=5 stage=5 derivative_s=0.002177600 first_order_s=0.001981400 second_order_s=0.000139300 algebra_s=0.000808100 kkt_assembly_s=0.000624500 factor_s=0.006389800 solve_s=0.002988700 update_s=0.000596700 K_nnz=5269 rhs_cols=52 Vxx_nnz=2601
FILTERDDP_TIMING iteration=37 barrier_iteration=5 stage=4 derivative_s=0.001895400 first_order_s=0.001663000 second_order_s=0.000176300 algebra_s=0.005994100 kkt_assembly_s=0.000486900 factor_s=0.004502900 solve_s=0.001916400 update_s=0.000427100 K_nnz=5269 rhs_cols=52 Vxx_nnz=2601
FILTERDDP_TIMING iteration=37 barrier_iteration=5 stage=3 derivative_s=0.002116500 first_order_s=0.001921500 second_order_s=0.000141000 algebra_s=0.000763900 kkt_assembly_s=0.000515700 factor_s=0.006218000 solve_s=0.002996800 update_s=0.000585200 K_nnz=5269 rhs_cols=52 Vxx_nnz=2601
FILTERDDP_TIMING iteration=37 barrier_iteration=5 stage=2 derivative_s=0.000783100 first_order_s=0.000645600 second_order_s=0.000096800 algebra_s=0.000493100 kkt_assembly_s=0.000278500 factor_s=0.002622800 solve_s=0.001238500 update_s=0.000351800 K_nnz=5269 rhs_cols=52 Vxx_nnz=2601
FILTERDDP_TIMING iteration=37 barrier_iteration=5 stage=1 derivative_s=0.002086100 first_order_s=0.001896000 second_order_s=0.000137100 algebra_s=0.000770400 kkt_assembly_s=0.000520300 factor_s=0.005952400 solve_s=0.002712200 update_s=0.000537800 K_nnz=5269 rhs_cols=52 Vxx_nnz=2601
FILTERDDP_FEASIBILITY iteration=37 barrier_iteration=5 equality_count=3372 equality_rms=2.203670439955e-03 equality_max=3.883798750604e-02 equality_worst_stage=5 equality_worst_index=509 dynamics_count=255 dynamics_rms=0.000000000000e+00 dynamics_max=0.000000000000e+00 dynamics_worst_stage=0 dynamics_worst_index=0 bound_count=4902 bound_rms=0.000000000000e+00 bound_max=0.000000000000e+00 bound_worst_stage=0 bound_worst_index=0 bound_worst_kind=none
    37   3.14455743e+03   3.8838e-02   1.7675e-05   9.6613e-07   -3.49      -     5.0000e-01   0
FILTERDDP_ITER_TIMING iteration=37 barrier_iteration=5 backward_s=0.082089500 forward_s=0.013654700 total_s=0.095744200 outcome=accepted step_size=5.000000000e-01 backtracks=0 mu=3.200000000e-04
FILTERDDP_TIMING iteration=38 barrier_iteration=5 stage=6 derivative_s=0.002012700 first_order_s=0.001778400 second_order_s=0.000183400 algebra_s=0.002906800 kkt_assembly_s=0.000583900 factor_s=0.007082900 solve_s=0.001750900 update_s=0.001143700 K_nnz=5269 rhs_cols=52 Vxx_nnz=2601
FILTERDDP_TIMING iteration=38 barrier_iteration=5 stage=5 derivative_s=0.007658100 first_order_s=0.001883500 second_order_s=0.005702900 algebra_s=0.000692700 kkt_assembly_s=0.000429800 factor_s=0.005012000 solve_s=0.002598900 update_s=0.000500200 K_nnz=5269 rhs_cols=52 Vxx_nnz=2601
FILTERDDP_TIMING iteration=38 barrier_iteration=5 stage=4 derivative_s=0.002186700 first_order_s=0.001992700 second_order_s=0.000138600 algebra_s=0.000904900 kkt_assembly_s=0.000489800 factor_s=0.005466700 solve_s=0.002155400 update_s=0.000473200 K_nnz=5269 rhs_cols=52 Vxx_nnz=2601
FILTERDDP_TIMING iteration=38 barrier_iteration=5 stage=3 derivative_s=0.001676700 first_order_s=0.001491700 second_order_s=0.000127900 algebra_s=0.000744500 kkt_assembly_s=0.000387500 factor_s=0.003472100 solve_s=0.001493000 update_s=0.000364200 K_nnz=5269 rhs_cols=52 Vxx_nnz=2601
FILTERDDP_TIMING iteration=38 barrier_iteration=5 stage=2 derivative_s=0.002092100 first_order_s=0.001907800 second_order_s=0.000132400 algebra_s=0.000757400 kkt_assembly_s=0.000509800 factor_s=0.006112500 solve_s=0.002963500 update_s=0.000725900 K_nnz=5269 rhs_cols=52 Vxx_nnz=2601
FILTERDDP_TIMING iteration=38 barrier_iteration=5 stage=1 derivative_s=0.002161300 first_order_s=0.001974000 second_order_s=0.000138900 algebra_s=0.000735500 kkt_assembly_s=0.000535900 factor_s=0.005578600 solve_s=0.002622500 update_s=0.000427200 K_nnz=5269 rhs_cols=52 Vxx_nnz=2601
FILTERDDP_FEASIBILITY iteration=38 barrier_iteration=5 equality_count=3372 equality_rms=1.728986151387e-03 equality_max=3.062630408677e-02 equality_worst_stage=5 equality_worst_index=509 dynamics_count=255 dynamics_rms=0.000000000000e+00 dynamics_max=0.000000000000e+00 dynamics_worst_stage=0 dynamics_worst_index=0 bound_count=4902 bound_rms=0.000000000000e+00 bound_max=0.000000000000e+00 bound_worst_stage=0 bound_worst_index=0 bound_worst_kind=none
    38   3.14404113e+03   3.0626e-02   1.4689e-05   4.9671e-07   -3.49      -     5.0000e-01   0
FILTERDDP_ITER_TIMING iteration=38 barrier_iteration=5 backward_s=0.079708000 forward_s=0.012052900 total_s=0.091760900 outcome=accepted step_size=5.000000000e-01 backtracks=0 mu=3.200000000e-04
FILTERDDP_TIMING iteration=39 barrier_iteration=5 stage=6 derivative_s=0.002001800 first_order_s=0.001761100 second_order_s=0.000189800 algebra_s=0.008890800 kkt_assembly_s=0.000594400 factor_s=0.006361600 solve_s=0.002785800 update_s=0.001293300 K_nnz=5269 rhs_cols=52 Vxx_nnz=2601
FILTERDDP_TIMING iteration=39 barrier_iteration=5 stage=5 derivative_s=0.002197800 first_order_s=0.001970800 second_order_s=0.000151700 algebra_s=0.000794700 kkt_assembly_s=0.000530000 factor_s=0.005850200 solve_s=0.002531700 update_s=0.000557900 K_nnz=5269 rhs_cols=52 Vxx_nnz=2601
FILTERDDP_TIMING iteration=39 barrier_iteration=5 stage=4 derivative_s=0.001803700 first_order_s=0.001564700 second_order_s=0.000183200 algebra_s=0.000800300 kkt_assembly_s=0.000614300 factor_s=0.007530300 solve_s=0.002982000 update_s=0.000584400 K_nnz=5269 rhs_cols=52 Vxx_nnz=2601
FILTERDDP_TIMING iteration=39 barrier_iteration=5 stage=3 derivative_s=0.001331100 first_order_s=0.001147700 second_order_s=0.000126900 algebra_s=0.000643000 kkt_assembly_s=0.000378900 factor_s=0.004116000 solve_s=0.001746100 update_s=0.000395100 K_nnz=5269 rhs_cols=52 Vxx_nnz=2601
FILTERDDP_TIMING iteration=39 barrier_iteration=5 stage=2 derivative_s=0.002177600 first_order_s=0.002015700 second_order_s=0.000118900 algebra_s=0.000502300 kkt_assembly_s=0.000318300 factor_s=0.003623300 solve_s=0.001449000 update_s=0.000330500 K_nnz=5269 rhs_cols=52 Vxx_nnz=2601
FILTERDDP_TIMING iteration=39 barrier_iteration=5 stage=1 derivative_s=0.001102900 first_order_s=0.000959400 second_order_s=0.000099700 algebra_s=0.000498000 kkt_assembly_s=0.000318100 factor_s=0.006866400 solve_s=0.001104000 update_s=0.000564500 K_nnz=5269 rhs_cols=52 Vxx_nnz=2601
FILTERDDP_FEASIBILITY iteration=39 barrier_iteration=5 equality_count=3372 equality_rms=1.055912621848e-03 equality_max=1.880371873526e-02 equality_worst_stage=5 equality_worst_index=509 dynamics_count=255 dynamics_rms=0.000000000000e+00 dynamics_max=0.000000000000e+00 dynamics_worst_stage=0 dynamics_worst_index=0 bound_count=4902 bound_rms=0.000000000000e+00 bound_max=0.000000000000e+00 bound_worst_stage=0 bound_worst_index=0 bound_worst_kind=none
    39   3.14379553e+03   1.8804e-02   8.3827e-06   2.4691e-07   -3.49      -     5.0000e-01   0
FILTERDDP_ITER_TIMING iteration=39 barrier_iteration=5 backward_s=0.078654900 forward_s=0.008616800 total_s=0.087271700 outcome=accepted step_size=5.000000000e-01 backtracks=0 mu=3.200000000e-04
FILTERDDP_TIMING iteration=40 barrier_iteration=5 stage=6 derivative_s=0.001881300 first_order_s=0.001664800 second_order_s=0.000168500 algebra_s=0.002677200 kkt_assembly_s=0.000601700 factor_s=0.004826900 solve_s=0.001100000 update_s=0.000962300 K_nnz=5269 rhs_cols=52 Vxx_nnz=2601
FILTERDDP_TIMING iteration=40 barrier_iteration=5 stage=5 derivative_s=0.002195000 first_order_s=0.002001700 second_order_s=0.000142500 algebra_s=0.000801800 kkt_assembly_s=0.000558900 factor_s=0.006288500 solve_s=0.001185400 update_s=0.000300800 K_nnz=5269 rhs_cols=52 Vxx_nnz=2601
FILTERDDP_TIMING iteration=40 barrier_iteration=5 stage=4 derivative_s=0.001987400 first_order_s=0.001866600 second_order_s=0.000087000 algebra_s=0.000361600 kkt_assembly_s=0.000228800 factor_s=0.002589900 solve_s=0.001034300 update_s=0.000258200 K_nnz=5269 rhs_cols=52 Vxx_nnz=2601
FILTERDDP_TIMING iteration=40 barrier_iteration=5 stage=3 derivative_s=0.000724000 first_order_s=0.000617300 second_order_s=0.000063100 algebra_s=0.000409900 kkt_assembly_s=0.000197400 factor_s=0.001947800 solve_s=0.000935700 update_s=0.000247900 K_nnz=5269 rhs_cols=52 Vxx_nnz=2601
FILTERDDP_TIMING iteration=40 barrier_iteration=5 stage=2 derivative_s=0.000822000 first_order_s=0.000736600 second_order_s=0.000058200 algebra_s=0.000343400 kkt_assembly_s=0.000203700 factor_s=0.004780300 solve_s=0.000836800 update_s=0.000229300 K_nnz=5269 rhs_cols=52 Vxx_nnz=2601
FILTERDDP_TIMING iteration=40 barrier_iteration=5 stage=1 derivative_s=0.000593400 first_order_s=0.000511100 second_order_s=0.000050400 algebra_s=0.000337300 kkt_assembly_s=0.000277200 factor_s=0.002100400 solve_s=0.000952000 update_s=0.000242600 K_nnz=5269 rhs_cols=52 Vxx_nnz=2601
FILTERDDP_FEASIBILITY iteration=40 barrier_iteration=5 equality_count=3372 equality_rms=5.833635710566e-04 equality_max=1.043429868529e-02 equality_worst_stage=5 equality_worst_index=509 dynamics_count=255 dynamics_rms=0.000000000000e+00 dynamics_max=0.000000000000e+00 dynamics_worst_stage=0 dynamics_worst_index=0 bound_count=4902 bound_rms=0.000000000000e+00 bound_max=0.000000000000e+00 bound_worst_stage=0 bound_worst_index=0 bound_worst_kind=none
  iter     objective        pr_inf       du_inf       cs_inf     lg(╬╝)   lg(reg)    alpha     ls
    40   3.14367755e+03   1.0434e-02   3.7786e-06   1.2053e-07   -3.49      -     5.0000e-01   0
FILTERDDP_ITER_TIMING iteration=40 barrier_iteration=5 backward_s=0.047603800 forward_s=0.008281400 total_s=0.055885200 outcome=accepted step_size=5.000000000e-01 backtracks=0 mu=3.200000000e-04
FILTERDDP_TIMING iteration=41 barrier_iteration=5 stage=6 derivative_s=0.002016600 first_order_s=0.001790300 second_order_s=0.000178500 algebra_s=0.002626600 kkt_assembly_s=0.000613000 factor_s=0.007603700 solve_s=0.000980100 update_s=0.000751200 K_nnz=5269 rhs_cols=52 Vxx_nnz=2601
FILTERDDP_TIMING iteration=41 barrier_iteration=5 stage=5 derivative_s=0.000771400 first_order_s=0.000643900 second_order_s=0.000083900 algebra_s=0.000435300 kkt_assembly_s=0.000270100 factor_s=0.002031600 solve_s=0.000983600 update_s=0.000264900 K_nnz=5269 rhs_cols=52 Vxx_nnz=2601
FILTERDDP_TIMING iteration=41 barrier_iteration=5 stage=4 derivative_s=0.001872000 first_order_s=0.001702900 second_order_s=0.000119100 algebra_s=0.000736500 kkt_assembly_s=0.000492200 factor_s=0.003688100 solve_s=0.000910400 update_s=0.000240000 K_nnz=5269 rhs_cols=52 Vxx_nnz=2601
FILTERDDP_TIMING iteration=41 barrier_iteration=5 stage=3 derivative_s=0.001875700 first_order_s=0.001599800 second_order_s=0.000133200 algebra_s=0.001106900 kkt_assembly_s=0.000808200 factor_s=0.004987300 solve_s=0.000827400 update_s=0.000255600 K_nnz=5269 rhs_cols=52 Vxx_nnz=2601
FILTERDDP_TIMING iteration=41 barrier_iteration=5 stage=2 derivative_s=0.001944400 first_order_s=0.001822500 second_order_s=0.000080000 algebra_s=0.000328100 kkt_assembly_s=0.000188400 factor_s=0.001963500 solve_s=0.000932900 update_s=0.000239700 K_nnz=5269 rhs_cols=52 Vxx_nnz=2601
FILTERDDP_TIMING iteration=41 barrier_iteration=5 stage=1 derivative_s=0.001828400 first_order_s=0.001720900 second_order_s=0.000071500 algebra_s=0.000294300 kkt_assembly_s=0.000182600 factor_s=0.002031000 solve_s=0.000888400 update_s=0.000241900 K_nnz=5269 rhs_cols=52 Vxx_nnz=2601
FILTERDDP_FEASIBILITY iteration=41 barrier_iteration=5 equality_count=3372 equality_rms=3.069537399952e-04 equality_max=5.506014537092e-03 equality_worst_stage=5 equality_worst_index=509 dynamics_count=255 dynamics_rms=0.000000000000e+00 dynamics_max=0.000000000000e+00 dynamics_worst_stage=0 dynamics_worst_index=0 bound_count=4902 bound_rms=0.000000000000e+00 bound_max=0.000000000000e+00 bound_worst_stage=0 bound_worst_index=0 bound_worst_kind=none
    41   3.14362014e+03   5.5060e-03   1.4466e-06   5.8755e-08   -3.49      -     5.0000e-01   0
FILTERDDP_ITER_TIMING iteration=41 barrier_iteration=5 backward_s=0.050066900 forward_s=0.008059100 total_s=0.058126000 outcome=accepted step_size=5.000000000e-01 backtracks=0 mu=3.200000000e-04
FILTERDDP_TIMING iteration=42 barrier_iteration=5 stage=6 derivative_s=0.001397000 first_order_s=0.001219000 second_order_s=0.000115200 algebra_s=0.002088900 kkt_assembly_s=0.000469700 factor_s=0.004407400 solve_s=0.000868500 update_s=0.000778500 K_nnz=5269 rhs_cols=52 Vxx_nnz=2601
FILTERDDP_TIMING iteration=42 barrier_iteration=5 stage=5 derivative_s=0.001176400 first_order_s=0.001053400 second_order_s=0.000091900 algebra_s=0.000429600 kkt_assembly_s=0.000287600 factor_s=0.003302600 solve_s=0.001303300 update_s=0.000227000 K_nnz=5269 rhs_cols=52 Vxx_nnz=2601
FILTERDDP_TIMING iteration=42 barrier_iteration=5 stage=4 derivative_s=0.001845500 first_order_s=0.001663000 second_order_s=0.000140300 algebra_s=0.000789300 kkt_assembly_s=0.000451600 factor_s=0.006200200 solve_s=0.000872200 update_s=0.000219100 K_nnz=5269 rhs_cols=52 Vxx_nnz=2601
FILTERDDP_TIMING iteration=42 barrier_iteration=5 stage=3 derivative_s=0.000979600 first_order_s=0.000883800 second_order_s=0.000061700 algebra_s=0.000390000 kkt_assembly_s=0.000241300 factor_s=0.002951700 solve_s=0.001492300 update_s=0.000319700 K_nnz=5269 rhs_cols=52 Vxx_nnz=2601
FILTERDDP_TIMING iteration=42 barrier_iteration=5 stage=2 derivative_s=0.000648800 first_order_s=0.000548900 second_order_s=0.000052000 algebra_s=0.000279900 kkt_assembly_s=0.000165400 factor_s=0.001915400 solve_s=0.000916700 update_s=0.000195500 K_nnz=5269 rhs_cols=52 Vxx_nnz=2601
FILTERDDP_TIMING iteration=42 barrier_iteration=5 stage=1 derivative_s=0.001092400 first_order_s=0.000994400 second_order_s=0.000063500 algebra_s=0.000415700 kkt_assembly_s=0.000284200 factor_s=0.003274900 solve_s=0.001623200 update_s=0.000296500 K_nnz=5269 rhs_cols=52 Vxx_nnz=2601
FILTERDDP_FEASIBILITY iteration=42 barrier_iteration=5 equality_count=3372 equality_rms=1.575212879161e-04 equality_max=2.830093371049e-03 equality_worst_stage=5 equality_worst_index=509 dynamics_count=255 dynamics_rms=0.000000000000e+00 dynamics_max=0.000000000000e+00 dynamics_worst_stage=0 dynamics_worst_index=0 bound_count=4902 bound_rms=0.000000000000e+00 bound_max=0.000000000000e+00 bound_worst_stage=0 bound_worst_index=0 bound_worst_kind=none
FILTERDDP_ITER_TIMING iteration=42 barrier_iteration=5 backward_s=0.046153300 forward_s=0.000000000 total_s=0.046153300 outcome=barrier_update step_size=5.000000000e-01 backtracks=0 mu=3.200000000e-04
FILTERDDP_TIMING iteration=42 barrier_iteration=6 stage=6 derivative_s=0.001620600 first_order_s=0.001455600 second_order_s=0.000126400 algebra_s=0.002290300 kkt_assembly_s=0.000369000 factor_s=0.004139500 solve_s=0.001105100 update_s=0.000903800 K_nnz=5269 rhs_cols=52 Vxx_nnz=2601
FILTERDDP_TIMING iteration=42 barrier_iteration=6 stage=5 derivative_s=0.001979400 first_order_s=0.001816800 second_order_s=0.000122300 algebra_s=0.000676900 kkt_assembly_s=0.000482800 factor_s=0.004217700 solve_s=0.001274800 update_s=0.000315600 K_nnz=5269 rhs_cols=52 Vxx_nnz=2601
FILTERDDP_TIMING iteration=42 barrier_iteration=6 stage=4 derivative_s=0.001924300 first_order_s=0.001760000 second_order_s=0.000122300 algebra_s=0.004864400 kkt_assembly_s=0.000268000 factor_s=0.003419600 solve_s=0.001733900 update_s=0.000338900 K_nnz=5269 rhs_cols=52 Vxx_nnz=2601
FILTERDDP_TIMING iteration=42 barrier_iteration=6 stage=3 derivative_s=0.001504400 first_order_s=0.001383100 second_order_s=0.000087000 algebra_s=0.000634100 kkt_assembly_s=0.000380500 factor_s=0.004967800 solve_s=0.002926300 update_s=0.000499500 K_nnz=5269 rhs_cols=52 Vxx_nnz=2601
FILTERDDP_TIMING iteration=42 barrier_iteration=6 stage=2 derivative_s=0.001212000 first_order_s=0.001072400 second_order_s=0.000100400 algebra_s=0.000520500 kkt_assembly_s=0.000421500 factor_s=0.003869400 solve_s=0.001785500 update_s=0.000336300 K_nnz=5269 rhs_cols=52 Vxx_nnz=2601
FILTERDDP_TIMING iteration=42 barrier_iteration=6 stage=1 derivative_s=0.001911400 first_order_s=0.001751400 second_order_s=0.000117900 algebra_s=0.000742500 kkt_assembly_s=0.000482000 factor_s=0.005852800 solve_s=0.002532900 update_s=0.000460100 K_nnz=5269 rhs_cols=52 Vxx_nnz=2601
FILTERDDP_FEASIBILITY iteration=42 barrier_iteration=6 equality_count=3372 equality_rms=1.575212879161e-04 equality_max=2.830093371049e-03 equality_worst_stage=5 equality_worst_index=509 dynamics_count=255 dynamics_rms=0.000000000000e+00 dynamics_max=0.000000000000e+00 dynamics_worst_stage=0 dynamics_worst_index=0 bound_count=4902 bound_rms=0.000000000000e+00 bound_max=0.000000000000e+00 bound_worst_stage=0 bound_worst_index=0 bound_worst_kind=none
    42   3.14359189e+03   2.8301e-03   4.9570e-07   2.8830e-08   -4.19      -     5.0000e-01   0
FILTERDDP_ITER_TIMING iteration=42 barrier_iteration=6 backward_s=0.064991600 forward_s=0.011190900 total_s=0.076182500 outcome=accepted step_size=5.000000000e-01 backtracks=0 mu=6.400000000e-05
FILTERDDP_TIMING iteration=43 barrier_iteration=6 stage=6 derivative_s=0.002111600 first_order_s=0.001899800 second_order_s=0.000147200 algebra_s=0.002767500 kkt_assembly_s=0.000573800 factor_s=0.005929900 solve_s=0.002330700 update_s=0.001141300 K_nnz=5269 rhs_cols=52 Vxx_nnz=2601
FILTERDDP_TIMING iteration=43 barrier_iteration=6 stage=5 derivative_s=0.002161600 first_order_s=0.001976100 second_order_s=0.000137000 algebra_s=0.005858300 kkt_assembly_s=0.000426800 factor_s=0.005097900 solve_s=0.002549400 update_s=0.000460800 K_nnz=5269 rhs_cols=52 Vxx_nnz=2601
FILTERDDP_TIMING iteration=43 barrier_iteration=6 stage=4 derivative_s=0.002066600 first_order_s=0.001892800 second_order_s=0.000127900 algebra_s=0.000948400 kkt_assembly_s=0.000606800 factor_s=0.006010400 solve_s=0.002913700 update_s=0.000516700 K_nnz=5269 rhs_cols=52 Vxx_nnz=2601
FILTERDDP_TIMING iteration=43 barrier_iteration=6 stage=3 derivative_s=0.001190700 first_order_s=0.001044400 second_order_s=0.000104200 algebra_s=0.000504500 kkt_assembly_s=0.000324300 factor_s=0.003889600 solve_s=0.001752700 update_s=0.000381400 K_nnz=5269 rhs_cols=52 Vxx_nnz=2601
FILTERDDP_TIMING iteration=43 barrier_iteration=6 stage=2 derivative_s=0.001980100 first_order_s=0.001808800 second_order_s=0.000124800 algebra_s=0.000749500 kkt_assembly_s=0.000493300 factor_s=0.006033500 solve_s=0.002570000 update_s=0.000531600 K_nnz=5269 rhs_cols=52 Vxx_nnz=2601
FILTERDDP_TIMING iteration=43 barrier_iteration=6 stage=1 derivative_s=0.000859900 first_order_s=0.000749600 second_order_s=0.000082500 algebra_s=0.000464100 kkt_assembly_s=0.000327400 factor_s=0.003292500 solve_s=0.001434500 update_s=0.000330500 K_nnz=5269 rhs_cols=52 Vxx_nnz=2601
FILTERDDP_FEASIBILITY iteration=43 barrier_iteration=6 equality_count=3372 equality_rms=2.347516157428e-04 equality_max=4.340541997327e-03 equality_worst_stage=5 equality_worst_index=509 dynamics_count=255 dynamics_rms=0.000000000000e+00 dynamics_max=0.000000000000e+00 dynamics_worst_stage=0 dynamics_worst_index=0 bound_count=4902 bound_rms=0.000000000000e+00 bound_max=0.000000000000e+00 bound_worst_stage=0 bound_worst_index=0 bound_worst_kind=none
    43   3.14338778e+03   4.3405e-03   7.5837e-07   1.5370e-08   -4.19      -     5.0000e-01   0
FILTERDDP_ITER_TIMING iteration=43 barrier_iteration=6 backward_s=0.073690400 forward_s=0.011180500 total_s=0.084870900 outcome=accepted step_size=5.000000000e-01 backtracks=0 mu=6.400000000e-05
FILTERDDP_TIMING iteration=44 barrier_iteration=6 stage=6 derivative_s=0.000887400 first_order_s=0.000776300 second_order_s=0.000073900 algebra_s=0.007622300 kkt_assembly_s=0.000315000 factor_s=0.003322900 solve_s=0.001449200 update_s=0.001034200 K_nnz=5269 rhs_cols=52 Vxx_nnz=2601
FILTERDDP_TIMING iteration=44 barrier_iteration=6 stage=5 derivative_s=0.002055200 first_order_s=0.001874800 second_order_s=0.000132700 algebra_s=0.000794000 kkt_assembly_s=0.000498300 factor_s=0.004221000 solve_s=0.001369700 update_s=0.000343100 K_nnz=5269 rhs_cols=52 Vxx_nnz=2601
FILTERDDP_TIMING iteration=44 barrier_iteration=6 stage=4 derivative_s=0.001482800 first_order_s=0.001341100 second_order_s=0.000090700 algebra_s=0.000604000 kkt_assembly_s=0.000370600 factor_s=0.005810400 solve_s=0.002980600 update_s=0.000552400 K_nnz=5269 rhs_cols=52 Vxx_nnz=2601
FILTERDDP_TIMING iteration=44 barrier_iteration=6 stage=3 derivative_s=0.000791200 first_order_s=0.000674800 second_order_s=0.000083200 algebra_s=0.000508100 kkt_assembly_s=0.000252600 factor_s=0.003140700 solve_s=0.001517900 update_s=0.000327400 K_nnz=5269 rhs_cols=52 Vxx_nnz=2601
FILTERDDP_TIMING iteration=44 barrier_iteration=6 stage=2 derivative_s=0.001865600 first_order_s=0.001729400 second_order_s=0.000095700 algebra_s=0.000673400 kkt_assembly_s=0.000431500 factor_s=0.004555800 solve_s=0.002149500 update_s=0.000408600 K_nnz=5269 rhs_cols=52 Vxx_nnz=2601
FILTERDDP_TIMING iteration=44 barrier_iteration=6 stage=1 derivative_s=0.001026200 first_order_s=0.000902800 second_order_s=0.000087300 algebra_s=0.000461400 kkt_assembly_s=0.000276000 factor_s=0.005910800 solve_s=0.001413900 update_s=0.000323300 K_nnz=5269 rhs_cols=52 Vxx_nnz=2601
FILTERDDP_FEASIBILITY iteration=44 barrier_iteration=6 equality_count=3372 equality_rms=1.644583881629e-04 equality_max=3.068090538973e-03 equality_worst_stage=5 equality_worst_index=509 dynamics_count=255 dynamics_rms=0.000000000000e+00 dynamics_max=0.000000000000e+00 dynamics_worst_stage=0 dynamics_worst_index=0 bound_count=4902 bound_rms=0.000000000000e+00 bound_max=0.000000000000e+00 bound_worst_stage=0 bound_worst_index=0 bound_worst_kind=none
    44   3.14329129e+03   3.0681e-03   5.4869e-07   7.8983e-09   -4.19      -     5.0000e-01   0
FILTERDDP_ITER_TIMING iteration=44 barrier_iteration=6 backward_s=0.063752800 forward_s=0.008589500 total_s=0.072342300 outcome=accepted step_size=5.000000000e-01 backtracks=0 mu=6.400000000e-05
FILTERDDP_TIMING iteration=45 barrier_iteration=6 stage=6 derivative_s=0.001877800 first_order_s=0.001604700 second_order_s=0.000213100 algebra_s=0.002878900 kkt_assembly_s=0.000603000 factor_s=0.004998000 solve_s=0.001178600 update_s=0.000816600 K_nnz=5269 rhs_cols=52 Vxx_nnz=2601
FILTERDDP_TIMING iteration=45 barrier_iteration=6 stage=5 derivative_s=0.002012400 first_order_s=0.001828700 second_order_s=0.000135600 algebra_s=0.000754000 kkt_assembly_s=0.000501300 factor_s=0.004026500 solve_s=0.001127100 update_s=0.000295500 K_nnz=5269 rhs_cols=52 Vxx_nnz=2601
FILTERDDP_TIMING iteration=45 barrier_iteration=6 stage=4 derivative_s=0.001347000 first_order_s=0.001176400 second_order_s=0.000118700 algebra_s=0.000758000 kkt_assembly_s=0.000390200 factor_s=0.005592700 solve_s=0.003041600 update_s=0.000545400 K_nnz=5269 rhs_cols=52 Vxx_nnz=2601
FILTERDDP_TIMING iteration=45 barrier_iteration=6 stage=3 derivative_s=0.000677300 first_order_s=0.000567900 second_order_s=0.000078700 algebra_s=0.000452700 kkt_assembly_s=0.000226000 factor_s=0.002820000 solve_s=0.001410400 update_s=0.000311600 K_nnz=5269 rhs_cols=52 Vxx_nnz=2601
FILTERDDP_TIMING iteration=45 barrier_iteration=6 stage=2 derivative_s=0.002078400 first_order_s=0.001888000 second_order_s=0.000141900 algebra_s=0.000743400 kkt_assembly_s=0.000515000 factor_s=0.009320700 solve_s=0.002195800 update_s=0.000423100 K_nnz=5269 rhs_cols=52 Vxx_nnz=2601
FILTERDDP_TIMING iteration=45 barrier_iteration=6 stage=1 derivative_s=0.002040800 first_order_s=0.001820800 second_order_s=0.000154400 algebra_s=0.000802000 kkt_assembly_s=0.000500800 factor_s=0.004559900 solve_s=0.002029100 update_s=0.000398300 K_nnz=5269 rhs_cols=52 Vxx_nnz=2601
FILTERDDP_FEASIBILITY iteration=45 barrier_iteration=6 equality_count=3372 equality_rms=9.566138362229e-05 equality_max=1.790133546080e-03 equality_worst_stage=5 equality_worst_index=509 dynamics_count=255 dynamics_rms=0.000000000000e+00 dynamics_max=0.000000000000e+00 dynamics_worst_stage=0 dynamics_worst_index=0 bound_count=4902 bound_rms=0.000000000000e+00 bound_max=0.000000000000e+00 bound_worst_stage=0 bound_worst_index=0 bound_worst_kind=none
    45   3.14324501e+03   1.7901e-03   2.8503e-07   3.9183e-09   -4.19      -     5.0000e-01   0
FILTERDDP_ITER_TIMING iteration=45 barrier_iteration=6 backward_s=0.066280500 forward_s=0.010671100 total_s=0.076951600 outcome=accepted step_size=5.000000000e-01 backtracks=0 mu=6.400000000e-05
FILTERDDP_TIMING iteration=46 barrier_iteration=6 stage=6 derivative_s=0.001462900 first_order_s=0.001291200 second_order_s=0.000119800 algebra_s=0.003295200 kkt_assembly_s=0.000600100 factor_s=0.007207800 solve_s=0.002513800 update_s=0.001190000 K_nnz=5269 rhs_cols=52 Vxx_nnz=2601
FILTERDDP_TIMING iteration=46 barrier_iteration=6 stage=5 derivative_s=0.002081600 first_order_s=0.001879700 second_order_s=0.000146200 algebra_s=0.000807200 kkt_assembly_s=0.000898400 factor_s=0.009015500 solve_s=0.003072000 update_s=0.000567900 K_nnz=5269 rhs_cols=52 Vxx_nnz=2601
FILTERDDP_TIMING iteration=46 barrier_iteration=6 stage=4 derivative_s=0.001768200 first_order_s=0.001539900 second_order_s=0.000136100 algebra_s=0.000730400 kkt_assembly_s=0.000436400 factor_s=0.004588600 solve_s=0.001673500 update_s=0.000367600 K_nnz=5269 rhs_cols=52 Vxx_nnz=2601
FILTERDDP_TIMING iteration=46 barrier_iteration=6 stage=3 derivative_s=0.002158600 first_order_s=0.001970600 second_order_s=0.000135700 algebra_s=0.000768300 kkt_assembly_s=0.000510300 factor_s=0.011848200 solve_s=0.002540100 update_s=0.000480300 K_nnz=5269 rhs_cols=52 Vxx_nnz=2601
FILTERDDP_TIMING iteration=46 barrier_iteration=6 stage=2 derivative_s=0.001743500 first_order_s=0.001586300 second_order_s=0.000110400 algebra_s=0.000754000 kkt_assembly_s=0.000494500 factor_s=0.004817600 solve_s=0.001762100 update_s=0.000399800 K_nnz=5269 rhs_cols=52 Vxx_nnz=2601
FILTERDDP_TIMING iteration=46 barrier_iteration=6 stage=1 derivative_s=0.001849500 first_order_s=0.001561600 second_order_s=0.000141200 algebra_s=0.000960000 kkt_assembly_s=0.000642200 factor_s=0.004164200 solve_s=0.001508000 update_s=0.000357600 K_nnz=5269 rhs_cols=52 Vxx_nnz=2601
FILTERDDP_FEASIBILITY iteration=46 barrier_iteration=6 equality_count=3372 equality_rms=5.152667809418e-05 equality_max=9.665598011956e-04 equality_worst_stage=5 equality_worst_index=509 dynamics_count=255 dynamics_rms=0.000000000000e+00 dynamics_max=0.000000000000e+00 dynamics_worst_stage=0 dynamics_worst_index=0 bound_count=4902 bound_rms=0.000000000000e+00 bound_max=0.000000000000e+00 bound_worst_stage=0 bound_worst_index=0 bound_worst_kind=none
    46   3.14322245e+03   9.6656e-04   1.1869e-07   1.9063e-09   -4.19      -     5.0000e-01   0
FILTERDDP_ITER_TIMING iteration=46 barrier_iteration=6 backward_s=0.082535300 forward_s=0.009257200 total_s=0.091792500 outcome=accepted step_size=5.000000000e-01 backtracks=0 mu=6.400000000e-05
FILTERDDP_TIMING iteration=47 barrier_iteration=6 stage=6 derivative_s=0.002169900 first_order_s=0.001925100 second_order_s=0.000188400 algebra_s=0.002582800 kkt_assembly_s=0.000627800 factor_s=0.004646300 solve_s=0.000961300 update_s=0.000674300 K_nnz=5269 rhs_cols=52 Vxx_nnz=2601
FILTERDDP_TIMING iteration=47 barrier_iteration=6 stage=5 derivative_s=0.002164900 first_order_s=0.001977100 second_order_s=0.000131900 algebra_s=0.000771600 kkt_assembly_s=0.000516600 factor_s=0.003721900 solve_s=0.000990100 update_s=0.000287000 K_nnz=5269 rhs_cols=52 Vxx_nnz=2601
FILTERDDP_TIMING iteration=47 barrier_iteration=6 stage=4 derivative_s=0.002021700 first_order_s=0.001836800 second_order_s=0.000126300 algebra_s=0.000820400 kkt_assembly_s=0.000202600 factor_s=0.004881000 solve_s=0.000892400 update_s=0.000273500 K_nnz=5269 rhs_cols=52 Vxx_nnz=2601
FILTERDDP_TIMING iteration=47 barrier_iteration=6 stage=3 derivative_s=0.002009400 first_order_s=0.001888400 second_order_s=0.000080700 algebra_s=0.000348900 kkt_assembly_s=0.000221500 factor_s=0.002336200 solve_s=0.000956000 update_s=0.000319500 K_nnz=5269 rhs_cols=52 Vxx_nnz=2601
FILTERDDP_TIMING iteration=47 barrier_iteration=6 stage=2 derivative_s=0.001986400 first_order_s=0.001863100 second_order_s=0.000081500 algebra_s=0.000322400 kkt_assembly_s=0.000199600 factor_s=0.002133600 solve_s=0.001504600 update_s=0.000370900 K_nnz=5269 rhs_cols=52 Vxx_nnz=2601
FILTERDDP_TIMING iteration=47 barrier_iteration=6 stage=1 derivative_s=0.002513600 first_order_s=0.002288000 second_order_s=0.000154200 algebra_s=0.001110900 kkt_assembly_s=0.000891900 factor_s=0.009267100 solve_s=0.004132600 update_s=0.000311400 K_nnz=5269 rhs_cols=52 Vxx_nnz=2601
FILTERDDP_FEASIBILITY iteration=47 barrier_iteration=6 equality_count=3372 equality_rms=2.675698437257e-05 equality_max=5.029540795594e-04 equality_worst_stage=5 equality_worst_index=509 dynamics_count=255 dynamics_rms=0.000000000000e+00 dynamics_max=0.000000000000e+00 dynamics_worst_stage=0 dynamics_worst_index=0 bound_count=4902 bound_rms=0.000000000000e+00 bound_max=0.000000000000e+00 bound_worst_stage=0 bound_worst_index=0 bound_worst_kind=none
FILTERDDP_ITER_TIMING iteration=47 barrier_iteration=6 backward_s=0.061810100 forward_s=0.000000000 total_s=0.061810100 outcome=barrier_update step_size=5.000000000e-01 backtracks=0 mu=6.400000000e-05
FILTERDDP_TIMING iteration=47 barrier_iteration=7 stage=6 derivative_s=0.002398700 first_order_s=0.002131900 second_order_s=0.000198300 algebra_s=0.003100600 kkt_assembly_s=0.000587500 factor_s=0.004659400 solve_s=0.000997100 update_s=0.000678200 K_nnz=5269 rhs_cols=52 Vxx_nnz=2601
FILTERDDP_TIMING iteration=47 barrier_iteration=7 stage=5 derivative_s=0.002137100 first_order_s=0.001948000 second_order_s=0.000137600 algebra_s=0.000756700 kkt_assembly_s=0.000640100 factor_s=0.004056300 solve_s=0.001339700 update_s=0.000304200 K_nnz=5269 rhs_cols=52 Vxx_nnz=2601
FILTERDDP_TIMING iteration=47 barrier_iteration=7 stage=4 derivative_s=0.000930500 first_order_s=0.000830500 second_order_s=0.000062000 algebra_s=0.003089700 kkt_assembly_s=0.000220800 factor_s=0.003301300 solve_s=0.001557400 update_s=0.000399900 K_nnz=5269 rhs_cols=52 Vxx_nnz=2601
FILTERDDP_TIMING iteration=47 barrier_iteration=7 stage=3 derivative_s=0.001452300 first_order_s=0.001315900 second_order_s=0.000099700 algebra_s=0.000439700 kkt_assembly_s=0.000269000 factor_s=0.003360100 solve_s=0.001684600 update_s=0.000377100 K_nnz=5269 rhs_cols=52 Vxx_nnz=2601
FILTERDDP_TIMING iteration=47 barrier_iteration=7 stage=2 derivative_s=0.001991000 first_order_s=0.001855800 second_order_s=0.000101000 algebra_s=0.000464100 kkt_assembly_s=0.000287400 factor_s=0.003527800 solve_s=0.001532700 update_s=0.000301600 K_nnz=5269 rhs_cols=52 Vxx_nnz=2601
FILTERDDP_TIMING iteration=47 barrier_iteration=7 stage=1 derivative_s=0.001535900 first_order_s=0.001409600 second_order_s=0.000088800 algebra_s=0.000611000 kkt_assembly_s=0.000366300 factor_s=0.004631200 solve_s=0.002175700 update_s=0.000419400 K_nnz=5269 rhs_cols=52 Vxx_nnz=2601
FILTERDDP_FEASIBILITY iteration=47 barrier_iteration=7 equality_count=3372 equality_rms=2.675698437257e-05 equality_max=5.029540795594e-04 equality_worst_stage=5 equality_worst_index=509 dynamics_count=255 dynamics_rms=0.000000000000e+00 dynamics_max=0.000000000000e+00 dynamics_worst_stage=0 dynamics_worst_index=0 bound_count=4902 bound_rms=0.000000000000e+00 bound_max=0.000000000000e+00 bound_worst_stage=0 bound_worst_index=0 bound_worst_kind=none
    47   3.14321133e+03   5.0295e-04   4.2443e-08   9.2158e-10   -5.03      -     5.0000e-01   0
FILTERDDP_ITER_TIMING iteration=47 barrier_iteration=7 backward_s=0.058456300 forward_s=0.010302800 total_s=0.068759100 outcome=accepted step_size=5.000000000e-01 backtracks=0 mu=9.277179695e-06
FILTERDDP_TIMING iteration=48 barrier_iteration=7 stage=6 derivative_s=0.001188900 first_order_s=0.001057300 second_order_s=0.000099400 algebra_s=0.002593300 kkt_assembly_s=0.000589800 factor_s=0.005297700 solve_s=0.001652300 update_s=0.000837700 K_nnz=5269 rhs_cols=52 Vxx_nnz=2601
FILTERDDP_TIMING iteration=48 barrier_iteration=7 stage=5 derivative_s=0.002445900 first_order_s=0.002199600 second_order_s=0.000171900 algebra_s=0.005028200 kkt_assembly_s=0.000201300 factor_s=0.002075200 solve_s=0.000940300 update_s=0.000248300 K_nnz=5269 rhs_cols=52 Vxx_nnz=2601
FILTERDDP_TIMING iteration=48 barrier_iteration=7 stage=4 derivative_s=0.001045500 first_order_s=0.000953700 second_order_s=0.000064600 algebra_s=0.000399600 kkt_assembly_s=0.000247100 factor_s=0.003142700 solve_s=0.001361200 update_s=0.000305400 K_nnz=5269 rhs_cols=52 Vxx_nnz=2601
FILTERDDP_TIMING iteration=48 barrier_iteration=7 stage=3 derivative_s=0.000678600 first_order_s=0.000588700 second_order_s=0.000055100 algebra_s=0.000286500 kkt_assembly_s=0.000170600 factor_s=0.001911500 solve_s=0.000904000 update_s=0.000215100 K_nnz=5269 rhs_cols=52 Vxx_nnz=2601
FILTERDDP_TIMING iteration=48 barrier_iteration=7 stage=2 derivative_s=0.000976100 first_order_s=0.000880700 second_order_s=0.000060600 algebra_s=0.000366600 kkt_assembly_s=0.000228000 factor_s=0.002717500 solve_s=0.001197900 update_s=0.000276900 K_nnz=5269 rhs_cols=52 Vxx_nnz=2601
FILTERDDP_TIMING iteration=48 barrier_iteration=7 stage=1 derivative_s=0.000667200 first_order_s=0.000584200 second_order_s=0.000051300 algebra_s=0.000277000 kkt_assembly_s=0.000167600 factor_s=0.001923500 solve_s=0.000968700 update_s=0.000227500 K_nnz=5269 rhs_cols=52 Vxx_nnz=2601
FILTERDDP_FEASIBILITY iteration=48 barrier_iteration=7 equality_count=3372 equality_rms=2.535072494434e-05 equality_max=4.860446264092e-04 equality_worst_stage=5 equality_worst_index=509 dynamics_count=255 dynamics_rms=0.000000000000e+00 dynamics_max=0.000000000000e+00 dynamics_worst_stage=0 dynamics_worst_index=0 bound_count=4902 bound_rms=0.000000000000e+00 bound_max=0.000000000000e+00 bound_worst_stage=0 bound_worst_index=0 bound_worst_kind=none
    48   3.14316872e+03   4.8604e-04   4.6515e-08   4.9707e-10   -5.03      -     5.0000e-01   0
FILTERDDP_ITER_TIMING iteration=48 barrier_iteration=7 backward_s=0.045367300 forward_s=0.007919300 total_s=0.053286600 outcome=accepted step_size=5.000000000e-01 backtracks=0 mu=9.277179695e-06
FILTERDDP_TIMING iteration=49 barrier_iteration=7 stage=6 derivative_s=0.001811000 first_order_s=0.001570000 second_order_s=0.000199200 algebra_s=0.002777400 kkt_assembly_s=0.006643700 factor_s=0.003419800 solve_s=0.001097900 update_s=0.000801900 K_nnz=5269 rhs_cols=52 Vxx_nnz=2601
FILTERDDP_TIMING iteration=49 barrier_iteration=7 stage=5 derivative_s=0.002057700 first_order_s=0.001870000 second_order_s=0.000143600 algebra_s=0.000692000 kkt_assembly_s=0.000455900 factor_s=0.005825600 solve_s=0.001411600 update_s=0.000293700 K_nnz=5269 rhs_cols=52 Vxx_nnz=2601
FILTERDDP_TIMING iteration=49 barrier_iteration=7 stage=4 derivative_s=0.001815000 first_order_s=0.001622700 second_order_s=0.000138100 algebra_s=0.000680100 kkt_assembly_s=0.000451500 factor_s=0.005812100 solve_s=0.003007700 update_s=0.000507900 K_nnz=5269 rhs_cols=52 Vxx_nnz=2601
FILTERDDP_TIMING iteration=49 barrier_iteration=7 stage=3 derivative_s=0.000994600 first_order_s=0.000856300 second_order_s=0.000100800 algebra_s=0.000586300 kkt_assembly_s=0.000302100 factor_s=0.003940800 solve_s=0.001995900 update_s=0.000363500 K_nnz=5269 rhs_cols=52 Vxx_nnz=2601
FILTERDDP_TIMING iteration=49 barrier_iteration=7 stage=2 derivative_s=0.001958600 first_order_s=0.001791000 second_order_s=0.000124500 algebra_s=0.000725100 kkt_assembly_s=0.000486300 factor_s=0.006105600 solve_s=0.002759900 update_s=0.000477100 K_nnz=5269 rhs_cols=52 Vxx_nnz=2601
FILTERDDP_TIMING iteration=49 barrier_iteration=7 stage=1 derivative_s=0.001320900 first_order_s=0.001193700 second_order_s=0.000089400 algebra_s=0.000549700 kkt_assembly_s=0.000327400 factor_s=0.008235200 solve_s=0.002327300 update_s=0.000413600 K_nnz=5269 rhs_cols=52 Vxx_nnz=2601
FILTERDDP_FEASIBILITY iteration=49 barrier_iteration=7 equality_count=3372 equality_rms=1.619322686498e-05 equality_max=3.151735314751e-04 equality_worst_stage=5 equality_worst_index=509 dynamics_count=255 dynamics_rms=0.000000000000e+00 dynamics_max=0.000000000000e+00 dynamics_worst_stage=0 dynamics_worst_index=0 bound_count=4902 bound_rms=0.000000000000e+00 bound_max=0.000000000000e+00 bound_worst_stage=0 bound_worst_index=0 bound_worst_kind=none
    49   3.14314801e+03   3.1517e-04   3.1220e-08   2.5904e-10   -5.03      -     5.0000e-01   0
FILTERDDP_ITER_TIMING iteration=49 barrier_iteration=7 backward_s=0.075652400 forward_s=0.009621500 total_s=0.085273900 outcome=accepted step_size=5.000000000e-01 backtracks=0 mu=9.277179695e-06
FILTERDDP_TIMING iteration=50 barrier_iteration=7 stage=6 derivative_s=0.002180700 first_order_s=0.001948700 second_order_s=0.000177100 algebra_s=0.002850800 kkt_assembly_s=0.000601200 factor_s=0.007724600 solve_s=0.003866300 update_s=0.001271300 K_nnz=5269 rhs_cols=52 Vxx_nnz=2601
FILTERDDP_TIMING iteration=50 barrier_iteration=7 stage=5 derivative_s=0.002088200 first_order_s=0.001895000 second_order_s=0.000143000 algebra_s=0.000787300 kkt_assembly_s=0.000509900 factor_s=0.006680500 solve_s=0.002624600 update_s=0.000494100 K_nnz=5269 rhs_cols=52 Vxx_nnz=2601
FILTERDDP_TIMING iteration=50 barrier_iteration=7 stage=4 derivative_s=0.002087700 first_order_s=0.001912700 second_order_s=0.000127300 algebra_s=0.000958700 kkt_assembly_s=0.000616200 factor_s=0.006129700 solve_s=0.003079900 update_s=0.000531900 K_nnz=5269 rhs_cols=52 Vxx_nnz=2601
FILTERDDP_TIMING iteration=50 barrier_iteration=7 stage=3 derivative_s=0.002039000 first_order_s=0.001861600 second_order_s=0.000129200 algebra_s=0.000762300 kkt_assembly_s=0.000688100 factor_s=0.006513200 solve_s=0.003173700 update_s=0.000650000 K_nnz=5269 rhs_cols=52 Vxx_nnz=2601
FILTERDDP_TIMING iteration=50 barrier_iteration=7 stage=2 derivative_s=0.002127900 first_order_s=0.001937400 second_order_s=0.000122100 algebra_s=0.000765500 kkt_assembly_s=0.000515600 factor_s=0.010918000 solve_s=0.002430600 update_s=0.000462300 K_nnz=5269 rhs_cols=52 Vxx_nnz=2601
FILTERDDP_TIMING iteration=50 barrier_iteration=7 stage=1 derivative_s=0.001970100 first_order_s=0.001758600 second_order_s=0.000154000 algebra_s=0.000882800 kkt_assembly_s=0.000303800 factor_s=0.002407300 solve_s=0.001138000 update_s=0.000265600 K_nnz=5269 rhs_cols=52 Vxx_nnz=2601
FILTERDDP_FEASIBILITY iteration=50 barrier_iteration=7 equality_count=3372 equality_rms=9.124782278171e-06 equality_max=1.795368734967e-04 equality_worst_stage=5 equality_worst_index=509 dynamics_count=255 dynamics_rms=0.000000000000e+00 dynamics_max=0.000000000000e+00 dynamics_worst_stage=0 dynamics_worst_index=0 bound_count=4902 bound_rms=0.000000000000e+00 bound_max=0.000000000000e+00 bound_worst_stage=0 bound_worst_index=0 bound_worst_kind=none
  iter     objective        pr_inf       du_inf       cs_inf     lg(╬╝)   lg(reg)    alpha     ls
    50   3.14313785e+03   1.7954e-04   1.6188e-08   1.2950e-10   -5.03      -     5.0000e-01   0
FILTERDDP_ITER_TIMING iteration=50 barrier_iteration=7 backward_s=0.085465800 forward_s=0.008333200 total_s=0.093799000 outcome=accepted step_size=5.000000000e-01 backtracks=0 mu=9.277179695e-06
FILTERDDP_TIMING iteration=51 barrier_iteration=7 stage=6 derivative_s=0.001904100 first_order_s=0.001676600 second_order_s=0.000179900 algebra_s=0.002868300 kkt_assembly_s=0.000599300 factor_s=0.004724600 solve_s=0.000971300 update_s=0.000709200 K_nnz=5269 rhs_cols=52 Vxx_nnz=2601
FILTERDDP_TIMING iteration=51 barrier_iteration=7 stage=5 derivative_s=0.002049800 first_order_s=0.001836700 second_order_s=0.000152700 algebra_s=0.000775900 kkt_assembly_s=0.000560000 factor_s=0.005222200 solve_s=0.000945800 update_s=0.000248600 K_nnz=5269 rhs_cols=52 Vxx_nnz=2601
FILTERDDP_TIMING iteration=51 barrier_iteration=7 stage=4 derivative_s=0.001387800 first_order_s=0.001245100 second_order_s=0.000095200 algebra_s=0.000550500 kkt_assembly_s=0.000337600 factor_s=0.004688900 solve_s=0.002948400 update_s=0.000503100 K_nnz=5269 rhs_cols=52 Vxx_nnz=2601
FILTERDDP_TIMING iteration=51 barrier_iteration=7 stage=3 derivative_s=0.000512200 first_order_s=0.000425700 second_order_s=0.000054600 algebra_s=0.000387400 kkt_assembly_s=0.000282200 factor_s=0.004871000 solve_s=0.000871200 update_s=0.000266100 K_nnz=5269 rhs_cols=52 Vxx_nnz=2601
FILTERDDP_TIMING iteration=51 barrier_iteration=7 stage=2 derivative_s=0.001895000 first_order_s=0.001719000 second_order_s=0.000117800 algebra_s=0.000688400 kkt_assembly_s=0.000461700 factor_s=0.005352200 solve_s=0.002242900 update_s=0.000460500 K_nnz=5269 rhs_cols=52 Vxx_nnz=2601
FILTERDDP_TIMING iteration=51 barrier_iteration=7 stage=1 derivative_s=0.000518000 first_order_s=0.000436200 second_order_s=0.000050800 algebra_s=0.000380900 kkt_assembly_s=0.000262900 factor_s=0.002111600 solve_s=0.000955900 update_s=0.000254400 K_nnz=5269 rhs_cols=52 Vxx_nnz=2601
FILTERDDP_FEASIBILITY iteration=51 barrier_iteration=7 equality_count=3372 equality_rms=4.853874887333e-06 equality_max=9.620343586614e-05 equality_worst_stage=5 equality_worst_index=509 dynamics_count=255 dynamics_rms=0.000000000000e+00 dynamics_max=0.000000000000e+00 dynamics_worst_stage=0 dynamics_worst_index=0 bound_count=4902 bound_rms=0.000000000000e+00 bound_max=0.000000000000e+00 bound_worst_stage=0 bound_worst_index=0 bound_worst_kind=none
    51   3.14313283e+03   9.6203e-05   7.3301e-09   6.2652e-11   -5.03      -     5.0000e-01   0
FILTERDDP_ITER_TIMING iteration=51 barrier_iteration=7 backward_s=0.056604200 forward_s=0.008254000 total_s=0.064858200 outcome=accepted step_size=5.000000000e-01 backtracks=0 mu=9.277179695e-06
FILTERDDP_TIMING iteration=52 barrier_iteration=7 stage=6 derivative_s=0.001872600 first_order_s=0.001653500 second_order_s=0.000176000 algebra_s=0.002791700 kkt_assembly_s=0.000582100 factor_s=0.004781600 solve_s=0.000975300 update_s=0.000929000 K_nnz=5269 rhs_cols=52 Vxx_nnz=2601
FILTERDDP_TIMING iteration=52 barrier_iteration=7 stage=5 derivative_s=0.001966200 first_order_s=0.001792900 second_order_s=0.000126000 algebra_s=0.000750900 kkt_assembly_s=0.000500400 factor_s=0.004175300 solve_s=0.001098600 update_s=0.000258300 K_nnz=5269 rhs_cols=52 Vxx_nnz=2601
FILTERDDP_TIMING iteration=52 barrier_iteration=7 stage=4 derivative_s=0.002030800 first_order_s=0.001851500 second_order_s=0.000133900 algebra_s=0.000754400 kkt_assembly_s=0.000496000 factor_s=0.007312600 solve_s=0.001270100 update_s=0.000305900 K_nnz=5269 rhs_cols=52 Vxx_nnz=2601
FILTERDDP_TIMING iteration=52 barrier_iteration=7 stage=3 derivative_s=0.001964100 first_order_s=0.001791600 second_order_s=0.000126300 algebra_s=0.000767800 kkt_assembly_s=0.000648000 factor_s=0.006119700 solve_s=0.003168100 update_s=0.000526400 K_nnz=5269 rhs_cols=52 Vxx_nnz=2601
FILTERDDP_TIMING iteration=52 barrier_iteration=7 stage=2 derivative_s=0.000916100 first_order_s=0.000788100 second_order_s=0.000091700 algebra_s=0.000550100 kkt_assembly_s=0.000275600 factor_s=0.003148800 solve_s=0.001471700 update_s=0.000319800 K_nnz=5269 rhs_cols=52 Vxx_nnz=2601
FILTERDDP_TIMING iteration=52 barrier_iteration=7 stage=1 derivative_s=0.002309900 first_order_s=0.002124800 second_order_s=0.000136400 algebra_s=0.000774200 kkt_assembly_s=0.000500100 factor_s=0.006086500 solve_s=0.002396900 update_s=0.000434300 K_nnz=5269 rhs_cols=52 Vxx_nnz=2601
FILTERDDP_FEASIBILITY iteration=52 barrier_iteration=7 equality_count=3372 equality_rms=2.506333987926e-06 equality_max=4.990631750235e-05 equality_worst_stage=5 equality_worst_index=509 dynamics_count=255 dynamics_rms=0.000000000000e+00 dynamics_max=0.000000000000e+00 dynamics_worst_stage=0 dynamics_worst_index=0 bound_count=4902 bound_rms=0.000000000000e+00 bound_max=0.000000000000e+00 bound_worst_stage=0 bound_worst_index=0 bound_worst_kind=none
FILTERDDP_ITER_TIMING iteration=52 barrier_iteration=7 backward_s=0.067320500 forward_s=0.000000000 total_s=0.067320500 outcome=barrier_update step_size=5.000000000e-01 backtracks=0 mu=9.277179695e-06
FILTERDDP_TIMING iteration=52 barrier_iteration=8 stage=6 derivative_s=0.002274100 first_order_s=0.002011500 second_order_s=0.000200600 algebra_s=0.003305000 kkt_assembly_s=0.000566800 factor_s=0.005888000 solve_s=0.002191300 update_s=0.001058200 K_nnz=5269 rhs_cols=52 Vxx_nnz=2601
FILTERDDP_TIMING iteration=52 barrier_iteration=8 stage=5 derivative_s=0.002184900 first_order_s=0.001998800 second_order_s=0.000134500 algebra_s=0.000861000 kkt_assembly_s=0.000586600 factor_s=0.005681000 solve_s=0.002411400 update_s=0.000497700 K_nnz=5269 rhs_cols=52 Vxx_nnz=2601
FILTERDDP_TIMING iteration=52 barrier_iteration=8 stage=4 derivative_s=0.002171000 first_order_s=0.001996600 second_order_s=0.000114500 algebra_s=0.005185600 kkt_assembly_s=0.000452400 factor_s=0.003950900 solve_s=0.001849300 update_s=0.000391600 K_nnz=5269 rhs_cols=52 Vxx_nnz=2601
FILTERDDP_TIMING iteration=52 barrier_iteration=8 stage=3 derivative_s=0.002092200 first_order_s=0.001897900 second_order_s=0.000141100 algebra_s=0.000785600 kkt_assembly_s=0.000514200 factor_s=0.003265200 solve_s=0.001293800 update_s=0.000357300 K_nnz=5269 rhs_cols=52 Vxx_nnz=2601
FILTERDDP_TIMING iteration=52 barrier_iteration=8 stage=2 derivative_s=0.002089700 first_order_s=0.001887900 second_order_s=0.000144100 algebra_s=0.000767500 kkt_assembly_s=0.000517100 factor_s=0.003923400 solve_s=0.000967300 update_s=0.000259300 K_nnz=5269 rhs_cols=52 Vxx_nnz=2601
FILTERDDP_TIMING iteration=52 barrier_iteration=8 stage=1 derivative_s=0.002343100 first_order_s=0.002159400 second_order_s=0.000129500 algebra_s=0.000772300 kkt_assembly_s=0.000510500 factor_s=0.003678700 solve_s=0.000971200 update_s=0.000269700 K_nnz=5269 rhs_cols=52 Vxx_nnz=2601
FILTERDDP_FEASIBILITY iteration=52 barrier_iteration=8 equality_count=3372 equality_rms=2.506333987926e-06 equality_max=4.990631750235e-05 equality_worst_stage=5 equality_worst_index=509 dynamics_count=255 dynamics_rms=0.000000000000e+00 dynamics_max=0.000000000000e+00 dynamics_worst_stage=0 dynamics_worst_index=0 bound_count=4902 bound_rms=0.000000000000e+00 bound_max=0.000000000000e+00 bound_worst_stage=0 bound_worst_index=0 bound_worst_kind=none
    52   3.14313034e+03   4.9906e-05   3.1785e-09   3.3406e-11   -6.04      -     5.0000e-01   0
FILTERDDP_ITER_TIMING iteration=52 barrier_iteration=8 backward_s=0.068911500 forward_s=0.008758300 total_s=0.077669800 outcome=accepted step_size=2.500000000e-01 backtracks=0 mu=9.139010210e-07
FILTERDDP_TIMING iteration=53 barrier_iteration=8 stage=6 derivative_s=0.000722100 first_order_s=0.000641000 second_order_s=0.000057000 algebra_s=0.002543500 kkt_assembly_s=0.000626300 factor_s=0.004499300 solve_s=0.000946500 update_s=0.000853300 K_nnz=5269 rhs_cols=52 Vxx_nnz=2601
FILTERDDP_TIMING iteration=53 barrier_iteration=8 stage=5 derivative_s=0.007066500 first_order_s=0.006896100 second_order_s=0.000121100 algebra_s=0.000332500 kkt_assembly_s=0.000207000 factor_s=0.002025600 solve_s=0.000959600 update_s=0.000254100 K_nnz=5269 rhs_cols=52 Vxx_nnz=2601
FILTERDDP_TIMING iteration=53 barrier_iteration=8 stage=4 derivative_s=0.001012100 first_order_s=0.000893600 second_order_s=0.000063700 algebra_s=0.000376300 kkt_assembly_s=0.000235500 factor_s=0.002818800 solve_s=0.001342100 update_s=0.000288800 K_nnz=5269 rhs_cols=52 Vxx_nnz=2601
FILTERDDP_TIMING iteration=53 barrier_iteration=8 stage=3 derivative_s=0.000608500 first_order_s=0.000516000 second_order_s=0.000056600 algebra_s=0.000344600 kkt_assembly_s=0.000176000 factor_s=0.001951100 solve_s=0.001051200 update_s=0.000231600 K_nnz=5269 rhs_cols=52 Vxx_nnz=2601
FILTERDDP_TIMING iteration=53 barrier_iteration=8 stage=2 derivative_s=0.002055600 first_order_s=0.001885800 second_order_s=0.000122500 algebra_s=0.000738300 kkt_assembly_s=0.000499000 factor_s=0.002264200 solve_s=0.000917800 update_s=0.000218800 K_nnz=5269 rhs_cols=52 Vxx_nnz=2601
FILTERDDP_TIMING iteration=53 barrier_iteration=8 stage=1 derivative_s=0.001322200 first_order_s=0.001131000 second_order_s=0.000148000 algebra_s=0.000523300 kkt_assembly_s=0.000325800 factor_s=0.004193000 solve_s=0.002033100 update_s=0.000376800 K_nnz=5269 rhs_cols=52 Vxx_nnz=2601
FILTERDDP_FEASIBILITY iteration=53 barrier_iteration=8 equality_count=3372 equality_rms=1.999492386396e-06 equality_max=4.008599523353e-05 equality_worst_stage=5 equality_worst_index=509 dynamics_count=255 dynamics_rms=0.000000000000e+00 dynamics_max=0.000000000000e+00 dynamics_worst_stage=0 dynamics_worst_index=0 bound_count=4902 bound_rms=0.000000000000e+00 bound_max=0.000000000000e+00 bound_worst_stage=0 bound_worst_index=0 bound_worst_kind=none
    53   3.14312701e+03   4.0086e-05   3.1506e-09   2.5235e-11   -6.04      -     2.5000e-01   0
FILTERDDP_ITER_TIMING iteration=53 barrier_iteration=8 backward_s=0.048302500 forward_s=0.006154200 total_s=0.054456700 outcome=accepted step_size=2.500000000e-01 backtracks=0 mu=9.139010210e-07
FILTERDDP_TIMING iteration=54 barrier_iteration=8 stage=6 derivative_s=0.001821800 first_order_s=0.001581400 second_order_s=0.000199600 algebra_s=0.007191900 kkt_assembly_s=0.000570800 factor_s=0.004660300 solve_s=0.001184800 update_s=0.000964700 K_nnz=5269 rhs_cols=52 Vxx_nnz=2601
FILTERDDP_TIMING iteration=54 barrier_iteration=8 stage=5 derivative_s=0.002307000 first_order_s=0.002107700 second_order_s=0.000137300 algebra_s=0.000804000 kkt_assembly_s=0.000532000 factor_s=0.004253900 solve_s=0.001626400 update_s=0.000329900 K_nnz=5269 rhs_cols=52 Vxx_nnz=2601
FILTERDDP_TIMING iteration=54 barrier_iteration=8 stage=4 derivative_s=0.001992800 first_order_s=0.001861400 second_order_s=0.000097100 algebra_s=0.000443900 kkt_assembly_s=0.000378200 factor_s=0.003413800 solve_s=0.001627900 update_s=0.000328700 K_nnz=5269 rhs_cols=52 Vxx_nnz=2601
FILTERDDP_TIMING iteration=54 barrier_iteration=8 stage=3 derivative_s=0.001995900 first_order_s=0.001809900 second_order_s=0.000138400 algebra_s=0.000822100 kkt_assembly_s=0.000609200 factor_s=0.006215800 solve_s=0.002644500 update_s=0.000454100 K_nnz=5269 rhs_cols=52 Vxx_nnz=2601
FILTERDDP_TIMING iteration=54 barrier_iteration=8 stage=2 derivative_s=0.000876300 first_order_s=0.000755500 second_order_s=0.000086400 algebra_s=0.000522100 kkt_assembly_s=0.000264800 factor_s=0.003151400 solve_s=0.001625500 update_s=0.000288000 K_nnz=5269 rhs_cols=52 Vxx_nnz=2601
FILTERDDP_TIMING iteration=54 barrier_iteration=8 stage=1 derivative_s=0.001507800 first_order_s=0.001370000 second_order_s=0.000088900 algebra_s=0.000597000 kkt_assembly_s=0.000368000 factor_s=0.008303800 solve_s=0.001582600 update_s=0.000386600 K_nnz=5269 rhs_cols=52 Vxx_nnz=2601
FILTERDDP_FEASIBILITY iteration=54 barrier_iteration=8 equality_count=3372 equality_rms=1.569884341612e-06 equality_max=3.166056087286e-05 equality_worst_stage=5 equality_worst_index=509 dynamics_count=255 dynamics_rms=0.000000000000e+00 dynamics_max=0.000000000000e+00 dynamics_worst_stage=0 dynamics_worst_index=0 bound_count=4902 bound_rms=0.000000000000e+00 bound_max=0.000000000000e+00 bound_worst_stage=0 bound_worst_index=0 bound_worst_kind=none
    54   3.14312452e+03   3.1661e-05   2.9435e-09   1.9202e-11   -6.04      -     2.5000e-01   0
FILTERDDP_ITER_TIMING iteration=54 barrier_iteration=8 backward_s=0.068589900 forward_s=0.011341700 total_s=0.079931600 outcome=accepted step_size=2.500000000e-01 backtracks=0 mu=9.139010210e-07
FILTERDDP_TIMING iteration=55 barrier_iteration=8 stage=6 derivative_s=0.001323100 first_order_s=0.001182100 second_order_s=0.000108000 algebra_s=0.002835900 kkt_assembly_s=0.000600800 factor_s=0.005732800 solve_s=0.002072300 update_s=0.001249000 K_nnz=5269 rhs_cols=52 Vxx_nnz=2601
FILTERDDP_TIMING iteration=55 barrier_iteration=8 stage=5 derivative_s=0.002197500 first_order_s=0.002007200 second_order_s=0.000142000 algebra_s=0.000770000 kkt_assembly_s=0.000569100 factor_s=0.006269800 solve_s=0.002006900 update_s=0.000391600 K_nnz=5269 rhs_cols=52 Vxx_nnz=2601
FILTERDDP_TIMING iteration=55 barrier_iteration=8 stage=4 derivative_s=0.001579400 first_order_s=0.001419700 second_order_s=0.000109400 algebra_s=0.000601800 kkt_assembly_s=0.000370200 factor_s=0.004388200 solve_s=0.002277100 update_s=0.000483500 K_nnz=5269 rhs_cols=52 Vxx_nnz=2601
FILTERDDP_TIMING iteration=55 barrier_iteration=8 stage=3 derivative_s=0.001193700 first_order_s=0.001057100 second_order_s=0.000082900 algebra_s=0.000600200 kkt_assembly_s=0.000314400 factor_s=0.003591400 solve_s=0.001749000 update_s=0.000387500 K_nnz=5269 rhs_cols=52 Vxx_nnz=2601
FILTERDDP_TIMING iteration=55 barrier_iteration=8 stage=2 derivative_s=0.001743600 first_order_s=0.001574800 second_order_s=0.000101500 algebra_s=0.000641900 kkt_assembly_s=0.000421400 factor_s=0.010517400 solve_s=0.001755300 update_s=0.000391800 K_nnz=5269 rhs_cols=52 Vxx_nnz=2601
FILTERDDP_TIMING iteration=55 barrier_iteration=8 stage=1 derivative_s=0.000854700 first_order_s=0.000722400 second_order_s=0.000091600 algebra_s=0.000458500 kkt_assembly_s=0.000230100 factor_s=0.002611800 solve_s=0.001091000 update_s=0.000281000 K_nnz=5269 rhs_cols=52 Vxx_nnz=2601
FILTERDDP_FEASIBILITY iteration=55 barrier_iteration=8 equality_count=3372 equality_rms=1.218264496726e-06 equality_max=2.469820127543e-05 equality_worst_stage=5 equality_worst_index=509 dynamics_count=255 dynamics_rms=0.000000000000e+00 dynamics_max=0.000000000000e+00 dynamics_worst_stage=0 dynamics_worst_index=0 bound_count=4902 bound_rms=0.000000000000e+00 bound_max=0.000000000000e+00 bound_worst_stage=0 bound_worst_index=0 bound_worst_kind=none
    55   3.14312266e+03   2.4698e-05   2.6454e-09   1.8141e-11   -6.04      -     2.5000e-01   0
FILTERDDP_ITER_TIMING iteration=55 barrier_iteration=8 backward_s=0.066645900 forward_s=0.009125800 total_s=0.075771700 outcome=accepted step_size=2.500000000e-01 backtracks=0 mu=9.139010210e-07
FILTERDDP_TIMING iteration=56 barrier_iteration=8 stage=6 derivative_s=0.001969200 first_order_s=0.001739900 second_order_s=0.000179700 algebra_s=0.002663000 kkt_assembly_s=0.000604500 factor_s=0.005607600 solve_s=0.001095600 update_s=0.000762900 K_nnz=5269 rhs_cols=52 Vxx_nnz=2601
FILTERDDP_TIMING iteration=56 barrier_iteration=8 stage=5 derivative_s=0.002076800 first_order_s=0.001887200 second_order_s=0.000134100 algebra_s=0.000766200 kkt_assembly_s=0.000507300 factor_s=0.004097900 solve_s=0.001243800 update_s=0.000311600 K_nnz=5269 rhs_cols=52 Vxx_nnz=2601
FILTERDDP_TIMING iteration=56 barrier_iteration=8 stage=4 derivative_s=0.001190500 first_order_s=0.001070700 second_order_s=0.000086000 algebra_s=0.000450700 kkt_assembly_s=0.000303800 factor_s=0.003226500 solve_s=0.001572800 update_s=0.000344900 K_nnz=5269 rhs_cols=52 Vxx_nnz=2601
FILTERDDP_TIMING iteration=56 barrier_iteration=8 stage=3 derivative_s=0.001023400 first_order_s=0.000913900 second_order_s=0.000079800 algebra_s=0.000386800 kkt_assembly_s=0.000238800 factor_s=0.006399300 solve_s=0.001716200 update_s=0.000370300 K_nnz=5269 rhs_cols=52 Vxx_nnz=2601
FILTERDDP_TIMING iteration=56 barrier_iteration=8 stage=2 derivative_s=0.000747500 first_order_s=0.000632700 second_order_s=0.000080700 algebra_s=0.000413800 kkt_assembly_s=0.000204300 factor_s=0.002368900 solve_s=0.001105600 update_s=0.000249300 K_nnz=5269 rhs_cols=52 Vxx_nnz=2601
FILTERDDP_TIMING iteration=56 barrier_iteration=8 stage=1 derivative_s=0.001363300 first_order_s=0.001230000 second_order_s=0.000098000 algebra_s=0.000601700 kkt_assembly_s=0.000336500 factor_s=0.004232000 solve_s=0.001995600 update_s=0.000473800 K_nnz=5269 rhs_cols=52 Vxx_nnz=2601
FILTERDDP_FEASIBILITY iteration=56 barrier_iteration=8 equality_count=3372 equality_rms=9.372407174926e-07 equality_max=1.908841246354e-05 equality_worst_stage=5 equality_worst_index=509 dynamics_count=255 dynamics_rms=0.000000000000e+00 dynamics_max=0.000000000000e+00 dynamics_worst_stage=0 dynamics_worst_index=0 bound_count=4902 bound_rms=0.000000000000e+00 bound_max=0.000000000000e+00 bound_worst_stage=0 bound_worst_index=0 bound_worst_kind=none
    56   3.14312127e+03   1.9088e-05   2.3126e-09   1.8141e-11   -6.04      -     2.5000e-01   0
FILTERDDP_ITER_TIMING iteration=56 barrier_iteration=8 backward_s=0.054858700 forward_s=0.009331200 total_s=0.064189900 outcome=accepted step_size=2.500000000e-01 backtracks=0 mu=9.139010210e-07
FILTERDDP_TIMING iteration=57 barrier_iteration=8 stage=6 derivative_s=0.001841800 first_order_s=0.001630100 second_order_s=0.000166800 algebra_s=0.002861000 kkt_assembly_s=0.000587800 factor_s=0.005007900 solve_s=0.001223200 update_s=0.000969900 K_nnz=5269 rhs_cols=52 Vxx_nnz=2601
FILTERDDP_TIMING iteration=57 barrier_iteration=8 stage=5 derivative_s=0.002010000 first_order_s=0.001831100 second_order_s=0.000131500 algebra_s=0.000776100 kkt_assembly_s=0.000499900 factor_s=0.004773400 solve_s=0.001483500 update_s=0.000319200 K_nnz=5269 rhs_cols=52 Vxx_nnz=2601
FILTERDDP_TIMING iteration=57 barrier_iteration=8 stage=4 derivative_s=0.002028900 first_order_s=0.001853500 second_order_s=0.000128700 algebra_s=0.000776300 kkt_assembly_s=0.000494400 factor_s=0.011045400 solve_s=0.002607900 update_s=0.000471800 K_nnz=5269 rhs_cols=52 Vxx_nnz=2601
FILTERDDP_TIMING iteration=57 barrier_iteration=8 stage=3 derivative_s=0.001283800 first_order_s=0.001134000 second_order_s=0.000105200 algebra_s=0.000622100 kkt_assembly_s=0.000320100 factor_s=0.004450300 solve_s=0.002392200 update_s=0.000447600 K_nnz=5269 rhs_cols=52 Vxx_nnz=2601
FILTERDDP_TIMING iteration=57 barrier_iteration=8 stage=2 derivative_s=0.001582100 first_order_s=0.001417300 second_order_s=0.000112300 algebra_s=0.000694100 kkt_assembly_s=0.000393700 factor_s=0.004605400 solve_s=0.001920200 update_s=0.000385000 K_nnz=5269 rhs_cols=52 Vxx_nnz=2601
FILTERDDP_TIMING iteration=57 barrier_iteration=8 stage=1 derivative_s=0.001897000 first_order_s=0.001732800 second_order_s=0.000120300 algebra_s=0.000798300 kkt_assembly_s=0.000464900 factor_s=0.005773600 solve_s=0.002760400 update_s=0.000505100 K_nnz=5269 rhs_cols=52 Vxx_nnz=2601
FILTERDDP_FEASIBILITY iteration=57 barrier_iteration=8 equality_count=3372 equality_rms=7.163993354533e-07 equality_max=1.464860570413e-05 equality_worst_stage=5 equality_worst_index=509 dynamics_count=255 dynamics_rms=0.000000000000e+00 dynamics_max=0.000000000000e+00 dynamics_worst_stage=0 dynamics_worst_index=0 bound_count=4902 bound_rms=0.000000000000e+00 bound_max=0.000000000000e+00 bound_worst_stage=0 bound_worst_index=0 bound_worst_kind=none
    57   3.14312024e+03   1.4649e-05   1.9797e-09   1.8141e-11   -6.04      -     2.5000e-01   0
FILTERDDP_ITER_TIMING iteration=57 barrier_iteration=8 backward_s=0.073346500 forward_s=0.010463200 total_s=0.083809700 outcome=accepted step_size=2.500000000e-01 backtracks=0 mu=9.139010210e-07
FILTERDDP_TIMING iteration=58 barrier_iteration=8 stage=6 derivative_s=0.001085200 first_order_s=0.000930300 second_order_s=0.000108300 algebra_s=0.001827600 kkt_assembly_s=0.000318900 factor_s=0.005473300 solve_s=0.001430100 update_s=0.001088300 K_nnz=5269 rhs_cols=52 Vxx_nnz=2601
FILTERDDP_TIMING iteration=58 barrier_iteration=8 stage=5 derivative_s=0.002358000 first_order_s=0.002159500 second_order_s=0.000147000 algebra_s=0.000782400 kkt_assembly_s=0.000542900 factor_s=0.008260500 solve_s=0.001146200 update_s=0.000314300 K_nnz=5269 rhs_cols=52 Vxx_nnz=2601
FILTERDDP_TIMING iteration=58 barrier_iteration=8 stage=4 derivative_s=0.001808600 first_order_s=0.001613900 second_order_s=0.000134600 algebra_s=0.000669100 kkt_assembly_s=0.000448500 factor_s=0.004993000 solve_s=0.002892000 update_s=0.000645500 K_nnz=5269 rhs_cols=52 Vxx_nnz=2601
FILTERDDP_TIMING iteration=58 barrier_iteration=8 stage=3 derivative_s=0.000704100 first_order_s=0.000613100 second_order_s=0.000064400 algebra_s=0.000338500 kkt_assembly_s=0.000237700 factor_s=0.002321700 solve_s=0.001177800 update_s=0.000320600 K_nnz=5269 rhs_cols=52 Vxx_nnz=2601
FILTERDDP_TIMING iteration=58 barrier_iteration=8 stage=2 derivative_s=0.000611900 first_order_s=0.000519800 second_order_s=0.000056200 algebra_s=0.000402100 kkt_assembly_s=0.000292000 factor_s=0.002096600 solve_s=0.000992900 update_s=0.000274200 K_nnz=5269 rhs_cols=52 Vxx_nnz=2601
FILTERDDP_TIMING iteration=58 barrier_iteration=8 stage=1 derivative_s=0.001066100 first_order_s=0.000948700 second_order_s=0.000081700 algebra_s=0.000523500 kkt_assembly_s=0.000283500 factor_s=0.002933000 solve_s=0.001152600 update_s=0.000279100 K_nnz=5269 rhs_cols=52 Vxx_nnz=2601
FILTERDDP_FEASIBILITY iteration=58 barrier_iteration=8 equality_count=3372 equality_rms=5.449646110163e-07 equality_max=1.118052288930e-05 equality_worst_stage=5 equality_worst_index=509 dynamics_count=255 dynamics_rms=0.000000000000e+00 dynamics_max=0.000000000000e+00 dynamics_worst_stage=0 dynamics_worst_index=0 bound_count=4902 bound_rms=0.000000000000e+00 bound_max=0.000000000000e+00 bound_worst_stage=0 bound_worst_index=0 bound_worst_kind=none
    58   3.14311946e+03   1.1181e-05   1.6667e-09   1.8141e-11   -6.04      -     2.5000e-01   0
FILTERDDP_ITER_TIMING iteration=58 barrier_iteration=8 backward_s=0.053979400 forward_s=0.009029300 total_s=0.063008700 outcome=accepted step_size=2.500000000e-01 backtracks=0 mu=9.139010210e-07
FILTERDDP_TIMING iteration=59 barrier_iteration=8 stage=6 derivative_s=0.002099600 first_order_s=0.001892900 second_order_s=0.000160700 algebra_s=0.002875400 kkt_assembly_s=0.000613800 factor_s=0.008189500 solve_s=0.001020500 update_s=0.000781800 K_nnz=5269 rhs_cols=52 Vxx_nnz=2601
FILTERDDP_TIMING iteration=59 barrier_iteration=8 stage=5 derivative_s=0.002000900 first_order_s=0.001820900 second_order_s=0.000131000 algebra_s=0.000788400 kkt_assembly_s=0.000529500 factor_s=0.003873000 solve_s=0.001043100 update_s=0.000263500 K_nnz=5269 rhs_cols=52 Vxx_nnz=2601
FILTERDDP_TIMING iteration=59 barrier_iteration=8 stage=4 derivative_s=0.001173900 first_order_s=0.001045500 second_order_s=0.000072600 algebra_s=0.000425500 kkt_assembly_s=0.000301900 factor_s=0.003980800 solve_s=0.002255500 update_s=0.000429700 K_nnz=5269 rhs_cols=52 Vxx_nnz=2601
FILTERDDP_TIMING iteration=59 barrier_iteration=8 stage=3 derivative_s=0.002297000 first_order_s=0.002102400 second_order_s=0.000141900 algebra_s=0.000804500 kkt_assembly_s=0.000505500 factor_s=0.002405200 solve_s=0.001224900 update_s=0.000304200 K_nnz=5269 rhs_cols=52 Vxx_nnz=2601
FILTERDDP_TIMING iteration=59 barrier_iteration=8 stage=2 derivative_s=0.001641400 first_order_s=0.001490300 second_order_s=0.000096500 algebra_s=0.000626600 kkt_assembly_s=0.000398600 factor_s=0.004960800 solve_s=0.002186900 update_s=0.000414800 K_nnz=5269 rhs_cols=52 Vxx_nnz=2601
FILTERDDP_TIMING iteration=59 barrier_iteration=8 stage=1 derivative_s=0.001062700 first_order_s=0.000933300 second_order_s=0.000092600 algebra_s=0.000436000 kkt_assembly_s=0.000279100 factor_s=0.003104300 solve_s=0.001474700 update_s=0.000350300 K_nnz=5269 rhs_cols=52 Vxx_nnz=2601
FILTERDDP_FEASIBILITY iteration=59 barrier_iteration=8 equality_count=3372 equality_rms=4.130706508273e-07 equality_max=8.497923111653e-06 equality_worst_stage=5 equality_worst_index=509 dynamics_count=255 dynamics_rms=0.000000000000e+00 dynamics_max=0.000000000000e+00 dynamics_worst_stage=0 dynamics_worst_index=0 bound_count=4902 bound_rms=0.000000000000e+00 bound_max=0.000000000000e+00 bound_worst_stage=0 bound_worst_index=0 bound_worst_kind=none
FILTERDDP_ITER_TIMING iteration=59 barrier_iteration=8 backward_s=0.059066100 forward_s=0.000000000 total_s=0.059066100 outcome=barrier_update step_size=2.500000000e-01 backtracks=0 mu=9.139010210e-07
FILTERDDP_TIMING iteration=59 barrier_iteration=9 stage=6 derivative_s=0.002386900 first_order_s=0.002123600 second_order_s=0.000203000 algebra_s=0.003470000 kkt_assembly_s=0.005316500 factor_s=0.003713300 solve_s=0.001940100 update_s=0.001061400 K_nnz=5269 rhs_cols=52 Vxx_nnz=2601
FILTERDDP_TIMING iteration=59 barrier_iteration=9 stage=5 derivative_s=0.002141500 first_order_s=0.001950300 second_order_s=0.000141400 algebra_s=0.000754800 kkt_assembly_s=0.000507400 factor_s=0.004543400 solve_s=0.001526800 update_s=0.000371000 K_nnz=5269 rhs_cols=52 Vxx_nnz=2601
FILTERDDP_TIMING iteration=59 barrier_iteration=9 stage=4 derivative_s=0.001959900 first_order_s=0.001785700 second_order_s=0.000126500 algebra_s=0.000751600 kkt_assembly_s=0.000559500 factor_s=0.006268200 solve_s=0.002965200 update_s=0.000523300 K_nnz=5269 rhs_cols=52 Vxx_nnz=2601
FILTERDDP_TIMING iteration=59 barrier_iteration=9 stage=3 derivative_s=0.002149100 first_order_s=0.001966000 second_order_s=0.000134400 algebra_s=0.000895200 kkt_assembly_s=0.000472500 factor_s=0.005610400 solve_s=0.002128700 update_s=0.000427100 K_nnz=5269 rhs_cols=52 Vxx_nnz=2601
FILTERDDP_TIMING iteration=59 barrier_iteration=9 stage=2 derivative_s=0.001553500 first_order_s=0.001408500 second_order_s=0.000092900 algebra_s=0.000606300 kkt_assembly_s=0.000378200 factor_s=0.004867700 solve_s=0.002622300 update_s=0.000476800 K_nnz=5269 rhs_cols=52 Vxx_nnz=2601
FILTERDDP_TIMING iteration=59 barrier_iteration=9 stage=1 derivative_s=0.001291500 first_order_s=0.001135500 second_order_s=0.000111300 algebra_s=0.000532800 kkt_assembly_s=0.000305900 factor_s=0.003612100 solve_s=0.001365100 update_s=0.003470700 K_nnz=5269 rhs_cols=52 Vxx_nnz=2601
FILTERDDP_FEASIBILITY iteration=59 barrier_iteration=9 equality_count=3372 equality_rms=4.130706508273e-07 equality_max=8.497923111653e-06 equality_worst_stage=5 equality_worst_index=509 dynamics_count=255 dynamics_rms=0.000000000000e+00 dynamics_max=0.000000000000e+00 dynamics_worst_stage=0 dynamics_worst_index=0 bound_count=4902 bound_rms=0.000000000000e+00 bound_max=0.000000000000e+00 bound_worst_stage=0 bound_worst_index=0 bound_worst_kind=none
    59   3.14311888e+03   8.4979e-06   1.3841e-09   1.8141e-11   -7.25      -     2.5000e-01   0
FILTERDDP_ITER_TIMING iteration=59 barrier_iteration=9 backward_s=0.075823300 forward_s=0.013862400 total_s=0.089685700 outcome=accepted step_size=2.500000000e-01 backtracks=0 mu=5.663422933e-08
FILTERDDP_TIMING iteration=60 barrier_iteration=9 stage=6 derivative_s=0.001936100 first_order_s=0.001709300 second_order_s=0.000178900 algebra_s=0.003255400 kkt_assembly_s=0.000560800 factor_s=0.006395600 solve_s=0.002948600 update_s=0.001266200 K_nnz=5269 rhs_cols=52 Vxx_nnz=2601
FILTERDDP_TIMING iteration=60 barrier_iteration=9 stage=5 derivative_s=0.002247700 first_order_s=0.002005500 second_order_s=0.000173000 algebra_s=0.001048700 kkt_assembly_s=0.000695700 factor_s=0.008988500 solve_s=0.004091900 update_s=0.000943400 K_nnz=5269 rhs_cols=52 Vxx_nnz=2601
FILTERDDP_TIMING iteration=60 barrier_iteration=9 stage=4 derivative_s=0.002295100 first_order_s=0.002110800 second_order_s=0.000127300 algebra_s=0.000827900 kkt_assembly_s=0.000615700 factor_s=0.006133200 solve_s=0.002972700 update_s=0.000624200 K_nnz=5269 rhs_cols=52 Vxx_nnz=2601
FILTERDDP_TIMING iteration=60 barrier_iteration=9 stage=3 derivative_s=0.002129200 first_order_s=0.001930200 second_order_s=0.000142200 algebra_s=0.000892100 kkt_assembly_s=0.000537400 factor_s=0.005095100 solve_s=0.002469800 update_s=0.000517100 K_nnz=5269 rhs_cols=52 Vxx_nnz=2601
FILTERDDP_TIMING iteration=60 barrier_iteration=9 stage=2 derivative_s=0.002157900 first_order_s=0.001960400 second_order_s=0.000143000 algebra_s=0.000778000 kkt_assembly_s=0.000517500 factor_s=0.007603600 solve_s=0.081063100 update_s=0.000256400 K_nnz=5269 rhs_cols=52 Vxx_nnz=2601
FILTERDDP_TIMING iteration=60 barrier_iteration=9 stage=1 derivative_s=0.002485000 first_order_s=0.002259900 second_order_s=0.000161300 algebra_s=0.001023500 kkt_assembly_s=0.000759500 factor_s=0.007251100 solve_s=0.000894000 update_s=0.000238200 K_nnz=5269 rhs_cols=52 Vxx_nnz=2601
FILTERDDP_FEASIBILITY iteration=60 barrier_iteration=9 equality_count=3372 equality_rms=3.161342561421e-07 equality_max=6.537318118380e-06 equality_worst_stage=5 equality_worst_index=509 dynamics_count=255 dynamics_rms=0.000000000000e+00 dynamics_max=0.000000000000e+00 dynamics_worst_stage=0 dynamics_worst_index=0 bound_count=4902 bound_rms=0.000000000000e+00 bound_max=0.000000000000e+00 bound_worst_stage=0 bound_worst_index=0 bound_worst_kind=none
  iter     objective        pr_inf       du_inf       cs_inf     lg(╬╝)   lg(reg)    alpha     ls
    60   3.14311817e+03   6.5373e-06   1.2379e-09   1.8141e-11   -7.25      -     2.5000e-01   0
FILTERDDP_ITER_TIMING iteration=60 barrier_iteration=9 backward_s=0.167140300 forward_s=0.016280900 total_s=0.183421200 outcome=accepted step_size=2.500000000e-01 backtracks=0 mu=5.663422933e-08
FILTERDDP_TIMING iteration=61 barrier_iteration=9 stage=6 derivative_s=0.002022600 first_order_s=0.001834500 second_order_s=0.000147400 algebra_s=0.002297600 kkt_assembly_s=0.000433700 factor_s=0.004674300 solve_s=0.002878800 update_s=0.001173900 K_nnz=5269 rhs_cols=52 Vxx_nnz=2601
FILTERDDP_TIMING iteration=61 barrier_iteration=9 stage=5 derivative_s=0.002087700 first_order_s=0.001909200 second_order_s=0.000128300 algebra_s=0.000744400 kkt_assembly_s=0.000498200 factor_s=0.006285800 solve_s=0.003082600 update_s=0.000534200 K_nnz=5269 rhs_cols=52 Vxx_nnz=2601
FILTERDDP_TIMING iteration=61 barrier_iteration=9 stage=4 derivative_s=0.001221000 first_order_s=0.001075900 second_order_s=0.000103400 algebra_s=0.000641200 kkt_assembly_s=0.000372700 factor_s=0.004680700 solve_s=0.002247400 update_s=0.000426200 K_nnz=5269 rhs_cols=52 Vxx_nnz=2601
FILTERDDP_TIMING iteration=61 barrier_iteration=9 stage=3 derivative_s=0.001896100 first_order_s=0.001720700 second_order_s=0.000127900 algebra_s=0.000759000 kkt_assembly_s=0.000498900 factor_s=0.006124300 solve_s=0.435868900 update_s=0.000273900 K_nnz=5269 rhs_cols=52 Vxx_nnz=2601
FILTERDDP_TIMING iteration=61 barrier_iteration=9 stage=2 derivative_s=0.002079000 first_order_s=0.001892000 second_order_s=0.000134000 algebra_s=0.000759500 kkt_assembly_s=0.000501800 factor_s=0.005981400 solve_s=0.003031400 update_s=0.000511500 K_nnz=5269 rhs_cols=52 Vxx_nnz=2601
FILTERDDP_TIMING iteration=61 barrier_iteration=9 stage=1 derivative_s=0.000499400 first_order_s=0.000420200 second_order_s=0.000047700 algebra_s=0.000276200 kkt_assembly_s=0.000255200 factor_s=0.002044300 solve_s=0.000920800 update_s=0.000204500 K_nnz=5269 rhs_cols=52 Vxx_nnz=2601
FILTERDDP_FEASIBILITY iteration=61 barrier_iteration=9 equality_count=3372 equality_rms=2.406852271037e-07 equality_max=4.997761320930e-06 equality_worst_stage=5 equality_worst_index=509 dynamics_count=255 dynamics_rms=0.000000000000e+00 dynamics_max=0.000000000000e+00 dynamics_worst_stage=0 dynamics_worst_index=0 bound_count=4902 bound_rms=0.000000000000e+00 bound_max=0.000000000000e+00 bound_worst_stage=0 bound_worst_index=0 bound_worst_kind=none
    61   3.14311764e+03   4.9978e-06   1.0824e-09   1.8141e-11   -7.25      -     2.5000e-01   0
FILTERDDP_ITER_TIMING iteration=61 barrier_iteration=9 backward_s=0.500689300 forward_s=0.007233000 total_s=0.507922300 outcome=accepted step_size=2.500000000e-01 backtracks=0 mu=5.663422933e-08
FILTERDDP_TIMING iteration=62 barrier_iteration=9 stage=6 derivative_s=0.001787700 first_order_s=0.001578400 second_order_s=0.000168800 algebra_s=0.002885400 kkt_assembly_s=0.000570600 factor_s=0.004613300 solve_s=0.000879700 update_s=0.000858000 K_nnz=5269 rhs_cols=52 Vxx_nnz=2601
FILTERDDP_TIMING iteration=62 barrier_iteration=9 stage=5 derivative_s=0.002014300 first_order_s=0.001851000 second_order_s=0.000119300 algebra_s=0.000731800 kkt_assembly_s=0.000564400 factor_s=0.003646600 solve_s=0.000884600 update_s=0.000206500 K_nnz=5269 rhs_cols=52 Vxx_nnz=2601
FILTERDDP_TIMING iteration=62 barrier_iteration=9 stage=4 derivative_s=0.001938800 first_order_s=0.001766600 second_order_s=0.000130300 algebra_s=0.000745600 kkt_assembly_s=0.000572800 factor_s=0.003756900 solve_s=0.000902600 update_s=0.000204900 K_nnz=5269 rhs_cols=52 Vxx_nnz=2601
FILTERDDP_TIMING iteration=62 barrier_iteration=9 stage=3 derivative_s=0.001903000 first_order_s=0.001733200 second_order_s=0.000127500 algebra_s=0.000733000 kkt_assembly_s=0.000481800 factor_s=0.006291500 solve_s=0.003050200 update_s=0.000501600 K_nnz=5269 rhs_cols=52 Vxx_nnz=2601
FILTERDDP_TIMING iteration=62 barrier_iteration=9 stage=2 derivative_s=0.000467900 first_order_s=0.000413400 second_order_s=0.000040400 algebra_s=0.000276200 kkt_assembly_s=0.000245600 factor_s=0.001850100 solve_s=0.000869700 update_s=0.000191000 K_nnz=5269 rhs_cols=52 Vxx_nnz=2601
FILTERDDP_TIMING iteration=62 barrier_iteration=9 stage=1 derivative_s=0.001792800 first_order_s=0.001594200 second_order_s=0.000144300 algebra_s=0.000671000 kkt_assembly_s=0.000487900 factor_s=0.005692400 solve_s=0.002655400 update_s=0.000352400 K_nnz=5269 rhs_cols=52 Vxx_nnz=2601
FILTERDDP_FEASIBILITY iteration=62 barrier_iteration=9 equality_count=3372 equality_rms=1.825393939991e-07 equality_max=3.802657199247e-06 equality_worst_stage=5 equality_worst_index=509 dynamics_count=255 dynamics_rms=0.000000000000e+00 dynamics_max=0.000000000000e+00 dynamics_worst_stage=0 dynamics_worst_index=0 bound_count=4902 bound_rms=0.000000000000e+00 bound_max=0.000000000000e+00 bound_worst_stage=0 bound_worst_index=0 bound_worst_kind=none
    62   3.14311724e+03   3.8027e-06   9.2989e-10   1.8141e-11   -7.25      -     2.5000e-01   0
FILTERDDP_ITER_TIMING iteration=62 barrier_iteration=9 backward_s=0.057899000 forward_s=0.008254500 total_s=0.066153500 outcome=accepted step_size=2.500000000e-01 backtracks=0 mu=5.663422933e-08
FILTERDDP_TIMING iteration=63 barrier_iteration=9 stage=6 derivative_s=0.001811000 first_order_s=0.001588700 second_order_s=0.000181100 algebra_s=0.002900500 kkt_assembly_s=0.000597600 factor_s=0.005016300 solve_s=0.001656300 update_s=0.000971500 K_nnz=5269 rhs_cols=52 Vxx_nnz=2601
FILTERDDP_TIMING iteration=63 barrier_iteration=9 stage=5 derivative_s=0.002014500 first_order_s=0.001851000 second_order_s=0.000121400 algebra_s=0.000734300 kkt_assembly_s=0.000701600 factor_s=0.007748600 solve_s=0.002371400 update_s=0.000436500 K_nnz=5269 rhs_cols=52 Vxx_nnz=2601
FILTERDDP_TIMING iteration=63 barrier_iteration=9 stage=4 derivative_s=0.001352800 first_order_s=0.001234200 second_order_s=0.000076200 algebra_s=0.000594100 kkt_assembly_s=0.000325000 factor_s=0.005307900 solve_s=0.002681300 update_s=0.000473200 K_nnz=5269 rhs_cols=52 Vxx_nnz=2601
FILTERDDP_TIMING iteration=63 barrier_iteration=9 stage=3 derivative_s=0.001753600 first_order_s=0.001578800 second_order_s=0.000112600 algebra_s=0.000718600 kkt_assembly_s=0.000503900 factor_s=0.005930000 solve_s=0.002999800 update_s=0.000478200 K_nnz=5269 rhs_cols=52 Vxx_nnz=2601
FILTERDDP_TIMING iteration=63 barrier_iteration=9 stage=2 derivative_s=0.002002900 first_order_s=0.001837300 second_order_s=0.000123100 algebra_s=0.000738600 kkt_assembly_s=0.000484600 factor_s=0.006111300 solve_s=0.002421800 update_s=0.000418800 K_nnz=5269 rhs_cols=52 Vxx_nnz=2601
FILTERDDP_TIMING iteration=63 barrier_iteration=9 stage=1 derivative_s=0.001566700 first_order_s=0.001439800 second_order_s=0.000090800 algebra_s=0.000677700 kkt_assembly_s=0.000398500 factor_s=0.004851400 solve_s=0.001977500 update_s=0.000379200 K_nnz=5269 rhs_cols=52 Vxx_nnz=2601
FILTERDDP_FEASIBILITY iteration=63 barrier_iteration=9 equality_count=3372 equality_rms=1.380475554192e-07 equality_max=2.882858073431e-06 equality_worst_stage=5 equality_worst_index=509 dynamics_count=255 dynamics_rms=0.000000000000e+00 dynamics_max=0.000000000000e+00 dynamics_worst_stage=0 dynamics_worst_index=0 bound_count=4902 bound_rms=0.000000000000e+00 bound_max=0.000000000000e+00 bound_worst_stage=0 bound_worst_index=0 bound_worst_kind=none
    63   3.14311695e+03   2.8829e-06   7.8740e-10   1.8141e-11   -7.25      -     2.5000e-01   0
FILTERDDP_ITER_TIMING iteration=63 barrier_iteration=9 backward_s=0.074280400 forward_s=0.010685900 total_s=0.084966300 outcome=accepted step_size=2.500000000e-01 backtracks=0 mu=5.663422933e-08
FILTERDDP_TIMING iteration=64 barrier_iteration=9 stage=6 derivative_s=0.001092500 first_order_s=0.000963800 second_order_s=0.000101300 algebra_s=0.002656800 kkt_assembly_s=0.000543700 factor_s=0.004985600 solve_s=0.001378200 update_s=0.000987800 K_nnz=5269 rhs_cols=52 Vxx_nnz=2601
FILTERDDP_TIMING iteration=64 barrier_iteration=9 stage=5 derivative_s=0.002165600 first_order_s=0.001923300 second_order_s=0.000176400 algebra_s=0.000789400 kkt_assembly_s=0.000497400 factor_s=0.004051700 solve_s=0.001292600 update_s=0.000303000 K_nnz=5269 rhs_cols=52 Vxx_nnz=2601
FILTERDDP_TIMING iteration=64 barrier_iteration=9 stage=4 derivative_s=0.001959600 first_order_s=0.001791300 second_order_s=0.000123100 algebra_s=0.000860100 kkt_assembly_s=0.000491000 factor_s=0.006045500 solve_s=0.003059800 update_s=0.000519900 K_nnz=5269 rhs_cols=52 Vxx_nnz=2601
FILTERDDP_TIMING iteration=64 barrier_iteration=9 stage=3 derivative_s=0.000685900 first_order_s=0.000585100 second_order_s=0.000062100 algebra_s=0.000509100 kkt_assembly_s=0.000231100 factor_s=0.002927300 solve_s=0.001354900 update_s=0.000294700 K_nnz=5269 rhs_cols=52 Vxx_nnz=2601
FILTERDDP_TIMING iteration=64 barrier_iteration=9 stage=2 derivative_s=0.001664000 first_order_s=0.001528200 second_order_s=0.000094800 algebra_s=0.000729600 kkt_assembly_s=0.000481000 factor_s=0.004968900 solve_s=0.002114700 update_s=0.000406300 K_nnz=5269 rhs_cols=52 Vxx_nnz=2601
FILTERDDP_TIMING iteration=64 barrier_iteration=9 stage=1 derivative_s=0.000939900 first_order_s=0.000821200 second_order_s=0.000084700 algebra_s=0.000419000 kkt_assembly_s=0.000253900 factor_s=0.002901300 solve_s=0.001337100 update_s=0.000292700 K_nnz=5269 rhs_cols=52 Vxx_nnz=2601
FILTERDDP_FEASIBILITY iteration=64 barrier_iteration=9 equality_count=3372 equality_rms=1.041800797351e-07 equality_max=2.179492547409e-06 equality_worst_stage=5 equality_worst_index=509 dynamics_count=255 dynamics_rms=0.000000000000e+00 dynamics_max=0.000000000000e+00 dynamics_worst_stage=0 dynamics_worst_index=0 bound_count=4902 bound_rms=0.000000000000e+00 bound_max=0.000000000000e+00 bound_worst_stage=0 bound_worst_index=0 bound_worst_kind=none
    64   3.14311673e+03   2.1795e-06   6.5883e-10   1.8141e-11   -7.25      -     2.5000e-01   0
FILTERDDP_ITER_TIMING iteration=64 barrier_iteration=9 backward_s=0.058034400 forward_s=0.010004000 total_s=0.068038400 outcome=accepted step_size=2.500000000e-01 backtracks=0 mu=5.663422933e-08
FILTERDDP_TIMING iteration=65 barrier_iteration=9 stage=6 derivative_s=0.001868900 first_order_s=0.001592000 second_order_s=0.000231600 algebra_s=0.003159200 kkt_assembly_s=0.000547400 factor_s=0.005769100 solve_s=0.001423900 update_s=0.000995600 K_nnz=5269 rhs_cols=52 Vxx_nnz=2601
FILTERDDP_TIMING iteration=65 barrier_iteration=9 stage=5 derivative_s=0.002087700 first_order_s=0.001912600 second_order_s=0.000128300 algebra_s=0.000881700 kkt_assembly_s=0.000503300 factor_s=0.005222600 solve_s=0.001668000 update_s=0.000353000 K_nnz=5269 rhs_cols=52 Vxx_nnz=2601
FILTERDDP_TIMING iteration=65 barrier_iteration=9 stage=4 derivative_s=0.001514900 first_order_s=0.001353700 second_order_s=0.000123400 algebra_s=0.000612700 kkt_assembly_s=0.000417300 factor_s=0.004701100 solve_s=0.002148400 update_s=0.000492900 K_nnz=5269 rhs_cols=52 Vxx_nnz=2601
FILTERDDP_TIMING iteration=65 barrier_iteration=9 stage=3 derivative_s=0.001494900 first_order_s=0.001317200 second_order_s=0.000132600 algebra_s=0.000778300 kkt_assembly_s=0.000411200 factor_s=0.003693200 solve_s=0.001581400 update_s=0.000346900 K_nnz=5269 rhs_cols=52 Vxx_nnz=2601
FILTERDDP_TIMING iteration=65 barrier_iteration=9 stage=2 derivative_s=0.001214600 first_order_s=0.001086100 second_order_s=0.000097400 algebra_s=0.000433500 kkt_assembly_s=0.000264500 factor_s=0.003256100 solve_s=0.001259100 update_s=0.000239600 K_nnz=5269 rhs_cols=52 Vxx_nnz=2601
FILTERDDP_TIMING iteration=65 barrier_iteration=9 stage=1 derivative_s=0.002101200 first_order_s=0.001913500 second_order_s=0.000140700 algebra_s=0.000834800 kkt_assembly_s=0.000274300 factor_s=0.002472600 solve_s=0.000915500 update_s=0.000267200 K_nnz=5269 rhs_cols=52 Vxx_nnz=2601
FILTERDDP_FEASIBILITY iteration=65 barrier_iteration=9 equality_count=3372 equality_rms=7.849800795333e-08 equality_max=1.644249875620e-06 equality_worst_stage=5 equality_worst_index=509 dynamics_count=255 dynamics_rms=0.000000000000e+00 dynamics_max=0.000000000000e+00 dynamics_worst_stage=0 dynamics_worst_index=0 bound_count=4902 bound_rms=0.000000000000e+00 bound_max=0.000000000000e+00 bound_worst_stage=0 bound_worst_index=0 bound_worst_kind=none
    65   3.14311656e+03   1.6442e-06   5.4576e-10   1.8141e-11   -7.25      -     2.5000e-01   0
FILTERDDP_ITER_TIMING iteration=65 barrier_iteration=9 backward_s=0.058195700 forward_s=0.008791200 total_s=0.066986900 outcome=accepted step_size=2.500000000e-01 backtracks=0 mu=5.663422933e-08
FILTERDDP_TIMING iteration=66 barrier_iteration=9 stage=6 derivative_s=0.002209300 first_order_s=0.001966900 second_order_s=0.000196400 algebra_s=0.003096600 kkt_assembly_s=0.001005400 factor_s=0.004813300 solve_s=0.000910000 update_s=0.000907500 K_nnz=5269 rhs_cols=52 Vxx_nnz=2601
FILTERDDP_TIMING iteration=66 barrier_iteration=9 stage=5 derivative_s=0.002192400 first_order_s=0.002001400 second_order_s=0.000143900 algebra_s=0.000888400 kkt_assembly_s=0.000504600 factor_s=0.006346100 solve_s=0.000984300 update_s=0.000236500 K_nnz=5269 rhs_cols=52 Vxx_nnz=2601
FILTERDDP_TIMING iteration=66 barrier_iteration=9 stage=4 derivative_s=0.001940200 first_order_s=0.001773000 second_order_s=0.000121200 algebra_s=0.000956600 kkt_assembly_s=0.000509000 factor_s=0.007262100 solve_s=0.003039700 update_s=0.000552500 K_nnz=5269 rhs_cols=52 Vxx_nnz=2601
FILTERDDP_TIMING iteration=66 barrier_iteration=9 stage=3 derivative_s=0.000685100 first_order_s=0.000573200 second_order_s=0.000070800 algebra_s=0.000542600 kkt_assembly_s=0.000217200 factor_s=0.003465100 solve_s=0.001561400 update_s=0.000342700 K_nnz=5269 rhs_cols=52 Vxx_nnz=2601
FILTERDDP_TIMING iteration=66 barrier_iteration=9 stage=2 derivative_s=0.001974200 first_order_s=0.001804400 second_order_s=0.000124300 algebra_s=0.001099300 kkt_assembly_s=0.000512600 factor_s=0.007002600 solve_s=0.002832300 update_s=0.000597300 K_nnz=5269 rhs_cols=52 Vxx_nnz=2601
FILTERDDP_TIMING iteration=66 barrier_iteration=9 stage=1 derivative_s=0.001300100 first_order_s=0.001091800 second_order_s=0.000161700 algebra_s=0.000813300 kkt_assembly_s=0.000423300 factor_s=0.005331000 solve_s=0.002090600 update_s=0.000395200 K_nnz=5269 rhs_cols=52 Vxx_nnz=2601
FILTERDDP_FEASIBILITY iteration=66 barrier_iteration=9 equality_count=3372 equality_rms=5.907763410959e-08 equality_max=1.238455240629e-06 equality_worst_stage=5 equality_worst_index=509 dynamics_count=255 dynamics_rms=0.000000000000e+00 dynamics_max=0.000000000000e+00 dynamics_worst_stage=0 dynamics_worst_index=0 bound_count=4902 bound_rms=0.000000000000e+00 bound_max=0.000000000000e+00 bound_worst_stage=0 bound_worst_index=0 bound_worst_kind=none
    66   3.14311643e+03   1.2385e-06   4.4826e-10   1.8141e-11   -7.25      -     2.5000e-01   0
FILTERDDP_ITER_TIMING iteration=66 barrier_iteration=9 backward_s=0.071644200 forward_s=0.011088700 total_s=0.082732900 outcome=accepted step_size=2.500000000e-01 backtracks=0 mu=5.663422933e-08
FILTERDDP_TIMING iteration=67 barrier_iteration=9 stage=6 derivative_s=0.001039400 first_order_s=0.000912000 second_order_s=0.000099600 algebra_s=0.003402200 kkt_assembly_s=0.000804900 factor_s=0.005586000 solve_s=0.001439600 update_s=0.001153300 K_nnz=5269 rhs_cols=52 Vxx_nnz=2601
FILTERDDP_TIMING iteration=67 barrier_iteration=9 stage=5 derivative_s=0.002273200 first_order_s=0.001925000 second_order_s=0.000298900 algebra_s=0.001002100 kkt_assembly_s=0.000526600 factor_s=0.004914000 solve_s=0.001505000 update_s=0.000329200 K_nnz=5269 rhs_cols=52 Vxx_nnz=2601
FILTERDDP_TIMING iteration=67 barrier_iteration=9 stage=4 derivative_s=0.002051800 first_order_s=0.001833200 second_order_s=0.000170900 algebra_s=0.000839800 kkt_assembly_s=0.000501000 factor_s=0.007681100 solve_s=0.003022700 update_s=0.000558600 K_nnz=5269 rhs_cols=52 Vxx_nnz=2601
FILTERDDP_TIMING iteration=67 barrier_iteration=9 stage=3 derivative_s=0.002025600 first_order_s=0.001810900 second_order_s=0.000159600 algebra_s=0.000906500 kkt_assembly_s=0.000440900 factor_s=0.006438500 solve_s=0.002440200 update_s=0.000474000 K_nnz=5269 rhs_cols=52 Vxx_nnz=2601
FILTERDDP_TIMING iteration=67 barrier_iteration=9 stage=2 derivative_s=0.001408600 first_order_s=0.001245600 second_order_s=0.000118900 algebra_s=0.000662100 kkt_assembly_s=0.000346100 factor_s=0.005134700 solve_s=0.002168400 update_s=0.000453200 K_nnz=5269 rhs_cols=52 Vxx_nnz=2601
FILTERDDP_TIMING iteration=67 barrier_iteration=9 stage=1 derivative_s=0.001903100 first_order_s=0.001723900 second_order_s=0.000119300 algebra_s=0.001201000 kkt_assembly_s=0.000507600 factor_s=0.007265700 solve_s=0.003105200 update_s=0.000545900 K_nnz=5269 rhs_cols=52 Vxx_nnz=2601
FILTERDDP_FEASIBILITY iteration=67 barrier_iteration=9 equality_count=3372 equality_rms=4.442282411198e-08 equality_max=9.316775226682e-07 equality_worst_stage=5 equality_worst_index=509 dynamics_count=255 dynamics_rms=0.000000000000e+00 dynamics_max=0.000000000000e+00 dynamics_worst_stage=0 dynamics_worst_index=0 bound_count=4902 bound_rms=0.000000000000e+00 bound_max=0.000000000000e+00 bound_worst_stage=0 bound_worst_index=0 bound_worst_kind=none
FILTERDDP_ITER_TIMING iteration=67 barrier_iteration=9 backward_s=0.078361800 forward_s=0.000000000 total_s=0.078361800 outcome=near_optimal step_size=2.500000000e-01 backtracks=0 mu=5.663422933e-08
    67   3.14311634e+03   9.3168e-07   3.6550e-10   1.8141e-11   -7.25      -     2.5000e-01   0
FILTERDDP_NEAR_OPT iteration=67 elapsed_s=19.990 objective=3143.116340896885 reference=3143.115906500000 rel_gap=1.382e-07 primal_inf=9.317e-07 dual_inf=3.655e-10 mu=5.663e-08
    67   3.14311634e+03   9.3168e-07   3.6550e-10   1.8141e-11   -7.25      -     2.5000e-01   0


EXIT: Near-optimal: feasible and within the gap of the centralized reference.

solve complete: 22.173 s, iterations=67, status=9
final residuals: primal=9.316775226682e-07 dual=3.654972450525e-10 complementarity=1.814104341230e-11
solution_write_skipped=1
FilterDDP objective=3143.116340896884 max_equality_residual=9.317e-07
