C_B OVERRIDE: 0.001
ieee2522C_1ph T=6: nx=249, nu=13355, nc=10336, dense nu^2=178356025, reduced=3019
TERMINAL_SOC soft=1 gamma=3.290000e+04
build complete: 2.759 s, nc=10336
constructing dynamic Solver storage...
optimality_tolerance=1.000e-07 max_iterations=400
Solver construction complete: 0.473 s
entering solve! ...
   
 _____ _ _ _            ____  ____  ____  
|  ___(_) | |_ ___ _ __|  _ \|  _ \|  _ \ 
| |_  | | | __/ _ \ '__| | | | | | | |_) |
|  _| | | | ||  __/ |  | |_| | |_| |  __/ 
|_|   |_|_|\__\___|_|  |____/|____/|_|                 
    
FILTERDDP_TIMING iteration=0 barrier_iteration=0 stage=6 derivative_s=0.275620200 first_order_s=0.086442300 second_order_s=0.089907800 algebra_s=1.190453600 kkt_assembly_s=1.450924800 factor_s=0.291036900 solve_s=0.152974600 update_s=0.467859300 K_nnz=96025 rhs_cols=250 Vxx_nnz=62001
FILTERDDP_TIMING iteration=0 barrier_iteration=0 stage=5 derivative_s=0.043324400 first_order_s=0.031205900 second_order_s=0.012013700 algebra_s=0.019368600 kkt_assembly_s=0.454351200 factor_s=0.031347600 solve_s=0.088356000 update_s=0.160311900 K_nnz=96025 rhs_cols=250 Vxx_nnz=62001
FILTERDDP_TIMING iteration=0 barrier_iteration=0 stage=4 derivative_s=0.015188600 first_order_s=0.014055400 second_order_s=0.001022700 algebra_s=0.025581200 kkt_assembly_s=0.024052200 factor_s=0.035914900 solve_s=0.088691000 update_s=0.014260700 K_nnz=96025 rhs_cols=250 Vxx_nnz=62001
FILTERDDP_TIMING iteration=0 barrier_iteration=0 stage=3 derivative_s=0.016168300 first_order_s=0.014428700 second_order_s=0.001634500 algebra_s=0.022365000 kkt_assembly_s=0.043389700 factor_s=0.031398900 solve_s=0.089483000 update_s=0.013367500 K_nnz=96025 rhs_cols=250 Vxx_nnz=62001
FILTERDDP_TIMING iteration=0 barrier_iteration=0 stage=2 derivative_s=0.017220900 first_order_s=0.016088500 second_order_s=0.001031300 algebra_s=0.018209800 kkt_assembly_s=0.023739200 factor_s=0.050982200 solve_s=0.090786700 update_s=0.014239200 K_nnz=96025 rhs_cols=250 Vxx_nnz=62001
FILTERDDP_TIMING iteration=0 barrier_iteration=0 stage=1 derivative_s=0.018251100 first_order_s=0.015985100 second_order_s=0.002162000 algebra_s=0.019325400 kkt_assembly_s=0.023929700 factor_s=0.038026500 solve_s=0.088713700 update_s=0.013987900 K_nnz=96025 rhs_cols=250 Vxx_nnz=62001
FILTERDDP_FEASIBILITY iteration=0 barrier_iteration=0 equality_count=62016 equality_rms=9.945813623256e-03 equality_max=1.000000000000e+00 equality_worst_stage=6 equality_worst_index=1 dynamics_count=1245 dynamics_rms=0.000000000000e+00 dynamics_max=0.000000000000e+00 dynamics_worst_stage=0 dynamics_worst_index=0 bound_count=69486 bound_rms=0.000000000000e+00 bound_max=0.000000000000e+00 bound_worst_stage=0 bound_worst_index=0 bound_worst_kind=none
  iter     objective        pr_inf       du_inf       cs_inf     lg(╬╝)   lg(reg)    alpha     ls
     0   3.36000000e+03   1.0000e+00   7.6685e+02   1.0000e+00    0.00      -     0.0000e+00   0
FILTERDDP_ITER_TIMING iteration=0 barrier_iteration=0 backward_s=13.246823000 forward_s=1.115820300 total_s=14.362643300 outcome=accepted step_size=6.250000000e-02 backtracks=0 mu=1.000000000e+00
FILTERDDP_TIMING iteration=1 barrier_iteration=0 stage=6 derivative_s=0.032763800 first_order_s=0.031193200 second_order_s=0.001427400 algebra_s=0.073280500 kkt_assembly_s=0.030818400 factor_s=0.037766700 solve_s=0.088227300 update_s=0.026960700 K_nnz=96025 rhs_cols=250 Vxx_nnz=62001
FILTERDDP_TIMING iteration=1 barrier_iteration=0 stage=5 derivative_s=0.015334300 first_order_s=0.014351300 second_order_s=0.000879200 algebra_s=0.075178000 kkt_assembly_s=0.009039800 factor_s=0.031154000 solve_s=0.471362200 update_s=0.014088100 K_nnz=96025 rhs_cols=250 Vxx_nnz=62001
FILTERDDP_TIMING iteration=1 barrier_iteration=0 stage=4 derivative_s=0.019424400 first_order_s=0.017195900 second_order_s=0.002122400 algebra_s=0.017716600 kkt_assembly_s=0.009264400 factor_s=0.033191700 solve_s=0.091145100 update_s=0.015405600 K_nnz=96025 rhs_cols=250 Vxx_nnz=62001
FILTERDDP_TIMING iteration=1 barrier_iteration=0 stage=3 derivative_s=0.038646100 first_order_s=0.035871200 second_order_s=0.002558200 algebra_s=0.019695700 kkt_assembly_s=0.018435300 factor_s=0.036930300 solve_s=0.092466000 update_s=0.013943700 K_nnz=96025 rhs_cols=250 Vxx_nnz=62001
FILTERDDP_TIMING iteration=1 barrier_iteration=0 stage=2 derivative_s=0.017343800 first_order_s=0.015380600 second_order_s=0.001862800 algebra_s=0.017446300 kkt_assembly_s=0.009403000 factor_s=0.034639400 solve_s=0.111174800 update_s=0.013332700 K_nnz=96025 rhs_cols=250 Vxx_nnz=62001
FILTERDDP_TIMING iteration=1 barrier_iteration=0 stage=1 derivative_s=0.015814300 first_order_s=0.014768500 second_order_s=0.000943000 algebra_s=0.013826700 kkt_assembly_s=0.015133600 factor_s=0.037974100 solve_s=0.091755000 update_s=0.013229300 K_nnz=96025 rhs_cols=250 Vxx_nnz=62001
FILTERDDP_FEASIBILITY iteration=1 barrier_iteration=0 equality_count=62016 equality_rms=2.152889129472e-02 equality_max=9.375000000000e-01 equality_worst_stage=3 equality_worst_index=1 dynamics_count=1245 dynamics_rms=0.000000000000e+00 dynamics_max=0.000000000000e+00 dynamics_worst_stage=0 dynamics_worst_index=0 bound_count=69486 bound_rms=0.000000000000e+00 bound_max=0.000000000000e+00 bound_worst_stage=0 bound_worst_index=0 bound_worst_kind=none
     1   4.46278380e+03   9.3750e-01   7.1892e+02   9.9993e-01    0.00      -     6.2500e-02   0
FILTERDDP_ITER_TIMING iteration=1 barrier_iteration=0 backward_s=1.726775200 forward_s=0.335802000 total_s=2.062577200 outcome=accepted step_size=1.562500000e-02 backtracks=0 mu=1.000000000e+00
FILTERDDP_TIMING iteration=2 barrier_iteration=0 stage=6 derivative_s=0.015376600 first_order_s=0.014555000 second_order_s=0.000715800 algebra_s=0.081149200 kkt_assembly_s=0.025300700 factor_s=0.031949500 solve_s=0.089000300 update_s=0.030645500 K_nnz=96025 rhs_cols=250 Vxx_nnz=62001
FILTERDDP_TIMING iteration=2 barrier_iteration=0 stage=5 derivative_s=0.018683900 first_order_s=0.017547300 second_order_s=0.001030700 algebra_s=0.010393900 kkt_assembly_s=0.009071300 factor_s=0.032054600 solve_s=0.095038900 update_s=0.013342400 K_nnz=96025 rhs_cols=250 Vxx_nnz=62001
FILTERDDP_TIMING iteration=2 barrier_iteration=0 stage=4 derivative_s=0.015465300 first_order_s=0.014454400 second_order_s=0.000862200 algebra_s=0.014078700 kkt_assembly_s=0.009492500 factor_s=0.036132200 solve_s=0.099357300 update_s=0.013073400 K_nnz=96025 rhs_cols=250 Vxx_nnz=62001
FILTERDDP_TIMING iteration=2 barrier_iteration=0 stage=3 derivative_s=0.015478800 first_order_s=0.014496300 second_order_s=0.000882100 algebra_s=0.013829200 kkt_assembly_s=0.009147100 factor_s=0.031316600 solve_s=0.098003600 update_s=0.013229400 K_nnz=96025 rhs_cols=250 Vxx_nnz=62001
FILTERDDP_TIMING iteration=2 barrier_iteration=0 stage=2 derivative_s=0.015649300 first_order_s=0.014595500 second_order_s=0.000947300 algebra_s=0.014086400 kkt_assembly_s=0.010044800 factor_s=0.031524200 solve_s=0.097133000 update_s=0.012944400 K_nnz=96025 rhs_cols=250 Vxx_nnz=62001
FILTERDDP_TIMING iteration=2 barrier_iteration=0 stage=1 derivative_s=0.015414100 first_order_s=0.014330000 second_order_s=0.000982900 algebra_s=0.015168300 kkt_assembly_s=0.009399800 factor_s=0.031553200 solve_s=0.098757800 update_s=0.013277300 K_nnz=96025 rhs_cols=250 Vxx_nnz=62001
FILTERDDP_FEASIBILITY iteration=2 barrier_iteration=0 equality_count=62016 equality_rms=2.144423369219e-02 equality_max=9.228515625000e-01 equality_worst_stage=3 equality_worst_index=1 dynamics_count=1245 dynamics_rms=0.000000000000e+00 dynamics_max=0.000000000000e+00 dynamics_worst_stage=0 dynamics_worst_index=0 bound_count=69486 bound_rms=0.000000000000e+00 bound_max=0.000000000000e+00 bound_worst_stage=0 bound_worst_index=0 bound_worst_kind=none
     2   4.72893856e+03   9.2285e-01   7.0769e+02   9.9987e-01    0.00      -     1.5625e-02   0
FILTERDDP_ITER_TIMING iteration=2 barrier_iteration=0 backward_s=1.209482700 forward_s=0.270794400 total_s=1.480277100 outcome=accepted step_size=1.562500000e-02 backtracks=0 mu=1.000000000e+00
FILTERDDP_TIMING iteration=3 barrier_iteration=0 stage=6 derivative_s=0.069097600 first_order_s=0.068362500 second_order_s=0.000638800 algebra_s=0.466801300 kkt_assembly_s=0.021681300 factor_s=0.031990900 solve_s=0.089027300 update_s=0.026455600 K_nnz=96025 rhs_cols=250 Vxx_nnz=62001
FILTERDDP_TIMING iteration=3 barrier_iteration=0 stage=5 derivative_s=0.017024200 first_order_s=0.015810500 second_order_s=0.001109100 algebra_s=0.014044300 kkt_assembly_s=0.009194800 factor_s=0.031277400 solve_s=0.092971400 update_s=0.013401900 K_nnz=96025 rhs_cols=250 Vxx_nnz=62001
FILTERDDP_TIMING iteration=3 barrier_iteration=0 stage=4 derivative_s=0.015413300 first_order_s=0.014460100 second_order_s=0.000853600 algebra_s=0.017232700 kkt_assembly_s=0.009606900 factor_s=0.033943400 solve_s=0.105661000 update_s=0.013316400 K_nnz=96025 rhs_cols=250 Vxx_nnz=62001
FILTERDDP_TIMING iteration=3 barrier_iteration=0 stage=3 derivative_s=0.017851100 first_order_s=0.016759200 second_order_s=0.000988100 algebra_s=0.013894700 kkt_assembly_s=0.009708300 factor_s=0.031204400 solve_s=0.091155400 update_s=0.012791100 K_nnz=96025 rhs_cols=250 Vxx_nnz=62001
FILTERDDP_TIMING iteration=3 barrier_iteration=0 stage=2 derivative_s=0.015726200 first_order_s=0.014595000 second_order_s=0.001028600 algebra_s=0.014031800 kkt_assembly_s=0.009216400 factor_s=0.032386100 solve_s=0.101564200 update_s=0.013358000 K_nnz=96025 rhs_cols=250 Vxx_nnz=62001
FILTERDDP_TIMING iteration=3 barrier_iteration=0 stage=1 derivative_s=0.015856700 first_order_s=0.014894200 second_order_s=0.000853800 algebra_s=0.014424500 kkt_assembly_s=0.009434100 factor_s=0.031703900 solve_s=0.094420000 update_s=0.013510800 K_nnz=96025 rhs_cols=250 Vxx_nnz=62001
FILTERDDP_FEASIBILITY iteration=3 barrier_iteration=0 equality_count=62016 equality_rms=2.140316062778e-02 equality_max=9.084320068359e-01 equality_worst_stage=3 equality_worst_index=1 dynamics_count=1245 dynamics_rms=0.000000000000e+00 dynamics_max=0.000000000000e+00 dynamics_worst_stage=0 dynamics_worst_index=0 bound_count=69486 bound_rms=0.000000000000e+00 bound_max=0.000000000000e+00 bound_worst_stage=0 bound_worst_index=0 bound_worst_kind=none
     3   4.96497536e+03   9.0843e-01   6.9663e+02   9.9984e-01    0.00      -     1.5625e-02   0
FILTERDDP_ITER_TIMING iteration=3 barrier_iteration=0 backward_s=1.643603800 forward_s=0.229471700 total_s=1.873075500 outcome=accepted step_size=3.125000000e-02 backtracks=0 mu=1.000000000e+00
FILTERDDP_TIMING iteration=4 barrier_iteration=0 stage=6 derivative_s=0.015461200 first_order_s=0.013869700 second_order_s=0.001495000 algebra_s=0.069657500 kkt_assembly_s=0.022427000 factor_s=0.032219500 solve_s=0.179728000 update_s=0.026166700 K_nnz=96025 rhs_cols=250 Vxx_nnz=62001
FILTERDDP_TIMING iteration=4 barrier_iteration=0 stage=5 derivative_s=0.015650400 first_order_s=0.014469400 second_order_s=0.001076500 algebra_s=0.015268700 kkt_assembly_s=0.009185600 factor_s=0.032348000 solve_s=0.490593600 update_s=0.014095500 K_nnz=96025 rhs_cols=250 Vxx_nnz=62001
FILTERDDP_TIMING iteration=4 barrier_iteration=0 stage=4 derivative_s=0.043718500 first_order_s=0.041845700 second_order_s=0.001579600 algebra_s=0.015526600 kkt_assembly_s=0.024476600 factor_s=0.034455800 solve_s=0.094840100 update_s=0.013258900 K_nnz=96025 rhs_cols=250 Vxx_nnz=62001
FILTERDDP_TIMING iteration=4 barrier_iteration=0 stage=3 derivative_s=0.016036000 first_order_s=0.014411400 second_order_s=0.001520300 algebra_s=0.017283300 kkt_assembly_s=0.009551600 factor_s=0.034684400 solve_s=0.092228700 update_s=0.013834200 K_nnz=96025 rhs_cols=250 Vxx_nnz=62001
FILTERDDP_TIMING iteration=4 barrier_iteration=0 stage=2 derivative_s=0.016399800 first_order_s=0.014555500 second_order_s=0.001740200 algebra_s=0.017682100 kkt_assembly_s=0.009503300 factor_s=0.033410100 solve_s=0.092399700 update_s=0.013701000 K_nnz=96025 rhs_cols=250 Vxx_nnz=62001
FILTERDDP_TIMING iteration=4 barrier_iteration=0 stage=1 derivative_s=0.016762200 first_order_s=0.014679400 second_order_s=0.001981200 algebra_s=0.017785000 kkt_assembly_s=0.009587900 factor_s=0.033566700 solve_s=0.111519100 update_s=0.013058100 K_nnz=96025 rhs_cols=250 Vxx_nnz=62001
FILTERDDP_FEASIBILITY iteration=4 barrier_iteration=0 equality_count=62016 equality_rms=2.207584361786e-02 equality_max=8.800435066223e-01 equality_worst_stage=3 equality_worst_index=1 dynamics_count=1245 dynamics_rms=0.000000000000e+00 dynamics_max=0.000000000000e+00 dynamics_worst_stage=0 dynamics_worst_index=0 bound_count=69486 bound_rms=0.000000000000e+00 bound_max=0.000000000000e+00 bound_worst_stage=0 bound_worst_index=0 bound_worst_kind=none
     4   5.40911093e+03   8.8004e-01   6.7486e+02   9.9977e-01    0.00      -     3.1250e-02   0
FILTERDDP_ITER_TIMING iteration=4 barrier_iteration=0 backward_s=1.741043800 forward_s=0.300883900 total_s=2.041927700 outcome=accepted step_size=6.250000000e-02 backtracks=0 mu=1.000000000e+00
FILTERDDP_TIMING iteration=5 barrier_iteration=0 stage=6 derivative_s=0.017378800 first_order_s=0.016557600 second_order_s=0.000726800 algebra_s=0.061164100 kkt_assembly_s=0.035590300 factor_s=0.031592800 solve_s=0.091429600 update_s=0.026789600 K_nnz=96025 rhs_cols=250 Vxx_nnz=62001
FILTERDDP_TIMING iteration=5 barrier_iteration=0 stage=5 derivative_s=0.015214200 first_order_s=0.014119000 second_order_s=0.000992100 algebra_s=0.014182000 kkt_assembly_s=0.009960500 factor_s=0.031742100 solve_s=0.100757700 update_s=0.013263700 K_nnz=96025 rhs_cols=250 Vxx_nnz=62001
FILTERDDP_TIMING iteration=5 barrier_iteration=0 stage=4 derivative_s=0.018546800 first_order_s=0.017609500 second_order_s=0.000832500 algebra_s=0.013862800 kkt_assembly_s=0.009618900 factor_s=0.032550700 solve_s=0.094514000 update_s=0.013278300 K_nnz=96025 rhs_cols=250 Vxx_nnz=62001
FILTERDDP_TIMING iteration=5 barrier_iteration=0 stage=3 derivative_s=0.015885200 first_order_s=0.014926100 second_order_s=0.000856300 algebra_s=0.024159500 kkt_assembly_s=0.012576400 factor_s=0.031926500 solve_s=0.093705400 update_s=0.013374500 K_nnz=96025 rhs_cols=250 Vxx_nnz=62001
FILTERDDP_TIMING iteration=5 barrier_iteration=0 stage=2 derivative_s=0.021916800 first_order_s=0.021308000 second_order_s=0.000508200 algebra_s=0.015800200 kkt_assembly_s=0.014117500 factor_s=0.031212300 solve_s=0.097666600 update_s=0.013292400 K_nnz=96025 rhs_cols=250 Vxx_nnz=62001
FILTERDDP_TIMING iteration=5 barrier_iteration=0 stage=1 derivative_s=0.015812800 first_order_s=0.014701800 second_order_s=0.000996500 algebra_s=0.013910600 kkt_assembly_s=0.009318900 factor_s=0.031260900 solve_s=0.097348500 update_s=0.013260900 K_nnz=96025 rhs_cols=250 Vxx_nnz=62001
FILTERDDP_FEASIBILITY iteration=5 barrier_iteration=0 equality_count=62016 equality_rms=2.635773594515e-02 equality_max=8.250407874584e-01 equality_worst_stage=3 equality_worst_index=1 dynamics_count=1245 dynamics_rms=0.000000000000e+00 dynamics_max=0.000000000000e+00 dynamics_worst_stage=0 dynamics_worst_index=0 bound_count=69486 bound_rms=0.000000000000e+00 bound_max=0.000000000000e+00 bound_worst_stage=0 bound_worst_index=0 bound_worst_kind=none
     5   6.21207636e+03   8.2504e-01   6.3268e+02   9.9954e-01    0.00      -     6.2500e-02   0
FILTERDDP_ITER_TIMING iteration=5 barrier_iteration=0 backward_s=1.221238300 forward_s=0.217925800 total_s=1.439164100 outcome=accepted step_size=1.250000000e-01 backtracks=0 mu=1.000000000e+00
FILTERDDP_TIMING iteration=6 barrier_iteration=0 stage=6 derivative_s=0.014744100 first_order_s=0.013533000 second_order_s=0.001118100 algebra_s=0.433671600 kkt_assembly_s=0.022705700 factor_s=0.031365300 solve_s=0.088074400 update_s=0.026629100 K_nnz=96025 rhs_cols=250 Vxx_nnz=62001
FILTERDDP_TIMING iteration=6 barrier_iteration=0 stage=5 derivative_s=0.015564400 first_order_s=0.014525800 second_order_s=0.000933700 algebra_s=0.013412300 kkt_assembly_s=0.009271500 factor_s=0.031534600 solve_s=0.092354100 update_s=0.012481200 K_nnz=96025 rhs_cols=250 Vxx_nnz=62001
FILTERDDP_TIMING iteration=6 barrier_iteration=0 stage=4 derivative_s=0.015882400 first_order_s=0.014791000 second_order_s=0.000988800 algebra_s=0.014392100 kkt_assembly_s=0.009390600 factor_s=0.032408800 solve_s=0.092621800 update_s=0.013996100 K_nnz=96025 rhs_cols=250 Vxx_nnz=62001
FILTERDDP_TIMING iteration=6 barrier_iteration=0 stage=3 derivative_s=0.016948800 first_order_s=0.015069500 second_order_s=0.001777000 algebra_s=0.017457800 kkt_assembly_s=0.010064700 factor_s=0.047868100 solve_s=0.092556200 update_s=0.013026400 K_nnz=96025 rhs_cols=250 Vxx_nnz=62001
FILTERDDP_TIMING iteration=6 barrier_iteration=0 stage=2 derivative_s=0.015278600 first_order_s=0.014259400 second_order_s=0.000883400 algebra_s=0.014328200 kkt_assembly_s=0.015630400 factor_s=0.032075800 solve_s=0.092514800 update_s=0.013320800 K_nnz=96025 rhs_cols=250 Vxx_nnz=62001
FILTERDDP_TIMING iteration=6 barrier_iteration=0 stage=1 derivative_s=0.015810300 first_order_s=0.014689300 second_order_s=0.001008800 algebra_s=0.013302000 kkt_assembly_s=0.009839700 factor_s=0.047930400 solve_s=0.097414600 update_s=0.013918200 K_nnz=96025 rhs_cols=250 Vxx_nnz=62001
FILTERDDP_FEASIBILITY iteration=6 barrier_iteration=0 equality_count=62016 equality_rms=4.281946815214e-02 equality_max=7.839570557234e-01 equality_worst_stage=5 equality_worst_index=7568 dynamics_count=1245 dynamics_rms=0.000000000000e+00 dynamics_max=0.000000000000e+00 dynamics_worst_stage=0 dynamics_worst_index=0 bound_count=69486 bound_rms=0.000000000000e+00 bound_max=0.000000000000e+00 bound_worst_stage=0 bound_worst_index=0 bound_worst_kind=none
     6   7.56508624e+03   7.8396e-01   4.2477e+02   9.9846e-01    0.00      -     1.2500e-01   0
FILTERDDP_ITER_TIMING iteration=6 barrier_iteration=0 backward_s=1.572705200 forward_s=0.243176200 total_s=1.815881400 outcome=accepted step_size=1.250000000e-01 backtracks=0 mu=1.000000000e+00
FILTERDDP_TIMING iteration=7 barrier_iteration=0 stage=6 derivative_s=0.026516600 first_order_s=0.011684000 second_order_s=0.014728700 algebra_s=0.056969200 kkt_assembly_s=0.026870100 factor_s=0.033196700 solve_s=0.087915500 update_s=0.026562700 K_nnz=96025 rhs_cols=250 Vxx_nnz=62001
FILTERDDP_TIMING iteration=7 barrier_iteration=0 stage=5 derivative_s=0.015782700 first_order_s=0.014624700 second_order_s=0.001059500 algebra_s=0.016917100 kkt_assembly_s=0.009048800 factor_s=0.040006900 solve_s=0.092025300 update_s=0.013003400 K_nnz=96025 rhs_cols=250 Vxx_nnz=62001
FILTERDDP_TIMING iteration=7 barrier_iteration=0 stage=4 derivative_s=0.015453800 first_order_s=0.014244600 second_order_s=0.001111800 algebra_s=0.071696600 kkt_assembly_s=0.011231800 factor_s=0.032128100 solve_s=0.472922400 update_s=0.013422600 K_nnz=96025 rhs_cols=250 Vxx_nnz=62001
FILTERDDP_TIMING iteration=7 barrier_iteration=0 stage=3 derivative_s=0.034463000 first_order_s=0.032700400 second_order_s=0.001565400 algebra_s=0.015167000 kkt_assembly_s=0.014485300 factor_s=0.032307200 solve_s=0.092298900 update_s=0.013658500 K_nnz=96025 rhs_cols=250 Vxx_nnz=62001
FILTERDDP_TIMING iteration=7 barrier_iteration=0 stage=2 derivative_s=0.017216600 first_order_s=0.015726800 second_order_s=0.001385100 algebra_s=0.017649700 kkt_assembly_s=0.009644600 factor_s=0.033919000 solve_s=0.091880200 update_s=0.014000400 K_nnz=96025 rhs_cols=250 Vxx_nnz=62001
FILTERDDP_TIMING iteration=7 barrier_iteration=0 stage=1 derivative_s=0.016160100 first_order_s=0.014258700 second_order_s=0.001797900 algebra_s=0.017493600 kkt_assembly_s=0.009636600 factor_s=0.033914500 solve_s=0.094200300 update_s=0.014167400 K_nnz=96025 rhs_cols=250 Vxx_nnz=62001
FILTERDDP_FEASIBILITY iteration=7 barrier_iteration=0 equality_count=62016 equality_rms=4.769430184806e-02 equality_max=8.484576719350e-01 equality_worst_stage=5 equality_worst_index=7568 dynamics_count=1245 dynamics_rms=0.000000000000e+00 dynamics_max=0.000000000000e+00 dynamics_worst_stage=0 dynamics_worst_index=0 bound_count=69486 bound_rms=0.000000000000e+00 bound_max=0.000000000000e+00 bound_worst_stage=0 bound_worst_index=0 bound_worst_kind=none
     7   8.53551191e+03   8.4846e-01   2.4727e+02   9.9714e-01    0.00      -     1.2500e-01   0
FILTERDDP_ITER_TIMING iteration=7 barrier_iteration=0 backward_s=1.656986700 forward_s=0.303762900 total_s=1.960749600 outcome=accepted step_size=1.250000000e-01 backtracks=1 mu=1.000000000e+00
FILTERDDP_TIMING iteration=8 barrier_iteration=0 stage=6 derivative_s=0.017506100 first_order_s=0.016043400 second_order_s=0.001369500 algebra_s=0.059328200 kkt_assembly_s=0.022915800 factor_s=0.031339000 solve_s=0.087608100 update_s=0.026654600 K_nnz=96025 rhs_cols=250 Vxx_nnz=62001
FILTERDDP_TIMING iteration=8 barrier_iteration=0 stage=5 derivative_s=0.023453900 first_order_s=0.022414000 second_order_s=0.000934200 algebra_s=0.013962800 kkt_assembly_s=0.009079300 factor_s=0.031115000 solve_s=0.094246600 update_s=0.013416100 K_nnz=96025 rhs_cols=250 Vxx_nnz=62001
FILTERDDP_TIMING iteration=8 barrier_iteration=0 stage=4 derivative_s=0.015900900 first_order_s=0.014892600 second_order_s=0.000904900 algebra_s=0.014348400 kkt_assembly_s=0.021601700 factor_s=0.036877500 solve_s=0.103744400 update_s=0.013653300 K_nnz=96025 rhs_cols=250 Vxx_nnz=62001
FILTERDDP_TIMING iteration=8 barrier_iteration=0 stage=3 derivative_s=0.018791500 first_order_s=0.017697100 second_order_s=0.000970400 algebra_s=0.014177100 kkt_assembly_s=0.023218000 factor_s=0.034745800 solve_s=0.092693200 update_s=0.015132400 K_nnz=96025 rhs_cols=250 Vxx_nnz=62001
FILTERDDP_TIMING iteration=8 barrier_iteration=0 stage=2 derivative_s=0.015311500 first_order_s=0.014229200 second_order_s=0.000980600 algebra_s=0.014141100 kkt_assembly_s=0.009256400 factor_s=0.041538500 solve_s=0.092076200 update_s=0.013317900 K_nnz=96025 rhs_cols=250 Vxx_nnz=62001
FILTERDDP_TIMING iteration=8 barrier_iteration=0 stage=1 derivative_s=0.015445100 first_order_s=0.014275300 second_order_s=0.001066000 algebra_s=0.014701300 kkt_assembly_s=0.009896100 factor_s=0.041606800 solve_s=0.091519000 update_s=0.013417000 K_nnz=96025 rhs_cols=250 Vxx_nnz=62001
FILTERDDP_FEASIBILITY iteration=8 barrier_iteration=0 equality_count=62016 equality_rms=4.684356952678e-02 equality_max=8.219851998065e-01 equality_worst_stage=5 equality_worst_index=7568 dynamics_count=1245 dynamics_rms=0.000000000000e+00 dynamics_max=0.000000000000e+00 dynamics_worst_stage=0 dynamics_worst_index=0 bound_count=69486 bound_rms=0.000000000000e+00 bound_max=0.000000000000e+00 bound_worst_stage=0 bound_worst_index=0 bound_worst_kind=none
     8   9.21522175e+03   8.2199e-01   1.5436e+02   9.9582e-01    0.00      -     1.2500e-01   1
FILTERDDP_ITER_TIMING iteration=8 barrier_iteration=0 backward_s=1.232360900 forward_s=0.180227200 total_s=1.412588100 outcome=accepted step_size=2.500000000e-01 backtracks=0 mu=1.000000000e+00
FILTERDDP_TIMING iteration=9 barrier_iteration=0 stage=6 derivative_s=0.013742400 first_order_s=0.012913300 second_order_s=0.000734700 algebra_s=0.107265100 kkt_assembly_s=0.026732700 factor_s=0.032861000 solve_s=0.143654600 update_s=0.026567900 K_nnz=96025 rhs_cols=250 Vxx_nnz=62001
FILTERDDP_TIMING iteration=9 barrier_iteration=0 stage=5 derivative_s=0.015568500 first_order_s=0.014474000 second_order_s=0.000992200 algebra_s=0.014043300 kkt_assembly_s=0.009336000 factor_s=0.031392800 solve_s=0.466564200 update_s=0.013600400 K_nnz=96025 rhs_cols=250 Vxx_nnz=62001
FILTERDDP_TIMING iteration=9 barrier_iteration=0 stage=4 derivative_s=0.021125300 first_order_s=0.020011900 second_order_s=0.001011000 algebra_s=0.014043400 kkt_assembly_s=0.009110800 factor_s=0.031283500 solve_s=0.093664500 update_s=0.014282400 K_nnz=96025 rhs_cols=250 Vxx_nnz=62001
FILTERDDP_TIMING iteration=9 barrier_iteration=0 stage=3 derivative_s=0.015270700 first_order_s=0.014231200 second_order_s=0.000939600 algebra_s=0.014002900 kkt_assembly_s=0.008958000 factor_s=0.032881100 solve_s=0.094208200 update_s=0.013541700 K_nnz=96025 rhs_cols=250 Vxx_nnz=62001
FILTERDDP_TIMING iteration=9 barrier_iteration=0 stage=2 derivative_s=0.014926600 first_order_s=0.013557200 second_order_s=0.001272700 algebra_s=0.017622900 kkt_assembly_s=0.009566400 factor_s=0.032913800 solve_s=0.090751600 update_s=0.013860900 K_nnz=96025 rhs_cols=250 Vxx_nnz=62001
FILTERDDP_TIMING iteration=9 barrier_iteration=0 stage=1 derivative_s=0.035978600 first_order_s=0.034380700 second_order_s=0.001491900 algebra_s=0.017317000 kkt_assembly_s=0.013061400 factor_s=0.033531200 solve_s=0.091530800 update_s=0.014023500 K_nnz=96025 rhs_cols=250 Vxx_nnz=62001
FILTERDDP_FEASIBILITY iteration=9 barrier_iteration=0 equality_count=62016 equality_rms=4.636243420077e-02 equality_max=7.876471917727e-01 equality_worst_stage=5 equality_worst_index=7568 dynamics_count=1245 dynamics_rms=0.000000000000e+00 dynamics_max=0.000000000000e+00 dynamics_worst_stage=0 dynamics_worst_index=0 bound_count=69486 bound_rms=0.000000000000e+00 bound_max=0.000000000000e+00 bound_worst_stage=0 bound_worst_index=0 bound_worst_kind=none
     9   1.02007942e+04   7.8765e-01   7.0264e+01   9.9014e-01    0.00      -     2.5000e-01   0
FILTERDDP_ITER_TIMING iteration=9 barrier_iteration=0 backward_s=1.672896000 forward_s=0.161727900 total_s=1.834623900 outcome=accepted step_size=5.000000000e-01 backtracks=0 mu=1.000000000e+00
FILTERDDP_TIMING iteration=10 barrier_iteration=0 stage=6 derivative_s=0.014912200 first_order_s=0.014140900 second_order_s=0.000665000 algebra_s=0.081396100 kkt_assembly_s=0.032281300 factor_s=0.031405600 solve_s=0.093262100 update_s=0.026551100 K_nnz=96025 rhs_cols=250 Vxx_nnz=62001
FILTERDDP_TIMING iteration=10 barrier_iteration=0 stage=5 derivative_s=0.016374700 first_order_s=0.015256600 second_order_s=0.001013200 algebra_s=0.015612800 kkt_assembly_s=0.009338700 factor_s=0.033498900 solve_s=0.094304400 update_s=0.013401900 K_nnz=96025 rhs_cols=250 Vxx_nnz=62001
FILTERDDP_TIMING iteration=10 barrier_iteration=0 stage=4 derivative_s=0.030212900 first_order_s=0.029195100 second_order_s=0.000915800 algebra_s=0.014806900 kkt_assembly_s=0.010100300 factor_s=0.032361700 solve_s=0.091494900 update_s=0.030346100 K_nnz=96025 rhs_cols=250 Vxx_nnz=62001
FILTERDDP_TIMING iteration=10 barrier_iteration=0 stage=3 derivative_s=0.015775700 first_order_s=0.014784800 second_order_s=0.000880500 algebra_s=0.012847800 kkt_assembly_s=0.008956700 factor_s=0.031083600 solve_s=0.094265200 update_s=0.013453700 K_nnz=96025 rhs_cols=250 Vxx_nnz=62001
FILTERDDP_TIMING iteration=10 barrier_iteration=0 stage=2 derivative_s=0.015513500 first_order_s=0.014434200 second_order_s=0.000966000 algebra_s=0.014589200 kkt_assembly_s=0.008989500 factor_s=0.037332300 solve_s=0.092643900 update_s=0.012913500 K_nnz=96025 rhs_cols=250 Vxx_nnz=62001
FILTERDDP_TIMING iteration=10 barrier_iteration=0 stage=1 derivative_s=0.015320100 first_order_s=0.014367100 second_order_s=0.000845000 algebra_s=0.014020000 kkt_assembly_s=0.009059900 factor_s=0.036776900 solve_s=0.093720900 update_s=0.013165600 K_nnz=96025 rhs_cols=250 Vxx_nnz=62001
FILTERDDP_FEASIBILITY iteration=10 barrier_iteration=0 equality_count=62016 equality_rms=3.905197435387e-02 equality_max=6.262730501158e-01 equality_worst_stage=5 equality_worst_index=7576 dynamics_count=1245 dynamics_rms=0.000000000000e+00 dynamics_max=0.000000000000e+00 dynamics_worst_stage=0 dynamics_worst_index=0 bound_count=69486 bound_rms=0.000000000000e+00 bound_max=0.000000000000e+00 bound_worst_stage=0 bound_worst_index=0 bound_worst_kind=none
  iter     objective        pr_inf       du_inf       cs_inf     lg(╬╝)   lg(reg)    alpha     ls
    10   1.13026815e+04   6.2627e-01   1.8508e+01   9.8419e-01    0.00      -     5.0000e-01   0
FILTERDDP_ITER_TIMING iteration=10 barrier_iteration=0 backward_s=1.234807200 forward_s=0.130144400 total_s=1.364951600 outcome=accepted step_size=5.000000000e-01 backtracks=0 mu=1.000000000e+00
FILTERDDP_TIMING iteration=11 barrier_iteration=0 stage=6 derivative_s=0.013709300 first_order_s=0.012956200 second_order_s=0.000661100 algebra_s=0.065292000 kkt_assembly_s=0.025143100 factor_s=0.030960700 solve_s=0.142766800 update_s=0.026509700 K_nnz=96025 rhs_cols=250 Vxx_nnz=62001
FILTERDDP_TIMING iteration=11 barrier_iteration=0 stage=5 derivative_s=0.015445100 first_order_s=0.014363300 second_order_s=0.000980700 algebra_s=0.014173400 kkt_assembly_s=0.022976200 factor_s=0.031583100 solve_s=0.464498300 update_s=0.013412100 K_nnz=96025 rhs_cols=250 Vxx_nnz=62001
FILTERDDP_TIMING iteration=11 barrier_iteration=0 stage=4 derivative_s=0.029555500 first_order_s=0.028589900 second_order_s=0.000864500 algebra_s=0.014312300 kkt_assembly_s=0.010002800 factor_s=0.033155400 solve_s=0.093791000 update_s=0.013244300 K_nnz=96025 rhs_cols=250 Vxx_nnz=62001
FILTERDDP_TIMING iteration=11 barrier_iteration=0 stage=3 derivative_s=0.015750700 first_order_s=0.014564300 second_order_s=0.001084400 algebra_s=0.014209600 kkt_assembly_s=0.008889100 factor_s=0.031831700 solve_s=0.091479200 update_s=0.013978600 K_nnz=96025 rhs_cols=250 Vxx_nnz=62001
FILTERDDP_TIMING iteration=11 barrier_iteration=0 stage=2 derivative_s=0.016165100 first_order_s=0.014298200 second_order_s=0.001766400 algebra_s=0.017744300 kkt_assembly_s=0.009065800 factor_s=0.032867200 solve_s=0.092598900 update_s=0.014154800 K_nnz=96025 rhs_cols=250 Vxx_nnz=62001
FILTERDDP_TIMING iteration=11 barrier_iteration=0 stage=1 derivative_s=0.016037100 first_order_s=0.014107700 second_order_s=0.001820000 algebra_s=0.020535400 kkt_assembly_s=0.011295700 factor_s=0.034915300 solve_s=0.098601600 update_s=0.013688600 K_nnz=96025 rhs_cols=250 Vxx_nnz=62001
FILTERDDP_FEASIBILITY iteration=11 barrier_iteration=0 equality_count=62016 equality_rms=2.172579833722e-02 equality_max=3.412524243074e-01 equality_worst_stage=5 equality_worst_index=7576 dynamics_count=1245 dynamics_rms=0.000000000000e+00 dynamics_max=0.000000000000e+00 dynamics_worst_stage=0 dynamics_worst_index=0 bound_count=69486 bound_rms=0.000000000000e+00 bound_max=0.000000000000e+00 bound_worst_stage=0 bound_worst_index=0 bound_worst_kind=none
    11   1.16685872e+04   3.4125e-01   1.7943e+01   9.9211e-01    0.00      -     5.0000e-01   0
FILTERDDP_ITER_TIMING iteration=11 barrier_iteration=0 backward_s=1.637040500 forward_s=0.169094100 total_s=1.806134600 outcome=accepted step_size=5.000000000e-01 backtracks=0 mu=1.000000000e+00
FILTERDDP_TIMING iteration=12 barrier_iteration=0 stage=6 derivative_s=0.014020200 first_order_s=0.013230000 second_order_s=0.000694700 algebra_s=0.062440600 kkt_assembly_s=0.022071500 factor_s=0.031157200 solve_s=0.093406200 update_s=0.027731500 K_nnz=96025 rhs_cols=250 Vxx_nnz=62001
FILTERDDP_TIMING iteration=12 barrier_iteration=0 stage=5 derivative_s=0.016483100 first_order_s=0.015229500 second_order_s=0.001148000 algebra_s=0.014354600 kkt_assembly_s=0.009290100 factor_s=0.031769400 solve_s=0.092928000 update_s=0.012969600 K_nnz=96025 rhs_cols=250 Vxx_nnz=62001
FILTERDDP_TIMING iteration=12 barrier_iteration=0 stage=4 derivative_s=0.015318300 first_order_s=0.014341600 second_order_s=0.000872700 algebra_s=0.014054000 kkt_assembly_s=0.011668000 factor_s=0.034352800 solve_s=0.118257200 update_s=0.013962800 K_nnz=96025 rhs_cols=250 Vxx_nnz=62001
FILTERDDP_TIMING iteration=12 barrier_iteration=0 stage=3 derivative_s=0.037294900 first_order_s=0.034669500 second_order_s=0.002427500 algebra_s=0.025709200 kkt_assembly_s=0.015203700 factor_s=0.034352200 solve_s=0.095773300 update_s=0.013044700 K_nnz=96025 rhs_cols=250 Vxx_nnz=62001
FILTERDDP_TIMING iteration=12 barrier_iteration=0 stage=2 derivative_s=0.015809700 first_order_s=0.014841200 second_order_s=0.000850700 algebra_s=0.013906000 kkt_assembly_s=0.009279700 factor_s=0.038475700 solve_s=0.092522600 update_s=0.013086900 K_nnz=96025 rhs_cols=250 Vxx_nnz=62001
FILTERDDP_TIMING iteration=12 barrier_iteration=0 stage=1 derivative_s=0.022281600 first_order_s=0.021180800 second_order_s=0.000985200 algebra_s=0.014477400 kkt_assembly_s=0.009070300 factor_s=0.031464500 solve_s=0.098083600 update_s=0.013242600 K_nnz=96025 rhs_cols=250 Vxx_nnz=62001
FILTERDDP_FEASIBILITY iteration=12 barrier_iteration=0 equality_count=62016 equality_rms=1.129180057882e-02 equality_max=1.766141677147e-01 equality_worst_stage=5 equality_worst_index=7578 dynamics_count=1245 dynamics_rms=0.000000000000e+00 dynamics_max=0.000000000000e+00 dynamics_worst_stage=0 dynamics_worst_index=0 bound_count=69486 bound_rms=0.000000000000e+00 bound_max=0.000000000000e+00 bound_worst_stage=0 bound_worst_index=0 bound_worst_kind=none
    12   1.18435995e+04   1.7661e-01   1.4137e+01   9.9606e-01    0.00      -     5.0000e-01   0
FILTERDDP_ITER_TIMING iteration=12 barrier_iteration=0 backward_s=1.252169600 forward_s=0.140669500 total_s=1.392839100 outcome=accepted step_size=5.000000000e-01 backtracks=0 mu=1.000000000e+00
FILTERDDP_TIMING iteration=13 barrier_iteration=0 stage=6 derivative_s=0.013867300 first_order_s=0.013080200 second_order_s=0.000695500 algebra_s=0.068785800 kkt_assembly_s=0.078929400 factor_s=0.031362700 solve_s=0.462472900 update_s=0.025989400 K_nnz=96025 rhs_cols=250 Vxx_nnz=62001
FILTERDDP_TIMING iteration=13 barrier_iteration=0 stage=5 derivative_s=0.015490000 first_order_s=0.014534900 second_order_s=0.000854300 algebra_s=0.013836600 kkt_assembly_s=0.009253200 factor_s=0.032294900 solve_s=0.093428000 update_s=0.013479300 K_nnz=96025 rhs_cols=250 Vxx_nnz=62001
FILTERDDP_TIMING iteration=13 barrier_iteration=0 stage=4 derivative_s=0.015223200 first_order_s=0.014136000 second_order_s=0.000986500 algebra_s=0.013662800 kkt_assembly_s=0.009188400 factor_s=0.032130400 solve_s=0.093243000 update_s=0.013595000 K_nnz=96025 rhs_cols=250 Vxx_nnz=62001
FILTERDDP_TIMING iteration=13 barrier_iteration=0 stage=3 derivative_s=0.016138100 first_order_s=0.014248100 second_order_s=0.001781000 algebra_s=0.018049500 kkt_assembly_s=0.009216400 factor_s=0.032582300 solve_s=0.094503700 update_s=0.013561400 K_nnz=96025 rhs_cols=250 Vxx_nnz=62001
FILTERDDP_TIMING iteration=13 barrier_iteration=0 stage=2 derivative_s=0.016007600 first_order_s=0.014126400 second_order_s=0.001774400 algebra_s=0.023373100 kkt_assembly_s=0.021910000 factor_s=0.062151900 solve_s=0.096906100 update_s=0.014486400 K_nnz=96025 rhs_cols=250 Vxx_nnz=62001
FILTERDDP_TIMING iteration=13 barrier_iteration=0 stage=1 derivative_s=0.024570300 first_order_s=0.022052200 second_order_s=0.002367200 algebra_s=0.036143000 kkt_assembly_s=0.009480700 factor_s=0.031464100 solve_s=0.093158500 update_s=0.013017900 K_nnz=96025 rhs_cols=250 Vxx_nnz=62001
FILTERDDP_FEASIBILITY iteration=13 barrier_iteration=0 equality_count=62016 equality_rms=5.687313122037e-03 equality_max=8.976932038884e-02 equality_worst_stage=5 equality_worst_index=7578 dynamics_count=1245 dynamics_rms=0.000000000000e+00 dynamics_max=0.000000000000e+00 dynamics_worst_stage=0 dynamics_worst_index=0 bound_count=69486 bound_rms=0.000000000000e+00 bound_max=0.000000000000e+00 bound_worst_stage=0 bound_worst_index=0 bound_worst_kind=none
    13   1.19301396e+04   8.9769e-02   1.0666e+01   9.9803e-01    0.00      -     5.0000e-01   0
FILTERDDP_ITER_TIMING iteration=13 barrier_iteration=0 backward_s=1.685826500 forward_s=0.150377900 total_s=1.836204400 outcome=accepted step_size=5.000000000e-01 backtracks=0 mu=1.000000000e+00
FILTERDDP_TIMING iteration=14 barrier_iteration=0 stage=6 derivative_s=0.014833400 first_order_s=0.013325500 second_order_s=0.001414600 algebra_s=0.061826400 kkt_assembly_s=0.032601900 factor_s=0.031579000 solve_s=0.089403600 update_s=0.026963100 K_nnz=96025 rhs_cols=250 Vxx_nnz=62001
FILTERDDP_TIMING iteration=14 barrier_iteration=0 stage=5 derivative_s=0.015574700 first_order_s=0.014607700 second_order_s=0.000867100 algebra_s=0.014022000 kkt_assembly_s=0.008745800 factor_s=0.030969700 solve_s=0.092472900 update_s=0.013459200 K_nnz=96025 rhs_cols=250 Vxx_nnz=62001
FILTERDDP_TIMING iteration=14 barrier_iteration=0 stage=4 derivative_s=0.015687800 first_order_s=0.014597500 second_order_s=0.000991200 algebra_s=0.014645000 kkt_assembly_s=0.012393500 factor_s=0.046019000 solve_s=0.095429900 update_s=0.013091000 K_nnz=96025 rhs_cols=250 Vxx_nnz=62001
FILTERDDP_TIMING iteration=14 barrier_iteration=0 stage=3 derivative_s=0.031626300 first_order_s=0.030214200 second_order_s=0.001239600 algebra_s=0.014880400 kkt_assembly_s=0.017195800 factor_s=0.035143100 solve_s=0.150596600 update_s=0.013150300 K_nnz=96025 rhs_cols=250 Vxx_nnz=62001
FILTERDDP_TIMING iteration=14 barrier_iteration=0 stage=2 derivative_s=0.015292300 first_order_s=0.014159800 second_order_s=0.001032500 algebra_s=0.013769600 kkt_assembly_s=0.009901100 factor_s=0.030857000 solve_s=0.095637700 update_s=0.013441300 K_nnz=96025 rhs_cols=250 Vxx_nnz=62001
FILTERDDP_TIMING iteration=14 barrier_iteration=0 stage=1 derivative_s=0.015381100 first_order_s=0.014288500 second_order_s=0.000992500 algebra_s=0.383636000 kkt_assembly_s=0.009140600 factor_s=0.032810700 solve_s=0.094593800 update_s=0.012824900 K_nnz=96025 rhs_cols=250 Vxx_nnz=62001
FILTERDDP_FEASIBILITY iteration=14 barrier_iteration=0 equality_count=62016 equality_rms=2.832135249308e-03 equality_max=4.527274638619e-02 equality_worst_stage=5 equality_worst_index=7578 dynamics_count=1245 dynamics_rms=0.000000000000e+00 dynamics_max=0.000000000000e+00 dynamics_worst_stage=0 dynamics_worst_index=0 bound_count=69486 bound_rms=0.000000000000e+00 bound_max=0.000000000000e+00 bound_worst_stage=0 bound_worst_index=0 bound_worst_kind=none
FILTERDDP_ITER_TIMING iteration=14 barrier_iteration=0 backward_s=1.642091000 forward_s=0.000000000 total_s=1.642091000 outcome=barrier_update step_size=5.000000000e-01 backtracks=0 mu=1.000000000e+00
FILTERDDP_TIMING iteration=14 barrier_iteration=1 stage=6 derivative_s=0.011480500 first_order_s=0.010714900 second_order_s=0.000669400 algebra_s=0.059600100 kkt_assembly_s=0.021955600 factor_s=0.031820500 solve_s=0.090442400 update_s=0.026198200 K_nnz=96025 rhs_cols=250 Vxx_nnz=62001
FILTERDDP_TIMING iteration=14 barrier_iteration=1 stage=5 derivative_s=0.035059000 first_order_s=0.033923300 second_order_s=0.001032500 algebra_s=0.015579000 kkt_assembly_s=0.012551000 factor_s=0.033278400 solve_s=0.092541300 update_s=0.013217300 K_nnz=96025 rhs_cols=250 Vxx_nnz=62001
FILTERDDP_TIMING iteration=14 barrier_iteration=1 stage=4 derivative_s=0.034815100 first_order_s=0.033259200 second_order_s=0.001453500 algebra_s=0.014134400 kkt_assembly_s=0.010414700 factor_s=0.030991700 solve_s=0.092950200 update_s=0.013412900 K_nnz=96025 rhs_cols=250 Vxx_nnz=62001
FILTERDDP_TIMING iteration=14 barrier_iteration=1 stage=3 derivative_s=0.015607600 first_order_s=0.014601600 second_order_s=0.000901000 algebra_s=0.014246900 kkt_assembly_s=0.009050200 factor_s=0.039060300 solve_s=0.096266700 update_s=0.013657100 K_nnz=96025 rhs_cols=250 Vxx_nnz=62001
FILTERDDP_TIMING iteration=14 barrier_iteration=1 stage=2 derivative_s=0.016771300 first_order_s=0.015271500 second_order_s=0.001395500 algebra_s=0.015506700 kkt_assembly_s=0.009845700 factor_s=0.036247000 solve_s=0.107130500 update_s=0.013639800 K_nnz=96025 rhs_cols=250 Vxx_nnz=62001
FILTERDDP_TIMING iteration=14 barrier_iteration=1 stage=1 derivative_s=0.015358400 first_order_s=0.014268300 second_order_s=0.000990200 algebra_s=0.014081900 kkt_assembly_s=0.009097800 factor_s=0.030805800 solve_s=0.096390700 update_s=0.013296600 K_nnz=96025 rhs_cols=250 Vxx_nnz=62001
FILTERDDP_FEASIBILITY iteration=14 barrier_iteration=1 equality_count=62016 equality_rms=2.832135249308e-03 equality_max=4.527274638619e-02 equality_worst_stage=5 equality_worst_index=7578 dynamics_count=1245 dynamics_rms=0.000000000000e+00 dynamics_max=0.000000000000e+00 dynamics_worst_stage=0 dynamics_worst_index=0 bound_count=69486 bound_rms=0.000000000000e+00 bound_max=0.000000000000e+00 bound_worst_stage=0 bound_worst_index=0 bound_worst_kind=none
    14   1.19758554e+04   4.5273e-02   7.1441e+00   9.9902e-01   -0.70      -     5.0000e-01   0
FILTERDDP_ITER_TIMING iteration=14 barrier_iteration=1 backward_s=1.229474200 forward_s=0.129070300 total_s=1.358544500 outcome=accepted step_size=5.000000000e-01 backtracks=0 mu=2.000000000e-01
FILTERDDP_TIMING iteration=15 barrier_iteration=1 stage=6 derivative_s=0.013520500 first_order_s=0.012731800 second_order_s=0.000687300 algebra_s=0.072784200 kkt_assembly_s=0.021759400 factor_s=0.031874200 solve_s=0.088485200 update_s=0.026670300 K_nnz=96025 rhs_cols=250 Vxx_nnz=62001
FILTERDDP_TIMING iteration=15 barrier_iteration=1 stage=5 derivative_s=0.015320900 first_order_s=0.014291600 second_order_s=0.000866400 algebra_s=0.025940000 kkt_assembly_s=0.009228900 factor_s=0.031426000 solve_s=0.125569300 update_s=0.013062800 K_nnz=96025 rhs_cols=250 Vxx_nnz=62001
FILTERDDP_TIMING iteration=15 barrier_iteration=1 stage=4 derivative_s=0.019190600 first_order_s=0.018025100 second_order_s=0.001025300 algebra_s=0.014160000 kkt_assembly_s=0.022867100 factor_s=0.096387900 solve_s=0.094113000 update_s=0.013165100 K_nnz=96025 rhs_cols=250 Vxx_nnz=62001
FILTERDDP_TIMING iteration=15 barrier_iteration=1 stage=3 derivative_s=0.015307400 first_order_s=0.014383300 second_order_s=0.000822100 algebra_s=0.013892300 kkt_assembly_s=0.009246600 factor_s=0.394936400 solve_s=0.093254000 update_s=0.013143900 K_nnz=96025 rhs_cols=250 Vxx_nnz=62001
FILTERDDP_TIMING iteration=15 barrier_iteration=1 stage=2 derivative_s=0.015591700 first_order_s=0.014528700 second_order_s=0.000944100 algebra_s=0.013796400 kkt_assembly_s=0.009451600 factor_s=0.031376300 solve_s=0.095246400 update_s=0.013172700 K_nnz=96025 rhs_cols=250 Vxx_nnz=62001
FILTERDDP_TIMING iteration=15 barrier_iteration=1 stage=1 derivative_s=0.022987800 first_order_s=0.021801800 second_order_s=0.001005100 algebra_s=0.012197600 kkt_assembly_s=0.012192600 factor_s=0.033754900 solve_s=0.097016300 update_s=0.013382900 K_nnz=96025 rhs_cols=250 Vxx_nnz=62001
FILTERDDP_FEASIBILITY iteration=15 barrier_iteration=1 equality_count=62016 equality_rms=1.425811036493e-03 equality_max=2.272393324721e-02 equality_worst_stage=5 equality_worst_index=7576 dynamics_count=1245 dynamics_rms=0.000000000000e+00 dynamics_max=0.000000000000e+00 dynamics_worst_stage=0 dynamics_worst_index=0 bound_count=69486 bound_rms=0.000000000000e+00 bound_max=0.000000000000e+00 bound_worst_stage=0 bound_worst_index=0 bound_worst_kind=none
    15   1.19212603e+04   2.2724e-02   6.6543e+00   6.3035e-01   -0.70      -     5.0000e-01   0
FILTERDDP_ITER_TIMING iteration=15 barrier_iteration=1 backward_s=1.668981400 forward_s=0.129859900 total_s=1.798841300 outcome=accepted step_size=5.000000000e-01 backtracks=0 mu=2.000000000e-01
FILTERDDP_TIMING iteration=16 barrier_iteration=1 stage=6 derivative_s=0.015383500 first_order_s=0.012634700 second_order_s=0.002654700 algebra_s=0.092629700 kkt_assembly_s=0.038067500 factor_s=0.032675300 solve_s=0.089242400 update_s=0.026449800 K_nnz=96025 rhs_cols=250 Vxx_nnz=62001
FILTERDDP_TIMING iteration=16 barrier_iteration=1 stage=5 derivative_s=0.034316700 first_order_s=0.032806500 second_order_s=0.001334100 algebra_s=0.015404900 kkt_assembly_s=0.010967600 factor_s=0.032886300 solve_s=0.093891100 update_s=0.012846700 K_nnz=96025 rhs_cols=250 Vxx_nnz=62001
FILTERDDP_TIMING iteration=16 barrier_iteration=1 stage=4 derivative_s=0.015449700 first_order_s=0.014295300 second_order_s=0.001052900 algebra_s=0.014130800 kkt_assembly_s=0.009894800 factor_s=0.033230400 solve_s=0.127114000 update_s=0.012800600 K_nnz=96025 rhs_cols=250 Vxx_nnz=62001
FILTERDDP_TIMING iteration=16 barrier_iteration=1 stage=3 derivative_s=0.014197600 first_order_s=0.013352400 second_order_s=0.000739300 algebra_s=0.013532900 kkt_assembly_s=0.009363300 factor_s=0.055527700 solve_s=0.094746600 update_s=0.012999800 K_nnz=96025 rhs_cols=250 Vxx_nnz=62001
FILTERDDP_TIMING iteration=16 barrier_iteration=1 stage=2 derivative_s=0.015486100 first_order_s=0.014484000 second_order_s=0.000897000 algebra_s=0.014423500 kkt_assembly_s=0.009264400 factor_s=0.032342600 solve_s=0.104285100 update_s=0.013545700 K_nnz=96025 rhs_cols=250 Vxx_nnz=62001
FILTERDDP_TIMING iteration=16 barrier_iteration=1 stage=1 derivative_s=0.015708100 first_order_s=0.014613500 second_order_s=0.000991600 algebra_s=0.013922800 kkt_assembly_s=0.009968000 factor_s=0.032394700 solve_s=0.093403000 update_s=0.013265000 K_nnz=96025 rhs_cols=250 Vxx_nnz=62001
FILTERDDP_FEASIBILITY iteration=16 barrier_iteration=1 equality_count=62016 equality_rms=7.242926573060e-04 equality_max=1.185405766600e-02 equality_worst_stage=2 equality_worst_index=7568 dynamics_count=1245 dynamics_rms=0.000000000000e+00 dynamics_max=0.000000000000e+00 dynamics_worst_stage=0 dynamics_worst_index=0 bound_count=69486 bound_rms=0.000000000000e+00 bound_max=0.000000000000e+00 bound_worst_stage=0 bound_worst_index=0 bound_worst_kind=none
    16   1.18396642e+04   1.1854e-02   4.4613e+00   4.3346e-01   -0.70      -     5.0000e-01   0
FILTERDDP_ITER_TIMING iteration=16 barrier_iteration=1 backward_s=1.299236700 forward_s=0.134729200 total_s=1.433965900 outcome=accepted step_size=5.000000000e-01 backtracks=0 mu=2.000000000e-01
FILTERDDP_TIMING iteration=17 barrier_iteration=1 stage=6 derivative_s=0.011431000 first_order_s=0.010666400 second_order_s=0.000668100 algebra_s=0.061869700 kkt_assembly_s=0.037716000 factor_s=0.044470900 solve_s=0.093013000 update_s=0.026834500 K_nnz=96025 rhs_cols=250 Vxx_nnz=62001
FILTERDDP_TIMING iteration=17 barrier_iteration=1 stage=5 derivative_s=0.015484100 first_order_s=0.014521400 second_order_s=0.000862400 algebra_s=0.069051600 kkt_assembly_s=0.008897100 factor_s=0.031494600 solve_s=0.477275500 update_s=0.013260600 K_nnz=96025 rhs_cols=250 Vxx_nnz=62001
FILTERDDP_TIMING iteration=17 barrier_iteration=1 stage=4 derivative_s=0.034402800 first_order_s=0.033018600 second_order_s=0.001198100 algebra_s=0.015051000 kkt_assembly_s=0.011121900 factor_s=0.031630800 solve_s=0.097158700 update_s=0.013555700 K_nnz=96025 rhs_cols=250 Vxx_nnz=62001
FILTERDDP_TIMING iteration=17 barrier_iteration=1 stage=3 derivative_s=0.019482500 first_order_s=0.018393900 second_order_s=0.000985100 algebra_s=0.013799200 kkt_assembly_s=0.012560400 factor_s=0.032541400 solve_s=0.094761500 update_s=0.014041800 K_nnz=96025 rhs_cols=250 Vxx_nnz=62001
FILTERDDP_TIMING iteration=17 barrier_iteration=1 stage=2 derivative_s=0.020093700 first_order_s=0.018210400 second_order_s=0.001777700 algebra_s=0.018138600 kkt_assembly_s=0.009520900 factor_s=0.033387300 solve_s=0.094174600 update_s=0.014315100 K_nnz=96025 rhs_cols=250 Vxx_nnz=62001
FILTERDDP_TIMING iteration=17 barrier_iteration=1 stage=1 derivative_s=0.017222900 first_order_s=0.015348900 second_order_s=0.001771700 algebra_s=0.018080700 kkt_assembly_s=0.010681500 factor_s=0.033402300 solve_s=0.092998200 update_s=0.014026500 K_nnz=96025 rhs_cols=250 Vxx_nnz=62001
FILTERDDP_FEASIBILITY iteration=17 barrier_iteration=1 equality_count=62016 equality_rms=3.802208236194e-04 equality_max=6.969480947548e-03 equality_worst_stage=2 equality_worst_index=7568 dynamics_count=1245 dynamics_rms=0.000000000000e+00 dynamics_max=0.000000000000e+00 dynamics_worst_stage=0 dynamics_worst_index=0 bound_count=69486 bound_rms=0.000000000000e+00 bound_max=0.000000000000e+00 bound_worst_stage=0 bound_worst_index=0 bound_worst_kind=none
    17   1.17461388e+04   6.9695e-03   6.3188e+00   3.2404e-01   -0.70      -     5.0000e-01   0
FILTERDDP_ITER_TIMING iteration=17 barrier_iteration=1 backward_s=1.681057600 forward_s=0.152984600 total_s=1.834042200 outcome=accepted step_size=5.000000000e-01 backtracks=0 mu=2.000000000e-01
FILTERDDP_TIMING iteration=18 barrier_iteration=1 stage=6 derivative_s=0.013164500 first_order_s=0.012324200 second_order_s=0.000747600 algebra_s=0.065726800 kkt_assembly_s=0.025890200 factor_s=0.031450200 solve_s=0.090500500 update_s=0.026436900 K_nnz=96025 rhs_cols=250 Vxx_nnz=62001
FILTERDDP_TIMING iteration=18 barrier_iteration=1 stage=5 derivative_s=0.023116200 first_order_s=0.022094400 second_order_s=0.000916800 algebra_s=0.013420000 kkt_assembly_s=0.009797200 factor_s=0.032534800 solve_s=0.097110400 update_s=0.013339500 K_nnz=96025 rhs_cols=250 Vxx_nnz=62001
FILTERDDP_TIMING iteration=18 barrier_iteration=1 stage=4 derivative_s=0.015217800 first_order_s=0.014286700 second_order_s=0.000830200 algebra_s=0.014763500 kkt_assembly_s=0.019511900 factor_s=0.033127600 solve_s=0.092367500 update_s=0.012726200 K_nnz=96025 rhs_cols=250 Vxx_nnz=62001
FILTERDDP_TIMING iteration=18 barrier_iteration=1 stage=3 derivative_s=0.016310400 first_order_s=0.014877600 second_order_s=0.001330600 algebra_s=0.028526000 kkt_assembly_s=0.010168900 factor_s=0.031808800 solve_s=0.094929400 update_s=0.013603300 K_nnz=96025 rhs_cols=250 Vxx_nnz=62001
FILTERDDP_TIMING iteration=18 barrier_iteration=1 stage=2 derivative_s=0.015425800 first_order_s=0.014291800 second_order_s=0.001027700 algebra_s=0.013946200 kkt_assembly_s=0.009615900 factor_s=0.031824900 solve_s=0.098388900 update_s=0.013718700 K_nnz=96025 rhs_cols=250 Vxx_nnz=62001
FILTERDDP_TIMING iteration=18 barrier_iteration=1 stage=1 derivative_s=0.016186300 first_order_s=0.015060300 second_order_s=0.001023100 algebra_s=0.013480900 kkt_assembly_s=0.009286700 factor_s=0.032190600 solve_s=0.092398400 update_s=0.013236300 K_nnz=96025 rhs_cols=250 Vxx_nnz=62001
FILTERDDP_FEASIBILITY iteration=18 barrier_iteration=1 equality_count=62016 equality_rms=2.108400271715e-04 equality_max=5.249932447398e-03 equality_worst_stage=6 equality_worst_index=9917 dynamics_count=1245 dynamics_rms=0.000000000000e+00 dynamics_max=0.000000000000e+00 dynamics_worst_stage=0 dynamics_worst_index=0 bound_count=69486 bound_rms=0.000000000000e+00 bound_max=0.000000000000e+00 bound_worst_stage=0 bound_worst_index=0 bound_worst_kind=none
    18   1.16631304e+04   5.2499e-03   7.5357e+00   2.6448e-01   -0.70      -     5.0000e-01   0
FILTERDDP_ITER_TIMING iteration=18 barrier_iteration=1 backward_s=1.207821000 forward_s=0.129571300 total_s=1.337392300 outcome=accepted step_size=5.000000000e-01 backtracks=0 mu=2.000000000e-01
FILTERDDP_TIMING iteration=19 barrier_iteration=1 stage=6 derivative_s=0.015784500 first_order_s=0.014417700 second_order_s=0.001273500 algebra_s=0.067253200 kkt_assembly_s=0.022029400 factor_s=0.087789200 solve_s=0.092532300 update_s=0.036202700 K_nnz=96025 rhs_cols=250 Vxx_nnz=62001
FILTERDDP_TIMING iteration=19 barrier_iteration=1 stage=5 derivative_s=0.016001400 first_order_s=0.014823900 second_order_s=0.001072500 algebra_s=0.389622700 kkt_assembly_s=0.017475100 factor_s=0.032772500 solve_s=0.092567200 update_s=0.014306300 K_nnz=96025 rhs_cols=250 Vxx_nnz=62001
FILTERDDP_TIMING iteration=19 barrier_iteration=1 stage=4 derivative_s=0.017942100 first_order_s=0.016259300 second_order_s=0.001573500 algebra_s=0.017724400 kkt_assembly_s=0.009415100 factor_s=0.032534600 solve_s=0.094457000 update_s=0.014300300 K_nnz=96025 rhs_cols=250 Vxx_nnz=62001
FILTERDDP_TIMING iteration=19 barrier_iteration=1 stage=3 derivative_s=0.016154200 first_order_s=0.014184800 second_order_s=0.001869800 algebra_s=0.017646800 kkt_assembly_s=0.009128400 factor_s=0.033704100 solve_s=0.094256200 update_s=0.014042900 K_nnz=96025 rhs_cols=250 Vxx_nnz=62001
FILTERDDP_TIMING iteration=19 barrier_iteration=1 stage=2 derivative_s=0.016419300 first_order_s=0.014601100 second_order_s=0.001707700 algebra_s=0.017529100 kkt_assembly_s=0.009105200 factor_s=0.033412000 solve_s=0.092672700 update_s=0.013679900 K_nnz=96025 rhs_cols=250 Vxx_nnz=62001
FILTERDDP_TIMING iteration=19 barrier_iteration=1 stage=1 derivative_s=0.016219800 first_order_s=0.014404400 second_order_s=0.001716100 algebra_s=0.017993300 kkt_assembly_s=0.009508500 factor_s=0.049594500 solve_s=0.098380100 update_s=0.013323200 K_nnz=96025 rhs_cols=250 Vxx_nnz=62001
FILTERDDP_FEASIBILITY iteration=19 barrier_iteration=1 equality_count=62016 equality_rms=1.207072874889e-04 equality_max=4.685727749560e-03 equality_worst_stage=6 equality_worst_index=9917 dynamics_count=1245 dynamics_rms=0.000000000000e+00 dynamics_max=0.000000000000e+00 dynamics_worst_stage=0 dynamics_worst_index=0 bound_count=69486 bound_rms=0.000000000000e+00 bound_max=0.000000000000e+00 bound_worst_stage=0 bound_worst_index=0 bound_worst_kind=none
    19   1.16050086e+04   4.6857e-03   7.4924e+00   2.3298e-01   -0.70      -     5.0000e-01   0
FILTERDDP_ITER_TIMING iteration=19 barrier_iteration=1 backward_s=1.677820300 forward_s=0.112539600 total_s=1.790359900 outcome=accepted step_size=5.000000000e-01 backtracks=0 mu=2.000000000e-01
FILTERDDP_TIMING iteration=20 barrier_iteration=1 stage=6 derivative_s=0.012785700 first_order_s=0.011847400 second_order_s=0.000838300 algebra_s=0.056469200 kkt_assembly_s=0.022628500 factor_s=0.033277100 solve_s=0.098765200 update_s=0.026922000 K_nnz=96025 rhs_cols=250 Vxx_nnz=62001
FILTERDDP_TIMING iteration=20 barrier_iteration=1 stage=5 derivative_s=0.015553300 first_order_s=0.014470300 second_order_s=0.000962600 algebra_s=0.014252600 kkt_assembly_s=0.009300700 factor_s=0.031376100 solve_s=0.098440900 update_s=0.013311600 K_nnz=96025 rhs_cols=250 Vxx_nnz=62001
FILTERDDP_TIMING iteration=20 barrier_iteration=1 stage=4 derivative_s=0.022333300 first_order_s=0.021077000 second_order_s=0.001148900 algebra_s=0.014305400 kkt_assembly_s=0.014439300 factor_s=0.033686600 solve_s=0.095980000 update_s=0.013924600 K_nnz=96025 rhs_cols=250 Vxx_nnz=62001
FILTERDDP_TIMING iteration=20 barrier_iteration=1 stage=3 derivative_s=0.018297600 first_order_s=0.016759800 second_order_s=0.001435900 algebra_s=0.034109600 kkt_assembly_s=0.018604300 factor_s=0.033588100 solve_s=0.093236300 update_s=0.012959300 K_nnz=96025 rhs_cols=250 Vxx_nnz=62001
FILTERDDP_TIMING iteration=20 barrier_iteration=1 stage=2 derivative_s=0.015389400 first_order_s=0.014439300 second_order_s=0.000850200 algebra_s=0.014149600 kkt_assembly_s=0.009889300 factor_s=0.031886700 solve_s=0.122168100 update_s=0.013171400 K_nnz=96025 rhs_cols=250 Vxx_nnz=62001
FILTERDDP_TIMING iteration=20 barrier_iteration=1 stage=1 derivative_s=0.017009900 first_order_s=0.016053900 second_order_s=0.000854400 algebra_s=0.014526500 kkt_assembly_s=0.009150400 factor_s=0.031568000 solve_s=0.093680700 update_s=0.013277500 K_nnz=96025 rhs_cols=250 Vxx_nnz=62001
FILTERDDP_FEASIBILITY iteration=20 barrier_iteration=1 equality_count=62016 equality_rms=6.777221661206e-05 equality_max=3.306315142837e-03 equality_worst_stage=6 equality_worst_index=9917 dynamics_count=1245 dynamics_rms=0.000000000000e+00 dynamics_max=0.000000000000e+00 dynamics_worst_stage=0 dynamics_worst_index=0 bound_count=69486 bound_rms=0.000000000000e+00 bound_max=0.000000000000e+00 bound_worst_stage=0 bound_worst_index=0 bound_worst_kind=none
  iter     objective        pr_inf       du_inf       cs_inf     lg(╬╝)   lg(reg)    alpha     ls
    20   1.15701286e+04   3.3063e-03   5.4089e+00   2.1670e-01   -0.70      -     5.0000e-01   0
FILTERDDP_ITER_TIMING iteration=20 barrier_iteration=1 backward_s=1.247887200 forward_s=0.139023400 total_s=1.386910600 outcome=accepted step_size=5.000000000e-01 backtracks=0 mu=2.000000000e-01
FILTERDDP_TIMING iteration=21 barrier_iteration=1 stage=6 derivative_s=0.013878300 first_order_s=0.013089100 second_order_s=0.000693500 algebra_s=0.065928900 kkt_assembly_s=0.021976900 factor_s=0.088235800 solve_s=0.090352200 update_s=0.026502700 K_nnz=96025 rhs_cols=250 Vxx_nnz=62001
FILTERDDP_TIMING iteration=21 barrier_iteration=1 stage=5 derivative_s=0.015537700 first_order_s=0.014545200 second_order_s=0.000892700 algebra_s=0.384032000 kkt_assembly_s=0.011170900 factor_s=0.032179300 solve_s=0.095660400 update_s=0.013623500 K_nnz=96025 rhs_cols=250 Vxx_nnz=62001
FILTERDDP_TIMING iteration=21 barrier_iteration=1 stage=4 derivative_s=0.018232100 first_order_s=0.017046400 second_order_s=0.001081500 algebra_s=0.013562400 kkt_assembly_s=0.010238700 factor_s=0.031864800 solve_s=0.093253600 update_s=0.013049900 K_nnz=96025 rhs_cols=250 Vxx_nnz=62001
FILTERDDP_TIMING iteration=21 barrier_iteration=1 stage=3 derivative_s=0.015492300 first_order_s=0.014439900 second_order_s=0.000952900 algebra_s=0.015066200 kkt_assembly_s=0.009017300 factor_s=0.033235400 solve_s=0.096909100 update_s=0.013846000 K_nnz=96025 rhs_cols=250 Vxx_nnz=62001
FILTERDDP_TIMING iteration=21 barrier_iteration=1 stage=2 derivative_s=0.016190500 first_order_s=0.014491500 second_order_s=0.001595400 algebra_s=0.018412100 kkt_assembly_s=0.009944600 factor_s=0.050701200 solve_s=0.098086100 update_s=0.013656300 K_nnz=96025 rhs_cols=250 Vxx_nnz=62001
FILTERDDP_TIMING iteration=21 barrier_iteration=1 stage=1 derivative_s=0.036299500 first_order_s=0.033818600 second_order_s=0.002280900 algebra_s=0.019618500 kkt_assembly_s=0.010121900 factor_s=0.050369400 solve_s=0.096066700 update_s=0.012997000 K_nnz=96025 rhs_cols=250 Vxx_nnz=62001
FILTERDDP_FEASIBILITY iteration=21 barrier_iteration=1 equality_count=62016 equality_rms=3.654120200256e-05 equality_max=1.993857133591e-03 equality_worst_stage=6 equality_worst_index=9917 dynamics_count=1245 dynamics_rms=0.000000000000e+00 dynamics_max=0.000000000000e+00 dynamics_worst_stage=0 dynamics_worst_index=0 bound_count=69486 bound_rms=0.000000000000e+00 bound_max=0.000000000000e+00 bound_worst_stage=0 bound_worst_index=0 bound_worst_kind=none
    21   1.15510123e+04   1.9939e-03   3.2020e+00   2.0841e-01   -0.70      -     5.0000e-01   0
FILTERDDP_ITER_TIMING iteration=21 barrier_iteration=1 backward_s=1.678949500 forward_s=0.124624900 total_s=1.803574400 outcome=accepted step_size=5.000000000e-01 backtracks=0 mu=2.000000000e-01
FILTERDDP_TIMING iteration=22 barrier_iteration=1 stage=6 derivative_s=0.015071000 first_order_s=0.014326500 second_order_s=0.000654300 algebra_s=0.060492500 kkt_assembly_s=0.022647700 factor_s=0.033106800 solve_s=0.098260500 update_s=0.025688800 K_nnz=96025 rhs_cols=250 Vxx_nnz=62001
FILTERDDP_TIMING iteration=22 barrier_iteration=1 stage=5 derivative_s=0.023976000 first_order_s=0.022946200 second_order_s=0.000930600 algebra_s=0.013563400 kkt_assembly_s=0.009168800 factor_s=0.031448200 solve_s=0.094958100 update_s=0.013458700 K_nnz=96025 rhs_cols=250 Vxx_nnz=62001
FILTERDDP_TIMING iteration=22 barrier_iteration=1 stage=4 derivative_s=0.020737600 first_order_s=0.019759100 second_order_s=0.000879300 algebra_s=0.014584500 kkt_assembly_s=0.009133700 factor_s=0.032107100 solve_s=0.093058200 update_s=0.013919900 K_nnz=96025 rhs_cols=250 Vxx_nnz=62001
FILTERDDP_TIMING iteration=22 barrier_iteration=1 stage=3 derivative_s=0.016565200 first_order_s=0.014726600 second_order_s=0.001734500 algebra_s=0.030173300 kkt_assembly_s=0.009277400 factor_s=0.031884100 solve_s=0.094652700 update_s=0.013404200 K_nnz=96025 rhs_cols=250 Vxx_nnz=62001
FILTERDDP_TIMING iteration=22 barrier_iteration=1 stage=2 derivative_s=0.015354900 first_order_s=0.014386800 second_order_s=0.000865100 algebra_s=0.011472200 kkt_assembly_s=0.009075300 factor_s=0.032065700 solve_s=0.099000900 update_s=0.013292200 K_nnz=96025 rhs_cols=250 Vxx_nnz=62001
FILTERDDP_TIMING iteration=22 barrier_iteration=1 stage=1 derivative_s=0.017348400 first_order_s=0.016191000 second_order_s=0.001046700 algebra_s=0.016064200 kkt_assembly_s=0.009400700 factor_s=0.031905800 solve_s=0.124094500 update_s=0.013855000 K_nnz=96025 rhs_cols=250 Vxx_nnz=62001
FILTERDDP_FEASIBILITY iteration=22 barrier_iteration=1 equality_count=62016 equality_rms=1.906144717543e-05 equality_max=1.098111644410e-03 equality_worst_stage=6 equality_worst_index=9917 dynamics_count=1245 dynamics_rms=0.000000000000e+00 dynamics_max=0.000000000000e+00 dynamics_worst_stage=0 dynamics_worst_index=0 bound_count=69486 bound_rms=0.000000000000e+00 bound_max=0.000000000000e+00 bound_worst_stage=0 bound_worst_index=0 bound_worst_kind=none
FILTERDDP_ITER_TIMING iteration=22 barrier_iteration=1 backward_s=1.236602700 forward_s=0.000000000 total_s=1.236602700 outcome=barrier_update step_size=5.000000000e-01 backtracks=0 mu=2.000000000e-01
FILTERDDP_TIMING iteration=22 barrier_iteration=2 stage=6 derivative_s=0.034253900 first_order_s=0.032491200 second_order_s=0.001599600 algebra_s=0.072176600 kkt_assembly_s=0.026446400 factor_s=0.038057200 solve_s=0.153097700 update_s=0.026692500 K_nnz=96025 rhs_cols=250 Vxx_nnz=62001
FILTERDDP_TIMING iteration=22 barrier_iteration=2 stage=5 derivative_s=0.015885900 first_order_s=0.014773000 second_order_s=0.000976800 algebra_s=0.013785500 kkt_assembly_s=0.009022800 factor_s=0.031817100 solve_s=0.470113600 update_s=0.014686300 K_nnz=96025 rhs_cols=250 Vxx_nnz=62001
FILTERDDP_TIMING iteration=22 barrier_iteration=2 stage=4 derivative_s=0.015332100 first_order_s=0.014378900 second_order_s=0.000851700 algebra_s=0.013936200 kkt_assembly_s=0.009080700 factor_s=0.032115100 solve_s=0.093923200 update_s=0.012907100 K_nnz=96025 rhs_cols=250 Vxx_nnz=62001
FILTERDDP_TIMING iteration=22 barrier_iteration=2 stage=3 derivative_s=0.015256600 first_order_s=0.014218400 second_order_s=0.000923700 algebra_s=0.013892100 kkt_assembly_s=0.009340000 factor_s=0.031405900 solve_s=0.093586300 update_s=0.013133800 K_nnz=96025 rhs_cols=250 Vxx_nnz=62001
FILTERDDP_TIMING iteration=22 barrier_iteration=2 stage=2 derivative_s=0.016092500 first_order_s=0.014981300 second_order_s=0.001007400 algebra_s=0.017914200 kkt_assembly_s=0.009396800 factor_s=0.032290100 solve_s=0.092554800 update_s=0.013849800 K_nnz=96025 rhs_cols=250 Vxx_nnz=62001
FILTERDDP_TIMING iteration=22 barrier_iteration=2 stage=1 derivative_s=0.016198600 first_order_s=0.014445900 second_order_s=0.001649200 algebra_s=0.017425200 kkt_assembly_s=0.009310000 factor_s=0.034061500 solve_s=0.094822500 update_s=0.014125500 K_nnz=96025 rhs_cols=250 Vxx_nnz=62001
FILTERDDP_FEASIBILITY iteration=22 barrier_iteration=2 equality_count=62016 equality_rms=1.906144717543e-05 equality_max=1.098111644410e-03 equality_worst_stage=6 equality_worst_index=9917 dynamics_count=1245 dynamics_rms=0.000000000000e+00 dynamics_max=0.000000000000e+00 dynamics_worst_stage=0 dynamics_worst_index=0 bound_count=69486 bound_rms=0.000000000000e+00 bound_max=0.000000000000e+00 bound_worst_stage=0 bound_worst_index=0 bound_worst_kind=none
    22   1.15410486e+04   1.0981e-03   1.7052e+00   2.0422e-01   -1.40      -     5.0000e-01   0
FILTERDDP_ITER_TIMING iteration=22 barrier_iteration=2 backward_s=1.651374700 forward_s=0.186232100 total_s=1.837606800 outcome=accepted step_size=5.000000000e-01 backtracks=0 mu=4.000000000e-02
FILTERDDP_TIMING iteration=23 barrier_iteration=2 stage=6 derivative_s=0.018454500 first_order_s=0.016769900 second_order_s=0.001590900 algebra_s=0.059811100 kkt_assembly_s=0.022294000 factor_s=0.033620000 solve_s=0.090784100 update_s=0.028163300 K_nnz=96025 rhs_cols=250 Vxx_nnz=62001
FILTERDDP_TIMING iteration=23 barrier_iteration=2 stage=5 derivative_s=0.023459400 first_order_s=0.021783100 second_order_s=0.001574000 algebra_s=0.014100800 kkt_assembly_s=0.009841600 factor_s=0.032330400 solve_s=0.098667100 update_s=0.013842600 K_nnz=96025 rhs_cols=250 Vxx_nnz=62001
FILTERDDP_TIMING iteration=23 barrier_iteration=2 stage=4 derivative_s=0.035864000 first_order_s=0.033551200 second_order_s=0.002146000 algebra_s=0.020528100 kkt_assembly_s=0.017291600 factor_s=0.036058700 solve_s=0.094490700 update_s=0.013873900 K_nnz=96025 rhs_cols=250 Vxx_nnz=62001
FILTERDDP_TIMING iteration=23 barrier_iteration=2 stage=3 derivative_s=0.016262800 first_order_s=0.014499200 second_order_s=0.001663400 algebra_s=0.028740600 kkt_assembly_s=0.014171400 factor_s=0.033913500 solve_s=0.095910800 update_s=0.013344300 K_nnz=96025 rhs_cols=250 Vxx_nnz=62001
FILTERDDP_TIMING iteration=23 barrier_iteration=2 stage=2 derivative_s=0.015432000 first_order_s=0.014453300 second_order_s=0.000874200 algebra_s=0.013918600 kkt_assembly_s=0.009175200 factor_s=0.031388300 solve_s=0.101730300 update_s=0.013711900 K_nnz=96025 rhs_cols=250 Vxx_nnz=62001
FILTERDDP_TIMING iteration=23 barrier_iteration=2 stage=1 derivative_s=0.021737400 first_order_s=0.020655300 second_order_s=0.000955700 algebra_s=0.013621700 kkt_assembly_s=0.009213600 factor_s=0.031587800 solve_s=0.093317400 update_s=0.013059200 K_nnz=96025 rhs_cols=250 Vxx_nnz=62001
FILTERDDP_FEASIBILITY iteration=23 barrier_iteration=2 equality_count=62016 equality_rms=2.579416947363e-04 equality_max=9.680332849999e-03 equality_worst_stage=2 equality_worst_index=7582 dynamics_count=1245 dynamics_rms=0.000000000000e+00 dynamics_max=0.000000000000e+00 dynamics_worst_stage=0 dynamics_worst_index=0 bound_count=69486 bound_rms=0.000000000000e+00 bound_max=0.000000000000e+00 bound_worst_stage=0 bound_worst_index=0 bound_worst_kind=none
    23   1.13551587e+04   9.6803e-03   3.1108e+01   1.3028e-01   -1.40      -     5.0000e-01   0
FILTERDDP_ITER_TIMING iteration=23 barrier_iteration=2 backward_s=1.257437900 forward_s=0.235411300 total_s=1.492849200 outcome=accepted step_size=2.500000000e-01 backtracks=0 mu=4.000000000e-02
FILTERDDP_TIMING iteration=24 barrier_iteration=2 stage=6 derivative_s=0.018725500 first_order_s=0.017200400 second_order_s=0.001367900 algebra_s=0.063685600 kkt_assembly_s=0.024524200 factor_s=0.032508900 solve_s=0.169346100 update_s=0.026681300 K_nnz=96025 rhs_cols=250 Vxx_nnz=62001
FILTERDDP_TIMING iteration=24 barrier_iteration=2 stage=5 derivative_s=0.033524200 first_order_s=0.032190700 second_order_s=0.001159800 algebra_s=0.015421800 kkt_assembly_s=0.012209900 factor_s=0.033088900 solve_s=0.470800200 update_s=0.013231400 K_nnz=96025 rhs_cols=250 Vxx_nnz=62001
FILTERDDP_TIMING iteration=24 barrier_iteration=2 stage=4 derivative_s=0.016841300 first_order_s=0.015519100 second_order_s=0.001120300 algebra_s=0.013842400 kkt_assembly_s=0.009927400 factor_s=0.035988800 solve_s=0.095335500 update_s=0.013022300 K_nnz=96025 rhs_cols=250 Vxx_nnz=62001
FILTERDDP_TIMING iteration=24 barrier_iteration=2 stage=3 derivative_s=0.015506000 first_order_s=0.014560800 second_order_s=0.000841900 algebra_s=0.014459000 kkt_assembly_s=0.009325100 factor_s=0.031203500 solve_s=0.098260000 update_s=0.013324500 K_nnz=96025 rhs_cols=250 Vxx_nnz=62001
FILTERDDP_TIMING iteration=24 barrier_iteration=2 stage=2 derivative_s=0.016448000 first_order_s=0.015000900 second_order_s=0.001343700 algebra_s=0.017771100 kkt_assembly_s=0.009262900 factor_s=0.033497000 solve_s=0.092858900 update_s=0.013570000 K_nnz=96025 rhs_cols=250 Vxx_nnz=62001
FILTERDDP_TIMING iteration=24 barrier_iteration=2 stage=1 derivative_s=0.017623500 first_order_s=0.015538400 second_order_s=0.001983800 algebra_s=0.020037700 kkt_assembly_s=0.009294400 factor_s=0.033227700 solve_s=0.094594500 update_s=0.013558100 K_nnz=96025 rhs_cols=250 Vxx_nnz=62001
FILTERDDP_FEASIBILITY iteration=24 barrier_iteration=2 equality_count=62016 equality_rms=3.324015686765e-04 equality_max=1.126770511326e-02 equality_worst_stage=3 equality_worst_index=7582 dynamics_count=1245 dynamics_rms=0.000000000000e+00 dynamics_max=0.000000000000e+00 dynamics_worst_stage=0 dynamics_worst_index=0 bound_count=69486 bound_rms=0.000000000000e+00 bound_max=0.000000000000e+00 bound_worst_stage=0 bound_worst_index=0 bound_worst_kind=none
    24   1.12397515e+04   1.1268e-02   5.6725e+01   1.0861e-01   -1.40      -     2.5000e-01   0
FILTERDDP_ITER_TIMING iteration=24 barrier_iteration=2 backward_s=1.676702300 forward_s=0.228645500 total_s=1.905347800 outcome=accepted step_size=2.500000000e-01 backtracks=0 mu=4.000000000e-02
FILTERDDP_TIMING iteration=25 barrier_iteration=2 stage=6 derivative_s=0.013744900 first_order_s=0.012977400 second_order_s=0.000670300 algebra_s=0.061436700 kkt_assembly_s=0.022141100 factor_s=0.032331900 solve_s=0.096903900 update_s=0.026321700 K_nnz=96025 rhs_cols=250 Vxx_nnz=62001
FILTERDDP_TIMING iteration=25 barrier_iteration=2 stage=5 derivative_s=0.015489700 first_order_s=0.014523000 second_order_s=0.000861400 algebra_s=0.013965900 kkt_assembly_s=0.009040800 factor_s=0.033022600 solve_s=0.098603800 update_s=0.013176400 K_nnz=96025 rhs_cols=250 Vxx_nnz=62001
FILTERDDP_TIMING iteration=25 barrier_iteration=2 stage=4 derivative_s=0.015428700 first_order_s=0.014355200 second_order_s=0.000970900 algebra_s=0.014396700 kkt_assembly_s=0.014571000 factor_s=0.032554400 solve_s=0.093768400 update_s=0.013425900 K_nnz=96025 rhs_cols=250 Vxx_nnz=62001
FILTERDDP_TIMING iteration=25 barrier_iteration=2 stage=3 derivative_s=0.016102600 first_order_s=0.014966500 second_order_s=0.001033900 algebra_s=0.031912900 kkt_assembly_s=0.009075600 factor_s=0.031943700 solve_s=0.093840700 update_s=0.013182800 K_nnz=96025 rhs_cols=250 Vxx_nnz=62001
FILTERDDP_TIMING iteration=25 barrier_iteration=2 stage=2 derivative_s=0.015601200 first_order_s=0.014663800 second_order_s=0.000837100 algebra_s=0.013875100 kkt_assembly_s=0.009380000 factor_s=0.033231300 solve_s=0.104238600 update_s=0.013821900 K_nnz=96025 rhs_cols=250 Vxx_nnz=62001
FILTERDDP_TIMING iteration=25 barrier_iteration=2 stage=1 derivative_s=0.015468300 first_order_s=0.014481300 second_order_s=0.000871600 algebra_s=0.014201900 kkt_assembly_s=0.010178000 factor_s=0.032836300 solve_s=0.100858700 update_s=0.013046000 K_nnz=96025 rhs_cols=250 Vxx_nnz=62001
FILTERDDP_FEASIBILITY iteration=25 barrier_iteration=2 equality_count=62016 equality_rms=4.313407675142e-04 equality_max=1.437375844700e-02 equality_worst_stage=3 equality_worst_index=7582 dynamics_count=1245 dynamics_rms=0.000000000000e+00 dynamics_max=0.000000000000e+00 dynamics_worst_stage=0 dynamics_worst_index=0 bound_count=69486 bound_rms=0.000000000000e+00 bound_max=0.000000000000e+00 bound_worst_stage=0 bound_worst_index=0 bound_worst_kind=none
    25   1.11210434e+04   1.4374e-02   9.3202e+01   9.2064e-02   -1.40      -     2.5000e-01   0
FILTERDDP_ITER_TIMING iteration=25 barrier_iteration=2 backward_s=1.215446300 forward_s=0.223771300 total_s=1.439217600 outcome=accepted step_size=2.500000000e-01 backtracks=0 mu=4.000000000e-02
FILTERDDP_TIMING iteration=26 barrier_iteration=2 stage=6 derivative_s=0.014992400 first_order_s=0.013400100 second_order_s=0.001474700 algebra_s=0.065623800 kkt_assembly_s=0.054486700 factor_s=0.036554800 solve_s=0.146570800 update_s=0.026432500 K_nnz=96025 rhs_cols=250 Vxx_nnz=62001
FILTERDDP_TIMING iteration=26 barrier_iteration=2 stage=5 derivative_s=0.030730100 first_order_s=0.029469000 second_order_s=0.001104500 algebra_s=0.014248500 kkt_assembly_s=0.009559000 factor_s=0.032527600 solve_s=0.468267100 update_s=0.014394000 K_nnz=96025 rhs_cols=250 Vxx_nnz=62001
FILTERDDP_TIMING iteration=26 barrier_iteration=2 stage=4 derivative_s=0.015187400 first_order_s=0.014048300 second_order_s=0.001038800 algebra_s=0.014079600 kkt_assembly_s=0.010674800 factor_s=0.032176100 solve_s=0.095536500 update_s=0.013347200 K_nnz=96025 rhs_cols=250 Vxx_nnz=62001
FILTERDDP_TIMING iteration=26 barrier_iteration=2 stage=3 derivative_s=0.015971900 first_order_s=0.014862900 second_order_s=0.000986900 algebra_s=0.013910100 kkt_assembly_s=0.009305200 factor_s=0.032728000 solve_s=0.095597600 update_s=0.013728400 K_nnz=96025 rhs_cols=250 Vxx_nnz=62001
FILTERDDP_TIMING iteration=26 barrier_iteration=2 stage=2 derivative_s=0.016173900 first_order_s=0.015045600 second_order_s=0.001024300 algebra_s=0.017369600 kkt_assembly_s=0.009534600 factor_s=0.032852700 solve_s=0.094694000 update_s=0.013864900 K_nnz=96025 rhs_cols=250 Vxx_nnz=62001
FILTERDDP_TIMING iteration=26 barrier_iteration=2 stage=1 derivative_s=0.016330700 first_order_s=0.014571600 second_order_s=0.001655700 algebra_s=0.018046400 kkt_assembly_s=0.011024300 factor_s=0.035478200 solve_s=0.093624600 update_s=0.013253900 K_nnz=96025 rhs_cols=250 Vxx_nnz=62001
FILTERDDP_FEASIBILITY iteration=26 barrier_iteration=2 equality_count=62016 equality_rms=5.511292054709e-04 equality_max=1.834232050562e-02 equality_worst_stage=3 equality_worst_index=7582 dynamics_count=1245 dynamics_rms=0.000000000000e+00 dynamics_max=0.000000000000e+00 dynamics_worst_stage=0 dynamics_worst_index=0 bound_count=69486 bound_rms=0.000000000000e+00 bound_max=0.000000000000e+00 bound_worst_stage=0 bound_worst_index=0 bound_worst_kind=none
    26   1.10032921e+04   1.8342e-02   1.5241e+02   7.9437e-02   -1.40      -     2.5000e-01   0
FILTERDDP_ITER_TIMING iteration=26 barrier_iteration=2 backward_s=1.672317200 forward_s=0.252727000 total_s=1.925044200 outcome=accepted step_size=2.500000000e-01 backtracks=0 mu=4.000000000e-02
FILTERDDP_TIMING iteration=27 barrier_iteration=2 stage=6 derivative_s=0.014055900 first_order_s=0.013257100 second_order_s=0.000704000 algebra_s=0.059142000 kkt_assembly_s=0.022035900 factor_s=0.032609900 solve_s=0.095006800 update_s=0.027074300 K_nnz=96025 rhs_cols=250 Vxx_nnz=62001
FILTERDDP_TIMING iteration=27 barrier_iteration=2 stage=5 derivative_s=0.015596600 first_order_s=0.014616300 second_order_s=0.000874700 algebra_s=0.014154800 kkt_assembly_s=0.009488500 factor_s=0.031891900 solve_s=0.094858400 update_s=0.013547700 K_nnz=96025 rhs_cols=250 Vxx_nnz=62001
FILTERDDP_TIMING iteration=27 barrier_iteration=2 stage=4 derivative_s=0.022776900 first_order_s=0.021791400 second_order_s=0.000882500 algebra_s=0.014114300 kkt_assembly_s=0.011026700 factor_s=0.032067700 solve_s=0.124525500 update_s=0.012587800 K_nnz=96025 rhs_cols=250 Vxx_nnz=62001
FILTERDDP_TIMING iteration=27 barrier_iteration=2 stage=3 derivative_s=0.013482000 first_order_s=0.012749300 second_order_s=0.000624200 algebra_s=0.028122700 kkt_assembly_s=0.009621600 factor_s=0.033123800 solve_s=0.095909800 update_s=0.013506000 K_nnz=96025 rhs_cols=250 Vxx_nnz=62001
FILTERDDP_TIMING iteration=27 barrier_iteration=2 stage=2 derivative_s=0.035183600 first_order_s=0.033369500 second_order_s=0.001587100 algebra_s=0.015615300 kkt_assembly_s=0.024557100 factor_s=0.040218600 solve_s=0.100125800 update_s=0.013383100 K_nnz=96025 rhs_cols=250 Vxx_nnz=62001
FILTERDDP_TIMING iteration=27 barrier_iteration=2 stage=1 derivative_s=0.015762900 first_order_s=0.014666200 second_order_s=0.000993500 algebra_s=0.013531100 kkt_assembly_s=0.009188000 factor_s=0.032162000 solve_s=0.098117100 update_s=0.013036700 K_nnz=96025 rhs_cols=250 Vxx_nnz=62001
FILTERDDP_FEASIBILITY iteration=27 barrier_iteration=2 equality_count=62016 equality_rms=7.038331603815e-04 equality_max=2.355220969669e-02 equality_worst_stage=3 equality_worst_index=7582 dynamics_count=1245 dynamics_rms=0.000000000000e+00 dynamics_max=0.000000000000e+00 dynamics_worst_stage=0 dynamics_worst_index=0 bound_count=69486 bound_rms=0.000000000000e+00 bound_max=0.000000000000e+00 bound_worst_stage=0 bound_worst_index=0 bound_worst_kind=none
    27   1.08905604e+04   2.3552e-02   2.8989e+02   6.9834e-02   -1.40      -     2.5000e-01   0
FILTERDDP_ITER_TIMING iteration=27 barrier_iteration=2 backward_s=1.274627600 forward_s=0.265196100 total_s=1.539823700 outcome=accepted step_size=3.125000000e-02 backtracks=0 mu=4.000000000e-02
FILTERDDP_TIMING iteration=28 barrier_iteration=2 stage=6 derivative_s=0.010905400 first_order_s=0.010149100 second_order_s=0.000666000 algebra_s=0.067495900 kkt_assembly_s=0.022810400 factor_s=0.090120500 solve_s=0.459112300 update_s=0.026739900 K_nnz=96025 rhs_cols=250 Vxx_nnz=62001
FILTERDDP_TIMING iteration=28 barrier_iteration=2 stage=5 derivative_s=0.015254500 first_order_s=0.014311100 second_order_s=0.000841000 algebra_s=0.014844100 kkt_assembly_s=0.011847600 factor_s=0.032057500 solve_s=0.092915500 update_s=0.013766300 K_nnz=96025 rhs_cols=250 Vxx_nnz=62001
FILTERDDP_TIMING iteration=28 barrier_iteration=2 stage=4 derivative_s=0.017913100 first_order_s=0.016942600 second_order_s=0.000863500 algebra_s=0.014432100 kkt_assembly_s=0.009752700 factor_s=0.031320600 solve_s=0.093400400 update_s=0.013157300 K_nnz=96025 rhs_cols=250 Vxx_nnz=62001
FILTERDDP_TIMING iteration=28 barrier_iteration=2 stage=3 derivative_s=0.015157500 first_order_s=0.014154200 second_order_s=0.000901200 algebra_s=0.018460900 kkt_assembly_s=0.009999200 factor_s=0.034734100 solve_s=0.100298800 update_s=0.014300600 K_nnz=96025 rhs_cols=250 Vxx_nnz=62001
FILTERDDP_TIMING iteration=28 barrier_iteration=2 stage=2 derivative_s=0.016137100 first_order_s=0.014235000 second_order_s=0.001801200 algebra_s=0.018897100 kkt_assembly_s=0.009196800 factor_s=0.033494500 solve_s=0.092815800 update_s=0.015797600 K_nnz=96025 rhs_cols=250 Vxx_nnz=62001
FILTERDDP_TIMING iteration=28 barrier_iteration=2 stage=1 derivative_s=0.019294500 first_order_s=0.017392800 second_order_s=0.001801900 algebra_s=0.036606400 kkt_assembly_s=0.009178200 factor_s=0.031967100 solve_s=0.093749900 update_s=0.012878100 K_nnz=96025 rhs_cols=250 Vxx_nnz=62001
FILTERDDP_FEASIBILITY iteration=28 barrier_iteration=2 equality_count=62016 equality_rms=6.912949825474e-04 equality_max=2.306321545435e-02 equality_worst_stage=3 equality_worst_index=7582 dynamics_count=1245 dynamics_rms=0.000000000000e+00 dynamics_max=0.000000000000e+00 dynamics_worst_stage=0 dynamics_worst_index=0 bound_count=69486 bound_rms=0.000000000000e+00 bound_max=0.000000000000e+00 bound_worst_stage=0 bound_worst_index=0 bound_worst_kind=none
    28   1.08870551e+04   2.3063e-02   1.4591e+02   6.8895e-02   -1.40      -     3.1250e-02   0
FILTERDDP_ITER_TIMING iteration=28 barrier_iteration=2 backward_s=1.643737700 forward_s=0.189041100 total_s=1.832778800 outcome=accepted step_size=1.250000000e-01 backtracks=0 mu=4.000000000e-02
FILTERDDP_TIMING iteration=29 barrier_iteration=2 stage=6 derivative_s=0.015724100 first_order_s=0.014913500 second_order_s=0.000713400 algebra_s=0.057627200 kkt_assembly_s=0.034233300 factor_s=0.032716000 solve_s=0.116324500 update_s=0.026491400 K_nnz=96025 rhs_cols=250 Vxx_nnz=62001
FILTERDDP_TIMING iteration=29 barrier_iteration=2 stage=5 derivative_s=0.015111200 first_order_s=0.014213600 second_order_s=0.000794600 algebra_s=0.013940400 kkt_assembly_s=0.009575700 factor_s=0.033861100 solve_s=0.093192800 update_s=0.012981000 K_nnz=96025 rhs_cols=250 Vxx_nnz=62001
FILTERDDP_TIMING iteration=29 barrier_iteration=2 stage=4 derivative_s=0.036072400 first_order_s=0.034719500 second_order_s=0.001165100 algebra_s=0.011657000 kkt_assembly_s=0.011986300 factor_s=0.043862100 solve_s=0.100322800 update_s=0.013357100 K_nnz=96025 rhs_cols=250 Vxx_nnz=62001
FILTERDDP_TIMING iteration=29 barrier_iteration=2 stage=3 derivative_s=0.015232100 first_order_s=0.014250800 second_order_s=0.000865700 algebra_s=0.014102400 kkt_assembly_s=0.009443100 factor_s=0.032218300 solve_s=0.098904500 update_s=0.013773300 K_nnz=96025 rhs_cols=250 Vxx_nnz=62001
FILTERDDP_TIMING iteration=29 barrier_iteration=2 stage=2 derivative_s=0.035600900 first_order_s=0.034095700 second_order_s=0.001314900 algebra_s=0.014628200 kkt_assembly_s=0.020345600 factor_s=0.037764400 solve_s=0.104952000 update_s=0.013009400 K_nnz=96025 rhs_cols=250 Vxx_nnz=62001
FILTERDDP_TIMING iteration=29 barrier_iteration=2 stage=1 derivative_s=0.015469300 first_order_s=0.014502000 second_order_s=0.000866700 algebra_s=0.013978000 kkt_assembly_s=0.009103900 factor_s=0.040114000 solve_s=0.095200500 update_s=0.013196700 K_nnz=96025 rhs_cols=250 Vxx_nnz=62001
FILTERDDP_FEASIBILITY iteration=29 barrier_iteration=2 equality_count=62016 equality_rms=6.246057091472e-04 equality_max=2.030654219036e-02 equality_worst_stage=3 equality_worst_index=7582 dynamics_count=1245 dynamics_rms=0.000000000000e+00 dynamics_max=0.000000000000e+00 dynamics_worst_stage=0 dynamics_worst_index=0 bound_count=69486 bound_rms=0.000000000000e+00 bound_max=0.000000000000e+00 bound_worst_stage=0 bound_worst_index=0 bound_worst_kind=none
    29   1.08539578e+04   2.0307e-02   1.1017e+02   6.5319e-02   -1.40      -     1.2500e-01   0
FILTERDDP_ITER_TIMING iteration=29 barrier_iteration=2 backward_s=1.298877400 forward_s=0.132561700 total_s=1.431439100 outcome=accepted step_size=5.000000000e-01 backtracks=0 mu=4.000000000e-02
FILTERDDP_TIMING iteration=30 barrier_iteration=2 stage=6 derivative_s=0.012023800 first_order_s=0.011251800 second_order_s=0.000679300 algebra_s=0.058418000 kkt_assembly_s=0.027085400 factor_s=0.034821200 solve_s=0.144512100 update_s=0.026919100 K_nnz=96025 rhs_cols=250 Vxx_nnz=62001
FILTERDDP_TIMING iteration=30 barrier_iteration=2 stage=5 derivative_s=0.028735100 first_order_s=0.027325000 second_order_s=0.001249100 algebra_s=0.014346500 kkt_assembly_s=0.009722900 factor_s=0.033590700 solve_s=0.469585500 update_s=0.012947600 K_nnz=96025 rhs_cols=250 Vxx_nnz=62001
FILTERDDP_TIMING iteration=30 barrier_iteration=2 stage=4 derivative_s=0.016062400 first_order_s=0.014936100 second_order_s=0.001022900 algebra_s=0.013769700 kkt_assembly_s=0.009486900 factor_s=0.034136900 solve_s=0.094780500 update_s=0.012726100 K_nnz=96025 rhs_cols=250 Vxx_nnz=62001
FILTERDDP_TIMING iteration=30 barrier_iteration=2 stage=3 derivative_s=0.015513700 first_order_s=0.014567300 second_order_s=0.000842200 algebra_s=0.014061800 kkt_assembly_s=0.009845100 factor_s=0.032369800 solve_s=0.095003700 update_s=0.013181200 K_nnz=96025 rhs_cols=250 Vxx_nnz=62001
FILTERDDP_TIMING iteration=30 barrier_iteration=2 stage=2 derivative_s=0.017299000 first_order_s=0.016188200 second_order_s=0.001005300 algebra_s=0.019223300 kkt_assembly_s=0.009123300 factor_s=0.034108900 solve_s=0.093096800 update_s=0.013495000 K_nnz=96025 rhs_cols=250 Vxx_nnz=62001
FILTERDDP_TIMING iteration=30 barrier_iteration=2 stage=1 derivative_s=0.017171900 first_order_s=0.015363600 second_order_s=0.001702700 algebra_s=0.018412600 kkt_assembly_s=0.009372500 factor_s=0.033450500 solve_s=0.095004000 update_s=0.014548400 K_nnz=96025 rhs_cols=250 Vxx_nnz=62001
FILTERDDP_FEASIBILITY iteration=30 barrier_iteration=2 equality_count=62016 equality_rms=6.659848114517e-04 equality_max=1.755087786538e-02 equality_worst_stage=2 equality_worst_index=9917 dynamics_count=1245 dynamics_rms=0.000000000000e+00 dynamics_max=0.000000000000e+00 dynamics_worst_stage=0 dynamics_worst_index=0 bound_count=69486 bound_rms=0.000000000000e+00 bound_max=0.000000000000e+00 bound_worst_stage=0 bound_worst_index=0 bound_worst_kind=none
  iter     objective        pr_inf       du_inf       cs_inf     lg(╬╝)   lg(reg)    alpha     ls
    30   1.06946533e+04   1.7551e-02   7.4746e+01   5.3244e-02   -1.40      -     5.0000e-01   0
FILTERDDP_ITER_TIMING iteration=30 barrier_iteration=2 backward_s=1.630848800 forward_s=0.148784200 total_s=1.779633000 outcome=accepted step_size=5.000000000e-01 backtracks=0 mu=4.000000000e-02
FILTERDDP_TIMING iteration=31 barrier_iteration=2 stage=6 derivative_s=0.036307200 first_order_s=0.034508300 second_order_s=0.001644900 algebra_s=0.070171600 kkt_assembly_s=0.024030100 factor_s=0.033404700 solve_s=0.090214100 update_s=0.026240300 K_nnz=96025 rhs_cols=250 Vxx_nnz=62001
FILTERDDP_TIMING iteration=31 barrier_iteration=2 stage=5 derivative_s=0.026155700 first_order_s=0.017976500 second_order_s=0.008077100 algebra_s=0.015245800 kkt_assembly_s=0.010172000 factor_s=0.031992100 solve_s=0.094299500 update_s=0.013148500 K_nnz=96025 rhs_cols=250 Vxx_nnz=62001
FILTERDDP_TIMING iteration=31 barrier_iteration=2 stage=4 derivative_s=0.015383800 first_order_s=0.014362900 second_order_s=0.000921100 algebra_s=0.015489600 kkt_assembly_s=0.013387100 factor_s=0.033711400 solve_s=0.094013700 update_s=0.013926300 K_nnz=96025 rhs_cols=250 Vxx_nnz=62001
FILTERDDP_TIMING iteration=31 barrier_iteration=2 stage=3 derivative_s=0.028714400 first_order_s=0.016838700 second_order_s=0.011759900 algebra_s=0.015272900 kkt_assembly_s=0.009558700 factor_s=0.032013500 solve_s=0.096267600 update_s=0.012919800 K_nnz=96025 rhs_cols=250 Vxx_nnz=62001
FILTERDDP_TIMING iteration=31 barrier_iteration=2 stage=2 derivative_s=0.016316900 first_order_s=0.015207000 second_order_s=0.000955000 algebra_s=0.013698100 kkt_assembly_s=0.030190300 factor_s=0.039990200 solve_s=0.102690900 update_s=0.013124100 K_nnz=96025 rhs_cols=250 Vxx_nnz=62001
FILTERDDP_TIMING iteration=31 barrier_iteration=2 stage=1 derivative_s=0.037865100 first_order_s=0.035992800 second_order_s=0.001611300 algebra_s=0.012935100 kkt_assembly_s=0.023561300 factor_s=0.035838600 solve_s=0.094091600 update_s=0.013299100 K_nnz=96025 rhs_cols=250 Vxx_nnz=62001
FILTERDDP_FEASIBILITY iteration=31 barrier_iteration=2 equality_count=62016 equality_rms=5.353771463478e-04 equality_max=1.411155056637e-02 equality_worst_stage=2 equality_worst_index=7582 dynamics_count=1245 dynamics_rms=0.000000000000e+00 dynamics_max=0.000000000000e+00 dynamics_worst_stage=0 dynamics_worst_index=0 bound_count=69486 bound_rms=0.000000000000e+00 bound_max=0.000000000000e+00 bound_worst_stage=0 bound_worst_index=0 bound_worst_kind=none
    31   1.06029076e+04   1.4112e-02   7.9681e+01   4.6815e-02   -1.40      -     5.0000e-01   0
FILTERDDP_ITER_TIMING iteration=31 barrier_iteration=2 backward_s=1.308791600 forward_s=0.129793100 total_s=1.438584700 outcome=accepted step_size=5.000000000e-01 backtracks=0 mu=4.000000000e-02
FILTERDDP_TIMING iteration=32 barrier_iteration=2 stage=6 derivative_s=0.012420800 first_order_s=0.011616500 second_order_s=0.000664900 algebra_s=0.068486500 kkt_assembly_s=0.022393800 factor_s=0.093245400 solve_s=0.091351600 update_s=0.026815000 K_nnz=96025 rhs_cols=250 Vxx_nnz=62001
FILTERDDP_TIMING iteration=32 barrier_iteration=2 stage=5 derivative_s=0.015870500 first_order_s=0.014801000 second_order_s=0.000964900 algebra_s=0.383225200 kkt_assembly_s=0.018949400 factor_s=0.032114600 solve_s=0.094024700 update_s=0.012896000 K_nnz=96025 rhs_cols=250 Vxx_nnz=62001
FILTERDDP_TIMING iteration=32 barrier_iteration=2 stage=4 derivative_s=0.015123300 first_order_s=0.014155500 second_order_s=0.000864600 algebra_s=0.014211800 kkt_assembly_s=0.009219500 factor_s=0.034362900 solve_s=0.096187500 update_s=0.013591700 K_nnz=96025 rhs_cols=250 Vxx_nnz=62001
FILTERDDP_TIMING iteration=32 barrier_iteration=2 stage=3 derivative_s=0.018555800 first_order_s=0.017554100 second_order_s=0.000896300 algebra_s=0.013305200 kkt_assembly_s=0.009652100 factor_s=0.037172400 solve_s=0.097568700 update_s=0.014201200 K_nnz=96025 rhs_cols=250 Vxx_nnz=62001
FILTERDDP_TIMING iteration=32 barrier_iteration=2 stage=2 derivative_s=0.034572600 first_order_s=0.031634300 second_order_s=0.002784400 algebra_s=0.019554900 kkt_assembly_s=0.011604300 factor_s=0.033455800 solve_s=0.094277000 update_s=0.013472600 K_nnz=96025 rhs_cols=250 Vxx_nnz=62001
FILTERDDP_TIMING iteration=32 barrier_iteration=2 stage=1 derivative_s=0.017609500 first_order_s=0.016077900 second_order_s=0.001431900 algebra_s=0.018100000 kkt_assembly_s=0.009256800 factor_s=0.049825300 solve_s=0.095581800 update_s=0.013116200 K_nnz=96025 rhs_cols=250 Vxx_nnz=62001
FILTERDDP_FEASIBILITY iteration=32 barrier_iteration=2 equality_count=62016 equality_rms=3.336138964977e-04 equality_max=8.810068939629e-03 equality_worst_stage=2 equality_worst_index=7582 dynamics_count=1245 dynamics_rms=0.000000000000e+00 dynamics_max=0.000000000000e+00 dynamics_worst_stage=0 dynamics_worst_index=0 bound_count=69486 bound_rms=0.000000000000e+00 bound_max=0.000000000000e+00 bound_worst_stage=0 bound_worst_index=0 bound_worst_kind=none
    32   1.05420525e+04   8.8101e-03   4.0954e+01   4.3469e-02   -1.40      -     5.0000e-01   0
FILTERDDP_ITER_TIMING iteration=32 barrier_iteration=2 backward_s=1.678935000 forward_s=0.124208500 total_s=1.803143500 outcome=accepted step_size=5.000000000e-01 backtracks=0 mu=4.000000000e-02
FILTERDDP_TIMING iteration=33 barrier_iteration=2 stage=6 derivative_s=0.016210800 first_order_s=0.014854400 second_order_s=0.001255900 algebra_s=0.078900800 kkt_assembly_s=0.022428500 factor_s=0.041174500 solve_s=0.092563100 update_s=0.027177700 K_nnz=96025 rhs_cols=250 Vxx_nnz=62001
FILTERDDP_TIMING iteration=33 barrier_iteration=2 stage=5 derivative_s=0.015168000 first_order_s=0.014215600 second_order_s=0.000850500 algebra_s=0.013237000 kkt_assembly_s=0.009192400 factor_s=0.031716600 solve_s=0.094727100 update_s=0.013488200 K_nnz=96025 rhs_cols=250 Vxx_nnz=62001
FILTERDDP_TIMING iteration=33 barrier_iteration=2 stage=4 derivative_s=0.015737400 first_order_s=0.014542100 second_order_s=0.001093900 algebra_s=0.014158000 kkt_assembly_s=0.009489800 factor_s=0.032476000 solve_s=0.108091100 update_s=0.013445600 K_nnz=96025 rhs_cols=250 Vxx_nnz=62001
FILTERDDP_TIMING iteration=33 barrier_iteration=2 stage=3 derivative_s=0.016734600 first_order_s=0.015257200 second_order_s=0.001307500 algebra_s=0.014079200 kkt_assembly_s=0.008879500 factor_s=0.032065500 solve_s=0.097151100 update_s=0.013340800 K_nnz=96025 rhs_cols=250 Vxx_nnz=62001
FILTERDDP_TIMING iteration=33 barrier_iteration=2 stage=2 derivative_s=0.015349800 first_order_s=0.014374300 second_order_s=0.000873000 algebra_s=0.013656700 kkt_assembly_s=0.010686300 factor_s=0.034242300 solve_s=0.121890100 update_s=0.016976700 K_nnz=96025 rhs_cols=250 Vxx_nnz=62001
FILTERDDP_TIMING iteration=33 barrier_iteration=2 stage=1 derivative_s=0.023514300 first_order_s=0.022183900 second_order_s=0.001192300 algebra_s=0.011240000 kkt_assembly_s=0.010038700 factor_s=0.032699100 solve_s=0.094552300 update_s=0.012939200 K_nnz=96025 rhs_cols=250 Vxx_nnz=62001
FILTERDDP_FEASIBILITY iteration=33 barrier_iteration=2 equality_count=62016 equality_rms=2.011162426713e-04 equality_max=5.554123342020e-03 equality_worst_stage=2 equality_worst_index=7582 dynamics_count=1245 dynamics_rms=0.000000000000e+00 dynamics_max=0.000000000000e+00 dynamics_worst_stage=0 dynamics_worst_index=0 bound_count=69486 bound_rms=0.000000000000e+00 bound_max=0.000000000000e+00 bound_worst_stage=0 bound_worst_index=0 bound_worst_kind=none
    33   1.05138601e+04   5.5541e-03   2.7026e+01   4.1751e-02   -1.40      -     5.0000e-01   0
FILTERDDP_ITER_TIMING iteration=33 barrier_iteration=2 backward_s=1.256761000 forward_s=0.146303200 total_s=1.403064200 outcome=accepted step_size=5.000000000e-01 backtracks=0 mu=4.000000000e-02
FILTERDDP_TIMING iteration=34 barrier_iteration=2 stage=6 derivative_s=0.017972100 first_order_s=0.016941200 second_order_s=0.000923200 algebra_s=0.066681500 kkt_assembly_s=0.022172500 factor_s=0.088560500 solve_s=0.089762100 update_s=0.026315200 K_nnz=96025 rhs_cols=250 Vxx_nnz=62001
FILTERDDP_TIMING iteration=34 barrier_iteration=2 stage=5 derivative_s=0.016684300 first_order_s=0.015541800 second_order_s=0.001042900 algebra_s=0.379965800 kkt_assembly_s=0.012924700 factor_s=0.032295500 solve_s=0.093264200 update_s=0.013568700 K_nnz=96025 rhs_cols=250 Vxx_nnz=62001
FILTERDDP_TIMING iteration=34 barrier_iteration=2 stage=4 derivative_s=0.015264800 first_order_s=0.014277000 second_order_s=0.000887600 algebra_s=0.014253100 kkt_assembly_s=0.009346500 factor_s=0.032302200 solve_s=0.096005300 update_s=0.013131900 K_nnz=96025 rhs_cols=250 Vxx_nnz=62001
FILTERDDP_TIMING iteration=34 barrier_iteration=2 stage=3 derivative_s=0.015294500 first_order_s=0.014309100 second_order_s=0.000874300 algebra_s=0.014165700 kkt_assembly_s=0.009547900 factor_s=0.031829100 solve_s=0.094243300 update_s=0.013743200 K_nnz=96025 rhs_cols=250 Vxx_nnz=62001
FILTERDDP_TIMING iteration=34 barrier_iteration=2 stage=2 derivative_s=0.016929200 first_order_s=0.015276100 second_order_s=0.001550300 algebra_s=0.017341400 kkt_assembly_s=0.009553200 factor_s=0.033348700 solve_s=0.094802300 update_s=0.013760300 K_nnz=96025 rhs_cols=250 Vxx_nnz=62001
FILTERDDP_TIMING iteration=34 barrier_iteration=2 stage=1 derivative_s=0.016260800 first_order_s=0.014694400 second_order_s=0.001465700 algebra_s=0.017733300 kkt_assembly_s=0.009904000 factor_s=0.050106100 solve_s=0.096107600 update_s=0.013079700 K_nnz=96025 rhs_cols=250 Vxx_nnz=62001
FILTERDDP_FEASIBILITY iteration=34 barrier_iteration=2 equality_count=62016 equality_rms=1.059800595445e-04 equality_max=2.902526579437e-03 equality_worst_stage=2 equality_worst_index=7582 dynamics_count=1245 dynamics_rms=0.000000000000e+00 dynamics_max=0.000000000000e+00 dynamics_worst_stage=0 dynamics_worst_index=0 bound_count=69486 bound_rms=0.000000000000e+00 bound_max=0.000000000000e+00 bound_worst_stage=0 bound_worst_index=0 bound_worst_kind=none
    34   1.04970317e+04   2.9025e-03   1.1750e+01   4.0880e-02   -1.40      -     5.0000e-01   0
FILTERDDP_ITER_TIMING iteration=34 barrier_iteration=2 backward_s=1.631560100 forward_s=0.138567800 total_s=1.770127900 outcome=accepted step_size=5.000000000e-01 backtracks=0 mu=4.000000000e-02
FILTERDDP_TIMING iteration=35 barrier_iteration=2 stage=6 derivative_s=0.013654400 first_order_s=0.012894300 second_order_s=0.000663900 algebra_s=0.063626900 kkt_assembly_s=0.022822800 factor_s=0.033312200 solve_s=0.101376700 update_s=0.026257300 K_nnz=96025 rhs_cols=250 Vxx_nnz=62001
FILTERDDP_TIMING iteration=35 barrier_iteration=2 stage=5 derivative_s=0.012899700 first_order_s=0.012168500 second_order_s=0.000625100 algebra_s=0.013959200 kkt_assembly_s=0.010645500 factor_s=0.034547900 solve_s=0.097034700 update_s=0.012608900 K_nnz=96025 rhs_cols=250 Vxx_nnz=62001
FILTERDDP_TIMING iteration=35 barrier_iteration=2 stage=4 derivative_s=0.016471700 first_order_s=0.015312800 second_order_s=0.001054500 algebra_s=0.012052300 kkt_assembly_s=0.014393900 factor_s=0.036731300 solve_s=0.102058300 update_s=0.012562600 K_nnz=96025 rhs_cols=250 Vxx_nnz=62001
FILTERDDP_TIMING iteration=35 barrier_iteration=2 stage=3 derivative_s=0.015765100 first_order_s=0.014891400 second_order_s=0.000767900 algebra_s=0.037058200 kkt_assembly_s=0.009594000 factor_s=0.033443800 solve_s=0.095589500 update_s=0.013850000 K_nnz=96025 rhs_cols=250 Vxx_nnz=62001
FILTERDDP_TIMING iteration=35 barrier_iteration=2 stage=2 derivative_s=0.015533700 first_order_s=0.014431100 second_order_s=0.000984900 algebra_s=0.014103600 kkt_assembly_s=0.015553600 factor_s=0.033191200 solve_s=0.102922400 update_s=0.012998600 K_nnz=96025 rhs_cols=250 Vxx_nnz=62001
FILTERDDP_TIMING iteration=35 barrier_iteration=2 stage=1 derivative_s=0.020302000 first_order_s=0.019406000 second_order_s=0.000784800 algebra_s=0.009819900 kkt_assembly_s=0.010370700 factor_s=0.034991400 solve_s=0.099747900 update_s=0.013971100 K_nnz=96025 rhs_cols=250 Vxx_nnz=62001
FILTERDDP_FEASIBILITY iteration=35 barrier_iteration=2 equality_count=62016 equality_rms=5.812700469896e-05 equality_max=1.617302653538e-03 equality_worst_stage=2 equality_worst_index=7582 dynamics_count=1245 dynamics_rms=0.000000000000e+00 dynamics_max=0.000000000000e+00 dynamics_worst_stage=0 dynamics_worst_index=0 bound_count=69486 bound_rms=0.000000000000e+00 bound_max=0.000000000000e+00 bound_worst_stage=0 bound_worst_index=0 bound_worst_kind=none
    35   1.04900292e+04   1.6173e-03   6.7364e+00   2.4831e-02   -1.40      -     5.0000e-01   0
FILTERDDP_ITER_TIMING iteration=35 barrier_iteration=2 backward_s=1.249967500 forward_s=0.185539100 total_s=1.435506600 outcome=accepted step_size=5.000000000e-01 backtracks=0 mu=4.000000000e-02
FILTERDDP_TIMING iteration=36 barrier_iteration=2 stage=6 derivative_s=0.016274500 first_order_s=0.015382600 second_order_s=0.000774500 algebra_s=0.052454900 kkt_assembly_s=0.041915500 factor_s=0.093145100 solve_s=0.095548600 update_s=0.027510200 K_nnz=96025 rhs_cols=250 Vxx_nnz=62001
FILTERDDP_TIMING iteration=36 barrier_iteration=2 stage=5 derivative_s=0.013754300 first_order_s=0.012613200 second_order_s=0.001035000 algebra_s=0.437889900 kkt_assembly_s=0.013815000 factor_s=0.035361900 solve_s=0.128147800 update_s=0.013582000 K_nnz=96025 rhs_cols=250 Vxx_nnz=62001
FILTERDDP_TIMING iteration=36 barrier_iteration=2 stage=4 derivative_s=0.033304500 first_order_s=0.031972600 second_order_s=0.001130000 algebra_s=0.014321300 kkt_assembly_s=0.021666100 factor_s=0.039875600 solve_s=0.099078000 update_s=0.013368200 K_nnz=96025 rhs_cols=250 Vxx_nnz=62001
FILTERDDP_TIMING iteration=36 barrier_iteration=2 stage=3 derivative_s=0.016422600 first_order_s=0.015333300 second_order_s=0.000974200 algebra_s=0.013878300 kkt_assembly_s=0.009461200 factor_s=0.046916600 solve_s=0.105763700 update_s=0.014231100 K_nnz=96025 rhs_cols=250 Vxx_nnz=62001
FILTERDDP_TIMING iteration=36 barrier_iteration=2 stage=2 derivative_s=0.026969400 first_order_s=0.025840900 second_order_s=0.001023200 algebra_s=0.020066800 kkt_assembly_s=0.031691000 factor_s=0.048735600 solve_s=0.097378600 update_s=0.014410300 K_nnz=96025 rhs_cols=250 Vxx_nnz=62001
FILTERDDP_TIMING iteration=36 barrier_iteration=2 stage=1 derivative_s=0.016247900 first_order_s=0.014377400 second_order_s=0.001763800 algebra_s=0.020590300 kkt_assembly_s=0.009636800 factor_s=0.051953800 solve_s=0.111824900 update_s=0.013341000 K_nnz=96025 rhs_cols=250 Vxx_nnz=62001
FILTERDDP_FEASIBILITY iteration=36 barrier_iteration=2 equality_count=62016 equality_rms=2.965070276584e-05 equality_max=8.144054977128e-04 equality_worst_stage=2 equality_worst_index=7582 dynamics_count=1245 dynamics_rms=0.000000000000e+00 dynamics_max=0.000000000000e+00 dynamics_worst_stage=0 dynamics_worst_index=0 bound_count=69486 bound_rms=0.000000000000e+00 bound_max=0.000000000000e+00 bound_worst_stage=0 bound_worst_index=0 bound_worst_kind=none
    36   1.04852562e+04   8.1441e-04   2.1381e+00   1.2500e-02   -1.40      -     5.0000e-01   0
FILTERDDP_ITER_TIMING iteration=36 barrier_iteration=2 backward_s=1.885652800 forward_s=0.167980500 total_s=2.053633300 outcome=accepted step_size=5.000000000e-01 backtracks=0 mu=4.000000000e-02
FILTERDDP_TIMING iteration=37 barrier_iteration=2 stage=6 derivative_s=0.013544800 first_order_s=0.011910300 second_order_s=0.001533500 algebra_s=0.066764000 kkt_assembly_s=0.031583900 factor_s=0.036765200 solve_s=0.099440000 update_s=0.026977100 K_nnz=96025 rhs_cols=250 Vxx_nnz=62001
FILTERDDP_TIMING iteration=37 barrier_iteration=2 stage=5 derivative_s=0.033188600 first_order_s=0.031867300 second_order_s=0.001172700 algebra_s=0.014925600 kkt_assembly_s=0.011102500 factor_s=0.032157900 solve_s=0.095666200 update_s=0.013427800 K_nnz=96025 rhs_cols=250 Vxx_nnz=62001
FILTERDDP_TIMING iteration=37 barrier_iteration=2 stage=4 derivative_s=0.015251600 first_order_s=0.014212000 second_order_s=0.000939900 algebra_s=0.013785200 kkt_assembly_s=0.009856600 factor_s=0.032718900 solve_s=0.098848100 update_s=0.012878200 K_nnz=96025 rhs_cols=250 Vxx_nnz=62001
FILTERDDP_TIMING iteration=37 barrier_iteration=2 stage=3 derivative_s=0.014667100 first_order_s=0.013746000 second_order_s=0.000816100 algebra_s=0.012653000 kkt_assembly_s=0.009325200 factor_s=0.046712300 solve_s=0.094900000 update_s=0.013571500 K_nnz=96025 rhs_cols=250 Vxx_nnz=62001
FILTERDDP_TIMING iteration=37 barrier_iteration=2 stage=2 derivative_s=0.015462100 first_order_s=0.014341400 second_order_s=0.001016700 algebra_s=0.014064400 kkt_assembly_s=0.029478700 factor_s=0.047609800 solve_s=0.102306800 update_s=0.013140400 K_nnz=96025 rhs_cols=250 Vxx_nnz=62001
FILTERDDP_TIMING iteration=37 barrier_iteration=2 stage=1 derivative_s=0.033038000 first_order_s=0.031842400 second_order_s=0.001038900 algebra_s=0.014370100 kkt_assembly_s=0.016542900 factor_s=0.032942000 solve_s=0.095362400 update_s=0.013305000 K_nnz=96025 rhs_cols=250 Vxx_nnz=62001
FILTERDDP_FEASIBILITY iteration=37 barrier_iteration=2 equality_count=62016 equality_rms=1.581842001023e-05 equality_max=4.353498788907e-04 equality_worst_stage=2 equality_worst_index=7582 dynamics_count=1245 dynamics_rms=0.000000000000e+00 dynamics_max=0.000000000000e+00 dynamics_worst_stage=0 dynamics_worst_index=0 bound_count=69486 bound_rms=0.000000000000e+00 bound_max=0.000000000000e+00 bound_worst_stage=0 bound_worst_index=0 bound_worst_kind=none
    37   1.04836874e+04   4.3535e-04   1.0724e+00   6.2714e-03   -1.40      -     5.0000e-01   0
FILTERDDP_ITER_TIMING iteration=37 barrier_iteration=2 backward_s=1.301701800 forward_s=0.165385800 total_s=1.467087600 outcome=accepted step_size=5.000000000e-01 backtracks=0 mu=4.000000000e-02
FILTERDDP_TIMING iteration=38 barrier_iteration=2 stage=6 derivative_s=0.013628000 first_order_s=0.012809400 second_order_s=0.000725400 algebra_s=0.060512600 kkt_assembly_s=0.022143600 factor_s=0.087199100 solve_s=0.088759600 update_s=0.026062300 K_nnz=96025 rhs_cols=250 Vxx_nnz=62001
FILTERDDP_TIMING iteration=38 barrier_iteration=2 stage=5 derivative_s=0.015624000 first_order_s=0.014649000 second_order_s=0.000868700 algebra_s=0.388456600 kkt_assembly_s=0.009071200 factor_s=0.033609300 solve_s=0.095016000 update_s=0.013265800 K_nnz=96025 rhs_cols=250 Vxx_nnz=62001
FILTERDDP_TIMING iteration=38 barrier_iteration=2 stage=4 derivative_s=0.015388700 first_order_s=0.014312800 second_order_s=0.000974900 algebra_s=0.013867900 kkt_assembly_s=0.009106700 factor_s=0.048725900 solve_s=0.104595600 update_s=0.013290500 K_nnz=96025 rhs_cols=250 Vxx_nnz=62001
FILTERDDP_TIMING iteration=38 barrier_iteration=2 stage=3 derivative_s=0.015443400 first_order_s=0.014235500 second_order_s=0.001106100 algebra_s=0.014020800 kkt_assembly_s=0.009027800 factor_s=0.032331600 solve_s=0.093964100 update_s=0.013203700 K_nnz=96025 rhs_cols=250 Vxx_nnz=62001
FILTERDDP_TIMING iteration=38 barrier_iteration=2 stage=2 derivative_s=0.015679400 first_order_s=0.014580700 second_order_s=0.000996000 algebra_s=0.014548600 kkt_assembly_s=0.009263800 factor_s=0.034484300 solve_s=0.093334400 update_s=0.014039400 K_nnz=96025 rhs_cols=250 Vxx_nnz=62001
FILTERDDP_TIMING iteration=38 barrier_iteration=2 stage=1 derivative_s=0.017919400 first_order_s=0.016245100 second_order_s=0.001573500 algebra_s=0.017394000 kkt_assembly_s=0.009797600 factor_s=0.035996400 solve_s=0.113781400 update_s=0.014208000 K_nnz=96025 rhs_cols=250 Vxx_nnz=62001
FILTERDDP_FEASIBILITY iteration=38 barrier_iteration=2 equality_count=62016 equality_rms=8.040149108120e-06 equality_max=2.177302003039e-04 equality_worst_stage=2 equality_worst_index=7582 dynamics_count=1245 dynamics_rms=0.000000000000e+00 dynamics_max=0.000000000000e+00 dynamics_worst_stage=0 dynamics_worst_index=0 bound_count=69486 bound_rms=0.000000000000e+00 bound_max=0.000000000000e+00 bound_worst_stage=0 bound_worst_index=0 bound_worst_kind=none
FILTERDDP_ITER_TIMING iteration=38 barrier_iteration=2 backward_s=1.649384800 forward_s=0.000000000 total_s=1.649384800 outcome=barrier_update step_size=5.000000000e-01 backtracks=0 mu=4.000000000e-02
FILTERDDP_TIMING iteration=38 barrier_iteration=3 stage=6 derivative_s=0.016306600 first_order_s=0.014811300 second_order_s=0.001397200 algebra_s=0.061582300 kkt_assembly_s=0.022303500 factor_s=0.031848800 solve_s=0.089444100 update_s=0.026412000 K_nnz=96025 rhs_cols=250 Vxx_nnz=62001
FILTERDDP_TIMING iteration=38 barrier_iteration=3 stage=5 derivative_s=0.018925900 first_order_s=0.017841200 second_order_s=0.000984300 algebra_s=0.014387700 kkt_assembly_s=0.009379800 factor_s=0.032732100 solve_s=0.108449600 update_s=0.013325900 K_nnz=96025 rhs_cols=250 Vxx_nnz=62001
FILTERDDP_TIMING iteration=38 barrier_iteration=3 stage=4 derivative_s=0.016566800 first_order_s=0.015472300 second_order_s=0.000991800 algebra_s=0.013855100 kkt_assembly_s=0.009420800 factor_s=0.031478100 solve_s=0.095271100 update_s=0.013293800 K_nnz=96025 rhs_cols=250 Vxx_nnz=62001
FILTERDDP_TIMING iteration=38 barrier_iteration=3 stage=3 derivative_s=0.015898600 first_order_s=0.014932200 second_order_s=0.000862600 algebra_s=0.014242400 kkt_assembly_s=0.030120300 factor_s=0.039009800 solve_s=0.094764200 update_s=0.024560200 K_nnz=96025 rhs_cols=250 Vxx_nnz=62001
FILTERDDP_TIMING iteration=38 barrier_iteration=3 stage=2 derivative_s=0.015394100 first_order_s=0.014397000 second_order_s=0.000895200 algebra_s=0.015375300 kkt_assembly_s=0.025404400 factor_s=0.036228400 solve_s=0.094266700 update_s=0.013569900 K_nnz=96025 rhs_cols=250 Vxx_nnz=62001
FILTERDDP_TIMING iteration=38 barrier_iteration=3 stage=1 derivative_s=0.016500300 first_order_s=0.015397100 second_order_s=0.001000600 algebra_s=0.012760000 kkt_assembly_s=0.009302800 factor_s=0.037985500 solve_s=0.094157100 update_s=0.013276100 K_nnz=96025 rhs_cols=250 Vxx_nnz=62001
FILTERDDP_FEASIBILITY iteration=38 barrier_iteration=3 equality_count=62016 equality_rms=8.040149108120e-06 equality_max=2.177302003039e-04 equality_worst_stage=2 equality_worst_index=7582 dynamics_count=1245 dynamics_rms=0.000000000000e+00 dynamics_max=0.000000000000e+00 dynamics_worst_stage=0 dynamics_worst_index=0 bound_count=69486 bound_rms=0.000000000000e+00 bound_max=0.000000000000e+00 bound_worst_stage=0 bound_worst_index=0 bound_worst_kind=none
    38   1.04822231e+04   2.1773e-04   2.6753e-01   3.1411e-03   -2.10      -     5.0000e-01   0
FILTERDDP_ITER_TIMING iteration=38 barrier_iteration=3 backward_s=1.250501900 forward_s=0.206898000 total_s=1.457399900 outcome=accepted step_size=1.250000000e-01 backtracks=0 mu=8.000000000e-03
FILTERDDP_TIMING iteration=39 barrier_iteration=3 stage=6 derivative_s=0.014550600 first_order_s=0.013025500 second_order_s=0.001428200 algebra_s=0.072761500 kkt_assembly_s=0.032814100 factor_s=0.032263700 solve_s=0.108437900 update_s=0.026348900 K_nnz=96025 rhs_cols=250 Vxx_nnz=62001
FILTERDDP_TIMING iteration=39 barrier_iteration=3 stage=5 derivative_s=0.016163900 first_order_s=0.015088700 second_order_s=0.000966600 algebra_s=0.011476000 kkt_assembly_s=0.009776600 factor_s=0.033355400 solve_s=0.157839400 update_s=0.013451500 K_nnz=96025 rhs_cols=250 Vxx_nnz=62001
FILTERDDP_TIMING iteration=39 barrier_iteration=3 stage=4 derivative_s=0.015753800 first_order_s=0.014746700 second_order_s=0.000903400 algebra_s=0.013766900 kkt_assembly_s=0.009146600 factor_s=0.051618800 solve_s=0.463945900 update_s=0.014165200 K_nnz=96025 rhs_cols=250 Vxx_nnz=62001
FILTERDDP_TIMING iteration=39 barrier_iteration=3 stage=3 derivative_s=0.034706700 first_order_s=0.033251100 second_order_s=0.001281000 algebra_s=0.015400400 kkt_assembly_s=0.012573800 factor_s=0.034381700 solve_s=0.097147000 update_s=0.015196100 K_nnz=96025 rhs_cols=250 Vxx_nnz=62001
FILTERDDP_TIMING iteration=39 barrier_iteration=3 stage=2 derivative_s=0.015951400 first_order_s=0.014878600 second_order_s=0.000913800 algebra_s=0.013775900 kkt_assembly_s=0.009168400 factor_s=0.032063000 solve_s=0.099521300 update_s=0.014078800 K_nnz=96025 rhs_cols=250 Vxx_nnz=62001
FILTERDDP_TIMING iteration=39 barrier_iteration=3 stage=1 derivative_s=0.021970500 first_order_s=0.020807400 second_order_s=0.001035300 algebra_s=0.016050800 kkt_assembly_s=0.010738900 factor_s=0.032812800 solve_s=0.093500300 update_s=0.013622800 K_nnz=96025 rhs_cols=250 Vxx_nnz=62001
FILTERDDP_FEASIBILITY iteration=39 barrier_iteration=3 equality_count=62016 equality_rms=1.565641638602e-04 equality_max=4.742973882414e-03 equality_worst_stage=3 equality_worst_index=7660 dynamics_count=1245 dynamics_rms=0.000000000000e+00 dynamics_max=0.000000000000e+00 dynamics_worst_stage=0 dynamics_worst_index=0 bound_count=69486 bound_rms=0.000000000000e+00 bound_max=0.000000000000e+00 bound_worst_stage=0 bound_worst_index=0 bound_worst_kind=none
    39   1.04061476e+04   4.7430e-03   3.7088e+00   2.7003e-03   -2.10      -     1.2500e-01   0
FILTERDDP_ITER_TIMING iteration=39 barrier_iteration=3 backward_s=1.704705700 forward_s=0.182060800 total_s=1.886766500 outcome=accepted step_size=1.250000000e-01 backtracks=0 mu=8.000000000e-03
FILTERDDP_TIMING iteration=40 barrier_iteration=3 stage=6 derivative_s=0.016542200 first_order_s=0.014990800 second_order_s=0.001458800 algebra_s=0.080859700 kkt_assembly_s=0.021727300 factor_s=0.032092200 solve_s=0.088747400 update_s=0.026799100 K_nnz=96025 rhs_cols=250 Vxx_nnz=62001
FILTERDDP_TIMING iteration=40 barrier_iteration=3 stage=5 derivative_s=0.015516700 first_order_s=0.014569300 second_order_s=0.000847700 algebra_s=0.014021300 kkt_assembly_s=0.009694300 factor_s=0.033224100 solve_s=0.094148500 update_s=0.013730000 K_nnz=96025 rhs_cols=250 Vxx_nnz=62001
FILTERDDP_TIMING iteration=40 barrier_iteration=3 stage=4 derivative_s=0.018587700 first_order_s=0.017462600 second_order_s=0.001023700 algebra_s=0.027608500 kkt_assembly_s=0.009399100 factor_s=0.032630800 solve_s=0.099957700 update_s=0.014461900 K_nnz=96025 rhs_cols=250 Vxx_nnz=62001
FILTERDDP_TIMING iteration=40 barrier_iteration=3 stage=3 derivative_s=0.023842600 first_order_s=0.022759000 second_order_s=0.000973400 algebra_s=0.012821000 kkt_assembly_s=0.009500800 factor_s=0.032467600 solve_s=0.094475400 update_s=0.020843300 K_nnz=96025 rhs_cols=250 Vxx_nnz=62001
FILTERDDP_TIMING iteration=40 barrier_iteration=3 stage=2 derivative_s=0.015163500 first_order_s=0.014063900 second_order_s=0.001000200 algebra_s=0.014057300 kkt_assembly_s=0.009151100 factor_s=0.031905600 solve_s=0.093558400 update_s=0.013414100 K_nnz=96025 rhs_cols=250 Vxx_nnz=62001
FILTERDDP_TIMING iteration=40 barrier_iteration=3 stage=1 derivative_s=0.016028600 first_order_s=0.014940200 second_order_s=0.000988100 algebra_s=0.016738200 kkt_assembly_s=0.020561800 factor_s=0.038593800 solve_s=0.093270900 update_s=0.013655600 K_nnz=96025 rhs_cols=250 Vxx_nnz=62001
FILTERDDP_FEASIBILITY iteration=40 barrier_iteration=3 equality_count=62016 equality_rms=2.622142141621e-04 equality_max=7.937989138954e-03 equality_worst_stage=3 equality_worst_index=7660 dynamics_count=1245 dynamics_rms=0.000000000000e+00 dynamics_max=0.000000000000e+00 dynamics_worst_stage=0 dynamics_worst_index=0 bound_count=69486 bound_rms=0.000000000000e+00 bound_max=0.000000000000e+00 bound_worst_stage=0 bound_worst_index=0 bound_worst_kind=none
  iter     objective        pr_inf       du_inf       cs_inf     lg(╬╝)   lg(reg)    alpha     ls
    40   1.03364838e+04   7.9380e-03   8.1615e+00   2.3181e-03   -2.10      -     1.2500e-01   0
FILTERDDP_ITER_TIMING iteration=40 barrier_iteration=3 backward_s=1.243185400 forward_s=0.166967800 total_s=1.410153200 outcome=accepted step_size=1.250000000e-01 backtracks=0 mu=8.000000000e-03
FILTERDDP_TIMING iteration=41 barrier_iteration=3 stage=6 derivative_s=0.010871800 first_order_s=0.010131900 second_order_s=0.000647200 algebra_s=0.062016400 kkt_assembly_s=0.026875900 factor_s=0.033457100 solve_s=0.097328900 update_s=0.086883900 K_nnz=96025 rhs_cols=250 Vxx_nnz=62001
FILTERDDP_TIMING iteration=41 barrier_iteration=3 stage=5 derivative_s=0.015580200 first_order_s=0.014456200 second_order_s=0.001025500 algebra_s=0.014119800 kkt_assembly_s=0.008859900 factor_s=0.031555500 solve_s=0.456934800 update_s=0.013303400 K_nnz=96025 rhs_cols=250 Vxx_nnz=62001
FILTERDDP_TIMING iteration=41 barrier_iteration=3 stage=4 derivative_s=0.016874300 first_order_s=0.015767600 second_order_s=0.000991500 algebra_s=0.014157700 kkt_assembly_s=0.012549200 factor_s=0.031591400 solve_s=0.095824300 update_s=0.013404800 K_nnz=96025 rhs_cols=250 Vxx_nnz=62001
FILTERDDP_TIMING iteration=41 barrier_iteration=3 stage=3 derivative_s=0.015452700 first_order_s=0.014357500 second_order_s=0.000995300 algebra_s=0.014392600 kkt_assembly_s=0.010098400 factor_s=0.031939100 solve_s=0.095103100 update_s=0.013075500 K_nnz=96025 rhs_cols=250 Vxx_nnz=62001
FILTERDDP_TIMING iteration=41 barrier_iteration=3 stage=2 derivative_s=0.015240300 first_order_s=0.014040600 second_order_s=0.001094300 algebra_s=0.014767400 kkt_assembly_s=0.008936600 factor_s=0.033067900 solve_s=0.097107500 update_s=0.013670400 K_nnz=96025 rhs_cols=250 Vxx_nnz=62001
FILTERDDP_TIMING iteration=41 barrier_iteration=3 stage=1 derivative_s=0.016337400 first_order_s=0.014611800 second_order_s=0.001622700 algebra_s=0.017167000 kkt_assembly_s=0.009080800 factor_s=0.033741200 solve_s=0.095564500 update_s=0.013906000 K_nnz=96025 rhs_cols=250 Vxx_nnz=62001
FILTERDDP_FEASIBILITY iteration=41 barrier_iteration=3 equality_count=62016 equality_rms=2.780590901401e-04 equality_max=8.008255071389e-03 equality_worst_stage=3 equality_worst_index=7660 dynamics_count=1245 dynamics_rms=0.000000000000e+00 dynamics_max=0.000000000000e+00 dynamics_worst_stage=0 dynamics_worst_index=0 bound_count=69486 bound_rms=0.000000000000e+00 bound_max=0.000000000000e+00 bound_worst_stage=0 bound_worst_index=0 bound_worst_kind=none
    41   1.02753452e+04   8.0083e-03   8.2592e+00   1.9876e-03   -2.10      -     1.2500e-01   0
FILTERDDP_ITER_TIMING iteration=41 barrier_iteration=3 backward_s=1.613664100 forward_s=0.168836400 total_s=1.782500500 outcome=accepted step_size=2.500000000e-01 backtracks=0 mu=8.000000000e-03
FILTERDDP_TIMING iteration=42 barrier_iteration=3 stage=6 derivative_s=0.013564400 first_order_s=0.012786800 second_order_s=0.000676200 algebra_s=0.061487900 kkt_assembly_s=0.022177300 factor_s=0.032412400 solve_s=0.094076100 update_s=0.025905800 K_nnz=96025 rhs_cols=250 Vxx_nnz=62001
FILTERDDP_TIMING iteration=42 barrier_iteration=3 stage=5 derivative_s=0.016868900 first_order_s=0.015766700 second_order_s=0.000998400 algebra_s=0.014234400 kkt_assembly_s=0.029619000 factor_s=0.037713500 solve_s=0.094866300 update_s=0.013888300 K_nnz=96025 rhs_cols=250 Vxx_nnz=62001
FILTERDDP_TIMING iteration=42 barrier_iteration=3 stage=4 derivative_s=0.035194500 first_order_s=0.033719800 second_order_s=0.001302900 algebra_s=0.015360500 kkt_assembly_s=0.011596500 factor_s=0.032147100 solve_s=0.097678600 update_s=0.013467900 K_nnz=96025 rhs_cols=250 Vxx_nnz=62001
FILTERDDP_TIMING iteration=42 barrier_iteration=3 stage=3 derivative_s=0.015896900 first_order_s=0.014496200 second_order_s=0.001280700 algebra_s=0.014154900 kkt_assembly_s=0.021750200 factor_s=0.037284700 solve_s=0.093990300 update_s=0.012972700 K_nnz=96025 rhs_cols=250 Vxx_nnz=62001
FILTERDDP_TIMING iteration=42 barrier_iteration=3 stage=2 derivative_s=0.015163000 first_order_s=0.014012200 second_order_s=0.001047800 algebra_s=0.013526500 kkt_assembly_s=0.009310400 factor_s=0.032324200 solve_s=0.099274300 update_s=0.013328300 K_nnz=96025 rhs_cols=250 Vxx_nnz=62001
FILTERDDP_TIMING iteration=42 barrier_iteration=3 stage=1 derivative_s=0.015010600 first_order_s=0.014080700 second_order_s=0.000828600 algebra_s=0.013814400 kkt_assembly_s=0.009091500 factor_s=0.033570900 solve_s=0.093313800 update_s=0.013356700 K_nnz=96025 rhs_cols=250 Vxx_nnz=62001
FILTERDDP_FEASIBILITY iteration=42 barrier_iteration=3 equality_count=62016 equality_rms=3.681440497616e-04 equality_max=1.101599807870e-02 equality_worst_stage=6 equality_worst_index=9917 dynamics_count=1245 dynamics_rms=0.000000000000e+00 dynamics_max=0.000000000000e+00 dynamics_worst_stage=0 dynamics_worst_index=0 bound_count=69486 bound_rms=0.000000000000e+00 bound_max=0.000000000000e+00 bound_worst_stage=0 bound_worst_index=0 bound_worst_kind=none
    42   1.01636328e+04   1.1016e-02   5.3716e+00   1.4563e-03   -2.10      -     2.5000e-01   0
FILTERDDP_ITER_TIMING iteration=42 barrier_iteration=3 backward_s=1.243584700 forward_s=0.285800800 total_s=1.529385500 outcome=accepted step_size=2.500000000e-01 backtracks=0 mu=8.000000000e-03
FILTERDDP_TIMING iteration=43 barrier_iteration=3 stage=6 derivative_s=0.022216800 first_order_s=0.021271200 second_order_s=0.000788800 algebra_s=0.071334100 kkt_assembly_s=0.022272700 factor_s=0.087631900 solve_s=0.474832400 update_s=0.027328900 K_nnz=96025 rhs_cols=250 Vxx_nnz=62001
FILTERDDP_TIMING iteration=43 barrier_iteration=3 stage=5 derivative_s=0.017094400 first_order_s=0.015989100 second_order_s=0.001001900 algebra_s=0.014613400 kkt_assembly_s=0.010541100 factor_s=0.032063700 solve_s=0.099559600 update_s=0.016265200 K_nnz=96025 rhs_cols=250 Vxx_nnz=62001
FILTERDDP_TIMING iteration=43 barrier_iteration=3 stage=4 derivative_s=0.015919900 first_order_s=0.014728900 second_order_s=0.001069800 algebra_s=0.017032900 kkt_assembly_s=0.014978000 factor_s=0.032713000 solve_s=0.094588600 update_s=0.013573300 K_nnz=96025 rhs_cols=250 Vxx_nnz=62001
FILTERDDP_TIMING iteration=43 barrier_iteration=3 stage=3 derivative_s=0.018001600 first_order_s=0.016972900 second_order_s=0.000926400 algebra_s=0.014882600 kkt_assembly_s=0.009470300 factor_s=0.033518100 solve_s=0.095003000 update_s=0.012777700 K_nnz=96025 rhs_cols=250 Vxx_nnz=62001
FILTERDDP_TIMING iteration=43 barrier_iteration=3 stage=2 derivative_s=0.016210700 first_order_s=0.014585700 second_order_s=0.001521000 algebra_s=0.017211500 kkt_assembly_s=0.010724600 factor_s=0.035630000 solve_s=0.094009500 update_s=0.013663300 K_nnz=96025 rhs_cols=250 Vxx_nnz=62001
FILTERDDP_TIMING iteration=43 barrier_iteration=3 stage=1 derivative_s=0.016294900 first_order_s=0.014691700 second_order_s=0.001498000 algebra_s=0.036594100 kkt_assembly_s=0.009364500 factor_s=0.033397000 solve_s=0.097319100 update_s=0.013307700 K_nnz=96025 rhs_cols=250 Vxx_nnz=62001
FILTERDDP_FEASIBILITY iteration=43 barrier_iteration=3 equality_count=62016 equality_rms=4.211542810412e-04 equality_max=1.363730327152e-02 equality_worst_stage=6 equality_worst_index=9415 dynamics_count=1245 dynamics_rms=0.000000000000e+00 dynamics_max=0.000000000000e+00 dynamics_worst_stage=0 dynamics_worst_index=0 bound_count=69486 bound_rms=0.000000000000e+00 bound_max=0.000000000000e+00 bound_worst_stage=0 bound_worst_index=0 bound_worst_kind=none
    43   1.00707697e+04   1.3637e-02   2.6693e+00   1.0618e-03   -2.10      -     2.5000e-01   0
FILTERDDP_ITER_TIMING iteration=43 barrier_iteration=3 backward_s=1.686343300 forward_s=0.274620300 total_s=1.960963600 outcome=accepted step_size=2.500000000e-01 backtracks=0 mu=8.000000000e-03
FILTERDDP_TIMING iteration=44 barrier_iteration=3 stage=6 derivative_s=0.015049100 first_order_s=0.014238400 second_order_s=0.000711000 algebra_s=0.055344600 kkt_assembly_s=0.035775900 factor_s=0.032419600 solve_s=0.097581800 update_s=0.026112500 K_nnz=96025 rhs_cols=250 Vxx_nnz=62001
FILTERDDP_TIMING iteration=44 barrier_iteration=3 stage=5 derivative_s=0.017043900 first_order_s=0.015962000 second_order_s=0.000976800 algebra_s=0.013544400 kkt_assembly_s=0.008870900 factor_s=0.032668200 solve_s=0.093724400 update_s=0.013321200 K_nnz=96025 rhs_cols=250 Vxx_nnz=62001
FILTERDDP_TIMING iteration=44 barrier_iteration=3 stage=4 derivative_s=0.015269100 first_order_s=0.014216900 second_order_s=0.000948600 algebra_s=0.013995800 kkt_assembly_s=0.009132800 factor_s=0.042987400 solve_s=0.097183000 update_s=0.012908000 K_nnz=96025 rhs_cols=250 Vxx_nnz=62001
FILTERDDP_TIMING iteration=44 barrier_iteration=3 stage=3 derivative_s=0.015327100 first_order_s=0.014390300 second_order_s=0.000837400 algebra_s=0.013590600 kkt_assembly_s=0.015040300 factor_s=0.038329500 solve_s=0.100278400 update_s=0.013379600 K_nnz=96025 rhs_cols=250 Vxx_nnz=62001
FILTERDDP_TIMING iteration=44 barrier_iteration=3 stage=2 derivative_s=0.035361500 first_order_s=0.033929900 second_order_s=0.001258300 algebra_s=0.015255800 kkt_assembly_s=0.024913900 factor_s=0.043490400 solve_s=0.097037800 update_s=0.013661000 K_nnz=96025 rhs_cols=250 Vxx_nnz=62001
FILTERDDP_TIMING iteration=44 barrier_iteration=3 stage=1 derivative_s=0.036316800 first_order_s=0.034583800 second_order_s=0.001508400 algebra_s=0.015809100 kkt_assembly_s=0.026442800 factor_s=0.043262400 solve_s=0.095553600 update_s=0.012538600 K_nnz=96025 rhs_cols=250 Vxx_nnz=62001
FILTERDDP_FEASIBILITY iteration=44 barrier_iteration=3 equality_count=62016 equality_rms=4.288480893657e-04 equality_max=1.406457336649e-02 equality_worst_stage=6 equality_worst_index=9415 dynamics_count=1245 dynamics_rms=0.000000000000e+00 dynamics_max=0.000000000000e+00 dynamics_worst_stage=0 dynamics_worst_index=0 bound_count=69486 bound_rms=0.000000000000e+00 bound_max=0.000000000000e+00 bound_worst_stage=0 bound_worst_index=0 bound_worst_kind=none
    44   9.99578973e+03   1.4065e-02   1.1854e+00   7.7143e-04   -2.10      -     2.5000e-01   0
FILTERDDP_ITER_TIMING iteration=44 barrier_iteration=3 backward_s=1.311820500 forward_s=0.240918500 total_s=1.552739000 outcome=accepted step_size=2.500000000e-01 backtracks=0 mu=8.000000000e-03
FILTERDDP_TIMING iteration=45 barrier_iteration=3 stage=6 derivative_s=0.013625000 first_order_s=0.011207100 second_order_s=0.002303300 algebra_s=0.064885700 kkt_assembly_s=0.023138300 factor_s=0.089629600 solve_s=0.461178500 update_s=0.027214900 K_nnz=96025 rhs_cols=250 Vxx_nnz=62001
FILTERDDP_TIMING iteration=45 barrier_iteration=3 stage=5 derivative_s=0.023528700 first_order_s=0.021256400 second_order_s=0.002169300 algebra_s=0.016800700 kkt_assembly_s=0.010274900 factor_s=0.033674000 solve_s=0.093687100 update_s=0.013607300 K_nnz=96025 rhs_cols=250 Vxx_nnz=62001
FILTERDDP_TIMING iteration=45 barrier_iteration=3 stage=4 derivative_s=0.016418800 first_order_s=0.014516100 second_order_s=0.001797100 algebra_s=0.017251300 kkt_assembly_s=0.009393900 factor_s=0.033459100 solve_s=0.094724500 update_s=0.014059200 K_nnz=96025 rhs_cols=250 Vxx_nnz=62001
FILTERDDP_TIMING iteration=45 barrier_iteration=3 stage=3 derivative_s=0.034113600 first_order_s=0.031714900 second_order_s=0.002247300 algebra_s=0.018516500 kkt_assembly_s=0.010968700 factor_s=0.034975100 solve_s=0.095039800 update_s=0.013706800 K_nnz=96025 rhs_cols=250 Vxx_nnz=62001
FILTERDDP_TIMING iteration=45 barrier_iteration=3 stage=2 derivative_s=0.016789500 first_order_s=0.014611900 second_order_s=0.002057300 algebra_s=0.017475100 kkt_assembly_s=0.009668800 factor_s=0.035071800 solve_s=0.098004900 update_s=0.014157300 K_nnz=96025 rhs_cols=250 Vxx_nnz=62001
FILTERDDP_TIMING iteration=45 barrier_iteration=3 stage=1 derivative_s=0.015484800 first_order_s=0.014213300 second_order_s=0.001172200 algebra_s=0.019916900 kkt_assembly_s=0.031012100 factor_s=0.074552100 solve_s=0.098487900 update_s=0.012998300 K_nnz=96025 rhs_cols=250 Vxx_nnz=62001
FILTERDDP_FEASIBILITY iteration=45 barrier_iteration=3 equality_count=62016 equality_rms=3.972559735022e-04 equality_max=1.284385353768e-02 equality_worst_stage=6 equality_worst_index=9415 dynamics_count=1245 dynamics_rms=0.000000000000e+00 dynamics_max=0.000000000000e+00 dynamics_worst_stage=0 dynamics_worst_index=0 bound_count=69486 bound_rms=0.000000000000e+00 bound_max=0.000000000000e+00 bound_worst_stage=0 bound_worst_index=0 bound_worst_kind=none
    45   9.93681970e+03   1.2844e-02   8.7755e-01   5.5943e-04   -2.10      -     2.5000e-01   0
FILTERDDP_ITER_TIMING iteration=45 barrier_iteration=3 backward_s=1.731406400 forward_s=0.180687000 total_s=1.912093400 outcome=accepted step_size=5.000000000e-01 backtracks=0 mu=8.000000000e-03
FILTERDDP_TIMING iteration=46 barrier_iteration=3 stage=6 derivative_s=0.019937500 first_order_s=0.018458400 second_order_s=0.001343500 algebra_s=0.086727000 kkt_assembly_s=0.058316900 factor_s=0.036324000 solve_s=0.089783300 update_s=0.026284100 K_nnz=96025 rhs_cols=250 Vxx_nnz=62001
FILTERDDP_TIMING iteration=46 barrier_iteration=3 stage=5 derivative_s=0.030831400 first_order_s=0.029628800 second_order_s=0.001057000 algebra_s=0.014667300 kkt_assembly_s=0.016051600 factor_s=0.035826400 solve_s=0.096319300 update_s=0.014153100 K_nnz=96025 rhs_cols=250 Vxx_nnz=62001
FILTERDDP_TIMING iteration=46 barrier_iteration=3 stage=4 derivative_s=0.035048900 first_order_s=0.033609300 second_order_s=0.001225200 algebra_s=0.015423600 kkt_assembly_s=0.010888200 factor_s=0.044155800 solve_s=0.094980800 update_s=0.013106400 K_nnz=96025 rhs_cols=250 Vxx_nnz=62001
FILTERDDP_TIMING iteration=46 barrier_iteration=3 stage=3 derivative_s=0.016038000 first_order_s=0.015008200 second_order_s=0.000917900 algebra_s=0.015934300 kkt_assembly_s=0.009770800 factor_s=0.031939600 solve_s=0.100428200 update_s=0.013643300 K_nnz=96025 rhs_cols=250 Vxx_nnz=62001
FILTERDDP_TIMING iteration=46 barrier_iteration=3 stage=2 derivative_s=0.015397100 first_order_s=0.014284800 second_order_s=0.001011500 algebra_s=0.013779400 kkt_assembly_s=0.010162400 factor_s=0.031952200 solve_s=0.097977800 update_s=0.013012900 K_nnz=96025 rhs_cols=250 Vxx_nnz=62001
FILTERDDP_TIMING iteration=46 barrier_iteration=3 stage=1 derivative_s=0.016415400 first_order_s=0.015295600 second_order_s=0.001016500 algebra_s=0.014025900 kkt_assembly_s=0.010051000 factor_s=0.042572300 solve_s=0.094715200 update_s=0.012869100 K_nnz=96025 rhs_cols=250 Vxx_nnz=62001
FILTERDDP_FEASIBILITY iteration=46 barrier_iteration=3 equality_count=62016 equality_rms=3.856853214094e-04 equality_max=1.134478702670e-02 equality_worst_stage=6 equality_worst_index=9415 dynamics_count=1245 dynamics_rms=0.000000000000e+00 dynamics_max=0.000000000000e+00 dynamics_worst_stage=0 dynamics_worst_index=0 bound_count=69486 bound_rms=0.000000000000e+00 bound_max=0.000000000000e+00 bound_worst_stage=0 bound_worst_index=0 bound_worst_kind=none
    46   9.84568297e+03   1.1345e-02   5.1694e-01   3.0163e-04   -2.10      -     5.0000e-01   0
FILTERDDP_ITER_TIMING iteration=46 barrier_iteration=3 backward_s=1.322511800 forward_s=0.127402100 total_s=1.449913900 outcome=accepted step_size=5.000000000e-01 backtracks=0 mu=8.000000000e-03
FILTERDDP_TIMING iteration=47 barrier_iteration=3 stage=6 derivative_s=0.016123600 first_order_s=0.014671100 second_order_s=0.001354700 algebra_s=0.065949900 kkt_assembly_s=0.027885600 factor_s=0.057014200 solve_s=0.149029900 update_s=0.026636400 K_nnz=96025 rhs_cols=250 Vxx_nnz=62001
FILTERDDP_TIMING iteration=47 barrier_iteration=3 stage=5 derivative_s=0.034701500 first_order_s=0.033180700 second_order_s=0.001330500 algebra_s=0.015574600 kkt_assembly_s=0.014664000 factor_s=0.055009000 solve_s=0.474358800 update_s=0.013433800 K_nnz=96025 rhs_cols=250 Vxx_nnz=62001
FILTERDDP_TIMING iteration=47 barrier_iteration=3 stage=4 derivative_s=0.034525400 first_order_s=0.033152000 second_order_s=0.001219900 algebra_s=0.015066500 kkt_assembly_s=0.010246900 factor_s=0.032471300 solve_s=0.099272900 update_s=0.013424800 K_nnz=96025 rhs_cols=250 Vxx_nnz=62001
FILTERDDP_TIMING iteration=47 barrier_iteration=3 stage=3 derivative_s=0.017497500 first_order_s=0.016396600 second_order_s=0.001001400 algebra_s=0.014363000 kkt_assembly_s=0.010487300 factor_s=0.032197000 solve_s=0.094547100 update_s=0.013591900 K_nnz=96025 rhs_cols=250 Vxx_nnz=62001
FILTERDDP_TIMING iteration=47 barrier_iteration=3 stage=2 derivative_s=0.015318400 first_order_s=0.014183700 second_order_s=0.001033200 algebra_s=0.014587900 kkt_assembly_s=0.009292300 factor_s=0.031794700 solve_s=0.097203000 update_s=0.013873900 K_nnz=96025 rhs_cols=250 Vxx_nnz=62001
FILTERDDP_TIMING iteration=47 barrier_iteration=3 stage=1 derivative_s=0.016173900 first_order_s=0.014503300 second_order_s=0.001571100 algebra_s=0.017589700 kkt_assembly_s=0.010505300 factor_s=0.033473600 solve_s=0.095644600 update_s=0.014205600 K_nnz=96025 rhs_cols=250 Vxx_nnz=62001
FILTERDDP_FEASIBILITY iteration=47 barrier_iteration=3 equality_count=62016 equality_rms=2.422767695153e-04 equality_max=6.293369506439e-03 equality_worst_stage=6 equality_worst_index=9415 dynamics_count=1245 dynamics_rms=0.000000000000e+00 dynamics_max=0.000000000000e+00 dynamics_worst_stage=0 dynamics_worst_index=0 bound_count=69486 bound_rms=0.000000000000e+00 bound_max=0.000000000000e+00 bound_worst_stage=0 bound_worst_index=0 bound_worst_kind=none
    47   9.79782227e+03   6.2934e-03   2.0039e-01   1.5807e-04   -2.10      -     5.0000e-01   0
FILTERDDP_ITER_TIMING iteration=47 barrier_iteration=3 backward_s=1.730909200 forward_s=0.188608600 total_s=1.919517800 outcome=accepted step_size=5.000000000e-01 backtracks=0 mu=8.000000000e-03
FILTERDDP_TIMING iteration=48 barrier_iteration=3 stage=6 derivative_s=0.016168000 first_order_s=0.013080000 second_order_s=0.002996600 algebra_s=0.061529800 kkt_assembly_s=0.022595900 factor_s=0.033383000 solve_s=0.091610000 update_s=0.027955300 K_nnz=96025 rhs_cols=250 Vxx_nnz=62001
FILTERDDP_TIMING iteration=48 barrier_iteration=3 stage=5 derivative_s=0.024426900 first_order_s=0.015867200 second_order_s=0.008424700 algebra_s=0.014948800 kkt_assembly_s=0.009562800 factor_s=0.033718200 solve_s=0.095039000 update_s=0.013869300 K_nnz=96025 rhs_cols=250 Vxx_nnz=62001
FILTERDDP_TIMING iteration=48 barrier_iteration=3 stage=4 derivative_s=0.017422000 first_order_s=0.015803000 second_order_s=0.001519700 algebra_s=0.017363200 kkt_assembly_s=0.011577500 factor_s=0.034104700 solve_s=0.096144700 update_s=0.013213300 K_nnz=96025 rhs_cols=250 Vxx_nnz=62001
FILTERDDP_TIMING iteration=48 barrier_iteration=3 stage=3 derivative_s=0.027520400 first_order_s=0.026239000 second_order_s=0.001175800 algebra_s=0.015125100 kkt_assembly_s=0.009078900 factor_s=0.032323500 solve_s=0.098637500 update_s=0.013146700 K_nnz=96025 rhs_cols=250 Vxx_nnz=62001
FILTERDDP_TIMING iteration=48 barrier_iteration=3 stage=2 derivative_s=0.016154000 first_order_s=0.015052300 second_order_s=0.000995200 algebra_s=0.014003700 kkt_assembly_s=0.009320100 factor_s=0.032804300 solve_s=0.102486400 update_s=0.013345500 K_nnz=96025 rhs_cols=250 Vxx_nnz=62001
FILTERDDP_TIMING iteration=48 barrier_iteration=3 stage=1 derivative_s=0.015610700 first_order_s=0.014500000 second_order_s=0.001011900 algebra_s=0.013568700 kkt_assembly_s=0.015793600 factor_s=0.032190500 solve_s=0.096222900 update_s=0.013187800 K_nnz=96025 rhs_cols=250 Vxx_nnz=62001
FILTERDDP_FEASIBILITY iteration=48 barrier_iteration=3 equality_count=62016 equality_rms=1.329441254126e-04 equality_max=3.466124280322e-03 equality_worst_stage=5 equality_worst_index=9415 dynamics_count=1245 dynamics_rms=0.000000000000e+00 dynamics_max=0.000000000000e+00 dynamics_worst_stage=0 dynamics_worst_index=0 bound_count=69486 bound_rms=0.000000000000e+00 bound_max=0.000000000000e+00 bound_worst_stage=0 bound_worst_index=0 bound_worst_kind=none
FILTERDDP_ITER_TIMING iteration=48 barrier_iteration=3 backward_s=1.228704000 forward_s=0.000000000 total_s=1.228704000 outcome=barrier_update step_size=5.000000000e-01 backtracks=0 mu=8.000000000e-03
FILTERDDP_TIMING iteration=48 barrier_iteration=4 stage=6 derivative_s=0.015508200 first_order_s=0.013916200 second_order_s=0.001495900 algebra_s=0.081944800 kkt_assembly_s=0.034559400 factor_s=0.032666800 solve_s=0.145116100 update_s=0.026254900 K_nnz=96025 rhs_cols=250 Vxx_nnz=62001
FILTERDDP_TIMING iteration=48 barrier_iteration=4 stage=5 derivative_s=0.035260900 first_order_s=0.033716000 second_order_s=0.001339500 algebra_s=0.017057000 kkt_assembly_s=0.013935300 factor_s=0.032923000 solve_s=0.469892600 update_s=0.013932900 K_nnz=96025 rhs_cols=250 Vxx_nnz=62001
FILTERDDP_TIMING iteration=48 barrier_iteration=4 stage=4 derivative_s=0.015652300 first_order_s=0.014488100 second_order_s=0.001064200 algebra_s=0.013768000 kkt_assembly_s=0.009323800 factor_s=0.033267200 solve_s=0.098747400 update_s=0.013199400 K_nnz=96025 rhs_cols=250 Vxx_nnz=62001
FILTERDDP_TIMING iteration=48 barrier_iteration=4 stage=3 derivative_s=0.015883000 first_order_s=0.014745200 second_order_s=0.001032000 algebra_s=0.014261900 kkt_assembly_s=0.009874900 factor_s=0.032117000 solve_s=0.093436600 update_s=0.014041100 K_nnz=96025 rhs_cols=250 Vxx_nnz=62001
FILTERDDP_TIMING iteration=48 barrier_iteration=4 stage=2 derivative_s=0.022359500 first_order_s=0.020200900 second_order_s=0.002017600 algebra_s=0.017827400 kkt_assembly_s=0.009188900 factor_s=0.033594700 solve_s=0.097862000 update_s=0.013754500 K_nnz=96025 rhs_cols=250 Vxx_nnz=62001
FILTERDDP_TIMING iteration=48 barrier_iteration=4 stage=1 derivative_s=0.016415700 first_order_s=0.014485500 second_order_s=0.001826300 algebra_s=0.017366600 kkt_assembly_s=0.009505300 factor_s=0.034067200 solve_s=0.094701700 update_s=0.014001900 K_nnz=96025 rhs_cols=250 Vxx_nnz=62001
FILTERDDP_FEASIBILITY iteration=48 barrier_iteration=4 equality_count=62016 equality_rms=1.329441254126e-04 equality_max=3.466124280322e-03 equality_worst_stage=5 equality_worst_index=9415 dynamics_count=1245 dynamics_rms=0.000000000000e+00 dynamics_max=0.000000000000e+00 dynamics_worst_stage=0 dynamics_worst_index=0 bound_count=69486 bound_rms=0.000000000000e+00 bound_max=0.000000000000e+00 bound_worst_stage=0 bound_worst_index=0 bound_worst_kind=none
    48   9.77348243e+03   3.4661e-03   6.4815e-02   8.1124e-05   -2.80      -     5.0000e-01   0
FILTERDDP_ITER_TIMING iteration=48 barrier_iteration=4 backward_s=1.686199400 forward_s=0.155701200 total_s=1.841900600 outcome=accepted step_size=5.000000000e-01 backtracks=0 mu=1.600000000e-03
FILTERDDP_TIMING iteration=49 barrier_iteration=4 stage=6 derivative_s=0.014179100 first_order_s=0.013424800 second_order_s=0.000658500 algebra_s=0.060743800 kkt_assembly_s=0.023604900 factor_s=0.032852300 solve_s=0.117840600 update_s=0.026123800 K_nnz=96025 rhs_cols=250 Vxx_nnz=62001
FILTERDDP_TIMING iteration=49 barrier_iteration=4 stage=5 derivative_s=0.033973800 first_order_s=0.025680600 second_order_s=0.008184400 algebra_s=0.013912600 kkt_assembly_s=0.027435100 factor_s=0.034926200 solve_s=0.094867600 update_s=0.013150700 K_nnz=96025 rhs_cols=250 Vxx_nnz=62001
FILTERDDP_TIMING iteration=49 barrier_iteration=4 stage=4 derivative_s=0.019831700 first_order_s=0.018717000 second_order_s=0.001011400 algebra_s=0.014191500 kkt_assembly_s=0.009762400 factor_s=0.032595500 solve_s=0.095435600 update_s=0.014085100 K_nnz=96025 rhs_cols=250 Vxx_nnz=62001
FILTERDDP_TIMING iteration=49 barrier_iteration=4 stage=3 derivative_s=0.016009500 first_order_s=0.015054400 second_order_s=0.000854800 algebra_s=0.024921500 kkt_assembly_s=0.017925400 factor_s=0.035393800 solve_s=0.093295800 update_s=0.013572400 K_nnz=96025 rhs_cols=250 Vxx_nnz=62001
FILTERDDP_TIMING iteration=49 barrier_iteration=4 stage=2 derivative_s=0.021435300 first_order_s=0.020452500 second_order_s=0.000883300 algebra_s=0.013644100 kkt_assembly_s=0.012751400 factor_s=0.033489100 solve_s=0.104950400 update_s=0.013216000 K_nnz=96025 rhs_cols=250 Vxx_nnz=62001
FILTERDDP_TIMING iteration=49 barrier_iteration=4 stage=1 derivative_s=0.016051500 first_order_s=0.014935300 second_order_s=0.001006000 algebra_s=0.013810900 kkt_assembly_s=0.010951700 factor_s=0.033680700 solve_s=0.097209800 update_s=0.015079200 K_nnz=96025 rhs_cols=250 Vxx_nnz=62001
FILTERDDP_FEASIBILITY iteration=49 barrier_iteration=4 equality_count=62016 equality_rms=2.461663239052e-04 equality_max=8.357810714723e-03 equality_worst_stage=5 equality_worst_index=9415 dynamics_count=1245 dynamics_rms=0.000000000000e+00 dynamics_max=0.000000000000e+00 dynamics_worst_stage=0 dynamics_worst_index=0 bound_count=69486 bound_rms=0.000000000000e+00 bound_max=0.000000000000e+00 bound_worst_stage=0 bound_worst_index=0 bound_worst_kind=none
    49   9.67286556e+03   8.3578e-03   4.0207e-02   4.3649e-05   -2.80      -     5.0000e-01   0
FILTERDDP_ITER_TIMING iteration=49 barrier_iteration=4 backward_s=1.290912300 forward_s=0.138272400 total_s=1.429184700 outcome=accepted step_size=5.000000000e-01 backtracks=0 mu=1.600000000e-03
FILTERDDP_TIMING iteration=50 barrier_iteration=4 stage=6 derivative_s=0.015152300 first_order_s=0.014398900 second_order_s=0.000659600 algebra_s=0.076175600 kkt_assembly_s=0.034446700 factor_s=0.089036600 solve_s=0.090530600 update_s=0.026596700 K_nnz=96025 rhs_cols=250 Vxx_nnz=62001
FILTERDDP_TIMING iteration=50 barrier_iteration=4 stage=5 derivative_s=0.029865100 first_order_s=0.028526200 second_order_s=0.001169300 algebra_s=0.387813600 kkt_assembly_s=0.022786200 factor_s=0.032738800 solve_s=0.098263600 update_s=0.013562300 K_nnz=96025 rhs_cols=250 Vxx_nnz=62001
FILTERDDP_TIMING iteration=50 barrier_iteration=4 stage=4 derivative_s=0.012404400 first_order_s=0.011729900 second_order_s=0.000555900 algebra_s=0.010138300 kkt_assembly_s=0.009859100 factor_s=0.035114200 solve_s=0.095918600 update_s=0.013165100 K_nnz=96025 rhs_cols=250 Vxx_nnz=62001
FILTERDDP_TIMING iteration=50 barrier_iteration=4 stage=3 derivative_s=0.016259300 first_order_s=0.015162400 second_order_s=0.000990500 algebra_s=0.013973600 kkt_assembly_s=0.009376600 factor_s=0.031047000 solve_s=0.098154800 update_s=0.013153000 K_nnz=96025 rhs_cols=250 Vxx_nnz=62001
FILTERDDP_TIMING iteration=50 barrier_iteration=4 stage=2 derivative_s=0.016573200 first_order_s=0.015444400 second_order_s=0.001027800 algebra_s=0.016121000 kkt_assembly_s=0.009589900 factor_s=0.034134400 solve_s=0.094199000 update_s=0.014131600 K_nnz=96025 rhs_cols=250 Vxx_nnz=62001
FILTERDDP_TIMING iteration=50 barrier_iteration=4 stage=1 derivative_s=0.019130200 first_order_s=0.017473600 second_order_s=0.001556600 algebra_s=0.017634300 kkt_assembly_s=0.012020800 factor_s=0.049588300 solve_s=0.096123400 update_s=0.013337400 K_nnz=96025 rhs_cols=250 Vxx_nnz=62001
FILTERDDP_FEASIBILITY iteration=50 barrier_iteration=4 equality_count=62016 equality_rms=1.818756227996e-04 equality_max=4.697275800027e-03 equality_worst_stage=5 equality_worst_index=9415 dynamics_count=1245 dynamics_rms=0.000000000000e+00 dynamics_max=0.000000000000e+00 dynamics_worst_stage=0 dynamics_worst_index=0 bound_count=69486 bound_rms=0.000000000000e+00 bound_max=0.000000000000e+00 bound_worst_stage=0 bound_worst_index=0 bound_worst_kind=none
  iter     objective        pr_inf       du_inf       cs_inf     lg(╬╝)   lg(reg)    alpha     ls
    50   9.62068515e+03   4.6973e-03   1.7868e-02   2.2645e-05   -2.80      -     5.0000e-01   0
FILTERDDP_ITER_TIMING iteration=50 barrier_iteration=4 backward_s=1.691623200 forward_s=0.129169800 total_s=1.820793000 outcome=accepted step_size=5.000000000e-01 backtracks=0 mu=1.600000000e-03
FILTERDDP_TIMING iteration=51 barrier_iteration=4 stage=6 derivative_s=0.012874000 first_order_s=0.012078600 second_order_s=0.000698100 algebra_s=0.067200900 kkt_assembly_s=0.023976300 factor_s=0.042623900 solve_s=0.091281400 update_s=0.026601200 K_nnz=96025 rhs_cols=250 Vxx_nnz=62001
FILTERDDP_TIMING iteration=51 barrier_iteration=4 stage=5 derivative_s=0.024012600 first_order_s=0.023010500 second_order_s=0.000895800 algebra_s=0.012727000 kkt_assembly_s=0.009118200 factor_s=0.032498000 solve_s=0.095884600 update_s=0.014470000 K_nnz=96025 rhs_cols=250 Vxx_nnz=62001
FILTERDDP_TIMING iteration=51 barrier_iteration=4 stage=4 derivative_s=0.015792100 first_order_s=0.014826000 second_order_s=0.000864000 algebra_s=0.014673100 kkt_assembly_s=0.009009800 factor_s=0.036816500 solve_s=0.105941200 update_s=0.013167700 K_nnz=96025 rhs_cols=250 Vxx_nnz=62001
FILTERDDP_TIMING iteration=51 barrier_iteration=4 stage=3 derivative_s=0.015273100 first_order_s=0.014167400 second_order_s=0.001002000 algebra_s=0.014010400 kkt_assembly_s=0.009501600 factor_s=0.031715800 solve_s=0.121224600 update_s=0.013039200 K_nnz=96025 rhs_cols=250 Vxx_nnz=62001
FILTERDDP_TIMING iteration=51 barrier_iteration=4 stage=2 derivative_s=0.035286700 first_order_s=0.033721100 second_order_s=0.001339600 algebra_s=0.015333600 kkt_assembly_s=0.014109400 factor_s=0.032715800 solve_s=0.103106300 update_s=0.013316200 K_nnz=96025 rhs_cols=250 Vxx_nnz=62001
FILTERDDP_TIMING iteration=51 barrier_iteration=4 stage=1 derivative_s=0.035556500 first_order_s=0.033953800 second_order_s=0.001375500 algebra_s=0.014321400 kkt_assembly_s=0.011422800 factor_s=0.033385600 solve_s=0.094534200 update_s=0.014693700 K_nnz=96025 rhs_cols=250 Vxx_nnz=62001
FILTERDDP_FEASIBILITY iteration=51 barrier_iteration=4 equality_count=62016 equality_rms=1.193849740029e-04 equality_max=2.888889081831e-03 equality_worst_stage=3 equality_worst_index=9415 dynamics_count=1245 dynamics_rms=0.000000000000e+00 dynamics_max=0.000000000000e+00 dynamics_worst_stage=0 dynamics_worst_index=0 bound_count=69486 bound_rms=0.000000000000e+00 bound_max=0.000000000000e+00 bound_worst_stage=0 bound_worst_index=0 bound_worst_kind=none
FILTERDDP_ITER_TIMING iteration=51 barrier_iteration=4 backward_s=1.298906400 forward_s=0.000000000 total_s=1.298906400 outcome=barrier_update step_size=5.000000000e-01 backtracks=0 mu=1.600000000e-03
FILTERDDP_TIMING iteration=51 barrier_iteration=5 stage=6 derivative_s=0.032221400 first_order_s=0.030353100 second_order_s=0.001728700 algebra_s=0.072387800 kkt_assembly_s=0.025386900 factor_s=0.031299800 solve_s=0.158626400 update_s=0.026627400 K_nnz=96025 rhs_cols=250 Vxx_nnz=62001
FILTERDDP_TIMING iteration=51 barrier_iteration=5 stage=5 derivative_s=0.036361300 first_order_s=0.035256200 second_order_s=0.000973800 algebra_s=0.014555400 kkt_assembly_s=0.008945700 factor_s=0.033590500 solve_s=0.506235400 update_s=0.013314100 K_nnz=96025 rhs_cols=250 Vxx_nnz=62001
FILTERDDP_TIMING iteration=51 barrier_iteration=5 stage=4 derivative_s=0.015640900 first_order_s=0.014649700 second_order_s=0.000887100 algebra_s=0.014088900 kkt_assembly_s=0.010389500 factor_s=0.031567800 solve_s=0.093404800 update_s=0.013581000 K_nnz=96025 rhs_cols=250 Vxx_nnz=62001
FILTERDDP_TIMING iteration=51 barrier_iteration=5 stage=3 derivative_s=0.015368700 first_order_s=0.014269100 second_order_s=0.000966700 algebra_s=0.014457400 kkt_assembly_s=0.010983900 factor_s=0.038755800 solve_s=0.094390800 update_s=0.013697100 K_nnz=96025 rhs_cols=250 Vxx_nnz=62001
FILTERDDP_TIMING iteration=51 barrier_iteration=5 stage=2 derivative_s=0.015646300 first_order_s=0.014501200 second_order_s=0.001045800 algebra_s=0.014168200 kkt_assembly_s=0.010912700 factor_s=0.032397900 solve_s=0.094868600 update_s=0.013841300 K_nnz=96025 rhs_cols=250 Vxx_nnz=62001
FILTERDDP_TIMING iteration=51 barrier_iteration=5 stage=1 derivative_s=0.040628000 first_order_s=0.038936900 second_order_s=0.001585100 algebra_s=0.017406100 kkt_assembly_s=0.010094000 factor_s=0.034059300 solve_s=0.094573600 update_s=0.013046000 K_nnz=96025 rhs_cols=250 Vxx_nnz=62001
FILTERDDP_FEASIBILITY iteration=51 barrier_iteration=5 equality_count=62016 equality_rms=1.193849740029e-04 equality_max=2.888889081831e-03 equality_worst_stage=3 equality_worst_index=9415 dynamics_count=1245 dynamics_rms=0.000000000000e+00 dynamics_max=0.000000000000e+00 dynamics_worst_stage=0 dynamics_worst_index=0 bound_count=69486 bound_rms=0.000000000000e+00 bound_max=0.000000000000e+00 bound_worst_stage=0 bound_worst_index=0 bound_worst_kind=none
    51   9.59424533e+03   2.8889e-03   7.8575e-03   1.1357e-05   -3.49      -     5.0000e-01   0
FILTERDDP_ITER_TIMING iteration=51 barrier_iteration=5 backward_s=1.740284500 forward_s=0.177079900 total_s=1.917364400 outcome=accepted step_size=2.500000000e-01 backtracks=0 mu=3.200000000e-04
FILTERDDP_TIMING iteration=52 barrier_iteration=5 stage=6 derivative_s=0.015430200 first_order_s=0.014623200 second_order_s=0.000698400 algebra_s=0.061837200 kkt_assembly_s=0.023678300 factor_s=0.054099500 solve_s=0.089795100 update_s=0.026760900 K_nnz=96025 rhs_cols=250 Vxx_nnz=62001
FILTERDDP_TIMING iteration=52 barrier_iteration=5 stage=5 derivative_s=0.042809500 first_order_s=0.041404200 second_order_s=0.001268300 algebra_s=0.014551200 kkt_assembly_s=0.014287400 factor_s=0.033551200 solve_s=0.119416500 update_s=0.013015900 K_nnz=96025 rhs_cols=250 Vxx_nnz=62001
FILTERDDP_TIMING iteration=52 barrier_iteration=5 stage=4 derivative_s=0.018458400 first_order_s=0.017361100 second_order_s=0.000994400 algebra_s=0.014071800 kkt_assembly_s=0.028894000 factor_s=0.035972300 solve_s=0.093911900 update_s=0.013602200 K_nnz=96025 rhs_cols=250 Vxx_nnz=62001
FILTERDDP_TIMING iteration=52 barrier_iteration=5 stage=3 derivative_s=0.015211700 first_order_s=0.014240400 second_order_s=0.000870200 algebra_s=0.027160700 kkt_assembly_s=0.010867200 factor_s=0.032222500 solve_s=0.093144100 update_s=0.012586400 K_nnz=96025 rhs_cols=250 Vxx_nnz=62001
FILTERDDP_TIMING iteration=52 barrier_iteration=5 stage=2 derivative_s=0.016378900 first_order_s=0.015246700 second_order_s=0.001026900 algebra_s=0.014593500 kkt_assembly_s=0.009656600 factor_s=0.035773600 solve_s=0.100157600 update_s=0.013140700 K_nnz=96025 rhs_cols=250 Vxx_nnz=62001
FILTERDDP_TIMING iteration=52 barrier_iteration=5 stage=1 derivative_s=0.015874500 first_order_s=0.014744100 second_order_s=0.001028800 algebra_s=0.013805200 kkt_assembly_s=0.010268800 factor_s=0.031687700 solve_s=0.093746000 update_s=0.013149500 K_nnz=96025 rhs_cols=250 Vxx_nnz=62001
FILTERDDP_FEASIBILITY iteration=52 barrier_iteration=5 equality_count=62016 equality_rms=1.033330436920e-04 equality_max=2.431006609812e-03 equality_worst_stage=3 equality_worst_index=9415 dynamics_count=1245 dynamics_rms=0.000000000000e+00 dynamics_max=0.000000000000e+00 dynamics_worst_stage=0 dynamics_worst_index=0 bound_count=69486 bound_rms=0.000000000000e+00 bound_max=0.000000000000e+00 bound_worst_stage=0 bound_worst_index=0 bound_worst_kind=none
    52   9.57845177e+03   2.4310e-03   6.6217e-03   8.4540e-06   -3.49      -     2.5000e-01   0
FILTERDDP_ITER_TIMING iteration=52 barrier_iteration=5 backward_s=1.296520200 forward_s=0.241644300 total_s=1.538164500 outcome=accepted step_size=1.250000000e-01 backtracks=0 mu=3.200000000e-04
FILTERDDP_TIMING iteration=53 barrier_iteration=5 stage=6 derivative_s=0.014762400 first_order_s=0.013970100 second_order_s=0.000698000 algebra_s=0.063255400 kkt_assembly_s=0.027601900 factor_s=0.031663800 solve_s=0.163757700 update_s=0.027511000 K_nnz=96025 rhs_cols=250 Vxx_nnz=62001
FILTERDDP_TIMING iteration=53 barrier_iteration=5 stage=5 derivative_s=0.015199300 first_order_s=0.014296100 second_order_s=0.000801500 algebra_s=0.013419200 kkt_assembly_s=0.009547100 factor_s=0.033677200 solve_s=0.464466000 update_s=0.013233100 K_nnz=96025 rhs_cols=250 Vxx_nnz=62001
FILTERDDP_TIMING iteration=53 barrier_iteration=5 stage=4 derivative_s=0.041713500 first_order_s=0.039855300 second_order_s=0.001600200 algebra_s=0.016050600 kkt_assembly_s=0.023873900 factor_s=0.052387500 solve_s=0.102255300 update_s=0.013231200 K_nnz=96025 rhs_cols=250 Vxx_nnz=62001
FILTERDDP_TIMING iteration=53 barrier_iteration=5 stage=3 derivative_s=0.034397000 first_order_s=0.033141500 second_order_s=0.001090200 algebra_s=0.014887500 kkt_assembly_s=0.018750900 factor_s=0.041229100 solve_s=0.095091100 update_s=0.013444900 K_nnz=96025 rhs_cols=250 Vxx_nnz=62001
FILTERDDP_TIMING iteration=53 barrier_iteration=5 stage=2 derivative_s=0.015688700 first_order_s=0.014727000 second_order_s=0.000861400 algebra_s=0.014245000 kkt_assembly_s=0.009681600 factor_s=0.034238400 solve_s=0.097480500 update_s=0.013262500 K_nnz=96025 rhs_cols=250 Vxx_nnz=62001
FILTERDDP_TIMING iteration=53 barrier_iteration=5 stage=1 derivative_s=0.017900100 first_order_s=0.016045500 second_order_s=0.001754300 algebra_s=0.017894600 kkt_assembly_s=0.011987500 factor_s=0.033630900 solve_s=0.093442100 update_s=0.015608200 K_nnz=96025 rhs_cols=250 Vxx_nnz=62001
FILTERDDP_FEASIBILITY iteration=53 barrier_iteration=5 equality_count=62016 equality_rms=9.315695398549e-05 equality_max=2.170282259929e-03 equality_worst_stage=3 equality_worst_index=9415 dynamics_count=1245 dynamics_rms=0.000000000000e+00 dynamics_max=0.000000000000e+00 dynamics_worst_stage=0 dynamics_worst_index=0 bound_count=69486 bound_rms=0.000000000000e+00 bound_max=0.000000000000e+00 bound_worst_stage=0 bound_worst_index=0 bound_worst_kind=none
    53   9.57253057e+03   2.1703e-03   5.9609e-03   7.2887e-06   -3.49      -     1.2500e-01   0
FILTERDDP_ITER_TIMING iteration=53 barrier_iteration=5 backward_s=1.744150700 forward_s=0.189534400 total_s=1.933685100 outcome=accepted step_size=2.500000000e-01 backtracks=0 mu=3.200000000e-04
FILTERDDP_TIMING iteration=54 barrier_iteration=5 stage=6 derivative_s=0.020584700 first_order_s=0.019386800 second_order_s=0.001080900 algebra_s=0.079507700 kkt_assembly_s=0.030258100 factor_s=0.033252100 solve_s=0.092030900 update_s=0.034297200 K_nnz=96025 rhs_cols=250 Vxx_nnz=62001
FILTERDDP_TIMING iteration=54 barrier_iteration=5 stage=5 derivative_s=0.033018500 first_order_s=0.031474000 second_order_s=0.001270700 algebra_s=0.014357800 kkt_assembly_s=0.009937700 factor_s=0.032232000 solve_s=0.094362600 update_s=0.013140500 K_nnz=96025 rhs_cols=250 Vxx_nnz=62001
FILTERDDP_TIMING iteration=54 barrier_iteration=5 stage=4 derivative_s=0.015767400 first_order_s=0.014739300 second_order_s=0.000922700 algebra_s=0.013953000 kkt_assembly_s=0.009341800 factor_s=0.033783800 solve_s=0.094137700 update_s=0.027481700 K_nnz=96025 rhs_cols=250 Vxx_nnz=62001
FILTERDDP_TIMING iteration=54 barrier_iteration=5 stage=3 derivative_s=0.021123800 first_order_s=0.020066200 second_order_s=0.000954500 algebra_s=0.010035100 kkt_assembly_s=0.010241100 factor_s=0.031619800 solve_s=0.097177200 update_s=0.013054900 K_nnz=96025 rhs_cols=250 Vxx_nnz=62001
FILTERDDP_TIMING iteration=54 barrier_iteration=5 stage=2 derivative_s=0.015459700 first_order_s=0.014363600 second_order_s=0.000995200 algebra_s=0.014032600 kkt_assembly_s=0.010001000 factor_s=0.036812400 solve_s=0.099669200 update_s=0.013045600 K_nnz=96025 rhs_cols=250 Vxx_nnz=62001
FILTERDDP_TIMING iteration=54 barrier_iteration=5 stage=1 derivative_s=0.015815400 first_order_s=0.014720100 second_order_s=0.000989300 algebra_s=0.014735300 kkt_assembly_s=0.011135200 factor_s=0.034695200 solve_s=0.094132700 update_s=0.012971500 K_nnz=96025 rhs_cols=250 Vxx_nnz=62001
FILTERDDP_FEASIBILITY iteration=54 barrier_iteration=5 equality_count=62016 equality_rms=7.980111730523e-05 equality_max=1.768136478532e-03 equality_worst_stage=3 equality_worst_index=9415 dynamics_count=1245 dynamics_rms=0.000000000000e+00 dynamics_max=0.000000000000e+00 dynamics_worst_stage=0 dynamics_worst_index=0 bound_count=69486 bound_rms=0.000000000000e+00 bound_max=0.000000000000e+00 bound_worst_stage=0 bound_worst_index=0 bound_worst_kind=none
    54   9.56217790e+03   1.7681e-03   4.7357e-03   5.3772e-06   -3.49      -     2.5000e-01   0
FILTERDDP_ITER_TIMING iteration=54 barrier_iteration=5 backward_s=1.260608400 forward_s=0.210218200 total_s=1.470826600 outcome=accepted step_size=2.500000000e-01 backtracks=0 mu=3.200000000e-04
FILTERDDP_TIMING iteration=55 barrier_iteration=5 stage=6 derivative_s=0.014959500 first_order_s=0.013660300 second_order_s=0.001009600 algebra_s=0.067744500 kkt_assembly_s=0.031233300 factor_s=0.032444700 solve_s=0.198219000 update_s=0.026394300 K_nnz=96025 rhs_cols=250 Vxx_nnz=62001
FILTERDDP_TIMING iteration=55 barrier_iteration=5 stage=5 derivative_s=0.030153600 first_order_s=0.029008000 second_order_s=0.001028900 algebra_s=0.014127300 kkt_assembly_s=0.010812500 factor_s=0.032658000 solve_s=0.466077600 update_s=0.013169300 K_nnz=96025 rhs_cols=250 Vxx_nnz=62001
FILTERDDP_TIMING iteration=55 barrier_iteration=5 stage=4 derivative_s=0.015943800 first_order_s=0.014939800 second_order_s=0.000896700 algebra_s=0.012065100 kkt_assembly_s=0.009406100 factor_s=0.032283600 solve_s=0.096424000 update_s=0.013152600 K_nnz=96025 rhs_cols=250 Vxx_nnz=62001
FILTERDDP_TIMING iteration=55 barrier_iteration=5 stage=3 derivative_s=0.013950300 first_order_s=0.013246400 second_order_s=0.000604100 algebra_s=0.012236300 kkt_assembly_s=0.009567100 factor_s=0.033221000 solve_s=0.092399000 update_s=0.012929800 K_nnz=96025 rhs_cols=250 Vxx_nnz=62001
FILTERDDP_TIMING iteration=55 barrier_iteration=5 stage=2 derivative_s=0.015711100 first_order_s=0.014575100 second_order_s=0.001035800 algebra_s=0.015067700 kkt_assembly_s=0.012626600 factor_s=0.033051100 solve_s=0.105840600 update_s=0.020306800 K_nnz=96025 rhs_cols=250 Vxx_nnz=62001
FILTERDDP_TIMING iteration=55 barrier_iteration=5 stage=1 derivative_s=0.028229300 first_order_s=0.025151500 second_order_s=0.002800700 algebra_s=0.022851800 kkt_assembly_s=0.014290000 factor_s=0.036962200 solve_s=0.094370100 update_s=0.013563100 K_nnz=96025 rhs_cols=250 Vxx_nnz=62001
FILTERDDP_FEASIBILITY iteration=55 barrier_iteration=5 equality_count=62016 equality_rms=6.734899637333e-05 equality_max=1.488735420250e-03 equality_worst_stage=6 equality_worst_index=9415 dynamics_count=1245 dynamics_rms=0.000000000000e+00 dynamics_max=0.000000000000e+00 dynamics_worst_stage=0 dynamics_worst_index=0 bound_count=69486 bound_rms=0.000000000000e+00 bound_max=0.000000000000e+00 bound_worst_stage=0 bound_worst_index=0 bound_worst_kind=none
    55   9.55444411e+03   1.4887e-03   3.6299e-03   3.9404e-06   -3.49      -     2.5000e-01   0
FILTERDDP_ITER_TIMING iteration=55 barrier_iteration=5 backward_s=1.731872000 forward_s=0.153470400 total_s=1.885342400 outcome=accepted step_size=5.000000000e-01 backtracks=0 mu=3.200000000e-04
FILTERDDP_TIMING iteration=56 barrier_iteration=5 stage=6 derivative_s=0.014931400 first_order_s=0.014173400 second_order_s=0.000663700 algebra_s=0.058067400 kkt_assembly_s=0.022540800 factor_s=0.031396800 solve_s=0.090784400 update_s=0.025566300 K_nnz=96025 rhs_cols=250 Vxx_nnz=62001
FILTERDDP_TIMING iteration=56 barrier_iteration=5 stage=5 derivative_s=0.023982200 first_order_s=0.022778200 second_order_s=0.001096400 algebra_s=0.014171400 kkt_assembly_s=0.012226600 factor_s=0.032327900 solve_s=0.092729000 update_s=0.013182800 K_nnz=96025 rhs_cols=250 Vxx_nnz=62001
FILTERDDP_TIMING iteration=56 barrier_iteration=5 stage=4 derivative_s=0.016278800 first_order_s=0.015040000 second_order_s=0.000999900 algebra_s=0.013829000 kkt_assembly_s=0.009099700 factor_s=0.032137700 solve_s=0.095617800 update_s=0.013680600 K_nnz=96025 rhs_cols=250 Vxx_nnz=62001
FILTERDDP_TIMING iteration=56 barrier_iteration=5 stage=3 derivative_s=0.027119400 first_order_s=0.015005900 second_order_s=0.011989200 algebra_s=0.013735500 kkt_assembly_s=0.009668800 factor_s=0.037436300 solve_s=0.097907600 update_s=0.013257700 K_nnz=96025 rhs_cols=250 Vxx_nnz=62001
FILTERDDP_TIMING iteration=56 barrier_iteration=5 stage=2 derivative_s=0.015205900 first_order_s=0.014202700 second_order_s=0.000864200 algebra_s=0.014069200 kkt_assembly_s=0.009506800 factor_s=0.031336700 solve_s=0.099503100 update_s=0.013444200 K_nnz=96025 rhs_cols=250 Vxx_nnz=62001
FILTERDDP_TIMING iteration=56 barrier_iteration=5 stage=1 derivative_s=0.016664800 first_order_s=0.015705700 second_order_s=0.000859500 algebra_s=0.013891700 kkt_assembly_s=0.009231800 factor_s=0.032595700 solve_s=0.094035800 update_s=0.012926000 K_nnz=96025 rhs_cols=250 Vxx_nnz=62001
FILTERDDP_FEASIBILITY iteration=56 barrier_iteration=5 equality_count=62016 equality_rms=5.631822449268e-05 equality_max=1.474495226574e-03 equality_worst_stage=6 equality_worst_index=9415 dynamics_count=1245 dynamics_rms=0.000000000000e+00 dynamics_max=0.000000000000e+00 dynamics_worst_stage=0 dynamics_worst_index=0 bound_count=69486 bound_rms=0.000000000000e+00 bound_max=0.000000000000e+00 bound_worst_stage=0 bound_worst_index=0 bound_worst_kind=none
FILTERDDP_ITER_TIMING iteration=56 barrier_iteration=5 backward_s=1.197145300 forward_s=0.000000000 total_s=1.197145300 outcome=barrier_update step_size=5.000000000e-01 backtracks=0 mu=3.200000000e-04
FILTERDDP_TIMING iteration=56 barrier_iteration=6 stage=6 derivative_s=0.015901600 first_order_s=0.014369300 second_order_s=0.001423000 algebra_s=0.082365800 kkt_assembly_s=0.034420200 factor_s=0.031027500 solve_s=0.143436500 update_s=0.026534100 K_nnz=96025 rhs_cols=250 Vxx_nnz=62001
FILTERDDP_TIMING iteration=56 barrier_iteration=6 stage=5 derivative_s=0.037003700 first_order_s=0.035366600 second_order_s=0.001420000 algebra_s=0.015326500 kkt_assembly_s=0.019418100 factor_s=0.037446800 solve_s=0.468581400 update_s=0.013250700 K_nnz=96025 rhs_cols=250 Vxx_nnz=62001
FILTERDDP_TIMING iteration=56 barrier_iteration=6 stage=4 derivative_s=0.015623500 first_order_s=0.014503300 second_order_s=0.001017100 algebra_s=0.013949100 kkt_assembly_s=0.010368400 factor_s=0.031798300 solve_s=0.093866900 update_s=0.013502400 K_nnz=96025 rhs_cols=250 Vxx_nnz=62001
FILTERDDP_TIMING iteration=56 barrier_iteration=6 stage=3 derivative_s=0.018265600 first_order_s=0.017318500 second_order_s=0.000844600 algebra_s=0.014139100 kkt_assembly_s=0.009446900 factor_s=0.030597600 solve_s=0.093707800 update_s=0.013330400 K_nnz=96025 rhs_cols=250 Vxx_nnz=62001
FILTERDDP_TIMING iteration=56 barrier_iteration=6 stage=2 derivative_s=0.015675700 first_order_s=0.014700100 second_order_s=0.000877700 algebra_s=0.014242700 kkt_assembly_s=0.008996400 factor_s=0.031919900 solve_s=0.092502500 update_s=0.013431400 K_nnz=96025 rhs_cols=250 Vxx_nnz=62001
FILTERDDP_TIMING iteration=56 barrier_iteration=6 stage=1 derivative_s=0.016797300 first_order_s=0.014937500 second_order_s=0.001741700 algebra_s=0.017212400 kkt_assembly_s=0.009117000 factor_s=0.039982100 solve_s=0.113067500 update_s=0.012577400 K_nnz=96025 rhs_cols=250 Vxx_nnz=62001
FILTERDDP_FEASIBILITY iteration=56 barrier_iteration=6 equality_count=62016 equality_rms=5.631822449268e-05 equality_max=1.474495226574e-03 equality_worst_stage=6 equality_worst_index=9415 dynamics_count=1245 dynamics_rms=0.000000000000e+00 dynamics_max=0.000000000000e+00 dynamics_worst_stage=0 dynamics_worst_index=0 bound_count=69486 bound_rms=0.000000000000e+00 bound_max=0.000000000000e+00 bound_worst_stage=0 bound_worst_index=0 bound_worst_kind=none
    56   9.54291048e+03   1.4745e-03   1.9411e-03   2.0712e-06   -4.19      -     5.0000e-01   0
FILTERDDP_ITER_TIMING iteration=56 barrier_iteration=6 backward_s=1.692001100 forward_s=0.178193200 total_s=1.870194300 outcome=accepted step_size=1.250000000e-01 backtracks=0 mu=6.400000000e-05
FILTERDDP_TIMING iteration=57 barrier_iteration=6 stage=6 derivative_s=0.015351400 first_order_s=0.014446300 second_order_s=0.000808000 algebra_s=0.057644300 kkt_assembly_s=0.022661500 factor_s=0.031467800 solve_s=0.093356500 update_s=0.026233300 K_nnz=96025 rhs_cols=250 Vxx_nnz=62001
FILTERDDP_TIMING iteration=57 barrier_iteration=6 stage=5 derivative_s=0.015588600 first_order_s=0.014588200 second_order_s=0.000897800 algebra_s=0.014081600 kkt_assembly_s=0.009112500 factor_s=0.031791100 solve_s=0.119223500 update_s=0.014847400 K_nnz=96025 rhs_cols=250 Vxx_nnz=62001
FILTERDDP_TIMING iteration=57 barrier_iteration=6 stage=4 derivative_s=0.033821900 first_order_s=0.032354600 second_order_s=0.001266000 algebra_s=0.015236800 kkt_assembly_s=0.011125400 factor_s=0.032169500 solve_s=0.119648300 update_s=0.013114300 K_nnz=96025 rhs_cols=250 Vxx_nnz=62001
FILTERDDP_TIMING iteration=57 barrier_iteration=6 stage=3 derivative_s=0.036790800 first_order_s=0.035248700 second_order_s=0.001296400 algebra_s=0.034684400 kkt_assembly_s=0.009231600 factor_s=0.030870800 solve_s=0.093975600 update_s=0.012620600 K_nnz=96025 rhs_cols=250 Vxx_nnz=62001
FILTERDDP_TIMING iteration=57 barrier_iteration=6 stage=2 derivative_s=0.015379600 first_order_s=0.014416400 second_order_s=0.000859100 algebra_s=0.013826700 kkt_assembly_s=0.009321800 factor_s=0.032348100 solve_s=0.100080600 update_s=0.014430800 K_nnz=96025 rhs_cols=250 Vxx_nnz=62001
FILTERDDP_TIMING iteration=57 barrier_iteration=6 stage=1 derivative_s=0.015658200 first_order_s=0.014714700 second_order_s=0.000841200 algebra_s=0.014206700 kkt_assembly_s=0.009414200 factor_s=0.031334200 solve_s=0.092468700 update_s=0.013390600 K_nnz=96025 rhs_cols=250 Vxx_nnz=62001
FILTERDDP_FEASIBILITY iteration=57 barrier_iteration=6 equality_count=62016 equality_rms=5.055014241696e-05 equality_max=1.324698191627e-03 equality_worst_stage=6 equality_worst_index=9415 dynamics_count=1245 dynamics_rms=0.000000000000e+00 dynamics_max=0.000000000000e+00 dynamics_worst_stage=0 dynamics_worst_index=0 bound_count=69486 bound_rms=0.000000000000e+00 bound_max=0.000000000000e+00 bound_worst_stage=0 bound_worst_index=0 bound_worst_kind=none
    57   9.54059102e+03   1.3247e-03   1.7769e-03   1.8021e-06   -4.19      -     1.2500e-01   0
FILTERDDP_ITER_TIMING iteration=57 barrier_iteration=6 backward_s=1.279624300 forward_s=0.172156400 total_s=1.451780700 outcome=accepted step_size=1.250000000e-01 backtracks=0 mu=6.400000000e-05
FILTERDDP_TIMING iteration=58 barrier_iteration=6 stage=6 derivative_s=0.013581100 first_order_s=0.012755500 second_order_s=0.000732400 algebra_s=0.065700700 kkt_assembly_s=0.025499200 factor_s=0.031824200 solve_s=0.143532500 update_s=0.027614100 K_nnz=96025 rhs_cols=250 Vxx_nnz=62001
FILTERDDP_TIMING iteration=58 barrier_iteration=6 stage=5 derivative_s=0.014546800 first_order_s=0.013645800 second_order_s=0.000799900 algebra_s=0.013803600 kkt_assembly_s=0.010320200 factor_s=0.032372200 solve_s=0.463443700 update_s=0.013028700 K_nnz=96025 rhs_cols=250 Vxx_nnz=62001
FILTERDDP_TIMING iteration=58 barrier_iteration=6 stage=4 derivative_s=0.015518900 first_order_s=0.014394500 second_order_s=0.001023100 algebra_s=0.014027000 kkt_assembly_s=0.010337000 factor_s=0.032039300 solve_s=0.095409700 update_s=0.013531700 K_nnz=96025 rhs_cols=250 Vxx_nnz=62001
FILTERDDP_TIMING iteration=58 barrier_iteration=6 stage=3 derivative_s=0.015558400 first_order_s=0.014555800 second_order_s=0.000899300 algebra_s=0.013847500 kkt_assembly_s=0.009348600 factor_s=0.030548700 solve_s=0.092262000 update_s=0.013065800 K_nnz=96025 rhs_cols=250 Vxx_nnz=62001
FILTERDDP_TIMING iteration=58 barrier_iteration=6 stage=2 derivative_s=0.015431500 first_order_s=0.014299300 second_order_s=0.001027400 algebra_s=0.015286900 kkt_assembly_s=0.009870100 factor_s=0.032666600 solve_s=0.098569200 update_s=0.013674200 K_nnz=96025 rhs_cols=250 Vxx_nnz=62001
FILTERDDP_TIMING iteration=58 barrier_iteration=6 stage=1 derivative_s=0.020662000 first_order_s=0.019181100 second_order_s=0.001350300 algebra_s=0.019142000 kkt_assembly_s=0.017379000 factor_s=0.034512100 solve_s=0.094407500 update_s=0.014139800 K_nnz=96025 rhs_cols=250 Vxx_nnz=62001
FILTERDDP_FEASIBILITY iteration=58 barrier_iteration=6 equality_count=62016 equality_rms=4.536944690906e-05 equality_max=1.186803887403e-03 equality_worst_stage=6 equality_worst_index=9415 dynamics_count=1245 dynamics_rms=0.000000000000e+00 dynamics_max=0.000000000000e+00 dynamics_worst_stage=0 dynamics_worst_index=0 bound_count=69486 bound_rms=0.000000000000e+00 bound_max=0.000000000000e+00 bound_worst_stage=0 bound_worst_index=0 bound_worst_kind=none
    58   9.53856796e+03   1.1868e-03   1.6158e-03   1.5662e-06   -4.19      -     1.2500e-01   0
FILTERDDP_ITER_TIMING iteration=58 barrier_iteration=6 backward_s=1.619707400 forward_s=0.191485400 total_s=1.811192800 outcome=accepted step_size=2.500000000e-01 backtracks=0 mu=6.400000000e-05
FILTERDDP_TIMING iteration=59 barrier_iteration=6 stage=6 derivative_s=0.014623400 first_order_s=0.013289100 second_order_s=0.001236800 algebra_s=0.064920200 kkt_assembly_s=0.026829500 factor_s=0.034044700 solve_s=0.090264200 update_s=0.026622500 K_nnz=96025 rhs_cols=250 Vxx_nnz=62001
FILTERDDP_TIMING iteration=59 barrier_iteration=6 stage=5 derivative_s=0.022451300 first_order_s=0.010390000 second_order_s=0.011963300 algebra_s=0.013799800 kkt_assembly_s=0.009058200 factor_s=0.032133400 solve_s=0.093125100 update_s=0.013423400 K_nnz=96025 rhs_cols=250 Vxx_nnz=62001
FILTERDDP_TIMING iteration=59 barrier_iteration=6 stage=4 derivative_s=0.015351000 first_order_s=0.014170500 second_order_s=0.001079500 algebra_s=0.014554100 kkt_assembly_s=0.010934900 factor_s=0.031142000 solve_s=0.099858000 update_s=0.017219400 K_nnz=96025 rhs_cols=250 Vxx_nnz=62001
FILTERDDP_TIMING iteration=59 barrier_iteration=6 stage=3 derivative_s=0.023701900 first_order_s=0.023032600 second_order_s=0.000567200 algebra_s=0.015248000 kkt_assembly_s=0.008961400 factor_s=0.030847600 solve_s=0.091373300 update_s=0.013243400 K_nnz=96025 rhs_cols=250 Vxx_nnz=62001
FILTERDDP_TIMING iteration=59 barrier_iteration=6 stage=2 derivative_s=0.015529200 first_order_s=0.014313800 second_order_s=0.001111500 algebra_s=0.013999800 kkt_assembly_s=0.009259100 factor_s=0.031686500 solve_s=0.099538800 update_s=0.013392500 K_nnz=96025 rhs_cols=250 Vxx_nnz=62001
FILTERDDP_TIMING iteration=59 barrier_iteration=6 stage=1 derivative_s=0.015337800 first_order_s=0.014243800 second_order_s=0.000991300 algebra_s=0.013889300 kkt_assembly_s=0.009198500 factor_s=0.030738100 solve_s=0.093706400 update_s=0.013200900 K_nnz=96025 rhs_cols=250 Vxx_nnz=62001
FILTERDDP_FEASIBILITY iteration=59 barrier_iteration=6 equality_count=62016 equality_rms=3.806564564999e-05 equality_max=9.784112344539e-04 equality_worst_stage=6 equality_worst_index=9415 dynamics_count=1245 dynamics_rms=0.000000000000e+00 dynamics_max=0.000000000000e+00 dynamics_worst_stage=0 dynamics_worst_index=0 bound_count=69486 bound_rms=0.000000000000e+00 bound_max=0.000000000000e+00 bound_worst_stage=0 bound_worst_index=0 bound_worst_kind=none
    59   9.53504082e+03   9.7841e-04   1.3117e-03   1.1724e-06   -4.19      -     2.5000e-01   0
FILTERDDP_ITER_TIMING iteration=59 barrier_iteration=6 backward_s=1.196131400 forward_s=0.221382000 total_s=1.417513400 outcome=accepted step_size=2.500000000e-01 backtracks=0 mu=6.400000000e-05
FILTERDDP_TIMING iteration=60 barrier_iteration=6 stage=6 derivative_s=0.013618900 first_order_s=0.012827200 second_order_s=0.000696300 algebra_s=0.077133400 kkt_assembly_s=0.025450100 factor_s=0.040529600 solve_s=0.157584400 update_s=0.026732200 K_nnz=96025 rhs_cols=250 Vxx_nnz=62001
FILTERDDP_TIMING iteration=60 barrier_iteration=6 stage=5 derivative_s=0.033573300 first_order_s=0.032275900 second_order_s=0.001108600 algebra_s=0.014912100 kkt_assembly_s=0.013222600 factor_s=0.034799300 solve_s=0.465159900 update_s=0.014625200 K_nnz=96025 rhs_cols=250 Vxx_nnz=62001
FILTERDDP_TIMING iteration=60 barrier_iteration=6 stage=4 derivative_s=0.015472900 first_order_s=0.014330500 second_order_s=0.001041600 algebra_s=0.013659200 kkt_assembly_s=0.009364700 factor_s=0.031413300 solve_s=0.094107700 update_s=0.013191800 K_nnz=96025 rhs_cols=250 Vxx_nnz=62001
FILTERDDP_TIMING iteration=60 barrier_iteration=6 stage=3 derivative_s=0.015984900 first_order_s=0.015018400 second_order_s=0.000858800 algebra_s=0.013816300 kkt_assembly_s=0.032735900 factor_s=0.054697300 solve_s=0.094319900 update_s=0.013595500 K_nnz=96025 rhs_cols=250 Vxx_nnz=62001
FILTERDDP_TIMING iteration=60 barrier_iteration=6 stage=2 derivative_s=0.015659800 first_order_s=0.014522500 second_order_s=0.001035200 algebra_s=0.014035200 kkt_assembly_s=0.009251400 factor_s=0.032824700 solve_s=0.092400400 update_s=0.013769600 K_nnz=96025 rhs_cols=250 Vxx_nnz=62001
FILTERDDP_TIMING iteration=60 barrier_iteration=6 stage=1 derivative_s=0.016087200 first_order_s=0.014342200 second_order_s=0.001638000 algebra_s=0.017350400 kkt_assembly_s=0.010422800 factor_s=0.034603000 solve_s=0.093623000 update_s=0.013496500 K_nnz=96025 rhs_cols=250 Vxx_nnz=62001
FILTERDDP_FEASIBILITY iteration=60 barrier_iteration=6 equality_count=62016 equality_rms=3.161849867715e-05 equality_max=7.874536943062e-04 equality_worst_stage=6 equality_worst_index=9415 dynamics_count=1245 dynamics_rms=0.000000000000e+00 dynamics_max=0.000000000000e+00 dynamics_worst_stage=0 dynamics_worst_index=0 bound_count=69486 bound_rms=0.000000000000e+00 bound_max=0.000000000000e+00 bound_worst_stage=0 bound_worst_index=0 bound_worst_kind=none
  iter     objective        pr_inf       du_inf       cs_inf     lg(╬╝)   lg(reg)    alpha     ls
    60   9.53241970e+03   7.8745e-04   1.0349e-03   8.7257e-07   -4.19      -     2.5000e-01   0
FILTERDDP_ITER_TIMING iteration=60 barrier_iteration=6 backward_s=1.706353300 forward_s=0.135014800 total_s=1.841368100 outcome=accepted step_size=5.000000000e-01 backtracks=0 mu=6.400000000e-05
FILTERDDP_TIMING iteration=61 barrier_iteration=6 stage=6 derivative_s=0.014473300 first_order_s=0.012991900 second_order_s=0.001387500 algebra_s=0.059810100 kkt_assembly_s=0.037633800 factor_s=0.039508900 solve_s=0.089511800 update_s=0.026789400 K_nnz=96025 rhs_cols=250 Vxx_nnz=62001
FILTERDDP_TIMING iteration=61 barrier_iteration=6 stage=5 derivative_s=0.046145900 first_order_s=0.044677400 second_order_s=0.001297900 algebra_s=0.014828100 kkt_assembly_s=0.014106000 factor_s=0.049713300 solve_s=0.094545500 update_s=0.013313300 K_nnz=96025 rhs_cols=250 Vxx_nnz=62001
FILTERDDP_TIMING iteration=61 barrier_iteration=6 stage=4 derivative_s=0.015520400 first_order_s=0.014542400 second_order_s=0.000859100 algebra_s=0.013858000 kkt_assembly_s=0.009197500 factor_s=0.038808500 solve_s=0.102697500 update_s=0.012975200 K_nnz=96025 rhs_cols=250 Vxx_nnz=62001
FILTERDDP_TIMING iteration=61 barrier_iteration=6 stage=3 derivative_s=0.015614000 first_order_s=0.014467400 second_order_s=0.001045400 algebra_s=0.009968600 kkt_assembly_s=0.008915500 factor_s=0.038549300 solve_s=0.093993400 update_s=0.013146100 K_nnz=96025 rhs_cols=250 Vxx_nnz=62001
FILTERDDP_TIMING iteration=61 barrier_iteration=6 stage=2 derivative_s=0.015934300 first_order_s=0.014740000 second_order_s=0.001092500 algebra_s=0.014798600 kkt_assembly_s=0.013521800 factor_s=0.048043500 solve_s=0.093953800 update_s=0.013514500 K_nnz=96025 rhs_cols=250 Vxx_nnz=62001
FILTERDDP_TIMING iteration=61 barrier_iteration=6 stage=1 derivative_s=0.015791600 first_order_s=0.014725600 second_order_s=0.000964700 algebra_s=0.014078200 kkt_assembly_s=0.009333300 factor_s=0.039772600 solve_s=0.100848500 update_s=0.013165300 K_nnz=96025 rhs_cols=250 Vxx_nnz=62001
FILTERDDP_FEASIBILITY iteration=61 barrier_iteration=6 equality_count=62016 equality_rms=2.444836125382e-05 equality_max=5.228250407211e-04 equality_worst_stage=6 equality_worst_index=9415 dynamics_count=1245 dynamics_rms=0.000000000000e+00 dynamics_max=0.000000000000e+00 dynamics_worst_stage=0 dynamics_worst_index=0 bound_count=69486 bound_rms=0.000000000000e+00 bound_max=0.000000000000e+00 bound_worst_stage=0 bound_worst_index=0 bound_worst_kind=none
FILTERDDP_ITER_TIMING iteration=61 barrier_iteration=6 backward_s=1.289639000 forward_s=0.000000000 total_s=1.289639000 outcome=barrier_update step_size=5.000000000e-01 backtracks=0 mu=6.400000000e-05
FILTERDDP_TIMING iteration=61 barrier_iteration=7 stage=6 derivative_s=0.015791500 first_order_s=0.014292700 second_order_s=0.001399000 algebra_s=0.078460800 kkt_assembly_s=0.032886200 factor_s=0.039970100 solve_s=0.145647700 update_s=0.026012500 K_nnz=96025 rhs_cols=250 Vxx_nnz=62001
FILTERDDP_TIMING iteration=61 barrier_iteration=7 stage=5 derivative_s=0.015560100 first_order_s=0.014619000 second_order_s=0.000836300 algebra_s=0.014116500 kkt_assembly_s=0.025925900 factor_s=0.042178600 solve_s=0.466782800 update_s=0.013051900 K_nnz=96025 rhs_cols=250 Vxx_nnz=62001
FILTERDDP_TIMING iteration=61 barrier_iteration=7 stage=4 derivative_s=0.018700500 first_order_s=0.017609600 second_order_s=0.000985600 algebra_s=0.013831400 kkt_assembly_s=0.013076300 factor_s=0.041423800 solve_s=0.098310600 update_s=0.013644000 K_nnz=96025 rhs_cols=250 Vxx_nnz=62001
FILTERDDP_TIMING iteration=61 barrier_iteration=7 stage=3 derivative_s=0.016167300 first_order_s=0.015163400 second_order_s=0.000896700 algebra_s=0.016181000 kkt_assembly_s=0.016219500 factor_s=0.042056900 solve_s=0.121386300 update_s=0.013407000 K_nnz=96025 rhs_cols=250 Vxx_nnz=62001
FILTERDDP_TIMING iteration=61 barrier_iteration=7 stage=2 derivative_s=0.034170700 first_order_s=0.032783900 second_order_s=0.001212800 algebra_s=0.015088500 kkt_assembly_s=0.013197500 factor_s=0.040030400 solve_s=0.098005900 update_s=0.012979800 K_nnz=96025 rhs_cols=250 Vxx_nnz=62001
FILTERDDP_TIMING iteration=61 barrier_iteration=7 stage=1 derivative_s=0.020411000 first_order_s=0.018932700 second_order_s=0.001371700 algebra_s=0.017944100 kkt_assembly_s=0.010218700 factor_s=0.042012200 solve_s=0.098594400 update_s=0.013653900 K_nnz=96025 rhs_cols=250 Vxx_nnz=62001
FILTERDDP_FEASIBILITY iteration=61 barrier_iteration=7 equality_count=62016 equality_rms=2.444836125382e-05 equality_max=5.228250407211e-04 equality_worst_stage=6 equality_worst_index=9415 dynamics_count=1245 dynamics_rms=0.000000000000e+00 dynamics_max=0.000000000000e+00 dynamics_worst_stage=0 dynamics_worst_index=0 bound_count=69486 bound_rms=0.000000000000e+00 bound_max=0.000000000000e+00 bound_worst_stage=0 bound_worst_index=0 bound_worst_kind=none
    61   9.52852684e+03   5.2283e-04   5.8742e-04   4.6675e-07   -5.03      -     5.0000e-01   0
FILTERDDP_ITER_TIMING iteration=61 barrier_iteration=7 backward_s=1.780866400 forward_s=0.180425800 total_s=1.961292200 outcome=accepted step_size=2.500000000e-01 backtracks=0 mu=9.277179695e-06
FILTERDDP_TIMING iteration=62 barrier_iteration=7 stage=6 derivative_s=0.013885200 first_order_s=0.013104300 second_order_s=0.000689200 algebra_s=0.058600000 kkt_assembly_s=0.023583200 factor_s=0.042091400 solve_s=0.096363300 update_s=0.026725800 K_nnz=96025 rhs_cols=250 Vxx_nnz=62001
FILTERDDP_TIMING iteration=62 barrier_iteration=7 stage=5 derivative_s=0.015464600 first_order_s=0.014376700 second_order_s=0.000984000 algebra_s=0.013942900 kkt_assembly_s=0.009402300 factor_s=0.039984300 solve_s=0.093855100 update_s=0.013206100 K_nnz=96025 rhs_cols=250 Vxx_nnz=62001
FILTERDDP_TIMING iteration=62 barrier_iteration=7 stage=4 derivative_s=0.036031100 first_order_s=0.034687100 second_order_s=0.001161200 algebra_s=0.015043600 kkt_assembly_s=0.009488900 factor_s=0.040351400 solve_s=0.094866700 update_s=0.026652200 K_nnz=96025 rhs_cols=250 Vxx_nnz=62001
FILTERDDP_TIMING iteration=62 barrier_iteration=7 stage=3 derivative_s=0.017111300 first_order_s=0.016149800 second_order_s=0.000859100 algebra_s=0.013910300 kkt_assembly_s=0.009462500 factor_s=0.041945600 solve_s=0.093901400 update_s=0.013778000 K_nnz=96025 rhs_cols=250 Vxx_nnz=62001
FILTERDDP_TIMING iteration=62 barrier_iteration=7 stage=2 derivative_s=0.015373300 first_order_s=0.014255800 second_order_s=0.001014900 algebra_s=0.014056700 kkt_assembly_s=0.009662900 factor_s=0.046377500 solve_s=0.095927500 update_s=0.013340000 K_nnz=96025 rhs_cols=250 Vxx_nnz=62001
FILTERDDP_TIMING iteration=62 barrier_iteration=7 stage=1 derivative_s=0.016148000 first_order_s=0.015005600 second_order_s=0.001036800 algebra_s=0.014272800 kkt_assembly_s=0.009027000 factor_s=0.044270400 solve_s=0.121143800 update_s=0.013743900 K_nnz=96025 rhs_cols=250 Vxx_nnz=62001
FILTERDDP_FEASIBILITY iteration=62 barrier_iteration=7 equality_count=62016 equality_rms=1.956497079148e-05 equality_max=4.085213524237e-04 equality_worst_stage=6 equality_worst_index=9415 dynamics_count=1245 dynamics_rms=0.000000000000e+00 dynamics_max=0.000000000000e+00 dynamics_worst_stage=0 dynamics_worst_index=0 bound_count=69486 bound_rms=0.000000000000e+00 bound_max=0.000000000000e+00 bound_worst_stage=0 bound_worst_index=0 bound_worst_kind=none
    62   9.52720974e+03   4.0852e-04   4.8809e-04   3.5387e-07   -5.03      -     2.5000e-01   0
FILTERDDP_ITER_TIMING iteration=62 barrier_iteration=7 backward_s=1.296582800 forward_s=0.134673700 total_s=1.431256500 outcome=accepted step_size=5.000000000e-01 backtracks=0 mu=9.277179695e-06
FILTERDDP_TIMING iteration=63 barrier_iteration=7 stage=6 derivative_s=0.014976200 first_order_s=0.014198600 second_order_s=0.000685400 algebra_s=0.074852200 kkt_assembly_s=0.022298600 factor_s=0.097493100 solve_s=0.456981400 update_s=0.026543500 K_nnz=96025 rhs_cols=250 Vxx_nnz=62001
FILTERDDP_TIMING iteration=63 barrier_iteration=7 stage=5 derivative_s=0.015385800 first_order_s=0.014293000 second_order_s=0.000992700 algebra_s=0.013995600 kkt_assembly_s=0.009609800 factor_s=0.040276400 solve_s=0.102476900 update_s=0.013190600 K_nnz=96025 rhs_cols=250 Vxx_nnz=62001
FILTERDDP_TIMING iteration=63 barrier_iteration=7 stage=4 derivative_s=0.015625400 first_order_s=0.014573700 second_order_s=0.000944100 algebra_s=0.013618300 kkt_assembly_s=0.009714800 factor_s=0.041571000 solve_s=0.095035600 update_s=0.013819900 K_nnz=96025 rhs_cols=250 Vxx_nnz=62001
FILTERDDP_TIMING iteration=63 barrier_iteration=7 stage=3 derivative_s=0.034993000 first_order_s=0.033524900 second_order_s=0.001278700 algebra_s=0.014797200 kkt_assembly_s=0.011652100 factor_s=0.040125000 solve_s=0.096385500 update_s=0.013414300 K_nnz=96025 rhs_cols=250 Vxx_nnz=62001
FILTERDDP_TIMING iteration=63 barrier_iteration=7 stage=2 derivative_s=0.015773200 first_order_s=0.014820900 second_order_s=0.000851500 algebra_s=0.017595400 kkt_assembly_s=0.009894200 factor_s=0.042369300 solve_s=0.109914200 update_s=0.013527000 K_nnz=96025 rhs_cols=250 Vxx_nnz=62001
FILTERDDP_TIMING iteration=63 barrier_iteration=7 stage=1 derivative_s=0.015445200 first_order_s=0.014474400 second_order_s=0.000866800 algebra_s=0.014920600 kkt_assembly_s=0.008928300 factor_s=0.053312000 solve_s=0.103913000 update_s=0.012989400 K_nnz=96025 rhs_cols=250 Vxx_nnz=62001
FILTERDDP_FEASIBILITY iteration=63 barrier_iteration=7 equality_count=62016 equality_rms=1.294201160119e-05 equality_max=2.432073882099e-04 equality_worst_stage=6 equality_worst_index=9415 dynamics_count=1245 dynamics_rms=0.000000000000e+00 dynamics_max=0.000000000000e+00 dynamics_worst_stage=0 dynamics_worst_index=0 bound_count=69486 bound_rms=0.000000000000e+00 bound_max=0.000000000000e+00 bound_worst_stage=0 bound_worst_index=0 bound_worst_kind=none
    63   9.52525912e+03   2.4321e-04   3.1906e-04   1.9491e-07   -5.03      -     5.0000e-01   0
FILTERDDP_ITER_TIMING iteration=63 barrier_iteration=7 backward_s=1.731939000 forward_s=0.246144000 total_s=1.978083000 outcome=accepted step_size=2.500000000e-01 backtracks=0 mu=9.277179695e-06
FILTERDDP_TIMING iteration=64 barrier_iteration=7 stage=6 derivative_s=0.016744400 first_order_s=0.015339800 second_order_s=0.001304700 algebra_s=0.055503400 kkt_assembly_s=0.037273000 factor_s=0.054149300 solve_s=0.097409300 update_s=0.025948300 K_nnz=96025 rhs_cols=250 Vxx_nnz=62001
FILTERDDP_TIMING iteration=64 barrier_iteration=7 stage=5 derivative_s=0.014808600 first_order_s=0.013908500 second_order_s=0.000792200 algebra_s=0.011654900 kkt_assembly_s=0.009414500 factor_s=0.041992700 solve_s=0.099529500 update_s=0.013549200 K_nnz=96025 rhs_cols=250 Vxx_nnz=62001
FILTERDDP_TIMING iteration=64 barrier_iteration=7 stage=4 derivative_s=0.026704800 first_order_s=0.025746000 second_order_s=0.000852300 algebra_s=0.016202800 kkt_assembly_s=0.010080600 factor_s=0.040468400 solve_s=0.097007700 update_s=0.013251100 K_nnz=96025 rhs_cols=250 Vxx_nnz=62001
FILTERDDP_TIMING iteration=64 barrier_iteration=7 stage=3 derivative_s=0.015791000 first_order_s=0.014681500 second_order_s=0.001006100 algebra_s=0.013836000 kkt_assembly_s=0.009414200 factor_s=0.049129900 solve_s=0.095771600 update_s=0.013276700 K_nnz=96025 rhs_cols=250 Vxx_nnz=62001
FILTERDDP_TIMING iteration=64 barrier_iteration=7 stage=2 derivative_s=0.015565800 first_order_s=0.014484100 second_order_s=0.000981600 algebra_s=0.013689300 kkt_assembly_s=0.009268200 factor_s=0.041673900 solve_s=0.100793300 update_s=0.012827200 K_nnz=96025 rhs_cols=250 Vxx_nnz=62001
FILTERDDP_TIMING iteration=64 barrier_iteration=7 stage=1 derivative_s=0.015442800 first_order_s=0.014296400 second_order_s=0.001044100 algebra_s=0.013875700 kkt_assembly_s=0.008977200 factor_s=0.040395200 solve_s=0.102845700 update_s=0.012685500 K_nnz=96025 rhs_cols=250 Vxx_nnz=62001
FILTERDDP_FEASIBILITY iteration=64 barrier_iteration=7 equality_count=62016 equality_rms=9.969425051667e-06 equality_max=1.851627929970e-04 equality_worst_stage=6 equality_worst_index=9415 dynamics_count=1245 dynamics_rms=0.000000000000e+00 dynamics_max=0.000000000000e+00 dynamics_worst_stage=0 dynamics_worst_index=0 bound_count=69486 bound_rms=0.000000000000e+00 bound_max=0.000000000000e+00 bound_worst_stage=0 bound_worst_index=0 bound_worst_kind=none
    64   9.52478943e+03   1.8516e-04   2.5153e-04   1.4534e-07   -5.03      -     2.5000e-01   0
FILTERDDP_ITER_TIMING iteration=64 barrier_iteration=7 backward_s=1.290397000 forward_s=0.134479400 total_s=1.424876400 outcome=accepted step_size=5.000000000e-01 backtracks=0 mu=9.277179695e-06
FILTERDDP_TIMING iteration=65 barrier_iteration=7 stage=6 derivative_s=0.015167300 first_order_s=0.013619600 second_order_s=0.001450000 algebra_s=0.076443900 kkt_assembly_s=0.025835900 factor_s=0.044221000 solve_s=0.153477400 update_s=0.026155100 K_nnz=96025 rhs_cols=250 Vxx_nnz=62001
FILTERDDP_TIMING iteration=65 barrier_iteration=7 stage=5 derivative_s=0.016726400 first_order_s=0.016017100 second_order_s=0.000603400 algebra_s=0.007377000 kkt_assembly_s=0.017428400 factor_s=0.082632600 solve_s=0.474515700 update_s=0.013342500 K_nnz=96025 rhs_cols=250 Vxx_nnz=62001
FILTERDDP_TIMING iteration=65 barrier_iteration=7 stage=4 derivative_s=0.015479500 first_order_s=0.014377400 second_order_s=0.001002500 algebra_s=0.013663900 kkt_assembly_s=0.010285500 factor_s=0.043316800 solve_s=0.096786200 update_s=0.013588300 K_nnz=96025 rhs_cols=250 Vxx_nnz=62001
FILTERDDP_TIMING iteration=65 barrier_iteration=7 stage=3 derivative_s=0.015503300 first_order_s=0.014500600 second_order_s=0.000900200 algebra_s=0.014151400 kkt_assembly_s=0.009494200 factor_s=0.041816200 solve_s=0.094849000 update_s=0.025330900 K_nnz=96025 rhs_cols=250 Vxx_nnz=62001
FILTERDDP_TIMING iteration=65 barrier_iteration=7 stage=2 derivative_s=0.016164500 first_order_s=0.015160700 second_order_s=0.000900200 algebra_s=0.014332300 kkt_assembly_s=0.009455700 factor_s=0.040871100 solve_s=0.096029000 update_s=0.013551000 K_nnz=96025 rhs_cols=250 Vxx_nnz=62001
FILTERDDP_TIMING iteration=65 barrier_iteration=7 stage=1 derivative_s=0.016160900 first_order_s=0.014790000 second_order_s=0.001266900 algebra_s=0.017511600 kkt_assembly_s=0.009385000 factor_s=0.045357000 solve_s=0.096410400 update_s=0.014026700 K_nnz=96025 rhs_cols=250 Vxx_nnz=62001
FILTERDDP_FEASIBILITY iteration=65 barrier_iteration=7 equality_count=62016 equality_rms=5.617941154469e-06 equality_max=9.897298417933e-05 equality_worst_stage=6 equality_worst_index=9415 dynamics_count=1245 dynamics_rms=0.000000000000e+00 dynamics_max=0.000000000000e+00 dynamics_worst_stage=0 dynamics_worst_index=0 bound_count=69486 bound_rms=0.000000000000e+00 bound_max=0.000000000000e+00 bound_worst_stage=0 bound_worst_index=0 bound_worst_kind=none
    65   9.52409480e+03   9.8973e-05   1.4513e-04   7.7477e-08   -5.03      -     5.0000e-01   0
FILTERDDP_ITER_TIMING iteration=65 barrier_iteration=7 backward_s=1.765112700 forward_s=0.145539100 total_s=1.910651800 outcome=accepted step_size=5.000000000e-01 backtracks=0 mu=9.277179695e-06
FILTERDDP_TIMING iteration=66 barrier_iteration=7 stage=6 derivative_s=0.014016300 first_order_s=0.013216300 second_order_s=0.000700800 algebra_s=0.059633800 kkt_assembly_s=0.022718800 factor_s=0.041235800 solve_s=0.101989500 update_s=0.026817600 K_nnz=96025 rhs_cols=250 Vxx_nnz=62001
FILTERDDP_TIMING iteration=66 barrier_iteration=7 stage=5 derivative_s=0.015517800 first_order_s=0.014421300 second_order_s=0.000995400 algebra_s=0.013964900 kkt_assembly_s=0.009588200 factor_s=0.045095500 solve_s=0.095475300 update_s=0.013267800 K_nnz=96025 rhs_cols=250 Vxx_nnz=62001
FILTERDDP_TIMING iteration=66 barrier_iteration=7 stage=4 derivative_s=0.015633100 first_order_s=0.014645300 second_order_s=0.000872900 algebra_s=0.014099700 kkt_assembly_s=0.009155900 factor_s=0.040616900 solve_s=0.098485700 update_s=0.013545000 K_nnz=96025 rhs_cols=250 Vxx_nnz=62001
FILTERDDP_TIMING iteration=66 barrier_iteration=7 stage=3 derivative_s=0.028624900 first_order_s=0.027549400 second_order_s=0.000971800 algebra_s=0.014675300 kkt_assembly_s=0.017238000 factor_s=0.040805500 solve_s=0.095581100 update_s=0.012810100 K_nnz=96025 rhs_cols=250 Vxx_nnz=62001
FILTERDDP_TIMING iteration=66 barrier_iteration=7 stage=2 derivative_s=0.017519300 first_order_s=0.016396500 second_order_s=0.001019200 algebra_s=0.014106900 kkt_assembly_s=0.009707400 factor_s=0.048419900 solve_s=0.098998900 update_s=0.013278700 K_nnz=96025 rhs_cols=250 Vxx_nnz=62001
FILTERDDP_TIMING iteration=66 barrier_iteration=7 stage=1 derivative_s=0.015648700 first_order_s=0.014701300 second_order_s=0.000843300 algebra_s=0.014117100 kkt_assembly_s=0.009075700 factor_s=0.046230800 solve_s=0.099636000 update_s=0.013327600 K_nnz=96025 rhs_cols=250 Vxx_nnz=62001
FILTERDDP_FEASIBILITY iteration=66 barrier_iteration=7 equality_count=62016 equality_rms=2.993415161533e-06 equality_max=5.117666319657e-05 equality_worst_stage=6 equality_worst_index=9415 dynamics_count=1245 dynamics_rms=0.000000000000e+00 dynamics_max=0.000000000000e+00 dynamics_worst_stage=0 dynamics_worst_index=0 bound_count=69486 bound_rms=0.000000000000e+00 bound_max=0.000000000000e+00 bound_worst_stage=0 bound_worst_index=0 bound_worst_kind=none
FILTERDDP_ITER_TIMING iteration=66 barrier_iteration=7 backward_s=1.283758200 forward_s=0.000000000 total_s=1.283758200 outcome=barrier_update step_size=5.000000000e-01 backtracks=0 mu=9.277179695e-06
FILTERDDP_TIMING iteration=66 barrier_iteration=8 stage=6 derivative_s=0.016366700 first_order_s=0.014807100 second_order_s=0.001456700 algebra_s=0.065998600 kkt_assembly_s=0.026256400 factor_s=0.040838900 solve_s=0.146343200 update_s=0.027518500 K_nnz=96025 rhs_cols=250 Vxx_nnz=62001
FILTERDDP_TIMING iteration=66 barrier_iteration=8 stage=5 derivative_s=0.017222800 first_order_s=0.016116700 second_order_s=0.001002500 algebra_s=0.012089900 kkt_assembly_s=0.009582100 factor_s=0.040069100 solve_s=0.472461100 update_s=0.013322500 K_nnz=96025 rhs_cols=250 Vxx_nnz=62001
FILTERDDP_TIMING iteration=66 barrier_iteration=8 stage=4 derivative_s=0.016184000 first_order_s=0.015032000 second_order_s=0.001050900 algebra_s=0.013733500 kkt_assembly_s=0.009110100 factor_s=0.041746800 solve_s=0.097448100 update_s=0.013337900 K_nnz=96025 rhs_cols=250 Vxx_nnz=62001
FILTERDDP_TIMING iteration=66 barrier_iteration=8 stage=3 derivative_s=0.015548300 first_order_s=0.014573300 second_order_s=0.000869300 algebra_s=0.013680100 kkt_assembly_s=0.009492400 factor_s=0.040527800 solve_s=0.095960300 update_s=0.013452800 K_nnz=96025 rhs_cols=250 Vxx_nnz=62001
FILTERDDP_TIMING iteration=66 barrier_iteration=8 stage=2 derivative_s=0.016193200 first_order_s=0.015051500 second_order_s=0.001036500 algebra_s=0.016025500 kkt_assembly_s=0.030479200 factor_s=0.049273400 solve_s=0.097689200 update_s=0.013749500 K_nnz=96025 rhs_cols=250 Vxx_nnz=62001
FILTERDDP_TIMING iteration=66 barrier_iteration=8 stage=1 derivative_s=0.036214300 first_order_s=0.034172300 second_order_s=0.001847400 algebra_s=0.019037400 kkt_assembly_s=0.009496900 factor_s=0.043042600 solve_s=0.097427200 update_s=0.014694500 K_nnz=96025 rhs_cols=250 Vxx_nnz=62001
FILTERDDP_FEASIBILITY iteration=66 barrier_iteration=8 equality_count=62016 equality_rms=2.993415161533e-06 equality_max=5.117666319657e-05 equality_worst_stage=6 equality_worst_index=9415 dynamics_count=1245 dynamics_rms=0.000000000000e+00 dynamics_max=0.000000000000e+00 dynamics_worst_stage=0 dynamics_worst_index=0 bound_count=69486 bound_rms=0.000000000000e+00 bound_max=0.000000000000e+00 bound_worst_stage=0 bound_worst_index=0 bound_worst_kind=none
    66   9.52376145e+03   5.1177e-05   7.5362e-05   3.9672e-08   -6.04      -     5.0000e-01   0
FILTERDDP_ITER_TIMING iteration=66 barrier_iteration=8 backward_s=1.735049700 forward_s=0.144075300 total_s=1.879125000 outcome=accepted step_size=5.000000000e-01 backtracks=0 mu=9.139010210e-07
FILTERDDP_TIMING iteration=67 barrier_iteration=8 stage=6 derivative_s=0.014951200 first_order_s=0.014191500 second_order_s=0.000662100 algebra_s=0.069865200 kkt_assembly_s=0.022477300 factor_s=0.040710900 solve_s=0.096636400 update_s=0.026860700 K_nnz=96025 rhs_cols=250 Vxx_nnz=62001
FILTERDDP_TIMING iteration=67 barrier_iteration=8 stage=5 derivative_s=0.015737200 first_order_s=0.014605700 second_order_s=0.001028100 algebra_s=0.014119500 kkt_assembly_s=0.009955700 factor_s=0.040761400 solve_s=0.096259300 update_s=0.013100100 K_nnz=96025 rhs_cols=250 Vxx_nnz=62001
FILTERDDP_TIMING iteration=67 barrier_iteration=8 stage=4 derivative_s=0.015940100 first_order_s=0.014814000 second_order_s=0.001026200 algebra_s=0.013964100 kkt_assembly_s=0.009056700 factor_s=0.040286400 solve_s=0.100065100 update_s=0.013694800 K_nnz=96025 rhs_cols=250 Vxx_nnz=62001
FILTERDDP_TIMING iteration=67 barrier_iteration=8 stage=3 derivative_s=0.028246700 first_order_s=0.014295900 second_order_s=0.013833300 algebra_s=0.015416400 kkt_assembly_s=0.013475000 factor_s=0.039621700 solve_s=0.098626300 update_s=0.013264800 K_nnz=96025 rhs_cols=250 Vxx_nnz=62001
FILTERDDP_TIMING iteration=67 barrier_iteration=8 stage=2 derivative_s=0.016035900 first_order_s=0.015056000 second_order_s=0.000874900 algebra_s=0.013796000 kkt_assembly_s=0.008885100 factor_s=0.046591200 solve_s=0.098852600 update_s=0.014537400 K_nnz=96025 rhs_cols=250 Vxx_nnz=62001
FILTERDDP_TIMING iteration=67 barrier_iteration=8 stage=1 derivative_s=0.017036400 first_order_s=0.016020900 second_order_s=0.000912000 algebra_s=0.014122600 kkt_assembly_s=0.010718000 factor_s=0.040825400 solve_s=0.102645600 update_s=0.012868300 K_nnz=96025 rhs_cols=250 Vxx_nnz=62001
FILTERDDP_FEASIBILITY iteration=67 barrier_iteration=8 equality_count=62016 equality_rms=1.584207426946e-06 equality_max=2.664023919585e-05 equality_worst_stage=5 equality_worst_index=9415 dynamics_count=1245 dynamics_rms=0.000000000000e+00 dynamics_max=0.000000000000e+00 dynamics_worst_stage=0 dynamics_worst_index=0 bound_count=69486 bound_rms=0.000000000000e+00 bound_max=0.000000000000e+00 bound_worst_stage=0 bound_worst_index=0 bound_worst_kind=none
    67   9.52349744e+03   2.6640e-05   5.1607e-05   2.1900e-08   -6.04      -     5.0000e-01   0
FILTERDDP_ITER_TIMING iteration=67 barrier_iteration=8 backward_s=1.283097500 forward_s=0.118722000 total_s=1.401819500 outcome=accepted step_size=5.000000000e-01 backtracks=0 mu=9.139010210e-07
FILTERDDP_TIMING iteration=68 barrier_iteration=8 stage=6 derivative_s=0.014919900 first_order_s=0.013620100 second_order_s=0.001203900 algebra_s=0.068147400 kkt_assembly_s=0.025426000 factor_s=0.040529900 solve_s=0.147847200 update_s=0.026709300 K_nnz=96025 rhs_cols=250 Vxx_nnz=62001
FILTERDDP_TIMING iteration=68 barrier_iteration=8 stage=5 derivative_s=0.015938300 first_order_s=0.014856900 second_order_s=0.000979800 algebra_s=0.014246400 kkt_assembly_s=0.009317100 factor_s=0.040549700 solve_s=0.481766900 update_s=0.013977700 K_nnz=96025 rhs_cols=250 Vxx_nnz=62001
FILTERDDP_TIMING iteration=68 barrier_iteration=8 stage=4 derivative_s=0.017065700 first_order_s=0.015989300 second_order_s=0.000975000 algebra_s=0.014053200 kkt_assembly_s=0.009208300 factor_s=0.040863300 solve_s=0.098063600 update_s=0.013193700 K_nnz=96025 rhs_cols=250 Vxx_nnz=62001
FILTERDDP_TIMING iteration=68 barrier_iteration=8 stage=3 derivative_s=0.015454100 first_order_s=0.014473400 second_order_s=0.000880800 algebra_s=0.014336600 kkt_assembly_s=0.009428800 factor_s=0.040113400 solve_s=0.095123800 update_s=0.013407200 K_nnz=96025 rhs_cols=250 Vxx_nnz=62001
FILTERDDP_TIMING iteration=68 barrier_iteration=8 stage=2 derivative_s=0.019338200 first_order_s=0.018204400 second_order_s=0.000997400 algebra_s=0.011649000 kkt_assembly_s=0.011087600 factor_s=0.041358300 solve_s=0.098891500 update_s=0.014103400 K_nnz=96025 rhs_cols=250 Vxx_nnz=62001
FILTERDDP_TIMING iteration=68 barrier_iteration=8 stage=1 derivative_s=0.013100200 first_order_s=0.011951900 second_order_s=0.001043300 algebra_s=0.017136500 kkt_assembly_s=0.009569400 factor_s=0.042515200 solve_s=0.097543100 update_s=0.014044500 K_nnz=96025 rhs_cols=250 Vxx_nnz=62001
FILTERDDP_FEASIBILITY iteration=68 barrier_iteration=8 equality_count=62016 equality_rms=8.162791426602e-07 equality_max=1.367391998153e-05 equality_worst_stage=5 equality_worst_index=9415 dynamics_count=1245 dynamics_rms=0.000000000000e+00 dynamics_max=0.000000000000e+00 dynamics_worst_stage=0 dynamics_worst_index=0 bound_count=69486 bound_rms=0.000000000000e+00 bound_max=0.000000000000e+00 bound_worst_stage=0 bound_worst_index=0 bound_worst_kind=none
    68   9.52337305e+03   1.3674e-05   3.1857e-05   1.1851e-08   -6.04      -     5.0000e-01   0
FILTERDDP_ITER_TIMING iteration=68 barrier_iteration=8 backward_s=1.693069900 forward_s=0.165967000 total_s=1.859036900 outcome=accepted step_size=5.000000000e-01 backtracks=0 mu=9.139010210e-07
FILTERDDP_TIMING iteration=69 barrier_iteration=8 stage=6 derivative_s=0.016049300 first_order_s=0.013157000 second_order_s=0.002774100 algebra_s=0.064409900 kkt_assembly_s=0.022554700 factor_s=0.042164100 solve_s=0.124744100 update_s=0.027069800 K_nnz=96025 rhs_cols=250 Vxx_nnz=62001
FILTERDDP_TIMING iteration=69 barrier_iteration=8 stage=5 derivative_s=0.028811900 first_order_s=0.027736600 second_order_s=0.000955600 algebra_s=0.014799200 kkt_assembly_s=0.009059100 factor_s=0.040935100 solve_s=0.098838900 update_s=0.014093900 K_nnz=96025 rhs_cols=250 Vxx_nnz=62001
FILTERDDP_TIMING iteration=69 barrier_iteration=8 stage=4 derivative_s=0.015943500 first_order_s=0.014026400 second_order_s=0.001803100 algebra_s=0.015865200 kkt_assembly_s=0.009902600 factor_s=0.042631400 solve_s=0.098689900 update_s=0.014218400 K_nnz=96025 rhs_cols=250 Vxx_nnz=62001
FILTERDDP_TIMING iteration=69 barrier_iteration=8 stage=3 derivative_s=0.016481800 first_order_s=0.014633200 second_order_s=0.001750500 algebra_s=0.027429300 kkt_assembly_s=0.014388800 factor_s=0.039633500 solve_s=0.097191800 update_s=0.013393300 K_nnz=96025 rhs_cols=250 Vxx_nnz=62001
FILTERDDP_TIMING iteration=69 barrier_iteration=8 stage=2 derivative_s=0.019934800 first_order_s=0.018908800 second_order_s=0.000922500 algebra_s=0.014036900 kkt_assembly_s=0.029936200 factor_s=0.052515200 solve_s=0.097272600 update_s=0.013293200 K_nnz=96025 rhs_cols=250 Vxx_nnz=62001
FILTERDDP_TIMING iteration=69 barrier_iteration=8 stage=1 derivative_s=0.036086400 first_order_s=0.034504600 second_order_s=0.001404700 algebra_s=0.015217400 kkt_assembly_s=0.010522600 factor_s=0.041381600 solve_s=0.102270600 update_s=0.013139000 K_nnz=96025 rhs_cols=250 Vxx_nnz=62001
FILTERDDP_FEASIBILITY iteration=69 barrier_iteration=8 equality_count=62016 equality_rms=4.147134489426e-07 equality_max=6.909540796320e-06 equality_worst_stage=5 equality_worst_index=9415 dynamics_count=1245 dynamics_rms=0.000000000000e+00 dynamics_max=0.000000000000e+00 dynamics_worst_stage=0 dynamics_worst_index=0 bound_count=69486 bound_rms=0.000000000000e+00 bound_max=0.000000000000e+00 bound_worst_stage=0 bound_worst_index=0 bound_worst_kind=none
    69   9.52331511e+03   6.9095e-06   1.7922e-05   6.2016e-09   -6.04      -     5.0000e-01   0
FILTERDDP_ITER_TIMING iteration=69 barrier_iteration=8 backward_s=1.378069600 forward_s=0.154046600 total_s=1.532116200 outcome=accepted step_size=5.000000000e-01 backtracks=0 mu=9.139010210e-07
FILTERDDP_TIMING iteration=70 barrier_iteration=8 stage=6 derivative_s=0.013869600 first_order_s=0.012925500 second_order_s=0.000837800 algebra_s=0.077244400 kkt_assembly_s=0.083802600 factor_s=0.041031600 solve_s=0.463218700 update_s=0.026834900 K_nnz=96025 rhs_cols=250 Vxx_nnz=62001
FILTERDDP_TIMING iteration=70 barrier_iteration=8 stage=5 derivative_s=0.038278000 first_order_s=0.036796600 second_order_s=0.001284700 algebra_s=0.015176200 kkt_assembly_s=0.013231100 factor_s=0.040596600 solve_s=0.096963800 update_s=0.013646200 K_nnz=96025 rhs_cols=250 Vxx_nnz=62001
FILTERDDP_TIMING iteration=70 barrier_iteration=8 stage=4 derivative_s=0.016665200 first_order_s=0.015429100 second_order_s=0.001116800 algebra_s=0.013670100 kkt_assembly_s=0.009191800 factor_s=0.045246000 solve_s=0.100660000 update_s=0.013126600 K_nnz=96025 rhs_cols=250 Vxx_nnz=62001
FILTERDDP_TIMING iteration=70 barrier_iteration=8 stage=3 derivative_s=0.015470600 first_order_s=0.014190200 second_order_s=0.001177800 algebra_s=0.015501500 kkt_assembly_s=0.009685700 factor_s=0.042905200 solve_s=0.096416300 update_s=0.013659100 K_nnz=96025 rhs_cols=250 Vxx_nnz=62001
FILTERDDP_TIMING iteration=70 barrier_iteration=8 stage=2 derivative_s=0.018119400 first_order_s=0.016291700 second_order_s=0.001728400 algebra_s=0.017547900 kkt_assembly_s=0.010076600 factor_s=0.044054500 solve_s=0.111877800 update_s=0.013008900 K_nnz=96025 rhs_cols=250 Vxx_nnz=62001
FILTERDDP_TIMING iteration=70 barrier_iteration=8 stage=1 derivative_s=0.015746300 first_order_s=0.014774900 second_order_s=0.000869700 algebra_s=0.013594200 kkt_assembly_s=0.009123600 factor_s=0.040154400 solve_s=0.097832500 update_s=0.013475600 K_nnz=96025 rhs_cols=250 Vxx_nnz=62001
FILTERDDP_FEASIBILITY iteration=70 barrier_iteration=8 equality_count=62016 equality_rms=2.091326177488e-07 equality_max=3.459036973133e-06 equality_worst_stage=5 equality_worst_index=9415 dynamics_count=1245 dynamics_rms=0.000000000000e+00 dynamics_max=0.000000000000e+00 dynamics_worst_stage=0 dynamics_worst_index=0 bound_count=69486 bound_rms=0.000000000000e+00 bound_max=0.000000000000e+00 bound_worst_stage=0 bound_worst_index=0 bound_worst_kind=none
FILTERDDP_ITER_TIMING iteration=70 barrier_iteration=8 backward_s=1.744152600 forward_s=0.000000000 total_s=1.744152600 outcome=barrier_update step_size=5.000000000e-01 backtracks=0 mu=9.139010210e-07
FILTERDDP_TIMING iteration=70 barrier_iteration=9 stage=6 derivative_s=0.018449500 first_order_s=0.017096300 second_order_s=0.001239300 algebra_s=0.067892000 kkt_assembly_s=0.022117400 factor_s=0.040988000 solve_s=0.114320200 update_s=0.027103900 K_nnz=96025 rhs_cols=250 Vxx_nnz=62001
FILTERDDP_TIMING iteration=70 barrier_iteration=9 stage=5 derivative_s=0.015614300 first_order_s=0.014603900 second_order_s=0.000904800 algebra_s=0.014102500 kkt_assembly_s=0.009317400 factor_s=0.040142800 solve_s=0.096195300 update_s=0.013385500 K_nnz=96025 rhs_cols=250 Vxx_nnz=62001
FILTERDDP_TIMING iteration=70 barrier_iteration=9 stage=4 derivative_s=0.015833200 first_order_s=0.014753500 second_order_s=0.000976700 algebra_s=0.013877900 kkt_assembly_s=0.009215000 factor_s=0.039783200 solve_s=0.100423900 update_s=0.079405600 K_nnz=96025 rhs_cols=250 Vxx_nnz=62001
FILTERDDP_TIMING iteration=70 barrier_iteration=9 stage=3 derivative_s=0.015516000 first_order_s=0.014577500 second_order_s=0.000839600 algebra_s=0.014020700 kkt_assembly_s=0.009259600 factor_s=0.039925500 solve_s=0.125745600 update_s=0.012049700 K_nnz=96025 rhs_cols=250 Vxx_nnz=62001
FILTERDDP_TIMING iteration=70 barrier_iteration=9 stage=2 derivative_s=0.012335700 first_order_s=0.011587000 second_order_s=0.000641500 algebra_s=0.009544600 kkt_assembly_s=0.012422600 factor_s=0.423774700 solve_s=0.097211600 update_s=0.013594600 K_nnz=96025 rhs_cols=250 Vxx_nnz=62001
FILTERDDP_TIMING iteration=70 barrier_iteration=9 stage=1 derivative_s=0.035062600 first_order_s=0.033673100 second_order_s=0.001233600 algebra_s=0.015091300 kkt_assembly_s=0.012307000 factor_s=0.040588900 solve_s=0.104975200 update_s=0.013568700 K_nnz=96025 rhs_cols=250 Vxx_nnz=62001
FILTERDDP_FEASIBILITY iteration=70 barrier_iteration=9 equality_count=62016 equality_rms=2.091326177488e-07 equality_max=3.459036973133e-06 equality_worst_stage=5 equality_worst_index=9415 dynamics_count=1245 dynamics_rms=0.000000000000e+00 dynamics_max=0.000000000000e+00 dynamics_worst_stage=0 dynamics_worst_index=0 bound_count=69486 bound_rms=0.000000000000e+00 bound_max=0.000000000000e+00 bound_worst_stage=0 bound_worst_index=0 bound_worst_kind=none
  iter     objective        pr_inf       du_inf       cs_inf     lg(╬╝)   lg(reg)    alpha     ls
    70   9.52328831e+03   3.4590e-06   9.0445e-06   3.0877e-09   -7.25      -     5.0000e-01   0
FILTERDDP_ITER_TIMING iteration=70 barrier_iteration=9 backward_s=1.768959900 forward_s=0.166378100 total_s=1.935338000 outcome=accepted step_size=5.000000000e-01 backtracks=0 mu=5.663422933e-08
FILTERDDP_TIMING iteration=71 barrier_iteration=9 stage=6 derivative_s=0.014738100 first_order_s=0.013923900 second_order_s=0.000716200 algebra_s=0.060798500 kkt_assembly_s=0.023335700 factor_s=0.051405000 solve_s=0.091589300 update_s=0.026904200 K_nnz=96025 rhs_cols=250 Vxx_nnz=62001
FILTERDDP_TIMING iteration=71 barrier_iteration=9 stage=5 derivative_s=0.015629200 first_order_s=0.014617400 second_order_s=0.000911700 algebra_s=0.014182200 kkt_assembly_s=0.008795900 factor_s=0.039780100 solve_s=0.098569400 update_s=0.013718100 K_nnz=96025 rhs_cols=250 Vxx_nnz=62001
FILTERDDP_TIMING iteration=71 barrier_iteration=9 stage=4 derivative_s=0.012064700 first_order_s=0.011412500 second_order_s=0.000549200 algebra_s=0.013967900 kkt_assembly_s=0.009165700 factor_s=0.039901400 solve_s=0.096624700 update_s=0.013146600 K_nnz=96025 rhs_cols=250 Vxx_nnz=62001
FILTERDDP_TIMING iteration=71 barrier_iteration=9 stage=3 derivative_s=0.015477700 first_order_s=0.014381300 second_order_s=0.000997200 algebra_s=0.013859400 kkt_assembly_s=0.022741200 factor_s=0.039466200 solve_s=0.103213800 update_s=0.012829400 K_nnz=96025 rhs_cols=250 Vxx_nnz=62001
FILTERDDP_TIMING iteration=71 barrier_iteration=9 stage=2 derivative_s=0.016255900 first_order_s=0.015240900 second_order_s=0.000909600 algebra_s=0.013738300 kkt_assembly_s=0.009802100 factor_s=0.040810200 solve_s=0.103349500 update_s=0.012974100 K_nnz=96025 rhs_cols=250 Vxx_nnz=62001
FILTERDDP_TIMING iteration=71 barrier_iteration=9 stage=1 derivative_s=0.037252300 first_order_s=0.035583600 second_order_s=0.001454100 algebra_s=0.014299600 kkt_assembly_s=0.009474700 factor_s=0.040673600 solve_s=0.096919300 update_s=0.013274800 K_nnz=96025 rhs_cols=250 Vxx_nnz=62001
FILTERDDP_FEASIBILITY iteration=71 barrier_iteration=9 equality_count=62016 equality_rms=1.054331525772e-07 equality_max=1.715427108022e-06 equality_worst_stage=5 equality_worst_index=9415 dynamics_count=1245 dynamics_rms=0.000000000000e+00 dynamics_max=0.000000000000e+00 dynamics_worst_stage=0 dynamics_worst_index=0 bound_count=69486 bound_rms=0.000000000000e+00 bound_max=0.000000000000e+00 bound_worst_stage=0 bound_worst_index=0 bound_worst_kind=none
    71   9.52326670e+03   1.7154e-06   6.0836e-06   1.7147e-09   -7.25      -     5.0000e-01   0
FILTERDDP_ITER_TIMING iteration=71 barrier_iteration=9 backward_s=1.284315900 forward_s=0.127245600 total_s=1.411561500 outcome=accepted step_size=5.000000000e-01 backtracks=0 mu=5.663422933e-08
FILTERDDP_TIMING iteration=72 barrier_iteration=9 stage=6 derivative_s=0.011280200 first_order_s=0.010520900 second_order_s=0.000664200 algebra_s=0.071365200 kkt_assembly_s=0.033453700 factor_s=0.040852000 solve_s=0.093142400 update_s=0.026925100 K_nnz=96025 rhs_cols=250 Vxx_nnz=62001
FILTERDDP_TIMING iteration=72 barrier_iteration=9 stage=5 derivative_s=0.035409800 first_order_s=0.033922700 second_order_s=0.001243000 algebra_s=0.073973900 kkt_assembly_s=0.009377200 factor_s=0.041699200 solve_s=0.470012600 update_s=0.013237900 K_nnz=96025 rhs_cols=250 Vxx_nnz=62001
FILTERDDP_TIMING iteration=72 barrier_iteration=9 stage=4 derivative_s=0.015459500 first_order_s=0.014475200 second_order_s=0.000880800 algebra_s=0.013947100 kkt_assembly_s=0.009337500 factor_s=0.039868900 solve_s=0.099521800 update_s=0.013313500 K_nnz=96025 rhs_cols=250 Vxx_nnz=62001
FILTERDDP_TIMING iteration=72 barrier_iteration=9 stage=3 derivative_s=0.015834900 first_order_s=0.014672900 second_order_s=0.001063400 algebra_s=0.014120800 kkt_assembly_s=0.012300200 factor_s=0.040955600 solve_s=0.094602000 update_s=0.013568300 K_nnz=96025 rhs_cols=250 Vxx_nnz=62001
FILTERDDP_TIMING iteration=72 barrier_iteration=9 stage=2 derivative_s=0.015796800 first_order_s=0.014630400 second_order_s=0.001066300 algebra_s=0.014013900 kkt_assembly_s=0.009053200 factor_s=0.040939900 solve_s=0.099283700 update_s=0.013255400 K_nnz=96025 rhs_cols=250 Vxx_nnz=62001
FILTERDDP_TIMING iteration=72 barrier_iteration=9 stage=1 derivative_s=0.016433100 first_order_s=0.015104300 second_order_s=0.001213300 algebra_s=0.017623500 kkt_assembly_s=0.011073900 factor_s=0.042607300 solve_s=0.114799600 update_s=0.013186300 K_nnz=96025 rhs_cols=250 Vxx_nnz=62001
FILTERDDP_FEASIBILITY iteration=72 barrier_iteration=9 equality_count=62016 equality_rms=5.300957655853e-08 equality_max=8.429267157635e-07 equality_worst_stage=5 equality_worst_index=9415 dynamics_count=1245 dynamics_rms=0.000000000000e+00 dynamics_max=0.000000000000e+00 dynamics_worst_stage=0 dynamics_worst_index=0 bound_count=69486 bound_rms=0.000000000000e+00 bound_max=0.000000000000e+00 bound_worst_stage=0 bound_worst_index=0 bound_worst_kind=none
FILTERDDP_ITER_TIMING iteration=72 barrier_iteration=9 backward_s=1.749523200 forward_s=0.000000000 total_s=1.749523200 outcome=near_optimal step_size=5.000000000e-01 backtracks=0 mu=5.663422933e-08
    72   9.52325689e+03   8.4293e-07   3.7696e-06   9.3920e-10   -7.25      -     5.0000e-01   0
FILTERDDP_NEAR_OPT iteration=72 elapsed_s=148.784 objective=9523.256885547922 reference=9523.247195890001 rel_gap=1.017e-06 primal_inf=8.429e-07 dual_inf=3.770e-06 mu=5.663e-08
    72   9.52325689e+03   8.4293e-07   3.7696e-06   9.3920e-10   -7.25      -     5.0000e-01   0


EXIT: Near-optimal: feasible and within the gap of the centralized reference.

solve complete: 150.774 s, iterations=72, status=9
final residuals: primal=8.429267157635e-07 dual=3.769639615014e-06 complementarity=9.391982806260e-10
solution_write_skipped=1
FilterDDP objective=9523.256885547928 max_equality_residual=8.429e-07
