timestamp,pid,start_time,working_set_gb,peak_working_set_gb
2026-09-20T03:08:34.6465108-07:00,144692,2026-09-20T02:48:58.8040564-07:00,3.609409,4.075989
2026-09-20T03:08:36.7056654-07:00,144692,2026-09-20T02:48:58.8040564-07:00,3.622307,4.075989
2026-09-20T03:08:38.7253677-07:00,144692,2026-09-20T02:48:58.8040564-07:00,3.752342,4.075989
2026-09-20T03:08:40.7531861-07:00,144692,2026-09-20T02:48:58.8040564-07:00,3.738892,4.075989
2026-09-20T03:08:42.7782817-07:00,144692,2026-09-20T02:48:58.8040564-07:00,3.692787,4.075989
2026-09-20T03:08:44.7982780-07:00,144692,2026-09-20T02:48:58.8040564-07:00,3.741379,4.075989
2026-09-20T03:08:46.8303421-07:00,144692,2026-09-20T02:48:58.8040564-07:00,3.692791,4.075989
2026-09-20T03:08:48.8494335-07:00,144692,2026-09-20T02:48:58.8040564-07:00,3.787018,4.075989
2026-09-20T03:08:50.8905601-07:00,144692,2026-09-20T02:48:58.8040564-07:00,3.784546,4.075989
2026-09-20T03:08:52.9342529-07:00,144692,2026-09-20T02:48:58.8040564-07:00,3.784569,4.075989
2026-09-20T03:08:54.9563997-07:00,144692,2026-09-20T02:48:58.8040564-07:00,3.742409,4.075989
2026-09-20T03:08:56.9889546-07:00,144692,2026-09-20T02:48:58.8040564-07:00,3.700611,4.075989
2026-09-20T03:08:59.0136389-07:00,144692,2026-09-20T02:48:58.8040564-07:00,3.699841,4.075989
2026-09-20T03:09:01.0518032-07:00,144692,2026-09-20T02:48:58.8040564-07:00,3.607834,4.075989
2026-09-20T03:09:03.0993962-07:00,144692,2026-09-20T02:48:58.8040564-07:00,3.698185,4.075989
2026-09-20T03:09:05.1395685-07:00,144692,2026-09-20T02:48:58.8040564-07:00,3.744331,4.075989
2026-09-20T03:09:07.1704076-07:00,144692,2026-09-20T02:48:58.8040564-07:00,3.606075,4.075989
2026-09-20T03:09:09.1981718-07:00,144692,2026-09-20T02:48:58.8040564-07:00,3.632584,4.075989
2026-09-20T03:09:11.2168480-07:00,144692,2026-09-20T02:48:58.8040564-07:00,3.679169,4.075989
2026-09-20T03:09:13.2467706-07:00,144692,2026-09-20T02:48:58.8040564-07:00,3.698059,4.075989
2026-09-20T03:09:15.2665567-07:00,144692,2026-09-20T02:48:58.8040564-07:00,3.750729,4.075989
2026-09-20T03:09:17.2899069-07:00,144692,2026-09-20T02:48:58.8040564-07:00,3.521976,4.075989
2026-09-20T03:09:19.3251104-07:00,144692,2026-09-20T02:48:58.8040564-07:00,3.755810,4.075989
2026-09-20T03:09:21.3420760-07:00,144692,2026-09-20T02:48:58.8040564-07:00,3.644512,4.075989
2026-09-20T03:09:23.3603499-07:00,144692,2026-09-20T02:48:58.8040564-07:00,3.691341,4.075989
2026-09-20T03:09:25.3927124-07:00,144692,2026-09-20T02:48:58.8040564-07:00,3.602543,4.075989
2026-09-20T03:09:27.4296798-07:00,144692,2026-09-20T02:48:58.8040564-07:00,3.739559,4.075989
2026-09-20T03:09:29.4466704-07:00,144692,2026-09-20T02:48:58.8040564-07:00,3.693508,4.075989
2026-09-20T03:09:31.4746654-07:00,144692,2026-09-20T02:48:58.8040564-07:00,3.739708,4.075989
2026-09-20T03:09:33.4970446-07:00,144692,2026-09-20T02:48:58.8040564-07:00,3.693619,4.075989
2026-09-20T03:09:35.5116598-07:00,144692,2026-09-20T02:48:58.8040564-07:00,3.739735,4.075989
2026-09-20T03:09:37.5465382-07:00,144692,2026-09-20T02:48:58.8040564-07:00,3.788208,4.075989
2026-09-20T03:09:39.5662761-07:00,144692,2026-09-20T02:48:58.8040564-07:00,3.789314,4.075989
2026-09-20T03:09:41.5809441-07:00,144692,2026-09-20T02:48:58.8040564-07:00,3.882160,4.075989
2026-09-20T03:09:43.6164939-07:00,144692,2026-09-20T02:48:58.8040564-07:00,3.698536,4.075989
2026-09-20T03:09:45.6424316-07:00,144692,2026-09-20T02:48:58.8040564-07:00,3.666031,4.075989
2026-09-20T03:09:47.6719089-07:00,144692,2026-09-20T02:48:58.8040564-07:00,3.652687,4.075989
2026-09-20T03:09:49.6939035-07:00,144692,2026-09-20T02:48:58.8040564-07:00,3.697002,4.075989
2026-09-20T03:09:51.7299981-07:00,144692,2026-09-20T02:48:58.8040564-07:00,3.677197,4.075989
2026-09-20T03:09:53.7556099-07:00,144692,2026-09-20T02:48:58.8040564-07:00,3.675533,4.075989
2026-09-20T03:09:55.7872504-07:00,144692,2026-09-20T02:48:58.8040564-07:00,3.639481,4.075989
2026-09-20T03:09:57.8163996-07:00,144692,2026-09-20T02:48:58.8040564-07:00,3.631931,4.075989
2026-09-20T03:09:59.8295298-07:00,144692,2026-09-20T02:48:58.8040564-07:00,3.636639,4.075989
2026-09-20T03:10:01.8422001-07:00,93808,2026-09-20T03:10:01.0797348-07:00,0.205441,0.205441
2026-09-20T03:10:03.8680033-07:00,93808,2026-09-20T03:10:01.0797348-07:00,0.356377,0.359539
2026-09-20T03:10:11.9796574-07:00,113052,2026-09-20T03:10:10.0485012-07:00,0.338718,0.338718
2026-09-20T03:10:14.0092463-07:00,113052,2026-09-20T03:10:10.0485012-07:00,0.487709,0.487713
2026-09-20T03:10:16.0436650-07:00,113052,2026-09-20T03:10:10.0485012-07:00,0.603867,0.603867
2026-09-20T03:10:18.0599865-07:00,113052,2026-09-20T03:10:10.0485012-07:00,0.703720,0.704281
2026-09-20T03:10:20.0686686-07:00,113052,2026-09-20T03:10:10.0485012-07:00,0.791294,0.791702
2026-09-20T03:10:22.0967479-07:00,113052,2026-09-20T03:10:10.0485012-07:00,0.958881,0.958881
2026-09-20T03:10:24.1168900-07:00,113052,2026-09-20T03:10:10.0485012-07:00,0.998600,0.998600
2026-09-20T03:10:26.1507580-07:00,113052,2026-09-20T03:10:10.0485012-07:00,1.051685,1.094360
2026-09-20T03:10:28.1671717-07:00,113052,2026-09-20T03:10:10.0485012-07:00,1.072289,1.094360
2026-09-20T03:10:30.1842084-07:00,113052,2026-09-20T03:10:10.0485012-07:00,1.064270,1.116764
2026-09-20T03:10:32.1969287-07:00,113052,2026-09-20T03:10:10.0485012-07:00,1.078789,1.116764
2026-09-20T03:10:34.2166927-07:00,113052,2026-09-20T03:10:10.0485012-07:00,1.071640,1.116764
2026-09-20T03:10:36.2367393-07:00,113052,2026-09-20T03:10:10.0485012-07:00,1.040386,1.116764
2026-09-20T03:10:38.2637520-07:00,113052,2026-09-20T03:10:10.0485012-07:00,1.043118,1.116764
2026-09-20T03:10:40.2770168-07:00,113052,2026-09-20T03:10:10.0485012-07:00,2.346977,2.346977
2026-09-20T03:10:42.2868760-07:00,113052,2026-09-20T03:10:10.0485012-07:00,5.405193,5.405193
2026-09-20T03:10:44.3171311-07:00,113052,2026-09-20T03:10:10.0485012-07:00,5.570980,5.600540
2026-09-20T03:10:46.3416521-07:00,113052,2026-09-20T03:10:10.0485012-07:00,5.635334,5.636578
2026-09-20T03:10:48.3702650-07:00,113052,2026-09-20T03:10:10.0485012-07:00,5.648468,5.655880
2026-09-20T03:10:50.3911978-07:00,113052,2026-09-20T03:10:10.0485012-07:00,5.785526,5.785526
2026-09-20T03:10:52.4096719-07:00,113052,2026-09-20T03:10:10.0485012-07:00,5.770523,5.785534
2026-09-20T03:10:54.4432334-07:00,113052,2026-09-20T03:10:10.0485012-07:00,5.988827,5.988827
2026-09-20T03:10:56.4701060-07:00,113052,2026-09-20T03:10:10.0485012-07:00,5.671112,6.048744
2026-09-20T03:10:58.4905113-07:00,113052,2026-09-20T03:10:10.0485012-07:00,5.898041,6.048744
2026-09-20T03:11:00.5141132-07:00,113052,2026-09-20T03:10:10.0485012-07:00,5.719479,6.048744
2026-09-20T03:11:02.5368230-07:00,113052,2026-09-20T03:10:10.0485012-07:00,5.747051,6.048744
2026-09-20T03:11:04.5764133-07:00,113052,2026-09-20T03:10:10.0485012-07:00,5.819775,6.048744
2026-09-20T03:11:06.5971352-07:00,113052,2026-09-20T03:10:10.0485012-07:00,5.898449,6.048744
2026-09-20T03:11:08.6333675-07:00,113052,2026-09-20T03:10:10.0485012-07:00,5.928642,6.048744
2026-09-20T03:11:10.6516179-07:00,113052,2026-09-20T03:10:10.0485012-07:00,5.978573,6.048744
2026-09-20T03:11:12.6931878-07:00,113052,2026-09-20T03:10:10.0485012-07:00,5.875412,6.048744
2026-09-20T03:11:14.7069264-07:00,113052,2026-09-20T03:10:10.0485012-07:00,5.907928,6.048744
2026-09-20T03:11:16.7282794-07:00,113052,2026-09-20T03:10:10.0485012-07:00,5.938114,6.065002
2026-09-20T03:11:18.7482992-07:00,113052,2026-09-20T03:10:10.0485012-07:00,6.062714,6.065002
2026-09-20T03:11:20.7763656-07:00,113052,2026-09-20T03:10:10.0485012-07:00,6.033279,6.065002
2026-09-20T03:11:22.8069791-07:00,113052,2026-09-20T03:10:10.0485012-07:00,5.957092,6.085762
2026-09-20T03:11:24.8312994-07:00,113052,2026-09-20T03:10:10.0485012-07:00,6.171505,6.171505
2026-09-20T03:11:26.8566864-07:00,113052,2026-09-20T03:10:10.0485012-07:00,6.157246,6.218739
2026-09-20T03:11:28.8906456-07:00,113052,2026-09-20T03:10:10.0485012-07:00,6.158398,6.219822
2026-09-20T03:11:30.9071614-07:00,113052,2026-09-20T03:10:10.0485012-07:00,6.158077,6.219822
2026-09-20T03:11:32.9428920-07:00,113052,2026-09-20T03:10:10.0485012-07:00,6.160828,6.220123
2026-09-20T03:11:34.9677302-07:00,113052,2026-09-20T03:10:10.0485012-07:00,6.191372,6.220356
2026-09-20T03:11:36.9829878-07:00,113052,2026-09-20T03:10:10.0485012-07:00,5.968948,6.259144
2026-09-20T03:11:39.0119833-07:00,113052,2026-09-20T03:10:10.0485012-07:00,5.970058,6.259144
2026-09-20T03:11:41.0496773-07:00,113052,2026-09-20T03:10:10.0485012-07:00,6.016968,6.259144
2026-09-20T03:11:43.0765572-07:00,113052,2026-09-20T03:10:10.0485012-07:00,6.063438,6.259144
2026-09-20T03:11:45.1064419-07:00,113052,2026-09-20T03:10:10.0485012-07:00,5.951912,6.259144
2026-09-20T03:11:47.1374064-07:00,113052,2026-09-20T03:10:10.0485012-07:00,6.069294,6.259144
2026-09-20T03:11:49.1628194-07:00,113052,2026-09-20T03:10:10.0485012-07:00,6.074020,6.259144
2026-09-20T03:11:51.1998942-07:00,113052,2026-09-20T03:10:10.0485012-07:00,6.078056,6.259144
2026-09-20T03:11:53.2099962-07:00,113052,2026-09-20T03:10:10.0485012-07:00,6.118294,6.259144
2026-09-20T03:11:55.2349885-07:00,113052,2026-09-20T03:10:10.0485012-07:00,6.162605,6.259144
2026-09-20T03:11:57.2599707-07:00,113052,2026-09-20T03:10:10.0485012-07:00,6.024445,6.259144
2026-09-20T03:11:59.2845220-07:00,113052,2026-09-20T03:10:10.0485012-07:00,6.070698,6.259144
2026-09-20T03:12:01.3187599-07:00,113052,2026-09-20T03:10:10.0485012-07:00,6.070744,6.259144
2026-09-20T03:12:03.3499725-07:00,113052,2026-09-20T03:10:10.0485012-07:00,6.037231,6.259144
2026-09-20T03:12:05.3764829-07:00,113052,2026-09-20T03:10:10.0485012-07:00,6.088417,6.259144
2026-09-20T03:12:07.4084510-07:00,113052,2026-09-20T03:10:10.0485012-07:00,6.077614,6.259144
2026-09-20T03:12:09.4466487-07:00,113052,2026-09-20T03:10:10.0485012-07:00,6.039833,6.259144
2026-09-20T03:12:11.4689940-07:00,113052,2026-09-20T03:10:10.0485012-07:00,6.082832,6.259144
2026-09-20T03:12:13.4934043-07:00,113052,2026-09-20T03:10:10.0485012-07:00,6.084061,6.259144
2026-09-20T03:12:15.5230692-07:00,113052,2026-09-20T03:10:10.0485012-07:00,6.083282,6.259144
2026-09-20T03:12:17.5569788-07:00,113052,2026-09-20T03:10:10.0485012-07:00,6.082939,6.259144
2026-09-20T03:12:19.5917226-07:00,113052,2026-09-20T03:10:10.0485012-07:00,6.083920,6.259144
2026-09-20T03:12:21.6067971-07:00,113052,2026-09-20T03:10:10.0485012-07:00,6.083019,6.259144
2026-09-20T03:12:23.6209889-07:00,113052,2026-09-20T03:10:10.0485012-07:00,6.043701,6.259144
2026-09-20T03:12:25.6532799-07:00,113052,2026-09-20T03:10:10.0485012-07:00,6.217739,6.259144
2026-09-20T03:12:27.6744990-07:00,113052,2026-09-20T03:10:10.0485012-07:00,6.140369,6.259144
2026-09-20T03:12:29.7174730-07:00,113052,2026-09-20T03:10:10.0485012-07:00,6.110027,6.259144
2026-09-20T03:12:31.7368530-07:00,113052,2026-09-20T03:10:10.0485012-07:00,6.258732,6.304306
2026-09-20T03:12:33.7576949-07:00,113052,2026-09-20T03:10:10.0485012-07:00,6.255424,6.304306
2026-09-20T03:12:35.7802538-07:00,113052,2026-09-20T03:10:10.0485012-07:00,5.970314,6.304306
2026-09-20T03:12:37.8071974-07:00,113052,2026-09-20T03:10:10.0485012-07:00,5.972992,6.304306
2026-09-20T03:12:39.8357043-07:00,113052,2026-09-20T03:10:10.0485012-07:00,6.017689,6.304306
2026-09-20T03:12:41.8553486-07:00,113052,2026-09-20T03:10:10.0485012-07:00,5.922775,6.304306
2026-09-20T03:12:43.8742472-07:00,113052,2026-09-20T03:10:10.0485012-07:00,6.004040,6.304306
2026-09-20T03:12:45.8965222-07:00,113052,2026-09-20T03:10:10.0485012-07:00,6.007065,6.304306
2026-09-20T03:12:47.9359707-07:00,113052,2026-09-20T03:10:10.0485012-07:00,5.913349,6.304306
2026-09-20T03:12:49.9628991-07:00,113052,2026-09-20T03:10:10.0485012-07:00,5.915646,6.304306
2026-09-20T03:12:51.9765621-07:00,113052,2026-09-20T03:10:10.0485012-07:00,5.967331,6.304306
2026-09-20T03:12:53.9934775-07:00,113052,2026-09-20T03:10:10.0485012-07:00,5.999630,6.304306
2026-09-20T03:12:56.0185691-07:00,113052,2026-09-20T03:10:10.0485012-07:00,5.991669,6.304306
2026-09-20T03:12:58.0567179-07:00,113052,2026-09-20T03:10:10.0485012-07:00,6.031937,6.304306
2026-09-20T03:13:00.0750370-07:00,113052,2026-09-20T03:10:10.0485012-07:00,6.170544,6.304306
2026-09-20T03:13:02.0886031-07:00,113052,2026-09-20T03:10:10.0485012-07:00,6.076164,6.304306
2026-09-20T03:13:04.1073123-07:00,113052,2026-09-20T03:10:10.0485012-07:00,6.079163,6.304306
2026-09-20T03:13:06.1320886-07:00,113052,2026-09-20T03:10:10.0485012-07:00,6.082581,6.304306
2026-09-20T03:13:08.1495163-07:00,113052,2026-09-20T03:10:10.0485012-07:00,6.085701,6.304306
2026-09-20T03:13:10.1723126-07:00,113052,2026-09-20T03:10:10.0485012-07:00,6.128765,6.304306
2026-09-20T03:13:12.1968876-07:00,113052,2026-09-20T03:10:10.0485012-07:00,6.030651,6.304306
2026-09-20T03:13:14.2172426-07:00,113052,2026-09-20T03:10:10.0485012-07:00,6.108051,6.304306
2026-09-20T03:13:16.2392812-07:00,113052,2026-09-20T03:10:10.0485012-07:00,6.010471,6.304306
2026-09-20T03:13:18.2712644-07:00,113052,2026-09-20T03:10:10.0485012-07:00,6.180729,6.304306
2026-09-20T03:13:20.2942186-07:00,113052,2026-09-20T03:10:10.0485012-07:00,6.227757,6.304306
2026-09-20T03:13:22.3092168-07:00,113052,2026-09-20T03:10:10.0485012-07:00,6.229702,6.304306
2026-09-20T03:13:24.3443652-07:00,113052,2026-09-20T03:10:10.0485012-07:00,6.233227,6.304306
2026-09-20T03:13:26.3792822-07:00,113052,2026-09-20T03:10:10.0485012-07:00,6.187412,6.304306
2026-09-20T03:13:28.4022618-07:00,113052,2026-09-20T03:10:10.0485012-07:00,6.187916,6.304306
2026-09-20T03:13:30.4313680-07:00,113052,2026-09-20T03:10:10.0485012-07:00,6.194023,6.304306
2026-09-20T03:13:32.4578858-07:00,113052,2026-09-20T03:10:10.0485012-07:00,6.260292,6.304306
2026-09-20T03:13:34.4968035-07:00,113052,2026-09-20T03:10:10.0485012-07:00,5.936539,6.333237
2026-09-20T03:13:36.5251223-07:00,113052,2026-09-20T03:10:10.0485012-07:00,5.987534,6.333237
2026-09-20T03:13:38.5438557-07:00,113052,2026-09-20T03:10:10.0485012-07:00,5.963104,6.333237
2026-09-20T03:13:40.5704448-07:00,113052,2026-09-20T03:10:10.0485012-07:00,5.927948,6.333237
2026-09-20T03:13:42.5936845-07:00,113052,2026-09-20T03:10:10.0485012-07:00,6.130814,6.333237
2026-09-20T03:13:44.6229309-07:00,113052,2026-09-20T03:10:10.0485012-07:00,6.050079,6.333237
2026-09-20T03:13:46.6450977-07:00,113052,2026-09-20T03:10:10.0485012-07:00,6.050476,6.333237
2026-09-20T03:13:48.6607921-07:00,113052,2026-09-20T03:10:10.0485012-07:00,6.054039,6.333237
2026-09-20T03:13:50.6805567-07:00,113052,2026-09-20T03:10:10.0485012-07:00,6.143055,6.333237
2026-09-20T03:13:52.7027820-07:00,113052,2026-09-20T03:10:10.0485012-07:00,6.143078,6.333237
2026-09-20T03:13:54.7421574-07:00,113052,2026-09-20T03:10:10.0485012-07:00,6.050945,6.333237
2026-09-20T03:13:56.7619271-07:00,113052,2026-09-20T03:10:10.0485012-07:00,6.020649,6.333237
2026-09-20T03:13:58.7786726-07:00,113052,2026-09-20T03:10:10.0485012-07:00,6.052994,6.333237
2026-09-20T03:14:00.7919754-07:00,113052,2026-09-20T03:10:10.0485012-07:00,6.097130,6.333237
2026-09-20T03:14:02.8376487-07:00,113052,2026-09-20T03:10:10.0485012-07:00,6.088898,6.333237
2026-09-20T03:14:04.8572106-07:00,113052,2026-09-20T03:10:10.0485012-07:00,6.215019,6.333237
2026-09-20T03:14:06.8669690-07:00,113052,2026-09-20T03:10:10.0485012-07:00,6.222050,6.333237
2026-09-20T03:14:08.8869081-07:00,113052,2026-09-20T03:10:10.0485012-07:00,6.114738,6.333237
2026-09-20T03:14:10.8970707-07:00,113052,2026-09-20T03:10:10.0485012-07:00,6.117306,6.333237
2026-09-20T03:14:12.9318594-07:00,113052,2026-09-20T03:10:10.0485012-07:00,6.115822,6.333237
2026-09-20T03:14:14.9467430-07:00,113052,2026-09-20T03:10:10.0485012-07:00,6.116917,6.333237
2026-09-20T03:14:16.9617589-07:00,113052,2026-09-20T03:10:10.0485012-07:00,6.118904,6.333237
2026-09-20T03:14:18.9768696-07:00,113052,2026-09-20T03:10:10.0485012-07:00,6.120129,6.333237
2026-09-20T03:14:20.9968772-07:00,113052,2026-09-20T03:10:10.0485012-07:00,6.126038,6.333237
2026-09-20T03:14:23.0370173-07:00,113052,2026-09-20T03:10:10.0485012-07:00,6.075653,6.333237
2026-09-20T03:14:25.0571280-07:00,113052,2026-09-20T03:10:10.0485012-07:00,6.247765,6.333237
2026-09-20T03:14:27.0771832-07:00,113052,2026-09-20T03:10:10.0485012-07:00,6.345612,6.345615
2026-09-20T03:14:29.0908343-07:00,113052,2026-09-20T03:10:10.0485012-07:00,6.029152,6.345615
2026-09-20T03:14:31.1232580-07:00,113052,2026-09-20T03:10:10.0485012-07:00,5.937641,6.345615
2026-09-20T03:14:33.1657705-07:00,113052,2026-09-20T03:10:10.0485012-07:00,5.975254,6.345615
2026-09-20T03:14:35.1821931-07:00,113052,2026-09-20T03:10:10.0485012-07:00,5.977627,6.345615
2026-09-20T03:14:37.1985223-07:00,113052,2026-09-20T03:10:10.0485012-07:00,6.022118,6.345615
2026-09-20T03:14:39.2289914-07:00,113052,2026-09-20T03:10:10.0485012-07:00,6.024391,6.345615
2026-09-20T03:14:41.2582258-07:00,113052,2026-09-20T03:10:10.0485012-07:00,6.068531,6.345615
2026-09-20T03:14:43.2768723-07:00,113052,2026-09-20T03:10:10.0485012-07:00,6.028652,6.345615
2026-09-20T03:14:45.3004522-07:00,113052,2026-09-20T03:10:10.0485012-07:00,6.119335,6.345615
2026-09-20T03:14:47.3283705-07:00,113052,2026-09-20T03:10:10.0485012-07:00,6.161961,6.345615
2026-09-20T03:14:49.3500708-07:00,113052,2026-09-20T03:10:10.0485012-07:00,6.023792,6.345615
2026-09-20T03:14:51.4215860-07:00,113052,2026-09-20T03:10:10.0485012-07:00,6.025883,6.345615
2026-09-20T03:14:53.4441291-07:00,113052,2026-09-20T03:10:10.0485012-07:00,6.077873,6.345615
2026-09-20T03:14:55.4589930-07:00,113052,2026-09-20T03:10:10.0485012-07:00,6.074272,6.345615
2026-09-20T03:14:57.4782573-07:00,113052,2026-09-20T03:10:10.0485012-07:00,6.084061,6.345615
2026-09-20T03:14:59.5000353-07:00,113052,2026-09-20T03:10:10.0485012-07:00,6.023972,6.345615
2026-09-20T03:15:01.5351625-07:00,113052,2026-09-20T03:10:10.0485012-07:00,6.024044,6.345615
2026-09-20T03:15:03.5629025-07:00,113052,2026-09-20T03:10:10.0485012-07:00,6.026150,6.345615
2026-09-20T03:15:05.5857105-07:00,113052,2026-09-20T03:10:10.0485012-07:00,6.063599,6.345615
2026-09-20T03:15:07.6077905-07:00,113052,2026-09-20T03:10:10.0485012-07:00,6.177147,6.345615
2026-09-20T03:15:09.6405323-07:00,113052,2026-09-20T03:10:10.0485012-07:00,6.135548,6.345615
2026-09-20T03:15:11.6686115-07:00,113052,2026-09-20T03:10:10.0485012-07:00,6.131409,6.345615
2026-09-20T03:15:13.6899473-07:00,113052,2026-09-20T03:10:10.0485012-07:00,6.131516,6.345615
2026-09-20T03:15:15.7053637-07:00,113052,2026-09-20T03:10:10.0485012-07:00,6.131592,6.345615
2026-09-20T03:15:17.7301413-07:00,113052,2026-09-20T03:10:10.0485012-07:00,6.072678,6.345615
2026-09-20T03:15:19.7804261-07:00,113052,2026-09-20T03:10:10.0485012-07:00,6.089676,6.345615
2026-09-20T03:15:21.8001667-07:00,113052,2026-09-20T03:10:10.0485012-07:00,6.098042,6.345615
2026-09-20T03:15:23.8273881-07:00,113052,2026-09-20T03:10:10.0485012-07:00,6.136696,6.345615
2026-09-20T03:15:25.8471408-07:00,113052,2026-09-20T03:10:10.0485012-07:00,6.137070,6.345615
2026-09-20T03:15:27.8679729-07:00,113052,2026-09-20T03:10:10.0485012-07:00,6.018379,6.345615
2026-09-20T03:15:29.9123972-07:00,113052,2026-09-20T03:10:10.0485012-07:00,6.134842,6.345615
2026-09-20T03:15:31.9429740-07:00,113052,2026-09-20T03:10:10.0485012-07:00,6.069633,6.345615
2026-09-20T03:15:33.9709664-07:00,113052,2026-09-20T03:10:10.0485012-07:00,6.025761,6.345615
2026-09-20T03:15:36.0000807-07:00,113052,2026-09-20T03:10:10.0485012-07:00,6.071888,6.345615
2026-09-20T03:15:38.0470316-07:00,113052,2026-09-20T03:10:10.0485012-07:00,5.980442,6.345615
2026-09-20T03:15:40.0766985-07:00,113052,2026-09-20T03:10:10.0485012-07:00,6.024780,6.345615
2026-09-20T03:15:42.1029943-07:00,113052,2026-09-20T03:10:10.0485012-07:00,6.031300,6.345615
2026-09-20T03:15:44.1167371-07:00,113052,2026-09-20T03:10:10.0485012-07:00,5.940884,6.345615
2026-09-20T03:15:46.1346092-07:00,113052,2026-09-20T03:10:10.0485012-07:00,5.979118,6.345615
2026-09-20T03:15:48.1668230-07:00,113052,2026-09-20T03:10:10.0485012-07:00,5.979671,6.345615
2026-09-20T03:15:50.1969071-07:00,113052,2026-09-20T03:10:10.0485012-07:00,6.032085,6.345615
2026-09-20T03:15:52.2228173-07:00,113052,2026-09-20T03:10:10.0485012-07:00,6.124355,6.345615
2026-09-20T03:15:54.2509662-07:00,113052,2026-09-20T03:10:10.0485012-07:00,6.168755,6.345615
2026-09-20T03:15:56.2700431-07:00,113052,2026-09-20T03:10:10.0485012-07:00,5.981792,6.345615
2026-09-20T03:15:58.3069563-07:00,113052,2026-09-20T03:10:10.0485012-07:00,6.000698,6.345615
2026-09-20T03:16:00.3176840-07:00,113052,2026-09-20T03:10:10.0485012-07:00,6.005394,6.345615
2026-09-20T03:16:02.3522763-07:00,113052,2026-09-20T03:10:10.0485012-07:00,5.999916,6.345615
2026-09-20T03:16:04.3679563-07:00,113052,2026-09-20T03:10:10.0485012-07:00,6.048538,6.345615
2026-09-20T03:16:06.4166807-07:00,113052,2026-09-20T03:10:10.0485012-07:00,6.048672,6.345615
2026-09-20T03:16:08.4409024-07:00,113052,2026-09-20T03:10:10.0485012-07:00,6.044769,6.345615
2026-09-20T03:16:10.4683867-07:00,113052,2026-09-20T03:10:10.0485012-07:00,5.964115,6.345615
2026-09-20T03:16:12.4868305-07:00,113052,2026-09-20T03:10:10.0485012-07:00,6.065334,6.345615
2026-09-20T03:16:14.5152635-07:00,113052,2026-09-20T03:10:10.0485012-07:00,6.073833,6.345615
2026-09-20T03:16:16.5388656-07:00,113052,2026-09-20T03:10:10.0485012-07:00,6.072292,6.345615
2026-09-20T03:16:18.5621768-07:00,113052,2026-09-20T03:10:10.0485012-07:00,6.168503,6.345615
2026-09-20T03:16:20.5812159-07:00,113052,2026-09-20T03:10:10.0485012-07:00,6.314255,6.345615
2026-09-20T03:16:22.6028003-07:00,113052,2026-09-20T03:10:10.0485012-07:00,6.110359,6.345615
2026-09-20T03:16:24.6272047-07:00,113052,2026-09-20T03:10:10.0485012-07:00,6.066235,6.345615
2026-09-20T03:16:26.6814598-07:00,113052,2026-09-20T03:10:10.0485012-07:00,5.972778,6.345615
2026-09-20T03:16:28.6954519-07:00,113052,2026-09-20T03:10:10.0485012-07:00,5.972874,6.345615
2026-09-20T03:16:30.7315808-07:00,113052,2026-09-20T03:10:10.0485012-07:00,6.019218,6.345615
2026-09-20T03:16:32.7579555-07:00,113052,2026-09-20T03:10:10.0485012-07:00,5.952286,6.345615
2026-09-20T03:16:34.7889050-07:00,113052,2026-09-20T03:10:10.0485012-07:00,6.024403,6.345615
2026-09-20T03:16:36.8093548-07:00,113052,2026-09-20T03:10:10.0485012-07:00,6.024666,6.345615
2026-09-20T03:16:38.8382667-07:00,113052,2026-09-20T03:10:10.0485012-07:00,6.032688,6.345615
2026-09-20T03:16:40.8550105-07:00,113052,2026-09-20T03:10:10.0485012-07:00,6.026928,6.345615
2026-09-20T03:16:42.8766822-07:00,113052,2026-09-20T03:10:10.0485012-07:00,6.025166,6.345615
2026-09-20T03:16:44.9156817-07:00,113052,2026-09-20T03:10:10.0485012-07:00,6.025204,6.345615
2026-09-20T03:16:46.9491241-07:00,113052,2026-09-20T03:10:10.0485012-07:00,6.025208,6.345615
2026-09-20T03:16:48.9659347-07:00,113052,2026-09-20T03:10:10.0485012-07:00,6.027252,6.345615
2026-09-20T03:16:50.9797064-07:00,113052,2026-09-20T03:10:10.0485012-07:00,6.071392,6.345615
2026-09-20T03:16:52.9966198-07:00,113052,2026-09-20T03:10:10.0485012-07:00,6.071396,6.345615
2026-09-20T03:16:55.0233484-07:00,113052,2026-09-20T03:10:10.0485012-07:00,5.981049,6.345615
2026-09-20T03:16:57.0520628-07:00,113052,2026-09-20T03:10:10.0485012-07:00,6.246479,6.345615
2026-09-20T03:16:59.0701269-07:00,113052,2026-09-20T03:10:10.0485012-07:00,6.037827,6.345615
2026-09-20T03:17:01.0972074-07:00,113052,2026-09-20T03:10:10.0485012-07:00,6.086338,6.345615
2026-09-20T03:17:03.1254157-07:00,113052,2026-09-20T03:10:10.0485012-07:00,6.084236,6.345615
2026-09-20T03:17:05.1552482-07:00,113052,2026-09-20T03:10:10.0485012-07:00,6.084423,6.345615
2026-09-20T03:17:07.1746837-07:00,113052,2026-09-20T03:10:10.0485012-07:00,6.086853,6.345615
2026-09-20T03:17:09.1905560-07:00,113052,2026-09-20T03:10:10.0485012-07:00,6.085762,6.345615
2026-09-20T03:17:11.2266352-07:00,113052,2026-09-20T03:10:10.0485012-07:00,6.084595,6.345615
2026-09-20T03:17:13.2823174-07:00,113052,2026-09-20T03:10:10.0485012-07:00,6.130260,6.345615
2026-09-20T03:17:15.3026650-07:00,113052,2026-09-20T03:10:10.0485012-07:00,6.129932,6.345615
2026-09-20T03:17:17.3241366-07:00,113052,2026-09-20T03:10:10.0485012-07:00,5.860783,6.345615
2026-09-20T03:17:19.3387312-07:00,113052,2026-09-20T03:10:10.0485012-07:00,6.078625,6.345921
2026-09-20T03:17:21.3668621-07:00,113052,2026-09-20T03:10:10.0485012-07:00,5.970737,6.345921
2026-09-20T03:17:23.3922830-07:00,113052,2026-09-20T03:10:10.0485012-07:00,5.977501,6.345921
2026-09-20T03:17:25.4073435-07:00,113052,2026-09-20T03:10:10.0485012-07:00,6.017960,6.345921
2026-09-20T03:17:27.4469136-07:00,113052,2026-09-20T03:10:10.0485012-07:00,6.020187,6.345921
2026-09-20T03:17:29.4646337-07:00,113052,2026-09-20T03:10:10.0485012-07:00,6.064487,6.345921
2026-09-20T03:17:31.5001113-07:00,113052,2026-09-20T03:10:10.0485012-07:00,6.066704,6.345921
2026-09-20T03:17:33.5268556-07:00,113052,2026-09-20T03:10:10.0485012-07:00,5.980465,6.345921
2026-09-20T03:17:35.5366402-07:00,113052,2026-09-20T03:10:10.0485012-07:00,5.807259,6.345921
2026-09-20T03:17:37.5747739-07:00,113052,2026-09-20T03:10:10.0485012-07:00,6.009308,6.345921
2026-09-20T03:17:39.5928946-07:00,113052,2026-09-20T03:10:10.0485012-07:00,6.099182,6.345921
2026-09-20T03:17:41.6360104-07:00,113052,2026-09-20T03:10:10.0485012-07:00,6.102253,6.345921
2026-09-20T03:17:43.6479143-07:00,113052,2026-09-20T03:10:10.0485012-07:00,6.148716,6.345921
2026-09-20T03:17:45.6821329-07:00,113052,2026-09-20T03:10:10.0485012-07:00,6.010426,6.345921
2026-09-20T03:17:47.7132501-07:00,113052,2026-09-20T03:10:10.0485012-07:00,6.010563,6.345921
2026-09-20T03:17:49.7336381-07:00,113052,2026-09-20T03:10:10.0485012-07:00,6.010612,6.345921
2026-09-20T03:17:51.7712172-07:00,113052,2026-09-20T03:10:10.0485012-07:00,6.012589,6.345921
2026-09-20T03:17:53.7927677-07:00,113052,2026-09-20T03:10:10.0485012-07:00,6.056717,6.345921
2026-09-20T03:17:55.8146777-07:00,113052,2026-09-20T03:10:10.0485012-07:00,6.056767,6.345921
2026-09-20T03:17:57.8371714-07:00,113052,2026-09-20T03:10:10.0485012-07:00,5.959667,6.345921
2026-09-20T03:17:59.8590607-07:00,113052,2026-09-20T03:10:10.0485012-07:00,6.151928,6.345921
2026-09-20T03:18:01.8970759-07:00,113052,2026-09-20T03:10:10.0485012-07:00,6.161591,6.345921
2026-09-20T03:18:03.9105448-07:00,113052,2026-09-20T03:10:10.0485012-07:00,6.163502,6.345921
2026-09-20T03:18:05.9372093-07:00,113052,2026-09-20T03:10:10.0485012-07:00,6.165764,6.345921
2026-09-20T03:18:07.9637127-07:00,113052,2026-09-20T03:10:10.0485012-07:00,6.126385,6.345921
2026-09-20T03:18:09.9979958-07:00,113052,2026-09-20T03:10:10.0485012-07:00,6.119137,6.345921
2026-09-20T03:18:12.0217184-07:00,113052,2026-09-20T03:10:10.0485012-07:00,6.165207,6.345921
2026-09-20T03:18:14.0382254-07:00,113052,2026-09-20T03:10:10.0485012-07:00,6.125854,6.345921
2026-09-20T03:18:16.0611032-07:00,113052,2026-09-20T03:10:10.0485012-07:00,6.274696,6.345921
2026-09-20T03:18:18.0804128-07:00,113052,2026-09-20T03:10:10.0485012-07:00,6.109806,6.345921
2026-09-20T03:18:20.1101455-07:00,113052,2026-09-20T03:10:10.0485012-07:00,6.055195,6.345921
2026-09-20T03:18:22.1370258-07:00,113052,2026-09-20T03:10:10.0485012-07:00,6.093044,6.345921
2026-09-20T03:18:24.1660482-07:00,113052,2026-09-20T03:10:10.0485012-07:00,6.069092,6.345921
2026-09-20T03:18:26.2023052-07:00,113052,2026-09-20T03:10:10.0485012-07:00,6.071243,6.345921
2026-09-20T03:18:28.2303068-07:00,113052,2026-09-20T03:10:10.0485012-07:00,6.115494,6.345921
2026-09-20T03:18:30.2642431-07:00,113052,2026-09-20T03:10:10.0485012-07:00,6.115639,6.345921
2026-09-20T03:18:32.3023044-07:00,113052,2026-09-20T03:10:10.0485012-07:00,6.115753,6.345921
2026-09-20T03:18:34.3242226-07:00,113052,2026-09-20T03:10:10.0485012-07:00,6.117748,6.345921
2026-09-20T03:18:36.3417202-07:00,113052,2026-09-20T03:10:10.0485012-07:00,6.161877,6.345921
2026-09-20T03:18:38.3921495-07:00,113052,2026-09-20T03:10:10.0485012-07:00,6.015705,6.345921
2026-09-20T03:18:40.4113984-07:00,113052,2026-09-20T03:10:10.0485012-07:00,6.023579,6.345921
2026-09-20T03:18:42.4454218-07:00,113052,2026-09-20T03:10:10.0485012-07:00,6.028423,6.345921
2026-09-20T03:18:44.4752776-07:00,113052,2026-09-20T03:10:10.0485012-07:00,6.114292,6.345921
2026-09-20T03:18:46.5118184-07:00,113052,2026-09-20T03:10:10.0485012-07:00,6.120346,6.345921
2026-09-20T03:18:48.5395181-07:00,113052,2026-09-20T03:10:10.0485012-07:00,6.071533,6.345921
2026-09-20T03:18:50.5667615-07:00,113052,2026-09-20T03:10:10.0485012-07:00,6.176357,6.345921
2026-09-20T03:18:52.5960205-07:00,113052,2026-09-20T03:10:10.0485012-07:00,6.168491,6.345921
2026-09-20T03:18:54.6266612-07:00,113052,2026-09-20T03:10:10.0485012-07:00,6.122181,6.345921
2026-09-20T03:18:56.6493690-07:00,113052,2026-09-20T03:10:10.0485012-07:00,6.127033,6.345921
2026-09-20T03:18:58.6852372-07:00,113052,2026-09-20T03:10:10.0485012-07:00,6.106758,6.345921
2026-09-20T03:19:00.7110846-07:00,113052,2026-09-20T03:10:10.0485012-07:00,6.120384,6.345921
2026-09-20T03:19:02.7367201-07:00,113052,2026-09-20T03:10:10.0485012-07:00,6.079304,6.345921
2026-09-20T03:19:04.7588124-07:00,113052,2026-09-20T03:10:10.0485012-07:00,6.133518,6.345921
2026-09-20T03:19:06.7752746-07:00,113052,2026-09-20T03:10:10.0485012-07:00,6.256901,6.345921
2026-09-20T03:19:08.8128102-07:00,113052,2026-09-20T03:10:10.0485012-07:00,5.983067,6.345921
2026-09-20T03:19:10.8320798-07:00,113052,2026-09-20T03:10:10.0485012-07:00,6.182079,6.345921
2026-09-20T03:19:12.8589288-07:00,113052,2026-09-20T03:10:10.0485012-07:00,6.081802,6.345921
2026-09-20T03:19:14.8792243-07:00,113052,2026-09-20T03:10:10.0485012-07:00,6.082497,6.345921
2026-09-20T03:19:16.9059831-07:00,113052,2026-09-20T03:10:10.0485012-07:00,5.809235,6.345921
2026-09-20T03:19:18.9328521-07:00,113052,2026-09-20T03:10:10.0485012-07:00,5.880238,6.345921
2026-09-20T03:19:20.9618207-07:00,113052,2026-09-20T03:10:10.0485012-07:00,5.873615,6.345921
2026-09-20T03:19:22.9830990-07:00,113052,2026-09-20T03:10:10.0485012-07:00,5.921638,6.345921
2026-09-20T03:19:25.0077412-07:00,113052,2026-09-20T03:10:10.0485012-07:00,5.962059,6.345921
2026-09-20T03:19:27.0430980-07:00,113052,2026-09-20T03:10:10.0485012-07:00,5.896618,6.345921
2026-09-20T03:19:29.0627927-07:00,113052,2026-09-20T03:10:10.0485012-07:00,6.027821,6.345921
2026-09-20T03:19:31.0832791-07:00,113052,2026-09-20T03:10:10.0485012-07:00,5.989674,6.345921
2026-09-20T03:19:33.1130242-07:00,113052,2026-09-20T03:10:10.0485012-07:00,5.974686,6.345921
2026-09-20T03:19:35.1410889-07:00,113052,2026-09-20T03:10:10.0485012-07:00,5.975945,6.345921
2026-09-20T03:19:37.1806441-07:00,113052,2026-09-20T03:10:10.0485012-07:00,6.012398,6.345921
2026-09-20T03:19:39.1952627-07:00,113052,2026-09-20T03:10:10.0485012-07:00,6.104706,6.345921
2026-09-20T03:19:41.2168831-07:00,113052,2026-09-20T03:10:10.0485012-07:00,6.106209,6.345921
2026-09-20T03:19:43.2422255-07:00,113052,2026-09-20T03:10:10.0485012-07:00,6.104713,6.345921
2026-09-20T03:19:45.2694184-07:00,113052,2026-09-20T03:10:10.0485012-07:00,6.104713,6.345921
2026-09-20T03:19:47.2861849-07:00,113052,2026-09-20T03:10:10.0485012-07:00,6.104717,6.345921
2026-09-20T03:19:49.3011152-07:00,113052,2026-09-20T03:10:10.0485012-07:00,6.058182,6.345921
2026-09-20T03:19:51.3256804-07:00,113052,2026-09-20T03:10:10.0485012-07:00,6.116444,6.345921
2026-09-20T03:19:53.3540060-07:00,113052,2026-09-20T03:10:10.0485012-07:00,6.086742,6.345921
2026-09-20T03:19:55.3785435-07:00,113052,2026-09-20T03:10:10.0485012-07:00,6.181259,6.345921
2026-09-20T03:19:57.4034755-07:00,113052,2026-09-20T03:10:10.0485012-07:00,6.181396,6.345921
2026-09-20T03:19:59.4313003-07:00,113052,2026-09-20T03:10:10.0485012-07:00,6.171329,6.345921
2026-09-20T03:20:01.4604957-07:00,113052,2026-09-20T03:10:10.0485012-07:00,6.173244,6.345921
2026-09-20T03:20:03.4981723-07:00,113052,2026-09-20T03:10:10.0485012-07:00,6.163795,6.345921
2026-09-20T03:20:05.5261162-07:00,113052,2026-09-20T03:10:10.0485012-07:00,6.174477,6.345921
2026-09-20T03:20:07.5421752-07:00,113052,2026-09-20T03:10:10.0485012-07:00,6.038639,6.345921
2026-09-20T03:20:09.5634425-07:00,113052,2026-09-20T03:10:10.0485012-07:00,6.171612,6.345921
2026-09-20T03:20:11.5935146-07:00,113052,2026-09-20T03:10:10.0485012-07:00,6.062737,6.345921
2026-09-20T03:20:13.6290453-07:00,113052,2026-09-20T03:10:10.0485012-07:00,6.109531,6.345921
2026-09-20T03:20:15.6470896-07:00,113052,2026-09-20T03:10:10.0485012-07:00,6.021904,6.345921
2026-09-20T03:20:17.6671412-07:00,113052,2026-09-20T03:10:10.0485012-07:00,5.983337,6.345921
2026-09-20T03:20:19.6907863-07:00,113052,2026-09-20T03:10:10.0485012-07:00,5.972282,6.345921
2026-09-20T03:20:21.7150735-07:00,113052,2026-09-20T03:10:10.0485012-07:00,6.020844,6.345921
2026-09-20T03:20:23.7471503-07:00,113052,2026-09-20T03:10:10.0485012-07:00,6.018604,6.345921
2026-09-20T03:20:25.7787423-07:00,113052,2026-09-20T03:10:10.0485012-07:00,6.062759,6.345921
2026-09-20T03:20:27.7950200-07:00,113052,2026-09-20T03:10:10.0485012-07:00,6.062809,6.345921
2026-09-20T03:20:29.8068306-07:00,113052,2026-09-20T03:10:10.0485012-07:00,6.022934,6.345921
2026-09-20T03:20:31.8438661-07:00,113052,2026-09-20T03:10:10.0485012-07:00,6.062840,6.345921
2026-09-20T03:20:33.8667295-07:00,113052,2026-09-20T03:10:10.0485012-07:00,6.038860,6.345921
2026-09-20T03:20:35.8769410-07:00,113052,2026-09-20T03:10:10.0485012-07:00,6.080814,6.345921
2026-09-20T03:20:37.9090730-07:00,113052,2026-09-20T03:10:10.0485012-07:00,6.176308,6.345921
2026-09-20T03:20:39.9351113-07:00,113052,2026-09-20T03:10:10.0485012-07:00,6.130009,6.345921
2026-09-20T03:20:41.9738921-07:00,113052,2026-09-20T03:10:10.0485012-07:00,6.128338,6.345921
2026-09-20T03:20:43.9871808-07:00,113052,2026-09-20T03:10:10.0485012-07:00,6.132164,6.345921
2026-09-20T03:20:46.0175642-07:00,113052,2026-09-20T03:10:10.0485012-07:00,6.130886,6.345921
2026-09-20T03:20:48.0270218-07:00,113052,2026-09-20T03:10:10.0485012-07:00,6.129688,6.345921
2026-09-20T03:20:50.0806656-07:00,113052,2026-09-20T03:10:10.0485012-07:00,6.131691,6.345921
2026-09-20T03:20:52.1046893-07:00,113052,2026-09-20T03:10:10.0485012-07:00,6.131577,6.345921
2026-09-20T03:20:54.1336282-07:00,113052,2026-09-20T03:10:10.0485012-07:00,6.092350,6.345921
2026-09-20T03:20:56.1528834-07:00,113052,2026-09-20T03:10:10.0485012-07:00,6.089268,6.345921
2026-09-20T03:20:58.1769028-07:00,113052,2026-09-20T03:10:10.0485012-07:00,6.044815,6.345921
2026-09-20T03:21:00.2115017-07:00,113052,2026-09-20T03:10:10.0485012-07:00,6.117523,6.345921
2026-09-20T03:21:02.2417866-07:00,113052,2026-09-20T03:10:10.0485012-07:00,6.102512,6.345921
2026-09-20T03:21:04.2671353-07:00,113052,2026-09-20T03:10:10.0485012-07:00,6.307945,6.345921
2026-09-20T03:21:06.2871278-07:00,113052,2026-09-20T03:10:10.0485012-07:00,5.978703,6.383350
2026-09-20T03:21:08.3292488-07:00,113052,2026-09-20T03:10:10.0485012-07:00,6.010696,6.383350
2026-09-20T03:21:10.3611616-07:00,113052,2026-09-20T03:10:10.0485012-07:00,6.012043,6.383350
2026-09-20T03:21:12.3892259-07:00,113052,2026-09-20T03:10:10.0485012-07:00,6.013153,6.383350
2026-09-20T03:21:14.4134193-07:00,113052,2026-09-20T03:10:10.0485012-07:00,6.059704,6.383350
2026-09-20T03:21:16.4398584-07:00,113052,2026-09-20T03:10:10.0485012-07:00,6.059898,6.383350
2026-09-20T03:21:18.4785431-07:00,113052,2026-09-20T03:10:10.0485012-07:00,6.106155,6.383350
2026-09-20T03:21:20.5142799-07:00,113052,2026-09-20T03:10:10.0485012-07:00,5.967899,6.383350
2026-09-20T03:21:22.5434431-07:00,113052,2026-09-20T03:10:10.0485012-07:00,5.969948,6.383350
2026-09-20T03:21:24.5770544-07:00,113052,2026-09-20T03:10:10.0485012-07:00,5.925110,6.383350
2026-09-20T03:21:26.6110260-07:00,113052,2026-09-20T03:10:10.0485012-07:00,5.995663,6.383350
2026-09-20T03:21:28.6480538-07:00,113052,2026-09-20T03:10:10.0485012-07:00,6.040005,6.383350
2026-09-20T03:21:30.6662826-07:00,113052,2026-09-20T03:10:10.0485012-07:00,6.089840,6.383350
2026-09-20T03:21:32.6970957-07:00,113052,2026-09-20T03:10:10.0485012-07:00,6.077797,6.383350
2026-09-20T03:21:34.7174031-07:00,113052,2026-09-20T03:10:10.0485012-07:00,6.078262,6.383350
2026-09-20T03:21:36.7670318-07:00,113052,2026-09-20T03:10:10.0485012-07:00,6.078300,6.383350
2026-09-20T03:21:38.7971890-07:00,113052,2026-09-20T03:10:10.0485012-07:00,6.079300,6.383350
2026-09-20T03:21:40.8282028-07:00,113052,2026-09-20T03:10:10.0485012-07:00,6.173603,6.383350
2026-09-20T03:21:42.8635780-07:00,113052,2026-09-20T03:10:10.0485012-07:00,6.173550,6.383350
2026-09-20T03:21:44.8893822-07:00,113052,2026-09-20T03:10:10.0485012-07:00,6.173611,6.383350
2026-09-20T03:21:46.9293192-07:00,113052,2026-09-20T03:10:10.0485012-07:00,6.135380,6.383350
2026-09-20T03:21:48.9553256-07:00,113052,2026-09-20T03:10:10.0485012-07:00,6.127529,6.383350
2026-09-20T03:21:50.9863332-07:00,113052,2026-09-20T03:10:10.0485012-07:00,6.081432,6.383350
2026-09-20T03:21:53.0107414-07:00,113052,2026-09-20T03:10:10.0485012-07:00,6.058990,6.383350
2026-09-20T03:21:55.0313440-07:00,113052,2026-09-20T03:10:10.0485012-07:00,6.120430,6.383350
2026-09-20T03:21:57.0589529-07:00,113052,2026-09-20T03:10:10.0485012-07:00,6.174473,6.383350
2026-09-20T03:21:59.0903474-07:00,113052,2026-09-20T03:10:10.0485012-07:00,6.211491,6.399513
2026-09-20T03:22:01.1141084-07:00,113052,2026-09-20T03:10:10.0485012-07:00,6.321575,6.399513
2026-09-20T03:22:03.1324096-07:00,113052,2026-09-20T03:10:10.0485012-07:00,6.264320,6.399513
2026-09-20T03:22:05.1711678-07:00,113052,2026-09-20T03:10:10.0485012-07:00,6.376308,6.399513
2026-09-20T03:22:07.1872571-07:00,113052,2026-09-20T03:10:10.0485012-07:00,6.020168,6.399513
2026-09-20T03:22:09.2069279-07:00,113052,2026-09-20T03:10:10.0485012-07:00,5.971771,6.399513
2026-09-20T03:22:11.2316021-07:00,113052,2026-09-20T03:10:10.0485012-07:00,6.016708,6.399513
2026-09-20T03:22:13.2493606-07:00,113052,2026-09-20T03:10:10.0485012-07:00,6.019360,6.399513
2026-09-20T03:22:15.2738021-07:00,113052,2026-09-20T03:10:10.0485012-07:00,6.063610,6.399513
2026-09-20T03:22:17.2953566-07:00,113052,2026-09-20T03:10:10.0485012-07:00,6.065788,6.399513
2026-09-20T03:22:19.3215555-07:00,113052,2026-09-20T03:10:10.0485012-07:00,5.980251,6.399513
2026-09-20T03:22:21.3389674-07:00,113052,2026-09-20T03:10:10.0485012-07:00,6.050461,6.399513
2026-09-20T03:22:23.3572660-07:00,113052,2026-09-20T03:10:10.0485012-07:00,6.070671,6.399513
2026-09-20T03:22:25.3967561-07:00,113052,2026-09-20T03:10:10.0485012-07:00,6.023911,6.399513
2026-09-20T03:22:27.4201410-07:00,113052,2026-09-20T03:10:10.0485012-07:00,6.125961,6.399513
2026-09-20T03:22:29.4504157-07:00,113052,2026-09-20T03:10:10.0485012-07:00,6.127434,6.399513
2026-09-20T03:22:31.4659801-07:00,113052,2026-09-20T03:10:10.0485012-07:00,6.081463,6.399513
2026-09-20T03:22:33.5066844-07:00,113052,2026-09-20T03:10:10.0485012-07:00,6.089390,6.399513
2026-09-20T03:22:35.5272937-07:00,113052,2026-09-20T03:10:10.0485012-07:00,6.067276,6.399513
2026-09-20T03:22:37.5493830-07:00,113052,2026-09-20T03:10:10.0485012-07:00,6.115898,6.399513
2026-09-20T03:22:39.5794466-07:00,113052,2026-09-20T03:10:10.0485012-07:00,6.071095,6.399513
2026-09-20T03:22:41.6142309-07:00,113052,2026-09-20T03:10:10.0485012-07:00,6.072041,6.399513
2026-09-20T03:22:43.6626513-07:00,113052,2026-09-20T03:10:10.0485012-07:00,6.072289,6.399513
2026-09-20T03:22:45.6873416-07:00,113052,2026-09-20T03:10:10.0485012-07:00,6.029697,6.399513
2026-09-20T03:22:47.7034143-07:00,113052,2026-09-20T03:10:10.0485012-07:00,6.053284,6.399513
2026-09-20T03:22:49.7431765-07:00,113052,2026-09-20T03:10:10.0485012-07:00,6.082333,6.399513
2026-09-20T03:22:51.7647320-07:00,113052,2026-09-20T03:10:10.0485012-07:00,6.112770,6.399513
2026-09-20T03:22:53.8022164-07:00,113052,2026-09-20T03:10:10.0485012-07:00,6.205967,6.399513
2026-09-20T03:22:55.8272699-07:00,113052,2026-09-20T03:10:10.0485012-07:00,6.365269,6.399513
2026-09-20T03:22:57.8463569-07:00,113052,2026-09-20T03:10:10.0485012-07:00,6.318794,6.399513
2026-09-20T03:22:59.8569087-07:00,113052,2026-09-20T03:10:10.0485012-07:00,6.262573,6.399513
2026-09-20T03:23:01.8873854-07:00,113052,2026-09-20T03:10:10.0485012-07:00,6.228065,6.399513
2026-09-20T03:23:03.9084874-07:00,113052,2026-09-20T03:10:10.0485012-07:00,6.214725,6.399513
2026-09-20T03:23:05.9325927-07:00,113052,2026-09-20T03:10:10.0485012-07:00,6.312668,6.399513
2026-09-20T03:23:07.9622554-07:00,113052,2026-09-20T03:10:10.0485012-07:00,6.192566,6.399513
2026-09-20T03:23:09.9836725-07:00,113052,2026-09-20T03:10:10.0485012-07:00,5.970253,6.399513
2026-09-20T03:23:12.0222668-07:00,113052,2026-09-20T03:10:10.0485012-07:00,5.971405,6.399513
2026-09-20T03:23:14.0500863-07:00,113052,2026-09-20T03:10:10.0485012-07:00,6.058075,6.399513
2026-09-20T03:23:16.0643915-07:00,113052,2026-09-20T03:10:10.0485012-07:00,5.909359,6.399513
2026-09-20T03:23:18.0886248-07:00,113052,2026-09-20T03:10:10.0485012-07:00,5.938770,6.399513
2026-09-20T03:23:20.1096702-07:00,113052,2026-09-20T03:10:10.0485012-07:00,6.055279,6.399513
2026-09-20T03:23:22.1510349-07:00,113052,2026-09-20T03:10:10.0485012-07:00,6.056911,6.399513
2026-09-20T03:23:24.1750648-07:00,113052,2026-09-20T03:10:10.0485012-07:00,6.074883,6.399513
2026-09-20T03:23:26.2040061-07:00,113052,2026-09-20T03:10:10.0485012-07:00,6.044762,6.399513
2026-09-20T03:23:28.2316310-07:00,113052,2026-09-20T03:10:10.0485012-07:00,6.065586,6.399513
2026-09-20T03:23:30.2833516-07:00,113052,2026-09-20T03:10:10.0485012-07:00,6.169384,6.399513
2026-09-20T03:23:32.3105507-07:00,113052,2026-09-20T03:10:10.0485012-07:00,6.169430,6.399513
2026-09-20T03:23:34.3281417-07:00,113052,2026-09-20T03:10:10.0485012-07:00,6.141106,6.399513
2026-09-20T03:23:36.3551793-07:00,113052,2026-09-20T03:10:10.0485012-07:00,6.123848,6.399513
2026-09-20T03:23:38.3836243-07:00,113052,2026-09-20T03:10:10.0485012-07:00,6.123352,6.399513
2026-09-20T03:23:40.4256811-07:00,113052,2026-09-20T03:10:10.0485012-07:00,6.031532,6.399513
2026-09-20T03:23:42.4568423-07:00,113052,2026-09-20T03:10:10.0485012-07:00,6.061581,6.399513
2026-09-20T03:23:44.4773899-07:00,113052,2026-09-20T03:10:10.0485012-07:00,6.284576,6.399513
2026-09-20T03:23:46.4997950-07:00,113052,2026-09-20T03:10:10.0485012-07:00,6.227501,6.399513
2026-09-20T03:23:48.5212717-07:00,113052,2026-09-20T03:10:10.0485012-07:00,6.214809,6.399513
2026-09-20T03:23:50.5609121-07:00,113052,2026-09-20T03:10:10.0485012-07:00,6.319134,6.399513
2026-09-20T03:23:52.5844907-07:00,113052,2026-09-20T03:10:10.0485012-07:00,6.228180,6.399513
2026-09-20T03:23:54.6131372-07:00,113052,2026-09-20T03:10:10.0485012-07:00,6.208965,6.399513
2026-09-20T03:23:56.6313503-07:00,113052,2026-09-20T03:10:10.0485012-07:00,6.135891,6.399513
2026-09-20T03:23:58.6629298-07:00,113052,2026-09-20T03:10:10.0485012-07:00,6.144108,6.399513
2026-09-20T03:24:00.6773036-07:00,113052,2026-09-20T03:10:10.0485012-07:00,6.258072,6.399513
2026-09-20T03:24:02.7010804-07:00,113052,2026-09-20T03:10:10.0485012-07:00,6.224045,6.399513
2026-09-20T03:24:04.7242473-07:00,113052,2026-09-20T03:10:10.0485012-07:00,6.122238,6.399513
2026-09-20T03:24:06.7571105-07:00,113052,2026-09-20T03:10:10.0485012-07:00,6.295425,6.399513
2026-09-20T03:24:08.7971552-07:00,113052,2026-09-20T03:10:10.0485012-07:00,6.332214,6.399513
2026-09-20T03:24:10.8277116-07:00,113052,2026-09-20T03:10:10.0485012-07:00,6.051823,6.399513
2026-09-20T03:24:12.8413907-07:00,113052,2026-09-20T03:10:10.0485012-07:00,6.107559,6.399513
2026-09-20T03:24:14.8570317-07:00,113052,2026-09-20T03:10:10.0485012-07:00,6.110416,6.399513
2026-09-20T03:24:16.8910973-07:00,113052,2026-09-20T03:10:10.0485012-07:00,5.978649,6.399513
2026-09-20T03:24:18.9239736-07:00,113052,2026-09-20T03:10:10.0485012-07:00,6.016960,6.399513
2026-09-20T03:24:20.9389442-07:00,113052,2026-09-20T03:10:10.0485012-07:00,6.026909,6.399513
2026-09-20T03:24:22.9707770-07:00,113052,2026-09-20T03:10:10.0485012-07:00,6.109360,6.399513
2026-09-20T03:24:24.9972073-07:00,113052,2026-09-20T03:10:10.0485012-07:00,6.071156,6.399513
2026-09-20T03:24:27.0153964-07:00,113052,2026-09-20T03:10:10.0485012-07:00,6.072746,6.399513
2026-09-20T03:24:29.0455255-07:00,113052,2026-09-20T03:10:10.0485012-07:00,6.109390,6.399513
2026-09-20T03:24:31.0747049-07:00,113052,2026-09-20T03:10:10.0485012-07:00,5.988590,6.399513
2026-09-20T03:24:33.1010044-07:00,113052,2026-09-20T03:10:10.0485012-07:00,5.996857,6.399513
2026-09-20T03:24:35.1332193-07:00,113052,2026-09-20T03:10:10.0485012-07:00,6.093353,6.399513
2026-09-20T03:24:37.1619009-07:00,113052,2026-09-20T03:10:10.0485012-07:00,6.094414,6.399513
2026-09-20T03:24:39.1845490-07:00,113052,2026-09-20T03:10:10.0485012-07:00,6.056438,6.399513
2026-09-20T03:24:41.1969058-07:00,113052,2026-09-20T03:10:10.0485012-07:00,6.056385,6.399513
2026-09-20T03:24:43.2269995-07:00,113052,2026-09-20T03:10:10.0485012-07:00,6.094765,6.399513
2026-09-20T03:24:45.2368697-07:00,113052,2026-09-20T03:10:10.0485012-07:00,6.094765,6.399513
2026-09-20T03:24:47.2814703-07:00,113052,2026-09-20T03:10:10.0485012-07:00,6.094769,6.399513
2026-09-20T03:24:49.3006955-07:00,113052,2026-09-20T03:10:10.0485012-07:00,6.094769,6.399513
2026-09-20T03:24:51.3291363-07:00,113052,2026-09-20T03:10:10.0485012-07:00,6.098717,6.399513
2026-09-20T03:24:53.3550565-07:00,113052,2026-09-20T03:10:10.0485012-07:00,6.046696,6.399513
2026-09-20T03:24:55.3834991-07:00,113052,2026-09-20T03:10:10.0485012-07:00,6.194798,6.399513
2026-09-20T03:24:57.4110423-07:00,113052,2026-09-20T03:10:10.0485012-07:00,6.261360,6.399513
2026-09-20T03:24:59.4256059-07:00,113052,2026-09-20T03:10:10.0485012-07:00,6.216286,6.399513
2026-09-20T03:25:01.4540904-07:00,113052,2026-09-20T03:10:10.0485012-07:00,5.983940,6.399513
2026-09-20T03:25:03.4653110-07:00,113052,2026-09-20T03:10:10.0485012-07:00,6.178917,6.399513
2026-09-20T03:25:05.4971865-07:00,113052,2026-09-20T03:10:10.0485012-07:00,6.036484,6.399513
2026-09-20T03:25:07.5182283-07:00,113052,2026-09-20T03:10:10.0485012-07:00,6.081703,6.399513
2026-09-20T03:25:09.5453987-07:00,113052,2026-09-20T03:10:10.0485012-07:00,6.084187,6.399513
2026-09-20T03:25:11.5700428-07:00,113052,2026-09-20T03:10:10.0485012-07:00,6.082558,6.399513
2026-09-20T03:25:13.5980525-07:00,113052,2026-09-20T03:10:10.0485012-07:00,5.946297,6.399513
2026-09-20T03:25:15.6255625-07:00,113052,2026-09-20T03:10:10.0485012-07:00,5.990387,6.399513
2026-09-20T03:25:17.6585442-07:00,113052,2026-09-20T03:10:10.0485012-07:00,6.007801,6.399513
2026-09-20T03:25:19.6921449-07:00,113052,2026-09-20T03:10:10.0485012-07:00,6.144375,6.399513
2026-09-20T03:25:21.7209945-07:00,113052,2026-09-20T03:10:10.0485012-07:00,6.143196,6.399513
2026-09-20T03:25:23.7398340-07:00,113052,2026-09-20T03:10:10.0485012-07:00,6.183277,6.399513
2026-09-20T03:25:25.7697500-07:00,113052,2026-09-20T03:10:10.0485012-07:00,6.141407,6.399513
2026-09-20T03:25:27.7878919-07:00,113052,2026-09-20T03:10:10.0485012-07:00,6.141483,6.399513
2026-09-20T03:25:29.8094419-07:00,113052,2026-09-20T03:10:10.0485012-07:00,6.097351,6.399513
2026-09-20T03:25:31.8226208-07:00,113052,2026-09-20T03:10:10.0485012-07:00,6.113121,6.399513
2026-09-20T03:25:33.8593977-07:00,113052,2026-09-20T03:10:10.0485012-07:00,6.141617,6.399513
2026-09-20T03:25:35.8922180-07:00,113052,2026-09-20T03:10:10.0485012-07:00,6.141617,6.399513
2026-09-20T03:25:37.9072260-07:00,113052,2026-09-20T03:10:10.0485012-07:00,6.105370,6.399513
2026-09-20T03:25:39.9334003-07:00,113052,2026-09-20T03:10:10.0485012-07:00,6.003731,6.399513
2026-09-20T03:25:41.9538206-07:00,113052,2026-09-20T03:10:10.0485012-07:00,6.053822,6.399513
2026-09-20T03:25:43.9975015-07:00,113052,2026-09-20T03:10:10.0485012-07:00,6.094433,6.399513
2026-09-20T03:25:46.0155844-07:00,113052,2026-09-20T03:10:10.0485012-07:00,6.094593,6.399513
2026-09-20T03:25:48.0471090-07:00,113052,2026-09-20T03:10:10.0485012-07:00,6.094666,6.399513
2026-09-20T03:25:50.0724033-07:00,113052,2026-09-20T03:10:10.0485012-07:00,6.094757,6.399513
2026-09-20T03:25:52.1053037-07:00,113052,2026-09-20T03:10:10.0485012-07:00,6.094799,6.399513
2026-09-20T03:25:54.1403744-07:00,113052,2026-09-20T03:10:10.0485012-07:00,6.094845,6.399513
2026-09-20T03:25:56.1750461-07:00,113052,2026-09-20T03:10:10.0485012-07:00,6.094852,6.399513
2026-09-20T03:25:58.2054076-07:00,113052,2026-09-20T03:10:10.0485012-07:00,6.056675,6.399513
2026-09-20T03:26:00.2235953-07:00,113052,2026-09-20T03:10:10.0485012-07:00,6.056698,6.399513
2026-09-20T03:26:02.2786197-07:00,113052,2026-09-20T03:10:10.0485012-07:00,5.921341,6.399513
2026-09-20T03:26:04.3002717-07:00,113052,2026-09-20T03:10:10.0485012-07:00,6.223320,6.399513
2026-09-20T03:26:06.3286747-07:00,113052,2026-09-20T03:10:10.0485012-07:00,6.065586,6.399513
2026-09-20T03:26:08.3488332-07:00,113052,2026-09-20T03:10:10.0485012-07:00,6.109985,6.399513
2026-09-20T03:26:10.3675344-07:00,113052,2026-09-20T03:10:10.0485012-07:00,6.112137,6.399513
2026-09-20T03:26:12.3975803-07:00,113052,2026-09-20T03:10:10.0485012-07:00,6.018139,6.399513
2026-09-20T03:26:14.4102807-07:00,113052,2026-09-20T03:10:10.0485012-07:00,6.017967,6.399513
2026-09-20T03:26:16.4375463-07:00,113052,2026-09-20T03:10:10.0485012-07:00,6.020218,6.399513
2026-09-20T03:26:18.4673154-07:00,113052,2026-09-20T03:10:10.0485012-07:00,6.022224,6.399513
2026-09-20T03:26:20.5025178-07:00,113052,2026-09-20T03:10:10.0485012-07:00,6.027912,6.399513
2026-09-20T03:26:22.5524479-07:00,113052,2026-09-20T03:10:10.0485012-07:00,6.110546,6.399513
2026-09-20T03:26:24.5778201-07:00,113052,2026-09-20T03:10:10.0485012-07:00,5.972591,6.399513
2026-09-20T03:26:26.5947779-07:00,113052,2026-09-20T03:10:10.0485012-07:00,6.063297,6.399513
2026-09-20T03:26:28.6227138-07:00,113052,2026-09-20T03:10:10.0485012-07:00,6.109589,6.399513
2026-09-20T03:26:30.6584023-07:00,113052,2026-09-20T03:10:10.0485012-07:00,6.067848,6.399513
2026-09-20T03:26:32.6716658-07:00,113052,2026-09-20T03:10:10.0485012-07:00,6.067253,6.399513
2026-09-20T03:26:34.6904439-07:00,113052,2026-09-20T03:10:10.0485012-07:00,6.073605,6.399513
2026-09-20T03:26:36.7169747-07:00,113052,2026-09-20T03:10:10.0485012-07:00,6.113819,6.399513
2026-09-20T03:26:38.7573474-07:00,113052,2026-09-20T03:10:10.0485012-07:00,6.109856,6.399513
2026-09-20T03:26:40.7975010-07:00,113052,2026-09-20T03:10:10.0485012-07:00,6.114178,6.399513
2026-09-20T03:26:42.8307131-07:00,113052,2026-09-20T03:10:10.0485012-07:00,6.158058,6.399513
2026-09-20T03:26:44.8477770-07:00,113052,2026-09-20T03:10:10.0485012-07:00,6.202187,6.399513
2026-09-20T03:26:46.8710655-07:00,113052,2026-09-20T03:10:10.0485012-07:00,6.109978,6.399513
2026-09-20T03:26:48.8869775-07:00,113052,2026-09-20T03:10:10.0485012-07:00,6.110023,6.399513
2026-09-20T03:26:50.9296082-07:00,113052,2026-09-20T03:10:10.0485012-07:00,6.154144,6.399513
2026-09-20T03:26:52.9611581-07:00,113052,2026-09-20T03:10:10.0485012-07:00,6.112320,6.399513
2026-09-20T03:26:54.9912252-07:00,113052,2026-09-20T03:10:10.0485012-07:00,6.130192,6.399513
2026-09-20T03:26:57.0149470-07:00,113052,2026-09-20T03:10:10.0485012-07:00,6.099659,6.399513
2026-09-20T03:26:59.0432252-07:00,113052,2026-09-20T03:10:10.0485012-07:00,6.056335,6.399513
2026-09-20T03:27:01.0670999-07:00,113052,2026-09-20T03:10:10.0485012-07:00,6.101215,6.399513
2026-09-20T03:27:03.0874688-07:00,113052,2026-09-20T03:10:10.0485012-07:00,6.103584,6.399513
2026-09-20T03:27:05.1169422-07:00,113052,2026-09-20T03:10:10.0485012-07:00,6.009495,6.399513
2026-09-20T03:27:07.1326183-07:00,113052,2026-09-20T03:10:10.0485012-07:00,5.995079,6.399513
2026-09-20T03:27:09.1599272-07:00,113052,2026-09-20T03:10:10.0485012-07:00,6.152519,6.399513
2026-09-20T03:27:11.1913545-07:00,113052,2026-09-20T03:10:10.0485012-07:00,6.152626,6.399513
2026-09-20T03:27:13.2148088-07:00,113052,2026-09-20T03:10:10.0485012-07:00,6.032673,6.399513
2026-09-20T03:27:15.2484737-07:00,113052,2026-09-20T03:10:10.0485012-07:00,5.981670,6.399513
2026-09-20T03:27:17.2853635-07:00,113052,2026-09-20T03:10:10.0485012-07:00,5.993183,6.399513
2026-09-20T03:27:19.3140396-07:00,113052,2026-09-20T03:10:10.0485012-07:00,6.002296,6.399513
2026-09-20T03:27:21.3404837-07:00,113052,2026-09-20T03:10:10.0485012-07:00,5.999496,6.399513
2026-09-20T03:27:23.3689291-07:00,113052,2026-09-20T03:10:10.0485012-07:00,6.093765,6.399513
2026-09-20T03:27:25.3945365-07:00,113052,2026-09-20T03:10:10.0485012-07:00,6.091896,6.399513
2026-09-20T03:27:27.4373054-07:00,113052,2026-09-20T03:10:10.0485012-07:00,6.045914,6.399513
2026-09-20T03:27:29.4504124-07:00,113052,2026-09-20T03:10:10.0485012-07:00,5.970665,6.399513
2026-09-20T03:27:31.4669001-07:00,113052,2026-09-20T03:10:10.0485012-07:00,5.984932,6.399513
2026-09-20T03:27:33.4809348-07:00,113052,2026-09-20T03:10:10.0485012-07:00,6.098278,6.399513
2026-09-20T03:27:35.4971263-07:00,113052,2026-09-20T03:10:10.0485012-07:00,6.202839,6.399513
2026-09-20T03:27:37.5230684-07:00,113052,2026-09-20T03:10:10.0485012-07:00,6.203098,6.399513
2026-09-20T03:27:39.5431528-07:00,113052,2026-09-20T03:10:10.0485012-07:00,6.203125,6.399513
2026-09-20T03:27:41.5571901-07:00,113052,2026-09-20T03:10:10.0485012-07:00,6.064785,6.399513
2026-09-20T03:27:43.5691394-07:00,113052,2026-09-20T03:10:10.0485012-07:00,6.117592,6.399513
2026-09-20T03:27:45.6026352-07:00,113052,2026-09-20T03:10:10.0485012-07:00,6.117424,6.399513
2026-09-20T03:27:47.6287685-07:00,113052,2026-09-20T03:10:10.0485012-07:00,6.218258,6.399513
2026-09-20T03:27:49.6626802-07:00,113052,2026-09-20T03:10:10.0485012-07:00,6.214874,6.399513
2026-09-20T03:27:51.6932022-07:00,113052,2026-09-20T03:10:10.0485012-07:00,6.214813,6.399513
2026-09-20T03:27:53.7137346-07:00,113052,2026-09-20T03:10:10.0485012-07:00,6.172291,6.399513
2026-09-20T03:27:55.7431042-07:00,113052,2026-09-20T03:10:10.0485012-07:00,6.214836,6.399513
2026-09-20T03:27:57.7970258-07:00,113052,2026-09-20T03:10:10.0485012-07:00,5.882072,6.399513
2026-09-20T03:27:59.8073725-07:00,113052,2026-09-20T03:10:10.0485012-07:00,6.211563,6.399513
2026-09-20T03:28:01.8174986-07:00,113052,2026-09-20T03:10:10.0485012-07:00,6.083897,6.399513
2026-09-20T03:28:03.8375421-07:00,113052,2026-09-20T03:10:10.0485012-07:00,6.037971,6.399513
2026-09-20T03:28:05.8575282-07:00,113052,2026-09-20T03:10:10.0485012-07:00,6.041622,6.399513
2026-09-20T03:28:07.8774667-07:00,113052,2026-09-20T03:10:10.0485012-07:00,6.040031,6.399513
2026-09-20T03:28:09.9050801-07:00,113052,2026-09-20T03:10:10.0485012-07:00,6.084339,6.399513
2026-09-20T03:28:11.9274895-07:00,113052,2026-09-20T03:10:10.0485012-07:00,6.086571,6.399513
2026-09-20T03:28:13.9524593-07:00,113052,2026-09-20T03:10:10.0485012-07:00,6.130787,6.399513
2026-09-20T03:28:16.0014721-07:00,113052,2026-09-20T03:10:10.0485012-07:00,6.130791,6.399513
2026-09-20T03:28:18.0272251-07:00,113052,2026-09-20T03:10:10.0485012-07:00,6.132778,6.399513
2026-09-20T03:28:20.0516813-07:00,113052,2026-09-20T03:10:10.0485012-07:00,6.009613,6.399513
2026-09-20T03:28:22.0759202-07:00,113052,2026-09-20T03:10:10.0485012-07:00,6.029942,6.399513
2026-09-20T03:28:24.0958355-07:00,113052,2026-09-20T03:10:10.0485012-07:00,6.138096,6.399513
2026-09-20T03:28:26.1356622-07:00,113052,2026-09-20T03:10:10.0485012-07:00,6.196480,6.399513
2026-09-20T03:28:28.1563934-07:00,113052,2026-09-20T03:10:10.0485012-07:00,6.090893,6.399513
2026-09-20T03:28:30.1785624-07:00,113052,2026-09-20T03:10:10.0485012-07:00,6.046761,6.399513
2026-09-20T03:28:32.2034852-07:00,113052,2026-09-20T03:10:10.0485012-07:00,6.095665,6.399513
2026-09-20T03:28:34.2347357-07:00,113052,2026-09-20T03:10:10.0485012-07:00,6.099392,6.399513
2026-09-20T03:28:36.2483108-07:00,113052,2026-09-20T03:10:10.0485012-07:00,6.099464,6.399513
2026-09-20T03:28:38.2737381-07:00,113052,2026-09-20T03:10:10.0485012-07:00,6.057625,6.399513
2026-09-20T03:28:40.3006921-07:00,113052,2026-09-20T03:10:10.0485012-07:00,6.235855,6.399513
2026-09-20T03:28:42.3423511-07:00,113052,2026-09-20T03:10:10.0485012-07:00,6.235870,6.399513
2026-09-20T03:28:44.3976192-07:00,113052,2026-09-20T03:10:10.0485012-07:00,6.075481,6.399513
2026-09-20T03:28:46.4134636-07:00,113052,2026-09-20T03:10:10.0485012-07:00,6.164570,6.399513
2026-09-20T03:28:48.4334076-07:00,113052,2026-09-20T03:10:10.0485012-07:00,6.212231,6.399513
2026-09-20T03:28:50.4525731-07:00,113052,2026-09-20T03:10:10.0485012-07:00,6.205223,6.399513
2026-09-20T03:28:52.4727871-07:00,113052,2026-09-20T03:10:10.0485012-07:00,6.209087,6.399513
2026-09-20T03:28:54.4993704-07:00,113052,2026-09-20T03:10:10.0485012-07:00,6.259983,6.399513
2026-09-20T03:28:56.5331098-07:00,113052,2026-09-20T03:10:10.0485012-07:00,6.051395,6.399513
2026-09-20T03:28:58.5505322-07:00,113052,2026-09-20T03:10:10.0485012-07:00,6.007122,6.399513
2026-09-20T03:29:00.5807314-07:00,113052,2026-09-20T03:10:10.0485012-07:00,6.007969,6.399513
2026-09-20T03:29:02.6186790-07:00,113052,2026-09-20T03:10:10.0485012-07:00,6.054276,6.399513
2026-09-20T03:29:04.6371949-07:00,113052,2026-09-20T03:10:10.0485012-07:00,6.054306,6.399513
2026-09-20T03:29:06.6644817-07:00,113052,2026-09-20T03:10:10.0485012-07:00,5.969769,6.399513
2026-09-20T03:29:08.6973765-07:00,113052,2026-09-20T03:10:10.0485012-07:00,6.032448,6.399513
2026-09-20T03:29:10.7206368-07:00,113052,2026-09-20T03:10:10.0485012-07:00,6.067295,6.399513
2026-09-20T03:29:12.7512768-07:00,113052,2026-09-20T03:10:10.0485012-07:00,6.153503,6.399513
2026-09-20T03:29:14.7704013-07:00,113052,2026-09-20T03:10:10.0485012-07:00,6.157867,6.399513
2026-09-20T03:29:16.7890226-07:00,113052,2026-09-20T03:10:10.0485012-07:00,6.092430,6.399513
2026-09-20T03:29:18.8072033-07:00,113052,2026-09-20T03:10:10.0485012-07:00,6.091953,6.399513
2026-09-20T03:29:20.8346032-07:00,113052,2026-09-20T03:10:10.0485012-07:00,6.090927,6.399513
2026-09-20T03:29:22.8864458-07:00,113052,2026-09-20T03:10:10.0485012-07:00,6.093304,6.399513
2026-09-20T03:29:24.9047659-07:00,113052,2026-09-20T03:10:10.0485012-07:00,6.137875,6.399513
2026-09-20T03:29:26.9314982-07:00,113052,2026-09-20T03:10:10.0485012-07:00,5.999828,6.399513
2026-09-20T03:29:28.9672355-07:00,113052,2026-09-20T03:10:10.0485012-07:00,6.030579,6.399513
2026-09-20T03:29:30.9972335-07:00,113052,2026-09-20T03:10:10.0485012-07:00,6.120506,6.399513
2026-09-20T03:29:33.0373792-07:00,113052,2026-09-20T03:10:10.0485012-07:00,6.092411,6.399513
2026-09-20T03:29:35.0576600-07:00,113052,2026-09-20T03:10:10.0485012-07:00,6.102062,6.399513
2026-09-20T03:29:37.0803148-07:00,113052,2026-09-20T03:10:10.0485012-07:00,6.138706,6.399513
2026-09-20T03:29:39.0976226-07:00,113052,2026-09-20T03:10:10.0485012-07:00,6.138870,6.399513
2026-09-20T03:29:41.1478221-07:00,113052,2026-09-20T03:10:10.0485012-07:00,6.183258,6.399513
2026-09-20T03:29:43.1675288-07:00,113052,2026-09-20T03:10:10.0485012-07:00,6.184772,6.399513
2026-09-20T03:29:45.1817200-07:00,113052,2026-09-20T03:10:10.0485012-07:00,6.184784,6.399513
2026-09-20T03:29:47.2154966-07:00,113052,2026-09-20T03:10:10.0485012-07:00,6.147377,6.399513
2026-09-20T03:29:49.2449693-07:00,113052,2026-09-20T03:10:10.0485012-07:00,6.185638,6.399513
2026-09-20T03:29:51.2716093-07:00,113052,2026-09-20T03:10:10.0485012-07:00,6.047638,6.399513
2026-09-20T03:29:53.2905641-07:00,113052,2026-09-20T03:10:10.0485012-07:00,5.875130,6.399513
2026-09-20T03:29:55.3117403-07:00,113052,2026-09-20T03:10:10.0485012-07:00,6.070770,6.399513
2026-09-20T03:29:57.3334632-07:00,113052,2026-09-20T03:10:10.0485012-07:00,5.926544,6.399513
2026-09-20T03:29:59.3747959-07:00,113052,2026-09-20T03:10:10.0485012-07:00,6.000652,6.399513
2026-09-20T03:30:01.4088120-07:00,113052,2026-09-20T03:10:10.0485012-07:00,5.909473,6.399513
2026-09-20T03:30:03.4276382-07:00,113052,2026-09-20T03:10:10.0485012-07:00,5.878197,6.399513
2026-09-20T03:30:05.4603381-07:00,113052,2026-09-20T03:10:10.0485012-07:00,5.917175,6.399513
2026-09-20T03:30:07.4807574-07:00,113052,2026-09-20T03:10:10.0485012-07:00,5.917843,6.399513
2026-09-20T03:30:09.5189279-07:00,113052,2026-09-20T03:10:10.0485012-07:00,5.925770,6.399513
2026-09-20T03:30:11.5397251-07:00,113052,2026-09-20T03:10:10.0485012-07:00,5.964073,6.399513
2026-09-20T03:30:13.5727832-07:00,113052,2026-09-20T03:10:10.0485012-07:00,5.964199,6.399513
2026-09-20T03:30:15.5974880-07:00,113052,2026-09-20T03:10:10.0485012-07:00,5.978432,6.399513
2026-09-20T03:30:17.6189012-07:00,113052,2026-09-20T03:10:10.0485012-07:00,6.106304,6.399513
2026-09-20T03:30:19.6637081-07:00,113052,2026-09-20T03:10:10.0485012-07:00,6.107178,6.399513
2026-09-20T03:30:21.6877231-07:00,113052,2026-09-20T03:10:10.0485012-07:00,6.026581,6.399513
2026-09-20T03:30:23.7140660-07:00,113052,2026-09-20T03:10:10.0485012-07:00,6.059372,6.399513
2026-09-20T03:30:25.7359140-07:00,113052,2026-09-20T03:10:10.0485012-07:00,6.059475,6.399513
2026-09-20T03:30:27.7507041-07:00,113052,2026-09-20T03:10:10.0485012-07:00,6.021229,6.399513
2026-09-20T03:30:29.7851932-07:00,113052,2026-09-20T03:10:10.0485012-07:00,6.015404,6.399513
2026-09-20T03:30:31.8074256-07:00,113052,2026-09-20T03:10:10.0485012-07:00,6.015610,6.399513
2026-09-20T03:30:33.8312994-07:00,113052,2026-09-20T03:10:10.0485012-07:00,6.013485,6.399513
2026-09-20T03:30:35.8615839-07:00,113052,2026-09-20T03:10:10.0485012-07:00,6.016327,6.399513
2026-09-20T03:30:37.8854254-07:00,113052,2026-09-20T03:10:10.0485012-07:00,6.025692,6.399513
2026-09-20T03:30:39.9111996-07:00,113052,2026-09-20T03:10:10.0485012-07:00,6.141449,6.399513
2026-09-20T03:30:41.9240249-07:00,113052,2026-09-20T03:10:10.0485012-07:00,6.183132,6.399513
2026-09-20T03:30:43.9444185-07:00,113052,2026-09-20T03:10:10.0485012-07:00,6.064297,6.399513
2026-09-20T03:30:45.9674524-07:00,113052,2026-09-20T03:10:10.0485012-07:00,6.091068,6.399513
2026-09-20T03:30:47.9885113-07:00,113052,2026-09-20T03:10:10.0485012-07:00,6.091698,6.399513
2026-09-20T03:30:50.0178584-07:00,113052,2026-09-20T03:10:10.0485012-07:00,5.926697,6.399513
2026-09-20T03:30:52.0421617-07:00,113052,2026-09-20T03:10:10.0485012-07:00,6.141922,6.399513
2026-09-20T03:30:54.0696040-07:00,113052,2026-09-20T03:10:10.0485012-07:00,5.964691,6.399513
2026-09-20T03:30:56.0862229-07:00,113052,2026-09-20T03:10:10.0485012-07:00,5.965939,6.399513
2026-09-20T03:30:58.1181511-07:00,113052,2026-09-20T03:10:10.0485012-07:00,6.012543,6.399513
2026-09-20T03:31:00.1438984-07:00,113052,2026-09-20T03:10:10.0485012-07:00,6.095093,6.399513
2026-09-20T03:31:02.1602770-07:00,113052,2026-09-20T03:10:10.0485012-07:00,6.141590,6.399513
2026-09-20T03:31:04.1738100-07:00,113052,2026-09-20T03:10:10.0485012-07:00,6.155087,6.399513
2026-09-20T03:31:06.2096278-07:00,113052,2026-09-20T03:10:10.0485012-07:00,6.049500,6.399513
2026-09-20T03:31:08.2342236-07:00,113052,2026-09-20T03:10:10.0485012-07:00,6.051498,6.399513
2026-09-20T03:31:10.2515468-07:00,113052,2026-09-20T03:10:10.0485012-07:00,6.095753,6.399513
2026-09-20T03:31:12.2674723-07:00,113052,2026-09-20T03:10:10.0485012-07:00,6.095821,6.399513
2026-09-20T03:31:14.2906419-07:00,113052,2026-09-20T03:10:10.0485012-07:00,6.097870,6.399513
2026-09-20T03:31:16.3075797-07:00,113052,2026-09-20T03:10:10.0485012-07:00,6.142059,6.399513
2026-09-20T03:31:18.3328815-07:00,113052,2026-09-20T03:10:10.0485012-07:00,6.105831,6.399513
2026-09-20T03:31:20.3553698-07:00,113052,2026-09-20T03:10:10.0485012-07:00,6.013580,6.399513
2026-09-20T03:31:22.3730396-07:00,113052,2026-09-20T03:10:10.0485012-07:00,6.062641,6.399513
2026-09-20T03:31:24.3921209-07:00,113052,2026-09-20T03:10:10.0485012-07:00,6.065247,6.399513
2026-09-20T03:31:26.4312869-07:00,113052,2026-09-20T03:10:10.0485012-07:00,6.066593,6.399513
2026-09-20T03:31:28.4575066-07:00,113052,2026-09-20T03:10:10.0485012-07:00,6.241203,6.399513
2026-09-20T03:31:30.4828329-07:00,113052,2026-09-20T03:10:10.0485012-07:00,6.241154,6.399513
2026-09-20T03:31:32.5066118-07:00,113052,2026-09-20T03:10:10.0485012-07:00,6.241142,6.399513
2026-09-20T03:31:34.5218023-07:00,113052,2026-09-20T03:10:10.0485012-07:00,6.202663,6.399513
2026-09-20T03:31:36.5512908-07:00,113052,2026-09-20T03:10:10.0485012-07:00,6.195095,6.399513
2026-09-20T03:31:38.5730296-07:00,113052,2026-09-20T03:10:10.0485012-07:00,6.241192,6.399513
2026-09-20T03:31:40.5975271-07:00,113052,2026-09-20T03:10:10.0485012-07:00,6.195137,6.399513
2026-09-20T03:31:42.6231140-07:00,113052,2026-09-20T03:10:10.0485012-07:00,6.172646,6.399513
2026-09-20T03:31:44.6533391-07:00,113052,2026-09-20T03:10:10.0485012-07:00,6.162476,6.399513
2026-09-20T03:31:46.6735956-07:00,113052,2026-09-20T03:10:10.0485012-07:00,6.287697,6.399513
2026-09-20T03:31:48.7146528-07:00,113052,2026-09-20T03:10:10.0485012-07:00,6.164982,6.399513
2026-09-20T03:31:50.7430234-07:00,113052,2026-09-20T03:10:10.0485012-07:00,6.063606,6.399513
2026-09-20T03:31:52.7636675-07:00,113052,2026-09-20T03:10:10.0485012-07:00,6.019634,6.399513
2026-09-20T03:31:54.7903260-07:00,113052,2026-09-20T03:10:10.0485012-07:00,6.063786,6.399513
2026-09-20T03:31:56.8074598-07:00,113052,2026-09-20T03:10:10.0485012-07:00,6.065781,6.399513
2026-09-20T03:31:58.8372734-07:00,113052,2026-09-20T03:10:10.0485012-07:00,6.063896,6.399513
2026-09-20T03:32:00.8653455-07:00,113052,2026-09-20T03:10:10.0485012-07:00,6.027721,6.399513
2026-09-20T03:32:02.8807968-07:00,113052,2026-09-20T03:10:10.0485012-07:00,6.063984,6.399513
2026-09-20T03:32:04.9101139-07:00,113052,2026-09-20T03:10:10.0485012-07:00,6.065971,6.399513
2026-09-20T03:32:06.9301153-07:00,113052,2026-09-20T03:10:10.0485012-07:00,5.971924,6.399513
2026-09-20T03:32:08.9498454-07:00,113052,2026-09-20T03:10:10.0485012-07:00,5.999451,6.399513
2026-09-20T03:32:10.9873147-07:00,113052,2026-09-20T03:10:10.0485012-07:00,6.062351,6.399513
2026-09-20T03:32:13.0176381-07:00,113052,2026-09-20T03:10:10.0485012-07:00,6.062435,6.399513
2026-09-20T03:32:15.0354252-07:00,113052,2026-09-20T03:10:10.0485012-07:00,6.062496,6.399513
2026-09-20T03:32:17.0600721-07:00,113052,2026-09-20T03:10:10.0485012-07:00,6.026245,6.399513
2026-09-20T03:32:19.0762887-07:00,113052,2026-09-20T03:10:10.0485012-07:00,6.062481,6.399513
2026-09-20T03:32:21.0914070-07:00,113052,2026-09-20T03:10:10.0485012-07:00,6.062489,6.399513
2026-09-20T03:32:23.1214960-07:00,113052,2026-09-20T03:10:10.0485012-07:00,6.062511,6.399513
2026-09-20T03:32:25.1381266-07:00,113052,2026-09-20T03:10:10.0485012-07:00,6.064461,6.399513
2026-09-20T03:32:27.1536444-07:00,113052,2026-09-20T03:10:10.0485012-07:00,6.108635,6.399513
2026-09-20T03:32:29.1754981-07:00,113052,2026-09-20T03:10:10.0485012-07:00,6.108662,6.399513
2026-09-20T03:32:31.1896765-07:00,113052,2026-09-20T03:10:10.0485012-07:00,6.139362,6.399513
2026-09-20T03:32:33.2256326-07:00,113052,2026-09-20T03:10:10.0485012-07:00,6.020805,6.399513
2026-09-20T03:32:35.2461685-07:00,113052,2026-09-20T03:10:10.0485012-07:00,6.272213,6.399513
2026-09-20T03:32:37.2694234-07:00,113052,2026-09-20T03:10:10.0485012-07:00,6.270267,6.399513
2026-09-20T03:32:39.2987104-07:00,113052,2026-09-20T03:10:10.0485012-07:00,6.220642,6.399513
2026-09-20T03:32:41.3441999-07:00,113052,2026-09-20T03:10:10.0485012-07:00,6.218746,6.399513
2026-09-20T03:32:43.3616621-07:00,113052,2026-09-20T03:10:10.0485012-07:00,6.224197,6.399513
2026-09-20T03:32:45.3776568-07:00,113052,2026-09-20T03:10:10.0485012-07:00,6.186852,6.399513
2026-09-20T03:32:47.4045777-07:00,113052,2026-09-20T03:10:10.0485012-07:00,6.176086,6.399513
2026-09-20T03:32:49.4247597-07:00,113052,2026-09-20T03:10:10.0485012-07:00,6.190823,6.399513
2026-09-20T03:32:51.4675154-07:00,113052,2026-09-20T03:10:10.0485012-07:00,5.969395,6.399513
2026-09-20T03:32:53.4918074-07:00,113052,2026-09-20T03:10:10.0485012-07:00,5.959114,6.399513
2026-09-20T03:32:55.5173213-07:00,113052,2026-09-20T03:10:10.0485012-07:00,6.062187,6.399513
2026-09-20T03:32:57.5549355-07:00,113052,2026-09-20T03:10:10.0485012-07:00,5.961197,6.399513
2026-09-20T03:32:59.5773853-07:00,113052,2026-09-20T03:10:10.0485012-07:00,6.015442,6.399513
2026-09-20T03:33:01.6037925-07:00,113052,2026-09-20T03:10:10.0485012-07:00,6.059864,6.399513
2026-09-20T03:33:03.6218066-07:00,113052,2026-09-20T03:10:10.0485012-07:00,6.144535,6.399513
2026-09-20T03:33:05.6457888-07:00,113052,2026-09-20T03:10:10.0485012-07:00,6.014309,6.399513
2026-09-20T03:33:07.6634721-07:00,113052,2026-09-20T03:10:10.0485012-07:00,6.190762,6.399513
2026-09-20T03:33:09.7091236-07:00,113052,2026-09-20T03:10:10.0485012-07:00,6.052559,6.399513
2026-09-20T03:33:11.7447323-07:00,113052,2026-09-20T03:10:10.0485012-07:00,6.052624,6.399513
2026-09-20T03:33:13.7672040-07:00,113052,2026-09-20T03:10:10.0485012-07:00,6.021873,6.399513
2026-09-20T03:33:15.7923044-07:00,113052,2026-09-20T03:10:10.0485012-07:00,6.054588,6.399513
2026-09-20T03:33:17.8208443-07:00,113052,2026-09-20T03:10:10.0485012-07:00,6.052654,6.399513
2026-09-20T03:33:19.8707786-07:00,113052,2026-09-20T03:10:10.0485012-07:00,5.992050,6.399513
2026-09-20T03:33:21.8916762-07:00,113052,2026-09-20T03:10:10.0485012-07:00,6.078144,6.399513
2026-09-20T03:33:23.9112501-07:00,113052,2026-09-20T03:10:10.0485012-07:00,6.214134,6.399513
2026-09-20T03:33:25.9397890-07:00,113052,2026-09-20T03:10:10.0485012-07:00,6.192959,6.399513
2026-09-20T03:33:27.9690736-07:00,113052,2026-09-20T03:10:10.0485012-07:00,6.195087,6.399513
2026-09-20T03:33:30.0157093-07:00,113052,2026-09-20T03:10:10.0485012-07:00,6.214409,6.399513
2026-09-20T03:33:32.0410681-07:00,113052,2026-09-20T03:10:10.0485012-07:00,6.173981,6.399513
2026-09-20T03:33:34.0704843-07:00,113052,2026-09-20T03:10:10.0485012-07:00,6.175632,6.399513
2026-09-20T03:33:36.0878946-07:00,113052,2026-09-20T03:10:10.0485012-07:00,6.195221,6.399513
2026-09-20T03:33:38.1284130-07:00,113052,2026-09-20T03:10:10.0485012-07:00,6.215424,6.399513
2026-09-20T03:33:40.1480301-07:00,113052,2026-09-20T03:10:10.0485012-07:00,6.213947,6.399513
2026-09-20T03:33:42.1723445-07:00,113052,2026-09-20T03:10:10.0485012-07:00,6.138275,6.399513
2026-09-20T03:33:44.1927385-07:00,113052,2026-09-20T03:10:10.0485012-07:00,6.178307,6.399513
2026-09-20T03:33:46.2095561-07:00,113052,2026-09-20T03:10:10.0485012-07:00,6.264946,6.399513
2026-09-20T03:33:48.2385731-07:00,113052,2026-09-20T03:10:10.0485012-07:00,5.915951,6.399513
2026-09-20T03:33:50.2727662-07:00,113052,2026-09-20T03:10:10.0485012-07:00,6.090038,6.399513
2026-09-20T03:33:52.2996720-07:00,113052,2026-09-20T03:10:10.0485012-07:00,6.043755,6.399513
2026-09-20T03:33:54.3225529-07:00,113052,2026-09-20T03:10:10.0485012-07:00,6.044289,6.399513
2026-09-20T03:33:56.3472344-07:00,113052,2026-09-20T03:10:10.0485012-07:00,6.091026,6.399513
2026-09-20T03:33:58.3738115-07:00,113052,2026-09-20T03:10:10.0485012-07:00,5.977303,6.399513
2026-09-20T03:34:00.3972603-07:00,113052,2026-09-20T03:10:10.0485012-07:00,6.047012,6.399513
2026-09-20T03:34:02.4244201-07:00,113052,2026-09-20T03:10:10.0485012-07:00,5.914616,6.399513
2026-09-20T03:34:04.4475459-07:00,113052,2026-09-20T03:10:10.0485012-07:00,5.916729,6.399513
2026-09-20T03:34:06.4649130-07:00,113052,2026-09-20T03:10:10.0485012-07:00,5.870712,6.399513
2026-09-20T03:34:08.5000862-07:00,113052,2026-09-20T03:10:10.0485012-07:00,5.997753,6.399513
2026-09-20T03:34:10.5162730-07:00,113052,2026-09-20T03:10:10.0485012-07:00,6.106220,6.399513
2026-09-20T03:34:12.5348866-07:00,113052,2026-09-20T03:10:10.0485012-07:00,6.109268,6.399513
2026-09-20T03:34:14.5528364-07:00,113052,2026-09-20T03:10:10.0485012-07:00,6.153492,6.399513
2026-09-20T03:34:16.5975608-07:00,113052,2026-09-20T03:10:10.0485012-07:00,5.993904,6.399513
2026-09-20T03:34:18.6248173-07:00,113052,2026-09-20T03:10:10.0485012-07:00,6.107433,6.399513
2026-09-20T03:34:20.6395577-07:00,113052,2026-09-20T03:10:10.0485012-07:00,6.109406,6.399513
2026-09-20T03:34:22.6562075-07:00,113052,2026-09-20T03:10:10.0485012-07:00,6.153545,6.399513
2026-09-20T03:34:24.6801519-07:00,113052,2026-09-20T03:10:10.0485012-07:00,5.985554,6.399513
2026-09-20T03:34:26.7042402-07:00,113052,2026-09-20T03:10:10.0485012-07:00,6.115341,6.399513
2026-09-20T03:34:28.7274987-07:00,113052,2026-09-20T03:10:10.0485012-07:00,6.066158,6.399513
2026-09-20T03:34:30.7474795-07:00,113052,2026-09-20T03:10:10.0485012-07:00,6.117069,6.399513
2026-09-20T03:34:32.7659865-07:00,113052,2026-09-20T03:10:10.0485012-07:00,6.135521,6.399513
2026-09-20T03:34:34.7995638-07:00,113052,2026-09-20T03:10:10.0485012-07:00,6.136005,6.399513
2026-09-20T03:34:36.8474007-07:00,113052,2026-09-20T03:10:10.0485012-07:00,6.136253,6.399513
2026-09-20T03:34:38.8765845-07:00,113052,2026-09-20T03:10:10.0485012-07:00,6.098141,6.399513
2026-09-20T03:34:40.8965399-07:00,113052,2026-09-20T03:10:10.0485012-07:00,6.090260,6.399513
2026-09-20T03:34:42.9278405-07:00,113052,2026-09-20T03:10:10.0485012-07:00,6.090366,6.399513
2026-09-20T03:34:44.9598063-07:00,113052,2026-09-20T03:10:10.0485012-07:00,6.059952,6.399513
2026-09-20T03:34:46.9896988-07:00,113052,2026-09-20T03:10:10.0485012-07:00,6.139114,6.399513
2026-09-20T03:34:49.0178554-07:00,113052,2026-09-20T03:10:10.0485012-07:00,6.055923,6.399513
2026-09-20T03:34:51.0437331-07:00,113052,2026-09-20T03:10:10.0485012-07:00,6.011055,6.399513
2026-09-20T03:34:53.0622914-07:00,113052,2026-09-20T03:10:10.0485012-07:00,5.984200,6.399513
2026-09-20T03:34:55.1030752-07:00,113052,2026-09-20T03:10:10.0485012-07:00,6.111416,6.399513
2026-09-20T03:34:57.1297989-07:00,113052,2026-09-20T03:10:10.0485012-07:00,6.155956,6.399513
2026-09-20T03:34:59.1699759-07:00,113052,2026-09-20T03:10:10.0485012-07:00,6.156181,6.399513
2026-09-20T03:35:01.1976403-07:00,113052,2026-09-20T03:10:10.0485012-07:00,6.156246,6.399513
2026-09-20T03:35:03.2231702-07:00,113052,2026-09-20T03:10:10.0485012-07:00,6.158222,6.399513
2026-09-20T03:35:05.2506176-07:00,113052,2026-09-20T03:10:10.0485012-07:00,6.156292,6.399513
2026-09-20T03:35:07.2807500-07:00,113052,2026-09-20T03:10:10.0485012-07:00,6.064178,6.399513
2026-09-20T03:35:09.2965330-07:00,113052,2026-09-20T03:10:10.0485012-07:00,6.064182,6.399513
2026-09-20T03:35:11.3176991-07:00,113052,2026-09-20T03:10:10.0485012-07:00,6.064194,6.399513
2026-09-20T03:35:13.3508845-07:00,113052,2026-09-20T03:10:10.0485012-07:00,6.157276,6.399513
2026-09-20T03:35:15.3860544-07:00,113052,2026-09-20T03:10:10.0485012-07:00,6.158833,6.399513
2026-09-20T03:35:17.4051608-07:00,113052,2026-09-20T03:10:10.0485012-07:00,6.156658,6.399513
2026-09-20T03:35:19.4331239-07:00,113052,2026-09-20T03:10:10.0485012-07:00,6.073997,6.399513
2026-09-20T03:35:21.4662339-07:00,113052,2026-09-20T03:10:10.0485012-07:00,6.080601,6.399513
2026-09-20T03:35:23.4945032-07:00,113052,2026-09-20T03:10:10.0485012-07:00,6.081352,6.399513
2026-09-20T03:35:25.5197244-07:00,113052,2026-09-20T03:10:10.0485012-07:00,6.081837,6.399513
2026-09-20T03:35:27.5496960-07:00,113052,2026-09-20T03:10:10.0485012-07:00,6.132229,6.399513
2026-09-20T03:35:29.5844654-07:00,113052,2026-09-20T03:10:10.0485012-07:00,6.176777,6.399513
2026-09-20T03:35:31.6076516-07:00,113052,2026-09-20T03:10:10.0485012-07:00,6.139786,6.399513
2026-09-20T03:35:33.6476400-07:00,113052,2026-09-20T03:10:10.0485012-07:00,6.174114,6.399513
2026-09-20T03:35:35.6723735-07:00,113052,2026-09-20T03:10:10.0485012-07:00,6.224140,6.399513
2026-09-20T03:35:37.6978461-07:00,113052,2026-09-20T03:10:10.0485012-07:00,6.266788,6.399513
2026-09-20T03:35:39.7126524-07:00,113052,2026-09-20T03:10:10.0485012-07:00,6.230679,6.399513
2026-09-20T03:35:41.7500171-07:00,113052,2026-09-20T03:10:10.0485012-07:00,5.836449,6.399513
2026-09-20T03:35:43.7779091-07:00,113052,2026-09-20T03:10:10.0485012-07:00,6.057667,6.399513
2026-09-20T03:35:45.8038915-07:00,113052,2026-09-20T03:10:10.0485012-07:00,6.099350,6.399513
2026-09-20T03:35:47.8250151-07:00,113052,2026-09-20T03:10:10.0485012-07:00,5.969669,6.399513
2026-09-20T03:35:49.8456777-07:00,113052,2026-09-20T03:10:10.0485012-07:00,6.008686,6.399513
2026-09-20T03:35:51.8776030-07:00,113052,2026-09-20T03:10:10.0485012-07:00,6.009022,6.399513
2026-09-20T03:35:53.8975475-07:00,113052,2026-09-20T03:10:10.0485012-07:00,6.055225,6.399513
2026-09-20T03:35:55.9184895-07:00,113052,2026-09-20T03:10:10.0485012-07:00,6.009338,6.399513
2026-09-20T03:35:57.9357133-07:00,113052,2026-09-20T03:10:10.0485012-07:00,5.996658,6.399513
2026-09-20T03:35:59.9576733-07:00,113052,2026-09-20T03:10:10.0485012-07:00,6.063732,6.399513
2026-09-20T03:36:01.9913980-07:00,113052,2026-09-20T03:10:10.0485012-07:00,6.035618,6.399513
2026-09-20T03:36:04.0076283-07:00,113052,2026-09-20T03:10:10.0485012-07:00,6.045834,6.399513
2026-09-20T03:36:06.0295248-07:00,113052,2026-09-20T03:10:10.0485012-07:00,6.008331,6.399513
2026-09-20T03:36:08.0477367-07:00,113052,2026-09-20T03:10:10.0485012-07:00,6.004082,6.399513
2026-09-20T03:36:10.0745348-07:00,113052,2026-09-20T03:10:10.0485012-07:00,6.093498,6.399513
2026-09-20T03:36:12.0989468-07:00,113052,2026-09-20T03:10:10.0485012-07:00,6.093933,6.399513
2026-09-20T03:36:14.1174432-07:00,113052,2026-09-20T03:10:10.0485012-07:00,6.048058,6.399513
2026-09-20T03:36:16.1351709-07:00,113052,2026-09-20T03:10:10.0485012-07:00,6.050053,6.399513
2026-09-20T03:36:18.1609700-07:00,113052,2026-09-20T03:10:10.0485012-07:00,6.094311,6.399513
2026-09-20T03:36:20.1877267-07:00,113052,2026-09-20T03:10:10.0485012-07:00,6.091679,6.399513
2026-09-20T03:36:22.2083856-07:00,113052,2026-09-20T03:10:10.0485012-07:00,6.031097,6.399513
2026-09-20T03:36:24.2240383-07:00,113052,2026-09-20T03:10:10.0485012-07:00,6.104832,6.399513
2026-09-20T03:36:26.2490295-07:00,113052,2026-09-20T03:10:10.0485012-07:00,6.079659,6.399513
2026-09-20T03:36:28.2777137-07:00,113052,2026-09-20T03:10:10.0485012-07:00,6.169910,6.399513
2026-09-20T03:36:30.3132449-07:00,113052,2026-09-20T03:10:10.0485012-07:00,6.125927,6.399513
2026-09-20T03:36:32.3355054-07:00,113052,2026-09-20T03:10:10.0485012-07:00,6.170139,6.399513
2026-09-20T03:36:34.3574772-07:00,113052,2026-09-20T03:10:10.0485012-07:00,6.078053,6.399513
2026-09-20T03:36:36.3776949-07:00,113052,2026-09-20T03:10:10.0485012-07:00,6.033947,6.399513
2026-09-20T03:36:38.4148832-07:00,113052,2026-09-20T03:10:10.0485012-07:00,6.082336,6.399513
2026-09-20T03:36:40.4352222-07:00,113052,2026-09-20T03:10:10.0485012-07:00,6.053429,6.399513
2026-09-20T03:36:42.4625327-07:00,113052,2026-09-20T03:10:10.0485012-07:00,6.132568,6.399513
2026-09-20T03:36:44.4858504-07:00,113052,2026-09-20T03:10:10.0485012-07:00,6.240105,6.399513
2026-09-20T03:36:46.5091939-07:00,113052,2026-09-20T03:10:10.0485012-07:00,6.002319,6.399513
2026-09-20T03:36:48.5512322-07:00,113052,2026-09-20T03:10:10.0485012-07:00,5.993923,6.399513
2026-09-20T03:36:50.5741875-07:00,113052,2026-09-20T03:10:10.0485012-07:00,5.994995,6.399513
2026-09-20T03:36:52.6002934-07:00,113052,2026-09-20T03:10:10.0485012-07:00,6.041817,6.399513
2026-09-20T03:36:54.6190543-07:00,113052,2026-09-20T03:10:10.0485012-07:00,6.088036,6.399513
2026-09-20T03:36:56.6526973-07:00,113052,2026-09-20T03:10:10.0485012-07:00,6.101460,6.399513
2026-09-20T03:36:58.6922046-07:00,113052,2026-09-20T03:10:10.0485012-07:00,5.995930,6.399513
2026-09-20T03:37:00.7188706-07:00,113052,2026-09-20T03:10:10.0485012-07:00,6.042004,6.399513
2026-09-20T03:37:02.7475445-07:00,113052,2026-09-20T03:10:10.0485012-07:00,6.041992,6.399513
2026-09-20T03:37:04.7704683-07:00,113052,2026-09-20T03:10:10.0485012-07:00,6.042046,6.399513
2026-09-20T03:37:06.8310659-07:00,113052,2026-09-20T03:10:10.0485012-07:00,6.062202,6.399513
2026-09-20T03:37:08.8592781-07:00,113052,2026-09-20T03:10:10.0485012-07:00,6.056709,6.399513
2026-09-20T03:37:10.8898210-07:00,113052,2026-09-20T03:10:10.0485012-07:00,6.098660,6.399513
2026-09-20T03:37:12.9235943-07:00,113052,2026-09-20T03:10:10.0485012-07:00,6.156265,6.399513
2026-09-20T03:37:14.9559177-07:00,113052,2026-09-20T03:10:10.0485012-07:00,6.050835,6.399513
2026-09-20T03:37:17.0026901-07:00,113052,2026-09-20T03:10:10.0485012-07:00,6.096958,6.399513
2026-09-20T03:37:19.0356174-07:00,113052,2026-09-20T03:10:10.0485012-07:00,6.112568,6.399513
2026-09-20T03:37:21.0662228-07:00,113052,2026-09-20T03:10:10.0485012-07:00,6.150959,6.399513
2026-09-20T03:37:23.0921075-07:00,113052,2026-09-20T03:10:10.0485012-07:00,6.050961,6.399513
2026-09-20T03:37:25.1311167-07:00,113052,2026-09-20T03:10:10.0485012-07:00,6.050953,6.399513
2026-09-20T03:37:27.1842372-07:00,113052,2026-09-20T03:10:10.0485012-07:00,6.097069,6.399513
2026-09-20T03:37:29.2090360-07:00,113052,2026-09-20T03:10:10.0485012-07:00,6.055481,6.399513
2026-09-20T03:37:31.2199791-07:00,113052,2026-09-20T03:10:10.0485012-07:00,6.146275,6.399513
2026-09-20T03:37:33.2532660-07:00,113052,2026-09-20T03:10:10.0485012-07:00,6.236732,6.399513
2026-09-20T03:37:35.2923524-07:00,113052,2026-09-20T03:10:10.0485012-07:00,6.135094,6.399513
2026-09-20T03:37:37.3078157-07:00,113052,2026-09-20T03:10:10.0485012-07:00,6.100735,6.399513
2026-09-20T03:37:39.3281099-07:00,113052,2026-09-20T03:10:10.0485012-07:00,6.191002,6.399513
2026-09-20T03:37:41.3428205-07:00,113052,2026-09-20T03:10:10.0485012-07:00,6.160259,6.399513
2026-09-20T03:37:43.3699926-07:00,113052,2026-09-20T03:10:10.0485012-07:00,6.054710,6.399513
2026-09-20T03:37:45.3874725-07:00,113052,2026-09-20T03:10:10.0485012-07:00,6.144909,6.399513
2026-09-20T03:37:47.4179355-07:00,113052,2026-09-20T03:10:10.0485012-07:00,6.146847,6.399513
2026-09-20T03:37:49.4403605-07:00,113052,2026-09-20T03:10:10.0485012-07:00,6.191032,6.399513
2026-09-20T03:37:51.4498960-07:00,113052,2026-09-20T03:10:10.0485012-07:00,6.134396,6.399513
2026-09-20T03:37:53.4734613-07:00,113052,2026-09-20T03:10:10.0485012-07:00,6.125687,6.399513
2026-09-20T03:37:55.5052035-07:00,113052,2026-09-20T03:10:10.0485012-07:00,6.124577,6.399513
2026-09-20T03:37:57.5307868-07:00,113052,2026-09-20T03:10:10.0485012-07:00,6.170925,6.399513
2026-09-20T03:37:59.5548965-07:00,113052,2026-09-20T03:10:10.0485012-07:00,6.170956,6.399513
2026-09-20T03:38:01.5781310-07:00,113052,2026-09-20T03:10:10.0485012-07:00,6.078827,6.399513
2026-09-20T03:38:03.6233113-07:00,113052,2026-09-20T03:10:10.0485012-07:00,6.124966,6.399513
2026-09-20T03:38:05.6422564-07:00,113052,2026-09-20T03:10:10.0485012-07:00,6.028458,6.399513
2026-09-20T03:38:07.6631765-07:00,113052,2026-09-20T03:10:10.0485012-07:00,6.030876,6.399513
2026-09-20T03:38:09.6858916-07:00,113052,2026-09-20T03:10:10.0485012-07:00,6.076305,6.399513
2026-09-20T03:38:11.7142937-07:00,113052,2026-09-20T03:10:10.0485012-07:00,5.984177,6.399513
2026-09-20T03:38:13.7577169-07:00,113052,2026-09-20T03:10:10.0485012-07:00,6.099930,6.399513
2026-09-20T03:38:15.7779207-07:00,113052,2026-09-20T03:10:10.0485012-07:00,6.249371,6.399513
2026-09-20T03:38:17.7938860-07:00,113052,2026-09-20T03:10:10.0485012-07:00,6.044296,6.399513
2026-09-20T03:38:19.8109524-07:00,113052,2026-09-20T03:10:10.0485012-07:00,6.134712,6.399513
2026-09-20T03:38:21.8358723-07:00,113052,2026-09-20T03:10:10.0485012-07:00,6.090790,6.399513
2026-09-20T03:38:23.8819844-07:00,113052,2026-09-20T03:10:10.0485012-07:00,6.181042,6.399513
2026-09-20T03:38:25.9063739-07:00,113052,2026-09-20T03:10:10.0485012-07:00,6.088909,6.399513
2026-09-20T03:38:27.9319343-07:00,113052,2026-09-20T03:10:10.0485012-07:00,6.058266,6.399513
2026-09-20T03:38:29.9583067-07:00,113052,2026-09-20T03:10:10.0485012-07:00,6.135147,6.399513
2026-09-20T03:38:31.9867166-07:00,113052,2026-09-20T03:10:10.0485012-07:00,6.137096,6.399513
2026-09-20T03:38:34.0221806-07:00,113052,2026-09-20T03:10:10.0485012-07:00,6.227364,6.399513
2026-09-20T03:38:36.0533247-07:00,113052,2026-09-20T03:10:10.0485012-07:00,6.133373,6.399513
2026-09-20T03:38:38.0762366-07:00,113052,2026-09-20T03:10:10.0485012-07:00,6.179508,6.399513
2026-09-20T03:38:40.1093717-07:00,113052,2026-09-20T03:10:10.0485012-07:00,6.192905,6.399513
2026-09-20T03:38:42.1464051-07:00,113052,2026-09-20T03:10:10.0485012-07:00,6.226295,6.399513
2026-09-20T03:38:44.1729091-07:00,113052,2026-09-20T03:10:10.0485012-07:00,6.134155,6.399513
2026-09-20T03:38:46.2048904-07:00,113052,2026-09-20T03:10:10.0485012-07:00,6.137955,6.399513
2026-09-20T03:38:48.2278919-07:00,113052,2026-09-20T03:10:10.0485012-07:00,6.138828,6.399513
2026-09-20T03:38:50.2594751-07:00,113052,2026-09-20T03:10:10.0485012-07:00,6.204758,6.399513
2026-09-20T03:38:52.2980352-07:00,113052,2026-09-20T03:10:10.0485012-07:00,6.012135,6.399513
2026-09-20T03:38:54.3213560-07:00,113052,2026-09-20T03:10:10.0485012-07:00,6.044025,6.399513
2026-09-20T03:38:56.3502944-07:00,113052,2026-09-20T03:10:10.0485012-07:00,5.802841,6.399513
2026-09-20T03:38:58.3638032-07:00,113052,2026-09-20T03:10:10.0485012-07:00,5.990074,6.399513
2026-09-20T03:39:00.3880043-07:00,113052,2026-09-20T03:10:10.0485012-07:00,6.097599,6.399513
2026-09-20T03:39:02.4178270-07:00,113052,2026-09-20T03:10:10.0485012-07:00,6.009026,6.399513
2026-09-20T03:39:04.4328590-07:00,113052,2026-09-20T03:10:10.0485012-07:00,6.051254,6.399513
2026-09-20T03:39:06.4539068-07:00,113052,2026-09-20T03:10:10.0485012-07:00,6.097317,6.399513
2026-09-20T03:39:08.4678477-07:00,113052,2026-09-20T03:10:10.0485012-07:00,6.101608,6.399513
2026-09-20T03:39:10.4981952-07:00,113052,2026-09-20T03:10:10.0485012-07:00,6.005211,6.399513
2026-09-20T03:39:12.5250963-07:00,113052,2026-09-20T03:10:10.0485012-07:00,6.005211,6.399513
2026-09-20T03:39:14.5421497-07:00,113052,2026-09-20T03:10:10.0485012-07:00,6.051292,6.399513
2026-09-20T03:39:16.5778019-07:00,113052,2026-09-20T03:10:10.0485012-07:00,6.051273,6.399513
2026-09-20T03:39:18.6081469-07:00,113052,2026-09-20T03:10:10.0485012-07:00,6.051315,6.399513
2026-09-20T03:39:20.6567863-07:00,113052,2026-09-20T03:10:10.0485012-07:00,6.010220,6.399513
2026-09-20T03:39:22.6791749-07:00,113052,2026-09-20T03:10:10.0485012-07:00,6.032936,6.399513
2026-09-20T03:39:24.7028944-07:00,113052,2026-09-20T03:10:10.0485012-07:00,6.145115,6.399513
2026-09-20T03:39:26.7279058-07:00,113052,2026-09-20T03:10:10.0485012-07:00,6.103485,6.399513
2026-09-20T03:39:28.7460665-07:00,113052,2026-09-20T03:10:10.0485012-07:00,6.109779,6.399513
2026-09-20T03:39:30.7834386-07:00,113052,2026-09-20T03:10:10.0485012-07:00,6.106285,6.399513
2026-09-20T03:39:32.8080764-07:00,113052,2026-09-20T03:10:10.0485012-07:00,6.099308,6.399513
2026-09-20T03:39:34.8404599-07:00,113052,2026-09-20T03:10:10.0485012-07:00,6.114235,6.399513
2026-09-20T03:39:36.8612347-07:00,113052,2026-09-20T03:10:10.0485012-07:00,6.099308,6.399513
2026-09-20T03:39:38.8979414-07:00,113052,2026-09-20T03:10:10.0485012-07:00,6.072483,6.399513
2026-09-20T03:39:40.9114131-07:00,113052,2026-09-20T03:10:10.0485012-07:00,6.099308,6.399513
2026-09-20T03:39:42.9429180-07:00,113052,2026-09-20T03:10:10.0485012-07:00,6.145386,6.399513
2026-09-20T03:39:44.9681592-07:00,113052,2026-09-20T03:10:10.0485012-07:00,6.099396,6.399513
2026-09-20T03:39:46.9838243-07:00,113052,2026-09-20T03:10:10.0485012-07:00,6.143131,6.399513
2026-09-20T03:39:49.0191735-07:00,113052,2026-09-20T03:10:10.0485012-07:00,6.250072,6.399513
2026-09-20T03:39:51.0396765-07:00,113052,2026-09-20T03:10:10.0485012-07:00,5.937923,6.399513
2026-09-20T03:39:53.0656141-07:00,113052,2026-09-20T03:10:10.0485012-07:00,5.960529,6.399513
2026-09-20T03:39:55.0815003-07:00,113052,2026-09-20T03:10:10.0485012-07:00,5.989819,6.399513
2026-09-20T03:39:57.1108511-07:00,113052,2026-09-20T03:10:10.0485012-07:00,5.992092,6.399513
2026-09-20T03:39:59.1458088-07:00,113052,2026-09-20T03:10:10.0485012-07:00,6.082512,6.399513
2026-09-20T03:40:01.1686714-07:00,113052,2026-09-20T03:10:10.0485012-07:00,6.082649,6.399513
2026-09-20T03:40:03.1851614-07:00,113052,2026-09-20T03:10:10.0485012-07:00,6.096062,6.399513
2026-09-20T03:40:05.2157114-07:00,113052,2026-09-20T03:10:10.0485012-07:00,5.990543,6.399513
2026-09-20T03:40:07.2554679-07:00,113052,2026-09-20T03:10:10.0485012-07:00,6.036613,6.399513
2026-09-20T03:40:09.2858666-07:00,113052,2026-09-20T03:10:10.0485012-07:00,6.082741,6.399513
2026-09-20T03:40:11.3189734-07:00,113052,2026-09-20T03:10:10.0485012-07:00,5.963017,6.399513
2026-09-20T03:40:13.3478101-07:00,113052,2026-09-20T03:10:10.0485012-07:00,6.055676,6.399513
2026-09-20T03:40:15.3766303-07:00,113052,2026-09-20T03:10:10.0485012-07:00,6.053642,6.399513
2026-09-20T03:40:17.4242530-07:00,113052,2026-09-20T03:10:10.0485012-07:00,6.101536,6.399513
2026-09-20T03:40:19.4464193-07:00,113052,2026-09-20T03:10:10.0485012-07:00,6.144089,6.399513
2026-09-20T03:40:21.4717518-07:00,113052,2026-09-20T03:10:10.0485012-07:00,6.144096,6.399513
2026-09-20T03:40:23.4881074-07:00,113052,2026-09-20T03:10:10.0485012-07:00,6.051926,6.399513
2026-09-20T03:40:25.5178587-07:00,113052,2026-09-20T03:10:10.0485012-07:00,6.065311,6.399513
2026-09-20T03:40:27.5432009-07:00,113052,2026-09-20T03:10:10.0485012-07:00,6.098007,6.399513
2026-09-20T03:40:29.5622126-07:00,113052,2026-09-20T03:10:10.0485012-07:00,6.144093,6.399513
2026-09-20T03:40:31.5828638-07:00,113052,2026-09-20T03:10:10.0485012-07:00,6.148067,6.399513
2026-09-20T03:40:33.6011967-07:00,113052,2026-09-20T03:10:10.0485012-07:00,6.028873,6.399513
2026-09-20T03:40:35.6479232-07:00,113052,2026-09-20T03:10:10.0485012-07:00,6.087013,6.399513
2026-09-20T03:40:37.6760657-07:00,113052,2026-09-20T03:10:10.0485012-07:00,6.204182,6.399513
2026-09-20T03:40:39.7069149-07:00,113052,2026-09-20T03:10:10.0485012-07:00,6.206791,6.399513
2026-09-20T03:40:41.7322579-07:00,113052,2026-09-20T03:10:10.0485012-07:00,6.079411,6.399513
2026-09-20T03:40:43.7576270-07:00,113052,2026-09-20T03:10:10.0485012-07:00,6.114723,6.399513
2026-09-20T03:40:45.7976696-07:00,113052,2026-09-20T03:10:10.0485012-07:00,6.160831,6.399513
2026-09-20T03:40:47.8178961-07:00,113052,2026-09-20T03:10:10.0485012-07:00,5.994183,6.399513
2026-09-20T03:40:49.8293654-07:00,113052,2026-09-20T03:10:10.0485012-07:00,6.010307,6.399513
2026-09-20T03:40:51.8604438-07:00,113052,2026-09-20T03:10:10.0485012-07:00,5.971817,6.399513
2026-09-20T03:40:53.8878428-07:00,113052,2026-09-20T03:10:10.0485012-07:00,6.058540,6.399513
2026-09-20T03:40:55.9280513-07:00,113052,2026-09-20T03:10:10.0485012-07:00,6.104755,6.399513
2026-09-20T03:40:57.9576299-07:00,113052,2026-09-20T03:10:10.0485012-07:00,6.033592,6.399513
2026-09-20T03:40:59.9923591-07:00,113052,2026-09-20T03:10:10.0485012-07:00,6.092270,6.399513
2026-09-20T03:41:02.0224354-07:00,113052,2026-09-20T03:10:10.0485012-07:00,6.157864,6.399513
2026-09-20T03:41:04.0580271-07:00,113052,2026-09-20T03:10:10.0485012-07:00,6.065830,6.399513
2026-09-20T03:41:06.0829450-07:00,113052,2026-09-20T03:10:10.0485012-07:00,6.065907,6.399513
2026-09-20T03:41:08.1054845-07:00,113052,2026-09-20T03:10:10.0485012-07:00,6.111992,6.399513
2026-09-20T03:41:10.1341388-07:00,113052,2026-09-20T03:10:10.0485012-07:00,6.120152,6.399513
2026-09-20T03:41:12.1582697-07:00,113052,2026-09-20T03:10:10.0485012-07:00,6.158089,6.399513
2026-09-20T03:41:14.2017966-07:00,113052,2026-09-20T03:10:10.0485012-07:00,6.027679,6.399513
2026-09-20T03:41:16.2299069-07:00,113052,2026-09-20T03:10:10.0485012-07:00,6.065914,6.399513
2026-09-20T03:41:18.2602896-07:00,113052,2026-09-20T03:10:10.0485012-07:00,6.111996,6.399513
2026-09-20T03:41:20.2843976-07:00,113052,2026-09-20T03:10:10.0485012-07:00,6.020866,6.399513
2026-09-20T03:41:22.3112465-07:00,113052,2026-09-20T03:10:10.0485012-07:00,6.039913,6.399513
2026-09-20T03:41:24.3549268-07:00,113052,2026-09-20T03:10:10.0485012-07:00,6.162594,6.399513
2026-09-20T03:41:26.3765770-07:00,113052,2026-09-20T03:10:10.0485012-07:00,6.077694,6.399513
2026-09-20T03:41:28.4116054-07:00,113052,2026-09-20T03:10:10.0485012-07:00,6.112961,6.399513
2026-09-20T03:41:30.4376523-07:00,113052,2026-09-20T03:10:10.0485012-07:00,6.126347,6.399513
2026-09-20T03:41:32.4762438-07:00,113052,2026-09-20T03:10:10.0485012-07:00,6.159061,6.399513
2026-09-20T03:41:34.5013831-07:00,113052,2026-09-20T03:10:10.0485012-07:00,6.205177,6.399513
2026-09-20T03:41:36.5347736-07:00,113052,2026-09-20T03:10:10.0485012-07:00,6.205177,6.399513
2026-09-20T03:41:38.5592228-07:00,113052,2026-09-20T03:10:10.0485012-07:00,6.205189,6.399513
2026-09-20T03:41:40.5784231-07:00,113052,2026-09-20T03:10:10.0485012-07:00,6.112991,6.399513
2026-09-20T03:41:42.6254386-07:00,113052,2026-09-20T03:10:10.0485012-07:00,6.120827,6.399513
2026-09-20T03:41:44.6622395-07:00,113052,2026-09-20T03:10:10.0485012-07:00,6.159100,6.399513
2026-09-20T03:41:46.6908740-07:00,113052,2026-09-20T03:10:10.0485012-07:00,6.194923,6.399513
2026-09-20T03:41:48.7155169-07:00,113052,2026-09-20T03:10:10.0485012-07:00,6.145748,6.399513
2026-09-20T03:41:50.7500329-07:00,113052,2026-09-20T03:10:10.0485012-07:00,6.307156,6.399513
2026-09-20T03:41:52.7796281-07:00,113052,2026-09-20T03:10:10.0485012-07:00,6.072643,6.399513
2026-09-20T03:41:54.7905524-07:00,113052,2026-09-20T03:10:10.0485012-07:00,5.985588,6.399513
2026-09-20T03:41:56.8194572-07:00,113052,2026-09-20T03:10:10.0485012-07:00,6.034374,6.399513
2026-09-20T03:41:58.8501035-07:00,113052,2026-09-20T03:10:10.0485012-07:00,6.084873,6.399513
2026-09-20T03:42:00.8727473-07:00,113052,2026-09-20T03:10:10.0485012-07:00,5.986713,6.399513
2026-09-20T03:42:02.8940696-07:00,113052,2026-09-20T03:10:10.0485012-07:00,5.986721,6.399513
2026-09-20T03:42:04.9125046-07:00,113052,2026-09-20T03:10:10.0485012-07:00,6.032837,6.399513
2026-09-20T03:42:06.9284933-07:00,113052,2026-09-20T03:10:10.0485012-07:00,6.040409,6.399513
2026-09-20T03:42:08.9448699-07:00,113052,2026-09-20T03:10:10.0485012-07:00,6.078926,6.399513
2026-09-20T03:42:10.9897857-07:00,113052,2026-09-20T03:10:10.0485012-07:00,5.949471,6.399513
2026-09-20T03:42:13.0153478-07:00,113052,2026-09-20T03:10:10.0485012-07:00,6.094963,6.399513
2026-09-20T03:42:15.0402018-07:00,113052,2026-09-20T03:10:10.0485012-07:00,6.141251,6.399513
2026-09-20T03:42:17.0605969-07:00,113052,2026-09-20T03:10:10.0485012-07:00,6.141319,6.399513
2026-09-20T03:42:19.0820821-07:00,113052,2026-09-20T03:10:10.0485012-07:00,6.141365,6.399513
2026-09-20T03:42:21.1146588-07:00,113052,2026-09-20T03:10:10.0485012-07:00,6.049221,6.399513
2026-09-20T03:42:23.1410932-07:00,113052,2026-09-20T03:10:10.0485012-07:00,6.049286,6.399513
2026-09-20T03:42:25.1660571-07:00,113052,2026-09-20T03:10:10.0485012-07:00,6.049282,6.399513
2026-09-20T03:42:27.1876499-07:00,113052,2026-09-20T03:10:10.0485012-07:00,6.095383,6.399513
2026-09-20T03:42:29.2039588-07:00,113052,2026-09-20T03:10:10.0485012-07:00,6.095390,6.399513
2026-09-20T03:42:31.2326920-07:00,113052,2026-09-20T03:10:10.0485012-07:00,6.141468,6.399513
2026-09-20T03:42:33.2646636-07:00,113052,2026-09-20T03:10:10.0485012-07:00,6.010815,6.399513
2026-09-20T03:42:35.2813857-07:00,113052,2026-09-20T03:10:10.0485012-07:00,6.146389,6.399513
2026-09-20T03:42:37.3098190-07:00,113052,2026-09-20T03:10:10.0485012-07:00,6.190472,6.399513
2026-09-20T03:42:39.3380006-07:00,113052,2026-09-20T03:10:10.0485012-07:00,6.060646,6.399513
2026-09-20T03:42:41.3531574-07:00,113052,2026-09-20T03:10:10.0485012-07:00,6.099327,6.399513
2026-09-20T03:42:43.3679400-07:00,113052,2026-09-20T03:10:10.0485012-07:00,6.143528,6.399513
2026-09-20T03:42:45.3890797-07:00,113052,2026-09-20T03:10:10.0485012-07:00,6.145561,6.399513
2026-09-20T03:42:47.4239393-07:00,113052,2026-09-20T03:10:10.0485012-07:00,6.235790,6.399513
2026-09-20T03:42:49.4833490-07:00,113052,2026-09-20T03:10:10.0485012-07:00,6.097504,6.399513
2026-09-20T03:42:51.5083222-07:00,113052,2026-09-20T03:10:10.0485012-07:00,6.235802,6.399513
2026-09-20T03:42:53.5309033-07:00,113052,2026-09-20T03:10:10.0485012-07:00,6.236893,6.399513
2026-09-20T03:42:55.5505789-07:00,113052,2026-09-20T03:10:10.0485012-07:00,5.956379,6.399513
2026-09-20T03:42:57.5800098-07:00,113052,2026-09-20T03:10:10.0485012-07:00,6.009930,6.399513
2026-09-20T03:42:59.6154737-07:00,113052,2026-09-20T03:10:10.0485012-07:00,6.094315,6.399513
2026-09-20T03:43:01.6380090-07:00,113052,2026-09-20T03:10:10.0485012-07:00,6.102585,6.399513
2026-09-20T03:43:03.6680059-07:00,113052,2026-09-20T03:10:10.0485012-07:00,6.008797,6.399513
2026-09-20T03:43:05.6877303-07:00,113052,2026-09-20T03:10:10.0485012-07:00,6.010426,6.399513
2026-09-20T03:43:07.7211414-07:00,113052,2026-09-20T03:10:10.0485012-07:00,6.013653,6.399513
2026-09-20T03:43:09.7553185-07:00,113052,2026-09-20T03:10:10.0485012-07:00,6.055580,6.399513
2026-09-20T03:43:11.7798287-07:00,113052,2026-09-20T03:10:10.0485012-07:00,6.055580,6.399513
2026-09-20T03:43:13.7976250-07:00,113052,2026-09-20T03:10:10.0485012-07:00,6.066177,6.399513
2026-09-20T03:43:15.8222453-07:00,113052,2026-09-20T03:10:10.0485012-07:00,6.101730,6.399513
2026-09-20T03:43:17.8454070-07:00,113052,2026-09-20T03:10:10.0485012-07:00,5.967396,6.399513
2026-09-20T03:43:19.8654507-07:00,113052,2026-09-20T03:10:10.0485012-07:00,6.101688,6.399513
2026-09-20T03:43:21.8865172-07:00,113052,2026-09-20T03:10:10.0485012-07:00,5.976685,6.399513
2026-09-20T03:43:23.9083667-07:00,113052,2026-09-20T03:10:10.0485012-07:00,6.076488,6.399513
2026-09-20T03:43:25.9392493-07:00,113052,2026-09-20T03:10:10.0485012-07:00,6.076859,6.399513
2026-09-20T03:43:27.9650068-07:00,113052,2026-09-20T03:10:10.0485012-07:00,6.090332,6.399513
2026-09-20T03:43:29.9898433-07:00,113052,2026-09-20T03:10:10.0485012-07:00,6.123043,6.399513
2026-09-20T03:43:32.0083244-07:00,113052,2026-09-20T03:10:10.0485012-07:00,6.169193,6.399513
2026-09-20T03:43:34.0275917-07:00,113052,2026-09-20T03:10:10.0485012-07:00,6.169201,6.399513
2026-09-20T03:43:36.0662902-07:00,113052,2026-09-20T03:10:10.0485012-07:00,6.040920,6.399513
2026-09-20T03:43:38.1058175-07:00,113052,2026-09-20T03:10:10.0485012-07:00,6.076996,6.399513
2026-09-20T03:43:40.1233570-07:00,113052,2026-09-20T03:10:10.0485012-07:00,6.088047,6.399513
2026-09-20T03:43:42.1414797-07:00,113052,2026-09-20T03:10:10.0485012-07:00,6.123089,6.399513
2026-09-20T03:43:44.1664358-07:00,113052,2026-09-20T03:10:10.0485012-07:00,6.047577,6.399513
2026-09-20T03:43:46.2234471-07:00,113052,2026-09-20T03:10:10.0485012-07:00,6.248726,6.399513
2026-09-20T03:43:48.2490099-07:00,113052,2026-09-20T03:10:10.0485012-07:00,6.207043,6.399513
2026-09-20T03:43:50.2824227-07:00,113052,2026-09-20T03:10:10.0485012-07:00,6.253029,6.399513
2026-09-20T03:43:52.3180475-07:00,113052,2026-09-20T03:10:10.0485012-07:00,6.130444,6.399513
2026-09-20T03:43:54.3380565-07:00,113052,2026-09-20T03:10:10.0485012-07:00,6.251957,6.399513
2026-09-20T03:43:56.3743919-07:00,113052,2026-09-20T03:10:10.0485012-07:00,5.975651,6.399513
2026-09-20T03:43:58.4057093-07:00,113052,2026-09-20T03:10:10.0485012-07:00,5.977207,6.399513
2026-09-20T03:44:00.4392991-07:00,113052,2026-09-20T03:10:10.0485012-07:00,5.977623,6.399513
2026-09-20T03:44:02.4554511-07:00,113052,2026-09-20T03:10:10.0485012-07:00,6.023869,6.399513
2026-09-20T03:44:04.4830214-07:00,113052,2026-09-20T03:10:10.0485012-07:00,6.024010,6.399513
2026-09-20T03:44:06.5206500-07:00,113052,2026-09-20T03:10:10.0485012-07:00,6.125389,6.399513
2026-09-20T03:44:08.5498638-07:00,113052,2026-09-20T03:10:10.0485012-07:00,6.022320,6.399513
2026-09-20T03:44:10.5680442-07:00,113052,2026-09-20T03:10:10.0485012-07:00,6.022434,6.399513
2026-09-20T03:44:12.5948436-07:00,113052,2026-09-20T03:10:10.0485012-07:00,6.022503,6.399513
2026-09-20T03:44:14.6280019-07:00,113052,2026-09-20T03:10:10.0485012-07:00,6.022511,6.399513
2026-09-20T03:44:16.6578233-07:00,113052,2026-09-20T03:10:10.0485012-07:00,6.068623,6.399513
2026-09-20T03:44:18.6701724-07:00,113052,2026-09-20T03:10:10.0485012-07:00,6.114727,6.399513
2026-09-20T03:44:20.6919452-07:00,113052,2026-09-20T03:10:10.0485012-07:00,6.038883,6.399513
2026-09-20T03:44:22.7284560-07:00,113052,2026-09-20T03:10:10.0485012-07:00,6.039860,6.399513
2026-09-20T03:44:24.7667059-07:00,113052,2026-09-20T03:10:10.0485012-07:00,6.040024,6.399513
2026-09-20T03:44:26.8048387-07:00,113052,2026-09-20T03:10:10.0485012-07:00,5.947899,6.399513
2026-09-20T03:44:28.8451165-07:00,113052,2026-09-20T03:10:10.0485012-07:00,5.954929,6.399513
2026-09-20T03:44:30.8697593-07:00,113052,2026-09-20T03:10:10.0485012-07:00,5.976559,6.399513
2026-09-20T03:44:32.8920403-07:00,113052,2026-09-20T03:10:10.0485012-07:00,6.074211,6.399513
2026-09-20T03:44:34.9320678-07:00,113052,2026-09-20T03:10:10.0485012-07:00,6.117176,6.399513
2026-09-20T03:44:36.9601678-07:00,113052,2026-09-20T03:10:10.0485012-07:00,6.117302,6.399513
2026-09-20T03:44:38.9830786-07:00,113052,2026-09-20T03:10:10.0485012-07:00,6.069576,6.399513
2026-09-20T03:44:41.0132956-07:00,113052,2026-09-20T03:10:10.0485012-07:00,6.069626,6.399513
2026-09-20T03:44:43.0536805-07:00,113052,2026-09-20T03:10:10.0485012-07:00,6.069683,6.399513
2026-09-20T03:44:45.0676799-07:00,113052,2026-09-20T03:10:10.0485012-07:00,6.115799,6.399513
2026-09-20T03:44:47.0939693-07:00,113052,2026-09-20T03:10:10.0485012-07:00,6.115845,6.399513
2026-09-20T03:44:49.1215305-07:00,113052,2026-09-20T03:10:10.0485012-07:00,6.161900,6.399513
2026-09-20T03:44:51.1415253-07:00,113052,2026-09-20T03:10:10.0485012-07:00,6.176895,6.399513
2026-09-20T03:44:53.1697256-07:00,113052,2026-09-20T03:10:10.0485012-07:00,6.077385,6.399513
2026-09-20T03:44:55.2097634-07:00,113052,2026-09-20T03:10:10.0485012-07:00,6.148380,6.399513
2026-09-20T03:44:57.2379221-07:00,113052,2026-09-20T03:10:10.0485012-07:00,6.244972,6.399513
2026-09-20T03:44:59.2621902-07:00,113052,2026-09-20T03:10:10.0485012-07:00,6.014061,6.399513
2026-09-20T03:45:01.2880961-07:00,113052,2026-09-20T03:10:10.0485012-07:00,6.018661,6.399513
2026-09-20T03:45:03.3253073-07:00,113052,2026-09-20T03:10:10.0485012-07:00,6.060551,6.399513
2026-09-20T03:45:05.3485580-07:00,113052,2026-09-20T03:10:10.0485012-07:00,6.060570,6.399513
2026-09-20T03:45:07.3678447-07:00,113052,2026-09-20T03:10:10.0485012-07:00,6.060570,6.399513
2026-09-20T03:45:09.4024427-07:00,113052,2026-09-20T03:10:10.0485012-07:00,6.106693,6.399513
2026-09-20T03:45:11.4413198-07:00,113052,2026-09-20T03:10:10.0485012-07:00,6.106689,6.399513
2026-09-20T03:45:13.4576678-07:00,113052,2026-09-20T03:10:10.0485012-07:00,6.106655,6.399513
2026-09-20T03:45:15.4867705-07:00,113052,2026-09-20T03:10:10.0485012-07:00,6.106667,6.399513
2026-09-20T03:45:17.5044071-07:00,113052,2026-09-20T03:10:10.0485012-07:00,5.968632,6.399513
2026-09-20T03:45:19.5186373-07:00,113052,2026-09-20T03:10:10.0485012-07:00,6.108753,6.399513
2026-09-20T03:45:21.5579382-07:00,113052,2026-09-20T03:10:10.0485012-07:00,6.155087,6.399513
2026-09-20T03:45:23.5802912-07:00,113052,2026-09-20T03:10:10.0485012-07:00,6.059380,6.399513
2026-09-20T03:45:25.5980933-07:00,113052,2026-09-20T03:10:10.0485012-07:00,6.105484,6.399513
2026-09-20T03:45:27.6179842-07:00,113052,2026-09-20T03:10:10.0485012-07:00,6.118885,6.399513
2026-09-20T03:45:29.6420590-07:00,113052,2026-09-20T03:10:10.0485012-07:00,6.151611,6.399513
2026-09-20T03:45:31.6726290-07:00,113052,2026-09-20T03:10:10.0485012-07:00,6.151615,6.399513
2026-09-20T03:45:33.6989292-07:00,113052,2026-09-20T03:10:10.0485012-07:00,6.032654,6.399513
2026-09-20T03:45:35.7235401-07:00,113052,2026-09-20T03:10:10.0485012-07:00,6.059410,6.399513
2026-09-20T03:45:37.7444739-07:00,113052,2026-09-20T03:10:10.0485012-07:00,6.105499,6.399513
2026-09-20T03:45:39.7884524-07:00,113052,2026-09-20T03:10:10.0485012-07:00,6.105507,6.399513
2026-09-20T03:45:41.8157277-07:00,113052,2026-09-20T03:10:10.0485012-07:00,6.133476,6.399513
2026-09-20T03:45:43.8566092-07:00,113052,2026-09-20T03:10:10.0485012-07:00,6.160175,6.399513
2026-09-20T03:45:45.8778362-07:00,113052,2026-09-20T03:10:10.0485012-07:00,6.167816,6.399513
2026-09-20T03:45:47.9035956-07:00,113052,2026-09-20T03:10:10.0485012-07:00,6.181015,6.399513
2026-09-20T03:45:49.9384216-07:00,113052,2026-09-20T03:10:10.0485012-07:00,6.215164,6.399513
2026-09-20T03:45:51.9534645-07:00,113052,2026-09-20T03:10:10.0485012-07:00,6.124355,6.399513
2026-09-20T03:45:53.9757099-07:00,113052,2026-09-20T03:10:10.0485012-07:00,6.136402,6.399513
2026-09-20T03:45:55.9934669-07:00,113052,2026-09-20T03:10:10.0485012-07:00,6.160206,6.399513
2026-09-20T03:45:58.0282559-07:00,113052,2026-09-20T03:10:10.0485012-07:00,6.179909,6.399513
2026-09-20T03:46:00.0791370-07:00,113052,2026-09-20T03:10:10.0485012-07:00,6.119942,6.399513
2026-09-20T03:46:02.1031302-07:00,113052,2026-09-20T03:10:10.0485012-07:00,5.983143,6.399513
2026-09-20T03:46:04.1244298-07:00,113052,2026-09-20T03:10:10.0485012-07:00,6.029766,6.399513
2026-09-20T03:46:06.1478599-07:00,113052,2026-09-20T03:10:10.0485012-07:00,6.052269,6.399513
2026-09-20T03:46:08.1721855-07:00,113052,2026-09-20T03:10:10.0485012-07:00,6.080475,6.399513
2026-09-20T03:46:10.2013961-07:00,113052,2026-09-20T03:10:10.0485012-07:00,6.100822,6.399513
2026-09-20T03:46:12.2177581-07:00,113052,2026-09-20T03:10:10.0485012-07:00,6.105278,6.399513
2026-09-20T03:46:14.2345126-07:00,113052,2026-09-20T03:10:10.0485012-07:00,6.105274,6.399513
2026-09-20T03:46:16.2481640-07:00,113052,2026-09-20T03:10:10.0485012-07:00,6.147171,6.399513
2026-09-20T03:46:18.2919758-07:00,113052,2026-09-20T03:10:10.0485012-07:00,6.147171,6.399513
2026-09-20T03:46:20.3080434-07:00,113052,2026-09-20T03:10:10.0485012-07:00,6.160580,6.399513
2026-09-20T03:46:22.3279305-07:00,113052,2026-09-20T03:10:10.0485012-07:00,6.054970,6.399513
2026-09-20T03:46:24.3453022-07:00,113052,2026-09-20T03:10:10.0485012-07:00,6.101082,6.399513
2026-09-20T03:46:26.3747831-07:00,113052,2026-09-20T03:10:10.0485012-07:00,6.101078,6.399513
2026-09-20T03:46:28.4208377-07:00,113052,2026-09-20T03:10:10.0485012-07:00,6.114471,6.399513
2026-09-20T03:46:30.4340332-07:00,113052,2026-09-20T03:10:10.0485012-07:00,6.009899,6.399513
2026-09-20T03:46:32.4516588-07:00,113052,2026-09-20T03:10:10.0485012-07:00,6.045506,6.399513
2026-09-20T03:46:34.4697872-07:00,113052,2026-09-20T03:10:10.0485012-07:00,6.172478,6.399513
2026-09-20T03:46:36.4910105-07:00,113052,2026-09-20T03:10:10.0485012-07:00,6.172169,6.399513
2026-09-20T03:46:38.5083544-07:00,113052,2026-09-20T03:10:10.0485012-07:00,6.173557,6.399513
2026-09-20T03:46:40.5261972-07:00,113052,2026-09-20T03:10:10.0485012-07:00,6.174488,6.399513
2026-09-20T03:46:42.5512436-07:00,113052,2026-09-20T03:10:10.0485012-07:00,6.221584,6.399513
2026-09-20T03:46:44.5715997-07:00,113052,2026-09-20T03:10:10.0485012-07:00,6.139122,6.399513
2026-09-20T03:46:46.6257671-07:00,113052,2026-09-20T03:10:10.0485012-07:00,6.123772,6.399513
2026-09-20T03:46:48.6541256-07:00,113052,2026-09-20T03:10:10.0485012-07:00,6.136200,6.399513
2026-09-20T03:46:50.6683242-07:00,113052,2026-09-20T03:10:10.0485012-07:00,6.174652,6.399513
2026-09-20T03:46:52.6804424-07:00,113052,2026-09-20T03:10:10.0485012-07:00,6.220757,6.399513
2026-09-20T03:46:54.7185090-07:00,113052,2026-09-20T03:10:10.0485012-07:00,6.100311,6.399513
2026-09-20T03:46:56.7729375-07:00,113052,2026-09-20T03:10:10.0485012-07:00,5.922211,6.399513
2026-09-20T03:46:58.8049911-07:00,113052,2026-09-20T03:10:10.0485012-07:00,6.132263,6.399513
2026-09-20T03:47:00.8230053-07:00,113052,2026-09-20T03:10:10.0485012-07:00,6.074673,6.399513
2026-09-20T03:47:02.8523419-07:00,113052,2026-09-20T03:10:10.0485012-07:00,5.848579,6.399513
2026-09-20T03:47:04.8802503-07:00,113052,2026-09-20T03:10:10.0485012-07:00,5.902645,6.399513
2026-09-20T03:47:06.9254444-07:00,113052,2026-09-20T03:10:10.0485012-07:00,5.907036,6.399513
2026-09-20T03:47:08.9393229-07:00,113052,2026-09-20T03:10:10.0485012-07:00,5.948982,6.399513
2026-09-20T03:47:10.9733854-07:00,113052,2026-09-20T03:10:10.0485012-07:00,5.948997,6.399513
2026-09-20T03:47:13.0091395-07:00,113052,2026-09-20T03:10:10.0485012-07:00,5.995102,6.399513
2026-09-20T03:47:15.0656903-07:00,113052,2026-09-20T03:10:10.0485012-07:00,5.995083,6.399513
2026-09-20T03:47:17.0848396-07:00,113052,2026-09-20T03:10:10.0485012-07:00,6.002960,6.399513
2026-09-20T03:47:19.1063018-07:00,113052,2026-09-20T03:10:10.0485012-07:00,5.913349,6.399513
2026-09-20T03:47:21.1379121-07:00,113052,2026-09-20T03:10:10.0485012-07:00,6.004246,6.399513
2026-09-20T03:47:23.1622011-07:00,113052,2026-09-20T03:10:10.0485012-07:00,6.095314,6.399513
2026-09-20T03:47:25.1944740-07:00,113052,2026-09-20T03:10:10.0485012-07:00,6.099575,6.399513
2026-09-20T03:47:27.2291089-07:00,113052,2026-09-20T03:10:10.0485012-07:00,6.003269,6.399513
2026-09-20T03:47:29.2564773-07:00,113052,2026-09-20T03:10:10.0485012-07:00,6.003357,6.399513
2026-09-20T03:47:31.2789714-07:00,113052,2026-09-20T03:10:10.0485012-07:00,6.049473,6.399513
2026-09-20T03:47:33.3013854-07:00,113052,2026-09-20T03:10:10.0485012-07:00,6.062878,6.399513
2026-09-20T03:47:35.3380460-07:00,113052,2026-09-20T03:10:10.0485012-07:00,6.095764,6.399513
2026-09-20T03:47:37.3722720-07:00,113052,2026-09-20T03:10:10.0485012-07:00,6.072609,6.399513
2026-09-20T03:47:39.3902894-07:00,113052,2026-09-20T03:10:10.0485012-07:00,6.100082,6.399513
2026-09-20T03:47:41.4177650-07:00,113052,2026-09-20T03:10:10.0485012-07:00,5.977074,6.399513
2026-09-20T03:47:43.4640610-07:00,113052,2026-09-20T03:10:10.0485012-07:00,6.087769,6.399513
2026-09-20T03:47:45.4895976-07:00,113052,2026-09-20T03:10:10.0485012-07:00,6.076530,6.399513
2026-09-20T03:47:47.5141174-07:00,113052,2026-09-20T03:10:10.0485012-07:00,6.111298,6.399513
2026-09-20T03:47:49.5428144-07:00,113052,2026-09-20T03:10:10.0485012-07:00,6.112038,6.399513
2026-09-20T03:47:51.5599463-07:00,113052,2026-09-20T03:10:10.0485012-07:00,5.815224,6.399513
2026-09-20T03:47:53.5921161-07:00,113052,2026-09-20T03:10:10.0485012-07:00,6.037594,6.399513
2026-09-20T03:47:55.6219655-07:00,113052,2026-09-20T03:10:10.0485012-07:00,6.087421,6.399513
2026-09-20T03:47:57.6382172-07:00,113052,2026-09-20T03:10:10.0485012-07:00,5.952187,6.399513
2026-09-20T03:47:59.6582220-07:00,113052,2026-09-20T03:10:10.0485012-07:00,6.042721,6.399513
2026-09-20T03:48:01.6782052-07:00,113052,2026-09-20T03:10:10.0485012-07:00,6.088955,6.399513
2026-09-20T03:48:03.7382541-07:00,113052,2026-09-20T03:10:10.0485012-07:00,6.089100,6.399513
2026-09-20T03:48:05.7582001-07:00,113052,2026-09-20T03:10:10.0485012-07:00,5.961594,6.399513
2026-09-20T03:48:07.7842292-07:00,113052,2026-09-20T03:10:10.0485012-07:00,6.096329,6.399513
2026-09-20T03:48:09.8164558-07:00,113052,2026-09-20T03:10:10.0485012-07:00,6.098648,6.399513
2026-09-20T03:48:11.8643588-07:00,113052,2026-09-20T03:10:10.0485012-07:00,6.143009,6.399513
2026-09-20T03:48:13.8922112-07:00,113052,2026-09-20T03:10:10.0485012-07:00,6.050896,6.399513
2026-09-20T03:48:15.9191387-07:00,113052,2026-09-20T03:10:10.0485012-07:00,6.064495,6.399513
2026-09-20T03:48:17.9340921-07:00,113052,2026-09-20T03:10:10.0485012-07:00,6.097202,6.399513
2026-09-20T03:48:19.9531597-07:00,113052,2026-09-20T03:10:10.0485012-07:00,6.143318,6.399513
2026-09-20T03:48:21.9850021-07:00,113052,2026-09-20T03:10:10.0485012-07:00,6.156723,6.399513
2026-09-20T03:48:24.0133233-07:00,113052,2026-09-20T03:10:10.0485012-07:00,6.051136,6.399513
2026-09-20T03:48:26.0396134-07:00,113052,2026-09-20T03:10:10.0485012-07:00,6.097214,6.399513
2026-09-20T03:48:28.0653458-07:00,113052,2026-09-20T03:10:10.0485012-07:00,6.039345,6.399513
2026-09-20T03:48:30.0846277-07:00,113052,2026-09-20T03:10:10.0485012-07:00,6.168491,6.399513
2026-09-20T03:48:32.1235456-07:00,113052,2026-09-20T03:10:10.0485012-07:00,6.078297,6.399513
2026-09-20T03:48:34.1501500-07:00,113052,2026-09-20T03:10:10.0485012-07:00,6.078465,6.399513
2026-09-20T03:48:36.1713452-07:00,113052,2026-09-20T03:10:10.0485012-07:00,6.124626,6.399513
2026-09-20T03:48:38.2029459-07:00,113052,2026-09-20T03:10:10.0485012-07:00,6.170753,6.399513
2026-09-20T03:48:40.2183087-07:00,113052,2026-09-20T03:10:10.0485012-07:00,6.170811,6.399513
2026-09-20T03:48:42.2532094-07:00,113052,2026-09-20T03:10:10.0485012-07:00,6.078594,6.399513
2026-09-20T03:48:44.2751984-07:00,113052,2026-09-20T03:10:10.0485012-07:00,6.124714,6.399513
2026-09-20T03:48:46.3058814-07:00,113052,2026-09-20T03:10:10.0485012-07:00,6.170815,6.399513
2026-09-20T03:48:48.3181229-07:00,113052,2026-09-20T03:10:10.0485012-07:00,6.170868,6.399513
2026-09-20T03:48:50.3595421-07:00,113052,2026-09-20T03:10:10.0485012-07:00,6.038734,6.399513
2026-09-20T03:48:52.3680518-07:00,113052,2026-09-20T03:10:10.0485012-07:00,6.267620,6.399513
2026-09-20T03:48:54.3932276-07:00,113052,2026-09-20T03:10:10.0485012-07:00,5.944466,6.399513
2026-09-20T03:48:56.4138377-07:00,113052,2026-09-20T03:10:10.0485012-07:00,6.084534,6.399513
2026-09-20T03:48:58.4370951-07:00,113052,2026-09-20T03:10:10.0485012-07:00,5.990894,6.399513
2026-09-20T03:49:00.4693829-07:00,113052,2026-09-20T03:10:10.0485012-07:00,5.994473,6.399513
2026-09-20T03:49:02.4786967-07:00,113052,2026-09-20T03:10:10.0485012-07:00,6.039749,6.399513
2026-09-20T03:49:04.5033984-07:00,113052,2026-09-20T03:10:10.0485012-07:00,6.050823,6.399513
2026-09-20T03:49:06.5232734-07:00,113052,2026-09-20T03:10:10.0485012-07:00,6.085876,6.399513
2026-09-20T03:49:08.5493542-07:00,113052,2026-09-20T03:10:10.0485012-07:00,6.085876,6.399513
2026-09-20T03:49:10.5841950-07:00,113052,2026-09-20T03:10:10.0485012-07:00,6.099255,6.399513
2026-09-20T03:49:12.6007262-07:00,113052,2026-09-20T03:10:10.0485012-07:00,6.093281,6.399513
2026-09-20T03:49:14.6146224-07:00,113052,2026-09-20T03:10:10.0485012-07:00,5.973053,6.399513
2026-09-20T03:49:16.6456762-07:00,113052,2026-09-20T03:10:10.0485012-07:00,6.148487,6.399513
2026-09-20T03:49:18.6784038-07:00,113052,2026-09-20T03:10:10.0485012-07:00,6.054794,6.399513
2026-09-20T03:49:20.6893502-07:00,113052,2026-09-20T03:10:10.0485012-07:00,6.100883,6.399513
2026-09-20T03:49:22.7112253-07:00,113052,2026-09-20T03:10:10.0485012-07:00,6.146996,6.399513
2026-09-20T03:49:24.7478702-07:00,113052,2026-09-20T03:10:10.0485012-07:00,6.147030,6.399513
2026-09-20T03:49:26.7783043-07:00,113052,2026-09-20T03:10:10.0485012-07:00,6.161987,6.399513
2026-09-20T03:49:28.7981998-07:00,113052,2026-09-20T03:10:10.0485012-07:00,6.054829,6.399513
2026-09-20T03:49:30.8380045-07:00,113052,2026-09-20T03:10:10.0485012-07:00,6.054829,6.399513
2026-09-20T03:49:32.8681280-07:00,113052,2026-09-20T03:10:10.0485012-07:00,6.100925,6.399513
2026-09-20T03:49:34.8946412-07:00,113052,2026-09-20T03:10:10.0485012-07:00,6.114342,6.399513
2026-09-20T03:49:36.9181497-07:00,113052,2026-09-20T03:10:10.0485012-07:00,6.126595,6.399513
2026-09-20T03:49:38.9622594-07:00,113052,2026-09-20T03:10:10.0485012-07:00,6.105938,6.399513
2026-09-20T03:49:40.9957794-07:00,113052,2026-09-20T03:10:10.0485012-07:00,6.147106,6.399513
2026-09-20T03:49:43.0080041-07:00,113052,2026-09-20T03:10:10.0485012-07:00,6.193253,6.399513
2026-09-20T03:49:45.0225050-07:00,113052,2026-09-20T03:10:10.0485012-07:00,6.074295,6.399513
2026-09-20T03:49:47.0745219-07:00,113052,2026-09-20T03:10:10.0485012-07:00,6.101078,6.399513
2026-09-20T03:49:49.0917210-07:00,113052,2026-09-20T03:10:10.0485012-07:00,6.147270,6.399513
2026-09-20T03:49:51.1028119-07:00,113052,2026-09-20T03:10:10.0485012-07:00,6.110207,6.399513
2026-09-20T03:49:53.1332543-07:00,113052,2026-09-20T03:10:10.0485012-07:00,6.111568,6.399513
2026-09-20T03:49:55.1559966-07:00,113052,2026-09-20T03:10:10.0485012-07:00,6.112003,6.399513
2026-09-20T03:49:57.1928316-07:00,113052,2026-09-20T03:10:10.0485012-07:00,6.066296,6.399513
2026-09-20T03:49:59.2184848-07:00,113052,2026-09-20T03:10:10.0485012-07:00,6.169281,6.399513
2026-09-20T03:50:01.2385720-07:00,113052,2026-09-20T03:10:10.0485012-07:00,6.034687,6.399513
2026-09-20T03:50:03.2658154-07:00,113052,2026-09-20T03:10:10.0485012-07:00,6.008869,6.399513
2026-09-20T03:50:05.2944622-07:00,113052,2026-09-20T03:10:10.0485012-07:00,6.010056,6.399513
2026-09-20T03:50:07.3223300-07:00,113052,2026-09-20T03:10:10.0485012-07:00,6.011806,6.399513
2026-09-20T03:50:09.3423673-07:00,113052,2026-09-20T03:10:10.0485012-07:00,5.964710,6.399513
2026-09-20T03:50:11.3569930-07:00,113052,2026-09-20T03:10:10.0485012-07:00,5.978157,6.399513
2026-09-20T03:50:13.3830720-07:00,113052,2026-09-20T03:10:10.0485012-07:00,6.010899,6.399513
2026-09-20T03:50:15.4383661-07:00,113052,2026-09-20T03:10:10.0485012-07:00,6.057217,6.399513
2026-09-20T03:50:17.4634548-07:00,113052,2026-09-20T03:10:10.0485012-07:00,5.965103,6.399513
2026-09-20T03:50:19.4785426-07:00,113052,2026-09-20T03:10:10.0485012-07:00,5.965137,6.399513
2026-09-20T03:50:21.5019478-07:00,113052,2026-09-20T03:10:10.0485012-07:00,5.923748,6.399513
2026-09-20T03:50:23.5351145-07:00,113052,2026-09-20T03:10:10.0485012-07:00,6.089394,6.399513
2026-09-20T03:50:25.5835901-07:00,113052,2026-09-20T03:10:10.0485012-07:00,6.131142,6.399513
2026-09-20T03:50:27.6099446-07:00,113052,2026-09-20T03:10:10.0485012-07:00,6.043732,6.399513
2026-09-20T03:50:29.6380423-07:00,113052,2026-09-20T03:10:10.0485012-07:00,6.086376,6.399513
2026-09-20T03:50:31.6526169-07:00,113052,2026-09-20T03:10:10.0485012-07:00,6.090603,6.399513
2026-09-20T03:50:33.6681888-07:00,113052,2026-09-20T03:10:10.0485012-07:00,6.132618,6.399513
2026-09-20T03:50:35.7035925-07:00,113052,2026-09-20T03:10:10.0485012-07:00,6.146023,6.399513
2026-09-20T03:50:37.7189281-07:00,113052,2026-09-20T03:10:10.0485012-07:00,6.040428,6.399513
2026-09-20T03:50:39.7389159-07:00,113052,2026-09-20T03:10:10.0485012-07:00,6.086582,6.399513
2026-09-20T03:50:41.7584796-07:00,113052,2026-09-20T03:10:10.0485012-07:00,6.106506,6.399513
2026-09-20T03:50:43.7969117-07:00,113052,2026-09-20T03:10:10.0485012-07:00,6.109409,6.399513
2026-09-20T03:50:45.8084386-07:00,113052,2026-09-20T03:10:10.0485012-07:00,6.098091,6.399513
2026-09-20T03:50:47.8282703-07:00,113052,2026-09-20T03:10:10.0485012-07:00,6.130852,6.399513
2026-09-20T03:50:49.8459086-07:00,113052,2026-09-20T03:10:10.0485012-07:00,6.177017,6.399513
2026-09-20T03:50:51.8745757-07:00,113052,2026-09-20T03:10:10.0485012-07:00,6.191555,6.399513
2026-09-20T03:50:53.9341201-07:00,113052,2026-09-20T03:10:10.0485012-07:00,6.084808,6.399513
2026-09-20T03:50:55.9481486-07:00,113052,2026-09-20T03:10:10.0485012-07:00,6.098240,6.399513
2026-09-20T03:50:57.9755269-07:00,113052,2026-09-20T03:10:10.0485012-07:00,6.089069,6.399513
2026-09-20T03:50:59.9892680-07:00,113052,2026-09-20T03:10:10.0485012-07:00,6.084846,6.399513
2026-09-20T03:51:02.0064034-07:00,113052,2026-09-20T03:10:10.0485012-07:00,6.177692,6.399513
2026-09-20T03:51:04.0321018-07:00,113052,2026-09-20T03:10:10.0485012-07:00,6.100071,6.399513
2026-09-20T03:51:06.0488615-07:00,113052,2026-09-20T03:10:10.0485012-07:00,5.969814,6.399513
2026-09-20T03:51:08.0792438-07:00,113052,2026-09-20T03:10:10.0485012-07:00,6.060463,6.399513
2026-09-20T03:51:10.1133712-07:00,113052,2026-09-20T03:10:10.0485012-07:00,6.107033,6.399513
2026-09-20T03:51:12.1511750-07:00,113052,2026-09-20T03:10:10.0485012-07:00,6.117626,6.399513
2026-09-20T03:51:14.1772092-07:00,113052,2026-09-20T03:10:10.0485012-07:00,6.156158,6.399513
2026-09-20T03:51:16.1988357-07:00,113052,2026-09-20T03:10:10.0485012-07:00,6.060993,6.399513
2026-09-20T03:51:18.2150998-07:00,113052,2026-09-20T03:10:10.0485012-07:00,6.060997,6.399513
2026-09-20T03:51:20.2357359-07:00,113052,2026-09-20T03:10:10.0485012-07:00,6.107101,6.399513
2026-09-20T03:51:22.2837365-07:00,113052,2026-09-20T03:10:10.0485012-07:00,6.107109,6.399513
2026-09-20T03:51:24.3005727-07:00,113052,2026-09-20T03:10:10.0485012-07:00,6.153214,6.399513
2026-09-20T03:51:26.3169614-07:00,113052,2026-09-20T03:10:10.0485012-07:00,6.164085,6.399513
2026-09-20T03:51:28.3430509-07:00,113052,2026-09-20T03:10:10.0485012-07:00,6.056423,6.399513
2026-09-20T03:51:30.3604782-07:00,113052,2026-09-20T03:10:10.0485012-07:00,6.153191,6.399513
2026-09-20T03:51:32.3900445-07:00,113052,2026-09-20T03:10:10.0485012-07:00,6.122974,6.399513
2026-09-20T03:51:34.4180218-07:00,113052,2026-09-20T03:10:10.0485012-07:00,6.199867,6.399513
2026-09-20T03:51:36.4412203-07:00,113052,2026-09-20T03:10:10.0485012-07:00,6.090752,6.399513
2026-09-20T03:51:38.4639157-07:00,113052,2026-09-20T03:10:10.0485012-07:00,6.069439,6.399513
2026-09-20T03:51:40.4997126-07:00,113052,2026-09-20T03:10:10.0485012-07:00,6.153767,6.399513
2026-09-20T03:51:42.5317979-07:00,113052,2026-09-20T03:10:10.0485012-07:00,6.155743,6.399513
2026-09-20T03:51:44.5589033-07:00,113052,2026-09-20T03:10:10.0485012-07:00,6.199928,6.399513
2026-09-20T03:51:46.5729758-07:00,113052,2026-09-20T03:10:10.0485012-07:00,6.155800,6.399513
2026-09-20T03:51:48.5921706-07:00,113052,2026-09-20T03:10:10.0485012-07:00,6.199936,6.399513
2026-09-20T03:51:50.6400548-07:00,113052,2026-09-20T03:10:10.0485012-07:00,6.111549,6.399513
2026-09-20T03:51:52.6565233-07:00,113052,2026-09-20T03:10:10.0485012-07:00,6.177948,6.399513
2026-09-20T03:51:54.6890808-07:00,113052,2026-09-20T03:10:10.0485012-07:00,6.117683,6.399513
2026-09-20T03:51:56.7037691-07:00,113052,2026-09-20T03:10:10.0485012-07:00,6.160519,6.399513
2026-09-20T03:51:58.7336738-07:00,113052,2026-09-20T03:10:10.0485012-07:00,6.250763,6.399513
2026-09-20T03:52:00.7680924-07:00,113052,2026-09-20T03:10:10.0485012-07:00,5.997242,6.399513
2026-09-20T03:52:02.7912836-07:00,113052,2026-09-20T03:10:10.0485012-07:00,6.077492,6.399513
2026-09-20T03:52:04.8166774-07:00,113052,2026-09-20T03:10:10.0485012-07:00,6.031830,6.399513
2026-09-20T03:52:06.8486294-07:00,113052,2026-09-20T03:10:10.0485012-07:00,6.032051,6.399513
2026-09-20T03:52:08.8837097-07:00,113052,2026-09-20T03:10:10.0485012-07:00,6.078243,6.399513
2026-09-20T03:52:10.8985668-07:00,113052,2026-09-20T03:10:10.0485012-07:00,6.078239,6.399513
2026-09-20T03:52:12.9239888-07:00,113052,2026-09-20T03:10:10.0485012-07:00,6.036133,6.399513
2026-09-20T03:52:14.9586236-07:00,113052,2026-09-20T03:10:10.0485012-07:00,5.952099,6.399513
2026-09-20T03:52:16.9901745-07:00,113052,2026-09-20T03:10:10.0485012-07:00,6.055542,6.399513
2026-09-20T03:52:19.0185850-07:00,113052,2026-09-20T03:10:10.0485012-07:00,6.099937,6.399513
2026-09-20T03:52:21.0444136-07:00,113052,2026-09-20T03:10:10.0485012-07:00,6.146229,6.399513
2026-09-20T03:52:23.0658404-07:00,113052,2026-09-20T03:10:10.0485012-07:00,6.146324,6.399513
2026-09-20T03:52:25.0904000-07:00,113052,2026-09-20T03:10:10.0485012-07:00,6.024014,6.399513
2026-09-20T03:52:27.1074083-07:00,113052,2026-09-20T03:10:10.0485012-07:00,6.054134,6.399513
2026-09-20T03:52:29.1434665-07:00,113052,2026-09-20T03:10:10.0485012-07:00,6.067532,6.399513
2026-09-20T03:52:31.1604015-07:00,113052,2026-09-20T03:10:10.0485012-07:00,6.100239,6.399513
2026-09-20T03:52:33.1881191-07:00,113052,2026-09-20T03:10:10.0485012-07:00,6.113644,6.399513
2026-09-20T03:52:35.2025688-07:00,113052,2026-09-20T03:10:10.0485012-07:00,6.146347,6.399513
2026-09-20T03:52:37.2394798-07:00,113052,2026-09-20T03:10:10.0485012-07:00,6.030109,6.399513
2026-09-20T03:52:39.2619993-07:00,113052,2026-09-20T03:10:10.0485012-07:00,6.101555,6.399513
2026-09-20T03:52:41.2854638-07:00,113052,2026-09-20T03:10:10.0485012-07:00,6.102253,6.399513
2026-09-20T03:52:43.3117310-07:00,113052,2026-09-20T03:10:10.0485012-07:00,6.148483,6.399513
2026-09-20T03:52:45.3436206-07:00,113052,2026-09-20T03:10:10.0485012-07:00,6.148537,6.399513
2026-09-20T03:52:47.3700892-07:00,113052,2026-09-20T03:10:10.0485012-07:00,6.148552,6.399513
2026-09-20T03:52:49.3906373-07:00,113052,2026-09-20T03:10:10.0485012-07:00,6.194698,6.399513
2026-09-20T03:52:51.4070296-07:00,113052,2026-09-20T03:10:10.0485012-07:00,6.194706,6.399513
2026-09-20T03:52:53.4365395-07:00,113052,2026-09-20T03:10:10.0485012-07:00,6.194721,6.399513
2026-09-20T03:52:55.4537111-07:00,113052,2026-09-20T03:10:10.0485012-07:00,6.102512,6.399513
2026-09-20T03:52:57.4883056-07:00,113052,2026-09-20T03:10:10.0485012-07:00,6.102505,6.399513
2026-09-20T03:52:59.5138295-07:00,113052,2026-09-20T03:10:10.0485012-07:00,6.102516,6.399513
2026-09-20T03:53:01.5462260-07:00,113052,2026-09-20T03:10:10.0485012-07:00,6.108749,6.399513
2026-09-20T03:53:03.5707375-07:00,113052,2026-09-20T03:10:10.0485012-07:00,6.208332,6.399513
2026-09-20T03:53:05.6012260-07:00,113052,2026-09-20T03:10:10.0485012-07:00,6.203331,6.399513
2026-09-20T03:53:07.6501175-07:00,113052,2026-09-20T03:10:10.0485012-07:00,5.990814,6.399513
2026-09-20T03:53:09.6766209-07:00,113052,2026-09-20T03:10:10.0485012-07:00,5.991615,6.399513
2026-09-20T03:53:11.7020992-07:00,113052,2026-09-20T03:10:10.0485012-07:00,5.991894,6.399513
2026-09-20T03:53:13.7344151-07:00,113052,2026-09-20T03:10:10.0485012-07:00,6.038097,6.399513
2026-09-20T03:53:15.7797154-07:00,113052,2026-09-20T03:10:10.0485012-07:00,6.051498,6.399513
2026-09-20T03:53:17.8036295-07:00,113052,2026-09-20T03:10:10.0485012-07:00,6.084251,6.399513
2026-09-20T03:53:19.8281073-07:00,113052,2026-09-20T03:10:10.0485012-07:00,5.992004,6.399513
2026-09-20T03:53:21.8494159-07:00,113052,2026-09-20T03:10:10.0485012-07:00,5.996223,6.399513
2026-09-20T03:53:23.8727782-07:00,113052,2026-09-20T03:10:10.0485012-07:00,5.951298,6.399513
2026-09-20T03:53:25.9002647-07:00,113052,2026-09-20T03:10:10.0485012-07:00,6.108437,6.399513
2026-09-20T03:53:27.9332318-07:00,113052,2026-09-20T03:10:10.0485012-07:00,6.050400,6.399513
2026-09-20T03:53:29.9566516-07:00,113052,2026-09-20T03:10:10.0485012-07:00,6.140766,6.399513
2026-09-20T03:53:31.9854729-07:00,113052,2026-09-20T03:10:10.0485012-07:00,6.145084,6.399513
2026-09-20T03:53:34.0158138-07:00,113052,2026-09-20T03:10:10.0485012-07:00,6.048721,6.399513
2026-09-20T03:53:36.0388698-07:00,113052,2026-09-20T03:10:10.0485012-07:00,6.094872,6.399513
2026-09-20T03:53:38.0615231-07:00,113052,2026-09-20T03:10:10.0485012-07:00,6.108273,6.399513
2026-09-20T03:53:40.0861768-07:00,113052,2026-09-20T03:10:10.0485012-07:00,6.154392,6.399513
2026-09-20T03:53:42.1252002-07:00,113052,2026-09-20T03:10:10.0485012-07:00,6.048817,6.399513
2026-09-20T03:53:44.1583276-07:00,113052,2026-09-20T03:10:10.0485012-07:00,6.094925,6.399513
2026-09-20T03:53:46.1754939-07:00,113052,2026-09-20T03:10:10.0485012-07:00,6.005074,6.399513
2026-09-20T03:53:48.1982520-07:00,113052,2026-09-20T03:10:10.0485012-07:00,6.190651,6.399513
2026-09-20T03:53:50.2221646-07:00,113052,2026-09-20T03:10:10.0485012-07:00,6.201008,6.399513
2026-09-20T03:53:52.2443588-07:00,113052,2026-09-20T03:10:10.0485012-07:00,6.090622,6.399513
2026-09-20T03:53:54.2728841-07:00,113052,2026-09-20T03:10:10.0485012-07:00,6.233932,6.399513
2026-09-20T03:53:56.3027533-07:00,113052,2026-09-20T03:10:10.0485012-07:00,6.109035,6.399513
2026-09-20T03:53:58.3193878-07:00,113052,2026-09-20T03:10:10.0485012-07:00,6.101734,6.399513
2026-09-20T03:54:00.3451449-07:00,113052,2026-09-20T03:10:10.0485012-07:00,6.187965,6.399513
2026-09-20T03:54:02.3618956-07:00,113052,2026-09-20T03:10:10.0485012-07:00,6.057625,6.399513
2026-09-20T03:54:04.3920534-07:00,113052,2026-09-20T03:10:10.0485012-07:00,6.234138,6.399513
2026-09-20T03:54:06.4061659-07:00,113052,2026-09-20T03:10:10.0485012-07:00,6.095818,6.399513
2026-09-20T03:54:08.4353979-07:00,113052,2026-09-20T03:10:10.0485012-07:00,6.234169,6.399513
2026-09-20T03:54:10.4584607-07:00,113052,2026-09-20T03:10:10.0485012-07:00,6.199417,6.399513
2026-09-20T03:54:12.4798999-07:00,113052,2026-09-20T03:10:10.0485012-07:00,6.128059,6.399513
2026-09-20T03:54:14.5022171-07:00,113052,2026-09-20T03:10:10.0485012-07:00,6.173050,6.399513
2026-09-20T03:54:16.5385549-07:00,113052,2026-09-20T03:10:10.0485012-07:00,6.173195,6.399513
2026-09-20T03:54:18.5584215-07:00,113052,2026-09-20T03:10:10.0485012-07:00,6.081001,6.399513
2026-09-20T03:54:20.5785382-07:00,113052,2026-09-20T03:10:10.0485012-07:00,6.084484,6.399513
2026-09-20T03:54:22.6281343-07:00,113052,2026-09-20T03:10:10.0485012-07:00,6.127197,6.399513
2026-09-20T03:54:24.6655859-07:00,113052,2026-09-20T03:10:10.0485012-07:00,6.139404,6.399513
2026-09-20T03:54:26.6786908-07:00,113052,2026-09-20T03:10:10.0485012-07:00,6.131428,6.399513
2026-09-20T03:54:28.6881318-07:00,113052,2026-09-20T03:10:10.0485012-07:00,6.173317,6.399513
2026-09-20T03:54:30.7218320-07:00,113052,2026-09-20T03:10:10.0485012-07:00,6.081108,6.399513
2026-09-20T03:54:32.7384387-07:00,113052,2026-09-20T03:10:10.0485012-07:00,6.134865,6.399513
2026-09-20T03:54:34.7727172-07:00,113052,2026-09-20T03:10:10.0485012-07:00,6.221565,6.399513
2026-09-20T03:54:36.7986841-07:00,113052,2026-09-20T03:10:10.0485012-07:00,6.174759,6.399513
2026-09-20T03:54:38.8081019-07:00,113052,2026-09-20T03:10:10.0485012-07:00,6.265224,6.399513
2026-09-20T03:54:40.8536354-07:00,113052,2026-09-20T03:10:10.0485012-07:00,6.128094,6.399513
2026-09-20T03:54:42.8737455-07:00,113052,2026-09-20T03:10:10.0485012-07:00,6.129002,6.399513
2026-09-20T03:54:44.8885116-07:00,113052,2026-09-20T03:10:10.0485012-07:00,6.219276,6.399513
2026-09-20T03:54:46.9088473-07:00,113052,2026-09-20T03:10:10.0485012-07:00,6.188545,6.399513
2026-09-20T03:54:48.9287101-07:00,113052,2026-09-20T03:10:10.0485012-07:00,6.082951,6.399513
2026-09-20T03:54:50.9609826-07:00,113052,2026-09-20T03:10:10.0485012-07:00,6.173187,6.399513
2026-09-20T03:54:52.9829672-07:00,113052,2026-09-20T03:10:10.0485012-07:00,6.175156,6.399513
2026-09-20T03:54:55.0053126-07:00,113052,2026-09-20T03:10:10.0485012-07:00,6.086655,6.399513
2026-09-20T03:54:57.0330761-07:00,97964,2026-09-20T03:54:56.6875112-07:00,0.183712,0.183712
2026-09-20T03:54:59.0787636-07:00,97964,2026-09-20T03:54:56.6875112-07:00,0.359322,0.359322
2026-09-20T03:55:01.0934557-07:00,97964,2026-09-20T03:54:56.6875112-07:00,0.411736,0.444668
2026-09-20T03:55:07.1697919-07:00,75532,2026-09-20T03:55:06.2601604-07:00,0.306847,0.306847
2026-09-20T03:55:09.2287399-07:00,75532,2026-09-20T03:55:06.2601604-07:00,0.387035,0.392353
2026-09-20T03:55:11.2441691-07:00,75532,2026-09-20T03:55:06.2601604-07:00,0.579983,0.579987
2026-09-20T03:55:13.2688929-07:00,75532,2026-09-20T03:55:06.2601604-07:00,0.646584,0.652233
2026-09-20T03:55:15.2882248-07:00,75532,2026-09-20T03:55:06.2601604-07:00,0.795570,0.795570
2026-09-20T03:55:17.3143140-07:00,75532,2026-09-20T03:55:06.2601604-07:00,0.948269,0.948269
2026-09-20T03:55:19.3362199-07:00,75532,2026-09-20T03:55:06.2601604-07:00,0.960545,0.972336
2026-09-20T03:55:21.3600824-07:00,75532,2026-09-20T03:55:06.2601604-07:00,1.105236,1.105236
2026-09-20T03:55:23.3945729-07:00,75532,2026-09-20T03:55:06.2601604-07:00,1.091076,1.111168
2026-09-20T03:55:25.4187376-07:00,75532,2026-09-20T03:55:06.2601604-07:00,1.093472,1.111168
2026-09-20T03:55:27.4315193-07:00,75532,2026-09-20T03:55:06.2601604-07:00,1.100876,1.111168
2026-09-20T03:55:29.4649642-07:00,75532,2026-09-20T03:55:06.2601604-07:00,1.104218,1.111168
2026-09-20T03:55:31.4933660-07:00,75532,2026-09-20T03:55:06.2601604-07:00,1.109486,1.111168
2026-09-20T03:55:33.5113357-07:00,75532,2026-09-20T03:55:06.2601604-07:00,1.114155,1.114155
2026-09-20T03:55:35.5352760-07:00,75532,2026-09-20T03:55:06.2601604-07:00,1.125168,1.125168
2026-09-20T03:55:37.5746549-07:00,75532,2026-09-20T03:55:06.2601604-07:00,1.150795,1.150795
2026-09-20T03:55:39.5874161-07:00,75532,2026-09-20T03:55:06.2601604-07:00,1.165478,1.165478
2026-09-20T03:55:41.6138996-07:00,75532,2026-09-20T03:55:06.2601604-07:00,1.103024,1.168106
2026-09-20T03:55:43.6398726-07:00,75532,2026-09-20T03:55:06.2601604-07:00,1.106354,1.168106
2026-09-20T03:55:45.6552725-07:00,75532,2026-09-20T03:55:06.2601604-07:00,1.111553,1.168106
2026-09-20T03:55:47.6817140-07:00,75532,2026-09-20T03:55:06.2601604-07:00,1.117477,1.168106
2026-09-20T03:55:49.7069758-07:00,75532,2026-09-20T03:55:06.2601604-07:00,1.120060,1.168106
2026-09-20T03:55:51.7408418-07:00,75532,2026-09-20T03:55:06.2601604-07:00,1.127586,1.168106
2026-09-20T03:55:53.7719154-07:00,75532,2026-09-20T03:55:06.2601604-07:00,1.129570,1.168106
2026-09-20T03:55:55.7903069-07:00,75532,2026-09-20T03:55:06.2601604-07:00,1.038090,1.168106
2026-09-20T03:55:57.8257217-07:00,75532,2026-09-20T03:55:06.2601604-07:00,1.041256,1.168106
2026-09-20T03:55:59.8544456-07:00,75532,2026-09-20T03:55:06.2601604-07:00,1.046593,1.168106
2026-09-20T03:56:01.8713456-07:00,75532,2026-09-20T03:55:06.2601604-07:00,1.052376,1.168106
2026-09-20T03:56:03.8914407-07:00,75532,2026-09-20T03:55:06.2601604-07:00,1.054821,1.168106
2026-09-20T03:56:05.9229713-07:00,75532,2026-09-20T03:55:06.2601604-07:00,1.073009,1.168106
2026-09-20T03:56:07.9417614-07:00,75532,2026-09-20T03:55:06.2601604-07:00,1.047909,1.168106
2026-09-20T03:56:09.9566421-07:00,75532,2026-09-20T03:55:06.2601604-07:00,1.051979,1.168106
2026-09-20T03:56:11.9803198-07:00,75532,2026-09-20T03:55:06.2601604-07:00,1.056595,1.168106
2026-09-20T03:56:14.0028846-07:00,75532,2026-09-20T03:55:06.2601604-07:00,1.060413,1.168106
2026-09-20T03:56:16.0331448-07:00,75532,2026-09-20T03:55:06.2601604-07:00,1.059578,1.168106
2026-09-20T03:56:18.0485356-07:00,75532,2026-09-20T03:55:06.2601604-07:00,1.061958,1.168106
2026-09-20T03:56:20.0742942-07:00,75532,2026-09-20T03:55:06.2601604-07:00,1.066772,1.168106
2026-09-20T03:56:22.0951424-07:00,75532,2026-09-20T03:55:06.2601604-07:00,1.070095,1.168106
2026-09-20T03:56:24.1237076-07:00,75532,2026-09-20T03:55:06.2601604-07:00,1.069016,1.168106
2026-09-20T03:56:26.1557947-07:00,75532,2026-09-20T03:55:06.2601604-07:00,1.072754,1.168106
2026-09-20T03:56:28.1784515-07:00,75532,2026-09-20T03:55:06.2601604-07:00,1.074970,1.168106
2026-09-20T03:56:30.2070085-07:00,75532,2026-09-20T03:55:06.2601604-07:00,1.075527,1.168106
2026-09-20T03:56:32.2265618-07:00,75532,2026-09-20T03:55:06.2601604-07:00,1.078854,1.168106
2026-09-20T03:56:34.2753676-07:00,75532,2026-09-20T03:55:06.2601604-07:00,1.081879,1.168106
2026-09-20T03:56:36.3093889-07:00,75532,2026-09-20T03:55:06.2601604-07:00,1.081173,1.168106
2026-09-20T03:56:38.3373626-07:00,75532,2026-09-20T03:55:06.2601604-07:00,1.084015,1.168106
2026-09-20T03:56:40.3642969-07:00,75532,2026-09-20T03:55:06.2601604-07:00,1.089195,1.168106
2026-09-20T03:56:42.3887133-07:00,75532,2026-09-20T03:55:06.2601604-07:00,1.091805,1.168106
2026-09-20T03:56:44.4183236-07:00,75532,2026-09-20T03:55:06.2601604-07:00,1.098854,1.168106
2026-09-20T03:56:46.4485584-07:00,75532,2026-09-20T03:55:06.2601604-07:00,1.102177,1.168106
2026-09-20T03:56:48.4695325-07:00,75532,2026-09-20T03:55:06.2601604-07:00,1.231171,1.231178
2026-09-20T03:56:50.4961511-07:00,75532,2026-09-20T03:55:06.2601604-07:00,1.254475,1.254478
2026-09-20T03:56:52.5190449-07:00,75532,2026-09-20T03:55:06.2601604-07:00,1.325195,1.400745
2026-09-20T03:56:54.5671274-07:00,75532,2026-09-20T03:55:06.2601604-07:00,1.338551,1.400745
2026-09-20T03:56:56.5867057-07:00,75532,2026-09-20T03:55:06.2601604-07:00,1.402008,1.408810
2026-09-20T03:56:58.6119052-07:00,75532,2026-09-20T03:55:06.2601604-07:00,1.337532,1.478020
2026-09-20T03:57:00.6368803-07:00,75532,2026-09-20T03:55:06.2601604-07:00,2.128105,2.128105
2026-09-20T03:57:02.6858023-07:00,75532,2026-09-20T03:55:06.2601604-07:00,1.951248,2.226284
2026-09-20T03:57:04.7098493-07:00,75532,2026-09-20T03:55:06.2601604-07:00,3.225430,3.225430
2026-09-20T03:57:06.7342716-07:00,75532,2026-09-20T03:55:06.2601604-07:00,3.226452,3.226452
2026-09-20T03:57:08.7614114-07:00,75532,2026-09-20T03:55:06.2601604-07:00,3.328320,3.494816
2026-09-20T03:57:10.7925684-07:00,75532,2026-09-20T03:55:06.2601604-07:00,3.616898,3.616898
2026-09-20T03:57:12.8234968-07:00,75532,2026-09-20T03:55:06.2601604-07:00,3.823174,3.823174
2026-09-20T03:57:14.8541072-07:00,75532,2026-09-20T03:55:06.2601604-07:00,3.694267,3.829895
2026-09-20T03:57:16.8726765-07:00,75532,2026-09-20T03:55:06.2601604-07:00,3.774986,3.829895
2026-09-20T03:57:18.8935781-07:00,75532,2026-09-20T03:55:06.2601604-07:00,3.825546,3.904026
2026-09-20T03:57:20.9200217-07:00,75532,2026-09-20T03:55:06.2601604-07:00,3.205940,3.994377
2026-09-20T03:57:22.9532462-07:00,75532,2026-09-20T03:55:06.2601604-07:00,3.953026,3.994377
2026-09-20T03:57:24.9795855-07:00,75532,2026-09-20T03:55:06.2601604-07:00,3.378689,4.092674
2026-09-20T03:57:26.9966372-07:00,75532,2026-09-20T03:55:06.2601604-07:00,3.924126,4.092674
2026-09-20T03:57:29.0169909-07:00,75532,2026-09-20T03:55:06.2601604-07:00,3.948719,4.156780
2026-09-20T03:57:31.0621077-07:00,75532,2026-09-20T03:55:06.2601604-07:00,4.016628,4.156780
2026-09-20T03:57:33.0805714-07:00,75532,2026-09-20T03:55:06.2601604-07:00,3.403008,4.156780
2026-09-20T03:57:35.1035686-07:00,75532,2026-09-20T03:55:06.2601604-07:00,4.098545,4.156780
2026-09-20T03:57:37.1322823-07:00,75532,2026-09-20T03:55:06.2601604-07:00,4.186852,4.244896
2026-09-20T03:57:39.1638360-07:00,75532,2026-09-20T03:55:06.2601604-07:00,3.588589,4.339066
2026-09-20T03:57:41.1971171-07:00,75532,2026-09-20T03:55:06.2601604-07:00,4.305714,4.339066
2026-09-20T03:57:43.2157622-07:00,75532,2026-09-20T03:55:06.2601604-07:00,4.158440,4.434521
2026-09-20T03:57:45.2502981-07:00,75532,2026-09-20T03:55:06.2601604-07:00,3.972855,4.450420
2026-09-20T03:57:47.2756508-07:00,75532,2026-09-20T03:55:06.2601604-07:00,4.297295,4.450420
2026-09-20T03:57:49.3050845-07:00,75532,2026-09-20T03:55:06.2601604-07:00,4.288708,4.451740
2026-09-20T03:57:51.3383847-07:00,75532,2026-09-20T03:55:06.2601604-07:00,3.696911,4.451740
2026-09-20T03:57:53.3732312-07:00,75532,2026-09-20T03:55:06.2601604-07:00,4.409218,4.451740
2026-09-20T03:57:55.3969007-07:00,75532,2026-09-20T03:55:06.2601604-07:00,4.454994,4.521511
2026-09-20T03:57:57.4357374-07:00,75532,2026-09-20T03:55:06.2601604-07:00,4.542038,4.614506
2026-09-20T03:57:59.4734677-07:00,75532,2026-09-20T03:55:06.2601604-07:00,3.923523,4.713600
2026-09-20T03:58:01.4990684-07:00,75532,2026-09-20T03:55:06.2601604-07:00,4.631783,4.713600
2026-09-20T03:58:03.5243401-07:00,75532,2026-09-20T03:55:06.2601604-07:00,4.725296,4.804333
2026-09-20T03:58:05.5385764-07:00,75532,2026-09-20T03:55:06.2601604-07:00,3.878525,4.903645
2026-09-20T03:58:07.5575822-07:00,75532,2026-09-20T03:55:06.2601604-07:00,4.580353,4.903645
2026-09-20T03:58:09.5943279-07:00,75532,2026-09-20T03:55:06.2601604-07:00,4.664135,4.903645
2026-09-20T03:58:11.6199553-07:00,75532,2026-09-20T03:55:06.2601604-07:00,4.745640,4.903645
2026-09-20T03:58:13.6437550-07:00,75532,2026-09-20T03:55:06.2601604-07:00,4.080811,4.913300
2026-09-20T03:58:15.6759558-07:00,75532,2026-09-20T03:55:06.2601604-07:00,4.830677,4.913300
2026-09-20T03:58:17.7265016-07:00,75532,2026-09-20T03:55:06.2601604-07:00,4.885201,4.913300
2026-09-20T03:58:19.7515065-07:00,75532,2026-09-20T03:55:06.2601604-07:00,4.137218,4.968037
2026-09-20T03:58:21.7712582-07:00,75532,2026-09-20T03:55:06.2601604-07:00,4.161827,4.968037
2026-09-20T03:58:23.7930415-07:00,75532,2026-09-20T03:55:06.2601604-07:00,4.748566,5.039978
2026-09-20T03:58:25.8136622-07:00,75532,2026-09-20T03:55:06.2601604-07:00,5.052124,5.443783
2026-09-20T03:58:27.8597335-07:00,75532,2026-09-20T03:55:06.2601604-07:00,4.505993,5.443783
2026-09-20T03:58:29.8893500-07:00,75532,2026-09-20T03:55:06.2601604-07:00,5.181740,5.443783
2026-09-20T03:58:31.9175267-07:00,75532,2026-09-20T03:55:06.2601604-07:00,4.694546,5.443783
2026-09-20T03:58:33.9303852-07:00,75532,2026-09-20T03:55:06.2601604-07:00,4.752525,5.443783
2026-09-20T03:58:35.9512094-07:00,75532,2026-09-20T03:55:06.2601604-07:00,4.806812,5.443783
2026-09-20T03:58:37.9930916-07:00,75532,2026-09-20T03:55:06.2601604-07:00,4.789883,5.443783
2026-09-20T03:58:40.0239275-07:00,75532,2026-09-20T03:55:06.2601604-07:00,4.863029,5.443783
2026-09-20T03:58:42.0483872-07:00,75532,2026-09-20T03:55:06.2601604-07:00,4.938488,5.443783
2026-09-20T03:58:44.0726923-07:00,75532,2026-09-20T03:55:06.2601604-07:00,5.086926,5.443783
2026-09-20T03:58:46.1040318-07:00,75532,2026-09-20T03:55:06.2601604-07:00,5.015465,5.443783
2026-09-20T03:58:48.1259217-07:00,75532,2026-09-20T03:55:06.2601604-07:00,5.092251,5.443783
2026-09-20T03:58:50.1471238-07:00,75532,2026-09-20T03:55:06.2601604-07:00,5.171021,5.443783
2026-09-20T03:58:52.1625936-07:00,75532,2026-09-20T03:55:06.2601604-07:00,5.355633,5.443783
2026-09-20T03:58:54.1829847-07:00,75532,2026-09-20T03:55:06.2601604-07:00,5.245556,5.443783
2026-09-20T03:58:56.2154443-07:00,75532,2026-09-20T03:55:06.2601604-07:00,5.324532,5.443783
2026-09-20T03:58:58.2462559-07:00,75532,2026-09-20T03:55:06.2601604-07:00,5.404755,5.515495
2026-09-20T03:59:00.2756139-07:00,75532,2026-09-20T03:55:06.2601604-07:00,5.616459,5.648624
2026-09-20T03:59:02.3048285-07:00,75532,2026-09-20T03:55:06.2601604-07:00,4.757401,5.648624
2026-09-20T03:59:04.3210655-07:00,75532,2026-09-20T03:55:06.2601604-07:00,4.804913,5.648624
2026-09-20T03:59:06.3562208-07:00,75532,2026-09-20T03:55:06.2601604-07:00,4.826519,5.648624
2026-09-20T03:59:08.3771366-07:00,75532,2026-09-20T03:55:06.2601604-07:00,4.881805,5.648624
2026-09-20T03:59:10.4012748-07:00,75532,2026-09-20T03:55:06.2601604-07:00,5.019100,5.648624
2026-09-20T03:59:12.4174121-07:00,75532,2026-09-20T03:55:06.2601604-07:00,4.947433,5.648624
2026-09-20T03:59:14.4521805-07:00,75532,2026-09-20T03:55:06.2601604-07:00,5.023037,5.648624
2026-09-20T03:59:16.4973122-07:00,75532,2026-09-20T03:55:06.2601604-07:00,5.098461,5.648624
2026-09-20T03:59:18.5250143-07:00,75532,2026-09-20T03:55:06.2601604-07:00,4.830341,5.648624
2026-09-20T03:59:20.5628116-07:00,75532,2026-09-20T03:55:06.2601604-07:00,5.273224,5.648624
2026-09-20T03:59:22.5903089-07:00,75532,2026-09-20T03:55:06.2601604-07:00,5.254696,5.648624
2026-09-20T03:59:24.6355163-07:00,75532,2026-09-20T03:55:06.2601604-07:00,5.330341,5.648624
2026-09-20T03:59:26.6638536-07:00,75532,2026-09-20T03:55:06.2601604-07:00,5.410782,5.648624
2026-09-20T03:59:28.6927521-07:00,75532,2026-09-20T03:55:06.2601604-07:00,5.493996,5.648624
2026-09-20T03:59:30.7124822-07:00,75532,2026-09-20T03:55:06.2601604-07:00,3.212570,5.648624
2026-09-20T03:59:32.7305944-07:00,75532,2026-09-20T03:55:06.2601604-07:00,3.221676,5.648624
2026-09-20T03:59:34.7540411-07:00,75532,2026-09-20T03:55:06.2601604-07:00,4.076393,5.648624
2026-09-20T03:59:36.7809834-07:00,75532,2026-09-20T03:55:06.2601604-07:00,5.126507,5.648624
2026-09-20T03:59:38.7886399-07:00,75532,2026-09-20T03:55:06.2601604-07:00,5.307987,5.648624
2026-09-20T03:59:40.8070854-07:00,75532,2026-09-20T03:55:06.2601604-07:00,5.158165,5.648624
2026-09-20T03:59:42.8229343-07:00,75532,2026-09-20T03:55:06.2601604-07:00,4.724190,5.648624
2026-09-20T03:59:44.8525910-07:00,75532,2026-09-20T03:55:06.2601604-07:00,4.746418,5.648624
2026-09-20T03:59:46.8726551-07:00,75532,2026-09-20T03:55:06.2601604-07:00,4.908627,5.648624
2026-09-20T03:59:48.9027246-07:00,75532,2026-09-20T03:55:06.2601604-07:00,4.775402,5.648624
2026-09-20T03:59:50.9186488-07:00,75532,2026-09-20T03:55:06.2601604-07:00,4.842060,5.648624
2026-09-20T03:59:52.9546710-07:00,75532,2026-09-20T03:55:06.2601604-07:00,4.918381,5.648624
2026-09-20T03:59:54.9857850-07:00,75532,2026-09-20T03:55:06.2601604-07:00,4.995445,5.648624
2026-09-20T03:59:57.0083675-07:00,75532,2026-09-20T03:55:06.2601604-07:00,5.142223,5.648624
2026-09-20T03:59:59.0287165-07:00,75532,2026-09-20T03:55:06.2601604-07:00,5.068722,5.648624
2026-09-20T04:00:01.0471017-07:00,75532,2026-09-20T03:55:06.2601604-07:00,5.143948,5.648624
2026-09-20T04:00:03.0831466-07:00,75532,2026-09-20T03:55:06.2601604-07:00,5.218735,5.648624
2026-09-20T04:00:05.1126822-07:00,75532,2026-09-20T03:55:06.2601604-07:00,5.037399,5.648624
2026-09-20T04:00:07.1389560-07:00,75532,2026-09-20T03:55:06.2601604-07:00,5.377567,5.648624
2026-09-20T04:00:09.1577808-07:00,75532,2026-09-20T03:55:06.2601604-07:00,5.374336,5.648624
2026-09-20T04:00:11.1836546-07:00,75532,2026-09-20T03:55:06.2601604-07:00,4.770645,5.648624
2026-09-20T04:00:13.2230174-07:00,75532,2026-09-20T03:55:06.2601604-07:00,4.145473,5.648624
2026-09-20T04:00:15.2353646-07:00,75532,2026-09-20T03:55:06.2601604-07:00,4.877804,5.648624
2026-09-20T04:00:17.2547302-07:00,75532,2026-09-20T03:55:06.2601604-07:00,4.845493,5.648624
2026-09-20T04:00:19.2760319-07:00,75532,2026-09-20T03:55:06.2601604-07:00,4.900520,5.648624
2026-09-20T04:00:21.3301769-07:00,75532,2026-09-20T03:55:06.2601604-07:00,4.958443,5.648624
2026-09-20T04:00:23.3549885-07:00,75532,2026-09-20T03:55:06.2601604-07:00,4.301731,5.648624
2026-09-20T04:00:25.3739187-07:00,75532,2026-09-20T03:55:06.2601604-07:00,5.031784,5.648624
2026-09-20T04:00:27.4083980-07:00,75532,2026-09-20T03:55:06.2601604-07:00,5.107944,5.648624
2026-09-20T04:00:29.4385722-07:00,75532,2026-09-20T03:55:06.2601604-07:00,5.183857,5.648624
2026-09-20T04:00:31.4767918-07:00,75532,2026-09-20T03:55:06.2601604-07:00,5.262642,5.648624
2026-09-20T04:00:33.4997887-07:00,75532,2026-09-20T03:55:06.2601604-07:00,5.446194,5.648624
2026-09-20T04:00:35.5184364-07:00,75532,2026-09-20T03:55:06.2601604-07:00,5.340317,5.648624
2026-09-20T04:00:37.5384215-07:00,75532,2026-09-20T03:55:06.2601604-07:00,5.421425,5.648624
2026-09-20T04:00:39.5609883-07:00,75532,2026-09-20T03:55:06.2601604-07:00,4.680046,5.648624
2026-09-20T04:00:41.5877712-07:00,75532,2026-09-20T03:55:06.2601604-07:00,3.329342,5.648624
2026-09-20T04:00:43.6083776-07:00,75532,2026-09-20T03:55:06.2601604-07:00,4.129246,5.648624
2026-09-20T04:00:45.6402280-07:00,75532,2026-09-20T03:55:06.2601604-07:00,5.184925,5.648624
2026-09-20T04:00:47.6605710-07:00,75532,2026-09-20T03:55:06.2601604-07:00,5.306320,5.648624
2026-09-20T04:00:49.7020349-07:00,75532,2026-09-20T03:55:06.2601604-07:00,5.211693,5.648624
2026-09-20T04:00:51.7325443-07:00,75532,2026-09-20T03:55:06.2601604-07:00,4.763615,5.648624
2026-09-20T04:00:53.7511731-07:00,75532,2026-09-20T03:55:06.2601604-07:00,4.474796,5.648624
2026-09-20T04:00:55.7625896-07:00,75532,2026-09-20T03:55:06.2601604-07:00,4.839321,5.648624
2026-09-20T04:00:57.7865325-07:00,75532,2026-09-20T03:55:06.2601604-07:00,4.806286,5.648624
2026-09-20T04:00:59.8158446-07:00,75532,2026-09-20T03:55:06.2601604-07:00,4.861095,5.648624
2026-09-20T04:01:01.8407627-07:00,75532,2026-09-20T03:55:06.2601604-07:00,4.923553,5.648624
2026-09-20T04:01:03.8622513-07:00,75532,2026-09-20T03:55:06.2601604-07:00,4.302048,5.648624
2026-09-20T04:01:05.8940480-07:00,75532,2026-09-20T03:55:06.2601604-07:00,5.030243,5.648624
2026-09-20T04:01:07.9183052-07:00,75532,2026-09-20T03:55:06.2601604-07:00,5.079216,5.648624
2026-09-20T04:01:09.9408233-07:00,75532,2026-09-20T03:55:06.2601604-07:00,5.154659,5.648624
2026-09-20T04:01:11.9644066-07:00,75532,2026-09-20T03:55:06.2601604-07:00,5.228291,5.648624
2026-09-20T04:01:13.9792655-07:00,75532,2026-09-20T03:55:06.2601604-07:00,5.239193,5.648624
2026-09-20T04:01:16.0046812-07:00,75532,2026-09-20T03:55:06.2601604-07:00,5.302074,5.648624
2026-09-20T04:01:18.0247434-07:00,75532,2026-09-20T03:55:06.2601604-07:00,5.379833,5.648624
2026-09-20T04:01:20.0686570-07:00,75532,2026-09-20T03:55:06.2601604-07:00,4.789658,5.648624
2026-09-20T04:01:22.0923515-07:00,75532,2026-09-20T03:55:06.2601604-07:00,4.927036,5.648624
2026-09-20T04:01:24.1101555-07:00,75532,2026-09-20T03:55:06.2601604-07:00,4.843880,5.648624
2026-09-20T04:01:26.1422054-07:00,75532,2026-09-20T03:55:06.2601604-07:00,4.863754,5.648624
2026-09-20T04:01:28.1767904-07:00,75532,2026-09-20T03:55:06.2601604-07:00,4.918564,5.648624
2026-09-20T04:01:30.2050066-07:00,75532,2026-09-20T03:55:06.2601604-07:00,4.508411,5.648624
2026-09-20T04:01:32.2303642-07:00,75532,2026-09-20T03:55:06.2601604-07:00,5.047394,5.648624
2026-09-20T04:01:34.2466166-07:00,75532,2026-09-20T03:55:06.2601604-07:00,5.038300,5.648624
2026-09-20T04:01:36.2784904-07:00,75532,2026-09-20T03:55:06.2601604-07:00,5.113735,5.648624
2026-09-20T04:01:38.3055495-07:00,75532,2026-09-20T03:55:06.2601604-07:00,5.189404,5.648624
2026-09-20T04:01:40.3283183-07:00,75532,2026-09-20T03:55:06.2601604-07:00,5.340706,5.648624
2026-09-20T04:01:42.3546255-07:00,75532,2026-09-20T03:55:06.2601604-07:00,5.266033,5.648624
2026-09-20T04:01:44.3684878-07:00,75532,2026-09-20T03:55:06.2601604-07:00,5.344856,5.648624
2026-09-20T04:01:46.3947223-07:00,75532,2026-09-20T03:55:06.2601604-07:00,5.422249,5.648624
2026-09-20T04:01:48.4441691-07:00,75532,2026-09-20T03:55:06.2601604-07:00,5.524010,5.648624
2026-09-20T04:01:50.4694318-07:00,75532,2026-09-20T03:55:06.2601604-07:00,3.264587,5.648624
2026-09-20T04:01:52.5058303-07:00,75532,2026-09-20T03:55:06.2601604-07:00,3.327286,5.648624
2026-09-20T04:01:54.5317036-07:00,75532,2026-09-20T03:55:06.2601604-07:00,4.832378,5.648624
2026-09-20T04:01:56.5807532-07:00,75532,2026-09-20T03:55:06.2601604-07:00,5.186806,5.648624
2026-09-20T04:01:58.6116747-07:00,75532,2026-09-20T03:55:06.2601604-07:00,5.211536,5.648624
2026-09-20T04:02:00.6286563-07:00,75532,2026-09-20T03:55:06.2601604-07:00,4.312523,5.648624
2026-09-20T04:02:02.6730706-07:00,75532,2026-09-20T03:55:06.2601604-07:00,4.864498,5.648624
2026-09-20T04:02:04.7024781-07:00,75532,2026-09-20T03:55:06.2601604-07:00,4.790119,5.648624
2026-09-20T04:02:06.7333037-07:00,75532,2026-09-20T03:55:06.2601604-07:00,4.811459,5.648624
2026-09-20T04:02:08.7546799-07:00,75532,2026-09-20T03:55:06.2601604-07:00,4.866257,5.648624
2026-09-20T04:02:10.7815593-07:00,75532,2026-09-20T03:55:06.2601604-07:00,4.193699,5.648624
2026-09-20T04:02:12.8091389-07:00,75532,2026-09-20T03:55:06.2601604-07:00,4.926754,5.648624
2026-09-20T04:02:14.8269556-07:00,75532,2026-09-20T03:55:06.2601604-07:00,4.999653,5.648624
2026-09-20T04:02:16.8658297-07:00,75532,2026-09-20T03:55:06.2601604-07:00,5.077278,5.648624
2026-09-20T04:02:18.8900931-07:00,75532,2026-09-20T03:55:06.2601604-07:00,5.150909,5.648624
2026-09-20T04:02:20.9029974-07:00,75532,2026-09-20T03:55:06.2601604-07:00,5.301537,5.648624
2026-09-20T04:02:22.9218890-07:00,75532,2026-09-20T03:55:06.2601604-07:00,5.227516,5.648624
2026-09-20T04:02:24.9604038-07:00,75532,2026-09-20T03:55:06.2601604-07:00,5.304932,5.648624
2026-09-20T04:02:26.9923192-07:00,75532,2026-09-20T03:55:06.2601604-07:00,5.380295,5.648624
2026-09-20T04:02:29.0208400-07:00,75532,2026-09-20T03:55:06.2601604-07:00,5.553196,5.648624
2026-09-20T04:02:31.0485887-07:00,75532,2026-09-20T03:55:06.2601604-07:00,4.670254,5.648624
2026-09-20T04:02:33.0707277-07:00,75532,2026-09-20T03:55:06.2601604-07:00,4.763153,5.648624
2026-09-20T04:02:35.1190741-07:00,75532,2026-09-20T03:55:06.2601604-07:00,4.808270,5.648624
2026-09-20T04:02:37.1387870-07:00,75532,2026-09-20T03:55:06.2601604-07:00,4.877174,5.648624
2026-09-20T04:02:39.1590536-07:00,75532,2026-09-20T03:55:06.2601604-07:00,5.022381,5.648624
2026-09-20T04:02:41.1820768-07:00,75532,2026-09-20T03:55:06.2601604-07:00,4.949718,5.648624
2026-09-20T04:02:43.2089881-07:00,75532,2026-09-20T03:55:06.2601604-07:00,5.019222,5.648624
2026-09-20T04:02:45.2539256-07:00,75532,2026-09-20T03:55:06.2601604-07:00,5.094051,5.648624
2026-09-20T04:02:47.2790602-07:00,75532,2026-09-20T03:55:06.2601604-07:00,5.013752,5.648624
2026-09-20T04:02:49.2926901-07:00,75532,2026-09-20T03:55:06.2601604-07:00,5.310303,5.648624
2026-09-20T04:02:51.3200627-07:00,75532,2026-09-20T03:55:06.2601604-07:00,5.243027,5.648624
2026-09-20T04:02:53.3716635-07:00,75532,2026-09-20T03:55:06.2601604-07:00,5.323246,5.648624
2026-09-20T04:02:55.3962974-07:00,75532,2026-09-20T03:55:06.2601604-07:00,5.405434,5.648624
2026-09-20T04:02:57.4264465-07:00,75532,2026-09-20T03:55:06.2601604-07:00,5.517094,5.648624
2026-09-20T04:02:59.4446556-07:00,75532,2026-09-20T03:55:06.2601604-07:00,3.177021,5.648624
2026-09-20T04:03:01.4729529-07:00,75532,2026-09-20T03:55:06.2601604-07:00,3.281898,5.648624
2026-09-20T04:03:03.5045680-07:00,75532,2026-09-20T03:55:06.2601604-07:00,5.119541,5.648624
2026-09-20T04:03:05.5286999-07:00,75532,2026-09-20T03:55:06.2601604-07:00,5.127335,5.648624
2026-09-20T04:03:07.5406158-07:00,75532,2026-09-20T03:55:06.2601604-07:00,5.156399,5.648624
2026-09-20T04:03:09.5599717-07:00,75532,2026-09-20T03:55:06.2601604-07:00,4.711430,5.648624
2026-09-20T04:03:11.5757115-07:00,75532,2026-09-20T03:55:06.2601604-07:00,4.838387,5.648624
2026-09-20T04:03:13.6021075-07:00,75532,2026-09-20T03:55:06.2601604-07:00,4.734669,5.648624
2026-09-20T04:03:15.6287789-07:00,75532,2026-09-20T03:55:06.2601604-07:00,4.769466,5.648624
2026-09-20T04:03:17.6538949-07:00,75532,2026-09-20T03:55:06.2601604-07:00,4.838242,5.648624
2026-09-20T04:03:19.6706493-07:00,75532,2026-09-20T03:55:06.2601604-07:00,4.189178,5.648624
2026-09-20T04:03:21.7003954-07:00,75532,2026-09-20T03:55:06.2601604-07:00,4.965450,5.648624
2026-09-20T04:03:23.7251769-07:00,75532,2026-09-20T03:55:06.2601604-07:00,4.986614,5.648624
2026-09-20T04:03:25.7478240-07:00,75532,2026-09-20T03:55:06.2601604-07:00,5.061138,5.648624
2026-09-20T04:03:27.7668585-07:00,75532,2026-09-20T03:55:06.2601604-07:00,5.138504,5.648624
2026-09-20T04:03:29.8052464-07:00,75532,2026-09-20T03:55:06.2601604-07:00,4.521305,5.648624
2026-09-20T04:03:31.8349458-07:00,75532,2026-09-20T03:55:06.2601604-07:00,5.250996,5.648624
2026-09-20T04:03:33.8651830-07:00,75532,2026-09-20T03:55:06.2601604-07:00,5.288357,5.648624
2026-09-20T04:03:35.8987951-07:00,75532,2026-09-20T03:55:06.2601604-07:00,5.367062,5.648624
2026-09-20T04:03:37.9209084-07:00,75532,2026-09-20T03:55:06.2601604-07:00,4.289249,5.648624
2026-09-20T04:03:39.9501708-07:00,75532,2026-09-20T03:55:06.2601604-07:00,4.851910,5.648624
2026-09-20T04:03:42.0028225-07:00,75532,2026-09-20T03:55:06.2601604-07:00,4.870499,5.648624
2026-09-20T04:03:44.0319386-07:00,75532,2026-09-20T03:55:06.2601604-07:00,4.891747,5.648624
2026-09-20T04:03:46.0654124-07:00,75532,2026-09-20T03:55:06.2601604-07:00,4.947796,5.648624
2026-09-20T04:03:48.0885784-07:00,75532,2026-09-20T03:55:06.2601604-07:00,4.302147,5.648624
2026-09-20T04:03:50.1112329-07:00,75532,2026-09-20T03:55:06.2601604-07:00,5.002594,5.648624
2026-09-20T04:03:52.1586696-07:00,75532,2026-09-20T03:55:06.2601604-07:00,5.057686,5.648624
2026-09-20T04:03:54.1871425-07:00,75532,2026-09-20T03:55:06.2601604-07:00,5.113705,5.648624
2026-09-20T04:03:56.2189122-07:00,75532,2026-09-20T03:55:06.2601604-07:00,4.755680,5.648624
2026-09-20T04:03:58.2573998-07:00,75532,2026-09-20T03:55:06.2601604-07:00,5.278950,5.648624
2026-09-20T04:04:00.2891245-07:00,75532,2026-09-20T03:55:06.2601604-07:00,5.252510,5.648624
2026-09-20T04:04:02.3126610-07:00,75532,2026-09-20T03:55:06.2601604-07:00,5.331028,5.648624
2026-09-20T04:04:04.3407292-07:00,75532,2026-09-20T03:55:06.2601604-07:00,5.411701,5.648624
2026-09-20T04:04:06.3529554-07:00,75532,2026-09-20T03:55:06.2601604-07:00,5.508194,5.648624
2026-09-20T04:04:08.3711682-07:00,75532,2026-09-20T03:55:06.2601604-07:00,3.286900,5.648624
2026-09-20T04:04:10.4024691-07:00,75532,2026-09-20T03:55:06.2601604-07:00,3.940758,5.648624
2026-09-20T04:04:12.4207495-07:00,75532,2026-09-20T03:55:06.2601604-07:00,5.197586,5.648624
2026-09-20T04:04:14.4525651-07:00,75532,2026-09-20T03:55:06.2601604-07:00,5.228607,5.648624
2026-09-20T04:04:16.4710529-07:00,75532,2026-09-20T03:55:06.2601604-07:00,5.230541,5.648624
2026-09-20T04:04:18.4986445-07:00,75532,2026-09-20T03:55:06.2601604-07:00,4.784153,5.648624
2026-09-20T04:04:20.5287296-07:00,75532,2026-09-20T03:55:06.2601604-07:00,4.926918,5.648624
2026-09-20T04:04:22.5505048-07:00,75532,2026-09-20T03:55:06.2601604-07:00,4.805630,5.648624
2026-09-20T04:04:24.5747738-07:00,75532,2026-09-20T03:55:06.2601604-07:00,4.827824,5.648624
2026-09-20T04:04:26.5952351-07:00,75532,2026-09-20T03:55:06.2601604-07:00,4.883564,5.648624
2026-09-20T04:04:28.6320767-07:00,75532,2026-09-20T03:55:06.2601604-07:00,4.938713,5.648624
2026-09-20T04:04:30.6553038-07:00,75532,2026-09-20T03:55:06.2601604-07:00,5.075787,5.648624
2026-09-20T04:04:32.6689827-07:00,75532,2026-09-20T03:55:06.2601604-07:00,4.996799,5.648624
2026-09-20T04:04:34.6842044-07:00,75532,2026-09-20T03:55:06.2601604-07:00,5.069981,5.648624
2026-09-20T04:04:36.7009666-07:00,75532,2026-09-20T03:55:06.2601604-07:00,5.146320,5.648624
2026-09-20T04:04:38.7488509-07:00,75532,2026-09-20T03:55:06.2601604-07:00,5.142250,5.648624
2026-09-20T04:04:40.7646813-07:00,75532,2026-09-20T03:55:06.2601604-07:00,5.353748,5.648624
2026-09-20T04:04:42.7944350-07:00,75532,2026-09-20T03:55:06.2601604-07:00,5.300686,5.648624
2026-09-20T04:04:44.8101669-07:00,75532,2026-09-20T03:55:06.2601604-07:00,5.376385,5.648624
2026-09-20T04:04:46.8385956-07:00,75532,2026-09-20T03:55:06.2601604-07:00,4.175282,5.648624
2026-09-20T04:04:48.8685586-07:00,75532,2026-09-20T03:55:06.2601604-07:00,4.862595,5.648624
2026-09-20T04:04:50.8965081-07:00,75532,2026-09-20T03:55:06.2601604-07:00,4.863110,5.648624
2026-09-20T04:04:52.9165194-07:00,75532,2026-09-20T03:55:06.2601604-07:00,4.885071,5.648624
2026-09-20T04:04:54.9425525-07:00,75532,2026-09-20T03:55:06.2601604-07:00,4.939877,5.648624
2026-09-20T04:04:56.9688664-07:00,75532,2026-09-20T03:55:06.2601604-07:00,5.082077,5.648624
2026-09-20T04:04:58.9985929-07:00,75532,2026-09-20T03:55:06.2601604-07:00,4.995392,5.648624
2026-09-20T04:05:01.0154405-07:00,75532,2026-09-20T03:55:06.2601604-07:00,5.050457,5.648624
2026-09-20T04:05:03.0440226-07:00,75532,2026-09-20T03:55:06.2601604-07:00,5.114304,5.648624
2026-09-20T04:05:05.0652095-07:00,75532,2026-09-20T03:55:06.2601604-07:00,4.498318,5.648624
2026-09-20T04:05:07.1000624-07:00,75532,2026-09-20T03:55:06.2601604-07:00,5.218754,5.648624
2026-09-20T04:05:09.1267148-07:00,75532,2026-09-20T03:55:06.2601604-07:00,5.266411,5.648624
2026-09-20T04:05:11.1552972-07:00,75532,2026-09-20T03:55:06.2601604-07:00,5.342468,5.648624
2026-09-20T04:05:13.1864160-07:00,75532,2026-09-20T03:55:06.2601604-07:00,5.422993,5.648624
2026-09-20T04:05:15.2163062-07:00,75532,2026-09-20T03:55:06.2601604-07:00,5.474747,5.648624
2026-09-20T04:05:17.2539898-07:00,75532,2026-09-20T03:55:06.2601604-07:00,3.388428,5.648624
2026-09-20T04:05:19.2777685-07:00,75532,2026-09-20T03:55:06.2601604-07:00,3.329144,5.648624
2026-09-20T04:05:21.2947018-07:00,75532,2026-09-20T03:55:06.2601604-07:00,5.075871,5.648624
2026-09-20T04:05:23.3223584-07:00,75532,2026-09-20T03:55:06.2601604-07:00,5.216526,5.648624
2026-09-20T04:05:25.3472740-07:00,75532,2026-09-20T03:55:06.2601604-07:00,5.239273,5.648624
2026-09-20T04:05:27.3672938-07:00,75532,2026-09-20T03:55:06.2601604-07:00,4.625038,5.648624
2026-09-20T04:05:29.3850361-07:00,75532,2026-09-20T03:55:06.2601604-07:00,4.849762,5.648624
2026-09-20T04:05:31.4115013-07:00,75532,2026-09-20T03:55:06.2601604-07:00,4.816723,5.648624
2026-09-20T04:05:33.4409764-07:00,75532,2026-09-20T03:55:06.2601604-07:00,4.837971,5.648624
2026-09-20T04:05:35.4884747-07:00,75532,2026-09-20T03:55:06.2601604-07:00,4.892765,5.648624
2026-09-20T04:05:37.5047803-07:00,75532,2026-09-20T03:55:06.2601604-07:00,4.236618,5.648624
2026-09-20T04:05:39.5298127-07:00,75532,2026-09-20T03:55:06.2601604-07:00,4.947559,5.648624
2026-09-20T04:05:41.5485312-07:00,75532,2026-09-20T03:55:06.2601604-07:00,5.007122,5.648624
2026-09-20T04:05:43.5761356-07:00,75532,2026-09-20T03:55:06.2601604-07:00,5.078728,5.648624
2026-09-20T04:05:45.6160094-07:00,75532,2026-09-20T03:55:06.2601604-07:00,5.156170,5.648624
2026-09-20T04:05:47.6343410-07:00,75532,2026-09-20T03:55:06.2601604-07:00,5.304634,5.648624
2026-09-20T04:05:49.6607485-07:00,75532,2026-09-20T03:55:06.2601604-07:00,5.234940,5.648624
2026-09-20T04:05:51.6808895-07:00,75532,2026-09-20T03:55:06.2601604-07:00,5.309097,5.648624
2026-09-20T04:05:53.7226627-07:00,75532,2026-09-20T03:55:06.2601604-07:00,5.385433,5.648624
2026-09-20T04:05:55.7457585-07:00,75532,2026-09-20T03:55:06.2601604-07:00,5.552109,5.648624
2026-09-20T04:05:57.7687160-07:00,75532,2026-09-20T03:55:06.2601604-07:00,4.834846,5.648624
2026-09-20T04:05:59.7786007-07:00,75532,2026-09-20T03:55:06.2601604-07:00,4.889942,5.648624
2026-09-20T04:06:01.8150448-07:00,75532,2026-09-20T03:55:06.2601604-07:00,4.811291,5.648624
2026-09-20T04:06:03.8667498-07:00,75532,2026-09-20T03:55:06.2601604-07:00,4.999062,5.648624
2026-09-20T04:06:05.8874948-07:00,75532,2026-09-20T03:55:06.2601604-07:00,4.965984,5.648624
2026-09-20T04:06:07.9044388-07:00,75532,2026-09-20T03:55:06.2601604-07:00,5.020779,5.648624
2026-09-20T04:06:09.9207165-07:00,75532,2026-09-20T03:55:06.2601604-07:00,5.075905,5.648624
2026-09-20T04:06:11.9589195-07:00,75532,2026-09-20T03:55:06.2601604-07:00,4.442295,5.648624
2026-09-20T04:06:13.9890627-07:00,75532,2026-09-20T03:55:06.2601604-07:00,5.185360,5.648624
2026-09-20T04:06:16.0182036-07:00,75532,2026-09-20T03:55:06.2601604-07:00,5.198479,5.648624
2026-09-20T04:06:18.0487290-07:00,75532,2026-09-20T03:55:06.2601604-07:00,5.269093,5.648624
2026-09-20T04:06:20.0810211-07:00,75532,2026-09-20T03:55:06.2601604-07:00,5.346161,5.648624
2026-09-20T04:06:22.1138639-07:00,75532,2026-09-20T03:55:06.2601604-07:00,4.676876,5.648624
2026-09-20T04:06:24.1424761-07:00,75532,2026-09-20T03:55:06.2601604-07:00,5.422092,5.648624
2026-09-20T04:06:26.1670608-07:00,75532,2026-09-20T03:55:06.2601604-07:00,3.330002,5.648624
2026-09-20T04:06:28.2059284-07:00,75532,2026-09-20T03:55:06.2601604-07:00,3.337212,5.648624
2026-09-20T04:06:30.2348716-07:00,75532,2026-09-20T03:55:06.2601604-07:00,3.288551,5.648624
2026-09-20T04:06:32.2710282-07:00,75532,2026-09-20T03:55:06.2601604-07:00,3.298866,5.648624
2026-09-20T04:06:34.2962762-07:00,75532,2026-09-20T03:55:06.2601604-07:00,3.360157,5.648624
2026-09-20T04:06:36.3139339-07:00,75532,2026-09-20T03:55:06.2601604-07:00,5.195560,5.648624
2026-09-20T04:06:38.3323134-07:00,75532,2026-09-20T03:55:06.2601604-07:00,5.203354,5.648624
2026-09-20T04:06:40.3625341-07:00,75532,2026-09-20T03:55:06.2601604-07:00,5.228382,5.648624
2026-09-20T04:06:42.3912523-07:00,75532,2026-09-20T03:55:06.2601604-07:00,4.779545,5.648624
2026-09-20T04:06:44.4158940-07:00,75532,2026-09-20T03:55:06.2601604-07:00,4.916435,5.648624
2026-09-20T04:06:46.4302502-07:00,75532,2026-09-20T03:55:06.2601604-07:00,4.800816,5.648624
2026-09-20T04:06:48.4526627-07:00,75532,2026-09-20T03:55:06.2601604-07:00,4.824261,5.648624
2026-09-20T04:06:50.4590793-07:00,75532,2026-09-20T03:55:06.2601604-07:00,4.890045,5.648624
2026-09-20T04:06:52.4990412-07:00,75532,2026-09-20T03:55:06.2601604-07:00,4.879692,5.648624
2026-09-20T04:06:54.5241516-07:00,75532,2026-09-20T03:55:06.2601604-07:00,5.094902,5.648624
2026-09-20T04:06:56.5433455-07:00,75532,2026-09-20T03:55:06.2601604-07:00,5.026806,5.648624
2026-09-20T04:06:58.5632215-07:00,75532,2026-09-20T03:55:06.2601604-07:00,5.094730,5.648624
2026-09-20T04:07:00.6054127-07:00,75532,2026-09-20T03:55:06.2601604-07:00,5.165062,5.648624
2026-09-20T04:07:02.6236270-07:00,75532,2026-09-20T03:55:06.2601604-07:00,4.672352,5.648624
2026-09-20T04:07:04.6489191-07:00,75532,2026-09-20T03:55:06.2601604-07:00,5.292889,5.648624
2026-09-20T04:07:06.6690382-07:00,75532,2026-09-20T03:55:06.2601604-07:00,5.317146,5.648624
2026-09-20T04:07:08.6889371-07:00,75532,2026-09-20T03:55:06.2601604-07:00,5.393826,5.648624
2026-09-20T04:07:10.7223761-07:00,75532,2026-09-20T03:55:06.2601604-07:00,4.319481,5.648624
2026-09-20T04:07:12.7493010-07:00,75532,2026-09-20T03:55:06.2601604-07:00,4.892731,5.648624
2026-09-20T04:07:14.7793012-07:00,75532,2026-09-20T03:55:06.2601604-07:00,4.907276,5.648624
2026-09-20T04:07:16.7947770-07:00,75532,2026-09-20T03:55:06.2601604-07:00,4.928547,5.648624
2026-09-20T04:07:18.8223108-07:00,75532,2026-09-20T03:55:06.2601604-07:00,4.983677,5.648624
2026-09-20T04:07:20.8564483-07:00,75532,2026-09-20T03:55:06.2601604-07:00,4.349709,5.648624
2026-09-20T04:07:22.8800173-07:00,75532,2026-09-20T03:55:06.2601604-07:00,5.061798,5.648624
2026-09-20T04:07:24.9031417-07:00,75532,2026-09-20T03:55:06.2601604-07:00,5.093311,5.648624
2026-09-20T04:07:26.9193355-07:00,75532,2026-09-20T03:55:06.2601604-07:00,5.148365,5.648624
2026-09-20T04:07:28.9493036-07:00,75532,2026-09-20T03:55:06.2601604-07:00,5.206455,5.648624
2026-09-20T04:07:30.9712349-07:00,75532,2026-09-20T03:55:06.2601604-07:00,5.372841,5.648624
2026-09-20T04:07:32.9843752-07:00,75532,2026-09-20T03:55:06.2601604-07:00,5.277855,5.648624
2026-09-20T04:07:35.0186654-07:00,75532,2026-09-20T03:55:06.2601604-07:00,5.351978,5.648624
2026-09-20T04:07:37.0475054-07:00,75532,2026-09-20T03:55:06.2601604-07:00,5.428726,5.648624
2026-09-20T04:07:39.0798457-07:00,75532,2026-09-20T03:55:06.2601604-07:00,5.588898,5.648624
2026-09-20T04:07:41.1105936-07:00,75532,2026-09-20T03:55:06.2601604-07:00,3.333542,5.648624
2026-09-20T04:07:43.1406934-07:00,75532,2026-09-20T03:55:06.2601604-07:00,3.316494,5.648624
2026-09-20T04:07:45.1714267-07:00,75532,2026-09-20T03:55:06.2601604-07:00,3.345730,5.648624
2026-09-20T04:07:47.1992260-07:00,75532,2026-09-20T03:55:06.2601604-07:00,3.333832,5.648624
2026-09-20T04:07:49.2368649-07:00,75532,2026-09-20T03:55:06.2601604-07:00,3.876637,5.648624
2026-09-20T04:07:51.2623097-07:00,75532,2026-09-20T03:55:06.2601604-07:00,5.230537,5.648624
2026-09-20T04:07:53.2687387-07:00,75532,2026-09-20T03:55:06.2601604-07:00,5.012249,5.648624
2026-09-20T04:07:55.3032785-07:00,75532,2026-09-20T03:55:06.2601604-07:00,5.358646,5.648624
2026-09-20T04:07:57.3386376-07:00,75532,2026-09-20T03:55:06.2601604-07:00,4.819126,5.648624
2026-09-20T04:07:59.3587833-07:00,75532,2026-09-20T03:55:06.2601604-07:00,4.840706,5.648624
2026-09-20T04:08:01.3816300-07:00,75532,2026-09-20T03:55:06.2601604-07:00,4.251926,5.648624
2026-09-20T04:08:03.4014460-07:00,75532,2026-09-20T03:55:06.2601604-07:00,4.916264,5.648624
2026-09-20T04:08:05.4287543-07:00,75532,2026-09-20T03:55:06.2601604-07:00,4.916794,5.648624
2026-09-20T04:08:07.4609752-07:00,75532,2026-09-20T03:55:06.2601604-07:00,4.971699,5.648624
2026-09-20T04:08:09.4847279-07:00,75532,2026-09-20T03:55:06.2601604-07:00,4.387142,5.648624
2026-09-20T04:08:11.5153103-07:00,75532,2026-09-20T03:55:06.2601604-07:00,5.088181,5.648624
2026-09-20T04:08:13.5464102-07:00,75532,2026-09-20T03:55:06.2601604-07:00,5.104813,5.648624
2026-09-20T04:08:15.5793893-07:00,75532,2026-09-20T03:55:06.2601604-07:00,5.174526,5.648624
2026-09-20T04:08:17.6350091-07:00,75532,2026-09-20T03:55:06.2601604-07:00,5.248856,5.648624
2026-09-20T04:08:19.6492004-07:00,75532,2026-09-20T03:55:06.2601604-07:00,4.636642,5.648624
2026-09-20T04:08:21.6618553-07:00,75532,2026-09-20T03:55:06.2601604-07:00,5.378979,5.648624
2026-09-20T04:08:23.6815146-07:00,75532,2026-09-20T03:55:06.2601604-07:00,5.402035,5.648624
2026-09-20T04:08:25.7189950-07:00,75532,2026-09-20T03:55:06.2601604-07:00,4.812031,5.648624
2026-09-20T04:08:27.7387357-07:00,75532,2026-09-20T03:55:06.2601604-07:00,4.948921,5.648624
2026-09-20T04:08:29.7707039-07:00,75532,2026-09-20T03:55:06.2601604-07:00,4.866848,5.648624
2026-09-20T04:08:31.7980036-07:00,75532,2026-09-20T03:55:06.2601604-07:00,4.888103,5.648624
2026-09-20T04:08:33.8343645-07:00,75532,2026-09-20T03:55:06.2601604-07:00,4.942932,5.648624
2026-09-20T04:08:35.8743435-07:00,75532,2026-09-20T03:55:06.2601604-07:00,4.997837,5.648624
2026-09-20T04:08:37.9028462-07:00,75532,2026-09-20T03:55:06.2601604-07:00,5.134731,5.648624
2026-09-20T04:08:39.9244612-07:00,75532,2026-09-20T03:55:06.2601604-07:00,5.062958,5.648624
2026-09-20T04:08:41.9491000-07:00,75532,2026-09-20T03:55:06.2601604-07:00,5.133015,5.648624
2026-09-20T04:08:43.9735306-07:00,75532,2026-09-20T03:55:06.2601604-07:00,5.207859,5.648624
2026-09-20T04:08:46.0108498-07:00,75532,2026-09-20T03:55:06.2601604-07:00,5.282627,5.648624
2026-09-20T04:08:48.0346413-07:00,75532,2026-09-20T03:55:06.2601604-07:00,5.429214,5.648624
2026-09-20T04:08:50.0601489-07:00,75532,2026-09-20T03:55:06.2601604-07:00,5.358219,5.648624
2026-09-20T04:08:52.0843920-07:00,75532,2026-09-20T03:55:06.2601604-07:00,5.433876,5.648624
2026-09-20T04:08:54.1143560-07:00,75532,2026-09-20T03:55:06.2601604-07:00,5.599411,5.648624
2026-09-20T04:08:56.1633869-07:00,75532,2026-09-20T03:55:06.2601604-07:00,3.393929,5.648624
2026-09-20T04:08:58.1831970-07:00,75532,2026-09-20T03:55:06.2601604-07:00,3.342278,5.648624
2026-09-20T04:09:00.2124170-07:00,75532,2026-09-20T03:55:06.2601604-07:00,3.328487,5.648624
2026-09-20T04:09:02.2286601-07:00,75532,2026-09-20T03:55:06.2601604-07:00,3.325294,5.648624
2026-09-20T04:09:04.2786211-07:00,75532,2026-09-20T03:55:06.2601604-07:00,4.109940,5.648624
2026-09-20T04:09:06.2942170-07:00,75532,2026-09-20T03:55:06.2601604-07:00,5.245129,5.648624
2026-09-20T04:09:08.3205829-07:00,75532,2026-09-20T03:55:06.2601604-07:00,5.274967,5.648624
2026-09-20T04:09:10.3371364-07:00,75532,2026-09-20T03:55:06.2601604-07:00,5.411858,5.648624
2026-09-20T04:09:12.3566233-07:00,75532,2026-09-20T03:55:06.2601604-07:00,4.827541,5.648624
2026-09-20T04:09:14.3900742-07:00,75532,2026-09-20T03:55:06.2601604-07:00,4.848812,5.648624
2026-09-20T04:09:16.4078855-07:00,75532,2026-09-20T03:55:06.2601604-07:00,4.740868,5.648624
2026-09-20T04:09:18.4342854-07:00,75532,2026-09-20T03:55:06.2601604-07:00,5.006973,5.648624
2026-09-20T04:09:20.4590131-07:00,75532,2026-09-20T03:55:06.2601604-07:00,4.924900,5.648624
2026-09-20T04:09:22.4790649-07:00,75532,2026-09-20T03:55:06.2601604-07:00,4.979717,5.648624
2026-09-20T04:09:24.5037810-07:00,75532,2026-09-20T03:55:06.2601604-07:00,5.048145,5.648624
2026-09-20T04:09:26.5296009-07:00,75532,2026-09-20T03:55:06.2601604-07:00,4.768032,5.648624
2026-09-20T04:09:28.5613525-07:00,75532,2026-09-20T03:55:06.2601604-07:00,5.211758,5.648624
2026-09-20T04:09:30.5788063-07:00,75532,2026-09-20T03:55:06.2601604-07:00,5.187538,5.648624
2026-09-20T04:09:32.6141086-07:00,75532,2026-09-20T03:55:06.2601604-07:00,5.257206,5.648624
2026-09-20T04:09:34.6392337-07:00,75532,2026-09-20T03:55:06.2601604-07:00,5.332287,5.648624
2026-09-20T04:09:36.6690101-07:00,75532,2026-09-20T03:55:06.2601604-07:00,4.691399,5.648624
2026-09-20T04:09:38.6893508-07:00,75532,2026-09-20T03:55:06.2601604-07:00,5.461243,5.648624
2026-09-20T04:09:40.7193777-07:00,75532,2026-09-20T03:55:06.2601604-07:00,4.844521,5.648624
2026-09-20T04:09:42.7442096-07:00,75532,2026-09-20T03:55:06.2601604-07:00,4.899590,5.648624
2026-09-20T04:09:44.7651848-07:00,75532,2026-09-20T03:55:06.2601604-07:00,4.232075,5.648624
2026-09-20T04:09:46.7951498-07:00,75532,2026-09-20T03:55:06.2601604-07:00,4.975151,5.648624
2026-09-20T04:09:48.8112674-07:00,75532,2026-09-20T03:55:06.2601604-07:00,4.975681,5.648624
2026-09-20T04:09:50.8410072-07:00,75532,2026-09-20T03:55:06.2601604-07:00,5.030582,5.648624
2026-09-20T04:09:52.8939881-07:00,75532,2026-09-20T03:55:06.2601604-07:00,5.085400,5.648624
2026-09-20T04:09:54.9241135-07:00,75532,2026-09-20T03:55:06.2601604-07:00,4.456532,5.648624
2026-09-20T04:09:56.9489617-07:00,75532,2026-09-20T03:55:06.2601604-07:00,5.199604,5.648624
2026-09-20T04:09:58.9733603-07:00,75532,2026-09-20T03:55:06.2601604-07:00,5.215908,5.648624
2026-09-20T04:10:00.9976967-07:00,75532,2026-09-20T03:55:06.2601604-07:00,5.289150,5.648624
2026-09-20T04:10:03.0398003-07:00,75532,2026-09-20T03:55:06.2601604-07:00,5.363945,5.648624
2026-09-20T04:10:05.0654894-07:00,75532,2026-09-20T03:55:06.2601604-07:00,4.817387,5.648624
2026-09-20T04:10:07.0922519-07:00,75532,2026-09-20T03:55:06.2601604-07:00,5.440277,5.648624
2026-09-20T04:10:09.1127799-07:00,75532,2026-09-20T03:55:06.2601604-07:00,3.181557,5.648624
2026-09-20T04:10:11.1504728-07:00,75532,2026-09-20T03:55:06.2601604-07:00,3.252064,5.648624
2026-09-20T04:10:13.1670411-07:00,75532,2026-09-20T03:55:06.2601604-07:00,3.191727,5.648624
2026-09-20T04:10:15.2001964-07:00,75532,2026-09-20T03:55:06.2601604-07:00,3.223415,5.648624
2026-09-20T04:10:17.2223675-07:00,75532,2026-09-20T03:55:06.2601604-07:00,3.248180,5.648624
2026-09-20T04:10:19.2556790-07:00,75532,2026-09-20T03:55:06.2601604-07:00,3.838570,5.648624
2026-09-20T04:10:21.2912133-07:00,75532,2026-09-20T03:55:06.2601604-07:00,5.186626,5.648624
2026-09-20T04:10:23.3151907-07:00,75532,2026-09-20T03:55:06.2601604-07:00,5.219074,5.648624
2026-09-20T04:10:25.3435563-07:00,75532,2026-09-20T03:55:06.2601604-07:00,5.355965,5.648624
2026-09-20T04:10:27.3760320-07:00,75532,2026-09-20T03:55:06.2601604-07:00,4.770687,5.648624
2026-09-20T04:10:29.3938939-07:00,75532,2026-09-20T03:55:06.2601604-07:00,4.792583,5.648624
2026-09-20T04:10:31.4387578-07:00,75532,2026-09-20T03:55:06.2601604-07:00,4.681564,5.648624
2026-09-20T04:10:33.4687461-07:00,75532,2026-09-20T03:55:06.2601604-07:00,4.948696,5.648624
2026-09-20T04:10:35.5000450-07:00,75532,2026-09-20T03:55:06.2601604-07:00,4.887287,5.648624
2026-09-20T04:10:37.5088007-07:00,75532,2026-09-20T03:55:06.2601604-07:00,4.955887,5.648624
2026-09-20T04:10:39.5486637-07:00,75532,2026-09-20T03:55:06.2601604-07:00,5.025169,5.648624
2026-09-20T04:10:41.5789655-07:00,75532,2026-09-20T03:55:06.2601604-07:00,4.444588,5.648624
2026-09-20T04:10:43.6079657-07:00,75532,2026-09-20T03:55:06.2601604-07:00,5.143826,5.648624
2026-09-20T04:10:45.6279687-07:00,75532,2026-09-20T03:55:06.2601604-07:00,5.160629,5.648624
2026-09-20T04:10:47.6492193-07:00,75532,2026-09-20T03:55:06.2601604-07:00,5.232967,5.648624
2026-09-20T04:10:49.6990650-07:00,75532,2026-09-20T03:55:06.2601604-07:00,5.310955,5.648624
2026-09-20T04:10:51.7163404-07:00,75532,2026-09-20T03:55:06.2601604-07:00,5.083248,5.648624
2026-09-20T04:10:53.7342153-07:00,75532,2026-09-20T03:55:06.2601604-07:00,5.385803,5.648624
2026-09-20T04:10:55.7693542-07:00,75532,2026-09-20T03:55:06.2601604-07:00,4.841702,5.648624
2026-09-20T04:10:57.7942808-07:00,75532,2026-09-20T03:55:06.2601604-07:00,4.896931,5.648624
2026-09-20T04:10:59.8292469-07:00,75532,2026-09-20T03:55:06.2601604-07:00,5.033825,5.648624
2026-09-20T04:11:01.8425706-07:00,75532,2026-09-20T03:55:06.2601604-07:00,4.918221,5.648624
2026-09-20T04:11:03.8690646-07:00,75532,2026-09-20T03:55:06.2601604-07:00,4.973217,5.648624
2026-09-20T04:11:05.8954116-07:00,75532,2026-09-20T03:55:06.2601604-07:00,5.028042,5.648624
2026-09-20T04:11:07.9271758-07:00,75532,2026-09-20T03:55:06.2601604-07:00,4.610119,5.648624
2026-09-20T04:11:09.9513905-07:00,75532,2026-09-20T03:55:06.2601604-07:00,5.190182,5.648624
2026-09-20T04:11:11.9703900-07:00,75532,2026-09-20T03:55:06.2601604-07:00,5.138351,5.648624
2026-09-20T04:11:13.9888547-07:00,75532,2026-09-20T03:55:06.2601604-07:00,5.201984,5.648624
2026-09-20T04:11:16.0064340-07:00,75532,2026-09-20T03:55:06.2601604-07:00,5.273853,5.648624
2026-09-20T04:11:18.0486509-07:00,75532,2026-09-20T03:55:06.2601604-07:00,4.636879,5.648624
2026-09-20T04:11:20.0726259-07:00,75532,2026-09-20T03:55:06.2601604-07:00,5.385124,5.648624
2026-09-20T04:11:22.0893279-07:00,75532,2026-09-20T03:55:06.2601604-07:00,5.423946,5.648624
2026-09-20T04:11:24.1105643-07:00,75532,2026-09-20T03:55:06.2601604-07:00,3.305161,5.648624
2026-09-20T04:11:26.1326631-07:00,75532,2026-09-20T03:55:06.2601604-07:00,3.297226,5.648624
2026-09-20T04:11:28.1730496-07:00,75532,2026-09-20T03:55:06.2601604-07:00,3.316704,5.648624
2026-09-20T04:11:30.1835778-07:00,75532,2026-09-20T03:55:06.2601604-07:00,3.300682,5.648624
2026-09-20T04:11:32.2072546-07:00,75532,2026-09-20T03:55:06.2601604-07:00,3.290329,5.648624
2026-09-20T04:11:34.2316084-07:00,75532,2026-09-20T03:55:06.2601604-07:00,3.304836,5.648624
2026-09-20T04:11:36.2518695-07:00,75532,2026-09-20T03:55:06.2601604-07:00,4.528416,5.648624
2026-09-20T04:11:38.2594559-07:00,75532,2026-09-20T03:55:06.2601604-07:00,5.229881,5.648624
2026-09-20T04:11:40.2787785-07:00,75532,2026-09-20T03:55:06.2601604-07:00,5.260582,5.648624
2026-09-20T04:11:42.3011668-07:00,75532,2026-09-20T03:55:06.2601604-07:00,5.410988,5.648624
2026-09-20T04:11:44.3192550-07:00,75532,2026-09-20T03:55:06.2601604-07:00,4.811016,5.648624
2026-09-20T04:11:46.3495541-07:00,75532,2026-09-20T03:55:06.2601604-07:00,4.832596,5.648624
2026-09-20T04:11:48.3691245-07:00,75532,2026-09-20T03:55:06.2601604-07:00,4.853867,5.648624
2026-09-20T04:11:50.3890392-07:00,75532,2026-09-20T03:55:06.2601604-07:00,4.219898,5.648624
2026-09-20T04:11:52.3994294-07:00,75532,2026-09-20T03:55:06.2601604-07:00,4.962971,5.648624
2026-09-20T04:11:54.4215670-07:00,75532,2026-09-20T03:55:06.2601604-07:00,4.970657,5.648624
2026-09-20T04:11:56.4633152-07:00,75532,2026-09-20T03:55:06.2601604-07:00,5.038574,5.648624
2026-09-20T04:11:58.4845064-07:00,75532,2026-09-20T03:55:06.2601604-07:00,5.108742,5.648624
2026-09-20T04:12:00.5162198-07:00,75532,2026-09-20T03:55:06.2601604-07:00,4.488392,5.648624
2026-09-20T04:12:02.5501657-07:00,75532,2026-09-20T03:55:06.2601604-07:00,5.232197,5.648624
2026-09-20T04:12:04.5989034-07:00,75532,2026-09-20T03:55:06.2601604-07:00,5.247940,5.648624
2026-09-20T04:12:06.6233186-07:00,75532,2026-09-20T03:55:06.2601604-07:00,5.318531,5.648624
2026-09-20T04:12:08.6490400-07:00,75532,2026-09-20T03:55:06.2601604-07:00,5.393925,5.648624
2026-09-20T04:12:10.6730097-07:00,75532,2026-09-20T03:55:06.2601604-07:00,5.553986,5.648624
2026-09-20T04:12:12.6917753-07:00,75532,2026-09-20T03:55:06.2601604-07:00,4.812405,5.648624
2026-09-20T04:12:14.7246039-07:00,75532,2026-09-20T03:55:06.2601604-07:00,4.867397,5.648624
2026-09-20T04:12:16.7498033-07:00,75532,2026-09-20T03:55:06.2601604-07:00,4.888687,5.648624
2026-09-20T04:12:18.7652593-07:00,75532,2026-09-20T03:55:06.2601604-07:00,4.242859,5.648624
2026-09-20T04:12:20.7795756-07:00,75532,2026-09-20T03:55:06.2601604-07:00,4.943836,5.648624
2026-09-20T04:12:22.8093703-07:00,75532,2026-09-20T03:55:06.2601604-07:00,4.999664,5.648624
2026-09-20T04:12:24.8502191-07:00,75532,2026-09-20T03:55:06.2601604-07:00,5.067123,5.648624
2026-09-20T04:12:26.8649142-07:00,75532,2026-09-20T03:55:06.2601604-07:00,4.835255,5.648624
2026-09-20T04:12:28.8850149-07:00,75532,2026-09-20T03:55:06.2601604-07:00,5.135014,5.648624
2026-09-20T04:12:30.9139894-07:00,75532,2026-09-20T03:55:06.2601604-07:00,5.203163,5.648624
2026-09-20T04:12:32.9335458-07:00,75532,2026-09-20T03:55:06.2601604-07:00,5.275440,5.648624
2026-09-20T04:12:34.9841195-07:00,75532,2026-09-20T03:55:06.2601604-07:00,4.656582,5.648624
2026-09-20T04:12:37.0017310-07:00,75532,2026-09-20T03:55:06.2601604-07:00,5.357254,5.648624
2026-09-20T04:12:39.0343920-07:00,75532,2026-09-20T03:55:06.2601604-07:00,5.432400,5.648624
2026-09-20T04:12:41.0530210-07:00,75532,2026-09-20T03:55:06.2601604-07:00,3.558231,5.648624
2026-09-20T04:12:43.1092298-07:00,75532,2026-09-20T03:55:06.2601604-07:00,3.406124,5.648624
2026-09-20T04:12:45.1286922-07:00,75532,2026-09-20T03:55:06.2601604-07:00,3.326824,5.648624
2026-09-20T04:12:47.1472818-07:00,75532,2026-09-20T03:55:06.2601604-07:00,3.318947,5.648624
2026-09-20T04:12:49.1706143-07:00,75532,2026-09-20T03:55:06.2601604-07:00,3.333878,5.648624
2026-09-20T04:12:51.1927965-07:00,75532,2026-09-20T03:55:06.2601604-07:00,3.329144,5.648624
2026-09-20T04:12:53.2332488-07:00,75532,2026-09-20T03:55:06.2601604-07:00,4.184513,5.648624
2026-09-20T04:12:55.2694895-07:00,75532,2026-09-20T03:55:06.2601604-07:00,5.241188,5.648624
2026-09-20T04:12:57.2922464-07:00,75532,2026-09-20T03:55:06.2601604-07:00,5.248981,5.648624
2026-09-20T04:12:59.3167989-07:00,75532,2026-09-20T03:55:06.2601604-07:00,5.273670,5.648624
2026-09-20T04:13:01.3454254-07:00,75532,2026-09-20T03:55:06.2601604-07:00,4.831333,5.648624
2026-09-20T04:13:03.3876702-07:00,75532,2026-09-20T03:55:06.2601604-07:00,4.968224,5.648624
2026-09-20T04:13:05.4087067-07:00,75532,2026-09-20T03:55:06.2601604-07:00,4.852604,5.648624
2026-09-20T04:13:07.4292897-07:00,75532,2026-09-20T03:55:06.2601604-07:00,4.873875,5.648624
2026-09-20T04:13:09.4524525-07:00,75532,2026-09-20T03:55:06.2601604-07:00,4.928696,5.648624
2026-09-20T04:13:11.4794739-07:00,75532,2026-09-20T03:55:06.2601604-07:00,4.258423,5.648624
2026-09-20T04:13:13.4992424-07:00,75532,2026-09-20T03:55:06.2601604-07:00,4.983524,5.648624
2026-09-20T04:13:15.5305281-07:00,75532,2026-09-20T03:55:06.2601604-07:00,5.041981,5.648624
2026-09-20T04:13:17.5610155-07:00,75532,2026-09-20T03:55:06.2601604-07:00,5.111862,5.648624
2026-09-20T04:13:19.5905965-07:00,75532,2026-09-20T03:55:06.2601604-07:00,5.182236,5.648624
2026-09-20T04:13:21.6263267-07:00,75532,2026-09-20T03:55:06.2601604-07:00,5.331200,5.648624
2026-09-20T04:13:23.6590209-07:00,75532,2026-09-20T03:55:06.2601604-07:00,5.250492,5.648624
2026-09-20T04:13:25.6777298-07:00,75532,2026-09-20T03:55:06.2601604-07:00,5.322842,5.648624
2026-09-20T04:13:27.7031535-07:00,75532,2026-09-20T03:55:06.2601604-07:00,5.398052,5.648624
2026-09-20T04:13:29.7300240-07:00,75532,2026-09-20T03:55:06.2601604-07:00,5.559731,5.648624
2026-09-20T04:13:31.7603560-07:00,75532,2026-09-20T03:55:06.2601604-07:00,4.837837,5.648624
2026-09-20T04:13:33.7792847-07:00,75532,2026-09-20T03:55:06.2601604-07:00,4.892673,5.648624
2026-09-20T04:13:35.8035802-07:00,75532,2026-09-20T03:55:06.2601604-07:00,4.914680,5.648624
2026-09-20T04:13:37.8314629-07:00,75532,2026-09-20T03:55:06.2601604-07:00,4.363098,5.648624
2026-09-20T04:13:39.8626949-07:00,75532,2026-09-20T03:55:06.2601604-07:00,5.023804,5.648624
2026-09-20T04:13:41.8842845-07:00,75532,2026-09-20T03:55:06.2601604-07:00,5.024364,5.648624
2026-09-20T04:13:43.9051018-07:00,75532,2026-09-20T03:55:06.2601604-07:00,5.079231,5.648624
2026-09-20T04:13:45.9242118-07:00,75532,2026-09-20T03:55:06.2601604-07:00,5.142036,5.648624
2026-09-20T04:13:47.9529885-07:00,75532,2026-09-20T03:55:06.2601604-07:00,4.478271,5.648624
2026-09-20T04:13:49.9845666-07:00,75532,2026-09-20T03:55:06.2601604-07:00,5.212219,5.648624
2026-09-20T04:13:52.0071320-07:00,75532,2026-09-20T03:55:06.2601604-07:00,5.282272,5.648624
2026-09-20T04:13:54.0348467-07:00,75532,2026-09-20T03:55:06.2601604-07:00,5.358555,5.648624
2026-09-20T04:13:56.0595504-07:00,75532,2026-09-20T03:55:06.2601604-07:00,5.437641,5.648624
2026-09-20T04:13:58.0816272-07:00,75532,2026-09-20T03:55:06.2601604-07:00,5.485214,5.648624
2026-09-20T04:14:00.1178982-07:00,75532,2026-09-20T03:55:06.2601604-07:00,3.406231,5.648624
2026-09-20T04:14:02.1291529-07:00,75532,2026-09-20T03:55:06.2601604-07:00,3.322628,5.648624
2026-09-20T04:14:04.1412361-07:00,75532,2026-09-20T03:55:06.2601604-07:00,3.293800,5.648624
2026-09-20T04:14:06.1660253-07:00,75532,2026-09-20T03:55:06.2601604-07:00,3.328442,5.648624
2026-09-20T04:14:08.1942592-07:00,75532,2026-09-20T03:55:06.2601604-07:00,3.293716,5.648624
2026-09-20T04:14:10.2148073-07:00,75532,2026-09-20T03:55:06.2601604-07:00,3.348389,5.648624
2026-09-20T04:14:12.2340952-07:00,75532,2026-09-20T03:55:06.2601604-07:00,4.522350,5.648624
2026-09-20T04:14:14.2671529-07:00,75532,2026-09-20T03:55:06.2601604-07:00,5.232037,5.648624
2026-09-20T04:14:16.2898182-07:00,75532,2026-09-20T03:55:06.2601604-07:00,5.265579,5.648624
2026-09-20T04:14:18.3266587-07:00,75532,2026-09-20T03:55:06.2601604-07:00,5.230259,5.648624
2026-09-20T04:14:20.3408670-07:00,75532,2026-09-20T03:55:06.2601604-07:00,4.818645,5.648624
2026-09-20T04:14:22.3628867-07:00,75532,2026-09-20T03:55:06.2601604-07:00,4.839920,5.648624
2026-09-20T04:14:24.3788715-07:00,75532,2026-09-20T03:55:06.2601604-07:00,4.861202,5.648624
2026-09-20T04:14:26.4055265-07:00,75532,2026-09-20T03:55:06.2601604-07:00,4.388260,5.648624
2026-09-20T04:14:28.4268876-07:00,75532,2026-09-20T03:55:06.2601604-07:00,4.970318,5.648624
2026-09-20T04:14:30.4488811-07:00,75532,2026-09-20T03:55:06.2601604-07:00,4.973270,5.648624
2026-09-20T04:14:32.4725563-07:00,75532,2026-09-20T03:55:06.2601604-07:00,5.043560,5.648624
2026-09-20T04:14:34.4994709-07:00,75532,2026-09-20T03:55:06.2601604-07:00,4.988255,5.648624
2026-09-20T04:14:36.5093022-07:00,75532,2026-09-20T03:55:06.2601604-07:00,5.245270,5.648624
2026-09-20T04:14:38.5491304-07:00,75532,2026-09-20T03:55:06.2601604-07:00,5.178982,5.648624
2026-09-20T04:14:40.5782453-07:00,75532,2026-09-20T03:55:06.2601604-07:00,5.249565,5.648624
2026-09-20T04:14:42.6114049-07:00,75532,2026-09-20T03:55:06.2601604-07:00,5.323170,5.648624
2026-09-20T04:14:44.6294277-07:00,75532,2026-09-20T03:55:06.2601604-07:00,4.862465,5.648624
2026-09-20T04:14:46.6630018-07:00,75532,2026-09-20T03:55:06.2601604-07:00,5.454826,5.648624
2026-09-20T04:14:48.6890572-07:00,75532,2026-09-20T03:55:06.2601604-07:00,4.846954,5.648624
2026-09-20T04:14:50.7169840-07:00,75532,2026-09-20T03:55:06.2601604-07:00,4.902042,5.648624
2026-09-20T04:14:52.7471607-07:00,75532,2026-09-20T03:55:06.2601604-07:00,4.234531,5.648624
2026-09-20T04:14:54.7827484-07:00,75532,2026-09-20T03:55:06.2601604-07:00,4.954353,5.648624
2026-09-20T04:14:56.8128014-07:00,75532,2026-09-20T03:55:06.2601604-07:00,4.978168,5.648624
2026-09-20T04:14:58.8424387-07:00,75532,2026-09-20T03:55:06.2601604-07:00,5.033318,5.648624
2026-09-20T04:15:00.8679166-07:00,75532,2026-09-20T03:55:06.2601604-07:00,4.570702,5.648624
2026-09-20T04:15:02.8921050-07:00,75532,2026-09-20T03:55:06.2601604-07:00,5.142441,5.648624
2026-09-20T04:15:04.9169321-07:00,75532,2026-09-20T03:55:06.2601604-07:00,5.142990,5.648624
2026-09-20T04:15:06.9461953-07:00,75532,2026-09-20T03:55:06.2601604-07:00,5.210903,5.648624
2026-09-20T04:15:08.9670684-07:00,75532,2026-09-20T03:55:06.2601604-07:00,4.886829,5.648624
2026-09-20T04:15:10.9994838-07:00,75532,2026-09-20T03:55:06.2601604-07:00,5.336586,5.648624
2026-09-20T04:15:13.0274411-07:00,75532,2026-09-20T03:55:06.2601604-07:00,5.359005,5.648624
2026-09-20T04:15:15.0713824-07:00,75532,2026-09-20T03:55:06.2601604-07:00,5.432266,5.648624
2026-09-20T04:15:17.0973161-07:00,75532,2026-09-20T03:55:06.2601604-07:00,5.598778,5.648624
2026-09-20T04:15:19.1317760-07:00,75532,2026-09-20T03:55:06.2601604-07:00,3.341896,5.648624
2026-09-20T04:15:21.1590041-07:00,75532,2026-09-20T03:55:06.2601604-07:00,3.306534,5.648624
2026-09-20T04:15:23.1746607-07:00,75532,2026-09-20T03:55:06.2601604-07:00,3.302380,5.648624
2026-09-20T04:15:25.2130282-07:00,75532,2026-09-20T03:55:06.2601604-07:00,3.311710,5.648624
2026-09-20T04:15:27.2326474-07:00,75532,2026-09-20T03:55:06.2601604-07:00,4.192661,5.648624
2026-09-20T04:15:29.2628387-07:00,75532,2026-09-20T03:55:06.2601604-07:00,5.219547,5.648624
2026-09-20T04:15:31.2932869-07:00,75532,2026-09-20T03:55:06.2601604-07:00,5.253094,5.648624
2026-09-20T04:15:33.3169573-07:00,75532,2026-09-20T03:55:06.2601604-07:00,5.389984,5.648624
2026-09-20T04:15:35.3509261-07:00,75532,2026-09-20T03:55:06.2601604-07:00,4.811890,5.648624
2026-09-20T04:15:37.3733093-07:00,75532,2026-09-20T03:55:06.2601604-07:00,4.833481,5.648624
2026-09-20T04:15:39.3988982-07:00,75532,2026-09-20T03:55:06.2601604-07:00,4.854771,5.648624
2026-09-20T04:15:41.4210614-07:00,75532,2026-09-20T03:55:06.2601604-07:00,4.991661,5.648624
2026-09-20T04:15:43.4703714-07:00,75532,2026-09-20T03:55:06.2601604-07:00,4.909607,5.648624
2026-09-20T04:15:45.4843680-07:00,75532,2026-09-20T03:55:06.2601604-07:00,4.964542,5.648624
2026-09-20T04:15:47.5192403-07:00,75532,2026-09-20T03:55:06.2601604-07:00,5.032520,5.648624
2026-09-20T04:15:49.5393771-07:00,75532,2026-09-20T03:55:06.2601604-07:00,5.102905,5.648624
2026-09-20T04:15:51.5560133-07:00,75532,2026-09-20T03:55:06.2601604-07:00,5.239895,5.648624
2026-09-20T04:15:53.5892528-07:00,75532,2026-09-20T03:55:06.2601604-07:00,5.170609,5.648624
2026-09-20T04:15:55.6045099-07:00,75532,2026-09-20T03:55:06.2601604-07:00,5.246922,5.648624
2026-09-20T04:15:57.6392198-07:00,75532,2026-09-20T03:55:06.2601604-07:00,5.325512,5.648624
2026-09-20T04:15:59.6650232-07:00,75532,2026-09-20T03:55:06.2601604-07:00,4.660534,5.648624
2026-09-20T04:16:01.6870348-07:00,75532,2026-09-20T03:55:06.2601604-07:00,5.453178,5.648624
2026-09-20T04:16:03.7174336-07:00,75532,2026-09-20T03:55:06.2601604-07:00,4.828312,5.648624
2026-09-20T04:16:05.7296851-07:00,75532,2026-09-20T03:55:06.2601604-07:00,4.883148,5.648624
2026-09-20T04:16:07.7517227-07:00,75532,2026-09-20T03:55:06.2601604-07:00,4.222572,5.648624
2026-09-20T04:16:09.7847569-07:00,75532,2026-09-20T03:55:06.2601604-07:00,4.943932,5.648624
2026-09-20T04:16:11.8371422-07:00,75532,2026-09-20T03:55:06.2601604-07:00,4.960308,5.648624
2026-09-20T04:16:13.8574257-07:00,75532,2026-09-20T03:55:06.2601604-07:00,5.015644,5.648624
2026-09-20T04:16:15.8853979-07:00,75532,2026-09-20T03:55:06.2601604-07:00,5.071243,5.648624
2026-09-20T04:16:17.9034176-07:00,75532,2026-09-20T03:55:06.2601604-07:00,4.389164,5.648624
2026-09-20T04:16:19.9362632-07:00,75532,2026-09-20T03:55:06.2601604-07:00,5.138298,5.648624
2026-09-20T04:16:21.9754538-07:00,75532,2026-09-20T03:55:06.2601604-07:00,5.210144,5.648624
2026-09-20T04:16:23.9974367-07:00,75532,2026-09-20T03:55:06.2601604-07:00,5.282436,5.648624
2026-09-20T04:16:26.0240283-07:00,75532,2026-09-20T03:55:06.2601604-07:00,5.361603,5.648624
2026-09-20T04:16:28.0476010-07:00,75532,2026-09-20T03:55:06.2601604-07:00,5.509254,5.648624
2026-09-20T04:16:30.0810281-07:00,75532,2026-09-20T03:55:06.2601604-07:00,5.436760,5.648624
2026-09-20T04:16:32.1182608-07:00,75532,2026-09-20T03:55:06.2601604-07:00,3.330116,5.648624
2026-09-20T04:16:34.1435853-07:00,75532,2026-09-20T03:55:06.2601604-07:00,3.343548,5.648624
2026-09-20T04:16:36.1607681-07:00,75532,2026-09-20T03:55:06.2601604-07:00,3.334343,5.648624
2026-09-20T04:16:38.1901760-07:00,75532,2026-09-20T03:55:06.2601604-07:00,3.316090,5.648624
2026-09-20T04:16:40.2230379-07:00,75532,2026-09-20T03:55:06.2601604-07:00,3.322945,5.648624
2026-09-20T04:16:42.2526344-07:00,75532,2026-09-20T03:55:06.2601604-07:00,3.835941,5.648624
2026-09-20T04:16:44.2803551-07:00,75532,2026-09-20T03:55:06.2601604-07:00,5.089394,5.648624
2026-09-20T04:16:46.3065540-07:00,75532,2026-09-20T03:55:06.2601604-07:00,4.786026,5.648624
2026-09-20T04:16:48.3235354-07:00,75532,2026-09-20T03:55:06.2601604-07:00,5.217590,5.648624
2026-09-20T04:16:50.3646940-07:00,75532,2026-09-20T03:55:06.2601604-07:00,4.728661,5.648624
2026-09-20T04:16:52.3859988-07:00,75532,2026-09-20T03:55:06.2601604-07:00,4.752270,5.648624
2026-09-20T04:16:54.4113879-07:00,75532,2026-09-20T03:55:06.2601604-07:00,4.286968,5.648624
2026-09-20T04:16:56.4247359-07:00,75532,2026-09-20T03:55:06.2601604-07:00,4.834610,5.648624
2026-09-20T04:16:58.4546466-07:00,75532,2026-09-20T03:55:06.2601604-07:00,4.849758,5.648624
2026-09-20T04:17:00.4935635-07:00,75532,2026-09-20T03:55:06.2601604-07:00,4.921513,5.648624
2026-09-20T04:17:02.5240173-07:00,75532,2026-09-20T03:55:06.2601604-07:00,4.908997,5.648624
2026-09-20T04:17:04.5510436-07:00,75532,2026-09-20T03:55:06.2601604-07:00,5.087536,5.648624
2026-09-20T04:17:06.5726875-07:00,75532,2026-09-20T03:55:06.2601604-07:00,5.075630,5.648624
2026-09-20T04:17:08.6010838-07:00,75532,2026-09-20T03:55:06.2601604-07:00,5.148678,5.648624
2026-09-20T04:17:10.6576949-07:00,75532,2026-09-20T03:55:06.2601604-07:00,5.225067,5.648624
2026-09-20T04:17:12.6770380-07:00,75532,2026-09-20T03:55:06.2601604-07:00,4.594250,5.648624
2026-09-20T04:17:14.6973878-07:00,75532,2026-09-20T03:55:06.2601604-07:00,5.302998,5.648624
2026-09-20T04:17:16.7223055-07:00,75532,2026-09-20T03:55:06.2601604-07:00,5.376667,5.648624
2026-09-20T04:17:18.7604885-07:00,75532,2026-09-20T03:55:06.2601604-07:00,4.720928,5.648624
2026-09-20T04:17:20.7803748-07:00,75532,2026-09-20T03:55:06.2601604-07:00,4.960918,5.648624
2026-09-20T04:17:22.8063473-07:00,75532,2026-09-20T03:55:06.2601604-07:00,4.881413,5.648624
2026-09-20T04:17:24.8230844-07:00,75532,2026-09-20T03:55:06.2601604-07:00,4.902786,5.648624
2026-09-20T04:17:26.8597695-07:00,75532,2026-09-20T03:55:06.2601604-07:00,4.957607,5.648624
2026-09-20T04:17:28.8971514-07:00,75532,2026-09-20T03:55:06.2601604-07:00,4.283852,5.648624
2026-09-20T04:17:30.9125348-07:00,75532,2026-09-20T03:55:06.2601604-07:00,5.012459,5.648624
2026-09-20T04:17:32.9378269-07:00,75532,2026-09-20T03:55:06.2601604-07:00,5.067497,5.648624
2026-09-20T04:17:34.9592815-07:00,75532,2026-09-20T03:55:06.2601604-07:00,5.123108,5.648624
2026-09-20T04:17:36.9896436-07:00,75532,2026-09-20T03:55:06.2601604-07:00,4.974369,5.648624
2026-09-20T04:17:39.0265282-07:00,75532,2026-09-20T03:55:06.2601604-07:00,5.245914,5.648624
2026-09-20T04:17:41.0429948-07:00,75532,2026-09-20T03:55:06.2601604-07:00,5.266369,5.648624
2026-09-20T04:17:43.0690446-07:00,75532,2026-09-20T03:55:06.2601604-07:00,5.340202,5.648624
2026-09-20T04:17:45.0842704-07:00,75532,2026-09-20T03:55:06.2601604-07:00,5.417820,5.648624
2026-09-20T04:17:47.1202059-07:00,75532,2026-09-20T03:55:06.2601604-07:00,5.466389,5.648624
2026-09-20T04:17:49.1390417-07:00,75532,2026-09-20T03:55:06.2601604-07:00,3.227558,5.648624
2026-09-20T04:17:51.1610978-07:00,75532,2026-09-20T03:55:06.2601604-07:00,3.267818,5.648624
2026-09-20T04:17:53.1911511-07:00,75532,2026-09-20T03:55:06.2601604-07:00,3.213947,5.648624
2026-09-20T04:17:55.2189694-07:00,75532,2026-09-20T03:55:06.2601604-07:00,3.259174,5.648624
2026-09-20T04:17:57.2392225-07:00,75532,2026-09-20T03:55:06.2601604-07:00,3.254185,5.648624
2026-09-20T04:17:59.2571459-07:00,75532,2026-09-20T03:55:06.2601604-07:00,3.289005,5.648624
2026-09-20T04:18:01.2814368-07:00,75532,2026-09-20T03:55:06.2601604-07:00,4.502121,5.648624
2026-09-20T04:18:03.2965452-07:00,75532,2026-09-20T03:55:06.2601604-07:00,5.211037,5.648624
2026-09-20T04:18:05.3127573-07:00,75532,2026-09-20T03:55:06.2601604-07:00,5.248482,5.648624
2026-09-20T04:18:07.3546729-07:00,75532,2026-09-20T03:55:06.2601604-07:00,5.399456,5.648624
2026-09-20T04:18:09.3823532-07:00,75532,2026-09-20T03:55:06.2601604-07:00,4.802746,5.648624
2026-09-20T04:18:11.4046271-07:00,75532,2026-09-20T03:55:06.2601604-07:00,4.823719,5.648624
2026-09-20T04:18:13.4195665-07:00,75532,2026-09-20T03:55:06.2601604-07:00,4.845890,5.648624
2026-09-20T04:18:15.4473236-07:00,75532,2026-09-20T03:55:06.2601604-07:00,4.419460,5.648624
2026-09-20T04:18:17.4644541-07:00,75532,2026-09-20T03:55:06.2601604-07:00,4.980183,5.648624
2026-09-20T04:18:19.4822772-07:00,75532,2026-09-20T03:55:06.2601604-07:00,4.967770,5.648624
2026-09-20T04:18:21.5016496-07:00,75532,2026-09-20T03:55:06.2601604-07:00,5.036537,5.648624
2026-09-20T04:18:23.5261297-07:00,75532,2026-09-20T03:55:06.2601604-07:00,5.105461,5.648624
2026-09-20T04:18:25.5656032-07:00,75532,2026-09-20T03:55:06.2601604-07:00,4.463570,5.648624
2026-09-20T04:18:27.5969688-07:00,75532,2026-09-20T03:55:06.2601604-07:00,5.211590,5.648624
2026-09-20T04:18:29.6203496-07:00,75532,2026-09-20T03:55:06.2601604-07:00,5.245811,5.648624
2026-09-20T04:18:31.6447181-07:00,75532,2026-09-20T03:55:06.2601604-07:00,5.315182,5.648624
2026-09-20T04:18:33.6737895-07:00,75532,2026-09-20T03:55:06.2601604-07:00,5.388252,5.648624
2026-09-20T04:18:35.7116619-07:00,75532,2026-09-20T03:55:06.2601604-07:00,5.549732,5.648624
2026-09-20T04:18:37.7415058-07:00,75532,2026-09-20T03:55:06.2601604-07:00,4.840656,5.648624
2026-09-20T04:18:39.7606295-07:00,75532,2026-09-20T03:55:06.2601604-07:00,4.895744,5.648624
2026-09-20T04:18:41.7858585-07:00,75532,2026-09-20T03:55:06.2601604-07:00,4.917034,5.648624
2026-09-20T04:18:43.8208574-07:00,75532,2026-09-20T03:55:06.2601604-07:00,4.226559,5.648624
2026-09-20T04:18:45.8523302-07:00,75532,2026-09-20T03:55:06.2601604-07:00,4.972588,5.648624
2026-09-20T04:18:47.8775230-07:00,75532,2026-09-20T03:55:06.2601604-07:00,5.027599,5.648624
2026-09-20T04:18:49.9018528-07:00,75532,2026-09-20T03:55:06.2601604-07:00,5.082535,5.648624
2026-09-20T04:18:51.9304790-07:00,75532,2026-09-20T03:55:06.2601604-07:00,4.400417,5.648624
2026-09-20T04:18:53.9559679-07:00,75532,2026-09-20T03:55:06.2601604-07:00,5.192345,5.648624
2026-09-20T04:18:55.9859391-07:00,75532,2026-09-20T03:55:06.2601604-07:00,5.208176,5.648624
2026-09-20T04:18:58.0141425-07:00,75532,2026-09-20T03:55:06.2601604-07:00,5.276001,5.648624
2026-09-20T04:19:00.0310903-07:00,75532,2026-09-20T03:55:06.2601604-07:00,5.351795,5.648624
2026-09-20T04:19:02.0601823-07:00,75532,2026-09-20T03:55:06.2601604-07:00,5.499538,5.648624
2026-09-20T04:19:04.1092585-07:00,75532,2026-09-20T03:55:06.2601604-07:00,5.431934,5.648624
2026-09-20T04:19:06.1393677-07:00,75532,2026-09-20T03:55:06.2601604-07:00,3.322163,5.648624
2026-09-20T04:19:08.1593089-07:00,75532,2026-09-20T03:55:06.2601604-07:00,3.312309,5.648624
2026-09-20T04:19:10.1832747-07:00,75532,2026-09-20T03:55:06.2601604-07:00,3.318825,5.648624
2026-09-20T04:19:12.2095421-07:00,75532,2026-09-20T03:55:06.2601604-07:00,3.312523,5.648624
2026-09-20T04:19:14.2232547-07:00,75532,2026-09-20T03:55:06.2601604-07:00,3.328835,5.648624
2026-09-20T04:19:16.2454726-07:00,75532,2026-09-20T03:55:06.2601604-07:00,3.313538,5.648624
2026-09-20T04:19:18.2645162-07:00,75532,2026-09-20T03:55:06.2601604-07:00,4.038006,5.648624
2026-09-20T04:19:20.2818467-07:00,75532,2026-09-20T03:55:06.2601604-07:00,5.229652,5.648624
2026-09-20T04:19:22.3300896-07:00,75532,2026-09-20T03:55:06.2601604-07:00,4.720051,5.648624
2026-09-20T04:19:24.3467355-07:00,75532,2026-09-20T03:55:06.2601604-07:00,5.307964,5.648624
2026-09-20T04:19:26.3777890-07:00,75532,2026-09-20T03:55:06.2601604-07:00,4.817623,5.648624
2026-09-20T04:19:28.4137233-07:00,75532,2026-09-20T03:55:06.2601604-07:00,4.838913,5.648624
2026-09-20T04:19:30.4394599-07:00,75532,2026-09-20T03:55:06.2601604-07:00,4.975803,5.648624
2026-09-20T04:19:32.4737759-07:00,75532,2026-09-20T03:55:06.2601604-07:00,4.860203,5.648624
2026-09-20T04:19:34.4946976-07:00,75532,2026-09-20T03:55:06.2601604-07:00,4.915264,5.648624
2026-09-20T04:19:36.5126480-07:00,75532,2026-09-20T03:55:06.2601604-07:00,4.972382,5.648624
2026-09-20T04:19:38.5289051-07:00,75532,2026-09-20T03:55:06.2601604-07:00,5.109272,5.648624
2026-09-20T04:19:40.5807167-07:00,75532,2026-09-20T03:55:06.2601604-07:00,5.041187,5.648624
2026-09-20T04:19:42.6073199-07:00,75532,2026-09-20T03:55:06.2601604-07:00,5.111691,5.648624
2026-09-20T04:19:44.6292522-07:00,75532,2026-09-20T03:55:06.2601604-07:00,5.179779,5.648624
2026-09-20T04:19:46.6433243-07:00,75532,2026-09-20T03:55:06.2601604-07:00,5.353535,5.648624
2026-09-20T04:19:48.6632932-07:00,75532,2026-09-20T03:55:06.2601604-07:00,5.250393,5.648624
2026-09-20T04:19:50.7083653-07:00,75532,2026-09-20T03:55:06.2601604-07:00,5.319386,5.648624
2026-09-20T04:19:52.7310477-07:00,75532,2026-09-20T03:55:06.2601604-07:00,5.394474,5.648624
2026-09-20T04:19:54.7521286-07:00,75532,2026-09-20T03:55:06.2601604-07:00,5.541374,5.648624
2026-09-20T04:19:56.7733943-07:00,75532,2026-09-20T03:55:06.2601604-07:00,4.825069,5.648624
2026-09-20T04:19:58.7895325-07:00,75532,2026-09-20T03:55:06.2601604-07:00,4.880070,5.648624
2026-09-20T04:20:00.8372812-07:00,75532,2026-09-20T03:55:06.2601604-07:00,4.175907,5.648624
2026-09-20T04:20:02.8628315-07:00,75532,2026-09-20T03:55:06.2601604-07:00,4.902393,5.648624
2026-09-20T04:20:04.8798664-07:00,75532,2026-09-20T03:55:06.2601604-07:00,4.957230,5.648624
2026-09-20T04:20:06.8966142-07:00,75532,2026-09-20T03:55:06.2601604-07:00,5.012066,5.648624
2026-09-20T04:20:08.9291689-07:00,75532,2026-09-20T03:55:06.2601604-07:00,5.070801,5.648624
2026-09-20T04:20:10.9598877-07:00,75532,2026-09-20T03:55:06.2601604-07:00,5.208111,5.648624
2026-09-20T04:20:12.9795034-07:00,75532,2026-09-20T03:55:06.2601604-07:00,5.138367,5.648624
2026-09-20T04:20:15.0062275-07:00,75532,2026-09-20T03:55:06.2601604-07:00,5.207783,5.648624
2026-09-20T04:20:17.0242477-07:00,75532,2026-09-20T03:55:06.2601604-07:00,5.278332,5.648624
2026-09-20T04:20:19.0549336-07:00,75532,2026-09-20T03:55:06.2601604-07:00,4.866394,5.648624
2026-09-20T04:20:21.0800980-07:00,75532,2026-09-20T03:55:06.2601604-07:00,5.412182,5.648624
2026-09-20T04:20:23.1123601-07:00,75532,2026-09-20T03:55:06.2601604-07:00,5.433052,5.648624
2026-09-20T04:20:25.1348233-07:00,75532,2026-09-20T03:55:06.2601604-07:00,3.340702,5.648624
2026-09-20T04:20:27.1657204-07:00,75532,2026-09-20T03:55:06.2601604-07:00,3.358925,5.648624
2026-09-20T04:20:29.1895079-07:00,75532,2026-09-20T03:55:06.2601604-07:00,3.331238,5.648624
2026-09-20T04:20:31.2097447-07:00,75532,2026-09-20T03:55:06.2601604-07:00,3.358395,5.648624
2026-09-20T04:20:33.2421958-07:00,75532,2026-09-20T03:55:06.2601604-07:00,3.337101,5.648624
2026-09-20T04:20:35.2694302-07:00,75532,2026-09-20T03:55:06.2601604-07:00,3.328495,5.648624
2026-09-20T04:20:37.2974231-07:00,75532,2026-09-20T03:55:06.2601604-07:00,4.536663,5.648624
2026-09-20T04:20:39.3231339-07:00,75532,2026-09-20T03:55:06.2601604-07:00,5.251751,5.648624
2026-09-20T04:20:41.3433195-07:00,75532,2026-09-20T03:55:06.2601604-07:00,5.285297,5.648624
2026-09-20T04:20:43.3747460-07:00,75532,2026-09-20T03:55:06.2601604-07:00,5.435722,5.648624
2026-09-20T04:20:45.4002027-07:00,75532,2026-09-20T03:55:06.2601604-07:00,4.838604,5.648624
2026-09-20T04:20:47.4298082-07:00,75532,2026-09-20T03:55:06.2601604-07:00,4.859894,5.648624
2026-09-20T04:20:49.4498338-07:00,75532,2026-09-20T03:55:06.2601604-07:00,4.881260,5.648624
2026-09-20T04:20:51.4645586-07:00,75532,2026-09-20T03:55:06.2601604-07:00,4.936100,5.648624
2026-09-20T04:20:53.4794049-07:00,75532,2026-09-20T03:55:06.2601604-07:00,5.072990,5.648624
2026-09-20T04:20:55.5192964-07:00,75532,2026-09-20T03:55:06.2601604-07:00,4.990936,5.648624
2026-09-20T04:20:57.5455782-07:00,75532,2026-09-20T03:55:06.2601604-07:00,5.048676,5.648624
2026-09-20T04:20:59.5751337-07:00,75532,2026-09-20T03:55:06.2601604-07:00,5.118622,5.648624
2026-09-20T04:21:01.5923630-07:00,75532,2026-09-20T03:55:06.2601604-07:00,5.255932,5.648624
2026-09-20T04:21:03.6094902-07:00,75532,2026-09-20T03:55:06.2601604-07:00,5.187965,5.648624
2026-09-20T04:21:05.6649162-07:00,75532,2026-09-20T03:55:06.2601604-07:00,5.258968,5.648624
2026-09-20T04:21:07.6922192-07:00,75532,2026-09-20T03:55:06.2601604-07:00,5.331562,5.648624
2026-09-20T04:21:09.7096284-07:00,75532,2026-09-20T03:55:06.2601604-07:00,4.717312,5.648624
2026-09-20T04:21:11.7398364-07:00,75532,2026-09-20T03:55:06.2601604-07:00,5.460480,5.648624
2026-09-20T04:21:13.7846444-07:00,75532,2026-09-20T03:55:06.2601604-07:00,4.836529,5.648624
2026-09-20T04:21:15.8047591-07:00,75532,2026-09-20T03:55:06.2601604-07:00,4.891533,5.648624
2026-09-20T04:21:17.8194402-07:00,75532,2026-09-20T03:55:06.2601604-07:00,4.212822,5.648624
2026-09-20T04:21:19.8410738-07:00,75532,2026-09-20T03:55:06.2601604-07:00,4.967121,5.648624
2026-09-20T04:21:21.8599154-07:00,75532,2026-09-20T03:55:06.2601604-07:00,4.967907,5.648624
2026-09-20T04:21:23.8977241-07:00,75532,2026-09-20T03:55:06.2601604-07:00,5.022755,5.648624
2026-09-20T04:21:25.9266236-07:00,75532,2026-09-20T03:55:06.2601604-07:00,5.077763,5.648624
2026-09-20T04:21:27.9491719-07:00,75532,2026-09-20T03:55:06.2601604-07:00,4.416187,5.648624
2026-09-20T04:21:29.9642820-07:00,75532,2026-09-20T03:55:06.2601604-07:00,5.145229,5.648624
2026-09-20T04:21:31.9797785-07:00,75532,2026-09-20T03:55:06.2601604-07:00,5.215839,5.648624
2026-09-20T04:21:34.0113505-07:00,75532,2026-09-20T03:55:06.2601604-07:00,5.284874,5.648624
2026-09-20T04:21:36.0292058-07:00,75532,2026-09-20T03:55:06.2601604-07:00,5.049164,5.648624
2026-09-20T04:21:38.0547108-07:00,75532,2026-09-20T03:55:06.2601604-07:00,5.462273,5.648624
2026-09-20T04:21:40.0791211-07:00,75532,2026-09-20T03:55:06.2601604-07:00,5.437435,5.648624
2026-09-20T04:21:42.1114681-07:00,75532,2026-09-20T03:55:06.2601604-07:00,3.312626,5.648624
2026-09-20T04:21:44.1409676-07:00,75532,2026-09-20T03:55:06.2601604-07:00,3.313374,5.648624
2026-09-20T04:21:46.1594522-07:00,75532,2026-09-20T03:55:06.2601604-07:00,3.316418,5.648624
2026-09-20T04:21:48.1878425-07:00,75532,2026-09-20T03:55:06.2601604-07:00,3.306911,5.648624
2026-09-20T04:21:50.2096019-07:00,75532,2026-09-20T03:55:06.2601604-07:00,3.307304,5.648624
2026-09-20T04:21:52.2493249-07:00,75532,2026-09-20T03:55:06.2601604-07:00,3.344479,5.648624
2026-09-20T04:21:54.2791540-07:00,75532,2026-09-20T03:55:06.2601604-07:00,4.185619,5.648624
2026-09-20T04:21:56.3004010-07:00,75532,2026-09-20T03:55:06.2601604-07:00,5.237499,5.648624
2026-09-20T04:21:58.3335294-07:00,75532,2026-09-20T03:55:06.2601604-07:00,4.699165,5.648624
2026-09-20T04:22:00.3492105-07:00,75532,2026-09-20T03:55:06.2601604-07:00,5.323673,5.648624
2026-09-20T04:22:02.3753791-07:00,75532,2026-09-20T03:55:06.2601604-07:00,4.825356,5.648624
2026-09-20T04:22:04.3908421-07:00,75532,2026-09-20T03:55:06.2601604-07:00,4.846645,5.648624
2026-09-20T04:22:06.4076536-07:00,75532,2026-09-20T03:55:06.2601604-07:00,5.003483,5.648624
2026-09-20T04:22:08.4292847-07:00,75532,2026-09-20T03:55:06.2601604-07:00,4.922222,5.648624
2026-09-20T04:22:10.4595223-07:00,75532,2026-09-20T03:55:06.2601604-07:00,4.922771,5.648624
2026-09-20T04:22:12.4858271-07:00,75532,2026-09-20T03:55:06.2601604-07:00,4.977615,5.648624
2026-09-20T04:22:14.5063958-07:00,75532,2026-09-20T03:55:06.2601604-07:00,5.041073,5.648624
2026-09-20T04:22:16.5323899-07:00,75532,2026-09-20T03:55:06.2601604-07:00,4.377861,5.648624
2026-09-20T04:22:18.5494615-07:00,75532,2026-09-20T03:55:06.2601604-07:00,5.111591,5.648624
2026-09-20T04:22:20.5846244-07:00,75532,2026-09-20T03:55:06.2601604-07:00,5.179207,5.648624
2026-09-20T04:22:22.6056850-07:00,75532,2026-09-20T03:55:06.2601604-07:00,5.250553,5.648624
2026-09-20T04:22:24.6282139-07:00,75532,2026-09-20T03:55:06.2601604-07:00,5.325100,5.648624
2026-09-20T04:22:26.6525589-07:00,75532,2026-09-20T03:55:06.2601604-07:00,5.470322,5.648624
2026-09-20T04:22:28.6710767-07:00,75532,2026-09-20T03:55:06.2601604-07:00,5.402172,5.648624
2026-09-20T04:22:30.7153685-07:00,75532,2026-09-20T03:55:06.2601604-07:00,4.862591,5.648624
2026-09-20T04:22:32.7491798-07:00,75532,2026-09-20T03:55:06.2601604-07:00,4.916862,5.648624
2026-09-20T04:22:34.7713899-07:00,75532,2026-09-20T03:55:06.2601604-07:00,5.051811,5.648624
2026-09-20T04:22:36.7892615-07:00,75532,2026-09-20T03:55:06.2601604-07:00,4.939064,5.648624
2026-09-20T04:22:38.8229070-07:00,75532,2026-09-20T03:55:06.2601604-07:00,4.993919,5.648624
2026-09-20T04:22:40.8393583-07:00,75532,2026-09-20T03:55:06.2601604-07:00,5.048775,5.648624
2026-09-20T04:22:42.8582536-07:00,75532,2026-09-20T03:55:06.2601604-07:00,4.414818,5.648624
2026-09-20T04:22:44.8755978-07:00,75532,2026-09-20T03:55:06.2601604-07:00,5.103626,5.648624
2026-09-20T04:22:46.8912526-07:00,75532,2026-09-20T03:55:06.2601604-07:00,5.158478,5.648624
2026-09-20T04:22:48.9241986-07:00,75532,2026-09-20T03:55:06.2601604-07:00,5.215668,5.648624
2026-09-20T04:22:50.9425273-07:00,75532,2026-09-20T03:55:06.2601604-07:00,4.645535,5.648624
2026-09-20T04:22:52.9615389-07:00,75532,2026-09-20T03:55:06.2601604-07:00,5.286533,5.648624
2026-09-20T04:22:54.9736527-07:00,75532,2026-09-20T03:55:06.2601604-07:00,5.359852,5.648624
2026-09-20T04:22:56.9991507-07:00,75532,2026-09-20T03:55:06.2601604-07:00,5.436604,5.648624
2026-09-20T04:22:59.0323465-07:00,75532,2026-09-20T03:55:06.2601604-07:00,5.539547,5.648624
2026-09-20T04:23:01.0461588-07:00,75532,2026-09-20T03:55:06.2601604-07:00,3.306149,5.648624
2026-09-20T04:23:03.0801845-07:00,75532,2026-09-20T03:55:06.2601604-07:00,3.308109,5.648624
2026-09-20T04:23:05.1098982-07:00,75532,2026-09-20T03:55:06.2601604-07:00,3.329288,5.648624
2026-09-20T04:23:07.1594378-07:00,75532,2026-09-20T03:55:06.2601604-07:00,3.345428,5.648624
2026-09-20T04:23:09.1774962-07:00,75532,2026-09-20T03:55:06.2601604-07:00,3.312458,5.648624
2026-09-20T04:23:11.2076792-07:00,75532,2026-09-20T03:55:06.2601604-07:00,3.329525,5.648624
2026-09-20T04:23:13.2315707-07:00,75532,2026-09-20T03:55:06.2601604-07:00,4.532665,5.648624
2026-09-20T04:23:15.2523466-07:00,75532,2026-09-20T03:55:06.2601604-07:00,5.239395,5.648624
2026-09-20T04:23:17.2926493-07:00,75532,2026-09-20T03:55:06.2601604-07:00,5.271080,5.648624
2026-09-20T04:23:19.3184167-07:00,75532,2026-09-20T03:55:06.2601604-07:00,5.470345,5.648624
2026-09-20T04:23:21.3423260-07:00,75532,2026-09-20T03:55:06.2601604-07:00,4.644348,5.648624
2026-09-20T04:23:23.3768974-07:00,75532,2026-09-20T03:55:06.2601604-07:00,4.720932,5.648624
2026-09-20T04:23:25.3994667-07:00,75532,2026-09-20T03:55:06.2601604-07:00,4.758118,5.648624
2026-09-20T04:23:27.4427005-07:00,75532,2026-09-20T03:55:06.2601604-07:00,4.895824,5.648624
2026-09-20T04:23:29.4724736-07:00,75532,2026-09-20T03:55:06.2601604-07:00,4.829578,5.648624
2026-09-20T04:23:31.4961510-07:00,75532,2026-09-20T03:55:06.2601604-07:00,4.907391,5.648624
2026-09-20T04:23:33.5349012-07:00,75532,2026-09-20T03:55:06.2601604-07:00,4.986069,5.648624
2026-09-20T04:23:35.5724105-07:00,75532,2026-09-20T03:55:06.2601604-07:00,4.745449,5.648624
2026-09-20T04:23:37.6059712-07:00,75532,2026-09-20T03:55:06.2601604-07:00,5.184292,5.648624
2026-09-20T04:23:39.6295851-07:00,75532,2026-09-20T03:55:06.2601604-07:00,5.140247,5.648624
2026-09-20T04:23:41.6649953-07:00,75532,2026-09-20T03:55:06.2601604-07:00,5.219582,5.648624
2026-09-20T04:23:43.6842383-07:00,75532,2026-09-20T03:55:06.2601604-07:00,5.296795,5.648624
2026-09-20T04:23:45.7213170-07:00,75532,2026-09-20T03:55:06.2601604-07:00,4.622910,5.648624
2026-09-20T04:23:47.7475917-07:00,75532,2026-09-20T03:55:06.2601604-07:00,5.374706,5.648624
2026-09-20T04:23:49.7846001-07:00,75532,2026-09-20T03:55:06.2601604-07:00,4.824371,5.648624
2026-09-20T04:23:51.8055250-07:00,75532,2026-09-20T03:55:06.2601604-07:00,4.809437,5.648624
2026-09-20T04:23:53.8318413-07:00,75532,2026-09-20T03:55:06.2601604-07:00,4.967564,5.648624
2026-09-20T04:23:55.8699958-07:00,75532,2026-09-20T03:55:06.2601604-07:00,4.901001,5.648624
2026-09-20T04:23:57.8874203-07:00,75532,2026-09-20T03:55:06.2601604-07:00,4.955856,5.648624
2026-09-20T04:23:59.9036641-07:00,75532,2026-09-20T03:55:06.2601604-07:00,5.010883,5.648624
2026-09-20T04:24:01.9265579-07:00,75532,2026-09-20T03:55:06.2601604-07:00,4.340611,5.648624
2026-09-20T04:24:03.9661908-07:00,75532,2026-09-20T03:55:06.2601604-07:00,5.065739,5.648624
2026-09-20T04:24:06.0006636-07:00,75532,2026-09-20T03:55:06.2601604-07:00,5.123039,5.648624
2026-09-20T04:24:08.0315113-07:00,75532,2026-09-20T03:55:06.2601604-07:00,5.193264,5.648624
2026-09-20T04:24:10.0595529-07:00,75532,2026-09-20T03:55:06.2601604-07:00,5.266140,5.648624
2026-09-20T04:24:12.0741228-07:00,75532,2026-09-20T03:55:06.2601604-07:00,5.409389,5.648624
2026-09-20T04:24:14.1019443-07:00,75532,2026-09-20T03:55:06.2601604-07:00,5.336658,5.648624
2026-09-20T04:24:16.1208856-07:00,75532,2026-09-20T03:55:06.2601604-07:00,5.416641,5.648624
2026-09-20T04:24:18.1504733-07:00,75532,2026-09-20T03:55:06.2601604-07:00,3.560703,5.648624
2026-09-20T04:24:20.1698655-07:00,75532,2026-09-20T03:55:06.2601604-07:00,3.336773,5.648624
2026-09-20T04:24:22.1846503-07:00,75532,2026-09-20T03:55:06.2601604-07:00,3.333538,5.648624
2026-09-20T04:24:24.2249907-07:00,75532,2026-09-20T03:55:06.2601604-07:00,3.327309,5.648624
2026-09-20T04:24:26.2496608-07:00,75532,2026-09-20T03:55:06.2601604-07:00,3.327320,5.648624
2026-09-20T04:24:28.2651280-07:00,75532,2026-09-20T03:55:06.2601604-07:00,3.364697,5.648624
2026-09-20T04:24:30.2822450-07:00,75532,2026-09-20T03:55:06.2601604-07:00,3.339939,5.648624
2026-09-20T04:24:32.3251483-07:00,75532,2026-09-20T03:55:06.2601604-07:00,4.202362,5.648624
2026-09-20T04:24:34.3422967-07:00,75532,2026-09-20T03:55:06.2601604-07:00,5.263176,5.648624
2026-09-20T04:24:36.3693580-07:00,75532,2026-09-20T03:55:06.2601604-07:00,4.745628,5.648624
2026-09-20T04:24:38.3893838-07:00,75532,2026-09-20T03:55:06.2601604-07:00,5.348442,5.648624
2026-09-20T04:24:40.4003952-07:00,75532,2026-09-20T03:55:06.2601604-07:00,4.847874,5.648624
2026-09-20T04:24:42.4494035-07:00,75532,2026-09-20T03:55:06.2601604-07:00,4.869175,5.648624
2026-09-20T04:24:44.4695284-07:00,75532,2026-09-20T03:55:06.2601604-07:00,4.152832,5.648624
2026-09-20T04:24:46.4898932-07:00,75532,2026-09-20T03:55:06.2601604-07:00,4.944763,5.648624
2026-09-20T04:24:48.5025717-07:00,75532,2026-09-20T03:55:06.2601604-07:00,4.945877,5.648624
2026-09-20T04:24:50.5196008-07:00,75532,2026-09-20T03:55:06.2601604-07:00,5.001190,5.648624
2026-09-20T04:24:52.5615366-07:00,75532,2026-09-20T03:55:06.2601604-07:00,5.056503,5.648624
2026-09-20T04:24:54.5813826-07:00,75532,2026-09-20T03:55:06.2601604-07:00,5.193394,5.648624
2026-09-20T04:24:56.6036066-07:00,75532,2026-09-20T03:55:06.2601604-07:00,5.112404,5.648624
2026-09-20T04:24:58.6319513-07:00,75532,2026-09-20T03:55:06.2601604-07:00,5.183578,5.648624
2026-09-20T04:25:00.6792929-07:00,75532,2026-09-20T03:55:06.2601604-07:00,5.251930,5.648624
2026-09-20T04:25:02.7020997-07:00,75532,2026-09-20T03:55:06.2601604-07:00,4.998024,5.648624
2026-09-20T04:25:04.7250555-07:00,75532,2026-09-20T03:55:06.2601604-07:00,5.321499,5.648624
2026-09-20T04:25:06.7385360-07:00,75532,2026-09-20T03:55:06.2601604-07:00,5.397480,5.648624
2026-09-20T04:25:08.7558316-07:00,75532,2026-09-20T03:55:06.2601604-07:00,4.179604,5.648624
2026-09-20T04:25:10.7819754-07:00,75532,2026-09-20T03:55:06.2601604-07:00,4.840496,5.648624
2026-09-20T04:25:12.7978663-07:00,75532,2026-09-20T03:55:06.2601604-07:00,4.895355,5.648624
2026-09-20T04:25:14.8145660-07:00,75532,2026-09-20T03:55:06.2601604-07:00,4.917381,5.648624
2026-09-20T04:25:16.8413423-07:00,75532,2026-09-20T03:55:06.2601604-07:00,4.244762,5.648624
2026-09-20T04:25:18.8711582-07:00,75532,2026-09-20T03:55:06.2601604-07:00,4.972954,5.648624
2026-09-20T04:25:20.9118989-07:00,75532,2026-09-20T03:55:06.2601604-07:00,5.027809,5.648624
2026-09-20T04:25:22.9426644-07:00,75532,2026-09-20T03:55:06.2601604-07:00,5.082684,5.648624
2026-09-20T04:25:24.9594910-07:00,75532,2026-09-20T03:55:06.2601604-07:00,4.838417,5.648624
2026-09-20T04:25:26.9874334-07:00,75532,2026-09-20T03:55:06.2601604-07:00,5.194012,5.648624
2026-09-20T04:25:29.0258606-07:00,75532,2026-09-20T03:55:06.2601604-07:00,5.210354,5.648624
2026-09-20T04:25:31.0441963-07:00,75532,2026-09-20T03:55:06.2601604-07:00,5.280987,5.648624
2026-09-20T04:25:33.0644554-07:00,75532,2026-09-20T03:55:06.2601604-07:00,5.354179,5.648624
2026-09-20T04:25:35.0792747-07:00,75532,2026-09-20T03:55:06.2601604-07:00,5.502659,5.648624
2026-09-20T04:25:37.0898342-07:00,75532,2026-09-20T03:55:06.2601604-07:00,5.431305,5.648624
2026-09-20T04:25:39.1199459-07:00,75532,2026-09-20T03:55:06.2601604-07:00,3.321648,5.648624
2026-09-20T04:25:41.1360589-07:00,75532,2026-09-20T03:55:06.2601604-07:00,3.344173,5.648624
2026-09-20T04:25:43.1603133-07:00,75532,2026-09-20T03:55:06.2601604-07:00,3.339664,5.648624
2026-09-20T04:25:45.1814451-07:00,75532,2026-09-20T03:55:06.2601604-07:00,3.323650,5.648624
2026-09-20T04:25:47.1994789-07:00,75532,2026-09-20T03:55:06.2601604-07:00,3.310764,5.648624
2026-09-20T04:25:49.2349731-07:00,75532,2026-09-20T03:55:06.2601604-07:00,3.331081,5.648624
2026-09-20T04:25:51.2534033-07:00,75532,2026-09-20T03:55:06.2601604-07:00,3.341610,5.648624
2026-09-20T04:25:53.2695815-07:00,75532,2026-09-20T03:55:06.2601604-07:00,4.210621,5.648624
2026-09-20T04:25:55.2895344-07:00,75532,2026-09-20T03:55:06.2601604-07:00,5.265766,5.648624
2026-09-20T04:25:57.3196035-07:00,75532,2026-09-20T03:55:06.2601604-07:00,5.449528,5.648624
2026-09-20T04:25:59.3448062-07:00,75532,2026-09-20T03:55:06.2601604-07:00,5.297951,5.648624
2026-09-20T04:26:01.3663084-07:00,75532,2026-09-20T03:55:06.2601604-07:00,4.850708,5.648624
2026-09-20T04:26:03.3899266-07:00,75532,2026-09-20T03:55:06.2601604-07:00,4.872017,5.648624
2026-09-20T04:26:05.4014689-07:00,75532,2026-09-20T03:55:06.2601604-07:00,5.045521,5.648624
2026-09-20T04:26:07.4351423-07:00,75532,2026-09-20T03:55:06.2601604-07:00,4.893326,5.648624
2026-09-20T04:26:09.4501021-07:00,75532,2026-09-20T03:55:06.2601604-07:00,4.948181,5.648624
2026-09-20T04:26:11.4780185-07:00,75532,2026-09-20T03:55:06.2601604-07:00,5.003036,5.648624
2026-09-20T04:26:13.5037012-07:00,75532,2026-09-20T03:55:06.2601604-07:00,5.057892,5.648624
2026-09-20T04:26:15.5301769-07:00,75532,2026-09-20T03:55:06.2601604-07:00,5.035912,5.648624
2026-09-20T04:26:17.5616710-07:00,75532,2026-09-20T03:55:06.2601604-07:00,5.112865,5.648624
2026-09-20T04:26:19.5948794-07:00,75532,2026-09-20T03:55:06.2601604-07:00,5.182220,5.648624
2026-09-20T04:26:21.6219602-07:00,75532,2026-09-20T03:55:06.2601604-07:00,5.250587,5.648624
2026-09-20T04:26:23.6563491-07:00,75532,2026-09-20T03:55:06.2601604-07:00,5.327152,5.648624
2026-09-20T04:26:25.6918756-07:00,75532,2026-09-20T03:55:06.2601604-07:00,5.472427,5.648624
2026-09-20T04:26:27.7193045-07:00,75532,2026-09-20T03:55:06.2601604-07:00,5.398422,5.648624
2026-09-20T04:26:29.7372978-07:00,75532,2026-09-20T03:55:06.2601604-07:00,4.862888,5.648624
2026-09-20T04:26:31.7629135-07:00,75532,2026-09-20T03:55:06.2601604-07:00,4.897186,5.648624
2026-09-20T04:26:33.7805671-07:00,75532,2026-09-20T03:55:06.2601604-07:00,5.054226,5.648624
2026-09-20T04:26:35.8418209-07:00,75532,2026-09-20T03:55:06.2601604-07:00,4.939053,5.648624
2026-09-20T04:26:37.8598393-07:00,75532,2026-09-20T03:55:06.2601604-07:00,4.994625,5.648624
2026-09-20T04:26:39.8878374-07:00,75532,2026-09-20T03:55:06.2601604-07:00,5.049480,5.648624
2026-09-20T04:26:41.9076565-07:00,75532,2026-09-20T03:55:06.2601604-07:00,4.682262,5.648624
2026-09-20T04:26:43.9361771-07:00,75532,2026-09-20T03:55:06.2601604-07:00,5.158749,5.648624
2026-09-20T04:26:45.9694660-07:00,75532,2026-09-20T03:55:06.2601604-07:00,5.159325,5.648624
2026-09-20T04:26:47.9869273-07:00,75532,2026-09-20T03:55:06.2601604-07:00,5.215031,5.648624
2026-09-20T04:26:50.0045544-07:00,75532,2026-09-20T03:55:06.2601604-07:00,5.287537,5.648624
2026-09-20T04:26:52.0300162-07:00,75532,2026-09-20T03:55:06.2601604-07:00,4.638454,5.648624
2026-09-20T04:26:54.0831793-07:00,75532,2026-09-20T03:55:06.2601604-07:00,5.362247,5.648624
2026-09-20T04:26:56.1084253-07:00,75532,2026-09-20T03:55:06.2601604-07:00,5.440079,5.648624
2026-09-20T04:26:58.1220963-07:00,75532,2026-09-20T03:55:06.2601604-07:00,3.333881,5.648624
2026-09-20T04:27:00.1385378-07:00,75532,2026-09-20T03:55:06.2601604-07:00,3.324795,5.648624
2026-09-20T04:27:02.1598992-07:00,75532,2026-09-20T03:55:06.2601604-07:00,3.331142,5.648624
2026-09-20T04:27:04.1858782-07:00,75532,2026-09-20T03:55:06.2601604-07:00,3.324818,5.648624
2026-09-20T04:27:06.2111548-07:00,75532,2026-09-20T03:55:06.2601604-07:00,3.351540,5.648624
2026-09-20T04:27:08.2414144-07:00,75532,2026-09-20T03:55:06.2601604-07:00,3.328400,5.648624
2026-09-20T04:27:10.2649540-07:00,75532,2026-09-20T03:55:06.2601604-07:00,3.375862,5.648624
2026-09-20T04:27:12.2881015-07:00,75532,2026-09-20T03:55:06.2601604-07:00,4.212055,5.648624
2026-09-20T04:27:14.3220383-07:00,75532,2026-09-20T03:55:06.2601604-07:00,5.263859,5.648624
2026-09-20T04:27:16.3439033-07:00,75532,2026-09-20T03:55:06.2601604-07:00,5.353783,5.648624
2026-09-20T04:27:18.3735590-07:00,75532,2026-09-20T03:55:06.2601604-07:00,5.291782,5.648624
2026-09-20T04:27:20.4027888-07:00,75532,2026-09-20T03:55:06.2601604-07:00,4.843029,5.648624
2026-09-20T04:27:22.4505103-07:00,75532,2026-09-20T03:55:06.2601604-07:00,4.126698,5.648624
2026-09-20T04:27:24.4717992-07:00,75532,2026-09-20T03:55:06.2601604-07:00,4.864338,5.648624
2026-09-20T04:27:26.4896277-07:00,75532,2026-09-20T03:55:06.2601604-07:00,4.885647,5.648624
2026-09-20T04:27:28.5079930-07:00,75532,2026-09-20T03:55:06.2601604-07:00,4.940502,5.648624
2026-09-20T04:27:30.5394174-07:00,75532,2026-09-20T03:55:06.2601604-07:00,4.501842,5.648624
2026-09-20T04:27:32.5906816-07:00,75532,2026-09-20T03:55:06.2601604-07:00,5.083229,5.648624
2026-09-20T04:27:34.6077856-07:00,75532,2026-09-20T03:55:06.2601604-07:00,5.052387,5.648624
2026-09-20T04:27:36.6213601-07:00,75532,2026-09-20T03:55:06.2601604-07:00,5.119602,5.648624
2026-09-20T04:27:38.6398109-07:00,75532,2026-09-20T03:55:06.2601604-07:00,5.187328,5.648624
2026-09-20T04:27:40.6660814-07:00,75532,2026-09-20T03:55:06.2601604-07:00,4.575554,5.648624
2026-09-20T04:27:42.6916017-07:00,75532,2026-09-20T03:55:06.2601604-07:00,5.280205,5.648624
2026-09-20T04:27:44.7099706-07:00,75532,2026-09-20T03:55:06.2601604-07:00,5.330105,5.648624
2026-09-20T04:27:46.7321009-07:00,75532,2026-09-20T03:55:06.2601604-07:00,5.404823,5.648624
2026-09-20T04:27:48.7554505-07:00,75532,2026-09-20T03:55:06.2601604-07:00,4.275562,5.648624
2026-09-20T04:27:50.8052520-07:00,75532,2026-09-20T03:55:06.2601604-07:00,4.873180,5.648624
2026-09-20T04:27:52.8300216-07:00,75532,2026-09-20T03:55:06.2601604-07:00,4.924377,5.648624
2026-09-20T04:27:54.8499693-07:00,75532,2026-09-20T03:55:06.2601604-07:00,4.945686,5.648624
2026-09-20T04:27:56.8807580-07:00,75532,2026-09-20T03:55:06.2601604-07:00,5.000542,5.648624
2026-09-20T04:27:58.8998786-07:00,75532,2026-09-20T03:55:06.2601604-07:00,4.330269,5.648624
2026-09-20T04:28:00.9450317-07:00,75532,2026-09-20T03:55:06.2601604-07:00,5.055397,5.648624
2026-09-20T04:28:02.9615014-07:00,75532,2026-09-20T03:55:06.2601604-07:00,5.110252,5.648624
2026-09-20T04:28:04.9796335-07:00,75532,2026-09-20T03:55:06.2601604-07:00,5.165108,5.648624
2026-09-20T04:28:06.9997002-07:00,75532,2026-09-20T03:55:06.2601604-07:00,5.220226,5.648624
2026-09-20T04:28:09.0099595-07:00,75532,2026-09-20T03:55:06.2601604-07:00,5.357121,5.648624
2026-09-20T04:28:11.0400830-07:00,75532,2026-09-20T03:55:06.2601604-07:00,5.290333,5.648624
2026-09-20T04:28:13.0697355-07:00,75532,2026-09-20T03:55:06.2601604-07:00,5.358894,5.648624
2026-09-20T04:28:15.0913934-07:00,75532,2026-09-20T03:55:06.2601604-07:00,5.439224,5.648624
2026-09-20T04:28:17.1097529-07:00,75532,2026-09-20T03:55:06.2601604-07:00,5.591019,5.648624
2026-09-20T04:28:19.1393392-07:00,75532,2026-09-20T03:55:06.2601604-07:00,3.356277,5.648624
2026-09-20T04:28:21.1658885-07:00,75532,2026-09-20T03:55:06.2601604-07:00,3.338402,5.648624
2026-09-20T04:28:23.1895158-07:00,75532,2026-09-20T03:55:06.2601604-07:00,3.370564,5.648624
2026-09-20T04:28:25.2201273-07:00,75532,2026-09-20T03:55:06.2601604-07:00,3.354160,5.648624
2026-09-20T04:28:27.2468435-07:00,75532,2026-09-20T03:55:06.2601604-07:00,3.328907,5.648624
2026-09-20T04:28:29.2848956-07:00,75532,2026-09-20T03:55:06.2601604-07:00,3.346710,5.648624
2026-09-20T04:28:31.3028138-07:00,75532,2026-09-20T03:55:06.2601604-07:00,3.351650,5.648624
2026-09-20T04:28:33.3247166-07:00,75532,2026-09-20T03:55:06.2601604-07:00,4.563316,5.648624
2026-09-20T04:28:35.3393991-07:00,75532,2026-09-20T03:55:06.2601604-07:00,5.268669,5.648624
2026-09-20T04:28:37.3697751-07:00,75532,2026-09-20T03:55:06.2601604-07:00,5.298477,5.648624
2026-09-20T04:28:39.3930534-07:00,75532,2026-09-20T03:55:06.2601604-07:00,5.448940,5.648624
2026-09-20T04:28:41.4201413-07:00,75532,2026-09-20T03:55:06.2601604-07:00,4.853100,5.648624
2026-09-20T04:28:43.4461834-07:00,75532,2026-09-20T03:55:06.2601604-07:00,4.874409,5.648624
2026-09-20T04:28:45.4714408-07:00,75532,2026-09-20T03:55:06.2601604-07:00,4.895718,5.648624
2026-09-20T04:28:47.5152615-07:00,75532,2026-09-20T03:55:06.2601604-07:00,4.950573,5.648624
2026-09-20T04:28:49.5497388-07:00,75532,2026-09-20T03:55:06.2601604-07:00,5.092381,5.648624
2026-09-20T04:28:51.5718446-07:00,75532,2026-09-20T03:55:06.2601604-07:00,5.005428,5.648624
2026-09-20T04:28:53.6009331-07:00,75532,2026-09-20T03:55:06.2601604-07:00,5.060284,5.648624
2026-09-20T04:28:55.6227840-07:00,75532,2026-09-20T03:55:06.2601604-07:00,5.115864,5.648624
2026-09-20T04:28:57.6554413-07:00,75532,2026-09-20T03:55:06.2601604-07:00,5.186661,5.648624
2026-09-20T04:28:59.6842797-07:00,75532,2026-09-20T03:55:06.2601604-07:00,5.324387,5.648624
2026-09-20T04:29:01.7069581-07:00,75532,2026-09-20T03:55:06.2601604-07:00,5.255024,5.648624
2026-09-20T04:29:03.7300784-07:00,75532,2026-09-20T03:55:06.2601604-07:00,5.327816,5.648624
2026-09-20T04:29:05.7498303-07:00,75532,2026-09-20T03:55:06.2601604-07:00,5.402630,5.648624
2026-09-20T04:29:07.7901100-07:00,75532,2026-09-20T03:55:06.2601604-07:00,5.564415,5.648624
2026-09-20T04:29:09.8115421-07:00,75532,2026-09-20T03:55:06.2601604-07:00,4.856182,5.648624
2026-09-20T04:29:11.8372894-07:00,75532,2026-09-20T03:55:06.2601604-07:00,4.911133,5.648624
2026-09-20T04:29:13.8494100-07:00,75532,2026-09-20T03:55:06.2601604-07:00,4.932751,5.648624
2026-09-20T04:29:15.8797698-07:00,75532,2026-09-20T03:55:06.2601604-07:00,4.299515,5.648624
2026-09-20T04:29:17.9024786-07:00,75532,2026-09-20T03:55:06.2601604-07:00,5.042610,5.648624
2026-09-20T04:29:19.9328583-07:00,75532,2026-09-20T03:55:06.2601604-07:00,5.043179,5.648624
2026-09-20T04:29:21.9619885-07:00,75532,2026-09-20T03:55:06.2601604-07:00,5.098034,5.648624
2026-09-20T04:29:23.9796099-07:00,75532,2026-09-20T03:55:06.2601604-07:00,5.152893,5.648624
2026-09-20T04:29:26.0057989-07:00,75532,2026-09-20T03:55:06.2601604-07:00,4.523308,5.648624
2026-09-20T04:29:28.0248761-07:00,75532,2026-09-20T03:55:06.2601604-07:00,5.273636,5.648624
2026-09-20T04:29:30.0553584-07:00,75532,2026-09-20T03:55:06.2601604-07:00,5.291527,5.648624
2026-09-20T04:29:32.0738212-07:00,75532,2026-09-20T03:55:06.2601604-07:00,5.362381,5.648624
2026-09-20T04:29:34.0998373-07:00,75532,2026-09-20T03:55:06.2601604-07:00,5.329365,5.648624
2026-09-20T04:29:36.1283129-07:00,75532,2026-09-20T03:55:06.2601604-07:00,5.488186,5.648624
2026-09-20T04:29:38.1599689-07:00,75532,2026-09-20T03:55:06.2601604-07:00,3.427116,5.648624
2026-09-20T04:29:40.1969212-07:00,75532,2026-09-20T03:55:06.2601604-07:00,3.342358,5.648624
2026-09-20T04:29:42.2194039-07:00,75532,2026-09-20T03:55:06.2601604-07:00,3.343433,5.648624
2026-09-20T04:29:44.2507771-07:00,75532,2026-09-20T03:55:06.2601604-07:00,3.374435,5.648624
2026-09-20T04:29:46.2921763-07:00,75532,2026-09-20T03:55:06.2601604-07:00,3.348209,5.648624
2026-09-20T04:29:48.3101853-07:00,75532,2026-09-20T03:55:06.2601604-07:00,3.350330,5.648624
2026-09-20T04:29:50.3298358-07:00,75532,2026-09-20T03:55:06.2601604-07:00,3.383739,5.648624
2026-09-20T04:29:52.3605946-07:00,75532,2026-09-20T03:55:06.2601604-07:00,4.563568,5.648624
2026-09-20T04:29:54.4096318-07:00,75532,2026-09-20T03:55:06.2601604-07:00,5.091187,5.648624
2026-09-20T04:29:56.4238963-07:00,75532,2026-09-20T03:55:06.2601604-07:00,5.166950,5.648624
2026-09-20T04:29:58.4339406-07:00,75532,2026-09-20T03:55:06.2601604-07:00,5.331150,5.648624
2026-09-20T04:30:00.4540688-07:00,75532,2026-09-20T03:55:06.2601604-07:00,4.733986,5.648624
2026-09-20T04:30:02.4795938-07:00,75532,2026-09-20T03:55:06.2601604-07:00,4.756638,5.648624
2026-09-20T04:30:04.5170596-07:00,75532,2026-09-20T03:55:06.2601604-07:00,4.791985,5.648624
2026-09-20T04:30:06.5355015-07:00,75532,2026-09-20T03:55:06.2601604-07:00,4.521210,5.648624
2026-09-20T04:30:08.5498685-07:00,75532,2026-09-20T03:55:06.2601604-07:00,4.913853,5.648624
2026-09-20T04:30:10.5757653-07:00,75532,2026-09-20T03:55:06.2601604-07:00,4.932011,5.648624
2026-09-20T04:30:12.6049645-07:00,75532,2026-09-20T03:55:06.2601604-07:00,5.000271,5.648624
2026-09-20T04:30:14.6558678-07:00,75532,2026-09-20T03:55:06.2601604-07:00,5.076881,5.648624
2026-09-20T04:30:16.6810058-07:00,75532,2026-09-20T03:55:06.2601604-07:00,4.464046,5.648624
2026-09-20T04:30:18.7182044-07:00,75532,2026-09-20T03:55:06.2601604-07:00,5.207142,5.648624
2026-09-20T04:30:20.7482900-07:00,75532,2026-09-20T03:55:06.2601604-07:00,5.228298,5.648624
2026-09-20T04:30:22.7835922-07:00,75532,2026-09-20T03:55:06.2601604-07:00,5.302803,5.648624
2026-09-20T04:30:24.8087764-07:00,75532,2026-09-20T03:55:06.2601604-07:00,5.381416,5.648624
2026-09-20T04:30:26.8296600-07:00,75532,2026-09-20T03:55:06.2601604-07:00,5.548409,5.648624
2026-09-20T04:30:28.8608562-07:00,75532,2026-09-20T03:55:06.2601604-07:00,4.848896,5.648624
2026-09-20T04:30:30.8850430-07:00,75532,2026-09-20T03:55:06.2601604-07:00,4.903805,5.648624
2026-09-20T04:30:32.9249101-07:00,75532,2026-09-20T03:55:06.2601604-07:00,4.925114,5.648624
2026-09-20T04:30:34.9498962-07:00,75532,2026-09-20T03:55:06.2601604-07:00,4.805592,5.648624
2026-09-20T04:30:36.9698318-07:00,75532,2026-09-20T03:55:06.2601604-07:00,4.979969,5.648624
2026-09-20T04:30:38.9899757-07:00,75532,2026-09-20T03:55:06.2601604-07:00,5.034828,5.648624
2026-09-20T04:30:41.0145642-07:00,75532,2026-09-20T03:55:06.2601604-07:00,5.090286,5.648624
2026-09-20T04:30:43.0398285-07:00,75532,2026-09-20T03:55:06.2601604-07:00,5.145432,5.648624
2026-09-20T04:30:45.0532365-07:00,75532,2026-09-20T03:55:06.2601604-07:00,5.282337,5.648624
2026-09-20T04:30:47.0697935-07:00,75532,2026-09-20T03:55:06.2601604-07:00,5.202652,5.648624
2026-09-20T04:30:49.0898185-07:00,75532,2026-09-20T03:55:06.2601604-07:00,5.270538,5.648624
2026-09-20T04:30:51.1398191-07:00,75532,2026-09-20T03:55:06.2601604-07:00,5.342865,5.648624
2026-09-20T04:30:53.1651759-07:00,75532,2026-09-20T03:55:06.2601604-07:00,4.732719,5.648624
2026-09-20T04:30:55.1916621-07:00,75532,2026-09-20T03:55:06.2601604-07:00,5.458836,5.648624
2026-09-20T04:30:57.2100807-07:00,75532,2026-09-20T03:55:06.2601604-07:00,3.230045,5.648624
2026-09-20T04:30:59.2355042-07:00,75532,2026-09-20T03:55:06.2601604-07:00,3.203918,5.648624
2026-09-20T04:31:01.2631302-07:00,75532,2026-09-20T03:55:06.2601604-07:00,3.221001,5.648624
2026-09-20T04:31:03.2812088-07:00,75532,2026-09-20T03:55:06.2601604-07:00,3.236229,5.648624
2026-09-20T04:31:05.3054903-07:00,75532,2026-09-20T03:55:06.2601604-07:00,3.270821,5.648624
2026-09-20T04:31:07.3295428-07:00,75532,2026-09-20T03:55:06.2601604-07:00,3.307976,5.648624
2026-09-20T04:31:09.3507384-07:00,75532,2026-09-20T03:55:06.2601604-07:00,3.321693,5.648624
2026-09-20T04:31:11.3906610-07:00,75532,2026-09-20T03:55:06.2601604-07:00,4.545731,5.648624
2026-09-20T04:31:13.4080533-07:00,75532,2026-09-20T03:55:06.2601604-07:00,5.250587,5.648624
2026-09-20T04:31:15.4297838-07:00,75532,2026-09-20T03:55:06.2601604-07:00,5.286621,5.648624
2026-09-20T04:31:17.4530965-07:00,75532,2026-09-20T03:55:06.2601604-07:00,5.463692,5.648624
2026-09-20T04:31:19.4830280-07:00,75532,2026-09-20T03:55:06.2601604-07:00,4.838737,5.648624
2026-09-20T04:31:21.5018872-07:00,75532,2026-09-20T03:55:06.2601604-07:00,4.861389,5.648624
2026-09-20T04:31:23.5318060-07:00,75532,2026-09-20T03:55:06.2601604-07:00,4.882984,5.648624
2026-09-20T04:31:25.5502086-07:00,75532,2026-09-20T03:55:06.2601604-07:00,5.019875,5.648624
2026-09-20T04:31:27.5710841-07:00,75532,2026-09-20T03:55:06.2601604-07:00,4.939030,5.648624
2026-09-20T04:31:29.6103327-07:00,75532,2026-09-20T03:55:06.2601604-07:00,4.994896,5.648624
2026-09-20T04:31:31.6431890-07:00,75532,2026-09-20T03:55:06.2601604-07:00,5.050522,5.648624
2026-09-20T04:31:33.6732754-07:00,75532,2026-09-20T03:55:06.2601604-07:00,5.110420,5.648624
2026-09-20T04:31:35.7028647-07:00,75532,2026-09-20T03:55:06.2601604-07:00,5.247810,5.648624
2026-09-20T04:31:37.7420514-07:00,75532,2026-09-20T03:55:06.2601604-07:00,5.178806,5.648624
2026-09-20T04:31:39.7877826-07:00,75532,2026-09-20T03:55:06.2601604-07:00,5.248989,5.648624
2026-09-20T04:31:41.8122839-07:00,75532,2026-09-20T03:55:06.2601604-07:00,5.320454,5.648624
2026-09-20T04:31:43.8435075-07:00,75532,2026-09-20T03:55:06.2601604-07:00,5.499874,5.648624
2026-09-20T04:31:45.8719753-07:00,75532,2026-09-20T03:55:06.2601604-07:00,5.393948,5.648624
2026-09-20T04:31:47.8995297-07:00,75532,2026-09-20T03:55:06.2601604-07:00,4.850773,5.648624
2026-09-20T04:31:49.9282448-07:00,75532,2026-09-20T03:55:06.2601604-07:00,4.906094,5.648624
2026-09-20T04:31:51.9517553-07:00,75532,2026-09-20T03:55:06.2601604-07:00,5.042984,5.648624
2026-09-20T04:31:53.9695997-07:00,75532,2026-09-20T03:55:06.2601604-07:00,4.928120,5.648624
2026-09-20T04:31:55.9903109-07:00,75532,2026-09-20T03:55:06.2601604-07:00,4.982975,5.648624
2026-09-20T04:31:58.0603127-07:00,75532,2026-09-20T03:55:06.2601604-07:00,5.037830,5.648624
2026-09-20T04:32:00.0895630-07:00,75532,2026-09-20T03:55:06.2601604-07:00,4.960648,5.648624
2026-09-20T04:32:02.1053956-07:00,75532,2026-09-20T03:55:06.2601604-07:00,5.227058,5.648624
2026-09-20T04:32:04.1257448-07:00,75532,2026-09-20T03:55:06.2601604-07:00,5.147564,5.648624
2026-09-20T04:32:06.1562193-07:00,75532,2026-09-20T03:55:06.2601604-07:00,5.213291,5.648624
2026-09-20T04:32:08.1995149-07:00,75532,2026-09-20T03:55:06.2601604-07:00,5.283619,5.648624
2026-09-20T04:32:10.2156169-07:00,75532,2026-09-20T03:55:06.2601604-07:00,5.086075,5.648624
2026-09-20T04:32:12.2427815-07:00,75532,2026-09-20T03:55:06.2601604-07:00,5.459240,5.648624
2026-09-20T04:32:14.2678454-07:00,75532,2026-09-20T03:55:06.2601604-07:00,5.435280,5.648624
2026-09-20T04:32:16.3000656-07:00,75532,2026-09-20T03:55:06.2601604-07:00,3.348392,5.648624
2026-09-20T04:32:18.3116283-07:00,75532,2026-09-20T03:55:06.2601604-07:00,3.339993,5.648624
2026-09-20T04:32:20.3296911-07:00,75532,2026-09-20T03:55:06.2601604-07:00,3.337666,5.648624
2026-09-20T04:32:22.3536095-07:00,75532,2026-09-20T03:55:06.2601604-07:00,3.340691,5.648624
2026-09-20T04:32:24.3696240-07:00,75532,2026-09-20T03:55:06.2601604-07:00,3.347214,5.648624
2026-09-20T04:32:26.3980148-07:00,75532,2026-09-20T03:55:06.2601604-07:00,3.379650,5.648624
2026-09-20T04:32:28.4199899-07:00,75532,2026-09-20T03:55:06.2601604-07:00,3.348568,5.648624
2026-09-20T04:32:30.4533906-07:00,75532,2026-09-20T03:55:06.2601604-07:00,3.457787,5.648624
2026-09-20T04:32:32.4698590-07:00,75532,2026-09-20T03:55:06.2601604-07:00,5.269703,5.648624
2026-09-20T04:32:34.4979821-07:00,75532,2026-09-20T03:55:06.2601604-07:00,5.277496,5.648624
2026-09-20T04:32:36.5301544-07:00,75532,2026-09-20T03:55:06.2601604-07:00,5.298203,5.648624
2026-09-20T04:32:38.5470822-07:00,75532,2026-09-20T03:55:06.2601604-07:00,4.813843,5.648624
2026-09-20T04:32:40.5697324-07:00,75532,2026-09-20T03:55:06.2601604-07:00,4.984066,5.648624
2026-09-20T04:32:42.5924813-07:00,75532,2026-09-20T03:55:06.2601604-07:00,4.871010,5.648624
2026-09-20T04:32:44.6095862-07:00,75532,2026-09-20T03:55:06.2601604-07:00,4.892319,5.648624
2026-09-20T04:32:46.6656098-07:00,75532,2026-09-20T03:55:06.2601604-07:00,4.947395,5.648624
2026-09-20T04:32:48.6843893-07:00,75532,2026-09-20T03:55:06.2601604-07:00,4.313446,5.648624
2026-09-20T04:32:50.7001201-07:00,75532,2026-09-20T03:55:06.2601604-07:00,5.041031,5.648624
2026-09-20T04:32:52.7153618-07:00,75532,2026-09-20T03:55:06.2601604-07:00,5.057129,5.648624
2026-09-20T04:32:54.7515741-07:00,75532,2026-09-20T03:55:06.2601604-07:00,5.121410,5.648624
2026-09-20T04:32:56.7804688-07:00,75532,2026-09-20T03:55:06.2601604-07:00,5.189224,5.648624
2026-09-20T04:32:58.7998205-07:00,75532,2026-09-20T03:55:06.2601604-07:00,5.361320,5.648624
2026-09-20T04:33:00.8154257-07:00,75532,2026-09-20T03:55:06.2601604-07:00,5.256943,5.648624
2026-09-20T04:33:02.8375465-07:00,75532,2026-09-20T03:55:06.2601604-07:00,5.325562,5.648624
2026-09-20T04:33:04.8771269-07:00,75532,2026-09-20T03:55:06.2601604-07:00,5.400242,5.648624
2026-09-20T04:33:06.9049135-07:00,75532,2026-09-20T03:55:06.2601604-07:00,5.560593,5.648624
2026-09-20T04:33:08.9273993-07:00,75532,2026-09-20T03:55:06.2601604-07:00,4.861599,5.648624
2026-09-20T04:33:10.9525466-07:00,75532,2026-09-20T03:55:06.2601604-07:00,4.916454,5.648624
2026-09-20T04:33:12.9683306-07:00,75532,2026-09-20T03:55:06.2601604-07:00,4.938793,5.648624
2026-09-20T04:33:15.0037139-07:00,75532,2026-09-20T03:55:06.2601604-07:00,4.267662,5.648624
2026-09-20T04:33:17.0337861-07:00,75532,2026-09-20T03:55:06.2601604-07:00,4.993649,5.648624
2026-09-20T04:33:19.0624085-07:00,75532,2026-09-20T03:55:06.2601604-07:00,5.048504,5.648624
2026-09-20T04:33:21.0819409-07:00,75532,2026-09-20T03:55:06.2601604-07:00,5.103359,5.648624
2026-09-20T04:33:23.1249504-07:00,75532,2026-09-20T03:55:06.2601604-07:00,5.158218,5.648624
2026-09-20T04:33:25.1392524-07:00,75532,2026-09-20T03:55:06.2601604-07:00,5.295120,5.648624
2026-09-20T04:33:27.1565246-07:00,75532,2026-09-20T03:55:06.2601604-07:00,5.221783,5.648624
2026-09-20T04:33:29.1802399-07:00,75532,2026-09-20T03:55:06.2601604-07:00,5.292416,5.648624
2026-09-20T04:33:31.2106949-07:00,75532,2026-09-20T03:55:06.2601604-07:00,5.361069,5.648624
2026-09-20T04:33:33.2441021-07:00,75532,2026-09-20T03:55:06.2601604-07:00,4.753685,5.648624
2026-09-20T04:33:35.2666337-07:00,75532,2026-09-20T03:55:06.2601604-07:00,5.441120,5.648624
2026-09-20T04:33:37.2874553-07:00,75532,2026-09-20T03:55:06.2601604-07:00,3.342842,5.648624
2026-09-20T04:33:39.3071689-07:00,75532,2026-09-20T03:55:06.2601604-07:00,3.348598,5.648624
2026-09-20T04:33:41.3319759-07:00,75532,2026-09-20T03:55:06.2601604-07:00,3.357437,5.648624
2026-09-20T04:33:43.3724949-07:00,75532,2026-09-20T03:55:06.2601604-07:00,3.334274,5.648624
2026-09-20T04:33:45.3981289-07:00,75532,2026-09-20T03:55:06.2601604-07:00,3.353321,5.648624
2026-09-20T04:33:47.4197643-07:00,75532,2026-09-20T03:55:06.2601604-07:00,3.339146,5.648624
2026-09-20T04:33:49.4551929-07:00,75532,2026-09-20T03:55:06.2601604-07:00,3.377567,5.648624
2026-09-20T04:33:51.4970068-07:00,75532,2026-09-20T03:55:06.2601604-07:00,3.621517,5.648624
2026-09-20T04:33:53.5164538-07:00,75532,2026-09-20T03:55:06.2601604-07:00,5.273922,5.648624
2026-09-20T04:33:55.5454494-07:00,75532,2026-09-20T03:55:06.2601604-07:00,5.281715,5.648624
2026-09-20T04:33:57.5621261-07:00,75532,2026-09-20T03:55:06.2601604-07:00,5.307472,5.648624
2026-09-20T04:33:59.5729122-07:00,75532,2026-09-20T03:55:06.2601604-07:00,4.860771,5.648624
2026-09-20T04:34:01.6012506-07:00,75532,2026-09-20T03:55:06.2601604-07:00,4.997662,5.648624
2026-09-20T04:34:03.6197867-07:00,75532,2026-09-20T03:55:06.2601604-07:00,4.879730,5.648624
2026-09-20T04:34:05.6399841-07:00,75532,2026-09-20T03:55:06.2601604-07:00,4.901039,5.648624
2026-09-20T04:34:07.6600012-07:00,75532,2026-09-20T03:55:06.2601604-07:00,4.955894,5.648624
2026-09-20T04:34:09.6905670-07:00,75532,2026-09-20T03:55:06.2601604-07:00,4.546303,5.648624
2026-09-20T04:34:11.7314220-07:00,75532,2026-09-20T03:55:06.2601604-07:00,5.081657,5.648624
2026-09-20T04:34:13.7646664-07:00,75532,2026-09-20T03:55:06.2601604-07:00,5.065605,5.648624
2026-09-20T04:34:15.7944979-07:00,75532,2026-09-20T03:55:06.2601604-07:00,5.122643,5.648624
2026-09-20T04:34:17.8168441-07:00,75532,2026-09-20T03:55:06.2601604-07:00,5.191273,5.648624
2026-09-20T04:34:19.8460324-07:00,75532,2026-09-20T03:55:06.2601604-07:00,4.572273,5.648624
2026-09-20T04:34:21.8863852-07:00,75532,2026-09-20T03:55:06.2601604-07:00,5.312557,5.648624
2026-09-20T04:34:23.9150900-07:00,75532,2026-09-20T03:55:06.2601604-07:00,5.328499,5.648624
2026-09-20T04:34:25.9415589-07:00,75532,2026-09-20T03:55:06.2601604-07:00,5.406799,5.648624
2026-09-20T04:34:27.9552359-07:00,75532,2026-09-20T03:55:06.2601604-07:00,4.318878,5.648624
2026-09-20T04:34:30.0103591-07:00,75532,2026-09-20T03:55:06.2601604-07:00,4.894196,5.648624
2026-09-20T04:34:32.0300182-07:00,75532,2026-09-20T03:55:06.2601604-07:00,4.922325,5.648624
2026-09-20T04:34:34.0403269-07:00,75532,2026-09-20T03:55:06.2601604-07:00,4.943634,5.648624
2026-09-20T04:34:36.0600171-07:00,75532,2026-09-20T03:55:06.2601604-07:00,4.998489,5.648624
2026-09-20T04:34:38.0799834-07:00,75532,2026-09-20T03:55:06.2601604-07:00,5.135380,5.648624
2026-09-20T04:34:40.1219417-07:00,75532,2026-09-20T03:55:06.2601604-07:00,5.053345,5.648624
2026-09-20T04:34:42.1524373-07:00,75532,2026-09-20T03:55:06.2601604-07:00,5.108200,5.648624
2026-09-20T04:34:44.1798183-07:00,75532,2026-09-20T03:55:06.2601604-07:00,5.163055,5.648624
2026-09-20T04:34:46.2023992-07:00,75532,2026-09-20T03:55:06.2601604-07:00,5.156551,5.648624
2026-09-20T04:34:48.2366200-07:00,75532,2026-09-20T03:55:06.2601604-07:00,5.349636,5.648624
2026-09-20T04:34:50.2816699-07:00,75532,2026-09-20T03:55:06.2601604-07:00,5.292332,5.648624
2026-09-20T04:34:52.2935337-07:00,75532,2026-09-20T03:55:06.2601604-07:00,5.365108,5.648624
2026-09-20T04:34:54.3097856-07:00,75532,2026-09-20T03:55:06.2601604-07:00,5.443798,5.648624
2026-09-20T04:34:56.3411078-07:00,75532,2026-09-20T03:55:06.2601604-07:00,5.542313,5.648624
2026-09-20T04:34:58.3727882-07:00,75532,2026-09-20T03:55:06.2601604-07:00,3.344013,5.648624
2026-09-20T04:35:00.3975326-07:00,75532,2026-09-20T03:55:06.2601604-07:00,3.388634,5.648624
2026-09-20T04:35:02.4299662-07:00,75532,2026-09-20T03:55:06.2601604-07:00,3.337234,5.648624
2026-09-20T04:35:04.4488642-07:00,75532,2026-09-20T03:55:06.2601604-07:00,3.370499,5.648624
2026-09-20T04:35:06.4727413-07:00,75532,2026-09-20T03:55:06.2601604-07:00,3.334373,5.648624
2026-09-20T04:35:08.5133144-07:00,75532,2026-09-20T03:55:06.2601604-07:00,3.344082,5.648624
2026-09-20T04:35:10.5303913-07:00,75532,2026-09-20T03:55:06.2601604-07:00,3.355873,5.648624
2026-09-20T04:35:12.5520267-07:00,75532,2026-09-20T03:55:06.2601604-07:00,4.570667,5.648624
2026-09-20T04:35:14.5734010-07:00,75532,2026-09-20T03:55:06.2601604-07:00,5.271130,5.648624
2026-09-20T04:35:16.6003678-07:00,75532,2026-09-20T03:55:06.2601604-07:00,5.300869,5.648624
2026-09-20T04:35:18.6316847-07:00,75532,2026-09-20T03:55:06.2601604-07:00,5.482960,5.648624
2026-09-20T04:35:20.6514993-07:00,75532,2026-09-20T03:55:06.2601604-07:00,4.852329,5.648624
2026-09-20T04:35:22.6734536-07:00,75532,2026-09-20T03:55:06.2601604-07:00,4.873741,5.648624
2026-09-20T04:35:24.6945467-07:00,75532,2026-09-20T03:55:06.2601604-07:00,4.895050,5.648624
2026-09-20T04:35:26.7345883-07:00,75532,2026-09-20T03:55:06.2601604-07:00,4.219887,5.648624
2026-09-20T04:35:28.7535422-07:00,75532,2026-09-20T03:55:06.2601604-07:00,4.949905,5.648624
2026-09-20T04:35:30.7790974-07:00,75532,2026-09-20T03:55:06.2601604-07:00,5.004761,5.648624
2026-09-20T04:35:32.8065061-07:00,75532,2026-09-20T03:55:06.2601604-07:00,5.059616,5.648624
2026-09-20T04:35:34.8416556-07:00,75532,2026-09-20T03:55:06.2601604-07:00,5.120266,5.648624
2026-09-20T04:35:36.8772345-07:00,75532,2026-09-20T03:55:06.2601604-07:00,5.257156,5.648624
2026-09-20T04:35:38.8956583-07:00,75532,2026-09-20T03:55:06.2601604-07:00,5.189388,5.648624
2026-09-20T04:35:40.9332272-07:00,75532,2026-09-20T03:55:06.2601604-07:00,5.258472,5.648624
2026-09-20T04:35:42.9561231-07:00,75532,2026-09-20T03:55:06.2601604-07:00,5.328701,5.648624
2026-09-20T04:35:44.9779976-07:00,75532,2026-09-20T03:55:06.2601604-07:00,5.060974,5.648624
2026-09-20T04:35:47.0300077-07:00,75532,2026-09-20T03:55:06.2601604-07:00,5.487293,5.648624
2026-09-20T04:35:49.0597994-07:00,75532,2026-09-20T03:55:06.2601604-07:00,4.864262,5.648624
2026-09-20T04:35:51.0703889-07:00,75532,2026-09-20T03:55:06.2601604-07:00,4.919125,5.648624
2026-09-20T04:35:53.0911205-07:00,75532,2026-09-20T03:55:06.2601604-07:00,4.251625,5.648624
2026-09-20T04:35:55.1102812-07:00,75532,2026-09-20T03:55:06.2601604-07:00,4.940437,5.648624
2026-09-20T04:35:57.1433633-07:00,75532,2026-09-20T03:55:06.2601604-07:00,4.995296,5.648624
2026-09-20T04:35:59.1698367-07:00,75532,2026-09-20T03:55:06.2601604-07:00,5.050156,5.648624
2026-09-20T04:36:01.1900783-07:00,75532,2026-09-20T03:55:06.2601604-07:00,4.416214,5.648624
2026-09-20T04:36:03.2196709-07:00,75532,2026-09-20T03:55:06.2601604-07:00,5.151554,5.648624
2026-09-20T04:36:05.2665354-07:00,75532,2026-09-20T03:55:06.2601604-07:00,5.159878,5.648624
2026-09-20T04:36:07.3001656-07:00,75532,2026-09-20T03:55:06.2601604-07:00,5.223450,5.648624
2026-09-20T04:36:09.3297751-07:00,75532,2026-09-20T03:55:06.2601604-07:00,5.292095,5.648624
2026-09-20T04:36:11.3557607-07:00,75532,2026-09-20T03:55:06.2601604-07:00,4.683357,5.648624
2026-09-20T04:36:13.3748899-07:00,75532,2026-09-20T03:55:06.2601604-07:00,5.403893,5.648624
2026-09-20T04:36:15.4116680-07:00,75532,2026-09-20T03:55:06.2601604-07:00,5.442902,5.648624
2026-09-20T04:36:17.4360257-07:00,75532,2026-09-20T03:55:06.2601604-07:00,3.156410,5.648624
2026-09-20T04:36:19.4686514-07:00,75532,2026-09-20T03:55:06.2601604-07:00,3.228577,5.648624
2026-09-20T04:36:21.4830471-07:00,75532,2026-09-20T03:55:06.2601604-07:00,3.250973,5.648624
2026-09-20T04:36:23.4998988-07:00,75532,2026-09-20T03:55:06.2601604-07:00,3.250973,5.648624
2026-09-20T04:36:25.5283088-07:00,75532,2026-09-20T03:55:06.2601604-07:00,3.277344,5.648624
2026-09-20T04:36:27.5468106-07:00,75532,2026-09-20T03:55:06.2601604-07:00,3.320518,5.648624
2026-09-20T04:36:29.5818763-07:00,75532,2026-09-20T03:55:06.2601604-07:00,3.327717,5.648624
2026-09-20T04:36:31.6090954-07:00,75532,2026-09-20T03:55:06.2601604-07:00,4.197968,5.648624
2026-09-20T04:36:33.6600919-07:00,75532,2026-09-20T03:55:06.2601604-07:00,5.256138,5.648624
2026-09-20T04:36:35.6848033-07:00,75532,2026-09-20T03:55:06.2601604-07:00,5.442989,5.648624
2026-09-20T04:36:37.7053869-07:00,75532,2026-09-20T03:55:06.2601604-07:00,5.292770,5.648624
2026-09-20T04:36:39.7372475-07:00,75532,2026-09-20T03:55:06.2601604-07:00,4.845432,5.648624
2026-09-20T04:36:41.7652521-07:00,75532,2026-09-20T03:55:06.2601604-07:00,4.773640,5.648624
2026-09-20T04:36:43.8173965-07:00,75532,2026-09-20T03:55:06.2601604-07:00,4.970615,5.648624
2026-09-20T04:36:45.8404740-07:00,75532,2026-09-20T03:55:06.2601604-07:00,4.889763,5.648624
2026-09-20T04:36:47.8632408-07:00,75532,2026-09-20T03:55:06.2601604-07:00,4.945721,5.648624
2026-09-20T04:36:49.8901344-07:00,75532,2026-09-20T03:55:06.2601604-07:00,5.001034,5.648624
2026-09-20T04:36:51.9180185-07:00,75532,2026-09-20T03:55:06.2601604-07:00,4.345596,5.648624
2026-09-20T04:36:53.9569942-07:00,75532,2026-09-20T03:55:06.2601604-07:00,5.088436,5.648624
2026-09-20T04:36:55.9836479-07:00,75532,2026-09-20T03:55:06.2601604-07:00,5.119061,5.648624
2026-09-20T04:36:58.0054837-07:00,75532,2026-09-20T03:55:06.2601604-07:00,5.184986,5.648624
2026-09-20T04:37:00.0349797-07:00,75532,2026-09-20T03:55:06.2601604-07:00,5.254990,5.648624
2026-09-20T04:37:02.0757877-07:00,75532,2026-09-20T03:55:06.2601604-07:00,5.269760,5.648624
2026-09-20T04:37:04.1001671-07:00,75532,2026-09-20T03:55:06.2601604-07:00,5.325264,5.648624
2026-09-20T04:37:06.1324019-07:00,75532,2026-09-20T03:55:06.2601604-07:00,5.395702,5.648624
2026-09-20T04:37:08.1503651-07:00,75532,2026-09-20T03:55:06.2601604-07:00,4.858307,5.648624
2026-09-20T04:37:10.1715475-07:00,75532,2026-09-20T03:55:06.2601604-07:00,4.995197,5.648624
2026-09-20T04:37:12.2000500-07:00,75532,2026-09-20T03:55:06.2601604-07:00,4.913166,5.648624
2026-09-20T04:37:14.2367083-07:00,75532,2026-09-20T03:55:06.2601604-07:00,4.934479,5.648624
2026-09-20T04:37:16.2602610-07:00,75532,2026-09-20T03:55:06.2601604-07:00,4.989655,5.648624
2026-09-20T04:37:18.2862859-07:00,75532,2026-09-20T03:55:06.2601604-07:00,4.383385,5.648624
2026-09-20T04:37:20.3121651-07:00,75532,2026-09-20T03:55:06.2601604-07:00,5.098801,5.648624
2026-09-20T04:37:22.3404734-07:00,75532,2026-09-20T03:55:06.2601604-07:00,5.099373,5.648624
2026-09-20T04:37:24.3560648-07:00,75532,2026-09-20T03:55:06.2601604-07:00,5.154335,5.648624
2026-09-20T04:37:26.3878478-07:00,75532,2026-09-20T03:55:06.2601604-07:00,5.217182,5.648624
2026-09-20T04:37:28.4021563-07:00,75532,2026-09-20T03:55:06.2601604-07:00,4.920959,5.648624
2026-09-20T04:37:30.4398783-07:00,75532,2026-09-20T03:55:06.2601604-07:00,5.286644,5.648624
2026-09-20T04:37:32.4656541-07:00,75532,2026-09-20T03:55:06.2601604-07:00,5.357338,5.648624
2026-09-20T04:37:34.4935274-07:00,75532,2026-09-20T03:55:06.2601604-07:00,5.436939,5.648624
2026-09-20T04:37:36.5281422-07:00,75532,2026-09-20T03:55:06.2601604-07:00,5.599102,5.648624
2026-09-20T04:37:38.5477196-07:00,75532,2026-09-20T03:55:06.2601604-07:00,3.347363,5.648624
2026-09-20T04:37:40.5842541-07:00,75532,2026-09-20T03:55:06.2601604-07:00,3.332363,5.648624
2026-09-20T04:37:42.6054112-07:00,75532,2026-09-20T03:55:06.2601604-07:00,3.357647,5.648624
2026-09-20T04:37:44.6200078-07:00,75532,2026-09-20T03:55:06.2601604-07:00,3.328579,5.648624
2026-09-20T04:37:46.6359391-07:00,75532,2026-09-20T03:55:06.2601604-07:00,3.357040,5.648624
2026-09-20T04:37:48.6518546-07:00,75532,2026-09-20T03:55:06.2601604-07:00,3.334377,5.648624
2026-09-20T04:37:50.6801134-07:00,75532,2026-09-20T03:55:06.2601604-07:00,3.346371,5.648624
2026-09-20T04:37:52.7062410-07:00,75532,2026-09-20T03:55:06.2601604-07:00,4.209610,5.648624
2026-09-20T04:37:54.7302910-07:00,75532,2026-09-20T03:55:06.2601604-07:00,5.274948,5.648624
2026-09-20T04:37:56.7500705-07:00,75532,2026-09-20T03:55:06.2601604-07:00,5.034767,5.648624
2026-09-20T04:37:58.7830009-07:00,75532,2026-09-20T03:55:06.2601604-07:00,5.316502,5.648624
2026-09-20T04:38:00.7954281-07:00,75532,2026-09-20T03:55:06.2601604-07:00,4.859566,5.648624
2026-09-20T04:38:02.8102434-07:00,75532,2026-09-20T03:55:06.2601604-07:00,4.880875,5.648624
2026-09-20T04:38:04.8297136-07:00,75532,2026-09-20T03:55:06.2601604-07:00,4.381062,5.648624
2026-09-20T04:38:06.8537706-07:00,75532,2026-09-20T03:55:06.2601604-07:00,4.902184,5.648624
2026-09-20T04:38:08.8951694-07:00,75532,2026-09-20T03:55:06.2601604-07:00,4.957039,5.648624
2026-09-20T04:38:10.9199887-07:00,75532,2026-09-20T03:55:06.2601604-07:00,5.011894,5.648624
2026-09-20T04:38:12.9499658-07:00,75532,2026-09-20T03:55:06.2601604-07:00,4.377941,5.648624
2026-09-20T04:38:14.9679399-07:00,75532,2026-09-20T03:55:06.2601604-07:00,5.121040,5.648624
2026-09-20T04:38:17.0020687-07:00,75532,2026-09-20T03:55:06.2601604-07:00,5.125237,5.648624
2026-09-20T04:38:19.0398188-07:00,75532,2026-09-20T03:55:06.2601604-07:00,5.195133,5.648624
2026-09-20T04:38:21.0546670-07:00,75532,2026-09-20T03:55:06.2601604-07:00,5.261810,5.648624
2026-09-20T04:38:23.0764970-07:00,75532,2026-09-20T03:55:06.2601604-07:00,4.645916,5.648624
2026-09-20T04:38:25.0908385-07:00,75532,2026-09-20T03:55:06.2601604-07:00,5.387760,5.648624
2026-09-20T04:38:27.1088456-07:00,75532,2026-09-20T03:55:06.2601604-07:00,5.402977,5.648624
2026-09-20T04:38:29.1565197-07:00,75532,2026-09-20T03:55:06.2601604-07:00,4.863136,5.648624
2026-09-20T04:38:31.1757014-07:00,75532,2026-09-20T03:55:06.2601604-07:00,5.025078,5.648624
2026-09-20T04:38:33.2004874-07:00,75532,2026-09-20T03:55:06.2601604-07:00,4.918293,5.648624
2026-09-20T04:38:35.2212637-07:00,75532,2026-09-20T03:55:06.2601604-07:00,4.939762,5.648624
2026-09-20T04:38:37.2549685-07:00,75532,2026-09-20T03:55:06.2601604-07:00,4.994621,5.648624
2026-09-20T04:38:39.2871643-07:00,75532,2026-09-20T03:55:06.2601604-07:00,4.543373,5.648624
2026-09-20T04:38:41.3136696-07:00,75532,2026-09-20T03:55:06.2601604-07:00,5.104485,5.648624
2026-09-20T04:38:43.3346062-07:00,75532,2026-09-20T03:55:06.2601604-07:00,5.105057,5.648624
2026-09-20T04:38:45.3639561-07:00,75532,2026-09-20T03:55:06.2601604-07:00,5.159920,5.648624
2026-09-20T04:38:47.4132981-07:00,75532,2026-09-20T03:55:06.2601604-07:00,5.220665,5.648624
2026-09-20T04:38:49.4288174-07:00,75532,2026-09-20T03:55:06.2601604-07:00,5.357559,5.648624
2026-09-20T04:38:51.4561169-07:00,75532,2026-09-20T03:55:06.2601604-07:00,5.288570,5.648624
2026-09-20T04:38:53.4834587-07:00,75532,2026-09-20T03:55:06.2601604-07:00,5.360382,5.648624
2026-09-20T04:38:55.5102715-07:00,75532,2026-09-20T03:55:06.2601604-07:00,5.441204,5.648624
2026-09-20T04:38:57.5567255-07:00,75532,2026-09-20T03:55:06.2601604-07:00,5.561638,5.648624
2026-09-20T04:38:59.5821350-07:00,75532,2026-09-20T03:55:06.2601604-07:00,3.344048,5.648624
2026-09-20T04:39:01.6041859-07:00,75532,2026-09-20T03:55:06.2601604-07:00,3.337128,5.648624
2026-09-20T04:39:03.6278704-07:00,75532,2026-09-20T03:55:06.2601604-07:00,3.335976,5.648624
2026-09-20T04:39:05.6579889-07:00,75532,2026-09-20T03:55:06.2601604-07:00,3.340233,5.648624
2026-09-20T04:39:07.6803589-07:00,75532,2026-09-20T03:55:06.2601604-07:00,3.344616,5.648624
2026-09-20T04:39:09.7020298-07:00,75532,2026-09-20T03:55:06.2601604-07:00,3.368298,5.648624
2026-09-20T04:39:11.7199369-07:00,75532,2026-09-20T03:55:06.2601604-07:00,3.348248,5.648624
2026-09-20T04:39:13.7398250-07:00,75532,2026-09-20T03:55:06.2601604-07:00,3.385387,5.648624
2026-09-20T04:39:15.7887404-07:00,75532,2026-09-20T03:55:06.2601604-07:00,4.242641,5.648624
2026-09-20T04:39:17.8040291-07:00,75532,2026-09-20T03:55:06.2601604-07:00,5.301441,5.648624
2026-09-20T04:39:19.8320573-07:00,75532,2026-09-20T03:55:06.2601604-07:00,5.420395,5.648624
2026-09-20T04:39:21.8582189-07:00,75532,2026-09-20T03:55:06.2601604-07:00,5.326843,5.648624
2026-09-20T04:39:23.8812401-07:00,75532,2026-09-20T03:55:06.2601604-07:00,4.882137,5.648624
2026-09-20T04:39:25.9171450-07:00,75532,2026-09-20T03:55:06.2601604-07:00,5.081413,5.648624
2026-09-20T04:39:27.9458789-07:00,75532,2026-09-20T03:55:06.2601604-07:00,4.903446,5.648624
2026-09-20T04:39:29.9739501-07:00,75532,2026-09-20T03:55:06.2601604-07:00,4.924755,5.648624
2026-09-20T04:39:32.0034939-07:00,75532,2026-09-20T03:55:06.2601604-07:00,4.979610,5.648624
2026-09-20T04:39:34.0478805-07:00,75532,2026-09-20T03:55:06.2601604-07:00,5.034473,5.648624
2026-09-20T04:39:36.0736477-07:00,75532,2026-09-20T03:55:06.2601604-07:00,5.171364,5.648624
2026-09-20T04:39:38.0891390-07:00,75532,2026-09-20T03:55:06.2601604-07:00,5.089333,5.648624
2026-09-20T04:39:40.1055400-07:00,75532,2026-09-20T03:55:06.2601604-07:00,5.144192,5.648624
2026-09-20T04:39:42.1199450-07:00,75532,2026-09-20T03:55:06.2601604-07:00,5.199062,5.648624
2026-09-20T04:39:44.1555105-07:00,75532,2026-09-20T03:55:06.2601604-07:00,4.572269,5.648624
2026-09-20T04:39:46.1884027-07:00,75532,2026-09-20T03:55:06.2601604-07:00,5.299858,5.648624
2026-09-20T04:39:48.2116437-07:00,75532,2026-09-20T03:55:06.2601604-07:00,5.328503,5.648624
2026-09-20T04:39:50.2300023-07:00,75532,2026-09-20T03:55:06.2601604-07:00,5.402267,5.648624
2026-09-20T04:39:52.2502892-07:00,75532,2026-09-20T03:55:06.2601604-07:00,5.564148,5.648624
2026-09-20T04:39:54.2899956-07:00,75532,2026-09-20T03:55:06.2601604-07:00,4.861664,5.648624
2026-09-20T04:39:56.3120112-07:00,75532,2026-09-20T03:55:06.2601604-07:00,4.916523,5.648624
2026-09-20T04:39:58.3327250-07:00,75532,2026-09-20T03:55:06.2601604-07:00,4.938148,5.648624
2026-09-20T04:40:00.3517025-07:00,75532,2026-09-20T03:55:06.2601604-07:00,4.479523,5.648624
2026-09-20T04:40:02.3758442-07:00,75532,2026-09-20T03:55:06.2601604-07:00,5.047295,5.648624
2026-09-20T04:40:04.4116651-07:00,75532,2026-09-20T03:55:06.2601604-07:00,5.047867,5.648624
2026-09-20T04:40:06.4350747-07:00,75532,2026-09-20T03:55:06.2601604-07:00,5.102726,5.648624
2026-09-20T04:40:08.4582009-07:00,75532,2026-09-20T03:55:06.2601604-07:00,5.157589,5.648624
2026-09-20T04:40:10.4783222-07:00,75532,2026-09-20T03:55:06.2601604-07:00,5.294483,5.648624
2026-09-20T04:40:12.5265255-07:00,75532,2026-09-20T03:55:06.2601604-07:00,5.217522,5.648624
2026-09-20T04:40:14.5466029-07:00,75532,2026-09-20T03:55:06.2601604-07:00,5.288879,5.648624
2026-09-20T04:40:16.5736364-07:00,75532,2026-09-20T03:55:06.2601604-07:00,5.360203,5.648624
2026-09-20T04:40:18.5936964-07:00,75532,2026-09-20T03:55:06.2601604-07:00,5.509075,5.648624
2026-09-20T04:40:20.6116274-07:00,75532,2026-09-20T03:55:06.2601604-07:00,5.438877,5.648624
2026-09-20T04:40:22.6374412-07:00,75532,2026-09-20T03:55:06.2601604-07:00,3.344795,5.648624
2026-09-20T04:40:24.6622003-07:00,75532,2026-09-20T03:55:06.2601604-07:00,3.368603,5.648624
2026-09-20T04:40:26.6901476-07:00,75532,2026-09-20T03:55:06.2601604-07:00,3.373924,5.648624
2026-09-20T04:40:28.7221651-07:00,75532,2026-09-20T03:55:06.2601604-07:00,3.343151,5.648624
2026-09-20T04:40:30.7465614-07:00,75532,2026-09-20T03:55:06.2601604-07:00,3.340923,5.648624
2026-09-20T04:40:32.7958425-07:00,75532,2026-09-20T03:55:06.2601604-07:00,3.361744,5.648624
2026-09-20T04:40:34.8265324-07:00,75532,2026-09-20T03:55:06.2601604-07:00,3.344398,5.648624
2026-09-20T04:40:36.8474761-07:00,75532,2026-09-20T03:55:06.2601604-07:00,3.390652,5.648624
2026-09-20T04:40:38.8660196-07:00,75532,2026-09-20T03:55:06.2601604-07:00,3.412338,5.648624
2026-09-20T04:40:40.8951672-07:00,75532,2026-09-20T03:55:06.2601604-07:00,5.054092,5.648624
2026-09-20T04:40:42.9336943-07:00,75532,2026-09-20T03:55:06.2601604-07:00,5.297356,5.648624
2026-09-20T04:40:44.9592308-07:00,75532,2026-09-20T03:55:06.2601604-07:00,5.313995,5.648624
2026-09-20T04:40:46.9776375-07:00,75532,2026-09-20T03:55:06.2601604-07:00,4.707851,5.648624
2026-09-20T04:40:49.0021685-07:00,75532,2026-09-20T03:55:06.2601604-07:00,4.918205,5.648624
2026-09-20T04:40:51.0391715-07:00,75532,2026-09-20T03:55:06.2601604-07:00,4.885227,5.648624
2026-09-20T04:40:53.0601598-07:00,75532,2026-09-20T03:55:06.2601604-07:00,4.906540,5.648624
2026-09-20T04:40:55.0702419-07:00,75532,2026-09-20T03:55:06.2601604-07:00,4.961399,5.648624
2026-09-20T04:40:57.0878756-07:00,75532,2026-09-20T03:55:06.2601604-07:00,4.271019,5.648624
2026-09-20T04:40:59.1144003-07:00,75532,2026-09-20T03:55:06.2601604-07:00,5.016354,5.648624
2026-09-20T04:41:01.1521985-07:00,75532,2026-09-20T03:55:06.2601604-07:00,5.071213,5.648624
2026-09-20T04:41:03.1741088-07:00,75532,2026-09-20T03:55:06.2601604-07:00,5.126163,5.648624
2026-09-20T04:41:05.1898459-07:00,75532,2026-09-20T03:55:06.2601604-07:00,5.192627,5.648624
2026-09-20T04:41:07.2200830-07:00,75532,2026-09-20T03:55:06.2601604-07:00,5.330452,5.648624
2026-09-20T04:41:09.2692337-07:00,75532,2026-09-20T03:55:06.2601604-07:00,5.259727,5.648624
2026-09-20T04:41:11.2965670-07:00,75532,2026-09-20T03:55:06.2601604-07:00,5.329514,5.648624
2026-09-20T04:41:13.3236022-07:00,75532,2026-09-20T03:55:06.2601604-07:00,5.405716,5.648624
2026-09-20T04:41:15.3387195-07:00,75532,2026-09-20T03:55:06.2601604-07:00,5.565563,5.648624
2026-09-20T04:41:17.3711922-07:00,75532,2026-09-20T03:55:06.2601604-07:00,4.893063,5.648624
2026-09-20T04:41:19.4203300-07:00,75532,2026-09-20T03:55:06.2601604-07:00,4.948231,5.648624
2026-09-20T04:41:21.4532295-07:00,75532,2026-09-20T03:55:06.2601604-07:00,4.969543,5.648624
2026-09-20T04:41:23.4706369-07:00,75532,2026-09-20T03:55:06.2601604-07:00,4.440727,5.648624
2026-09-20T04:41:25.5003605-07:00,75532,2026-09-20T03:55:06.2601604-07:00,5.078690,5.648624
2026-09-20T04:41:27.5199683-07:00,75532,2026-09-20T03:55:06.2601604-07:00,5.079262,5.648624
2026-09-20T04:41:29.5656496-07:00,75532,2026-09-20T03:55:06.2601604-07:00,5.134121,5.648624
2026-09-20T04:41:31.5935402-07:00,75532,2026-09-20T03:55:06.2601604-07:00,5.188984,5.648624
2026-09-20T04:41:33.6255988-07:00,75532,2026-09-20T03:55:06.2601604-07:00,4.555031,5.648624
2026-09-20T04:41:35.6403236-07:00,75532,2026-09-20T03:55:06.2601604-07:00,5.298130,5.648624
2026-09-20T04:41:37.6649614-07:00,75532,2026-09-20T03:55:06.2601604-07:00,5.298843,5.648624
2026-09-20T04:41:39.6815685-07:00,75532,2026-09-20T03:55:06.2601604-07:00,5.370724,5.648624
2026-09-20T04:41:41.7163682-07:00,75532,2026-09-20T03:55:06.2601604-07:00,5.442802,5.648624
2026-09-20T04:41:43.7445511-07:00,75532,2026-09-20T03:55:06.2601604-07:00,5.527946,5.648624
2026-09-20T04:41:45.7655491-07:00,75532,2026-09-20T03:55:06.2601604-07:00,3.332909,5.648624
2026-09-20T04:41:47.8255511-07:00,75532,2026-09-20T03:55:06.2601604-07:00,3.373943,5.648624
2026-09-20T04:41:49.8505164-07:00,75532,2026-09-20T03:55:06.2601604-07:00,3.333134,5.648624
2026-09-20T04:41:51.8700155-07:00,75532,2026-09-20T03:55:06.2601604-07:00,3.370144,5.648624
2026-09-20T04:41:53.8802199-07:00,75532,2026-09-20T03:55:06.2601604-07:00,3.333359,5.648624
2026-09-20T04:41:55.9081847-07:00,75532,2026-09-20T03:55:06.2601604-07:00,3.336628,5.648624
2026-09-20T04:41:57.9419965-07:00,75532,2026-09-20T03:55:06.2601604-07:00,3.388840,5.648624
2026-09-20T04:41:59.9707421-07:00,75532,2026-09-20T03:55:06.2601604-07:00,3.379208,5.648624
2026-09-20T04:42:02.0003879-07:00,75532,2026-09-20T03:55:06.2601604-07:00,4.089905,5.648624
2026-09-20T04:42:04.0304688-07:00,75532,2026-09-20T03:55:06.2601604-07:00,5.055634,5.648624
2026-09-20T04:42:06.0582349-07:00,75532,2026-09-20T03:55:06.2601604-07:00,4.972885,5.648624
2026-09-20T04:42:08.0892111-07:00,75532,2026-09-20T03:55:06.2601604-07:00,5.260101,5.648624
2026-09-20T04:42:10.1108678-07:00,75532,2026-09-20T03:55:06.2601604-07:00,4.705502,5.648624
2026-09-20T04:42:12.1304367-07:00,75532,2026-09-20T03:55:06.2601604-07:00,4.732456,5.648624
2026-09-20T04:42:14.1523114-07:00,75532,2026-09-20T03:55:06.2601604-07:00,4.615772,5.648624
2026-09-20T04:42:16.1799094-07:00,75532,2026-09-20T03:55:06.2601604-07:00,4.896877,5.648624
2026-09-20T04:42:18.2075276-07:00,75532,2026-09-20T03:55:06.2601604-07:00,4.841599,5.648624
2026-09-20T04:42:20.2380121-07:00,75532,2026-09-20T03:55:06.2601604-07:00,4.918804,5.648624
2026-09-20T04:42:22.2716041-07:00,75532,2026-09-20T03:55:06.2601604-07:00,4.994083,5.648624
2026-09-20T04:42:24.2960520-07:00,75532,2026-09-20T03:55:06.2601604-07:00,4.355927,5.648624
2026-09-20T04:42:26.3503415-07:00,75532,2026-09-20T03:55:06.2601604-07:00,5.068382,5.648624
2026-09-20T04:42:28.3764908-07:00,75532,2026-09-20T03:55:06.2601604-07:00,5.146820,5.648624
2026-09-20T04:42:30.4042115-07:00,75532,2026-09-20T03:55:06.2601604-07:00,5.225319,5.648624
2026-09-20T04:42:32.4221033-07:00,75532,2026-09-20T03:55:06.2601604-07:00,5.297325,5.648624
2026-09-20T04:42:34.4544484-07:00,75532,2026-09-20T03:55:06.2601604-07:00,5.433083,5.648624
2026-09-20T04:42:36.4902419-07:00,75532,2026-09-20T03:55:06.2601604-07:00,5.375393,5.648624
2026-09-20T04:42:38.5145597-07:00,75532,2026-09-20T03:55:06.2601604-07:00,4.846268,5.648624
2026-09-20T04:42:40.5486033-07:00,75532,2026-09-20T03:55:06.2601604-07:00,4.474220,5.648624
2026-09-20T04:42:42.5797565-07:00,75532,2026-09-20T03:55:06.2601604-07:00,5.034523,5.648624
2026-09-20T04:42:44.6348321-07:00,75532,2026-09-20T03:55:06.2601604-07:00,4.922443,5.648624
2026-09-20T04:42:46.6504103-07:00,75532,2026-09-20T03:55:06.2601604-07:00,4.977390,5.648624
2026-09-20T04:42:48.6763834-07:00,75532,2026-09-20T03:55:06.2601604-07:00,5.032433,5.648624
2026-09-20T04:42:50.6952431-07:00,75532,2026-09-20T03:55:06.2601604-07:00,4.480911,5.648624
2026-09-20T04:42:52.7146141-07:00,75532,2026-09-20T03:55:06.2601604-07:00,5.141769,5.648624
2026-09-20T04:42:54.7461796-07:00,75532,2026-09-20T03:55:06.2601604-07:00,5.142700,5.648624
2026-09-20T04:42:56.7655107-07:00,75532,2026-09-20T03:55:06.2601604-07:00,5.197678,5.648624
2026-09-20T04:42:58.7803266-07:00,75532,2026-09-20T03:55:06.2601604-07:00,5.268425,5.648624
2026-09-20T04:43:00.8060990-07:00,75532,2026-09-20T03:55:06.2601604-07:00,5.412552,5.648624
2026-09-20T04:43:02.8337013-07:00,75532,2026-09-20T03:55:06.2601604-07:00,5.341938,5.648624
2026-09-20T04:43:04.8693687-07:00,75532,2026-09-20T03:55:06.2601604-07:00,5.419399,5.648624
2026-09-20T04:43:06.8887442-07:00,75532,2026-09-20T03:55:06.2601604-07:00,4.903824,5.648624
2026-09-20T04:43:08.9168686-07:00,75532,2026-09-20T03:55:06.2601604-07:00,3.360004,5.648624
2026-09-20T04:43:10.9400039-07:00,75532,2026-09-20T03:55:06.2601604-07:00,3.354160,5.648624
2026-09-20T04:43:12.9661080-07:00,75532,2026-09-20T03:55:06.2601604-07:00,3.380131,5.648624
2026-09-20T04:43:15.0078123-07:00,75532,2026-09-20T03:55:06.2601604-07:00,3.358887,5.648624
2026-09-20T04:43:17.0361737-07:00,75532,2026-09-20T03:55:06.2601604-07:00,3.394714,5.648624
2026-09-20T04:43:19.0618602-07:00,75532,2026-09-20T03:55:06.2601604-07:00,3.359615,5.648624
2026-09-20T04:43:21.0847926-07:00,75532,2026-09-20T03:55:06.2601604-07:00,3.375847,5.648624
2026-09-20T04:43:23.1264346-07:00,75532,2026-09-20T03:55:06.2601604-07:00,3.380939,5.648624
2026-09-20T04:43:25.1400510-07:00,75532,2026-09-20T03:55:06.2601604-07:00,4.272636,5.648624
2026-09-20T04:43:27.1559943-07:00,75532,2026-09-20T03:55:06.2601604-07:00,5.286697,5.648624
2026-09-20T04:43:29.1839236-07:00,75532,2026-09-20T03:55:06.2601604-07:00,5.311317,5.648624
2026-09-20T04:43:31.2024396-07:00,75532,2026-09-20T03:55:06.2601604-07:00,5.437965,5.648624
2026-09-20T04:43:33.2503444-07:00,75532,2026-09-20T03:55:06.2601604-07:00,4.861088,5.648624
2026-09-20T04:43:35.2754692-07:00,75532,2026-09-20T03:55:06.2601604-07:00,4.883118,5.648624
2026-09-20T04:43:37.2992347-07:00,75532,2026-09-20T03:55:06.2601604-07:00,4.688931,5.648624
2026-09-20T04:43:39.3156738-07:00,75532,2026-09-20T03:55:06.2601604-07:00,4.958717,5.648624
2026-09-20T04:43:41.3353500-07:00,75532,2026-09-20T03:55:06.2601604-07:00,4.959293,5.648624
2026-09-20T04:43:43.3851215-07:00,75532,2026-09-20T03:55:06.2601604-07:00,5.014160,5.648624
2026-09-20T04:43:45.4101633-07:00,75532,2026-09-20T03:55:06.2601604-07:00,5.069107,5.648624
2026-09-20T04:43:47.4270222-07:00,75532,2026-09-20T03:55:06.2601604-07:00,4.411358,5.648624
2026-09-20T04:43:49.4424273-07:00,75532,2026-09-20T03:55:06.2601604-07:00,5.125496,5.648624
2026-09-20T04:43:51.4835543-07:00,75532,2026-09-20T03:55:06.2601604-07:00,5.193390,5.648624
2026-09-20T04:43:53.5104105-07:00,75532,2026-09-20T03:55:06.2601604-07:00,5.259224,5.648624
2026-09-20T04:43:55.5346128-07:00,75532,2026-09-20T03:55:06.2601604-07:00,5.330082,5.648624
2026-09-20T04:43:57.5532659-07:00,75532,2026-09-20T03:55:06.2601604-07:00,5.502987,5.648624
2026-09-20T04:43:59.5703253-07:00,75532,2026-09-20T03:55:06.2601604-07:00,5.400227,5.648624
2026-09-20T04:44:01.6078138-07:00,75532,2026-09-20T03:55:06.2601604-07:00,4.863518,5.648624
2026-09-20T04:44:03.6399971-07:00,75532,2026-09-20T03:55:06.2601604-07:00,4.918377,5.648624
2026-09-20T04:44:05.6624756-07:00,75532,2026-09-20T03:55:06.2601604-07:00,5.055573,5.648624
2026-09-20T04:44:07.6823344-07:00,75532,2026-09-20T03:55:06.2601604-07:00,4.939995,5.648624
2026-09-20T04:44:09.7083333-07:00,75532,2026-09-20T03:55:06.2601604-07:00,4.995571,5.648624
2026-09-20T04:44:11.7400925-07:00,75532,2026-09-20T03:55:06.2601604-07:00,5.050430,5.648624
2026-09-20T04:44:13.7647219-07:00,75532,2026-09-20T03:55:06.2601604-07:00,4.394802,5.648624
2026-09-20T04:44:15.7903278-07:00,75532,2026-09-20T03:55:06.2601604-07:00,5.128578,5.648624
2026-09-20T04:44:17.8183864-07:00,75532,2026-09-20T03:55:06.2601604-07:00,5.160152,5.648624
2026-09-20T04:44:19.8424784-07:00,75532,2026-09-20T03:55:06.2601604-07:00,5.215382,5.648624
2026-09-20T04:44:21.8891512-07:00,75532,2026-09-20T03:55:06.2601604-07:00,5.285572,5.648624
2026-09-20T04:44:23.9100650-07:00,75532,2026-09-20T03:55:06.2601604-07:00,5.404465,5.648624
2026-09-20T04:44:25.9245201-07:00,75532,2026-09-20T03:55:06.2601604-07:00,5.357140,5.648624
2026-09-20T04:44:27.9405116-07:00,75532,2026-09-20T03:55:06.2601604-07:00,5.437817,5.648624
2026-09-20T04:44:29.9738736-07:00,75532,2026-09-20T03:55:06.2601604-07:00,5.598976,5.648624
2026-09-20T04:44:31.9956486-07:00,75532,2026-09-20T03:55:06.2601604-07:00,3.402576,5.648624
2026-09-20T04:44:34.0122921-07:00,75532,2026-09-20T03:55:06.2601604-07:00,3.348484,5.648624
2026-09-20T04:44:36.0303391-07:00,75532,2026-09-20T03:55:06.2601604-07:00,3.354691,5.648624
2026-09-20T04:44:38.0503098-07:00,75532,2026-09-20T03:55:06.2601604-07:00,3.349117,5.648624
2026-09-20T04:44:40.0941653-07:00,75532,2026-09-20T03:55:06.2601604-07:00,3.350815,5.648624
2026-09-20T04:44:42.1305518-07:00,75532,2026-09-20T03:55:06.2601604-07:00,3.390701,5.648624
2026-09-20T04:44:44.1473005-07:00,75532,2026-09-20T03:55:06.2601604-07:00,3.361031,5.648624
2026-09-20T04:44:46.1684162-07:00,75532,2026-09-20T03:55:06.2601604-07:00,3.400093,5.648624
2026-09-20T04:44:48.1917455-07:00,75532,2026-09-20T03:55:06.2601604-07:00,4.249783,5.648624
2026-09-20T04:44:50.2261578-07:00,75532,2026-09-20T03:55:06.2601604-07:00,5.300095,5.648624
2026-09-20T04:44:52.2491026-07:00,75532,2026-09-20T03:55:06.2601604-07:00,5.447762,5.648624
2026-09-20T04:44:54.2803264-07:00,75532,2026-09-20T03:55:06.2601604-07:00,5.331993,5.648624
2026-09-20T04:44:56.3229773-07:00,75532,2026-09-20T03:55:06.2601604-07:00,4.885521,5.648624
2026-09-20T04:44:58.3739698-07:00,75532,2026-09-20T03:55:06.2601604-07:00,4.906834,5.648624
2026-09-20T04:45:00.4056501-07:00,75532,2026-09-20T03:55:06.2601604-07:00,5.068497,5.648624
2026-09-20T04:45:02.4242312-07:00,75532,2026-09-20T03:55:06.2601604-07:00,4.928238,5.648624
2026-09-20T04:45:04.4501105-07:00,75532,2026-09-20T03:55:06.2601604-07:00,4.983097,5.648624
2026-09-20T04:45:06.4782883-07:00,75532,2026-09-20T03:55:06.2601604-07:00,5.037956,5.648624
2026-09-20T04:45:08.5150941-07:00,75532,2026-09-20T03:55:06.2601604-07:00,5.172321,5.648624
2026-09-20T04:45:10.5352869-07:00,75532,2026-09-20T03:55:06.2601604-07:00,5.092815,5.648624
2026-09-20T04:45:12.5568313-07:00,75532,2026-09-20T03:55:06.2601604-07:00,5.147675,5.648624
2026-09-20T04:45:14.5918128-07:00,75532,2026-09-20T03:55:06.2601604-07:00,5.202541,5.648624
2026-09-20T04:45:16.6108049-07:00,75532,2026-09-20T03:55:06.2601604-07:00,4.575382,5.648624
2026-09-20T04:45:18.6319865-07:00,75532,2026-09-20T03:55:06.2601604-07:00,5.263756,5.648624
2026-09-20T04:45:20.6482000-07:00,75532,2026-09-20T03:55:06.2601604-07:00,5.330101,5.648624
2026-09-20T04:45:22.6775851-07:00,75532,2026-09-20T03:55:06.2601604-07:00,5.404964,5.648624
2026-09-20T04:45:24.6938180-07:00,75532,2026-09-20T03:55:06.2601604-07:00,5.563381,5.648624
2026-09-20T04:45:26.7404138-07:00,75532,2026-09-20T03:55:06.2601604-07:00,4.878418,5.648624
2026-09-20T04:45:28.7644551-07:00,75532,2026-09-20T03:55:06.2601604-07:00,4.933281,5.648624
2026-09-20T04:45:30.7904868-07:00,75532,2026-09-20T03:55:06.2601604-07:00,4.954594,5.648624
2026-09-20T04:45:32.8130792-07:00,75532,2026-09-20T03:55:06.2601604-07:00,4.283451,5.648624
2026-09-20T04:45:34.8513278-07:00,75532,2026-09-20T03:55:06.2601604-07:00,5.041195,5.648624
2026-09-20T04:45:36.8953181-07:00,75532,2026-09-20T03:55:06.2601604-07:00,5.065033,5.648624
2026-09-20T04:45:38.9201290-07:00,75532,2026-09-20T03:55:06.2601604-07:00,5.119892,5.648624
2026-09-20T04:45:40.9388096-07:00,75532,2026-09-20T03:55:06.2601604-07:00,5.174755,5.648624
2026-09-20T04:45:42.9700274-07:00,75532,2026-09-20T03:55:06.2601604-07:00,5.311646,5.648624
2026-09-20T04:45:45.0003686-07:00,75532,2026-09-20T03:55:06.2601604-07:00,5.229614,5.648624
2026-09-20T04:45:47.0348313-07:00,75532,2026-09-20T03:55:06.2601604-07:00,5.293903,5.648624
2026-09-20T04:45:49.0603264-07:00,75532,2026-09-20T03:55:06.2601604-07:00,5.365231,5.648624
2026-09-20T04:45:51.0704198-07:00,75532,2026-09-20T03:55:06.2601604-07:00,4.704060,5.648624
2026-09-20T04:45:53.0872909-07:00,75532,2026-09-20T03:55:06.2601604-07:00,5.488949,5.648624
2026-09-20T04:45:55.1227121-07:00,75532,2026-09-20T03:55:06.2601604-07:00,3.424492,5.648624
2026-09-20T04:45:57.1504586-07:00,75532,2026-09-20T03:55:06.2601604-07:00,3.344810,5.648624
2026-09-20T04:45:59.1735785-07:00,75532,2026-09-20T03:55:06.2601604-07:00,3.343204,5.648624
2026-09-20T04:46:01.2040585-07:00,75532,2026-09-20T03:55:06.2601604-07:00,3.363598,5.648624
2026-09-20T04:46:03.2306524-07:00,75532,2026-09-20T03:55:06.2601604-07:00,3.344791,5.648624
2026-09-20T04:46:05.2506757-07:00,75532,2026-09-20T03:55:06.2601604-07:00,3.346901,5.648624
2026-09-20T04:46:07.2626169-07:00,75532,2026-09-20T03:55:06.2601604-07:00,3.362251,5.648624
2026-09-20T04:46:09.2774681-07:00,75532,2026-09-20T03:55:06.2601604-07:00,3.421535,5.648624
2026-09-20T04:46:11.2905277-07:00,75532,2026-09-20T03:55:06.2601604-07:00,4.249767,5.648624
2026-09-20T04:46:13.3105547-07:00,75532,2026-09-20T03:55:06.2601604-07:00,5.300537,5.648624
2026-09-20T04:46:15.3502730-07:00,75532,2026-09-20T03:55:06.2601604-07:00,5.484303,5.648624
2026-09-20T04:46:17.3805385-07:00,75532,2026-09-20T03:55:06.2601604-07:00,5.359398,5.648624
2026-09-20T04:46:19.4058646-07:00,75532,2026-09-20T03:55:06.2601604-07:00,4.869823,5.648624
2026-09-20T04:46:21.4375098-07:00,75532,2026-09-20T03:55:06.2601604-07:00,4.891136,5.648624
2026-09-20T04:46:23.4525364-07:00,75532,2026-09-20T03:55:06.2601604-07:00,5.090412,5.648624
2026-09-20T04:46:25.4785468-07:00,75532,2026-09-20T03:55:06.2601604-07:00,4.912449,5.648624
2026-09-20T04:46:27.5001545-07:00,75532,2026-09-20T03:55:06.2601604-07:00,4.967308,5.648624
2026-09-20T04:46:29.5206543-07:00,75532,2026-09-20T03:55:06.2601604-07:00,5.022152,5.648624
2026-09-20T04:46:31.5404448-07:00,75532,2026-09-20T03:55:06.2601604-07:00,4.388218,5.648624
2026-09-20T04:46:33.5765697-07:00,75532,2026-09-20T03:55:06.2601604-07:00,5.123562,5.648624
2026-09-20T04:46:35.5969229-07:00,75532,2026-09-20T03:55:06.2601604-07:00,5.131897,5.648624
2026-09-20T04:46:37.6204564-07:00,75532,2026-09-20T03:55:06.2601604-07:00,5.190392,5.648624
2026-09-20T04:46:39.6445865-07:00,75532,2026-09-20T03:55:06.2601604-07:00,5.260277,5.648624
2026-09-20T04:46:41.6741358-07:00,75532,2026-09-20T03:55:06.2601604-07:00,5.402973,5.648624
2026-09-20T04:46:43.7203976-07:00,75532,2026-09-20T03:55:06.2601604-07:00,5.333244,5.648624
2026-09-20T04:46:45.7555791-07:00,75532,2026-09-20T03:55:06.2601604-07:00,5.408173,5.648624
2026-09-20T04:46:47.7804771-07:00,75532,2026-09-20T03:55:06.2601604-07:00,4.880276,5.648624
2026-09-20T04:46:49.7922033-07:00,75532,2026-09-20T03:55:06.2601604-07:00,5.028595,5.648624
2026-09-20T04:46:51.8204802-07:00,75532,2026-09-20T03:55:06.2601604-07:00,4.946564,5.648624
2026-09-20T04:46:53.8434835-07:00,75532,2026-09-20T03:55:06.2601604-07:00,4.967880,5.648624
2026-09-20T04:46:55.8602852-07:00,75532,2026-09-20T03:55:06.2601604-07:00,5.022739,5.648624
2026-09-20T04:46:57.8883288-07:00,75532,2026-09-20T03:55:06.2601604-07:00,4.783100,5.648624
2026-09-20T04:46:59.9223129-07:00,75532,2026-09-20T03:55:06.2601604-07:00,5.196918,5.648624
2026-09-20T04:47:01.9670768-07:00,75532,2026-09-20T03:55:06.2601604-07:00,5.132984,5.648624
2026-09-20T04:47:03.9880948-07:00,75532,2026-09-20T03:55:06.2601604-07:00,5.187843,5.648624
2026-09-20T04:47:06.0225029-07:00,75532,2026-09-20T03:55:06.2601604-07:00,5.242706,5.648624
2026-09-20T04:47:08.0454708-07:00,75532,2026-09-20T03:55:06.2601604-07:00,4.583668,5.648624
2026-09-20T04:47:10.0800836-07:00,75532,2026-09-20T03:55:06.2601604-07:00,5.297565,5.648624
2026-09-20T04:47:12.1147618-07:00,75532,2026-09-20T03:55:06.2601604-07:00,5.373268,5.648624
2026-09-20T04:47:14.1402802-07:00,75532,2026-09-20T03:55:06.2601604-07:00,5.449440,5.648624
2026-09-20T04:47:16.1503680-07:00,75532,2026-09-20T03:55:06.2601604-07:00,5.590126,5.648624
2026-09-20T04:47:18.1792786-07:00,75532,2026-09-20T03:55:06.2601604-07:00,3.360744,5.648624
2026-09-20T04:47:20.2203876-07:00,75532,2026-09-20T03:55:06.2601604-07:00,3.356792,5.648624
2026-09-20T04:47:22.2403775-07:00,75532,2026-09-20T03:55:06.2601604-07:00,3.350060,5.648624
2026-09-20T04:47:24.2677350-07:00,75532,2026-09-20T03:55:06.2601604-07:00,3.381680,5.648624
2026-09-20T04:47:26.2844013-07:00,75532,2026-09-20T03:55:06.2601604-07:00,3.348557,5.648624
2026-09-20T04:47:28.3103162-07:00,75532,2026-09-20T03:55:06.2601604-07:00,3.380203,5.648624
2026-09-20T04:47:30.3522930-07:00,75532,2026-09-20T03:55:06.2601604-07:00,3.362507,5.648624
2026-09-20T04:47:32.3713446-07:00,75532,2026-09-20T03:55:06.2601604-07:00,4.534817,5.648624
2026-09-20T04:47:34.3904762-07:00,75532,2026-09-20T03:55:06.2601604-07:00,5.267719,5.648624
2026-09-20T04:47:36.4105300-07:00,75532,2026-09-20T03:55:06.2601604-07:00,5.297962,5.648624
2026-09-20T04:47:38.4265417-07:00,75532,2026-09-20T03:55:06.2601604-07:00,5.434853,5.648624
2026-09-20T04:47:40.4619462-07:00,75532,2026-09-20T03:55:06.2601604-07:00,4.852703,5.648624
2026-09-20T04:47:42.4904845-07:00,75532,2026-09-20T03:55:06.2601604-07:00,4.874016,5.648624
2026-09-20T04:47:44.5143818-07:00,75532,2026-09-20T03:55:06.2601604-07:00,4.895329,5.648624
2026-09-20T04:47:46.5364634-07:00,75532,2026-09-20T03:55:06.2601604-07:00,5.021976,5.648624
2026-09-20T04:47:48.5800923-07:00,75532,2026-09-20T03:55:06.2601604-07:00,4.950409,5.648624
2026-09-20T04:47:50.6004461-07:00,75532,2026-09-20T03:55:06.2601604-07:00,5.005268,5.648624
2026-09-20T04:47:52.6191701-07:00,75532,2026-09-20T03:55:06.2601604-07:00,5.060131,5.648624
2026-09-20T04:47:54.6487384-07:00,75532,2026-09-20T03:55:06.2601604-07:00,4.436325,5.648624
2026-09-20T04:47:56.6803205-07:00,75532,2026-09-20T03:55:06.2601604-07:00,5.163918,5.648624
2026-09-20T04:47:58.7147781-07:00,75532,2026-09-20T03:55:06.2601604-07:00,5.193043,5.648624
2026-09-20T04:48:00.7363235-07:00,75532,2026-09-20T03:55:06.2601604-07:00,5.260906,5.648624
2026-09-20T04:48:02.7621482-07:00,75532,2026-09-20T03:55:06.2601604-07:00,5.331421,5.648624
2026-09-20T04:48:04.7789213-07:00,75532,2026-09-20T03:55:06.2601604-07:00,5.514610,5.648624
2026-09-20T04:48:06.8023694-07:00,75532,2026-09-20T03:55:06.2601604-07:00,5.410435,5.648624
2026-09-20T04:48:08.8353680-07:00,75532,2026-09-20T03:55:06.2601604-07:00,4.671230,5.648624
2026-09-20T04:48:10.8555908-07:00,75532,2026-09-20T03:55:06.2601604-07:00,4.770767,5.648624
2026-09-20T04:48:12.8701417-07:00,75532,2026-09-20T03:55:06.2601604-07:00,4.916370,5.648624
2026-09-20T04:48:14.8941703-07:00,75532,2026-09-20T03:55:06.2601604-07:00,4.807175,5.648624
2026-09-20T04:48:16.9302740-07:00,75532,2026-09-20T03:55:06.2601604-07:00,4.874222,5.648624
2026-09-20T04:48:18.9482399-07:00,75532,2026-09-20T03:55:06.2601604-07:00,4.952290,5.648624
2026-09-20T04:48:20.9619959-07:00,75532,2026-09-20T03:55:06.2601604-07:00,4.762115,5.648624
2026-09-20T04:48:22.9771899-07:00,75532,2026-09-20T03:55:06.2601604-07:00,5.110855,5.648624
2026-09-20T04:48:24.9988018-07:00,75532,2026-09-20T03:55:06.2601604-07:00,5.109280,5.648624
2026-09-20T04:48:27.0504457-07:00,75532,2026-09-20T03:55:06.2601604-07:00,5.186344,5.648624
2026-09-20T04:48:29.0782224-07:00,75532,2026-09-20T03:55:06.2601604-07:00,5.264767,5.648624
2026-09-20T04:48:31.1056068-07:00,75532,2026-09-20T03:55:06.2601604-07:00,4.602341,5.648624
2026-09-20T04:48:33.1340720-07:00,75532,2026-09-20T03:55:06.2601604-07:00,5.342297,5.648624
2026-09-20T04:48:35.1652380-07:00,75532,2026-09-20T03:55:06.2601604-07:00,5.415916,5.648624
2026-09-20T04:48:37.1932151-07:00,75532,2026-09-20T03:55:06.2601604-07:00,3.199577,5.648624
2026-09-20T04:48:39.2143026-07:00,75532,2026-09-20T03:55:06.2601604-07:00,3.205990,5.648624
2026-09-20T04:48:41.2414817-07:00,75532,2026-09-20T03:55:06.2601604-07:00,3.214977,5.648624
2026-09-20T04:48:43.2621375-07:00,75532,2026-09-20T03:55:06.2601604-07:00,3.256367,5.648624
2026-09-20T04:48:45.2851537-07:00,75532,2026-09-20T03:55:06.2601604-07:00,3.261257,5.648624
2026-09-20T04:48:47.3004546-07:00,75532,2026-09-20T03:55:06.2601604-07:00,3.290504,5.648624
2026-09-20T04:48:49.3176976-07:00,75532,2026-09-20T03:55:06.2601604-07:00,3.319660,5.648624
2026-09-20T04:48:51.3359404-07:00,75532,2026-09-20T03:55:06.2601604-07:00,3.410397,5.648624
2026-09-20T04:48:53.3528046-07:00,75532,2026-09-20T03:55:06.2601604-07:00,5.253441,5.648624
2026-09-20T04:48:55.3869202-07:00,75532,2026-09-20T03:55:06.2601604-07:00,5.261234,5.648624
2026-09-20T04:48:57.4080130-07:00,75532,2026-09-20T03:55:06.2601604-07:00,5.292648,5.648624
2026-09-20T04:48:59.4346774-07:00,75532,2026-09-20T03:55:06.2601604-07:00,4.821320,5.648624
2026-09-20T04:49:01.4575993-07:00,75532,2026-09-20T03:55:06.2601604-07:00,4.984455,5.648624
2026-09-20T04:49:03.4825187-07:00,75532,2026-09-20T03:55:06.2601604-07:00,4.868877,5.648624
2026-09-20T04:49:05.5225027-07:00,75532,2026-09-20T03:55:06.2601604-07:00,4.890926,5.648624
2026-09-20T04:49:07.5534161-07:00,75532,2026-09-20T03:55:06.2601604-07:00,4.946438,5.648624
2026-09-20T04:49:09.5772070-07:00,75532,2026-09-20T03:55:06.2601604-07:00,4.532085,5.648624
2026-09-20T04:49:11.6069626-07:00,75532,2026-09-20T03:55:06.2601604-07:00,5.057808,5.648624
2026-09-20T04:49:13.6318073-07:00,75532,2026-09-20T03:55:06.2601604-07:00,5.059280,5.648624
2026-09-20T04:49:15.6678363-07:00,75532,2026-09-20T03:55:06.2601604-07:00,5.115833,5.648624
2026-09-20T04:49:17.6860250-07:00,75532,2026-09-20T03:55:06.2601604-07:00,5.184658,5.648624
2026-09-20T04:49:19.7124993-07:00,75532,2026-09-20T03:55:06.2601604-07:00,5.322174,5.648624
2026-09-20T04:49:21.7477391-07:00,75532,2026-09-20T03:55:06.2601604-07:00,5.254738,5.648624
2026-09-20T04:49:23.8071708-07:00,75532,2026-09-20T03:55:06.2601604-07:00,5.324532,5.648624
2026-09-20T04:49:25.8242673-07:00,75532,2026-09-20T03:55:06.2601604-07:00,5.399441,5.648624
2026-09-20T04:49:27.8484340-07:00,75532,2026-09-20T03:55:06.2601604-07:00,5.574131,5.648624
2026-09-20T04:49:29.8804211-07:00,75532,2026-09-20T03:55:06.2601604-07:00,4.861816,5.648624
2026-09-20T04:49:31.9075982-07:00,75532,2026-09-20T03:55:06.2601604-07:00,4.916832,5.648624
2026-09-20T04:49:33.9606901-07:00,75532,2026-09-20T03:55:06.2601604-07:00,4.841232,5.648624
2026-09-20T04:49:35.9828297-07:00,75532,2026-09-20T03:55:06.2601604-07:00,5.033779,5.648624
2026-09-20T04:49:38.0151169-07:00,75532,2026-09-20T03:55:06.2601604-07:00,4.993019,5.648624
2026-09-20T04:49:40.0407865-07:00,75532,2026-09-20T03:55:06.2601604-07:00,5.047886,5.648624
2026-09-20T04:49:42.0627432-07:00,75532,2026-09-20T03:55:06.2601604-07:00,5.102753,5.648624
2026-09-20T04:49:44.0929629-07:00,75532,2026-09-20T03:55:06.2601604-07:00,4.461063,5.648624
2026-09-20T04:49:46.1090442-07:00,75532,2026-09-20T03:55:06.2601604-07:00,5.195805,5.648624
2026-09-20T04:49:48.1268100-07:00,75532,2026-09-20T03:55:06.2601604-07:00,5.220112,5.648624
2026-09-20T04:49:50.1479473-07:00,75532,2026-09-20T03:55:06.2601604-07:00,5.288132,5.648624
2026-09-20T04:49:52.1808731-07:00,75532,2026-09-20T03:55:06.2601604-07:00,5.360043,5.648624
2026-09-20T04:49:54.2102069-07:00,75532,2026-09-20T03:55:06.2601604-07:00,5.508480,5.648624
2026-09-20T04:49:56.2265811-07:00,75532,2026-09-20T03:55:06.2601604-07:00,5.439476,5.648624
2026-09-20T04:49:58.2437181-07:00,75532,2026-09-20T03:55:06.2601604-07:00,3.382751,5.648624
2026-09-20T04:50:00.2678849-07:00,75532,2026-09-20T03:55:06.2601604-07:00,3.416161,5.648624
2026-09-20T04:50:02.2969636-07:00,75532,2026-09-20T03:55:06.2601604-07:00,3.362362,5.648624
2026-09-20T04:50:04.3138973-07:00,75532,2026-09-20T03:55:06.2601604-07:00,3.386658,5.648624
2026-09-20T04:50:06.3318861-07:00,75532,2026-09-20T03:55:06.2601604-07:00,3.359100,5.648624
2026-09-20T04:50:08.3590041-07:00,75532,2026-09-20T03:55:06.2601604-07:00,3.375221,5.648624
2026-09-20T04:50:10.3866957-07:00,75532,2026-09-20T03:55:06.2601604-07:00,3.375175,5.648624
2026-09-20T04:50:12.4330913-07:00,75532,2026-09-20T03:55:06.2601604-07:00,4.236649,5.648624
2026-09-20T04:50:14.4559265-07:00,75532,2026-09-20T03:55:06.2601604-07:00,5.283958,5.648624
2026-09-20T04:50:16.4863002-07:00,75532,2026-09-20T03:55:06.2601604-07:00,4.857304,5.648624
2026-09-20T04:50:18.5046155-07:00,75532,2026-09-20T03:55:06.2601604-07:00,5.372402,5.648624
2026-09-20T04:50:20.5421201-07:00,75532,2026-09-20T03:55:06.2601604-07:00,4.874172,5.648624
2026-09-20T04:50:22.5685786-07:00,75532,2026-09-20T03:55:06.2601604-07:00,4.895485,5.648624
2026-09-20T04:50:24.5822278-07:00,75532,2026-09-20T03:55:06.2601604-07:00,4.315609,5.648624
2026-09-20T04:50:26.5957060-07:00,75532,2026-09-20T03:55:06.2601604-07:00,4.971085,5.648624
2026-09-20T04:50:28.6110163-07:00,75532,2026-09-20T03:55:06.2601604-07:00,4.971661,5.648624
2026-09-20T04:50:30.6505525-07:00,75532,2026-09-20T03:55:06.2601604-07:00,5.026535,5.648624
2026-09-20T04:50:32.6603124-07:00,75532,2026-09-20T03:55:06.2601604-07:00,5.081406,5.648624
2026-09-20T04:50:34.7008973-07:00,75532,2026-09-20T03:55:06.2601604-07:00,4.411015,5.648624
2026-09-20T04:50:36.7320459-07:00,75532,2026-09-20T03:55:06.2601604-07:00,5.136505,5.648624
2026-09-20T04:50:38.7590851-07:00,75532,2026-09-20T03:55:06.2601604-07:00,5.199970,5.648624
2026-09-20T04:50:40.7922022-07:00,75532,2026-09-20T03:55:06.2601604-07:00,5.268620,5.648624
2026-09-20T04:50:42.8116576-07:00,75532,2026-09-20T03:55:06.2601604-07:00,5.334740,5.648624
2026-09-20T04:50:44.8406142-07:00,75532,2026-09-20T03:55:06.2601604-07:00,5.510605,5.648624
2026-09-20T04:50:46.8507477-07:00,75532,2026-09-20T03:55:06.2601604-07:00,5.408741,5.648624
2026-09-20T04:50:48.8846294-07:00,75532,2026-09-20T03:55:06.2601604-07:00,4.879253,5.648624
2026-09-20T04:50:50.9058948-07:00,75532,2026-09-20T03:55:06.2601604-07:00,4.934124,5.648624
2026-09-20T04:50:52.9208034-07:00,75532,2026-09-20T03:55:06.2601604-07:00,4.915195,5.648624
2026-09-20T04:50:54.9404793-07:00,75532,2026-09-20T03:55:06.2601604-07:00,4.955452,5.648624
2026-09-20T04:50:56.9682767-07:00,75532,2026-09-20T03:55:06.2601604-07:00,5.010307,5.648624
2026-09-20T04:50:59.0098638-07:00,75532,2026-09-20T03:55:06.2601604-07:00,5.065193,5.648624
2026-09-20T04:51:01.0275908-07:00,75532,2026-09-20T03:55:06.2601604-07:00,4.431244,5.648624
2026-09-20T04:51:03.0529123-07:00,75532,2026-09-20T03:55:06.2601604-07:00,5.158836,5.648624
2026-09-20T04:51:05.0838532-07:00,75532,2026-09-20T03:55:06.2601604-07:00,5.174927,5.648624
2026-09-20T04:51:07.1256408-07:00,75532,2026-09-20T03:55:06.2601604-07:00,5.230080,5.648624
2026-09-20T04:51:09.1557453-07:00,75532,2026-09-20T03:55:06.2601604-07:00,5.162056,5.648624
2026-09-20T04:51:11.1780003-07:00,75532,2026-09-20T03:55:06.2601604-07:00,5.405354,5.648624
2026-09-20T04:51:13.1953660-07:00,75532,2026-09-20T03:55:06.2601604-07:00,5.366238,5.648624
2026-09-20T04:51:15.2120534-07:00,75532,2026-09-20T03:55:06.2601604-07:00,5.445244,5.648624
2026-09-20T04:51:17.2686306-07:00,75532,2026-09-20T03:55:06.2601604-07:00,5.606491,5.648624
2026-09-20T04:51:19.2853257-07:00,75532,2026-09-20T03:55:06.2601604-07:00,3.393387,5.648624
2026-09-20T04:51:21.3041702-07:00,75532,2026-09-20T03:55:06.2601604-07:00,3.356236,5.648624
2026-09-20T04:51:23.3289560-07:00,75532,2026-09-20T03:55:06.2601604-07:00,3.340778,5.648624
2026-09-20T04:51:25.3451313-07:00,75532,2026-09-20T03:55:06.2601604-07:00,3.366360,5.648624
2026-09-20T04:51:27.3818250-07:00,75532,2026-09-20T03:55:06.2601604-07:00,3.345394,5.648624
2026-09-20T04:51:29.4068897-07:00,75532,2026-09-20T03:55:06.2601604-07:00,3.343613,5.648624
2026-09-20T04:51:31.4359326-07:00,75532,2026-09-20T03:55:06.2601604-07:00,3.570271,5.648624
2026-09-20T04:51:33.4624751-07:00,75532,2026-09-20T03:55:06.2601604-07:00,5.280018,5.648624
2026-09-20T04:51:35.5136184-07:00,75532,2026-09-20T03:55:06.2601604-07:00,5.287811,5.648624
2026-09-20T04:51:37.5437986-07:00,75532,2026-09-20T03:55:06.2601604-07:00,5.311298,5.648624
2026-09-20T04:51:39.5742191-07:00,75532,2026-09-20T03:55:06.2601604-07:00,4.863369,5.648624
2026-09-20T04:51:41.6026676-07:00,75532,2026-09-20T03:55:06.2601604-07:00,5.000259,5.648624
2026-09-20T04:51:43.6292742-07:00,75532,2026-09-20T03:55:06.2601604-07:00,4.884693,5.648624
2026-09-20T04:51:45.6804644-07:00,75532,2026-09-20T03:55:06.2601604-07:00,4.906017,5.648624
2026-09-20T04:51:47.7076503-07:00,75532,2026-09-20T03:55:06.2601604-07:00,4.960884,5.648624
2026-09-20T04:51:49.7261802-07:00,75532,2026-09-20T03:55:06.2601604-07:00,4.287685,5.648624
2026-09-20T04:51:51.7458729-07:00,75532,2026-09-20T03:55:06.2601604-07:00,5.015755,5.648624
2026-09-20T04:51:53.7738009-07:00,75532,2026-09-20T03:55:06.2601604-07:00,5.070629,5.648624
2026-09-20T04:51:55.8129873-07:00,75532,2026-09-20T03:55:06.2601604-07:00,5.125504,5.648624
2026-09-20T04:51:57.8345475-07:00,75532,2026-09-20T03:55:06.2601604-07:00,4.958591,5.648624
2026-09-20T04:51:59.8602364-07:00,75532,2026-09-20T03:55:06.2601604-07:00,5.282753,5.648624
2026-09-20T04:52:01.8835567-07:00,75532,2026-09-20T03:55:06.2601604-07:00,5.263264,5.648624
2026-09-20T04:52:03.9128008-07:00,75532,2026-09-20T03:55:06.2601604-07:00,5.332985,5.648624
2026-09-20T04:52:05.9289488-07:00,75532,2026-09-20T03:55:06.2601604-07:00,5.409401,5.648624
2026-09-20T04:52:07.9404481-07:00,75532,2026-09-20T03:55:06.2601604-07:00,5.591236,5.648624
2026-09-20T04:52:09.9646162-07:00,75532,2026-09-20T03:55:06.2601604-07:00,4.881569,5.648624
2026-09-20T04:52:11.9858403-07:00,75532,2026-09-20T03:55:06.2601604-07:00,4.936760,5.648624
2026-09-20T04:52:14.0186448-07:00,75532,2026-09-20T03:55:06.2601604-07:00,4.958096,5.648624
2026-09-20T04:52:16.0548047-07:00,75532,2026-09-20T03:55:06.2601604-07:00,5.094986,5.648624
2026-09-20T04:52:18.0873915-07:00,75532,2026-09-20T03:55:06.2601604-07:00,5.012970,5.648624
2026-09-20T04:52:20.1135327-07:00,75532,2026-09-20T03:55:06.2601604-07:00,5.067841,5.648624
2026-09-20T04:52:22.1403299-07:00,75532,2026-09-20T03:55:06.2601604-07:00,5.122841,5.648624
2026-09-20T04:52:24.1707523-07:00,75532,2026-09-20T03:55:06.2601604-07:00,4.692741,5.648624
2026-09-20T04:52:26.2002878-07:00,75532,2026-09-20T03:55:06.2601604-07:00,5.265587,5.648624
2026-09-20T04:52:28.2291853-07:00,75532,2026-09-20T03:55:06.2601604-07:00,5.232590,5.648624
2026-09-20T04:52:30.2504553-07:00,75532,2026-09-20T03:55:06.2601604-07:00,5.299046,5.648624
2026-09-20T04:52:32.3036856-07:00,75532,2026-09-20T03:55:06.2601604-07:00,5.369389,5.648624
2026-09-20T04:52:34.3303911-07:00,75532,2026-09-20T03:55:06.2601604-07:00,4.707474,5.648624
2026-09-20T04:52:36.3596419-07:00,75532,2026-09-20T03:55:06.2601604-07:00,5.492996,5.648624
2026-09-20T04:52:38.3902709-07:00,75532,2026-09-20T03:55:06.2601604-07:00,3.439999,5.648624
2026-09-20T04:52:40.4160543-07:00,75532,2026-09-20T03:55:06.2601604-07:00,3.351574,5.648624
2026-09-20T04:52:42.4370476-07:00,75532,2026-09-20T03:55:06.2601604-07:00,3.376331,5.648624
2026-09-20T04:52:44.4655026-07:00,75532,2026-09-20T03:55:06.2601604-07:00,3.353210,5.648624
2026-09-20T04:52:46.4925673-07:00,75532,2026-09-20T03:55:06.2601604-07:00,3.377926,5.648624
2026-09-20T04:52:48.5303322-07:00,75532,2026-09-20T03:55:06.2601604-07:00,3.351814,5.648624
2026-09-20T04:52:50.5523406-07:00,75532,2026-09-20T03:55:06.2601604-07:00,3.351814,5.648624
2026-09-20T04:52:52.5996206-07:00,75532,2026-09-20T03:55:06.2601604-07:00,3.809410,5.648624
2026-09-20T04:52:54.6237679-07:00,75532,2026-09-20T03:55:06.2601604-07:00,5.276615,5.648624
2026-09-20T04:52:56.6405755-07:00,75532,2026-09-20T03:55:06.2601604-07:00,4.900154,5.648624
2026-09-20T04:52:58.6575122-07:00,75532,2026-09-20T03:55:06.2601604-07:00,5.363621,5.648624
2026-09-20T04:53:00.6861790-07:00,75532,2026-09-20T03:55:06.2601604-07:00,4.862801,5.648624
2026-09-20T04:53:02.7107531-07:00,75532,2026-09-20T03:55:06.2601604-07:00,4.884125,5.648624
2026-09-20T04:53:04.7406334-07:00,75532,2026-09-20T03:55:06.2601604-07:00,4.216629,5.648624
2026-09-20T04:53:06.7609736-07:00,75532,2026-09-20T03:55:06.2601604-07:00,4.905453,5.648624
2026-09-20T04:53:08.7915220-07:00,75532,2026-09-20T03:55:06.2601604-07:00,4.960327,5.648624
2026-09-20T04:53:10.8507934-07:00,75532,2026-09-20T03:55:06.2601604-07:00,5.015182,5.648624
2026-09-20T04:53:12.8677954-07:00,75532,2026-09-20T03:55:06.2601604-07:00,4.381248,5.648624
2026-09-20T04:53:14.8851543-07:00,75532,2026-09-20T03:55:06.2601604-07:00,5.071537,5.648624
2026-09-20T04:53:16.9046281-07:00,75532,2026-09-20T03:55:06.2601604-07:00,5.124958,5.648624
2026-09-20T04:53:18.9256492-07:00,75532,2026-09-20T03:55:06.2601604-07:00,5.195717,5.648624
2026-09-20T04:53:20.9690507-07:00,75532,2026-09-20T03:55:06.2601604-07:00,4.576729,5.648624
2026-09-20T04:53:23.0080938-07:00,75532,2026-09-20T03:55:06.2601604-07:00,5.318401,5.648624
2026-09-20T04:53:25.0309804-07:00,75532,2026-09-20T03:55:06.2601604-07:00,5.335907,5.648624
2026-09-20T04:53:27.0526487-07:00,75532,2026-09-20T03:55:06.2601604-07:00,5.410580,5.648624
2026-09-20T04:53:29.0763985-07:00,75532,2026-09-20T03:55:06.2601604-07:00,5.570766,5.648624
2026-09-20T04:53:31.1140770-07:00,75532,2026-09-20T03:55:06.2601604-07:00,4.876156,5.648624
2026-09-20T04:53:33.1352918-07:00,75532,2026-09-20T03:55:06.2601604-07:00,4.931366,5.648624
2026-09-20T04:53:35.1548703-07:00,75532,2026-09-20T03:55:06.2601604-07:00,4.655403,5.648624
2026-09-20T04:53:37.1722481-07:00,75532,2026-09-20T03:55:06.2601604-07:00,5.007317,5.648624
2026-09-20T04:53:39.2054660-07:00,75532,2026-09-20T03:55:06.2601604-07:00,5.007927,5.648624
2026-09-20T04:53:41.2340256-07:00,75532,2026-09-20T03:55:06.2601604-07:00,5.062820,5.648624
2026-09-20T04:53:43.2549717-07:00,75532,2026-09-20T03:55:06.2601604-07:00,4.711147,5.648624
2026-09-20T04:53:45.2768772-07:00,75532,2026-09-20T03:55:06.2601604-07:00,5.205582,5.648624
2026-09-20T04:53:47.2940733-07:00,75532,2026-09-20T03:55:06.2601604-07:00,5.172588,5.648624
2026-09-20T04:53:49.3331236-07:00,75532,2026-09-20T03:55:06.2601604-07:00,5.229656,5.648624
2026-09-20T04:53:51.3571837-07:00,75532,2026-09-20T03:55:06.2601604-07:00,5.298309,5.648624
2026-09-20T04:53:53.3836460-07:00,75532,2026-09-20T03:55:06.2601604-07:00,4.704166,5.648624
2026-09-20T04:53:55.4206895-07:00,75532,2026-09-20T03:55:06.2601604-07:00,5.399776,5.648624
2026-09-20T04:53:57.4444550-07:00,75532,2026-09-20T03:55:06.2601604-07:00,5.448742,5.648624
2026-09-20T04:53:59.4796259-07:00,75532,2026-09-20T03:55:06.2601604-07:00,3.363125,5.648624
2026-09-20T04:54:01.5032366-07:00,75532,2026-09-20T03:55:06.2601604-07:00,3.356575,5.648624
2026-09-20T04:54:03.5281509-07:00,75532,2026-09-20T03:55:06.2601604-07:00,3.373268,5.648624
2026-09-20T04:54:05.5535220-07:00,75532,2026-09-20T03:55:06.2601604-07:00,3.356583,5.648624
2026-09-20T04:54:07.5826955-07:00,75532,2026-09-20T03:55:06.2601604-07:00,3.362846,5.648624
2026-09-20T04:54:09.6155556-07:00,75532,2026-09-20T03:55:06.2601604-07:00,3.393890,5.648624
2026-09-20T04:54:11.6360774-07:00,75532,2026-09-20T03:55:06.2601604-07:00,3.360905,5.648624
2026-09-20T04:54:13.6556049-07:00,75532,2026-09-20T03:55:06.2601604-07:00,4.221252,5.648624
2026-09-20T04:54:15.6873182-07:00,75532,2026-09-20T03:55:06.2601604-07:00,5.083866,5.648624
2026-09-20T04:54:17.7186130-07:00,75532,2026-09-20T03:55:06.2601604-07:00,4.625797,5.648624
2026-09-20T04:54:19.7331612-07:00,75532,2026-09-20T03:55:06.2601604-07:00,5.164330,5.648624
2026-09-20T04:54:21.7486852-07:00,75532,2026-09-20T03:55:06.2601604-07:00,4.736622,5.648624
2026-09-20T04:54:23.7841689-07:00,75532,2026-09-20T03:55:06.2601604-07:00,4.759617,5.648624
2026-09-20T04:54:25.8103700-07:00,75532,2026-09-20T03:55:06.2601604-07:00,4.949223,5.648624
2026-09-20T04:54:27.8428877-07:00,75532,2026-09-20T03:55:06.2601604-07:00,4.794498,5.648624
2026-09-20T04:54:29.8570255-07:00,75532,2026-09-20T03:55:06.2601604-07:00,4.862614,5.648624
2026-09-20T04:54:31.8709523-07:00,75532,2026-09-20T03:55:06.2601604-07:00,4.931835,5.648624
2026-09-20T04:54:33.9026241-07:00,75532,2026-09-20T03:55:06.2601604-07:00,5.009178,5.648624
2026-09-20T04:54:35.9274879-07:00,75532,2026-09-20T03:55:06.2601604-07:00,5.152454,5.648624
2026-09-20T04:54:37.9507593-07:00,75532,2026-09-20T03:55:06.2601604-07:00,5.077862,5.648624
2026-09-20T04:54:39.9660622-07:00,75532,2026-09-20T03:55:06.2601604-07:00,5.154865,5.648624
2026-09-20T04:54:41.9960593-07:00,75532,2026-09-20T03:55:06.2601604-07:00,5.232487,5.648624
2026-09-20T04:54:44.0152004-07:00,75532,2026-09-20T03:55:06.2601604-07:00,4.782856,5.648624
2026-09-20T04:54:46.0633835-07:00,75532,2026-09-20T03:55:06.2601604-07:00,5.406040,5.648624
2026-09-20T04:54:48.0783041-07:00,75532,2026-09-20T03:55:06.2601604-07:00,5.384212,5.648624
2026-09-20T04:54:50.0904824-07:00,75532,2026-09-20T03:55:06.2601604-07:00,4.846340,5.648624
2026-09-20T04:54:52.1136886-07:00,75532,2026-09-20T03:55:06.2601604-07:00,4.393188,5.648624
2026-09-20T04:54:54.1362965-07:00,75532,2026-09-20T03:55:06.2601604-07:00,4.956066,5.648624
2026-09-20T04:54:56.1709868-07:00,75532,2026-09-20T03:55:06.2601604-07:00,4.923149,5.648624
2026-09-20T04:54:58.1895101-07:00,75532,2026-09-20T03:55:06.2601604-07:00,4.978146,5.648624
2026-09-20T04:55:00.2056201-07:00,75532,2026-09-20T03:55:06.2601604-07:00,5.033146,5.648624
2026-09-20T04:55:02.2259341-07:00,75532,2026-09-20T03:55:06.2601604-07:00,4.342766,5.648624
2026-09-20T04:55:04.2663802-07:00,75532,2026-09-20T03:55:06.2601604-07:00,5.088139,5.648624
2026-09-20T04:55:06.2954817-07:00,75532,2026-09-20T03:55:06.2601604-07:00,5.143044,5.648624
2026-09-20T04:55:08.3211550-07:00,75532,2026-09-20T03:55:06.2601604-07:00,5.203125,5.648624
2026-09-20T04:55:10.3323238-07:00,75532,2026-09-20T03:55:06.2601604-07:00,4.585274,5.648624
2026-09-20T04:55:12.3607438-07:00,75532,2026-09-20T03:55:06.2601604-07:00,5.274105,5.648624
2026-09-20T04:55:14.3932420-07:00,75532,2026-09-20T03:55:06.2601604-07:00,5.345852,5.648624
2026-09-20T04:55:16.4222126-07:00,75532,2026-09-20T03:55:06.2601604-07:00,5.425587,5.648624
2026-09-20T04:55:18.4375387-07:00,75532,2026-09-20T03:55:06.2601604-07:00,5.525276,5.648624
2026-09-20T04:55:20.4680740-07:00,75532,2026-09-20T03:55:06.2601604-07:00,3.203316,5.648624
2026-09-20T04:55:22.4935625-07:00,75532,2026-09-20T03:55:06.2601604-07:00,3.255508,5.648624
2026-09-20T04:55:24.5263379-07:00,75532,2026-09-20T03:55:06.2601604-07:00,3.226570,5.648624
2026-09-20T04:55:26.5507717-07:00,75532,2026-09-20T03:55:06.2601604-07:00,3.247482,5.648624
2026-09-20T04:55:28.5872241-07:00,75532,2026-09-20T03:55:06.2601604-07:00,3.304630,5.648624
2026-09-20T04:55:30.6016321-07:00,75532,2026-09-20T03:55:06.2601604-07:00,3.309025,5.648624
2026-09-20T04:55:32.6538295-07:00,75532,2026-09-20T03:55:06.2601604-07:00,3.375725,5.648624
2026-09-20T04:55:34.6707154-07:00,75532,2026-09-20T03:55:06.2601604-07:00,4.545906,5.648624
2026-09-20T04:55:36.7024079-07:00,75532,2026-09-20T03:55:06.2601604-07:00,5.261139,5.648624
2026-09-20T04:55:38.7306715-07:00,75532,2026-09-20T03:55:06.2601604-07:00,5.299370,5.648624
2026-09-20T04:55:40.7480866-07:00,75532,2026-09-20T03:55:06.2601604-07:00,4.482849,5.648624
2026-09-20T04:55:42.7824453-07:00,75532,2026-09-20T03:55:06.2601604-07:00,4.854725,5.648624
2026-09-20T04:55:44.8007607-07:00,75532,2026-09-20T03:55:06.2601604-07:00,4.876945,5.648624
2026-09-20T04:55:46.8159638-07:00,75532,2026-09-20T03:55:06.2601604-07:00,4.898590,5.648624
2026-09-20T04:55:48.8439314-07:00,75532,2026-09-20T03:55:06.2601604-07:00,4.955956,5.648624
2026-09-20T04:55:50.8609904-07:00,75532,2026-09-20T03:55:06.2601604-07:00,5.092846,5.648624
2026-09-20T04:55:52.9015099-07:00,75532,2026-09-20T03:55:06.2601604-07:00,5.011883,5.648624
2026-09-20T04:55:54.9211424-07:00,75532,2026-09-20T03:55:06.2601604-07:00,5.067493,5.648624
2026-09-20T04:55:56.9407671-07:00,75532,2026-09-20T03:55:06.2601604-07:00,5.122902,5.648624
2026-09-20T04:55:58.9609089-07:00,75532,2026-09-20T03:55:06.2601604-07:00,4.588219,5.648624
2026-09-20T04:56:01.0007280-07:00,75532,2026-09-20T03:55:06.2601604-07:00,5.243595,5.648624
2026-09-20T04:56:03.0284767-07:00,75532,2026-09-20T03:55:06.2601604-07:00,5.259842,5.648624
2026-09-20T04:56:05.0604849-07:00,75532,2026-09-20T03:55:06.2601604-07:00,5.329239,5.648624
2026-09-20T04:56:07.0806260-07:00,75532,2026-09-20T03:55:06.2601604-07:00,5.404045,5.648624
2026-09-20T04:56:09.1068686-07:00,75532,2026-09-20T03:55:06.2601604-07:00,5.548882,5.648624
2026-09-20T04:56:11.1411927-07:00,75532,2026-09-20T03:55:06.2601604-07:00,4.877354,5.648624
2026-09-20T04:56:13.1726016-07:00,75532,2026-09-20T03:55:06.2601604-07:00,4.932598,5.648624
2026-09-20T04:56:15.2033112-07:00,75532,2026-09-20T03:55:06.2601604-07:00,4.676559,5.648624
2026-09-20T04:56:17.2334305-07:00,75532,2026-09-20T03:55:06.2601604-07:00,5.041859,5.648624
2026-09-20T04:56:19.2469178-07:00,75532,2026-09-20T03:55:06.2601604-07:00,5.009232,5.648624
2026-09-20T04:56:21.2808134-07:00,75532,2026-09-20T03:55:06.2601604-07:00,5.064880,5.648624
2026-09-20T04:56:23.3007907-07:00,75532,2026-09-20T03:55:06.2601604-07:00,5.119804,5.648624
2026-09-20T04:56:25.3258897-07:00,75532,2026-09-20T03:55:06.2601604-07:00,5.064095,5.648624
2026-09-20T04:56:27.3435091-07:00,75532,2026-09-20T03:55:06.2601604-07:00,5.174740,5.648624
2026-09-20T04:56:29.3718747-07:00,75532,2026-09-20T03:55:06.2601604-07:00,5.229664,5.648624
2026-09-20T04:56:31.4076106-07:00,75532,2026-09-20T03:55:06.2601604-07:00,5.291832,5.648624
2026-09-20T04:56:33.4331872-07:00,75532,2026-09-20T03:55:06.2601604-07:00,5.034328,5.648624
2026-09-20T04:56:35.4508065-07:00,75532,2026-09-20T03:55:06.2601604-07:00,5.476620,5.648624
2026-09-20T04:56:37.4807353-07:00,75532,2026-09-20T03:55:06.2601604-07:00,5.440647,5.648624
2026-09-20T04:56:39.5305279-07:00,75532,2026-09-20T03:55:06.2601604-07:00,3.346684,5.648624
2026-09-20T04:56:41.5680304-07:00,75532,2026-09-20T03:55:06.2601604-07:00,3.350346,5.648624
2026-09-20T04:56:43.5923409-07:00,75532,2026-09-20T03:55:06.2601604-07:00,3.356159,5.648624
2026-09-20T04:56:45.6206558-07:00,75532,2026-09-20T03:55:06.2601604-07:00,3.346504,5.648624
2026-09-20T04:56:47.6372750-07:00,75532,2026-09-20T03:55:06.2601604-07:00,3.342915,5.648624
2026-09-20T04:56:49.6646148-07:00,75532,2026-09-20T03:55:06.2601604-07:00,3.366322,5.648624
2026-09-20T04:56:51.6844140-07:00,75532,2026-09-20T03:55:06.2601604-07:00,3.346134,5.648624
2026-09-20T04:56:53.6989491-07:00,75532,2026-09-20T03:55:06.2601604-07:00,4.213310,5.648624
2026-09-20T04:56:55.7280304-07:00,75532,2026-09-20T03:55:06.2601604-07:00,5.276264,5.648624
2026-09-20T04:56:57.7406493-07:00,75532,2026-09-20T03:55:06.2601604-07:00,5.460381,5.648624
2026-09-20T04:56:59.7683925-07:00,75532,2026-09-20T03:55:06.2601604-07:00,5.307850,5.648624
2026-09-20T04:57:01.7904551-07:00,75532,2026-09-20T03:55:06.2601604-07:00,4.857964,5.648624
2026-09-20T04:57:03.8018189-07:00,75532,2026-09-20T03:55:06.2601604-07:00,4.632149,5.648624
2026-09-20T04:57:05.8210781-07:00,75532,2026-09-20T03:55:06.2601604-07:00,4.932434,5.648624
2026-09-20T04:57:07.8547065-07:00,75532,2026-09-20T03:55:06.2601604-07:00,4.899780,5.648624
2026-09-20T04:57:09.8812046-07:00,75532,2026-09-20T03:55:06.2601604-07:00,4.954746,5.648624
2026-09-20T04:57:11.8922956-07:00,75532,2026-09-20T03:55:06.2601604-07:00,5.009708,5.648624
2026-09-20T04:57:13.9048708-07:00,75532,2026-09-20T03:55:06.2601604-07:00,5.146599,5.648624
2026-09-20T04:57:15.9227651-07:00,75532,2026-09-20T03:55:06.2601604-07:00,5.064678,5.648624
2026-09-20T04:57:17.9504489-07:00,75532,2026-09-20T03:55:06.2601604-07:00,5.124729,5.648624
2026-09-20T04:57:19.9743791-07:00,75532,2026-09-20T03:55:06.2601604-07:00,5.195652,5.648624
2026-09-20T04:57:22.0151942-07:00,75532,2026-09-20T03:55:06.2601604-07:00,4.521534,5.648624
2026-09-20T04:57:24.0369004-07:00,75532,2026-09-20T03:55:06.2601604-07:00,5.264446,5.648624
2026-09-20T04:57:26.0520400-07:00,75532,2026-09-20T03:55:06.2601604-07:00,5.333511,5.648624
2026-09-20T04:57:28.0907784-07:00,75532,2026-09-20T03:55:06.2601604-07:00,5.411999,5.648624
2026-09-20T04:57:30.1110005-07:00,75532,2026-09-20T03:55:06.2601604-07:00,5.570332,5.648624
2026-09-20T04:57:32.1391260-07:00,75532,2026-09-20T03:55:06.2601604-07:00,4.890514,5.648624
2026-09-20T04:57:34.1626089-07:00,75532,2026-09-20T03:55:06.2601604-07:00,4.945492,5.648624
2026-09-20T04:57:36.2070101-07:00,75532,2026-09-20T03:55:06.2601604-07:00,4.966919,5.648624
2026-09-20T04:57:38.2427441-07:00,75532,2026-09-20T03:55:06.2601604-07:00,5.103809,5.648624
2026-09-20T04:57:40.2733689-07:00,75532,2026-09-20T03:55:06.2601604-07:00,5.021873,5.648624
2026-09-20T04:57:42.2973078-07:00,75532,2026-09-20T03:55:06.2601604-07:00,5.076855,5.648624
2026-09-20T04:57:44.3268195-07:00,75532,2026-09-20T03:55:06.2601604-07:00,5.131821,5.648624
2026-09-20T04:57:46.3704830-07:00,75532,2026-09-20T03:55:06.2601604-07:00,4.588207,5.648624
2026-09-20T04:57:48.3909139-07:00,75532,2026-09-20T03:55:06.2601604-07:00,5.241070,5.648624
2026-09-20T04:57:50.4088600-07:00,75532,2026-09-20T03:55:06.2601604-07:00,5.242031,5.648624
2026-09-20T04:57:52.4404495-07:00,75532,2026-09-20T03:55:06.2601604-07:00,5.302807,5.648624
2026-09-20T04:57:54.4612358-07:00,75532,2026-09-20T03:55:06.2601604-07:00,5.376095,5.648624
2026-09-20T04:57:56.5008967-07:00,75532,2026-09-20T03:55:06.2601604-07:00,4.981659,5.648624
2026-09-20T04:57:58.5307055-07:00,75532,2026-09-20T03:55:06.2601604-07:00,5.447517,5.648624
2026-09-20T04:58:00.5507418-07:00,75532,2026-09-20T03:55:06.2601604-07:00,3.418011,5.648624
2026-09-20T04:58:02.5761966-07:00,75532,2026-09-20T03:55:06.2601604-07:00,3.435524,5.648624
2026-09-20T04:58:04.6287596-07:00,75532,2026-09-20T03:55:06.2601604-07:00,3.364986,5.648624
2026-09-20T04:58:06.6505508-07:00,75532,2026-09-20T03:55:06.2601604-07:00,3.360374,5.648624
2026-09-20T04:58:08.6704540-07:00,75532,2026-09-20T03:55:06.2601604-07:00,3.395798,5.648624
2026-09-20T04:58:10.6963635-07:00,75532,2026-09-20T03:55:06.2601604-07:00,3.367115,5.648624
2026-09-20T04:58:12.7263522-07:00,75532,2026-09-20T03:55:06.2601604-07:00,3.361443,5.648624
2026-09-20T04:58:14.7586491-07:00,75532,2026-09-20T03:55:06.2601604-07:00,4.582111,5.648624
2026-09-20T04:58:16.7769950-07:00,75532,2026-09-20T03:55:06.2601604-07:00,5.283009,5.648624
2026-09-20T04:58:18.7959243-07:00,75532,2026-09-20T03:55:06.2601604-07:00,5.316872,5.648624
2026-09-20T04:58:20.8132705-07:00,75532,2026-09-20T03:55:06.2601604-07:00,5.453762,5.648624
2026-09-20T04:58:22.8413505-07:00,75532,2026-09-20T03:55:06.2601604-07:00,4.875729,5.648624
2026-09-20T04:58:24.8775922-07:00,75532,2026-09-20T03:55:06.2601604-07:00,4.897217,5.648624
2026-09-20T04:58:26.9040293-07:00,75532,2026-09-20T03:55:06.2601604-07:00,4.595856,5.648624
2026-09-20T04:58:28.9231661-07:00,75532,2026-09-20T03:55:06.2601604-07:00,5.006577,5.648624
2026-09-20T04:58:30.9633420-07:00,75532,2026-09-20T03:55:06.2601604-07:00,4.973740,5.648624
2026-09-20T04:58:33.0249391-07:00,75532,2026-09-20T03:55:06.2601604-07:00,5.028778,5.648624
2026-09-20T04:58:35.0526166-07:00,75532,2026-09-20T03:55:06.2601604-07:00,5.083817,5.648624
2026-09-20T04:58:37.0761343-07:00,75532,2026-09-20T03:55:06.2601604-07:00,5.220707,5.648624
2026-09-20T04:58:39.1009974-07:00,75532,2026-09-20T03:55:06.2601604-07:00,5.138855,5.648624
2026-09-20T04:58:41.1298654-07:00,75532,2026-09-20T03:55:06.2601604-07:00,5.201450,5.648624
2026-09-20T04:58:43.1709863-07:00,75532,2026-09-20T03:55:06.2601604-07:00,5.272339,5.648624
2026-09-20T04:58:45.1964169-07:00,75532,2026-09-20T03:55:06.2601604-07:00,4.712471,5.648624
2026-09-20T04:58:47.2241692-07:00,75532,2026-09-20T03:55:06.2601604-07:00,5.394436,5.648624
2026-09-20T04:58:49.2442348-07:00,75532,2026-09-20T03:55:06.2601604-07:00,5.413906,5.648624
2026-09-20T04:58:51.2641212-07:00,75532,2026-09-20T03:55:06.2601604-07:00,4.877121,5.648624
2026-09-20T04:58:53.2949056-07:00,75532,2026-09-20T03:55:06.2601604-07:00,5.040077,5.648624
2026-09-20T04:58:55.3255941-07:00,75532,2026-09-20T03:55:06.2601604-07:00,4.932304,5.648624
2026-09-20T04:58:57.3506741-07:00,75532,2026-09-20T03:55:06.2601604-07:00,4.953785,5.648624
2026-09-20T04:58:59.3799904-07:00,75532,2026-09-20T03:55:06.2601604-07:00,5.008808,5.648624
2026-09-20T04:59:01.4192204-07:00,75532,2026-09-20T03:55:06.2601604-07:00,4.883366,5.648624
2026-09-20T04:59:03.4450832-07:00,75532,2026-09-20T03:55:06.2601604-07:00,5.159458,5.648624
2026-09-20T04:59:05.4710641-07:00,75532,2026-09-20T03:55:06.2601604-07:00,5.118855,5.648624
2026-09-20T04:59:07.5053185-07:00,75532,2026-09-20T03:55:06.2601604-07:00,5.174110,5.648624
2026-09-20T04:59:09.5262810-07:00,75532,2026-09-20T03:55:06.2601604-07:00,5.232033,5.648624
2026-09-20T04:59:11.5509959-07:00,75532,2026-09-20T03:55:06.2601604-07:00,5.402409,5.648624
2026-09-20T04:59:13.5765782-07:00,75532,2026-09-20T03:55:06.2601604-07:00,5.302750,5.648624
2026-09-20T04:59:15.6011137-07:00,75532,2026-09-20T03:55:06.2601604-07:00,5.371986,5.648624
2026-09-20T04:59:17.6240675-07:00,75532,2026-09-20T03:55:06.2601604-07:00,5.452847,5.648624
2026-09-20T04:59:19.6482793-07:00,75532,2026-09-20T03:55:06.2601604-07:00,5.554008,5.648624
2026-09-20T04:59:21.6922592-07:00,75532,2026-09-20T03:55:06.2601604-07:00,3.369217,5.648624
2026-09-20T04:59:23.7111158-07:00,75532,2026-09-20T03:55:06.2601604-07:00,3.422184,5.648624
2026-09-20T04:59:25.7312627-07:00,75532,2026-09-20T03:55:06.2601604-07:00,3.369225,5.648624
2026-09-20T04:59:27.7567655-07:00,75532,2026-09-20T03:55:06.2601604-07:00,3.375195,5.648624
2026-09-20T04:59:29.7873808-07:00,75532,2026-09-20T03:55:06.2601604-07:00,3.407719,5.648624
2026-09-20T04:59:31.8109434-07:00,75532,2026-09-20T03:55:06.2601604-07:00,3.378124,5.648624
2026-09-20T04:59:33.8308972-07:00,75532,2026-09-20T03:55:06.2601604-07:00,3.379047,5.648624
2026-09-20T04:59:35.8505954-07:00,75532,2026-09-20T03:55:06.2601604-07:00,4.577812,5.648624
2026-09-20T04:59:37.8728436-07:00,75532,2026-09-20T03:55:06.2601604-07:00,5.291672,5.648624
2026-09-20T04:59:39.9112325-07:00,75532,2026-09-20T03:55:06.2601604-07:00,5.323685,5.648624
2026-09-20T04:59:41.9413394-07:00,75532,2026-09-20T03:55:06.2601604-07:00,5.474380,5.648624
2026-09-20T04:59:43.9662240-07:00,75532,2026-09-20T03:55:06.2601604-07:00,4.878418,5.648624
2026-09-20T04:59:45.9808421-07:00,75532,2026-09-20T03:55:06.2601604-07:00,4.899979,5.648624
2026-09-20T04:59:48.0063721-07:00,75532,2026-09-20T03:55:06.2601604-07:00,4.921539,5.648624
2026-09-20T04:59:50.0462884-07:00,75532,2026-09-20T03:55:06.2601604-07:00,5.064293,5.648624
2026-09-20T04:59:52.0644333-07:00,75532,2026-09-20T03:55:06.2601604-07:00,4.976646,5.648624
2026-09-20T04:59:54.0915986-07:00,75532,2026-09-20T03:55:06.2601604-07:00,5.031738,5.648624
2026-09-20T04:59:56.1187669-07:00,75532,2026-09-20T03:55:06.2601604-07:00,5.086861,5.648624
2026-09-20T04:59:58.1529176-07:00,75532,2026-09-20T03:55:06.2601604-07:00,4.434341,5.648624
2026-09-20T05:00:00.1999954-07:00,75532,2026-09-20T03:55:06.2601604-07:00,5.145596,5.648624
2026-09-20T05:00:02.2330049-07:00,75532,2026-09-20T03:55:06.2601604-07:00,5.213650,5.648624
2026-09-20T05:00:04.2577075-07:00,75532,2026-09-20T03:55:06.2601604-07:00,5.282532,5.648624
2026-09-20T05:00:06.2773768-07:00,75532,2026-09-20T03:55:06.2601604-07:00,5.315025,5.648624
2026-09-20T05:00:08.3209977-07:00,75532,2026-09-20T03:55:06.2601604-07:00,5.451958,5.648624
2026-09-20T05:00:10.3456055-07:00,75532,2026-09-20T03:55:06.2601604-07:00,5.419731,5.648624
2026-09-20T05:00:12.3672179-07:00,75532,2026-09-20T03:55:06.2601604-07:00,4.898193,5.648624
2026-09-20T05:00:14.3903510-07:00,75532,2026-09-20T03:55:06.2601604-07:00,4.711578,5.648624
2026-09-20T05:00:16.4207436-07:00,75532,2026-09-20T03:55:06.2601604-07:00,4.953300,5.648624
2026-09-20T05:00:18.4633321-07:00,75532,2026-09-20T03:55:06.2601604-07:00,4.975018,5.648624
2026-09-20T05:00:20.5025013-07:00,75532,2026-09-20T03:55:06.2601604-07:00,5.030125,5.648624
2026-09-20T05:00:22.5365453-07:00,75532,2026-09-20T03:55:06.2601604-07:00,5.049366,5.648624
2026-09-20T05:00:24.5583039-07:00,75532,2026-09-20T03:55:06.2601604-07:00,5.173103,5.648624
2026-09-20T05:00:26.5752770-07:00,75532,2026-09-20T03:55:06.2601604-07:00,5.140339,5.648624
2026-09-20T05:00:28.6050574-07:00,75532,2026-09-20T03:55:06.2601604-07:00,5.195450,5.648624
2026-09-20T05:00:30.6209518-07:00,75532,2026-09-20T03:55:06.2601604-07:00,5.250557,5.648624
2026-09-20T05:00:32.6362623-07:00,75532,2026-09-20T03:55:06.2601604-07:00,5.304844,5.648624
2026-09-20T05:00:34.6512858-07:00,75532,2026-09-20T03:55:06.2601604-07:00,5.311466,5.648624
2026-09-20T05:00:36.6863335-07:00,75532,2026-09-20T03:55:06.2601604-07:00,5.383755,5.648624
2026-09-20T05:00:38.7065527-07:00,75532,2026-09-20T03:55:06.2601604-07:00,5.457996,5.648624
2026-09-20T05:00:40.7430111-07:00,75532,2026-09-20T03:55:06.2601604-07:00,5.523888,5.648624
2026-09-20T05:00:42.7611621-07:00,75532,2026-09-20T03:55:06.2601604-07:00,3.211346,5.648624
2026-09-20T05:00:44.7821317-07:00,75532,2026-09-20T03:55:06.2601604-07:00,3.229691,5.648624
2026-09-20T05:00:46.8205706-07:00,75532,2026-09-20T03:55:06.2601604-07:00,3.230053,5.648624
2026-09-20T05:00:48.8441626-07:00,75532,2026-09-20T03:55:06.2601604-07:00,3.266087,5.648624
2026-09-20T05:00:50.8700158-07:00,75532,2026-09-20T03:55:06.2601604-07:00,3.302410,5.648624
2026-09-20T05:00:52.8868549-07:00,75532,2026-09-20T03:55:06.2601604-07:00,3.311863,5.648624
2026-09-20T05:00:54.9091897-07:00,75532,2026-09-20T03:55:06.2601604-07:00,3.340214,5.648624
2026-09-20T05:00:56.9319592-07:00,75532,2026-09-20T03:55:06.2601604-07:00,3.885471,5.648624
2026-09-20T05:00:58.9526277-07:00,75532,2026-09-20T03:55:06.2601604-07:00,5.267242,5.648624
2026-09-20T05:01:00.9757565-07:00,75532,2026-09-20T03:55:06.2601604-07:00,4.611671,5.648624
2026-09-20T05:01:03.0149168-07:00,75532,2026-09-20T03:55:06.2601604-07:00,5.357059,5.648624
2026-09-20T05:01:05.0443609-07:00,75532,2026-09-20T03:55:06.2601604-07:00,4.859615,5.648624
2026-09-20T05:01:07.0755057-07:00,75532,2026-09-20T03:55:06.2601604-07:00,4.881268,5.648624
2026-09-20T05:01:09.0949644-07:00,75532,2026-09-20T03:55:06.2601604-07:00,5.058765,5.648624
2026-09-20T05:01:11.1176780-07:00,75532,2026-09-20T03:55:06.2601604-07:00,4.904003,5.648624
2026-09-20T05:01:13.1410088-07:00,75532,2026-09-20T03:55:06.2601604-07:00,4.960304,5.648624
2026-09-20T05:01:15.1810115-07:00,75532,2026-09-20T03:55:06.2601604-07:00,5.017548,5.648624
2026-09-20T05:01:17.1981077-07:00,75532,2026-09-20T03:55:06.2601604-07:00,4.377392,5.648624
2026-09-20T05:01:19.2123880-07:00,75532,2026-09-20T03:55:06.2601604-07:00,5.127190,5.648624
2026-09-20T05:01:21.2291077-07:00,75532,2026-09-20T03:55:06.2601604-07:00,5.128010,5.648624
2026-09-20T05:01:23.2608052-07:00,75532,2026-09-20T03:55:06.2601604-07:00,5.196896,5.648624
2026-09-20T05:01:25.2987380-07:00,75532,2026-09-20T03:55:06.2601604-07:00,5.267101,5.648624
2026-09-20T05:01:27.3258762-07:00,75532,2026-09-20T03:55:06.2601604-07:00,5.347874,5.648624
2026-09-20T05:01:29.3472181-07:00,75532,2026-09-20T03:55:06.2601604-07:00,5.335606,5.648624
2026-09-20T05:01:31.3797008-07:00,75532,2026-09-20T03:55:06.2601604-07:00,5.408024,5.648624
2026-09-20T05:01:33.4127892-07:00,75532,2026-09-20T03:55:06.2601604-07:00,4.291828,5.648624
2026-09-20T05:01:35.4411379-07:00,75532,2026-09-20T03:55:06.2601604-07:00,4.878819,5.648624
2026-09-20T05:01:37.4571300-07:00,75532,2026-09-20T03:55:06.2601604-07:00,4.934544,5.648624
2026-09-20T05:01:39.4787004-07:00,75532,2026-09-20T03:55:06.2601604-07:00,4.956104,5.648624
2026-09-20T05:01:41.4956942-07:00,75532,2026-09-20T03:55:06.2601604-07:00,4.299114,5.648624
2026-09-20T05:01:43.5363794-07:00,75532,2026-09-20T03:55:06.2601604-07:00,5.011211,5.648624
2026-09-20T05:01:45.5564653-07:00,75532,2026-09-20T03:55:06.2601604-07:00,5.066319,5.648624
2026-09-20T05:01:47.5708003-07:00,75532,2026-09-20T03:55:06.2601604-07:00,5.121426,5.648624
2026-09-20T05:01:49.5949447-07:00,75532,2026-09-20T03:55:06.2601604-07:00,4.487602,5.648624
2026-09-20T05:01:51.6256020-07:00,75532,2026-09-20T03:55:06.2601604-07:00,5.176544,5.648624
2026-09-20T05:01:53.6712001-07:00,75532,2026-09-20T03:55:06.2601604-07:00,5.231659,5.648624
2026-09-20T05:01:55.6863395-07:00,75532,2026-09-20T03:55:06.2601604-07:00,5.296928,5.648624
2026-09-20T05:01:57.7008555-07:00,75532,2026-09-20T03:55:06.2601604-07:00,5.361668,5.648624
2026-09-20T05:01:59.7366303-07:00,75532,2026-09-20T03:55:06.2601604-07:00,5.497463,5.648624
2026-09-20T05:02:01.7811586-07:00,75532,2026-09-20T03:55:06.2601604-07:00,5.444279,5.648624
2026-09-20T05:02:03.8076970-07:00,75532,2026-09-20T03:55:06.2601604-07:00,3.370564,5.648624
2026-09-20T05:02:05.8276070-07:00,75532,2026-09-20T03:55:06.2601604-07:00,3.396484,5.648624
2026-09-20T05:02:07.8610102-07:00,75532,2026-09-20T03:55:06.2601604-07:00,3.364254,5.648624
2026-09-20T05:02:09.8806716-07:00,75532,2026-09-20T03:55:06.2601604-07:00,3.384243,5.648624
2026-09-20T05:02:11.9199796-07:00,75532,2026-09-20T03:55:06.2601604-07:00,3.374088,5.648624
2026-09-20T05:02:13.9529138-07:00,75532,2026-09-20T03:55:06.2601604-07:00,3.368797,5.648624
2026-09-20T05:02:15.9608196-07:00,75532,2026-09-20T03:55:06.2601604-07:00,3.389645,5.648624
2026-09-20T05:02:17.9815166-07:00,75532,2026-09-20T03:55:06.2601604-07:00,4.134678,5.648624
2026-09-20T05:02:20.0015379-07:00,75532,2026-09-20T03:55:06.2601604-07:00,5.281990,5.648624
2026-09-20T05:02:22.0325572-07:00,75532,2026-09-20T03:55:06.2601604-07:00,5.131989,5.648624
2026-09-20T05:02:24.0514934-07:00,75532,2026-09-20T03:55:06.2601604-07:00,5.368950,5.648624
2026-09-20T05:02:26.0733406-07:00,75532,2026-09-20T03:55:06.2601604-07:00,4.870449,5.648624
2026-09-20T05:02:28.0880483-07:00,75532,2026-09-20T03:55:06.2601604-07:00,4.892010,5.648624
2026-09-20T05:02:30.1245772-07:00,75532,2026-09-20T03:55:06.2601604-07:00,5.053688,5.648624
2026-09-20T05:02:32.1514528-07:00,75532,2026-09-20T03:55:06.2601604-07:00,4.913570,5.648624
2026-09-20T05:02:34.1711429-07:00,75532,2026-09-20T03:55:06.2601604-07:00,4.968678,5.648624
2026-09-20T05:02:36.1917185-07:00,75532,2026-09-20T03:55:06.2601604-07:00,5.024006,5.648624
2026-09-20T05:02:38.2112194-07:00,75532,2026-09-20T03:55:06.2601604-07:00,4.390171,5.648624
2026-09-20T05:02:40.2430579-07:00,75532,2026-09-20T03:55:06.2601604-07:00,5.079113,5.648624
2026-09-20T05:02:42.2674153-07:00,75532,2026-09-20T03:55:06.2601604-07:00,5.139393,5.648624
2026-09-20T05:02:44.2927796-07:00,75532,2026-09-20T03:55:06.2601604-07:00,5.207554,5.648624
2026-09-20T05:02:46.3129157-07:00,75532,2026-09-20T03:55:06.2601604-07:00,5.276268,5.648624
2026-09-20T05:02:48.3464906-07:00,75532,2026-09-20T03:55:06.2601604-07:00,5.402916,5.648624
2026-09-20T05:02:50.3885438-07:00,75532,2026-09-20T03:55:06.2601604-07:00,5.347122,5.648624
2026-09-20T05:02:52.4019439-07:00,75532,2026-09-20T03:55:06.2601604-07:00,5.416553,5.648624
2026-09-20T05:02:54.4149125-07:00,75532,2026-09-20T03:55:06.2601604-07:00,4.344902,5.648624
2026-09-20T05:02:56.4431329-07:00,75532,2026-09-20T03:55:06.2601604-07:00,4.921146,5.648624
2026-09-20T05:02:58.4958767-07:00,75532,2026-09-20T03:55:06.2601604-07:00,4.948437,5.648624
2026-09-20T05:03:00.5111543-07:00,75532,2026-09-20T03:55:06.2601604-07:00,4.969997,5.648624
2026-09-20T05:03:02.5430221-07:00,75532,2026-09-20T03:55:06.2601604-07:00,5.025105,5.648624
2026-09-20T05:03:04.5694520-07:00,75532,2026-09-20T03:55:06.2601604-07:00,5.151752,5.648624
2026-09-20T05:03:06.5883000-07:00,75532,2026-09-20T03:55:06.2601604-07:00,5.080212,5.648624
2026-09-20T05:03:08.6363790-07:00,75532,2026-09-20T03:55:06.2601604-07:00,5.135632,5.648624
2026-09-20T05:03:10.6612635-07:00,75532,2026-09-20T03:55:06.2601604-07:00,5.190746,5.648624
2026-09-20T05:03:12.6927995-07:00,75532,2026-09-20T03:55:06.2601604-07:00,5.353710,5.648624
2026-09-20T05:03:14.7200739-07:00,75532,2026-09-20T03:55:06.2601604-07:00,5.245861,5.648624
2026-09-20T05:03:16.7490778-07:00,75532,2026-09-20T03:55:06.2601604-07:00,5.303154,5.648624
2026-09-20T05:03:18.7823909-07:00,75532,2026-09-20T03:55:06.2601604-07:00,5.377476,5.648624
2026-09-20T05:03:20.8012393-07:00,75532,2026-09-20T03:55:06.2601604-07:00,4.713188,5.648624
2026-09-20T05:03:22.8282192-07:00,75532,2026-09-20T03:55:06.2601604-07:00,5.474888,5.648624
2026-09-20T05:03:24.8535758-07:00,75532,2026-09-20T03:55:06.2601604-07:00,3.425117,5.648624
2026-09-20T05:03:26.8829867-07:00,75532,2026-09-20T03:55:06.2601604-07:00,3.353718,5.648624
2026-09-20T05:03:28.9040872-07:00,75532,2026-09-20T03:55:06.2601604-07:00,3.379349,5.648624
2026-09-20T05:03:30.9185646-07:00,75532,2026-09-20T03:55:06.2601604-07:00,3.358967,5.648624
2026-09-20T05:03:32.9341574-07:00,75532,2026-09-20T03:55:06.2601604-07:00,3.356018,5.648624
2026-09-20T05:03:34.9741239-07:00,75532,2026-09-20T03:55:06.2601604-07:00,3.403557,5.648624
2026-09-20T05:03:37.0094952-07:00,75532,2026-09-20T03:55:06.2601604-07:00,5.280041,5.648624
2026-09-20T05:03:39.0292754-07:00,75532,2026-09-20T03:55:06.2601604-07:00,5.287834,5.648624
2026-09-20T05:03:41.0564408-07:00,75532,2026-09-20T03:55:06.2601604-07:00,5.312366,5.648624
2026-09-20T05:03:43.0908813-07:00,75532,2026-09-20T03:55:06.2601604-07:00,4.868332,5.648624
2026-09-20T05:03:45.1139012-07:00,75532,2026-09-20T03:55:06.2601604-07:00,4.922619,5.648624
2026-09-20T05:03:47.1618593-07:00,75532,2026-09-20T03:55:06.2601604-07:00,4.889893,5.648624
2026-09-20T05:03:49.1927646-07:00,75532,2026-09-20T03:55:06.2601604-07:00,4.911453,5.648624
2026-09-20T05:03:51.2092222-07:00,75532,2026-09-20T03:55:06.2601604-07:00,4.934612,5.648624
2026-09-20T05:03:53.2391362-07:00,75532,2026-09-20T03:55:06.2601604-07:00,5.020847,5.648624
2026-09-20T05:03:55.2629057-07:00,75532,2026-09-20T03:55:06.2601604-07:00,5.021667,5.648624
2026-09-20T05:03:57.3013849-07:00,75532,2026-09-20T03:55:06.2601604-07:00,5.076775,5.648624
2026-09-20T05:03:59.3333171-07:00,75532,2026-09-20T03:55:06.2601604-07:00,5.132618,5.648624
2026-09-20T05:04:01.3496947-07:00,75532,2026-09-20T03:55:06.2601604-07:00,5.269615,5.648624
2026-09-20T05:04:03.3744100-07:00,75532,2026-09-20T03:55:06.2601604-07:00,5.203083,5.648624
2026-09-20T05:04:05.4311195-07:00,75532,2026-09-20T03:55:06.2601604-07:00,5.273964,5.648624
2026-09-20T05:04:07.4589746-07:00,75532,2026-09-20T03:55:06.2601604-07:00,5.344757,5.648624
2026-09-20T05:04:09.4762335-07:00,75532,2026-09-20T03:55:06.2601604-07:00,5.111263,5.648624
2026-09-20T05:04:11.4911651-07:00,75532,2026-09-20T03:55:06.2601604-07:00,5.422417,5.648624
2026-09-20T05:04:13.5112593-07:00,75532,2026-09-20T03:55:06.2601604-07:00,4.892540,5.648624
2026-09-20T05:04:15.5325959-07:00,75532,2026-09-20T03:55:06.2601604-07:00,4.947960,5.648624
2026-09-20T05:04:17.5534733-07:00,75532,2026-09-20T03:55:06.2601604-07:00,5.084850,5.648624
2026-09-20T05:04:19.5811299-07:00,75532,2026-09-20T03:55:06.2601604-07:00,4.969521,5.648624
2026-09-20T05:04:21.6029357-07:00,75532,2026-09-20T03:55:06.2601604-07:00,5.024612,5.648624
2026-09-20T05:04:23.6362480-07:00,75532,2026-09-20T03:55:06.2601604-07:00,5.079731,5.648624
2026-09-20T05:04:25.6801162-07:00,75532,2026-09-20T03:55:06.2601604-07:00,4.445900,5.648624
2026-09-20T05:04:27.7015247-07:00,75532,2026-09-20T03:55:06.2601604-07:00,5.134842,5.648624
2026-09-20T05:04:29.7172725-07:00,75532,2026-09-20T03:55:06.2601604-07:00,5.189949,5.648624
2026-09-20T05:04:31.7533411-07:00,75532,2026-09-20T03:55:06.2601604-07:00,5.245060,5.648624
2026-09-20T05:04:33.8040754-07:00,75532,2026-09-20T03:55:06.2601604-07:00,5.312260,5.648624
2026-09-20T05:04:35.8214056-07:00,75532,2026-09-20T03:55:06.2601604-07:00,5.438908,5.648624
2026-09-20T05:04:37.8427570-07:00,75532,2026-09-20T03:55:06.2601604-07:00,5.383820,5.648624
2026-09-20T05:04:39.8729672-07:00,75532,2026-09-20T03:55:06.2601604-07:00,5.462032,5.648624
2026-09-20T05:04:41.8892858-07:00,75532,2026-09-20T03:55:06.2601604-07:00,5.624069,5.648624
2026-09-20T05:04:43.9207811-07:00,75532,2026-09-20T03:55:06.2601604-07:00,3.449589,5.648624
2026-09-20T05:04:45.9314126-07:00,75532,2026-09-20T03:55:06.2601604-07:00,3.408695,5.648624
2026-09-20T05:04:47.9523146-07:00,75532,2026-09-20T03:55:06.2601604-07:00,3.370655,5.648624
2026-09-20T05:04:49.9690769-07:00,75532,2026-09-20T03:55:06.2601604-07:00,3.415020,5.648624
2026-09-20T05:04:52.0010517-07:00,75532,2026-09-20T03:55:06.2601604-07:00,3.387951,5.648624
2026-09-20T05:04:54.0327609-07:00,75532,2026-09-20T03:55:06.2601604-07:00,4.034748,5.648624
2026-09-20T05:04:56.0533602-07:00,75532,2026-09-20T03:55:06.2601604-07:00,5.296097,5.648624
2026-09-20T05:04:58.0763227-07:00,75532,2026-09-20T03:55:06.2601604-07:00,5.199821,5.648624
2026-09-20T05:05:00.0896539-07:00,75532,2026-09-20T03:55:06.2601604-07:00,5.383930,5.648624
2026-09-20T05:05:02.1350675-07:00,75532,2026-09-20T03:55:06.2601604-07:00,4.884735,5.648624
2026-09-20T05:05:04.1521416-07:00,75532,2026-09-20T03:55:06.2601604-07:00,4.906296,5.648624
2026-09-20T05:05:06.1898688-07:00,75532,2026-09-20T03:55:06.2601604-07:00,5.001923,5.648624
2026-09-20T05:05:08.2091551-07:00,75532,2026-09-20T03:55:06.2601604-07:00,4.927856,5.648624
2026-09-20T05:05:10.2264138-07:00,75532,2026-09-20T03:55:06.2601604-07:00,4.982964,5.648624
2026-09-20T05:05:12.2537392-07:00,75532,2026-09-20T03:55:06.2601604-07:00,5.038071,5.648624
2026-09-20T05:05:14.2807814-07:00,75532,2026-09-20T03:55:06.2601604-07:00,5.092358,5.648624
2026-09-20T05:05:16.3067849-07:00,75532,2026-09-20T03:55:06.2601604-07:00,5.093178,5.648624
2026-09-20T05:05:18.3352176-07:00,75532,2026-09-20T03:55:06.2601604-07:00,5.148430,5.648624
2026-09-20T05:05:20.3587516-07:00,75532,2026-09-20T03:55:06.2601604-07:00,4.520397,5.648624
2026-09-20T05:05:22.3896559-07:00,75532,2026-09-20T03:55:06.2601604-07:00,5.209339,5.648624
2026-09-20T05:05:24.4209600-07:00,75532,2026-09-20T03:55:06.2601604-07:00,5.280304,5.648624
2026-09-20T05:05:26.4509634-07:00,75532,2026-09-20T03:55:06.2601604-07:00,5.349167,5.648624
2026-09-20T05:05:28.4678073-07:00,75532,2026-09-20T03:55:06.2601604-07:00,4.975174,5.648624
2026-09-20T05:05:30.5011301-07:00,75532,2026-09-20T03:55:06.2601604-07:00,5.478477,5.648624
2026-09-20T05:05:32.5320843-07:00,75532,2026-09-20T03:55:06.2601604-07:00,4.898460,5.648624
2026-09-20T05:05:34.5530634-07:00,75532,2026-09-20T03:55:06.2601604-07:00,4.953873,5.648624
2026-09-20T05:05:36.5754450-07:00,75532,2026-09-20T03:55:06.2601604-07:00,4.250053,5.648624
2026-09-20T05:05:38.6010071-07:00,75532,2026-09-20T03:55:06.2601604-07:00,4.975433,5.648624
2026-09-20T05:05:40.6466792-07:00,75532,2026-09-20T03:55:06.2601604-07:00,5.030540,5.648624
2026-09-20T05:05:42.6735728-07:00,75532,2026-09-20T03:55:06.2601604-07:00,5.085648,5.648624
2026-09-20T05:05:44.6865059-07:00,75532,2026-09-20T03:55:06.2601604-07:00,4.976044,5.648624
2026-09-20T05:05:46.7130477-07:00,75532,2026-09-20T03:55:06.2601604-07:00,5.195042,5.648624
2026-09-20T05:05:48.7332214-07:00,75532,2026-09-20T03:55:06.2601604-07:00,5.195862,5.648624
2026-09-20T05:05:50.7564042-07:00,75532,2026-09-20T03:55:06.2601604-07:00,5.250969,5.648624
2026-09-20T05:05:52.7762796-07:00,75532,2026-09-20T03:55:06.2601604-07:00,5.312824,5.648624
2026-09-20T05:05:54.8027663-07:00,75532,2026-09-20T03:55:06.2601604-07:00,5.409073,5.648624
2026-09-20T05:05:56.8187494-07:00,75532,2026-09-20T03:55:06.2601604-07:00,5.387115,5.648624
2026-09-20T05:05:58.8309144-07:00,75532,2026-09-20T03:55:06.2601604-07:00,5.461250,5.648624
2026-09-20T05:06:00.8749712-07:00,75532,2026-09-20T03:55:06.2601604-07:00,5.614986,5.648624
2026-09-20T05:06:02.8879629-07:00,75532,2026-09-20T03:55:06.2601604-07:00,3.381992,5.648624
2026-09-20T05:06:04.9010610-07:00,75532,2026-09-20T03:55:06.2601604-07:00,3.377411,5.648624
2026-09-20T05:06:06.9180811-07:00,75532,2026-09-20T03:55:06.2601604-07:00,3.371967,5.648624
2026-09-20T05:06:08.9515582-07:00,75532,2026-09-20T03:55:06.2601604-07:00,3.370232,5.648624
2026-09-20T05:06:10.9714239-07:00,75532,2026-09-20T03:55:06.2601604-07:00,4.588150,5.648624
2026-09-20T05:06:12.9964313-07:00,75532,2026-09-20T03:55:06.2601604-07:00,5.287495,5.648624
2026-09-20T05:06:15.0209288-07:00,75532,2026-09-20T03:55:06.2601604-07:00,5.321041,5.648624
2026-09-20T05:06:17.0411228-07:00,75532,2026-09-20T03:55:06.2601604-07:00,5.457932,5.648624
2026-09-20T05:06:19.0730279-07:00,75532,2026-09-20T03:55:06.2601604-07:00,4.876831,5.648624
2026-09-20T05:06:21.0813738-07:00,75532,2026-09-20T03:55:06.2601604-07:00,4.898392,5.648624
2026-09-20T05:06:23.1064680-07:00,75532,2026-09-20T03:55:06.2601604-07:00,4.847027,5.648624
2026-09-20T05:06:25.1316283-07:00,75532,2026-09-20T03:55:06.2601604-07:00,4.974239,5.648624
2026-09-20T05:06:27.1611788-07:00,75532,2026-09-20T03:55:06.2601604-07:00,4.975285,5.648624
2026-09-20T05:06:29.1889723-07:00,75532,2026-09-20T03:55:06.2601604-07:00,5.030392,5.648624
2026-09-20T05:06:31.2034025-07:00,75532,2026-09-20T03:55:06.2601604-07:00,5.085499,5.648624
2026-09-20T05:06:33.2310704-07:00,75532,2026-09-20T03:55:06.2601604-07:00,5.212147,5.648624
2026-09-20T05:06:35.2414184-07:00,75532,2026-09-20T03:55:06.2601604-07:00,5.140591,5.648624
2026-09-20T05:06:37.2815082-07:00,75532,2026-09-20T03:55:06.2601604-07:00,5.195713,5.648624
2026-09-20T05:06:39.3113252-07:00,75532,2026-09-20T03:55:06.2601604-07:00,5.265148,5.648624
2026-09-20T05:06:41.3252269-07:00,75532,2026-09-20T03:55:06.2601604-07:00,5.410805,5.648624
2026-09-20T05:06:43.3511922-07:00,75532,2026-09-20T03:55:06.2601604-07:00,5.338928,5.648624
2026-09-20T05:06:45.3616758-07:00,75532,2026-09-20T03:55:06.2601604-07:00,5.415981,5.648624
2026-09-20T05:06:47.3912400-07:00,75532,2026-09-20T03:55:06.2601604-07:00,4.430977,5.648624
2026-09-20T05:06:49.4315489-07:00,75532,2026-09-20T03:55:06.2601604-07:00,4.930096,5.648624
2026-09-20T05:06:51.4553366-07:00,75532,2026-09-20T03:55:06.2601604-07:00,4.946739,5.648624
2026-09-20T05:06:53.4712131-07:00,75532,2026-09-20T03:55:06.2601604-07:00,4.968300,5.648624
2026-09-20T05:06:55.4913987-07:00,75532,2026-09-20T03:55:06.2601604-07:00,4.908470,5.648624
2026-09-20T05:06:57.5378238-07:00,75532,2026-09-20T03:55:06.2601604-07:00,5.139782,5.648624
2026-09-20T05:06:59.5560093-07:00,75532,2026-09-20T03:55:06.2601604-07:00,5.078808,5.648624
2026-09-20T05:07:01.5816402-07:00,75532,2026-09-20T03:55:06.2601604-07:00,5.133923,5.648624
2026-09-20T05:07:03.6128772-07:00,75532,2026-09-20T03:55:06.2601604-07:00,5.189117,5.648624
2026-09-20T05:07:05.6458603-07:00,75532,2026-09-20T03:55:06.2601604-07:00,5.286293,5.648624
2026-09-20T05:07:07.6702884-07:00,75532,2026-09-20T03:55:06.2601604-07:00,5.244232,5.648624
2026-09-20T05:07:09.6912123-07:00,75532,2026-09-20T03:55:06.2601604-07:00,5.302063,5.648624
2026-09-20T05:07:11.7087160-07:00,75532,2026-09-20T03:55:06.2601604-07:00,5.377151,5.648624
2026-09-20T05:07:13.7339885-07:00,75532,2026-09-20T03:55:06.2601604-07:00,4.772289,5.648624
2026-09-20T05:07:15.7668452-07:00,75532,2026-09-20T03:55:06.2601604-07:00,5.452965,5.648624
2026-09-20T05:07:17.7888557-07:00,75532,2026-09-20T03:55:06.2601604-07:00,3.409267,5.648624
2026-09-20T05:07:19.8152227-07:00,75532,2026-09-20T03:55:06.2601604-07:00,3.359997,5.648624
2026-09-20T05:07:21.8545194-07:00,75532,2026-09-20T03:55:06.2601604-07:00,3.359051,5.648624
2026-09-20T05:07:23.8790718-07:00,75532,2026-09-20T03:55:06.2601604-07:00,3.397335,5.648624
2026-09-20T05:07:25.9013321-07:00,75532,2026-09-20T03:55:06.2601604-07:00,4.221352,5.648624
2026-09-20T05:07:27.9154333-07:00,75532,2026-09-20T03:55:06.2601604-07:00,5.273502,5.648624
2026-09-20T05:07:29.9442249-07:00,75532,2026-09-20T03:55:06.2601604-07:00,5.420948,5.648624
2026-09-20T05:07:31.9659167-07:00,75532,2026-09-20T03:55:06.2601604-07:00,5.305683,5.648624
2026-09-20T05:07:34.0110019-07:00,75532,2026-09-20T03:55:06.2601604-07:00,4.864460,5.648624
2026-09-20T05:07:36.0387299-07:00,75532,2026-09-20T03:55:06.2601604-07:00,4.831051,5.648624
2026-09-20T05:07:38.0656448-07:00,75532,2026-09-20T03:55:06.2601604-07:00,4.989365,5.648624
2026-09-20T05:07:40.0813552-07:00,75532,2026-09-20T03:55:06.2601604-07:00,4.907581,5.648624
2026-09-20T05:07:42.1063108-07:00,75532,2026-09-20T03:55:06.2601604-07:00,4.962688,5.648624
2026-09-20T05:07:44.1374869-07:00,75532,2026-09-20T03:55:06.2601604-07:00,5.018024,5.648624
2026-09-20T05:07:46.1650859-07:00,75532,2026-09-20T03:55:06.2601604-07:00,4.530136,5.648624
2026-09-20T05:07:48.1875959-07:00,75532,2026-09-20T03:55:06.2601604-07:00,5.073151,5.648624
2026-09-20T05:07:50.2215825-07:00,75532,2026-09-20T03:55:06.2601604-07:00,5.132687,5.648624
2026-09-20T05:07:52.2489504-07:00,75532,2026-09-20T03:55:06.2601604-07:00,5.202602,5.648624
2026-09-20T05:07:54.2912995-07:00,75532,2026-09-20T03:55:06.2601604-07:00,4.864719,5.648624
2026-09-20T05:07:56.3075557-07:00,75532,2026-09-20T03:55:06.2601604-07:00,5.326214,5.648624
2026-09-20T05:07:58.3218013-07:00,75532,2026-09-20T03:55:06.2601604-07:00,5.347580,5.648624
2026-09-20T05:08:00.3411688-07:00,75532,2026-09-20T03:55:06.2601604-07:00,5.423038,5.648624
2026-09-20T05:08:02.3732616-07:00,75532,2026-09-20T03:55:06.2601604-07:00,4.567032,5.648624
2026-09-20T05:08:04.3817056-07:00,75532,2026-09-20T03:55:06.2601604-07:00,4.909996,5.648624
2026-09-20T05:08:06.4061118-07:00,75532,2026-09-20T03:55:06.2601604-07:00,4.966228,5.648624
2026-09-20T05:08:08.4216987-07:00,75532,2026-09-20T03:55:06.2601604-07:00,4.987789,5.648624
2026-09-20T05:08:10.4526764-07:00,75532,2026-09-20T03:55:06.2601604-07:00,5.124680,5.648624
2026-09-20T05:08:12.4912739-07:00,75532,2026-09-20T03:55:06.2601604-07:00,5.042896,5.648624
2026-09-20T05:08:14.5149876-07:00,75532,2026-09-20T03:55:06.2601604-07:00,5.098721,5.648624
2026-09-20T05:08:16.5434026-07:00,75532,2026-09-20T03:55:06.2601604-07:00,5.153828,5.648624
2026-09-20T05:08:18.5601220-07:00,75532,2026-09-20T03:55:06.2601604-07:00,4.516453,5.648624
2026-09-20T05:08:20.5778895-07:00,75532,2026-09-20T03:55:06.2601604-07:00,5.208935,5.648624
2026-09-20T05:08:22.6109097-07:00,75532,2026-09-20T03:55:06.2601604-07:00,5.264042,5.648624
2026-09-20T05:08:24.6410038-07:00,75532,2026-09-20T03:55:06.2601604-07:00,5.319149,5.648624
2026-09-20T05:08:26.6696943-07:00,75532,2026-09-20T03:55:06.2601604-07:00,5.113377,5.648624
2026-09-20T05:08:28.7019496-07:00,75532,2026-09-20T03:55:06.2601604-07:00,5.468124,5.648624
2026-09-20T05:08:30.7209737-07:00,75532,2026-09-20T03:55:06.2601604-07:00,5.460068,5.648624
2026-09-20T05:08:32.7599104-07:00,75532,2026-09-20T03:55:06.2601604-07:00,3.133202,5.648624
2026-09-20T05:08:34.7868328-07:00,75532,2026-09-20T03:55:06.2601604-07:00,3.214344,5.648624
2026-09-20T05:08:36.8231693-07:00,75532,2026-09-20T03:55:06.2601604-07:00,3.221100,5.648624
2026-09-20T05:08:38.8526494-07:00,75532,2026-09-20T03:55:06.2601604-07:00,3.245739,5.648624
2026-09-20T05:08:40.8854474-07:00,75532,2026-09-20T03:55:06.2601604-07:00,3.716740,5.648624
2026-09-20T05:08:42.9102030-07:00,75532,2026-09-20T03:55:06.2601604-07:00,5.191963,5.648624
2026-09-20T05:08:44.9336060-07:00,75532,2026-09-20T03:55:06.2601604-07:00,5.199757,5.648624
2026-09-20T05:08:46.9566824-07:00,75532,2026-09-20T03:55:06.2601604-07:00,5.229584,5.648624
2026-09-20T05:08:48.9949631-07:00,75532,2026-09-20T03:55:06.2601604-07:00,4.787624,5.648624
2026-09-20T05:08:51.0215617-07:00,75532,2026-09-20T03:55:06.2601604-07:00,4.924530,5.648624
2026-09-20T05:08:53.0354214-07:00,75532,2026-09-20T03:55:06.2601604-07:00,4.810677,5.648624
2026-09-20T05:08:55.0682788-07:00,75532,2026-09-20T03:55:06.2601604-07:00,4.838238,5.648624
2026-09-20T05:08:57.0916722-07:00,75532,2026-09-20T03:55:06.2601604-07:00,4.907513,5.648624
2026-09-20T05:08:59.1216307-07:00,75532,2026-09-20T03:55:06.2601604-07:00,4.241245,5.648624
2026-09-20T05:09:01.1551834-07:00,75532,2026-09-20T03:55:06.2601604-07:00,4.972958,5.648624
2026-09-20T05:09:03.1745252-07:00,75532,2026-09-20T03:55:06.2601604-07:00,5.043415,5.648624
2026-09-20T05:09:05.1929881-07:00,75532,2026-09-20T03:55:06.2601604-07:00,5.113796,5.648624
2026-09-20T05:09:07.2138684-07:00,75532,2026-09-20T03:55:06.2601604-07:00,4.494690,5.648624
2026-09-20T05:09:09.2413116-07:00,75532,2026-09-20T03:55:06.2601604-07:00,5.183632,5.648624
2026-09-20T05:09:11.2630976-07:00,75532,2026-09-20T03:55:06.2601604-07:00,5.255203,5.648624
2026-09-20T05:09:13.2869849-07:00,75532,2026-09-20T03:55:06.2601604-07:00,5.327660,5.648624
2026-09-20T05:09:15.3155258-07:00,75532,2026-09-20T03:55:06.2601604-07:00,4.934132,5.648624
2026-09-20T05:09:17.3312339-07:00,75532,2026-09-20T03:55:06.2601604-07:00,5.459591,5.648624
2026-09-20T05:09:19.3812513-07:00,75532,2026-09-20T03:55:06.2601604-07:00,4.876846,5.648624
2026-09-20T05:09:21.4127225-07:00,75532,2026-09-20T03:55:06.2601604-07:00,4.932259,5.648624
2026-09-20T05:09:23.4234760-07:00,75532,2026-09-20T03:55:06.2601604-07:00,4.270729,5.648624
2026-09-20T05:09:25.4536417-07:00,75532,2026-09-20T03:55:06.2601604-07:00,4.954758,5.648624
2026-09-20T05:09:27.4657638-07:00,75532,2026-09-20T03:55:06.2601604-07:00,5.010273,5.648624
2026-09-20T05:09:29.4981093-07:00,75532,2026-09-20T03:55:06.2601604-07:00,5.065571,5.648624
2026-09-20T05:09:31.5267341-07:00,75532,2026-09-20T03:55:06.2601604-07:00,4.772778,5.648624
2026-09-20T05:09:33.5633679-07:00,75532,2026-09-20T03:55:06.2601604-07:00,5.179607,5.648624
2026-09-20T05:09:35.5897584-07:00,75532,2026-09-20T03:55:06.2601604-07:00,5.175896,5.648624
2026-09-20T05:09:37.6245250-07:00,75532,2026-09-20T03:55:06.2601604-07:00,5.231098,5.648624
2026-09-20T05:09:39.6420906-07:00,75532,2026-09-20T03:55:06.2601604-07:00,5.294369,5.648624
2026-09-20T05:09:41.6564672-07:00,75532,2026-09-20T03:55:06.2601604-07:00,5.438126,5.648624
2026-09-20T05:09:43.6910569-07:00,75532,2026-09-20T03:55:06.2601604-07:00,5.369839,5.648624
2026-09-20T05:09:45.7230798-07:00,75532,2026-09-20T03:55:06.2601604-07:00,5.445827,5.648624
2026-09-20T05:09:47.7544642-07:00,75532,2026-09-20T03:55:06.2601604-07:00,5.609974,5.648624
2026-09-20T05:09:49.7647003-07:00,75532,2026-09-20T03:55:06.2601604-07:00,3.377087,5.648624
2026-09-20T05:09:51.8062963-07:00,75532,2026-09-20T03:55:06.2601604-07:00,3.362953,5.648624
2026-09-20T05:09:53.8358735-07:00,75532,2026-09-20T03:55:06.2601604-07:00,3.360035,5.648624
2026-09-20T05:09:55.8648498-07:00,75532,2026-09-20T03:55:06.2601604-07:00,3.391808,5.648624
2026-09-20T05:09:57.9041375-07:00,75532,2026-09-20T03:55:06.2601604-07:00,4.568287,5.648624
2026-09-20T05:09:59.9296782-07:00,75532,2026-09-20T03:55:06.2601604-07:00,5.280766,5.648624
2026-09-20T05:10:01.9464748-07:00,75532,2026-09-20T03:55:06.2601604-07:00,5.315498,5.648624
2026-09-20T05:10:03.9728193-07:00,75532,2026-09-20T03:55:06.2601604-07:00,5.466419,5.648624
2026-09-20T05:10:05.9900603-07:00,75532,2026-09-20T03:55:06.2601604-07:00,4.874500,5.648624
2026-09-20T05:10:08.0177571-07:00,75532,2026-09-20T03:55:06.2601604-07:00,4.896290,5.648624
2026-09-20T05:10:10.0464408-07:00,75532,2026-09-20T03:55:06.2601604-07:00,4.918079,5.648624
2026-09-20T05:10:12.0687850-07:00,75532,2026-09-20T03:55:06.2601604-07:00,4.270931,5.648624
2026-09-20T05:10:14.0917655-07:00,75532,2026-09-20T03:55:06.2601604-07:00,4.973648,5.648624
2026-09-20T05:10:16.1284106-07:00,75532,2026-09-20T03:55:06.2601604-07:00,5.028763,5.648624
2026-09-20T05:10:18.1511619-07:00,75532,2026-09-20T03:55:06.2601604-07:00,5.083870,5.648624
2026-09-20T05:10:20.1679903-07:00,75532,2026-09-20T03:55:06.2601604-07:00,4.428097,5.648624
2026-09-20T05:10:22.1949025-07:00,75532,2026-09-20T03:55:06.2601604-07:00,5.162605,5.648624
2026-09-20T05:10:24.2143273-07:00,75532,2026-09-20T03:55:06.2601604-07:00,5.196648,5.648624
2026-09-20T05:10:26.2348541-07:00,75532,2026-09-20T03:55:06.2601604-07:00,5.267021,5.648624
2026-09-20T05:10:28.2616870-07:00,75532,2026-09-20T03:55:06.2601604-07:00,5.336720,5.648624
2026-09-20T05:10:30.2818333-07:00,75532,2026-09-20T03:55:06.2601604-07:00,5.432312,5.648624
2026-09-20T05:10:32.3127925-07:00,75532,2026-09-20T03:55:06.2601604-07:00,5.412579,5.648624
2026-09-20T05:10:34.3380732-07:00,75532,2026-09-20T03:55:06.2601604-07:00,4.896156,5.648624
2026-09-20T05:10:36.3715281-07:00,75532,2026-09-20T03:55:06.2601604-07:00,5.095551,5.648624
2026-09-20T05:10:38.3913458-07:00,75532,2026-09-20T03:55:06.2601604-07:00,4.951263,5.648624
2026-09-20T05:10:40.4113445-07:00,75532,2026-09-20T03:55:06.2601604-07:00,4.973541,5.648624
2026-09-20T05:10:42.4364966-07:00,75532,2026-09-20T03:55:06.2601604-07:00,5.028648,5.648624
2026-09-20T05:10:44.4643559-07:00,75532,2026-09-20T03:55:06.2601604-07:00,5.074169,5.648624
2026-09-20T05:10:46.4839318-07:00,75532,2026-09-20T03:55:06.2601604-07:00,5.179382,5.648624
2026-09-20T05:10:48.5242548-07:00,75532,2026-09-20T03:55:06.2601604-07:00,5.138863,5.648624
2026-09-20T05:10:50.5416704-07:00,75532,2026-09-20T03:55:06.2601604-07:00,5.193970,5.648624
2026-09-20T05:10:52.5617173-07:00,75532,2026-09-20T03:55:06.2601604-07:00,5.249451,5.648624
2026-09-20T05:10:54.5914331-07:00,75532,2026-09-20T03:55:06.2601604-07:00,5.386696,5.648624
2026-09-20T05:10:56.6164034-07:00,75532,2026-09-20T03:55:06.2601604-07:00,5.305172,5.648624
2026-09-20T05:10:58.6316267-07:00,75532,2026-09-20T03:55:06.2601604-07:00,5.375347,5.648624
2026-09-20T05:11:00.6685885-07:00,75532,2026-09-20T03:55:06.2601604-07:00,5.445431,5.648624
2026-09-20T05:11:02.6911889-07:00,75532,2026-09-20T03:55:06.2601604-07:00,5.548382,5.648624
2026-09-20T05:11:04.7315641-07:00,75532,2026-09-20T03:55:06.2601604-07:00,3.354771,5.648624
2026-09-20T05:11:06.7514232-07:00,75532,2026-09-20T03:55:06.2601604-07:00,3.398777,5.648624
2026-09-20T05:11:08.7763731-07:00,75532,2026-09-20T03:55:06.2601604-07:00,3.389057,5.648624
2026-09-20T05:11:10.8018792-07:00,75532,2026-09-20T03:55:06.2601604-07:00,5.135044,5.648624
2026-09-20T05:11:12.8604900-07:00,75532,2026-09-20T03:55:06.2601604-07:00,5.282394,5.648624
2026-09-20T05:11:14.8847542-07:00,75532,2026-09-20T03:55:06.2601604-07:00,5.300659,5.648624
2026-09-20T05:11:16.9155238-07:00,75532,2026-09-20T03:55:06.2601604-07:00,4.279236,5.648624
2026-09-20T05:11:18.9477364-07:00,75532,2026-09-20T03:55:06.2601604-07:00,4.887566,5.648624
2026-09-20T05:11:20.9716241-07:00,75532,2026-09-20T03:55:06.2601604-07:00,4.878201,5.648624
2026-09-20T05:11:23.0102600-07:00,75532,2026-09-20T03:55:06.2601604-07:00,4.899765,5.648624
2026-09-20T05:11:25.0429098-07:00,75532,2026-09-20T03:55:06.2601604-07:00,4.954876,5.648624
2026-09-20T05:11:27.0784960-07:00,75532,2026-09-20T03:55:06.2601604-07:00,5.073769,5.648624
2026-09-20T05:11:29.1028079-07:00,75532,2026-09-20T03:55:06.2601604-07:00,5.010075,5.648624
2026-09-20T05:11:31.1355449-07:00,75532,2026-09-20T03:55:06.2601604-07:00,5.065189,5.648624
2026-09-20T05:11:33.1667994-07:00,75532,2026-09-20T03:55:06.2601604-07:00,5.120308,5.648624
2026-09-20T05:11:35.1814802-07:00,75532,2026-09-20T03:55:06.2601604-07:00,5.257458,5.648624
2026-09-20T05:11:37.2017400-07:00,75532,2026-09-20T03:55:06.2601604-07:00,5.175678,5.648624
2026-09-20T05:11:39.2282795-07:00,75532,2026-09-20T03:55:06.2601604-07:00,5.251522,5.648624
2026-09-20T05:11:41.2798035-07:00,75532,2026-09-20T03:55:06.2601604-07:00,5.327534,5.648624
2026-09-20T05:11:43.3114223-07:00,75532,2026-09-20T03:55:06.2601604-07:00,5.390640,5.648624
2026-09-20T05:11:45.3317757-07:00,75532,2026-09-20T03:55:06.2601604-07:00,5.401657,5.648624
2026-09-20T05:11:47.3568148-07:00,75532,2026-09-20T03:55:06.2601604-07:00,4.891041,5.648624
2026-09-20T05:11:49.3913572-07:00,75532,2026-09-20T03:55:06.2601604-07:00,4.946148,5.648624
2026-09-20T05:11:51.4315872-07:00,75532,2026-09-20T03:55:06.2601604-07:00,5.049492,5.648624
2026-09-20T05:11:53.4517334-07:00,75532,2026-09-20T03:55:06.2601604-07:00,4.968426,5.648624
2026-09-20T05:11:55.4717960-07:00,75532,2026-09-20T03:55:06.2601604-07:00,5.023533,5.648624
2026-09-20T05:11:57.4978054-07:00,75532,2026-09-20T03:55:06.2601604-07:00,5.078640,5.648624
2026-09-20T05:11:59.5084295-07:00,75532,2026-09-20T03:55:06.2601604-07:00,4.612221,5.648624
2026-09-20T05:12:01.5416693-07:00,75532,2026-09-20T03:55:06.2601604-07:00,5.133759,5.648624
2026-09-20T05:12:03.5568519-07:00,75532,2026-09-20T03:55:06.2601604-07:00,5.188942,5.648624
2026-09-20T05:12:05.5813215-07:00,75532,2026-09-20T03:55:06.2601604-07:00,5.244061,5.648624
2026-09-20T05:12:07.6065500-07:00,75532,2026-09-20T03:55:06.2601604-07:00,4.729645,5.648624
2026-09-20T05:12:09.6216080-07:00,75532,2026-09-20T03:55:06.2601604-07:00,5.338120,5.648624
2026-09-20T05:12:11.6744405-07:00,75532,2026-09-20T03:55:06.2601604-07:00,5.369431,5.648624
2026-09-20T05:12:13.6980950-07:00,75532,2026-09-20T03:55:06.2601604-07:00,5.444405,5.648624
2026-09-20T05:12:15.7182513-07:00,75532,2026-09-20T03:55:06.2601604-07:00,5.612518,5.648624
2026-09-20T05:12:17.7375782-07:00,75532,2026-09-20T03:55:06.2601604-07:00,3.406525,5.648624
2026-09-20T05:12:19.7714026-07:00,75532,2026-09-20T03:55:06.2601604-07:00,3.390804,5.648624
2026-09-20T05:12:21.7973734-07:00,75532,2026-09-20T03:55:06.2601604-07:00,4.231945,5.648624
2026-09-20T05:12:23.8213898-07:00,75532,2026-09-20T03:55:06.2601604-07:00,5.285999,5.648624
2026-09-20T05:12:25.8373747-07:00,75532,2026-09-20T03:55:06.2601604-07:00,5.324776,5.648624
2026-09-20T05:12:27.8551188-07:00,75532,2026-09-20T03:55:06.2601604-07:00,5.317135,5.648624
2026-09-20T05:12:29.8818497-07:00,75532,2026-09-20T03:55:06.2601604-07:00,4.874855,5.648624
2026-09-20T05:12:31.9079302-07:00,75532,2026-09-20T03:55:06.2601604-07:00,5.011745,5.648624
2026-09-20T05:12:33.9393289-07:00,75532,2026-09-20T03:55:06.2601604-07:00,4.896400,5.648624
2026-09-20T05:12:35.9722551-07:00,75532,2026-09-20T03:55:06.2601604-07:00,4.917946,5.648624
2026-09-20T05:12:37.9912438-07:00,75532,2026-09-20T03:55:06.2601604-07:00,4.973038,5.648624
2026-09-20T05:12:40.0116075-07:00,75532,2026-09-20T03:55:06.2601604-07:00,4.326424,5.648624
2026-09-20T05:12:42.0218654-07:00,75532,2026-09-20T03:55:06.2601604-07:00,5.028217,5.648624
2026-09-20T05:12:44.0510732-07:00,75532,2026-09-20T03:55:06.2601604-07:00,5.083317,5.648624
2026-09-20T05:12:46.0718593-07:00,75532,2026-09-20T03:55:06.2601604-07:00,5.138412,5.648624
2026-09-20T05:12:48.1363836-07:00,75532,2026-09-20T03:55:06.2601604-07:00,5.193684,5.648624
2026-09-20T05:12:50.1551409-07:00,75532,2026-09-20T03:55:06.2601604-07:00,5.320332,5.648624
2026-09-20T05:12:52.1681390-07:00,75532,2026-09-20T03:55:06.2601604-07:00,5.257862,5.648624
2026-09-20T05:12:54.1905117-07:00,75532,2026-09-20T03:55:06.2601604-07:00,5.325504,5.648624
2026-09-20T05:12:56.2190125-07:00,75532,2026-09-20T03:55:06.2601604-07:00,5.406155,5.648624
2026-09-20T05:12:58.2707415-07:00,75532,2026-09-20T03:55:06.2601604-07:00,5.578186,5.648624
2026-09-20T05:13:00.2943029-07:00,75532,2026-09-20T03:55:06.2601604-07:00,4.890316,5.648624
2026-09-20T05:13:02.3296320-07:00,75532,2026-09-20T03:55:06.2601604-07:00,4.945408,5.648624
2026-09-20T05:13:04.3623881-07:00,75532,2026-09-20T03:55:06.2601604-07:00,4.939445,5.648624
2026-09-20T05:13:06.4020899-07:00,75532,2026-09-20T03:55:06.2601604-07:00,5.059837,5.648624
2026-09-20T05:13:08.4242398-07:00,75532,2026-09-20T03:55:06.2601604-07:00,5.022358,5.648624
2026-09-20T05:13:10.4459499-07:00,75532,2026-09-20T03:55:06.2601604-07:00,5.077724,5.648624
2026-09-20T05:13:12.4642618-07:00,75532,2026-09-20T03:55:06.2601604-07:00,5.132820,5.648624
2026-09-20T05:13:14.4927607-07:00,75532,2026-09-20T03:55:06.2601604-07:00,5.269711,5.648624
2026-09-20T05:13:16.5313030-07:00,75532,2026-09-20T03:55:06.2601604-07:00,5.187912,5.648624
2026-09-20T05:13:18.5615333-07:00,75532,2026-09-20T03:55:06.2601604-07:00,5.243217,5.648624
2026-09-20T05:13:20.5811008-07:00,75532,2026-09-20T03:55:06.2601604-07:00,5.299160,5.648624
2026-09-20T05:13:22.6130741-07:00,75532,2026-09-20T03:55:06.2601604-07:00,5.478561,5.648624
2026-09-20T05:13:24.6363874-07:00,75532,2026-09-20T03:55:06.2601604-07:00,5.375904,5.648624
2026-09-20T05:13:26.6626278-07:00,75532,2026-09-20T03:55:06.2601604-07:00,5.451572,5.648624
2026-09-20T05:13:28.6942672-07:00,75532,2026-09-20T03:55:06.2601604-07:00,5.570423,5.648624
2026-09-20T05:13:30.7163415-07:00,75532,2026-09-20T03:55:06.2601604-07:00,3.374729,5.648624
2026-09-20T05:13:32.7431338-07:00,75532,2026-09-20T03:55:06.2601604-07:00,3.822449,5.648624
2026-09-20T05:13:34.7677522-07:00,75532,2026-09-20T03:55:06.2601604-07:00,5.288681,5.648624
2026-09-20T05:13:36.8079308-07:00,75532,2026-09-20T03:55:06.2601604-07:00,4.705803,5.648624
2026-09-20T05:13:38.8316070-07:00,75532,2026-09-20T03:55:06.2601604-07:00,5.317200,5.648624
2026-09-20T05:13:40.8601758-07:00,75532,2026-09-20T03:55:06.2601604-07:00,4.874611,5.648624
2026-09-20T05:13:42.8853667-07:00,75532,2026-09-20T03:55:06.2601604-07:00,4.896332,5.648624
2026-09-20T05:13:44.9032488-07:00,75532,2026-09-20T03:55:06.2601604-07:00,5.033222,5.648624
2026-09-20T05:13:46.9436665-07:00,75532,2026-09-20T03:55:06.2601604-07:00,4.918053,5.648624
2026-09-20T05:13:48.9687457-07:00,75532,2026-09-20T03:55:06.2601604-07:00,4.973316,5.648624
2026-09-20T05:13:50.9862271-07:00,75532,2026-09-20T03:55:06.2601604-07:00,5.028580,5.648624
2026-09-20T05:13:53.0081838-07:00,75532,2026-09-20T03:55:06.2601604-07:00,5.165474,5.648624
2026-09-20T05:13:55.0440631-07:00,75532,2026-09-20T03:55:06.2601604-07:00,5.083836,5.648624
2026-09-20T05:13:57.0611432-07:00,75532,2026-09-20T03:55:06.2601604-07:00,5.139084,5.648624
2026-09-20T05:13:59.0769752-07:00,75532,2026-09-20T03:55:06.2601604-07:00,5.194397,5.648624
2026-09-20T05:14:01.0933366-07:00,75532,2026-09-20T03:55:06.2601604-07:00,5.359871,5.648624
2026-09-20T05:14:03.1249128-07:00,75532,2026-09-20T03:55:06.2601604-07:00,5.255447,5.648624
2026-09-20T05:14:05.1616503-07:00,75532,2026-09-20T03:55:06.2601604-07:00,5.327877,5.648624
2026-09-20T05:14:07.1831672-07:00,75532,2026-09-20T03:55:06.2601604-07:00,5.403725,5.648624
2026-09-20T05:14:09.1970334-07:00,75532,2026-09-20T03:55:06.2601604-07:00,5.458736,5.648624
2026-09-20T05:14:11.2271167-07:00,75532,2026-09-20T03:55:06.2601604-07:00,4.907627,5.648624
2026-09-20T05:14:13.2551710-07:00,75532,2026-09-20T03:55:06.2601604-07:00,4.962833,5.648624
2026-09-20T05:14:15.2826876-07:00,75532,2026-09-20T03:55:06.2601604-07:00,4.529049,5.648624
2026-09-20T05:14:17.3097721-07:00,75532,2026-09-20T03:55:06.2601604-07:00,4.985516,5.648624
2026-09-20T05:14:19.3218846-07:00,75532,2026-09-20T03:55:06.2601604-07:00,5.040714,5.648624
2026-09-20T05:14:21.3452886-07:00,75532,2026-09-20T03:55:06.2601604-07:00,5.095917,5.648624
2026-09-20T05:14:23.3939428-07:00,75532,2026-09-20T03:55:06.2601604-07:00,4.462128,5.648624
2026-09-20T05:14:25.4168367-07:00,75532,2026-09-20T03:55:06.2601604-07:00,5.151127,5.648624
2026-09-20T05:14:27.4315640-07:00,75532,2026-09-20T03:55:06.2601604-07:00,5.206352,5.648624
2026-09-20T05:14:29.4415072-07:00,75532,2026-09-20T03:55:06.2601604-07:00,5.261669,5.648624
2026-09-20T05:14:31.4663441-07:00,75532,2026-09-20T03:55:06.2601604-07:00,5.037457,5.648624
2026-09-20T05:14:33.5192728-07:00,75532,2026-09-20T03:55:06.2601604-07:00,5.327736,5.648624
2026-09-20T05:14:35.5460776-07:00,75532,2026-09-20T03:55:06.2601604-07:00,5.377441,5.648624
2026-09-20T05:14:37.5812931-07:00,75532,2026-09-20T03:55:06.2601604-07:00,5.451984,5.648624
2026-09-20T05:14:39.6094837-07:00,75532,2026-09-20T03:55:06.2601604-07:00,5.560455,5.648624
2026-09-20T05:14:41.6368557-07:00,75532,2026-09-20T03:55:06.2601604-07:00,3.363895,5.648624
2026-09-20T05:14:43.6714839-07:00,75532,2026-09-20T03:55:06.2601604-07:00,3.933117,5.648624
2026-09-20T05:14:45.6816987-07:00,75532,2026-09-20T03:55:06.2601604-07:00,5.282249,5.648624
2026-09-20T05:14:47.7147085-07:00,75532,2026-09-20T03:55:06.2601604-07:00,4.586342,5.648624
2026-09-20T05:14:49.7446023-07:00,75532,2026-09-20T03:55:06.2601604-07:00,5.315796,5.648624
2026-09-20T05:14:51.7616019-07:00,75532,2026-09-20T03:55:06.2601604-07:00,4.870850,5.648624
2026-09-20T05:14:53.7984583-07:00,75532,2026-09-20T03:55:06.2601604-07:00,4.892651,5.648624
2026-09-20T05:14:55.8265237-07:00,75532,2026-09-20T03:55:06.2601604-07:00,5.000149,5.648624
2026-09-20T05:14:57.8451916-07:00,75532,2026-09-20T03:55:06.2601604-07:00,4.914455,5.648624
2026-09-20T05:14:59.8746434-07:00,75532,2026-09-20T03:55:06.2601604-07:00,4.969803,5.648624
2026-09-20T05:15:01.9115829-07:00,75532,2026-09-20T03:55:06.2601604-07:00,5.025158,5.648624
2026-09-20T05:15:03.9349054-07:00,75532,2026-09-20T03:55:06.2601604-07:00,5.162052,5.648624
2026-09-20T05:15:05.9667026-07:00,75532,2026-09-20T03:55:06.2601604-07:00,5.080509,5.648624
2026-09-20T05:15:07.9971201-07:00,75532,2026-09-20T03:55:06.2601604-07:00,5.135948,5.648624
2026-09-20T05:15:10.0240353-07:00,75532,2026-09-20T03:55:06.2601604-07:00,5.191315,5.648624
2026-09-20T05:15:12.0678237-07:00,75532,2026-09-20T03:55:06.2601604-07:00,5.245602,5.648624
2026-09-20T05:15:14.0921435-07:00,75532,2026-09-20T03:55:06.2601604-07:00,5.261574,5.648624
2026-09-20T05:15:16.1198150-07:00,75532,2026-09-20T03:55:06.2601604-07:00,5.335735,5.648624
2026-09-20T05:15:18.1450652-07:00,75532,2026-09-20T03:55:06.2601604-07:00,5.413746,5.648624
2026-09-20T05:15:20.1645215-07:00,75532,2026-09-20T03:55:06.2601604-07:00,5.468750,5.648624
2026-09-20T05:15:22.2078174-07:00,75532,2026-09-20T03:55:06.2601604-07:00,4.694992,5.648624
2026-09-20T05:15:24.2375488-07:00,75532,2026-09-20T03:55:06.2601604-07:00,4.792828,5.648624
2026-09-20T05:15:26.2648420-07:00,75532,2026-09-20T03:55:06.2601604-07:00,4.159512,5.648624
2026-09-20T05:15:28.2997830-07:00,75532,2026-09-20T03:55:06.2601604-07:00,4.831959,5.648624
2026-09-20T05:15:30.3368093-07:00,75532,2026-09-20T03:55:06.2601604-07:00,4.890991,5.648624
2026-09-20T05:15:32.3616927-07:00,75532,2026-09-20T03:55:06.2601604-07:00,4.963955,5.648624
2026-09-20T05:15:34.3898270-07:00,75532,2026-09-20T03:55:06.2601604-07:00,4.353935,5.648624
2026-09-20T05:15:36.4266264-07:00,75532,2026-09-20T03:55:06.2601604-07:00,5.043007,5.648624
2026-09-20T05:15:38.4525369-07:00,75532,2026-09-20T03:55:06.2601604-07:00,5.122154,5.648624
2026-09-20T05:15:40.4931924-07:00,75532,2026-09-20T03:55:06.2601604-07:00,5.201229,5.648624
2026-09-20T05:15:42.5192665-07:00,75532,2026-09-20T03:55:06.2601604-07:00,4.572285,5.648624
2026-09-20T05:15:44.5537548-07:00,75532,2026-09-20T03:55:06.2601604-07:00,5.277588,5.648624
2026-09-20T05:15:46.5794113-07:00,75532,2026-09-20T03:55:06.2601604-07:00,5.356522,5.648624
2026-09-20T05:15:48.6093689-07:00,75532,2026-09-20T03:55:06.2601604-07:00,5.432060,5.648624
2026-09-20T05:15:50.6397048-07:00,75532,2026-09-20T03:55:06.2601604-07:00,5.539326,5.648624
2026-09-20T05:15:52.6562903-07:00,75532,2026-09-20T03:55:06.2601604-07:00,3.213898,5.648624
2026-09-20T05:15:54.6890389-07:00,75532,2026-09-20T03:55:06.2601604-07:00,3.696545,5.648624
2026-09-20T05:15:56.7279785-07:00,75532,2026-09-20T03:55:06.2601604-07:00,5.149803,5.648624
2026-09-20T05:15:58.7618891-07:00,75532,2026-09-20T03:55:06.2601604-07:00,4.560593,5.648624
2026-09-20T05:16:00.7718457-07:00,75532,2026-09-20T03:55:06.2601604-07:00,5.196400,5.648624
2026-09-20T05:16:02.7988179-07:00,75532,2026-09-20T03:55:06.2601604-07:00,4.752987,5.648624
2026-09-20T05:16:04.8294284-07:00,75532,2026-09-20T03:55:06.2601604-07:00,4.778378,5.648624
2026-09-20T05:16:06.8547777-07:00,75532,2026-09-20T03:55:06.2601604-07:00,4.866249,5.648624
2026-09-20T05:16:08.8942130-07:00,75532,2026-09-20T03:55:06.2601604-07:00,4.814507,5.648624
2026-09-20T05:16:10.9115983-07:00,75532,2026-09-20T03:55:06.2601604-07:00,4.885632,5.648624
2026-09-20T05:16:12.9269868-07:00,75532,2026-09-20T03:55:06.2601604-07:00,4.956039,5.648624
2026-09-20T05:16:14.9550561-07:00,75532,2026-09-20T03:55:06.2601604-07:00,5.093037,5.648624
2026-09-20T05:16:16.9865025-07:00,75532,2026-09-20T03:55:06.2601604-07:00,5.027260,5.648624
2026-09-20T05:16:19.0214970-07:00,75532,2026-09-20T03:55:06.2601604-07:00,5.098591,5.648624
2026-09-20T05:16:21.0518007-07:00,75532,2026-09-20T03:55:06.2601604-07:00,5.170059,5.648624
2026-09-20T05:16:23.0804907-07:00,75532,2026-09-20T03:55:06.2601604-07:00,5.313717,5.648624
2026-09-20T05:16:25.1071323-07:00,75532,2026-09-20T03:55:06.2601604-07:00,5.245724,5.648624
2026-09-20T05:16:27.1249673-07:00,75532,2026-09-20T03:55:06.2601604-07:00,5.320255,5.648624
2026-09-20T05:16:29.1708123-07:00,75532,2026-09-20T03:55:06.2601604-07:00,5.395157,5.648624
2026-09-20T05:16:31.1869106-07:00,75532,2026-09-20T03:55:06.2601604-07:00,5.562477,5.648624
2026-09-20T05:16:33.2049484-07:00,75532,2026-09-20T03:55:06.2601604-07:00,4.887390,5.648624
2026-09-20T05:16:35.2340884-07:00,75532,2026-09-20T03:55:06.2601604-07:00,4.943020,5.648624
2026-09-20T05:16:37.2735176-07:00,75532,2026-09-20T03:55:06.2601604-07:00,4.965508,5.648624
2026-09-20T05:16:39.2971359-07:00,75532,2026-09-20T03:55:06.2601604-07:00,5.068851,5.648624
2026-09-20T05:16:41.3097779-07:00,75532,2026-09-20T03:55:06.2601604-07:00,5.020824,5.648624
2026-09-20T05:16:43.3255971-07:00,75532,2026-09-20T03:55:06.2601604-07:00,5.076248,5.648624
2026-09-20T05:16:45.3412256-07:00,75532,2026-09-20T03:55:06.2601604-07:00,4.442699,5.648624
2026-09-20T05:16:47.3816587-07:00,75532,2026-09-20T03:55:06.2601604-07:00,5.131763,5.648624
2026-09-20T05:16:49.4038865-07:00,75532,2026-09-20T03:55:06.2601604-07:00,5.187275,5.648624
2026-09-20T05:16:51.4369617-07:00,75532,2026-09-20T03:55:06.2601604-07:00,5.242996,5.648624
2026-09-20T05:16:53.4617355-07:00,75532,2026-09-20T03:55:06.2601604-07:00,4.922417,5.648624
2026-09-20T05:16:55.4791066-07:00,75532,2026-09-20T03:55:06.2601604-07:00,5.321259,5.648624
2026-09-20T05:16:57.5154659-07:00,75532,2026-09-20T03:55:06.2601604-07:00,5.370773,5.648624
2026-09-20T05:16:59.5296467-07:00,75532,2026-09-20T03:55:06.2601604-07:00,5.445419,5.648624
2026-09-20T05:17:01.5459912-07:00,75532,2026-09-20T03:55:06.2601604-07:00,5.581940,5.648624
2026-09-20T05:17:03.5568017-07:00,75532,2026-09-20T03:55:06.2601604-07:00,3.381901,5.648624
2026-09-20T05:17:05.5986453-07:00,75532,2026-09-20T03:55:06.2601604-07:00,4.036880,5.648624
2026-09-20T05:17:07.6261302-07:00,75532,2026-09-20T03:55:06.2601604-07:00,5.290394,5.648624
2026-09-20T05:17:09.6448113-07:00,75532,2026-09-20T03:55:06.2601604-07:00,5.222862,5.648624
2026-09-20T05:17:11.6743649-07:00,75532,2026-09-20T03:55:06.2601604-07:00,5.377243,5.648624
2026-09-20T05:17:13.6973687-07:00,75532,2026-09-20T03:55:06.2601604-07:00,4.877651,5.648624
2026-09-20T05:17:15.7268730-07:00,75532,2026-09-20T03:55:06.2601604-07:00,4.899067,5.648624
2026-09-20T05:17:17.7394094-07:00,75532,2026-09-20T03:55:06.2601604-07:00,5.035957,5.648624
2026-09-20T05:17:19.7537934-07:00,75532,2026-09-20T03:55:06.2601604-07:00,4.920483,5.648624
2026-09-20T05:17:21.7730555-07:00,75532,2026-09-20T03:55:06.2601604-07:00,4.975445,5.648624
2026-09-20T05:17:23.8048743-07:00,75532,2026-09-20T03:55:06.2601604-07:00,5.030407,5.648624
2026-09-20T05:17:25.8391230-07:00,75532,2026-09-20T03:55:06.2601604-07:00,5.167309,5.648624
2026-09-20T05:17:27.8652608-07:00,75532,2026-09-20T03:55:06.2601604-07:00,5.085377,5.648624
2026-09-20T05:17:29.8986835-07:00,75532,2026-09-20T03:55:06.2601604-07:00,5.141132,5.648624
2026-09-20T05:17:31.9201182-07:00,75532,2026-09-20T03:55:06.2601604-07:00,5.196476,5.648624
2026-09-20T05:17:33.9656249-07:00,75532,2026-09-20T03:55:06.2601604-07:00,5.360798,5.648624
2026-09-20T05:17:35.9898776-07:00,75532,2026-09-20T03:55:06.2601604-07:00,5.254215,5.648624
2026-09-20T05:17:38.0168622-07:00,75532,2026-09-20T03:55:06.2601604-07:00,5.330658,5.648624
2026-09-20T05:17:40.0392107-07:00,75532,2026-09-20T03:55:06.2601604-07:00,5.403046,5.648624
2026-09-20T05:17:42.0631406-07:00,75532,2026-09-20T03:55:06.2601604-07:00,5.570301,5.648624
2026-09-20T05:17:44.1019830-07:00,75532,2026-09-20T03:55:06.2601604-07:00,4.900295,5.648624
2026-09-20T05:17:46.1235599-07:00,75532,2026-09-20T03:55:06.2601604-07:00,4.955250,5.648624
2026-09-20T05:17:48.1479473-07:00,75532,2026-09-20T03:55:06.2601604-07:00,4.976997,5.648624
2026-09-20T05:17:50.1858893-07:00,75532,2026-09-20T03:55:06.2601604-07:00,5.072624,5.648624
2026-09-20T05:17:52.2079389-07:00,75532,2026-09-20T03:55:06.2601604-07:00,5.032688,5.648624
2026-09-20T05:17:54.2374884-07:00,75532,2026-09-20T03:55:06.2601604-07:00,5.087673,5.648624
2026-09-20T05:17:56.2648056-07:00,75532,2026-09-20T03:55:06.2601604-07:00,5.106487,5.648624
2026-09-20T05:17:58.2913966-07:00,75532,2026-09-20T03:55:06.2601604-07:00,5.196957,5.648624
2026-09-20T05:18:00.3277634-07:00,75532,2026-09-20T03:55:06.2601604-07:00,5.197666,5.648624
2026-09-20T05:18:02.3612774-07:00,75532,2026-09-20T03:55:06.2601604-07:00,5.252815,5.648624
2026-09-20T05:18:04.3869312-07:00,75532,2026-09-20T03:55:06.2601604-07:00,5.308174,5.648624
2026-09-20T05:18:06.4155003-07:00,75532,2026-09-20T03:55:06.2601604-07:00,5.403801,5.648624
2026-09-20T05:18:08.4312537-07:00,75532,2026-09-20T03:55:06.2601604-07:00,5.372738,5.648624
2026-09-20T05:18:10.4588432-07:00,75532,2026-09-20T03:55:06.2601604-07:00,5.443733,5.648624
2026-09-20T05:18:12.5083526-07:00,75532,2026-09-20T03:55:06.2601604-07:00,5.612389,5.648624
2026-09-20T05:18:14.5274567-07:00,75532,2026-09-20T03:55:06.2601604-07:00,3.406025,5.648624
2026-09-20T05:18:16.5572660-07:00,75532,2026-09-20T03:55:06.2601604-07:00,4.527695,5.648624
2026-09-20T05:18:18.5815298-07:00,75532,2026-09-20T03:55:06.2601604-07:00,5.285095,5.648624
2026-09-20T05:18:20.6054711-07:00,75532,2026-09-20T03:55:06.2601604-07:00,5.318645,5.648624
2026-09-20T05:18:22.6334437-07:00,75532,2026-09-20T03:55:06.2601604-07:00,5.455536,5.648624
2026-09-20T05:18:24.6534639-07:00,75532,2026-09-20T03:55:06.2601604-07:00,4.876179,5.648624
2026-09-20T05:18:26.6667921-07:00,75532,2026-09-20T03:55:06.2601604-07:00,4.897594,5.648624
2026-09-20T05:18:28.6855731-07:00,75532,2026-09-20T03:55:06.2601604-07:00,5.096943,5.648624
2026-09-20T05:18:30.7015479-07:00,75532,2026-09-20T03:55:06.2601604-07:00,4.919006,5.648624
2026-09-20T05:18:32.7325792-07:00,75532,2026-09-20T03:55:06.2601604-07:00,4.973946,5.648624
2026-09-20T05:18:34.7598214-07:00,75532,2026-09-20T03:55:06.2601604-07:00,5.028889,5.648624
2026-09-20T05:18:36.7886662-07:00,75532,2026-09-20T03:55:06.2601604-07:00,4.666508,5.648624
2026-09-20T05:18:38.8193432-07:00,75532,2026-09-20T03:55:06.2601604-07:00,5.138199,5.648624
2026-09-20T05:18:40.8519736-07:00,75532,2026-09-20T03:55:06.2601604-07:00,5.138847,5.648624
2026-09-20T05:18:42.8678833-07:00,75532,2026-09-20T03:55:06.2601604-07:00,5.194332,5.648624
2026-09-20T05:18:44.8961193-07:00,75532,2026-09-20T03:55:06.2601604-07:00,5.159538,5.648624
2026-09-20T05:18:46.9119312-07:00,75532,2026-09-20T03:55:06.2601604-07:00,5.306129,5.648624
2026-09-20T05:18:48.9348416-07:00,75532,2026-09-20T03:55:06.2601604-07:00,5.325478,5.648624
2026-09-20T05:18:50.9716215-07:00,75532,2026-09-20T03:55:06.2601604-07:00,5.397282,5.648624
2026-09-20T05:18:53.0000342-07:00,75532,2026-09-20T03:55:06.2601604-07:00,5.566189,5.648624
2026-09-20T05:18:55.0167833-07:00,75532,2026-09-20T03:55:06.2601604-07:00,4.900433,5.648624
2026-09-20T05:18:57.0369092-07:00,75532,2026-09-20T03:55:06.2601604-07:00,4.955318,5.648624
2026-09-20T05:18:59.0628429-07:00,75532,2026-09-20T03:55:06.2601604-07:00,4.808331,5.648624
2026-09-20T05:19:01.1073906-07:00,75532,2026-09-20T03:55:06.2601604-07:00,5.026005,5.648624
2026-09-20T05:19:03.1246290-07:00,75532,2026-09-20T03:55:06.2601604-07:00,5.031548,5.648624
2026-09-20T05:19:05.1414923-07:00,75532,2026-09-20T03:55:06.2601604-07:00,5.086449,5.648624
2026-09-20T05:19:07.1764309-07:00,75532,2026-09-20T03:55:06.2601604-07:00,4.510201,5.648624
2026-09-20T05:19:09.2148553-07:00,75532,2026-09-20T03:55:06.2601604-07:00,5.195660,5.648624
2026-09-20T05:19:11.2355860-07:00,75532,2026-09-20T03:55:06.2601604-07:00,5.196316,5.648624
2026-09-20T05:19:13.2494843-07:00,75532,2026-09-20T03:55:06.2601604-07:00,5.251270,5.648624
2026-09-20T05:19:15.2683485-07:00,75532,2026-09-20T03:55:06.2601604-07:00,5.306320,5.648624
2026-09-20T05:19:17.2936909-07:00,75532,2026-09-20T03:55:06.2601604-07:00,5.432980,5.648624
2026-09-20T05:19:19.3234688-07:00,75532,2026-09-20T03:55:06.2601604-07:00,5.371994,5.648624
2026-09-20T05:19:21.3438940-07:00,75532,2026-09-20T03:55:06.2601604-07:00,5.445229,5.648624
2026-09-20T05:19:23.3651931-07:00,75532,2026-09-20T03:55:06.2601604-07:00,5.611107,5.648624
2026-09-20T05:19:25.3813139-07:00,75532,2026-09-20T03:55:06.2601604-07:00,3.433880,5.648624
2026-09-20T05:19:27.4061412-07:00,75532,2026-09-20T03:55:06.2601604-07:00,4.626572,5.648624
2026-09-20T05:19:29.4407906-07:00,75532,2026-09-20T03:55:06.2601604-07:00,5.289883,5.648624
2026-09-20T05:19:31.4617236-07:00,75532,2026-09-20T03:55:06.2601604-07:00,5.322613,5.648624
2026-09-20T05:19:33.4856271-07:00,75532,2026-09-20T03:55:06.2601604-07:00,5.473164,5.648624
2026-09-20T05:19:35.5145355-07:00,75532,2026-09-20T03:55:06.2601604-07:00,4.876141,5.648624
2026-09-20T05:19:37.5465609-07:00,75532,2026-09-20T03:55:06.2601604-07:00,4.897537,5.648624
2026-09-20T05:19:39.5651798-07:00,75532,2026-09-20T03:55:06.2601604-07:00,4.918930,5.648624
2026-09-20T05:19:41.5865654-07:00,75532,2026-09-20T03:55:06.2601604-07:00,5.055820,5.648624
2026-09-20T05:19:43.6134040-07:00,75532,2026-09-20T03:55:06.2601604-07:00,4.973873,5.648624
2026-09-20T05:19:45.6263726-07:00,75532,2026-09-20T03:55:06.2601604-07:00,5.028812,5.648624
2026-09-20T05:19:47.6617550-07:00,75532,2026-09-20T03:55:06.2601604-07:00,5.083748,5.648624
2026-09-20T05:19:49.6850285-07:00,75532,2026-09-20T03:55:06.2601604-07:00,4.615376,5.648624
2026-09-20T05:19:51.7021587-07:00,75532,2026-09-20T03:55:06.2601604-07:00,5.138752,5.648624
2026-09-20T05:19:53.7173586-07:00,75532,2026-09-20T03:55:06.2601604-07:00,5.193893,5.648624
2026-09-20T05:19:55.7519398-07:00,75532,2026-09-20T03:55:06.2601604-07:00,5.252441,5.648624
2026-09-20T05:19:57.7790295-07:00,75532,2026-09-20T03:55:06.2601604-07:00,4.636505,5.648624
2026-09-20T05:19:59.7979678-07:00,75532,2026-09-20T03:55:06.2601604-07:00,5.326015,5.648624
2026-09-20T05:20:01.8258564-07:00,75532,2026-09-20T03:55:06.2601604-07:00,5.402122,5.648624
2026-09-20T05:20:03.8479010-07:00,75532,2026-09-20T03:55:06.2601604-07:00,4.905136,5.648624
2026-09-20T05:20:05.9103328-07:00,75532,2026-09-20T03:55:06.2601604-07:00,5.003632,5.648624
2026-09-20T05:20:07.9441100-07:00,75532,2026-09-20T03:55:06.2601604-07:00,4.960728,5.648624
2026-09-20T05:20:09.9666620-07:00,75532,2026-09-20T03:55:06.2601604-07:00,4.982933,5.648624
2026-09-20T05:20:11.9897864-07:00,75532,2026-09-20T03:55:06.2601604-07:00,5.037941,5.648624
2026-09-20T05:20:14.0208396-07:00,75532,2026-09-20T03:55:06.2601604-07:00,5.164589,5.648624
2026-09-20T05:20:16.0497032-07:00,75532,2026-09-20T03:55:06.2601604-07:00,5.092842,5.648624
2026-09-20T05:20:18.0677357-07:00,75532,2026-09-20T03:55:06.2601604-07:00,5.147755,5.648624
2026-09-20T05:20:20.0893490-07:00,75532,2026-09-20T03:55:06.2601604-07:00,5.202679,5.648624
2026-09-20T05:20:22.1052371-07:00,75532,2026-09-20T03:55:06.2601604-07:00,5.339577,5.648624
2026-09-20T05:20:24.1349261-07:00,75532,2026-09-20T03:55:06.2601604-07:00,5.257618,5.648624
2026-09-20T05:20:26.1650683-07:00,75532,2026-09-20T03:55:06.2601604-07:00,5.312656,5.648624
2026-09-20T05:20:28.1897644-07:00,75532,2026-09-20T03:55:06.2601604-07:00,5.372082,5.648624
2026-09-20T05:20:30.2101024-07:00,75532,2026-09-20T03:55:06.2601604-07:00,5.528545,5.648624
2026-09-20T05:20:32.2318501-07:00,75532,2026-09-20T03:55:06.2601604-07:00,5.444885,5.648624
2026-09-20T05:20:34.2591390-07:00,75532,2026-09-20T03:55:06.2601604-07:00,3.466022,5.648624
2026-09-20T05:20:36.2769393-07:00,75532,2026-09-20T03:55:06.2601604-07:00,3.377449,5.648624
2026-09-20T05:20:38.2919774-07:00,75532,2026-09-20T03:55:06.2601604-07:00,5.323681,5.648624
2026-09-20T05:20:40.3122808-07:00,75532,2026-09-20T03:55:06.2601604-07:00,5.331474,5.648624
2026-09-20T05:20:42.3397549-07:00,75532,2026-09-20T03:55:06.2601604-07:00,4.892681,5.648624
2026-09-20T05:20:44.3614394-07:00,75532,2026-09-20T03:55:06.2601604-07:00,4.947620,5.648624
2026-09-20T05:20:46.3794762-07:00,75532,2026-09-20T03:55:06.2601604-07:00,5.084511,5.648624
2026-09-20T05:20:48.4059126-07:00,75532,2026-09-20T03:55:06.2601604-07:00,4.969017,5.648624
2026-09-20T05:20:50.4250666-07:00,75532,2026-09-20T03:55:06.2601604-07:00,5.024044,5.648624
2026-09-20T05:20:52.4532941-07:00,75532,2026-09-20T03:55:06.2601604-07:00,5.078976,5.648624
2026-09-20T05:20:54.4821029-07:00,75532,2026-09-20T03:55:06.2601604-07:00,5.213341,5.648624
2026-09-20T05:20:56.5045243-07:00,75532,2026-09-20T03:55:06.2601604-07:00,5.133904,5.648624
2026-09-20T05:20:58.5255004-07:00,75532,2026-09-20T03:55:06.2601604-07:00,5.188820,5.648624
2026-09-20T05:21:00.5420669-07:00,75532,2026-09-20T03:55:06.2601604-07:00,5.244091,5.648624
2026-09-20T05:21:02.5820860-07:00,75532,2026-09-20T03:55:06.2601604-07:00,5.298378,5.648624
2026-09-20T05:21:04.6097165-07:00,75532,2026-09-20T03:55:06.2601604-07:00,5.299545,5.648624
2026-09-20T05:21:06.6313833-07:00,75532,2026-09-20T03:55:06.2601604-07:00,5.374752,5.648624
2026-09-20T05:21:08.6507475-07:00,75532,2026-09-20T03:55:06.2601604-07:00,5.448967,5.648624
2026-09-20T05:21:10.6892386-07:00,75532,2026-09-20T03:55:06.2601604-07:00,5.544594,5.648624
2026-09-20T05:21:12.7240083-07:00,75532,2026-09-20T03:55:06.2601604-07:00,4.920723,5.688545
2026-09-20T05:21:14.7449605-07:00,75532,2026-09-20T03:55:06.2601604-07:00,4.975689,5.688545
2026-09-20T05:21:16.7632309-07:00,75532,2026-09-20T03:55:06.2601604-07:00,4.266975,5.688545
2026-09-20T05:21:18.7797830-07:00,75532,2026-09-20T03:55:06.2601604-07:00,4.997013,5.688545
2026-09-20T05:21:20.8128404-07:00,75532,2026-09-20T03:55:06.2601604-07:00,5.051880,5.688545
2026-09-20T05:21:22.8317090-07:00,75532,2026-09-20T03:55:06.2601604-07:00,5.106750,5.688545
2026-09-20T05:21:24.8751328-07:00,75532,2026-09-20T03:55:06.2601604-07:00,4.928795,5.688545
2026-09-20T05:21:26.8896755-07:00,75532,2026-09-20T03:55:06.2601604-07:00,5.215923,5.688545
2026-09-20T05:21:28.9063661-07:00,75532,2026-09-20T03:55:06.2601604-07:00,5.216541,5.688545
2026-09-20T05:21:30.9520393-07:00,75532,2026-09-20T03:55:06.2601604-07:00,5.271461,5.688545
2026-09-20T05:21:32.9841378-07:00,75532,2026-09-20T03:55:06.2601604-07:00,5.302917,5.688545
2026-09-20T05:21:35.0169458-07:00,75532,2026-09-20T03:55:06.2601604-07:00,5.422062,5.688545
2026-09-20T05:21:37.0418315-07:00,75532,2026-09-20T03:55:06.2601604-07:00,5.381512,5.688545
2026-09-20T05:21:39.0594630-07:00,75532,2026-09-20T03:55:06.2601604-07:00,5.458614,5.688545
2026-09-20T05:21:41.0815007-07:00,75532,2026-09-20T03:55:06.2601604-07:00,5.658302,5.690468
2026-09-20T05:21:43.1019775-07:00,75532,2026-09-20T03:55:06.2601604-07:00,4.910965,5.690468
2026-09-20T05:21:45.1314995-07:00,75532,2026-09-20T03:55:06.2601604-07:00,5.464397,5.690468
2026-09-20T05:21:47.1413709-07:00,75532,2026-09-20T03:55:06.2601604-07:00,6.139408,6.139408
2026-09-20T05:21:49.1813384-07:00,75532,2026-09-20T03:55:06.2601604-07:00,4.900112,6.334503
2026-09-20T05:21:51.1953248-07:00,75532,2026-09-20T03:55:06.2601604-07:00,5.063068,6.334503
2026-09-20T05:21:53.2155997-07:00,75532,2026-09-20T03:55:06.2601604-07:00,4.955051,6.334503
2026-09-20T05:21:55.2344478-07:00,75532,2026-09-20T03:55:06.2601604-07:00,4.976448,6.334503
2026-09-20T05:21:57.2717831-07:00,75532,2026-09-20T03:55:06.2601604-07:00,5.031391,6.334503
2026-09-20T05:21:59.3114004-07:00,75532,2026-09-20T03:55:06.2601604-07:00,4.360447,6.334503
2026-09-20T05:22:01.3321970-07:00,75532,2026-09-20T03:55:06.2601604-07:00,5.086323,6.334503
2026-09-20T05:22:03.3536667-07:00,75532,2026-09-20T03:55:06.2601604-07:00,5.141258,6.334503
2026-09-20T05:22:05.3679486-07:00,75532,2026-09-20T03:55:06.2601604-07:00,5.196262,6.334503
2026-09-20T05:22:07.3900362-07:00,75532,2026-09-20T03:55:06.2601604-07:00,5.333153,6.334503
2026-09-20T05:22:09.4304794-07:00,75532,2026-09-20T03:55:06.2601604-07:00,5.251183,6.334503
2026-09-20T05:22:11.4471917-07:00,75532,2026-09-20T03:55:06.2601604-07:00,5.306637,6.334503
2026-09-20T05:22:13.4753106-07:00,75532,2026-09-20T03:55:06.2601604-07:00,5.379688,6.334503
2026-09-20T05:22:15.4918932-07:00,75532,2026-09-20T03:55:06.2601604-07:00,5.525810,6.334503
2026-09-20T05:22:17.5367995-07:00,75532,2026-09-20T03:55:06.2601604-07:00,5.453278,6.334503
2026-09-20T05:22:19.5621098-07:00,75532,2026-09-20T03:55:06.2601604-07:00,4.923538,6.334503
2026-09-20T05:22:21.5838520-07:00,75532,2026-09-20T03:55:06.2601604-07:00,5.122845,6.334503
2026-09-20T05:22:23.6154039-07:00,75532,2026-09-20T03:55:06.2601604-07:00,4.978413,6.334503
2026-09-20T05:22:25.6317616-07:00,75532,2026-09-20T03:55:06.2601604-07:00,4.999737,6.334503
2026-09-20T05:22:27.6700818-07:00,75532,2026-09-20T03:55:06.2601604-07:00,5.054604,6.334503
2026-09-20T05:22:29.6820105-07:00,75532,2026-09-20T03:55:06.2601604-07:00,4.420765,6.334503
2026-09-20T05:22:31.7058602-07:00,75532,2026-09-20T03:55:06.2601604-07:00,5.109558,6.334503
2026-09-20T05:22:33.7219696-07:00,75532,2026-09-20T03:55:06.2601604-07:00,5.164444,6.334503
2026-09-20T05:22:35.7593362-07:00,75532,2026-09-20T03:55:06.2601604-07:00,5.219349,6.334503
2026-09-20T05:22:37.7919561-07:00,75532,2026-09-20T03:55:06.2601604-07:00,4.787857,6.334503
2026-09-20T05:22:39.8017142-07:00,75532,2026-09-20T03:55:06.2601604-07:00,5.328556,6.334503
2026-09-20T05:22:41.8220243-07:00,75532,2026-09-20T03:55:06.2601604-07:00,5.329548,6.334503
2026-09-20T05:22:43.8519775-07:00,75532,2026-09-20T03:55:06.2601604-07:00,5.384491,6.334503
2026-09-20T05:22:45.8990604-07:00,75532,2026-09-20T03:55:06.2601604-07:00,5.462170,6.334503
2026-09-20T05:22:47.9322262-07:00,75532,2026-09-20T03:55:06.2601604-07:00,5.604820,6.334503
2026-09-20T05:22:49.9519494-07:00,75532,2026-09-20T03:55:06.2601604-07:00,4.925835,6.334503
2026-09-20T05:22:51.9678370-07:00,75532,2026-09-20T03:55:06.2601604-07:00,4.214706,6.334503
2026-09-20T05:22:53.9956101-07:00,75532,2026-09-20T03:55:06.2601604-07:00,4.654015,6.334503
2026-09-20T05:22:56.0219780-07:00,75532,2026-09-20T03:55:06.2601604-07:00,6.150612,6.334503
2026-09-20T05:22:58.0536717-07:00,75532,2026-09-20T03:55:06.2601604-07:00,6.278522,6.334503
2026-09-20T05:23:00.0719571-07:00,75532,2026-09-20T03:55:06.2601604-07:00,4.903576,6.344383
2026-09-20T05:23:02.0917107-07:00,75532,2026-09-20T03:55:06.2601604-07:00,4.958450,6.344383
2026-09-20T05:23:04.1219401-07:00,75532,2026-09-20T03:55:06.2601604-07:00,4.290985,6.344383
2026-09-20T05:23:06.1517528-07:00,75532,2026-09-20T03:55:06.2601604-07:00,4.979782,6.344383
2026-09-20T05:23:08.1719334-07:00,75532,2026-09-20T03:55:06.2601604-07:00,5.034653,6.344383
2026-09-20T05:23:10.2066965-07:00,75532,2026-09-20T03:55:06.2601604-07:00,5.089523,6.344383
2026-09-20T05:23:12.2214952-07:00,75532,2026-09-20T03:55:06.2601604-07:00,4.418148,6.344383
2026-09-20T05:23:14.2519832-07:00,75532,2026-09-20T03:55:06.2601604-07:00,5.144398,6.344383
2026-09-20T05:23:16.2888251-07:00,75532,2026-09-20T03:55:06.2601604-07:00,5.199272,6.344383
2026-09-20T05:23:18.3177397-07:00,75532,2026-09-20T03:55:06.2601604-07:00,5.254154,6.344383
2026-09-20T05:23:20.3471285-07:00,75532,2026-09-20T03:55:06.2601604-07:00,4.721458,6.344383
2026-09-20T05:23:22.3785060-07:00,75532,2026-09-20T03:55:06.2601604-07:00,5.347813,6.344383
2026-09-20T05:23:24.4272624-07:00,75532,2026-09-20T03:55:06.2601604-07:00,5.380390,6.344383
2026-09-20T05:23:26.4449516-07:00,75532,2026-09-20T03:55:06.2601604-07:00,5.453762,6.344383
2026-09-20T05:23:28.4600705-07:00,75532,2026-09-20T03:55:06.2601604-07:00,5.661400,6.344383
2026-09-20T05:23:30.4797603-07:00,75532,2026-09-20T03:55:06.2601604-07:00,4.919907,6.344383
2026-09-20T05:23:32.5003454-07:00,75532,2026-09-20T03:55:06.2601604-07:00,4.974789,6.344383
2026-09-20T05:23:34.5375168-07:00,75532,2026-09-20T03:55:06.2601604-07:00,4.996441,6.344383
2026-09-20T05:23:36.5540814-07:00,75532,2026-09-20T03:55:06.2601604-07:00,4.362522,6.344383
2026-09-20T05:23:38.5767897-07:00,75532,2026-09-20T03:55:06.2601604-07:00,5.051338,6.344383
2026-09-20T05:23:40.5993659-07:00,75532,2026-09-20T03:55:06.2601604-07:00,5.106472,6.344383
2026-09-20T05:23:42.6232496-07:00,75532,2026-09-20T03:55:06.2601604-07:00,5.161377,6.344383
2026-09-20T05:23:44.6563993-07:00,75532,2026-09-20T03:55:06.2601604-07:00,4.990726,6.344383
2026-09-20T05:23:46.6735818-07:00,75532,2026-09-20T03:55:06.2601604-07:00,5.262814,6.344383
2026-09-20T05:23:48.6958622-07:00,75532,2026-09-20T03:55:06.2601604-07:00,5.271164,6.344383
2026-09-20T05:23:50.7150348-07:00,75532,2026-09-20T03:55:06.2601604-07:00,5.326035,6.344383
2026-09-20T05:23:52.7458936-07:00,75532,2026-09-20T03:55:06.2601604-07:00,5.489559,6.344383
2026-09-20T05:23:54.7671521-07:00,75532,2026-09-20T03:55:06.2601604-07:00,5.381504,6.344383
2026-09-20T05:23:56.7962401-07:00,75532,2026-09-20T03:55:06.2601604-07:00,5.460495,6.344383
2026-09-20T05:23:58.8303544-07:00,75532,2026-09-20T03:55:06.2601604-07:00,4.345730,6.344383
2026-09-20T05:24:00.8614700-07:00,75532,2026-09-20T03:55:06.2601604-07:00,4.924099,6.344383
2026-09-20T05:24:02.8927119-07:00,75532,2026-09-20T03:55:06.2601604-07:00,4.240910,6.344383
2026-09-20T05:24:04.9114621-07:00,75532,2026-09-20T03:55:06.2601604-07:00,5.066788,6.344383
2026-09-20T05:24:06.9296484-07:00,75532,2026-09-20T03:55:06.2601604-07:00,6.147964,6.344383
2026-09-20T05:24:08.9619368-07:00,75532,2026-09-20T03:55:06.2601604-07:00,6.269348,6.344383
2026-09-20T05:24:10.9872840-07:00,75532,2026-09-20T03:55:06.2601604-07:00,4.906792,6.344383
2026-09-20T05:24:13.0148343-07:00,75532,2026-09-20T03:55:06.2601604-07:00,4.961781,6.344383
2026-09-20T05:24:15.0318481-07:00,75532,2026-09-20T03:55:06.2601604-07:00,5.098671,6.344383
2026-09-20T05:24:17.0520001-07:00,75532,2026-09-20T03:55:06.2601604-07:00,4.983131,6.344383
2026-09-20T05:24:19.0634705-07:00,75532,2026-09-20T03:55:06.2601604-07:00,5.038033,6.344383
2026-09-20T05:24:21.1018358-07:00,75532,2026-09-20T03:55:06.2601604-07:00,5.092926,6.344383
2026-09-20T05:24:23.1164540-07:00,75532,2026-09-20T03:55:06.2601604-07:00,4.422657,6.344383
2026-09-20T05:24:25.1472285-07:00,75532,2026-09-20T03:55:06.2601604-07:00,5.147823,6.344383
2026-09-20T05:24:27.1720543-07:00,75532,2026-09-20T03:55:06.2601604-07:00,5.202705,6.344383
2026-09-20T05:24:29.1920923-07:00,75532,2026-09-20T03:55:06.2601604-07:00,5.257610,6.344383
2026-09-20T05:24:31.2249019-07:00,75532,2026-09-20T03:55:06.2601604-07:00,4.623787,6.344383
2026-09-20T05:24:33.2491740-07:00,75532,2026-09-20T03:55:06.2601604-07:00,5.312599,6.344383
2026-09-20T05:24:35.2816717-07:00,75532,2026-09-20T03:55:06.2601604-07:00,5.382168,6.344383
2026-09-20T05:24:37.3004277-07:00,75532,2026-09-20T03:55:06.2601604-07:00,5.457054,6.344383
2026-09-20T05:24:39.3283100-07:00,75532,2026-09-20T03:55:06.2601604-07:00,5.663292,6.344383
2026-09-20T05:24:41.3592715-07:00,75532,2026-09-20T03:55:06.2601604-07:00,4.927040,6.344383
2026-09-20T05:24:43.3920586-07:00,75532,2026-09-20T03:55:06.2601604-07:00,4.981953,6.344383
2026-09-20T05:24:45.4117793-07:00,75532,2026-09-20T03:55:06.2601604-07:00,5.003326,6.344383
2026-09-20T05:24:47.4362442-07:00,75532,2026-09-20T03:55:06.2601604-07:00,4.369541,6.344383
2026-09-20T05:24:49.4839966-07:00,75532,2026-09-20T03:55:06.2601604-07:00,5.058372,6.344383
2026-09-20T05:24:51.5120800-07:00,75532,2026-09-20T03:55:06.2601604-07:00,5.113316,6.344383
2026-09-20T05:24:53.5276021-07:00,75532,2026-09-20T03:55:06.2601604-07:00,5.168343,6.344383
2026-09-20T05:24:55.5419499-07:00,75532,2026-09-20T03:55:06.2601604-07:00,4.940723,6.344383
2026-09-20T05:24:57.5784462-07:00,75532,2026-09-20T03:55:06.2601604-07:00,5.277576,6.344383
2026-09-20T05:24:59.6118252-07:00,75532,2026-09-20T03:55:06.2601604-07:00,5.278236,6.344383
2026-09-20T05:25:01.6382970-07:00,75532,2026-09-20T03:55:06.2601604-07:00,5.333145,6.344383
2026-09-20T05:25:03.6561902-07:00,75532,2026-09-20T03:55:06.2601604-07:00,5.388065,6.344383
2026-09-20T05:25:05.6790352-07:00,75532,2026-09-20T03:55:06.2601604-07:00,5.442352,6.344383
2026-09-20T05:25:07.6990267-07:00,75532,2026-09-20T03:55:06.2601604-07:00,5.462921,6.344383
2026-09-20T05:25:09.7318906-07:00,75532,2026-09-20T03:55:06.2601604-07:00,4.923431,6.344383
2026-09-20T05:25:11.7532528-07:00,75532,2026-09-20T03:55:06.2601604-07:00,4.970280,6.344383
2026-09-20T05:25:13.7784799-07:00,75532,2026-09-20T03:55:06.2601604-07:00,4.207153,6.344383
2026-09-20T05:25:15.8018820-07:00,75532,2026-09-20T03:55:06.2601604-07:00,4.707138,6.344383
2026-09-20T05:25:17.8276128-07:00,75532,2026-09-20T03:55:06.2601604-07:00,6.148190,6.344383
2026-09-20T05:25:19.8701449-07:00,75532,2026-09-20T03:55:06.2601604-07:00,6.283237,6.344383
2026-09-20T05:25:21.9001852-07:00,75532,2026-09-20T03:55:06.2601604-07:00,4.904224,6.344383
2026-09-20T05:25:23.9224691-07:00,75532,2026-09-20T03:55:06.2601604-07:00,4.959129,6.344383
2026-09-20T05:25:25.9480016-07:00,75532,2026-09-20T03:55:06.2601604-07:00,4.980572,6.344383
2026-09-20T05:25:27.9762777-07:00,75532,2026-09-20T03:55:06.2601604-07:00,4.342701,6.344383
2026-09-20T05:25:30.0086840-07:00,75532,2026-09-20T03:55:06.2601604-07:00,5.035477,6.344383
2026-09-20T05:25:32.0222780-07:00,75532,2026-09-20T03:55:06.2601604-07:00,5.090607,6.344383
2026-09-20T05:25:34.0522459-07:00,75532,2026-09-20T03:55:06.2601604-07:00,5.145817,6.344383
2026-09-20T05:25:36.0719042-07:00,75532,2026-09-20T03:55:06.2601604-07:00,5.200722,6.344383
2026-09-20T05:25:38.1219619-07:00,75532,2026-09-20T03:55:06.2601604-07:00,5.295975,6.344383
2026-09-20T05:25:40.1418461-07:00,75532,2026-09-20T03:55:06.2601604-07:00,5.255623,6.344383
2026-09-20T05:25:42.1659695-07:00,75532,2026-09-20T03:55:06.2601604-07:00,5.310928,6.344383
2026-09-20T05:25:44.1820515-07:00,75532,2026-09-20T03:55:06.2601604-07:00,5.383244,6.344383
2026-09-20T05:25:46.2118148-07:00,75532,2026-09-20T03:55:06.2601604-07:00,5.564217,6.344383
2026-09-20T05:25:48.2418964-07:00,75532,2026-09-20T03:55:06.2601604-07:00,5.457157,6.344383
2026-09-20T05:25:50.2768315-07:00,75532,2026-09-20T03:55:06.2601604-07:00,4.936234,6.344383
2026-09-20T05:25:52.3008253-07:00,75532,2026-09-20T03:55:06.2601604-07:00,4.557461,6.344383
2026-09-20T05:25:54.3286637-07:00,75532,2026-09-20T03:55:06.2601604-07:00,5.045467,6.344383
2026-09-20T05:25:56.3651448-07:00,75532,2026-09-20T03:55:06.2601604-07:00,5.012619,6.344383
2026-09-20T05:25:58.3892943-07:00,75532,2026-09-20T03:55:06.2601604-07:00,5.067635,6.344383
2026-09-20T05:26:00.4052584-07:00,75532,2026-09-20T03:55:06.2601604-07:00,5.041977,6.344383
2026-09-20T05:26:02.4293639-07:00,75532,2026-09-20T03:55:06.2601604-07:00,5.176941,6.344383
2026-09-20T05:26:04.4542245-07:00,75532,2026-09-20T03:55:06.2601604-07:00,5.177670,6.344383
2026-09-20T05:26:06.5100583-07:00,75532,2026-09-20T03:55:06.2601604-07:00,5.232685,6.344383
2026-09-20T05:26:08.5416517-07:00,75532,2026-09-20T03:55:06.2601604-07:00,5.218098,6.344383
2026-09-20T05:26:10.5796133-07:00,75532,2026-09-20T03:55:06.2601604-07:00,5.367771,6.344383
2026-09-20T05:26:12.6149752-07:00,75532,2026-09-20T03:55:06.2601604-07:00,5.342655,6.344383
2026-09-20T05:26:14.6374328-07:00,75532,2026-09-20T03:55:06.2601604-07:00,5.397675,6.344383
2026-09-20T05:26:16.6740792-07:00,75532,2026-09-20T03:55:06.2601604-07:00,5.465553,6.344383
2026-09-20T05:26:18.7024065-07:00,75532,2026-09-20T03:55:06.2601604-07:00,5.599171,6.344383
2026-09-20T05:26:20.7161959-07:00,75532,2026-09-20T03:55:06.2601604-07:00,4.922409,6.344383
2026-09-20T05:26:22.7578510-07:00,75532,2026-09-20T03:55:06.2601604-07:00,5.009514,6.344383
2026-09-20T05:26:24.7959320-07:00,75532,2026-09-20T03:55:06.2601604-07:00,6.146202,6.344383
2026-09-20T05:26:26.8269983-07:00,75532,2026-09-20T03:55:06.2601604-07:00,4.194778,6.344383
2026-09-20T05:26:28.8579552-07:00,75532,2026-09-20T03:55:06.2601604-07:00,4.918297,6.344383
2026-09-20T05:26:30.8769924-07:00,75532,2026-09-20T03:55:06.2601604-07:00,4.961193,6.344383
2026-09-20T05:26:32.9107906-07:00,75532,2026-09-20T03:55:06.2601604-07:00,4.982552,6.344383
2026-09-20T05:26:34.9569884-07:00,75532,2026-09-20T03:55:06.2601604-07:00,5.037457,6.344383
2026-09-20T05:26:36.9819434-07:00,75532,2026-09-20T03:55:06.2601604-07:00,5.174351,6.344383
2026-09-20T05:26:39.0100471-07:00,75532,2026-09-20T03:55:06.2601604-07:00,5.092361,6.344383
2026-09-20T05:26:41.0270553-07:00,75532,2026-09-20T03:55:06.2601604-07:00,5.147247,6.344383
2026-09-20T05:26:43.0651831-07:00,75532,2026-09-20T03:55:06.2601604-07:00,5.202164,6.344383
2026-09-20T05:26:45.1018620-07:00,75532,2026-09-20T03:55:06.2601604-07:00,5.365128,6.344383
2026-09-20T05:26:47.1319255-07:00,75532,2026-09-20T03:55:06.2601604-07:00,5.257069,6.344383
2026-09-20T05:26:49.1556833-07:00,75532,2026-09-20T03:55:06.2601604-07:00,5.311970,6.344383
2026-09-20T05:26:51.1679294-07:00,75532,2026-09-20T03:55:06.2601604-07:00,5.385056,6.344383
2026-09-20T05:26:53.1922261-07:00,75532,2026-09-20T03:55:06.2601604-07:00,4.770901,6.344383
2026-09-20T05:26:55.2215943-07:00,75532,2026-09-20T03:55:06.2601604-07:00,5.458351,6.344383
2026-09-20T05:26:57.2422060-07:00,75532,2026-09-20T03:55:06.2601604-07:00,4.931850,6.344383
2026-09-20T05:26:59.2674959-07:00,75532,2026-09-20T03:55:06.2601604-07:00,4.986797,6.344383
2026-09-20T05:27:01.2899871-07:00,75532,2026-09-20T03:55:06.2601604-07:00,5.123692,6.344383
2026-09-20T05:27:03.3258910-07:00,75532,2026-09-20T03:55:06.2601604-07:00,5.008240,6.344383
2026-09-20T05:27:05.3558980-07:00,75532,2026-09-20T03:55:06.2601604-07:00,5.063255,6.344383
2026-09-20T05:27:07.3862665-07:00,75532,2026-09-20T03:55:06.2601604-07:00,5.118271,6.344383
2026-09-20T05:27:09.4084815-07:00,75532,2026-09-20T03:55:06.2601604-07:00,4.461208,6.344383
2026-09-20T05:27:11.4417291-07:00,75532,2026-09-20T03:55:06.2601604-07:00,5.226181,6.344383
2026-09-20T05:27:13.4836761-07:00,75532,2026-09-20T03:55:06.2601604-07:00,5.228302,6.344383
2026-09-20T05:27:15.5033791-07:00,75532,2026-09-20T03:55:06.2601604-07:00,5.283310,6.344383
2026-09-20T05:27:17.5318862-07:00,75532,2026-09-20T03:55:06.2601604-07:00,5.338272,6.344383
2026-09-20T05:27:19.5583071-07:00,75532,2026-09-20T03:55:06.2601604-07:00,5.457130,6.344383
2026-09-20T05:27:21.5779251-07:00,75532,2026-09-20T03:55:06.2601604-07:00,5.393368,6.344383
2026-09-20T05:27:23.6219878-07:00,75532,2026-09-20T03:55:06.2601604-07:00,5.468304,6.344383
2026-09-20T05:27:25.6483817-07:00,75532,2026-09-20T03:55:06.2601604-07:00,5.668587,6.344383
2026-09-20T05:27:27.6792189-07:00,75532,2026-09-20T03:55:06.2601604-07:00,4.938126,6.344383
2026-09-20T05:27:29.7044565-07:00,75532,2026-09-20T03:55:06.2601604-07:00,4.221832,6.344383
2026-09-20T05:27:31.7379669-07:00,75532,2026-09-20T03:55:06.2601604-07:00,5.081470,6.344383
2026-09-20T05:27:33.7702579-07:00,75532,2026-09-20T03:55:06.2601604-07:00,6.162682,6.344383
2026-09-20T05:27:35.7940959-07:00,75532,2026-09-20T03:55:06.2601604-07:00,6.284061,6.344383
2026-09-20T05:27:37.8193811-07:00,75532,2026-09-20T03:55:06.2601604-07:00,4.915321,6.357166
2026-09-20T05:27:39.8461788-07:00,75532,2026-09-20T03:55:06.2601604-07:00,4.970955,6.357166
2026-09-20T05:27:41.8829858-07:00,75532,2026-09-20T03:55:06.2601604-07:00,4.303509,6.357166
2026-09-20T05:27:43.9080814-07:00,75532,2026-09-20T03:55:06.2601604-07:00,5.015636,6.357166
2026-09-20T05:27:45.9296980-07:00,75532,2026-09-20T03:55:06.2601604-07:00,5.047249,6.357166
2026-09-20T05:27:47.9558477-07:00,75532,2026-09-20T03:55:06.2601604-07:00,5.102161,6.357166
2026-09-20T05:27:49.9784017-07:00,75532,2026-09-20T03:55:06.2601604-07:00,5.157070,6.357166
2026-09-20T05:27:52.0201336-07:00,75532,2026-09-20T03:55:06.2601604-07:00,5.293961,6.357166
2026-09-20T05:27:54.0488266-07:00,75532,2026-09-20T03:55:06.2601604-07:00,5.212055,6.357166
2026-09-20T05:27:56.0787713-07:00,75532,2026-09-20T03:55:06.2601604-07:00,5.266979,6.357166
2026-09-20T05:27:58.1094266-07:00,75532,2026-09-20T03:55:06.2601604-07:00,5.321911,6.357166
2026-09-20T05:28:00.1494871-07:00,75532,2026-09-20T03:55:06.2601604-07:00,5.458809,6.357166
2026-09-20T05:28:02.1789856-07:00,75532,2026-09-20T03:55:06.2601604-07:00,5.385891,6.357166
2026-09-20T05:28:04.2019185-07:00,75532,2026-09-20T03:55:06.2601604-07:00,5.458652,6.357166
2026-09-20T05:28:06.2197938-07:00,75532,2026-09-20T03:55:06.2601604-07:00,4.440643,6.357166
2026-09-20T05:28:08.2542607-07:00,75532,2026-09-20T03:55:06.2601604-07:00,4.966599,6.357166
2026-09-20T05:28:10.2899773-07:00,75532,2026-09-20T03:55:06.2601604-07:00,4.990097,6.357166
2026-09-20T05:28:12.3117511-07:00,75532,2026-09-20T03:55:06.2601604-07:00,5.012020,6.357166
2026-09-20T05:28:14.3421396-07:00,75532,2026-09-20T03:55:06.2601604-07:00,5.067345,6.357166
2026-09-20T05:28:16.3730743-07:00,75532,2026-09-20T03:55:06.2601604-07:00,5.162971,6.357166
2026-09-20T05:28:18.3901127-07:00,75532,2026-09-20T03:55:06.2601604-07:00,5.122669,6.357166
2026-09-20T05:28:20.4124239-07:00,75532,2026-09-20T03:55:06.2601604-07:00,5.177994,6.357166
2026-09-20T05:28:22.4319909-07:00,75532,2026-09-20T03:55:06.2601604-07:00,5.233315,6.357166
2026-09-20T05:28:24.4521925-07:00,75532,2026-09-20T03:55:06.2601604-07:00,5.370205,6.357166
2026-09-20T05:28:26.4667100-07:00,75532,2026-09-20T03:55:06.2601604-07:00,5.288635,6.357166
2026-09-20T05:28:28.5017745-07:00,75532,2026-09-20T03:55:06.2601604-07:00,5.343937,6.357166
2026-09-20T05:28:30.5205241-07:00,75532,2026-09-20T03:55:06.2601604-07:00,5.399063,6.357166
2026-09-20T05:28:32.5438267-07:00,75532,2026-09-20T03:55:06.2601604-07:00,4.981899,6.357166
2026-09-20T05:28:34.5605237-07:00,75532,2026-09-20T03:55:06.2601604-07:00,5.473251,6.357166
2026-09-20T05:28:36.5783391-07:00,75532,2026-09-20T03:55:06.2601604-07:00,4.939735,6.357166
2026-09-20T05:28:38.6247185-07:00,75532,2026-09-20T03:55:06.2601604-07:00,5.059586,6.357166
2026-09-20T05:28:40.6435716-07:00,75532,2026-09-20T03:55:06.2601604-07:00,4.227314,6.357166
2026-09-20T05:28:42.6734884-07:00,75532,2026-09-20T03:55:06.2601604-07:00,6.163380,6.357166
2026-09-20T05:28:44.7018947-07:00,75532,2026-09-20T03:55:06.2601604-07:00,6.171173,6.357166
2026-09-20T05:28:46.7231522-07:00,75532,2026-09-20T03:55:06.2601604-07:00,4.922768,6.357941
2026-09-20T05:28:48.7496166-07:00,75532,2026-09-20T03:55:06.2601604-07:00,4.519135,6.357941
2026-09-20T05:28:50.7817753-07:00,75532,2026-09-20T03:55:06.2601604-07:00,5.032017,6.357941
2026-09-20T05:28:52.8125043-07:00,75532,2026-09-20T03:55:06.2601604-07:00,4.999138,6.357941
2026-09-20T05:28:54.8383803-07:00,75532,2026-09-20T03:55:06.2601604-07:00,5.054077,6.357941
2026-09-20T05:28:56.8828296-07:00,75532,2026-09-20T03:55:06.2601604-07:00,5.109016,6.357941
2026-09-20T05:28:58.9129435-07:00,75532,2026-09-20T03:55:06.2601604-07:00,4.438744,6.357941
2026-09-20T05:29:00.9389944-07:00,75532,2026-09-20T03:55:06.2601604-07:00,5.163956,6.357941
2026-09-20T05:29:02.9650945-07:00,75532,2026-09-20T03:55:06.2601604-07:00,5.218914,6.357941
2026-09-20T05:29:04.9790567-07:00,75532,2026-09-20T03:55:06.2601604-07:00,5.273911,6.357941
2026-09-20T05:29:07.0079178-07:00,75532,2026-09-20T03:55:06.2601604-07:00,4.640240,6.357941
2026-09-20T05:29:09.0428634-07:00,75532,2026-09-20T03:55:06.2601604-07:00,5.383419,6.357941
2026-09-20T05:29:11.0674965-07:00,75532,2026-09-20T03:55:06.2601604-07:00,5.391548,6.357941
2026-09-20T05:29:13.0921526-07:00,75532,2026-09-20T03:55:06.2601604-07:00,5.467484,6.357941
2026-09-20T05:29:15.1221526-07:00,75532,2026-09-20T03:55:06.2601604-07:00,5.673615,6.357941
2026-09-20T05:29:17.1701339-07:00,75532,2026-09-20T03:55:06.2601604-07:00,4.947868,6.357941
2026-09-20T05:29:19.1975354-07:00,75532,2026-09-20T03:55:06.2601604-07:00,5.003204,6.357941
2026-09-20T05:29:21.2122058-07:00,75532,2026-09-20T03:55:06.2601604-07:00,5.025070,6.357941
2026-09-20T05:29:23.2320265-07:00,75532,2026-09-20T03:55:06.2601604-07:00,4.378460,6.357941
2026-09-20T05:29:25.2522350-07:00,75532,2026-09-20T03:55:06.2601604-07:00,5.081005,6.357941
2026-09-20T05:29:27.2903547-07:00,75532,2026-09-20T03:55:06.2601604-07:00,5.136333,6.357941
2026-09-20T05:29:29.3132253-07:00,75532,2026-09-20T03:55:06.2601604-07:00,5.191681,6.357941
2026-09-20T05:29:31.3335081-07:00,75532,2026-09-20T03:55:06.2601604-07:00,4.557957,6.357941
2026-09-20T05:29:33.3601003-07:00,75532,2026-09-20T03:55:06.2601604-07:00,5.247009,6.357941
2026-09-20T05:29:35.3942102-07:00,75532,2026-09-20T03:55:06.2601604-07:00,5.302723,6.357941
2026-09-20T05:29:37.4118355-07:00,75532,2026-09-20T03:55:06.2601604-07:00,5.358025,6.357941
2026-09-20T05:29:39.4323703-07:00,75532,2026-09-20T03:55:06.2601604-07:00,4.700893,6.357941
2026-09-20T05:29:41.4635209-07:00,75532,2026-09-20T03:55:06.2601604-07:00,5.413330,6.357941
2026-09-20T05:29:43.4904997-07:00,75532,2026-09-20T03:55:06.2601604-07:00,5.480782,6.357941
2026-09-20T05:29:45.5150689-07:00,75532,2026-09-20T03:55:06.2601604-07:00,4.587788,6.357941
2026-09-20T05:29:47.5263933-07:00,75532,2026-09-20T03:55:06.2601604-07:00,4.980236,6.357941
2026-09-20T05:29:49.5418973-07:00,75532,2026-09-20T03:55:06.2601604-07:00,4.211578,6.357941
2026-09-20T05:29:51.5598286-07:00,75532,2026-09-20T03:55:06.2601604-07:00,4.746918,6.357941
2026-09-20T05:29:53.5842824-07:00,75532,2026-09-20T03:55:06.2601604-07:00,6.157631,6.357941
2026-09-20T05:29:55.6166933-07:00,75532,2026-09-20T03:55:06.2601604-07:00,4.309746,6.357941
2026-09-20T05:29:57.6405565-07:00,75532,2026-09-20T03:55:06.2601604-07:00,4.916756,6.357941
2026-09-20T05:29:59.6756851-07:00,75532,2026-09-20T03:55:06.2601604-07:00,4.971794,6.357941
2026-09-20T05:30:01.7073742-07:00,75532,2026-09-20T03:55:06.2601604-07:00,4.993259,6.357941
2026-09-20T05:30:03.7433019-07:00,75532,2026-09-20T03:55:06.2601604-07:00,4.806789,6.357941
2026-09-20T05:30:05.7725708-07:00,75532,2026-09-20T03:55:06.2601604-07:00,5.143890,6.357941
2026-09-20T05:30:07.7934466-07:00,75532,2026-09-20T03:55:06.2601604-07:00,5.103226,6.357941
2026-09-20T05:30:09.8176596-07:00,75532,2026-09-20T03:55:06.2601604-07:00,5.158230,6.357941
2026-09-20T05:30:11.8386382-07:00,75532,2026-09-20T03:55:06.2601604-07:00,5.213253,6.357941
2026-09-20T05:30:13.8792403-07:00,75532,2026-09-20T03:55:06.2601604-07:00,5.350143,6.357941
2026-09-20T05:30:15.8982058-07:00,75532,2026-09-20T03:55:06.2601604-07:00,5.268303,6.357941
2026-09-20T05:30:17.9253610-07:00,75532,2026-09-20T03:55:06.2601604-07:00,5.323490,6.357941
2026-09-20T05:30:19.9525243-07:00,75532,2026-09-20T03:55:06.2601604-07:00,5.393810,6.357941
2026-09-20T05:30:21.9703639-07:00,75532,2026-09-20T03:55:06.2601604-07:00,5.576080,6.357941
2026-09-20T05:30:24.0126896-07:00,75532,2026-09-20T03:55:06.2601604-07:00,5.467926,6.357941
2026-09-20T05:30:26.0333334-07:00,75532,2026-09-20T03:55:06.2601604-07:00,4.948978,6.357941
2026-09-20T05:30:28.0605845-07:00,75532,2026-09-20T03:55:06.2601604-07:00,4.598339,6.357941
2026-09-20T05:30:30.0754983-07:00,75532,2026-09-20T03:55:06.2601604-07:00,5.043095,6.357941
2026-09-20T05:30:32.0937135-07:00,75532,2026-09-20T03:55:06.2601604-07:00,5.026115,6.357941
2026-09-20T05:30:34.1256051-07:00,75532,2026-09-20T03:55:06.2601604-07:00,5.082172,6.357941
2026-09-20T05:30:36.1397113-07:00,75532,2026-09-20T03:55:06.2601604-07:00,4.898354,6.357941
2026-09-20T05:30:38.1510111-07:00,75532,2026-09-20T03:55:06.2601604-07:00,5.191799,6.357941
2026-09-20T05:30:40.1728831-07:00,75532,2026-09-20T03:55:06.2601604-07:00,5.193283,6.357941
2026-09-20T05:30:42.2246015-07:00,75532,2026-09-20T03:55:06.2601604-07:00,5.248623,6.357941
2026-09-20T05:30:44.2428876-07:00,75532,2026-09-20T03:55:06.2601604-07:00,5.185719,6.357941
2026-09-20T05:30:46.2518641-07:00,75532,2026-09-20T03:55:06.2601604-07:00,5.358250,6.357941
2026-09-20T05:30:48.2725430-07:00,75532,2026-09-20T03:55:06.2601604-07:00,5.359303,6.357941
2026-09-20T05:30:50.2921156-07:00,75532,2026-09-20T03:55:06.2601604-07:00,5.414646,6.357941
2026-09-20T05:30:52.3167958-07:00,75532,2026-09-20T03:55:06.2601604-07:00,4.996227,6.357941
2026-09-20T05:30:54.3404789-07:00,75532,2026-09-20T03:55:06.2601604-07:00,5.532944,6.357941
2026-09-20T05:30:56.3524628-07:00,75532,2026-09-20T03:55:06.2601604-07:00,4.946377,6.357941
2026-09-20T05:30:58.3723696-07:00,75532,2026-09-20T03:55:06.2601604-07:00,5.104221,6.357941
2026-09-20T05:31:00.3964307-07:00,75532,2026-09-20T03:55:06.2601604-07:00,4.246300,6.357941
2026-09-20T05:31:02.4224818-07:00,75532,2026-09-20T03:55:06.2601604-07:00,6.170433,6.357941
2026-09-20T05:31:04.4389199-07:00,75532,2026-09-20T03:55:06.2601604-07:00,6.178226,6.357941
2026-09-20T05:31:06.4695624-07:00,75532,2026-09-20T03:55:06.2601604-07:00,4.929844,6.364216
2026-09-20T05:31:08.4826659-07:00,75532,2026-09-20T03:55:06.2601604-07:00,5.072605,6.364216
2026-09-20T05:31:10.5224492-07:00,75532,2026-09-20T03:55:06.2601604-07:00,4.985718,6.364216
2026-09-20T05:31:12.5489318-07:00,75532,2026-09-20T03:55:06.2601604-07:00,5.007233,6.364216
2026-09-20T05:31:14.5742875-07:00,75532,2026-09-20T03:55:06.2601604-07:00,5.062263,6.364216
2026-09-20T05:31:16.5990898-07:00,75532,2026-09-20T03:55:06.2601604-07:00,4.371792,6.364216
2026-09-20T05:31:18.6189535-07:00,75532,2026-09-20T03:55:06.2601604-07:00,5.117290,6.364216
2026-09-20T05:31:20.6545293-07:00,75532,2026-09-20T03:55:06.2601604-07:00,5.172329,6.364216
2026-09-20T05:31:22.6845465-07:00,75532,2026-09-20T03:55:06.2601604-07:00,5.227386,6.364216
2026-09-20T05:31:24.7141419-07:00,75532,2026-09-20T03:55:06.2601604-07:00,4.593704,6.364216
2026-09-20T05:31:26.7359142-07:00,75532,2026-09-20T03:55:06.2601604-07:00,5.282684,6.364216
2026-09-20T05:31:28.7522601-07:00,75532,2026-09-20T03:55:06.2601604-07:00,5.338009,6.364216
2026-09-20T05:31:30.7902824-07:00,75532,2026-09-20T03:55:06.2601604-07:00,5.398228,6.364216
2026-09-20T05:31:32.8103810-07:00,75532,2026-09-20T03:55:06.2601604-07:00,4.761120,6.364216
2026-09-20T05:31:34.8420503-07:00,75532,2026-09-20T03:55:06.2601604-07:00,5.473091,6.364216
2026-09-20T05:31:36.8771041-07:00,75532,2026-09-20T03:55:06.2601604-07:00,4.948181,6.364216
2026-09-20T05:31:38.8960981-07:00,75532,2026-09-20T03:55:06.2601604-07:00,5.003521,6.364216
2026-09-20T05:31:40.9357033-07:00,75532,2026-09-20T03:55:06.2601604-07:00,5.091393,6.364216
2026-09-20T05:31:42.9537380-07:00,75532,2026-09-20T03:55:06.2601604-07:00,5.025452,6.364216
2026-09-20T05:31:44.9725450-07:00,75532,2026-09-20T03:55:06.2601604-07:00,5.081512,6.364216
2026-09-20T05:31:47.0037524-07:00,75532,2026-09-20T03:55:06.2601604-07:00,4.571709,6.364216
2026-09-20T05:31:49.0338208-07:00,75532,2026-09-20T03:55:06.2601604-07:00,5.175785,6.364216
2026-09-20T05:31:51.0520011-07:00,75532,2026-09-20T03:55:06.2601604-07:00,5.192341,6.364216
2026-09-20T05:31:53.0804715-07:00,75532,2026-09-20T03:55:06.2601604-07:00,5.247673,6.364216
2026-09-20T05:31:55.1122278-07:00,75532,2026-09-20T03:55:06.2601604-07:00,5.135967,6.364216
2026-09-20T05:31:57.1324385-07:00,75532,2026-09-20T03:55:06.2601604-07:00,5.357296,6.364216
2026-09-20T05:31:59.1724145-07:00,75532,2026-09-20T03:55:06.2601604-07:00,5.358349,6.364216
2026-09-20T05:32:01.1920490-07:00,75532,2026-09-20T03:55:06.2601604-07:00,5.413910,6.364216
2026-09-20T05:32:03.2022564-07:00,75532,2026-09-20T03:55:06.2601604-07:00,5.482212,6.364216
2026-09-20T05:32:05.2333614-07:00,75532,2026-09-20T03:55:06.2601604-07:00,5.624130,6.364216
2026-09-20T05:32:07.2510853-07:00,75532,2026-09-20T03:55:06.2601604-07:00,4.947006,6.364216
2026-09-20T05:32:09.2728128-07:00,75532,2026-09-20T03:55:06.2601604-07:00,4.235336,6.364216
2026-09-20T05:32:11.3051963-07:00,75532,2026-09-20T03:55:06.2601604-07:00,4.674614,6.364216
2026-09-20T05:32:13.3324993-07:00,75532,2026-09-20T03:55:06.2601604-07:00,6.171646,6.364216
2026-09-20T05:32:15.3524081-07:00,75532,2026-09-20T03:55:06.2601604-07:00,6.293030,6.364216
2026-09-20T05:32:17.3824650-07:00,75532,2026-09-20T03:55:06.2601604-07:00,4.928749,6.365437
2026-09-20T05:32:19.4093280-07:00,75532,2026-09-20T03:55:06.2601604-07:00,4.984783,6.365437
2026-09-20T05:32:21.4322245-07:00,75532,2026-09-20T03:55:06.2601604-07:00,4.889744,6.365437
2026-09-20T05:32:23.4524562-07:00,75532,2026-09-20T03:55:06.2601604-07:00,5.006367,6.365437
2026-09-20T05:32:25.4625804-07:00,75532,2026-09-20T03:55:06.2601604-07:00,5.061417,6.365437
2026-09-20T05:32:27.5026060-07:00,75532,2026-09-20T03:55:06.2601604-07:00,5.116467,6.365437
2026-09-20T05:32:29.5280354-07:00,75532,2026-09-20T03:55:06.2601604-07:00,4.426491,6.365437
2026-09-20T05:32:31.5541751-07:00,75532,2026-09-20T03:55:06.2601604-07:00,5.171524,6.365437
2026-09-20T05:32:33.5755683-07:00,75532,2026-09-20T03:55:06.2601604-07:00,5.226692,6.365437
2026-09-20T05:32:35.5921494-07:00,75532,2026-09-20T03:55:06.2601604-07:00,5.282005,6.365437
2026-09-20T05:32:37.6122921-07:00,75532,2026-09-20T03:55:06.2601604-07:00,4.648273,6.365437
2026-09-20T05:32:39.6439779-07:00,75532,2026-09-20T03:55:06.2601604-07:00,5.368340,6.365437
2026-09-20T05:32:41.6723822-07:00,75532,2026-09-20T03:55:06.2601604-07:00,5.398243,6.365437
2026-09-20T05:32:43.7015011-07:00,75532,2026-09-20T03:55:06.2601604-07:00,5.473125,6.365437
2026-09-20T05:32:45.7335575-07:00,75532,2026-09-20T03:55:06.2601604-07:00,5.678322,6.365437
2026-09-20T05:32:47.7556278-07:00,75532,2026-09-20T03:55:06.2601604-07:00,4.952671,6.365437
2026-09-20T05:32:49.7724908-07:00,75532,2026-09-20T03:55:06.2601604-07:00,5.008018,6.365437
2026-09-20T05:32:51.7993612-07:00,75532,2026-09-20T03:55:06.2601604-07:00,5.029819,6.365437
2026-09-20T05:32:53.8220481-07:00,75532,2026-09-20T03:55:06.2601604-07:00,5.166710,6.365437
2026-09-20T05:32:55.8622475-07:00,75532,2026-09-20T03:55:06.2601604-07:00,5.086189,6.365437
2026-09-20T05:32:57.8847166-07:00,75532,2026-09-20T03:55:06.2601604-07:00,5.141529,6.365437
2026-09-20T05:32:59.9044993-07:00,75532,2026-09-20T03:55:06.2601604-07:00,5.196865,6.365437
2026-09-20T05:33:01.9246384-07:00,75532,2026-09-20T03:55:06.2601604-07:00,4.525776,6.365437
2026-09-20T05:33:03.9414212-07:00,75532,2026-09-20T03:55:06.2601604-07:00,5.252201,6.365437
2026-09-20T05:33:05.9912071-07:00,75532,2026-09-20T03:55:06.2601604-07:00,5.307533,6.365437
2026-09-20T05:33:08.0120552-07:00,75532,2026-09-20T03:55:06.2601604-07:00,5.362873,6.365437
2026-09-20T05:33:10.0397754-07:00,75532,2026-09-20T03:55:06.2601604-07:00,4.686512,6.365437
2026-09-20T05:33:12.0557560-07:00,75532,2026-09-20T03:55:06.2601604-07:00,5.418217,6.365437
2026-09-20T05:33:14.0865965-07:00,75532,2026-09-20T03:55:06.2601604-07:00,5.482082,6.365437
2026-09-20T05:33:16.1148113-07:00,75532,2026-09-20T03:55:06.2601604-07:00,4.225338,6.365437
2026-09-20T05:33:18.1381255-07:00,75532,2026-09-20T03:55:06.2601604-07:00,4.944382,6.365437
2026-09-20T05:33:20.1591833-07:00,75532,2026-09-20T03:55:06.2601604-07:00,4.249336,6.365437
2026-09-20T05:33:22.1907942-07:00,75532,2026-09-20T03:55:06.2601604-07:00,5.086704,6.365437
2026-09-20T05:33:24.2321961-07:00,75532,2026-09-20T03:55:06.2601604-07:00,6.168289,6.365437
2026-09-20T05:33:26.2667788-07:00,75532,2026-09-20T03:55:06.2601604-07:00,6.303677,6.365437
2026-09-20T05:33:28.2932010-07:00,75532,2026-09-20T03:55:06.2601604-07:00,4.684292,6.365437
2026-09-20T05:33:30.3111636-07:00,75532,2026-09-20T03:55:06.2601604-07:00,4.782005,6.365437
2026-09-20T05:33:32.3283506-07:00,75532,2026-09-20T03:55:06.2601604-07:00,4.822868,6.365437
2026-09-20T05:33:34.3642884-07:00,75532,2026-09-20T03:55:06.2601604-07:00,4.205544,6.365437
2026-09-20T05:33:36.3822203-07:00,75532,2026-09-20T03:55:06.2601604-07:00,4.916115,6.365437
2026-09-20T05:33:38.4032628-07:00,75532,2026-09-20T03:55:06.2601604-07:00,4.971817,6.365437
2026-09-20T05:33:40.4220026-07:00,75532,2026-09-20T03:55:06.2601604-07:00,5.046165,6.365437
2026-09-20T05:33:42.4360664-07:00,75532,2026-09-20T03:55:06.2601604-07:00,5.009766,6.365437
2026-09-20T05:33:44.4818800-07:00,75532,2026-09-20T03:55:06.2601604-07:00,5.219097,6.365437
2026-09-20T05:33:46.5019621-07:00,75532,2026-09-20T03:55:06.2601604-07:00,5.202301,6.365437
2026-09-20T05:33:48.5317246-07:00,75532,2026-09-20T03:55:06.2601604-07:00,5.280212,6.365437
2026-09-20T05:33:50.5582147-07:00,75532,2026-09-20T03:55:06.2601604-07:00,5.358757,6.365437
2026-09-20T05:33:52.5911731-07:00,75532,2026-09-20T03:55:06.2601604-07:00,5.413044,6.365437
2026-09-20T05:33:54.6124087-07:00,75532,2026-09-20T03:55:06.2601604-07:00,5.432735,6.365437
2026-09-20T05:33:56.6423613-07:00,75532,2026-09-20T03:55:06.2601604-07:00,4.913502,6.365437
2026-09-20T05:33:58.6586613-07:00,75532,2026-09-20T03:55:06.2601604-07:00,5.050884,6.365437
2026-09-20T05:34:00.6950745-07:00,75532,2026-09-20T03:55:06.2601604-07:00,4.969341,6.365437
2026-09-20T05:34:02.7433299-07:00,75532,2026-09-20T03:55:06.2601604-07:00,4.991142,6.365437
2026-09-20T05:34:04.7701931-07:00,75532,2026-09-20T03:55:06.2601604-07:00,5.046715,6.365437
2026-09-20T05:34:06.7878140-07:00,75532,2026-09-20T03:55:06.2601604-07:00,4.376575,6.365437
2026-09-20T05:34:08.8091780-07:00,75532,2026-09-20T03:55:06.2601604-07:00,5.102188,6.365437
2026-09-20T05:34:10.8280275-07:00,75532,2026-09-20T03:55:06.2601604-07:00,5.157665,6.365437
2026-09-20T05:34:12.8602580-07:00,75532,2026-09-20T03:55:06.2601604-07:00,5.213013,6.365437
2026-09-20T05:34:14.8853577-07:00,75532,2026-09-20T03:55:06.2601604-07:00,4.581985,6.365437
2026-09-20T05:34:16.9025026-07:00,75532,2026-09-20T03:55:06.2601604-07:00,5.269287,6.365437
2026-09-20T05:34:18.9220676-07:00,75532,2026-09-20T03:55:06.2601604-07:00,5.325893,6.365437
2026-09-20T05:34:20.9624820-07:00,75532,2026-09-20T03:55:06.2601604-07:00,5.382259,6.365437
2026-09-20T05:34:22.9771130-07:00,75532,2026-09-20T03:55:06.2601604-07:00,4.711533,6.365437
2026-09-20T05:34:24.9924566-07:00,75532,2026-09-20T03:55:06.2601604-07:00,5.449173,6.365437
2026-09-20T05:34:27.0324784-07:00,75532,2026-09-20T03:55:06.2601604-07:00,4.910934,6.365437
2026-09-20T05:34:29.0726973-07:00,75532,2026-09-20T03:55:06.2601604-07:00,5.051060,6.365437
2026-09-20T05:34:31.1121602-07:00,75532,2026-09-20T03:55:06.2601604-07:00,4.196239,6.365437
2026-09-20T05:34:33.1376192-07:00,75532,2026-09-20T03:55:06.2601604-07:00,5.837730,6.365437
2026-09-20T05:34:35.1623009-07:00,75532,2026-09-20T03:55:06.2601604-07:00,6.150204,6.365437
2026-09-20T05:34:37.1850098-07:00,75532,2026-09-20T03:55:06.2601604-07:00,4.904949,6.365437
2026-09-20T05:34:39.2070189-07:00,75532,2026-09-20T03:55:06.2601604-07:00,4.488670,6.365437
2026-09-20T05:34:41.2425398-07:00,75532,2026-09-20T03:55:06.2601604-07:00,5.014538,6.365437
2026-09-20T05:34:43.2626211-07:00,75532,2026-09-20T03:55:06.2601604-07:00,4.982216,6.365437
2026-09-20T05:34:45.2848215-07:00,75532,2026-09-20T03:55:06.2601604-07:00,5.037586,6.365437
2026-09-20T05:34:47.2936514-07:00,75532,2026-09-20T03:55:06.2601604-07:00,5.092789,6.365437
2026-09-20T05:34:49.3291011-07:00,75532,2026-09-20T03:55:06.2601604-07:00,5.131565,6.365437
2026-09-20T05:34:51.3430611-07:00,75532,2026-09-20T03:55:06.2601604-07:00,5.147949,6.365437
2026-09-20T05:34:53.3733407-07:00,75532,2026-09-20T03:55:06.2601604-07:00,5.204372,6.365437
2026-09-20T05:34:55.4022330-07:00,75532,2026-09-20T03:55:06.2601604-07:00,5.215744,6.365437
2026-09-20T05:34:57.4405710-07:00,75532,2026-09-20T03:55:06.2601604-07:00,5.363701,6.365437
2026-09-20T05:34:59.4824351-07:00,75532,2026-09-20T03:55:06.2601604-07:00,5.316887,6.365437
2026-09-20T05:35:01.5007162-07:00,75532,2026-09-20T03:55:06.2601604-07:00,5.378925,6.365437
2026-09-20T05:35:03.5237695-07:00,75532,2026-09-20T03:55:06.2601604-07:00,5.391300,6.365437
2026-09-20T05:35:05.5401545-07:00,75532,2026-09-20T03:55:06.2601604-07:00,5.456966,6.365437
2026-09-20T05:35:07.5673513-07:00,75532,2026-09-20T03:55:06.2601604-07:00,4.925472,6.365437
2026-09-20T05:35:09.6031319-07:00,75532,2026-09-20T03:55:06.2601604-07:00,4.981544,6.365437
2026-09-20T05:35:11.6185064-07:00,75532,2026-09-20T03:55:06.2601604-07:00,5.036549,6.365437
2026-09-20T05:35:13.6457426-07:00,75532,2026-09-20T03:55:06.2601604-07:00,5.004780,6.365437
2026-09-20T05:35:15.6633803-07:00,75532,2026-09-20T03:55:06.2601604-07:00,5.061466,6.365437
2026-09-20T05:35:17.7048638-07:00,75532,2026-09-20T03:55:06.2601604-07:00,5.116814,6.365437
2026-09-20T05:35:19.7344926-07:00,75532,2026-09-20T03:55:06.2601604-07:00,5.253719,6.365437
2026-09-20T05:35:21.7595084-07:00,75532,2026-09-20T03:55:06.2601604-07:00,5.172165,6.365437
2026-09-20T05:35:23.7880637-07:00,75532,2026-09-20T03:55:06.2601604-07:00,5.227509,6.365437
2026-09-20T05:35:25.8111496-07:00,75532,2026-09-20T03:55:06.2601604-07:00,5.282845,6.365437
2026-09-20T05:35:27.8528680-07:00,75532,2026-09-20T03:55:06.2601604-07:00,5.420143,6.365437
2026-09-20T05:35:29.8839519-07:00,75532,2026-09-20T03:55:06.2601604-07:00,5.338585,6.365437
2026-09-20T05:35:31.9023088-07:00,75532,2026-09-20T03:55:06.2601604-07:00,5.395092,6.365437
2026-09-20T05:35:33.9319596-07:00,75532,2026-09-20T03:55:06.2601604-07:00,5.467587,6.365437
2026-09-20T05:35:35.9568141-07:00,75532,2026-09-20T03:55:06.2601604-07:00,5.647217,6.365437
2026-09-20T05:35:37.9879224-07:00,75532,2026-09-20T03:55:06.2601604-07:00,4.935711,6.365437
2026-09-20T05:35:40.0053841-07:00,75532,2026-09-20T03:55:06.2601604-07:00,4.214409,6.365437
2026-09-20T05:35:42.0368608-07:00,75532,2026-09-20T03:55:06.2601604-07:00,5.078972,6.365437
2026-09-20T05:35:44.0539098-07:00,75532,2026-09-20T03:55:06.2601604-07:00,6.160561,6.365437
2026-09-20T05:35:46.0965159-07:00,75532,2026-09-20T03:55:06.2601604-07:00,6.307072,6.365437
2026-09-20T05:35:48.1235976-07:00,75532,2026-09-20T03:55:06.2601604-07:00,4.922180,6.365437
2026-09-20T05:35:50.1568547-07:00,75532,2026-09-20T03:55:06.2601604-07:00,4.977478,6.365437
2026-09-20T05:35:52.1731052-07:00,75532,2026-09-20T03:55:06.2601604-07:00,4.407997,6.365437
2026-09-20T05:35:54.2021464-07:00,75532,2026-09-20T03:55:06.2601604-07:00,5.031696,6.365437
2026-09-20T05:35:56.2687413-07:00,75532,2026-09-20T03:55:06.2601604-07:00,5.055832,6.365437
2026-09-20T05:35:58.2921057-07:00,75532,2026-09-20T03:55:06.2601604-07:00,5.110966,6.365437
2026-09-20T05:36:00.3219971-07:00,75532,2026-09-20T03:55:06.2601604-07:00,4.973103,6.365437
2026-09-20T05:36:02.3382556-07:00,75532,2026-09-20T03:55:06.2601604-07:00,5.166157,6.365437
2026-09-20T05:36:04.3735993-07:00,75532,2026-09-20T03:55:06.2601604-07:00,5.221916,6.365437
2026-09-20T05:36:06.4193674-07:00,75532,2026-09-20T03:55:06.2601604-07:00,5.277859,6.365437
2026-09-20T05:36:08.4381786-07:00,75532,2026-09-20T03:55:06.2601604-07:00,5.228966,6.365437
2026-09-20T05:36:10.4698409-07:00,75532,2026-09-20T03:55:06.2601604-07:00,5.387722,6.365437
2026-09-20T05:36:12.5020426-07:00,75532,2026-09-20T03:55:06.2601604-07:00,5.389038,6.365437
2026-09-20T05:36:14.5512156-07:00,75532,2026-09-20T03:55:06.2601604-07:00,5.467026,6.365437
2026-09-20T05:36:16.5726940-07:00,75532,2026-09-20T03:55:06.2601604-07:00,5.667965,6.365437
2026-09-20T05:36:18.5927024-07:00,75532,2026-09-20T03:55:06.2601604-07:00,4.942162,6.365437
2026-09-20T05:36:20.6222219-07:00,75532,2026-09-20T03:55:06.2601604-07:00,4.997509,6.365437
2026-09-20T05:36:22.6460280-07:00,75532,2026-09-20T03:55:06.2601604-07:00,5.020023,6.365437
2026-09-20T05:36:24.6823620-07:00,75532,2026-09-20T03:55:06.2601604-07:00,4.333698,6.365437
2026-09-20T05:36:26.7110415-07:00,75532,2026-09-20T03:55:06.2601604-07:00,5.075367,6.365437
2026-09-20T05:36:28.7324467-07:00,75532,2026-09-20T03:55:06.2601604-07:00,5.130718,6.365437
2026-09-20T05:36:30.7585990-07:00,75532,2026-09-20T03:55:06.2601604-07:00,5.186066,6.365437
2026-09-20T05:36:32.7855902-07:00,75532,2026-09-20T03:55:06.2601604-07:00,5.042961,6.365437
2026-09-20T05:36:34.8166186-07:00,75532,2026-09-20T03:55:06.2601604-07:00,5.241714,6.365437
2026-09-20T05:36:36.8474741-07:00,75532,2026-09-20T03:55:06.2601604-07:00,5.297054,6.365437
2026-09-20T05:36:38.8665722-07:00,75532,2026-09-20T03:55:06.2601604-07:00,5.352413,6.365437
2026-09-20T05:36:40.8876347-07:00,75532,2026-09-20T03:55:06.2601604-07:00,5.515465,6.365437
2026-09-20T05:36:42.9222338-07:00,75532,2026-09-20T03:55:06.2601604-07:00,5.407841,6.365437
2026-09-20T05:36:44.9325741-07:00,75532,2026-09-20T03:55:06.2601604-07:00,5.468845,6.365437
2026-09-20T05:36:46.9529579-07:00,75532,2026-09-20T03:55:06.2601604-07:00,4.434948,6.365437
2026-09-20T05:36:48.9642816-07:00,75532,2026-09-20T03:55:06.2601604-07:00,4.934395,6.365437
2026-09-20T05:36:50.9938193-07:00,75532,2026-09-20T03:55:06.2601604-07:00,6.158310,6.365437
2026-09-20T05:36:53.0341383-07:00,75532,2026-09-20T03:55:06.2601604-07:00,6.166103,6.365437
2026-09-20T05:36:55.0627745-07:00,75532,2026-09-20T03:55:06.2601604-07:00,4.919468,6.365437
2026-09-20T05:36:57.0860056-07:00,75532,2026-09-20T03:55:06.2601604-07:00,4.974766,6.365437
2026-09-20T05:36:59.1098423-07:00,75532,2026-09-20T03:55:06.2601604-07:00,5.111656,6.365437
2026-09-20T05:37:01.1345741-07:00,75532,2026-09-20T03:55:06.2601604-07:00,4.996529,6.365437
2026-09-20T05:37:03.1861215-07:00,75532,2026-09-20T03:55:06.2601604-07:00,5.051689,6.365437
2026-09-20T05:37:05.2021578-07:00,75532,2026-09-20T03:55:06.2601604-07:00,5.106815,6.365437
2026-09-20T05:37:07.2310269-07:00,75532,2026-09-20T03:55:06.2601604-07:00,4.431656,6.365437
2026-09-20T05:37:09.2527969-07:00,75532,2026-09-20T03:55:06.2601604-07:00,5.161999,6.365437
2026-09-20T05:37:11.2863466-07:00,75532,2026-09-20T03:55:06.2601604-07:00,5.217457,6.365437
2026-09-20T05:37:13.3050559-07:00,75532,2026-09-20T03:55:06.2601604-07:00,5.272770,6.365437
2026-09-20T05:37:15.3323528-07:00,75532,2026-09-20T03:55:06.2601604-07:00,4.639221,6.365437
2026-09-20T05:37:17.3526171-07:00,75532,2026-09-20T03:55:06.2601604-07:00,5.328259,6.365437
2026-09-20T05:37:19.3858562-07:00,75532,2026-09-20T03:55:06.2601604-07:00,5.387939,6.365437
2026-09-20T05:37:21.4286336-07:00,75532,2026-09-20T03:55:06.2601604-07:00,5.460987,6.365437
2026-09-20T05:37:23.4524120-07:00,75532,2026-09-20T03:55:06.2601604-07:00,5.668026,6.365437
2026-09-20T05:37:25.4822028-07:00,75532,2026-09-20T03:55:06.2601604-07:00,4.941887,6.365437
2026-09-20T05:37:27.5093502-07:00,75532,2026-09-20T03:55:06.2601604-07:00,4.997234,6.365437
2026-09-20T05:37:29.5336978-07:00,75532,2026-09-20T03:55:06.2601604-07:00,5.019032,6.365437
2026-09-20T05:37:31.5649601-07:00,75532,2026-09-20T03:55:06.2601604-07:00,5.155922,6.365437
2026-09-20T05:37:33.5898475-07:00,75532,2026-09-20T03:55:06.2601604-07:00,5.075096,6.365437
2026-09-20T05:37:35.6150677-07:00,75532,2026-09-20T03:55:06.2601604-07:00,5.130444,6.365437
2026-09-20T05:37:37.6396576-07:00,75532,2026-09-20T03:55:06.2601604-07:00,5.185986,6.365437
2026-09-20T05:37:39.6664680-07:00,75532,2026-09-20T03:55:06.2601604-07:00,4.847450,6.365437
2026-09-20T05:37:41.6769308-07:00,75532,2026-09-20T03:55:06.2601604-07:00,5.241325,6.365437
2026-09-20T05:37:43.7019925-07:00,75532,2026-09-20T03:55:06.2601604-07:00,5.296825,6.365437
2026-09-20T05:37:45.7170828-07:00,75532,2026-09-20T03:55:06.2601604-07:00,5.352161,6.365437
2026-09-20T05:37:47.7339669-07:00,75532,2026-09-20T03:55:06.2601604-07:00,5.131062,6.365437
2026-09-20T05:37:49.7736895-07:00,75532,2026-09-20T03:55:06.2601604-07:00,5.407764,6.365437
2026-09-20T05:37:51.8022820-07:00,75532,2026-09-20T03:55:06.2601604-07:00,5.471268,6.365437
2026-09-20T05:37:53.8324724-07:00,75532,2026-09-20T03:55:06.2601604-07:00,4.745064,6.365437
2026-09-20T05:37:55.8559565-07:00,75532,2026-09-20T03:55:06.2601604-07:00,4.988007,6.365437
2026-09-20T05:37:57.8746371-07:00,75532,2026-09-20T03:55:06.2601604-07:00,4.219704,6.365437
2026-09-20T05:37:59.9164695-07:00,75532,2026-09-20T03:55:06.2601604-07:00,4.899525,6.365437
2026-09-20T05:38:01.9377273-07:00,75532,2026-09-20T03:55:06.2601604-07:00,6.165985,6.365437
2026-09-20T05:38:03.9546635-07:00,75532,2026-09-20T03:55:06.2601604-07:00,4.381119,6.365437
2026-09-20T05:38:05.9845899-07:00,75532,2026-09-20T03:55:06.2601604-07:00,4.926109,6.365437
2026-09-20T05:38:08.0336264-07:00,75532,2026-09-20T03:55:06.2601604-07:00,4.981461,6.365437
2026-09-20T05:38:10.0621085-07:00,75532,2026-09-20T03:55:06.2601604-07:00,5.003220,6.365437
2026-09-20T05:38:12.0767740-07:00,75532,2026-09-20T03:55:06.2601604-07:00,5.140110,6.365437
2026-09-20T05:38:14.1050215-07:00,75532,2026-09-20T03:55:06.2601604-07:00,5.058521,6.365437
2026-09-20T05:38:16.1224387-07:00,75532,2026-09-20T03:55:06.2601604-07:00,5.113831,6.365437
2026-09-20T05:38:18.1548228-07:00,75532,2026-09-20T03:55:06.2601604-07:00,5.169140,6.365437
2026-09-20T05:38:20.1797270-07:00,75532,2026-09-20T03:55:06.2601604-07:00,4.493942,6.365437
2026-09-20T05:38:22.2027676-07:00,75532,2026-09-20T03:55:06.2601604-07:00,5.224442,6.365437
2026-09-20T05:38:24.2149599-07:00,75532,2026-09-20T03:55:06.2601604-07:00,5.279781,6.365437
2026-09-20T05:38:26.2338205-07:00,75532,2026-09-20T03:55:06.2601604-07:00,5.335384,6.365437
2026-09-20T05:38:28.2624023-07:00,75532,2026-09-20T03:55:06.2601604-07:00,4.791821,6.365437
2026-09-20T05:38:30.2826559-07:00,75532,2026-09-20T03:55:06.2601604-07:00,5.392193,6.365437
2026-09-20T05:38:32.3036755-07:00,75532,2026-09-20T03:55:06.2601604-07:00,5.468945,6.365437
2026-09-20T05:38:34.3372381-07:00,75532,2026-09-20T03:55:06.2601604-07:00,4.682842,6.365437
2026-09-20T05:38:36.3684884-07:00,75532,2026-09-20T03:55:06.2601604-07:00,4.998512,6.365437
2026-09-20T05:38:38.3873451-07:00,75532,2026-09-20T03:55:06.2601604-07:00,4.999561,6.365437
2026-09-20T05:38:40.4121333-07:00,75532,2026-09-20T03:55:06.2601604-07:00,5.021328,6.365437
2026-09-20T05:38:42.4348537-07:00,75532,2026-09-20T03:55:06.2601604-07:00,5.076630,6.365437
2026-09-20T05:38:44.4588033-07:00,75532,2026-09-20T03:55:06.2601604-07:00,5.130917,6.365437
2026-09-20T05:38:46.4930274-07:00,75532,2026-09-20T03:55:06.2601604-07:00,5.131927,6.365437
2026-09-20T05:38:48.5195368-07:00,75532,2026-09-20T03:55:06.2601604-07:00,5.187225,6.365437
2026-09-20T05:38:50.5456722-07:00,75532,2026-09-20T03:55:06.2601604-07:00,5.242542,6.365437
2026-09-20T05:38:52.5728779-07:00,75532,2026-09-20T03:55:06.2601604-07:00,5.369190,6.365437
2026-09-20T05:38:54.5968795-07:00,75532,2026-09-20T03:55:06.2601604-07:00,5.297859,6.365437
2026-09-20T05:38:56.6385071-07:00,75532,2026-09-20T03:55:06.2601604-07:00,5.353436,6.365437
2026-09-20T05:38:58.6546818-07:00,75532,2026-09-20T03:55:06.2601604-07:00,5.408955,6.365437
2026-09-20T05:39:00.6777603-07:00,75532,2026-09-20T03:55:06.2601604-07:00,5.504581,6.365437
2026-09-20T05:39:02.7002609-07:00,75532,2026-09-20T03:55:06.2601604-07:00,5.474281,6.365437
2026-09-20T05:39:04.7236596-07:00,75532,2026-09-20T03:55:06.2601604-07:00,4.941139,6.365437
2026-09-20T05:39:06.7556176-07:00,75532,2026-09-20T03:55:06.2601604-07:00,5.025280,6.365437
2026-09-20T05:39:08.7824019-07:00,75532,2026-09-20T03:55:06.2601604-07:00,4.227707,6.365437
2026-09-20T05:39:10.8024223-07:00,75532,2026-09-20T03:55:06.2601604-07:00,5.728077,6.365437
2026-09-20T05:39:12.8124854-07:00,75532,2026-09-20T03:55:06.2601604-07:00,6.165546,6.365437
2026-09-20T05:39:14.8626304-07:00,75532,2026-09-20T03:55:06.2601604-07:00,4.923187,6.365437
2026-09-20T05:39:16.8852409-07:00,75532,2026-09-20T03:55:06.2601604-07:00,5.122692,6.365437
2026-09-20T05:39:18.9056310-07:00,75532,2026-09-20T03:55:06.2601604-07:00,4.978512,6.365437
2026-09-20T05:39:20.9252696-07:00,75532,2026-09-20T03:55:06.2601604-07:00,5.000286,6.365437
2026-09-20T05:39:22.9423432-07:00,75532,2026-09-20T03:55:06.2601604-07:00,5.055607,6.365437
2026-09-20T05:39:24.9779020-07:00,75532,2026-09-20T03:55:06.2601604-07:00,4.855358,6.365437
2026-09-20T05:39:26.9885624-07:00,75532,2026-09-20T03:55:06.2601604-07:00,5.165215,6.365437
2026-09-20T05:39:29.0149689-07:00,75532,2026-09-20T03:55:06.2601604-07:00,5.166248,6.365437
2026-09-20T05:39:31.0446304-07:00,75532,2026-09-20T03:55:06.2601604-07:00,5.221569,6.365437
2026-09-20T05:39:33.0578737-07:00,75532,2026-09-20T03:55:06.2601604-07:00,5.276894,6.365437
2026-09-20T05:39:35.1097701-07:00,75532,2026-09-20T03:55:06.2601604-07:00,5.385712,6.365437
2026-09-20T05:39:37.1298809-07:00,75532,2026-09-20T03:55:06.2601604-07:00,5.332314,6.365437
2026-09-20T05:39:39.1598703-07:00,75532,2026-09-20T03:55:06.2601604-07:00,5.393448,6.365437
2026-09-20T05:39:41.1842694-07:00,75532,2026-09-20T03:55:06.2601604-07:00,5.467232,6.365437
2026-09-20T05:39:43.2162279-07:00,75532,2026-09-20T03:55:06.2601604-07:00,5.616367,6.365437
2026-09-20T05:39:45.2322739-07:00,75532,2026-09-20T03:55:06.2601604-07:00,4.953876,6.365437
2026-09-20T05:39:47.2425019-07:00,75532,2026-09-20T03:55:06.2601604-07:00,5.009140,6.365437
2026-09-20T05:39:49.2623522-07:00,75532,2026-09-20T03:55:06.2601604-07:00,4.403557,6.365437
2026-09-20T05:39:51.2824465-07:00,75532,2026-09-20T03:55:06.2601604-07:00,5.055866,6.365437
2026-09-20T05:39:53.3226839-07:00,75532,2026-09-20T03:55:06.2601604-07:00,5.086369,6.365437
2026-09-20T05:39:55.3429121-07:00,75532,2026-09-20T03:55:06.2601604-07:00,5.141621,6.365437
2026-09-20T05:39:57.3634046-07:00,75532,2026-09-20T03:55:06.2601604-07:00,5.160625,6.365437
2026-09-20T05:39:59.3886264-07:00,75532,2026-09-20T03:55:06.2601604-07:00,5.315750,6.365437
2026-09-20T05:40:01.4053139-07:00,75532,2026-09-20T03:55:06.2601604-07:00,5.252098,6.365437
2026-09-20T05:40:03.4321788-07:00,75532,2026-09-20T03:55:06.2601604-07:00,5.307350,6.365437
2026-09-20T05:40:05.4558582-07:00,75532,2026-09-20T03:55:06.2601604-07:00,5.362606,6.365437
2026-09-20T05:40:07.4850860-07:00,75532,2026-09-20T03:55:06.2601604-07:00,5.499779,6.365437
2026-09-20T05:40:09.5106743-07:00,75532,2026-09-20T03:55:06.2601604-07:00,5.418186,6.365437
2026-09-20T05:40:11.5648630-07:00,75532,2026-09-20T03:55:06.2601604-07:00,5.474953,6.365437
2026-09-20T05:40:13.5804701-07:00,75532,2026-09-20T03:55:06.2601604-07:00,4.376049,6.365437
2026-09-20T05:40:15.6067374-07:00,75532,2026-09-20T03:55:06.2601604-07:00,4.946327,6.365437
2026-09-20T05:40:17.6345284-07:00,75532,2026-09-20T03:55:06.2601604-07:00,4.279999,6.365437
2026-09-20T05:40:19.6585638-07:00,75532,2026-09-20T03:55:06.2601604-07:00,5.088818,6.365437
2026-09-20T05:40:21.6876088-07:00,75532,2026-09-20T03:55:06.2601604-07:00,6.170395,6.365437
2026-09-20T05:40:23.7104976-07:00,75532,2026-09-20T03:55:06.2601604-07:00,6.299595,6.365437
2026-09-20T05:40:25.7408159-07:00,75532,2026-09-20T03:55:06.2601604-07:00,4.928921,6.365437
2026-09-20T05:40:27.7724701-07:00,75532,2026-09-20T03:55:06.2601604-07:00,4.984966,6.365437
2026-09-20T05:40:29.7983302-07:00,75532,2026-09-20T03:55:06.2601604-07:00,4.532658,6.365437
2026-09-20T05:40:31.8310254-07:00,75532,2026-09-20T03:55:06.2601604-07:00,5.045513,6.365437
2026-09-20T05:40:33.8579900-07:00,75532,2026-09-20T03:55:06.2601604-07:00,5.062050,6.365437
2026-09-20T05:40:35.8878744-07:00,75532,2026-09-20T03:55:06.2601604-07:00,5.117363,6.365437
2026-09-20T05:40:37.9123583-07:00,75532,2026-09-20T03:55:06.2601604-07:00,4.930145,6.365437
2026-09-20T05:40:39.9359254-07:00,75532,2026-09-20T03:55:06.2601604-07:00,5.226971,6.365437
2026-09-20T05:40:41.9728566-07:00,75532,2026-09-20T03:55:06.2601604-07:00,5.228001,6.365437
2026-09-20T05:40:43.9999056-07:00,75532,2026-09-20T03:55:06.2601604-07:00,5.283321,6.365437
2026-09-20T05:40:46.0279341-07:00,75532,2026-09-20T03:55:06.2601604-07:00,5.338730,6.365437
2026-09-20T05:40:48.0462818-07:00,75532,2026-09-20T03:55:06.2601604-07:00,5.473103,6.365437
2026-09-20T05:40:50.0774795-07:00,75532,2026-09-20T03:55:06.2601604-07:00,5.394039,6.365437
2026-09-20T05:40:52.0934518-07:00,75532,2026-09-20T03:55:06.2601604-07:00,5.468163,6.365437
2026-09-20T05:40:54.1242170-07:00,75532,2026-09-20T03:55:06.2601604-07:00,4.356586,6.365437
2026-09-20T05:40:56.1423386-07:00,75532,2026-09-20T03:55:06.2601604-07:00,4.943439,6.365437
2026-09-20T05:40:58.1740349-07:00,75532,2026-09-20T03:55:06.2601604-07:00,4.998981,6.365437
2026-09-20T05:41:00.2147449-07:00,75532,2026-09-20T03:55:06.2601604-07:00,5.020653,6.365437
2026-09-20T05:41:02.2267033-07:00,75532,2026-09-20T03:55:06.2601604-07:00,4.387466,6.365437
2026-09-20T05:41:04.2429397-07:00,75532,2026-09-20T03:55:06.2601604-07:00,5.077297,6.365437
2026-09-20T05:41:06.2610444-07:00,75532,2026-09-20T03:55:06.2601604-07:00,5.132504,6.365437
2026-09-20T05:41:08.2769518-07:00,75532,2026-09-20T03:55:06.2601604-07:00,5.187717,6.365437
2026-09-20T05:41:10.3123678-07:00,75532,2026-09-20T03:55:06.2601604-07:00,4.582027,6.365437
2026-09-20T05:41:12.3405551-07:00,75532,2026-09-20T03:55:06.2601604-07:00,5.281708,6.365437
2026-09-20T05:41:14.3723076-07:00,75532,2026-09-20T03:55:06.2601604-07:00,5.298149,6.365437
2026-09-20T05:41:16.3977240-07:00,75532,2026-09-20T03:55:06.2601604-07:00,5.353409,6.365437
2026-09-20T05:41:18.4349153-07:00,75532,2026-09-20T03:55:06.2601604-07:00,5.408661,6.365437
2026-09-20T05:41:20.4626463-07:00,75532,2026-09-20T03:55:06.2601604-07:00,5.545654,6.365437
2026-09-20T05:41:22.4847462-07:00,75532,2026-09-20T03:55:06.2601604-07:00,5.473629,6.365437
2026-09-20T05:41:24.5072191-07:00,75532,2026-09-20T03:55:06.2601604-07:00,4.947704,6.365437
2026-09-20T05:41:26.5329853-07:00,75532,2026-09-20T03:55:06.2601604-07:00,5.021301,6.365437
2026-09-20T05:41:28.5688128-07:00,75532,2026-09-20T03:55:06.2601604-07:00,4.278389,6.365437
2026-09-20T05:41:30.5930683-07:00,75532,2026-09-20T03:55:06.2601604-07:00,5.483078,6.365437
2026-09-20T05:41:32.6127144-07:00,75532,2026-09-20T03:55:06.2601604-07:00,6.172119,6.365437
2026-09-20T05:41:34.6329422-07:00,75532,2026-09-20T03:55:06.2601604-07:00,4.931946,6.365883
2026-09-20T05:41:36.6542956-07:00,75532,2026-09-20T03:55:06.2601604-07:00,5.068836,6.365883
2026-09-20T05:41:38.6863377-07:00,75532,2026-09-20T03:55:06.2601604-07:00,4.987267,6.365883
2026-09-20T05:41:40.7025902-07:00,75532,2026-09-20T03:55:06.2601604-07:00,5.009750,6.365883
2026-09-20T05:41:42.7335816-07:00,75532,2026-09-20T03:55:06.2601604-07:00,5.065056,6.365883
2026-09-20T05:41:44.7463619-07:00,75532,2026-09-20T03:55:06.2601604-07:00,5.201950,6.365883
2026-09-20T05:41:46.7757414-07:00,75532,2026-09-20T03:55:06.2601604-07:00,5.120365,6.365883
2026-09-20T05:41:48.7940553-07:00,75532,2026-09-20T03:55:06.2601604-07:00,5.175671,6.365883
2026-09-20T05:41:50.8127866-07:00,75532,2026-09-20T03:55:06.2601604-07:00,5.230980,6.365883
2026-09-20T05:41:52.8399992-07:00,75532,2026-09-20T03:55:06.2601604-07:00,4.574299,6.365883
2026-09-20T05:41:54.8605597-07:00,75532,2026-09-20T03:55:06.2601604-07:00,5.286304,6.365883
2026-09-20T05:41:56.9058857-07:00,75532,2026-09-20T03:55:06.2601604-07:00,5.341614,6.365883
2026-09-20T05:41:58.9236858-07:00,75532,2026-09-20T03:55:06.2601604-07:00,5.396976,6.365883
2026-09-20T05:42:00.9372799-07:00,75532,2026-09-20T03:55:06.2601604-07:00,4.735340,6.365883
2026-09-20T05:42:02.9681456-07:00,75532,2026-09-20T03:55:06.2601604-07:00,5.473698,6.365883
2026-09-20T05:42:04.9925868-07:00,75532,2026-09-20T03:55:06.2601604-07:00,4.950638,6.365883
2026-09-20T05:42:07.0228930-07:00,75532,2026-09-20T03:55:06.2601604-07:00,5.005844,6.365883
2026-09-20T05:42:09.0447423-07:00,75532,2026-09-20T03:55:06.2601604-07:00,5.142735,6.365883
2026-09-20T05:42:11.0700481-07:00,75532,2026-09-20T03:55:06.2601604-07:00,5.028206,6.365883
2026-09-20T05:42:13.0926735-07:00,75532,2026-09-20T03:55:06.2601604-07:00,5.083706,6.365883
2026-09-20T05:42:15.1129967-07:00,75532,2026-09-20T03:55:06.2601604-07:00,5.138889,6.365883
2026-09-20T05:42:17.1465546-07:00,75532,2026-09-20T03:55:06.2601604-07:00,4.505119,6.365883
2026-09-20T05:42:19.1680130-07:00,75532,2026-09-20T03:55:06.2601604-07:00,5.206005,6.365883
2026-09-20T05:42:21.1849107-07:00,75532,2026-09-20T03:55:06.2601604-07:00,5.249271,6.365883
2026-09-20T05:42:23.2141445-07:00,75532,2026-09-20T03:55:06.2601604-07:00,5.304729,6.365883
2026-09-20T05:42:25.2563704-07:00,75532,2026-09-20T03:55:06.2601604-07:00,5.140976,6.365883
2026-09-20T05:42:27.2809605-07:00,75532,2026-09-20T03:55:06.2601604-07:00,5.359982,6.365883
2026-09-20T05:42:29.3068692-07:00,75532,2026-09-20T03:55:06.2601604-07:00,5.415203,6.365883
2026-09-20T05:42:31.3325855-07:00,75532,2026-09-20T03:55:06.2601604-07:00,5.472919,6.365883
2026-09-20T05:42:33.3589279-07:00,75532,2026-09-20T03:55:06.2601604-07:00,5.672447,6.365883
2026-09-20T05:42:35.3926149-07:00,75532,2026-09-20T03:55:06.2601604-07:00,4.950439,6.365883
2026-09-20T05:42:37.4089626-07:00,75532,2026-09-20T03:55:06.2601604-07:00,4.246181,6.365883
2026-09-20T05:42:39.4357413-07:00,75532,2026-09-20T03:55:06.2601604-07:00,5.092911,6.365883
2026-09-20T05:42:41.4578366-07:00,75532,2026-09-20T03:55:06.2601604-07:00,6.174469,6.365883
2026-09-20T05:42:43.4826623-07:00,75532,2026-09-20T03:55:06.2601604-07:00,6.358482,6.368240
2026-09-20T05:42:45.5155988-07:00,75532,2026-09-20T03:55:06.2601604-07:00,4.675011,6.368240
2026-09-20T05:42:47.5342895-07:00,75532,2026-09-20T03:55:06.2601604-07:00,4.773705,6.368240
2026-09-20T05:42:49.5525536-07:00,75532,2026-09-20T03:55:06.2601604-07:00,4.555870,6.368240
2026-09-20T05:42:51.5643943-07:00,75532,2026-09-20T03:55:06.2601604-07:00,4.872913,6.368240
2026-09-20T05:42:53.5925192-07:00,75532,2026-09-20T03:55:06.2601604-07:00,4.889088,6.368240
2026-09-20T05:42:55.6181273-07:00,75532,2026-09-20T03:55:06.2601604-07:00,4.968201,6.368240
2026-09-20T05:42:57.6426929-07:00,75532,2026-09-20T03:55:06.2601604-07:00,5.047302,6.368240
2026-09-20T05:42:59.6658044-07:00,75532,2026-09-20T03:55:06.2601604-07:00,5.101597,6.368240
2026-09-20T05:43:01.6825944-07:00,75532,2026-09-20T03:55:06.2601604-07:00,5.122608,6.368240
2026-09-20T05:43:03.7105036-07:00,75532,2026-09-20T03:55:06.2601604-07:00,5.202412,6.368240
2026-09-20T05:43:05.7386288-07:00,75532,2026-09-20T03:55:06.2601604-07:00,5.279484,6.368240
2026-09-20T05:43:07.7681487-07:00,75532,2026-09-20T03:55:06.2601604-07:00,5.423603,6.368240
2026-09-20T05:43:09.7927879-07:00,75532,2026-09-20T03:55:06.2601604-07:00,5.356510,6.368240
2026-09-20T05:43:11.8280668-07:00,75532,2026-09-20T03:55:06.2601604-07:00,5.439297,6.368240
2026-09-20T05:43:13.8594036-07:00,75532,2026-09-20T03:55:06.2601604-07:00,4.326057,6.368240
2026-09-20T05:43:15.8776967-07:00,75532,2026-09-20T03:55:06.2601604-07:00,4.965801,6.368240
2026-09-20T05:43:17.8930918-07:00,75532,2026-09-20T03:55:06.2601604-07:00,4.967377,6.368240
2026-09-20T05:43:19.9272466-07:00,75532,2026-09-20T03:55:06.2601604-07:00,4.989010,6.368240
2026-09-20T05:43:21.9708579-07:00,75532,2026-09-20T03:55:06.2601604-07:00,4.971333,6.368240
2026-09-20T05:43:23.9926226-07:00,75532,2026-09-20T03:55:06.2601604-07:00,5.139809,6.368240
2026-09-20T05:43:26.0157530-07:00,75532,2026-09-20T03:55:06.2601604-07:00,5.099354,6.368240
2026-09-20T05:43:28.0494092-07:00,75532,2026-09-20T03:55:06.2601604-07:00,5.154999,6.368240
2026-09-20T05:43:30.0777999-07:00,75532,2026-09-20T03:55:06.2601604-07:00,5.210411,6.368240
2026-09-20T05:43:32.1159006-07:00,75532,2026-09-20T03:55:06.2601604-07:00,5.347618,6.368240
2026-09-20T05:43:34.1288061-07:00,75532,2026-09-20T03:55:06.2601604-07:00,5.266823,6.368240
2026-09-20T05:43:36.1536827-07:00,75532,2026-09-20T03:55:06.2601604-07:00,5.324009,6.368240
2026-09-20T05:43:38.1797166-07:00,75532,2026-09-20T03:55:06.2601604-07:00,5.379852,6.368240
2026-09-20T05:43:40.2048614-07:00,75532,2026-09-20T03:55:06.2601604-07:00,5.517746,6.368240
2026-09-20T05:43:42.2469710-07:00,75532,2026-09-20T03:55:06.2601604-07:00,5.445786,6.368240
2026-09-20T05:43:44.2625670-07:00,75532,2026-09-20T03:55:06.2601604-07:00,4.920658,6.368240
2026-09-20T05:43:46.2871948-07:00,75532,2026-09-20T03:55:06.2601604-07:00,5.003906,6.368240
2026-09-20T05:43:48.3164600-07:00,75532,2026-09-20T03:55:06.2601604-07:00,4.206818,6.368240
2026-09-20T05:43:50.3413606-07:00,75532,2026-09-20T03:55:06.2601604-07:00,5.415714,6.368240
2026-09-20T05:43:52.3886180-07:00,75532,2026-09-20T03:55:06.2601604-07:00,6.153355,6.368240
2026-09-20T05:43:54.4108441-07:00,75532,2026-09-20T03:55:06.2601604-07:00,4.917820,6.368240
2026-09-20T05:43:56.4341203-07:00,75532,2026-09-20T03:55:06.2601604-07:00,5.081116,6.368240
2026-09-20T05:43:58.4563347-07:00,75532,2026-09-20T03:55:06.2601604-07:00,4.974194,6.368240
2026-09-20T05:44:00.4952718-07:00,75532,2026-09-20T03:55:06.2601604-07:00,4.996185,6.368240
2026-09-20T05:44:02.5099051-07:00,75532,2026-09-20T03:55:06.2601604-07:00,5.051949,6.368240
2026-09-20T05:44:04.5399124-07:00,75532,2026-09-20T03:55:06.2601604-07:00,5.188843,6.368240
2026-09-20T05:44:06.5562497-07:00,75532,2026-09-20T03:55:06.2601604-07:00,5.107254,6.368240
2026-09-20T05:44:08.5934199-07:00,75532,2026-09-20T03:55:06.2601604-07:00,5.162563,6.368240
2026-09-20T05:44:10.6163054-07:00,75532,2026-09-20T03:55:06.2601604-07:00,5.218357,6.368240
2026-09-20T05:44:12.6411504-07:00,75532,2026-09-20T03:55:06.2601604-07:00,5.355282,6.368240
2026-09-20T05:44:14.6657305-07:00,75532,2026-09-20T03:55:06.2601604-07:00,5.273785,6.368240
2026-09-20T05:44:16.6954060-07:00,75532,2026-09-20T03:55:06.2601604-07:00,5.330120,6.368240
2026-09-20T05:44:18.7229578-07:00,75532,2026-09-20T03:55:06.2601604-07:00,5.386009,6.368240
2026-09-20T05:44:20.7686191-07:00,75532,2026-09-20T03:55:06.2601604-07:00,4.748577,6.368240
2026-09-20T05:44:22.7860666-07:00,75532,2026-09-20T03:55:06.2601604-07:00,5.460419,6.368240
2026-09-20T05:44:24.8030941-07:00,75532,2026-09-20T03:55:06.2601604-07:00,4.941448,6.368240
2026-09-20T05:44:26.8204852-07:00,75532,2026-09-20T03:55:06.2601604-07:00,4.883755,6.368240
2026-09-20T05:44:28.8656286-07:00,75532,2026-09-20T03:55:06.2601604-07:00,5.094242,6.368240
2026-09-20T05:44:30.8959943-07:00,75532,2026-09-20T03:55:06.2601604-07:00,5.020245,6.368240
2026-09-20T05:44:32.9195787-07:00,75532,2026-09-20T03:55:06.2601604-07:00,5.075409,6.368240
2026-09-20T05:44:34.9428296-07:00,75532,2026-09-20T03:55:06.2601604-07:00,5.130890,6.368240
2026-09-20T05:44:36.9748487-07:00,75532,2026-09-20T03:55:06.2601604-07:00,5.185177,6.368240
2026-09-20T05:44:39.0111570-07:00,75532,2026-09-20T03:55:06.2601604-07:00,5.186062,6.368240
2026-09-20T05:44:41.0453606-07:00,75532,2026-09-20T03:55:06.2601604-07:00,5.241238,6.368240
2026-09-20T05:44:43.0701408-07:00,75532,2026-09-20T03:55:06.2601604-07:00,5.296516,6.368240
2026-09-20T05:44:45.0929810-07:00,75532,2026-09-20T03:55:06.2601604-07:00,5.433559,6.368240
2026-09-20T05:44:47.1182877-07:00,75532,2026-09-20T03:55:06.2601604-07:00,5.352589,6.368240
2026-09-20T05:44:49.1460706-07:00,75532,2026-09-20T03:55:06.2601604-07:00,5.408871,6.368240
2026-09-20T05:44:51.1736261-07:00,75532,2026-09-20T03:55:06.2601604-07:00,5.465435,6.368240
2026-09-20T05:44:53.2050083-07:00,75532,2026-09-20T03:55:06.2601604-07:00,5.606792,6.368240
2026-09-20T05:44:55.2324226-07:00,75532,2026-09-20T03:55:06.2601604-07:00,4.938618,6.368240
2026-09-20T05:44:57.2850881-07:00,75532,2026-09-20T03:55:06.2601604-07:00,4.226856,6.368240
2026-09-20T05:44:59.3073234-07:00,75532,2026-09-20T03:55:06.2601604-07:00,4.328384,6.368240
2026-09-20T05:45:01.3373573-07:00,75532,2026-09-20T03:55:06.2601604-07:00,6.163376,6.368240
2026-09-20T05:45:03.3513255-07:00,75532,2026-09-20T03:55:06.2601604-07:00,6.171169,6.368240
2026-09-20T05:45:05.3764802-07:00,75532,2026-09-20T03:55:06.2601604-07:00,4.916847,6.368240
2026-09-20T05:45:07.4127967-07:00,75532,2026-09-20T03:55:06.2601604-07:00,5.079803,6.368240
2026-09-20T05:45:09.4355358-07:00,75532,2026-09-20T03:55:06.2601604-07:00,4.972164,6.368240
2026-09-20T05:45:11.4556323-07:00,75532,2026-09-20T03:55:06.2601604-07:00,4.994015,6.368240
2026-09-20T05:45:13.4907085-07:00,75532,2026-09-20T03:55:06.2601604-07:00,5.049316,6.368240
2026-09-20T05:45:15.5097118-07:00,75532,2026-09-20T03:55:06.2601604-07:00,5.186211,6.368240
2026-09-20T05:45:17.5493841-07:00,75532,2026-09-20T03:55:06.2601604-07:00,5.104622,6.368240
2026-09-20T05:45:19.5750902-07:00,75532,2026-09-20T03:55:06.2601604-07:00,5.159931,6.368240
2026-09-20T05:45:21.5994208-07:00,75532,2026-09-20T03:55:06.2601604-07:00,5.215530,6.368240
2026-09-20T05:45:23.6199987-07:00,75532,2026-09-20T03:55:06.2601604-07:00,5.364868,6.368240
2026-09-20T05:45:25.6516743-07:00,75532,2026-09-20T03:55:06.2601604-07:00,5.270920,6.368240
2026-09-20T05:45:27.6833305-07:00,75532,2026-09-20T03:55:06.2601604-07:00,5.326283,6.368240
2026-09-20T05:45:29.7116840-07:00,75532,2026-09-20T03:55:06.2601604-07:00,5.386730,6.368240
2026-09-20T05:45:31.7343294-07:00,75532,2026-09-20T03:55:06.2601604-07:00,4.733387,6.368240
2026-09-20T05:45:33.7595404-07:00,75532,2026-09-20T03:55:06.2601604-07:00,5.466526,6.368240
2026-09-20T05:45:35.8098174-07:00,75532,2026-09-20T03:55:06.2601604-07:00,4.940712,6.368240
2026-09-20T05:45:37.8370288-07:00,75532,2026-09-20T03:55:06.2601604-07:00,4.995899,6.368240
2026-09-20T05:45:39.8638152-07:00,75532,2026-09-20T03:55:06.2601604-07:00,5.092091,6.368240
2026-09-20T05:45:41.8824014-07:00,75532,2026-09-20T03:55:06.2601604-07:00,5.017830,6.368240
2026-09-20T05:45:43.9078145-07:00,75532,2026-09-20T03:55:06.2601604-07:00,5.072994,6.368240
2026-09-20T05:45:45.9365257-07:00,75532,2026-09-20T03:55:06.2601604-07:00,5.128162,6.368240
2026-09-20T05:45:47.9618061-07:00,75532,2026-09-20T03:55:06.2601604-07:00,5.265060,6.368240
2026-09-20T05:45:49.9793140-07:00,75532,2026-09-20T03:55:06.2601604-07:00,5.183331,6.368240
2026-09-20T05:45:51.9983150-07:00,75532,2026-09-20T03:55:06.2601604-07:00,5.238503,6.368240
2026-09-20T05:45:54.0387652-07:00,75532,2026-09-20T03:55:06.2601604-07:00,5.293671,6.368240
2026-09-20T05:45:56.0625228-07:00,75532,2026-09-20T03:55:06.2601604-07:00,5.430561,6.368240
2026-09-20T05:45:58.0913957-07:00,75532,2026-09-20T03:55:06.2601604-07:00,5.348850,6.368240
2026-09-20T05:46:00.1027735-07:00,75532,2026-09-20T03:55:06.2601604-07:00,5.404224,6.368240
2026-09-20T05:46:02.1286547-07:00,75532,2026-09-20T03:55:06.2601604-07:00,5.468327,6.368240
2026-09-20T05:46:04.1823468-07:00,75532,2026-09-20T03:55:06.2601604-07:00,5.667538,6.368240
2026-09-20T05:46:06.2008381-07:00,75532,2026-09-20T03:55:06.2601604-07:00,4.946693,6.368240
2026-09-20T05:46:08.2242527-07:00,75532,2026-09-20T03:55:06.2601604-07:00,4.234764,6.368240
2026-09-20T05:46:10.2515247-07:00,75532,2026-09-20T03:55:06.2601604-07:00,5.089527,6.368240
2026-09-20T05:46:12.2745440-07:00,75532,2026-09-20T03:55:06.2601604-07:00,6.171066,6.368240
2026-09-20T05:46:14.3207409-07:00,75532,2026-09-20T03:55:06.2601604-07:00,6.289921,6.368240
2026-09-20T05:46:16.3493687-07:00,75532,2026-09-20T03:55:06.2601604-07:00,4.932137,6.368240
2026-09-20T05:46:18.3804364-07:00,75532,2026-09-20T03:55:06.2601604-07:00,4.987453,6.368240
2026-09-20T05:46:20.3929036-07:00,75532,2026-09-20T03:55:06.2601604-07:00,4.283642,6.368240
2026-09-20T05:46:22.4427401-07:00,75532,2026-09-20T03:55:06.2601604-07:00,5.009216,6.368240
2026-09-20T05:46:24.4666907-07:00,75532,2026-09-20T03:55:06.2601604-07:00,5.064514,6.368240
2026-09-20T05:46:26.4807419-07:00,75532,2026-09-20T03:55:06.2601604-07:00,5.119820,6.368240
2026-09-20T05:46:28.5046804-07:00,75532,2026-09-20T03:55:06.2601604-07:00,5.256718,6.368240
2026-09-20T05:46:30.5244417-07:00,75532,2026-09-20T03:55:06.2601604-07:00,5.175125,6.368240
2026-09-20T05:46:32.5704475-07:00,75532,2026-09-20T03:55:06.2601604-07:00,5.230423,6.368240
2026-09-20T05:46:34.5952775-07:00,75532,2026-09-20T03:55:06.2601604-07:00,5.285728,6.368240
2026-09-20T05:46:36.6224047-07:00,75532,2026-09-20T03:55:06.2601604-07:00,5.448769,6.368240
2026-09-20T05:46:38.6446887-07:00,75532,2026-09-20T03:55:06.2601604-07:00,5.341087,6.368240
2026-09-20T05:46:40.6727694-07:00,75532,2026-09-20T03:55:06.2601604-07:00,5.397236,6.368240
2026-09-20T05:46:42.7104319-07:00,75532,2026-09-20T03:55:06.2601604-07:00,5.470490,6.368240
2026-09-20T05:46:44.7346601-07:00,75532,2026-09-20T03:55:06.2601604-07:00,5.566116,6.368240
2026-09-20T05:46:46.7540472-07:00,75532,2026-09-20T03:55:06.2601604-07:00,4.946671,6.368240
2026-09-20T05:46:48.7752358-07:00,75532,2026-09-20T03:55:06.2601604-07:00,5.002159,6.368240
2026-09-20T05:46:50.8063033-07:00,75532,2026-09-20T03:55:06.2601604-07:00,4.298340,6.368240
2026-09-20T05:46:52.8226430-07:00,75532,2026-09-20T03:55:06.2601604-07:00,5.023781,6.368240
2026-09-20T05:46:54.8386028-07:00,75532,2026-09-20T03:55:06.2601604-07:00,5.079567,6.368240
2026-09-20T05:46:56.8646438-07:00,75532,2026-09-20T03:55:06.2601604-07:00,5.134727,6.368240
2026-09-20T05:46:58.8897137-07:00,75532,2026-09-20T03:55:06.2601604-07:00,4.500942,6.368240
2026-09-20T05:47:00.9215758-07:00,75532,2026-09-20T03:55:06.2601604-07:00,5.189888,6.368240
2026-09-20T05:47:02.9346974-07:00,75532,2026-09-20T03:55:06.2601604-07:00,5.245049,6.368240
2026-09-20T05:47:04.9710805-07:00,75532,2026-09-20T03:55:06.2601604-07:00,5.300442,6.368240
2026-09-20T05:47:07.0009879-07:00,75532,2026-09-20T03:55:06.2601604-07:00,4.657345,6.368240
2026-09-20T05:47:09.0196642-07:00,75532,2026-09-20T03:55:06.2601604-07:00,5.355621,6.368240
2026-09-20T05:47:11.0452283-07:00,75532,2026-09-20T03:55:06.2601604-07:00,5.410816,6.368240
2026-09-20T05:47:13.0677131-07:00,75532,2026-09-20T03:55:06.2601604-07:00,5.469921,6.368240
2026-09-20T05:47:15.0875921-07:00,75532,2026-09-20T03:55:06.2601604-07:00,5.648266,6.368240
2026-09-20T05:47:17.1056573-07:00,75532,2026-09-20T03:55:06.2601604-07:00,4.942612,6.368240
2026-09-20T05:47:19.1202300-07:00,75532,2026-09-20T03:55:06.2601604-07:00,5.366001,6.368240
2026-09-20T05:47:21.1566104-07:00,75532,2026-09-20T03:55:06.2601604-07:00,6.166470,6.368240
2026-09-20T05:47:23.1775829-07:00,75532,2026-09-20T03:55:06.2601604-07:00,4.751743,6.368240
2026-09-20T05:47:25.1977461-07:00,75532,2026-09-20T03:55:06.2601604-07:00,4.983276,6.368240
2026-09-20T05:47:27.2269740-07:00,75532,2026-09-20T03:55:06.2601604-07:00,4.984306,6.368240
2026-09-20T05:47:29.2636989-07:00,75532,2026-09-20T03:55:06.2601604-07:00,5.006073,6.368240
2026-09-20T05:47:31.2846117-07:00,75532,2026-09-20T03:55:06.2601604-07:00,5.008812,6.368240
2026-09-20T05:47:33.3090153-07:00,75532,2026-09-20T03:55:06.2601604-07:00,5.116375,6.368240
2026-09-20T05:47:35.3124676-07:00,75532,2026-09-20T03:55:06.2601604-07:00,5.117393,6.368240
2026-09-20T05:47:37.3526793-07:00,75532,2026-09-20T03:55:06.2601604-07:00,5.172691,6.368240
2026-09-20T05:47:39.3744848-07:00,75532,2026-09-20T03:55:06.2601604-07:00,5.228298,6.368240
2026-09-20T05:47:41.4059204-07:00,75532,2026-09-20T03:55:06.2601604-07:00,5.350533,6.368240
2026-09-20T05:47:43.4337664-07:00,75532,2026-09-20T03:55:06.2601604-07:00,5.283607,6.368240
2026-09-20T05:47:45.4480600-07:00,75532,2026-09-20T03:55:06.2601604-07:00,5.339058,6.368240
2026-09-20T05:47:47.4724433-07:00,75532,2026-09-20T03:55:06.2601604-07:00,5.394310,6.368240
2026-09-20T05:47:49.5155008-07:00,75532,2026-09-20T03:55:06.2601604-07:00,5.534302,6.368240
2026-09-20T05:47:51.5224495-07:00,75532,2026-09-20T03:55:06.2601604-07:00,5.470554,6.368240
2026-09-20T05:47:53.5448853-07:00,75532,2026-09-20T03:55:06.2601604-07:00,4.950073,6.368240
2026-09-20T05:47:55.5556790-07:00,75532,2026-09-20T03:55:06.2601604-07:00,5.105278,6.368240
2026-09-20T05:47:57.6091371-07:00,75532,2026-09-20T03:55:06.2601604-07:00,5.005558,6.368240
2026-09-20T05:47:59.6269010-07:00,75532,2026-09-20T03:55:06.2601604-07:00,5.027184,6.368240
2026-09-20T05:48:01.6565417-07:00,75532,2026-09-20T03:55:06.2601604-07:00,5.082344,6.368240
2026-09-20T05:48:03.6726636-07:00,75532,2026-09-20T03:55:06.2601604-07:00,4.427135,6.368240
2026-09-20T05:48:05.6931999-07:00,75532,2026-09-20T03:55:06.2601604-07:00,5.139881,6.368240
2026-09-20T05:48:07.7227109-07:00,75532,2026-09-20T03:55:06.2601604-07:00,5.195034,6.368240
2026-09-20T05:48:09.7423614-07:00,75532,2026-09-20T03:55:06.2601604-07:00,5.250191,6.368240
2026-09-20T05:48:11.7632008-07:00,75532,2026-09-20T03:55:06.2601604-07:00,5.072407,6.368240
2026-09-20T05:48:13.7879228-07:00,75532,2026-09-20T03:55:06.2601604-07:00,5.359871,6.368240
2026-09-20T05:48:15.8026912-07:00,75532,2026-09-20T03:55:06.2601604-07:00,5.360764,6.368240
2026-09-20T05:48:17.8462556-07:00,75532,2026-09-20T03:55:06.2601604-07:00,5.416046,6.368240
2026-09-20T05:48:19.8681237-07:00,75532,2026-09-20T03:55:06.2601604-07:00,5.474152,6.368240
2026-09-20T05:48:21.8881393-07:00,75532,2026-09-20T03:55:06.2601604-07:00,5.612835,6.368240
2026-09-20T05:48:23.9214910-07:00,75532,2026-09-20T03:55:06.2601604-07:00,4.950714,6.368240
2026-09-20T05:48:25.9529507-07:00,75532,2026-09-20T03:55:06.2601604-07:00,4.265797,6.368240
2026-09-20T05:48:27.9788503-07:00,75532,2026-09-20T03:55:06.2601604-07:00,4.285694,6.368240
2026-09-20T05:48:30.0088345-07:00,75532,2026-09-20T03:55:06.2601604-07:00,6.174725,6.368240
2026-09-20T05:48:32.0323802-07:00,75532,2026-09-20T03:55:06.2601604-07:00,6.182518,6.368240
2026-09-20T05:48:34.0498931-07:00,75532,2026-09-20T03:55:06.2601604-07:00,4.939259,6.368469
2026-09-20T05:48:36.0787116-07:00,75532,2026-09-20T03:55:06.2601604-07:00,4.994450,6.368469
2026-09-20T05:48:38.0946110-07:00,75532,2026-09-20T03:55:06.2601604-07:00,5.132061,6.368469
2026-09-20T05:48:40.1292853-07:00,75532,2026-09-20T03:55:06.2601604-07:00,5.016827,6.368469
2026-09-20T05:48:42.1569149-07:00,75532,2026-09-20T03:55:06.2601604-07:00,5.072044,6.368469
2026-09-20T05:48:44.1711873-07:00,75532,2026-09-20T03:55:06.2601604-07:00,5.127254,6.368469
2026-09-20T05:48:46.2130069-07:00,75532,2026-09-20T03:55:06.2601604-07:00,5.264153,6.368469
2026-09-20T05:48:48.2331702-07:00,75532,2026-09-20T03:55:06.2601604-07:00,5.182468,6.368469
2026-09-20T05:48:50.2530126-07:00,75532,2026-09-20T03:55:06.2601604-07:00,5.237663,6.368469
2026-09-20T05:48:52.2727809-07:00,75532,2026-09-20T03:55:06.2601604-07:00,5.292831,6.368469
2026-09-20T05:48:54.2942236-07:00,75532,2026-09-20T03:55:06.2601604-07:00,5.347118,6.368469
2026-09-20T05:48:56.3332757-07:00,75532,2026-09-20T03:55:06.2601604-07:00,5.347980,6.368469
2026-09-20T05:48:58.3628663-07:00,75532,2026-09-20T03:55:06.2601604-07:00,5.403225,6.368469
2026-09-20T05:49:00.3839483-07:00,75532,2026-09-20T03:55:06.2601604-07:00,5.474224,6.368469
2026-09-20T05:49:02.4056413-07:00,75532,2026-09-20T03:55:06.2601604-07:00,5.616535,6.368469
2026-09-20T05:49:04.4328981-07:00,75532,2026-09-20T03:55:06.2601604-07:00,4.958733,6.368469
2026-09-20T05:49:06.4536809-07:00,75532,2026-09-20T03:55:06.2601604-07:00,5.013847,6.368469
2026-09-20T05:49:08.4728180-07:00,75532,2026-09-20T03:55:06.2601604-07:00,4.878067,6.368469
2026-09-20T05:49:10.4905413-07:00,75532,2026-09-20T03:55:06.2601604-07:00,5.089691,6.368469
2026-09-20T05:49:12.5072388-07:00,75532,2026-09-20T03:55:06.2601604-07:00,5.090508,6.368469
2026-09-20T05:49:14.5378257-07:00,75532,2026-09-20T03:55:06.2601604-07:00,5.145603,6.368469
2026-09-20T05:49:16.5558585-07:00,75532,2026-09-20T03:55:06.2601604-07:00,5.200706,6.368469
2026-09-20T05:49:18.5799031-07:00,75532,2026-09-20T03:55:06.2601604-07:00,5.337914,6.368469
2026-09-20T05:49:20.5958767-07:00,75532,2026-09-20T03:55:06.2601604-07:00,5.256123,6.368469
2026-09-20T05:49:22.6147018-07:00,75532,2026-09-20T03:55:06.2601604-07:00,5.311539,6.368469
2026-09-20T05:49:24.6630370-07:00,75532,2026-09-20T03:55:06.2601604-07:00,5.366653,6.368469
2026-09-20T05:49:26.6879248-07:00,75532,2026-09-20T03:55:06.2601604-07:00,5.503815,6.368469
2026-09-20T05:49:28.7066983-07:00,75532,2026-09-20T03:55:06.2601604-07:00,5.422054,6.368469
2026-09-20T05:49:30.7330831-07:00,75532,2026-09-20T03:55:06.2601604-07:00,5.477283,6.368469
2026-09-20T05:49:32.7713398-07:00,75532,2026-09-20T03:55:06.2601604-07:00,4.596756,6.368469
2026-09-20T05:49:34.7942062-07:00,75532,2026-09-20T03:55:06.2601604-07:00,4.991615,6.368469
2026-09-20T05:49:36.8173111-07:00,75532,2026-09-20T03:55:06.2601604-07:00,4.232708,6.368469
2026-09-20T05:49:38.8481770-07:00,75532,2026-09-20T03:55:06.2601604-07:00,4.906807,6.368469
2026-09-20T05:49:40.8751905-07:00,75532,2026-09-20T03:55:06.2601604-07:00,6.168873,6.368469
2026-09-20T05:49:42.9095065-07:00,75532,2026-09-20T03:55:06.2601604-07:00,4.415573,6.368469
2026-09-20T05:49:44.9418470-07:00,75532,2026-09-20T03:55:06.2601604-07:00,4.953415,6.368469
2026-09-20T05:49:46.9737783-07:00,75532,2026-09-20T03:55:06.2601604-07:00,4.985237,6.368469
2026-09-20T05:49:48.9996090-07:00,75532,2026-09-20T03:55:06.2601604-07:00,5.007568,6.368469
2026-09-20T05:49:51.0239601-07:00,75532,2026-09-20T03:55:06.2601604-07:00,5.062737,6.368469
2026-09-20T05:49:53.0636827-07:00,75532,2026-09-20T03:55:06.2601604-07:00,5.199665,6.368469
2026-09-20T05:49:55.0826731-07:00,75532,2026-09-20T03:55:06.2601604-07:00,5.117939,6.368469
2026-09-20T05:49:57.1047298-07:00,75532,2026-09-20T03:55:06.2601604-07:00,5.173103,6.368469
2026-09-20T05:49:59.1272848-07:00,75532,2026-09-20T03:55:06.2601604-07:00,5.228321,6.368469
2026-09-20T05:50:01.1669728-07:00,75532,2026-09-20T03:55:06.2601604-07:00,4.572067,6.368469
2026-09-20T05:50:03.1841654-07:00,75532,2026-09-20T03:55:06.2601604-07:00,5.283455,6.368469
2026-09-20T05:50:05.2095333-07:00,75532,2026-09-20T03:55:06.2601604-07:00,5.338570,6.368469
2026-09-20T05:50:07.2309122-07:00,75532,2026-09-20T03:55:06.2601604-07:00,5.394073,6.368469
2026-09-20T05:50:09.2600364-07:00,75532,2026-09-20T03:55:06.2601604-07:00,5.034439,6.368469
2026-09-20T05:50:11.2901768-07:00,75532,2026-09-20T03:55:06.2601604-07:00,5.525543,6.368469
2026-09-20T05:50:13.3125911-07:00,75532,2026-09-20T03:55:06.2601604-07:00,4.954792,6.368469
2026-09-20T05:50:15.3300196-07:00,75532,2026-09-20T03:55:06.2601604-07:00,5.009903,6.368469
2026-09-20T05:50:17.3560599-07:00,75532,2026-09-20T03:55:06.2601604-07:00,4.512657,6.368469
2026-09-20T05:50:19.3873735-07:00,75532,2026-09-20T03:55:06.2601604-07:00,5.031456,6.368469
2026-09-20T05:50:21.4158787-07:00,75532,2026-09-20T03:55:06.2601604-07:00,5.086555,6.368469
2026-09-20T05:50:23.4541260-07:00,75532,2026-09-20T03:55:06.2601604-07:00,5.142673,6.368469
2026-09-20T05:50:25.4861880-07:00,75532,2026-09-20T03:55:06.2601604-07:00,4.684700,6.368469
2026-09-20T05:50:27.5093168-07:00,75532,2026-09-20T03:55:06.2601604-07:00,5.252060,6.368469
2026-09-20T05:50:29.5464492-07:00,75532,2026-09-20T03:55:06.2601604-07:00,5.252872,6.368469
2026-09-20T05:50:31.5770846-07:00,75532,2026-09-20T03:55:06.2601604-07:00,5.307991,6.368469
2026-09-20T05:50:33.5932041-07:00,75532,2026-09-20T03:55:06.2601604-07:00,5.363106,6.368469
2026-09-20T05:50:35.6096026-07:00,75532,2026-09-20T03:55:06.2601604-07:00,5.500000,6.368469
2026-09-20T05:50:37.6359353-07:00,75532,2026-09-20T03:55:06.2601604-07:00,5.418209,6.368469
2026-09-20T05:50:39.6835653-07:00,75532,2026-09-20T03:55:06.2601604-07:00,5.473320,6.368469
2026-09-20T05:50:41.7008119-07:00,75532,2026-09-20T03:55:06.2601604-07:00,4.402168,6.368469
2026-09-20T05:50:43.7286656-07:00,75532,2026-09-20T03:55:06.2601604-07:00,4.985661,6.368469
2026-09-20T05:50:45.7500053-07:00,75532,2026-09-20T03:55:06.2601604-07:00,4.226883,6.368469
2026-09-20T05:50:47.7802079-07:00,75532,2026-09-20T03:55:06.2601604-07:00,5.089329,6.368469
2026-09-20T05:50:49.8010881-07:00,75532,2026-09-20T03:55:06.2601604-07:00,6.163002,6.368469
2026-09-20T05:50:51.8279128-07:00,75532,2026-09-20T03:55:06.2601604-07:00,6.298222,6.368469
2026-09-20T05:50:53.8429637-07:00,75532,2026-09-20T03:55:06.2601604-07:00,4.927872,6.368469
2026-09-20T05:50:55.8684463-07:00,75532,2026-09-20T03:55:06.2601604-07:00,4.983009,6.368469
2026-09-20T05:50:57.8925552-07:00,75532,2026-09-20T03:55:06.2601604-07:00,5.004589,6.368469
2026-09-20T05:50:59.9142670-07:00,75532,2026-09-20T03:55:06.2601604-07:00,4.370773,6.368469
2026-09-20T05:51:01.9499173-07:00,75532,2026-09-20T03:55:06.2601604-07:00,5.059700,6.368469
2026-09-20T05:51:03.9673027-07:00,75532,2026-09-20T03:55:06.2601604-07:00,5.114811,6.368469
2026-09-20T05:51:05.9849468-07:00,75532,2026-09-20T03:55:06.2601604-07:00,5.169926,6.368469
2026-09-20T05:51:08.0124853-07:00,75532,2026-09-20T03:55:06.2601604-07:00,4.536118,6.368469
2026-09-20T05:51:10.0455573-07:00,75532,2026-09-20T03:55:06.2601604-07:00,5.248352,6.368469
2026-09-20T05:51:12.0763547-07:00,75532,2026-09-20T03:55:06.2601604-07:00,5.280170,6.368469
2026-09-20T05:51:14.1012587-07:00,75532,2026-09-20T03:55:06.2601604-07:00,5.335285,6.368469
2026-09-20T05:51:16.1591218-07:00,75532,2026-09-20T03:55:06.2601604-07:00,5.390488,6.368469
2026-09-20T05:51:18.1785943-07:00,75532,2026-09-20T03:55:06.2601604-07:00,5.534859,6.368469
2026-09-20T05:51:20.1973164-07:00,75532,2026-09-20T03:55:06.2601604-07:00,5.469589,6.368469
2026-09-20T05:51:22.2176791-07:00,75532,2026-09-20T03:55:06.2601604-07:00,4.951866,6.368469
2026-09-20T05:51:24.2497761-07:00,75532,2026-09-20T03:55:06.2601604-07:00,4.398041,6.368469
2026-09-20T05:51:26.3125051-07:00,75532,2026-09-20T03:55:06.2601604-07:00,5.031673,6.368469
2026-09-20T05:51:28.3275337-07:00,75532,2026-09-20T03:55:06.2601604-07:00,5.028511,6.368469
2026-09-20T05:51:30.3500475-07:00,75532,2026-09-20T03:55:06.2601604-07:00,5.083595,6.368469
2026-09-20T05:51:32.3828872-07:00,75532,2026-09-20T03:55:06.2601604-07:00,5.138680,6.368469
2026-09-20T05:51:34.4028532-07:00,75532,2026-09-20T03:55:06.2601604-07:00,5.275574,6.368469
2026-09-20T05:51:36.4411810-07:00,75532,2026-09-20T03:55:06.2601604-07:00,5.193768,6.368469
2026-09-20T05:51:38.4748857-07:00,75532,2026-09-20T03:55:06.2601604-07:00,5.248863,6.368469
2026-09-20T05:51:40.4985575-07:00,75532,2026-09-20T03:55:06.2601604-07:00,5.303959,6.368469
2026-09-20T05:51:42.5293168-07:00,75532,2026-09-20T03:55:06.2601604-07:00,5.440849,6.368469
2026-09-20T05:51:44.5655811-07:00,75532,2026-09-20T03:55:06.2601604-07:00,5.359066,6.368469
2026-09-20T05:51:46.5961008-07:00,75532,2026-09-20T03:55:06.2601604-07:00,5.414215,6.368469
2026-09-20T05:51:48.6261904-07:00,75532,2026-09-20T03:55:06.2601604-07:00,5.470798,6.368469
2026-09-20T05:51:50.6439941-07:00,75532,2026-09-20T03:55:06.2601604-07:00,5.668468,6.368469
2026-09-20T05:51:52.6567774-07:00,75532,2026-09-20T03:55:06.2601604-07:00,4.941841,6.368469
2026-09-20T05:51:54.7010155-07:00,75532,2026-09-20T03:55:06.2601604-07:00,4.219837,6.368469
2026-09-20T05:51:56.7168880-07:00,75532,2026-09-20T03:55:06.2601604-07:00,4.668850,6.368469
2026-09-20T05:51:58.7333015-07:00,75532,2026-09-20T03:55:06.2601604-07:00,6.165699,6.368469
2026-09-20T05:52:00.7666728-07:00,75532,2026-09-20T03:55:06.2601604-07:00,6.245815,6.368469
2026-09-20T05:52:02.7825773-07:00,75532,2026-09-20T03:55:06.2601604-07:00,4.666622,6.368469
2026-09-20T05:52:04.8205699-07:00,75532,2026-09-20T03:55:06.2601604-07:00,4.767147,6.368469
2026-09-20T05:52:06.8443558-07:00,75532,2026-09-20T03:55:06.2601604-07:00,4.507702,6.368469
2026-09-20T05:52:08.8640810-07:00,75532,2026-09-20T03:55:06.2601604-07:00,4.811234,6.368469
2026-09-20T05:52:10.8917692-07:00,75532,2026-09-20T03:55:06.2601604-07:00,4.882885,6.368469
2026-09-20T05:52:12.9315536-07:00,75532,2026-09-20T03:55:06.2601604-07:00,4.961746,6.368469
2026-09-20T05:52:14.9538063-07:00,75532,2026-09-20T03:55:06.2601604-07:00,4.450485,6.368469
2026-09-20T05:52:16.9828599-07:00,75532,2026-09-20T03:55:06.2601604-07:00,5.071640,6.368469
2026-09-20T05:52:19.0052525-07:00,75532,2026-09-20T03:55:06.2601604-07:00,5.119331,6.368469
2026-09-20T05:52:21.0331873-07:00,75532,2026-09-20T03:55:06.2601604-07:00,5.196190,6.368469
2026-09-20T05:52:23.0748525-07:00,75532,2026-09-20T03:55:06.2601604-07:00,5.273830,6.368469
2026-09-20T05:52:25.0830026-07:00,75532,2026-09-20T03:55:06.2601604-07:00,5.419563,6.368469
2026-09-20T05:52:27.1083325-07:00,75532,2026-09-20T03:55:06.2601604-07:00,5.351700,6.368469
2026-09-20T05:52:29.1380554-07:00,75532,2026-09-20T03:55:06.2601604-07:00,5.433483,6.368469
2026-09-20T05:52:31.1526051-07:00,75532,2026-09-20T03:55:06.2601604-07:00,4.727722,6.368469
2026-09-20T05:52:33.2010269-07:00,75532,2026-09-20T03:55:06.2601604-07:00,4.917675,6.368469
2026-09-20T05:52:35.2282998-07:00,75532,2026-09-20T03:55:06.2601604-07:00,4.973480,6.368469
2026-09-20T05:52:37.2433212-07:00,75532,2026-09-20T03:55:06.2601604-07:00,4.995457,6.368469
2026-09-20T05:52:39.2650520-07:00,75532,2026-09-20T03:55:06.2601604-07:00,4.645241,6.368469
2026-09-20T05:52:41.2827403-07:00,75532,2026-09-20T03:55:06.2601604-07:00,5.138393,6.368469
2026-09-20T05:52:43.3228724-07:00,75532,2026-09-20T03:55:06.2601604-07:00,5.105595,6.368469
2026-09-20T05:52:45.3427678-07:00,75532,2026-09-20T03:55:06.2601604-07:00,5.160690,6.368469
2026-09-20T05:52:47.3554751-07:00,75532,2026-09-20T03:55:06.2601604-07:00,5.215805,6.368469
2026-09-20T05:52:49.3910734-07:00,75532,2026-09-20T03:55:06.2601604-07:00,5.378059,6.368469
2026-09-20T05:52:51.4433159-07:00,75532,2026-09-20T03:55:06.2601604-07:00,5.271149,6.368469
2026-09-20T05:52:53.4735917-07:00,75532,2026-09-20T03:55:06.2601604-07:00,5.326969,6.368469
2026-09-20T05:52:55.5027154-07:00,75532,2026-09-20T03:55:06.2601604-07:00,5.383038,6.368469
2026-09-20T05:52:57.5184180-07:00,75532,2026-09-20T03:55:06.2601604-07:00,5.060253,6.368469
2026-09-20T05:52:59.5331864-07:00,75532,2026-09-20T03:55:06.2601604-07:00,5.494129,6.368469
2026-09-20T05:53:01.5646133-07:00,75532,2026-09-20T03:55:06.2601604-07:00,4.916107,6.368469
2026-09-20T05:53:03.5941676-07:00,75532,2026-09-20T03:55:06.2601604-07:00,4.557159,6.368469
2026-09-20T05:53:05.6209177-07:00,75532,2026-09-20T03:55:06.2601604-07:00,4.251400,6.368469
2026-09-20T05:53:07.6493092-07:00,75532,2026-09-20T03:55:06.2601604-07:00,6.148396,6.368469
2026-09-20T05:53:09.6751463-07:00,75532,2026-09-20T03:55:06.2601604-07:00,6.187172,6.368469
2026-09-20T05:53:11.7168197-07:00,75532,2026-09-20T03:55:06.2601604-07:00,4.909199,6.368469
2026-09-20T05:53:13.7391175-07:00,75532,2026-09-20T03:55:06.2601604-07:00,4.964260,6.368469
2026-09-20T05:53:15.7560855-07:00,75532,2026-09-20T03:55:06.2601604-07:00,5.101151,6.368469
2026-09-20T05:53:17.7892068-07:00,75532,2026-09-20T03:55:06.2601604-07:00,4.985977,6.368469
2026-09-20T05:53:19.8370725-07:00,75532,2026-09-20T03:55:06.2601604-07:00,5.041019,6.368469
2026-09-20T05:53:21.8540519-07:00,75532,2026-09-20T03:55:06.2601604-07:00,5.096073,6.368469
2026-09-20T05:53:23.8809407-07:00,75532,2026-09-20T03:55:06.2601604-07:00,4.464420,6.368469
2026-09-20T05:53:25.8986746-07:00,75532,2026-09-20T03:55:06.2601604-07:00,5.196819,6.368469
2026-09-20T05:53:27.9254523-07:00,75532,2026-09-20T03:55:06.2601604-07:00,5.206684,6.368469
2026-09-20T05:53:29.9652209-07:00,75532,2026-09-20T03:55:06.2601604-07:00,5.261887,6.368469
2026-09-20T05:53:31.9909009-07:00,75532,2026-09-20T03:55:06.2601604-07:00,5.318001,6.368469
2026-09-20T05:53:34.0050040-07:00,75532,2026-09-20T03:55:06.2601604-07:00,5.455360,6.368469
2026-09-20T05:53:36.0218629-07:00,75532,2026-09-20T03:55:06.2601604-07:00,5.373871,6.368469
2026-09-20T05:53:38.0390185-07:00,75532,2026-09-20T03:55:06.2601604-07:00,5.451706,6.368469
2026-09-20T05:53:40.0863806-07:00,75532,2026-09-20T03:55:06.2601604-07:00,4.664883,6.368469
2026-09-20T05:53:42.1178308-07:00,75532,2026-09-20T03:55:06.2601604-07:00,5.025219,6.368469
2026-09-20T05:53:44.1431758-07:00,75532,2026-09-20T03:55:06.2601604-07:00,4.992409,6.368469
2026-09-20T05:53:46.1762268-07:00,75532,2026-09-20T03:55:06.2601604-07:00,5.014641,6.368469
2026-09-20T05:53:48.2236819-07:00,75532,2026-09-20T03:55:06.2601604-07:00,5.071144,6.368469
2026-09-20T05:53:50.2477774-07:00,75532,2026-09-20T03:55:06.2601604-07:00,5.208042,6.368469
2026-09-20T05:53:52.2800724-07:00,75532,2026-09-20T03:55:06.2601604-07:00,5.126217,6.368469
2026-09-20T05:53:54.3189366-07:00,75532,2026-09-20T03:55:06.2601604-07:00,4.453026,6.368469
2026-09-20T05:53:56.3572162-07:00,75532,2026-09-20T03:55:06.2601604-07:00,5.181290,6.368469
2026-09-20T05:53:58.4005865-07:00,75532,2026-09-20T03:55:06.2601604-07:00,5.236378,6.368469
2026-09-20T05:54:00.4391454-07:00,75532,2026-09-20T03:55:06.2601604-07:00,4.557999,6.368469
2026-09-20T05:54:02.4622323-07:00,75532,2026-09-20T03:55:06.2601604-07:00,5.291470,6.368469
2026-09-20T05:54:04.4901879-07:00,75532,2026-09-20T03:55:06.2601604-07:00,5.347527,6.368469
2026-09-20T05:54:06.5268283-07:00,75532,2026-09-20T03:55:06.2601604-07:00,5.403763,6.368469
2026-09-20T05:54:08.5530683-07:00,75532,2026-09-20T03:55:06.2601604-07:00,5.566898,6.368469
2026-09-20T05:54:10.5736253-07:00,75532,2026-09-20T03:55:06.2601604-07:00,5.459858,6.368469
2026-09-20T05:54:12.6091213-07:00,75532,2026-09-20T03:55:06.2601604-07:00,4.935360,6.368469
2026-09-20T05:54:14.6414183-07:00,75532,2026-09-20T03:55:06.2601604-07:00,5.077679,6.368469
2026-09-20T05:54:16.7138627-07:00,75532,2026-09-20T03:55:06.2601604-07:00,6.159111,6.368469
2026-09-20T05:54:18.7316337-07:00,75532,2026-09-20T03:55:06.2601604-07:00,6.319412,6.368469
2026-09-20T05:54:20.7575722-07:00,75532,2026-09-20T03:55:06.2601604-07:00,4.921391,6.368469
2026-09-20T05:54:22.7915215-07:00,75532,2026-09-20T03:55:06.2601604-07:00,4.976448,6.368469
2026-09-20T05:54:24.8353410-07:00,75532,2026-09-20T03:55:06.2601604-07:00,4.759686,6.368469
2026-09-20T05:54:26.8718837-07:00,75532,2026-09-20T03:55:06.2601604-07:00,4.997940,6.368469
2026-09-20T05:54:28.9037282-07:00,75532,2026-09-20T03:55:06.2601604-07:00,5.052986,6.368469
2026-09-20T05:54:30.9358485-07:00,75532,2026-09-20T03:55:06.2601604-07:00,5.108036,6.368469
2026-09-20T05:54:32.9731630-07:00,75532,2026-09-20T03:55:06.2601604-07:00,5.244934,6.368469
2026-09-20T05:54:35.0004361-07:00,75532,2026-09-20T03:55:06.2601604-07:00,5.163086,6.368469
2026-09-20T05:54:37.0127535-07:00,75532,2026-09-20T03:55:06.2601604-07:00,5.218445,6.368469
2026-09-20T05:54:39.0433107-07:00,75532,2026-09-20T03:55:06.2601604-07:00,5.226818,6.368469
2026-09-20T05:54:41.0782178-07:00,75532,2026-09-20T03:55:06.2601604-07:00,5.273560,6.368469
2026-09-20T05:54:43.1036102-07:00,75532,2026-09-20T03:55:06.2601604-07:00,5.328793,6.368469
2026-09-20T05:54:45.1253567-07:00,75532,2026-09-20T03:55:06.2601604-07:00,5.383938,6.368469
2026-09-20T05:54:47.1533216-07:00,75532,2026-09-20T03:55:06.2601604-07:00,5.090385,6.368469
2026-09-20T05:54:49.1701350-07:00,75532,2026-09-20T03:55:06.2601604-07:00,5.513397,6.368469
2026-09-20T05:54:51.1927856-07:00,75532,2026-09-20T03:55:06.2601604-07:00,4.941303,6.368469
2026-09-20T05:54:53.2175236-07:00,75532,2026-09-20T03:55:06.2601604-07:00,4.996674,6.368469
2026-09-20T05:54:55.2530650-07:00,75532,2026-09-20T03:55:06.2601604-07:00,4.288208,6.368469
2026-09-20T05:54:57.2805772-07:00,75532,2026-09-20T03:55:06.2601604-07:00,5.072781,6.368469
2026-09-20T05:54:59.3131623-07:00,75532,2026-09-20T03:55:06.2601604-07:00,5.073559,6.368469
2026-09-20T05:55:01.3532593-07:00,75532,2026-09-20T03:55:06.2601604-07:00,5.128632,6.368469
2026-09-20T05:55:03.3745883-07:00,75532,2026-09-20T03:55:06.2601604-07:00,5.140976,6.368469
2026-09-20T05:55:05.3985336-07:00,75532,2026-09-20T03:55:06.2601604-07:00,5.183704,6.368469
2026-09-20T05:55:07.4251638-07:00,75532,2026-09-20T03:55:06.2601604-07:00,5.239098,6.368469
2026-09-20T05:55:09.4650436-07:00,75532,2026-09-20T03:55:06.2601604-07:00,5.294186,6.368469
2026-09-20T05:55:11.4840793-07:00,75532,2026-09-20T03:55:06.2601604-07:00,4.988396,6.368469
2026-09-20T05:55:13.5134975-07:00,75532,2026-09-20T03:55:06.2601604-07:00,5.388203,6.368469
2026-09-20T05:55:15.5444830-07:00,75532,2026-09-20T03:55:06.2601604-07:00,5.405148,6.368469
2026-09-20T05:55:17.5813795-07:00,75532,2026-09-20T03:55:06.2601604-07:00,5.461075,6.368469
2026-09-20T05:55:19.6073507-07:00,75532,2026-09-20T03:55:06.2601604-07:00,5.660053,6.368469
2026-09-20T05:55:21.6346339-07:00,75532,2026-09-20T03:55:06.2601604-07:00,4.940693,6.368469
2026-09-20T05:55:23.6611339-07:00,75532,2026-09-20T03:55:06.2601604-07:00,4.221451,6.368469
2026-09-20T05:55:25.6820321-07:00,75532,2026-09-20T03:55:06.2601604-07:00,5.083481,6.368469
2026-09-20T05:55:27.7149795-07:00,75532,2026-09-20T03:55:06.2601604-07:00,6.164761,6.368469
2026-09-20T05:55:29.7329277-07:00,75532,2026-09-20T03:55:06.2601604-07:00,6.307289,6.368469
2026-09-20T05:55:31.7632968-07:00,75532,2026-09-20T03:55:06.2601604-07:00,4.923264,6.368469
2026-09-20T05:55:33.7892425-07:00,75532,2026-09-20T03:55:06.2601604-07:00,4.978271,6.368469
2026-09-20T05:55:35.8182914-07:00,75532,2026-09-20T03:55:06.2601604-07:00,4.806713,6.368469
2026-09-20T05:55:37.8496128-07:00,75532,2026-09-20T03:55:06.2601604-07:00,5.118599,6.368469
2026-09-20T05:55:39.8754331-07:00,75532,2026-09-20T03:55:06.2601604-07:00,5.054695,6.368469
2026-09-20T05:55:41.8992662-07:00,75532,2026-09-20T03:55:06.2601604-07:00,5.109680,6.368469
2026-09-20T05:55:43.9235851-07:00,75532,2026-09-20T03:55:06.2601604-07:00,5.164650,6.368469
2026-09-20T05:55:45.9516702-07:00,75532,2026-09-20T03:55:06.2601604-07:00,4.530800,6.368469
2026-09-20T05:55:47.9771969-07:00,75532,2026-09-20T03:55:06.2601604-07:00,5.273941,6.368469
2026-09-20T05:55:50.0052527-07:00,75532,2026-09-20T03:55:06.2601604-07:00,5.274658,6.368469
2026-09-20T05:55:52.0313939-07:00,75532,2026-09-20T03:55:06.2601604-07:00,5.329742,6.368469
2026-09-20T05:55:54.0440771-07:00,75532,2026-09-20T03:55:06.2601604-07:00,5.384930,6.368469
2026-09-20T05:55:56.0793230-07:00,75532,2026-09-20T03:55:06.2601604-07:00,5.523758,6.368469
2026-09-20T05:55:58.1030380-07:00,75532,2026-09-20T03:55:06.2601604-07:00,5.455711,6.368469
2026-09-20T05:56:00.1333153-07:00,75532,2026-09-20T03:55:06.2601604-07:00,4.942978,6.368469
2026-09-20T05:56:02.1529039-07:00,75532,2026-09-20T03:55:06.2601604-07:00,5.103008,6.368469
2026-09-20T05:56:04.1817823-07:00,75532,2026-09-20T03:55:06.2601604-07:00,4.998013,6.368469
2026-09-20T05:56:06.2065276-07:00,75532,2026-09-20T03:55:06.2601604-07:00,5.019527,6.368469
2026-09-20T05:56:08.2279564-07:00,75532,2026-09-20T03:55:06.2601604-07:00,5.074902,6.368469
2026-09-20T05:56:10.2494663-07:00,75532,2026-09-20T03:55:06.2601604-07:00,4.530121,6.368469
2026-09-20T05:56:12.2731443-07:00,75532,2026-09-20T03:55:06.2601604-07:00,5.184254,6.368469
2026-09-20T05:56:14.3081361-07:00,75532,2026-09-20T03:55:06.2601604-07:00,5.185753,6.368469
2026-09-20T05:56:16.3256763-07:00,75532,2026-09-20T03:55:06.2601604-07:00,5.240829,6.368469
2026-09-20T05:56:18.3333138-07:00,75532,2026-09-20T03:55:06.2601604-07:00,5.295895,6.368469
2026-09-20T05:56:20.3560971-07:00,75532,2026-09-20T03:55:06.2601604-07:00,5.432789,6.368469
2026-09-20T05:56:22.3835732-07:00,75532,2026-09-20T03:55:06.2601604-07:00,5.351250,6.368469
2026-09-20T05:56:24.3986677-07:00,75532,2026-09-20T03:55:06.2601604-07:00,5.406357,6.368469
2026-09-20T05:56:26.4031679-07:00,75532,2026-09-20T03:55:06.2601604-07:00,5.461369,6.368469
2026-09-20T05:56:28.4334982-07:00,75532,2026-09-20T03:55:06.2601604-07:00,5.656628,6.368469
2026-09-20T05:56:30.4531064-07:00,75532,2026-09-20T03:55:06.2601604-07:00,4.935608,6.368469
2026-09-20T05:56:32.4985601-07:00,75532,2026-09-20T03:55:06.2601604-07:00,4.239597,6.368469
2026-09-20T05:56:34.5342190-07:00,75532,2026-09-20T03:55:06.2601604-07:00,5.078362,6.368469
2026-09-20T05:56:36.5621952-07:00,75532,2026-09-20T03:55:06.2601604-07:00,6.159618,6.368469
2026-09-20T05:56:38.5791759-07:00,75532,2026-09-20T03:55:06.2601604-07:00,6.343464,6.368469
2026-09-20T05:56:40.5963439-07:00,75532,2026-09-20T03:55:06.2601604-07:00,4.923355,6.368469
2026-09-20T05:56:42.6334390-07:00,75532,2026-09-20T03:55:06.2601604-07:00,4.978325,6.368469
2026-09-20T05:56:44.6559982-07:00,75532,2026-09-20T03:55:06.2601604-07:00,4.999729,6.368469
2026-09-20T05:56:46.6821878-07:00,75532,2026-09-20T03:55:06.2601604-07:00,5.136620,6.368469
2026-09-20T05:56:48.7086059-07:00,75532,2026-09-20T03:55:06.2601604-07:00,5.054688,6.368469
2026-09-20T05:56:50.7477744-07:00,75532,2026-09-20T03:55:06.2601604-07:00,5.109646,6.368469
2026-09-20T05:56:52.7606989-07:00,75532,2026-09-20T03:55:06.2601604-07:00,5.164692,6.368469
2026-09-20T05:56:54.7782440-07:00,75532,2026-09-20T03:55:06.2601604-07:00,5.096088,6.368469
2026-09-20T05:56:56.7953104-07:00,75532,2026-09-20T03:55:06.2601604-07:00,5.351685,6.368469
2026-09-20T05:56:58.8173238-07:00,75532,2026-09-20T03:55:06.2601604-07:00,5.274624,6.368469
2026-09-20T05:57:00.8503814-07:00,75532,2026-09-20T03:55:06.2601604-07:00,5.329590,6.368469
2026-09-20T05:57:02.8684879-07:00,75532,2026-09-20T03:55:06.2601604-07:00,5.384598,6.368469
2026-09-20T05:57:04.8894204-07:00,75532,2026-09-20T03:55:06.2601604-07:00,4.718662,6.368469
2026-09-20T05:57:06.9192769-07:00,75532,2026-09-20T03:55:06.2601604-07:00,5.511303,6.368469
2026-09-20T05:57:08.9329949-07:00,75532,2026-09-20T03:55:06.2601604-07:00,4.943310,6.368469
2026-09-20T05:57:10.9567899-07:00,75532,2026-09-20T03:55:06.2601604-07:00,4.998325,6.368469
2026-09-20T05:57:12.9795782-07:00,75532,2026-09-20T03:55:06.2601604-07:00,4.308655,6.368469
2026-09-20T05:57:15.0112090-07:00,75532,2026-09-20T03:55:06.2601604-07:00,5.059292,6.368469
2026-09-20T05:57:17.0244004-07:00,75532,2026-09-20T03:55:06.2601604-07:00,5.075554,6.368469
2026-09-20T05:57:19.0437040-07:00,75532,2026-09-20T03:55:06.2601604-07:00,5.130623,6.368469
2026-09-20T05:57:21.0732482-07:00,75532,2026-09-20T03:55:06.2601604-07:00,5.185692,6.368469
2026-09-20T05:57:23.0964085-07:00,75532,2026-09-20T03:55:06.2601604-07:00,5.322586,6.368469
2026-09-20T05:57:25.1088836-07:00,75532,2026-09-20T03:55:06.2601604-07:00,5.240753,6.368469
2026-09-20T05:57:27.1396454-07:00,75532,2026-09-20T03:55:06.2601604-07:00,5.295780,6.368469
2026-09-20T05:57:29.1797075-07:00,75532,2026-09-20T03:55:06.2601604-07:00,5.351406,6.368469
2026-09-20T05:57:31.2012907-07:00,75532,2026-09-20T03:55:06.2601604-07:00,5.488453,6.368469
2026-09-20T05:57:33.2139515-07:00,75532,2026-09-20T03:55:06.2601604-07:00,5.406574,6.368469
2026-09-20T05:57:35.2462492-07:00,75532,2026-09-20T03:55:06.2601604-07:00,5.463757,6.368469
2026-09-20T05:57:37.2634516-07:00,75532,2026-09-20T03:55:06.2601604-07:00,4.623798,6.368469
2026-09-20T05:57:39.2884765-07:00,75532,2026-09-20T03:55:06.2601604-07:00,4.990879,6.368469
2026-09-20T05:57:41.3032582-07:00,75532,2026-09-20T03:55:06.2601604-07:00,4.229553,6.368469
2026-09-20T05:57:43.3284988-07:00,75532,2026-09-20T03:55:06.2601604-07:00,5.260300,6.368469
2026-09-20T05:57:45.3408971-07:00,75532,2026-09-20T03:55:06.2601604-07:00,6.168034,6.368469
2026-09-20T05:57:47.3571668-07:00,75532,2026-09-20T03:55:06.2601604-07:00,4.935081,6.368469
2026-09-20T05:57:49.3941574-07:00,75532,2026-09-20T03:55:06.2601604-07:00,5.071972,6.368469
2026-09-20T05:57:51.4202393-07:00,75532,2026-09-20T03:55:06.2601604-07:00,4.990036,6.368469
2026-09-20T05:57:53.4362053-07:00,75532,2026-09-20T03:55:06.2601604-07:00,5.011425,6.368469
2026-09-20T05:57:55.4632820-07:00,75532,2026-09-20T03:55:06.2601604-07:00,5.066372,6.368469
2026-09-20T05:57:57.4956707-07:00,75532,2026-09-20T03:55:06.2601604-07:00,4.409081,6.368469
2026-09-20T05:57:59.5212824-07:00,75532,2026-09-20T03:55:06.2601604-07:00,5.121292,6.368469
2026-09-20T05:58:01.5391064-07:00,75532,2026-09-20T03:55:06.2601604-07:00,5.176258,6.368469
2026-09-20T05:58:03.5616667-07:00,75532,2026-09-20T03:55:06.2601604-07:00,5.231194,6.368469
2026-09-20T05:58:05.5847371-07:00,75532,2026-09-20T03:55:06.2601604-07:00,5.286156,6.368469
2026-09-20T05:58:07.6151813-07:00,75532,2026-09-20T03:55:06.2601604-07:00,5.423046,6.368469
2026-09-20T05:58:09.6389791-07:00,75532,2026-09-20T03:55:06.2601604-07:00,5.341118,6.368469
2026-09-20T05:58:11.6664782-07:00,75532,2026-09-20T03:55:06.2601604-07:00,5.396206,6.368469
2026-09-20T05:58:13.6894722-07:00,75532,2026-09-20T03:55:06.2601604-07:00,5.461201,6.368469
2026-09-20T05:58:15.7176352-07:00,75532,2026-09-20T03:55:06.2601604-07:00,5.662136,6.368469
2026-09-20T05:58:17.7642899-07:00,75532,2026-09-20T03:55:06.2601604-07:00,4.949245,6.368469
2026-09-20T05:58:19.7844237-07:00,75532,2026-09-20T03:55:06.2601604-07:00,5.004265,6.368469
2026-09-20T05:58:21.8086840-07:00,75532,2026-09-20T03:55:06.2601604-07:00,5.025738,6.368469
2026-09-20T05:58:23.8385548-07:00,75532,2026-09-20T03:55:06.2601604-07:00,4.472336,6.368469
2026-09-20T05:58:25.8777243-07:00,75532,2026-09-20T03:55:06.2601604-07:00,5.135044,6.368469
2026-09-20T05:58:27.9074580-07:00,75532,2026-09-20T03:55:06.2601604-07:00,5.136494,6.368469
2026-09-20T05:58:29.9246487-07:00,75532,2026-09-20T03:55:06.2601604-07:00,5.191517,6.368469
2026-09-20T05:58:31.9551035-07:00,75532,2026-09-20T03:55:06.2601604-07:00,5.246540,6.368469
2026-09-20T05:58:33.9828920-07:00,75532,2026-09-20T03:55:06.2601604-07:00,5.383430,6.368469
2026-09-20T05:58:36.0084425-07:00,75532,2026-09-20T03:55:06.2601604-07:00,5.301651,6.368469
2026-09-20T05:58:38.0312054-07:00,75532,2026-09-20T03:55:06.2601604-07:00,5.356670,6.368469
2026-09-20T05:58:40.0563469-07:00,75532,2026-09-20T03:55:06.2601604-07:00,5.411686,6.368469
2026-09-20T05:58:42.0762094-07:00,75532,2026-09-20T03:55:06.2601604-07:00,4.777824,6.368469
2026-09-20T05:58:44.1005244-07:00,75532,2026-09-20T03:55:06.2601604-07:00,5.466690,6.368469
2026-09-20T05:58:46.1351978-07:00,75532,2026-09-20T03:55:06.2601604-07:00,4.942734,6.368469
2026-09-20T05:58:48.1555216-07:00,75532,2026-09-20T03:55:06.2601604-07:00,5.083141,6.368469
2026-09-20T05:58:50.1789131-07:00,75532,2026-09-20T03:55:06.2601604-07:00,4.234779,6.368469
2026-09-20T05:58:52.2028524-07:00,75532,2026-09-20T03:55:06.2601604-07:00,4.230778,6.368469
2026-09-20T05:58:54.2480590-07:00,75532,2026-09-20T03:55:06.2601604-07:00,5.958500,6.368469
2026-09-20T05:58:56.2769994-07:00,75532,2026-09-20T03:55:06.2601604-07:00,6.174683,6.368469
2026-09-20T05:58:58.2997674-07:00,75532,2026-09-20T03:55:06.2601604-07:00,4.921940,6.368469
2026-09-20T05:59:00.3250693-07:00,75532,2026-09-20T03:55:06.2601604-07:00,4.921867,6.368469
2026-09-20T05:59:02.3443889-07:00,75532,2026-09-20T03:55:06.2601604-07:00,5.064774,6.368469
2026-09-20T05:59:04.3755424-07:00,75532,2026-09-20T03:55:06.2601604-07:00,4.998287,6.368469
2026-09-20T05:59:06.4010966-07:00,75532,2026-09-20T03:55:06.2601604-07:00,5.053230,6.368469
2026-09-20T05:59:08.4288068-07:00,75532,2026-09-20T03:55:06.2601604-07:00,5.108166,6.368469
2026-09-20T05:59:10.4566170-07:00,75532,2026-09-20T03:55:06.2601604-07:00,4.441517,6.368469
2026-09-20T05:59:12.4834905-07:00,75532,2026-09-20T03:55:06.2601604-07:00,5.163109,6.368469
2026-09-20T05:59:14.5047534-07:00,75532,2026-09-20T03:55:06.2601604-07:00,5.218037,6.368469
2026-09-20T05:59:16.5178299-07:00,75532,2026-09-20T03:55:06.2601604-07:00,5.273003,6.368469
2026-09-20T05:59:18.5378581-07:00,75532,2026-09-20T03:55:06.2601604-07:00,5.327965,6.368469
2026-09-20T05:59:20.5486821-07:00,75532,2026-09-20T03:55:06.2601604-07:00,5.465145,6.368469
2026-09-20T05:59:22.5929728-07:00,75532,2026-09-20T03:55:06.2601604-07:00,5.390324,6.368469
2026-09-20T05:59:24.6171414-07:00,75532,2026-09-20T03:55:06.2601604-07:00,5.466370,6.368469
2026-09-20T05:59:26.6329669-07:00,75532,2026-09-20T03:55:06.2601604-07:00,4.666718,6.368469
2026-09-20T05:59:28.6429062-07:00,75532,2026-09-20T03:55:06.2601604-07:00,5.010956,6.368469
2026-09-20T05:59:30.6653118-07:00,75532,2026-09-20T03:55:06.2601604-07:00,5.011688,6.368469
2026-09-20T05:59:32.7033436-07:00,75532,2026-09-20T03:55:06.2601604-07:00,5.033161,6.368469
2026-09-20T05:59:34.7132057-07:00,75532,2026-09-20T03:55:06.2601604-07:00,5.088181,6.368469
2026-09-20T05:59:36.7228133-07:00,75532,2026-09-20T03:55:06.2601604-07:00,5.222546,6.368469
2026-09-20T05:59:38.7563943-07:00,75532,2026-09-20T03:55:06.2601604-07:00,5.143204,6.368469
2026-09-20T05:59:40.7835902-07:00,75532,2026-09-20T03:55:06.2601604-07:00,5.198227,6.368469
2026-09-20T05:59:42.8130319-07:00,75532,2026-09-20T03:55:06.2601604-07:00,5.253250,6.368469
2026-09-20T05:59:44.8436538-07:00,75532,2026-09-20T03:55:06.2601604-07:00,4.564480,6.368469
2026-09-20T05:59:46.8613043-07:00,75532,2026-09-20T03:55:06.2601604-07:00,5.308277,6.368469
2026-09-20T05:59:48.8886025-07:00,75532,2026-09-20T03:55:06.2601604-07:00,5.363297,6.368469
2026-09-20T05:59:50.9364578-07:00,75532,2026-09-20T03:55:06.2601604-07:00,5.418404,6.368469
2026-09-20T05:59:52.9434261-07:00,75532,2026-09-20T03:55:06.2601604-07:00,5.252445,6.368469
2026-09-20T05:59:54.9675394-07:00,75532,2026-09-20T03:55:06.2601604-07:00,5.546768,6.368469
2026-09-20T05:59:56.9783151-07:00,75532,2026-09-20T03:55:06.2601604-07:00,4.953026,6.368469
2026-09-20T05:59:58.9974882-07:00,75532,2026-09-20T03:55:06.2601604-07:00,4.903793,6.368469
2026-09-20T06:00:01.0162143-07:00,75532,2026-09-20T03:55:06.2601604-07:00,4.281345,6.368469
2026-09-20T06:00:03.0433013-07:00,75532,2026-09-20T03:55:06.2601604-07:00,4.266254,6.368469
2026-09-20T06:00:05.0591587-07:00,75532,2026-09-20T03:55:06.2601604-07:00,6.176796,6.368469
2026-09-20T06:00:07.0911381-07:00,75532,2026-09-20T03:55:06.2601604-07:00,6.184589,6.368469
2026-09-20T06:00:09.1348408-07:00,75532,2026-09-20T03:55:06.2601604-07:00,4.934139,6.370552
2026-09-20T06:00:11.1644545-07:00,75532,2026-09-20T03:55:06.2601604-07:00,4.989098,6.370552
2026-09-20T06:00:13.1845434-07:00,75532,2026-09-20T03:55:06.2601604-07:00,5.125988,6.370552
2026-09-20T06:00:15.2136946-07:00,75532,2026-09-20T03:55:06.2601604-07:00,5.010483,6.370552
2026-09-20T06:00:17.2333455-07:00,75532,2026-09-20T03:55:06.2601604-07:00,5.065414,6.370552
2026-09-20T06:00:19.2701707-07:00,75532,2026-09-20T03:55:06.2601604-07:00,5.120338,6.370552
2026-09-20T06:00:21.2941453-07:00,75532,2026-09-20T03:55:06.2601604-07:00,4.467701,6.370552
2026-09-20T06:00:23.3179523-07:00,75532,2026-09-20T03:55:06.2601604-07:00,5.229557,6.370552
2026-09-20T06:00:25.3429985-07:00,75532,2026-09-20T03:55:06.2601604-07:00,5.230198,6.370552
2026-09-20T06:00:27.3680375-07:00,75532,2026-09-20T03:55:06.2601604-07:00,5.285389,6.370552
2026-09-20T06:00:29.3961626-07:00,75532,2026-09-20T03:55:06.2601604-07:00,5.340351,6.370552
2026-09-20T06:00:31.4296454-07:00,75532,2026-09-20T03:55:06.2601604-07:00,5.502769,6.370552
2026-09-20T06:00:33.4547483-07:00,75532,2026-09-20T03:55:06.2601604-07:00,5.395348,6.370552
2026-09-20T06:00:35.4716883-07:00,75532,2026-09-20T03:55:06.2601604-07:00,5.469883,6.370552
2026-09-20T06:00:37.5066793-07:00,75532,2026-09-20T03:55:06.2601604-07:00,4.327744,6.370552
2026-09-20T06:00:39.5184802-07:00,75532,2026-09-20T03:55:06.2601604-07:00,5.008820,6.370552
2026-09-20T06:00:41.5331187-07:00,75532,2026-09-20T03:55:06.2601604-07:00,5.009552,6.370552
2026-09-20T06:00:43.5536964-07:00,75532,2026-09-20T03:55:06.2601604-07:00,5.031742,6.370552
2026-09-20T06:00:45.5679429-07:00,75532,2026-09-20T03:55:06.2601604-07:00,5.087303,6.370552
2026-09-20T06:00:47.6091924-07:00,75532,2026-09-20T03:55:06.2601604-07:00,4.922558,6.370552
2026-09-20T06:00:49.6278501-07:00,75532,2026-09-20T03:55:06.2601604-07:00,5.142323,6.370552
2026-09-20T06:00:51.6530529-07:00,75532,2026-09-20T03:55:06.2601604-07:00,5.197342,6.370552
2026-09-20T06:00:53.6813561-07:00,75532,2026-09-20T03:55:06.2601604-07:00,5.252357,6.370552
2026-09-20T06:00:55.7152695-07:00,75532,2026-09-20T03:55:06.2601604-07:00,5.181767,6.370552
2026-09-20T06:00:57.7635516-07:00,75532,2026-09-20T03:55:06.2601604-07:00,5.403320,6.370552
2026-09-20T06:00:59.7872028-07:00,75532,2026-09-20T03:55:06.2601604-07:00,5.362713,6.370552
2026-09-20T06:01:01.8049100-07:00,75532,2026-09-20T03:55:06.2601604-07:00,5.417732,6.370552
2026-09-20T06:01:03.8358458-07:00,75532,2026-09-20T03:55:06.2601604-07:00,5.473026,6.370552
2026-09-20T06:01:05.8734174-07:00,75532,2026-09-20T03:55:06.2601604-07:00,5.668251,6.370552
2026-09-20T06:01:07.8932895-07:00,75532,2026-09-20T03:55:06.2601604-07:00,4.652775,6.370552
2026-09-20T06:01:09.9032444-07:00,75532,2026-09-20T03:55:06.2601604-07:00,5.234539,6.370552
2026-09-20T06:01:11.9304171-07:00,75532,2026-09-20T03:55:06.2601604-07:00,5.924122,6.370552
2026-09-20T06:01:13.9530898-07:00,75532,2026-09-20T03:55:06.2601604-07:00,4.722744,6.370552
2026-09-20T06:01:16.0088150-07:00,75532,2026-09-20T03:55:06.2601604-07:00,4.258812,6.370552
2026-09-20T06:01:18.0392195-07:00,75532,2026-09-20T03:55:06.2601604-07:00,4.886826,6.370552
2026-09-20T06:01:20.0599201-07:00,75532,2026-09-20T03:55:06.2601604-07:00,4.820354,6.370552
2026-09-20T06:01:22.0765817-07:00,75532,2026-09-20T03:55:06.2601604-07:00,4.890991,6.370552
2026-09-20T06:01:24.0985076-07:00,75532,2026-09-20T03:55:06.2601604-07:00,4.969131,6.370552
2026-09-20T06:01:26.1333688-07:00,75532,2026-09-20T03:55:06.2601604-07:00,4.358551,6.370552
2026-09-20T06:01:28.1474251-07:00,75532,2026-09-20T03:55:06.2601604-07:00,5.101665,6.370552
2026-09-20T06:01:30.1786475-07:00,75532,2026-09-20T03:55:06.2601604-07:00,5.122875,6.370552
2026-09-20T06:01:32.1932961-07:00,75532,2026-09-20T03:55:06.2601604-07:00,5.198582,6.370552
2026-09-20T06:01:34.2330543-07:00,75532,2026-09-20T03:55:06.2601604-07:00,5.274155,6.370552
2026-09-20T06:01:36.2433991-07:00,75532,2026-09-20T03:55:06.2601604-07:00,5.164543,6.370552
2026-09-20T06:01:38.2663796-07:00,75532,2026-09-20T03:55:06.2601604-07:00,5.349831,6.370552
2026-09-20T06:01:40.2933157-07:00,75532,2026-09-20T03:55:06.2601604-07:00,5.430790,6.370552
2026-09-20T06:01:42.3135779-07:00,75532,2026-09-20T03:55:06.2601604-07:00,4.918701,6.370552
2026-09-20T06:01:44.3761878-07:00,75532,2026-09-20T03:55:06.2601604-07:00,5.006573,6.370552
2026-09-20T06:01:46.4140042-07:00,75532,2026-09-20T03:55:06.2601604-07:00,4.973824,6.370552
2026-09-20T06:01:48.4372241-07:00,75532,2026-09-20T03:55:06.2601604-07:00,4.995605,6.370552
2026-09-20T06:01:50.4571327-07:00,75532,2026-09-20T03:55:06.2601604-07:00,5.052135,6.370552
2026-09-20T06:01:52.4862022-07:00,75532,2026-09-20T03:55:06.2601604-07:00,5.189030,6.370552
2026-09-20T06:01:54.5271036-07:00,75532,2026-09-20T03:55:06.2601604-07:00,5.107876,6.370552
2026-09-20T06:01:56.5475531-07:00,75532,2026-09-20T03:55:06.2601604-07:00,5.162903,6.370552
2026-09-20T06:01:58.5780064-07:00,75532,2026-09-20T03:55:06.2601604-07:00,5.217934,6.370552
2026-09-20T06:02:00.6016201-07:00,75532,2026-09-20T03:55:06.2601604-07:00,4.715454,6.370552
2026-09-20T06:02:02.6275562-07:00,75532,2026-09-20T03:55:06.2601604-07:00,5.327576,6.370552
2026-09-20T06:02:04.6550747-07:00,75532,2026-09-20T03:55:06.2601604-07:00,5.329582,6.370552
2026-09-20T06:02:06.6719978-07:00,75532,2026-09-20T03:55:06.2601604-07:00,5.385315,6.370552
2026-09-20T06:02:08.6884476-07:00,75532,2026-09-20T03:55:06.2601604-07:00,5.441372,6.370552
2026-09-20T06:02:10.7178572-07:00,75532,2026-09-20T03:55:06.2601604-07:00,5.579594,6.370552
2026-09-20T06:02:12.7496648-07:00,75532,2026-09-20T03:55:06.2601604-07:00,4.921677,6.370552
2026-09-20T06:02:14.7798523-07:00,75532,2026-09-20T03:55:06.2601604-07:00,4.208660,6.370552
2026-09-20T06:02:16.8086191-07:00,75532,2026-09-20T03:55:06.2601604-07:00,4.257221,6.370552
2026-09-20T06:02:18.8511457-07:00,75532,2026-09-20T03:55:06.2601604-07:00,4.236732,6.370552
2026-09-20T06:02:20.8842584-07:00,75532,2026-09-20T03:55:06.2601604-07:00,6.155338,6.370552
2026-09-20T06:02:22.9287539-07:00,75532,2026-09-20T03:55:06.2601604-07:00,6.178604,6.370552
2026-09-20T06:02:24.9551912-07:00,75532,2026-09-20T03:55:06.2601604-07:00,4.916954,6.370552
2026-09-20T06:02:26.9836975-07:00,75532,2026-09-20T03:55:06.2601604-07:00,4.972546,6.370552
2026-09-20T06:02:29.0104282-07:00,75532,2026-09-20T03:55:06.2601604-07:00,4.508869,6.370552
2026-09-20T06:02:31.0380041-07:00,75532,2026-09-20T03:55:06.2601604-07:00,4.994690,6.370552
2026-09-20T06:02:33.0525794-07:00,75532,2026-09-20T03:55:06.2601604-07:00,5.049614,6.370552
2026-09-20T06:02:35.0785041-07:00,75532,2026-09-20T03:55:06.2601604-07:00,5.104778,6.370552
2026-09-20T06:02:37.1108094-07:00,75532,2026-09-20T03:55:06.2601604-07:00,5.160168,6.370552
2026-09-20T06:02:39.1380808-07:00,75532,2026-09-20T03:55:06.2601604-07:00,5.297070,6.370552
2026-09-20T06:02:41.1848853-07:00,75532,2026-09-20T03:55:06.2601604-07:00,5.215202,6.370552
2026-09-20T06:02:43.2116952-07:00,75532,2026-09-20T03:55:06.2601604-07:00,5.270184,6.370552
2026-09-20T06:02:45.2324060-07:00,75532,2026-09-20T03:55:06.2601604-07:00,5.326023,6.370552
2026-09-20T06:02:47.2541617-07:00,75532,2026-09-20T03:55:06.2601604-07:00,4.747269,6.370552
2026-09-20T06:02:49.2832673-07:00,75532,2026-09-20T03:55:06.2601604-07:00,5.436405,6.370552
2026-09-20T06:02:51.3131268-07:00,75532,2026-09-20T03:55:06.2601604-07:00,5.452003,6.370552
2026-09-20T06:02:53.3371531-07:00,75532,2026-09-20T03:55:06.2601604-07:00,4.935017,6.370552
2026-09-20T06:02:55.3553878-07:00,75532,2026-09-20T03:55:06.2601604-07:00,5.071911,6.370552
2026-09-20T06:02:57.3801437-07:00,75532,2026-09-20T03:55:06.2601604-07:00,4.990032,6.370552
2026-09-20T06:02:59.4136715-07:00,75532,2026-09-20T03:55:06.2601604-07:00,5.011497,6.370552
2026-09-20T06:03:01.4427113-07:00,75532,2026-09-20T03:55:06.2601604-07:00,5.067226,6.370552
2026-09-20T06:03:03.4688115-07:00,75532,2026-09-20T03:55:06.2601604-07:00,4.418346,6.370552
2026-09-20T06:03:05.5052666-07:00,75532,2026-09-20T03:55:06.2601604-07:00,5.153976,6.370552
2026-09-20T06:03:07.5272952-07:00,75532,2026-09-20T03:55:06.2601604-07:00,5.178280,6.370552
2026-09-20T06:03:09.5581416-07:00,75532,2026-09-20T03:55:06.2601604-07:00,5.233311,6.370552
2026-09-20T06:03:11.5775025-07:00,75532,2026-09-20T03:55:06.2601604-07:00,5.288330,6.370552
2026-09-20T06:03:13.5897224-07:00,75532,2026-09-20T03:55:06.2601604-07:00,5.425228,6.370552
2026-09-20T06:03:15.6088723-07:00,75532,2026-09-20T03:55:06.2601604-07:00,5.344246,6.370552
2026-09-20T06:03:17.6414331-07:00,75532,2026-09-20T03:55:06.2601604-07:00,5.400398,6.370552
2026-09-20T06:03:19.6742637-07:00,75532,2026-09-20T03:55:06.2601604-07:00,5.460468,6.370552
2026-09-20T06:03:21.7019112-07:00,75532,2026-09-20T03:55:06.2601604-07:00,5.628716,6.370552
2026-09-20T06:03:23.7232755-07:00,75532,2026-09-20T03:55:06.2601604-07:00,4.942772,6.370552
2026-09-20T06:03:25.7467560-07:00,75532,2026-09-20T03:55:06.2601604-07:00,4.221127,6.370552
2026-09-20T06:03:27.7919771-07:00,75532,2026-09-20T03:55:06.2601604-07:00,4.866581,6.370552
2026-09-20T06:03:29.8115170-07:00,75532,2026-09-20T03:55:06.2601604-07:00,6.166889,6.370552
2026-09-20T06:03:31.8387753-07:00,75532,2026-09-20T03:55:06.2601604-07:00,6.288273,6.370552
2026-09-20T06:03:33.8634106-07:00,75532,2026-09-20T03:55:06.2601604-07:00,4.929699,6.370552
2026-09-20T06:03:35.8834414-07:00,75532,2026-09-20T03:55:06.2601604-07:00,4.984653,6.370552
2026-09-20T06:03:37.9390920-07:00,75532,2026-09-20T03:55:06.2601604-07:00,5.006046,6.370552
2026-09-20T06:03:39.9717404-07:00,75532,2026-09-20T03:55:06.2601604-07:00,5.142937,6.370552
2026-09-20T06:03:42.0021180-07:00,75532,2026-09-20T03:55:06.2601604-07:00,5.060982,6.370552
2026-09-20T06:03:44.0187316-07:00,75532,2026-09-20T03:55:06.2601604-07:00,5.115902,6.370552
2026-09-20T06:03:46.0498820-07:00,75532,2026-09-20T03:55:06.2601604-07:00,5.170841,6.370552
2026-09-20T06:03:48.0819830-07:00,75532,2026-09-20T03:55:06.2601604-07:00,5.166801,6.370552
2026-09-20T06:03:50.0972797-07:00,75532,2026-09-20T03:55:06.2601604-07:00,5.332680,6.370552
2026-09-20T06:03:52.1210310-07:00,75532,2026-09-20T03:55:06.2601604-07:00,5.281429,6.370552
2026-09-20T06:03:54.1546629-07:00,75532,2026-09-20T03:55:06.2601604-07:00,5.336559,6.370552
2026-09-20T06:03:56.1838791-07:00,75532,2026-09-20T03:55:06.2601604-07:00,5.391930,6.370552
2026-09-20T06:03:58.2157055-07:00,75532,2026-09-20T03:55:06.2601604-07:00,5.487518,6.370552
2026-09-20T06:04:00.2354384-07:00,75532,2026-09-20T03:55:06.2601604-07:00,5.459759,6.370552
2026-09-20T06:04:02.2570207-07:00,75532,2026-09-20T03:55:06.2601604-07:00,4.947876,6.370552
2026-09-20T06:04:04.2834957-07:00,75532,2026-09-20T03:55:06.2601604-07:00,5.147247,6.370552
2026-09-20T06:04:06.3401934-07:00,75532,2026-09-20T03:55:06.2601604-07:00,5.002888,6.370552
2026-09-20T06:04:08.3684077-07:00,75532,2026-09-20T03:55:06.2601604-07:00,5.024353,6.370552
2026-09-20T06:04:10.3835706-07:00,75532,2026-09-20T03:55:06.2601604-07:00,5.079445,6.370552
2026-09-20T06:04:12.4074799-07:00,75532,2026-09-20T03:55:06.2601604-07:00,5.134457,6.370552
2026-09-20T06:04:14.4331978-07:00,75532,2026-09-20T03:55:06.2601604-07:00,5.261105,6.370552
2026-09-20T06:04:16.4622172-07:00,75532,2026-09-20T03:55:06.2601604-07:00,5.189472,6.370552
2026-09-20T06:04:18.4885212-07:00,75532,2026-09-20T03:55:06.2601604-07:00,5.244499,6.370552
2026-09-20T06:04:20.5162837-07:00,75532,2026-09-20T03:55:06.2601604-07:00,5.299515,6.370552
2026-09-20T06:04:22.5288203-07:00,75532,2026-09-20T03:55:06.2601604-07:00,4.654888,6.370552
2026-09-20T06:04:24.5532441-07:00,75532,2026-09-20T03:55:06.2601604-07:00,5.354523,6.370552
2026-09-20T06:04:26.5736911-07:00,75532,2026-09-20T03:55:06.2601604-07:00,5.409622,6.370552
2026-09-20T06:04:28.6035165-07:00,75532,2026-09-20T03:55:06.2601604-07:00,5.464996,6.370552
2026-09-20T06:04:30.6385298-07:00,75532,2026-09-20T03:55:06.2601604-07:00,5.661358,6.370552
2026-09-20T06:04:32.6550018-07:00,75532,2026-09-20T03:55:06.2601604-07:00,4.939770,6.370552
2026-09-20T06:04:34.6733854-07:00,75532,2026-09-20T03:55:06.2601604-07:00,5.166245,6.370552
2026-09-20T06:04:36.6932947-07:00,67900,2026-09-20T06:04:36.5194094-07:00,0.177731,0.177731
2026-09-20T06:04:38.7215245-07:00,67900,2026-09-20T06:04:36.5194094-07:00,0.343792,0.344925
2026-09-20T06:04:40.7431431-07:00,67900,2026-09-20T06:04:36.5194094-07:00,0.411736,0.417286
