iteration,subproblem,solve_time_sec,ipopt_iters
1,1,7.271000,17
1,2,6.666000,14
1,3,7.585000,14
1,4,7.303000,15
1,5,5.918000,14
1,6,5.639000,14
1,7,6.860000,14
1,8,6.765000,15
1,9,7.458000,15
1,10,7.452000,14
1,11,5.586000,13
1,12,5.839000,14
1,13,7.054000,14
1,14,6.538000,14
1,15,6.835000,14
1,16,7.260000,14
1,17,5.854000,14
1,18,6.221000,14
1,19,7.240000,15
1,20,6.274000,14
1,21,6.493000,14
1,22,6.124000,14
1,23,6.429000,14
1,24,6.311000,15
1,25,6.891000,14
1,26,6.115000,14
1,27,7.015000,15
1,28,5.109000,14
1,29,5.517000,14
1,30,6.042000,14
1,31,6.805000,14
1,32,6.716000,15
1,33,6.755000,14
1,34,7.291000,14
1,35,6.321000,15
1,36,5.688000,15
1,37,6.914000,14
1,38,6.716000,14
1,39,6.720000,14
1,40,6.376000,14
1,41,6.297000,15
1,42,4.980000,15
1,43,7.140000,15
1,44,6.828000,15
1,45,7.524000,15
1,46,7.226000,14
1,47,6.120000,15
1,48,6.204000,15
1,49,7.201000,15
1,50,6.696000,15
1,51,7.175000,16
1,52,8.033000,16
1,53,6.056000,16
1,54,6.478000,18
1,55,7.256000,16
1,56,7.559000,17
1,57,7.545000,17
1,58,8.148000,15
1,59,6.883000,16
1,60,4.791000,16
1,61,7.355000,16
1,62,7.483000,16
1,63,7.852000,16
1,64,7.644000,16
1,65,6.897000,16
1,66,4.945000,15
1,67,7.291000,16
1,68,7.859000,16
1,69,6.818000,14
1,70,8.468000,16
1,71,6.807000,16
1,72,5.150000,16
1,73,7.214000,15
1,74,6.622000,15
1,75,7.231000,15
1,76,7.131000,15
1,77,7.153000,16
1,78,5.377000,16
1,79,7.355000,16
1,80,7.148000,16
1,81,7.648000,16
1,82,7.425000,16
1,83,5.610000,16
1,84,5.866000,16
1,85,7.280000,16
1,86,7.477000,16
1,87,7.216000,16
1,88,7.733000,16
1,89,7.062000,16
1,90,5.120000,16
1,91,6.904000,15
1,92,6.878000,15
1,93,7.380000,15
1,94,7.241000,15
1,95,6.499000,15
1,96,5.542000,16
2,1,3.188000,8
2,2,2.664000,7
2,3,2.036000,5
2,4,1.772000,5
2,5,0.728000,5
2,6,0.320000,5
2,7,2.554000,5
2,8,2.190000,5
2,9,1.952000,5
2,10,2.039000,5
2,11,4.316000,24
2,12,0.690000,5
2,13,2.787000,5
2,14,3.169000,8
2,15,6.311000,25
2,16,1.668000,8
2,17,0.436000,8
2,18,0.299000,7
2,19,2.527000,5
2,20,2.861000,6
2,21,3.050000,6
2,22,2.087000,6
2,23,1.745000,7
2,24,1.405000,5
2,25,3.099000,7
2,26,2.510000,7
2,27,3.632000,6
2,28,1.902000,6
2,29,1.592000,5
2,30,0.902000,5
2,31,2.516000,5
2,32,2.181000,5
2,33,1.965000,5
2,34,2.750000,5
2,35,1.652000,5
2,36,1.474000,4
2,37,2.589000,5
2,38,1.805000,6
2,39,1.867000,5
2,40,1.954000,4
2,41,2.128000,5
2,42,1.592000,6
2,43,2.120000,4
2,44,1.292000,4
2,45,1.829000,5
2,46,1.689000,4
2,47,1.576000,4
2,48,1.320000,4
2,49,1.883000,4
2,50,1.508000,5
2,51,1.770000,5
2,52,2.130000,4
2,53,2.311000,5
2,54,1.629000,5
2,55,2.087000,4
2,56,1.718000,5
2,57,1.313000,4
2,58,1.388000,4
2,59,1.889000,4
2,60,2.095000,6
2,61,1.943000,4
2,62,1.444000,4
2,63,1.212000,4
2,64,1.805000,4
2,65,2.990000,7
2,66,1.834000,7
2,67,3.197000,7
2,68,2.022000,5
2,69,2.570000,5
2,70,1.661000,4
2,71,1.592000,4
2,72,1.759000,5
2,73,2.535000,4
2,74,2.384000,4
2,75,1.937000,5
2,76,2.266000,5
2,77,1.942000,5
2,78,1.911000,6
2,79,2.787000,5
2,80,1.706000,4
2,81,2.610000,6
2,82,2.578000,6
2,83,1.818000,5
2,84,1.791000,5
2,85,2.556000,5
2,86,2.161000,5
2,87,1.999000,5
2,88,3.086000,6
2,89,1.624000,5
2,90,1.689000,5
2,91,2.968000,5
2,92,2.511000,5
2,93,2.371000,5
2,94,2.721000,7
2,95,1.159000,5
2,96,1.848000,5
3,1,2.651000,6
3,2,3.154000,7
3,3,3.126000,5
3,4,2.590000,5
3,5,0.871000,5
3,6,0.320000,5
3,7,2.053000,5
3,8,2.120000,5
3,9,2.321000,6
3,10,1.519000,5
3,11,3.248000,11
3,12,2.209000,6
3,13,2.629000,6
3,14,1.341000,5
3,15,3.581000,10
3,16,2.446000,5
3,17,2.255000,5
3,18,0.398000,6
3,19,2.013000,5
3,20,2.308000,6
3,21,2.765000,6
3,22,2.924000,6
3,23,2.523000,6
3,24,1.142000,5
3,25,2.684000,6
3,26,2.030000,5
3,27,2.833000,6
3,28,3.180000,6
3,29,1.930000,5
3,30,1.076000,5
3,31,2.474000,5
3,32,2.253000,5
3,33,2.795000,5
3,34,2.214000,4
3,35,2.081000,4
3,36,1.472000,4
3,37,1.820000,5
3,38,1.236000,5
3,39,2.132000,4
3,40,2.090000,4
3,41,2.206000,5
3,42,1.910000,4
3,43,1.824000,4
3,44,2.062000,5
3,45,1.535000,4
3,46,2.091000,4
3,47,2.209000,4
3,48,1.431000,4
3,49,1.827000,5
3,50,1.503000,4
3,51,2.102000,4
3,52,1.697000,4
3,53,2.289000,5
3,54,2.468000,5
3,55,1.826000,4
3,56,1.256000,4
3,57,1.561000,4
3,58,5.479000,4
3,59,1.935000,6
3,60,0.730000,4
3,61,1.662000,4
3,62,1.792000,5
3,63,2.030000,4
3,64,1.559000,4
3,65,1.951000,4
3,66,2.322000,6
3,67,1.991000,4
3,68,2.124000,5
3,69,1.959000,5
3,70,2.221000,6
3,71,2.349000,6
3,72,2.095000,6
3,73,2.569000,6
3,74,3.159000,6
3,75,2.463000,6
3,76,2.522000,5
3,77,2.150000,5
3,78,0.969000,6
3,79,2.479000,5
3,80,2.958000,6
3,81,2.457000,4
3,82,1.846000,4
3,83,2.261000,5
3,84,1.562000,5
3,85,2.209000,4
3,86,2.116000,5
3,87,1.853000,5
3,88,1.905000,4
3,89,1.957000,4
3,90,2.026000,5
3,91,2.043000,5
3,92,1.935000,5
3,93,2.482000,5
3,94,2.189000,5
3,95,2.639000,6
3,96,1.348000,5
4,1,4.931000,24
4,2,1.739000,5
4,3,1.857000,4
4,4,2.673000,5
4,5,1.671000,5
4,6,0.940000,5
4,7,1.755000,5
4,8,2.200000,5
4,9,1.799000,5
4,10,1.806000,6
4,11,3.203000,10
4,12,1.856000,6
4,13,2.205000,6
4,14,2.268000,5
4,15,7.126000,21
4,16,1.249000,5
4,17,1.190000,5
4,18,0.764000,5
4,19,1.959000,5
4,20,2.273000,5
4,21,1.960000,5
4,22,2.315000,5
4,23,2.095000,5
4,24,1.620000,5
4,25,2.227000,5
4,26,2.508000,5
4,27,1.930000,6
4,28,2.393000,7
4,29,2.029000,4
4,30,1.777000,5
4,31,1.619000,4
4,32,1.589000,5
4,33,2.244000,5
4,34,1.856000,5
4,35,2.660000,6
4,36,2.511000,6
4,37,1.390000,4
4,38,1.360000,4
4,39,1.699000,4
4,40,1.592000,4
4,41,1.643000,5
4,42,2.158000,5
4,43,1.964000,5
4,44,2.443000,4
4,45,1.863000,5
4,46,1.573000,5
4,47,1.872000,4
4,48,1.922000,4
4,49,1.965000,5
4,50,1.545000,4
4,51,1.435000,4
4,52,1.785000,5
4,53,1.626000,4
4,54,1.914000,4
4,55,1.398000,4
4,56,1.682000,4
4,57,1.998000,4
4,58,1.944000,5
4,59,2.342000,5
4,60,1.846000,7
4,61,5.990000,27
4,62,6.516000,28
4,63,2.262000,26
4,64,1.458000,26
4,65,0.977000,27
4,66,0.800000,28
4,67,5.997000,25
4,68,6.386000,26
4,69,1.522000,9
4,70,0.947000,10
4,71,0.812000,10
4,72,0.673000,10
4,73,2.769000,10
4,74,3.197000,10
4,75,2.955000,9
4,76,3.170000,9
4,77,2.608000,26
4,78,1.343000,24
4,79,5.152000,25
4,80,5.838000,25
4,81,3.362000,26
4,82,1.813000,27
4,83,0.926000,24
4,84,0.671000,23
4,85,1.572000,5
4,86,1.299000,5
4,87,2.110000,7
4,88,1.779000,6
4,89,2.042000,5
4,90,2.738000,5
4,91,1.956000,4
4,92,1.740000,5
4,93,2.062000,5
4,94,1.821000,5
4,95,1.630000,6
4,96,0.982000,5
5,1,4.317000,19
5,2,5.222000,28
5,3,0.611000,4
5,4,0.876000,5
5,5,1.114000,5
5,6,1.026000,5
5,7,2.378000,5
5,8,1.502000,4
5,9,1.734000,5
5,10,1.695000,5
5,11,1.809000,10
5,12,0.915000,5
5,13,2.856000,7
5,14,1.679000,5
5,15,2.535000,11
5,16,0.931000,4
5,17,0.725000,4
5,18,0.809000,4
5,19,1.973000,5
5,20,1.979000,5
5,21,1.243000,4
5,22,1.972000,4
5,23,0.995000,4
5,24,0.980000,4
5,25,2.171000,6
5,26,1.439000,4
5,27,1.360000,5
5,28,1.381000,5
5,29,1.468000,5
5,30,1.286000,6
5,31,2.217000,7
5,32,2.352000,7
5,33,1.245000,5
5,34,2.019000,8
5,35,1.490000,6
5,36,1.017000,6
5,37,1.555000,4
5,38,1.430000,4
5,39,0.940000,4
5,40,1.490000,4
5,41,0.990000,4
5,42,1.051000,4
5,43,2.101000,5
5,44,1.777000,5
5,45,1.304000,4
5,46,1.323000,4
5,47,0.962000,4
5,48,1.372000,4
5,49,1.610000,4
5,50,2.175000,6
5,51,1.876000,5
5,52,1.115000,5
5,53,1.280000,5
5,54,3.048000,27
5,55,5.280000,28
5,56,4.386000,28
5,57,2.659000,26
5,58,1.822000,26
5,59,1.253000,27
5,60,0.639000,25
5,61,3.211000,12
5,62,2.371000,12
5,63,2.840000,13
5,64,2.073000,15
5,65,1.572000,15
5,66,1.221000,15
5,67,4.032000,14
5,68,3.280000,13
5,69,3.734000,25
5,70,2.037000,24
5,71,1.602000,29
5,72,0.602000,9
5,73,6.964000,31
5,74,3.620000,23
5,75,1.981000,24
5,76,1.795000,25
5,77,0.630000,14
5,78,0.719000,15
5,79,4.123000,15
5,80,2.861000,15
5,81,2.712000,17
5,82,1.655000,15
5,83,1.720000,19
5,84,1.235000,20
5,85,5.473000,26
5,86,4.462000,26
5,87,2.628000,24
5,88,1.650000,24
5,89,1.320000,27
5,90,0.727000,29
5,91,4.666000,23
5,92,1.430000,5
5,93,1.624000,5
5,94,1.117000,5
5,95,1.376000,6
5,96,0.789000,5
6,1,2.838000,15
6,2,3.608000,19
6,3,2.189000,8
6,4,3.544000,26
6,5,2.118000,26
6,6,0.548000,27
6,7,4.718000,28
6,8,4.310000,25
6,9,1.358000,7
6,10,1.664000,7
6,11,2.047000,19
6,12,0.483000,5
6,13,1.643000,5
6,14,2.139000,7
6,15,2.810000,10
6,16,1.879000,6
6,17,1.249000,5
6,18,1.071000,5
6,19,1.514000,5
6,20,1.094000,5
6,21,1.194000,5
6,22,1.426000,5
6,23,1.456000,5
6,24,1.555000,5
6,25,1.355000,6
6,26,1.406000,5
6,27,1.250000,6
6,28,1.051000,5
6,29,1.330000,5
6,30,1.031000,5
6,31,1.100000,5
6,32,1.459000,6
6,33,1.686000,6
6,34,1.478000,6
6,35,1.796000,6
6,36,1.499000,5
6,37,1.256000,5
6,38,1.401000,5
6,39,1.409000,6
6,40,1.882000,7
6,41,3.713000,27
6,42,2.980000,27
6,43,4.714000,27
6,44,4.607000,26
6,45,3.337000,26
6,46,1.998000,25
6,47,0.546000,28
6,48,0.298000,25
6,49,5.131000,28
6,50,1.371000,6
6,51,1.831000,6
6,52,1.549000,7
6,53,1.186000,6
6,54,2.498000,18
6,55,3.039000,13
6,56,2.370000,12
6,57,3.031000,12
6,58,2.130000,11
6,59,1.851000,12
6,60,1.446000,12
6,61,4.280000,17
6,62,2.638000,14
6,63,3.646000,13
6,64,1.705000,10
6,65,1.326000,12
6,66,0.739000,10
6,67,1.947000,10
6,68,1.821000,10
6,69,2.421000,10
6,70,2.073000,10
6,71,2.655000,10
6,72,1.489000,7
6,73,1.819000,10
6,74,2.502000,10
6,75,2.177000,10
6,76,2.033000,10
6,77,1.684000,10
6,78,1.451000,10
6,79,2.224000,10
6,80,2.660000,12
6,81,2.567000,11
6,82,2.453000,12
6,83,2.124000,13
6,84,1.010000,13
6,85,2.111000,12
6,86,2.281000,11
6,87,2.372000,12
6,88,2.606000,12
6,89,2.110000,13
6,90,2.237000,17
6,91,1.950000,12
6,92,1.329000,6
6,93,1.153000,6
6,94,3.638000,23
6,95,1.525000,5
6,96,1.249000,5
7,1,3.031000,15
7,2,2.423000,12
7,3,1.394000,6
7,4,2.103000,11
7,5,2.677000,17
7,6,1.633000,15
7,7,3.360000,18
7,8,2.517000,12
7,9,4.360000,24
7,10,1.730000,9
7,11,1.840000,12
7,12,1.233000,10
7,13,1.617000,8
7,14,2.218000,9
7,15,3.588000,19
7,16,4.189000,26
7,17,2.853000,26
7,18,1.755000,24
7,19,4.026000,23
7,20,3.875000,24
7,21,3.718000,24
7,22,2.881000,24
7,23,1.635000,25
7,24,0.836000,25
7,25,3.976000,25
7,26,4.243000,25
7,27,4.179000,26
7,28,2.608000,24
7,29,1.462000,24
7,30,0.891000,24
7,31,4.267000,24
7,32,4.443000,24
7,33,3.698000,24
7,34,3.174000,28
7,35,1.063000,25
7,36,0.718000,27
7,37,4.341000,26
7,38,4.485000,26
7,39,4.041000,24
7,40,2.216000,24
7,41,1.017000,12
7,42,0.644000,13
7,43,3.667000,19
7,44,3.162000,15
7,45,3.372000,17
7,46,2.394000,16
7,47,1.657000,13
7,48,1.452000,12
7,49,2.480000,12
7,50,1.250000,6
7,51,2.052000,7
7,52,1.526000,6
7,53,1.936000,8
7,54,2.610000,13
7,55,2.579000,12
7,56,2.031000,11
7,57,3.444000,17
7,58,2.634000,12
7,59,2.173000,10
7,60,1.562000,10
7,61,2.509000,10
7,62,2.018000,10
7,63,1.889000,10
7,64,3.179000,17
7,65,1.507000,9
7,66,2.570000,19
7,67,1.756000,8
7,68,1.735000,8
7,69,2.086000,8
7,70,1.739000,8
7,71,1.889000,8
7,72,1.019000,4
7,73,1.949000,8
7,74,1.881000,9
7,75,1.489000,8
7,76,1.813000,8
7,77,1.734000,8
7,78,1.930000,8
7,79,1.511000,9
7,80,1.969000,9
7,81,2.259000,15
7,82,2.622000,11
7,83,2.575000,10
7,84,1.839000,10
7,85,2.371000,10
7,86,1.820000,10
7,87,3.041000,17
7,88,3.514000,18
7,89,1.851000,10
7,90,1.708000,11
7,91,1.953000,12
7,92,1.884000,7
7,93,1.794000,7
7,94,4.289000,20
7,95,1.228000,5
7,96,1.146000,5
8,1,2.086000,10
8,2,1.893000,9
8,3,1.711000,6
8,4,2.043000,10
8,5,2.603000,13
8,6,1.620000,12
8,7,2.490000,12
8,8,3.143000,18
8,9,2.817000,12
8,10,3.405000,24
8,11,1.770000,17
8,12,0.400000,9
8,13,4.694000,28
8,14,4.657000,25
8,15,2.896000,15
8,16,1.027000,12
8,17,0.336000,12
8,18,0.140000,12
8,19,2.915000,15
8,20,2.639000,13
8,21,2.163000,15
8,22,2.712000,15
8,23,1.785000,15
8,24,0.522000,15
8,25,2.582000,15
8,26,2.810000,15
8,27,2.271000,15
8,28,2.673000,15
8,29,2.141000,13
8,30,1.223000,13
8,31,2.763000,12
8,32,2.356000,12
8,33,1.720000,12
8,34,3.062000,15
8,35,2.138000,15
8,36,1.164000,13
8,37,2.425000,12
8,38,2.569000,13
8,39,2.298000,12
8,40,2.137000,12
8,41,2.761000,18
8,42,1.111000,11
8,43,2.068000,12
8,44,2.452000,12
8,45,1.895000,11
8,46,2.541000,13
8,47,2.418000,12
8,48,1.364000,12
8,49,3.165000,18
8,50,1.230000,5
8,51,1.280000,5
8,52,1.273000,5
8,53,1.292000,6
8,54,1.963000,9
8,55,2.195000,9
8,56,1.869000,9
8,57,1.690000,8
8,58,1.730000,8
8,59,2.147000,8
8,60,1.649000,7
8,61,1.377000,7
8,62,2.560000,12
8,63,2.199000,12
8,64,2.345000,12
8,65,2.239000,12
8,66,1.826000,12
8,67,2.565000,11
8,68,2.285000,11
8,69,2.670000,11
8,70,2.400000,11
8,71,2.541000,11
8,72,0.618000,4
8,73,2.634000,11
8,74,1.926000,7
8,75,2.041000,11
8,76,2.287000,11
8,77,2.030000,11
8,78,1.009000,11
8,79,2.864000,11
8,80,1.727000,11
8,81,2.729000,11
8,82,2.469000,11
8,83,1.321000,7
8,84,1.513000,11
8,85,1.343000,7
8,86,1.810000,9
8,87,2.214000,8
8,88,2.011000,8
8,89,1.930000,9
8,90,1.740000,9
8,91,2.192000,11
8,92,0.932000,5
8,93,1.410000,6
8,94,3.243000,18
8,95,1.995000,6
8,96,1.182000,6
9,1,1.434000,6
9,2,1.372000,7
9,3,0.745000,4
9,4,3.886000,18
9,5,1.915000,9
9,6,2.473000,9
9,7,2.276000,9
9,8,2.538000,10
9,9,2.481000,10
9,10,3.699000,12
9,11,2.369000,10
9,12,3.195000,26
9,13,2.067000,10
9,14,1.814000,10
9,15,2.073000,10
9,16,2.663000,11
9,17,2.431000,11
9,18,2.364000,9
9,19,1.600000,9
9,20,1.526000,9
9,21,1.801000,9
9,22,2.427000,9
9,23,1.585000,9
9,24,2.569000,9
9,25,1.779000,9
9,26,2.279000,9
9,27,1.774000,9
9,28,1.760000,9
9,29,2.214000,9
9,30,2.831000,9
9,31,1.487000,9
9,32,1.999000,11
9,33,2.080000,11
9,34,2.844000,11
9,35,2.356000,11
9,36,3.786000,17
9,37,1.959000,11
9,38,1.683000,10
9,39,2.196000,10
9,40,3.097000,11
9,41,3.976000,17
9,42,2.540000,9
9,43,2.361000,12
9,44,2.077000,9
9,45,2.393000,10
9,46,2.158000,9
9,47,2.301000,9
9,48,2.092000,9
9,49,1.368000,9
9,50,1.345000,5
9,51,0.877000,4
9,52,1.095000,4
9,53,1.276000,4
9,54,2.943000,12
9,55,2.765000,12
9,56,2.271000,12
9,57,2.400000,12
9,58,2.710000,12
9,59,3.386000,12
9,60,2.395000,12
9,61,2.751000,12
9,62,2.258000,12
9,63,2.657000,12
9,64,3.152000,12
9,65,3.506000,12
9,66,1.520000,12
9,67,2.313000,11
9,68,2.229000,11
9,69,2.549000,11
9,70,3.326000,11
9,71,3.837000,11
9,72,0.935000,4
9,73,2.317000,11
9,74,1.825000,7
9,75,2.454000,11
9,76,2.621000,11
9,77,3.143000,11
9,78,2.569000,11
9,79,2.346000,11
9,80,2.718000,11
9,81,2.625000,11
9,82,3.287000,11
9,83,2.912000,11
9,84,2.335000,11
9,85,2.680000,11
9,86,2.185000,11
9,87,3.020000,12
9,88,3.866000,12
9,89,3.244000,12
9,90,1.544000,12
9,91,1.535000,7
9,92,1.147000,4
9,93,1.523000,7
9,94,2.551000,12
9,95,1.802000,6
9,96,1.635000,5
10,1,2.288000,6
10,2,3.342000,11
10,3,1.531000,4
10,4,3.818000,11
10,5,4.265000,12
10,6,3.605000,11
10,7,4.098000,12
10,8,2.819000,9
10,9,3.550000,11
10,10,4.776000,11
10,11,3.579000,11
10,12,2.392000,10
10,13,4.099000,12
10,14,3.098000,12
10,15,3.017000,9
10,16,3.120000,9
10,17,4.839000,14
10,18,3.183000,12
10,19,5.326000,21
10,20,4.022000,13
10,21,4.918000,13
10,22,4.672000,14
10,23,2.893000,15
10,24,0.852000,15
10,25,4.833000,15
10,26,3.834000,15
10,27,4.950000,14
10,28,4.530000,14
10,29,3.275000,13
10,30,1.236000,21
10,31,3.468000,8
10,32,2.414000,9
10,33,3.060000,9
10,34,3.663000,9
10,35,3.757000,9
10,36,3.406000,12
10,37,3.930000,12
10,38,2.926000,10
10,39,3.524000,11
10,40,4.671000,11
10,41,3.151000,9
10,42,2.641000,18
10,43,3.033000,9
10,44,2.262000,8
10,45,2.023000,7
10,46,2.477000,6
10,47,4.083000,11
10,48,3.518000,12
10,49,4.096000,12
10,50,1.461000,4
10,51,1.479000,4
10,52,1.366000,4
10,53,1.903000,4
10,54,5.326000,12
10,55,3.735000,12
10,56,4.093000,12
10,57,4.118000,12
10,58,4.738000,12
10,59,3.676000,12
10,60,1.720000,12
10,61,4.094000,12
10,62,4.086000,12
10,63,3.821000,12
10,64,4.831000,12
10,65,3.814000,12
10,66,1.166000,12
10,67,3.904000,11
10,68,3.345000,11
10,69,4.190000,11
10,70,4.681000,11
10,71,3.236000,11
10,72,1.468000,4
10,73,4.085000,11
10,74,1.802000,7
10,75,3.436000,11
10,76,4.262000,11
10,77,3.986000,11
10,78,3.359000,11
10,79,3.021000,11
10,80,3.360000,11
10,81,2.837000,11
10,82,4.201000,11
10,83,3.922000,11
10,84,2.933000,11
10,85,4.100000,11
10,86,3.102000,11
10,87,4.574000,12
10,88,4.567000,12
10,89,3.915000,12
10,90,1.719000,12
10,91,3.668000,12
10,92,1.147000,4
10,93,2.137000,7
10,94,3.881000,11
10,95,2.978000,6
10,96,2.491000,5
11,1,2.173000,7
11,2,2.760000,11
11,3,1.303000,4
11,4,2.446000,7
11,5,3.149000,11
11,6,3.269000,11
11,7,3.340000,11
11,8,3.607000,11
11,9,3.700000,11
11,10,2.247000,7
11,11,1.955000,7
11,12,1.114000,7
11,13,2.735000,9
11,14,2.453000,9
11,15,2.517000,8
11,16,3.994000,20
11,17,1.193000,9
11,18,0.400000,9
11,19,2.381000,9
11,20,2.257000,9
11,21,3.190000,11
11,22,3.240000,11
11,23,3.113000,11
11,24,2.307000,11
11,25,3.157000,11
11,26,2.625000,11
11,27,3.236000,11
11,28,3.308000,11
11,29,2.515000,11
11,30,1.202000,9
11,31,4.486000,18
11,32,4.807000,19
11,33,4.543000,19
11,34,1.794000,8
11,35,1.168000,8
11,36,0.361000,8
11,37,2.598000,9
11,38,2.615000,7
11,39,2.243000,7
11,40,3.530000,12
11,41,3.603000,12
11,42,2.204000,12
11,43,3.018000,12
11,44,3.106000,12
11,45,4.212000,12
11,46,3.138000,11
11,47,2.825000,12
11,48,0.982000,12
11,49,3.625000,12
11,50,1.522000,4
11,51,1.809000,4
11,52,1.282000,4
11,53,1.940000,4
11,54,2.994000,11
11,55,3.302000,11
11,56,3.302000,11
11,57,3.349000,11
11,58,2.983000,11
11,59,2.502000,11
11,60,1.415000,11
11,61,2.939000,11
11,62,3.255000,11
11,63,2.066000,7
11,64,2.636000,7
11,65,2.651000,7
11,66,2.006000,7
11,67,2.320000,7
11,68,1.982000,7
11,69,3.100000,7
11,70,2.538000,7
11,71,2.032000,7
11,72,1.521000,4
11,73,2.242000,7
11,74,1.947000,7
11,75,2.219000,7
11,76,1.856000,7
11,77,2.812000,7
11,78,2.452000,7
11,79,2.010000,7
11,80,2.395000,7
11,81,2.677000,7
11,82,2.631000,7
11,83,2.607000,7
11,84,2.566000,7
11,85,2.142000,7
11,86,2.474000,7
11,87,2.765000,7
11,88,2.361000,7
11,89,2.374000,7
11,90,2.664000,7
11,91,2.488000,7
11,92,1.301000,4
11,93,5.479000,20
11,94,3.611000,15
11,95,1.794000,7
11,96,1.372000,5
12,1,2.186000,7
12,2,3.409000,11
12,3,1.540000,4
12,4,2.115000,7
12,5,2.400000,11
12,6,1.834000,11
12,7,3.017000,11
12,8,3.773000,11
12,9,2.892000,11
12,10,2.234000,11
12,11,1.402000,11
12,12,1.270000,11
12,13,3.276000,11
12,14,2.901000,11
12,15,3.465000,11
12,16,2.409000,11
12,17,1.709000,11
12,18,1.231000,11
12,19,3.506000,11
12,20,3.682000,11
12,21,2.713000,11
12,22,1.819000,11
12,23,1.293000,11
12,24,0.855000,11
12,25,3.519000,11
12,26,3.594000,11
12,27,2.841000,11
12,28,2.368000,11
12,29,1.334000,11
12,30,1.014000,11
12,31,3.814000,11
12,32,3.159000,11
12,33,3.467000,11
12,34,1.757000,11
12,35,1.133000,11
12,36,0.317000,11
12,37,3.833000,11
12,38,3.698000,11
12,39,3.314000,12
12,40,1.918000,12
12,41,1.441000,12
12,42,1.110000,12
12,43,3.377000,12
12,44,3.544000,12
12,45,2.989000,12
12,46,2.670000,12
12,47,1.719000,12
12,48,0.951000,12
12,49,3.833000,12
12,50,1.566000,4
12,51,1.362000,4
12,52,1.189000,4
12,53,1.454000,4
12,54,2.387000,11
12,55,3.377000,11
12,56,2.843000,11
12,57,2.995000,11
12,58,3.093000,11
12,59,1.705000,11
12,60,0.592000,7
12,61,3.811000,11
12,62,3.177000,11
12,63,1.982000,7
12,64,1.633000,7
12,65,1.496000,7
12,66,0.957000,7
12,67,2.011000,7
12,68,2.424000,7
12,69,2.207000,7
12,70,2.085000,7
12,71,1.980000,7
12,72,0.664000,4
12,73,2.265000,7
12,74,2.364000,7
12,75,2.241000,7
12,76,1.985000,7
12,77,1.781000,7
12,78,1.448000,7
12,79,2.396000,7
12,80,2.700000,7
12,81,2.456000,7
12,82,2.427000,7
12,83,1.389000,7
12,84,1.341000,7
12,85,2.200000,7
12,86,2.708000,7
12,87,2.410000,7
12,88,2.590000,7
12,89,1.457000,7
12,90,1.328000,7
12,91,2.366000,7
12,92,2.083000,4
12,93,2.137000,7
12,94,2.418000,7
12,95,1.584000,6
12,96,1.678000,5
13,1,1.452000,7
13,2,3.060000,11
13,3,1.470000,4
13,4,1.711000,7
13,5,2.222000,11
13,6,1.910000,11
13,7,2.708000,11
13,8,3.177000,11
13,9,3.001000,11
13,10,2.353000,11
13,11,1.395000,11
13,12,0.558000,11
13,13,2.711000,11
13,14,2.399000,11
13,15,2.582000,11
13,16,2.117000,11
13,17,2.116000,11
13,18,1.268000,11
13,19,2.329000,11
13,20,3.073000,11
13,21,2.418000,11
13,22,2.711000,11
13,23,1.429000,11
13,24,1.362000,11
13,25,2.349000,11
13,26,2.524000,11
13,27,2.500000,11
13,28,2.219000,11
13,29,1.877000,11
13,30,1.439000,11
13,31,2.714000,11
13,32,2.884000,11
13,33,2.093000,11
13,34,2.019000,11
13,35,1.328000,11
13,36,0.582000,11
13,37,2.711000,11
13,38,2.403000,11
13,39,3.431000,12
13,40,2.284000,12
13,41,1.754000,12
13,42,1.083000,12
13,43,2.894000,12
13,44,3.319000,12
13,45,2.569000,12
13,46,2.664000,12
13,47,1.555000,12
13,48,0.804000,12
13,49,2.559000,12
13,50,1.162000,4
13,51,2.019000,4
13,52,1.349000,4
13,53,1.222000,4
13,54,2.374000,11
13,55,2.710000,11
13,56,2.402000,11
13,57,2.820000,11
13,58,2.026000,11
13,59,1.862000,11
13,60,1.111000,7
13,61,2.273000,11
13,62,2.837000,11
13,63,2.504000,7
13,64,1.710000,7
13,65,1.709000,7
13,66,1.714000,7
13,67,1.289000,7
13,68,1.837000,7
13,69,2.603000,7
13,70,1.925000,7
13,71,1.916000,7
13,72,1.060000,4
13,73,1.589000,7
13,74,2.000000,7
13,75,1.872000,7
13,76,2.230000,7
13,77,1.477000,7
13,78,1.580000,7
13,79,1.751000,7
13,80,1.810000,7
13,81,2.531000,7
13,82,1.930000,7
13,83,1.689000,7
13,84,1.358000,7
13,85,1.633000,7
13,86,1.937000,7
13,87,1.659000,7
13,88,2.044000,7
13,89,1.487000,7
13,90,1.468000,7
13,91,1.522000,7
13,92,1.163000,4
13,93,1.619000,7
13,94,3.424000,15
13,95,1.292000,6
13,96,1.057000,5
14,1,2.102000,7
14,2,2.600000,11
14,3,1.391000,4
14,4,2.900000,7
14,5,3.785000,11
14,6,2.643000,11
14,7,3.344000,11
14,8,3.838000,11
14,9,3.094000,11
14,10,3.122000,11
14,11,2.173000,11
14,12,1.434000,11
14,13,3.285000,11
14,14,3.603000,11
14,15,3.452000,11
14,16,3.201000,11
14,17,2.253000,11
14,18,1.509000,11
14,19,2.821000,11
14,20,2.703000,11
14,21,3.720000,11
14,22,3.477000,11
14,23,2.922000,11
14,24,1.863000,11
14,25,2.517000,11
14,26,2.320000,11
14,27,3.716000,11
14,28,3.620000,11
14,29,2.460000,11
14,30,1.791000,11
14,31,2.637000,11
14,32,2.713000,11
14,33,3.780000,11
14,34,3.310000,11
14,35,2.529000,11
14,36,1.719000,11
14,37,2.896000,11
14,38,2.588000,11
14,39,4.173000,12
14,40,3.452000,12
14,41,2.528000,12
14,42,1.687000,12
14,43,2.946000,12
14,44,2.615000,12
14,45,4.103000,12
14,46,3.909000,12
14,47,2.600000,12
14,48,1.204000,12
14,49,2.583000,12
14,50,1.355000,4
14,51,1.454000,4
14,52,1.767000,4
14,53,1.716000,4
14,54,3.673000,11
14,55,3.366000,11
14,56,2.494000,11
14,57,3.689000,11
14,58,3.679000,11
14,59,2.457000,11
14,60,1.315000,7
14,61,2.822000,11
14,62,2.786000,11
14,63,3.205000,7
14,64,2.412000,7
14,65,1.620000,7
14,66,1.356000,7
14,67,2.186000,7
14,68,1.632000,7
14,69,2.263000,7
14,70,2.596000,7
14,71,2.316000,7
14,72,1.644000,4
14,73,1.960000,7
14,74,2.142000,7
14,75,1.733000,7
14,76,2.690000,7
14,77,2.520000,7
14,78,1.950000,7
14,79,1.954000,7
14,80,2.229000,7
14,81,2.219000,7
14,82,2.415000,7
14,83,2.246000,7
14,84,2.624000,7
14,85,1.871000,7
14,86,1.733000,7
14,87,2.360000,7
14,88,2.662000,7
14,89,2.463000,7
14,90,1.795000,7
14,91,1.674000,7
14,92,1.581000,4
14,93,3.506000,16
14,94,4.260000,17
14,95,3.085000,8
14,96,1.160000,5
15,1,3.111000,7
15,2,5.715000,11
15,3,1.690000,4
15,4,2.985000,7
15,5,4.630000,11
15,6,2.469000,11
15,7,4.387000,11
15,8,5.912000,11
15,9,4.107000,11
15,10,4.349000,11
15,11,2.187000,11
15,12,1.457000,11
15,13,5.986000,11
15,14,5.029000,11
15,15,4.759000,11
15,16,3.822000,11
15,17,2.411000,11
15,18,0.842000,11
15,19,4.463000,11
15,20,5.324000,11
15,21,4.216000,11
15,22,3.746000,11
15,23,2.812000,11
15,24,1.856000,11
15,25,3.779000,11
15,26,5.887000,11
15,27,4.137000,11
15,28,3.993000,11
15,29,3.085000,11
15,30,1.145000,11
15,31,4.828000,11
15,32,4.877000,11
15,33,4.044000,11
15,34,4.043000,11
15,35,2.976000,11
15,36,1.639000,11
15,37,4.202000,11
15,38,5.122000,11
15,39,4.539000,12
15,40,4.922000,12
15,41,2.472000,12
15,42,0.806000,12
15,43,5.948000,12
15,44,5.792000,12
15,45,4.883000,12
15,46,3.958000,12
15,47,1.920000,12
15,48,0.432000,12
15,49,4.475000,12
15,50,3.242000,4
15,51,2.358000,4
15,52,1.991000,5
15,53,2.021000,4
15,54,4.677000,11
15,55,4.067000,11
15,56,5.192000,11
15,57,4.511000,11
15,58,3.722000,11
15,59,3.280000,11
15,60,1.310000,7
15,61,3.696000,11
15,62,5.875000,11
15,63,2.183000,7
15,64,3.014000,7
15,65,2.851000,7
15,66,2.439000,7
15,67,3.599000,7
15,68,3.328000,7
15,69,3.282000,7
15,70,3.519000,7
15,71,2.547000,7
15,72,2.137000,4
15,73,3.083000,7
15,74,4.821000,7
15,75,3.183000,7
15,76,2.954000,7
15,77,2.803000,7
15,78,2.723000,7
15,79,2.907000,7
15,80,3.979000,7
15,81,3.898000,7
15,82,2.653000,7
15,83,3.102000,7
15,84,1.708000,7
15,85,3.535000,7
15,86,3.572000,7
15,87,3.786000,7
15,88,2.847000,7
15,89,3.078000,7
15,90,2.591000,7
15,91,3.103000,7
15,92,3.954000,6
15,93,3.402000,7
15,94,5.567000,18
15,95,3.138000,7
15,96,1.679000,5
16,1,1.808000,7
16,2,2.462000,12
16,3,1.337000,4
16,4,2.523000,11
16,5,2.493000,12
16,6,2.827000,12
16,7,2.778000,12
16,8,2.626000,12
16,9,2.191000,12
16,10,2.290000,12
16,11,3.355000,12
16,12,2.102000,12
16,13,2.792000,12
16,14,2.826000,12
16,15,2.574000,12
16,16,2.918000,12
16,17,2.578000,12
16,18,1.711000,12
16,19,2.578000,12
16,20,2.578000,12
16,21,2.810000,12
16,22,2.480000,12
16,23,2.771000,12
16,24,2.023000,12
16,25,2.789000,12
16,26,2.735000,12
16,27,2.589000,12
16,28,2.525000,12
16,29,2.812000,12
16,30,1.889000,12
16,31,3.090000,12
16,32,2.658000,12
16,33,2.687000,12
16,34,2.844000,12
16,35,2.627000,12
16,36,1.200000,12
16,37,2.649000,12
16,38,2.577000,12
16,39,3.041000,12
16,40,2.586000,12
16,41,2.360000,12
16,42,1.857000,12
16,43,2.789000,12
16,44,2.397000,12
16,45,2.421000,12
16,46,2.820000,12
16,47,2.563000,12
16,48,1.967000,12
16,49,2.789000,12
16,50,0.948000,4
16,51,1.149000,4
16,52,0.959000,4
16,53,0.968000,4
16,54,2.676000,12
16,55,3.009000,12
16,56,2.756000,12
16,57,2.457000,12
16,58,2.428000,12
16,59,2.590000,12
16,60,1.208000,12
16,61,2.951000,12
16,62,2.621000,12
16,63,2.873000,12
16,64,2.769000,12
16,65,3.722000,12
16,66,0.545000,12
16,67,3.092000,11
16,68,1.888000,11
16,69,2.841000,11
16,70,2.102000,11
16,71,2.634000,11
16,72,1.022000,4
16,73,2.780000,11
16,74,1.558000,7
16,75,2.460000,11
16,76,2.501000,11
16,77,2.880000,11
16,78,2.365000,11
16,79,2.661000,11
16,80,2.055000,11
16,81,2.461000,11
16,82,2.414000,11
16,83,2.555000,11
16,84,1.894000,11
16,85,2.793000,11
16,86,2.230000,11
16,87,2.506000,12
16,88,2.727000,12
16,89,2.379000,12
16,90,1.975000,12
16,91,2.647000,12
16,92,1.336000,6
16,93,1.703000,7
16,94,2.886000,17
16,95,1.857000,7
16,96,1.445000,5
17,1,1.697000,7
17,2,2.479000,12
17,3,1.043000,4
17,4,2.564000,11
17,5,2.922000,12
17,6,3.014000,12
17,7,3.113000,12
17,8,2.616000,12
17,9,2.907000,12
17,10,3.039000,12
17,11,2.682000,12
17,12,1.321000,12
17,13,2.966000,12
17,14,2.365000,12
17,15,2.443000,12
17,16,2.523000,12
17,17,2.932000,12
17,18,1.745000,12
17,19,2.167000,12
17,20,3.011000,12
17,21,2.842000,12
17,22,2.837000,12
17,23,2.552000,12
17,24,1.589000,12
17,25,2.395000,12
17,26,2.391000,12
17,27,2.378000,12
17,28,3.097000,12
17,29,2.484000,12
17,30,1.882000,12
17,31,2.831000,12
17,32,2.412000,12
17,33,2.968000,12
17,34,2.943000,12
17,35,1.988000,12
17,36,0.300000,12
17,37,3.061000,12
17,38,2.843000,12
17,39,3.234000,12
17,40,3.454000,12
17,41,2.462000,12
17,42,0.831000,12
17,43,2.364000,12
17,44,2.810000,12
17,45,2.441000,12
17,46,2.554000,12
17,47,2.676000,12
17,48,1.922000,12
17,49,2.384000,12
17,50,1.307000,4
17,51,1.274000,4
17,52,1.191000,5
17,53,1.588000,4
17,54,2.731000,12
17,55,2.831000,12
17,56,1.922000,12
17,57,2.776000,12
17,58,3.098000,12
17,59,2.879000,12
17,60,1.850000,12
17,61,2.305000,12
17,62,3.134000,12
17,63,3.226000,12
17,64,2.636000,12
17,65,2.854000,12
17,66,1.161000,12
17,67,2.606000,11
17,68,2.168000,11
17,69,2.165000,11
17,70,2.930000,11
17,71,2.516000,11
17,72,0.996000,4
17,73,2.790000,11
17,74,1.314000,7
17,75,2.274000,11
17,76,2.414000,11
17,77,2.266000,11
17,78,2.240000,11
17,79,2.707000,11
17,80,2.721000,11
17,81,3.159000,11
17,82,2.476000,11
17,83,2.558000,11
17,84,1.782000,11
17,85,2.380000,11
17,86,2.488000,11
17,87,2.806000,12
17,88,2.959000,12
17,89,2.549000,12
17,90,2.006000,12
17,91,1.383000,7
17,92,3.149000,20
17,93,1.128000,7
17,94,3.409000,16
17,95,1.930000,7
17,96,1.206000,5
18,1,1.712000,7
18,2,2.744000,12
18,3,0.980000,4
18,4,2.925000,11
18,5,2.952000,12
18,6,2.473000,12
18,7,2.579000,12
18,8,3.418000,12
18,9,2.540000,12
18,10,2.656000,12
18,11,1.738000,12
18,12,0.250000,12
18,13,2.689000,12
18,14,2.883000,12
18,15,2.748000,12
18,16,2.528000,12
18,17,2.382000,12
18,18,1.808000,12
18,19,2.912000,12
18,20,3.342000,12
18,21,2.318000,12
18,22,2.782000,12
18,23,2.396000,12
18,24,1.644000,12
18,25,2.141000,12
18,26,2.328000,12
18,27,2.940000,12
18,28,3.064000,12
18,29,2.320000,12
18,30,1.938000,12
18,31,2.792000,12
18,32,2.965000,12
18,33,2.953000,12
18,34,2.140000,12
18,35,2.523000,12
18,36,1.868000,12
18,37,2.673000,12
18,38,2.977000,12
18,39,2.710000,12
18,40,2.670000,12
18,41,2.622000,12
18,42,1.770000,12
18,43,2.795000,12
18,44,2.295000,12
18,45,2.821000,12
18,46,2.742000,12
18,47,2.450000,12
18,48,2.242000,12
18,49,2.975000,12
18,50,0.798000,4
18,51,1.384000,4
18,52,1.128000,5
18,53,0.990000,4
18,54,2.298000,12
18,55,3.070000,12
18,56,3.189000,12
18,57,2.173000,12
18,58,2.915000,12
18,59,2.576000,12
18,60,1.514000,12
18,61,2.553000,12
18,62,3.032000,12
18,63,2.988000,12
18,64,3.122000,12
18,65,2.617000,12
18,66,1.258000,12
18,67,2.316000,11
18,68,2.764000,11
18,69,2.714000,11
18,70,2.382000,11
18,71,2.356000,11
18,72,0.941000,4
18,73,2.465000,11
18,74,1.696000,7
18,75,2.437000,11
18,76,2.569000,11
18,77,2.883000,11
18,78,2.370000,11
18,79,2.637000,11
18,80,3.075000,11
18,81,2.856000,11
18,82,2.335000,11
18,83,1.948000,11
18,84,2.030000,11
18,85,2.405000,11
18,86,2.261000,11
18,87,3.184000,12
18,88,2.813000,12
18,89,2.185000,12
18,90,2.304000,12
18,91,1.398000,7
18,92,1.951000,10
18,93,1.689000,7
18,94,3.269000,17
18,95,1.891000,7
18,96,2.033000,6
19,1,1.414000,7
19,2,2.122000,11
19,3,1.392000,4
19,4,3.429000,11
19,5,4.032000,12
19,6,3.970000,12
19,7,2.762000,12
19,8,2.756000,12
19,9,3.974000,12
19,10,4.330000,12
19,11,4.159000,12
19,12,1.954000,12
19,13,2.980000,12
19,14,2.665000,12
19,15,3.521000,12
19,16,4.285000,12
19,17,4.083000,12
19,18,2.815000,12
19,19,2.227000,12
19,20,2.712000,12
19,21,3.255000,12
19,22,4.138000,12
19,23,4.326000,12
19,24,2.983000,12
19,25,2.662000,12
19,26,2.838000,12
19,27,3.620000,12
19,28,4.003000,12
19,29,4.898000,12
19,30,2.559000,12
19,31,2.431000,12
19,32,2.501000,12
19,33,3.667000,12
19,34,3.715000,12
19,35,4.770000,12
19,36,3.060000,12
19,37,2.779000,12
19,38,2.864000,12
19,39,3.882000,12
19,40,4.122000,12
19,41,3.715000,12
19,42,2.308000,12
19,43,2.728000,12
19,44,2.989000,12
19,45,3.866000,12
19,46,3.546000,12
19,47,4.297000,12
19,48,2.722000,12
19,49,2.267000,12
19,50,1.013000,4
19,51,1.143000,4
19,52,1.348000,5
19,53,1.607000,4
19,54,4.240000,12
19,55,2.431000,12
19,56,2.386000,12
19,57,3.757000,12
19,58,3.760000,12
19,59,4.221000,12
19,60,3.563000,12
19,61,2.435000,12
19,62,2.499000,12
19,63,3.764000,12
19,64,4.759000,12
19,65,4.802000,12
19,66,2.511000,12
19,67,2.453000,11
19,68,2.298000,11
19,69,2.862000,11
19,70,3.189000,11
19,71,4.144000,11
19,72,2.240000,4
19,73,2.978000,11
19,74,1.565000,7
19,75,2.632000,11
19,76,3.367000,11
19,77,3.925000,11
19,78,3.928000,11
19,79,2.120000,11
19,80,2.337000,11
19,81,2.818000,11
19,82,3.495000,11
19,83,4.602000,11
19,84,3.509000,11
19,85,1.893000,11
19,86,2.231000,11
19,87,3.367000,12
19,88,3.979000,12
19,89,4.422000,12
19,90,3.491000,12
19,91,1.071000,6
19,92,2.137000,10
19,93,1.717000,8
19,94,1.494000,7
19,95,2.981000,7
19,96,2.392000,6
20,1,3.121000,7
20,2,4.045000,11
20,3,1.952000,4
20,4,3.849000,11
20,5,4.065000,12
20,6,3.130000,12
20,7,4.812000,12
20,8,4.583000,12
20,9,3.617000,12
20,10,3.333000,12
20,11,3.732000,12
20,12,1.542000,12
20,13,4.268000,12
20,14,4.078000,12
20,15,4.080000,12
20,16,4.497000,12
20,17,3.617000,12
20,18,3.107000,12
20,19,4.359000,12
20,20,4.578000,12
20,21,3.824000,12
20,22,3.308000,12
20,23,3.386000,12
20,24,3.513000,12
20,25,4.665000,12
20,26,3.730000,12
20,27,3.906000,12
20,28,3.418000,12
20,29,3.817000,12
20,30,3.779000,12
20,31,4.317000,12
20,32,4.837000,12
20,33,4.093000,12
20,34,4.049000,12
20,35,3.471000,12
20,36,3.262000,12
20,37,5.080000,12
20,38,4.564000,12
20,39,4.112000,12
20,40,4.164000,12
20,41,3.256000,12
20,42,2.890000,12
20,43,4.623000,12
20,44,4.163000,12
20,45,3.692000,12
20,46,4.165000,12
20,47,3.012000,12
20,48,3.145000,12
20,49,4.626000,12
20,50,2.272000,4
20,51,2.223000,4
20,52,2.101000,5
20,53,1.978000,4
20,54,4.389000,12
20,55,4.699000,12
20,56,4.451000,12
20,57,3.512000,12
20,58,4.445000,12
20,59,3.107000,12
20,60,3.416000,12
20,61,4.854000,12
20,62,4.102000,12
20,63,4.331000,12
20,64,3.770000,12
20,65,2.814000,12
20,66,3.324000,12
20,67,4.128000,11
20,68,4.311000,11
20,69,3.298000,11
20,70,3.380000,11
20,71,3.672000,11
20,72,1.316000,4
20,73,4.542000,11
20,74,3.318000,7
20,75,3.594000,11
20,76,3.352000,11
20,77,3.765000,11
20,78,2.801000,11
20,79,4.118000,11
20,80,3.859000,11
20,81,3.943000,11
20,82,3.846000,11
20,83,3.056000,11
20,84,3.489000,11
20,85,5.163000,11
20,86,4.275000,11
20,87,4.120000,12
20,88,3.775000,12
20,89,4.179000,12
20,90,1.534000,12
20,91,5.725000,15
20,92,2.932000,7
20,93,3.946000,12
20,94,4.664000,16
20,95,1.866000,7
20,96,1.712000,5
21,1,2.248000,7
21,2,3.985000,12
21,3,2.422000,4
21,4,3.088000,10
21,5,3.197000,12
21,6,3.835000,12
21,7,3.920000,12
21,8,4.557000,12
21,9,3.848000,12
21,10,3.999000,12
21,11,3.041000,12
21,12,2.038000,12
21,13,4.485000,12
21,14,4.580000,12
21,15,4.064000,12
21,16,3.783000,12
21,17,3.486000,12
21,18,2.613000,12
21,19,4.169000,12
21,20,4.461000,12
21,21,3.953000,12
21,22,3.778000,12
21,23,4.010000,12
21,24,2.667000,12
21,25,3.876000,12
21,26,4.388000,12
21,27,3.854000,12
21,28,3.673000,12
21,29,3.081000,12
21,30,2.707000,12
21,31,4.161000,12
21,32,4.616000,12
21,33,4.375000,12
21,34,3.297000,12
21,35,3.743000,12
21,36,2.488000,12
21,37,3.726000,12
21,38,4.915000,12
21,39,4.128000,12
21,40,3.927000,12
21,41,3.667000,12
21,42,2.975000,14
21,43,4.169000,14
21,44,4.677000,14
21,45,3.628000,14
21,46,3.628000,14
21,47,4.045000,14
21,48,3.106000,14
21,49,4.433000,14
21,50,1.739000,4
21,51,2.433000,4
21,52,2.100000,4
21,53,1.761000,4
21,54,3.851000,14
21,55,4.491000,12
21,56,4.539000,12
21,57,3.754000,12
21,58,3.210000,12
21,59,3.497000,12
21,60,2.509000,12
21,61,4.169000,12
21,62,4.464000,12
21,63,4.001000,12
21,64,3.817000,12
21,65,3.524000,12
21,66,2.320000,12
21,67,3.833000,12
21,68,4.301000,12
21,69,4.123000,12
21,70,3.430000,12
21,71,4.142000,12
21,72,1.173000,4
21,73,3.928000,12
21,74,3.768000,12
21,75,4.023000,12
21,76,3.197000,12
21,77,3.650000,12
21,78,2.979000,12
21,79,4.439000,12
21,80,4.894000,12
21,81,3.807000,12
21,82,3.294000,12
21,83,3.296000,12
21,84,2.232000,12
21,85,4.202000,12
21,86,4.769000,12
21,87,3.939000,12
21,88,3.508000,12
21,89,3.898000,12
21,90,2.705000,12
21,91,3.661000,14
21,92,3.167000,7
21,93,3.209000,7
21,94,3.803000,14
21,95,2.008000,6
21,96,2.966000,6
22,1,2.701000,6
22,2,2.865000,12
22,3,1.745000,4
22,4,2.858000,10
22,5,2.673000,12
22,6,2.178000,12
22,7,3.561000,12
22,8,2.989000,12
22,9,2.881000,12
22,10,2.656000,12
22,11,2.363000,12
22,12,2.152000,12
22,13,3.658000,12
22,14,3.004000,12
22,15,3.245000,12
22,16,2.165000,12
22,17,1.198000,12
22,18,0.210000,12
22,19,4.313000,12
22,20,2.847000,12
22,21,3.430000,12
22,22,2.453000,12
22,23,2.421000,12
22,24,1.565000,12
22,25,4.269000,12
22,26,2.723000,12
22,27,3.187000,12
22,28,2.697000,12
22,29,2.216000,12
22,30,1.592000,12
22,31,4.985000,12
22,32,2.628000,12
22,33,2.758000,12
22,34,2.885000,12
22,35,1.917000,12
22,36,1.668000,12
22,37,4.396000,12
22,38,2.528000,12
22,39,2.704000,12
22,40,2.633000,12
22,41,2.500000,12
22,42,2.000000,14
22,43,4.475000,14
22,44,3.110000,14
22,45,3.885000,14
22,46,2.671000,14
22,47,2.220000,14
22,48,1.049000,14
22,49,4.714000,14
22,50,1.095000,4
22,51,1.145000,4
22,52,1.401000,4
22,53,1.069000,4
22,54,2.903000,14
22,55,4.708000,12
22,56,3.056000,12
22,57,3.137000,12
22,58,2.568000,12
22,59,2.233000,12
22,60,1.364000,12
22,61,4.774000,12
22,62,2.371000,12
22,63,2.833000,12
22,64,2.370000,12
22,65,2.289000,12
22,66,1.890000,12
22,67,4.347000,12
22,68,3.189000,12
22,69,3.030000,12
22,70,2.610000,12
22,71,2.024000,12
22,72,0.679000,4
22,73,4.455000,12
22,74,2.914000,12
22,75,3.005000,12
22,76,2.289000,12
22,77,2.332000,12
22,78,1.616000,12
22,79,4.238000,12
22,80,2.515000,12
22,81,2.957000,12
22,82,2.825000,12
22,83,2.330000,12
22,84,1.829000,12
22,85,4.278000,12
22,86,3.046000,12
22,87,3.102000,12
22,88,2.530000,12
22,89,2.433000,12
22,90,1.832000,14
22,91,3.979000,14
22,92,1.855000,7
22,93,2.312000,10
22,94,2.981000,14
22,95,1.059000,5
22,96,1.314000,6
23,1,1.079000,6
23,2,2.187000,11
23,3,1.168000,4
23,4,1.861000,10
23,5,2.512000,12
23,6,2.149000,12
23,7,1.935000,12
23,8,2.792000,12
23,9,2.822000,12
23,10,2.390000,12
23,11,1.916000,12
23,12,0.695000,12
23,13,2.249000,12
23,14,2.425000,12
23,15,2.292000,12
23,16,2.560000,12
23,17,1.882000,12
23,18,1.812000,12
23,19,2.125000,12
23,20,2.720000,12
23,21,2.299000,12
23,22,2.312000,12
23,23,2.003000,12
23,24,1.996000,12
23,25,2.543000,12
23,26,3.050000,12
23,27,2.551000,12
23,28,2.511000,12
23,29,1.614000,12
23,30,1.356000,12
23,31,2.400000,12
23,32,2.740000,12
23,33,2.248000,12
23,34,2.413000,12
23,35,1.778000,12
23,36,1.986000,12
23,37,2.365000,12
23,38,2.169000,12
23,39,2.458000,12
23,40,2.745000,12
23,41,1.915000,12
23,42,1.117000,14
23,43,3.035000,14
23,44,2.556000,14
23,45,3.276000,14
23,46,2.681000,14
23,47,2.085000,14
23,48,0.530000,14
23,49,2.544000,14
23,50,0.881000,4
23,51,0.610000,4
23,52,1.008000,4
23,53,0.897000,4
23,54,2.910000,14
23,55,2.249000,12
23,56,1.999000,12
23,57,2.310000,12
23,58,2.384000,12
23,59,1.957000,12
23,60,1.839000,12
23,61,2.352000,12
23,62,2.796000,12
23,63,2.519000,12
23,64,2.365000,12
23,65,2.326000,12
23,66,1.663000,12
23,67,2.240000,12
23,68,2.851000,12
23,69,2.319000,12
23,70,2.704000,12
23,71,1.760000,12
23,72,0.360000,4
23,73,2.249000,12
23,74,2.155000,12
23,75,2.049000,12
23,76,2.672000,12
23,77,2.262000,12
23,78,1.932000,12
23,79,2.540000,12
23,80,2.575000,12
23,81,2.460000,12
23,82,2.248000,12
23,83,1.963000,12
23,84,1.731000,12
23,85,2.415000,12
23,86,2.601000,12
23,87,2.600000,12
23,88,2.569000,12
23,89,2.050000,12
23,90,1.327000,9
23,91,1.921000,11
23,92,1.127000,7
23,93,1.999000,9
23,94,1.990000,14
23,95,1.090000,6
23,96,1.364000,6
24,1,1.335000,6
24,2,2.859000,11
24,3,1.317000,4
24,4,2.975000,10
24,5,4.061000,12
24,6,3.260000,12
24,7,2.557000,12
24,8,2.911000,12
24,9,3.822000,12
24,10,3.499000,12
24,11,3.172000,12
24,12,2.820000,12
24,13,2.793000,12
24,14,3.247000,12
24,15,3.778000,12
24,16,3.631000,12
24,17,3.284000,12
24,18,2.187000,12
24,19,2.718000,12
24,20,2.920000,12
24,21,3.613000,12
24,22,3.429000,12
24,23,3.765000,12
24,24,2.669000,12
24,25,2.109000,12
24,26,3.066000,12
24,27,2.916000,12
24,28,3.902000,12
24,29,3.482000,12
24,30,3.113000,12
24,31,2.386000,12
24,32,3.363000,12
24,33,3.337000,12
24,34,3.619000,12
24,35,2.583000,12
24,36,0.882000,12
24,37,2.676000,12
24,38,2.921000,12
24,39,3.625000,12
24,40,3.843000,12
24,41,3.136000,12
24,42,2.915000,14
24,43,2.489000,14
24,44,2.584000,14
24,45,2.816000,14
24,46,4.557000,14
24,47,3.496000,14
24,48,3.125000,14
24,49,2.845000,14
24,50,1.778000,4
24,51,1.262000,4
24,52,1.237000,4
24,53,2.181000,4
24,54,3.905000,14
24,55,2.515000,12
24,56,2.583000,12
24,57,3.187000,12
24,58,3.992000,12
24,59,3.002000,12
24,60,3.588000,12
24,61,2.462000,12
24,62,2.153000,12
24,63,2.762000,12
24,64,4.155000,12
24,65,3.240000,12
24,66,3.352000,12
24,67,2.334000,12
24,68,2.696000,12
24,69,2.392000,12
24,70,4.304000,12
24,71,3.013000,12
24,72,1.235000,4
24,73,2.719000,12
24,74,2.756000,12
24,75,3.308000,12
24,76,3.997000,12
24,77,3.486000,12
24,78,2.955000,12
24,79,2.471000,12
24,80,2.612000,12
24,81,2.563000,12
24,82,4.873000,12
24,83,2.950000,12
24,84,3.487000,12
24,85,2.583000,12
24,86,3.472000,12
24,87,3.735000,12
24,88,4.714000,12
24,89,2.748000,12
24,90,2.501000,16
24,91,1.435000,7
24,92,1.269000,7
24,93,1.699000,7
24,94,2.450000,14
24,95,3.337000,8
24,96,2.565000,6
25,1,2.382000,6
25,2,3.438000,13
25,3,1.392000,4
25,4,2.980000,10
25,5,3.527000,12
25,6,3.058000,12
25,7,4.070000,12
25,8,3.449000,12
25,9,3.487000,12
25,10,3.230000,12
25,11,3.322000,12
25,12,1.788000,12
25,13,3.097000,12
25,14,3.708000,12
25,15,3.269000,12
25,16,3.108000,12
25,17,3.589000,12
25,18,2.546000,12
25,19,3.658000,12
25,20,3.379000,12
25,21,4.127000,12
25,22,3.145000,12
25,23,3.191000,12
25,24,1.670000,12
25,25,3.658000,12
25,26,3.467000,12
25,27,3.271000,12
25,28,3.184000,12
25,29,3.179000,12
25,30,2.524000,12
25,31,3.176000,12
25,32,3.388000,12
25,33,3.204000,12
25,34,3.392000,12
25,35,3.389000,12
25,36,2.525000,12
25,37,3.861000,12
25,38,3.728000,12
25,39,3.370000,12
25,40,3.652000,12
25,41,3.440000,12
25,42,1.114000,14
25,43,4.069000,14
25,44,3.695000,14
25,45,3.880000,14
25,46,3.796000,14
25,47,3.193000,14
25,48,1.179000,14
25,49,4.069000,14
25,50,1.596000,4
25,51,1.434000,4
25,52,1.324000,4
25,53,2.133000,4
25,54,4.720000,15
25,55,3.842000,12
25,56,3.496000,12
25,57,3.264000,12
25,58,3.438000,12
25,59,2.617000,12
25,60,0.855000,12
25,61,4.069000,12
25,62,3.335000,12
25,63,3.203000,12
25,64,2.868000,12
25,65,2.995000,12
25,66,2.141000,12
25,67,3.424000,12
25,68,3.708000,12
25,69,3.604000,12
25,70,3.358000,12
25,71,3.208000,12
25,72,0.833000,4
25,73,3.663000,12
25,74,3.417000,12
25,75,3.803000,12
25,76,3.668000,12
25,77,3.389000,12
25,78,1.808000,12
25,79,3.867000,12
25,80,3.535000,12
25,81,3.465000,12
25,82,3.243000,12
25,83,2.951000,12
25,84,1.981000,12
25,85,3.658000,12
25,86,3.709000,12
25,87,3.462000,12
25,88,3.422000,12
25,89,2.750000,12
25,90,2.562000,14
25,91,3.660000,11
25,92,2.343000,7
25,93,3.015000,9
25,94,3.552000,15
25,95,2.182000,6
25,96,1.354000,6
26,1,1.933000,10
26,2,2.598000,13
26,3,0.970000,4
26,4,2.214000,10
26,5,3.212000,12
26,6,2.968000,12
26,7,2.387000,12
26,8,2.697000,12
26,9,2.635000,12
26,10,2.940000,12
26,11,2.878000,12
26,12,2.112000,12
26,13,2.574000,12
26,14,2.962000,12
26,15,2.178000,12
26,16,3.039000,12
26,17,2.994000,12
26,18,1.860000,12
26,19,2.690000,12
26,20,2.130000,12
26,21,2.265000,12
26,22,3.011000,12
26,23,2.970000,12
26,24,2.050000,12
26,25,2.389000,12
26,26,2.873000,12
26,27,3.115000,12
26,28,3.670000,12
26,29,2.847000,12
26,30,0.993000,12
26,31,2.032000,12
26,32,2.731000,12
26,33,2.960000,13
26,34,3.276000,13
26,35,2.715000,12
26,36,1.680000,12
26,37,2.535000,12
26,38,1.770000,9
26,39,1.880000,9
26,40,2.044000,9
26,41,2.656000,9
26,42,2.384000,9
26,43,1.695000,9
26,44,1.628000,9
26,45,2.344000,8
26,46,2.020000,8
26,47,2.304000,8
26,48,2.688000,9
26,49,1.762000,8
26,50,1.074000,4
26,51,0.662000,4
26,52,0.777000,4
26,53,1.054000,4
26,54,1.885000,9
26,55,1.880000,9
26,56,1.800000,11
26,57,2.008000,11
26,58,2.997000,13
26,59,3.358000,13
26,60,2.900000,12
26,61,2.396000,12
26,62,2.880000,12
26,63,2.823000,12
26,64,3.722000,12
26,65,2.726000,12
26,66,1.301000,12
26,67,2.235000,12
26,68,2.398000,12
26,69,2.529000,12
26,70,3.248000,12
26,71,3.124000,12
26,72,1.152000,4
26,73,2.642000,12
26,74,2.306000,10
26,75,2.920000,12
26,76,3.544000,12
26,77,2.487000,12
26,78,1.342000,12
26,79,2.248000,12
26,80,2.598000,12
26,81,2.416000,12
26,82,3.258000,12
26,83,1.847000,12
26,84,0.604000,12
26,85,2.396000,12
26,86,2.694000,12
26,87,2.628000,12
26,88,2.528000,12
26,89,2.998000,11
26,90,2.140000,13
26,91,2.277000,14
26,92,1.327000,7
26,93,2.013000,9
26,94,2.145000,7
26,95,2.412000,6
26,96,1.428000,6
27,1,2.730000,11
27,2,2.688000,13
27,3,0.626000,4
27,4,2.381000,10
27,5,2.997000,12
27,6,2.401000,12
27,7,2.925000,12
27,8,2.511000,12
27,9,3.493000,12
27,10,2.490000,12
27,11,1.833000,12
27,12,1.505000,12
27,13,2.414000,12
27,14,2.829000,12
27,15,2.673000,12
27,16,2.564000,12
27,17,2.132000,12
27,18,1.688000,12
27,19,3.199000,12
27,20,2.999000,12
27,21,2.472000,12
27,22,2.571000,12
27,23,2.465000,12
27,24,1.335000,12
27,25,2.726000,12
27,26,2.392000,12
27,27,2.568000,12
27,28,2.728000,12
27,29,2.451000,12
27,30,1.586000,12
27,31,2.584000,12
27,32,2.570000,12
27,33,2.268000,13
27,34,2.686000,13
27,35,2.672000,12
27,36,1.778000,12
27,37,2.471000,12
27,38,2.276000,10
27,39,1.785000,10
27,40,2.328000,10
27,41,2.641000,10
27,42,1.360000,10
27,43,2.730000,10
27,44,1.743000,10
27,45,1.942000,10
27,46,1.804000,8
27,47,2.026000,8
27,48,1.727000,10
27,49,1.558000,8
27,50,1.050000,4
27,51,1.029000,4
27,52,0.789000,4
27,53,1.503000,4
27,54,2.012000,10
27,55,2.013000,10
27,56,1.627000,10
27,57,1.906000,10
27,58,3.000000,13
27,59,2.694000,13
27,60,1.935000,12
27,61,2.718000,12
27,62,2.845000,12
27,63,2.523000,12
27,64,2.928000,12
27,65,1.589000,12
27,66,0.695000,12
27,67,2.720000,12
27,68,2.959000,12
27,69,2.466000,12
27,70,2.396000,12
27,71,2.140000,12
27,72,0.763000,4
27,73,2.336000,12
27,74,2.698000,10
27,75,2.325000,12
27,76,2.637000,12
27,77,2.387000,12
27,78,1.785000,12
27,79,2.525000,12
27,80,3.534000,12
27,81,2.513000,12
27,82,2.689000,12
27,83,2.480000,12
27,84,1.348000,12
27,85,3.105000,12
27,86,2.330000,12
27,87,3.222000,12
27,88,2.800000,12
27,89,2.248000,14
27,90,1.387000,13
27,91,1.860000,7
27,92,1.420000,7
27,93,1.586000,8
27,94,1.393000,7
27,95,0.853000,6
27,96,1.974000,6
28,1,3.286000,13
28,2,3.080000,13
28,3,1.131000,4
28,4,2.360000,10
28,5,3.041000,12
28,6,2.348000,12
28,7,2.875000,12
28,8,2.656000,12
28,9,2.650000,12
28,10,3.008000,12
28,11,2.523000,12
28,12,1.891000,12
28,13,2.428000,12
28,14,2.959000,12
28,15,2.532000,12
28,16,2.951000,12
28,17,2.794000,12
28,18,1.822000,12
28,19,2.873000,12
28,20,2.989000,12
28,21,3.098000,12
28,22,3.008000,12
28,23,2.532000,12
28,24,1.482000,12
28,25,2.943000,12
28,26,2.561000,12
28,27,2.656000,12
28,28,3.093000,12
28,29,2.700000,12
28,30,1.828000,12
28,31,2.875000,12
28,32,2.650000,12
28,33,2.743000,13
28,34,2.925000,12
28,35,2.639000,12
28,36,1.798000,12
28,37,2.735000,12
28,38,2.366000,10
28,39,2.266000,10
28,40,2.239000,10
28,41,2.161000,10
28,42,1.781000,10
28,43,1.918000,10
28,44,2.359000,10
28,45,2.630000,10
28,46,1.900000,8
28,47,1.798000,8
28,48,2.531000,10
28,49,1.955000,8
28,50,1.141000,4
28,51,1.199000,4
28,52,1.030000,4
28,53,0.861000,4
28,54,2.179000,10
28,55,2.206000,10
28,56,1.568000,6
28,57,1.934000,6
28,58,3.326000,13
28,59,2.521000,13
28,60,0.751000,12
28,61,2.882000,12
28,62,3.162000,12
28,63,2.715000,12
28,64,2.485000,12
28,65,2.526000,12
28,66,1.925000,12
28,67,3.078000,12
28,68,2.799000,12
28,69,3.080000,12
28,70,2.792000,12
28,71,2.351000,12
28,72,1.058000,4
28,73,3.099000,12
28,74,2.221000,10
28,75,3.111000,12
28,76,3.196000,12
28,77,2.380000,12
28,78,1.515000,12
28,79,3.020000,12
28,80,2.857000,12
28,81,2.741000,12
28,82,2.878000,12
28,83,2.640000,12
28,84,1.139000,12
28,85,2.868000,12
28,86,2.997000,12
28,87,2.948000,12
28,88,2.809000,12
28,89,2.138000,10
28,90,1.935000,14
28,91,2.874000,13
28,92,1.752000,7
28,93,2.430000,9
28,94,1.896000,7
28,95,1.701000,6
28,96,1.379000,5
29,1,2.885000,11
29,2,4.007000,14
29,3,1.577000,4
29,4,2.731000,10
29,5,3.754000,12
29,6,3.500000,12
29,7,2.882000,12
29,8,3.600000,12
29,9,3.484000,12
29,10,4.030000,12
29,11,3.448000,12
29,12,3.207000,12
29,13,2.999000,12
29,14,4.077000,12
29,15,3.488000,12
29,16,4.153000,12
29,17,3.036000,12
29,18,0.692000,12
29,19,3.232000,12
29,20,3.638000,12
29,21,3.802000,12
29,22,3.886000,12
29,23,3.157000,12
29,24,2.797000,12
29,25,3.102000,12
29,26,3.208000,12
29,27,3.626000,12
29,28,3.938000,12
29,29,3.390000,12
29,30,3.062000,12
29,31,2.617000,12
29,32,3.684000,12
29,33,3.570000,13
29,34,4.104000,12
29,35,2.748000,12
29,36,3.283000,12
29,37,3.297000,12
29,38,3.646000,10
29,39,3.087000,10
29,40,2.905000,10
29,41,2.897000,10
29,42,3.227000,10
29,43,2.182000,10
29,44,2.858000,10
29,45,2.611000,10
29,46,2.261000,8
29,47,2.769000,8
29,48,3.336000,10
29,49,1.668000,8
29,50,1.051000,4
29,51,1.549000,4
29,52,1.672000,4
29,53,1.819000,4
29,54,2.897000,10
29,55,2.486000,10
29,56,2.527000,10
29,57,2.209000,6
29,58,4.243000,13
29,59,4.350000,12
29,60,3.778000,12
29,61,3.535000,12
29,62,4.044000,12
29,63,3.286000,12
29,64,4.123000,12
29,65,2.872000,12
29,66,3.076000,12
29,67,3.140000,12
29,68,4.339000,12
29,69,4.001000,12
29,70,4.133000,12
29,71,3.087000,12
29,72,1.529000,4
29,73,3.181000,12
29,74,3.777000,10
29,75,3.253000,12
29,76,3.988000,12
29,77,3.714000,12
29,78,2.981000,12
29,79,2.882000,12
29,80,3.418000,12
29,81,3.807000,12
29,82,4.110000,12
29,83,3.648000,12
29,84,2.977000,12
29,85,3.527000,12
29,86,3.934000,12
29,87,3.480000,12
29,88,3.882000,12
29,89,2.837000,13
29,90,3.115000,13
29,91,2.871000,13
29,92,2.438000,7
29,93,2.260000,8
29,94,3.190000,11
29,95,6.304000,26
29,96,2.172000,5
30,1,5.070000,13
30,2,4.143000,14
30,3,1.620000,4
30,4,3.113000,10
30,5,4.401000,12
30,6,3.644000,12
30,7,4.302000,12
30,8,3.970000,12
30,9,4.616000,12
30,10,4.239000,12
30,11,4.314000,12
30,12,1.781000,12
30,13,4.328000,12
30,14,3.851000,12
30,15,3.977000,12
30,16,4.096000,12
30,17,4.001000,12
30,18,2.611000,12
30,19,4.290000,12
30,20,4.095000,12
30,21,4.872000,12
30,22,4.067000,12
30,23,4.196000,12
30,24,1.806000,12
30,25,5.237000,12
30,26,3.462000,12
30,27,3.494000,12
30,28,3.872000,12
30,29,4.103000,12
30,30,2.490000,12
30,31,3.977000,12
30,32,4.165000,13
30,33,4.300000,13
30,34,3.894000,12
30,35,4.626000,12
30,36,2.131000,12
30,37,3.596000,12
30,38,3.211000,10
30,39,2.999000,10
30,40,3.023000,10
30,41,3.350000,10
30,42,3.333000,10
30,43,3.770000,10
30,44,3.628000,10
30,45,2.509000,8
30,46,2.583000,8
30,47,3.139000,8
30,48,3.294000,10
30,49,3.054000,8
30,50,1.740000,4
30,51,1.733000,4
30,52,1.985000,4
30,53,1.758000,4
30,54,2.975000,10
30,55,3.113000,10
30,56,3.246000,10
30,57,2.300000,6
30,58,4.592000,13
30,59,4.649000,12
30,60,3.807000,12
30,61,3.974000,12
30,62,3.938000,12
30,63,4.877000,12
30,64,3.771000,12
30,65,5.960000,12
30,66,0.954000,12
30,67,4.227000,12
30,68,3.820000,12
30,69,4.194000,12
30,70,4.323000,12
30,71,4.487000,12
30,72,1.024000,4
30,73,3.973000,12
30,74,3.296000,10
30,75,3.783000,12
30,76,3.940000,12
30,77,4.494000,12
30,78,3.162000,12
30,79,4.476000,12
30,80,4.725000,12
30,81,4.094000,12
30,82,3.792000,12
30,83,3.760000,12
30,84,1.702000,12
30,85,4.821000,12
30,86,4.145000,12
30,87,4.306000,12
30,88,5.015000,12
30,89,3.564000,12
30,90,1.483000,13
30,91,3.519000,11
30,92,2.212000,7
30,93,2.597000,9
30,94,3.298000,8
30,95,2.993000,8
30,96,2.692000,6
31,1,3.415000,13
31,2,3.251000,11
31,3,2.080000,4
31,4,3.196000,11
31,5,2.791000,11
31,6,1.795000,12
31,7,2.615000,9
31,8,1.996000,9
31,9,2.651000,9
31,10,3.775000,10
31,11,2.020000,9
31,12,2.181000,10
31,13,2.135000,8
31,14,2.767000,10
31,15,2.506000,8
31,16,3.354000,10
31,17,2.218000,10
31,18,1.813000,10
31,19,2.969000,12
31,20,2.632000,10
31,21,3.447000,10
31,22,3.890000,14
31,23,3.011000,14
31,24,0.822000,13
31,25,2.522000,10
31,26,3.078000,10
31,27,3.683000,10
31,28,2.740000,10
31,29,1.980000,10
31,30,1.786000,10
31,31,2.762000,10
31,32,2.662000,10
31,33,3.621000,10
31,34,1.912000,9
31,35,1.900000,10
31,36,0.530000,10
31,37,2.793000,10
31,38,3.470000,11
31,39,3.771000,11
31,40,2.610000,11
31,41,1.963000,11
31,42,1.567000,11
31,43,2.751000,11
31,44,2.849000,11
31,45,3.736000,11
31,46,2.683000,11
31,47,2.124000,11
31,48,1.995000,11
31,49,2.803000,11
31,50,1.137000,4
31,51,1.813000,4
31,52,1.712000,4
31,53,1.962000,4
31,54,2.638000,9
31,55,2.572000,9
31,56,2.313000,9
31,57,3.852000,10
31,58,2.844000,9
31,59,2.176000,9
31,60,1.985000,9
31,61,2.553000,9
31,62,2.740000,9
31,63,3.255000,9
31,64,2.758000,9
31,65,2.175000,11
31,66,2.058000,11
31,67,3.223000,11
31,68,2.994000,11
31,69,3.969000,11
31,70,3.496000,11
31,71,1.840000,11
31,72,0.793000,4
31,73,3.040000,11
31,74,3.065000,10
31,75,4.363000,11
31,76,2.698000,11
31,77,2.420000,11
31,78,0.946000,11
31,79,3.214000,11
31,80,2.985000,11
31,81,4.614000,11
31,82,2.463000,11
31,83,2.162000,12
31,84,1.496000,12
31,85,3.018000,11
31,86,3.408000,11
31,87,4.237000,11
31,88,3.185000,13
31,89,2.586000,12
31,90,0.730000,12
31,91,1.741000,7
31,92,2.037000,7
31,93,2.875000,8
31,94,4.578000,14
31,95,1.892000,8
31,96,1.321000,5
32,1,3.317000,16
32,2,2.828000,13
32,3,1.337000,4
32,4,3.702000,11
32,5,3.426000,11
32,6,1.472000,13
32,7,2.075000,11
32,8,2.138000,9
32,9,1.767000,9
32,10,2.341000,10
32,11,2.921000,9
32,12,2.727000,10
32,13,2.364000,11
32,14,2.276000,10
32,15,2.773000,11
32,16,2.910000,10
32,17,3.193000,10
32,18,2.082000,10
32,19,2.040000,10
32,20,2.062000,10
32,21,2.187000,10
32,22,4.049000,14
32,23,3.734000,13
32,24,2.658000,14
32,25,2.209000,10
32,26,2.748000,10
32,27,3.041000,10
32,28,3.222000,10
32,29,3.059000,10
32,30,2.314000,10
32,31,2.397000,10
32,32,2.051000,10
32,33,2.315000,10
32,34,2.914000,11
32,35,3.288000,10
32,36,2.431000,10
32,37,2.204000,10
32,38,2.450000,11
32,39,3.105000,11
32,40,3.386000,11
32,41,2.600000,11
32,42,1.158000,11
32,43,1.932000,11
32,44,1.990000,11
32,45,1.967000,11
32,46,3.070000,11
32,47,3.912000,11
32,48,2.635000,11
32,49,2.342000,11
32,50,1.204000,4
32,51,1.285000,4
32,52,1.185000,4
32,53,1.249000,4
32,54,3.042000,9
32,55,2.390000,10
32,56,2.034000,10
32,57,2.546000,9
32,58,2.790000,10
32,59,3.210000,10
32,60,2.249000,10
32,61,2.391000,10
32,62,2.346000,10
32,63,2.133000,10
32,64,3.118000,10
32,65,3.158000,10
32,66,2.143000,10
32,67,2.512000,11
32,68,2.342000,11
32,69,2.622000,11
32,70,3.901000,11
32,71,4.134000,11
32,72,1.192000,6
32,73,2.200000,11
32,74,2.064000,10
32,75,2.877000,11
32,76,3.561000,11
32,77,3.407000,11
32,78,2.335000,11
32,79,2.303000,11
32,80,2.634000,11
32,81,3.058000,11
32,82,3.316000,11
32,83,3.454000,12
32,84,2.090000,12
32,85,2.394000,11
32,86,2.625000,11
32,87,3.053000,11
32,88,3.931000,12
32,89,3.388000,11
32,90,1.463000,13
32,91,1.379000,7
32,92,1.717000,7
32,93,1.957000,9
32,94,1.400000,7
32,95,1.917000,8
32,96,2.170000,5
33,1,2.654000,12
33,2,3.770000,12
33,3,1.823000,4
33,4,3.534000,11
33,5,3.028000,11
33,6,4.768000,15
33,7,2.202000,9
33,8,2.897000,9
33,9,3.538000,9
33,10,3.244000,10
33,11,2.918000,9
33,12,3.941000,10
33,13,2.926000,10
33,14,3.409000,10
33,15,3.301000,10
33,16,3.131000,10
33,17,2.393000,10
33,18,3.900000,10
33,19,2.370000,10
33,20,3.828000,10
33,21,3.795000,10
33,22,2.451000,10
33,23,3.949000,10
33,24,2.783000,10
33,25,2.292000,10
33,26,3.435000,10
33,27,2.990000,10
33,28,3.110000,10
33,29,3.340000,10
33,30,4.107000,10
33,31,2.838000,10
33,32,3.292000,10
33,33,4.540000,10
33,34,2.879000,10
33,35,4.579000,10
33,36,2.052000,10
33,37,2.753000,10
33,38,3.643000,11
33,39,3.984000,11
33,40,4.055000,11
33,41,2.821000,11
33,42,0.776000,11
33,43,3.128000,11
33,44,3.705000,11
33,45,3.657000,11
33,46,2.973000,11
33,47,4.300000,11
33,48,2.886000,11
33,49,2.799000,11
33,50,1.490000,4
33,51,2.344000,4
33,52,2.080000,4
33,53,1.771000,4
33,54,2.189000,9
33,55,2.240000,9
33,56,2.770000,9
33,57,3.996000,10
33,58,3.311000,10
33,59,2.768000,10
33,60,4.176000,10
33,61,2.754000,10
33,62,3.221000,10
33,63,4.027000,10
33,64,2.694000,10
33,65,1.544000,6
33,66,3.008000,6
33,67,2.914000,11
33,68,3.843000,11
33,69,3.612000,11
33,70,3.016000,11
33,71,3.573000,11
33,72,1.793000,6
33,73,2.807000,11
33,74,3.382000,10
33,75,3.469000,11
33,76,3.598000,11
33,77,3.961000,11
33,78,3.291000,11
33,79,3.171000,11
33,80,3.702000,11
33,81,3.759000,11
33,82,3.259000,11
33,83,4.372000,12
33,84,2.509000,12
33,85,3.415000,11
33,86,3.980000,11
33,87,4.031000,12
33,88,3.791000,12
33,89,4.437000,15
33,90,1.269000,14
33,91,3.125000,12
33,92,3.006000,7
33,93,3.035000,8
33,94,3.692000,15
33,95,2.528000,9
33,96,2.916000,5
34,1,4.032000,13
34,2,3.976000,13
34,3,1.500000,4
34,4,3.564000,11
34,5,3.349000,11
34,6,2.155000,9
34,7,3.826000,11
34,8,2.923000,9
34,9,2.691000,9
34,10,2.990000,10
34,11,2.571000,9
34,12,2.622000,10
34,13,2.652000,8
34,14,3.172000,10
34,15,2.619000,8
34,16,2.798000,10
34,17,2.842000,10
34,18,3.393000,10
34,19,3.333000,10
34,20,3.489000,10
34,21,2.692000,10
34,22,3.398000,10
34,23,3.064000,10
34,24,2.200000,10
34,25,2.966000,10
34,26,2.608000,10
34,27,3.601000,10
34,28,2.697000,10
34,29,3.346000,10
34,30,3.145000,10
34,31,3.428000,10
34,32,2.741000,10
34,33,3.309000,10
34,34,2.679000,10
34,35,2.553000,10
34,36,3.018000,10
34,37,3.443000,10
34,38,3.100000,11
34,39,3.398000,11
34,40,3.559000,11
34,41,3.300000,11
34,42,2.054000,11
34,43,3.576000,11
34,44,3.481000,11
34,45,2.649000,11
34,46,3.366000,11
34,47,2.718000,11
34,48,2.618000,11
34,49,3.831000,11
34,50,1.813000,4
34,51,1.562000,4
34,52,1.411000,4
34,53,1.492000,4
34,54,2.552000,9
34,55,3.161000,10
34,56,3.680000,10
34,57,3.557000,11
34,58,3.458000,10
34,59,3.164000,10
34,60,1.685000,10
34,61,4.026000,10
34,62,3.029000,10
34,63,2.880000,10
34,64,3.272000,10
34,65,2.878000,10
34,66,1.971000,6
34,67,3.630000,11
34,68,3.241000,11
34,69,3.086000,11
34,70,3.741000,11
34,71,3.310000,11
34,72,1.328000,5
34,73,3.831000,11
34,74,3.226000,10
34,75,3.080000,11
34,76,3.922000,11
34,77,3.702000,11
34,78,0.681000,11
34,79,3.821000,11
34,80,3.457000,11
34,81,3.101000,11
34,82,3.383000,11
34,83,3.285000,12
34,84,1.749000,12
34,85,3.831000,11
34,86,2.971000,11
34,87,3.448000,12
34,88,3.088000,14
34,89,3.714000,14
34,90,1.533000,12
34,91,2.995000,10
34,92,1.661000,7
34,93,3.341000,9
34,94,2.583000,10
34,95,2.739000,8
34,96,2.647000,5
35,1,3.354000,13
35,2,2.841000,9
35,3,1.423000,4
35,4,2.454000,11
35,5,2.359000,11
35,6,2.400000,10
35,7,3.288000,9
35,8,2.547000,9
35,9,2.541000,9
35,10,2.828000,10
35,11,1.879000,10
35,12,2.389000,10
35,13,3.943000,11
35,14,3.154000,10
35,15,3.317000,11
35,16,2.334000,10
35,17,2.330000,10
35,18,1.199000,10
35,19,3.016000,10
35,20,3.030000,10
35,21,2.660000,10
35,22,2.533000,10
35,23,1.735000,10
35,24,2.404000,10
35,25,3.013000,10
35,26,3.018000,10
35,27,3.297000,11
35,28,2.385000,10
35,29,2.025000,10
35,30,2.274000,10
35,31,3.323000,10
35,32,3.255000,10
35,33,3.108000,10
35,34,2.142000,10
35,35,2.492000,10
35,36,1.818000,10
35,37,4.015000,11
35,38,3.588000,11
35,39,2.820000,11
35,40,2.834000,11
35,41,2.334000,11
35,42,0.952000,11
35,43,3.976000,11
35,44,3.114000,11
35,45,3.329000,11
35,46,2.619000,11
35,47,2.596000,11
35,48,0.871000,11
35,49,3.896000,11
35,50,1.445000,4
35,51,1.531000,4
35,52,1.776000,4
35,53,1.359000,4
35,54,2.156000,9
35,55,3.016000,9
35,56,2.829000,9
35,57,3.014000,10
35,58,2.678000,10
35,59,1.976000,10
35,60,1.978000,10
35,61,2.791000,10
35,62,3.199000,10
35,63,2.990000,10
35,64,2.178000,10
35,65,1.864000,6
35,66,2.364000,10
35,67,3.900000,11
35,68,3.910000,11
35,69,2.617000,11
35,70,2.388000,11
35,71,2.592000,11
35,72,0.787000,6
35,73,3.683000,11
35,74,1.969000,6
35,75,3.084000,11
35,76,2.452000,11
35,77,2.367000,11
35,78,2.064000,11
35,79,4.078000,11
35,80,3.577000,11
35,81,3.102000,11
35,82,2.640000,11
35,83,0.661000,12
35,84,0.150000,12
35,85,3.985000,11
35,86,3.563000,11
35,87,3.037000,12
35,88,2.780000,13
35,89,2.482000,14
35,90,0.688000,12
35,91,3.358000,12
35,92,2.180000,7
35,93,2.617000,8
35,94,1.961000,9
35,95,2.375000,9
35,96,1.503000,5
36,1,2.226000,11
36,2,3.637000,15
36,3,0.992000,4
36,4,1.530000,9
36,5,1.949000,10
36,6,1.017000,11
36,7,2.104000,11
36,8,2.502000,11
36,9,2.409000,11
36,10,2.064000,11
36,11,2.065000,10
36,12,1.567000,11
36,13,1.995000,10
36,14,2.044000,11
36,15,2.228000,10
36,16,2.006000,11
36,17,1.950000,11
36,18,2.112000,11
36,19,2.373000,11
36,20,1.942000,11
36,21,1.994000,11
36,22,2.447000,11
36,23,2.367000,11
36,24,1.803000,11
36,25,2.075000,11
36,26,2.248000,11
36,27,2.190000,10
36,28,2.324000,11
36,29,2.017000,11
36,30,1.861000,11
36,31,2.785000,11
36,32,2.717000,10
36,33,2.009000,10
36,34,2.352000,11
36,35,2.353000,11
36,36,0.936000,11
36,37,2.372000,11
36,38,1.654000,11
36,39,2.389000,11
36,40,1.667000,11
36,41,2.085000,11
36,42,2.210000,11
36,43,2.035000,11
36,44,2.286000,11
36,45,2.470000,11
36,46,2.051000,11
36,47,2.159000,11
36,48,1.813000,11
36,49,2.186000,11
36,50,1.147000,4
36,51,0.612000,4
36,52,1.158000,4
36,53,0.919000,4
36,54,2.136000,11
36,55,2.244000,11
36,56,2.227000,11
36,57,2.199000,11
36,58,1.957000,11
36,59,1.793000,9
36,60,1.625000,9
36,61,1.624000,9
36,62,2.132000,9
36,63,1.888000,9
36,64,1.726000,9
36,65,1.909000,9
36,66,1.786000,9
36,67,2.387000,10
36,68,1.784000,10
36,69,2.591000,10
36,70,2.200000,11
36,71,2.148000,10
36,72,1.268000,5
36,73,2.910000,10
36,74,2.548000,11
36,75,2.382000,11
36,76,1.808000,10
36,77,2.006000,10
36,78,1.008000,10
36,79,2.372000,10
36,80,2.179000,10
36,81,2.169000,10
36,82,1.954000,10
36,83,2.017000,9
36,84,1.732000,9
36,85,2.578000,11
36,86,1.802000,10
36,87,2.816000,13
36,88,2.537000,14
36,89,2.781000,14
36,90,0.864000,13
36,91,2.375000,12
36,92,1.520000,7
36,93,1.286000,6
36,94,1.984000,12
36,95,1.902000,8
36,96,1.449000,5
37,1,2.792000,14
37,2,3.358000,16
37,3,1.208000,4
37,4,2.148000,10
37,5,1.328000,10
37,6,0.909000,11
37,7,2.720000,11
37,8,3.094000,11
37,9,2.528000,11
37,10,2.444000,11
37,11,2.163000,11
37,12,1.368000,11
37,13,2.311000,11
37,14,2.453000,11
37,15,2.739000,11
37,16,2.541000,11
37,17,2.208000,11
37,18,1.953000,11
37,19,2.442000,11
37,20,2.466000,11
37,21,2.612000,11
37,22,2.836000,11
37,23,1.985000,11
37,24,1.388000,11
37,25,2.060000,11
37,26,2.616000,11
37,27,1.896000,10
37,28,2.260000,11
37,29,2.284000,11
37,30,1.887000,10
37,31,2.705000,11
37,32,2.445000,11
37,33,2.346000,11
37,34,2.372000,11
37,35,2.138000,11
37,36,1.602000,11
37,37,2.477000,11
37,38,2.439000,11
37,39,2.354000,11
37,40,2.647000,11
37,41,2.397000,11
37,42,1.445000,11
37,43,2.514000,11
37,44,2.316000,11
37,45,2.203000,11
37,46,3.131000,11
37,47,2.253000,11
37,48,1.755000,11
37,49,2.717000,11
37,50,1.156000,5
37,51,1.189000,4
37,52,1.094000,4
37,53,1.570000,6
37,54,2.377000,11
37,55,2.394000,11
37,56,2.730000,11
37,57,2.919000,11
37,58,2.509000,11
37,59,2.347000,11
37,60,1.315000,9
37,61,2.310000,11
37,62,1.756000,9
37,63,1.898000,9
37,64,2.073000,9
37,65,2.301000,9
37,66,2.122000,9
37,67,2.313000,9
37,68,2.103000,9
37,69,2.367000,11
37,70,3.013000,11
37,71,2.297000,11
37,72,1.100000,5
37,73,2.168000,9
37,74,3.006000,11
37,75,2.377000,11
37,76,2.731000,11
37,77,2.308000,11
37,78,1.584000,11
37,79,2.717000,11
37,80,2.826000,11
37,81,2.440000,11
37,82,2.368000,11
37,83,2.240000,9
37,84,1.667000,9
37,85,2.468000,10
37,86,3.158000,13
37,87,2.884000,14
37,88,2.649000,14
37,89,2.252000,14
37,90,0.932000,13
37,91,2.714000,14
37,92,1.966000,7
37,93,1.971000,7
37,94,1.944000,9
37,95,2.138000,8
37,96,1.146000,5
38,1,3.157000,14
38,2,2.986000,13
38,3,1.710000,7
38,4,2.072000,9
38,5,2.231000,11
38,6,2.166000,11
38,7,2.556000,11
38,8,2.529000,11
38,9,2.225000,11
38,10,2.842000,11
38,11,2.274000,11
38,12,1.999000,11
38,13,2.289000,11
38,14,2.796000,11
38,15,2.410000,11
38,16,2.574000,11
38,17,2.342000,11
38,18,1.997000,11
38,19,2.715000,11
38,20,2.865000,11
38,21,2.533000,11
38,22,2.605000,11
38,23,2.381000,11
38,24,1.598000,11
38,25,2.351000,11
38,26,2.742000,11
38,27,2.229000,11
38,28,2.412000,10
38,29,2.129000,11
38,30,2.105000,11
38,31,2.386000,11
38,32,2.706000,11
38,33,2.566000,11
38,34,2.204000,11
38,35,2.570000,11
38,36,2.411000,11
38,37,2.472000,11
38,38,2.412000,11
38,39,2.384000,11
38,40,2.863000,11
38,41,2.219000,11
38,42,2.155000,11
38,43,2.613000,11
38,44,2.468000,11
38,45,2.409000,11
38,46,2.385000,11
38,47,2.345000,11
38,48,1.745000,11
38,49,2.838000,11
38,50,1.115000,4
38,51,1.390000,4
38,52,0.849000,4
38,53,1.986000,6
38,54,2.444000,11
38,55,2.582000,11
38,56,2.355000,11
38,57,2.428000,11
38,58,2.461000,11
38,59,2.413000,11
38,60,1.591000,9
38,61,2.094000,9
38,62,1.609000,9
38,63,2.318000,9
38,64,2.449000,9
38,65,2.082000,9
38,66,2.203000,9
38,67,2.793000,9
38,68,1.830000,9
38,69,1.929000,9
38,70,2.487000,11
38,71,2.219000,10
38,72,1.490000,6
38,73,2.191000,10
38,74,3.098000,11
38,75,2.737000,11
38,76,2.904000,11
38,77,1.228000,9
38,78,0.241000,9
38,79,2.941000,11
38,80,2.311000,10
38,81,2.695000,10
38,82,2.354000,10
38,83,2.417000,9
38,84,1.845000,9
38,85,2.625000,11
38,86,3.268000,14
38,87,3.421000,14
38,88,3.212000,13
38,89,2.097000,15
38,90,0.252000,14
38,91,2.109000,12
38,92,1.985000,7
38,93,1.360000,6
38,94,2.956000,12
38,95,1.880000,8
38,96,1.545000,5
39,1,3.029000,14
39,2,3.573000,14
39,3,1.688000,8
39,4,1.963000,10
39,5,2.540000,10
39,6,1.376000,11
39,7,2.171000,11
39,8,2.463000,11
39,9,2.272000,11
39,10,2.443000,11
39,11,2.330000,11
39,12,1.926000,11
39,13,2.856000,11
39,14,2.663000,11
39,15,2.259000,11
39,16,2.423000,11
39,17,2.388000,11
39,18,1.481000,11
39,19,2.287000,11
39,20,3.010000,11
39,21,2.258000,11
39,22,2.090000,11
39,23,1.860000,11
39,24,1.922000,11
39,25,2.630000,10
39,26,2.659000,11
39,27,2.010000,11
39,28,2.175000,11
39,29,1.896000,11
39,30,1.024000,11
39,31,2.630000,11
39,32,2.797000,11
39,33,2.302000,11
39,34,2.111000,11
39,35,2.280000,11
39,36,1.830000,11
39,37,2.540000,11
39,38,2.805000,11
39,39,2.347000,11
39,40,2.098000,11
39,41,2.468000,11
39,42,1.523000,11
39,43,3.015000,11
39,44,3.134000,11
39,45,2.432000,11
39,46,2.128000,11
39,47,2.089000,11
39,48,1.213000,11
39,49,2.820000,11
39,50,1.521000,4
39,51,1.182000,4
39,52,1.144000,4
39,53,1.227000,6
39,54,2.093000,11
39,55,2.458000,11
39,56,2.754000,11
39,57,2.795000,11
39,58,2.528000,11
39,59,1.263000,9
39,60,0.260000,9
39,61,2.223000,9
39,62,1.965000,9
39,63,2.538000,9
39,64,1.806000,9
39,65,2.325000,9
39,66,1.954000,9
39,67,2.311000,9
39,68,2.242000,10
39,69,3.131000,10
39,70,2.679000,10
39,71,1.460000,6
39,72,1.509000,6
39,73,2.623000,11
39,74,2.956000,11
39,75,3.007000,10
39,76,2.267000,10
39,77,2.224000,10
39,78,1.208000,10
39,79,2.622000,9
39,80,2.280000,9
39,81,2.425000,10
39,82,1.988000,10
39,83,2.162000,9
39,84,1.972000,9
39,85,2.336000,10
39,86,3.160000,13
39,87,2.828000,13
39,88,3.135000,15
39,89,2.504000,15
39,90,0.534000,12
39,91,3.168000,12
39,92,1.925000,7
39,93,1.675000,7
39,94,1.784000,7
39,95,1.779000,8
39,96,1.940000,5
40,1,2.553000,14
40,2,3.667000,16
40,3,4.130000,21
40,4,1.850000,9
40,5,1.596000,11
40,6,0.294000,11
40,7,2.335000,11
40,8,2.567000,11
40,9,2.413000,11
40,10,2.811000,11
40,11,2.010000,11
40,12,1.516000,11
40,13,2.047000,11
40,14,2.489000,11
40,15,2.416000,11
40,16,2.354000,11
40,17,2.272000,11
40,18,1.880000,11
40,19,2.163000,11
40,20,2.178000,11
40,21,2.537000,11
40,22,2.800000,11
40,23,1.905000,11
40,24,1.581000,11
40,25,2.754000,11
40,26,2.226000,11
40,27,2.311000,11
40,28,2.812000,11
40,29,2.160000,11
40,30,1.666000,11
40,31,2.752000,11
40,32,2.226000,11
40,33,2.651000,11
40,34,2.232000,11
40,35,2.390000,11
40,36,1.525000,11
40,37,2.407000,11
40,38,2.524000,11
40,39,2.320000,11
40,40,2.165000,11
40,41,2.062000,11
40,42,2.099000,11
40,43,1.794000,11
40,44,2.553000,11
40,45,2.784000,11
40,46,2.762000,11
40,47,1.701000,11
40,48,0.765000,11
40,49,2.305000,11
40,50,1.637000,5
40,51,1.232000,5
40,52,1.023000,4
40,53,1.541000,6
40,54,2.827000,11
40,55,2.169000,11
40,56,2.609000,11
40,57,2.672000,11
40,58,2.384000,9
40,59,1.649000,9
40,60,1.657000,9
40,61,2.043000,9
40,62,2.012000,9
40,63,2.084000,9
40,64,2.373000,9
40,65,1.857000,9
40,66,1.362000,10
40,67,1.977000,10
40,68,2.189000,11
40,69,1.859000,6
40,70,2.089000,6
40,71,1.742000,6
40,72,1.631000,6
40,73,2.972000,14
40,74,2.687000,11
40,75,1.676000,6
40,76,1.892000,6
40,77,2.180000,11
40,78,1.812000,11
40,79,2.472000,10
40,80,2.759000,10
40,81,1.851000,9
40,82,2.129000,10
40,83,1.872000,8
40,84,1.473000,8
40,85,1.359000,9
40,86,3.171000,14
40,87,2.929000,16
40,88,3.096000,16
40,89,2.474000,15
40,90,1.182000,14
40,91,2.643000,12
40,92,1.766000,7
40,93,1.316000,7
40,94,1.862000,10
40,95,1.969000,8
40,96,1.216000,5
41,1,3.574000,15
41,2,2.674000,13
41,3,2.470000,13
41,4,1.784000,10
41,5,1.429000,10
41,6,0.795000,11
41,7,1.964000,10
41,8,3.070000,11
41,9,2.274000,11
41,10,2.246000,11
41,11,2.164000,11
41,12,1.490000,11
41,13,2.599000,11
41,14,2.576000,11
41,15,2.750000,11
41,16,2.682000,11
41,17,1.998000,11
41,18,0.893000,11
41,19,2.337000,11
41,20,2.353000,11
41,21,2.162000,11
41,22,2.088000,11
41,23,2.346000,11
41,24,1.442000,11
41,25,2.754000,11
41,26,2.136000,11
41,27,2.363000,11
41,28,2.058000,11
41,29,1.239000,11
41,30,0.432000,11
41,31,2.519000,11
41,32,2.153000,11
41,33,2.030000,11
41,34,1.870000,11
41,35,1.812000,11
41,36,2.010000,11
41,37,2.653000,11
41,38,2.520000,11
41,39,2.505000,11
41,40,2.032000,11
41,41,2.210000,11
41,42,1.180000,10
41,43,2.346000,12
41,44,2.585000,13
41,45,2.564000,12
41,46,2.312000,12
41,47,2.135000,11
41,48,0.602000,10
41,49,2.693000,12
41,50,0.850000,5
41,51,1.478000,5
41,52,1.232000,5
41,53,1.828000,6
41,54,2.246000,11
41,55,2.091000,11
41,56,2.227000,11
41,57,2.474000,11
41,58,1.962000,9
41,59,1.712000,9
41,60,1.729000,11
41,61,2.151000,10
41,62,2.378000,11
41,63,2.191000,11
41,64,2.136000,10
41,65,1.596000,10
41,66,1.958000,11
41,67,1.708000,6
41,68,1.480000,6
41,69,1.570000,6
41,70,2.164000,10
41,71,2.367000,11
41,72,1.918000,8
41,73,2.425000,10
41,74,2.615000,12
41,75,2.562000,10
41,76,1.837000,10
41,77,1.125000,6
41,78,1.548000,9
41,79,2.517000,11
41,80,2.067000,11
41,81,2.045000,10
41,82,2.046000,10
41,83,1.220000,6
41,84,1.631000,9
41,85,2.352000,9
41,86,2.678000,14
41,87,3.195000,16
41,88,3.016000,16
41,89,1.852000,14
41,90,0.496000,7
41,91,1.458000,7
41,92,1.635000,7
41,93,2.075000,7
41,94,2.298000,9
41,95,2.446000,12
41,96,1.073000,5
42,1,2.524000,13
42,2,3.025000,13
42,3,2.827000,15
42,4,2.921000,16
42,5,1.749000,13
42,6,0.575000,13
42,7,2.321000,13
42,8,2.515000,11
42,9,3.205000,12
42,10,2.192000,13
42,11,1.722000,12
42,12,1.252000,12
42,13,2.525000,12
42,14,2.501000,11
42,15,2.389000,11
42,16,2.225000,11
42,17,1.993000,11
42,18,1.495000,11
42,19,2.049000,11
42,20,2.102000,11
42,21,2.005000,11
42,22,2.189000,11
42,23,2.132000,11
42,24,1.256000,11
42,25,1.786000,11
42,26,2.624000,11
42,27,2.247000,11
42,28,2.021000,11
42,29,2.629000,11
42,30,1.640000,11
42,31,2.402000,11
42,32,1.878000,11
42,33,1.947000,11
42,34,2.186000,12
42,35,2.338000,12
42,36,1.845000,12
42,37,2.642000,13
42,38,2.002000,12
42,39,2.367000,13
42,40,2.165000,12
42,41,1.929000,13
42,42,1.091000,13
42,43,2.617000,13
42,44,2.985000,13
42,45,2.736000,14
42,46,2.441000,14
42,47,2.230000,13
42,48,0.726000,12
42,49,2.159000,11
42,50,1.317000,7
42,51,1.932000,8
42,52,1.569000,7
42,53,2.305000,9
42,54,2.173000,11
42,55,2.362000,11
42,56,2.228000,11
42,57,2.588000,10
42,58,2.299000,11
42,59,2.282000,9
42,60,1.511000,11
42,61,1.772000,11
42,62,1.983000,10
42,63,1.678000,9
42,64,2.108000,11
42,65,1.662000,9
42,66,1.968000,9
42,67,1.729000,9
42,68,2.198000,10
42,69,2.120000,11
42,70,2.029000,10
42,71,1.825000,10
42,72,1.516000,9
42,73,2.522000,11
42,74,2.466000,12
42,75,2.026000,10
42,76,2.733000,10
42,77,1.786000,10
42,78,1.349000,10
42,79,1.636000,10
42,80,1.701000,10
42,81,2.193000,11
42,82,2.278000,11
42,83,1.627000,9
42,84,2.039000,9
42,85,2.402000,13
42,86,3.077000,15
42,87,2.802000,13
42,88,2.519000,15
42,89,2.436000,15
42,90,0.548000,7
42,91,1.456000,7
42,92,1.655000,7
42,93,2.247000,7
42,94,1.892000,9
42,95,1.652000,11
42,96,1.425000,5
43,1,2.234000,14
43,2,3.061000,15
43,3,3.160000,14
43,4,3.446000,15
43,5,1.920000,11
43,6,1.285000,13
43,7,2.634000,14
43,8,3.002000,14
43,9,2.971000,13
43,10,2.913000,13
43,11,2.172000,12
43,12,1.221000,12
43,13,2.810000,12
43,14,2.259000,12
43,15,2.274000,12
43,16,2.258000,12
43,17,2.284000,12
43,18,2.296000,12
43,19,2.806000,12
43,20,1.940000,12
43,21,1.955000,12
43,22,2.419000,12
43,23,2.285000,12
43,24,2.140000,12
43,25,2.802000,12
43,26,2.226000,12
43,27,2.526000,12
43,28,1.928000,12
43,29,2.197000,12
43,30,2.233000,12
43,31,2.194000,12
43,32,2.444000,12
43,33,2.058000,12
43,34,2.349000,13
43,35,2.648000,12
43,36,2.240000,12
43,37,2.582000,13
43,38,2.849000,14
43,39,2.536000,13
43,40,2.637000,13
43,41,2.972000,12
43,42,1.446000,13
43,43,2.205000,12
43,44,1.737000,12
43,45,1.997000,12
43,46,2.170000,12
43,47,2.544000,12
43,48,1.667000,12
43,49,2.513000,12
43,50,1.012000,6
43,51,1.881000,6
43,52,1.127000,6
43,53,5.945000,28
43,54,1.890000,12
43,55,2.037000,10
43,56,3.358000,16
43,57,2.322000,13
43,58,2.638000,11
43,59,2.393000,11
43,60,1.421000,11
43,61,1.964000,10
43,62,2.570000,11
43,63,1.950000,10
43,64,2.105000,10
43,65,2.110000,10
43,66,2.027000,10
43,67,2.800000,10
43,68,2.855000,12
43,69,2.419000,13
43,70,2.152000,9
43,71,2.181000,10
43,72,1.733000,23
43,73,2.552000,11
43,74,3.021000,11
43,75,2.514000,10
43,76,2.224000,9
43,77,2.249000,12
43,78,0.834000,10
43,79,2.200000,10
43,80,2.041000,10
43,81,2.188000,10
43,82,2.322000,10
43,83,2.418000,10
43,84,2.506000,11
43,85,2.808000,15
43,86,2.498000,15
43,87,2.406000,13
43,88,3.000000,15
43,89,2.902000,15
43,90,0.960000,7
43,91,1.745000,7
43,92,1.545000,7
43,93,1.408000,7
43,94,1.719000,10
43,95,2.018000,12
43,96,1.200000,5
44,1,2.016000,12
44,2,2.737000,13
44,3,2.620000,10
44,4,3.911000,17
44,5,1.933000,12
44,6,1.105000,13
44,7,2.760000,13
44,8,3.089000,13
44,9,2.910000,12
44,10,2.296000,13
44,11,2.492000,14
44,12,1.539000,15
44,13,2.395000,13
44,14,2.503000,12
44,15,2.650000,12
44,16,2.431000,12
44,17,2.410000,12
44,18,2.130000,12
44,19,2.221000,12
44,20,2.067000,12
44,21,2.598000,12
44,22,3.056000,12
44,23,2.496000,12
44,24,1.519000,12
44,25,2.611000,12
44,26,2.455000,12
44,27,2.406000,12
44,28,2.303000,12
44,29,1.799000,12
44,30,2.686000,12
44,31,2.217000,12
44,32,2.990000,12
44,33,2.140000,12
44,34,2.260000,12
44,35,2.260000,13
44,36,2.102000,13
44,37,2.368000,15
44,38,3.005000,15
44,39,2.306000,12
44,40,2.412000,12
44,41,2.341000,13
44,42,2.030000,13
44,43,2.716000,13
44,44,2.874000,14
44,45,3.255000,13
44,46,2.272000,11
44,47,2.098000,11
44,48,1.632000,12
44,49,2.221000,11
44,50,1.060000,5
44,51,2.060000,7
44,52,2.007000,8
44,53,2.934000,13
44,54,2.556000,12
44,55,2.514000,13
44,56,2.057000,12
44,57,2.340000,11
44,58,3.704000,18
44,59,3.050000,15
44,60,1.388000,15
44,61,2.810000,11
44,62,2.678000,9
44,63,2.352000,10
44,64,2.160000,10
44,65,2.254000,10
44,66,1.603000,10
44,67,1.828000,10
44,68,2.780000,10
44,69,2.312000,10
44,70,2.701000,10
44,71,2.856000,11
44,72,2.106000,10
44,73,2.578000,10
44,74,2.785000,10
44,75,2.683000,11
44,76,2.115000,10
44,77,2.390000,12
44,78,1.594000,14
44,79,2.410000,10
44,80,1.721000,9
44,81,2.151000,9
44,82,2.472000,10
44,83,3.110000,11
44,84,2.340000,14
44,85,3.749000,17
44,86,2.358000,12
44,87,3.791000,15
44,88,3.014000,15
44,89,1.576000,14
44,90,0.463000,13
44,91,2.400000,12
44,92,1.824000,7
44,93,1.556000,7
44,94,3.120000,13
44,95,2.749000,13
44,96,0.888000,5
45,1,2.290000,12
45,2,2.959000,12
45,3,1.796000,9
45,4,3.308000,16
45,5,1.848000,12
45,6,1.778000,12
45,7,2.352000,12
45,8,3.201000,14
45,9,2.741000,13
45,10,2.548000,13
45,11,2.317000,13
45,12,1.565000,16
45,13,3.412000,15
45,14,2.548000,13
45,15,2.573000,13
45,16,2.599000,12
45,17,2.309000,12
45,18,1.023000,12
45,19,2.477000,12
45,20,1.991000,12
45,21,1.970000,12
45,22,2.373000,12
45,23,2.517000,12
45,24,1.722000,12
45,25,2.596000,12
45,26,2.486000,12
45,27,2.432000,12
45,28,2.402000,12
45,29,1.753000,12
45,30,2.109000,12
45,31,2.143000,12
45,32,2.640000,12
45,33,1.932000,12
45,34,2.505000,14
45,35,2.760000,15
45,36,1.900000,15
45,37,2.585000,14
45,38,2.303000,13
45,39,2.342000,14
45,40,2.277000,14
45,41,1.506000,13
45,42,1.930000,12
45,43,2.590000,13
45,44,2.932000,14
45,45,2.381000,13
45,46,3.104000,13
45,47,2.200000,14
45,48,0.902000,14
45,49,2.808000,14
45,50,1.460000,7
45,51,1.566000,7
45,52,1.560000,7
45,53,2.516000,12
45,54,2.054000,12
45,55,2.436000,13
45,56,2.820000,17
45,57,2.254000,12
45,58,2.531000,11
45,59,3.015000,16
45,60,1.232000,16
45,61,3.405000,16
45,62,2.569000,12
45,63,2.077000,9
45,64,1.844000,9
45,65,2.535000,13
45,66,1.860000,12
45,67,3.207000,14
45,68,2.426000,10
45,69,2.050000,10
45,70,2.756000,10
45,71,1.903000,10
45,72,0.722000,11
45,73,2.797000,10
45,74,2.515000,10
45,75,2.271000,10
45,76,2.390000,11
45,77,2.537000,11
45,78,1.721000,12
45,79,2.796000,12
45,80,3.012000,14
45,81,1.838000,10
45,82,2.097000,13
45,83,1.944000,12
45,84,1.758000,13
45,85,1.949000,11
45,86,1.909000,11
45,87,2.542000,14
45,88,2.073000,12
45,89,3.349000,16
45,90,2.266000,15
45,91,2.593000,13
45,92,1.906000,7
45,93,1.332000,7
45,94,2.195000,10
45,95,2.230000,13
45,96,1.066000,5
46,1,2.348000,13
46,2,2.140000,12
46,3,2.175000,12
46,4,2.340000,14
46,5,3.157000,14
46,6,4.097000,14
46,7,2.521000,13
46,8,2.433000,12
46,9,1.948000,13
46,10,3.164000,14
46,11,3.348000,13
46,12,3.437000,14
46,13,2.933000,15
46,14,2.699000,15
46,15,2.669000,14
46,16,3.350000,13
46,17,3.636000,13
46,18,2.084000,13
46,19,1.934000,12
46,20,2.550000,12
46,21,2.662000,13
46,22,2.354000,11
46,23,2.622000,11
46,24,3.200000,11
46,25,2.289000,11
46,26,1.850000,11
46,27,2.084000,11
46,28,2.379000,14
46,29,2.870000,12
46,30,2.856000,13
46,31,1.855000,12
46,32,2.690000,14
46,33,3.269000,16
46,34,3.634000,15
46,35,4.620000,17
46,36,1.415000,14
46,37,2.406000,14
46,38,2.410000,14
46,39,2.462000,14
46,40,3.467000,14
46,41,2.693000,12
46,42,3.197000,13
46,43,2.344000,13
46,44,2.228000,12
46,45,2.955000,13
46,46,2.734000,10
46,47,2.842000,10
46,48,2.873000,10
46,49,1.557000,10
46,50,1.207000,8
46,51,1.855000,7
46,52,1.581000,7
46,53,2.182000,11
46,54,2.416000,11
46,55,2.079000,10
46,56,2.318000,12
46,57,2.011000,12
46,58,2.390000,12
46,59,3.272000,13
46,60,2.895000,14
46,61,2.433000,12
46,62,3.340000,16
46,63,2.960000,15
46,64,2.694000,11
46,65,3.662000,12
46,66,2.251000,11
46,67,2.441000,12
46,68,2.772000,13
46,69,3.047000,11
46,70,3.122000,12
46,71,3.747000,11
46,72,2.188000,10
46,73,2.180000,12
46,74,2.560000,12
46,75,2.693000,12
46,76,3.555000,13
46,77,3.926000,13
46,78,1.627000,11
46,79,2.285000,12
46,80,2.324000,14
46,81,2.835000,14
46,82,3.706000,17
46,83,4.076000,14
46,84,2.320000,14
46,85,2.710000,14
46,86,2.266000,13
46,87,2.254000,14
46,88,1.908000,7
46,89,2.302000,8
46,90,2.958000,10
46,91,1.503000,7
46,92,1.782000,7
46,93,1.525000,7
46,94,2.232000,12
46,95,2.884000,11
46,96,1.830000,5
47,1,4.940000,13
47,2,3.366000,12
47,3,4.147000,11
47,4,3.933000,12
47,5,4.275000,14
47,6,2.507000,11
47,7,2.789000,10
47,8,4.746000,13
47,9,3.706000,13
47,10,4.717000,15
47,11,3.854000,13
47,12,3.023000,13
47,13,4.675000,13
47,14,4.508000,14
47,15,4.451000,14
47,16,4.754000,15
47,17,3.930000,14
47,18,1.967000,14
47,19,4.320000,13
47,20,2.927000,12
47,21,3.735000,13
47,22,4.575000,13
47,23,3.967000,13
47,24,3.488000,13
47,25,4.686000,13
47,26,3.678000,13
47,27,5.049000,13
47,28,3.978000,13
47,29,3.519000,13
47,30,2.731000,14
47,31,4.197000,13
47,32,3.262000,13
47,33,4.298000,15
47,34,5.160000,15
47,35,4.180000,15
47,36,3.329000,15
47,37,4.940000,15
47,38,4.208000,17
47,39,4.916000,14
47,40,4.249000,14
47,41,3.424000,13
47,42,1.659000,12
47,43,3.700000,12
47,44,3.547000,10
47,45,3.876000,11
47,46,3.472000,11
47,47,3.003000,11
47,48,2.529000,10
47,49,3.852000,10
47,50,3.203000,8
47,51,2.592000,8
47,52,3.377000,7
47,53,4.110000,10
47,54,4.059000,18
47,55,6.570000,19
47,56,4.847000,18
47,57,4.242000,10
47,58,3.275000,12
47,59,3.593000,14
47,60,1.861000,11
47,61,4.637000,14
47,62,6.775000,19
47,63,4.701000,12
47,64,3.510000,11
47,65,2.889000,12
47,66,1.785000,12
47,67,4.938000,12
47,68,3.673000,12
47,69,4.915000,11
47,70,4.447000,11
47,71,3.447000,11
47,72,2.282000,12
47,73,4.510000,11
47,74,3.887000,12
47,75,3.846000,12
47,76,4.956000,14
47,77,3.844000,12
47,78,2.889000,14
47,79,4.938000,14
47,80,4.001000,14
47,81,4.762000,15
47,82,4.029000,13
47,83,4.211000,15
47,84,2.207000,13
47,85,6.088000,18
47,86,3.747000,13
47,87,4.014000,12
47,88,2.698000,7
47,89,2.371000,8
47,90,2.582000,10
47,91,2.705000,7
47,92,3.515000,7
47,93,2.345000,7
47,94,2.905000,9
47,95,5.019000,14
47,96,2.100000,5
48,1,2.929000,13
48,2,3.158000,11
48,3,3.111000,10
48,4,3.060000,14
48,5,4.242000,17
48,6,2.703000,19
48,7,2.921000,12
48,8,2.895000,11
48,9,2.974000,13
48,10,3.327000,12
48,11,2.757000,12
48,12,2.639000,14
48,13,3.841000,15
48,14,3.580000,14
48,15,3.750000,15
48,16,3.421000,15
48,17,3.358000,15
48,18,1.460000,14
48,19,3.351000,13
48,20,3.280000,13
48,21,3.047000,13
48,22,3.158000,13
48,23,3.291000,16
48,24,2.649000,16
48,25,3.640000,16
48,26,3.167000,13
48,27,3.219000,13
48,28,2.938000,13
48,29,2.830000,14
48,30,2.560000,13
48,31,2.763000,13
48,32,4.353000,16
48,33,3.560000,15
48,34,3.767000,15
48,35,2.700000,14
48,36,1.138000,14
48,37,3.384000,14
48,38,3.786000,16
48,39,2.867000,11
48,40,2.714000,11
48,41,2.865000,13
48,42,2.173000,12
48,43,2.719000,11
48,44,2.399000,10
48,45,2.703000,10
48,46,2.975000,10
48,47,2.527000,10
48,48,2.191000,8
48,49,2.031000,7
48,50,2.091000,7
48,51,2.226000,7
48,52,2.141000,7
48,53,1.811000,8
48,54,2.868000,11
48,55,4.971000,20
48,56,5.377000,18
48,57,2.981000,11
48,58,3.338000,14
48,59,2.359000,16
48,60,0.549000,12
48,61,3.640000,14
48,62,4.488000,20
48,63,3.200000,13
48,64,3.128000,12
48,65,2.732000,13
48,66,1.559000,13
48,67,3.120000,13
48,68,3.291000,13
48,69,3.276000,13
48,70,3.279000,12
48,71,3.511000,12
48,72,2.381000,12
48,73,3.112000,11
48,74,3.291000,12
48,75,3.270000,13
48,76,3.468000,13
48,77,3.351000,14
48,78,2.187000,13
48,79,2.680000,13
48,80,3.679000,14
48,81,3.510000,13
48,82,3.491000,15
48,83,3.714000,16
48,84,1.814000,13
48,85,2.900000,13
48,86,3.415000,12
48,87,2.897000,15
48,88,2.280000,9
48,89,2.054000,7
48,90,2.722000,10
48,91,2.583000,7
48,92,1.892000,7
48,93,2.264000,7
48,94,2.493000,9
48,95,3.391000,13
48,96,1.645000,5
49,1,2.570000,11
49,2,2.391000,11
49,3,3.390000,11
49,4,3.243000,10
49,5,3.065000,13
49,6,1.392000,10
49,7,2.566000,10
49,8,2.223000,10
49,9,2.939000,12
49,10,3.172000,11
49,11,2.561000,12
49,12,3.030000,16
49,13,3.095000,13
49,14,4.051000,16
49,15,3.280000,13
49,16,3.677000,14
49,17,2.823000,15
49,18,2.126000,14
49,19,3.658000,14
49,20,3.282000,13
49,21,3.483000,14
49,22,3.676000,13
49,23,3.188000,16
49,24,1.734000,16
49,25,3.480000,16
49,26,3.456000,13
49,27,3.218000,13
49,28,3.577000,13
49,29,2.892000,14
49,30,1.983000,17
49,31,3.922000,14
49,32,3.768000,17
49,33,3.245000,15
49,34,3.419000,15
49,35,2.419000,14
49,36,2.078000,16
49,37,3.484000,13
49,38,3.146000,11
49,39,2.717000,12
49,40,2.741000,10
49,41,2.719000,10
49,42,1.968000,10
49,43,2.722000,10
49,44,2.367000,10
49,45,3.216000,10
49,46,3.318000,10
49,47,2.167000,7
49,48,1.800000,7
49,49,2.351000,8
49,50,1.991000,8
49,51,2.300000,7
49,52,1.900000,5
49,53,2.057000,7
49,54,2.970000,11
49,55,1.998000,7
49,56,2.130000,7
49,57,2.789000,10
49,58,2.552000,11
49,59,3.188000,11
49,60,3.085000,11
49,61,3.652000,14
49,62,3.129000,12
49,63,4.245000,17
49,64,4.191000,18
49,65,1.740000,12
49,66,1.714000,13
49,67,3.179000,13
49,68,3.206000,14
49,69,3.345000,14
49,70,3.026000,12
49,71,1.978000,12
49,72,1.118000,12
49,73,3.308000,12
49,74,3.620000,14
49,75,3.011000,13
49,76,4.147000,14
49,77,2.688000,13
49,78,1.970000,13
49,79,3.073000,14
49,80,3.213000,13
49,81,3.664000,14
49,82,3.673000,15
49,83,2.894000,14
49,84,2.080000,15
49,85,3.303000,14
49,86,2.310000,9
49,87,2.499000,12
49,88,3.338000,11
49,89,1.600000,7
49,90,2.139000,8
49,91,1.792000,7
49,92,2.213000,7
49,93,2.325000,7
49,94,3.646000,16
49,95,2.424000,8
49,96,1.470000,5
50,1,2.647000,11
50,2,2.301000,11
50,3,2.370000,10
50,4,2.260000,7
50,5,3.820000,16
50,6,2.456000,13
50,7,3.508000,13
50,8,3.492000,13
50,9,3.465000,13
50,10,3.270000,13
50,11,2.417000,13
50,12,1.920000,16
50,13,3.659000,13
50,14,3.506000,15
50,15,3.260000,14
50,16,3.723000,14
50,17,2.547000,13
50,18,1.884000,14
50,19,3.914000,18
50,20,2.703000,11
50,21,2.967000,14
50,22,3.121000,13
50,23,3.625000,17
50,24,1.997000,16
50,25,3.935000,17
50,26,3.238000,13
50,27,2.779000,13
50,28,3.042000,14
50,29,3.167000,17
50,30,1.821000,13
50,31,3.693000,15
50,32,3.488000,15
50,33,3.200000,15
50,34,3.831000,17
50,35,2.640000,13
50,36,1.556000,14
50,37,3.229000,13
50,38,3.016000,14
50,39,3.036000,13
50,40,2.918000,14
50,41,2.230000,10
50,42,2.324000,10
50,43,2.627000,10
50,44,2.554000,11
50,45,2.762000,10
50,46,2.898000,10
50,47,2.050000,7
50,48,2.215000,9
50,49,2.723000,10
50,50,2.473000,7
50,51,2.122000,7
50,52,1.957000,8
50,53,2.366000,8
50,54,2.022000,7
50,55,2.885000,10
50,56,1.682000,7
50,57,2.328000,8
50,58,1.841000,7
50,59,2.320000,10
50,60,2.910000,12
50,61,3.713000,13
50,62,3.183000,14
50,63,2.281000,10
50,64,2.952000,13
50,65,2.955000,14
50,66,1.954000,12
50,67,3.099000,13
50,68,4.176000,14
50,69,3.056000,15
50,70,3.362000,14
50,71,2.354000,11
50,72,1.849000,11
50,73,2.881000,11
50,74,3.590000,16
50,75,3.252000,14
50,76,2.492000,12
50,77,2.290000,14
50,78,2.363000,15
50,79,3.395000,13
50,80,3.420000,14
50,81,3.752000,17
50,82,3.379000,16
50,83,1.763000,12
50,84,0.729000,15
50,85,2.858000,14
50,86,3.697000,12
50,87,3.610000,18
50,88,2.775000,12
50,89,2.296000,8
50,90,1.469000,8
50,91,1.983000,7
50,92,1.780000,7
50,93,2.125000,7
50,94,1.880000,7
50,95,2.559000,8
50,96,1.766000,5
51,1,2.411000,11
51,2,2.610000,11
51,3,3.618000,12
51,4,2.535000,10
51,5,3.179000,13
51,6,1.991000,10
51,7,2.779000,10
51,8,2.729000,10
51,9,3.764000,10
51,10,2.496000,8
51,11,2.697000,10
51,12,1.724000,10
51,13,3.334000,13
51,14,2.933000,12
51,15,4.483000,15
51,16,3.445000,14
51,17,2.712000,14
51,18,2.232000,16
51,19,3.859000,15
51,20,5.422000,18
51,21,3.770000,13
51,22,2.860000,14
51,23,3.057000,19
51,24,0.793000,17
51,25,4.624000,19
51,26,3.711000,14
51,27,3.598000,14
51,28,3.362000,14
51,29,3.359000,18
51,30,1.127000,17
51,31,3.599000,15
51,32,3.499000,14
51,33,4.249000,15
51,34,3.199000,14
51,35,3.249000,15
51,36,1.509000,10
51,37,2.272000,8
51,38,1.792000,8
51,39,3.003000,10
51,40,2.698000,8
51,41,2.500000,10
51,42,2.785000,10
51,43,2.517000,10
51,44,2.415000,10
51,45,3.521000,10
51,46,2.761000,10
51,47,2.959000,10
51,48,2.347000,10
51,49,2.627000,10
51,50,2.208000,7
51,51,3.058000,8
51,52,2.368000,7
51,53,1.918000,7
51,54,2.752000,10
51,55,2.269000,8
51,56,2.123000,8
51,57,2.320000,7
51,58,2.738000,9
51,59,2.417000,8
51,60,1.985000,7
51,61,3.330000,11
51,62,4.230000,14
51,63,4.092000,14
51,64,3.126000,13
51,65,2.142000,13
51,66,1.482000,14
51,67,2.876000,12
51,68,3.085000,12
51,69,3.811000,11
51,70,3.165000,11
51,71,3.041000,12
51,72,2.266000,12
51,73,2.934000,11
51,74,2.985000,12
51,75,2.572000,8
51,76,3.404000,14
51,77,3.987000,17
51,78,2.545000,14
51,79,3.948000,15
51,80,3.980000,12
51,81,3.217000,13
51,82,3.431000,15
51,83,1.814000,8
51,84,1.030000,9
51,85,2.881000,12
51,86,3.786000,15
51,87,5.205000,21
51,88,3.080000,13
51,89,1.901000,9
51,90,1.715000,8
51,91,2.337000,7
51,92,2.173000,7
51,93,2.340000,7
51,94,2.386000,7
51,95,2.741000,8
51,96,1.448000,5
52,1,3.715000,11
52,2,4.308000,11
52,3,3.782000,12
52,4,3.891000,13
52,5,5.154000,19
52,6,2.220000,11
52,7,4.899000,11
52,8,4.396000,10
52,9,3.929000,10
52,10,2.998000,10
52,11,3.178000,10
52,12,3.339000,10
52,13,4.127000,10
52,14,3.616000,10
52,15,4.392000,13
52,16,3.833000,13
52,17,3.231000,14
52,18,3.942000,15
52,19,5.355000,16
52,20,4.910000,13
52,21,6.104000,19
52,22,4.850000,17
52,23,2.713000,18
52,24,0.625000,17
52,25,7.801000,21
52,26,6.245000,20
52,27,4.074000,17
52,28,5.212000,19
52,29,0.908000,11
52,30,0.521000,15
52,31,4.607000,13
52,32,5.803000,15
52,33,4.144000,14
52,34,3.113000,10
52,35,2.922000,10
52,36,2.087000,8
52,37,3.298000,8
52,38,3.242000,8
52,39,4.175000,10
52,40,3.153000,10
52,41,3.243000,10
52,42,3.571000,10
52,43,3.956000,10
52,44,3.678000,10
52,45,3.541000,10
52,46,2.958000,10
52,47,3.370000,10
52,48,2.840000,10
52,49,4.050000,10
52,50,3.149000,7
52,51,2.583000,6
52,52,3.417000,6
52,53,3.189000,10
52,54,2.228000,8
52,55,2.356000,7
52,56,3.119000,7
52,57,4.390000,10
52,58,2.990000,8
52,59,2.684000,7
52,60,3.219000,11
52,61,3.712000,9
52,62,3.335000,7
52,63,3.958000,10
52,64,4.192000,12
52,65,4.332000,13
52,66,3.448000,13
52,67,4.063000,11
52,68,4.848000,12
52,69,4.343000,11
52,70,3.909000,11
52,71,3.594000,11
52,72,2.953000,12
52,73,4.085000,11
52,74,4.606000,13
52,75,3.455000,8
52,76,4.875000,14
52,77,2.903000,13
52,78,1.096000,15
52,79,5.830000,16
52,80,5.219000,13
52,81,3.662000,13
52,82,2.341000,7
52,83,3.253000,11
52,84,2.912000,10
52,85,4.411000,12
52,86,3.992000,11
52,87,3.628000,11
52,88,5.563000,18
52,89,3.729000,11
52,90,2.305000,8
52,91,3.331000,7
52,92,3.109000,7
52,93,2.905000,7
52,94,2.911000,7
52,95,2.832000,8
52,96,2.033000,5
53,1,3.943000,11
53,2,3.930000,11
53,3,4.512000,11
53,4,4.190000,13
53,5,3.080000,13
53,6,1.475000,10
53,7,3.939000,10
53,8,4.005000,10
53,9,3.642000,10
53,10,3.368000,10
53,11,2.901000,10
53,12,2.458000,10
53,13,3.762000,10
53,14,3.552000,11
53,15,3.580000,10
53,16,3.557000,11
53,17,3.871000,13
53,18,2.581000,13
53,19,5.412000,15
53,20,4.953000,12
53,21,3.734000,11
53,22,4.997000,19
53,23,2.452000,21
53,24,0.640000,21
53,25,5.682000,19
53,26,6.763000,21
53,27,4.866000,20
53,28,3.850000,19
53,29,0.579000,17
53,30,0.464000,14
53,31,3.939000,15
53,32,4.775000,15
53,33,3.300000,10
53,34,3.089000,10
53,35,2.908000,11
53,36,2.183000,11
53,37,2.484000,8
53,38,2.891000,8
53,39,3.625000,10
53,40,3.033000,10
53,41,2.542000,8
53,42,2.639000,10
53,43,2.948000,10
53,44,3.769000,10
53,45,3.809000,10
53,46,2.921000,10
53,47,3.390000,10
53,48,2.814000,10
53,49,3.094000,10
53,50,1.921000,5
53,51,2.496000,6
53,52,2.419000,6
53,53,2.391000,7
53,54,2.631000,7
53,55,3.349000,10
53,56,3.621000,10
53,57,3.767000,9
53,58,2.388000,7
53,59,2.925000,10
53,60,1.890000,7
53,61,2.292000,7
53,62,2.935000,8
53,63,2.545000,7
53,64,4.058000,11
53,65,4.008000,13
53,66,3.845000,17
53,67,4.230000,17
53,68,5.066000,16
53,69,3.620000,12
53,70,3.461000,13
53,71,3.384000,13
53,72,1.294000,12
53,73,3.933000,13
53,74,4.710000,13
53,75,3.689000,12
53,76,3.706000,12
53,77,3.289000,13
53,78,1.899000,14
53,79,4.148000,15
53,80,3.416000,10
53,81,2.930000,7
53,82,3.022000,8
53,83,2.820000,9
53,84,2.650000,9
53,85,3.713000,12
53,86,4.757000,11
53,87,3.316000,12
53,88,5.538000,20
53,89,2.474000,10
53,90,1.191000,7
53,91,2.482000,7
53,92,3.224000,7
53,93,3.193000,7
53,94,2.900000,7
53,95,2.872000,8
53,96,1.838000,5
54,1,2.740000,11
54,2,2.311000,11
54,3,3.225000,11
54,4,2.522000,10
54,5,3.474000,12
54,6,2.648000,10
54,7,2.438000,10
54,8,2.478000,10
54,9,2.585000,10
54,10,2.756000,10
54,11,3.316000,10
54,12,2.720000,10
54,13,2.165000,8
54,14,2.880000,11
54,15,3.232000,11
54,16,2.701000,10
54,17,3.351000,11
54,18,2.910000,13
54,19,3.641000,16
54,20,3.984000,17
54,21,2.577000,11
54,22,4.115000,14
54,23,2.870000,14
54,24,1.036000,14
54,25,3.473000,14
54,26,3.146000,14
54,27,3.168000,15
54,28,4.178000,16
54,29,3.001000,17
54,30,0.954000,13
54,31,3.183000,15
54,32,3.555000,13
54,33,2.933000,10
54,34,2.342000,10
54,35,3.137000,10
54,36,2.238000,11
54,37,2.224000,8
54,38,2.006000,8
54,39,2.927000,10
54,40,2.678000,10
54,41,2.173000,8
54,42,3.244000,10
54,43,3.240000,10
54,44,3.024000,10
54,45,2.419000,10
54,46,2.882000,11
54,47,3.604000,11
54,48,2.027000,10
54,49,3.056000,10
54,50,1.392000,5
54,51,2.207000,6
54,52,1.783000,6
54,53,2.301000,8
54,54,3.248000,10
54,55,1.923000,8
54,56,1.983000,8
54,57,2.079000,9
54,58,2.839000,10
54,59,1.958000,8
54,60,3.562000,11
54,61,2.199000,8
54,62,2.078000,7
54,63,2.475000,8
54,64,2.445000,8
54,65,2.683000,11
54,66,4.416000,20
54,67,3.242000,13
54,68,2.837000,12
54,69,3.025000,13
54,70,3.032000,13
54,71,3.444000,14
54,72,2.174000,13
54,73,2.880000,13
54,74,3.140000,12
54,75,3.221000,8
54,76,3.757000,16
54,77,3.788000,13
54,78,1.361000,14
54,79,3.560000,14
54,80,1.900000,8
54,81,2.209000,8
54,82,1.718000,7
54,83,2.566000,10
54,84,3.240000,10
54,85,3.277000,12
54,86,2.790000,11
54,87,3.158000,12
54,88,3.153000,14
54,89,3.872000,13
54,90,0.834000,7
54,91,2.542000,7
54,92,1.647000,6
54,93,2.197000,7
54,94,2.010000,7
54,95,3.293000,8
54,96,1.441000,5
55,1,2.920000,11
55,2,3.238000,11
55,3,2.654000,8
55,4,3.620000,10
55,5,4.184000,11
55,6,1.998000,10
55,7,2.661000,10
55,8,2.692000,10
55,9,3.085000,10
55,10,3.051000,10
55,11,3.990000,10
55,12,2.248000,10
55,13,2.219000,8
55,14,3.334000,10
55,15,2.769000,10
55,16,2.645000,10
55,17,4.253000,13
55,18,3.523000,17
55,19,3.652000,15
55,20,4.461000,18
55,21,2.912000,10
55,22,4.281000,16
55,23,3.048000,16
55,24,1.020000,14
55,25,3.652000,14
55,26,3.715000,16
55,27,4.974000,17
55,28,5.008000,16
55,29,1.673000,15
55,30,0.512000,21
55,31,3.910000,13
55,32,3.831000,13
55,33,2.984000,10
55,34,4.416000,10
55,35,2.521000,11
55,36,1.370000,9
55,37,2.905000,8
55,38,2.466000,8
55,39,3.430000,10
55,40,3.132000,10
55,41,2.214000,8
55,42,1.604000,10
55,43,2.938000,10
55,44,3.283000,10
55,45,3.037000,11
55,46,4.238000,10
55,47,3.230000,10
55,48,1.992000,11
55,49,3.168000,11
55,50,2.106000,5
55,51,2.230000,6
55,52,1.852000,6
55,53,2.068000,7
55,54,4.024000,8
55,55,2.122000,7
55,56,2.126000,7
55,57,2.659000,9
55,58,1.891000,8
55,59,2.385000,7
55,60,3.016000,7
55,61,2.647000,7
55,62,3.152000,8
55,63,2.052000,7
55,64,1.770000,7
55,65,4.706000,9
55,66,3.154000,12
55,67,4.792000,18
55,68,3.820000,13
55,69,3.522000,12
55,70,4.244000,13
55,71,2.225000,15
55,72,0.401000,12
55,73,3.381000,15
55,74,3.330000,12
55,75,2.445000,10
55,76,3.588000,11
55,77,4.660000,15
55,78,1.607000,14
55,79,3.120000,12
55,80,2.111000,7
55,81,2.260000,7
55,82,2.527000,8
55,83,4.240000,9
55,84,2.896000,9
55,85,3.645000,12
55,86,3.658000,11
55,87,3.001000,13
55,88,4.683000,14
55,89,2.057000,7
55,90,1.772000,8
55,91,2.456000,7
55,92,1.686000,6
55,93,2.021000,7
55,94,2.138000,7
55,95,4.138000,8
55,96,2.439000,5
56,1,1.857000,11
56,2,2.077000,11
56,3,1.134000,6
56,4,2.364000,14
56,5,1.887000,11
56,6,1.813000,9
56,7,2.370000,10
56,8,2.349000,10
56,9,2.301000,10
56,10,2.513000,10
56,11,1.877000,10
56,12,1.050000,10
56,13,1.715000,8
56,14,2.649000,11
56,15,2.507000,11
56,16,2.029000,10
56,17,1.412000,8
56,18,1.682000,12
56,19,3.246000,14
56,20,3.475000,17
56,21,2.560000,11
56,22,2.317000,15
56,23,1.040000,17
56,24,0.386000,14
56,25,3.413000,15
56,26,2.756000,15
56,27,2.505000,16
56,28,2.387000,13
56,29,1.344000,11
56,30,0.747000,15
56,31,2.782000,13
56,32,2.196000,13
56,33,1.975000,10
56,34,1.938000,10
56,35,1.870000,10
56,36,1.130000,10
56,37,2.312000,11
56,38,1.825000,8
56,39,1.992000,10
56,40,1.992000,10
56,41,1.766000,11
56,42,1.579000,11
56,43,1.868000,10
56,44,2.063000,10
56,45,2.709000,10
56,46,1.783000,10
56,47,1.736000,10
56,48,1.410000,10
56,49,1.610000,10
56,50,0.851000,5
56,51,1.767000,6
56,52,1.485000,6
56,53,1.979000,9
56,54,1.377000,7
56,55,2.190000,10
56,56,2.058000,9
56,57,2.261000,9
56,58,1.151000,7
56,59,1.367000,8
56,60,1.559000,11
56,61,1.352000,7
56,62,1.546000,7
56,63,2.008000,8
56,64,1.866000,8
56,65,2.731000,13
56,66,1.768000,11
56,67,1.650000,8
56,68,2.018000,12
56,69,2.737000,12
56,70,4.112000,12
56,71,1.343000,12
56,72,0.453000,13
56,73,2.385000,13
56,74,2.632000,11
56,75,2.489000,13
56,76,2.018000,11
56,77,2.804000,20
56,78,0.649000,11
56,79,2.190000,11
56,80,1.798000,8
56,81,1.418000,8
56,82,1.309000,7
56,83,1.681000,10
56,84,2.131000,10
56,85,2.557000,12
56,86,1.797000,11
56,87,2.981000,14
56,88,2.170000,15
56,89,1.351000,7
56,90,1.279000,8
56,91,1.795000,7
56,92,1.608000,6
56,93,1.958000,7
56,94,2.202000,7
56,95,1.737000,8
56,96,1.201000,5
57,1,2.110000,11
57,2,2.279000,11
57,3,1.365000,6
57,4,3.167000,14
57,5,2.344000,11
57,6,1.341000,10
57,7,1.732000,10
57,8,2.465000,10
57,9,2.103000,10
57,10,2.167000,10
57,11,1.714000,10
57,12,2.023000,10
57,13,1.539000,8
57,14,2.012000,10
57,15,2.518000,10
57,16,2.552000,10
57,17,2.029000,11
57,18,1.621000,12
57,19,2.751000,14
57,20,2.669000,12
57,21,2.312000,10
57,22,2.457000,14
57,23,1.925000,12
57,24,0.651000,13
57,25,2.150000,12
57,26,2.658000,12
57,27,2.198000,13
57,28,3.185000,15
57,29,1.985000,13
57,30,0.885000,12
57,31,2.487000,13
57,32,2.109000,13
57,33,2.206000,10
57,34,2.016000,10
57,35,1.707000,10
57,36,1.797000,11
57,37,1.620000,8
57,38,1.661000,8
57,39,2.240000,10
57,40,2.686000,10
57,41,2.082000,10
57,42,1.470000,8
57,43,1.903000,11
57,44,2.427000,10
57,45,2.225000,10
57,46,1.889000,10
57,47,1.908000,10
57,48,1.802000,10
57,49,1.393000,10
57,50,1.000000,5
57,51,1.522000,6
57,52,1.237000,6
57,53,1.852000,9
57,54,2.472000,10
57,55,1.878000,8
57,56,1.689000,9
57,57,1.814000,8
57,58,2.082000,10
57,59,1.265000,7
57,60,1.563000,7
57,61,1.628000,8
57,62,1.544000,8
57,63,1.708000,7
57,64,1.618000,7
57,65,1.974000,9
57,66,2.777000,15
57,67,1.899000,11
57,68,2.905000,14
57,69,2.189000,12
57,70,2.882000,14
57,71,2.203000,14
57,72,0.991000,13
57,73,2.504000,12
57,74,2.694000,13
57,75,1.846000,9
57,76,2.447000,11
57,77,1.308000,7
57,78,1.391000,13
57,79,3.135000,14
57,80,1.659000,7
57,81,1.913000,7
57,82,1.915000,8
57,83,2.256000,9
57,84,1.423000,9
57,85,2.346000,12
57,86,2.078000,11
57,87,2.283000,13
57,88,2.353000,14
57,89,1.400000,8
57,90,0.701000,8
57,91,1.532000,7
57,92,1.830000,7
57,93,2.155000,7
57,94,1.627000,8
57,95,2.082000,8
57,96,1.098000,5
58,1,2.808000,14
58,2,2.102000,11
58,3,2.010000,13
58,4,2.562000,14
58,5,2.326000,11
58,6,0.946000,9
58,7,2.044000,10
58,8,2.010000,10
58,9,2.903000,10
58,10,2.097000,10
58,11,2.422000,10
58,12,0.881000,10
58,13,1.486000,8
58,14,1.792000,11
58,15,2.111000,11
58,16,2.180000,10
58,17,2.446000,13
58,18,1.879000,12
58,19,2.333000,14
58,20,3.008000,12
58,21,2.278000,10
58,22,2.461000,14
58,23,2.375000,13
58,24,0.617000,7
58,25,1.680000,7
58,26,1.226000,7
58,27,1.992000,8
58,28,2.714000,11
58,29,1.663000,10
58,30,2.301000,12
58,31,2.543000,13
58,32,2.555000,13
58,33,1.589000,10
58,34,2.109000,10
58,35,1.589000,9
58,36,1.807000,9
58,37,2.176000,11
58,38,1.506000,8
58,39,2.005000,10
58,40,1.870000,10
58,41,2.458000,10
58,42,2.206000,10
58,43,1.993000,8
58,44,1.880000,10
58,45,2.182000,10
58,46,2.123000,10
58,47,2.201000,10
58,48,2.031000,11
58,49,2.422000,10
58,50,1.230000,5
58,51,1.729000,6
58,52,2.236000,6
58,53,1.024000,7
58,54,1.953000,8
58,55,1.671000,7
58,56,1.873000,9
58,57,1.687000,7
58,58,1.765000,8
58,59,2.119000,10
58,60,2.321000,11
58,61,1.493000,7
58,62,1.883000,7
58,63,2.172000,8
58,64,1.680000,8
58,65,3.029000,16
58,66,1.670000,15
58,67,2.272000,11
58,68,2.180000,13
58,69,2.624000,12
58,70,2.908000,14
58,71,2.165000,14
58,72,0.963000,13
58,73,2.684000,14
58,74,2.244000,13
58,75,2.465000,12
58,76,2.423000,11
58,77,2.093000,10
58,78,1.010000,13
58,79,2.167000,12
58,80,1.570000,8
58,81,1.513000,8
58,82,1.663000,7
58,83,2.079000,10
58,84,2.152000,10
58,85,2.164000,12
58,86,2.309000,11
58,87,2.658000,12
58,88,2.641000,16
58,89,0.531000,8
58,90,0.122000,8
58,91,1.674000,7
58,92,1.257000,7
58,93,1.734000,7
58,94,2.041000,8
58,95,2.024000,8
58,96,1.157000,5
59,1,2.660000,11
59,2,2.100000,11
59,3,2.426000,13
59,4,2.723000,14
59,5,2.062000,11
59,6,0.430000,10
59,7,2.141000,10
59,8,2.031000,10
59,9,1.832000,10
59,10,2.343000,10
59,11,1.967000,10
59,12,2.079000,10
59,13,1.679000,8
59,14,2.319000,10
59,15,2.074000,11
59,16,1.993000,10
59,17,2.138000,8
59,18,1.783000,12
59,19,2.360000,12
59,20,2.399000,10
59,21,3.055000,15
59,22,1.730000,7
59,23,1.442000,7
59,24,1.527000,7
59,25,1.818000,7
59,26,1.664000,7
59,27,1.423000,7
59,28,2.808000,16
59,29,2.360000,12
59,30,1.768000,12
59,31,2.460000,13
59,32,2.966000,13
59,33,1.933000,10
59,34,2.197000,10
59,35,1.980000,9
59,36,1.538000,10
59,37,2.223000,8
59,38,2.099000,8
59,39,2.331000,10
59,40,1.954000,10
59,41,2.284000,10
59,42,1.423000,10
59,43,2.200000,10
59,44,2.346000,11
59,45,2.099000,10
59,46,2.039000,10
59,47,2.376000,10
59,48,1.801000,10
59,49,2.362000,11
59,50,1.840000,5
59,51,1.391000,6
59,52,1.182000,6
59,53,1.638000,7
59,54,1.484000,7
59,55,2.170000,10
59,56,1.471000,8
59,57,2.058000,9
59,58,1.489000,7
59,59,2.176000,8
59,60,1.829000,7
59,61,1.603000,8
59,62,1.847000,8
59,63,1.619000,7
59,64,1.343000,7
59,65,2.040000,9
59,66,2.936000,15
59,67,2.363000,10
59,68,2.820000,14
59,69,3.449000,12
59,70,3.142000,14
59,71,1.490000,13
59,72,0.337000,13
59,73,2.733000,14
59,74,2.400000,13
59,75,2.959000,13
59,76,1.925000,11
59,77,2.155000,13
59,78,1.076000,13
59,79,1.945000,11
59,80,1.682000,7
59,81,1.767000,7
59,82,1.308000,8
59,83,2.172000,9
59,84,2.021000,9
59,85,2.183000,12
59,86,2.580000,11
59,87,2.270000,12
59,88,3.200000,15
59,89,2.180000,11
59,90,0.688000,10
59,91,1.994000,7
59,92,1.491000,7
59,93,1.571000,7
59,94,1.683000,8
59,95,1.934000,8
59,96,1.261000,5
60,1,1.767000,11
60,2,2.540000,11
60,3,2.426000,13
60,4,2.969000,14
60,5,2.202000,11
60,6,1.105000,10
60,7,2.360000,10
60,8,2.050000,10
60,9,2.425000,10
60,10,2.533000,10
60,11,1.847000,10
60,12,1.438000,10
60,13,1.946000,8
60,14,2.771000,11
60,15,2.370000,10
60,16,2.263000,10
60,17,1.881000,11
60,18,1.603000,12
60,19,2.518000,15
60,20,2.645000,12
60,21,2.619000,10
60,22,2.196000,7
60,23,1.276000,7
60,24,1.258000,7
60,25,1.621000,7
60,26,1.850000,7
60,27,1.444000,7
60,28,2.557000,15
60,29,3.351000,20
60,30,1.813000,12
60,31,2.803000,13
60,32,2.613000,14
60,33,2.454000,10
60,34,2.333000,10
60,35,1.766000,10
60,36,1.212000,11
60,37,2.516000,11
60,38,2.066000,11
60,39,2.240000,10
60,40,2.547000,10
60,41,1.625000,8
60,42,1.458000,10
60,43,2.007000,10
60,44,2.171000,10
60,45,2.043000,10
60,46,2.142000,10
60,47,2.171000,10
60,48,2.127000,10
60,49,2.194000,10
60,50,1.096000,5
60,51,1.435000,6
60,52,1.162000,6
60,53,1.370000,7
60,54,2.227000,10
60,55,1.756000,8
60,56,1.465000,7
60,57,1.666000,8
60,58,2.078000,10
60,59,2.024000,7
60,60,2.189000,11
60,61,1.761000,7
60,62,1.684000,7
60,63,2.054000,8
60,64,1.596000,8
60,65,2.792000,13
60,66,2.610000,15
60,67,1.919000,10
60,68,2.098000,10
60,69,2.218000,13
60,70,2.899000,12
60,71,1.644000,13
60,72,0.198000,10
60,73,2.773000,14
60,74,2.435000,12
60,75,2.631000,14
60,76,2.656000,13
60,77,1.935000,12
60,78,0.808000,13
60,79,2.618000,14
60,80,1.216000,8
60,81,1.806000,8
60,82,1.427000,7
60,83,2.001000,10
60,84,2.063000,10
60,85,2.361000,12
60,86,2.333000,11
60,87,2.476000,13
60,88,3.137000,15
60,89,1.667000,9
60,90,1.173000,10
60,91,1.938000,7
60,92,1.497000,7
60,93,1.299000,7
60,94,1.766000,8
60,95,2.197000,8
60,96,1.571000,5
61,1,2.324000,12
61,2,1.859000,11
61,3,2.199000,14
61,4,2.560000,14
61,5,1.717000,12
61,6,0.593000,10
61,7,2.526000,10
61,8,1.672000,10
61,9,1.730000,10
61,10,2.279000,10
61,11,1.916000,8
61,12,1.559000,10
61,13,1.545000,8
61,14,1.233000,8
61,15,1.913000,11
61,16,2.254000,11
61,17,1.969000,11
61,18,2.444000,12
61,19,1.891000,11
61,20,3.532000,18
61,21,2.269000,11
61,22,1.691000,7
61,23,1.579000,7
61,24,1.240000,7
61,25,1.457000,7
61,26,2.173000,7
61,27,1.409000,7
61,28,2.631000,14
61,29,3.500000,20
61,30,1.220000,12
61,31,2.685000,13
61,32,2.868000,13
61,33,2.848000,13
61,34,2.381000,13
61,35,1.200000,11
61,36,0.447000,11
61,37,3.192000,11
61,38,1.932000,9
61,39,2.209000,8
61,40,1.698000,9
61,41,1.574000,8
61,42,1.064000,8
61,43,1.914000,8
61,44,2.092000,10
61,45,2.344000,10
61,46,1.824000,10
61,47,2.440000,10
61,48,1.589000,11
61,49,2.168000,10
61,50,1.512000,5
61,51,1.226000,6
61,52,1.345000,6
61,53,1.712000,10
61,54,1.658000,8
61,55,1.755000,7
61,56,1.873000,9
61,57,1.561000,7
61,58,2.076000,8
61,59,1.850000,9
61,60,1.286000,7
61,61,1.760000,7
61,62,1.547000,8
61,63,2.047000,7
61,64,2.170000,10
61,65,2.223000,10
61,66,1.923000,8
61,67,2.246000,10
61,68,2.462000,14
61,69,2.921000,13
61,70,2.712000,12
61,71,1.365000,12
61,72,0.613000,10
61,73,2.122000,13
61,74,2.358000,12
61,75,2.838000,12
61,76,2.256000,14
61,77,2.785000,16
61,78,0.621000,11
61,79,1.761000,10
61,80,1.714000,7
61,81,1.700000,7
61,82,2.138000,8
61,83,2.046000,9
61,84,1.653000,9
61,85,2.175000,11
61,86,1.887000,11
61,87,2.898000,13
61,88,3.094000,14
61,89,1.253000,7
61,90,0.676000,10
61,91,1.826000,7
61,92,1.914000,7
61,93,1.470000,7
61,94,1.967000,9
61,95,1.784000,8
61,96,1.098000,5
62,1,2.149000,12
62,2,2.135000,11
62,3,2.935000,14
62,4,2.695000,14
62,5,1.794000,12
62,6,0.915000,10
62,7,2.026000,10
62,8,2.002000,10
62,9,2.178000,10
62,10,2.179000,10
62,11,1.710000,8
62,12,1.511000,10
62,13,1.566000,8
62,14,1.565000,8
62,15,1.939000,11
62,16,2.169000,11
62,17,2.295000,11
62,18,1.812000,12
62,19,2.620000,14
62,20,3.509000,19
62,21,1.551000,7
62,22,1.355000,7
62,23,1.700000,7
62,24,1.128000,7
62,25,1.380000,7
62,26,1.379000,7
62,27,1.459000,7
62,28,2.242000,12
62,29,2.640000,14
62,30,1.591000,12
62,31,2.806000,13
62,32,2.921000,13
62,33,2.048000,13
62,34,2.474000,13
62,35,1.641000,13
62,36,0.769000,11
62,37,1.634000,11
62,38,1.983000,9
62,39,2.075000,8
62,40,1.588000,9
62,41,1.555000,8
62,42,1.730000,8
62,43,1.772000,8
62,44,1.968000,10
62,45,2.160000,10
62,46,2.792000,10
62,47,2.002000,10
62,48,1.334000,10
62,49,2.288000,10
62,50,1.010000,5
62,51,1.425000,6
62,52,1.283000,6
62,53,2.103000,11
62,54,1.710000,7
62,55,2.032000,9
62,56,2.112000,9
62,57,1.693000,9
62,58,1.257000,7
62,59,1.297000,8
62,60,2.076000,10
62,61,1.376000,8
62,62,1.419000,7
62,63,2.186000,8
62,64,1.599000,8
62,65,2.203000,11
62,66,1.782000,10
62,67,1.615000,8
62,68,2.775000,11
62,69,2.230000,11
62,70,2.378000,12
62,71,1.946000,12
62,72,1.119000,10
62,73,2.635000,13
62,74,2.470000,12
62,75,2.348000,12
62,76,2.723000,13
62,77,2.343000,19
62,78,0.123000,10
62,79,1.909000,10
62,80,1.216000,8
62,81,1.376000,8
62,82,1.517000,7
62,83,1.841000,10
62,84,2.066000,10
62,85,2.026000,11
62,86,2.003000,11
62,87,2.992000,17
62,88,4.029000,20
62,89,0.906000,7
62,90,0.584000,9
62,91,1.577000,8
62,92,1.333000,7
62,93,1.763000,7
62,94,1.892000,9
62,95,1.950000,8
62,96,0.978000,5
63,1,2.188000,12
63,2,2.378000,11
63,3,2.647000,14
63,4,2.602000,14
63,5,1.045000,11
63,6,0.374000,10
63,7,2.199000,10
63,8,2.248000,10
63,9,1.901000,10
63,10,2.532000,10
63,11,1.651000,8
63,12,1.088000,10
63,13,1.311000,8
63,14,1.475000,8
63,15,1.854000,11
63,16,2.204000,11
63,17,2.278000,11
63,18,1.697000,12
63,19,2.042000,11
63,20,2.612000,12
63,21,1.850000,7
63,22,1.703000,7
63,23,1.414000,7
63,24,1.205000,7
63,25,1.577000,7
63,26,1.432000,7
63,27,1.606000,7
63,28,2.571000,12
63,29,1.842000,8
63,30,2.142000,12
63,31,2.077000,13
63,32,2.565000,13
63,33,2.684000,13
63,34,2.597000,13
63,35,1.511000,13
63,36,0.382000,11
63,37,1.800000,11
63,38,1.445000,9
63,39,1.564000,8
63,40,2.132000,9
63,41,1.668000,8
63,42,1.608000,8
63,43,1.957000,8
63,44,2.031000,10
63,45,1.770000,10
63,46,2.144000,10
63,47,2.127000,10
63,48,1.506000,10
63,49,1.809000,10
63,50,1.296000,5
63,51,0.815000,6
63,52,1.681000,6
63,53,2.450000,10
63,54,1.687000,9
63,55,2.443000,9
63,56,1.751000,9
63,57,1.876000,9
63,58,1.553000,9
63,59,1.367000,7
63,60,0.885000,11
63,61,1.363000,7
63,62,1.765000,7
63,63,1.698000,7
63,64,2.288000,10
63,65,2.094000,10
63,66,1.788000,10
63,67,2.684000,12
63,68,1.870000,8
63,69,1.645000,13
63,70,2.354000,12
63,71,2.156000,12
63,72,1.062000,10
63,73,2.544000,13
63,74,2.570000,12
63,75,2.023000,12
63,76,3.031000,13
63,77,1.365000,20
63,78,0.285000,11
63,79,1.952000,10
63,80,1.478000,7
63,81,1.423000,7
63,82,1.464000,8
63,83,2.141000,9
63,84,1.548000,9
63,85,1.954000,11
63,86,2.180000,11
63,87,2.404000,15
63,88,2.452000,14
63,89,1.440000,8
63,90,1.258000,9
63,91,1.354000,7
63,92,1.783000,7
63,93,1.774000,7
63,94,2.060000,9
63,95,1.525000,8
63,96,0.951000,5
64,1,2.122000,12
64,2,2.317000,11
64,3,2.200000,14
64,4,2.980000,15
64,5,1.970000,13
64,6,0.640000,10
64,7,2.165000,10
64,8,2.030000,10
64,9,1.952000,10
64,10,1.693000,10
64,11,1.802000,8
64,12,1.925000,10
64,13,1.605000,8
64,14,1.394000,8
64,15,2.683000,11
64,16,2.414000,11
64,17,2.252000,11
64,18,1.448000,11
64,19,1.756000,10
64,20,2.910000,19
64,21,1.776000,7
64,22,1.705000,7
64,23,1.837000,7
64,24,1.281000,7
64,25,1.800000,7
64,26,1.451000,7
64,27,1.628000,7
64,28,3.659000,16
64,29,2.537000,15
64,30,1.162000,13
64,31,2.710000,13
64,32,2.364000,13
64,33,2.421000,13
64,34,2.551000,13
64,35,1.574000,13
64,36,0.885000,11
64,37,2.636000,11
64,38,1.642000,9
64,39,1.886000,8
64,40,2.063000,9
64,41,1.423000,8
64,42,1.687000,8
64,43,1.716000,8
64,44,1.950000,10
64,45,2.280000,10
64,46,2.110000,10
64,47,2.003000,10
64,48,1.279000,10
64,49,2.063000,10
64,50,1.090000,5
64,51,1.406000,6
64,52,1.190000,6
64,53,2.370000,9
64,54,2.337000,9
64,55,1.833000,9
64,56,1.508000,9
64,57,1.910000,9
64,58,1.900000,9
64,59,1.840000,9
64,60,1.420000,7
64,61,1.650000,7
64,62,2.018000,8
64,63,1.338000,8
64,64,1.515000,8
64,65,2.318000,11
64,66,1.790000,10
64,67,2.067000,13
64,68,2.220000,15
64,69,2.247000,13
64,70,1.790000,12
64,71,1.998000,12
64,72,1.054000,10
64,73,2.361000,13
64,74,2.331000,12
64,75,2.242000,13
64,76,2.480000,13
64,77,2.118000,14
64,78,0.745000,10
64,79,1.740000,8
64,80,1.819000,8
64,81,1.680000,8
64,82,1.246000,7
64,83,2.192000,10
64,84,1.925000,10
64,85,2.390000,11
64,86,1.853000,11
64,87,2.636000,14
64,88,2.499000,14
64,89,1.935000,10
64,90,0.830000,9
64,91,2.027000,8
64,92,1.577000,7
64,93,1.308000,7
64,94,2.261000,9
64,95,1.820000,8
64,96,1.366000,5
65,1,2.005000,12
65,2,2.211000,11
65,3,2.218000,14
65,4,2.920000,15
65,5,1.540000,11
65,6,0.746000,10
65,7,2.098000,10
65,8,2.337000,10
65,9,2.160000,10
65,10,1.877000,10
65,11,1.793000,8
65,12,1.270000,10
65,13,1.880000,8
65,14,1.909000,8
65,15,2.209000,11
65,16,1.780000,11
65,17,2.034000,11
65,18,1.722000,11
65,19,1.950000,10
65,20,2.778000,11
65,21,1.622000,7
65,22,1.733000,7
65,23,1.345000,7
65,24,1.214000,7
65,25,1.765000,7
65,26,1.440000,7
65,27,1.640000,7
65,28,2.556000,15
65,29,2.508000,15
65,30,1.490000,12
65,31,2.090000,13
65,32,2.732000,13
65,33,2.810000,13
65,34,2.600000,13
65,35,1.562000,13
65,36,0.466000,11
65,37,2.440000,11
65,38,2.111000,9
65,39,2.182000,8
65,40,2.139000,9
65,41,1.890000,8
65,42,1.039000,8
65,43,1.978000,8
65,44,1.550000,10
65,45,2.268000,10
65,46,1.979000,10
65,47,1.793000,10
65,48,1.384000,10
65,49,2.090000,10
65,50,0.985000,5
65,51,1.420000,6
65,52,1.518000,6
65,53,1.820000,9
65,54,1.675000,9
65,55,1.542000,9
65,56,1.729000,9
65,57,2.002000,9
65,58,2.143000,9
65,59,1.989000,9
65,60,1.644000,11
65,61,1.509000,8
65,62,1.912000,7
65,63,1.548000,7
65,64,2.290000,10
65,65,2.092000,10
65,66,1.238000,8
65,67,2.732000,14
65,68,2.610000,15
65,69,2.962000,13
65,70,1.902000,12
65,71,1.272000,12
65,72,0.525000,10
65,73,2.195000,13
65,74,2.120000,12
65,75,1.929000,13
65,76,1.471000,7
65,77,1.848000,11
65,78,1.044000,11
65,79,2.243000,10
65,80,1.312000,7
65,81,1.450000,7
65,82,1.500000,8
65,83,1.967000,9
65,84,1.513000,9
65,85,2.567000,11
65,86,2.330000,11
65,87,1.996000,12
65,88,2.520000,13
65,89,1.744000,10
65,90,0.815000,9
65,91,1.600000,7
65,92,1.646000,7
65,93,1.714000,7
65,94,1.680000,9
65,95,1.456000,8
65,96,1.329000,5
66,1,2.438000,12
66,2,2.409000,11
66,3,2.461000,15
66,4,2.497000,14
66,5,2.341000,13
66,6,1.221000,10
66,7,1.682000,8
66,8,1.830000,10
66,9,2.272000,10
66,10,1.452000,8
66,11,1.765000,8
66,12,1.867000,8
66,13,2.846000,12
66,14,1.897000,9
66,15,2.293000,11
66,16,2.325000,11
66,17,1.946000,10
66,18,1.784000,13
66,19,2.842000,14
66,20,2.452000,13
66,21,2.060000,12
66,22,1.422000,7
66,23,1.926000,7
66,24,1.093000,7
66,25,1.423000,7
66,26,1.477000,7
66,27,2.796000,11
66,28,2.965000,16
66,29,3.672000,19
66,30,0.936000,10
66,31,2.476000,13
66,32,2.944000,14
66,33,2.766000,13
66,34,2.703000,13
66,35,1.451000,13
66,36,0.301000,13
66,37,2.750000,13
66,38,2.582000,13
66,39,2.447000,11
66,40,1.582000,8
66,41,2.435000,12
66,42,1.486000,11
66,43,1.764000,8
66,44,2.070000,8
66,45,1.947000,8
66,46,2.547000,10
66,47,2.334000,10
66,48,1.588000,10
66,49,1.945000,10
66,50,1.334000,5
66,51,0.600000,4
66,52,1.400000,4
66,53,2.227000,10
66,54,2.099000,10
66,55,1.960000,10
66,56,2.175000,10
66,57,1.910000,10
66,58,1.720000,9
66,59,1.740000,9
66,60,1.875000,7
66,61,1.490000,7
66,62,1.687000,8
66,63,1.972000,10
66,64,2.361000,11
66,65,2.609000,11
66,66,1.723000,9
66,67,3.335000,15
66,68,2.450000,13
66,69,2.555000,13
66,70,1.938000,12
66,71,1.321000,12
66,72,0.286000,10
66,73,2.175000,13
66,74,2.671000,12
66,75,1.774000,12
66,76,2.049000,8
66,77,2.796000,11
66,78,1.697000,10
66,79,2.185000,11
66,80,2.668000,11
66,81,1.724000,8
66,82,1.837000,7
66,83,2.457000,10
66,84,1.850000,7
66,85,2.308000,11
66,86,2.679000,13
66,87,2.560000,11
66,88,1.579000,7
66,89,1.737000,9
66,90,1.298000,9
66,91,2.161000,8
66,92,1.474000,7
66,93,2.006000,7
66,94,2.148000,9
66,95,1.892000,8
66,96,1.728000,5
67,1,2.225000,12
67,2,2.050000,11
67,3,2.724000,13
67,4,2.101000,9
67,5,2.211000,13
67,6,1.212000,10
67,7,1.809000,8
67,8,2.151000,10
67,9,2.025000,10
67,10,2.098000,8
67,11,1.603000,8
67,12,1.657000,8
67,13,2.486000,9
67,14,2.268000,11
67,15,2.247000,11
67,16,2.525000,11
67,17,2.072000,10
67,18,1.163000,13
67,19,2.153000,12
67,20,3.150000,14
67,21,2.509000,14
67,22,1.817000,7
67,23,1.372000,7
67,24,1.141000,7
67,25,1.476000,7
67,26,1.465000,7
67,27,2.205000,12
67,28,3.041000,16
67,29,3.180000,17
67,30,1.150000,10
67,31,2.484000,13
67,32,2.762000,14
67,33,2.349000,13
67,34,2.226000,13
67,35,1.364000,13
67,36,0.398000,13
67,37,2.391000,13
67,38,2.213000,13
67,39,1.872000,9
67,40,1.454000,8
67,41,2.715000,13
67,42,1.540000,9
67,43,2.070000,8
67,44,1.540000,8
67,45,1.808000,8
67,46,2.062000,10
67,47,1.792000,10
67,48,2.065000,10
67,49,1.825000,10
67,50,0.872000,5
67,51,1.252000,4
67,52,0.936000,4
67,53,1.956000,10
67,54,2.252000,10
67,55,2.067000,10
67,56,2.542000,11
67,57,2.296000,11
67,58,2.170000,9
67,59,2.019000,9
67,60,1.290000,9
67,61,1.281000,7
67,62,1.441000,7
67,63,2.120000,11
67,64,2.396000,10
67,65,2.321000,10
67,66,1.443000,9
67,67,2.488000,15
67,68,2.820000,13
67,69,2.338000,13
67,70,1.835000,12
67,71,2.102000,12
67,72,0.515000,10
67,73,2.124000,13
67,74,2.320000,12
67,75,2.372000,12
67,76,2.338000,13
67,77,1.467000,12
67,78,0.395000,11
67,79,1.664000,10
67,80,2.312000,10
67,81,1.711000,10
67,82,1.470000,7
67,83,2.127000,9
67,84,1.350000,9
67,85,2.256000,11
67,86,2.773000,13
67,87,2.816000,13
67,88,1.853000,9
67,89,1.724000,9
67,90,0.910000,9
67,91,1.418000,7
67,92,1.800000,7
67,93,2.095000,7
67,94,1.850000,9
67,95,1.796000,8
67,96,1.296000,5
68,1,1.672000,12
68,2,2.095000,11
68,3,2.286000,13
68,4,1.845000,7
68,5,2.247000,14
68,6,1.700000,10
68,7,1.912000,8
68,8,1.734000,10
68,9,2.022000,10
68,10,1.714000,8
68,11,1.762000,8
68,12,1.650000,8
68,13,2.038000,11
68,14,2.459000,11
68,15,2.482000,11
68,16,2.398000,11
68,17,1.838000,10
68,18,1.060000,13
68,19,2.887000,14
68,20,2.058000,12
68,21,2.343000,12
68,22,1.593000,7
68,23,1.580000,7
68,24,1.341000,7
68,25,1.651000,7
68,26,1.210000,7
68,27,1.821000,12
68,28,2.490000,16
68,29,2.800000,15
68,30,1.693000,10
68,31,2.860000,13
68,32,2.611000,14
68,33,2.289000,13
68,34,2.168000,13
68,35,2.030000,13
68,36,0.663000,13
68,37,2.565000,13
68,38,2.451000,13
68,39,1.880000,9
68,40,1.641000,8
68,41,1.628000,9
68,42,1.280000,9
68,43,2.014000,8
68,44,1.829000,8
68,45,1.628000,8
68,46,2.220000,10
68,47,1.922000,10
68,48,1.641000,10
68,49,2.427000,10
68,50,1.149000,5
68,51,0.905000,4
68,52,1.072000,4
68,53,1.946000,10
68,54,2.019000,10
68,55,2.213000,10
68,56,2.102000,10
68,57,2.489000,10
68,58,1.716000,9
68,59,1.850000,9
68,60,1.368000,9
68,61,1.394000,7
68,62,1.243000,7
68,63,2.111000,10
68,64,2.457000,11
68,65,2.010000,11
68,66,2.146000,11
68,67,2.414000,15
68,68,2.638000,13
68,69,2.448000,13
68,70,2.112000,12
68,71,0.991000,12
68,72,0.294000,10
68,73,2.565000,13
68,74,2.263000,12
68,75,2.363000,12
68,76,2.450000,12
68,77,1.757000,11
68,78,0.800000,10
68,79,2.075000,11
68,80,2.370000,11
68,81,2.122000,8
68,82,1.654000,7
68,83,1.763000,9
68,84,0.612000,9
68,85,1.678000,11
68,86,2.340000,13
68,87,2.609000,12
68,88,1.884000,11
68,89,1.810000,9
68,90,1.518000,9
68,91,1.703000,8
68,92,1.272000,7
68,93,1.633000,7
68,94,1.414000,8
68,95,1.958000,8
68,96,0.813000,5
69,1,2.003000,12
69,2,2.983000,11
69,3,2.840000,13
69,4,2.414000,11
69,5,1.972000,13
69,6,1.192000,10
69,7,1.896000,8
69,8,2.393000,10
69,9,1.906000,10
69,10,2.016000,8
69,11,1.753000,8
69,12,1.979000,8
69,13,2.000000,9
69,14,2.722000,11
69,15,1.965000,11
69,16,2.338000,11
69,17,1.947000,10
69,18,1.067000,13
69,19,3.110000,14
69,20,2.874000,13
69,21,3.294000,14
69,22,1.352000,7
69,23,1.608000,7
69,24,1.154000,7
69,25,1.278000,7
69,26,2.280000,7
69,27,2.515000,12
69,28,3.487000,16
69,29,2.370000,15
69,30,1.388000,11
69,31,2.517000,13
69,32,3.127000,14
69,33,2.522000,13
69,34,2.671000,13
69,35,2.105000,13
69,36,0.874000,13
69,37,3.132000,13
69,38,2.978000,13
69,39,1.893000,9
69,40,1.426000,8
69,41,1.754000,9
69,42,1.771000,9
69,43,1.888000,8
69,44,2.443000,8
69,45,1.559000,8
69,46,2.240000,10
69,47,2.060000,10
69,48,2.294000,10
69,49,2.207000,10
69,50,1.322000,5
69,51,1.527000,4
69,52,1.047000,4
69,53,2.462000,10
69,54,2.082000,10
69,55,1.799000,10
69,56,2.018000,11
69,57,2.624000,11
69,58,1.726000,9
69,59,2.284000,9
69,60,1.721000,9
69,61,1.482000,7
69,62,1.941000,7
69,63,2.428000,11
69,64,2.621000,10
69,65,2.082000,10
69,66,2.092000,12
69,67,3.250000,15
69,68,2.950000,13
69,69,2.473000,13
69,70,2.128000,12
69,71,1.612000,12
69,72,0.780000,10
69,73,3.080000,13
69,74,2.768000,12
69,75,2.306000,12
69,76,1.995000,13
69,77,1.920000,11
69,78,1.619000,11
69,79,2.618000,10
69,80,2.624000,10
69,81,2.368000,10
69,82,1.630000,7
69,83,2.107000,9
69,84,1.730000,9
69,85,2.378000,11
69,86,2.629000,13
69,87,4.786000,13
69,88,2.299000,11
69,89,1.068000,9
69,90,0.263000,9
69,91,1.735000,7
69,92,1.724000,7
69,93,1.901000,7
69,94,1.426000,8
69,95,1.671000,8
69,96,0.966000,5
70,1,2.620000,12
70,2,2.026000,11
70,3,2.341000,13
70,4,3.600000,14
70,5,2.335000,13
70,6,1.113000,10
70,7,2.216000,8
70,8,2.186000,10
70,9,1.992000,10
70,10,1.854000,8
70,11,1.892000,8
70,12,2.590000,8
70,13,2.842000,11
70,14,2.605000,11
70,15,2.060000,11
70,16,2.302000,11
70,17,2.176000,10
70,18,2.185000,13
70,19,3.177000,13
70,20,2.401000,11
70,21,2.134000,12
70,22,2.199000,7
70,23,2.086000,7
70,24,1.139000,7
70,25,1.719000,7
70,26,2.279000,7
70,27,1.940000,12
70,28,2.525000,15
70,29,2.791000,16
70,30,2.146000,11
70,31,2.851000,13
70,32,2.865000,14
70,33,2.303000,13
70,34,2.868000,13
70,35,2.398000,13
70,36,1.076000,13
70,37,3.121000,13
70,38,2.712000,13
70,39,1.807000,9
70,40,2.058000,8
70,41,2.154000,9
70,42,2.211000,13
70,43,1.540000,8
70,44,1.790000,8
70,45,1.698000,8
70,46,2.207000,10
70,47,2.554000,10
70,48,2.778000,10
70,49,2.869000,10
70,50,1.394000,5
70,51,1.026000,4
70,52,0.884000,4
70,53,1.982000,10
70,54,2.085000,10
70,55,2.610000,10
70,56,1.640000,10
70,57,1.953000,10
70,58,1.645000,9
70,59,2.582000,9
70,60,1.992000,9
70,61,2.029000,7
70,62,1.481000,7
70,63,1.963000,10
70,64,2.567000,10
70,65,2.750000,11
70,66,1.407000,11
70,67,3.487000,15
70,68,2.771000,13
70,69,1.994000,13
70,70,2.911000,12
70,71,2.136000,12
70,72,1.017000,10
70,73,2.851000,13
70,74,2.375000,12
70,75,2.557000,12
70,76,2.355000,13
70,77,2.604000,11
70,78,1.502000,10
70,79,2.842000,11
70,80,2.091000,11
70,81,1.612000,8
70,82,1.689000,7
70,83,1.974000,9
70,84,1.841000,9
70,85,2.571000,11
70,86,2.226000,13
70,87,2.078000,13
70,88,1.967000,11
70,89,2.236000,9
70,90,2.204000,9
70,91,1.891000,8
70,92,1.700000,7
70,93,1.492000,7
70,94,1.411000,8
70,95,1.747000,8
70,96,1.050000,5
71,1,2.408000,12
71,2,1.952000,11
71,3,3.132000,14
71,4,2.538000,14
71,5,2.910000,13
71,6,1.929000,10
71,7,2.125000,9
71,8,2.134000,8
71,9,2.299000,9
71,10,2.138000,10
71,11,2.997000,12
71,12,2.565000,12
71,13,2.454000,9
71,14,2.675000,11
71,15,2.491000,10
71,16,2.750000,13
71,17,2.659000,13
71,18,2.256000,14
71,19,3.234000,14
71,20,2.546000,11
71,21,2.889000,14
71,22,1.867000,7
71,23,1.799000,7
71,24,2.056000,7
71,25,1.921000,7
71,26,2.502000,11
71,27,2.386000,12
71,28,3.121000,16
71,29,2.999000,16
71,30,1.834000,11
71,31,2.884000,13
71,32,2.812000,14
71,33,3.288000,14
71,34,2.689000,13
71,35,2.080000,13
71,36,1.574000,13
71,37,2.924000,13
71,38,2.647000,13
71,39,2.524000,9
71,40,2.012000,11
71,41,1.964000,12
71,42,0.261000,9
71,43,2.683000,11
71,44,2.399000,8
71,45,1.968000,8
71,46,2.689000,10
71,47,2.013000,10
71,48,2.188000,10
71,49,2.539000,10
71,50,2.055000,5
71,51,1.519000,4
71,52,1.079000,4
71,53,2.343000,10
71,54,2.218000,10
71,55,2.467000,10
71,56,2.765000,10
71,57,2.971000,11
71,58,1.933000,10
71,59,2.504000,10
71,60,1.551000,10
71,61,2.682000,10
71,62,2.111000,10
71,63,2.668000,11
71,64,2.097000,11
71,65,1.635000,9
71,66,2.284000,11
71,67,3.676000,17
71,68,2.767000,13
71,69,3.022000,13
71,70,2.478000,13
71,71,2.258000,12
71,72,1.031000,10
71,73,2.857000,13
71,74,2.385000,12
71,75,2.432000,12
71,76,3.185000,13
71,77,2.616000,11
71,78,1.445000,11
71,79,2.884000,10
71,80,2.527000,10
71,81,2.869000,10
71,82,2.480000,10
71,83,2.050000,9
71,84,1.764000,7
71,85,2.671000,11
71,86,2.432000,13
71,87,2.306000,11
71,88,3.339000,13
71,89,1.833000,9
71,90,1.766000,9
71,91,2.402000,9
71,92,2.408000,12
71,93,2.495000,12
71,94,2.248000,8
71,95,1.853000,8
71,96,1.317000,5
72,1,2.776000,12
72,2,3.864000,11
72,3,3.821000,14
72,4,4.541000,14
72,5,3.558000,13
72,6,2.062000,10
72,7,2.780000,9
72,8,2.839000,8
72,9,3.046000,9
72,10,3.552000,10
72,11,3.587000,11
72,12,3.832000,11
72,13,3.139000,11
72,14,3.557000,9
72,15,3.104000,10
72,16,4.593000,13
72,17,3.492000,13
72,18,3.182000,14
72,19,3.439000,14
72,20,4.232000,11
72,21,3.306000,14
72,22,3.178000,7
72,23,2.252000,7
72,24,2.799000,7
72,25,2.087000,7
72,26,3.109000,12
72,27,4.051000,12
72,28,4.929000,16
72,29,4.403000,17
72,30,1.865000,11
72,31,3.090000,13
72,32,4.385000,14
72,33,4.658000,14
72,34,3.944000,13
72,35,4.155000,13
72,36,1.351000,13
72,37,3.336000,13
72,38,4.551000,13
72,39,3.469000,13
72,40,4.930000,13
72,41,3.428000,11
72,42,1.059000,9
72,43,3.108000,13
72,44,3.235000,8
72,45,2.379000,8
72,46,4.131000,10
72,47,3.189000,10
72,48,3.548000,10
72,49,2.773000,10
72,50,2.398000,5
72,51,1.903000,4
72,52,1.494000,4
72,53,3.630000,10
72,54,3.445000,10
72,55,2.411000,10
72,56,3.572000,10
72,57,3.123000,10
72,58,4.161000,10
72,59,3.292000,11
72,60,3.736000,11
72,61,2.689000,11
72,62,3.299000,11
72,63,2.936000,10
72,64,3.459000,10
72,65,3.679000,11
72,66,3.795000,12
72,67,3.266000,17
72,68,4.983000,13
72,69,3.881000,13
72,70,3.505000,12
72,71,2.127000,12
72,72,0.572000,10
72,73,2.918000,13
72,74,3.580000,12
72,75,3.144000,12
72,76,4.737000,13
72,77,3.379000,11
72,78,2.285000,8
72,79,2.945000,11
72,80,3.176000,10
72,81,3.623000,10
72,82,3.914000,11
72,83,3.138000,9
72,84,0.923000,7
72,85,2.721000,11
72,86,4.294000,13
72,87,2.972000,11
72,88,4.742000,13
72,89,2.810000,9
72,90,2.868000,9
72,91,2.097000,9
72,92,2.450000,7
72,93,3.017000,7
72,94,2.517000,8
72,95,3.499000,8
72,96,1.461000,5
73,1,4.212000,12
73,2,3.781000,11
73,3,3.712000,14
73,4,4.242000,14
73,5,3.919000,13
73,6,0.799000,10
73,7,3.777000,9
73,8,2.528000,8
73,9,3.250000,9
73,10,2.911000,10
73,11,3.621000,11
73,12,2.321000,9
73,13,3.781000,9
73,14,4.210000,11
73,15,3.097000,10
73,16,3.792000,13
73,17,3.682000,13
73,18,2.058000,14
73,19,4.978000,14
73,20,3.461000,11
73,21,4.276000,14
73,22,2.679000,7
73,23,2.289000,7
73,24,2.134000,7
73,25,2.164000,7
73,26,3.457000,12
73,27,3.452000,12
73,28,4.488000,16
73,29,4.743000,16
73,30,2.163000,13
73,31,4.615000,13
73,32,4.537000,14
73,33,3.889000,14
73,34,3.573000,13
73,35,3.259000,13
73,36,1.026000,13
73,37,4.553000,13
73,38,4.114000,13
73,39,2.751000,9
73,40,2.539000,9
73,41,3.381000,11
73,42,2.098000,9
73,43,3.275000,9
73,44,2.869000,8
73,45,2.806000,8
73,46,3.046000,10
73,47,2.717000,10
73,48,3.555000,10
73,49,4.209000,10
73,50,1.951000,5
73,51,1.521000,4
73,52,1.406000,4
73,53,3.441000,10
73,54,2.905000,10
73,55,3.710000,10
73,56,3.140000,10
73,57,2.968000,10
73,58,3.376000,10
73,59,3.131000,10
73,60,3.103000,10
73,61,3.620000,10
73,62,2.850000,10
73,63,3.051000,11
73,64,3.410000,11
73,65,2.876000,9
73,66,3.188000,12
73,67,5.470000,17
73,68,4.081000,13
73,69,3.942000,13
73,70,3.606000,12
73,71,2.744000,12
73,72,1.026000,10
73,73,3.923000,13
73,74,3.805000,12
73,75,3.036000,12
73,76,3.928000,13
73,77,2.942000,11
73,78,2.259000,11
73,79,3.310000,10
73,80,3.356000,11
73,81,3.150000,11
73,82,2.916000,10
73,83,3.418000,9
73,84,2.406000,7
73,85,3.945000,11
73,86,4.209000,13
73,87,3.343000,12
73,88,3.700000,13
73,89,2.888000,9
73,90,1.820000,9
73,91,3.632000,9
73,92,2.945000,7
73,93,2.679000,7
73,94,2.545000,9
73,95,2.984000,8
73,96,2.260000,5
74,1,3.195000,12
74,2,2.353000,11
74,3,2.766000,14
74,4,3.341000,14
74,5,1.903000,13
74,6,1.022000,10
74,7,2.709000,9
74,8,1.670000,8
74,9,2.024000,9
74,10,2.066000,10
74,11,2.163000,12
74,12,2.168000,12
74,13,3.691000,11
74,14,2.288000,11
74,15,2.333000,10
74,16,3.023000,13
74,17,2.111000,13
74,18,1.297000,14
74,19,3.830000,14
74,20,2.167000,11
74,21,2.892000,12
74,22,1.463000,7
74,23,1.447000,7
74,24,0.759000,7
74,25,2.893000,7
74,26,2.339000,12
74,27,2.291000,12
74,28,3.272000,16
74,29,2.775000,17
74,30,1.256000,13
74,31,3.779000,13
74,32,2.838000,14
74,33,3.145000,14
74,34,2.161000,13
74,35,1.801000,13
74,36,1.304000,13
74,37,3.748000,13
74,38,2.744000,13
74,39,2.073000,9
74,40,1.966000,9
74,41,2.607000,11
74,42,0.934000,9
74,43,3.417000,12
74,44,1.965000,8
74,45,1.759000,8
74,46,2.236000,10
74,47,2.102000,10
74,48,1.788000,10
74,49,3.118000,10
74,50,1.095000,5
74,51,0.840000,4
74,52,1.256000,4
74,53,2.805000,10
74,54,2.218000,10
74,55,2.898000,10
74,56,2.440000,10
74,57,2.345000,10
74,58,1.920000,10
74,59,2.279000,11
74,60,1.456000,11
74,61,3.270000,11
74,62,1.763000,8
74,63,2.399000,10
74,64,2.448000,10
74,65,2.069000,11
74,66,1.814000,12
74,67,4.102000,16
74,68,2.685000,13
74,69,2.778000,13
74,70,2.734000,12
74,71,1.425000,12
74,72,1.039000,10
74,73,3.901000,13
74,74,2.188000,12
74,75,2.152000,12
74,76,2.641000,13
74,77,1.882000,11
74,78,1.024000,8
74,79,3.125000,11
74,80,2.730000,10
74,81,2.279000,10
74,82,1.718000,10
74,83,1.814000,9
74,84,1.360000,7
74,85,3.195000,11
74,86,2.527000,13
74,87,2.837000,13
74,88,1.830000,7
74,89,1.779000,9
74,90,1.624000,9
74,91,2.795000,9
74,92,2.001000,7
74,93,1.874000,7
74,94,1.784000,9
74,95,1.928000,8
74,96,1.060000,5
75,1,3.841000,12
75,2,3.078000,11
75,3,3.731000,14
75,4,4.140000,14
75,5,2.450000,13
75,6,1.305000,10
75,7,2.973000,9
75,8,2.553000,8
75,9,3.079000,9
75,10,3.058000,10
75,11,2.402000,9
75,12,2.087000,9
75,13,3.245000,9
75,14,2.692000,9
75,15,3.140000,10
75,16,4.227000,13
75,17,3.031000,13
75,18,1.371000,14
75,19,4.481000,14
75,20,3.314000,11
75,21,3.176000,12
75,22,2.457000,7
75,23,1.948000,7
75,24,1.347000,7
75,25,2.425000,7
75,26,3.290000,12
75,27,3.702000,12
75,28,4.093000,16
75,29,2.796000,11
75,30,2.084000,13
75,31,4.167000,13
75,32,4.471000,14
75,33,3.856000,14
75,34,3.282000,13
75,35,2.646000,13
75,36,0.902000,13
75,37,4.019000,13
75,38,4.360000,13
75,39,2.279000,9
75,40,2.155000,9
75,41,2.187000,11
75,42,1.672000,13
75,43,2.907000,9
75,44,2.297000,8
75,45,2.726000,8
75,46,2.803000,10
75,47,2.730000,10
75,48,2.542000,10
75,49,3.639000,10
75,50,1.495000,5
75,51,2.000000,4
75,52,1.274000,4
75,53,2.717000,10
75,54,2.571000,10
75,55,3.312000,10
75,56,3.241000,10
75,57,3.204000,10
75,58,3.288000,10
75,59,2.480000,10
75,60,1.991000,10
75,61,3.454000,10
75,62,3.674000,10
75,63,3.093000,11
75,64,3.574000,10
75,65,2.057000,9
75,66,2.035000,12
75,67,5.550000,18
75,68,4.159000,13
75,69,4.124000,13
75,70,2.776000,12
75,71,1.662000,12
75,72,0.862000,10
75,73,3.836000,13
75,74,3.292000,12
75,75,3.131000,12
75,76,3.324000,13
75,77,2.461000,11
75,78,1.638000,11
75,79,3.580000,10
75,80,3.160000,11
75,81,3.422000,11
75,82,3.633000,11
75,83,2.385000,9
75,84,1.718000,7
75,85,3.486000,11
75,86,3.852000,13
75,87,3.481000,12
75,88,2.620000,7
75,89,3.135000,9
75,90,1.781000,9
75,91,2.198000,7
75,92,3.172000,7
75,93,2.564000,7
75,94,3.045000,9
75,95,2.821000,8
75,96,1.346000,5
76,1,3.153000,12
76,2,3.551000,11
76,3,4.513000,14
76,4,4.299000,15
76,5,4.310000,13
76,6,1.833000,10
76,7,2.987000,9
76,8,2.651000,8
76,9,3.082000,8
76,10,3.916000,9
76,11,3.917000,11
76,12,3.182000,9
76,13,2.995000,11
76,14,3.708000,11
76,15,3.989000,13
76,16,4.232000,13
76,17,4.826000,14
76,18,2.045000,14
76,19,4.407000,14
76,20,2.837000,11
76,21,3.507000,14
76,22,4.135000,11
76,23,3.345000,11
76,24,1.286000,7
76,25,3.646000,10
76,26,3.801000,12
76,27,4.092000,12
76,28,4.977000,16
76,29,4.585000,19
76,30,1.057000,12
76,31,3.952000,13
76,32,4.758000,13
76,33,3.862000,14
76,34,4.452000,13
76,35,3.496000,13
76,36,1.521000,13
76,37,3.638000,13
76,38,3.801000,13
76,39,3.227000,9
76,40,2.777000,9
76,41,3.593000,12
76,42,3.593000,11
76,43,2.515000,9
76,44,2.640000,8
76,45,2.428000,8
76,46,2.536000,8
76,47,3.870000,10
76,48,3.741000,10
76,49,3.425000,10
76,50,2.188000,5
76,51,1.626000,4
76,52,2.136000,4
76,53,3.769000,10
76,54,3.620000,10
76,55,3.642000,10
76,56,3.713000,10
76,57,3.493000,10
76,58,3.302000,10
76,59,3.046000,11
76,60,1.502000,11
76,61,3.422000,11
76,62,3.868000,11
76,63,3.169000,10
76,64,3.733000,11
76,65,4.390000,10
76,66,2.583000,13
76,67,5.827000,19
76,68,4.178000,13
76,69,3.755000,13
76,70,4.452000,12
76,71,2.785000,12
76,72,0.562000,10
76,73,3.375000,13
76,74,3.620000,12
76,75,3.384000,12
76,76,4.117000,13
76,77,4.406000,12
76,78,1.882000,8
76,79,3.644000,11
76,80,3.692000,10
76,81,3.947000,10
76,82,3.218000,10
76,83,3.424000,10
76,84,2.334000,7
76,85,3.411000,11
76,86,4.488000,13
76,87,4.315000,12
76,88,3.521000,11
76,89,4.008000,12
76,90,1.597000,9
76,91,3.147000,8
76,92,2.731000,9
76,93,2.856000,9
76,94,3.220000,9
76,95,4.159000,8
76,96,2.593000,5
77,1,4.151000,12
77,2,4.030000,11
77,3,4.209000,14
77,4,4.556000,14
77,5,2.705000,13
77,6,1.204000,10
77,7,3.263000,9
77,8,3.038000,8
77,9,2.487000,8
77,10,3.925000,10
77,11,4.208000,12
77,12,2.716000,12
77,13,4.255000,11
77,14,3.700000,11
77,15,4.012000,13
77,16,4.219000,14
77,17,3.080000,14
77,18,1.301000,14
77,19,5.165000,14
77,20,3.937000,11
77,21,3.961000,12
77,22,3.532000,12
77,23,2.861000,12
77,24,1.116000,7
77,25,4.026000,12
77,26,3.973000,12
77,27,4.320000,12
77,28,5.049000,17
77,29,3.148000,19
77,30,1.038000,12
77,31,4.406000,13
77,32,4.325000,13
77,33,4.551000,14
77,34,3.486000,13
77,35,3.322000,13
77,36,1.278000,13
77,37,4.264000,13
77,38,3.686000,13
77,39,3.154000,9
77,40,3.790000,12
77,41,3.487000,12
77,42,1.698000,9
77,43,3.176000,9
77,44,2.775000,8
77,45,2.415000,8
77,46,2.712000,8
77,47,3.100000,10
77,48,3.402000,10
77,49,3.970000,10
77,50,1.977000,5
77,51,1.462000,4
77,52,1.695000,4
77,53,3.437000,10
77,54,3.571000,10
77,55,3.187000,10
77,56,3.323000,10
77,57,3.323000,10
77,58,3.551000,10
77,59,3.118000,10
77,60,2.654000,10
77,61,3.891000,10
77,62,3.898000,10
77,63,3.639000,11
77,64,2.965000,10
77,65,3.499000,11
77,66,2.410000,13
77,67,5.854000,20
77,68,4.137000,13
77,69,4.354000,13
77,70,3.002000,12
77,71,2.440000,12
77,72,0.929000,10
77,73,4.370000,13
77,74,3.708000,12
77,75,4.041000,12
77,76,3.753000,13
77,77,1.777000,12
77,78,0.940000,11
77,79,4.175000,10
77,80,3.290000,10
77,81,3.167000,10
77,82,3.129000,10
77,83,2.768000,10
77,84,1.937000,7
77,85,4.048000,11
77,86,4.261000,13
77,87,3.996000,12
77,88,2.519000,9
77,89,3.170000,10
77,90,1.958000,9
77,91,3.281000,8
77,92,3.228000,8
77,93,2.898000,8
77,94,3.198000,9
77,95,2.713000,8
77,96,1.857000,5
78,1,3.077000,12
78,2,2.946000,11
78,3,3.321000,14
78,4,4.026000,14
78,5,2.667000,13
78,6,1.952000,10
78,7,2.209000,9
78,8,2.010000,8
78,9,2.569000,8
78,10,3.422000,10
78,11,3.167000,11
78,12,2.230000,9
78,13,3.623000,11
78,14,2.825000,11
78,15,3.054000,13
78,16,4.170000,14
78,17,2.688000,14
78,18,0.861000,14
78,19,3.437000,14
78,20,3.127000,11
78,21,3.137000,14
78,22,3.698000,12
78,23,2.850000,12
78,24,1.654000,7
78,25,2.714000,12
78,26,2.718000,12
78,27,2.999000,12
78,28,5.098000,18
78,29,3.745000,19
78,30,1.514000,12
78,31,3.631000,13
78,32,3.519000,13
78,33,3.883000,14
78,34,3.754000,13
78,35,2.899000,13
78,36,1.192000,13
78,37,3.622000,13
78,38,3.449000,13
78,39,3.275000,9
78,40,3.245000,9
78,41,2.602000,12
78,42,1.828000,9
78,43,2.557000,9
78,44,2.238000,8
78,45,2.268000,8
78,46,2.195000,8
78,47,3.071000,10
78,48,2.251000,10
78,49,2.227000,10
78,50,1.634000,5
78,51,1.647000,4
78,52,1.390000,4
78,53,2.968000,10
78,54,3.441000,10
78,55,2.945000,10
78,56,2.807000,10
78,57,3.101000,10
78,58,3.399000,10
78,59,2.375000,11
78,60,1.921000,11
78,61,3.056000,11
78,62,3.156000,11
78,63,2.909000,10
78,64,3.460000,10
78,65,2.412000,9
78,66,2.701000,13
78,67,5.574000,20
78,68,4.238000,15
78,69,3.810000,13
78,70,2.689000,12
78,71,2.077000,12
78,72,0.618000,10
78,73,3.624000,13
78,74,3.325000,12
78,75,3.390000,12
78,76,3.567000,13
78,77,2.509000,12
78,78,1.682000,8
78,79,2.874000,10
78,80,2.612000,10
78,81,2.770000,10
78,82,3.323000,10
78,83,2.957000,10
78,84,1.691000,7
78,85,3.007000,11
78,86,4.018000,13
78,87,2.685000,12
78,88,2.702000,9
78,89,2.727000,10
78,90,2.155000,9
78,91,2.094000,9
78,92,2.410000,9
78,93,2.919000,9
78,94,3.270000,9
78,95,2.970000,8
78,96,1.775000,5
79,1,3.265000,12
79,2,3.881000,11
79,3,4.514000,14
79,4,4.096000,14
79,5,4.546000,13
79,6,1.962000,10
79,7,2.735000,9
79,8,2.826000,8
79,9,2.558000,8
79,10,3.990000,10
79,11,3.726000,11
79,12,4.851000,12
79,13,3.316000,11
79,14,3.449000,11
79,15,3.625000,13
79,16,4.253000,14
79,17,4.818000,14
79,18,3.037000,14
79,19,3.897000,14
79,20,3.701000,11
79,21,3.893000,12
79,22,3.742000,12
79,23,4.610000,12
79,24,1.800000,7
79,25,2.391000,7
79,26,3.863000,12
79,27,3.056000,12
79,28,5.816000,18
79,29,6.482000,20
79,30,0.887000,12
79,31,3.881000,13
79,32,3.792000,13
79,33,4.407000,14
79,34,4.145000,13
79,35,3.804000,13
79,36,2.210000,13
79,37,3.603000,13
79,38,4.259000,13
79,39,3.266000,9
79,40,2.915000,9
79,41,4.405000,12
79,42,2.865000,9
79,43,2.574000,9
79,44,2.676000,8
79,45,2.708000,8
79,46,2.207000,8
79,47,3.924000,10
79,48,3.930000,10
79,49,3.599000,10
79,50,2.153000,5
79,51,1.755000,4
79,52,1.741000,4
79,53,3.305000,10
79,54,3.228000,10
79,55,3.282000,10
79,56,3.408000,10
79,57,3.251000,10
79,58,4.159000,10
79,59,3.943000,10
79,60,3.629000,10
79,61,3.196000,10
79,62,4.051000,10
79,63,2.953000,10
79,64,3.768000,11
79,65,4.553000,11
79,66,3.503000,13
79,67,4.763000,18
79,68,4.504000,14
79,69,4.135000,13
79,70,4.558000,13
79,71,3.701000,12
79,72,1.019000,10
79,73,2.937000,13
79,74,3.324000,12
79,75,3.643000,12
79,76,3.805000,13
79,77,3.954000,12
79,78,3.304000,11
79,79,3.439000,11
79,80,3.374000,10
79,81,3.400000,10
79,82,3.456000,10
79,83,3.530000,10
79,84,2.594000,7
79,85,3.248000,11
79,86,4.421000,13
79,87,4.103000,12
79,88,3.089000,9
79,89,3.906000,10
79,90,2.892000,9
79,91,3.014000,9
79,92,2.649000,8
79,93,2.322000,8
79,94,2.731000,9
79,95,3.510000,8
79,96,2.470000,5
80,1,3.504000,12
80,2,3.640000,11
80,3,4.031000,14
80,4,3.892000,14
80,5,3.184000,13
80,6,2.130000,10
80,7,3.208000,9
80,8,2.356000,8
80,9,3.125000,8
80,10,3.308000,10
80,11,3.516000,12
80,12,2.631000,9
80,13,3.592000,11
80,14,3.826000,11
80,15,4.665000,13
80,16,4.406000,14
80,17,3.200000,14
80,18,1.468000,14
80,19,3.942000,14
80,20,4.135000,11
80,21,4.297000,12
80,22,2.782000,12
80,23,3.007000,12
80,24,1.817000,7
80,25,2.331000,7
80,26,3.774000,12
80,27,3.769000,12
80,28,4.802000,16
80,29,4.812000,20
80,30,1.572000,12
80,31,3.810000,13
80,32,4.382000,13
80,33,4.850000,14
80,34,3.938000,13
80,35,3.209000,13
80,36,1.167000,13
80,37,3.810000,13
80,38,4.547000,13
80,39,2.991000,9
80,40,2.561000,9
80,41,3.147000,12
80,42,1.864000,9
80,43,2.753000,9
80,44,2.809000,8
80,45,3.231000,8
80,46,2.624000,8
80,47,3.240000,10
80,48,2.877000,10
80,49,3.810000,10
80,50,2.392000,5
80,51,2.224000,4
80,52,1.940000,4
80,53,2.776000,10
80,54,2.938000,10
80,55,3.597000,10
80,56,3.899000,10
80,57,3.666000,10
80,58,3.210000,10
80,59,3.333000,10
80,60,2.453000,11
80,61,3.026000,11
80,62,4.124000,11
80,63,4.202000,11
80,64,2.968000,10
80,65,2.931000,9
80,66,3.085000,13
80,67,5.814000,18
80,68,5.589000,15
80,69,3.282000,13
80,70,3.126000,12
80,71,2.596000,12
80,72,0.894000,10
80,73,4.010000,13
80,74,3.979000,11
80,75,3.844000,12
80,76,3.544000,13
80,77,2.795000,12
80,78,1.960000,8
80,79,3.259000,10
80,80,3.218000,10
80,81,3.330000,10
80,82,3.321000,10
80,83,3.054000,10
80,84,2.089000,7
80,85,3.586000,11
80,86,4.417000,13
80,87,3.917000,12
80,88,2.878000,10
80,89,2.680000,9
80,90,2.238000,9
80,91,2.475000,9
80,92,3.526000,11
80,93,4.209000,11
80,94,2.329000,9
80,95,2.759000,8
80,96,2.282000,5
81,1,3.944000,12
81,2,3.423000,11
81,3,4.835000,14
81,4,4.200000,15
81,5,2.940000,13
81,6,1.710000,10
81,7,3.737000,9
81,8,2.884000,9
81,9,2.164000,8
81,10,3.574000,9
81,11,3.766000,11
81,12,3.221000,13
81,13,3.783000,11
81,14,3.226000,11
81,15,4.273000,13
81,16,4.917000,14
81,17,3.656000,14
81,18,2.109000,14
81,19,5.052000,14
81,20,2.998000,11
81,21,4.348000,15
81,22,3.411000,12
81,23,3.125000,12
81,24,2.048000,9
81,25,3.653000,7
81,26,3.425000,12
81,27,4.164000,14
81,28,3.364000,10
81,29,4.616000,18
81,30,2.376000,13
81,31,5.019000,13
81,32,4.359000,13
81,33,4.545000,14
81,34,4.085000,14
81,35,3.066000,13
81,36,0.646000,13
81,37,4.008000,13
81,38,4.515000,13
81,39,5.175000,13
81,40,2.660000,9
81,41,2.833000,12
81,42,1.398000,11
81,43,4.842000,13
81,44,3.215000,11
81,45,3.423000,8
81,46,3.531000,8
81,47,3.074000,10
81,48,2.525000,10
81,49,3.866000,10
81,50,2.093000,5
81,51,1.654000,4
81,52,1.689000,4
81,53,3.922000,10
81,54,2.826000,10
81,55,4.439000,10
81,56,3.417000,10
81,57,2.881000,10
81,58,3.385000,10
81,59,2.795000,10
81,60,2.096000,10
81,61,4.440000,10
81,62,4.207000,10
81,63,4.319000,10
81,64,3.306000,10
81,65,2.572000,10
81,66,2.116000,13
81,67,7.380000,21
81,68,4.804000,13
81,69,3.808000,14
81,70,2.707000,12
81,71,2.132000,12
81,72,0.545000,10
81,73,4.930000,13
81,74,3.226000,12
81,75,4.720000,13
81,76,3.801000,13
81,77,2.736000,12
81,78,1.828000,9
81,79,4.630000,11
81,80,3.396000,10
81,81,3.589000,10
81,82,3.799000,10
81,83,2.983000,10
81,84,1.890000,7
81,85,4.445000,11
81,86,3.872000,13
81,87,3.706000,11
81,88,4.890000,15
81,89,2.640000,10
81,90,1.932000,9
81,91,4.436000,9
81,92,3.765000,10
81,93,3.940000,11
81,94,4.058000,14
81,95,2.535000,8
81,96,1.439000,5
82,1,2.917000,12
82,2,3.650000,13
82,3,4.728000,14
82,4,4.936000,15
82,5,3.226000,13
82,6,1.941000,10
82,7,2.947000,9
82,8,2.566000,9
82,9,2.541000,8
82,10,2.971000,9
82,11,2.856000,9
82,12,2.769000,9
82,13,3.659000,11
82,14,4.163000,11
82,15,4.629000,13
82,16,4.097000,14
82,17,1.962000,14
82,18,0.405000,14
82,19,3.558000,14
82,20,2.790000,11
82,21,4.177000,14
82,22,3.069000,12
82,23,3.686000,12
82,24,2.861000,11
82,25,2.609000,7
82,26,3.462000,12
82,27,5.149000,13
82,28,4.669000,17
82,29,4.404000,18
82,30,1.855000,13
82,31,4.178000,17
82,32,4.321000,13
82,33,4.070000,14
82,34,4.134000,14
82,35,3.482000,13
82,36,1.825000,13
82,37,3.421000,13
82,38,4.276000,13
82,39,4.144000,12
82,40,3.765000,13
82,41,3.342000,12
82,42,2.070000,11
82,43,2.671000,9
82,44,4.200000,13
82,45,2.540000,8
82,46,2.743000,8
82,47,3.149000,10
82,48,4.085000,10
82,49,3.121000,10
82,50,1.774000,5
82,51,1.394000,4
82,52,1.344000,4
82,53,3.538000,10
82,54,2.929000,10
82,55,2.527000,10
82,56,2.833000,10
82,57,3.594000,10
82,58,3.242000,10
82,59,3.033000,10
82,60,3.369000,11
82,61,3.190000,11
82,62,3.654000,11
82,63,3.794000,10
82,64,2.959000,11
82,65,3.247000,11
82,66,4.001000,13
82,67,6.018000,21
82,68,4.586000,12
82,69,3.717000,14
82,70,3.652000,12
82,71,2.520000,12
82,72,1.589000,10
82,73,3.591000,13
82,74,3.630000,13
82,75,4.097000,13
82,76,3.494000,13
82,77,4.095000,13
82,78,2.006000,8
82,79,2.611000,10
82,80,3.036000,10
82,81,3.222000,10
82,82,3.385000,10
82,83,2.811000,10
82,84,3.133000,7
82,85,3.370000,11
82,86,3.760000,13
82,87,3.493000,11
82,88,3.300000,13
82,89,2.967000,10
82,90,2.836000,9
82,91,3.417000,9
82,92,3.760000,11
82,93,3.803000,11
82,94,3.865000,14
82,95,3.400000,8
82,96,1.811000,5
83,1,3.392000,12
83,2,3.988000,13
83,3,3.868000,14
83,4,4.769000,15
83,5,4.401000,13
83,6,1.929000,10
83,7,3.464000,9
83,8,3.242000,9
83,9,2.195000,8
83,10,3.035000,9
83,11,4.364000,12
83,12,3.859000,13
83,13,4.062000,11
83,14,3.900000,11
83,15,4.574000,13
83,16,4.080000,14
83,17,4.136000,14
83,18,2.316000,14
83,19,5.467000,14
83,20,3.541000,11
83,21,4.744000,14
83,22,4.122000,12
83,23,3.110000,12
83,24,1.849000,11
83,25,2.934000,7
83,26,4.275000,12
83,27,4.103000,13
83,28,6.449000,18
83,29,4.075000,18
83,30,1.440000,13
83,31,4.968000,12
83,32,4.838000,13
83,33,4.749000,14
83,34,4.363000,14
83,35,2.133000,13
83,36,0.517000,13
83,37,4.644000,13
83,38,3.219000,13
83,39,3.340000,9
83,40,3.265000,9
83,41,3.844000,12
83,42,2.386000,9
83,43,3.687000,9
83,44,2.964000,9
83,45,2.943000,8
83,46,2.915000,8
83,47,3.464000,10
83,48,3.469000,10
83,49,3.335000,10
83,50,2.104000,5
83,51,1.611000,4
83,52,1.306000,4
83,53,4.632000,10
83,54,4.086000,10
83,55,3.414000,10
83,56,3.732000,10
83,57,4.009000,10
83,58,3.749000,10
83,59,3.547000,10
83,60,3.014000,10
83,61,3.472000,10
83,62,2.946000,10
83,63,4.013000,11
83,64,3.659000,10
83,65,3.256000,9
83,66,3.596000,13
83,67,6.678000,21
83,68,3.566000,12
83,69,3.681000,14
83,70,3.599000,12
83,71,3.569000,12
83,72,1.787000,10
83,73,4.021000,13
83,74,3.337000,13
83,75,4.143000,13
83,76,4.085000,13
83,77,2.834000,13
83,78,1.670000,10
83,79,3.427000,10
83,80,3.721000,11
83,81,3.893000,10
83,82,3.720000,10
83,83,3.427000,10
83,84,2.344000,7
83,85,3.683000,11
83,86,3.673000,13
83,87,3.938000,11
83,88,4.574000,14
83,89,3.967000,11
83,90,1.788000,9
83,91,3.231000,9
83,92,3.007000,9
83,93,3.107000,11
83,94,4.328000,13
83,95,3.736000,8
83,96,2.174000,5
