iteration,subproblem,solve_time_sec,ipopt_iters
1,1,7.247000,17
1,2,8.028000,16
1,3,8.796000,16
1,4,8.045000,16
1,5,7.877000,16
1,6,7.898000,16
1,7,8.010000,16
1,8,7.507000,16
1,9,5.337000,16
1,10,7.349000,15
1,11,6.562000,14
1,12,5.930000,14
1,13,6.721000,14
1,14,7.025000,14
1,15,6.458000,14
1,16,6.969000,14
1,17,7.718000,14
1,18,7.867000,14
1,19,7.374000,14
1,20,6.809000,14
1,21,6.084000,14
1,22,6.706000,14
1,23,7.141000,14
1,24,5.803000,14
1,25,7.596000,14
1,26,6.067000,14
1,27,5.855000,14
1,28,6.564000,14
1,29,6.809000,14
1,30,6.477000,14
1,31,6.928000,14
1,32,7.083000,14
1,33,7.277000,14
1,34,6.273000,14
1,35,7.027000,14
1,36,6.673000,14
1,37,7.118000,14
1,38,6.383000,14
1,39,5.704000,14
1,40,7.259000,14
1,41,6.739000,14
1,42,6.982000,14
1,43,7.142000,14
1,44,8.258000,14
1,45,8.002000,14
1,46,7.118000,15
1,47,6.809000,15
1,48,7.136000,16
1,49,7.529000,16
1,50,6.671000,16
1,51,8.069000,15
1,52,7.777000,15
1,53,8.567000,15
1,54,6.777000,15
1,55,7.118000,16
1,56,8.245000,16
1,57,8.260000,16
1,58,6.990000,16
1,59,7.630000,17
1,60,7.826000,16
1,61,7.812000,17
1,62,7.686000,16
1,63,5.688000,16
1,64,7.628000,17
1,65,8.035000,17
1,66,8.188000,17
1,67,7.252000,16
1,68,6.772000,17
1,69,7.986000,16
1,70,8.169000,16
1,71,7.986000,16
1,72,6.258000,16
1,73,6.901000,16
1,74,8.245000,17
1,75,7.881000,17
1,76,8.045000,17
1,77,9.845000,17
1,78,7.384000,16
1,79,9.743000,17
1,80,7.733000,16
1,81,2.632000,16
1,82,7.593000,16
1,83,9.166000,18
1,84,8.115000,18
1,85,7.716000,17
1,86,7.971000,18
1,87,7.982000,16
1,88,9.639000,17
1,89,7.310000,18
1,90,0.893000,17
1,91,7.593000,17
1,92,8.239000,17
1,93,7.891000,16
1,94,8.079000,16
1,95,7.511000,16
1,96,7.167000,17
1,97,7.859000,15
1,98,9.240000,17
1,99,5.555000,17
1,100,7.593000,16
1,101,8.067000,17
1,102,7.516000,15
1,103,8.463000,16
1,104,8.128000,16
1,105,7.939000,16
1,106,7.910000,15
1,107,7.635000,16
1,108,5.673000,16
1,109,7.382000,16
1,110,7.704000,16
1,111,7.487000,16
1,112,8.047000,16
1,113,7.043000,16
1,114,6.920000,16
1,115,8.024000,16
1,116,6.449000,15
1,117,7.323000,15
1,118,7.118000,15
1,119,6.602000,15
1,120,6.890000,15
1,121,7.599000,16
1,122,7.522000,16
1,123,6.565000,16
1,124,8.073000,16
1,125,8.024000,16
1,126,7.560000,16
1,127,7.593000,16
1,128,8.035000,16
1,129,7.718000,16
1,130,7.905000,16
1,131,7.872000,16
1,132,7.443000,16
1,133,7.345000,16
1,134,8.110000,16
1,135,6.283000,16
1,136,7.511000,16
1,137,7.399000,16
1,138,7.248000,16
1,139,6.882000,16
1,140,7.489000,16
1,141,7.525000,16
1,142,10.069000,16
1,143,7.999000,16
1,144,6.109000,14
2,1,2.974000,7
2,2,3.105000,6
2,3,2.900000,5
2,4,3.674000,5
2,5,2.618000,6
2,6,3.784000,5
2,7,3.758000,6
2,8,2.039000,6
2,9,1.146000,7
2,10,3.355000,6
2,11,2.889000,5
2,12,2.660000,5
2,13,3.122000,6
2,14,3.446000,6
2,15,3.095000,6
2,16,3.628000,6
2,17,2.462000,5
2,18,1.125000,5
2,19,3.501000,6
2,20,2.744000,6
2,21,2.692000,5
2,22,2.484000,5
2,23,3.072000,5
2,24,3.046000,5
2,25,2.817000,5
2,26,2.227000,5
2,27,1.883000,5
2,28,2.978000,5
2,29,2.217000,5
2,30,3.333000,5
2,31,2.023000,5
2,32,2.507000,5
2,33,3.513000,5
2,34,2.413000,5
2,35,2.352000,5
2,36,0.986000,5
2,37,2.976000,5
2,38,2.563000,5
2,39,3.120000,5
2,40,2.059000,5
2,41,2.722000,5
2,42,2.687000,6
2,43,4.629000,6
2,44,1.816000,5
2,45,1.734000,5
2,46,3.351000,6
2,47,2.889000,6
2,48,3.394000,6
2,49,4.521000,8
2,50,3.972000,6
2,51,4.463000,6
2,52,2.692000,6
2,53,1.091000,6
2,54,0.149000,4
2,55,3.351000,6
2,56,2.136000,4
2,57,2.085000,4
2,58,2.489000,4
2,59,2.401000,4
2,60,2.609000,4
2,61,2.495000,4
2,62,2.717000,4
2,63,2.544000,4
2,64,2.596000,5
2,65,2.961000,5
2,66,2.539000,5
2,67,3.143000,5
2,68,1.746000,4
2,69,2.529000,5
2,70,2.575000,5
2,71,2.971000,5
2,72,2.397000,5
2,73,1.547000,4
2,74,2.228000,5
2,75,2.882000,6
2,76,2.619000,4
2,77,2.086000,4
2,78,2.656000,5
2,79,2.027000,5
2,80,2.781000,5
2,81,2.428000,4
2,82,2.029000,4
2,83,1.459000,4
2,84,2.724000,5
2,85,2.311000,5
2,86,2.512000,5
2,87,2.298000,4
2,88,2.574000,4
2,89,1.638000,5
2,90,0.780000,5
2,91,2.262000,5
2,92,2.041000,5
2,93,2.269000,4
2,94,2.182000,4
2,95,1.976000,4
2,96,2.436000,4
2,97,2.154000,4
2,98,2.555000,4
2,99,1.646000,4
2,100,2.646000,4
2,101,2.562000,4
2,102,2.849000,4
2,103,1.798000,4
2,104,1.928000,4
2,105,1.975000,4
2,106,2.354000,4
2,107,2.795000,5
2,108,2.903000,5
2,109,2.257000,5
2,110,2.906000,6
2,111,2.196000,4
2,112,2.819000,4
2,113,1.752000,4
2,114,2.118000,4
2,115,2.386000,4
2,116,2.540000,4
2,117,2.651000,4
2,118,2.262000,4
2,119,1.938000,5
2,120,3.283000,5
2,121,3.054000,5
2,122,2.401000,5
2,123,3.069000,5
2,124,3.329000,5
2,125,3.617000,7
2,126,2.432000,7
2,127,2.974000,5
2,128,2.915000,5
2,129,3.346000,6
2,130,2.168000,6
2,131,2.371000,5
2,132,2.703000,6
2,133,3.996000,6
2,134,2.544000,5
2,135,1.746000,5
2,136,2.972000,5
2,137,2.840000,5
2,138,3.521000,5
2,139,2.423000,5
2,140,2.364000,5
2,141,3.707000,5
2,142,3.568000,5
2,143,2.236000,5
2,144,1.558000,5
3,1,4.099000,9
3,2,3.971000,6
3,3,4.547000,6
3,4,4.733000,5
3,5,4.346000,5
3,6,3.005000,5
3,7,2.474000,5
3,8,3.278000,7
3,9,1.992000,5
3,10,4.099000,5
3,11,3.025000,5
3,12,3.119000,5
3,13,3.935000,5
3,14,4.873000,5
3,15,3.656000,6
3,16,2.956000,5
3,17,2.609000,5
3,18,1.413000,5
3,19,3.207000,5
3,20,2.945000,5
3,21,2.595000,5
3,22,3.781000,5
3,23,6.386000,7
3,24,3.070000,5
3,25,2.460000,5
3,26,2.760000,5
3,27,2.463000,6
3,28,2.905000,5
3,29,3.320000,6
3,30,4.498000,5
3,31,3.386000,5
3,32,5.376000,6
3,33,3.344000,5
3,34,2.381000,5
3,35,2.693000,5
3,36,2.133000,6
3,37,3.198000,5
3,38,3.130000,5
3,39,4.236000,5
3,40,3.913000,5
3,41,5.975000,6
3,42,3.378000,6
3,43,4.497000,7
3,44,2.518000,7
3,45,1.966000,7
3,46,3.675000,7
3,47,4.855000,7
3,48,4.135000,7
3,49,3.481000,5
3,50,5.216000,7
3,51,3.536000,7
3,52,3.163000,7
3,53,2.411000,6
3,54,0.622000,5
3,55,3.205000,5
3,56,3.572000,7
3,57,3.103000,5
3,58,3.325000,5
3,59,3.597000,5
3,60,3.559000,5
3,61,3.145000,5
3,62,2.354000,5
3,63,1.965000,4
3,64,2.911000,5
3,65,3.091000,5
3,66,2.704000,4
3,67,3.906000,5
3,68,10.816000,26
3,69,2.515000,5
3,70,2.459000,4
3,71,1.602000,4
3,72,1.571000,4
3,73,2.258000,4
3,74,1.921000,4
3,75,3.158000,5
3,76,3.584000,5
3,77,4.021000,5
3,78,5.127000,6
3,79,7.705000,25
3,80,4.937000,38
3,81,0.578000,28
3,82,2.858000,6
3,83,9.840000,26
3,84,3.639000,4
3,85,4.081000,4
3,86,2.431000,4
3,87,2.528000,4
3,88,2.440000,4
3,89,1.922000,4
3,90,2.257000,5
3,91,2.525000,4
3,92,2.529000,4
3,93,2.880000,4
3,94,3.156000,4
3,95,3.356000,4
3,96,3.097000,4
3,97,2.863000,4
3,98,2.429000,4
3,99,2.395000,4
3,100,2.518000,4
3,101,1.955000,4
3,102,2.446000,4
3,103,3.158000,5
3,104,4.111000,5
3,105,3.860000,6
3,106,3.802000,6
3,107,3.073000,6
3,108,2.587000,6
3,109,3.192000,6
3,110,3.776000,6
3,111,3.866000,6
3,112,2.830000,5
3,113,4.280000,5
3,114,3.941000,4
3,115,2.764000,4
3,116,1.985000,4
3,117,1.938000,4
3,118,1.813000,4
3,119,2.790000,5
3,120,4.161000,4
3,121,3.604000,4
3,122,4.577000,6
3,123,2.542000,5
3,124,2.807000,5
3,125,2.326000,4
3,126,2.254000,5
3,127,3.192000,5
3,128,2.342000,4
3,129,2.980000,4
3,130,4.064000,4
3,131,4.205000,5
3,132,3.860000,5
3,133,3.283000,5
3,134,3.018000,5
3,135,2.340000,5
3,136,2.879000,5
3,137,2.516000,5
3,138,3.087000,4
3,139,3.219000,4
3,140,2.396000,4
3,141,4.664000,5
3,142,2.782000,4
3,143,2.720000,6
3,144,3.136000,6
4,1,9.666000,29
4,2,3.214000,5
4,3,3.222000,4
4,4,3.428000,5
4,5,2.190000,4
4,6,2.606000,4
4,7,3.085000,5
4,8,2.244000,4
4,9,1.800000,5
4,10,3.147000,5
4,11,3.906000,5
4,12,3.304000,5
4,13,4.872000,6
4,14,2.478000,5
4,15,3.654000,5
4,16,3.133000,5
4,17,3.673000,5
4,18,2.452000,5
4,19,3.464000,5
4,20,3.807000,5
4,21,3.497000,5
4,22,3.359000,5
4,23,3.667000,5
4,24,3.389000,5
4,25,3.148000,5
4,26,2.470000,5
4,27,2.040000,5
4,28,2.988000,5
4,29,5.146000,7
4,30,3.445000,5
4,31,3.198000,5
4,32,2.769000,5
4,33,3.021000,5
4,34,2.625000,5
4,35,2.629000,5
4,36,2.527000,5
4,37,3.619000,5
4,38,3.793000,5
4,39,2.992000,5
4,40,2.842000,5
4,41,2.692000,5
4,42,3.523000,5
4,43,3.373000,5
4,44,2.763000,5
4,45,3.341000,6
4,46,4.632000,7
4,47,4.053000,7
4,48,4.065000,7
4,49,3.916000,5
4,50,3.671000,6
4,51,3.591000,5
4,52,3.592000,7
4,53,3.672000,6
4,54,2.199000,5
4,55,2.544000,4
4,56,3.028000,4
4,57,2.527000,4
4,58,2.589000,4
4,59,2.870000,4
4,60,2.724000,4
4,61,3.025000,5
4,62,2.258000,4
4,63,2.625000,5
4,64,2.882000,5
4,65,2.588000,4
4,66,8.356000,26
4,67,2.484000,4
4,68,5.358000,11
4,69,2.163000,5
4,70,7.527000,26
4,71,1.878000,5
4,72,3.022000,26
4,73,9.411000,26
4,74,3.653000,5
4,75,3.106000,5
4,76,3.576000,6
4,77,2.861000,5
4,78,2.609000,4
4,79,4.862000,11
4,80,2.670000,8
4,81,1.231000,7
4,82,2.344000,5
4,83,4.225000,7
4,84,2.387000,4
4,85,3.097000,5
4,86,3.455000,6
4,87,2.876000,5
4,88,2.785000,5
4,89,2.990000,5
4,90,7.864000,27
4,91,9.416000,27
4,92,9.751000,28
4,93,8.936000,28
4,94,6.238000,27
4,95,2.708000,26
4,96,2.614000,27
4,97,2.320000,26
4,98,2.477000,26
4,99,1.864000,25
4,100,10.805000,27
4,101,9.270000,25
4,102,9.133000,27
4,103,4.282000,26
4,104,2.677000,26
4,105,2.522000,26
4,106,3.077000,27
4,107,2.452000,27
4,108,1.266000,27
4,109,11.690000,27
4,110,9.688000,27
4,111,9.189000,26
4,112,4.759000,26
4,113,2.949000,26
4,114,2.801000,27
4,115,2.352000,25
4,116,3.290000,26
4,117,1.101000,24
4,118,7.799000,24
4,119,8.716000,26
4,120,8.766000,26
4,121,7.257000,26
4,122,3.298000,27
4,123,2.516000,27
4,124,2.310000,28
4,125,2.620000,27
4,126,2.383000,27
4,127,8.892000,25
4,128,3.369000,6
4,129,2.564000,5
4,130,2.256000,4
4,131,3.603000,5
4,132,2.487000,4
4,133,2.812000,5
4,134,2.930000,5
4,135,2.091000,5
4,136,3.004000,5
4,137,3.994000,5
4,138,2.540000,4
4,139,3.241000,4
4,140,3.336000,4
4,141,3.364000,5
4,142,2.418000,5
4,143,3.146000,5
4,144,3.339000,6
5,1,4.041000,10
5,2,8.705000,28
5,3,2.825000,5
5,4,3.794000,5
5,5,3.589000,5
5,6,3.202000,5
5,7,2.768000,4
5,8,2.238000,4
5,9,1.310000,4
5,10,3.753000,6
5,11,3.757000,5
5,12,2.731000,4
5,13,2.440000,4
5,14,2.565000,4
5,15,3.741000,5
5,16,3.679000,5
5,17,3.266000,5
5,18,3.107000,5
5,19,3.490000,5
5,20,2.339000,5
5,21,2.289000,4
5,22,1.880000,4
5,23,2.375000,4
5,24,3.328000,4
5,25,2.880000,4
5,26,2.654000,4
5,27,3.490000,5
5,28,4.083000,6
5,29,3.391000,5
5,30,1.979000,5
5,31,2.789000,5
5,32,4.236000,5
5,33,3.591000,5
5,34,2.817000,5
5,35,3.008000,5
5,36,1.775000,5
5,37,2.510000,5
5,38,2.588000,5
5,39,2.443000,5
5,40,1.973000,5
5,41,3.125000,5
5,42,3.066000,4
5,43,4.126000,6
5,44,3.165000,5
5,45,3.971000,6
5,46,3.416000,6
5,47,2.531000,4
5,48,3.014000,5
5,49,2.090000,5
5,50,3.244000,7
5,51,3.631000,6
5,52,3.667000,7
5,53,3.094000,5
5,54,3.475000,5
5,55,2.763000,6
5,56,2.749000,5
5,57,1.985000,4
5,58,2.001000,4
5,59,1.891000,4
5,60,2.086000,4
5,61,8.992000,26
5,62,2.028000,4
5,63,2.837000,4
5,64,1.907000,4
5,65,2.461000,4
5,66,3.466000,8
5,67,2.093000,5
5,68,3.473000,7
5,69,2.460000,5
5,70,4.087000,7
5,71,2.769000,4
5,72,3.122000,7
5,73,4.766000,12
5,74,2.919000,5
5,75,2.515000,5
5,76,2.348000,5
5,77,3.095000,5
5,78,2.943000,6
5,79,4.185000,8
5,80,5.936000,19
5,81,3.822000,14
5,82,7.936000,27
5,83,4.180000,12
5,84,9.788000,28
5,85,8.780000,28
5,86,4.146000,25
5,87,3.576000,28
5,88,1.458000,27
5,89,1.514000,28
5,90,0.723000,15
5,91,5.850000,16
5,92,6.068000,18
5,93,7.922000,18
5,94,6.317000,15
5,95,4.731000,15
5,96,3.648000,15
5,97,2.663000,15
5,98,2.406000,13
5,99,1.571000,15
5,100,5.331000,13
5,101,4.631000,13
5,102,5.572000,14
5,103,5.909000,12
5,104,5.123000,12
5,105,3.508000,12
5,106,2.948000,12
5,107,2.175000,12
5,108,2.220000,12
5,109,5.349000,12
5,110,4.895000,12
5,111,4.625000,12
5,112,5.450000,12
5,113,5.955000,12
5,114,4.700000,12
5,115,3.179000,13
5,116,2.652000,13
5,117,2.610000,15
5,118,6.421000,15
5,119,5.086000,13
5,120,5.958000,15
5,121,6.738000,17
5,122,5.585000,15
5,123,3.043000,15
5,124,3.159000,17
5,125,2.581000,17
5,126,1.777000,15
5,127,5.828000,17
5,128,8.745000,26
5,129,9.799000,25
5,130,7.342000,24
5,131,4.449000,24
5,132,3.403000,26
5,133,1.897000,27
5,134,1.500000,28
5,135,1.206000,28
5,136,9.434000,28
5,137,8.963000,26
5,138,9.079000,25
5,139,2.363000,5
5,140,1.849000,5
5,141,1.526000,6
5,142,4.131000,22
5,143,1.129000,5
5,144,1.475000,6
6,1,6.979000,19
6,2,5.133000,13
6,3,9.920000,29
6,4,2.164000,5
6,5,2.349000,7
6,6,1.533000,5
6,7,1.672000,5
6,8,2.028000,5
6,9,1.801000,5
6,10,3.402000,5
6,11,2.885000,5
6,12,2.644000,5
6,13,3.555000,6
6,14,2.680000,4
6,15,2.596000,5
6,16,2.713000,5
6,17,2.300000,5
6,18,3.008000,7
6,19,2.633000,4
6,20,2.292000,4
6,21,2.003000,4
6,22,2.598000,4
6,23,2.318000,5
6,24,2.828000,5
6,25,2.876000,5
6,26,2.755000,5
6,27,2.974000,5
6,28,3.008000,6
6,29,3.036000,6
6,30,3.171000,6
6,31,2.560000,6
6,32,3.135000,6
6,33,3.451000,6
6,34,2.911000,6
6,35,1.970000,6
6,36,2.426000,6
6,37,3.319000,6
6,38,4.030000,6
6,39,2.858000,6
6,40,2.735000,6
6,41,3.133000,6
6,42,2.634000,6
6,43,3.214000,6
6,44,2.808000,5
6,45,2.236000,5
6,46,2.985000,6
6,47,2.626000,6
6,48,2.734000,6
6,49,2.824000,4
6,50,2.926000,5
6,51,1.463000,4
6,52,2.320000,4
6,53,2.314000,4
6,54,2.028000,4
6,55,2.722000,7
6,56,3.308000,5
6,57,2.145000,4
6,58,2.504000,5
6,59,2.539000,5
6,60,2.616000,4
6,61,2.775000,7
6,62,2.057000,4
6,63,2.170000,4
6,64,1.663000,4
6,65,2.161000,4
6,66,3.484000,7
6,67,2.961000,5
6,68,4.218000,11
6,69,3.414000,5
6,70,5.823000,16
6,71,1.985000,5
6,72,3.511000,12
6,73,6.583000,17
6,74,8.349000,27
6,75,8.826000,28
6,76,5.171000,28
6,77,4.940000,28
6,78,3.655000,28
6,79,1.038000,20
6,80,0.331000,15
6,81,0.271000,12
6,82,6.053000,16
6,83,4.393000,12
6,84,4.909000,13
6,85,8.309000,20
6,86,5.833000,18
6,87,3.853000,17
6,88,3.856000,20
6,89,1.548000,15
6,90,1.006000,12
6,91,5.745000,12
6,92,4.694000,12
6,93,4.519000,13
6,94,4.513000,13
6,95,5.631000,15
6,96,4.327000,16
6,97,3.329000,14
6,98,3.965000,16
6,99,1.547000,12
6,100,5.009000,12
6,101,4.860000,12
6,102,5.031000,12
6,103,4.369000,12
6,104,4.634000,12
6,105,2.773000,11
6,106,3.258000,11
6,107,2.867000,11
6,108,1.965000,11
6,109,3.864000,11
6,110,4.404000,11
6,111,4.205000,11
6,112,4.163000,12
6,113,4.346000,12
6,114,4.034000,12
6,115,3.131000,12
6,116,2.895000,12
6,117,2.881000,12
6,118,4.878000,11
6,119,5.113000,14
6,120,5.248000,14
6,121,5.931000,16
6,122,5.645000,17
6,123,4.210000,15
6,124,2.375000,11
6,125,2.059000,12
6,126,1.773000,12
6,127,8.366000,21
6,128,5.232000,15
6,129,5.183000,16
6,130,6.767000,17
6,131,7.209000,26
6,132,2.993000,14
6,133,1.541000,12
6,134,1.626000,16
6,135,1.229000,16
6,136,8.105000,18
6,137,4.113000,12
6,138,5.072000,13
6,139,8.063000,27
6,140,5.949000,28
6,141,4.725000,25
6,142,1.904000,12
6,143,1.106000,8
6,144,0.829000,6
7,1,6.841000,20
7,2,4.316000,10
7,3,3.891000,11
7,4,7.070000,26
7,5,6.677000,28
7,6,1.275000,5
7,7,1.360000,5
7,8,1.227000,5
7,9,1.092000,5
7,10,2.064000,4
7,11,2.677000,5
7,12,3.487000,5
7,13,2.762000,5
7,14,2.171000,5
7,15,2.486000,5
7,16,3.019000,5
7,17,2.823000,5
7,18,2.483000,5
7,19,2.769000,5
7,20,3.765000,6
7,21,3.059000,5
7,22,2.581000,4
7,23,1.979000,4
7,24,2.721000,5
7,25,3.259000,5
7,26,2.871000,5
7,27,1.880000,5
7,28,2.899000,6
7,29,3.144000,4
7,30,1.964000,4
7,31,2.081000,4
7,32,2.609000,4
7,33,2.232000,4
7,34,2.732000,4
7,35,2.772000,4
7,36,2.914000,6
7,37,1.778000,4
7,38,2.610000,4
7,39,2.468000,4
7,40,1.875000,4
7,41,2.609000,5
7,42,3.658000,5
7,43,2.645000,4
7,44,2.392000,4
7,45,2.374000,4
7,46,2.060000,4
7,47,2.695000,5
7,48,3.051000,5
7,49,2.814000,5
7,50,2.854000,5
7,51,2.724000,5
7,52,1.737000,4
7,53,2.217000,4
7,54,2.411000,4
7,55,2.652000,5
7,56,2.583000,5
7,57,2.452000,4
7,58,2.241000,4
7,59,1.494000,4
7,60,1.771000,4
7,61,3.106000,7
7,62,2.144000,4
7,63,2.045000,4
7,64,2.064000,4
7,65,2.295000,6
7,66,5.407000,12
7,67,3.024000,6
7,68,5.383000,16
7,69,7.609000,26
7,70,2.577000,12
7,71,4.500000,26
7,72,3.272000,19
7,73,6.052000,19
7,74,5.395000,17
7,75,3.891000,12
7,76,4.236000,12
7,77,3.923000,12
7,78,4.924000,20
7,79,1.845000,8
7,80,3.845000,20
7,81,2.663000,21
7,82,3.351000,9
7,83,4.253000,11
7,84,4.920000,11
7,85,6.651000,18
7,86,7.397000,22
7,87,3.610000,15
7,88,2.482000,13
7,89,1.819000,13
7,90,0.918000,13
7,91,2.996000,9
7,92,3.367000,9
7,93,5.252000,12
7,94,4.444000,11
7,95,3.647000,11
7,96,3.291000,9
7,97,4.797000,15
7,98,1.593000,7
7,99,1.591000,7
7,100,4.958000,13
7,101,6.096000,14
7,102,6.381000,15
7,103,6.378000,16
7,104,3.086000,12
7,105,3.179000,12
7,106,2.550000,11
7,107,1.930000,12
7,108,1.331000,12
7,109,4.871000,12
7,110,5.315000,12
7,111,4.013000,12
7,112,5.003000,12
7,113,3.785000,14
7,114,4.235000,17
7,115,2.970000,16
7,116,2.739000,16
7,117,1.237000,13
7,118,3.344000,7
7,119,3.508000,8
7,120,3.901000,10
7,121,3.476000,9
7,122,4.298000,12
7,123,4.758000,12
7,124,3.258000,11
7,125,2.346000,11
7,126,2.144000,9
7,127,4.378000,13
7,128,5.457000,13
7,129,5.297000,16
7,130,5.016000,15
7,131,4.896000,15
7,132,2.977000,11
7,133,2.425000,10
7,134,2.304000,11
7,135,1.729000,9
7,136,7.121000,19
7,137,6.325000,18
7,138,5.713000,15
7,139,4.971000,15
7,140,2.822000,12
7,141,2.841000,11
7,142,2.392000,10
7,143,1.620000,7
7,144,1.236000,6
8,1,5.667000,15
8,2,3.990000,11
8,3,3.698000,8
8,4,5.961000,17
8,5,4.302000,11
8,6,2.752000,7
8,7,2.277000,5
8,8,5.117000,27
8,9,1.837000,26
8,10,8.431000,27
8,11,2.688000,5
8,12,2.968000,5
8,13,3.092000,6
8,14,3.528000,6
8,15,3.370000,7
8,16,1.921000,4
8,17,2.206000,5
8,18,1.517000,4
8,19,2.163000,5
8,20,2.521000,5
8,21,2.526000,5
8,22,2.429000,5
8,23,2.725000,5
8,24,3.125000,5
8,25,3.280000,6
8,26,2.697000,5
8,27,2.659000,5
8,28,2.932000,5
8,29,3.077000,5
8,30,3.233000,5
8,31,2.322000,4
8,32,2.366000,4
8,33,2.068000,4
8,34,2.008000,4
8,35,2.845000,4
8,36,2.848000,6
8,37,2.311000,4
8,38,3.321000,5
8,39,3.592000,5
8,40,2.790000,5
8,41,2.901000,5
8,42,3.109000,6
8,43,2.409000,5
8,44,3.280000,5
8,45,2.650000,5
8,46,2.670000,5
8,47,2.688000,5
8,48,2.724000,5
8,49,2.820000,5
8,50,2.344000,4
8,51,2.232000,4
8,52,2.579000,5
8,53,2.380000,4
8,54,1.664000,4
8,55,3.043000,5
8,56,3.333000,5
8,57,2.196000,5
8,58,2.031000,5
8,59,4.000000,9
8,60,2.172000,5
8,61,6.513000,20
8,62,6.241000,25
8,63,1.419000,5
8,64,7.761000,26
8,65,8.370000,27
8,66,5.006000,15
8,67,6.596000,26
8,68,3.203000,13
8,69,2.137000,20
8,70,0.384000,11
8,71,0.271000,12
8,72,0.338000,12
8,73,4.673000,12
8,74,6.215000,20
8,75,3.178000,7
8,76,4.255000,13
8,77,4.670000,13
8,78,3.071000,9
8,79,4.663000,18
8,80,2.413000,11
8,81,1.627000,11
8,82,5.976000,15
8,83,2.662000,7
8,84,3.981000,10
8,85,5.118000,14
8,86,4.552000,16
8,87,3.580000,11
8,88,2.777000,11
8,89,3.285000,12
8,90,1.802000,11
8,91,6.345000,19
8,92,6.610000,21
8,93,3.337000,7
8,94,4.472000,13
8,95,3.360000,11
8,96,4.103000,12
8,97,3.198000,12
8,98,2.048000,10
8,99,1.663000,12
8,100,3.124000,9
8,101,4.355000,11
8,102,4.479000,12
8,103,4.160000,11
8,104,5.024000,11
8,105,3.566000,11
8,106,3.712000,10
8,107,2.571000,10
8,108,2.187000,10
8,109,4.275000,10
8,110,3.753000,10
8,111,3.902000,10
8,112,4.127000,11
8,113,4.083000,11
8,114,3.655000,12
8,115,3.534000,12
8,116,3.234000,11
8,117,2.218000,9
8,118,3.020000,8
8,119,5.014000,12
8,120,4.299000,12
8,121,5.166000,14
8,122,4.676000,13
8,123,5.212000,15
8,124,2.620000,7
8,125,2.936000,10
8,126,1.658000,9
8,127,4.837000,14
8,128,4.499000,12
8,129,3.202000,9
8,130,3.531000,9
8,131,5.266000,18
8,132,3.936000,12
8,133,2.668000,7
8,134,3.581000,15
8,135,3.461000,18
8,136,5.667000,15
8,137,3.600000,10
8,138,4.096000,11
8,139,4.145000,10
8,140,4.549000,13
8,141,3.263000,10
8,142,2.374000,7
8,143,2.306000,7
8,144,1.660000,5
9,1,5.035000,15
9,2,3.695000,7
9,3,6.976000,18
9,4,5.199000,14
9,5,7.120000,19
9,6,5.589000,26
9,7,3.336000,27
9,8,0.226000,9
9,9,0.208000,9
9,10,6.496000,20
9,11,4.485000,7
9,12,2.405000,6
9,13,2.627000,5
9,14,8.007000,27
9,15,6.296000,26
9,16,6.330000,27
9,17,0.974000,5
9,18,0.719000,5
9,19,1.749000,5
9,20,3.017000,6
9,21,1.785000,4
9,22,2.889000,5
9,23,2.010000,4
9,24,2.501000,6
9,25,2.106000,5
9,26,2.363000,5
9,27,3.198000,5
9,28,2.465000,5
9,29,2.751000,5
9,30,3.240000,5
9,31,3.005000,5
9,32,3.543000,6
9,33,2.760000,5
9,34,2.939000,5
9,35,2.917000,5
9,36,2.554000,4
9,37,2.618000,5
9,38,2.365000,5
9,39,2.597000,5
9,40,3.279000,5
9,41,1.819000,5
9,42,2.340000,5
9,43,2.726000,5
9,44,2.975000,5
9,45,2.694000,5
9,46,1.772000,4
9,47,2.171000,4
9,48,1.510000,4
9,49,2.135000,4
9,50,3.692000,7
9,51,2.393000,4
9,52,3.679000,6
9,53,1.738000,4
9,54,2.611000,5
9,55,2.882000,6
9,56,2.347000,5
9,57,7.825000,24
9,58,8.861000,28
9,59,7.619000,26
9,60,1.859000,6
9,61,3.442000,15
9,62,1.765000,7
9,63,0.958000,7
9,64,2.920000,8
9,65,3.752000,10
9,66,4.874000,12
9,67,4.479000,12
9,68,4.038000,12
9,69,4.354000,12
9,70,4.440000,16
9,71,2.464000,7
9,72,3.689000,15
9,73,4.054000,12
9,74,4.309000,12
9,75,4.631000,12
9,76,5.885000,15
9,77,3.815000,11
9,78,4.648000,15
9,79,4.794000,20
9,80,2.965000,10
9,81,2.464000,12
9,82,4.773000,15
9,83,6.215000,19
9,84,3.487000,9
9,85,4.501000,12
9,86,4.628000,14
9,87,4.333000,14
9,88,2.376000,7
9,89,3.422000,12
9,90,2.421000,10
9,91,4.558000,10
9,92,4.967000,12
9,93,3.974000,11
9,94,4.338000,13
9,95,4.829000,11
9,96,4.464000,12
9,97,3.265000,11
9,98,3.010000,11
9,99,2.566000,10
9,100,3.639000,9
9,101,3.494000,9
9,102,3.965000,9
9,103,4.629000,12
9,104,6.257000,13
9,105,4.162000,12
9,106,3.696000,12
9,107,4.378000,12
9,108,2.631000,12
9,109,4.766000,12
9,110,5.232000,12
9,111,5.056000,12
9,112,4.549000,11
9,113,4.795000,12
9,114,5.577000,16
9,115,3.756000,11
9,116,2.312000,9
9,117,1.517000,9
9,118,3.965000,10
9,119,4.065000,11
9,120,4.485000,11
9,121,4.856000,12
9,122,3.943000,9
9,123,4.241000,11
9,124,4.380000,12
9,125,4.106000,13
9,126,3.383000,14
9,127,4.565000,13
9,128,5.523000,15
9,129,6.186000,19
9,130,5.286000,14
9,131,5.523000,16
9,132,3.157000,11
9,133,4.977000,19
9,134,2.090000,10
9,135,1.214000,14
9,136,4.024000,12
9,137,2.584000,7
9,138,4.911000,15
9,139,5.420000,14
9,140,7.132000,16
9,141,4.198000,14
9,142,3.016000,7
9,143,1.488000,5
9,144,2.025000,6
10,1,6.275000,18
10,2,3.517000,10
10,3,2.886000,7
10,4,7.431000,16
10,5,4.223000,10
10,6,4.242000,12
10,7,2.932000,7
10,8,4.287000,15
10,9,2.315000,15
10,10,4.093000,11
10,11,7.328000,26
10,12,8.752000,27
10,13,9.256000,29
10,14,3.254000,9
10,15,4.416000,16
10,16,2.063000,7
10,17,1.242000,6
10,18,0.165000,5
10,19,3.057000,5
10,20,2.083000,5
10,21,7.918000,26
10,22,8.222000,26
10,23,7.938000,27
10,24,2.422000,5
10,25,2.311000,5
10,26,2.336000,5
10,27,1.865000,5
10,28,2.452000,6
10,29,2.544000,6
10,30,1.989000,5
10,31,3.918000,8
10,32,9.244000,29
10,33,2.545000,5
10,34,2.104000,5
10,35,2.641000,5
10,36,3.238000,6
10,37,3.072000,5
10,38,2.254000,5
10,39,1.869000,4
10,40,2.215000,4
10,41,2.026000,4
10,42,2.160000,4
10,43,2.650000,5
10,44,2.778000,5
10,45,3.725000,7
10,46,2.575000,5
10,47,2.759000,6
10,48,3.367000,5
10,49,2.487000,5
10,50,3.040000,6
10,51,8.272000,26
10,52,9.486000,26
10,53,2.462000,6
10,54,2.422000,5
10,55,3.885000,7
10,56,2.505000,5
10,57,3.196000,7
10,58,4.996000,14
10,59,4.615000,12
10,60,2.613000,5
10,61,4.141000,11
10,62,4.944000,12
10,63,7.175000,26
10,64,4.362000,12
10,65,6.012000,18
10,66,6.628000,21
10,67,4.976000,12
10,68,3.890000,12
10,69,6.563000,16
10,70,3.622000,12
10,71,3.347000,12
10,72,1.830000,11
10,73,4.362000,12
10,74,6.514000,16
10,75,3.226000,7
10,76,4.000000,12
10,77,3.902000,10
10,78,4.681000,14
10,79,3.961000,9
10,80,3.122000,9
10,81,3.572000,12
10,82,4.683000,14
10,83,4.879000,14
10,84,3.342000,7
10,85,3.890000,12
10,86,5.114000,12
10,87,4.270000,12
10,88,5.149000,13
10,89,3.950000,12
10,90,2.788000,10
10,91,4.474000,11
10,92,4.383000,12
10,93,3.794000,11
10,94,3.729000,10
10,95,4.464000,9
10,96,7.318000,15
10,97,5.113000,13
10,98,4.176000,12
10,99,2.777000,12
10,100,4.664000,12
10,101,5.325000,12
10,102,5.915000,12
10,103,4.827000,12
10,104,5.262000,12
10,105,4.287000,12
10,106,4.279000,12
10,107,2.410000,12
10,108,1.112000,12
10,109,4.517000,12
10,110,4.657000,12
10,111,5.089000,12
10,112,5.745000,12
10,113,5.595000,12
10,114,5.296000,12
10,115,3.108000,6
10,116,4.062000,12
10,117,2.515000,12
10,118,4.362000,12
10,119,5.117000,12
10,120,4.910000,12
10,121,4.832000,11
10,122,3.511000,9
10,123,4.605000,10
10,124,4.827000,12
10,125,4.082000,12
10,126,2.596000,9
10,127,4.076000,10
10,128,4.713000,12
10,129,4.725000,14
10,130,7.094000,15
10,131,5.240000,13
10,132,5.481000,13
10,133,3.554000,10
10,134,3.949000,14
10,135,1.960000,12
10,136,3.694000,10
10,137,5.583000,17
10,138,4.739000,13
10,139,5.570000,13
10,140,4.469000,11
10,141,3.768000,7
10,142,4.839000,12
10,143,2.470000,7
10,144,1.826000,5
11,1,5.187000,14
11,2,3.835000,9
11,3,4.366000,12
11,4,3.301000,7
11,5,4.116000,9
11,6,3.529000,12
11,7,3.263000,9
11,8,3.269000,12
11,9,2.026000,12
11,10,4.142000,12
11,11,4.546000,12
11,12,6.421000,19
11,13,3.974000,11
11,14,3.651000,12
11,15,3.842000,12
11,16,3.763000,11
11,17,4.586000,29
11,18,0.398000,6
11,19,2.748000,6
11,20,2.164000,5
11,21,3.815000,11
11,22,3.751000,12
11,23,3.730000,7
11,24,2.801000,5
11,25,2.279000,5
11,26,2.023000,5
11,27,2.043000,5
11,28,2.694000,6
11,29,2.682000,6
11,30,2.821000,6
11,31,3.017000,6
11,32,6.522000,18
11,33,3.889000,6
11,34,3.652000,7
11,35,1.962000,6
11,36,2.538000,6
11,37,2.405000,6
11,38,2.869000,6
11,39,2.533000,6
11,40,10.894000,34
11,41,3.090000,6
11,42,2.933000,6
11,43,2.803000,6
11,44,2.106000,5
11,45,5.965000,29
11,46,2.543000,5
11,47,2.747000,6
11,48,2.325000,5
11,49,2.530000,6
11,50,2.072000,5
11,51,3.091000,7
11,52,2.866000,7
11,53,2.588000,5
11,54,2.247000,5
11,55,2.918000,6
11,56,9.141000,29
11,57,5.292000,18
11,58,4.209000,12
11,59,4.436000,12
11,60,2.068000,5
11,61,3.944000,19
11,62,1.483000,21
11,63,0.241000,9
11,64,3.351000,9
11,65,2.695000,7
11,66,4.362000,12
11,67,4.799000,13
11,68,4.274000,12
11,69,3.842000,12
11,70,3.555000,11
11,71,3.217000,10
11,72,2.549000,9
11,73,4.134000,9
11,74,3.848000,9
11,75,3.133000,7
11,76,4.463000,12
11,77,4.148000,11
11,78,3.713000,12
11,79,3.453000,11
11,80,2.967000,9
11,81,2.473000,8
11,82,3.171000,9
11,83,3.227000,8
11,84,3.469000,7
11,85,3.057000,8
11,86,5.681000,15
11,87,3.978000,11
11,88,3.523000,9
11,89,3.484000,10
11,90,3.935000,14
11,91,3.789000,9
11,92,4.298000,11
11,93,3.760000,9
11,94,3.881000,9
11,95,3.124000,9
11,96,3.090000,9
11,97,3.193000,9
11,98,3.716000,9
11,99,3.112000,9
11,100,4.134000,9
11,101,3.933000,9
11,102,3.810000,9
11,103,3.542000,9
11,104,3.737000,9
11,105,3.603000,9
11,106,2.886000,9
11,107,2.387000,9
11,108,1.749000,9
11,109,4.136000,9
11,110,3.770000,9
11,111,3.266000,9
11,112,3.796000,9
11,113,3.576000,9
11,114,3.442000,9
11,115,3.970000,11
11,116,3.241000,9
11,117,2.952000,9
11,118,3.360000,9
11,119,3.184000,9
11,120,3.383000,9
11,121,4.865000,11
11,122,3.799000,9
11,123,3.266000,9
11,124,2.391000,6
11,125,5.294000,13
11,126,3.474000,12
11,127,4.127000,10
11,128,3.610000,10
11,129,4.254000,12
11,130,4.526000,12
11,131,5.438000,14
11,132,4.018000,12
11,133,4.064000,12
11,134,3.436000,12
11,135,2.009000,14
11,136,4.746000,10
11,137,4.173000,12
11,138,4.278000,13
11,139,6.011000,16
11,140,5.336000,16
11,141,3.055000,7
11,142,2.426000,7
11,143,2.869000,6
11,144,1.652000,6
12,1,4.624000,14
12,2,4.082000,12
12,3,3.628000,9
12,4,3.899000,12
12,5,3.588000,9
12,6,2.893000,9
12,7,4.431000,16
12,8,3.656000,10
12,9,4.354000,15
12,10,4.355000,12
12,11,4.728000,12
12,12,4.822000,12
12,13,4.885000,12
12,14,4.766000,12
12,15,3.380000,12
12,16,4.879000,21
12,17,1.209000,11
12,18,0.540000,25
12,19,2.471000,5
12,20,3.474000,7
12,21,4.361000,13
12,22,4.871000,12
12,23,4.372000,12
12,24,2.476000,5
12,25,3.349000,9
12,26,1.581000,4
12,27,2.232000,6
12,28,2.200000,5
12,29,2.761000,4
12,30,2.054000,4
12,31,2.406000,4
12,32,4.501000,12
12,33,1.741000,4
12,34,2.362000,4
12,35,2.359000,4
12,36,2.021000,4
12,37,1.371000,5
12,38,2.621000,4
12,39,2.375000,4
12,40,4.174000,12
12,41,2.305000,4
12,42,2.008000,4
12,43,2.361000,4
12,44,2.246000,5
12,45,4.306000,12
12,46,2.949000,5
12,47,2.986000,6
12,48,3.217000,5
12,49,2.969000,5
12,50,4.063000,6
12,51,4.222000,12
12,52,4.306000,14
12,53,2.264000,6
12,54,2.004000,5
12,55,10.122000,30
12,56,4.502000,12
12,57,2.984000,8
12,58,3.365000,8
12,59,4.318000,12
12,60,2.631000,6
12,61,3.453000,9
12,62,2.673000,9
12,63,0.708000,7
12,64,4.029000,12
12,65,4.205000,13
12,66,4.933000,12
12,67,3.784000,12
12,68,3.774000,9
12,69,4.285000,12
12,70,2.833000,9
12,71,3.506000,9
12,72,2.440000,9
12,73,2.360000,8
12,74,4.732000,13
12,75,5.052000,14
12,76,4.131000,11
12,77,5.327000,18
12,78,3.350000,9
12,79,2.570000,6
12,80,3.646000,11
12,81,2.981000,12
12,82,3.702000,9
12,83,2.976000,7
12,84,4.081000,12
12,85,5.146000,13
12,86,4.418000,12
12,87,3.485000,11
12,88,3.666000,9
12,89,3.470000,11
12,90,2.186000,9
12,91,4.029000,9
12,92,3.559000,9
12,93,4.681000,11
12,94,3.684000,11
12,95,4.259000,11
12,96,5.031000,11
12,97,3.409000,11
12,98,3.596000,11
12,99,2.828000,11
12,100,4.291000,11
12,101,4.446000,11
12,102,4.416000,11
12,103,4.513000,11
12,104,4.816000,11
12,105,3.554000,11
12,106,4.014000,10
12,107,3.281000,10
12,108,2.560000,10
12,109,3.795000,10
12,110,3.572000,10
12,111,4.328000,10
12,112,3.764000,10
12,113,3.883000,11
12,114,3.602000,11
12,115,3.220000,9
12,116,3.197000,11
12,117,2.973000,11
12,118,4.341000,11
12,119,3.849000,11
12,120,4.718000,11
12,121,3.385000,9
12,122,3.733000,10
12,123,4.048000,11
12,124,3.359000,11
12,125,2.974000,9
12,126,2.811000,9
12,127,4.385000,10
12,128,5.709000,13
12,129,4.018000,9
12,130,2.884000,8
12,131,4.287000,12
12,132,3.734000,12
12,133,3.535000,12
12,134,3.261000,12
12,135,3.274000,14
12,136,4.040000,12
12,137,5.133000,12
12,138,6.638000,15
12,139,4.722000,11
12,140,3.920000,12
12,141,2.616000,7
12,142,2.299000,7
12,143,2.057000,5
12,144,1.918000,6
13,1,5.597000,17
13,2,4.537000,12
13,3,4.740000,11
13,4,3.249000,9
13,5,3.442000,7
13,6,3.916000,9
13,7,4.101000,13
13,8,4.919000,14
13,9,2.674000,12
13,10,4.001000,10
13,11,4.525000,14
13,12,4.939000,12
13,13,3.860000,12
13,14,4.216000,12
13,15,4.809000,12
13,16,3.833000,12
13,17,4.103000,12
13,18,2.213000,11
13,19,2.472000,6
13,20,2.712000,6
13,21,4.204000,12
13,22,5.698000,12
13,23,3.799000,10
13,24,3.781000,6
13,25,8.232000,30
13,26,2.070000,5
13,27,2.419000,6
13,28,2.650000,5
13,29,2.351000,5
13,30,2.339000,5
13,31,2.167000,5
13,32,5.428000,12
13,33,9.506000,28
13,34,8.802000,28
13,35,2.186000,6
13,36,1.139000,4
13,37,1.781000,5
13,38,9.229000,29
13,39,3.284000,5
13,40,4.243000,12
13,41,3.115000,5
13,42,2.298000,5
13,43,2.481000,5
13,44,3.109000,5
13,45,4.302000,12
13,46,2.456000,5
13,47,3.332000,7
13,48,2.960000,6
13,49,2.723000,6
13,50,3.458000,6
13,51,3.841000,12
13,52,4.945000,12
13,53,2.885000,5
13,54,3.041000,6
13,55,3.217000,8
13,56,3.839000,12
13,57,3.536000,7
13,58,4.753000,9
13,59,3.803000,9
13,60,3.624000,6
13,61,3.310000,7
13,62,3.950000,12
13,63,4.700000,13
13,64,4.112000,12
13,65,5.051000,12
13,66,4.925000,9
13,67,4.064000,12
13,68,4.788000,12
13,69,3.846000,9
13,70,3.377000,9
13,71,4.152000,8
13,72,2.248000,7
13,73,4.006000,12
13,74,3.535000,9
13,75,4.723000,12
13,76,3.955000,9
13,77,5.178000,12
13,78,3.759000,9
13,79,2.692000,6
13,80,4.971000,12
13,81,2.514000,7
13,82,3.274000,9
13,83,4.268000,13
13,84,4.549000,12
13,85,4.553000,11
13,86,5.315000,11
13,87,5.460000,13
13,88,3.938000,10
13,89,4.185000,10
13,90,2.239000,11
13,91,4.000000,11
13,92,5.322000,11
13,93,5.525000,10
13,94,3.604000,10
13,95,4.135000,10
13,96,3.994000,10
13,97,3.933000,10
13,98,3.564000,10
13,99,3.138000,10
13,100,3.860000,10
13,101,4.172000,10
13,102,4.392000,10
13,103,4.615000,10
13,104,4.512000,10
13,105,3.995000,9
13,106,3.709000,11
13,107,4.396000,11
13,108,2.884000,11
13,109,4.001000,11
13,110,4.475000,11
13,111,4.542000,11
13,112,4.343000,11
13,113,4.520000,9
13,114,4.193000,9
13,115,4.168000,11
13,116,3.310000,9
13,117,2.936000,9
13,118,3.521000,9
13,119,4.423000,10
13,120,5.428000,10
13,121,4.840000,11
13,122,4.295000,11
13,123,4.897000,9
13,124,4.607000,10
13,125,3.707000,11
13,126,1.626000,11
13,127,4.144000,10
13,128,4.691000,11
13,129,2.660000,6
13,130,4.910000,11
13,131,4.784000,11
13,132,4.105000,11
13,133,4.457000,11
13,134,4.460000,12
13,135,2.388000,8
13,136,3.846000,12
13,137,4.798000,13
13,138,5.492000,13
13,139,4.922000,12
13,140,4.136000,7
13,141,2.991000,7
13,142,2.993000,7
13,143,2.817000,7
13,144,0.481000,6
14,1,4.906000,13
14,2,3.873000,12
14,3,4.312000,12
14,4,3.783000,12
14,5,3.745000,9
14,6,3.224000,7
14,7,3.773000,9
14,8,4.189000,12
14,9,1.801000,14
14,10,5.180000,14
14,11,5.097000,12
14,12,4.747000,10
14,13,5.247000,16
14,14,4.408000,12
14,15,4.084000,12
14,16,4.485000,12
14,17,3.129000,12
14,18,0.709000,11
14,19,2.261000,5
14,20,2.674000,5
14,21,4.102000,12
14,22,5.011000,12
14,23,6.156000,19
14,24,2.963000,5
14,25,4.119000,12
14,26,2.571000,5
14,27,6.673000,25
14,28,4.149000,7
14,29,3.263000,6
14,30,1.793000,4
14,31,2.845000,5
14,32,5.110000,16
14,33,4.831000,14
14,34,4.181000,11
14,35,2.470000,5
14,36,2.552000,6
14,37,1.880000,5
14,38,4.881000,13
14,39,2.030000,5
14,40,4.446000,12
14,41,2.405000,5
14,42,3.162000,6
14,43,2.632000,5
14,44,3.348000,8
14,45,4.433000,9
14,46,7.322000,25
14,47,8.815000,29
14,48,3.146000,7
14,49,3.219000,6
14,50,2.744000,5
14,51,6.392000,21
14,52,3.956000,12
14,53,1.341000,5
14,54,0.725000,4
14,55,3.997000,9
14,56,3.228000,9
14,57,3.426000,7
14,58,3.568000,7
14,59,4.297000,12
14,60,2.281000,4
14,61,3.786000,9
14,62,5.151000,12
14,63,3.570000,12
14,64,3.763000,9
14,65,3.869000,12
14,66,4.101000,12
14,67,3.296000,9
14,68,3.204000,9
14,69,3.921000,9
14,70,3.160000,7
14,71,3.816000,12
14,72,4.538000,11
14,73,4.395000,12
14,74,4.871000,12
14,75,3.541000,12
14,76,4.569000,12
14,77,4.545000,12
14,78,3.560000,9
14,79,2.803000,6
14,80,3.397000,7
14,81,2.601000,7
14,82,4.064000,12
14,83,4.734000,14
14,84,4.671000,11
14,85,3.555000,10
14,86,4.452000,10
14,87,3.827000,10
14,88,3.848000,11
14,89,4.752000,11
14,90,2.876000,11
14,91,4.407000,10
14,92,4.053000,10
14,93,4.642000,11
14,94,4.254000,11
14,95,4.320000,11
14,96,4.586000,11
14,97,4.838000,11
14,98,4.529000,11
14,99,1.768000,11
14,100,3.504000,11
14,101,4.200000,11
14,102,4.330000,10
14,103,3.608000,10
14,104,3.975000,10
14,105,4.065000,11
14,106,3.287000,9
14,107,3.614000,9
14,108,3.392000,9
14,109,3.170000,9
14,110,2.754000,9
14,111,4.618000,9
14,112,4.071000,9
14,113,4.451000,11
14,114,4.013000,11
14,115,3.224000,9
14,116,5.149000,11
14,117,3.934000,11
14,118,4.027000,11
14,119,4.130000,10
14,120,3.802000,10
14,121,3.849000,10
14,122,3.783000,9
14,123,3.835000,11
14,124,3.879000,11
14,125,4.144000,10
14,126,4.428000,10
14,127,4.134000,11
14,128,4.155000,11
14,129,3.908000,9
14,130,3.963000,9
14,131,5.213000,11
14,132,3.508000,9
14,133,3.297000,8
14,134,3.947000,11
14,135,1.593000,12
14,136,4.407000,12
14,137,5.141000,14
14,138,4.605000,11
14,139,4.192000,12
14,140,3.189000,7
14,141,3.508000,7
14,142,4.562000,11
14,143,3.058000,7
14,144,2.743000,7
15,1,4.029000,13
15,2,4.118000,12
15,3,4.352000,12
15,4,3.600000,12
15,5,4.567000,13
15,6,3.377000,9
15,7,2.477000,7
15,8,3.696000,9
15,9,2.250000,12
15,10,4.527000,12
15,11,4.324000,14
15,12,4.863000,14
15,13,4.796000,12
15,14,3.890000,11
15,15,5.367000,13
15,16,4.119000,12
15,17,2.122000,12
15,18,0.672000,11
15,19,1.739000,5
15,20,3.087000,5
15,21,4.146000,12
15,22,4.737000,12
15,23,4.525000,12
15,24,2.302000,5
15,25,4.541000,12
15,26,2.246000,5
15,27,2.848000,8
15,28,8.626000,23
15,29,4.444000,9
15,30,2.713000,5
15,31,8.132000,25
15,32,4.130000,11
15,33,4.122000,15
15,34,3.691000,17
15,35,2.030000,28
15,36,0.157000,5
15,37,2.243000,6
15,38,5.913000,14
15,39,2.929000,5
15,40,4.205000,12
15,41,2.486000,5
15,42,8.141000,25
15,43,2.946000,6
15,44,6.884000,25
15,45,1.704000,13
15,46,3.774000,10
15,47,3.111000,8
15,48,2.246000,5
15,49,2.009000,4
15,50,2.298000,4
15,51,4.810000,12
15,52,4.919000,12
15,53,2.774000,6
15,54,2.375000,4
15,55,3.039000,8
15,56,2.998000,7
15,57,4.231000,12
15,58,3.619000,11
15,59,3.853000,9
15,60,9.261000,26
15,61,4.622000,12
15,62,3.091000,9
15,63,2.054000,12
15,64,4.020000,12
15,65,3.633000,9
15,66,3.223000,9
15,67,3.793000,9
15,68,3.363000,8
15,69,3.635000,12
15,70,5.116000,14
15,71,4.152000,10
15,72,3.959000,12
15,73,3.244000,9
15,74,3.132000,9
15,75,4.035000,12
15,76,3.109000,8
15,77,3.758000,9
15,78,3.046000,9
15,79,3.919000,12
15,80,4.069000,11
15,81,4.080000,12
15,82,3.377000,9
15,83,3.970000,11
15,84,4.786000,13
15,85,4.316000,11
15,86,4.507000,11
15,87,4.225000,11
15,88,3.741000,10
15,89,3.362000,11
15,90,2.758000,11
15,91,4.011000,11
15,92,4.558000,11
15,93,4.052000,10
15,94,4.033000,9
15,95,3.316000,9
15,96,3.904000,9
15,97,3.739000,9
15,98,3.313000,9
15,99,1.947000,9
15,100,3.536000,9
15,101,4.304000,9
15,102,4.097000,11
15,103,4.508000,11
15,104,4.198000,11
15,105,4.461000,9
15,106,3.988000,10
15,107,4.422000,10
15,108,2.193000,10
15,109,3.753000,10
15,110,3.620000,10
15,111,4.306000,10
15,112,3.821000,10
15,113,3.406000,9
15,114,3.293000,9
15,115,4.386000,10
15,116,3.610000,9
15,117,2.835000,9
15,118,4.341000,9
15,119,4.236000,11
15,120,3.491000,11
15,121,3.766000,10
15,122,4.004000,11
15,123,4.205000,10
15,124,3.696000,9
15,125,3.390000,10
15,126,3.536000,10
15,127,4.393000,10
15,128,3.817000,10
15,129,3.754000,10
15,130,3.858000,11
15,131,4.664000,10
15,132,3.061000,7
15,133,3.898000,11
15,134,3.170000,9
15,135,2.581000,14
15,136,5.382000,13
15,137,4.762000,11
15,138,3.650000,12
15,139,3.041000,7
15,140,2.572000,7
15,141,2.883000,7
15,142,4.482000,11
15,143,3.512000,8
15,144,2.692000,6
16,1,5.581000,14
16,2,5.629000,14
16,3,5.122000,12
16,4,4.623000,12
16,5,4.084000,9
16,6,4.034000,12
16,7,2.790000,7
16,8,2.731000,9
16,9,2.570000,9
16,10,4.711000,12
16,11,4.893000,12
16,12,4.569000,12
16,13,4.069000,12
16,14,4.647000,13
16,15,3.938000,11
16,16,3.458000,10
16,17,3.273000,12
16,18,0.558000,7
16,19,2.385000,5
16,20,2.806000,5
16,21,3.968000,9
16,22,3.860000,9
16,23,4.705000,13
16,24,2.538000,6
16,25,3.711000,12
16,26,2.837000,6
16,27,3.862000,13
16,28,4.421000,13
16,29,2.119000,5
16,30,2.698000,5
16,31,3.981000,13
16,32,4.547000,12
16,33,4.288000,13
16,34,6.695000,21
16,35,4.453000,14
16,36,2.067000,5
16,37,2.365000,5
16,38,2.839000,7
16,39,9.401000,29
16,40,4.280000,12
16,41,2.250000,5
16,42,4.536000,13
16,43,2.504000,5
16,44,4.001000,13
16,45,3.491000,12
16,46,3.863000,12
16,47,3.839000,12
16,48,2.582000,5
16,49,2.800000,6
16,50,2.021000,4
16,51,4.122000,9
16,52,3.157000,9
16,53,2.830000,5
16,54,2.250000,4
16,55,3.772000,9
16,56,3.265000,8
16,57,3.777000,11
16,58,6.540000,21
16,59,4.015000,12
16,60,4.057000,9
16,61,4.049000,12
16,62,3.321000,12
16,63,3.951000,13
16,64,3.502000,9
16,65,3.250000,9
16,66,3.195000,9
16,67,3.638000,9
16,68,3.216000,9
16,69,4.236000,12
16,70,3.666000,10
16,71,3.220000,10
16,72,5.243000,16
16,73,4.028000,12
16,74,3.422000,9
16,75,3.315000,9
16,76,3.962000,9
16,77,3.195000,9
16,78,4.447000,12
16,79,4.494000,11
16,80,2.977000,7
16,81,4.246000,12
16,82,4.035000,10
16,83,5.004000,12
16,84,3.980000,11
16,85,4.322000,11
16,86,4.014000,11
16,87,4.774000,11
16,88,3.778000,11
16,89,4.182000,11
16,90,3.202000,11
16,91,4.035000,11
16,92,4.395000,11
16,93,3.623000,11
16,94,4.006000,11
16,95,4.330000,11
16,96,3.995000,11
16,97,4.245000,11
16,98,3.748000,11
16,99,3.888000,11
16,100,3.758000,11
16,101,4.142000,11
16,102,4.814000,11
16,103,4.369000,11
16,104,4.741000,10
16,105,4.448000,11
16,106,4.314000,11
16,107,3.187000,11
16,108,0.485000,11
16,109,4.274000,11
16,110,4.434000,11
16,111,3.315000,11
16,112,3.657000,11
16,113,5.030000,11
16,114,4.114000,11
16,115,4.688000,11
16,116,3.807000,11
16,117,2.821000,11
16,118,3.812000,11
16,119,3.958000,11
16,120,3.944000,10
16,121,3.721000,11
16,122,4.825000,11
16,123,4.870000,11
16,124,4.175000,11
16,125,4.275000,11
16,126,2.986000,11
16,127,3.269000,9
16,128,4.033000,11
16,129,4.496000,11
16,130,4.134000,11
16,131,4.238000,10
16,132,3.808000,11
16,133,4.710000,11
16,134,4.294000,13
16,135,4.094000,16
16,136,5.745000,14
16,137,4.497000,13
16,138,2.504000,8
16,139,3.572000,8
16,140,2.410000,7
16,141,3.652000,7
16,142,4.313000,8
16,143,6.557000,23
16,144,2.471000,5
17,1,5.763000,13
17,2,5.344000,14
17,3,4.075000,12
17,4,3.652000,12
17,5,4.741000,12
17,6,3.315000,9
17,7,4.098000,12
17,8,2.312000,9
17,9,1.134000,9
17,10,3.875000,9
17,11,4.751000,12
17,12,4.394000,12
17,13,3.829000,12
17,14,4.773000,12
17,15,4.726000,14
17,16,3.572000,11
17,17,3.405000,10
17,18,2.675000,11
17,19,2.067000,5
17,20,2.555000,5
17,21,3.683000,9
17,22,2.902000,9
17,23,3.398000,9
17,24,2.694000,6
17,25,3.954000,13
17,26,2.661000,6
17,27,3.879000,11
17,28,4.622000,13
17,29,2.635000,5
17,30,2.744000,6
17,31,4.779000,13
17,32,4.047000,12
17,33,4.812000,13
17,34,5.038000,18
17,35,4.109000,12
17,36,1.803000,5
17,37,3.511000,6
17,38,4.574000,12
17,39,4.431000,12
17,40,4.569000,12
17,41,2.802000,6
17,42,4.893000,13
17,43,2.595000,5
17,44,4.162000,12
17,45,2.902000,12
17,46,3.908000,12
17,47,4.464000,13
17,48,4.116000,6
17,49,3.223000,6
17,50,1.992000,4
17,51,3.689000,9
17,52,3.729000,9
17,53,1.939000,4
17,54,2.753000,6
17,55,3.908000,12
17,56,4.352000,13
17,57,5.882000,19
17,58,3.958000,9
17,59,4.429000,13
17,60,4.810000,12
17,61,4.162000,13
17,62,3.442000,13
17,63,1.669000,9
17,64,3.607000,9
17,65,3.541000,9
17,66,3.695000,9
17,67,3.620000,9
17,68,4.309000,12
17,69,3.490000,9
17,70,3.313000,9
17,71,3.462000,12
17,72,4.144000,12
17,73,5.102000,15
17,74,3.461000,9
17,75,3.463000,9
17,76,3.611000,9
17,77,3.665000,9
17,78,5.162000,12
17,79,3.525000,11
17,80,4.434000,11
17,81,2.995000,12
17,82,5.582000,12
17,83,4.419000,11
17,84,4.858000,11
17,85,4.064000,11
17,86,4.451000,11
17,87,3.800000,11
17,88,4.374000,11
17,89,3.221000,11
17,90,1.927000,11
17,91,4.211000,11
17,92,4.891000,11
17,93,4.353000,11
17,94,3.994000,11
17,95,4.606000,11
17,96,4.607000,11
17,97,3.701000,11
17,98,3.524000,11
17,99,1.782000,11
17,100,4.831000,11
17,101,4.067000,11
17,102,4.195000,10
17,103,4.674000,10
17,104,3.568000,10
17,105,3.821000,11
17,106,3.853000,11
17,107,3.744000,11
17,108,2.823000,11
17,109,4.870000,11
17,110,4.015000,11
17,111,4.561000,11
17,112,4.730000,11
17,113,4.052000,11
17,114,4.577000,11
17,115,3.734000,11
17,116,2.693000,11
17,117,1.020000,11
17,118,5.374000,11
17,119,4.052000,11
17,120,4.463000,11
17,121,3.694000,11
17,122,4.810000,10
17,123,3.781000,10
17,124,3.899000,11
17,125,2.755000,11
17,126,1.210000,11
17,127,3.908000,11
17,128,4.990000,11
17,129,3.354000,11
17,130,3.712000,11
17,131,4.112000,10
17,132,3.970000,11
17,133,4.158000,11
17,134,3.664000,11
17,135,2.963000,14
17,136,5.246000,13
17,137,3.636000,10
17,138,3.208000,8
17,139,3.693000,9
17,140,3.085000,7
17,141,3.059000,7
17,142,3.818000,12
17,143,4.004000,9
17,144,2.813000,5
18,1,6.816000,15
18,2,4.788000,14
18,3,4.973000,12
18,4,4.244000,12
18,5,4.447000,12
18,6,4.722000,14
18,7,3.715000,11
18,8,2.178000,7
18,9,1.782000,9
18,10,4.063000,9
18,11,6.185000,15
18,12,4.172000,12
18,13,5.125000,12
18,14,4.157000,12
18,15,3.986000,12
18,16,3.617000,12
18,17,4.944000,13
18,18,2.100000,11
18,19,3.101000,7
18,20,2.902000,6
18,21,5.241000,9
18,22,3.709000,9
18,23,4.206000,9
18,24,3.354000,6
18,25,3.872000,9
18,26,2.855000,5
18,27,4.450000,12
18,28,4.396000,12
18,29,2.662000,5
18,30,3.864000,5
18,31,5.509000,12
18,32,3.983000,12
18,33,4.490000,12
18,34,5.320000,14
18,35,3.312000,12
18,36,2.632000,5
18,37,3.344000,6
18,38,5.035000,13
18,39,4.169000,12
18,40,4.120000,12
18,41,3.264000,5
18,42,3.998000,12
18,43,2.407000,5
18,44,4.204000,12
18,45,4.631000,13
18,46,4.285000,13
18,47,4.302000,9
18,48,3.666000,5
18,49,3.199000,5
18,50,2.147000,4
18,51,3.330000,9
18,52,3.584000,9
18,53,2.849000,6
18,54,2.676000,5
18,55,4.293000,11
18,56,5.135000,11
18,57,5.986000,15
18,58,4.917000,13
18,59,4.026000,12
18,60,4.320000,13
18,61,3.572000,13
18,62,3.690000,9
18,63,2.308000,9
18,64,3.800000,9
18,65,3.553000,9
18,66,4.081000,9
18,67,3.431000,7
18,68,5.090000,13
18,69,4.044000,10
18,70,3.972000,13
18,71,3.776000,12
18,72,3.976000,12
18,73,5.424000,15
18,74,4.988000,9
18,75,3.870000,9
18,76,4.446000,9
18,77,3.949000,9
18,78,4.670000,12
18,79,3.297000,7
18,80,4.890000,13
18,81,3.929000,11
18,82,3.764000,11
18,83,4.573000,11
18,84,4.815000,11
18,85,4.785000,11
18,86,4.264000,11
18,87,4.000000,11
18,88,4.180000,11
18,89,3.391000,11
18,90,1.878000,11
18,91,3.498000,11
18,92,4.496000,11
18,93,4.096000,11
18,94,4.680000,11
18,95,4.526000,10
18,96,4.344000,10
18,97,4.355000,11
18,98,4.987000,11
18,99,2.789000,10
18,100,4.305000,10
18,101,4.836000,10
18,102,4.956000,11
18,103,4.476000,11
18,104,4.308000,10
18,105,4.000000,10
18,106,4.156000,10
18,107,3.629000,10
18,108,1.337000,10
18,109,4.158000,10
18,110,4.548000,10
18,111,5.031000,10
18,112,4.906000,10
18,113,4.221000,10
18,114,4.034000,10
18,115,4.256000,10
18,116,5.032000,10
18,117,2.638000,10
18,118,4.078000,10
18,119,3.905000,10
18,120,4.233000,11
18,121,4.687000,10
18,122,4.064000,11
18,123,4.628000,11
18,124,4.829000,10
18,125,4.412000,10
18,126,2.991000,10
18,127,3.804000,10
18,128,4.541000,10
18,129,4.842000,11
18,130,4.907000,11
18,131,4.026000,10
18,132,3.937000,11
18,133,4.096000,11
18,134,4.447000,15
18,135,1.783000,13
18,136,4.605000,13
18,137,3.381000,7
18,138,3.944000,9
18,139,3.447000,7
18,140,4.234000,7
18,141,4.031000,10
18,142,5.086000,13
18,143,5.625000,14
18,144,2.298000,5
19,1,4.816000,14
19,2,5.351000,15
19,3,4.042000,12
19,4,4.152000,12
19,5,4.500000,12
19,6,4.435000,12
19,7,4.681000,12
19,8,4.505000,13
19,9,2.124000,8
19,10,4.156000,9
19,11,4.561000,9
19,12,3.912000,12
19,13,4.747000,12
19,14,4.040000,12
19,15,4.519000,12
19,16,3.635000,12
19,17,3.749000,12
19,18,3.581000,12
19,19,8.444000,28
19,20,8.647000,29
19,21,4.399000,12
19,22,4.089000,8
19,23,3.277000,9
19,24,2.342000,5
19,25,2.956000,9
19,26,2.283000,5
19,27,2.843000,12
19,28,4.512000,12
19,29,2.785000,5
19,30,8.771000,27
19,31,5.184000,12
19,32,4.137000,12
19,33,4.380000,12
19,34,4.082000,13
19,35,3.356000,12
19,36,1.574000,5
19,37,3.483000,6
19,38,4.431000,12
19,39,4.461000,12
19,40,4.041000,12
19,41,2.662000,5
19,42,4.975000,12
19,43,2.537000,5
19,44,3.952000,12
19,45,3.456000,9
19,46,3.880000,9
19,47,3.376000,9
19,48,2.785000,5
19,49,3.394000,6
19,50,2.424000,4
19,51,4.181000,9
19,52,4.805000,12
19,53,2.530000,5
19,54,8.934000,28
19,55,3.583000,11
19,56,5.033000,12
19,57,4.373000,12
19,58,3.840000,12
19,59,4.199000,12
19,60,3.936000,13
19,61,3.360000,9
19,62,3.919000,9
19,63,3.885000,9
19,64,3.886000,9
19,65,4.618000,9
19,66,3.604000,8
19,67,6.045000,14
19,68,4.926000,10
19,69,4.496000,13
19,70,5.169000,15
19,71,4.845000,15
19,72,2.158000,12
19,73,3.607000,9
19,74,4.566000,12
19,75,2.814000,9
19,76,3.422000,9
19,77,3.910000,9
19,78,4.615000,12
19,79,4.562000,11
19,80,5.335000,14
19,81,3.666000,11
19,82,4.518000,11
19,83,4.439000,11
19,84,3.643000,11
19,85,4.519000,11
19,86,4.560000,11
19,87,4.657000,11
19,88,4.650000,11
19,89,3.485000,11
19,90,1.826000,11
19,91,4.692000,11
19,92,4.247000,11
19,93,5.337000,11
19,94,4.836000,10
19,95,4.694000,11
19,96,4.267000,11
19,97,4.070000,11
19,98,3.566000,11
19,99,2.679000,11
19,100,4.778000,11
19,101,5.034000,11
19,102,4.186000,10
19,103,4.634000,10
19,104,4.009000,10
19,105,4.650000,11
19,106,4.399000,11
19,107,3.202000,11
19,108,1.048000,11
19,109,4.179000,11
19,110,4.255000,11
19,111,4.010000,11
19,112,5.033000,11
19,113,5.727000,11
19,114,4.547000,11
19,115,3.873000,11
19,116,2.711000,11
19,117,1.982000,11
19,118,4.512000,11
19,119,4.616000,11
19,120,4.393000,10
19,121,4.173000,11
19,122,5.125000,10
19,123,4.066000,10
19,124,5.001000,11
19,125,3.793000,11
19,126,2.750000,11
19,127,3.886000,11
19,128,4.091000,11
19,129,3.777000,11
19,130,4.414000,10
19,131,5.059000,10
19,132,4.227000,11
19,133,5.792000,14
19,134,4.654000,15
19,135,3.213000,13
19,136,5.177000,12
19,137,3.337000,8
19,138,3.236000,9
19,139,3.106000,9
19,140,4.103000,9
19,141,4.217000,8
19,142,3.667000,8
19,143,3.339000,10
19,144,2.276000,5
20,1,4.876000,15
20,2,5.572000,16
20,3,4.737000,12
20,4,4.125000,12
20,5,4.093000,12
20,6,3.657000,12
20,7,3.716000,9
20,8,4.529000,14
20,9,2.500000,15
20,10,3.873000,9
20,11,3.517000,9
20,12,3.391000,9
20,13,3.781000,12
20,14,4.612000,12
20,15,4.332000,12
20,16,3.675000,12
20,17,4.188000,12
20,18,3.824000,12
20,19,4.309000,13
20,20,4.436000,12
20,21,3.693000,11
20,22,4.619000,15
20,23,4.275000,12
20,24,2.940000,6
20,25,3.667000,9
20,26,2.452000,5
20,27,4.695000,12
20,28,3.716000,12
20,29,2.294000,6
20,30,3.721000,9
20,31,5.067000,12
20,32,4.635000,13
20,33,4.633000,12
20,34,4.256000,13
20,35,4.871000,12
20,36,2.289000,5
20,37,2.675000,6
20,38,3.621000,12
20,39,4.202000,13
20,40,5.007000,13
20,41,3.743000,7
20,42,4.729000,12
20,43,2.852000,5
20,44,5.039000,12
20,45,2.345000,9
20,46,3.984000,9
20,47,3.504000,9
20,48,2.595000,6
20,49,2.492000,6
20,50,3.249000,5
20,51,4.148000,12
20,52,3.642000,9
20,53,9.856000,28
20,54,2.108000,10
20,55,4.314000,12
20,56,4.029000,12
20,57,4.688000,11
20,58,3.596000,12
20,59,4.108000,13
20,60,3.900000,9
20,61,3.641000,9
20,62,3.116000,9
20,63,4.310000,9
20,64,3.458000,9
20,65,3.524000,9
20,66,5.010000,13
20,67,3.207000,10
20,68,5.017000,13
20,69,4.855000,13
20,70,4.694000,15
20,71,4.905000,15
20,72,2.843000,12
20,73,3.602000,9
20,74,4.633000,12
20,75,3.291000,9
20,76,3.967000,9
20,77,3.138000,8
20,78,4.267000,13
20,79,5.322000,13
20,80,3.997000,11
20,81,3.973000,11
20,82,3.708000,11
20,83,4.449000,11
20,84,4.140000,11
20,85,4.859000,11
20,86,3.565000,11
20,87,4.234000,11
20,88,4.018000,11
20,89,4.425000,11
20,90,3.425000,11
20,91,4.593000,11
20,92,4.065000,11
20,93,3.777000,11
20,94,5.081000,11
20,95,4.409000,10
20,96,4.602000,10
20,97,4.046000,10
20,98,4.697000,10
20,99,2.580000,10
20,100,4.037000,10
20,101,4.985000,10
20,102,4.384000,11
20,103,4.208000,11
20,104,3.921000,10
20,105,4.206000,10
20,106,5.710000,10
20,107,4.535000,10
20,108,2.239000,10
20,109,3.881000,10
20,110,5.054000,10
20,111,3.800000,10
20,112,4.410000,10
20,113,4.334000,10
20,114,4.125000,10
20,115,4.321000,10
20,116,4.402000,10
20,117,3.012000,10
20,118,4.309000,10
20,119,4.280000,11
20,120,3.611000,11
20,121,4.243000,10
20,122,4.001000,11
20,123,4.029000,11
20,124,3.745000,10
20,125,4.089000,10
20,126,2.790000,10
20,127,4.572000,10
20,128,4.073000,10
20,129,3.787000,11
20,130,4.613000,11
20,131,3.751000,10
20,132,4.411000,11
20,133,6.686000,17
20,134,3.979000,12
20,135,2.543000,13
20,136,3.029000,9
20,137,3.216000,8
20,138,3.882000,9
20,139,3.686000,7
20,140,3.985000,11
20,141,4.071000,8
20,142,5.483000,13
20,143,3.442000,8
20,144,2.694000,5
21,1,5.242000,13
21,2,5.727000,18
21,3,5.154000,14
21,4,5.393000,14
21,5,3.945000,12
21,6,4.198000,12
21,7,3.957000,13
21,8,3.642000,12
21,9,1.705000,12
21,10,3.571000,9
21,11,3.329000,9
21,12,3.713000,9
21,13,4.839000,14
21,14,6.178000,15
21,15,4.278000,14
21,16,4.276000,12
21,17,3.626000,12
21,18,3.861000,12
21,19,4.365000,12
21,20,4.992000,12
21,21,4.682000,13
21,22,3.811000,10
21,23,5.442000,14
21,24,2.126000,5
21,25,3.615000,9
21,26,2.336000,5
21,27,2.958000,9
21,28,3.839000,9
21,29,3.030000,7
21,30,3.819000,9
21,31,4.647000,13
21,32,3.350000,9
21,33,4.539000,13
21,34,6.970000,22
21,35,2.934000,9
21,36,2.528000,27
21,37,2.986000,6
21,38,4.297000,13
21,39,3.041000,9
21,40,3.693000,9
21,41,2.515000,5
21,42,4.530000,13
21,43,2.711000,5
21,44,3.903000,9
21,45,4.158000,9
21,46,3.699000,9
21,47,3.340000,9
21,48,2.307000,5
21,49,2.910000,5
21,50,2.512000,5
21,51,5.670000,16
21,52,3.719000,10
21,53,4.936000,14
21,54,4.113000,12
21,55,3.873000,12
21,56,4.223000,14
21,57,5.125000,11
21,58,4.727000,15
21,59,4.581000,14
21,60,4.059000,12
21,61,4.417000,12
21,62,3.636000,12
21,63,2.961000,12
21,64,4.860000,12
21,65,4.174000,13
21,66,5.220000,15
21,67,5.238000,14
21,68,4.154000,13
21,69,5.647000,14
21,70,4.375000,14
21,71,3.407000,16
21,72,1.244000,13
21,73,4.381000,12
21,74,4.246000,13
21,75,4.110000,12
21,76,3.802000,12
21,77,4.860000,13
21,78,4.118000,13
21,79,3.847000,10
21,80,3.617000,11
21,81,4.136000,11
21,82,4.115000,11
21,83,3.243000,11
21,84,5.095000,11
21,85,3.643000,11
21,86,4.746000,12
21,87,3.962000,11
21,88,4.492000,11
21,89,4.213000,11
21,90,3.407000,11
21,91,4.748000,11
21,92,4.247000,11
21,93,4.285000,11
21,94,4.201000,11
21,95,4.585000,11
21,96,3.554000,11
21,97,4.122000,12
21,98,4.106000,12
21,99,3.676000,11
21,100,4.117000,11
21,101,4.743000,11
21,102,4.689000,11
21,103,4.999000,11
21,104,4.018000,11
21,105,4.231000,11
21,106,3.922000,11
21,107,4.149000,11
21,108,3.007000,11
21,109,4.559000,11
21,110,4.438000,11
21,111,4.423000,11
21,112,4.810000,11
21,113,4.756000,11
21,114,4.619000,11
21,115,4.876000,11
21,116,3.548000,11
21,117,2.620000,11
21,118,3.844000,11
21,119,4.343000,11
21,120,4.775000,11
21,121,3.741000,11
21,122,3.883000,11
21,123,4.394000,11
21,124,4.978000,11
21,125,3.680000,11
21,126,2.418000,11
21,127,4.370000,11
21,128,4.373000,11
21,129,4.465000,11
21,130,3.325000,11
21,131,3.904000,10
21,132,5.628000,14
21,133,4.863000,15
21,134,3.894000,14
21,135,3.253000,11
21,136,3.665000,9
21,137,3.684000,9
21,138,3.619000,7
21,139,3.758000,10
21,140,4.522000,12
21,141,4.641000,13
21,142,4.559000,12
21,143,3.548000,8
21,144,2.527000,5
22,1,5.455000,15
22,2,4.382000,11
22,3,4.391000,14
22,4,5.214000,14
22,5,4.429000,12
22,6,4.061000,12
22,7,5.371000,13
22,8,5.496000,15
22,9,1.656000,13
22,10,3.796000,10
22,11,3.106000,9
22,12,3.231000,9
22,13,3.703000,9
22,14,4.588000,14
22,15,4.594000,15
22,16,5.044000,14
22,17,4.918000,12
22,18,3.924000,12
22,19,4.625000,12
22,20,4.205000,12
22,21,3.744000,12
22,22,5.502000,15
22,23,6.216000,17
22,24,3.953000,6
22,25,3.534000,9
22,26,2.406000,5
22,27,3.860000,9
22,28,3.009000,9
22,29,2.229000,5
22,30,3.180000,9
22,31,4.281000,13
22,32,4.510000,9
22,33,4.671000,13
22,34,6.622000,20
22,35,3.882000,9
22,36,3.512000,9
22,37,3.787000,8
22,38,4.381000,13
22,39,3.166000,9
22,40,3.828000,9
22,41,3.075000,5
22,42,3.622000,9
22,43,2.620000,6
22,44,4.075000,9
22,45,4.070000,9
22,46,3.490000,9
22,47,3.634000,9
22,48,3.039000,5
22,49,3.256000,5
22,50,2.818000,5
22,51,7.015000,18
22,52,4.684000,12
22,53,5.327000,14
22,54,4.212000,13
22,55,5.014000,15
22,56,4.808000,14
22,57,4.216000,10
22,58,4.893000,14
22,59,5.666000,15
22,60,4.030000,12
22,61,4.790000,12
22,62,3.839000,12
22,63,2.856000,12
22,64,4.265000,12
22,65,4.514000,13
22,66,5.231000,13
22,67,4.712000,13
22,68,4.506000,13
22,69,5.198000,14
22,70,5.522000,14
22,71,4.947000,16
22,72,1.608000,13
22,73,4.631000,12
22,74,4.661000,13
22,75,3.543000,12
22,76,4.493000,12
22,77,4.850000,13
22,78,6.441000,15
22,79,3.991000,10
22,80,4.663000,11
22,81,3.182000,11
22,82,4.264000,10
22,83,4.424000,11
22,84,4.395000,11
22,85,4.769000,11
22,86,4.522000,12
22,87,4.810000,11
22,88,5.371000,11
22,89,3.956000,11
22,90,2.289000,11
22,91,3.994000,11
22,92,4.427000,11
22,93,4.263000,11
22,94,5.096000,11
22,95,5.297000,11
22,96,4.255000,11
22,97,3.974000,11
22,98,4.117000,11
22,99,3.652000,11
22,100,4.114000,11
22,101,4.273000,11
22,102,5.340000,11
22,103,4.557000,11
22,104,4.418000,11
22,105,4.055000,11
22,106,4.302000,11
22,107,5.418000,11
22,108,3.208000,11
22,109,5.024000,11
22,110,4.385000,11
22,111,4.293000,11
22,112,5.018000,11
22,113,4.512000,11
22,114,4.804000,11
22,115,4.970000,11
22,116,4.355000,11
22,117,2.323000,11
22,118,4.631000,11
22,119,4.240000,11
22,120,3.832000,11
22,121,3.682000,11
22,122,4.377000,11
22,123,4.532000,11
22,124,4.377000,11
22,125,4.537000,11
22,126,3.744000,11
22,127,4.775000,11
22,128,4.760000,11
22,129,4.619000,11
22,130,5.067000,11
22,131,4.629000,11
22,132,6.013000,15
22,133,5.897000,14
22,134,3.496000,13
22,135,1.391000,9
22,136,3.133000,9
22,137,3.131000,9
22,138,3.240000,7
22,139,3.579000,9
22,140,6.507000,19
22,141,3.313000,9
22,142,3.823000,8
22,143,4.419000,8
22,144,3.005000,5
23,1,6.870000,15
23,2,7.996000,14
23,3,6.983000,14
23,4,6.455000,14
23,5,6.129000,14
23,6,4.524000,12
23,7,5.102000,14
23,8,2.311000,15
23,9,0.397000,15
23,10,8.744000,15
23,11,5.092000,9
23,12,6.267000,9
23,13,5.678000,9
23,14,5.821000,14
23,15,7.102000,15
23,16,5.304000,14
23,17,4.174000,12
23,18,1.945000,12
23,19,5.039000,12
23,20,7.167000,12
23,21,5.275000,12
23,22,5.168000,12
23,23,6.167000,17
23,24,3.809000,6
23,25,4.420000,13
23,26,3.920000,6
23,27,3.344000,9
23,28,3.647000,9
23,29,6.109000,6
23,30,5.639000,9
23,31,5.187000,9
23,32,4.704000,9
23,33,4.854000,9
23,34,5.676000,13
23,35,4.108000,9
23,36,3.846000,9
23,37,2.268000,5
23,38,7.846000,13
23,39,5.354000,9
23,40,5.504000,9
23,41,3.222000,5
23,42,3.987000,9
23,43,3.772000,5
23,44,4.376000,9
23,45,4.820000,9
23,46,3.750000,9
23,47,6.711000,9
23,48,4.056000,6
23,49,3.535000,5
23,50,10.759000,29
23,51,5.011000,12
23,52,4.637000,12
23,53,5.622000,14
23,54,4.035000,15
23,55,5.493000,14
23,56,8.392000,14
23,57,5.242000,11
23,58,6.323000,14
23,59,4.809000,12
23,60,4.546000,12
23,61,5.297000,12
23,62,4.959000,12
23,63,3.410000,12
23,64,4.762000,13
23,65,7.757000,13
23,66,8.473000,18
23,67,5.778000,13
23,68,4.592000,14
23,69,5.636000,14
23,70,5.100000,13
23,71,5.197000,15
23,72,2.580000,13
23,73,5.503000,12
23,74,7.813000,13
23,75,7.252000,12
23,76,5.268000,12
23,77,5.815000,14
23,78,6.670000,14
23,79,3.772000,10
23,80,5.038000,11
23,81,2.598000,11
23,82,4.869000,10
23,83,7.839000,11
23,84,5.392000,11
23,85,6.247000,11
23,86,5.146000,11
23,87,4.314000,11
23,88,5.532000,11
23,89,4.619000,11
23,90,3.795000,11
23,91,5.040000,11
23,92,6.905000,11
23,93,5.164000,11
23,94,5.932000,11
23,95,6.135000,11
23,96,4.371000,11
23,97,4.709000,11
23,98,5.470000,11
23,99,3.969000,11
23,100,4.760000,11
23,101,6.067000,11
23,102,6.904000,11
23,103,5.255000,11
23,104,5.446000,11
23,105,5.244000,11
23,106,4.334000,11
23,107,4.956000,11
23,108,3.627000,11
23,109,6.132000,11
23,110,7.054000,11
23,111,6.343000,11
23,112,5.511000,11
23,113,6.303000,11
23,114,5.371000,11
23,115,4.154000,11
23,116,4.940000,11
23,117,2.702000,11
23,118,5.487000,11
23,119,7.796000,11
23,120,5.468000,11
23,121,6.147000,11
23,122,5.022000,11
23,123,4.681000,11
23,124,4.536000,11
23,125,4.360000,11
23,126,4.201000,11
23,127,5.498000,11
23,128,7.370000,11
23,129,6.316000,11
23,130,6.731000,11
23,131,6.613000,16
23,132,5.001000,14
23,133,4.702000,14
23,134,3.409000,7
23,135,2.872000,9
23,136,4.079000,9
23,137,6.318000,9
23,138,4.059000,8
23,139,6.048000,9
23,140,4.921000,9
23,141,6.543000,16
23,142,4.271000,8
23,143,4.244000,8
23,144,3.445000,5
24,1,5.805000,14
24,2,5.811000,14
24,3,4.493000,14
24,4,7.138000,14
24,5,7.148000,14
24,6,4.717000,12
24,7,4.272000,14
24,8,6.250000,15
24,9,2.070000,17
24,10,6.354000,15
24,11,3.576000,9
24,12,4.051000,9
24,13,3.954000,9
24,14,5.588000,9
24,15,6.832000,14
24,16,4.980000,15
24,17,4.591000,14
24,18,3.837000,12
24,19,5.505000,12
24,20,5.316000,12
24,21,4.320000,12
24,22,5.455000,12
24,23,7.343000,14
24,24,10.468000,30
24,25,4.440000,15
24,26,2.591000,5
24,27,1.667000,9
24,28,3.924000,9
24,29,3.160000,6
24,30,4.692000,9
24,31,4.014000,9
24,32,4.460000,9
24,33,5.500000,9
24,34,5.675000,11
24,35,4.380000,9
24,36,3.240000,9
24,37,2.791000,5
24,38,4.312000,9
24,39,4.548000,9
24,40,3.768000,9
24,41,4.302000,6
24,42,6.732000,9
24,43,3.970000,6
24,44,6.244000,9
24,45,3.210000,9
24,46,4.712000,9
24,47,3.765000,10
24,48,2.739000,5
24,49,12.962000,31
24,50,6.952000,14
24,51,3.700000,12
24,52,3.823000,12
24,53,4.045000,13
24,54,4.216000,14
24,55,5.508000,14
24,56,6.498000,15
24,57,4.282000,10
24,58,6.799000,15
24,59,6.530000,12
24,60,5.013000,12
24,61,4.299000,12
24,62,3.603000,12
24,63,1.954000,12
24,64,5.510000,13
24,65,5.798000,14
24,66,8.026000,19
24,67,7.216000,14
24,68,5.893000,14
24,69,4.181000,14
24,70,4.682000,14
24,71,3.811000,12
24,72,2.724000,13
24,73,5.503000,12
24,74,5.309000,13
24,75,3.937000,12
24,76,5.503000,12
24,77,6.780000,13
24,78,6.424000,14
24,79,4.832000,12
24,80,4.103000,11
24,81,3.509000,11
24,82,5.812000,11
24,83,5.012000,11
24,84,4.631000,11
24,85,5.480000,11
24,86,5.789000,11
24,87,5.918000,11
24,88,4.449000,11
24,89,4.716000,11
24,90,3.900000,11
24,91,5.804000,11
24,92,5.576000,11
24,93,4.071000,11
24,94,5.939000,11
24,95,7.507000,11
24,96,4.648000,11
24,97,3.875000,11
24,98,4.561000,11
24,99,4.128000,11
24,100,5.502000,11
24,101,5.316000,11
24,102,4.336000,11
24,103,5.655000,11
24,104,6.671000,11
24,105,4.522000,9
24,106,3.942000,9
24,107,3.953000,9
24,108,3.651000,9
24,109,5.237000,9
24,110,4.100000,9
24,111,4.173000,9
24,112,4.261000,9
24,113,5.508000,9
24,114,6.831000,11
24,115,5.374000,11
24,116,3.579000,11
24,117,4.331000,11
24,118,5.505000,11
24,119,4.947000,11
24,120,4.878000,11
24,121,5.852000,11
24,122,6.751000,11
24,123,5.026000,11
24,124,4.241000,11
24,125,4.222000,11
24,126,3.132000,11
24,127,5.174000,11
24,128,5.039000,11
24,129,4.789000,11
24,130,5.630000,12
24,131,7.880000,16
24,132,5.690000,14
24,133,3.720000,11
24,134,3.598000,9
24,135,3.127000,9
24,136,4.688000,9
24,137,3.548000,9
24,138,4.135000,9
24,139,4.364000,9
24,140,4.716000,9
24,141,6.326000,13
24,142,4.971000,9
24,143,4.009000,8
24,144,2.723000,6
25,1,6.676000,14
25,2,6.238000,13
25,3,5.718000,12
25,4,5.888000,14
25,5,5.857000,14
25,6,5.198000,12
25,7,4.717000,14
25,8,4.644000,15
25,9,2.653000,16
25,10,6.073000,14
25,11,4.284000,9
25,12,4.955000,9
25,13,5.782000,9
25,14,4.104000,9
25,15,5.251000,14
25,16,5.878000,14
25,17,5.403000,14
25,18,3.533000,12
25,19,6.389000,12
25,20,4.945000,12
25,21,5.449000,12
25,22,6.002000,12
25,23,5.431000,12
25,24,5.343000,13
25,25,7.352000,11
25,26,3.461000,6
25,27,3.059000,12
25,28,4.328000,7
25,29,2.737000,5
25,30,5.664000,9
25,31,5.543000,9
25,32,4.715000,9
25,33,4.957000,9
25,34,4.164000,7
25,35,4.067000,9
25,36,3.807000,9
25,37,3.756000,7
25,38,4.593000,9
25,39,4.750000,9
25,40,4.510000,9
25,41,3.759000,5
25,42,4.430000,9
25,43,3.738000,6
25,44,4.404000,9
25,45,4.201000,9
25,46,4.505000,8
25,47,5.841000,14
25,48,11.850000,29
25,49,7.416000,17
25,50,4.961000,12
25,51,4.468000,12
25,52,3.960000,12
25,53,3.556000,15
25,54,1.241000,14
25,55,6.819000,15
25,56,6.742000,14
25,57,6.584000,12
25,58,5.366000,12
25,59,5.625000,12
25,60,5.152000,12
25,61,4.726000,12
25,62,4.134000,12
25,63,2.432000,12
25,64,6.140000,13
25,65,8.942000,18
25,66,6.780000,16
25,67,5.589000,14
25,68,5.244000,14
25,69,4.742000,12
25,70,5.350000,15
25,71,2.102000,12
25,72,0.394000,13
25,73,6.385000,13
25,74,6.528000,13
25,75,5.252000,12
25,76,6.170000,14
25,77,6.542000,14
25,78,5.305000,11
25,79,4.881000,12
25,80,3.869000,11
25,81,2.658000,11
25,82,6.066000,11
25,83,5.170000,11
25,84,6.551000,11
25,85,5.651000,11
25,86,5.272000,12
25,87,4.841000,11
25,88,5.019000,11
25,89,3.977000,11
25,90,3.219000,11
25,91,5.380000,11
25,92,7.088000,11
25,93,5.789000,11
25,94,5.560000,11
25,95,5.022000,11
25,96,5.572000,11
25,97,4.778000,11
25,98,4.706000,11
25,99,2.275000,11
25,100,6.380000,11
25,101,3.879000,9
25,102,5.426000,9
25,103,5.618000,9
25,104,3.988000,9
25,105,5.150000,9
25,106,5.213000,9
25,107,4.528000,9
25,108,4.195000,9
25,109,5.518000,9
25,110,5.418000,9
25,111,5.542000,9
25,112,5.155000,9
25,113,5.012000,9
25,114,4.794000,9
25,115,4.990000,9
25,116,4.080000,9
25,117,3.437000,9
25,118,6.012000,11
25,119,5.605000,11
25,120,5.651000,11
25,121,6.149000,11
25,122,5.372000,11
25,123,5.550000,11
25,124,4.629000,11
25,125,4.317000,11
25,126,3.331000,11
25,127,5.113000,11
25,128,6.932000,11
25,129,6.105000,11
25,130,7.373000,15
25,131,6.419000,16
25,132,5.009000,11
25,133,3.468000,7
25,134,2.421000,9
25,135,1.597000,9
25,136,5.556000,9
25,137,4.855000,9
25,138,4.510000,8
25,139,7.509000,18
25,140,3.349000,7
25,141,4.979000,12
25,142,5.563000,11
25,143,4.382000,8
25,144,3.412000,5
26,1,6.191000,14
26,2,5.515000,16
26,3,6.370000,16
26,4,5.657000,16
26,5,6.372000,14
26,6,4.530000,13
26,7,6.100000,14
26,8,4.605000,17
26,9,1.281000,15
26,10,5.832000,16
26,11,6.652000,15
26,12,4.472000,12
26,13,5.063000,13
26,14,4.860000,12
26,15,6.104000,16
26,16,5.021000,14
26,17,4.362000,13
26,18,2.650000,13
26,19,5.217000,13
26,20,5.435000,13
26,21,4.831000,13
26,22,5.159000,14
26,23,6.555000,14
26,24,4.208000,12
26,25,4.828000,13
26,26,2.108000,5
26,27,1.255000,12
26,28,3.506000,9
26,29,4.133000,6
26,30,4.930000,12
26,31,4.038000,9
26,32,4.597000,11
26,33,3.630000,9
26,34,10.018000,25
26,35,4.789000,11
26,36,3.670000,11
26,37,3.983000,6
26,38,3.896000,9
26,39,4.585000,11
26,40,4.314000,11
26,41,2.450000,5
26,42,4.441000,11
26,43,8.333000,22
26,44,4.445000,11
26,45,5.040000,12
26,46,5.512000,13
26,47,6.400000,17
26,48,5.336000,14
26,49,5.132000,14
26,50,5.102000,13
26,51,6.192000,14
26,52,4.999000,14
26,53,4.694000,13
26,54,2.677000,14
26,55,4.747000,13
26,56,5.012000,14
26,57,3.598000,10
26,58,4.762000,13
26,59,4.828000,12
26,60,5.669000,13
26,61,5.022000,13
26,62,5.556000,14
26,63,2.650000,13
26,64,6.771000,17
26,65,6.532000,14
26,66,5.030000,13
26,67,5.410000,13
26,68,6.242000,13
26,69,4.362000,13
26,70,5.097000,13
26,71,4.388000,13
26,72,2.025000,13
26,73,4.499000,13
26,74,5.569000,15
26,75,5.638000,15
26,76,5.767000,16
26,77,6.010000,14
26,78,5.718000,12
26,79,5.271000,12
26,80,4.295000,11
26,81,2.600000,11
26,82,4.751000,11
26,83,3.970000,10
26,84,4.866000,11
26,85,4.982000,11
26,86,5.128000,10
26,87,4.965000,11
26,88,4.942000,11
26,89,3.906000,10
26,90,4.162000,11
26,91,5.151000,11
26,92,4.841000,11
26,93,4.997000,11
26,94,4.921000,11
26,95,5.340000,11
26,96,5.550000,11
26,97,5.270000,11
26,98,5.151000,11
26,99,3.592000,11
26,100,5.233000,11
26,101,4.550000,10
26,102,3.753000,9
26,103,4.780000,9
26,104,4.402000,9
26,105,4.242000,9
26,106,3.905000,9
26,107,4.510000,10
26,108,4.967000,10
26,109,4.214000,10
26,110,3.887000,10
26,111,4.653000,10
26,112,4.628000,10
26,113,5.107000,10
26,114,5.290000,10
26,115,4.520000,10
26,116,4.230000,10
26,117,4.217000,10
26,118,4.742000,10
26,119,4.358000,10
26,120,3.559000,10
26,121,4.546000,10
26,122,3.985000,10
26,123,5.361000,11
26,124,4.021000,10
26,125,5.048000,11
26,126,5.415000,11
26,127,4.939000,11
26,128,4.520000,11
26,129,5.590000,13
26,130,6.663000,15
26,131,7.029000,16
26,132,4.687000,12
26,133,3.800000,8
26,134,3.612000,9
26,135,2.980000,9
26,136,3.553000,9
26,137,3.506000,9
26,138,3.284000,7
26,139,6.597000,16
26,140,3.840000,7
26,141,8.386000,22
26,142,6.472000,16
26,143,3.447000,8
26,144,2.431000,6
27,1,5.271000,12
27,2,5.051000,14
27,3,7.761000,16
27,4,6.608000,14
27,5,5.896000,14
27,6,4.915000,13
27,7,5.701000,14
27,8,4.050000,14
27,9,1.919000,15
27,10,6.054000,16
27,11,5.206000,13
27,12,6.275000,14
27,13,5.720000,13
27,14,5.291000,13
27,15,6.120000,14
27,16,5.557000,15
27,17,5.238000,13
27,18,1.796000,13
27,19,4.621000,13
27,20,4.699000,13
27,21,7.267000,13
27,22,5.635000,13
27,23,6.839000,14
27,24,5.252000,13
27,25,4.651000,12
27,26,2.820000,5
27,27,3.662000,12
27,28,5.278000,12
27,29,8.586000,22
27,30,5.288000,12
27,31,4.234000,9
27,32,4.643000,11
27,33,4.772000,9
27,34,3.713000,11
27,35,5.310000,11
27,36,3.104000,11
27,37,3.548000,6
27,38,4.195000,9
27,39,4.492000,11
27,40,5.349000,11
27,41,3.562000,6
27,42,5.166000,11
27,43,5.710000,13
27,44,4.224000,11
27,45,5.043000,12
27,46,5.523000,13
27,47,5.368000,13
27,48,6.178000,14
27,49,5.804000,15
27,50,4.653000,13
27,51,5.583000,14
27,52,5.370000,13
27,53,5.126000,13
27,54,3.122000,14
27,55,5.521000,14
27,56,5.727000,15
27,57,6.122000,12
27,58,5.889000,13
27,59,4.912000,12
27,60,5.350000,13
27,61,5.312000,13
27,62,5.436000,14
27,63,2.950000,16
27,64,7.498000,18
27,65,6.165000,14
27,66,5.740000,14
27,67,5.843000,13
27,68,4.825000,13
27,69,4.998000,13
27,70,6.010000,13
27,71,4.120000,13
27,72,1.821000,13
27,73,5.244000,13
27,74,6.740000,17
27,75,6.514000,15
27,76,4.730000,13
27,77,5.995000,14
27,78,5.317000,12
27,79,4.691000,12
27,80,4.890000,11
27,81,2.368000,11
27,82,4.903000,11
27,83,5.562000,11
27,84,5.755000,11
27,85,5.072000,11
27,86,4.434000,10
27,87,4.949000,11
27,88,3.912000,10
27,89,4.392000,10
27,90,4.812000,11
27,91,4.284000,11
27,92,4.139000,11
27,93,4.348000,11
27,94,5.412000,11
27,95,4.575000,11
27,96,4.540000,10
27,97,4.318000,10
27,98,4.134000,10
27,99,4.386000,9
27,100,4.623000,9
27,101,4.164000,9
27,102,4.555000,10
27,103,4.939000,10
27,104,4.207000,10
27,105,4.853000,10
27,106,4.657000,10
27,107,4.777000,10
27,108,5.348000,10
27,109,4.900000,10
27,110,5.009000,10
27,111,4.573000,10
27,112,5.395000,10
27,113,4.988000,10
27,114,5.454000,10
27,115,4.610000,10
27,116,4.900000,10
27,117,4.183000,10
27,118,5.253000,10
27,119,4.426000,9
27,120,4.106000,10
27,121,5.018000,10
27,122,5.431000,10
27,123,5.568000,11
27,124,4.770000,11
27,125,4.914000,11
27,126,4.449000,11
27,127,4.380000,9
27,128,5.210000,14
27,129,8.450000,15
27,130,7.828000,16
27,131,7.019000,19
27,132,3.115000,7
27,133,4.059000,9
27,134,4.196000,9
27,135,2.366000,9
27,136,4.209000,9
27,137,4.120000,9
27,138,3.731000,7
27,139,6.393000,13
27,140,3.970000,7
27,141,4.526000,10
27,142,6.212000,14
27,143,3.875000,8
27,144,2.363000,6
28,1,5.080000,12
28,2,4.450000,13
28,3,5.412000,15
28,4,6.132000,16
28,5,5.612000,14
28,6,4.923000,13
28,7,5.804000,14
28,8,4.310000,15
28,9,1.608000,15
28,10,5.674000,14
28,11,7.348000,15
28,12,4.362000,12
28,13,5.772000,13
28,14,6.276000,13
28,15,5.063000,13
28,16,5.486000,16
28,17,1.509000,15
28,18,0.458000,13
28,19,4.652000,13
28,20,5.058000,13
28,21,4.840000,13
28,22,5.382000,13
28,23,4.485000,13
28,24,5.922000,14
28,25,5.302000,13
28,26,2.766000,5
28,27,4.372000,19
28,28,4.807000,13
28,29,4.957000,13
28,30,4.462000,12
28,31,4.378000,9
28,32,5.734000,12
28,33,3.871000,9
28,34,4.417000,11
28,35,4.902000,11
28,36,3.512000,11
28,37,3.277000,6
28,38,3.393000,9
28,39,5.078000,11
28,40,4.625000,11
28,41,3.078000,5
28,42,5.178000,11
28,43,5.622000,13
28,44,4.939000,10
28,45,3.963000,13
28,46,5.061000,14
28,47,5.815000,15
28,48,4.841000,15
28,49,4.710000,13
28,50,4.880000,14
28,51,4.543000,13
28,52,5.172000,14
28,53,4.336000,13
28,54,3.707000,15
28,55,5.680000,15
28,56,5.682000,15
28,57,5.373000,13
28,58,4.884000,13
28,59,5.073000,12
28,60,5.740000,13
28,61,4.728000,13
28,62,2.900000,15
28,63,1.050000,16
28,64,6.079000,17
28,65,5.033000,13
28,66,5.660000,14
28,67,5.191000,14
28,68,4.787000,13
28,69,4.880000,13
28,70,5.700000,13
28,71,4.889000,13
28,72,1.738000,13
28,73,4.607000,13
28,74,5.277000,16
28,75,6.170000,16
28,76,5.123000,13
28,77,4.548000,13
28,78,5.010000,12
28,79,4.130000,12
28,80,4.636000,12
28,81,3.153000,11
28,82,4.811000,10
28,83,4.304000,11
28,84,4.957000,11
28,85,4.866000,11
28,86,4.752000,10
28,87,5.708000,11
28,88,3.471000,10
28,89,5.112000,11
28,90,3.848000,10
28,91,4.139000,10
28,92,4.733000,10
28,93,4.180000,10
28,94,3.750000,10
28,95,4.752000,10
28,96,4.545000,10
28,97,4.884000,10
28,98,3.858000,10
28,99,4.034000,9
28,100,4.815000,9
28,101,4.294000,11
28,102,4.329000,10
28,103,3.903000,10
28,104,5.099000,10
28,105,4.517000,10
28,106,5.267000,10
28,107,4.635000,10
28,108,4.208000,10
28,109,4.800000,10
28,110,5.545000,10
28,111,4.373000,10
28,112,4.940000,10
28,113,4.648000,10
28,114,4.792000,10
28,115,4.231000,10
28,116,5.391000,10
28,117,3.690000,10
28,118,4.397000,9
28,119,5.267000,10
28,120,4.408000,10
28,121,4.024000,10
28,122,4.724000,10
28,123,4.480000,10
28,124,3.891000,9
28,125,4.175000,9
28,126,4.161000,9
28,127,4.809000,10
28,128,6.862000,15
28,129,6.615000,15
28,130,5.332000,13
28,131,5.260000,15
28,132,3.186000,8
28,133,3.735000,9
28,134,3.557000,9
28,135,2.598000,9
28,136,4.116000,9
28,137,4.524000,9
28,138,3.135000,7
28,139,4.366000,10
28,140,2.790000,7
28,141,5.946000,11
28,142,5.990000,14
28,143,3.744000,8
28,144,2.853000,6
29,1,5.508000,12
29,2,6.190000,15
29,3,5.460000,14
29,4,6.163000,13
29,5,5.064000,13
29,6,5.414000,14
29,7,5.356000,15
29,8,3.989000,13
29,9,2.612000,14
29,10,7.350000,16
29,11,6.342000,15
29,12,5.506000,13
29,13,5.258000,14
29,14,4.602000,13
29,15,5.278000,13
29,16,5.236000,13
29,17,4.350000,14
29,18,1.943000,13
29,19,4.937000,13
29,20,4.700000,13
29,21,4.810000,13
29,22,5.168000,13
29,23,4.973000,13
29,24,5.919000,15
29,25,4.533000,13
29,26,2.632000,5
29,27,4.810000,13
29,28,3.800000,10
29,29,5.689000,13
29,30,6.064000,13
29,31,4.531000,9
29,32,5.547000,12
29,33,4.622000,11
29,34,4.804000,12
29,35,4.263000,11
29,36,3.527000,11
29,37,3.539000,6
29,38,4.355000,9
29,39,5.634000,12
29,40,4.987000,12
29,41,3.456000,6
29,42,4.720000,11
29,43,5.087000,11
29,44,5.052000,12
29,45,6.108000,18
29,46,5.656000,14
29,47,5.728000,15
29,48,5.990000,15
29,49,4.582000,13
29,50,5.273000,13
29,51,6.128000,14
29,52,5.617000,14
29,53,4.914000,15
29,54,0.799000,14
29,55,5.960000,15
29,56,5.958000,15
29,57,6.030000,13
29,58,5.408000,13
29,59,4.531000,13
29,60,6.131000,13
29,61,4.768000,14
29,62,4.808000,16
29,63,2.032000,17
29,64,6.892000,17
29,65,5.843000,13
29,66,6.332000,17
29,67,5.382000,16
29,68,4.984000,13
29,69,5.371000,13
29,70,4.899000,13
29,71,3.686000,13
29,72,1.978000,13
29,73,5.542000,14
29,74,6.319000,17
29,75,5.968000,13
29,76,5.052000,13
29,77,6.276000,15
29,78,6.160000,14
29,79,4.123000,11
29,80,3.975000,13
29,81,1.951000,12
29,82,3.990000,11
29,83,5.502000,11
29,84,5.160000,10
29,85,4.556000,10
29,86,4.598000,10
29,87,4.968000,11
29,88,5.446000,10
29,89,4.082000,10
29,90,3.765000,10
29,91,3.501000,9
29,92,5.060000,10
29,93,5.137000,10
29,94,5.122000,9
29,95,3.978000,9
29,96,3.920000,10
29,97,4.504000,10
29,98,3.770000,10
29,99,4.539000,10
29,100,4.497000,10
29,101,4.852000,9
29,102,5.442000,10
29,103,5.805000,10
29,104,4.550000,10
29,105,4.237000,10
29,106,5.000000,10
29,107,4.485000,10
29,108,4.070000,10
29,109,4.777000,10
29,110,4.500000,10
29,111,5.050000,10
29,112,4.146000,10
29,113,5.051000,10
29,114,4.506000,10
29,115,4.582000,10
29,116,3.959000,10
29,117,4.301000,10
29,118,4.130000,10
29,119,4.950000,10
29,120,5.040000,10
29,121,5.160000,10
29,122,4.442000,10
29,123,4.582000,9
29,124,4.662000,10
29,125,3.964000,10
29,126,3.398000,10
29,127,6.470000,16
29,128,6.361000,14
29,129,6.351000,16
29,130,5.281000,13
29,131,5.717000,16
29,132,3.158000,8
29,133,3.727000,9
29,134,4.027000,9
29,135,3.034000,9
29,136,4.444000,9
29,137,3.951000,9
29,138,3.262000,7
29,139,4.642000,10
29,140,3.941000,10
29,141,3.804000,8
29,142,4.071000,9
29,143,4.038000,8
29,144,3.460000,6
30,1,6.020000,13
30,2,4.723000,13
30,3,4.840000,12
30,4,5.994000,14
30,5,5.180000,15
30,6,6.007000,14
30,7,6.040000,15
30,8,3.840000,13
30,9,2.953000,14
30,10,7.004000,16
30,11,7.340000,16
30,12,6.604000,16
30,13,5.694000,13
30,14,4.432000,13
30,15,4.982000,13
30,16,5.095000,13
30,17,4.244000,16
30,18,1.554000,13
30,19,5.646000,13
30,20,4.437000,13
30,21,5.818000,13
30,22,5.365000,13
30,23,5.498000,13
30,24,5.110000,13
30,25,5.651000,15
30,26,3.109000,5
30,27,3.869000,12
30,28,6.194000,14
30,29,5.640000,17
30,30,4.350000,13
30,31,3.604000,8
30,32,4.670000,12
30,33,4.435000,11
30,34,4.896000,12
30,35,4.942000,12
30,36,3.703000,12
30,37,3.078000,6
30,38,4.048000,9
30,39,4.667000,12
30,40,5.335000,12
30,41,3.386000,6
30,42,4.583000,11
30,43,6.357000,14
30,44,4.847000,12
30,45,4.522000,17
30,46,5.116000,13
30,47,5.241000,14
30,48,5.538000,14
30,49,5.371000,13
30,50,5.610000,14
30,51,6.019000,14
30,52,5.618000,14
30,53,4.337000,14
30,54,2.903000,15
30,55,5.879000,15
30,56,5.537000,16
30,57,5.939000,13
30,58,5.437000,13
30,59,5.046000,13
30,60,6.201000,13
30,61,6.109000,14
30,62,5.145000,18
30,63,1.288000,16
30,64,6.707000,16
30,65,5.658000,13
30,66,6.360000,15
30,67,6.181000,15
30,68,4.665000,13
30,69,5.101000,13
30,70,4.458000,13
30,71,4.195000,13
30,72,2.620000,14
30,73,6.302000,17
30,74,5.529000,15
30,75,6.189000,14
30,76,6.418000,14
30,77,5.420000,15
30,78,5.743000,13
30,79,5.053000,12
30,80,3.626000,11
30,81,2.065000,12
30,82,5.261000,12
30,83,5.441000,14
30,84,5.539000,15
30,85,5.654000,13
30,86,5.537000,13
30,87,5.270000,13
30,88,5.642000,11
30,89,4.483000,10
30,90,2.202000,10
30,91,4.359000,9
30,92,4.282000,10
30,93,4.580000,10
30,94,5.070000,10
30,95,5.145000,11
30,96,4.318000,9
30,97,3.581000,9
30,98,5.097000,9
30,99,4.172000,9
30,100,4.094000,9
30,101,3.947000,9
30,102,4.872000,10
30,103,4.738000,10
30,104,5.156000,10
30,105,4.651000,10
30,106,4.919000,10
30,107,4.465000,10
30,108,4.403000,10
30,109,5.646000,10
30,110,4.480000,10
30,111,4.407000,10
30,112,5.460000,10
30,113,5.120000,10
30,114,4.910000,10
30,115,4.292000,10
30,116,4.440000,10
30,117,4.270000,10
30,118,4.811000,10
30,119,3.968000,9
30,120,3.784000,8
30,121,3.910000,8
30,122,4.482000,9
30,123,5.070000,9
30,124,4.240000,9
30,125,3.961000,9
30,126,5.770000,14
30,127,6.083000,14
30,128,5.499000,15
30,129,8.492000,18
30,130,3.956000,10
30,131,5.732000,16
30,132,3.859000,8
30,133,3.798000,9
30,134,4.135000,9
30,135,2.900000,9
30,136,3.741000,9
30,137,4.162000,9
30,138,3.139000,7
30,139,3.921000,10
30,140,4.486000,9
30,141,4.040000,8
30,142,6.817000,16
30,143,4.173000,8
30,144,3.585000,6
31,1,6.197000,13
31,2,5.668000,13
31,3,5.979000,13
31,4,8.299000,18
31,5,6.420000,14
31,6,7.737000,16
31,7,4.646000,10
31,8,6.435000,16
31,9,3.771000,15
31,10,6.192000,15
31,11,8.089000,15
31,12,10.439000,18
31,13,6.326000,15
31,14,8.210000,15
31,15,5.298000,13
31,16,5.839000,13
31,17,4.074000,16
31,18,2.116000,14
31,19,5.779000,15
31,20,6.679000,14
31,21,5.811000,14
31,22,5.113000,13
31,23,6.518000,14
31,24,6.553000,14
31,25,6.253000,14
31,26,9.268000,30
31,27,2.263000,12
31,28,5.813000,13
31,29,5.511000,10
31,30,6.467000,14
31,31,5.625000,12
31,32,4.715000,12
31,33,6.465000,12
31,34,5.827000,12
31,35,5.386000,12
31,36,5.370000,12
31,37,3.446000,7
31,38,6.061000,12
31,39,5.479000,12
31,40,6.169000,12
31,41,11.316000,31
31,42,6.009000,12
31,43,4.296000,8
31,44,5.241000,14
31,45,5.364000,16
31,46,6.200000,15
31,47,7.108000,14
31,48,5.892000,14
31,49,7.182000,15
31,50,6.476000,14
31,51,7.026000,15
31,52,5.845000,15
31,53,6.470000,18
31,54,3.434000,18
31,55,5.771000,14
31,56,7.322000,14
31,57,5.989000,14
31,58,7.640000,14
31,59,6.347000,14
31,60,7.638000,16
31,61,6.194000,18
31,62,3.005000,14
31,63,0.991000,15
31,64,6.840000,15
31,65,7.143000,16
31,66,7.152000,13
31,67,5.452000,10
31,68,7.365000,13
31,69,7.127000,15
31,70,7.230000,15
31,71,5.807000,16
31,72,2.444000,14
31,73,6.707000,14
31,74,7.311000,15
31,75,7.309000,16
31,76,7.048000,16
31,77,7.615000,13
31,78,6.027000,11
31,79,5.135000,12
31,80,5.003000,13
31,81,2.716000,12
31,82,4.766000,12
31,83,5.496000,12
31,84,5.078000,12
31,85,6.943000,15
31,86,5.995000,13
31,87,6.924000,13
31,88,8.367000,17
31,89,7.202000,17
31,90,3.444000,15
31,91,5.726000,14
31,92,6.445000,11
31,93,7.030000,11
31,94,5.454000,10
31,95,5.073000,10
31,96,6.326000,10
31,97,5.980000,11
31,98,6.210000,10
31,99,4.270000,10
31,100,4.922000,11
31,101,5.300000,11
31,102,5.134000,9
31,103,6.517000,11
31,104,5.228000,11
31,105,6.812000,11
31,106,5.704000,10
31,107,5.471000,10
31,108,5.326000,10
31,109,5.760000,10
31,110,6.658000,10
31,111,5.243000,10
31,112,6.358000,11
31,113,5.585000,10
31,114,6.976000,11
31,115,6.447000,12
31,116,6.228000,12
31,117,4.327000,12
31,118,5.707000,12
31,119,6.801000,12
31,120,7.145000,15
31,121,6.730000,14
31,122,8.245000,15
31,123,5.548000,12
31,124,5.547000,13
31,125,6.403000,15
31,126,3.699000,16
31,127,6.644000,14
31,128,5.750000,13
31,129,5.396000,11
31,130,4.888000,7
31,131,8.962000,19
31,132,5.773000,9
31,133,4.612000,9
31,134,4.742000,9
31,135,3.968000,9
31,136,4.290000,9
31,137,4.959000,9
31,138,4.123000,7
31,139,5.447000,9
31,140,4.690000,8
31,141,8.704000,18
31,142,8.517000,17
31,143,4.000000,8
31,144,3.524000,6
32,1,3.954000,12
32,2,3.630000,13
32,3,3.807000,13
32,4,3.782000,13
32,5,4.219000,14
32,6,4.654000,16
32,7,4.264000,14
32,8,3.435000,14
32,9,2.179000,13
32,10,4.068000,13
32,11,4.184000,13
32,12,4.969000,16
32,13,4.465000,16
32,14,4.547000,14
32,15,4.209000,13
32,16,4.032000,13
32,17,3.795000,16
32,18,2.475000,15
32,19,4.311000,15
32,20,4.098000,15
32,21,3.996000,13
32,22,3.896000,14
32,23,4.223000,14
32,24,4.722000,15
32,25,4.010000,14
32,26,3.703000,15
32,27,2.525000,12
32,28,3.882000,12
32,29,3.704000,12
32,30,5.504000,18
32,31,3.071000,12
32,32,3.461000,12
32,33,4.164000,12
32,34,3.523000,12
32,35,3.671000,12
32,36,3.205000,12
32,37,1.803000,5
32,38,3.315000,12
32,39,3.759000,12
32,40,3.410000,12
32,41,3.297000,12
32,42,3.475000,12
32,43,3.912000,12
32,44,4.656000,15
32,45,3.950000,15
32,46,4.064000,15
32,47,4.238000,14
32,48,4.378000,16
32,49,4.071000,14
32,50,4.099000,15
32,51,4.320000,16
32,52,4.918000,16
32,53,4.381000,20
32,54,2.064000,14
32,55,4.570000,14
32,56,4.228000,14
32,57,4.797000,14
32,58,4.184000,14
32,59,4.195000,15
32,60,5.348000,19
32,61,3.887000,14
32,62,3.331000,14
32,63,1.949000,14
32,64,4.072000,14
32,65,4.400000,15
32,66,4.184000,14
32,67,4.539000,15
32,68,4.720000,15
32,69,3.724000,12
32,70,3.674000,13
32,71,2.158000,9
32,72,3.172000,12
32,73,3.748000,13
32,74,4.724000,15
32,75,4.180000,12
32,76,4.539000,15
32,77,2.784000,10
32,78,3.769000,13
32,79,5.930000,20
32,80,3.329000,12
32,81,2.920000,13
32,82,3.467000,12
32,83,3.521000,11
32,84,3.345000,11
32,85,3.760000,12
32,86,3.900000,12
32,87,4.197000,13
32,88,5.139000,16
32,89,4.653000,14
32,90,2.953000,13
32,91,3.785000,13
32,92,4.922000,16
32,93,3.904000,13
32,94,4.580000,13
32,95,5.029000,14
32,96,4.669000,14
32,97,4.336000,13
32,98,3.335000,12
32,99,2.409000,13
32,100,4.562000,13
32,101,4.779000,12
32,102,4.499000,12
32,103,4.681000,12
32,104,4.137000,11
32,105,3.683000,11
32,106,3.694000,11
32,107,3.477000,12
32,108,2.722000,11
32,109,4.568000,10
32,110,3.740000,12
32,111,4.296000,12
32,112,3.902000,11
32,113,4.100000,12
32,114,4.206000,12
32,115,3.681000,12
32,116,3.026000,11
32,117,3.247000,11
32,118,4.060000,12
32,119,4.040000,12
32,120,4.791000,13
32,121,4.571000,15
32,122,3.788000,13
32,123,4.388000,13
32,124,4.952000,15
32,125,4.737000,16
32,126,1.906000,16
32,127,4.569000,17
32,128,5.929000,20
32,129,3.053000,8
32,130,2.203000,7
32,131,5.523000,18
32,132,3.253000,9
32,133,2.908000,9
32,134,2.582000,9
32,135,1.233000,9
32,136,2.695000,9
32,137,3.136000,9
32,138,2.488000,7
32,139,2.922000,10
32,140,3.630000,12
32,141,3.660000,12
32,142,4.140000,13
32,143,2.570000,8
32,144,2.453000,6
33,1,6.275000,12
33,2,5.241000,13
33,3,4.448000,12
33,4,5.636000,13
33,5,6.550000,15
33,6,6.241000,15
33,7,3.738000,12
33,8,4.923000,11
33,9,3.088000,13
33,10,4.994000,12
33,11,5.304000,12
33,12,5.154000,14
33,13,6.459000,15
33,14,6.230000,13
33,15,5.012000,12
33,16,4.139000,13
33,17,4.668000,14
33,18,4.342000,13
33,19,6.281000,15
33,20,6.492000,15
33,21,6.724000,16
33,22,6.310000,15
33,23,6.590000,16
33,24,3.661000,13
33,25,4.422000,14
33,26,5.257000,16
33,27,2.862000,12
33,28,4.691000,12
33,29,6.672000,14
33,30,6.702000,15
33,31,4.913000,12
33,32,5.869000,12
33,33,4.708000,12
33,34,3.648000,12
33,35,3.908000,12
33,36,4.418000,12
33,37,3.316000,5
33,38,5.084000,12
33,39,5.061000,12
33,40,5.122000,12
33,41,5.591000,12
33,42,5.410000,13
33,43,5.119000,15
33,44,3.816000,14
33,45,4.209000,13
33,46,6.272000,15
33,47,6.484000,16
33,48,5.773000,14
33,49,7.048000,15
33,50,7.221000,16
33,51,3.566000,12
33,52,4.337000,14
33,53,5.304000,14
33,54,3.026000,14
33,55,6.660000,15
33,56,7.671000,18
33,57,5.459000,14
33,58,5.652000,15
33,59,6.269000,14
33,60,3.993000,13
33,61,3.348000,13
33,62,5.124000,13
33,63,4.165000,13
33,64,5.973000,14
33,65,4.983000,10
33,66,6.785000,16
33,67,4.362000,11
33,68,4.609000,11
33,69,5.101000,11
33,70,3.276000,7
33,71,4.780000,13
33,72,2.622000,7
33,73,4.263000,12
33,74,3.353000,7
33,75,5.103000,12
33,76,6.962000,15
33,77,3.704000,8
33,78,6.885000,13
33,79,3.784000,12
33,80,3.691000,13
33,81,5.260000,15
33,82,4.491000,12
33,83,4.730000,11
33,84,5.942000,10
33,85,6.125000,11
33,86,5.548000,13
33,87,6.398000,13
33,88,4.655000,16
33,89,4.139000,12
33,90,3.748000,13
33,91,7.986000,17
33,92,6.199000,15
33,93,7.444000,15
33,94,7.503000,15
33,95,4.995000,13
33,96,3.440000,13
33,97,4.311000,13
33,98,3.626000,12
33,99,1.075000,12
33,100,6.269000,12
33,101,6.488000,12
33,102,5.362000,12
33,103,6.082000,12
33,104,7.180000,13
33,105,3.852000,11
33,106,4.418000,12
33,107,5.919000,12
33,108,3.035000,12
33,109,7.039000,12
33,110,7.648000,12
33,111,6.368000,12
33,112,7.165000,13
33,113,6.162000,12
33,114,3.699000,12
33,115,4.429000,12
33,116,4.092000,12
33,117,2.070000,12
33,118,7.041000,13
33,119,5.980000,13
33,120,6.292000,14
33,121,6.784000,14
33,122,6.490000,15
33,123,4.967000,15
33,124,3.811000,13
33,125,5.578000,16
33,126,2.458000,14
33,127,6.275000,16
33,128,5.974000,14
33,129,4.323000,7
33,130,3.847000,7
33,131,9.311000,20
33,132,4.487000,9
33,133,3.140000,9
33,134,3.150000,9
33,135,3.760000,9
33,136,4.566000,9
33,137,4.161000,9
33,138,3.536000,7
33,139,5.749000,10
33,140,4.530000,10
33,141,6.998000,16
33,142,3.943000,13
33,143,3.080000,8
33,144,2.918000,5
34,1,6.050000,12
34,2,6.394000,12
34,3,5.123000,12
34,4,5.875000,13
34,5,7.400000,15
34,6,6.968000,15
34,7,5.448000,8
34,8,7.736000,19
34,9,3.723000,13
34,10,5.605000,11
34,11,5.414000,12
34,12,5.880000,14
34,13,6.362000,12
34,14,5.646000,12
34,15,6.727000,13
34,16,7.109000,16
34,17,6.013000,13
34,18,5.305000,13
34,19,5.246000,12
34,20,7.227000,16
34,21,6.743000,15
34,22,7.170000,15
34,23,7.385000,16
34,24,7.068000,14
34,25,6.187000,14
34,26,6.253000,15
34,27,2.805000,13
34,28,5.603000,14
34,29,4.832000,10
34,30,6.680000,15
34,31,5.748000,12
34,32,6.123000,12
34,33,5.371000,12
34,34,6.228000,12
34,35,5.522000,12
34,36,5.180000,12
34,37,3.572000,5
34,38,5.284000,12
34,39,5.829000,12
34,40,6.078000,12
34,41,6.102000,12
34,42,6.970000,15
34,43,4.289000,10
34,44,6.774000,15
34,45,5.291000,14
34,46,5.320000,14
34,47,6.885000,16
34,48,6.087000,15
34,49,7.362000,15
34,50,6.539000,16
34,51,6.912000,13
34,52,7.573000,15
34,53,6.592000,14
34,54,3.087000,14
34,55,6.935000,16
34,56,6.694000,14
34,57,6.321000,13
34,58,5.874000,13
34,59,6.575000,13
34,60,6.300000,12
34,61,7.470000,15
34,62,4.771000,12
34,63,4.684000,14
34,64,4.188000,7
34,65,5.791000,13
34,66,5.763000,13
34,67,4.618000,12
34,68,6.501000,11
34,69,5.049000,12
34,70,5.450000,10
34,71,4.894000,8
34,72,4.619000,7
34,73,5.613000,13
34,74,3.933000,7
34,75,7.397000,14
34,76,4.191000,9
34,77,5.959000,13
34,78,10.665000,14
34,79,6.259000,13
34,80,5.680000,13
34,81,4.904000,12
34,82,3.695000,8
34,83,5.603000,11
34,84,6.241000,13
34,85,7.224000,15
34,86,6.059000,11
34,87,5.827000,12
34,88,6.529000,13
34,89,6.442000,12
34,90,5.621000,13
34,91,6.987000,16
34,92,8.664000,17
34,93,5.520000,13
34,94,7.893000,15
34,95,7.036000,15
34,96,7.645000,15
34,97,7.890000,14
34,98,4.237000,14
34,99,1.400000,13
34,100,6.148000,12
34,101,6.888000,12
34,102,12.576000,12
34,103,6.176000,12
34,104,7.055000,12
34,105,7.584000,12
34,106,5.138000,11
34,107,3.931000,11
34,108,1.225000,12
34,109,5.845000,11
34,110,8.206000,12
34,111,5.988000,12
34,112,6.501000,12
34,113,6.311000,12
34,114,7.670000,12
34,115,6.881000,12
34,116,5.809000,13
34,117,1.424000,13
34,118,5.593000,12
34,119,6.511000,13
34,120,7.688000,13
34,121,7.609000,14
34,122,5.298000,14
34,123,7.741000,16
34,124,6.740000,16
34,125,7.593000,18
34,126,1.794000,12
34,127,6.373000,13
34,128,4.060000,7
34,129,5.140000,7
34,130,3.300000,7
34,131,12.148000,23
34,132,4.028000,9
34,133,5.528000,9
34,134,4.652000,9
34,135,4.076000,9
34,136,3.806000,9
34,137,4.677000,9
34,138,4.266000,7
34,139,4.449000,10
34,140,5.751000,12
34,141,10.746000,27
34,142,7.542000,13
34,143,4.966000,8
34,144,4.122000,6
35,1,4.724000,13
35,2,3.911000,12
35,3,4.236000,12
35,4,3.805000,12
35,5,4.389000,14
35,6,4.080000,13
35,7,4.556000,15
35,8,3.468000,15
35,9,2.392000,7
35,10,3.125000,11
35,11,3.306000,11
35,12,3.733000,13
35,13,4.680000,14
35,14,5.016000,14
35,15,4.239000,13
35,16,4.523000,13
35,17,4.165000,13
35,18,4.639000,15
35,19,4.718000,13
35,20,3.884000,13
35,21,4.248000,13
35,22,5.542000,16
35,23,4.870000,16
35,24,3.949000,15
35,25,4.752000,16
35,26,3.308000,14
35,27,1.594000,15
35,28,4.588000,14
35,29,4.456000,11
35,30,5.010000,16
35,31,3.949000,13
35,32,4.718000,15
35,33,3.548000,12
35,34,3.601000,12
35,35,3.722000,12
35,36,3.619000,12
35,37,2.837000,8
35,38,4.079000,12
35,39,4.353000,12
35,40,3.682000,12
35,41,4.440000,14
35,42,4.390000,12
35,43,3.325000,10
35,44,4.400000,15
35,45,5.271000,16
35,46,4.520000,16
35,47,7.020000,19
35,48,7.686000,16
35,49,4.655000,16
35,50,4.313000,12
35,51,5.006000,15
35,52,4.195000,14
35,53,1.655000,14
35,54,0.601000,13
35,55,4.577000,14
35,56,3.741000,13
35,57,3.808000,12
35,58,4.652000,15
35,59,4.785000,13
35,60,3.477000,11
35,61,3.576000,11
35,62,4.161000,11
35,63,3.189000,11
35,64,3.081000,7
35,65,3.681000,12
35,66,3.531000,12
35,67,3.969000,11
35,68,3.081000,11
35,69,3.920000,11
35,70,3.885000,10
35,71,3.888000,12
35,72,3.125000,7
35,73,3.370000,13
35,74,2.826000,7
35,75,4.580000,14
35,76,4.529000,11
35,77,3.321000,11
35,78,4.559000,14
35,79,4.737000,13
35,80,3.933000,13
35,81,2.847000,9
35,82,4.376000,13
35,83,3.996000,12
35,84,4.656000,12
35,85,3.607000,11
35,86,3.631000,11
35,87,4.679000,14
35,88,3.929000,12
35,89,3.603000,11
35,90,3.211000,12
35,91,4.920000,16
35,92,4.568000,13
35,93,4.852000,14
35,94,4.541000,16
35,95,3.609000,13
35,96,4.614000,14
35,97,4.369000,13
35,98,4.188000,14
35,99,3.069000,14
35,100,4.126000,14
35,101,4.124000,13
35,102,3.950000,13
35,103,4.870000,13
35,104,3.736000,12
35,105,4.615000,12
35,106,3.879000,12
35,107,4.276000,11
35,108,3.526000,11
35,109,4.612000,12
35,110,3.910000,12
35,111,4.072000,12
35,112,4.657000,13
35,113,4.753000,13
35,114,4.220000,13
35,115,4.582000,13
35,116,3.417000,11
35,117,3.060000,12
35,118,4.148000,13
35,119,4.496000,14
35,120,4.547000,14
35,121,5.085000,16
35,122,3.820000,13
35,123,5.032000,17
35,124,6.411000,19
35,125,4.941000,18
35,126,1.524000,13
35,127,5.937000,19
35,128,2.569000,7
35,129,2.740000,7
35,130,2.824000,8
35,131,4.639000,16
35,132,3.105000,9
35,133,2.545000,9
35,134,3.071000,9
35,135,3.150000,9
35,136,3.390000,9
35,137,3.080000,9
35,138,2.801000,9
35,139,2.874000,9
35,140,3.143000,10
35,141,4.263000,14
35,142,3.908000,12
35,143,3.365000,8
35,144,2.689000,6
36,1,6.783000,13
36,2,5.709000,13
36,3,6.320000,14
36,4,4.772000,13
36,5,3.865000,13
36,6,5.677000,17
36,7,3.766000,11
36,8,2.764000,11
36,9,2.921000,12
36,10,6.379000,12
36,11,6.015000,12
36,12,5.759000,11
36,13,5.298000,11
36,14,3.909000,11
36,15,3.529000,8
36,16,4.160000,13
36,17,4.017000,12
36,18,3.234000,14
36,19,7.663000,15
36,20,6.534000,13
36,21,6.656000,14
36,22,5.221000,17
36,23,4.520000,15
36,24,4.982000,14
36,25,3.941000,14
36,26,3.439000,14
36,27,1.598000,13
36,28,7.217000,13
36,29,5.048000,12
36,30,8.802000,18
36,31,4.559000,14
36,32,5.102000,17
36,33,4.109000,12
36,34,4.484000,14
36,35,3.420000,14
36,36,1.899000,14
36,37,4.106000,7
36,38,7.008000,12
36,39,5.520000,14
36,40,6.430000,16
36,41,4.802000,15
36,42,5.188000,17
36,43,3.524000,11
36,44,3.540000,13
36,45,3.306000,13
36,46,5.799000,13
36,47,7.425000,18
36,48,5.962000,15
36,49,9.150000,17
36,50,4.382000,15
36,51,4.779000,15
36,52,4.055000,15
36,53,2.678000,15
36,54,0.725000,11
36,55,7.173000,13
36,56,5.006000,11
36,57,4.179000,10
36,58,4.420000,8
36,59,3.224000,8
36,60,2.326000,7
36,61,3.083000,7
36,62,3.710000,13
36,63,3.931000,12
36,64,5.901000,11
36,65,6.296000,14
36,66,5.124000,13
36,67,5.236000,12
36,68,3.034000,7
36,69,3.946000,13
36,70,4.101000,13
36,71,3.243000,7
36,72,2.172000,8
36,73,7.251000,13
36,74,6.018000,10
36,75,5.396000,12
36,76,4.247000,10
36,77,4.507000,13
36,78,3.766000,14
36,79,4.209000,14
36,80,3.634000,13
36,81,2.561000,12
36,82,7.572000,14
36,83,5.657000,13
36,84,5.835000,13
36,85,4.950000,13
36,86,2.842000,8
36,87,4.795000,13
36,88,4.055000,13
36,89,3.819000,12
36,90,3.561000,13
36,91,6.380000,13
36,92,5.846000,14
36,93,6.413000,13
36,94,4.947000,13
36,95,3.852000,13
36,96,3.726000,13
36,97,4.177000,14
36,98,4.449000,14
36,99,3.603000,15
36,100,6.385000,13
36,101,6.315000,14
36,102,6.974000,14
36,103,5.436000,13
36,104,3.776000,12
36,105,3.262000,11
36,106,4.108000,11
36,107,3.875000,11
36,108,2.558000,11
36,109,6.736000,11
36,110,5.374000,11
36,111,5.986000,11
36,112,4.749000,12
36,113,5.363000,13
36,114,4.671000,14
36,115,3.608000,12
36,116,4.229000,16
36,117,1.913000,13
36,118,6.377000,13
36,119,5.958000,13
36,120,6.678000,14
36,121,6.163000,14
36,122,4.120000,14
36,123,4.594000,14
36,124,4.375000,15
36,125,3.362000,13
36,126,2.976000,21
36,127,10.066000,24
36,128,4.524000,7
36,129,3.723000,7
36,130,3.401000,8
36,131,6.280000,20
36,132,2.908000,9
36,133,3.113000,9
36,134,3.064000,9
36,135,3.093000,9
36,136,4.676000,9
36,137,4.447000,9
36,138,4.115000,9
36,139,4.310000,9
36,140,5.489000,15
36,141,4.732000,14
36,142,4.655000,14
36,143,3.103000,8
36,144,1.679000,5
37,1,5.512000,14
37,2,4.023000,13
37,3,3.527000,13
37,4,7.343000,13
37,5,4.255000,7
37,6,6.999000,13
37,7,5.490000,11
37,8,4.983000,8
37,9,4.267000,14
37,10,3.637000,11
37,11,4.235000,12
37,12,2.905000,11
37,13,4.235000,12
37,14,4.399000,12
37,15,6.578000,12
37,16,4.923000,8
37,17,7.545000,13
37,18,5.458000,11
37,19,4.195000,13
37,20,3.548000,12
37,21,3.755000,12
37,22,4.846000,14
37,23,8.088000,16
37,24,7.328000,14
37,25,8.185000,14
37,26,9.299000,21
37,27,1.436000,13
37,28,4.833000,14
37,29,3.844000,13
37,30,5.953000,20
37,31,10.438000,20
37,32,9.296000,17
37,33,7.509000,16
37,34,5.840000,15
37,35,1.798000,15
37,36,0.489000,14
37,37,2.452000,6
37,38,4.056000,12
37,39,4.149000,14
37,40,4.425000,14
37,41,8.042000,17
37,42,8.459000,17
37,43,6.731000,12
37,44,7.131000,14
37,45,4.199000,13
37,46,4.170000,14
37,47,4.374000,15
37,48,5.195000,16
37,49,5.029000,17
37,50,8.648000,16
37,51,7.414000,15
37,52,6.267000,12
37,53,4.616000,11
37,54,3.730000,17
37,55,3.822000,8
37,56,2.887000,9
37,57,2.754000,7
37,58,2.897000,8
37,59,2.582000,8
37,60,3.054000,8
37,61,7.558000,16
37,62,7.093000,13
37,63,4.425000,8
37,64,3.514000,10
37,65,4.139000,14
37,66,4.105000,13
37,67,4.132000,12
37,68,6.439000,11
37,69,6.399000,12
37,70,6.327000,12
37,71,6.410000,14
37,72,4.139000,8
37,73,3.825000,13
37,74,3.601000,8
37,75,3.240000,8
37,76,4.477000,13
37,77,5.960000,13
37,78,6.972000,14
37,79,7.750000,14
37,80,7.763000,13
37,81,4.541000,12
37,82,5.152000,14
37,83,4.188000,13
37,84,4.361000,13
37,85,4.917000,13
37,86,7.400000,12
37,87,7.563000,13
37,88,6.787000,13
37,89,6.071000,13
37,90,3.590000,13
37,91,4.463000,13
37,92,3.832000,13
37,93,3.820000,14
37,94,4.421000,14
37,95,8.738000,17
37,96,7.316000,15
37,97,6.848000,14
37,98,6.535000,13
37,99,3.942000,13
37,100,4.128000,13
37,101,4.418000,13
37,102,3.488000,12
37,103,4.052000,14
37,104,6.619000,12
37,105,7.459000,11
37,106,7.498000,12
37,107,6.506000,12
37,108,4.176000,12
37,109,4.692000,12
37,110,4.110000,11
37,111,3.687000,12
37,112,3.343000,13
37,113,6.319000,11
37,114,7.570000,13
37,115,6.425000,14
37,116,7.463000,15
37,117,4.615000,12
37,118,4.776000,14
37,119,4.332000,15
37,120,4.202000,14
37,121,7.762000,21
37,122,7.305000,14
37,123,7.700000,15
37,124,7.959000,13
37,125,4.911000,13
37,126,1.420000,11
37,127,5.996000,20
37,128,2.806000,7
37,129,2.319000,7
37,130,2.808000,8
37,131,6.930000,18
37,132,5.525000,9
37,133,6.257000,9
37,134,5.584000,9
37,135,5.209000,9
37,136,4.017000,9
37,137,3.488000,9
37,138,3.144000,7
37,139,3.681000,11
37,140,7.759000,18
37,141,7.599000,15
37,142,6.710000,13
37,143,6.017000,8
37,144,3.111000,5
38,1,6.820000,14
38,2,6.817000,14
38,3,4.846000,12
38,4,5.884000,13
38,5,3.648000,7
38,6,5.290000,17
38,7,3.538000,11
38,8,3.571000,12
38,9,2.904000,14
38,10,6.054000,11
38,11,7.832000,13
38,12,5.582000,12
38,13,6.876000,12
38,14,4.257000,11
38,15,3.750000,12
38,16,3.299000,12
38,17,4.028000,13
38,18,2.855000,8
38,19,6.143000,13
38,20,6.375000,13
38,21,5.258000,13
38,22,5.510000,13
38,23,5.668000,12
38,24,4.495000,15
38,25,4.088000,15
38,26,6.726000,22
38,27,1.956000,10
38,28,6.420000,13
38,29,6.619000,12
38,30,6.316000,14
38,31,6.757000,17
38,32,5.629000,18
38,33,5.017000,17
38,34,4.799000,16
38,35,3.743000,16
38,36,1.000000,17
38,37,5.851000,8
38,38,5.997000,12
38,39,6.275000,14
38,40,7.543000,17
38,41,5.380000,18
38,42,3.322000,12
38,43,4.200000,12
38,44,3.211000,13
38,45,1.871000,13
38,46,8.130000,16
38,47,8.789000,19
38,48,6.480000,14
38,49,5.621000,14
38,50,3.631000,12
38,51,3.316000,11
38,52,4.349000,14
38,53,3.168000,11
38,54,1.939000,8
38,55,5.426000,8
38,56,6.289000,13
38,57,5.405000,11
38,58,5.073000,8
38,59,6.170000,16
38,60,3.413000,8
38,61,2.354000,7
38,62,3.883000,11
38,63,3.355000,10
38,64,6.175000,13
38,65,6.832000,14
38,66,6.007000,13
38,67,4.636000,8
38,68,4.638000,8
38,69,3.609000,12
38,70,4.783000,16
38,71,4.091000,13
38,72,2.409000,8
38,73,4.074000,7
38,74,6.911000,12
38,75,4.634000,10
38,76,6.305000,13
38,77,6.131000,14
38,78,4.537000,14
38,79,4.031000,14
38,80,4.171000,13
38,81,3.270000,12
38,82,7.180000,14
38,83,6.780000,13
38,84,5.577000,13
38,85,7.130000,13
38,86,4.285000,12
38,87,3.865000,13
38,88,4.719000,13
38,89,3.376000,13
38,90,2.583000,13
38,91,7.586000,13
38,92,6.367000,13
38,93,5.821000,13
38,94,6.565000,13
38,95,3.938000,11
38,96,4.087000,12
38,97,4.342000,14
38,98,4.596000,15
38,99,2.185000,12
38,100,7.830000,14
38,101,6.511000,14
38,102,7.836000,16
38,103,3.923000,10
38,104,3.788000,13
38,105,3.594000,13
38,106,3.928000,13
38,107,2.938000,11
38,108,1.972000,12
38,109,6.413000,11
38,110,5.342000,12
38,111,5.982000,13
38,112,6.967000,14
38,113,4.874000,12
38,114,5.183000,14
38,115,3.967000,14
38,116,4.350000,13
38,117,3.168000,16
38,118,6.843000,14
38,119,6.702000,14
38,120,5.875000,14
38,121,7.016000,13
38,122,4.478000,13
38,123,4.707000,13
38,124,3.540000,12
38,125,3.463000,14
38,126,2.595000,11
38,127,8.352000,18
38,128,4.549000,7
38,129,3.826000,7
38,130,3.949000,8
38,131,8.204000,18
38,132,3.319000,9
38,133,2.899000,9
38,134,3.425000,9
38,135,2.451000,9
38,136,4.902000,9
38,137,4.570000,9
38,138,4.846000,9
38,139,5.708000,11
38,140,6.897000,12
38,141,4.710000,15
38,142,4.326000,13
38,143,3.265000,8
38,144,2.426000,6
39,1,5.295000,14
39,2,3.992000,13
39,3,3.032000,12
39,4,5.240000,14
39,5,4.128000,12
39,6,4.601000,14
39,7,4.055000,11
39,8,4.787000,11
39,9,2.604000,12
39,10,3.175000,11
39,11,4.378000,12
39,12,4.168000,12
39,13,3.391000,13
39,14,3.345000,12
39,15,3.172000,11
39,16,3.722000,11
39,17,3.038000,8
39,18,5.853000,13
39,19,3.748000,13
39,20,4.646000,13
39,21,3.576000,13
39,22,4.100000,13
39,23,4.179000,13
39,24,4.103000,13
39,25,5.786000,13
39,26,3.468000,14
39,27,1.345000,18
39,28,4.263000,15
39,29,4.390000,12
39,30,4.058000,13
39,31,5.047000,16
39,32,4.728000,17
39,33,4.302000,13
39,34,6.379000,16
39,35,1.909000,16
39,36,0.334000,17
39,37,2.802000,7
39,38,3.742000,12
39,39,4.277000,15
39,40,4.410000,17
39,41,4.305000,13
39,42,3.967000,13
39,43,3.977000,10
39,44,5.960000,16
39,45,2.686000,12
39,46,5.857000,18
39,47,4.687000,15
39,48,4.868000,13
39,49,3.384000,11
39,50,4.480000,11
39,51,4.358000,11
39,52,4.141000,11
39,53,3.700000,11
39,54,1.880000,8
39,55,4.267000,12
39,56,3.308000,8
39,57,3.674000,11
39,58,4.841000,16
39,59,3.084000,8
39,60,4.317000,14
39,61,2.883000,8
39,62,5.490000,14
39,63,2.744000,14
39,64,3.723000,12
39,65,4.082000,13
39,66,4.542000,16
39,67,3.718000,11
39,68,3.299000,11
39,69,3.545000,12
39,70,4.114000,13
39,71,5.031000,13
39,72,3.564000,11
39,73,2.902000,7
39,74,3.483000,11
39,75,3.718000,13
39,76,3.430000,12
39,77,3.915000,13
39,78,4.510000,14
39,79,4.228000,14
39,80,4.878000,13
39,81,4.383000,12
39,82,4.976000,14
39,83,4.877000,13
39,84,4.203000,13
39,85,4.096000,13
39,86,3.823000,12
39,87,4.599000,13
39,88,5.510000,13
39,89,3.799000,13
39,90,2.093000,13
39,91,3.758000,13
39,92,4.041000,13
39,93,3.366000,13
39,94,3.962000,13
39,95,3.911000,14
39,96,3.964000,11
39,97,4.351000,13
39,98,6.645000,14
39,99,3.257000,14
39,100,4.777000,16
39,101,4.206000,15
39,102,4.440000,14
39,103,3.453000,10
39,104,3.987000,14
39,105,4.718000,14
39,106,4.050000,13
39,107,5.117000,13
39,108,2.921000,13
39,109,3.431000,12
39,110,3.287000,12
39,111,4.082000,14
39,112,3.871000,13
39,113,4.428000,14
39,114,3.989000,13
39,115,5.243000,17
39,116,5.753000,14
39,117,3.391000,14
39,118,5.690000,21
39,119,3.764000,14
39,120,3.750000,13
39,121,4.070000,13
39,122,4.291000,13
39,123,3.932000,11
39,124,4.174000,11
39,125,5.104000,13
39,126,2.308000,8
39,127,5.104000,19
39,128,2.447000,7
39,129,2.304000,7
39,130,2.679000,7
39,131,6.259000,22
39,132,2.518000,9
39,133,4.047000,9
39,134,3.114000,9
39,135,4.490000,9
39,136,3.214000,9
39,137,2.822000,9
39,138,3.466000,9
39,139,3.066000,11
39,140,3.200000,9
39,141,6.021000,20
39,142,4.175000,13
39,143,4.127000,8
39,144,1.795000,5
40,1,5.203000,14
40,2,3.503000,13
40,3,4.252000,13
40,4,4.619000,13
40,5,6.704000,15
40,6,4.273000,11
40,7,6.322000,11
40,8,4.333000,16
40,9,2.393000,10
40,10,3.920000,11
40,11,3.943000,13
40,12,3.569000,13
40,13,4.478000,13
40,14,6.210000,13
40,15,5.479000,12
40,16,4.407000,11
40,17,3.360000,12
40,18,2.607000,12
40,19,4.151000,12
40,20,4.699000,13
40,21,3.949000,13
40,22,5.026000,13
40,23,7.071000,14
40,24,6.154000,14
40,25,5.205000,12
40,26,2.971000,11
40,27,3.721000,20
40,28,4.923000,16
40,29,4.594000,13
40,30,5.003000,16
40,31,7.064000,17
40,32,5.697000,14
40,33,5.902000,15
40,34,4.773000,12
40,35,3.814000,17
40,36,1.981000,18
40,37,2.790000,7
40,38,4.805000,18
40,39,5.142000,17
40,40,7.069000,14
40,41,5.675000,15
40,42,6.400000,13
40,43,4.650000,12
40,44,3.693000,17
40,45,1.776000,17
40,46,5.135000,15
40,47,4.389000,13
40,48,3.984000,15
40,49,4.988000,11
40,50,5.677000,11
40,51,4.269000,11
40,52,5.688000,11
40,53,3.763000,11
40,54,2.515000,9
40,55,3.303000,8
40,56,3.018000,8
40,57,3.601000,11
40,58,3.151000,8
40,59,3.392000,8
40,60,5.089000,9
40,61,4.014000,8
40,62,5.873000,14
40,63,4.836000,13
40,64,4.147000,13
40,65,4.506000,14
40,66,4.163000,13
40,67,4.046000,12
40,68,5.401000,12
40,69,4.687000,12
40,70,6.261000,15
40,71,3.811000,14
40,72,2.040000,9
40,73,3.313000,8
40,74,3.749000,12
40,75,3.657000,12
40,76,5.711000,11
40,77,6.952000,15
40,78,6.283000,14
40,79,4.958000,14
40,80,3.534000,13
40,81,2.100000,12
40,82,4.210000,14
40,83,4.647000,13
40,84,4.105000,13
40,85,4.443000,13
40,86,5.850000,12
40,87,6.518000,13
40,88,6.244000,13
40,89,4.138000,13
40,90,3.554000,13
40,91,5.226000,13
40,92,4.068000,13
40,93,4.538000,13
40,94,5.758000,13
40,95,6.219000,13
40,96,5.684000,13
40,97,5.062000,13
40,98,3.760000,14
40,99,2.320000,14
40,100,4.699000,14
40,101,3.032000,8
40,102,3.998000,12
40,103,6.216000,14
40,104,5.419000,13
40,105,4.835000,13
40,106,6.294000,13
40,107,4.074000,14
40,108,3.072000,14
40,109,3.828000,13
40,110,3.933000,13
40,111,4.167000,13
40,112,4.500000,12
40,113,6.023000,12
40,114,11.691000,23
40,115,4.880000,16
40,116,3.291000,14
40,117,1.885000,18
40,118,4.924000,15
40,119,4.112000,13
40,120,4.281000,13
40,121,4.469000,13
40,122,5.607000,13
40,123,5.379000,11
40,124,5.455000,11
40,125,4.287000,12
40,126,2.819000,12
40,127,5.862000,19
40,128,2.661000,7
40,129,2.717000,7
40,130,2.852000,7
40,131,7.461000,18
40,132,4.313000,9
40,133,3.794000,9
40,134,4.956000,9
40,135,3.304000,9
40,136,3.749000,9
40,137,3.189000,9
40,138,3.227000,9
40,139,3.823000,12
40,140,5.184000,8
40,141,5.578000,11
40,142,7.193000,15
40,143,4.729000,8
40,144,2.296000,6
41,1,5.259000,15
41,2,4.877000,14
41,3,4.243000,13
41,4,4.524000,14
41,5,5.803000,16
41,6,3.494000,11
41,7,3.827000,13
41,8,2.450000,13
41,9,1.737000,13
41,10,3.377000,9
41,11,3.607000,9
41,12,4.878000,13
41,13,4.725000,13
41,14,3.942000,13
41,15,4.141000,13
41,16,3.034000,8
41,17,2.409000,8
41,18,3.193000,11
41,19,4.091000,13
41,20,3.427000,11
41,21,3.599000,10
41,22,3.421000,10
41,23,3.183000,10
41,24,3.770000,10
41,25,4.056000,11
41,26,3.289000,12
41,27,3.820000,14
41,28,5.899000,20
41,29,5.286000,15
41,30,6.459000,18
41,31,4.123000,15
41,32,5.396000,16
41,33,5.248000,18
41,34,3.590000,18
41,35,1.763000,15
41,36,1.029000,18
41,37,8.964000,31
41,38,4.396000,17
41,39,4.698000,17
41,40,6.003000,17
41,41,5.289000,19
41,42,2.988000,12
41,43,3.254000,23
41,44,1.125000,20
41,45,0.511000,18
41,46,3.591000,11
41,47,3.905000,12
41,48,3.561000,10
41,49,3.545000,10
41,50,3.317000,10
41,51,4.442000,11
41,52,3.719000,11
41,53,3.664000,13
41,54,2.850000,12
41,55,3.139000,8
41,56,2.775000,8
41,57,4.056000,11
41,58,3.086000,8
41,59,2.552000,7
41,60,3.530000,8
41,61,5.128000,13
41,62,3.890000,13
41,63,2.649000,8
41,64,2.488000,8
41,65,4.129000,13
41,66,4.173000,14
41,67,3.050000,8
41,68,2.919000,7
41,69,3.030000,8
41,70,2.856000,8
41,71,3.635000,11
41,72,3.079000,9
41,73,4.091000,12
41,74,2.794000,8
41,75,4.257000,13
41,76,4.508000,14
41,77,3.587000,11
41,78,4.642000,13
41,79,4.193000,13
41,80,3.550000,13
41,81,3.038000,12
41,82,4.354000,14
41,83,4.432000,13
41,84,4.534000,13
41,85,4.551000,14
41,86,3.135000,8
41,87,4.338000,14
41,88,4.181000,14
41,89,3.774000,13
41,90,2.798000,13
41,91,3.774000,13
41,92,4.238000,13
41,93,4.224000,13
41,94,4.558000,13
41,95,4.069000,14
41,96,4.300000,14
41,97,4.526000,13
41,98,3.416000,13
41,99,2.543000,13
41,100,4.728000,15
41,101,5.233000,16
41,102,5.237000,17
41,103,3.470000,12
41,104,3.532000,12
41,105,4.799000,13
41,106,3.782000,14
41,107,4.459000,17
41,108,2.268000,15
41,109,5.267000,15
41,110,4.283000,14
41,111,4.164000,13
41,112,3.739000,10
41,113,4.439000,14
41,114,5.376000,17
41,115,5.432000,20
41,116,3.417000,20
41,117,1.593000,14
41,118,4.356000,14
41,119,4.711000,13
41,120,4.267000,14
41,121,4.023000,14
41,122,3.678000,13
41,123,4.619000,13
41,124,3.884000,13
41,125,3.308000,13
41,126,3.316000,18
41,127,9.139000,27
41,128,3.246000,9
41,129,2.489000,7
41,130,3.492000,10
41,131,5.992000,20
41,132,3.677000,9
41,133,2.980000,9
41,134,2.682000,9
41,135,2.367000,9
41,136,3.067000,9
41,137,2.979000,9
41,138,3.136000,9
41,139,2.903000,11
41,140,3.272000,8
41,141,3.899000,12
41,142,4.725000,14
41,143,2.617000,8
41,144,2.210000,5
42,1,4.757000,15
42,2,5.199000,14
42,3,4.191000,13
42,4,4.319000,14
42,5,4.047000,14
42,6,4.102000,13
42,7,3.763000,13
42,8,3.453000,14
42,9,1.931000,13
42,10,4.267000,14
42,11,2.743000,9
42,12,2.495000,7
42,13,2.859000,8
42,14,4.387000,13
42,15,4.245000,13
42,16,3.974000,13
42,17,2.670000,8
42,18,3.450000,12
42,19,3.068000,8
42,20,3.721000,12
42,21,3.402000,10
42,22,3.294000,10
42,23,3.111000,10
42,24,3.416000,10
42,25,3.533000,10
42,26,4.640000,12
42,27,4.005000,12
42,28,4.483000,13
42,29,9.007000,31
42,30,6.187000,22
42,31,4.813000,15
42,32,4.385000,15
42,33,3.993000,16
42,34,2.522000,15
42,35,1.372000,13
42,36,0.429000,16
42,37,3.616000,10
42,38,5.113000,15
42,39,3.977000,15
42,40,4.060000,14
42,41,5.492000,18
42,42,5.230000,18
42,43,4.745000,15
42,44,3.097000,16
42,45,1.501000,12
42,46,4.037000,12
42,47,4.453000,12
42,48,3.052000,10
42,49,3.375000,10
42,50,4.481000,11
42,51,3.563000,11
42,52,3.400000,10
42,53,3.722000,12
42,54,2.817000,8
42,55,2.659000,8
42,56,2.990000,8
42,57,3.861000,11
42,58,2.576000,7
42,59,2.576000,8
42,60,4.126000,10
42,61,4.313000,13
42,62,3.595000,8
42,63,3.475000,14
42,64,2.829000,7
42,65,3.751000,12
42,66,4.422000,15
42,67,3.381000,8
42,68,4.645000,14
42,69,3.293000,8
42,70,4.176000,10
42,71,2.634000,7
42,72,3.185000,11
42,73,4.288000,14
42,74,4.071000,11
42,75,4.616000,12
42,76,3.946000,13
42,77,4.236000,14
42,78,4.263000,13
42,79,3.399000,13
42,80,3.540000,13
42,81,2.867000,12
42,82,4.038000,14
42,83,4.683000,13
42,84,4.253000,13
42,85,4.560000,14
42,86,2.872000,8
42,87,4.845000,14
42,88,3.512000,14
42,89,3.393000,13
42,90,2.050000,13
42,91,4.756000,13
42,92,4.631000,13
42,93,4.093000,13
42,94,4.354000,13
42,95,4.358000,14
42,96,4.617000,14
42,97,4.141000,13
42,98,3.003000,13
42,99,1.864000,13
42,100,3.811000,10
42,101,5.684000,16
42,102,5.965000,20
42,103,4.026000,14
42,104,3.977000,14
42,105,4.382000,13
42,106,3.709000,13
42,107,1.943000,7
42,108,2.181000,14
42,109,3.440000,13
42,110,4.764000,16
42,111,4.015000,13
42,112,3.602000,10
42,113,4.788000,14
42,114,6.838000,17
42,115,5.610000,19
42,116,2.375000,13
42,117,1.369000,13
42,118,4.035000,14
42,119,3.473000,13
42,120,3.845000,14
42,121,4.735000,14
42,122,3.495000,13
42,123,3.878000,13
42,124,4.673000,13
42,125,3.678000,13
42,126,3.463000,14
42,127,7.236000,21
42,128,3.319000,10
42,129,2.953000,7
42,130,2.589000,8
42,131,5.975000,19
42,132,3.312000,9
42,133,3.155000,9
42,134,2.885000,9
42,135,2.340000,9
42,136,2.822000,9
42,137,3.520000,9
42,138,3.584000,9
42,139,3.236000,9
42,140,3.036000,8
42,141,4.111000,11
42,142,3.722000,10
42,143,3.546000,8
42,144,2.034000,6
43,1,5.859000,16
43,2,4.228000,14
43,3,4.096000,13
43,4,3.664000,14
43,5,5.058000,15
43,6,3.758000,12
43,7,3.121000,10
43,8,2.861000,13
43,9,2.074000,13
43,10,5.242000,15
43,11,3.850000,13
43,12,2.567000,7
43,13,2.909000,8
43,14,3.271000,8
43,15,4.003000,13
43,16,4.284000,14
43,17,3.228000,13
43,18,2.190000,13
43,19,3.081000,8
43,20,4.001000,13
43,21,3.602000,12
43,22,3.209000,10
43,23,3.140000,10
43,24,3.963000,12
43,25,3.895000,12
43,26,3.650000,12
43,27,3.292000,13
43,28,4.741000,13
43,29,4.768000,15
43,30,4.091000,13
43,31,4.873000,17
43,32,5.331000,17
43,33,2.842000,7
43,34,2.678000,7
43,35,3.010000,13
43,36,1.904000,11
43,37,4.167000,13
43,38,4.745000,15
43,39,2.873000,7
43,40,2.933000,10
43,41,3.410000,11
43,42,5.244000,17
43,43,5.147000,16
43,44,2.975000,12
43,45,2.388000,12
43,46,3.371000,12
43,47,3.355000,12
43,48,4.391000,10
43,49,2.972000,10
43,50,3.225000,10
43,51,3.044000,10
43,52,3.696000,12
43,53,3.240000,10
43,54,2.833000,8
43,55,2.823000,8
43,56,2.642000,8
43,57,3.554000,11
43,58,2.391000,7
43,59,3.090000,9
43,60,3.805000,12
43,61,4.038000,13
43,62,4.513000,15
43,63,2.848000,8
43,64,3.067000,11
43,65,4.611000,15
43,66,5.300000,15
43,67,4.037000,14
43,68,4.877000,14
43,69,4.219000,14
43,70,2.738000,9
43,71,1.899000,10
43,72,1.869000,14
43,73,4.438000,14
43,74,3.067000,8
43,75,3.915000,12
43,76,4.522000,13
43,77,3.411000,12
43,78,3.720000,13
43,79,3.900000,13
43,80,3.560000,13
43,81,2.928000,12
43,82,4.619000,14
43,83,4.524000,13
43,84,4.111000,13
43,85,4.105000,14
43,86,2.892000,8
43,87,4.190000,14
43,88,4.058000,14
43,89,3.930000,13
43,90,2.121000,13
43,91,3.710000,13
43,92,4.142000,13
43,93,4.736000,13
43,94,4.384000,13
43,95,5.193000,14
43,96,4.066000,14
43,97,4.178000,13
43,98,2.619000,13
43,99,1.892000,13
43,100,4.141000,13
43,101,4.442000,13
43,102,4.616000,15
43,103,3.937000,15
43,104,4.793000,14
43,105,3.634000,12
43,106,3.656000,13
43,107,3.353000,16
43,108,1.192000,13
43,109,3.885000,13
43,110,3.059000,11
43,111,3.531000,12
43,112,3.434000,9
43,113,3.871000,12
43,114,4.546000,16
43,115,3.370000,12
43,116,3.630000,12
43,117,2.797000,13
43,118,4.698000,14
43,119,4.463000,13
43,120,3.775000,14
43,121,4.415000,14
43,122,3.665000,13
43,123,4.535000,13
43,124,3.390000,12
43,125,2.204000,13
43,126,0.448000,11
43,127,6.053000,20
43,128,2.845000,7
43,129,3.370000,10
43,130,3.362000,7
43,131,5.650000,19
43,132,3.132000,8
43,133,2.880000,9
43,134,2.374000,9
43,135,1.961000,9
43,136,2.823000,9
43,137,3.207000,9
43,138,3.185000,9
43,139,2.862000,7
43,140,3.056000,8
43,141,3.778000,10
43,142,3.342000,11
43,143,3.008000,8
43,144,2.224000,5
44,1,4.495000,16
44,2,3.779000,12
44,3,4.419000,14
44,4,4.671000,14
44,5,5.052000,15
44,6,4.183000,14
44,7,2.811000,10
44,8,3.168000,12
44,9,1.055000,9
44,10,4.849000,15
44,11,3.930000,14
44,12,3.241000,8
44,13,3.362000,8
44,14,2.305000,8
44,15,2.882000,8
44,16,4.020000,13
44,17,3.188000,13
44,18,3.138000,12
44,19,2.240000,8
44,20,3.961000,11
44,21,4.111000,13
44,22,4.265000,12
44,23,3.058000,10
44,24,3.174000,10
44,25,3.208000,12
44,26,3.953000,13
44,27,2.895000,10
44,28,4.601000,12
44,29,4.858000,15
44,30,4.040000,15
44,31,4.811000,15
44,32,3.151000,10
44,33,2.454000,7
44,34,2.964000,9
44,35,2.374000,7
44,36,2.827000,9
44,37,4.251000,16
44,38,2.588000,7
44,39,3.431000,8
44,40,2.875000,9
44,41,3.459000,10
44,42,3.050000,8
44,43,2.909000,10
44,44,3.148000,14
44,45,3.072000,13
44,46,4.215000,12
44,47,4.339000,12
44,48,3.190000,12
44,49,3.175000,10
44,50,3.181000,10
44,51,4.173000,12
44,52,4.100000,13
44,53,2.902000,10
44,54,2.823000,8
44,55,3.003000,8
44,56,3.214000,8
44,57,3.337000,11
44,58,2.669000,8
44,59,4.216000,12
44,60,4.520000,13
44,61,4.391000,14
44,62,2.399000,8
44,63,3.255000,11
44,64,4.602000,14
44,65,4.169000,14
44,66,4.201000,15
44,67,3.996000,13
44,68,4.510000,14
44,69,4.114000,15
44,70,2.955000,9
44,71,3.185000,11
44,72,1.643000,8
44,73,4.311000,13
44,74,2.324000,7
44,75,3.961000,12
44,76,4.073000,13
44,77,5.445000,18
44,78,3.966000,13
44,79,3.328000,13
44,80,3.591000,13
44,81,2.380000,12
44,82,4.761000,14
44,83,3.998000,13
44,84,3.945000,13
44,85,4.786000,14
44,86,3.043000,8
44,87,4.140000,14
44,88,4.682000,14
44,89,3.268000,13
44,90,0.680000,13
44,91,4.093000,13
44,92,4.909000,13
44,93,3.908000,13
44,94,4.368000,13
44,95,4.286000,14
44,96,3.816000,14
44,97,3.549000,13
44,98,3.497000,13
44,99,1.884000,13
44,100,3.780000,13
44,101,3.303000,9
44,102,4.893000,15
44,103,5.725000,18
44,104,4.037000,14
44,105,3.420000,12
44,106,3.910000,14
44,107,3.267000,13
44,108,1.946000,14
44,109,3.811000,12
44,110,3.591000,12
44,111,3.481000,12
44,112,2.887000,9
44,113,3.423000,11
44,114,6.093000,18
44,115,4.182000,12
44,116,3.401000,12
44,117,2.709000,13
44,118,4.602000,14
44,119,3.743000,13
44,120,4.439000,14
44,121,4.131000,14
44,122,4.378000,13
44,123,3.748000,13
44,124,3.491000,12
44,125,3.472000,12
44,126,1.847000,10
44,127,7.870000,27
44,128,2.370000,7
44,129,3.343000,10
44,130,2.994000,7
44,131,5.200000,19
44,132,2.632000,8
44,133,2.944000,9
44,134,2.659000,9
44,135,1.580000,9
44,136,2.723000,9
44,137,3.654000,9
44,138,2.852000,9
44,139,2.189000,7
44,140,2.879000,8
44,141,3.913000,11
44,142,3.807000,11
44,143,2.825000,8
44,144,1.698000,5
45,1,4.818000,13
45,2,4.108000,14
45,3,3.884000,12
45,4,4.535000,15
45,5,5.247000,15
45,6,4.573000,15
45,7,2.558000,8
45,8,2.752000,13
45,9,1.377000,12
45,10,3.584000,11
45,11,4.292000,12
45,12,3.413000,8
45,13,3.537000,8
45,14,3.567000,8
45,15,3.346000,8
45,16,4.205000,14
45,17,3.408000,13
45,18,2.186000,12
45,19,3.837000,13
45,20,2.351000,10
45,21,3.492000,11
45,22,3.456000,12
45,23,3.395000,11
45,24,3.180000,10
45,25,3.230000,11
45,26,2.848000,10
45,27,2.864000,10
45,28,3.580000,12
45,29,3.989000,14
45,30,4.363000,13
45,31,2.565000,8
45,32,2.829000,10
45,33,3.985000,15
45,34,2.739000,8
45,35,3.808000,15
45,36,3.409000,15
45,37,3.844000,15
45,38,3.935000,15
45,39,3.186000,9
45,40,2.608000,9
45,41,3.331000,11
45,42,5.434000,18
45,43,2.990000,9
45,44,2.863000,10
45,45,3.068000,12
45,46,3.229000,12
45,47,3.072000,12
45,48,3.410000,10
45,49,2.783000,10
45,50,3.757000,13
45,51,4.144000,12
45,52,2.836000,10
45,53,2.828000,10
45,54,2.852000,8
45,55,3.046000,8
45,56,2.927000,8
45,57,3.664000,11
45,58,3.814000,12
45,59,3.935000,13
45,60,3.740000,13
45,61,2.689000,8
45,62,2.610000,8
45,63,2.634000,8
45,64,5.358000,16
45,65,4.818000,15
45,66,4.030000,14
45,67,4.457000,14
45,68,4.876000,14
45,69,3.074000,9
45,70,2.996000,12
45,71,2.385000,10
45,72,1.559000,12
45,73,2.933000,8
45,74,3.487000,8
45,75,4.457000,13
45,76,3.911000,13
45,77,3.852000,13
45,78,3.699000,13
45,79,3.682000,13
45,80,3.514000,13
45,81,2.725000,12
45,82,4.089000,14
45,83,4.715000,13
45,84,3.945000,13
45,85,3.510000,14
45,86,2.844000,8
45,87,3.847000,14
45,88,4.519000,14
45,89,3.650000,13
45,90,2.472000,13
45,91,4.142000,13
45,92,3.684000,13
45,93,4.483000,13
45,94,4.039000,13
45,95,4.199000,14
45,96,4.542000,14
45,97,3.570000,13
45,98,3.025000,13
45,99,1.444000,13
45,100,4.083000,13
45,101,3.483000,14
45,102,4.112000,13
45,103,3.879000,15
45,104,3.336000,13
45,105,3.417000,13
45,106,3.232000,13
45,107,2.798000,13
45,108,2.122000,13
45,109,4.201000,14
45,110,4.043000,13
45,111,3.717000,11
45,112,2.833000,9
45,113,3.839000,11
45,114,3.923000,15
45,115,3.427000,12
45,116,3.910000,12
45,117,3.188000,13
45,118,4.579000,14
45,119,4.103000,13
45,120,4.223000,14
45,121,3.434000,14
45,122,4.650000,13
45,123,3.490000,13
45,124,3.468000,12
45,125,3.192000,13
45,126,2.149000,13
45,127,6.652000,20
45,128,4.105000,12
45,129,3.276000,10
45,130,2.643000,8
45,131,5.736000,19
45,132,2.918000,8
45,133,2.938000,9
45,134,2.241000,9
45,135,2.027000,9
45,136,2.709000,9
45,137,2.720000,9
45,138,2.875000,9
45,139,3.096000,8
45,140,2.512000,8
45,141,3.780000,12
45,142,4.661000,11
45,143,3.016000,8
45,144,1.937000,6
46,1,4.005000,13
46,2,3.838000,12
46,3,3.424000,13
46,4,3.790000,14
46,5,3.579000,14
46,6,3.461000,12
46,7,3.698000,11
46,8,2.942000,11
46,9,2.827000,10
46,10,5.318000,18
46,11,3.297000,12
46,12,3.931000,11
46,13,3.079000,10
46,14,2.471000,9
46,15,3.742000,10
46,16,3.235000,10
46,17,2.002000,7
46,18,2.865000,9
46,19,2.388000,8
46,20,2.578000,8
46,21,3.301000,11
46,22,3.583000,12
46,23,3.472000,13
46,24,3.350000,12
46,25,3.485000,12
46,26,3.079000,12
46,27,3.533000,12
46,28,3.982000,12
46,29,4.752000,14
46,30,3.018000,9
46,31,2.909000,10
46,32,3.438000,11
46,33,4.835000,15
46,34,2.326000,8
46,35,4.035000,15
46,36,2.888000,15
46,37,3.980000,15
46,38,4.547000,15
46,39,4.189000,12
46,40,3.907000,12
46,41,3.547000,12
46,42,3.528000,13
46,43,3.358000,12
46,44,3.543000,12
46,45,1.630000,12
46,46,3.982000,12
46,47,3.496000,12
46,48,3.180000,12
46,49,3.747000,12
46,50,3.636000,12
46,51,2.978000,12
46,52,4.012000,12
46,53,3.246000,11
46,54,3.020000,10
46,55,3.000000,9
46,56,2.633000,10
46,57,2.902000,11
46,58,3.460000,12
46,59,3.619000,12
46,60,3.112000,12
46,61,3.982000,14
46,62,3.355000,12
46,63,2.868000,8
46,64,3.982000,12
46,65,3.397000,13
46,66,4.637000,14
46,67,2.766000,8
46,68,3.869000,13
46,69,3.124000,9
46,70,4.144000,12
46,71,2.609000,9
46,72,0.887000,11
46,73,2.991000,8
46,74,2.264000,8
46,75,3.794000,14
46,76,3.851000,13
46,77,3.520000,13
46,78,4.113000,14
46,79,4.036000,13
46,80,3.255000,14
46,81,3.330000,13
46,82,3.980000,13
46,83,4.302000,13
46,84,3.153000,13
46,85,3.880000,14
46,86,3.209000,8
46,87,3.673000,14
46,88,4.013000,14
46,89,3.654000,13
46,90,2.220000,13
46,91,4.195000,13
46,92,4.462000,14
46,93,4.047000,14
46,94,4.660000,14
46,95,4.249000,14
46,96,3.820000,14
46,97,2.718000,8
46,98,2.588000,8
46,99,1.600000,9
46,100,3.309000,9
46,101,2.876000,11
46,102,4.044000,15
46,103,3.853000,15
46,104,3.720000,13
46,105,3.710000,13
46,106,3.950000,13
46,107,3.221000,13
46,108,3.554000,14
46,109,3.775000,13
46,110,4.060000,12
46,111,3.320000,11
46,112,3.035000,7
46,113,3.195000,11
46,114,2.605000,11
46,115,2.765000,9
46,116,2.518000,9
46,117,1.855000,9
46,118,4.408000,15
46,119,4.138000,14
46,120,3.715000,14
46,121,4.164000,15
46,122,3.489000,14
46,123,4.258000,13
46,124,3.890000,13
46,125,3.482000,13
46,126,1.152000,18
46,127,5.935000,19
46,128,3.833000,13
46,129,2.442000,7
46,130,3.750000,10
46,131,5.739000,21
46,132,2.555000,9
46,133,3.122000,9
46,134,2.932000,9
46,135,1.852000,9
46,136,2.847000,9
46,137,2.648000,9
46,138,2.947000,9
46,139,2.607000,9
46,140,2.234000,8
46,141,3.676000,12
46,142,3.352000,8
46,143,2.945000,8
46,144,1.947000,5
47,1,6.058000,13
47,2,4.597000,11
47,3,6.107000,13
47,4,6.555000,14
47,5,5.981000,14
47,6,5.802000,13
47,7,4.570000,11
47,8,4.080000,10
47,9,2.687000,13
47,10,5.764000,14
47,11,4.612000,11
47,12,3.389000,8
47,13,4.121000,8
47,14,5.081000,10
47,15,5.760000,10
47,16,4.890000,11
47,17,3.343000,7
47,18,4.095000,10
47,19,5.312000,11
47,20,4.134000,9
47,21,4.937000,11
47,22,6.206000,12
47,23,5.843000,12
47,24,5.670000,13
47,25,4.947000,12
47,26,4.721000,12
47,27,3.559000,10
47,28,5.764000,12
47,29,5.538000,12
47,30,6.282000,14
47,31,4.474000,9
47,32,4.361000,11
47,33,5.605000,15
47,34,5.233000,15
47,35,5.270000,15
47,36,3.727000,14
47,37,6.037000,15
47,38,4.681000,11
47,39,5.650000,12
47,40,5.244000,12
47,41,5.220000,12
47,42,5.500000,14
47,43,4.989000,10
47,44,5.002000,12
47,45,3.827000,13
47,46,4.192000,12
47,47,5.166000,12
47,48,5.763000,12
47,49,5.481000,12
47,50,5.106000,11
47,51,4.438000,10
47,52,5.341000,11
47,53,4.419000,11
47,54,2.970000,10
47,55,5.004000,10
47,56,3.949000,9
47,57,3.801000,8
47,58,6.199000,12
47,59,4.200000,11
47,60,5.272000,12
47,61,4.650000,11
47,62,3.490000,8
47,63,5.043000,13
47,64,7.105000,19
47,65,5.340000,13
47,66,7.679000,15
47,67,4.010000,10
47,68,4.842000,12
47,69,3.850000,9
47,70,4.179000,10
47,71,4.629000,10
47,72,3.180000,10
47,73,2.755000,8
47,74,4.083000,8
47,75,6.241000,14
47,76,6.202000,13
47,77,5.335000,13
47,78,5.157000,14
47,79,4.975000,13
47,80,5.159000,14
47,81,4.749000,13
47,82,5.404000,13
47,83,6.407000,13
47,84,5.232000,13
47,85,5.786000,14
47,86,3.663000,8
47,87,5.647000,14
47,88,5.918000,14
47,89,4.653000,13
47,90,1.711000,13
47,91,5.768000,13
47,92,5.960000,14
47,93,6.011000,14
47,94,5.547000,14
47,95,6.366000,14
47,96,5.939000,14
47,97,3.045000,8
47,98,3.981000,8
47,99,2.680000,9
47,100,3.379000,9
47,101,6.690000,15
47,102,6.002000,13
47,103,6.089000,16
47,104,5.179000,11
47,105,4.350000,13
47,106,5.835000,14
47,107,4.895000,13
47,108,3.978000,14
47,109,5.286000,13
47,110,5.396000,13
47,111,5.866000,13
47,112,5.528000,11
47,113,4.861000,12
47,114,6.582000,16
47,115,4.446000,9
47,116,4.020000,9
47,117,3.002000,9
47,118,5.770000,15
47,119,5.886000,14
47,120,5.485000,14
47,121,7.051000,15
47,122,5.551000,14
47,123,5.938000,13
47,124,4.156000,13
47,125,2.962000,12
47,126,0.595000,19
47,127,5.775000,14
47,128,6.098000,13
47,129,3.821000,8
47,130,5.282000,10
47,131,9.196000,22
47,132,3.610000,9
47,133,4.314000,9
47,134,3.988000,9
47,135,3.018000,9
47,136,3.240000,9
47,137,4.546000,9
47,138,3.990000,9
47,139,4.833000,9
47,140,4.081000,9
47,141,4.928000,12
47,142,5.025000,10
47,143,4.497000,8
47,144,2.892000,5
48,1,5.653000,13
48,2,4.306000,11
48,3,4.412000,13
48,4,6.168000,14
48,5,6.340000,14
48,6,6.052000,12
48,7,5.281000,13
48,8,4.387000,11
48,9,2.941000,13
48,10,5.934000,14
48,11,4.265000,12
48,12,4.638000,11
48,13,4.524000,11
48,14,4.987000,11
48,15,4.557000,10
48,16,5.211000,10
48,17,3.429000,7
48,18,4.566000,10
48,19,4.918000,11
48,20,4.181000,9
48,21,4.600000,11
48,22,4.512000,12
48,23,4.554000,10
48,24,4.919000,11
48,25,4.941000,11
48,26,4.675000,12
48,27,4.652000,10
48,28,5.678000,12
48,29,5.884000,12
48,30,6.399000,13
48,31,8.964000,20
48,32,4.810000,11
48,33,5.291000,15
48,34,5.300000,15
48,35,3.248000,14
48,36,0.785000,12
48,37,4.533000,13
48,38,4.894000,11
48,39,5.779000,15
48,40,5.340000,12
48,41,6.627000,16
48,42,4.762000,13
48,43,4.064000,9
48,44,5.267000,12
48,45,3.672000,13
48,46,4.537000,12
48,47,4.287000,12
48,48,4.776000,12
48,49,5.453000,12
48,50,4.139000,10
48,51,5.019000,11
48,52,4.638000,11
48,53,4.375000,10
48,54,4.124000,10
48,55,4.278000,10
48,56,2.868000,8
48,57,3.849000,10
48,58,5.294000,12
48,59,4.416000,11
48,60,6.230000,13
48,61,4.389000,8
48,62,3.954000,8
48,63,4.714000,13
48,64,5.623000,14
48,65,5.680000,14
48,66,6.270000,14
48,67,4.457000,9
48,68,4.581000,10
48,69,5.029000,9
48,70,3.802000,10
48,71,3.726000,9
48,72,2.668000,10
48,73,5.310000,12
48,74,3.787000,8
48,75,5.631000,14
48,76,5.810000,13
48,77,5.549000,13
48,78,5.821000,14
48,79,4.695000,13
48,80,5.513000,14
48,81,4.034000,13
48,82,5.946000,13
48,83,5.710000,13
48,84,5.824000,13
48,85,6.534000,14
48,86,4.640000,8
48,87,5.226000,14
48,88,5.361000,14
48,89,4.140000,13
48,90,2.840000,13
48,91,5.019000,13
48,92,5.062000,14
48,93,6.022000,14
48,94,7.045000,14
48,95,5.848000,14
48,96,5.207000,14
48,97,4.048000,8
48,98,4.080000,8
48,99,3.272000,9
48,100,4.015000,9
48,101,5.570000,11
48,102,5.708000,14
48,103,5.561000,16
48,104,4.978000,12
48,105,5.384000,13
48,106,5.403000,13
48,107,5.218000,13
48,108,3.820000,13
48,109,4.862000,13
48,110,4.971000,13
48,111,4.502000,13
48,112,5.200000,11
48,113,6.158000,13
48,114,6.257000,16
48,115,3.367000,9
48,116,3.872000,9
48,117,3.054000,9
48,118,5.586000,15
48,119,5.162000,14
48,120,5.751000,14
48,121,5.754000,15
48,122,5.556000,14
48,123,4.692000,13
48,124,4.746000,13
48,125,4.751000,12
48,126,4.111000,18
48,127,6.237000,15
48,128,5.724000,14
48,129,3.930000,8
48,130,4.044000,10
48,131,6.639000,18
48,132,4.056000,9
48,133,3.894000,9
48,134,3.871000,9
48,135,2.148000,9
48,136,4.528000,9
48,137,4.188000,9
48,138,4.294000,9
48,139,3.676000,9
48,140,4.129000,9
48,141,5.689000,12
48,142,4.168000,8
48,143,4.810000,8
48,144,2.283000,5
49,1,6.166000,13
49,2,5.610000,12
49,3,5.032000,12
49,4,5.256000,14
49,5,6.270000,14
49,6,5.747000,13
49,7,4.884000,13
49,8,3.592000,12
49,9,2.540000,13
49,10,6.015000,14
49,11,4.058000,10
49,12,4.428000,11
49,13,4.237000,10
49,14,5.628000,11
49,15,5.273000,10
49,16,4.691000,10
49,17,2.648000,7
49,18,4.996000,11
49,19,5.250000,11
49,20,4.066000,9
49,21,4.129000,11
49,22,5.285000,11
49,23,5.949000,12
49,24,5.256000,12
49,25,4.694000,12
49,26,4.628000,10
49,27,3.528000,10
49,28,5.242000,12
49,29,5.354000,12
49,30,5.591000,14
49,31,4.950000,11
49,32,6.058000,13
49,33,5.129000,12
49,34,5.791000,15
49,35,4.324000,14
49,36,2.911000,11
49,37,4.569000,11
49,38,4.681000,11
49,39,5.373000,15
49,40,4.472000,11
49,41,6.883000,15
49,42,4.997000,13
49,43,5.754000,13
49,44,3.740000,12
49,45,2.562000,13
49,46,5.250000,12
49,47,5.602000,12
49,48,4.920000,12
49,49,4.408000,12
49,50,5.845000,11
49,51,5.218000,11
49,52,5.340000,11
49,53,4.760000,11
49,54,3.780000,10
49,55,3.282000,8
49,56,3.558000,8
49,57,4.530000,11
49,58,5.218000,12
49,59,6.077000,14
49,60,4.828000,9
49,61,4.003000,8
49,62,4.807000,13
49,63,4.602000,13
49,64,4.966000,14
49,65,5.500000,13
49,66,5.044000,10
49,67,5.198000,12
49,68,5.406000,12
49,69,7.195000,16
49,70,4.890000,11
49,71,5.150000,16
49,72,2.214000,8
49,73,4.579000,12
49,74,3.296000,8
49,75,5.266000,13
49,76,5.182000,13
49,77,5.190000,13
49,78,7.705000,14
49,79,5.335000,13
49,80,4.951000,14
49,81,3.793000,13
49,82,5.243000,13
49,83,4.897000,13
49,84,5.100000,13
49,85,5.539000,14
49,86,4.083000,8
49,87,6.066000,14
49,88,5.330000,14
49,89,4.575000,13
49,90,3.489000,13
49,91,5.250000,13
49,92,5.206000,14
49,93,5.321000,14
49,94,5.278000,14
49,95,6.679000,14
49,96,5.158000,14
49,97,3.428000,8
49,98,3.436000,8
49,99,3.015000,9
49,100,3.782000,9
49,101,6.678000,15
49,102,4.329000,12
49,103,4.667000,12
49,104,5.627000,13
49,105,6.245000,13
49,106,5.030000,13
49,107,4.709000,13
49,108,3.775000,13
49,109,5.241000,13
49,110,4.898000,13
49,111,5.560000,13
49,112,5.347000,13
49,113,6.670000,15
49,114,5.610000,15
49,115,3.705000,9
49,116,3.357000,9
49,117,2.420000,9
49,118,6.179000,15
49,119,5.358000,14
49,120,5.860000,14
49,121,5.751000,15
49,122,7.550000,14
49,123,5.659000,13
49,124,4.189000,13
49,125,3.079000,12
49,126,0.417000,14
49,127,5.670000,15
49,128,5.715000,14
49,129,3.769000,7
49,130,5.623000,10
49,131,9.151000,20
49,132,3.954000,9
49,133,4.200000,9
49,134,4.430000,9
49,135,2.953000,9
49,136,3.698000,9
49,137,3.862000,9
49,138,3.718000,9
49,139,3.470000,7
49,140,3.601000,9
49,141,4.777000,12
49,142,5.840000,11
49,143,3.516000,8
49,144,2.663000,5
50,1,5.825000,13
50,2,5.774000,11
50,3,5.204000,13
50,4,6.335000,14
50,5,6.216000,15
50,6,5.556000,13
50,7,5.194000,13
50,8,4.882000,13
50,9,1.053000,13
50,10,5.844000,14
50,11,4.868000,12
50,12,4.611000,10
50,13,5.476000,12
50,14,5.560000,11
50,15,4.602000,10
50,16,4.838000,10
50,17,2.778000,7
50,18,3.379000,11
50,19,5.069000,11
50,20,3.846000,10
50,21,4.598000,11
50,22,5.199000,11
50,23,4.620000,12
50,24,5.922000,13
50,25,5.293000,13
50,26,4.847000,13
50,27,3.977000,11
50,28,4.920000,12
50,29,5.145000,12
50,30,5.712000,14
50,31,7.328000,19
50,32,5.377000,13
50,33,5.039000,12
50,34,4.674000,14
50,35,4.137000,11
50,36,3.175000,11
50,37,4.218000,11
50,38,4.301000,11
50,39,5.352000,14
50,40,5.061000,12
50,41,6.301000,15
50,42,5.779000,15
50,43,3.529000,9
50,44,5.229000,12
50,45,4.020000,12
50,46,5.184000,12
50,47,4.932000,12
50,48,4.662000,12
50,49,4.137000,10
50,50,4.850000,11
50,51,3.885000,10
50,52,4.281000,10
50,53,4.927000,11
50,54,3.651000,8
50,55,3.952000,8
50,56,4.380000,12
50,57,3.706000,9
50,58,4.948000,14
50,59,4.120000,10
50,60,3.822000,10
50,61,3.899000,8
50,62,3.324000,8
50,63,5.476000,13
50,64,5.203000,14
50,65,5.852000,15
50,66,4.847000,11
50,67,6.870000,15
50,68,3.253000,7
50,69,4.112000,10
50,70,5.261000,13
50,71,6.091000,15
50,72,3.389000,10
50,73,5.512000,12
50,74,3.322000,8
50,75,4.995000,13
50,76,5.742000,13
50,77,5.178000,13
50,78,4.929000,14
50,79,4.932000,13
50,80,5.193000,14
50,81,4.422000,13
50,82,5.514000,13
50,83,5.418000,13
50,84,5.249000,13
50,85,5.892000,14
50,86,3.476000,8
50,87,5.653000,14
50,88,5.813000,14
50,89,4.808000,13
50,90,3.180000,13
50,91,5.502000,13
50,92,6.013000,14
50,93,5.538000,14
50,94,6.087000,14
50,95,5.748000,14
50,96,5.606000,14
50,97,3.827000,8
50,98,3.573000,8
50,99,3.269000,9
50,100,3.948000,9
50,101,5.281000,12
50,102,5.545000,12
50,103,5.480000,16
50,104,4.588000,13
50,105,5.439000,13
50,106,4.638000,13
50,107,5.723000,13
50,108,3.943000,13
50,109,5.021000,13
50,110,4.704000,13
50,111,4.210000,13
50,112,6.120000,14
50,113,5.070000,13
50,114,6.518000,17
50,115,4.276000,9
50,116,3.491000,9
50,117,2.769000,9
50,118,5.778000,15
50,119,5.550000,14
50,120,5.202000,14
50,121,6.091000,15
50,122,5.662000,14
50,123,5.219000,13
50,124,5.327000,13
50,125,4.355000,13
50,126,3.112000,15
50,127,7.868000,22
50,128,6.297000,15
50,129,3.467000,7
50,130,5.287000,10
50,131,6.772000,18
50,132,3.837000,9
50,133,3.823000,9
50,134,3.851000,9
50,135,1.642000,9
50,136,3.417000,9
50,137,3.989000,9
50,138,4.190000,9
50,139,4.363000,9
50,140,3.403000,9
50,141,4.222000,10
50,142,4.287000,10
50,143,4.260000,8
50,144,2.705000,5
51,1,6.262000,14
51,2,5.405000,11
51,3,4.575000,13
51,4,5.369000,14
51,5,6.979000,15
51,6,5.867000,12
51,7,7.251000,15
51,8,5.400000,11
51,9,2.983000,11
51,10,5.503000,12
51,11,5.207000,12
51,12,5.422000,11
51,13,3.866000,10
51,14,4.422000,10
51,15,4.021000,10
51,16,5.797000,11
51,17,4.198000,8
51,18,5.642000,10
51,19,4.921000,11
51,20,5.398000,12
51,21,4.124000,11
51,22,4.372000,11
51,23,5.190000,10
51,24,5.628000,13
51,25,7.317000,13
51,26,5.687000,13
51,27,4.917000,11
51,28,6.176000,14
51,29,7.020000,15
51,30,4.692000,13
51,31,5.717000,14
51,32,5.198000,13
51,33,7.530000,15
51,34,6.872000,15
51,35,5.445000,14
51,36,2.128000,11
51,37,5.114000,11
51,38,4.983000,11
51,39,5.691000,11
51,40,3.987000,9
51,41,4.508000,12
51,42,6.834000,18
51,43,6.395000,12
51,44,6.232000,12
51,45,5.564000,13
51,46,6.127000,14
51,47,6.552000,13
51,48,5.528000,12
51,49,5.512000,12
51,50,4.783000,11
51,51,5.024000,10
51,52,5.677000,11
51,53,5.130000,11
51,54,4.425000,11
51,55,5.916000,13
51,56,5.127000,10
51,57,4.396000,9
51,58,5.004000,13
51,59,5.860000,13
51,60,4.248000,10
51,61,5.107000,8
51,62,4.915000,8
51,63,6.389000,14
51,64,5.606000,14
51,65,6.284000,14
51,66,5.702000,13
51,67,5.350000,13
51,68,5.691000,14
51,69,6.232000,11
51,70,7.375000,13
51,71,4.599000,9
51,72,3.050000,10
51,73,4.678000,8
51,74,3.884000,8
51,75,4.957000,13
51,76,6.079000,13
51,77,6.169000,14
51,78,7.151000,14
51,79,5.588000,13
51,80,3.960000,14
51,81,0.738000,13
51,82,5.596000,14
51,83,5.957000,13
51,84,5.038000,13
51,85,5.102000,14
51,86,4.277000,8
51,87,6.615000,14
51,88,7.804000,14
51,89,6.656000,14
51,90,1.372000,13
51,91,6.320000,13
51,92,6.960000,14
51,93,5.463000,14
51,94,5.976000,14
51,95,6.050000,14
51,96,5.134000,8
51,97,4.881000,8
51,98,4.130000,8
51,99,3.740000,9
51,100,6.264000,14
51,101,6.353000,14
51,102,4.798000,12
51,103,5.539000,14
51,104,4.489000,12
51,105,7.231000,14
51,106,6.470000,13
51,107,6.062000,13
51,108,2.992000,13
51,109,5.095000,13
51,110,5.029000,13
51,111,5.350000,13
51,112,4.982000,13
51,113,3.820000,10
51,114,7.590000,17
51,115,5.594000,9
51,116,4.960000,9
51,117,4.214000,9
51,118,3.853000,8
51,119,4.327000,8
51,120,5.702000,14
51,121,6.262000,15
51,122,6.956000,15
51,123,5.518000,14
51,124,6.459000,13
51,125,6.529000,14
51,126,4.203000,14
51,127,6.768000,18
51,128,5.444000,12
51,129,5.428000,13
51,130,6.012000,13
51,131,9.661000,20
51,132,5.994000,9
51,133,5.692000,9
51,134,3.413000,9
51,135,1.911000,9
51,136,3.747000,9
51,137,3.856000,9
51,138,4.047000,9
51,139,4.926000,12
51,140,3.940000,8
51,141,4.621000,10
51,142,4.980000,10
51,143,4.460000,8
51,144,4.326000,5
52,1,6.143000,14
52,2,4.194000,11
52,3,5.127000,13
52,4,6.022000,14
52,5,5.419000,14
52,6,4.557000,12
52,7,5.023000,14
52,8,4.227000,11
52,9,2.472000,13
52,10,5.800000,14
52,11,4.146000,12
52,12,4.389000,9
52,13,5.686000,14
52,14,4.974000,10
52,15,4.140000,10
52,16,5.184000,11
52,17,4.658000,10
52,18,4.163000,10
52,19,5.022000,11
52,20,5.047000,12
52,21,4.842000,12
52,22,4.880000,11
52,23,4.518000,10
52,24,4.862000,12
52,25,5.320000,12
52,26,5.320000,14
52,27,4.880000,12
52,28,5.658000,12
52,29,5.943000,15
52,30,4.528000,12
52,31,8.106000,23
52,32,4.582000,13
52,33,3.877000,11
52,34,6.590000,16
52,35,4.476000,11
52,36,2.764000,11
52,37,5.242000,11
52,38,4.838000,11
52,39,6.011000,15
52,40,5.347000,10
52,41,4.710000,10
52,42,6.745000,19
52,43,4.528000,9
52,44,4.712000,12
52,45,2.635000,11
52,46,5.976000,13
52,47,5.423000,12
52,48,5.068000,12
52,49,4.802000,12
52,50,4.499000,11
52,51,4.788000,11
52,52,5.159000,11
52,53,5.730000,13
52,54,3.839000,12
52,55,4.737000,10
52,56,4.609000,11
52,57,5.190000,15
52,58,5.188000,12
52,59,4.116000,10
52,60,5.551000,11
52,61,5.393000,8
52,62,4.513000,11
52,63,5.257000,13
52,64,6.937000,14
52,65,4.880000,11
52,66,5.683000,13
52,67,5.318000,12
52,68,5.147000,14
52,69,4.158000,10
52,70,6.406000,13
52,71,4.047000,9
52,72,2.990000,9
52,73,4.737000,8
52,74,3.476000,8
52,75,5.778000,13
52,76,6.019000,13
52,77,4.857000,13
52,78,6.206000,14
52,79,4.702000,13
52,80,4.554000,14
52,81,3.185000,13
52,82,6.762000,14
52,83,5.709000,13
52,84,5.561000,13
52,85,5.212000,14
52,86,3.678000,8
52,87,5.427000,14
52,88,5.539000,14
52,89,5.100000,14
52,90,3.559000,13
52,91,6.279000,13
52,92,5.930000,14
52,93,5.351000,14
52,94,5.869000,14
52,95,5.638000,14
52,96,6.331000,15
52,97,3.682000,8
52,98,3.291000,8
52,99,2.969000,9
52,100,4.419000,9
52,101,3.995000,11
52,102,4.130000,9
52,103,4.459000,11
52,104,5.397000,14
52,105,5.332000,13
52,106,4.628000,13
52,107,5.628000,13
52,108,4.475000,13
52,109,5.661000,13
52,110,4.676000,13
52,111,5.392000,13
52,112,6.014000,13
52,113,5.209000,12
52,114,6.540000,17
52,115,4.489000,9
52,116,3.200000,9
52,117,3.001000,9
52,118,3.809000,8
52,119,3.903000,8
52,120,6.392000,14
52,121,5.698000,15
52,122,6.711000,15
52,123,5.638000,14
52,124,6.903000,13
52,125,5.276000,12
52,126,2.537000,14
52,127,6.799000,16
52,128,5.662000,13
52,129,5.419000,13
52,130,5.448000,11
52,131,7.656000,20
52,132,3.689000,9
52,133,4.033000,9
52,134,3.477000,9
52,135,3.361000,9
52,136,4.747000,9
52,137,3.803000,9
52,138,4.053000,9
52,139,5.650000,12
52,140,3.778000,8
52,141,5.970000,13
52,142,4.608000,11
52,143,4.871000,8
52,144,2.318000,5
53,1,7.035000,14
53,2,4.291000,11
53,3,4.298000,12
53,4,4.082000,12
53,5,5.385000,14
53,6,5.646000,12
53,7,8.107000,14
53,8,5.329000,11
53,9,4.834000,11
53,10,6.047000,14
53,11,5.364000,12
53,12,4.195000,9
53,13,4.490000,13
53,14,5.438000,12
53,15,4.788000,10
53,16,6.385000,10
53,17,6.328000,10
53,18,5.510000,10
53,19,5.752000,11
53,20,4.949000,12
53,21,5.033000,13
53,22,5.599000,11
53,23,5.213000,11
53,24,6.557000,12
53,25,6.845000,13
53,26,5.862000,10
53,27,3.321000,11
53,28,5.727000,12
53,29,6.299000,15
53,30,5.020000,13
53,31,7.773000,22
53,32,5.136000,11
53,33,7.237000,15
53,34,6.244000,14
53,35,4.852000,12
53,36,2.189000,11
53,37,5.508000,11
53,38,4.832000,11
53,39,5.261000,15
53,40,3.580000,9
53,41,5.693000,12
53,42,10.241000,20
53,43,6.178000,12
53,44,6.428000,15
53,45,1.975000,11
53,46,6.541000,13
53,47,6.180000,12
53,48,5.621000,12
53,49,5.233000,12
53,50,4.539000,11
53,51,5.927000,11
53,52,5.558000,8
53,53,5.082000,9
53,54,5.021000,12
53,55,4.949000,10
53,56,5.599000,14
53,57,5.518000,12
53,58,3.809000,10
53,59,3.576000,10
53,60,5.405000,12
53,61,6.806000,10
53,62,6.030000,10
53,63,6.754000,14
53,64,5.244000,11
53,65,4.192000,10
53,66,5.510000,14
53,67,4.740000,11
53,68,5.500000,13
53,69,6.566000,13
53,70,6.639000,11
53,71,4.308000,9
53,72,4.310000,9
53,73,4.412000,8
53,74,4.105000,8
53,75,5.331000,13
53,76,5.445000,13
53,77,5.781000,14
53,78,7.596000,15
53,79,7.149000,13
53,80,5.519000,14
53,81,2.025000,13
53,82,6.070000,14
53,83,5.661000,13
53,84,6.062000,13
53,85,6.082000,14
53,86,5.516000,8
53,87,7.608000,14
53,88,4.702000,14
53,89,1.479000,14
53,90,0.352000,13
53,91,6.047000,13
53,92,4.932000,14
53,93,5.801000,14
53,94,4.830000,14
53,95,5.578000,14
53,96,4.620000,8
53,97,6.071000,8
53,98,5.389000,8
53,99,4.349000,9
53,100,4.470000,9
53,101,4.250000,11
53,102,4.517000,9
53,103,6.047000,15
53,104,5.820000,13
53,105,5.187000,13
53,106,6.099000,13
53,107,6.968000,13
53,108,5.220000,13
53,109,5.549000,13
53,110,5.907000,13
53,111,4.194000,13
53,112,5.014000,13
53,113,7.023000,15
53,114,7.112000,15
53,115,5.204000,9
53,116,4.368000,9
53,117,4.496000,9
53,118,6.050000,14
53,119,4.574000,8
53,120,6.158000,14
53,121,6.295000,15
53,122,6.981000,15
53,123,6.761000,14
53,124,7.439000,13
53,125,5.002000,12
53,126,1.860000,15
53,127,7.887000,17
53,128,8.850000,19
53,129,4.568000,13
53,130,5.648000,11
53,131,11.709000,21
53,132,5.367000,9
53,133,4.087000,9
53,134,1.582000,9
53,135,0.797000,9
53,136,4.599000,9
53,137,4.335000,9
53,138,3.852000,9
53,139,5.512000,11
53,140,3.682000,8
53,141,5.730000,13
53,142,5.062000,8
53,143,6.288000,8
53,144,3.150000,5
54,1,6.304000,14
54,2,4.156000,11
54,3,5.342000,13
54,4,4.892000,12
54,5,5.833000,15
54,6,4.819000,12
54,7,5.960000,14
54,8,4.189000,11
54,9,4.902000,13
54,10,4.984000,12
54,11,5.682000,12
54,12,5.345000,12
54,13,5.069000,11
54,14,5.163000,11
54,15,4.598000,10
54,16,4.190000,10
54,17,5.172000,10
54,18,4.341000,10
54,19,4.815000,11
54,20,4.382000,12
54,21,4.709000,11
54,22,5.857000,12
54,23,6.157000,11
54,24,4.808000,12
54,25,5.578000,12
54,26,4.948000,10
54,27,4.849000,11
54,28,4.819000,12
54,29,6.393000,15
54,30,6.648000,15
54,31,7.130000,16
54,32,4.972000,11
54,33,6.750000,15
54,34,6.305000,17
54,35,4.613000,13
54,36,0.990000,11
54,37,4.591000,11
54,38,4.112000,11
54,39,5.275000,15
54,40,6.558000,15
54,41,4.856000,10
54,42,7.804000,19
54,43,6.266000,12
54,44,5.200000,13
54,45,3.191000,13
54,46,5.413000,12
54,47,4.840000,12
54,48,4.533000,12
54,49,4.747000,12
54,50,6.011000,11
54,51,4.188000,8
54,52,4.234000,8
54,53,5.093000,12
54,54,5.042000,12
54,55,5.091000,12
54,56,5.503000,13
54,57,5.546000,12
54,58,4.058000,8
54,59,6.694000,11
54,60,4.984000,12
54,61,5.405000,9
54,62,4.135000,11
54,63,4.044000,10
54,64,5.979000,15
54,65,5.148000,11
54,66,6.008000,14
54,67,4.256000,8
54,68,5.872000,13
54,69,4.282000,13
54,70,4.513000,9
54,71,4.121000,9
54,72,4.474000,11
54,73,3.958000,8
54,74,3.968000,8
54,75,5.487000,13
54,76,5.514000,13
54,77,5.278000,13
54,78,6.880000,14
54,79,5.178000,13
54,80,5.485000,14
54,81,4.452000,13
54,82,5.434000,14
54,83,5.070000,13
54,84,5.176000,13
54,85,6.092000,14
54,86,4.940000,8
54,87,4.988000,14
54,88,6.137000,14
54,89,4.897000,14
54,90,4.833000,13
54,91,5.435000,13
54,92,5.385000,14
54,93,5.642000,14
54,94,6.067000,14
54,95,6.828000,14
54,96,6.115000,15
54,97,3.414000,8
54,98,3.540000,8
54,99,2.451000,9
54,100,3.879000,9
54,101,4.840000,11
54,102,8.001000,20
54,103,6.107000,14
54,104,5.560000,13
54,105,5.120000,13
54,106,5.262000,13
54,107,7.645000,13
54,108,2.138000,13
54,109,5.684000,13
54,110,4.791000,13
54,111,6.243000,13
54,112,5.090000,13
54,113,6.628000,16
54,114,8.043000,19
54,115,4.250000,9
54,116,4.828000,9
54,117,2.514000,9
54,118,3.435000,8
54,119,4.501000,8
54,120,5.208000,14
54,121,7.149000,15
54,122,7.510000,15
54,123,5.624000,14
54,124,6.134000,13
54,125,4.734000,12
54,126,4.071000,15
54,127,6.301000,14
54,128,6.497000,18
54,129,5.580000,12
54,130,5.701000,11
54,131,8.410000,19
54,132,4.120000,9
54,133,3.798000,9
54,134,3.792000,9
54,135,3.453000,9
54,136,3.910000,9
54,137,4.459000,9
54,138,3.861000,9
54,139,5.084000,12
54,140,3.997000,8
54,141,5.223000,13
54,142,4.042000,8
54,143,4.227000,8
54,144,3.609000,6
55,1,5.897000,14
55,2,4.986000,11
55,3,5.039000,12
55,4,4.810000,12
55,5,6.048000,15
55,6,4.102000,10
55,7,6.661000,16
55,8,4.190000,11
55,9,3.311000,11
55,10,5.484000,14
55,11,5.408000,12
55,12,4.630000,10
55,13,4.428000,10
55,14,4.569000,11
55,15,4.217000,10
55,16,4.925000,10
55,17,5.655000,12
55,18,4.305000,10
55,19,4.059000,11
55,20,4.712000,12
55,21,4.150000,10
55,22,5.336000,11
55,23,5.075000,11
55,24,5.402000,12
55,25,5.290000,12
55,26,4.845000,10
55,27,4.580000,14
55,28,5.277000,13
55,29,4.483000,11
55,30,4.864000,12
55,31,5.794000,13
55,32,4.338000,10
55,33,4.861000,15
55,34,6.034000,15
55,35,7.341000,17
55,36,2.843000,13
55,37,4.666000,11
55,38,4.095000,11
55,39,5.467000,14
55,40,4.877000,15
55,41,4.661000,11
55,42,7.618000,19
55,43,5.344000,12
55,44,5.175000,14
55,45,3.792000,13
55,46,4.954000,12
55,47,5.353000,12
55,48,5.076000,12
55,49,4.682000,12
55,50,5.112000,12
55,51,4.110000,8
55,52,5.500000,12
55,53,6.043000,15
55,54,3.399000,10
55,55,5.263000,13
55,56,4.892000,12
55,57,5.271000,13
55,58,4.279000,8
55,59,5.661000,13
55,60,5.077000,14
55,61,5.152000,11
55,62,3.680000,8
55,63,4.104000,10
55,64,6.680000,15
55,65,6.560000,14
55,66,5.932000,15
55,67,5.164000,12
55,68,5.379000,13
55,69,5.560000,13
55,70,3.699000,9
55,71,6.180000,10
55,72,1.542000,10
55,73,4.279000,8
55,74,4.228000,8
55,75,5.425000,15
55,76,5.018000,13
55,77,5.408000,14
55,78,5.249000,14
55,79,4.737000,13
55,80,4.917000,14
55,81,2.653000,13
55,82,6.051000,14
55,83,5.318000,13
55,84,5.669000,13
55,85,5.614000,14
55,86,4.166000,8
55,87,5.549000,14
55,88,5.715000,14
55,89,4.170000,14
55,90,2.610000,13
55,91,5.262000,13
55,92,5.912000,14
55,93,5.769000,14
55,94,4.911000,14
55,95,5.291000,14
55,96,3.927000,8
55,97,4.268000,8
55,98,4.151000,8
55,99,3.509000,9
55,100,3.682000,9
55,101,5.086000,11
55,102,7.807000,19
55,103,4.994000,13
55,104,5.284000,13
55,105,5.855000,13
55,106,5.563000,13
55,107,4.952000,13
55,108,3.100000,13
55,109,5.260000,13
55,110,4.270000,13
55,111,4.689000,13
55,112,4.700000,13
55,113,3.610000,9
55,114,5.701000,15
55,115,3.663000,9
55,116,4.697000,9
55,117,3.632000,9
55,118,4.270000,8
55,119,5.351000,15
55,120,5.290000,14
55,121,6.346000,15
55,122,6.350000,15
55,123,6.464000,14
55,124,5.768000,13
55,125,4.240000,12
55,126,2.600000,15
55,127,5.262000,14
55,128,5.275000,13
55,129,5.025000,12
55,130,4.965000,11
55,131,8.991000,18
55,132,3.636000,9
55,133,4.275000,9
55,134,2.946000,9
55,135,2.188000,9
55,136,4.780000,9
55,137,3.360000,9
55,138,4.255000,9
55,139,5.385000,11
55,140,3.646000,9
55,141,5.699000,13
55,142,4.122000,8
55,143,4.259000,8
55,144,2.883000,6
56,1,5.757000,14
56,2,4.845000,11
56,3,5.110000,13
56,4,7.067000,14
56,5,6.174000,15
56,6,4.213000,10
56,7,5.221000,10
56,8,4.407000,11
56,9,2.349000,11
56,10,5.075000,12
56,11,5.054000,12
56,12,6.096000,12
56,13,4.364000,10
56,14,4.481000,10
56,15,4.272000,10
56,16,4.464000,10
56,17,4.899000,10
56,18,5.129000,10
56,19,3.855000,8
56,20,4.520000,11
56,21,4.705000,9
56,22,4.240000,9
56,23,5.755000,9
56,24,4.851000,11
56,25,5.237000,10
56,26,4.370000,10
56,27,5.725000,10
56,28,6.037000,16
56,29,5.847000,12
56,30,5.472000,15
56,31,6.612000,13
56,32,3.714000,10
56,33,5.690000,16
56,34,5.155000,10
56,35,4.255000,10
56,36,4.806000,18
56,37,5.753000,13
56,38,4.378000,11
56,39,6.394000,15
56,40,6.617000,15
56,41,4.106000,9
56,42,6.184000,18
56,43,4.274000,12
56,44,6.703000,14
56,45,4.170000,14
56,46,6.123000,13
56,47,6.793000,12
56,48,6.309000,13
56,49,6.003000,12
56,50,5.150000,10
56,51,4.376000,9
56,52,6.039000,12
56,53,4.388000,11
56,54,3.270000,14
56,55,4.553000,12
56,56,3.671000,10
56,57,4.242000,9
56,58,4.430000,11
56,59,5.306000,13
56,60,5.485000,14
56,61,5.661000,13
56,62,4.656000,12
56,63,6.137000,12
56,64,4.567000,12
56,65,6.386000,15
56,66,7.980000,16
56,67,4.373000,10
56,68,5.466000,11
56,69,4.684000,11
56,70,3.670000,9
56,71,5.651000,12
56,72,3.200000,11
56,73,4.252000,8
56,74,3.697000,8
56,75,4.012000,8
56,76,5.377000,13
56,77,6.337000,14
56,78,5.382000,14
56,79,5.009000,13
56,80,5.192000,14
56,81,5.840000,13
56,82,6.381000,15
56,83,6.198000,13
56,84,5.539000,13
56,85,6.480000,14
56,86,4.262000,8
56,87,6.131000,14
56,88,7.096000,15
56,89,3.385000,14
56,90,0.977000,13
56,91,5.356000,13
56,92,6.241000,14
56,93,6.030000,14
56,94,6.461000,15
56,95,5.291000,14
56,96,4.020000,8
56,97,3.790000,8
56,98,4.618000,8
56,99,3.801000,9
56,100,5.766000,14
56,101,5.901000,14
56,102,8.030000,20
56,103,5.715000,13
56,104,5.030000,13
56,105,5.221000,13
56,106,4.882000,13
56,107,4.957000,13
56,108,2.884000,13
56,109,4.549000,13
56,110,5.222000,13
56,111,6.118000,13
56,112,5.748000,13
56,113,4.427000,8
56,114,5.599000,15
56,115,3.833000,9
56,116,6.562000,14
56,117,3.343000,9
56,118,4.175000,8
56,119,4.065000,8
56,120,5.846000,14
56,121,7.052000,15
56,122,5.550000,15
56,123,5.770000,14
56,124,6.405000,13
56,125,4.454000,12
56,126,2.313000,15
56,127,5.754000,15
56,128,5.543000,14
56,129,3.410000,7
56,130,4.250000,9
56,131,7.433000,18
56,132,3.828000,9
56,133,3.629000,8
56,134,3.568000,9
56,135,5.780000,14
56,136,5.419000,13
56,137,4.410000,13
56,138,5.712000,14
56,139,4.582000,11
56,140,3.822000,9
56,141,5.473000,15
56,142,5.205000,11
56,143,5.251000,8
56,144,2.803000,5
57,1,6.748000,14
57,2,5.021000,11
57,3,6.291000,13
57,4,6.644000,14
57,5,7.399000,14
57,6,6.095000,10
57,7,5.304000,8
57,8,5.700000,11
57,9,4.908000,11
57,10,5.568000,12
57,11,5.743000,12
57,12,6.592000,12
57,13,4.085000,10
57,14,6.123000,12
57,15,6.501000,12
57,16,5.985000,10
57,17,6.497000,10
57,18,5.825000,11
57,19,6.094000,11
57,20,6.035000,11
57,21,5.852000,10
57,22,4.741000,10
57,23,5.481000,9
57,24,6.580000,11
57,25,6.024000,10
57,26,5.848000,10
57,27,5.776000,10
57,28,5.792000,11
57,29,5.594000,12
57,30,7.362000,15
57,31,5.413000,11
57,32,6.045000,11
57,33,8.345000,15
57,34,8.533000,17
57,35,5.067000,15
57,36,1.333000,16
57,37,7.753000,18
57,38,5.226000,11
57,39,5.705000,14
57,40,7.833000,15
57,41,5.762000,10
57,42,7.175000,15
57,43,5.832000,10
57,44,5.228000,11
57,45,2.486000,13
57,46,6.093000,13
57,47,5.589000,11
57,48,6.984000,12
57,49,6.905000,12
57,50,5.261000,10
57,51,9.594000,19
57,52,6.615000,12
57,53,6.858000,13
57,54,3.324000,12
57,55,4.610000,10
57,56,5.621000,12
57,57,6.804000,11
57,58,6.094000,13
57,59,6.676000,13
57,60,7.587000,14
57,61,7.865000,13
57,62,4.324000,8
57,63,5.178000,12
57,64,6.104000,13
57,65,8.250000,15
57,66,6.174000,14
57,67,6.095000,10
57,68,6.276000,9
57,69,5.878000,9
57,70,6.442000,12
57,71,6.447000,13
57,72,3.597000,10
57,73,3.960000,8
57,74,4.751000,8
57,75,5.682000,8
57,76,6.007000,13
57,77,8.488000,14
57,78,7.291000,14
57,79,6.965000,13
57,80,6.754000,14
57,81,3.634000,13
57,82,6.937000,15
57,83,6.613000,13
57,84,5.945000,13
57,85,8.588000,14
57,86,5.468000,8
57,87,8.026000,14
57,88,6.673000,15
57,89,4.153000,14
57,90,1.038000,13
57,91,6.094000,13
57,92,6.837000,14
57,93,5.756000,14
57,94,7.224000,15
57,95,7.343000,14
57,96,4.823000,8
57,97,4.658000,8
57,98,5.259000,8
57,99,5.832000,9
57,100,7.600000,15
57,101,5.932000,12
57,102,13.088000,27
57,103,6.815000,13
57,104,6.767000,13
57,105,7.066000,13
57,106,5.510000,13
57,107,3.606000,13
57,108,0.795000,13
57,109,5.298000,13
57,110,6.706000,13
57,111,5.667000,13
57,112,6.322000,13
57,113,4.879000,8
57,114,6.683000,12
57,115,5.050000,9
57,116,4.828000,9
57,117,5.256000,9
57,118,4.233000,8
57,119,4.806000,8
57,120,7.246000,13
57,121,5.225000,15
57,122,8.838000,15
57,123,7.735000,14
57,124,7.148000,13
57,125,6.022000,12
57,126,5.546000,15
57,127,6.732000,15
57,128,6.213000,12
57,129,4.201000,9
57,130,4.407000,10
57,131,10.242000,22
57,132,5.852000,9
57,133,5.881000,9
57,134,5.002000,10
57,135,6.129000,14
57,136,6.098000,13
57,137,7.877000,15
57,138,6.167000,14
57,139,6.847000,14
57,140,5.382000,9
57,141,7.884000,13
57,142,5.551000,9
57,143,5.003000,8
57,144,3.280000,5
58,1,4.206000,14
58,2,4.010000,11
58,3,5.135000,13
58,4,5.102000,14
58,5,4.160000,14
58,6,3.115000,10
58,7,2.700000,8
58,8,3.463000,11
58,9,3.133000,11
58,10,4.420000,12
58,11,4.193000,12
58,12,4.989000,12
58,13,3.950000,10
58,14,4.440000,13
58,15,3.700000,11
58,16,3.730000,11
58,17,3.777000,10
58,18,3.843000,8
58,19,3.053000,8
58,20,2.801000,8
58,21,3.418000,9
58,22,4.348000,9
58,23,4.112000,9
58,24,3.556000,10
58,25,3.299000,9
58,26,4.012000,11
58,27,3.376000,10
58,28,3.350000,11
58,29,3.451000,10
58,30,5.311000,15
58,31,4.939000,11
58,32,4.011000,11
58,33,3.371000,12
58,34,4.701000,15
58,35,4.257000,16
58,36,3.984000,15
58,37,5.062000,16
58,38,4.050000,12
58,39,6.446000,16
58,40,4.656000,15
58,41,3.832000,15
58,42,4.705000,15
58,43,3.554000,10
58,44,3.714000,11
58,45,2.534000,14
58,46,4.181000,13
58,47,4.694000,12
58,48,5.049000,13
58,49,4.063000,10
58,50,3.124000,11
58,51,4.078000,12
58,52,3.438000,12
58,53,4.658000,13
58,54,3.244000,11
58,55,3.216000,10
58,56,3.273000,12
58,57,4.954000,11
58,58,5.098000,12
58,59,4.212000,14
58,60,4.636000,14
58,61,3.581000,11
58,62,4.831000,19
58,63,2.274000,13
58,64,4.085000,12
58,65,5.582000,15
58,66,6.217000,14
58,67,3.381000,10
58,68,2.753000,9
58,69,3.710000,9
58,70,3.292000,11
58,71,3.680000,13
58,72,4.090000,13
58,73,2.988000,8
58,74,3.149000,9
58,75,3.575000,8
58,76,6.044000,13
58,77,3.903000,14
58,78,4.612000,14
58,79,3.434000,13
58,80,4.466000,14
58,81,3.366000,13
58,82,4.424000,15
58,83,3.462000,13
58,84,5.113000,13
58,85,5.361000,14
58,86,3.440000,8
58,87,4.532000,14
58,88,4.000000,15
58,89,4.080000,14
58,90,2.916000,13
58,91,4.422000,13
58,92,3.902000,14
58,93,6.040000,14
58,94,4.973000,15
58,95,4.429000,14
58,96,3.143000,8
58,97,2.936000,8
58,98,2.400000,8
58,99,0.987000,9
58,100,4.223000,11
58,101,3.484000,12
58,102,7.806000,21
58,103,4.226000,13
58,104,3.810000,13
58,105,4.328000,13
58,106,4.159000,13
58,107,3.897000,13
58,108,1.986000,13
58,109,3.989000,13
58,110,3.641000,13
58,111,4.199000,13
58,112,4.639000,13
58,113,2.694000,7
58,114,3.474000,12
58,115,2.854000,9
58,116,2.712000,9
58,117,2.686000,9
58,118,2.745000,8
58,119,2.910000,8
58,120,4.233000,13
58,121,6.727000,15
58,122,4.103000,15
58,123,4.590000,14
58,124,4.034000,13
58,125,4.209000,12
58,126,3.920000,15
58,127,4.424000,14
58,128,3.898000,14
58,129,4.382000,11
58,130,4.724000,11
58,131,7.279000,22
58,132,3.179000,9
58,133,2.986000,9
58,134,3.967000,15
58,135,1.423000,14
58,136,3.975000,14
58,137,3.908000,14
58,138,5.024000,13
58,139,5.239000,15
58,140,3.118000,9
58,141,4.448000,15
58,142,3.159000,8
58,143,3.311000,8
58,144,2.323000,5
59,1,5.024000,14
59,2,4.165000,11
59,3,5.230000,13
59,4,4.632000,14
59,5,4.011000,14
59,6,3.394000,10
59,7,3.190000,8
59,8,3.493000,11
59,9,2.662000,11
59,10,4.292000,12
59,11,4.743000,12
59,12,6.126000,12
59,13,3.277000,10
59,14,4.161000,12
59,15,4.485000,11
59,16,3.554000,10
59,17,3.794000,12
59,18,2.893000,9
59,19,4.863000,11
59,20,7.906000,12
59,21,4.084000,10
59,22,2.758000,9
59,23,3.956000,9
59,24,3.809000,11
59,25,4.032000,9
59,26,3.932000,11
59,27,3.083000,10
59,28,4.495000,11
59,29,6.163000,12
59,30,6.547000,16
59,31,5.180000,17
59,32,5.677000,19
59,33,3.784000,11
59,34,5.171000,14
59,35,2.441000,13
59,36,0.508000,16
59,37,4.671000,15
59,38,3.864000,11
59,39,7.251000,17
59,40,5.278000,17
59,41,4.812000,13
59,42,4.220000,15
59,43,2.884000,10
59,44,2.930000,11
59,45,3.144000,14
59,46,5.490000,13
59,47,6.865000,11
59,48,3.775000,10
59,49,5.081000,12
59,50,4.775000,13
59,51,4.490000,13
59,52,4.252000,14
59,53,3.488000,12
59,54,1.605000,11
59,55,3.355000,10
59,56,4.497000,12
59,57,6.030000,12
59,58,4.514000,12
59,59,4.480000,11
59,60,4.166000,11
59,61,2.687000,8
59,62,4.796000,13
59,63,4.620000,15
59,64,4.409000,12
59,65,6.849000,14
59,66,5.190000,14
59,67,4.253000,11
59,68,3.197000,9
59,69,3.698000,9
59,70,3.489000,11
59,71,3.561000,12
59,72,3.215000,12
59,73,3.205000,8
59,74,3.577000,10
59,75,4.595000,8
59,76,5.621000,13
59,77,4.454000,14
59,78,4.473000,14
59,79,4.134000,13
59,80,4.373000,14
59,81,4.350000,13
59,82,5.361000,15
59,83,5.032000,13
59,84,5.326000,13
59,85,4.898000,14
59,86,3.107000,8
59,87,4.995000,14
59,88,4.448000,15
59,89,3.954000,14
59,90,2.629000,13
59,91,4.438000,13
59,92,7.112000,14
59,93,5.119000,14
59,94,4.944000,15
59,95,4.569000,14
59,96,5.245000,15
59,97,3.194000,8
59,98,2.703000,8
59,99,2.096000,9
59,100,5.686000,14
59,101,5.344000,12
59,102,6.210000,20
59,103,4.892000,14
59,104,4.398000,13
59,105,5.350000,13
59,106,3.640000,13
59,107,3.152000,13
59,108,1.494000,13
59,109,5.629000,13
59,110,6.875000,13
59,111,4.713000,13
59,112,4.061000,13
59,113,2.785000,8
59,114,3.905000,12
59,115,2.627000,9
59,116,3.210000,9
59,117,2.963000,9
59,118,3.378000,8
59,119,4.572000,8
59,120,6.168000,13
59,121,4.950000,15
59,122,4.819000,15
59,123,5.059000,14
59,124,3.891000,13
59,125,3.053000,12
59,126,1.238000,15
59,127,5.969000,16
59,128,7.212000,15
59,129,4.556000,13
59,130,4.464000,10
59,131,6.656000,20
59,132,2.439000,9
59,133,3.002000,9
59,134,2.803000,14
59,135,0.804000,14
59,136,4.579000,13
59,137,5.028000,12
59,138,5.804000,13
59,139,4.204000,14
59,140,2.926000,8
59,141,4.660000,13
59,142,3.650000,9
59,143,3.158000,8
59,144,1.862000,5
60,1,4.703000,14
60,2,3.165000,11
60,3,4.459000,13
60,4,4.384000,14
60,5,4.093000,13
60,6,3.948000,10
60,7,3.256000,8
60,8,4.744000,12
60,9,2.900000,11
60,10,3.931000,12
60,11,3.593000,12
60,12,3.981000,12
60,13,3.522000,10
60,14,4.317000,13
60,15,4.390000,11
60,16,3.708000,10
60,17,4.221000,11
60,18,4.289000,17
60,19,3.530000,10
60,20,3.911000,10
60,21,3.044000,10
60,22,3.321000,9
60,23,4.731000,11
60,24,4.088000,10
60,25,3.050000,9
60,26,3.790000,10
60,27,4.135000,12
60,28,4.425000,13
60,29,3.574000,11
60,30,6.021000,18
60,31,3.765000,12
60,32,4.240000,14
60,33,5.592000,18
60,34,4.823000,14
60,35,2.925000,12
60,36,1.079000,12
60,37,4.683000,15
60,38,3.769000,11
60,39,5.155000,17
60,40,5.500000,17
60,41,3.413000,11
60,42,4.515000,15
60,43,7.567000,28
60,44,2.355000,12
60,45,0.730000,12
60,46,4.121000,13
60,47,3.298000,9
60,48,3.769000,11
60,49,3.237000,12
60,50,4.411000,12
60,51,3.850000,13
60,52,3.751000,12
60,53,5.064000,14
60,54,2.872000,11
60,55,3.104000,10
60,56,3.368000,11
60,57,5.089000,13
60,58,3.524000,12
60,59,3.795000,11
60,60,3.759000,10
60,61,3.451000,12
60,62,4.728000,13
60,63,4.489000,15
60,64,4.670000,14
60,65,3.896000,12
60,66,3.251000,8
60,67,4.519000,14
60,68,3.991000,10
60,69,2.725000,9
60,70,3.528000,10
60,71,3.951000,12
60,72,3.859000,13
60,73,3.069000,8
60,74,3.601000,10
60,75,2.989000,8
60,76,4.394000,13
60,77,3.792000,14
60,78,4.095000,14
60,79,3.959000,13
60,80,4.980000,14
60,81,4.350000,13
60,82,4.735000,15
60,83,4.099000,13
60,84,3.867000,13
60,85,3.624000,14
60,86,3.092000,8
60,87,5.182000,14
60,88,4.766000,15
60,89,3.765000,14
60,90,0.994000,13
60,91,3.794000,13
60,92,4.394000,14
60,93,3.935000,14
60,94,4.199000,15
60,95,4.502000,14
60,96,3.158000,8
60,97,3.894000,8
60,98,3.121000,8
60,99,2.123000,9
60,100,4.451000,14
60,101,4.533000,12
60,102,5.909000,22
60,103,4.634000,14
60,104,3.553000,13
60,105,4.345000,13
60,106,4.308000,13
60,107,2.520000,13
60,108,0.875000,13
60,109,4.425000,13
60,110,4.041000,13
60,111,4.585000,13
60,112,4.189000,13
60,113,3.098000,7
60,114,3.782000,12
60,115,3.189000,9
60,116,3.028000,9
60,117,3.409000,9
60,118,4.421000,14
60,119,3.335000,8
60,120,4.051000,13
60,121,4.297000,15
60,122,4.623000,15
60,123,4.334000,14
60,124,3.975000,13
60,125,3.938000,12
60,126,3.039000,15
60,127,3.991000,15
60,128,4.556000,14
60,129,4.098000,13
60,130,3.491000,10
60,131,5.207000,17
60,132,3.708000,9
60,133,4.938000,13
60,134,4.015000,14
60,135,2.559000,12
60,136,4.159000,14
60,137,5.500000,16
60,138,4.599000,14
60,139,3.018000,9
60,140,3.298000,10
60,141,5.876000,14
60,142,4.970000,13
60,143,2.556000,8
60,144,1.359000,5
61,1,4.365000,14
61,2,3.933000,12
61,3,3.973000,13
61,4,4.017000,13
61,5,4.627000,14
61,6,3.274000,10
61,7,4.272000,8
61,8,6.236000,12
61,9,2.834000,11
61,10,3.716000,12
61,11,3.200000,9
61,12,3.584000,13
61,13,4.285000,13
61,14,4.289000,12
61,15,4.320000,11
61,16,4.847000,16
61,17,5.155000,11
61,18,4.950000,10
61,19,3.515000,10
61,20,4.095000,12
61,21,3.187000,8
61,22,3.580000,10
61,23,2.968000,9
61,24,3.132000,10
61,25,3.450000,10
61,26,3.062000,9
61,27,4.563000,12
61,28,4.794000,13
61,29,3.287000,10
61,30,3.756000,14
61,31,5.595000,19
61,32,3.181000,12
61,33,4.155000,13
61,34,5.823000,16
61,35,5.106000,14
61,36,2.033000,12
61,37,4.015000,15
61,38,4.474000,13
61,39,3.647000,12
61,40,4.018000,12
61,41,3.915000,11
61,42,5.378000,17
61,43,5.134000,16
61,44,6.590000,12
61,45,3.100000,11
61,46,4.852000,14
61,47,4.267000,12
61,48,4.138000,12
61,49,3.944000,14
61,50,3.555000,11
61,51,4.493000,13
61,52,3.462000,9
61,53,4.376000,9
61,54,4.757000,12
61,55,3.992000,12
61,56,3.473000,11
61,57,3.919000,12
61,58,3.172000,10
61,59,3.067000,9
61,60,4.124000,16
61,61,4.905000,17
61,62,6.941000,14
61,63,5.436000,15
61,64,4.365000,12
61,65,3.859000,12
61,66,3.484000,9
61,67,3.932000,12
61,68,3.051000,10
61,69,3.455000,11
61,70,3.741000,11
61,71,5.078000,14
61,72,5.969000,12
61,73,2.605000,8
61,74,3.049000,10
61,75,2.902000,8
61,76,3.850000,13
61,77,3.520000,14
61,78,4.874000,14
61,79,3.827000,13
61,80,5.087000,14
61,81,6.154000,13
61,82,4.366000,15
61,83,4.111000,13
61,84,3.946000,13
61,85,4.224000,14
61,86,3.027000,8
61,87,4.634000,15
61,88,4.083000,15
61,89,6.015000,14
61,90,5.056000,13
61,91,4.048000,13
61,92,5.409000,14
61,93,4.902000,14
61,94,4.681000,15
61,95,4.708000,14
61,96,3.297000,8
61,97,3.939000,8
61,98,5.211000,8
61,99,3.985000,13
61,100,5.309000,15
61,101,3.893000,12
61,102,6.853000,25
61,103,4.569000,15
61,104,4.237000,14
61,105,6.145000,14
61,106,6.028000,13
61,107,3.665000,13
61,108,1.119000,13
61,109,3.550000,13
61,110,3.832000,13
61,111,4.952000,14
61,112,4.359000,14
61,113,2.847000,10
61,114,3.508000,12
61,115,2.997000,9
61,116,6.481000,15
61,117,4.382000,9
61,118,2.415000,8
61,119,3.163000,8
61,120,3.905000,14
61,121,4.695000,15
61,122,4.927000,15
61,123,4.939000,14
61,124,4.319000,13
61,125,5.920000,13
61,126,5.292000,15
61,127,4.134000,15
61,128,5.257000,21
61,129,3.411000,9
61,130,2.865000,10
61,131,4.898000,19
61,132,3.825000,14
61,133,6.124000,15
61,134,5.681000,15
61,135,2.125000,16
61,136,5.126000,18
61,137,3.347000,11
61,138,3.408000,11
61,139,3.251000,10
61,140,2.719000,9
61,141,4.120000,13
61,142,4.082000,11
61,143,3.299000,8
61,144,4.152000,5
62,1,8.097000,14
62,2,5.200000,13
62,3,6.921000,13
62,4,5.624000,13
62,5,6.514000,15
62,6,4.817000,10
62,7,4.015000,8
62,8,5.162000,12
62,9,4.677000,10
62,10,6.207000,12
62,11,5.313000,10
62,12,5.949000,13
62,13,5.092000,10
62,14,5.653000,11
62,15,5.829000,10
62,16,6.467000,13
62,17,4.985000,12
62,18,3.731000,10
62,19,5.884000,10
62,20,4.807000,8
62,21,5.749000,8
62,22,4.830000,10
62,23,4.312000,9
62,24,5.054000,10
62,25,5.564000,10
62,26,3.813000,9
62,27,5.960000,12
62,28,6.809000,12
62,29,5.871000,10
62,30,6.299000,14
62,31,6.344000,16
62,32,4.741000,11
62,33,5.775000,12
62,34,7.421000,16
62,35,5.873000,14
62,36,3.905000,13
62,37,7.801000,14
62,38,5.919000,11
62,39,6.464000,15
62,40,4.620000,10
62,41,5.619000,11
62,42,7.582000,17
62,43,6.150000,16
62,44,5.681000,13
62,45,3.346000,9
62,46,6.166000,10
62,47,6.463000,13
62,48,5.414000,11
62,49,6.223000,13
62,50,5.434000,13
62,51,6.939000,12
62,52,4.705000,9
62,53,4.008000,9
62,54,6.082000,13
62,55,5.636000,11
62,56,6.261000,11
62,57,5.645000,12
62,58,5.305000,11
62,59,5.845000,12
62,60,6.268000,13
62,61,5.646000,15
62,62,5.697000,14
62,63,5.843000,14
62,64,6.401000,13
62,65,4.859000,11
62,66,4.493000,8
62,67,6.600000,13
62,68,4.922000,10
62,69,4.714000,10
62,70,5.305000,11
62,71,5.416000,14
62,72,4.985000,12
62,73,5.128000,8
62,74,5.709000,10
62,75,4.245000,8
62,76,5.877000,13
62,77,6.133000,14
62,78,6.596000,14
62,79,5.505000,13
62,80,5.756000,14
62,81,5.936000,13
62,82,7.533000,15
62,83,6.840000,13
62,84,5.864000,13
62,85,6.009000,14
62,86,4.524000,8
62,87,7.192000,15
62,88,7.142000,15
62,89,6.602000,14
62,90,1.541000,13
62,91,7.532000,13
62,92,7.626000,14
62,93,6.851000,14
62,94,6.919000,15
62,95,7.496000,14
62,96,3.867000,8
62,97,4.802000,8
62,98,5.228000,8
62,99,2.300000,9
62,100,7.885000,15
62,101,6.359000,12
62,102,8.130000,17
62,103,6.826000,14
62,104,6.981000,14
62,105,4.892000,14
62,106,5.252000,13
62,107,5.189000,13
62,108,2.157000,13
62,109,6.751000,13
62,110,5.576000,13
62,111,6.016000,14
62,112,5.420000,14
62,113,4.975000,9
62,114,5.303000,12
62,115,3.979000,9
62,116,4.327000,11
62,117,4.314000,9
62,118,5.523000,8
62,119,3.877000,8
62,120,5.908000,14
62,121,6.688000,15
62,122,11.011000,15
62,123,5.763000,14
62,124,6.589000,13
62,125,6.092000,13
62,126,2.505000,15
62,127,7.188000,15
62,128,6.109000,13
62,129,4.756000,9
62,130,4.350000,10
62,131,7.531000,19
62,132,7.338000,14
62,133,5.570000,13
62,134,6.338000,15
62,135,4.047000,17
62,136,8.368000,16
62,137,5.204000,11
62,138,5.251000,11
62,139,4.260000,9
62,140,4.099000,9
62,141,6.253000,14
62,142,5.593000,10
62,143,4.806000,8
62,144,3.110000,5
63,1,6.839000,14
63,2,6.328000,13
63,3,7.401000,13
63,4,6.544000,13
63,5,6.415000,15
63,6,5.449000,10
63,7,6.380000,8
63,8,7.240000,12
63,9,3.367000,12
63,10,5.602000,12
63,11,6.267000,12
63,12,7.032000,12
63,13,7.369000,12
63,14,5.113000,10
63,15,5.253000,10
63,16,5.855000,11
63,17,6.669000,12
63,18,8.301000,11
63,19,4.948000,9
63,20,8.872000,18
63,21,6.889000,10
63,22,6.028000,10
63,23,6.352000,12
63,24,4.970000,10
63,25,5.733000,10
63,26,5.922000,9
63,27,7.901000,12
63,28,7.258000,12
63,29,5.837000,10
63,30,8.926000,16
63,31,8.532000,16
63,32,4.520000,12
63,33,5.636000,11
63,34,6.854000,14
63,35,8.306000,14
63,36,5.312000,20
63,37,10.166000,21
63,38,4.978000,11
63,39,7.602000,15
63,40,6.697000,10
63,41,5.475000,11
63,42,8.378000,17
63,43,7.447000,15
63,44,5.923000,11
63,45,4.391000,12
63,46,6.424000,11
63,47,5.586000,11
63,48,6.932000,12
63,49,8.109000,13
63,50,6.550000,12
63,51,5.995000,12
63,52,5.536000,9
63,53,7.011000,12
63,54,4.258000,12
63,55,5.987000,11
63,56,5.361000,11
63,57,5.443000,12
63,58,8.196000,11
63,59,6.777000,14
63,60,8.029000,16
63,61,7.953000,15
63,62,6.847000,13
63,63,5.720000,14
63,64,6.529000,13
63,65,5.772000,11
63,66,5.056000,8
63,67,6.972000,12
63,68,5.766000,10
63,69,5.120000,10
63,70,4.951000,10
63,71,7.564000,14
63,72,7.462000,13
63,73,4.636000,8
63,74,6.482000,10
63,75,4.420000,8
63,76,7.094000,13
63,77,8.135000,14
63,78,6.864000,14
63,79,7.067000,13
63,80,6.991000,14
63,81,7.085000,13
63,82,8.362000,15
63,83,6.978000,13
63,84,7.178000,13
63,85,7.156000,14
63,86,3.940000,8
63,87,6.803000,15
63,88,7.396000,15
63,89,7.292000,14
63,90,5.029000,13
63,91,7.263000,13
63,92,7.312000,14
63,93,6.907000,14
63,94,8.721000,15
63,95,7.326000,14
63,96,5.352000,8
63,97,4.579000,8
63,98,5.790000,8
63,99,4.931000,9
63,100,7.549000,14
63,101,6.946000,12
63,102,14.012000,22
63,103,6.070000,14
63,104,6.291000,14
63,105,6.660000,14
63,106,7.611000,13
63,107,4.919000,13
63,108,1.611000,13
63,109,6.412000,13
63,110,7.306000,13
63,111,6.718000,13
63,112,7.570000,14
63,113,4.274000,9
63,114,5.102000,12
63,115,5.752000,9
63,116,6.644000,11
63,117,4.638000,9
63,118,4.737000,8
63,119,5.994000,8
63,120,6.147000,14
63,121,8.578000,15
63,122,7.362000,15
63,123,6.008000,14
63,124,5.988000,13
63,125,7.763000,13
63,126,3.821000,14
63,127,6.333000,13
63,128,5.939000,12
63,129,4.656000,8
63,130,5.452000,10
63,131,8.988000,19
63,132,6.184000,14
63,133,7.052000,14
63,134,8.036000,16
63,135,6.486000,15
63,136,8.279000,16
63,137,5.394000,10
63,138,5.731000,11
63,139,5.549000,9
63,140,4.630000,9
63,141,6.986000,14
63,142,6.090000,9
63,143,6.490000,8
63,144,3.242000,5
64,1,8.742000,14
64,2,5.540000,12
64,3,4.033000,13
64,4,3.677000,13
64,5,5.161000,15
64,6,4.118000,11
64,7,6.689000,22
64,8,2.409000,11
64,9,2.112000,13
64,10,8.005000,12
64,11,4.619000,11
64,12,4.622000,12
64,13,4.130000,13
64,14,3.993000,11
64,15,5.974000,18
64,16,3.639000,11
64,17,3.158000,10
64,18,3.131000,12
64,19,4.271000,8
64,20,7.240000,17
64,21,3.930000,10
64,22,4.512000,13
64,23,3.644000,10
64,24,4.647000,10
64,25,3.343000,9
64,26,4.540000,12
64,27,3.982000,12
64,28,8.378000,13
64,29,4.539000,10
64,30,5.319000,16
64,31,3.833000,15
64,32,4.110000,13
64,33,4.402000,11
64,34,4.064000,12
64,35,3.764000,12
64,36,3.388000,19
64,37,9.099000,20
64,38,5.781000,15
64,39,4.588000,15
64,40,5.092000,16
64,41,3.929000,11
64,42,5.678000,19
64,43,2.176000,16
64,44,0.294000,9
64,45,0.220000,12
64,46,7.836000,12
64,47,5.698000,12
64,48,4.217000,12
64,49,4.545000,12
64,50,4.373000,14
64,51,3.886000,9
64,52,4.245000,12
64,53,3.743000,11
64,54,2.403000,13
64,55,6.628000,11
64,56,4.944000,11
64,57,4.802000,12
64,58,4.269000,12
64,59,4.467000,14
64,60,5.265000,15
64,61,3.485000,11
64,62,4.210000,13
64,63,3.085000,14
64,64,7.541000,13
64,65,4.607000,11
64,66,3.544000,8
64,67,4.098000,12
64,68,3.159000,10
64,69,3.697000,10
64,70,3.700000,10
64,71,4.364000,14
64,72,4.094000,13
64,73,5.849000,8
64,74,4.722000,10
64,75,3.639000,8
64,76,4.204000,13
64,77,3.907000,14
64,78,4.079000,14
64,79,4.260000,13
64,80,4.708000,14
64,81,4.448000,13
64,82,8.216000,15
64,83,5.048000,13
64,84,4.087000,13
64,85,4.859000,14
64,86,3.011000,8
64,87,5.730000,15
64,88,4.365000,15
64,89,4.468000,14
64,90,2.140000,13
64,91,7.579000,13
64,92,5.931000,14
64,93,4.054000,14
64,94,4.767000,15
64,95,4.157000,14
64,96,4.820000,16
64,97,3.087000,8
64,98,3.098000,8
64,99,2.442000,9
64,100,7.261000,15
64,101,5.153000,12
64,102,5.717000,17
64,103,4.859000,14
64,104,4.229000,14
64,105,4.198000,13
64,106,4.401000,13
64,107,3.940000,13
64,108,2.414000,13
64,109,6.975000,13
64,110,4.740000,13
64,111,4.031000,13
64,112,3.853000,14
64,113,3.763000,9
64,114,3.945000,12
64,115,3.558000,9
64,116,4.652000,15
64,117,3.153000,9
64,118,5.189000,8
64,119,4.810000,8
64,120,5.207000,14
64,121,5.151000,15
64,122,5.054000,15
64,123,5.058000,14
64,124,3.913000,13
64,125,3.706000,13
64,126,2.287000,14
64,127,7.592000,12
64,128,5.325000,11
64,129,2.840000,8
64,130,3.067000,9
64,131,7.178000,25
64,132,4.798000,13
64,133,4.852000,15
64,134,3.103000,15
64,135,1.568000,14
64,136,7.756000,16
64,137,4.687000,10
64,138,3.905000,10
64,139,2.622000,9
64,140,3.560000,9
64,141,5.658000,18
64,142,2.855000,10
64,143,3.341000,8
64,144,2.090000,5
65,1,4.620000,14
65,2,3.435000,12
65,3,4.012000,13
65,4,5.239000,13
65,5,4.868000,15
65,6,3.565000,11
65,7,3.454000,11
65,8,4.798000,12
65,9,5.032000,11
65,10,3.768000,12
65,11,4.030000,11
65,12,3.867000,13
65,13,4.771000,10
65,14,5.555000,16
65,15,5.054000,13
65,16,3.568000,11
65,17,6.651000,12
65,18,4.408000,11
65,19,4.057000,11
65,20,3.566000,11
65,21,3.389000,11
65,22,4.404000,11
65,23,5.127000,13
65,24,4.020000,12
65,25,4.155000,11
65,26,4.802000,10
65,27,5.871000,13
65,28,4.169000,11
65,29,3.895000,10
65,30,5.744000,17
65,31,6.109000,17
65,32,4.439000,13
65,33,4.380000,11
65,34,6.226000,12
65,35,7.615000,20
65,36,1.197000,20
65,37,5.181000,18
65,38,3.988000,12
65,39,4.997000,15
65,40,5.815000,17
65,41,3.487000,12
65,42,5.003000,17
65,43,7.701000,16
65,44,3.797000,8
65,45,2.942000,12
65,46,3.780000,13
65,47,3.547000,13
65,48,4.028000,12
65,49,5.262000,12
65,50,4.222000,12
65,51,2.965000,9
65,52,3.263000,12
65,53,4.848000,11
65,54,6.472000,13
65,55,3.778000,11
65,56,4.283000,11
65,57,4.216000,12
65,58,4.644000,13
65,59,4.729000,13
65,60,4.671000,13
65,61,5.300000,15
65,62,7.395000,13
65,63,3.471000,14
65,64,4.690000,17
65,65,3.195000,11
65,66,3.550000,8
65,67,5.941000,14
65,68,3.555000,10
65,69,3.064000,10
65,70,3.146000,10
65,71,5.203000,14
65,72,6.671000,13
65,73,3.462000,8
65,74,2.791000,10
65,75,2.399000,8
65,76,3.940000,13
65,77,4.740000,14
65,78,3.991000,14
65,79,3.561000,13
65,80,4.444000,14
65,81,6.052000,13
65,82,4.875000,15
65,83,4.283000,13
65,84,4.658000,13
65,85,5.201000,14
65,86,2.644000,8
65,87,4.558000,15
65,88,5.735000,15
65,89,6.992000,14
65,90,4.013000,13
65,91,4.345000,13
65,92,3.973000,14
65,93,3.888000,14
65,94,5.792000,15
65,95,4.111000,14
65,96,3.191000,8
65,97,3.081000,8
65,98,4.258000,8
65,99,5.061000,9
65,100,4.620000,15
65,101,3.156000,12
65,102,5.592000,19
65,103,5.244000,14
65,104,4.101000,14
65,105,3.245000,13
65,106,5.219000,13
65,107,6.362000,13
65,108,4.172000,13
65,109,3.770000,13
65,110,4.128000,13
65,111,4.320000,13
65,112,4.891000,14
65,113,3.527000,9
65,114,3.755000,12
65,115,3.132000,9
65,116,4.203000,11
65,117,4.855000,9
65,118,2.632000,8
65,119,2.810000,8
65,120,3.427000,14
65,121,5.521000,15
65,122,5.553000,15
65,123,4.216000,14
65,124,4.184000,13
65,125,5.468000,13
65,126,6.274000,14
65,127,3.770000,12
65,128,2.978000,12
65,129,2.557000,7
65,130,4.472000,12
65,131,7.050000,20
65,132,3.475000,13
65,133,3.814000,14
65,134,10.184000,14
65,135,4.144000,13
65,136,5.208000,17
65,137,3.390000,10
65,138,2.502000,9
65,139,3.756000,10
65,140,3.835000,11
65,141,6.131000,21
65,142,4.588000,10
65,143,5.625000,8
65,144,2.164000,5
66,1,8.587000,14
66,2,6.312000,12
66,3,8.007000,13
66,4,6.331000,13
66,5,6.439000,15
66,6,5.268000,11
66,7,4.299000,8
66,8,5.784000,12
66,9,4.312000,11
66,10,8.110000,12
66,11,7.106000,15
66,12,6.673000,13
66,13,6.315000,12
66,14,5.521000,10
66,15,6.337000,13
66,16,5.464000,11
66,17,4.323000,10
66,18,1.998000,10
66,19,5.393000,11
66,20,6.228000,12
66,21,6.999000,12
66,22,5.551000,11
66,23,6.393000,11
66,24,6.505000,12
66,25,6.617000,12
66,26,6.488000,14
66,27,4.737000,10
66,28,6.894000,11
66,29,6.340000,11
66,30,8.335000,16
66,31,7.970000,18
66,32,6.257000,12
66,33,5.961000,11
66,34,5.163000,12
66,35,5.315000,12
66,36,4.567000,21
66,37,9.089000,19
66,38,5.804000,12
66,39,8.469000,16
66,40,7.668000,17
66,41,5.791000,12
66,42,8.011000,21
66,43,6.012000,13
66,44,4.655000,11
66,45,1.828000,16
66,46,7.080000,11
66,47,6.642000,14
66,48,7.825000,13
66,49,5.652000,12
66,50,4.988000,12
66,51,5.542000,10
66,52,6.223000,11
66,53,6.204000,14
66,54,4.725000,11
66,55,7.252000,13
66,56,5.723000,12
66,57,5.296000,11
66,58,5.997000,12
66,59,6.800000,15
66,60,5.999000,13
66,61,6.450000,14
66,62,6.152000,14
66,63,4.666000,14
66,64,7.613000,14
66,65,4.919000,11
66,66,4.830000,8
66,67,7.083000,12
66,68,5.629000,10
66,69,5.193000,11
66,70,5.509000,10
66,71,7.125000,14
66,72,4.771000,13
66,73,4.815000,8
66,74,4.926000,10
66,75,4.017000,8
66,76,6.838000,13
66,77,8.202000,14
66,78,6.737000,14
66,79,7.587000,13
66,80,5.227000,14
66,81,5.599000,13
66,82,8.956000,15
66,83,6.059000,13
66,84,7.879000,13
66,85,6.656000,14
66,86,3.730000,8
66,87,8.137000,15
66,88,7.041000,15
66,89,6.058000,14
66,90,2.181000,13
66,91,7.604000,13
66,92,6.179000,14
66,93,7.713000,14
66,94,7.760000,15
66,95,6.731000,14
66,96,4.979000,8
66,97,3.981000,8
66,98,4.676000,8
66,99,4.290000,9
66,100,8.080000,14
66,101,5.350000,12
66,102,5.985000,13
66,103,6.351000,14
66,104,6.359000,14
66,105,4.873000,13
66,106,5.976000,13
66,107,5.218000,13
66,108,4.700000,13
66,109,7.221000,13
66,110,5.787000,13
66,111,7.700000,14
66,112,6.072000,14
66,113,4.171000,9
66,114,5.304000,12
66,115,5.498000,9
66,116,4.750000,11
66,117,3.563000,9
66,118,5.034000,8
66,119,5.180000,8
66,120,6.822000,14
66,121,8.021000,15
66,122,6.686000,15
66,123,7.429000,14
66,124,5.763000,13
66,125,6.668000,13
66,126,4.105000,13
66,127,7.217000,14
66,128,6.687000,18
66,129,6.019000,9
66,130,5.117000,12
66,131,8.501000,19
66,132,4.622000,9
66,133,6.041000,13
66,134,4.562000,12
66,135,2.919000,14
66,136,7.605000,13
66,137,3.874000,10
66,138,4.997000,9
66,139,6.119000,10
66,140,4.620000,9
66,141,7.326000,15
66,142,5.351000,11
66,143,4.763000,8
66,144,3.954000,5
67,1,6.573000,14
67,2,4.948000,12
67,3,5.801000,13
67,4,5.136000,13
67,5,7.862000,15
67,6,5.133000,11
67,7,9.171000,21
67,8,4.976000,12
67,9,3.166000,11
67,10,5.232000,12
67,11,3.940000,9
67,12,5.659000,12
67,13,6.297000,13
67,14,5.205000,10
67,15,6.447000,11
67,16,6.667000,11
67,17,6.140000,12
67,18,4.349000,10
67,19,4.678000,10
67,20,6.454000,12
67,21,5.495000,12
67,22,4.786000,9
67,23,5.447000,11
67,24,6.551000,12
67,25,5.729000,12
67,26,6.090000,13
67,27,6.008000,12
67,28,4.366000,9
67,29,6.317000,12
67,30,7.288000,16
67,31,6.217000,15
67,32,6.906000,12
67,33,6.359000,11
67,34,6.214000,12
67,35,5.705000,13
67,36,4.299000,20
67,37,7.178000,18
67,38,5.381000,12
67,39,6.638000,14
67,40,8.255000,17
67,41,7.018000,12
67,42,6.707000,15
67,43,6.293000,13
67,44,4.611000,16
67,45,1.132000,14
67,46,5.560000,12
67,47,7.079000,15
67,48,7.061000,14
67,49,5.567000,12
67,50,5.955000,9
67,51,6.402000,11
67,52,7.967000,19
67,53,5.794000,14
67,54,1.992000,8
67,55,5.691000,13
67,56,5.669000,13
67,57,5.191000,11
67,58,5.927000,14
67,59,8.307000,16
67,60,8.176000,13
67,61,6.059000,13
67,62,4.905000,9
67,63,3.283000,16
67,64,5.929000,13
67,65,5.137000,11
67,66,4.530000,8
67,67,5.480000,12
67,68,4.504000,10
67,69,4.471000,10
67,70,5.169000,10
67,71,6.955000,14
67,72,5.732000,13
67,73,3.938000,8
67,74,4.536000,10
67,75,3.746000,8
67,76,5.480000,13
67,77,6.661000,14
67,78,6.771000,14
67,79,6.315000,13
67,80,5.745000,14
67,81,3.030000,13
67,82,6.172000,15
67,83,5.886000,13
67,84,6.170000,13
67,85,7.276000,14
67,86,5.350000,8
67,87,7.441000,15
67,88,6.781000,15
67,89,5.181000,14
67,90,2.991000,13
67,91,5.221000,13
67,92,5.485000,14
67,93,5.830000,14
67,94,6.129000,15
67,95,7.597000,14
67,96,4.915000,8
67,97,4.580000,8
67,98,4.734000,8
67,99,4.770000,9
67,100,6.569000,15
67,101,5.809000,12
67,102,6.461000,13
67,103,6.623000,14
67,104,7.201000,14
67,105,8.989000,13
67,106,5.814000,13
67,107,4.120000,13
67,108,1.514000,13
67,109,5.925000,13
67,110,4.965000,13
67,111,6.426000,14
67,112,6.018000,14
67,113,4.902000,9
67,114,6.379000,12
67,115,4.407000,9
67,116,8.469000,15
67,117,3.254000,9
67,118,4.408000,8
67,119,3.120000,8
67,120,5.327000,14
67,121,6.960000,15
67,122,6.408000,15
67,123,7.085000,14
67,124,6.389000,13
67,125,6.307000,13
67,126,4.457000,13
67,127,5.701000,13
67,128,7.012000,16
67,129,5.905000,14
67,130,5.299000,12
67,131,9.090000,19
67,132,5.823000,9
67,133,4.397000,9
67,134,5.027000,13
67,135,3.356000,14
67,136,5.638000,14
67,137,4.332000,10
67,138,4.064000,9
67,139,5.108000,10
67,140,4.629000,9
67,141,7.041000,15
67,142,7.501000,10
67,143,4.552000,8
67,144,2.731000,5
68,1,5.134000,14
68,2,3.902000,12
68,3,3.678000,13
68,4,4.427000,13
68,5,4.562000,15
68,6,3.866000,12
68,7,5.690000,16
68,8,2.706000,12
68,9,0.740000,11
68,10,4.237000,12
68,11,3.524000,12
68,12,3.674000,13
68,13,3.298000,10
68,14,3.121000,10
68,15,3.658000,10
68,16,3.844000,12
68,17,3.212000,11
68,18,3.276000,10
68,19,4.453000,11
68,20,3.585000,10
68,21,3.467000,11
68,22,4.018000,12
68,23,4.263000,11
68,24,3.814000,12
68,25,3.750000,10
68,26,5.150000,15
68,27,2.957000,11
68,28,4.198000,11
68,29,4.560000,13
68,30,4.276000,15
68,31,4.642000,16
68,32,3.433000,10
68,33,4.490000,11
68,34,3.753000,12
68,35,3.479000,11
68,36,3.590000,18
68,37,5.427000,18
68,38,4.057000,12
68,39,3.789000,13
68,40,4.159000,16
68,41,3.714000,12
68,42,3.532000,10
68,43,4.452000,15
68,44,3.416000,12
68,45,3.357000,14
68,46,5.032000,13
68,47,4.264000,13
68,48,4.928000,11
68,49,4.177000,12
68,50,4.241000,11
68,51,4.149000,11
68,52,4.098000,11
68,53,4.130000,14
68,54,1.562000,12
68,55,5.086000,13
68,56,3.630000,11
68,57,3.126000,11
68,58,4.205000,14
68,59,6.139000,19
68,60,4.097000,13
68,61,4.365000,13
68,62,4.003000,12
68,63,2.256000,13
68,64,6.128000,15
68,65,4.013000,12
68,66,2.640000,8
68,67,3.534000,12
68,68,3.480000,10
68,69,3.567000,10
68,70,3.387000,10
68,71,5.343000,15
68,72,3.496000,13
68,73,3.681000,8
68,74,3.446000,10
68,75,2.941000,8
68,76,4.725000,13
68,77,4.690000,14
68,78,4.965000,14
68,79,3.904000,13
68,80,4.220000,14
68,81,3.372000,13
68,82,4.726000,15
68,83,4.114000,13
68,84,4.433000,13
68,85,4.127000,14
68,86,3.079000,8
68,87,4.220000,15
68,88,5.262000,15
68,89,4.100000,14
68,90,2.364000,13
68,91,4.688000,13
68,92,4.958000,14
68,93,4.003000,14
68,94,4.509000,15
68,95,4.184000,14
68,96,3.305000,8
68,97,2.840000,8
68,98,2.867000,8
68,99,2.830000,9
68,100,5.407000,15
68,101,3.600000,11
68,102,4.245000,11
68,103,4.211000,14
68,104,3.813000,14
68,105,4.613000,13
68,106,4.206000,13
68,107,3.351000,13
68,108,1.318000,13
68,109,4.107000,13
68,110,4.092000,13
68,111,4.817000,14
68,112,4.767000,14
68,113,3.147000,9
68,114,3.391000,12
68,115,2.848000,9
68,116,3.414000,11
68,117,2.694000,9
68,118,3.301000,8
68,119,2.806000,8
68,120,3.921000,14
68,121,4.462000,15
68,122,4.508000,15
68,123,4.672000,14
68,124,4.132000,13
68,125,4.184000,13
68,126,3.929000,14
68,127,4.310000,12
68,128,5.219000,18
68,129,4.408000,15
68,130,4.272000,13
68,131,5.186000,18
68,132,4.461000,14
68,133,3.746000,10
68,134,3.192000,9
68,135,2.237000,14
68,136,5.130000,14
68,137,5.447000,16
68,138,2.910000,9
68,139,2.907000,10
68,140,3.635000,10
68,141,4.465000,15
68,142,4.060000,11
68,143,3.015000,8
68,144,1.703000,5
69,1,4.594000,14
69,2,3.331000,13
69,3,3.686000,13
69,4,4.239000,13
69,5,4.640000,15
69,6,4.496000,12
69,7,4.441000,14
69,8,3.739000,12
69,9,2.021000,11
69,10,3.989000,12
69,11,2.999000,9
69,12,3.548000,12
69,13,3.832000,12
69,14,2.994000,10
69,15,3.031000,10
69,16,3.828000,10
69,17,3.812000,12
69,18,4.314000,12
69,19,3.775000,10
69,20,3.573000,10
69,21,3.765000,11
69,22,5.671000,18
69,23,3.535000,12
69,24,4.441000,12
69,25,3.422000,11
69,26,3.469000,12
69,27,1.956000,12
69,28,3.914000,10
69,29,4.388000,13
69,30,3.993000,15
69,31,4.410000,14
69,32,3.378000,10
69,33,4.394000,11
69,34,3.697000,12
69,35,4.433000,15
69,36,1.902000,17
69,37,5.217000,18
69,38,3.678000,10
69,39,3.697000,12
69,40,5.359000,16
69,41,4.123000,12
69,42,3.515000,11
69,43,3.788000,13
69,44,4.102000,14
69,45,2.546000,13
69,46,3.788000,14
69,47,4.820000,15
69,48,2.971000,9
69,49,4.204000,12
69,50,4.864000,14
69,51,4.747000,10
69,52,4.665000,14
69,53,3.584000,10
69,54,2.225000,11
69,55,3.632000,11
69,56,4.382000,14
69,57,4.021000,12
69,58,3.830000,14
69,59,4.024000,13
69,60,4.867000,14
69,61,5.062000,15
69,62,4.010000,14
69,63,2.338000,13
69,64,4.118000,13
69,65,4.764000,15
69,66,2.912000,8
69,67,4.178000,12
69,68,4.466000,13
69,69,4.248000,10
69,70,3.066000,10
69,71,4.734000,15
69,72,2.717000,13
69,73,3.093000,8
69,74,3.277000,10
69,75,2.910000,8
69,76,4.172000,13
69,77,4.327000,14
69,78,4.807000,14
69,79,3.741000,13
69,80,4.407000,14
69,81,3.941000,13
69,82,4.589000,15
69,83,4.479000,13
69,84,4.232000,13
69,85,4.030000,14
69,86,2.745000,8
69,87,5.631000,15
69,88,4.960000,15
69,89,3.721000,14
69,90,2.512000,13
69,91,3.580000,13
69,92,4.314000,14
69,93,3.920000,14
69,94,4.718000,15
69,95,4.336000,14
69,96,4.448000,15
69,97,2.503000,8
69,98,2.790000,8
69,99,2.646000,9
69,100,4.411000,14
69,101,4.040000,11
69,102,4.093000,12
69,103,3.395000,14
69,104,5.719000,14
69,105,3.729000,13
69,106,4.001000,13
69,107,2.778000,13
69,108,1.879000,13
69,109,3.785000,13
69,110,3.274000,13
69,111,4.376000,14
69,112,3.899000,14
69,113,3.353000,9
69,114,4.372000,12
69,115,3.022000,9
69,116,3.816000,11
69,117,2.500000,9
69,118,4.599000,16
69,119,2.683000,8
69,120,4.520000,14
69,121,4.326000,15
69,122,5.519000,15
69,123,3.964000,14
69,124,3.982000,13
69,125,3.161000,13
69,126,1.842000,13
69,127,4.593000,13
69,128,5.092000,18
69,129,3.160000,9
69,130,4.121000,12
69,131,5.406000,19
69,132,3.556000,12
69,133,2.754000,9
69,134,3.709000,10
69,135,2.801000,13
69,136,4.589000,14
69,137,4.808000,15
69,138,2.554000,9
69,139,2.838000,10
69,140,3.040000,9
69,141,5.029000,15
69,142,4.089000,11
69,143,3.302000,8
69,144,1.732000,5
70,1,4.405000,14
70,2,3.535000,12
70,3,4.279000,13
70,4,3.780000,13
70,5,4.025000,15
70,6,3.208000,11
70,7,4.376000,16
70,8,4.960000,12
70,9,2.042000,11
70,10,4.406000,12
70,11,3.710000,12
70,12,4.764000,13
70,13,3.845000,12
70,14,3.766000,10
70,15,3.142000,10
70,16,3.623000,11
70,17,3.407000,11
70,18,4.829000,11
70,19,4.216000,11
70,20,5.338000,18
70,21,4.051000,11
70,22,3.495000,10
70,23,4.202000,13
70,24,3.666000,11
70,25,4.701000,12
70,26,4.860000,12
70,27,2.658000,12
70,28,3.133000,11
70,29,4.244000,14
70,30,5.419000,15
70,31,3.739000,12
70,32,3.333000,10
70,33,3.313000,11
70,34,4.303000,12
70,35,5.249000,15
70,36,4.757000,18
70,37,4.977000,18
70,38,4.076000,14
70,39,4.451000,13
70,40,4.564000,17
70,41,3.952000,12
70,42,5.663000,20
70,43,4.900000,15
70,44,4.206000,17
70,45,0.322000,14
70,46,3.942000,11
70,47,3.218000,10
70,48,4.925000,12
70,49,4.074000,11
70,50,3.015000,10
70,51,3.599000,11
70,52,3.644000,12
70,53,4.100000,11
70,54,4.425000,12
70,55,3.750000,12
70,56,3.716000,13
70,57,4.995000,13
70,58,4.010000,14
70,59,4.308000,14
70,60,4.571000,13
70,61,3.601000,12
70,62,5.411000,13
70,63,2.649000,13
70,64,5.437000,18
70,65,5.443000,15
70,66,3.221000,8
70,67,3.918000,12
70,68,3.492000,11
70,69,2.849000,10
70,70,2.926000,10
70,71,4.575000,15
70,72,4.357000,13
70,73,2.893000,8
70,74,2.901000,10
70,75,2.700000,8
70,76,4.345000,13
70,77,3.838000,14
70,78,4.154000,14
70,79,3.884000,13
70,80,4.590000,14
70,81,5.384000,13
70,82,4.146000,15
70,83,3.992000,13
70,84,4.551000,13
70,85,4.435000,14
70,86,2.963000,8
70,87,5.412000,15
70,88,4.483000,15
70,89,5.290000,14
70,90,2.548000,13
70,91,3.595000,13
70,92,4.057000,14
70,93,3.611000,14
70,94,4.611000,15
70,95,3.962000,14
70,96,2.473000,8
70,97,2.756000,8
70,98,2.909000,8
70,99,4.049000,9
70,100,4.414000,15
70,101,4.236000,12
70,102,4.295000,10
70,103,3.793000,14
70,104,4.211000,14
70,105,3.528000,13
70,106,3.956000,13
70,107,3.974000,13
70,108,4.028000,13
70,109,3.632000,13
70,110,3.532000,13
70,111,4.069000,14
70,112,4.495000,14
70,113,2.846000,9
70,114,3.753000,12
70,115,3.473000,9
70,116,4.433000,15
70,117,4.520000,9
70,118,3.111000,8
70,119,2.948000,8
70,120,3.862000,14
70,121,5.685000,15
70,122,5.217000,15
70,123,4.120000,14
70,124,3.908000,13
70,125,4.919000,13
70,126,3.094000,12
70,127,4.015000,13
70,128,3.961000,15
70,129,4.085000,13
70,130,4.221000,13
70,131,5.845000,19
70,132,2.864000,12
70,133,2.990000,9
70,134,4.320000,9
70,135,2.400000,9
70,136,4.402000,13
70,137,4.376000,14
70,138,3.434000,9
70,139,3.345000,10
70,140,3.319000,10
70,141,3.972000,15
70,142,3.986000,11
70,143,3.031000,8
70,144,2.885000,6
71,1,3.592000,14
71,2,3.996000,12
71,3,4.243000,13
71,4,3.356000,13
71,5,4.549000,14
71,6,5.093000,11
71,7,7.319000,18
71,8,5.413000,12
71,9,3.105000,12
71,10,2.691000,12
71,11,4.971000,16
71,12,3.505000,11
71,13,3.092000,10
71,14,3.606000,12
71,15,3.521000,10
71,16,4.711000,10
71,17,4.775000,10
71,18,5.030000,9
71,19,2.907000,10
71,20,4.246000,12
71,21,3.747000,11
71,22,3.837000,11
71,23,4.285000,12
71,24,5.795000,11
71,25,6.018000,10
71,26,5.052000,12
71,27,3.120000,9
71,28,3.456000,13
71,29,4.770000,14
71,30,3.883000,11
71,31,4.637000,15
71,32,3.700000,12
71,33,5.209000,11
71,34,5.225000,12
71,35,6.095000,12
71,36,4.728000,12
71,37,2.905000,12
71,38,3.654000,10
71,39,3.961000,13
71,40,5.523000,17
71,41,3.772000,12
71,42,7.579000,19
71,43,6.637000,16
71,44,6.428000,14
71,45,2.755000,14
71,46,3.551000,13
71,47,4.306000,12
71,48,4.073000,12
71,49,3.998000,9
71,50,3.883000,11
71,51,4.789000,12
71,52,6.161000,12
71,53,5.580000,13
71,54,4.846000,14
71,55,2.639000,11
71,56,5.215000,13
71,57,3.523000,11
71,58,4.561000,12
71,59,5.000000,13
71,60,6.481000,13
71,61,6.200000,12
71,62,5.230000,12
71,63,3.615000,11
71,64,3.753000,13
71,65,3.934000,12
71,66,3.015000,10
71,67,4.320000,12
71,68,3.904000,12
71,69,3.499000,11
71,70,5.692000,11
71,71,7.286000,16
71,72,5.251000,13
71,73,2.087000,8
71,74,3.099000,10
71,75,2.639000,8
71,76,4.241000,13
71,77,4.113000,14
71,78,3.842000,14
71,79,5.903000,13
71,80,6.113000,14
71,81,5.335000,13
71,82,4.748000,15
71,83,3.915000,13
71,84,4.194000,13
71,85,4.013000,14
71,86,3.354000,8
71,87,6.620000,15
71,88,6.733000,15
71,89,5.187000,14
71,90,3.806000,13
71,91,4.047000,13
71,92,4.158000,14
71,93,4.250000,14
71,94,4.017000,15
71,95,4.026000,14
71,96,4.444000,8
71,97,4.038000,8
71,98,4.393000,8
71,99,5.411000,13
71,100,4.864000,15
71,101,3.963000,12
71,102,3.537000,11
71,103,4.682000,14
71,104,4.672000,14
71,105,5.570000,14
71,106,4.873000,13
71,107,3.921000,13
71,108,0.773000,13
71,109,3.800000,13
71,110,4.050000,13
71,111,3.720000,13
71,112,3.737000,14
71,113,3.524000,9
71,114,4.518000,12
71,115,4.927000,9
71,116,5.666000,11
71,117,3.682000,9
71,118,2.696000,8
71,119,2.618000,8
71,120,5.383000,16
71,121,4.290000,15
71,122,4.123000,15
71,123,6.563000,14
71,124,6.072000,13
71,125,5.417000,13
71,126,4.167000,12
71,127,4.318000,13
71,128,4.846000,19
71,129,2.516000,9
71,130,4.323000,15
71,131,4.541000,19
71,132,6.769000,14
71,133,6.317000,13
71,134,4.702000,13
71,135,2.853000,14
71,136,4.584000,15
71,137,3.420000,10
71,138,2.932000,10
71,139,2.971000,10
71,140,3.353000,10
71,141,5.725000,15
71,142,6.474000,10
71,143,4.244000,8
71,144,2.546000,5
72,1,7.172000,14
72,2,5.031000,12
72,3,4.508000,13
72,4,4.117000,13
72,5,4.283000,14
72,6,3.307000,10
72,7,5.272000,17
72,8,3.597000,12
72,9,2.416000,13
72,10,5.300000,12
72,11,6.506000,15
72,12,5.077000,11
72,13,3.064000,10
72,14,4.324000,13
72,15,3.228000,10
72,16,2.420000,9
72,17,3.387000,9
72,18,3.885000,12
72,19,5.529000,11
72,20,5.937000,13
72,21,4.823000,11
72,22,3.350000,10
72,23,3.537000,10
72,24,4.097000,12
72,25,3.671000,12
72,26,3.529000,12
72,27,1.802000,11
72,28,5.809000,12
72,29,6.926000,13
72,30,4.736000,11
72,31,4.036000,14
72,32,3.808000,11
72,33,3.598000,11
72,34,3.913000,12
72,35,2.916000,10
72,36,3.307000,12
72,37,6.044000,12
72,38,4.718000,11
72,39,5.902000,13
72,40,4.344000,13
72,41,3.896000,12
72,42,5.949000,20
72,43,5.080000,18
72,44,3.246000,13
72,45,0.987000,12
72,46,5.546000,12
72,47,6.506000,14
72,48,6.302000,17
72,49,3.478000,11
72,50,3.458000,12
72,51,3.772000,12
72,52,3.758000,12
72,53,3.682000,11
72,54,2.962000,12
72,55,6.901000,18
72,56,5.718000,12
72,57,5.044000,13
72,58,2.928000,11
72,59,4.194000,13
72,60,3.603000,12
72,61,4.044000,12
72,62,4.308000,16
72,63,2.673000,10
72,64,6.102000,13
72,65,5.732000,12
72,66,3.978000,10
72,67,2.848000,11
72,68,4.049000,12
72,69,4.121000,12
72,70,3.185000,11
72,71,5.000000,16
72,72,3.840000,13
72,73,5.031000,8
72,74,5.153000,10
72,75,4.930000,8
72,76,4.292000,13
72,77,4.161000,14
72,78,4.100000,14
72,79,4.517000,13
72,80,4.267000,14
72,81,3.210000,13
72,82,7.316000,15
72,83,6.205000,13
72,84,4.631000,13
72,85,4.574000,14
72,86,2.760000,8
72,87,4.804000,15
72,88,3.916000,15
72,89,3.465000,14
72,90,2.063000,13
72,91,6.442000,13
72,92,5.893000,14
72,93,5.358000,14
72,94,4.202000,15
72,95,3.928000,14
72,96,2.551000,8
72,97,2.920000,8
72,98,3.009000,8
72,99,2.589000,9
72,100,6.985000,15
72,101,5.761000,12
72,102,4.716000,12
72,103,3.536000,14
72,104,3.774000,14
72,105,3.746000,14
72,106,3.358000,13
72,107,4.048000,13
72,108,2.220000,13
72,109,5.005000,13
72,110,5.480000,13
72,111,6.273000,13
72,112,4.088000,14
72,113,3.324000,9
72,114,3.856000,12
72,115,2.770000,9
72,116,4.825000,15
72,117,3.158000,9
72,118,3.812000,8
72,119,4.567000,8
72,120,5.978000,16
72,121,4.911000,15
72,122,4.277000,15
72,123,4.837000,14
72,124,4.002000,13
72,125,3.872000,13
72,126,2.900000,12
72,127,6.667000,15
72,128,8.506000,19
72,129,4.442000,13
72,130,4.726000,14
72,131,4.890000,18
72,132,3.471000,14
72,133,3.964000,15
72,134,0.897000,13
72,135,0.288000,14
72,136,6.592000,16
72,137,7.149000,16
72,138,4.459000,11
72,139,3.022000,10
72,140,3.491000,10
72,141,3.920000,15
72,142,3.973000,10
72,143,2.818000,8
72,144,2.083000,5
73,1,4.291000,14
73,2,4.199000,12
73,3,3.544000,13
73,4,3.815000,13
73,5,4.164000,14
73,6,3.326000,9
73,7,4.144000,16
73,8,4.659000,12
73,9,2.841000,12
73,10,3.896000,12
73,11,4.408000,14
73,12,3.761000,11
73,13,3.692000,11
73,14,3.182000,11
73,15,4.462000,12
73,16,3.893000,11
73,17,4.139000,12
73,18,3.230000,11
73,19,3.989000,12
73,20,4.170000,12
73,21,3.525000,11
73,22,4.182000,14
73,23,3.677000,11
73,24,4.191000,12
73,25,3.340000,12
73,26,3.920000,12
73,27,3.385000,13
73,28,3.365000,11
73,29,3.774000,14
73,30,4.330000,12
73,31,4.576000,14
73,32,4.002000,11
73,33,3.959000,11
73,34,4.309000,12
73,35,3.679000,12
73,36,2.495000,12
73,37,3.934000,12
73,38,3.278000,10
73,39,4.006000,13
73,40,3.673000,13
73,41,3.220000,12
73,42,5.979000,19
73,43,4.096000,16
73,44,3.991000,12
73,45,2.761000,12
73,46,4.256000,12
73,47,4.473000,13
73,48,4.242000,12
73,49,2.848000,9
73,50,3.883000,11
73,51,3.772000,11
73,52,4.180000,13
73,53,2.680000,12
73,54,0.744000,11
73,55,3.160000,10
73,56,4.661000,13
73,57,3.879000,12
73,58,4.535000,13
73,59,3.465000,13
73,60,4.541000,13
73,61,3.089000,12
73,62,4.322000,13
73,63,2.972000,11
73,64,4.572000,13
73,65,3.852000,12
73,66,4.020000,13
73,67,3.484000,11
73,68,3.157000,12
73,69,3.109000,11
73,70,3.492000,10
73,71,4.275000,16
73,72,2.530000,13
73,73,2.759000,8
73,74,3.160000,10
73,75,2.867000,8
73,76,3.519000,13
73,77,3.468000,14
73,78,3.776000,14
73,79,4.357000,13
73,80,3.625000,14
73,81,3.923000,13
73,82,4.266000,15
73,83,3.929000,13
73,84,4.234000,13
73,85,3.996000,14
73,86,3.867000,8
73,87,4.150000,15
73,88,4.147000,15
73,89,4.332000,14
73,90,2.321000,13
73,91,3.779000,13
73,92,4.033000,14
73,93,4.777000,14
73,94,4.769000,15
73,95,3.759000,14
73,96,2.949000,8
73,97,3.247000,8
73,98,2.657000,8
73,99,2.822000,9
73,100,4.602000,15
73,101,3.232000,12
73,102,3.151000,11
73,103,3.427000,14
73,104,3.553000,14
73,105,3.825000,14
73,106,3.534000,13
73,107,3.958000,13
73,108,2.615000,13
73,109,4.260000,13
73,110,3.728000,13
73,111,3.668000,13
73,112,3.865000,14
73,113,3.203000,9
73,114,2.957000,12
73,115,3.298000,9
73,116,3.714000,11
73,117,2.824000,9
73,118,3.123000,8
73,119,2.780000,8
73,120,5.075000,17
73,121,4.260000,15
73,122,3.694000,15
73,123,4.723000,14
73,124,3.185000,13
73,125,3.670000,13
73,126,3.606000,13
73,127,4.264000,14
73,128,4.894000,18
73,129,4.649000,13
73,130,4.464000,14
73,131,5.692000,20
73,132,4.173000,14
73,133,4.192000,14
73,134,2.884000,14
73,135,0.459000,14
73,136,4.023000,14
73,137,4.761000,15
73,138,3.178000,11
73,139,3.374000,10
73,140,2.659000,10
73,141,4.412000,15
73,142,4.241000,10
73,143,2.541000,8
73,144,2.609000,7
74,1,4.349000,14
74,2,4.291000,12
74,3,3.471000,13
74,4,4.156000,13
74,5,3.940000,13
74,6,4.241000,12
74,7,4.089000,13
74,8,4.378000,12
74,9,1.837000,11
74,10,3.950000,12
74,11,5.889000,19
74,12,3.885000,11
74,13,3.310000,10
74,14,3.267000,10
74,15,3.542000,11
74,16,3.640000,9
74,17,3.887000,11
74,18,2.838000,10
74,19,2.998000,10
74,20,3.190000,9
74,21,3.828000,11
74,22,4.037000,13
74,23,4.261000,12
74,24,4.386000,13
74,25,3.070000,9
74,26,3.663000,10
74,27,3.717000,12
74,28,3.786000,13
74,29,2.819000,10
74,30,3.492000,11
74,31,4.322000,14
74,32,3.760000,11
74,33,3.260000,11
74,34,3.471000,12
74,35,2.986000,10
74,36,3.814000,12
74,37,3.784000,12
74,38,3.641000,11
74,39,3.402000,12
74,40,3.577000,13
74,41,4.279000,12
74,42,5.387000,18
74,43,4.180000,16
74,44,3.959000,13
74,45,2.756000,13
74,46,3.589000,10
74,47,4.272000,18
74,48,7.267000,12
74,49,4.215000,14
74,50,4.730000,13
74,51,4.061000,14
74,52,2.860000,13
74,53,1.174000,13
74,54,0.223000,11
74,55,3.615000,11
74,56,3.889000,13
74,57,3.384000,12
74,58,3.733000,12
74,59,4.230000,13
74,60,3.677000,12
74,61,3.581000,12
74,62,4.124000,15
74,63,3.111000,11
74,64,4.544000,15
74,65,3.197000,12
74,66,3.416000,13
74,67,3.551000,11
74,68,4.010000,12
74,69,3.807000,11
74,70,2.906000,10
74,71,4.534000,17
74,72,3.480000,13
74,73,2.750000,8
74,74,3.111000,10
74,75,2.288000,8
74,76,4.010000,13
74,77,4.672000,14
74,78,3.957000,14
74,79,3.571000,13
74,80,4.340000,14
74,81,4.290000,13
74,82,4.536000,15
74,83,4.549000,13
74,84,4.367000,13
74,85,4.708000,14
74,86,2.610000,8
74,87,4.088000,15
74,88,4.527000,15
74,89,4.149000,14
74,90,1.659000,13
74,91,4.004000,13
74,92,4.233000,14
74,93,3.936000,14
74,94,4.710000,15
74,95,4.552000,14
74,96,4.590000,16
74,97,2.745000,8
74,98,3.021000,8
74,99,2.174000,9
74,100,4.537000,15
74,101,4.293000,12
74,102,5.771000,20
74,103,4.259000,14
74,104,3.671000,14
74,105,4.039000,14
74,106,3.880000,13
74,107,3.523000,13
74,108,1.350000,13
74,109,3.065000,13
74,110,3.988000,13
74,111,3.731000,13
74,112,3.428000,14
74,113,3.038000,9
74,114,3.510000,12
74,115,2.740000,9
74,116,4.476000,15
74,117,2.749000,9
74,118,2.853000,8
74,119,2.790000,8
74,120,4.758000,17
74,121,4.289000,15
74,122,4.327000,15
74,123,5.338000,14
74,124,3.683000,13
74,125,3.730000,13
74,126,3.017000,14
74,127,3.862000,14
74,128,4.758000,16
74,129,4.401000,14
74,130,4.159000,13
74,131,6.712000,24
74,132,3.980000,12
74,133,4.122000,14
74,134,2.636000,14
74,135,0.960000,12
74,136,4.129000,13
74,137,3.861000,14
74,138,4.548000,12
74,139,3.134000,10
74,140,3.621000,10
74,141,4.597000,15
74,142,3.989000,10
74,143,3.139000,8
74,144,2.795000,7
75,1,4.640000,14
75,2,3.848000,12
75,3,4.088000,13
75,4,3.613000,13
75,5,4.520000,13
75,6,4.079000,9
75,7,4.091000,14
75,8,3.279000,11
75,9,3.104000,11
75,10,4.339000,12
75,11,4.791000,14
75,12,4.397000,11
75,13,2.875000,10
75,14,3.842000,11
75,15,3.444000,9
75,16,2.746000,9
75,17,3.980000,10
75,18,3.647000,12
75,19,4.340000,16
75,20,3.602000,11
75,21,3.704000,10
75,22,4.242000,12
75,23,4.357000,12
75,24,4.151000,12
75,25,4.479000,12
75,26,3.047000,10
75,27,3.531000,12
75,28,3.705000,13
75,29,3.901000,14
75,30,4.048000,11
75,31,3.594000,14
75,32,4.084000,11
75,33,3.815000,11
75,34,3.595000,12
75,35,4.257000,12
75,36,3.898000,12
75,37,4.700000,12
75,38,2.905000,10
75,39,4.503000,14
75,40,3.605000,13
75,41,4.466000,15
75,42,5.679000,17
75,43,3.863000,13
75,44,3.177000,12
75,45,0.885000,12
75,46,3.665000,12
75,47,3.604000,12
75,48,3.792000,12
75,49,3.666000,12
75,50,5.992000,18
75,51,4.411000,13
75,52,4.061000,11
75,53,4.214000,14
75,54,2.077000,9
75,55,4.451000,16
75,56,4.849000,13
75,57,4.120000,12
75,58,3.675000,12
75,59,4.279000,13
75,60,4.671000,12
75,61,3.941000,12
75,62,2.870000,12
75,63,0.884000,11
75,64,3.924000,13
75,65,4.028000,12
75,66,4.502000,14
75,67,3.820000,11
75,68,4.743000,12
75,69,2.874000,10
75,70,2.994000,10
75,71,4.689000,16
75,72,2.519000,13
75,73,3.180000,8
75,74,3.637000,10
75,75,3.068000,8
75,76,4.153000,13
75,77,3.784000,14
75,78,4.446000,14
75,79,4.077000,13
75,80,4.494000,14
75,81,4.013000,13
75,82,4.212000,15
75,83,3.399000,13
75,84,4.280000,13
75,85,3.841000,14
75,86,3.290000,8
75,87,5.027000,15
75,88,4.804000,15
75,89,3.683000,14
75,90,3.114000,13
75,91,3.770000,13
75,92,3.579000,14
75,93,4.136000,14
75,94,4.255000,15
75,95,4.785000,14
75,96,3.309000,8
75,97,2.568000,8
75,98,3.457000,8
75,99,2.857000,9
75,100,5.113000,15
75,101,5.301000,15
75,102,3.228000,11
75,103,4.504000,14
75,104,4.514000,14
75,105,4.401000,14
75,106,4.319000,13
75,107,3.487000,13
75,108,1.435000,13
75,109,4.596000,13
75,110,4.167000,13
75,111,4.651000,13
75,112,4.462000,14
75,113,3.327000,9
75,114,3.855000,12
75,115,3.067000,9
75,116,3.476000,11
75,117,2.606000,9
75,118,2.372000,8
75,119,2.761000,8
75,120,4.881000,17
75,121,4.652000,15
75,122,4.311000,15
75,123,4.943000,14
75,124,3.772000,13
75,125,4.113000,13
75,126,3.583000,15
75,127,4.218000,17
75,128,3.195000,14
75,129,4.780000,16
75,130,3.613000,13
75,131,7.272000,23
75,132,3.948000,12
75,133,4.028000,13
75,134,1.902000,13
75,135,0.480000,11
75,136,3.279000,12
75,137,3.789000,15
75,138,3.773000,13
75,139,3.276000,10
75,140,3.336000,9
75,141,5.436000,15
75,142,3.693000,10
75,143,3.446000,8
75,144,2.979000,7
