iteration,subproblem,solve_time_sec,ipopt_iters
1,1,48.888000,50
1,2,38.844000,38
1,3,44.370000,37
1,4,32.690000,32
1,5,22.516000,27
1,6,19.092000,27
1,7,33.798000,31
1,8,32.674000,32
1,9,36.044000,32
1,10,42.739000,34
1,11,31.944000,34
1,12,27.703000,37
1,13,40.323000,39
1,14,38.436000,38
1,15,42.508000,40
1,16,41.695000,39
1,17,31.838000,38
1,18,15.673000,38
1,19,40.323000,38
1,20,38.438000,39
1,21,44.927000,37
1,22,40.967000,39
1,23,32.906000,40
1,24,9.331000,39
1,25,37.244000,37
1,26,38.426000,38
1,27,38.710000,39
1,28,37.528000,34
1,29,29.195000,33
1,30,23.734000,34
1,31,43.122000,40
1,32,37.044000,33
1,33,33.537000,32
1,34,34.262000,32
1,35,29.045000,34
1,36,17.544000,23
1,37,27.435000,23
1,38,24.644000,24
1,39,28.637000,25
1,40,25.783000,25
1,41,28.334000,25
1,42,26.347000,24
1,43,26.641000,24
1,44,39.166000,45
1,45,23.964000,24
1,46,28.509000,25
1,47,31.185000,29
1,48,23.135000,23
1,49,26.179000,24
1,50,24.508000,24
1,51,25.660000,24
1,52,22.060000,21
1,53,26.120000,23
1,54,21.513000,20
1,55,21.541000,19
1,56,21.576000,21
1,57,23.029000,21
1,58,23.280000,19
1,59,23.906000,20
1,60,22.997000,20
1,61,42.338000,43
1,62,22.183000,20
1,63,25.790000,23
1,64,26.186000,23
1,65,26.413000,24
1,66,27.183000,31
1,67,32.660000,32
1,68,26.617000,26
1,69,27.386000,26
1,70,41.870000,36
1,71,43.713000,40
1,72,28.861000,38
1,73,37.245000,35
1,74,39.915000,38
1,75,46.775000,38
1,76,31.965000,30
1,77,29.185000,35
1,78,15.964000,34
1,79,35.369000,33
1,80,39.425000,36
1,81,35.315000,34
1,82,37.178000,35
1,83,31.364000,34
1,84,24.572000,35
1,85,43.121000,41
1,86,37.518000,37
1,87,41.450000,35
1,88,36.221000,35
1,89,26.006000,31
1,90,18.299000,31
1,91,31.959000,29
1,92,34.426000,31
1,93,36.155000,31
1,94,41.889000,34
1,95,34.911000,37
1,96,26.376000,37
2,1,16.275000,15
2,2,7.731000,7
2,3,7.539000,7
2,4,26.533000,31
2,5,31.334000,34
2,6,22.654000,35
2,7,28.745000,33
2,8,7.516000,7
2,9,8.450000,7
2,10,9.057000,6
2,11,8.767000,7
2,12,29.639000,35
2,13,26.633000,31
2,14,5.896000,6
2,15,39.037000,39
2,16,8.779000,7
2,17,6.717000,6
2,18,7.719000,6
2,19,7.584000,6
2,20,8.668000,6
2,21,7.022000,6
2,22,6.779000,6
2,23,8.290000,6
2,24,9.710000,6
2,25,30.299000,37
2,26,31.665000,34
2,27,31.453000,36
2,28,6.983000,6
2,29,7.104000,7
2,30,5.627000,6
2,31,36.174000,37
2,32,7.397000,7
2,33,10.246000,6
2,34,8.987000,7
2,35,33.705000,38
2,36,22.783000,37
2,37,31.034000,37
2,38,10.317000,7
2,39,34.290000,38
2,40,28.641000,34
2,41,15.000000,28
2,42,11.154000,28
2,43,30.297000,35
2,44,10.251000,9
2,45,24.135000,28
2,46,7.985000,6
2,47,26.447000,32
2,48,6.790000,7
2,49,9.591000,7
2,50,8.778000,7
2,51,28.555000,28
2,52,35.194000,39
2,53,30.706000,38
2,54,14.160000,28
2,55,34.416000,39
2,56,35.562000,38
2,57,10.222000,9
2,58,28.309000,37
2,59,18.516000,36
2,60,10.741000,40
2,61,10.463000,8
2,62,35.091000,39
2,63,32.177000,36
2,64,28.528000,36
2,65,20.352000,35
2,66,12.064000,34
2,67,11.137000,8
2,68,32.511000,35
2,69,30.601000,35
2,70,27.908000,34
2,71,20.504000,31
2,72,15.003000,36
2,73,32.798000,36
2,74,32.781000,34
2,75,28.986000,34
2,76,21.858000,34
2,77,15.581000,32
2,78,5.794000,35
2,79,29.251000,35
2,80,32.534000,35
2,81,29.115000,34
2,82,8.027000,7
2,83,22.467000,32
2,84,15.030000,36
2,85,25.629000,34
2,86,31.460000,37
2,87,28.983000,33
2,88,7.093000,6
2,89,7.515000,7
2,90,7.822000,7
2,91,26.634000,33
2,92,31.830000,33
2,93,28.338000,32
2,94,25.999000,36
2,95,5.140000,7
2,96,14.241000,35
3,1,11.644000,13
3,2,10.548000,8
3,3,10.017000,7
3,4,11.029000,12
3,5,10.320000,12
3,6,8.146000,12
3,7,10.989000,13
3,8,8.911000,6
3,9,29.552000,32
3,10,6.432000,7
3,11,15.492000,32
3,12,2.312000,13
3,13,11.407000,14
3,14,8.077000,6
3,15,14.371000,14
3,16,6.801000,6
3,17,5.572000,6
3,18,7.451000,6
3,19,23.957000,31
3,20,6.745000,6
3,21,6.350000,6
3,22,7.825000,6
3,23,19.845000,28
3,24,3.930000,6
3,25,9.332000,8
3,26,6.849000,8
3,27,6.832000,8
3,28,28.975000,33
3,29,16.247000,31
3,30,2.293000,6
3,31,10.059000,8
3,32,28.268000,34
3,33,7.422000,6
3,34,7.209000,6
3,35,5.867000,9
3,36,6.335000,9
3,37,10.663000,9
3,38,10.581000,7
3,39,9.954000,9
3,40,8.329000,9
3,41,11.155000,9
3,42,7.700000,9
3,43,10.664000,9
3,44,10.587000,9
3,45,9.949000,9
3,46,7.393000,6
3,47,8.946000,9
3,48,18.878000,36
3,49,7.972000,6
3,50,20.118000,29
3,51,10.212000,9
3,52,9.782000,8
3,53,7.024000,8
3,54,6.803000,8
3,55,10.071000,8
3,56,10.997000,8
3,57,8.275000,8
3,58,7.824000,8
3,59,8.118000,8
3,60,9.997000,8
3,61,9.474000,8
3,62,8.830000,8
3,63,7.773000,8
3,64,9.359000,8
3,65,8.885000,8
3,66,9.313000,8
3,67,10.056000,8
3,68,8.542000,7
3,69,6.123000,7
3,70,7.509000,7
3,71,9.604000,7
3,72,7.496000,7
3,73,8.589000,7
3,74,3.376000,7
3,75,6.223000,7
3,76,9.872000,8
3,77,7.403000,7
3,78,8.324000,7
3,79,10.658000,8
3,80,8.910000,8
3,81,9.686000,8
3,82,30.066000,36
3,83,7.493000,8
3,84,2.442000,8
3,85,10.094000,8
3,86,9.313000,8
3,87,7.378000,8
3,88,32.942000,35
3,89,5.182000,7
3,90,7.999000,35
3,91,8.609000,8
3,92,5.153000,8
3,93,9.021000,8
3,94,9.297000,8
3,95,28.206000,33
3,96,8.603000,14
4,1,13.915000,14
4,2,27.733000,35
4,3,8.499000,7
4,4,5.347000,8
4,5,3.819000,8
4,6,5.493000,12
4,7,12.232000,12
4,8,8.466000,6
4,9,11.772000,12
4,10,22.688000,33
4,11,6.011000,12
4,12,4.297000,12
4,13,13.766000,12
4,14,26.332000,32
4,15,10.856000,13
4,16,12.692000,32
4,17,5.891000,32
4,18,4.119000,32
4,19,12.969000,13
4,20,25.552000,32
4,21,19.330000,28
4,22,11.323000,32
4,23,1.890000,13
4,24,4.318000,33
4,25,13.774000,14
4,26,13.515000,14
4,27,11.254000,14
4,28,10.731000,14
4,29,8.366000,14
4,30,9.789000,32
4,31,12.944000,9
4,32,15.899000,16
4,33,22.076000,30
4,34,4.343000,6
4,35,4.736000,9
4,36,4.512000,9
4,37,11.518000,9
4,38,8.805000,7
4,39,8.299000,9
4,40,6.908000,9
4,41,7.169000,9
4,42,7.045000,9
4,43,11.508000,9
4,44,9.826000,9
4,45,9.258000,9
4,46,5.184000,6
4,47,9.719000,9
4,48,6.053000,9
4,49,23.138000,28
4,50,9.479000,8
4,51,7.047000,8
4,52,7.602000,8
4,53,6.046000,8
4,54,4.554000,8
4,55,10.156000,8
4,56,10.894000,9
4,57,8.321000,8
4,58,7.579000,8
4,59,9.526000,8
4,60,6.192000,8
4,61,10.087000,7
4,62,10.649000,12
4,63,8.015000,11
4,64,5.843000,8
4,65,7.177000,9
4,66,6.302000,7
4,67,10.756000,7
4,68,7.709000,7
4,69,9.465000,8
4,70,7.071000,7
4,71,7.259000,7
4,72,6.091000,8
4,73,8.583000,7
4,74,5.770000,7
4,75,23.039000,28
4,76,6.491000,8
4,77,7.295000,7
4,78,4.865000,7
4,79,8.603000,9
4,80,6.429000,8
4,81,6.408000,8
4,82,10.054000,10
4,83,7.311000,7
4,84,7.706000,7
4,85,10.138000,8
4,86,9.696000,8
4,87,9.414000,8
4,88,7.557000,8
4,89,21.472000,35
4,90,4.549000,8
4,91,10.073000,8
4,92,7.487000,8
4,93,6.650000,8
4,94,6.547000,8
4,95,7.784000,8
4,96,12.083000,14
5,1,9.808000,9
5,2,16.089000,15
5,3,10.700000,7
5,4,9.388000,8
5,5,9.215000,8
5,6,9.555000,8
5,7,12.091000,8
5,8,31.221000,32
5,9,10.158000,8
5,10,10.948000,8
5,11,10.993000,12
5,12,5.462000,12
5,13,14.482000,12
5,14,14.294000,12
5,15,13.725000,12
5,16,14.357000,12
5,17,12.060000,12
5,18,6.554000,12
5,19,13.615000,12
5,20,13.358000,12
5,21,10.782000,12
5,22,13.674000,12
5,23,13.641000,12
5,24,11.098000,12
5,25,15.243000,12
5,26,13.439000,12
5,27,13.722000,12
5,28,15.121000,12
5,29,10.338000,12
5,30,9.167000,13
5,31,16.873000,14
5,32,13.181000,14
5,33,15.165000,14
5,34,25.407000,30
5,35,7.495000,14
5,36,3.233000,14
5,37,16.873000,15
5,38,26.996000,28
5,39,10.146000,9
5,40,12.497000,9
5,41,8.426000,9
5,42,6.486000,9
5,43,11.419000,9
5,44,9.096000,9
5,45,13.192000,9
5,46,8.923000,7
5,47,8.509000,8
5,48,9.917000,8
5,49,11.410000,8
5,50,7.955000,8
5,51,11.080000,8
5,52,9.649000,8
5,53,9.269000,8
5,54,13.147000,8
5,55,12.792000,8
5,56,10.941000,8
5,57,9.905000,7
5,58,12.709000,11
5,59,13.575000,12
5,60,10.170000,12
5,61,10.559000,7
5,62,7.359000,8
5,63,13.319000,8
5,64,9.588000,8
5,65,10.211000,8
5,66,22.789000,30
5,67,12.775000,8
5,68,32.079000,30
5,69,28.234000,30
5,70,11.327000,28
5,71,4.795000,32
5,72,3.709000,29
5,73,28.646000,30
5,74,26.339000,27
5,75,22.351000,27
5,76,9.418000,30
5,77,4.316000,28
5,78,3.584000,27
5,79,12.761000,8
5,80,10.642000,8
5,81,30.845000,30
5,82,8.503000,8
5,83,9.093000,8
5,84,5.638000,7
5,85,10.547000,9
5,86,10.676000,9
5,87,13.299000,11
5,88,9.533000,7
5,89,9.262000,8
5,90,10.999000,8
5,91,12.769000,8
5,92,10.794000,8
5,93,9.813000,8
5,94,11.074000,8
5,95,8.445000,8
5,96,12.679000,14
6,1,11.917000,9
6,2,9.539000,7
6,3,27.194000,35
6,4,7.782000,8
6,5,4.287000,8
6,6,4.382000,8
6,7,11.277000,8
6,8,9.616000,8
6,9,6.965000,8
6,10,7.695000,8
6,11,8.377000,8
6,12,8.475000,8
6,13,10.327000,8
6,14,8.096000,8
6,15,7.872000,8
6,16,9.110000,8
6,17,9.355000,8
6,18,6.988000,8
6,19,9.633000,8
6,20,8.928000,8
6,21,7.214000,8
6,22,8.707000,8
6,23,8.607000,8
6,24,6.986000,8
6,25,9.643000,8
6,26,6.978000,8
6,27,9.083000,8
6,28,9.054000,8
6,29,9.975000,8
6,30,7.084000,8
6,31,11.768000,8
6,32,9.660000,8
6,33,7.660000,8
6,34,8.178000,8
6,35,9.431000,8
6,36,6.448000,8
6,37,11.771000,8
6,38,9.660000,8
6,39,7.419000,8
6,40,8.658000,8
6,41,9.658000,8
6,42,6.032000,8
6,43,11.792000,8
6,44,8.918000,8
6,45,6.881000,8
6,46,29.795000,39
6,47,5.122000,8
6,48,3.691000,8
6,49,14.227000,13
6,50,10.297000,12
6,51,11.794000,14
6,52,8.257000,7
6,53,7.254000,8
6,54,5.523000,8
6,55,28.173000,32
6,56,24.903000,29
6,57,14.169000,30
6,58,5.710000,27
6,59,4.611000,29
6,60,1.822000,28
6,61,13.492000,11
6,62,11.348000,12
6,63,12.915000,13
6,64,10.546000,12
6,65,9.882000,13
6,66,6.834000,13
6,67,34.539000,39
6,68,17.171000,18
6,69,10.718000,19
6,70,7.682000,17
6,71,3.727000,18
6,72,3.500000,18
6,73,23.632000,18
6,74,16.802000,18
6,75,15.622000,18
6,76,9.330000,14
6,77,5.655000,17
6,78,3.053000,13
6,79,16.642000,15
6,80,9.830000,12
6,81,12.960000,13
6,82,11.427000,13
6,83,6.276000,10
6,84,9.222000,25
6,85,23.765000,25
6,86,20.931000,28
6,87,15.869000,26
6,88,9.228000,28
6,89,5.086000,27
6,90,1.677000,8
6,91,9.720000,8
6,92,7.078000,8
6,93,7.407000,8
6,94,8.205000,8
6,95,7.305000,8
6,96,13.091000,14
7,1,7.120000,10
7,2,9.613000,13
7,3,21.283000,29
7,4,18.453000,29
7,5,3.875000,8
7,6,3.651000,8
7,7,11.574000,14
7,8,6.125000,7
7,9,9.440000,11
7,10,9.069000,10
7,11,9.286000,11
7,12,7.987000,13
7,13,7.961000,8
7,14,5.681000,8
7,15,7.347000,8
7,16,7.537000,8
7,17,7.969000,8
7,18,6.670000,8
7,19,9.158000,9
7,20,6.063000,8
7,21,7.873000,8
7,22,8.203000,8
7,23,7.742000,8
7,24,9.605000,8
7,25,9.154000,8
7,26,6.651000,8
7,27,9.719000,8
7,28,8.011000,8
7,29,8.559000,8
7,30,6.454000,8
7,31,7.878000,8
7,32,6.377000,8
7,33,7.698000,8
7,34,8.120000,8
7,35,8.253000,8
7,36,7.397000,8
7,37,8.475000,7
7,38,11.855000,14
7,39,11.091000,12
7,40,9.526000,12
7,41,10.230000,13
7,42,4.955000,7
7,43,5.919000,7
7,44,6.319000,7
7,45,7.250000,8
7,46,7.921000,8
7,47,25.853000,34
7,48,11.838000,29
7,49,19.260000,28
7,50,19.627000,26
7,51,17.684000,27
7,52,6.194000,12
7,53,5.566000,11
7,54,5.414000,13
7,55,12.153000,14
7,56,16.387000,19
7,57,14.186000,16
7,58,11.628000,16
7,59,10.280000,21
7,60,7.445000,17
7,61,12.717000,15
7,62,18.404000,22
7,63,16.237000,21
7,64,15.869000,27
7,65,10.004000,34
7,66,1.854000,23
7,67,13.304000,15
7,68,12.037000,16
7,69,13.821000,15
7,70,13.921000,16
7,71,6.744000,14
7,72,7.089000,14
7,73,12.167000,14
7,74,12.124000,14
7,75,13.873000,15
7,76,16.521000,20
7,77,6.683000,15
7,78,9.200000,22
7,79,12.894000,16
7,80,20.157000,23
7,81,13.836000,17
7,82,10.373000,18
7,83,11.261000,22
7,84,4.509000,14
7,85,12.163000,14
7,86,17.076000,17
7,87,19.887000,19
7,88,9.632000,16
7,89,6.404000,13
7,90,6.540000,15
7,91,10.246000,11
7,92,6.821000,10
7,93,9.863000,9
7,94,7.193000,8
7,95,6.436000,8
7,96,10.194000,14
8,1,11.649000,11
8,2,11.215000,13
8,3,11.782000,14
8,4,11.727000,13
8,5,15.490000,26
8,6,9.336000,28
8,7,23.996000,31
8,8,19.108000,25
8,9,18.241000,27
8,10,11.639000,28
8,11,6.181000,29
8,12,3.067000,30
8,13,10.239000,8
8,14,7.165000,8
8,15,8.538000,8
8,16,9.156000,8
8,17,7.863000,8
8,18,6.977000,8
8,19,9.286000,8
8,20,6.911000,8
8,21,9.361000,8
8,22,8.487000,8
8,23,6.216000,8
8,24,12.058000,14
8,25,13.802000,14
8,26,5.221000,7
8,27,7.905000,8
8,28,9.856000,8
8,29,6.374000,8
8,30,7.124000,8
8,31,10.005000,8
8,32,7.415000,8
8,33,8.656000,8
8,34,9.027000,8
8,35,7.014000,8
8,36,7.827000,8
8,37,26.839000,32
8,38,22.182000,31
8,39,15.897000,29
8,40,8.779000,28
8,41,4.409000,29
8,42,2.526000,30
8,43,23.970000,28
8,44,11.443000,12
8,45,10.429000,14
8,46,10.424000,12
8,47,8.814000,14
8,48,6.505000,15
8,49,17.875000,19
8,50,14.573000,15
8,51,15.370000,19
8,52,14.805000,19
8,53,9.794000,30
8,54,5.869000,24
8,55,27.496000,30
8,56,14.053000,15
8,57,14.584000,22
8,58,10.451000,18
8,59,5.310000,13
8,60,4.086000,12
8,61,11.682000,11
8,62,7.289000,9
8,63,17.729000,22
8,64,16.490000,22
8,65,5.092000,8
8,66,5.385000,8
8,67,16.300000,21
8,68,16.192000,21
8,69,7.107000,7
8,70,7.102000,7
8,71,6.276000,7
8,72,4.392000,7
8,73,7.581000,7
8,74,6.920000,7
8,75,6.493000,7
8,76,16.989000,21
8,77,15.477000,21
8,78,11.394000,21
8,79,18.579000,21
8,80,16.180000,22
8,81,16.621000,22
8,82,9.959000,22
8,83,8.335000,23
8,84,3.387000,15
8,85,15.571000,16
8,86,12.984000,15
8,87,12.766000,13
8,88,10.436000,14
8,89,12.465000,20
8,90,6.254000,15
8,91,16.061000,15
8,92,11.772000,13
8,93,10.600000,12
8,94,6.268000,8
8,95,7.507000,8
8,96,5.631000,8
9,1,10.857000,13
9,2,14.250000,16
9,3,10.141000,12
9,4,16.207000,21
9,5,12.704000,14
9,6,7.189000,13
9,7,10.862000,12
9,8,10.158000,12
9,9,9.518000,12
9,10,11.243000,14
9,11,12.631000,14
9,12,11.803000,23
9,13,21.257000,29
9,14,22.131000,31
9,15,19.933000,26
9,16,11.741000,28
9,17,6.745000,29
9,18,4.191000,30
9,19,17.164000,26
9,20,21.044000,28
9,21,19.816000,29
9,22,11.231000,28
9,23,6.112000,27
9,24,4.781000,27
9,25,22.061000,30
9,26,20.727000,27
9,27,21.072000,28
9,28,9.461000,26
9,29,5.983000,25
9,30,4.086000,25
9,31,17.201000,26
9,32,18.816000,26
9,33,21.108000,28
9,34,15.027000,31
9,35,7.083000,28
9,36,4.855000,27
9,37,21.317000,27
9,38,11.577000,12
9,39,13.182000,13
9,40,15.324000,16
9,41,7.469000,13
9,42,7.220000,17
9,43,11.870000,14
9,44,11.831000,14
9,45,15.526000,17
9,46,21.260000,29
9,47,9.904000,20
9,48,6.789000,21
9,49,11.326000,13
9,50,15.254000,19
9,51,8.617000,11
9,52,10.797000,13
9,53,8.953000,12
9,54,9.176000,12
9,55,9.258000,11
9,56,8.809000,12
9,57,15.732000,22
9,58,14.126000,21
9,59,14.072000,21
9,60,5.777000,12
9,61,14.702000,21
9,62,7.001000,7
9,63,9.672000,12
9,64,9.877000,12
9,65,7.512000,7
9,66,6.935000,7
9,67,12.465000,18
9,68,15.038000,21
9,69,8.199000,7
9,70,6.677000,7
9,71,7.141000,7
9,72,10.137000,15
9,73,7.888000,7
9,74,6.351000,7
9,75,7.759000,7
9,76,16.166000,19
9,77,9.607000,12
9,78,11.426000,12
9,79,8.356000,10
9,80,8.016000,10
9,81,11.448000,12
9,82,10.839000,12
9,83,8.685000,12
9,84,7.742000,7
9,85,7.033000,7
9,86,16.889000,21
9,87,16.123000,21
9,88,9.008000,8
9,89,14.934000,23
9,90,9.558000,23
9,91,13.212000,16
9,92,12.266000,14
9,93,14.287000,22
9,94,11.025000,14
9,95,6.878000,8
9,96,8.469000,14
10,1,14.819000,21
10,2,16.015000,21
10,3,10.588000,13
10,4,15.564000,23
10,5,6.416000,16
10,6,2.233000,13
10,7,10.619000,14
10,8,12.854000,16
10,9,12.101000,15
10,10,10.123000,13
10,11,8.565000,13
10,12,6.021000,13
10,13,11.860000,14
10,14,10.944000,13
10,15,10.278000,15
10,16,9.889000,14
10,17,10.332000,14
10,18,8.042000,15
10,19,11.849000,14
10,20,11.953000,14
10,21,10.993000,14
10,22,10.754000,13
10,23,9.970000,13
10,24,5.493000,13
10,25,11.344000,13
10,26,9.475000,11
10,27,9.805000,11
10,28,10.321000,12
10,29,11.318000,14
10,30,7.432000,14
10,31,10.001000,12
10,32,9.831000,12
10,33,9.307000,12
10,34,11.682000,12
10,35,10.872000,14
10,36,7.020000,11
10,37,10.641000,13
10,38,14.408000,19
10,39,15.161000,17
10,40,10.863000,15
10,41,10.781000,18
10,42,1.643000,13
10,43,9.337000,11
10,44,13.134000,18
10,45,9.824000,13
10,46,10.427000,12
10,47,7.731000,11
10,48,7.302000,11
10,49,10.620000,12
10,50,7.650000,9
10,51,9.446000,10
10,52,16.756000,21
10,53,12.630000,21
10,54,6.139000,28
10,55,7.147000,7
10,56,5.710000,7
10,57,7.791000,7
10,58,7.306000,7
10,59,7.612000,7
10,60,6.639000,7
10,61,5.978000,7
10,62,5.790000,7
10,63,10.960000,12
10,64,9.807000,12
10,65,7.136000,7
10,66,6.898000,7
10,67,13.801000,20
10,68,13.084000,19
10,69,7.434000,7
10,70,6.608000,7
10,71,6.670000,7
10,72,9.448000,18
10,73,6.735000,7
10,74,5.551000,7
10,75,6.544000,7
10,76,17.657000,20
10,77,8.742000,12
10,78,9.218000,12
10,79,7.141000,10
10,80,7.875000,10
10,81,10.731000,12
10,82,8.876000,12
10,83,9.464000,12
10,84,6.713000,7
10,85,7.161000,7
10,86,9.731000,12
10,87,10.591000,12
10,88,7.413000,7
10,89,9.021000,12
10,90,8.962000,12
10,91,6.752000,7
10,92,14.135000,21
10,93,13.636000,17
10,94,8.206000,8
10,95,6.407000,8
10,96,6.333000,8
11,1,5.469000,7
11,2,8.239000,11
11,3,5.718000,7
11,4,5.904000,7
11,5,7.541000,8
11,6,11.315000,14
11,7,7.082000,9
11,8,15.243000,22
11,9,17.255000,23
11,10,7.766000,9
11,11,5.756000,13
11,12,3.068000,14
11,13,8.935000,11
11,14,10.979000,12
11,15,10.999000,12
11,16,8.341000,11
11,17,10.053000,12
11,18,4.902000,12
11,19,10.179000,12
11,20,10.527000,13
11,21,12.139000,13
11,22,11.377000,15
11,23,5.956000,14
11,24,3.419000,13
11,25,10.806000,14
11,26,14.755000,20
11,27,18.035000,20
11,28,9.633000,19
11,29,2.785000,13
11,30,1.380000,13
11,31,16.583000,19
11,32,12.453000,17
11,33,16.144000,18
11,34,8.555000,17
11,35,3.124000,13
11,36,2.350000,17
11,37,10.213000,12
11,38,9.941000,13
11,39,9.222000,11
11,40,7.522000,10
11,41,7.368000,10
11,42,9.246000,24
11,43,8.939000,11
11,44,8.186000,9
11,45,15.952000,22
11,46,7.679000,8
11,47,7.372000,8
11,48,3.835000,7
11,49,7.216000,7
11,50,5.860000,7
11,51,6.732000,7
11,52,8.193000,10
11,53,11.171000,12
11,54,9.166000,12
11,55,7.806000,7
11,56,6.303000,7
11,57,7.925000,11
11,58,9.617000,11
11,59,10.739000,11
11,60,6.401000,7
11,61,8.403000,11
11,62,6.996000,7
11,63,8.189000,9
11,64,7.504000,9
11,65,6.545000,7
11,66,7.145000,7
11,67,10.208000,11
11,68,10.489000,11
11,69,7.160000,7
11,70,4.994000,7
11,71,7.264000,7
11,72,7.466000,14
11,73,7.788000,7
11,74,7.038000,7
11,75,6.547000,7
11,76,9.208000,11
11,77,8.229000,11
11,78,8.612000,11
11,79,8.430000,9
11,80,7.622000,9
11,81,9.717000,11
11,82,8.188000,9
11,83,9.749000,9
11,84,5.287000,7
11,85,6.515000,7
11,86,8.775000,11
11,87,9.244000,11
11,88,7.679000,7
11,89,8.976000,11
11,90,6.003000,9
11,91,6.432000,7
11,92,9.085000,11
11,93,9.559000,12
11,94,8.662000,11
11,95,6.976000,8
11,96,7.502000,8
12,1,6.904000,7
12,2,9.457000,11
12,3,15.548000,20
12,4,5.857000,7
12,5,6.960000,7
12,6,10.038000,19
12,7,6.836000,7
12,8,7.892000,7
12,9,7.771000,7
12,10,15.010000,21
12,11,12.330000,21
12,12,7.031000,21
12,13,14.041000,21
12,14,6.702000,8
12,15,15.921000,22
12,16,12.914000,22
12,17,5.578000,22
12,18,3.814000,23
12,19,16.047000,22
12,20,15.186000,22
12,21,16.298000,22
12,22,10.049000,22
12,23,5.717000,23
12,24,1.470000,12
12,25,10.583000,12
12,26,6.267000,9
12,27,17.194000,22
12,28,15.064000,23
12,29,8.547000,22
12,30,5.235000,22
12,31,15.014000,22
12,32,8.993000,12
12,33,16.808000,23
12,34,13.464000,22
12,35,6.354000,22
12,36,2.244000,8
12,37,7.257000,8
12,38,7.166000,8
12,39,14.269000,21
12,40,14.312000,21
12,41,6.162000,7
12,42,5.757000,10
12,43,15.543000,22
12,44,6.180000,7
12,45,9.610000,12
12,46,8.177000,7
12,47,7.198000,7
12,48,5.137000,7
12,49,8.314000,7
12,50,7.277000,7
12,51,7.764000,7
12,52,8.772000,10
12,53,10.337000,12
12,54,8.487000,12
12,55,6.768000,7
12,56,6.488000,7
12,57,7.915000,11
12,58,8.879000,12
12,59,10.624000,11
12,60,6.673000,7
12,61,8.292000,11
12,62,6.621000,7
12,63,7.129000,9
12,64,6.794000,9
12,65,6.200000,7
12,66,6.681000,7
12,67,9.336000,11
12,68,9.407000,11
12,69,6.598000,7
12,70,7.040000,7
12,71,6.678000,7
12,72,11.591000,15
12,73,7.243000,7
12,74,8.420000,7
12,75,6.652000,7
12,76,8.391000,11
12,77,9.741000,11
12,78,8.809000,11
12,79,7.215000,8
12,80,9.367000,9
12,81,8.709000,11
12,82,7.291000,9
12,83,8.511000,9
12,84,6.193000,7
12,85,5.795000,7
12,86,7.336000,11
12,87,8.034000,11
12,88,7.390000,7
12,89,10.295000,11
12,90,8.031000,9
12,91,8.300000,7
12,92,6.661000,7
12,93,17.866000,24
12,94,18.816000,25
12,95,3.681000,8
12,96,2.809000,8
13,1,6.025000,7
13,2,7.941000,11
13,3,9.558000,11
13,4,5.795000,7
13,5,7.651000,7
13,6,10.680000,12
13,7,5.656000,7
13,8,5.991000,7
13,9,6.631000,7
13,10,10.101000,12
13,11,10.436000,12
13,12,9.353000,12
13,13,10.328000,12
13,14,6.282000,7
13,15,13.124000,17
13,16,14.420000,18
13,17,8.635000,12
13,18,2.995000,12
13,19,9.486000,12
13,20,10.397000,12
13,21,10.621000,12
13,22,11.768000,14
13,23,8.726000,14
13,24,2.591000,14
13,25,11.729000,14
13,26,6.660000,7
13,27,9.374000,12
13,28,10.088000,12
13,29,10.205000,12
13,30,6.189000,12
13,31,15.027000,21
13,32,6.033000,7
13,33,13.632000,19
13,34,13.137000,18
13,35,5.736000,19
13,36,1.455000,7
13,37,6.440000,7
13,38,7.947000,7
13,39,10.014000,12
13,40,10.141000,12
13,41,7.224000,7
13,42,5.450000,12
13,43,6.321000,7
13,44,6.637000,7
13,45,10.016000,12
13,46,6.904000,7
13,47,7.277000,7
13,48,6.828000,7
13,49,6.316000,7
13,50,6.028000,7
13,51,5.501000,7
13,52,9.267000,10
13,53,10.701000,12
13,54,9.570000,12
13,55,7.046000,7
13,56,7.942000,7
13,57,9.304000,11
13,58,10.748000,12
13,59,9.326000,11
13,60,4.893000,7
13,61,8.384000,11
13,62,7.994000,7
13,63,8.739000,9
13,64,8.635000,9
13,65,6.179000,7
13,66,7.242000,7
13,67,10.333000,11
13,68,9.084000,11
13,69,7.513000,7
13,70,7.906000,7
13,71,6.979000,7
13,72,7.599000,15
13,73,7.046000,7
13,74,7.948000,7
13,75,7.951000,7
13,76,10.141000,11
13,77,9.674000,11
13,78,6.326000,11
13,79,7.035000,8
13,80,7.278000,8
13,81,9.963000,11
13,82,7.259000,9
13,83,9.075000,9
13,84,7.451000,7
13,85,7.957000,7
13,86,10.528000,11
13,87,9.570000,11
13,88,7.929000,7
13,89,10.105000,11
13,90,5.121000,9
13,91,7.062000,7
13,92,6.771000,10
13,93,20.732000,24
13,94,17.942000,25
13,95,2.483000,8
13,96,1.050000,8
14,1,6.944000,7
14,2,8.626000,11
14,3,8.951000,11
14,4,6.741000,7
14,5,7.212000,7
14,6,8.985000,12
14,7,6.783000,7
14,8,7.376000,7
14,9,6.626000,7
14,10,9.660000,12
14,11,11.453000,12
14,12,7.770000,12
14,13,8.586000,12
14,14,6.382000,7
14,15,13.845000,17
14,16,14.235000,17
14,17,7.718000,12
14,18,3.341000,12
14,19,10.391000,12
14,20,10.388000,12
14,21,9.932000,12
14,22,12.024000,14
14,23,7.488000,14
14,24,3.163000,14
14,25,10.396000,14
14,26,5.433000,7
14,27,8.395000,12
14,28,11.477000,12
14,29,11.332000,12
14,30,4.628000,12
14,31,14.908000,19
14,32,6.189000,7
14,33,16.082000,21
14,34,13.012000,17
14,35,5.570000,21
14,36,0.934000,7
14,37,6.942000,7
14,38,6.886000,7
14,39,10.400000,12
14,40,9.433000,12
14,41,7.321000,7
14,42,6.823000,13
14,43,6.188000,7
14,44,6.170000,7
14,45,10.202000,12
14,46,5.652000,7
14,47,6.836000,7
14,48,7.822000,7
14,49,6.774000,7
14,50,7.380000,7
14,51,5.892000,7
14,52,8.907000,10
14,53,9.862000,12
14,54,8.881000,12
14,55,7.311000,7
14,56,6.448000,7
14,57,10.953000,11
14,58,10.942000,12
14,59,9.468000,11
14,60,4.997000,7
14,61,9.941000,11
14,62,6.842000,7
14,63,8.898000,9
14,64,7.445000,9
14,65,6.535000,7
14,66,7.223000,7
14,67,8.566000,11
14,68,7.799000,11
14,69,7.464000,7
14,70,7.194000,7
14,71,7.199000,7
14,72,9.425000,14
14,73,7.441000,7
14,74,6.840000,7
14,75,7.267000,7
14,76,8.795000,11
14,77,10.803000,11
14,78,7.494000,11
14,79,7.441000,8
14,80,6.451000,8
14,81,9.923000,11
14,82,7.790000,9
14,83,9.499000,9
14,84,6.560000,7
14,85,6.341000,7
14,86,9.028000,11
14,87,9.621000,11
14,88,6.272000,7
14,89,9.412000,11
14,90,6.921000,9
14,91,6.920000,7
14,92,6.896000,9
14,93,20.981000,25
14,94,16.844000,26
14,95,1.947000,8
14,96,1.009000,8
15,1,5.995000,7
15,2,9.356000,11
15,3,10.274000,11
15,4,8.115000,7
15,5,7.945000,7
15,6,9.277000,12
15,7,7.414000,7
15,8,6.183000,7
15,9,6.573000,7
15,10,12.909000,12
15,11,10.631000,12
15,12,7.982000,12
15,13,9.672000,12
15,14,7.219000,7
15,15,13.306000,17
15,16,14.345000,19
15,17,7.131000,12
15,18,3.386000,12
15,19,8.437000,12
15,20,11.118000,12
15,21,11.034000,12
15,22,10.494000,14
15,23,9.392000,14
15,24,3.853000,14
15,25,10.109000,14
15,26,7.205000,7
15,27,8.244000,12
15,28,11.244000,12
15,29,10.240000,12
15,30,6.082000,12
15,31,13.251000,19
15,32,7.494000,7
15,33,15.054000,21
15,34,11.890000,18
15,35,8.542000,20
15,36,1.379000,7
15,37,7.392000,7
15,38,6.558000,7
15,39,9.130000,12
15,40,8.788000,12
15,41,7.761000,7
15,42,8.970000,13
15,43,6.844000,7
15,44,5.140000,7
15,45,9.361000,12
15,46,6.354000,7
15,47,6.825000,7
15,48,7.249000,7
15,49,7.368000,7
15,50,5.152000,7
15,51,6.435000,7
15,52,8.115000,10
15,53,9.792000,12
15,54,9.653000,12
15,55,8.458000,7
15,56,6.969000,7
15,57,9.292000,11
15,58,10.686000,12
15,59,9.134000,11
15,60,5.990000,7
15,61,9.072000,11
15,62,6.671000,7
15,63,6.912000,9
15,64,6.958000,9
15,65,6.535000,7
15,66,7.048000,7
15,67,9.687000,11
15,68,9.431000,11
15,69,6.905000,7
15,70,7.579000,7
15,71,5.569000,7
15,72,9.976000,15
15,73,9.117000,7
15,74,6.244000,7
15,75,6.171000,7
15,76,9.252000,11
15,77,10.888000,11
15,78,8.610000,11
15,79,7.363000,8
15,80,7.129000,8
15,81,10.271000,11
15,82,8.115000,9
15,83,7.520000,9
15,84,6.670000,7
15,85,9.095000,7
15,86,10.120000,11
15,87,10.467000,11
15,88,7.064000,7
15,89,8.486000,11
15,90,5.240000,9
15,91,8.451000,7
15,92,9.575000,11
15,93,15.973000,25
15,94,15.447000,24
15,95,3.008000,8
15,96,1.325000,14
16,1,14.731000,21
16,2,9.823000,12
16,3,9.974000,11
16,4,6.715000,7
16,5,5.753000,7
16,6,4.686000,11
16,7,6.770000,7
16,8,5.098000,7
16,9,5.286000,7
16,10,8.909000,11
16,11,9.380000,11
16,12,10.346000,11
16,13,7.944000,11
16,14,7.879000,7
16,15,9.557000,11
16,16,9.386000,11
16,17,8.792000,11
16,18,5.425000,11
16,19,8.627000,11
16,20,11.938000,17
16,21,12.391000,17
16,22,12.769000,16
16,23,9.072000,18
16,24,3.550000,20
16,25,13.375000,19
16,26,8.330000,7
16,27,16.029000,19
16,28,9.940000,18
16,29,4.897000,21
16,30,0.979000,17
16,31,7.473000,7
16,32,16.567000,21
16,33,6.548000,8
16,34,7.494000,8
16,35,7.105000,8
16,36,4.452000,7
16,37,14.182000,21
16,38,15.610000,21
16,39,9.296000,10
16,40,6.275000,9
16,41,10.579000,21
16,42,2.520000,10
16,43,7.883000,9
16,44,14.935000,21
16,45,7.878000,8
16,46,15.698000,21
16,47,4.693000,7
16,48,3.333000,7
16,49,7.466000,7
16,50,16.926000,21
16,51,7.733000,7
16,52,6.851000,8
16,53,5.884000,8
16,54,5.028000,8
16,55,14.628000,21
16,56,15.461000,21
16,57,7.857000,8
16,58,7.334000,8
16,59,6.077000,8
16,60,5.778000,21
16,61,7.523000,8
16,62,7.557000,7
16,63,7.611000,7
16,64,6.817000,7
16,65,7.006000,7
16,66,7.498000,7
16,67,7.469000,7
16,68,14.772000,18
16,69,5.725000,7
16,70,7.362000,7
16,71,6.098000,7
16,72,11.726000,22
16,73,7.461000,7
16,74,7.006000,7
16,75,7.778000,7
16,76,7.363000,7
16,77,6.724000,7
16,78,6.363000,7
16,79,7.517000,7
16,80,7.548000,7
16,81,6.714000,7
16,82,6.907000,7
16,83,7.134000,7
16,84,6.999000,7
16,85,7.530000,7
16,86,7.917000,7
16,87,6.893000,7
16,88,7.971000,7
16,89,7.379000,7
16,90,6.332000,7
16,91,6.364000,7
16,92,8.647000,11
16,93,11.260000,14
16,94,5.724000,8
16,95,7.343000,8
16,96,7.404000,8
17,1,13.036000,21
17,2,8.755000,12
17,3,8.286000,11
17,4,6.285000,7
17,5,6.717000,7
17,6,4.688000,11
17,7,7.593000,7
17,8,8.311000,7
17,9,6.337000,7
17,10,8.359000,11
17,11,8.304000,11
17,12,4.562000,11
17,13,7.891000,11
17,14,8.804000,7
17,15,8.777000,11
17,16,10.103000,11
17,17,8.504000,11
17,18,5.345000,11
17,19,9.007000,11
17,20,12.740000,17
17,21,13.609000,18
17,22,10.262000,16
17,23,4.936000,18
17,24,2.144000,16
17,25,13.553000,20
17,26,6.069000,7
17,27,12.979000,19
17,28,12.633000,18
17,29,6.512000,18
17,30,2.988000,19
17,31,6.448000,7
17,32,5.071000,7
17,33,6.490000,8
17,34,7.987000,8
17,35,7.765000,8
17,36,6.649000,7
17,37,7.594000,8
17,38,7.701000,8
17,39,9.337000,9
17,40,8.524000,9
17,41,8.976000,10
17,42,4.902000,10
17,43,7.603000,8
17,44,7.574000,8
17,45,7.957000,8
17,46,9.761000,10
17,47,7.451000,7
17,48,5.344000,7
17,49,7.627000,7
17,50,7.716000,8
17,51,6.191000,7
17,52,7.658000,8
17,53,7.431000,8
17,54,6.145000,8
17,55,7.610000,8
17,56,8.112000,8
17,57,7.517000,8
17,58,7.170000,9
17,59,7.650000,9
17,60,6.400000,9
17,61,7.624000,9
17,62,7.157000,7
17,63,7.440000,7
17,64,7.075000,7
17,65,7.418000,7
17,66,6.851000,7
17,67,6.067000,7
17,68,11.215000,18
17,69,7.014000,7
17,70,7.169000,7
17,71,6.831000,7
17,72,8.278000,20
17,73,7.604000,7
17,74,7.565000,7
17,75,5.735000,7
17,76,5.392000,7
17,77,6.852000,7
17,78,6.267000,7
17,79,7.599000,7
17,80,6.684000,7
17,81,5.979000,7
17,82,6.685000,7
17,83,6.665000,7
17,84,6.214000,7
17,85,6.474000,7
17,86,6.343000,7
17,87,5.619000,7
17,88,7.673000,7
17,89,7.202000,7
17,90,6.585000,7
17,91,6.446000,7
17,92,12.718000,20
17,93,27.591000,31
17,94,3.886000,8
17,95,1.904000,8
17,96,1.536000,15
18,1,12.671000,21
18,2,11.859000,14
18,3,8.888000,11
18,4,8.223000,7
18,5,6.517000,7
18,6,4.161000,11
18,7,7.319000,7
18,8,7.695000,7
18,9,5.825000,7
18,10,8.900000,11
18,11,8.112000,11
18,12,6.899000,11
18,13,7.806000,11
18,14,8.996000,7
18,15,11.207000,11
18,16,8.125000,11
18,17,9.675000,11
18,18,4.445000,11
18,19,8.494000,11
18,20,13.529000,18
18,21,10.869000,17
18,22,11.450000,16
18,23,8.145000,20
18,24,2.434000,16
18,25,11.518000,17
18,26,6.714000,7
18,27,13.049000,20
18,28,12.847000,19
18,29,6.902000,18
18,30,3.813000,20
18,31,7.774000,7
18,32,7.468000,7
18,33,6.095000,8
18,34,8.304000,8
18,35,7.124000,8
18,36,6.351000,7
18,37,7.770000,8
18,38,8.590000,8
18,39,8.790000,9
18,40,7.613000,9
18,41,10.531000,10
18,42,5.962000,10
18,43,8.160000,9
18,44,8.038000,8
18,45,8.740000,8
18,46,9.717000,10
18,47,6.509000,7
18,48,5.091000,7
18,49,6.662000,7
18,50,6.681000,8
18,51,5.397000,7
18,52,8.129000,8
18,53,6.441000,8
18,54,9.092000,8
18,55,6.715000,8
18,56,6.780000,9
18,57,6.044000,9
18,58,8.884000,9
18,59,7.236000,9
18,60,6.808000,9
18,61,8.460000,9
18,62,7.958000,7
18,63,8.187000,7
18,64,7.609000,7
18,65,6.022000,7
18,66,5.211000,7
18,67,7.323000,7
18,68,15.151000,20
18,69,8.293000,7
18,70,6.807000,7
18,71,5.214000,7
18,72,4.473000,18
18,73,7.314000,7
18,74,8.397000,7
18,75,6.819000,7
18,76,6.972000,7
18,77,8.270000,7
18,78,5.614000,7
18,79,7.315000,7
18,80,8.380000,7
18,81,5.881000,7
18,82,6.359000,7
18,83,7.579000,7
18,84,6.293000,7
18,85,6.751000,7
18,86,5.145000,7
18,87,5.950000,7
18,88,6.399000,7
18,89,7.125000,7
18,90,7.166000,7
18,91,18.317000,28
18,92,12.376000,13
18,93,19.763000,29
18,94,5.370000,26
18,95,0.746000,10
18,96,0.903000,15
19,1,17.990000,21
19,2,9.267000,14
19,3,10.824000,11
19,4,5.757000,7
19,5,6.198000,7
19,6,4.075000,11
19,7,6.702000,7
19,8,7.844000,7
19,9,8.022000,7
19,10,10.847000,11
19,11,9.406000,11
19,12,4.500000,12
19,13,10.718000,12
19,14,7.977000,7
19,15,8.921000,12
19,16,9.921000,11
19,17,8.192000,11
19,18,5.584000,11
19,19,10.846000,11
19,20,16.577000,20
19,21,13.363000,18
19,22,9.431000,16
19,23,3.603000,18
19,24,1.274000,16
19,25,12.856000,18
19,26,7.023000,7
19,27,14.317000,20
19,28,13.870000,21
19,29,6.286000,18
19,30,1.745000,17
19,31,7.234000,7
19,32,6.438000,7
19,33,7.978000,8
19,34,6.665000,8
19,35,9.225000,8
19,36,6.255000,7
19,37,8.120000,9
19,38,8.410000,9
19,39,8.586000,9
19,40,8.040000,9
19,41,7.692000,10
19,42,6.900000,10
19,43,6.694000,8
19,44,7.742000,8
19,45,7.042000,8
19,46,10.207000,10
19,47,6.999000,7
19,48,11.306000,21
19,49,8.644000,7
19,50,9.141000,8
19,51,5.660000,7
19,52,7.978000,8
19,53,6.895000,8
19,54,6.802000,8
19,55,9.242000,8
19,56,7.578000,9
19,57,8.406000,9
19,58,9.159000,9
19,59,7.354000,9
19,60,4.622000,9
19,61,9.391000,9
19,62,8.017000,7
19,63,6.722000,7
19,64,6.747000,7
19,65,6.828000,7
19,66,7.068000,7
19,67,7.235000,7
19,68,11.266000,16
19,69,8.012000,7
19,70,5.965000,7
19,71,6.311000,7
19,72,11.086000,19
19,73,6.310000,7
19,74,8.115000,7
19,75,7.065000,7
19,76,6.283000,7
19,77,6.402000,7
19,78,6.897000,7
19,79,7.394000,7
19,80,6.430000,7
19,81,6.286000,7
19,82,7.656000,7
19,83,6.897000,7
19,84,6.099000,7
19,85,7.995000,7
19,86,5.869000,7
19,87,7.124000,7
19,88,7.014000,7
19,89,6.318000,7
19,90,6.182000,7
19,91,8.644000,9
19,92,14.466000,16
19,93,6.921000,8
19,94,7.105000,8
19,95,10.370000,13
19,96,4.332000,15
20,1,14.259000,21
20,2,10.524000,14
20,3,9.823000,11
20,4,6.804000,7
20,5,6.083000,7
20,6,4.549000,11
20,7,6.562000,7
20,8,5.769000,7
20,9,6.286000,7
20,10,8.976000,11
20,11,10.532000,11
20,12,9.029000,11
20,13,8.452000,11
20,14,7.095000,7
20,15,10.483000,11
20,16,10.057000,12
20,17,9.278000,11
20,18,4.532000,11
20,19,8.511000,11
20,20,13.840000,17
20,21,11.512000,17
20,22,10.504000,16
20,23,6.894000,20
20,24,2.494000,16
20,25,12.719000,18
20,26,7.360000,7
20,27,15.419000,18
20,28,11.053000,18
20,29,3.797000,23
20,30,2.268000,20
20,31,6.881000,7
20,32,5.415000,7
20,33,7.975000,8
20,34,8.460000,8
20,35,6.849000,8
20,36,8.332000,7
20,37,8.452000,8
20,38,8.384000,8
20,39,7.536000,9
20,40,8.404000,9
20,41,7.698000,10
20,42,5.693000,10
20,43,9.015000,9
20,44,7.931000,8
20,45,6.940000,8
20,46,8.909000,10
20,47,6.429000,7
20,48,7.628000,8
20,49,7.446000,7
20,50,7.055000,8
20,51,7.192000,7
20,52,6.998000,8
20,53,6.912000,9
20,54,7.737000,8
20,55,7.492000,8
20,56,7.716000,9
20,57,8.652000,9
20,58,8.975000,9
20,59,7.330000,9
20,60,4.494000,9
20,61,8.955000,9
20,62,7.124000,7
20,63,6.127000,7
20,64,7.709000,7
20,65,6.314000,7
20,66,7.301000,7
20,67,7.433000,7
20,68,13.836000,19
20,69,7.607000,7
20,70,7.724000,7
20,71,7.594000,7
20,72,6.163000,18
20,73,6.554000,7
20,74,6.228000,7
20,75,7.957000,7
20,76,7.913000,7
20,77,6.401000,7
20,78,5.910000,7
20,79,7.431000,7
20,80,5.850000,7
20,81,6.798000,7
20,82,7.431000,7
20,83,7.867000,7
20,84,6.002000,7
20,85,6.538000,7
20,86,6.149000,7
20,87,7.239000,7
20,88,6.162000,7
20,89,6.997000,7
20,90,12.195000,15
20,91,21.245000,29
20,92,21.870000,28
20,93,12.238000,28
20,94,1.397000,8
20,95,1.445000,10
20,96,1.148000,16
21,1,10.976000,13
21,2,13.546000,18
21,3,10.838000,14
21,4,10.482000,8
21,5,9.522000,8
21,6,7.390000,8
21,7,17.302000,22
21,8,6.810000,8
21,9,6.768000,8
21,10,7.483000,8
21,11,10.852000,8
21,12,10.282000,8
21,13,8.426000,8
21,14,8.945000,8
21,15,8.078000,8
21,16,8.567000,8
21,17,10.750000,8
21,18,10.138000,8
21,19,7.140000,8
21,20,7.300000,8
21,21,6.438000,8
21,22,13.575000,18
21,23,18.139000,21
21,24,16.772000,19
21,25,16.580000,21
21,26,13.207000,19
21,27,15.221000,19
21,28,8.763000,8
21,29,7.646000,8
21,30,3.287000,8
21,31,7.677000,8
21,32,7.117000,8
21,33,12.607000,19
21,34,8.114000,9
21,35,10.057000,9
21,36,18.662000,31
21,37,11.982000,13
21,38,9.695000,11
21,39,9.770000,10
21,40,8.328000,9
21,41,11.635000,9
21,42,11.355000,10
21,43,16.587000,20
21,44,9.525000,9
21,45,18.880000,22
21,46,15.223000,18
21,47,5.630000,9
21,48,4.025000,17
21,49,19.026000,31
21,50,16.596000,19
21,51,23.946000,27
21,52,9.988000,19
21,53,2.760000,16
21,54,2.229000,23
21,55,17.297000,20
21,56,8.062000,9
21,57,7.849000,9
21,58,10.288000,9
21,59,9.703000,9
21,60,8.663000,9
21,61,14.504000,17
21,62,21.774000,32
21,63,19.151000,19
21,64,14.610000,22
21,65,4.903000,22
21,66,1.313000,8
21,67,8.415000,8
21,68,8.471000,8
21,69,8.795000,8
21,70,7.822000,7
21,71,21.787000,21
21,72,10.040000,18
21,73,17.290000,25
21,74,15.339000,21
21,75,5.803000,7
21,76,10.123000,8
21,77,9.179000,8
21,78,7.263000,8
21,79,7.725000,7
21,80,8.952000,7
21,81,7.533000,8
21,82,8.522000,8
21,83,9.954000,8
21,84,10.339000,7
21,85,7.721000,7
21,86,8.466000,8
21,87,9.329000,8
21,88,7.783000,8
21,89,10.098000,8
21,90,12.084000,12
21,91,18.427000,22
21,92,8.726000,9
21,93,7.126000,9
21,94,8.391000,8
21,95,10.387000,9
21,96,10.576000,15
22,1,11.242000,10
22,2,20.018000,23
22,3,12.819000,14
22,4,10.161000,8
22,5,10.269000,8
22,6,6.665000,8
22,7,11.209000,8
22,8,10.336000,8
22,9,10.415000,8
22,10,10.570000,8
22,11,10.311000,8
22,12,10.050000,8
22,13,11.752000,8
22,14,9.507000,8
22,15,9.759000,8
22,16,7.186000,8
22,17,10.100000,8
22,18,7.863000,8
22,19,11.832000,8
22,20,8.182000,8
22,21,9.679000,8
22,22,16.591000,18
22,23,19.675000,21
22,24,10.764000,23
22,25,21.225000,24
22,26,15.470000,18
22,27,17.967000,18
22,28,10.417000,8
22,29,5.949000,8
22,30,3.637000,8
22,31,10.449000,8
22,32,9.259000,8
22,33,11.684000,12
22,34,9.376000,9
22,35,9.392000,9
22,36,14.735000,14
22,37,12.931000,12
22,38,13.096000,12
22,39,10.967000,9
22,40,10.788000,9
22,41,10.852000,10
22,42,10.596000,10
22,43,23.256000,23
22,44,13.839000,9
22,45,14.915000,16
22,46,19.300000,22
22,47,8.588000,34
22,48,1.399000,20
22,49,15.997000,16
22,50,20.387000,21
22,51,19.510000,20
22,52,14.511000,17
22,53,4.201000,9
22,54,4.204000,18
22,55,10.010000,9
22,56,14.643000,16
22,57,9.281000,9
22,58,8.632000,9
22,59,11.281000,9
22,60,15.275000,17
22,61,11.832000,11
22,62,11.096000,11
22,63,12.723000,11
22,64,14.671000,12
22,65,11.782000,11
22,66,7.248000,8
22,67,11.216000,8
22,68,10.302000,8
22,69,8.754000,7
22,70,7.227000,7
22,71,16.605000,18
22,72,14.060000,17
22,73,16.790000,19
22,74,8.112000,8
22,75,8.608000,7
22,76,9.030000,8
22,77,9.111000,8
22,78,8.996000,8
22,79,8.650000,7
22,80,6.672000,7
22,81,10.333000,8
22,82,10.706000,8
22,83,10.866000,7
22,84,9.392000,7
22,85,7.303000,7
22,86,7.266000,8
22,87,9.751000,8
22,88,10.872000,8
22,89,16.583000,16
22,90,20.211000,22
22,91,23.253000,26
22,92,7.959000,9
22,93,25.354000,28
22,94,9.483000,8
22,95,6.204000,9
22,96,5.513000,15
23,1,11.171000,11
23,2,10.090000,10
23,3,12.980000,13
23,4,9.181000,8
23,5,20.523000,22
23,6,7.877000,8
23,7,9.647000,8
23,8,11.906000,8
23,9,9.252000,8
23,10,9.270000,8
23,11,10.505000,8
23,12,11.192000,8
23,13,11.105000,8
23,14,12.636000,8
23,15,8.958000,8
23,16,9.906000,8
23,17,8.975000,8
23,18,7.923000,8
23,19,8.983000,8
23,20,10.266000,8
23,21,10.106000,8
23,22,17.442000,18
23,23,17.921000,18
23,24,11.431000,19
23,25,16.229000,18
23,26,17.685000,18
23,27,19.280000,18
23,28,9.220000,8
23,29,6.742000,8
23,30,5.822000,8
23,31,9.541000,8
23,32,15.488000,13
23,33,13.926000,12
23,34,9.853000,9
23,35,9.970000,9
23,36,10.917000,13
23,37,12.431000,11
23,38,11.201000,10
23,39,11.041000,9
23,40,10.306000,9
23,41,11.439000,9
23,42,10.526000,10
23,43,18.018000,19
23,44,11.865000,9
23,45,16.590000,17
23,46,14.183000,16
23,47,13.478000,16
23,48,4.455000,16
23,49,17.269000,16
23,50,20.650000,20
23,51,18.825000,20
23,52,14.195000,16
23,53,8.751000,16
23,54,2.376000,20
23,55,15.156000,16
23,56,10.275000,9
23,57,10.947000,9
23,58,11.069000,9
23,59,10.585000,9
23,60,9.699000,10
23,61,11.121000,11
23,62,12.562000,11
23,63,17.544000,17
23,64,18.621000,18
23,65,11.647000,17
23,66,4.688000,8
23,67,10.280000,8
23,68,11.782000,8
23,69,8.162000,7
23,70,9.107000,7
23,71,17.169000,17
23,72,14.605000,22
23,73,16.079000,16
23,74,9.516000,8
23,75,27.868000,28
23,76,8.634000,7
23,77,6.719000,7
23,78,5.667000,8
23,79,9.648000,7
23,80,9.639000,7
23,81,8.697000,8
23,82,9.609000,7
23,83,9.656000,7
23,84,9.263000,7
23,85,8.734000,7
23,86,9.564000,8
23,87,8.146000,8
23,88,19.813000,21
23,89,12.268000,11
23,90,20.401000,31
23,91,10.282000,9
23,92,27.770000,29
23,93,28.991000,30
23,94,7.448000,8
23,95,3.728000,8
23,96,1.844000,8
24,1,15.289000,18
24,2,9.293000,9
24,3,9.996000,8
24,4,9.591000,8
24,5,9.540000,8
24,6,9.713000,8
24,7,10.420000,8
24,8,10.171000,8
24,9,10.751000,8
24,10,10.372000,8
24,11,8.809000,8
24,12,10.194000,8
24,13,10.432000,8
24,14,10.183000,8
24,15,12.081000,8
24,16,9.479000,8
24,17,8.598000,8
24,18,9.805000,8
24,19,10.421000,8
24,20,10.138000,8
24,21,11.916000,8
24,22,16.798000,18
24,23,18.408000,24
24,24,13.685000,25
24,25,21.363000,22
24,26,17.737000,18
24,27,18.834000,20
24,28,8.086000,8
24,29,7.336000,8
24,30,5.639000,8
24,31,15.087000,13
24,32,15.104000,14
24,33,12.631000,12
24,34,8.703000,9
24,35,10.686000,9
24,36,11.255000,13
24,37,14.162000,12
24,38,10.473000,9
24,39,10.879000,9
24,40,8.957000,9
24,41,12.460000,10
24,42,10.712000,10
24,43,22.100000,24
24,44,11.353000,9
24,45,21.212000,22
24,46,12.508000,16
24,47,10.828000,16
24,48,5.777000,20
24,49,15.884000,16
24,50,17.920000,18
24,51,16.755000,18
24,52,13.726000,15
24,53,12.669000,19
24,54,6.283000,19
24,55,10.429000,9
24,56,10.769000,9
24,57,24.283000,23
24,58,12.589000,9
24,59,8.619000,9
24,60,8.595000,11
24,61,11.905000,11
24,62,10.025000,11
24,63,13.071000,12
24,64,15.783000,16
24,65,13.143000,16
24,66,8.816000,8
24,67,8.858000,8
24,68,9.317000,8
24,69,9.592000,7
24,70,7.348000,7
24,71,19.575000,17
24,72,13.416000,17
24,73,15.074000,17
24,74,9.035000,7
24,75,10.074000,8
24,76,9.629000,8
24,77,9.487000,8
24,78,9.165000,7
24,79,9.521000,7
24,80,8.582000,7
24,81,8.191000,8
24,82,8.354000,7
24,83,7.867000,7
24,84,8.782000,7
24,85,8.428000,7
24,86,8.307000,8
24,87,8.411000,8
24,88,13.171000,14
24,89,19.568000,20
24,90,21.096000,30
24,91,26.544000,31
24,92,26.185000,29
24,93,25.171000,32
24,94,3.988000,9
24,95,1.484000,8
24,96,0.753000,8
25,1,11.971000,16
25,2,20.365000,23
25,3,8.498000,8
25,4,10.231000,8
25,5,9.637000,8
25,6,8.774000,8
25,7,11.106000,8
25,8,8.205000,8
25,9,8.989000,8
25,10,10.719000,8
25,11,9.658000,8
25,12,8.826000,8
25,13,9.918000,8
25,14,19.068000,22
25,15,12.083000,8
25,16,9.742000,8
25,17,7.998000,8
25,18,7.778000,8
25,19,11.252000,8
25,20,9.715000,8
25,21,9.481000,8
25,22,18.415000,18
25,23,14.764000,18
25,24,12.029000,23
25,25,21.456000,20
25,26,17.473000,18
25,27,17.924000,18
25,28,15.679000,22
25,29,6.058000,8
25,30,4.676000,9
25,31,15.602000,14
25,32,12.482000,12
25,33,8.900000,9
25,34,10.259000,9
25,35,9.554000,9
25,36,17.071000,24
25,37,11.086000,9
25,38,8.973000,9
25,39,10.139000,9
25,40,10.974000,9
25,41,13.878000,10
25,42,10.333000,10
25,43,16.514000,19
25,44,10.207000,9
25,45,16.232000,19
25,46,17.901000,16
25,47,11.036000,16
25,48,9.738000,20
25,49,16.668000,16
25,50,18.609000,19
25,51,18.337000,20
25,52,13.414000,16
25,53,12.554000,19
25,54,4.742000,16
25,55,10.627000,9
25,56,9.650000,9
25,57,11.002000,9
25,58,13.002000,9
25,59,10.141000,9
25,60,9.663000,11
25,61,16.509000,14
25,62,14.471000,14
25,63,21.848000,22
25,64,8.059000,8
25,65,12.656000,22
25,66,7.396000,21
25,67,11.264000,8
25,68,7.597000,8
25,69,24.035000,27
25,70,10.540000,7
25,71,18.783000,20
25,72,7.614000,17
25,73,13.955000,16
25,74,8.072000,7
25,75,9.504000,8
25,76,8.431000,7
25,77,7.731000,7
25,78,8.327000,7
25,79,8.681000,7
25,80,7.473000,7
25,81,8.702000,7
25,82,10.054000,7
25,83,8.151000,7
25,84,10.188000,7
25,85,8.557000,7
25,86,8.303000,8
25,87,9.408000,8
25,88,22.185000,24
25,89,21.475000,25
25,90,13.239000,27
25,91,26.605000,30
25,92,30.369000,33
25,93,22.796000,32
25,94,6.372000,16
25,95,0.644000,8
25,96,0.717000,8
26,1,15.661000,17
26,2,15.163000,14
26,3,15.352000,17
26,4,9.292000,9
26,5,12.169000,9
26,6,7.810000,9
26,7,12.645000,9
26,8,7.964000,9
26,9,11.717000,9
26,10,11.240000,9
26,11,11.848000,12
26,12,11.907000,12
26,13,16.286000,17
26,14,14.321000,16
26,15,17.320000,19
26,16,13.824000,16
26,17,11.817000,16
26,18,8.909000,16
26,19,16.129000,17
26,20,16.464000,17
26,21,16.687000,17
26,22,14.749000,16
26,23,15.306000,18
26,24,13.534000,27
26,25,17.737000,18
26,26,17.412000,17
26,27,10.378000,10
26,28,11.288000,10
26,29,12.483000,10
26,30,14.211000,19
26,31,12.346000,11
26,32,10.860000,11
26,33,12.617000,11
26,34,13.531000,11
26,35,12.697000,11
26,36,11.971000,11
26,37,18.683000,18
26,38,14.925000,19
26,39,13.380000,14
26,40,14.997000,14
26,41,11.436000,14
26,42,10.391000,14
26,43,16.855000,19
26,44,13.594000,14
26,45,19.022000,23
26,46,14.876000,15
26,47,11.291000,15
26,48,12.535000,23
26,49,16.287000,19
26,50,22.728000,21
26,51,21.582000,21
26,52,14.581000,20
26,53,12.334000,19
26,54,6.087000,23
26,55,17.571000,19
26,56,24.064000,24
26,57,21.631000,20
26,58,13.042000,16
26,59,10.982000,16
26,60,5.560000,25
26,61,12.634000,10
26,62,10.858000,10
26,63,10.130000,9
26,64,10.682000,10
26,65,8.019000,9
26,66,11.273000,9
26,67,9.806000,9
26,68,8.254000,9
26,69,10.194000,9
26,70,11.319000,13
26,71,9.639000,9
26,72,12.214000,9
26,73,11.693000,9
26,74,17.135000,21
26,75,16.091000,16
26,76,18.090000,21
26,77,17.559000,21
26,78,10.069000,21
26,79,21.041000,21
26,80,18.873000,21
26,81,9.429000,8
26,82,18.610000,21
26,83,15.889000,21
26,84,5.135000,9
26,85,11.231000,9
26,86,7.692000,8
26,87,19.819000,18
26,88,31.082000,32
26,89,7.735000,10
26,90,7.994000,10
26,91,22.955000,28
26,92,27.475000,29
26,93,27.250000,31
26,94,9.259000,13
26,95,4.821000,8
26,96,2.939000,8
27,1,15.768000,18
27,2,21.359000,22
27,3,11.677000,9
27,4,8.681000,9
27,5,11.186000,9
27,6,10.112000,9
27,7,11.705000,9
27,8,9.999000,9
27,9,10.668000,9
27,10,11.442000,10
27,11,12.543000,12
27,12,14.800000,12
27,13,13.952000,12
27,14,12.608000,12
27,15,13.295000,12
27,16,11.861000,10
27,17,13.430000,12
27,18,12.218000,12
27,19,12.563000,12
27,20,13.192000,12
27,21,11.788000,12
27,22,14.975000,14
27,23,18.674000,18
27,24,11.935000,19
27,25,20.385000,21
27,26,21.214000,20
27,27,11.852000,10
27,28,12.848000,10
27,29,14.403000,19
27,30,6.432000,11
27,31,12.547000,11
27,32,12.200000,11
27,33,13.401000,11
27,34,14.523000,11
27,35,11.679000,11
27,36,9.906000,11
27,37,20.410000,23
27,38,17.123000,16
27,39,15.732000,16
27,40,19.175000,16
27,41,11.184000,16
27,42,6.217000,16
27,43,13.979000,17
27,44,16.349000,16
27,45,18.598000,16
27,46,15.490000,16
27,47,13.063000,16
27,48,9.462000,16
27,49,16.404000,17
27,50,15.364000,17
27,51,17.993000,18
27,52,17.622000,20
27,53,10.183000,15
27,54,8.149000,20
27,55,21.246000,25
27,56,19.363000,22
27,57,14.511000,14
27,58,20.210000,25
27,59,11.270000,26
27,60,5.361000,20
27,61,13.213000,10
27,62,9.892000,9
27,63,14.308000,10
27,64,12.251000,9
27,65,9.346000,9
27,66,11.637000,9
27,67,10.193000,9
27,68,8.844000,9
27,69,20.028000,23
27,70,12.222000,9
27,71,9.881000,8
27,72,9.913000,8
27,73,10.936000,8
27,74,18.535000,18
27,75,7.810000,8
27,76,11.432000,8
27,77,13.534000,13
27,78,14.763000,16
27,79,9.422000,8
27,80,9.398000,8
27,81,10.034000,8
27,82,13.991000,13
27,83,12.305000,13
27,84,10.950000,9
27,85,11.740000,9
27,86,12.050000,10
27,87,21.049000,22
27,88,28.397000,33
27,89,17.867000,30
27,90,3.224000,33
27,91,21.943000,28
27,92,29.449000,30
27,93,27.292000,31
27,94,6.083000,8
27,95,4.407000,8
27,96,2.875000,8
28,1,16.052000,19
28,2,15.278000,16
28,3,14.737000,12
28,4,12.533000,9
28,5,13.337000,9
28,6,10.843000,9
28,7,11.335000,9
28,8,12.113000,10
28,9,12.845000,10
28,10,13.195000,10
28,11,11.645000,10
28,12,11.978000,10
28,13,12.055000,10
28,14,10.553000,10
28,15,13.696000,10
28,16,13.339000,10
28,17,14.080000,10
28,18,10.767000,10
28,19,11.357000,10
28,20,10.427000,10
28,21,13.514000,10
28,22,14.512000,10
28,23,22.825000,20
28,24,12.301000,20
28,25,17.481000,19
28,26,17.201000,18
28,27,20.177000,19
28,28,19.749000,18
28,29,10.600000,11
28,30,6.118000,11
28,31,18.314000,20
28,32,19.486000,20
28,33,20.178000,20
28,34,15.074000,11
28,35,9.738000,11
28,36,5.282000,11
28,37,15.307000,16
28,38,15.430000,16
28,39,13.126000,11
28,40,29.912000,26
28,41,10.837000,16
28,42,7.686000,16
28,43,15.929000,16
28,44,15.269000,15
28,45,16.005000,16
28,46,17.291000,16
28,47,13.356000,16
28,48,9.518000,16
28,49,16.729000,16
28,50,14.393000,15
28,51,16.020000,16
28,52,14.785000,15
28,53,15.675000,16
28,54,11.288000,17
28,55,20.103000,23
28,56,14.442000,15
28,57,13.156000,13
28,58,14.576000,14
28,59,19.077000,20
28,60,7.261000,10
28,61,11.943000,10
28,62,20.865000,22
28,63,22.467000,23
28,64,10.156000,9
28,65,9.638000,9
28,66,13.488000,21
28,67,9.297000,8
28,68,9.514000,8
28,69,17.524000,17
28,70,10.725000,8
28,71,11.485000,8
28,72,13.989000,16
28,73,9.869000,8
28,74,9.585000,8
28,75,8.765000,8
28,76,10.405000,8
28,77,18.636000,18
28,78,10.498000,8
28,79,9.915000,8
28,80,9.572000,8
28,81,10.293000,8
28,82,18.963000,18
28,83,18.115000,17
28,84,9.733000,9
28,85,11.333000,9
28,86,22.749000,25
28,87,29.796000,29
28,88,22.920000,29
28,89,6.979000,31
28,90,2.584000,30
28,91,25.671000,28
28,92,35.529000,32
28,93,29.059000,34
28,94,3.872000,8
28,95,1.774000,8
28,96,1.381000,8
29,1,21.523000,25
29,2,18.913000,18
29,3,30.185000,29
29,4,18.445000,22
29,5,9.514000,19
29,6,5.788000,15
29,7,10.681000,9
29,8,12.310000,9
29,9,12.919000,10
29,10,8.856000,10
29,11,11.961000,10
29,12,10.636000,10
29,13,11.461000,10
29,14,13.374000,10
29,15,12.049000,10
29,16,12.217000,10
29,17,11.024000,10
29,18,15.335000,10
29,19,12.240000,10
29,20,13.220000,10
29,21,13.629000,10
29,22,26.675000,23
29,23,14.869000,18
29,24,11.483000,20
29,25,16.239000,18
29,26,19.730000,20
29,27,17.724000,20
29,28,11.871000,11
29,29,13.729000,11
29,30,13.683000,20
29,31,13.696000,11
29,32,18.434000,17
29,33,10.949000,10
29,34,14.880000,11
29,35,12.235000,11
29,36,13.971000,11
29,37,19.642000,20
29,38,19.310000,21
29,39,21.236000,20
29,40,16.504000,17
29,41,12.707000,17
29,42,12.500000,26
29,43,25.314000,26
29,44,15.774000,18
29,45,24.615000,24
29,46,14.038000,12
29,47,18.287000,25
29,48,6.116000,21
29,49,23.505000,25
29,50,13.515000,11
29,51,19.646000,19
29,52,22.595000,23
29,53,11.472000,18
29,54,9.676000,27
29,55,23.503000,26
29,56,14.292000,16
29,57,18.082000,23
29,58,11.739000,10
29,59,12.156000,13
29,60,8.168000,10
29,61,23.528000,23
29,62,11.855000,9
29,63,6.749000,8
29,64,22.741000,21
29,65,9.781000,8
29,66,9.930000,8
29,67,19.658000,20
29,68,9.489000,8
29,69,11.194000,8
29,70,19.786000,20
29,71,11.288000,8
29,72,13.252000,16
29,73,10.139000,8
29,74,9.917000,8
29,75,9.139000,8
29,76,10.002000,8
29,77,13.098000,13
29,78,18.728000,17
29,79,19.048000,19
29,80,20.197000,19
29,81,15.668000,20
29,82,19.718000,17
29,83,11.451000,17
29,84,5.932000,9
29,85,11.461000,10
29,86,26.922000,25
29,87,26.749000,30
29,88,26.243000,32
29,89,9.674000,32
29,90,2.174000,32
29,91,26.220000,31
29,92,29.613000,31
29,93,29.052000,30
29,94,7.380000,8
29,95,4.596000,8
29,96,3.556000,8
30,1,14.464000,17
30,2,18.700000,18
30,3,18.630000,18
30,4,22.014000,20
30,5,16.689000,22
30,6,8.310000,20
30,7,22.738000,22
30,8,24.697000,23
30,9,19.172000,20
30,10,9.878000,9
30,11,10.985000,9
30,12,8.504000,10
30,13,13.504000,10
30,14,13.766000,10
30,15,11.026000,10
30,16,12.182000,10
30,17,11.748000,10
30,18,12.379000,10
30,19,13.506000,10
30,20,18.769000,19
30,21,15.462000,19
30,22,20.954000,20
30,23,13.958000,18
30,24,11.734000,20
30,25,17.180000,19
30,26,20.345000,19
30,27,23.952000,25
30,28,13.292000,11
30,29,14.470000,18
30,30,8.144000,11
30,31,12.756000,11
30,32,11.957000,11
30,33,14.923000,10
30,34,20.215000,20
30,35,13.626000,11
30,36,11.252000,11
30,37,16.286000,17
30,38,17.785000,18
30,39,17.399000,17
30,40,22.401000,23
30,41,16.695000,20
30,42,12.117000,20
30,43,26.340000,26
30,44,25.735000,24
30,45,18.570000,21
30,46,20.301000,23
30,47,12.483000,23
30,48,4.513000,21
30,49,23.510000,23
30,50,20.478000,20
30,51,18.931000,20
30,52,21.724000,25
30,53,13.210000,23
30,54,5.154000,23
30,55,18.203000,22
30,56,17.820000,15
30,57,12.535000,13
30,58,13.785000,13
30,59,20.140000,23
30,60,8.888000,9
30,61,18.205000,20
30,62,14.103000,9
30,63,19.400000,21
30,64,18.483000,17
30,65,15.561000,20
30,66,6.502000,8
30,67,14.222000,14
30,68,23.671000,22
30,69,20.243000,20
30,70,16.586000,14
30,71,14.776000,16
30,72,9.103000,16
30,73,10.257000,8
30,74,8.567000,8
30,75,11.114000,8
30,76,8.766000,8
30,77,12.124000,13
30,78,15.741000,14
30,79,13.497000,13
30,80,15.083000,15
30,81,16.717000,15
30,82,11.661000,13
30,83,15.158000,15
30,84,9.770000,9
30,85,13.503000,12
30,86,31.917000,29
30,87,26.352000,30
30,88,25.766000,31
30,89,10.378000,32
30,90,2.369000,32
30,91,31.620000,31
30,92,29.958000,30
30,93,28.864000,30
30,94,8.211000,8
30,95,5.442000,8
30,96,3.124000,8
31,1,16.187000,18
31,2,18.567000,20
31,3,21.989000,21
31,4,19.964000,19
31,5,20.835000,24
31,6,13.872000,20
31,7,20.049000,22
31,8,19.899000,20
31,9,22.914000,23
31,10,21.382000,20
31,11,14.501000,20
31,12,8.824000,20
31,13,20.877000,21
31,14,19.892000,20
31,15,12.163000,10
31,16,18.279000,19
31,17,16.089000,19
31,18,13.194000,19
31,19,12.219000,10
31,20,10.398000,10
31,21,23.609000,26
31,22,20.469000,23
31,23,20.474000,22
31,24,14.493000,22
31,25,20.929000,23
31,26,18.470000,20
31,27,25.107000,24
31,28,16.523000,18
31,29,9.499000,11
31,30,8.962000,11
31,31,14.217000,11
31,32,10.052000,11
31,33,11.735000,11
31,34,21.232000,21
31,35,10.511000,10
31,36,17.175000,21
31,37,20.048000,22
31,38,26.118000,27
31,39,21.131000,22
31,40,20.155000,21
31,41,15.906000,22
31,42,7.445000,22
31,43,18.324000,21
31,44,22.229000,23
31,45,25.911000,26
31,46,22.394000,24
31,47,15.384000,23
31,48,8.749000,25
31,49,20.046000,22
31,50,21.480000,23
31,51,24.126000,24
31,52,20.796000,24
31,53,16.583000,23
31,54,8.482000,21
31,55,22.283000,23
31,56,22.803000,22
31,57,22.662000,23
31,58,17.528000,20
31,59,12.994000,17
31,60,8.773000,19
31,61,10.624000,8
31,62,19.962000,22
31,63,14.584000,15
31,64,18.790000,17
31,65,12.107000,14
31,66,15.525000,17
31,67,11.507000,8
31,68,7.380000,8
31,69,11.454000,13
31,70,20.456000,17
31,71,15.813000,15
31,72,16.499000,14
31,73,10.201000,8
31,74,10.767000,8
31,75,10.807000,8
31,76,10.331000,8
31,77,11.675000,13
31,78,15.368000,13
31,79,15.408000,13
31,80,13.610000,14
31,81,10.271000,9
31,82,15.011000,15
31,83,12.174000,13
31,84,17.705000,22
31,85,20.858000,23
31,86,26.252000,30
31,87,28.507000,30
31,88,17.391000,27
31,89,15.187000,28
31,90,6.059000,30
31,91,26.286000,30
31,92,30.005000,29
31,93,29.632000,32
31,94,7.207000,8
31,95,7.853000,8
31,96,6.627000,8
32,1,17.917000,17
32,2,17.207000,18
32,3,18.690000,19
32,4,18.149000,17
32,5,20.098000,22
32,6,12.943000,19
32,7,19.312000,20
32,8,19.083000,22
32,9,22.080000,21
32,10,30.676000,29
32,11,14.979000,20
32,12,10.088000,20
32,13,22.914000,22
32,14,22.808000,22
32,15,29.666000,26
32,16,10.515000,10
32,17,9.257000,10
32,18,9.646000,10
32,19,18.296000,19
32,20,8.958000,10
32,21,22.023000,24
32,22,19.052000,24
32,23,19.573000,24
32,24,16.469000,24
32,25,23.600000,25
32,26,21.013000,22
32,27,24.056000,25
32,28,18.333000,21
32,29,9.709000,11
32,30,9.845000,11
32,31,22.058000,21
32,32,10.510000,11
32,33,21.408000,22
32,34,23.204000,22
32,35,21.826000,24
32,36,14.019000,23
32,37,22.900000,24
32,38,26.160000,26
32,39,24.692000,27
32,40,22.601000,25
32,41,15.574000,29
32,42,8.072000,26
32,43,22.911000,24
32,44,23.542000,24
32,45,35.271000,31
32,46,23.010000,27
32,47,10.697000,26
32,48,4.855000,24
32,49,23.631000,24
32,50,23.636000,25
32,51,27.061000,24
32,52,18.577000,24
32,53,14.784000,28
32,54,5.918000,21
32,55,23.631000,24
32,56,20.343000,21
32,57,24.370000,22
32,58,19.620000,20
32,59,16.052000,19
32,60,9.804000,21
32,61,19.263000,19
32,62,10.590000,13
32,63,15.640000,15
32,64,14.226000,14
32,65,15.010000,19
32,66,7.999000,8
32,67,10.994000,8
32,68,11.746000,8
32,69,13.618000,12
32,70,13.247000,11
32,71,16.087000,15
32,72,16.623000,16
32,73,15.235000,15
32,74,9.041000,8
32,75,11.083000,8
32,76,10.927000,8
32,77,11.672000,12
32,78,12.814000,12
32,79,11.504000,12
32,80,11.136000,11
32,81,11.857000,13
32,82,13.563000,13
32,83,13.318000,16
32,84,13.926000,15
32,85,22.900000,24
32,86,34.561000,33
32,87,26.033000,30
32,88,22.956000,32
32,89,10.640000,29
32,90,4.597000,29
32,91,26.572000,32
32,92,28.455000,31
32,93,29.084000,31
32,94,10.538000,11
32,95,6.747000,8
32,96,8.611000,8
33,1,15.745000,17
33,2,19.726000,18
33,3,17.533000,19
33,4,18.655000,17
33,5,9.323000,10
33,6,12.252000,13
33,7,14.808000,13
33,8,25.804000,24
33,9,22.872000,24
33,10,18.947000,21
33,11,21.932000,24
33,12,15.794000,21
33,13,19.092000,20
33,14,24.217000,23
33,15,22.871000,23
33,16,19.530000,24
33,17,15.412000,21
33,18,19.444000,27
33,19,23.579000,25
33,20,24.319000,24
33,21,20.650000,20
33,22,16.926000,20
33,23,15.120000,20
33,24,14.891000,21
33,25,20.877000,21
33,26,21.184000,22
33,27,22.025000,22
33,28,21.938000,25
33,29,14.576000,21
33,30,17.930000,23
33,31,22.637000,23
33,32,20.273000,22
33,33,25.663000,26
33,34,23.344000,27
33,35,15.583000,24
33,36,12.943000,24
33,37,23.585000,25
33,38,19.614000,22
33,39,21.221000,22
33,40,19.866000,25
33,41,22.116000,30
33,42,11.653000,24
33,43,23.566000,24
33,44,27.756000,24
33,45,24.382000,24
33,46,19.334000,24
33,47,16.029000,24
33,48,13.494000,24
33,49,21.699000,24
33,50,22.729000,25
33,51,25.633000,24
33,52,22.544000,27
33,53,16.067000,25
33,54,12.776000,25
33,55,25.414000,26
33,56,25.949000,24
33,57,26.533000,24
33,58,15.301000,20
33,59,13.740000,19
33,60,14.261000,19
33,61,14.173000,13
33,62,14.190000,14
33,63,12.845000,14
33,64,14.358000,13
33,65,11.262000,11
33,66,9.439000,8
33,67,11.787000,8
33,68,7.742000,8
33,69,11.036000,11
33,70,12.058000,11
33,71,13.897000,13
33,72,13.466000,14
33,73,12.509000,12
33,74,7.322000,8
33,75,9.390000,8
33,76,9.842000,8
33,77,12.683000,11
33,78,10.113000,11
33,79,12.497000,11
33,80,12.550000,12
33,81,13.890000,15
33,82,10.021000,12
33,83,14.464000,13
33,84,17.696000,20
33,85,29.175000,31
33,86,25.237000,30
33,87,24.040000,27
33,88,21.533000,29
33,89,22.357000,33
33,90,3.461000,29
33,91,30.598000,33
33,92,24.497000,29
33,93,32.079000,33
33,94,23.646000,33
33,95,7.647000,8
33,96,4.521000,8
34,1,16.060000,15
34,2,15.840000,18
34,3,19.572000,19
34,4,25.840000,22
34,5,22.193000,23
34,6,6.582000,10
34,7,10.057000,10
34,8,13.131000,14
34,9,15.226000,13
34,10,12.719000,13
34,11,22.668000,22
34,12,23.050000,24
34,13,23.619000,23
34,14,20.591000,22
34,15,21.118000,22
34,16,22.378000,24
34,17,24.106000,31
34,18,16.919000,26
34,19,22.456000,23
34,20,21.387000,22
34,21,28.150000,27
34,22,20.419000,23
34,23,24.827000,37
34,24,12.065000,25
34,25,21.737000,22
34,26,21.587000,25
34,27,24.728000,25
34,28,17.672000,21
34,29,18.345000,24
34,30,15.241000,23
34,31,23.610000,27
34,32,24.419000,25
34,33,23.184000,23
34,34,17.698000,23
34,35,15.914000,24
34,36,15.972000,25
34,37,24.357000,23
34,38,22.873000,22
34,39,24.524000,24
34,40,22.224000,24
34,41,15.379000,24
34,42,13.568000,24
34,43,24.323000,24
34,44,25.709000,25
34,45,22.147000,24
34,46,23.491000,25
34,47,16.801000,25
34,48,10.188000,24
34,49,26.218000,27
34,50,23.175000,24
34,51,26.750000,26
34,52,23.020000,24
34,53,16.832000,25
34,54,12.010000,24
34,55,24.362000,25
34,56,27.146000,29
34,57,24.480000,24
34,58,24.472000,25
34,59,16.822000,22
34,60,10.961000,20
34,61,22.502000,21
34,62,12.207000,12
34,63,13.696000,14
34,64,22.290000,19
34,65,12.457000,13
34,66,8.093000,8
34,67,10.833000,8
34,68,10.697000,8
34,69,9.855000,11
34,70,14.193000,13
34,71,15.169000,15
34,72,14.995000,15
34,73,16.604000,16
34,74,17.052000,21
34,75,10.213000,8
34,76,9.915000,8
34,77,14.054000,14
34,78,13.381000,13
34,79,12.875000,12
34,80,11.180000,13
34,81,18.086000,16
34,82,13.858000,14
34,83,16.628000,15
34,84,23.063000,24
34,85,25.882000,29
34,86,32.021000,32
34,87,24.391000,27
34,88,19.310000,27
34,89,16.383000,28
34,90,12.747000,30
34,91,28.097000,31
34,92,30.292000,31
34,93,33.708000,31
34,94,23.375000,31
34,95,6.501000,8
34,96,6.177000,8
35,1,16.023000,15
35,2,16.750000,18
35,3,18.206000,17
35,4,19.305000,18
35,5,20.692000,20
35,6,11.836000,10
35,7,9.976000,10
35,8,14.470000,13
35,9,16.385000,13
35,10,13.339000,13
35,11,14.661000,13
35,12,27.827000,25
35,13,23.680000,23
35,14,21.559000,21
35,15,17.891000,20
35,16,21.888000,21
35,17,24.031000,27
35,18,13.019000,22
35,19,23.573000,23
35,20,22.125000,23
35,21,20.922000,22
35,22,27.768000,27
35,23,21.383000,29
35,24,11.672000,23
35,25,22.531000,26
35,26,22.175000,23
35,27,24.656000,23
35,28,23.072000,22
35,29,17.573000,25
35,30,12.717000,23
35,31,26.484000,27
35,32,24.611000,26
35,33,25.742000,24
35,34,21.174000,23
35,35,16.452000,24
35,36,10.992000,21
35,37,20.638000,22
35,38,19.940000,22
35,39,24.243000,24
35,40,29.917000,27
35,41,19.019000,24
35,42,14.580000,24
35,43,22.539000,24
35,44,23.824000,24
35,45,23.772000,24
35,46,23.152000,25
35,47,18.883000,24
35,48,13.912000,24
35,49,26.563000,27
35,50,23.523000,24
35,51,23.424000,25
35,52,25.005000,26
35,53,16.999000,25
35,54,13.859000,24
35,55,30.648000,30
35,56,24.910000,24
35,57,24.268000,25
35,58,24.334000,24
35,59,17.570000,25
35,60,11.458000,25
35,61,22.533000,23
35,62,19.337000,20
35,63,8.759000,8
35,64,13.464000,13
35,65,15.575000,17
35,66,19.434000,21
35,67,20.025000,21
35,68,18.172000,21
35,69,16.503000,16
35,70,14.997000,15
35,71,16.400000,15
35,72,14.124000,14
35,73,15.193000,15
35,74,11.265000,11
35,75,19.509000,21
35,76,20.069000,21
35,77,11.428000,12
35,78,19.022000,18
35,79,20.622000,19
35,80,12.011000,14
35,81,14.283000,14
35,82,13.959000,14
35,83,21.823000,20
35,84,22.677000,26
35,85,25.280000,29
35,86,24.610000,28
35,87,29.541000,32
35,88,22.020000,27
35,89,20.026000,30
35,90,7.016000,33
35,91,29.161000,33
35,92,28.413000,31
35,93,28.496000,31
35,94,27.026000,32
35,95,6.020000,8
35,96,5.993000,8
36,1,13.378000,15
36,2,14.661000,18
36,3,17.394000,18
36,4,17.350000,18
36,5,23.495000,22
36,6,16.111000,18
36,7,20.630000,18
36,8,18.917000,18
36,9,20.224000,19
36,10,14.775000,14
36,11,11.405000,13
36,12,13.085000,14
36,13,11.707000,12
36,14,20.994000,21
36,15,19.946000,22
36,16,23.966000,27
36,17,24.507000,25
36,18,20.840000,28
36,19,21.567000,22
36,20,25.972000,25
36,21,22.916000,23
36,22,23.824000,29
36,23,20.610000,25
36,24,10.139000,24
36,25,21.556000,23
36,26,25.417000,25
36,27,23.901000,25
36,28,23.054000,23
36,29,17.888000,23
36,30,15.205000,26
36,31,21.575000,23
36,32,25.413000,23
36,33,19.912000,24
36,34,18.614000,22
36,35,21.574000,23
36,36,15.627000,23
36,37,23.142000,23
36,38,25.684000,23
36,39,26.513000,25
36,40,23.120000,23
36,41,20.394000,25
36,42,10.871000,24
36,43,22.418000,25
36,44,25.198000,25
36,45,21.993000,24
36,46,23.360000,24
36,47,18.058000,24
36,48,13.823000,24
36,49,22.419000,24
36,50,27.746000,28
36,51,23.741000,24
36,52,24.449000,28
36,53,19.773000,26
36,54,11.163000,26
36,55,23.780000,25
36,56,25.143000,28
36,57,23.762000,24
36,58,23.455000,23
36,59,17.519000,23
36,60,13.001000,23
36,61,23.130000,23
36,62,22.611000,23
36,63,12.798000,17
36,64,14.365000,12
36,65,15.911000,16
36,66,18.347000,21
36,67,19.790000,17
36,68,12.599000,14
36,69,16.870000,17
36,70,14.113000,13
36,71,13.850000,17
36,72,16.641000,16
36,73,13.309000,12
36,74,15.477000,17
36,75,18.333000,17
36,76,15.538000,17
36,77,15.942000,16
36,78,17.008000,16
36,79,18.573000,17
36,80,11.532000,14
36,81,21.408000,20
36,82,23.771000,22
36,83,27.125000,28
36,84,16.724000,27
36,85,29.494000,33
36,86,23.355000,30
36,87,23.740000,28
36,88,24.437000,30
36,89,20.214000,30
36,90,10.741000,30
36,91,24.478000,30
36,92,24.146000,30
36,93,26.585000,32
36,94,29.747000,31
36,95,10.053000,8
36,96,7.410000,8
37,1,15.426000,15
37,2,19.841000,19
37,3,18.389000,18
37,4,18.574000,19
37,5,22.567000,21
37,6,16.199000,18
37,7,19.115000,18
37,8,17.089000,18
37,9,19.936000,19
37,10,15.187000,14
37,11,14.378000,13
37,12,15.963000,14
37,13,19.115000,15
37,14,18.672000,16
37,15,21.179000,18
37,16,17.094000,16
37,17,26.226000,22
37,18,19.895000,25
37,19,26.433000,28
37,20,27.001000,28
37,21,23.602000,24
37,22,24.585000,28
37,23,19.311000,27
37,24,7.178000,25
37,25,22.474000,23
37,26,23.986000,24
37,27,23.127000,24
37,28,23.459000,26
37,29,23.974000,26
37,30,14.944000,25
37,31,24.482000,26
37,32,24.548000,24
37,33,26.694000,25
37,34,22.925000,22
37,35,17.215000,22
37,36,15.864000,22
37,37,19.789000,22
37,38,30.232000,27
37,39,22.318000,22
37,40,22.426000,24
37,41,22.257000,24
37,42,13.930000,24
37,43,24.495000,25
37,44,26.315000,25
37,45,23.848000,25
37,46,26.146000,26
37,47,18.832000,24
37,48,12.470000,24
37,49,23.628000,25
37,50,28.522000,26
37,51,24.563000,24
37,52,24.468000,26
37,53,23.396000,26
37,54,11.392000,28
37,55,27.130000,26
37,56,26.237000,28
37,57,23.026000,24
37,58,27.782000,28
37,59,19.457000,23
37,60,12.013000,23
37,61,21.510000,23
37,62,22.919000,23
37,63,25.535000,23
37,64,23.696000,22
37,65,19.651000,21
37,66,10.622000,13
37,67,18.166000,17
37,68,20.222000,18
37,69,17.460000,16
37,70,14.978000,16
37,71,15.951000,16
37,72,15.179000,16
37,73,17.116000,19
37,74,15.672000,15
37,75,21.901000,23
37,76,17.711000,17
37,77,19.579000,19
37,78,15.741000,14
37,79,18.140000,19
37,80,20.294000,20
37,81,22.623000,22
37,82,17.899000,15
37,83,20.269000,20
37,84,18.760000,27
37,85,31.007000,34
37,86,28.144000,29
37,87,24.812000,29
37,88,28.192000,29
37,89,15.864000,28
37,90,10.138000,30
37,91,33.080000,33
37,92,30.344000,31
37,93,27.114000,30
37,94,28.728000,32
37,95,7.661000,8
37,96,5.456000,8
38,1,20.756000,19
38,2,16.213000,19
38,3,17.442000,17
38,4,20.732000,20
38,5,21.265000,21
38,6,17.327000,18
38,7,18.807000,18
38,8,13.796000,18
38,9,19.048000,19
38,10,13.967000,14
38,11,13.600000,13
38,12,18.140000,14
38,13,17.888000,15
38,14,15.324000,16
38,15,19.873000,18
38,16,16.255000,17
38,17,15.873000,16
38,18,19.691000,18
38,19,24.104000,22
38,20,24.343000,24
38,21,28.370000,27
38,22,34.900000,36
38,23,17.469000,32
38,24,4.108000,31
38,25,30.816000,35
38,26,25.225000,28
38,27,25.606000,29
38,28,29.581000,28
38,29,19.662000,26
38,30,9.568000,26
38,31,24.105000,23
38,32,22.430000,24
38,33,21.850000,22
38,34,23.601000,23
38,35,23.879000,23
38,36,15.471000,22
38,37,21.410000,22
38,38,24.729000,22
38,39,24.895000,23
38,40,25.431000,24
38,41,22.070000,25
38,42,14.244000,24
38,43,22.733000,25
38,44,24.992000,25
38,45,28.370000,25
38,46,21.224000,24
38,47,21.905000,23
38,48,14.265000,24
38,49,23.449000,25
38,50,26.813000,27
38,51,28.053000,26
38,52,29.603000,26
38,53,23.086000,28
38,54,7.936000,27
38,55,25.214000,26
38,56,27.032000,26
38,57,26.416000,24
38,58,21.974000,25
38,59,20.597000,23
38,60,13.280000,23
38,61,20.736000,23
38,62,20.695000,23
38,63,22.950000,23
38,64,20.827000,24
38,65,22.239000,23
38,66,15.039000,21
38,67,19.824000,18
38,68,18.428000,19
38,69,17.600000,18
38,70,18.436000,17
38,71,19.270000,19
38,72,18.379000,21
38,73,18.798000,18
38,74,19.906000,20
38,75,17.626000,17
38,76,18.042000,17
38,77,21.036000,20
38,78,18.897000,21
38,79,19.735000,20
38,80,11.814000,15
38,81,25.073000,24
38,82,16.132000,16
38,83,27.280000,27
38,84,23.613000,27
38,85,21.348000,28
38,86,22.941000,28
38,87,30.199000,31
38,88,24.406000,29
38,89,23.138000,29
38,90,12.018000,30
38,91,24.104000,31
38,92,33.130000,33
38,93,31.692000,32
38,94,29.103000,32
38,95,6.672000,8
38,96,6.331000,8
39,1,14.620000,15
39,2,18.784000,19
39,3,16.538000,17
39,4,17.547000,18
39,5,17.735000,17
39,6,17.513000,18
39,7,19.246000,18
39,8,19.060000,18
39,9,19.008000,19
39,10,14.526000,14
39,11,12.530000,13
39,12,14.851000,14
39,13,18.663000,15
39,14,18.921000,16
39,15,19.717000,18
39,16,19.133000,17
39,17,15.675000,14
39,18,12.217000,14
39,19,12.726000,11
39,20,24.461000,25
39,21,24.317000,28
39,22,25.725000,27
39,23,26.584000,31
39,24,19.342000,31
39,25,26.644000,29
39,26,24.986000,30
39,27,27.023000,29
39,28,34.138000,31
39,29,13.246000,25
39,30,6.120000,22
39,31,19.417000,19
39,32,21.578000,22
39,33,21.924000,22
39,34,23.440000,24
39,35,19.098000,22
39,36,15.846000,22
39,37,20.818000,22
39,38,21.358000,22
39,39,23.784000,23
39,40,23.868000,24
39,41,26.205000,25
39,42,14.227000,24
39,43,23.501000,25
39,44,27.368000,25
39,45,25.057000,25
39,46,26.136000,25
39,47,19.444000,23
39,48,10.194000,24
39,49,24.403000,26
39,50,23.095000,25
39,51,25.950000,27
39,52,27.115000,26
39,53,19.113000,26
39,54,12.320000,28
39,55,22.339000,26
39,56,26.639000,24
39,57,27.042000,24
39,58,25.562000,23
39,59,20.741000,25
39,60,11.306000,23
39,61,32.402000,29
39,62,19.370000,22
39,63,23.558000,23
39,64,23.159000,23
39,65,19.436000,23
39,66,12.732000,23
39,67,23.529000,24
39,68,17.461000,16
39,69,17.326000,16
39,70,18.448000,19
39,71,17.098000,17
39,72,15.906000,19
39,73,16.449000,17
39,74,15.442000,17
39,75,16.021000,16
39,76,15.939000,17
39,77,20.948000,22
39,78,20.749000,24
39,79,19.428000,19
39,80,18.785000,17
39,81,20.277000,22
39,82,14.949000,15
39,83,28.445000,25
39,84,15.974000,24
39,85,30.849000,31
39,86,29.568000,32
39,87,28.024000,31
39,88,29.777000,30
39,89,15.679000,30
39,90,6.683000,32
39,91,31.692000,34
39,92,30.354000,34
39,93,33.010000,31
39,94,24.878000,33
39,95,7.018000,8
39,96,6.262000,8
40,1,13.553000,15
40,2,18.252000,19
40,3,18.465000,17
40,4,18.754000,18
40,5,19.567000,18
40,6,19.644000,18
40,7,18.465000,17
40,8,18.547000,18
40,9,21.598000,19
40,10,15.713000,14
40,11,14.162000,13
40,12,15.543000,14
40,13,17.864000,15
40,14,17.452000,16
40,15,19.067000,18
40,16,13.818000,14
40,17,16.051000,14
40,18,12.871000,13
40,19,17.890000,19
40,20,25.711000,25
40,21,28.549000,29
40,22,29.131000,31
40,23,19.298000,27
40,24,13.779000,28
40,25,26.038000,29
40,26,22.880000,26
40,27,31.231000,34
40,28,26.893000,28
40,29,17.352000,27
40,30,10.193000,21
40,31,19.247000,19
40,32,19.480000,21
40,33,20.878000,22
40,34,21.195000,23
40,35,23.660000,23
40,36,15.751000,22
40,37,20.832000,22
40,38,20.639000,22
40,39,26.091000,23
40,40,24.462000,24
40,41,29.681000,29
40,42,12.266000,25
40,43,21.640000,25
40,44,24.284000,25
40,45,22.292000,24
40,46,24.016000,27
40,47,20.328000,24
40,48,14.737000,24
40,49,25.268000,27
40,50,27.608000,26
40,51,25.822000,26
40,52,29.651000,26
40,53,21.301000,28
40,54,8.042000,28
40,55,25.253000,28
40,56,22.989000,25
40,57,23.783000,24
40,58,24.238000,25
40,59,18.703000,23
40,60,13.463000,23
40,61,22.424000,23
40,62,21.226000,23
40,63,25.630000,23
40,64,23.999000,23
40,65,20.735000,23
40,66,15.270000,23
40,67,22.395000,22
40,68,21.238000,20
40,69,17.925000,18
40,70,25.385000,22
40,71,18.722000,19
40,72,15.824000,19
40,73,18.441000,18
40,74,19.188000,18
40,75,18.500000,18
40,76,16.873000,17
40,77,15.220000,14
40,78,22.379000,24
40,79,18.455000,19
40,80,15.309000,15
40,81,23.685000,23
40,82,12.922000,15
40,83,11.419000,9
40,84,26.205000,27
40,85,25.258000,29
40,86,25.930000,29
40,87,31.931000,33
40,88,25.568000,29
40,89,17.466000,30
40,90,6.572000,30
40,91,26.193000,31
40,92,28.835000,30
40,93,29.884000,32
40,94,28.573000,33
40,95,7.214000,8
40,96,7.339000,8
41,1,15.231000,15
41,2,19.178000,19
41,3,18.215000,18
41,4,18.355000,18
41,5,18.219000,17
41,6,19.374000,18
41,7,18.630000,18
41,8,17.470000,18
41,9,19.624000,19
41,10,15.030000,14
41,11,16.634000,13
41,12,15.890000,14
41,13,16.931000,15
41,14,17.758000,16
41,15,21.980000,18
41,16,17.709000,14
41,17,13.553000,14
41,18,13.250000,14
41,19,15.721000,17
41,20,20.418000,20
41,21,29.930000,31
41,22,27.981000,32
41,23,27.346000,31
41,24,16.122000,31
41,25,29.356000,29
41,26,29.946000,34
41,27,29.343000,31
41,28,30.691000,33
41,29,13.113000,22
41,30,6.546000,21
41,31,19.506000,19
41,32,21.624000,21
41,33,24.098000,25
41,34,23.183000,23
41,35,21.643000,22
41,36,19.395000,25
41,37,22.426000,22
41,38,23.040000,22
41,39,23.732000,23
41,40,24.830000,24
41,41,24.465000,24
41,42,15.831000,25
41,43,28.460000,25
41,44,25.431000,25
41,45,25.016000,25
41,46,24.143000,24
41,47,18.012000,24
41,48,11.390000,24
41,49,22.087000,24
41,50,26.314000,27
41,51,27.573000,27
41,52,28.047000,26
41,53,22.743000,28
41,54,9.511000,26
41,55,27.687000,28
41,56,24.141000,24
41,57,23.656000,24
41,58,23.271000,24
41,59,23.225000,27
41,60,14.015000,23
41,61,21.203000,23
41,62,26.605000,23
41,63,22.469000,23
41,64,23.878000,23
41,65,24.740000,23
41,66,15.806000,23
41,67,21.797000,22
41,68,21.085000,23
41,69,19.264000,18
41,70,17.954000,17
41,71,25.414000,22
41,72,15.077000,18
41,73,18.531000,17
41,74,18.083000,18
41,75,19.632000,18
41,76,14.298000,15
41,77,21.510000,22
41,78,21.734000,24
41,79,19.510000,19
41,80,13.862000,15
41,81,24.932000,24
41,82,15.443000,15
41,83,10.533000,9
41,84,28.007000,28
41,85,28.173000,26
41,86,22.600000,28
41,87,33.316000,33
41,88,26.028000,29
41,89,20.054000,30
41,90,11.113000,32
41,91,29.836000,33
41,92,30.741000,31
41,93,27.844000,28
41,94,30.815000,32
41,95,6.135000,8
41,96,6.034000,8
42,1,14.415000,15
42,2,20.390000,19
42,3,17.668000,18
42,4,16.551000,18
42,5,13.453000,18
42,6,19.097000,18
42,7,17.239000,18
42,8,22.168000,18
42,9,18.099000,19
42,10,13.445000,14
42,11,11.270000,13
42,12,11.561000,14
42,13,17.967000,15
42,14,19.699000,16
42,15,18.913000,18
42,16,12.905000,14
42,17,11.228000,14
42,18,11.172000,13
42,19,25.086000,23
42,20,23.270000,24
42,21,22.712000,31
42,22,23.628000,32
42,23,30.161000,32
42,24,13.846000,31
42,25,28.005000,31
42,26,29.371000,32
42,27,23.537000,32
42,28,22.772000,31
42,29,23.839000,24
42,30,11.814000,21
42,31,17.346000,17
42,32,25.872000,23
42,33,17.328000,22
42,34,18.522000,23
42,35,22.309000,25
42,36,24.643000,23
42,37,24.031000,23
42,38,25.797000,23
42,39,21.012000,23
42,40,18.575000,24
42,41,24.504000,25
42,42,20.507000,24
42,43,24.018000,25
42,44,25.936000,25
42,45,19.029000,25
42,46,18.437000,25
42,47,24.019000,23
42,48,19.913000,24
42,49,25.692000,26
42,50,26.293000,28
42,51,19.733000,26
42,52,19.724000,26
42,53,23.460000,26
42,54,20.557000,26
42,55,25.085000,26
42,56,25.705000,25
42,57,18.279000,24
42,58,20.536000,30
42,59,25.383000,23
42,60,19.453000,23
42,61,23.466000,23
42,62,25.009000,24
42,63,21.806000,23
42,64,16.840000,23
42,65,24.551000,23
42,66,18.743000,23
42,67,21.419000,21
42,68,25.659000,26
42,69,15.676000,19
42,70,15.324000,18
42,71,13.797000,17
42,72,20.086000,18
42,73,17.998000,18
42,74,19.697000,18
42,75,16.380000,17
42,76,17.258000,20
42,77,16.837000,22
42,78,24.580000,23
42,79,19.547000,19
42,80,19.546000,17
42,81,18.167000,22
42,82,12.324000,15
42,83,7.017000,9
42,84,16.336000,21
42,85,32.967000,29
42,86,25.047000,31
42,87,19.637000,30
42,88,21.214000,29
42,89,28.879000,32
42,90,8.899000,30
42,91,35.390000,33
42,92,24.436000,30
42,93,21.504000,31
42,94,30.308000,33
42,95,8.030000,8
42,96,8.592000,8
43,1,17.743000,15
43,2,27.136000,20
43,3,21.315000,18
43,4,23.304000,17
43,5,13.018000,17
43,6,12.532000,18
43,7,23.315000,18
43,8,23.411000,18
43,9,24.520000,19
43,10,15.883000,14
43,11,11.810000,13
43,12,11.807000,14
43,13,23.076000,15
43,14,23.183000,16
43,15,26.659000,18
43,16,16.845000,14
43,17,10.798000,14
43,18,10.048000,13
43,19,21.887000,19
43,20,29.472000,24
43,21,35.597000,29
43,22,19.139000,27
43,23,17.951000,30
43,24,9.095000,31
43,25,46.355000,31
43,26,39.583000,33
43,27,23.795000,32
43,28,15.994000,28
43,29,10.934000,24
43,30,4.703000,21
43,31,23.218000,17
43,32,24.374000,21
43,33,26.642000,22
43,34,21.868000,23
43,35,15.420000,22
43,36,14.142000,22
43,37,25.825000,22
43,38,30.621000,22
43,39,30.027000,23
43,40,17.571000,25
43,41,16.075000,24
43,42,12.496000,24
43,43,35.611000,25
43,44,30.231000,25
43,45,29.350000,25
43,46,19.265000,25
43,47,13.401000,24
43,48,9.597000,24
43,49,36.677000,28
43,50,36.582000,26
43,51,21.772000,26
43,52,24.736000,29
43,53,12.279000,28
43,54,6.478000,29
43,55,36.667000,28
43,56,34.797000,26
43,57,23.853000,24
43,58,17.730000,23
43,59,14.442000,23
43,60,8.260000,22
43,61,28.562000,23
43,62,32.868000,23
43,63,28.665000,23
43,64,19.203000,23
43,65,17.950000,23
43,66,12.094000,24
43,67,27.241000,22
43,68,27.831000,21
43,69,22.068000,19
43,70,23.607000,19
43,71,13.579000,17
43,72,11.838000,18
43,73,20.729000,17
43,74,25.318000,18
43,75,26.466000,19
43,76,19.552000,20
43,77,17.653000,23
43,78,13.818000,24
43,79,23.138000,17
43,80,21.335000,15
43,81,28.724000,22
43,82,16.595000,15
43,83,8.087000,9
43,84,19.845000,24
43,85,34.205000,26
43,86,35.918000,29
43,87,28.676000,31
43,88,17.984000,28
43,89,16.312000,31
43,90,7.230000,30
43,91,39.340000,33
43,92,35.640000,30
43,93,26.672000,29
43,94,20.376000,33
43,95,5.501000,8
43,96,4.518000,8
44,1,10.899000,15
44,2,13.607000,19
44,3,11.910000,17
44,4,14.817000,19
44,5,14.222000,17
44,6,12.962000,18
44,7,11.454000,17
44,8,14.097000,18
44,9,14.686000,19
44,10,11.943000,14
44,11,11.286000,13
44,12,12.617000,14
44,13,12.752000,15
44,14,11.650000,16
44,15,15.422000,18
44,16,11.124000,14
44,17,9.457000,14
44,18,9.738000,13
44,19,14.019000,19
44,20,19.182000,26
44,21,25.158000,33
44,22,20.260000,31
44,23,15.880000,31
44,24,6.876000,29
44,25,23.532000,31
44,26,20.232000,31
44,27,23.708000,33
44,28,17.417000,27
44,29,12.979000,26
44,30,5.342000,21
44,31,12.750000,17
44,32,14.719000,21
44,33,14.547000,21
44,34,16.576000,23
44,35,17.673000,23
44,36,13.234000,22
44,37,17.212000,23
44,38,14.950000,22
44,39,19.486000,23
44,40,20.792000,25
44,41,15.246000,24
44,42,9.608000,24
44,43,18.515000,25
44,44,19.010000,25
44,45,18.648000,25
44,46,23.236000,31
44,47,11.382000,23
44,48,8.953000,24
44,49,17.839000,24
44,50,21.479000,28
44,51,18.805000,26
44,52,18.127000,26
44,53,13.208000,26
44,54,9.127000,28
44,55,18.537000,26
44,56,19.573000,28
44,57,15.942000,24
44,58,17.680000,24
44,59,15.623000,27
44,60,8.692000,23
44,61,15.577000,23
44,62,17.655000,23
44,63,18.418000,23
44,64,15.362000,23
44,65,15.591000,23
44,66,10.521000,23
44,67,17.139000,24
44,68,14.946000,19
44,69,11.297000,17
44,70,14.938000,18
44,71,13.216000,17
44,72,11.695000,19
44,73,12.164000,17
44,74,12.938000,18
44,75,13.455000,17
44,76,14.675000,17
44,77,19.342000,25
44,78,12.795000,23
44,79,13.338000,19
44,80,9.773000,15
44,81,15.358000,22
44,82,12.381000,16
44,83,7.581000,9
44,84,19.092000,23
44,85,18.529000,25
44,86,20.298000,29
44,87,23.954000,32
44,88,18.284000,29
44,89,13.029000,32
44,90,6.299000,33
44,91,19.621000,31
44,92,24.073000,34
44,93,19.700000,28
44,94,20.768000,32
44,95,4.539000,8
44,96,4.255000,8
45,1,11.506000,15
45,2,13.874000,19
45,3,12.842000,18
45,4,14.178000,21
45,5,11.488000,17
45,6,14.990000,18
45,7,13.249000,18
45,8,12.200000,18
45,9,13.331000,19
45,10,11.504000,14
45,11,9.912000,13
45,12,12.712000,14
45,13,11.996000,15
45,14,12.167000,16
45,15,13.209000,18
45,16,9.713000,14
45,17,11.059000,14
45,18,10.298000,13
45,19,12.649000,17
45,20,14.192000,21
45,21,18.385000,27
45,22,19.056000,30
45,23,20.702000,30
45,24,13.428000,29
45,25,18.201000,27
45,26,19.562000,30
45,27,21.386000,29
45,28,17.734000,27
45,29,14.200000,29
45,30,6.915000,21
45,31,12.653000,17
45,32,14.738000,21
45,33,16.978000,21
45,34,16.922000,23
45,35,15.891000,22
45,36,13.296000,22
45,37,15.370000,22
45,38,16.171000,23
45,39,21.047000,25
45,40,15.547000,24
45,41,17.984000,24
45,42,11.331000,25
45,43,16.976000,24
45,44,18.570000,25
45,45,18.524000,25
45,46,17.814000,24
45,47,15.617000,24
45,48,9.640000,24
45,49,18.203000,25
45,50,20.788000,28
45,51,20.463000,28
45,52,17.599000,26
45,53,13.447000,26
45,54,8.613000,26
45,55,17.713000,24
45,56,21.269000,29
45,57,18.520000,24
45,58,17.119000,23
45,59,16.421000,28
45,60,5.003000,23
45,61,16.390000,23
45,62,19.000000,23
45,63,19.341000,23
45,64,19.081000,23
45,65,15.563000,23
45,66,10.955000,24
45,67,16.998000,22
45,68,17.452000,22
45,69,15.118000,19
45,70,14.230000,18
45,71,13.956000,19
45,72,10.255000,19
45,73,12.641000,17
45,74,14.720000,19
45,75,13.845000,18
45,76,12.894000,17
45,77,16.521000,22
45,78,15.192000,23
45,79,13.791000,19
45,80,11.718000,17
45,81,14.995000,22
45,82,12.657000,17
45,83,7.582000,9
45,84,16.165000,24
45,85,17.727000,24
45,86,19.579000,29
45,87,21.384000,29
45,88,17.624000,27
45,89,14.133000,31
45,90,9.041000,32
45,91,19.908000,31
45,92,25.435000,34
45,93,20.850000,28
45,94,21.231000,31
45,95,4.277000,8
45,96,4.196000,8
46,1,10.679000,15
46,2,13.796000,18
46,3,13.027000,18
46,4,13.983000,17
46,5,12.963000,19
46,6,11.022000,14
46,7,11.319000,14
46,8,11.091000,15
46,9,13.202000,14
46,10,9.166000,12
46,11,13.582000,17
46,12,15.943000,19
46,13,16.042000,19
46,14,13.204000,16
46,15,9.965000,13
46,16,10.931000,13
46,17,13.620000,19
46,18,11.951000,16
46,19,10.695000,14
46,20,18.200000,24
46,21,21.309000,32
46,22,21.981000,30
46,23,16.390000,31
46,24,12.203000,31
46,25,20.980000,31
46,26,22.087000,32
46,27,25.027000,33
46,28,16.687000,30
46,29,11.685000,26
46,30,5.303000,22
46,31,18.149000,24
46,32,15.970000,22
46,33,17.929000,22
46,34,19.211000,24
46,35,14.040000,23
46,36,11.033000,24
46,37,17.898000,24
46,38,17.797000,24
46,39,16.626000,23
46,40,18.079000,24
46,41,14.578000,24
46,42,11.482000,24
46,43,18.148000,24
46,44,18.033000,24
46,45,16.571000,25
46,46,14.219000,23
46,47,16.673000,23
46,48,12.640000,25
46,49,18.942000,25
46,50,18.044000,26
46,51,26.233000,31
46,52,19.968000,27
46,53,13.586000,27
46,54,5.167000,25
46,55,16.901000,25
46,56,19.030000,26
46,57,19.480000,26
46,58,18.047000,25
46,59,13.151000,24
46,60,11.013000,24
46,61,17.594000,23
46,62,17.170000,23
46,63,14.241000,20
46,64,18.109000,23
46,65,16.863000,23
46,66,12.167000,23
46,67,15.514000,22
46,68,16.637000,22
46,69,10.636000,15
46,70,14.797000,18
46,71,13.080000,18
46,72,14.234000,18
46,73,11.624000,17
46,74,14.095000,18
46,75,13.658000,17
46,76,12.847000,18
46,77,21.703000,27
46,78,13.463000,23
46,79,6.986000,9
46,80,7.058000,9
46,81,15.322000,20
46,82,8.776000,10
46,83,8.043000,10
46,84,16.553000,23
46,85,16.032000,24
46,86,22.689000,33
46,87,17.607000,29
46,88,21.103000,32
46,89,16.017000,30
46,90,6.801000,29
46,91,23.568000,33
46,92,24.001000,32
46,93,24.952000,33
46,94,17.050000,32
46,95,5.734000,8
46,96,3.350000,8
47,1,12.075000,15
47,2,11.720000,16
47,3,13.638000,18
47,4,16.386000,17
47,5,17.014000,19
47,6,13.247000,14
47,7,11.516000,14
47,8,13.019000,15
47,9,11.879000,14
47,10,9.507000,12
47,11,15.397000,14
47,12,14.788000,16
47,13,12.082000,16
47,14,12.333000,16
47,15,11.240000,13
47,16,9.864000,13
47,17,18.701000,19
47,18,12.202000,15
47,19,10.797000,16
47,20,21.523000,25
47,21,22.484000,30
47,22,23.953000,29
47,23,20.358000,31
47,24,18.058000,32
47,25,24.050000,33
47,26,23.668000,32
47,27,26.443000,33
47,28,26.146000,33
47,29,16.725000,33
47,30,2.118000,22
47,31,18.497000,23
47,32,17.366000,22
47,33,18.165000,22
47,34,22.948000,23
47,35,14.871000,21
47,36,16.742000,24
47,37,19.534000,28
47,38,17.273000,24
47,39,22.793000,23
47,40,20.141000,24
47,41,15.409000,24
47,42,12.620000,24
47,43,17.623000,24
47,44,19.247000,24
47,45,25.336000,26
47,46,20.608000,23
47,47,17.222000,24
47,48,12.446000,25
47,49,18.484000,25
47,50,18.576000,25
47,51,24.468000,25
47,52,25.829000,27
47,53,16.047000,26
47,54,12.283000,26
47,55,17.620000,25
47,56,20.516000,24
47,57,26.770000,27
47,58,20.577000,23
47,59,18.169000,27
47,60,11.464000,23
47,61,18.517000,23
47,62,17.332000,23
47,63,21.338000,23
47,64,21.193000,23
47,65,15.368000,22
47,66,15.871000,23
47,67,16.092000,22
47,68,12.028000,16
47,69,11.090000,17
47,70,15.923000,18
47,71,15.397000,18
47,72,13.933000,18
47,73,13.505000,18
47,74,13.740000,18
47,75,11.124000,17
47,76,15.040000,17
47,77,24.469000,25
47,78,21.892000,28
47,79,8.110000,9
47,80,7.044000,9
47,81,14.804000,20
47,82,8.283000,9
47,83,10.487000,10
47,84,20.797000,22
47,85,16.839000,24
47,86,20.644000,34
47,87,27.745000,33
47,88,22.853000,32
47,89,17.131000,30
47,90,9.639000,29
47,91,20.975000,31
47,92,19.959000,31
47,93,32.976000,34
47,94,22.627000,32
47,95,7.157000,8
47,96,6.416000,8
48,1,14.208000,15
48,2,16.891000,18
48,3,13.777000,18
48,4,16.484000,17
48,5,19.509000,20
48,6,15.571000,14
48,7,14.163000,14
48,8,17.675000,15
48,9,15.329000,14
48,10,12.126000,12
48,11,15.367000,14
48,12,18.366000,16
48,13,17.252000,19
48,14,15.170000,16
48,15,13.556000,13
48,16,12.998000,13
48,17,17.627000,19
48,18,12.881000,15
48,19,15.625000,18
48,20,22.613000,25
48,21,33.274000,33
48,22,31.508000,35
48,23,17.845000,31
48,24,11.207000,32
48,25,25.442000,32
48,26,32.012000,34
48,27,30.060000,31
48,28,23.342000,34
48,29,18.880000,37
48,30,1.744000,24
48,31,23.435000,24
48,32,20.520000,22
48,33,25.447000,23
48,34,19.141000,22
48,35,19.876000,23
48,36,14.773000,24
48,37,24.252000,26
48,38,21.061000,25
48,39,23.681000,23
48,40,22.157000,24
48,41,17.726000,24
48,42,14.696000,24
48,43,24.260000,24
48,44,22.499000,24
48,45,23.498000,26
48,46,20.859000,23
48,47,16.481000,23
48,48,16.841000,25
48,49,23.429000,26
48,50,29.844000,28
48,51,25.444000,25
48,52,21.266000,26
48,53,18.749000,31
48,54,9.333000,26
48,55,24.252000,25
48,56,25.638000,24
48,57,26.726000,25
48,58,23.418000,26
48,59,17.170000,24
48,60,11.046000,26
48,61,23.461000,23
48,62,22.324000,23
48,63,21.300000,23
48,64,22.022000,23
48,65,18.555000,25
48,66,15.272000,23
48,67,21.416000,22
48,68,15.499000,17
48,69,18.280000,19
48,70,17.937000,19
48,71,15.890000,18
48,72,14.028000,18
48,73,16.481000,18
48,74,16.825000,18
48,75,17.766000,18
48,76,21.572000,20
48,77,24.716000,30
48,78,13.679000,20
48,79,11.684000,9
48,80,10.473000,9
48,81,23.106000,22
48,82,10.900000,10
48,83,12.060000,14
48,84,18.395000,22
48,85,26.238000,27
48,86,29.223000,33
48,87,26.104000,33
48,88,20.563000,30
48,89,17.311000,31
48,90,10.703000,33
48,91,27.043000,32
48,92,29.229000,32
48,93,25.413000,31
48,94,26.125000,32
48,95,5.571000,8
48,96,6.520000,8
49,1,14.869000,15
49,2,16.030000,18
49,3,15.535000,18
49,4,16.946000,17
49,5,16.618000,20
49,6,16.088000,14
49,7,15.392000,14
49,8,18.554000,19
49,9,12.712000,14
49,10,12.566000,12
49,11,15.212000,14
49,12,14.931000,17
49,13,16.138000,16
49,14,15.121000,16
49,15,13.735000,13
49,16,13.172000,13
49,17,20.195000,19
49,18,13.151000,15
49,19,22.722000,23
49,20,25.164000,31
49,21,30.772000,32
49,22,21.291000,29
49,23,17.299000,31
49,24,9.866000,32
49,25,25.491000,30
49,26,25.563000,32
49,27,27.399000,32
49,28,23.179000,33
49,29,17.537000,31
49,30,7.509000,23
49,31,23.473000,24
49,32,20.499000,22
49,33,23.070000,23
49,34,20.345000,22
49,35,13.637000,21
49,36,14.743000,24
49,37,23.474000,24
49,38,22.213000,24
49,39,21.459000,23
49,40,21.556000,24
49,41,17.947000,24
49,42,16.570000,31
49,43,21.629000,24
49,44,23.437000,24
49,45,25.644000,26
49,46,20.652000,23
49,47,15.069000,23
49,48,15.279000,25
49,49,25.475000,26
49,50,22.219000,24
49,51,22.555000,25
49,52,22.543000,25
49,53,17.669000,25
49,54,13.733000,24
49,55,24.162000,25
49,56,22.925000,24
49,57,21.857000,23
49,58,25.810000,25
49,59,15.019000,24
49,60,12.352000,23
49,61,22.709000,23
49,62,22.808000,23
49,63,22.321000,23
49,64,22.720000,23
49,65,17.368000,23
49,66,16.036000,26
49,67,19.808000,21
49,68,17.194000,19
49,69,16.950000,18
49,70,16.161000,18
49,71,17.418000,18
49,72,14.861000,18
49,73,17.773000,18
49,74,15.394000,18
49,75,17.952000,19
49,76,17.327000,19
49,77,18.966000,21
49,78,20.179000,23
49,79,8.659000,9
49,80,9.811000,9
49,81,18.235000,20
49,82,11.966000,10
49,83,15.265000,14
49,84,21.594000,22
49,85,23.469000,25
49,86,25.652000,33
49,87,31.272000,33
49,88,23.591000,32
49,89,14.989000,31
49,90,8.161000,31
49,91,26.320000,31
49,92,27.881000,32
49,93,24.024000,30
49,94,23.862000,33
49,95,6.380000,8
49,96,7.157000,8
50,1,13.991000,15
50,2,15.904000,18
50,3,16.863000,18
50,4,15.545000,17
50,5,17.528000,20
50,6,11.863000,14
50,7,14.494000,14
50,8,12.982000,15
50,9,15.288000,14
50,10,10.154000,12
50,11,14.815000,14
50,12,15.602000,16
50,13,18.105000,19
50,14,13.364000,16
50,15,11.382000,13
50,16,12.863000,13
50,17,18.533000,19
50,18,15.216000,16
50,19,21.757000,22
50,20,31.222000,34
50,21,29.639000,35
50,22,24.999000,35
50,23,14.470000,31
50,24,4.631000,32
50,25,26.824000,33
50,26,29.302000,33
50,27,28.780000,34
50,28,26.199000,37
50,29,13.832000,31
50,30,3.616000,22
50,31,22.501000,24
50,32,21.137000,22
50,33,23.841000,23
50,34,20.850000,22
50,35,12.760000,21
50,36,15.769000,26
50,37,22.588000,25
50,38,22.314000,24
50,39,22.388000,23
50,40,21.979000,24
50,41,15.245000,24
50,42,14.587000,24
50,43,22.533000,24
50,44,21.840000,24
50,45,23.125000,24
50,46,20.289000,24
50,47,16.493000,24
50,48,13.765000,25
50,49,23.439000,26
50,50,21.776000,25
50,51,22.406000,25
50,52,21.984000,25
50,53,15.763000,25
50,54,15.394000,26
50,55,21.727000,25
50,56,21.645000,24
50,57,25.015000,25
50,58,23.155000,25
50,59,15.303000,26
50,60,14.939000,26
50,61,20.993000,23
50,62,22.641000,23
50,63,23.542000,23
50,64,21.174000,23
50,65,19.026000,23
50,66,14.828000,23
50,67,21.722000,23
50,68,17.931000,19
50,69,15.450000,18
50,70,14.520000,18
50,71,18.341000,18
50,72,11.472000,18
50,73,18.542000,18
50,74,14.907000,18
50,75,15.845000,19
50,76,17.940000,19
50,77,19.722000,22
50,78,17.010000,23
50,79,10.646000,9
50,80,10.206000,9
50,81,17.649000,20
50,82,9.873000,10
50,83,15.464000,14
50,84,19.713000,22
50,85,26.842000,31
50,86,27.871000,33
50,87,31.102000,31
50,88,22.549000,33
50,89,16.806000,31
50,90,5.157000,33
50,91,25.024000,33
50,92,29.411000,31
50,93,29.647000,32
50,94,24.994000,32
50,95,6.065000,8
50,96,5.677000,8
51,1,13.468000,15
51,2,14.987000,18
51,3,15.940000,18
51,4,17.784000,17
51,5,18.250000,20
51,6,11.766000,14
51,7,16.831000,14
51,8,13.070000,15
51,9,13.573000,14
51,10,10.758000,12
51,11,14.968000,14
51,12,15.906000,16
51,13,14.691000,16
51,14,14.752000,16
51,15,15.011000,13
51,16,12.380000,13
51,17,20.618000,19
51,18,14.295000,16
51,19,20.941000,22
51,20,29.455000,33
51,21,28.372000,32
51,22,22.333000,30
51,23,21.956000,32
51,24,8.893000,32
51,25,26.999000,33
51,26,28.566000,33
51,27,30.649000,33
51,28,22.358000,33
51,29,20.094000,33
51,30,4.973000,22
51,31,23.508000,26
51,32,21.441000,23
51,33,22.974000,23
51,34,20.877000,22
51,35,14.881000,21
51,36,20.240000,25
51,37,23.281000,24
51,38,22.095000,24
51,39,23.226000,23
51,40,22.414000,24
51,41,20.416000,28
51,42,14.464000,24
51,43,22.406000,24
51,44,21.461000,24
51,45,32.007000,27
51,46,19.338000,23
51,47,16.729000,24
51,48,15.514000,27
51,49,24.463000,28
51,50,23.362000,25
51,51,23.819000,25
51,52,23.302000,26
51,53,22.649000,29
51,54,13.209000,26
51,55,24.049000,25
51,56,25.672000,25
51,57,23.463000,26
51,58,20.713000,23
51,59,16.642000,24
51,60,14.548000,24
51,61,21.559000,23
51,62,22.131000,23
51,63,23.902000,23
51,64,21.154000,23
51,65,16.703000,23
51,66,18.193000,24
51,67,21.587000,23
51,68,20.292000,19
51,69,17.535000,18
51,70,16.854000,18
51,71,15.947000,18
51,72,12.704000,18
51,73,17.529000,18
51,74,16.990000,18
51,75,16.739000,17
51,76,21.774000,21
51,77,22.149000,24
51,78,24.459000,31
51,79,10.797000,9
51,80,9.478000,9
51,81,17.898000,20
51,82,11.038000,10
51,83,15.014000,14
51,84,17.792000,21
51,85,21.785000,25
51,86,28.131000,33
51,87,27.262000,31
51,88,23.410000,32
51,89,19.384000,31
51,90,10.640000,32
51,91,26.051000,32
51,92,29.343000,33
51,93,29.448000,31
51,94,22.264000,32
51,95,8.327000,8
51,96,7.281000,8
52,1,13.623000,15
52,2,15.324000,18
52,3,14.360000,18
52,4,15.997000,17
52,5,19.653000,20
52,6,12.426000,14
52,7,14.139000,14
52,8,11.817000,14
52,9,14.930000,14
52,10,10.721000,12
52,11,12.277000,14
52,12,14.810000,16
52,13,20.460000,19
52,14,14.135000,16
52,15,14.275000,13
52,16,13.462000,13
52,17,19.173000,19
52,18,11.393000,15
52,19,22.230000,25
52,20,26.828000,32
52,21,30.906000,35
52,22,22.710000,33
52,23,15.662000,31
52,24,10.239000,40
52,25,25.743000,33
52,26,28.833000,34
52,27,38.442000,41
52,28,23.303000,32
52,29,16.023000,31
52,30,4.587000,20
52,31,24.450000,26
52,32,20.114000,22
52,33,30.136000,29
52,34,17.957000,22
52,35,17.916000,23
52,36,18.602000,26
52,37,21.328000,24
52,38,20.857000,24
52,39,21.708000,25
52,40,21.453000,24
52,41,19.815000,25
52,42,16.403000,24
52,43,20.469000,24
52,44,20.658000,24
52,45,22.797000,24
52,46,21.318000,23
52,47,19.162000,24
52,48,17.646000,25
52,49,22.799000,25
52,50,24.201000,25
52,51,27.951000,26
52,52,18.945000,25
52,53,19.950000,25
52,54,16.786000,26
52,55,22.233000,25
52,56,24.924000,24
52,57,28.113000,25
52,58,17.404000,23
52,59,21.187000,32
52,60,14.485000,23
52,61,22.846000,23
52,62,19.979000,23
52,63,22.307000,23
52,64,20.958000,23
52,65,19.369000,23
52,66,15.389000,23
52,67,19.803000,23
52,68,17.031000,19
52,69,17.325000,18
52,70,20.598000,18
52,71,15.880000,18
52,72,18.376000,22
52,73,15.484000,18
52,74,15.880000,18
52,75,17.839000,18
52,76,19.209000,20
52,77,17.354000,19
52,78,22.767000,28
52,79,8.554000,9
52,80,11.299000,9
52,81,18.542000,20
52,82,10.938000,10
52,83,13.450000,14
52,84,19.950000,22
52,85,21.332000,24
52,86,31.258000,37
52,87,32.476000,34
52,88,20.519000,30
52,89,17.033000,31
52,90,10.490000,30
52,91,26.543000,32
52,92,28.151000,31
52,93,32.220000,33
52,94,23.716000,34
52,95,5.883000,8
52,96,17.150000,32
53,1,13.822000,15
53,2,16.072000,18
53,3,17.712000,18
53,4,16.207000,17
53,5,16.879000,20
53,6,11.684000,14
53,7,13.612000,14
53,8,13.752000,14
53,9,11.931000,14
53,10,11.764000,12
53,11,15.328000,14
53,12,14.646000,16
53,13,15.827000,16
53,14,15.236000,16
53,15,14.767000,13
53,16,14.858000,13
53,17,17.542000,19
53,18,11.252000,15
53,19,19.769000,22
53,20,25.530000,31
53,21,24.345000,32
53,22,29.814000,34
53,23,21.645000,34
53,24,12.965000,32
53,25,25.754000,33
53,26,26.682000,32
53,27,26.419000,34
53,28,26.172000,34
53,29,21.011000,37
53,30,4.309000,21
53,31,18.374000,24
53,32,20.560000,22
53,33,24.750000,27
53,34,22.900000,22
53,35,19.509000,23
53,36,14.943000,23
53,37,25.700000,27
53,38,22.245000,24
53,39,27.854000,27
53,40,23.248000,24
53,41,15.190000,24
53,42,12.244000,24
53,43,23.247000,24
53,44,23.287000,24
53,45,29.346000,28
53,46,18.666000,23
53,47,18.136000,23
53,48,13.517000,23
53,49,31.915000,30
53,50,26.508000,28
53,51,23.713000,26
53,52,24.533000,25
53,53,18.744000,25
53,54,9.162000,26
53,55,22.051000,24
53,56,22.827000,24
53,57,21.033000,26
53,58,25.047000,23
53,59,20.266000,31
53,60,15.080000,26
53,61,21.259000,23
53,62,19.155000,23
53,63,24.156000,24
53,64,22.173000,24
53,65,19.746000,23
53,66,15.590000,23
53,67,21.358000,23
53,68,16.251000,19
53,69,15.843000,18
53,70,16.787000,18
53,71,14.677000,18
53,72,15.066000,18
53,73,15.304000,18
53,74,15.351000,18
53,75,16.306000,18
53,76,16.237000,19
53,77,18.832000,19
53,78,26.743000,28
53,79,11.163000,9
53,80,9.349000,9
53,81,23.364000,23
53,82,11.014000,10
53,83,13.010000,14
53,84,19.599000,22
53,85,22.713000,25
53,86,29.867000,33
53,87,26.377000,31
53,88,24.228000,30
53,89,21.743000,33
53,90,7.128000,30
53,91,30.383000,33
53,92,24.755000,30
53,93,31.530000,31
53,94,23.789000,34
53,95,6.336000,8
53,96,6.151000,8
54,1,14.323000,15
54,2,14.678000,18
54,3,17.221000,18
54,4,19.129000,17
54,5,19.485000,20
54,6,12.099000,14
54,7,14.783000,14
54,8,13.553000,14
54,9,13.925000,14
54,10,13.718000,12
54,11,18.795000,14
54,12,12.852000,16
54,13,16.522000,19
54,14,16.054000,16
54,15,14.437000,13
54,16,12.864000,13
54,17,19.015000,19
54,18,14.569000,15
54,19,24.368000,26
54,20,30.860000,32
54,21,38.269000,37
54,22,19.494000,30
54,23,13.183000,31
54,24,4.672000,34
54,25,35.496000,36
54,26,30.485000,34
54,27,32.968000,34
54,28,24.244000,36
54,29,11.999000,40
54,30,2.227000,25
54,31,24.791000,25
54,32,22.989000,22
54,33,23.063000,24
54,34,23.487000,22
54,35,14.133000,21
54,36,14.929000,23
54,37,24.410000,25
54,38,32.495000,30
54,39,22.771000,24
54,40,20.105000,24
54,41,14.221000,24
54,42,14.051000,26
54,43,24.371000,24
54,44,25.909000,24
54,45,24.964000,24
54,46,21.321000,23
54,47,16.954000,24
54,48,13.447000,25
54,49,23.502000,24
54,50,27.234000,25
54,51,25.199000,25
54,52,24.055000,25
54,53,14.528000,25
54,54,13.605000,26
54,55,24.348000,26
54,56,24.873000,24
54,57,29.163000,26
54,58,18.836000,23
54,59,14.497000,24
54,60,14.074000,23
54,61,22.231000,23
54,62,25.095000,23
54,63,22.127000,23
54,64,22.299000,23
54,65,16.920000,23
54,66,15.445000,23
54,67,21.404000,21
54,68,19.172000,19
54,69,20.208000,18
54,70,18.138000,18
54,71,17.461000,18
54,72,11.867000,18
54,73,17.310000,18
54,74,16.025000,18
54,75,15.224000,17
54,76,19.239000,19
54,77,19.819000,21
54,78,16.941000,20
54,79,10.316000,9
54,80,12.466000,9
54,81,22.653000,20
54,82,10.116000,10
54,83,14.058000,14
54,84,23.102000,24
54,85,23.487000,26
54,86,28.094000,32
54,87,28.227000,30
54,88,22.920000,30
54,89,17.601000,31
54,90,10.292000,30
54,91,25.474000,30
54,92,25.845000,30
54,93,36.841000,32
54,94,22.665000,32
54,95,5.967000,8
54,96,6.582000,8
55,1,14.111000,15
55,2,13.985000,18
55,3,17.518000,18
55,4,16.222000,17
55,5,17.314000,17
55,6,12.962000,14
55,7,14.008000,14
55,8,11.399000,14
55,9,16.148000,14
55,10,10.376000,12
55,11,13.631000,14
55,12,17.301000,16
55,13,15.689000,16
55,14,13.662000,16
55,15,14.498000,13
55,16,12.903000,13
55,17,18.063000,19
55,18,13.987000,16
55,19,22.406000,23
55,20,25.048000,30
55,21,26.784000,33
55,22,27.162000,36
55,23,19.669000,34
55,24,4.414000,32
55,25,24.432000,33
55,26,26.388000,32
55,27,30.626000,34
55,28,25.613000,32
55,29,16.008000,34
55,30,3.351000,24
55,31,22.380000,23
55,32,20.627000,22
55,33,21.884000,23
55,34,19.429000,22
55,35,15.552000,21
55,36,15.327000,25
55,37,21.408000,24
55,38,20.320000,24
55,39,23.932000,24
55,40,24.237000,24
55,41,17.419000,24
55,42,13.147000,24
55,43,22.389000,24
55,44,21.943000,24
55,45,21.813000,23
55,46,23.792000,24
55,47,17.030000,24
55,48,14.031000,25
55,49,23.545000,26
55,50,30.703000,31
55,51,24.929000,26
55,52,21.131000,25
55,53,16.762000,25
55,54,8.903000,25
55,55,22.406000,25
55,56,19.720000,24
55,57,24.601000,27
55,58,24.688000,25
55,59,17.208000,24
55,60,14.338000,25
55,61,21.404000,23
55,62,19.819000,23
55,63,21.109000,23
55,64,21.792000,23
55,65,18.016000,23
55,66,15.383000,23
55,67,21.339000,23
55,68,17.742000,19
55,69,17.900000,18
55,70,16.574000,18
55,71,14.233000,18
55,72,14.858000,19
55,73,15.627000,18
55,74,15.787000,18
55,75,18.367000,18
55,76,16.967000,18
55,77,17.366000,20
55,78,18.329000,23
55,79,10.685000,9
55,80,8.691000,9
55,81,16.171000,20
55,82,10.652000,10
55,83,12.163000,14
55,84,20.520000,22
55,85,23.541000,26
55,86,29.460000,33
55,87,24.056000,29
55,88,22.454000,30
55,89,16.912000,31
55,90,8.569000,31
55,91,26.903000,31
55,92,28.486000,31
55,93,25.707000,30
55,94,26.346000,34
55,95,5.685000,8
55,96,6.927000,8
56,1,15.175000,15
56,2,15.456000,18
56,3,19.650000,18
56,4,15.504000,17
56,5,16.508000,18
56,6,15.591000,14
56,7,14.126000,14
56,8,11.978000,14
56,9,14.703000,14
56,10,13.474000,14
56,11,16.096000,16
56,12,13.916000,15
56,13,20.278000,17
56,14,12.350000,13
56,15,16.024000,13
56,16,18.411000,21
56,17,19.622000,19
56,18,11.044000,12
56,19,20.282000,23
56,20,28.930000,32
56,21,26.369000,30
56,22,25.642000,32
56,23,20.322000,36
56,24,8.460000,34
56,25,31.695000,37
56,26,29.303000,34
56,27,31.017000,34
56,28,22.818000,32
56,29,18.065000,34
56,30,2.178000,12
56,31,21.082000,24
56,32,22.030000,23
56,33,28.064000,28
56,34,22.446000,24
56,35,17.813000,24
56,36,13.894000,23
56,37,23.749000,26
56,38,26.064000,25
56,39,27.714000,26
56,40,21.718000,25
56,41,15.511000,24
56,42,10.533000,24
56,43,21.807000,24
56,44,25.064000,25
56,45,18.149000,22
56,46,19.464000,23
56,47,19.755000,23
56,48,14.108000,26
56,49,23.360000,27
56,50,25.711000,25
56,51,26.525000,27
56,52,24.704000,26
56,53,17.759000,28
56,54,9.441000,27
56,55,22.661000,27
56,56,27.847000,27
56,57,27.812000,27
56,58,22.773000,26
56,59,14.093000,25
56,60,11.310000,25
56,61,22.668000,24
56,62,23.543000,24
56,63,21.790000,24
56,64,25.472000,25
56,65,16.377000,24
56,66,13.502000,22
56,67,19.747000,24
56,68,14.458000,17
56,69,17.792000,17
56,70,15.077000,17
56,71,16.210000,18
56,72,17.951000,18
56,73,16.743000,17
56,74,14.258000,17
56,75,17.742000,17
56,76,15.429000,18
56,77,16.461000,16
56,78,19.268000,21
56,79,10.776000,9
56,80,10.295000,9
56,81,27.300000,28
56,82,11.474000,10
56,83,15.740000,18
56,84,20.690000,21
56,85,20.265000,25
56,86,27.916000,34
56,87,27.273000,33
56,88,24.535000,32
56,89,15.776000,30
56,90,12.499000,31
56,91,23.354000,31
56,92,29.068000,32
56,93,27.641000,34
56,94,27.362000,35
56,95,5.498000,8
56,96,6.289000,8
57,1,13.266000,15
57,2,15.315000,18
57,3,18.450000,18
57,4,16.359000,17
57,5,16.185000,18
57,6,15.346000,14
57,7,15.648000,14
57,8,12.165000,14
57,9,13.698000,14
57,10,16.446000,17
57,11,15.648000,16
57,12,13.530000,14
57,13,18.196000,17
57,14,11.048000,13
57,15,13.820000,13
57,16,19.207000,21
57,17,17.713000,19
57,18,11.212000,12
57,19,21.883000,25
57,20,27.658000,33
57,21,29.630000,36
57,22,25.867000,35
57,23,18.019000,29
57,24,4.528000,33
57,25,27.973000,34
57,26,33.892000,36
57,27,31.805000,41
57,28,18.103000,31
57,29,15.309000,33
57,30,4.605000,12
57,31,23.721000,25
57,32,22.799000,23
57,33,24.107000,24
57,34,23.794000,26
57,35,15.768000,24
57,36,13.738000,26
57,37,24.452000,25
57,38,21.400000,25
57,39,24.649000,26
57,40,20.228000,24
57,41,17.547000,25
57,42,12.916000,24
57,43,22.840000,24
57,44,21.968000,24
57,45,24.795000,25
57,46,21.212000,23
57,47,14.525000,27
57,48,14.095000,26
57,49,23.739000,26
57,50,24.972000,27
57,51,23.767000,26
57,52,27.845000,26
57,53,17.405000,28
57,54,10.523000,27
57,55,25.401000,29
57,56,20.592000,24
57,57,25.232000,25
57,58,22.601000,25
57,59,16.798000,24
57,60,14.122000,24
57,61,22.853000,25
57,62,21.972000,24
57,63,23.361000,25
57,64,22.134000,24
57,65,16.577000,24
57,66,13.359000,23
57,67,23.707000,24
57,68,14.747000,17
57,69,15.717000,18
57,70,15.633000,17
57,71,16.591000,18
57,72,13.840000,18
57,73,16.312000,17
57,74,14.649000,17
57,75,14.463000,17
57,76,15.523000,18
57,77,17.618000,17
57,78,17.353000,21
57,79,11.612000,10
57,80,9.159000,9
57,81,25.678000,26
57,82,9.798000,10
57,83,17.171000,16
57,84,22.015000,23
57,85,23.725000,25
57,86,22.804000,32
57,87,27.702000,33
57,88,26.099000,33
57,89,19.009000,33
57,90,6.713000,31
57,91,26.388000,32
57,92,25.979000,31
57,93,31.018000,35
57,94,24.409000,33
57,95,6.996000,8
57,96,6.022000,8
58,1,14.505000,15
58,2,16.116000,18
58,3,18.260000,18
58,4,18.969000,17
58,5,16.492000,17
58,6,13.095000,14
58,7,15.209000,14
58,8,13.697000,14
58,9,14.904000,14
58,10,17.243000,17
58,11,14.431000,16
58,12,13.963000,15
58,13,15.231000,17
58,14,12.262000,13
58,15,14.771000,13
58,16,18.122000,21
58,17,18.221000,19
58,18,11.520000,12
58,19,21.128000,26
58,20,27.409000,32
58,21,30.263000,33
58,22,21.134000,30
58,23,19.259000,33
58,24,7.835000,35
58,25,25.612000,32
58,26,30.187000,35
58,27,26.818000,34
58,28,23.815000,31
58,29,18.152000,33
58,30,6.114000,12
58,31,22.117000,25
58,32,22.599000,23
58,33,22.267000,24
58,34,23.029000,24
58,35,17.279000,25
58,36,12.882000,24
58,37,22.778000,25
58,38,23.249000,23
58,39,22.524000,25
58,40,28.237000,28
58,41,15.663000,24
58,42,12.868000,24
58,43,22.100000,24
58,44,24.765000,24
58,45,20.186000,22
58,46,20.098000,23
58,47,17.351000,22
58,48,16.752000,28
58,49,22.778000,27
58,50,25.954000,27
58,51,23.701000,26
58,52,25.494000,28
58,53,14.940000,27
58,54,15.518000,33
58,55,22.775000,25
58,56,26.512000,27
58,57,22.295000,24
58,58,24.358000,26
58,59,15.358000,25
58,60,13.289000,24
58,61,21.131000,24
58,62,19.785000,24
58,63,25.857000,24
58,64,30.349000,26
58,65,16.768000,25
58,66,13.388000,23
58,67,23.282000,24
58,68,15.397000,16
58,69,14.943000,17
58,70,15.104000,17
58,71,17.158000,18
58,72,14.073000,18
58,73,19.288000,18
58,74,15.404000,17
58,75,16.776000,18
58,76,17.636000,19
58,77,16.180000,17
58,78,15.188000,21
58,79,10.698000,9
58,80,11.312000,9
58,81,24.133000,23
58,82,9.067000,10
58,83,15.390000,16
58,84,19.648000,21
58,85,20.113000,24
58,86,27.010000,34
58,87,25.157000,31
58,88,26.070000,31
58,89,17.723000,33
58,90,15.426000,34
58,91,28.949000,34
58,92,26.830000,31
58,93,26.821000,29
58,94,25.444000,34
58,95,6.534000,8
58,96,7.451000,8
59,1,13.829000,15
59,2,15.323000,18
59,3,15.806000,18
59,4,14.390000,17
59,5,17.682000,17
59,6,12.466000,14
59,7,14.145000,14
59,8,12.715000,14
59,9,15.006000,14
59,10,18.083000,17
59,11,16.123000,16
59,12,13.990000,14
59,13,17.369000,17
59,14,12.242000,13
59,15,13.309000,13
59,16,18.987000,21
59,17,17.515000,19
59,18,11.407000,12
59,19,23.292000,25
59,20,28.254000,33
59,21,32.092000,38
59,22,25.116000,33
59,23,14.030000,32
59,24,4.567000,32
59,25,25.613000,32
59,26,26.634000,32
59,27,30.291000,34
59,28,25.113000,34
59,29,14.746000,34
59,30,3.817000,12
59,31,23.291000,25
59,32,23.014000,23
59,33,21.957000,23
59,34,22.410000,23
59,35,19.658000,23
59,36,12.318000,24
59,37,22.118000,23
59,38,21.763000,25
59,39,19.797000,23
59,40,22.608000,24
59,41,17.760000,24
59,42,17.458000,24
59,43,20.195000,24
59,44,23.398000,25
59,45,18.015000,22
59,46,19.636000,23
59,47,21.046000,23
59,48,17.495000,26
59,49,24.722000,27
59,50,26.064000,27
59,51,24.757000,27
59,52,25.003000,27
59,53,16.895000,27
59,54,7.476000,27
59,55,23.290000,27
59,56,21.357000,25
59,57,24.890000,25
59,58,22.287000,25
59,59,14.143000,22
59,60,14.141000,24
59,61,24.359000,24
59,62,22.302000,24
59,63,22.756000,24
59,64,23.123000,24
59,65,16.744000,26
59,66,11.544000,23
59,67,23.292000,23
59,68,16.550000,18
59,69,16.664000,17
59,70,17.650000,18
59,71,15.066000,18
59,72,13.798000,18
59,73,16.706000,17
59,74,15.342000,17
59,75,16.027000,17
59,76,18.898000,20
59,77,16.626000,18
59,78,16.085000,21
59,79,10.560000,9
59,80,10.289000,9
59,81,22.345000,24
59,82,9.872000,10
59,83,15.376000,16
59,84,19.541000,21
59,85,24.171000,27
59,86,29.550000,33
59,87,25.580000,31
59,88,22.912000,31
59,89,19.551000,34
59,90,6.775000,32
59,91,26.960000,33
59,92,27.156000,31
59,93,30.260000,31
59,94,25.796000,34
59,95,5.052000,8
59,96,5.752000,8
60,1,15.292000,15
60,2,15.181000,18
60,3,16.575000,18
60,4,18.224000,18
60,5,16.780000,18
60,6,14.626000,14
60,7,15.881000,14
60,8,14.617000,14
60,9,14.528000,14
60,10,17.574000,17
60,11,16.963000,16
60,12,14.467000,15
60,13,17.380000,17
60,14,13.616000,13
60,15,13.963000,13
60,16,20.038000,21
60,17,17.183000,19
60,18,12.916000,12
60,19,13.512000,15
60,20,26.176000,32
60,21,26.171000,32
60,22,27.367000,31
60,23,21.624000,32
60,24,12.729000,32
60,25,26.264000,32
60,26,26.124000,34
60,27,32.186000,38
60,28,27.343000,37
60,29,14.476000,32
60,30,2.095000,12
60,31,22.804000,24
60,32,22.222000,23
60,33,21.096000,24
60,34,22.811000,23
60,35,16.606000,24
60,36,16.961000,27
60,37,22.775000,25
60,38,23.918000,25
60,39,26.010000,25
60,40,20.653000,24
60,41,17.075000,24
60,42,12.511000,24
60,43,23.437000,24
60,44,22.950000,24
60,45,24.576000,23
60,46,18.628000,22
60,47,16.437000,23
60,48,17.512000,28
60,49,33.244000,34
60,50,23.344000,26
60,51,28.556000,28
60,52,21.906000,26
60,53,15.532000,27
60,54,8.217000,26
60,55,27.047000,27
60,56,23.218000,25
60,57,22.543000,26
60,58,23.613000,26
60,59,15.753000,25
60,60,10.687000,24
60,61,22.773000,24
60,62,23.656000,25
60,63,24.587000,24
60,64,19.418000,24
60,65,16.002000,22
60,66,11.617000,22
60,67,21.105000,22
60,68,16.649000,18
60,69,17.041000,18
60,70,17.019000,17
60,71,17.851000,18
60,72,14.394000,18
60,73,15.888000,17
60,74,14.679000,17
60,75,15.275000,17
60,76,16.447000,18
60,77,15.883000,18
60,78,17.268000,21
60,79,11.884000,10
60,80,10.226000,9
60,81,32.437000,34
60,82,10.739000,10
60,83,14.976000,16
60,84,17.292000,22
60,85,23.414000,26
60,86,26.453000,34
60,87,24.307000,31
60,88,26.079000,31
60,89,17.866000,33
60,90,10.289000,32
60,91,25.553000,32
60,92,24.499000,30
60,93,26.344000,30
60,94,28.002000,33
60,95,5.970000,8
60,96,6.068000,8
61,1,13.041000,15
61,2,15.782000,18
61,3,15.845000,18
61,4,15.046000,17
61,5,14.895000,17
61,6,12.664000,14
61,7,14.472000,14
61,8,13.770000,14
61,9,14.068000,14
61,10,13.638000,17
61,11,18.216000,16
61,12,12.745000,14
61,13,17.864000,17
61,14,13.102000,13
61,15,14.270000,13
61,16,19.376000,20
61,17,19.535000,19
61,18,9.997000,12
61,19,16.653000,15
61,20,29.653000,37
61,21,27.889000,33
61,22,28.116000,35
61,23,18.400000,33
61,24,10.522000,32
61,25,44.432000,50
61,26,29.652000,34
61,27,28.970000,38
61,28,19.114000,34
61,29,10.631000,32
61,30,0.832000,12
61,31,23.746000,24
61,32,19.857000,23
61,33,20.526000,23
61,34,22.932000,23
61,35,18.812000,24
61,36,13.054000,24
61,37,23.744000,25
61,38,29.475000,27
61,39,27.627000,30
61,40,19.651000,24
61,41,14.528000,24
61,42,11.476000,24
61,43,23.735000,24
61,44,22.464000,24
61,45,21.180000,22
61,46,20.606000,23
61,47,18.290000,25
61,48,18.246000,34
61,49,24.327000,26
61,50,22.465000,26
61,51,24.404000,26
61,52,20.175000,26
61,53,19.143000,27
61,54,16.148000,28
61,55,26.419000,28
61,56,25.298000,27
61,57,26.138000,28
61,58,20.586000,25
61,59,15.441000,24
61,60,11.558000,24
61,61,22.717000,24
61,62,21.183000,25
61,63,23.220000,24
61,64,22.632000,24
61,65,18.275000,24
61,66,12.059000,23
61,67,23.748000,25
61,68,18.518000,18
61,69,15.773000,17
61,70,14.281000,17
61,71,16.880000,18
61,72,15.464000,18
61,73,14.493000,17
61,74,15.056000,17
61,75,16.572000,18
61,76,20.505000,20
61,77,24.880000,26
61,78,14.911000,21
61,79,10.160000,9
61,80,10.164000,9
61,81,34.125000,34
61,82,9.966000,9
61,83,14.967000,16
61,84,18.212000,21
61,85,23.738000,25
61,86,30.454000,33
61,87,23.831000,31
61,88,21.225000,31
61,89,17.045000,32
61,90,10.797000,31
61,91,23.759000,31
61,92,27.892000,31
61,93,26.232000,32
61,94,24.485000,32
61,95,7.422000,8
61,96,6.223000,8
62,1,12.777000,15
62,2,12.864000,16
62,3,18.008000,18
62,4,14.999000,17
62,5,14.593000,17
62,6,14.417000,14
62,7,12.678000,14
62,8,12.297000,14
62,9,12.382000,14
62,10,17.438000,17
62,11,15.489000,16
62,12,14.818000,15
62,13,17.269000,17
62,14,10.516000,13
62,15,14.360000,13
62,16,18.075000,21
62,17,17.535000,19
62,18,12.253000,12
62,19,11.905000,12
62,20,25.658000,33
62,21,29.564000,33
62,22,26.211000,30
62,23,19.682000,29
62,24,14.059000,32
62,25,22.214000,29
62,26,32.498000,36
62,27,35.221000,40
62,28,21.120000,34
62,29,13.860000,32
62,30,1.309000,12
62,31,22.798000,25
62,32,21.047000,23
62,33,20.163000,23
62,34,23.454000,24
62,35,17.041000,24
62,36,15.062000,25
62,37,22.753000,25
62,38,24.303000,25
62,39,23.192000,25
62,40,20.359000,24
62,41,15.429000,24
62,42,13.356000,24
62,43,22.746000,24
62,44,23.492000,24
62,45,24.167000,25
62,46,19.029000,22
62,47,16.095000,23
62,48,15.571000,28
62,49,25.384000,28
62,50,23.702000,25
62,51,23.553000,25
62,52,23.902000,27
62,53,16.337000,27
62,54,11.657000,27
62,55,22.153000,26
62,56,22.422000,25
62,57,25.201000,27
62,58,21.780000,26
62,59,14.889000,22
62,60,12.667000,24
62,61,22.150000,24
62,62,23.199000,24
62,63,21.259000,25
62,64,22.068000,24
62,65,15.925000,24
62,66,14.511000,23
62,67,22.139000,24
62,68,17.855000,18
62,69,17.375000,17
62,70,15.374000,17
62,71,14.883000,18
62,72,13.895000,18
62,73,16.609000,18
62,74,14.081000,17
62,75,18.147000,18
62,76,17.699000,19
62,77,17.060000,17
62,78,17.201000,21
62,79,11.359000,10
62,80,10.024000,9
62,81,24.304000,24
62,82,11.144000,10
62,83,15.972000,16
62,84,18.045000,21
62,85,20.072000,24
62,86,27.041000,34
62,87,25.025000,31
62,88,26.239000,31
62,89,19.594000,33
62,90,7.106000,30
62,91,24.778000,31
62,92,30.883000,32
62,93,28.246000,30
62,94,23.628000,33
62,95,5.817000,8
62,96,6.781000,8
63,1,14.098000,15
63,2,15.884000,18
63,3,17.351000,18
63,4,18.383000,18
63,5,16.349000,17
63,6,12.353000,14
63,7,14.549000,14
63,8,14.223000,14
63,9,15.124000,14
63,10,17.188000,17
63,11,16.568000,16
63,12,11.629000,14
63,13,16.292000,17
63,14,11.057000,13
63,15,12.486000,13
63,16,20.349000,21
63,17,20.036000,19
63,18,12.205000,12
63,19,15.533000,15
63,20,32.955000,40
63,21,31.231000,33
63,22,30.536000,36
63,23,16.307000,33
63,24,5.668000,32
63,25,29.756000,35
63,26,30.017000,33
63,27,32.367000,37
63,28,19.800000,30
63,29,15.823000,34
63,30,3.675000,12
63,31,20.690000,24
63,32,22.422000,23
63,33,22.177000,24
63,34,22.860000,24
63,35,19.813000,24
63,36,13.872000,24
63,37,20.011000,23
63,38,23.701000,26
63,39,22.605000,25
63,40,22.759000,24
63,41,17.058000,24
63,42,16.624000,24
63,43,21.490000,23
63,44,22.603000,23
63,45,20.361000,22
63,46,22.898000,23
63,47,16.189000,22
63,48,17.876000,28
63,49,21.440000,26
63,50,24.507000,26
63,51,33.669000,34
63,52,25.930000,29
63,53,16.207000,27
63,54,7.643000,28
63,55,23.121000,26
63,56,25.978000,28
63,57,29.222000,27
63,58,20.499000,25
63,59,16.917000,25
63,60,11.976000,28
63,61,21.945000,24
63,62,25.607000,25
63,63,20.140000,24
63,64,21.087000,24
63,65,19.932000,26
63,66,13.246000,23
63,67,24.204000,25
63,68,21.756000,18
63,69,15.857000,18
63,70,18.171000,18
63,71,15.027000,18
63,72,13.197000,18
63,73,15.540000,17
63,74,14.186000,17
63,75,16.870000,17
63,76,17.594000,20
63,77,18.001000,18
63,78,16.740000,21
63,79,11.153000,9
63,80,9.400000,9
63,81,21.107000,23
63,82,9.790000,10
63,83,16.649000,16
63,84,19.614000,23
63,85,20.748000,24
63,86,26.148000,32
63,87,23.615000,30
63,88,25.352000,31
63,89,19.937000,33
63,90,12.001000,30
63,91,30.486000,34
63,92,24.819000,29
63,93,30.388000,32
63,94,24.152000,33
63,95,6.240000,8
63,96,6.251000,8
64,1,18.844000,17
64,2,22.061000,21
64,3,15.706000,18
64,4,15.469000,17
64,5,15.723000,17
64,6,13.591000,14
64,7,15.283000,14
64,8,13.827000,14
64,9,13.571000,14
64,10,15.109000,17
64,11,16.837000,16
64,12,16.469000,15
64,13,20.410000,17
64,14,13.058000,13
64,15,13.863000,13
64,16,20.806000,21
64,17,16.991000,19
64,18,11.174000,12
64,19,10.057000,11
64,20,30.033000,32
64,21,30.761000,33
64,22,27.046000,30
64,23,22.527000,35
64,24,9.450000,35
64,25,26.024000,33
64,26,27.160000,33
64,27,29.250000,34
64,28,24.163000,34
64,29,16.031000,32
64,30,2.228000,10
64,31,21.334000,24
64,32,23.145000,23
64,33,21.867000,24
64,34,20.958000,23
64,35,17.493000,23
64,36,13.797000,24
64,37,24.986000,25
64,38,24.047000,25
64,39,25.031000,26
64,40,23.283000,24
64,41,15.369000,25
64,42,12.465000,23
64,43,22.172000,24
64,44,21.398000,23
64,45,22.772000,25
64,46,26.308000,23
64,47,14.832000,23
64,48,14.694000,26
64,49,22.171000,26
64,50,23.910000,26
64,51,23.082000,26
64,52,26.275000,27
64,53,20.301000,30
64,54,10.034000,27
64,55,26.043000,28
64,56,22.495000,25
64,57,26.924000,28
64,58,24.824000,26
64,59,14.787000,22
64,60,10.269000,24
64,61,21.356000,24
64,62,24.643000,26
64,63,27.772000,28
64,64,21.485000,23
64,65,16.437000,25
64,66,11.693000,23
64,67,20.425000,24
64,68,17.418000,17
64,69,17.304000,18
64,70,15.950000,18
64,71,18.957000,18
64,72,13.330000,18
64,73,17.237000,17
64,74,15.686000,17
64,75,16.276000,18
64,76,14.916000,18
64,77,16.627000,17
64,78,17.760000,21
64,79,10.554000,9
64,80,9.904000,9
64,81,22.806000,24
64,82,9.828000,10
64,83,17.856000,16
64,84,22.346000,23
64,85,19.298000,24
64,86,26.655000,32
64,87,23.752000,32
64,88,27.187000,31
64,89,20.446000,32
64,90,12.029000,32
64,91,26.026000,32
64,92,30.223000,32
64,93,30.675000,34
64,94,23.005000,33
64,95,4.861000,8
64,96,6.193000,8
65,1,21.878000,21
65,2,14.948000,18
65,3,17.496000,18
65,4,17.001000,17
65,5,15.134000,17
65,6,12.803000,14
65,7,14.992000,14
65,8,12.549000,14
65,9,12.621000,14
65,10,16.939000,17
65,11,16.470000,16
65,12,13.097000,14
65,13,21.904000,17
65,14,14.355000,13
65,15,14.537000,13
65,16,17.877000,20
65,17,16.869000,19
65,18,10.927000,12
65,19,20.977000,24
65,20,26.616000,33
65,21,33.629000,34
65,22,22.402000,30
65,23,17.870000,31
65,24,11.108000,32
65,25,25.885000,33
65,26,31.519000,33
65,27,28.473000,32
65,28,25.351000,33
65,29,20.900000,35
65,30,1.661000,10
65,31,23.521000,27
65,32,21.976000,23
65,33,24.626000,24
65,34,28.038000,29
65,35,16.891000,24
65,36,12.125000,24
65,37,22.578000,25
65,38,24.065000,25
65,39,23.200000,25
65,40,20.158000,24
65,41,18.695000,24
65,42,14.007000,24
65,43,22.514000,24
65,44,24.066000,25
65,45,22.412000,22
65,46,23.114000,23
65,47,19.210000,25
65,48,16.477000,29
65,49,26.502000,28
65,50,24.072000,25
65,51,27.820000,27
65,52,22.838000,26
65,53,22.006000,33
65,54,7.757000,27
65,55,23.491000,25
65,56,21.991000,25
65,57,27.713000,28
65,58,24.332000,25
65,59,18.600000,24
65,60,13.475000,24
65,61,22.606000,24
65,62,20.939000,23
65,63,23.288000,24
65,64,23.105000,24
65,65,16.638000,24
65,66,12.448000,23
65,67,23.507000,26
65,68,18.481000,18
65,69,20.599000,19
65,70,16.797000,17
65,71,16.719000,18
65,72,14.848000,18
65,73,17.895000,17
65,74,12.254000,17
65,75,15.290000,18
65,76,17.020000,18
65,77,18.401000,17
65,78,20.308000,23
65,79,10.350000,9
65,80,10.874000,9
65,81,27.565000,29
65,82,9.580000,9
65,83,16.763000,16
65,84,17.212000,21
65,85,21.042000,25
65,86,21.147000,30
65,87,26.808000,32
65,88,27.634000,33
65,89,19.328000,31
65,90,13.160000,30
65,91,30.783000,34
65,92,26.695000,30
65,93,29.730000,33
65,94,25.074000,33
65,95,5.676000,8
65,96,6.181000,8
66,1,14.972000,15
66,2,17.143000,18
66,3,16.759000,18
66,4,16.288000,17
66,5,15.360000,17
66,6,13.680000,14
66,7,12.746000,14
66,8,13.633000,14
66,9,13.778000,14
66,10,18.537000,17
66,11,15.685000,15
66,12,13.324000,15
66,13,17.667000,17
66,14,14.192000,13
66,15,15.391000,13
66,16,19.719000,21
66,17,17.596000,19
66,18,9.600000,12
66,19,25.696000,27
66,20,32.483000,34
66,21,32.659000,34
66,22,25.885000,37
66,23,13.514000,32
66,24,2.217000,32
66,25,32.045000,34
66,26,28.353000,31
66,27,30.325000,33
66,28,23.128000,34
66,29,16.405000,35
66,30,2.019000,11
66,31,22.492000,26
66,32,22.588000,23
66,33,20.178000,23
66,34,26.392000,27
66,35,20.470000,26
66,36,13.121000,24
66,37,22.474000,25
66,38,21.077000,25
66,39,24.399000,26
66,40,22.853000,25
66,41,17.085000,24
66,42,14.053000,24
66,43,21.590000,24
66,44,24.103000,24
66,45,19.841000,22
66,46,23.110000,25
66,47,16.298000,22
66,48,16.077000,28
66,49,26.550000,26
66,50,28.679000,27
66,51,25.662000,26
66,52,20.320000,26
66,53,16.647000,28
66,54,8.695000,27
66,55,25.688000,28
66,56,31.779000,33
66,57,28.447000,28
66,58,19.617000,26
66,59,14.840000,25
66,60,8.885000,24
66,61,23.204000,24
66,62,23.253000,24
66,63,20.941000,24
66,64,20.999000,24
66,65,18.083000,25
66,66,14.659000,23
66,67,24.073000,24
66,68,17.774000,17
66,69,16.392000,18
66,70,15.844000,17
66,71,16.525000,18
66,72,12.332000,18
66,73,17.036000,17
66,74,15.824000,17
66,75,19.185000,18
66,76,17.041000,18
66,77,16.882000,17
66,78,14.767000,21
66,79,9.643000,9
66,80,10.471000,9
66,81,22.354000,24
66,82,9.184000,10
66,83,13.210000,16
66,84,18.068000,21
66,85,20.829000,24
66,86,28.071000,32
66,87,27.059000,32
66,88,24.829000,31
66,89,17.135000,30
66,90,12.050000,30
66,91,31.297000,32
66,92,26.668000,31
66,93,25.613000,30
66,94,25.895000,33
66,95,6.096000,8
66,96,5.551000,8
67,1,13.392000,15
67,2,20.522000,21
67,3,13.019000,18
67,4,13.854000,18
67,5,12.574000,17
67,6,11.088000,14
67,7,14.801000,14
67,8,15.253000,14
67,9,12.200000,14
67,10,12.677000,17
67,11,11.918000,15
67,12,12.001000,14
67,13,17.934000,17
67,14,12.261000,13
67,15,12.093000,13
67,16,16.039000,21
67,17,13.202000,19
67,18,8.507000,12
67,19,21.899000,26
67,20,25.677000,32
67,21,25.218000,36
67,22,19.929000,35
67,23,13.471000,33
67,24,4.336000,32
67,25,25.769000,32
67,26,22.239000,31
67,27,21.883000,33
67,28,21.715000,34
67,29,14.283000,35
67,30,1.222000,11
67,31,23.761000,25
67,32,20.545000,23
67,33,20.611000,24
67,34,18.398000,24
67,35,12.466000,24
67,36,9.967000,24
67,37,22.888000,25
67,38,20.013000,25
67,39,18.627000,25
67,40,18.831000,24
67,41,12.007000,24
67,42,9.805000,24
67,43,22.906000,24
67,44,19.510000,24
67,45,15.512000,22
67,46,17.044000,22
67,47,15.558000,23
67,48,12.482000,26
67,49,24.346000,27
67,50,21.215000,27
67,51,19.537000,26
67,52,18.820000,26
67,53,12.901000,27
67,54,10.589000,28
67,55,24.372000,27
67,56,21.205000,25
67,57,20.697000,26
67,58,18.673000,25
67,59,12.765000,25
67,60,9.977000,24
67,61,20.212000,23
67,62,19.989000,25
67,63,18.789000,24
67,64,17.316000,24
67,65,14.817000,24
67,66,11.926000,23
67,67,21.899000,24
67,68,14.424000,17
67,69,13.185000,18
67,70,14.518000,18
67,71,14.580000,19
67,72,10.941000,18
67,73,16.068000,17
67,74,15.608000,17
67,75,13.437000,17
67,76,13.736000,18
67,77,13.846000,18
67,78,13.064000,21
67,79,10.154000,9
67,80,10.912000,9
67,81,27.644000,35
67,82,8.056000,9
67,83,13.963000,16
67,84,13.336000,21
67,85,24.360000,25
67,86,21.743000,30
67,87,21.248000,32
67,88,17.586000,30
67,89,12.199000,30
67,90,10.174000,32
67,91,23.770000,30
67,92,24.352000,31
67,93,25.291000,34
67,94,20.594000,33
67,95,4.576000,8
67,96,5.509000,8
68,1,9.885000,15
68,2,9.595000,16
68,3,14.416000,18
68,4,12.709000,17
68,5,14.645000,17
68,6,10.805000,14
68,7,11.231000,14
68,8,9.670000,14
68,9,17.255000,17
68,10,13.190000,17
68,11,11.405000,15
68,12,10.057000,15
68,13,14.350000,17
68,14,8.963000,13
68,15,13.811000,13
68,16,15.397000,21
68,17,15.315000,19
68,18,9.733000,12
68,19,17.319000,22
68,20,25.074000,36
68,21,22.707000,33
68,22,21.158000,38
68,23,15.009000,36
68,24,1.826000,32
68,25,20.929000,33
68,26,23.764000,34
68,27,23.462000,33
68,28,17.746000,30
68,29,15.707000,35
68,30,1.675000,10
68,31,17.854000,26
68,32,18.856000,23
68,33,19.438000,24
68,34,17.789000,23
68,35,13.914000,24
68,36,10.795000,24
68,37,17.321000,25
68,38,19.997000,25
68,39,18.753000,25
68,40,18.780000,24
68,41,12.061000,24
68,42,11.897000,25
68,43,17.320000,24
68,44,18.251000,24
68,45,17.378000,22
68,46,16.136000,22
68,47,14.347000,23
68,48,13.849000,27
68,49,19.781000,28
68,50,19.783000,26
68,51,18.808000,26
68,52,19.272000,28
68,53,13.367000,27
68,54,11.719000,27
68,55,19.671000,28
68,56,19.774000,25
68,57,19.320000,27
68,58,17.874000,26
68,59,12.708000,24
68,60,12.255000,27
68,61,17.327000,24
68,62,21.463000,27
68,63,19.364000,25
68,64,17.865000,24
68,65,12.709000,25
68,66,11.017000,23
68,67,18.222000,23
68,68,15.976000,17
68,69,13.860000,18
68,70,12.964000,17
68,71,14.687000,18
68,72,10.001000,18
68,73,13.848000,17
68,74,15.099000,17
68,75,13.981000,18
68,76,12.803000,17
68,77,14.511000,18
68,78,12.081000,21
68,79,8.586000,9
68,80,7.681000,9
68,81,18.867000,24
68,82,8.059000,10
68,83,14.420000,16
68,84,14.998000,23
68,85,17.730000,25
68,86,22.819000,33
68,87,21.537000,33
68,88,16.772000,30
68,89,12.927000,29
68,90,9.727000,31
68,91,20.818000,33
68,92,22.368000,30
68,93,23.419000,30
68,94,20.549000,32
68,95,4.290000,8
68,96,4.554000,8
69,1,11.880000,15
69,2,12.213000,18
69,3,12.459000,18
69,4,12.191000,17
69,5,12.287000,17
69,6,11.335000,14
69,7,11.187000,14
69,8,10.375000,14
69,9,14.693000,19
69,10,12.678000,17
69,11,11.801000,15
69,12,10.306000,14
69,13,13.729000,17
69,14,10.932000,13
69,15,11.565000,13
69,16,15.376000,21
69,17,13.894000,19
69,18,8.092000,12
69,19,16.100000,22
69,20,19.137000,31
69,21,24.877000,36
69,22,19.568000,30
69,23,12.916000,32
69,24,11.217000,32
69,25,22.869000,33
69,26,22.358000,33
69,27,25.079000,37
69,28,19.343000,35
69,29,14.096000,32
69,30,1.330000,10
69,31,18.605000,24
69,32,18.623000,23
69,33,16.791000,23
69,34,16.315000,23
69,35,15.136000,25
69,36,14.692000,29
69,37,22.033000,30
69,38,16.853000,25
69,39,17.352000,23
69,40,17.844000,24
69,41,12.919000,24
69,42,11.755000,24
69,43,19.163000,24
69,44,19.164000,24
69,45,18.908000,23
69,46,16.894000,23
69,47,13.443000,27
69,48,10.423000,26
69,49,19.200000,27
69,50,18.599000,26
69,51,20.087000,27
69,52,17.430000,26
69,53,13.581000,27
69,54,12.035000,27
69,55,18.604000,25
69,56,18.470000,24
69,57,19.486000,26
69,58,19.083000,25
69,59,12.553000,24
69,60,9.873000,24
69,61,17.889000,24
69,62,20.711000,27
69,63,19.471000,24
69,64,16.323000,25
69,65,12.502000,25
69,66,11.689000,23
69,67,17.882000,24
69,68,11.869000,17
69,69,13.852000,18
69,70,13.822000,17
69,71,12.890000,18
69,72,9.869000,18
69,73,13.229000,18
69,74,11.525000,17
69,75,14.557000,17
69,76,11.350000,17
69,77,12.147000,18
69,78,14.740000,21
69,79,7.924000,9
69,80,8.960000,9
69,81,19.137000,26
69,82,5.709000,9
69,83,10.682000,16
69,84,19.126000,23
69,85,19.693000,26
69,86,22.203000,35
69,87,22.472000,31
69,88,18.562000,31
69,89,14.152000,31
69,90,7.627000,30
69,91,25.303000,34
69,92,20.176000,30
69,93,24.403000,33
69,94,18.905000,33
69,95,4.804000,8
69,96,4.868000,8
70,1,11.408000,15
70,2,10.969000,16
70,3,13.722000,18
70,4,13.497000,18
70,5,12.365000,17
70,6,11.792000,14
70,7,9.848000,14
70,8,11.427000,14
70,9,11.392000,14
70,10,13.179000,17
70,11,13.734000,16
70,12,12.442000,15
70,13,15.689000,17
70,14,10.059000,13
70,15,12.746000,13
70,16,15.113000,21
70,17,13.734000,19
70,18,8.917000,12
70,19,18.197000,24
70,20,25.935000,39
70,21,29.126000,34
70,22,19.902000,37
70,23,8.909000,32
70,24,2.313000,35
70,25,20.893000,33
70,26,22.642000,33
70,27,23.366000,33
70,28,18.267000,33
70,29,13.642000,32
70,30,2.854000,11
70,31,18.197000,24
70,32,18.732000,23
70,33,18.558000,24
70,34,17.133000,24
70,35,13.289000,24
70,36,10.235000,23
70,37,18.202000,25
70,38,17.016000,25
70,39,17.545000,25
70,40,20.846000,25
70,41,14.057000,24
70,42,10.001000,24
70,43,18.210000,24
70,44,17.420000,24
70,45,17.106000,23
70,46,19.098000,23
70,47,11.883000,22
70,48,12.602000,26
70,49,17.782000,26
70,50,20.753000,27
70,51,19.931000,26
70,52,23.477000,28
70,53,13.339000,27
70,54,9.109000,28
70,55,19.964000,28
70,56,19.001000,27
70,57,22.816000,28
70,58,19.316000,26
70,59,12.413000,25
70,60,7.744000,24
70,61,19.516000,25
70,62,17.652000,24
70,63,19.496000,24
70,64,17.337000,24
70,65,11.933000,23
70,66,11.384000,26
70,67,16.252000,23
70,68,10.201000,17
70,69,13.605000,18
70,70,11.578000,17
70,71,15.308000,18
70,72,11.647000,18
70,73,12.652000,18
70,74,13.674000,17
70,75,13.487000,17
70,76,15.671000,20
70,77,14.111000,19
70,78,13.791000,21
70,79,9.263000,9
70,80,9.114000,9
70,81,20.324000,26
70,82,8.589000,10
70,83,13.794000,16
70,84,15.331000,23
70,85,19.510000,26
70,86,19.667000,33
70,87,25.516000,35
70,88,16.155000,31
70,89,13.865000,31
70,90,5.976000,32
70,91,22.985000,33
70,92,24.272000,32
70,93,21.681000,30
70,94,17.228000,30
70,95,4.936000,8
70,96,5.767000,8
71,1,12.694000,15
71,2,12.709000,18
71,3,14.815000,19
71,4,17.683000,22
71,5,12.702000,17
71,6,9.338000,14
71,7,10.693000,14
71,8,10.132000,14
71,9,8.765000,12
71,10,13.030000,17
71,11,12.864000,16
71,12,11.402000,14
71,13,12.441000,16
71,14,10.209000,13
71,15,10.879000,13
71,16,11.998000,18
71,17,10.604000,15
71,18,10.427000,12
71,19,9.301000,13
71,20,21.499000,35
71,21,23.394000,34
71,22,18.988000,30
71,23,15.658000,33
71,24,8.214000,35
71,25,20.041000,32
71,26,26.983000,36
71,27,22.042000,35
71,28,16.564000,32
71,29,11.756000,37
71,30,1.238000,12
71,31,9.834000,12
71,32,15.471000,23
71,33,17.380000,23
71,34,15.683000,22
71,35,14.824000,22
71,36,14.402000,25
71,37,17.485000,24
71,38,19.111000,25
71,39,18.350000,25
71,40,17.390000,25
71,41,13.066000,23
71,42,8.177000,24
71,43,16.361000,25
71,44,17.046000,24
71,45,16.123000,22
71,46,16.010000,22
71,47,16.807000,25
71,48,9.854000,26
71,49,17.499000,26
71,50,25.745000,33
71,51,22.495000,28
71,52,16.362000,26
71,53,12.475000,28
71,54,6.052000,27
71,55,18.674000,27
71,56,23.947000,27
71,57,22.033000,27
71,58,15.961000,24
71,59,10.495000,22
71,60,7.041000,23
71,61,18.192000,24
71,62,19.781000,24
71,63,17.655000,25
71,64,17.386000,27
71,65,13.978000,25
71,66,9.232000,24
71,67,16.793000,23
71,68,11.166000,17
71,69,11.817000,17
71,70,12.140000,17
71,71,12.522000,17
71,72,11.329000,18
71,73,11.807000,17
71,74,12.697000,17
71,75,12.389000,17
71,76,13.500000,18
71,77,13.375000,20
71,78,16.877000,25
71,79,16.823000,21
71,80,6.343000,9
71,81,16.114000,24
71,82,7.832000,9
71,83,13.459000,18
71,84,16.453000,24
71,85,18.666000,25
71,86,19.149000,31
71,87,21.058000,31
71,88,16.604000,29
71,89,13.261000,31
71,90,8.130000,30
71,91,18.205000,30
71,92,20.504000,33
71,93,19.638000,29
71,94,22.501000,33
71,95,4.961000,8
71,96,3.707000,8
72,1,11.348000,15
72,2,12.524000,19
72,3,18.348000,18
72,4,14.600000,17
72,5,15.887000,17
72,6,13.858000,14
72,7,10.830000,14
72,8,9.699000,14
72,9,9.945000,12
72,10,15.557000,17
72,11,17.106000,16
72,12,14.609000,15
72,13,12.744000,16
72,14,9.098000,13
72,15,12.029000,13
72,16,16.655000,18
72,17,15.679000,15
72,18,11.363000,12
72,19,18.391000,25
72,20,28.957000,35
72,21,29.621000,34
72,22,20.014000,32
72,23,16.756000,28
72,24,7.075000,32
72,25,20.891000,33
72,26,28.238000,36
72,27,34.837000,33
72,28,24.082000,35
72,29,13.975000,33
72,30,1.996000,12
72,31,8.675000,12
72,32,13.742000,23
72,33,23.015000,24
72,34,18.985000,23
72,35,26.215000,26
72,36,16.695000,26
72,37,19.130000,27
72,38,16.087000,22
72,39,21.729000,25
72,40,21.225000,25
72,41,19.439000,25
72,42,14.394000,24
72,43,19.066000,25
72,44,22.716000,24
72,45,22.515000,24
72,46,20.772000,22
72,47,15.415000,23
72,48,12.193000,26
72,49,19.494000,26
72,50,26.711000,29
72,51,22.871000,26
72,52,20.824000,26
72,53,15.869000,26
72,54,11.617000,27
72,55,18.370000,27
72,56,27.432000,28
72,57,29.301000,28
72,58,21.145000,25
72,59,15.752000,25
72,60,7.407000,23
72,61,18.368000,24
72,62,19.754000,25
72,63,25.547000,25
72,64,24.138000,25
72,65,17.904000,25
72,66,11.121000,24
72,67,16.773000,23
72,68,12.067000,19
72,69,15.325000,17
72,70,17.726000,17
72,71,15.361000,17
72,72,13.647000,18
72,73,13.220000,17
72,74,12.242000,17
72,75,13.172000,17
72,76,12.959000,17
72,77,16.703000,18
72,78,17.076000,20
72,79,18.358000,24
72,80,6.760000,9
72,81,20.130000,23
72,82,10.094000,10
72,83,17.091000,18
72,84,18.643000,24
72,85,19.083000,27
72,86,25.417000,34
72,87,23.963000,32
72,88,19.248000,31
72,89,14.453000,29
72,90,11.113000,32
72,91,19.920000,32
72,92,26.277000,31
72,93,28.893000,32
72,94,18.881000,30
72,95,5.111000,8
72,96,5.817000,8
73,1,15.128000,15
73,2,15.656000,18
73,3,17.722000,18
73,4,16.141000,17
73,5,14.944000,17
73,6,14.629000,14
73,7,15.004000,14
73,8,14.543000,14
73,9,15.012000,12
73,10,16.372000,17
73,11,14.462000,16
73,12,13.050000,14
73,13,15.710000,16
73,14,11.926000,13
73,15,13.924000,13
73,16,17.051000,18
73,17,14.244000,16
73,18,11.053000,12
73,19,15.015000,15
73,20,26.578000,32
73,21,33.563000,36
73,22,29.067000,35
73,23,16.333000,29
73,24,8.383000,31
73,25,27.469000,32
73,26,26.993000,32
73,27,27.378000,32
73,28,23.082000,32
73,29,16.337000,33
73,30,6.316000,12
73,31,14.377000,12
73,32,18.698000,23
73,33,34.332000,32
73,34,25.111000,24
73,35,15.573000,24
73,36,13.059000,23
73,37,22.020000,24
73,38,19.495000,23
73,39,22.908000,25
73,40,27.512000,27
73,41,20.787000,25
73,42,11.986000,24
73,43,24.754000,25
73,44,22.961000,24
73,45,20.305000,22
73,46,22.771000,24
73,47,20.204000,28
73,48,13.912000,26
73,49,24.792000,27
73,50,23.659000,26
73,51,20.992000,26
73,52,22.522000,26
73,53,23.659000,31
73,54,11.652000,27
73,55,24.751000,28
73,56,25.713000,27
73,57,26.326000,27
73,58,22.166000,27
73,59,16.275000,27
73,60,8.977000,23
73,61,23.851000,25
73,62,24.148000,24
73,63,21.927000,25
73,64,22.523000,25
73,65,18.795000,23
73,66,11.849000,24
73,67,25.476000,26
73,68,14.948000,18
73,69,16.323000,17
73,70,15.705000,16
73,71,18.320000,17
73,72,13.646000,17
73,73,15.011000,17
73,74,15.658000,17
73,75,15.106000,17
73,76,16.544000,17
73,77,20.034000,19
73,78,17.867000,20
73,79,18.705000,21
73,80,8.573000,9
73,81,23.407000,25
73,82,8.818000,9
73,83,19.607000,18
73,84,24.416000,25
73,85,22.787000,24
73,86,29.577000,36
73,87,25.979000,32
73,88,24.268000,32
73,89,15.565000,30
73,90,8.950000,32
73,91,24.779000,31
73,92,27.588000,31
73,93,27.293000,30
73,94,21.333000,30
73,95,5.766000,8
73,96,6.834000,8
74,1,13.556000,15
74,2,15.599000,18
74,3,14.311000,18
74,4,18.977000,20
74,5,14.934000,17
74,6,13.713000,14
74,7,16.213000,14
74,8,13.599000,14
74,9,14.162000,12
74,10,17.024000,17
74,11,17.450000,16
74,12,13.282000,15
74,13,15.422000,16
74,14,12.980000,13
74,15,12.060000,13
74,16,16.088000,18
74,17,12.853000,15
74,18,11.941000,12
74,19,15.445000,15
74,20,34.534000,40
74,21,29.748000,33
74,22,24.408000,35
74,23,16.966000,29
74,24,6.514000,32
74,25,25.142000,32
74,26,28.230000,34
74,27,28.414000,33
74,28,23.180000,35
74,29,18.338000,35
74,30,3.605000,12
74,31,14.683000,12
74,32,22.597000,23
74,33,21.634000,22
74,34,20.574000,23
74,35,17.261000,22
74,36,20.248000,28
74,37,21.691000,23
74,38,19.488000,22
74,39,21.962000,23
74,40,27.355000,26
74,41,16.514000,23
74,42,13.490000,24
74,43,24.263000,25
74,44,22.729000,24
74,45,25.027000,25
74,46,19.093000,22
74,47,16.713000,27
74,48,14.635000,26
74,49,25.095000,27
74,50,23.503000,26
74,51,23.557000,26
74,52,25.340000,26
74,53,16.551000,26
74,54,11.921000,27
74,55,25.793000,28
74,56,25.728000,27
74,57,25.646000,27
74,58,19.922000,26
74,59,16.100000,25
74,60,9.798000,23
74,61,25.081000,25
74,62,24.108000,25
74,63,27.910000,26
74,64,20.145000,25
74,65,17.070000,25
74,66,10.870000,24
74,67,22.410000,24
74,68,13.630000,17
74,69,14.369000,17
74,70,18.038000,18
74,71,14.622000,17
74,72,11.641000,17
74,73,17.639000,17
74,74,16.320000,17
74,75,19.030000,19
74,76,13.896000,17
74,77,15.299000,18
74,78,15.822000,20
74,79,9.758000,10
74,80,8.865000,9
74,81,21.885000,24
74,82,9.229000,9
74,83,17.729000,18
74,84,19.879000,24
74,85,22.405000,25
74,86,30.262000,35
74,87,30.712000,34
74,88,20.678000,31
74,89,17.686000,30
74,90,7.995000,32
74,91,25.142000,32
74,92,27.292000,30
74,93,25.727000,31
74,94,23.895000,33
74,95,7.340000,8
74,96,5.501000,8
