iteration,subproblem,solve_time_sec,ipopt_iters
1,1,91.352000,50
1,2,84.674000,45
1,3,62.871000,35
1,4,69.437000,34
1,5,70.662000,34
1,6,58.350000,35
1,7,60.896000,36
1,8,50.921000,40
1,9,36.633000,38
1,10,74.261000,37
1,11,68.547000,38
1,12,71.992000,37
1,13,78.633000,39
1,14,78.348000,37
1,15,64.046000,35
1,16,57.340000,35
1,17,47.799000,37
1,18,22.264000,37
1,19,74.261000,36
1,20,70.229000,37
1,21,71.725000,37
1,22,79.965000,39
1,23,79.576000,38
1,24,66.652000,40
1,25,54.394000,38
1,26,44.833000,37
1,27,25.867000,39
1,28,78.910000,39
1,29,80.472000,40
1,30,79.640000,40
1,31,81.379000,39
1,32,88.246000,47
1,33,67.344000,38
1,34,50.669000,39
1,35,38.121000,38
1,36,13.080000,40
1,37,81.225000,41
1,38,95.367000,50
1,39,77.776000,37
1,40,77.259000,38
1,41,74.580000,38
1,42,57.526000,34
1,43,43.701000,32
1,44,42.450000,33
1,45,25.776000,34
1,46,75.977000,37
1,47,74.712000,36
1,48,66.689000,34
1,49,69.465000,34
1,50,60.724000,31
1,51,61.130000,33
1,52,55.477000,32
1,53,41.858000,32
1,54,48.177000,38
1,55,75.977000,36
1,56,59.535000,31
1,57,50.331000,28
1,58,44.412000,23
1,59,45.552000,23
1,60,44.220000,23
1,61,63.631000,39
1,62,44.322000,23
1,63,46.814000,26
1,64,49.318000,24
1,65,45.719000,25
1,66,60.551000,29
1,67,63.856000,31
1,68,57.660000,26
1,69,53.309000,26
1,70,51.452000,26
1,71,43.658000,26
1,72,45.521000,26
1,73,49.318000,24
1,74,45.781000,26
1,75,48.560000,24
1,76,45.676000,24
1,77,42.417000,22
1,78,48.344000,22
1,79,42.883000,23
1,80,47.129000,21
1,81,35.123000,20
1,82,45.810000,21
1,83,37.557000,20
1,84,39.849000,20
1,85,48.107000,21
1,86,42.775000,20
1,87,43.997000,20
1,88,40.469000,20
1,89,41.725000,21
1,90,41.463000,21
1,91,75.981000,40
1,92,43.906000,20
1,93,38.401000,20
1,94,43.859000,22
1,95,58.343000,34
1,96,54.020000,28
1,97,58.894000,28
1,98,49.126000,26
1,99,47.838000,27
1,100,53.826000,27
1,101,48.761000,27
1,102,61.886000,31
1,103,95.130000,50
1,104,65.066000,32
1,105,59.784000,32
1,106,62.098000,35
1,107,54.548000,36
1,108,53.116000,41
1,109,68.177000,34
1,110,66.001000,37
1,111,71.436000,35
1,112,85.276000,41
1,113,68.946000,33
1,114,76.398000,38
1,115,59.902000,35
1,116,45.545000,35
1,117,31.676000,34
1,118,74.261000,36
1,119,74.712000,38
1,120,72.092000,36
1,121,60.606000,32
1,122,63.621000,33
1,123,57.813000,30
1,124,51.786000,30
1,125,44.785000,33
1,126,46.842000,34
1,127,60.261000,32
1,128,59.462000,32
1,129,62.133000,30
1,130,62.349000,31
1,131,60.001000,33
1,132,66.082000,33
1,133,59.492000,34
1,134,57.845000,34
1,135,45.985000,34
1,136,69.958000,34
1,137,56.126000,35
1,138,76.355000,38
1,139,78.934000,39
1,140,65.570000,34
1,141,61.454000,34
1,142,57.212000,35
1,143,48.403000,34
1,144,39.575000,33
2,1,61.751000,35
2,2,46.165000,33
2,3,63.060000,37
2,4,49.843000,32
2,5,43.087000,28
2,6,50.102000,34
2,7,54.612000,36
2,8,35.008000,32
2,9,29.465000,31
2,10,45.741000,28
2,11,52.493000,34
2,12,16.576000,7
2,13,61.487000,36
2,14,50.043000,34
2,15,13.030000,6
2,16,54.803000,32
2,17,50.789000,31
2,18,47.263000,33
2,19,57.548000,35
2,20,49.707000,33
2,21,47.614000,28
2,22,52.099000,31
2,23,17.713000,7
2,24,58.989000,35
2,25,13.507000,7
2,26,49.797000,32
2,27,42.794000,33
2,28,15.705000,6
2,29,52.915000,32
2,30,41.271000,27
2,31,54.397000,32
2,32,24.536000,14
2,33,47.423000,28
2,34,49.722000,35
2,35,41.664000,28
2,36,48.010000,36
2,37,65.580000,38
2,38,26.087000,8
2,39,52.216000,32
2,40,56.472000,35
2,41,52.185000,35
2,42,18.216000,7
2,43,13.017000,6
2,44,46.229000,32
2,45,50.459000,36
2,46,61.757000,38
2,47,58.134000,39
2,48,48.038000,33
2,49,46.639000,28
2,50,52.064000,34
2,51,16.284000,7
2,52,17.103000,7
2,53,17.170000,7
2,54,58.421000,38
2,55,61.766000,38
2,56,41.521000,28
2,57,56.856000,34
2,58,57.537000,37
2,59,58.903000,39
2,60,52.922000,37
2,61,14.389000,8
2,62,50.800000,37
2,63,27.530000,29
2,64,59.332000,37
2,65,59.194000,37
2,66,52.962000,36
2,67,62.261000,39
2,68,42.451000,28
2,69,44.315000,28
2,70,50.756000,34
2,71,25.556000,28
2,72,26.197000,29
2,73,14.173000,7
2,74,47.641000,28
2,75,61.121000,38
2,76,53.112000,35
2,77,65.103000,42
2,78,62.647000,39
2,79,50.523000,36
2,80,45.784000,38
2,81,32.590000,38
2,82,64.493000,40
2,83,57.673000,39
2,84,17.120000,7
2,85,18.817000,7
2,86,17.888000,8
2,87,18.941000,8
2,88,21.763000,8
2,89,12.967000,7
2,90,55.807000,34
2,91,21.503000,11
2,92,43.877000,30
2,93,53.749000,31
2,94,59.472000,37
2,95,21.870000,13
2,96,70.924000,40
2,97,53.862000,37
2,98,49.797000,35
2,99,40.274000,37
2,100,65.565000,37
2,101,57.672000,38
2,102,56.256000,35
2,103,37.426000,27
2,104,54.267000,35
2,105,52.825000,34
2,106,46.077000,32
2,107,34.960000,34
2,108,18.181000,37
2,109,61.751000,35
2,110,58.835000,37
2,111,51.046000,33
2,112,59.089000,37
2,113,57.194000,34
2,114,48.967000,34
2,115,46.691000,33
2,116,34.331000,33
2,117,14.489000,32
2,118,50.653000,34
2,119,15.429000,8
2,120,55.104000,34
2,121,58.090000,37
2,122,52.527000,37
2,123,47.273000,32
2,124,51.437000,33
2,125,46.171000,33
2,126,38.438000,36
2,127,52.053000,35
2,128,58.129000,38
2,129,55.024000,33
2,130,67.746000,40
2,131,52.342000,36
2,132,52.938000,36
2,133,46.073000,34
2,134,39.432000,37
2,135,16.570000,36
2,136,59.348000,36
2,137,47.913000,34
2,138,55.643000,34
2,139,57.553000,38
2,140,54.866000,33
2,141,54.004000,35
2,142,48.388000,34
2,143,10.811000,7
2,144,31.390000,31
3,1,31.954000,24
3,2,13.048000,11
3,3,17.606000,8
3,4,18.759000,8
3,5,18.026000,8
3,6,18.069000,8
3,7,18.832000,8
3,8,20.258000,8
3,9,15.721000,8
3,10,18.664000,8
3,11,18.038000,8
3,12,45.645000,32
3,13,17.047000,8
3,14,12.340000,8
3,15,52.085000,32
3,16,14.397000,8
3,17,10.521000,8
3,18,9.183000,8
3,19,18.685000,8
3,20,19.124000,8
3,21,19.880000,8
3,22,16.879000,8
3,23,40.330000,32
3,24,12.774000,8
3,25,50.751000,34
3,26,10.986000,8
3,27,9.106000,8
3,28,43.457000,33
3,29,14.866000,8
3,30,19.214000,8
3,31,16.936000,8
3,32,56.432000,33
3,33,13.476000,8
3,34,14.669000,8
3,35,10.739000,8
3,36,9.185000,8
3,37,19.944000,8
3,38,17.096000,8
3,39,12.409000,8
3,40,10.083000,8
3,41,16.380000,8
3,42,16.919000,7
3,43,48.940000,32
3,44,17.956000,8
3,45,14.270000,8
3,46,18.712000,8
3,47,18.038000,8
3,48,10.453000,8
3,49,13.895000,8
3,50,16.474000,8
3,51,48.327000,30
3,52,16.984000,7
3,53,47.102000,38
3,54,9.872000,8
3,55,18.637000,8
3,56,13.809000,8
3,57,6.078000,8
3,58,16.295000,8
3,59,17.945000,8
3,60,12.093000,8
3,61,13.398000,8
3,62,15.262000,8
3,63,14.215000,8
3,64,19.928000,8
3,65,17.080000,8
3,66,13.873000,8
3,67,11.743000,8
3,68,13.516000,8
3,69,15.795000,8
3,70,18.262000,8
3,71,18.390000,8
3,72,14.955000,8
3,73,46.406000,35
3,74,16.634000,8
3,75,10.525000,8
3,76,11.408000,8
3,77,15.170000,7
3,78,23.776000,12
3,79,18.420000,11
3,80,20.455000,12
3,81,18.592000,12
3,82,17.221000,9
3,83,15.655000,11
3,84,10.074000,8
3,85,19.030000,8
3,86,17.855000,8
3,87,17.087000,8
3,88,15.982000,8
3,89,14.973000,8
3,90,46.650000,29
3,91,42.439000,29
3,92,38.380000,28
3,93,45.844000,29
3,94,50.582000,31
3,95,16.588000,7
3,96,25.079000,31
3,97,12.959000,29
3,98,13.152000,29
3,99,12.802000,31
3,100,44.056000,31
3,101,42.270000,30
3,102,45.950000,31
3,103,44.412000,30
3,104,29.284000,27
3,105,15.006000,28
3,106,11.648000,28
3,107,11.213000,27
3,108,11.990000,31
3,109,42.449000,28
3,110,39.769000,28
3,111,42.607000,28
3,112,45.449000,29
3,113,34.013000,29
3,114,18.408000,30
3,115,11.580000,31
3,116,12.730000,29
3,117,11.843000,29
3,118,43.457000,29
3,119,19.883000,10
3,120,44.740000,28
3,121,47.249000,28
3,122,35.573000,28
3,123,22.673000,28
3,124,13.274000,30
3,125,11.098000,27
3,126,11.075000,26
3,127,42.387000,28
3,128,38.388000,26
3,129,34.977000,27
3,130,43.446000,28
3,131,15.594000,8
3,132,23.913000,22
3,133,8.842000,7
3,134,7.526000,7
3,135,4.935000,8
3,136,15.642000,8
3,137,15.647000,9
3,138,11.719000,11
3,139,17.572000,7
3,140,14.904000,7
3,141,8.858000,7
3,142,15.027000,8
3,143,15.939000,7
3,144,18.563000,8
4,1,41.148000,28
4,2,47.720000,28
4,3,18.067000,8
4,4,18.291000,8
4,5,16.621000,9
4,6,18.564000,13
4,7,10.370000,7
4,8,14.144000,7
4,9,8.713000,7
4,10,16.648000,8
4,11,13.183000,8
4,12,13.737000,8
4,13,19.563000,8
4,14,16.549000,8
4,15,17.193000,8
4,16,17.979000,8
4,17,17.548000,8
4,18,18.804000,8
4,19,19.074000,8
4,20,15.183000,8
4,21,14.712000,8
4,22,16.997000,8
4,23,15.721000,8
4,24,14.035000,8
4,25,15.633000,8
4,26,16.558000,8
4,27,18.016000,8
4,28,19.106000,8
4,29,14.462000,8
4,30,13.017000,8
4,31,17.419000,8
4,32,16.639000,8
4,33,15.412000,8
4,34,17.966000,8
4,35,13.737000,8
4,36,16.237000,8
4,37,20.347000,8
4,38,18.068000,8
4,39,16.079000,8
4,40,16.416000,8
4,41,14.299000,8
4,42,54.558000,32
4,43,16.041000,8
4,44,12.816000,8
4,45,14.525000,8
4,46,19.058000,8
4,47,16.517000,8
4,48,13.515000,8
4,49,14.965000,8
4,50,15.823000,8
4,51,14.791000,8
4,52,62.602000,38
4,53,13.755000,8
4,54,15.062000,8
4,55,21.832000,8
4,56,18.131000,8
4,57,18.668000,8
4,58,16.436000,8
4,59,15.812000,8
4,60,17.381000,8
4,61,17.613000,8
4,62,18.968000,8
4,63,15.519000,8
4,64,17.579000,8
4,65,13.863000,8
4,66,13.439000,8
4,67,15.257000,7
4,68,19.561000,11
4,69,22.218000,12
4,70,19.520000,11
4,71,19.555000,12
4,72,20.367000,12
4,73,22.865000,13
4,74,15.523000,7
4,75,13.542000,7
4,76,14.774000,7
4,77,14.641000,7
4,78,18.478000,7
4,79,46.481000,28
4,80,39.178000,30
4,81,21.771000,31
4,82,52.693000,34
4,83,55.856000,32
4,84,22.073000,13
4,85,19.800000,11
4,86,19.123000,9
4,87,12.385000,9
4,88,36.853000,41
4,89,19.072000,39
4,90,8.803000,27
4,91,42.425000,28
4,92,42.790000,27
4,93,47.529000,29
4,94,41.252000,27
4,95,18.570000,12
4,96,13.173000,11
4,97,10.247000,14
4,98,6.810000,12
4,99,8.396000,15
4,100,25.408000,14
4,101,21.625000,13
4,102,24.869000,13
4,103,23.808000,13
4,104,23.906000,13
4,105,25.433000,13
4,106,23.911000,13
4,107,19.713000,13
4,108,17.053000,13
4,109,25.392000,13
4,110,19.793000,13
4,111,26.357000,13
4,112,22.626000,13
4,113,26.908000,13
4,114,25.661000,13
4,115,24.118000,13
4,116,21.051000,14
4,117,12.998000,13
4,118,21.799000,12
4,119,62.958000,38
4,120,26.680000,14
4,121,25.254000,13
4,122,38.200000,26
4,123,29.572000,25
4,124,15.530000,25
4,125,12.240000,25
4,126,7.766000,26
4,127,39.316000,26
4,128,45.375000,27
4,129,48.185000,27
4,130,38.172000,27
4,131,29.665000,29
4,132,17.200000,29
4,133,13.358000,28
4,134,8.257000,28
4,135,3.729000,28
4,136,40.797000,28
4,137,46.627000,28
4,138,45.201000,27
4,139,42.040000,28
4,140,28.489000,27
4,141,6.975000,8
4,142,4.800000,7
4,143,4.868000,7
4,144,5.801000,8
5,1,34.081000,25
5,2,39.458000,27
5,3,48.797000,29
5,4,45.246000,29
5,5,36.281000,32
5,6,29.832000,28
5,7,22.000000,28
5,8,12.709000,26
5,9,5.941000,28
5,10,16.985000,8
5,11,17.771000,8
5,12,12.527000,8
5,13,11.946000,7
5,14,16.899000,7
5,15,16.058000,7
5,16,12.630000,9
5,17,17.608000,9
5,18,17.703000,9
5,19,19.339000,9
5,20,18.395000,9
5,21,18.440000,9
5,22,15.208000,9
5,23,22.115000,11
5,24,18.113000,11
5,25,14.702000,7
5,26,14.622000,7
5,27,11.929000,7
5,28,16.985000,7
5,29,16.702000,7
5,30,11.123000,7
5,31,13.505000,7
5,32,17.950000,7
5,33,15.380000,8
5,34,16.900000,8
5,35,13.750000,8
5,36,17.454000,8
5,37,16.973000,8
5,38,16.762000,8
5,39,19.866000,8
5,40,14.846000,8
5,41,16.383000,8
5,42,16.629000,7
5,43,12.688000,7
5,44,15.457000,7
5,45,14.320000,7
5,46,17.001000,7
5,47,16.720000,7
5,48,12.527000,7
5,49,23.138000,13
5,50,19.095000,11
5,51,20.391000,12
5,52,19.988000,11
5,53,18.173000,10
5,54,12.670000,9
5,55,15.950000,9
5,56,15.316000,9
5,57,13.163000,9
5,58,18.427000,11
5,59,19.733000,11
5,60,12.787000,7
5,61,14.207000,7
5,62,13.686000,8
5,63,14.257000,8
5,64,19.519000,8
5,65,17.661000,8
5,66,15.589000,7
5,67,52.352000,32
5,68,48.652000,30
5,69,12.878000,8
5,70,11.728000,8
5,71,36.625000,34
5,72,28.655000,30
5,73,43.359000,31
5,74,54.728000,33
5,75,46.934000,30
5,76,39.177000,31
5,77,26.338000,29
5,78,28.557000,29
5,79,18.783000,28
5,80,8.798000,28
5,81,4.596000,27
5,82,41.188000,27
5,83,21.334000,12
5,84,31.049000,15
5,85,26.361000,14
5,86,28.955000,15
5,87,20.692000,16
5,88,19.101000,14
5,89,26.313000,15
5,90,19.229000,20
5,91,37.482000,18
5,92,22.074000,14
5,93,34.272000,18
5,94,25.558000,14
5,95,48.168000,27
5,96,31.803000,22
5,97,25.579000,17
5,98,25.682000,21
5,99,10.190000,17
5,100,37.300000,19
5,101,34.187000,21
5,102,37.700000,22
5,103,35.645000,20
5,104,32.442000,20
5,105,26.957000,20
5,106,24.861000,19
5,107,20.267000,18
5,108,15.103000,19
5,109,33.566000,19
5,110,28.973000,19
5,111,34.395000,19
5,112,30.032000,19
5,113,29.903000,19
5,114,24.308000,20
5,115,24.467000,20
5,116,18.880000,16
5,117,24.660000,25
5,118,39.573000,20
5,119,29.023000,16
5,120,27.846000,15
5,121,25.377000,13
5,122,23.483000,13
5,123,19.017000,13
5,124,18.351000,13
5,125,17.896000,13
5,126,19.982000,17
5,127,23.478000,14
5,128,20.393000,13
5,129,24.213000,13
5,130,24.141000,13
5,131,26.292000,13
5,132,27.901000,15
5,133,17.492000,11
5,134,28.445000,26
5,135,24.080000,25
5,136,40.896000,26
5,137,46.717000,27
5,138,38.936000,26
5,139,38.172000,27
5,140,28.544000,27
5,141,28.754000,29
5,142,9.945000,8
5,143,23.079000,34
5,144,4.410000,8
6,1,21.562000,12
6,2,33.686000,19
6,3,44.976000,20
6,4,38.970000,18
6,5,25.532000,14
6,6,19.191000,11
6,7,21.539000,11
6,8,47.621000,25
6,9,27.096000,26
6,10,49.532000,27
6,11,45.738000,26
6,12,40.331000,26
6,13,47.760000,29
6,14,49.447000,27
6,15,38.078000,30
6,16,23.574000,28
6,17,17.385000,27
6,18,19.199000,27
6,19,48.045000,27
6,20,43.169000,29
6,21,42.772000,27
6,22,45.101000,27
6,23,41.073000,26
6,24,41.743000,28
6,25,27.904000,32
6,26,25.770000,27
6,27,18.723000,29
6,28,49.539000,30
6,29,49.514000,29
6,30,44.538000,29
6,31,43.723000,29
6,32,50.606000,29
6,33,36.705000,27
6,34,22.903000,27
6,35,19.664000,27
6,36,18.657000,30
6,37,44.923000,28
6,38,49.494000,29
6,39,42.866000,28
6,40,45.281000,27
6,41,50.965000,27
6,42,37.919000,30
6,43,24.421000,28
6,44,21.531000,30
6,45,15.866000,28
6,46,52.017000,29
6,47,45.656000,27
6,48,47.085000,29
6,49,48.180000,29
6,50,43.797000,28
6,51,40.331000,30
6,52,26.332000,30
6,53,20.651000,28
6,54,15.485000,27
6,55,43.885000,28
6,56,45.418000,28
6,57,46.049000,29
6,58,47.151000,27
6,59,48.089000,28
6,60,38.185000,28
6,61,25.679000,31
6,62,18.795000,28
6,63,14.877000,27
6,64,40.138000,26
6,65,20.371000,11
6,66,27.773000,13
6,67,21.326000,13
6,68,23.902000,12
6,69,19.449000,13
6,70,35.354000,17
6,71,38.502000,18
6,72,29.546000,15
6,73,43.901000,21
6,74,45.448000,23
6,75,41.249000,23
6,76,37.358000,22
6,77,36.501000,23
6,78,40.053000,23
6,79,34.796000,24
6,80,22.119000,23
6,81,18.019000,20
6,82,41.953000,21
6,83,52.233000,31
6,84,19.171000,11
6,85,21.012000,10
6,86,16.488000,9
6,87,19.291000,9
6,88,40.402000,27
6,89,49.174000,29
6,90,16.732000,13
6,91,33.915000,15
6,92,19.425000,12
6,93,24.958000,13
6,94,30.613000,16
6,95,19.015000,9
6,96,20.735000,13
6,97,21.739000,12
6,98,35.364000,22
6,99,36.120000,22
6,100,41.699000,22
6,101,41.144000,22
6,102,15.696000,8
6,103,17.503000,8
6,104,21.369000,8
6,105,17.255000,8
6,106,35.691000,21
6,107,36.994000,21
6,108,29.864000,21
6,109,40.138000,21
6,110,33.352000,21
6,111,37.948000,21
6,112,17.753000,8
6,113,17.655000,8
6,114,17.767000,8
6,115,37.905000,22
6,116,21.522000,10
6,117,32.995000,22
6,118,38.610000,22
6,119,20.424000,13
6,120,30.862000,14
6,121,27.460000,17
6,122,28.194000,15
6,123,28.623000,15
6,124,22.070000,11
6,125,32.923000,17
6,126,19.586000,13
6,127,26.359000,12
6,128,34.480000,19
6,129,43.573000,21
6,130,38.676000,21
6,131,43.796000,21
6,132,26.740000,16
6,133,42.915000,23
6,134,21.782000,16
6,135,19.450000,18
6,136,37.391000,19
6,137,35.964000,20
6,138,31.179000,15
6,139,36.110000,18
6,140,32.469000,18
6,141,26.418000,14
6,142,20.577000,11
6,143,16.182000,7
6,144,14.061000,8
7,1,31.524000,22
7,2,42.348000,26
7,3,23.444000,14
7,4,26.742000,16
7,5,31.362000,16
7,6,37.145000,20
7,7,27.162000,21
7,8,12.694000,18
7,9,4.462000,13
7,10,26.979000,14
7,11,26.296000,14
7,12,26.346000,14
7,13,28.905000,14
7,14,23.874000,14
7,15,26.488000,14
7,16,32.406000,16
7,17,23.017000,16
7,18,9.012000,13
7,19,25.575000,13
7,20,23.155000,13
7,21,26.823000,13
7,22,23.151000,13
7,23,23.710000,13
7,24,25.533000,15
7,25,29.780000,15
7,26,18.743000,12
7,27,12.286000,12
7,28,23.822000,12
7,29,19.561000,12
7,30,19.822000,12
7,31,25.579000,14
7,32,21.041000,11
7,33,17.762000,11
7,34,25.364000,12
7,35,22.268000,11
7,36,18.935000,11
7,37,22.188000,11
7,38,17.144000,11
7,39,21.823000,12
7,40,22.462000,12
7,41,19.902000,11
7,42,19.255000,11
7,43,31.783000,14
7,44,28.155000,12
7,45,20.360000,12
7,46,23.977000,12
7,47,20.835000,12
7,48,29.886000,15
7,49,22.098000,13
7,50,25.243000,13
7,51,30.386000,14
7,52,27.701000,14
7,53,25.339000,14
7,54,15.859000,14
7,55,32.226000,19
7,56,24.621000,14
7,57,30.510000,17
7,58,38.877000,20
7,59,31.914000,16
7,60,34.561000,16
7,61,24.615000,16
7,62,12.776000,21
7,63,6.911000,21
7,64,28.536000,15
7,65,40.516000,24
7,66,37.532000,21
7,67,34.304000,20
7,68,55.755000,31
7,69,34.453000,30
7,70,7.694000,20
7,71,3.003000,21
7,72,4.155000,33
7,73,33.271000,19
7,74,28.609000,15
7,75,29.161000,17
7,76,24.141000,14
7,77,28.189000,15
7,78,26.715000,15
7,79,26.581000,14
7,80,16.903000,12
7,81,11.122000,11
7,82,19.422000,11
7,83,15.144000,9
7,84,14.830000,7
7,85,13.792000,6
7,86,11.698000,6
7,87,41.045000,26
7,88,37.743000,21
7,89,39.112000,21
7,90,22.339000,21
7,91,15.317000,7
7,92,31.602000,20
7,93,16.811000,7
7,94,17.764000,7
7,95,16.075000,6
7,96,31.006000,19
7,97,17.980000,7
7,98,35.139000,19
7,99,23.426000,19
7,100,29.963000,19
7,101,31.039000,19
7,102,14.804000,7
7,103,16.945000,7
7,104,14.876000,7
7,105,14.333000,7
7,106,25.508000,14
7,107,29.861000,16
7,108,17.095000,14
7,109,25.591000,14
7,110,21.609000,14
7,111,25.720000,14
7,112,12.995000,7
7,113,11.670000,7
7,114,14.820000,7
7,115,22.167000,12
7,116,12.631000,7
7,117,21.286000,12
7,118,28.529000,18
7,119,43.477000,25
7,120,13.164000,7
7,121,17.010000,7
7,122,16.652000,7
7,123,17.116000,7
7,124,34.008000,22
7,125,15.997000,7
7,126,13.029000,7
7,127,20.743000,12
7,128,33.129000,21
7,129,39.396000,21
7,130,16.176000,8
7,131,16.233000,8
7,132,33.486000,22
7,133,36.593000,22
7,134,14.857000,11
7,135,18.989000,23
7,136,17.807000,9
7,137,20.135000,13
7,138,32.813000,18
7,139,24.252000,13
7,140,22.751000,13
7,141,28.328000,14
7,142,21.392000,11
7,143,13.667000,8
7,144,16.250000,8
8,1,25.530000,19
8,2,18.893000,12
8,3,14.579000,7
8,4,28.722000,21
8,5,36.315000,23
8,6,32.653000,23
8,7,30.905000,23
8,8,14.362000,11
8,9,10.550000,13
8,10,31.387000,16
8,11,29.224000,15
8,12,29.558000,16
8,13,31.146000,16
8,14,31.674000,17
8,15,18.481000,12
8,16,18.386000,14
8,17,11.836000,13
8,18,10.524000,17
8,19,31.364000,17
8,20,33.321000,18
8,21,28.170000,17
8,22,33.902000,18
8,23,34.685000,18
8,24,23.882000,14
8,25,14.133000,12
8,26,15.401000,20
8,27,9.772000,20
8,28,28.187000,14
8,29,27.501000,14
8,30,30.381000,18
8,31,23.216000,13
8,32,21.158000,13
8,33,35.834000,20
8,34,33.146000,19
8,35,16.500000,19
8,36,11.571000,19
8,37,32.535000,20
8,38,29.419000,15
8,39,24.474000,15
8,40,26.486000,15
8,41,23.391000,15
8,42,33.403000,20
8,43,21.717000,14
8,44,19.382000,15
8,45,12.346000,15
8,46,26.697000,14
8,47,37.718000,20
8,48,26.372000,15
8,49,36.211000,19
8,50,34.751000,18
8,51,32.233000,18
8,52,16.764000,18
8,53,9.408000,18
8,54,5.747000,18
8,55,25.175000,15
8,56,29.354000,18
8,57,26.609000,17
8,58,16.932000,11
8,59,28.603000,17
8,60,30.360000,18
8,61,25.825000,17
8,62,15.073000,12
8,63,10.066000,12
8,64,28.022000,17
8,65,20.079000,11
8,66,18.109000,12
8,67,19.065000,10
8,68,18.214000,11
8,69,17.447000,9
8,70,11.869000,9
8,71,37.653000,22
8,72,28.294000,22
8,73,18.716000,8
8,74,13.341000,9
8,75,19.329000,8
8,76,15.512000,8
8,77,15.828000,7
8,78,15.386000,7
8,79,31.112000,20
8,80,31.536000,20
8,81,15.014000,7
8,82,35.502000,22
8,83,15.148000,7
8,84,14.377000,6
8,85,14.210000,6
8,86,9.996000,6
8,87,31.137000,19
8,88,29.897000,18
8,89,29.289000,18
8,90,18.982000,18
8,91,17.889000,7
8,92,29.285000,18
8,93,16.294000,7
8,94,10.765000,7
8,95,11.064000,6
8,96,31.447000,19
8,97,14.521000,7
8,98,28.763000,18
8,99,25.704000,18
8,100,28.022000,18
8,101,34.503000,21
8,102,15.892000,7
8,103,11.633000,7
8,104,17.702000,7
8,105,15.833000,7
8,106,24.050000,14
8,107,25.449000,16
8,108,19.580000,14
8,109,23.727000,14
8,110,21.529000,14
8,111,23.669000,14
8,112,15.913000,7
8,113,13.151000,7
8,114,15.450000,7
8,115,21.016000,12
8,116,14.751000,7
8,117,26.296000,18
8,118,28.038000,18
8,119,28.506000,18
8,120,10.353000,7
8,121,14.596000,7
8,122,14.853000,7
8,123,18.394000,7
8,124,27.454000,18
8,125,15.985000,7
8,126,15.784000,7
8,127,18.827000,7
8,128,18.911000,12
8,129,24.756000,12
8,130,12.730000,7
8,131,12.625000,7
8,132,19.083000,12
8,133,19.333000,12
8,134,14.335000,7
8,135,24.241000,12
8,136,15.660000,7
8,137,34.156000,20
8,138,16.388000,7
8,139,15.924000,7
8,140,11.722000,7
8,141,21.694000,12
8,142,28.874000,20
8,143,19.996000,8
8,144,16.994000,8
9,1,23.654000,19
9,2,20.804000,12
9,3,13.617000,7
9,4,21.433000,12
9,5,20.927000,12
9,6,19.053000,12
9,7,31.384000,19
9,8,16.837000,7
9,9,27.309000,21
9,10,15.370000,7
9,11,12.348000,7
9,12,22.732000,11
9,13,30.858000,21
9,14,33.846000,21
9,15,19.468000,12
9,16,17.252000,8
9,17,18.715000,8
9,18,12.650000,8
9,19,33.561000,22
9,20,35.235000,22
9,21,34.311000,22
9,22,29.138000,22
9,23,34.485000,22
9,24,27.516000,22
9,25,7.177000,14
9,26,3.171000,13
9,27,1.456000,9
9,28,19.687000,11
9,29,19.479000,11
9,30,26.612000,13
9,31,15.029000,9
9,32,26.136000,15
9,33,17.349000,9
9,34,22.461000,12
9,35,24.498000,13
9,36,16.237000,11
9,37,17.830000,9
9,38,16.621000,11
9,39,28.188000,16
9,40,18.336000,11
9,41,23.463000,13
9,42,15.900000,9
9,43,16.732000,9
9,44,22.175000,13
9,45,20.812000,11
9,46,18.872000,11
9,47,16.581000,9
9,48,17.377000,9
9,49,14.259000,9
9,50,19.334000,9
9,51,35.986000,23
9,52,15.968000,9
9,53,32.636000,22
9,54,19.702000,22
9,55,36.167000,22
9,56,35.289000,22
9,57,14.948000,8
9,58,17.749000,9
9,59,13.437000,8
9,60,17.152000,8
9,61,33.769000,21
9,62,9.755000,8
9,63,6.436000,7
9,64,14.094000,7
9,65,12.090000,7
9,66,16.424000,7
9,67,19.624000,7
9,68,30.573000,19
9,69,16.353000,7
9,70,14.962000,7
9,71,31.600000,20
9,72,27.921000,19
9,73,17.504000,7
9,74,12.300000,7
9,75,14.173000,7
9,76,30.200000,19
9,77,14.981000,7
9,78,14.854000,7
9,79,27.696000,18
9,80,28.159000,20
9,81,13.935000,7
9,82,31.987000,20
9,83,12.125000,7
9,84,12.452000,6
9,85,11.575000,6
9,86,45.205000,31
9,87,31.583000,18
9,88,31.195000,19
9,89,14.246000,19
9,90,5.093000,22
9,91,16.323000,7
9,92,37.423000,21
9,93,15.517000,7
9,94,16.194000,7
9,95,12.977000,6
9,96,30.877000,18
9,97,15.857000,7
9,98,29.054000,18
9,99,15.379000,18
9,100,30.191000,22
9,101,31.466000,18
9,102,11.535000,7
9,103,13.489000,7
9,104,13.329000,7
9,105,12.757000,7
9,106,24.708000,14
9,107,28.214000,16
9,108,18.985000,14
9,109,22.000000,14
9,110,22.318000,14
9,111,23.456000,14
9,112,14.669000,7
9,113,12.407000,7
9,114,15.321000,7
9,115,20.726000,12
9,116,14.453000,7
9,117,20.659000,12
9,118,25.858000,18
9,119,29.859000,18
9,120,15.519000,7
9,121,15.886000,7
9,122,16.046000,7
9,123,15.285000,7
9,124,30.148000,18
9,125,17.963000,7
9,126,15.477000,7
9,127,17.504000,7
9,128,19.329000,12
9,129,24.062000,12
9,130,11.438000,7
9,131,15.043000,7
9,132,21.843000,12
9,133,24.732000,12
9,134,14.504000,7
9,135,20.606000,12
9,136,15.447000,7
9,137,20.837000,12
9,138,14.728000,7
9,139,15.805000,7
9,140,34.831000,20
9,141,37.080000,24
9,142,36.478000,23
9,143,9.174000,8
9,144,7.606000,8
10,1,28.461000,19
10,2,20.874000,12
10,3,12.764000,7
10,4,22.667000,12
10,5,16.312000,12
10,6,19.372000,12
10,7,23.417000,18
10,8,15.479000,7
10,9,23.178000,20
10,10,16.771000,7
10,11,12.293000,7
10,12,16.773000,7
10,13,25.533000,17
10,14,32.047000,17
10,15,30.168000,21
10,16,13.668000,7
10,17,16.480000,7
10,18,14.723000,7
10,19,34.954000,20
10,20,23.648000,17
10,21,30.970000,18
10,22,27.125000,18
10,23,29.221000,18
10,24,29.294000,18
10,25,12.276000,7
10,26,11.716000,20
10,27,3.112000,7
10,28,45.672000,25
10,29,30.672000,20
10,30,17.218000,7
10,31,11.395000,7
10,32,15.876000,7
10,33,17.167000,7
10,34,12.589000,7
10,35,11.612000,7
10,36,13.618000,7
10,37,15.063000,7
10,38,35.811000,22
10,39,15.819000,7
10,40,33.661000,20
10,41,31.533000,22
10,42,13.036000,7
10,43,16.782000,7
10,44,25.764000,21
10,45,9.399000,20
10,46,39.740000,24
10,47,14.302000,7
10,48,14.502000,7
10,49,18.619000,7
10,50,12.625000,7
10,51,25.802000,18
10,52,15.355000,7
10,53,35.200000,19
10,54,12.668000,19
10,55,34.921000,22
10,56,30.556000,18
10,57,12.821000,7
10,58,40.679000,27
10,59,11.891000,7
10,60,15.768000,7
10,61,35.917000,21
10,62,7.963000,7
10,63,4.917000,7
10,64,16.723000,7
10,65,14.233000,7
10,66,15.212000,7
10,67,14.578000,7
10,68,31.296000,18
10,69,10.936000,7
10,70,16.976000,7
10,71,33.162000,21
10,72,23.234000,18
10,73,19.784000,7
10,74,13.934000,7
10,75,14.861000,7
10,76,35.527000,20
10,77,14.049000,7
10,78,15.090000,7
10,79,27.175000,18
10,80,29.714000,18
10,81,12.630000,7
10,82,34.912000,22
10,83,14.738000,7
10,84,13.729000,6
10,85,12.382000,6
10,86,27.157000,19
10,87,32.978000,18
10,88,37.774000,24
10,89,13.508000,18
10,90,6.735000,18
10,91,18.763000,7
10,92,30.206000,18
10,93,15.804000,7
10,94,18.260000,7
10,95,10.322000,6
10,96,27.922000,19
10,97,14.584000,7
10,98,30.428000,19
10,99,18.865000,21
10,100,31.398000,21
10,101,29.492000,19
10,102,13.787000,7
10,103,17.717000,7
10,104,13.869000,7
10,105,14.885000,7
10,106,21.630000,14
10,107,27.561000,16
10,108,12.285000,14
10,109,22.336000,14
10,110,22.163000,14
10,111,21.955000,14
10,112,16.969000,7
10,113,14.017000,7
10,114,17.186000,7
10,115,17.395000,12
10,116,13.528000,7
10,117,20.535000,12
10,118,28.891000,18
10,119,33.499000,20
10,120,13.450000,7
10,121,16.240000,7
10,122,12.655000,7
10,123,12.772000,7
10,124,24.828000,17
10,125,11.249000,7
10,126,15.231000,7
10,127,19.792000,7
10,128,23.551000,12
10,129,20.436000,12
10,130,15.476000,7
10,131,15.423000,7
10,132,20.186000,12
10,133,20.390000,12
10,134,15.089000,7
10,135,18.266000,12
10,136,19.772000,7
10,137,24.805000,12
10,138,15.446000,7
10,139,14.993000,7
10,140,21.061000,12
10,141,20.170000,14
10,142,16.174000,9
10,143,8.531000,7
10,144,17.223000,8
11,1,33.820000,21
11,2,17.553000,14
11,3,15.201000,7
11,4,21.842000,12
11,5,14.037000,7
11,6,16.257000,7
11,7,14.951000,7
11,8,14.265000,7
11,9,12.957000,7
11,10,18.378000,7
11,11,14.854000,7
11,12,35.703000,21
11,13,15.378000,8
11,14,16.734000,7
11,15,17.899000,8
11,16,14.581000,7
11,17,14.252000,7
11,18,14.397000,7
11,19,17.947000,8
11,20,17.562000,8
11,21,27.576000,14
11,22,24.263000,14
11,23,26.721000,16
11,24,25.071000,16
11,25,29.798000,20
11,26,16.926000,16
11,27,10.869000,7
11,28,33.604000,20
11,29,29.961000,20
11,30,28.796000,19
11,31,17.586000,7
11,32,14.137000,7
11,33,16.356000,7
11,34,40.668000,26
11,35,26.208000,26
11,36,18.107000,24
11,37,19.175000,7
11,38,23.650000,20
11,39,18.157000,7
11,40,35.918000,23
11,41,37.482000,23
11,42,15.379000,7
11,43,15.231000,7
11,44,23.478000,19
11,45,23.752000,19
11,46,35.622000,23
11,47,14.223000,7
11,48,28.560000,19
11,49,15.355000,7
11,50,16.683000,7
11,51,35.599000,23
11,52,41.557000,32
11,53,24.559000,20
11,54,12.046000,19
11,55,33.671000,20
11,56,33.910000,22
11,57,52.116000,29
11,58,34.705000,21
11,59,33.889000,29
11,60,24.159000,26
11,61,12.270000,21
11,62,10.929000,26
11,63,4.046000,27
11,64,25.183000,16
11,65,44.232000,31
11,66,48.265000,32
11,67,37.235000,27
11,68,33.014000,22
11,69,12.664000,8
11,70,29.564000,33
11,71,8.777000,19
11,72,6.205000,19
11,73,37.237000,25
11,74,36.343000,21
11,75,48.115000,31
11,76,34.358000,19
11,77,40.281000,32
11,78,26.596000,30
11,79,11.905000,22
11,80,7.010000,19
11,81,2.430000,8
11,82,33.214000,19
11,83,15.911000,8
11,84,15.824000,6
11,85,12.036000,6
11,86,50.090000,27
11,87,29.107000,19
11,88,24.894000,20
11,89,25.543000,20
11,90,15.382000,20
11,91,36.880000,26
11,92,31.764000,18
11,93,37.192000,22
11,94,36.870000,21
11,95,12.850000,6
11,96,23.307000,20
11,97,24.980000,20
11,98,17.256000,21
11,99,8.992000,20
11,100,38.115000,25
11,101,33.175000,21
11,102,15.243000,7
11,103,19.465000,7
11,104,14.630000,7
11,105,12.275000,7
11,106,25.875000,18
11,107,20.832000,18
11,108,20.678000,19
11,109,33.231000,23
11,110,27.568000,19
11,111,38.838000,23
11,112,19.815000,7
11,113,15.392000,7
11,114,17.332000,7
11,115,34.052000,21
11,116,11.586000,7
11,117,17.076000,18
11,118,32.276000,19
11,119,29.510000,19
11,120,14.680000,7
11,121,37.379000,21
11,122,13.145000,7
11,123,18.881000,7
11,124,14.408000,7
11,125,10.632000,7
11,126,12.127000,7
11,127,16.767000,7
11,128,17.613000,7
11,129,17.628000,7
11,130,14.475000,7
11,131,16.434000,7
11,132,13.490000,7
11,133,16.458000,7
11,134,14.050000,7
11,135,13.739000,7
11,136,15.159000,7
11,137,11.751000,7
11,138,31.551000,21
11,139,14.277000,7
11,140,16.013000,7
11,141,32.832000,20
11,142,18.312000,11
11,143,11.246000,7
11,144,13.810000,8
12,1,30.339000,21
12,2,27.524000,14
12,3,13.963000,7
12,4,19.956000,12
12,5,15.410000,7
12,6,15.697000,7
12,7,18.919000,9
12,8,13.947000,7
12,9,14.444000,8
12,10,14.268000,7
12,11,14.327000,7
12,12,18.790000,7
12,13,14.989000,7
12,14,16.569000,8
12,15,15.645000,7
12,16,15.106000,7
12,17,15.899000,7
12,18,10.879000,7
12,19,16.893000,7
12,20,12.975000,8
12,21,25.798000,14
12,22,24.635000,14
12,23,27.482000,17
12,24,34.179000,20
12,25,22.760000,16
12,26,23.370000,16
12,27,9.424000,7
12,28,29.893000,20
12,29,33.551000,21
12,30,26.858000,20
12,31,16.208000,7
12,32,14.071000,7
12,33,17.084000,7
12,34,27.598000,20
12,35,25.160000,20
12,36,18.571000,19
12,37,16.921000,7
12,38,27.232000,20
12,39,13.679000,7
12,40,34.465000,21
12,41,34.864000,22
12,42,15.261000,7
12,43,15.377000,7
12,44,27.069000,19
12,45,26.732000,20
12,46,28.791000,18
12,47,14.329000,7
12,48,29.264000,18
12,49,13.650000,7
12,50,16.350000,7
12,51,32.213000,18
12,52,24.645000,18
12,53,23.270000,18
12,54,18.321000,18
12,55,27.400000,19
12,56,25.429000,21
12,57,32.080000,21
12,58,31.122000,21
12,59,32.728000,20
12,60,31.073000,21
12,61,24.020000,19
12,62,17.575000,22
12,63,7.631000,22
12,64,18.234000,8
12,65,27.959000,19
12,66,38.177000,22
12,67,32.048000,19
12,68,31.418000,19
12,69,18.362000,10
12,70,26.340000,19
12,71,18.253000,19
12,72,12.608000,19
12,73,33.133000,21
12,74,37.224000,21
12,75,29.576000,19
12,76,38.809000,22
12,77,32.208000,22
12,78,24.364000,19
12,79,19.588000,22
12,80,8.932000,19
12,81,3.299000,8
12,82,29.893000,19
12,83,37.252000,21
12,84,14.522000,6
12,85,12.345000,6
12,86,33.742000,18
12,87,27.179000,20
12,88,26.383000,21
12,89,20.625000,20
12,90,12.858000,20
12,91,29.893000,18
12,92,29.898000,19
12,93,27.804000,19
12,94,38.299000,20
12,95,15.213000,6
12,96,29.866000,20
12,97,27.713000,23
12,98,18.220000,21
12,99,11.430000,21
12,100,30.862000,20
12,101,34.666000,20
12,102,30.110000,22
12,103,14.517000,7
12,104,15.949000,7
12,105,27.882000,18
12,106,26.556000,18
12,107,21.304000,18
12,108,15.550000,24
12,109,26.476000,18
12,110,21.278000,18
12,111,29.158000,18
12,112,12.330000,7
12,113,34.443000,19
12,114,16.674000,7
12,115,23.900000,18
12,116,12.810000,7
12,117,23.315000,20
12,118,27.370000,19
12,119,25.413000,20
12,120,16.446000,7
12,121,13.131000,7
12,122,12.575000,7
12,123,32.841000,21
12,124,12.886000,7
12,125,13.080000,7
12,126,28.921000,21
12,127,15.375000,7
12,128,13.850000,7
12,129,17.811000,7
12,130,16.208000,7
12,131,14.557000,7
12,132,11.867000,7
12,133,16.090000,7
12,134,12.722000,7
12,135,17.841000,7
12,136,16.909000,7
12,137,13.130000,7
12,138,18.782000,7
12,139,36.432000,21
12,140,27.789000,15
12,141,26.276000,13
12,142,16.508000,9
12,143,11.810000,7
12,144,14.673000,8
13,1,30.825000,21
13,2,23.261000,14
13,3,13.713000,7
13,4,24.185000,12
13,5,11.942000,7
13,6,12.388000,7
13,7,13.170000,7
13,8,14.059000,7
13,9,14.067000,7
13,10,16.363000,7
13,11,14.169000,7
13,12,17.689000,7
13,13,17.009000,8
13,14,13.402000,7
13,15,16.870000,8
13,16,13.761000,7
13,17,31.543000,21
13,18,12.981000,7
13,19,18.353000,8
13,20,14.476000,8
13,21,25.451000,14
13,22,22.274000,14
13,23,33.099000,21
13,24,35.213000,24
13,25,24.275000,17
13,26,20.655000,19
13,27,9.462000,7
13,28,30.275000,20
13,29,30.748000,20
13,30,28.287000,20
13,31,12.129000,7
13,32,17.276000,7
13,33,13.564000,7
13,34,29.127000,20
13,35,23.657000,20
13,36,16.997000,20
13,37,19.709000,7
13,38,28.954000,21
13,39,16.782000,7
13,40,30.221000,20
13,41,32.746000,21
13,42,13.663000,7
13,43,14.145000,7
13,44,25.343000,20
13,45,21.633000,20
13,46,28.700000,18
13,47,15.823000,8
13,48,26.213000,18
13,49,34.787000,21
13,50,13.988000,7
13,51,28.519000,18
13,52,25.816000,18
13,53,20.555000,19
13,54,21.041000,20
13,55,35.957000,22
13,56,30.147000,21
13,57,35.136000,22
13,58,32.967000,21
13,59,25.968000,20
13,60,28.345000,22
13,61,23.051000,21
13,62,11.030000,19
13,63,6.174000,22
13,64,17.457000,8
13,65,31.304000,21
13,66,37.776000,24
13,67,39.559000,23
13,68,33.789000,22
13,69,26.102000,16
13,70,24.747000,22
13,71,20.151000,24
13,72,7.625000,19
13,73,30.486000,19
13,74,30.029000,19
13,75,28.802000,19
13,76,32.661000,19
13,77,29.305000,19
13,78,31.113000,22
13,79,21.200000,19
13,80,13.421000,19
13,81,5.646000,19
13,82,30.283000,19
13,83,31.305000,21
13,84,11.039000,6
13,85,12.023000,6
13,86,34.101000,22
13,87,30.916000,21
13,88,26.810000,21
13,89,20.954000,20
13,90,18.108000,21
13,91,30.283000,20
13,92,36.803000,23
13,93,27.976000,18
13,94,37.135000,23
13,95,11.297000,6
13,96,30.253000,20
13,97,21.582000,20
13,98,20.478000,20
13,99,10.304000,22
13,100,30.506000,20
13,101,33.739000,20
13,102,35.166000,23
13,103,16.367000,7
13,104,11.957000,7
13,105,30.884000,20
13,106,22.578000,18
13,107,19.926000,18
13,108,18.140000,20
13,109,32.908000,22
13,110,26.457000,18
13,111,30.209000,20
13,112,31.228000,20
13,113,28.042000,18
13,114,13.171000,7
13,115,26.017000,21
13,116,11.836000,7
13,117,13.709000,17
13,118,27.486000,17
13,119,37.053000,25
13,120,9.788000,7
13,121,14.226000,7
13,122,13.063000,7
13,123,13.879000,7
13,124,13.919000,7
13,125,17.978000,7
13,126,12.933000,7
13,127,14.337000,7
13,128,13.376000,7
13,129,12.137000,7
13,130,12.812000,7
13,131,13.723000,7
13,132,13.401000,7
13,133,15.185000,7
13,134,14.960000,7
13,135,14.766000,7
13,136,17.231000,7
13,137,14.460000,7
13,138,14.690000,7
13,139,13.367000,7
13,140,18.896000,10
13,141,38.092000,22
13,142,18.627000,9
13,143,18.693000,13
13,144,12.525000,8
14,1,32.281000,21
14,2,14.326000,8
14,3,14.847000,7
14,4,25.679000,12
14,5,13.711000,7
14,6,14.364000,7
14,7,16.413000,9
14,8,14.695000,7
14,9,13.317000,8
14,10,15.265000,7
14,11,17.161000,7
14,12,20.579000,8
14,13,14.091000,7
14,14,17.558000,8
14,15,13.614000,8
14,16,15.749000,7
14,17,15.207000,8
14,18,14.072000,7
14,19,18.590000,7
14,20,14.723000,8
14,21,27.915000,14
14,22,25.711000,14
14,23,26.531000,17
14,24,26.917000,17
14,25,23.147000,17
14,26,19.352000,17
14,27,13.322000,7
14,28,32.143000,24
14,29,31.413000,20
14,30,36.115000,20
14,31,18.834000,7
14,32,14.612000,7
14,33,17.291000,7
14,34,31.470000,20
14,35,23.316000,20
14,36,17.360000,20
14,37,13.057000,7
14,38,28.601000,22
14,39,17.165000,7
14,40,33.466000,20
14,41,32.722000,20
14,42,14.794000,7
14,43,14.378000,7
14,44,26.314000,20
14,45,22.813000,20
14,46,30.872000,20
14,47,12.014000,8
14,48,26.860000,18
14,49,31.991000,18
14,50,17.264000,7
14,51,27.819000,18
14,52,32.425000,22
14,53,22.818000,21
14,54,18.687000,21
14,55,32.284000,21
14,56,32.630000,20
14,57,33.122000,20
14,58,32.052000,19
14,59,32.325000,22
14,60,32.319000,23
14,61,24.735000,22
14,62,14.740000,22
14,63,4.266000,22
14,64,16.434000,8
14,65,36.317000,24
14,66,28.909000,19
14,67,34.172000,22
14,68,33.151000,22
14,69,29.096000,18
14,70,24.737000,19
14,71,21.409000,22
14,72,13.456000,19
14,73,30.849000,19
14,74,34.226000,22
14,75,35.163000,22
14,76,29.518000,19
14,77,31.961000,22
14,78,29.192000,22
14,79,26.817000,24
14,80,14.395000,19
14,81,5.684000,19
14,82,36.606000,20
14,83,32.949000,19
14,84,12.690000,6
14,85,13.860000,6
14,86,30.986000,18
14,87,29.960000,21
14,88,26.382000,21
14,89,23.169000,21
14,90,14.791000,20
14,91,37.518000,22
14,92,31.952000,23
14,93,35.655000,22
14,94,29.740000,20
14,95,12.147000,6
14,96,26.867000,19
14,97,30.641000,24
14,98,19.629000,20
14,99,12.826000,22
14,100,29.923000,20
14,101,24.181000,19
14,102,30.490000,20
14,103,14.776000,7
14,104,15.966000,7
14,105,29.481000,18
14,106,25.760000,18
14,107,19.266000,18
14,108,27.292000,24
14,109,32.127000,21
14,110,29.475000,19
14,111,28.754000,18
14,112,35.207000,21
14,113,34.166000,21
14,114,12.419000,7
14,115,27.200000,24
14,116,10.347000,8
14,117,16.840000,20
14,118,33.539000,20
14,119,43.412000,24
14,120,15.690000,7
14,121,13.571000,7
14,122,13.431000,7
14,123,14.389000,7
14,124,16.494000,7
14,125,13.260000,7
14,126,12.613000,7
14,127,17.571000,7
14,128,14.811000,7
14,129,17.834000,7
14,130,12.380000,7
14,131,16.371000,7
14,132,17.143000,7
14,133,16.079000,7
14,134,13.227000,7
14,135,13.108000,7
14,136,17.475000,7
14,137,15.971000,7
14,138,20.562000,7
14,139,17.435000,10
14,140,38.032000,21
14,141,19.205000,9
14,142,31.331000,22
14,143,14.213000,7
14,144,13.765000,8
15,1,14.753000,10
15,2,12.969000,8
15,3,11.454000,7
15,4,23.372000,12
15,5,13.557000,7
15,6,13.140000,7
15,7,12.791000,7
15,8,14.840000,7
15,9,14.323000,7
15,10,15.877000,7
15,11,16.549000,7
15,12,14.166000,7
15,13,15.727000,8
15,14,16.550000,7
15,15,14.748000,8
15,16,37.082000,21
15,17,15.616000,7
15,18,13.712000,7
15,19,17.198000,8
15,20,16.344000,8
15,21,24.402000,14
15,22,25.498000,14
15,23,36.172000,22
15,24,26.001000,18
15,25,23.575000,19
15,26,16.822000,17
15,27,10.172000,7
15,28,33.592000,22
15,29,32.296000,21
15,30,34.053000,20
15,31,13.793000,7
15,32,13.302000,7
15,33,14.506000,7
15,34,23.471000,21
15,35,20.151000,20
15,36,17.709000,20
15,37,17.179000,7
15,38,33.901000,23
15,39,14.371000,7
15,40,29.171000,20
15,41,34.433000,21
15,42,10.058000,7
15,43,14.184000,7
15,44,21.922000,20
15,45,21.847000,20
15,46,38.216000,23
15,47,38.577000,21
15,48,25.800000,18
15,49,32.982000,21
15,50,15.598000,7
15,51,25.437000,19
15,52,26.110000,23
15,53,14.732000,20
15,54,9.136000,22
15,55,32.428000,21
15,56,31.863000,22
15,57,29.720000,19
15,58,32.869000,21
15,59,29.307000,20
15,60,31.925000,22
15,61,19.786000,19
15,62,19.904000,24
15,63,10.015000,22
15,64,19.347000,8
15,65,32.338000,22
15,66,37.409000,22
15,67,37.428000,24
15,68,28.569000,22
15,69,29.076000,21
15,70,22.356000,19
15,71,16.200000,23
15,72,9.087000,22
15,73,34.813000,22
15,74,28.332000,19
15,75,34.155000,21
15,76,37.644000,21
15,77,25.482000,19
15,78,28.115000,22
15,79,25.053000,22
15,80,14.635000,19
15,81,9.298000,21
15,82,32.423000,19
15,83,29.085000,19
15,84,28.339000,18
15,85,12.852000,6
15,86,34.978000,18
15,87,26.379000,19
15,88,25.571000,19
15,89,20.761000,22
15,90,14.171000,21
15,91,30.636000,19
15,92,24.663000,18
15,93,25.932000,18
15,94,27.379000,18
15,95,12.423000,6
15,96,24.592000,17
15,97,25.480000,20
15,98,22.395000,19
15,99,21.764000,20
15,100,38.173000,20
15,101,29.394000,19
15,102,30.464000,19
15,103,15.148000,7
15,104,14.828000,7
15,105,36.691000,25
15,106,25.034000,18
15,107,19.885000,18
15,108,14.749000,20
15,109,29.678000,18
15,110,24.690000,18
15,111,28.567000,18
15,112,27.532000,19
15,113,28.992000,19
15,114,15.607000,7
15,115,30.246000,23
15,116,20.802000,21
15,117,14.092000,18
15,118,32.392000,20
15,119,27.653000,20
15,120,13.039000,7
15,121,13.862000,7
15,122,12.611000,7
15,123,15.704000,7
15,124,13.866000,7
15,125,12.385000,7
15,126,14.097000,7
15,127,17.134000,7
15,128,16.528000,7
15,129,15.322000,7
15,130,11.695000,7
15,131,13.953000,7
15,132,13.472000,7
15,133,12.261000,7
15,134,14.061000,7
15,135,13.029000,7
15,136,19.347000,7
15,137,14.808000,7
15,138,17.516000,7
15,139,24.701000,16
15,140,21.592000,14
15,141,16.855000,9
15,142,34.906000,26
15,143,10.291000,7
15,144,13.495000,8
16,1,18.058000,9
16,2,27.382000,16
16,3,17.341000,8
16,4,16.473000,8
16,5,12.676000,8
16,6,18.859000,8
16,7,17.504000,8
16,8,41.672000,29
16,9,14.812000,8
16,10,16.329000,8
16,11,15.470000,8
16,12,14.337000,8
16,13,17.276000,8
16,14,16.378000,8
16,15,12.565000,8
16,16,19.751000,8
16,17,19.387000,8
16,18,14.491000,7
16,19,16.500000,8
16,20,18.174000,8
16,21,14.840000,8
16,22,12.486000,8
16,23,19.284000,8
16,24,18.584000,8
16,25,15.554000,8
16,26,17.143000,8
16,27,18.448000,8
16,28,19.967000,8
16,29,17.909000,8
16,30,16.340000,8
16,31,14.122000,7
16,32,16.732000,8
16,33,44.454000,28
16,34,29.067000,19
16,35,37.590000,25
16,36,22.901000,21
16,37,43.885000,28
16,38,47.203000,25
16,39,15.592000,8
16,40,39.381000,25
16,41,38.173000,24
16,42,15.376000,8
16,43,28.420000,32
16,44,5.750000,9
16,45,2.476000,9
16,46,20.205000,9
16,47,17.893000,9
16,48,17.809000,9
16,49,15.242000,9
16,50,19.521000,14
16,51,26.630000,15
16,52,29.806000,17
16,53,25.378000,15
16,54,17.404000,14
16,55,23.014000,11
16,56,19.310000,11
16,57,44.818000,23
16,58,29.436000,20
16,59,31.502000,20
16,60,24.378000,15
16,61,20.672000,17
16,62,17.128000,18
16,63,18.571000,21
16,64,37.165000,22
16,65,25.379000,16
16,66,25.083000,16
16,67,24.679000,18
16,68,31.677000,18
16,69,33.118000,21
16,70,23.446000,19
16,71,17.850000,19
16,72,12.793000,18
16,73,34.691000,20
16,74,27.934000,19
16,75,29.818000,18
16,76,35.739000,20
16,77,32.298000,19
16,78,27.565000,19
16,79,18.857000,18
16,80,14.755000,18
16,81,10.159000,20
16,82,33.001000,19
16,83,29.262000,20
16,84,27.790000,18
16,85,43.574000,30
16,86,29.097000,18
16,87,24.107000,16
16,88,19.173000,18
16,89,17.275000,19
16,90,10.538000,17
16,91,36.055000,22
16,92,34.186000,23
16,93,30.673000,18
16,94,30.013000,15
16,95,13.580000,6
16,96,31.381000,19
16,97,23.481000,18
16,98,20.578000,15
16,99,13.716000,16
16,100,30.094000,17
16,101,28.031000,17
16,102,28.699000,17
16,103,43.539000,32
16,104,35.235000,21
16,105,32.563000,20
16,106,18.771000,17
16,107,13.878000,17
16,108,8.721000,24
16,109,29.019000,17
16,110,26.832000,18
16,111,29.720000,17
16,112,27.015000,16
16,113,33.050000,19
16,114,34.365000,20
16,115,14.078000,8
16,116,9.509000,8
16,117,8.912000,8
16,118,17.733000,8
16,119,19.389000,9
16,120,13.500000,7
16,121,12.932000,8
16,122,26.869000,13
16,123,16.501000,8
16,124,28.676000,16
16,125,18.692000,7
16,126,15.089000,8
16,127,40.953000,28
16,128,16.235000,8
16,129,15.480000,8
16,130,15.231000,8
16,131,16.206000,8
16,132,18.569000,8
16,133,17.652000,8
16,134,32.816000,23
16,135,16.238000,12
16,136,33.017000,23
16,137,14.551000,8
16,138,37.579000,23
16,139,45.483000,27
16,140,26.584000,15
16,141,15.260000,9
16,142,11.892000,8
16,143,9.861000,7
16,144,12.407000,8
17,1,16.535000,11
17,2,15.930000,10
17,3,14.381000,8
17,4,11.865000,8
17,5,19.189000,8
17,6,17.601000,8
17,7,15.832000,8
17,8,18.196000,8
17,9,16.736000,8
17,10,14.597000,8
17,11,12.114000,8
17,12,13.660000,8
17,13,17.018000,8
17,14,16.751000,8
17,15,16.512000,8
17,16,20.203000,8
17,17,19.966000,8
17,18,14.217000,7
17,19,18.157000,8
17,20,16.425000,8
17,21,17.922000,8
17,22,16.769000,8
17,23,17.901000,8
17,24,16.770000,8
17,25,12.033000,8
17,26,17.105000,8
17,27,15.192000,8
17,28,17.885000,8
17,29,15.134000,8
17,30,18.110000,8
17,31,12.146000,7
17,32,14.726000,8
17,33,32.789000,18
17,34,30.378000,20
17,35,33.624000,25
17,36,19.312000,18
17,37,35.503000,23
17,38,35.959000,22
17,39,15.775000,8
17,40,38.441000,22
17,41,28.177000,18
17,42,37.618000,30
17,43,25.537000,22
17,44,6.928000,9
17,45,5.552000,9
17,46,17.917000,9
17,47,16.471000,9
17,48,17.858000,9
17,49,18.152000,9
17,50,33.409000,18
17,51,27.123000,17
17,52,32.285000,20
17,53,17.981000,16
17,54,20.478000,18
17,55,22.793000,11
17,56,17.491000,11
17,57,38.578000,22
17,58,33.038000,20
17,59,30.577000,19
17,60,36.612000,23
17,61,21.416000,17
17,62,19.417000,19
17,63,9.798000,17
17,64,30.990000,19
17,65,28.007000,18
17,66,31.524000,16
17,67,26.917000,16
17,68,25.834000,16
17,69,25.887000,21
17,70,23.581000,20
17,71,18.107000,20
17,72,11.323000,18
17,73,30.702000,19
17,74,26.733000,18
17,75,23.638000,18
17,76,29.655000,18
17,77,25.962000,18
17,78,34.354000,21
17,79,19.733000,20
17,80,21.465000,20
17,81,11.624000,20
17,82,28.419000,18
17,83,30.226000,20
17,84,30.646000,21
17,85,28.460000,17
17,86,27.909000,17
17,87,23.809000,19
17,88,20.631000,19
17,89,17.095000,16
17,90,14.640000,22
17,91,39.234000,23
17,92,37.506000,23
17,93,25.943000,16
17,94,24.928000,15
17,95,13.088000,6
17,96,23.400000,15
17,97,19.146000,16
17,98,15.748000,17
17,99,14.660000,17
17,100,33.495000,16
17,101,25.563000,17
17,102,28.478000,17
17,103,31.571000,18
17,104,27.909000,17
17,105,22.922000,17
17,106,22.481000,21
17,107,17.356000,17
17,108,12.793000,27
17,109,33.175000,23
17,110,27.393000,17
17,111,28.669000,17
17,112,32.537000,19
17,113,29.695000,17
17,114,14.906000,8
17,115,17.307000,8
17,116,11.029000,8
17,117,10.361000,8
17,118,17.391000,8
17,119,15.297000,8
17,120,13.380000,7
17,121,14.060000,8
17,122,36.368000,23
17,123,15.542000,8
17,124,18.533000,12
17,125,13.160000,7
17,126,16.404000,8
17,127,20.473000,9
17,128,13.788000,8
17,129,21.787000,8
17,130,18.103000,8
17,131,14.270000,8
17,132,16.899000,8
17,133,25.072000,14
17,134,26.325000,17
17,135,20.358000,15
17,136,29.329000,17
17,137,13.630000,8
17,138,52.348000,33
17,139,30.025000,16
17,140,19.752000,10
17,141,15.317000,9
17,142,12.448000,8
17,143,15.246000,9
17,144,17.482000,15
18,1,22.498000,15
18,2,18.057000,11
18,3,15.346000,8
18,4,14.047000,8
18,5,14.297000,8
18,6,17.134000,8
18,7,14.428000,8
18,8,18.189000,8
18,9,11.789000,8
18,10,17.082000,8
18,11,14.942000,8
18,12,13.761000,8
18,13,14.588000,8
18,14,17.431000,8
18,15,13.675000,8
18,16,15.315000,8
18,17,18.573000,8
18,18,14.068000,7
18,19,15.268000,8
18,20,11.071000,8
18,21,14.794000,8
18,22,15.246000,8
18,23,14.023000,8
18,24,15.433000,8
18,25,15.387000,8
18,26,15.297000,8
18,27,14.170000,8
18,28,18.141000,8
18,29,14.193000,8
18,30,17.110000,8
18,31,12.454000,7
18,32,15.816000,8
18,33,31.158000,18
18,34,36.023000,22
18,35,28.795000,24
18,36,24.475000,23
18,37,28.133000,19
18,38,30.141000,20
18,39,28.437000,21
18,40,29.434000,18
18,41,30.906000,19
18,42,24.515000,19
18,43,23.773000,22
18,44,18.735000,21
18,45,5.747000,9
18,46,19.944000,9
18,47,18.330000,9
18,48,21.413000,9
18,49,20.114000,9
18,50,19.559000,9
18,51,31.687000,20
18,52,24.890000,18
18,53,24.164000,20
18,54,22.303000,19
18,55,22.002000,11
18,56,16.475000,11
18,57,35.526000,22
18,58,27.690000,17
18,59,28.321000,17
18,60,25.033000,20
18,61,23.913000,21
18,62,19.613000,19
18,63,15.941000,18
18,64,36.183000,24
18,65,24.053000,16
18,66,24.738000,16
18,67,24.293000,16
18,68,25.686000,16
18,69,24.419000,20
18,70,20.587000,18
18,71,19.336000,18
18,72,14.147000,18
18,73,28.382000,19
18,74,28.578000,20
18,75,26.215000,19
18,76,32.065000,20
18,77,30.827000,19
18,78,26.304000,20
18,79,23.018000,20
18,80,17.277000,21
18,81,5.749000,20
18,82,29.874000,20
18,83,29.176000,20
18,84,32.459000,21
18,85,27.110000,16
18,86,25.217000,17
18,87,21.634000,16
18,88,16.504000,16
18,89,22.845000,20
18,90,11.103000,17
18,91,32.747000,21
18,92,30.477000,20
18,93,31.083000,18
18,94,39.950000,23
18,95,14.068000,6
18,96,20.816000,19
18,97,19.828000,17
18,98,17.393000,16
18,99,9.970000,16
18,100,31.094000,17
18,101,24.040000,17
18,102,26.961000,17
18,103,33.516000,22
18,104,25.411000,17
18,105,23.119000,17
18,106,19.399000,17
18,107,24.904000,20
18,108,11.913000,18
18,109,36.183000,23
18,110,26.547000,17
18,111,28.551000,17
18,112,32.898000,19
18,113,25.812000,17
18,114,12.312000,8
18,115,13.416000,8
18,116,12.658000,8
18,117,11.658000,8
18,118,18.137000,8
18,119,15.303000,8
18,120,14.299000,7
18,121,13.809000,8
18,122,23.348000,15
18,123,19.345000,8
18,124,17.998000,9
18,125,15.233000,7
18,126,13.358000,8
18,127,17.006000,8
18,128,16.241000,8
18,129,16.531000,8
18,130,14.268000,8
18,131,15.594000,8
18,132,14.413000,8
18,133,15.165000,8
18,134,24.351000,15
18,135,13.999000,8
18,136,17.866000,8
18,137,36.549000,23
18,138,29.885000,16
18,139,19.525000,10
18,140,20.731000,11
18,141,41.268000,29
18,142,28.394000,29
18,143,13.661000,9
18,144,8.945000,12
19,1,21.087000,14
19,2,19.236000,11
19,3,16.155000,8
19,4,17.021000,8
19,5,14.492000,8
19,6,12.648000,8
19,7,14.884000,8
19,8,16.336000,8
19,9,18.080000,8
19,10,20.852000,9
19,11,14.938000,8
19,12,17.496000,8
19,13,13.839000,8
19,14,15.838000,8
19,15,14.700000,8
19,16,18.439000,8
19,17,18.278000,8
19,18,14.363000,7
19,19,17.656000,8
19,20,13.728000,8
19,21,16.414000,8
19,22,12.135000,8
19,23,18.726000,8
19,24,16.360000,8
19,25,17.692000,8
19,26,16.125000,8
19,27,16.454000,8
19,28,18.430000,8
19,29,14.383000,8
19,30,17.266000,8
19,31,15.140000,7
19,32,16.325000,8
19,33,34.754000,20
19,34,34.554000,19
19,35,25.413000,19
19,36,18.994000,18
19,37,38.741000,26
19,38,34.443000,20
19,39,27.060000,16
19,40,27.405000,19
19,41,37.233000,22
19,42,28.160000,22
19,43,19.428000,20
19,44,16.592000,21
19,45,2.725000,9
19,46,20.709000,9
19,47,16.335000,9
19,48,17.369000,9
19,49,16.120000,9
19,50,17.935000,9
19,51,26.840000,17
19,52,30.425000,18
19,53,24.783000,18
19,54,14.851000,11
19,55,30.163000,18
19,56,29.815000,19
19,57,39.216000,22
19,58,34.762000,19
19,59,31.351000,19
19,60,23.330000,20
19,61,17.021000,18
19,62,13.515000,18
19,63,10.117000,16
19,64,28.646000,21
19,65,24.262000,16
19,66,23.474000,16
19,67,27.288000,16
19,68,30.779000,16
19,69,32.744000,21
19,70,22.291000,20
19,71,21.189000,20
19,72,15.793000,18
19,73,30.195000,20
19,74,26.114000,19
19,75,28.208000,19
19,76,27.621000,18
19,77,31.533000,18
19,78,30.730000,20
19,79,20.433000,19
19,80,19.715000,19
19,81,14.423000,20
19,82,28.629000,20
19,83,29.603000,20
19,84,35.066000,21
19,85,27.363000,15
19,86,31.654000,18
19,87,25.391000,19
19,88,18.397000,17
19,89,16.084000,18
19,90,11.526000,24
19,91,30.195000,19
19,92,28.635000,19
19,93,39.216000,23
19,94,37.680000,20
19,95,13.495000,6
19,96,20.217000,15
19,97,20.504000,15
19,98,18.804000,17
19,99,17.289000,16
19,100,26.920000,17
19,101,30.776000,20
19,102,26.835000,17
19,103,29.919000,17
19,104,23.944000,17
19,105,26.970000,17
19,106,21.379000,17
19,107,21.428000,18
19,108,17.206000,19
19,109,28.629000,19
19,110,31.845000,19
19,111,32.089000,19
19,112,31.813000,20
19,113,31.636000,17
19,114,13.630000,8
19,115,12.266000,8
19,116,11.040000,8
19,117,14.722000,8
19,118,18.458000,8
19,119,13.748000,8
19,120,15.293000,7
19,121,13.510000,8
19,122,26.341000,13
19,123,16.726000,8
19,124,14.372000,8
19,125,13.489000,7
19,126,20.719000,8
19,127,17.670000,8
19,128,13.719000,8
19,129,16.333000,8
19,130,13.658000,8
19,131,15.798000,8
19,132,14.529000,8
19,133,14.513000,8
19,134,17.042000,8
19,135,30.549000,19
19,136,23.201000,16
19,137,28.452000,17
19,138,16.335000,11
19,139,15.902000,9
19,140,40.116000,28
19,141,49.758000,32
19,142,31.828000,31
19,143,14.373000,14
19,144,7.593000,8
20,1,35.735000,26
20,2,20.255000,10
20,3,13.456000,8
20,4,17.583000,8
20,5,12.909000,8
20,6,17.616000,8
20,7,14.627000,8
20,8,15.151000,8
20,9,14.042000,8
20,10,18.691000,9
20,11,14.616000,8
20,12,17.046000,8
20,13,12.253000,8
20,14,15.791000,8
20,15,14.925000,8
20,16,16.449000,8
20,17,13.362000,8
20,18,14.307000,7
20,19,14.721000,8
20,20,15.369000,8
20,21,14.794000,8
20,22,16.567000,8
20,23,14.212000,8
20,24,15.563000,8
20,25,18.478000,8
20,26,17.148000,8
20,27,14.031000,8
20,28,18.950000,8
20,29,15.827000,8
20,30,18.089000,8
20,31,11.523000,7
20,32,46.438000,28
20,33,29.375000,18
20,34,28.301000,20
20,35,21.939000,19
20,36,24.567000,22
20,37,30.328000,19
20,38,27.456000,19
20,39,29.138000,18
20,40,29.736000,18
20,41,37.683000,22
20,42,20.961000,20
20,43,21.760000,19
20,44,24.719000,22
20,45,7.858000,9
20,46,17.761000,9
20,47,16.887000,9
20,48,19.110000,9
20,49,15.571000,9
20,50,17.387000,9
20,51,35.627000,20
20,52,36.592000,20
20,53,20.918000,19
20,54,24.060000,20
20,55,29.924000,19
20,56,36.103000,21
20,57,33.067000,22
20,58,23.658000,16
20,59,31.685000,19
20,60,23.767000,20
20,61,27.217000,22
20,62,18.063000,21
20,63,9.871000,16
20,64,35.715000,22
20,65,26.863000,16
20,66,26.506000,16
20,67,29.698000,16
20,68,31.206000,18
20,69,22.572000,20
20,70,20.973000,18
20,71,21.600000,18
20,72,10.739000,17
20,73,31.290000,19
20,74,28.910000,19
20,75,24.360000,18
20,76,33.810000,21
20,77,31.254000,20
20,78,22.587000,20
20,79,23.830000,20
20,80,19.884000,20
20,81,12.317000,21
20,82,33.109000,20
20,83,32.800000,20
20,84,30.158000,21
20,85,23.028000,15
20,86,27.684000,18
20,87,24.154000,17
20,88,31.384000,24
20,89,17.523000,18
20,90,14.441000,22
20,91,27.180000,18
20,92,37.307000,24
20,93,29.358000,18
20,94,50.348000,28
20,95,11.854000,6
20,96,19.813000,16
20,97,22.527000,20
20,98,19.808000,16
20,99,12.067000,10
20,100,27.990000,17
20,101,27.775000,19
20,102,24.195000,17
20,103,27.799000,17
20,104,29.176000,17
20,105,26.668000,19
20,106,20.608000,18
20,107,21.902000,18
20,108,17.332000,19
20,109,30.353000,19
20,110,31.292000,20
20,111,28.176000,18
20,112,40.998000,22
20,113,30.141000,18
20,114,11.238000,8
20,115,10.252000,8
20,116,12.092000,8
20,117,13.342000,8
20,118,17.036000,8
20,119,15.635000,8
20,120,15.660000,7
20,121,13.760000,8
20,122,21.237000,8
20,123,16.434000,8
20,124,17.091000,8
20,125,15.165000,7
20,126,18.835000,8
20,127,18.133000,8
20,128,14.616000,8
20,129,20.509000,8
20,130,12.318000,8
20,131,16.809000,8
20,132,13.767000,8
20,133,16.290000,8
20,134,16.779000,8
20,135,17.601000,10
20,136,21.768000,12
20,137,30.331000,20
20,138,16.985000,10
20,139,17.663000,9
20,140,57.362000,33
20,141,35.748000,30
20,142,30.397000,31
20,143,15.422000,15
20,144,7.310000,8
21,1,25.515000,17
21,2,22.564000,11
21,3,46.407000,28
21,4,29.548000,18
21,5,28.308000,18
21,6,21.456000,10
21,7,18.770000,10
21,8,16.201000,10
21,9,17.488000,10
21,10,19.917000,12
21,11,22.899000,12
21,12,42.395000,21
21,13,27.672000,19
21,14,28.156000,20
21,15,30.556000,20
21,16,34.075000,19
21,17,21.424000,18
21,18,11.473000,9
21,19,35.536000,19
21,20,32.159000,19
21,21,33.122000,21
21,22,36.549000,21
21,23,37.353000,21
21,24,23.945000,18
21,25,26.273000,21
21,26,19.924000,21
21,27,11.837000,10
21,28,30.257000,21
21,29,38.612000,21
21,30,36.501000,20
21,31,31.512000,20
21,32,34.262000,20
21,33,31.687000,21
21,34,27.818000,21
21,35,18.048000,24
21,36,10.684000,19
21,37,30.294000,22
21,38,40.176000,24
21,39,34.666000,21
21,40,32.039000,19
21,41,38.528000,20
21,42,27.025000,19
21,43,13.598000,10
21,44,12.896000,10
21,45,9.970000,10
21,46,22.271000,10
21,47,20.737000,10
21,48,22.058000,11
21,49,20.070000,11
21,50,16.360000,10
21,51,18.661000,11
21,52,21.609000,11
21,53,24.089000,11
21,54,22.292000,11
21,55,22.128000,13
21,56,23.779000,14
21,57,36.013000,24
21,58,35.246000,23
21,59,35.772000,23
21,60,42.856000,26
21,61,26.128000,23
21,62,26.918000,27
21,63,15.988000,27
21,64,44.279000,27
21,65,39.420000,27
21,66,42.924000,27
21,67,30.391000,16
21,68,38.256000,26
21,69,39.173000,35
21,70,20.198000,26
21,71,12.754000,26
21,72,2.849000,26
21,73,26.616000,17
21,74,30.308000,18
21,75,34.982000,22
21,76,34.519000,21
21,77,37.558000,21
21,78,30.463000,20
21,79,24.148000,17
21,80,19.627000,20
21,81,14.653000,19
21,82,24.424000,16
21,83,43.003000,25
21,84,35.081000,23
21,85,37.824000,24
21,86,42.137000,26
21,87,33.501000,26
21,88,23.612000,24
21,89,14.708000,22
21,90,7.260000,24
21,91,30.192000,21
21,92,38.502000,24
21,93,23.309000,14
21,94,37.651000,24
21,95,13.451000,7
21,96,34.591000,20
21,97,16.239000,10
21,98,14.056000,10
21,99,15.038000,10
21,100,20.932000,10
21,101,17.912000,10
21,102,21.942000,10
21,103,17.869000,10
21,104,19.561000,10
21,105,17.036000,10
21,106,34.437000,20
21,107,36.154000,20
21,108,24.429000,18
21,109,24.476000,18
21,110,18.296000,9
21,111,22.098000,9
21,112,21.891000,9
21,113,20.100000,9
21,114,16.626000,9
21,115,17.787000,9
21,116,20.947000,9
21,117,18.453000,9
21,118,19.949000,9
21,119,14.484000,9
21,120,24.996000,14
21,121,18.108000,9
21,122,17.638000,9
21,123,18.573000,9
21,124,20.792000,10
21,125,26.853000,14
21,126,15.302000,9
21,127,20.885000,10
21,128,16.329000,9
21,129,15.832000,9
21,130,17.880000,9
21,131,20.647000,10
21,132,21.301000,10
21,133,19.375000,10
21,134,20.499000,9
21,135,36.358000,18
21,136,54.959000,32
21,137,23.248000,13
21,138,18.030000,10
21,139,18.181000,9
21,140,47.550000,30
21,141,49.518000,32
21,142,36.736000,32
21,143,8.972000,9
21,144,7.266000,8
22,1,28.484000,17
22,2,24.447000,14
22,3,29.926000,18
22,4,29.230000,18
22,5,31.333000,19
22,6,19.791000,10
22,7,17.294000,10
22,8,17.983000,10
22,9,16.016000,10
22,10,21.061000,12
22,11,20.325000,12
22,12,20.106000,10
22,13,23.135000,10
22,14,19.718000,10
22,15,22.218000,10
22,16,36.527000,21
22,17,29.121000,19
22,18,13.939000,10
22,19,36.652000,21
22,20,32.051000,21
22,21,32.819000,19
22,22,30.960000,19
22,23,31.095000,19
22,24,30.088000,21
22,25,26.539000,22
22,26,17.185000,22
22,27,8.609000,14
22,28,35.275000,22
22,29,32.084000,21
22,30,33.964000,19
22,31,28.270000,17
22,32,35.226000,19
22,33,29.518000,21
22,34,19.975000,22
22,35,18.043000,25
22,36,9.375000,23
22,37,36.651000,23
22,38,34.588000,23
22,39,32.144000,21
22,40,21.452000,10
22,41,24.119000,18
22,42,18.372000,10
22,43,18.972000,10
22,44,20.534000,10
22,45,11.905000,10
22,46,21.044000,10
22,47,17.240000,10
22,48,22.035000,11
22,49,22.343000,11
22,50,18.197000,10
22,51,22.973000,11
22,52,18.204000,11
22,53,22.113000,11
22,54,19.231000,11
22,55,23.427000,11
22,56,37.394000,20
22,57,25.935000,15
22,58,41.401000,26
22,59,40.706000,25
22,60,35.694000,27
22,61,21.395000,24
22,62,17.364000,26
22,63,8.622000,29
22,64,39.207000,26
22,65,29.168000,17
22,66,39.197000,26
22,67,38.762000,26
22,68,24.406000,16
22,69,35.461000,26
22,70,18.460000,17
22,71,16.002000,19
22,72,13.973000,26
22,73,28.230000,18
22,74,34.955000,19
22,75,29.202000,18
22,76,31.444000,20
22,77,28.348000,20
22,78,33.942000,21
22,79,26.921000,18
22,80,18.764000,17
22,81,17.906000,26
22,82,23.230000,11
22,83,39.643000,26
22,84,28.095000,18
22,85,32.602000,19
22,86,37.544000,24
22,87,36.911000,25
22,88,21.303000,25
22,89,14.827000,23
22,90,8.375000,24
22,91,31.206000,22
22,92,22.165000,14
22,93,21.341000,14
22,94,40.606000,26
22,95,16.559000,7
22,96,19.268000,10
22,97,16.904000,10
22,98,17.294000,10
22,99,17.936000,10
22,100,22.065000,10
22,101,19.526000,10
22,102,18.915000,9
22,103,17.742000,10
22,104,20.743000,10
22,105,18.332000,9
22,106,14.212000,9
22,107,33.727000,20
22,108,27.136000,18
22,109,31.191000,19
22,110,32.609000,20
22,111,32.113000,19
22,112,36.329000,21
22,113,19.775000,9
22,114,27.213000,17
22,115,31.655000,23
22,116,16.096000,21
22,117,10.760000,9
22,118,19.927000,9
22,119,16.860000,9
22,120,21.211000,10
22,121,13.305000,9
22,122,20.812000,9
22,123,18.510000,9
22,124,19.031000,9
22,125,20.925000,10
22,126,18.490000,9
22,127,21.045000,9
22,128,17.236000,9
22,129,22.133000,9
22,130,16.482000,9
22,131,19.747000,9
22,132,17.061000,9
22,133,15.567000,9
22,134,21.053000,12
22,135,40.898000,24
22,136,22.235000,12
22,137,21.350000,13
22,138,19.515000,10
22,139,56.259000,35
22,140,46.463000,29
22,141,38.009000,28
22,142,9.591000,8
22,143,13.986000,13
22,144,8.373000,8
23,1,26.947000,20
23,2,41.153000,23
23,3,19.890000,9
23,4,30.391000,19
23,5,33.042000,19
23,6,19.680000,10
23,7,23.311000,10
23,8,21.719000,10
23,9,18.437000,10
23,10,24.503000,12
23,11,20.222000,12
23,12,18.991000,10
23,13,22.156000,10
23,14,21.440000,10
23,15,21.973000,10
23,16,22.092000,10
23,17,35.455000,20
23,18,21.731000,12
23,19,29.875000,19
23,20,31.977000,20
23,21,34.355000,20
23,22,33.490000,21
23,23,36.588000,20
23,24,31.942000,20
23,25,32.542000,21
23,26,25.574000,21
23,27,9.776000,10
23,28,34.534000,21
23,29,28.256000,19
23,30,17.362000,10
23,31,37.553000,24
23,32,19.371000,10
23,33,33.380000,21
23,34,40.531000,24
23,35,32.241000,21
23,36,26.075000,25
23,37,41.134000,24
23,38,27.599000,19
23,39,35.094000,22
23,40,34.260000,21
23,41,23.290000,10
23,42,27.965000,18
23,43,20.044000,10
23,44,17.504000,10
23,45,21.811000,18
23,46,29.864000,16
23,47,32.362000,20
23,48,23.611000,11
23,49,22.033000,11
23,50,20.184000,10
23,51,20.073000,11
23,52,20.101000,10
23,53,22.608000,11
23,54,21.722000,11
23,55,27.196000,11
23,56,24.123000,15
23,57,27.056000,16
23,58,23.865000,16
23,59,39.634000,26
23,60,43.003000,26
23,61,41.511000,26
23,62,32.197000,28
23,63,16.239000,16
23,64,49.614000,31
23,65,38.812000,26
23,66,28.530000,17
23,67,30.169000,16
23,68,22.719000,11
23,69,40.867000,26
23,70,23.146000,16
23,71,22.829000,17
23,72,19.717000,26
23,73,32.909000,21
23,74,28.502000,18
23,75,28.806000,20
23,76,37.476000,20
23,77,30.158000,18
23,78,27.439000,16
23,79,33.979000,20
23,80,30.971000,26
23,81,20.526000,26
23,82,21.233000,11
23,83,29.029000,19
23,84,27.168000,20
23,85,29.644000,20
23,86,42.707000,26
23,87,40.495000,25
23,88,41.706000,25
23,89,31.355000,24
23,90,14.177000,24
23,91,41.604000,24
23,92,20.040000,14
23,93,22.757000,15
23,94,26.917000,18
23,95,31.276000,20
23,96,29.114000,15
23,97,20.471000,10
23,98,48.154000,27
23,99,14.212000,10
23,100,27.164000,10
23,101,18.710000,10
23,102,20.675000,10
23,103,19.848000,9
23,104,33.695000,18
23,105,33.150000,19
23,106,31.992000,20
23,107,27.619000,18
23,108,31.300000,20
23,109,33.228000,19
23,110,30.990000,16
23,111,28.066000,17
23,112,29.281000,17
23,113,35.788000,21
23,114,29.073000,16
23,115,19.589000,9
23,116,24.158000,15
23,117,11.262000,9
23,118,37.736000,23
23,119,35.417000,24
23,120,20.499000,10
23,121,38.602000,21
23,122,35.588000,21
23,123,37.256000,21
23,124,33.082000,21
23,125,18.026000,10
23,126,19.679000,21
23,127,39.868000,23
23,128,21.437000,9
23,129,17.756000,9
23,130,14.587000,8
23,131,18.286000,9
23,132,21.360000,9
23,133,19.660000,11
23,134,56.889000,30
23,135,24.552000,17
23,136,23.364000,10
23,137,42.979000,31
23,138,50.109000,32
23,139,48.655000,31
23,140,46.645000,30
23,141,38.637000,28
23,142,9.732000,8
23,143,11.703000,14
23,144,1.183000,8
24,1,22.487000,17
24,2,31.235000,18
24,3,19.031000,10
24,4,26.013000,17
24,5,27.714000,19
24,6,15.707000,9
24,7,23.416000,10
24,8,18.013000,10
24,9,20.430000,10
24,10,21.907000,12
24,11,51.339000,30
24,12,19.557000,10
24,13,19.504000,10
24,14,20.277000,10
24,15,18.406000,10
24,16,32.817000,19
24,17,19.734000,10
24,18,15.268000,12
24,19,20.607000,10
24,20,18.144000,10
24,21,25.605000,10
24,22,21.301000,10
24,23,19.826000,10
24,24,14.898000,10
24,25,30.477000,19
24,26,32.775000,19
24,27,19.807000,10
24,28,33.838000,20
24,29,39.050000,20
24,30,19.781000,10
24,31,33.592000,21
24,32,19.189000,10
24,33,32.294000,20
24,34,32.288000,21
24,35,22.166000,19
24,36,12.819000,18
24,37,26.296000,19
24,38,40.047000,21
24,39,44.931000,27
24,40,35.877000,21
24,41,17.562000,10
24,42,19.600000,10
24,43,27.946000,18
24,44,19.167000,18
24,45,10.404000,11
24,46,23.016000,11
24,47,20.507000,11
24,48,25.027000,11
24,49,21.588000,11
24,50,19.588000,10
24,51,21.825000,11
24,52,21.340000,11
24,53,21.315000,11
24,54,19.983000,11
24,55,24.150000,11
24,56,39.066000,24
24,57,25.435000,11
24,58,31.942000,21
24,59,36.826000,26
24,60,39.700000,27
24,61,23.533000,16
24,62,16.854000,15
24,63,16.000000,26
24,64,41.026000,26
24,65,46.858000,27
24,66,26.116000,16
24,67,23.144000,11
24,68,20.080000,11
24,69,32.442000,19
24,70,25.303000,18
24,71,17.769000,16
24,72,12.558000,19
24,73,29.441000,19
24,74,37.105000,17
24,75,29.008000,18
24,76,26.117000,17
24,77,29.346000,17
24,78,33.809000,19
24,79,32.404000,26
24,80,22.744000,26
24,81,7.993000,15
24,82,21.885000,10
24,83,23.093000,15
24,84,38.517000,22
24,85,30.466000,22
24,86,38.812000,26
24,87,34.125000,24
24,88,30.960000,24
24,89,20.798000,24
24,90,7.900000,24
24,91,38.549000,24
24,92,24.806000,15
24,93,36.506000,25
24,94,18.764000,10
24,95,33.498000,20
24,96,21.834000,10
24,97,20.497000,10
24,98,17.921000,10
24,99,15.877000,10
24,100,51.661000,27
24,101,25.480000,10
24,102,18.550000,9
24,103,17.332000,9
24,104,17.387000,9
24,105,27.546000,16
24,106,29.500000,17
24,107,25.800000,21
24,108,15.542000,17
24,109,29.341000,16
24,110,30.961000,16
24,111,26.317000,16
24,112,19.081000,9
24,113,25.348000,15
24,114,19.170000,9
24,115,26.591000,16
24,116,18.009000,9
24,117,15.689000,8
24,118,31.165000,17
24,119,34.197000,17
24,120,18.854000,9
24,121,23.391000,15
24,122,23.059000,15
24,123,29.581000,17
24,124,20.118000,9
24,125,18.486000,10
24,126,23.319000,16
24,127,23.328000,9
24,128,16.341000,8
24,129,38.250000,21
24,130,14.751000,8
24,131,18.315000,9
24,132,31.242000,17
24,133,37.399000,22
24,134,32.447000,19
24,135,15.384000,10
24,136,48.091000,32
24,137,54.326000,32
24,138,52.372000,32
24,139,46.298000,31
24,140,44.275000,33
24,141,12.689000,28
24,142,1.408000,8
24,143,1.487000,13
24,144,1.135000,8
25,1,29.716000,19
25,2,36.394000,20
25,3,30.249000,17
25,4,19.132000,10
25,5,34.702000,20
25,6,19.509000,9
25,7,19.750000,10
25,8,15.243000,10
25,9,12.237000,10
25,10,23.177000,14
25,11,17.348000,10
25,12,20.911000,10
25,13,19.273000,10
25,14,22.284000,10
25,15,19.711000,10
25,16,21.371000,10
25,17,20.518000,10
25,18,19.290000,11
25,19,30.777000,18
25,20,20.558000,10
25,21,18.957000,10
25,22,26.814000,17
25,23,26.476000,18
25,24,31.713000,18
25,25,20.733000,10
25,26,21.436000,10
25,27,18.654000,11
25,28,20.616000,10
25,29,18.307000,10
25,30,23.484000,10
25,31,31.201000,21
25,32,35.624000,21
25,33,34.802000,22
25,34,32.506000,18
25,35,23.629000,20
25,36,19.009000,20
25,37,34.331000,19
25,38,33.715000,20
25,39,40.257000,23
25,40,33.939000,20
25,41,20.819000,10
25,42,20.490000,11
25,43,18.324000,11
25,44,15.781000,11
25,45,13.209000,11
25,46,24.630000,11
25,47,20.013000,11
25,48,20.634000,11
25,49,21.035000,11
25,50,27.608000,16
25,51,19.711000,11
25,52,20.282000,11
25,53,25.088000,11
25,54,21.420000,11
25,55,24.582000,11
25,56,39.085000,26
25,57,22.554000,11
25,58,40.212000,26
25,59,44.467000,28
25,60,32.821000,26
25,61,18.424000,15
25,62,16.252000,16
25,63,7.388000,17
25,64,32.529000,18
25,65,30.649000,18
25,66,27.283000,18
25,67,24.125000,11
25,68,23.628000,11
25,69,31.763000,21
25,70,25.940000,16
25,71,19.630000,15
25,72,17.120000,17
25,73,29.111000,17
25,74,27.761000,18
25,75,30.113000,17
25,76,25.813000,15
25,77,27.919000,17
25,78,27.834000,15
25,79,25.045000,15
25,80,19.357000,15
25,81,16.067000,15
25,82,25.892000,11
25,83,22.954000,15
25,84,34.042000,22
25,85,37.820000,23
25,86,39.897000,25
25,87,38.507000,24
25,88,27.285000,24
25,89,17.724000,24
25,90,7.549000,27
25,91,37.205000,24
25,92,42.620000,27
25,93,29.921000,17
25,94,27.358000,17
25,95,31.074000,18
25,96,36.430000,27
25,97,13.182000,10
25,98,14.040000,10
25,99,12.484000,28
25,100,21.626000,10
25,101,16.401000,9
25,102,34.526000,21
25,103,34.963000,21
25,104,36.914000,21
25,105,27.508000,16
25,106,24.208000,16
25,107,25.451000,21
25,108,19.149000,19
25,109,18.011000,8
25,110,15.082000,8
25,111,15.703000,8
25,112,15.661000,8
25,113,29.633000,17
25,114,15.614000,8
25,115,18.033000,8
25,116,19.437000,8
25,117,31.361000,20
25,118,29.080000,16
25,119,26.796000,16
25,120,17.458000,9
25,121,18.333000,9
25,122,19.959000,9
25,123,19.600000,9
25,124,24.485000,16
25,125,15.689000,9
25,126,21.122000,9
25,127,29.372000,17
25,128,19.758000,9
25,129,31.197000,17
25,130,15.028000,8
25,131,34.858000,22
25,132,33.559000,21
25,133,38.513000,24
25,134,16.099000,11
25,135,22.734000,29
25,136,44.632000,30
25,137,53.439000,32
25,138,49.117000,31
25,139,57.817000,33
25,140,31.810000,29
25,141,17.625000,30
25,142,2.855000,8
25,143,1.613000,14
25,144,1.115000,8
26,1,38.497000,24
26,2,28.713000,16
26,3,39.353000,24
26,4,31.113000,19
26,5,29.966000,20
26,6,20.737000,10
26,7,19.781000,10
26,8,19.821000,10
26,9,16.705000,10
26,10,48.260000,32
26,11,21.052000,10
26,12,39.984000,22
26,13,23.328000,10
26,14,34.838000,22
26,15,23.780000,11
26,16,17.654000,10
26,17,30.282000,21
26,18,22.630000,23
26,19,39.514000,22
26,20,20.662000,11
26,21,49.236000,31
26,22,22.418000,11
26,23,20.793000,11
26,24,37.146000,22
26,25,41.144000,26
26,26,31.627000,26
26,27,19.151000,31
26,28,44.447000,26
26,29,42.747000,26
26,30,30.913000,19
26,31,34.245000,19
26,32,41.623000,26
26,33,41.957000,26
26,34,23.587000,19
26,35,16.512000,25
26,36,6.920000,25
26,37,42.729000,25
26,38,44.230000,24
26,39,43.693000,26
26,40,23.078000,11
26,41,23.165000,11
26,42,40.214000,22
26,43,33.903000,23
26,44,21.153000,23
26,45,9.223000,23
26,46,31.593000,20
26,47,48.495000,31
26,48,37.159000,23
26,49,22.486000,11
26,50,20.527000,12
26,51,23.276000,12
26,52,20.993000,11
26,53,36.518000,23
26,54,26.631000,23
26,55,41.047000,23
26,56,32.575000,20
26,57,42.637000,24
26,58,40.570000,26
26,59,45.552000,26
26,60,35.388000,24
26,61,24.425000,17
26,62,11.717000,17
26,63,5.784000,11
26,64,27.783000,17
26,65,46.232000,26
26,66,33.128000,21
26,67,20.159000,11
26,68,19.858000,11
26,69,41.533000,26
26,70,29.292000,17
26,71,24.524000,18
26,72,21.312000,17
26,73,21.279000,11
26,74,45.474000,25
26,75,33.024000,21
26,76,23.769000,15
26,77,28.201000,15
26,78,25.329000,16
26,79,25.431000,15
26,80,43.620000,28
26,81,18.379000,14
26,82,25.943000,14
26,83,23.833000,14
26,84,28.558000,17
26,85,23.347000,13
26,86,20.281000,13
26,87,21.246000,12
26,88,20.965000,12
26,89,26.420000,12
26,90,25.542000,13
26,91,27.546000,13
26,92,24.369000,13
26,93,42.145000,26
26,94,18.099000,11
26,95,32.115000,18
26,96,19.489000,11
26,97,42.785000,22
26,98,28.376000,17
26,99,17.670000,11
26,100,36.562000,22
26,101,19.844000,9
26,102,30.737000,18
26,103,24.959000,17
26,104,29.922000,17
26,105,39.134000,25
26,106,28.061000,17
26,107,28.735000,18
26,108,23.899000,18
26,109,27.778000,15
26,110,30.128000,15
26,111,26.663000,16
26,112,17.642000,9
26,113,27.552000,18
26,114,19.018000,9
26,115,17.740000,9
26,116,17.490000,9
26,117,37.505000,24
26,118,44.415000,24
26,119,44.085000,25
26,120,17.579000,10
26,121,17.857000,9
26,122,17.446000,9
26,123,17.288000,9
26,124,38.225000,23
26,125,20.782000,10
26,126,16.812000,9
26,127,42.510000,24
26,128,20.247000,9
26,129,20.365000,10
26,130,39.164000,22
26,131,28.453000,17
26,132,42.614000,26
26,133,27.399000,15
26,134,17.135000,11
26,135,27.645000,29
26,136,42.504000,30
26,137,49.802000,30
26,138,52.952000,32
26,139,54.941000,34
26,140,47.417000,31
26,141,23.711000,30
26,142,4.614000,8
26,143,2.900000,8
26,144,1.530000,8
27,1,26.723000,17
27,2,26.444000,17
27,3,25.318000,16
27,4,28.428000,18
27,5,34.885000,21
27,6,44.585000,24
27,7,30.469000,19
27,8,39.359000,27
27,9,17.393000,19
27,10,33.456000,18
27,11,31.973000,18
27,12,31.835000,20
27,13,41.740000,22
27,14,30.279000,19
27,15,39.307000,20
27,16,32.220000,23
27,17,14.531000,11
27,18,24.222000,17
27,19,23.892000,11
27,20,20.436000,11
27,21,22.839000,11
27,22,35.223000,22
27,23,34.915000,22
27,24,19.684000,11
27,25,24.802000,11
27,26,20.755000,11
27,27,19.056000,11
27,28,19.301000,11
27,29,18.807000,11
27,30,22.525000,11
27,31,39.488000,22
27,32,21.185000,11
27,33,41.069000,27
27,34,40.490000,23
27,35,37.183000,26
27,36,31.103000,28
27,37,42.047000,27
27,38,41.297000,25
27,39,19.315000,11
27,40,36.015000,22
27,41,19.732000,11
27,42,20.585000,11
27,43,24.267000,11
27,44,19.007000,11
27,45,18.743000,11
27,46,24.806000,12
27,47,20.002000,12
27,48,21.387000,11
27,49,30.136000,20
27,50,32.003000,22
27,51,35.333000,22
27,52,22.421000,11
27,53,40.347000,28
27,54,29.516000,27
27,55,40.917000,26
27,56,38.215000,24
27,57,33.582000,21
27,58,39.726000,24
27,59,38.976000,24
27,60,32.628000,21
27,61,26.396000,21
27,62,23.631000,23
27,63,11.851000,23
27,64,36.268000,19
27,65,37.916000,21
27,66,32.278000,19
27,67,40.698000,22
27,68,41.910000,24
27,69,36.658000,23
27,70,25.129000,19
27,71,16.955000,19
27,72,11.734000,19
27,73,36.024000,21
27,74,31.173000,19
27,75,37.469000,22
27,76,28.999000,18
27,77,35.266000,20
27,78,38.767000,22
27,79,27.458000,20
27,80,20.667000,19
27,81,19.427000,24
27,82,36.040000,21
27,83,47.955000,30
27,84,21.636000,12
27,85,30.459000,18
27,86,40.213000,24
27,87,32.102000,19
27,88,24.266000,15
27,89,22.812000,15
27,90,20.626000,24
27,91,34.510000,19
27,92,18.208000,10
27,93,20.206000,11
27,94,16.545000,9
27,95,15.750000,9
27,96,18.087000,9
27,97,34.718000,22
27,98,31.544000,18
27,99,16.162000,9
27,100,18.180000,9
27,101,34.008000,22
27,102,28.930000,16
27,103,28.040000,16
27,104,24.726000,15
27,105,25.054000,15
27,106,27.597000,16
27,107,24.426000,16
27,108,25.784000,18
27,109,26.231000,16
27,110,21.410000,13
27,111,23.824000,15
27,112,15.849000,9
27,113,20.496000,12
27,114,20.302000,9
27,115,16.534000,9
27,116,17.245000,9
27,117,18.750000,9
27,118,15.695000,9
27,119,23.201000,15
27,120,21.524000,9
27,121,15.802000,9
27,122,21.373000,9
27,123,15.362000,9
27,124,34.205000,17
27,125,43.312000,28
27,126,26.012000,18
27,127,36.072000,22
27,128,31.144000,21
27,129,33.928000,20
27,130,25.746000,14
27,131,39.203000,28
27,132,49.964000,31
27,133,39.319000,33
27,134,22.063000,30
27,135,6.945000,30
27,136,43.818000,30
27,137,47.271000,31
27,138,46.687000,33
27,139,46.831000,30
27,140,43.768000,30
27,141,33.889000,30
27,142,12.110000,8
27,143,9.194000,8
27,144,5.081000,8
28,1,33.842000,19
28,2,28.776000,17
28,3,30.700000,17
28,4,33.009000,18
28,5,32.987000,21
28,6,56.946000,28
28,7,52.970000,26
28,8,28.813000,22
28,9,31.952000,23
28,10,38.058000,23
28,11,37.873000,22
28,12,38.186000,22
28,13,37.771000,22
28,14,36.552000,19
28,15,33.272000,20
28,16,33.034000,19
28,17,29.324000,24
28,18,28.072000,22
28,19,41.354000,24
28,20,33.484000,22
28,21,34.211000,20
28,22,36.554000,22
28,23,34.343000,22
28,24,46.228000,25
28,25,33.352000,23
28,26,29.144000,20
28,27,25.696000,20
28,28,36.339000,19
28,29,37.321000,25
28,30,36.493000,25
28,31,21.087000,11
28,32,42.619000,20
28,33,40.234000,24
28,34,37.136000,23
28,35,29.815000,25
28,36,37.913000,28
28,37,36.344000,24
28,38,42.244000,24
28,39,39.573000,22
28,40,29.876000,19
28,41,38.674000,20
28,42,41.164000,25
28,43,34.817000,25
28,44,26.892000,21
28,45,24.882000,19
28,46,34.692000,20
28,47,44.177000,25
28,48,38.467000,22
28,49,34.748000,21
28,50,41.054000,24
28,51,39.555000,22
28,52,36.304000,23
28,53,23.210000,20
28,54,29.639000,20
28,55,39.318000,21
28,56,35.231000,21
28,57,35.217000,20
28,58,36.410000,21
28,59,35.940000,20
28,60,42.274000,23
28,61,36.769000,24
28,62,30.035000,20
28,63,31.520000,26
28,64,44.349000,26
28,65,39.501000,26
28,66,41.015000,26
28,67,37.070000,26
28,68,45.712000,27
28,69,47.715000,28
28,70,34.840000,28
28,71,30.036000,25
28,72,13.207000,25
28,73,47.082000,28
28,74,43.669000,28
28,75,44.787000,27
28,76,44.166000,27
28,77,47.032000,26
28,78,41.790000,26
28,79,31.502000,26
28,80,27.742000,26
28,81,8.032000,26
28,82,39.701000,22
28,83,37.843000,24
28,84,44.382000,26
28,85,33.699000,22
28,86,47.285000,25
28,87,41.414000,21
28,88,33.947000,23
28,89,34.413000,23
28,90,10.865000,17
28,91,30.041000,17
28,92,30.926000,18
28,93,25.010000,16
28,94,39.773000,23
28,95,29.853000,18
28,96,22.381000,12
28,97,28.468000,17
28,98,25.020000,14
28,99,19.767000,9
28,100,37.816000,23
28,101,24.272000,15
28,102,25.862000,13
28,103,23.830000,13
28,104,36.434000,23
28,105,20.926000,12
28,106,17.286000,12
28,107,32.152000,19
28,108,31.613000,17
28,109,22.877000,12
28,110,21.331000,12
28,111,22.201000,12
28,112,37.232000,24
28,113,22.032000,12
28,114,38.361000,23
28,115,35.378000,24
28,116,16.681000,9
28,117,17.024000,9
28,118,20.371000,9
28,119,24.867000,14
28,120,20.760000,9
28,121,18.379000,11
28,122,34.007000,23
28,123,37.689000,20
28,124,31.624000,17
28,125,37.247000,18
28,126,37.055000,19
28,127,44.337000,21
28,128,31.447000,18
28,129,35.232000,19
28,130,39.616000,23
28,131,51.681000,32
28,132,56.595000,33
28,133,39.910000,32
28,134,25.227000,30
28,135,6.348000,29
28,136,48.299000,32
28,137,46.311000,31
28,138,50.042000,31
28,139,47.600000,30
28,140,52.127000,33
28,141,47.077000,32
28,142,14.715000,10
28,143,13.054000,8
28,144,13.726000,8
29,1,29.464000,18
29,2,30.728000,18
29,3,30.770000,19
29,4,28.880000,18
29,5,36.203000,21
29,6,38.821000,21
29,7,34.820000,22
29,8,33.769000,22
29,9,25.938000,20
29,10,30.583000,20
29,11,41.059000,24
29,12,34.147000,22
29,13,31.775000,20
29,14,33.158000,21
29,15,50.120000,26
29,16,31.054000,21
29,17,34.767000,23
29,18,27.957000,23
29,19,31.592000,21
29,20,39.528000,21
29,21,39.824000,24
29,22,32.749000,23
29,23,36.594000,23
29,24,42.226000,25
29,25,37.880000,24
29,26,33.229000,23
29,27,24.177000,20
29,28,37.643000,24
29,29,35.297000,21
29,30,38.619000,22
29,31,31.577000,20
29,32,36.924000,21
29,33,45.082000,25
29,34,31.720000,23
29,35,43.163000,31
29,36,25.749000,25
29,37,38.927000,23
29,38,32.151000,22
29,39,40.413000,23
29,40,34.495000,22
29,41,37.617000,23
29,42,37.423000,25
29,43,31.263000,22
29,44,37.607000,22
29,45,24.194000,23
29,46,34.227000,22
29,47,33.957000,22
29,48,37.391000,24
29,49,37.351000,22
29,50,32.516000,22
29,51,33.717000,21
29,52,36.063000,24
29,53,34.144000,24
29,54,31.423000,24
29,55,40.087000,24
29,56,32.952000,23
29,57,41.563000,25
29,58,46.666000,26
29,59,44.181000,26
29,60,44.167000,28
29,61,36.278000,25
29,62,29.129000,25
29,63,18.708000,28
29,64,44.730000,26
29,65,40.414000,25
29,66,41.173000,25
29,67,38.347000,25
29,68,42.585000,25
29,69,41.931000,27
29,70,37.348000,25
29,71,27.770000,25
29,72,19.141000,26
29,73,36.030000,26
29,74,40.193000,26
29,75,42.990000,26
29,76,45.082000,26
29,77,47.827000,26
29,78,37.747000,25
29,79,38.732000,26
29,80,30.358000,25
29,81,16.798000,25
29,82,44.744000,27
29,83,44.855000,25
29,84,37.294000,24
29,85,39.542000,24
29,86,36.050000,24
29,87,33.064000,25
29,88,37.226000,24
29,89,39.416000,28
29,90,18.573000,22
29,91,34.236000,22
29,92,41.279000,26
29,93,32.791000,19
29,94,29.858000,18
29,95,27.153000,18
29,96,37.845000,20
29,97,26.734000,16
29,98,21.156000,13
29,99,17.311000,9
29,100,23.567000,13
29,101,20.917000,13
29,102,24.473000,13
29,103,19.124000,12
29,104,23.604000,13
29,105,22.423000,13
29,106,39.667000,23
29,107,26.641000,14
29,108,28.452000,17
29,109,28.156000,14
29,110,22.265000,13
29,111,22.329000,13
29,112,24.064000,13
29,113,22.008000,13
29,114,23.110000,13
29,115,21.090000,13
29,116,21.174000,10
29,117,17.516000,9
29,118,29.417000,17
29,119,29.483000,17
29,120,33.368000,20
29,121,43.225000,27
29,122,27.713000,17
29,123,35.665000,23
29,124,35.241000,23
29,125,39.777000,21
29,126,34.795000,23
29,127,41.608000,23
29,128,35.867000,24
29,129,32.697000,22
29,130,46.358000,30
29,131,49.406000,32
29,132,45.533000,32
29,133,41.771000,33
29,134,29.946000,31
29,135,11.841000,31
29,136,43.359000,31
29,137,47.568000,31
29,138,52.066000,33
29,139,54.211000,33
29,140,54.527000,32
29,141,40.878000,29
29,142,13.204000,9
29,143,12.360000,8
29,144,9.519000,8
30,1,27.444000,19
30,2,30.848000,18
30,3,29.805000,17
30,4,25.387000,18
30,5,35.917000,21
30,6,39.678000,25
30,7,42.587000,23
30,8,33.422000,20
30,9,41.997000,24
30,10,32.210000,20
30,11,33.654000,20
30,12,34.598000,22
30,13,30.188000,20
30,14,32.434000,20
30,15,42.002000,24
30,16,39.861000,23
30,17,35.079000,24
30,18,42.782000,27
30,19,40.370000,22
30,20,43.204000,26
30,21,30.587000,22
30,22,33.292000,21
30,23,37.793000,22
30,24,44.092000,26
30,25,44.091000,25
30,26,41.018000,28
30,27,21.835000,20
30,28,47.253000,26
30,29,34.027000,21
30,30,38.549000,23
30,31,38.529000,23
30,32,46.955000,29
30,33,37.556000,23
30,34,50.430000,31
30,35,43.913000,30
30,36,18.170000,27
30,37,43.674000,28
30,38,36.608000,23
30,39,29.032000,21
30,40,36.030000,23
30,41,35.372000,23
30,42,45.777000,24
30,43,39.313000,24
30,44,33.520000,23
30,45,30.749000,22
30,46,41.918000,24
30,47,36.960000,23
30,48,41.629000,26
30,49,40.013000,24
30,50,40.290000,23
30,51,40.231000,23
30,52,37.666000,24
30,53,28.709000,21
30,54,23.980000,21
30,55,37.864000,23
30,56,40.332000,21
30,57,42.970000,24
30,58,42.525000,23
30,59,44.275000,26
30,60,42.773000,25
30,61,37.204000,24
30,62,39.380000,26
30,63,26.015000,28
30,64,49.064000,29
30,65,49.817000,27
30,66,42.466000,26
30,67,42.889000,27
30,68,45.512000,25
30,69,38.786000,25
30,70,38.664000,25
30,71,25.890000,25
30,72,13.816000,26
30,73,49.265000,26
30,74,50.046000,26
30,75,42.832000,26
30,76,42.606000,26
30,77,41.777000,25
30,78,38.439000,27
30,79,39.009000,25
30,80,34.414000,27
30,81,16.589000,27
30,82,49.096000,27
30,83,51.037000,27
30,84,38.616000,24
30,85,41.006000,24
30,86,46.763000,27
30,87,35.610000,24
30,88,38.030000,24
30,89,33.967000,28
30,90,14.851000,23
30,91,43.656000,27
30,92,43.325000,25
30,93,38.300000,22
30,94,33.761000,20
30,95,40.718000,24
30,96,26.638000,15
30,97,24.527000,17
30,98,29.954000,18
30,99,24.740000,17
30,100,27.964000,15
30,101,22.064000,13
30,102,25.955000,14
30,103,21.587000,12
30,104,30.506000,17
30,105,21.550000,12
30,106,31.507000,16
30,107,30.774000,17
30,108,35.953000,19
30,109,30.333000,18
30,110,22.081000,13
30,111,23.207000,13
30,112,23.770000,16
30,113,20.741000,14
30,114,22.661000,14
30,115,30.712000,15
30,116,29.958000,17
30,117,39.171000,22
30,118,32.982000,16
30,119,30.798000,20
30,120,36.098000,21
30,121,28.822000,19
30,122,36.691000,20
30,123,40.672000,24
30,124,46.135000,24
30,125,34.844000,24
30,126,40.850000,31
30,127,39.012000,24
30,128,40.302000,24
30,129,38.722000,23
30,130,49.674000,31
30,131,50.567000,32
30,132,46.885000,30
30,133,43.400000,32
30,134,31.601000,29
30,135,17.943000,30
30,136,45.429000,31
30,137,50.939000,32
30,138,44.411000,32
30,139,54.381000,33
30,140,58.550000,32
30,141,42.462000,32
30,142,17.373000,11
30,143,11.911000,8
30,144,6.833000,8
31,1,27.760000,18
31,2,24.525000,17
31,3,31.691000,17
31,4,27.808000,17
31,5,45.004000,24
31,6,37.210000,22
31,7,38.079000,20
31,8,37.250000,20
31,9,35.025000,20
31,10,44.077000,25
31,11,42.204000,24
31,12,43.475000,22
31,13,44.830000,24
31,14,42.529000,24
31,15,47.707000,24
31,16,32.003000,23
31,17,34.146000,23
31,18,28.468000,24
31,19,58.988000,31
31,20,39.999000,21
31,21,44.539000,22
31,22,42.399000,22
31,23,36.139000,21
31,24,51.156000,27
31,25,33.065000,21
31,26,37.221000,27
31,27,26.115000,25
31,28,40.237000,23
31,29,37.939000,23
31,30,46.573000,25
31,31,38.599000,22
31,32,36.829000,23
31,33,46.811000,26
31,34,37.851000,23
31,35,38.671000,27
31,36,32.541000,25
31,37,37.053000,25
31,38,33.893000,24
31,39,56.194000,30
31,40,47.106000,27
31,41,47.354000,26
31,42,43.113000,25
31,43,51.438000,29
31,44,29.955000,24
31,45,19.915000,25
31,46,42.981000,25
31,47,44.962000,25
31,48,48.286000,24
31,49,32.583000,20
31,50,35.658000,21
31,51,34.183000,21
31,52,44.844000,24
31,53,27.607000,21
31,54,26.807000,21
31,55,37.038000,21
31,56,48.388000,27
31,57,49.608000,27
31,58,38.655000,25
31,59,50.773000,25
31,60,37.764000,23
31,61,44.989000,26
31,62,38.030000,25
31,63,20.426000,28
31,64,50.798000,29
31,65,52.370000,31
31,66,57.985000,29
31,67,45.265000,26
31,68,42.377000,25
31,69,41.684000,25
31,70,35.271000,25
31,71,33.886000,25
31,72,21.973000,26
31,73,44.427000,25
31,74,40.707000,26
31,75,44.838000,26
31,76,39.933000,26
31,77,45.718000,27
31,78,46.399000,27
31,79,46.479000,27
31,80,33.691000,27
31,81,18.941000,27
31,82,41.219000,27
31,83,42.083000,27
31,84,52.795000,27
31,85,44.839000,24
31,86,41.197000,26
31,87,41.896000,26
31,88,35.647000,24
31,89,44.149000,31
31,90,20.888000,27
31,91,41.568000,23
31,92,40.549000,25
31,93,39.772000,22
31,94,43.142000,24
31,95,44.667000,23
31,96,32.765000,19
31,97,35.542000,23
31,98,37.428000,25
31,99,22.423000,16
31,100,30.650000,18
31,101,24.424000,15
31,102,27.474000,15
31,103,30.382000,16
31,104,28.364000,15
31,105,28.800000,17
31,106,31.063000,16
31,107,41.500000,23
31,108,32.593000,18
31,109,39.877000,22
31,110,38.079000,22
31,111,30.991000,16
31,112,26.210000,14
31,113,34.020000,18
31,114,23.437000,15
31,115,29.765000,18
31,116,29.618000,16
31,117,25.506000,16
31,118,35.960000,21
31,119,30.532000,19
31,120,39.193000,21
31,121,41.558000,24
31,122,41.474000,24
31,123,35.230000,22
31,124,39.827000,20
31,125,45.657000,25
31,126,39.427000,27
31,127,48.098000,25
31,128,37.864000,22
31,129,42.612000,25
31,130,46.087000,30
31,131,49.677000,32
31,132,44.835000,30
31,133,48.959000,32
31,134,30.791000,29
31,135,17.456000,30
31,136,43.317000,30
31,137,49.621000,31
31,138,49.793000,33
31,139,59.205000,33
31,140,48.313000,30
31,141,46.935000,30
31,142,22.450000,16
31,143,14.541000,8
31,144,14.248000,8
32,1,27.069000,18
32,2,29.917000,17
32,3,33.885000,17
32,4,27.041000,17
32,5,40.747000,23
32,6,37.139000,21
32,7,34.203000,20
32,8,34.194000,20
32,9,42.534000,23
32,10,37.055000,20
32,11,34.478000,20
32,12,34.991000,22
32,13,43.859000,24
32,14,37.270000,20
32,15,43.786000,23
32,16,61.526000,32
32,17,40.397000,23
32,18,26.615000,23
32,19,50.830000,27
32,20,47.269000,25
32,21,43.726000,24
32,22,42.196000,22
32,23,36.173000,22
32,24,42.523000,23
32,25,37.274000,22
32,26,35.933000,21
32,27,32.952000,26
32,28,37.024000,23
32,29,39.276000,25
32,30,43.856000,25
32,31,40.714000,24
32,32,47.261000,26
32,33,34.712000,25
32,34,51.071000,28
32,35,50.325000,30
32,36,32.445000,25
32,37,50.332000,29
32,38,58.486000,31
32,39,39.781000,24
32,40,35.418000,23
32,41,39.105000,27
32,42,41.177000,26
32,43,43.782000,26
32,44,38.203000,26
32,45,21.440000,25
32,46,40.293000,24
32,47,43.279000,23
32,48,33.693000,21
32,49,37.897000,22
32,50,39.530000,22
32,51,38.270000,22
32,52,36.853000,22
32,53,33.138000,21
32,54,32.761000,21
32,55,34.477000,21
32,56,37.365000,22
32,57,41.127000,22
32,58,47.314000,25
32,59,45.556000,25
32,60,42.989000,23
32,61,40.577000,24
32,62,48.613000,28
32,63,32.121000,28
32,64,44.813000,27
32,65,46.985000,27
32,66,49.971000,29
32,67,39.742000,25
32,68,42.125000,25
32,69,45.797000,25
32,70,41.091000,25
32,71,36.863000,25
32,72,28.118000,26
32,73,48.861000,27
32,74,43.299000,27
32,75,47.116000,26
32,76,40.898000,26
32,77,44.819000,26
32,78,51.874000,27
32,79,44.647000,27
32,80,36.077000,27
32,81,20.650000,27
32,82,38.525000,24
32,83,52.102000,27
32,84,36.733000,24
32,85,40.775000,24
32,86,46.630000,27
32,87,42.750000,24
32,88,41.676000,24
32,89,43.725000,28
32,90,32.094000,28
32,91,34.388000,24
32,92,43.777000,26
32,93,41.968000,26
32,94,42.613000,24
32,95,45.123000,24
32,96,42.702000,24
32,97,42.066000,23
32,98,27.819000,18
32,99,15.952000,12
32,100,31.487000,17
32,101,28.334000,16
32,102,28.480000,17
32,103,31.988000,16
32,104,31.721000,18
32,105,26.534000,15
32,106,28.736000,17
32,107,30.104000,17
32,108,41.450000,23
32,109,40.733000,22
32,110,37.673000,19
32,111,40.263000,22
32,112,37.832000,21
32,113,30.418000,15
32,114,31.803000,18
32,115,32.542000,16
32,116,31.263000,17
32,117,22.863000,12
32,118,28.964000,19
32,119,38.029000,21
32,120,36.651000,22
32,121,38.243000,24
32,122,42.314000,25
32,123,40.378000,25
32,124,40.229000,23
32,125,34.835000,23
32,126,38.486000,24
32,127,54.934000,28
32,128,39.910000,22
32,129,51.391000,31
32,130,55.050000,33
32,131,52.972000,30
32,132,51.107000,30
32,133,40.388000,29
32,134,27.903000,30
32,135,4.784000,30
32,136,50.344000,30
32,137,51.090000,31
32,138,51.721000,31
32,139,56.027000,33
32,140,52.909000,33
32,141,59.327000,35
32,142,23.944000,14
32,143,12.363000,8
32,144,12.855000,8
33,1,28.898000,18
33,2,27.380000,17
33,3,34.013000,17
33,4,30.872000,18
33,5,40.720000,23
33,6,56.823000,30
33,7,42.548000,22
33,8,32.372000,20
33,9,33.616000,20
33,10,38.595000,20
33,11,43.235000,24
33,12,36.814000,20
33,13,35.533000,24
33,14,36.135000,22
33,15,39.310000,23
33,16,50.560000,31
33,17,38.572000,24
33,18,33.395000,23
33,19,38.601000,24
33,20,38.378000,22
33,21,46.521000,24
33,22,35.866000,22
33,23,38.984000,22
33,24,36.798000,22
33,25,40.678000,22
33,26,35.613000,21
33,27,33.828000,22
33,28,40.542000,25
33,29,48.319000,29
33,30,46.783000,26
33,31,42.516000,25
33,32,42.762000,28
33,33,40.298000,24
33,34,43.422000,27
33,35,41.094000,30
33,36,25.077000,29
33,37,54.439000,34
33,38,49.642000,30
33,39,40.975000,24
33,40,45.915000,28
33,41,43.401000,26
33,42,48.947000,27
33,43,40.175000,26
33,44,32.307000,26
33,45,21.696000,25
33,46,49.921000,25
33,47,35.070000,21
33,48,40.305000,23
33,49,36.270000,22
33,50,39.645000,22
33,51,35.946000,22
33,52,36.549000,22
33,53,55.277000,28
33,54,26.634000,21
33,55,35.911000,21
33,56,38.006000,22
33,57,36.537000,21
33,58,42.851000,23
33,59,46.423000,26
33,60,51.578000,27
33,61,42.648000,24
33,62,37.150000,25
33,63,35.738000,25
33,64,49.933000,29
33,65,45.453000,29
33,66,49.393000,29
33,67,42.005000,25
33,68,44.407000,25
33,69,41.673000,25
33,70,37.376000,25
33,71,39.022000,25
33,72,17.105000,31
33,73,44.431000,26
33,74,42.371000,26
33,75,41.193000,26
33,76,43.952000,26
33,77,49.015000,27
33,78,51.147000,27
33,79,39.319000,27
33,80,39.145000,27
33,81,20.514000,27
33,82,46.281000,27
33,83,42.474000,27
33,84,42.160000,27
33,85,39.135000,24
33,86,39.735000,24
33,87,38.302000,24
33,88,39.994000,24
33,89,47.478000,31
33,90,30.970000,28
33,91,44.459000,27
33,92,42.399000,26
33,93,42.337000,25
33,94,45.370000,26
33,95,37.056000,23
33,96,48.790000,25
33,97,37.429000,25
33,98,34.493000,21
33,99,25.970000,19
33,100,22.392000,12
33,101,30.758000,18
33,102,40.906000,23
33,103,28.526000,16
33,104,28.980000,17
33,105,30.698000,17
33,106,32.493000,18
33,107,35.370000,20
33,108,37.753000,21
33,109,37.415000,18
33,110,33.953000,19
33,111,45.154000,23
33,112,29.010000,16
33,113,30.330000,17
33,114,33.157000,16
33,115,35.046000,17
33,116,36.611000,21
33,117,28.282000,16
33,118,47.519000,25
33,119,36.556000,23
33,120,46.349000,27
33,121,38.062000,22
33,122,36.086000,22
33,123,46.787000,24
33,124,40.376000,23
33,125,43.326000,25
33,126,34.730000,28
33,127,44.226000,24
33,128,38.638000,23
33,129,53.883000,32
33,130,50.806000,32
33,131,60.151000,33
33,132,49.931000,33
33,133,45.981000,33
33,134,21.085000,30
33,135,5.174000,29
33,136,47.509000,29
33,137,43.644000,30
33,138,49.601000,31
33,139,52.511000,32
33,140,58.140000,32
33,141,54.429000,33
33,142,26.429000,15
33,143,14.616000,8
33,144,12.371000,8
34,1,32.936000,18
34,2,23.224000,17
34,3,31.528000,18
34,4,26.518000,17
34,5,33.932000,18
34,6,33.606000,20
34,7,64.815000,30
34,8,45.386000,25
34,9,29.942000,22
34,10,35.159000,20
34,11,34.871000,21
34,12,40.387000,22
34,13,42.520000,24
34,14,38.851000,21
34,15,44.589000,24
34,16,46.356000,24
34,17,35.127000,23
34,18,32.743000,23
34,19,39.799000,23
34,20,39.289000,23
34,21,32.564000,20
34,22,41.699000,22
34,23,37.841000,21
34,24,36.912000,22
34,25,34.658000,22
34,26,33.599000,22
34,27,29.936000,21
34,28,39.770000,22
34,29,54.574000,28
34,30,47.042000,27
34,31,49.771000,28
34,32,46.410000,28
34,33,54.681000,32
34,34,43.805000,31
34,35,33.303000,32
34,36,9.213000,30
34,37,44.569000,31
34,38,49.396000,31
34,39,47.884000,28
34,40,45.724000,27
34,41,41.888000,27
34,42,45.999000,28
34,43,42.039000,27
34,44,32.753000,25
34,45,28.040000,30
34,46,38.205000,22
34,47,36.740000,21
34,48,36.853000,22
34,49,40.503000,22
34,50,37.441000,21
34,51,36.370000,22
34,52,35.644000,22
34,53,37.550000,22
34,54,41.651000,27
34,55,39.790000,21
34,56,56.250000,27
34,57,41.298000,21
34,58,38.614000,23
34,59,46.847000,24
34,60,39.159000,24
34,61,38.265000,24
34,62,39.258000,27
34,63,27.541000,26
34,64,43.991000,27
34,65,53.962000,31
34,66,50.695000,29
34,67,43.101000,25
34,68,39.423000,25
34,69,48.649000,27
34,70,36.708000,25
34,71,29.577000,25
34,72,27.124000,26
34,73,40.958000,26
34,74,51.643000,28
34,75,47.888000,27
34,76,48.311000,27
34,77,47.558000,27
34,78,50.472000,27
34,79,41.052000,27
34,80,33.265000,27
34,81,12.309000,27
34,82,40.954000,27
34,83,48.274000,28
34,84,51.146000,27
34,85,40.022000,24
34,86,50.613000,27
34,87,42.569000,24
34,88,35.554000,24
34,89,37.186000,28
34,90,31.229000,28
34,91,38.209000,24
34,92,39.871000,26
34,93,48.202000,26
34,94,48.693000,25
34,95,41.926000,23
34,96,54.159000,26
34,97,35.923000,22
34,98,28.550000,22
34,99,26.726000,21
34,100,36.550000,22
34,101,26.428000,18
34,102,35.685000,20
34,103,29.113000,16
34,104,29.342000,15
34,105,32.962000,18
34,106,27.077000,18
34,107,31.597000,18
34,108,36.789000,19
34,109,31.982000,18
34,110,25.943000,18
34,111,28.582000,15
34,112,25.677000,15
34,113,33.161000,16
34,114,34.990000,19
34,115,40.444000,17
34,116,24.641000,12
34,117,41.742000,23
34,118,41.800000,24
34,119,41.951000,22
34,120,44.675000,25
34,121,48.657000,24
34,122,40.512000,22
34,123,46.100000,25
34,124,38.167000,23
34,125,31.665000,24
34,126,28.386000,24
34,127,38.189000,21
34,128,38.367000,26
34,129,43.599000,28
34,130,55.622000,32
34,131,46.934000,31
34,132,56.285000,33
34,133,40.696000,29
34,134,37.477000,30
34,135,17.231000,30
34,136,41.885000,30
34,137,52.289000,31
34,138,48.969000,31
34,139,68.592000,34
34,140,47.347000,31
34,141,49.790000,30
34,142,23.137000,15
34,143,12.323000,8
34,144,12.254000,8
35,1,24.620000,17
35,2,29.393000,17
35,3,31.403000,17
35,4,30.698000,17
35,5,28.667000,17
35,6,42.898000,24
35,7,36.261000,22
35,8,36.004000,21
35,9,35.853000,20
35,10,33.657000,20
35,11,43.678000,23
35,12,41.477000,23
35,13,33.348000,20
35,14,43.073000,22
35,15,50.368000,25
35,16,41.767000,22
35,17,35.499000,23
35,18,37.828000,25
35,19,57.392000,32
35,20,38.310000,21
35,21,36.309000,22
35,22,35.315000,22
35,23,36.015000,22
35,24,37.776000,22
35,25,42.341000,22
35,26,44.887000,23
35,27,26.381000,21
35,28,38.199000,22
35,29,44.366000,23
35,30,54.388000,29
35,31,43.889000,27
35,32,42.459000,27
35,33,52.802000,32
35,34,47.571000,29
35,35,41.979000,30
35,36,25.714000,30
35,37,51.456000,30
35,38,45.237000,30
35,39,46.215000,28
35,40,48.295000,29
35,41,50.380000,29
35,42,53.564000,28
35,43,46.984000,33
35,44,24.349000,24
35,45,10.717000,22
35,46,32.469000,21
35,47,38.846000,23
35,48,37.777000,21
35,49,37.900000,22
35,50,34.251000,22
35,51,36.718000,22
35,52,39.847000,22
35,53,47.051000,25
35,54,33.118000,21
35,55,35.392000,22
35,56,36.853000,22
35,57,32.869000,21
35,58,40.866000,23
35,59,43.621000,25
35,60,37.488000,23
35,61,47.829000,26
35,62,47.978000,25
35,63,38.042000,29
35,64,54.014000,29
35,65,49.575000,27
35,66,44.271000,29
35,67,44.355000,25
35,68,41.840000,25
35,69,42.573000,27
35,70,40.157000,25
35,71,36.455000,25
35,72,20.816000,26
35,73,51.487000,27
35,74,48.940000,27
35,75,42.658000,26
35,76,39.280000,26
35,77,45.649000,27
35,78,48.824000,27
35,79,46.368000,27
35,80,33.595000,27
35,81,23.305000,26
35,82,51.565000,27
35,83,44.151000,27
35,84,46.643000,27
35,85,41.466000,26
35,86,36.037000,24
35,87,36.856000,24
35,88,44.309000,24
35,89,38.126000,27
35,90,28.347000,28
35,91,50.397000,25
35,92,41.948000,26
35,93,55.838000,28
35,94,40.633000,24
35,95,43.560000,24
35,96,46.309000,25
35,97,38.131000,22
35,98,43.940000,25
35,99,19.728000,21
35,100,39.889000,22
35,101,35.814000,20
35,102,34.383000,20
35,103,32.033000,16
35,104,26.133000,16
35,105,34.626000,19
35,106,34.644000,20
35,107,32.770000,18
35,108,32.165000,19
35,109,29.571000,18
35,110,29.738000,19
35,111,31.644000,17
35,112,31.933000,17
35,113,29.117000,17
35,114,33.500000,17
35,115,19.649000,13
35,116,38.518000,21
35,117,56.891000,27
35,118,52.833000,27
35,119,52.463000,30
35,120,37.651000,24
35,121,47.258000,24
35,122,51.767000,31
35,123,50.333000,25
35,124,38.937000,24
35,125,30.848000,24
35,126,14.480000,27
35,127,36.783000,20
35,128,50.353000,31
35,129,41.492000,27
35,130,49.025000,32
35,131,52.933000,32
35,132,50.015000,32
35,133,50.398000,33
35,134,31.251000,30
35,135,24.601000,32
35,136,51.182000,29
35,137,48.499000,30
35,138,46.070000,31
35,139,49.825000,32
35,140,55.840000,33
35,141,51.690000,30
35,142,25.800000,15
35,143,14.230000,8
35,144,13.092000,8
36,1,22.147000,15
36,2,35.352000,19
36,3,25.944000,16
36,4,27.835000,18
36,5,30.954000,19
36,6,59.729000,29
36,7,33.962000,20
36,8,34.119000,20
36,9,58.282000,32
36,10,36.703000,20
36,11,34.530000,20
36,12,62.273000,34
36,13,42.485000,23
36,14,39.272000,22
36,15,42.384000,23
36,16,37.289000,23
36,17,34.417000,22
36,18,31.881000,27
36,19,51.145000,25
36,20,41.165000,24
36,21,34.837000,21
36,22,47.099000,25
36,23,34.026000,21
36,24,36.178000,20
36,25,35.258000,21
36,26,32.805000,21
36,27,26.982000,20
36,28,36.991000,21
36,29,42.941000,24
36,30,50.545000,24
36,31,48.752000,29
36,32,42.321000,26
36,33,43.533000,28
36,34,44.264000,29
36,35,40.967000,32
36,36,17.482000,33
36,37,55.964000,34
36,38,48.288000,29
36,39,43.886000,29
36,40,46.030000,30
36,41,48.410000,30
36,42,54.909000,30
36,43,37.258000,27
36,44,24.210000,21
36,45,15.602000,21
36,46,40.808000,22
36,47,34.712000,20
36,48,38.069000,22
36,49,30.667000,20
36,50,37.123000,22
36,51,33.928000,20
36,52,37.908000,22
36,53,41.300000,23
36,54,32.881000,21
36,55,39.403000,24
36,56,50.774000,24
36,57,37.208000,23
36,58,45.609000,25
36,59,39.574000,24
36,60,42.352000,24
36,61,38.620000,24
36,62,37.799000,27
36,63,28.526000,26
36,64,46.263000,28
36,65,47.080000,28
36,66,39.453000,24
36,67,40.806000,24
36,68,41.236000,24
36,69,38.639000,24
36,70,47.813000,26
36,71,34.967000,26
36,72,29.910000,26
36,73,44.506000,26
36,74,45.311000,26
36,75,38.691000,26
36,76,43.569000,26
36,77,42.110000,26
36,78,46.886000,26
36,79,38.372000,26
36,80,39.240000,26
36,81,26.200000,27
36,82,38.274000,24
36,83,46.290000,26
36,84,48.814000,26
36,85,44.936000,26
36,86,38.041000,23
36,87,40.920000,26
36,88,42.880000,26
36,89,33.082000,23
36,90,26.724000,27
36,91,42.529000,26
36,92,38.509000,22
36,93,48.697000,26
36,94,33.570000,22
36,95,53.721000,28
36,96,37.840000,22
36,97,44.416000,24
36,98,35.407000,24
36,99,28.492000,23
36,100,46.215000,24
36,101,35.268000,22
36,102,30.496000,17
36,103,26.252000,16
36,104,28.382000,16
36,105,28.394000,15
36,106,28.382000,16
36,107,28.879000,17
36,108,30.338000,18
36,109,29.755000,17
36,110,31.721000,16
36,111,26.248000,15
36,112,27.877000,16
36,113,23.394000,16
36,114,35.209000,21
36,115,31.005000,17
36,116,63.856000,29
36,117,34.798000,24
36,118,34.239000,20
36,119,45.605000,24
36,120,46.580000,25
36,121,42.850000,24
36,122,33.109000,20
36,123,32.466000,21
36,124,34.552000,21
36,125,41.660000,23
36,126,29.851000,20
36,127,40.807000,24
36,128,51.385000,34
36,129,41.668000,31
36,130,56.693000,33
36,131,47.324000,29
36,132,53.347000,31
36,133,46.674000,30
36,134,28.016000,30
36,135,12.473000,32
36,136,48.000000,31
36,137,44.237000,29
36,138,50.043000,31
36,139,58.249000,33
36,140,60.336000,34
36,141,44.825000,31
36,142,19.841000,9
36,143,13.234000,8
36,144,10.274000,8
37,1,25.990000,15
37,2,26.265000,19
37,3,31.698000,18
37,4,31.826000,18
37,5,32.484000,20
37,6,43.172000,24
37,7,45.110000,23
37,8,33.781000,21
37,9,32.523000,20
37,10,31.717000,20
37,11,29.446000,20
37,12,33.462000,20
37,13,34.637000,20
37,14,64.343000,32
37,15,41.281000,23
37,16,36.127000,21
37,17,38.953000,23
37,18,32.158000,22
37,19,42.061000,23
37,20,52.645000,27
37,21,43.718000,21
37,22,33.275000,20
37,23,60.620000,32
37,24,46.829000,25
37,25,32.029000,20
37,26,26.840000,20
37,27,20.529000,20
37,28,38.087000,20
37,29,10.640000,9
37,30,46.913000,24
37,31,47.968000,26
37,32,46.067000,29
37,33,63.053000,36
37,34,51.655000,28
37,35,35.826000,30
37,36,32.017000,34
37,37,52.240000,34
37,38,49.740000,30
37,39,52.381000,31
37,40,46.591000,30
37,41,58.787000,32
37,42,45.637000,27
37,43,28.465000,22
37,44,23.489000,22
37,45,19.316000,21
37,46,35.371000,22
37,47,26.878000,20
37,48,32.788000,20
37,49,40.664000,22
37,50,39.203000,22
37,51,37.730000,22
37,52,39.838000,23
37,53,43.198000,23
37,54,29.548000,21
37,55,43.186000,24
37,56,42.960000,24
37,57,39.135000,23
37,58,46.778000,25
37,59,42.593000,23
37,60,40.145000,24
37,61,40.330000,24
37,62,35.380000,26
37,63,26.997000,27
37,64,43.435000,28
37,65,41.410000,26
37,66,41.864000,24
37,67,35.027000,24
37,68,46.106000,26
37,69,44.612000,26
37,70,48.134000,26
37,71,34.538000,26
37,72,23.191000,26
37,73,43.183000,26
37,74,47.829000,27
37,75,46.454000,26
37,76,48.440000,26
37,77,43.244000,26
37,78,45.707000,26
37,79,43.288000,27
37,80,31.638000,26
37,81,21.190000,24
37,82,40.700000,24
37,83,41.250000,26
37,84,45.646000,26
37,85,46.667000,26
37,86,45.681000,26
37,87,42.251000,26
37,88,42.341000,26
37,89,33.548000,26
37,90,30.827000,34
37,91,41.896000,24
37,92,45.526000,26
37,93,38.943000,24
37,94,43.596000,24
37,95,37.596000,23
37,96,49.685000,26
37,97,41.741000,24
37,98,35.403000,25
37,99,26.903000,24
37,100,42.098000,23
37,101,34.535000,21
37,102,39.922000,21
37,103,31.099000,19
37,104,33.681000,17
37,105,32.062000,16
37,106,28.038000,16
37,107,31.380000,18
37,108,31.489000,19
37,109,24.760000,17
37,110,21.932000,16
37,111,29.632000,17
37,112,30.191000,17
37,113,29.956000,17
37,114,30.057000,18
37,115,40.944000,24
37,116,40.021000,21
37,117,50.096000,26
37,118,38.246000,20
37,119,38.645000,24
37,120,34.007000,20
37,121,38.541000,21
37,122,35.210000,21
37,123,36.662000,21
37,124,41.312000,23
37,125,37.246000,22
37,126,34.489000,25
37,127,42.140000,22
37,128,60.546000,37
37,129,58.722000,35
37,130,50.273000,35
37,131,50.999000,32
37,132,45.850000,30
37,133,34.490000,29
37,134,22.684000,30
37,135,8.160000,31
37,136,44.322000,31
37,137,45.581000,29
37,138,47.609000,30
37,139,47.110000,31
37,140,52.955000,32
37,141,51.983000,31
37,142,15.977000,9
37,143,13.980000,8
37,144,12.745000,8
38,1,25.223000,15
38,2,32.820000,19
38,3,31.611000,18
38,4,28.875000,18
38,5,34.029000,20
38,6,35.559000,22
38,7,36.366000,21
38,8,48.220000,23
38,9,34.130000,20
38,10,57.948000,31
38,11,34.877000,20
38,12,43.977000,23
38,13,54.441000,30
38,14,49.006000,24
38,15,52.352000,24
38,16,43.610000,22
38,17,30.636000,23
38,18,18.994000,23
38,19,41.864000,23
38,20,33.953000,20
38,21,34.542000,20
38,22,35.028000,20
38,23,37.989000,20
38,24,48.827000,24
38,25,40.881000,24
38,26,41.321000,23
38,27,40.467000,28
38,28,35.757000,20
38,29,18.811000,9
38,30,35.450000,21
38,31,35.843000,23
38,32,49.833000,32
38,33,51.031000,32
38,34,50.823000,31
38,35,57.373000,32
38,36,36.231000,32
38,37,56.668000,34
38,38,54.813000,32
38,39,58.357000,35
38,40,52.667000,32
38,41,52.704000,32
38,42,41.234000,23
38,43,35.635000,24
38,44,20.167000,20
38,45,11.450000,23
38,46,44.848000,22
38,47,33.770000,20
38,48,33.394000,20
38,49,37.964000,22
38,50,41.037000,22
38,51,45.075000,22
38,52,40.543000,23
38,53,47.657000,23
38,54,29.532000,21
38,55,46.449000,24
38,56,43.927000,24
38,57,38.792000,23
38,58,43.374000,25
38,59,46.962000,25
38,60,41.087000,24
38,61,39.658000,24
38,62,38.636000,25
38,63,31.826000,25
38,64,46.307000,27
38,65,65.023000,34
38,66,50.939000,28
38,67,43.840000,24
38,68,41.710000,26
38,69,42.129000,24
38,70,48.473000,26
38,71,33.067000,27
38,72,16.728000,27
38,73,46.423000,26
38,74,46.503000,27
38,75,50.424000,26
38,76,43.864000,26
38,77,56.115000,27
38,78,47.896000,26
38,79,43.338000,26
38,80,33.645000,26
38,81,12.694000,24
38,82,46.323000,26
38,83,44.924000,26
38,84,38.069000,26
38,85,48.307000,26
38,86,47.693000,26
38,87,46.033000,26
38,88,49.752000,26
38,89,39.652000,26
38,90,25.531000,27
38,91,41.951000,24
38,92,45.673000,25
38,93,37.814000,23
38,94,41.863000,25
38,95,38.809000,24
38,96,54.408000,26
38,97,36.641000,22
38,98,44.580000,24
38,99,26.270000,21
38,100,44.714000,22
38,101,39.772000,21
38,102,43.735000,23
38,103,23.891000,11
38,104,37.980000,18
38,105,30.512000,17
38,106,31.520000,17
38,107,34.055000,19
38,108,28.908000,17
38,109,29.565000,18
38,110,31.517000,17
38,111,32.683000,18
38,112,31.400000,18
38,113,31.035000,17
38,114,46.983000,27
38,115,33.249000,21
38,116,41.110000,24
38,117,40.094000,20
38,118,44.844000,23
38,119,48.903000,25
38,120,35.519000,24
38,121,41.803000,24
38,122,31.591000,20
38,123,36.097000,21
38,124,36.795000,20
38,125,33.494000,20
38,126,34.320000,21
38,127,46.292000,25
38,128,47.326000,32
38,129,53.987000,34
38,130,54.764000,34
38,131,48.676000,29
38,132,55.938000,32
38,133,46.655000,30
38,134,25.164000,30
38,135,7.991000,29
38,136,47.506000,32
38,137,55.849000,33
38,138,53.369000,32
38,139,55.260000,32
38,140,53.784000,32
38,141,53.869000,33
38,142,20.105000,9
38,143,11.749000,8
38,144,10.349000,8
39,1,32.235000,19
39,2,29.229000,18
39,3,27.679000,16
39,4,29.039000,18
39,5,34.122000,19
39,6,42.847000,25
39,7,33.698000,20
39,8,35.655000,20
39,9,49.285000,27
39,10,34.592000,20
39,11,35.105000,20
39,12,39.794000,21
39,13,45.778000,23
39,14,34.563000,20
39,15,40.773000,23
39,16,52.571000,27
39,17,35.970000,21
39,18,30.893000,21
39,19,37.850000,21
39,20,33.367000,21
39,21,58.852000,29
39,22,32.774000,20
39,23,34.606000,20
39,24,46.810000,24
39,25,47.830000,26
39,26,35.771000,21
39,27,15.155000,9
39,28,39.460000,21
39,29,20.269000,9
39,30,24.735000,15
39,31,38.908000,23
39,32,52.657000,28
39,33,52.706000,30
39,34,52.702000,32
39,35,50.649000,32
39,36,34.979000,32
39,37,55.133000,35
39,38,51.113000,29
39,39,59.862000,34
39,40,55.672000,33
39,41,56.622000,34
39,42,38.625000,22
39,43,31.750000,21
39,44,18.642000,20
39,45,8.440000,21
39,46,37.766000,20
39,47,40.408000,23
39,48,41.234000,22
39,49,36.165000,22
39,50,39.265000,22
39,51,41.599000,22
39,52,40.483000,24
39,53,41.841000,23
39,54,32.265000,21
39,55,40.894000,24
39,56,53.823000,28
39,57,33.420000,21
39,58,44.704000,25
39,59,46.740000,25
39,60,37.284000,22
39,61,49.658000,27
39,62,42.230000,28
39,63,19.187000,27
39,64,47.764000,28
39,65,45.169000,28
39,66,37.361000,24
39,67,35.650000,24
39,68,46.931000,26
39,69,45.167000,26
39,70,44.527000,26
39,71,41.558000,27
39,72,24.582000,26
39,73,40.899000,25
39,74,44.030000,27
39,75,42.268000,26
39,76,49.766000,26
39,77,47.229000,26
39,78,46.911000,27
39,79,47.229000,27
39,80,35.838000,26
39,81,17.428000,24
39,82,39.543000,24
39,83,40.507000,26
39,84,45.137000,25
39,85,41.470000,26
39,86,47.954000,26
39,87,45.124000,25
39,88,45.868000,26
39,89,42.569000,26
39,90,25.770000,27
39,91,39.469000,24
39,92,46.390000,25
39,93,41.949000,23
39,94,43.312000,25
39,95,41.435000,25
39,96,45.315000,24
39,97,40.716000,23
39,98,41.559000,26
39,99,23.478000,23
39,100,42.015000,23
39,101,37.732000,21
39,102,35.328000,22
39,103,42.055000,23
39,104,34.682000,18
39,105,36.390000,19
39,106,31.169000,18
39,107,32.456000,18
39,108,32.969000,18
39,109,33.042000,18
39,110,30.318000,17
39,111,35.089000,19
39,112,29.155000,18
39,113,23.573000,11
39,114,36.270000,23
39,115,37.650000,21
39,116,35.612000,23
39,117,44.796000,21
39,118,33.026000,20
39,119,37.260000,23
39,120,35.517000,21
39,121,34.089000,21
39,122,43.298000,24
39,123,38.256000,20
39,124,40.399000,23
39,125,46.588000,24
39,126,34.216000,23
39,127,47.400000,26
39,128,57.761000,33
39,129,51.618000,33
39,130,52.554000,33
39,131,49.007000,31
39,132,53.555000,33
39,133,41.712000,34
39,134,17.622000,32
39,135,3.862000,30
39,136,41.637000,29
39,137,49.667000,33
39,138,48.369000,32
39,139,53.778000,31
39,140,60.801000,33
39,141,55.443000,33
39,142,14.942000,9
39,143,12.541000,8
39,144,10.746000,8
40,1,25.076000,15
40,2,30.859000,19
40,3,28.574000,18
40,4,34.938000,18
40,5,29.965000,18
40,6,39.402000,23
40,7,33.533000,20
40,8,37.126000,20
40,9,36.541000,20
40,10,46.412000,24
40,11,35.087000,20
40,12,38.662000,20
40,13,36.501000,20
40,14,39.787000,23
40,15,44.323000,24
40,16,42.627000,23
40,17,41.864000,23
40,18,34.050000,23
40,19,36.207000,21
40,20,30.277000,20
40,21,37.731000,20
40,22,39.005000,20
40,23,56.680000,28
40,24,38.354000,21
40,25,38.120000,20
40,26,33.030000,20
40,27,30.762000,24
40,28,34.809000,20
40,29,15.545000,9
40,30,27.184000,15
40,31,45.225000,23
40,32,50.590000,28
40,33,63.653000,39
40,34,58.835000,38
40,35,42.062000,30
40,36,34.559000,31
40,37,50.588000,33
40,38,56.292000,34
40,39,63.272000,33
40,40,51.630000,31
40,41,54.739000,33
40,42,45.700000,23
40,43,34.106000,23
40,44,20.862000,20
40,45,9.686000,22
40,46,43.956000,22
40,47,39.039000,21
40,48,50.495000,25
40,49,40.362000,23
40,50,39.881000,22
40,51,37.841000,22
40,52,42.960000,24
40,53,42.107000,23
40,54,29.265000,21
40,55,45.419000,24
40,56,50.508000,25
40,57,37.465000,21
40,58,40.220000,25
40,59,44.898000,25
40,60,40.156000,22
40,61,45.865000,24
40,62,35.719000,25
40,63,30.634000,25
40,64,47.297000,28
40,65,47.821000,27
40,66,40.754000,24
40,67,42.394000,24
40,68,41.305000,26
40,69,44.779000,26
40,70,43.474000,26
40,71,36.947000,27
40,72,24.192000,26
40,73,44.271000,26
40,74,45.881000,26
40,75,42.481000,26
40,76,45.013000,26
40,77,51.466000,26
40,78,53.648000,26
40,79,38.259000,24
40,80,33.457000,26
40,81,11.362000,24
40,82,43.997000,24
40,83,40.393000,26
40,84,51.943000,26
40,85,45.025000,26
40,86,40.639000,26
40,87,40.297000,26
40,88,42.289000,26
40,89,30.528000,23
40,90,26.568000,27
40,91,41.121000,24
40,92,44.320000,27
40,93,47.343000,23
40,94,41.865000,24
40,95,39.902000,24
40,96,37.993000,22
40,97,43.200000,25
40,98,38.259000,23
40,99,28.703000,23
40,100,42.291000,23
40,101,35.353000,21
40,102,40.054000,22
40,103,38.145000,22
40,104,31.088000,18
40,105,33.490000,18
40,106,26.656000,17
40,107,35.582000,19
40,108,30.695000,18
40,109,33.791000,19
40,110,34.695000,18
40,111,32.904000,18
40,112,33.648000,18
40,113,44.668000,25
40,114,41.325000,23
40,115,38.840000,24
40,116,43.340000,24
40,117,41.910000,26
40,118,31.178000,21
40,119,28.425000,20
40,120,37.401000,20
40,121,39.123000,21
40,122,48.490000,27
40,123,34.639000,20
40,124,44.950000,23
40,125,31.508000,20
40,126,36.070000,23
40,127,43.966000,25
40,128,50.535000,30
40,129,53.788000,31
40,130,55.184000,32
40,131,50.167000,32
40,132,58.759000,34
40,133,45.072000,33
40,134,20.006000,31
40,135,4.633000,31
40,136,42.613000,30
40,137,51.368000,33
40,138,59.449000,32
40,139,55.284000,32
40,140,52.028000,31
40,141,48.473000,33
40,142,19.611000,9
40,143,13.674000,8
40,144,12.316000,8
41,1,41.868000,21
41,2,29.421000,17
41,3,29.932000,18
41,4,30.795000,18
41,5,32.828000,17
41,6,39.773000,23
41,7,39.965000,20
41,8,53.485000,22
41,9,30.603000,20
41,10,35.096000,20
41,11,34.440000,20
41,12,37.356000,21
41,13,36.300000,20
41,14,36.717000,22
41,15,44.341000,23
41,16,46.858000,26
41,17,42.438000,23
41,18,35.739000,23
41,19,40.133000,20
41,20,33.997000,20
41,21,33.800000,20
41,22,59.371000,32
41,23,31.073000,20
41,24,31.915000,21
41,25,33.738000,20
41,26,41.426000,21
41,27,19.591000,9
41,28,43.042000,22
41,29,18.454000,9
41,30,31.397000,18
41,31,40.337000,23
41,32,51.143000,29
41,33,58.299000,35
41,34,74.118000,37
41,35,36.134000,35
41,36,15.648000,31
41,37,51.516000,32
41,38,47.487000,31
41,39,46.431000,32
41,40,61.212000,36
41,41,65.480000,35
41,42,42.343000,24
41,43,31.508000,23
41,44,26.497000,25
41,45,8.016000,22
41,46,40.133000,22
41,47,34.063000,20
41,48,40.713000,21
41,49,42.823000,23
41,50,38.412000,22
41,51,37.498000,23
41,52,41.637000,23
41,53,46.338000,23
41,54,30.463000,21
41,55,43.001000,24
41,56,41.821000,24
41,57,33.940000,21
41,58,41.510000,24
41,59,43.740000,24
41,60,40.398000,24
41,61,40.617000,22
41,62,42.864000,25
41,63,37.119000,32
41,64,43.001000,28
41,65,41.803000,28
41,66,38.467000,24
41,67,38.219000,24
41,68,43.531000,26
41,69,40.010000,26
41,70,42.786000,26
41,71,43.980000,27
41,72,25.439000,26
41,73,46.296000,27
41,74,46.268000,27
41,75,46.365000,26
41,76,42.926000,26
41,77,64.455000,31
41,78,49.636000,26
41,79,44.615000,26
41,80,28.103000,26
41,81,9.831000,24
41,82,38.500000,24
41,83,46.109000,26
41,84,41.514000,26
41,85,39.782000,25
41,86,40.300000,26
41,87,41.864000,26
41,88,44.936000,26
41,89,42.907000,26
41,90,25.611000,27
41,91,41.688000,24
41,92,44.533000,25
41,93,41.434000,23
41,94,43.919000,26
41,95,34.206000,22
41,96,41.881000,24
41,97,49.985000,23
41,98,40.670000,23
41,99,23.663000,21
41,100,42.987000,23
41,101,37.824000,21
41,102,36.919000,22
41,103,36.629000,22
41,104,32.325000,18
41,105,26.175000,17
41,106,31.205000,17
41,107,34.255000,18
41,108,31.715000,18
41,109,35.155000,18
41,110,27.528000,17
41,111,30.761000,17
41,112,29.444000,18
41,113,40.988000,23
41,114,38.351000,23
41,115,35.654000,22
41,116,36.911000,20
41,117,44.229000,23
41,118,36.489000,20
41,119,37.337000,21
41,120,35.218000,20
41,121,32.438000,20
41,122,33.586000,20
41,123,34.791000,20
41,124,41.716000,23
41,125,35.452000,20
41,126,41.712000,23
41,127,40.117000,23
41,128,48.912000,31
41,129,55.165000,33
41,130,52.822000,33
41,131,48.598000,32
41,132,53.133000,33
41,133,47.190000,33
41,134,24.125000,30
41,135,10.146000,31
41,136,46.296000,31
41,137,53.870000,33
41,138,46.217000,31
41,139,59.423000,34
41,140,63.749000,33
41,141,58.057000,33
41,142,17.109000,9
41,143,12.968000,8
41,144,10.664000,8
42,1,24.799000,15
42,2,32.263000,19
42,3,28.269000,16
42,4,33.780000,17
42,5,28.939000,17
42,6,41.745000,23
42,7,35.282000,20
42,8,39.608000,21
42,9,53.260000,27
42,10,31.737000,20
42,11,56.918000,29
42,12,43.529000,25
42,13,42.132000,23
42,14,43.683000,23
42,15,41.037000,20
42,16,46.287000,23
42,17,34.268000,22
42,18,34.033000,24
42,19,32.972000,20
42,20,34.599000,21
42,21,58.492000,28
42,22,34.422000,20
42,23,48.905000,24
42,24,37.873000,21
42,25,38.775000,20
42,26,33.513000,20
42,27,29.418000,24
42,28,35.737000,20
42,29,19.921000,9
42,30,26.640000,15
42,31,39.769000,23
42,32,52.012000,29
42,33,57.064000,33
42,34,48.934000,32
42,35,50.637000,32
42,36,33.617000,29
42,37,53.500000,33
42,38,54.643000,33
42,39,57.593000,33
42,40,59.720000,31
42,41,51.128000,32
42,42,40.307000,23
42,43,35.110000,23
42,44,22.251000,23
42,45,6.160000,22
42,46,58.779000,29
42,47,32.655000,20
42,48,38.342000,22
42,49,35.998000,22
42,50,40.746000,24
42,51,41.062000,22
42,52,42.884000,23
42,53,39.447000,23
42,54,27.378000,21
42,55,42.216000,24
42,56,46.397000,24
42,57,37.821000,21
42,58,48.351000,26
42,59,42.141000,24
42,60,40.866000,24
42,61,43.123000,24
42,62,33.823000,25
42,63,32.557000,27
42,64,43.584000,28
42,65,62.461000,33
42,66,41.723000,24
42,67,38.167000,24
42,68,46.184000,26
42,69,45.753000,26
42,70,48.614000,27
42,71,37.084000,26
42,72,19.107000,26
42,73,46.807000,26
42,74,43.384000,26
42,75,41.409000,26
42,76,44.170000,26
42,77,51.201000,26
42,78,40.028000,26
42,79,37.789000,26
42,80,36.951000,26
42,81,28.524000,24
42,82,40.274000,26
42,83,44.905000,26
42,84,46.769000,29
42,85,44.532000,26
42,86,41.542000,26
42,87,46.280000,26
42,88,48.133000,26
42,89,33.841000,26
42,90,28.222000,28
42,91,38.664000,24
42,92,43.104000,24
42,93,41.836000,23
42,94,37.300000,24
42,95,47.597000,25
42,96,44.653000,26
42,97,39.225000,25
42,98,38.498000,24
42,99,30.087000,23
42,100,35.774000,23
42,101,35.324000,21
42,102,44.051000,22
42,103,44.766000,24
42,104,41.708000,18
42,105,33.786000,17
42,106,31.732000,18
42,107,31.764000,18
42,108,27.469000,18
42,109,32.891000,18
42,110,31.018000,17
42,111,29.939000,17
42,112,36.226000,19
42,113,35.316000,22
42,114,37.516000,22
42,115,38.515000,21
42,116,38.032000,23
42,117,35.186000,24
42,118,34.377000,20
42,119,33.816000,21
42,120,30.578000,20
42,121,31.766000,20
42,122,38.046000,20
42,123,34.759000,20
42,124,40.684000,23
42,125,33.034000,20
42,126,35.252000,22
42,127,45.142000,28
42,128,50.797000,35
42,129,52.041000,31
42,130,59.801000,33
42,131,52.279000,32
42,132,56.259000,33
42,133,45.541000,34
42,134,17.477000,31
42,135,3.767000,29
42,136,54.529000,31
42,137,54.616000,32
42,138,56.326000,32
42,139,57.865000,31
42,140,73.455000,39
42,141,42.271000,32
42,142,15.143000,9
42,143,13.504000,8
42,144,9.097000,8
43,1,20.017000,15
43,2,28.466000,17
43,3,24.610000,15
43,4,32.385000,18
43,5,29.161000,17
43,6,51.557000,27
43,7,35.101000,20
43,8,38.429000,24
43,9,37.352000,22
43,10,36.311000,20
43,11,31.967000,21
43,12,36.737000,20
43,13,36.730000,22
43,14,47.294000,23
43,15,40.368000,23
43,16,41.767000,23
43,17,39.966000,21
43,18,34.338000,24
43,19,47.129000,27
43,20,42.811000,22
43,21,35.842000,21
43,22,56.866000,24
43,23,34.097000,20
43,24,40.102000,21
43,25,43.625000,22
43,26,40.733000,23
43,27,15.626000,9
43,28,33.242000,20
43,29,15.428000,9
43,30,29.629000,15
43,31,40.051000,23
43,32,50.210000,30
43,33,45.121000,31
43,34,58.725000,33
43,35,49.074000,32
43,36,40.651000,31
43,37,50.560000,32
43,38,57.870000,35
43,39,59.836000,33
43,40,52.114000,32
43,41,54.611000,32
43,42,37.248000,23
43,43,37.137000,23
43,44,24.841000,26
43,45,5.967000,22
43,46,38.330000,21
43,47,30.645000,20
43,48,39.496000,22
43,49,43.252000,24
43,50,46.366000,23
43,51,43.298000,22
43,52,52.507000,24
43,53,39.902000,23
43,54,33.787000,21
43,55,41.169000,24
43,56,36.836000,23
43,57,38.488000,21
43,58,54.894000,25
43,59,37.952000,23
43,60,43.137000,24
43,61,37.929000,24
43,62,39.883000,25
43,63,36.356000,29
43,64,45.978000,28
43,65,50.245000,29
43,66,43.668000,26
43,67,46.921000,24
43,68,49.697000,26
43,69,44.724000,26
43,70,43.551000,26
43,71,35.279000,27
43,72,17.054000,26
43,73,40.069000,26
43,74,41.849000,27
43,75,61.366000,28
43,76,50.290000,26
43,77,42.960000,26
43,78,43.283000,27
43,79,40.685000,26
43,80,37.204000,26
43,81,17.056000,24
43,82,38.314000,24
43,83,43.697000,26
43,84,43.895000,25
43,85,50.322000,26
43,86,45.009000,26
43,87,43.821000,26
43,88,47.707000,26
43,89,37.552000,26
43,90,26.840000,27
43,91,40.021000,24
43,92,41.939000,25
43,93,40.335000,23
43,94,51.735000,25
43,95,30.659000,22
43,96,44.969000,24
43,97,33.291000,21
43,98,40.364000,24
43,99,32.123000,24
43,100,40.990000,23
43,101,35.647000,21
43,102,42.952000,23
43,103,43.321000,22
43,104,31.553000,16
43,105,30.095000,17
43,106,32.075000,18
43,107,33.412000,18
43,108,30.295000,18
43,109,34.629000,18
43,110,29.439000,18
43,111,29.605000,17
43,112,26.787000,17
43,113,37.810000,21
43,114,43.077000,23
43,115,36.171000,22
43,116,42.221000,23
43,117,46.200000,24
43,118,43.867000,23
43,119,44.579000,24
43,120,45.491000,24
43,121,39.402000,20
43,122,34.170000,21
43,123,33.642000,20
43,124,41.305000,23
43,125,30.072000,20
43,126,31.970000,23
43,127,46.035000,26
43,128,60.445000,36
43,129,57.982000,31
43,130,49.297000,32
43,131,48.633000,32
43,132,51.411000,32
43,133,42.958000,32
43,134,16.859000,30
43,135,4.857000,30
43,136,46.927000,32
43,137,53.023000,32
43,138,53.904000,32
43,139,61.019000,33
43,140,62.944000,33
43,141,50.489000,33
43,142,15.380000,9
43,143,14.416000,8
43,144,9.712000,8
44,1,29.712000,18
44,2,33.130000,19
44,3,29.117000,18
44,4,31.397000,18
44,5,31.985000,17
44,6,43.782000,24
44,7,57.782000,29
44,8,43.986000,25
44,9,32.603000,21
44,10,61.821000,31
44,11,36.737000,21
44,12,38.771000,22
44,13,33.807000,20
44,14,36.544000,22
44,15,66.776000,34
44,16,38.146000,20
44,17,35.743000,20
44,18,24.606000,23
44,19,53.854000,28
44,20,33.245000,20
44,21,36.099000,20
44,22,39.882000,20
44,23,34.462000,21
44,24,38.229000,21
44,25,33.955000,21
44,26,36.937000,20
44,27,36.089000,24
44,28,48.907000,24
44,29,34.163000,22
44,30,51.229000,30
44,31,41.556000,23
44,32,48.789000,30
44,33,46.703000,30
44,34,65.181000,35
44,35,33.045000,32
44,36,14.219000,32
44,37,62.880000,38
44,38,49.920000,32
44,39,46.402000,31
44,40,57.794000,33
44,41,46.933000,30
44,42,47.077000,24
44,43,35.350000,20
44,44,27.034000,24
44,45,11.485000,21
44,46,40.361000,22
44,47,34.474000,20
44,48,33.286000,20
44,49,35.587000,23
44,50,41.312000,22
44,51,42.722000,23
44,52,38.799000,22
44,53,42.706000,23
44,54,32.289000,21
44,55,44.186000,23
44,56,46.434000,23
44,57,40.408000,21
44,58,41.296000,25
44,59,37.202000,22
44,60,39.020000,24
44,61,41.303000,24
44,62,39.225000,24
44,63,27.543000,25
44,64,47.707000,28
44,65,51.792000,28
44,66,38.880000,24
44,67,41.886000,26
44,68,41.571000,26
44,69,50.184000,26
44,70,46.425000,26
44,71,37.435000,27
44,72,19.271000,26
44,73,45.924000,26
44,74,49.683000,26
44,75,37.447000,26
44,76,45.625000,26
44,77,42.892000,26
44,78,47.046000,26
44,79,41.105000,24
44,80,35.625000,26
44,81,20.441000,24
44,82,42.067000,24
44,83,41.290000,26
44,84,48.386000,26
44,85,48.513000,26
44,86,45.465000,26
44,87,47.073000,26
44,88,46.671000,26
44,89,32.398000,26
44,90,24.220000,27
44,91,44.156000,25
44,92,43.145000,26
44,93,43.572000,23
44,94,42.470000,24
44,95,40.467000,24
44,96,39.356000,22
44,97,45.266000,23
44,98,46.425000,26
44,99,30.414000,23
44,100,40.821000,23
44,101,39.811000,24
44,102,44.005000,24
44,103,32.404000,18
44,104,30.659000,16
44,105,30.322000,18
44,106,32.010000,18
44,107,34.584000,18
44,108,33.211000,18
44,109,34.693000,18
44,110,29.973000,18
44,111,32.721000,18
44,112,28.537000,17
44,113,33.988000,19
44,114,63.650000,36
44,115,35.835000,21
44,116,44.094000,22
44,117,30.326000,20
44,118,37.645000,20
44,119,42.318000,24
44,120,32.792000,20
44,121,37.488000,20
44,122,48.167000,25
44,123,31.919000,20
44,124,43.826000,23
44,125,32.206000,20
44,126,40.664000,23
44,127,47.362000,24
44,128,62.854000,36
44,129,48.024000,30
44,130,52.746000,33
44,131,45.071000,32
44,132,45.484000,31
44,133,48.999000,33
44,134,26.523000,30
44,135,9.978000,32
44,136,49.669000,33
44,137,61.306000,34
44,138,46.127000,30
44,139,52.387000,31
44,140,51.466000,32
44,141,52.089000,31
44,142,40.103000,28
44,143,11.977000,8
44,144,10.229000,8
45,1,23.884000,15
45,2,33.266000,19
45,3,41.031000,21
45,4,27.737000,17
45,5,37.714000,19
45,6,19.606000,10
45,7,33.569000,20
45,8,31.820000,20
45,9,34.527000,20
45,10,34.734000,20
45,11,33.073000,21
45,12,31.360000,20
45,13,40.898000,23
45,14,39.718000,23
45,15,43.644000,23
45,16,40.541000,23
45,17,39.961000,23
45,18,31.270000,22
45,19,40.802000,24
45,20,35.568000,20
45,21,41.297000,24
45,22,33.870000,20
45,23,34.260000,21
45,24,34.090000,21
45,25,32.018000,20
45,26,48.746000,28
45,27,18.643000,9
45,28,19.605000,9
45,29,19.684000,9
45,30,32.629000,21
45,31,41.639000,26
45,32,65.265000,36
45,33,47.362000,31
45,34,48.613000,32
45,35,59.482000,35
45,36,26.307000,31
45,37,48.724000,30
45,38,49.202000,32
45,39,55.515000,34
45,40,57.661000,34
45,41,52.647000,31
45,42,43.179000,27
45,43,31.286000,22
45,44,19.832000,20
45,45,8.116000,23
45,46,45.837000,23
45,47,33.971000,20
45,48,38.161000,22
45,49,46.411000,24
45,50,41.566000,23
45,51,44.144000,22
45,52,46.895000,23
45,53,34.915000,23
45,54,22.427000,21
45,55,40.651000,24
45,56,47.695000,28
45,57,31.404000,21
45,58,41.864000,25
45,59,38.705000,24
45,60,40.125000,24
45,61,39.254000,24
45,62,32.552000,23
45,63,30.731000,25
45,64,47.319000,28
45,65,44.058000,28
45,66,39.773000,24
45,67,42.280000,26
45,68,44.857000,26
45,69,40.604000,26
45,70,42.273000,27
45,71,37.335000,27
45,72,17.964000,26
45,73,45.970000,26
45,74,41.592000,27
45,75,41.968000,26
45,76,43.304000,26
45,77,42.946000,27
45,78,42.966000,26
45,79,42.049000,26
45,80,34.346000,26
45,81,19.141000,24
45,82,38.866000,24
45,83,44.552000,26
45,84,42.808000,26
45,85,41.770000,26
45,86,45.748000,26
45,87,40.890000,25
45,88,47.278000,26
45,89,36.740000,26
45,90,25.717000,28
45,91,40.762000,24
45,92,44.132000,25
45,93,40.730000,23
45,94,47.593000,25
45,95,38.389000,25
45,96,42.508000,24
45,97,45.776000,25
45,98,39.900000,26
45,99,21.620000,21
45,100,40.576000,23
45,101,38.342000,24
45,102,35.999000,23
45,103,28.244000,18
45,104,29.967000,17
45,105,28.858000,18
45,106,37.425000,18
45,107,33.314000,19
45,108,38.291000,20
45,109,31.428000,18
45,110,32.152000,18
45,111,34.339000,18
45,112,32.273000,18
45,113,31.358000,18
45,114,47.792000,27
45,115,34.646000,22
45,116,46.473000,23
45,117,38.561000,21
45,118,43.987000,24
45,119,34.117000,20
45,120,40.165000,24
45,121,31.885000,20
45,122,33.111000,20
45,123,32.727000,20
45,124,43.089000,26
45,125,31.525000,20
45,126,39.266000,23
45,127,36.105000,23
45,128,51.926000,35
45,129,52.801000,34
45,130,53.326000,32
45,131,50.283000,34
45,132,56.964000,33
45,133,39.199000,31
45,134,24.108000,30
45,135,5.423000,33
45,136,45.821000,32
45,137,55.879000,33
45,138,51.049000,30
45,139,54.603000,33
45,140,53.963000,32
45,141,46.318000,33
45,142,16.224000,9
45,143,13.847000,8
45,144,10.432000,8
46,1,25.641000,15
46,2,30.851000,19
46,3,29.640000,18
46,4,30.455000,18
46,5,34.058000,19
46,6,32.388000,18
46,7,47.591000,25
46,8,35.481000,20
46,9,36.604000,20
46,10,37.216000,20
46,11,36.187000,20
46,12,38.968000,23
46,13,41.106000,23
46,14,39.404000,23
46,15,42.312000,23
46,16,42.885000,23
46,17,40.167000,23
46,18,29.672000,23
46,19,35.878000,20
46,20,34.810000,20
46,21,49.448000,25
46,22,35.704000,22
46,23,56.094000,29
46,24,35.060000,21
46,25,41.957000,22
46,26,23.708000,9
46,27,30.004000,24
46,28,22.743000,9
46,29,17.639000,9
46,30,40.084000,28
46,31,46.351000,25
46,32,52.119000,32
46,33,56.779000,33
46,34,63.744000,35
46,35,40.084000,31
46,36,28.089000,32
46,37,52.383000,34
46,38,52.259000,32
46,39,50.570000,31
46,40,59.417000,35
46,41,52.693000,32
46,42,57.767000,31
46,43,27.533000,22
46,44,22.387000,23
46,45,7.170000,21
46,46,35.909000,22
46,47,31.556000,20
46,48,40.405000,24
46,49,40.663000,23
46,50,40.353000,23
46,51,39.011000,22
46,52,46.202000,23
46,53,41.890000,23
46,54,40.604000,26
46,55,40.198000,24
46,56,43.860000,24
46,57,34.521000,21
46,58,43.269000,25
46,59,37.898000,24
46,60,47.847000,26
46,61,41.806000,24
46,62,44.809000,27
46,63,30.429000,26
46,64,45.817000,27
46,65,45.290000,29
46,66,37.459000,24
46,67,49.572000,27
46,68,46.171000,26
46,69,42.960000,26
46,70,44.427000,26
46,71,33.312000,27
46,72,20.529000,26
46,73,40.197000,26
46,74,42.496000,26
46,75,46.280000,26
46,76,50.412000,26
46,77,47.379000,26
46,78,41.225000,26
46,79,44.523000,27
46,80,31.590000,26
46,81,19.337000,24
46,82,34.651000,24
46,83,49.805000,26
46,84,46.293000,26
46,85,41.100000,26
46,86,50.755000,26
46,87,42.499000,26
46,88,42.430000,26
46,89,35.071000,26
46,90,26.354000,27
46,91,42.831000,25
46,92,45.417000,25
46,93,39.863000,23
46,94,44.008000,25
46,95,43.984000,24
46,96,46.570000,24
46,97,40.732000,23
46,98,32.137000,24
46,99,24.916000,23
46,100,42.814000,24
46,101,34.675000,21
46,102,48.335000,23
46,103,31.536000,20
46,104,28.954000,17
46,105,30.487000,17
46,106,32.048000,18
46,107,33.572000,18
46,108,30.832000,18
46,109,33.499000,18
46,110,30.881000,18
46,111,26.531000,17
46,112,35.401000,18
46,113,29.884000,18
46,114,37.607000,21
46,115,49.414000,28
46,116,38.336000,21
46,117,37.251000,22
46,118,31.285000,20
46,119,32.630000,20
46,120,33.215000,21
46,121,37.879000,20
46,122,30.421000,20
46,123,28.361000,20
46,124,36.863000,20
46,125,35.226000,20
46,126,37.191000,23
46,127,38.789000,22
46,128,49.480000,30
46,129,47.957000,31
46,130,50.835000,32
46,131,56.491000,33
46,132,60.495000,33
46,133,38.712000,32
46,134,25.554000,32
46,135,5.779000,33
46,136,46.924000,32
46,137,45.368000,30
46,138,53.871000,32
46,139,55.550000,32
46,140,56.367000,32
46,141,56.009000,31
46,142,15.054000,9
46,143,16.555000,8
46,144,8.716000,8
47,1,23.438000,15
47,2,30.398000,19
47,3,29.272000,18
47,4,30.185000,18
47,5,35.609000,19
47,6,28.285000,17
47,7,35.267000,20
47,8,37.486000,20
47,9,37.979000,22
47,10,35.244000,20
47,11,48.787000,28
47,12,34.745000,20
47,13,38.645000,22
47,14,45.514000,23
47,15,39.928000,23
47,16,39.945000,22
47,17,39.170000,23
47,18,27.945000,21
47,19,35.198000,20
47,20,34.415000,21
47,21,37.852000,21
47,22,34.169000,20
47,23,37.431000,21
47,24,34.968000,21
47,25,59.850000,29
47,26,42.457000,24
47,27,16.500000,9
47,28,40.439000,25
47,29,18.241000,9
47,30,47.405000,27
47,31,46.428000,25
47,32,55.999000,35
47,33,45.126000,31
47,34,54.639000,32
47,35,46.634000,36
47,36,21.399000,33
47,37,59.509000,37
47,38,49.527000,32
47,39,57.518000,36
47,40,68.513000,35
47,41,59.169000,32
47,42,51.675000,34
47,43,27.454000,22
47,44,10.529000,24
47,45,3.909000,23
47,46,34.740000,20
47,47,34.987000,20
47,48,39.211000,22
47,49,38.882000,22
47,50,45.507000,25
47,51,39.021000,23
47,52,41.712000,23
47,53,37.992000,23
47,54,35.659000,24
47,55,40.835000,24
47,56,41.655000,24
47,57,33.535000,21
47,58,44.825000,25
47,59,48.928000,26
47,60,40.662000,24
47,61,51.039000,25
47,62,42.230000,28
47,63,28.264000,25
47,64,49.591000,28
47,65,42.273000,28
47,66,41.990000,24
47,67,41.377000,24
47,68,42.181000,26
47,69,38.898000,26
47,70,46.562000,25
47,71,41.626000,27
47,72,26.765000,26
47,73,46.223000,26
47,74,45.080000,27
47,75,48.400000,27
47,76,40.221000,26
47,77,39.854000,26
47,78,47.934000,26
47,79,40.742000,27
47,80,40.977000,26
47,81,22.951000,24
47,82,38.205000,24
47,83,42.942000,26
47,84,43.204000,26
47,85,47.729000,26
47,86,43.971000,26
47,87,49.363000,26
47,88,38.940000,25
47,89,36.058000,26
47,90,31.434000,28
47,91,37.800000,25
47,92,38.526000,22
47,93,39.882000,23
47,94,37.114000,22
47,95,36.284000,22
47,96,57.507000,31
47,97,49.429000,26
47,98,36.561000,24
47,99,28.822000,23
47,100,40.008000,23
47,101,38.442000,21
47,102,39.493000,22
47,103,31.407000,18
47,104,28.253000,18
47,105,30.441000,17
47,106,34.466000,18
47,107,39.471000,20
47,108,28.081000,18
47,109,31.304000,17
47,110,27.841000,18
47,111,29.455000,18
47,112,31.474000,18
47,113,33.668000,18
47,114,33.188000,21
47,115,58.531000,31
47,116,45.949000,24
47,117,35.004000,20
47,118,46.190000,24
47,119,32.318000,20
47,120,48.184000,26
47,121,41.592000,24
47,122,32.611000,20
47,123,36.013000,20
47,124,52.566000,26
47,125,30.627000,21
47,126,33.916000,23
47,127,40.886000,24
47,128,45.080000,28
47,129,53.994000,31
47,130,49.721000,32
47,131,58.601000,34
47,132,57.308000,33
47,133,42.919000,32
47,134,24.169000,30
47,135,7.344000,32
47,136,47.946000,32
47,137,56.931000,32
47,138,51.851000,31
47,139,50.177000,32
47,140,58.153000,31
47,141,52.027000,31
47,142,16.746000,9
47,143,12.668000,8
47,144,11.828000,8
48,1,27.636000,15
48,2,34.166000,19
48,3,29.904000,18
48,4,41.983000,20
48,5,32.084000,18
48,6,36.369000,18
48,7,34.125000,20
48,8,33.264000,21
48,9,46.468000,29
48,10,37.554000,21
48,11,33.491000,20
48,12,45.317000,24
48,13,35.692000,20
48,14,35.786000,21
48,15,52.204000,25
48,16,42.666000,23
48,17,38.978000,24
48,18,31.997000,24
48,19,36.230000,22
48,20,54.054000,27
48,21,43.501000,24
48,22,35.498000,20
48,23,34.934000,20
48,24,45.934000,25
48,25,36.270000,21
48,26,32.980000,21
48,27,29.869000,24
48,28,18.648000,9
48,29,16.866000,9
48,30,35.063000,23
48,31,40.703000,28
48,32,60.862000,35
48,33,54.507000,32
48,34,53.174000,35
48,35,51.019000,33
48,36,40.494000,37
48,37,53.156000,32
48,38,53.084000,33
48,39,51.834000,31
48,40,66.717000,36
48,41,56.283000,33
48,42,58.863000,36
48,43,22.266000,22
48,44,10.852000,23
48,45,4.274000,21
48,46,51.872000,26
48,47,44.136000,24
48,48,40.038000,23
48,49,31.122000,21
48,50,37.366000,22
48,51,42.536000,22
48,52,44.184000,23
48,53,33.634000,20
48,54,33.942000,23
48,55,42.821000,24
48,56,42.914000,24
48,57,38.135000,21
48,58,42.318000,25
48,59,46.920000,24
48,60,41.853000,24
48,61,49.413000,26
48,62,38.116000,25
48,63,28.554000,27
48,64,52.030000,29
48,65,49.120000,28
48,66,37.835000,24
48,67,37.913000,24
48,68,46.750000,26
48,69,40.304000,26
48,70,47.621000,26
48,71,37.496000,26
48,72,24.745000,26
48,73,50.593000,27
48,74,42.388000,27
48,75,44.825000,26
48,76,46.139000,26
48,77,45.303000,26
48,78,47.751000,26
48,79,45.399000,26
48,80,40.309000,26
48,81,17.305000,26
48,82,40.848000,24
48,83,47.662000,26
48,84,45.499000,26
48,85,39.755000,26
48,86,46.514000,26
48,87,50.995000,26
48,88,43.073000,26
48,89,34.391000,26
48,90,24.866000,28
48,91,42.683000,24
48,92,47.213000,27
48,93,43.578000,23
48,94,49.406000,26
48,95,43.673000,24
48,96,40.179000,22
48,97,43.770000,24
48,98,37.224000,24
48,99,25.259000,24
48,100,39.232000,23
48,101,38.112000,21
48,102,39.303000,21
48,103,29.779000,17
48,104,29.236000,17
48,105,32.021000,18
48,106,31.184000,18
48,107,36.526000,18
48,108,32.326000,18
48,109,37.522000,20
48,110,35.003000,18
48,111,27.042000,17
48,112,25.494000,17
48,113,27.739000,18
48,114,39.855000,22
48,115,49.836000,25
48,116,37.332000,21
48,117,39.700000,24
48,118,30.538000,21
48,119,43.516000,23
48,120,48.258000,28
48,121,47.738000,25
48,122,35.792000,20
48,123,40.815000,24
48,124,32.965000,20
48,125,36.333000,20
48,126,31.999000,23
48,127,39.249000,23
48,128,50.904000,26
48,129,55.123000,33
48,130,49.480000,32
48,131,44.963000,29
48,132,57.499000,32
48,133,48.708000,32
48,134,27.898000,30
48,135,9.024000,33
48,136,42.829000,31
48,137,51.129000,32
48,138,48.452000,30
48,139,52.514000,33
48,140,62.386000,33
48,141,57.441000,32
48,142,15.538000,9
48,143,15.317000,8
48,144,12.984000,8
49,1,21.681000,19
49,2,42.080000,23
49,3,31.327000,18
49,4,30.342000,17
49,5,32.380000,17
49,6,33.314000,19
49,7,35.189000,20
49,8,34.586000,21
49,9,37.302000,20
49,10,36.809000,20
49,11,28.117000,20
49,12,38.872000,22
49,13,47.360000,22
49,14,40.521000,23
49,15,44.118000,23
49,16,38.059000,20
49,17,41.864000,23
49,18,29.589000,23
49,19,36.516000,20
49,20,30.498000,20
49,21,36.165000,20
49,22,33.008000,20
49,23,35.544000,21
49,24,33.537000,21
49,25,33.562000,21
49,26,34.307000,21
49,27,17.441000,9
49,28,19.416000,9
49,29,20.837000,9
49,30,40.198000,23
49,31,54.760000,32
49,32,64.267000,34
49,33,56.964000,32
49,34,54.169000,36
49,35,34.497000,31
49,36,22.096000,31
49,37,48.617000,32
49,38,63.409000,36
49,39,59.662000,35
49,40,52.683000,31
49,41,60.834000,36
49,42,47.960000,34
49,43,32.075000,23
49,44,13.083000,24
49,45,4.728000,21
49,46,40.128000,20
49,47,43.626000,22
49,48,39.409000,22
49,49,44.499000,25
49,50,37.182000,22
49,51,44.449000,23
49,52,45.119000,23
49,53,32.621000,23
49,54,23.341000,21
49,55,42.013000,24
49,56,47.399000,24
49,57,36.871000,21
49,58,46.157000,25
49,59,36.972000,24
49,60,41.598000,25
49,61,44.341000,24
49,62,38.714000,25
49,63,27.322000,25
49,64,42.795000,27
49,65,46.458000,27
49,66,52.000000,26
49,67,40.692000,24
49,68,37.035000,26
49,69,43.721000,26
49,70,47.182000,26
49,71,33.397000,27
49,72,21.542000,26
49,73,41.644000,26
49,74,49.002000,27
49,75,49.390000,27
49,76,43.866000,26
49,77,44.558000,24
49,78,44.264000,26
49,79,38.899000,27
49,80,32.351000,27
49,81,21.684000,26
49,82,36.510000,24
49,83,39.913000,26
49,84,48.214000,26
49,85,49.771000,26
49,86,41.686000,26
49,87,49.764000,26
49,88,42.834000,26
49,89,29.128000,23
49,90,27.742000,27
49,91,41.661000,25
49,92,32.794000,22
49,93,47.712000,23
49,94,45.797000,26
49,95,46.401000,26
49,96,47.404000,24
49,97,38.959000,23
49,98,35.076000,24
49,99,30.872000,23
49,100,41.661000,24
49,101,37.190000,21
49,102,41.764000,23
49,103,34.091000,18
49,104,28.674000,17
49,105,32.895000,19
49,106,31.789000,18
49,107,31.598000,18
49,108,32.064000,18
49,109,30.284000,18
49,110,24.681000,17
49,111,33.658000,19
49,112,29.297000,17
49,113,29.352000,17
49,114,31.450000,19
49,115,37.615000,21
49,116,41.752000,22
49,117,36.268000,21
49,118,31.668000,21
49,119,38.683000,24
49,120,44.499000,24
49,121,36.893000,20
49,122,39.270000,24
49,123,36.881000,20
49,124,44.495000,26
49,125,33.332000,20
49,126,34.565000,23
49,127,35.153000,22
49,128,75.202000,42
49,129,56.110000,35
49,130,53.033000,32
49,131,48.454000,30
49,132,49.252000,34
49,133,32.352000,29
49,134,22.021000,32
49,135,6.596000,33
49,136,42.826000,32
49,137,49.301000,29
49,138,49.322000,30
49,139,61.284000,33
49,140,46.347000,32
49,141,52.436000,32
49,142,18.162000,9
49,143,13.251000,8
49,144,11.184000,8
50,1,26.521000,19
50,2,28.090000,19
50,3,32.656000,18
50,4,30.075000,18
50,5,29.758000,17
50,6,30.829000,18
50,7,39.733000,22
50,8,44.142000,24
50,9,45.220000,24
50,10,36.462000,21
50,11,31.757000,21
50,12,40.711000,20
50,13,37.944000,20
50,14,44.398000,23
50,15,35.168000,22
50,16,48.140000,23
50,17,35.142000,22
50,18,50.868000,35
50,19,38.035000,23
50,20,30.511000,20
50,21,38.219000,22
50,22,37.349000,20
50,23,32.146000,20
50,24,31.262000,21
50,25,51.889000,24
50,26,34.200000,20
50,27,37.222000,24
50,28,39.539000,23
50,29,13.560000,9
50,30,47.389000,23
50,31,49.176000,31
50,32,49.960000,32
50,33,56.358000,33
50,34,58.733000,35
50,35,38.522000,31
50,36,18.474000,31
50,37,46.586000,32
50,38,64.642000,35
50,39,50.269000,32
50,40,42.834000,31
50,41,57.056000,35
50,42,48.588000,33
50,43,28.955000,22
50,44,22.344000,20
50,45,10.491000,24
50,46,43.257000,24
50,47,49.578000,24
50,48,36.533000,23
50,49,38.803000,22
50,50,36.099000,22
50,51,44.568000,24
50,52,42.041000,23
50,53,39.400000,23
50,54,24.633000,21
50,55,43.942000,24
50,56,51.961000,29
50,57,48.440000,23
50,58,45.565000,27
50,59,38.567000,24
50,60,40.914000,22
50,61,44.701000,25
50,62,32.167000,25
50,63,25.344000,27
50,64,43.278000,26
50,65,43.544000,28
50,66,40.470000,24
50,67,34.975000,24
50,68,45.345000,26
50,69,51.549000,26
50,70,45.293000,26
50,71,35.648000,26
50,72,27.500000,26
50,73,43.906000,26
50,74,43.518000,27
50,75,44.748000,26
50,76,41.880000,26
50,77,50.430000,26
50,78,48.236000,26
50,79,42.907000,27
50,80,36.984000,26
50,81,15.267000,24
50,82,35.160000,24
50,83,36.887000,26
50,84,41.571000,26
50,85,43.896000,26
50,86,45.698000,26
50,87,44.049000,25
50,88,45.993000,26
50,89,44.486000,26
50,90,31.098000,27
50,91,42.997000,25
50,92,45.913000,27
50,93,41.275000,23
50,94,41.896000,25
50,95,38.591000,23
50,96,40.713000,22
50,97,43.012000,22
50,98,38.662000,24
50,99,31.089000,23
50,100,39.583000,23
50,101,35.070000,21
50,102,40.677000,24
50,103,28.787000,18
50,104,27.430000,17
50,105,29.221000,18
50,106,29.621000,18
50,107,33.710000,18
50,108,35.255000,20
50,109,29.076000,18
50,110,27.573000,18
50,111,27.838000,18
50,112,35.074000,20
50,113,31.402000,17
50,114,54.839000,27
50,115,38.351000,23
50,116,34.516000,20
50,117,39.201000,24
50,118,43.029000,24
50,119,53.506000,28
50,120,37.666000,20
50,121,52.438000,27
50,122,42.713000,24
50,123,33.810000,20
50,124,37.910000,20
50,125,34.967000,20
50,126,23.793000,21
50,127,41.354000,23
50,128,36.574000,25
50,129,60.217000,34
50,130,51.181000,31
50,131,47.171000,28
50,132,41.224000,28
50,133,51.722000,31
50,134,40.072000,32
50,135,10.444000,32
50,136,48.723000,32
50,137,49.627000,32
50,138,53.053000,32
50,139,50.932000,31
50,140,48.372000,32
50,141,51.890000,31
50,142,19.396000,9
50,143,13.494000,8
50,144,11.491000,8
51,1,23.308000,15
51,2,26.687000,18
51,3,29.299000,16
51,4,29.521000,17
51,5,32.422000,18
51,6,28.920000,18
51,7,39.802000,22
51,8,33.547000,20
51,9,52.045000,28
51,10,32.197000,20
51,11,54.492000,28
51,12,43.136000,24
51,13,44.753000,25
51,14,36.420000,20
51,15,40.580000,20
51,16,53.594000,30
51,17,27.941000,21
51,18,20.108000,21
51,19,34.841000,21
51,20,42.141000,21
51,21,34.356000,21
51,22,44.661000,24
51,23,35.515000,21
51,24,40.703000,22
51,25,37.820000,21
51,26,37.796000,21
51,27,16.145000,9
51,28,19.626000,9
51,29,41.143000,24
51,30,51.314000,24
51,31,62.698000,35
51,32,57.820000,34
51,33,47.770000,32
51,34,50.575000,34
51,35,33.854000,33
51,36,17.333000,31
51,37,51.924000,35
51,38,48.320000,32
51,39,54.370000,32
51,40,54.861000,32
51,41,61.573000,34
51,42,60.146000,35
51,43,24.303000,22
51,44,17.088000,21
51,45,9.915000,20
51,46,35.043000,20
51,47,34.505000,20
51,48,35.469000,23
51,49,36.748000,20
51,50,29.319000,20
51,51,33.747000,20
51,52,40.191000,23
51,53,40.683000,23
51,54,39.522000,24
51,55,41.280000,24
51,56,44.941000,24
51,57,39.250000,24
51,58,65.463000,30
51,59,46.196000,24
51,60,40.920000,23
51,61,41.813000,24
51,62,33.538000,25
51,63,24.133000,28
51,64,46.590000,29
51,65,54.009000,29
51,66,44.324000,26
51,67,41.739000,26
51,68,48.878000,26
51,69,39.193000,26
51,70,42.615000,27
51,71,30.121000,26
51,72,22.769000,27
51,73,45.106000,27
51,74,49.335000,26
51,75,48.681000,28
51,76,40.306000,26
51,77,52.020000,27
51,78,50.917000,27
51,79,41.870000,26
51,80,27.505000,26
51,81,15.382000,26
51,82,40.040000,25
51,83,46.391000,26
51,84,55.610000,29
51,85,49.423000,26
51,86,42.216000,26
51,87,44.864000,26
51,88,44.276000,26
51,89,31.195000,26
51,90,22.952000,27
51,91,41.666000,25
51,92,46.140000,25
51,93,40.113000,24
51,94,43.161000,24
51,95,41.768000,24
51,96,36.328000,22
51,97,36.175000,21
51,98,33.826000,24
51,99,21.076000,21
51,100,45.090000,24
51,101,35.988000,21
51,102,35.495000,23
51,103,33.278000,18
51,104,28.722000,17
51,105,32.105000,18
51,106,34.882000,18
51,107,30.531000,18
51,108,35.209000,18
51,109,29.645000,18
51,110,27.518000,17
51,111,30.309000,17
51,112,40.709000,22
51,113,27.714000,17
51,114,31.875000,18
51,115,36.808000,21
51,116,45.696000,24
51,117,35.488000,21
51,118,51.956000,29
51,119,48.147000,24
51,120,41.446000,24
51,121,42.559000,23
51,122,37.924000,21
51,123,38.971000,23
51,124,37.825000,21
51,125,28.756000,22
51,126,21.226000,21
51,127,45.138000,23
51,128,51.030000,27
51,129,51.303000,34
51,130,42.838000,32
51,131,48.959000,32
51,132,51.889000,33
51,133,41.174000,31
51,134,27.983000,30
51,135,15.796000,32
51,136,45.266000,33
51,137,52.690000,31
51,138,48.754000,31
51,139,42.852000,32
51,140,54.677000,32
51,141,50.427000,32
51,142,20.930000,10
51,143,13.022000,8
51,144,13.190000,8
52,1,22.840000,15
52,2,30.999000,18
52,3,32.875000,18
52,4,32.534000,17
52,5,47.174000,21
52,6,32.482000,18
52,7,48.456000,23
52,8,34.944000,20
52,9,32.027000,20
52,10,32.917000,20
52,11,50.628000,26
52,12,35.365000,20
52,13,39.276000,21
52,14,77.989000,38
52,15,45.091000,24
52,16,34.811000,20
52,17,30.385000,21
52,18,21.307000,21
52,19,37.006000,21
52,20,37.053000,23
52,21,33.511000,21
52,22,44.224000,21
52,23,37.041000,21
52,24,34.346000,21
52,25,49.344000,25
52,26,37.161000,21
52,27,15.337000,9
52,28,23.817000,9
52,29,18.214000,9
52,30,33.167000,22
52,31,48.348000,32
52,32,69.406000,37
52,33,46.457000,32
52,34,51.825000,33
52,35,45.129000,32
52,36,28.429000,31
52,37,45.760000,32
52,38,48.978000,32
52,39,52.353000,32
52,40,48.438000,32
52,41,44.653000,32
52,42,57.213000,33
52,43,34.259000,22
52,44,25.003000,20
52,45,23.632000,24
52,46,41.084000,23
52,47,40.478000,24
52,48,41.214000,24
52,49,38.046000,20
52,50,32.006000,20
52,51,35.900000,20
52,52,37.078000,23
52,53,43.751000,24
52,54,36.590000,24
52,55,42.767000,24
52,56,40.304000,24
52,57,42.513000,24
52,58,42.796000,22
52,59,39.857000,24
52,60,42.407000,24
52,61,44.370000,27
52,62,46.007000,26
52,63,24.788000,25
52,64,42.571000,27
52,65,47.227000,27
52,66,42.254000,25
52,67,45.260000,26
52,68,44.093000,26
52,69,43.728000,26
52,70,43.405000,26
52,71,34.524000,26
52,72,27.079000,27
52,73,44.849000,27
52,74,52.887000,28
52,75,52.550000,27
52,76,45.008000,27
52,77,47.449000,27
52,78,42.840000,27
52,79,43.082000,26
52,80,31.468000,27
52,81,15.406000,26
52,82,42.574000,26
52,83,42.553000,27
52,84,43.883000,26
52,85,51.048000,26
52,86,41.372000,26
52,87,44.826000,26
52,88,43.767000,26
52,89,36.559000,26
52,90,24.078000,28
52,91,41.086000,25
52,92,42.178000,26
52,93,40.365000,25
52,94,48.399000,25
52,95,44.055000,25
52,96,43.306000,24
52,97,46.406000,24
52,98,32.648000,24
52,99,25.016000,21
52,100,42.622000,24
52,101,37.691000,21
52,102,34.423000,18
52,103,39.518000,19
52,104,32.035000,18
52,105,31.537000,17
52,106,32.699000,18
52,107,39.061000,21
52,108,31.579000,18
52,109,34.041000,18
52,110,29.315000,19
52,111,29.924000,17
52,112,28.055000,17
52,113,40.968000,20
52,114,33.171000,18
52,115,40.448000,23
52,116,35.131000,21
52,117,37.499000,24
52,118,37.056000,21
52,119,45.004000,24
52,120,42.332000,24
52,121,38.728000,21
52,122,45.597000,24
52,123,33.021000,21
52,124,33.440000,21
52,125,46.233000,24
52,126,28.622000,21
52,127,35.460000,22
52,128,44.257000,26
52,129,52.443000,34
52,130,52.387000,32
52,131,42.934000,32
52,132,47.477000,32
52,133,51.802000,32
52,134,37.099000,31
52,135,15.926000,32
52,136,49.859000,34
52,137,53.486000,33
52,138,59.373000,31
52,139,51.823000,31
52,140,54.013000,31
52,141,52.043000,32
52,142,16.238000,10
52,143,12.334000,8
52,144,11.415000,8
53,1,19.515000,15
53,2,29.249000,18
53,3,27.938000,17
53,4,28.101000,17
53,5,30.159000,17
53,6,33.727000,19
53,7,37.909000,22
53,8,34.509000,20
53,9,44.307000,21
53,10,37.313000,20
53,11,57.097000,33
53,12,41.289000,21
53,13,39.643000,21
53,14,50.350000,27
53,15,46.854000,22
53,16,35.413000,21
53,17,36.228000,21
53,18,25.854000,21
53,19,34.458000,21
53,20,31.850000,21
53,21,36.639000,21
53,22,43.655000,23
53,23,40.589000,21
53,24,38.368000,21
53,25,39.291000,21
53,26,51.036000,27
53,27,32.206000,24
53,28,37.266000,25
53,29,17.478000,9
53,30,38.535000,22
53,31,52.793000,31
53,32,53.722000,33
53,33,48.692000,30
53,34,59.373000,32
53,35,45.954000,35
53,36,29.362000,35
53,37,55.741000,33
53,38,48.065000,32
53,39,50.843000,32
53,40,48.967000,32
53,41,53.514000,34
53,42,61.501000,34
53,43,33.106000,23
53,44,21.202000,20
53,45,16.751000,25
53,46,35.894000,20
53,47,44.669000,24
53,48,37.714000,20
53,49,35.413000,20
53,50,37.831000,20
53,51,37.467000,20
53,52,42.580000,23
53,53,37.676000,23
53,54,37.794000,24
53,55,42.787000,24
53,56,45.028000,24
53,57,49.642000,26
53,58,46.747000,25
53,59,40.325000,24
53,60,40.109000,23
53,61,37.607000,24
53,62,33.182000,26
53,63,35.461000,27
53,64,47.148000,27
53,65,44.553000,26
53,66,50.384000,26
53,67,41.861000,26
53,68,40.172000,27
53,69,40.965000,26
53,70,42.573000,26
53,71,39.097000,27
53,72,26.475000,27
53,73,44.041000,27
53,74,49.056000,27
53,75,50.131000,27
53,76,40.717000,27
53,77,41.914000,26
53,78,44.253000,27
53,79,41.153000,26
53,80,39.440000,26
53,81,26.213000,26
53,82,43.040000,26
53,83,45.014000,27
53,84,44.149000,27
53,85,45.998000,26
53,86,45.466000,26
53,87,45.847000,27
53,88,42.911000,26
53,89,37.060000,26
53,90,31.113000,27
53,91,42.787000,25
53,92,44.405000,26
53,93,52.622000,26
53,94,37.917000,23
53,95,43.454000,24
53,96,37.493000,22
53,97,43.400000,23
53,98,34.095000,24
53,99,38.421000,28
53,100,34.506000,21
53,101,32.866000,21
53,102,36.660000,19
53,103,25.142000,18
53,104,36.002000,18
53,105,28.519000,18
53,106,34.566000,18
53,107,32.866000,18
53,108,29.274000,18
53,109,33.244000,18
53,110,29.005000,18
53,111,30.424000,17
53,112,33.723000,18
53,113,33.122000,17
53,114,31.891000,18
53,115,34.689000,21
53,116,39.693000,22
53,117,40.855000,24
53,118,38.370000,21
53,119,47.728000,24
53,120,42.827000,25
53,121,37.176000,23
53,122,35.389000,21
53,123,47.326000,23
53,124,54.844000,24
53,125,30.893000,21
53,126,25.232000,21
53,127,37.266000,22
53,128,47.379000,26
53,129,51.627000,33
53,130,53.453000,33
53,131,45.640000,32
53,132,55.706000,33
53,133,46.628000,32
53,134,34.764000,32
53,135,10.207000,32
53,136,47.116000,32
53,137,61.373000,34
53,138,61.947000,34
53,139,60.876000,38
53,140,57.391000,33
53,141,47.448000,32
53,142,17.798000,10
53,143,12.100000,8
53,144,8.498000,8
54,1,22.565000,15
54,2,23.784000,16
54,3,30.798000,18
54,4,30.962000,17
54,5,30.915000,20
54,6,32.456000,18
54,7,39.156000,21
54,8,35.285000,20
54,9,34.690000,20
54,10,44.261000,23
54,11,58.841000,31
54,12,33.750000,20
54,13,40.966000,20
54,14,38.537000,20
54,15,37.909000,20
54,16,54.800000,29
54,17,31.189000,24
54,18,23.067000,21
54,19,39.844000,21
54,20,31.028000,21
54,21,33.585000,21
54,22,36.900000,21
54,23,49.395000,25
54,24,36.672000,22
54,25,34.996000,21
54,26,34.471000,21
54,27,15.402000,9
54,28,35.038000,21
54,29,11.673000,9
54,30,41.211000,23
54,31,48.888000,30
54,32,49.045000,34
54,33,52.501000,32
54,34,55.590000,32
54,35,40.899000,31
54,36,36.593000,31
54,37,45.546000,32
54,38,54.111000,34
54,39,46.139000,32
54,40,53.782000,34
54,41,47.291000,32
54,42,47.875000,33
54,43,36.271000,26
54,44,24.440000,21
54,45,19.715000,20
54,46,38.177000,20
54,47,40.054000,24
54,48,39.213000,20
54,49,33.245000,20
54,50,30.933000,20
54,51,35.996000,20
54,52,43.712000,23
54,53,37.914000,23
54,54,35.826000,24
54,55,43.108000,24
54,56,43.110000,24
54,57,48.530000,23
54,58,42.053000,25
54,59,46.791000,24
54,60,42.448000,24
54,61,39.585000,24
54,62,34.528000,24
54,63,31.315000,26
54,64,46.519000,28
54,65,48.431000,28
54,66,40.219000,26
54,67,46.088000,26
54,68,48.643000,26
54,69,47.938000,26
54,70,39.150000,27
54,71,31.237000,26
54,72,24.906000,27
54,73,43.027000,27
54,74,45.793000,27
54,75,47.341000,28
54,76,47.851000,27
54,77,46.981000,27
54,78,45.489000,27
54,79,39.873000,26
54,80,32.814000,26
54,81,22.894000,26
54,82,41.797000,25
54,83,46.329000,26
54,84,44.243000,25
54,85,48.171000,26
54,86,42.633000,26
54,87,40.455000,25
54,88,50.807000,27
54,89,31.162000,26
54,90,28.157000,28
54,91,41.798000,24
54,92,46.865000,26
54,93,46.012000,25
54,94,40.982000,24
54,95,47.215000,25
54,96,43.498000,25
54,97,40.771000,23
54,98,33.355000,24
54,99,25.955000,24
54,100,41.781000,24
54,101,31.349000,21
54,102,27.541000,17
54,103,32.726000,18
54,104,24.937000,17
54,105,34.682000,18
54,106,40.961000,22
54,107,32.392000,18
54,108,30.909000,18
54,109,39.724000,20
54,110,24.826000,18
54,111,36.846000,17
54,112,30.133000,17
54,113,31.245000,18
54,114,48.106000,23
54,115,31.273000,21
54,116,43.943000,24
54,117,32.200000,21
54,118,43.043000,24
54,119,52.833000,31
54,120,43.206000,24
54,121,46.178000,24
54,122,41.017000,22
54,123,42.204000,24
54,124,38.567000,22
54,125,26.456000,22
54,126,25.343000,21
54,127,44.269000,26
54,128,46.881000,32
54,129,45.932000,32
54,130,55.696000,32
54,131,48.557000,32
54,132,54.061000,34
54,133,39.743000,31
54,134,36.990000,32
54,135,8.568000,34
54,136,48.185000,34
54,137,58.409000,35
54,138,49.253000,33
54,139,62.271000,32
54,140,45.214000,30
54,141,65.694000,37
54,142,17.799000,10
54,143,13.918000,8
54,144,11.441000,8
55,1,23.626000,15
55,2,24.636000,16
55,3,36.457000,18
55,4,27.523000,17
55,5,32.517000,18
55,6,30.433000,18
55,7,41.563000,22
55,8,35.852000,20
55,9,45.616000,24
55,10,40.893000,25
55,11,46.932000,24
55,12,44.620000,25
55,13,34.993000,20
55,14,40.631000,23
55,15,38.204000,20
55,16,45.982000,23
55,17,28.931000,21
55,18,31.962000,27
55,19,36.767000,21
55,20,37.230000,22
55,21,39.062000,21
55,22,36.009000,21
55,23,57.540000,28
55,24,34.943000,21
55,25,38.606000,21
55,26,33.221000,21
55,27,15.015000,9
55,28,21.833000,9
55,29,18.900000,9
55,30,36.982000,24
55,31,53.269000,33
55,32,54.252000,34
55,33,52.321000,32
55,34,58.861000,32
55,35,42.415000,32
55,36,30.305000,31
55,37,46.167000,32
55,38,68.416000,36
55,39,52.743000,32
55,40,53.651000,34
55,41,52.180000,32
55,42,50.606000,33
55,43,32.146000,25
55,44,21.908000,23
55,45,6.820000,20
55,46,34.993000,20
55,47,30.565000,20
55,48,39.315000,22
55,49,33.568000,20
55,50,36.852000,21
55,51,39.197000,22
55,52,42.646000,23
55,53,48.471000,23
55,54,33.023000,24
55,55,37.984000,24
55,56,42.327000,24
55,57,41.876000,23
55,58,52.098000,26
55,59,43.520000,23
55,60,43.366000,23
55,61,47.015000,24
55,62,33.465000,25
55,63,30.361000,27
55,64,45.111000,29
55,65,54.837000,27
55,66,46.653000,26
55,67,44.622000,26
55,68,50.420000,27
55,69,44.845000,26
55,70,44.129000,27
55,71,30.908000,27
55,72,17.732000,28
55,73,40.895000,27
55,74,45.620000,27
55,75,46.193000,27
55,76,44.665000,27
55,77,44.615000,28
55,78,48.600000,27
55,79,42.479000,26
55,80,38.543000,26
55,81,23.209000,26
55,82,45.328000,26
55,83,47.146000,26
55,84,46.847000,26
55,85,48.651000,26
55,86,50.275000,26
55,87,45.750000,26
55,88,39.879000,26
55,89,32.152000,26
55,90,25.925000,27
55,91,41.951000,24
55,92,46.930000,26
55,93,43.249000,25
55,94,44.834000,25
55,95,48.009000,24
55,96,48.896000,25
55,97,44.389000,23
55,98,30.501000,24
55,99,24.793000,24
55,100,38.058000,24
55,101,36.747000,22
55,102,24.526000,17
55,103,33.459000,18
55,104,36.804000,21
55,105,32.625000,18
55,106,33.777000,18
55,107,30.865000,18
55,108,29.370000,18
55,109,34.962000,18
55,110,26.311000,18
55,111,30.728000,17
55,112,36.752000,19
55,113,32.230000,18
55,114,32.143000,20
55,115,35.739000,21
55,116,32.654000,21
55,117,44.383000,24
55,118,33.987000,21
55,119,36.814000,21
55,120,54.192000,26
55,121,42.018000,24
55,122,36.296000,23
55,123,39.015000,21
55,124,33.917000,21
55,125,41.154000,24
55,126,31.269000,21
55,127,39.552000,23
55,128,62.753000,36
55,129,60.531000,32
55,130,50.795000,33
55,131,51.807000,34
55,132,48.337000,32
55,133,39.522000,33
55,134,24.314000,31
55,135,7.717000,34
55,136,47.542000,32
55,137,58.983000,32
55,138,63.871000,36
55,139,62.488000,37
55,140,58.628000,32
55,141,51.575000,33
55,142,15.455000,10
55,143,10.712000,8
55,144,9.918000,8
56,1,21.687000,15
56,2,30.103000,18
56,3,32.714000,18
56,4,30.781000,17
56,5,26.634000,18
56,6,30.433000,18
56,7,61.470000,29
56,8,38.105000,20
56,9,58.814000,33
56,10,43.081000,24
56,11,35.335000,20
56,12,32.775000,20
56,13,36.690000,20
56,14,33.897000,20
56,15,49.804000,24
56,16,39.079000,21
56,17,42.338000,24
56,18,25.908000,21
56,19,36.396000,21
56,20,32.034000,21
56,21,39.287000,21
56,22,36.833000,21
56,23,38.195000,21
56,24,36.415000,21
56,25,39.422000,21
56,26,37.597000,21
56,27,32.987000,24
56,28,20.109000,9
56,29,17.893000,9
56,30,45.151000,24
56,31,47.406000,32
56,32,62.700000,33
56,33,61.319000,36
56,34,51.512000,32
56,35,45.091000,32
56,36,21.223000,32
56,37,54.752000,34
56,38,54.786000,33
56,39,48.446000,32
56,40,49.729000,32
56,41,50.474000,32
56,42,61.467000,34
56,43,28.744000,23
56,44,18.344000,20
56,45,8.367000,20
56,46,34.699000,20
56,47,32.595000,20
56,48,39.271000,22
56,49,42.334000,22
56,50,31.111000,20
56,51,35.002000,20
56,52,44.302000,23
56,53,41.447000,24
56,54,39.003000,24
56,55,39.271000,24
56,56,41.048000,24
56,57,39.168000,23
56,58,42.983000,25
56,59,40.961000,24
56,60,44.556000,23
56,61,44.401000,25
56,62,39.063000,24
56,63,32.379000,28
56,64,43.828000,28
56,65,41.799000,27
56,66,43.475000,28
56,67,42.975000,26
56,68,42.607000,26
56,69,42.799000,26
56,70,47.341000,26
56,71,37.456000,26
56,72,25.528000,26
56,73,43.001000,27
56,74,47.417000,27
56,75,48.489000,27
56,76,47.657000,27
56,77,48.338000,26
56,78,46.296000,26
56,79,43.482000,26
56,80,29.453000,26
56,81,19.249000,26
56,82,39.287000,26
56,83,40.226000,26
56,84,48.578000,26
56,85,50.520000,27
56,86,43.502000,26
56,87,48.987000,26
56,88,43.520000,26
56,89,30.933000,26
56,90,18.884000,27
56,91,37.831000,24
56,92,37.461000,26
56,93,45.412000,26
56,94,44.141000,24
56,95,39.544000,25
56,96,36.175000,22
56,97,41.034000,23
56,98,42.242000,24
56,99,26.627000,21
56,100,43.798000,24
56,101,41.830000,22
56,102,29.184000,17
56,103,23.506000,17
56,104,29.395000,18
56,105,29.469000,18
56,106,30.070000,18
56,107,31.566000,18
56,108,33.770000,18
56,109,33.369000,19
56,110,26.013000,18
56,111,30.989000,17
56,112,30.276000,17
56,113,28.047000,17
56,114,40.632000,20
56,115,42.167000,25
56,116,36.940000,21
56,117,44.905000,24
56,118,36.212000,21
56,119,37.829000,24
56,120,39.587000,24
56,121,42.251000,21
56,122,34.772000,21
56,123,36.591000,21
56,124,35.612000,21
56,125,37.687000,21
56,126,29.739000,21
56,127,42.758000,23
56,128,63.421000,39
56,129,58.327000,36
56,130,55.990000,34
56,131,55.331000,33
56,132,45.703000,32
56,133,37.137000,32
56,134,17.573000,32
56,135,3.945000,33
56,136,43.804000,32
56,137,62.430000,34
56,138,61.201000,36
56,139,52.839000,32
56,140,49.029000,31
56,141,55.462000,32
56,142,19.740000,10
56,143,10.057000,8
56,144,9.385000,8
57,1,21.598000,15
57,2,32.683000,18
57,3,27.789000,16
57,4,30.175000,17
57,5,33.282000,18
57,6,36.087000,20
57,7,46.925000,25
57,8,32.998000,20
57,9,38.512000,22
57,10,37.242000,20
57,11,32.589000,20
57,12,35.277000,20
57,13,31.419000,20
57,14,39.388000,22
57,15,54.397000,29
57,16,39.000000,21
57,17,36.719000,21
57,18,27.521000,21
57,19,39.970000,23
57,20,33.325000,21
57,21,40.896000,23
57,22,42.462000,21
57,23,35.283000,21
57,24,39.077000,21
57,25,47.321000,25
57,26,34.687000,21
57,27,13.086000,9
57,28,19.959000,9
57,29,37.989000,24
57,30,38.007000,23
57,31,54.132000,34
57,32,56.072000,32
57,33,50.300000,32
57,34,52.402000,31
57,35,36.796000,31
57,36,23.868000,31
57,37,46.522000,32
57,38,52.068000,31
57,39,55.324000,33
57,40,59.367000,34
57,41,48.335000,32
57,42,52.252000,33
57,43,25.671000,23
57,44,18.645000,20
57,45,13.757000,20
57,46,35.772000,20
57,47,31.358000,20
57,48,33.179000,20
57,49,34.835000,20
57,50,45.387000,23
57,51,32.526000,20
57,52,43.597000,23
57,53,40.059000,23
57,54,38.657000,24
57,55,41.212000,24
57,56,41.017000,26
57,57,48.171000,24
57,58,40.663000,23
57,59,41.525000,24
57,60,43.611000,24
57,61,43.681000,25
57,62,44.676000,30
57,63,20.865000,25
57,64,50.260000,29
57,65,41.910000,27
57,66,44.036000,26
57,67,47.655000,27
57,68,46.369000,25
57,69,42.028000,26
57,70,47.517000,27
57,71,28.386000,27
57,72,23.005000,27
57,73,42.710000,27
57,74,44.501000,27
57,75,44.641000,27
57,76,45.434000,27
57,77,50.071000,27
57,78,43.501000,26
57,79,44.322000,26
57,80,34.007000,27
57,81,19.841000,26
57,82,46.341000,25
57,83,49.164000,26
57,84,45.476000,26
57,85,49.547000,27
57,86,47.169000,26
57,87,52.435000,26
57,88,38.033000,26
57,89,28.415000,26
57,90,15.118000,28
57,91,42.710000,24
57,92,42.062000,26
57,93,46.654000,25
57,94,41.791000,25
57,95,34.654000,22
57,96,34.566000,23
57,97,43.864000,23
57,98,41.397000,26
57,99,33.483000,28
57,100,41.215000,24
57,101,38.575000,23
57,102,30.785000,17
57,103,25.502000,17
57,104,30.944000,17
57,105,34.708000,18
57,106,34.539000,19
57,107,33.244000,18
57,108,33.888000,18
57,109,31.940000,18
57,110,29.891000,18
57,111,31.018000,17
57,112,31.292000,18
57,113,28.062000,17
57,114,34.141000,19
57,115,37.075000,21
57,116,42.166000,24
57,117,38.091000,22
57,118,45.433000,25
57,119,43.089000,24
57,120,40.343000,23
57,121,31.650000,21
57,122,40.134000,21
57,123,31.057000,21
57,124,35.148000,21
57,125,35.368000,21
57,126,28.995000,21
57,127,42.737000,23
57,128,60.125000,37
57,129,44.808000,31
57,130,46.639000,32
57,131,44.653000,33
57,132,52.409000,32
57,133,40.937000,31
57,134,26.024000,32
57,135,10.968000,31
57,136,46.333000,33
57,137,58.383000,33
57,138,57.009000,35
57,139,54.983000,34
57,140,46.550000,32
57,141,55.027000,33
57,142,17.595000,10
57,143,13.905000,8
57,144,10.834000,8
58,1,26.830000,18
58,2,29.001000,18
58,3,36.346000,18
58,4,30.662000,17
58,5,30.525000,18
58,6,32.361000,18
58,7,43.345000,23
58,8,32.011000,20
58,9,32.297000,20
58,10,36.972000,20
58,11,56.516000,28
58,12,34.704000,20
58,13,37.173000,21
58,14,33.534000,21
58,15,42.198000,24
58,16,39.648000,21
58,17,33.750000,21
58,18,34.168000,23
58,19,45.686000,24
58,20,42.139000,22
58,21,34.083000,21
58,22,31.448000,21
58,23,37.057000,21
58,24,44.622000,21
58,25,35.985000,21
58,26,43.704000,24
58,27,15.341000,9
58,28,31.341000,22
58,29,18.479000,9
58,30,39.671000,22
58,31,46.114000,31
58,32,56.022000,35
58,33,59.729000,33
58,34,53.027000,34
58,35,42.943000,32
58,36,25.930000,33
58,37,55.002000,34
58,38,50.602000,32
58,39,50.701000,32
58,40,51.021000,32
58,41,55.753000,34
58,42,51.415000,34
58,43,33.377000,26
58,44,26.366000,23
58,45,10.835000,20
58,46,38.130000,20
58,47,33.632000,21
58,48,38.636000,23
58,49,36.214000,22
58,50,38.267000,22
58,51,34.355000,20
58,52,42.247000,23
58,53,41.570000,23
58,54,35.775000,24
58,55,47.095000,24
58,56,45.319000,24
58,57,40.662000,24
58,58,37.221000,24
58,59,40.957000,23
58,60,44.638000,23
58,61,42.780000,26
58,62,34.813000,25
58,63,29.503000,28
58,64,45.671000,27
58,65,44.976000,27
58,66,44.100000,26
58,67,45.390000,25
58,68,48.145000,27
58,69,42.758000,25
58,70,42.427000,27
58,71,33.538000,27
58,72,24.600000,26
58,73,46.984000,27
58,74,47.548000,27
58,75,45.089000,27
58,76,49.490000,26
58,77,43.004000,26
58,78,47.047000,27
58,79,42.995000,28
58,80,29.471000,26
58,81,21.887000,26
58,82,45.679000,26
58,83,43.604000,26
58,84,45.060000,26
58,85,43.764000,26
58,86,48.406000,26
58,87,45.610000,26
58,88,47.433000,29
58,89,32.893000,26
58,90,22.003000,28
58,91,45.645000,25
58,92,55.413000,26
58,93,37.311000,25
58,94,42.578000,24
58,95,38.842000,23
58,96,45.125000,26
58,97,42.703000,24
58,98,40.481000,25
58,99,24.799000,24
58,100,43.990000,24
58,101,39.150000,23
58,102,29.761000,17
58,103,31.071000,18
58,104,27.975000,17
58,105,34.432000,18
58,106,37.120000,19
58,107,29.029000,18
58,108,30.428000,18
58,109,32.511000,18
58,110,33.803000,18
58,111,29.087000,17
58,112,34.138000,18
58,113,33.114000,17
58,114,29.575000,18
58,115,32.460000,20
58,116,36.018000,22
58,117,41.507000,24
58,118,40.732000,24
58,119,33.759000,22
58,120,46.576000,22
58,121,36.236000,21
58,122,41.732000,25
58,123,31.724000,21
58,124,46.873000,25
58,125,36.287000,22
58,126,29.268000,21
58,127,48.195000,28
58,128,63.036000,38
58,129,48.410000,32
58,130,55.663000,36
58,131,52.718000,34
58,132,45.237000,33
58,133,36.050000,30
58,134,25.144000,31
58,135,4.713000,33
58,136,50.281000,33
58,137,49.122000,32
58,138,63.214000,35
58,139,55.631000,33
58,140,44.781000,30
58,141,50.093000,32
58,142,18.242000,10
58,143,15.005000,8
58,144,12.296000,8
59,1,19.792000,15
59,2,27.680000,18
59,3,30.381000,18
59,4,29.905000,17
59,5,33.262000,18
59,6,39.814000,20
59,7,42.752000,23
59,8,35.247000,20
59,9,37.405000,20
59,10,43.921000,26
59,11,35.802000,21
59,12,47.062000,25
59,13,35.590000,21
59,14,64.148000,28
59,15,41.838000,22
59,16,42.781000,24
59,17,32.217000,22
59,18,27.162000,25
59,19,37.575000,21
59,20,32.625000,21
59,21,37.667000,21
59,22,36.548000,21
59,23,40.848000,21
59,24,33.945000,21
59,25,41.032000,21
59,26,37.609000,21
59,27,37.825000,24
59,28,34.392000,21
59,29,11.985000,9
59,30,43.735000,22
59,31,53.050000,34
59,32,56.678000,34
59,33,58.400000,33
59,34,56.761000,36
59,35,41.096000,32
59,36,27.738000,33
59,37,44.725000,30
59,38,54.108000,32
59,39,51.525000,32
59,40,55.336000,34
59,41,52.158000,33
59,42,58.514000,34
59,43,34.976000,27
59,44,20.782000,21
59,45,14.342000,21
59,46,34.424000,20
59,47,31.318000,20
59,48,32.888000,20
59,49,35.552000,21
59,50,34.531000,20
59,51,35.516000,20
59,52,38.989000,23
59,53,43.241000,23
59,54,52.436000,27
59,55,37.945000,24
59,56,42.747000,24
59,57,43.962000,23
59,58,45.004000,23
59,59,47.275000,23
59,60,44.126000,25
59,61,53.973000,26
59,62,35.600000,26
59,63,29.602000,26
59,64,43.083000,28
59,65,44.221000,26
59,66,43.824000,25
59,67,50.067000,27
59,68,44.107000,26
59,69,49.272000,27
59,70,45.401000,27
59,71,35.664000,27
59,72,25.371000,27
59,73,42.598000,26
59,74,40.830000,27
59,75,46.708000,27
59,76,42.907000,27
59,77,51.452000,27
59,78,47.858000,26
59,79,42.788000,26
59,80,31.449000,26
59,81,27.582000,27
59,82,43.940000,26
59,83,43.940000,26
59,84,46.574000,26
59,85,38.942000,25
59,86,52.876000,26
59,87,56.082000,26
59,88,41.677000,26
59,89,30.920000,26
59,90,23.809000,27
59,91,42.600000,25
59,92,39.496000,26
59,93,45.621000,25
59,94,40.163000,23
59,95,34.616000,22
59,96,52.064000,25
59,97,39.295000,23
59,98,42.437000,25
59,99,26.454000,22
59,100,40.877000,24
59,101,36.542000,23
59,102,31.484000,18
59,103,28.289000,17
59,104,33.204000,17
59,105,29.993000,18
59,106,37.774000,19
59,107,29.443000,18
59,108,30.407000,18
59,109,33.589000,18
59,110,26.674000,18
59,111,28.639000,17
59,112,35.892000,18
59,113,33.595000,18
59,114,31.145000,18
59,115,46.103000,23
59,116,35.618000,21
59,117,44.629000,25
59,118,39.278000,21
59,119,41.277000,24
59,120,45.740000,24
59,121,41.581000,24
59,122,35.721000,21
59,123,39.886000,21
59,124,37.350000,21
59,125,33.420000,21
59,126,29.501000,21
59,127,38.913000,22
59,128,49.195000,35
59,129,54.475000,33
59,130,57.780000,35
59,131,58.186000,34
59,132,53.999000,34
59,133,37.735000,31
59,134,26.358000,31
59,135,9.528000,33
59,136,45.146000,33
59,137,49.650000,32
59,138,58.405000,35
59,139,60.248000,35
59,140,48.890000,30
59,141,55.200000,33
59,142,19.531000,10
59,143,12.314000,8
59,144,10.891000,8
60,1,21.026000,15
60,2,27.755000,18
60,3,23.541000,16
60,4,28.634000,17
60,5,30.660000,18
60,6,32.869000,18
60,7,38.119000,22
60,8,42.336000,24
60,9,50.954000,29
60,10,41.883000,24
60,11,62.889000,31
60,12,30.803000,20
60,13,41.154000,20
60,14,35.013000,20
60,15,34.448000,20
60,16,38.049000,21
60,17,31.763000,21
60,18,23.650000,21
60,19,35.401000,22
60,20,33.527000,21
60,21,33.143000,22
60,22,32.561000,21
60,23,35.029000,21
60,24,56.777000,29
60,25,37.601000,21
60,26,35.485000,21
60,27,16.074000,9
60,28,37.493000,21
60,29,10.952000,9
60,30,37.733000,22
60,31,51.180000,32
60,32,56.737000,34
60,33,59.245000,34
60,34,58.856000,37
60,35,39.926000,35
60,36,24.901000,31
60,37,48.831000,32
60,38,55.999000,32
60,39,50.701000,32
60,40,58.180000,35
60,41,54.591000,33
60,42,60.022000,34
60,43,32.901000,31
60,44,17.063000,23
60,45,3.700000,20
60,46,37.943000,20
60,47,30.559000,20
60,48,36.834000,22
60,49,35.946000,22
60,50,33.015000,20
60,51,30.650000,20
60,52,44.561000,23
60,53,42.057000,23
60,54,41.858000,24
60,55,41.899000,24
60,56,44.128000,24
60,57,41.802000,24
60,58,46.469000,24
60,59,39.883000,24
60,60,44.101000,23
60,61,41.552000,24
60,62,35.667000,25
60,63,28.347000,27
60,64,48.056000,28
60,65,40.653000,27
60,66,41.698000,25
60,67,46.871000,26
60,68,44.296000,25
60,69,39.028000,27
60,70,44.810000,27
60,71,33.482000,27
60,72,27.829000,27
60,73,41.851000,27
60,74,41.873000,26
60,75,46.570000,27
60,76,48.288000,27
60,77,47.674000,27
60,78,47.472000,27
60,79,49.551000,27
60,80,32.208000,26
60,81,18.272000,26
60,82,43.246000,26
60,83,44.685000,26
60,84,45.353000,26
60,85,45.576000,27
60,86,37.800000,26
60,87,54.476000,27
60,88,40.457000,26
60,89,30.448000,26
60,90,26.525000,27
60,91,41.887000,24
60,92,44.138000,26
60,93,44.223000,24
60,94,46.563000,25
60,95,39.248000,24
60,96,40.766000,23
60,97,43.135000,23
60,98,35.700000,24
60,99,27.168000,28
60,100,42.888000,24
60,101,41.235000,23
60,102,27.241000,17
60,103,29.846000,18
60,104,32.536000,17
60,105,29.612000,18
60,106,33.330000,18
60,107,32.805000,18
60,108,31.587000,18
60,109,32.847000,18
60,110,23.308000,17
60,111,30.394000,17
60,112,29.656000,18
60,113,32.570000,18
60,114,29.672000,18
60,115,31.738000,20
60,116,44.512000,25
60,117,44.718000,24
60,118,36.440000,21
60,119,35.778000,21
60,120,43.243000,22
60,121,41.857000,24
60,122,52.330000,25
60,123,34.770000,21
60,124,35.746000,21
60,125,34.213000,21
60,126,29.677000,21
60,127,39.747000,23
60,128,62.249000,36
60,129,51.379000,32
60,130,47.213000,34
60,131,55.394000,33
60,132,47.831000,33
60,133,33.784000,31
60,134,26.296000,30
60,135,10.801000,34
60,136,47.413000,33
60,137,58.222000,34
60,138,56.583000,36
60,139,58.164000,35
60,140,57.249000,32
60,141,51.679000,32
60,142,16.162000,10
60,143,11.270000,8
60,144,8.952000,8
61,1,24.373000,15
61,2,31.019000,18
61,3,31.264000,18
61,4,33.574000,17
61,5,29.120000,18
61,6,33.691000,19
61,7,41.407000,23
61,8,36.337000,20
61,9,35.143000,20
61,10,36.241000,21
61,11,36.140000,20
61,12,38.732000,20
61,13,31.370000,20
61,14,43.899000,24
61,15,40.028000,24
61,16,45.131000,24
61,17,34.821000,20
61,18,29.535000,21
61,19,37.453000,21
61,20,32.614000,20
61,21,38.709000,20
61,22,38.648000,21
61,23,41.923000,25
61,24,38.866000,21
61,25,36.856000,21
61,26,35.265000,21
61,27,15.761000,9
61,28,37.484000,21
61,29,17.605000,9
61,30,44.101000,22
61,31,55.938000,34
61,32,53.795000,32
61,33,57.532000,34
61,34,46.833000,32
61,35,38.985000,33
61,36,27.070000,31
61,37,48.571000,32
61,38,63.699000,30
61,39,51.916000,32
61,40,52.506000,34
61,41,57.089000,34
61,42,46.168000,32
61,43,33.471000,29
61,44,23.256000,23
61,45,5.875000,23
61,46,47.022000,23
61,47,41.252000,23
61,48,40.074000,20
61,49,37.201000,20
61,50,39.699000,22
61,51,35.386000,22
61,52,42.028000,23
61,53,36.793000,24
61,54,26.089000,20
61,55,47.150000,23
61,56,53.772000,24
61,57,40.158000,23
61,58,46.421000,25
61,59,49.350000,27
61,60,37.627000,23
61,61,35.681000,24
61,62,35.783000,27
61,63,23.847000,25
61,64,42.748000,27
61,65,45.651000,27
61,66,55.681000,28
61,67,46.252000,27
61,68,41.515000,27
61,69,44.822000,27
61,70,37.788000,26
61,71,28.972000,26
61,72,28.168000,26
61,73,45.778000,27
61,74,48.447000,27
61,75,49.755000,27
61,76,48.983000,27
61,77,40.203000,27
61,78,51.351000,26
61,79,36.824000,26
61,80,32.374000,26
61,81,22.617000,26
61,82,50.379000,27
61,83,52.172000,27
61,84,38.547000,24
61,85,39.834000,24
61,86,43.363000,27
61,87,41.711000,27
61,88,41.162000,27
61,89,35.768000,27
61,90,24.469000,27
61,91,44.071000,25
61,92,48.698000,27
61,93,57.882000,30
61,94,36.756000,24
61,95,38.802000,24
61,96,44.865000,25
61,97,43.421000,25
61,98,30.599000,24
61,99,23.352000,24
61,100,45.730000,24
61,101,42.609000,24
61,102,33.222000,16
61,103,27.621000,17
61,104,27.933000,17
61,105,24.516000,17
61,106,29.862000,17
61,107,32.069000,18
61,108,32.257000,18
61,109,29.806000,17
61,110,28.253000,17
61,111,31.318000,17
61,112,31.837000,18
61,113,31.817000,17
61,114,25.493000,16
61,115,38.686000,22
61,116,40.893000,22
61,117,41.244000,23
61,118,30.961000,21
61,119,36.038000,21
61,120,46.554000,24
61,121,34.288000,21
61,122,35.193000,21
61,123,41.257000,21
61,124,41.558000,24
61,125,48.888000,25
61,126,29.322000,22
61,127,48.602000,25
61,128,59.719000,34
61,129,48.135000,31
61,130,54.842000,35
61,131,58.761000,36
61,132,47.916000,33
61,133,31.172000,30
61,134,26.051000,30
61,135,6.307000,32
61,136,51.541000,33
61,137,61.125000,33
61,138,56.599000,34
61,139,59.438000,34
61,140,58.374000,32
61,141,51.570000,31
61,142,14.300000,10
61,143,10.733000,8
61,144,10.112000,8
62,1,22.537000,15
62,2,31.040000,18
62,3,28.453000,18
62,4,31.115000,17
62,5,31.480000,18
62,6,36.072000,19
62,7,39.801000,23
62,8,39.946000,21
62,9,32.734000,20
62,10,34.250000,21
62,11,32.516000,20
62,12,33.205000,20
62,13,33.854000,21
62,14,33.250000,20
62,15,35.406000,20
62,16,39.432000,20
62,17,36.569000,20
62,18,36.775000,21
62,19,33.416000,21
62,20,42.367000,23
62,21,33.713000,20
62,22,37.258000,21
62,23,34.281000,21
62,24,59.062000,30
62,25,40.801000,22
62,26,38.339000,21
62,27,14.250000,9
62,28,41.047000,21
62,29,18.736000,9
62,30,39.584000,23
62,31,54.841000,33
62,32,54.251000,32
62,33,61.722000,34
62,34,52.428000,32
62,35,39.870000,34
62,36,16.704000,33
62,37,54.652000,35
62,38,57.175000,33
62,39,53.999000,32
62,40,54.308000,34
62,41,66.374000,37
62,42,60.075000,40
62,43,28.080000,29
62,44,10.126000,23
62,45,2.319000,21
62,46,41.018000,23
62,47,45.591000,24
62,48,34.403000,20
62,49,43.237000,23
62,50,39.663000,24
62,51,45.812000,22
62,52,47.355000,25
62,53,41.181000,24
62,54,24.364000,20
62,55,39.532000,22
62,56,39.236000,24
62,57,45.141000,24
62,58,39.960000,23
62,59,43.391000,24
62,60,42.283000,23
62,61,40.191000,25
62,62,33.969000,25
62,63,36.772000,28
62,64,44.719000,28
62,65,46.347000,27
62,66,38.245000,27
62,67,44.081000,26
62,68,42.416000,26
62,69,53.164000,27
62,70,47.250000,26
62,71,28.944000,26
62,72,22.617000,26
62,73,41.171000,27
62,74,42.165000,26
62,75,43.441000,27
62,76,45.940000,26
62,77,45.552000,27
62,78,44.406000,27
62,79,46.095000,26
62,80,36.091000,27
62,81,27.821000,27
62,82,44.671000,27
62,83,47.004000,27
62,84,44.132000,26
62,85,42.634000,25
62,86,45.784000,27
62,87,53.314000,27
62,88,48.485000,27
62,89,30.435000,26
62,90,21.145000,27
62,91,39.563000,24
62,92,50.519000,29
62,93,56.783000,28
62,94,37.781000,24
62,95,50.285000,24
62,96,49.309000,25
62,97,36.082000,22
62,98,30.492000,24
62,99,21.241000,24
62,100,42.563000,24
62,101,44.206000,25
62,102,29.652000,16
62,103,31.383000,17
62,104,30.612000,17
62,105,29.073000,17
62,106,35.686000,18
62,107,35.343000,18
62,108,27.989000,18
62,109,29.098000,17
62,110,25.475000,17
62,111,28.568000,17
62,112,31.588000,18
62,113,27.024000,17
62,114,44.778000,25
62,115,44.937000,23
62,116,44.259000,26
62,117,44.487000,25
62,118,35.571000,21
62,119,31.091000,21
62,120,41.315000,22
62,121,36.156000,21
62,122,38.739000,21
62,123,39.401000,21
62,124,36.901000,21
62,125,44.417000,24
62,126,34.030000,24
62,127,35.742000,22
62,128,46.390000,34
62,129,48.819000,33
62,130,58.635000,36
62,131,47.833000,32
62,132,51.687000,33
62,133,41.270000,31
62,134,34.024000,31
62,135,15.538000,30
62,136,48.162000,34
62,137,64.973000,34
62,138,66.181000,40
62,139,59.057000,34
62,140,55.080000,33
62,141,44.659000,32
62,142,13.866000,10
62,143,11.308000,8
62,144,9.692000,8
63,1,24.437000,15
63,2,30.785000,18
63,3,32.872000,18
63,4,39.691000,20
63,5,31.082000,18
63,6,36.412000,19
63,7,41.941000,23
63,8,38.306000,20
63,9,37.538000,20
63,10,35.774000,20
63,11,33.331000,20
63,12,51.781000,26
63,13,44.814000,24
63,14,33.358000,20
63,15,37.122000,21
63,16,38.158000,20
63,17,32.432000,20
63,18,31.252000,21
63,19,34.355000,20
63,20,31.655000,21
63,21,33.303000,20
63,22,50.241000,24
63,23,38.614000,21
63,24,37.864000,21
63,25,43.601000,23
63,26,41.702000,22
63,27,31.516000,24
63,28,37.314000,21
63,29,16.497000,9
63,30,46.802000,23
63,31,71.726000,35
63,32,63.033000,35
63,33,63.960000,35
63,34,39.966000,32
63,35,35.688000,33
63,36,12.730000,29
63,37,58.919000,34
63,38,52.054000,32
63,39,50.117000,32
63,40,63.361000,35
63,41,54.534000,33
63,42,53.690000,33
63,43,33.315000,29
63,44,16.933000,23
63,45,5.425000,20
63,46,40.896000,23
63,47,43.724000,25
63,48,36.356000,20
63,49,37.454000,20
63,50,44.083000,22
63,51,37.189000,22
63,52,59.327000,30
63,53,39.233000,24
63,54,27.648000,22
63,55,39.043000,23
63,56,41.446000,24
63,57,45.036000,24
63,58,49.020000,27
63,59,48.660000,24
63,60,40.584000,23
63,61,52.343000,27
63,62,34.259000,25
63,63,24.733000,27
63,64,45.156000,27
63,65,50.352000,28
63,66,48.755000,27
63,67,44.634000,26
63,68,47.155000,26
63,69,48.258000,27
63,70,42.776000,27
63,71,32.981000,27
63,72,17.039000,26
63,73,45.158000,26
63,74,45.225000,26
63,75,50.868000,27
63,76,46.948000,26
63,77,45.191000,27
63,78,49.966000,27
63,79,39.880000,26
63,80,35.476000,27
63,81,23.091000,27
63,82,42.195000,26
63,83,45.192000,26
63,84,42.833000,24
63,85,39.693000,24
63,86,48.566000,27
63,87,54.499000,29
63,88,45.205000,27
63,89,35.809000,27
63,90,25.447000,30
63,91,42.161000,26
63,92,39.748000,24
63,93,42.555000,25
63,94,38.336000,22
63,95,45.757000,26
63,96,49.732000,25
63,97,45.824000,24
63,98,32.084000,24
63,99,25.334000,24
63,100,42.195000,24
63,101,52.680000,28
63,102,27.127000,16
63,103,32.513000,18
63,104,27.110000,17
63,105,29.237000,17
63,106,28.981000,17
63,107,29.667000,18
63,108,33.021000,19
63,109,25.382000,17
63,110,30.406000,17
63,111,28.525000,17
63,112,27.179000,17
63,113,35.541000,17
63,114,29.140000,16
63,115,44.614000,24
63,116,47.637000,25
63,117,39.752000,21
63,118,37.330000,21
63,119,31.523000,21
63,120,37.824000,21
63,121,43.313000,24
63,122,55.854000,29
63,123,33.968000,21
63,124,38.938000,21
63,125,37.062000,21
63,126,27.590000,20
63,127,43.751000,23
63,128,57.778000,36
63,129,58.358000,34
63,130,57.682000,38
63,131,54.512000,35
63,132,47.226000,33
63,133,36.114000,31
63,134,22.149000,30
63,135,12.000000,30
63,136,52.739000,33
63,137,50.395000,32
63,138,51.404000,32
63,139,57.725000,34
63,140,55.319000,32
63,141,53.740000,33
63,142,17.648000,10
63,143,14.202000,8
63,144,9.088000,8
64,1,30.210000,19
64,2,32.733000,18
64,3,28.110000,18
64,4,30.271000,18
64,5,32.102000,18
64,6,30.813000,19
64,7,37.376000,23
64,8,51.451000,28
64,9,53.334000,28
64,10,62.926000,32
64,11,33.368000,20
64,12,42.388000,23
64,13,31.787000,20
64,14,34.864000,20
64,15,50.586000,24
64,16,38.325000,21
64,17,37.416000,21
64,18,28.408000,21
64,19,61.683000,30
64,20,33.321000,20
64,21,66.171000,36
64,22,36.190000,21
64,23,34.837000,21
64,24,38.766000,21
64,25,36.976000,21
64,26,38.167000,22
64,27,14.990000,9
64,28,45.459000,21
64,29,17.205000,9
64,30,35.474000,22
64,31,48.418000,31
64,32,48.515000,32
64,33,51.115000,34
64,34,48.543000,31
64,35,50.794000,32
64,36,31.896000,34
64,37,61.699000,34
64,38,46.141000,32
64,39,56.994000,32
64,40,46.121000,32
64,41,50.068000,33
64,42,59.014000,33
64,43,40.959000,32
64,44,18.675000,23
64,45,8.221000,24
64,46,41.734000,22
64,47,37.364000,22
64,48,30.070000,20
64,49,36.356000,22
64,50,37.098000,22
64,51,40.141000,22
64,52,36.520000,21
64,53,40.369000,24
64,54,46.904000,27
64,55,47.236000,22
64,56,44.926000,24
64,57,45.054000,24
64,58,37.755000,24
64,59,43.286000,24
64,60,37.853000,24
64,61,45.429000,26
64,62,38.119000,25
64,63,29.398000,27
64,64,47.223000,27
64,65,44.918000,27
64,66,49.340000,27
64,67,46.909000,26
64,68,48.243000,26
64,69,41.308000,27
64,70,50.516000,26
64,71,31.115000,26
64,72,14.318000,26
64,73,48.783000,27
64,74,40.956000,27
64,75,50.876000,27
64,76,49.745000,27
64,77,50.667000,27
64,78,50.035000,26
64,79,45.721000,27
64,80,33.789000,27
64,81,12.070000,27
64,82,48.913000,27
64,83,41.809000,27
64,84,45.708000,26
64,85,40.917000,24
64,86,39.880000,26
64,87,42.337000,27
64,88,44.845000,26
64,89,44.193000,28
64,90,22.596000,27
64,91,47.382000,26
64,92,43.427000,25
64,93,46.134000,27
64,94,41.390000,24
64,95,43.238000,25
64,96,41.480000,24
64,97,42.192000,25
64,98,40.380000,24
64,99,26.532000,24
64,100,48.802000,24
64,101,42.357000,24
64,102,23.654000,16
64,103,49.902000,25
64,104,28.753000,17
64,105,26.444000,17
64,106,31.806000,18
64,107,52.853000,27
64,108,29.195000,17
64,109,27.651000,17
64,110,32.593000,18
64,111,29.317000,17
64,112,34.669000,18
64,113,29.579000,17
64,114,43.082000,22
64,115,41.269000,24
64,116,45.337000,24
64,117,47.587000,21
64,118,49.797000,27
64,119,37.955000,21
64,120,30.762000,21
64,121,36.541000,21
64,122,34.037000,22
64,123,32.205000,21
64,124,35.982000,21
64,125,34.016000,21
64,126,46.915000,27
64,127,45.630000,23
64,128,44.966000,33
64,129,49.370000,34
64,130,64.766000,38
64,131,53.393000,34
64,132,54.161000,35
64,133,41.291000,31
64,134,25.866000,33
64,135,6.738000,30
64,136,48.927000,33
64,137,47.858000,35
64,138,63.407000,35
64,139,55.378000,33
64,140,44.415000,30
64,141,55.898000,32
64,142,24.872000,10
64,143,12.772000,8
64,144,10.435000,8
65,1,24.983000,18
65,2,28.906000,18
65,3,27.718000,18
65,4,26.538000,17
65,5,34.484000,18
65,6,31.931000,19
65,7,42.845000,23
65,8,34.338000,20
65,9,36.680000,21
65,10,33.454000,21
65,11,31.883000,20
65,12,48.412000,27
65,13,38.014000,21
65,14,36.406000,20
65,15,38.472000,20
65,16,35.687000,21
65,17,44.521000,28
65,18,28.362000,21
65,19,36.788000,20
65,20,34.452000,20
65,21,35.067000,21
65,22,39.291000,23
65,23,38.470000,21
65,24,43.224000,22
65,25,36.632000,22
65,26,36.946000,21
65,27,15.839000,9
65,28,37.280000,21
65,29,12.471000,9
65,30,38.313000,22
65,31,60.950000,36
65,32,51.284000,32
65,33,57.224000,34
65,34,53.890000,34
65,35,37.713000,33
65,36,19.066000,31
65,37,47.699000,32
65,38,58.234000,35
65,39,44.833000,32
65,40,61.620000,35
65,41,64.020000,37
65,42,45.289000,33
65,43,34.877000,33
65,44,12.587000,23
65,45,4.982000,22
65,46,40.421000,22
65,47,37.324000,23
65,48,34.835000,20
65,49,35.000000,20
65,50,47.373000,22
65,51,40.697000,22
65,52,33.749000,21
65,53,36.148000,24
65,54,26.527000,20
65,55,36.772000,22
65,56,39.755000,24
65,57,42.029000,22
65,58,48.481000,24
65,59,36.616000,24
65,60,42.388000,24
65,61,42.717000,24
65,62,42.152000,27
65,63,28.708000,27
65,64,40.162000,27
65,65,47.229000,27
65,66,45.056000,26
65,67,41.013000,26
65,68,48.395000,25
65,69,42.771000,27
65,70,40.333000,26
65,71,33.986000,26
65,72,24.065000,27
65,73,42.768000,26
65,74,43.293000,27
65,75,42.931000,26
65,76,45.013000,27
65,77,45.012000,27
65,78,40.716000,26
65,79,39.389000,26
65,80,36.607000,27
65,81,24.373000,27
65,82,42.975000,27
65,83,48.777000,27
65,84,36.803000,24
65,85,42.307000,26
65,86,44.104000,27
65,87,43.454000,24
65,88,43.635000,26
65,89,38.100000,27
65,90,26.788000,29
65,91,41.237000,26
65,92,46.160000,25
65,93,43.327000,26
65,94,42.467000,26
65,95,43.305000,24
65,96,42.822000,24
65,97,38.130000,22
65,98,38.115000,24
65,99,17.616000,21
65,100,38.315000,24
65,101,38.016000,24
65,102,30.784000,16
65,103,27.361000,17
65,104,26.920000,17
65,105,31.602000,17
65,106,34.035000,17
65,107,31.106000,18
65,108,29.942000,18
65,109,42.768000,21
65,110,30.790000,17
65,111,32.334000,17
65,112,29.703000,18
65,113,27.987000,17
65,114,30.773000,16
65,115,39.320000,21
65,116,33.770000,21
65,117,34.104000,21
65,118,35.401000,21
65,119,34.968000,21
65,120,34.096000,21
65,121,47.309000,24
65,122,34.206000,21
65,123,45.586000,24
65,124,34.875000,23
65,125,38.124000,23
65,126,44.235000,32
65,127,40.128000,23
65,128,57.224000,36
65,129,52.465000,34
65,130,55.507000,36
65,131,55.525000,34
65,132,53.066000,36
65,133,31.614000,31
65,134,17.600000,31
65,135,5.265000,30
65,136,45.929000,31
65,137,53.783000,34
65,138,54.985000,34
65,139,57.739000,35
65,140,49.513000,30
65,141,48.997000,31
65,142,17.324000,10
65,143,12.027000,8
65,144,12.286000,8
66,1,22.403000,15
66,2,28.163000,18
66,3,35.719000,18
66,4,29.777000,17
66,5,31.560000,17
66,6,32.899000,19
66,7,40.258000,22
66,8,50.180000,24
66,9,60.420000,32
66,10,53.527000,29
66,11,38.064000,20
66,12,34.646000,21
66,13,34.940000,20
66,14,37.212000,20
66,15,35.023000,21
66,16,34.054000,20
66,17,31.334000,20
66,18,43.564000,24
66,19,48.288000,24
66,20,34.674000,20
66,21,31.446000,20
66,22,59.683000,31
66,23,38.722000,21
66,24,35.343000,21
66,25,41.753000,21
66,26,33.747000,21
66,27,16.896000,9
66,28,35.619000,21
66,29,13.608000,9
66,30,40.774000,22
66,31,56.462000,33
66,32,64.481000,38
66,33,54.385000,37
66,34,65.112000,36
66,35,31.829000,32
66,36,18.715000,30
66,37,49.325000,32
66,38,49.143000,33
66,39,66.013000,38
66,40,63.530000,38
66,41,47.293000,32
66,42,51.254000,33
66,43,43.087000,38
66,44,14.052000,23
66,45,4.066000,22
66,46,41.657000,22
66,47,33.473000,22
66,48,32.391000,20
66,49,36.184000,22
66,50,40.664000,22
66,51,47.890000,27
66,52,39.500000,23
66,53,40.858000,24
66,54,37.923000,23
66,55,44.859000,22
66,56,45.246000,25
66,57,43.897000,23
66,58,40.916000,24
66,59,41.453000,24
66,60,43.041000,23
66,61,43.636000,26
66,62,34.087000,25
66,63,26.139000,25
66,64,44.585000,27
66,65,45.271000,28
66,66,45.174000,26
66,67,46.519000,26
66,68,46.074000,27
66,69,51.886000,27
66,70,42.409000,26
66,71,30.476000,26
66,72,21.361000,26
66,73,44.858000,27
66,74,41.175000,26
66,75,37.075000,26
66,76,48.936000,27
66,77,47.820000,27
66,78,45.587000,27
66,79,46.196000,26
66,80,38.923000,27
66,81,23.305000,27
66,82,47.314000,27
66,83,45.862000,28
66,84,39.453000,24
66,85,36.360000,24
66,86,43.649000,26
66,87,39.593000,24
66,88,49.382000,27
66,89,40.844000,27
66,90,28.417000,27
66,91,42.800000,27
66,92,47.873000,28
66,93,46.633000,27
66,94,43.207000,24
66,95,50.911000,25
66,96,47.936000,24
66,97,49.510000,28
66,98,27.155000,23
66,99,18.620000,24
66,100,47.283000,25
66,101,44.305000,25
66,102,30.483000,16
66,103,31.630000,17
66,104,30.336000,17
66,105,29.944000,17
66,106,33.425000,18
66,107,31.837000,18
66,108,29.355000,18
66,109,27.088000,17
66,110,24.510000,17
66,111,30.699000,17
66,112,29.485000,18
66,113,39.051000,21
66,114,29.543000,18
66,115,41.229000,22
66,116,39.789000,23
66,117,37.128000,21
66,118,46.126000,24
66,119,32.813000,21
66,120,34.659000,22
66,121,34.866000,21
66,122,41.082000,24
66,123,39.876000,21
66,124,48.022000,25
66,125,35.330000,21
66,126,35.032000,24
66,127,42.980000,23
66,128,49.834000,35
66,129,56.869000,35
66,130,53.802000,36
66,131,56.722000,33
66,132,52.311000,34
66,133,35.539000,30
66,134,25.155000,32
66,135,9.135000,31
66,136,42.944000,32
66,137,46.372000,33
66,138,56.650000,34
66,139,66.095000,36
66,140,51.824000,33
66,141,63.146000,35
66,142,17.123000,10
66,143,10.078000,8
66,144,10.308000,8
67,1,22.814000,15
67,2,29.916000,18
67,3,33.629000,18
67,4,29.214000,17
67,5,31.078000,18
67,6,33.969000,19
67,7,43.158000,26
67,8,49.188000,25
67,9,48.738000,23
67,10,44.681000,21
67,11,27.980000,20
67,12,36.385000,20
67,13,56.913000,31
67,14,34.349000,21
67,15,33.789000,20
67,16,47.985000,26
67,17,41.215000,25
67,18,39.365000,28
67,19,44.776000,24
67,20,36.652000,21
67,21,34.216000,20
67,22,43.709000,23
67,23,34.814000,21
67,24,40.354000,21
67,25,38.154000,21
67,26,33.545000,21
67,27,33.220000,24
67,28,41.221000,21
67,29,44.070000,27
67,30,40.521000,23
67,31,60.378000,36
67,32,53.361000,32
67,33,58.773000,37
67,34,50.823000,35
67,35,30.374000,33
67,36,13.392000,32
67,37,47.940000,32
67,38,49.804000,32
67,39,66.882000,35
67,40,49.823000,32
67,41,57.472000,37
67,42,59.498000,38
67,43,40.800000,35
67,44,12.047000,20
67,45,7.350000,22
67,46,46.880000,25
67,47,43.229000,24
67,48,36.124000,20
67,49,39.672000,23
67,50,37.339000,22
67,51,46.212000,28
67,52,42.018000,23
67,53,39.893000,23
67,54,27.251000,20
67,55,41.480000,22
67,56,44.096000,24
67,57,39.334000,23
67,58,39.585000,24
67,59,43.901000,24
67,60,38.613000,23
67,61,49.292000,26
67,62,36.868000,25
67,63,31.534000,26
67,64,45.898000,27
67,65,45.891000,28
67,66,50.190000,26
67,67,42.973000,26
67,68,52.201000,27
67,69,38.254000,27
67,70,45.747000,26
67,71,42.332000,26
67,72,19.283000,26
67,73,42.800000,27
67,74,43.431000,27
67,75,45.990000,26
67,76,48.488000,27
67,77,52.950000,27
67,78,44.823000,26
67,79,41.562000,26
67,80,35.228000,27
67,81,20.090000,27
67,82,45.871000,26
67,83,47.238000,27
67,84,38.299000,24
67,85,35.483000,24
67,86,48.215000,27
67,87,38.416000,24
67,88,46.327000,27
67,89,40.633000,26
67,90,27.851000,27
67,91,47.956000,26
67,92,48.274000,28
67,93,50.927000,26
67,94,41.902000,25
67,95,49.087000,24
67,96,36.677000,22
67,97,47.091000,24
67,98,37.416000,23
67,99,26.717000,28
67,100,44.649000,24
67,101,41.773000,24
67,102,33.177000,19
67,103,30.603000,17
67,104,29.760000,17
67,105,28.890000,17
67,106,31.733000,18
67,107,32.921000,18
67,108,32.271000,18
67,109,31.841000,17
67,110,25.203000,17
67,111,28.645000,17
67,112,30.156000,17
67,113,31.253000,17
67,114,27.366000,16
67,115,37.601000,21
67,116,41.297000,24
67,117,37.833000,21
67,118,38.753000,21
67,119,33.082000,21
67,120,40.976000,22
67,121,53.111000,25
67,122,41.807000,24
67,123,39.196000,21
67,124,41.230000,21
67,125,33.399000,21
67,126,42.078000,25
67,127,37.547000,22
67,128,57.522000,37
67,129,64.413000,36
67,130,54.819000,33
67,131,59.473000,34
67,132,51.676000,34
67,133,36.188000,31
67,134,20.559000,31
67,135,6.553000,30
67,136,48.837000,31
67,137,65.101000,36
67,138,55.605000,34
67,139,52.125000,33
67,140,44.429000,30
67,141,57.938000,33
67,142,16.624000,10
67,143,16.488000,8
67,144,12.785000,8
68,1,26.787000,15
68,2,36.456000,21
68,3,28.358000,16
68,4,29.449000,18
68,5,31.987000,18
68,6,41.298000,21
68,7,39.780000,23
68,8,49.738000,24
68,9,33.666000,20
68,10,32.061000,20
68,11,35.711000,20
68,12,33.938000,20
68,13,38.062000,20
68,14,51.270000,24
68,15,38.643000,21
68,16,30.677000,20
68,17,50.498000,25
68,18,37.666000,25
68,19,40.066000,21
68,20,30.406000,20
68,21,34.329000,20
68,22,34.213000,20
68,23,39.188000,21
68,24,37.103000,21
68,25,40.278000,21
68,26,33.913000,21
68,27,19.762000,9
68,28,34.528000,21
68,29,22.233000,12
68,30,47.872000,26
68,31,49.469000,33
68,32,55.352000,32
68,33,64.620000,38
68,34,47.833000,31
68,35,37.033000,33
68,36,26.500000,33
68,37,59.249000,37
68,38,52.005000,32
68,39,66.767000,35
68,40,57.748000,34
68,41,63.756000,37
68,42,39.574000,32
68,43,32.351000,33
68,44,15.615000,21
68,45,4.416000,22
68,46,38.985000,22
68,47,44.916000,23
68,48,31.827000,20
68,49,34.598000,20
68,50,43.103000,22
68,51,32.195000,22
68,52,41.693000,23
68,53,45.876000,24
68,54,33.759000,22
68,55,44.258000,23
68,56,49.724000,25
68,57,39.297000,23
68,58,44.372000,24
68,59,38.028000,23
68,60,41.389000,23
68,61,56.519000,31
68,62,28.653000,25
68,63,28.059000,30
68,64,45.550000,26
68,65,44.470000,27
68,66,46.289000,26
68,67,47.350000,26
68,68,49.813000,27
68,69,53.451000,27
68,70,41.862000,26
68,71,29.938000,26
68,72,19.843000,27
68,73,45.519000,26
68,74,45.287000,26
68,75,41.420000,26
68,76,45.998000,27
68,77,50.066000,27
68,78,46.575000,26
68,79,42.507000,26
68,80,29.547000,27
68,81,25.795000,27
68,82,48.501000,27
68,83,44.086000,26
68,84,38.189000,24
68,85,42.361000,24
68,86,48.996000,27
68,87,37.685000,24
68,88,50.051000,27
68,89,33.888000,27
68,90,26.451000,27
68,91,47.051000,28
68,92,43.808000,27
68,93,39.221000,24
68,94,45.958000,24
68,95,44.990000,24
68,96,52.017000,26
68,97,40.119000,23
68,98,26.896000,23
68,99,25.606000,24
68,100,47.066000,24
68,101,42.381000,24
68,102,24.222000,17
68,103,26.047000,17
68,104,28.928000,17
68,105,31.915000,17
68,106,27.366000,17
68,107,32.368000,18
68,108,33.386000,18
68,109,38.779000,20
68,110,29.172000,17
68,111,32.487000,17
68,112,28.909000,18
68,113,36.364000,20
68,114,44.319000,22
68,115,36.095000,22
68,116,42.303000,22
68,117,36.644000,22
68,118,49.996000,27
68,119,42.547000,24
68,120,38.242000,21
68,121,44.172000,24
68,122,37.679000,21
68,123,33.152000,21
68,124,49.935000,25
68,125,34.290000,24
68,126,30.081000,24
68,127,38.985000,22
68,128,58.537000,38
68,129,45.190000,32
68,130,68.905000,38
68,131,55.930000,34
68,132,43.946000,32
68,133,37.667000,31
68,134,26.148000,31
68,135,7.563000,30
68,136,44.305000,31
68,137,51.647000,33
68,138,49.544000,32
68,139,67.033000,36
68,140,50.944000,31
68,141,55.254000,33
68,142,18.048000,10
68,143,12.877000,8
68,144,11.076000,8
69,1,28.973000,18
69,2,29.992000,18
69,3,31.495000,18
69,4,30.413000,17
69,5,32.155000,19
69,6,32.116000,19
69,7,59.248000,31
69,8,35.752000,20
69,9,36.803000,21
69,10,46.619000,24
69,11,48.091000,25
69,12,33.662000,20
69,13,34.794000,20
69,14,35.386000,20
69,15,37.027000,21
69,16,37.548000,20
69,17,36.620000,21
69,18,29.856000,24
69,19,35.100000,21
69,20,35.375000,20
69,21,38.846000,21
69,22,37.614000,21
69,23,40.147000,22
69,24,34.430000,20
69,25,39.281000,21
69,26,36.656000,21
69,27,18.857000,9
69,28,43.799000,25
69,29,22.299000,12
69,30,40.392000,23
69,31,54.834000,33
69,32,59.385000,35
69,33,62.274000,34
69,34,44.935000,31
69,35,35.986000,36
69,36,15.468000,31
69,37,53.697000,32
69,38,56.272000,34
69,39,48.419000,32
69,40,49.497000,32
69,41,61.880000,34
69,42,57.202000,36
69,43,36.765000,31
69,44,16.228000,23
69,45,7.309000,21
69,46,41.803000,23
69,47,45.138000,23
69,48,33.398000,20
69,49,43.233000,23
69,50,40.843000,22
69,51,43.247000,24
69,52,38.840000,23
69,53,35.419000,24
69,54,23.764000,20
69,55,40.013000,22
69,56,44.549000,24
69,57,40.194000,23
69,58,40.227000,23
69,59,46.134000,24
69,60,39.265000,23
69,61,40.525000,26
69,62,38.643000,25
69,63,32.568000,27
69,64,43.910000,26
69,65,45.912000,28
69,66,41.779000,27
69,67,50.957000,28
69,68,42.178000,26
69,69,42.402000,27
69,70,42.985000,26
69,71,38.176000,27
69,72,24.114000,26
69,73,45.416000,27
69,74,44.412000,27
69,75,52.181000,27
69,76,45.454000,27
69,77,44.013000,27
69,78,48.164000,26
69,79,43.424000,26
69,80,32.057000,27
69,81,18.315000,27
69,82,44.121000,27
69,83,47.265000,27
69,84,43.277000,24
69,85,41.916000,24
69,86,44.363000,26
69,87,42.368000,24
69,88,51.017000,27
69,89,41.556000,27
69,90,19.940000,27
69,91,38.567000,27
69,92,35.606000,22
69,93,47.588000,26
69,94,44.434000,24
69,95,41.894000,25
69,96,39.641000,24
69,97,44.506000,23
69,98,35.820000,23
69,99,29.718000,24
69,100,51.950000,25
69,101,41.033000,24
69,102,36.137000,19
69,103,28.497000,17
69,104,32.940000,17
69,105,29.526000,17
69,106,28.567000,18
69,107,33.000000,18
69,108,32.609000,18
69,109,27.562000,17
69,110,28.996000,17
69,111,32.902000,18
69,112,30.434000,18
69,113,32.810000,19
69,114,29.082000,16
69,115,37.573000,21
69,116,41.611000,22
69,117,39.353000,21
69,118,34.095000,21
69,119,39.414000,22
69,120,36.278000,21
69,121,47.500000,24
69,122,34.293000,21
69,123,32.605000,21
69,124,36.496000,21
69,125,42.839000,24
69,126,39.954000,24
69,127,36.707000,23
69,128,58.200000,38
69,129,53.794000,33
69,130,59.455000,37
69,131,52.516000,33
69,132,57.865000,35
69,133,31.832000,31
69,134,21.150000,30
69,135,9.463000,31
69,136,48.855000,32
69,137,60.685000,33
69,138,50.513000,33
69,139,53.399000,35
69,140,51.205000,31
69,141,53.233000,33
69,142,13.835000,10
69,143,14.691000,8
69,144,10.234000,8
70,1,29.776000,15
70,2,29.803000,18
70,3,29.749000,18
70,4,31.798000,18
70,5,44.699000,22
70,6,30.130000,18
70,7,48.054000,26
70,8,36.877000,20
70,9,36.031000,21
70,10,54.954000,28
70,11,34.970000,20
70,12,32.593000,20
70,13,33.122000,20
70,14,46.340000,23
70,15,51.761000,24
70,16,33.695000,20
70,17,31.431000,20
70,18,27.901000,21
70,19,37.587000,20
70,20,31.114000,20
70,21,36.468000,21
70,22,34.967000,21
70,23,46.825000,25
70,24,41.222000,23
70,25,37.097000,21
70,26,37.162000,21
70,27,20.732000,9
70,28,16.728000,9
70,29,28.719000,12
70,30,40.196000,23
70,31,54.491000,32
70,32,49.780000,32
70,33,55.680000,34
70,34,65.775000,39
70,35,46.940000,37
70,36,24.530000,32
70,37,56.309000,34
70,38,51.024000,32
70,39,54.516000,37
70,40,54.664000,32
70,41,67.183000,37
70,42,50.602000,32
70,43,40.329000,35
70,44,20.136000,36
70,45,2.815000,21
70,46,45.284000,22
70,47,41.360000,23
70,48,38.062000,20
70,49,32.192000,20
70,50,39.402000,22
70,51,41.465000,23
70,52,41.164000,23
70,53,37.359000,24
70,54,32.800000,22
70,55,45.239000,22
70,56,44.100000,24
70,57,41.877000,24
70,58,49.513000,26
70,59,42.813000,25
70,60,40.821000,23
70,61,47.797000,27
70,62,36.850000,26
70,63,26.175000,25
70,64,51.476000,27
70,65,45.921000,29
70,66,50.193000,27
70,67,46.605000,26
70,68,42.922000,26
70,69,50.718000,27
70,70,41.474000,27
70,71,29.096000,27
70,72,19.387000,26
70,73,51.397000,26
70,74,50.805000,28
70,75,43.997000,27
70,76,47.825000,27
70,77,44.817000,27
70,78,47.991000,26
70,79,35.261000,26
70,80,35.517000,26
70,81,18.557000,27
70,82,48.285000,26
70,83,41.714000,27
70,84,41.834000,24
70,85,39.431000,24
70,86,47.666000,26
70,87,41.874000,24
70,88,47.494000,27
70,89,46.161000,31
70,90,19.755000,24
70,91,51.460000,29
70,92,42.370000,29
70,93,39.890000,25
70,94,40.850000,24
70,95,35.753000,24
70,96,52.494000,28
70,97,41.420000,22
70,98,33.959000,24
70,99,27.425000,24
70,100,48.196000,24
70,101,36.500000,24
70,102,29.020000,17
70,103,28.320000,17
70,104,31.410000,17
70,105,25.773000,17
70,106,27.492000,18
70,107,30.357000,18
70,108,38.186000,18
70,109,26.308000,17
70,110,30.927000,17
70,111,31.443000,17
70,112,30.270000,17
70,113,32.209000,17
70,114,27.535000,16
70,115,41.775000,23
70,116,39.317000,23
70,117,49.077000,25
70,118,48.327000,23
70,119,35.404000,21
70,120,38.430000,22
70,121,45.614000,24
70,122,37.872000,21
70,123,39.551000,21
70,124,45.915000,24
70,125,31.713000,21
70,126,33.944000,24
70,127,44.131000,23
70,128,56.267000,37
70,129,53.454000,37
70,130,59.277000,36
70,131,55.425000,34
70,132,50.416000,31
70,133,32.367000,30
70,134,25.221000,31
70,135,7.327000,30
70,136,52.587000,31
70,137,41.190000,31
70,138,55.077000,34
70,139,60.627000,35
70,140,48.677000,31
70,141,53.105000,33
70,142,15.698000,10
70,143,15.540000,8
70,144,11.764000,8
71,1,34.512000,20
71,2,28.606000,18
71,3,29.537000,18
71,4,28.898000,17
71,5,32.860000,18
71,6,34.532000,19
71,7,51.173000,25
71,8,65.096000,33
71,9,31.280000,20
71,10,38.220000,21
71,11,39.003000,22
71,12,34.101000,20
71,13,38.588000,20
71,14,53.967000,29
71,15,38.426000,22
71,16,36.497000,20
71,17,41.186000,22
71,18,28.978000,22
71,19,33.771000,20
71,20,33.132000,21
71,21,32.974000,20
71,22,46.003000,24
71,23,40.190000,21
71,24,42.271000,24
71,25,37.480000,21
71,26,37.619000,21
71,27,17.854000,9
71,28,17.912000,9
71,29,28.879000,15
71,30,43.511000,24
71,31,68.862000,35
71,32,57.140000,34
71,33,59.811000,36
71,34,53.601000,35
71,35,43.456000,36
71,36,14.376000,32
71,37,49.437000,32
71,38,53.176000,33
71,39,58.667000,34
71,40,80.572000,41
71,41,65.685000,39
71,42,43.296000,32
71,43,30.595000,34
71,44,9.708000,23
71,45,2.268000,20
71,46,46.220000,24
71,47,41.269000,24
71,48,38.064000,24
71,49,37.987000,23
71,50,50.129000,24
71,51,43.424000,23
71,52,39.349000,24
71,53,35.381000,23
71,54,39.337000,27
71,55,41.658000,23
71,56,38.708000,23
71,57,36.392000,23
71,58,45.897000,25
71,59,48.015000,26
71,60,48.977000,24
71,61,42.054000,25
71,62,40.475000,25
71,63,28.211000,26
71,64,49.421000,28
71,65,43.255000,26
71,66,48.821000,26
71,67,50.617000,27
71,68,43.036000,26
71,69,52.911000,28
71,70,42.634000,26
71,71,34.289000,25
71,72,13.206000,27
71,73,45.365000,27
71,74,43.945000,26
71,75,43.601000,27
71,76,45.628000,27
71,77,49.276000,27
71,78,48.936000,27
71,79,43.013000,26
71,80,38.489000,27
71,81,22.642000,27
71,82,41.673000,27
71,83,48.553000,27
71,84,40.056000,25
71,85,41.209000,26
71,86,46.360000,26
71,87,42.178000,24
71,88,50.084000,27
71,89,38.472000,27
71,90,25.931000,27
71,91,49.437000,27
71,92,40.942000,24
71,93,54.417000,26
71,94,42.689000,23
71,95,41.841000,24
71,96,42.414000,24
71,97,38.593000,25
71,98,36.510000,24
71,99,24.962000,23
71,100,32.648000,21
71,101,40.507000,25
71,102,28.943000,18
71,103,27.470000,17
71,104,31.052000,17
71,105,31.096000,17
71,106,33.386000,17
71,107,30.360000,18
71,108,31.033000,17
71,109,31.233000,17
71,110,28.099000,17
71,111,32.149000,17
71,112,29.601000,18
71,113,37.195000,20
71,114,32.271000,18
71,115,34.119000,21
71,116,48.910000,25
71,117,44.147000,25
71,118,36.770000,21
71,119,45.592000,24
71,120,41.876000,24
71,121,52.707000,26
71,122,44.286000,24
71,123,35.627000,21
71,124,46.173000,26
71,125,40.648000,25
71,126,26.209000,24
71,127,35.391000,21
71,128,55.562000,37
71,129,56.236000,35
71,130,55.791000,36
71,131,54.422000,33
71,132,53.310000,33
71,133,35.185000,30
71,134,31.538000,33
71,135,10.059000,30
71,136,48.078000,31
71,137,44.254000,31
71,138,50.120000,31
71,139,55.374000,33
71,140,56.065000,31
71,141,49.971000,31
71,142,21.074000,10
71,143,14.728000,8
71,144,10.261000,8
72,1,22.790000,15
72,2,27.970000,18
72,3,29.864000,18
72,4,34.474000,19
72,5,33.463000,18
72,6,30.930000,19
72,7,58.272000,27
72,8,51.209000,23
72,9,37.085000,20
72,10,38.898000,20
72,11,30.100000,20
72,12,36.522000,20
72,13,44.011000,25
72,14,40.972000,22
72,15,43.605000,23
72,16,39.864000,21
72,17,35.214000,23
72,18,30.322000,20
72,19,42.884000,24
72,20,46.846000,25
72,21,41.441000,22
72,22,34.433000,21
72,23,33.101000,20
72,24,34.306000,21
72,25,34.670000,21
72,26,43.858000,24
72,27,31.842000,23
72,28,22.073000,9
72,29,26.169000,16
72,30,38.898000,22
72,31,48.145000,32
72,32,56.754000,35
72,33,59.899000,34
72,34,49.805000,33
72,35,44.596000,33
72,36,27.184000,35
72,37,50.916000,34
72,38,59.868000,34
72,39,68.841000,38
72,40,61.270000,36
72,41,57.644000,34
72,42,44.699000,32
72,43,30.017000,35
72,44,6.275000,22
72,45,3.648000,24
72,46,42.836000,24
72,47,42.987000,23
72,48,32.126000,20
72,49,38.842000,23
72,50,38.834000,23
72,51,39.122000,23
72,52,40.999000,23
72,53,34.873000,23
72,54,31.187000,23
72,55,39.170000,23
72,56,49.608000,26
72,57,39.235000,22
72,58,42.735000,25
72,59,45.523000,24
72,60,39.408000,25
72,61,43.015000,24
72,62,42.011000,25
72,63,28.718000,26
72,64,44.196000,27
72,65,50.226000,27
72,66,52.210000,27
72,67,42.051000,26
72,68,45.089000,26
72,69,40.296000,26
72,70,39.870000,26
72,71,35.546000,26
72,72,22.009000,27
72,73,40.841000,26
72,74,42.356000,27
72,75,44.686000,27
72,76,50.723000,27
72,77,47.517000,27
72,78,43.440000,26
72,79,45.441000,26
72,80,38.137000,26
72,81,22.222000,27
72,82,44.099000,27
72,83,48.315000,27
72,84,46.536000,25
72,85,42.038000,25
72,86,44.148000,27
72,87,43.437000,26
72,88,48.503000,28
72,89,39.731000,26
72,90,18.403000,26
72,91,44.161000,27
72,92,42.883000,25
72,93,41.845000,25
72,94,40.220000,22
72,95,42.939000,24
72,96,37.305000,22
72,97,41.973000,24
72,98,35.709000,24
72,99,36.462000,23
72,100,37.135000,21
72,101,38.385000,24
72,102,30.796000,17
72,103,28.838000,17
72,104,26.678000,17
72,105,25.233000,17
72,106,34.808000,17
72,107,29.635000,17
72,108,32.099000,18
72,109,30.737000,17
72,110,26.360000,17
72,111,30.090000,17
72,112,27.780000,17
72,113,35.443000,20
72,114,33.618000,18
72,115,37.645000,21
72,116,44.764000,24
72,117,43.778000,25
72,118,36.347000,21
72,119,45.585000,24
72,120,43.703000,25
72,121,34.856000,21
72,122,36.193000,21
72,123,41.802000,23
72,124,39.517000,24
72,125,40.763000,24
72,126,31.982000,20
72,127,41.135000,23
72,128,55.516000,37
72,129,55.963000,37
72,130,55.275000,37
72,131,52.770000,33
72,132,54.890000,33
72,133,39.113000,31
72,134,22.605000,32
72,135,5.940000,31
72,136,44.215000,31
72,137,60.948000,33
72,138,58.515000,32
72,139,60.385000,34
72,140,48.415000,31
72,141,58.048000,35
72,142,19.374000,10
72,143,11.346000,8
72,144,8.767000,8
73,1,24.562000,15
73,2,28.315000,18
73,3,30.560000,18
73,4,26.600000,17
73,5,32.731000,18
73,6,33.748000,19
73,7,39.122000,23
73,8,34.520000,20
73,9,32.881000,20
73,10,45.552000,24
73,11,47.848000,26
73,12,39.366000,22
73,13,59.189000,32
73,14,41.510000,22
73,15,37.403000,20
73,16,33.049000,20
73,17,27.920000,20
73,18,25.658000,20
73,19,36.635000,20
73,20,35.955000,21
73,21,38.371000,20
73,22,49.379000,27
73,23,52.863000,26
73,24,33.296000,21
73,25,36.138000,21
73,26,37.054000,24
73,27,14.923000,9
73,28,23.100000,9
73,29,29.447000,16
73,30,40.045000,22
73,31,50.408000,32
73,32,51.308000,34
73,33,52.965000,34
73,34,53.465000,35
73,35,34.580000,32
73,36,29.658000,31
73,37,52.088000,33
73,38,58.964000,35
73,39,51.511000,34
73,40,55.800000,34
73,41,57.319000,35
73,42,41.349000,32
73,43,38.332000,31
73,44,19.129000,23
73,45,5.872000,24
73,46,36.562000,20
73,47,37.117000,24
73,48,41.006000,24
73,49,40.549000,23
73,50,35.706000,23
73,51,39.107000,23
73,52,37.961000,23
73,53,33.034000,23
73,54,31.068000,23
73,55,39.676000,23
73,56,48.124000,28
73,57,37.775000,23
73,58,39.418000,24
73,59,54.902000,29
73,60,36.572000,23
73,61,47.880000,30
73,62,31.825000,25
73,63,30.589000,27
73,64,44.215000,27
73,65,43.368000,27
73,66,40.833000,27
73,67,42.929000,27
73,68,39.709000,26
73,69,42.426000,26
73,70,45.007000,27
73,71,34.976000,26
73,72,27.060000,27
73,73,43.047000,27
73,74,40.927000,27
73,75,44.397000,27
73,76,42.523000,27
73,77,44.517000,27
73,78,47.352000,27
73,79,38.507000,26
73,80,31.822000,26
73,81,28.591000,27
73,82,46.605000,27
73,83,47.756000,27
73,84,42.212000,25
73,85,40.500000,26
73,86,38.995000,25
73,87,41.754000,24
73,88,40.547000,27
73,89,35.407000,26
73,90,27.134000,26
73,91,44.263000,26
73,92,37.463000,23
73,93,47.497000,25
73,94,42.412000,24
73,95,32.033000,22
73,96,49.469000,27
73,97,37.480000,21
73,98,40.398000,24
73,99,28.563000,23
73,100,31.596000,21
73,101,37.904000,24
73,102,27.084000,17
73,103,28.949000,17
73,104,27.881000,17
73,105,29.460000,17
73,106,33.090000,17
73,107,36.493000,18
73,108,31.531000,18
73,109,25.891000,17
73,110,26.482000,17
73,111,29.615000,17
73,112,29.088000,18
73,113,36.498000,20
73,114,29.527000,18
73,115,40.722000,22
73,116,47.378000,24
73,117,31.786000,21
73,118,47.528000,26
73,119,42.184000,24
73,120,40.786000,23
73,121,35.034000,21
73,122,51.955000,29
73,123,44.506000,24
73,124,40.656000,24
73,125,35.327000,24
73,126,25.317000,22
73,127,45.628000,23
73,128,63.361000,37
73,129,58.951000,37
73,130,53.829000,36
73,131,67.101000,39
73,132,37.157000,32
73,133,30.888000,30
73,134,14.635000,32
73,135,5.732000,31
73,136,44.322000,31
73,137,60.201000,34
73,138,50.804000,32
73,139,58.012000,36
73,140,50.768000,30
73,141,44.757000,32
73,142,20.224000,10
73,143,9.259000,8
73,144,12.577000,8
74,1,24.076000,15
74,2,22.347000,18
74,3,26.876000,18
74,4,28.575000,17
74,5,35.302000,18
74,6,34.287000,19
74,7,40.686000,22
74,8,48.918000,25
74,9,34.985000,20
74,10,34.451000,20
74,11,41.500000,23
74,12,38.739000,22
74,13,39.621000,21
74,14,37.001000,20
74,15,31.175000,20
74,16,38.366000,20
74,17,37.425000,20
74,18,33.498000,22
74,19,42.961000,24
74,20,45.126000,25
74,21,37.006000,21
74,22,57.598000,31
74,23,39.067000,22
74,24,35.892000,21
74,25,32.947000,21
74,26,49.734000,30
74,27,13.974000,9
74,28,40.131000,27
74,29,29.703000,16
74,30,34.746000,22
74,31,54.493000,33
74,32,58.665000,34
74,33,60.009000,34
74,34,50.318000,34
74,35,33.735000,33
74,36,14.768000,36
74,37,44.466000,32
74,38,56.830000,34
74,39,57.532000,34
74,40,57.830000,34
74,41,55.205000,35
74,42,48.123000,32
74,43,42.733000,33
74,44,15.631000,22
74,45,7.665000,24
74,46,40.128000,24
74,47,37.014000,24
74,48,39.956000,24
74,49,40.159000,22
74,50,39.376000,23
74,51,38.659000,23
74,52,39.206000,23
74,53,36.968000,25
74,54,29.437000,23
74,55,37.786000,23
74,56,34.932000,23
74,57,44.755000,24
74,58,45.095000,24
74,59,46.774000,24
74,60,41.656000,23
74,61,35.741000,24
74,62,37.945000,25
74,63,35.654000,29
74,64,42.730000,27
74,65,46.482000,27
74,66,45.539000,27
74,67,46.668000,26
74,68,47.116000,26
74,69,47.535000,26
74,70,41.742000,27
74,71,33.698000,26
74,72,26.631000,26
74,73,41.948000,27
74,74,42.531000,27
74,75,48.341000,27
74,76,50.055000,27
74,77,44.984000,27
74,78,44.628000,27
74,79,40.269000,26
74,80,38.335000,27
74,81,19.949000,27
74,82,41.820000,27
74,83,42.467000,27
74,84,42.967000,26
74,85,53.814000,26
74,86,40.902000,25
74,87,38.298000,24
74,88,42.144000,26
74,89,37.110000,26
74,90,28.796000,26
74,91,42.730000,27
74,92,40.221000,24
74,93,45.815000,25
74,94,39.330000,24
74,95,41.973000,24
74,96,46.574000,24
74,97,42.422000,24
74,98,41.537000,26
74,99,27.698000,23
74,100,37.830000,21
74,101,31.801000,24
74,102,28.206000,17
74,103,30.854000,17
74,104,32.799000,17
74,105,30.489000,17
74,106,26.484000,17
74,107,32.532000,17
74,108,29.147000,17
74,109,35.759000,19
74,110,19.983000,17
74,111,27.855000,17
74,112,31.852000,18
74,113,37.365000,19
74,114,31.225000,18
74,115,34.986000,21
74,116,38.565000,23
74,117,34.691000,21
74,118,41.742000,24
74,119,35.143000,21
74,120,39.937000,24
74,121,42.696000,24
74,122,49.046000,24
74,123,44.828000,22
74,124,48.713000,25
74,125,35.284000,24
74,126,29.877000,23
74,127,42.742000,24
74,128,58.524000,37
74,129,57.644000,36
74,130,56.249000,36
74,131,53.402000,34
74,132,43.096000,33
74,133,33.580000,30
74,134,24.896000,33
74,135,8.732000,31
74,136,44.651000,31
74,137,56.030000,33
74,138,61.367000,33
74,139,55.206000,35
74,140,47.794000,31
74,141,44.190000,32
74,142,21.865000,10
74,143,13.445000,8
74,144,11.027000,8
75,1,29.198000,15
75,2,44.517000,21
75,3,27.104000,17
75,4,30.828000,18
75,5,31.936000,18
75,6,33.619000,19
75,7,58.978000,31
75,8,35.227000,20
75,9,33.178000,20
75,10,50.248000,25
75,11,53.657000,25
75,12,38.651000,21
75,13,37.426000,20
75,14,55.380000,29
75,15,63.648000,34
75,16,29.809000,20
75,17,28.266000,21
75,18,21.867000,25
75,19,45.932000,24
75,20,35.413000,20
75,21,48.318000,23
75,22,42.203000,22
75,23,37.776000,21
75,24,36.065000,21
75,25,49.436000,24
75,26,48.042000,26
75,27,17.043000,9
75,28,19.275000,9
75,29,30.878000,16
75,30,46.328000,23
75,31,50.315000,33
75,32,55.021000,34
75,33,59.921000,34
75,34,56.784000,36
75,35,41.332000,32
75,36,19.262000,36
75,37,50.280000,32
75,38,52.268000,34
75,39,55.288000,34
75,40,73.648000,38
75,41,57.825000,35
75,42,49.687000,32
75,43,37.024000,34
75,44,10.467000,21
75,45,4.004000,24
75,46,50.244000,24
75,47,41.962000,24
75,48,47.825000,25
75,49,35.204000,23
75,50,37.502000,23
75,51,38.534000,23
75,52,38.057000,23
75,53,38.494000,24
75,54,33.856000,23
75,55,42.664000,23
75,56,42.531000,22
75,57,39.132000,23
75,58,39.812000,24
75,59,41.775000,24
75,60,40.376000,23
75,61,39.599000,24
75,62,42.302000,29
75,63,38.618000,26
75,64,56.590000,31
75,65,49.806000,28
75,66,40.027000,26
75,67,47.611000,26
75,68,44.614000,26
75,69,42.063000,26
75,70,41.423000,26
75,71,42.327000,26
75,72,22.905000,26
75,73,48.168000,28
75,74,44.636000,27
75,75,53.110000,29
75,76,48.568000,27
75,77,44.668000,27
75,78,46.719000,26
75,79,44.766000,26
75,80,36.155000,27
75,81,16.805000,27
75,82,50.248000,27
75,83,42.901000,26
75,84,43.490000,25
75,85,38.154000,25
75,86,40.091000,25
75,87,37.158000,24
75,88,49.014000,26
75,89,36.462000,26
75,90,30.069000,26
75,91,46.301000,27
75,92,42.203000,25
75,93,37.483000,24
75,94,47.765000,25
75,95,37.402000,23
75,96,40.603000,22
75,97,35.321000,21
75,98,43.691000,24
75,99,35.259000,23
75,100,34.022000,21
75,101,54.897000,26
75,102,31.756000,17
75,103,33.892000,18
75,104,29.332000,17
75,105,29.574000,17
75,106,34.032000,19
75,107,32.475000,17
75,108,35.711000,18
75,109,32.105000,18
75,110,27.852000,17
75,111,26.326000,17
75,112,29.031000,18
75,113,34.965000,20
75,114,33.671000,18
75,115,35.865000,21
75,116,35.714000,21
75,117,36.899000,21
75,118,37.632000,21
75,119,49.730000,24
75,120,42.399000,24
75,121,43.359000,24
75,122,46.123000,26
75,123,43.628000,24
75,124,38.923000,24
75,125,36.989000,24
75,126,30.201000,20
75,127,40.795000,21
75,128,55.655000,37
75,129,53.324000,36
75,130,54.833000,35
75,131,59.955000,37
75,132,50.742000,32
75,133,40.074000,31
75,134,28.633000,32
75,135,10.577000,31
75,136,53.322000,35
75,137,53.625000,34
75,138,52.262000,31
75,139,60.159000,36
75,140,54.998000,31
75,141,51.448000,32
75,142,16.602000,10
75,143,15.338000,8
75,144,12.291000,8
76,1,20.615000,15
76,2,27.091000,18
76,3,30.174000,18
76,4,30.826000,17
76,5,36.428000,18
76,6,35.904000,19
76,7,52.314000,25
76,8,41.350000,20
76,9,62.602000,31
76,10,34.998000,20
76,11,32.563000,20
76,12,46.940000,24
76,13,44.943000,26
76,14,33.128000,20
76,15,40.516000,21
76,16,43.187000,20
76,17,44.103000,25
76,18,32.780000,20
76,19,34.725000,20
76,20,35.406000,21
76,21,60.867000,30
76,22,32.839000,21
76,23,37.460000,20
76,24,39.187000,21
76,25,39.759000,21
76,26,35.457000,21
76,27,18.368000,9
76,28,20.128000,9
76,29,25.831000,16
76,30,38.613000,24
76,31,50.411000,32
76,32,56.391000,34
76,33,59.802000,35
76,34,51.808000,31
76,35,47.496000,32
76,36,28.712000,34
76,37,52.888000,33
76,38,48.730000,33
76,39,52.689000,34
76,40,52.267000,31
76,41,70.226000,38
76,42,51.909000,32
76,43,42.997000,39
76,44,13.375000,22
76,45,5.249000,23
76,46,31.189000,21
76,47,33.883000,23
76,48,39.517000,24
76,49,43.849000,25
76,50,45.217000,23
76,51,38.767000,23
76,52,39.757000,23
76,53,37.308000,23
76,54,36.223000,23
76,55,45.689000,27
76,56,40.397000,23
76,57,40.238000,23
76,58,45.766000,26
76,59,46.074000,24
76,60,39.709000,23
76,61,48.289000,25
76,62,39.023000,25
76,63,26.823000,25
76,64,37.561000,26
76,65,46.129000,26
76,66,46.203000,26
76,67,48.757000,26
76,68,46.338000,26
76,69,53.223000,26
76,70,41.330000,26
76,71,34.454000,26
76,72,22.314000,29
76,73,38.646000,27
76,74,44.570000,27
76,75,49.113000,27
76,76,47.479000,27
76,77,47.902000,27
76,78,50.163000,27
76,79,39.871000,26
76,80,38.170000,27
76,81,17.769000,27
76,82,38.434000,27
76,83,41.499000,26
76,84,37.745000,25
76,85,44.889000,25
76,86,46.171000,25
76,87,39.693000,24
76,88,47.306000,27
76,89,46.715000,26
76,90,28.811000,26
76,91,41.509000,27
76,92,46.418000,27
76,93,48.926000,28
76,94,43.869000,24
76,95,39.490000,24
76,96,40.395000,22
76,97,41.371000,24
76,98,44.479000,24
76,99,23.746000,23
76,100,36.222000,21
76,101,39.842000,24
76,102,26.619000,17
76,103,40.357000,21
76,104,32.506000,17
76,105,27.491000,17
76,106,32.349000,17
76,107,34.405000,17
76,108,31.617000,18
76,109,34.974000,19
76,110,30.183000,18
76,111,29.846000,17
76,112,30.877000,18
76,113,49.634000,24
76,114,33.796000,18
76,115,40.251000,21
76,116,40.989000,24
76,117,34.961000,21
76,118,33.684000,21
76,119,36.570000,23
76,120,44.131000,24
76,121,42.967000,24
76,122,43.017000,24
76,123,45.876000,24
76,124,45.438000,24
76,125,38.073000,24
76,126,35.146000,25
76,127,35.253000,23
76,128,59.709000,37
76,129,46.602000,32
76,130,68.169000,37
76,131,55.190000,32
76,132,48.875000,33
76,133,40.452000,33
76,134,17.675000,31
76,135,6.211000,31
76,136,44.198000,33
76,137,51.469000,33
76,138,50.989000,33
76,139,57.986000,32
76,140,58.362000,32
76,141,51.557000,31
76,142,20.287000,10
76,143,13.907000,8
76,144,10.830000,8
77,1,17.393000,15
77,2,28.308000,18
77,3,28.119000,18
77,4,36.511000,18
77,5,33.383000,18
77,6,32.556000,19
77,7,57.177000,27
77,8,45.952000,24
77,9,44.391000,23
77,10,35.856000,20
77,11,31.121000,20
77,12,40.802000,24
77,13,37.474000,20
77,14,32.536000,21
77,15,61.628000,30
77,16,47.492000,24
77,17,32.867000,20
77,18,29.349000,20
77,19,40.803000,20
77,20,34.213000,21
77,21,51.879000,24
77,22,43.307000,24
77,23,37.097000,21
77,24,39.061000,21
77,25,35.037000,21
77,26,37.366000,21
77,27,30.957000,23
77,28,20.729000,9
77,29,26.850000,16
77,30,35.304000,22
77,31,61.440000,34
77,32,53.069000,34
77,33,62.863000,37
77,34,57.530000,34
77,35,37.538000,32
77,36,21.750000,31
77,37,49.433000,34
77,38,54.669000,33
77,39,60.315000,34
77,40,58.488000,34
77,41,56.720000,35
77,42,61.825000,37
77,43,38.748000,37
77,44,11.453000,22
77,45,5.202000,25
77,46,43.015000,23
77,47,41.413000,24
77,48,42.089000,22
77,49,39.033000,23
77,50,36.711000,23
77,51,39.538000,23
77,52,43.071000,23
77,53,40.112000,24
77,54,31.332000,23
77,55,42.340000,24
77,56,39.997000,23
77,57,48.714000,23
77,58,47.432000,25
77,59,40.923000,23
77,60,35.506000,23
77,61,38.499000,25
77,62,39.965000,25
77,63,34.018000,26
77,64,44.528000,27
77,65,47.451000,29
77,66,46.235000,26
77,67,45.989000,26
77,68,47.665000,26
77,69,40.759000,26
77,70,43.688000,26
77,71,38.189000,27
77,72,22.226000,28
77,73,46.134000,27
77,74,44.761000,26
77,75,54.338000,27
77,76,43.045000,27
77,77,50.855000,27
77,78,44.881000,27
77,79,41.616000,26
77,80,35.565000,27
77,81,19.538000,27
77,82,46.207000,27
77,83,47.518000,27
77,84,44.393000,25
77,85,46.168000,27
77,86,46.308000,26
77,87,39.517000,24
77,88,44.696000,26
77,89,34.592000,27
77,90,19.611000,26
77,91,44.255000,28
77,92,39.583000,24
77,93,47.878000,25
77,94,46.660000,24
77,95,42.683000,24
77,96,42.877000,23
77,97,47.753000,24
77,98,33.787000,23
77,99,26.709000,23
77,100,49.429000,28
77,101,44.830000,24
77,102,36.897000,17
77,103,30.009000,17
77,104,36.522000,21
77,105,30.492000,17
77,106,32.455000,17
77,107,27.119000,17
77,108,28.667000,17
77,109,30.844000,18
77,110,25.177000,17
77,111,27.872000,17
77,112,32.461000,18
77,113,33.173000,19
77,114,33.190000,18
77,115,41.027000,22
77,116,49.888000,25
77,117,48.200000,24
77,118,39.240000,21
77,119,44.667000,24
77,120,47.368000,24
77,121,41.976000,24
77,122,45.867000,24
77,123,42.602000,24
77,124,35.481000,21
77,125,48.862000,26
77,126,29.252000,22
77,127,42.339000,23
77,128,52.048000,34
77,129,54.152000,32
77,130,53.125000,34
77,131,61.224000,34
77,132,48.471000,32
77,133,38.889000,30
77,134,33.198000,33
77,135,9.916000,31
77,136,46.134000,32
77,137,64.406000,36
77,138,56.836000,32
77,139,58.448000,36
77,140,52.463000,31
77,141,54.639000,33
77,142,17.056000,10
77,143,16.060000,8
77,144,8.539000,8
78,1,29.691000,15
78,2,34.661000,19
78,3,32.809000,18
78,4,32.317000,19
78,5,34.066000,18
78,6,35.223000,19
78,7,50.057000,23
78,8,37.960000,20
78,9,37.045000,23
78,10,40.222000,20
78,11,36.377000,22
78,12,45.836000,24
78,13,34.588000,20
78,14,39.411000,21
78,15,35.822000,21
78,16,35.974000,20
78,17,44.224000,22
78,18,33.082000,20
78,19,48.377000,24
78,20,34.575000,20
78,21,33.659000,20
78,22,38.424000,21
78,23,33.015000,20
78,24,33.365000,21
78,25,38.462000,21
78,26,47.575000,26
78,27,17.529000,9
78,28,21.837000,9
78,29,29.447000,16
78,30,39.763000,24
78,31,63.545000,37
78,32,55.267000,37
78,33,59.682000,35
78,34,49.865000,32
78,35,37.672000,31
78,36,26.944000,32
78,37,55.158000,33
78,38,56.720000,33
78,39,55.034000,34
78,40,54.885000,35
78,41,61.973000,38
78,42,46.595000,32
78,43,43.464000,35
78,44,16.830000,22
78,45,3.815000,24
78,46,44.916000,24
78,47,29.673000,21
78,48,44.016000,24
78,49,39.516000,23
78,50,37.769000,23
78,51,37.982000,23
78,52,40.038000,23
78,53,41.381000,23
78,54,33.353000,23
78,55,49.660000,23
78,56,42.828000,25
78,57,44.461000,22
78,58,42.125000,24
78,59,55.067000,30
78,60,40.132000,25
78,61,55.013000,29
78,62,38.243000,26
78,63,22.082000,26
78,64,49.846000,27
78,65,53.182000,30
78,66,52.710000,28
78,67,42.732000,26
78,68,44.467000,26
78,69,52.601000,27
78,70,43.721000,26
78,71,30.433000,26
78,72,16.928000,26
78,73,51.264000,27
78,74,46.120000,27
78,75,46.834000,27
78,76,47.873000,27
78,77,46.269000,27
78,78,50.492000,26
78,79,40.868000,27
78,80,28.249000,26
78,81,17.802000,27
78,82,48.553000,26
78,83,45.205000,26
78,84,37.956000,25
78,85,41.379000,25
78,86,51.661000,27
78,87,39.675000,24
78,88,45.715000,26
78,89,39.216000,27
78,90,28.026000,28
78,91,52.892000,30
78,92,49.789000,27
78,93,49.155000,26
78,94,44.765000,24
78,95,41.650000,24
78,96,39.893000,22
78,97,46.529000,24
78,98,36.046000,24
78,99,23.223000,23
78,100,39.538000,21
78,101,45.968000,24
78,102,26.293000,17
78,103,28.254000,17
78,104,28.614000,17
78,105,26.741000,17
78,106,28.367000,17
78,107,31.542000,17
78,108,46.399000,22
78,109,36.712000,18
78,110,29.723000,17
78,111,31.276000,17
78,112,29.778000,18
78,113,25.395000,17
78,114,33.252000,18
78,115,39.036000,22
78,116,44.452000,24
78,117,38.360000,23
78,118,49.882000,25
78,119,33.936000,23
78,120,39.664000,23
78,121,45.937000,26
78,122,49.874000,27
78,123,43.196000,24
78,124,41.296000,24
78,125,34.826000,24
78,126,28.411000,24
78,127,42.337000,24
78,128,47.946000,33
78,129,53.571000,34
78,130,57.803000,36
78,131,53.104000,33
78,132,57.322000,33
78,133,40.281000,30
78,134,29.365000,31
78,135,14.373000,32
78,136,54.221000,33
78,137,55.344000,33
78,138,62.789000,35
78,139,56.845000,36
78,140,50.723000,30
78,141,58.436000,33
78,142,15.076000,10
78,143,11.126000,8
78,144,9.751000,8
79,1,23.014000,15
79,2,26.908000,18
79,3,27.119000,16
79,4,31.991000,17
79,5,34.573000,18
79,6,42.809000,21
79,7,47.080000,23
79,8,34.652000,20
79,9,45.234000,24
79,10,46.894000,24
79,11,36.821000,20
79,12,45.194000,25
79,13,57.823000,28
79,14,38.435000,21
79,15,34.436000,20
79,16,38.205000,20
79,17,58.116000,32
79,18,19.727000,20
79,19,34.983000,20
79,20,41.684000,24
79,21,46.480000,26
79,22,35.707000,21
79,23,39.952000,21
79,24,39.462000,23
79,25,39.877000,21
79,26,36.093000,21
79,27,12.613000,9
79,28,44.116000,25
79,29,30.305000,16
79,30,37.152000,22
79,31,45.187000,30
79,32,59.916000,34
79,33,65.981000,38
79,34,48.595000,34
79,35,34.220000,32
79,36,18.642000,32
79,37,55.808000,36
79,38,50.728000,33
79,39,53.272000,34
79,40,57.760000,34
79,41,57.227000,35
79,42,51.776000,33
79,43,33.503000,32
79,44,22.861000,24
79,45,7.364000,24
79,46,42.809000,24
79,47,34.483000,22
79,48,40.504000,23
79,49,38.776000,23
79,50,36.833000,23
79,51,38.227000,23
79,52,39.758000,23
79,53,34.204000,23
79,54,33.034000,23
79,55,44.323000,23
79,56,42.929000,24
79,57,42.158000,22
79,58,59.582000,29
79,59,45.337000,24
79,60,44.988000,24
79,61,42.430000,29
79,62,31.609000,25
79,63,25.496000,27
79,64,45.793000,27
79,65,47.487000,27
79,66,46.249000,27
79,67,51.899000,26
79,68,42.062000,27
79,69,43.805000,26
79,70,37.180000,26
79,71,32.844000,27
79,72,24.143000,26
79,73,45.793000,27
79,74,48.169000,26
79,75,46.152000,27
79,76,44.527000,27
79,77,46.837000,27
79,78,44.913000,27
79,79,39.397000,26
79,80,34.337000,26
79,81,23.260000,27
79,82,45.770000,27
79,83,51.513000,27
79,84,39.759000,25
79,85,46.061000,26
79,86,42.552000,25
79,87,44.349000,26
79,88,45.297000,27
79,89,33.151000,26
79,90,27.636000,27
79,91,45.793000,27
79,92,51.497000,26
79,93,44.577000,27
79,94,42.632000,23
79,95,43.951000,23
79,96,36.064000,22
79,97,48.757000,24
79,98,36.216000,24
79,99,22.222000,23
79,100,32.334000,21
79,101,40.601000,25
79,102,27.178000,17
79,103,29.146000,17
79,104,28.971000,17
79,105,40.174000,17
79,106,28.887000,17
79,107,30.971000,17
79,108,29.275000,17
79,109,31.155000,18
79,110,36.547000,21
79,111,28.150000,17
79,112,34.640000,18
79,113,30.294000,18
79,114,35.543000,18
79,115,39.468000,25
79,116,38.645000,22
79,117,31.868000,21
79,118,33.613000,21
79,119,37.964000,23
79,120,36.799000,23
79,121,33.841000,21
79,122,42.601000,24
79,123,54.737000,27
79,124,42.203000,24
79,125,40.084000,24
79,126,31.736000,24
79,127,44.101000,24
79,128,54.450000,37
79,129,56.581000,34
79,130,58.379000,36
79,131,52.951000,33
79,132,43.530000,33
79,133,34.605000,31
79,134,27.709000,31
79,135,8.706000,31
79,136,45.778000,32
79,137,49.501000,32
79,138,58.943000,33
79,139,60.015000,35
79,140,50.912000,30
79,141,50.591000,31
79,142,14.494000,10
79,143,12.860000,8
79,144,11.768000,8
80,1,27.446000,15
80,2,26.334000,18
80,3,31.311000,16
80,4,32.277000,17
80,5,32.171000,18
80,6,35.998000,19
80,7,43.240000,23
80,8,34.622000,20
80,9,46.773000,22
80,10,51.289000,30
80,11,47.745000,25
80,12,54.074000,29
80,13,41.505000,22
80,14,45.221000,24
80,15,35.510000,20
80,16,54.668000,29
80,17,33.079000,21
80,18,25.108000,29
80,19,41.045000,23
80,20,73.102000,39
80,21,37.052000,20
80,22,39.084000,21
80,23,35.498000,21
80,24,40.069000,21
80,25,34.723000,21
80,26,30.309000,21
80,27,14.317000,9
80,28,44.611000,22
80,29,34.735000,16
80,30,44.645000,23
80,31,54.731000,32
80,32,62.182000,37
80,33,59.283000,34
80,34,44.366000,32
80,35,34.388000,32
80,36,12.710000,35
80,37,48.591000,32
80,38,61.050000,35
80,39,54.633000,34
80,40,71.026000,39
80,41,55.198000,34
80,42,42.681000,32
80,43,40.620000,34
80,44,14.276000,23
80,45,7.399000,24
80,46,44.516000,24
80,47,46.927000,23
80,48,46.269000,24
80,49,40.916000,23
80,50,38.489000,23
80,51,36.148000,23
80,52,44.227000,23
80,53,36.508000,23
80,54,29.648000,23
80,55,42.434000,23
80,56,40.483000,23
80,57,44.201000,23
80,58,42.249000,24
80,59,45.747000,27
80,60,42.560000,23
80,61,44.550000,26
80,62,38.075000,25
80,63,34.116000,26
80,64,44.564000,29
80,65,50.007000,27
80,66,48.110000,27
80,67,48.453000,26
80,68,49.911000,27
80,69,38.388000,26
80,70,43.483000,26
80,71,33.067000,26
80,72,22.912000,26
80,73,45.681000,27
80,74,48.516000,27
80,75,45.980000,27
80,76,45.272000,27
80,77,46.255000,27
80,78,48.966000,27
80,79,42.265000,26
80,80,34.059000,26
80,81,25.099000,27
80,82,45.710000,27
80,83,43.831000,27
80,84,39.325000,25
80,85,41.532000,25
80,86,40.158000,25
80,87,44.208000,26
80,88,41.386000,26
80,89,40.946000,26
80,90,32.238000,26
80,91,44.548000,27
80,92,49.597000,26
80,93,41.480000,25
80,94,46.829000,26
80,95,35.872000,22
80,96,37.303000,22
80,97,38.260000,24
80,98,44.030000,26
80,99,28.717000,23
80,100,45.729000,27
80,101,43.361000,24
80,102,37.360000,17
80,103,28.512000,17
80,104,26.824000,17
80,105,29.191000,17
80,106,30.020000,17
80,107,29.215000,17
80,108,40.462000,21
80,109,29.411000,18
80,110,24.483000,17
80,111,33.858000,17
80,112,28.653000,18
80,113,31.100000,18
80,114,30.582000,18
80,115,46.246000,24
80,116,41.889000,24
80,117,44.663000,23
80,118,36.159000,21
80,119,41.390000,24
80,120,42.106000,24
80,121,44.734000,23
80,122,42.205000,23
80,123,43.115000,23
80,124,36.479000,21
80,125,38.604000,24
80,126,28.807000,20
80,127,44.539000,24
80,128,67.529000,38
80,129,45.971000,32
80,130,57.685000,36
80,131,55.158000,33
80,132,56.640000,36
80,133,36.810000,31
80,134,20.592000,32
80,135,7.834000,31
80,136,45.729000,31
80,137,63.386000,33
80,138,54.215000,33
80,139,56.020000,35
80,140,57.837000,32
80,141,44.821000,30
80,142,16.451000,10
80,143,15.287000,8
80,144,12.874000,8
81,1,25.640000,17
81,2,30.584000,18
81,3,32.488000,18
81,4,30.434000,18
81,5,27.091000,18
81,6,32.688000,19
81,7,59.902000,30
81,8,33.877000,20
81,9,46.121000,25
81,10,34.618000,21
81,11,37.584000,22
81,12,34.535000,21
81,13,34.740000,21
81,14,57.578000,30
81,15,42.766000,23
81,16,52.863000,25
81,17,35.129000,20
81,18,32.164000,21
81,19,35.391000,20
81,20,33.110000,20
81,21,34.826000,21
81,22,38.622000,21
81,23,37.313000,21
81,24,36.974000,21
81,25,39.258000,21
81,26,45.995000,24
81,27,20.245000,9
81,28,20.978000,9
81,29,27.385000,16
81,30,43.157000,24
81,31,50.784000,32
81,32,57.868000,34
81,33,59.022000,35
81,34,68.314000,35
81,35,49.695000,35
81,36,19.797000,33
81,37,55.721000,36
81,38,57.284000,36
81,39,55.123000,36
81,40,59.062000,34
81,41,64.813000,37
81,42,58.382000,33
81,43,36.810000,34
81,44,15.278000,23
81,45,4.210000,24
81,46,41.295000,24
81,47,39.268000,23
81,48,39.961000,24
81,49,49.218000,27
81,50,38.884000,23
81,51,41.452000,23
81,52,40.466000,23
81,53,39.075000,23
81,54,38.105000,23
81,55,44.388000,24
81,56,46.104000,23
81,57,40.122000,22
81,58,38.913000,24
81,59,44.497000,24
81,60,43.743000,23
81,61,48.366000,27
81,62,37.676000,25
81,63,37.139000,26
81,64,44.423000,26
81,65,46.995000,27
81,66,48.454000,26
81,67,45.634000,26
81,68,48.069000,26
81,69,48.896000,26
81,70,46.760000,27
81,71,37.086000,26
81,72,21.155000,26
81,73,48.429000,26
81,74,52.382000,27
81,75,43.645000,26
81,76,57.196000,29
81,77,50.665000,27
81,78,48.546000,27
81,79,38.356000,27
81,80,33.745000,26
81,81,16.194000,27
81,82,45.590000,26
81,83,44.632000,27
81,84,41.456000,25
81,85,40.258000,25
81,86,41.895000,25
81,87,40.066000,25
81,88,49.807000,27
81,89,39.777000,27
81,90,37.523000,26
81,91,45.574000,27
81,92,40.401000,24
81,93,44.705000,25
81,94,46.104000,24
81,95,39.995000,24
81,96,39.466000,22
81,97,48.455000,24
81,98,40.602000,24
81,99,34.250000,23
81,100,38.505000,21
81,101,39.746000,24
81,102,29.679000,18
81,103,28.094000,17
81,104,34.322000,17
81,105,29.657000,17
81,106,31.146000,18
81,107,30.885000,17
81,108,35.325000,18
81,109,28.329000,18
81,110,26.289000,17
81,111,29.080000,17
81,112,27.861000,17
81,113,28.741000,18
81,114,42.015000,22
81,115,41.729000,22
81,116,50.761000,23
81,117,38.526000,21
81,118,42.494000,24
81,119,38.635000,24
81,120,47.655000,23
81,121,39.414000,24
81,122,41.032000,24
81,123,32.356000,21
81,124,43.957000,24
81,125,41.001000,24
81,126,31.920000,20
81,127,44.376000,25
81,128,57.415000,37
81,129,47.610000,31
81,130,52.428000,32
81,131,52.472000,34
81,132,54.777000,32
81,133,45.099000,31
81,134,31.981000,32
81,135,13.108000,30
81,136,49.481000,34
81,137,54.452000,34
81,138,49.082000,32
81,139,59.171000,35
81,140,47.439000,31
81,141,62.175000,33
81,142,20.782000,10
81,143,12.826000,8
81,144,11.487000,8
82,1,19.992000,15
82,2,29.371000,18
82,3,26.745000,18
82,4,32.322000,18
82,5,33.960000,18
82,6,33.213000,19
82,7,62.395000,31
82,8,41.765000,20
82,9,43.472000,20
82,10,35.189000,20
82,11,29.193000,20
82,12,39.680000,20
82,13,30.474000,20
82,14,36.028000,22
82,15,39.541000,24
82,16,44.260000,20
82,17,36.537000,20
82,18,40.868000,21
82,19,30.318000,20
82,20,32.417000,20
82,21,36.691000,20
82,22,34.696000,21
82,23,39.702000,23
82,24,38.122000,21
82,25,45.476000,21
82,26,47.409000,21
82,27,39.770000,23
82,28,20.783000,9
82,29,25.926000,16
82,30,36.602000,22
82,31,55.479000,35
82,32,60.556000,34
82,33,59.209000,33
82,34,61.580000,35
82,35,44.213000,32
82,36,22.948000,31
82,37,48.901000,34
82,38,49.747000,34
82,39,52.374000,34
82,40,61.418000,36
82,41,64.523000,34
82,42,58.846000,32
82,43,39.413000,33
82,44,16.307000,22
82,45,5.552000,23
82,46,38.824000,24
82,47,38.452000,23
82,48,45.964000,24
82,49,38.664000,20
82,50,38.710000,23
82,51,51.312000,23
82,52,38.361000,23
82,53,45.574000,23
82,54,26.627000,23
82,55,37.196000,23
82,56,40.270000,23
82,57,42.633000,23
82,58,41.337000,23
82,59,41.458000,24
82,60,49.386000,23
82,61,41.884000,25
82,62,59.333000,27
82,63,29.480000,26
82,64,41.913000,27
82,65,44.821000,29
82,66,40.293000,26
82,67,41.989000,26
82,68,39.325000,27
82,69,50.270000,26
82,70,58.654000,26
82,71,42.505000,28
82,72,23.464000,26
82,73,41.910000,26
82,74,38.294000,27
82,75,42.749000,26
82,76,44.709000,27
82,77,46.790000,27
82,78,48.041000,26
82,79,48.863000,26
82,80,35.252000,26
82,81,22.685000,27
82,82,40.112000,27
82,83,37.365000,27
82,84,40.192000,25
82,85,41.018000,25
82,86,35.762000,25
82,87,51.733000,24
82,88,56.938000,27
82,89,43.321000,27
82,90,24.569000,27
82,91,43.199000,27
82,92,38.900000,25
82,93,36.982000,25
82,94,41.062000,24
82,95,37.042000,24
82,96,47.690000,23
82,97,48.683000,26
82,98,40.853000,23
82,99,30.869000,23
82,100,34.443000,21
82,101,36.328000,24
82,102,27.896000,18
82,103,37.210000,19
82,104,24.166000,17
82,105,27.047000,17
82,106,30.191000,17
82,107,33.272000,17
82,108,35.397000,18
82,109,43.173000,22
82,110,27.750000,17
82,111,27.821000,17
82,112,31.022000,18
82,113,30.401000,18
82,114,29.006000,18
82,115,47.691000,22
82,116,40.790000,22
82,117,40.174000,21
82,118,40.078000,24
82,119,37.610000,24
82,120,41.447000,23
82,121,42.203000,24
82,122,36.849000,24
82,123,50.536000,24
82,124,43.164000,24
82,125,47.089000,24
82,126,29.272000,23
82,127,46.906000,25
82,128,55.879000,37
82,129,48.232000,32
82,130,50.890000,35
82,131,56.050000,33
82,132,58.351000,33
82,133,40.986000,31
82,134,22.566000,32
82,135,5.285000,30
82,136,46.894000,33
82,137,49.871000,32
82,138,53.720000,31
82,139,48.817000,32
82,140,56.122000,30
82,141,64.833000,32
82,142,40.644000,29
82,143,11.599000,8
82,144,7.562000,8
83,1,34.130000,19
83,2,28.480000,18
83,3,27.913000,16
83,4,29.737000,17
83,5,30.179000,18
83,6,30.828000,19
83,7,39.232000,23
83,8,30.285000,20
83,9,34.490000,20
83,10,36.321000,20
83,11,33.906000,20
83,12,34.387000,21
83,13,35.284000,20
83,14,55.416000,31
83,15,63.180000,35
83,16,48.083000,25
83,17,32.308000,20
83,18,25.774000,21
83,19,36.307000,20
83,20,47.666000,25
83,21,44.621000,24
83,22,35.443000,21
83,23,44.133000,23
83,24,33.895000,21
83,25,36.342000,21
83,26,37.010000,21
83,27,13.241000,9
83,28,18.848000,9
83,29,29.119000,16
83,30,60.536000,34
83,31,58.059000,34
83,32,55.765000,34
83,33,52.508000,34
83,34,64.426000,38
83,35,36.618000,33
83,36,11.173000,34
83,37,57.591000,34
83,38,53.753000,35
83,39,61.713000,40
83,40,56.917000,34
83,41,55.857000,34
83,42,46.159000,32
83,43,37.219000,32
83,44,16.952000,22
83,45,5.852000,24
83,46,40.567000,24
83,47,40.535000,23
83,48,44.001000,24
83,49,41.692000,23
83,50,40.605000,23
83,51,49.832000,25
83,52,42.473000,23
83,53,29.905000,23
83,54,26.615000,23
83,55,46.802000,27
83,56,40.792000,23
83,57,46.475000,24
83,58,41.790000,24
83,59,44.198000,24
83,60,35.384000,23
83,61,45.856000,26
83,62,38.431000,25
83,63,31.080000,25
83,64,52.116000,31
83,65,39.165000,26
83,66,40.957000,27
83,67,39.487000,26
83,68,41.131000,26
83,69,44.803000,26
83,70,42.624000,26
83,71,43.259000,26
83,72,32.914000,26
83,73,39.282000,27
83,74,45.604000,27
83,75,45.149000,27
83,76,43.000000,27
83,77,44.265000,26
83,78,48.506000,27
83,79,40.980000,27
83,80,33.304000,27
83,81,29.989000,26
83,82,40.552000,24
83,83,46.037000,27
83,84,42.119000,24
83,85,40.273000,27
83,86,46.798000,27
83,87,38.220000,25
83,88,46.562000,26
83,89,41.216000,27
83,90,30.561000,26
83,91,45.497000,27
83,92,46.124000,27
83,93,43.194000,27
83,94,51.247000,27
83,95,42.785000,24
83,96,38.110000,22
83,97,42.847000,24
83,98,33.789000,24
83,99,25.724000,23
83,100,40.532000,21
83,101,40.186000,24
83,102,27.589000,17
83,103,27.395000,17
83,104,28.986000,17
83,105,38.687000,21
83,106,29.989000,17
83,107,34.246000,18
83,108,35.013000,18
83,109,34.632000,18
83,110,29.582000,17
83,111,29.299000,17
83,112,47.388000,24
83,113,30.630000,18
83,114,30.349000,18
83,115,37.327000,22
83,116,39.595000,23
83,117,40.330000,24
83,118,36.575000,21
83,119,46.841000,24
83,120,47.559000,24
83,121,34.188000,21
83,122,44.720000,24
83,123,43.356000,24
83,124,49.436000,25
83,125,36.059000,24
83,126,28.061000,23
83,127,39.288000,23
83,128,54.005000,36
83,129,48.778000,32
83,130,53.932000,35
83,131,51.370000,32
83,132,49.183000,32
83,133,42.205000,31
83,134,31.634000,30
83,135,17.210000,30
83,136,45.476000,32
83,137,53.261000,33
83,138,42.824000,31
83,139,66.829000,37
83,140,56.514000,32
83,141,59.769000,35
83,142,17.023000,10
83,143,13.119000,8
83,144,13.391000,8
84,1,32.209000,19
84,2,25.076000,18
84,3,27.568000,16
84,4,28.655000,18
84,5,31.573000,18
84,6,54.163000,26
84,7,46.227000,23
84,8,57.449000,30
84,9,33.972000,20
84,10,44.543000,25
84,11,66.700000,34
84,12,44.035000,22
84,13,42.114000,25
84,14,38.733000,20
84,15,35.386000,21
84,16,32.811000,20
84,17,28.664000,20
84,18,23.786000,20
84,19,44.557000,24
84,20,35.713000,20
84,21,48.890000,24
84,22,35.092000,21
84,23,31.249000,20
84,24,37.373000,21
84,25,34.932000,21
84,26,38.907000,21
84,27,20.221000,9
84,28,16.641000,9
84,29,29.078000,16
84,30,35.630000,22
84,31,57.951000,34
84,32,58.326000,36
84,33,64.609000,36
84,34,51.825000,33
84,35,36.781000,32
84,36,21.334000,31
84,37,47.323000,32
84,38,62.815000,34
84,39,55.367000,34
84,40,60.737000,34
84,41,59.100000,34
84,42,46.662000,33
84,43,38.722000,35
84,44,12.983000,23
84,45,3.821000,24
84,46,42.753000,22
84,47,43.008000,23
84,48,40.065000,24
84,49,43.049000,24
84,50,41.766000,23
84,51,44.615000,23
84,52,34.226000,23
84,53,36.553000,23
84,54,30.340000,23
84,55,42.431000,23
84,56,44.491000,25
84,57,41.236000,24
84,58,48.740000,27
84,59,45.289000,24
84,60,40.253000,23
84,61,39.742000,24
84,62,34.077000,25
84,63,27.026000,26
84,64,44.481000,27
84,65,44.945000,27
84,66,42.750000,26
84,67,43.206000,25
84,68,43.511000,26
84,69,40.724000,26
84,70,43.411000,26
84,71,35.586000,26
84,72,26.650000,26
84,73,45.693000,27
84,74,49.143000,27
84,75,50.253000,27
84,76,50.376000,27
84,77,52.624000,27
84,78,43.338000,27
84,79,44.490000,26
84,80,25.263000,26
84,81,12.780000,27
84,82,45.393000,27
84,83,47.771000,27
84,84,37.984000,25
84,85,42.381000,25
84,86,51.594000,26
84,87,39.229000,24
84,88,51.454000,30
84,89,35.689000,27
84,90,22.840000,26
84,91,42.720000,27
84,92,47.288000,27
84,93,41.174000,25
84,94,45.829000,23
84,95,45.269000,24
84,96,32.770000,22
84,97,37.939000,24
84,98,42.909000,27
84,99,25.558000,23
84,100,38.816000,21
84,101,30.579000,24
84,102,26.826000,17
84,103,26.303000,17
84,104,30.740000,17
84,105,26.431000,17
84,106,30.037000,17
84,107,41.613000,19
84,108,31.740000,18
84,109,32.669000,18
84,110,24.906000,17
84,111,30.780000,17
84,112,25.666000,17
84,113,33.613000,20
84,114,30.185000,18
84,115,43.735000,21
84,116,39.032000,22
84,117,34.864000,21
84,118,37.604000,21
84,119,35.842000,24
84,120,40.066000,24
84,121,41.250000,24
84,122,42.066000,23
84,123,40.119000,24
84,124,43.011000,24
84,125,37.664000,24
84,126,25.161000,20
84,127,40.589000,23
84,128,52.159000,37
84,129,44.316000,31
84,130,50.543000,34
84,131,55.360000,33
84,132,55.266000,33
84,133,40.896000,30
84,134,28.231000,30
84,135,15.379000,31
84,136,42.436000,31
84,137,46.094000,32
84,138,59.619000,34
84,139,48.611000,31
84,140,46.010000,30
84,141,55.658000,34
84,142,18.679000,10
84,143,12.775000,8
84,144,11.133000,8
85,1,25.658000,15
85,2,29.623000,18
85,3,30.069000,18
85,4,31.350000,17
85,5,31.310000,18
85,6,35.924000,19
85,7,50.429000,23
85,8,34.940000,21
85,9,34.270000,20
85,10,37.057000,22
85,11,31.166000,20
85,12,33.124000,20
85,13,68.585000,32
85,14,35.132000,21
85,15,34.144000,20
85,16,46.089000,24
85,17,32.201000,21
85,18,29.393000,20
85,19,44.714000,23
85,20,40.803000,21
85,21,36.728000,21
85,22,44.991000,25
85,23,33.184000,21
85,24,41.924000,21
85,25,36.091000,21
85,26,32.003000,21
85,27,14.862000,9
85,28,33.354000,23
85,29,26.440000,16
85,30,40.664000,24
85,31,52.091000,33
85,32,53.676000,34
85,33,51.789000,34
85,34,54.898000,34
85,35,41.132000,33
85,36,21.777000,31
85,37,52.363000,35
85,38,58.738000,32
85,39,56.080000,34
85,40,64.631000,36
85,41,50.951000,34
85,42,44.903000,32
85,43,32.504000,31
85,44,14.494000,21
85,45,6.681000,23
85,46,39.833000,21
85,47,42.099000,23
85,48,41.402000,24
85,49,38.871000,23
85,50,38.377000,23
85,51,39.858000,23
85,52,37.065000,23
85,53,39.951000,23
85,54,31.917000,23
85,55,48.871000,25
85,56,44.897000,24
85,57,39.949000,23
85,58,37.785000,24
85,59,45.268000,24
85,60,40.003000,23
85,61,40.808000,24
85,62,44.389000,29
85,63,28.946000,29
85,64,44.666000,26
85,65,48.381000,28
85,66,43.365000,26
85,67,48.858000,27
85,68,47.632000,26
85,69,45.874000,26
85,70,36.861000,26
85,71,31.416000,26
85,72,21.250000,26
85,73,44.650000,27
85,74,44.073000,27
85,75,49.412000,27
85,76,44.438000,26
85,77,48.624000,27
85,78,45.972000,27
85,79,38.375000,26
85,80,34.129000,26
85,81,21.598000,27
85,82,46.055000,27
85,83,44.958000,27
85,84,38.880000,25
85,85,50.844000,28
85,86,49.249000,27
85,87,42.111000,26
85,88,42.361000,27
85,89,34.095000,27
85,90,21.344000,26
85,91,50.281000,31
85,92,39.709000,24
85,93,50.533000,25
85,94,40.102000,23
85,95,38.800000,24
85,96,43.066000,24
85,97,41.398000,24
85,98,34.185000,23
85,99,27.587000,23
85,100,35.908000,21
85,101,36.718000,24
85,102,28.303000,17
85,103,25.499000,17
85,104,34.480000,17
85,105,30.007000,17
85,106,31.983000,17
85,107,30.701000,18
85,108,32.252000,17
85,109,28.733000,17
85,110,29.353000,17
85,111,33.424000,17
85,112,31.971000,18
85,113,29.039000,18
85,114,30.803000,17
85,115,35.846000,21
85,116,39.874000,24
85,117,51.252000,24
85,118,37.057000,21
85,119,40.453000,24
85,120,36.073000,21
85,121,35.750000,21
85,122,46.255000,24
85,123,40.424000,24
85,124,47.385000,25
85,125,38.947000,24
85,126,31.896000,24
85,127,38.522000,23
85,128,58.240000,38
85,129,55.894000,36
85,130,55.182000,34
85,131,56.477000,37
85,132,54.315000,33
85,133,34.150000,30
85,134,21.047000,31
85,135,5.861000,30
85,136,42.967000,31
85,137,46.453000,31
85,138,49.472000,32
85,139,45.921000,31
85,140,50.620000,32
85,141,60.843000,31
85,142,21.788000,10
85,143,13.664000,8
85,144,12.156000,8
86,1,25.136000,15
86,2,28.581000,18
86,3,28.167000,18
86,4,32.077000,18
86,5,43.147000,21
86,6,36.442000,19
86,7,42.193000,23
86,8,38.351000,21
86,9,40.498000,20
86,10,35.777000,20
86,11,31.183000,20
86,12,33.994000,21
86,13,35.943000,20
86,14,42.060000,22
86,15,36.128000,20
86,16,62.086000,31
86,17,38.475000,21
86,18,34.031000,21
86,19,41.442000,20
86,20,30.957000,20
86,21,37.720000,21
86,22,40.387000,21
86,23,41.203000,21
86,24,82.865000,40
86,25,39.803000,21
86,26,30.210000,21
86,27,13.415000,9
86,28,46.865000,24
86,29,32.258000,16
86,30,37.389000,23
86,31,61.695000,37
86,32,52.209000,33
86,33,64.994000,37
86,34,48.589000,34
86,35,30.234000,32
86,36,11.874000,31
86,37,52.161000,34
86,38,49.707000,31
86,39,56.638000,34
86,40,54.443000,34
86,41,55.641000,34
86,42,57.058000,32
86,43,41.893000,32
86,44,21.436000,23
86,45,8.725000,23
86,46,41.299000,24
86,47,45.422000,23
86,48,41.599000,23
86,49,38.064000,23
86,50,41.984000,23
86,51,40.552000,23
86,52,42.985000,23
86,53,37.049000,23
86,54,31.325000,24
86,55,44.107000,24
86,56,37.821000,23
86,57,40.001000,25
86,58,51.427000,27
86,59,36.816000,24
86,60,40.185000,24
86,61,42.587000,24
86,62,43.733000,29
86,63,30.745000,26
86,64,48.068000,30
86,65,52.299000,31
86,66,49.125000,27
86,67,42.630000,26
86,68,42.892000,27
86,69,41.453000,26
86,70,43.358000,26
86,71,35.967000,26
86,72,23.164000,26
86,73,45.448000,26
86,74,42.435000,27
86,75,44.554000,27
86,76,43.082000,27
86,77,42.390000,27
86,78,50.421000,27
86,79,46.539000,26
86,80,35.438000,26
86,81,25.452000,27
86,82,47.012000,27
86,83,51.084000,27
86,84,45.241000,25
86,85,51.316000,26
86,86,46.444000,27
86,87,48.715000,26
86,88,46.618000,26
86,89,35.913000,27
86,90,18.046000,26
86,91,48.653000,27
86,92,44.282000,25
86,93,49.129000,27
86,94,46.836000,25
86,95,41.344000,24
86,96,40.049000,24
86,97,43.374000,24
86,98,35.120000,23
86,99,21.771000,23
86,100,40.116000,23
86,101,41.339000,24
86,102,27.721000,17
86,103,36.157000,17
86,104,30.934000,17
86,105,28.323000,17
86,106,33.309000,17
86,107,30.801000,17
86,108,34.742000,18
86,109,33.274000,17
86,110,24.376000,17
86,111,30.455000,17
86,112,30.429000,18
86,113,32.226000,18
86,114,34.113000,18
86,115,52.137000,25
86,116,45.005000,25
86,117,38.443000,21
86,118,41.442000,21
86,119,44.616000,25
86,120,44.601000,24
86,121,38.501000,24
86,122,39.721000,24
86,123,39.039000,21
86,124,45.570000,24
86,125,42.833000,24
86,126,32.282000,24
86,127,42.769000,24
86,128,56.323000,37
86,129,53.187000,33
86,130,54.100000,32
86,131,50.764000,32
86,132,57.521000,33
86,133,41.867000,31
86,134,22.710000,30
86,135,10.165000,31
86,136,49.752000,32
86,137,46.416000,31
86,138,43.752000,30
86,139,56.285000,33
86,140,48.041000,30
86,141,57.504000,32
86,142,19.653000,10
86,143,16.814000,8
86,144,12.999000,8
87,1,21.850000,15
87,2,28.433000,18
87,3,33.114000,18
87,4,29.538000,17
87,5,31.805000,18
87,6,36.306000,19
87,7,45.670000,23
87,8,55.790000,31
87,9,35.037000,21
87,10,34.956000,20
87,11,30.121000,21
87,12,44.622000,25
87,13,67.491000,33
87,14,39.058000,22
87,15,49.566000,29
87,16,64.065000,30
87,17,27.242000,21
87,18,22.615000,20
87,19,38.863000,20
87,20,33.032000,21
87,21,32.399000,20
87,22,33.668000,21
87,23,43.333000,24
87,24,40.251000,21
87,25,35.502000,21
87,26,38.798000,21
87,27,30.979000,23
87,28,17.462000,9
87,29,27.817000,16
87,30,37.779000,22
87,31,49.534000,32
87,32,55.270000,31
87,33,54.955000,33
87,34,54.309000,31
87,35,41.134000,31
87,36,34.124000,32
87,37,48.491000,32
87,38,53.990000,33
87,39,65.838000,36
87,40,67.048000,36
87,41,44.265000,31
87,42,54.312000,34
87,43,35.324000,31
87,44,15.337000,22
87,45,5.256000,24
87,46,43.763000,24
87,47,40.972000,24
87,48,41.436000,23
87,49,38.897000,20
87,50,41.580000,23
87,51,46.964000,23
87,52,49.510000,23
87,53,36.227000,23
87,54,29.673000,27
87,55,42.437000,24
87,56,42.938000,23
87,57,41.468000,22
87,58,40.505000,24
87,59,41.374000,24
87,60,39.786000,24
87,61,43.804000,24
87,62,38.441000,25
87,63,28.729000,26
87,64,43.716000,27
87,65,43.761000,27
87,66,42.684000,26
87,67,42.177000,26
87,68,44.152000,26
87,69,44.044000,26
87,70,45.953000,26
87,71,34.531000,26
87,72,29.532000,26
87,73,40.713000,27
87,74,41.257000,27
87,75,45.153000,27
87,76,46.086000,27
87,77,48.426000,27
87,78,53.502000,29
87,79,49.512000,26
87,80,32.913000,26
87,81,19.479000,26
87,82,42.389000,26
87,83,44.804000,27
87,84,48.315000,28
87,85,42.383000,25
87,86,52.151000,26
87,87,49.750000,27
87,88,43.710000,28
87,89,32.276000,26
87,90,20.679000,26
87,91,43.711000,27
87,92,39.032000,24
87,93,43.812000,26
87,94,41.798000,25
87,95,39.887000,22
87,96,46.623000,26
87,97,40.442000,21
87,98,39.969000,24
87,99,24.074000,23
87,100,52.198000,33
87,101,43.252000,24
87,102,29.486000,17
87,103,28.168000,17
87,104,30.128000,17
87,105,31.811000,17
87,106,28.014000,17
87,107,31.301000,18
87,108,28.645000,18
87,109,29.246000,17
87,110,24.695000,17
87,111,27.644000,17
87,112,30.283000,18
87,113,32.029000,17
87,114,34.648000,20
87,115,36.982000,21
87,116,38.186000,23
87,117,46.192000,25
87,118,33.972000,21
87,119,37.894000,24
87,120,39.477000,24
87,121,35.495000,21
87,122,36.179000,21
87,123,50.933000,26
87,124,36.842000,21
87,125,38.389000,24
87,126,33.707000,24
87,127,40.761000,23
87,128,59.330000,37
87,129,53.141000,34
87,130,58.291000,36
87,131,44.006000,32
87,132,48.811000,32
87,133,34.584000,30
87,134,27.705000,31
87,135,8.055000,31
87,136,46.666000,31
87,137,56.568000,32
87,138,57.855000,32
87,139,53.870000,32
87,140,42.425000,30
87,141,50.815000,33
87,142,18.736000,10
87,143,13.883000,8
87,144,11.287000,8
88,1,24.404000,15
88,2,26.174000,16
88,3,32.129000,18
88,4,31.375000,18
88,5,37.587000,21
88,6,32.622000,19
88,7,41.641000,23
88,8,55.661000,28
88,9,45.101000,25
88,10,32.459000,20
88,11,54.009000,27
88,12,32.775000,20
88,13,48.184000,26
88,14,44.638000,24
88,15,40.938000,21
88,16,68.580000,36
88,17,38.159000,26
88,18,19.682000,20
88,19,33.694000,20
88,20,29.930000,20
88,21,41.125000,23
88,22,42.307000,23
88,23,37.108000,21
88,24,34.093000,21
88,25,40.397000,21
88,26,34.888000,21
88,27,18.437000,9
88,28,19.828000,9
88,29,27.988000,16
88,30,40.514000,24
88,31,57.384000,35
88,32,53.369000,35
88,33,51.588000,34
88,34,51.792000,34
88,35,42.670000,31
88,36,32.376000,31
88,37,53.327000,31
88,38,53.246000,33
88,39,63.817000,34
88,40,59.053000,34
88,41,46.563000,31
88,42,50.670000,33
88,43,54.417000,41
88,44,10.426000,22
88,45,3.773000,24
88,46,40.253000,24
88,47,45.024000,25
88,48,38.796000,20
88,49,35.934000,24
88,50,44.616000,24
88,51,39.735000,23
88,52,37.000000,23
88,53,34.533000,23
88,54,35.962000,24
88,55,41.735000,24
88,56,41.692000,23
88,57,41.566000,23
88,58,41.581000,24
88,59,44.398000,28
88,60,37.063000,23
88,61,41.286000,26
88,62,41.252000,27
88,63,34.682000,27
88,64,51.709000,28
88,65,53.312000,29
88,66,45.224000,26
88,67,47.433000,26
88,68,43.936000,26
88,69,48.271000,26
88,70,40.955000,26
88,71,34.124000,26
88,72,21.056000,26
88,73,43.235000,27
88,74,42.772000,27
88,75,51.502000,27
88,76,45.707000,27
88,77,46.094000,26
88,78,41.382000,26
88,79,40.982000,26
88,80,41.150000,26
88,81,24.448000,27
88,82,44.224000,27
88,83,40.561000,26
88,84,43.924000,25
88,85,44.756000,26
88,86,50.952000,27
88,87,39.845000,24
88,88,50.884000,28
88,89,37.398000,27
88,90,25.786000,26
88,91,40.252000,26
88,92,47.196000,28
88,93,41.332000,24
88,94,43.201000,23
88,95,35.539000,22
88,96,42.348000,24
88,97,45.120000,24
88,98,39.986000,24
88,99,27.474000,21
88,100,43.218000,23
88,101,42.249000,25
88,102,26.317000,18
88,103,32.835000,18
88,104,27.582000,17
88,105,28.603000,17
88,106,32.605000,17
88,107,27.883000,17
88,108,31.803000,18
88,109,37.040000,19
88,110,27.613000,17
88,111,28.647000,17
88,112,28.696000,18
88,113,30.155000,17
88,114,30.346000,18
88,115,38.744000,22
88,116,40.954000,23
88,117,37.290000,23
88,118,40.237000,21
88,119,41.604000,24
88,120,37.098000,24
88,121,46.132000,24
88,122,38.481000,23
88,123,42.282000,24
88,124,50.563000,25
88,125,34.729000,21
88,126,39.151000,26
88,127,38.334000,24
88,128,57.239000,37
88,129,52.861000,33
88,130,56.794000,36
88,131,49.848000,33
88,132,53.316000,32
88,133,39.590000,31
88,134,30.808000,31
88,135,11.258000,31
88,136,50.531000,32
88,137,54.512000,32
88,138,43.922000,30
88,139,50.334000,31
88,140,51.322000,31
88,141,59.111000,32
88,142,14.222000,10
88,143,15.220000,8
88,144,11.912000,8
89,1,24.173000,15
89,2,26.879000,18
89,3,32.626000,18
89,4,31.998000,17
89,5,29.267000,18
89,6,30.831000,19
89,7,42.123000,23
89,8,60.287000,28
89,9,32.387000,20
89,10,53.305000,29
89,11,37.496000,20
89,12,34.310000,20
89,13,47.964000,25
89,14,39.426000,21
89,15,46.222000,23
89,16,40.688000,22
89,17,34.089000,20
89,18,34.635000,27
89,19,45.943000,26
89,20,53.043000,29
89,21,60.309000,34
89,22,38.698000,22
89,23,45.220000,23
89,24,43.600000,24
89,25,35.384000,21
89,26,48.823000,33
89,27,7.786000,9
89,28,21.233000,9
89,29,26.267000,16
89,30,40.557000,23
89,31,52.047000,32
89,32,64.203000,37
89,33,54.916000,34
89,34,63.146000,37
89,35,42.328000,31
89,36,20.187000,32
89,37,54.613000,32
89,38,48.544000,32
89,39,57.283000,34
89,40,50.525000,34
89,41,53.181000,34
89,42,56.566000,33
89,43,43.302000,31
89,44,20.420000,22
89,45,5.965000,24
89,46,41.189000,24
89,47,36.269000,20
89,48,45.184000,24
89,49,39.897000,23
89,50,41.379000,23
89,51,35.653000,23
89,52,38.978000,23
89,53,40.816000,24
89,54,35.181000,23
89,55,42.819000,23
89,56,41.130000,23
89,57,39.432000,22
89,58,49.253000,25
89,59,37.559000,24
89,60,36.846000,24
89,61,54.156000,26
89,62,42.554000,26
89,63,31.234000,26
89,64,44.988000,27
89,65,47.829000,29
89,66,40.474000,25
89,67,46.133000,26
89,68,49.645000,27
89,69,48.961000,27
89,70,41.266000,26
89,71,38.742000,26
89,72,22.326000,27
89,73,46.246000,26
89,74,46.378000,27
89,75,51.452000,27
89,76,49.786000,27
89,77,46.165000,27
89,78,44.382000,26
89,79,42.479000,26
89,80,30.899000,26
89,81,22.556000,27
89,82,46.246000,27
89,83,43.216000,26
89,84,41.359000,25
89,85,41.102000,25
89,86,41.056000,25
89,87,46.163000,26
89,88,48.198000,26
89,89,33.880000,25
89,90,26.790000,27
89,91,42.894000,24
89,92,42.726000,24
89,93,34.669000,24
89,94,38.336000,24
89,95,42.895000,24
89,96,38.247000,22
89,97,43.823000,24
89,98,43.261000,24
89,99,34.825000,23
89,100,45.036000,25
89,101,43.115000,24
89,102,33.246000,19
89,103,36.895000,21
89,104,41.350000,21
89,105,26.476000,17
89,106,29.558000,17
89,107,31.671000,18
89,108,28.583000,17
89,109,30.993000,17
89,110,25.862000,17
89,111,29.995000,17
89,112,30.197000,18
89,113,29.927000,18
89,114,32.351000,18
89,115,48.061000,25
89,116,49.187000,27
89,117,35.182000,21
89,118,38.226000,21
89,119,40.756000,24
89,120,43.635000,24
89,121,39.946000,23
89,122,44.235000,24
89,123,41.151000,23
89,124,43.745000,24
89,125,40.819000,24
89,126,24.032000,20
89,127,43.186000,24
89,128,60.127000,37
89,129,53.321000,33
89,130,48.884000,33
89,131,53.313000,34
89,132,49.462000,32
89,133,37.312000,30
89,134,29.040000,30
89,135,13.235000,31
89,136,46.214000,31
89,137,56.072000,33
89,138,41.957000,30
89,139,51.830000,31
89,140,51.855000,32
89,141,62.156000,31
89,142,16.672000,10
89,143,15.597000,8
89,144,12.466000,8
90,1,36.582000,19
90,2,31.436000,18
90,3,28.798000,16
90,4,32.171000,17
90,5,33.737000,18
90,6,44.325000,24
90,7,45.267000,22
90,8,37.218000,21
90,9,35.941000,21
90,10,35.480000,20
90,11,33.087000,20
90,12,51.141000,25
90,13,50.299000,25
90,14,45.302000,24
90,15,38.595000,21
90,16,47.848000,25
90,17,35.962000,21
90,18,20.957000,20
90,19,44.317000,24
90,20,38.999000,20
90,21,34.933000,21
90,22,39.178000,21
90,23,35.324000,22
90,24,43.226000,23
90,25,37.329000,21
90,26,39.510000,21
90,27,15.060000,9
90,28,19.855000,9
90,29,29.695000,16
90,30,43.667000,25
90,31,64.527000,39
90,32,59.207000,34
90,33,59.745000,34
90,34,60.409000,35
90,35,36.602000,34
90,36,16.242000,36
90,37,53.155000,33
90,38,55.527000,34
90,39,55.502000,34
90,40,51.965000,34
90,41,50.799000,34
90,42,53.170000,32
90,43,39.663000,32
90,44,16.351000,22
90,45,10.724000,24
90,46,42.817000,24
90,47,48.527000,25
90,48,40.666000,24
90,49,39.536000,23
90,50,36.139000,23
90,51,40.944000,23
90,52,37.821000,23
90,53,38.183000,23
90,54,32.609000,24
90,55,41.202000,24
90,56,39.937000,23
90,57,36.602000,23
90,58,43.714000,24
90,59,41.137000,24
90,60,45.237000,24
90,61,45.717000,26
90,62,40.541000,25
90,63,33.990000,27
90,64,45.485000,26
90,65,44.281000,27
90,66,42.266000,26
90,67,53.327000,28
90,68,46.439000,26
90,69,46.307000,27
90,70,41.440000,26
90,71,34.445000,26
90,72,18.451000,27
90,73,48.181000,27
90,74,43.636000,27
90,75,47.484000,27
90,76,47.592000,27
90,77,51.120000,27
90,78,45.443000,26
90,79,41.634000,26
90,80,36.265000,27
90,81,20.206000,27
90,82,45.565000,27
90,83,45.017000,26
90,84,40.832000,25
90,85,44.719000,26
90,86,42.534000,25
90,87,52.243000,27
90,88,46.307000,26
90,89,38.658000,27
90,90,18.888000,26
90,91,39.382000,23
90,92,40.967000,25
90,93,41.030000,24
90,94,44.049000,24
90,95,39.283000,24
90,96,36.924000,22
90,97,40.261000,24
90,98,45.223000,23
90,99,29.943000,23
90,100,36.431000,21
90,101,39.124000,24
90,102,28.342000,17
90,103,38.632000,21
90,104,32.423000,17
90,105,29.209000,17
90,106,32.904000,19
90,107,48.015000,23
90,108,28.053000,17
90,109,27.725000,17
90,110,30.084000,17
90,111,30.665000,17
90,112,30.987000,18
90,113,32.645000,18
90,114,38.073000,19
90,115,49.308000,25
90,116,46.119000,22
90,117,38.546000,21
90,118,31.593000,21
90,119,47.580000,25
90,120,41.658000,24
90,121,36.820000,21
90,122,38.985000,21
90,123,44.242000,24
90,124,36.358000,21
90,125,43.768000,24
90,126,39.359000,27
90,127,41.168000,25
90,128,51.716000,37
90,129,53.421000,34
90,130,55.340000,36
90,131,52.494000,33
90,132,47.384000,32
90,133,38.199000,31
90,134,25.736000,31
90,135,12.486000,31
90,136,44.327000,30
90,137,47.615000,31
90,138,54.283000,32
90,139,49.283000,31
90,140,59.791000,31
90,141,48.985000,31
90,142,22.662000,10
90,143,11.531000,8
90,144,15.221000,8
