iteration,subproblem,solve_time_sec,ipopt_iters
1,1,5.574000,16
1,2,4.966000,16
1,3,5.161000,15
1,4,4.666000,15
1,5,6.067000,16
1,6,5.191000,15
1,7,5.473000,16
1,8,5.490000,16
1,9,5.689000,16
1,10,5.094000,15
1,11,5.018000,15
1,12,5.021000,16
1,13,4.818000,15
1,14,5.272000,15
1,15,5.285000,16
1,16,4.546000,16
1,17,5.839000,16
1,18,5.817000,16
1,19,5.473000,15
1,20,5.276000,15
1,21,5.320000,15
1,22,4.445000,15
1,23,5.844000,15
1,24,5.392000,15
1,25,5.089000,15
1,26,5.516000,15
1,27,5.471000,15
1,28,4.811000,15
1,29,5.552000,16
1,30,5.715000,16
1,31,5.473000,15
1,32,5.281000,15
1,33,4.403000,15
1,34,5.537000,16
1,35,5.387000,16
1,36,5.643000,17
1,37,5.878000,18
1,38,5.796000,18
1,39,6.418000,18
1,40,6.675000,18
1,41,6.864000,18
1,42,2.970000,17
1,43,5.886000,18
1,44,5.491000,17
1,45,5.124000,18
1,46,5.704000,18
1,47,6.617000,18
1,48,5.357000,18
1,49,5.801000,18
1,50,5.356000,18
1,51,5.708000,19
1,52,5.892000,19
1,53,6.627000,19
1,54,4.705000,18
1,55,5.882000,18
1,56,5.980000,18
1,57,5.826000,18
1,58,5.839000,18
1,59,5.712000,17
1,60,1.500000,19
1,61,5.621000,18
1,62,5.492000,17
1,63,5.689000,18
1,64,6.038000,16
1,65,5.768000,16
1,66,4.627000,17
1,67,5.656000,16
1,68,5.493000,16
1,69,6.016000,17
1,70,5.332000,16
1,71,5.468000,17
1,72,5.075000,17
1,73,5.814000,17
1,74,5.062000,17
1,75,5.180000,16
1,76,5.365000,17
1,77,6.189000,16
1,78,5.722000,17
1,79,4.783000,16
1,80,5.625000,17
1,81,6.425000,16
1,82,6.130000,17
1,83,5.617000,17
1,84,4.512000,17
1,85,5.806000,18
1,86,5.829000,17
1,87,6.411000,17
1,88,5.739000,17
1,89,5.354000,16
1,90,3.362000,18
1,91,5.863000,18
1,92,6.149000,18
1,93,5.601000,17
1,94,5.448000,16
1,95,5.534000,16
1,96,5.247000,19
2,1,2.504000,6
2,2,2.715000,8
2,3,5.845000,24
2,4,5.105000,24
2,5,2.801000,25
2,6,1.650000,26
2,7,5.906000,25
2,8,6.600000,26
2,9,4.459000,24
2,10,2.212000,24
2,11,1.614000,24
2,12,0.784000,24
2,13,5.619000,26
2,14,6.630000,26
2,15,2.500000,8
2,16,1.633000,7
2,17,1.312000,7
2,18,0.860000,6
2,19,2.017000,5
2,20,2.220000,7
2,21,2.665000,7
2,22,2.139000,6
2,23,1.840000,6
2,24,2.120000,6
2,25,2.393000,6
2,26,2.049000,6
2,27,2.345000,6
2,28,2.019000,6
2,29,2.727000,7
2,30,1.739000,5
2,31,2.277000,5
2,32,2.321000,6
2,33,2.478000,8
2,34,2.442000,8
2,35,7.790000,28
2,36,2.216000,27
2,37,5.676000,26
2,38,6.563000,26
2,39,4.473000,25
2,40,2.540000,27
2,41,1.640000,28
2,42,0.741000,27
2,43,5.719000,27
2,44,5.876000,26
2,45,4.573000,24
2,46,2.068000,24
2,47,0.576000,6
2,48,0.375000,6
2,49,2.774000,7
2,50,2.422000,8
2,51,2.760000,8
2,52,2.389000,7
2,53,2.805000,7
2,54,1.920000,6
2,55,2.969000,8
2,56,3.068000,9
2,57,2.580000,8
2,58,3.108000,8
2,59,2.573000,7
2,60,2.461000,9
2,61,2.773000,7
2,62,1.978000,6
2,63,2.020000,6
2,64,2.049000,6
2,65,1.976000,6
2,66,2.466000,7
2,67,2.990000,7
2,68,2.475000,7
2,69,2.129000,7
2,70,2.420000,7
2,71,2.686000,7
2,72,4.601000,28
2,73,2.539000,6
2,74,2.141000,7
2,75,2.479000,7
2,76,2.522000,7
2,77,2.408000,7
2,78,1.939000,7
2,79,2.077000,6
2,80,2.136000,6
2,81,2.111000,6
2,82,2.948000,8
2,83,2.370000,7
2,84,2.218000,7
2,85,2.774000,7
2,86,2.343000,8
2,87,2.600000,9
2,88,2.722000,9
2,89,2.842000,9
2,90,2.079000,8
2,91,2.773000,7
2,92,2.471000,7
2,93,3.138000,9
2,94,3.323000,9
2,95,2.919000,9
2,96,1.590000,8
3,1,1.563000,5
3,2,2.280000,5
3,3,3.200000,14
3,4,4.001000,15
3,5,2.757000,14
3,6,1.530000,14
3,7,3.365000,14
3,8,3.412000,12
3,9,3.080000,12
3,10,1.730000,12
3,11,1.612000,15
3,12,0.680000,15
3,13,3.589000,12
3,14,3.259000,12
3,15,2.968000,9
3,16,1.982000,7
3,17,1.540000,7
3,18,1.410000,7
3,19,2.305000,8
3,20,2.122000,8
3,21,2.452000,8
3,22,2.741000,9
3,23,2.270000,9
3,24,1.943000,9
3,25,2.754000,9
3,26,2.985000,9
3,27,2.880000,9
3,28,3.164000,9
3,29,1.560000,10
3,30,1.421000,8
3,31,2.477000,8
3,32,1.900000,7
3,33,2.925000,9
3,34,2.989000,8
3,35,2.189000,12
3,36,1.764000,13
3,37,3.053000,12
3,38,4.201000,17
3,39,4.672000,15
3,40,2.500000,19
3,41,0.992000,12
3,42,0.516000,13
3,43,3.589000,14
3,44,3.472000,14
3,45,4.407000,17
3,46,2.514000,17
3,47,1.060000,8
3,48,0.660000,12
3,49,1.728000,6
3,50,2.022000,6
3,51,2.151000,7
3,52,2.058000,6
3,53,2.020000,6
3,54,3.295000,6
3,55,1.904000,6
3,56,1.340000,6
3,57,6.012000,27
3,58,2.129000,5
3,59,1.211000,5
3,60,1.213000,6
3,61,1.415000,5
3,62,1.563000,5
3,63,1.734000,5
3,64,1.970000,5
3,65,1.660000,5
3,66,2.108000,5
3,67,1.910000,5
3,68,1.664000,5
3,69,2.050000,5
3,70,2.149000,5
3,71,1.932000,5
3,72,2.008000,8
3,73,2.150000,7
3,74,1.625000,5
3,75,1.987000,5
3,76,2.289000,5
3,77,2.213000,5
3,78,1.362000,5
3,79,1.904000,5
3,80,1.674000,5
3,81,1.820000,5
3,82,1.798000,5
3,83,1.738000,5
3,84,2.043000,5
3,85,2.260000,8
3,86,1.481000,5
3,87,1.638000,5
3,88,1.782000,5
3,89,1.656000,5
3,90,2.462000,5
3,91,1.733000,5
3,92,1.897000,5
3,93,2.157000,7
3,94,1.556000,5
3,95,2.540000,7
3,96,1.652000,7
4,1,1.069000,4
4,2,1.251000,4
4,3,2.880000,9
4,4,2.419000,9
4,5,2.500000,11
4,6,1.412000,10
4,7,2.351000,10
4,8,2.372000,10
4,9,3.001000,10
4,10,2.312000,10
4,11,1.469000,10
4,12,0.828000,11
4,13,3.570000,17
4,14,4.565000,18
4,15,1.666000,5
4,16,1.127000,5
4,17,1.180000,6
4,18,0.781000,7
4,19,2.117000,6
4,20,4.162000,13
4,21,2.031000,6
4,22,1.644000,6
4,23,1.464000,8
4,24,2.102000,27
4,25,2.151000,7
4,26,1.745000,6
4,27,2.425000,6
4,28,2.781000,7
4,29,1.499000,8
4,30,1.029000,6
4,31,1.924000,6
4,32,1.493000,7
4,33,2.835000,8
4,34,2.406000,7
4,35,2.461000,18
4,36,1.737000,17
4,37,2.555000,12
4,38,3.408000,11
4,39,2.734000,10
4,40,1.742000,10
4,41,1.147000,10
4,42,0.990000,10
4,43,2.702000,10
4,44,3.519000,10
4,45,2.383000,10
4,46,1.946000,10
4,47,1.405000,8
4,48,1.017000,7
4,49,1.671000,5
4,50,1.609000,5
4,51,2.278000,4
4,52,1.260000,5
4,53,1.198000,4
4,54,1.260000,4
4,55,1.339000,4
4,56,1.644000,4
4,57,2.250000,7
4,58,1.346000,4
4,59,1.312000,4
4,60,1.466000,4
4,61,1.502000,4
4,62,1.547000,4
4,63,1.383000,4
4,64,1.734000,4
4,65,1.413000,4
4,66,1.642000,5
4,67,1.502000,4
4,68,1.373000,4
4,69,0.837000,4
4,70,1.818000,4
4,71,1.331000,4
4,72,1.271000,7
4,73,1.507000,4
4,74,1.773000,4
4,75,1.682000,5
4,76,1.270000,4
4,77,1.366000,4
4,78,1.668000,5
4,79,1.199000,4
4,80,1.581000,4
4,81,1.098000,4
4,82,2.119000,4
4,83,1.295000,4
4,84,1.265000,4
4,85,1.312000,4
4,86,1.739000,4
4,87,1.844000,4
4,88,1.746000,4
4,89,1.402000,4
4,90,1.441000,5
4,91,1.180000,4
4,92,1.509000,4
4,93,1.660000,4
4,94,2.115000,4
4,95,2.160000,6
4,96,1.027000,4
5,1,1.759000,4
5,2,1.285000,4
5,3,2.010000,7
5,4,2.702000,11
5,5,2.580000,11
5,6,1.015000,11
5,7,2.408000,7
5,8,2.205000,7
5,9,2.777000,11
5,10,1.696000,7
5,11,1.684000,9
5,12,0.620000,9
5,13,2.650000,8
5,14,2.398000,8
5,15,1.766000,4
5,16,1.477000,4
5,17,1.171000,5
5,18,0.839000,4
5,19,1.471000,4
5,20,2.233000,6
5,21,1.966000,6
5,22,1.728000,5
5,23,2.202000,7
5,24,1.235000,9
5,25,1.528000,5
5,26,1.766000,5
5,27,0.984000,4
5,28,2.075000,6
5,29,1.792000,5
5,30,1.109000,4
5,31,1.714000,4
5,32,2.191000,8
5,33,2.205000,6
5,34,1.389000,4
5,35,1.926000,8
5,36,1.226000,8
5,37,2.645000,8
5,38,2.507000,8
5,39,2.349000,9
5,40,1.987000,7
5,41,0.892000,7
5,42,0.452000,7
5,43,3.370000,12
5,44,2.856000,12
5,45,2.784000,12
5,46,1.845000,12
5,47,0.450000,4
5,48,0.204000,5
5,49,1.459000,4
5,50,1.575000,4
5,51,1.519000,4
5,52,1.404000,4
5,53,1.194000,4
5,54,1.415000,4
5,55,1.565000,4
5,56,2.135000,4
5,57,3.044000,11
5,58,1.052000,4
5,59,1.303000,4
5,60,1.271000,5
5,61,2.120000,5
5,62,1.797000,4
5,63,2.041000,4
5,64,1.439000,4
5,65,1.190000,4
5,66,1.255000,4
5,67,1.390000,4
5,68,1.441000,4
5,69,1.331000,4
5,70,1.250000,4
5,71,1.295000,5
5,72,2.211000,7
5,73,1.532000,4
5,74,2.216000,5
5,75,1.437000,4
5,76,1.465000,4
5,77,1.602000,4
5,78,1.556000,5
5,79,1.550000,4
5,80,1.660000,4
5,81,1.698000,4
5,82,1.685000,4
5,83,1.594000,4
5,84,1.143000,4
5,85,1.758000,4
5,86,1.947000,4
5,87,1.522000,4
5,88,1.407000,4
5,89,1.407000,4
5,90,1.277000,4
5,91,1.719000,4
5,92,1.683000,4
5,93,3.082000,4
5,94,1.341000,4
5,95,1.334000,7
5,96,0.757000,6
6,1,1.455000,4
6,2,1.852000,4
6,3,3.962000,12
6,4,3.656000,12
6,5,2.377000,12
6,6,1.421000,12
6,7,2.982000,12
6,8,3.631000,12
6,9,4.015000,12
6,10,2.489000,12
6,11,1.367000,12
6,12,0.734000,12
6,13,3.339000,12
6,14,4.693000,12
6,15,1.751000,4
6,16,2.001000,4
6,17,0.870000,4
6,18,0.934000,4
6,19,1.157000,4
6,20,2.146000,5
6,21,1.763000,4
6,22,1.523000,4
6,23,1.543000,4
6,24,3.573000,12
6,25,1.229000,4
6,26,1.544000,4
6,27,1.865000,4
6,28,1.750000,4
6,29,1.770000,6
6,30,1.973000,4
6,31,1.460000,4
6,32,1.851000,4
6,33,2.175000,5
6,34,1.480000,4
6,35,3.624000,12
6,36,2.272000,12
6,37,3.435000,12
6,38,3.910000,12
6,39,3.657000,12
6,40,2.144000,12
6,41,1.098000,12
6,42,0.405000,12
6,43,3.144000,12
6,44,4.025000,12
6,45,3.827000,12
6,46,2.245000,12
6,47,0.590000,4
6,48,0.522000,5
6,49,1.227000,4
6,50,1.869000,4
6,51,1.652000,4
6,52,1.694000,4
6,53,1.451000,4
6,54,1.180000,4
6,55,1.593000,5
6,56,1.712000,4
6,57,4.238000,12
6,58,1.484000,4
6,59,1.929000,4
6,60,1.244000,4
6,61,1.060000,4
6,62,1.912000,5
6,63,1.514000,4
6,64,2.152000,5
6,65,1.603000,4
6,66,2.064000,4
6,67,1.933000,5
6,68,2.180000,5
6,69,1.838000,4
6,70,1.812000,5
6,71,1.491000,5
6,72,2.955000,11
6,73,1.457000,4
6,74,1.848000,5
6,75,1.833000,4
6,76,1.756000,4
6,77,1.662000,4
6,78,1.680000,4
6,79,1.597000,5
6,80,1.719000,4
6,81,1.616000,4
6,82,1.762000,4
6,83,1.474000,4
6,84,1.779000,4
6,85,1.457000,4
6,86,1.844000,4
6,87,1.539000,4
6,88,1.545000,4
6,89,1.842000,4
6,90,1.125000,4
6,91,1.460000,4
6,92,1.851000,4
6,93,1.833000,4
6,94,2.663000,6
6,95,2.113000,7
6,96,1.938000,5
7,1,1.605000,4
7,2,1.652000,4
7,3,3.962000,12
7,4,3.764000,12
7,5,2.370000,12
7,6,1.023000,12
7,7,4.206000,12
7,8,3.930000,12
7,9,3.821000,12
7,10,1.964000,12
7,11,0.797000,12
7,12,0.434000,12
7,13,4.615000,12
7,14,4.024000,12
7,15,1.751000,4
7,16,1.549000,4
7,17,0.914000,4
7,18,0.795000,4
7,19,1.824000,4
7,20,2.329000,5
7,21,2.219000,4
7,22,1.648000,4
7,23,2.001000,4
7,24,2.959000,12
7,25,1.737000,4
7,26,1.316000,4
7,27,1.771000,4
7,28,1.844000,4
7,29,2.566000,6
7,30,2.066000,4
7,31,1.658000,4
7,32,2.209000,4
7,33,2.075000,5
7,34,1.657000,4
7,35,3.536000,12
7,36,1.799000,12
7,37,3.905000,12
7,38,4.225000,12
7,39,3.959000,12
7,40,1.738000,12
7,41,0.797000,12
7,42,0.489000,12
7,43,4.786000,12
7,44,4.542000,12
7,45,2.976000,12
7,46,1.643000,12
7,47,0.444000,4
7,48,0.335000,5
7,49,1.775000,4
7,50,1.709000,4
7,51,2.059000,4
7,52,1.595000,4
7,53,2.283000,5
7,54,1.741000,4
7,55,1.907000,4
7,56,2.278000,5
7,57,4.469000,12
7,58,1.570000,4
7,59,1.302000,5
7,60,1.097000,4
7,61,2.425000,5
7,62,2.164000,4
7,63,1.870000,4
7,64,1.777000,4
7,65,1.827000,4
7,66,1.660000,4
7,67,1.948000,4
7,68,1.939000,4
7,69,2.168000,5
7,70,1.747000,4
7,71,1.340000,4
7,72,3.215000,11
7,73,1.665000,4
7,74,1.456000,4
7,75,1.919000,5
7,76,2.045000,5
7,77,1.770000,4
7,78,2.070000,4
7,79,2.232000,4
7,80,1.797000,4
7,81,1.771000,5
7,82,1.720000,4
7,83,1.581000,4
7,84,1.817000,4
7,85,1.958000,4
7,86,1.749000,4
7,87,1.559000,4
7,88,2.107000,4
7,89,1.569000,4
7,90,1.710000,4
7,91,2.169000,4
7,92,1.914000,4
7,93,1.789000,4
7,94,2.224000,6
7,95,2.968000,7
7,96,1.084000,5
8,1,1.302000,4
8,2,1.743000,4
8,3,3.620000,12
8,4,3.442000,12
8,5,2.604000,12
8,6,1.285000,12
8,7,4.465000,12
8,8,3.275000,12
8,9,3.462000,12
8,10,2.163000,12
8,11,0.671000,12
8,12,0.379000,12
8,13,4.270000,12
8,14,3.278000,12
8,15,1.296000,4
8,16,1.892000,4
8,17,1.180000,4
8,18,0.913000,4
8,19,1.304000,4
8,20,2.541000,5
8,21,1.554000,4
8,22,1.630000,4
8,23,1.398000,4
8,24,3.171000,12
8,25,1.788000,4
8,26,2.119000,4
8,27,1.159000,4
8,28,1.676000,4
8,29,5.747000,25
8,30,0.856000,4
8,31,1.453000,4
8,32,1.908000,4
8,33,2.210000,5
8,34,1.500000,5
8,35,3.485000,12
8,36,1.949000,12
8,37,4.213000,12
8,38,3.591000,12
8,39,3.765000,12
8,40,1.872000,12
8,41,0.972000,12
8,42,0.399000,12
8,43,4.276000,12
8,44,3.032000,12
8,45,3.226000,12
8,46,2.590000,12
8,47,0.427000,4
8,48,0.672000,5
8,49,1.447000,4
8,50,2.143000,4
8,51,1.464000,4
8,52,1.613000,4
8,53,1.558000,5
8,54,1.393000,4
8,55,2.140000,5
8,56,2.117000,4
8,57,2.766000,12
8,58,1.797000,4
8,59,1.448000,4
8,60,1.375000,4
8,61,1.092000,4
8,62,1.316000,4
8,63,2.006000,4
8,64,1.444000,4
8,65,1.467000,4
8,66,1.422000,4
8,67,2.141000,5
8,68,2.287000,5
8,69,1.576000,4
8,70,1.761000,5
8,71,2.222000,5
8,72,2.414000,11
8,73,1.447000,4
8,74,1.919000,4
8,75,1.713000,4
8,76,1.948000,5
8,77,1.326000,4
8,78,1.616000,5
8,79,1.445000,4
8,80,2.493000,5
8,81,1.133000,4
8,82,1.244000,4
8,83,1.551000,4
8,84,1.892000,4
8,85,1.451000,4
8,86,1.899000,4
8,87,1.369000,4
8,88,1.724000,4
8,89,1.926000,4
8,90,1.305000,4
8,91,1.627000,4
8,92,2.313000,4
8,93,1.665000,6
8,94,2.606000,7
8,95,2.538000,7
8,96,1.797000,5
9,1,1.452000,4
9,2,1.553000,4
9,3,3.999000,12
9,4,2.864000,12
9,5,2.047000,12
9,6,1.030000,12
9,7,3.286000,12
9,8,4.660000,12
9,9,3.094000,12
9,10,1.658000,12
9,11,0.826000,12
9,12,0.468000,12
9,13,3.027000,12
9,14,4.017000,12
9,15,1.457000,4
9,16,1.402000,4
9,17,1.298000,4
9,18,0.742000,4
9,19,1.704000,4
9,20,1.722000,5
9,21,1.322000,4
9,22,1.646000,4
9,23,1.747000,4
9,24,2.788000,12
9,25,1.422000,4
9,26,1.309000,4
9,27,1.892000,4
9,28,1.802000,4
9,29,2.807000,12
9,30,0.765000,4
9,31,1.397000,4
9,32,1.658000,4
9,33,2.313000,5
9,34,1.439000,4
9,35,3.317000,12
9,36,1.952000,12
9,37,3.278000,12
9,38,3.734000,12
9,39,3.234000,12
9,40,1.999000,12
9,41,1.059000,12
9,42,0.471000,12
9,43,3.392000,12
9,44,4.124000,12
9,45,2.668000,12
9,46,2.152000,12
9,47,0.422000,4
9,48,0.493000,5
9,49,1.704000,5
9,50,1.548000,5
9,51,1.365000,4
9,52,1.780000,4
9,53,1.612000,4
9,54,1.021000,4
9,55,1.827000,5
9,56,1.421000,4
9,57,3.597000,12
9,58,1.665000,4
9,59,1.800000,4
9,60,1.018000,4
9,61,1.703000,4
9,62,1.542000,4
9,63,1.332000,4
9,64,2.030000,4
9,65,1.508000,4
9,66,1.104000,4
9,67,1.339000,4
9,68,1.358000,4
9,69,1.440000,5
9,70,1.959000,5
9,71,1.161000,4
9,72,2.555000,11
9,73,1.706000,4
9,74,1.350000,4
9,75,1.953000,5
9,76,2.036000,5
9,77,1.273000,4
9,78,1.847000,5
9,79,1.180000,4
9,80,1.303000,4
9,81,1.157000,4
9,82,1.362000,4
9,83,1.957000,4
9,84,1.820000,4
9,85,1.704000,4
9,86,1.628000,5
9,87,2.341000,4
9,88,1.893000,4
9,89,1.553000,4
9,90,1.794000,4
9,91,1.209000,4
9,92,1.675000,4
9,93,2.185000,8
9,94,2.370000,6
9,95,1.620000,5
9,96,1.680000,5
10,1,1.510000,4
10,2,1.686000,4
10,3,3.219000,12
10,4,3.174000,12
10,5,2.234000,12
10,6,1.146000,12
10,7,3.777000,12
10,8,3.457000,12
10,9,2.892000,12
10,10,1.959000,12
10,11,0.853000,12
10,12,0.513000,12
10,13,3.781000,12
10,14,3.174000,12
10,15,1.597000,4
10,16,1.245000,4
10,17,1.081000,4
10,18,0.865000,4
10,19,1.747000,4
10,20,2.094000,5
10,21,1.634000,4
10,22,1.351000,4
10,23,1.078000,4
10,24,1.861000,12
10,25,1.500000,4
10,26,1.702000,4
10,27,1.365000,4
10,28,1.455000,4
10,29,3.286000,12
10,30,1.182000,4
10,31,1.233000,4
10,32,1.521000,4
10,33,1.704000,5
10,34,1.692000,4
10,35,3.169000,12
10,36,2.178000,12
10,37,3.244000,12
10,38,3.698000,12
10,39,3.128000,12
10,40,2.005000,12
10,41,0.638000,12
10,42,0.246000,12
10,43,3.920000,12
10,44,3.329000,12
10,45,3.060000,12
10,46,1.360000,12
10,47,0.409000,4
10,48,0.313000,5
10,49,1.801000,4
10,50,1.561000,4
10,51,1.251000,4
10,52,1.620000,4
10,53,1.223000,4
10,54,1.365000,4
10,55,1.777000,5
10,56,1.967000,4
10,57,3.491000,12
10,58,1.603000,4
10,59,1.024000,4
10,60,0.858000,4
10,61,1.821000,4
10,62,2.111000,5
10,63,2.271000,4
10,64,1.165000,4
10,65,1.798000,4
10,66,0.874000,4
10,67,1.752000,5
10,68,1.786000,5
10,69,1.620000,5
10,70,1.547000,4
10,71,1.541000,4
10,72,2.383000,11
10,73,1.801000,4
10,74,2.078000,5
10,75,1.941000,4
10,76,1.349000,4
10,77,1.472000,4
10,78,1.309000,4
10,79,1.823000,4
10,80,1.757000,4
10,81,1.330000,4
10,82,1.757000,4
10,83,1.429000,4
10,84,1.540000,4
10,85,1.836000,4
10,86,1.588000,4
10,87,1.645000,4
10,88,1.886000,5
10,89,1.204000,4
10,90,0.947000,4
10,91,1.847000,4
10,92,1.478000,4
10,93,2.914000,10
10,94,4.604000,24
10,95,0.891000,5
10,96,0.593000,5
11,1,1.194000,4
11,2,1.293000,4
11,3,3.351000,12
11,4,3.370000,12
11,5,1.652000,12
11,6,1.145000,12
11,7,3.356000,12
11,8,3.501000,12
11,9,3.214000,12
11,10,1.296000,12
11,11,0.930000,12
11,12,0.448000,12
11,13,3.096000,12
11,14,3.445000,12
11,15,1.548000,4
11,16,1.276000,4
11,17,0.854000,4
11,18,0.615000,4
11,19,0.899000,4
11,20,1.771000,5
11,21,1.549000,4
11,22,1.163000,4
11,23,1.627000,4
11,24,2.754000,12
11,25,1.620000,4
11,26,1.327000,4
11,27,1.164000,4
11,28,1.495000,4
11,29,3.291000,12
11,30,1.176000,4
11,31,1.296000,4
11,32,1.554000,4
11,33,1.352000,5
11,34,1.401000,4
11,35,3.555000,12
11,36,2.003000,12
11,37,3.356000,12
11,38,2.754000,12
11,39,2.969000,12
11,40,1.455000,12
11,41,1.084000,12
11,42,0.419000,14
11,43,3.553000,14
11,44,3.546000,14
11,45,3.178000,14
11,46,1.273000,14
11,47,0.451000,4
11,48,0.308000,5
11,49,1.161000,4
11,50,1.417000,4
11,51,1.558000,4
11,52,1.469000,4
11,53,1.110000,4
11,54,1.451000,4
11,55,1.276000,4
11,56,1.789000,4
11,57,3.222000,12
11,58,1.397000,4
11,59,1.288000,5
11,60,0.719000,4
11,61,1.390000,4
11,62,1.445000,4
11,63,1.518000,5
11,64,1.248000,4
11,65,1.631000,4
11,66,1.479000,4
11,67,1.391000,4
11,68,1.445000,4
11,69,1.297000,4
11,70,1.644000,4
11,71,1.108000,4
11,72,2.892000,12
11,73,1.628000,5
11,74,1.468000,4
11,75,1.123000,4
11,76,1.198000,4
11,77,1.041000,4
11,78,1.299000,4
11,79,1.392000,4
11,80,1.461000,4
11,81,1.382000,4
11,82,1.371000,4
11,83,1.363000,4
11,84,1.150000,4
11,85,1.257000,4
11,86,1.388000,4
11,87,1.227000,4
11,88,1.340000,4
11,89,1.702000,5
11,90,1.526000,4
11,91,1.418000,4
11,92,1.936000,5
11,93,4.930000,21
11,94,2.228000,11
11,95,0.715000,5
11,96,0.480000,4
12,1,1.558000,4
12,2,1.541000,4
12,3,2.888000,12
12,4,2.658000,12
12,5,2.383000,12
12,6,1.529000,12
12,7,3.674000,12
12,8,3.080000,12
12,9,2.647000,12
12,10,2.078000,12
12,11,1.431000,12
12,12,0.766000,12
12,13,3.669000,12
12,14,3.299000,12
12,15,1.280000,5
12,16,1.286000,4
12,17,0.863000,4
12,18,0.871000,4
12,19,1.247000,4
12,20,1.703000,5
12,21,1.267000,4
12,22,1.481000,5
12,23,1.262000,4
12,24,3.127000,12
12,25,1.420000,4
12,26,1.645000,4
12,27,1.402000,4
12,28,1.205000,4
12,29,2.762000,12
12,30,1.175000,4
12,31,1.518000,4
12,32,1.932000,4
12,33,1.702000,5
12,34,1.192000,4
12,35,3.186000,12
12,36,2.132000,12
12,37,3.190000,12
12,38,2.856000,12
12,39,3.295000,12
12,40,2.488000,12
12,41,1.461000,12
12,42,0.554000,14
12,43,3.940000,14
12,44,3.638000,14
12,45,2.869000,14
12,46,1.655000,14
12,47,0.437000,4
12,48,0.451000,5
12,49,1.521000,4
12,50,1.705000,4
12,51,1.390000,4
12,52,1.568000,4
12,53,1.300000,4
12,54,1.170000,5
12,55,1.742000,4
12,56,1.790000,5
12,57,2.728000,12
12,58,1.470000,4
12,59,1.110000,4
12,60,1.145000,4
12,61,1.576000,4
12,62,1.712000,4
12,63,1.466000,5
12,64,1.549000,4
12,65,1.293000,4
12,66,0.916000,4
12,67,1.742000,4
12,68,1.550000,4
12,69,1.442000,4
12,70,1.383000,4
12,71,1.031000,4
12,72,2.920000,12
12,73,1.739000,5
12,74,1.350000,4
12,75,1.492000,4
12,76,1.599000,4
12,77,1.385000,4
12,78,1.469000,4
12,79,1.514000,4
12,80,1.300000,4
12,81,1.591000,4
12,82,1.577000,4
12,83,1.293000,4
12,84,1.285000,4
12,85,1.319000,4
12,86,1.312000,4
12,87,1.410000,4
12,88,1.070000,4
12,89,1.560000,4
12,90,1.500000,4
12,91,1.739000,4
12,92,2.260000,7
12,93,3.258000,18
12,94,2.741000,12
12,95,1.207000,5
12,96,0.768000,4
13,1,1.548000,4
13,2,1.520000,4
13,3,3.555000,12
13,4,3.248000,12
13,5,2.259000,12
13,6,1.105000,12
13,7,3.534000,12
13,8,3.416000,12
13,9,3.368000,12
13,10,1.972000,12
13,11,0.977000,12
13,12,0.712000,12
13,13,3.532000,12
13,14,3.217000,12
13,15,1.813000,4
13,16,1.435000,4
13,17,0.991000,4
13,18,0.724000,4
13,19,1.524000,4
13,20,2.059000,5
13,21,1.690000,4
13,22,1.928000,4
13,23,1.229000,4
13,24,2.851000,12
13,25,1.580000,4
13,26,1.932000,4
13,27,1.513000,4
13,28,1.259000,4
13,29,3.333000,12
13,30,1.114000,4
13,31,1.440000,4
13,32,1.557000,5
13,33,1.990000,5
13,34,1.449000,4
13,35,3.283000,12
13,36,2.248000,12
13,37,4.326000,12
13,38,3.529000,12
13,39,2.926000,12
13,40,1.616000,12
13,41,0.924000,12
13,42,0.752000,14
13,43,4.067000,14
13,44,3.820000,14
13,45,3.427000,14
13,46,1.342000,14
13,47,0.315000,4
13,48,0.421000,5
13,49,1.488000,4
13,50,1.808000,4
13,51,1.830000,4
13,52,1.575000,4
13,53,1.343000,4
13,54,0.955000,4
13,55,1.924000,5
13,56,1.896000,4
13,57,3.374000,12
13,58,1.497000,4
13,59,1.689000,4
13,60,1.257000,4
13,61,1.922000,4
13,62,1.362000,4
13,63,2.436000,4
13,64,1.389000,4
13,65,1.170000,4
13,66,1.325000,4
13,67,1.420000,4
13,68,2.077000,4
13,69,1.540000,4
13,70,1.188000,4
13,71,1.370000,4
13,72,3.140000,12
13,73,1.466000,4
13,74,1.784000,4
13,75,1.510000,4
13,76,1.686000,4
13,77,1.646000,4
13,78,1.706000,4
13,79,1.195000,4
13,80,1.738000,4
13,81,1.676000,5
13,82,1.538000,4
13,83,1.278000,4
13,84,1.720000,4
13,85,1.384000,4
13,86,1.479000,4
13,87,1.190000,4
13,88,1.485000,4
13,89,1.230000,4
13,90,1.719000,4
13,91,1.010000,4
13,92,2.400000,7
13,93,2.468000,7
13,94,3.659000,15
13,95,1.147000,5
13,96,0.799000,4
14,1,1.331000,4
14,2,1.764000,4
14,3,3.468000,12
14,4,3.610000,12
14,5,2.104000,12
14,6,0.837000,12
14,7,3.154000,12
14,8,3.580000,12
14,9,3.266000,12
14,10,2.099000,12
14,11,0.756000,12
14,12,0.395000,12
14,13,3.104000,12
14,14,3.596000,12
14,15,1.842000,4
14,16,1.440000,4
14,17,1.134000,4
14,18,0.693000,4
14,19,1.751000,4
14,20,2.144000,5
14,21,1.620000,4
14,22,1.220000,4
14,23,1.468000,4
14,24,2.158000,12
14,25,1.563000,4
14,26,1.443000,4
14,27,1.777000,4
14,28,1.755000,4
14,29,3.393000,12
14,30,1.048000,4
14,31,1.360000,4
14,32,1.625000,4
14,33,1.849000,5
14,34,1.421000,4
14,35,4.080000,12
14,36,1.795000,12
14,37,3.853000,12
14,38,3.781000,12
14,39,3.268000,12
14,40,1.473000,12
14,41,0.811000,12
14,42,0.384000,14
14,43,3.810000,14
14,44,4.112000,14
14,45,3.274000,14
14,46,1.412000,14
14,47,0.370000,4
14,48,0.366000,5
14,49,1.379000,4
14,50,1.944000,4
14,51,1.584000,4
14,52,1.610000,4
14,53,1.745000,4
14,54,1.626000,4
14,55,1.831000,4
14,56,1.486000,4
14,57,3.224000,12
14,58,1.730000,5
14,59,1.373000,4
14,60,1.114000,4
14,61,1.563000,4
14,62,1.227000,4
14,63,1.412000,5
14,64,1.440000,5
14,65,1.577000,4
14,66,1.530000,4
14,67,1.561000,4
14,68,1.335000,4
14,69,1.224000,4
14,70,1.681000,4
14,71,1.759000,4
14,72,3.368000,12
14,73,1.564000,4
14,74,1.427000,4
14,75,1.661000,5
14,76,1.622000,4
14,77,1.868000,4
14,78,1.371000,4
14,79,1.430000,4
14,80,1.741000,5
14,81,2.060000,5
14,82,1.693000,4
14,83,1.713000,4
14,84,1.117000,4
14,85,1.747000,4
14,86,1.391000,4
14,87,1.208000,4
14,88,1.730000,4
14,89,1.405000,4
14,90,1.531000,4
14,91,1.561000,5
14,92,2.194000,7
14,93,2.788000,7
14,94,3.837000,15
14,95,1.146000,5
14,96,0.632000,4
15,1,1.558000,4
15,2,1.984000,4
15,3,3.822000,12
15,4,2.535000,12
15,5,1.430000,12
15,6,1.461000,12
15,7,3.220000,12
15,8,3.067000,12
15,9,2.818000,12
15,10,1.804000,12
15,11,1.513000,12
15,12,0.767000,12
15,13,2.780000,12
15,14,3.212000,12
15,15,1.326000,4
15,16,1.270000,4
15,17,1.189000,4
15,18,0.680000,4
15,19,1.859000,4
15,20,1.500000,5
15,21,1.460000,4
15,22,2.024000,4
15,23,1.142000,4
15,24,2.208000,12
15,25,1.307000,4
15,26,1.345000,4
15,27,1.664000,4
15,28,1.573000,4
15,29,3.063000,12
15,30,0.960000,4
15,31,1.451000,4
15,32,1.322000,4
15,33,1.567000,5
15,34,1.647000,4
15,35,2.968000,12
15,36,1.416000,12
15,37,3.140000,12
15,38,3.419000,12
15,39,2.998000,12
15,40,1.670000,12
15,41,1.593000,12
15,42,0.523000,14
15,43,3.613000,14
15,44,3.561000,14
15,45,2.755000,14
15,46,1.601000,14
15,47,0.455000,4
15,48,0.863000,5
15,49,1.856000,4
15,50,1.316000,4
15,51,1.446000,4
15,52,1.753000,4
15,53,1.616000,4
15,54,1.046000,4
15,55,1.572000,4
15,56,2.023000,4
15,57,3.815000,12
15,58,1.672000,4
15,59,0.953000,4
15,60,0.665000,4
15,61,1.306000,4
15,62,1.360000,4
15,63,1.610000,4
15,64,1.674000,4
15,65,1.608000,5
15,66,1.050000,4
15,67,1.568000,4
15,68,1.976000,4
15,69,1.268000,4
15,70,1.699000,4
15,71,1.248000,4
15,72,2.568000,12
15,73,1.088000,4
15,74,1.488000,4
15,75,1.497000,4
15,76,1.707000,4
15,77,1.350000,4
15,78,1.070000,4
15,79,1.620000,4
15,80,1.422000,4
15,81,1.651000,4
15,82,1.040000,4
15,83,1.102000,4
15,84,1.241000,4
15,85,1.560000,4
15,86,1.408000,4
15,87,1.828000,5
15,88,1.735000,4
15,89,1.256000,4
15,90,1.390000,4
15,91,2.336000,7
15,92,4.569000,21
15,93,1.684000,7
15,94,1.480000,14
15,95,0.645000,5
15,96,1.109000,6
16,1,1.301000,5
16,2,1.824000,4
16,3,4.018000,12
16,4,3.099000,12
16,5,1.703000,12
16,6,0.648000,12
16,7,3.419000,12
16,8,3.681000,12
16,9,3.165000,12
16,10,1.458000,12
16,11,0.578000,12
16,12,0.230000,12
16,13,4.034000,12
16,14,3.434000,12
16,15,1.235000,4
16,16,1.104000,4
16,17,0.910000,4
16,18,0.569000,4
16,19,1.497000,4
16,20,2.104000,6
16,21,1.661000,4
16,22,1.473000,4
16,23,1.379000,4
16,24,2.467000,12
16,25,1.775000,4
16,26,1.825000,4
16,27,1.671000,4
16,28,1.333000,4
16,29,2.098000,12
16,30,0.597000,4
16,31,1.495000,4
16,32,1.194000,4
16,33,1.731000,6
16,34,1.616000,4
16,35,2.968000,12
16,36,1.946000,12
16,37,3.641000,12
16,38,2.448000,9
16,39,2.685000,9
16,40,1.864000,9
16,41,0.941000,9
16,42,0.367000,9
16,43,2.826000,9
16,44,2.656000,9
16,45,2.652000,9
16,46,2.154000,9
16,47,0.893000,4
16,48,0.858000,5
16,49,1.505000,4
16,50,2.108000,4
16,51,1.543000,4
16,52,1.508000,4
16,53,1.359000,4
16,54,1.379000,4
16,55,1.501000,4
16,56,1.635000,5
16,57,3.428000,13
16,58,1.552000,4
16,59,1.291000,4
16,60,0.900000,4
16,61,1.500000,4
16,62,1.578000,4
16,63,1.504000,4
16,64,1.594000,4
16,65,1.132000,4
16,66,1.710000,4
16,67,1.493000,4
16,68,1.511000,4
16,69,1.809000,4
16,70,1.622000,4
16,71,1.161000,4
16,72,2.839000,12
16,73,1.266000,4
16,74,1.796000,4
16,75,1.317000,4
16,76,1.405000,4
16,77,1.518000,4
16,78,1.410000,4
16,79,1.492000,4
16,80,1.717000,4
16,81,1.651000,4
16,82,1.366000,4
16,83,1.351000,4
16,84,1.454000,4
16,85,1.495000,4
16,86,2.104000,4
16,87,1.603000,4
16,88,1.674000,4
16,89,1.186000,4
16,90,1.303000,4
16,91,2.316000,6
16,92,2.317000,7
16,93,2.207000,7
16,94,1.852000,7
16,95,1.834000,5
16,96,1.171000,5
17,1,1.512000,5
17,2,1.535000,4
17,3,3.900000,12
17,4,3.256000,12
17,5,1.882000,12
17,6,1.062000,12
17,7,2.894000,12
17,8,3.453000,12
17,9,3.648000,12
17,10,2.038000,12
17,11,1.013000,12
17,12,0.232000,12
17,13,3.569000,12
17,14,3.590000,12
17,15,1.337000,4
17,16,1.716000,4
17,17,0.982000,4
17,18,0.849000,4
17,19,1.523000,4
17,20,2.150000,6
17,21,1.459000,4
17,22,1.739000,4
17,23,1.151000,4
17,24,2.764000,12
17,25,1.780000,4
17,26,1.465000,4
17,27,1.511000,4
17,28,1.268000,4
17,29,3.552000,12
17,30,0.948000,4
17,31,1.618000,4
17,32,2.059000,4
17,33,1.918000,6
17,34,1.293000,4
17,35,3.230000,12
17,36,2.076000,12
17,37,3.734000,12
17,38,3.320000,10
17,39,2.974000,10
17,40,2.055000,10
17,41,0.995000,10
17,42,0.385000,10
17,43,3.071000,10
17,44,2.498000,10
17,45,2.428000,10
17,46,2.461000,10
17,47,0.645000,4
17,48,0.419000,5
17,49,1.628000,4
17,50,1.424000,4
17,51,2.055000,4
17,52,1.388000,4
17,53,1.277000,4
17,54,1.509000,4
17,55,1.623000,4
17,56,1.427000,4
17,57,3.688000,13
17,58,1.422000,4
17,59,1.365000,4
17,60,1.107000,4
17,61,1.618000,4
17,62,1.617000,4
17,63,1.986000,4
17,64,1.531000,4
17,65,1.377000,4
17,66,1.517000,4
17,67,1.535000,4
17,68,1.655000,4
17,69,1.578000,4
17,70,1.405000,4
17,71,1.247000,4
17,72,3.115000,12
17,73,1.506000,4
17,74,1.553000,4
17,75,1.869000,4
17,76,1.607000,4
17,77,1.569000,4
17,78,1.350000,4
17,79,1.625000,4
17,80,1.423000,4
17,81,1.203000,4
17,82,1.550000,4
17,83,1.466000,4
17,84,1.535000,4
17,85,1.621000,4
17,86,1.421000,4
17,87,1.583000,4
17,88,1.261000,4
17,89,1.766000,4
17,90,1.729000,7
17,91,5.832000,22
17,92,2.019000,7
17,93,2.170000,7
17,94,1.530000,7
17,95,0.750000,5
17,96,0.730000,8
18,1,1.758000,5
18,2,1.762000,4
18,3,3.383000,12
18,4,2.511000,12
18,5,1.669000,12
18,6,0.791000,12
18,7,3.267000,12
18,8,3.115000,12
18,9,2.715000,12
18,10,1.830000,12
18,11,0.932000,12
18,12,0.345000,12
18,13,3.352000,12
18,14,3.140000,12
18,15,1.368000,4
18,16,1.200000,4
18,17,0.576000,4
18,18,0.440000,4
18,19,1.528000,5
18,20,2.178000,6
18,21,1.465000,4
18,22,1.592000,4
18,23,1.500000,4
18,24,2.129000,12
18,25,1.323000,4
18,26,1.666000,4
18,27,1.444000,4
18,28,1.182000,4
18,29,2.650000,12
18,30,1.158000,4
18,31,1.313000,4
18,32,1.350000,4
18,33,2.049000,6
18,34,0.997000,4
18,35,2.382000,12
18,36,2.289000,12
18,37,3.542000,12
18,38,2.298000,10
18,39,2.401000,10
18,40,2.070000,10
18,41,1.193000,10
18,42,0.400000,10
18,43,2.980000,10
18,44,2.220000,10
18,45,2.544000,10
18,46,2.082000,10
18,47,0.790000,4
18,48,0.621000,5
18,49,1.488000,4
18,50,1.817000,4
18,51,1.503000,4
18,52,1.532000,4
18,53,1.443000,4
18,54,1.202000,4
18,55,1.323000,4
18,56,1.416000,4
18,57,2.990000,13
18,58,1.279000,4
18,59,1.462000,4
18,60,1.091000,4
18,61,1.313000,4
18,62,1.276000,4
18,63,1.121000,4
18,64,1.235000,4
18,65,1.450000,4
18,66,1.268000,4
18,67,1.010000,4
18,68,1.618000,4
18,69,1.310000,4
18,70,1.195000,4
18,71,1.713000,4
18,72,2.607000,12
18,73,1.323000,4
18,74,1.539000,4
18,75,1.441000,4
18,76,1.420000,4
18,77,1.329000,4
18,78,1.100000,4
18,79,1.128000,4
18,80,1.355000,4
18,81,1.478000,4
18,82,1.215000,4
18,83,1.230000,4
18,84,1.061000,4
18,85,1.524000,4
18,86,1.543000,4
18,87,1.268000,4
18,88,1.536000,4
18,89,1.267000,4
18,90,1.890000,7
18,91,2.498000,7
18,92,1.823000,7
18,93,2.578000,9
18,94,2.137000,7
18,95,1.586000,6
18,96,0.758000,7
19,1,1.721000,6
19,2,1.323000,4
19,3,2.973000,12
19,4,2.852000,12
19,5,1.710000,12
19,6,0.810000,12
19,7,3.344000,12
19,8,3.380000,12
19,9,2.964000,12
19,10,1.222000,12
19,11,0.808000,12
19,12,0.199000,12
19,13,2.801000,12
19,14,2.965000,12
19,15,1.087000,4
19,16,1.120000,4
19,17,1.420000,4
19,18,0.840000,4
19,19,0.852000,4
19,20,1.965000,6
19,21,1.226000,4
19,22,1.611000,5
19,23,1.650000,4
19,24,2.455000,12
19,25,1.259000,4
19,26,1.525000,4
19,27,1.515000,4
19,28,1.452000,4
19,29,3.142000,12
19,30,0.795000,4
19,31,1.165000,4
19,32,1.046000,4
19,33,1.808000,6
19,34,1.252000,4
19,35,2.639000,12
19,36,2.065000,12
19,37,3.336000,12
19,38,2.470000,10
19,39,2.192000,10
19,40,1.865000,10
19,41,1.112000,10
19,42,0.712000,10
19,43,2.266000,10
19,44,2.484000,10
19,45,2.528000,10
19,46,2.400000,10
19,47,0.736000,4
19,48,0.584000,5
19,49,1.026000,4
19,50,1.366000,4
19,51,1.341000,4
19,52,1.254000,4
19,53,1.422000,4
19,54,1.343000,4
19,55,1.246000,4
19,56,1.320000,4
19,57,3.738000,13
19,58,1.182000,4
19,59,0.969000,4
19,60,0.812000,4
19,61,1.298000,4
19,62,1.302000,4
19,63,1.178000,4
19,64,1.863000,4
19,65,1.140000,4
19,66,1.512000,4
19,67,1.258000,4
19,68,1.518000,4
19,69,1.750000,4
19,70,1.331000,4
19,71,1.452000,4
19,72,2.489000,12
19,73,1.018000,4
19,74,1.406000,4
19,75,1.340000,4
19,76,1.247000,4
19,77,1.255000,4
19,78,1.330000,4
19,79,1.618000,4
19,80,1.394000,4
19,81,1.574000,4
19,82,1.110000,4
19,83,1.557000,4
19,84,1.330000,4
19,85,1.356000,4
19,86,1.190000,4
19,87,1.519000,4
19,88,1.196000,4
19,89,1.510000,5
19,90,1.372000,6
19,91,1.914000,7
19,92,1.939000,7
19,93,2.137000,7
19,94,1.879000,7
19,95,1.976000,6
19,96,1.702000,25
20,1,4.341000,21
20,2,1.280000,4
20,3,2.799000,12
20,4,2.000000,12
20,5,1.314000,12
20,6,0.534000,12
20,7,3.337000,12
20,8,3.161000,12
20,9,3.198000,12
20,10,1.637000,12
20,11,0.661000,12
20,12,0.301000,12
20,13,3.278000,12
20,14,3.264000,12
20,15,1.724000,4
20,16,1.072000,4
20,17,0.790000,5
20,18,0.502000,4
20,19,1.343000,4
20,20,2.203000,6
20,21,1.329000,4
20,22,1.395000,4
20,23,1.100000,4
20,24,2.204000,12
20,25,1.200000,4
20,26,1.058000,4
20,27,1.485000,4
20,28,1.630000,4
20,29,3.223000,12
20,30,1.039000,4
20,31,1.207000,4
20,32,1.741000,4
20,33,1.889000,6
20,34,1.320000,4
20,35,2.729000,12
20,36,1.711000,12
20,37,2.618000,12
20,38,2.782000,10
20,39,2.451000,10
20,40,1.814000,10
20,41,1.207000,10
20,42,0.521000,10
20,43,2.574000,10
20,44,2.821000,10
20,45,2.461000,10
20,46,1.752000,10
20,47,0.719000,4
20,48,0.618000,5
20,49,1.259000,4
20,50,1.333000,4
20,51,1.232000,4
20,52,1.355000,4
20,53,1.301000,4
20,54,1.360000,4
20,55,1.548000,4
20,56,1.677000,4
20,57,3.666000,13
20,58,1.274000,4
20,59,1.330000,4
20,60,1.036000,4
20,61,1.195000,4
20,62,1.120000,4
20,63,1.203000,4
20,64,1.380000,4
20,65,1.786000,4
20,66,1.392000,4
20,67,1.090000,4
20,68,1.566000,4
20,69,1.261000,4
20,70,1.666000,4
20,71,1.180000,4
20,72,2.906000,12
20,73,1.389000,4
20,74,1.609000,4
20,75,1.017000,4
20,76,1.190000,4
20,77,1.381000,5
20,78,0.887000,4
20,79,1.197000,4
20,80,1.561000,4
20,81,1.803000,5
20,82,1.488000,4
20,83,1.178000,4
20,84,1.221000,4
20,85,1.200000,4
20,86,1.016000,4
20,87,1.570000,4
20,88,1.319000,4
20,89,2.130000,7
20,90,2.221000,10
20,91,1.947000,7
20,92,1.991000,7
20,93,2.610000,8
20,94,2.083000,7
20,95,1.324000,8
20,96,0.740000,7
21,1,3.219000,11
21,2,1.541000,4
21,3,2.986000,11
21,4,1.790000,9
21,5,1.265000,9
21,6,1.340000,10
21,7,2.773000,9
21,8,1.844000,9
21,9,2.832000,9
21,10,2.323000,9
21,11,1.368000,9
21,12,1.179000,9
21,13,2.134000,9
21,14,1.961000,9
21,15,1.529000,4
21,16,1.469000,4
21,17,1.049000,4
21,18,0.823000,4
21,19,1.590000,4
21,20,5.901000,27
21,21,1.691000,4
21,22,0.780000,4
21,23,0.864000,4
21,24,1.426000,14
21,25,1.587000,4
21,26,1.580000,4
21,27,1.110000,4
21,28,1.400000,4
21,29,2.513000,10
21,30,1.033000,4
21,31,1.590000,4
21,32,1.434000,4
21,33,4.689000,21
21,34,1.334000,4
21,35,1.707000,9
21,36,1.361000,9
21,37,2.521000,10
21,38,2.741000,11
21,39,3.147000,11
21,40,1.961000,11
21,41,1.355000,11
21,42,0.807000,11
21,43,2.469000,11
21,44,2.730000,11
21,45,2.561000,11
21,46,2.341000,11
21,47,0.848000,4
21,48,0.974000,6
21,49,1.453000,4
21,50,1.221000,4
21,51,1.511000,4
21,52,1.182000,4
21,53,1.228000,4
21,54,1.441000,4
21,55,1.362000,4
21,56,1.371000,4
21,57,1.996000,9
21,58,1.586000,4
21,59,1.344000,4
21,60,1.202000,4
21,61,1.404000,4
21,62,1.303000,4
21,63,1.213000,4
21,64,1.470000,4
21,65,1.089000,4
21,66,1.519000,4
21,67,1.295000,4
21,68,1.559000,4
21,69,1.529000,4
21,70,1.541000,4
21,71,1.472000,4
21,72,2.722000,11
21,73,1.222000,4
21,74,1.688000,4
21,75,1.327000,4
21,76,1.885000,4
21,77,1.806000,4
21,78,1.211000,4
21,79,1.139000,4
21,80,1.328000,4
21,81,1.154000,4
21,82,1.378000,4
21,83,1.357000,4
21,84,1.396000,4
21,85,1.588000,4
21,86,1.240000,4
21,87,1.438000,4
21,88,1.809000,6
21,89,2.274000,7
21,90,4.022000,28
21,91,1.713000,7
21,92,2.099000,7
21,93,1.781000,7
21,94,2.151000,7
21,95,4.481000,29
21,96,0.461000,8
22,1,2.675000,13
22,2,1.432000,4
22,3,3.219000,11
22,4,2.442000,10
22,5,1.317000,10
22,6,0.616000,9
22,7,2.009000,9
22,8,2.229000,9
22,9,2.129000,9
22,10,1.809000,9
22,11,1.940000,9
22,12,1.242000,9
22,13,2.615000,11
22,14,2.940000,10
22,15,1.372000,4
22,16,1.236000,4
22,17,1.330000,4
22,18,0.919000,4
22,19,1.463000,4
22,20,2.447000,10
22,21,1.470000,4
22,22,1.122000,4
22,23,1.271000,4
22,24,2.031000,10
22,25,1.438000,4
22,26,1.501000,4
22,27,1.756000,4
22,28,1.216000,4
22,29,2.549000,10
22,30,1.248000,4
22,31,1.676000,4
22,32,1.262000,4
22,33,2.789000,11
22,34,1.541000,4
22,35,1.974000,11
22,36,1.731000,11
22,37,2.503000,11
22,38,2.650000,11
22,39,2.514000,11
22,40,2.239000,11
22,41,1.525000,11
22,42,0.437000,11
22,43,2.620000,11
22,44,2.878000,11
22,45,2.200000,11
22,46,2.357000,11
22,47,0.540000,4
22,48,0.265000,6
22,49,1.318000,4
22,50,1.621000,4
22,51,1.255000,4
22,52,1.260000,4
22,53,1.029000,4
22,54,1.150000,4
22,55,0.982000,4
22,56,1.179000,4
22,57,2.733000,11
22,58,3.289000,4
22,59,1.172000,4
22,60,0.810000,4
22,61,1.299000,5
22,62,1.174000,4
22,63,1.405000,5
22,64,1.311000,4
22,65,1.241000,4
22,66,1.412000,4
22,67,1.374000,4
22,68,1.839000,5
22,69,1.448000,4
22,70,1.343000,4
22,71,1.380000,4
22,72,2.507000,11
22,73,1.143000,4
22,74,1.564000,4
22,75,1.645000,4
22,76,1.639000,4
22,77,1.248000,4
22,78,1.101000,4
22,79,1.030000,4
22,80,1.431000,4
22,81,1.218000,4
22,82,1.544000,4
22,83,1.442000,4
22,84,1.466000,4
22,85,1.203000,4
22,86,1.232000,4
22,87,1.169000,4
22,88,1.955000,7
22,89,1.990000,7
22,90,2.341000,11
22,91,1.981000,7
22,92,1.518000,7
22,93,2.439000,9
22,94,1.890000,7
22,95,2.063000,8
22,96,1.511000,11
23,1,3.125000,13
23,2,1.790000,6
23,3,3.206000,11
23,4,1.978000,11
23,5,1.210000,11
23,6,0.443000,10
23,7,2.811000,9
23,8,2.518000,9
23,9,2.772000,9
23,10,1.796000,9
23,11,1.344000,9
23,12,0.466000,10
23,13,2.197000,9
23,14,2.816000,11
23,15,1.444000,4
23,16,1.574000,4
23,17,1.219000,4
23,18,0.828000,4
23,19,1.183000,4
23,20,2.347000,10
23,21,1.314000,4
23,22,1.431000,4
23,23,1.508000,4
23,24,2.114000,10
23,25,1.381000,4
23,26,1.716000,4
23,27,1.370000,4
23,28,1.410000,4
23,29,2.519000,10
23,30,0.930000,4
23,31,1.380000,4
23,32,1.723000,4
23,33,3.203000,11
23,34,1.422000,4
23,35,2.074000,10
23,36,1.250000,10
23,37,3.124000,10
23,38,2.400000,10
23,39,3.115000,11
23,40,1.844000,11
23,41,0.940000,11
23,42,0.348000,11
23,43,2.408000,11
23,44,2.698000,11
23,45,2.453000,11
23,46,2.192000,11
23,47,0.761000,4
23,48,0.694000,5
23,49,1.380000,4
23,50,1.217000,4
23,51,1.369000,4
23,52,1.594000,4
23,53,1.330000,4
23,54,0.882000,4
23,55,1.075000,4
23,56,1.308000,4
23,57,2.528000,10
23,58,1.306000,4
23,59,1.503000,4
23,60,1.090000,4
23,61,1.387000,4
23,62,1.484000,4
23,63,1.126000,4
23,64,1.318000,4
23,65,1.448000,4
23,66,1.089000,4
23,67,1.227000,5
23,68,1.736000,4
23,69,1.408000,4
23,70,1.450000,4
23,71,1.475000,4
23,72,1.785000,11
23,73,1.389000,4
23,74,1.264000,4
23,75,1.362000,4
23,76,1.741000,4
23,77,1.747000,4
23,78,1.308000,4
23,79,1.130000,4
23,80,1.390000,4
23,81,1.478000,4
23,82,1.178000,4
23,83,1.358000,4
23,84,1.721000,5
23,85,1.220000,4
23,86,1.030000,4
23,87,2.672000,4
23,88,1.634000,5
23,89,1.806000,7
23,90,1.639000,11
23,91,1.509000,7
23,92,2.052000,7
23,93,2.400000,9
23,94,2.128000,7
23,95,1.736000,8
23,96,1.414000,11
24,1,2.897000,12
24,2,1.686000,5
24,3,2.750000,11
24,4,1.851000,9
24,5,1.240000,9
24,6,1.020000,9
24,7,2.164000,9
24,8,2.514000,9
24,9,2.540000,9
24,10,1.711000,9
24,11,1.083000,9
24,12,1.039000,10
24,13,2.897000,11
24,14,2.400000,10
24,15,1.067000,4
24,16,1.487000,4
24,17,0.984000,4
24,18,0.953000,4
24,19,1.642000,4
24,20,2.093000,10
24,21,1.177000,4
24,22,1.322000,4
24,23,1.191000,4
24,24,2.026000,10
24,25,1.296000,4
24,26,1.422000,4
24,27,1.316000,4
24,28,1.448000,4
24,29,2.255000,10
24,30,0.963000,4
24,31,1.427000,4
24,32,1.088000,4
24,33,2.612000,11
24,34,1.290000,4
24,35,2.028000,11
24,36,1.245000,11
24,37,2.460000,11
24,38,2.474000,11
24,39,2.864000,11
24,40,2.188000,11
24,41,1.167000,11
24,42,0.482000,11
24,43,2.893000,11
24,44,2.786000,11
24,45,2.631000,11
24,46,1.778000,11
24,47,0.630000,4
24,48,0.502000,6
24,49,1.655000,4
24,50,1.362000,4
24,51,1.492000,4
24,52,1.210000,4
24,53,1.185000,4
24,54,0.913000,4
24,55,1.657000,4
24,56,1.214000,4
24,57,2.539000,10
24,58,1.495000,4
24,59,1.067000,4
24,60,1.020000,4
24,61,1.650000,4
24,62,1.218000,4
24,63,1.178000,4
24,64,1.255000,4
24,65,1.335000,4
24,66,0.960000,4
24,67,1.650000,4
24,68,1.513000,4
24,69,1.395000,4
24,70,1.526000,4
24,71,1.228000,4
24,72,2.654000,11
24,73,1.257000,4
24,74,0.967000,4
24,75,1.670000,4
24,76,1.865000,4
24,77,1.109000,4
24,78,1.389000,4
24,79,1.377000,4
24,80,1.343000,4
24,81,1.171000,4
24,82,1.301000,4
24,83,1.219000,4
24,84,1.299000,4
24,85,1.790000,4
24,86,1.223000,4
24,87,1.940000,6
24,88,2.351000,7
24,89,1.898000,9
24,90,1.771000,15
24,91,1.811000,7
24,92,1.781000,7
24,93,1.810000,6
24,94,2.014000,7
24,95,1.736000,8
24,96,1.680000,12
25,1,2.878000,11
25,2,2.195000,7
25,3,2.553000,11
25,4,2.062000,11
25,5,1.033000,9
25,6,0.585000,9
25,7,2.718000,10
25,8,2.056000,9
25,9,2.420000,9
25,10,1.888000,9
25,11,1.470000,10
25,12,1.073000,10
25,13,2.472000,10
25,14,2.612000,10
25,15,1.159000,4
25,16,1.015000,4
25,17,1.040000,4
25,18,1.016000,4
25,19,1.326000,4
25,20,2.778000,10
25,21,1.343000,4
25,22,1.183000,4
25,23,1.322000,4
25,24,1.583000,10
25,25,1.330000,4
25,26,1.320000,4
25,27,1.012000,4
25,28,1.538000,4
25,29,2.290000,10
25,30,1.580000,4
25,31,1.330000,4
25,32,1.670000,4
25,33,2.699000,11
25,34,1.287000,4
25,35,2.153000,10
25,36,1.486000,10
25,37,2.790000,11
25,38,2.934000,11
25,39,2.686000,11
25,40,1.750000,11
25,41,0.984000,11
25,42,0.265000,11
25,43,2.852000,11
25,44,3.040000,11
25,45,2.343000,11
25,46,1.990000,11
25,47,0.509000,4
25,48,0.674000,5
25,49,1.329000,4
25,50,1.853000,4
25,51,1.346000,4
25,52,1.317000,4
25,53,1.187000,4
25,54,1.262000,4
25,55,1.164000,4
25,56,1.384000,4
25,57,2.783000,10
25,58,1.501000,4
25,59,1.171000,4
25,60,0.968000,4
25,61,1.581000,4
25,62,1.441000,4
25,63,1.142000,4
25,64,1.308000,4
25,65,1.065000,4
25,66,1.385000,4
25,67,1.319000,4
25,68,1.796000,4
25,69,1.387000,4
25,70,1.332000,4
25,71,1.044000,4
25,72,2.555000,11
25,73,1.801000,4
25,74,1.460000,4
25,75,1.797000,4
25,76,1.600000,4
25,77,1.260000,4
25,78,0.762000,4
25,79,1.332000,4
25,80,1.450000,4
25,81,1.370000,4
25,82,1.713000,4
25,83,1.400000,4
25,84,1.076000,4
25,85,1.328000,4
25,86,1.823000,4
25,87,1.409000,5
25,88,1.693000,7
25,89,4.308000,28
25,90,1.244000,14
25,91,1.931000,7
25,92,2.892000,8
25,93,2.020000,7
25,94,1.955000,7
25,95,1.753000,12
25,96,1.015000,12
26,1,3.160000,13
26,2,2.622000,7
26,3,2.830000,10
26,4,1.924000,11
26,5,1.206000,11
26,6,0.788000,11
26,7,2.559000,11
26,8,2.723000,11
26,9,2.896000,11
26,10,2.251000,11
26,11,1.260000,10
26,12,0.891000,11
26,13,2.560000,10
26,14,2.711000,11
26,15,1.510000,4
26,16,1.567000,4
26,17,1.519000,4
26,18,0.614000,4
26,19,1.300000,4
26,20,2.876000,11
26,21,1.088000,4
26,22,1.429000,4
26,23,1.622000,4
26,24,1.939000,11
26,25,1.470000,4
26,26,1.680000,4
26,27,1.272000,4
26,28,1.382000,4
26,29,2.974000,11
26,30,0.983000,4
26,31,1.091000,4
26,32,2.269000,6
26,33,2.602000,10
26,34,1.667000,4
26,35,2.402000,11
26,36,1.562000,12
26,37,2.552000,11
26,38,2.589000,11
26,39,2.783000,11
26,40,2.367000,11
26,41,1.340000,11
26,42,0.952000,11
26,43,2.387000,11
26,44,2.915000,11
26,45,2.888000,11
26,46,2.106000,11
26,47,0.878000,6
26,48,0.539000,6
26,49,1.310000,4
26,50,1.216000,4
26,51,1.407000,4
26,52,1.310000,4
26,53,1.403000,4
26,54,1.227000,4
26,55,1.316000,4
26,56,1.379000,4
26,57,1.982000,9
26,58,1.098000,4
26,59,1.598000,4
26,60,1.669000,6
26,61,1.194000,4
26,62,1.672000,4
26,63,1.310000,4
26,64,1.264000,4
26,65,1.248000,4
26,66,1.311000,4
26,67,1.152000,4
26,68,1.489000,4
26,69,1.228000,4
26,70,1.282000,4
26,71,1.470000,4
26,72,2.937000,10
26,73,1.302000,4
26,74,1.209000,4
26,75,1.226000,4
26,76,1.398000,4
26,77,1.092000,4
26,78,1.521000,4
26,79,1.309000,4
26,80,1.552000,4
26,81,1.571000,4
26,82,1.449000,4
26,83,1.110000,4
26,84,1.372000,4
26,85,1.167000,4
26,86,1.917000,4
26,87,2.020000,7
26,88,5.030000,28
26,89,1.157000,12
26,90,0.441000,14
26,91,1.971000,7
26,92,2.307000,7
26,93,1.713000,7
26,94,2.309000,7
26,95,2.365000,12
26,96,1.290000,13
27,1,3.371000,14
27,2,4.464000,23
27,3,3.056000,12
27,4,1.022000,11
27,5,0.459000,11
27,6,0.136000,11
27,7,3.036000,11
27,8,2.867000,11
27,9,2.582000,11
27,10,1.723000,11
27,11,1.260000,11
27,12,0.704000,11
27,13,2.619000,11
27,14,2.745000,11
27,15,0.927000,4
27,16,1.482000,4
27,17,1.245000,4
27,18,0.866000,4
27,19,1.486000,4
27,20,2.603000,11
27,21,1.629000,4
27,22,1.499000,5
27,23,1.358000,4
27,24,1.680000,11
27,25,1.676000,4
27,26,1.221000,4
27,27,1.849000,4
27,28,1.329000,4
27,29,2.563000,11
27,30,0.921000,4
27,31,1.267000,4
27,32,2.302000,6
27,33,2.184000,10
27,34,1.722000,4
27,35,1.908000,11
27,36,1.471000,11
27,37,2.908000,11
27,38,2.823000,11
27,39,2.937000,11
27,40,1.804000,11
27,41,1.124000,11
27,42,0.486000,11
27,43,2.713000,11
27,44,2.679000,11
27,45,2.616000,11
27,46,2.012000,11
27,47,0.987000,6
27,48,0.621000,6
27,49,1.102000,4
27,50,1.096000,4
27,51,1.398000,4
27,52,1.420000,4
27,53,1.409000,4
27,54,1.704000,5
27,55,1.486000,5
27,56,1.841000,4
27,57,2.190000,9
27,58,1.418000,4
27,59,1.278000,4
27,60,1.414000,6
27,61,1.266000,4
27,62,1.627000,4
27,63,1.100000,4
27,64,1.415000,4
27,65,1.140000,4
27,66,1.346000,4
27,67,1.266000,4
27,68,0.831000,4
27,69,1.417000,4
27,70,1.690000,4
27,71,1.526000,4
27,72,2.310000,9
27,73,1.676000,4
27,74,1.457000,4
27,75,1.429000,4
27,76,1.455000,4
27,77,1.465000,4
27,78,1.138000,4
27,79,1.420000,4
27,80,1.210000,4
27,81,1.367000,4
27,82,1.493000,4
27,83,1.320000,4
27,84,1.250000,4
27,85,1.498000,4
27,86,1.415000,4
27,87,1.515000,5
27,88,3.111000,13
27,89,2.588000,14
27,90,1.265000,14
27,91,1.740000,7
27,92,2.198000,7
27,93,2.121000,7
27,94,2.271000,7
27,95,1.719000,10
27,96,1.264000,12
28,1,3.489000,13
28,2,3.939000,14
28,3,3.282000,14
28,4,1.769000,11
28,5,0.821000,11
28,6,0.160000,11
28,7,2.374000,11
28,8,3.662000,11
28,9,2.907000,11
28,10,2.612000,11
28,11,1.362000,11
28,12,0.741000,11
28,13,2.640000,11
28,14,3.135000,11
28,15,1.437000,4
28,16,1.786000,4
28,17,1.381000,4
28,18,1.109000,4
28,19,1.360000,5
28,20,3.355000,11
28,21,1.248000,4
28,22,1.677000,4
28,23,0.987000,4
28,24,1.671000,11
28,25,1.574000,4
28,26,2.149000,4
28,27,1.566000,4
28,28,1.906000,4
28,29,2.706000,11
28,30,1.154000,4
28,31,1.247000,4
28,32,1.366000,4
28,33,3.150000,10
28,34,1.230000,4
28,35,2.751000,11
28,36,1.855000,11
28,37,2.971000,11
28,38,3.220000,11
28,39,2.822000,11
28,40,1.990000,11
28,41,1.324000,11
28,42,0.659000,11
28,43,2.974000,11
28,44,2.916000,11
28,45,2.778000,11
28,46,2.430000,11
28,47,1.088000,6
28,48,0.769000,6
28,49,1.563000,4
28,50,1.162000,4
28,51,1.863000,5
28,52,1.755000,4
28,53,1.515000,4
28,54,0.889000,4
28,55,1.565000,4
28,56,1.680000,4
28,57,2.926000,9
28,58,1.540000,4
28,59,1.211000,4
28,60,1.692000,5
28,61,1.566000,4
28,62,2.060000,4
28,63,1.393000,4
28,64,1.624000,4
28,65,1.393000,4
28,66,1.611000,4
28,67,1.232000,4
28,68,1.502000,4
28,69,1.612000,4
28,70,1.590000,4
28,71,1.365000,4
28,72,2.637000,10
28,73,1.630000,4
28,74,1.383000,4
28,75,2.265000,4
28,76,1.410000,4
28,77,1.255000,4
28,78,1.514000,4
28,79,1.209000,4
28,80,1.350000,4
28,81,1.391000,4
28,82,2.207000,6
28,83,1.530000,4
28,84,1.410000,4
28,85,1.312000,4
28,86,1.878000,4
28,87,2.710000,6
28,88,4.142000,17
28,89,2.375000,15
28,90,1.045000,15
28,91,2.169000,7
28,92,2.173000,7
28,93,1.933000,7
28,94,3.436000,14
28,95,2.005000,9
28,96,1.416000,12
29,1,3.377000,16
29,2,3.679000,12
29,3,3.360000,15
29,4,1.527000,11
29,5,0.773000,11
29,6,0.241000,11
29,7,2.672000,11
29,8,3.017000,11
29,9,3.030000,11
29,10,1.836000,11
29,11,1.131000,11
29,12,0.806000,11
29,13,2.572000,11
29,14,2.580000,11
29,15,1.269000,4
29,16,1.144000,4
29,17,1.188000,4
29,18,0.842000,4
29,19,1.403000,4
29,20,2.858000,11
29,21,1.513000,4
29,22,1.320000,4
29,23,1.455000,4
29,24,2.010000,11
29,25,1.399000,4
29,26,1.512000,4
29,27,1.365000,4
29,28,1.224000,4
29,29,2.479000,11
29,30,1.315000,4
29,31,1.245000,4
29,32,1.527000,4
29,33,2.486000,10
29,34,1.442000,4
29,35,2.795000,11
29,36,1.492000,11
29,37,2.818000,11
29,38,2.820000,11
29,39,2.551000,11
29,40,2.149000,11
29,41,1.466000,11
29,42,0.857000,11
29,43,2.629000,11
29,44,3.119000,11
29,45,2.484000,11
29,46,2.360000,11
29,47,0.964000,6
29,48,0.779000,6
29,49,1.464000,4
29,50,1.289000,4
29,51,1.838000,6
29,52,1.492000,4
29,53,1.311000,4
29,54,1.495000,4
29,55,1.472000,4
29,56,1.725000,5
29,57,2.513000,9
29,58,1.429000,4
29,59,1.447000,5
29,60,1.261000,5
29,61,1.689000,4
29,62,1.070000,4
29,63,1.518000,4
29,64,1.376000,4
29,65,1.432000,4
29,66,1.412000,4
29,67,1.291000,4
29,68,1.282000,4
29,69,1.295000,4
29,70,1.660000,4
29,71,1.619000,4
29,72,2.686000,11
29,73,2.010000,4
29,74,1.191000,4
29,75,1.476000,4
29,76,1.450000,4
29,77,1.284000,4
29,78,1.374000,4
29,79,1.059000,4
29,80,1.422000,4
29,81,0.983000,4
29,82,1.641000,4
29,83,1.206000,4
29,84,1.475000,4
29,85,1.730000,4
29,86,2.035000,5
29,87,1.569000,6
29,88,2.533000,13
29,89,2.832000,16
29,90,1.610000,15
29,91,2.162000,7
29,92,1.922000,7
29,93,2.269000,7
29,94,1.971000,7
29,95,2.218000,9
29,96,1.376000,13
30,1,2.964000,14
30,2,2.899000,13
30,3,3.168000,13
30,4,1.798000,11
30,5,1.264000,11
30,6,0.805000,11
30,7,2.953000,11
30,8,2.995000,11
30,9,2.323000,11
30,10,1.891000,11
30,11,1.498000,11
30,12,1.073000,11
30,13,2.519000,11
30,14,2.472000,11
30,15,1.240000,4
30,16,1.781000,6
30,17,1.107000,4
30,18,0.881000,4
30,19,1.343000,4
30,20,3.160000,11
30,21,1.528000,4
30,22,1.569000,5
30,23,1.050000,4
30,24,1.567000,11
30,25,1.466000,4
30,26,1.255000,4
30,27,1.441000,4
30,28,1.482000,4
30,29,2.560000,11
30,30,1.204000,4
30,31,1.200000,4
30,32,1.500000,4
30,33,2.547000,10
30,34,1.880000,5
30,35,2.410000,11
30,36,1.450000,11
30,37,2.280000,11
30,38,2.658000,11
30,39,2.828000,11
30,40,2.160000,11
30,41,1.291000,11
30,42,1.110000,11
30,43,2.907000,11
30,44,3.168000,11
30,45,2.780000,11
30,46,2.010000,11
30,47,0.929000,6
30,48,0.663000,6
30,49,1.415000,4
30,50,1.549000,4
30,51,2.538000,6
30,52,1.746000,4
30,53,1.366000,4
30,54,1.112000,4
30,55,1.866000,5
30,56,1.467000,4
30,57,2.266000,9
30,58,1.311000,4
30,59,1.444000,4
30,60,1.300000,5
30,61,1.132000,4
30,62,1.247000,4
30,63,1.365000,4
30,64,1.827000,4
30,65,1.462000,4
30,66,1.283000,4
30,67,1.642000,4
30,68,1.412000,4
30,69,1.137000,4
30,70,1.511000,4
30,71,1.430000,4
30,72,1.500000,10
30,73,1.220000,4
30,74,1.249000,4
30,75,1.509000,4
30,76,1.370000,4
30,77,1.084000,4
30,78,1.170000,4
30,79,1.359000,4
30,80,1.340000,4
30,81,1.443000,4
30,82,1.417000,4
30,83,1.714000,5
30,84,1.809000,6
30,85,1.157000,4
30,86,1.552000,5
30,87,4.660000,21
30,88,2.745000,14
30,89,1.839000,15
30,90,0.966000,16
30,91,2.043000,7
30,92,2.057000,7
30,93,1.784000,7
30,94,2.030000,7
30,95,3.138000,22
30,96,1.053000,12
31,1,2.804000,14
31,2,3.501000,15
31,3,2.749000,14
31,4,1.940000,12
31,5,1.068000,10
31,6,0.940000,11
31,7,3.064000,11
31,8,2.633000,11
31,9,2.790000,11
31,10,1.921000,11
31,11,1.492000,11
31,12,0.830000,11
31,13,2.618000,11
31,14,2.726000,11
31,15,2.015000,6
31,16,1.190000,4
31,17,1.188000,4
31,18,1.196000,6
31,19,1.392000,4
31,20,2.559000,11
31,21,1.980000,6
31,22,1.200000,4
31,23,1.615000,6
31,24,2.025000,11
31,25,1.075000,4
31,26,1.761000,5
31,27,1.351000,5
31,28,1.894000,5
31,29,2.272000,11
31,30,1.295000,6
31,31,2.046000,6
31,32,1.810000,6
31,33,2.540000,10
31,34,1.910000,6
31,35,1.942000,11
31,36,1.611000,11
31,37,2.813000,11
31,38,2.630000,11
31,39,2.446000,11
31,40,2.191000,11
31,41,1.611000,11
31,42,1.030000,13
31,43,3.025000,13
31,44,2.601000,10
31,45,2.450000,10
31,46,2.157000,10
31,47,1.230000,7
31,48,0.736000,6
31,49,1.601000,5
31,50,1.671000,5
31,51,2.214000,6
31,52,1.250000,5
31,53,1.601000,5
31,54,1.090000,5
31,55,2.096000,6
31,56,1.850000,6
31,57,2.540000,9
31,58,1.080000,4
31,59,0.668000,4
31,60,1.235000,7
31,61,1.338000,4
31,62,1.334000,4
31,63,1.396000,4
31,64,1.514000,4
31,65,1.212000,4
31,66,1.478000,4
31,67,1.618000,4
31,68,1.600000,4
31,69,1.301000,4
31,70,1.409000,4
31,71,1.222000,4
31,72,1.348000,6
31,73,2.190000,6
31,74,1.235000,4
31,75,1.129000,4
31,76,1.350000,4
31,77,1.040000,4
31,78,1.053000,4
31,79,1.559000,4
31,80,1.691000,4
31,81,1.212000,4
31,82,1.272000,4
31,83,1.352000,4
31,84,1.159000,4
31,85,1.799000,6
31,86,1.700000,6
31,87,3.398000,13
31,88,2.898000,14
31,89,1.850000,13
31,90,1.250000,15
31,91,4.159000,19
31,92,2.070000,7
31,93,2.368000,10
31,94,1.406000,7
31,95,2.279000,20
31,96,0.798000,14
32,1,2.997000,12
32,2,2.994000,13
32,3,3.370000,13
32,4,3.001000,15
32,5,1.385000,12
32,6,0.839000,13
32,7,2.694000,12
32,8,3.613000,11
32,9,2.904000,12
32,10,2.622000,12
32,11,1.612000,12
32,12,0.841000,13
32,13,2.849000,11
32,14,2.841000,11
32,15,1.853000,6
32,16,2.286000,6
32,17,1.855000,6
32,18,0.855000,6
32,19,1.560000,5
32,20,2.318000,11
32,21,1.940000,5
32,22,1.688000,6
32,23,1.639000,4
32,24,2.000000,11
32,25,1.991000,6
32,26,1.860000,6
32,27,2.004000,4
32,28,1.971000,5
32,29,2.620000,11
32,30,1.202000,5
32,31,1.842000,6
32,32,1.632000,6
32,33,2.558000,10
32,34,1.690000,5
32,35,2.990000,12
32,36,1.960000,12
32,37,2.849000,13
32,38,3.402000,12
32,39,2.930000,11
32,40,2.479000,12
32,41,1.781000,13
32,42,0.999000,13
32,43,2.642000,13
32,44,3.523000,13
32,45,3.198000,13
32,46,2.660000,14
32,47,1.395000,26
32,48,0.169000,9
32,49,2.160000,8
32,50,2.460000,8
32,51,2.923000,8
32,52,2.247000,7
32,53,1.777000,7
32,54,1.292000,7
32,55,2.153000,6
32,56,1.660000,6
32,57,2.315000,9
32,58,1.564000,5
32,59,1.830000,6
32,60,1.706000,6
32,61,1.330000,4
32,62,1.258000,4
32,63,1.401000,4
32,64,1.637000,4
32,65,1.678000,4
32,66,1.197000,4
32,67,1.322000,4
32,68,1.505000,4
32,69,1.439000,4
32,70,1.948000,4
32,71,1.462000,4
32,72,2.937000,10
32,73,1.990000,6
32,74,1.201000,4
32,75,1.830000,4
32,76,1.513000,4
32,77,1.769000,4
32,78,1.427000,4
32,79,1.359000,4
32,80,1.304000,4
32,81,1.435000,4
32,82,1.339000,4
32,83,1.774000,4
32,84,1.906000,6
32,85,1.558000,5
32,86,1.427000,5
32,87,3.200000,13
32,88,3.136000,14
32,89,2.658000,14
32,90,1.613000,12
32,91,2.280000,11
32,92,2.012000,7
32,93,2.826000,9
32,94,2.348000,7
32,95,3.278000,22
32,96,1.387000,13
33,1,3.136000,14
33,2,3.472000,12
33,3,2.840000,13
33,4,2.361000,15
33,5,1.541000,14
33,6,0.545000,13
33,7,3.517000,14
33,8,3.476000,13
33,9,2.447000,13
33,10,1.940000,12
33,11,1.195000,12
33,12,0.670000,12
33,13,2.697000,12
33,14,2.398000,12
33,15,1.642000,5
33,16,1.384000,5
33,17,1.599000,6
33,18,1.151000,5
33,19,1.675000,6
33,20,2.570000,12
33,21,1.265000,4
33,22,2.060000,6
33,23,1.261000,4
33,24,2.058000,12
33,25,1.535000,4
33,26,1.411000,4
33,27,1.265000,4
33,28,1.604000,5
33,29,2.540000,12
33,30,1.388000,5
33,31,1.765000,5
33,32,1.725000,6
33,33,2.237000,10
33,34,1.875000,5
33,35,1.529000,12
33,36,1.235000,12
33,37,2.967000,13
33,38,2.753000,14
33,39,2.802000,13
33,40,2.255000,13
33,41,1.483000,14
33,42,1.249000,14
33,43,3.317000,14
33,44,2.760000,13
33,45,2.902000,13
33,46,2.178000,12
33,47,1.304000,12
33,48,0.916000,9
33,49,2.177000,6
33,50,1.761000,6
33,51,1.996000,8
33,52,2.062000,7
33,53,1.420000,5
33,54,1.372000,7
33,55,2.125000,8
33,56,2.110000,7
33,57,3.051000,13
33,58,2.130000,7
33,59,1.551000,6
33,60,1.078000,7
33,61,1.451000,5
33,62,1.651000,5
33,63,1.426000,4
33,64,1.098000,4
33,65,1.444000,4
33,66,1.480000,4
33,67,1.521000,4
33,68,1.286000,4
33,69,1.161000,4
33,70,1.243000,4
33,71,1.178000,4
33,72,2.541000,10
33,73,1.604000,5
33,74,1.509000,4
33,75,1.463000,4
33,76,1.214000,4
33,77,1.214000,4
33,78,1.513000,4
33,79,1.397000,4
33,80,1.495000,4
33,81,1.358000,4
33,82,2.030000,6
33,83,1.510000,5
33,84,1.729000,6
33,85,1.755000,6
33,86,1.592000,6
33,87,2.810000,13
33,88,3.259000,16
33,89,1.710000,12
33,90,1.281000,13
33,91,1.916000,9
33,92,1.970000,7
33,93,2.073000,7
33,94,2.035000,7
33,95,3.614000,23
33,96,1.512000,14
34,1,3.638000,14
34,2,3.351000,13
34,3,3.719000,15
34,4,2.731000,15
34,5,1.328000,12
34,6,0.812000,12
34,7,3.124000,12
34,8,3.039000,12
34,9,3.027000,12
34,10,3.323000,15
34,11,1.559000,13
34,12,1.513000,13
34,13,3.076000,12
34,14,3.090000,12
34,15,1.891000,6
34,16,1.553000,5
34,17,1.480000,6
34,18,1.669000,6
34,19,2.380000,6
34,20,2.913000,12
34,21,1.645000,4
34,22,1.535000,4
34,23,1.214000,4
34,24,2.344000,12
34,25,1.553000,4
34,26,1.887000,4
34,27,1.272000,4
34,28,5.927000,25
34,29,2.373000,12
34,30,0.856000,4
34,31,2.651000,6
34,32,1.953000,5
34,33,2.879000,10
34,34,2.152000,6
34,35,2.798000,13
34,36,2.200000,14
34,37,3.759000,14
34,38,3.192000,14
34,39,2.898000,12
34,40,2.782000,12
34,41,1.678000,13
34,42,1.379000,13
34,43,3.557000,13
34,44,3.527000,13
34,45,3.440000,13
34,46,2.079000,11
34,47,2.081000,14
34,48,0.809000,6
34,49,2.110000,5
34,50,2.173000,7
34,51,6.209000,29
34,52,1.659000,8
34,53,1.625000,7
34,54,1.061000,7
34,55,2.391000,7
34,56,2.121000,6
34,57,4.809000,16
34,58,2.133000,8
34,59,1.550000,7
34,60,2.344000,21
34,61,2.357000,6
34,62,2.250000,6
34,63,1.932000,6
34,64,1.088000,4
34,65,1.707000,4
34,66,1.222000,4
34,67,1.553000,4
34,68,1.963000,4
34,69,1.382000,4
34,70,1.438000,4
34,71,1.284000,4
34,72,2.725000,10
34,73,1.555000,5
34,74,1.745000,4
34,75,1.283000,4
34,76,1.342000,4
34,77,1.485000,4
34,78,1.908000,4
34,79,1.335000,4
34,80,1.784000,4
34,81,1.708000,6
34,82,1.599000,5
34,83,1.907000,7
34,84,1.849000,7
34,85,2.933000,8
34,86,2.566000,7
34,87,3.407000,14
34,88,2.688000,17
34,89,1.774000,15
34,90,0.572000,12
34,91,2.778000,7
34,92,2.695000,7
34,93,2.160000,7
34,94,1.947000,7
34,95,2.603000,12
34,96,1.813000,14
35,1,3.015000,13
35,2,2.867000,13
35,3,3.370000,13
35,4,2.760000,16
35,5,1.727000,12
35,6,1.175000,12
35,7,3.400000,14
35,8,3.279000,13
35,9,2.956000,13
35,10,2.483000,12
35,11,1.803000,13
35,12,1.282000,15
35,13,3.400000,15
35,14,3.179000,13
35,15,1.872000,6
35,16,2.320000,7
35,17,1.369000,5
35,18,0.968000,5
35,19,1.225000,4
35,20,2.916000,12
35,21,1.503000,4
35,22,1.608000,4
35,23,1.576000,4
35,24,2.184000,12
35,25,1.470000,4
35,26,1.529000,4
35,27,1.108000,4
35,28,3.167000,12
35,29,2.768000,12
35,30,1.478000,4
35,31,1.709000,4
35,32,1.496000,4
35,33,2.599000,10
35,34,2.260000,6
35,35,3.082000,14
35,36,2.190000,14
35,37,3.024000,13
35,38,3.025000,13
35,39,2.872000,13
35,40,2.674000,13
35,41,1.970000,14
35,42,1.438000,14
35,43,3.023000,12
35,44,3.870000,13
35,45,2.873000,13
35,46,2.377000,13
35,47,1.382000,12
35,48,0.510000,8
35,49,2.205000,7
35,50,1.801000,7
35,51,3.302000,13
35,52,2.301000,7
35,53,1.612000,6
35,54,1.094000,6
35,55,2.805000,8
35,56,2.042000,7
35,57,5.226000,18
35,58,1.608000,7
35,59,1.052000,6
35,60,1.681000,13
35,61,1.925000,7
35,62,1.915000,6
35,63,1.612000,5
35,64,2.039000,6
35,65,1.942000,4
35,66,1.215000,4
35,67,1.313000,4
35,68,1.619000,4
35,69,1.362000,4
35,70,1.392000,4
35,71,1.690000,4
35,72,2.850000,10
35,73,1.465000,5
35,74,1.555000,4
35,75,1.734000,4
35,76,1.564000,4
35,77,1.388000,4
35,78,1.415000,4
35,79,2.009000,6
35,80,1.580000,6
35,81,1.981000,6
35,82,1.865000,7
35,83,1.975000,8
35,84,1.628000,7
35,85,2.583000,8
35,86,2.219000,7
35,87,3.200000,14
35,88,3.362000,17
35,89,2.466000,16
35,90,1.139000,17
35,91,2.332000,7
35,92,1.944000,7
35,93,1.992000,7
35,94,1.852000,7
35,95,3.735000,21
35,96,2.163000,14
36,1,2.769000,12
36,2,2.762000,11
36,3,4.248000,15
36,4,3.738000,15
36,5,2.540000,14
36,6,0.772000,13
36,7,2.967000,13
36,8,3.310000,13
36,9,3.247000,13
36,10,3.101000,14
36,11,2.170000,13
36,12,1.609000,14
36,13,3.757000,14
36,14,3.358000,14
36,15,1.965000,6
36,16,4.994000,26
36,17,1.980000,25
36,18,0.490000,26
36,19,5.912000,27
36,20,2.670000,12
36,21,1.585000,5
36,22,1.782000,5
36,23,1.408000,6
36,24,1.763000,11
36,25,1.358000,5
36,26,1.586000,5
36,27,1.722000,5
36,28,3.472000,14
36,29,2.870000,12
36,30,1.992000,5
36,31,1.659000,5
36,32,2.156000,6
36,33,3.450000,13
36,34,5.931000,26
36,35,2.835000,15
36,36,0.810000,14
36,37,2.978000,14
36,38,3.188000,15
36,39,3.943000,15
36,40,3.173000,13
36,41,1.930000,12
36,42,1.159000,12
36,43,3.389000,13
36,44,2.987000,12
36,45,3.048000,12
36,46,2.962000,11
36,47,2.239000,11
36,48,1.338000,8
36,49,2.558000,8
36,50,2.496000,8
36,51,2.657000,12
36,52,2.533000,8
36,53,2.754000,7
36,54,1.620000,7
36,55,2.071000,6
36,56,1.868000,7
36,57,3.376000,14
36,58,2.442000,7
36,59,2.168000,7
36,60,2.290000,15
36,61,2.082000,7
36,62,1.906000,7
36,63,2.044000,7
36,64,2.083000,7
36,65,1.768000,5
36,66,1.443000,6
36,67,1.629000,6
36,68,1.649000,6
36,69,2.118000,6
36,70,2.155000,6
36,71,1.823000,6
36,72,2.990000,11
36,73,5.651000,26
36,74,1.830000,6
36,75,1.789000,5
36,76,1.680000,6
36,77,1.899000,6
36,78,1.287000,5
36,79,1.914000,6
36,80,1.902000,6
36,81,1.990000,6
36,82,2.345000,7
36,83,2.383000,8
36,84,2.200000,7
36,85,2.521000,8
36,86,2.755000,9
36,87,2.694000,10
36,88,3.893000,15
36,89,2.280000,12
36,90,1.278000,7
36,91,2.397000,7
36,92,2.468000,7
36,93,2.390000,11
36,94,2.142000,7
36,95,3.700000,15
36,96,2.685000,14
37,1,2.675000,12
37,2,2.792000,11
37,3,3.133000,12
37,4,3.740000,13
37,5,2.666000,14
37,6,1.680000,13
37,7,3.056000,14
37,8,3.381000,13
37,9,3.744000,13
37,10,2.960000,13
37,11,2.379000,13
37,12,1.409000,13
37,13,4.083000,16
37,14,3.116000,14
37,15,5.684000,24
37,16,2.393000,15
37,17,1.673000,13
37,18,0.650000,14
37,19,3.298000,13
37,20,3.342000,13
37,21,2.272000,6
37,22,1.788000,5
37,23,1.611000,5
37,24,2.635000,13
37,25,1.509000,5
37,26,1.720000,5
37,27,1.550000,5
37,28,3.103000,13
37,29,3.534000,13
37,30,1.771000,6
37,31,2.651000,8
37,32,5.918000,28
37,33,4.361000,16
37,34,2.515000,15
37,35,1.785000,15
37,36,0.481000,15
37,37,4.114000,16
37,38,3.070000,14
37,39,3.596000,14
37,40,3.172000,13
37,41,1.794000,12
37,42,1.408000,12
37,43,3.544000,12
37,44,2.789000,12
37,45,3.308000,11
37,46,2.542000,11
37,47,2.413000,10
37,48,2.380000,26
37,49,2.244000,7
37,50,1.971000,7
37,51,2.476000,10
37,52,2.286000,8
37,53,2.715000,7
37,54,1.877000,7
37,55,2.677000,7
37,56,2.542000,7
37,57,2.622000,11
37,58,2.306000,7
37,59,2.157000,7
37,60,2.032000,12
37,61,1.955000,7
37,62,2.221000,7
37,63,2.765000,8
37,64,2.653000,7
37,65,2.148000,6
37,66,1.711000,6
37,67,1.735000,5
37,68,2.017000,5
37,69,1.988000,5
37,70,2.008000,5
37,71,1.987000,5
37,72,3.547000,11
37,73,3.332000,11
37,74,1.687000,5
37,75,1.726000,5
37,76,1.432000,5
37,77,1.903000,5
37,78,2.670000,7
37,79,1.969000,7
37,80,2.320000,7
37,81,2.657000,7
37,82,2.377000,7
37,83,2.460000,8
37,84,1.774000,7
37,85,5.044000,24
37,86,6.461000,22
37,87,2.461000,13
37,88,1.829000,11
37,89,0.960000,7
37,90,0.400000,9
37,91,2.267000,7
37,92,2.535000,7
37,93,2.490000,10
37,94,2.638000,7
37,95,4.288000,18
37,96,1.750000,14
38,1,2.801000,12
38,2,2.671000,11
38,3,3.747000,12
38,4,3.081000,14
38,5,2.689000,13
38,6,1.954000,10
38,7,3.232000,11
38,8,3.812000,14
38,9,4.369000,14
38,10,2.867000,12
38,11,2.732000,12
38,12,1.235000,14
38,13,3.549000,13
38,14,4.036000,15
38,15,3.770000,15
38,16,3.734000,15
38,17,2.537000,15
38,18,0.815000,14
38,19,3.471000,14
38,20,3.247000,13
38,21,1.973000,7
38,22,2.272000,6
38,23,2.522000,5
38,24,2.468000,16
38,25,1.602000,5
38,26,2.127000,5
38,27,2.261000,6
38,28,3.461000,13
38,29,3.342000,13
38,30,2.178000,7
38,31,5.736000,27
38,32,4.203000,16
38,33,3.126000,13
38,34,2.715000,14
38,35,2.161000,14
38,36,0.597000,16
38,37,3.751000,14
38,38,3.777000,16
38,39,3.597000,13
38,40,3.643000,12
38,41,2.689000,13
38,42,0.885000,12
38,43,2.798000,11
38,44,2.492000,10
38,45,2.799000,10
38,46,2.684000,10
38,47,2.774000,9
38,48,1.868000,10
38,49,2.597000,7
38,50,2.354000,7
38,51,2.488000,8
38,52,1.621000,4
38,53,2.362000,8
38,54,2.610000,8
38,55,2.798000,8
38,56,2.491000,7
38,57,3.470000,11
38,58,2.935000,8
38,59,2.187000,7
38,60,2.688000,12
38,61,2.180000,7
38,62,2.231000,7
38,63,2.514000,7
38,64,2.880000,8
38,65,2.032000,6
38,66,1.870000,6
38,67,2.098000,6
38,68,2.194000,6
38,69,2.201000,6
38,70,5.405000,24
38,71,1.723000,5
38,72,2.529000,11
38,73,3.408000,11
38,74,1.802000,6
38,75,2.244000,6
38,76,2.119000,6
38,77,2.474000,7
38,78,4.690000,25
38,79,5.495000,25
38,80,2.771000,7
38,81,2.850000,8
38,82,2.007000,7
38,83,2.271000,8
38,84,1.959000,8
38,85,3.600000,14
38,86,3.473000,16
38,87,3.393000,13
38,88,2.735000,11
38,89,1.752000,7
38,90,2.350000,11
38,91,2.629000,7
38,92,2.321000,7
38,93,2.741000,10
38,94,2.175000,7
38,95,3.811000,15
38,96,2.748000,14
39,1,2.466000,12
39,2,3.448000,12
39,3,2.965000,12
39,4,1.931000,7
39,5,3.394000,13
39,6,2.896000,13
39,7,1.973000,10
39,8,3.084000,10
39,9,3.128000,11
39,10,3.277000,12
39,11,3.171000,12
39,12,2.834000,15
39,13,2.975000,13
39,14,4.140000,16
39,15,3.375000,13
39,16,3.240000,14
39,17,2.834000,15
39,18,1.752000,14
39,19,3.190000,14
39,20,3.057000,14
39,21,1.830000,6
39,22,6.241000,28
39,23,3.685000,28
39,24,0.734000,16
39,25,2.369000,5
39,26,5.701000,28
39,27,1.400000,5
39,28,3.512000,14
39,29,2.813000,13
39,30,2.793000,28
39,31,3.204000,15
39,32,3.960000,15
39,33,3.296000,14
39,34,3.500000,15
39,35,2.983000,14
39,36,0.811000,15
39,37,3.116000,12
39,38,3.292000,11
39,39,3.220000,13
39,40,3.055000,10
39,41,2.863000,10
39,42,2.038000,10
39,43,2.455000,10
39,44,2.651000,10
39,45,2.362000,8
39,46,2.333000,8
39,47,2.312000,9
39,48,1.952000,8
39,49,2.059000,7
39,50,2.178000,7
39,51,2.142000,7
39,52,1.367000,4
39,53,1.973000,8
39,54,2.640000,7
39,55,2.945000,8
39,56,2.900000,8
39,57,2.790000,10
39,58,2.602000,7
39,59,2.610000,8
39,60,3.366000,15
39,61,2.457000,7
39,62,2.253000,7
39,63,3.137000,8
39,64,2.458000,8
39,65,2.055000,7
39,66,4.406000,25
39,67,5.716000,25
39,68,1.774000,6
39,69,4.751000,25
39,70,3.116000,12
39,71,1.694000,6
39,72,1.230000,12
39,73,3.646000,13
39,74,2.308000,6
39,75,1.690000,6
39,76,2.130000,6
39,77,4.602000,25
39,78,2.707000,14
39,79,3.605000,15
39,80,2.472000,7
39,81,2.299000,7
39,82,2.484000,8
39,83,2.381000,8
39,84,2.267000,8
39,85,3.166000,14
39,86,4.319000,14
39,87,3.830000,17
39,88,3.394000,15
39,89,1.470000,7
39,90,1.239000,7
39,91,2.184000,7
39,92,3.212000,7
39,93,1.843000,7
39,94,1.706000,7
39,95,2.851000,8
39,96,3.524000,14
40,1,3.212000,13
40,2,3.153000,11
40,3,2.524000,12
40,4,2.804000,12
40,5,4.257000,16
40,6,2.070000,11
40,7,3.999000,14
40,8,4.002000,14
40,9,3.686000,13
40,10,3.288000,13
40,11,3.018000,12
40,12,2.186000,11
40,13,3.142000,11
40,14,3.617000,14
40,15,3.116000,13
40,16,3.718000,14
40,17,2.880000,13
40,18,1.718000,15
40,19,4.828000,17
40,20,2.750000,11
40,21,1.990000,6
40,22,3.584000,13
40,23,3.670000,16
40,24,3.322000,16
40,25,6.332000,28
40,26,4.399000,17
40,27,2.139000,6
40,28,3.329000,14
40,29,3.123000,17
40,30,2.233000,13
40,31,4.580000,15
40,32,4.000000,15
40,33,3.669000,15
40,34,3.734000,16
40,35,2.717000,14
40,36,2.287000,12
40,37,3.642000,13
40,38,3.329000,12
40,39,2.492000,10
40,40,3.237000,10
40,41,3.652000,10
40,42,2.323000,10
40,43,2.830000,10
40,44,3.903000,11
40,45,2.380000,10
40,46,2.393000,8
40,47,2.800000,9
40,48,2.370000,10
40,49,2.820000,7
40,50,2.793000,7
40,51,2.417000,10
40,52,1.771000,4
40,53,3.336000,8
40,54,2.504000,7
40,55,2.622000,8
40,56,2.050000,4
40,57,2.767000,10
40,58,1.679000,6
40,59,2.831000,8
40,60,3.084000,12
40,61,5.834000,26
40,62,2.280000,7
40,63,2.659000,8
40,64,5.485000,28
40,65,4.846000,27
40,66,1.087000,13
40,67,4.020000,12
40,68,5.462000,26
40,69,4.889000,16
40,70,2.766000,14
40,71,4.631000,30
40,72,0.516000,12
40,73,4.518000,14
40,74,5.978000,25
40,75,5.525000,21
40,76,4.092000,22
40,77,1.857000,14
40,78,0.400000,15
40,79,4.601000,16
40,80,3.117000,8
40,81,7.138000,26
40,82,1.873000,8
40,83,2.098000,9
40,84,3.285000,25
40,85,5.636000,19
40,86,3.363000,14
40,87,3.221000,11
40,88,3.127000,16
40,89,2.090000,11
40,90,1.974000,7
40,91,2.118000,7
40,92,2.231000,7
40,93,1.919000,7
40,94,2.167000,8
40,95,2.736000,8
40,96,4.276000,14
41,1,2.978000,13
41,2,2.941000,10
41,3,3.165000,12
41,4,2.813000,10
41,5,3.201000,12
41,6,2.249000,10
41,7,3.155000,10
41,8,3.148000,10
41,9,3.501000,11
41,10,2.897000,11
41,11,2.765000,11
41,12,2.358000,10
41,13,2.969000,11
41,14,2.752000,12
41,15,3.720000,13
41,16,3.466000,14
41,17,3.034000,14
41,18,2.174000,14
41,19,3.750000,15
41,20,5.571000,19
41,21,1.985000,6
41,22,3.721000,14
41,23,3.122000,17
41,24,1.337000,17
41,25,5.552000,23
41,26,3.940000,14
41,27,1.647000,5
41,28,3.599000,15
41,29,3.243000,18
41,30,0.985000,17
41,31,3.782000,15
41,32,3.570000,14
41,33,3.933000,15
41,34,3.635000,14
41,35,2.629000,15
41,36,1.168000,9
41,37,2.391000,8
41,38,2.433000,8
41,39,2.872000,10
41,40,2.532000,8
41,41,2.780000,10
41,42,3.050000,10
41,43,2.970000,10
41,44,2.452000,10
41,45,2.793000,10
41,46,3.051000,10
41,47,2.847000,9
41,48,2.430000,10
41,49,2.506000,7
41,50,1.905000,7
41,51,3.142000,10
41,52,2.537000,6
41,53,1.651000,4
41,54,1.698000,4
41,55,1.439000,4
41,56,1.743000,4
41,57,3.009000,10
41,58,1.725000,6
41,59,2.289000,6
41,60,3.741000,12
41,61,2.767000,11
41,62,2.050000,8
41,63,6.308000,27
41,64,4.070000,14
41,65,2.504000,12
41,66,1.489000,13
41,67,2.979000,13
41,68,2.698000,12
41,69,3.654000,11
41,70,3.612000,11
41,71,3.012000,12
41,72,2.273000,11
41,73,3.217000,11
41,74,4.090000,17
41,75,2.729000,11
41,76,3.883000,14
41,77,3.460000,16
41,78,1.852000,14
41,79,3.693000,15
41,80,2.730000,7
41,81,4.799000,20
41,82,2.731000,9
41,83,3.941000,21
41,84,1.191000,9
41,85,2.572000,9
41,86,3.650000,12
41,87,3.575000,12
41,88,5.574000,21
41,89,2.428000,10
41,90,1.133000,7
41,91,1.620000,6
41,92,2.710000,7
41,93,2.012000,7
41,94,1.996000,7
41,95,2.538000,8
41,96,3.828000,14
42,1,3.220000,13
42,2,3.669000,11
42,3,3.247000,12
42,4,4.098000,14
42,5,3.955000,20
42,6,0.859000,10
42,7,2.500000,10
42,8,2.646000,10
42,9,2.709000,10
42,10,2.665000,10
42,11,2.870000,10
42,12,3.048000,10
42,13,2.703000,10
42,14,3.343000,10
42,15,2.802000,11
42,16,3.472000,13
42,17,3.480000,13
42,18,2.685000,15
42,19,3.823000,15
42,20,2.493000,11
42,21,7.237000,30
42,22,3.828000,17
42,23,1.760000,20
42,24,0.312000,21
42,25,4.427000,17
42,26,4.319000,17
42,27,2.002000,6
42,28,4.884000,19
42,29,2.208000,11
42,30,0.846000,15
42,31,3.331000,14
42,32,2.962000,12
42,33,3.449000,13
42,34,2.650000,10
42,35,2.738000,11
42,36,1.259000,10
42,37,2.393000,8
42,38,1.988000,8
42,39,2.974000,11
42,40,2.122000,8
42,41,3.565000,10
42,42,2.672000,10
42,43,2.924000,10
42,44,3.590000,10
42,45,3.682000,10
42,46,2.782000,10
42,47,2.350000,9
42,48,2.377000,10
42,49,2.251000,7
42,50,2.510000,6
42,51,3.009000,11
42,52,2.079000,6
42,53,1.298000,4
42,54,2.067000,4
42,55,1.755000,4
42,56,1.642000,4
42,57,2.798000,10
42,58,1.991000,6
42,59,2.140000,6
42,60,2.620000,6
42,61,2.913000,9
42,62,1.360000,4
42,63,3.259000,12
42,64,3.938000,15
42,65,3.210000,13
42,66,2.736000,12
42,67,3.287000,11
42,68,3.618000,13
42,69,3.075000,11
42,70,3.320000,13
42,71,2.904000,11
42,72,2.200000,12
42,73,3.076000,11
42,74,3.307000,13
42,75,2.642000,9
42,76,3.052000,12
42,77,2.764000,13
42,78,3.049000,14
42,79,3.823000,14
42,80,2.869000,8
42,81,3.649000,14
42,82,1.527000,4
42,83,2.425000,7
42,84,2.813000,10
42,85,2.715000,9
42,86,3.380000,12
42,87,2.977000,12
42,88,4.519000,15
42,89,2.666000,12
42,90,1.719000,7
42,91,2.098000,6
42,92,2.430000,7
42,93,2.860000,7
42,94,2.216000,7
42,95,2.531000,8
42,96,2.654000,14
43,1,3.811000,13
43,2,2.853000,11
43,3,3.435000,12
43,4,2.682000,11
43,5,2.938000,12
43,6,2.056000,10
43,7,3.202000,10
43,8,3.031000,10
43,9,3.365000,10
43,10,2.404000,10
43,11,2.575000,10
43,12,1.920000,10
43,13,3.316000,11
43,14,3.302000,10
43,15,2.484000,8
43,16,3.440000,13
43,17,2.751000,12
43,18,2.135000,13
43,19,3.553000,15
43,20,3.193000,11
43,21,4.917000,18
43,22,4.428000,20
43,23,2.343000,24
43,24,0.354000,21
43,25,4.545000,20
43,26,5.451000,21
43,27,1.714000,5
43,28,4.718000,19
43,29,2.053000,17
43,30,0.433000,13
43,31,4.022000,15
43,32,4.435000,16
43,33,3.290000,12
43,34,2.268000,10
43,35,2.078000,11
43,36,1.100000,10
43,37,2.196000,8
43,38,2.233000,8
43,39,2.660000,11
43,40,2.698000,8
43,41,3.272000,10
43,42,2.505000,10
43,43,3.200000,10
43,44,2.338000,10
43,45,3.218000,10
43,46,2.995000,10
43,47,2.866000,9
43,48,2.061000,10
43,49,1.803000,6
43,50,2.512000,6
43,51,2.650000,10
43,52,1.710000,6
43,53,1.513000,4
43,54,1.372000,4
43,55,1.389000,4
43,56,1.468000,4
43,57,2.611000,10
43,58,2.383000,6
43,59,2.055000,6
43,60,1.639000,6
43,61,2.348000,7
43,62,1.220000,4
43,63,2.088000,7
43,64,3.250000,10
43,65,3.150000,12
43,66,3.710000,19
43,67,3.632000,13
43,68,4.203000,16
43,69,3.163000,13
43,70,3.807000,13
43,71,2.211000,13
43,72,1.497000,15
43,73,3.658000,13
43,74,2.514000,12
43,75,3.240000,11
43,76,3.141000,11
43,77,3.300000,14
43,78,1.161000,14
43,79,3.501000,14
43,80,4.782000,24
43,81,2.097000,7
43,82,1.719000,4
43,83,2.150000,7
43,84,2.377000,9
43,85,2.646000,9
43,86,2.622000,12
43,87,3.630000,13
43,88,4.027000,15
43,89,2.966000,12
43,90,1.436000,7
43,91,2.000000,6
43,92,2.087000,6
43,93,2.243000,7
43,94,2.132000,7
43,95,2.546000,8
43,96,3.210000,14
44,1,2.708000,13
44,2,3.094000,11
44,3,3.079000,11
44,4,2.860000,10
44,5,3.119000,12
44,6,1.807000,10
44,7,2.482000,10
44,8,2.848000,10
44,9,3.271000,10
44,10,2.525000,10
44,11,3.113000,10
44,12,2.179000,10
44,13,3.191000,11
44,14,3.316000,10
44,15,2.952000,10
44,16,2.837000,9
44,17,3.262000,13
44,18,1.835000,13
44,19,4.418000,19
44,20,4.470000,18
44,21,3.240000,10
44,22,3.268000,14
44,23,2.210000,20
44,24,0.470000,18
44,25,2.964000,14
44,26,4.993000,19
44,27,2.390000,5
44,28,3.503000,16
44,29,3.165000,17
44,30,1.057000,20
44,31,3.819000,15
44,32,3.887000,13
44,33,3.190000,12
44,34,2.874000,10
44,35,2.392000,10
44,36,1.362000,11
44,37,1.871000,8
44,38,2.270000,8
44,39,2.813000,8
44,40,2.274000,8
44,41,3.318000,10
44,42,2.659000,10
44,43,2.424000,10
44,44,2.954000,10
44,45,3.161000,10
44,46,2.943000,11
44,47,2.321000,9
44,48,2.304000,11
44,49,1.473000,5
44,50,1.908000,5
44,51,2.061000,7
44,52,1.947000,6
44,53,1.756000,4
44,54,1.818000,4
44,55,1.372000,4
44,56,1.340000,4
44,57,3.034000,10
44,58,2.141000,6
44,59,1.964000,6
44,60,1.791000,7
44,61,2.552000,10
44,62,1.886000,4
44,63,2.659000,8
44,64,2.339000,7
44,65,3.966000,13
44,66,3.327000,13
44,67,3.463000,13
44,68,3.293000,12
44,69,2.883000,13
44,70,3.452000,13
44,71,2.890000,14
44,72,1.670000,13
44,73,2.964000,13
44,74,3.859000,12
44,75,2.655000,7
44,76,4.002000,15
44,77,3.013000,13
44,78,1.340000,15
44,79,3.245000,15
44,80,3.507000,12
44,81,3.118000,13
44,82,1.261000,4
44,83,2.616000,7
44,84,2.542000,10
44,85,2.155000,9
44,86,3.245000,12
44,87,2.732000,9
44,88,3.706000,13
44,89,2.659000,10
44,90,1.992000,7
44,91,1.750000,6
44,92,2.225000,7
44,93,2.330000,7
44,94,2.265000,8
44,95,2.732000,8
44,96,3.582000,14
45,1,3.620000,15
45,2,3.159000,11
45,3,3.401000,12
45,4,2.314000,9
45,5,3.924000,12
45,6,2.181000,10
45,7,2.953000,10
45,8,2.490000,10
45,9,3.368000,10
45,10,3.541000,10
45,11,2.966000,10
45,12,2.808000,10
45,13,3.233000,10
45,14,4.202000,11
45,15,2.943000,10
45,16,3.149000,11
45,17,3.674000,13
45,18,1.969000,17
45,19,3.922000,15
45,20,2.818000,11
45,21,2.612000,10
45,22,4.387000,17
45,23,4.815000,21
45,24,0.994000,15
45,25,3.462000,14
45,26,5.031000,17
45,27,6.499000,28
45,28,3.362000,14
45,29,1.281000,15
45,30,0.582000,19
45,31,3.062000,13
45,32,3.582000,13
45,33,3.108000,12
45,34,2.976000,10
45,35,3.298000,10
45,36,2.134000,9
45,37,3.350000,11
45,38,2.301000,8
45,39,3.083000,10
45,40,2.276000,8
45,41,2.881000,10
45,42,3.314000,10
45,43,3.350000,10
45,44,2.831000,10
45,45,2.939000,10
45,46,2.861000,10
45,47,2.939000,9
45,48,2.889000,10
45,49,2.109000,5
45,50,1.981000,5
45,51,2.123000,7
45,52,1.535000,6
45,53,1.401000,4
45,54,1.240000,4
45,55,1.483000,4
45,56,1.600000,4
45,57,2.768000,10
45,58,2.130000,6
45,59,2.154000,6
45,60,1.441000,7
45,61,1.954000,7
45,62,2.288000,6
45,63,1.942000,7
45,64,2.308000,8
45,65,2.434000,7
45,66,2.912000,13
45,67,5.602000,21
45,68,3.188000,13
45,69,2.633000,13
45,70,4.573000,13
45,71,2.339000,14
45,72,0.966000,14
45,73,3.792000,15
45,74,3.897000,12
45,75,2.490000,11
45,76,3.004000,10
45,77,4.195000,15
45,78,1.926000,14
45,79,3.230000,12
45,80,3.144000,12
45,81,2.621000,7
45,82,1.312000,4
45,83,1.973000,7
45,84,3.031000,9
45,85,2.952000,9
45,86,3.182000,12
45,87,2.854000,9
45,88,3.191000,13
45,89,2.578000,7
45,90,2.345000,8
45,91,2.306000,6
45,92,2.670000,7
45,93,2.122000,7
45,94,2.483000,7
45,95,2.029000,8
45,96,4.131000,14
46,1,2.859000,13
46,2,3.209000,11
46,3,3.944000,12
46,4,3.631000,13
46,5,3.332000,12
46,6,2.286000,10
46,7,3.091000,10
46,8,3.434000,10
46,9,2.710000,10
46,10,3.351000,10
46,11,2.998000,10
46,12,1.792000,10
46,13,3.088000,11
46,14,3.340000,11
46,15,2.838000,10
46,16,3.432000,9
46,17,3.044000,10
46,18,2.621000,12
46,19,4.168000,15
46,20,4.300000,18
46,21,2.961000,11
46,22,3.914000,15
46,23,4.268000,19
46,24,0.462000,14
46,25,4.136000,15
46,26,3.578000,14
46,27,4.431000,16
46,28,3.830000,14
46,29,2.709000,12
46,30,1.288000,15
46,31,3.090000,12
46,32,3.973000,13
46,33,4.442000,12
46,34,2.980000,10
46,35,3.281000,11
46,36,1.259000,9
46,37,2.904000,8
46,38,2.969000,8
46,39,2.804000,10
46,40,2.114000,9
46,41,4.301000,11
46,42,2.678000,10
46,43,2.590000,10
46,44,3.037000,10
46,45,2.948000,10
46,46,2.731000,10
46,47,3.205000,9
46,48,3.135000,10
46,49,1.719000,5
46,50,1.598000,5
46,51,3.335000,10
46,52,2.151000,6
46,53,1.572000,4
46,54,2.050000,4
46,55,1.519000,4
46,56,1.686000,4
46,57,2.849000,10
46,58,2.101000,6
46,59,1.415000,6
46,60,2.654000,7
46,61,2.545000,10
46,62,2.024000,6
46,63,2.470000,8
46,64,2.199000,7
46,65,2.745000,8
46,66,3.719000,11
46,67,2.767000,10
46,68,3.056000,12
46,69,3.003000,12
46,70,3.312000,13
46,71,4.180000,14
46,72,2.877000,15
46,73,3.597000,13
46,74,3.533000,12
46,75,2.804000,9
46,76,4.337000,13
46,77,2.893000,13
46,78,2.020000,13
46,79,3.339000,13
46,80,3.719000,12
46,81,3.979000,14
46,82,1.567000,4
46,83,2.421000,7
46,84,2.925000,10
46,85,2.537000,9
46,86,2.729000,12
46,87,3.560000,13
46,88,3.731000,14
46,89,2.139000,8
46,90,2.346000,8
46,91,2.147000,6
46,92,2.025000,7
46,93,2.379000,7
46,94,2.513000,7
46,95,2.708000,8
46,96,3.306000,14
47,1,3.406000,13
47,2,2.631000,11
47,3,2.818000,12
47,4,2.273000,13
47,5,2.388000,12
47,6,1.112000,10
47,7,3.420000,10
47,8,2.142000,10
47,9,2.572000,10
47,10,2.064000,10
47,11,1.543000,10
47,12,1.826000,10
47,13,3.589000,10
47,14,2.598000,10
47,15,1.883000,10
47,16,2.161000,11
47,17,2.076000,11
47,18,1.711000,12
47,19,3.974000,14
47,20,2.204000,11
47,21,2.489000,12
47,22,2.452000,14
47,23,2.891000,22
47,24,0.637000,15
47,25,3.587000,12
47,26,2.398000,12
47,27,2.990000,13
47,28,3.068000,16
47,29,2.160000,13
47,30,0.692000,12
47,31,3.774000,12
47,32,2.353000,13
47,33,2.764000,12
47,34,2.041000,10
47,35,1.736000,10
47,36,1.385000,10
47,37,3.965000,11
47,38,1.740000,8
47,39,2.066000,10
47,40,2.114000,8
47,41,1.798000,10
47,42,1.919000,11
47,43,3.781000,11
47,44,3.029000,10
47,45,2.138000,10
47,46,2.130000,10
47,47,1.826000,9
47,48,1.503000,10
47,49,2.315000,5
47,50,1.650000,5
47,51,2.342000,11
47,52,1.244000,6
47,53,1.117000,4
47,54,0.652000,4
47,55,1.854000,4
47,56,2.083000,4
47,57,2.569000,10
47,58,1.540000,6
47,59,1.579000,6
47,60,1.643000,7
47,61,2.696000,7
47,62,1.637000,6
47,63,1.715000,7
47,64,1.888000,8
47,65,1.746000,7
47,66,2.724000,14
47,67,3.587000,12
47,68,2.632000,14
47,69,2.283000,12
47,70,2.629000,14
47,71,1.973000,12
47,72,1.455000,12
47,73,3.691000,13
47,74,2.465000,13
47,75,1.930000,9
47,76,2.386000,10
47,77,2.519000,16
47,78,1.618000,13
47,79,4.180000,13
47,80,2.860000,13
47,81,1.469000,7
47,82,1.197000,4
47,83,1.211000,7
47,84,0.641000,9
47,85,3.217000,9
47,86,2.132000,12
47,87,2.189000,9
47,88,2.701000,13
47,89,1.943000,10
47,90,1.756000,8
47,91,2.787000,6
47,92,1.988000,7
47,93,2.028000,7
47,94,1.649000,7
47,95,2.296000,8
47,96,2.129000,14
48,1,2.077000,13
48,2,2.059000,11
48,3,2.799000,12
48,4,2.094000,13
48,5,2.319000,12
48,6,1.702000,10
48,7,2.367000,10
48,8,1.910000,10
48,9,2.481000,10
48,10,2.009000,10
48,11,2.059000,10
48,12,1.821000,10
48,13,2.700000,11
48,14,2.983000,11
48,15,2.003000,10
48,16,2.121000,11
48,17,2.392000,13
48,18,0.375000,12
48,19,3.174000,15
48,20,2.491000,12
48,21,2.173000,9
48,22,2.677000,14
48,23,2.543000,21
48,24,0.264000,7
48,25,1.931000,7
48,26,1.714000,7
48,27,1.584000,8
48,28,2.760000,11
48,29,1.941000,11
48,30,1.901000,12
48,31,1.927000,12
48,32,2.663000,13
48,33,2.680000,12
48,34,2.094000,10
48,35,2.126000,10
48,36,1.554000,10
48,37,1.719000,8
48,38,2.139000,11
48,39,2.134000,10
48,40,2.421000,10
48,41,2.356000,10
48,42,1.865000,8
48,43,2.349000,10
48,44,2.439000,10
48,45,2.729000,10
48,46,1.843000,10
48,47,2.029000,9
48,48,1.428000,11
48,49,1.054000,5
48,50,1.710000,5
48,51,1.791000,10
48,52,1.470000,6
48,53,1.141000,4
48,54,0.876000,4
48,55,0.815000,4
48,56,1.328000,4
48,57,2.099000,10
48,58,2.071000,6
48,59,1.483000,6
48,60,1.330000,7
48,61,1.925000,10
48,62,1.841000,6
48,63,1.709000,8
48,64,1.777000,7
48,65,3.059000,16
48,66,2.433000,12
48,67,2.801000,15
48,68,2.103000,12
48,69,2.361000,13
48,70,2.445000,14
48,71,1.871000,13
48,72,1.276000,13
48,73,2.932000,13
48,74,2.638000,13
48,75,1.691000,8
48,76,2.230000,8
48,77,3.280000,17
48,78,0.909000,13
48,79,2.387000,13
48,80,2.320000,12
48,81,2.678000,13
48,82,0.768000,4
48,83,1.678000,7
48,84,1.740000,10
48,85,1.667000,9
48,86,2.424000,12
48,87,2.371000,11
48,88,2.687000,15
48,89,2.332000,13
48,90,1.562000,10
48,91,1.339000,6
48,92,1.643000,7
48,93,1.667000,7
48,94,1.421000,7
48,95,1.570000,8
48,96,2.235000,14
49,1,2.332000,13
49,2,2.578000,11
49,3,2.486000,12
49,4,2.217000,13
49,5,2.323000,12
49,6,0.998000,10
49,7,2.397000,10
49,8,2.362000,10
49,9,1.749000,10
49,10,2.292000,10
49,11,2.241000,10
49,12,1.406000,10
49,13,1.644000,10
49,14,2.225000,10
49,15,2.407000,10
49,16,2.455000,9
49,17,2.150000,10
49,18,1.731000,12
49,19,2.548000,14
49,20,2.190000,10
49,21,3.054000,14
49,22,1.630000,7
49,23,2.233000,16
49,24,0.175000,7
49,25,1.688000,7
49,26,1.719000,7
49,27,2.082000,7
49,28,2.560000,16
49,29,2.023000,13
49,30,2.143000,12
49,31,2.482000,12
49,32,2.962000,13
49,33,2.050000,12
49,34,2.168000,10
49,35,1.908000,10
49,36,0.928000,9
49,37,2.272000,11
49,38,1.955000,8
49,39,2.488000,12
49,40,1.994000,8
49,41,1.509000,10
49,42,2.060000,10
49,43,2.552000,10
49,44,2.008000,10
49,45,2.508000,11
49,46,1.757000,10
49,47,2.040000,9
49,48,1.639000,10
49,49,1.162000,5
49,50,1.612000,5
49,51,1.983000,7
49,52,1.792000,6
49,53,1.158000,4
49,54,1.023000,4
49,55,1.296000,4
49,56,1.189000,4
49,57,2.408000,10
49,58,1.238000,6
49,59,1.653000,6
49,60,1.205000,7
49,61,1.297000,7
49,62,1.230000,6
49,63,1.730000,7
49,64,1.800000,8
49,65,1.765000,7
49,66,2.647000,12
49,67,1.922000,9
49,68,2.678000,14
49,69,2.389000,13
49,70,2.146000,13
49,71,2.112000,13
49,72,1.482000,14
49,73,2.760000,13
49,74,2.811000,13
49,75,1.632000,9
49,76,1.973000,9
49,77,1.936000,11
49,78,1.552000,13
49,79,2.352000,13
49,80,3.130000,13
49,81,1.917000,7
49,82,1.250000,4
49,83,1.789000,7
49,84,1.620000,9
49,85,1.938000,9
49,86,2.061000,12
49,87,2.634000,13
49,88,2.692000,13
49,89,2.045000,11
49,90,1.421000,10
49,91,1.881000,7
49,92,1.874000,7
49,93,1.747000,7
49,94,1.465000,7
49,95,1.844000,8
49,96,2.564000,14
50,1,2.206000,13
50,2,2.466000,11
50,3,2.364000,12
50,4,2.162000,13
50,5,2.525000,12
50,6,1.219000,10
50,7,2.102000,10
50,8,2.090000,10
50,9,2.601000,10
50,10,1.860000,10
50,11,1.869000,10
50,12,2.133000,10
50,13,1.848000,8
50,14,2.718000,11
50,15,2.360000,10
50,16,2.109000,11
50,17,1.849000,11
50,18,1.712000,12
50,19,2.957000,15
50,20,2.602000,13
50,21,2.182000,10
50,22,1.660000,7
50,23,2.589000,16
50,24,0.642000,7
50,25,1.523000,7
50,26,1.557000,7
50,27,1.706000,7
50,28,3.357000,15
50,29,3.223000,18
50,30,1.468000,12
50,31,2.225000,12
50,32,2.638000,13
50,33,2.285000,12
50,34,2.086000,10
50,35,1.802000,10
50,36,1.632000,10
50,37,1.815000,8
50,38,2.243000,11
50,39,1.676000,8
50,40,1.786000,8
50,41,1.915000,10
50,42,2.055000,10
50,43,2.584000,10
50,44,1.622000,10
50,45,2.758000,10
50,46,2.168000,10
50,47,2.042000,9
50,48,1.078000,10
50,49,0.996000,5
50,50,1.312000,5
50,51,1.916000,7
50,52,1.657000,6
50,53,1.045000,4
50,54,0.903000,4
50,55,0.772000,4
50,56,1.192000,4
50,57,2.231000,10
50,58,1.371000,6
50,59,1.016000,6
50,60,1.222000,7
50,61,1.788000,10
50,62,1.589000,6
50,63,1.426000,8
50,64,1.545000,7
50,65,2.028000,13
50,66,2.295000,13
50,67,2.205000,10
50,68,1.924000,10
50,69,2.255000,12
50,70,2.338000,13
50,71,1.885000,12
50,72,2.009000,14
50,73,2.608000,14
50,74,1.771000,12
50,75,1.982000,9
50,76,1.998000,10
50,77,2.096000,12
50,78,1.803000,13
50,79,2.904000,13
50,80,2.503000,13
50,81,2.363000,14
50,82,1.022000,4
50,83,1.461000,7
50,84,1.550000,10
50,85,1.855000,9
50,86,2.319000,12
50,87,2.631000,13
50,88,2.478000,13
50,89,1.529000,8
50,90,1.483000,10
50,91,1.786000,7
50,92,1.610000,7
50,93,1.632000,7
50,94,2.267000,7
50,95,1.797000,8
50,96,2.666000,14
51,1,2.778000,13
51,2,1.990000,10
51,3,2.362000,12
51,4,2.501000,13
51,5,2.082000,12
51,6,1.024000,10
51,7,2.533000,10
51,8,2.194000,10
51,9,2.696000,10
51,10,2.386000,10
51,11,1.650000,8
51,12,1.610000,10
51,13,1.620000,8
51,14,2.554000,9
51,15,1.963000,10
51,16,2.303000,11
51,17,2.435000,11
51,18,1.886000,11
51,19,2.933000,15
51,20,4.003000,20
51,21,2.226000,11
51,22,1.627000,7
51,23,2.520000,19
51,24,0.733000,7
51,25,1.490000,7
51,26,1.509000,7
51,27,1.609000,7
51,28,2.663000,14
51,29,3.040000,20
51,30,1.984000,12
51,31,2.513000,13
51,32,2.550000,13
51,33,2.215000,10
51,34,2.293000,11
51,35,1.841000,13
51,36,1.727000,12
51,37,1.892000,9
51,38,2.280000,9
51,39,1.707000,9
51,40,2.194000,9
51,41,1.718000,8
51,42,1.417000,8
51,43,2.503000,8
51,44,2.021000,10
51,45,2.305000,10
51,46,2.076000,10
51,47,1.963000,10
51,48,1.632000,10
51,49,1.272000,5
51,50,1.280000,5
51,51,2.169000,10
51,52,1.397000,6
51,53,1.507000,4
51,54,1.055000,4
51,55,1.493000,5
51,56,1.109000,4
51,57,2.425000,10
51,58,1.216000,4
51,59,0.927000,4
51,60,1.485000,7
51,61,1.570000,9
51,62,1.362000,4
51,63,1.660000,7
51,64,2.472000,11
51,65,2.218000,10
51,66,1.919000,10
51,67,1.965000,10
51,68,3.188000,13
51,69,2.431000,13
51,70,2.710000,12
51,71,2.043000,13
51,72,1.502000,13
51,73,2.294000,13
51,74,2.364000,12
51,75,1.108000,7
51,76,2.774000,15
51,77,2.517000,15
51,78,1.422000,10
51,79,1.708000,7
51,80,1.908000,9
51,81,1.403000,7
51,82,1.348000,4
51,83,1.546000,7
51,84,2.045000,10
51,85,1.394000,7
51,86,2.555000,12
51,87,2.104000,14
51,88,5.089000,28
51,89,1.685000,9
51,90,1.062000,10
51,91,1.426000,7
51,92,1.440000,7
51,93,1.102000,7
51,94,2.650000,13
51,95,1.889000,8
51,96,1.990000,14
52,1,3.980000,13
52,2,2.480000,10
52,3,2.614000,12
52,4,2.822000,13
52,5,2.098000,11
52,6,1.996000,10
52,7,3.808000,10
52,8,2.432000,10
52,9,2.798000,10
52,10,4.807000,10
52,11,1.733000,8
52,12,0.363000,10
52,13,3.650000,8
52,14,2.438000,10
52,15,2.394000,10
52,16,2.134000,11
52,17,2.301000,11
52,18,2.411000,11
52,19,4.104000,12
52,20,4.178000,21
52,21,1.690000,7
52,22,1.733000,7
52,23,3.180000,19
52,24,1.141000,7
52,25,2.691000,7
52,26,2.406000,7
52,27,1.875000,7
52,28,2.595000,12
52,29,2.743000,14
52,30,2.242000,12
52,31,4.226000,13
52,32,2.863000,13
52,33,1.897000,8
52,34,2.455000,13
52,35,2.595000,13
52,36,1.912000,11
52,37,3.965000,11
52,38,1.733000,9
52,39,2.383000,9
52,40,2.107000,9
52,41,1.761000,8
52,42,1.627000,8
52,43,3.413000,8
52,44,2.471000,10
52,45,2.141000,10
52,46,2.715000,10
52,47,2.317000,10
52,48,1.909000,10
52,49,2.646000,5
52,50,1.872000,5
52,51,2.174000,10
52,52,1.390000,6
52,53,1.176000,4
52,54,1.111000,4
52,55,2.510000,5
52,56,1.676000,4
52,57,2.146000,10
52,58,1.059000,4
52,59,1.293000,4
52,60,2.076000,7
52,61,4.032000,10
52,62,1.356000,4
52,63,1.651000,8
52,64,1.622000,10
52,65,2.251000,11
52,66,2.302000,11
52,67,4.081000,8
52,68,3.303000,12
52,69,2.448000,11
52,70,2.525000,12
52,71,2.542000,12
52,72,1.461000,12
52,73,4.109000,13
52,74,2.645000,12
52,75,1.849000,7
52,76,2.593000,14
52,77,3.065000,16
52,78,2.052000,12
52,79,3.501000,8
52,80,2.182000,10
52,81,2.007000,8
52,82,1.130000,4
52,83,1.563000,7
52,84,1.831000,10
52,85,3.929000,7
52,86,2.774000,12
52,87,2.653000,13
52,88,2.683000,17
52,89,1.897000,8
52,90,1.875000,10
52,91,2.468000,7
52,92,2.308000,7
52,93,1.416000,7
52,94,2.460000,12
52,95,2.168000,8
52,96,2.643000,14
53,1,4.479000,15
53,2,3.002000,10
53,3,3.629000,12
53,4,4.469000,13
53,5,2.935000,11
53,6,2.013000,10
53,7,3.290000,10
53,8,3.406000,10
53,9,3.484000,10
53,10,3.861000,10
53,11,2.881000,8
53,12,2.419000,10
53,13,2.809000,8
53,14,3.313000,9
53,15,3.648000,10
53,16,4.057000,11
53,17,3.500000,11
53,18,2.270000,10
53,19,3.831000,13
53,20,4.801000,18
53,21,2.692000,7
53,22,2.685000,7
53,23,5.112000,19
53,24,1.654000,7
53,25,2.594000,7
53,26,2.568000,7
53,27,2.499000,7
53,28,3.640000,12
53,29,3.275000,8
53,30,3.366000,12
53,31,4.407000,13
53,32,4.656000,13
53,33,2.476000,8
53,34,4.693000,13
53,35,3.530000,13
53,36,1.290000,11
53,37,4.282000,12
53,38,2.918000,9
53,39,2.604000,9
53,40,2.830000,9
53,41,3.132000,8
53,42,2.435000,8
53,43,2.270000,8
53,44,3.624000,10
53,45,3.184000,10
53,46,4.331000,10
53,47,3.723000,10
53,48,2.505000,10
53,49,2.084000,5
53,50,2.482000,5
53,51,3.596000,10
53,52,2.689000,6
53,53,2.235000,4
53,54,1.951000,4
53,55,2.086000,5
53,56,2.262000,4
53,57,3.527000,10
53,58,1.481000,4
53,59,1.746000,4
53,60,2.861000,7
53,61,3.811000,11
53,62,2.108000,4
53,63,2.670000,7
53,64,3.158000,11
53,65,3.725000,10
53,66,2.665000,10
53,67,3.829000,12
53,68,3.091000,8
53,69,3.525000,13
53,70,3.410000,12
53,71,3.922000,13
53,72,1.473000,12
53,73,3.531000,12
53,74,3.863000,12
53,75,2.918000,13
53,76,3.870000,12
53,77,4.536000,17
53,78,1.834000,10
53,79,2.998000,7
53,80,3.283000,9
53,81,2.303000,7
53,82,1.870000,4
53,83,2.560000,7
53,84,3.424000,10
53,85,2.528000,7
53,86,3.688000,12
53,87,2.989000,10
53,88,6.153000,21
53,89,2.788000,8
53,90,2.298000,9
53,91,2.282000,7
53,92,3.261000,7
53,93,2.703000,7
53,94,6.333000,12
53,95,2.832000,8
53,96,2.972000,15
54,1,4.689000,13
54,2,3.340000,10
54,3,3.598000,12
54,4,4.307000,13
54,5,3.487000,13
54,6,1.343000,10
54,7,3.755000,10
54,8,3.464000,10
54,9,3.616000,10
54,10,3.208000,10
54,11,2.710000,8
54,12,3.232000,10
54,13,2.715000,8
54,14,3.879000,10
54,15,3.762000,10
54,16,3.870000,11
54,17,3.545000,11
54,18,2.404000,11
54,19,3.488000,11
54,20,5.259000,21
54,21,2.675000,7
54,22,2.853000,7
54,23,5.121000,18
54,24,0.854000,7
54,25,2.502000,7
54,26,2.609000,7
54,27,2.888000,7
54,28,4.145000,15
54,29,4.525000,15
54,30,3.155000,13
54,31,4.407000,13
54,32,4.420000,13
54,33,3.641000,8
54,34,3.722000,13
54,35,3.190000,13
54,36,1.294000,11
54,37,4.685000,12
54,38,3.155000,9
54,39,3.593000,9
54,40,2.919000,9
54,41,2.383000,8
54,42,2.378000,8
54,43,2.802000,8
54,44,3.860000,10
54,45,3.862000,10
54,46,3.010000,10
54,47,3.227000,10
54,48,2.635000,10
54,49,2.329000,5
54,50,2.560000,5
54,51,3.416000,10
54,52,2.276000,6
54,53,2.167000,4
54,54,2.060000,4
54,55,2.758000,5
54,56,2.140000,4
54,57,3.399000,10
54,58,1.681000,4
54,59,1.868000,4
54,60,2.894000,7
54,61,3.750000,9
54,62,2.162000,4
54,63,3.139000,8
54,64,3.120000,10
54,65,3.884000,11
54,66,3.206000,11
54,67,4.406000,12
54,68,4.697000,14
54,69,3.607000,12
54,70,3.302000,12
54,71,3.630000,12
54,72,1.153000,12
54,73,4.386000,12
54,74,3.467000,12
54,75,3.805000,12
54,76,4.189000,13
54,77,2.903000,14
54,78,1.150000,11
54,79,3.748000,8
54,80,3.970000,10
54,81,2.920000,8
54,82,1.594000,4
54,83,3.030000,7
54,84,2.750000,10
54,85,3.653000,7
54,86,4.263000,12
54,87,4.540000,12
54,88,6.339000,25
54,89,1.129000,9
54,90,0.458000,9
54,91,3.090000,7
54,92,2.480000,7
54,93,2.428000,7
54,94,4.051000,14
54,95,2.882000,8
54,96,3.328000,15
55,1,3.430000,13
55,2,3.428000,10
55,3,3.702000,12
55,4,4.516000,14
55,5,3.496000,15
55,6,1.376000,10
55,7,3.445000,10
55,8,3.704000,10
55,9,3.063000,10
55,10,3.388000,10
55,11,1.916000,8
55,12,1.130000,10
55,13,2.782000,8
55,14,2.807000,9
55,15,4.031000,10
55,16,3.403000,11
55,17,3.476000,11
55,18,2.507000,11
55,19,3.433000,11
55,20,5.354000,19
55,21,2.882000,7
55,22,2.947000,7
55,23,3.670000,18
55,24,1.037000,7
55,25,2.201000,7
55,26,3.261000,7
55,27,2.678000,7
55,28,3.989000,14
55,29,4.699000,15
55,30,2.741000,13
55,31,3.689000,13
55,32,4.321000,13
55,33,2.424000,8
55,34,4.787000,13
55,35,2.834000,13
55,36,1.891000,11
55,37,3.742000,12
55,38,2.771000,9
55,39,2.418000,9
55,40,2.650000,9
55,41,2.804000,8
55,42,2.473000,8
55,43,2.569000,8
55,44,3.313000,10
55,45,3.382000,10
55,46,2.869000,10
55,47,3.499000,10
55,48,2.942000,10
55,49,1.982000,5
55,50,1.962000,5
55,51,4.385000,11
55,52,2.580000,6
55,53,2.343000,4
55,54,1.892000,4
55,55,1.560000,4
55,56,1.493000,4
55,57,3.496000,10
55,58,1.969000,4
55,59,1.691000,4
55,60,2.602000,7
55,61,4.193000,11
55,62,1.797000,4
55,63,2.541000,7
55,64,3.329000,11
55,65,3.273000,10
55,66,2.690000,9
55,67,4.375000,14
55,68,4.279000,14
55,69,3.780000,12
55,70,3.231000,12
55,71,2.686000,12
55,72,1.528000,12
55,73,3.692000,12
55,74,3.206000,12
55,75,3.309000,12
55,76,2.931000,7
55,77,4.048000,12
55,78,1.952000,10
55,79,2.586000,7
55,80,3.650000,9
55,81,2.018000,7
55,82,1.682000,4
55,83,2.344000,7
55,84,3.417000,10
55,85,2.317000,7
55,86,3.682000,12
55,87,4.331000,13
55,88,6.261000,21
55,89,1.888000,10
55,90,0.868000,9
55,91,2.749000,7
55,92,2.466000,7
55,93,3.434000,7
55,94,3.967000,14
55,95,3.408000,8
55,96,2.923000,14
56,1,4.182000,13
56,2,3.299000,12
56,3,3.368000,12
56,4,4.368000,14
56,5,3.100000,13
56,6,1.571000,10
56,7,3.553000,10
56,8,3.216000,10
56,9,3.448000,10
56,10,3.800000,10
56,11,1.995000,8
56,12,2.122000,8
56,13,3.904000,12
56,14,3.336000,11
56,15,2.656000,9
56,16,3.626000,11
56,17,2.714000,11
56,18,2.875000,13
56,19,5.379000,15
56,20,3.947000,13
56,21,3.408000,12
56,22,2.261000,7
56,23,3.677000,18
56,24,0.290000,7
56,25,2.844000,7
56,26,2.210000,7
56,27,3.286000,11
56,28,4.010000,16
56,29,5.049000,19
56,30,1.484000,10
56,31,3.926000,13
56,32,4.096000,14
56,33,2.534000,8
56,34,3.877000,13
56,35,3.370000,13
56,36,1.653000,13
56,37,3.806000,13
56,38,3.718000,12
56,39,3.365000,13
56,40,4.047000,13
56,41,3.220000,12
56,42,1.518000,11
56,43,2.858000,8
56,44,2.723000,8
56,45,3.290000,10
56,46,3.011000,10
56,47,3.017000,10
56,48,2.276000,10
56,49,1.546000,4
56,50,2.262000,5
56,51,2.936000,10
56,52,1.525000,4
56,53,1.448000,4
56,54,1.847000,4
56,55,1.379000,4
56,56,2.102000,5
56,57,2.701000,10
56,58,1.434000,4
56,59,1.759000,4
56,60,2.462000,7
56,61,2.158000,7
56,62,1.676000,4
56,63,2.322000,7
56,64,2.941000,10
56,65,4.211000,11
56,66,2.670000,10
56,67,3.922000,15
56,68,3.431000,13
56,69,3.496000,13
56,70,3.404000,12
56,71,3.363000,13
56,72,1.913000,12
56,73,3.366000,12
56,74,3.718000,12
56,75,3.869000,13
56,76,3.112000,9
56,77,3.554000,13
56,78,1.864000,11
56,79,3.336000,11
56,80,2.893000,10
56,81,2.376000,8
56,82,1.564000,4
56,83,1.952000,7
56,84,3.050000,10
56,85,2.766000,7
56,86,3.022000,11
56,87,3.606000,13
56,88,5.351000,20
56,89,2.506000,9
56,90,1.448000,9
56,91,2.130000,7
56,92,2.817000,7
56,93,2.782000,7
56,94,3.758000,14
56,95,2.467000,8
56,96,3.517000,14
57,1,4.159000,15
57,2,3.802000,12
57,3,3.582000,12
57,4,4.178000,14
57,5,3.288000,13
57,6,0.867000,10
57,7,3.503000,10
57,8,1.976000,8
57,9,3.319000,11
57,10,4.032000,10
57,11,2.773000,8
57,12,2.060000,8
57,13,3.185000,11
57,14,3.549000,11
57,15,3.042000,9
57,16,3.950000,11
57,17,2.989000,11
57,18,2.702000,13
57,19,4.342000,12
57,20,4.894000,15
57,21,4.862000,14
57,22,2.033000,7
57,23,3.186000,16
57,24,0.731000,7
57,25,2.021000,7
57,26,3.054000,7
57,27,3.611000,12
57,28,4.719000,16
57,29,3.815000,15
57,30,2.345000,11
57,31,4.357000,13
57,32,3.690000,14
57,33,3.518000,8
57,34,3.888000,13
57,35,2.801000,13
57,36,0.790000,13
57,37,4.140000,13
57,38,3.976000,13
57,39,3.932000,13
57,40,3.868000,12
57,41,3.356000,13
57,42,0.899000,9
57,43,2.884000,8
57,44,2.385000,8
57,45,3.317000,10
57,46,3.188000,10
57,47,3.672000,10
57,48,2.770000,10
57,49,1.624000,4
57,50,2.273000,5
57,51,3.609000,10
57,52,1.799000,4
57,53,2.232000,4
57,54,2.029000,4
57,55,1.712000,4
57,56,2.405000,5
57,57,3.041000,10
57,58,1.630000,4
57,59,1.591000,4
57,60,2.839000,7
57,61,3.247000,10
57,62,1.862000,4
57,63,2.786000,8
57,64,3.508000,11
57,65,3.682000,10
57,66,2.357000,8
57,67,4.150000,15
57,68,3.797000,13
57,69,3.838000,12
57,70,3.649000,12
57,71,2.710000,12
57,72,1.440000,12
57,73,3.113000,12
57,74,3.343000,12
57,75,3.692000,12
57,76,3.476000,9
57,77,3.689000,16
57,78,2.070000,10
57,79,2.873000,10
57,80,2.472000,9
57,81,2.252000,7
57,82,1.864000,4
57,83,3.043000,7
57,84,2.810000,7
57,85,1.908000,7
57,86,2.865000,11
57,87,3.370000,13
57,88,5.563000,17
57,89,2.626000,9
57,90,2.435000,9
57,91,2.641000,7
57,92,2.628000,7
57,93,2.696000,7
57,94,4.030000,14
57,95,3.490000,8
57,96,3.067000,14
58,1,2.330000,7
58,2,3.508000,12
58,3,3.874000,12
58,4,4.038000,14
58,5,3.268000,13
58,6,1.469000,10
58,7,3.285000,10
58,8,2.578000,8
58,9,2.650000,9
58,10,2.678000,10
58,11,2.485000,8
58,12,2.227000,8
58,13,2.552000,9
58,14,3.610000,11
58,15,3.066000,9
58,16,3.490000,11
58,17,2.945000,11
58,18,1.972000,13
58,19,4.123000,15
58,20,3.523000,12
58,21,3.076000,13
58,22,2.454000,7
58,23,4.252000,19
58,24,0.899000,7
58,25,2.426000,7
58,26,2.297000,7
58,27,3.446000,12
58,28,3.669000,16
58,29,3.700000,15
58,30,1.970000,10
58,31,3.362000,13
58,32,4.354000,14
58,33,2.693000,8
58,34,3.501000,13
58,35,3.047000,13
58,36,1.339000,13
58,37,4.132000,13
58,38,3.561000,13
58,39,3.773000,13
58,40,2.808000,12
58,41,2.542000,9
58,42,1.185000,9
58,43,2.685000,8
58,44,2.638000,8
58,45,3.370000,10
58,46,2.501000,10
58,47,2.279000,10
58,48,2.690000,10
58,49,1.858000,4
58,50,2.049000,5
58,51,3.260000,10
58,52,1.341000,4
58,53,2.091000,4
58,54,1.624000,4
58,55,1.640000,4
58,56,2.487000,5
58,57,3.087000,10
58,58,2.143000,4
58,59,1.542000,4
58,60,2.179000,7
58,61,3.451000,11
58,62,1.601000,4
58,63,3.563000,10
58,64,3.050000,10
58,65,3.002000,11
58,66,1.740000,9
58,67,4.276000,15
58,68,3.539000,13
58,69,3.266000,12
58,70,3.068000,12
58,71,2.745000,13
58,72,1.315000,12
58,73,3.683000,12
58,74,3.171000,12
58,75,3.261000,12
58,76,2.751000,9
58,77,3.219000,12
58,78,1.460000,10
58,79,2.884000,11
58,80,2.981000,10
58,81,2.261000,7
58,82,1.510000,4
58,83,2.570000,7
58,84,3.330000,10
58,85,2.588000,7
58,86,3.071000,11
58,87,2.956000,10
58,88,4.690000,18
58,89,2.359000,9
58,90,1.553000,9
58,91,2.601000,7
58,92,2.306000,7
58,93,2.512000,7
58,94,3.545000,14
58,95,2.592000,8
58,96,3.165000,14
59,1,3.481000,13
59,2,3.575000,12
59,3,3.060000,12
59,4,3.286000,14
59,5,2.647000,13
59,6,2.227000,10
59,7,2.574000,10
59,8,2.529000,8
59,9,2.799000,10
59,10,2.989000,10
59,11,2.034000,8
59,12,1.748000,8
59,13,3.490000,11
59,14,3.472000,11
59,15,2.643000,9
59,16,2.732000,11
59,17,2.508000,11
59,18,3.168000,13
59,19,3.945000,14
59,20,3.460000,11
59,21,3.079000,14
59,22,2.001000,7
59,23,3.455000,18
59,24,1.513000,7
59,25,2.389000,7
59,26,2.625000,7
59,27,3.319000,12
59,28,3.669000,16
59,29,3.273000,15
59,30,2.212000,11
59,31,3.667000,13
59,32,3.591000,14
59,33,2.329000,8
59,34,3.436000,13
59,35,2.824000,13
59,36,2.034000,13
59,37,3.969000,13
59,38,4.235000,13
59,39,3.457000,13
59,40,3.095000,12
59,41,1.879000,9
59,42,1.456000,9
59,43,3.028000,8
59,44,2.966000,8
59,45,2.320000,10
59,46,2.542000,10
59,47,2.389000,10
59,48,2.130000,10
59,49,1.168000,4
59,50,2.467000,5
59,51,2.859000,10
59,52,1.504000,4
59,53,1.219000,4
59,54,0.976000,4
59,55,1.184000,4
59,56,2.449000,5
59,57,3.404000,10
59,58,1.422000,4
59,59,1.662000,4
59,60,2.166000,7
59,61,2.384000,7
59,62,1.618000,4
59,63,3.198000,8
59,64,2.790000,10
59,65,2.558000,10
59,66,2.530000,12
59,67,3.822000,15
59,68,3.755000,14
59,69,3.135000,12
59,70,2.531000,12
59,71,2.850000,12
59,72,2.235000,12
59,73,3.671000,12
59,74,3.427000,12
59,75,2.658000,10
59,76,2.114000,7
59,77,2.599000,11
59,78,2.447000,10
59,79,3.268000,10
59,80,2.970000,9
59,81,2.643000,7
59,82,1.498000,4
59,83,2.175000,7
59,84,2.387000,9
59,85,2.575000,7
59,86,3.191000,11
59,87,2.431000,10
59,88,4.973000,19
59,89,2.229000,9
59,90,1.946000,9
59,91,2.346000,7
59,92,2.462000,7
59,93,2.230000,7
59,94,1.971000,7
59,95,2.107000,8
59,96,3.030000,14
60,1,2.644000,7
60,2,4.094000,12
60,3,3.940000,12
60,4,3.661000,14
60,5,1.585000,13
60,6,0.442000,10
60,7,3.820000,10
60,8,2.722000,8
60,9,2.783000,10
60,10,3.143000,10
60,11,2.666000,8
60,12,2.551000,8
60,13,3.945000,9
60,14,3.410000,11
60,15,3.039000,9
60,16,3.712000,11
60,17,2.847000,11
60,18,2.232000,13
60,19,4.440000,14
60,20,2.875000,11
60,21,3.620000,13
60,22,2.424000,7
60,23,4.858000,19
60,24,1.437000,7
60,25,3.124000,7
60,26,2.562000,7
60,27,4.024000,12
60,28,4.963000,16
60,29,3.818000,16
60,30,1.448000,11
60,31,4.445000,13
60,32,4.069000,14
60,33,3.064000,8
60,34,3.778000,13
60,35,3.157000,13
60,36,0.898000,13
60,37,5.013000,13
60,38,3.714000,13
60,39,3.452000,13
60,40,3.561000,12
60,41,2.464000,9
60,42,1.937000,13
60,43,2.797000,8
60,44,3.042000,8
60,45,3.702000,10
60,46,3.119000,10
60,47,3.531000,10
60,48,2.707000,10
60,49,1.787000,4
60,50,2.724000,5
60,51,2.976000,10
60,52,1.487000,4
60,53,2.095000,4
60,54,1.760000,4
60,55,1.985000,4
60,56,2.600000,5
60,57,3.186000,10
60,58,1.611000,4
60,59,1.801000,4
60,60,2.729000,7
60,61,4.348000,10
60,62,1.649000,4
60,63,3.409000,10
60,64,3.717000,11
60,65,3.295000,11
60,66,2.590000,12
60,67,4.538000,15
60,68,3.733000,14
60,69,3.152000,12
60,70,3.455000,12
60,71,2.938000,13
60,72,2.129000,12
60,73,4.176000,12
60,74,3.999000,12
60,75,2.996000,10
60,76,2.457000,7
60,77,3.339000,11
60,78,2.292000,10
60,79,3.727000,11
60,80,3.555000,10
60,81,2.465000,7
60,82,1.569000,4
60,83,2.580000,7
60,84,3.063000,10
60,85,2.376000,7
60,86,3.748000,11
60,87,3.099000,10
60,88,5.889000,19
60,89,2.305000,9
60,90,1.860000,9
60,91,3.089000,7
60,92,2.385000,7
60,93,3.034000,7
60,94,2.547000,7
60,95,2.792000,8
60,96,3.600000,14
61,1,3.027000,13
61,2,3.073000,11
61,3,3.871000,13
61,4,4.208000,14
61,5,2.910000,13
61,6,1.825000,10
61,7,2.420000,8
61,8,3.344000,9
61,9,3.899000,10
61,10,2.781000,8
61,11,3.827000,12
61,12,3.542000,12
61,13,3.692000,11
61,14,3.561000,10
61,15,3.792000,9
61,16,4.212000,13
61,17,2.876000,13
61,18,0.993000,13
61,19,4.348000,14
61,20,4.561000,14
61,21,4.907000,15
61,22,2.572000,7
61,23,4.619000,19
61,24,0.918000,7
61,25,2.588000,7
61,26,3.414000,11
61,27,4.664000,12
61,28,4.366000,16
61,29,3.627000,16
61,30,2.437000,12
61,31,3.888000,13
61,32,4.774000,13
61,33,3.261000,8
61,34,3.970000,13
61,35,3.390000,13
61,36,2.407000,13
61,37,3.624000,13
61,38,5.192000,13
61,39,4.359000,13
61,40,3.891000,13
61,41,2.808000,11
61,42,1.837000,9
61,43,3.223000,11
61,44,2.532000,8
61,45,3.904000,10
61,46,3.897000,10
61,47,3.649000,10
61,48,2.819000,10
61,49,1.307000,4
61,50,1.939000,5
61,51,3.701000,10
61,52,2.129000,4
61,53,1.735000,4
61,54,1.913000,4
61,55,1.944000,4
61,56,1.669000,4
61,57,3.475000,10
61,58,2.356000,4
61,59,2.043000,4
61,60,3.081000,7
61,61,2.443000,8
61,62,1.647000,4
61,63,3.512000,11
61,64,3.449000,10
61,65,3.229000,10
61,66,3.007000,11
61,67,4.813000,18
61,68,4.614000,14
61,69,4.134000,12
61,70,3.524000,12
61,71,2.750000,13
61,72,1.792000,12
61,73,2.783000,12
61,74,3.920000,12
61,75,3.481000,10
61,76,2.920000,7
61,77,3.273000,11
61,78,2.730000,10
61,79,3.292000,10
61,80,2.274000,7
61,81,3.735000,7
61,82,2.039000,4
61,83,2.848000,7
61,84,2.936000,10
61,85,2.585000,7
61,86,4.477000,13
61,87,4.945000,13
61,88,5.761000,18
61,89,2.541000,9
61,90,1.527000,9
61,91,2.586000,7
61,92,2.715000,7
61,93,3.201000,7
61,94,3.187000,7
61,95,3.094000,8
61,96,3.724000,15
62,1,1.895000,6
62,2,3.216000,11
62,3,3.701000,13
62,4,4.231000,14
62,5,3.265000,13
62,6,1.638000,10
62,7,2.623000,8
62,8,2.642000,9
62,9,2.721000,9
62,10,2.695000,8
62,11,3.043000,11
62,12,2.774000,9
62,13,3.002000,9
62,14,2.919000,10
62,15,2.628000,9
62,16,3.264000,13
62,17,3.477000,13
62,18,2.574000,13
62,19,4.669000,14
62,20,2.709000,11
62,21,3.699000,15
62,22,1.985000,7
62,23,3.841000,16
62,24,1.270000,7
62,25,2.707000,7
62,26,3.279000,12
62,27,3.239000,12
62,28,3.896000,16
62,29,4.150000,17
62,30,1.556000,13
62,31,4.105000,13
62,32,3.493000,13
62,33,2.649000,8
62,34,3.885000,13
62,35,3.281000,13
62,36,1.580000,13
62,37,4.364000,13
62,38,3.985000,13
62,39,3.741000,13
62,40,3.236000,13
62,41,2.067000,11
62,42,0.924000,9
62,43,3.954000,13
62,44,2.465000,8
62,45,3.672000,10
62,46,3.088000,10
62,47,2.562000,10
62,48,2.112000,10
62,49,2.383000,4
62,50,2.209000,5
62,51,2.982000,10
62,52,1.823000,4
62,53,1.380000,4
62,54,1.656000,4
62,55,1.661000,4
62,56,1.462000,4
62,57,2.808000,10
62,58,2.017000,4
62,59,1.612000,4
62,60,2.129000,7
62,61,3.492000,10
62,62,1.536000,4
62,63,2.982000,10
62,64,3.088000,10
62,65,3.278000,11
62,66,2.705000,11
62,67,4.546000,18
62,68,3.665000,14
62,69,3.463000,12
62,70,2.970000,12
62,71,2.955000,13
62,72,1.384000,12
62,73,3.262000,12
62,74,3.148000,12
62,75,3.236000,10
62,76,2.244000,7
62,77,2.766000,11
62,78,2.568000,11
62,79,3.721000,11
62,80,2.740000,9
62,81,2.102000,7
62,82,1.381000,4
62,83,1.780000,7
62,84,2.169000,10
62,85,3.176000,7
62,86,3.384000,13
62,87,3.535000,13
62,88,4.742000,18
62,89,2.246000,9
62,90,1.129000,9
62,91,2.791000,7
62,92,2.162000,7
62,93,2.881000,7
62,94,3.444000,13
62,95,2.460000,8
62,96,3.040000,14
63,1,3.866000,15
63,2,3.004000,11
63,3,3.559000,13
63,4,3.851000,14
63,5,2.643000,13
63,6,1.473000,10
63,7,2.243000,8
63,8,2.702000,9
63,9,3.044000,9
63,10,2.504000,8
63,11,3.640000,11
63,12,2.192000,9
63,13,2.610000,11
63,14,3.010000,10
63,15,3.220000,9
63,16,3.960000,13
63,17,3.120000,13
63,18,2.220000,13
63,19,4.092000,14
63,20,3.241000,11
63,21,3.723000,14
63,22,2.535000,7
63,23,2.280000,18
63,24,0.157000,7
63,25,2.266000,7
63,26,3.588000,12
63,27,3.841000,12
63,28,3.974000,16
63,29,3.344000,16
63,30,1.081000,13
63,31,3.408000,13
63,32,3.615000,13
63,33,2.607000,8
63,34,3.986000,13
63,35,2.968000,13
63,36,1.864000,13
63,37,2.812000,13
63,38,4.460000,13
63,39,3.941000,13
63,40,3.626000,13
63,41,2.796000,11
63,42,1.048000,9
63,43,2.883000,9
63,44,2.750000,8
63,45,4.176000,10
63,46,2.697000,10
63,47,2.943000,10
63,48,2.222000,10
63,49,1.724000,4
63,50,1.891000,5
63,51,3.235000,10
63,52,1.849000,4
63,53,1.980000,4
63,54,1.482000,4
63,55,1.422000,4
63,56,1.460000,4
63,57,2.764000,10
63,58,2.088000,4
63,59,1.884000,4
63,60,2.386000,7
63,61,2.397000,8
63,62,1.611000,4
63,63,3.968000,11
63,64,3.025000,11
63,65,3.129000,10
63,66,2.331000,11
63,67,4.704000,16
63,68,4.301000,14
63,69,3.287000,12
63,70,3.084000,12
63,71,2.321000,13
63,72,1.106000,12
63,73,3.148000,12
63,74,3.784000,12
63,75,2.978000,10
63,76,2.498000,7
63,77,2.910000,11
63,78,2.161000,10
63,79,3.283000,10
63,80,2.636000,9
63,81,2.178000,7
63,82,1.665000,4
63,83,2.180000,7
63,84,2.819000,10
63,85,2.397000,7
63,86,3.767000,13
63,87,3.272000,12
63,88,4.717000,17
63,89,1.749000,9
63,90,1.947000,9
63,91,2.775000,7
63,92,1.889000,7
63,93,2.497000,7
63,94,3.744000,12
63,95,3.230000,8
63,96,3.194000,15
64,1,1.972000,6
64,2,3.274000,11
64,3,3.223000,13
64,4,4.089000,14
64,5,3.325000,13
64,6,2.104000,10
64,7,2.375000,8
64,8,2.548000,9
64,9,2.488000,9
64,10,2.707000,8
64,11,2.819000,12
64,12,2.909000,12
64,13,2.872000,9
64,14,2.774000,10
64,15,2.616000,9
64,16,3.164000,13
64,17,2.888000,13
64,18,2.786000,13
64,19,4.492000,14
64,20,2.912000,11
64,21,4.036000,14
64,22,1.771000,7
64,23,3.620000,16
64,24,1.411000,7
64,25,3.111000,7
64,26,2.922000,12
64,27,3.398000,12
64,28,3.454000,16
64,29,2.555000,17
64,30,0.503000,13
64,31,3.775000,13
64,32,3.244000,13
64,33,3.003000,8
64,34,2.984000,13
64,35,3.351000,13
64,36,1.664000,13
64,37,3.606000,13
64,38,4.139000,13
64,39,3.399000,13
64,40,3.757000,13
64,41,2.660000,11
64,42,1.004000,9
64,43,4.318000,12
64,44,2.295000,8
64,45,3.144000,10
64,46,2.727000,10
64,47,2.839000,10
64,48,2.494000,10
64,49,1.975000,4
64,50,1.843000,5
64,51,2.695000,10
64,52,1.698000,4
64,53,1.754000,4
64,54,1.298000,4
64,55,1.616000,4
64,56,1.702000,4
64,57,3.165000,10
64,58,1.958000,4
64,59,1.424000,4
64,60,2.252000,7
64,61,3.004000,10
64,62,1.939000,4
64,63,3.117000,10
64,64,2.837000,10
64,65,2.882000,11
64,66,2.581000,11
64,67,5.084000,18
64,68,3.894000,14
64,69,3.989000,12
64,70,3.062000,12
64,71,2.372000,13
64,72,0.614000,12
64,73,3.410000,12
64,74,3.015000,12
64,75,3.171000,10
64,76,2.218000,7
64,77,2.869000,11
64,78,2.457000,11
64,79,3.054000,11
64,80,2.592000,9
64,81,1.957000,7
64,82,1.604000,4
64,83,2.257000,7
64,84,2.515000,10
64,85,2.310000,7
64,86,3.239000,13
64,87,2.853000,12
64,88,4.778000,20
64,89,2.417000,9
64,90,2.208000,9
64,91,2.415000,7
64,92,2.267000,7
64,93,2.224000,7
64,94,3.220000,12
64,95,3.268000,8
64,96,3.111000,15
65,1,4.436000,15
65,2,3.092000,11
65,3,3.776000,13
65,4,3.754000,14
65,5,2.534000,13
65,6,1.220000,10
65,7,2.733000,8
65,8,2.634000,9
65,9,2.630000,9
65,10,1.928000,8
65,11,2.899000,9
65,12,2.750000,9
65,13,3.817000,11
65,14,3.359000,10
65,15,2.741000,9
65,16,3.626000,13
65,17,2.564000,13
65,18,1.181000,13
65,19,4.322000,14
65,20,3.569000,11
65,21,3.825000,14
65,22,2.275000,7
65,23,3.156000,16
65,24,1.039000,7
65,25,2.265000,7
65,26,3.113000,12
65,27,2.842000,12
65,28,4.427000,16
65,29,3.036000,11
65,30,2.397000,13
65,31,3.830000,13
65,32,3.988000,13
65,33,2.926000,8
65,34,3.550000,13
65,35,2.811000,13
65,36,1.780000,13
65,37,3.393000,13
65,38,3.789000,13
65,39,4.021000,13
65,40,3.844000,13
65,41,2.338000,11
65,42,1.585000,13
65,43,2.914000,9
65,44,3.386000,8
65,45,3.055000,10
65,46,2.830000,10
65,47,2.940000,10
65,48,2.097000,10
65,49,1.263000,4
65,50,2.214000,5
65,51,3.453000,10
65,52,1.973000,4
65,53,1.384000,4
65,54,1.361000,4
65,55,2.000000,4
65,56,1.962000,4
65,57,2.933000,10
65,58,1.434000,4
65,59,1.473000,4
65,60,2.372000,7
65,61,2.632000,8
65,62,1.597000,4
65,63,2.911000,11
65,64,2.636000,10
65,65,2.765000,10
65,66,3.065000,11
65,67,5.172000,19
65,68,3.751000,14
65,69,3.608000,12
65,70,3.035000,12
65,71,2.077000,13
65,72,1.185000,12
65,73,3.618000,12
65,74,3.566000,12
65,75,3.112000,10
65,76,2.330000,7
65,77,2.638000,11
65,78,2.272000,10
65,79,3.275000,10
65,80,2.743000,9
65,81,2.329000,7
65,82,1.937000,4
65,83,2.368000,7
65,84,3.069000,10
65,85,2.732000,7
65,86,3.471000,13
65,87,3.573000,12
65,88,4.545000,17
65,89,2.155000,9
65,90,1.198000,9
65,91,2.909000,7
65,92,2.674000,7
65,93,2.288000,7
65,94,3.288000,14
65,95,2.640000,8
65,96,2.855000,14
66,1,2.098000,7
66,2,3.907000,12
66,3,3.175000,12
66,4,3.714000,14
66,5,2.812000,13
66,6,2.598000,10
66,7,3.347000,10
66,8,2.973000,9
66,9,3.080000,8
66,10,3.498000,12
66,11,3.029000,11
66,12,2.307000,9
66,13,3.340000,11
66,14,2.964000,10
66,15,3.255000,9
66,16,3.395000,13
66,17,3.586000,14
66,18,2.182000,14
66,19,4.299000,15
66,20,3.171000,11
66,21,3.682000,14
66,22,2.501000,11
66,23,4.789000,19
66,24,0.571000,7
66,25,3.092000,10
66,26,3.443000,12
66,27,3.375000,12
66,28,3.492000,16
66,29,3.860000,19
66,30,1.371000,12
66,31,3.550000,14
66,32,2.973000,13
66,33,2.339000,7
66,34,3.386000,13
66,35,3.498000,13
66,36,2.451000,13
66,37,3.129000,13
66,38,2.943000,13
66,39,3.686000,13
66,40,3.690000,13
66,41,2.956000,11
66,42,1.985000,11
66,43,2.998000,9
66,44,2.485000,8
66,45,3.152000,10
66,46,3.581000,10
66,47,2.622000,10
66,48,2.538000,10
66,49,1.325000,4
66,50,2.195000,5
66,51,3.123000,10
66,52,1.835000,4
66,53,1.925000,4
66,54,1.654000,4
66,55,1.700000,4
66,56,1.815000,4
66,57,2.989000,10
66,58,1.824000,4
66,59,1.921000,4
66,60,2.206000,7
66,61,3.127000,10
66,62,1.486000,4
66,63,3.199000,10
66,64,3.004000,11
66,65,2.969000,10
66,66,2.651000,13
66,67,5.027000,21
66,68,4.007000,13
66,69,3.211000,13
66,70,3.079000,12
66,71,2.365000,13
66,72,1.040000,12
66,73,2.819000,12
66,74,2.705000,12
66,75,3.124000,12
66,76,2.125000,7
66,77,3.597000,13
66,78,2.320000,11
66,79,3.605000,11
66,80,2.255000,7
66,81,3.574000,10
66,82,1.362000,4
66,83,2.046000,7
66,84,2.555000,10
66,85,2.069000,7
66,86,3.965000,15
66,87,3.101000,12
66,88,7.463000,19
66,89,1.592000,12
66,90,0.365000,9
66,91,2.078000,7
66,92,3.060000,9
66,93,2.881000,9
66,94,4.135000,14
66,95,2.927000,8
66,96,2.907000,14
67,1,3.364000,13
67,2,3.798000,12
67,3,3.402000,12
67,4,4.000000,14
67,5,2.654000,13
67,6,1.722000,10
67,7,2.911000,10
67,8,3.324000,9
67,9,2.289000,8
67,10,2.915000,9
67,11,3.300000,12
67,12,3.091000,13
67,13,2.895000,9
67,14,3.019000,10
67,15,2.478000,9
67,16,3.283000,13
67,17,3.429000,14
67,18,2.008000,14
67,19,4.092000,15
67,20,2.755000,11
67,21,3.634000,14
67,22,3.689000,12
67,23,2.989000,16
67,24,1.386000,7
67,25,3.779000,12
67,26,3.487000,12
67,27,3.300000,12
67,28,4.031000,16
67,29,3.490000,19
67,30,1.182000,12
67,31,3.812000,14
67,32,3.722000,13
67,33,3.119000,9
67,34,3.322000,13
67,35,2.502000,13
67,36,2.206000,13
67,37,3.663000,13
67,38,3.638000,13
67,39,3.381000,13
67,40,3.354000,13
67,41,2.415000,11
67,42,1.413000,9
67,43,2.887000,9
67,44,2.722000,8
67,45,2.829000,10
67,46,2.730000,10
67,47,2.881000,10
67,48,2.765000,10
67,49,1.923000,4
67,50,2.156000,5
67,51,3.468000,10
67,52,1.230000,4
67,53,1.709000,4
67,54,1.569000,4
67,55,1.796000,4
67,56,1.967000,4
67,57,2.844000,10
67,58,2.049000,4
67,59,1.693000,4
67,60,2.369000,7
67,61,3.505000,10
67,62,1.726000,4
67,63,2.963000,11
67,64,3.233000,10
67,65,3.224000,11
67,66,2.653000,13
67,67,4.857000,19
67,68,3.970000,13
67,69,3.352000,13
67,70,3.077000,12
67,71,2.691000,13
67,72,1.319000,12
67,73,3.771000,12
67,74,3.492000,12
67,75,2.981000,12
67,76,2.399000,7
67,77,2.825000,13
67,78,1.407000,9
67,79,3.196000,10
67,80,2.101000,7
67,81,3.125000,10
67,82,1.493000,4
67,83,1.986000,7
67,84,2.736000,10
67,85,2.633000,7
67,86,4.037000,15
67,87,3.205000,12
67,88,4.500000,19
67,89,2.259000,11
67,90,1.810000,9
67,91,2.611000,7
67,92,2.871000,8
67,93,2.447000,8
67,94,3.747000,14
67,95,2.916000,8
67,96,3.127000,15
68,1,2.012000,7
68,2,4.398000,12
68,3,3.085000,12
68,4,4.278000,14
68,5,3.552000,13
68,6,2.365000,10
68,7,3.494000,10
68,8,3.807000,9
68,9,2.912000,8
68,10,2.775000,9
68,11,3.956000,11
68,12,2.392000,9
68,13,3.298000,11
68,14,3.241000,10
68,15,2.795000,9
68,16,4.440000,13
68,17,2.779000,14
68,18,0.488000,14
68,19,5.230000,15
68,20,3.703000,12
68,21,3.818000,14
68,22,4.059000,12
68,23,3.310000,16
68,24,0.491000,7
68,25,3.171000,12
68,26,4.121000,12
68,27,3.089000,12
68,28,5.423000,18
68,29,3.894000,19
68,30,0.956000,12
68,31,3.078000,14
68,32,4.123000,13
68,33,2.828000,7
68,34,3.918000,13
68,35,3.498000,13
68,36,2.578000,13
68,37,3.939000,13
68,38,3.867000,13
68,39,4.006000,13
68,40,3.621000,13
68,41,2.831000,11
68,42,1.689000,9
68,43,2.837000,9
68,44,2.516000,8
68,45,3.213000,10
68,46,2.970000,10
68,47,2.975000,10
68,48,2.686000,10
68,49,1.512000,4
68,50,1.849000,5
68,51,3.434000,10
68,52,2.285000,4
68,53,1.442000,4
68,54,1.527000,4
68,55,1.395000,4
68,56,1.880000,4
68,57,3.673000,10
68,58,1.595000,4
68,59,1.585000,4
68,60,2.794000,7
68,61,3.319000,10
68,62,2.211000,4
68,63,3.428000,10
68,64,2.828000,10
68,65,3.015000,9
68,66,3.032000,13
68,67,5.390000,20
68,68,4.548000,15
68,69,3.175000,13
68,70,3.275000,12
68,71,2.516000,13
68,72,1.487000,12
68,73,3.397000,12
68,74,3.956000,12
68,75,2.933000,10
68,76,2.305000,7
68,77,4.025000,14
68,78,2.444000,11
68,79,2.581000,10
68,80,2.341000,7
68,81,2.820000,10
68,82,1.476000,4
68,83,1.999000,7
68,84,3.634000,10
68,85,2.287000,7
68,86,4.481000,15
68,87,3.208000,12
68,88,5.206000,18
68,89,3.291000,11
68,90,1.608000,9
68,91,2.273000,7
68,92,2.504000,9
68,93,3.364000,11
68,94,3.503000,14
68,95,2.935000,8
68,96,3.615000,15
69,1,3.584000,13
69,2,3.063000,12
69,3,3.217000,12
69,4,3.921000,14
69,5,3.134000,13
69,6,1.941000,10
69,7,2.906000,10
69,8,2.558000,9
69,9,2.079000,8
69,10,3.061000,9
69,11,3.005000,11
69,12,3.310000,13
69,13,2.319000,9
69,14,2.863000,10
69,15,2.477000,9
69,16,4.821000,13
69,17,3.464000,14
69,18,2.350000,14
69,19,4.045000,15
69,20,3.490000,12
69,21,3.115000,14
69,22,2.876000,12
69,23,3.050000,16
69,24,0.735000,7
69,25,2.315000,7
69,26,3.066000,12
69,27,3.062000,12
69,28,4.658000,18
69,29,4.829000,20
69,30,1.170000,12
69,31,3.492000,14
69,32,3.497000,13
69,33,2.657000,9
69,34,3.338000,13
69,35,2.837000,13
69,36,1.961000,13
69,37,4.311000,13
69,38,3.740000,13
69,39,3.639000,13
69,40,3.272000,13
69,41,2.603000,11
69,42,1.276000,9
69,43,2.712000,9
69,44,2.140000,8
69,45,2.784000,10
69,46,3.666000,10
69,47,2.621000,10
69,48,2.533000,10
69,49,1.344000,4
69,50,1.923000,5
69,51,2.584000,10
69,52,1.298000,4
69,53,1.537000,4
69,54,1.402000,4
69,55,1.361000,4
69,56,2.102000,4
69,57,3.495000,10
69,58,1.485000,4
69,59,2.052000,4
69,60,2.238000,7
69,61,2.624000,10
69,62,1.366000,4
69,63,3.854000,11
69,64,3.017000,11
69,65,2.718000,11
69,66,2.255000,13
69,67,4.317000,19
69,68,3.842000,13
69,69,3.209000,13
69,70,3.169000,12
69,71,2.740000,13
69,72,1.624000,12
69,73,2.991000,12
69,74,3.582000,12
69,75,3.123000,12
69,76,1.836000,7
69,77,3.284000,14
69,78,2.350000,9
69,79,3.378000,11
69,80,2.084000,7
69,81,3.321000,10
69,82,1.262000,4
69,83,2.356000,7
69,84,2.336000,10
69,85,2.247000,7
69,86,4.476000,15
69,87,3.174000,12
69,88,4.491000,18
69,89,2.469000,9
69,90,1.431000,9
69,91,2.178000,8
69,92,2.457000,8
69,93,2.668000,9
69,94,3.771000,14
69,95,2.486000,8
69,96,3.507000,14
70,1,2.353000,7
70,2,3.868000,12
70,3,3.014000,12
70,4,4.242000,14
70,5,3.197000,13
70,6,2.078000,10
70,7,2.848000,10
70,8,2.941000,9
70,9,2.590000,8
70,10,3.556000,12
70,11,3.014000,12
70,12,2.263000,9
70,13,3.052000,11
70,14,3.158000,10
70,15,3.071000,9
70,16,4.827000,13
70,17,3.255000,14
70,18,1.793000,14
70,19,3.718000,14
70,20,3.619000,12
70,21,4.108000,15
70,22,3.224000,12
70,23,2.000000,16
70,24,0.241000,7
70,25,2.479000,7
70,26,3.258000,12
70,27,3.189000,12
70,28,3.754000,17
70,29,4.892000,20
70,30,1.538000,12
70,31,3.631000,14
70,32,4.212000,13
70,33,2.376000,7
70,34,3.300000,13
70,35,2.909000,13
70,36,1.361000,13
70,37,3.474000,13
70,38,3.599000,13
70,39,3.365000,13
70,40,3.418000,13
70,41,3.472000,11
70,42,1.650000,9
70,43,2.456000,9
70,44,2.673000,8
70,45,3.170000,10
70,46,2.998000,10
70,47,3.007000,10
70,48,2.771000,10
70,49,1.229000,4
70,50,1.978000,5
70,51,3.101000,10
70,52,1.576000,4
70,53,1.347000,4
70,54,1.576000,4
70,55,1.438000,4
70,56,1.590000,4
70,57,3.162000,10
70,58,1.859000,4
70,59,1.217000,4
70,60,2.334000,7
70,61,2.839000,10
70,62,1.746000,4
70,63,3.222000,10
70,64,2.781000,10
70,65,3.268000,9
70,66,2.936000,13
70,67,4.199000,17
70,68,3.988000,12
70,69,2.962000,13
70,70,3.385000,13
70,71,2.777000,13
70,72,1.665000,12
70,73,3.050000,12
70,74,2.640000,11
70,75,2.835000,12
70,76,2.078000,7
70,77,3.480000,13
70,78,3.136000,11
70,79,3.055000,10
70,80,2.083000,7
70,81,3.107000,10
70,82,1.418000,4
70,83,2.492000,7
70,84,2.832000,10
70,85,2.548000,7
70,86,3.670000,15
70,87,3.261000,12
70,88,4.388000,17
70,89,3.051000,9
70,90,1.687000,9
70,91,2.295000,8
70,92,3.379000,11
70,93,2.872000,9
70,94,3.484000,14
70,95,2.253000,8
70,96,3.130000,15
71,1,3.773000,13
71,2,3.636000,12
71,3,3.644000,12
71,4,4.787000,15
71,5,2.989000,13
71,6,2.120000,10
71,7,4.879000,9
71,8,3.091000,9
71,9,2.543000,8
71,10,3.010000,9
71,11,3.514000,11
71,12,3.184000,13
71,13,4.052000,11
71,14,3.922000,11
71,15,3.661000,9
71,16,4.711000,14
71,17,3.184000,14
71,18,2.332000,14
71,19,4.887000,14
71,20,4.252000,11
71,21,4.731000,14
71,22,3.034000,12
71,23,3.446000,16
71,24,1.250000,12
71,25,2.994000,7
71,26,3.651000,12
71,27,4.229000,13
71,28,5.311000,17
71,29,3.360000,16
71,30,1.986000,13
71,31,4.350000,12
71,32,3.871000,13
71,33,2.602000,7
71,34,4.050000,13
71,35,3.898000,13
71,36,2.690000,13
71,37,5.142000,13
71,38,4.011000,13
71,39,4.715000,13
71,40,3.902000,13
71,41,2.646000,11
71,42,1.533000,9
71,43,4.481000,13
71,44,3.130000,8
71,45,3.488000,10
71,46,2.984000,10
71,47,2.706000,10
71,48,2.402000,10
71,49,2.044000,4
71,50,2.805000,5
71,51,3.087000,10
71,52,1.564000,4
71,53,2.226000,4
71,54,2.044000,4
71,55,1.499000,4
71,56,2.530000,4
71,57,3.149000,10
71,58,1.558000,4
71,59,1.370000,4
71,60,3.220000,7
71,61,4.049000,10
71,62,1.850000,4
71,63,3.852000,11
71,64,3.780000,10
71,65,2.443000,10
71,66,2.548000,13
71,67,6.210000,20
71,68,3.570000,11
71,69,4.465000,14
71,70,3.557000,12
71,71,2.692000,13
71,72,1.552000,12
71,73,4.052000,12
71,74,3.250000,12
71,75,3.539000,13
71,76,3.005000,7
71,77,3.576000,12
71,78,2.856000,9
71,79,2.875000,10
71,80,2.428000,7
71,81,3.415000,10
71,82,2.013000,4
71,83,2.676000,7
71,84,3.187000,10
71,85,2.615000,7
71,86,2.947000,7
71,87,3.473000,12
71,88,5.852000,18
71,89,3.019000,10
71,90,2.323000,9
71,91,3.150000,9
71,92,4.238000,11
71,93,3.699000,11
71,94,5.273000,14
71,95,2.309000,8
71,96,2.658000,13
72,1,2.272000,7
72,2,3.374000,12
72,3,3.728000,12
72,4,4.013000,15
72,5,3.191000,13
72,6,2.770000,10
72,7,3.509000,9
72,8,3.376000,9
72,9,2.754000,8
72,10,2.480000,9
72,11,2.638000,9
72,12,2.549000,9
72,13,3.511000,11
72,14,3.624000,11
72,15,3.469000,9
72,16,3.983000,14
72,17,3.697000,14
72,18,2.332000,14
72,19,3.687000,14
72,20,3.792000,11
72,21,4.628000,15
72,22,3.190000,12
72,23,2.770000,19
72,24,0.355000,12
72,25,2.594000,7
72,26,3.673000,12
72,27,3.555000,13
72,28,4.393000,16
72,29,4.157000,18
72,30,2.310000,13
72,31,3.955000,12
72,32,4.680000,13
72,33,3.071000,7
72,34,3.467000,13
72,35,2.601000,13
72,36,1.575000,13
72,37,4.021000,13
72,38,4.269000,13
72,39,3.897000,13
72,40,3.601000,13
72,41,2.904000,11
72,42,1.806000,13
72,43,2.497000,9
72,44,2.768000,8
72,45,3.369000,10
72,46,3.323000,10
72,47,3.019000,10
72,48,2.921000,10
72,49,1.447000,4
72,50,1.783000,5
72,51,3.545000,10
72,52,1.726000,4
72,53,1.344000,4
72,54,2.013000,4
72,55,1.671000,4
72,56,1.931000,4
72,57,3.672000,10
72,58,2.060000,4
72,59,1.601000,4
72,60,2.439000,7
72,61,3.527000,10
72,62,1.843000,4
72,63,3.340000,10
72,64,3.720000,11
72,65,2.569000,11
72,66,3.150000,13
72,67,6.017000,21
72,68,3.499000,11
72,69,3.749000,14
72,70,3.798000,12
72,71,2.342000,13
72,72,1.040000,12
72,73,2.900000,12
72,74,4.288000,13
72,75,3.422000,13
72,76,2.350000,7
72,77,3.189000,12
72,78,2.847000,11
72,79,2.935000,11
72,80,2.291000,7
72,81,3.771000,10
72,82,1.885000,4
72,83,2.320000,7
72,84,3.830000,10
72,85,2.211000,7
72,86,2.301000,7
72,87,4.144000,12
72,88,5.397000,20
72,89,2.910000,10
72,90,2.265000,9
72,91,2.127000,8
72,92,3.277000,11
72,93,4.197000,11
72,94,3.975000,14
72,95,2.676000,8
72,96,4.332000,14
73,1,3.795000,13
73,2,2.955000,12
73,3,3.372000,12
73,4,4.065000,15
73,5,3.598000,13
73,6,2.106000,10
73,7,2.700000,9
73,8,2.389000,9
73,9,2.120000,8
73,10,3.045000,9
73,11,3.940000,12
73,12,2.923000,13
73,13,4.002000,11
73,14,2.789000,11
73,15,2.831000,9
73,16,3.832000,14
73,17,2.964000,14
73,18,3.440000,14
73,19,4.450000,14
73,20,3.627000,11
73,21,4.375000,15
73,22,2.821000,12
73,23,3.815000,16
73,24,1.578000,12
73,25,2.270000,7
73,26,3.254000,12
73,27,4.559000,13
73,28,4.890000,18
73,29,4.256000,18
73,30,1.304000,13
73,31,3.464000,12
73,32,3.520000,13
73,33,2.604000,7
73,34,3.254000,13
73,35,3.538000,13
73,36,2.338000,13
73,37,3.775000,13
73,38,3.915000,13
73,39,3.659000,13
73,40,3.594000,13
73,41,2.864000,11
73,42,1.910000,11
73,43,2.508000,9
73,44,2.841000,8
73,45,2.763000,10
73,46,3.471000,10
73,47,2.822000,10
73,48,2.572000,10
73,49,1.362000,4
73,50,2.396000,5
73,51,3.941000,10
73,52,1.392000,4
73,53,1.900000,4
73,54,1.944000,4
73,55,1.543000,4
73,56,1.482000,4
73,57,2.695000,10
73,58,1.450000,4
73,59,1.938000,4
73,60,2.510000,7
73,61,3.773000,10
73,62,1.514000,4
73,63,3.280000,11
73,64,3.412000,10
73,65,2.172000,9
73,66,2.320000,13
73,67,6.360000,21
73,68,3.362000,12
73,69,3.689000,14
73,70,2.766000,12
73,71,3.166000,13
73,72,1.313000,12
73,73,3.353000,12
73,74,3.529000,13
73,75,3.630000,13
73,76,2.634000,7
73,77,3.057000,12
73,78,2.156000,9
73,79,3.001000,10
73,80,2.526000,7
73,81,3.700000,10
73,82,1.589000,4
73,83,2.264000,7
73,84,3.163000,10
73,85,1.990000,7
73,86,2.110000,7
73,87,2.883000,12
73,88,5.849000,18
73,89,2.155000,11
73,90,2.600000,10
73,91,2.508000,9
73,92,2.818000,9
73,93,3.653000,11
73,94,4.440000,15
73,95,2.388000,8
73,96,3.280000,13
