iteration,subproblem,solve_time_sec,ipopt_iters
1,1,4.453000,15
1,2,5.024000,14
1,3,4.788000,14
1,4,4.202000,13
1,5,4.492000,14
1,6,2.909000,14
1,7,3.975000,14
1,8,5.019000,14
1,9,3.822000,14
1,10,3.836000,14
1,11,3.892000,14
1,12,3.415000,14
1,13,3.975000,14
1,14,5.325000,17
1,15,4.012000,15
1,16,4.690000,17
1,17,4.739000,17
1,18,2.546000,21
1,19,4.513000,15
1,20,4.969000,15
1,21,5.027000,15
1,22,4.057000,14
1,23,3.654000,15
1,24,3.475000,16
1,25,4.394000,15
1,26,5.556000,17
1,27,4.884000,15
1,28,4.636000,15
1,29,4.837000,15
1,30,1.595000,13
1,31,4.134000,14
1,32,3.368000,12
1,33,4.292000,16
1,34,4.199000,15
1,35,4.762000,15
1,36,3.830000,15
1,37,3.544000,14
1,38,3.997000,15
1,39,4.154000,15
1,40,3.652000,15
1,41,3.831000,14
1,42,3.861000,14
1,43,4.394000,14
1,44,3.715000,14
1,45,4.574000,14
1,46,3.152000,14
1,47,3.659000,13
1,48,2.945000,14
1,49,4.137000,13
1,50,3.795000,14
1,51,4.386000,13
1,52,3.993000,13
1,53,3.280000,13
1,54,3.225000,13
1,55,4.323000,16
1,56,5.206000,14
1,57,3.926000,14
1,58,4.262000,14
1,59,4.953000,14
1,60,2.903000,14
1,61,4.304000,14
1,62,4.382000,14
1,63,4.865000,14
1,64,4.525000,14
1,65,4.180000,14
1,66,2.972000,14
1,67,4.565000,15
1,68,5.293000,15
1,69,5.973000,15
1,70,5.606000,14
1,71,3.925000,15
1,72,0.930000,15
1,73,4.517000,15
1,74,4.227000,15
1,75,4.486000,14
1,76,4.111000,14
1,77,4.825000,14
1,78,3.028000,14
1,79,3.862000,14
1,80,3.848000,14
1,81,4.255000,14
1,82,3.860000,14
1,83,4.160000,15
1,84,3.700000,15
1,85,4.174000,14
1,86,3.593000,14
1,87,3.229000,14
1,88,4.324000,14
1,89,3.830000,14
1,90,4.140000,14
1,91,4.394000,14
1,92,4.018000,14
1,93,4.112000,14
1,94,3.783000,14
1,95,4.398000,14
1,96,3.392000,11
2,1,2.741000,9
2,2,2.403000,7
2,3,1.984000,5
2,4,2.263000,6
2,5,1.405000,5
2,6,0.525000,6
2,7,1.743000,5
2,8,2.142000,6
2,9,2.192000,6
2,10,1.753000,6
2,11,1.884000,6
2,12,1.139000,6
2,13,2.020000,6
2,14,1.758000,6
2,15,1.796000,6
2,16,1.541000,6
2,17,1.634000,6
2,18,1.775000,6
2,19,1.741000,5
2,20,1.731000,6
2,21,1.419000,6
2,22,1.781000,6
2,23,1.859000,6
2,24,1.568000,6
2,25,2.466000,6
2,26,2.033000,6
2,27,2.191000,6
2,28,2.015000,6
2,29,1.789000,6
2,30,0.703000,6
2,31,2.020000,6
2,32,2.105000,6
2,33,1.674000,6
2,34,1.798000,6
2,35,1.775000,6
2,36,1.265000,6
2,37,1.596000,5
2,38,1.458000,5
2,39,2.011000,5
2,40,1.312000,5
2,41,1.342000,5
2,42,1.436000,5
2,43,1.743000,5
2,44,1.713000,5
2,45,1.932000,5
2,46,1.519000,5
2,47,2.088000,5
2,48,1.149000,5
2,49,1.745000,5
2,50,1.530000,5
2,51,1.720000,5
2,52,1.550000,5
2,53,1.553000,5
2,54,1.688000,5
2,55,1.230000,4
2,56,1.449000,5
2,57,2.090000,5
2,58,1.320000,5
2,59,1.496000,5
2,60,1.745000,5
2,61,1.481000,5
2,62,1.367000,5
2,63,1.308000,4
2,64,2.493000,6
2,65,2.218000,5
2,66,1.257000,5
2,67,2.247000,6
2,68,2.280000,7
2,69,1.975000,7
2,70,1.600000,5
2,71,1.989000,5
2,72,0.898000,5
2,73,1.745000,5
2,74,2.373000,6
2,75,1.659000,5
2,76,1.702000,5
2,77,1.563000,6
2,78,2.223000,5
2,79,1.836000,5
2,80,2.282000,6
2,81,1.293000,5
2,82,2.672000,5
2,83,1.920000,5
2,84,0.936000,5
2,85,2.020000,5
2,86,2.105000,6
2,87,2.406000,6
2,88,1.982000,5
2,89,1.539000,5
2,90,1.039000,6
2,91,1.743000,5
2,92,1.512000,5
2,93,1.711000,6
2,94,1.499000,5
2,95,2.020000,6
2,96,1.515000,5
3,1,2.296000,6
3,2,2.145000,6
3,3,1.847000,6
3,4,2.008000,5
3,5,2.120000,5
3,6,0.915000,6
3,7,2.357000,6
3,8,2.349000,6
3,9,1.737000,6
3,10,1.438000,6
3,11,1.308000,6
3,12,1.502000,6
3,13,2.636000,6
3,14,2.306000,6
3,15,1.880000,6
3,16,2.215000,6
3,17,1.329000,5
3,18,0.797000,6
3,19,2.136000,6
3,20,2.308000,6
3,21,2.133000,6
3,22,2.168000,6
3,23,1.853000,6
3,24,0.743000,6
3,25,1.856000,6
3,26,2.278000,6
3,27,1.810000,6
3,28,2.338000,6
3,29,1.912000,6
3,30,0.920000,6
3,31,2.136000,6
3,32,2.161000,6
3,33,2.155000,6
3,34,1.760000,6
3,35,2.287000,6
3,36,0.470000,5
3,37,2.248000,6
3,38,1.562000,5
3,39,1.625000,5
3,40,1.667000,5
3,41,1.838000,5
3,42,1.529000,5
3,43,1.551000,5
3,44,1.879000,5
3,45,1.790000,5
3,46,2.175000,5
3,47,1.510000,5
3,48,1.388000,5
3,49,1.235000,5
3,50,1.639000,5
3,51,2.039000,6
3,52,1.540000,5
3,53,1.740000,5
3,54,1.402000,5
3,55,1.513000,5
3,56,1.414000,5
3,57,1.781000,5
3,58,1.571000,5
3,59,1.330000,5
3,60,1.642000,5
3,61,1.045000,4
3,62,1.402000,5
3,63,1.806000,4
3,64,1.462000,5
3,65,1.628000,6
3,66,1.832000,9
3,67,2.361000,8
3,68,2.580000,6
3,69,2.083000,6
3,70,2.273000,6
3,71,1.302000,5
3,72,0.790000,5
3,73,1.339000,6
3,74,2.210000,6
3,75,1.473000,5
3,76,1.897000,5
3,77,1.662000,5
3,78,1.595000,6
3,79,1.769000,5
3,80,2.050000,5
3,81,2.179000,6
3,82,1.872000,6
3,83,1.943000,6
3,84,0.819000,6
3,85,1.672000,6
3,86,1.498000,5
3,87,2.190000,6
3,88,1.423000,6
3,89,1.697000,6
3,90,1.567000,5
3,91,1.749000,6
3,92,1.845000,5
3,93,1.533000,5
3,94,1.576000,6
3,95,1.993000,6
3,96,1.320000,5
4,1,2.225000,6
4,2,2.440000,6
4,3,1.966000,5
4,4,1.703000,6
4,5,2.161000,6
4,6,1.240000,6
4,7,2.219000,6
4,8,2.252000,5
4,9,2.237000,6
4,10,2.170000,6
4,11,2.022000,6
4,12,0.828000,6
4,13,1.799000,6
4,14,1.386000,5
4,15,1.864000,6
4,16,2.301000,6
4,17,1.805000,6
4,18,1.618000,6
4,19,1.579000,6
4,20,1.958000,6
4,21,2.760000,6
4,22,1.680000,6
4,23,1.640000,6
4,24,1.461000,6
4,25,2.063000,6
4,26,1.918000,6
4,27,2.724000,6
4,28,1.648000,6
4,29,2.510000,6
4,30,0.755000,6
4,31,1.761000,6
4,32,2.378000,6
4,33,2.160000,6
4,34,2.186000,6
4,35,2.011000,6
4,36,0.932000,6
4,37,1.379000,5
4,38,1.951000,5
4,39,2.509000,5
4,40,1.472000,5
4,41,1.820000,6
4,42,1.415000,5
4,43,1.425000,5
4,44,1.481000,5
4,45,1.871000,5
4,46,1.364000,5
4,47,1.439000,5
4,48,1.377000,5
4,49,1.579000,5
4,50,1.392000,5
4,51,2.260000,5
4,52,1.662000,6
4,53,1.888000,5
4,54,1.321000,5
4,55,1.995000,6
4,56,1.351000,4
4,57,2.134000,6
4,58,1.509000,5
4,59,1.864000,5
4,60,0.403000,6
4,61,1.579000,4
4,62,1.220000,4
4,63,2.125000,6
4,64,1.277000,4
4,65,2.102000,6
4,66,1.764000,5
4,67,1.747000,5
4,68,2.065000,6
4,69,2.206000,6
4,70,1.517000,6
4,71,1.641000,5
4,72,1.817000,6
4,73,2.214000,6
4,74,2.663000,6
4,75,1.604000,6
4,76,1.612000,5
4,77,1.439000,5
4,78,1.395000,4
4,79,1.276000,4
4,80,1.741000,6
4,81,1.949000,6
4,82,1.743000,6
4,83,1.794000,6
4,84,1.370000,6
4,85,1.996000,5
4,86,1.910000,6
4,87,2.506000,5
4,88,1.986000,6
4,89,2.170000,6
4,90,1.117000,6
4,91,2.214000,5
4,92,2.253000,6
4,93,1.837000,5
4,94,1.970000,6
4,95,2.367000,6
4,96,1.030000,5
5,1,2.398000,6
5,2,2.821000,6
5,3,1.646000,6
5,4,1.922000,6
5,5,1.648000,6
5,6,0.689000,5
5,7,1.767000,6
5,8,2.256000,6
5,9,2.148000,6
5,10,2.075000,6
5,11,1.704000,6
5,12,1.007000,6
5,13,2.499000,6
5,14,2.073000,6
5,15,2.173000,6
5,16,2.282000,6
5,17,1.444000,6
5,18,0.898000,6
5,19,2.116000,6
5,20,1.579000,6
5,21,2.355000,6
5,22,1.852000,6
5,23,1.374000,6
5,24,0.390000,6
5,25,2.116000,6
5,26,2.186000,6
5,27,2.200000,6
5,28,2.103000,6
5,29,1.728000,6
5,30,0.801000,6
5,31,2.262000,6
5,32,1.939000,6
5,33,2.311000,6
5,34,2.178000,6
5,35,1.795000,6
5,36,0.813000,6
5,37,1.650000,6
5,38,1.491000,5
5,39,1.617000,5
5,40,1.358000,5
5,41,1.778000,6
5,42,1.240000,4
5,43,1.228000,4
5,44,1.690000,5
5,45,1.428000,5
5,46,1.663000,5
5,47,1.630000,5
5,48,1.322000,5
5,49,1.557000,5
5,50,1.354000,5
5,51,2.043000,5
5,52,2.023000,6
5,53,1.750000,5
5,54,1.289000,5
5,55,1.753000,6
5,56,1.801000,4
5,57,1.321000,5
5,58,1.533000,5
5,59,1.658000,6
5,60,1.208000,4
5,61,1.390000,5
5,62,1.106000,4
5,63,1.221000,4
5,64,2.212000,5
5,65,1.038000,4
5,66,0.830000,8
5,67,2.116000,6
5,68,1.972000,5
5,69,1.618000,5
5,70,1.589000,4
5,71,1.920000,4
5,72,1.109000,5
5,73,1.790000,5
5,74,1.576000,4
5,75,1.161000,4
5,76,1.745000,5
5,77,1.184000,4
5,78,1.884000,6
5,79,1.868000,5
5,80,1.425000,5
5,81,1.495000,5
5,82,1.878000,5
5,83,1.790000,5
5,84,1.649000,5
5,85,2.116000,6
5,86,1.455000,6
5,87,1.780000,6
5,88,2.017000,7
5,89,2.061000,6
5,90,1.250000,6
5,91,2.116000,6
5,92,2.430000,6
5,93,1.851000,5
5,94,1.809000,6
5,95,1.711000,6
5,96,1.080000,5
6,1,1.550000,5
6,2,2.228000,6
6,3,1.846000,6
6,4,1.757000,6
6,5,2.176000,6
6,6,1.106000,6
6,7,1.625000,5
6,8,1.538000,6
6,9,1.883000,6
6,10,1.825000,6
6,11,1.915000,6
6,12,1.250000,6
6,13,1.893000,5
6,14,1.488000,5
6,15,1.861000,5
6,16,1.729000,6
6,17,2.479000,6
6,18,1.154000,6
6,19,1.708000,6
6,20,1.740000,6
6,21,2.078000,6
6,22,1.599000,6
6,23,1.918000,6
6,24,1.250000,6
6,25,2.623000,6
6,26,2.089000,6
6,27,1.912000,6
6,28,1.728000,6
6,29,1.594000,6
6,30,0.746000,5
6,31,1.795000,5
6,32,1.635000,5
6,33,1.371000,6
6,34,1.892000,5
6,35,1.299000,4
6,36,1.585000,6
6,37,1.732000,6
6,38,1.213000,6
6,39,1.331000,5
6,40,2.091000,6
6,41,1.411000,5
6,42,1.483000,5
6,43,1.552000,4
6,44,1.793000,5
6,45,1.413000,4
6,46,1.138000,4
6,47,1.472000,4
6,48,2.065000,5
6,49,1.115000,5
6,50,1.797000,5
6,51,1.210000,4
6,52,1.216000,5
6,53,1.070000,4
6,54,1.675000,5
6,55,5.554000,26
6,56,4.641000,26
6,57,0.640000,5
6,58,0.084000,5
6,59,0.089000,5
6,60,0.073000,4
6,61,1.182000,5
6,62,1.403000,5
6,63,1.238000,4
6,64,1.282000,4
6,65,1.069000,4
6,66,0.445000,4
6,67,1.568000,5
6,68,1.645000,5
6,69,2.335000,5
6,70,1.848000,6
6,71,2.160000,6
6,72,0.880000,5
6,73,1.700000,5
6,74,1.717000,5
6,75,2.110000,6
6,76,2.585000,6
6,77,2.038000,7
6,78,0.695000,5
6,79,1.993000,5
6,80,1.184000,4
6,81,1.759000,6
6,82,1.503000,4
6,83,1.148000,4
6,84,1.189000,4
6,85,2.011000,6
6,86,2.085000,5
6,87,1.298000,5
6,88,2.362000,6
6,89,1.673000,5
6,90,1.081000,5
6,91,1.355000,6
6,92,1.599000,6
6,93,1.317000,5
6,94,1.764000,6
6,95,1.379000,6
6,96,1.323000,5
7,1,1.597000,5
7,2,1.988000,5
7,3,1.598000,6
7,4,2.199000,6
7,5,1.807000,6
7,6,0.575000,5
7,7,1.494000,5
7,8,1.849000,5
7,9,1.099000,5
7,10,1.756000,6
7,11,1.605000,5
7,12,1.005000,5
7,13,1.915000,6
7,14,2.108000,5
7,15,1.492000,5
7,16,2.086000,6
7,17,1.810000,6
7,18,1.240000,6
7,19,1.911000,6
7,20,2.113000,6
7,21,1.903000,6
7,22,1.677000,6
7,23,1.810000,5
7,24,1.202000,5
7,25,2.246000,6
7,26,1.786000,6
7,27,2.329000,6
7,28,1.785000,5
7,29,1.779000,5
7,30,0.811000,5
7,31,1.915000,6
7,32,1.883000,6
7,33,1.746000,6
7,34,1.488000,5
7,35,1.692000,6
7,36,1.371000,6
7,37,2.126000,6
7,38,1.401000,5
7,39,1.871000,6
7,40,1.591000,4
7,41,1.131000,4
7,42,1.261000,5
7,43,1.166000,4
7,44,1.595000,4
7,45,1.842000,5
7,46,1.985000,5
7,47,1.261000,4
7,48,1.102000,5
7,49,1.689000,5
7,50,1.329000,5
7,51,1.738000,5
7,52,1.591000,5
7,53,1.567000,5
7,54,1.558000,5
7,55,3.361000,14
7,56,2.211000,7
7,57,1.690000,6
7,58,1.402000,5
7,59,1.107000,4
7,60,0.841000,4
7,61,1.580000,5
7,62,1.010000,4
7,63,1.431000,4
7,64,1.973000,6
7,65,1.705000,6
7,66,1.697000,5
7,67,1.914000,6
7,68,1.461000,4
7,69,0.979000,4
7,70,1.738000,5
7,71,1.779000,5
7,72,1.362000,6
7,73,1.666000,4
7,74,1.495000,4
7,75,1.160000,4
7,76,1.549000,4
7,77,1.690000,5
7,78,1.286000,4
7,79,1.912000,5
7,80,2.108000,6
7,81,1.473000,6
7,82,2.139000,6
7,83,2.280000,6
7,84,0.949000,7
7,85,1.724000,5
7,86,1.574000,5
7,87,1.956000,4
7,88,1.779000,5
7,89,1.919000,6
7,90,1.351000,5
7,91,1.705000,6
7,92,1.782000,5
7,93,1.931000,5
7,94,1.674000,6
7,95,1.971000,6
7,96,1.210000,5
8,1,2.037000,5
8,2,1.899000,5
8,3,1.570000,5
8,4,1.756000,6
8,5,1.613000,6
8,6,1.180000,5
8,7,2.026000,5
8,8,2.284000,6
8,9,1.613000,5
8,10,2.209000,5
8,11,1.243000,6
8,12,0.460000,6
8,13,1.590000,6
8,14,1.615000,6
8,15,1.959000,6
8,16,2.110000,6
8,17,1.252000,6
8,18,0.244000,6
8,19,2.022000,6
8,20,2.156000,6
8,21,2.527000,6
8,22,1.829000,5
8,23,1.450000,6
8,24,0.653000,6
8,25,1.616000,6
8,26,2.057000,6
8,27,2.305000,6
8,28,1.987000,6
8,29,1.451000,6
8,30,0.421000,6
8,31,1.810000,6
8,32,1.709000,6
8,33,2.073000,6
8,34,1.631000,5
8,35,1.811000,6
8,36,1.040000,6
8,37,1.007000,4
8,38,2.784000,7
8,39,1.268000,5
8,40,1.687000,5
8,41,1.704000,6
8,42,1.151000,5
8,43,2.176000,6
8,44,1.798000,6
8,45,1.128000,4
8,46,1.254000,4
8,47,1.677000,5
8,48,1.750000,6
8,49,1.735000,6
8,50,2.094000,5
8,51,1.137000,5
8,52,1.423000,4
8,53,1.651000,5
8,54,1.419000,5
8,55,3.712000,14
8,56,2.729000,7
8,57,1.554000,4
8,58,2.103000,5
8,59,0.517000,4
8,60,0.345000,5
8,61,1.726000,5
8,62,1.364000,4
8,63,1.480000,4
8,64,1.181000,4
8,65,1.266000,4
8,66,1.463000,5
8,67,1.660000,4
8,68,1.521000,4
8,69,1.591000,5
8,70,1.979000,5
8,71,1.495000,5
8,72,1.486000,5
8,73,2.030000,5
8,74,1.624000,5
8,75,1.699000,5
8,76,1.524000,5
8,77,1.699000,4
8,78,1.466000,5
8,79,1.822000,5
8,80,1.654000,5
8,81,1.596000,5
8,82,1.496000,5
8,83,2.121000,6
8,84,1.175000,4
8,85,1.630000,5
8,86,2.168000,7
8,87,1.689000,5
8,88,1.110000,4
8,89,1.774000,6
8,90,1.559000,6
8,91,1.356000,4
8,92,1.254000,5
8,93,1.311000,5
8,94,1.805000,6
8,95,1.868000,5
8,96,1.580000,5
9,1,1.758000,4
9,2,2.030000,5
9,3,1.660000,5
9,4,1.577000,6
9,5,1.811000,7
9,6,1.171000,5
9,7,1.642000,6
9,8,1.245000,4
9,9,1.869000,5
9,10,1.298000,5
9,11,1.375000,5
9,12,1.382000,5
9,13,1.778000,5
9,14,1.641000,5
9,15,1.421000,5
9,16,1.494000,5
9,17,1.290000,5
9,18,0.904000,6
9,19,2.046000,6
9,20,1.829000,5
9,21,1.704000,6
9,22,1.644000,6
9,23,2.248000,6
9,24,1.221000,5
9,25,2.058000,6
9,26,2.075000,6
9,27,1.769000,6
9,28,1.556000,6
9,29,2.315000,6
9,30,1.216000,5
9,31,1.720000,5
9,32,1.980000,7
9,33,1.856000,6
9,34,2.255000,6
9,35,1.469000,4
9,36,1.565000,6
9,37,1.246000,4
9,38,1.481000,4
9,39,1.402000,5
9,40,1.670000,6
9,41,1.274000,5
9,42,4.018000,25
9,43,5.618000,31
9,44,1.568000,5
9,45,2.040000,6
9,46,1.490000,5
9,47,0.956000,6
9,48,0.399000,26
9,49,5.088000,26
9,50,1.120000,5
9,51,1.151000,5
9,52,1.722000,5
9,53,1.259000,6
9,54,0.720000,5
9,55,2.501000,11
9,56,3.179000,12
9,57,1.798000,5
9,58,1.260000,4
9,59,1.040000,4
9,60,0.870000,4
9,61,1.823000,5
9,62,1.570000,4
9,63,1.056000,4
9,64,1.687000,5
9,65,1.900000,5
9,66,3.333000,26
9,67,6.125000,28
9,68,1.639000,5
9,69,1.397000,5
9,70,1.095000,5
9,71,1.315000,6
9,72,0.367000,6
9,73,4.518000,22
9,74,2.017000,6
9,75,3.678000,22
9,76,0.626000,5
9,77,0.399000,5
9,78,0.213000,5
9,79,5.090000,28
9,80,1.708000,5
9,81,1.203000,5
9,82,1.483000,5
9,83,0.930000,4
9,84,0.667000,6
9,85,1.675000,5
9,86,1.598000,4
9,87,1.345000,4
9,88,1.754000,6
9,89,1.469000,5
9,90,1.308000,4
9,91,0.960000,4
9,92,1.322000,5
9,93,1.530000,5
9,94,1.600000,6
9,95,1.620000,6
9,96,1.810000,5
10,1,1.683000,4
10,2,1.801000,5
10,3,1.506000,5
10,4,1.927000,5
10,5,2.258000,5
10,6,1.483000,5
10,7,1.617000,5
10,8,2.246000,5
10,9,2.031000,6
10,10,1.917000,6
10,11,4.037000,25
10,12,0.796000,5
10,13,1.484000,5
10,14,1.579000,5
10,15,1.197000,5
10,16,1.484000,6
10,17,1.772000,6
10,18,1.817000,6
10,19,1.863000,6
10,20,1.895000,6
10,21,1.793000,5
10,22,1.850000,5
10,23,2.027000,6
10,24,1.516000,5
10,25,2.026000,5
10,26,2.092000,6
10,27,1.829000,6
10,28,4.615000,6
10,29,1.261000,6
10,30,0.740000,5
10,31,1.401000,5
10,32,1.693000,5
10,33,1.548000,4
10,34,2.049000,6
10,35,2.477000,6
10,36,1.561000,6
10,37,1.797000,4
10,38,1.810000,5
10,39,4.922000,22
10,40,3.512000,25
10,41,2.550000,29
10,42,0.901000,14
10,43,3.239000,14
10,44,2.030000,6
10,45,1.850000,6
10,46,2.034000,5
10,47,1.551000,5
10,48,1.734000,14
10,49,3.598000,14
10,50,1.721000,5
10,51,1.520000,5
10,52,1.418000,5
10,53,1.393000,4
10,54,1.092000,4
10,55,2.885000,11
10,56,2.437000,11
10,57,1.861000,5
10,58,1.723000,5
10,59,1.295000,4
10,60,1.028000,5
10,61,1.693000,5
10,62,1.608000,5
10,63,1.870000,7
10,64,5.237000,28
10,65,2.594000,27
10,66,1.381000,20
10,67,3.757000,17
10,68,4.621000,25
10,69,3.060000,25
10,70,1.795000,25
10,71,1.200000,25
10,72,0.921000,26
10,73,4.369000,21
10,74,4.673000,25
10,75,2.966000,19
10,76,2.023000,25
10,77,1.333000,25
10,78,0.925000,27
10,79,3.615000,20
10,80,5.914000,28
10,81,3.067000,25
10,82,1.667000,24
10,83,0.522000,5
10,84,0.455000,5
10,85,1.995000,7
10,86,1.294000,4
10,87,1.547000,5
10,88,1.982000,4
10,89,1.580000,4
10,90,1.616000,5
10,91,1.501000,5
10,92,1.174000,4
10,93,1.352000,4
10,94,1.786000,6
10,95,2.056000,6
10,96,1.738000,5
11,1,2.473000,8
11,2,2.538000,8
11,3,1.655000,5
11,4,2.475000,5
11,5,1.620000,4
11,6,1.560000,5
11,7,1.852000,5
11,8,2.344000,5
11,9,1.953000,5
11,10,2.469000,5
11,11,2.308000,10
11,12,1.282000,5
11,13,1.879000,4
11,14,1.568000,4
11,15,1.666000,4
11,16,1.639000,5
11,17,1.621000,5
11,18,1.464000,5
11,19,1.994000,5
11,20,1.895000,5
11,21,1.675000,5
11,22,2.181000,5
11,23,1.750000,4
11,24,1.812000,5
11,25,1.828000,5
11,26,1.445000,4
11,27,1.427000,5
11,28,1.550000,5
11,29,2.648000,5
11,30,1.394000,4
11,31,1.720000,5
11,32,2.221000,6
11,33,1.154000,4
11,34,2.116000,5
11,35,2.006000,6
11,36,1.080000,4
11,37,2.197000,6
11,38,2.294000,4
11,39,3.160000,11
11,40,2.813000,11
11,41,2.238000,11
11,42,1.533000,11
11,43,2.542000,11
11,44,1.414000,4
11,45,1.430000,4
11,46,1.820000,5
11,47,2.256000,5
11,48,2.203000,11
11,49,3.128000,11
11,50,1.776000,5
11,51,2.122000,5
11,52,2.182000,6
11,53,1.616000,5
11,54,3.572000,28
11,55,3.982000,19
11,56,5.290000,19
11,57,4.686000,28
11,58,2.101000,27
11,59,1.277000,25
11,60,0.890000,24
11,61,8.404000,28
11,62,4.409000,27
11,63,2.402000,24
11,64,0.826000,12
11,65,0.652000,13
11,66,0.660000,12
11,67,3.036000,12
11,68,3.191000,12
11,69,3.428000,14
11,70,2.690000,14
11,71,1.688000,14
11,72,1.376000,14
11,73,3.971000,14
11,74,4.186000,15
11,75,3.213000,13
11,76,1.626000,12
11,77,1.196000,12
11,78,1.144000,13
11,79,3.967000,15
11,80,3.221000,12
11,81,3.327000,12
11,82,3.154000,19
11,83,1.882000,28
11,84,1.470000,26
11,85,5.365000,24
11,86,5.672000,26
11,87,3.243000,27
11,88,1.993000,27
11,89,1.285000,25
11,90,0.678000,22
11,91,2.861000,6
11,92,2.431000,5
11,93,1.857000,4
11,94,1.795000,5
11,95,2.534000,6
11,96,1.185000,5
12,1,5.091000,25
12,2,5.375000,26
12,3,3.315000,28
12,4,1.499000,24
12,5,0.303000,7
12,6,0.265000,6
12,7,1.581000,6
12,8,1.717000,5
12,9,0.948000,4
12,10,2.464000,9
12,11,2.474000,7
12,12,1.391000,4
12,13,1.953000,5
12,14,2.135000,5
12,15,1.660000,5
12,16,1.883000,6
12,17,1.907000,5
12,18,1.167000,4
12,19,1.768000,5
12,20,1.822000,5
12,21,2.084000,5
12,22,1.469000,5
12,23,1.497000,5
12,24,1.481000,5
12,25,2.161000,5
12,26,1.559000,4
12,27,1.993000,5
12,28,1.421000,4
12,29,1.816000,5
12,30,1.958000,5
12,31,2.160000,5
12,32,1.507000,4
12,33,1.545000,4
12,34,1.758000,7
12,35,1.648000,5
12,36,1.762000,5
12,37,1.532000,6
12,38,1.384000,5
12,39,2.812000,11
12,40,2.131000,11
12,41,2.235000,10
12,42,1.603000,7
12,43,1.741000,7
12,44,1.890000,5
12,45,2.283000,7
12,46,2.463000,6
12,47,1.944000,5
12,48,1.557000,8
12,49,2.007000,8
12,50,7.369000,30
12,51,3.969000,29
12,52,2.252000,27
12,53,0.791000,27
12,54,0.231000,18
12,55,4.043000,19
12,56,2.589000,12
12,57,2.935000,12
12,58,2.192000,17
12,59,1.509000,13
12,60,0.969000,12
12,61,3.054000,13
12,62,2.829000,12
12,63,3.160000,12
12,64,2.414000,18
12,65,1.654000,12
12,66,1.219000,12
12,67,3.549000,16
12,68,3.930000,17
12,69,3.194000,17
12,70,2.031000,16
12,71,1.445000,11
12,72,1.133000,11
12,73,3.057000,11
12,74,2.958000,11
12,75,3.790000,17
12,76,2.449000,17
12,77,1.800000,17
12,78,1.162000,11
12,79,2.773000,12
12,80,4.099000,17
12,81,3.077000,17
12,82,1.632000,12
12,83,1.479000,12
12,84,1.328000,14
12,85,2.415000,11
12,86,2.303000,12
12,87,2.358000,12
12,88,2.770000,12
12,89,3.080000,21
12,90,1.011000,8
12,91,4.066000,24
12,92,5.100000,23
12,93,1.806000,5
12,94,1.164000,5
12,95,0.948000,6
12,96,0.877000,5
13,1,2.826000,12
13,2,2.551000,12
13,3,3.797000,20
13,4,1.982000,8
13,5,3.458000,26
13,6,1.511000,24
13,7,4.955000,26
13,8,4.859000,23
13,9,3.335000,24
13,10,1.048000,5
13,11,0.695000,7
13,12,0.895000,6
13,13,1.551000,5
13,14,1.651000,5
13,15,1.580000,5
13,16,1.872000,5
13,17,1.538000,5
13,18,0.788000,4
13,19,1.664000,5
13,20,1.739000,5
13,21,2.124000,6
13,22,2.078000,5
13,23,1.158000,4
13,24,1.243000,5
13,25,1.618000,6
13,26,1.450000,5
13,27,1.846000,5
13,28,1.192000,4
13,29,1.179000,5
13,30,1.959000,5
13,31,1.197000,4
13,32,1.542000,5
13,33,1.629000,5
13,34,1.499000,5
13,35,1.356000,5
13,36,1.151000,4
13,37,2.068000,8
13,38,1.505000,7
13,39,1.804000,9
13,40,3.163000,17
13,41,2.542000,18
13,42,1.388000,8
13,43,1.549000,8
13,44,6.471000,30
13,45,4.511000,27
13,46,2.235000,26
13,47,0.785000,26
13,48,0.280000,19
13,49,4.786000,22
13,50,3.964000,19
13,51,2.490000,15
13,52,1.964000,15
13,53,1.439000,11
13,54,1.507000,12
13,55,3.605000,14
13,56,2.500000,12
13,57,2.980000,18
13,58,2.164000,12
13,59,1.691000,11
13,60,1.368000,11
13,61,2.359000,10
13,62,2.727000,10
13,63,2.905000,11
13,64,1.858000,9
13,65,1.984000,9
13,66,1.606000,9
13,67,2.843000,12
13,68,2.953000,12
13,69,2.656000,12
13,70,2.158000,11
13,71,2.106000,10
13,72,1.458000,10
13,73,2.359000,10
13,74,3.095000,10
13,75,2.519000,10
13,76,2.815000,12
13,77,2.190000,12
13,78,1.402000,9
13,79,2.015000,9
13,80,2.564000,10
13,81,2.421000,10
13,82,2.399000,10
13,83,2.959000,18
13,84,1.456000,10
13,85,2.807000,11
13,86,2.979000,10
13,87,3.889000,19
13,88,3.634000,19
13,89,1.140000,12
13,90,1.689000,19
13,91,4.182000,18
13,92,2.486000,8
13,93,1.970000,6
13,94,1.431000,4
13,95,1.417000,6
13,96,1.505000,5
14,1,3.142000,12
14,2,3.722000,18
14,3,2.650000,11
14,4,3.030000,15
14,5,2.342000,12
14,6,1.421000,12
14,7,3.794000,20
14,8,2.369000,8
14,9,3.873000,19
14,10,5.917000,26
14,11,1.780000,21
14,12,1.186000,26
14,13,5.824000,25
14,14,4.918000,23
14,15,3.990000,24
14,16,2.690000,23
14,17,1.003000,23
14,18,0.675000,23
14,19,1.380000,6
14,20,1.726000,6
14,21,2.117000,5
14,22,1.868000,6
14,23,1.770000,5
14,24,4.332000,22
14,25,1.305000,5
14,26,1.580000,5
14,27,1.603000,5
14,28,1.666000,5
14,29,2.143000,5
14,30,1.746000,5
14,31,1.585000,6
14,32,1.540000,5
14,33,4.111000,22
14,34,3.970000,22
14,35,4.179000,24
14,36,2.699000,28
14,37,6.521000,30
14,38,6.124000,28
14,39,3.766000,21
14,40,1.363000,20
14,41,0.907000,20
14,42,0.407000,8
14,43,1.992000,8
14,44,4.008000,19
14,45,3.991000,19
14,46,2.753000,15
14,47,2.486000,15
14,48,1.326000,12
14,49,2.719000,12
14,50,2.707000,11
14,51,3.156000,12
14,52,4.024000,19
14,53,3.004000,18
14,54,1.283000,11
14,55,2.078000,11
14,56,2.658000,11
14,57,4.420000,19
14,58,2.353000,9
14,59,4.185000,21
14,60,1.422000,9
14,61,2.709000,12
14,62,2.262000,10
14,63,3.201000,11
14,64,3.380000,11
14,65,2.514000,9
14,66,2.408000,18
14,67,2.513000,12
14,68,2.694000,10
14,69,2.870000,11
14,70,2.344000,9
14,71,1.780000,7
14,72,1.875000,7
14,73,1.648000,7
14,74,2.130000,9
14,75,2.802000,9
14,76,2.488000,11
14,77,2.346000,12
14,78,2.200000,12
14,79,4.145000,18
14,80,2.468000,10
14,81,2.901000,11
14,82,2.555000,10
14,83,2.120000,12
14,84,2.000000,9
14,85,3.629000,14
14,86,3.377000,15
14,87,3.707000,17
14,88,1.747000,10
14,89,1.760000,10
14,90,1.563000,9
14,91,4.110000,19
14,92,2.636000,8
14,93,1.918000,6
14,94,1.649000,4
14,95,1.634000,6
14,96,1.682000,5
15,1,2.059000,9
15,2,2.149000,10
15,3,2.290000,11
15,4,2.275000,10
15,5,3.638000,19
15,6,3.189000,19
15,7,2.986000,11
15,8,4.322000,20
15,9,3.558000,17
15,10,3.878000,20
15,11,2.312000,19
15,12,0.480000,8
15,13,4.251000,21
15,14,3.962000,21
15,15,4.005000,21
15,16,3.596000,21
15,17,1.554000,19
15,18,0.601000,18
15,19,1.632000,5
15,20,4.591000,25
15,21,2.001000,6
15,22,1.512000,6
15,23,2.131000,6
15,24,3.726000,21
15,25,1.731000,6
15,26,2.060000,6
15,27,2.207000,7
15,28,1.424000,6
15,29,5.020000,27
15,30,1.643000,5
15,31,5.376000,27
15,32,5.197000,26
15,33,3.630000,19
15,34,2.740000,21
15,35,0.423000,8
15,36,0.524000,21
15,37,1.774000,8
15,38,4.081000,18
15,39,2.162000,9
15,40,3.423000,18
15,41,2.963000,16
15,42,2.557000,17
15,43,3.364000,17
15,44,2.730000,11
15,45,2.293000,12
15,46,2.662000,12
15,47,2.289000,11
15,48,1.824000,20
15,49,1.849000,9
15,50,2.559000,12
15,51,2.319000,12
15,52,2.467000,10
15,53,3.916000,20
15,54,2.594000,12
15,55,2.534000,10
15,56,1.731000,8
15,57,2.538000,12
15,58,2.287000,10
15,59,2.893000,11
15,60,3.097000,18
15,61,2.836000,12
15,62,2.165000,7
15,63,3.079000,12
15,64,3.296000,12
15,65,2.636000,12
15,66,2.264000,12
15,67,2.911000,12
15,68,2.965000,12
15,69,3.089000,12
15,70,2.808000,12
15,71,2.690000,12
15,72,1.957000,12
15,73,2.838000,12
15,74,3.639000,12
15,75,3.046000,12
15,76,2.835000,12
15,77,2.502000,12
15,78,1.960000,12
15,79,2.670000,12
15,80,2.681000,12
15,81,2.595000,12
15,82,3.105000,12
15,83,1.835000,9
15,84,2.017000,12
15,85,2.151000,9
15,86,2.240000,10
15,87,2.080000,10
15,88,2.184000,8
15,89,2.817000,11
15,90,3.350000,14
15,91,2.668000,12
15,92,2.880000,13
15,93,1.624000,6
15,94,1.361000,6
15,95,1.798000,6
15,96,1.590000,5
16,1,3.023000,15
16,2,1.702000,7
16,3,2.359000,10
16,4,2.898000,13
16,5,2.698000,12
16,6,2.195000,9
16,7,2.261000,7
16,8,2.498000,10
16,9,2.258000,9
16,10,2.388000,11
16,11,2.373000,12
16,12,3.083000,20
16,13,2.130000,9
16,14,3.479000,16
16,15,2.238000,7
16,16,1.363000,7
16,17,2.069000,8
16,18,3.370000,21
16,19,1.156000,5
16,20,2.306000,12
16,21,1.159000,5
16,22,1.382000,5
16,23,1.380000,5
16,24,3.887000,20
16,25,1.740000,6
16,26,1.732000,6
16,27,4.500000,24
16,28,4.513000,23
16,29,3.103000,21
16,30,0.653000,5
16,31,2.860000,13
16,32,1.260000,7
16,33,1.927000,7
16,34,1.825000,7
16,35,1.892000,7
16,36,2.566000,14
16,37,3.900000,20
16,38,3.136000,18
16,39,3.661000,20
16,40,2.229000,12
16,41,2.050000,11
16,42,1.269000,13
16,43,1.828000,7
16,44,2.411000,11
16,45,3.113000,12
16,46,1.851000,9
16,47,2.544000,11
16,48,2.476000,11
16,49,3.803000,19
16,50,2.258000,9
16,51,2.434000,11
16,52,2.337000,10
16,53,2.364000,10
16,54,2.120000,11
16,55,2.580000,11
16,56,3.449000,18
16,57,2.315000,10
16,58,1.661000,6
16,59,2.170000,6
16,60,2.471000,13
16,61,2.617000,12
16,62,2.886000,12
16,63,3.260000,12
16,64,2.842000,12
16,65,2.986000,12
16,66,1.451000,12
16,67,2.678000,12
16,68,2.922000,12
16,69,2.908000,12
16,70,3.051000,12
16,71,2.674000,12
16,72,1.683000,12
16,73,2.834000,12
16,74,3.057000,12
16,75,3.240000,12
16,76,2.953000,12
16,77,2.857000,12
16,78,1.272000,12
16,79,2.992000,12
16,80,2.493000,12
16,81,3.154000,12
16,82,3.053000,12
16,83,2.705000,12
16,84,1.729000,12
16,85,2.963000,12
16,86,2.778000,12
16,87,3.447000,12
16,88,3.488000,19
16,89,2.221000,11
16,90,1.580000,16
16,91,2.606000,12
16,92,3.503000,14
16,93,1.758000,6
16,94,2.134000,6
16,95,2.068000,6
16,96,2.034000,6
17,1,3.492000,11
17,2,3.702000,14
17,3,3.490000,14
17,4,2.132000,7
17,5,1.670000,7
17,6,1.410000,9
17,7,2.897000,11
17,8,2.495000,11
17,9,2.168000,11
17,10,1.740000,7
17,11,2.453000,8
17,12,1.798000,9
17,13,3.040000,11
17,14,1.982000,10
17,15,3.385000,19
17,16,4.407000,19
17,17,3.119000,21
17,18,0.658000,7
17,19,2.448000,7
17,20,2.459000,11
17,21,1.715000,6
17,22,1.590000,4
17,23,5.408000,29
17,24,1.485000,7
17,25,1.270000,4
17,26,5.329000,28
17,27,2.257000,7
17,28,1.736000,7
17,29,2.302000,7
17,30,1.813000,6
17,31,3.254000,11
17,32,1.762000,7
17,33,4.976000,19
17,34,3.559000,19
17,35,2.599000,19
17,36,0.728000,12
17,37,2.868000,9
17,38,1.907000,8
17,39,2.497000,11
17,40,1.996000,10
17,41,2.246000,10
17,42,1.973000,10
17,43,3.030000,10
17,44,2.266000,9
17,45,2.688000,12
17,46,2.300000,9
17,47,2.678000,10
17,48,1.924000,10
17,49,2.837000,11
17,50,2.636000,11
17,51,2.829000,12
17,52,3.214000,12
17,53,2.841000,10
17,54,1.576000,10
17,55,2.136000,6
17,56,2.948000,11
17,57,2.184000,6
17,58,1.654000,6
17,59,3.322000,13
17,60,2.445000,13
17,61,3.792000,12
17,62,2.845000,12
17,63,2.651000,12
17,64,2.898000,12
17,65,2.361000,12
17,66,2.010000,12
17,67,3.587000,12
17,68,2.810000,12
17,69,2.701000,12
17,70,3.738000,12
17,71,2.574000,12
17,72,1.180000,12
17,73,3.884000,12
17,74,2.856000,12
17,75,2.876000,12
17,76,2.999000,12
17,77,2.439000,12
17,78,1.340000,12
17,79,3.254000,12
17,80,2.952000,12
17,81,3.080000,12
17,82,3.118000,12
17,83,2.010000,12
17,84,0.501000,12
17,85,3.567000,12
17,86,2.983000,12
17,87,2.903000,12
17,88,3.147000,12
17,89,1.942000,11
17,90,1.716000,12
17,91,3.355000,12
17,92,2.742000,12
17,93,1.292000,5
17,94,2.308000,7
17,95,2.890000,8
17,96,1.941000,6
18,1,3.480000,12
18,2,2.709000,11
18,3,3.122000,12
18,4,3.094000,13
18,5,2.107000,10
18,6,1.332000,7
18,7,3.364000,12
18,8,2.763000,11
18,9,2.387000,9
18,10,2.000000,10
18,11,2.745000,12
18,12,1.658000,7
18,13,1.807000,7
18,14,1.714000,7
18,15,3.083000,18
18,16,3.917000,19
18,17,2.419000,13
18,18,2.493000,16
18,19,4.916000,23
18,20,3.787000,19
18,21,4.458000,24
18,22,1.223000,5
18,23,0.831000,10
18,24,0.369000,10
18,25,1.725000,6
18,26,2.346000,10
18,27,2.721000,10
18,28,3.720000,19
18,29,3.255000,17
18,30,2.733000,25
18,31,2.517000,11
18,32,2.924000,12
18,33,3.771000,19
18,34,2.161000,8
18,35,1.660000,7
18,36,2.068000,10
18,37,1.895000,10
18,38,2.308000,10
18,39,2.189000,7
18,40,1.863000,7
18,41,1.912000,10
18,42,2.389000,9
18,43,2.208000,10
18,44,3.554000,20
18,45,2.457000,10
18,46,2.069000,10
18,47,2.083000,7
18,48,1.521000,7
18,49,2.657000,12
18,50,1.973000,9
18,51,2.865000,11
18,52,3.290000,12
18,53,2.735000,10
18,54,2.038000,10
18,55,2.528000,10
18,56,2.267000,10
18,57,2.775000,10
18,58,1.889000,6
18,59,3.179000,13
18,60,2.628000,13
18,61,3.183000,12
18,62,3.215000,12
18,63,3.418000,12
18,64,2.837000,12
18,65,3.209000,12
18,66,0.785000,12
18,67,2.983000,12
18,68,3.007000,12
18,69,3.042000,12
18,70,2.960000,12
18,71,2.940000,12
18,72,1.480000,12
18,73,2.856000,12
18,74,3.114000,12
18,75,2.966000,12
18,76,2.892000,12
18,77,2.757000,12
18,78,0.399000,12
18,79,2.906000,12
18,80,2.771000,12
18,81,2.809000,12
18,82,2.972000,12
18,83,2.510000,12
18,84,1.940000,12
18,85,3.605000,12
18,86,3.215000,12
18,87,2.574000,12
18,88,2.517000,12
18,89,2.478000,13
18,90,1.678000,12
18,91,2.469000,10
18,92,2.153000,9
18,93,2.127000,7
18,94,1.229000,5
18,95,1.639000,8
18,96,2.310000,6
19,1,2.556000,8
19,2,2.781000,12
19,3,2.618000,12
19,4,2.775000,12
19,5,3.410000,17
19,6,1.387000,12
19,7,1.488000,7
19,8,1.744000,6
19,9,2.010000,9
19,10,2.668000,10
19,11,2.594000,10
19,12,2.029000,12
19,13,2.363000,11
19,14,1.730000,7
19,15,1.887000,7
19,16,1.538000,7
19,17,2.132000,7
19,18,2.090000,7
19,19,1.836000,7
19,20,2.180000,8
19,21,1.942000,9
19,22,1.620000,6
19,23,2.307000,9
19,24,1.631000,7
19,25,2.123000,7
19,26,4.250000,19
19,27,1.980000,8
19,28,3.971000,18
19,29,1.556000,9
19,30,1.078000,8
19,31,1.432000,7
19,32,1.965000,7
19,33,1.961000,7
19,34,1.824000,7
19,35,2.857000,10
19,36,1.600000,7
19,37,2.136000,7
19,38,2.205000,10
19,39,3.844000,20
19,40,2.669000,11
19,41,2.386000,11
19,42,1.623000,12
19,43,1.644000,10
19,44,2.176000,10
19,45,2.050000,7
19,46,1.762000,7
19,47,2.464000,10
19,48,2.027000,10
19,49,2.126000,10
19,50,2.740000,14
19,51,1.755000,6
19,52,2.802000,8
19,53,2.107000,10
19,54,1.899000,10
19,55,2.357000,10
19,56,2.445000,10
19,57,2.236000,10
19,58,2.050000,6
19,59,3.090000,13
19,60,1.820000,12
19,61,2.549000,12
19,62,2.620000,12
19,63,2.956000,12
19,64,2.970000,12
19,65,2.364000,12
19,66,1.724000,12
19,67,3.310000,12
19,68,3.247000,12
19,69,3.432000,12
19,70,2.328000,12
19,71,1.933000,12
19,72,1.253000,12
19,73,2.644000,12
19,74,3.409000,12
19,75,2.989000,12
19,76,3.280000,12
19,77,2.142000,12
19,78,1.129000,12
19,79,3.650000,12
19,80,3.003000,12
19,81,3.204000,12
19,82,2.411000,12
19,83,2.094000,12
19,84,0.757000,12
19,85,2.784000,12
19,86,2.900000,12
19,87,2.852000,12
19,88,3.060000,12
19,89,1.960000,14
19,90,1.840000,14
19,91,3.646000,13
19,92,1.882000,7
19,93,2.108000,7
19,94,1.243000,6
19,95,1.468000,7
19,96,0.984000,5
20,1,2.319000,10
20,2,3.197000,13
20,3,3.064000,11
20,4,2.048000,9
20,5,2.743000,12
20,6,1.427000,13
20,7,2.728000,13
20,8,1.712000,7
20,9,2.030000,7
20,10,1.803000,8
20,11,2.104000,11
20,12,2.152000,11
20,13,2.662000,10
20,14,1.920000,9
20,15,2.669000,12
20,16,2.318000,12
20,17,1.988000,11
20,18,1.444000,7
20,19,1.796000,7
20,20,2.037000,7
20,21,2.200000,7
20,22,2.098000,6
20,23,2.009000,7
20,24,1.938000,7
20,25,1.495000,5
20,26,2.240000,7
20,27,1.727000,7
20,28,2.334000,7
20,29,2.379000,10
20,30,2.199000,11
20,31,2.171000,11
20,32,2.086000,11
20,33,2.568000,11
20,34,2.462000,11
20,35,1.490000,9
20,36,1.653000,9
20,37,3.081000,11
20,38,2.501000,11
20,39,1.720000,8
20,40,1.810000,8
20,41,1.975000,10
20,42,1.828000,10
20,43,1.862000,7
20,44,1.438000,7
20,45,2.420000,12
20,46,2.573000,11
20,47,2.670000,11
20,48,2.162000,9
20,49,2.085000,9
20,50,2.569000,10
20,51,2.706000,10
20,52,2.020000,10
20,53,2.560000,10
20,54,1.852000,10
20,55,2.462000,10
20,56,2.198000,10
20,57,2.105000,6
20,58,2.381000,6
20,59,2.955000,13
20,60,2.015000,12
20,61,3.022000,12
20,62,3.120000,12
20,63,3.301000,12
20,64,2.979000,12
20,65,1.434000,12
20,66,0.858000,12
20,67,2.482000,12
20,68,2.756000,12
20,69,2.606000,12
20,70,2.878000,12
20,71,2.649000,12
20,72,1.364000,12
20,73,2.476000,10
20,74,3.176000,12
20,75,3.037000,12
20,76,2.900000,12
20,77,2.209000,12
20,78,1.401000,12
20,79,3.181000,12
20,80,2.469000,12
20,81,2.962000,12
20,82,2.839000,12
20,83,1.900000,12
20,84,1.155000,12
20,85,2.474000,12
20,86,3.334000,12
20,87,2.617000,12
20,88,2.955000,12
20,89,2.534000,14
20,90,1.082000,13
20,91,3.288000,14
20,92,2.362000,11
20,93,2.285000,8
20,94,1.550000,5
20,95,1.567000,7
20,96,0.777000,5
21,1,4.344000,21
21,2,4.406000,16
21,3,2.624000,11
21,4,3.634000,11
21,5,1.855000,13
21,6,0.343000,13
21,7,3.288000,13
21,8,2.820000,11
21,9,3.118000,11
21,10,2.464000,10
21,11,2.032000,7
21,12,1.672000,6
21,13,1.972000,10
21,14,2.703000,15
21,15,2.340000,12
21,16,1.941000,9
21,17,2.661000,11
21,18,2.480000,11
21,19,2.750000,11
21,20,2.517000,12
21,21,2.444000,12
21,22,1.669000,6
21,23,2.557000,11
21,24,2.081000,7
21,25,1.710000,5
21,26,2.373000,12
21,27,1.786000,11
21,28,2.708000,11
21,29,1.583000,7
21,30,3.191000,12
21,31,2.897000,12
21,32,2.346000,12
21,33,2.819000,13
21,34,2.236000,10
21,35,2.773000,11
21,36,2.676000,10
21,37,3.101000,13
21,38,2.474000,12
21,39,1.601000,6
21,40,2.940000,12
21,41,2.270000,11
21,42,2.565000,7
21,43,1.862000,7
21,44,1.792000,7
21,45,3.165000,15
21,46,2.453000,10
21,47,2.153000,8
21,48,2.961000,11
21,49,2.625000,11
21,50,2.897000,11
21,51,1.992000,9
21,52,2.775000,11
21,53,2.307000,9
21,54,2.675000,9
21,55,2.060000,9
21,56,1.861000,9
21,57,2.289000,10
21,58,2.885000,10
21,59,2.362000,9
21,60,2.427000,9
21,61,2.238000,9
21,62,2.023000,9
21,63,2.629000,11
21,64,2.263000,9
21,65,2.300000,9
21,66,2.395000,11
21,67,2.190000,11
21,68,2.901000,11
21,69,3.280000,11
21,70,2.913000,11
21,71,2.863000,11
21,72,2.144000,11
21,73,2.523000,10
21,74,2.585000,11
21,75,2.118000,10
21,76,2.698000,11
21,77,2.723000,11
21,78,3.256000,11
21,79,2.374000,11
21,80,3.071000,11
21,81,2.510000,11
21,82,2.329000,10
21,83,3.220000,11
21,84,2.889000,11
21,85,2.839000,11
21,86,3.232000,13
21,87,3.175000,11
21,88,3.148000,13
21,89,3.902000,15
21,90,0.645000,11
21,91,3.105000,14
21,92,1.839000,7
21,93,3.195000,8
21,94,1.982000,7
21,95,2.010000,6
21,96,2.112000,5
22,1,3.755000,11
22,2,4.454000,15
22,3,4.027000,11
22,4,3.557000,11
22,5,4.223000,11
22,6,2.597000,13
22,7,4.153000,13
22,8,5.016000,14
22,9,4.394000,13
22,10,3.434000,12
22,11,3.194000,11
22,12,1.850000,10
22,13,3.630000,10
22,14,3.348000,10
22,15,3.411000,7
22,16,4.135000,14
22,17,3.720000,12
22,18,2.588000,9
22,19,3.841000,12
22,20,3.134000,12
22,21,3.412000,12
22,22,2.181000,5
22,23,3.743000,12
22,24,3.422000,11
22,25,7.599000,29
22,26,4.276000,12
22,27,3.230000,10
22,28,3.443000,12
22,29,2.422000,11
22,30,0.616000,13
22,31,3.375000,9
22,32,2.660000,10
22,33,4.432000,12
22,34,3.048000,9
22,35,3.234000,10
22,36,2.756000,10
22,37,4.387000,12
22,38,2.689000,10
22,39,2.307000,6
22,40,3.722000,12
22,41,3.321000,12
22,42,2.969000,7
22,43,2.866000,7
22,44,3.829000,12
22,45,2.906000,9
22,46,3.345000,12
22,47,3.392000,11
22,48,3.051000,11
22,49,3.811000,11
22,50,3.798000,11
22,51,3.427000,11
22,52,3.643000,11
22,53,3.139000,11
22,54,1.956000,10
22,55,4.058000,10
22,56,2.807000,10
22,57,3.838000,9
22,58,3.608000,10
22,59,3.481000,10
22,60,2.751000,10
22,61,3.604000,10
22,62,3.167000,10
22,63,3.596000,10
22,64,3.626000,10
22,65,3.063000,10
22,66,3.065000,10
22,67,3.902000,10
22,68,3.622000,11
22,69,4.035000,11
22,70,3.820000,11
22,71,3.481000,11
22,72,2.811000,11
22,73,3.729000,10
22,74,3.942000,11
22,75,3.741000,10
22,76,3.382000,11
22,77,3.728000,11
22,78,2.961000,11
22,79,4.386000,11
22,80,4.420000,11
22,81,3.959000,12
22,82,4.169000,12
22,83,3.404000,11
22,84,2.160000,11
22,85,4.134000,11
22,86,4.091000,11
22,87,4.291000,11
22,88,4.922000,14
22,89,3.800000,15
22,90,1.467000,11
22,91,2.294000,7
22,92,2.471000,7
22,93,3.178000,8
22,94,2.922000,7
22,95,2.944000,7
22,96,2.284000,5
23,1,4.099000,11
23,2,3.491000,10
23,3,5.036000,15
23,4,3.358000,11
23,5,3.857000,11
23,6,2.729000,12
23,7,4.450000,13
23,8,3.455000,11
23,9,2.968000,8
23,10,4.046000,12
23,11,3.830000,12
23,12,2.961000,10
23,13,3.571000,10
23,14,4.012000,11
23,15,3.504000,11
23,16,3.281000,10
23,17,3.955000,12
23,18,2.989000,11
23,19,4.414000,12
23,20,3.503000,12
23,21,3.466000,10
23,22,7.437000,28
23,23,3.091000,12
23,24,0.861000,12
23,25,3.359000,12
23,26,3.543000,12
23,27,2.235000,7
23,28,3.534000,9
23,29,4.046000,11
23,30,3.791000,12
23,31,3.727000,11
23,32,2.803000,9
23,33,3.150000,10
23,34,3.292000,10
23,35,4.032000,12
23,36,3.612000,12
23,37,3.570000,12
23,38,5.501000,21
23,39,2.196000,6
23,40,3.870000,12
23,41,2.475000,7
23,42,3.171000,7
23,43,4.332000,15
23,44,3.534000,9
23,45,4.281000,13
23,46,4.401000,11
23,47,3.814000,11
23,48,2.133000,11
23,49,3.867000,11
23,50,4.100000,11
23,51,3.397000,11
23,52,3.579000,11
23,53,3.316000,11
23,54,2.984000,9
23,55,3.092000,9
23,56,2.620000,9
23,57,5.141000,10
23,58,3.303000,10
23,59,3.447000,10
23,60,3.710000,10
23,61,3.589000,10
23,62,2.357000,10
23,63,2.797000,10
23,64,3.532000,10
23,65,3.794000,10
23,66,2.302000,6
23,67,3.793000,10
23,68,4.181000,11
23,69,3.683000,11
23,70,4.091000,11
23,71,4.003000,11
23,72,1.695000,11
23,73,3.577000,10
23,74,3.780000,11
23,75,3.401000,10
23,76,4.017000,11
23,77,4.683000,11
23,78,2.883000,11
23,79,4.214000,11
23,80,3.975000,11
23,81,3.913000,12
23,82,3.646000,12
23,83,4.265000,11
23,84,2.533000,11
23,85,3.848000,11
23,86,3.306000,11
23,87,3.911000,12
23,88,4.198000,14
23,89,3.837000,12
23,90,3.036000,13
23,91,2.910000,7
23,92,3.739000,14
23,93,5.982000,23
23,94,2.532000,7
23,95,2.620000,7
23,96,2.287000,5
24,1,4.235000,13
24,2,4.048000,12
24,3,3.811000,11
24,4,4.156000,11
24,5,3.758000,11
24,6,2.066000,9
24,7,3.929000,13
24,8,3.501000,11
24,9,4.642000,12
24,10,3.180000,9
24,11,3.868000,12
24,12,2.927000,10
24,13,2.772000,10
24,14,2.964000,9
24,15,3.824000,11
24,16,3.427000,11
24,17,3.993000,10
24,18,3.200000,10
24,19,3.021000,10
24,20,4.401000,14
24,21,3.561000,9
24,22,3.219000,11
24,23,3.319000,12
24,24,4.273000,12
24,25,3.026000,10
24,26,3.380000,12
24,27,3.284000,10
24,28,3.255000,11
24,29,3.086000,9
24,30,3.381000,12
24,31,3.855000,10
24,32,3.556000,10
24,33,3.578000,11
24,34,3.657000,11
24,35,3.144000,10
24,36,4.093000,12
24,37,3.848000,12
24,38,4.128000,12
24,39,2.178000,6
24,40,2.609000,7
24,41,2.664000,7
24,42,5.388000,15
24,43,2.726000,9
24,44,5.167000,14
24,45,3.832000,11
24,46,3.928000,11
24,47,3.240000,11
24,48,3.139000,11
24,49,2.851000,11
24,50,3.430000,11
24,51,4.174000,11
24,52,3.068000,11
24,53,3.402000,11
24,54,1.853000,10
24,55,3.015000,10
24,56,3.819000,10
24,57,2.908000,9
24,58,3.389000,10
24,59,3.421000,10
24,60,2.906000,10
24,61,3.536000,10
24,62,3.389000,10
24,63,3.607000,10
24,64,3.298000,10
24,65,3.010000,10
24,66,3.742000,10
24,67,3.470000,10
24,68,3.942000,11
24,69,4.422000,11
24,70,3.507000,11
24,71,3.704000,11
24,72,3.231000,11
24,73,2.887000,10
24,74,4.254000,11
24,75,3.605000,10
24,76,3.435000,11
24,77,4.558000,11
24,78,3.302000,11
24,79,4.274000,11
24,80,4.086000,11
24,81,4.190000,12
24,82,4.247000,12
24,83,3.928000,11
24,84,1.633000,11
24,85,4.495000,11
24,86,3.808000,11
24,87,5.231000,14
24,88,3.907000,14
24,89,4.081000,12
24,90,0.744000,12
24,91,2.465000,7
24,92,3.766000,13
24,93,2.518000,7
24,94,6.443000,23
24,95,2.783000,8
24,96,2.417000,5
25,1,2.995000,12
25,2,2.328000,12
25,3,2.015000,9
25,4,2.815000,11
25,5,3.240000,11
25,6,1.942000,11
25,7,2.348000,9
25,8,3.196000,13
25,9,2.768000,13
25,10,2.196000,12
25,11,2.072000,9
25,12,2.562000,13
25,13,2.381000,10
25,14,1.790000,7
25,15,2.675000,11
25,16,2.345000,10
25,17,2.919000,11
25,18,2.820000,11
25,19,2.601000,11
25,20,2.531000,11
25,21,2.584000,11
25,22,2.576000,11
25,23,2.078000,10
25,24,1.677000,8
25,25,2.423000,11
25,26,2.760000,11
25,27,2.176000,10
25,28,1.914000,10
25,29,2.666000,10
25,30,2.446000,11
25,31,2.320000,10
25,32,2.803000,11
25,33,1.890000,9
25,34,2.599000,10
25,35,2.079000,10
25,36,2.998000,12
25,37,2.830000,12
25,38,2.998000,12
25,39,1.423000,6
25,40,1.840000,7
25,41,3.089000,13
25,42,2.738000,11
25,43,3.004000,14
25,44,2.314000,11
25,45,2.626000,11
25,46,3.009000,11
25,47,2.682000,11
25,48,1.509000,11
25,49,3.209000,11
25,50,2.540000,11
25,51,2.803000,11
25,52,2.542000,11
25,53,2.819000,11
25,54,1.576000,9
25,55,2.566000,9
25,56,2.302000,9
25,57,2.385000,10
25,58,2.628000,10
25,59,2.530000,10
25,60,1.328000,10
25,61,2.328000,10
25,62,2.138000,10
25,63,2.283000,10
25,64,3.101000,10
25,65,2.162000,10
25,66,2.103000,6
25,67,2.568000,10
25,68,3.119000,11
25,69,2.577000,11
25,70,3.009000,11
25,71,2.973000,11
25,72,1.571000,11
25,73,2.429000,10
25,74,3.332000,11
25,75,2.218000,10
25,76,3.888000,11
25,77,2.773000,11
25,78,1.117000,11
25,79,3.217000,11
25,80,3.022000,11
25,81,3.162000,12
25,82,3.120000,12
25,83,2.808000,11
25,84,0.463000,11
25,85,3.008000,11
25,86,2.421000,11
25,87,2.948000,12
25,88,2.899000,13
25,89,2.667000,12
25,90,1.236000,7
25,91,2.078000,8
25,92,1.930000,7
25,93,2.658000,12
25,94,2.395000,8
25,95,5.173000,24
25,96,1.014000,5
26,1,3.518000,14
26,2,2.110000,11
26,3,2.257000,11
26,4,2.560000,10
26,5,2.068000,10
26,6,0.603000,11
26,7,2.857000,11
26,8,2.258000,11
26,9,3.781000,15
26,10,2.816000,12
26,11,2.429000,9
26,12,1.577000,9
26,13,2.417000,12
26,14,1.857000,10
26,15,2.224000,10
26,16,2.303000,11
26,17,2.478000,11
26,18,2.682000,9
26,19,2.298000,11
26,20,2.394000,10
26,21,2.443000,11
26,22,2.772000,10
26,23,2.444000,11
26,24,2.241000,11
26,25,2.481000,11
26,26,2.305000,11
26,27,2.283000,11
26,28,1.896000,10
26,29,2.666000,12
26,30,2.307000,12
26,31,2.777000,12
26,32,2.611000,11
26,33,2.739000,12
26,34,2.355000,10
26,35,3.099000,10
26,36,1.870000,12
26,37,2.938000,13
26,38,1.954000,9
26,39,2.553000,10
26,40,1.917000,9
26,41,2.804000,12
26,42,2.820000,15
26,43,2.768000,11
26,44,2.445000,11
26,45,3.135000,11
26,46,2.619000,11
26,47,2.976000,11
26,48,1.456000,11
26,49,2.956000,11
26,50,2.687000,11
26,51,2.689000,11
26,52,2.722000,11
26,53,2.811000,11
26,54,1.837000,11
26,55,2.878000,11
26,56,2.930000,11
26,57,2.425000,11
26,58,2.370000,11
26,59,2.374000,11
26,60,2.437000,11
26,61,2.311000,9
26,62,2.411000,9
26,63,2.568000,11
26,64,2.525000,9
26,65,2.249000,9
26,66,2.344000,9
26,67,2.126000,9
26,68,2.286000,10
26,69,2.515000,10
26,70,2.383000,10
26,71,2.906000,10
26,72,2.382000,10
26,73,2.426000,9
26,74,2.465000,10
26,75,2.286000,9
26,76,2.315000,10
26,77,2.835000,10
26,78,2.473000,10
26,79,2.686000,10
26,80,2.809000,10
26,81,2.933000,11
26,82,2.853000,11
26,83,2.682000,10
26,84,1.941000,11
26,85,2.598000,12
26,86,3.081000,12
26,87,3.091000,15
26,88,2.700000,10
26,89,2.778000,14
26,90,0.946000,7
26,91,2.037000,9
26,92,2.373000,11
26,93,2.334000,9
26,94,2.095000,8
26,95,3.209000,15
26,96,1.961000,5
27,1,3.961000,15
27,2,4.274000,17
27,3,3.461000,11
27,4,3.658000,10
27,5,3.257000,11
27,6,1.724000,10
27,7,2.765000,10
27,8,2.704000,11
27,9,4.171000,13
27,10,4.576000,14
27,11,3.048000,9
27,12,2.349000,9
27,13,2.571000,14
27,14,2.595000,11
27,15,3.016000,10
27,16,3.410000,10
27,17,4.107000,12
27,18,3.147000,11
27,19,2.012000,11
27,20,2.449000,11
27,21,3.609000,11
27,22,3.222000,11
27,23,3.409000,11
27,24,2.011000,12
27,25,2.496000,11
27,26,2.499000,10
27,27,3.512000,10
27,28,2.969000,10
27,29,3.426000,11
27,30,3.483000,12
27,31,2.784000,12
27,32,2.610000,12
27,33,2.362000,10
27,34,3.443000,11
27,35,3.756000,11
27,36,3.236000,12
27,37,2.979000,15
27,38,2.429000,9
27,39,3.674000,11
27,40,3.918000,11
27,41,4.367000,14
27,42,2.583000,11
27,43,2.667000,11
27,44,2.523000,11
27,45,3.310000,11
27,46,3.410000,11
27,47,3.926000,11
27,48,3.143000,11
27,49,2.983000,11
27,50,2.760000,11
27,51,3.414000,11
27,52,3.839000,11
27,53,3.769000,11
27,54,3.048000,11
27,55,2.502000,11
27,56,3.243000,11
27,57,4.051000,11
27,58,4.442000,11
27,59,3.970000,11
27,60,2.122000,11
27,61,2.339000,9
27,62,2.724000,9
27,63,3.517000,11
27,64,3.253000,9
27,65,3.513000,9
27,66,3.206000,9
27,67,2.492000,9
27,68,2.779000,9
27,69,3.409000,9
27,70,2.883000,9
27,71,2.981000,9
27,72,4.010000,11
27,73,1.759000,6
27,74,2.918000,11
27,75,2.592000,9
27,76,3.503000,10
27,77,4.151000,11
27,78,3.392000,11
27,79,2.634000,11
27,80,2.651000,11
27,81,3.801000,10
27,82,3.731000,11
27,83,3.569000,10
27,84,3.350000,10
27,85,2.763000,10
27,86,3.549000,14
27,87,4.347000,14
27,88,4.165000,15
27,89,4.295000,16
27,90,0.672000,7
27,91,2.099000,8
27,92,1.494000,7
27,93,3.711000,13
27,94,3.385000,9
27,95,4.163000,11
27,96,2.127000,5
28,1,4.006000,15
28,2,4.348000,12
28,3,3.695000,11
28,4,3.284000,10
28,5,3.282000,10
28,6,3.183000,11
28,7,3.780000,11
28,8,3.138000,10
28,9,3.743000,12
28,10,4.621000,16
28,11,2.180000,7
28,12,1.138000,9
28,13,3.316000,9
28,14,3.647000,12
28,15,3.310000,11
28,16,3.573000,11
28,17,3.859000,11
28,18,3.067000,10
28,19,3.783000,12
28,20,3.873000,11
28,21,3.464000,11
28,22,3.348000,11
28,23,3.351000,11
28,24,3.131000,12
28,25,3.779000,11
28,26,3.641000,12
28,27,3.688000,10
28,28,3.088000,11
28,29,3.471000,11
28,30,3.668000,12
28,31,3.355000,12
28,32,3.462000,12
28,33,2.973000,11
28,34,4.003000,11
28,35,3.199000,12
28,36,3.967000,15
28,37,3.127000,9
28,38,3.145000,9
28,39,2.826000,12
28,40,4.926000,13
28,41,4.104000,13
28,42,2.729000,11
28,43,3.549000,11
28,44,3.899000,11
28,45,3.650000,11
28,46,3.367000,11
28,47,3.617000,11
28,48,2.775000,11
28,49,3.490000,11
28,50,3.330000,11
28,51,3.751000,11
28,52,3.889000,11
28,53,3.807000,11
28,54,2.617000,11
28,55,3.784000,11
28,56,3.867000,11
28,57,4.166000,11
28,58,3.472000,11
28,59,3.225000,11
28,60,3.180000,11
28,61,3.045000,9
28,62,2.365000,9
28,63,4.043000,11
28,64,3.415000,9
28,65,3.081000,9
28,66,2.805000,9
28,67,3.408000,9
28,68,2.993000,9
28,69,2.703000,9
28,70,3.357000,9
28,71,3.101000,9
28,72,3.070000,9
28,73,2.879000,6
28,74,3.557000,9
28,75,2.882000,6
28,76,3.661000,9
28,77,3.572000,11
28,78,3.532000,10
28,79,3.971000,10
28,80,4.202000,10
28,81,3.788000,10
28,82,3.395000,10
28,83,3.514000,11
28,84,3.041000,10
28,85,4.417000,14
28,86,4.024000,14
28,87,4.589000,15
28,88,3.953000,15
28,89,3.608000,14
28,90,0.196000,7
28,91,2.522000,7
28,92,2.317000,6
28,93,3.349000,11
28,94,7.149000,21
28,95,4.789000,12
28,96,1.793000,5
29,1,4.258000,14
29,2,4.769000,14
29,3,3.576000,11
29,4,3.261000,10
29,5,2.941000,10
29,6,3.378000,10
29,7,3.679000,11
29,8,3.762000,10
29,9,3.993000,12
29,10,8.350000,21
29,11,2.411000,12
29,12,0.362000,9
29,13,3.450000,9
29,14,3.850000,12
29,15,4.015000,11
29,16,3.825000,10
29,17,3.917000,12
29,18,2.898000,11
29,19,3.266000,11
29,20,4.214000,11
29,21,3.247000,11
29,22,4.148000,11
29,23,3.352000,11
29,24,3.986000,12
29,25,3.687000,11
29,26,3.893000,12
29,27,3.815000,11
29,28,3.937000,11
29,29,3.708000,11
29,30,3.336000,12
29,31,4.467000,12
29,32,3.599000,12
29,33,3.582000,12
29,34,3.680000,11
29,35,3.510000,12
29,36,0.963000,9
29,37,3.685000,9
29,38,3.185000,9
29,39,3.763000,12
29,40,4.210000,14
29,41,4.408000,11
29,42,2.231000,11
29,43,3.844000,11
29,44,3.810000,11
29,45,3.998000,11
29,46,3.448000,11
29,47,3.194000,11
29,48,3.301000,11
29,49,4.466000,11
29,50,3.676000,11
29,51,3.500000,11
29,52,3.971000,11
29,53,3.560000,11
29,54,3.417000,11
29,55,3.211000,11
29,56,3.960000,11
29,57,3.555000,11
29,58,3.760000,11
29,59,3.277000,11
29,60,4.022000,11
29,61,3.419000,9
29,62,3.230000,9
29,63,3.045000,9
29,64,3.375000,9
29,65,3.619000,9
29,66,3.468000,9
29,67,3.683000,9
29,68,3.486000,9
29,69,3.186000,9
29,70,3.272000,10
29,71,3.320000,10
29,72,3.642000,10
29,73,3.685000,6
29,74,3.760000,10
29,75,2.227000,6
29,76,3.689000,9
29,77,3.697000,9
29,78,3.599000,9
29,79,4.225000,11
29,80,3.634000,11
29,81,3.843000,10
29,82,4.201000,10
29,83,4.053000,10
29,84,2.617000,10
29,85,5.104000,14
29,86,3.566000,13
29,87,5.072000,15
29,88,4.112000,13
29,89,3.742000,12
29,90,1.314000,7
29,91,2.847000,7
29,92,3.668000,12
29,93,3.094000,9
29,94,4.241000,12
29,95,4.168000,12
29,96,2.215000,5
30,1,4.746000,13
30,2,4.851000,14
30,3,4.491000,10
30,4,5.162000,10
30,5,4.017000,10
30,6,3.115000,11
30,7,4.895000,11
30,8,4.227000,10
30,9,5.988000,13
30,10,5.780000,16
30,11,4.442000,15
30,12,0.823000,7
30,13,3.457000,9
30,14,5.124000,12
30,15,4.904000,12
30,16,4.608000,11
30,17,4.973000,12
30,18,2.854000,10
30,19,4.595000,12
30,20,5.074000,11
30,21,4.336000,11
30,22,4.464000,11
30,23,3.936000,11
30,24,2.372000,12
30,25,3.655000,11
30,26,5.191000,12
30,27,5.396000,10
30,28,4.532000,12
30,29,3.677000,12
30,30,3.390000,12
30,31,4.391000,12
30,32,4.812000,12
30,33,4.857000,12
30,34,3.942000,11
30,35,4.100000,12
30,36,3.045000,9
30,37,2.852000,9
30,38,3.681000,7
30,39,4.692000,13
30,40,5.944000,13
30,41,4.874000,11
30,42,3.040000,11
30,43,4.397000,11
30,44,4.419000,11
30,45,5.264000,11
30,46,4.451000,11
30,47,4.370000,11
30,48,2.984000,11
30,49,3.989000,11
30,50,4.433000,11
30,51,4.830000,11
30,52,5.232000,11
30,53,4.427000,11
30,54,2.748000,11
30,55,4.389000,11
30,56,4.842000,11
30,57,4.202000,11
30,58,5.634000,11
30,59,4.446000,11
30,60,2.396000,9
30,61,3.699000,9
30,62,3.622000,9
30,63,4.505000,9
30,64,4.213000,9
30,65,4.142000,9
30,66,3.284000,9
30,67,4.390000,10
30,68,4.838000,10
30,69,4.464000,10
30,70,4.133000,11
30,71,3.591000,11
30,72,0.415000,11
30,73,4.081000,11
30,74,4.588000,11
30,75,5.688000,12
30,76,4.805000,10
30,77,4.030000,10
30,78,2.852000,10
30,79,4.075000,10
30,80,4.124000,9
30,81,5.073000,11
30,82,5.303000,10
30,83,3.454000,11
30,84,4.136000,14
30,85,4.394000,12
30,86,7.261000,16
30,87,7.239000,17
30,88,4.918000,14
30,89,2.858000,12
30,90,0.463000,7
30,91,5.233000,14
30,92,4.555000,9
30,93,4.950000,13
30,94,4.506000,9
30,95,5.301000,11
30,96,2.079000,5
31,1,4.538000,14
31,2,5.128000,14
31,3,4.061000,13
31,4,3.066000,11
31,5,3.526000,11
31,6,1.506000,11
31,7,4.031000,11
31,8,3.543000,10
31,9,4.778000,12
31,10,3.512000,14
31,11,3.089000,11
31,12,2.256000,11
31,13,3.151000,9
31,14,3.133000,9
31,15,4.101000,14
31,16,4.656000,12
31,17,3.256000,12
31,18,2.515000,11
31,19,4.026000,12
31,20,3.858000,12
31,21,3.911000,12
31,22,4.053000,12
31,23,3.895000,12
31,24,2.118000,10
31,25,3.348000,12
31,26,3.555000,12
31,27,3.620000,13
31,28,3.557000,12
31,29,2.887000,12
31,30,2.817000,12
31,31,4.670000,14
31,32,4.466000,14
31,33,3.246000,13
31,34,3.450000,12
31,35,3.445000,14
31,36,2.219000,11
31,37,3.561000,11
31,38,3.082000,11
31,39,3.256000,10
31,40,3.942000,13
31,41,3.037000,12
31,42,3.381000,11
31,43,4.034000,10
31,44,3.851000,11
31,45,3.425000,11
31,46,3.842000,11
31,47,3.386000,10
31,48,2.612000,10
31,49,3.483000,10
31,50,3.879000,11
31,51,4.421000,11
31,52,3.249000,11
31,53,3.741000,11
31,54,2.541000,11
31,55,3.576000,11
31,56,4.503000,11
31,57,2.889000,9
31,58,2.858000,9
31,59,2.635000,9
31,60,2.436000,9
31,61,4.193000,11
31,62,3.937000,11
31,63,3.782000,11
31,64,3.493000,11
31,65,3.587000,11
31,66,2.537000,10
31,67,2.585000,6
31,68,2.350000,6
31,69,2.681000,6
31,70,2.977000,6
31,71,2.351000,6
31,72,2.663000,6
31,73,4.025000,10
31,74,2.703000,6
31,75,3.867000,11
31,76,2.437000,6
31,77,2.695000,6
31,78,2.595000,6
31,79,3.740000,11
31,80,4.100000,11
31,81,4.022000,9
31,82,3.005000,9
31,83,3.016000,11
31,84,1.054000,14
31,85,5.773000,17
31,86,5.411000,17
31,87,6.237000,19
31,88,2.335000,7
31,89,0.938000,7
31,90,0.320000,7
31,91,4.670000,15
31,92,3.205000,8
31,93,4.504000,14
31,94,3.064000,9
31,95,4.182000,13
31,96,1.773000,6
32,1,3.557000,12
32,2,4.322000,13
32,3,4.889000,13
32,4,2.689000,10
32,5,2.420000,10
32,6,1.462000,10
32,7,3.577000,11
32,8,3.511000,11
32,9,3.992000,14
32,10,3.826000,14
32,11,2.855000,13
32,12,1.672000,13
32,13,3.095000,9
32,14,2.776000,9
32,15,3.897000,14
32,16,3.035000,12
32,17,3.645000,13
32,18,1.899000,11
32,19,3.564000,12
32,20,3.897000,12
32,21,4.253000,12
32,22,3.145000,12
32,23,2.832000,12
32,24,1.488000,11
32,25,3.325000,12
32,26,2.758000,12
32,27,3.599000,12
32,28,2.940000,12
32,29,3.374000,12
32,30,2.555000,15
32,31,4.151000,15
32,32,4.576000,14
32,33,3.428000,13
32,34,3.819000,12
32,35,2.880000,14
32,36,1.059000,11
32,37,3.328000,11
32,38,3.571000,14
32,39,3.720000,13
32,40,3.689000,13
32,41,3.044000,12
32,42,2.031000,11
32,43,3.567000,11
32,44,4.378000,12
32,45,3.992000,12
32,46,3.044000,12
32,47,2.691000,11
32,48,1.737000,11
32,49,3.962000,11
32,50,3.754000,11
32,51,3.007000,11
32,52,2.728000,10
32,53,3.275000,10
32,54,2.393000,10
32,55,4.073000,11
32,56,3.391000,11
32,57,3.815000,11
32,58,2.987000,9
32,59,2.633000,9
32,60,2.264000,11
32,61,3.096000,10
32,62,2.831000,10
32,63,3.543000,10
32,64,2.715000,9
32,65,2.625000,10
32,66,2.811000,11
32,67,2.085000,6
32,68,2.160000,6
32,69,3.181000,10
32,70,4.099000,11
32,71,3.510000,11
32,72,2.837000,10
32,73,3.505000,12
32,74,3.545000,10
32,75,3.810000,11
32,76,3.439000,10
32,77,2.585000,10
32,78,1.029000,10
32,79,3.324000,10
32,80,2.693000,9
32,81,3.801000,10
32,82,2.842000,10
32,83,3.058000,13
32,84,1.581000,12
32,85,2.968000,12
32,86,4.272000,14
32,87,6.249000,20
32,88,2.202000,7
32,89,2.122000,7
32,90,1.466000,7
32,91,3.807000,14
32,92,2.873000,7
32,93,2.909000,8
32,94,2.345000,9
32,95,4.574000,16
32,96,1.536000,5
33,1,2.782000,12
33,2,3.060000,13
33,3,3.709000,14
33,4,2.616000,13
33,5,2.475000,10
33,6,1.430000,12
33,7,2.838000,12
33,8,2.688000,11
33,9,2.961000,14
33,10,2.415000,12
33,11,2.652000,13
33,12,2.048000,13
33,13,2.091000,9
33,14,2.422000,9
33,15,2.072000,9
33,16,2.959000,14
33,17,3.628000,15
33,18,2.020000,12
33,19,2.398000,12
33,20,2.842000,12
33,21,2.726000,12
33,22,2.462000,12
33,23,2.642000,12
33,24,2.568000,12
33,25,2.634000,12
33,26,2.263000,12
33,27,2.416000,11
33,28,2.660000,12
33,29,3.488000,15
33,30,2.227000,15
33,31,3.822000,15
33,32,3.515000,14
33,33,2.972000,13
33,34,2.678000,12
33,35,2.622000,14
33,36,0.776000,11
33,37,2.913000,12
33,38,2.996000,14
33,39,2.944000,13
33,40,3.461000,14
33,41,1.856000,12
33,42,0.198000,12
33,43,2.634000,12
33,44,3.013000,14
33,45,3.044000,13
33,46,3.235000,13
33,47,2.835000,14
33,48,1.480000,13
33,49,3.159000,11
33,50,2.738000,13
33,51,2.651000,13
33,52,2.212000,11
33,53,2.662000,13
33,54,1.907000,13
33,55,2.638000,12
33,56,2.491000,12
33,57,2.800000,11
33,58,2.610000,10
33,59,2.884000,11
33,60,2.141000,11
33,61,2.255000,11
33,62,2.912000,11
33,63,2.288000,11
33,64,2.737000,11
33,65,1.819000,9
33,66,1.863000,9
33,67,2.180000,10
33,68,2.288000,10
33,69,2.852000,11
33,70,3.164000,11
33,71,2.366000,10
33,72,2.636000,10
33,73,2.456000,10
33,74,3.033000,11
33,75,3.041000,11
33,76,2.393000,9
33,77,1.950000,9
33,78,2.523000,10
33,79,2.250000,10
33,80,2.004000,9
33,81,2.320000,11
33,82,2.392000,11
33,83,2.996000,13
33,84,3.480000,17
33,85,3.340000,14
33,86,3.098000,14
33,87,2.805000,11
33,88,1.748000,7
33,89,2.005000,7
33,90,1.890000,7
33,91,1.948000,11
33,92,2.357000,11
33,93,1.880000,7
33,94,1.740000,7
33,95,2.822000,12
33,96,1.523000,5
34,1,3.306000,14
34,2,3.389000,13
34,3,3.693000,15
34,4,3.693000,16
34,5,1.705000,14
34,6,0.522000,14
34,7,2.879000,13
34,8,2.651000,11
34,9,3.179000,12
34,10,2.788000,12
34,11,2.765000,13
34,12,2.615000,14
34,13,2.490000,11
34,14,2.231000,9
34,15,2.210000,9
34,16,3.445000,15
34,17,2.852000,14
34,18,2.133000,12
34,19,3.075000,13
34,20,2.774000,13
34,21,2.668000,13
34,22,2.235000,12
34,23,2.644000,12
34,24,2.449000,12
34,25,2.847000,12
34,26,2.787000,13
34,27,3.009000,11
34,28,2.564000,13
34,29,2.640000,15
34,30,2.449000,15
34,31,3.351000,15
34,32,3.386000,14
34,33,2.605000,13
34,34,2.703000,12
34,35,2.504000,14
34,36,0.475000,11
34,37,3.264000,14
34,38,3.029000,14
34,39,3.255000,13
34,40,2.829000,13
34,41,3.030000,14
34,42,1.426000,12
34,43,3.080000,12
34,44,2.772000,12
34,45,3.233000,12
34,46,2.644000,13
34,47,2.881000,13
34,48,2.148000,14
34,49,2.907000,14
34,50,2.790000,12
34,51,3.268000,13
34,52,2.881000,12
34,53,2.766000,12
34,54,2.042000,12
34,55,2.535000,11
34,56,3.124000,13
34,57,3.705000,17
34,58,3.240000,16
34,59,2.541000,11
34,60,1.555000,10
34,61,1.967000,9
34,62,2.199000,10
34,63,2.757000,10
34,64,2.458000,10
34,65,2.542000,10
34,66,1.937000,10
34,67,3.376000,14
34,68,3.698000,14
34,69,2.949000,10
34,70,2.582000,10
34,71,2.402000,10
34,72,1.730000,10
34,73,2.705000,11
34,74,2.930000,10
34,75,3.318000,10
34,76,2.122000,10
34,77,2.808000,9
34,78,1.848000,9
34,79,2.437000,10
34,80,2.399000,10
34,81,3.359000,11
34,82,3.257000,13
34,83,3.233000,15
34,84,2.922000,31
34,85,3.078000,13
34,86,3.557000,14
34,87,2.442000,9
34,88,1.959000,7
34,89,1.948000,8
34,90,1.670000,7
34,91,2.116000,9
34,92,2.469000,10
34,93,2.798000,11
34,94,1.951000,10
34,95,2.766000,13
34,96,1.833000,6
35,1,3.416000,14
35,2,2.711000,12
35,3,4.929000,15
35,4,4.607000,16
35,5,4.453000,14
35,6,1.287000,15
35,7,3.266000,14
35,8,3.247000,14
35,9,3.773000,13
35,10,3.341000,11
35,11,3.647000,11
35,12,3.350000,14
35,13,2.661000,12
35,14,2.575000,9
35,15,3.142000,9
35,16,3.904000,9
35,17,4.268000,15
35,18,3.085000,12
35,19,3.393000,13
35,20,3.129000,15
35,21,4.067000,13
35,22,4.599000,15
35,23,3.683000,13
35,24,2.175000,12
35,25,3.263000,13
35,26,2.450000,13
35,27,4.088000,11
35,28,3.577000,13
35,29,4.213000,15
35,30,3.051000,15
35,31,2.925000,13
35,32,3.500000,14
35,33,4.446000,14
35,34,3.606000,13
35,35,4.210000,14
35,36,2.589000,15
35,37,2.925000,14
35,38,3.130000,15
35,39,3.207000,11
35,40,3.700000,11
35,41,3.955000,11
35,42,3.311000,13
35,43,2.735000,13
35,44,2.220000,13
35,45,3.655000,12
35,46,3.818000,12
35,47,3.353000,12
35,48,2.884000,12
35,49,3.263000,12
35,50,2.598000,12
35,51,3.878000,13
35,52,2.922000,10
35,53,4.196000,13
35,54,3.048000,13
35,55,2.921000,13
35,56,3.461000,12
35,57,4.176000,13
35,58,2.944000,12
35,59,5.485000,16
35,60,2.287000,15
35,61,2.431000,11
35,62,2.216000,10
35,63,4.387000,11
35,64,3.163000,10
35,65,3.249000,10
35,66,3.087000,10
35,67,3.029000,11
35,68,4.465000,10
35,69,4.292000,10
35,70,3.074000,10
35,71,3.788000,10
35,72,2.008000,10
35,73,2.389000,10
35,74,2.411000,10
35,75,3.582000,10
35,76,4.161000,10
35,77,4.562000,12
35,78,3.499000,13
35,79,2.922000,14
35,80,2.029000,9
35,81,3.512000,12
35,82,3.749000,12
35,83,4.451000,15
35,84,3.326000,11
35,85,2.920000,14
35,86,2.579000,10
35,87,3.497000,7
35,88,2.459000,8
35,89,2.860000,7
35,90,2.882000,7
35,91,1.667000,8
35,92,2.458000,11
35,93,3.783000,13
35,94,2.493000,7
35,95,4.357000,14
35,96,2.542000,6
36,1,4.140000,12
36,2,4.642000,13
36,3,4.786000,15
36,4,4.870000,14
36,5,3.889000,14
36,6,2.192000,14
36,7,4.179000,14
36,8,4.559000,14
36,9,4.119000,14
36,10,4.220000,14
36,11,4.270000,15
36,12,3.149000,14
36,13,4.956000,16
36,14,3.837000,12
36,15,3.868000,12
36,16,3.260000,12
36,17,3.921000,15
36,18,3.965000,14
36,19,4.335000,14
36,20,4.030000,14
36,21,5.015000,14
36,22,4.396000,14
36,23,3.677000,14
36,24,3.251000,12
36,25,4.381000,14
36,26,4.637000,14
36,27,3.658000,12
36,28,3.469000,13
36,29,3.871000,14
36,30,3.973000,14
36,31,4.179000,13
36,32,3.914000,14
36,33,5.275000,16
36,34,4.434000,13
36,35,3.845000,15
36,36,3.417000,16
36,37,4.609000,16
36,38,4.804000,16
36,39,3.989000,13
36,40,4.660000,16
36,41,3.791000,14
36,42,0.818000,11
36,43,3.230000,11
36,44,3.771000,12
36,45,4.094000,12
36,46,3.693000,12
36,47,3.832000,12
36,48,3.643000,12
36,49,4.124000,12
36,50,3.750000,11
36,51,4.268000,12
36,52,4.004000,12
36,53,3.586000,11
36,54,3.149000,11
36,55,3.642000,10
36,56,3.231000,12
36,57,3.952000,12
36,58,4.017000,11
36,59,4.073000,14
36,60,3.405000,14
36,61,3.746000,12
36,62,4.496000,15
36,63,4.749000,15
36,64,3.946000,11
36,65,4.289000,14
36,66,3.381000,11
36,67,4.197000,12
36,68,4.286000,11
36,69,4.289000,12
36,70,3.555000,12
36,71,3.873000,11
36,72,3.740000,10
36,73,3.563000,11
36,74,4.410000,12
36,75,5.093000,11
36,76,3.498000,11
36,77,4.928000,12
36,78,3.139000,11
36,79,4.328000,12
36,80,4.869000,15
36,81,4.582000,14
36,82,4.115000,14
36,83,3.577000,13
36,84,3.327000,14
36,85,4.198000,13
36,86,3.899000,13
36,87,3.249000,7
36,88,3.032000,9
36,89,2.682000,8
36,90,2.530000,7
36,91,2.792000,9
36,92,3.578000,10
36,93,4.838000,16
36,94,2.832000,7
36,95,4.212000,14
36,96,2.452000,5
37,1,4.351000,12
37,2,3.090000,12
37,3,4.034000,13
37,4,4.036000,14
37,5,3.917000,12
37,6,2.874000,13
37,7,4.406000,14
37,8,4.275000,16
37,9,3.410000,12
37,10,3.319000,11
37,11,4.427000,16
37,12,3.523000,15
37,13,4.853000,15
37,14,5.013000,16
37,15,4.140000,13
37,16,3.435000,12
37,17,4.470000,15
37,18,2.040000,14
37,19,4.185000,14
37,20,4.025000,14
37,21,3.756000,15
37,22,3.462000,15
37,23,4.278000,15
37,24,2.729000,12
37,25,4.558000,15
37,26,4.185000,15
37,27,3.061000,12
37,28,4.283000,15
37,29,3.360000,14
37,30,3.172000,13
37,31,4.765000,16
37,32,4.885000,15
37,33,5.169000,15
37,34,4.623000,14
37,35,4.201000,18
37,36,0.786000,15
37,37,4.584000,15
37,38,3.949000,15
37,39,3.625000,12
37,40,3.871000,16
37,41,3.869000,12
37,42,2.960000,12
37,43,4.183000,12
37,44,3.519000,12
37,45,3.511000,11
37,46,3.740000,11
37,47,3.130000,11
37,48,3.520000,12
37,49,3.714000,12
37,50,2.354000,9
37,51,3.724000,11
37,52,4.143000,11
37,53,2.989000,11
37,54,3.130000,11
37,55,3.231000,9
37,56,3.192000,10
37,57,3.696000,12
37,58,3.864000,12
37,59,4.304000,16
37,60,2.112000,12
37,61,5.055000,14
37,62,4.761000,17
37,63,4.109000,14
37,64,5.662000,19
37,65,3.486000,13
37,66,0.839000,12
37,67,4.263000,12
37,68,3.819000,12
37,69,4.067000,11
37,70,3.619000,11
37,71,4.230000,12
37,72,3.218000,12
37,73,4.809000,11
37,74,4.529000,11
37,75,4.510000,13
37,76,4.768000,12
37,77,3.284000,12
37,78,2.254000,13
37,79,3.985000,12
37,80,4.739000,12
37,81,4.996000,14
37,82,3.371000,13
37,83,2.943000,9
37,84,2.193000,10
37,85,4.176000,14
37,86,3.828000,12
37,87,2.644000,8
37,88,3.740000,9
37,89,2.429000,7
37,90,2.782000,7
37,91,3.291000,9
37,92,2.895000,10
37,93,4.446000,14
37,94,2.308000,7
37,95,3.875000,16
37,96,2.027000,5
38,1,4.087000,14
38,2,4.214000,11
38,3,4.382000,13
38,4,3.543000,13
38,5,4.266000,13
38,6,3.859000,13
38,7,4.865000,14
38,8,3.519000,12
38,9,4.416000,14
38,10,5.154000,15
38,11,4.061000,14
38,12,2.672000,16
38,13,4.073000,14
38,14,4.718000,16
38,15,4.454000,15
38,16,3.891000,12
38,17,3.799000,13
38,18,3.571000,15
38,19,4.745000,15
38,20,4.782000,15
38,21,3.792000,13
38,22,4.268000,14
38,23,4.416000,14
38,24,2.532000,12
38,25,4.489000,14
38,26,4.359000,14
38,27,3.655000,12
38,28,4.188000,15
38,29,4.394000,16
38,30,1.530000,17
38,31,5.153000,16
38,32,5.475000,17
38,33,4.256000,14
38,34,3.900000,15
38,35,4.249000,15
38,36,2.251000,16
38,37,4.188000,15
38,38,3.564000,11
38,39,3.553000,13
38,40,4.373000,14
38,41,2.777000,10
38,42,3.612000,12
38,43,4.071000,11
38,44,3.401000,11
38,45,3.408000,10
38,46,3.576000,10
38,47,3.063000,10
38,48,3.117000,10
38,49,3.463000,10
38,50,2.917000,8
38,51,2.690000,8
38,52,4.165000,10
38,53,4.052000,12
38,54,5.277000,17
38,55,6.539000,20
38,56,3.975000,12
38,57,3.154000,10
38,58,5.583000,18
38,59,3.639000,10
38,60,2.343000,14
38,61,5.429000,18
38,62,5.033000,12
38,63,4.031000,13
38,64,3.990000,13
38,65,4.506000,16
38,66,2.002000,13
38,67,4.300000,13
38,68,5.246000,13
38,69,5.088000,13
38,70,3.882000,11
38,71,4.020000,11
38,72,1.866000,11
38,73,3.942000,11
38,74,4.371000,12
38,75,4.214000,13
38,76,4.491000,13
38,77,3.966000,13
38,78,3.341000,13
38,79,4.479000,14
38,80,4.658000,14
38,81,4.255000,15
38,82,4.293000,15
38,83,3.489000,11
38,84,3.250000,13
38,85,4.073000,13
38,86,2.386000,7
38,87,2.980000,8
38,88,2.964000,9
38,89,2.578000,8
38,90,2.764000,7
38,91,2.922000,9
38,92,2.918000,10
38,93,3.965000,12
38,94,2.742000,7
38,95,3.266000,8
38,96,7.368000,30
39,1,4.164000,13
39,2,3.432000,11
39,3,4.387000,12
39,4,3.963000,14
39,5,3.190000,12
39,6,1.678000,13
39,7,3.776000,12
39,8,4.217000,14
39,9,5.270000,17
39,10,3.739000,15
39,11,3.063000,10
39,12,2.318000,13
39,13,3.905000,13
39,14,4.661000,16
39,15,4.512000,15
39,16,4.719000,14
39,17,3.903000,16
39,18,2.005000,16
39,19,4.284000,14
39,20,4.734000,17
39,21,3.150000,14
39,22,3.755000,14
39,23,2.526000,14
39,24,1.361000,12
39,25,4.102000,15
39,26,4.211000,15
39,27,3.966000,12
39,28,3.890000,14
39,29,4.408000,16
39,30,2.836000,16
39,31,4.542000,17
39,32,5.462000,18
39,33,4.623000,16
39,34,4.364000,17
39,35,3.108000,15
39,36,1.659000,16
39,37,3.906000,14
39,38,3.630000,12
39,39,4.369000,13
39,40,3.560000,13
39,41,3.324000,11
39,42,2.585000,10
39,43,3.318000,10
39,44,3.565000,10
39,45,3.069000,10
39,46,4.356000,10
39,47,2.913000,7
39,48,2.991000,8
39,49,2.647000,8
39,50,2.600000,7
39,51,3.328000,8
39,52,3.185000,8
39,53,2.251000,7
39,54,3.242000,7
39,55,2.239000,7
39,56,2.413000,7
39,57,3.160000,9
39,58,3.363000,11
39,59,4.412000,12
39,60,3.299000,14
39,61,3.707000,12
39,62,5.875000,19
39,63,3.462000,12
39,64,5.756000,17
39,65,2.825000,13
39,66,2.050000,14
39,67,3.911000,14
39,68,3.524000,13
39,69,4.520000,13
39,70,4.832000,13
39,71,4.042000,12
39,72,2.448000,12
39,73,3.906000,12
39,74,4.061000,13
39,75,4.164000,13
39,76,4.400000,13
39,77,3.207000,11
39,78,2.916000,14
39,79,4.540000,15
39,80,4.150000,14
39,81,3.794000,13
39,82,4.349000,15
39,83,3.090000,10
39,84,2.457000,13
39,85,3.637000,12
39,86,3.033000,7
39,87,2.783000,8
39,88,2.813000,9
39,89,2.960000,7
39,90,2.514000,7
39,91,2.921000,9
39,92,3.055000,10
39,93,3.575000,12
39,94,2.731000,7
39,95,2.924000,8
39,96,3.365000,8
40,1,3.785000,13
40,2,3.366000,11
40,3,3.286000,11
40,4,3.639000,13
40,5,3.675000,14
40,6,3.771000,13
40,7,3.578000,14
40,8,5.159000,16
40,9,3.404000,11
40,10,3.948000,11
40,11,2.946000,10
40,12,2.996000,12
40,13,4.746000,12
40,14,4.313000,13
40,15,5.437000,17
40,16,4.594000,16
40,17,2.730000,15
40,18,1.712000,13
40,19,4.494000,16
40,20,4.851000,16
40,21,4.859000,15
40,22,3.188000,13
40,23,2.151000,15
40,24,0.231000,12
40,25,4.175000,13
40,26,4.399000,14
40,27,3.767000,13
40,28,4.087000,14
40,29,3.507000,16
40,30,2.811000,17
40,31,4.883000,18
40,32,4.303000,15
40,33,6.206000,20
40,34,3.581000,15
40,35,2.974000,13
40,36,1.602000,15
40,37,3.833000,14
40,38,3.716000,12
40,39,2.796000,7
40,40,4.607000,13
40,41,2.878000,11
40,42,2.879000,10
40,43,3.583000,10
40,44,3.847000,10
40,45,3.377000,10
40,46,4.407000,11
40,47,2.330000,7
40,48,3.013000,10
40,49,2.591000,8
40,50,1.950000,7
40,51,2.398000,7
40,52,2.441000,7
40,53,3.415000,10
40,54,3.160000,10
40,55,3.585000,10
40,56,2.404000,8
40,57,2.276000,7
40,58,3.545000,12
40,59,2.624000,7
40,60,3.476000,11
40,61,3.574000,12
40,62,4.640000,15
40,63,3.876000,14
40,64,4.180000,12
40,65,3.190000,13
40,66,2.527000,12
40,67,4.166000,13
40,68,4.185000,14
40,69,4.659000,14
40,70,4.761000,13
40,71,3.677000,12
40,72,2.074000,12
40,73,4.170000,14
40,74,4.841000,13
40,75,5.163000,15
40,76,4.058000,12
40,77,3.369000,13
40,78,1.763000,14
40,79,4.169000,13
40,80,3.887000,13
40,81,4.955000,16
40,82,3.873000,14
40,83,3.701000,14
40,84,2.190000,12
40,85,3.003000,9
40,86,3.336000,10
40,87,2.646000,10
40,88,3.131000,9
40,89,3.433000,8
40,90,2.290000,7
40,91,3.316000,9
40,92,3.449000,10
40,93,3.460000,12
40,94,3.353000,7
40,95,3.091000,8
40,96,3.009000,8
41,1,4.078000,13
41,2,3.320000,11
41,3,3.117000,11
41,4,3.618000,11
41,5,5.308000,17
41,6,2.058000,10
41,7,3.326000,10
41,8,3.668000,10
41,9,3.312000,10
41,10,3.548000,12
41,11,4.566000,15
41,12,2.893000,11
41,13,4.325000,13
41,14,3.994000,15
41,15,4.435000,15
41,16,4.231000,15
41,17,3.321000,14
41,18,2.135000,14
41,19,4.968000,17
41,20,4.785000,16
41,21,4.960000,16
41,22,4.886000,16
41,23,3.288000,18
41,24,1.077000,14
41,25,5.434000,19
41,26,5.026000,18
41,27,5.600000,17
41,28,4.024000,16
41,29,1.649000,17
41,30,0.321000,17
41,31,5.920000,20
41,32,4.204000,15
41,33,4.012000,14
41,34,4.180000,16
41,35,3.533000,15
41,36,1.769000,14
41,37,2.288000,7
41,38,3.907000,12
41,39,2.731000,8
41,40,4.283000,13
41,41,2.736000,9
41,42,3.330000,10
41,43,3.407000,10
41,44,3.897000,10
41,45,3.311000,10
41,46,3.906000,10
41,47,3.696000,10
41,48,3.263000,10
41,49,3.289000,10
41,50,3.495000,10
41,51,2.689000,7
41,52,2.988000,9
41,53,2.605000,8
41,54,2.415000,8
41,55,2.992000,8
41,56,2.449000,7
41,57,3.214000,9
41,58,2.791000,8
41,59,2.795000,8
41,60,3.202000,10
41,61,4.014000,11
41,62,3.821000,14
41,63,4.196000,13
41,64,4.426000,13
41,65,3.198000,13
41,66,1.484000,13
41,67,4.042000,13
41,68,3.657000,12
41,69,4.455000,12
41,70,3.821000,11
41,71,3.112000,11
41,72,2.974000,11
41,73,3.575000,11
41,74,3.840000,11
41,75,2.775000,8
41,76,4.051000,14
41,77,4.480000,15
41,78,3.501000,14
41,79,4.684000,15
41,80,4.149000,13
41,81,4.189000,13
41,82,3.877000,14
41,83,4.026000,14
41,84,1.991000,14
41,85,2.668000,8
41,86,2.794000,7
41,87,2.611000,7
41,88,3.053000,9
41,89,2.790000,8
41,90,2.570000,7
41,91,3.339000,10
41,92,4.192000,13
41,93,4.791000,14
41,94,2.525000,7
41,95,2.882000,9
41,96,2.773000,8
42,1,3.736000,11
42,2,3.229000,11
42,3,4.694000,12
42,4,2.906000,7
42,5,6.072000,17
42,6,3.537000,10
42,7,3.635000,10
42,8,2.745000,10
42,9,4.976000,10
42,10,3.863000,11
42,11,5.299000,14
42,12,2.876000,10
42,13,4.105000,11
42,14,3.122000,10
42,15,4.073000,11
42,16,4.589000,13
42,17,5.561000,17
42,18,3.550000,13
42,19,5.757000,18
42,20,6.465000,17
42,21,5.483000,16
42,22,4.260000,17
42,23,1.211000,19
42,24,0.491000,15
42,25,6.095000,19
42,26,6.298000,19
42,27,5.474000,17
42,28,5.296000,17
42,29,3.405000,21
42,30,0.671000,16
42,31,5.107000,14
42,32,3.816000,13
42,33,6.570000,19
42,34,4.412000,12
42,35,3.077000,12
42,36,1.328000,10
42,37,4.451000,14
42,38,4.194000,11
42,39,6.072000,19
42,40,4.937000,13
42,41,3.833000,13
42,42,2.342000,10
42,43,3.823000,10
42,44,3.700000,11
42,45,4.449000,10
42,46,3.581000,10
42,47,4.409000,10
42,48,3.698000,10
42,49,3.871000,10
42,50,4.060000,10
42,51,3.355000,7
42,52,3.111000,7
42,53,2.912000,7
42,54,3.760000,7
42,55,2.291000,7
42,56,3.896000,10
42,57,2.848000,8
42,58,3.397000,8
42,59,2.625000,7
42,60,3.815000,10
42,61,3.485000,9
42,62,2.433000,7
42,63,3.953000,11
42,64,6.348000,15
42,65,4.832000,13
42,66,3.838000,14
42,67,3.927000,11
42,68,3.999000,13
42,69,4.846000,12
42,70,4.568000,12
42,71,4.614000,11
42,72,3.133000,12
42,73,4.458000,12
42,74,3.685000,12
42,75,3.982000,9
42,76,3.718000,11
42,77,5.451000,17
42,78,4.073000,16
42,79,4.564000,14
42,80,5.169000,13
42,81,5.345000,14
42,82,3.641000,10
42,83,4.529000,13
42,84,2.813000,14
42,85,4.487000,12
42,86,4.499000,14
42,87,3.216000,7
42,88,3.560000,9
42,89,3.565000,8
42,90,2.542000,7
42,91,3.338000,9
42,92,4.283000,14
42,93,5.446000,15
42,94,4.114000,11
42,95,4.053000,9
42,96,2.905000,8
43,1,3.490000,13
43,2,4.146000,11
43,3,4.303000,12
43,4,4.345000,12
43,5,4.351000,16
43,6,1.896000,10
43,7,3.628000,10
43,8,3.584000,10
43,9,4.178000,10
43,10,2.921000,11
43,11,4.230000,13
43,12,2.447000,10
43,13,3.842000,12
43,14,2.973000,10
43,15,3.468000,11
43,16,3.922000,11
43,17,4.154000,13
43,18,3.825000,17
43,19,5.005000,16
43,20,7.551000,24
43,21,5.016000,17
43,22,4.507000,19
43,23,1.995000,19
43,24,0.478000,16
43,25,6.187000,22
43,26,4.856000,17
43,27,5.210000,18
43,28,4.417000,19
43,29,2.954000,15
43,30,0.670000,15
43,31,5.155000,19
43,32,5.788000,19
43,33,4.376000,12
43,34,3.190000,11
43,35,3.451000,12
43,36,1.634000,10
43,37,3.264000,9
43,38,3.090000,10
43,39,3.696000,12
43,40,4.160000,13
43,41,3.738000,13
43,42,3.196000,10
43,43,3.846000,10
43,44,3.761000,10
43,45,4.317000,10
43,46,3.590000,10
43,47,2.970000,10
43,48,3.195000,10
43,49,4.174000,11
43,50,3.291000,10
43,51,3.603000,10
43,52,2.105000,7
43,53,2.988000,10
43,54,3.543000,10
43,55,3.851000,10
43,56,2.548000,8
43,57,3.087000,7
43,58,1.901000,7
43,59,2.619000,7
43,60,2.565000,8
43,61,2.284000,7
43,62,2.739000,8
43,63,2.565000,7
43,64,3.565000,10
43,65,4.381000,14
43,66,4.289000,17
43,67,4.818000,13
43,68,5.000000,15
43,69,3.605000,12
43,70,3.620000,12
43,71,3.577000,13
43,72,2.340000,13
43,73,4.381000,13
43,74,3.897000,13
43,75,3.501000,11
43,76,4.580000,13
43,77,4.002000,15
43,78,3.081000,15
43,79,4.824000,15
43,80,4.604000,13
43,81,3.972000,12
43,82,3.681000,10
43,83,3.884000,14
43,84,1.431000,8
43,85,4.503000,14
43,86,5.981000,21
43,87,3.012000,7
43,88,2.995000,9
43,89,1.607000,8
43,90,0.924000,7
43,91,3.174000,9
43,92,4.777000,15
43,93,4.088000,14
43,94,3.595000,11
43,95,4.523000,13
43,96,2.114000,8
44,1,4.132000,13
44,2,3.652000,11
44,3,3.982000,12
44,4,2.889000,10
44,5,4.850000,17
44,6,2.177000,10
44,7,3.585000,10
44,8,3.545000,10
44,9,3.101000,10
44,10,3.742000,11
44,11,4.081000,12
44,12,2.863000,11
44,13,2.530000,7
44,14,3.663000,11
44,15,2.966000,10
44,16,3.013000,11
44,17,3.687000,11
44,18,4.238000,14
44,19,4.900000,19
44,20,4.786000,15
44,21,5.361000,19
44,22,4.421000,15
44,23,2.237000,15
44,24,0.911000,16
44,25,5.291000,21
44,26,5.831000,20
44,27,4.304000,15
44,28,3.662000,11
44,29,1.997000,14
44,30,1.022000,18
44,31,3.862000,13
44,32,3.996000,11
44,33,3.502000,12
44,34,3.737000,11
44,35,3.739000,13
44,36,2.633000,13
44,37,2.460000,9
44,38,3.450000,9
44,39,3.756000,12
44,40,3.371000,13
44,41,3.888000,13
44,42,3.245000,10
44,43,3.330000,10
44,44,3.605000,10
44,45,3.760000,10
44,46,3.220000,10
44,47,3.462000,10
44,48,3.055000,10
44,49,3.123000,10
44,50,3.542000,10
44,51,3.618000,11
44,52,2.766000,7
44,53,3.425000,8
44,54,2.482000,8
44,55,2.569000,8
44,56,2.497000,7
44,57,3.309000,9
44,58,3.442000,9
44,59,2.753000,8
44,60,3.090000,10
44,61,3.039000,8
44,62,3.137000,7
44,63,2.782000,8
44,64,2.866000,8
44,65,4.575000,13
44,66,3.610000,12
44,67,4.496000,13
44,68,3.824000,11
44,69,3.970000,12
44,70,3.212000,11
44,71,3.680000,13
44,72,2.418000,14
44,73,4.503000,14
44,74,4.441000,13
44,75,2.949000,9
44,76,5.472000,20
44,77,4.014000,17
44,78,1.054000,14
44,79,4.253000,16
44,80,2.598000,7
44,81,2.724000,7
44,82,3.054000,10
44,83,3.322000,11
44,84,3.752000,13
44,85,3.631000,13
44,86,5.280000,17
44,87,3.008000,10
44,88,3.573000,9
44,89,2.565000,8
44,90,2.431000,7
44,91,3.464000,9
44,92,4.198000,11
44,93,4.747000,14
44,94,3.279000,9
44,95,1.995000,7
44,96,1.238000,8
45,1,4.094000,13
45,2,3.827000,11
45,3,3.771000,12
45,4,3.327000,10
45,5,4.823000,15
45,6,2.109000,10
45,7,3.413000,10
45,8,3.659000,10
45,9,3.413000,10
45,10,3.382000,11
45,11,3.219000,11
45,12,2.900000,12
45,13,3.834000,9
45,14,4.512000,11
45,15,3.443000,10
45,16,3.026000,11
45,17,3.912000,13
45,18,2.368000,16
45,19,4.710000,16
45,20,6.041000,19
45,21,3.326000,12
45,22,4.802000,15
45,23,2.834000,16
45,24,1.049000,16
45,25,5.093000,17
45,26,5.645000,16
45,27,4.413000,16
45,28,3.843000,12
45,29,2.643000,14
45,30,1.147000,18
45,31,5.451000,16
45,32,3.789000,11
45,33,3.660000,11
45,34,3.731000,12
45,35,3.390000,13
45,36,1.601000,11
45,37,3.582000,10
45,38,4.710000,13
45,39,3.771000,12
45,40,3.958000,13
45,41,3.998000,13
45,42,1.740000,10
45,43,3.314000,10
45,44,3.597000,10
45,45,4.656000,11
45,46,3.844000,10
45,47,3.735000,11
45,48,2.278000,10
45,49,3.223000,10
45,50,4.238000,10
45,51,3.260000,10
45,52,2.367000,7
45,53,2.717000,7
45,54,2.882000,7
45,55,2.399000,7
45,56,2.796000,9
45,57,3.526000,9
45,58,2.589000,8
45,59,2.140000,7
45,60,3.405000,11
45,61,2.803000,7
45,62,2.400000,8
45,63,3.284000,7
45,64,2.496000,7
45,65,2.968000,10
45,66,3.220000,11
45,67,3.347000,8
45,68,4.113000,13
45,69,3.406000,13
45,70,3.759000,14
45,71,3.508000,14
45,72,3.229000,15
45,73,4.629000,14
45,74,4.231000,13
45,75,3.018000,10
45,76,2.934000,11
45,77,5.096000,18
45,78,1.072000,14
45,79,3.499000,11
45,80,3.019000,11
45,81,4.303000,13
45,82,2.616000,10
45,83,3.291000,11
45,84,2.838000,10
45,85,3.082000,10
45,86,6.510000,18
45,87,2.680000,9
45,88,2.645000,7
45,89,2.301000,8
45,90,1.872000,7
45,91,2.955000,8
45,92,4.062000,11
45,93,3.469000,12
45,94,2.990000,7
45,95,2.506000,8
45,96,2.953000,8
46,1,3.572000,13
46,2,3.371000,11
46,3,3.455000,12
46,4,2.600000,7
46,5,4.898000,12
46,6,2.708000,10
46,7,3.574000,10
46,8,4.005000,11
46,9,3.063000,10
46,10,3.563000,12
46,11,4.810000,13
46,12,2.338000,13
46,13,3.819000,12
46,14,3.726000,12
46,15,4.099000,12
46,16,3.387000,11
46,17,4.190000,11
46,18,2.423000,11
46,19,3.537000,13
46,20,5.262000,17
46,21,3.933000,12
46,22,5.884000,17
46,23,3.294000,16
46,24,0.888000,11
46,25,4.041000,15
46,26,4.438000,15
46,27,4.624000,17
46,28,5.663000,14
46,29,3.492000,21
46,30,0.725000,13
46,31,3.359000,11
46,32,3.923000,11
46,33,3.921000,13
46,34,4.250000,10
46,35,4.192000,14
46,36,2.566000,15
46,37,2.749000,9
46,38,4.233000,13
46,39,4.420000,14
46,40,4.030000,12
46,41,4.492000,13
46,42,1.620000,8
46,43,2.554000,8
46,44,3.109000,10
46,45,2.828000,8
46,46,2.781000,10
46,47,3.511000,10
46,48,3.489000,10
46,49,3.165000,10
46,50,3.592000,11
46,51,3.325000,10
46,52,3.499000,10
46,53,4.503000,9
46,54,2.644000,9
46,55,3.364000,9
46,56,3.360000,9
46,57,3.514000,9
46,58,2.504000,7
46,59,3.020000,7
46,60,3.322000,9
46,61,2.559000,7
46,62,2.780000,7
46,63,3.182000,8
46,64,3.568000,11
46,65,4.043000,11
46,66,3.740000,13
46,67,5.270000,20
46,68,6.710000,19
46,69,4.668000,13
46,70,4.066000,15
46,71,1.190000,15
46,72,0.300000,15
46,73,3.361000,12
46,74,4.095000,14
46,75,3.119000,11
46,76,5.031000,15
46,77,5.015000,17
46,78,1.036000,10
46,79,3.360000,10
46,80,3.022000,7
46,81,2.223000,7
46,82,3.533000,11
46,83,3.654000,11
46,84,4.663000,15
46,85,4.216000,15
46,86,3.138000,8
46,87,4.403000,13
46,88,3.454000,9
46,89,3.644000,8
46,90,2.264000,8
46,91,2.993000,9
46,92,3.453000,12
46,93,4.388000,15
46,94,2.443000,7
46,95,3.153000,7
46,96,3.097000,8
47,1,3.760000,12
47,2,3.290000,11
47,3,4.008000,12
47,4,2.607000,7
47,5,3.680000,12
47,6,2.609000,9
47,7,3.754000,10
47,8,4.043000,13
47,9,3.143000,10
47,10,3.423000,12
47,11,3.822000,13
47,12,3.284000,13
47,13,3.889000,14
47,14,2.702000,8
47,15,4.366000,12
47,16,3.584000,10
47,17,3.297000,11
47,18,3.045000,11
47,19,3.757000,11
47,20,3.723000,9
47,21,3.841000,14
47,22,4.713000,16
47,23,3.803000,15
47,24,1.881000,11
47,25,4.711000,16
47,26,4.959000,16
47,27,4.502000,15
47,28,3.719000,13
47,29,3.804000,15
47,30,0.611000,11
47,31,3.401000,11
47,32,4.172000,13
47,33,3.261000,9
47,34,4.327000,14
47,35,3.884000,13
47,36,2.429000,12
47,37,4.402000,13
47,38,3.628000,11
47,39,4.368000,14
47,40,4.067000,12
47,41,3.536000,13
47,42,1.577000,9
47,43,2.744000,8
47,44,3.050000,10
47,45,3.241000,10
47,46,3.169000,10
47,47,3.146000,10
47,48,2.407000,10
47,49,3.117000,10
47,50,2.811000,10
47,51,2.721000,10
47,52,3.267000,11
47,53,3.728000,10
47,54,3.509000,9
47,55,3.480000,9
47,56,2.586000,9
47,57,2.968000,9
47,58,3.219000,9
47,59,2.566000,8
47,60,4.242000,11
47,61,2.906000,8
47,62,2.128000,7
47,63,2.744000,7
47,64,2.825000,10
47,65,3.169000,10
47,66,2.927000,9
47,67,2.884000,9
47,68,3.226000,12
47,69,4.408000,13
47,70,3.433000,13
47,71,4.532000,12
47,72,2.767000,12
47,73,3.760000,13
47,74,3.208000,11
47,75,3.078000,10
47,76,6.540000,22
47,77,3.676000,14
47,78,1.757000,11
47,79,3.754000,11
47,80,2.280000,8
47,81,2.996000,8
47,82,3.515000,10
47,83,3.841000,12
47,84,4.225000,16
47,85,4.100000,14
47,86,4.290000,15
47,87,4.432000,13
47,88,2.928000,9
47,89,2.744000,7
47,90,2.015000,7
47,91,2.776000,9
47,92,3.547000,12
47,93,3.601000,12
47,94,2.933000,7
47,95,2.631000,7
47,96,2.915000,8
48,1,3.822000,12
48,2,3.296000,11
48,3,3.507000,12
48,4,3.249000,8
48,5,4.421000,13
48,6,2.411000,10
48,7,3.237000,10
48,8,4.237000,12
48,9,3.372000,10
48,10,3.831000,12
48,11,3.820000,13
48,12,2.730000,13
48,13,3.204000,10
48,14,3.472000,11
48,15,3.432000,11
48,16,4.192000,12
48,17,3.866000,11
48,18,2.816000,11
48,19,3.270000,11
48,20,4.277000,14
48,21,3.130000,8
48,22,3.176000,9
48,23,4.372000,15
48,24,2.272000,10
48,25,4.317000,14
48,26,3.982000,14
48,27,4.784000,15
48,28,3.299000,11
48,29,3.116000,15
48,30,0.446000,11
48,31,3.466000,11
48,32,3.268000,12
48,33,3.155000,10
48,34,4.155000,13
48,35,3.143000,8
48,36,3.044000,13
48,37,4.581000,13
48,38,4.367000,14
48,39,4.492000,14
48,40,3.990000,12
48,41,3.346000,13
48,42,0.543000,9
48,43,2.968000,8
48,44,3.081000,10
48,45,3.254000,10
48,46,3.692000,10
48,47,4.130000,10
48,48,3.518000,10
48,49,3.124000,10
48,50,3.366000,10
48,51,3.023000,10
48,52,3.918000,10
48,53,3.520000,10
48,54,3.203000,10
48,55,3.733000,9
48,56,3.212000,9
48,57,3.531000,9
48,58,4.006000,9
48,59,2.695000,7
48,60,2.405000,9
48,61,2.479000,7
48,62,2.753000,8
48,63,2.349000,8
48,64,3.637000,11
48,65,3.935000,11
48,66,3.330000,10
48,67,4.192000,15
48,68,3.295000,8
48,69,4.057000,14
48,70,3.791000,12
48,71,4.350000,14
48,72,1.899000,14
48,73,3.675000,13
48,74,3.055000,13
48,75,4.387000,10
48,76,3.410000,11
48,77,3.624000,11
48,78,2.486000,10
48,79,3.466000,10
48,80,2.440000,7
48,81,1.866000,7
48,82,3.045000,10
48,83,4.286000,13
48,84,4.248000,13
48,85,4.849000,16
48,86,4.010000,13
48,87,5.964000,18
48,88,3.145000,9
48,89,2.517000,7
48,90,0.747000,7
48,91,2.660000,9
48,92,3.363000,11
48,93,3.403000,11
48,94,2.996000,7
48,95,2.839000,7
48,96,2.528000,8
49,1,4.778000,13
49,2,3.801000,11
49,3,3.659000,12
49,4,2.552000,7
49,5,3.331000,11
49,6,3.274000,10
49,7,3.643000,10
49,8,4.308000,11
49,9,3.763000,10
49,10,4.348000,12
49,11,4.041000,13
49,12,2.040000,12
49,13,3.867000,10
49,14,3.090000,9
49,15,3.549000,10
49,16,3.382000,11
49,17,4.555000,12
49,18,2.813000,11
49,19,4.013000,11
49,20,3.563000,12
49,21,2.830000,8
49,22,3.172000,9
49,23,4.594000,14
49,24,1.998000,10
49,25,4.473000,13
49,26,3.722000,14
49,27,3.396000,10
49,28,4.967000,16
49,29,4.752000,17
49,30,1.404000,11
49,31,3.652000,11
49,32,3.644000,11
49,33,4.031000,12
49,34,4.178000,12
49,35,3.195000,8
49,36,2.306000,8
49,37,4.747000,13
49,38,3.950000,13
49,39,4.086000,14
49,40,4.092000,12
49,41,4.016000,13
49,42,1.761000,9
49,43,3.243000,8
49,44,3.758000,10
49,45,3.506000,10
49,46,3.127000,10
49,47,3.200000,10
49,48,3.721000,10
49,49,3.278000,10
49,50,3.070000,10
49,51,3.892000,11
49,52,3.635000,10
49,53,3.741000,10
49,54,2.682000,9
49,55,3.494000,9
49,56,3.662000,9
49,57,2.828000,8
49,58,3.265000,9
49,59,3.279000,9
49,60,4.056000,10
49,61,2.940000,7
49,62,2.346000,7
49,63,2.750000,7
49,64,3.531000,10
49,65,3.037000,10
49,66,3.674000,9
49,67,3.904000,13
49,68,4.254000,11
49,69,4.486000,14
49,70,3.413000,12
49,71,4.288000,14
49,72,1.825000,14
49,73,4.470000,13
49,74,4.042000,13
49,75,3.842000,12
49,76,4.534000,13
49,77,3.862000,12
49,78,1.694000,11
49,79,3.858000,11
49,80,2.783000,8
49,81,2.871000,8
49,82,3.561000,11
49,83,4.282000,14
49,84,4.063000,14
49,85,4.221000,12
49,86,4.834000,13
49,87,3.491000,11
49,88,3.937000,10
49,89,2.806000,7
49,90,2.249000,7
49,91,3.860000,9
49,92,3.449000,11
49,93,2.962000,9
49,94,3.201000,7
49,95,2.879000,7
49,96,2.960000,8
50,1,3.694000,11
50,2,3.643000,11
50,3,3.965000,12
50,4,5.325000,12
50,5,4.748000,12
50,6,2.630000,10
50,7,3.638000,10
50,8,3.310000,11
50,9,3.138000,10
50,10,4.870000,12
50,11,4.835000,13
50,12,3.494000,11
50,13,3.876000,13
50,14,3.564000,12
50,15,3.233000,10
50,16,4.943000,12
50,17,4.896000,12
50,18,3.488000,11
50,19,3.938000,11
50,20,3.756000,12
50,21,4.484000,13
50,22,4.595000,12
50,23,4.784000,13
50,24,2.282000,10
50,25,4.212000,13
50,26,4.025000,13
50,27,3.372000,9
50,28,5.600000,16
50,29,1.548000,17
50,30,0.266000,11
50,31,3.366000,9
50,32,4.293000,14
50,33,4.608000,13
50,34,3.167000,7
50,35,4.011000,10
50,36,3.653000,11
50,37,4.294000,12
50,38,4.756000,14
50,39,4.907000,14
50,40,4.923000,12
50,41,4.249000,13
50,42,1.353000,8
50,43,3.010000,8
50,44,3.196000,10
50,45,3.514000,10
50,46,4.168000,10
50,47,3.710000,10
50,48,3.584000,10
50,49,3.731000,10
50,50,3.659000,10
50,51,3.242000,10
50,52,4.563000,11
50,53,4.875000,10
50,54,3.331000,10
50,55,3.315000,9
50,56,3.639000,9
50,57,2.732000,7
50,58,4.150000,9
50,59,3.801000,7
50,60,4.374000,11
50,61,2.986000,8
50,62,3.056000,8
50,63,3.206000,8
50,64,4.253000,11
50,65,4.427000,11
50,66,4.428000,10
50,67,3.343000,10
50,68,4.218000,13
50,69,4.777000,13
50,70,4.400000,12
50,71,3.832000,13
50,72,2.128000,13
50,73,4.293000,13
50,74,4.454000,13
50,75,5.054000,12
50,76,4.786000,12
50,77,3.331000,8
50,78,2.210000,10
50,79,4.056000,10
50,80,3.008000,7
50,81,2.724000,7
50,82,3.832000,10
50,83,6.269000,14
50,84,4.327000,17
50,85,2.868000,9
50,86,3.229000,9
50,87,3.999000,12
50,88,3.426000,8
50,89,2.895000,7
50,90,3.524000,7
50,91,3.780000,9
50,92,3.721000,11
50,93,4.112000,10
50,94,3.074000,7
50,95,4.012000,7
50,96,3.410000,8
51,1,4.891000,13
51,2,3.557000,11
51,3,5.777000,14
51,4,3.728000,8
51,5,5.731000,13
51,6,2.827000,10
51,7,2.822000,8
51,8,2.907000,9
51,9,4.397000,11
51,10,4.711000,11
51,11,5.306000,13
51,12,4.028000,10
51,13,4.482000,13
51,14,4.284000,11
51,15,5.251000,14
51,16,4.467000,9
51,17,4.905000,13
51,18,2.778000,12
51,19,3.764000,11
51,20,4.623000,13
51,21,4.672000,11
51,22,4.204000,10
51,23,6.041000,15
51,24,2.678000,10
51,25,4.735000,14
51,26,5.285000,14
51,27,4.874000,12
51,28,4.372000,10
51,29,4.321000,12
51,30,3.323000,13
51,31,4.481000,14
51,32,4.691000,12
51,33,5.532000,12
51,34,3.811000,8
51,35,3.054000,10
51,36,2.357000,12
51,37,4.781000,13
51,38,5.711000,14
51,39,6.810000,13
51,40,5.869000,13
51,41,3.139000,13
51,42,1.009000,11
51,43,3.399000,8
51,44,3.180000,8
51,45,4.007000,10
51,46,4.244000,10
51,47,3.848000,10
51,48,3.972000,10
51,49,4.482000,10
51,50,3.911000,10
51,51,5.300000,10
51,52,4.758000,10
51,53,4.569000,10
51,54,2.878000,10
51,55,3.724000,10
51,56,4.332000,10
51,57,4.902000,10
51,58,2.428000,7
51,59,3.407000,7
51,60,2.799000,7
51,61,3.183000,10
51,62,3.176000,7
51,63,3.724000,10
51,64,3.925000,10
51,65,4.627000,10
51,66,3.400000,8
51,67,3.948000,13
51,68,4.174000,14
51,69,5.466000,14
51,70,5.225000,13
51,71,5.214000,13
51,72,2.701000,13
51,73,3.715000,12
51,74,5.455000,14
51,75,4.846000,12
51,76,5.414000,13
51,77,4.281000,12
51,78,2.785000,11
51,79,4.219000,11
51,80,4.322000,11
51,81,3.788000,8
51,82,4.707000,12
51,83,5.828000,14
51,84,3.601000,13
51,85,3.064000,8
51,86,3.522000,8
51,87,6.106000,17
51,88,4.945000,11
51,89,3.497000,8
51,90,3.010000,8
51,91,3.668000,9
51,92,4.051000,12
51,93,5.871000,12
51,94,3.411000,9
51,95,3.058000,7
51,96,3.486000,8
52,1,5.154000,13
52,2,3.643000,11
52,3,4.562000,14
52,4,3.246000,7
52,5,4.639000,13
52,6,2.959000,10
52,7,4.683000,10
52,8,3.793000,9
52,9,3.907000,11
52,10,4.217000,11
52,11,5.059000,13
52,12,2.623000,10
52,13,4.086000,10
52,14,4.642000,11
52,15,4.598000,12
52,16,7.654000,11
52,17,3.338000,11
52,18,1.239000,12
52,19,4.085000,11
52,20,4.938000,13
52,21,3.942000,10
52,22,5.568000,18
52,23,3.343000,9
52,24,2.476000,10
52,25,4.366000,13
52,26,5.399000,16
52,27,4.878000,13
52,28,3.876000,12
52,29,5.839000,20
52,30,1.285000,8
52,31,4.679000,12
52,32,5.013000,12
52,33,4.318000,11
52,34,3.896000,10
52,35,4.435000,12
52,36,2.913000,12
52,37,4.680000,13
52,38,5.037000,13
52,39,4.347000,13
52,40,4.156000,13
52,41,5.243000,13
52,42,1.871000,9
52,43,3.295000,8
52,44,3.177000,8
52,45,4.038000,10
52,46,3.379000,10
52,47,3.128000,10
52,48,3.804000,10
52,49,4.523000,10
52,50,3.661000,10
52,51,3.817000,10
52,52,3.522000,10
52,53,3.368000,10
52,54,3.790000,10
52,55,4.250000,11
52,56,4.492000,11
52,57,4.420000,11
52,58,2.560000,7
52,59,3.075000,7
52,60,4.354000,10
52,61,3.552000,8
52,62,2.884000,7
52,63,3.571000,8
52,64,3.689000,11
52,65,3.780000,11
52,66,4.279000,10
52,67,4.143000,10
52,68,5.323000,13
52,69,4.126000,12
52,70,3.560000,12
52,71,4.667000,13
52,72,2.971000,13
52,73,4.309000,12
52,74,3.480000,11
52,75,3.253000,10
52,76,4.056000,13
52,77,4.570000,13
52,78,4.018000,10
52,79,3.384000,10
52,80,3.784000,10
52,81,3.188000,7
52,82,3.754000,12
52,83,4.457000,14
52,84,4.533000,13
52,85,3.867000,8
52,86,3.960000,12
52,87,5.458000,14
52,88,2.889000,7
52,89,3.900000,8
52,90,2.742000,8
52,91,4.158000,9
52,92,4.089000,12
52,93,5.356000,13
52,94,2.833000,9
52,95,3.414000,7
52,96,3.428000,8
53,1,3.669000,11
53,2,4.561000,11
53,3,5.104000,14
53,4,2.985000,8
53,5,4.016000,12
53,6,3.303000,10
53,7,3.830000,10
53,8,2.925000,9
53,9,4.386000,11
53,10,4.020000,11
53,11,4.024000,13
53,12,4.856000,19
53,13,3.664000,10
53,14,4.891000,12
53,15,4.336000,12
53,16,3.303000,9
53,17,3.425000,12
53,18,3.558000,11
53,19,4.450000,12
53,20,4.887000,14
53,21,3.706000,9
53,22,4.815000,17
53,23,3.459000,11
53,24,3.104000,15
53,25,5.604000,16
53,26,5.187000,16
53,27,4.241000,11
53,28,4.060000,12
53,29,2.662000,9
53,30,2.927000,15
53,31,4.102000,11
53,32,3.953000,10
53,33,3.929000,9
53,34,3.998000,12
53,35,4.114000,12
53,36,3.798000,12
53,37,5.063000,12
53,38,4.988000,13
53,39,4.300000,13
53,40,4.114000,13
53,41,4.037000,13
53,42,1.899000,9
53,43,3.370000,8
53,44,2.537000,8
53,45,4.531000,10
53,46,3.465000,10
53,47,2.881000,10
53,48,3.491000,10
53,49,3.655000,10
53,50,3.889000,10
53,51,4.150000,10
53,52,3.098000,10
53,53,3.648000,10
53,54,2.972000,10
53,55,4.113000,10
53,56,3.810000,10
53,57,4.074000,10
53,58,2.578000,7
53,59,2.322000,7
53,60,3.380000,10
53,61,3.433000,10
53,62,3.374000,7
53,63,4.025000,10
53,64,3.848000,10
53,65,3.458000,10
53,66,2.961000,8
53,67,4.763000,12
53,68,7.288000,12
53,69,3.998000,12
53,70,3.610000,13
53,71,3.953000,13
53,72,1.209000,13
53,73,4.107000,12
53,74,4.776000,13
53,75,4.265000,12
53,76,4.119000,13
53,77,3.594000,11
53,78,3.240000,11
53,79,4.111000,11
53,80,3.947000,11
53,81,3.313000,7
53,82,3.723000,12
53,83,3.958000,14
53,84,2.816000,13
53,85,3.661000,8
53,86,4.450000,13
53,87,5.123000,13
53,88,2.971000,9
53,89,2.743000,8
53,90,2.713000,8
53,91,3.190000,9
53,92,4.572000,14
53,93,5.813000,14
53,94,3.142000,9
53,95,2.862000,7
53,96,3.455000,8
54,1,4.617000,13
54,2,3.803000,11
54,3,4.626000,14
54,4,2.736000,7
54,5,4.680000,12
54,6,2.083000,10
54,7,3.086000,10
54,8,3.764000,12
54,9,3.778000,11
54,10,4.166000,11
54,11,5.008000,14
54,12,2.901000,11
54,13,3.146000,10
54,14,3.026000,10
54,15,4.363000,12
54,16,3.660000,11
54,17,5.295000,12
54,18,3.918000,13
54,19,4.148000,12
54,20,4.955000,15
54,21,3.513000,9
54,22,5.526000,17
54,23,4.960000,13
54,24,1.119000,15
54,25,4.433000,12
54,26,5.285000,16
54,27,4.207000,11
54,28,3.600000,9
54,29,5.609000,19
54,30,0.990000,15
54,31,4.209000,12
54,32,3.924000,10
54,33,3.008000,8
54,34,3.271000,9
54,35,4.544000,12
54,36,4.051000,12
54,37,4.332000,12
54,38,4.394000,13
54,39,4.560000,13
54,40,4.412000,13
54,41,4.487000,13
54,42,1.735000,12
54,43,2.902000,8
54,44,2.535000,8
54,45,3.583000,10
54,46,3.650000,10
54,47,3.344000,10
54,48,4.341000,10
54,49,3.748000,10
54,50,3.551000,10
54,51,4.026000,10
54,52,4.053000,10
54,53,5.208000,11
54,54,2.606000,10
54,55,3.868000,10
54,56,3.538000,11
54,57,3.803000,11
54,58,2.297000,7
54,59,2.813000,7
54,60,3.095000,7
54,61,2.811000,8
54,62,2.558000,7
54,63,3.334000,8
54,64,3.026000,10
54,65,4.857000,11
54,66,4.347000,10
54,67,4.285000,13
54,68,4.096000,11
54,69,4.689000,12
54,70,3.831000,12
54,71,4.713000,13
54,72,1.798000,13
54,73,3.503000,12
54,74,4.191000,13
54,75,3.750000,11
54,76,4.066000,13
54,77,4.303000,11
54,78,3.127000,10
54,79,3.940000,10
54,80,3.535000,10
54,81,3.166000,7
54,82,3.868000,12
54,83,4.931000,14
54,84,3.613000,13
54,85,3.250000,8
54,86,3.301000,12
54,87,3.918000,12
54,88,3.089000,7
54,89,3.653000,9
54,90,2.401000,8
54,91,3.018000,9
54,92,4.190000,14
54,93,4.780000,13
54,94,3.043000,9
54,95,3.394000,7
54,96,3.169000,8
55,1,5.483000,13
55,2,3.845000,11
55,3,4.008000,14
55,4,2.608000,8
55,5,3.037000,12
55,6,1.032000,10
55,7,4.799000,10
55,8,3.061000,9
55,9,3.504000,11
55,10,4.018000,11
55,11,4.035000,13
55,12,2.845000,14
55,13,4.105000,10
55,14,3.462000,10
55,15,3.418000,11
55,16,3.910000,12
55,17,3.618000,13
55,18,3.645000,12
55,19,5.139000,13
55,20,5.422000,17
55,21,3.037000,9
55,22,4.319000,17
55,23,4.062000,15
55,24,0.706000,13
55,25,5.478000,16
55,26,5.274000,16
55,27,3.523000,11
55,28,3.806000,13
55,29,4.608000,17
55,30,0.715000,11
55,31,4.125000,10
55,32,3.922000,11
55,33,2.676000,8
55,34,3.618000,10
55,35,3.183000,12
55,36,4.470000,12
55,37,4.875000,13
55,38,3.781000,13
55,39,4.378000,13
55,40,3.980000,13
55,41,3.664000,13
55,42,1.993000,9
55,43,4.470000,8
55,44,3.272000,8
55,45,2.778000,8
55,46,3.158000,10
55,47,3.316000,10
55,48,3.032000,10
55,49,4.130000,10
55,50,3.602000,10
55,51,3.456000,10
55,52,3.920000,10
55,53,3.172000,10
55,54,3.450000,10
55,55,5.029000,10
55,56,3.370000,10
55,57,3.799000,10
55,58,2.247000,7
55,59,2.600000,7
55,60,3.500000,10
55,61,5.210000,10
55,62,3.452000,8
55,63,3.209000,10
55,64,3.724000,11
55,65,3.007000,10
55,66,3.148000,8
55,67,3.773000,8
55,68,3.717000,10
55,69,3.861000,12
55,70,4.011000,13
55,71,3.820000,13
55,72,3.303000,13
55,73,4.926000,12
55,74,3.830000,13
55,75,3.778000,12
55,76,3.753000,14
55,77,3.953000,13
55,78,2.522000,11
55,79,5.044000,11
55,80,3.507000,11
55,81,2.538000,7
55,82,3.686000,12
55,83,3.873000,14
55,84,3.658000,13
55,85,3.798000,8
55,86,4.053000,12
55,87,3.686000,12
55,88,2.653000,7
55,89,3.020000,9
55,90,3.087000,8
55,91,3.800000,9
55,92,4.470000,13
55,93,4.397000,14
55,94,1.928000,7
55,95,2.602000,7
55,96,3.330000,8
56,1,3.952000,13
56,2,4.038000,11
56,3,3.030000,13
56,4,2.967000,8
56,5,2.291000,12
56,6,1.737000,10
56,7,3.642000,10
56,8,3.991000,12
56,9,2.485000,11
56,10,2.351000,10
56,11,4.002000,18
56,12,1.982000,14
56,13,3.360000,10
56,14,3.488000,11
56,15,2.784000,11
56,16,2.433000,11
56,17,3.452000,13
56,18,1.741000,8
56,19,3.372000,12
56,20,4.733000,14
56,21,2.474000,8
56,22,3.247000,16
56,23,3.054000,16
56,24,1.609000,12
56,25,4.568000,15
56,26,4.242000,17
56,27,3.667000,13
56,28,3.430000,14
56,29,2.234000,15
56,30,0.641000,11
56,31,3.360000,10
56,32,3.284000,9
56,33,2.306000,8
56,34,2.726000,11
56,35,1.956000,8
56,36,2.349000,12
56,37,3.958000,13
56,38,3.850000,13
56,39,3.219000,13
56,40,3.244000,13
56,41,1.831000,13
56,42,0.284000,9
56,43,3.945000,11
56,44,3.073000,8
56,45,2.481000,8
56,46,3.053000,10
56,47,2.621000,10
56,48,2.156000,10
56,49,3.898000,10
56,50,3.918000,10
56,51,2.341000,10
56,52,2.844000,10
56,53,2.884000,10
56,54,2.126000,10
56,55,3.912000,10
56,56,3.934000,11
56,57,2.604000,11
56,58,2.029000,10
56,59,2.639000,10
56,60,2.270000,11
56,61,3.366000,11
56,62,3.266000,10
56,63,2.770000,11
56,64,3.162000,10
56,65,2.999000,11
56,66,2.121000,9
56,67,3.160000,8
56,68,4.013000,12
56,69,2.969000,12
56,70,2.965000,12
56,71,3.153000,13
56,72,1.547000,13
56,73,3.361000,12
56,74,3.711000,13
56,75,2.971000,12
56,76,3.774000,14
56,77,2.532000,12
56,78,1.007000,8
56,79,3.367000,10
56,80,4.288000,10
56,81,2.038000,7
56,82,3.343000,12
56,83,3.582000,15
56,84,1.769000,13
56,85,2.965000,8
56,86,4.102000,13
56,87,2.883000,13
56,88,3.061000,9
56,89,1.941000,8
56,90,1.320000,8
56,91,2.866000,8
56,92,3.997000,14
56,93,3.960000,14
56,94,2.000000,7
56,95,2.240000,7
56,96,2.144000,8
57,1,3.085000,13
57,2,2.539000,11
57,3,2.774000,13
57,4,2.724000,8
57,5,4.247000,12
57,6,4.478000,10
57,7,2.524000,10
57,8,2.117000,9
57,9,2.055000,11
57,10,2.779000,11
57,11,3.575000,12
57,12,5.647000,14
57,13,2.470000,12
57,14,2.379000,11
57,15,3.009000,11
57,16,3.364000,10
57,17,5.920000,14
57,18,3.136000,13
57,19,2.006000,8
57,20,2.749000,9
57,21,2.551000,10
57,22,4.533000,14
57,23,4.151000,11
57,24,3.202000,7
57,25,2.836000,13
57,26,3.032000,11
57,27,2.998000,12
57,28,4.013000,12
57,29,5.144000,14
57,30,2.244000,11
57,31,2.273000,9
57,32,2.372000,9
57,33,2.247000,8
57,34,3.216000,11
57,35,3.136000,9
57,36,4.244000,12
57,37,2.965000,12
57,38,3.131000,13
57,39,2.851000,13
57,40,4.667000,13
57,41,5.338000,13
57,42,1.262000,9
57,43,3.017000,13
57,44,2.346000,8
57,45,2.679000,8
57,46,3.934000,10
57,47,3.658000,10
57,48,4.017000,10
57,49,2.742000,10
57,50,2.252000,10
57,51,2.250000,10
57,52,2.698000,10
57,53,3.868000,10
57,54,4.054000,10
57,55,2.412000,10
57,56,2.431000,10
57,57,2.442000,10
57,58,3.028000,11
57,59,3.816000,11
57,60,4.762000,10
57,61,2.180000,10
57,62,2.265000,11
57,63,2.001000,10
57,64,2.823000,11
57,65,2.506000,9
57,66,3.510000,8
57,67,2.037000,8
57,68,2.166000,11
57,69,2.801000,12
57,70,2.917000,13
57,71,3.678000,13
57,72,4.943000,13
57,73,2.841000,12
57,74,2.617000,13
57,75,3.059000,13
57,76,3.800000,13
57,77,4.699000,16
57,78,3.131000,11
57,79,2.570000,11
57,80,2.445000,10
57,81,2.173000,7
57,82,3.860000,12
57,83,5.183000,15
57,84,0.291000,13
57,85,2.374000,8
57,86,2.362000,13
57,87,3.229000,14
57,88,2.855000,9
57,89,3.785000,9
57,90,3.839000,9
57,91,2.042000,7
57,92,3.039000,16
57,93,1.920000,7
57,94,1.767000,7
57,95,2.658000,7
57,96,4.373000,8
58,1,5.522000,14
58,2,4.329000,11
58,3,5.694000,13
58,4,3.570000,11
58,5,2.845000,12
58,6,1.058000,10
58,7,3.257000,10
58,8,2.908000,9
58,9,4.867000,11
58,10,4.228000,10
58,11,4.474000,13
58,12,3.801000,14
58,13,4.776000,12
58,14,4.055000,11
58,15,4.544000,10
58,16,4.428000,11
58,17,3.223000,13
58,18,0.381000,12
58,19,4.768000,13
58,20,6.004000,18
58,21,4.194000,10
58,22,4.677000,14
58,23,3.056000,10
58,24,1.757000,7
58,25,4.687000,13
58,26,4.917000,15
58,27,6.154000,15
58,28,4.034000,12
58,29,3.693000,14
58,30,1.505000,12
58,31,4.034000,9
58,32,3.702000,9
58,33,3.906000,8
58,34,4.130000,11
58,35,3.983000,9
58,36,3.539000,12
58,37,4.194000,12
58,38,3.971000,13
58,39,5.134000,13
58,40,5.211000,13
58,41,3.910000,13
58,42,1.732000,9
58,43,3.282000,9
58,44,2.733000,8
58,45,4.207000,8
58,46,4.703000,10
58,47,4.385000,10
58,48,3.071000,10
58,49,4.188000,10
58,50,3.090000,10
58,51,3.522000,10
58,52,4.627000,10
58,53,3.636000,10
58,54,3.073000,10
58,55,4.188000,10
58,56,3.640000,10
58,57,4.529000,10
58,58,4.346000,10
58,59,3.721000,10
58,60,3.148000,11
58,61,4.649000,11
58,62,3.332000,10
58,63,4.299000,11
58,64,4.146000,10
58,65,3.873000,11
58,66,2.608000,9
58,67,4.044000,8
58,68,4.221000,11
58,69,5.684000,12
58,70,4.187000,12
58,71,3.699000,13
58,72,2.701000,13
58,73,4.188000,12
58,74,4.763000,13
58,75,5.489000,13
58,76,4.668000,13
58,77,3.996000,17
58,78,1.132000,8
58,79,4.431000,10
58,80,3.853000,11
58,81,3.167000,7
58,82,5.317000,12
58,83,4.482000,15
58,84,2.522000,13
58,85,4.192000,8
58,86,3.675000,12
58,87,4.810000,12
58,88,4.253000,9
58,89,3.394000,9
58,90,2.708000,9
58,91,4.774000,12
58,92,4.604000,14
58,93,3.757000,7
58,94,4.108000,8
58,95,2.932000,7
58,96,2.923000,8
59,1,3.991000,12
59,2,3.541000,11
59,3,4.084000,13
59,4,2.639000,8
59,5,4.950000,12
59,6,2.637000,10
59,7,3.716000,10
59,8,3.547000,10
59,9,3.083000,11
59,10,3.443000,11
59,11,5.297000,13
59,12,2.850000,14
59,13,3.525000,10
59,14,4.232000,11
59,15,3.574000,10
59,16,3.309000,10
59,17,5.507000,14
59,18,2.213000,12
59,19,3.718000,13
59,20,3.816000,11
59,21,2.591000,10
59,22,3.939000,14
59,23,3.455000,10
59,24,2.783000,8
59,25,2.829000,7
59,26,5.338000,16
59,27,3.179000,10
59,28,3.184000,9
59,29,4.898000,11
59,30,2.206000,10
59,31,2.996000,9
59,32,3.494000,10
59,33,3.266000,8
59,34,3.436000,11
59,35,3.451000,9
59,36,3.860000,12
59,37,4.228000,12
59,38,5.241000,13
59,39,4.267000,13
59,40,4.395000,13
59,41,3.004000,13
59,42,0.509000,9
59,43,4.222000,12
59,44,2.747000,8
59,45,2.638000,8
59,46,3.611000,10
59,47,3.288000,10
59,48,3.489000,10
59,49,3.191000,10
59,50,3.410000,10
59,51,3.941000,10
59,52,3.591000,10
59,53,3.332000,10
59,54,3.144000,10
59,55,3.464000,10
59,56,3.668000,10
59,57,3.402000,10
59,58,3.128000,11
59,59,3.757000,11
59,60,3.227000,10
59,61,3.717000,10
59,62,3.817000,11
59,63,3.577000,10
59,64,3.702000,10
59,65,4.093000,9
59,66,1.303000,8
59,67,2.791000,8
59,68,4.082000,11
59,69,3.476000,12
59,70,3.791000,13
59,71,4.362000,13
59,72,3.389000,13
59,73,3.432000,12
59,74,4.297000,13
59,75,3.252000,13
59,76,3.828000,13
59,77,5.589000,17
59,78,1.979000,11
59,79,3.921000,11
59,80,3.306000,10
59,81,2.556000,7
59,82,3.628000,12
59,83,5.197000,15
59,84,3.371000,13
59,85,3.209000,8
59,86,2.305000,8
59,87,4.741000,16
59,88,2.634000,9
59,89,3.875000,9
59,90,2.025000,9
59,91,3.722000,12
59,92,4.727000,16
59,93,3.120000,7
59,94,3.045000,7
59,95,3.323000,7
59,96,3.007000,8
60,1,3.112000,11
60,2,3.540000,11
60,3,5.005000,13
60,4,3.057000,9
60,5,3.505000,12
60,6,3.254000,10
60,7,3.957000,10
60,8,3.119000,9
60,9,3.678000,11
60,10,4.079000,10
60,11,3.812000,13
60,12,3.826000,14
60,13,3.346000,10
60,14,4.034000,11
60,15,3.552000,11
60,16,4.222000,11
60,17,3.486000,11
60,18,3.477000,11
60,19,4.615000,12
60,20,4.670000,16
60,21,3.125000,8
60,22,3.013000,8
60,23,3.069000,10
60,24,2.513000,8
60,25,3.954000,9
60,26,3.443000,12
60,27,4.411000,11
60,28,2.831000,10
60,29,3.457000,11
60,30,3.115000,10
60,31,3.710000,10
60,32,3.051000,9
60,33,3.780000,8
60,34,3.560000,11
60,35,3.320000,9
60,36,3.900000,12
60,37,4.440000,12
60,38,4.399000,13
60,39,4.728000,13
60,40,7.228000,13
60,41,1.838000,13
60,42,0.260000,9
60,43,3.345000,9
60,44,3.371000,8
60,45,2.831000,8
60,46,3.928000,10
60,47,3.267000,10
60,48,3.529000,10
60,49,3.959000,10
60,50,4.467000,10
60,51,3.624000,10
60,52,3.977000,10
60,53,3.666000,10
60,54,2.503000,10
60,55,4.105000,10
60,56,3.629000,10
60,57,3.780000,10
60,58,3.508000,10
60,59,3.815000,10
60,60,2.134000,11
60,61,4.575000,11
60,62,3.600000,10
60,63,3.978000,11
60,64,4.007000,11
60,65,3.898000,11
60,66,1.909000,9
60,67,3.339000,8
60,68,4.392000,14
60,69,4.330000,12
60,70,3.911000,12
60,71,3.770000,13
60,72,2.123000,13
60,73,4.084000,12
60,74,4.715000,13
60,75,4.010000,13
60,76,3.755000,12
60,77,4.411000,15
60,78,1.635000,8
60,79,3.960000,10
60,80,4.708000,11
60,81,3.738000,7
60,82,3.530000,12
60,83,4.821000,15
60,84,2.167000,13
60,85,3.626000,8
60,86,2.908000,8
60,87,5.085000,14
60,88,2.849000,7
60,89,3.040000,9
60,90,2.969000,9
60,91,4.435000,11
60,92,4.784000,15
60,93,3.177000,7
60,94,3.167000,9
60,95,2.880000,7
60,96,3.177000,8
61,1,3.713000,13
61,2,4.947000,11
61,3,3.908000,12
61,4,4.373000,11
61,5,5.037000,13
61,6,2.612000,8
61,7,3.149000,10
61,8,2.964000,9
61,9,4.300000,11
61,10,4.215000,11
61,11,5.552000,13
61,12,4.335000,14
61,13,2.642000,10
61,14,3.840000,12
61,15,4.528000,12
61,16,3.645000,11
61,17,5.746000,13
61,18,3.544000,14
61,19,4.858000,17
61,20,6.177000,17
61,21,4.420000,9
61,22,5.737000,15
61,23,2.683000,9
61,24,1.522000,9
61,25,2.794000,9
61,26,5.283000,15
61,27,4.187000,14
61,28,3.530000,9
61,29,4.286000,12
61,30,3.530000,10
61,31,3.150000,9
61,32,3.174000,9
61,33,3.645000,8
61,34,4.860000,11
61,35,4.521000,10
61,36,3.113000,12
61,37,3.334000,12
61,38,4.747000,13
61,39,4.075000,13
61,40,5.432000,13
61,41,4.630000,13
61,42,2.855000,13
61,43,2.908000,9
61,44,2.446000,8
61,45,3.614000,8
61,46,2.781000,8
61,47,4.104000,10
61,48,4.116000,10
61,49,3.153000,10
61,50,3.537000,10
61,51,3.333000,10
61,52,4.489000,10
61,53,4.281000,10
61,54,3.221000,10
61,55,3.150000,10
61,56,3.117000,10
61,57,4.024000,10
61,58,3.770000,11
61,59,4.412000,11
61,60,3.670000,10
61,61,3.853000,10
61,62,4.241000,11
61,63,3.399000,10
61,64,5.073000,10
61,65,3.464000,9
61,66,2.646000,8
61,67,2.873000,8
61,68,3.782000,11
61,69,4.122000,12
61,70,4.854000,13
61,71,4.596000,13
61,72,3.221000,13
61,73,3.145000,12
61,74,4.362000,13
61,75,4.540000,13
61,76,5.143000,12
61,77,5.443000,16
61,78,2.416000,11
61,79,3.552000,11
61,80,3.076000,10
61,81,4.080000,10
61,82,4.672000,12
61,83,5.263000,14
61,84,3.943000,14
61,85,2.554000,8
61,86,2.710000,8
61,87,5.557000,15
61,88,4.403000,12
61,89,3.253000,9
61,90,4.025000,9
61,91,3.246000,10
61,92,4.769000,12
61,93,3.698000,8
61,94,4.044000,8
61,95,3.509000,7
61,96,3.420000,8
62,1,4.053000,13
62,2,3.790000,11
62,3,3.678000,12
62,4,2.989000,8
62,5,4.793000,13
62,6,2.200000,8
62,7,3.738000,10
62,8,2.764000,9
62,9,3.329000,11
62,10,3.885000,11
62,11,5.746000,13
62,12,3.078000,14
62,13,3.569000,10
62,14,4.000000,11
62,15,3.599000,11
62,16,4.010000,11
62,17,3.552000,13
62,18,0.688000,13
62,19,3.991000,12
62,20,5.553000,17
62,21,2.842000,9
62,22,4.562000,15
62,23,3.317000,9
62,24,1.768000,9
62,25,3.154000,9
62,26,4.492000,14
62,27,3.767000,11
62,28,4.262000,12
62,29,3.427000,11
62,30,2.210000,10
62,31,3.267000,9
62,32,3.071000,9
62,33,2.626000,8
62,34,3.900000,9
62,35,3.715000,10
62,36,3.110000,12
62,37,4.256000,12
62,38,4.334000,13
62,39,4.175000,13
62,40,4.411000,13
62,41,4.374000,13
62,42,1.294000,9
62,43,3.427000,9
62,44,3.080000,8
62,45,2.767000,8
62,46,2.926000,8
62,47,3.522000,10
62,48,3.355000,10
62,49,3.519000,10
62,50,3.252000,10
62,51,3.135000,10
62,52,3.183000,10
62,53,4.191000,10
62,54,3.207000,10
62,55,4.162000,10
62,56,3.463000,10
62,57,3.631000,10
62,58,3.108000,10
62,59,3.756000,10
62,60,3.311000,11
62,61,3.969000,11
62,62,3.508000,10
62,63,3.689000,11
62,64,3.442000,10
62,65,3.311000,10
62,66,2.790000,9
62,67,3.520000,8
62,68,4.018000,14
62,69,4.017000,12
62,70,4.285000,12
62,71,4.084000,13
62,72,2.520000,13
62,73,3.951000,12
62,74,4.081000,13
62,75,4.350000,13
62,76,4.486000,13
62,77,5.035000,16
62,78,0.978000,8
62,79,3.200000,9
62,80,3.780000,10
62,81,3.933000,10
62,82,4.197000,12
62,83,4.652000,14
62,84,2.565000,14
62,85,2.841000,8
62,86,2.540000,8
62,87,4.751000,14
62,88,4.816000,13
62,89,3.364000,9
62,90,2.681000,9
62,91,3.052000,8
62,92,2.510000,9
62,93,2.793000,7
62,94,2.481000,7
62,95,3.201000,7
62,96,3.342000,8
63,1,4.167000,13
63,2,3.454000,11
63,3,3.676000,12
63,4,3.527000,11
63,5,3.697000,13
63,6,2.067000,8
63,7,3.438000,10
63,8,3.208000,9
63,9,3.064000,11
63,10,3.963000,11
63,11,4.315000,13
63,12,2.840000,14
63,13,3.831000,10
63,14,3.174000,11
63,15,3.608000,11
63,16,4.301000,11
63,17,4.103000,13
63,18,2.415000,11
63,19,4.490000,12
63,20,4.153000,14
63,21,2.745000,9
63,22,4.084000,15
63,23,3.122000,9
63,24,0.854000,9
63,25,3.008000,10
63,26,4.711000,13
63,27,3.300000,11
63,28,3.716000,11
63,29,4.200000,11
63,30,1.962000,10
63,31,3.203000,9
63,32,2.948000,9
63,33,2.982000,8
63,34,2.606000,8
63,35,3.512000,10
63,36,3.833000,11
63,37,3.826000,11
63,38,4.323000,13
63,39,3.989000,13
63,40,4.040000,13
63,41,3.838000,13
63,42,1.531000,9
63,43,3.202000,9
63,44,2.476000,8
63,45,2.814000,8
63,46,3.023000,8
63,47,3.527000,10
63,48,3.393000,10
63,49,3.584000,10
63,50,3.964000,10
63,51,3.566000,10
63,52,3.236000,10
63,53,3.435000,10
63,54,2.515000,10
63,55,3.820000,10
63,56,3.177000,10
63,57,2.907000,10
63,58,3.561000,10
63,59,3.242000,10
63,60,3.520000,10
63,61,3.605000,10
63,62,3.829000,11
63,63,3.160000,10
63,64,3.033000,11
63,65,2.948000,11
63,66,2.587000,8
63,67,3.002000,8
63,68,3.717000,13
63,69,3.652000,12
63,70,3.316000,13
63,71,4.139000,13
63,72,2.782000,13
63,73,3.575000,12
63,74,4.234000,13
63,75,3.770000,13
63,76,4.455000,14
63,77,4.607000,16
63,78,0.984000,11
63,79,3.578000,10
63,80,3.411000,10
63,81,3.200000,10
63,82,3.768000,12
63,83,3.745000,14
63,84,1.023000,14
63,85,2.785000,8
63,86,2.641000,8
63,87,4.210000,15
63,88,4.124000,13
63,89,3.732000,9
63,90,2.681000,9
63,91,3.554000,9
63,92,4.469000,15
63,93,3.516000,9
63,94,3.507000,10
63,95,3.017000,7
63,96,2.699000,8
64,1,3.970000,13
64,2,4.358000,11
64,3,3.845000,12
64,4,2.719000,8
64,5,4.201000,13
64,6,1.402000,8
64,7,3.693000,10
64,8,2.760000,9
64,9,3.824000,11
64,10,3.877000,11
64,11,4.075000,13
64,12,3.406000,14
64,13,2.876000,10
64,14,3.417000,11
64,15,3.911000,11
64,16,3.993000,11
64,17,4.588000,13
64,18,1.028000,12
64,19,3.413000,10
64,20,9.614000,30
64,21,3.763000,9
64,22,4.296000,16
64,23,1.182000,9
64,24,0.201000,9
64,25,3.135000,10
64,26,3.882000,13
64,27,3.709000,11
64,28,3.392000,12
64,29,4.228000,12
64,30,3.060000,12
64,31,2.422000,9
64,32,2.891000,10
64,33,2.722000,8
64,34,3.469000,9
64,35,3.908000,10
64,36,3.381000,11
64,37,3.136000,11
64,38,4.292000,13
64,39,4.376000,13
64,40,4.330000,13
64,41,4.125000,13
64,42,1.813000,9
64,43,2.770000,9
64,44,2.894000,8
64,45,3.315000,8
64,46,3.035000,8
64,47,3.310000,10
64,48,3.155000,10
64,49,3.649000,10
64,50,3.357000,10
64,51,4.426000,10
64,52,3.305000,10
64,53,3.781000,10
64,54,3.067000,10
64,55,2.794000,10
64,56,3.169000,10
64,57,3.403000,10
64,58,3.070000,10
64,59,3.843000,11
64,60,3.255000,11
64,61,4.334000,11
64,62,3.969000,10
64,63,3.682000,11
64,64,3.121000,9
64,65,3.082000,9
64,66,2.734000,9
64,67,2.900000,8
64,68,4.611000,13
64,69,4.740000,12
64,70,3.455000,12
64,71,4.177000,13
64,72,1.865000,13
64,73,3.387000,12
64,74,3.759000,13
64,75,3.826000,13
64,76,3.945000,13
64,77,5.117000,16
64,78,1.569000,8
64,79,3.723000,11
64,80,3.203000,10
64,81,3.511000,10
64,82,3.841000,12
64,83,4.480000,14
64,84,3.120000,14
64,85,3.156000,8
64,86,3.357000,8
64,87,4.773000,16
64,88,4.198000,14
64,89,3.068000,9
64,90,2.761000,9
64,91,3.132000,9
64,92,4.020000,14
64,93,3.958000,9
64,94,2.746000,8
64,95,2.707000,7
64,96,3.514000,8
65,1,2.779000,12
65,2,2.286000,11
65,3,2.250000,12
65,4,2.663000,9
65,5,2.854000,13
65,6,1.833000,8
65,7,2.600000,10
65,8,2.374000,9
65,9,3.017000,11
65,10,2.878000,11
65,11,2.774000,13
65,12,2.759000,14
65,13,2.406000,10
65,14,2.255000,11
65,15,2.575000,11
65,16,2.995000,11
65,17,3.304000,13
65,18,2.132000,10
65,19,3.493000,11
65,20,5.776000,27
65,21,2.510000,9
65,22,2.971000,16
65,23,2.172000,10
65,24,0.617000,9
65,25,2.765000,10
65,26,2.897000,13
65,27,2.470000,11
65,28,2.284000,9
65,29,2.682000,12
65,30,3.004000,12
65,31,2.588000,9
65,32,2.118000,9
65,33,1.450000,8
65,34,2.708000,11
65,35,2.433000,10
65,36,2.394000,11
65,37,2.599000,11
65,38,3.282000,13
65,39,2.990000,13
65,40,3.145000,13
65,41,2.735000,13
65,42,2.107000,9
65,43,2.267000,9
65,44,1.684000,8
65,45,2.465000,8
65,46,2.180000,8
65,47,2.533000,10
65,48,2.373000,10
65,49,3.110000,10
65,50,2.472000,10
65,51,2.979000,10
65,52,2.802000,10
65,53,2.495000,10
65,54,2.688000,10
65,55,3.216000,10
65,56,2.062000,10
65,57,2.272000,10
65,58,2.744000,10
65,59,2.376000,10
65,60,2.184000,10
65,61,2.875000,10
65,62,2.769000,11
65,63,2.621000,10
65,64,2.197000,10
65,65,2.367000,11
65,66,1.800000,8
65,67,2.414000,8
65,68,3.045000,13
65,69,2.651000,12
65,70,2.819000,13
65,71,2.647000,13
65,72,1.259000,13
65,73,2.766000,12
65,74,3.272000,13
65,75,3.017000,13
65,76,3.832000,15
65,77,3.811000,16
65,78,1.007000,11
65,79,2.404000,9
65,80,2.707000,10
65,81,2.821000,10
65,82,3.433000,12
65,83,3.280000,14
65,84,2.459000,14
65,85,2.576000,8
65,86,1.645000,8
65,87,2.823000,15
65,88,2.168000,9
65,89,2.207000,9
65,90,2.425000,9
65,91,2.761000,9
65,92,2.978000,13
65,93,3.070000,12
65,94,2.406000,8
65,95,1.863000,7
65,96,3.213000,8
66,1,5.467000,13
66,2,3.755000,11
66,3,2.632000,12
66,4,2.962000,11
66,5,3.089000,13
66,6,1.509000,8
66,7,3.471000,10
66,8,3.385000,9
66,9,2.690000,11
66,10,2.668000,11
66,11,3.472000,14
66,12,3.124000,14
66,13,3.997000,10
66,14,4.558000,14
66,15,3.063000,11
66,16,2.449000,11
66,17,2.681000,11
66,18,1.877000,8
66,19,5.402000,12
66,20,5.695000,24
66,21,2.045000,9
66,22,3.612000,15
66,23,2.155000,9
66,24,0.897000,9
66,25,6.235000,16
66,26,3.622000,13
66,27,3.506000,13
66,28,2.306000,10
66,29,2.744000,12
66,30,1.114000,12
66,31,3.552000,9
66,32,3.408000,9
66,33,2.565000,8
66,34,2.950000,11
66,35,2.180000,8
66,36,2.930000,12
66,37,3.985000,11
66,38,4.602000,15
66,39,2.620000,13
66,40,2.929000,13
66,41,3.085000,13
66,42,1.771000,13
66,43,4.797000,13
66,44,3.060000,8
66,45,2.047000,8
66,46,1.846000,8
66,47,2.799000,10
66,48,2.794000,10
66,49,3.997000,10
66,50,3.873000,10
66,51,2.380000,10
66,52,2.274000,10
66,53,2.683000,10
66,54,1.847000,10
66,55,3.708000,10
66,56,3.898000,10
66,57,2.117000,10
66,58,2.527000,10
66,59,2.286000,10
66,60,3.001000,11
66,61,3.971000,11
66,62,3.817000,10
66,63,3.351000,11
66,64,2.580000,11
66,65,2.361000,9
66,66,2.291000,9
66,67,3.468000,8
66,68,4.817000,14
66,69,3.317000,14
66,70,2.954000,12
66,71,2.542000,13
66,72,2.315000,13
66,73,3.992000,12
66,74,4.279000,13
66,75,3.024000,13
66,76,2.356000,12
66,77,3.576000,16
66,78,0.882000,8
66,79,4.265000,11
66,80,3.421000,10
66,81,2.379000,10
66,82,2.580000,12
66,83,3.463000,15
66,84,2.811000,14
66,85,3.280000,8
66,86,3.198000,8
66,87,5.104000,18
66,88,3.521000,14
66,89,2.591000,12
66,90,1.762000,8
66,91,2.881000,8
66,92,4.899000,14
66,93,2.341000,8
66,94,2.067000,8
66,95,2.451000,7
66,96,2.257000,8
67,1,3.173000,13
67,2,2.800000,12
67,3,2.706000,12
67,4,2.203000,8
67,5,2.658000,13
67,6,1.939000,8
67,7,2.696000,10
67,8,2.232000,9
67,9,2.150000,11
67,10,2.761000,11
67,11,3.472000,14
67,12,2.552000,14
67,13,2.938000,10
67,14,2.743000,10
67,15,2.449000,10
67,16,2.938000,10
67,17,2.230000,10
67,18,2.057000,8
67,19,2.910000,11
67,20,5.395000,28
67,21,2.877000,12
67,22,2.923000,15
67,23,1.368000,9
67,24,0.251000,9
67,25,3.410000,15
67,26,3.571000,16
67,27,3.299000,14
67,28,2.582000,11
67,29,2.467000,11
67,30,0.906000,12
67,31,2.486000,9
67,32,2.053000,9
67,33,1.894000,8
67,34,2.094000,8
67,35,1.956000,8
67,36,2.676000,12
67,37,2.725000,11
67,38,3.204000,15
67,39,2.890000,13
67,40,2.765000,13
67,41,3.022000,13
67,42,0.648000,9
67,43,2.484000,9
67,44,2.185000,8
67,45,2.262000,8
67,46,2.253000,8
67,47,2.232000,10
67,48,2.345000,10
67,49,2.485000,10
67,50,2.771000,10
67,51,2.452000,10
67,52,2.650000,10
67,53,2.201000,10
67,54,2.517000,10
67,55,2.278000,10
67,56,2.197000,10
67,57,2.827000,10
67,58,2.437000,10
67,59,2.305000,11
67,60,3.061000,10
67,61,2.707000,10
67,62,2.523000,11
67,63,2.378000,10
67,64,2.587000,10
67,65,2.138000,9
67,66,1.840000,8
67,67,2.352000,8
67,68,3.076000,14
67,69,2.821000,14
67,70,2.819000,13
67,71,2.723000,13
67,72,1.987000,13
67,73,2.510000,12
67,74,2.639000,13
67,75,2.326000,13
67,76,2.627000,12
67,77,3.211000,16
67,78,2.053000,9
67,79,2.360000,9
67,80,2.445000,10
67,81,2.192000,10
67,82,2.958000,12
67,83,3.377000,15
67,84,2.481000,14
67,85,2.244000,8
67,86,3.080000,13
67,87,3.086000,14
67,88,3.116000,10
67,89,3.326000,14
67,90,1.368000,9
67,91,2.343000,9
67,92,3.260000,13
67,93,2.158000,7
67,94,2.835000,11
67,95,1.915000,7
67,96,1.920000,8
68,1,2.978000,13
68,2,3.354000,13
68,3,2.902000,12
68,4,2.171000,8
68,5,2.862000,13
68,6,1.109000,8
68,7,2.287000,10
68,8,2.292000,9
68,9,2.721000,11
68,10,2.462000,11
68,11,3.622000,14
68,12,2.332000,14
68,13,1.671000,10
68,14,2.996000,10
68,15,2.786000,11
68,16,2.344000,9
68,17,2.130000,10
68,18,2.458000,8
68,19,3.148000,13
68,20,5.282000,24
68,21,2.716000,12
68,22,3.087000,15
68,23,1.432000,9
68,24,0.511000,9
68,25,2.889000,14
68,26,3.061000,13
68,27,3.297000,14
68,28,2.469000,12
68,29,3.148000,12
68,30,1.628000,12
68,31,2.048000,9
68,32,1.727000,9
68,33,2.401000,8
68,34,1.831000,8
68,35,1.660000,8
68,36,2.863000,12
68,37,2.511000,11
68,38,3.739000,15
68,39,2.845000,13
68,40,2.916000,13
68,41,2.866000,13
68,42,1.129000,9
68,43,2.301000,9
68,44,2.268000,8
68,45,2.198000,8
68,46,2.002000,8
68,47,2.618000,10
68,48,2.366000,10
68,49,2.686000,10
68,50,3.006000,10
68,51,2.712000,10
68,52,2.026000,10
68,53,2.336000,10
68,54,2.417000,10
68,55,2.513000,10
68,56,2.295000,10
68,57,2.500000,10
68,58,2.306000,10
68,59,2.738000,10
68,60,2.555000,11
68,61,2.510000,11
68,62,2.734000,10
68,63,2.903000,11
68,64,5.068000,10
68,65,2.348000,11
68,66,0.270000,9
68,67,2.336000,8
68,68,3.467000,14
68,69,3.339000,14
68,70,2.915000,12
68,71,2.687000,13
68,72,1.111000,13
68,73,2.510000,12
68,74,3.248000,13
68,75,3.103000,13
68,76,2.827000,12
68,77,3.565000,16
68,78,1.049000,8
68,79,2.512000,10
68,80,2.521000,10
68,81,2.487000,10
68,82,2.430000,12
68,83,4.104000,15
68,84,1.779000,14
68,85,1.901000,8
68,86,2.051000,8
68,87,3.956000,15
68,88,2.420000,9
68,89,2.616000,12
68,90,2.248000,10
68,91,2.052000,9
68,92,3.267000,11
68,93,2.616000,7
68,94,1.841000,7
68,95,2.103000,7
68,96,2.501000,8
69,1,3.406000,13
69,2,3.025000,13
69,3,2.695000,12
69,4,2.244000,8
69,5,2.497000,13
69,6,0.803000,8
69,7,2.582000,10
69,8,2.364000,9
69,9,2.592000,11
69,10,3.141000,11
69,11,3.482000,14
69,12,1.948000,14
69,13,1.901000,10
69,14,2.811000,10
69,15,2.799000,12
69,16,2.319000,10
69,17,2.472000,10
69,18,2.161000,10
69,19,2.973000,12
69,20,4.660000,24
69,21,2.888000,12
69,22,3.208000,15
69,23,1.578000,9
69,24,0.689000,9
69,25,3.235000,14
69,26,3.534000,13
69,27,3.247000,14
69,28,2.486000,12
69,29,2.620000,12
69,30,1.278000,12
69,31,2.444000,9
69,32,2.141000,9
69,33,2.824000,8
69,34,2.617000,8
69,35,2.094000,8
69,36,2.812000,12
69,37,3.019000,11
69,38,3.531000,15
69,39,2.663000,13
69,40,2.687000,13
69,41,2.679000,13
69,42,1.516000,9
69,43,2.782000,9
69,44,1.943000,8
69,45,2.081000,8
69,46,1.517000,8
69,47,2.910000,10
69,48,2.229000,10
69,49,2.019000,10
69,50,2.505000,10
69,51,2.693000,10
69,52,2.576000,10
69,53,2.294000,10
69,54,2.185000,10
69,55,2.315000,10
69,56,2.794000,10
69,57,2.137000,10
69,58,2.808000,10
69,59,2.809000,10
69,60,2.177000,10
69,61,2.783000,10
69,62,2.786000,11
69,63,2.031000,10
69,64,3.005000,11
69,65,1.923000,9
69,66,1.451000,8
69,67,2.011000,8
69,68,3.208000,14
69,69,3.423000,14
69,70,2.943000,13
69,71,2.442000,13
69,72,2.085000,13
69,73,2.425000,12
69,74,3.333000,13
69,75,3.325000,13
69,76,2.566000,12
69,77,3.068000,16
69,78,0.723000,9
69,79,2.939000,11
69,80,2.720000,10
69,81,3.248000,10
69,82,2.613000,12
69,83,3.235000,15
69,84,1.704000,14
69,85,1.904000,8
69,86,2.040000,8
69,87,3.741000,15
69,88,3.038000,13
69,89,2.350000,11
69,90,2.439000,15
69,91,2.526000,10
69,92,2.868000,12
69,93,2.172000,7
69,94,2.144000,10
69,95,1.895000,7
69,96,1.730000,8
70,1,3.263000,13
70,2,3.119000,13
70,3,3.306000,12
70,4,3.488000,11
70,5,2.460000,13
70,6,0.974000,8
70,7,2.517000,10
70,8,2.072000,9
70,9,3.105000,11
70,10,2.744000,11
70,11,3.460000,14
70,12,2.472000,14
70,13,2.516000,10
70,14,2.980000,11
70,15,3.038000,11
70,16,3.025000,10
70,17,1.960000,10
70,18,0.596000,8
70,19,3.327000,15
70,20,4.538000,24
70,21,2.520000,9
70,22,3.140000,15
70,23,1.568000,9
70,24,1.352000,9
70,25,2.525000,14
70,26,3.558000,13
70,27,3.310000,14
70,28,2.720000,11
70,29,2.928000,12
70,30,1.536000,12
70,31,2.180000,9
70,32,2.540000,9
70,33,2.563000,8
70,34,2.741000,8
70,35,2.085000,8
70,36,2.743000,12
70,37,2.344000,11
70,38,3.697000,15
70,39,3.073000,13
70,40,2.616000,13
70,41,2.764000,13
70,42,1.513000,9
70,43,2.515000,9
70,44,1.865000,8
70,45,2.322000,8
70,46,2.344000,8
70,47,2.578000,10
70,48,2.240000,10
70,49,2.790000,10
70,50,2.248000,10
70,51,2.363000,10
70,52,2.125000,10
70,53,2.263000,10
70,54,2.090000,10
70,55,2.324000,10
70,56,2.866000,10
70,57,3.092000,10
70,58,2.504000,10
70,59,2.529000,10
70,60,1.920000,11
70,61,3.015000,11
70,62,2.736000,10
70,63,2.815000,11
70,64,2.254000,10
70,65,2.836000,11
70,66,1.660000,9
70,67,2.150000,8
70,68,3.151000,15
70,69,2.954000,14
70,70,2.865000,12
70,71,2.801000,13
70,72,1.679000,13
70,73,2.515000,11
70,74,3.511000,13
70,75,3.762000,13
70,76,2.428000,10
70,77,3.188000,16
70,78,1.232000,8
70,79,2.343000,9
70,80,2.253000,10
70,81,2.861000,10
70,82,3.045000,12
70,83,3.117000,15
70,84,2.498000,14
70,85,2.088000,8
70,86,2.310000,8
70,87,3.832000,16
70,88,2.831000,14
70,89,1.907000,9
70,90,1.781000,11
70,91,2.048000,10
70,92,2.016000,12
70,93,2.471000,7
70,94,2.854000,10
70,95,1.958000,7
70,96,2.594000,8
71,1,2.521000,11
71,2,3.050000,12
71,3,3.349000,12
71,4,2.187000,8
71,5,3.857000,13
71,6,3.184000,8
71,7,2.769000,10
71,8,1.882000,9
71,9,2.806000,11
71,10,3.616000,11
71,11,4.746000,14
71,12,3.522000,13
71,13,2.769000,11
71,14,3.035000,10
71,15,3.706000,10
71,16,4.209000,10
71,17,3.385000,10
71,18,2.689000,9
71,19,3.302000,12
71,20,8.003000,28
71,21,4.091000,12
71,22,3.790000,15
71,23,1.382000,9
71,24,0.309000,11
71,25,3.451000,14
71,26,3.321000,15
71,27,4.476000,13
71,28,3.796000,13
71,29,2.963000,11
71,30,1.824000,12
71,31,2.765000,10
71,32,2.377000,9
71,33,2.643000,8
71,34,2.756000,8
71,35,3.805000,8
71,36,3.576000,11
71,37,2.949000,11
71,38,2.532000,12
71,39,3.469000,13
71,40,4.262000,13
71,41,3.753000,13
71,42,0.900000,9
71,43,2.770000,9
71,44,3.008000,11
71,45,2.760000,8
71,46,2.463000,8
71,47,3.343000,10
71,48,3.099000,10
71,49,2.328000,10
71,50,2.619000,10
71,51,2.733000,10
71,52,3.224000,10
71,53,3.302000,10
71,54,3.804000,10
71,55,2.443000,10
71,56,2.712000,10
71,57,2.433000,10
71,58,4.162000,10
71,59,3.585000,10
71,60,3.365000,10
71,61,2.776000,10
71,62,2.606000,11
71,63,2.902000,10
71,64,3.724000,10
71,65,3.360000,9
71,66,2.590000,8
71,67,2.780000,8
71,68,3.339000,14
71,69,3.569000,12
71,70,3.717000,13
71,71,3.490000,13
71,72,2.782000,13
71,73,2.945000,12
71,74,2.647000,13
71,75,3.707000,14
71,76,3.351000,9
71,77,4.579000,16
71,78,2.540000,9
71,79,2.609000,10
71,80,2.381000,10
71,81,3.069000,10
71,82,4.053000,13
71,83,4.089000,15
71,84,3.137000,14
71,85,2.519000,8
71,86,2.382000,8
71,87,4.380000,16
71,88,3.470000,9
71,89,3.387000,11
71,90,3.255000,14
71,91,3.174000,13
71,92,2.808000,13
71,93,2.105000,7
71,94,3.635000,11
71,95,3.114000,7
71,96,2.940000,8
72,1,2.903000,13
72,2,4.090000,12
72,3,2.872000,9
72,4,3.641000,11
72,5,2.828000,13
72,6,0.830000,8
72,7,2.531000,10
72,8,2.154000,9
72,9,3.542000,11
72,10,4.220000,11
72,11,4.545000,14
72,12,2.872000,13
72,13,3.114000,11
72,14,4.220000,10
72,15,3.457000,10
72,16,2.890000,9
72,17,3.792000,11
72,18,2.034000,8
72,19,3.110000,12
72,20,6.185000,21
72,21,3.047000,9
72,22,3.948000,15
72,23,2.570000,9
72,24,1.417000,9
72,25,2.897000,14
72,26,4.715000,13
72,27,4.178000,13
72,28,3.968000,12
72,29,3.158000,12
72,30,1.525000,12
72,31,2.712000,11
72,32,2.991000,8
72,33,3.089000,8
72,34,2.867000,8
72,35,2.321000,8
72,36,3.478000,11
72,37,3.092000,11
72,38,4.362000,13
72,39,3.838000,13
72,40,3.478000,13
72,41,3.561000,13
72,42,1.798000,9
72,43,2.216000,9
72,44,3.770000,13
72,45,2.629000,8
72,46,3.020000,8
72,47,2.780000,10
72,48,2.907000,10
72,49,2.600000,10
72,50,3.398000,10
72,51,3.254000,10
72,52,2.767000,10
72,53,2.970000,10
72,54,3.022000,10
72,55,2.885000,10
72,56,3.984000,10
72,57,3.630000,10
72,58,3.027000,10
72,59,2.960000,10
72,60,2.985000,11
72,61,2.608000,11
72,62,2.434000,10
72,63,3.920000,11
72,64,3.302000,11
72,65,2.553000,9
72,66,2.639000,9
72,67,2.242000,8
72,68,4.258000,14
72,69,4.837000,15
72,70,3.300000,12
72,71,3.150000,13
72,72,1.799000,13
72,73,2.087000,11
72,74,3.482000,13
72,75,4.395000,14
72,76,2.976000,9
72,77,4.460000,16
72,78,1.960000,8
72,79,2.580000,11
72,80,3.357000,10
72,81,3.535000,10
72,82,3.641000,13
72,83,4.277000,15
72,84,2.678000,14
72,85,2.344000,8
72,86,2.200000,8
72,87,4.724000,16
72,88,2.707000,9
72,89,3.350000,10
72,90,3.840000,16
72,91,2.673000,12
72,92,4.113000,12
72,93,2.335000,7
72,94,2.740000,7
72,95,2.578000,7
72,96,3.270000,8
73,1,3.976000,14
73,2,3.540000,12
73,3,2.944000,7
73,4,2.415000,8
73,5,3.770000,13
73,6,2.573000,8
73,7,3.186000,10
73,8,2.647000,9
73,9,3.511000,11
73,10,3.194000,11
73,11,4.656000,14
73,12,2.941000,13
73,13,3.454000,10
73,14,3.585000,10
73,15,2.702000,8
73,16,3.898000,11
73,17,3.237000,10
73,18,2.965000,8
73,19,3.930000,15
73,20,6.056000,21
73,21,3.111000,9
73,22,3.855000,15
73,23,2.977000,9
73,24,1.622000,9
73,25,4.028000,14
73,26,3.933000,13
73,27,3.977000,12
73,28,4.242000,13
73,29,3.410000,11
73,30,1.863000,12
73,31,3.186000,9
73,32,3.190000,9
73,33,3.140000,8
73,34,3.906000,9
73,35,2.984000,8
73,36,3.556000,11
73,37,3.183000,11
73,38,3.574000,13
73,39,3.741000,13
73,40,4.038000,13
73,41,3.049000,13
73,42,0.994000,13
73,43,4.026000,13
73,44,3.232000,9
73,45,2.510000,8
73,46,2.992000,8
73,47,3.604000,10
73,48,2.777000,10
73,49,3.700000,10
73,50,3.313000,10
73,51,3.839000,10
73,52,3.483000,10
73,53,3.465000,10
73,54,1.833000,10
73,55,3.188000,10
73,56,2.906000,10
73,57,3.437000,10
73,58,3.080000,10
73,59,3.396000,10
73,60,3.231000,10
73,61,3.700000,10
73,62,3.940000,11
73,63,3.462000,10
73,64,3.149000,10
73,65,3.045000,11
73,66,2.647000,8
73,67,2.896000,8
73,68,3.815000,14
73,69,4.073000,12
73,70,3.985000,13
73,71,3.655000,13
73,72,2.055000,13
73,73,2.978000,11
73,74,4.284000,13
73,75,2.905000,13
73,76,4.340000,12
73,77,4.889000,16
73,78,1.433000,9
73,79,3.048000,9
73,80,3.955000,10
73,81,3.242000,10
73,82,3.810000,13
73,83,4.539000,15
73,84,2.609000,14
73,85,2.567000,8
73,86,3.795000,12
73,87,4.035000,15
73,88,3.195000,10
73,89,2.819000,10
73,90,3.741000,15
73,91,3.387000,12
73,92,3.871000,12
73,93,2.785000,7
73,94,3.141000,11
73,95,2.841000,7
73,96,3.327000,8
74,1,3.891000,12
74,2,3.556000,12
74,3,2.881000,9
74,4,3.350000,11
74,5,4.335000,13
74,6,2.380000,8
74,7,2.790000,10
74,8,2.714000,9
74,9,3.605000,11
74,10,3.220000,11
74,11,3.950000,14
74,12,3.983000,14
74,13,4.182000,11
74,14,3.825000,10
74,15,3.529000,10
74,16,3.177000,10
74,17,3.625000,11
74,18,2.460000,8
74,19,3.906000,14
74,20,6.124000,21
74,21,3.347000,9
74,22,4.518000,15
74,23,2.601000,9
74,24,1.020000,9
74,25,3.660000,14
74,26,4.035000,13
74,27,3.773000,12
74,28,3.592000,12
74,29,3.510000,11
74,30,2.649000,12
74,31,3.658000,11
74,32,3.150000,8
74,33,2.636000,8
74,34,3.100000,8
74,35,2.553000,8
74,36,3.461000,11
74,37,3.445000,12
74,38,3.655000,13
74,39,4.347000,13
74,40,3.869000,13
74,41,3.696000,13
74,42,1.816000,11
74,43,2.445000,9
74,44,2.827000,9
74,45,2.746000,8
74,46,3.040000,8
74,47,3.233000,10
74,48,3.294000,10
74,49,3.400000,10
74,50,3.143000,10
74,51,3.329000,10
74,52,2.928000,10
74,53,3.536000,10
74,54,3.349000,10
74,55,3.010000,10
74,56,3.100000,10
74,57,2.955000,10
74,58,3.702000,10
74,59,3.141000,10
74,60,3.284000,11
74,61,3.485000,11
74,62,3.357000,10
74,63,3.638000,11
74,64,3.019000,10
74,65,3.279000,9
74,66,3.100000,9
74,67,3.124000,8
74,68,3.750000,14
74,69,4.921000,15
74,70,3.731000,12
74,71,3.615000,13
74,72,2.317000,13
74,73,3.419000,11
74,74,3.921000,13
74,75,3.734000,13
74,76,3.194000,12
74,77,4.992000,17
74,78,1.917000,8
74,79,3.163000,10
74,80,3.323000,10
74,81,3.397000,10
74,82,3.622000,13
74,83,4.130000,15
74,84,3.096000,14
74,85,2.883000,8
74,86,2.992000,12
74,87,4.958000,15
74,88,2.420000,7
74,89,2.944000,10
74,90,0.376000,14
74,91,3.476000,12
74,92,4.035000,12
74,93,3.122000,7
74,94,3.435000,11
74,95,2.446000,7
74,96,3.246000,8
75,1,3.596000,12
75,2,3.585000,12
75,3,4.233000,13
75,4,2.456000,8
75,5,3.470000,13
75,6,2.030000,8
75,7,3.329000,10
75,8,3.257000,9
75,9,2.932000,11
75,10,3.342000,11
75,11,3.922000,14
75,12,2.801000,13
75,13,3.006000,10
75,14,3.211000,10
75,15,3.553000,10
75,16,3.299000,10
75,17,3.540000,10
75,18,2.672000,8
75,19,4.516000,15
75,20,6.148000,23
75,21,2.512000,9
75,22,3.567000,15
75,23,1.309000,9
75,24,0.252000,9
75,25,4.379000,14
75,26,4.927000,15
75,27,2.869000,11
75,28,2.671000,12
75,29,2.495000,11
75,30,0.866000,12
75,31,3.316000,11
75,32,3.369000,8
75,33,2.968000,8
75,34,2.870000,8
75,35,3.026000,9
75,36,2.547000,11
75,37,3.603000,12
75,38,3.966000,13
75,39,4.128000,13
75,40,3.707000,13
75,41,2.774000,13
75,42,1.469000,9
75,43,2.817000,9
75,44,2.646000,9
75,45,2.360000,8
75,46,2.565000,8
75,47,3.783000,10
75,48,2.688000,10
75,49,3.006000,10
75,50,3.780000,10
75,51,3.287000,10
75,52,3.361000,10
75,53,3.020000,10
75,54,2.901000,10
75,55,2.700000,10
75,56,2.996000,10
75,57,3.512000,10
75,58,3.184000,10
75,59,3.890000,10
75,60,2.618000,10
75,61,3.007000,10
75,62,3.427000,11
75,63,3.573000,10
75,64,3.100000,10
75,65,3.336000,9
75,66,2.228000,8
75,67,2.754000,8
75,68,4.189000,14
75,69,3.760000,12
75,70,3.731000,13
75,71,3.210000,13
75,72,2.148000,13
75,73,3.603000,11
75,74,3.955000,13
75,75,4.622000,14
75,76,3.527000,13
75,77,2.464000,8
75,78,1.747000,9
75,79,3.600000,11
75,80,3.422000,10
75,81,3.370000,10
75,82,3.802000,13
75,83,3.679000,15
75,84,1.652000,14
75,85,3.006000,8
75,86,4.151000,15
75,87,3.718000,15
75,88,3.013000,7
75,89,2.640000,9
75,90,2.909000,14
75,91,3.602000,12
75,92,3.730000,12
75,93,2.519000,7
75,94,3.943000,12
75,95,2.142000,7
75,96,2.610000,8
76,1,2.553000,12
76,2,3.087000,12
76,3,2.803000,12
76,4,3.158000,11
76,5,3.274000,13
76,6,0.326000,8
76,7,2.165000,10
76,8,2.111000,9
76,9,2.311000,11
76,10,2.676000,11
76,11,3.086000,14
76,12,3.520000,13
76,13,2.496000,11
76,14,2.621000,10
76,15,2.568000,9
76,16,2.558000,10
76,17,2.478000,11
76,18,2.647000,8
76,19,3.183000,15
76,20,4.380000,22
76,21,2.444000,9
76,22,3.604000,15
76,23,3.266000,13
76,24,0.735000,9
76,25,2.721000,14
76,26,3.043000,13
76,27,2.754000,11
76,28,3.261000,12
76,29,3.365000,11
76,30,2.172000,12
76,31,2.730000,11
76,32,2.635000,8
76,33,2.130000,8
76,34,3.212000,14
76,35,2.032000,8
76,36,3.398000,11
76,37,3.003000,12
76,38,3.265000,13
76,39,2.705000,13
76,40,3.168000,13
76,41,3.598000,13
76,42,1.573000,9
76,43,2.022000,9
76,44,3.052000,12
76,45,1.651000,8
76,46,1.971000,8
76,47,3.020000,10
76,48,2.569000,10
76,49,2.724000,10
76,50,2.074000,10
76,51,2.621000,10
76,52,2.817000,10
76,53,2.710000,10
76,54,3.136000,10
76,55,2.727000,10
76,56,1.914000,10
76,57,2.300000,10
76,58,2.486000,10
76,59,2.123000,10
76,60,2.980000,11
76,61,2.394000,11
76,62,2.201000,10
76,63,2.587000,11
76,64,2.425000,11
76,65,2.712000,11
76,66,2.450000,9
76,67,2.011000,8
76,68,2.407000,14
76,69,3.190000,15
76,70,2.470000,12
76,71,3.237000,13
76,72,2.915000,13
76,73,2.369000,12
76,74,2.540000,13
76,75,3.049000,14
76,76,3.334000,13
76,77,4.933000,20
76,78,1.114000,8
76,79,2.377000,9
76,80,2.788000,10
76,81,2.608000,10
76,82,2.932000,13
76,83,4.299000,15
76,84,1.849000,14
76,85,2.159000,8
76,86,2.253000,8
76,87,3.504000,17
76,88,2.043000,9
76,89,2.198000,10
76,90,4.170000,15
76,91,2.341000,12
76,92,3.020000,13
76,93,2.409000,7
76,94,2.574000,11
76,95,1.916000,7
76,96,2.548000,8
