system,stage,iter_prev,iter,mu_prev,mu,block,rel_change,share_dK2,max_log10,frac_10x
large10kC_1ph,6,0,10,1.000000e+00,1.000000e+00,K,2.650795e-02,1.000000e+00,8.218030e+00,6.569735e-02
large10kC_1ph,6,0,10,1.000000e+00,1.000000e+00,H.diag,2.650779e-02,9.999868e-01,8.218030e+00,3.847069e-01
large10kC_1ph,6,0,10,1.000000e+00,1.000000e+00,J,9.322881e-02,1.317146e-05,1.326903e+00,7.007034e-03
large10kC_1ph,6,0,10,1.000000e+00,1.000000e+00,H.barrier,7.960047e-01,9.999473e-01,4.716464e+00,4.561486e-02
large10kC_1ph,6,0,10,1.000000e+00,1.000000e+00,H.Vxx,0.000000e+00,0.000000e+00,NaN,NaN
large10kC_1ph,6,0,10,1.000000e+00,1.000000e+00,H.rest,1.668149e-04,3.952965e-05,8.218030e+00,8.992198e-01
large10kC_1ph,6,0,10,1.000000e+00,1.000000e+00,H.diag:ps,9.999808e-01,7.494062e-09,4.716464e+00,1.000000e+00
large10kC_1ph,6,0,10,1.000000e+00,1.000000e+00,H.barrier:ps,9.999808e-01,7.494062e-09,4.716464e+00,1.000000e+00
large10kC_1ph,6,0,10,1.000000e+00,1.000000e+00,H.diag:qs,0.000000e+00,0.000000e+00,0.000000e+00,0.000000e+00
large10kC_1ph,6,0,10,1.000000e+00,1.000000e+00,H.diag:P,5.055215e+07,1.976482e-05,8.218030e+00,9.437016e-01
large10kC_1ph,6,0,10,1.000000e+00,1.000000e+00,H.diag:Q,5.055215e+07,1.976482e-05,8.218030e+00,9.437016e-01
large10kC_1ph,6,0,10,1.000000e+00,1.000000e+00,H.diag:v,3.496061e-01,3.786316e-03,1.312030e-01,0.000000e+00
large10kC_1ph,6,0,10,1.000000e+00,1.000000e+00,H.barrier:v,3.496061e-01,3.786316e-03,1.312030e-01,0.000000e+00
large10kC_1ph,6,0,10,1.000000e+00,1.000000e+00,H.diag:ell,8.427872e-01,5.493505e-01,2.199064e+00,1.502907e-01
large10kC_1ph,6,0,10,1.000000e+00,1.000000e+00,H.barrier:ell,8.427872e-01,5.493505e-01,2.199064e+00,1.502907e-01
large10kC_1ph,6,0,10,1.000000e+00,1.000000e+00,H.diag:pb,2.364082e-05,7.944937e-07,1.588220e-05,0.000000e+00
large10kC_1ph,6,0,10,1.000000e+00,1.000000e+00,H.barrier:pb,6.512359e-02,7.944937e-07,3.467541e-02,0.000000e+00
large10kC_1ph,6,0,10,1.000000e+00,1.000000e+00,H.diag:qnorm,1.413438e-04,6.120661e-13,1.087893e-04,0.000000e+00
large10kC_1ph,6,0,10,1.000000e+00,1.000000e+00,H.barrier:qnorm,1.413438e-04,6.120661e-13,1.087893e-04,0.000000e+00
large10kC_1ph,6,0,10,1.000000e+00,1.000000e+00,H.diag:soc_slack,7.600713e-01,4.468095e-01,7.185825e-01,0.000000e+00
large10kC_1ph,6,0,10,1.000000e+00,1.000000e+00,H.barrier:soc_slack,7.600713e-01,4.468095e-01,7.185825e-01,0.000000e+00
large10kC_1ph,6,0,10,1.000000e+00,1.000000e+00,H.diag:energy_slack,3.945696e-02,1.725736e-07,2.234521e-02,0.000000e+00
large10kC_1ph,6,0,10,1.000000e+00,1.000000e+00,H.barrier:energy_slack,3.945696e-02,1.725736e-07,2.234521e-02,0.000000e+00
large10kC_1ph,6,0,10,1.000000e+00,1.000000e+00,J:Pbal,0.000000e+00,0.000000e+00,0.000000e+00,0.000000e+00
large10kC_1ph,6,0,10,1.000000e+00,1.000000e+00,J:Qbal,0.000000e+00,0.000000e+00,0.000000e+00,0.000000e+00
large10kC_1ph,6,0,10,1.000000e+00,1.000000e+00,J:vdrop,0.000000e+00,0.000000e+00,0.000000e+00,0.000000e+00
large10kC_1ph,6,0,10,1.000000e+00,1.000000e+00,J:SOCP,2.063333e-01,1.317146e-05,1.326903e+00,3.362403e-02
large10kC_1ph,6,0,10,1.000000e+00,1.000000e+00,J:rootV,0.000000e+00,0.000000e+00,0.000000e+00,0.000000e+00
large10kC_1ph,6,0,10,1.000000e+00,1.000000e+00,J:energy,0.000000e+00,0.000000e+00,0.000000e+00,0.000000e+00
large10kC_1ph,5,0,10,1.000000e+00,1.000000e+00,K,6.031906e-01,1.000000e+00,8.242454e+00,6.809363e-02
large10kC_1ph,5,0,10,1.000000e+00,1.000000e+00,H.diag,6.033504e-01,9.999793e-01,8.242454e+00,3.955182e-01
large10kC_1ph,5,0,10,1.000000e+00,1.000000e+00,J,1.169728e-01,2.069751e-05,1.492588e+00,7.855148e-03
large10kC_1ph,5,0,10,1.000000e+00,1.000000e+00,H.barrier,7.941224e-01,9.934252e-01,4.698050e+00,4.699624e-02
large10kC_1ph,5,0,10,1.000000e+00,1.000000e+00,H.Vxx,1.482392e-01,6.375137e-03,2.360718e-01,0.000000e+00
large10kC_1ph,5,0,10,1.000000e+00,1.000000e+00,H.rest,1.378407e-02,5.344488e-05,8.242454e+00,9.243341e-01
large10kC_1ph,5,0,10,1.000000e+00,1.000000e+00,H.diag:ps,9.999800e-01,7.480507e-09,4.698050e+00,1.000000e+00
large10kC_1ph,5,0,10,1.000000e+00,1.000000e+00,H.barrier:ps,9.999800e-01,7.480507e-09,4.698050e+00,1.000000e+00
large10kC_1ph,5,0,10,1.000000e+00,1.000000e+00,H.diag:qs,0.000000e+00,0.000000e+00,0.000000e+00,0.000000e+00
large10kC_1ph,5,0,10,1.000000e+00,1.000000e+00,H.diag:P,5.883341e+07,2.672244e-05,8.242454e+00,9.700581e-01
large10kC_1ph,5,0,10,1.000000e+00,1.000000e+00,H.diag:Q,5.883341e+07,2.672244e-05,8.242454e+00,9.700581e-01
large10kC_1ph,5,0,10,1.000000e+00,1.000000e+00,H.diag:v,3.494759e-01,3.776659e-03,1.318315e-01,0.000000e+00
large10kC_1ph,5,0,10,1.000000e+00,1.000000e+00,H.barrier:v,3.494759e-01,3.776659e-03,1.318315e-01,0.000000e+00
large10kC_1ph,5,0,10,1.000000e+00,1.000000e+00,H.diag:ell,8.511674e-01,5.593171e-01,2.551094e+00,1.548450e-01
large10kC_1ph,5,0,10,1.000000e+00,1.000000e+00,H.barrier:ell,8.511674e-01,5.593171e-01,2.551094e+00,1.548450e-01
large10kC_1ph,5,0,10,1.000000e+00,1.000000e+00,H.diag:pb,7.448602e-02,6.501646e-03,1.336491e-01,0.000000e+00
large10kC_1ph,5,0,10,1.000000e+00,1.000000e+00,H.barrier:pb,7.162736e-02,9.593702e-07,3.925766e-02,0.000000e+00
large10kC_1ph,5,0,10,1.000000e+00,1.000000e+00,H.diag:qnorm,1.687097e-04,8.704409e-13,1.340442e-04,0.000000e+00
large10kC_1ph,5,0,10,1.000000e+00,1.000000e+00,H.barrier:qnorm,1.687097e-04,8.704409e-13,1.340442e-04,0.000000e+00
large10kC_1ph,5,0,10,1.000000e+00,1.000000e+00,H.diag:soc_slack,7.465977e-01,4.303298e-01,7.184705e-01,0.000000e+00
large10kC_1ph,5,0,10,1.000000e+00,1.000000e+00,H.barrier:soc_slack,7.465977e-01,4.303298e-01,7.184705e-01,0.000000e+00
large10kC_1ph,5,0,10,1.000000e+00,1.000000e+00,H.diag:energy_slack,7.700044e-02,6.560366e-07,4.583154e-02,0.000000e+00
large10kC_1ph,5,0,10,1.000000e+00,1.000000e+00,H.barrier:energy_slack,7.700044e-02,6.560366e-07,4.583154e-02,0.000000e+00
large10kC_1ph,5,0,10,1.000000e+00,1.000000e+00,J:Pbal,0.000000e+00,0.000000e+00,0.000000e+00,0.000000e+00
large10kC_1ph,5,0,10,1.000000e+00,1.000000e+00,J:Qbal,0.000000e+00,0.000000e+00,0.000000e+00,0.000000e+00
large10kC_1ph,5,0,10,1.000000e+00,1.000000e+00,J:vdrop,0.000000e+00,0.000000e+00,0.000000e+00,0.000000e+00
large10kC_1ph,5,0,10,1.000000e+00,1.000000e+00,J:SOCP,2.588834e-01,2.069751e-05,1.492588e+00,3.769380e-02
large10kC_1ph,5,0,10,1.000000e+00,1.000000e+00,J:rootV,0.000000e+00,0.000000e+00,0.000000e+00,0.000000e+00
large10kC_1ph,5,0,10,1.000000e+00,1.000000e+00,J:energy,0.000000e+00,0.000000e+00,0.000000e+00,0.000000e+00
large10kC_1ph,4,0,10,1.000000e+00,1.000000e+00,K,6.605211e-01,1.000000e+00,8.193758e+00,6.332950e-02
large10kC_1ph,4,0,10,1.000000e+00,1.000000e+00,H.diag,6.607355e-01,9.999917e-01,8.193758e+00,3.879448e-01
large10kC_1ph,4,0,10,1.000000e+00,1.000000e+00,J,7.422349e-02,8.298286e-06,1.231769e+00,3.607848e-03
large10kC_1ph,4,0,10,1.000000e+00,1.000000e+00,H.barrier,7.976828e-01,9.981098e-01,4.531734e+00,3.159534e-02
large10kC_1ph,4,0,10,1.000000e+00,1.000000e+00,H.Vxx,1.380097e-01,1.795690e-03,2.005121e-01,0.000000e+00
large10kC_1ph,4,0,10,1.000000e+00,1.000000e+00,H.rest,9.650656e-03,2.608689e-05,8.193758e+00,9.294123e-01
large10kC_1ph,4,0,10,1.000000e+00,1.000000e+00,H.diag:ps,9.999706e-01,7.448699e-09,4.531734e+00,1.000000e+00
large10kC_1ph,4,0,10,1.000000e+00,1.000000e+00,H.barrier:ps,9.999706e-01,7.448699e-09,4.531734e+00,1.000000e+00
large10kC_1ph,4,0,10,1.000000e+00,1.000000e+00,H.diag:qs,0.000000e+00,0.000000e+00,0.000000e+00,0.000000e+00
large10kC_1ph,4,0,10,1.000000e+00,1.000000e+00,H.diag:P,4.119109e+07,1.304344e-05,8.193758e+00,9.753876e-01
large10kC_1ph,4,0,10,1.000000e+00,1.000000e+00,H.diag:Q,4.119109e+07,1.304344e-05,8.193758e+00,9.753876e-01
large10kC_1ph,4,0,10,1.000000e+00,1.000000e+00,H.diag:v,3.497463e-01,3.766491e-03,1.309231e-01,0.000000e+00
large10kC_1ph,4,0,10,1.000000e+00,1.000000e+00,H.barrier:v,3.497463e-01,3.766491e-03,1.309231e-01,0.000000e+00
large10kC_1ph,4,0,10,1.000000e+00,1.000000e+00,H.diag:ell,8.350404e-01,5.360443e-01,1.978848e+00,1.040698e-01
large10kC_1ph,4,0,10,1.000000e+00,1.000000e+00,H.barrier:ell,8.350404e-01,5.360443e-01,1.978848e+00,1.040698e-01
large10kC_1ph,4,0,10,1.000000e+00,1.000000e+00,H.diag:pb,5.070452e-02,1.856541e-03,8.380017e-02,0.000000e+00
large10kC_1ph,4,0,10,1.000000e+00,1.000000e+00,H.barrier:pb,6.212214e-02,7.185857e-07,3.275716e-02,0.000000e+00
large10kC_1ph,4,0,10,1.000000e+00,1.000000e+00,H.diag:qnorm,1.994986e-04,1.211983e-12,1.569000e-04,0.000000e+00
large10kC_1ph,4,0,10,1.000000e+00,1.000000e+00,H.barrier:qnorm,1.994986e-04,1.211983e-12,1.569000e-04,0.000000e+00
large10kC_1ph,4,0,10,1.000000e+00,1.000000e+00,H.diag:soc_slack,7.721043e-01,4.582871e-01,7.183480e-01,0.000000e+00
large10kC_1ph,4,0,10,1.000000e+00,1.000000e+00,H.barrier:soc_slack,7.721043e-01,4.582871e-01,7.183480e-01,0.000000e+00
large10kC_1ph,4,0,10,1.000000e+00,1.000000e+00,H.diag:energy_slack,3.190429e-01,1.121495e-05,1.899134e-01,0.000000e+00
large10kC_1ph,4,0,10,1.000000e+00,1.000000e+00,H.barrier:energy_slack,3.190429e-01,1.121495e-05,1.899134e-01,0.000000e+00
large10kC_1ph,4,0,10,1.000000e+00,1.000000e+00,J:Pbal,0.000000e+00,0.000000e+00,0.000000e+00,0.000000e+00
large10kC_1ph,4,0,10,1.000000e+00,1.000000e+00,J:Qbal,0.000000e+00,0.000000e+00,0.000000e+00,0.000000e+00
large10kC_1ph,4,0,10,1.000000e+00,1.000000e+00,J:vdrop,0.000000e+00,0.000000e+00,0.000000e+00,0.000000e+00
large10kC_1ph,4,0,10,1.000000e+00,1.000000e+00,J:SOCP,1.642709e-01,8.298286e-06,1.231769e+00,1.731266e-02
large10kC_1ph,4,0,10,1.000000e+00,1.000000e+00,J:rootV,0.000000e+00,0.000000e+00,0.000000e+00,0.000000e+00
large10kC_1ph,4,0,10,1.000000e+00,1.000000e+00,J:energy,0.000000e+00,0.000000e+00,0.000000e+00,0.000000e+00
large10kC_1ph,3,0,10,1.000000e+00,1.000000e+00,K,6.762057e-01,1.000000e+00,8.115507e+00,5.676317e-02
large10kC_1ph,3,0,10,1.000000e+00,1.000000e+00,H.diag,6.764361e-01,9.999975e-01,8.115507e+00,3.650050e-01
large10kC_1ph,3,0,10,1.000000e+00,1.000000e+00,J,4.124100e-02,2.543043e-06,1.057721e+00,5.384848e-05
large10kC_1ph,3,0,10,1.000000e+00,1.000000e+00,H.barrier,8.007643e-01,9.984283e-01,3.568596e+00,2.733365e-03
large10kC_1ph,3,0,10,1.000000e+00,1.000000e+00,H.Vxx,1.533423e-01,1.495263e-03,1.782664e-01,0.000000e+00
large10kC_1ph,3,0,10,1.000000e+00,1.000000e+00,H.rest,3.685289e-03,3.776081e-06,8.115507e+00,9.168552e-01
large10kC_1ph,3,0,10,1.000000e+00,1.000000e+00,H.diag:ps,9.997300e-01,7.390283e-09,3.568596e+00,1.000000e+00
large10kC_1ph,3,0,10,1.000000e+00,1.000000e+00,H.barrier:ps,9.997300e-01,7.390283e-09,3.568596e+00,1.000000e+00
large10kC_1ph,3,0,10,1.000000e+00,1.000000e+00,H.diag:qs,0.000000e+00,0.000000e+00,0.000000e+00,0.000000e+00
large10kC_1ph,3,0,10,1.000000e+00,1.000000e+00,H.diag:P,1.572961e+07,1.888041e-06,8.115507e+00,9.622093e-01
large10kC_1ph,3,0,10,1.000000e+00,1.000000e+00,H.diag:Q,1.572961e+07,1.888041e-06,8.115507e+00,9.622093e-01
large10kC_1ph,3,0,10,1.000000e+00,1.000000e+00,H.diag:v,3.501141e-01,3.746620e-03,1.305459e-01,0.000000e+00
large10kC_1ph,3,0,10,1.000000e+00,1.000000e+00,H.barrier:v,3.501141e-01,3.746620e-03,1.305459e-01,0.000000e+00
large10kC_1ph,3,0,10,1.000000e+00,1.000000e+00,H.diag:ell,8.186448e-01,5.114066e-01,1.569636e+00,8.914729e-03
large10kC_1ph,3,0,10,1.000000e+00,1.000000e+00,H.barrier:ell,8.186448e-01,5.114066e-01,1.569636e+00,8.914729e-03
large10kC_1ph,3,0,10,1.000000e+00,1.000000e+00,H.diag:pb,4.991821e-02,1.566336e-03,6.522973e-02,0.000000e+00
large10kC_1ph,3,0,10,1.000000e+00,1.000000e+00,H.barrier:pb,7.219190e-02,9.632797e-07,4.033601e-02,0.000000e+00
large10kC_1ph,3,0,10,1.000000e+00,1.000000e+00,H.diag:qnorm,1.379665e-04,5.753790e-13,1.605121e-04,0.000000e+00
large10kC_1ph,3,0,10,1.000000e+00,1.000000e+00,H.barrier:qnorm,1.379665e-04,5.753790e-13,1.605121e-04,0.000000e+00
large10kC_1ph,3,0,10,1.000000e+00,1.000000e+00,H.diag:soc_slack,7.958028e-01,4.832660e-01,7.198098e-01,0.000000e+00
large10kC_1ph,3,0,10,1.000000e+00,1.000000e+00,H.barrier:soc_slack,7.958028e-01,4.832660e-01,7.198098e-01,0.000000e+00
large10kC_1ph,3,0,10,1.000000e+00,1.000000e+00,H.diag:energy_slack,2.716601e-01,8.071243e-06,1.680642e-01,0.000000e+00
large10kC_1ph,3,0,10,1.000000e+00,1.000000e+00,H.barrier:energy_slack,2.716601e-01,8.071243e-06,1.680642e-01,0.000000e+00
large10kC_1ph,3,0,10,1.000000e+00,1.000000e+00,J:Pbal,0.000000e+00,0.000000e+00,0.000000e+00,0.000000e+00
large10kC_1ph,3,0,10,1.000000e+00,1.000000e+00,J:Qbal,0.000000e+00,0.000000e+00,0.000000e+00,0.000000e+00
large10kC_1ph,3,0,10,1.000000e+00,1.000000e+00,J:vdrop,0.000000e+00,0.000000e+00,0.000000e+00,0.000000e+00
large10kC_1ph,3,0,10,1.000000e+00,1.000000e+00,J:SOCP,9.127426e-02,2.543043e-06,1.057721e+00,2.583979e-04
large10kC_1ph,3,0,10,1.000000e+00,1.000000e+00,J:rootV,0.000000e+00,0.000000e+00,0.000000e+00,0.000000e+00
large10kC_1ph,3,0,10,1.000000e+00,1.000000e+00,J:energy,0.000000e+00,0.000000e+00,0.000000e+00,0.000000e+00
large10kC_1ph,2,0,10,1.000000e+00,1.000000e+00,K,6.799101e-01,1.000000e+00,8.117160e+00,5.622024e-02
large10kC_1ph,2,0,10,1.000000e+00,1.000000e+00,H.diag,6.801445e-01,9.999973e-01,8.117160e+00,3.614744e-01
large10kC_1ph,2,0,10,1.000000e+00,1.000000e+00,J,4.252907e-02,2.706693e-06,1.058383e+00,6.057954e-05
large10kC_1ph,2,0,10,1.000000e+00,1.000000e+00,H.barrier,8.006513e-01,9.990017e-01,3.789671e+00,4.643781e-03
large10kC_1ph,2,0,10,1.000000e+00,1.000000e+00,H.Vxx,1.296807e-01,9.367204e-04,1.601839e-01,0.000000e+00
large10kC_1ph,2,0,10,1.000000e+00,1.000000e+00,H.rest,3.965106e-03,4.375017e-06,8.117160e+00,9.049444e-01
large10kC_1ph,2,0,10,1.000000e+00,1.000000e+00,H.diag:ps,9.998377e-01,7.398208e-09,3.789671e+00,1.000000e+00
large10kC_1ph,2,0,10,1.000000e+00,1.000000e+00,H.barrier:ps,9.998377e-01,7.398208e-09,3.789671e+00,1.000000e+00
large10kC_1ph,2,0,10,1.000000e+00,1.000000e+00,H.diag:qs,0.000000e+00,0.000000e+00,0.000000e+00,0.000000e+00
large10kC_1ph,2,0,10,1.000000e+00,1.000000e+00,H.diag:P,1.692393e+07,2.187509e-06,8.117160e+00,9.497093e-01
large10kC_1ph,2,0,10,1.000000e+00,1.000000e+00,H.diag:Q,1.692393e+07,2.187509e-06,8.117160e+00,9.497093e-01
large10kC_1ph,2,0,10,1.000000e+00,1.000000e+00,H.diag:v,3.500864e-01,3.749237e-03,1.305187e-01,0.000000e+00
large10kC_1ph,2,0,10,1.000000e+00,1.000000e+00,H.barrier:v,3.500864e-01,3.749237e-03,1.305187e-01,0.000000e+00
large10kC_1ph,2,0,10,1.000000e+00,1.000000e+00,H.diag:ell,8.192280e-01,5.125743e-01,1.573854e+00,1.521318e-02
large10kC_1ph,2,0,10,1.000000e+00,1.000000e+00,H.barrier:ell,8.192280e-01,5.125743e-01,1.573854e+00,1.521318e-02
large10kC_1ph,2,0,10,1.000000e+00,1.000000e+00,H.diag:pb,4.054516e-02,9.920807e-04,5.539803e-02,0.000000e+00
large10kC_1ph,2,0,10,1.000000e+00,1.000000e+00,H.barrier:pb,6.883815e-02,8.766086e-07,3.840918e-02,0.000000e+00
large10kC_1ph,2,0,10,1.000000e+00,1.000000e+00,H.diag:qnorm,1.279470e-04,4.952658e-13,1.369533e-04,0.000000e+00
large10kC_1ph,2,0,10,1.000000e+00,1.000000e+00,H.barrier:qnorm,1.279470e-04,4.952658e-13,1.369533e-04,0.000000e+00
large10kC_1ph,2,0,10,1.000000e+00,1.000000e+00,H.diag:soc_slack,7.949771e-01,4.826769e-01,7.190635e-01,0.000000e+00
large10kC_1ph,2,0,10,1.000000e+00,1.000000e+00,H.barrier:soc_slack,7.949771e-01,4.826769e-01,7.190635e-01,0.000000e+00
large10kC_1ph,2,0,10,1.000000e+00,1.000000e+00,H.diag:energy_slack,6.059556e-02,4.019225e-07,3.352784e-02,0.000000e+00
large10kC_1ph,2,0,10,1.000000e+00,1.000000e+00,H.barrier:energy_slack,6.059556e-02,4.019225e-07,3.352784e-02,0.000000e+00
large10kC_1ph,2,0,10,1.000000e+00,1.000000e+00,J:Pbal,0.000000e+00,0.000000e+00,0.000000e+00,0.000000e+00
large10kC_1ph,2,0,10,1.000000e+00,1.000000e+00,J:Qbal,0.000000e+00,0.000000e+00,0.000000e+00,0.000000e+00
large10kC_1ph,2,0,10,1.000000e+00,1.000000e+00,J:vdrop,0.000000e+00,0.000000e+00,0.000000e+00,0.000000e+00
large10kC_1ph,2,0,10,1.000000e+00,1.000000e+00,J:SOCP,9.412502e-02,2.706693e-06,1.058383e+00,2.906977e-04
large10kC_1ph,2,0,10,1.000000e+00,1.000000e+00,J:rootV,0.000000e+00,0.000000e+00,0.000000e+00,0.000000e+00
large10kC_1ph,2,0,10,1.000000e+00,1.000000e+00,J:energy,0.000000e+00,0.000000e+00,0.000000e+00,0.000000e+00
large10kC_1ph,1,0,10,1.000000e+00,1.000000e+00,K,6.779179e-01,1.000000e+00,8.200144e+00,6.560070e-02
large10kC_1ph,1,0,10,1.000000e+00,1.000000e+00,H.diag,6.781500e-01,9.999899e-01,8.200144e+00,3.958291e-01
large10kC_1ph,1,0,10,1.000000e+00,1.000000e+00,J,8.155510e-02,1.005045e-05,1.253951e+00,4.846364e-03
large10kC_1ph,1,0,10,1.000000e+00,1.000000e+00,H.barrier,7.969912e-01,9.995448e-01,4.504103e+00,4.003057e-02
large10kC_1ph,1,0,10,1.000000e+00,1.000000e+00,H.Vxx,8.440117e-02,3.828089e-04,1.458315e-01,0.000000e+00
large10kC_1ph,1,0,10,1.000000e+00,1.000000e+00,H.rest,1.055107e-02,3.128089e-05,8.200144e+00,9.360602e-01
large10kC_1ph,1,0,10,1.000000e+00,1.000000e+00,H.diag:ps,9.999687e-01,7.472333e-09,4.504103e+00,1.000000e+00
large10kC_1ph,1,0,10,1.000000e+00,1.000000e+00,H.barrier:ps,9.999687e-01,7.472333e-09,4.504103e+00,1.000000e+00
large10kC_1ph,1,0,10,1.000000e+00,1.000000e+00,H.diag:qs,0.000000e+00,0.000000e+00,0.000000e+00,0.000000e+00
large10kC_1ph,1,0,10,1.000000e+00,1.000000e+00,H.diag:P,4.503426e+07,1.564045e-05,8.200144e+00,9.823643e-01
large10kC_1ph,1,0,10,1.000000e+00,1.000000e+00,H.diag:Q,4.503426e+07,1.564045e-05,8.200144e+00,9.823643e-01
large10kC_1ph,1,0,10,1.000000e+00,1.000000e+00,H.diag:v,3.496838e-01,3.777108e-03,1.309104e-01,0.000000e+00
large10kC_1ph,1,0,10,1.000000e+00,1.000000e+00,H.barrier:v,3.496838e-01,3.777108e-03,1.309104e-01,0.000000e+00
large10kC_1ph,1,0,10,1.000000e+00,1.000000e+00,H.diag:ell,8.379741e-01,5.415322e-01,2.030016e+00,1.318798e-01
large10kC_1ph,1,0,10,1.000000e+00,1.000000e+00,H.barrier:ell,8.379741e-01,5.415322e-01,2.030016e+00,1.318798e-01
large10kC_1ph,1,0,10,1.000000e+00,1.000000e+00,H.diag:pb,2.626384e-02,4.145679e-04,4.915859e-02,0.000000e+00
large10kC_1ph,1,0,10,1.000000e+00,1.000000e+00,H.barrier:pb,6.320929e-02,7.463201e-07,3.423288e-02,0.000000e+00
large10kC_1ph,1,0,10,1.000000e+00,1.000000e+00,H.diag:qnorm,1.462513e-04,6.534223e-13,1.131611e-04,0.000000e+00
large10kC_1ph,1,0,10,1.000000e+00,1.000000e+00,H.barrier:qnorm,1.462513e-04,6.534223e-13,1.131611e-04,0.000000e+00
large10kC_1ph,1,0,10,1.000000e+00,1.000000e+00,H.diag:soc_slack,7.674649e-01,4.542345e-01,7.182357e-01,0.000000e+00
large10kC_1ph,1,0,10,1.000000e+00,1.000000e+00,H.barrier:soc_slack,7.674649e-01,4.542345e-01,7.182357e-01,0.000000e+00
large10kC_1ph,1,0,10,1.000000e+00,1.000000e+00,H.diag:energy_slack,5.096504e-02,2.870922e-07,3.755258e-02,0.000000e+00
large10kC_1ph,1,0,10,1.000000e+00,1.000000e+00,H.barrier:energy_slack,5.096504e-02,2.870922e-07,3.755258e-02,0.000000e+00
large10kC_1ph,1,0,10,1.000000e+00,1.000000e+00,J:Pbal,0.000000e+00,0.000000e+00,0.000000e+00,0.000000e+00
large10kC_1ph,1,0,10,1.000000e+00,1.000000e+00,J:Qbal,0.000000e+00,0.000000e+00,0.000000e+00,0.000000e+00
large10kC_1ph,1,0,10,1.000000e+00,1.000000e+00,J:vdrop,0.000000e+00,0.000000e+00,0.000000e+00,0.000000e+00
large10kC_1ph,1,0,10,1.000000e+00,1.000000e+00,J:SOCP,1.804971e-01,1.005045e-05,1.253951e+00,2.325581e-02
large10kC_1ph,1,0,10,1.000000e+00,1.000000e+00,J:rootV,0.000000e+00,0.000000e+00,0.000000e+00,0.000000e+00
large10kC_1ph,1,0,10,1.000000e+00,1.000000e+00,J:energy,0.000000e+00,0.000000e+00,0.000000e+00,0.000000e+00
large10kC_1ph,6,10,20,1.000000e+00,1.000000e+00,K,5.638110e-03,1.000000e+00,4.798637e+00,5.184761e-03
large10kC_1ph,6,10,20,1.000000e+00,1.000000e+00,H.diag,5.634749e-03,9.988073e-01,4.798637e+00,3.483033e-02
large10kC_1ph,6,10,20,1.000000e+00,1.000000e+00,J,1.877162e-01,1.192666e-03,3.048536e+00,3.959694e-04
large10kC_1ph,6,10,20,1.000000e+00,1.000000e+00,H.barrier,5.748164e-01,9.987063e-01,1.303396e+00,4.473313e-02
large10kC_1ph,6,10,20,1.000000e+00,1.000000e+00,H.Vxx,0.000000e+00,0.000000e+00,NaN,NaN
large10kC_1ph,6,10,20,1.000000e+00,1.000000e+00,H.rest,5.669220e-05,1.010197e-04,4.798637e+00,1.763538e-02
large10kC_1ph,6,10,20,1.000000e+00,1.000000e+00,H.diag:ps,6.184071e-01,2.340240e-17,4.183997e-01,0.000000e+00
large10kC_1ph,6,10,20,1.000000e+00,1.000000e+00,H.barrier:ps,6.184071e-01,2.340240e-17,4.183997e-01,0.000000e+00
large10kC_1ph,6,10,20,1.000000e+00,1.000000e+00,H.diag:qs,0.000000e+00,0.000000e+00,0.000000e+00,0.000000e+00
large10kC_1ph,6,10,20,1.000000e+00,1.000000e+00,H.diag:P,3.398509e-01,5.050985e-05,4.798637e+00,1.850775e-02
large10kC_1ph,6,10,20,1.000000e+00,1.000000e+00,H.diag:Q,3.398509e-01,5.050985e-05,4.798637e+00,1.850775e-02
large10kC_1ph,6,10,20,1.000000e+00,1.000000e+00,H.diag:v,5.029604e-01,3.158251e-01,1.814864e-01,0.000000e+00
large10kC_1ph,6,10,20,1.000000e+00,1.000000e+00,H.barrier:v,5.029604e-01,3.158251e-01,1.814864e-01,0.000000e+00
large10kC_1ph,6,10,20,1.000000e+00,1.000000e+00,H.diag:ell,6.906412e-01,2.297794e-01,1.303396e+00,1.474806e-01
large10kC_1ph,6,10,20,1.000000e+00,1.000000e+00,H.barrier:ell,6.906412e-01,2.297794e-01,1.303396e+00,1.474806e-01
large10kC_1ph,6,10,20,1.000000e+00,1.000000e+00,H.diag:pb,4.744881e-05,7.081764e-05,3.171792e-05,0.000000e+00
large10kC_1ph,6,10,20,1.000000e+00,1.000000e+00,H.barrier:pb,1.228901e-01,7.081764e-05,6.192775e-02,0.000000e+00
large10kC_1ph,6,10,20,1.000000e+00,1.000000e+00,H.diag:qnorm,1.085176e-03,7.984864e-10,9.818422e-04,0.000000e+00
large10kC_1ph,6,10,20,1.000000e+00,1.000000e+00,H.barrier:qnorm,1.085176e-03,7.984864e-10,9.818422e-04,0.000000e+00
large10kC_1ph,6,10,20,1.000000e+00,1.000000e+00,H.diag:soc_slack,5.938966e-01,4.530167e-01,4.627798e-01,0.000000e+00
large10kC_1ph,6,10,20,1.000000e+00,1.000000e+00,H.barrier:soc_slack,5.938966e-01,4.530167e-01,4.627798e-01,0.000000e+00
large10kC_1ph,6,10,20,1.000000e+00,1.000000e+00,H.diag:energy_slack,7.370925e-02,1.435745e-05,4.553835e-02,0.000000e+00
large10kC_1ph,6,10,20,1.000000e+00,1.000000e+00,H.barrier:energy_slack,7.370925e-02,1.435745e-05,4.553835e-02,0.000000e+00
large10kC_1ph,6,10,20,1.000000e+00,1.000000e+00,J:Pbal,0.000000e+00,0.000000e+00,0.000000e+00,0.000000e+00
large10kC_1ph,6,10,20,1.000000e+00,1.000000e+00,J:Qbal,0.000000e+00,0.000000e+00,0.000000e+00,0.000000e+00
large10kC_1ph,6,10,20,1.000000e+00,1.000000e+00,J:vdrop,0.000000e+00,0.000000e+00,0.000000e+00,0.000000e+00
large10kC_1ph,6,10,20,1.000000e+00,1.000000e+00,J:SOCP,4.080892e-01,1.192666e-03,3.048536e+00,1.298450e-03
large10kC_1ph,6,10,20,1.000000e+00,1.000000e+00,J:rootV,0.000000e+00,0.000000e+00,0.000000e+00,0.000000e+00
large10kC_1ph,6,10,20,1.000000e+00,1.000000e+00,J:energy,0.000000e+00,0.000000e+00,0.000000e+00,0.000000e+00
large10kC_1ph,5,10,20,1.000000e+00,1.000000e+00,K,1.806409e-01,1.000000e+00,4.614037e+00,5.067735e-03
large10kC_1ph,5,10,20,1.000000e+00,1.000000e+00,H.diag,1.805543e-01,9.980083e-01,4.614037e+00,3.278149e-02
large10kC_1ph,5,10,20,1.000000e+00,1.000000e+00,J,2.506993e-01,1.991708e-03,3.089539e+00,5.909991e-04
large10kC_1ph,5,10,20,1.000000e+00,1.000000e+00,H.barrier,5.761326e-01,9.949497e-01,1.397192e+00,4.643781e-02
large10kC_1ph,5,10,20,1.000000e+00,1.000000e+00,H.Vxx,1.761559e-02,2.400805e-03,1.862263e-02,0.000000e+00
large10kC_1ph,5,10,20,1.000000e+00,1.000000e+00,H.rest,4.622907e-03,1.241736e-04,4.614037e+00,9.787175e-03
large10kC_1ph,5,10,20,1.000000e+00,1.000000e+00,H.diag:ps,7.208727e-01,3.225003e-17,5.541977e-01,0.000000e+00
large10kC_1ph,5,10,20,1.000000e+00,1.000000e+00,H.barrier:ps,7.208727e-01,3.225003e-17,5.541977e-01,0.000000e+00
large10kC_1ph,5,10,20,1.000000e+00,1.000000e+00,H.diag:qs,0.000000e+00,0.000000e+00,0.000000e+00,0.000000e+00
large10kC_1ph,5,10,20,1.000000e+00,1.000000e+00,H.diag:P,3.354122e-01,6.208680e-05,4.614037e+00,1.027132e-02
large10kC_1ph,5,10,20,1.000000e+00,1.000000e+00,H.diag:Q,3.354122e-01,6.208680e-05,4.614037e+00,1.027132e-02
large10kC_1ph,5,10,20,1.000000e+00,1.000000e+00,H.diag:v,4.999814e-01,2.907210e-01,1.814864e-01,0.000000e+00
large10kC_1ph,5,10,20,1.000000e+00,1.000000e+00,H.barrier:v,4.999814e-01,2.907210e-01,1.814864e-01,0.000000e+00
large10kC_1ph,5,10,20,1.000000e+00,1.000000e+00,H.diag:ell,7.017871e-01,2.050295e-01,1.397192e+00,1.531008e-01
large10kC_1ph,5,10,20,1.000000e+00,1.000000e+00,H.barrier:ell,7.017871e-01,2.050295e-01,1.397192e+00,1.531008e-01
large10kC_1ph,5,10,20,1.000000e+00,1.000000e+00,H.diag:pb,1.049665e-02,3.043136e-03,1.230426e-02,0.000000e+00
large10kC_1ph,5,10,20,1.000000e+00,1.000000e+00,H.barrier:pb,1.568186e-01,1.087110e-04,7.696770e-02,0.000000e+00
large10kC_1ph,5,10,20,1.000000e+00,1.000000e+00,H.diag:qnorm,1.306066e-03,1.077688e-09,1.219186e-03,0.000000e+00
large10kC_1ph,5,10,20,1.000000e+00,1.000000e+00,H.barrier:qnorm,1.306066e-03,1.077688e-09,1.219186e-03,0.000000e+00
large10kC_1ph,5,10,20,1.000000e+00,1.000000e+00,H.diag:soc_slack,5.947310e-01,4.989059e-01,4.625995e-01,0.000000e+00
large10kC_1ph,5,10,20,1.000000e+00,1.000000e+00,H.barrier:soc_slack,5.947310e-01,4.989059e-01,4.625995e-01,0.000000e+00
large10kC_1ph,5,10,20,1.000000e+00,1.000000e+00,H.diag:energy_slack,2.642310e-01,1.844992e-04,1.252718e-01,0.000000e+00
large10kC_1ph,5,10,20,1.000000e+00,1.000000e+00,H.barrier:energy_slack,2.642310e-01,1.844992e-04,1.252718e-01,0.000000e+00
large10kC_1ph,5,10,20,1.000000e+00,1.000000e+00,J:Pbal,0.000000e+00,0.000000e+00,0.000000e+00,0.000000e+00
large10kC_1ph,5,10,20,1.000000e+00,1.000000e+00,J:Qbal,0.000000e+00,0.000000e+00,0.000000e+00,0.000000e+00
large10kC_1ph,5,10,20,1.000000e+00,1.000000e+00,J:vdrop,0.000000e+00,0.000000e+00,0.000000e+00,0.000000e+00
large10kC_1ph,5,10,20,1.000000e+00,1.000000e+00,J:SOCP,5.401108e-01,1.991708e-03,3.089539e+00,1.937984e-03
large10kC_1ph,5,10,20,1.000000e+00,1.000000e+00,J:rootV,0.000000e+00,0.000000e+00,0.000000e+00,0.000000e+00
large10kC_1ph,5,10,20,1.000000e+00,1.000000e+00,J:energy,0.000000e+00,0.000000e+00,0.000000e+00,0.000000e+00
large10kC_1ph,4,10,20,1.000000e+00,1.000000e+00,K,2.172463e-01,1.000000e+00,5.342969e+00,3.587102e-03
large10kC_1ph,4,10,20,1.000000e+00,1.000000e+00,H.diag,2.173349e-01,9.991696e-01,5.342969e+00,2.568371e-02
large10kC_1ph,4,10,20,1.000000e+00,1.000000e+00,J,1.543303e-01,8.303631e-04,1.634735e+00,1.772997e-05
large10kC_1ph,4,10,20,1.000000e+00,1.000000e+00,H.barrier,5.815074e-01,9.935142e-01,1.340822e+00,3.174230e-02
large10kC_1ph,4,10,20,1.000000e+00,1.000000e+00,H.Vxx,4.085431e-02,4.614046e-03,3.015518e-02,0.000000e+00
large10kC_1ph,4,10,20,1.000000e+00,1.000000e+00,H.rest,4.282190e-03,1.181477e-04,5.342969e+00,1.495776e-02
large10kC_1ph,4,10,20,1.000000e+00,1.000000e+00,H.diag:ps,6.477698e-01,6.211890e-17,4.531734e-01,0.000000e+00
large10kC_1ph,4,10,20,1.000000e+00,1.000000e+00,H.barrier:ps,6.477698e-01,6.211890e-17,4.531734e-01,0.000000e+00
large10kC_1ph,4,10,20,1.000000e+00,1.000000e+00,H.diag:qs,0.000000e+00,0.000000e+00,0.000000e+00,0.000000e+00
large10kC_1ph,4,10,20,1.000000e+00,1.000000e+00,H.diag:P,4.437408e-01,5.907386e-05,5.342969e+00,1.569767e-02
large10kC_1ph,4,10,20,1.000000e+00,1.000000e+00,H.diag:Q,4.437408e-01,5.907386e-05,5.342969e+00,1.569767e-02
large10kC_1ph,4,10,20,1.000000e+00,1.000000e+00,H.diag:v,5.051491e-01,3.292445e-01,1.814864e-01,0.000000e+00
large10kC_1ph,4,10,20,1.000000e+00,1.000000e+00,H.barrier:v,5.051491e-01,3.292445e-01,1.814864e-01,0.000000e+00
large10kC_1ph,4,10,20,1.000000e+00,1.000000e+00,H.diag:ell,6.838988e-01,2.477472e-01,1.340822e+00,1.046512e-01
large10kC_1ph,4,10,20,1.000000e+00,1.000000e+00,H.barrier:ell,6.838988e-01,2.477472e-01,1.340822e+00,1.046512e-01
large10kC_1ph,4,10,20,1.000000e+00,1.000000e+00,H.diag:pb,1.752497e-02,5.595671e-03,1.318690e-02,0.000000e+00
large10kC_1ph,4,10,20,1.000000e+00,1.000000e+00,H.barrier:pb,1.100842e-01,5.838589e-05,5.680817e-02,0.000000e+00
large10kC_1ph,4,10,20,1.000000e+00,1.000000e+00,H.diag:qnorm,1.568841e-03,1.724577e-09,1.419687e-03,0.000000e+00
large10kC_1ph,4,10,20,1.000000e+00,1.000000e+00,H.barrier:qnorm,1.568841e-03,1.724577e-09,1.419687e-03,0.000000e+00
large10kC_1ph,4,10,20,1.000000e+00,1.000000e+00,H.diag:soc_slack,5.853933e-01,3.797808e-01,4.621206e-01,0.000000e+00
large10kC_1ph,4,10,20,1.000000e+00,1.000000e+00,H.barrier:soc_slack,5.853933e-01,3.797808e-01,4.621206e-01,0.000000e+00
large10kC_1ph,4,10,20,1.000000e+00,1.000000e+00,H.diag:energy_slack,2.903455e+00,3.668332e-02,7.053601e-01,0.000000e+00
large10kC_1ph,4,10,20,1.000000e+00,1.000000e+00,H.barrier:energy_slack,2.903455e+00,3.668332e-02,7.053601e-01,0.000000e+00
large10kC_1ph,4,10,20,1.000000e+00,1.000000e+00,J:Pbal,0.000000e+00,0.000000e+00,0.000000e+00,0.000000e+00
large10kC_1ph,4,10,20,1.000000e+00,1.000000e+00,J:Qbal,0.000000e+00,0.000000e+00,0.000000e+00,0.000000e+00
large10kC_1ph,4,10,20,1.000000e+00,1.000000e+00,J:vdrop,0.000000e+00,0.000000e+00,0.000000e+00,0.000000e+00
large10kC_1ph,4,10,20,1.000000e+00,1.000000e+00,J:SOCP,3.374873e-01,8.303631e-04,1.634735e+00,5.813953e-05
large10kC_1ph,4,10,20,1.000000e+00,1.000000e+00,J:rootV,0.000000e+00,0.000000e+00,0.000000e+00,0.000000e+00
large10kC_1ph,4,10,20,1.000000e+00,1.000000e+00,J:energy,0.000000e+00,0.000000e+00,0.000000e+00,0.000000e+00
large10kC_1ph,3,10,20,1.000000e+00,1.000000e+00,K,2.493867e-01,1.000000e+00,6.888887e+00,9.428226e-03
large10kC_1ph,3,10,20,1.000000e+00,1.000000e+00,H.diag,2.495857e-01,9.997368e-01,6.888887e+00,5.136742e-02
large10kC_1ph,3,10,20,1.000000e+00,1.000000e+00,J,9.389474e-02,2.632395e-04,3.544945e+00,2.653586e-03
large10kC_1ph,3,10,20,1.000000e+00,1.000000e+00,H.barrier,5.811574e-01,7.696990e-01,1.290637e+00,1.975076e-02
large10kC_1ph,3,10,20,1.000000e+00,1.000000e+00,H.Vxx,3.622754e-01,2.199755e-01,1.639913e-01,0.000000e+00
large10kC_1ph,3,10,20,1.000000e+00,1.000000e+00,H.rest,5.434330e-03,1.635588e-04,6.888887e+00,9.861041e-02
large10kC_1ph,3,10,20,1.000000e+00,1.000000e+00,H.diag:ps,8.397263e-01,7.572803e-15,7.951378e-01,0.000000e+00
large10kC_1ph,3,10,20,1.000000e+00,1.000000e+00,H.barrier:ps,8.397263e-01,7.572803e-15,7.951378e-01,0.000000e+00
large10kC_1ph,3,10,20,1.000000e+00,1.000000e+00,H.diag:qs,0.000000e+00,0.000000e+00,0.000000e+00,0.000000e+00
large10kC_1ph,3,10,20,1.000000e+00,1.000000e+00,H.diag:P,1.474611e+00,8.177941e-05,6.888887e+00,1.034884e-01
large10kC_1ph,3,10,20,1.000000e+00,1.000000e+00,H.diag:Q,1.474611e+00,8.177941e-05,6.888887e+00,1.034884e-01
large10kC_1ph,3,10,20,1.000000e+00,1.000000e+00,H.diag:v,5.103785e-01,2.890840e-01,1.814864e-01,0.000000e+00
large10kC_1ph,3,10,20,1.000000e+00,1.000000e+00,H.barrier:v,5.103785e-01,2.890840e-01,1.814864e-01,0.000000e+00
large10kC_1ph,3,10,20,1.000000e+00,1.000000e+00,H.diag:ell,6.814492e-01,2.364896e-01,1.290637e+00,6.511628e-02
large10kC_1ph,3,10,20,1.000000e+00,1.000000e+00,H.barrier:ell,6.814492e-01,2.364896e-01,1.290637e+00,6.511628e-02
large10kC_1ph,3,10,20,1.000000e+00,1.000000e+00,H.diag:pb,1.292180e-01,2.299907e-01,6.749634e-02,0.000000e+00
large10kC_1ph,3,10,20,1.000000e+00,1.000000e+00,H.barrier:pb,1.661707e-01,1.164852e-04,8.921275e-02,0.000000e+00
large10kC_1ph,3,10,20,1.000000e+00,1.000000e+00,H.diag:qnorm,1.572448e-03,1.489182e-09,1.450376e-03,0.000000e+00
large10kC_1ph,3,10,20,1.000000e+00,1.000000e+00,H.barrier:qnorm,1.572448e-03,1.489182e-09,1.450376e-03,0.000000e+00
large10kC_1ph,3,10,20,1.000000e+00,1.000000e+00,H.diag:soc_slack,5.946817e-01,2.304311e-01,4.638766e-01,0.000000e+00
large10kC_1ph,3,10,20,1.000000e+00,1.000000e+00,H.barrier:soc_slack,5.946817e-01,2.304311e-01,4.638766e-01,0.000000e+00
large10kC_1ph,3,10,20,1.000000e+00,1.000000e+00,H.diag:energy_slack,1.974478e+00,1.357779e-02,6.120195e-01,0.000000e+00
large10kC_1ph,3,10,20,1.000000e+00,1.000000e+00,H.barrier:energy_slack,1.974478e+00,1.357779e-02,6.120195e-01,0.000000e+00
large10kC_1ph,3,10,20,1.000000e+00,1.000000e+00,J:Pbal,0.000000e+00,0.000000e+00,0.000000e+00,0.000000e+00
large10kC_1ph,3,10,20,1.000000e+00,1.000000e+00,J:Qbal,0.000000e+00,0.000000e+00,0.000000e+00,0.000000e+00
large10kC_1ph,3,10,20,1.000000e+00,1.000000e+00,J:vdrop,0.000000e+00,0.000000e+00,0.000000e+00,0.000000e+00
large10kC_1ph,3,10,20,1.000000e+00,1.000000e+00,J:SOCP,2.067943e-01,2.632395e-04,3.544945e+00,8.701550e-03
large10kC_1ph,3,10,20,1.000000e+00,1.000000e+00,J:rootV,0.000000e+00,0.000000e+00,0.000000e+00,0.000000e+00
large10kC_1ph,3,10,20,1.000000e+00,1.000000e+00,J:energy,0.000000e+00,0.000000e+00,0.000000e+00,0.000000e+00
large10kC_1ph,2,10,20,1.000000e+00,1.000000e+00,K,2.532150e-01,1.000000e+00,7.028436e+00,9.967563e-03
large10kC_1ph,2,10,20,1.000000e+00,1.000000e+00,H.diag,2.534280e-01,9.997274e-01,7.028436e+00,5.305040e-02
large10kC_1ph,2,10,20,1.000000e+00,1.000000e+00,J,9.461802e-02,2.725781e-04,3.907232e+00,3.008185e-03
large10kC_1ph,2,10,20,1.000000e+00,1.000000e+00,H.barrier,5.754478e-01,7.712398e-01,1.292986e+00,1.969198e-02
large10kC_1ph,2,10,20,1.000000e+00,1.000000e+00,H.Vxx,3.907547e-01,2.195137e-01,1.637054e-01,0.000000e+00
large10kC_1ph,2,10,20,1.000000e+00,1.000000e+00,H.rest,5.325845e-03,1.601732e-04,7.028436e+00,1.029500e-01
large10kC_1ph,2,10,20,1.000000e+00,1.000000e+00,H.diag:ps,7.830347e-01,2.425623e-15,6.636098e-01,0.000000e+00
large10kC_1ph,2,10,20,1.000000e+00,1.000000e+00,H.barrier:ps,7.830347e-01,2.425623e-15,6.636098e-01,0.000000e+00
large10kC_1ph,2,10,20,1.000000e+00,1.000000e+00,H.diag:qs,0.000000e+00,0.000000e+00,0.000000e+00,0.000000e+00
large10kC_1ph,2,10,20,1.000000e+00,1.000000e+00,H.diag:P,1.343189e+00,8.008662e-05,7.028436e+00,1.080426e-01
large10kC_1ph,2,10,20,1.000000e+00,1.000000e+00,H.diag:Q,1.343189e+00,8.008662e-05,7.028436e+00,1.080426e-01
large10kC_1ph,2,10,20,1.000000e+00,1.000000e+00,H.diag:v,5.101470e-01,2.944707e-01,1.814864e-01,0.000000e+00
large10kC_1ph,2,10,20,1.000000e+00,1.000000e+00,H.barrier:v,5.101470e-01,2.944707e-01,1.814864e-01,0.000000e+00
large10kC_1ph,2,10,20,1.000000e+00,1.000000e+00,H.diag:ell,6.801512e-01,2.393509e-01,1.292986e+00,6.492248e-02
large10kC_1ph,2,10,20,1.000000e+00,1.000000e+00,H.barrier:ell,6.801512e-01,2.393509e-01,1.292986e+00,6.492248e-02
large10kC_1ph,2,10,20,1.000000e+00,1.000000e+00,H.diag:pb,1.313435e-01,2.284218e-01,6.498249e-02,0.000000e+00
large10kC_1ph,2,10,20,1.000000e+00,1.000000e+00,H.barrier:pb,1.485432e-01,9.433110e-05,8.320084e-02,0.000000e+00
large10kC_1ph,2,10,20,1.000000e+00,1.000000e+00,H.diag:qnorm,1.355709e-03,1.128627e-09,1.243490e-03,0.000000e+00
large10kC_1ph,2,10,20,1.000000e+00,1.000000e+00,H.barrier:qnorm,1.355709e-03,1.128627e-09,1.243490e-03,0.000000e+00
large10kC_1ph,2,10,20,1.000000e+00,1.000000e+00,H.diag:soc_slack,5.938695e-01,2.372739e-01,4.640617e-01,0.000000e+00
large10kC_1ph,2,10,20,1.000000e+00,1.000000e+00,H.barrier:soc_slack,5.938695e-01,2.372739e-01,4.640617e-01,0.000000e+00
large10kC_1ph,2,10,20,1.000000e+00,1.000000e+00,H.diag:energy_slack,1.416472e-01,5.002129e-05,6.374380e-02,0.000000e+00
large10kC_1ph,2,10,20,1.000000e+00,1.000000e+00,H.barrier:energy_slack,1.416472e-01,5.002129e-05,6.374380e-02,0.000000e+00
large10kC_1ph,2,10,20,1.000000e+00,1.000000e+00,J:Pbal,0.000000e+00,0.000000e+00,0.000000e+00,0.000000e+00
large10kC_1ph,2,10,20,1.000000e+00,1.000000e+00,J:Qbal,0.000000e+00,0.000000e+00,0.000000e+00,0.000000e+00
large10kC_1ph,2,10,20,1.000000e+00,1.000000e+00,J:vdrop,0.000000e+00,0.000000e+00,0.000000e+00,0.000000e+00
large10kC_1ph,2,10,20,1.000000e+00,1.000000e+00,J:SOCP,2.083459e-01,2.725781e-04,3.907232e+00,9.864341e-03
large10kC_1ph,2,10,20,1.000000e+00,1.000000e+00,J:rootV,0.000000e+00,0.000000e+00,0.000000e+00,0.000000e+00
large10kC_1ph,2,10,20,1.000000e+00,1.000000e+00,J:energy,0.000000e+00,0.000000e+00,0.000000e+00,0.000000e+00
large10kC_1ph,1,10,20,1.000000e+00,1.000000e+00,K,2.420098e-01,1.000000e+00,4.495637e+00,4.121351e-03
large10kC_1ph,1,10,20,1.000000e+00,1.000000e+00,H.diag,2.421186e-01,9.989061e-01,4.495637e+00,2.912284e-02
large10kC_1ph,1,10,20,1.000000e+00,1.000000e+00,J,1.793649e-01,1.093888e-03,1.846922e+00,8.273987e-05
large10kC_1ph,1,10,20,1.000000e+00,1.000000e+00,H.barrier,5.708240e-01,9.549286e-01,1.386413e+00,4.296967e-02
large10kC_1ph,1,10,20,1.000000e+00,1.000000e+00,H.Vxx,1.702697e-01,4.070371e-02,7.706236e-02,0.000000e+00
large10kC_1ph,1,10,20,1.000000e+00,1.000000e+00,H.rest,4.530637e-03,1.288440e-04,4.495637e+00,6.001570e-03
large10kC_1ph,1,10,20,1.000000e+00,1.000000e+00,H.diag:ps,7.220635e-01,8.539643e-17,5.560543e-01,0.000000e+00
large10kC_1ph,1,10,20,1.000000e+00,1.000000e+00,H.barrier:ps,7.220635e-01,8.539643e-17,5.560543e-01,0.000000e+00
large10kC_1ph,1,10,20,1.000000e+00,1.000000e+00,H.diag:qs,0.000000e+00,0.000000e+00,0.000000e+00,0.000000e+00
large10kC_1ph,1,10,20,1.000000e+00,1.000000e+00,H.diag:P,4.294246e-01,6.442199e-05,4.495637e+00,6.298450e-03
large10kC_1ph,1,10,20,1.000000e+00,1.000000e+00,H.diag:Q,4.294246e-01,6.442199e-05,4.495637e+00,6.298450e-03
large10kC_1ph,1,10,20,1.000000e+00,1.000000e+00,H.diag:v,5.037279e-01,3.189153e-01,1.814864e-01,0.000000e+00
large10kC_1ph,1,10,20,1.000000e+00,1.000000e+00,H.barrier:v,5.037279e-01,3.189153e-01,1.814864e-01,0.000000e+00
large10kC_1ph,1,10,20,1.000000e+00,1.000000e+00,H.diag:ell,6.901621e-01,2.403113e-01,1.386413e+00,1.416667e-01
large10kC_1ph,1,10,20,1.000000e+00,1.000000e+00,H.barrier:ell,6.901621e-01,2.403113e-01,1.386413e+00,1.416667e-01
large10kC_1ph,1,10,20,1.000000e+00,1.000000e+00,H.diag:pb,5.578424e-02,4.391887e-02,2.772260e-02,0.000000e+00
large10kC_1ph,1,10,20,1.000000e+00,1.000000e+00,H.barrier:pb,1.221622e-01,7.017710e-05,7.099613e-02,0.000000e+00
large10kC_1ph,1,10,20,1.000000e+00,1.000000e+00,H.diag:qnorm,1.146841e-03,8.977010e-10,1.026800e-03,0.000000e+00
large10kC_1ph,1,10,20,1.000000e+00,1.000000e+00,H.barrier:qnorm,1.146841e-03,8.977010e-10,1.026800e-03,0.000000e+00
large10kC_1ph,1,10,20,1.000000e+00,1.000000e+00,H.diag:soc_slack,5.836073e-01,3.955038e-01,4.619205e-01,0.000000e+00
large10kC_1ph,1,10,20,1.000000e+00,1.000000e+00,H.barrier:soc_slack,5.836073e-01,3.955038e-01,4.619205e-01,0.000000e+00
large10kC_1ph,1,10,20,1.000000e+00,1.000000e+00,H.diag:energy_slack,2.171903e-01,1.279749e-04,1.942014e-01,0.000000e+00
large10kC_1ph,1,10,20,1.000000e+00,1.000000e+00,H.barrier:energy_slack,2.171903e-01,1.279749e-04,1.942014e-01,0.000000e+00
large10kC_1ph,1,10,20,1.000000e+00,1.000000e+00,J:Pbal,0.000000e+00,0.000000e+00,0.000000e+00,0.000000e+00
large10kC_1ph,1,10,20,1.000000e+00,1.000000e+00,J:Qbal,0.000000e+00,0.000000e+00,0.000000e+00,0.000000e+00
large10kC_1ph,1,10,20,1.000000e+00,1.000000e+00,J:vdrop,0.000000e+00,0.000000e+00,0.000000e+00,0.000000e+00
large10kC_1ph,1,10,20,1.000000e+00,1.000000e+00,J:SOCP,3.914018e-01,1.093888e-03,1.846922e+00,2.713178e-04
large10kC_1ph,1,10,20,1.000000e+00,1.000000e+00,J:rootV,0.000000e+00,0.000000e+00,0.000000e+00,0.000000e+00
large10kC_1ph,1,10,20,1.000000e+00,1.000000e+00,J:energy,0.000000e+00,0.000000e+00,0.000000e+00,0.000000e+00
large10kC_1ph,6,20,30,1.000000e+00,1.000000e+00,K,4.160358e-03,1.000000e+00,4.582592e+00,4.986326e-04
large10kC_1ph,6,20,30,1.000000e+00,1.000000e+00,H.diag,4.152639e-03,9.962916e-01,4.582592e+00,2.817159e-03
large10kC_1ph,6,20,30,1.000000e+00,1.000000e+00,J,2.362659e-01,3.708420e-03,3.007507e+00,1.241098e-04
large10kC_1ph,6,20,30,1.000000e+00,1.000000e+00,H.barrier,4.187664e-01,9.962701e-01,6.645984e-01,0.000000e+00
large10kC_1ph,6,20,30,1.000000e+00,1.000000e+00,H.Vxx,0.000000e+00,0.000000e+00,NaN,NaN
large10kC_1ph,6,20,30,1.000000e+00,1.000000e+00,H.rest,1.927017e-05,2.143366e-05,4.582592e+00,7.109552e-03
large10kC_1ph,6,20,30,1.000000e+00,1.000000e+00,H.diag:ps,3.389872e-01,1.880376e-18,1.797901e-01,0.000000e+00
large10kC_1ph,6,20,30,1.000000e+00,1.000000e+00,H.barrier:ps,3.389872e-01,1.880376e-18,1.797901e-01,0.000000e+00
large10kC_1ph,6,20,30,1.000000e+00,1.000000e+00,H.diag:qs,0.000000e+00,0.000000e+00,0.000000e+00,0.000000e+00
large10kC_1ph,6,20,30,1.000000e+00,1.000000e+00,H.diag:P,9.491129e-02,1.071683e-05,4.582592e+00,7.461240e-03
large10kC_1ph,6,20,30,1.000000e+00,1.000000e+00,H.diag:Q,9.491129e-02,1.071683e-05,4.582592e+00,7.461240e-03
large10kC_1ph,6,20,30,1.000000e+00,1.000000e+00,H.diag:v,4.134815e-01,8.854044e-01,1.607018e-01,0.000000e+00
large10kC_1ph,6,20,30,1.000000e+00,1.000000e+00,H.barrier:v,4.134815e-01,8.854044e-01,1.607018e-01,0.000000e+00
large10kC_1ph,6,20,30,1.000000e+00,1.000000e+00,H.diag:ell,5.229496e-01,2.380750e-02,6.645984e-01,0.000000e+00
large10kC_1ph,6,20,30,1.000000e+00,1.000000e+00,H.barrier:ell,5.229496e-01,2.380750e-02,6.645984e-01,0.000000e+00
large10kC_1ph,6,20,30,1.000000e+00,1.000000e+00,H.diag:pb,5.103680e-05,1.504743e-04,3.290077e-05,0.000000e+00
large10kC_1ph,6,20,30,1.000000e+00,1.000000e+00,H.barrier:pb,1.179202e-01,1.504743e-04,5.639839e-02,0.000000e+00
large10kC_1ph,6,20,30,1.000000e+00,1.000000e+00,H.diag:qnorm,2.384197e-03,7.092535e-09,2.321494e-03,0.000000e+00
large10kC_1ph,6,20,30,1.000000e+00,1.000000e+00,H.barrier:qnorm,2.384197e-03,7.092535e-09,2.321494e-03,0.000000e+00
large10kC_1ph,6,20,30,1.000000e+00,1.000000e+00,H.diag:soc_slack,4.674234e-01,8.687260e-02,3.020760e-01,0.000000e+00
large10kC_1ph,6,20,30,1.000000e+00,1.000000e+00,H.barrier:soc_slack,4.674234e-01,8.687260e-02,3.020760e-01,0.000000e+00
large10kC_1ph,6,20,30,1.000000e+00,1.000000e+00,H.diag:energy_slack,7.943912e-02,3.514764e-05,5.387118e-02,0.000000e+00
large10kC_1ph,6,20,30,1.000000e+00,1.000000e+00,H.barrier:energy_slack,7.943912e-02,3.514764e-05,5.387118e-02,0.000000e+00
large10kC_1ph,6,20,30,1.000000e+00,1.000000e+00,J:Pbal,0.000000e+00,0.000000e+00,0.000000e+00,0.000000e+00
large10kC_1ph,6,20,30,1.000000e+00,1.000000e+00,J:Qbal,0.000000e+00,0.000000e+00,0.000000e+00,0.000000e+00
large10kC_1ph,6,20,30,1.000000e+00,1.000000e+00,J:vdrop,0.000000e+00,0.000000e+00,0.000000e+00,0.000000e+00
large10kC_1ph,6,20,30,1.000000e+00,1.000000e+00,J:SOCP,4.612704e-01,3.708420e-03,3.007507e+00,4.069767e-04
large10kC_1ph,6,20,30,1.000000e+00,1.000000e+00,J:rootV,0.000000e+00,0.000000e+00,0.000000e+00,0.000000e+00
large10kC_1ph,6,20,30,1.000000e+00,1.000000e+00,J:energy,0.000000e+00,0.000000e+00,0.000000e+00,0.000000e+00
large10kC_1ph,5,20,30,1.000000e+00,1.000000e+00,K,1.273560e-01,1.000000e+00,3.988495e+00,1.424665e-04
large10kC_1ph,5,20,30,1.000000e+00,1.000000e+00,H.diag,1.270213e-01,9.936159e-01,3.988495e+00,5.487972e-04
large10kC_1ph,5,20,30,1.000000e+00,1.000000e+00,J,3.012342e-01,6.384147e-03,2.065832e+00,7.682988e-05
large10kC_1ph,5,20,30,1.000000e+00,1.000000e+00,H.barrier,4.148220e-01,9.933755e-01,6.388113e-01,0.000000e+00
large10kC_1ph,5,20,30,1.000000e+00,1.000000e+00,H.Vxx,5.220889e-03,4.293989e-04,1.344808e-02,0.000000e+00
large10kC_1ph,5,20,30,1.000000e+00,1.000000e+00,H.rest,1.438829e-03,2.392389e-05,3.988495e+00,1.384978e-03
large10kC_1ph,5,20,30,1.000000e+00,1.000000e+00,H.diag:ps,3.513082e-01,1.186796e-18,1.879616e-01,0.000000e+00
large10kC_1ph,5,20,30,1.000000e+00,1.000000e+00,H.barrier:ps,3.513082e-01,1.186796e-18,1.879616e-01,0.000000e+00
large10kC_1ph,5,20,30,1.000000e+00,1.000000e+00,H.diag:qs,0.000000e+00,0.000000e+00,0.000000e+00,0.000000e+00
large10kC_1ph,5,20,30,1.000000e+00,1.000000e+00,H.diag:P,8.847281e-02,1.196195e-05,3.988495e+00,1.453488e-03
large10kC_1ph,5,20,30,1.000000e+00,1.000000e+00,H.diag:Q,8.847281e-02,1.196195e-05,3.988495e+00,1.453488e-03
large10kC_1ph,5,20,30,1.000000e+00,1.000000e+00,H.diag:v,4.081347e-01,8.667952e-01,1.607018e-01,0.000000e+00
large10kC_1ph,5,20,30,1.000000e+00,1.000000e+00,H.barrier:v,4.081347e-01,8.667952e-01,1.607018e-01,0.000000e+00
large10kC_1ph,5,20,30,1.000000e+00,1.000000e+00,H.diag:ell,5.234967e-01,2.102922e-02,6.388113e-01,0.000000e+00
large10kC_1ph,5,20,30,1.000000e+00,1.000000e+00,H.barrier:ell,5.234967e-01,2.102922e-02,6.388113e-01,0.000000e+00
large10kC_1ph,5,20,30,1.000000e+00,1.000000e+00,H.diag:pb,2.825014e-03,4.454786e-04,7.412812e-03,0.000000e+00
large10kC_1ph,5,20,30,1.000000e+00,1.000000e+00,H.barrier:pb,1.398319e-01,2.290581e-04,7.001387e-02,0.000000e+00
large10kC_1ph,5,20,30,1.000000e+00,1.000000e+00,H.diag:qnorm,2.874794e-03,1.040923e-08,2.851887e-03,0.000000e+00
large10kC_1ph,5,20,30,1.000000e+00,1.000000e+00,H.barrier:qnorm,2.874794e-03,1.040923e-08,2.851887e-03,0.000000e+00
large10kC_1ph,5,20,30,1.000000e+00,1.000000e+00,H.diag:soc_slack,4.717379e-01,1.048343e-01,3.040194e-01,0.000000e+00
large10kC_1ph,5,20,30,1.000000e+00,1.000000e+00,H.barrier:soc_slack,4.717379e-01,1.048343e-01,3.040194e-01,0.000000e+00
large10kC_1ph,5,20,30,1.000000e+00,1.000000e+00,H.diag:energy_slack,2.412119e-01,4.877004e-04,1.591141e-01,0.000000e+00
large10kC_1ph,5,20,30,1.000000e+00,1.000000e+00,H.barrier:energy_slack,2.412119e-01,4.877004e-04,1.591141e-01,0.000000e+00
large10kC_1ph,5,20,30,1.000000e+00,1.000000e+00,J:Pbal,0.000000e+00,0.000000e+00,0.000000e+00,0.000000e+00
large10kC_1ph,5,20,30,1.000000e+00,1.000000e+00,J:Qbal,0.000000e+00,0.000000e+00,0.000000e+00,0.000000e+00
large10kC_1ph,5,20,30,1.000000e+00,1.000000e+00,J:vdrop,0.000000e+00,0.000000e+00,0.000000e+00,0.000000e+00
large10kC_1ph,5,20,30,1.000000e+00,1.000000e+00,J:SOCP,5.525565e-01,6.384147e-03,2.065832e+00,2.519380e-04
large10kC_1ph,5,20,30,1.000000e+00,1.000000e+00,J:rootV,0.000000e+00,0.000000e+00,0.000000e+00,0.000000e+00
large10kC_1ph,5,20,30,1.000000e+00,1.000000e+00,J:energy,0.000000e+00,0.000000e+00,0.000000e+00,0.000000e+00
large10kC_1ph,4,20,30,1.000000e+00,1.000000e+00,K,2.426231e-01,1.000000e+00,5.340523e+00,1.048146e-03
large10kC_1ph,4,20,30,1.000000e+00,1.000000e+00,H.diag,2.426389e-01,9.984802e-01,5.340523e+00,7.170950e-03
large10kC_1ph,4,20,30,1.000000e+00,1.000000e+00,J,2.328396e-01,1.519807e-03,2.701371e+00,5.909991e-05
large10kC_1ph,4,20,30,1.000000e+00,1.000000e+00,H.barrier,6.320834e-01,9.963510e-01,7.448133e-01,0.000000e+00
large10kC_1ph,4,20,30,1.000000e+00,1.000000e+00,H.Vxx,2.611500e-02,1.563121e-03,1.568960e-02,0.000000e+00
large10kC_1ph,4,20,30,1.000000e+00,1.000000e+00,H.rest,1.872808e-03,1.735972e-05,5.340523e+00,1.809704e-02
large10kC_1ph,4,20,30,1.000000e+00,1.000000e+00,H.diag:ps,4.521237e-01,2.883896e-18,2.613175e-01,0.000000e+00
large10kC_1ph,4,20,30,1.000000e+00,1.000000e+00,H.barrier:ps,4.521237e-01,2.883896e-18,2.613175e-01,0.000000e+00
large10kC_1ph,4,20,30,1.000000e+00,1.000000e+00,H.diag:qs,0.000000e+00,0.000000e+00,0.000000e+00,0.000000e+00
large10kC_1ph,4,20,30,1.000000e+00,1.000000e+00,H.diag:P,1.434072e-01,8.679861e-06,5.340523e+00,1.899225e-02
large10kC_1ph,4,20,30,1.000000e+00,1.000000e+00,H.diag:Q,1.434072e-01,8.679861e-06,5.340523e+00,1.899225e-02
large10kC_1ph,4,20,30,1.000000e+00,1.000000e+00,H.diag:v,4.149241e-01,3.865420e-01,1.607018e-01,0.000000e+00
large10kC_1ph,4,20,30,1.000000e+00,1.000000e+00,H.barrier:v,4.149241e-01,3.865420e-01,1.607018e-01,0.000000e+00
large10kC_1ph,4,20,30,1.000000e+00,1.000000e+00,H.diag:ell,5.301705e-01,1.173657e-02,7.401898e-01,0.000000e+00
large10kC_1ph,4,20,30,1.000000e+00,1.000000e+00,H.barrier:ell,5.301705e-01,1.173657e-02,7.401898e-01,0.000000e+00
large10kC_1ph,4,20,30,1.000000e+00,1.000000e+00,H.diag:pb,1.223307e-02,2.165346e-03,7.798473e-03,0.000000e+00
large10kC_1ph,4,20,30,1.000000e+00,1.000000e+00,H.barrier:pb,1.085136e-01,5.348476e-05,5.488188e-02,0.000000e+00
large10kC_1ph,4,20,30,1.000000e+00,1.000000e+00,H.diag:qnorm,3.485828e-03,6.559126e-09,3.385794e-03,0.000000e+00
large10kC_1ph,4,20,30,1.000000e+00,1.000000e+00,H.barrier:qnorm,3.485828e-03,6.559126e-09,3.385794e-03,0.000000e+00
large10kC_1ph,4,20,30,1.000000e+00,1.000000e+00,H.diag:soc_slack,4.506889e-01,3.072805e-02,3.003649e-01,0.000000e+00
large10kC_1ph,4,20,30,1.000000e+00,1.000000e+00,H.barrier:soc_slack,4.506889e-01,3.072805e-02,3.003649e-01,0.000000e+00
large10kC_1ph,4,20,30,1.000000e+00,1.000000e+00,H.diag:energy_slack,3.352569e+00,5.672909e-01,7.448133e-01,0.000000e+00
large10kC_1ph,4,20,30,1.000000e+00,1.000000e+00,H.barrier:energy_slack,3.352569e+00,5.672909e-01,7.448133e-01,0.000000e+00
large10kC_1ph,4,20,30,1.000000e+00,1.000000e+00,J:Pbal,0.000000e+00,0.000000e+00,0.000000e+00,0.000000e+00
large10kC_1ph,4,20,30,1.000000e+00,1.000000e+00,J:Qbal,0.000000e+00,0.000000e+00,0.000000e+00,0.000000e+00
large10kC_1ph,4,20,30,1.000000e+00,1.000000e+00,J:vdrop,0.000000e+00,0.000000e+00,0.000000e+00,0.000000e+00
large10kC_1ph,4,20,30,1.000000e+00,1.000000e+00,J:SOCP,4.708849e-01,1.519807e-03,2.701371e+00,1.937984e-04
large10kC_1ph,4,20,30,1.000000e+00,1.000000e+00,J:rootV,0.000000e+00,0.000000e+00,0.000000e+00,0.000000e+00
large10kC_1ph,4,20,30,1.000000e+00,1.000000e+00,J:energy,0.000000e+00,0.000000e+00,0.000000e+00,0.000000e+00
large10kC_1ph,3,20,30,1.000000e+00,1.000000e+00,K,2.245242e-01,1.000000e+00,3.223032e+00,2.203142e-03
large10kC_1ph,3,20,30,1.000000e+00,1.000000e+00,H.diag,2.246288e-01,9.994315e-01,1.977271e+00,3.987926e-03
large10kC_1ph,3,20,30,1.000000e+00,1.000000e+00,J,1.382759e-01,5.685050e-04,3.223032e+00,1.914837e-03
large10kC_1ph,3,20,30,1.000000e+00,1.000000e+00,H.barrier,4.854172e-01,6.316019e-01,8.932527e-01,0.000000e+00
large10kC_1ph,3,20,30,1.000000e+00,1.000000e+00,H.Vxx,3.414246e-01,3.529989e-01,1.767130e-01,0.000000e+00
large10kC_1ph,3,20,30,1.000000e+00,1.000000e+00,H.rest,2.308260e-03,2.886969e-05,1.977271e+00,1.006417e-02
large10kC_1ph,3,20,30,1.000000e+00,1.000000e+00,H.diag:ps,6.007187e-01,9.738898e-17,3.987210e-01,0.000000e+00
large10kC_1ph,3,20,30,1.000000e+00,1.000000e+00,H.barrier:ps,6.007187e-01,9.738898e-17,3.987210e-01,0.000000e+00
large10kC_1ph,3,20,30,1.000000e+00,1.000000e+00,H.diag:qs,0.000000e+00,0.000000e+00,0.000000e+00,0.000000e+00
large10kC_1ph,3,20,30,1.000000e+00,1.000000e+00,H.diag:P,2.589343e-01,1.443484e-05,1.977271e+00,1.056202e-02
large10kC_1ph,3,20,30,1.000000e+00,1.000000e+00,H.diag:Q,2.589343e-01,1.443484e-05,1.977271e+00,1.056202e-02
large10kC_1ph,3,20,30,1.000000e+00,1.000000e+00,H.diag:v,4.254635e-01,4.483237e-01,1.607018e-01,0.000000e+00
large10kC_1ph,3,20,30,1.000000e+00,1.000000e+00,H.barrier:v,4.254635e-01,4.483237e-01,1.607018e-01,0.000000e+00
large10kC_1ph,3,20,30,1.000000e+00,1.000000e+00,H.diag:ell,5.172896e-01,1.417906e-02,8.932527e-01,0.000000e+00
large10kC_1ph,3,20,30,1.000000e+00,1.000000e+00,H.barrier:ell,5.172896e-01,1.417906e-02,8.932527e-01,0.000000e+00
large10kC_1ph,3,20,30,1.000000e+00,1.000000e+00,H.diag:pb,1.465618e-01,3.679980e-01,9.015306e-02,0.000000e+00
large10kC_1ph,3,20,30,1.000000e+00,1.000000e+00,H.barrier:pb,1.880370e-01,1.973382e-04,8.889708e-02,0.000000e+00
large10kC_1ph,3,20,30,1.000000e+00,1.000000e+00,H.diag:qnorm,3.558938e-03,7.484809e-09,3.450786e-03,0.000000e+00
large10kC_1ph,3,20,30,1.000000e+00,1.000000e+00,H.barrier:qnorm,3.558938e-03,7.484809e-09,3.450786e-03,0.000000e+00
large10kC_1ph,3,20,30,1.000000e+00,1.000000e+00,H.diag:soc_slack,4.340383e-01,2.164296e-02,3.186943e-01,0.000000e+00
large10kC_1ph,3,20,30,1.000000e+00,1.000000e+00,H.barrier:soc_slack,4.340383e-01,2.164296e-02,3.186943e-01,0.000000e+00
large10kC_1ph,3,20,30,1.000000e+00,1.000000e+00,H.diag:energy_slack,2.223916e+00,1.472589e-01,5.464925e-01,0.000000e+00
large10kC_1ph,3,20,30,1.000000e+00,1.000000e+00,H.barrier:energy_slack,2.223916e+00,1.472589e-01,5.464925e-01,0.000000e+00
large10kC_1ph,3,20,30,1.000000e+00,1.000000e+00,J:Pbal,0.000000e+00,0.000000e+00,0.000000e+00,0.000000e+00
large10kC_1ph,3,20,30,1.000000e+00,1.000000e+00,J:Qbal,0.000000e+00,0.000000e+00,0.000000e+00,0.000000e+00
large10kC_1ph,3,20,30,1.000000e+00,1.000000e+00,J:vdrop,0.000000e+00,0.000000e+00,0.000000e+00,0.000000e+00
large10kC_1ph,3,20,30,1.000000e+00,1.000000e+00,J:SOCP,2.947180e-01,5.685050e-04,3.223032e+00,6.279070e-03
large10kC_1ph,3,20,30,1.000000e+00,1.000000e+00,J:rootV,0.000000e+00,0.000000e+00,0.000000e+00,0.000000e+00
large10kC_1ph,3,20,30,1.000000e+00,1.000000e+00,J:energy,0.000000e+00,0.000000e+00,0.000000e+00,0.000000e+00
large10kC_1ph,2,20,30,1.000000e+00,1.000000e+00,K,1.981528e-01,1.000000e+00,6.045672e+00,1.663805e-03
large10kC_1ph,2,20,30,1.000000e+00,1.000000e+00,H.diag,1.982360e-01,9.992657e-01,6.045672e+00,2.963505e-03
large10kC_1ph,2,20,30,1.000000e+00,1.000000e+00,J,1.353866e-01,7.343263e-04,3.298663e+00,1.453858e-03
large10kC_1ph,2,20,30,1.000000e+00,1.000000e+00,H.barrier,4.273986e-01,6.529596e-01,8.335442e-01,0.000000e+00
large10kC_1ph,2,20,30,1.000000e+00,1.000000e+00,H.Vxx,3.041389e-01,3.315747e-01,1.432430e-01,0.000000e+00
large10kC_1ph,2,20,30,1.000000e+00,1.000000e+00,H.rest,2.100261e-03,3.218691e-05,6.045672e+00,7.478879e-03
large10kC_1ph,2,20,30,1.000000e+00,1.000000e+00,H.diag:ps,5.460208e-01,7.173827e-17,3.429641e-01,0.000000e+00
large10kC_1ph,2,20,30,1.000000e+00,1.000000e+00,H.barrier:ps,5.460208e-01,7.173827e-17,3.429641e-01,0.000000e+00
large10kC_1ph,2,20,30,1.000000e+00,1.000000e+00,H.diag:qs,0.000000e+00,0.000000e+00,0.000000e+00,0.000000e+00
large10kC_1ph,2,20,30,1.000000e+00,1.000000e+00,H.diag:P,2.307436e-01,1.609345e-05,6.045672e+00,7.848837e-03
large10kC_1ph,2,20,30,1.000000e+00,1.000000e+00,H.diag:Q,2.307436e-01,1.609345e-05,6.045672e+00,7.848837e-03
large10kC_1ph,2,20,30,1.000000e+00,1.000000e+00,H.diag:v,4.255380e-01,6.037420e-01,1.607018e-01,0.000000e+00
large10kC_1ph,2,20,30,1.000000e+00,1.000000e+00,H.barrier:v,4.255380e-01,6.037420e-01,1.607018e-01,0.000000e+00
large10kC_1ph,2,20,30,1.000000e+00,1.000000e+00,H.diag:ell,5.156397e-01,1.901575e-02,8.335442e-01,0.000000e+00
large10kC_1ph,2,20,30,1.000000e+00,1.000000e+00,H.barrier:ell,5.156397e-01,1.901575e-02,8.335442e-01,0.000000e+00
large10kC_1ph,2,20,30,1.000000e+00,1.000000e+00,H.diag:pb,1.258948e-01,3.464750e-01,6.376850e-02,0.000000e+00
large10kC_1ph,2,20,30,1.000000e+00,1.000000e+00,H.barrier:pb,1.665729e-01,2.010806e-04,8.756195e-02,0.000000e+00
large10kC_1ph,2,20,30,1.000000e+00,1.000000e+00,H.diag:qnorm,3.051794e-03,7.408406e-09,2.965126e-03,0.000000e+00
large10kC_1ph,2,20,30,1.000000e+00,1.000000e+00,H.barrier:qnorm,3.051794e-03,7.408406e-09,2.965126e-03,0.000000e+00
large10kC_1ph,2,20,30,1.000000e+00,1.000000e+00,H.diag:soc_slack,4.374635e-01,2.999038e-02,3.114565e-01,0.000000e+00
large10kC_1ph,2,20,30,1.000000e+00,1.000000e+00,H.barrier:soc_slack,4.374635e-01,2.999038e-02,3.114565e-01,0.000000e+00
large10kC_1ph,2,20,30,1.000000e+00,1.000000e+00,H.diag:energy_slack,4.973863e-02,1.038336e-05,4.820835e-02,0.000000e+00
large10kC_1ph,2,20,30,1.000000e+00,1.000000e+00,H.barrier:energy_slack,4.973863e-02,1.038336e-05,4.820835e-02,0.000000e+00
large10kC_1ph,2,20,30,1.000000e+00,1.000000e+00,J:Pbal,0.000000e+00,0.000000e+00,0.000000e+00,0.000000e+00
large10kC_1ph,2,20,30,1.000000e+00,1.000000e+00,J:Qbal,0.000000e+00,0.000000e+00,0.000000e+00,0.000000e+00
large10kC_1ph,2,20,30,1.000000e+00,1.000000e+00,J:vdrop,0.000000e+00,0.000000e+00,0.000000e+00,0.000000e+00
large10kC_1ph,2,20,30,1.000000e+00,1.000000e+00,J:SOCP,2.882803e-01,7.343263e-04,3.298663e+00,4.767442e-03
large10kC_1ph,2,20,30,1.000000e+00,1.000000e+00,J:rootV,0.000000e+00,0.000000e+00,0.000000e+00,0.000000e+00
large10kC_1ph,2,20,30,1.000000e+00,1.000000e+00,J:energy,0.000000e+00,0.000000e+00,0.000000e+00,0.000000e+00
large10kC_1ph,1,20,30,1.000000e+00,1.000000e+00,K,1.730749e-01,1.000000e+00,5.130314e+00,1.165172e-03
large10kC_1ph,1,20,30,1.000000e+00,1.000000e+00,H.diag,1.727739e-01,9.946203e-01,5.130314e+00,6.512394e-03
large10kC_1ph,1,20,30,1.000000e+00,1.000000e+00,J,2.903630e-01,5.379693e-03,2.671438e+00,3.014095e-04
large10kC_1ph,1,20,30,1.000000e+00,1.000000e+00,H.barrier,4.158260e-01,9.513147e-01,7.870368e-01,0.000000e+00
large10kC_1ph,1,20,30,1.000000e+00,1.000000e+00,H.Vxx,1.058741e-01,3.811191e-02,6.500138e-02,0.000000e+00
large10kC_1ph,1,20,30,1.000000e+00,1.000000e+00,H.rest,2.448142e-03,6.656087e-05,5.130314e+00,1.643507e-02
large10kC_1ph,1,20,30,1.000000e+00,1.000000e+00,H.diag:ps,4.915145e-01,5.407767e-18,2.937214e-01,0.000000e+00
large10kC_1ph,1,20,30,1.000000e+00,1.000000e+00,H.barrier:ps,4.915145e-01,5.407767e-18,2.937214e-01,0.000000e+00
large10kC_1ph,1,20,30,1.000000e+00,1.000000e+00,H.diag:qs,0.000000e+00,0.000000e+00,0.000000e+00,0.000000e+00
large10kC_1ph,1,20,30,1.000000e+00,1.000000e+00,H.diag:P,1.763343e-01,3.328044e-05,5.130314e+00,1.724806e-02
large10kC_1ph,1,20,30,1.000000e+00,1.000000e+00,H.diag:Q,1.763343e-01,3.328044e-05,5.130314e+00,1.724806e-02
large10kC_1ph,1,20,30,1.000000e+00,1.000000e+00,H.diag:v,4.107571e-01,8.482970e-01,1.607018e-01,0.000000e+00
large10kC_1ph,1,20,30,1.000000e+00,1.000000e+00,H.barrier:v,4.107571e-01,8.482970e-01,1.607018e-01,0.000000e+00
large10kC_1ph,1,20,30,1.000000e+00,1.000000e+00,H.diag:ell,5.410813e-01,2.586817e-02,7.870368e-01,0.000000e+00
large10kC_1ph,1,20,30,1.000000e+00,1.000000e+00,H.barrier:ell,5.410813e-01,2.586817e-02,7.870368e-01,0.000000e+00
large10kC_1ph,1,20,30,1.000000e+00,1.000000e+00,H.diag:pb,3.953326e-02,4.348898e-02,2.804993e-02,0.000000e+00
large10kC_1ph,1,20,30,1.000000e+00,1.000000e+00,H.barrier:pb,1.549105e-01,2.499265e-04,8.898823e-02,0.000000e+00
large10kC_1ph,1,20,30,1.000000e+00,1.000000e+00,H.diag:qnorm,2.557779e-03,7.916848e-09,2.462122e-03,0.000000e+00
large10kC_1ph,1,20,30,1.000000e+00,1.000000e+00,H.barrier:qnorm,2.557779e-03,7.916848e-09,2.462122e-03,0.000000e+00
large10kC_1ph,1,20,30,1.000000e+00,1.000000e+00,H.diag:soc_slack,4.461413e-01,7.307699e-02,3.002804e-01,0.000000e+00
large10kC_1ph,1,20,30,1.000000e+00,1.000000e+00,H.barrier:soc_slack,4.461413e-01,7.307699e-02,3.002804e-01,0.000000e+00
large10kC_1ph,1,20,30,1.000000e+00,1.000000e+00,H.diag:energy_slack,7.482343e-01,3.822630e-03,4.251115e-01,0.000000e+00
large10kC_1ph,1,20,30,1.000000e+00,1.000000e+00,H.barrier:energy_slack,7.482343e-01,3.822630e-03,4.251115e-01,0.000000e+00
large10kC_1ph,1,20,30,1.000000e+00,1.000000e+00,J:Pbal,0.000000e+00,0.000000e+00,0.000000e+00,0.000000e+00
large10kC_1ph,1,20,30,1.000000e+00,1.000000e+00,J:Qbal,0.000000e+00,0.000000e+00,0.000000e+00,0.000000e+00
large10kC_1ph,1,20,30,1.000000e+00,1.000000e+00,J:vdrop,0.000000e+00,0.000000e+00,0.000000e+00,0.000000e+00
large10kC_1ph,1,20,30,1.000000e+00,1.000000e+00,J:SOCP,5.747267e-01,5.379693e-03,2.671438e+00,9.883721e-04
large10kC_1ph,1,20,30,1.000000e+00,1.000000e+00,J:rootV,0.000000e+00,0.000000e+00,0.000000e+00,0.000000e+00
large10kC_1ph,1,20,30,1.000000e+00,1.000000e+00,J:energy,0.000000e+00,0.000000e+00,0.000000e+00,0.000000e+00
large10kC_1ph,6,30,40,1.000000e+00,1.000000e+00,K,7.437055e-03,1.000000e+00,5.055590e+00,8.090059e-04
large10kC_1ph,6,30,40,1.000000e+00,1.000000e+00,H.diag,7.422756e-03,9.961572e-01,5.055590e+00,1.353700e-03
large10kC_1ph,6,30,40,1.000000e+00,1.000000e+00,J,3.972949e-01,3.842777e-03,3.280749e+00,7.210189e-04
large10kC_1ph,6,30,40,1.000000e+00,1.000000e+00,H.barrier,5.506651e-01,9.961478e-01,5.661681e-01,0.000000e+00
large10kC_1ph,6,30,40,1.000000e+00,1.000000e+00,H.Vxx,0.000000e+00,0.000000e+00,NaN,NaN
large10kC_1ph,6,30,40,1.000000e+00,1.000000e+00,H.rest,2.283856e-05,9.419846e-06,5.055590e+00,3.416278e-03
large10kC_1ph,6,30,40,1.000000e+00,1.000000e+00,H.diag:ps,2.935087e-01,1.927174e-19,1.508932e-01,0.000000e+00
large10kC_1ph,6,30,40,1.000000e+00,1.000000e+00,H.barrier:ps,2.935087e-01,1.927174e-19,1.508932e-01,0.000000e+00
large10kC_1ph,6,30,40,1.000000e+00,1.000000e+00,H.diag:qs,0.000000e+00,0.000000e+00,0.000000e+00,0.000000e+00
large10kC_1ph,6,30,40,1.000000e+00,1.000000e+00,H.diag:P,1.132837e-01,4.709923e-06,5.055590e+00,3.585271e-03
large10kC_1ph,6,30,40,1.000000e+00,1.000000e+00,H.diag:Q,1.132837e-01,4.709923e-06,5.055590e+00,3.585271e-03
large10kC_1ph,6,30,40,1.000000e+00,1.000000e+00,H.diag:v,5.515430e-01,9.846347e-01,2.158062e-01,0.000000e+00
large10kC_1ph,6,30,40,1.000000e+00,1.000000e+00,H.barrier:v,5.515430e-01,9.846347e-01,2.158062e-01,0.000000e+00
large10kC_1ph,6,30,40,1.000000e+00,1.000000e+00,H.diag:ell,5.469624e-01,1.869538e-03,5.661681e-01,0.000000e+00
large10kC_1ph,6,30,40,1.000000e+00,1.000000e+00,H.barrier:ell,5.469624e-01,1.869538e-03,5.661681e-01,0.000000e+00
large10kC_1ph,6,30,40,1.000000e+00,1.000000e+00,H.diag:pb,7.175848e-05,9.308187e-05,4.731191e-05,0.000000e+00
large10kC_1ph,6,30,40,1.000000e+00,1.000000e+00,H.barrier:pb,1.484769e-01,9.308187e-05,7.078950e-02,0.000000e+00
large10kC_1ph,6,30,40,1.000000e+00,1.000000e+00,H.diag:qnorm,5.559211e-03,1.211887e-08,5.668352e-03,0.000000e+00
large10kC_1ph,6,30,40,1.000000e+00,1.000000e+00,H.barrier:qnorm,5.559211e-03,1.211887e-08,5.668352e-03,0.000000e+00
large10kC_1ph,6,30,40,1.000000e+00,1.000000e+00,H.diag:soc_slack,5.186031e-01,9.523872e-03,3.470079e-01,0.000000e+00
large10kC_1ph,6,30,40,1.000000e+00,1.000000e+00,H.barrier:soc_slack,5.186031e-01,9.523872e-03,3.470079e-01,0.000000e+00
large10kC_1ph,6,30,40,1.000000e+00,1.000000e+00,H.diag:energy_slack,1.147933e-01,2.664539e-05,7.924511e-02,0.000000e+00
large10kC_1ph,6,30,40,1.000000e+00,1.000000e+00,H.barrier:energy_slack,1.147933e-01,2.664539e-05,7.924511e-02,0.000000e+00
large10kC_1ph,6,30,40,1.000000e+00,1.000000e+00,J:Pbal,0.000000e+00,0.000000e+00,0.000000e+00,0.000000e+00
large10kC_1ph,6,30,40,1.000000e+00,1.000000e+00,J:Qbal,0.000000e+00,0.000000e+00,0.000000e+00,0.000000e+00
large10kC_1ph,6,30,40,1.000000e+00,1.000000e+00,J:vdrop,0.000000e+00,0.000000e+00,0.000000e+00,0.000000e+00
large10kC_1ph,6,30,40,1.000000e+00,1.000000e+00,J:SOCP,6.529634e-01,3.842777e-03,3.280749e+00,2.364341e-03
large10kC_1ph,6,30,40,1.000000e+00,1.000000e+00,J:rootV,0.000000e+00,0.000000e+00,0.000000e+00,0.000000e+00
large10kC_1ph,6,30,40,1.000000e+00,1.000000e+00,J:energy,0.000000e+00,0.000000e+00,0.000000e+00,0.000000e+00
large10kC_1ph,5,30,40,1.000000e+00,1.000000e+00,K,2.153140e-01,1.000000e+00,4.876096e+00,5.749539e-04
large10kC_1ph,5,30,40,1.000000e+00,1.000000e+00,H.diag,2.148023e-01,9.939095e-01,4.876096e+00,1.573219e-03
large10kC_1ph,5,30,40,1.000000e+00,1.000000e+00,J,4.573663e-01,6.090475e-03,2.863841e+00,4.136994e-04
large10kC_1ph,5,30,40,1.000000e+00,1.000000e+00,H.barrier,5.401961e-01,9.934906e-01,5.392657e-01,0.000000e+00
large10kC_1ph,5,30,40,1.000000e+00,1.000000e+00,H.Vxx,1.266540e-02,8.165355e-04,2.066139e-02,0.000000e+00
large10kC_1ph,5,30,40,1.000000e+00,1.000000e+00,H.rest,1.992972e-03,1.489021e-05,4.876096e+00,3.970269e-03
large10kC_1ph,5,30,40,1.000000e+00,1.000000e+00,H.diag:ps,2.730922e-01,9.790058e-20,1.385207e-01,0.000000e+00
large10kC_1ph,5,30,40,1.000000e+00,1.000000e+00,H.barrier:ps,2.730922e-01,9.790058e-20,1.385207e-01,0.000000e+00
large10kC_1ph,5,30,40,1.000000e+00,1.000000e+00,H.diag:qs,0.000000e+00,0.000000e+00,0.000000e+00,0.000000e+00
large10kC_1ph,5,30,40,1.000000e+00,1.000000e+00,H.diag:P,1.253285e-01,7.445103e-06,4.876096e+00,4.166667e-03
large10kC_1ph,5,30,40,1.000000e+00,1.000000e+00,H.diag:Q,1.253285e-01,7.445103e-06,4.876096e+00,4.166667e-03
large10kC_1ph,5,30,40,1.000000e+00,1.000000e+00,H.diag:v,5.410609e-01,9.796906e-01,2.158062e-01,0.000000e+00
large10kC_1ph,5,30,40,1.000000e+00,1.000000e+00,H.barrier:v,5.410609e-01,9.796906e-01,2.158062e-01,0.000000e+00
large10kC_1ph,5,30,40,1.000000e+00,1.000000e+00,H.diag:ell,5.433371e-01,1.683490e-03,5.392657e-01,0.000000e+00
large10kC_1ph,5,30,40,1.000000e+00,1.000000e+00,H.barrier:ell,5.433371e-01,1.683490e-03,5.392657e-01,0.000000e+00
large10kC_1ph,5,30,40,1.000000e+00,1.000000e+00,H.diag:pb,5.347594e-03,5.187617e-04,1.180746e-02,0.000000e+00
large10kC_1ph,5,30,40,1.000000e+00,1.000000e+00,H.barrier:pb,1.526221e-01,1.147541e-04,7.233117e-02,0.000000e+00
large10kC_1ph,5,30,40,1.000000e+00,1.000000e+00,H.diag:qnorm,6.709761e-03,1.849430e-08,6.889491e-03,0.000000e+00
large10kC_1ph,5,30,40,1.000000e+00,1.000000e+00,H.barrier:qnorm,6.709761e-03,1.849430e-08,6.889491e-03,0.000000e+00
large10kC_1ph,5,30,40,1.000000e+00,1.000000e+00,H.diag:soc_slack,5.244562e-01,1.176934e-02,3.650900e-01,0.000000e+00
large10kC_1ph,5,30,40,1.000000e+00,1.000000e+00,H.barrier:soc_slack,5.244562e-01,1.176934e-02,3.650900e-01,0.000000e+00
large10kC_1ph,5,30,40,1.000000e+00,1.000000e+00,H.diag:energy_slack,2.356911e-01,2.324609e-04,1.982585e-01,0.000000e+00
large10kC_1ph,5,30,40,1.000000e+00,1.000000e+00,H.barrier:energy_slack,2.356911e-01,2.324609e-04,1.982585e-01,0.000000e+00
large10kC_1ph,5,30,40,1.000000e+00,1.000000e+00,J:Pbal,0.000000e+00,0.000000e+00,0.000000e+00,0.000000e+00
large10kC_1ph,5,30,40,1.000000e+00,1.000000e+00,J:Qbal,0.000000e+00,0.000000e+00,0.000000e+00,0.000000e+00
large10kC_1ph,5,30,40,1.000000e+00,1.000000e+00,J:vdrop,0.000000e+00,0.000000e+00,0.000000e+00,0.000000e+00
large10kC_1ph,5,30,40,1.000000e+00,1.000000e+00,J:SOCP,6.825019e-01,6.090475e-03,2.863841e+00,1.356589e-03
large10kC_1ph,5,30,40,1.000000e+00,1.000000e+00,J:rootV,0.000000e+00,0.000000e+00,0.000000e+00,0.000000e+00
large10kC_1ph,5,30,40,1.000000e+00,1.000000e+00,J:energy,0.000000e+00,0.000000e+00,0.000000e+00,0.000000e+00
large10kC_1ph,4,30,40,1.000000e+00,1.000000e+00,K,6.196062e-01,1.000000e+00,5.403477e+00,8.904153e-04
large10kC_1ph,4,30,40,1.000000e+00,1.000000e+00,H.diag,6.198136e-01,9.990867e-01,5.403477e+00,4.207445e-03
large10kC_1ph,4,30,40,1.000000e+00,1.000000e+00,J,4.707980e-01,9.133422e-04,3.544469e+00,3.545995e-04
large10kC_1ph,4,30,40,1.000000e+00,1.000000e+00,H.barrier,1.190365e+00,9.988666e-01,9.268856e-01,0.000000e+00
large10kC_1ph,4,30,40,1.000000e+00,1.000000e+00,H.Vxx,2.064800e-02,1.315628e-04,1.461868e-02,0.000000e+00
large10kC_1ph,4,30,40,1.000000e+00,1.000000e+00,H.rest,1.701483e-03,1.833356e-06,5.403477e+00,1.061816e-02
large10kC_1ph,4,30,40,1.000000e+00,1.000000e+00,H.diag:ps,4.172159e-01,9.431476e-20,2.344923e-01,0.000000e+00
large10kC_1ph,4,30,40,1.000000e+00,1.000000e+00,H.barrier:ps,4.172159e-01,9.431476e-20,2.344923e-01,0.000000e+00
large10kC_1ph,4,30,40,1.000000e+00,1.000000e+00,H.diag:qs,0.000000e+00,0.000000e+00,0.000000e+00,0.000000e+00
large10kC_1ph,4,30,40,1.000000e+00,1.000000e+00,H.diag:P,1.243701e-01,9.166779e-07,5.403477e+00,1.114341e-02
large10kC_1ph,4,30,40,1.000000e+00,1.000000e+00,H.diag:Q,1.243701e-01,9.166779e-07,5.403477e+00,1.114341e-02
large10kC_1ph,4,30,40,1.000000e+00,1.000000e+00,H.diag:v,5.466728e-01,1.718461e-01,2.158062e-01,0.000000e+00
large10kC_1ph,4,30,40,1.000000e+00,1.000000e+00,H.barrier:v,5.466728e-01,1.718461e-01,2.158062e-01,0.000000e+00
large10kC_1ph,4,30,40,1.000000e+00,1.000000e+00,H.diag:ell,5.622254e-01,3.774859e-04,6.969271e-01,0.000000e+00
large10kC_1ph,4,30,40,1.000000e+00,1.000000e+00,H.barrier:ell,5.622254e-01,3.774859e-04,6.969271e-01,0.000000e+00
large10kC_1ph,4,30,40,1.000000e+00,1.000000e+00,H.diag:pb,1.108303e-02,2.329301e-04,8.084578e-03,0.000000e+00
large10kC_1ph,4,30,40,1.000000e+00,1.000000e+00,H.barrier:pb,1.436242e-01,1.468426e-05,6.826207e-02,0.000000e+00
large10kC_1ph,4,30,40,1.000000e+00,1.000000e+00,H.diag:qnorm,8.256949e-03,4.739514e-09,8.473315e-03,0.000000e+00
large10kC_1ph,4,30,40,1.000000e+00,1.000000e+00,H.barrier:qnorm,8.256949e-03,4.739514e-09,8.473315e-03,0.000000e+00
large10kC_1ph,4,30,40,1.000000e+00,1.000000e+00,H.diag:soc_slack,4.997230e-01,1.468463e-03,3.337736e-01,0.000000e+00
large10kC_1ph,4,30,40,1.000000e+00,1.000000e+00,H.barrier:soc_slack,4.997230e-01,1.468463e-03,3.337736e-01,0.000000e+00
large10kC_1ph,4,30,40,1.000000e+00,1.000000e+00,H.diag:energy_slack,2.600125e+00,8.251598e-01,9.268856e-01,0.000000e+00
large10kC_1ph,4,30,40,1.000000e+00,1.000000e+00,H.barrier:energy_slack,2.600125e+00,8.251598e-01,9.268856e-01,0.000000e+00
large10kC_1ph,4,30,40,1.000000e+00,1.000000e+00,J:Pbal,0.000000e+00,0.000000e+00,0.000000e+00,0.000000e+00
large10kC_1ph,4,30,40,1.000000e+00,1.000000e+00,J:Qbal,0.000000e+00,0.000000e+00,0.000000e+00,0.000000e+00
large10kC_1ph,4,30,40,1.000000e+00,1.000000e+00,J:vdrop,0.000000e+00,0.000000e+00,0.000000e+00,0.000000e+00
large10kC_1ph,4,30,40,1.000000e+00,1.000000e+00,J:SOCP,8.045937e-01,9.133422e-04,3.544469e+00,1.162791e-03
large10kC_1ph,4,30,40,1.000000e+00,1.000000e+00,J:rootV,0.000000e+00,0.000000e+00,0.000000e+00,0.000000e+00
large10kC_1ph,4,30,40,1.000000e+00,1.000000e+00,J:energy,0.000000e+00,0.000000e+00,0.000000e+00,0.000000e+00
large10kC_1ph,3,30,40,1.000000e+00,1.000000e+00,K,3.426779e-01,1.000000e+00,3.359333e+00,1.154996e-03
large10kC_1ph,3,30,40,1.000000e+00,1.000000e+00,H.diag,3.427306e-01,9.991813e-01,1.449391e+00,8.414891e-04
large10kC_1ph,3,30,40,1.000000e+00,1.000000e+00,J,2.922145e-01,8.186590e-04,3.359333e+00,1.205638e-03
large10kC_1ph,3,30,40,1.000000e+00,1.000000e+00,H.barrier,7.674913e-01,9.717155e-01,8.488919e-01,0.000000e+00
large10kC_1ph,3,30,40,1.000000e+00,1.000000e+00,H.Vxx,1.209837e-01,2.416669e-02,1.184564e-01,0.000000e+00
large10kC_1ph,3,30,40,1.000000e+00,1.000000e+00,H.rest,1.357372e-03,3.049961e-06,1.449391e+00,2.123632e-03
large10kC_1ph,3,30,40,1.000000e+00,1.000000e+00,H.diag:ps,5.472881e-01,3.936995e-18,3.441781e-01,0.000000e+00
large10kC_1ph,3,30,40,1.000000e+00,1.000000e+00,H.barrier:ps,5.472881e-01,3.936995e-18,3.441781e-01,0.000000e+00
large10kC_1ph,3,30,40,1.000000e+00,1.000000e+00,H.diag:qs,0.000000e+00,0.000000e+00,0.000000e+00,0.000000e+00
large10kC_1ph,3,30,40,1.000000e+00,1.000000e+00,H.diag:P,1.256636e-01,1.524981e-06,1.449391e+00,2.228682e-03
large10kC_1ph,3,30,40,1.000000e+00,1.000000e+00,H.diag:Q,1.256636e-01,1.524981e-06,1.449391e+00,2.228682e-03
large10kC_1ph,3,30,40,1.000000e+00,1.000000e+00,H.diag:v,5.717445e-01,5.025096e-01,2.158062e-01,0.000000e+00
large10kC_1ph,3,30,40,1.000000e+00,1.000000e+00,H.barrier:v,5.717445e-01,5.025096e-01,2.158062e-01,0.000000e+00
large10kC_1ph,3,30,40,1.000000e+00,1.000000e+00,H.diag:ell,5.500901e-01,1.158841e-03,8.488919e-01,0.000000e+00
large10kC_1ph,3,30,40,1.000000e+00,1.000000e+00,H.barrier:ell,5.500901e-01,1.158841e-03,8.488919e-01,0.000000e+00
large10kC_1ph,3,30,40,1.000000e+00,1.000000e+00,H.diag:pb,6.346422e-02,2.762528e-02,6.879951e-02,0.000000e+00
large10kC_1ph,3,30,40,1.000000e+00,1.000000e+00,H.barrier:pb,2.603062e-01,1.624840e-04,1.194915e-01,0.000000e+00
large10kC_1ph,3,30,40,1.000000e+00,1.000000e+00,H.diag:qnorm,8.434335e-03,1.292845e-08,8.542982e-03,0.000000e+00
large10kC_1ph,3,30,40,1.000000e+00,1.000000e+00,H.barrier:qnorm,8.434335e-03,1.292845e-08,8.542982e-03,0.000000e+00
large10kC_1ph,3,30,40,1.000000e+00,1.000000e+00,H.diag:soc_slack,4.867556e-01,2.723140e-03,3.615181e-01,0.000000e+00
large10kC_1ph,3,30,40,1.000000e+00,1.000000e+00,H.barrier:soc_slack,4.867556e-01,2.723140e-03,3.615181e-01,0.000000e+00
large10kC_1ph,3,30,40,1.000000e+00,1.000000e+00,H.diag:energy_slack,2.218475e+00,4.651614e-01,5.668300e-01,0.000000e+00
large10kC_1ph,3,30,40,1.000000e+00,1.000000e+00,H.barrier:energy_slack,2.218475e+00,4.651614e-01,5.668300e-01,0.000000e+00
large10kC_1ph,3,30,40,1.000000e+00,1.000000e+00,J:Pbal,0.000000e+00,0.000000e+00,0.000000e+00,0.000000e+00
large10kC_1ph,3,30,40,1.000000e+00,1.000000e+00,J:Qbal,0.000000e+00,0.000000e+00,0.000000e+00,0.000000e+00
large10kC_1ph,3,30,40,1.000000e+00,1.000000e+00,J:vdrop,0.000000e+00,0.000000e+00,0.000000e+00,0.000000e+00
large10kC_1ph,3,30,40,1.000000e+00,1.000000e+00,J:SOCP,5.718447e-01,8.186590e-04,3.359333e+00,3.953488e-03
large10kC_1ph,3,30,40,1.000000e+00,1.000000e+00,J:rootV,0.000000e+00,0.000000e+00,0.000000e+00,0.000000e+00
large10kC_1ph,3,30,40,1.000000e+00,1.000000e+00,J:energy,0.000000e+00,0.000000e+00,0.000000e+00,0.000000e+00
large10kC_1ph,2,30,40,1.000000e+00,1.000000e+00,K,2.642103e-01,1.000000e+00,3.552893e+00,8.700630e-04
large10kC_1ph,2,30,40,1.000000e+00,1.000000e+00,H.diag,2.641871e-01,9.986019e-01,1.342993e+00,3.292783e-04
large10kC_1ph,2,30,40,1.000000e+00,1.000000e+00,J,2.825811e-01,1.398128e-03,3.552893e+00,9.574185e-04
large10kC_1ph,2,30,40,1.000000e+00,1.000000e+00,H.barrier,5.717433e-01,9.289495e-01,8.081353e-01,0.000000e+00
large10kC_1ph,2,30,40,1.000000e+00,1.000000e+00,H.Vxx,1.587206e-01,6.336659e-02,1.060286e-01,0.000000e+00
large10kC_1ph,2,30,40,1.000000e+00,1.000000e+00,H.rest,1.251903e-03,4.739358e-06,1.342993e+00,8.309866e-04
large10kC_1ph,2,30,40,1.000000e+00,1.000000e+00,H.diag:ps,5.121669e-01,5.390862e-18,3.117287e-01,0.000000e+00
large10kC_1ph,2,30,40,1.000000e+00,1.000000e+00,H.barrier:ps,5.121669e-01,5.390862e-18,3.117287e-01,0.000000e+00
large10kC_1ph,2,30,40,1.000000e+00,1.000000e+00,H.diag:qs,0.000000e+00,0.000000e+00,0.000000e+00,0.000000e+00
large10kC_1ph,2,30,40,1.000000e+00,1.000000e+00,H.diag:P,1.160199e-01,2.369679e-06,1.342993e+00,8.720930e-04
large10kC_1ph,2,30,40,1.000000e+00,1.000000e+00,H.diag:Q,1.160199e-01,2.369679e-06,1.342993e+00,8.720930e-04
large10kC_1ph,2,30,40,1.000000e+00,1.000000e+00,H.diag:v,5.729492e-01,9.216145e-01,2.158062e-01,0.000000e+00
large10kC_1ph,2,30,40,1.000000e+00,1.000000e+00,H.barrier:v,5.729492e-01,9.216145e-01,2.158062e-01,0.000000e+00
large10kC_1ph,2,30,40,1.000000e+00,1.000000e+00,H.diag:ell,5.487584e-01,2.121039e-03,8.081353e-01,0.000000e+00
large10kC_1ph,2,30,40,1.000000e+00,1.000000e+00,H.barrier:ell,5.487584e-01,2.121039e-03,8.081353e-01,0.000000e+00
large10kC_1ph,2,30,40,1.000000e+00,1.000000e+00,H.diag:pb,7.803928e-02,6.985148e-02,5.290375e-02,0.000000e+00
large10kC_1ph,2,30,40,1.000000e+00,1.000000e+00,H.barrier:pb,2.238016e-01,2.038060e-04,9.929641e-02,0.000000e+00
large10kC_1ph,2,30,40,1.000000e+00,1.000000e+00,H.diag:qnorm,7.221531e-03,1.728973e-08,7.389112e-03,0.000000e+00
large10kC_1ph,2,30,40,1.000000e+00,1.000000e+00,H.barrier:qnorm,7.221531e-03,1.728973e-08,7.389112e-03,0.000000e+00
large10kC_1ph,2,30,40,1.000000e+00,1.000000e+00,H.diag:soc_slack,4.888663e-01,5.004426e-03,3.506506e-01,0.000000e+00
large10kC_1ph,2,30,40,1.000000e+00,1.000000e+00,H.barrier:soc_slack,4.888663e-01,5.004426e-03,3.506506e-01,0.000000e+00
large10kC_1ph,2,30,40,1.000000e+00,1.000000e+00,H.diag:energy_slack,5.449539e-02,5.673630e-06,4.270157e-02,0.000000e+00
large10kC_1ph,2,30,40,1.000000e+00,1.000000e+00,H.barrier:energy_slack,5.449539e-02,5.673630e-06,4.270157e-02,0.000000e+00
large10kC_1ph,2,30,40,1.000000e+00,1.000000e+00,J:Pbal,0.000000e+00,0.000000e+00,0.000000e+00,0.000000e+00
large10kC_1ph,2,30,40,1.000000e+00,1.000000e+00,J:Qbal,0.000000e+00,0.000000e+00,0.000000e+00,0.000000e+00
large10kC_1ph,2,30,40,1.000000e+00,1.000000e+00,J:vdrop,0.000000e+00,0.000000e+00,0.000000e+00,0.000000e+00
large10kC_1ph,2,30,40,1.000000e+00,1.000000e+00,J:SOCP,5.532107e-01,1.398128e-03,3.552893e+00,3.139535e-03
large10kC_1ph,2,30,40,1.000000e+00,1.000000e+00,J:rootV,0.000000e+00,0.000000e+00,0.000000e+00,0.000000e+00
large10kC_1ph,2,30,40,1.000000e+00,1.000000e+00,J:energy,0.000000e+00,0.000000e+00,0.000000e+00,0.000000e+00
large10kC_1ph,1,30,40,1.000000e+00,1.000000e+00,K,2.776247e-01,1.000000e+00,2.430366e+00,4.223113e-04
large10kC_1ph,1,30,40,1.000000e+00,1.000000e+00,H.diag,2.767190e-01,9.915729e-01,1.460633e+00,1.390286e-03
large10kC_1ph,1,30,40,1.000000e+00,1.000000e+00,J,5.807893e-01,8.427110e-03,2.430366e+00,2.659496e-04
large10kC_1ph,1,30,40,1.000000e+00,1.000000e+00,H.barrier,5.487230e-01,9.865153e-01,7.239194e-01,0.000000e+00
large10kC_1ph,1,30,40,1.000000e+00,1.000000e+00,H.Vxx,4.956449e-02,3.276974e-03,3.268595e-02,0.000000e+00
large10kC_1ph,1,30,40,1.000000e+00,1.000000e+00,H.rest,1.968441e-03,1.386097e-05,1.460633e+00,3.508610e-03
large10kC_1ph,1,30,40,1.000000e+00,1.000000e+00,H.diag:ps,4.274527e-01,3.406210e-19,2.421887e-01,0.000000e+00
large10kC_1ph,1,30,40,1.000000e+00,1.000000e+00,H.barrier:ps,4.274527e-01,3.406210e-19,2.421887e-01,0.000000e+00
large10kC_1ph,1,30,40,1.000000e+00,1.000000e+00,H.diag:qs,0.000000e+00,0.000000e+00,0.000000e+00,0.000000e+00
large10kC_1ph,1,30,40,1.000000e+00,1.000000e+00,H.diag:P,1.337944e-01,6.930486e-06,1.460633e+00,3.682171e-03
large10kC_1ph,1,30,40,1.000000e+00,1.000000e+00,H.diag:Q,1.337944e-01,6.930486e-06,1.460633e+00,3.682171e-03
large10kC_1ph,1,30,40,1.000000e+00,1.000000e+00,H.diag:v,5.349737e-01,9.222753e-01,2.158062e-01,0.000000e+00
large10kC_1ph,1,30,40,1.000000e+00,1.000000e+00,H.barrier:v,5.349737e-01,9.222753e-01,2.158062e-01,0.000000e+00
large10kC_1ph,1,30,40,1.000000e+00,1.000000e+00,H.diag:ell,5.679650e-01,1.976158e-03,7.239194e-01,0.000000e+00
large10kC_1ph,1,30,40,1.000000e+00,1.000000e+00,H.barrier:ell,5.679650e-01,1.976158e-03,7.239194e-01,0.000000e+00
large10kC_1ph,1,30,40,1.000000e+00,1.000000e+00,H.diag:pb,2.348968e-02,5.339192e-03,1.321647e-02,0.000000e+00
large10kC_1ph,1,30,40,1.000000e+00,1.000000e+00,H.barrier:pb,2.579139e-01,2.954131e-04,1.154131e-01,0.000000e+00
large10kC_1ph,1,30,40,1.000000e+00,1.000000e+00,H.diag:qnorm,6.059276e-03,1.437926e-08,6.185343e-03,0.000000e+00
large10kC_1ph,1,30,40,1.000000e+00,1.000000e+00,H.barrier:qnorm,6.059276e-03,1.437926e-08,6.185343e-03,0.000000e+00
large10kC_1ph,1,30,40,1.000000e+00,1.000000e+00,H.diag:soc_slack,4.961668e-01,9.022050e-03,3.336790e-01,0.000000e+00
large10kC_1ph,1,30,40,1.000000e+00,1.000000e+00,H.barrier:soc_slack,4.961668e-01,9.022050e-03,3.336790e-01,0.000000e+00
large10kC_1ph,1,30,40,1.000000e+00,1.000000e+00,H.diag:energy_slack,2.904235e+00,5.294635e-02,6.761609e-01,0.000000e+00
large10kC_1ph,1,30,40,1.000000e+00,1.000000e+00,H.barrier:energy_slack,2.904235e+00,5.294635e-02,6.761609e-01,0.000000e+00
large10kC_1ph,1,30,40,1.000000e+00,1.000000e+00,J:Pbal,0.000000e+00,0.000000e+00,0.000000e+00,0.000000e+00
large10kC_1ph,1,30,40,1.000000e+00,1.000000e+00,J:Qbal,0.000000e+00,0.000000e+00,0.000000e+00,0.000000e+00
large10kC_1ph,1,30,40,1.000000e+00,1.000000e+00,J:vdrop,0.000000e+00,0.000000e+00,0.000000e+00,0.000000e+00
large10kC_1ph,1,30,40,1.000000e+00,1.000000e+00,J:SOCP,9.332277e-01,8.427110e-03,2.430366e+00,8.720930e-04
large10kC_1ph,1,30,40,1.000000e+00,1.000000e+00,J:rootV,0.000000e+00,0.000000e+00,0.000000e+00,0.000000e+00
large10kC_1ph,1,30,40,1.000000e+00,1.000000e+00,J:energy,0.000000e+00,0.000000e+00,0.000000e+00,0.000000e+00
large10kC_1ph,6,40,50,1.000000e+00,1.000000e+00,K,9.116639e-03,1.000000e+00,5.209115e+00,1.592571e-03
large10kC_1ph,6,40,50,1.000000e+00,1.000000e+00,H.diag,9.103054e-03,9.970199e-01,5.209115e+00,6.183115e-03
large10kC_1ph,6,40,50,1.000000e+00,1.000000e+00,J,3.516995e-01,2.980085e-03,3.758078e+00,8.510387e-04
large10kC_1ph,6,40,50,1.000000e+00,1.000000e+00,H.barrier,4.382493e-01,9.970135e-01,3.377444e-01,0.000000e+00
large10kC_1ph,6,40,50,1.000000e+00,1.000000e+00,H.Vxx,0.000000e+00,0.000000e+00,NaN,NaN
large10kC_1ph,6,40,50,1.000000e+00,1.000000e+00,H.rest,2.310436e-05,6.412973e-06,5.209115e+00,1.560408e-02
large10kC_1ph,6,40,50,1.000000e+00,1.000000e+00,H.diag:ps,1.940422e-01,2.796726e-20,9.368769e-02,0.000000e+00
large10kC_1ph,6,40,50,1.000000e+00,1.000000e+00,H.barrier:ps,1.940422e-01,2.796726e-20,9.368769e-02,0.000000e+00
large10kC_1ph,6,40,50,1.000000e+00,1.000000e+00,H.diag:qs,0.000000e+00,0.000000e+00,0.000000e+00,0.000000e+00
large10kC_1ph,6,40,50,1.000000e+00,1.000000e+00,H.diag:P,1.268995e-01,3.206487e-06,5.209115e+00,1.637597e-02
large10kC_1ph,6,40,50,1.000000e+00,1.000000e+00,H.diag:Q,1.268995e-01,3.206487e-06,5.209115e+00,1.637597e-02
large10kC_1ph,6,40,50,1.000000e+00,1.000000e+00,H.diag:v,4.384785e-01,9.957603e-01,1.895271e-01,0.000000e+00
large10kC_1ph,6,40,50,1.000000e+00,1.000000e+00,H.barrier:v,4.384785e-01,9.957603e-01,1.895271e-01,0.000000e+00
large10kC_1ph,6,40,50,1.000000e+00,1.000000e+00,H.diag:ell,4.405474e-01,1.662356e-04,3.377444e-01,0.000000e+00
large10kC_1ph,6,40,50,1.000000e+00,1.000000e+00,H.barrier:ell,4.405474e-01,1.662356e-04,3.377444e-01,0.000000e+00
large10kC_1ph,6,40,50,1.000000e+00,1.000000e+00,H.diag:pb,6.000963e-05,4.330960e-05,4.038183e-05,0.000000e+00
large10kC_1ph,6,40,50,1.000000e+00,1.000000e+00,H.barrier:pb,1.082687e-01,4.330960e-05,5.245907e-02,0.000000e+00
large10kC_1ph,6,40,50,1.000000e+00,1.000000e+00,H.diag:qnorm,6.303816e-03,1.047395e-08,6.797057e-03,0.000000e+00
large10kC_1ph,6,40,50,1.000000e+00,1.000000e+00,H.barrier:qnorm,6.303816e-03,1.047395e-08,6.797057e-03,0.000000e+00
large10kC_1ph,6,40,50,1.000000e+00,1.000000e+00,H.diag:soc_slack,4.338723e-01,1.029087e-03,2.657091e-01,0.000000e+00
large10kC_1ph,6,40,50,1.000000e+00,1.000000e+00,H.barrier:soc_slack,4.338723e-01,1.029087e-03,2.657091e-01,0.000000e+00
large10kC_1ph,6,40,50,1.000000e+00,1.000000e+00,H.diag:energy_slack,9.352891e-02,1.454866e-05,6.360382e-02,0.000000e+00
large10kC_1ph,6,40,50,1.000000e+00,1.000000e+00,H.barrier:energy_slack,9.352891e-02,1.454866e-05,6.360382e-02,0.000000e+00
large10kC_1ph,6,40,50,1.000000e+00,1.000000e+00,J:Pbal,0.000000e+00,0.000000e+00,0.000000e+00,0.000000e+00
large10kC_1ph,6,40,50,1.000000e+00,1.000000e+00,J:Qbal,0.000000e+00,0.000000e+00,0.000000e+00,0.000000e+00
large10kC_1ph,6,40,50,1.000000e+00,1.000000e+00,J:vdrop,0.000000e+00,0.000000e+00,0.000000e+00,0.000000e+00
large10kC_1ph,6,40,50,1.000000e+00,1.000000e+00,J:SOCP,4.631418e-01,2.980085e-03,3.758078e+00,2.790698e-03
large10kC_1ph,6,40,50,1.000000e+00,1.000000e+00,J:rootV,0.000000e+00,0.000000e+00,0.000000e+00,0.000000e+00
large10kC_1ph,6,40,50,1.000000e+00,1.000000e+00,J:energy,0.000000e+00,0.000000e+00,0.000000e+00,0.000000e+00
large10kC_1ph,5,40,50,1.000000e+00,1.000000e+00,K,2.373593e-01,1.000000e+00,2.854673e+00,5.189849e-04
large10kC_1ph,5,40,50,1.000000e+00,1.000000e+00,H.diag,2.370302e-01,9.953608e-01,7.345909e-01,0.000000e+00
large10kC_1ph,5,40,50,1.000000e+00,1.000000e+00,J,3.735404e-01,4.639218e-03,2.854673e+00,6.028191e-04
large10kC_1ph,5,40,50,1.000000e+00,1.000000e+00,H.barrier,4.280463e-01,9.949909e-01,3.275612e-01,0.000000e+00
large10kC_1ph,5,40,50,1.000000e+00,1.000000e+00,H.Vxx,1.327623e-02,5.987519e-04,1.956085e-02,0.000000e+00
large10kC_1ph,5,40,50,1.000000e+00,1.000000e+00,H.rest,1.905872e-03,9.284560e-06,7.345909e-01,0.000000e+00
large10kC_1ph,5,40,50,1.000000e+00,1.000000e+00,H.diag:ps,1.796487e-01,1.526413e-20,8.600013e-02,0.000000e+00
large10kC_1ph,5,40,50,1.000000e+00,1.000000e+00,H.barrier:ps,1.796487e-01,1.526413e-20,8.600013e-02,0.000000e+00
large10kC_1ph,5,40,50,1.000000e+00,1.000000e+00,H.diag:qs,0.000000e+00,0.000000e+00,0.000000e+00,0.000000e+00
large10kC_1ph,5,40,50,1.000000e+00,1.000000e+00,H.diag:P,1.353434e-01,4.642280e-06,7.345909e-01,0.000000e+00
large10kC_1ph,5,40,50,1.000000e+00,1.000000e+00,H.diag:Q,1.353434e-01,4.642280e-06,7.345909e-01,0.000000e+00
large10kC_1ph,5,40,50,1.000000e+00,1.000000e+00,H.diag:v,4.283597e-01,9.934206e-01,1.895271e-01,0.000000e+00
large10kC_1ph,5,40,50,1.000000e+00,1.000000e+00,H.barrier:v,4.283597e-01,9.934206e-01,1.895271e-01,0.000000e+00
large10kC_1ph,5,40,50,1.000000e+00,1.000000e+00,H.diag:ell,4.375997e-01,1.558849e-04,3.275612e-01,0.000000e+00
large10kC_1ph,5,40,50,1.000000e+00,1.000000e+00,H.barrier:ell,4.375997e-01,1.558849e-04,3.275612e-01,0.000000e+00
large10kC_1ph,5,40,50,1.000000e+00,1.000000e+00,H.diag:pb,5.783784e-03,4.111197e-04,1.157631e-02,0.000000e+00
large10kC_1ph,5,40,50,1.000000e+00,1.000000e+00,H.barrier:pb,1.065822e-01,5.055226e-05,5.199321e-02,0.000000e+00
large10kC_1ph,5,40,50,1.000000e+00,1.000000e+00,H.diag:qnorm,7.643646e-03,1.657085e-08,8.242708e-03,0.000000e+00
large10kC_1ph,5,40,50,1.000000e+00,1.000000e+00,H.barrier:qnorm,7.643646e-03,1.657085e-08,8.242708e-03,0.000000e+00
large10kC_1ph,5,40,50,1.000000e+00,1.000000e+00,H.diag:soc_slack,4.374598e-01,1.264383e-03,2.810956e-01,0.000000e+00
large10kC_1ph,5,40,50,1.000000e+00,1.000000e+00,H.barrier:soc_slack,4.374598e-01,1.264383e-03,2.810956e-01,0.000000e+00
large10kC_1ph,5,40,50,1.000000e+00,1.000000e+00,H.diag:energy_slack,1.512599e-01,9.945766e-05,1.339341e-01,0.000000e+00
large10kC_1ph,5,40,50,1.000000e+00,1.000000e+00,H.barrier:energy_slack,1.512599e-01,9.945766e-05,1.339341e-01,0.000000e+00
large10kC_1ph,5,40,50,1.000000e+00,1.000000e+00,J:Pbal,0.000000e+00,0.000000e+00,0.000000e+00,0.000000e+00
large10kC_1ph,5,40,50,1.000000e+00,1.000000e+00,J:Qbal,0.000000e+00,0.000000e+00,0.000000e+00,0.000000e+00
large10kC_1ph,5,40,50,1.000000e+00,1.000000e+00,J:vdrop,0.000000e+00,0.000000e+00,0.000000e+00,0.000000e+00
large10kC_1ph,5,40,50,1.000000e+00,1.000000e+00,J:SOCP,4.559985e-01,4.639218e-03,2.854673e+00,1.976744e-03
large10kC_1ph,5,40,50,1.000000e+00,1.000000e+00,J:rootV,0.000000e+00,0.000000e+00,0.000000e+00,0.000000e+00
large10kC_1ph,5,40,50,1.000000e+00,1.000000e+00,J:energy,0.000000e+00,0.000000e+00,0.000000e+00,0.000000e+00
large10kC_1ph,4,40,50,1.000000e+00,1.000000e+00,K,5.459758e-01,1.000000e+00,2.458036e+00,2.544044e-05
large10kC_1ph,4,40,50,1.000000e+00,1.000000e+00,H.diag,5.461054e-01,9.991476e-01,4.244813e-01,0.000000e+00
large10kC_1ph,4,40,50,1.000000e+00,1.000000e+00,J,4.376529e-01,8.524036e-04,2.458036e+00,2.954995e-05
large10kC_1ph,4,40,50,1.000000e+00,1.000000e+00,H.barrier,7.028823e-01,9.990828e-01,4.077784e-01,0.000000e+00
large10kC_1ph,4,40,50,1.000000e+00,1.000000e+00,H.Vxx,1.240211e-02,3.384599e-05,1.124689e-02,0.000000e+00
large10kC_1ph,4,40,50,1.000000e+00,1.000000e+00,H.rest,1.411566e-03,8.658352e-07,4.244813e-01,0.000000e+00
large10kC_1ph,4,40,50,1.000000e+00,1.000000e+00,H.diag:ps,2.616709e-01,8.646340e-21,1.317500e-01,0.000000e+00
large10kC_1ph,4,40,50,1.000000e+00,1.000000e+00,H.barrier:ps,2.616709e-01,8.646340e-21,1.317500e-01,0.000000e+00
large10kC_1ph,4,40,50,1.000000e+00,1.000000e+00,H.diag:qs,0.000000e+00,0.000000e+00,0.000000e+00,0.000000e+00
large10kC_1ph,4,40,50,1.000000e+00,1.000000e+00,H.diag:P,1.077070e-01,4.329176e-07,4.244813e-01,0.000000e+00
large10kC_1ph,4,40,50,1.000000e+00,1.000000e+00,H.diag:Q,1.077070e-01,4.329176e-07,4.244813e-01,0.000000e+00
large10kC_1ph,4,40,50,1.000000e+00,1.000000e+00,H.diag:v,4.285715e-01,1.732222e-01,1.895271e-01,0.000000e+00
large10kC_1ph,4,40,50,1.000000e+00,1.000000e+00,H.barrier:v,4.285715e-01,1.732222e-01,1.895271e-01,0.000000e+00
large10kC_1ph,4,40,50,1.000000e+00,1.000000e+00,H.diag:ell,4.493764e-01,3.210833e-05,4.077784e-01,0.000000e+00
large10kC_1ph,4,40,50,1.000000e+00,1.000000e+00,H.barrier:ell,4.493764e-01,3.210833e-05,4.077784e-01,0.000000e+00
large10kC_1ph,4,40,50,1.000000e+00,1.000000e+00,H.diag:pb,7.324443e-03,7.127346e-05,6.630110e-03,0.000000e+00
large10kC_1ph,4,40,50,1.000000e+00,1.000000e+00,H.barrier:pb,1.076903e-01,7.384324e-06,5.090471e-02,0.000000e+00
large10kC_1ph,4,40,50,1.000000e+00,1.000000e+00,H.diag:qnorm,9.519456e-03,4.389736e-09,1.031683e-02,0.000000e+00
large10kC_1ph,4,40,50,1.000000e+00,1.000000e+00,H.barrier:qnorm,9.519456e-03,4.389736e-09,1.031683e-02,0.000000e+00
large10kC_1ph,4,40,50,1.000000e+00,1.000000e+00,H.diag:soc_slack,4.205290e-01,1.794519e-04,2.523241e-01,0.000000e+00
large10kC_1ph,4,40,50,1.000000e+00,1.000000e+00,H.barrier:soc_slack,4.205290e-01,1.794519e-04,2.523241e-01,0.000000e+00
large10kC_1ph,4,40,50,1.000000e+00,1.000000e+00,H.diag:energy_slack,8.754426e-01,8.256417e-01,3.840416e-01,0.000000e+00
large10kC_1ph,4,40,50,1.000000e+00,1.000000e+00,H.barrier:energy_slack,8.754426e-01,8.256417e-01,3.840416e-01,0.000000e+00
large10kC_1ph,4,40,50,1.000000e+00,1.000000e+00,J:Pbal,0.000000e+00,0.000000e+00,0.000000e+00,0.000000e+00
large10kC_1ph,4,40,50,1.000000e+00,1.000000e+00,J:Qbal,0.000000e+00,0.000000e+00,0.000000e+00,0.000000e+00
large10kC_1ph,4,40,50,1.000000e+00,1.000000e+00,J:vdrop,0.000000e+00,0.000000e+00,0.000000e+00,0.000000e+00
large10kC_1ph,4,40,50,1.000000e+00,1.000000e+00,J:SOCP,5.735936e-01,8.524036e-04,2.458036e+00,9.689922e-05
large10kC_1ph,4,40,50,1.000000e+00,1.000000e+00,J:rootV,0.000000e+00,0.000000e+00,0.000000e+00,0.000000e+00
large10kC_1ph,4,40,50,1.000000e+00,1.000000e+00,J:energy,0.000000e+00,0.000000e+00,0.000000e+00,0.000000e+00
large10kC_1ph,3,40,50,1.000000e+00,1.000000e+00,K,3.775763e-01,1.000000e+00,3.161328e+00,8.904153e-04
large10kC_1ph,3,40,50,1.000000e+00,1.000000e+00,H.diag,3.776110e-01,9.992447e-01,7.605020e-01,0.000000e+00
large10kC_1ph,3,40,50,1.000000e+00,1.000000e+00,J,3.387300e-01,7.553455e-04,3.161328e+00,1.034248e-03
large10kC_1ph,3,40,50,1.000000e+00,1.000000e+00,H.barrier,6.104862e-01,9.987839e-01,5.156947e-01,0.000000e+00
large10kC_1ph,3,40,50,1.000000e+00,1.000000e+00,H.Vxx,1.446600e-02,2.410817e-04,1.030199e-02,0.000000e+00
large10kC_1ph,3,40,50,1.000000e+00,1.000000e+00,H.rest,1.057799e-03,1.038193e-06,7.605020e-01,0.000000e+00
large10kC_1ph,3,40,50,1.000000e+00,1.000000e+00,H.diag:ps,3.704589e-01,2.072194e-19,2.009759e-01,0.000000e+00
large10kC_1ph,3,40,50,1.000000e+00,1.000000e+00,H.barrier:ps,3.704589e-01,2.072194e-19,2.009759e-01,0.000000e+00
large10kC_1ph,3,40,50,1.000000e+00,1.000000e+00,H.diag:qs,0.000000e+00,0.000000e+00,0.000000e+00,0.000000e+00
large10kC_1ph,3,40,50,1.000000e+00,1.000000e+00,H.diag:P,9.577232e-02,5.190966e-07,7.605020e-01,0.000000e+00
large10kC_1ph,3,40,50,1.000000e+00,1.000000e+00,H.diag:Q,9.577232e-02,5.190966e-07,7.605020e-01,0.000000e+00
large10kC_1ph,3,40,50,1.000000e+00,1.000000e+00,H.diag:v,4.513313e-01,4.333337e-01,1.895271e-01,0.000000e+00
large10kC_1ph,3,40,50,1.000000e+00,1.000000e+00,H.barrier:v,4.513313e-01,4.333337e-01,1.895271e-01,0.000000e+00
large10kC_1ph,3,40,50,1.000000e+00,1.000000e+00,H.diag:ell,4.471901e-01,8.776714e-05,5.156947e-01,0.000000e+00
large10kC_1ph,3,40,50,1.000000e+00,1.000000e+00,H.barrier:ell,4.471901e-01,8.776714e-05,5.156947e-01,0.000000e+00
large10kC_1ph,3,40,50,1.000000e+00,1.000000e+00,H.diag:pb,1.100184e-02,5.240964e-04,6.487831e-03,0.000000e+00
large10kC_1ph,3,40,50,1.000000e+00,1.000000e+00,H.barrier:pb,1.738091e-01,6.434517e-05,1.037082e-01,0.000000e+00
large10kC_1ph,3,40,50,1.000000e+00,1.000000e+00,H.diag:qnorm,9.747594e-03,9.831947e-09,1.031050e-02,0.000000e+00
large10kC_1ph,3,40,50,1.000000e+00,1.000000e+00,H.barrier:qnorm,9.747594e-03,9.831947e-09,1.031050e-02,0.000000e+00
large10kC_1ph,3,40,50,1.000000e+00,1.000000e+00,H.diag:soc_slack,4.093307e-01,2.866622e-04,2.711247e-01,0.000000e+00
large10kC_1ph,3,40,50,1.000000e+00,1.000000e+00,H.barrier:soc_slack,4.093307e-01,2.866622e-04,2.711247e-01,0.000000e+00
large10kC_1ph,3,40,50,1.000000e+00,1.000000e+00,H.diag:energy_slack,1.015207e+00,5.650114e-01,3.564137e-01,0.000000e+00
large10kC_1ph,3,40,50,1.000000e+00,1.000000e+00,H.barrier:energy_slack,1.015207e+00,5.650114e-01,3.564137e-01,0.000000e+00
large10kC_1ph,3,40,50,1.000000e+00,1.000000e+00,J:Pbal,0.000000e+00,0.000000e+00,0.000000e+00,0.000000e+00
large10kC_1ph,3,40,50,1.000000e+00,1.000000e+00,J:Qbal,0.000000e+00,0.000000e+00,0.000000e+00,0.000000e+00
large10kC_1ph,3,40,50,1.000000e+00,1.000000e+00,J:vdrop,0.000000e+00,0.000000e+00,0.000000e+00,0.000000e+00
large10kC_1ph,3,40,50,1.000000e+00,1.000000e+00,J:SOCP,5.376822e-01,7.553455e-04,3.161328e+00,3.391473e-03
large10kC_1ph,3,40,50,1.000000e+00,1.000000e+00,J:rootV,0.000000e+00,0.000000e+00,0.000000e+00,0.000000e+00
large10kC_1ph,3,40,50,1.000000e+00,1.000000e+00,J:energy,0.000000e+00,0.000000e+00,0.000000e+00,0.000000e+00
large10kC_1ph,2,40,50,1.000000e+00,1.000000e+00,K,2.669658e-01,1.000000e+00,3.568581e+00,7.123323e-04
large10kC_1ph,2,40,50,1.000000e+00,1.000000e+00,H.diag,2.669049e-01,9.984941e-01,5.828923e-01,0.000000e+00
large10kC_1ph,2,40,50,1.000000e+00,1.000000e+00,J,3.197652e-01,1.505934e-03,3.568581e+00,8.273987e-04
large10kC_1ph,2,40,50,1.000000e+00,1.000000e+00,H.barrier,4.540460e-01,9.927594e-01,4.876734e-01,0.000000e+00
large10kC_1ph,2,40,50,1.000000e+00,1.000000e+00,H.Vxx,4.426737e-02,4.554180e-03,3.987568e-02,0.000000e+00
large10kC_1ph,2,40,50,1.000000e+00,1.000000e+00,H.rest,1.040587e-03,2.266288e-06,5.828923e-01,0.000000e+00
large10kC_1ph,2,40,50,1.000000e+00,1.000000e+00,H.diag:ps,3.458018e-01,4.047727e-19,1.842907e-01,0.000000e+00
large10kC_1ph,2,40,50,1.000000e+00,1.000000e+00,H.barrier:ps,3.458018e-01,4.047727e-19,1.842907e-01,0.000000e+00
large10kC_1ph,2,40,50,1.000000e+00,1.000000e+00,H.diag:qs,0.000000e+00,0.000000e+00,0.000000e+00,0.000000e+00
large10kC_1ph,2,40,50,1.000000e+00,1.000000e+00,H.diag:P,9.511021e-02,1.133144e-06,5.828923e-01,0.000000e+00
large10kC_1ph,2,40,50,1.000000e+00,1.000000e+00,H.diag:Q,9.511021e-02,1.133144e-06,5.828923e-01,0.000000e+00
large10kC_1ph,2,40,50,1.000000e+00,1.000000e+00,H.diag:v,4.543323e-01,9.918114e-01,1.895271e-01,0.000000e+00
large10kC_1ph,2,40,50,1.000000e+00,1.000000e+00,H.barrier:v,4.543323e-01,9.918114e-01,1.895271e-01,0.000000e+00
large10kC_1ph,2,40,50,1.000000e+00,1.000000e+00,H.diag:ell,4.453946e-01,1.985787e-04,4.876734e-01,0.000000e+00
large10kC_1ph,2,40,50,1.000000e+00,1.000000e+00,H.barrier:ell,4.453946e-01,1.985787e-04,4.876734e-01,0.000000e+00
large10kC_1ph,2,40,50,1.000000e+00,1.000000e+00,H.diag:pb,2.516139e-02,5.827454e-03,2.364264e-02,0.000000e+00
large10kC_1ph,2,40,50,1.000000e+00,1.000000e+00,H.barrier:pb,1.502753e-01,9.500911e-05,6.683263e-02,0.000000e+00
large10kC_1ph,2,40,50,1.000000e+00,1.000000e+00,H.diag:qnorm,8.307470e-03,1.605070e-08,8.946892e-03,0.000000e+00
large10kC_1ph,2,40,50,1.000000e+00,1.000000e+00,H.barrier:qnorm,8.307470e-03,1.605070e-08,8.946892e-03,0.000000e+00
large10kC_1ph,2,40,50,1.000000e+00,1.000000e+00,H.diag:soc_slack,4.114305e-01,6.455054e-04,2.657134e-01,0.000000e+00
large10kC_1ph,2,40,50,1.000000e+00,1.000000e+00,H.barrier:soc_slack,4.114305e-01,6.455054e-04,2.657134e-01,0.000000e+00
large10kC_1ph,2,40,50,1.000000e+00,1.000000e+00,H.diag:energy_slack,7.918897e-02,8.816859e-06,6.724632e-02,0.000000e+00
large10kC_1ph,2,40,50,1.000000e+00,1.000000e+00,H.barrier:energy_slack,7.918897e-02,8.816859e-06,6.724632e-02,0.000000e+00
large10kC_1ph,2,40,50,1.000000e+00,1.000000e+00,J:Pbal,0.000000e+00,0.000000e+00,0.000000e+00,0.000000e+00
large10kC_1ph,2,40,50,1.000000e+00,1.000000e+00,J:Qbal,0.000000e+00,0.000000e+00,0.000000e+00,0.000000e+00
large10kC_1ph,2,40,50,1.000000e+00,1.000000e+00,J:vdrop,0.000000e+00,0.000000e+00,0.000000e+00,0.000000e+00
large10kC_1ph,2,40,50,1.000000e+00,1.000000e+00,J:SOCP,5.108035e-01,1.505934e-03,3.568581e+00,2.713178e-03
large10kC_1ph,2,40,50,1.000000e+00,1.000000e+00,J:rootV,0.000000e+00,0.000000e+00,0.000000e+00,0.000000e+00
large10kC_1ph,2,40,50,1.000000e+00,1.000000e+00,J:energy,0.000000e+00,0.000000e+00,0.000000e+00,0.000000e+00
large10kC_1ph,1,40,50,1.000000e+00,1.000000e+00,K,3.105036e-01,1.000000e+00,3.031709e+00,6.207467e-04
large10kC_1ph,1,40,50,1.000000e+00,1.000000e+00,H.diag,3.100005e-01,9.941990e-01,5.760723e-01,0.000000e+00
large10kC_1ph,1,40,50,1.000000e+00,1.000000e+00,J,4.663558e-01,5.801041e-03,3.031709e+00,7.210189e-04
large10kC_1ph,1,40,50,1.000000e+00,1.000000e+00,H.barrier,4.715774e-01,9.934337e-01,5.760723e-01,0.000000e+00
large10kC_1ph,1,40,50,1.000000e+00,1.000000e+00,H.Vxx,1.981681e-02,3.345855e-04,1.245834e-02,0.000000e+00
large10kC_1ph,1,40,50,1.000000e+00,1.000000e+00,H.rest,1.559321e-03,5.048020e-06,3.651314e-01,0.000000e+00
large10kC_1ph,1,40,50,1.000000e+00,1.000000e+00,H.diag:ps,2.359971e-01,1.975321e-20,1.169050e-01,0.000000e+00
large10kC_1ph,1,40,50,1.000000e+00,1.000000e+00,H.barrier:ps,2.359971e-01,1.975321e-20,1.169050e-01,0.000000e+00
large10kC_1ph,1,40,50,1.000000e+00,1.000000e+00,H.diag:qs,0.000000e+00,0.000000e+00,0.000000e+00,0.000000e+00
large10kC_1ph,1,40,50,1.000000e+00,1.000000e+00,H.diag:P,1.093609e-01,2.524010e-06,3.651314e-01,0.000000e+00
large10kC_1ph,1,40,50,1.000000e+00,1.000000e+00,H.diag:Q,1.093609e-01,2.524010e-06,3.651314e-01,0.000000e+00
large10kC_1ph,1,40,50,1.000000e+00,1.000000e+00,H.diag:v,4.187749e-01,7.720008e-01,1.895271e-01,0.000000e+00
large10kC_1ph,1,40,50,1.000000e+00,1.000000e+00,H.barrier:v,4.187749e-01,7.720008e-01,1.895271e-01,0.000000e+00
large10kC_1ph,1,40,50,1.000000e+00,1.000000e+00,H.diag:ell,4.468186e-01,1.350121e-04,4.178754e-01,0.000000e+00
large10kC_1ph,1,40,50,1.000000e+00,1.000000e+00,H.barrier:ell,4.468186e-01,1.350121e-04,4.178754e-01,0.000000e+00
large10kC_1ph,1,40,50,1.000000e+00,1.000000e+00,H.diag:pb,1.236478e-02,8.992690e-04,7.915737e-03,0.000000e+00
large10kC_1ph,1,40,50,1.000000e+00,1.000000e+00,H.barrier:pb,1.850395e-01,1.390714e-04,8.502329e-02,0.000000e+00
large10kC_1ph,1,40,50,1.000000e+00,1.000000e+00,H.diag:qnorm,6.947581e-03,1.109585e-08,7.583056e-03,0.000000e+00
large10kC_1ph,1,40,50,1.000000e+00,1.000000e+00,H.barrier:qnorm,6.947581e-03,1.109585e-08,7.583056e-03,0.000000e+00
large10kC_1ph,1,40,50,1.000000e+00,1.000000e+00,H.diag:soc_slack,4.222833e-01,9.700662e-04,2.541059e-01,0.000000e+00
large10kC_1ph,1,40,50,1.000000e+00,1.000000e+00,H.barrier:soc_slack,4.222833e-01,9.700662e-04,2.541059e-01,0.000000e+00
large10kC_1ph,1,40,50,1.000000e+00,1.000000e+00,H.diag:energy_slack,2.006320e+00,2.201888e-01,5.760723e-01,0.000000e+00
large10kC_1ph,1,40,50,1.000000e+00,1.000000e+00,H.barrier:energy_slack,2.006320e+00,2.201888e-01,5.760723e-01,0.000000e+00
large10kC_1ph,1,40,50,1.000000e+00,1.000000e+00,J:Pbal,0.000000e+00,0.000000e+00,0.000000e+00,0.000000e+00
large10kC_1ph,1,40,50,1.000000e+00,1.000000e+00,J:Qbal,0.000000e+00,0.000000e+00,0.000000e+00,0.000000e+00
large10kC_1ph,1,40,50,1.000000e+00,1.000000e+00,J:vdrop,0.000000e+00,0.000000e+00,0.000000e+00,0.000000e+00
large10kC_1ph,1,40,50,1.000000e+00,1.000000e+00,J:SOCP,5.710476e-01,5.801041e-03,3.031709e+00,2.364341e-03
large10kC_1ph,1,40,50,1.000000e+00,1.000000e+00,J:rootV,0.000000e+00,0.000000e+00,0.000000e+00,0.000000e+00
large10kC_1ph,1,40,50,1.000000e+00,1.000000e+00,J:energy,0.000000e+00,0.000000e+00,0.000000e+00,0.000000e+00
large10kC_1ph,6,50,60,1.000000e+00,1.000000e+00,K,2.427078e-02,1.000000e+00,5.500872e+00,2.269287e-03
large10kC_1ph,6,50,60,1.000000e+00,1.000000e+00,H.diag,2.425205e-02,9.984544e-01,5.500872e+00,7.134364e-03
large10kC_1ph,6,50,60,1.000000e+00,1.000000e+00,J,5.372076e-01,1.545602e-03,5.007376e+00,1.483408e-03
large10kC_1ph,6,50,60,1.000000e+00,1.000000e+00,H.barrier,8.131851e-01,9.984517e-01,4.137906e-01,0.000000e+00
large10kC_1ph,6,50,60,1.000000e+00,1.000000e+00,H.Vxx,0.000000e+00,0.000000e+00,NaN,NaN
large10kC_1ph,6,50,60,1.000000e+00,1.000000e+00,H.rest,3.981449e-05,2.685393e-06,5.500872e+00,1.800471e-02
large10kC_1ph,6,50,60,1.000000e+00,1.000000e+00,H.diag:ps,2.266864e-01,3.496125e-21,1.116444e-01,0.000000e+00
large10kC_1ph,6,50,60,1.000000e+00,1.000000e+00,H.barrier:ps,2.266864e-01,3.496125e-21,1.116444e-01,0.000000e+00
large10kC_1ph,6,50,60,1.000000e+00,1.000000e+00,H.diag:qs,0.000000e+00,0.000000e+00,0.000000e+00,0.000000e+00
large10kC_1ph,6,50,60,1.000000e+00,1.000000e+00,H.diag:P,2.498690e-01,1.342696e-06,5.500872e+00,1.889535e-02
large10kC_1ph,6,50,60,1.000000e+00,1.000000e+00,H.diag:Q,2.498690e-01,1.342696e-06,5.500872e+00,1.889535e-02
large10kC_1ph,6,50,60,1.000000e+00,1.000000e+00,H.diag:v,8.134713e-01,9.983336e-01,3.298115e-01,0.000000e+00
large10kC_1ph,6,50,60,1.000000e+00,1.000000e+00,H.barrier:v,8.134713e-01,9.983336e-01,3.298115e-01,0.000000e+00
large10kC_1ph,6,50,60,1.000000e+00,1.000000e+00,H.diag:ell,5.778661e-01,1.263316e-05,3.940656e-01,0.000000e+00
large10kC_1ph,6,50,60,1.000000e+00,1.000000e+00,H.barrier:ell,5.778661e-01,1.263316e-05,3.940656e-01,0.000000e+00
large10kC_1ph,6,50,60,1.000000e+00,1.000000e+00,H.diag:pb,9.029263e-05,1.382769e-05,6.128916e-05,0.000000e+00
large10kC_1ph,6,50,60,1.000000e+00,1.000000e+00,H.barrier:pb,1.471322e-01,1.382769e-05,6.919088e-02,0.000000e+00
large10kC_1ph,6,50,60,1.000000e+00,1.000000e+00,H.diag:qnorm,1.082784e-02,4.408861e-09,1.320908e-02,0.000000e+00
large10kC_1ph,6,50,60,1.000000e+00,1.000000e+00,H.barrier:qnorm,1.082784e-02,4.408861e-09,1.320908e-02,0.000000e+00
large10kC_1ph,6,50,60,1.000000e+00,1.000000e+00,H.diag:soc_slack,5.908456e-01,8.627581e-05,4.137906e-01,0.000000e+00
large10kC_1ph,6,50,60,1.000000e+00,1.000000e+00,H.barrier:soc_slack,5.908456e-01,8.627581e-05,4.137906e-01,0.000000e+00
large10kC_1ph,6,50,60,1.000000e+00,1.000000e+00,H.diag:energy_slack,1.391297e-01,5.408504e-06,8.306647e-02,0.000000e+00
large10kC_1ph,6,50,60,1.000000e+00,1.000000e+00,H.barrier:energy_slack,1.391297e-01,5.408504e-06,8.306647e-02,0.000000e+00
large10kC_1ph,6,50,60,1.000000e+00,1.000000e+00,J:Pbal,0.000000e+00,0.000000e+00,0.000000e+00,0.000000e+00
large10kC_1ph,6,50,60,1.000000e+00,1.000000e+00,J:Qbal,0.000000e+00,0.000000e+00,0.000000e+00,0.000000e+00
large10kC_1ph,6,50,60,1.000000e+00,1.000000e+00,J:vdrop,0.000000e+00,0.000000e+00,0.000000e+00,0.000000e+00
large10kC_1ph,6,50,60,1.000000e+00,1.000000e+00,J:SOCP,6.281293e-01,1.545602e-03,5.007376e+00,4.864341e-03
large10kC_1ph,6,50,60,1.000000e+00,1.000000e+00,J:rootV,0.000000e+00,0.000000e+00,0.000000e+00,0.000000e+00
large10kC_1ph,6,50,60,1.000000e+00,1.000000e+00,J:energy,0.000000e+00,0.000000e+00,0.000000e+00,0.000000e+00
large10kC_1ph,5,50,60,1.000000e+00,1.000000e+00,K,5.431864e-01,1.000000e+00,5.634577e+00,1.755390e-03
large10kC_1ph,5,50,60,1.000000e+00,1.000000e+00,H.diag,5.431679e-01,9.975288e-01,5.634577e+00,6.658740e-03
large10kC_1ph,5,50,60,1.000000e+00,1.000000e+00,J,5.507879e-01,2.471171e-03,3.096280e+00,9.633285e-04
large10kC_1ph,5,50,60,1.000000e+00,1.000000e+00,H.barrier,7.877883e-01,9.973744e-01,4.296997e-01,0.000000e+00
large10kC_1ph,5,50,60,1.000000e+00,1.000000e+00,H.Vxx,2.220637e-02,2.383021e-04,3.455999e-02,0.000000e+00
large10kC_1ph,5,50,60,1.000000e+00,1.000000e+00,H.rest,3.131139e-03,3.648571e-06,5.634577e+00,1.680439e-02
large10kC_1ph,5,50,60,1.000000e+00,1.000000e+00,H.diag:ps,2.168773e-01,2.179805e-21,1.061702e-01,0.000000e+00
large10kC_1ph,5,50,60,1.000000e+00,1.000000e+00,H.barrier:ps,2.168773e-01,2.179805e-21,1.061702e-01,0.000000e+00
large10kC_1ph,5,50,60,1.000000e+00,1.000000e+00,H.diag:qs,0.000000e+00,0.000000e+00,0.000000e+00,0.000000e+00
large10kC_1ph,5,50,60,1.000000e+00,1.000000e+00,H.diag:P,2.565332e-01,1.824285e-06,5.634577e+00,1.763566e-02
large10kC_1ph,5,50,60,1.000000e+00,1.000000e+00,H.diag:Q,2.565332e-01,1.824285e-06,5.634577e+00,1.763566e-02
large10kC_1ph,5,50,60,1.000000e+00,1.000000e+00,H.diag:v,7.882162e-01,9.972078e-01,3.298115e-01,0.000000e+00
large10kC_1ph,5,50,60,1.000000e+00,1.000000e+00,H.barrier:v,7.882162e-01,9.972078e-01,3.298115e-01,0.000000e+00
large10kC_1ph,5,50,60,1.000000e+00,1.000000e+00,H.diag:ell,5.755011e-01,1.243049e-05,3.945792e-01,0.000000e+00
large10kC_1ph,5,50,60,1.000000e+00,1.000000e+00,H.barrier:ell,5.755011e-01,1.243049e-05,3.945792e-01,0.000000e+00
large10kC_1ph,5,50,60,1.000000e+00,1.000000e+00,H.diag:pb,9.718084e-03,1.676089e-04,1.999174e-02,0.000000e+00
large10kC_1ph,5,50,60,1.000000e+00,1.000000e+00,H.barrier:pb,1.457484e-01,1.681998e-05,6.833073e-02,0.000000e+00
large10kC_1ph,5,50,60,1.000000e+00,1.000000e+00,H.diag:qnorm,1.335106e-02,7.466189e-09,1.611512e-02,0.000000e+00
large10kC_1ph,5,50,60,1.000000e+00,1.000000e+00,H.barrier:qnorm,1.335106e-02,7.466189e-09,1.611512e-02,0.000000e+00
large10kC_1ph,5,50,60,1.000000e+00,1.000000e+00,H.diag:soc_slack,5.930522e-01,1.071156e-04,4.296997e-01,0.000000e+00
large10kC_1ph,5,50,60,1.000000e+00,1.000000e+00,H.barrier:soc_slack,5.930522e-01,1.071156e-04,4.296997e-01,0.000000e+00
large10kC_1ph,5,50,60,1.000000e+00,1.000000e+00,H.diag:energy_slack,1.900856e-01,3.022329e-05,1.572661e-01,0.000000e+00
large10kC_1ph,5,50,60,1.000000e+00,1.000000e+00,H.barrier:energy_slack,1.900856e-01,3.022329e-05,1.572661e-01,0.000000e+00
large10kC_1ph,5,50,60,1.000000e+00,1.000000e+00,J:Pbal,0.000000e+00,0.000000e+00,0.000000e+00,0.000000e+00
large10kC_1ph,5,50,60,1.000000e+00,1.000000e+00,J:Qbal,0.000000e+00,0.000000e+00,0.000000e+00,0.000000e+00
large10kC_1ph,5,50,60,1.000000e+00,1.000000e+00,J:vdrop,0.000000e+00,0.000000e+00,0.000000e+00,0.000000e+00
large10kC_1ph,5,50,60,1.000000e+00,1.000000e+00,J:SOCP,6.140745e-01,2.471171e-03,3.096280e+00,3.158915e-03
large10kC_1ph,5,50,60,1.000000e+00,1.000000e+00,J:rootV,0.000000e+00,0.000000e+00,0.000000e+00,0.000000e+00
large10kC_1ph,5,50,60,1.000000e+00,1.000000e+00,J:energy,0.000000e+00,0.000000e+00,0.000000e+00,0.000000e+00
large10kC_1ph,4,50,60,1.000000e+00,1.000000e+00,K,7.436910e-01,1.000000e+00,1.782682e+00,5.291611e-04
large10kC_1ph,4,50,60,1.000000e+00,1.000000e+00,H.diag,7.437804e-01,9.991307e-01,4.431366e-01,0.000000e+00
large10kC_1ph,4,50,60,1.000000e+00,1.000000e+00,J,6.582812e-01,8.693397e-04,1.782682e+00,6.146390e-04
large10kC_1ph,4,50,60,1.000000e+00,1.000000e+00,H.barrier,8.269073e-01,9.991054e-01,4.431366e-01,0.000000e+00
large10kC_1ph,4,50,60,1.000000e+00,1.000000e+00,H.Vxx,1.451589e-02,1.213604e-05,1.386543e-02,0.000000e+00
large10kC_1ph,4,50,60,1.000000e+00,1.000000e+00,H.rest,2.610659e-03,7.595244e-07,3.704976e-01,0.000000e+00
large10kC_1ph,4,50,60,1.000000e+00,1.000000e+00,H.diag:ps,2.833532e-01,1.417423e-21,1.446948e-01,0.000000e+00
large10kC_1ph,4,50,60,1.000000e+00,1.000000e+00,H.barrier:ps,2.833532e-01,1.417423e-21,1.446948e-01,0.000000e+00
large10kC_1ph,4,50,60,1.000000e+00,1.000000e+00,H.diag:qs,0.000000e+00,0.000000e+00,0.000000e+00,0.000000e+00
large10kC_1ph,4,50,60,1.000000e+00,1.000000e+00,H.diag:P,2.201651e-01,3.797622e-07,3.704976e-01,0.000000e+00
large10kC_1ph,4,50,60,1.000000e+00,1.000000e+00,H.diag:Q,2.201651e-01,3.797622e-07,3.704976e-01,0.000000e+00
large10kC_1ph,4,50,60,1.000000e+00,1.000000e+00,H.diag:v,7.813423e-01,3.007634e-01,3.298115e-01,0.000000e+00
large10kC_1ph,4,50,60,1.000000e+00,1.000000e+00,H.barrier:v,7.813423e-01,3.007634e-01,3.298115e-01,0.000000e+00
large10kC_1ph,4,50,60,1.000000e+00,1.000000e+00,H.diag:ell,5.802824e-01,4.176559e-06,4.431366e-01,0.000000e+00
large10kC_1ph,4,50,60,1.000000e+00,1.000000e+00,H.barrier:ell,5.802824e-01,4.176559e-06,4.431366e-01,0.000000e+00
large10kC_1ph,4,50,60,1.000000e+00,1.000000e+00,H.diag:pb,9.153392e-03,2.891300e-05,7.890075e-03,0.000000e+00
large10kC_1ph,4,50,60,1.000000e+00,1.000000e+00,H.barrier:pb,1.487621e-01,4.424985e-06,6.775120e-02,0.000000e+00
large10kC_1ph,4,50,60,1.000000e+00,1.000000e+00,H.diag:qnorm,1.698541e-02,3.647964e-09,2.039677e-02,0.000000e+00
large10kC_1ph,4,50,60,1.000000e+00,1.000000e+00,H.barrier:qnorm,1.698541e-02,3.647964e-09,2.039677e-02,0.000000e+00
large10kC_1ph,4,50,60,1.000000e+00,1.000000e+00,H.diag:soc_slack,5.784389e-01,2.927291e-05,3.927356e-01,0.000000e+00
large10kC_1ph,4,50,60,1.000000e+00,1.000000e+00,H.barrier:soc_slack,5.784389e-01,2.927291e-05,3.927356e-01,0.000000e+00
large10kC_1ph,4,50,60,1.000000e+00,1.000000e+00,H.diag:energy_slack,8.492613e-01,6.983041e-01,3.143843e-01,0.000000e+00
large10kC_1ph,4,50,60,1.000000e+00,1.000000e+00,H.barrier:energy_slack,8.492613e-01,6.983041e-01,3.143843e-01,0.000000e+00
large10kC_1ph,4,50,60,1.000000e+00,1.000000e+00,J:Pbal,0.000000e+00,0.000000e+00,0.000000e+00,0.000000e+00
large10kC_1ph,4,50,60,1.000000e+00,1.000000e+00,J:Qbal,0.000000e+00,0.000000e+00,0.000000e+00,0.000000e+00
large10kC_1ph,4,50,60,1.000000e+00,1.000000e+00,J:vdrop,0.000000e+00,0.000000e+00,0.000000e+00,0.000000e+00
large10kC_1ph,4,50,60,1.000000e+00,1.000000e+00,J:SOCP,7.539629e-01,8.693397e-04,1.782682e+00,2.015504e-03
large10kC_1ph,4,50,60,1.000000e+00,1.000000e+00,J:rootV,0.000000e+00,0.000000e+00,0.000000e+00,0.000000e+00
large10kC_1ph,4,50,60,1.000000e+00,1.000000e+00,J:energy,0.000000e+00,0.000000e+00,0.000000e+00,0.000000e+00
large10kC_1ph,3,50,60,1.000000e+00,1.000000e+00,K,7.415078e-01,1.000000e+00,3.861634e+00,1.307638e-03
large10kC_1ph,3,50,60,1.000000e+00,1.000000e+00,H.diag,7.415763e-01,9.993448e-01,6.337858e-01,0.000000e+00
large10kC_1ph,3,50,60,1.000000e+00,1.000000e+00,J,6.550055e-01,6.552472e-04,3.861634e+00,1.518868e-03
large10kC_1ph,3,50,60,1.000000e+00,1.000000e+00,H.barrier,9.554338e-01,9.993405e-01,6.337858e-01,0.000000e+00
large10kC_1ph,3,50,60,1.000000e+00,1.000000e+00,H.Vxx,1.042757e-02,2.103826e-05,2.780925e-02,0.000000e+00
large10kC_1ph,3,50,60,1.000000e+00,1.000000e+00,H.rest,1.996629e-03,6.043338e-07,5.818947e-01,0.000000e+00
large10kC_1ph,3,50,60,1.000000e+00,1.000000e+00,H.diag:ps,4.100282e-01,1.643776e-20,2.291687e-01,0.000000e+00
large10kC_1ph,3,50,60,1.000000e+00,1.000000e+00,H.barrier:ps,4.100282e-01,1.643776e-20,2.291687e-01,0.000000e+00
large10kC_1ph,3,50,60,1.000000e+00,1.000000e+00,H.diag:qs,0.000000e+00,0.000000e+00,0.000000e+00,0.000000e+00
large10kC_1ph,3,50,60,1.000000e+00,1.000000e+00,H.diag:P,1.934614e-01,3.021669e-07,5.818947e-01,0.000000e+00
large10kC_1ph,3,50,60,1.000000e+00,1.000000e+00,H.diag:Q,1.934614e-01,3.021669e-07,5.818947e-01,0.000000e+00
large10kC_1ph,3,50,60,1.000000e+00,1.000000e+00,H.diag:v,8.215603e-01,4.935023e-01,3.298115e-01,0.000000e+00
large10kC_1ph,3,50,60,1.000000e+00,1.000000e+00,H.barrier:v,8.215603e-01,4.935023e-01,3.298115e-01,0.000000e+00
large10kC_1ph,3,50,60,1.000000e+00,1.000000e+00,H.diag:ell,5.848512e-01,7.525811e-06,6.337858e-01,0.000000e+00
large10kC_1ph,3,50,60,1.000000e+00,1.000000e+00,H.barrier:ell,5.848512e-01,7.525811e-06,6.337858e-01,0.000000e+00
large10kC_1ph,3,50,60,1.000000e+00,1.000000e+00,H.diag:pb,5.449837e-03,2.147135e-05,1.402903e-02,0.000000e+00
large10kC_1ph,3,50,60,1.000000e+00,1.000000e+00,H.barrier:pb,1.931321e-01,1.786494e-05,1.274045e-01,0.000000e+00
large10kC_1ph,3,50,60,1.000000e+00,1.000000e+00,H.diag:qnorm,1.748340e-02,5.262228e-09,2.035694e-02,0.000000e+00
large10kC_1ph,3,50,60,1.000000e+00,1.000000e+00,H.barrier:qnorm,1.748340e-02,5.262228e-09,2.035694e-02,0.000000e+00
large10kC_1ph,3,50,60,1.000000e+00,1.000000e+00,H.diag:soc_slack,5.635178e-01,3.103902e-05,4.002944e-01,0.000000e+00
large10kC_1ph,3,50,60,1.000000e+00,1.000000e+00,H.barrier:soc_slack,5.635178e-01,3.103902e-05,4.002944e-01,0.000000e+00
large10kC_1ph,3,50,60,1.000000e+00,1.000000e+00,H.diag:energy_slack,1.180445e+00,5.057818e-01,5.242853e-01,0.000000e+00
large10kC_1ph,3,50,60,1.000000e+00,1.000000e+00,H.barrier:energy_slack,1.180445e+00,5.057818e-01,5.242853e-01,0.000000e+00
large10kC_1ph,3,50,60,1.000000e+00,1.000000e+00,J:Pbal,0.000000e+00,0.000000e+00,0.000000e+00,0.000000e+00
large10kC_1ph,3,50,60,1.000000e+00,1.000000e+00,J:Qbal,0.000000e+00,0.000000e+00,0.000000e+00,0.000000e+00
large10kC_1ph,3,50,60,1.000000e+00,1.000000e+00,J:vdrop,0.000000e+00,0.000000e+00,0.000000e+00,0.000000e+00
large10kC_1ph,3,50,60,1.000000e+00,1.000000e+00,J:SOCP,8.636170e-01,6.552472e-04,3.861634e+00,4.980620e-03
large10kC_1ph,3,50,60,1.000000e+00,1.000000e+00,J:rootV,0.000000e+00,0.000000e+00,0.000000e+00,0.000000e+00
large10kC_1ph,3,50,60,1.000000e+00,1.000000e+00,J:energy,0.000000e+00,0.000000e+00,0.000000e+00,0.000000e+00
large10kC_1ph,2,50,60,1.000000e+00,1.000000e+00,K,5.975788e-01,1.000000e+00,2.903920e+00,1.521338e-03
large10kC_1ph,2,50,60,1.000000e+00,1.000000e+00,H.diag,5.975726e-01,9.989496e-01,5.727729e-01,0.000000e+00
large10kC_1ph,2,50,60,1.000000e+00,1.000000e+00,J,6.035178e-01,1.050373e-03,2.903920e+00,1.767087e-03
large10kC_1ph,2,50,60,1.000000e+00,1.000000e+00,H.barrier,8.345881e-01,9.986903e-01,5.727729e-01,0.000000e+00
large10kC_1ph,2,50,60,1.000000e+00,1.000000e+00,H.Vxx,2.017906e-02,1.453810e-04,1.941520e-02,0.000000e+00
large10kC_1ph,2,50,60,1.000000e+00,1.000000e+00,H.rest,1.993418e-03,1.173779e-06,4.942505e-01,0.000000e+00
large10kC_1ph,2,50,60,1.000000e+00,1.000000e+00,H.diag:ps,3.830647e-01,3.000254e-20,2.097604e-01,0.000000e+00
large10kC_1ph,2,50,60,1.000000e+00,1.000000e+00,H.barrier:ps,3.830647e-01,3.000254e-20,2.097604e-01,0.000000e+00
large10kC_1ph,2,50,60,1.000000e+00,1.000000e+00,H.diag:qs,0.000000e+00,0.000000e+00,0.000000e+00,0.000000e+00
large10kC_1ph,2,50,60,1.000000e+00,1.000000e+00,H.diag:P,1.961086e-01,5.868894e-07,4.942505e-01,0.000000e+00
large10kC_1ph,2,50,60,1.000000e+00,1.000000e+00,H.diag:Q,1.961086e-01,5.868894e-07,4.942505e-01,0.000000e+00
large10kC_1ph,2,50,60,1.000000e+00,1.000000e+00,H.diag:v,8.349166e-01,9.985859e-01,3.298115e-01,0.000000e+00
large10kC_1ph,2,50,60,1.000000e+00,1.000000e+00,H.barrier:v,8.349166e-01,9.985859e-01,3.298115e-01,0.000000e+00
large10kC_1ph,2,50,60,1.000000e+00,1.000000e+00,H.diag:ell,5.823206e-01,1.478140e-05,5.727729e-01,0.000000e+00
large10kC_1ph,2,50,60,1.000000e+00,1.000000e+00,H.barrier:ell,5.823206e-01,1.478140e-05,5.727729e-01,0.000000e+00
large10kC_1ph,2,50,60,1.000000e+00,1.000000e+00,H.diag:pb,1.444023e-02,2.845073e-04,1.275109e-02,0.000000e+00
large10kC_1ph,2,50,60,1.000000e+00,1.000000e+00,H.barrier:pb,1.830329e-01,2.631123e-05,8.285591e-02,0.000000e+00
large10kC_1ph,2,50,60,1.000000e+00,1.000000e+00,H.diag:qnorm,1.472505e-02,7.227837e-09,1.757680e-02,0.000000e+00
large10kC_1ph,2,50,60,1.000000e+00,1.000000e+00,H.barrier:qnorm,1.472505e-02,7.227837e-09,1.757680e-02,0.000000e+00
large10kC_1ph,2,50,60,1.000000e+00,1.000000e+00,H.diag:soc_slack,5.658809e-01,5.980321e-05,3.934563e-01,0.000000e+00
large10kC_1ph,2,50,60,1.000000e+00,1.000000e+00,H.barrier:soc_slack,5.658809e-01,5.980321e-05,3.934563e-01,0.000000e+00
large10kC_1ph,2,50,60,1.000000e+00,1.000000e+00,H.diag:energy_slack,1.225856e-01,3.436543e-06,1.222124e-01,0.000000e+00
large10kC_1ph,2,50,60,1.000000e+00,1.000000e+00,H.barrier:energy_slack,1.225856e-01,3.436543e-06,1.222124e-01,0.000000e+00
large10kC_1ph,2,50,60,1.000000e+00,1.000000e+00,J:Pbal,0.000000e+00,0.000000e+00,0.000000e+00,0.000000e+00
large10kC_1ph,2,50,60,1.000000e+00,1.000000e+00,J:Qbal,0.000000e+00,0.000000e+00,0.000000e+00,0.000000e+00
large10kC_1ph,2,50,60,1.000000e+00,1.000000e+00,J:vdrop,0.000000e+00,0.000000e+00,0.000000e+00,0.000000e+00
large10kC_1ph,2,50,60,1.000000e+00,1.000000e+00,J:SOCP,8.052886e-01,1.050373e-03,2.903920e+00,5.794574e-03
large10kC_1ph,2,50,60,1.000000e+00,1.000000e+00,J:rootV,0.000000e+00,0.000000e+00,0.000000e+00,0.000000e+00
large10kC_1ph,2,50,60,1.000000e+00,1.000000e+00,J:energy,0.000000e+00,0.000000e+00,0.000000e+00,0.000000e+00
large10kC_1ph,1,50,60,1.000000e+00,1.000000e+00,K,7.329859e-01,1.000000e+00,3.281189e+00,9.463843e-04
large10kC_1ph,1,50,60,1.000000e+00,1.000000e+00,H.diag,7.334245e-01,9.979202e-01,9.068465e-01,0.000000e+00
large10kC_1ph,1,50,60,1.000000e+00,1.000000e+00,J,5.842963e-01,2.079794e-03,3.281189e+00,1.099258e-03
large10kC_1ph,1,50,60,1.000000e+00,1.000000e+00,H.barrier,9.405265e-01,9.978270e-01,9.068465e-01,0.000000e+00
large10kC_1ph,1,50,60,1.000000e+00,1.000000e+00,H.Vxx,1.725611e-02,3.185487e-05,1.383338e-02,0.000000e+00
large10kC_1ph,1,50,60,1.000000e+00,1.000000e+00,H.rest,3.080161e-03,2.378931e-06,3.540127e-01,0.000000e+00
large10kC_1ph,1,50,60,1.000000e+00,1.000000e+00,H.diag:ps,2.150287e-01,1.156137e-21,1.051462e-01,0.000000e+00
large10kC_1ph,1,50,60,1.000000e+00,1.000000e+00,H.barrier:ps,2.150287e-01,1.156137e-21,1.051462e-01,0.000000e+00
large10kC_1ph,1,50,60,1.000000e+00,1.000000e+00,H.diag:qs,0.000000e+00,0.000000e+00,0.000000e+00,0.000000e+00
large10kC_1ph,1,50,60,1.000000e+00,1.000000e+00,H.diag:P,2.400820e-01,1.189466e-06,3.540127e-01,0.000000e+00
large10kC_1ph,1,50,60,1.000000e+00,1.000000e+00,H.diag:Q,2.400820e-01,1.189466e-06,3.540127e-01,0.000000e+00
large10kC_1ph,1,50,60,1.000000e+00,1.000000e+00,H.diag:v,7.746061e-01,6.406917e-01,3.298115e-01,0.000000e+00
large10kC_1ph,1,50,60,1.000000e+00,1.000000e+00,H.barrier:v,7.746061e-01,6.406917e-01,3.298115e-01,0.000000e+00
large10kC_1ph,1,50,60,1.000000e+00,1.000000e+00,H.diag:ell,5.721139e-01,8.206416e-06,4.279956e-01,0.000000e+00
large10kC_1ph,1,50,60,1.000000e+00,1.000000e+00,H.barrier:ell,5.721139e-01,8.206416e-06,4.279956e-01,0.000000e+00
large10kC_1ph,1,50,60,1.000000e+00,1.000000e+00,H.diag:pb,1.285133e-02,1.202030e-04,9.096627e-03,0.000000e+00
large10kC_1ph,1,50,60,1.000000e+00,1.000000e+00,H.barrier:pb,2.065170e-01,2.936461e-05,1.120101e-01,0.000000e+00
large10kC_1ph,1,50,60,1.000000e+00,1.000000e+00,H.diag:qnorm,1.219206e-02,4.180625e-09,1.503434e-02,0.000000e+00
large10kC_1ph,1,50,60,1.000000e+00,1.000000e+00,H.barrier:qnorm,1.219206e-02,4.180625e-09,1.503434e-02,0.000000e+00
large10kC_1ph,1,50,60,1.000000e+00,1.000000e+00,H.diag:soc_slack,5.858959e-01,7.536757e-05,4.177790e-01,0.000000e+00
large10kC_1ph,1,50,60,1.000000e+00,1.000000e+00,H.barrier:soc_slack,5.858959e-01,7.536757e-05,4.177790e-01,0.000000e+00
large10kC_1ph,1,50,60,1.000000e+00,1.000000e+00,H.diag:energy_slack,2.454608e+00,3.570224e-01,9.068465e-01,0.000000e+00
large10kC_1ph,1,50,60,1.000000e+00,1.000000e+00,H.barrier:energy_slack,2.454608e+00,3.570224e-01,9.068465e-01,0.000000e+00
large10kC_1ph,1,50,60,1.000000e+00,1.000000e+00,J:Pbal,0.000000e+00,0.000000e+00,0.000000e+00,0.000000e+00
large10kC_1ph,1,50,60,1.000000e+00,1.000000e+00,J:Qbal,0.000000e+00,0.000000e+00,0.000000e+00,0.000000e+00
large10kC_1ph,1,50,60,1.000000e+00,1.000000e+00,J:vdrop,0.000000e+00,0.000000e+00,0.000000e+00,0.000000e+00
large10kC_1ph,1,50,60,1.000000e+00,1.000000e+00,J:SOCP,6.437303e-01,2.079794e-03,3.281189e+00,3.604651e-03
large10kC_1ph,1,50,60,1.000000e+00,1.000000e+00,J:rootV,0.000000e+00,0.000000e+00,0.000000e+00,0.000000e+00
large10kC_1ph,1,50,60,1.000000e+00,1.000000e+00,J:energy,0.000000e+00,0.000000e+00,0.000000e+00,0.000000e+00
large10kC_1ph,6,60,70,1.000000e+00,1.000000e+00,K,9.171198e-02,1.000000e+00,5.797577e+00,1.908033e-03
large10kC_1ph,6,60,70,1.000000e+00,1.000000e+00,H.diag,9.169683e-02,9.996630e-01,9.836078e-01,0.000000e+00
large10kC_1ph,6,60,70,1.000000e+00,1.000000e+00,J,6.513588e-01,3.369839e-04,5.797577e+00,2.216247e-03
large10kC_1ph,6,60,70,1.000000e+00,1.000000e+00,H.barrier,1.701746e+00,9.996627e-01,6.961407e-01,0.000000e+00
large10kC_1ph,6,60,70,1.000000e+00,1.000000e+00,H.Vxx,0.000000e+00,0.000000e+00,NaN,NaN
large10kC_1ph,6,60,70,1.000000e+00,1.000000e+00,H.rest,5.535528e-05,3.627500e-07,9.836078e-01,0.000000e+00
large10kC_1ph,6,60,70,1.000000e+00,1.000000e+00,H.diag:ps,2.287502e-01,1.487764e-22,1.128049e-01,0.000000e+00
large10kC_1ph,6,60,70,1.000000e+00,1.000000e+00,H.barrier:ps,2.287502e-01,1.487764e-22,1.128049e-01,0.000000e+00
large10kC_1ph,6,60,70,1.000000e+00,1.000000e+00,H.diag:qs,0.000000e+00,0.000000e+00,0.000000e+00,0.000000e+00
large10kC_1ph,6,60,70,1.000000e+00,1.000000e+00,H.diag:P,4.627364e-01,1.813750e-07,9.836078e-01,0.000000e+00
large10kC_1ph,6,60,70,1.000000e+00,1.000000e+00,H.diag:Q,4.627364e-01,1.813750e-07,9.836078e-01,0.000000e+00
large10kC_1ph,6,60,70,1.000000e+00,1.000000e+00,H.diag:v,1.701964e+00,9.996583e-01,6.062786e-01,0.000000e+00
large10kC_1ph,6,60,70,1.000000e+00,1.000000e+00,H.barrier:v,1.701964e+00,9.996583e-01,6.062786e-01,0.000000e+00
large10kC_1ph,6,60,70,1.000000e+00,1.000000e+00,H.diag:ell,7.420681e-01,2.595470e-07,6.133433e-01,0.000000e+00
large10kC_1ph,6,60,70,1.000000e+00,1.000000e+00,H.barrier:ell,7.420681e-01,2.595470e-07,6.133433e-01,0.000000e+00
large10kC_1ph,6,60,70,1.000000e+00,1.000000e+00,H.diag:pb,1.159160e-04,1.592830e-06,7.893783e-05,0.000000e+00
large10kC_1ph,6,60,70,1.000000e+00,1.000000e+00,H.barrier:pb,1.648338e-01,1.592830e-06,7.544267e-02,0.000000e+00
large10kC_1ph,6,60,70,1.000000e+00,1.000000e+00,H.diag:qnorm,7.820494e-03,1.639421e-10,2.009623e-02,0.000000e+00
large10kC_1ph,6,60,70,1.000000e+00,1.000000e+00,H.barrier:qnorm,7.820494e-03,1.639421e-10,2.009623e-02,0.000000e+00
large10kC_1ph,6,60,70,1.000000e+00,1.000000e+00,H.diag:soc_slack,7.752793e-01,1.738241e-06,6.961407e-01,0.000000e+00
large10kC_1ph,6,60,70,1.000000e+00,1.000000e+00,H.barrier:soc_slack,7.752793e-01,1.738241e-06,6.961407e-01,0.000000e+00
large10kC_1ph,6,60,70,1.000000e+00,1.000000e+00,H.diag:energy_slack,1.717715e-01,7.441247e-07,8.114938e-02,0.000000e+00
large10kC_1ph,6,60,70,1.000000e+00,1.000000e+00,H.barrier:energy_slack,1.717715e-01,7.441247e-07,8.114938e-02,0.000000e+00
large10kC_1ph,6,60,70,1.000000e+00,1.000000e+00,J:Pbal,0.000000e+00,0.000000e+00,0.000000e+00,0.000000e+00
large10kC_1ph,6,60,70,1.000000e+00,1.000000e+00,J:Qbal,0.000000e+00,0.000000e+00,0.000000e+00,0.000000e+00
large10kC_1ph,6,60,70,1.000000e+00,1.000000e+00,J:vdrop,0.000000e+00,0.000000e+00,0.000000e+00,0.000000e+00
large10kC_1ph,6,60,70,1.000000e+00,1.000000e+00,J:SOCP,6.969456e-01,3.369839e-04,5.797577e+00,7.267442e-03
large10kC_1ph,6,60,70,1.000000e+00,1.000000e+00,J:rootV,0.000000e+00,0.000000e+00,0.000000e+00,0.000000e+00
large10kC_1ph,6,60,70,1.000000e+00,1.000000e+00,J:energy,0.000000e+00,0.000000e+00,0.000000e+00,0.000000e+00
large10kC_1ph,5,60,70,1.000000e+00,1.000000e+00,K,1.404273e+00,1.000000e+00,3.092702e+00,2.330344e-03
large10kC_1ph,5,60,70,1.000000e+00,1.000000e+00,H.diag,1.405728e+00,9.994332e-01,8.224559e-01,0.000000e+00
large10kC_1ph,5,60,70,1.000000e+00,1.000000e+00,J,6.514153e-01,5.668017e-04,3.092702e+00,2.706776e-03
large10kC_1ph,5,60,70,1.000000e+00,1.000000e+00,H.barrier,1.628698e+00,9.994126e-01,7.063131e-01,0.000000e+00
large10kC_1ph,5,60,70,1.000000e+00,1.000000e+00,H.Vxx,3.034410e-02,3.157031e-05,5.486630e-02,0.000000e+00
large10kC_1ph,5,60,70,1.000000e+00,1.000000e+00,H.rest,4.238076e-03,4.931519e-07,8.224559e-01,0.000000e+00
large10kC_1ph,5,60,70,1.000000e+00,1.000000e+00,H.diag:ps,2.275054e-01,1.085392e-22,1.121045e-01,0.000000e+00
large10kC_1ph,5,60,70,1.000000e+00,1.000000e+00,H.barrier:ps,2.275054e-01,1.085392e-22,1.121045e-01,0.000000e+00
large10kC_1ph,5,60,70,1.000000e+00,1.000000e+00,H.diag:qs,0.000000e+00,0.000000e+00,0.000000e+00,0.000000e+00
large10kC_1ph,5,60,70,1.000000e+00,1.000000e+00,H.diag:P,4.662297e-01,2.465760e-07,8.224559e-01,0.000000e+00
large10kC_1ph,5,60,70,1.000000e+00,1.000000e+00,H.diag:Q,4.662297e-01,2.465760e-07,8.224559e-01,0.000000e+00
large10kC_1ph,5,60,70,1.000000e+00,1.000000e+00,H.diag:v,1.629062e+00,9.994054e-01,6.062786e-01,0.000000e+00
large10kC_1ph,5,60,70,1.000000e+00,1.000000e+00,H.barrier:v,1.629062e+00,9.994054e-01,6.062786e-01,0.000000e+00
large10kC_1ph,5,60,70,1.000000e+00,1.000000e+00,H.diag:ell,7.401126e-01,2.736983e-07,6.131915e-01,0.000000e+00
large10kC_1ph,5,60,70,1.000000e+00,1.000000e+00,H.barrier:ell,7.401126e-01,2.736983e-07,6.131915e-01,0.000000e+00
large10kC_1ph,5,60,70,1.000000e+00,1.000000e+00,H.diag:pb,1.312687e-02,2.224293e-05,3.038777e-02,0.000000e+00
large10kC_1ph,5,60,70,1.000000e+00,1.000000e+00,H.barrier:pb,1.686800e-01,2.177309e-06,7.552475e-02,0.000000e+00
large10kC_1ph,5,60,70,1.000000e+00,1.000000e+00,H.diag:qnorm,1.106158e-02,3.874988e-10,2.528312e-02,0.000000e+00
large10kC_1ph,5,60,70,1.000000e+00,1.000000e+00,H.barrier:qnorm,1.106158e-02,3.874988e-10,2.528312e-02,0.000000e+00
large10kC_1ph,5,60,70,1.000000e+00,1.000000e+00,H.diag:soc_slack,7.761263e-01,2.242904e-06,7.063131e-01,0.000000e+00
large10kC_1ph,5,60,70,1.000000e+00,1.000000e+00,H.barrier:soc_slack,7.761263e-01,2.242904e-06,7.063131e-01,0.000000e+00
large10kC_1ph,5,60,70,1.000000e+00,1.000000e+00,H.diag:energy_slack,1.710851e-01,2.548325e-06,9.596443e-02,0.000000e+00
large10kC_1ph,5,60,70,1.000000e+00,1.000000e+00,H.barrier:energy_slack,1.710851e-01,2.548325e-06,9.596443e-02,0.000000e+00
large10kC_1ph,5,60,70,1.000000e+00,1.000000e+00,J:Pbal,0.000000e+00,0.000000e+00,0.000000e+00,0.000000e+00
large10kC_1ph,5,60,70,1.000000e+00,1.000000e+00,J:Qbal,0.000000e+00,0.000000e+00,0.000000e+00,0.000000e+00
large10kC_1ph,5,60,70,1.000000e+00,1.000000e+00,J:vdrop,0.000000e+00,0.000000e+00,0.000000e+00,0.000000e+00
large10kC_1ph,5,60,70,1.000000e+00,1.000000e+00,J:SOCP,6.821071e-01,5.668017e-04,3.092702e+00,8.875969e-03
large10kC_1ph,5,60,70,1.000000e+00,1.000000e+00,J:rootV,0.000000e+00,0.000000e+00,0.000000e+00,0.000000e+00
large10kC_1ph,5,60,70,1.000000e+00,1.000000e+00,J:energy,0.000000e+00,0.000000e+00,0.000000e+00,0.000000e+00
large10kC_1ph,4,60,70,1.000000e+00,1.000000e+00,K,1.018894e+00,1.000000e+00,2.456260e+00,2.065764e-03
large10kC_1ph,4,60,70,1.000000e+00,1.000000e+00,H.diag,1.019119e+00,9.994853e-01,6.561048e-01,0.000000e+00
large10kC_1ph,4,60,70,1.000000e+00,1.000000e+00,J,7.472460e-01,5.146558e-04,2.456260e+00,2.399456e-03
large10kC_1ph,4,60,70,1.000000e+00,1.000000e+00,H.barrier,1.055176e+00,9.994808e-01,6.561048e-01,0.000000e+00
large10kC_1ph,4,60,70,1.000000e+00,1.000000e+00,H.Vxx,1.580790e-02,2.710575e-06,3.181791e-02,0.000000e+00
large10kC_1ph,4,60,70,1.000000e+00,1.000000e+00,H.rest,3.932545e-03,3.184309e-07,3.206660e-01,0.000000e+00
large10kC_1ph,4,60,70,1.000000e+00,1.000000e+00,H.diag:ps,2.705138e-01,1.225978e-22,1.369829e-01,0.000000e+00
large10kC_1ph,4,60,70,1.000000e+00,1.000000e+00,H.barrier:ps,2.705138e-01,1.225978e-22,1.369829e-01,0.000000e+00
large10kC_1ph,4,60,70,1.000000e+00,1.000000e+00,H.diag:qs,0.000000e+00,0.000000e+00,0.000000e+00,0.000000e+00
large10kC_1ph,4,60,70,1.000000e+00,1.000000e+00,H.diag:P,4.240691e-01,1.592154e-07,3.206660e-01,0.000000e+00
large10kC_1ph,4,60,70,1.000000e+00,1.000000e+00,H.diag:Q,4.240691e-01,1.592154e-07,3.206660e-01,0.000000e+00
large10kC_1ph,4,60,70,1.000000e+00,1.000000e+00,H.diag:v,1.599442e+00,7.347141e-01,6.062786e-01,0.000000e+00
large10kC_1ph,4,60,70,1.000000e+00,1.000000e+00,H.barrier:v,1.599442e+00,7.347141e-01,6.062786e-01,0.000000e+00
large10kC_1ph,4,60,70,1.000000e+00,1.000000e+00,H.diag:ell,7.345234e-01,2.179003e-07,5.965383e-01,0.000000e+00
large10kC_1ph,4,60,70,1.000000e+00,1.000000e+00,H.barrier:ell,7.345234e-01,2.179003e-07,5.965383e-01,0.000000e+00
large10kC_1ph,4,60,70,1.000000e+00,1.000000e+00,H.diag:pb,9.325241e-03,5.625989e-06,1.419113e-02,0.000000e+00
large10kC_1ph,4,60,70,1.000000e+00,1.000000e+00,H.barrier:pb,1.695701e-01,1.398983e-06,7.511249e-02,0.000000e+00
large10kC_1ph,4,60,70,1.000000e+00,1.000000e+00,H.diag:qnorm,1.615734e-02,6.292047e-10,3.284437e-02,0.000000e+00
large10kC_1ph,4,60,70,1.000000e+00,1.000000e+00,H.barrier:qnorm,1.615734e-02,6.292047e-10,3.284437e-02,0.000000e+00
large10kC_1ph,4,60,70,1.000000e+00,1.000000e+00,H.diag:soc_slack,7.634465e-01,1.674858e-06,6.561048e-01,0.000000e+00
large10kC_1ph,4,60,70,1.000000e+00,1.000000e+00,H.barrier:soc_slack,7.634465e-01,1.674858e-06,6.561048e-01,0.000000e+00
large10kC_1ph,4,60,70,1.000000e+00,1.000000e+00,H.diag:energy_slack,6.585818e-01,2.647634e-01,2.477050e-01,0.000000e+00
large10kC_1ph,4,60,70,1.000000e+00,1.000000e+00,H.barrier:energy_slack,6.585818e-01,2.647634e-01,2.477050e-01,0.000000e+00
large10kC_1ph,4,60,70,1.000000e+00,1.000000e+00,J:Pbal,0.000000e+00,0.000000e+00,0.000000e+00,0.000000e+00
large10kC_1ph,4,60,70,1.000000e+00,1.000000e+00,J:Qbal,0.000000e+00,0.000000e+00,0.000000e+00,0.000000e+00
large10kC_1ph,4,60,70,1.000000e+00,1.000000e+00,J:vdrop,0.000000e+00,0.000000e+00,0.000000e+00,0.000000e+00
large10kC_1ph,4,60,70,1.000000e+00,1.000000e+00,J:SOCP,7.857488e-01,5.146558e-04,2.456260e+00,7.868217e-03
large10kC_1ph,4,60,70,1.000000e+00,1.000000e+00,J:rootV,0.000000e+00,0.000000e+00,0.000000e+00,0.000000e+00
large10kC_1ph,4,60,70,1.000000e+00,1.000000e+00,J:energy,0.000000e+00,0.000000e+00,0.000000e+00,0.000000e+00
large10kC_1ph,3,60,70,1.000000e+00,1.000000e+00,K,1.312218e+00,1.000000e+00,3.888732e+00,1.785919e-03
large10kC_1ph,3,60,70,1.000000e+00,1.000000e+00,H.diag,1.312471e+00,9.996756e-01,6.974830e-01,0.000000e+00
large10kC_1ph,3,60,70,1.000000e+00,1.000000e+00,J,8.867248e-01,3.243994e-04,3.888732e+00,2.074407e-03
large10kC_1ph,3,60,70,1.000000e+00,1.000000e+00,H.barrier,1.422926e+00,9.996690e-01,6.974830e-01,0.000000e+00
large10kC_1ph,3,60,70,1.000000e+00,1.000000e+00,H.Vxx,2.512921e-02,1.442886e-05,5.161818e-02,0.000000e+00
large10kC_1ph,3,60,70,1.000000e+00,1.000000e+00,H.rest,3.221961e-03,1.879774e-07,3.411103e-01,0.000000e+00
large10kC_1ph,3,60,70,1.000000e+00,1.000000e+00,H.diag:ps,3.802870e-01,5.878934e-22,2.078094e-01,0.000000e+00
large10kC_1ph,3,60,70,1.000000e+00,1.000000e+00,H.barrier:ps,3.802870e-01,5.878934e-22,2.078094e-01,0.000000e+00
large10kC_1ph,3,60,70,1.000000e+00,1.000000e+00,H.diag:qs,0.000000e+00,0.000000e+00,0.000000e+00,0.000000e+00
large10kC_1ph,3,60,70,1.000000e+00,1.000000e+00,H.diag:P,3.791698e-01,9.398871e-08,3.411103e-01,0.000000e+00
large10kC_1ph,3,60,70,1.000000e+00,1.000000e+00,H.diag:Q,3.791698e-01,9.398871e-08,3.411103e-01,0.000000e+00
large10kC_1ph,3,60,70,1.000000e+00,1.000000e+00,H.diag:v,1.667432e+00,8.022929e-01,6.062786e-01,0.000000e+00
large10kC_1ph,3,60,70,1.000000e+00,1.000000e+00,H.barrier:v,1.667432e+00,8.022929e-01,6.062786e-01,0.000000e+00
large10kC_1ph,3,60,70,1.000000e+00,1.000000e+00,H.diag:ell,7.350937e-01,2.455712e-07,6.974830e-01,0.000000e+00
large10kC_1ph,3,60,70,1.000000e+00,1.000000e+00,H.barrier:ell,7.350937e-01,2.455712e-07,6.974830e-01,0.000000e+00
large10kC_1ph,3,60,70,1.000000e+00,1.000000e+00,H.diag:pb,1.016795e-02,8.961963e-06,2.738506e-02,0.000000e+00
large10kC_1ph,3,60,70,1.000000e+00,1.000000e+00,H.barrier:pb,1.753221e-01,2.500527e-06,8.379023e-02,0.000000e+00
large10kC_1ph,3,60,70,1.000000e+00,1.000000e+00,H.diag:qnorm,1.672482e-02,5.939685e-10,3.280297e-02,0.000000e+00
large10kC_1ph,3,60,70,1.000000e+00,1.000000e+00,H.barrier:qnorm,1.672482e-02,5.939685e-10,3.280297e-02,0.000000e+00
large10kC_1ph,3,60,70,1.000000e+00,1.000000e+00,H.diag:soc_slack,7.482037e-01,1.247333e-06,6.545241e-01,0.000000e+00
large10kC_1ph,3,60,70,1.000000e+00,1.000000e+00,H.barrier:soc_slack,7.482037e-01,1.247333e-06,6.545241e-01,0.000000e+00
large10kC_1ph,3,60,70,1.000000e+00,1.000000e+00,H.diag:energy_slack,9.810133e-01,1.973721e-01,5.257094e-01,0.000000e+00
large10kC_1ph,3,60,70,1.000000e+00,1.000000e+00,H.barrier:energy_slack,9.810133e-01,1.973721e-01,5.257094e-01,0.000000e+00
large10kC_1ph,3,60,70,1.000000e+00,1.000000e+00,J:Pbal,0.000000e+00,0.000000e+00,0.000000e+00,0.000000e+00
large10kC_1ph,3,60,70,1.000000e+00,1.000000e+00,J:Qbal,0.000000e+00,0.000000e+00,0.000000e+00,0.000000e+00
large10kC_1ph,3,60,70,1.000000e+00,1.000000e+00,J:vdrop,0.000000e+00,0.000000e+00,0.000000e+00,0.000000e+00
large10kC_1ph,3,60,70,1.000000e+00,1.000000e+00,J:SOCP,9.839305e-01,3.243994e-04,3.888732e+00,6.802326e-03
large10kC_1ph,3,60,70,1.000000e+00,1.000000e+00,J:rootV,0.000000e+00,0.000000e+00,0.000000e+00,0.000000e+00
large10kC_1ph,3,60,70,1.000000e+00,1.000000e+00,J:energy,0.000000e+00,0.000000e+00,0.000000e+00,0.000000e+00
large10kC_1ph,2,60,70,1.000000e+00,1.000000e+00,K,1.513726e+00,1.000000e+00,3.696520e+00,1.633276e-03
large10kC_1ph,2,60,70,1.000000e+00,1.000000e+00,H.diag,1.514254e+00,9.997137e-01,6.565649e-01,0.000000e+00
large10kC_1ph,2,60,70,1.000000e+00,1.000000e+00,J,8.169508e-01,2.862680e-04,3.696520e+00,1.897107e-03
large10kC_1ph,2,60,70,1.000000e+00,1.000000e+00,H.barrier,1.721088e+00,9.997114e-01,6.565649e-01,0.000000e+00
large10kC_1ph,2,60,70,1.000000e+00,1.000000e+00,H.Vxx,1.117669e-02,3.256454e-06,3.002460e-02,0.000000e+00
large10kC_1ph,2,60,70,1.000000e+00,1.000000e+00,H.rest,3.183500e-03,2.102281e-07,3.017204e-01,0.000000e+00
large10kC_1ph,2,60,70,1.000000e+00,1.000000e+00,H.diag:ps,3.538932e-01,6.844529e-22,1.896957e-01,0.000000e+00
large10kC_1ph,2,60,70,1.000000e+00,1.000000e+00,H.barrier:ps,3.538932e-01,6.844529e-22,1.896957e-01,0.000000e+00
large10kC_1ph,2,60,70,1.000000e+00,1.000000e+00,H.diag:qs,0.000000e+00,0.000000e+00,0.000000e+00,0.000000e+00
large10kC_1ph,2,60,70,1.000000e+00,1.000000e+00,H.diag:P,3.833663e-01,1.051141e-07,3.017204e-01,0.000000e+00
large10kC_1ph,2,60,70,1.000000e+00,1.000000e+00,H.diag:Q,3.833663e-01,1.051141e-07,3.017204e-01,0.000000e+00
large10kC_1ph,2,60,70,1.000000e+00,1.000000e+00,H.diag:v,1.721346e+00,9.997064e-01,6.062786e-01,0.000000e+00
large10kC_1ph,2,60,70,1.000000e+00,1.000000e+00,H.barrier:v,1.721346e+00,9.997064e-01,6.062786e-01,0.000000e+00
large10kC_1ph,2,60,70,1.000000e+00,1.000000e+00,H.diag:ell,7.337056e-01,2.880969e-07,6.177425e-01,0.000000e+00
large10kC_1ph,2,60,70,1.000000e+00,1.000000e+00,H.barrier:ell,7.337056e-01,2.880969e-07,6.177425e-01,0.000000e+00
large10kC_1ph,2,60,70,1.000000e+00,1.000000e+00,H.diag:pb,7.199315e-03,5.108980e-06,1.580472e-02,0.000000e+00
large10kC_1ph,2,60,70,1.000000e+00,1.000000e+00,H.barrier:pb,1.969677e-01,2.992694e-06,9.116705e-02,0.000000e+00
large10kC_1ph,2,60,70,1.000000e+00,1.000000e+00,H.diag:qnorm,1.307761e-02,4.113359e-10,2.781359e-02,0.000000e+00
large10kC_1ph,2,60,70,1.000000e+00,1.000000e+00,H.barrier:qnorm,1.307761e-02,4.113359e-10,2.781359e-02,0.000000e+00
large10kC_1ph,2,60,70,1.000000e+00,1.000000e+00,H.diag:soc_slack,7.497916e-01,1.391089e-06,6.565649e-01,0.000000e+00
large10kC_1ph,2,60,70,1.000000e+00,1.000000e+00,H.barrier:soc_slack,7.497916e-01,1.391089e-06,6.565649e-01,0.000000e+00
large10kC_1ph,2,60,70,1.000000e+00,1.000000e+00,H.diag:energy_slack,1.262632e-01,3.213011e-07,6.134396e-02,0.000000e+00
large10kC_1ph,2,60,70,1.000000e+00,1.000000e+00,H.barrier:energy_slack,1.262632e-01,3.213011e-07,6.134396e-02,0.000000e+00
large10kC_1ph,2,60,70,1.000000e+00,1.000000e+00,J:Pbal,0.000000e+00,0.000000e+00,0.000000e+00,0.000000e+00
large10kC_1ph,2,60,70,1.000000e+00,1.000000e+00,J:Qbal,0.000000e+00,0.000000e+00,0.000000e+00,0.000000e+00
large10kC_1ph,2,60,70,1.000000e+00,1.000000e+00,J:vdrop,0.000000e+00,0.000000e+00,0.000000e+00,0.000000e+00
large10kC_1ph,2,60,70,1.000000e+00,1.000000e+00,J:SOCP,9.173805e-01,2.862680e-04,3.696520e+00,6.220930e-03
large10kC_1ph,2,60,70,1.000000e+00,1.000000e+00,J:rootV,0.000000e+00,0.000000e+00,0.000000e+00,0.000000e+00
large10kC_1ph,2,60,70,1.000000e+00,1.000000e+00,J:energy,0.000000e+00,0.000000e+00,0.000000e+00,0.000000e+00
large10kC_1ph,1,60,70,1.000000e+00,1.000000e+00,K,1.491831e+00,1.000000e+00,3.599472e+00,1.872416e-03
large10kC_1ph,1,60,70,1.000000e+00,1.000000e+00,H.diag,1.493677e+00,9.995040e-01,8.960530e-01,0.000000e+00
large10kC_1ph,1,60,70,1.000000e+00,1.000000e+00,J,6.101142e-01,4.960424e-04,3.599472e+00,2.174877e-03
large10kC_1ph,1,60,70,1.000000e+00,1.000000e+00,H.barrier,1.625738e+00,9.994980e-01,8.960530e-01,0.000000e+00
large10kC_1ph,1,60,70,1.000000e+00,1.000000e+00,H.Vxx,1.432212e-02,2.123286e-06,2.624079e-02,0.000000e+00
large10kC_1ph,1,60,70,1.000000e+00,1.000000e+00,H.rest,4.345924e-03,4.440039e-07,3.562206e-01,0.000000e+00
large10kC_1ph,1,60,70,1.000000e+00,1.000000e+00,H.diag:ps,1.947377e-01,5.478246e-23,9.406262e-02,0.000000e+00
large10kC_1ph,1,60,70,1.000000e+00,1.000000e+00,H.barrier:ps,1.947377e-01,5.478246e-23,9.406262e-02,0.000000e+00
large10kC_1ph,1,60,70,1.000000e+00,1.000000e+00,H.diag:qs,0.000000e+00,0.000000e+00,0.000000e+00,0.000000e+00
large10kC_1ph,1,60,70,1.000000e+00,1.000000e+00,H.diag:P,4.450327e-01,2.220020e-07,3.562206e-01,0.000000e+00
large10kC_1ph,1,60,70,1.000000e+00,1.000000e+00,H.diag:Q,4.450327e-01,2.220020e-07,3.562206e-01,0.000000e+00
large10kC_1ph,1,60,70,1.000000e+00,1.000000e+00,H.diag:v,1.620212e+00,8.225620e-01,6.062786e-01,0.000000e+00
large10kC_1ph,1,60,70,1.000000e+00,1.000000e+00,H.barrier:v,1.620212e+00,8.225620e-01,6.062786e-01,0.000000e+00
large10kC_1ph,1,60,70,1.000000e+00,1.000000e+00,H.diag:ell,7.291402e-01,2.290092e-07,5.965989e-01,0.000000e+00
large10kC_1ph,1,60,70,1.000000e+00,1.000000e+00,H.barrier:ell,7.291402e-01,2.290092e-07,5.965989e-01,0.000000e+00
large10kC_1ph,1,60,70,1.000000e+00,1.000000e+00,H.diag:pb,1.134913e-02,9.005887e-06,1.007457e-02,0.000000e+00
large10kC_1ph,1,60,70,1.000000e+00,1.000000e+00,H.barrier:pb,1.932653e-01,3.507183e-06,9.178984e-02,0.000000e+00
large10kC_1ph,1,60,70,1.000000e+00,1.000000e+00,H.diag:qnorm,1.086358e-02,3.182365e-10,2.381780e-02,0.000000e+00
large10kC_1ph,1,60,70,1.000000e+00,1.000000e+00,H.barrier:qnorm,1.086358e-02,3.182365e-10,2.381780e-02,0.000000e+00
large10kC_1ph,1,60,70,1.000000e+00,1.000000e+00,H.diag:soc_slack,7.690179e-01,2.088577e-06,6.944543e-01,0.000000e+00
large10kC_1ph,1,60,70,1.000000e+00,1.000000e+00,H.barrier:soc_slack,7.690179e-01,2.088577e-06,6.944543e-01,0.000000e+00
large10kC_1ph,1,60,70,1.000000e+00,1.000000e+00,H.diag:energy_slack,1.653449e+00,1.769302e-01,8.960530e-01,0.000000e+00
large10kC_1ph,1,60,70,1.000000e+00,1.000000e+00,H.barrier:energy_slack,1.653449e+00,1.769302e-01,8.960530e-01,0.000000e+00
large10kC_1ph,1,60,70,1.000000e+00,1.000000e+00,J:Pbal,0.000000e+00,0.000000e+00,0.000000e+00,0.000000e+00
large10kC_1ph,1,60,70,1.000000e+00,1.000000e+00,J:Qbal,0.000000e+00,0.000000e+00,0.000000e+00,0.000000e+00
large10kC_1ph,1,60,70,1.000000e+00,1.000000e+00,J:vdrop,0.000000e+00,0.000000e+00,0.000000e+00,0.000000e+00
large10kC_1ph,1,60,70,1.000000e+00,1.000000e+00,J:SOCP,6.345358e-01,4.960424e-04,3.599472e+00,7.131783e-03
large10kC_1ph,1,60,70,1.000000e+00,1.000000e+00,J:rootV,0.000000e+00,0.000000e+00,0.000000e+00,0.000000e+00
large10kC_1ph,1,60,70,1.000000e+00,1.000000e+00,J:energy,0.000000e+00,0.000000e+00,0.000000e+00,0.000000e+00
large10kC_1ph,6,70,80,1.000000e+00,1.000000e+00,K,3.131557e+02,1.000000e+00,4.572418e+00,1.049062e-01
large10kC_1ph,6,70,80,1.000000e+00,1.000000e+00,H.diag,3.131583e+02,1.000000e+00,4.572418e+00,3.964877e-01
large10kC_1ph,6,70,80,1.000000e+00,1.000000e+00,J,3.893777e+00,2.608243e-09,2.506605e+00,5.780562e-02
large10kC_1ph,6,70,80,1.000000e+00,1.000000e+00,H.barrier,2.186471e+03,1.000000e+00,4.572418e+00,6.310839e-01
large10kC_1ph,6,70,80,1.000000e+00,1.000000e+00,H.Vxx,0.000000e+00,0.000000e+00,NaN,NaN
large10kC_1ph,6,70,80,1.000000e+00,1.000000e+00,H.rest,5.593946e-05,3.120471e-14,3.711878e+00,9.325516e-03
large10kC_1ph,6,70,80,1.000000e+00,1.000000e+00,H.diag:ps,2.830103e-01,1.141038e-29,1.444871e-01,0.000000e+00
large10kC_1ph,6,70,80,1.000000e+00,1.000000e+00,H.barrier:ps,2.830103e-01,1.141038e-29,1.444871e-01,0.000000e+00
large10kC_1ph,6,70,80,1.000000e+00,1.000000e+00,H.diag:qs,0.000000e+00,0.000000e+00,0.000000e+00,0.000000e+00
large10kC_1ph,6,70,80,1.000000e+00,1.000000e+00,H.diag:P,8.653485e-01,1.560236e-14,3.711878e+00,9.786822e-03
large10kC_1ph,6,70,80,1.000000e+00,1.000000e+00,H.diag:Q,8.653485e-01,1.560236e-14,3.711878e+00,9.786822e-03
large10kC_1ph,6,70,80,1.000000e+00,1.000000e+00,H.diag:v,2.186523e+03,1.000000e+00,4.031012e+00,1.734328e-01
large10kC_1ph,6,70,80,1.000000e+00,1.000000e+00,H.barrier:v,2.186523e+03,1.000000e+00,4.031012e+00,1.734328e-01
large10kC_1ph,6,70,80,1.000000e+00,1.000000e+00,H.diag:ell,9.937380e-01,2.625727e-15,2.274759e+00,9.071705e-01
large10kC_1ph,6,70,80,1.000000e+00,1.000000e+00,H.barrier:ell,9.937380e-01,2.625727e-15,2.274759e+00,9.071705e-01
large10kC_1ph,6,70,80,1.000000e+00,1.000000e+00,H.diag:pb,1.329236e-04,1.764718e-13,8.815724e-05,0.000000e+00
large10kC_1ph,6,70,80,1.000000e+00,1.000000e+00,H.barrier:pb,1.624272e-01,1.764718e-13,7.174240e-02,0.000000e+00
large10kC_1ph,6,70,80,1.000000e+00,1.000000e+00,H.diag:qnorm,2.850934e-02,1.856739e-16,2.287656e-02,0.000000e+00
large10kC_1ph,6,70,80,1.000000e+00,1.000000e+00,H.barrier:qnorm,2.850934e-02,1.856739e-16,2.287656e-02,0.000000e+00
large10kC_1ph,6,70,80,1.000000e+00,1.000000e+00,H.diag:soc_slack,9.967944e-01,1.225048e-14,4.572418e+00,1.000000e+00
large10kC_1ph,6,70,80,1.000000e+00,1.000000e+00,H.barrier:soc_slack,9.967944e-01,1.225048e-14,4.572418e+00,1.000000e+00
large10kC_1ph,6,70,80,1.000000e+00,1.000000e+00,H.diag:energy_slack,1.808894e-01,9.498251e-14,9.205373e-02,0.000000e+00
large10kC_1ph,6,70,80,1.000000e+00,1.000000e+00,H.barrier:energy_slack,1.808894e-01,9.498251e-14,9.205373e-02,0.000000e+00
large10kC_1ph,6,70,80,1.000000e+00,1.000000e+00,J:Pbal,0.000000e+00,0.000000e+00,0.000000e+00,0.000000e+00
large10kC_1ph,6,70,80,1.000000e+00,1.000000e+00,J:Qbal,0.000000e+00,0.000000e+00,0.000000e+00,0.000000e+00
large10kC_1ph,6,70,80,1.000000e+00,1.000000e+00,J:vdrop,0.000000e+00,0.000000e+00,0.000000e+00,0.000000e+00
large10kC_1ph,6,70,80,1.000000e+00,1.000000e+00,J:SOCP,3.993278e+00,2.608243e-09,2.506605e+00,1.895543e-01
large10kC_1ph,6,70,80,1.000000e+00,1.000000e+00,J:rootV,0.000000e+00,0.000000e+00,0.000000e+00,0.000000e+00
large10kC_1ph,6,70,80,1.000000e+00,1.000000e+00,J:energy,0.000000e+00,0.000000e+00,0.000000e+00,0.000000e+00
large10kC_1ph,5,70,80,1.000000e+00,1.000000e+00,K,2.266615e+03,1.000000e+00,4.565679e+00,1.022451e-01
large10kC_1ph,5,70,80,1.000000e+00,1.000000e+00,H.diag,2.268089e+03,1.000000e+00,4.565679e+00,3.862801e-01
large10kC_1ph,5,70,80,1.000000e+00,1.000000e+00,J,3.252798e+00,2.674844e-09,2.050907e+00,5.636358e-02
large10kC_1ph,5,70,80,1.000000e+00,1.000000e+00,H.barrier,2.323510e+03,1.000000e+00,4.565679e+00,6.146838e-01
large10kC_1ph,5,70,80,1.000000e+00,1.000000e+00,H.Vxx,2.923368e-02,2.012240e-12,8.378420e-02,0.000000e+00
large10kC_1ph,5,70,80,1.000000e+00,1.000000e+00,H.rest,4.217515e-03,3.536790e-14,3.973307e+00,9.325516e-03
large10kC_1ph,5,70,80,1.000000e+00,1.000000e+00,H.diag:ps,2.793059e-01,7.070219e-30,1.422490e-01,0.000000e+00
large10kC_1ph,5,70,80,1.000000e+00,1.000000e+00,H.barrier:ps,2.793059e-01,7.070219e-30,1.422490e-01,0.000000e+00
large10kC_1ph,5,70,80,1.000000e+00,1.000000e+00,H.diag:qs,0.000000e+00,0.000000e+00,0.000000e+00,0.000000e+00
large10kC_1ph,5,70,80,1.000000e+00,1.000000e+00,H.diag:P,8.630931e-01,1.768395e-14,3.973307e+00,9.786822e-03
large10kC_1ph,5,70,80,1.000000e+00,1.000000e+00,H.diag:Q,8.630931e-01,1.768395e-14,3.973307e+00,9.786822e-03
large10kC_1ph,5,70,80,1.000000e+00,1.000000e+00,H.diag:v,2.323613e+03,1.000000e+00,4.031012e+00,1.198527e-01
large10kC_1ph,5,70,80,1.000000e+00,1.000000e+00,H.barrier:v,2.323613e+03,1.000000e+00,4.031012e+00,1.198527e-01
large10kC_1ph,5,70,80,1.000000e+00,1.000000e+00,H.diag:ell,9.935240e-01,2.434947e-15,2.270217e+00,9.066860e-01
large10kC_1ph,5,70,80,1.000000e+00,1.000000e+00,H.barrier:ell,9.935240e-01,2.434947e-15,2.270217e+00,9.066860e-01
large10kC_1ph,5,70,80,1.000000e+00,1.000000e+00,H.diag:pb,1.218368e-02,1.361269e-12,4.294271e-02,0.000000e+00
large10kC_1ph,5,70,80,1.000000e+00,1.000000e+00,H.barrier:pb,1.733319e-01,2.270018e-13,8.392089e-02,0.000000e+00
large10kC_1ph,5,70,80,1.000000e+00,1.000000e+00,H.diag:qnorm,1.466387e-02,5.018774e-17,2.627642e-02,0.000000e+00
large10kC_1ph,5,70,80,1.000000e+00,1.000000e+00,H.barrier:qnorm,1.466387e-02,5.018774e-17,2.627642e-02,0.000000e+00
large10kC_1ph,5,70,80,1.000000e+00,1.000000e+00,H.diag:soc_slack,9.967653e-01,1.346910e-14,4.565679e+00,1.000000e+00
large10kC_1ph,5,70,80,1.000000e+00,1.000000e+00,H.barrier:soc_slack,9.967653e-01,1.346910e-14,4.565679e+00,1.000000e+00
large10kC_1ph,5,70,80,1.000000e+00,1.000000e+00,H.diag:energy_slack,1.195574e-01,1.233578e-13,1.559237e-01,0.000000e+00
large10kC_1ph,5,70,80,1.000000e+00,1.000000e+00,H.barrier:energy_slack,1.195574e-01,1.233578e-13,1.559237e-01,0.000000e+00
large10kC_1ph,5,70,80,1.000000e+00,1.000000e+00,J:Pbal,0.000000e+00,0.000000e+00,0.000000e+00,0.000000e+00
large10kC_1ph,5,70,80,1.000000e+00,1.000000e+00,J:Qbal,0.000000e+00,0.000000e+00,0.000000e+00,0.000000e+00
large10kC_1ph,5,70,80,1.000000e+00,1.000000e+00,J:vdrop,0.000000e+00,0.000000e+00,0.000000e+00,0.000000e+00
large10kC_1ph,5,70,80,1.000000e+00,1.000000e+00,J:SOCP,3.308967e+00,2.674844e-09,2.050907e+00,1.848256e-01
large10kC_1ph,5,70,80,1.000000e+00,1.000000e+00,J:rootV,0.000000e+00,0.000000e+00,0.000000e+00,0.000000e+00
large10kC_1ph,5,70,80,1.000000e+00,1.000000e+00,J:energy,0.000000e+00,0.000000e+00,0.000000e+00,0.000000e+00
large10kC_1ph,4,70,80,1.000000e+00,1.000000e+00,K,1.684678e+03,1.000000e+00,4.559854e+00,7.194047e-02
large10kC_1ph,4,70,80,1.000000e+00,1.000000e+00,H.diag,1.685299e+03,1.000000e+00,4.559854e+00,3.764383e-01
large10kC_1ph,4,70,80,1.000000e+00,1.000000e+00,J,2.512645e+00,1.638902e-09,2.963175e+00,2.275346e-02
large10kC_1ph,4,70,80,1.000000e+00,1.000000e+00,H.barrier,1.700600e+03,1.000000e+00,4.559854e+00,5.988714e-01
large10kC_1ph,4,70,80,1.000000e+00,1.000000e+00,H.Vxx,2.246604e-02,5.310177e-13,9.645384e-02,0.000000e+00
large10kC_1ph,4,70,80,1.000000e+00,1.000000e+00,H.rest,4.204248e-03,3.513874e-14,4.050276e+00,9.325516e-03
large10kC_1ph,4,70,80,1.000000e+00,1.000000e+00,H.diag:ps,2.784914e-01,6.676186e-30,1.417585e-01,0.000000e+00
large10kC_1ph,4,70,80,1.000000e+00,1.000000e+00,H.barrier:ps,2.784914e-01,6.676186e-30,1.417585e-01,0.000000e+00
large10kC_1ph,4,70,80,1.000000e+00,1.000000e+00,H.diag:qs,0.000000e+00,0.000000e+00,0.000000e+00,0.000000e+00
large10kC_1ph,4,70,80,1.000000e+00,1.000000e+00,H.diag:P,7.832307e-01,1.756937e-14,4.050276e+00,9.786822e-03
large10kC_1ph,4,70,80,1.000000e+00,1.000000e+00,H.diag:Q,7.832307e-01,1.756937e-14,4.050276e+00,9.786822e-03
large10kC_1ph,4,70,80,1.000000e+00,1.000000e+00,H.diag:v,2.332092e+03,1.000000e+00,4.031012e+00,1.180118e-01
large10kC_1ph,4,70,80,1.000000e+00,1.000000e+00,H.barrier:v,2.332092e+03,1.000000e+00,4.031012e+00,1.180118e-01
large10kC_1ph,4,70,80,1.000000e+00,1.000000e+00,H.diag:ell,9.859115e-01,2.683610e-15,1.929921e+00,8.563953e-01
large10kC_1ph,4,70,80,1.000000e+00,1.000000e+00,H.barrier:ell,9.859115e-01,2.683610e-15,1.929921e+00,8.563953e-01
large10kC_1ph,4,70,80,1.000000e+00,1.000000e+00,H.diag:pb,1.066921e-02,7.186507e-13,4.192185e-02,0.000000e+00
large10kC_1ph,4,70,80,1.000000e+00,1.000000e+00,H.barrier:pb,1.691135e-01,1.834524e-13,7.373905e-02,0.000000e+00
large10kC_1ph,4,70,80,1.000000e+00,1.000000e+00,H.diag:qnorm,4.994123e-02,5.962632e-16,4.627160e-02,0.000000e+00
large10kC_1ph,4,70,80,1.000000e+00,1.000000e+00,H.barrier:qnorm,4.994123e-02,5.962632e-16,4.627160e-02,0.000000e+00
large10kC_1ph,4,70,80,1.000000e+00,1.000000e+00,H.diag:soc_slack,9.922749e-01,1.531293e-14,4.559854e+00,1.000000e+00
large10kC_1ph,4,70,80,1.000000e+00,1.000000e+00,H.barrier:soc_slack,9.922749e-01,1.531293e-14,4.559854e+00,1.000000e+00
large10kC_1ph,4,70,80,1.000000e+00,1.000000e+00,H.diag:energy_slack,4.597440e-01,3.422014e-08,1.857456e-01,0.000000e+00
large10kC_1ph,4,70,80,1.000000e+00,1.000000e+00,H.barrier:energy_slack,4.597440e-01,3.422014e-08,1.857456e-01,0.000000e+00
large10kC_1ph,4,70,80,1.000000e+00,1.000000e+00,J:Pbal,0.000000e+00,0.000000e+00,0.000000e+00,0.000000e+00
large10kC_1ph,4,70,80,1.000000e+00,1.000000e+00,J:Qbal,0.000000e+00,0.000000e+00,0.000000e+00,0.000000e+00
large10kC_1ph,4,70,80,1.000000e+00,1.000000e+00,J:vdrop,0.000000e+00,0.000000e+00,0.000000e+00,0.000000e+00
large10kC_1ph,4,70,80,1.000000e+00,1.000000e+00,J:SOCP,2.554861e+00,1.638902e-09,2.963175e+00,7.461240e-02
large10kC_1ph,4,70,80,1.000000e+00,1.000000e+00,J:rootV,0.000000e+00,0.000000e+00,0.000000e+00,0.000000e+00
large10kC_1ph,4,70,80,1.000000e+00,1.000000e+00,J:energy,0.000000e+00,0.000000e+00,0.000000e+00,0.000000e+00
large10kC_1ph,3,70,80,1.000000e+00,1.000000e+00,K,1.774932e+03,1.000000e+00,4.558851e+00,5.626153e-02
large10kC_1ph,3,70,80,1.000000e+00,1.000000e+00,H.diag,1.775344e+03,1.000000e+00,4.558851e+00,3.875057e-01
large10kC_1ph,3,70,80,1.000000e+00,1.000000e+00,J,2.906761e+00,1.243574e-09,3.328526e+00,2.754056e-03
large10kC_1ph,3,70,80,1.000000e+00,1.000000e+00,H.barrier,1.802083e+03,1.000000e+00,4.558851e+00,6.166530e-01
large10kC_1ph,3,70,80,1.000000e+00,1.000000e+00,H.Vxx,2.922321e-02,2.042820e-12,8.096772e-02,0.000000e+00
large10kC_1ph,3,70,80,1.000000e+00,1.000000e+00,H.rest,3.816508e-03,2.877707e-14,3.487473e+00,9.325516e-03
large10kC_1ph,3,70,80,1.000000e+00,1.000000e+00,H.diag:ps,3.469572e-01,2.050579e-29,1.850583e-01,0.000000e+00
large10kC_1ph,3,70,80,1.000000e+00,1.000000e+00,H.barrier:ps,3.469572e-01,2.050579e-29,1.850583e-01,0.000000e+00
large10kC_1ph,3,70,80,1.000000e+00,1.000000e+00,H.diag:qs,0.000000e+00,0.000000e+00,0.000000e+00,0.000000e+00
large10kC_1ph,3,70,80,1.000000e+00,1.000000e+00,H.diag:P,7.110536e-01,1.438854e-14,3.487473e+00,9.786822e-03
large10kC_1ph,3,70,80,1.000000e+00,1.000000e+00,H.diag:Q,7.110536e-01,1.438854e-14,3.487473e+00,9.786822e-03
large10kC_1ph,3,70,80,1.000000e+00,1.000000e+00,H.diag:v,2.129089e+03,1.000000e+00,4.031012e+00,1.719795e-01
large10kC_1ph,3,70,80,1.000000e+00,1.000000e+00,H.barrier:v,2.129089e+03,1.000000e+00,4.031012e+00,1.719795e-01
large10kC_1ph,3,70,80,1.000000e+00,1.000000e+00,H.diag:ell,9.773178e-01,3.330052e-15,1.853932e+00,8.610465e-01
large10kC_1ph,3,70,80,1.000000e+00,1.000000e+00,H.barrier:ell,9.773178e-01,3.330052e-15,1.853932e+00,8.610465e-01
large10kC_1ph,3,70,80,1.000000e+00,1.000000e+00,H.diag:pb,1.232737e-02,1.422034e-12,4.275104e-02,0.000000e+00
large10kC_1ph,3,70,80,1.000000e+00,1.000000e+00,H.barrier:pb,1.501398e-01,2.760765e-13,7.460045e-02,0.000000e+00
large10kC_1ph,3,70,80,1.000000e+00,1.000000e+00,H.diag:qnorm,5.401579e-02,6.955518e-16,4.151506e-02,0.000000e+00
large10kC_1ph,3,70,80,1.000000e+00,1.000000e+00,H.barrier:qnorm,5.401579e-02,6.955518e-16,4.151506e-02,0.000000e+00
large10kC_1ph,3,70,80,1.000000e+00,1.000000e+00,H.diag:soc_slack,9.859782e-01,1.500776e-14,4.558851e+00,1.000000e+00
large10kC_1ph,3,70,80,1.000000e+00,1.000000e+00,H.barrier:soc_slack,9.859782e-01,1.500776e-14,4.558851e+00,1.000000e+00
large10kC_1ph,3,70,80,1.000000e+00,1.000000e+00,H.diag:energy_slack,6.755086e-01,3.984188e-08,3.671528e-01,0.000000e+00
large10kC_1ph,3,70,80,1.000000e+00,1.000000e+00,H.barrier:energy_slack,6.755086e-01,3.984188e-08,3.671528e-01,0.000000e+00
large10kC_1ph,3,70,80,1.000000e+00,1.000000e+00,J:Pbal,0.000000e+00,0.000000e+00,0.000000e+00,0.000000e+00
large10kC_1ph,3,70,80,1.000000e+00,1.000000e+00,J:Qbal,0.000000e+00,0.000000e+00,0.000000e+00,0.000000e+00
large10kC_1ph,3,70,80,1.000000e+00,1.000000e+00,J:vdrop,0.000000e+00,0.000000e+00,0.000000e+00,0.000000e+00
large10kC_1ph,3,70,80,1.000000e+00,1.000000e+00,J:SOCP,2.994033e+00,1.243574e-09,3.328526e+00,9.031008e-03
large10kC_1ph,3,70,80,1.000000e+00,1.000000e+00,J:rootV,0.000000e+00,0.000000e+00,0.000000e+00,0.000000e+00
large10kC_1ph,3,70,80,1.000000e+00,1.000000e+00,J:energy,0.000000e+00,0.000000e+00,0.000000e+00,0.000000e+00
large10kC_1ph,2,70,80,1.000000e+00,1.000000e+00,K,2.026161e+03,1.000000e+00,4.564817e+00,5.783375e-02
large10kC_1ph,2,70,80,1.000000e+00,1.000000e+00,H.diag,2.026671e+03,1.000000e+00,4.564817e+00,3.992134e-01
large10kC_1ph,2,70,80,1.000000e+00,1.000000e+00,J,3.110477e+00,1.185651e-09,3.125656e+00,2.689046e-03
large10kC_1ph,2,70,80,1.000000e+00,1.000000e+00,H.barrier,2.066999e+03,1.000000e+00,4.564817e+00,6.354632e-01
large10kC_1ph,2,70,80,1.000000e+00,1.000000e+00,H.Vxx,2.058150e-02,1.039836e-12,7.219294e-02,0.000000e+00
large10kC_1ph,2,70,80,1.000000e+00,1.000000e+00,H.rest,3.715388e-03,2.718384e-14,3.669025e+00,9.325516e-03
large10kC_1ph,2,70,80,1.000000e+00,1.000000e+00,H.diag:ps,3.265998e-01,2.310357e-29,1.717268e-01,0.000000e+00
large10kC_1ph,2,70,80,1.000000e+00,1.000000e+00,H.barrier:ps,3.265998e-01,2.310357e-29,1.717268e-01,0.000000e+00
large10kC_1ph,2,70,80,1.000000e+00,1.000000e+00,H.diag:qs,0.000000e+00,0.000000e+00,0.000000e+00,0.000000e+00
large10kC_1ph,2,70,80,1.000000e+00,1.000000e+00,H.diag:P,7.138390e-01,1.359192e-14,3.669025e+00,9.786822e-03
large10kC_1ph,2,70,80,1.000000e+00,1.000000e+00,H.diag:Q,7.138390e-01,1.359192e-14,3.669025e+00,9.786822e-03
large10kC_1ph,2,70,80,1.000000e+00,1.000000e+00,H.diag:v,2.067057e+03,1.000000e+00,4.031012e+00,2.306947e-01
large10kC_1ph,2,70,80,1.000000e+00,1.000000e+00,H.barrier:v,2.067057e+03,1.000000e+00,4.031012e+00,2.306947e-01
large10kC_1ph,2,70,80,1.000000e+00,1.000000e+00,H.diag:ell,9.776100e-01,3.448487e-15,1.940112e+00,8.643411e-01
large10kC_1ph,2,70,80,1.000000e+00,1.000000e+00,H.barrier:ell,9.776100e-01,3.448487e-15,1.940112e+00,8.643411e-01
large10kC_1ph,2,70,80,1.000000e+00,1.000000e+00,H.diag:pb,9.406115e-03,8.332385e-13,3.697088e-02,0.000000e+00
large10kC_1ph,2,70,80,1.000000e+00,1.000000e+00,H.barrier:pb,2.020268e-01,4.276484e-13,1.095187e-01,0.000000e+00
large10kC_1ph,2,70,80,1.000000e+00,1.000000e+00,H.diag:qnorm,4.145987e-02,4.012223e-16,3.031782e-02,0.000000e+00
large10kC_1ph,2,70,80,1.000000e+00,1.000000e+00,H.barrier:qnorm,4.145987e-02,4.012223e-16,3.031782e-02,0.000000e+00
large10kC_1ph,2,70,80,1.000000e+00,1.000000e+00,H.diag:soc_slack,9.861637e-01,1.432113e-14,4.564817e+00,1.000000e+00
large10kC_1ph,2,70,80,1.000000e+00,1.000000e+00,H.barrier:soc_slack,9.861637e-01,1.432113e-14,4.564817e+00,1.000000e+00
large10kC_1ph,2,70,80,1.000000e+00,1.000000e+00,H.diag:energy_slack,1.245789e-01,3.756392e-14,6.200635e-02,0.000000e+00
large10kC_1ph,2,70,80,1.000000e+00,1.000000e+00,H.barrier:energy_slack,1.245789e-01,3.756392e-14,6.200635e-02,0.000000e+00
large10kC_1ph,2,70,80,1.000000e+00,1.000000e+00,J:Pbal,0.000000e+00,0.000000e+00,0.000000e+00,0.000000e+00
large10kC_1ph,2,70,80,1.000000e+00,1.000000e+00,J:Qbal,0.000000e+00,0.000000e+00,0.000000e+00,0.000000e+00
large10kC_1ph,2,70,80,1.000000e+00,1.000000e+00,J:vdrop,0.000000e+00,0.000000e+00,0.000000e+00,0.000000e+00
large10kC_1ph,2,70,80,1.000000e+00,1.000000e+00,J:SOCP,3.223287e+00,1.185651e-09,3.125656e+00,8.817829e-03
large10kC_1ph,2,70,80,1.000000e+00,1.000000e+00,J:rootV,0.000000e+00,0.000000e+00,0.000000e+00,0.000000e+00
large10kC_1ph,2,70,80,1.000000e+00,1.000000e+00,J:energy,0.000000e+00,0.000000e+00,0.000000e+00,0.000000e+00
large10kC_1ph,1,70,80,1.000000e+00,1.000000e+00,K,2.120053e+03,1.000000e+00,4.562467e+00,7.263499e-02
large10kC_1ph,1,70,80,1.000000e+00,1.000000e+00,H.diag,2.121394e+03,1.000000e+00,4.562467e+00,3.780664e-01
large10kC_1ph,1,70,80,1.000000e+00,1.000000e+00,J,2.359560e+00,1.565537e-09,2.349090e+00,2.329718e-02
large10kC_1ph,1,70,80,1.000000e+00,1.000000e+00,H.barrier,2.150647e+03,1.000000e+00,4.562467e+00,6.014872e-01
large10kC_1ph,1,70,80,1.000000e+00,1.000000e+00,H.Vxx,1.777937e-02,2.798946e-13,6.047645e-02,0.000000e+00
large10kC_1ph,1,70,80,1.000000e+00,1.000000e+00,H.rest,4.297075e-03,3.666512e-14,3.783492e+00,9.325516e-03
large10kC_1ph,1,70,80,1.000000e+00,1.000000e+00,H.diag:ps,2.242841e-01,3.980398e-30,1.102973e-01,0.000000e+00
large10kC_1ph,1,70,80,1.000000e+00,1.000000e+00,H.barrier:ps,2.242841e-01,3.980398e-30,1.102973e-01,0.000000e+00
large10kC_1ph,1,70,80,1.000000e+00,1.000000e+00,H.diag:qs,0.000000e+00,0.000000e+00,0.000000e+00,0.000000e+00
large10kC_1ph,1,70,80,1.000000e+00,1.000000e+00,H.diag:P,7.862876e-01,1.833256e-14,3.783492e+00,9.786822e-03
large10kC_1ph,1,70,80,1.000000e+00,1.000000e+00,H.diag:Q,7.862876e-01,1.833256e-14,3.783492e+00,9.786822e-03
large10kC_1ph,1,70,80,1.000000e+00,1.000000e+00,H.diag:v,2.367387e+03,1.000000e+00,4.031012e+00,1.263443e-01
large10kC_1ph,1,70,80,1.000000e+00,1.000000e+00,H.barrier:v,2.367387e+03,1.000000e+00,4.031012e+00,1.263443e-01
large10kC_1ph,1,70,80,1.000000e+00,1.000000e+00,H.diag:ell,9.858308e-01,2.625212e-15,1.931089e+00,8.566860e-01
large10kC_1ph,1,70,80,1.000000e+00,1.000000e+00,H.barrier:ell,9.858308e-01,2.625212e-15,1.931089e+00,8.566860e-01
large10kC_1ph,1,70,80,1.000000e+00,1.000000e+00,H.diag:pb,1.247130e-02,9.355343e-13,2.238563e-02,0.000000e+00
large10kC_1ph,1,70,80,1.000000e+00,1.000000e+00,H.barrier:pb,1.789476e-01,3.612743e-13,7.871407e-02,0.000000e+00
large10kC_1ph,1,70,80,1.000000e+00,1.000000e+00,H.diag:qnorm,3.034932e-02,2.135245e-16,3.191859e-02,0.000000e+00
large10kC_1ph,1,70,80,1.000000e+00,1.000000e+00,H.barrier:qnorm,3.034932e-02,2.135245e-16,3.191859e-02,0.000000e+00
large10kC_1ph,1,70,80,1.000000e+00,1.000000e+00,H.diag:soc_slack,9.924499e-01,1.573921e-14,4.562467e+00,1.000000e+00
large10kC_1ph,1,70,80,1.000000e+00,1.000000e+00,H.barrier:soc_slack,9.924499e-01,1.573921e-14,4.562467e+00,1.000000e+00
large10kC_1ph,1,70,80,1.000000e+00,1.000000e+00,H.diag:energy_slack,8.824414e-01,2.940708e-08,4.119888e-01,0.000000e+00
large10kC_1ph,1,70,80,1.000000e+00,1.000000e+00,H.barrier:energy_slack,8.824414e-01,2.940708e-08,4.119888e-01,0.000000e+00
large10kC_1ph,1,70,80,1.000000e+00,1.000000e+00,J:Pbal,0.000000e+00,0.000000e+00,0.000000e+00,0.000000e+00
large10kC_1ph,1,70,80,1.000000e+00,1.000000e+00,J:Qbal,0.000000e+00,0.000000e+00,0.000000e+00,0.000000e+00
large10kC_1ph,1,70,80,1.000000e+00,1.000000e+00,J:vdrop,0.000000e+00,0.000000e+00,0.000000e+00,0.000000e+00
large10kC_1ph,1,70,80,1.000000e+00,1.000000e+00,J:SOCP,2.396044e+00,1.565537e-09,2.349090e+00,7.639535e-02
large10kC_1ph,1,70,80,1.000000e+00,1.000000e+00,J:rootV,0.000000e+00,0.000000e+00,0.000000e+00,0.000000e+00
large10kC_1ph,1,70,80,1.000000e+00,1.000000e+00,J:energy,0.000000e+00,0.000000e+00,0.000000e+00,0.000000e+00
large10kC_1ph,6,80,90,1.000000e+00,8.000000e-03,K,1.489792e+03,1.000000e+00,5.311333e+00,1.422578e-01
large10kC_1ph,6,80,90,1.000000e+00,8.000000e-03,H.diag,1.489792e+03,1.000000e+00,4.165149e+00,5.419921e-01
large10kC_1ph,6,80,90,1.000000e+00,8.000000e-03,J,7.660180e-01,9.670169e-16,5.311333e+00,7.768683e-02
large10kC_1ph,6,80,90,1.000000e+00,8.000000e-03,H.barrier,1.489800e+03,1.000000e+00,4.165149e+00,9.007759e-01
large10kC_1ph,6,80,90,1.000000e+00,8.000000e-03,H.Vxx,0.000000e+00,0.000000e+00,NaN,NaN
large10kC_1ph,6,80,90,1.000000e+00,8.000000e-03,H.rest,6.059855e-06,1.649555e-22,3.081664e-01,0.000000e+00
large10kC_1ph,6,80,90,1.000000e+00,8.000000e-03,H.diag:ps,9.849891e-01,3.200687e-35,1.823595e+00,1.000000e+00
large10kC_1ph,6,80,90,1.000000e+00,8.000000e-03,H.barrier:ps,9.849891e-01,3.200687e-35,1.823595e+00,1.000000e+00
large10kC_1ph,6,80,90,1.000000e+00,8.000000e-03,H.diag:qs,0.000000e+00,0.000000e+00,0.000000e+00,0.000000e+00
large10kC_1ph,6,80,90,1.000000e+00,8.000000e-03,H.diag:P,4.770442e-01,8.247776e-23,3.081664e-01,0.000000e+00
large10kC_1ph,6,80,90,1.000000e+00,8.000000e-03,H.diag:Q,4.770442e-01,8.247776e-23,3.081664e-01,0.000000e+00
large10kC_1ph,6,80,90,1.000000e+00,8.000000e-03,H.diag:v,1.489800e+03,1.000000e+00,4.165149e+00,1.000000e+00
large10kC_1ph,6,80,90,1.000000e+00,8.000000e-03,H.barrier:v,1.489800e+03,1.000000e+00,4.165149e+00,1.000000e+00
large10kC_1ph,6,80,90,1.000000e+00,8.000000e-03,H.diag:ell,3.154705e+01,5.001081e-23,2.053202e+00,6.728682e-01
large10kC_1ph,6,80,90,1.000000e+00,8.000000e-03,H.barrier:ell,3.154705e+01,5.001081e-23,2.053202e+00,6.728682e-01
large10kC_1ph,6,80,90,1.000000e+00,8.000000e-03,H.diag:pb,9.366541e-04,3.948171e-18,5.740443e-04,0.000000e+00
large10kC_1ph,6,80,90,1.000000e+00,8.000000e-03,H.barrier:pb,9.854113e-01,3.948171e-18,1.840081e+00,1.000000e+00
large10kC_1ph,6,80,90,1.000000e+00,8.000000e-03,H.diag:qnorm,9.847144e-01,1.044503e-19,1.864139e+00,1.000000e+00
large10kC_1ph,6,80,90,1.000000e+00,8.000000e-03,H.barrier:qnorm,9.847144e-01,1.044503e-19,1.864139e+00,1.000000e+00
large10kC_1ph,6,80,90,1.000000e+00,8.000000e-03,H.diag:soc_slack,1.362045e+02,1.168233e-21,2.351701e+00,1.000000e+00
large10kC_1ph,6,80,90,1.000000e+00,8.000000e-03,H.barrier:soc_slack,1.362045e+02,1.168233e-21,2.351701e+00,1.000000e+00
large10kC_1ph,6,80,90,1.000000e+00,8.000000e-03,H.diag:energy_slack,9.856960e-01,1.762396e-18,1.849180e+00,1.000000e+00
large10kC_1ph,6,80,90,1.000000e+00,8.000000e-03,H.barrier:energy_slack,9.856960e-01,1.762396e-18,1.849180e+00,1.000000e+00
large10kC_1ph,6,80,90,1.000000e+00,8.000000e-03,J:Pbal,0.000000e+00,0.000000e+00,0.000000e+00,0.000000e+00
large10kC_1ph,6,80,90,1.000000e+00,8.000000e-03,J:Qbal,0.000000e+00,0.000000e+00,0.000000e+00,0.000000e+00
large10kC_1ph,6,80,90,1.000000e+00,8.000000e-03,J:vdrop,0.000000e+00,0.000000e+00,0.000000e+00,0.000000e+00
large10kC_1ph,6,80,90,1.000000e+00,8.000000e-03,J:SOCP,7.669059e-01,9.670169e-16,5.311333e+00,2.547481e-01
large10kC_1ph,6,80,90,1.000000e+00,8.000000e-03,J:rootV,0.000000e+00,0.000000e+00,0.000000e+00,0.000000e+00
large10kC_1ph,6,80,90,1.000000e+00,8.000000e-03,J:energy,0.000000e+00,0.000000e+00,0.000000e+00,0.000000e+00
large10kC_1ph,5,80,90,1.000000e+00,8.000000e-03,K,1.492684e+03,1.000000e+00,6.236747e+00,1.394543e-01
large10kC_1ph,5,80,90,1.000000e+00,8.000000e-03,H.diag,1.492684e+03,1.000000e+00,4.165149e+00,5.335407e-01
large10kC_1ph,5,80,90,1.000000e+00,8.000000e-03,J,7.296777e-01,9.599748e-16,6.236747e+00,7.579563e-02
large10kC_1ph,5,80,90,1.000000e+00,8.000000e-03,H.barrier,1.492684e+03,1.000000e+00,4.165149e+00,8.871973e-01
large10kC_1ph,5,80,90,1.000000e+00,8.000000e-03,H.Vxx,6.591533e-02,4.378181e-18,4.390083e-02,0.000000e+00
large10kC_1ph,5,80,90,1.000000e+00,8.000000e-03,H.rest,4.409865e-04,1.735066e-22,3.611780e-01,0.000000e+00
large10kC_1ph,5,80,90,1.000000e+00,8.000000e-03,H.diag:ps,9.838668e-01,2.044685e-35,1.792280e+00,1.000000e+00
large10kC_1ph,5,80,90,1.000000e+00,8.000000e-03,H.barrier:ps,9.838668e-01,2.044685e-35,1.792280e+00,1.000000e+00
large10kC_1ph,5,80,90,1.000000e+00,8.000000e-03,H.diag:qs,0.000000e+00,0.000000e+00,0.000000e+00,0.000000e+00
large10kC_1ph,5,80,90,1.000000e+00,8.000000e-03,H.diag:P,4.789714e-01,8.675331e-23,3.611780e-01,0.000000e+00
large10kC_1ph,5,80,90,1.000000e+00,8.000000e-03,H.diag:Q,4.789714e-01,8.675331e-23,3.611780e-01,0.000000e+00
large10kC_1ph,5,80,90,1.000000e+00,8.000000e-03,H.diag:v,1.492684e+03,1.000000e+00,4.165149e+00,1.000000e+00
large10kC_1ph,5,80,90,1.000000e+00,8.000000e-03,H.barrier:v,1.492684e+03,1.000000e+00,4.165149e+00,1.000000e+00
large10kC_1ph,5,80,90,1.000000e+00,8.000000e-03,H.diag:ell,3.038676e+01,4.633690e-23,2.050806e+00,6.281008e-01
large10kC_1ph,5,80,90,1.000000e+00,8.000000e-03,H.barrier:ell,3.038676e+01,4.633690e-23,2.050806e+00,6.281008e-01
large10kC_1ph,5,80,90,1.000000e+00,8.000000e-03,H.diag:pb,6.627219e-02,1.781585e-17,4.242680e-02,0.000000e+00
large10kC_1ph,5,80,90,1.000000e+00,8.000000e-03,H.barrier:pb,9.865074e-01,4.536524e-18,1.875424e+00,1.000000e+00
large10kC_1ph,5,80,90,1.000000e+00,8.000000e-03,H.diag:qnorm,9.839789e-01,1.000389e-19,1.879256e+00,1.000000e+00
large10kC_1ph,5,80,90,1.000000e+00,8.000000e-03,H.barrier:qnorm,9.839789e-01,1.000389e-19,1.879256e+00,1.000000e+00
large10kC_1ph,5,80,90,1.000000e+00,8.000000e-03,H.diag:soc_slack,1.349930e+02,1.265024e-21,2.338164e+00,1.000000e+00
large10kC_1ph,5,80,90,1.000000e+00,8.000000e-03,H.barrier:soc_slack,1.349930e+02,1.265024e-21,2.338164e+00,1.000000e+00
large10kC_1ph,5,80,90,1.000000e+00,8.000000e-03,H.diag:energy_slack,9.709384e-01,4.487308e-18,1.647376e+00,1.000000e+00
large10kC_1ph,5,80,90,1.000000e+00,8.000000e-03,H.barrier:energy_slack,9.709384e-01,4.487308e-18,1.647376e+00,1.000000e+00
large10kC_1ph,5,80,90,1.000000e+00,8.000000e-03,J:Pbal,0.000000e+00,0.000000e+00,0.000000e+00,0.000000e+00
large10kC_1ph,5,80,90,1.000000e+00,8.000000e-03,J:Qbal,0.000000e+00,0.000000e+00,0.000000e+00,0.000000e+00
large10kC_1ph,5,80,90,1.000000e+00,8.000000e-03,J:vdrop,0.000000e+00,0.000000e+00,0.000000e+00,0.000000e+00
large10kC_1ph,5,80,90,1.000000e+00,8.000000e-03,J:SOCP,7.304516e-01,9.599748e-16,6.236747e+00,2.485465e-01
large10kC_1ph,5,80,90,1.000000e+00,8.000000e-03,J:rootV,0.000000e+00,0.000000e+00,0.000000e+00,0.000000e+00
large10kC_1ph,5,80,90,1.000000e+00,8.000000e-03,J:energy,0.000000e+00,0.000000e+00,0.000000e+00,0.000000e+00
large10kC_1ph,4,80,90,1.000000e+00,8.000000e-03,K,1.492115e+03,1.000000e+00,4.165149e+00,1.280824e-01
large10kC_1ph,4,80,90,1.000000e+00,8.000000e-03,H.diag,1.492115e+03,1.000000e+00,4.165149e+00,5.201866e-01
large10kC_1ph,4,80,90,1.000000e+00,8.000000e-03,J,5.283850e-01,3.529542e-16,3.481656e+00,6.474395e-02
large10kC_1ph,4,80,90,1.000000e+00,8.000000e-03,H.barrier,1.492115e+03,1.000000e+00,4.165149e+00,8.657418e-01
large10kC_1ph,4,80,90,1.000000e+00,8.000000e-03,H.Vxx,3.003812e-01,4.228939e-17,1.974649e-01,0.000000e+00
large10kC_1ph,4,80,90,1.000000e+00,8.000000e-03,H.rest,7.848732e-04,5.499298e-22,3.830034e-01,0.000000e+00
large10kC_1ph,4,80,90,1.000000e+00,8.000000e-03,H.diag:ps,9.850298e-01,1.952525e-35,1.824772e+00,1.000000e+00
large10kC_1ph,4,80,90,1.000000e+00,8.000000e-03,H.barrier:ps,9.850298e-01,1.952525e-35,1.824772e+00,1.000000e+00
large10kC_1ph,4,80,90,1.000000e+00,8.000000e-03,H.diag:qs,0.000000e+00,0.000000e+00,0.000000e+00,0.000000e+00
large10kC_1ph,4,80,90,1.000000e+00,8.000000e-03,H.diag:P,5.158249e-01,2.749649e-22,3.830034e-01,0.000000e+00
large10kC_1ph,4,80,90,1.000000e+00,8.000000e-03,H.diag:Q,5.158249e-01,2.749649e-22,3.830034e-01,0.000000e+00
large10kC_1ph,4,80,90,1.000000e+00,8.000000e-03,H.diag:v,1.492115e+03,1.000000e+00,4.165149e+00,1.000000e+00
large10kC_1ph,4,80,90,1.000000e+00,8.000000e-03,H.barrier:v,1.492115e+03,1.000000e+00,4.165149e+00,1.000000e+00
large10kC_1ph,4,80,90,1.000000e+00,8.000000e-03,H.diag:ell,2.925544e+01,2.238180e-22,1.796783e+00,5.573643e-01
large10kC_1ph,4,80,90,1.000000e+00,8.000000e-03,H.barrier:ell,2.925544e+01,2.238180e-22,1.796783e+00,5.573643e-01
large10kC_1ph,4,80,90,1.000000e+00,8.000000e-03,H.diag:pb,1.581015e-01,7.135436e-17,1.001080e-01,0.000000e+00
large10kC_1ph,4,80,90,1.000000e+00,8.000000e-03,H.barrier:pb,9.859226e-01,3.822237e-18,1.851567e+00,1.000000e+00
large10kC_1ph,4,80,90,1.000000e+00,8.000000e-03,H.diag:qnorm,9.828391e-01,9.495085e-20,1.902733e+00,1.000000e+00
large10kC_1ph,4,80,90,1.000000e+00,8.000000e-03,H.barrier:qnorm,9.828391e-01,9.495085e-20,1.902733e+00,1.000000e+00
large10kC_1ph,4,80,90,1.000000e+00,8.000000e-03,H.diag:soc_slack,1.517682e+02,1.021697e-20,2.381876e+00,1.000000e+00
large10kC_1ph,4,80,90,1.000000e+00,8.000000e-03,H.barrier:soc_slack,1.517682e+02,1.021697e-20,2.381876e+00,1.000000e+00
large10kC_1ph,4,80,90,1.000000e+00,8.000000e-03,H.diag:energy_slack,7.084527e+01,7.763420e-10,1.863063e+00,1.000000e+00
large10kC_1ph,4,80,90,1.000000e+00,8.000000e-03,H.barrier:energy_slack,7.084527e+01,7.763420e-10,1.863063e+00,1.000000e+00
large10kC_1ph,4,80,90,1.000000e+00,8.000000e-03,J:Pbal,0.000000e+00,0.000000e+00,0.000000e+00,0.000000e+00
large10kC_1ph,4,80,90,1.000000e+00,8.000000e-03,J:Qbal,0.000000e+00,0.000000e+00,0.000000e+00,0.000000e+00
large10kC_1ph,4,80,90,1.000000e+00,8.000000e-03,J:vdrop,0.000000e+00,0.000000e+00,0.000000e+00,0.000000e+00
large10kC_1ph,4,80,90,1.000000e+00,8.000000e-03,J:SOCP,5.291852e-01,3.529542e-16,3.481656e+00,2.123062e-01
large10kC_1ph,4,80,90,1.000000e+00,8.000000e-03,J:rootV,0.000000e+00,0.000000e+00,0.000000e+00,0.000000e+00
large10kC_1ph,4,80,90,1.000000e+00,8.000000e-03,J:energy,0.000000e+00,0.000000e+00,0.000000e+00,0.000000e+00
large10kC_1ph,3,80,90,1.000000e+00,8.000000e-03,K,1.488851e+03,1.000000e+00,4.165149e+00,1.275634e-01
large10kC_1ph,3,80,90,1.000000e+00,8.000000e-03,H.diag,1.488851e+03,1.000000e+00,4.165149e+00,5.207720e-01
large10kC_1ph,3,80,90,1.000000e+00,8.000000e-03,J,4.812155e-01,2.074479e-16,3.489381e+00,6.404657e-02
large10kC_1ph,3,80,90,1.000000e+00,8.000000e-03,H.barrier,1.488851e+03,1.000000e+00,4.165149e+00,8.666823e-01
large10kC_1ph,3,80,90,1.000000e+00,8.000000e-03,H.Vxx,5.935450e-02,3.627538e-18,4.347702e-02,0.000000e+00
large10kC_1ph,3,80,90,1.000000e+00,8.000000e-03,H.rest,1.072303e-03,1.024593e-21,2.525913e-01,0.000000e+00
large10kC_1ph,3,80,90,1.000000e+00,8.000000e-03,H.diag:ps,9.849926e-01,3.178969e-35,1.823695e+00,1.000000e+00
large10kC_1ph,3,80,90,1.000000e+00,8.000000e-03,H.barrier:ps,9.849926e-01,3.178969e-35,1.823695e+00,1.000000e+00
large10kC_1ph,3,80,90,1.000000e+00,8.000000e-03,H.diag:qs,0.000000e+00,0.000000e+00,0.000000e+00,0.000000e+00
large10kC_1ph,3,80,90,1.000000e+00,8.000000e-03,H.diag:P,5.135470e-01,5.122963e-22,2.525913e-01,0.000000e+00
large10kC_1ph,3,80,90,1.000000e+00,8.000000e-03,H.diag:Q,5.135470e-01,5.122963e-22,2.525913e-01,0.000000e+00
large10kC_1ph,3,80,90,1.000000e+00,8.000000e-03,H.diag:v,1.488851e+03,1.000000e+00,4.165149e+00,1.000000e+00
large10kC_1ph,3,80,90,1.000000e+00,8.000000e-03,H.barrier:v,1.488851e+03,1.000000e+00,4.165149e+00,1.000000e+00
large10kC_1ph,3,80,90,1.000000e+00,8.000000e-03,H.diag:ell,3.066074e+01,7.887580e-22,1.818768e+00,5.604651e-01
large10kC_1ph,3,80,90,1.000000e+00,8.000000e-03,H.barrier:ell,3.066074e+01,7.887580e-22,1.818768e+00,5.604651e-01
large10kC_1ph,3,80,90,1.000000e+00,8.000000e-03,H.diag:pb,7.073488e-02,2.084370e-17,4.874572e-02,0.000000e+00
large10kC_1ph,3,80,90,1.000000e+00,8.000000e-03,H.barrier:pb,9.855047e-01,7.082547e-18,1.842525e+00,1.000000e+00
large10kC_1ph,3,80,90,1.000000e+00,8.000000e-03,H.diag:qnorm,9.825913e-01,9.420476e-20,1.901028e+00,1.000000e+00
large10kC_1ph,3,80,90,1.000000e+00,8.000000e-03,H.barrier:qnorm,9.825913e-01,9.420476e-20,1.901028e+00,1.000000e+00
large10kC_1ph,3,80,90,1.000000e+00,8.000000e-03,H.diag:soc_slack,1.574842e+02,3.581027e-20,2.402083e+00,1.000000e+00
large10kC_1ph,3,80,90,1.000000e+00,8.000000e-03,H.barrier:soc_slack,1.574842e+02,3.581027e-20,2.402083e+00,1.000000e+00
large10kC_1ph,3,80,90,1.000000e+00,8.000000e-03,H.diag:energy_slack,6.896679e+01,5.239195e-10,1.866674e+00,1.000000e+00
large10kC_1ph,3,80,90,1.000000e+00,8.000000e-03,H.barrier:energy_slack,6.896679e+01,5.239195e-10,1.866674e+00,1.000000e+00
large10kC_1ph,3,80,90,1.000000e+00,8.000000e-03,J:Pbal,0.000000e+00,0.000000e+00,0.000000e+00,0.000000e+00
large10kC_1ph,3,80,90,1.000000e+00,8.000000e-03,J:Qbal,0.000000e+00,0.000000e+00,0.000000e+00,0.000000e+00
large10kC_1ph,3,80,90,1.000000e+00,8.000000e-03,J:vdrop,0.000000e+00,0.000000e+00,0.000000e+00,0.000000e+00
large10kC_1ph,3,80,90,1.000000e+00,8.000000e-03,J:SOCP,4.822431e-01,2.074479e-16,3.489381e+00,2.100194e-01
large10kC_1ph,3,80,90,1.000000e+00,8.000000e-03,J:rootV,0.000000e+00,0.000000e+00,0.000000e+00,0.000000e+00
large10kC_1ph,3,80,90,1.000000e+00,8.000000e-03,J:energy,0.000000e+00,0.000000e+00,0.000000e+00,0.000000e+00
large10kC_1ph,2,80,90,1.000000e+00,8.000000e-03,K,1.487703e+03,1.000000e+00,4.165149e+00,1.315576e-01
large10kC_1ph,2,80,90,1.000000e+00,8.000000e-03,H.diag,1.487703e+03,1.000000e+00,4.165149e+00,5.262965e-01
large10kC_1ph,2,80,90,1.000000e+00,8.000000e-03,J,5.048197e-01,2.095230e-16,2.901893e+00,6.779350e-02
large10kC_1ph,2,80,90,1.000000e+00,8.000000e-03,H.barrier,1.487703e+03,1.000000e+00,4.165149e+00,8.755584e-01
large10kC_1ph,2,80,90,1.000000e+00,8.000000e-03,H.Vxx,7.907111e-02,6.758564e-18,5.692988e-02,0.000000e+00
large10kC_1ph,2,80,90,1.000000e+00,8.000000e-03,H.rest,1.038649e-03,9.596478e-22,2.527617e-01,0.000000e+00
large10kC_1ph,2,80,90,1.000000e+00,8.000000e-03,H.diag:ps,9.848326e-01,4.303286e-35,1.819088e+00,1.000000e+00
large10kC_1ph,2,80,90,1.000000e+00,8.000000e-03,H.barrier:ps,9.848326e-01,4.303286e-35,1.819088e+00,1.000000e+00
large10kC_1ph,2,80,90,1.000000e+00,8.000000e-03,H.diag:qs,0.000000e+00,0.000000e+00,0.000000e+00,0.000000e+00
large10kC_1ph,2,80,90,1.000000e+00,8.000000e-03,H.diag:P,5.042286e-01,4.798239e-22,2.527617e-01,0.000000e+00
large10kC_1ph,2,80,90,1.000000e+00,8.000000e-03,H.diag:Q,5.042286e-01,4.798239e-22,2.527617e-01,0.000000e+00
large10kC_1ph,2,80,90,1.000000e+00,8.000000e-03,H.diag:v,1.487703e+03,1.000000e+00,4.165149e+00,1.000000e+00
large10kC_1ph,2,80,90,1.000000e+00,8.000000e-03,H.barrier:v,1.487703e+03,1.000000e+00,4.165149e+00,1.000000e+00
large10kC_1ph,2,80,90,1.000000e+00,8.000000e-03,H.diag:ell,3.176836e+01,8.532992e-22,1.820243e+00,5.897287e-01
large10kC_1ph,2,80,90,1.000000e+00,8.000000e-03,H.barrier:ell,3.176836e+01,8.532992e-22,1.820243e+00,5.897287e-01
large10kC_1ph,2,80,90,1.000000e+00,8.000000e-03,H.diag:pb,7.932829e-02,2.677019e-17,5.236901e-02,0.000000e+00
large10kC_1ph,2,80,90,1.000000e+00,8.000000e-03,H.barrier:pb,9.854147e-01,6.631208e-18,1.842304e+00,1.000000e+00
large10kC_1ph,2,80,90,1.000000e+00,8.000000e-03,H.diag:qnorm,9.831687e-01,9.485234e-20,1.890119e+00,1.000000e+00
large10kC_1ph,2,80,90,1.000000e+00,8.000000e-03,H.barrier:qnorm,9.831687e-01,9.485234e-20,1.890119e+00,1.000000e+00
large10kC_1ph,2,80,90,1.000000e+00,8.000000e-03,H.diag:soc_slack,1.572421e+02,3.334921e-20,2.403775e+00,1.000000e+00
large10kC_1ph,2,80,90,1.000000e+00,8.000000e-03,H.barrier:soc_slack,1.572421e+02,3.334921e-20,2.403775e+00,1.000000e+00
large10kC_1ph,2,80,90,1.000000e+00,8.000000e-03,H.diag:energy_slack,9.859296e-01,1.338895e-18,1.852910e+00,1.000000e+00
large10kC_1ph,2,80,90,1.000000e+00,8.000000e-03,H.barrier:energy_slack,9.859296e-01,1.338895e-18,1.852910e+00,1.000000e+00
large10kC_1ph,2,80,90,1.000000e+00,8.000000e-03,J:Pbal,0.000000e+00,0.000000e+00,0.000000e+00,0.000000e+00
large10kC_1ph,2,80,90,1.000000e+00,8.000000e-03,J:Qbal,0.000000e+00,0.000000e+00,0.000000e+00,0.000000e+00
large10kC_1ph,2,80,90,1.000000e+00,8.000000e-03,J:vdrop,0.000000e+00,0.000000e+00,0.000000e+00,0.000000e+00
large10kC_1ph,2,80,90,1.000000e+00,8.000000e-03,J:SOCP,5.059926e-01,2.095230e-16,2.901893e+00,2.223062e-01
large10kC_1ph,2,80,90,1.000000e+00,8.000000e-03,J:rootV,0.000000e+00,0.000000e+00,0.000000e+00,0.000000e+00
large10kC_1ph,2,80,90,1.000000e+00,8.000000e-03,J:energy,0.000000e+00,0.000000e+00,0.000000e+00,0.000000e+00
large10kC_1ph,1,80,90,1.000000e+00,8.000000e-03,K,1.491345e+03,1.000000e+00,4.165149e+00,1.298480e-01
large10kC_1ph,1,80,90,1.000000e+00,8.000000e-03,H.diag,1.491345e+03,1.000000e+00,4.165149e+00,5.210647e-01
large10kC_1ph,1,80,90,1.000000e+00,8.000000e-03,J,5.328757e-01,3.514444e-16,2.753929e+00,6.665288e-02
large10kC_1ph,1,80,90,1.000000e+00,8.000000e-03,H.barrier,1.491345e+03,1.000000e+00,4.165149e+00,8.671526e-01
large10kC_1ph,1,80,90,1.000000e+00,8.000000e-03,H.Vxx,2.432794e-01,2.379043e-17,1.568344e-01,0.000000e+00
large10kC_1ph,1,80,90,1.000000e+00,8.000000e-03,H.rest,7.858472e-04,5.512268e-22,2.549480e-01,0.000000e+00
large10kC_1ph,1,80,90,1.000000e+00,8.000000e-03,H.diag:ps,9.852030e-01,2.077519e-35,1.829827e+00,1.000000e+00
large10kC_1ph,1,80,90,1.000000e+00,8.000000e-03,H.barrier:ps,9.852030e-01,2.077519e-35,1.829827e+00,1.000000e+00
large10kC_1ph,1,80,90,1.000000e+00,8.000000e-03,H.diag:qs,0.000000e+00,0.000000e+00,0.000000e+00,0.000000e+00
large10kC_1ph,1,80,90,1.000000e+00,8.000000e-03,H.diag:P,5.179401e-01,2.756134e-22,2.549480e-01,0.000000e+00
large10kC_1ph,1,80,90,1.000000e+00,8.000000e-03,H.diag:Q,5.179401e-01,2.756134e-22,2.549480e-01,0.000000e+00
large10kC_1ph,1,80,90,1.000000e+00,8.000000e-03,H.diag:v,1.491345e+03,1.000000e+00,4.165149e+00,1.000000e+00
large10kC_1ph,1,80,90,1.000000e+00,8.000000e-03,H.barrier:v,1.491345e+03,1.000000e+00,4.165149e+00,1.000000e+00
large10kC_1ph,1,80,90,1.000000e+00,8.000000e-03,H.diag:ell,2.947883e+01,2.272787e-22,1.800582e+00,5.620155e-01
large10kC_1ph,1,80,90,1.000000e+00,8.000000e-03,H.barrier:ell,2.947883e+01,2.272787e-22,1.800582e+00,5.620155e-01
large10kC_1ph,1,80,90,1.000000e+00,8.000000e-03,H.diag:pb,1.427435e-01,5.611190e-17,9.035392e-02,0.000000e+00
large10kC_1ph,1,80,90,1.000000e+00,8.000000e-03,H.barrier:pb,9.854262e-01,6.837528e-18,1.839720e+00,1.000000e+00
large10kC_1ph,1,80,90,1.000000e+00,8.000000e-03,H.diag:qnorm,9.838318e-01,9.589375e-20,1.887066e+00,1.000000e+00
large10kC_1ph,1,80,90,1.000000e+00,8.000000e-03,H.barrier:qnorm,9.838318e-01,9.589375e-20,1.887066e+00,1.000000e+00
large10kC_1ph,1,80,90,1.000000e+00,8.000000e-03,H.diag:soc_slack,1.526528e+02,1.018123e-20,2.384550e+00,1.000000e+00
large10kC_1ph,1,80,90,1.000000e+00,8.000000e-03,H.barrier:soc_slack,1.526528e+02,1.018123e-20,2.384550e+00,1.000000e+00
large10kC_1ph,1,80,90,1.000000e+00,8.000000e-03,H.diag:energy_slack,6.935790e+01,2.874732e-10,1.870514e+00,1.000000e+00
large10kC_1ph,1,80,90,1.000000e+00,8.000000e-03,H.barrier:energy_slack,6.935790e+01,2.874732e-10,1.870514e+00,1.000000e+00
large10kC_1ph,1,80,90,1.000000e+00,8.000000e-03,J:Pbal,0.000000e+00,0.000000e+00,0.000000e+00,0.000000e+00
large10kC_1ph,1,80,90,1.000000e+00,8.000000e-03,J:Qbal,0.000000e+00,0.000000e+00,0.000000e+00,0.000000e+00
large10kC_1ph,1,80,90,1.000000e+00,8.000000e-03,J:vdrop,0.000000e+00,0.000000e+00,0.000000e+00,0.000000e+00
large10kC_1ph,1,80,90,1.000000e+00,8.000000e-03,J:SOCP,5.337000e-01,3.514444e-16,2.753929e+00,2.185659e-01
large10kC_1ph,1,80,90,1.000000e+00,8.000000e-03,J:rootV,0.000000e+00,0.000000e+00,0.000000e+00,0.000000e+00
large10kC_1ph,1,80,90,1.000000e+00,8.000000e-03,J:energy,0.000000e+00,0.000000e+00,0.000000e+00,0.000000e+00
large10kC_1ph,6,90,100,8.000000e-03,1.600000e-03,K,1.491043e+05,1.000000e+00,5.174590e+00,1.303314e-02
large10kC_1ph,6,90,100,8.000000e-03,1.600000e-03,H.diag,1.491043e+05,1.000000e+00,5.174590e+00,7.900851e-02
large10kC_1ph,6,90,100,8.000000e-03,1.600000e-03,J,7.015834e-01,2.732402e-26,4.382059e+00,2.375816e-03
large10kC_1ph,6,90,100,8.000000e-03,1.600000e-03,H.barrier,1.491043e+05,1.000000e+00,5.174590e+00,1.269398e-01
large10kC_1ph,6,90,100,8.000000e-03,1.600000e-03,H.Vxx,0.000000e+00,0.000000e+00,NaN,NaN
large10kC_1ph,6,90,100,8.000000e-03,1.600000e-03,H.rest,4.459105e-06,4.016590e-33,1.712288e-01,0.000000e+00
large10kC_1ph,6,90,100,8.000000e-03,1.600000e-03,H.diag:ps,4.353673e-01,6.336107e-50,2.482340e-01,0.000000e+00
large10kC_1ph,6,90,100,8.000000e-03,1.600000e-03,H.barrier:ps,8.580752e-01,2.461283e-49,8.479416e-01,0.000000e+00
large10kC_1ph,6,90,100,8.000000e-03,1.600000e-03,H.diag:qs,0.000000e+00,0.000000e+00,0.000000e+00,0.000000e+00
large10kC_1ph,6,90,100,8.000000e-03,1.600000e-03,H.diag:P,2.446797e-01,2.008295e-33,1.712288e-01,0.000000e+00
large10kC_1ph,6,90,100,8.000000e-03,1.600000e-03,H.diag:Q,2.446797e-01,2.008295e-33,1.712288e-01,0.000000e+00
large10kC_1ph,6,90,100,8.000000e-03,1.600000e-03,H.diag:v,1.491043e+05,1.000000e+00,5.174590e+00,9.688984e-05
large10kC_1ph,6,90,100,8.000000e-03,1.600000e-03,H.barrier:v,1.491043e+05,1.000000e+00,5.174590e+00,9.688984e-05
large10kC_1ph,6,90,100,8.000000e-03,1.600000e-03,H.diag:ell,3.285129e+00,2.549068e-32,8.898501e-01,0.000000e+00
large10kC_1ph,6,90,100,8.000000e-03,1.600000e-03,H.barrier:ell,3.285129e+00,2.549068e-32,8.898501e-01,0.000000e+00
large10kC_1ph,6,90,100,8.000000e-03,1.600000e-03,H.diag:pb,1.190525e-05,2.863196e-32,7.367292e-06,0.000000e+00
large10kC_1ph,6,90,100,8.000000e-03,1.600000e-03,H.barrier:pb,8.577616e-01,2.863196e-32,8.472593e-01,0.000000e+00
large10kC_1ph,6,90,100,8.000000e-03,1.600000e-03,H.diag:qnorm,8.586735e-01,8.362653e-34,8.615190e-01,0.000000e+00
large10kC_1ph,6,90,100,8.000000e-03,1.600000e-03,H.barrier:qnorm,8.586735e-01,8.362653e-34,8.615190e-01,0.000000e+00
large10kC_1ph,6,90,100,8.000000e-03,1.600000e-03,H.diag:soc_slack,7.469897e+00,2.971936e-30,1.185419e+00,4.184109e-01
large10kC_1ph,6,90,100,8.000000e-03,1.600000e-03,H.barrier:soc_slack,7.469897e+00,2.971936e-30,1.185419e+00,4.184109e-01
large10kC_1ph,6,90,100,8.000000e-03,1.600000e-03,H.diag:energy_slack,8.574963e-01,1.227232e-32,8.464422e-01,0.000000e+00
large10kC_1ph,6,90,100,8.000000e-03,1.600000e-03,H.barrier:energy_slack,8.574963e-01,1.227232e-32,8.464422e-01,0.000000e+00
large10kC_1ph,6,90,100,8.000000e-03,1.600000e-03,J:Pbal,0.000000e+00,0.000000e+00,0.000000e+00,0.000000e+00
large10kC_1ph,6,90,100,8.000000e-03,1.600000e-03,J:Qbal,0.000000e+00,0.000000e+00,0.000000e+00,0.000000e+00
large10kC_1ph,6,90,100,8.000000e-03,1.600000e-03,J:vdrop,0.000000e+00,0.000000e+00,0.000000e+00,0.000000e+00
large10kC_1ph,6,90,100,8.000000e-03,1.600000e-03,J:SOCP,7.026696e-01,2.732402e-26,4.382059e+00,7.790698e-03
large10kC_1ph,6,90,100,8.000000e-03,1.600000e-03,J:rootV,0.000000e+00,0.000000e+00,0.000000e+00,0.000000e+00
large10kC_1ph,6,90,100,8.000000e-03,1.600000e-03,J:energy,0.000000e+00,0.000000e+00,0.000000e+00,0.000000e+00
large10kC_1ph,5,90,100,8.000000e-03,1.600000e-03,K,1.491978e+05,1.000000e+00,5.174590e+00,1.356484e-02
large10kC_1ph,5,90,100,8.000000e-03,1.600000e-03,H.diag,1.491978e+05,1.000000e+00,5.174590e+00,7.416080e-02
large10kC_1ph,5,90,100,8.000000e-03,1.600000e-03,J,6.733295e-01,2.690289e-26,4.606541e+00,3.776484e-03
large10kC_1ph,5,90,100,8.000000e-03,1.600000e-03,H.barrier,1.491978e+05,1.000000e+00,5.174590e+00,1.191512e-01
large10kC_1ph,5,90,100,8.000000e-03,1.600000e-03,H.Vxx,1.036814e-03,4.261872e-32,8.604367e-04,0.000000e+00
large10kC_1ph,5,90,100,8.000000e-03,1.600000e-03,H.rest,3.080998e-04,3.803899e-33,1.709707e-01,0.000000e+00
large10kC_1ph,5,90,100,8.000000e-03,1.600000e-03,H.diag:ps,3.430463e-01,2.905886e-50,1.824652e-01,0.000000e+00
large10kC_1ph,5,90,100,8.000000e-03,1.600000e-03,H.barrier:ps,8.588049e-01,1.821219e-49,8.501803e-01,0.000000e+00
large10kC_1ph,5,90,100,8.000000e-03,1.600000e-03,H.diag:qs,0.000000e+00,0.000000e+00,0.000000e+00,0.000000e+00
large10kC_1ph,5,90,100,8.000000e-03,1.600000e-03,H.diag:P,2.331491e-01,1.901949e-33,1.709707e-01,0.000000e+00
large10kC_1ph,5,90,100,8.000000e-03,1.600000e-03,H.diag:Q,2.331491e-01,1.901949e-33,1.709707e-01,0.000000e+00
large10kC_1ph,5,90,100,8.000000e-03,1.600000e-03,H.diag:v,1.491978e+05,1.000000e+00,5.174590e+00,9.688984e-05
large10kC_1ph,5,90,100,8.000000e-03,1.600000e-03,H.barrier:v,1.491978e+05,1.000000e+00,5.174590e+00,9.688984e-05
large10kC_1ph,5,90,100,8.000000e-03,1.600000e-03,H.diag:ell,3.267605e+00,2.335328e-32,8.902740e-01,0.000000e+00
large10kC_1ph,5,90,100,8.000000e-03,1.600000e-03,H.barrier:ell,3.267605e+00,2.335328e-32,8.902740e-01,0.000000e+00
large10kC_1ph,5,90,100,8.000000e-03,1.600000e-03,H.diag:pb,9.263220e-04,1.369355e-31,6.525953e-04,0.000000e+00
large10kC_1ph,5,90,100,8.000000e-03,1.600000e-03,H.barrier:pb,8.569343e-01,2.799120e-32,8.450696e-01,0.000000e+00
large10kC_1ph,5,90,100,8.000000e-03,1.600000e-03,H.diag:qnorm,8.588120e-01,8.823175e-34,8.633416e-01,0.000000e+00
large10kC_1ph,5,90,100,8.000000e-03,1.600000e-03,H.barrier:qnorm,8.588120e-01,8.823175e-34,8.633416e-01,0.000000e+00
large10kC_1ph,5,90,100,8.000000e-03,1.600000e-03,H.diag:soc_slack,7.292238e+00,3.063310e-30,1.184599e+00,3.927326e-01
large10kC_1ph,5,90,100,8.000000e-03,1.600000e-03,H.barrier:soc_slack,7.292238e+00,3.063310e-30,1.184599e+00,3.927326e-01
large10kC_1ph,5,90,100,8.000000e-03,1.600000e-03,H.diag:energy_slack,8.641938e-01,1.373179e-31,8.721324e-01,0.000000e+00
large10kC_1ph,5,90,100,8.000000e-03,1.600000e-03,H.barrier:energy_slack,8.641938e-01,1.373179e-31,8.721324e-01,0.000000e+00
large10kC_1ph,5,90,100,8.000000e-03,1.600000e-03,J:Pbal,0.000000e+00,0.000000e+00,0.000000e+00,0.000000e+00
large10kC_1ph,5,90,100,8.000000e-03,1.600000e-03,J:Qbal,0.000000e+00,0.000000e+00,0.000000e+00,0.000000e+00
large10kC_1ph,5,90,100,8.000000e-03,1.600000e-03,J:vdrop,0.000000e+00,0.000000e+00,0.000000e+00,0.000000e+00
large10kC_1ph,5,90,100,8.000000e-03,1.600000e-03,J:SOCP,6.743046e-01,2.690289e-26,4.606541e+00,1.238372e-02
large10kC_1ph,5,90,100,8.000000e-03,1.600000e-03,J:rootV,0.000000e+00,0.000000e+00,0.000000e+00,0.000000e+00
large10kC_1ph,5,90,100,8.000000e-03,1.600000e-03,J:energy,0.000000e+00,0.000000e+00,0.000000e+00,0.000000e+00
large10kC_1ph,4,90,100,8.000000e-03,1.600000e-03,K,1.492399e+05,1.000000e+00,5.174590e+00,9.011003e-03
large10kC_1ph,4,90,100,8.000000e-03,1.600000e-03,H.diag,1.492399e+05,1.000000e+00,5.174590e+00,6.109942e-02
large10kC_1ph,4,90,100,8.000000e-03,1.600000e-03,J,5.480501e-01,1.074054e-26,2.472215e+00,5.969091e-04
large10kC_1ph,4,90,100,8.000000e-03,1.600000e-03,H.barrier,1.492399e+05,1.000000e+00,5.174590e+00,9.816600e-02
large10kC_1ph,4,90,100,8.000000e-03,1.600000e-03,H.Vxx,1.540928e-02,2.464042e-30,1.428367e-02,0.000000e+00
large10kC_1ph,4,90,100,8.000000e-03,1.600000e-03,H.rest,4.375489e-04,7.671863e-33,1.708021e-01,0.000000e+00
large10kC_1ph,4,90,100,8.000000e-03,1.600000e-03,H.diag:ps,2.744363e-01,1.524666e-50,1.393244e-01,0.000000e+00
large10kC_1ph,4,90,100,8.000000e-03,1.600000e-03,H.barrier:ps,8.580042e-01,1.490289e-49,8.477245e-01,0.000000e+00
large10kC_1ph,4,90,100,8.000000e-03,1.600000e-03,H.diag:qs,0.000000e+00,0.000000e+00,0.000000e+00,0.000000e+00
large10kC_1ph,4,90,100,8.000000e-03,1.600000e-03,H.diag:P,1.959822e-01,3.835932e-33,1.708021e-01,0.000000e+00
large10kC_1ph,4,90,100,8.000000e-03,1.600000e-03,H.diag:Q,1.959822e-01,3.835932e-33,1.708021e-01,0.000000e+00
large10kC_1ph,4,90,100,8.000000e-03,1.600000e-03,H.diag:v,1.492399e+05,1.000000e+00,5.174590e+00,9.688984e-05
large10kC_1ph,4,90,100,8.000000e-03,1.600000e-03,H.barrier:v,1.492399e+05,1.000000e+00,5.174590e+00,9.688984e-05
large10kC_1ph,4,90,100,8.000000e-03,1.600000e-03,H.diag:ell,3.165874e+00,1.055152e-31,8.903752e-01,0.000000e+00
large10kC_1ph,4,90,100,8.000000e-03,1.600000e-03,H.barrier:ell,3.165874e+00,1.055152e-31,8.903752e-01,0.000000e+00
large10kC_1ph,4,90,100,8.000000e-03,1.600000e-03,H.diag:pb,5.723161e-03,2.991867e-30,5.206461e-03,0.000000e+00
large10kC_1ph,4,90,100,8.000000e-03,1.600000e-03,H.barrier:pb,8.573455e-01,2.571141e-32,8.457211e-01,0.000000e+00
large10kC_1ph,4,90,100,8.000000e-03,1.600000e-03,H.diag:qnorm,8.597753e-01,9.706709e-34,8.598929e-01,0.000000e+00
large10kC_1ph,4,90,100,8.000000e-03,1.600000e-03,H.barrier:qnorm,8.597753e-01,9.706709e-34,8.598929e-01,0.000000e+00
large10kC_1ph,4,90,100,8.000000e-03,1.600000e-03,H.diag:soc_slack,6.690453e+00,2.077807e-29,1.185427e+00,3.235465e-01
large10kC_1ph,4,90,100,8.000000e-03,1.600000e-03,H.barrier:soc_slack,6.690453e+00,2.077807e-29,1.185427e+00,3.235465e-01
large10kC_1ph,4,90,100,8.000000e-03,1.600000e-03,H.diag:energy_slack,6.003689e+00,1.291820e-18,8.456606e-01,0.000000e+00
large10kC_1ph,4,90,100,8.000000e-03,1.600000e-03,H.barrier:energy_slack,6.003689e+00,1.291820e-18,8.456606e-01,0.000000e+00
large10kC_1ph,4,90,100,8.000000e-03,1.600000e-03,J:Pbal,0.000000e+00,0.000000e+00,0.000000e+00,0.000000e+00
large10kC_1ph,4,90,100,8.000000e-03,1.600000e-03,J:Qbal,0.000000e+00,0.000000e+00,0.000000e+00,0.000000e+00
large10kC_1ph,4,90,100,8.000000e-03,1.600000e-03,J:vdrop,0.000000e+00,0.000000e+00,0.000000e+00,0.000000e+00
large10kC_1ph,4,90,100,8.000000e-03,1.600000e-03,J:SOCP,5.493691e-01,1.074054e-26,2.472215e+00,1.957364e-03
large10kC_1ph,4,90,100,8.000000e-03,1.600000e-03,J:rootV,0.000000e+00,0.000000e+00,0.000000e+00,0.000000e+00
large10kC_1ph,4,90,100,8.000000e-03,1.600000e-03,J:energy,0.000000e+00,0.000000e+00,0.000000e+00,0.000000e+00
large10kC_1ph,3,90,100,8.000000e-03,1.600000e-03,K,1.491022e+05,1.000000e+00,5.174590e+00,8.820200e-03
large10kC_1ph,3,90,100,8.000000e-03,1.600000e-03,H.diag,1.491022e+05,1.000000e+00,5.174590e+00,5.467850e-02
large10kC_1ph,3,90,100,8.000000e-03,1.600000e-03,J,5.318526e-01,5.913686e-27,4.002778e+00,1.412488e-03
large10kC_1ph,3,90,100,8.000000e-03,1.600000e-03,H.barrier,1.491022e+05,1.000000e+00,5.174590e+00,8.784975e-02
large10kC_1ph,3,90,100,8.000000e-03,1.600000e-03,H.Vxx,1.062456e-03,4.647655e-32,8.286792e-04,0.000000e+00
large10kC_1ph,3,90,100,8.000000e-03,1.600000e-03,H.rest,5.892566e-04,1.391421e-32,1.709505e-01,0.000000e+00
large10kC_1ph,3,90,100,8.000000e-03,1.600000e-03,H.diag:ps,4.333164e-01,6.231202e-50,2.466594e-01,0.000000e+00
large10kC_1ph,3,90,100,8.000000e-03,1.600000e-03,H.barrier:ps,8.580174e-01,2.443170e-49,8.477649e-01,0.000000e+00
large10kC_1ph,3,90,100,8.000000e-03,1.600000e-03,H.diag:qs,0.000000e+00,0.000000e+00,0.000000e+00,0.000000e+00
large10kC_1ph,3,90,100,8.000000e-03,1.600000e-03,H.diag:P,1.927575e-01,6.957103e-33,1.709505e-01,0.000000e+00
large10kC_1ph,3,90,100,8.000000e-03,1.600000e-03,H.diag:Q,1.927575e-01,6.957103e-33,1.709505e-01,0.000000e+00
large10kC_1ph,3,90,100,8.000000e-03,1.600000e-03,H.diag:v,1.491022e+05,1.000000e+00,5.174590e+00,9.688984e-05
large10kC_1ph,3,90,100,8.000000e-03,1.600000e-03,H.barrier:v,1.491022e+05,1.000000e+00,5.174590e+00,9.688984e-05
large10kC_1ph,3,90,100,8.000000e-03,1.600000e-03,H.diag:ell,3.238632e+00,3.889730e-31,8.904473e-01,0.000000e+00
large10kC_1ph,3,90,100,8.000000e-03,1.600000e-03,H.barrier:ell,3.238632e+00,3.889730e-31,8.904473e-01,0.000000e+00
large10kC_1ph,3,90,100,8.000000e-03,1.600000e-03,H.diag:pb,1.079819e-03,1.896921e-31,7.460987e-04,0.000000e+00
large10kC_1ph,3,90,100,8.000000e-03,1.600000e-03,H.barrier:pb,8.576443e-01,5.068483e-32,8.471717e-01,0.000000e+00
large10kC_1ph,3,90,100,8.000000e-03,1.600000e-03,H.diag:qnorm,8.601752e-01,9.967337e-34,8.604570e-01,0.000000e+00
large10kC_1ph,3,90,100,8.000000e-03,1.600000e-03,H.barrier:qnorm,8.601752e-01,9.967337e-34,8.604570e-01,0.000000e+00
large10kC_1ph,3,90,100,8.000000e-03,1.600000e-03,H.diag:soc_slack,6.644214e+00,7.192161e-29,1.185617e+00,2.895349e-01
large10kC_1ph,3,90,100,8.000000e-03,1.600000e-03,H.barrier:soc_slack,6.644214e+00,7.192161e-29,1.185617e+00,2.895349e-01
large10kC_1ph,3,90,100,8.000000e-03,1.600000e-03,H.diag:energy_slack,6.019306e+00,8.786023e-19,8.469073e-01,0.000000e+00
large10kC_1ph,3,90,100,8.000000e-03,1.600000e-03,H.barrier:energy_slack,6.019306e+00,8.786023e-19,8.469073e-01,0.000000e+00
large10kC_1ph,3,90,100,8.000000e-03,1.600000e-03,J:Pbal,0.000000e+00,0.000000e+00,0.000000e+00,0.000000e+00
large10kC_1ph,3,90,100,8.000000e-03,1.600000e-03,J:Qbal,0.000000e+00,0.000000e+00,0.000000e+00,0.000000e+00
large10kC_1ph,3,90,100,8.000000e-03,1.600000e-03,J:vdrop,0.000000e+00,0.000000e+00,0.000000e+00,0.000000e+00
large10kC_1ph,3,90,100,8.000000e-03,1.600000e-03,J:SOCP,5.340477e-01,5.913686e-27,4.002778e+00,4.631783e-03
large10kC_1ph,3,90,100,8.000000e-03,1.600000e-03,J:rootV,0.000000e+00,0.000000e+00,0.000000e+00,0.000000e+00
large10kC_1ph,3,90,100,8.000000e-03,1.600000e-03,J:energy,0.000000e+00,0.000000e+00,0.000000e+00,0.000000e+00
large10kC_1ph,2,90,100,8.000000e-03,1.600000e-03,K,1.489739e+05,1.000000e+00,5.174590e+00,9.527444e-03
large10kC_1ph,2,90,100,8.000000e-03,1.600000e-03,H.diag,1.489739e+05,1.000000e+00,5.174590e+00,6.034940e-02
large10kC_1ph,2,90,100,8.000000e-03,1.600000e-03,J,5.773822e-01,6.151648e-27,1.828887e+00,1.317928e-03
large10kC_1ph,2,90,100,8.000000e-03,1.600000e-03,H.barrier,1.489739e+05,1.000000e+00,5.174590e+00,9.696097e-02
large10kC_1ph,2,90,100,8.000000e-03,1.600000e-03,H.Vxx,1.394395e-03,8.081636e-32,1.079267e-03,0.000000e+00
large10kC_1ph,2,90,100,8.000000e-03,1.600000e-03,H.rest,6.087839e-04,1.485168e-32,1.709335e-01,0.000000e+00
large10kC_1ph,2,90,100,8.000000e-03,1.600000e-03,H.diag:ps,5.185683e-01,1.236475e-49,3.174653e-01,0.000000e+00
large10kC_1ph,2,90,100,8.000000e-03,1.600000e-03,H.barrier:ps,8.581086e-01,3.385773e-49,8.480439e-01,0.000000e+00
large10kC_1ph,2,90,100,8.000000e-03,1.600000e-03,H.diag:qs,0.000000e+00,0.000000e+00,0.000000e+00,0.000000e+00
large10kC_1ph,2,90,100,8.000000e-03,1.600000e-03,H.diag:P,2.029279e-01,7.425842e-33,1.709335e-01,0.000000e+00
large10kC_1ph,2,90,100,8.000000e-03,1.600000e-03,H.diag:Q,2.029279e-01,7.425842e-33,1.709335e-01,0.000000e+00
large10kC_1ph,2,90,100,8.000000e-03,1.600000e-03,H.diag:v,1.489739e+05,1.000000e+00,5.174590e+00,9.688984e-05
large10kC_1ph,2,90,100,8.000000e-03,1.600000e-03,H.barrier:v,1.489739e+05,1.000000e+00,5.174590e+00,9.688984e-05
large10kC_1ph,2,90,100,8.000000e-03,1.600000e-03,H.diag:ell,3.272353e+00,4.302366e-31,8.903805e-01,0.000000e+00
large10kC_1ph,2,90,100,8.000000e-03,1.600000e-03,H.barrier:ell,3.272353e+00,4.302366e-31,8.903805e-01,0.000000e+00
large10kC_1ph,2,90,100,8.000000e-03,1.600000e-03,H.diag:pb,1.227299e-03,2.462090e-31,8.751671e-04,0.000000e+00
large10kC_1ph,2,90,100,8.000000e-03,1.600000e-03,H.barrier:pb,8.576810e-01,4.814057e-32,8.469498e-01,0.000000e+00
large10kC_1ph,2,90,100,8.000000e-03,1.600000e-03,H.diag:qnorm,8.599698e-01,9.347849e-34,8.590663e-01,0.000000e+00
large10kC_1ph,2,90,100,8.000000e-03,1.600000e-03,H.barrier:qnorm,8.599698e-01,9.347849e-34,8.590663e-01,0.000000e+00
large10kC_1ph,2,90,100,8.000000e-03,1.600000e-03,H.diag:soc_slack,6.795590e+00,7.019141e-29,1.186046e+00,3.195736e-01
large10kC_1ph,2,90,100,8.000000e-03,1.600000e-03,H.barrier:soc_slack,6.795590e+00,7.019141e-29,1.186046e+00,3.195736e-01
large10kC_1ph,2,90,100,8.000000e-03,1.600000e-03,H.diag:energy_slack,8.573469e-01,9.029317e-33,8.460766e-01,0.000000e+00
large10kC_1ph,2,90,100,8.000000e-03,1.600000e-03,H.barrier:energy_slack,8.573469e-01,9.029317e-33,8.460766e-01,0.000000e+00
large10kC_1ph,2,90,100,8.000000e-03,1.600000e-03,J:Pbal,0.000000e+00,0.000000e+00,0.000000e+00,0.000000e+00
large10kC_1ph,2,90,100,8.000000e-03,1.600000e-03,J:Qbal,0.000000e+00,0.000000e+00,0.000000e+00,0.000000e+00
large10kC_1ph,2,90,100,8.000000e-03,1.600000e-03,J:vdrop,0.000000e+00,0.000000e+00,0.000000e+00,0.000000e+00
large10kC_1ph,2,90,100,8.000000e-03,1.600000e-03,J:SOCP,5.800841e-01,6.151648e-27,1.828887e+00,4.321705e-03
large10kC_1ph,2,90,100,8.000000e-03,1.600000e-03,J:rootV,0.000000e+00,0.000000e+00,0.000000e+00,0.000000e+00
large10kC_1ph,2,90,100,8.000000e-03,1.600000e-03,J:energy,0.000000e+00,0.000000e+00,0.000000e+00,0.000000e+00
large10kC_1ph,1,90,100,8.000000e-03,1.600000e-03,K,1.492305e+05,1.000000e+00,5.174590e+00,7.957769e-03
large10kC_1ph,1,90,100,8.000000e-03,1.600000e-03,H.diag,1.492305e+05,1.000000e+00,5.174590e+00,5.352602e-02
large10kC_1ph,1,90,100,8.000000e-03,1.600000e-03,J,5.539189e-01,1.079012e-26,4.045825e+00,5.969091e-04
large10kC_1ph,1,90,100,8.000000e-03,1.600000e-03,H.barrier,1.492305e+05,1.000000e+00,5.174590e+00,8.599812e-02
large10kC_1ph,1,90,100,8.000000e-03,1.600000e-03,H.Vxx,5.033561e-03,2.654639e-31,3.332822e-03,0.000000e+00
large10kC_1ph,1,90,100,8.000000e-03,1.600000e-03,H.rest,4.365006e-04,7.635146e-33,1.710097e-01,0.000000e+00
large10kC_1ph,1,90,100,8.000000e-03,1.600000e-03,H.diag:ps,2.882865e-01,1.748562e-50,1.476948e-01,0.000000e+00
large10kC_1ph,1,90,100,8.000000e-03,1.600000e-03,H.barrier:ps,8.578925e-01,1.548453e-49,8.473829e-01,0.000000e+00
large10kC_1ph,1,90,100,8.000000e-03,1.600000e-03,H.diag:qs,0.000000e+00,0.000000e+00,0.000000e+00,0.000000e+00
large10kC_1ph,1,90,100,8.000000e-03,1.600000e-03,H.diag:P,1.957631e-01,3.817573e-33,1.710097e-01,0.000000e+00
large10kC_1ph,1,90,100,8.000000e-03,1.600000e-03,H.diag:Q,1.957631e-01,3.817573e-33,1.710097e-01,0.000000e+00
large10kC_1ph,1,90,100,8.000000e-03,1.600000e-03,H.diag:v,1.492305e+05,1.000000e+00,5.174590e+00,9.688984e-05
large10kC_1ph,1,90,100,8.000000e-03,1.600000e-03,H.barrier:v,1.492305e+05,1.000000e+00,5.174590e+00,9.688984e-05
large10kC_1ph,1,90,100,8.000000e-03,1.600000e-03,H.diag:ell,3.257900e+00,1.134437e-31,8.903842e-01,0.000000e+00
large10kC_1ph,1,90,100,8.000000e-03,1.600000e-03,H.barrier:ell,3.257900e+00,1.134437e-31,8.903842e-01,0.000000e+00
large10kC_1ph,1,90,100,8.000000e-03,1.600000e-03,H.diag:pb,2.433088e-03,5.427377e-31,1.579605e-03,0.000000e+00
large10kC_1ph,1,90,100,8.000000e-03,1.600000e-03,H.barrier:pb,8.576848e-01,4.939142e-32,8.468551e-01,0.000000e+00
large10kC_1ph,1,90,100,8.000000e-03,1.600000e-03,H.diag:qnorm,8.593213e-01,8.631395e-34,8.569057e-01,0.000000e+00
large10kC_1ph,1,90,100,8.000000e-03,1.600000e-03,H.barrier:qnorm,8.593213e-01,8.631395e-34,8.569057e-01,0.000000e+00
large10kC_1ph,1,90,100,8.000000e-03,1.600000e-03,H.diag:soc_slack,6.684598e+00,2.067050e-29,1.185532e+00,2.834302e-01
large10kC_1ph,1,90,100,8.000000e-03,1.600000e-03,H.barrier:soc_slack,6.684598e+00,2.067050e-29,1.185532e+00,2.834302e-01
large10kC_1ph,1,90,100,8.000000e-03,1.600000e-03,H.diag:energy_slack,6.017093e+00,4.808355e-19,8.472480e-01,0.000000e+00
large10kC_1ph,1,90,100,8.000000e-03,1.600000e-03,H.barrier:energy_slack,6.017093e+00,4.808355e-19,8.472480e-01,0.000000e+00
large10kC_1ph,1,90,100,8.000000e-03,1.600000e-03,J:Pbal,0.000000e+00,0.000000e+00,0.000000e+00,0.000000e+00
large10kC_1ph,1,90,100,8.000000e-03,1.600000e-03,J:Qbal,0.000000e+00,0.000000e+00,0.000000e+00,0.000000e+00
large10kC_1ph,1,90,100,8.000000e-03,1.600000e-03,J:vdrop,0.000000e+00,0.000000e+00,0.000000e+00,0.000000e+00
large10kC_1ph,1,90,100,8.000000e-03,1.600000e-03,J:SOCP,5.552745e-01,1.079012e-26,4.045825e+00,1.957364e-03
large10kC_1ph,1,90,100,8.000000e-03,1.600000e-03,J:rootV,0.000000e+00,0.000000e+00,0.000000e+00,0.000000e+00
large10kC_1ph,1,90,100,8.000000e-03,1.600000e-03,J:energy,0.000000e+00,0.000000e+00,0.000000e+00,0.000000e+00
large10kC_1ph,6,100,110,1.600000e-03,9.277180e-06,K,3.032953e+04,1.000000e+00,4.481880e+00,8.363289e-02
large10kC_1ph,6,100,110,1.600000e-03,9.277180e-06,H.diag,3.032953e+04,1.000000e+00,4.481880e+00,5.805177e-01
large10kC_1ph,6,100,110,1.600000e-03,9.277180e-06,J,2.244375e-01,5.420980e-37,2.059028e+00,3.368695e-03
large10kC_1ph,6,100,110,1.600000e-03,9.277180e-06,H.barrier,3.032953e+04,1.000000e+00,4.481880e+00,9.627322e-01
large10kC_1ph,6,100,110,1.600000e-03,9.277180e-06,H.Vxx,0.000000e+00,0.000000e+00,NaN,NaN
large10kC_1ph,6,100,110,1.600000e-03,9.277180e-06,H.rest,3.672315e-06,2.961452e-42,2.293169e-01,0.000000e+00
large10kC_1ph,6,100,110,1.600000e-03,9.277180e-06,H.diag:ps,0.000000e+00,0.000000e+00,0.000000e+00,0.000000e+00
large10kC_1ph,6,100,110,1.600000e-03,9.277180e-06,H.barrier:ps,9.710694e-01,6.902251e-60,1.538642e+00,1.000000e+00
large10kC_1ph,6,100,110,1.600000e-03,9.277180e-06,H.diag:qs,0.000000e+00,0.000000e+00,0.000000e+00,0.000000e+00
large10kC_1ph,6,100,110,1.600000e-03,9.277180e-06,H.diag:P,1.676553e-01,1.480726e-42,2.293169e-01,0.000000e+00
large10kC_1ph,6,100,110,1.600000e-03,9.277180e-06,H.diag:Q,1.676553e-01,1.480726e-42,2.293169e-01,0.000000e+00
large10kC_1ph,6,100,110,1.600000e-03,9.277180e-06,H.diag:v,3.032953e+04,1.000000e+00,4.481880e+00,1.000000e+00
large10kC_1ph,6,100,110,1.600000e-03,9.277180e-06,H.barrier:v,3.032953e+04,1.000000e+00,4.481880e+00,1.000000e+00
large10kC_1ph,6,100,110,1.600000e-03,9.277180e-06,H.diag:ell,3.769846e+00,5.981940e-40,1.538356e+00,8.770349e-01
large10kC_1ph,6,100,110,1.600000e-03,9.277180e-06,H.barrier:ell,3.769846e+00,5.981940e-40,1.538435e+00,8.771318e-01
large10kC_1ph,6,100,110,1.600000e-03,9.277180e-06,H.diag:pb,1.917090e-06,8.070705e-43,1.185463e-06,0.000000e+00
large10kC_1ph,6,100,110,1.600000e-03,9.277180e-06,H.barrier:pb,9.710656e-01,8.070705e-43,1.538615e+00,1.000000e+00
large10kC_1ph,6,100,110,1.600000e-03,9.277180e-06,H.diag:qnorm,9.709850e-01,2.322693e-44,1.545468e+00,1.000000e+00
large10kC_1ph,6,100,110,1.600000e-03,9.277180e-06,H.barrier:qnorm,9.709850e-01,2.322693e-44,1.545468e+00,1.000000e+00
large10kC_1ph,6,100,110,1.600000e-03,9.277180e-06,H.diag:soc_slack,3.942850e+01,6.398365e-36,2.075519e+00,1.000000e+00
large10kC_1ph,6,100,110,1.600000e-03,9.277180e-06,H.barrier:soc_slack,3.942850e+01,6.398365e-36,2.075519e+00,1.000000e+00
large10kC_1ph,6,100,110,1.600000e-03,9.277180e-06,H.diag:energy_slack,9.710670e-01,3.474366e-43,1.538620e+00,1.000000e+00
large10kC_1ph,6,100,110,1.600000e-03,9.277180e-06,H.barrier:energy_slack,9.710670e-01,3.474366e-43,1.538620e+00,1.000000e+00
large10kC_1ph,6,100,110,1.600000e-03,9.277180e-06,J:Pbal,0.000000e+00,0.000000e+00,0.000000e+00,0.000000e+00
large10kC_1ph,6,100,110,1.600000e-03,9.277180e-06,J:Qbal,0.000000e+00,0.000000e+00,0.000000e+00,0.000000e+00
large10kC_1ph,6,100,110,1.600000e-03,9.277180e-06,J:vdrop,0.000000e+00,0.000000e+00,0.000000e+00,0.000000e+00
large10kC_1ph,6,100,110,1.600000e-03,9.277180e-06,J:SOCP,2.264072e-01,5.420980e-37,2.059028e+00,1.104651e-02
large10kC_1ph,6,100,110,1.600000e-03,9.277180e-06,J:rootV,0.000000e+00,0.000000e+00,0.000000e+00,0.000000e+00
large10kC_1ph,6,100,110,1.600000e-03,9.277180e-06,J:energy,0.000000e+00,0.000000e+00,0.000000e+00,0.000000e+00
large10kC_1ph,5,100,110,1.600000e-03,9.277180e-06,K,3.032953e+04,1.000000e+00,4.481880e+00,8.373466e-02
large10kC_1ph,5,100,110,1.600000e-03,9.277180e-06,H.diag,3.032953e+04,1.000000e+00,4.481880e+00,5.813592e-01
large10kC_1ph,5,100,110,1.600000e-03,9.277180e-06,J,1.906536e-01,5.026878e-37,1.244942e+00,3.350965e-03
large10kC_1ph,5,100,110,1.600000e-03,9.277180e-06,H.barrier,3.032953e+04,1.000000e+00,4.481880e+00,9.640842e-01
large10kC_1ph,5,100,110,1.600000e-03,9.277180e-06,H.Vxx,2.754580e-04,3.263801e-42,2.237425e-04,0.000000e+00
large10kC_1ph,5,100,110,1.600000e-03,9.277180e-06,H.rest,2.533912e-04,2.797000e-42,2.292018e-01,0.000000e+00
large10kC_1ph,5,100,110,1.600000e-03,9.277180e-06,H.diag:ps,0.000000e+00,0.000000e+00,0.000000e+00,0.000000e+00
large10kC_1ph,5,100,110,1.600000e-03,9.277180e-06,H.barrier:ps,9.710650e-01,5.046288e-60,1.538576e+00,1.000000e+00
large10kC_1ph,5,100,110,1.600000e-03,9.277180e-06,H.diag:qs,0.000000e+00,0.000000e+00,0.000000e+00,0.000000e+00
large10kC_1ph,5,100,110,1.600000e-03,9.277180e-06,H.diag:P,1.611373e-01,1.398500e-42,2.292018e-01,0.000000e+00
large10kC_1ph,5,100,110,1.600000e-03,9.277180e-06,H.diag:Q,1.611373e-01,1.398500e-42,2.292018e-01,0.000000e+00
large10kC_1ph,5,100,110,1.600000e-03,9.277180e-06,H.diag:v,3.032953e+04,1.000000e+00,4.481880e+00,1.000000e+00
large10kC_1ph,5,100,110,1.600000e-03,9.277180e-06,H.barrier:v,3.032953e+04,1.000000e+00,4.481880e+00,1.000000e+00
large10kC_1ph,5,100,110,1.600000e-03,9.277180e-06,H.diag:ell,2.885969e+00,3.218235e-40,1.538243e+00,8.814922e-01
large10kC_1ph,5,100,110,1.600000e-03,9.277180e-06,H.barrier:ell,2.885969e+00,3.218235e-40,1.538339e+00,8.815891e-01
large10kC_1ph,5,100,110,1.600000e-03,9.277180e-06,H.diag:pb,2.004600e-04,6.958846e-42,1.530737e-04,0.000000e+00
large10kC_1ph,5,100,110,1.600000e-03,9.277180e-06,H.barrier:pb,9.710704e-01,7.997644e-43,1.538676e+00,1.000000e+00
large10kC_1ph,5,100,110,1.600000e-03,9.277180e-06,H.diag:qnorm,9.709723e-01,2.445166e-44,1.547399e+00,1.000000e+00
large10kC_1ph,5,100,110,1.600000e-03,9.277180e-06,H.barrier:qnorm,9.709723e-01,2.445166e-44,1.547399e+00,1.000000e+00
large10kC_1ph,5,100,110,1.600000e-03,9.277180e-06,H.diag:soc_slack,3.899149e+01,6.489388e-36,2.075237e+00,1.000000e+00
large10kC_1ph,5,100,110,1.600000e-03,9.277180e-06,H.barrier:soc_slack,3.899149e+01,6.489388e-36,2.075237e+00,1.000000e+00
large10kC_1ph,5,100,110,1.600000e-03,9.277180e-06,H.diag:energy_slack,9.710070e-01,3.475946e-42,1.538382e+00,1.000000e+00
large10kC_1ph,5,100,110,1.600000e-03,9.277180e-06,H.barrier:energy_slack,9.710070e-01,3.475946e-42,1.538382e+00,1.000000e+00
large10kC_1ph,5,100,110,1.600000e-03,9.277180e-06,J:Pbal,0.000000e+00,0.000000e+00,0.000000e+00,0.000000e+00
large10kC_1ph,5,100,110,1.600000e-03,9.277180e-06,J:Qbal,0.000000e+00,0.000000e+00,0.000000e+00,0.000000e+00
large10kC_1ph,5,100,110,1.600000e-03,9.277180e-06,J:vdrop,0.000000e+00,0.000000e+00,0.000000e+00,0.000000e+00
large10kC_1ph,5,100,110,1.600000e-03,9.277180e-06,J:SOCP,1.919518e-01,5.026878e-37,1.244942e+00,1.098837e-02
large10kC_1ph,5,100,110,1.600000e-03,9.277180e-06,J:rootV,0.000000e+00,0.000000e+00,0.000000e+00,0.000000e+00
large10kC_1ph,5,100,110,1.600000e-03,9.277180e-06,J:energy,0.000000e+00,0.000000e+00,0.000000e+00,0.000000e+00
large10kC_1ph,4,100,110,1.600000e-03,9.277180e-06,K,3.032953e+04,1.000000e+00,4.481880e+00,8.159766e-02
large10kC_1ph,4,100,110,1.600000e-03,9.277180e-06,H.diag,3.032953e+04,1.000000e+00,4.481880e+00,5.867008e-01
large10kC_1ph,4,100,110,1.600000e-03,9.277180e-06,J,1.015018e-01,1.547219e-37,1.805696e+00,5.909991e-06
large10kC_1ph,4,100,110,1.600000e-03,9.277180e-06,H.barrier,3.032953e+04,1.000000e+00,4.481880e+00,9.726664e-01
large10kC_1ph,4,100,110,1.600000e-03,9.277180e-06,H.Vxx,2.520008e-03,6.957196e-41,2.277258e-03,0.000000e+00
large10kC_1ph,4,100,110,1.600000e-03,9.277180e-06,H.rest,3.632948e-04,5.749491e-42,2.282184e-01,0.000000e+00
large10kC_1ph,4,100,110,1.600000e-03,9.277180e-06,H.diag:ps,0.000000e+00,0.000000e+00,0.000000e+00,0.000000e+00
large10kC_1ph,4,100,110,1.600000e-03,9.277180e-06,H.barrier:ps,9.710676e-01,4.184122e-60,1.538615e+00,1.000000e+00
large10kC_1ph,4,100,110,1.600000e-03,9.277180e-06,H.diag:qs,0.000000e+00,0.000000e+00,0.000000e+00,0.000000e+00
large10kC_1ph,4,100,110,1.600000e-03,9.277180e-06,H.diag:P,1.414708e-01,2.874745e-42,2.282184e-01,0.000000e+00
large10kC_1ph,4,100,110,1.600000e-03,9.277180e-06,H.diag:Q,1.414708e-01,2.874745e-42,2.282184e-01,0.000000e+00
large10kC_1ph,4,100,110,1.600000e-03,9.277180e-06,H.diag:v,3.032953e+04,1.000000e+00,4.481880e+00,1.000000e+00
large10kC_1ph,4,100,110,1.600000e-03,9.277180e-06,H.barrier:v,3.032953e+04,1.000000e+00,4.481880e+00,1.000000e+00
large10kC_1ph,4,100,110,1.600000e-03,9.277180e-06,H.diag:ell,7.189614e-01,9.130872e-41,1.538428e+00,9.097868e-01
large10kC_1ph,4,100,110,1.600000e-03,9.277180e-06,H.barrier:ell,7.189614e-01,9.130872e-41,1.538508e+00,9.098837e-01
large10kC_1ph,4,100,110,1.600000e-03,9.277180e-06,H.diag:pb,9.276103e-04,8.451933e-41,8.217136e-04,0.000000e+00
large10kC_1ph,4,100,110,1.600000e-03,9.277180e-06,H.barrier:pb,9.710681e-01,7.297043e-43,1.538624e+00,1.000000e+00
large10kC_1ph,4,100,110,1.600000e-03,9.277180e-06,H.diag:qnorm,9.709954e-01,2.647022e-44,1.549122e+00,1.000000e+00
large10kC_1ph,4,100,110,1.600000e-03,9.277180e-06,H.barrier:qnorm,9.709954e-01,2.647022e-44,1.549122e+00,1.000000e+00
large10kC_1ph,4,100,110,1.600000e-03,9.277180e-06,H.diag:soc_slack,3.771646e+01,4.211746e-35,2.075226e+00,1.000000e+00
large10kC_1ph,4,100,110,1.600000e-03,9.277180e-06,H.barrier:soc_slack,3.771646e+01,4.211746e-35,2.075226e+00,1.000000e+00
large10kC_1ph,4,100,110,1.600000e-03,9.277180e-06,H.diag:energy_slack,3.356503e+01,2.153060e-24,1.538689e+00,1.000000e+00
large10kC_1ph,4,100,110,1.600000e-03,9.277180e-06,H.barrier:energy_slack,3.356503e+01,2.153060e-24,1.538689e+00,1.000000e+00
large10kC_1ph,4,100,110,1.600000e-03,9.277180e-06,J:Pbal,0.000000e+00,0.000000e+00,0.000000e+00,0.000000e+00
large10kC_1ph,4,100,110,1.600000e-03,9.277180e-06,J:Qbal,0.000000e+00,0.000000e+00,0.000000e+00,0.000000e+00
large10kC_1ph,4,100,110,1.600000e-03,9.277180e-06,J:vdrop,0.000000e+00,0.000000e+00,0.000000e+00,0.000000e+00
large10kC_1ph,4,100,110,1.600000e-03,9.277180e-06,J:SOCP,1.021378e-01,1.547219e-37,1.805696e+00,1.937984e-05
large10kC_1ph,4,100,110,1.600000e-03,9.277180e-06,J:rootV,0.000000e+00,0.000000e+00,0.000000e+00,0.000000e+00
large10kC_1ph,4,100,110,1.600000e-03,9.277180e-06,J:energy,0.000000e+00,0.000000e+00,0.000000e+00,0.000000e+00
large10kC_1ph,3,100,110,1.600000e-03,9.277180e-06,K,3.032953e+04,1.000000e+00,4.481880e+00,8.235070e-02
large10kC_1ph,3,100,110,1.600000e-03,9.277180e-06,H.diag,3.032953e+04,1.000000e+00,4.481880e+00,5.850178e-01
large10kC_1ph,3,100,110,1.600000e-03,9.277180e-06,J,9.253088e-02,8.017324e-38,3.333149e+00,1.152448e-03
large10kC_1ph,3,100,110,1.600000e-03,9.277180e-06,H.barrier,3.032953e+04,1.000000e+00,4.481880e+00,9.699330e-01
large10kC_1ph,3,100,110,1.600000e-03,9.277180e-06,H.Vxx,2.677070e-04,3.201259e-42,2.417275e-04,0.000000e+00
large10kC_1ph,3,100,110,1.600000e-03,9.277180e-06,H.rest,4.938015e-04,1.062229e-41,2.292086e-01,0.000000e+00
large10kC_1ph,3,100,110,1.600000e-03,9.277180e-06,H.diag:ps,0.000000e+00,0.000000e+00,0.000000e+00,0.000000e+00
large10kC_1ph,3,100,110,1.600000e-03,9.277180e-06,H.barrier:ps,9.710678e-01,6.857940e-60,1.538619e+00,1.000000e+00
large10kC_1ph,3,100,110,1.600000e-03,9.277180e-06,H.diag:qs,0.000000e+00,0.000000e+00,0.000000e+00,0.000000e+00
large10kC_1ph,3,100,110,1.600000e-03,9.277180e-06,H.diag:P,1.409336e-01,5.311147e-42,2.292086e-01,0.000000e+00
large10kC_1ph,3,100,110,1.600000e-03,9.277180e-06,H.diag:Q,1.409336e-01,5.311147e-42,2.292086e-01,0.000000e+00
large10kC_1ph,3,100,110,1.600000e-03,9.277180e-06,H.diag:v,3.032953e+04,1.000000e+00,4.481880e+00,1.000000e+00
large10kC_1ph,3,100,110,1.600000e-03,9.277180e-06,H.barrier:v,3.032953e+04,1.000000e+00,4.481880e+00,1.000000e+00
large10kC_1ph,3,100,110,1.600000e-03,9.277180e-06,H.diag:ell,5.080031e+00,1.671003e-38,1.538491e+00,9.008721e-01
large10kC_1ph,3,100,110,1.600000e-03,9.277180e-06,H.barrier:ell,5.080031e+00,1.671003e-38,1.538513e+00,9.008721e-01
large10kC_1ph,3,100,110,1.600000e-03,9.277180e-06,H.diag:pb,2.169187e-04,8.304219e-42,1.771397e-04,0.000000e+00
large10kC_1ph,3,100,110,1.600000e-03,9.277180e-06,H.barrier:pb,9.710684e-01,1.431448e-42,1.538675e+00,1.000000e+00
large10kC_1ph,3,100,110,1.600000e-03,9.277180e-06,H.diag:qnorm,9.710149e-01,2.700124e-44,1.547651e+00,1.000000e+00
large10kC_1ph,3,100,110,1.600000e-03,9.277180e-06,H.barrier:qnorm,9.710149e-01,2.700124e-44,1.547651e+00,1.000000e+00
large10kC_1ph,3,100,110,1.600000e-03,9.277180e-06,H.diag:soc_slack,3.764900e+01,1.455305e-34,2.075302e+00,1.000000e+00
large10kC_1ph,3,100,110,1.600000e-03,9.277180e-06,H.barrier:soc_slack,3.764900e+01,1.455305e-34,2.075302e+00,1.000000e+00
large10kC_1ph,3,100,110,1.600000e-03,9.277180e-06,H.diag:energy_slack,3.356647e+01,1.463396e-24,1.538863e+00,1.000000e+00
large10kC_1ph,3,100,110,1.600000e-03,9.277180e-06,H.barrier:energy_slack,3.356647e+01,1.463396e-24,1.538863e+00,1.000000e+00
large10kC_1ph,3,100,110,1.600000e-03,9.277180e-06,J:Pbal,0.000000e+00,0.000000e+00,0.000000e+00,0.000000e+00
large10kC_1ph,3,100,110,1.600000e-03,9.277180e-06,J:Qbal,0.000000e+00,0.000000e+00,0.000000e+00,0.000000e+00
large10kC_1ph,3,100,110,1.600000e-03,9.277180e-06,J:vdrop,0.000000e+00,0.000000e+00,0.000000e+00,0.000000e+00
large10kC_1ph,3,100,110,1.600000e-03,9.277180e-06,J:SOCP,9.346603e-02,8.017324e-38,3.333149e+00,3.779070e-03
large10kC_1ph,3,100,110,1.600000e-03,9.277180e-06,J:rootV,0.000000e+00,0.000000e+00,0.000000e+00,0.000000e+00
large10kC_1ph,3,100,110,1.600000e-03,9.277180e-06,J:energy,0.000000e+00,0.000000e+00,0.000000e+00,0.000000e+00
large10kC_1ph,2,100,110,1.600000e-03,9.277180e-06,K,3.032953e+04,1.000000e+00,4.481880e+00,8.194619e-02
large10kC_1ph,2,100,110,1.600000e-03,9.277180e-06,H.diag,3.032953e+04,1.000000e+00,4.481880e+00,5.851093e-01
large10kC_1ph,2,100,110,1.600000e-03,9.277180e-06,J,1.098350e-01,8.548727e-38,1.788803e+00,6.678290e-04
large10kC_1ph,2,100,110,1.600000e-03,9.277180e-06,H.barrier,3.032953e+04,1.000000e+00,4.481880e+00,9.700799e-01
large10kC_1ph,2,100,110,1.600000e-03,9.277180e-06,H.Vxx,3.780943e-04,6.442754e-42,6.737010e-04,0.000000e+00
large10kC_1ph,2,100,110,1.600000e-03,9.277180e-06,H.rest,5.108676e-04,1.136920e-41,2.292110e-01,0.000000e+00
large10kC_1ph,2,100,110,1.600000e-03,9.277180e-06,H.diag:ps,0.000000e+00,0.000000e+00,0.000000e+00,0.000000e+00
large10kC_1ph,2,100,110,1.600000e-03,9.277180e-06,H.barrier:ps,9.710666e-01,9.489566e-60,1.538600e+00,1.000000e+00
large10kC_1ph,2,100,110,1.600000e-03,9.277180e-06,H.diag:qs,0.000000e+00,0.000000e+00,0.000000e+00,0.000000e+00
large10kC_1ph,2,100,110,1.600000e-03,9.277180e-06,H.diag:P,1.471743e-01,5.684602e-42,2.292110e-01,0.000000e+00
large10kC_1ph,2,100,110,1.600000e-03,9.277180e-06,H.diag:Q,1.471743e-01,5.684602e-42,2.292110e-01,0.000000e+00
large10kC_1ph,2,100,110,1.600000e-03,9.277180e-06,H.diag:v,3.032953e+04,1.000000e+00,4.481880e+00,1.000000e+00
large10kC_1ph,2,100,110,1.600000e-03,9.277180e-06,H.barrier:v,3.032953e+04,1.000000e+00,4.481880e+00,1.000000e+00
large10kC_1ph,2,100,110,1.600000e-03,9.277180e-06,H.diag:ell,5.513014e+00,2.168639e-38,1.538466e+00,9.013566e-01
large10kC_1ph,2,100,110,1.600000e-03,9.277180e-06,H.barrier:ell,5.513014e+00,2.168639e-38,1.538490e+00,9.013566e-01
large10kC_1ph,2,100,110,1.600000e-03,9.277180e-06,H.diag:pb,2.598315e-04,1.196830e-41,3.185405e-04,0.000000e+00
large10kC_1ph,2,100,110,1.600000e-03,9.277180e-06,H.barrier:pb,9.710663e-01,1.358771e-42,1.538617e+00,1.000000e+00
large10kC_1ph,2,100,110,1.600000e-03,9.277180e-06,H.diag:qnorm,9.710220e-01,2.540917e-44,1.546241e+00,1.000000e+00
large10kC_1ph,2,100,110,1.600000e-03,9.277180e-06,H.barrier:qnorm,9.710220e-01,2.540917e-44,1.546241e+00,1.000000e+00
large10kC_1ph,2,100,110,1.600000e-03,9.277180e-06,H.diag:soc_slack,3.801054e+01,1.438882e-34,2.075144e+00,1.000000e+00
large10kC_1ph,2,100,110,1.600000e-03,9.277180e-06,H.barrier:soc_slack,3.801054e+01,1.438882e-34,2.075144e+00,1.000000e+00
large10kC_1ph,2,100,110,1.600000e-03,9.277180e-06,H.diag:energy_slack,9.710683e-01,2.562514e-43,1.538643e+00,1.000000e+00
large10kC_1ph,2,100,110,1.600000e-03,9.277180e-06,H.barrier:energy_slack,9.710683e-01,2.562514e-43,1.538643e+00,1.000000e+00
large10kC_1ph,2,100,110,1.600000e-03,9.277180e-06,J:Pbal,0.000000e+00,0.000000e+00,0.000000e+00,0.000000e+00
large10kC_1ph,2,100,110,1.600000e-03,9.277180e-06,J:Qbal,0.000000e+00,0.000000e+00,0.000000e+00,0.000000e+00
large10kC_1ph,2,100,110,1.600000e-03,9.277180e-06,J:vdrop,0.000000e+00,0.000000e+00,0.000000e+00,0.000000e+00
large10kC_1ph,2,100,110,1.600000e-03,9.277180e-06,J:SOCP,1.113090e-01,8.548727e-38,1.788803e+00,2.189922e-03
large10kC_1ph,2,100,110,1.600000e-03,9.277180e-06,J:rootV,0.000000e+00,0.000000e+00,0.000000e+00,0.000000e+00
large10kC_1ph,2,100,110,1.600000e-03,9.277180e-06,J:energy,0.000000e+00,0.000000e+00,0.000000e+00,0.000000e+00
large10kC_1ph,1,100,110,1.600000e-03,9.277180e-06,K,3.032953e+04,1.000000e+00,4.481880e+00,8.265089e-02
large10kC_1ph,1,100,110,1.600000e-03,9.277180e-06,H.diag,3.032953e+04,1.000000e+00,4.481880e+00,5.886765e-01
large10kC_1ph,1,100,110,1.600000e-03,9.277180e-06,J,1.037879e-01,1.559028e-37,3.402433e+00,9.101386e-04
large10kC_1ph,1,100,110,1.600000e-03,9.277180e-06,H.barrier,3.032953e+04,1.000000e+00,4.481880e+00,9.758406e-01
large10kC_1ph,1,100,110,1.600000e-03,9.277180e-06,H.Vxx,9.199605e-04,9.546470e-42,7.264600e-04,0.000000e+00
large10kC_1ph,1,100,110,1.600000e-03,9.277180e-06,H.rest,3.592465e-04,5.622067e-42,2.210772e-01,0.000000e+00
large10kC_1ph,1,100,110,1.600000e-03,9.277180e-06,H.diag:ps,0.000000e+00,0.000000e+00,0.000000e+00,0.000000e+00
large10kC_1ph,1,100,110,1.600000e-03,9.277180e-06,H.barrier:ps,9.710679e-01,4.355404e-60,1.538620e+00,1.000000e+00
large10kC_1ph,1,100,110,1.600000e-03,9.277180e-06,H.diag:qs,0.000000e+00,0.000000e+00,0.000000e+00,0.000000e+00
large10kC_1ph,1,100,110,1.600000e-03,9.277180e-06,H.diag:P,1.401238e-01,2.811033e-42,2.210772e-01,0.000000e+00
large10kC_1ph,1,100,110,1.600000e-03,9.277180e-06,H.diag:Q,1.401238e-01,2.811033e-42,2.210772e-01,0.000000e+00
large10kC_1ph,1,100,110,1.600000e-03,9.277180e-06,H.diag:v,3.032953e+04,1.000000e+00,4.481880e+00,1.000000e+00
large10kC_1ph,1,100,110,1.600000e-03,9.277180e-06,H.barrier:v,3.032953e+04,1.000000e+00,4.481880e+00,1.000000e+00
large10kC_1ph,1,100,110,1.600000e-03,9.277180e-06,H.diag:ell,1.539247e+00,4.456942e-40,1.538434e+00,9.202519e-01
large10kC_1ph,1,100,110,1.600000e-03,9.277180e-06,H.barrier:ell,1.539247e+00,4.456942e-40,1.538507e+00,9.203488e-01
large10kC_1ph,1,100,110,1.600000e-03,9.277180e-06,H.diag:pb,4.246914e-04,1.789155e-41,3.178383e-04,0.000000e+00
large10kC_1ph,1,100,110,1.600000e-03,9.277180e-06,H.barrier:pb,9.710672e-01,1.393991e-42,1.538613e+00,1.000000e+00
large10kC_1ph,1,100,110,1.600000e-03,9.277180e-06,H.diag:qnorm,9.710134e-01,2.371436e-44,1.546507e+00,1.000000e+00
large10kC_1ph,1,100,110,1.600000e-03,9.277180e-06,H.barrier:qnorm,9.710134e-01,2.371436e-44,1.546507e+00,1.000000e+00
large10kC_1ph,1,100,110,1.600000e-03,9.277180e-06,H.diag:soc_slack,3.768379e+01,4.183519e-35,2.070771e+00,1.000000e+00
large10kC_1ph,1,100,110,1.600000e-03,9.277180e-06,H.barrier:soc_slack,3.768379e+01,4.183519e-35,2.070771e+00,1.000000e+00
large10kC_1ph,1,100,110,1.600000e-03,9.277180e-06,H.diag:energy_slack,3.356811e+01,8.010398e-25,1.538987e+00,1.000000e+00
large10kC_1ph,1,100,110,1.600000e-03,9.277180e-06,H.barrier:energy_slack,3.356811e+01,8.010398e-25,1.538987e+00,1.000000e+00
large10kC_1ph,1,100,110,1.600000e-03,9.277180e-06,J:Pbal,0.000000e+00,0.000000e+00,0.000000e+00,0.000000e+00
large10kC_1ph,1,100,110,1.600000e-03,9.277180e-06,J:Qbal,0.000000e+00,0.000000e+00,0.000000e+00,0.000000e+00
large10kC_1ph,1,100,110,1.600000e-03,9.277180e-06,J:vdrop,0.000000e+00,0.000000e+00,0.000000e+00,0.000000e+00
large10kC_1ph,1,100,110,1.600000e-03,9.277180e-06,J:SOCP,1.044629e-01,1.559028e-37,3.402433e+00,2.984496e-03
large10kC_1ph,1,100,110,1.600000e-03,9.277180e-06,J:rootV,0.000000e+00,0.000000e+00,0.000000e+00,0.000000e+00
large10kC_1ph,1,100,110,1.600000e-03,9.277180e-06,J:energy,0.000000e+00,0.000000e+00,0.000000e+00,0.000000e+00
large10kC_1ph,6,110,120,9.277180e-06,5.663423e-08,K,3.053445e+03,1.000000e+00,3.484932e+00,8.126693e-02
large10kC_1ph,6,110,120,9.277180e-06,5.663423e-08,H.diag,3.053445e+03,1.000000e+00,3.484932e+00,5.843227e-01
large10kC_1ph,6,110,120,9.277180e-06,5.663423e-08,J,5.065698e-03,2.371020e-47,1.406064e+00,5.909991e-06
large10kC_1ph,6,110,120,9.277180e-06,5.663423e-08,H.barrier,3.053445e+03,1.000000e+00,3.484932e+00,1.000000e+00
large10kC_1ph,6,110,120,9.277180e-06,5.663423e-08,H.Vxx,0.000000e+00,0.000000e+00,NaN,NaN
large10kC_1ph,6,110,120,9.277180e-06,5.663423e-08,H.rest,1.254826e-06,3.708370e-50,1.173622e+00,9.226369e-05
large10kC_1ph,6,110,120,9.277180e-06,5.663423e-08,H.diag:ps,0.000000e+00,0.000000e+00,0.000000e+00,0.000000e+00
large10kC_1ph,6,110,120,9.277180e-06,5.663423e-08,H.barrier:ps,9.961546e-01,6.520051e-70,2.415061e+00,1.000000e+00
large10kC_1ph,6,110,120,9.277180e-06,5.663423e-08,H.diag:qs,0.000000e+00,0.000000e+00,0.000000e+00,0.000000e+00
large10kC_1ph,6,110,120,9.277180e-06,5.663423e-08,H.diag:P,5.217996e-02,1.854185e-50,1.149029e-01,0.000000e+00
large10kC_1ph,6,110,120,9.277180e-06,5.663423e-08,H.diag:Q,5.217996e-02,1.854185e-50,1.149029e-01,0.000000e+00
large10kC_1ph,6,110,120,9.277180e-06,5.663423e-08,H.diag:v,3.053445e+03,1.000000e+00,3.484932e+00,1.000000e+00
large10kC_1ph,6,110,120,9.277180e-06,5.663423e-08,H.barrier:v,3.053445e+03,1.000000e+00,3.484932e+00,1.000000e+00
large10kC_1ph,6,110,120,9.277180e-06,5.663423e-08,H.diag:ell,9.944360e-01,8.829491e-47,2.420826e+00,8.971899e-01
large10kC_1ph,6,110,120,9.277180e-06,5.663423e-08,H.barrier:ell,9.944360e-01,8.829491e-47,2.420826e+00,1.000000e+00
large10kC_1ph,6,110,120,9.277180e-06,5.663423e-08,H.diag:pb,5.690320e-08,7.625870e-53,3.518962e-08,0.000000e+00
large10kC_1ph,6,110,120,9.277180e-06,5.663423e-08,H.barrier:pb,9.961546e-01,7.625870e-53,2.415065e+00,1.000000e+00
large10kC_1ph,6,110,120,9.277180e-06,5.663423e-08,H.diag:qnorm,9.961550e-01,2.207311e-54,2.416673e+00,1.000000e+00
large10kC_1ph,6,110,120,9.277180e-06,5.663423e-08,H.barrier:qnorm,9.961550e-01,2.207311e-54,2.416673e+00,1.000000e+00
large10kC_1ph,6,110,120,9.277180e-06,5.663423e-08,H.diag:soc_slack,2.629339e+02,4.979710e-38,2.604278e+00,1.000000e+00
large10kC_1ph,6,110,120,9.277180e-06,5.663423e-08,H.barrier:soc_slack,2.629339e+02,4.979710e-38,2.604278e+00,1.000000e+00
large10kC_1ph,6,110,120,9.277180e-06,5.663423e-08,H.diag:energy_slack,9.961546e-01,3.282526e-53,2.415062e+00,1.000000e+00
large10kC_1ph,6,110,120,9.277180e-06,5.663423e-08,H.barrier:energy_slack,9.961546e-01,3.282526e-53,2.415062e+00,1.000000e+00
large10kC_1ph,6,110,120,9.277180e-06,5.663423e-08,J:Pbal,0.000000e+00,0.000000e+00,0.000000e+00,0.000000e+00
large10kC_1ph,6,110,120,9.277180e-06,5.663423e-08,J:Qbal,0.000000e+00,0.000000e+00,0.000000e+00,0.000000e+00
large10kC_1ph,6,110,120,9.277180e-06,5.663423e-08,J:vdrop,0.000000e+00,0.000000e+00,0.000000e+00,0.000000e+00
large10kC_1ph,6,110,120,9.277180e-06,5.663423e-08,J:SOCP,5.121416e-03,2.371020e-47,1.406064e+00,1.937984e-05
large10kC_1ph,6,110,120,9.277180e-06,5.663423e-08,J:rootV,0.000000e+00,0.000000e+00,0.000000e+00,0.000000e+00
large10kC_1ph,6,110,120,9.277180e-06,5.663423e-08,J:energy,0.000000e+00,0.000000e+00,0.000000e+00,0.000000e+00
large10kC_1ph,5,110,120,9.277180e-06,5.663423e-08,K,3.053445e+03,1.000000e+00,3.484932e+00,8.125421e-02
large10kC_1ph,5,110,120,9.277180e-06,5.663423e-08,H.diag,3.053445e+03,1.000000e+00,3.484932e+00,5.842678e-01
large10kC_1ph,5,110,120,9.277180e-06,5.663423e-08,J,4.407545e-03,2.399754e-47,3.517145e-01,0.000000e+00
large10kC_1ph,5,110,120,9.277180e-06,5.663423e-08,H.barrier,3.053445e+03,1.000000e+00,3.484932e+00,1.000000e+00
large10kC_1ph,5,110,120,9.277180e-06,5.663423e-08,H.Vxx,1.890989e-05,1.648771e-51,3.435246e-05,0.000000e+00
large10kC_1ph,5,110,120,9.277180e-06,5.663423e-08,H.rest,7.832041e-05,2.865829e-50,1.992377e+00,1.713586e-02
large10kC_1ph,5,110,120,9.277180e-06,5.663423e-08,H.diag:ps,0.000000e+00,0.000000e+00,0.000000e+00,0.000000e+00
large10kC_1ph,5,110,120,9.277180e-06,5.663423e-08,H.barrier:ps,9.961547e-01,4.768342e-70,2.415065e+00,1.000000e+00
large10kC_1ph,5,110,120,9.277180e-06,5.663423e-08,H.diag:qs,0.000000e+00,0.000000e+00,0.000000e+00,0.000000e+00
large10kC_1ph,5,110,120,9.277180e-06,5.663423e-08,H.diag:P,4.565607e-02,1.432915e-50,9.947041e-02,0.000000e+00
large10kC_1ph,5,110,120,9.277180e-06,5.663423e-08,H.diag:Q,4.565607e-02,1.432915e-50,9.947041e-02,0.000000e+00
large10kC_1ph,5,110,120,9.277180e-06,5.663423e-08,H.diag:v,3.053445e+03,1.000000e+00,3.484932e+00,1.000000e+00
large10kC_1ph,5,110,120,9.277180e-06,5.663423e-08,H.barrier:v,3.053445e+03,1.000000e+00,3.484932e+00,1.000000e+00
large10kC_1ph,5,110,120,9.277180e-06,5.663423e-08,H.diag:ell,9.949183e-01,5.236944e-47,2.420820e+00,8.968992e-01
large10kC_1ph,5,110,120,9.277180e-06,5.663423e-08,H.barrier:ell,9.949183e-01,5.236944e-47,2.420820e+00,1.000000e+00
large10kC_1ph,5,110,120,9.277180e-06,5.663423e-08,H.diag:pb,1.079996e-05,2.165459e-51,1.837850e-05,0.000000e+00
large10kC_1ph,5,110,120,9.277180e-06,5.663423e-08,H.barrier:pb,9.961546e-01,7.554217e-53,2.415060e+00,1.000000e+00
large10kC_1ph,5,110,120,9.277180e-06,5.663423e-08,H.diag:qnorm,9.961550e-01,2.325796e-54,2.416617e+00,1.000000e+00
large10kC_1ph,5,110,120,9.277180e-06,5.663423e-08,H.barrier:qnorm,9.961550e-01,2.325796e-54,2.416617e+00,1.000000e+00
large10kC_1ph,5,110,120,9.277180e-06,5.663423e-08,H.diag:soc_slack,2.621350e+02,5.022954e-38,2.565686e+00,1.000000e+00
large10kC_1ph,5,110,120,9.277180e-06,5.663423e-08,H.barrier:soc_slack,2.621350e+02,5.022954e-38,2.565686e+00,1.000000e+00
large10kC_1ph,5,110,120,9.277180e-06,5.663423e-08,H.diag:energy_slack,9.961550e-01,3.298079e-52,2.415151e+00,1.000000e+00
large10kC_1ph,5,110,120,9.277180e-06,5.663423e-08,H.barrier:energy_slack,9.961550e-01,3.298079e-52,2.415151e+00,1.000000e+00
large10kC_1ph,5,110,120,9.277180e-06,5.663423e-08,J:Pbal,0.000000e+00,0.000000e+00,0.000000e+00,0.000000e+00
large10kC_1ph,5,110,120,9.277180e-06,5.663423e-08,J:Qbal,0.000000e+00,0.000000e+00,0.000000e+00,0.000000e+00
large10kC_1ph,5,110,120,9.277180e-06,5.663423e-08,J:vdrop,0.000000e+00,0.000000e+00,0.000000e+00,0.000000e+00
large10kC_1ph,5,110,120,9.277180e-06,5.663423e-08,J:SOCP,4.443656e-03,2.399754e-47,3.517145e-01,0.000000e+00
large10kC_1ph,5,110,120,9.277180e-06,5.663423e-08,J:rootV,0.000000e+00,0.000000e+00,0.000000e+00,0.000000e+00
large10kC_1ph,5,110,120,9.277180e-06,5.663423e-08,J:energy,0.000000e+00,0.000000e+00,0.000000e+00,0.000000e+00
large10kC_1ph,4,110,120,9.277180e-06,5.663423e-08,K,3.053445e+03,1.000000e+00,3.484932e+00,8.124149e-02
large10kC_1ph,4,110,120,9.277180e-06,5.663423e-08,H.diag,3.053445e+03,1.000000e+00,3.484932e+00,5.841763e-01
large10kC_1ph,4,110,120,9.277180e-06,5.663423e-08,J,2.575225e-03,9.791049e-48,1.234562e-01,0.000000e+00
large10kC_1ph,4,110,120,9.277180e-06,5.663423e-08,H.barrier,3.053445e+03,1.000000e+00,3.484932e+00,1.000000e+00
large10kC_1ph,4,110,120,9.277180e-06,5.663423e-08,H.Vxx,8.050831e-05,7.579193e-51,7.820839e-05,0.000000e+00
large10kC_1ph,4,110,120,9.277180e-06,5.663423e-08,H.rest,7.178632e-05,2.407609e-50,1.671343e+00,4.506128e-05
large10kC_1ph,4,110,120,9.277180e-06,5.663423e-08,H.diag:ps,0.000000e+00,0.000000e+00,0.000000e+00,0.000000e+00
large10kC_1ph,4,110,120,9.277180e-06,5.663423e-08,H.barrier:ps,9.961546e-01,3.952937e-70,2.415062e+00,1.000000e+00
large10kC_1ph,4,110,120,9.277180e-06,5.663423e-08,H.diag:qs,0.000000e+00,0.000000e+00,0.000000e+00,0.000000e+00
large10kC_1ph,4,110,120,9.277180e-06,5.663423e-08,H.diag:P,2.612377e-02,1.203804e-50,5.230477e-02,0.000000e+00
large10kC_1ph,4,110,120,9.277180e-06,5.663423e-08,H.diag:Q,2.612377e-02,1.203804e-50,5.230477e-02,0.000000e+00
large10kC_1ph,4,110,120,9.277180e-06,5.663423e-08,H.diag:v,3.053445e+03,1.000000e+00,3.484932e+00,1.000000e+00
large10kC_1ph,4,110,120,9.277180e-06,5.663423e-08,H.barrier:v,3.053445e+03,1.000000e+00,3.484932e+00,1.000000e+00
large10kC_1ph,4,110,120,9.277180e-06,5.663423e-08,H.diag:ell,9.958391e-01,3.563127e-47,2.420723e+00,8.964147e-01
large10kC_1ph,4,110,120,9.277180e-06,5.663423e-08,H.barrier:ell,9.958391e-01,3.563127e-47,2.420723e+00,1.000000e+00
large10kC_1ph,4,110,120,9.277180e-06,5.663423e-08,H.diag:pb,2.937247e-05,9.072581e-51,2.770752e-05,0.000000e+00
large10kC_1ph,4,110,120,9.277180e-06,5.663423e-08,H.barrier:pb,9.961546e-01,6.893583e-53,2.415061e+00,1.000000e+00
large10kC_1ph,4,110,120,9.277180e-06,5.663423e-08,H.diag:qnorm,9.961550e-01,2.513664e-54,2.415695e+00,1.000000e+00
large10kC_1ph,4,110,120,9.277180e-06,5.663423e-08,H.barrier:qnorm,9.961550e-01,2.513664e-54,2.415695e+00,1.000000e+00
large10kC_1ph,4,110,120,9.277180e-06,5.663423e-08,H.diag:soc_slack,2.598783e+02,3.210098e-37,2.463405e+00,1.000000e+00
large10kC_1ph,4,110,120,9.277180e-06,5.663423e-08,H.barrier:soc_slack,2.598783e+02,3.210098e-37,2.463405e+00,1.000000e+00
large10kC_1ph,4,110,120,9.277180e-06,5.663423e-08,H.diag:energy_slack,2.590519e+02,1.643314e-26,2.415063e+00,1.000000e+00
large10kC_1ph,4,110,120,9.277180e-06,5.663423e-08,H.barrier:energy_slack,2.590519e+02,1.643314e-26,2.415063e+00,1.000000e+00
large10kC_1ph,4,110,120,9.277180e-06,5.663423e-08,J:Pbal,0.000000e+00,0.000000e+00,0.000000e+00,0.000000e+00
large10kC_1ph,4,110,120,9.277180e-06,5.663423e-08,J:Qbal,0.000000e+00,0.000000e+00,0.000000e+00,0.000000e+00
large10kC_1ph,4,110,120,9.277180e-06,5.663423e-08,J:vdrop,0.000000e+00,0.000000e+00,0.000000e+00,0.000000e+00
large10kC_1ph,4,110,120,9.277180e-06,5.663423e-08,J:SOCP,2.592842e-03,9.791049e-48,1.234562e-01,0.000000e+00
large10kC_1ph,4,110,120,9.277180e-06,5.663423e-08,J:rootV,0.000000e+00,0.000000e+00,0.000000e+00,0.000000e+00
large10kC_1ph,4,110,120,9.277180e-06,5.663423e-08,J:energy,0.000000e+00,0.000000e+00,0.000000e+00,0.000000e+00
large10kC_1ph,3,110,120,9.277180e-06,5.663423e-08,K,3.053445e+03,1.000000e+00,3.484932e+00,8.124913e-02
large10kC_1ph,3,110,120,9.277180e-06,5.663423e-08,H.diag,3.053445e+03,1.000000e+00,3.484932e+00,5.841946e-01
large10kC_1ph,3,110,120,9.277180e-06,5.663423e-08,J,2.370700e-03,5.224149e-48,1.097553e+00,5.909991e-06
large10kC_1ph,3,110,120,9.277180e-06,5.663423e-08,H.barrier,3.053445e+03,1.000000e+00,3.484932e+00,9.999412e-01
large10kC_1ph,3,110,120,9.277180e-06,5.663423e-08,H.Vxx,2.411189e-05,2.783872e-51,4.167968e-05,0.000000e+00
large10kC_1ph,3,110,120,9.277180e-06,5.663423e-08,H.rest,1.404898e-04,9.221360e-50,1.390953e+00,1.383892e-04
large10kC_1ph,3,110,120,9.277180e-06,5.663423e-08,H.diag:ps,0.000000e+00,0.000000e+00,0.000000e+00,0.000000e+00
large10kC_1ph,3,110,120,9.277180e-06,5.663423e-08,H.barrier:ps,9.961546e-01,6.478901e-70,2.415062e+00,1.000000e+00
large10kC_1ph,3,110,120,9.277180e-06,5.663423e-08,H.diag:qs,0.000000e+00,0.000000e+00,0.000000e+00,0.000000e+00
large10kC_1ph,3,110,120,9.277180e-06,5.663423e-08,H.diag:P,3.750058e-02,4.610680e-50,2.715951e-01,0.000000e+00
large10kC_1ph,3,110,120,9.277180e-06,5.663423e-08,H.diag:Q,3.750058e-02,4.610680e-50,2.715951e-01,0.000000e+00
large10kC_1ph,3,110,120,9.277180e-06,5.663423e-08,H.diag:v,3.053445e+03,1.000000e+00,3.484932e+00,1.000000e+00
large10kC_1ph,3,110,120,9.277180e-06,5.663423e-08,H.barrier:v,3.053445e+03,1.000000e+00,3.484932e+00,1.000000e+00
large10kC_1ph,3,110,120,9.277180e-06,5.663423e-08,H.diag:ell,9.665153e-01,1.951249e-45,2.420825e+00,8.965116e-01
large10kC_1ph,3,110,120,9.277180e-06,5.663423e-08,H.barrier:ell,9.665153e-01,1.951249e-45,2.420825e+00,9.998062e-01
large10kC_1ph,3,110,120,9.277180e-06,5.663423e-08,H.diag:pb,1.368264e-05,3.542069e-51,2.266604e-05,0.000000e+00
large10kC_1ph,3,110,120,9.277180e-06,5.663423e-08,H.barrier:pb,9.961546e-01,1.352278e-52,2.415065e+00,1.000000e+00
large10kC_1ph,3,110,120,9.277180e-06,5.663423e-08,H.diag:qnorm,9.961549e-01,2.560536e-54,2.415340e+00,1.000000e+00
large10kC_1ph,3,110,120,9.277180e-06,5.663423e-08,H.barrier:qnorm,9.961549e-01,2.560536e-54,2.415340e+00,1.000000e+00
large10kC_1ph,3,110,120,9.277180e-06,5.663423e-08,H.diag:soc_slack,2.605792e+02,1.115309e-36,3.106991e+00,1.000000e+00
large10kC_1ph,3,110,120,9.277180e-06,5.663423e-08,H.barrier:soc_slack,2.605792e+02,1.115309e-36,3.106991e+00,1.000000e+00
large10kC_1ph,3,110,120,9.277180e-06,5.663423e-08,H.diag:energy_slack,2.590521e+02,1.116930e-26,2.415076e+00,1.000000e+00
large10kC_1ph,3,110,120,9.277180e-06,5.663423e-08,H.barrier:energy_slack,2.590521e+02,1.116930e-26,2.415076e+00,1.000000e+00
large10kC_1ph,3,110,120,9.277180e-06,5.663423e-08,J:Pbal,0.000000e+00,0.000000e+00,0.000000e+00,0.000000e+00
large10kC_1ph,3,110,120,9.277180e-06,5.663423e-08,J:Qbal,0.000000e+00,0.000000e+00,0.000000e+00,0.000000e+00
large10kC_1ph,3,110,120,9.277180e-06,5.663423e-08,J:vdrop,0.000000e+00,0.000000e+00,0.000000e+00,0.000000e+00
large10kC_1ph,3,110,120,9.277180e-06,5.663423e-08,J:SOCP,2.396617e-03,5.224149e-48,1.097553e+00,1.937984e-05
large10kC_1ph,3,110,120,9.277180e-06,5.663423e-08,J:rootV,0.000000e+00,0.000000e+00,0.000000e+00,0.000000e+00
large10kC_1ph,3,110,120,9.277180e-06,5.663423e-08,J:energy,0.000000e+00,0.000000e+00,0.000000e+00,0.000000e+00
large10kC_1ph,2,110,120,9.277180e-06,5.663423e-08,K,3.053445e+03,1.000000e+00,3.484932e+00,8.125676e-02
large10kC_1ph,2,110,120,9.277180e-06,5.663423e-08,H.diag,3.053445e+03,1.000000e+00,3.484932e+00,5.842495e-01
large10kC_1ph,2,110,120,9.277180e-06,5.663423e-08,J,2.736132e-03,5.185707e-48,1.800165e+00,5.909991e-06
large10kC_1ph,2,110,120,9.277180e-06,5.663423e-08,H.barrier,3.053445e+03,1.000000e+00,3.484932e+00,9.999412e-01
large10kC_1ph,2,110,120,9.277180e-06,5.663423e-08,H.Vxx,4.726586e-05,1.079267e-50,1.758704e-04,0.000000e+00
large10kC_1ph,2,110,120,9.277180e-06,5.663423e-08,H.rest,1.543014e-04,1.112359e-49,1.306987e+00,9.228498e-05
large10kC_1ph,2,110,120,9.277180e-06,5.663423e-08,H.diag:ps,0.000000e+00,0.000000e+00,0.000000e+00,0.000000e+00
large10kC_1ph,2,110,120,9.277180e-06,5.663423e-08,H.barrier:ps,9.961546e-01,8.965862e-70,2.415063e+00,1.000000e+00
large10kC_1ph,2,110,120,9.277180e-06,5.663423e-08,H.diag:qs,0.000000e+00,0.000000e+00,0.000000e+00,0.000000e+00
large10kC_1ph,2,110,120,9.277180e-06,5.663423e-08,H.diag:P,4.134957e-02,5.561796e-50,2.696594e-01,0.000000e+00
large10kC_1ph,2,110,120,9.277180e-06,5.663423e-08,H.diag:Q,4.134957e-02,5.561796e-50,2.696594e-01,0.000000e+00
large10kC_1ph,2,110,120,9.277180e-06,5.663423e-08,H.diag:v,3.053445e+03,1.000000e+00,3.484932e+00,1.000000e+00
large10kC_1ph,2,110,120,9.277180e-06,5.663423e-08,H.barrier:v,3.053445e+03,1.000000e+00,3.484932e+00,1.000000e+00
large10kC_1ph,2,110,120,9.277180e-06,5.663423e-08,H.diag:ell,9.733892e-01,2.553389e-45,2.420847e+00,8.968023e-01
large10kC_1ph,2,110,120,9.277180e-06,5.663423e-08,H.barrier:ell,9.733892e-01,2.553389e-45,2.420847e+00,9.998062e-01
large10kC_1ph,2,110,120,9.277180e-06,5.663423e-08,H.diag:pb,2.462480e-05,1.152383e-50,8.740822e-05,0.000000e+00
large10kC_1ph,2,110,120,9.277180e-06,5.663423e-08,H.barrier:pb,9.961546e-01,1.283813e-52,2.415066e+00,1.000000e+00
large10kC_1ph,2,110,120,9.277180e-06,5.663423e-08,H.diag:qnorm,9.961549e-01,2.408340e-54,2.415402e+00,1.000000e+00
large10kC_1ph,2,110,120,9.277180e-06,5.663423e-08,H.barrier:qnorm,9.961549e-01,2.408340e-54,2.415402e+00,1.000000e+00
large10kC_1ph,2,110,120,9.277180e-06,5.663423e-08,H.diag:soc_slack,2.610030e+02,1.105680e-36,3.096033e+00,1.000000e+00
large10kC_1ph,2,110,120,9.277180e-06,5.663423e-08,H.barrier:soc_slack,2.610030e+02,1.105680e-36,3.096033e+00,1.000000e+00
large10kC_1ph,2,110,120,9.277180e-06,5.663423e-08,H.diag:energy_slack,9.961546e-01,2.420796e-53,2.415061e+00,1.000000e+00
large10kC_1ph,2,110,120,9.277180e-06,5.663423e-08,H.barrier:energy_slack,9.961546e-01,2.420796e-53,2.415061e+00,1.000000e+00
large10kC_1ph,2,110,120,9.277180e-06,5.663423e-08,J:Pbal,0.000000e+00,0.000000e+00,0.000000e+00,0.000000e+00
large10kC_1ph,2,110,120,9.277180e-06,5.663423e-08,J:Qbal,0.000000e+00,0.000000e+00,0.000000e+00,0.000000e+00
large10kC_1ph,2,110,120,9.277180e-06,5.663423e-08,J:vdrop,0.000000e+00,0.000000e+00,0.000000e+00,0.000000e+00
large10kC_1ph,2,110,120,9.277180e-06,5.663423e-08,J:SOCP,2.776499e-03,5.185707e-48,1.800165e+00,1.937984e-05
large10kC_1ph,2,110,120,9.277180e-06,5.663423e-08,J:rootV,0.000000e+00,0.000000e+00,0.000000e+00,0.000000e+00
large10kC_1ph,2,110,120,9.277180e-06,5.663423e-08,J:energy,0.000000e+00,0.000000e+00,0.000000e+00,0.000000e+00
large10kC_1ph,1,110,120,9.277180e-06,5.663423e-08,K,3.053445e+03,1.000000e+00,3.484932e+00,8.122114e-02
large10kC_1ph,1,110,120,9.277180e-06,5.663423e-08,H.diag,3.053445e+03,1.000000e+00,3.484932e+00,5.840300e-01
large10kC_1ph,1,110,120,9.277180e-06,5.663423e-08,J,2.624520e-03,9.779654e-48,9.736192e-01,0.000000e+00
large10kC_1ph,1,110,120,9.277180e-06,5.663423e-08,H.barrier,3.053445e+03,1.000000e+00,3.484932e+00,1.000000e+00
large10kC_1ph,1,110,120,9.277180e-06,5.663423e-08,H.Vxx,5.372405e-05,3.485735e-51,1.826471e-04,0.000000e+00
large10kC_1ph,1,110,120,9.277180e-06,5.663423e-08,H.rest,9.131572e-05,3.895772e-50,1.855363e+00,1.712560e-03
large10kC_1ph,1,110,120,9.277180e-06,5.663423e-08,H.diag:ps,0.000000e+00,0.000000e+00,0.000000e+00,0.000000e+00
large10kC_1ph,1,110,120,9.277180e-06,5.663423e-08,H.barrier:ps,9.961546e-01,4.114662e-70,2.415062e+00,1.000000e+00
large10kC_1ph,1,110,120,9.277180e-06,5.663423e-08,H.diag:qs,0.000000e+00,0.000000e+00,0.000000e+00,0.000000e+00
large10kC_1ph,1,110,120,9.277180e-06,5.663423e-08,H.diag:P,3.329242e-02,1.947886e-50,7.183677e-02,0.000000e+00
large10kC_1ph,1,110,120,9.277180e-06,5.663423e-08,H.diag:Q,3.329242e-02,1.947886e-50,7.183677e-02,0.000000e+00
large10kC_1ph,1,110,120,9.277180e-06,5.663423e-08,H.diag:v,3.053445e+03,1.000000e+00,3.484932e+00,1.000000e+00
large10kC_1ph,1,110,120,9.277180e-06,5.663423e-08,H.barrier:v,3.053445e+03,1.000000e+00,3.484932e+00,1.000000e+00
large10kC_1ph,1,110,120,9.277180e-06,5.663423e-08,H.diag:ell,9.955323e-01,1.019985e-46,2.420826e+00,8.956395e-01
large10kC_1ph,1,110,120,9.277180e-06,5.663423e-08,H.barrier:ell,9.955323e-01,1.019985e-46,2.420826e+00,1.000000e+00
large10kC_1ph,1,110,120,9.277180e-06,5.663423e-08,H.diag:pb,2.031511e-05,4.387150e-51,5.970577e-05,0.000000e+00
large10kC_1ph,1,110,120,9.277180e-06,5.663423e-08,H.barrier:pb,9.961546e-01,1.316999e-52,2.415062e+00,1.000000e+00
large10kC_1ph,1,110,120,9.277180e-06,5.663423e-08,H.diag:qnorm,9.961549e-01,2.249070e-54,2.415913e+00,1.000000e+00
large10kC_1ph,1,110,120,9.277180e-06,5.663423e-08,H.barrier:qnorm,9.961549e-01,2.249070e-54,2.415913e+00,1.000000e+00
large10kC_1ph,1,110,120,9.277180e-06,5.663423e-08,H.diag:soc_slack,2.607348e+02,3.209890e-37,2.502412e+00,1.000000e+00
large10kC_1ph,1,110,120,9.277180e-06,5.663423e-08,H.barrier:soc_slack,2.607348e+02,3.209890e-37,2.502412e+00,1.000000e+00
large10kC_1ph,1,110,120,9.277180e-06,5.663423e-08,H.diag:energy_slack,2.590520e+02,6.113874e-27,2.415080e+00,1.000000e+00
large10kC_1ph,1,110,120,9.277180e-06,5.663423e-08,H.barrier:energy_slack,2.590520e+02,6.113874e-27,2.415080e+00,1.000000e+00
large10kC_1ph,1,110,120,9.277180e-06,5.663423e-08,J:Pbal,0.000000e+00,0.000000e+00,0.000000e+00,0.000000e+00
large10kC_1ph,1,110,120,9.277180e-06,5.663423e-08,J:Qbal,0.000000e+00,0.000000e+00,0.000000e+00,0.000000e+00
large10kC_1ph,1,110,120,9.277180e-06,5.663423e-08,J:vdrop,0.000000e+00,0.000000e+00,0.000000e+00,0.000000e+00
large10kC_1ph,1,110,120,9.277180e-06,5.663423e-08,J:SOCP,2.643199e-03,9.779654e-48,9.736192e-01,0.000000e+00
large10kC_1ph,1,110,120,9.277180e-06,5.663423e-08,J:rootV,0.000000e+00,0.000000e+00,0.000000e+00,0.000000e+00
large10kC_1ph,1,110,120,9.277180e-06,5.663423e-08,J:energy,0.000000e+00,0.000000e+00,0.000000e+00,0.000000e+00
