iteration,subproblem,solve_time_sec,ipopt_iters
1,1,3.534000,15
1,2,5.652000,14
1,3,5.547000,14
1,4,4.109000,13
1,5,5.262000,14
1,6,5.933000,14
1,7,3.629000,14
1,8,5.368000,14
1,9,5.803000,14
1,10,5.131000,14
1,11,5.549000,14
1,12,5.555000,14
1,13,3.629000,14
1,14,5.856000,17
1,15,5.775000,15
1,16,5.836000,17
1,17,6.344000,17
1,18,4.422000,21
1,19,3.629000,15
1,20,5.649000,15
1,21,6.149000,15
1,22,4.729000,14
1,23,5.491000,15
1,24,5.716000,16
1,25,3.613000,15
1,26,6.021000,17
1,27,6.007000,15
1,28,5.058000,15
1,29,5.091000,15
1,30,5.531000,13
1,31,3.474000,14
1,32,4.310000,12
1,33,5.423000,16
1,34,5.169000,15
1,35,4.942000,15
1,36,6.694000,15
1,37,3.862000,14
1,38,5.371000,15
1,39,5.896000,15
1,40,5.620000,15
1,41,4.578000,14
1,42,5.648000,14
1,43,3.867000,14
1,44,5.378000,14
1,45,5.806000,14
1,46,5.154000,14
1,47,4.654000,13
1,48,5.388000,14
1,49,3.748000,13
1,50,4.904000,14
1,51,5.091000,13
1,52,4.571000,13
1,53,4.385000,13
1,54,5.603000,13
1,55,3.811000,16
1,56,5.070000,14
1,57,6.517000,14
1,58,5.783000,14
1,59,5.200000,14
1,60,4.465000,14
1,61,3.500000,14
1,62,5.367000,14
1,63,5.988000,14
1,64,4.886000,14
1,65,5.936000,14
1,66,5.349000,14
1,67,3.840000,15
1,68,5.003000,15
1,69,5.879000,15
1,70,5.037000,14
1,71,5.310000,15
1,72,5.942000,15
1,73,3.215000,15
1,74,5.377000,15
1,75,5.620000,14
1,76,4.703000,14
1,77,3.773000,14
1,78,6.254000,14
1,79,3.882000,14
1,80,5.378000,14
1,81,5.830000,14
1,82,5.267000,14
1,83,5.831000,15
1,84,5.083000,15
1,85,3.629000,14
1,86,4.957000,14
1,87,5.697000,14
1,88,4.835000,14
1,89,5.761000,14
1,90,5.889000,14
1,91,3.842000,14
1,92,5.013000,14
1,93,5.916000,14
1,94,5.069000,14
1,95,4.910000,14
1,96,5.282000,11
2,1,3.488000,9
2,2,3.329000,7
2,3,2.520000,5
2,4,2.000000,6
2,5,2.244000,5
2,6,1.120000,6
2,7,2.718000,5
2,8,1.951000,6
2,9,2.498000,6
2,10,2.069000,6
2,11,1.688000,6
2,12,2.136000,6
2,13,2.996000,6
2,14,2.969000,6
2,15,2.382000,6
2,16,2.284000,6
2,17,2.148000,6
2,18,1.783000,6
2,19,2.421000,5
2,20,2.195000,6
2,21,3.245000,6
2,22,2.490000,6
2,23,2.177000,6
2,24,1.826000,6
2,25,2.996000,6
2,26,3.099000,6
2,27,2.808000,6
2,28,2.312000,6
2,29,2.058000,6
2,30,1.411000,6
2,31,2.997000,6
2,32,2.857000,6
2,33,3.085000,6
2,34,2.239000,6
2,35,2.371000,6
2,36,1.328000,6
2,37,2.421000,5
2,38,2.003000,5
2,39,2.785000,5
2,40,1.704000,5
2,41,1.958000,5
2,42,1.629000,5
2,43,2.425000,5
2,44,2.100000,5
2,45,2.620000,5
2,46,1.435000,5
2,47,1.942000,5
2,48,1.432000,5
2,49,1.819000,5
2,50,1.643000,5
2,51,2.168000,5
2,52,1.929000,5
2,53,2.330000,5
2,54,1.684000,5
2,55,1.609000,4
2,56,1.840000,5
2,57,2.233000,5
2,58,2.207000,5
2,59,1.812000,5
2,60,1.960000,5
2,61,2.165000,5
2,62,2.052000,5
2,63,2.431000,4
2,64,2.722000,6
2,65,2.235000,5
2,66,1.818000,5
2,67,2.998000,6
2,68,3.930000,7
2,69,3.274000,7
2,70,2.126000,5
2,71,0.664000,5
2,72,0.243000,5
2,73,2.650000,5
2,74,4.276000,6
2,75,2.275000,5
2,76,1.616000,5
2,77,2.482000,6
2,78,1.415000,5
2,79,2.700000,5
2,80,3.816000,6
2,81,1.948000,5
2,82,1.611000,5
2,83,1.564000,5
2,84,0.304000,5
2,85,2.422000,5
2,86,2.908000,6
2,87,2.457000,6
2,88,2.032000,5
2,89,2.467000,5
2,90,1.912000,6
2,91,2.705000,5
2,92,2.001000,5
2,93,3.037000,6
2,94,2.432000,5
2,95,2.011000,6
2,96,1.942000,5
3,1,2.989000,6
3,2,2.587000,6
3,3,2.550000,6
3,4,2.489000,5
3,5,1.134000,5
3,6,0.366000,6
3,7,2.642000,6
3,8,2.897000,6
3,9,3.282000,6
3,10,2.624000,6
3,11,1.928000,6
3,12,0.912000,6
3,13,2.429000,6
3,14,2.589000,6
3,15,2.045000,6
3,16,2.525000,6
3,17,2.434000,5
3,18,1.788000,6
3,19,2.094000,6
3,20,2.940000,6
3,21,2.430000,6
3,22,2.062000,6
3,23,2.277000,6
3,24,1.628000,6
3,25,2.380000,6
3,26,2.589000,6
3,27,2.126000,6
3,28,2.197000,6
3,29,2.720000,6
3,30,1.373000,6
3,31,2.492000,6
3,32,2.477000,6
3,33,2.430000,6
3,34,3.290000,6
3,35,2.457000,6
3,36,0.846000,5
3,37,3.044000,6
3,38,1.762000,5
3,39,2.124000,5
3,40,1.957000,5
3,41,1.628000,5
3,42,2.236000,5
3,43,1.917000,5
3,44,2.063000,5
3,45,2.073000,5
3,46,1.603000,5
3,47,2.259000,5
3,48,1.633000,5
3,49,1.908000,5
3,50,1.579000,5
3,51,2.212000,6
3,52,1.581000,5
3,53,2.071000,5
3,54,1.621000,5
3,55,2.152000,5
3,56,2.365000,5
3,57,1.811000,5
3,58,1.832000,5
3,59,1.610000,5
3,60,1.965000,5
3,61,1.923000,4
3,62,2.192000,5
3,63,1.353000,4
3,64,1.950000,5
3,65,2.020000,6
3,66,2.329000,9
3,67,2.743000,8
3,68,2.255000,6
3,69,2.670000,6
3,70,2.666000,6
3,71,0.766000,5
3,72,0.216000,5
3,73,2.425000,6
3,74,2.266000,6
3,75,2.135000,5
3,76,2.226000,5
3,77,1.940000,5
3,78,2.275000,6
3,79,2.153000,5
3,80,2.377000,5
3,81,2.669000,6
3,82,2.162000,6
3,83,2.674000,6
3,84,1.710000,6
3,85,2.993000,6
3,86,2.152000,5
3,87,1.833000,6
3,88,2.699000,6
3,89,2.038000,6
3,90,1.444000,5
3,91,2.425000,6
3,92,2.085000,5
3,93,1.942000,5
3,94,2.342000,6
3,95,2.753000,6
3,96,1.796000,5
4,1,2.819000,6
4,2,2.424000,6
4,3,1.733000,5
4,4,2.030000,6
4,5,1.809000,6
4,6,1.008000,6
4,7,2.086000,6
4,8,2.678000,5
4,9,2.048000,6
4,10,1.727000,6
4,11,2.226000,6
4,12,1.545000,6
4,13,2.794000,6
4,14,2.183000,5
4,15,2.134000,6
4,16,2.062000,6
4,17,1.958000,6
4,18,1.129000,6
4,19,2.711000,6
4,20,2.681000,6
4,21,2.183000,6
4,22,2.155000,6
4,23,2.087000,6
4,24,0.712000,6
4,25,2.086000,6
4,26,2.438000,6
4,27,1.553000,6
4,28,2.091000,6
4,29,2.150000,6
4,30,1.445000,6
4,31,2.762000,6
4,32,2.494000,6
4,33,1.674000,6
4,34,2.246000,6
4,35,1.733000,6
4,36,0.233000,6
4,37,2.091000,5
4,38,2.449000,5
4,39,1.632000,5
4,40,1.518000,5
4,41,1.701000,6
4,42,1.710000,5
4,43,1.736000,5
4,44,2.397000,5
4,45,1.643000,5
4,46,1.216000,5
4,47,1.401000,5
4,48,1.813000,5
4,49,2.090000,5
4,50,2.218000,5
4,51,1.910000,5
4,52,1.992000,6
4,53,1.916000,5
4,54,1.677000,5
4,55,2.087000,6
4,56,1.875000,4
4,57,1.969000,6
4,58,1.647000,5
4,59,1.452000,5
4,60,1.837000,6
4,61,1.226000,4
4,62,1.805000,4
4,63,2.424000,6
4,64,4.021000,4
4,65,2.126000,6
4,66,0.936000,5
4,67,2.219000,5
4,68,2.816000,6
4,69,1.743000,6
4,70,2.171000,6
4,71,1.597000,5
4,72,1.404000,6
4,73,2.527000,6
4,74,2.905000,6
4,75,1.847000,6
4,76,1.882000,5
4,77,1.572000,5
4,78,1.285000,4
4,79,1.927000,4
4,80,2.280000,6
4,81,2.136000,6
4,82,1.851000,6
4,83,2.225000,6
4,84,1.472000,6
4,85,2.307000,5
4,86,2.735000,6
4,87,1.491000,5
4,88,1.777000,6
4,89,1.834000,6
4,90,1.629000,6
4,91,2.088000,5
4,92,3.656000,6
4,93,1.631000,5
4,94,2.094000,6
4,95,1.724000,6
4,96,0.624000,5
5,1,1.630000,6
5,2,2.376000,6
5,3,1.814000,6
5,4,1.957000,6
5,5,1.661000,6
5,6,1.185000,5
5,7,1.568000,6
5,8,2.239000,6
5,9,2.256000,6
5,10,1.777000,6
5,11,1.530000,6
5,12,1.076000,6
5,13,1.798000,6
5,14,1.771000,6
5,15,2.261000,6
5,16,1.650000,6
5,17,1.565000,6
5,18,1.394000,6
5,19,1.797000,6
5,20,2.179000,6
5,21,2.301000,6
5,22,1.567000,6
5,23,1.721000,6
5,24,1.286000,6
5,25,1.792000,6
5,26,2.022000,6
5,27,1.848000,6
5,28,1.719000,6
5,29,1.477000,6
5,30,1.382000,6
5,31,1.797000,6
5,32,2.293000,6
5,33,1.740000,6
5,34,1.783000,6
5,35,1.790000,6
5,36,1.424000,6
5,37,1.594000,6
5,38,1.840000,5
5,39,1.961000,5
5,40,1.303000,5
5,41,1.726000,6
5,42,1.206000,4
5,43,1.174000,4
5,44,0.962000,5
5,45,1.572000,5
5,46,1.440000,5
5,47,1.538000,5
5,48,1.093000,5
5,49,1.792000,5
5,50,1.499000,5
5,51,1.476000,5
5,52,1.874000,6
5,53,1.301000,5
5,54,1.598000,5
5,55,1.263000,6
5,56,0.971000,4
5,57,2.080000,5
5,58,1.617000,5
5,59,2.047000,6
5,60,1.067000,4
5,61,1.832000,5
5,62,1.484000,4
5,63,1.082000,4
5,64,2.077000,5
5,65,1.320000,4
5,66,2.226000,8
5,67,1.796000,6
5,68,2.136000,5
5,69,1.432000,5
5,70,1.460000,4
5,71,1.571000,4
5,72,0.880000,5
5,73,1.408000,5
5,74,0.903000,4
5,75,1.825000,4
5,76,1.514000,5
5,77,1.398000,4
5,78,1.423000,6
5,79,1.829000,5
5,80,2.168000,5
5,81,1.879000,5
5,82,1.588000,5
5,83,1.244000,5
5,84,1.179000,5
5,85,2.010000,6
5,86,2.309000,6
5,87,2.286000,6
5,88,1.959000,7
5,89,1.323000,6
5,90,0.967000,6
5,91,1.425000,6
5,92,1.377000,6
5,93,1.804000,5
5,94,2.313000,6
5,95,2.219000,6
5,96,1.617000,5
6,1,2.195000,5
6,2,2.119000,6
6,3,1.609000,6
6,4,2.272000,6
6,5,1.575000,6
6,6,0.630000,6
6,7,2.030000,5
6,8,2.273000,6
6,9,2.373000,6
6,10,2.157000,6
6,11,2.026000,6
6,12,0.551000,6
6,13,2.252000,5
6,14,1.674000,5
6,15,1.410000,5
6,16,1.927000,6
6,17,2.177000,6
6,18,1.326000,6
6,19,2.291000,6
6,20,1.568000,6
6,21,1.831000,6
6,22,1.930000,6
6,23,2.012000,6
6,24,1.507000,6
6,25,2.218000,6
6,26,1.813000,6
6,27,2.328000,6
6,28,2.067000,6
6,29,1.701000,6
6,30,0.940000,5
6,31,2.258000,5
6,32,1.530000,5
6,33,1.891000,6
6,34,1.908000,5
6,35,1.168000,4
6,36,1.975000,6
6,37,2.249000,6
6,38,2.052000,6
6,39,1.367000,5
6,40,1.809000,6
6,41,1.753000,5
6,42,1.481000,5
6,43,1.560000,4
6,44,1.439000,5
6,45,1.651000,4
6,46,1.209000,4
6,47,1.495000,4
6,48,1.527000,5
6,49,1.837000,5
6,50,1.421000,5
6,51,1.003000,4
6,52,1.562000,5
6,53,1.109000,4
6,54,1.448000,5
6,55,5.083000,26
6,56,4.965000,26
6,57,0.640000,5
6,58,0.156000,5
6,59,0.113000,5
6,60,0.104000,4
6,61,2.035000,5
6,62,1.086000,5
6,63,0.983000,4
6,64,1.243000,4
6,65,1.234000,4
6,66,1.084000,4
6,67,1.843000,5
6,68,1.861000,5
6,69,1.981000,5
6,70,1.919000,6
6,71,1.738000,6
6,72,1.421000,5
6,73,2.188000,5
6,74,1.578000,5
6,75,1.926000,6
6,76,1.826000,6
6,77,1.751000,7
6,78,1.505000,5
6,79,1.845000,5
6,80,1.705000,4
6,81,1.583000,6
6,82,1.211000,4
6,83,1.715000,4
6,84,1.432000,4
6,85,2.322000,6
6,86,1.869000,5
6,87,1.795000,5
6,88,2.000000,6
6,89,2.056000,5
6,90,1.114000,5
6,91,2.583000,6
6,92,2.065000,6
6,93,1.712000,5
6,94,2.065000,6
6,95,1.869000,6
6,96,0.900000,5
7,1,1.355000,5
7,2,1.615000,5
7,3,1.398000,6
7,4,1.350000,6
7,5,1.665000,6
7,6,1.185000,5
7,7,1.683000,5
7,8,1.758000,5
7,9,1.342000,5
7,10,1.287000,6
7,11,1.265000,5
7,12,1.121000,5
7,13,1.705000,6
7,14,1.985000,5
7,15,1.220000,5
7,16,2.191000,6
7,17,1.548000,6
7,18,0.822000,6
7,19,1.878000,6
7,20,1.991000,6
7,21,1.601000,6
7,22,2.253000,6
7,23,1.239000,5
7,24,0.559000,5
7,25,1.887000,6
7,26,1.085000,6
7,27,1.900000,6
7,28,0.931000,5
7,29,1.005000,5
7,30,1.090000,5
7,31,1.883000,6
7,32,1.485000,6
7,33,2.303000,6
7,34,1.745000,5
7,35,0.629000,6
7,36,0.188000,6
7,37,1.870000,6
7,38,1.220000,5
7,39,0.986000,6
7,40,1.129000,4
7,41,1.155000,4
7,42,1.405000,5
7,43,1.195000,4
7,44,1.116000,4
7,45,1.363000,5
7,46,1.545000,5
7,47,1.645000,4
7,48,1.102000,5
7,49,1.698000,5
7,50,1.555000,5
7,51,1.064000,5
7,52,1.445000,5
7,53,1.511000,5
7,54,1.250000,5
7,55,3.711000,14
7,56,2.410000,7
7,57,1.685000,6
7,58,1.264000,5
7,59,0.407000,4
7,60,0.166000,4
7,61,1.489000,5
7,62,1.282000,4
7,63,1.126000,4
7,64,2.168000,6
7,65,1.465000,6
7,66,1.258000,5
7,67,1.708000,6
7,68,1.234000,4
7,69,1.914000,4
7,70,1.348000,5
7,71,1.338000,5
7,72,1.456000,6
7,73,1.342000,4
7,74,1.143000,4
7,75,0.775000,4
7,76,1.319000,4
7,77,1.641000,5
7,78,0.908000,4
7,79,1.489000,5
7,80,1.464000,6
7,81,1.542000,6
7,82,1.486000,6
7,83,1.551000,6
7,84,1.447000,7
7,85,1.709000,5
7,86,1.196000,5
7,87,1.278000,4
7,88,1.566000,5
7,89,2.354000,6
7,90,1.293000,5
7,91,1.602000,6
7,92,1.710000,5
7,93,1.433000,5
7,94,1.336000,6
7,95,1.683000,6
7,96,1.151000,5
8,1,1.743000,5
8,2,1.299000,5
8,3,1.444000,5
8,4,1.395000,6
8,5,1.387000,6
8,6,0.523000,5
8,7,1.875000,5
8,8,1.611000,6
8,9,1.480000,5
8,10,1.919000,5
8,11,1.771000,6
8,12,1.264000,6
8,13,1.880000,6
8,14,2.010000,6
8,15,1.448000,6
8,16,1.523000,6
8,17,1.801000,6
8,18,1.236000,6
8,19,1.951000,6
8,20,1.591000,6
8,21,2.022000,6
8,22,1.476000,5
8,23,1.480000,6
8,24,0.537000,6
8,25,1.880000,6
8,26,2.357000,6
8,27,1.435000,6
8,28,2.504000,6
8,29,1.549000,6
8,30,0.104000,6
8,31,1.658000,6
8,32,1.491000,6
8,33,1.923000,6
8,34,1.222000,5
8,35,1.435000,6
8,36,1.512000,6
8,37,1.347000,4
8,38,2.313000,7
8,39,1.454000,5
8,40,1.106000,5
8,41,1.505000,6
8,42,1.336000,5
8,43,1.971000,6
8,44,2.234000,6
8,45,1.334000,4
8,46,1.757000,4
8,47,1.640000,5
8,48,1.012000,6
8,49,1.477000,6
8,50,1.529000,5
8,51,1.388000,5
8,52,1.140000,4
8,53,1.288000,5
8,54,1.235000,5
8,55,3.366000,14
8,56,1.813000,7
8,57,0.919000,4
8,58,1.673000,5
8,59,0.954000,4
8,60,0.959000,5
8,61,1.682000,5
8,62,1.326000,4
8,63,1.067000,4
8,64,1.463000,4
8,65,1.370000,4
8,66,1.732000,5
8,67,1.874000,4
8,68,1.373000,4
8,69,1.620000,5
8,70,1.559000,5
8,71,1.560000,5
8,72,1.396000,5
8,73,1.880000,5
8,74,1.667000,5
8,75,1.796000,5
8,76,1.431000,5
8,77,1.416000,4
8,78,1.062000,5
8,79,1.696000,5
8,80,1.143000,5
8,81,1.809000,5
8,82,1.030000,5
8,83,1.813000,6
8,84,1.320000,4
8,85,1.445000,5
8,86,2.448000,7
8,87,1.720000,5
8,88,0.905000,4
8,89,1.454000,6
8,90,1.300000,6
8,91,1.301000,4
8,92,1.389000,5
8,93,1.927000,5
8,94,1.767000,6
8,95,2.134000,5
8,96,1.087000,5
9,1,1.115000,4
9,2,1.172000,5
9,3,1.630000,5
9,4,1.726000,6
9,5,2.286000,7
9,6,0.908000,5
9,7,1.731000,6
9,8,1.387000,4
9,9,1.184000,5
9,10,1.688000,5
9,11,1.633000,5
9,12,1.017000,5
9,13,1.452000,5
9,14,1.281000,5
9,15,1.154000,5
9,16,1.218000,5
9,17,1.123000,5
9,18,1.524000,6
9,19,1.990000,6
9,20,1.302000,5
9,21,2.044000,6
9,22,1.694000,6
9,23,1.904000,6
9,24,1.148000,5
9,25,1.358000,6
9,26,1.670000,6
9,27,1.664000,6
9,28,1.286000,6
9,29,1.862000,6
9,30,1.044000,5
9,31,1.174000,5
9,32,1.876000,7
9,33,1.553000,6
9,34,1.679000,6
9,35,0.994000,4
9,36,1.369000,6
9,37,1.245000,4
9,38,0.898000,4
9,39,1.081000,5
9,40,1.860000,6
9,41,1.285000,5
9,42,3.732000,25
9,43,5.851000,31
9,44,1.279000,5
9,45,2.173000,6
9,46,0.830000,5
9,47,0.488000,6
9,48,0.402000,26
9,49,5.000000,26
9,50,1.485000,5
9,51,1.044000,5
9,52,1.608000,5
9,53,0.850000,6
9,54,0.328000,5
9,55,2.124000,11
9,56,2.757000,12
9,57,0.968000,5
9,58,0.900000,4
9,59,1.190000,4
9,60,0.900000,4
9,61,1.735000,5
9,62,0.732000,4
9,63,1.436000,4
9,64,1.208000,5
9,65,1.589000,5
9,66,3.045000,26
9,67,5.518000,28
9,68,1.581000,5
9,69,1.039000,5
9,70,1.147000,5
9,71,0.844000,6
9,72,0.478000,6
9,73,3.772000,22
9,74,1.501000,6
9,75,4.021000,22
9,76,0.774000,5
9,77,0.443000,5
9,78,0.174000,5
9,79,5.133000,28
9,80,1.263000,5
9,81,1.661000,5
9,82,1.230000,5
9,83,0.510000,4
9,84,0.767000,6
9,85,1.245000,5
9,86,1.344000,4
9,87,1.238000,4
9,88,1.809000,6
9,89,1.911000,5
9,90,1.059000,4
9,91,1.178000,4
9,92,1.862000,5
9,93,2.121000,5
9,94,1.650000,6
9,95,1.605000,6
9,96,1.140000,5
10,1,1.227000,4
10,2,1.815000,5
10,3,1.217000,5
10,4,1.454000,5
10,5,1.487000,5
10,6,1.349000,5
10,7,1.084000,5
10,8,1.916000,5
10,9,1.508000,6
10,10,1.665000,6
10,11,3.772000,25
10,12,0.593000,5
10,13,1.751000,5
10,14,1.443000,5
10,15,1.523000,5
10,16,1.542000,6
10,17,1.758000,6
10,18,1.042000,6
10,19,1.741000,6
10,20,2.370000,6
10,21,1.499000,5
10,22,1.714000,5
10,23,1.739000,6
10,24,0.857000,5
10,25,1.751000,5
10,26,1.711000,6
10,27,1.673000,6
10,28,1.509000,6
10,29,1.524000,6
10,30,1.257000,5
10,31,1.929000,5
10,32,1.279000,5
10,33,1.042000,4
10,34,1.536000,6
10,35,1.825000,6
10,36,1.505000,6
10,37,1.750000,4
10,38,0.845000,5
10,39,3.757000,22
10,40,3.220000,25
10,41,1.813000,29
10,42,0.648000,14
10,43,3.209000,14
10,44,1.195000,6
10,45,1.115000,6
10,46,1.192000,5
10,47,1.318000,5
10,48,2.016000,14
10,49,3.426000,14
10,50,1.192000,5
10,51,1.167000,5
10,52,1.052000,5
10,53,1.210000,4
10,54,1.390000,4
10,55,3.338000,11
10,56,2.371000,11
10,57,1.677000,5
10,58,1.374000,5
10,59,0.703000,4
10,60,0.526000,5
10,61,1.546000,5
10,62,1.341000,5
10,63,2.201000,7
10,64,3.428000,28
10,65,1.429000,27
10,66,1.063000,20
10,67,3.570000,17
10,68,5.256000,25
10,69,2.192000,25
10,70,1.311000,25
10,71,1.062000,25
10,72,0.596000,26
10,73,4.127000,21
10,74,4.999000,25
10,75,1.722000,19
10,76,1.399000,25
10,77,1.137000,25
10,78,0.580000,27
10,79,4.384000,20
10,80,5.109000,28
10,81,1.886000,25
10,82,1.373000,24
10,83,0.333000,5
10,84,0.387000,5
10,85,1.857000,7
10,86,1.438000,4
10,87,1.614000,5
10,88,1.322000,4
10,89,1.586000,4
10,90,0.711000,5
10,91,1.651000,5
10,92,1.385000,4
10,93,0.990000,4
10,94,1.672000,6
10,95,2.100000,6
10,96,1.389000,5
11,1,2.232000,8
11,2,1.656000,8
11,3,1.326000,5
11,4,1.011000,5
11,5,1.367000,4
11,6,0.805000,5
11,7,1.731000,5
11,8,1.483000,5
11,9,1.566000,5
11,10,2.292000,5
11,11,1.529000,10
11,12,0.730000,5
11,13,1.208000,4
11,14,1.546000,4
11,15,1.083000,4
11,16,1.453000,5
11,17,1.220000,5
11,18,1.533000,5
11,19,1.580000,5
11,20,1.515000,5
11,21,1.329000,5
11,22,1.292000,5
11,23,0.983000,4
11,24,1.033000,5
11,25,1.324000,5
11,26,1.296000,4
11,27,1.189000,5
11,28,1.244000,5
11,29,1.221000,5
11,30,0.955000,4
11,31,1.622000,5
11,32,1.525000,6
11,33,0.983000,4
11,34,0.993000,5
11,35,1.586000,6
11,36,0.775000,4
11,37,1.791000,6
11,38,0.815000,4
11,39,2.824000,11
11,40,2.023000,11
11,41,1.519000,11
11,42,1.210000,11
11,43,2.774000,11
11,44,1.069000,4
11,45,1.142000,4
11,46,1.556000,5
11,47,1.168000,5
11,48,1.709000,11
11,49,2.822000,11
11,50,1.206000,5
11,51,1.232000,5
11,52,1.265000,6
11,53,1.365000,5
11,54,2.751000,28
11,55,3.497000,19
11,56,3.122000,19
11,57,3.080000,28
11,58,1.722000,27
11,59,0.951000,25
11,60,0.824000,24
11,61,5.012000,28
11,62,3.973000,27
11,63,1.607000,24
11,64,0.786000,12
11,65,0.746000,13
11,66,0.657000,12
11,67,2.277000,12
11,68,3.033000,12
11,69,2.740000,14
11,70,1.808000,14
11,71,1.334000,14
11,72,1.006000,14
11,73,3.382000,14
11,74,3.436000,15
11,75,2.098000,13
11,76,1.141000,12
11,77,0.937000,12
11,78,1.035000,13
11,79,2.774000,15
11,80,2.644000,12
11,81,1.620000,12
11,82,1.745000,19
11,83,1.906000,28
11,84,1.235000,26
11,85,4.042000,24
11,86,4.673000,26
11,87,2.067000,27
11,88,1.648000,27
11,89,1.246000,25
11,90,0.492000,22
11,91,1.955000,6
11,92,1.516000,5
11,93,1.160000,4
11,94,1.110000,5
11,95,0.934000,6
11,96,1.193000,5
12,1,4.113000,25
12,2,5.087000,26
12,3,2.602000,28
12,4,1.509000,24
12,5,0.258000,7
12,6,0.175000,6
12,7,1.472000,6
12,8,1.305000,5
12,9,1.281000,4
12,10,1.849000,9
12,11,1.628000,7
12,12,0.870000,4
12,13,1.380000,5
12,14,1.522000,5
12,15,1.414000,5
12,16,1.417000,6
12,17,1.241000,5
12,18,0.823000,4
12,19,1.552000,5
12,20,1.531000,5
12,21,1.407000,5
12,22,1.064000,5
12,23,1.404000,5
12,24,1.277000,5
12,25,1.273000,5
12,26,0.828000,4
12,27,1.345000,5
12,28,0.702000,4
12,29,0.850000,5
12,30,1.435000,5
12,31,0.975000,5
12,32,1.281000,4
12,33,1.250000,4
12,34,1.276000,7
12,35,1.152000,5
12,36,1.306000,5
12,37,1.284000,6
12,38,1.161000,5
12,39,2.592000,11
12,40,2.186000,11
12,41,1.702000,10
12,42,1.449000,7
12,43,1.380000,7
12,44,1.294000,5
12,45,2.227000,7
12,46,1.166000,6
12,47,1.217000,5
12,48,1.294000,8
12,49,1.609000,8
12,50,5.629000,30
12,51,3.631000,29
12,52,2.094000,27
12,53,0.692000,27
12,54,0.214000,18
12,55,3.357000,19
12,56,2.911000,12
12,57,1.935000,12
12,58,2.497000,17
12,59,1.254000,13
12,60,1.082000,12
12,61,2.687000,13
12,62,2.405000,12
12,63,2.548000,12
12,64,2.011000,18
12,65,1.470000,12
12,66,1.352000,12
12,67,2.664000,16
12,68,3.139000,17
12,69,2.964000,17
12,70,1.647000,16
12,71,1.169000,11
12,72,0.830000,11
12,73,2.816000,11
12,74,2.491000,11
12,75,2.944000,17
12,76,1.950000,17
12,77,1.882000,17
12,78,0.900000,11
12,79,2.208000,12
12,80,3.083000,17
12,81,2.602000,17
12,82,1.524000,12
12,83,1.323000,12
12,84,1.880000,14
12,85,2.778000,11
12,86,2.982000,12
12,87,2.243000,12
12,88,1.533000,12
12,89,2.229000,21
12,90,0.916000,8
12,91,4.519000,24
12,92,4.132000,23
12,93,0.756000,5
12,94,0.813000,5
12,95,0.947000,6
12,96,0.307000,5
13,1,2.986000,12
13,2,2.579000,12
13,3,3.371000,20
13,4,1.292000,8
13,5,2.657000,26
13,6,1.119000,24
13,7,4.793000,26
13,8,4.249000,23
13,9,2.939000,24
13,10,0.521000,5
13,11,0.537000,7
13,12,0.331000,6
13,13,1.116000,5
13,14,1.445000,5
13,15,1.280000,5
13,16,1.000000,5
13,17,1.704000,5
13,18,1.173000,4
13,19,1.162000,5
13,20,1.127000,5
13,21,1.308000,6
13,22,1.201000,5
13,23,0.978000,4
13,24,0.754000,5
13,25,1.718000,6
13,26,1.463000,5
13,27,1.198000,5
13,28,1.082000,4
13,29,1.185000,5
13,30,1.420000,5
13,31,1.085000,4
13,32,0.788000,5
13,33,1.128000,5
13,34,1.031000,5
13,35,1.419000,5
13,36,0.867000,4
13,37,1.944000,8
13,38,2.175000,7
13,39,2.009000,9
13,40,2.684000,17
13,41,2.452000,18
13,42,1.228000,8
13,43,1.990000,8
13,44,5.716000,30
13,45,3.941000,27
13,46,2.017000,26
13,47,0.492000,26
13,48,0.218000,19
13,49,3.778000,22
13,50,3.806000,19
13,51,2.462000,15
13,52,1.613000,15
13,53,1.049000,11
13,54,0.974000,12
13,55,3.227000,14
13,56,2.113000,12
13,57,3.030000,18
13,58,1.639000,12
13,59,1.250000,11
13,60,0.883000,11
13,61,1.849000,10
13,62,2.298000,10
13,63,2.224000,11
13,64,2.129000,9
13,65,1.648000,9
13,66,1.196000,9
13,67,2.338000,12
13,68,1.797000,12
13,69,2.303000,12
13,70,1.831000,11
13,71,1.767000,10
13,72,1.604000,10
13,73,1.926000,10
13,74,2.048000,10
13,75,2.088000,10
13,76,2.195000,12
13,77,1.660000,12
13,78,1.631000,9
13,79,1.826000,9
13,80,2.459000,10
13,81,2.310000,10
13,82,2.333000,10
13,83,2.133000,18
13,84,1.454000,10
13,85,2.138000,11
13,86,2.115000,10
13,87,3.169000,19
13,88,3.168000,19
13,89,1.331000,12
13,90,1.276000,19
13,91,3.102000,18
13,92,1.993000,8
13,93,1.806000,6
13,94,0.904000,4
13,95,1.170000,6
13,96,0.813000,5
14,1,3.114000,12
14,2,2.847000,18
14,3,1.792000,11
14,4,2.910000,15
14,5,2.411000,12
14,6,1.566000,12
14,7,3.970000,20
14,8,1.318000,8
14,9,3.554000,19
14,10,3.956000,26
14,11,2.014000,21
14,12,1.076000,26
14,13,4.068000,25
14,14,4.017000,23
14,15,3.759000,24
14,16,1.143000,23
14,17,0.403000,23
14,18,0.248000,23
14,19,1.732000,6
14,20,1.691000,6
14,21,1.164000,5
14,22,2.011000,6
14,23,1.713000,5
14,24,3.565000,22
14,25,1.134000,5
14,26,1.545000,5
14,27,1.835000,5
14,28,1.720000,5
14,29,1.437000,5
14,30,1.651000,5
14,31,1.432000,6
14,32,1.389000,5
14,33,3.712000,22
14,34,3.590000,22
14,35,3.649000,24
14,36,1.630000,28
14,37,4.985000,30
14,38,4.908000,28
14,39,3.043000,21
14,40,1.944000,20
14,41,0.966000,20
14,42,0.233000,8
14,43,1.556000,8
14,44,3.321000,19
14,45,3.418000,19
14,46,2.612000,15
14,47,2.369000,15
14,48,1.402000,12
14,49,2.176000,12
14,50,2.472000,11
14,51,2.392000,12
14,52,3.516000,19
14,53,2.749000,18
14,54,1.260000,11
14,55,2.593000,11
14,56,1.723000,11
14,57,3.545000,19
14,58,2.019000,9
14,59,3.032000,21
14,60,1.411000,9
14,61,2.090000,12
14,62,2.687000,10
14,63,2.429000,11
14,64,1.759000,11
14,65,1.544000,9
14,66,3.081000,18
14,67,2.342000,12
14,68,2.312000,10
14,69,2.477000,11
14,70,2.010000,9
14,71,1.198000,7
14,72,1.555000,7
14,73,1.693000,7
14,74,2.268000,9
14,75,1.620000,9
14,76,1.900000,11
14,77,2.565000,12
14,78,2.498000,12
14,79,3.410000,18
14,80,2.114000,10
14,81,2.152000,11
14,82,1.985000,10
14,83,1.872000,12
14,84,1.468000,9
14,85,2.481000,14
14,86,3.496000,15
14,87,2.867000,17
14,88,1.948000,10
14,89,2.080000,10
14,90,1.111000,9
14,91,4.081000,19
14,92,2.116000,8
14,93,1.374000,6
14,94,1.262000,4
14,95,1.545000,6
14,96,1.276000,5
15,1,2.437000,9
15,2,1.957000,10
15,3,3.260000,11
15,4,3.263000,10
15,5,4.900000,19
15,6,2.996000,19
15,7,2.720000,11
15,8,3.984000,20
15,9,4.837000,17
15,10,4.914000,20
15,11,2.799000,19
15,12,0.354000,8
15,13,3.990000,21
15,14,4.273000,21
15,15,5.412000,21
15,16,4.736000,21
15,17,1.182000,19
15,18,0.367000,18
15,19,1.074000,5
15,20,5.041000,25
15,21,2.236000,6
15,22,2.404000,6
15,23,2.563000,6
15,24,4.084000,21
15,25,1.644000,6
15,26,2.286000,6
15,27,1.971000,7
15,28,2.320000,6
15,29,6.670000,27
15,30,1.899000,5
15,31,5.612000,27
15,32,6.136000,26
15,33,4.231000,19
15,34,3.063000,21
15,35,0.393000,8
15,36,0.477000,21
15,37,2.269000,8
15,38,3.454000,18
15,39,2.412000,9
15,40,5.014000,18
15,41,3.617000,16
15,42,2.250000,17
15,43,3.375000,17
15,44,2.703000,11
15,45,2.901000,12
15,46,4.018000,12
15,47,3.170000,11
15,48,2.787000,20
15,49,2.071000,9
15,50,2.643000,12
15,51,3.441000,12
15,52,2.626000,10
15,53,4.867000,20
15,54,2.612000,12
15,55,2.224000,10
15,56,2.022000,8
15,57,2.756000,12
15,58,3.415000,10
15,59,3.846000,11
15,60,2.535000,18
15,61,2.577000,12
15,62,2.115000,7
15,63,3.339000,12
15,64,4.352000,12
15,65,3.225000,12
15,66,2.805000,12
15,67,2.982000,12
15,68,2.937000,12
15,69,3.504000,12
15,70,4.431000,12
15,71,3.137000,12
15,72,1.888000,12
15,73,2.866000,12
15,74,2.670000,12
15,75,2.727000,12
15,76,3.808000,12
15,77,3.706000,12
15,78,2.528000,12
15,79,2.577000,12
15,80,3.336000,12
15,81,3.143000,12
15,82,3.870000,12
15,83,2.724000,9
15,84,2.849000,12
15,85,2.331000,9
15,86,2.842000,10
15,87,2.307000,10
15,88,2.193000,8
15,89,3.769000,11
15,90,3.072000,14
15,91,2.164000,12
15,92,2.417000,13
15,93,1.615000,6
15,94,2.012000,6
15,95,2.444000,6
15,96,2.470000,5
16,1,1.533000,8
16,2,2.289000,10
16,3,1.473000,10
16,4,2.532000,12
16,5,2.100000,10
16,6,1.340000,9
16,7,2.157000,10
16,8,2.101000,10
16,9,1.739000,11
16,10,2.694000,11
16,11,2.252000,11
16,12,1.129000,14
16,13,2.245000,13
16,14,3.252000,14
16,15,2.310000,12
16,16,2.020000,12
16,17,1.593000,12
16,18,0.708000,11
16,19,1.981000,9
16,20,2.156000,12
16,21,1.343000,7
16,22,2.132000,8
16,23,2.271000,8
16,24,1.545000,12
16,25,1.790000,8
16,26,1.831000,8
16,27,1.477000,8
16,28,1.028000,7
16,29,2.575000,12
16,30,1.437000,7
16,31,2.380000,11
16,32,2.090000,11
16,33,2.575000,12
16,34,2.606000,12
16,35,2.144000,14
16,36,0.545000,13
16,37,2.586000,13
16,38,2.813000,13
16,39,3.547000,18
16,40,2.025000,12
16,41,0.534000,11
16,42,0.182000,10
16,43,1.984000,10
16,44,2.223000,10
16,45,1.892000,10
16,46,2.219000,10
16,47,2.142000,10
16,48,1.359000,11
16,49,3.195000,15
16,50,1.760000,10
16,51,2.143000,9
16,52,2.316000,9
16,53,1.857000,9
16,54,0.732000,9
16,55,2.380000,10
16,56,1.875000,8
16,57,1.700000,8
16,58,1.658000,7
16,59,1.712000,7
16,60,1.424000,7
16,61,1.528000,7
16,62,1.869000,7
16,63,1.318000,7
16,64,1.625000,7
16,65,1.470000,7
16,66,1.460000,7
16,67,1.694000,7
16,68,1.635000,7
16,69,2.225000,7
16,70,2.031000,7
16,71,1.919000,7
16,72,1.296000,7
16,73,1.793000,7
16,74,1.744000,7
16,75,1.790000,7
16,76,1.749000,7
16,77,2.549000,7
16,78,1.353000,7
16,79,1.608000,7
16,80,1.875000,7
16,81,1.578000,7
16,82,1.935000,7
16,83,2.073000,7
16,84,1.925000,7
16,85,2.043000,7
16,86,1.395000,7
16,87,1.738000,7
16,88,1.577000,8
16,89,2.298000,9
16,90,1.079000,9
16,91,2.782000,10
16,92,1.404000,9
16,93,1.299000,6
16,94,1.015000,5
16,95,1.425000,5
16,96,1.641000,5
17,1,1.509000,7
17,2,1.419000,7
17,3,1.909000,8
17,4,1.817000,8
17,5,3.700000,8
17,6,1.812000,8
17,7,2.351000,9
17,8,3.311000,19
17,9,5.344000,19
17,10,1.993000,10
17,11,0.537000,9
17,12,0.221000,10
17,13,1.805000,10
17,14,2.163000,10
17,15,2.269000,10
17,16,4.346000,10
17,17,1.677000,10
17,18,0.947000,10
17,19,1.627000,7
17,20,2.038000,10
17,21,1.331000,5
17,22,1.107000,5
17,23,4.118000,12
17,24,1.770000,10
17,25,1.038000,5
17,26,1.319000,9
17,27,1.352000,5
17,28,1.413000,5
17,29,3.665000,10
17,30,1.448000,5
17,31,2.404000,10
17,32,2.282000,10
17,33,2.765000,10
17,34,3.989000,10
17,35,1.233000,10
17,36,0.546000,10
17,37,1.630000,10
17,38,1.701000,10
17,39,2.153000,10
17,40,2.813000,10
17,41,3.930000,18
17,42,0.919000,18
17,43,3.472000,19
17,44,1.518000,8
17,45,1.844000,8
17,46,4.188000,8
17,47,1.677000,8
17,48,0.773000,8
17,49,1.583000,8
17,50,2.219000,9
17,51,2.386000,7
17,52,2.892000,7
17,53,2.198000,7
17,54,1.800000,11
17,55,2.099000,11
17,56,2.162000,11
17,57,2.334000,11
17,58,3.505000,7
17,59,1.451000,7
17,60,1.162000,7
17,61,1.627000,7
17,62,1.720000,7
17,63,1.828000,7
17,64,2.620000,7
17,65,3.177000,7
17,66,1.478000,7
17,67,1.502000,7
17,68,2.307000,7
17,69,2.035000,7
17,70,2.113000,7
17,71,1.796000,7
17,72,1.355000,7
17,73,1.755000,7
17,74,1.470000,7
17,75,1.592000,7
17,76,2.095000,7
17,77,3.091000,7
17,78,1.907000,7
17,79,1.553000,7
17,80,1.513000,7
17,81,1.156000,7
17,82,1.982000,7
17,83,2.806000,7
17,84,2.110000,7
17,85,1.392000,7
17,86,1.499000,7
17,87,1.641000,7
17,88,1.708000,7
17,89,2.514000,7
17,90,2.254000,7
17,91,2.106000,9
17,92,1.833000,9
17,93,1.573000,7
17,94,2.095000,6
17,95,1.079000,5
17,96,0.935000,5
18,1,1.648000,7
18,2,2.032000,11
18,3,1.375000,7
18,4,1.731000,7
18,5,2.061000,7
18,6,0.843000,7
18,7,1.395000,7
18,8,1.486000,7
18,9,2.062000,7
18,10,1.847000,7
18,11,1.494000,7
18,12,1.464000,11
18,13,1.986000,7
18,14,2.147000,7
18,15,1.383000,7
18,16,1.597000,7
18,17,1.672000,7
18,18,1.260000,11
18,19,1.095000,4
18,20,2.129000,11
18,21,1.033000,4
18,22,0.748000,4
18,23,1.646000,8
18,24,1.856000,11
18,25,0.775000,4
18,26,1.358000,6
18,27,0.935000,4
18,28,0.890000,4
18,29,1.805000,7
18,30,0.867000,4
18,31,1.646000,7
18,32,1.569000,7
18,33,2.029000,7
18,34,1.497000,7
18,35,1.343000,7
18,36,1.563000,11
18,37,2.337000,11
18,38,2.720000,11
18,39,1.630000,7
18,40,2.351000,11
18,41,1.132000,11
18,42,0.338000,11
18,43,2.157000,11
18,44,2.769000,11
18,45,1.944000,11
18,46,1.745000,11
18,47,0.626000,11
18,48,0.164000,11
18,49,1.973000,11
18,50,2.154000,11
18,51,2.280000,11
18,52,1.890000,11
18,53,1.615000,11
18,54,0.435000,11
18,55,2.147000,11
18,56,2.451000,11
18,57,1.886000,11
18,58,1.351000,7
18,59,1.158000,7
18,60,0.862000,7
18,61,1.530000,7
18,62,1.529000,7
18,63,1.499000,7
18,64,1.482000,7
18,65,1.318000,7
18,66,1.178000,7
18,67,1.646000,7
18,68,1.569000,7
18,69,2.027000,7
18,70,1.417000,7
18,71,1.223000,7
18,72,1.477000,7
18,73,1.767000,7
18,74,1.688000,7
18,75,1.975000,7
18,76,1.092000,7
18,77,1.689000,7
18,78,1.050000,7
18,79,1.646000,7
18,80,1.929000,7
18,81,1.525000,7
18,82,1.827000,7
18,83,1.438000,7
18,84,0.973000,7
18,85,1.548000,7
18,86,1.785000,7
18,87,1.515000,7
18,88,1.341000,7
18,89,1.431000,7
18,90,0.661000,7
18,91,1.097000,7
18,92,1.279000,6
18,93,1.494000,6
18,94,1.087000,6
18,95,1.186000,4
18,96,1.136000,5
19,1,1.403000,7
19,2,2.371000,11
19,3,1.052000,7
19,4,1.993000,7
19,5,1.498000,7
19,6,1.018000,7
19,7,1.510000,7
19,8,2.004000,7
19,9,1.881000,7
19,10,1.358000,7
19,11,1.135000,7
19,12,1.460000,11
19,13,2.562000,11
19,14,2.431000,11
19,15,1.949000,11
19,16,1.825000,11
19,17,1.766000,11
19,18,0.701000,11
19,19,1.205000,4
19,20,2.491000,11
19,21,0.683000,4
19,22,0.764000,4
19,23,1.368000,6
19,24,2.102000,11
19,25,0.950000,4
19,26,1.595000,6
19,27,0.894000,4
19,28,0.867000,4
19,29,1.953000,11
19,30,0.949000,4
19,31,2.558000,11
19,32,2.355000,11
19,33,1.357000,7
19,34,1.163000,7
19,35,1.654000,7
19,36,1.720000,11
19,37,2.388000,11
19,38,2.390000,11
19,39,1.549000,7
19,40,2.061000,11
19,41,2.006000,11
19,42,0.620000,11
19,43,2.949000,11
19,44,2.268000,11
19,45,2.225000,11
19,46,2.277000,11
19,47,1.210000,11
19,48,0.387000,11
19,49,1.811000,11
19,50,2.064000,11
19,51,2.190000,11
19,52,2.528000,11
19,53,1.844000,11
19,54,0.703000,11
19,55,2.562000,11
19,56,1.917000,11
19,57,2.461000,11
19,58,1.448000,7
19,59,1.201000,7
19,60,0.688000,7
19,61,1.690000,7
19,62,1.640000,7
19,63,2.137000,7
19,64,1.826000,7
19,65,1.613000,7
19,66,1.118000,7
19,67,1.776000,7
19,68,1.701000,7
19,69,1.423000,7
19,70,1.743000,7
19,71,1.700000,7
19,72,1.064000,7
19,73,1.579000,7
19,74,1.289000,7
19,75,1.810000,7
19,76,1.400000,7
19,77,1.381000,7
19,78,1.305000,7
19,79,1.395000,7
19,80,1.560000,7
19,81,1.441000,7
19,82,1.495000,7
19,83,1.845000,7
19,84,1.201000,7
19,85,1.780000,7
19,86,1.473000,7
19,87,1.306000,7
19,88,2.095000,7
19,89,1.625000,7
19,90,1.390000,7
19,91,1.605000,7
19,92,1.737000,8
19,93,1.648000,7
19,94,1.144000,5
19,95,1.312000,6
19,96,1.261000,5
20,1,1.566000,7
20,2,3.310000,11
20,3,1.847000,7
20,4,1.150000,7
20,5,0.892000,7
20,6,0.675000,7
20,7,2.040000,7
20,8,2.045000,7
20,9,1.617000,7
20,10,1.468000,7
20,11,1.462000,7
20,12,1.831000,11
20,13,2.365000,11
20,14,2.754000,11
20,15,2.559000,11
20,16,1.834000,11
20,17,1.326000,11
20,18,0.801000,11
20,19,1.094000,4
20,20,2.536000,11
20,21,0.587000,4
20,22,1.032000,4
20,23,1.445000,6
20,24,1.874000,11
20,25,0.918000,4
20,26,1.627000,5
20,27,1.209000,4
20,28,1.013000,4
20,29,2.206000,11
20,30,0.986000,4
20,31,2.176000,11
20,32,2.255000,11
20,33,2.245000,7
20,34,1.449000,7
20,35,1.539000,7
20,36,1.086000,11
20,37,2.390000,11
20,38,2.681000,11
20,39,1.825000,7
20,40,2.182000,11
20,41,1.655000,11
20,42,0.774000,11
20,43,2.372000,11
20,44,2.487000,11
20,45,2.239000,11
20,46,2.107000,11
20,47,1.438000,11
20,48,1.022000,11
20,49,2.038000,11
20,50,2.396000,11
20,51,2.063000,11
20,52,2.712000,11
20,53,1.593000,11
20,54,0.832000,11
20,55,2.744000,11
20,56,2.736000,11
20,57,2.506000,11
20,58,1.240000,7
20,59,1.113000,7
20,60,0.637000,7
20,61,1.833000,7
20,62,1.646000,7
20,63,1.758000,7
20,64,1.547000,7
20,65,1.586000,7
20,66,1.371000,7
20,67,1.569000,7
20,68,1.416000,7
20,69,1.903000,7
20,70,1.731000,7
20,71,1.652000,7
20,72,1.577000,7
20,73,2.079000,7
20,74,1.434000,7
20,75,1.917000,7
20,76,1.380000,7
20,77,1.770000,7
20,78,1.252000,7
20,79,1.346000,7
20,80,1.695000,7
20,81,1.788000,7
20,82,1.599000,7
20,83,1.332000,7
20,84,1.360000,7
20,85,1.698000,7
20,86,1.754000,7
20,87,1.400000,7
20,88,2.042000,7
20,89,1.592000,7
20,90,1.271000,7
20,91,1.836000,7
20,92,2.299000,8
20,93,1.653000,7
20,94,1.445000,7
20,95,1.399000,6
20,96,1.312000,5
21,1,1.528000,7
21,2,2.470000,12
21,3,2.219000,11
21,4,2.186000,11
21,5,2.231000,11
21,6,2.431000,12
21,7,3.050000,12
21,8,2.897000,12
21,9,2.322000,12
21,10,2.976000,12
21,11,1.986000,12
21,12,0.760000,12
21,13,2.671000,12
21,14,2.828000,12
21,15,2.563000,12
21,16,2.866000,12
21,17,2.429000,12
21,18,1.447000,12
21,19,0.936000,4
21,20,2.535000,12
21,21,1.174000,4
21,22,1.446000,4
21,23,1.712000,6
21,24,2.388000,12
21,25,0.981000,4
21,26,4.821000,25
21,27,1.107000,4
21,28,1.098000,4
21,29,2.643000,12
21,30,0.857000,4
21,31,2.282000,12
21,32,2.565000,12
21,33,3.298000,12
21,34,2.757000,12
21,35,2.097000,12
21,36,1.572000,12
21,37,2.693000,12
21,38,2.610000,12
21,39,1.925000,7
21,40,2.395000,12
21,41,2.300000,12
21,42,0.700000,12
21,43,2.825000,12
21,44,2.788000,12
21,45,2.589000,12
21,46,2.371000,12
21,47,2.388000,12
21,48,1.090000,12
21,49,2.449000,12
21,50,2.809000,12
21,51,2.760000,12
21,52,2.423000,12
21,53,2.115000,12
21,54,1.713000,12
21,55,2.820000,12
21,56,2.999000,12
21,57,2.564000,12
21,58,2.443000,12
21,59,2.530000,12
21,60,1.117000,12
21,61,2.547000,11
21,62,2.697000,11
21,63,2.315000,11
21,64,2.031000,11
21,65,2.144000,11
21,66,1.814000,11
21,67,2.606000,11
21,68,2.244000,11
21,69,3.089000,11
21,70,2.546000,11
21,71,2.083000,11
21,72,1.592000,11
21,73,1.284000,7
21,74,2.055000,11
21,75,2.053000,7
21,76,2.525000,11
21,77,2.128000,11
21,78,2.546000,11
21,79,2.559000,11
21,80,1.839000,11
21,81,2.315000,11
21,82,2.207000,11
21,83,2.551000,11
21,84,2.289000,11
21,85,2.420000,11
21,86,2.817000,11
21,87,2.694000,11
21,88,1.807000,11
21,89,2.246000,11
21,90,1.562000,7
21,91,1.643000,7
21,92,2.785000,14
21,93,4.566000,23
21,94,1.537000,6
21,95,1.404000,6
21,96,0.911000,6
22,1,1.649000,7
22,2,2.165000,12
22,3,3.025000,11
22,4,2.200000,11
22,5,1.912000,11
22,6,2.110000,12
22,7,2.251000,12
22,8,2.887000,12
22,9,2.561000,12
22,10,2.673000,12
22,11,2.414000,12
22,12,1.479000,12
22,13,2.176000,12
22,14,2.964000,12
22,15,2.197000,12
22,16,2.810000,12
22,17,2.014000,12
22,18,1.748000,12
22,19,0.953000,4
22,20,2.460000,12
22,21,1.170000,4
22,22,1.384000,4
22,23,1.265000,6
22,24,2.700000,12
22,25,0.936000,4
22,26,2.332000,12
22,27,1.152000,4
22,28,1.101000,4
22,29,2.375000,12
22,30,0.976000,4
22,31,2.717000,12
22,32,2.671000,12
22,33,3.057000,12
22,34,2.384000,12
22,35,2.108000,12
22,36,1.528000,12
22,37,2.479000,12
22,38,2.506000,12
22,39,2.030000,7
22,40,2.862000,12
22,41,2.244000,12
22,42,1.492000,12
22,43,2.473000,12
22,44,2.666000,12
22,45,2.384000,12
22,46,2.621000,12
22,47,2.220000,12
22,48,2.189000,12
22,49,2.652000,12
22,50,3.040000,12
22,51,2.655000,12
22,52,2.811000,12
22,53,2.274000,12
22,54,1.076000,12
22,55,3.288000,12
22,56,2.421000,12
22,57,2.263000,12
22,58,2.422000,12
22,59,2.344000,12
22,60,1.469000,12
22,61,2.779000,11
22,62,2.367000,11
22,63,2.334000,11
22,64,2.283000,11
22,65,1.972000,11
22,66,1.821000,11
22,67,2.331000,11
22,68,2.982000,11
22,69,2.093000,11
22,70,2.420000,11
22,71,2.182000,11
22,72,1.429000,11
22,73,1.923000,7
22,74,2.392000,11
22,75,1.736000,7
22,76,2.188000,11
22,77,1.930000,11
22,78,1.076000,11
22,79,2.727000,11
22,80,2.666000,11
22,81,2.876000,11
22,82,2.375000,11
22,83,1.929000,11
22,84,1.305000,11
22,85,2.004000,11
22,86,2.601000,11
22,87,2.195000,11
22,88,2.618000,11
22,89,2.050000,11
22,90,1.415000,7
22,91,1.586000,7
22,92,2.500000,15
22,93,2.193000,10
22,94,1.085000,5
22,95,1.896000,6
22,96,1.546000,6
23,1,1.668000,7
23,2,2.607000,11
23,3,2.298000,11
23,4,3.872000,11
23,5,3.133000,11
23,6,2.253000,12
23,7,2.986000,12
23,8,2.587000,12
23,9,3.421000,12
23,10,4.038000,12
23,11,2.731000,12
23,12,1.226000,12
23,13,2.774000,12
23,14,2.994000,12
23,15,3.692000,12
23,16,2.987000,12
23,17,2.008000,12
23,18,0.443000,12
23,19,1.132000,4
23,20,3.482000,12
23,21,0.714000,4
23,22,1.049000,4
23,23,1.761000,6
23,24,3.638000,12
23,25,1.206000,4
23,26,3.141000,12
23,27,1.053000,4
23,28,1.015000,4
23,29,3.690000,12
23,30,1.436000,4
23,31,2.814000,12
23,32,2.609000,12
23,33,3.027000,12
23,34,3.304000,12
23,35,2.794000,12
23,36,1.530000,12
23,37,2.065000,12
23,38,2.522000,12
23,39,1.302000,7
23,40,2.706000,12
23,41,3.556000,12
23,42,2.761000,12
23,43,2.191000,12
23,44,3.153000,12
23,45,2.285000,12
23,46,4.448000,12
23,47,2.634000,12
23,48,1.763000,12
23,49,2.757000,12
23,50,2.783000,12
23,51,2.581000,12
23,52,4.009000,12
23,53,2.952000,12
23,54,1.690000,12
23,55,3.183000,12
23,56,2.498000,12
23,57,3.710000,12
23,58,3.346000,12
23,59,2.389000,12
23,60,0.546000,12
23,61,2.402000,11
23,62,2.299000,11
23,63,2.248000,11
23,64,3.907000,11
23,65,2.750000,11
23,66,2.153000,11
23,67,2.399000,11
23,68,2.518000,11
23,69,2.030000,11
23,70,3.640000,11
23,71,2.615000,11
23,72,1.658000,11
23,73,1.669000,7
23,74,2.816000,11
23,75,1.985000,7
23,76,2.666000,11
23,77,3.256000,11
23,78,2.539000,11
23,79,2.692000,11
23,80,2.630000,11
23,81,2.772000,11
23,82,3.617000,11
23,83,2.509000,11
23,84,1.991000,11
23,85,2.398000,11
23,86,2.607000,11
23,87,2.134000,11
23,88,2.963000,11
23,89,2.702000,11
23,90,1.702000,7
23,91,1.928000,7
23,92,2.073000,10
23,93,2.125000,10
23,94,1.566000,6
23,95,1.580000,6
23,96,2.704000,7
24,1,2.795000,7
24,2,3.470000,11
24,3,3.999000,11
24,4,4.815000,11
24,5,3.095000,11
24,6,2.230000,12
24,7,4.496000,12
24,8,3.743000,12
24,9,4.930000,12
24,10,4.732000,12
24,11,3.553000,12
24,12,1.552000,12
24,13,4.387000,12
24,14,3.431000,12
24,15,4.769000,12
24,16,5.010000,12
24,17,3.638000,12
24,18,2.374000,12
24,19,1.702000,4
24,20,3.924000,12
24,21,1.508000,4
24,22,1.576000,4
24,23,3.159000,6
24,24,4.852000,12
24,25,1.775000,4
24,26,3.607000,12
24,27,2.125000,4
24,28,1.769000,4
24,29,4.847000,12
24,30,2.158000,4
24,31,4.566000,12
24,32,4.327000,12
24,33,4.459000,12
24,34,4.585000,12
24,35,3.628000,12
24,36,2.141000,12
24,37,4.109000,12
24,38,4.270000,12
24,39,3.326000,7
24,40,5.317000,12
24,41,3.501000,12
24,42,2.218000,12
24,43,3.837000,12
24,44,3.629000,12
24,45,3.845000,12
24,46,4.720000,12
24,47,3.833000,12
24,48,2.609000,12
24,49,4.014000,12
24,50,4.519000,12
24,51,4.774000,12
24,52,4.308000,12
24,53,3.359000,12
24,54,1.592000,12
24,55,3.988000,12
24,56,3.631000,12
24,57,4.478000,12
24,58,5.237000,12
24,59,3.645000,12
24,60,2.410000,12
24,61,3.839000,11
24,62,3.215000,11
24,63,4.364000,11
24,64,4.651000,11
24,65,2.978000,11
24,66,3.141000,11
24,67,4.292000,11
24,68,3.561000,11
24,69,4.119000,11
24,70,4.146000,11
24,71,3.687000,11
24,72,2.502000,11
24,73,2.597000,7
24,74,3.263000,11
24,75,2.320000,7
24,76,4.153000,11
24,77,4.477000,11
24,78,3.132000,11
24,79,4.017000,11
24,80,3.941000,11
24,81,4.582000,11
24,82,4.774000,11
24,83,3.541000,11
24,84,2.222000,11
24,85,4.298000,11
24,86,3.434000,11
24,87,4.653000,11
24,88,4.355000,11
24,89,3.139000,11
24,90,1.997000,7
24,91,3.147000,7
24,92,2.804000,9
24,93,4.021000,11
24,94,2.962000,5
24,95,3.155000,6
24,96,2.475000,5
25,1,2.889000,7
25,2,3.181000,11
25,3,4.695000,11
25,4,4.219000,11
25,5,4.110000,11
25,6,3.847000,12
25,7,4.133000,12
25,8,5.328000,12
25,9,5.839000,12
25,10,4.080000,12
25,11,4.119000,12
25,12,1.282000,12
25,13,4.077000,12
25,14,3.261000,12
25,15,5.142000,12
25,16,5.192000,12
25,17,3.783000,12
25,18,3.257000,12
25,19,1.968000,4
25,20,4.075000,12
25,21,2.806000,4
25,22,2.388000,4
25,23,2.711000,6
25,24,4.689000,12
25,25,1.800000,4
25,26,3.663000,12
25,27,2.413000,4
25,28,2.928000,4
25,29,5.093000,12
25,30,1.793000,4
25,31,4.194000,12
25,32,4.777000,12
25,33,4.778000,12
25,34,4.426000,12
25,35,3.750000,12
25,36,3.037000,12
25,37,3.848000,12
25,38,3.878000,12
25,39,4.020000,7
25,40,4.930000,12
25,41,3.950000,12
25,42,3.861000,12
25,43,4.443000,12
25,44,4.786000,12
25,45,4.638000,12
25,46,4.766000,12
25,47,3.968000,12
25,48,2.713000,12
25,49,4.447000,12
25,50,5.041000,12
25,51,4.895000,12
25,52,5.114000,12
25,53,3.927000,12
25,54,1.729000,12
25,55,4.441000,12
25,56,4.039000,12
25,57,4.592000,12
25,58,4.499000,12
25,59,3.315000,12
25,60,3.170000,12
25,61,3.651000,11
25,62,4.529000,11
25,63,4.592000,11
25,64,4.841000,11
25,65,3.756000,11
25,66,3.279000,11
25,67,3.554000,11
25,68,4.149000,11
25,69,4.825000,11
25,70,4.601000,11
25,71,3.876000,11
25,72,3.385000,11
25,73,3.170000,7
25,74,3.811000,11
25,75,3.857000,7
25,76,4.433000,11
25,77,4.276000,11
25,78,3.522000,11
25,79,3.842000,11
25,80,3.965000,11
25,81,4.286000,11
25,82,5.609000,11
25,83,3.942000,11
25,84,3.033000,11
25,85,3.852000,11
25,86,3.946000,11
25,87,4.084000,11
25,88,3.928000,11
25,89,4.568000,11
25,90,2.832000,7
25,91,4.254000,14
25,92,4.008000,12
25,93,4.067000,9
25,94,2.416000,6
25,95,2.942000,6
25,96,3.191000,6
26,1,2.060000,7
26,2,4.291000,11
26,3,4.551000,12
26,4,4.880000,12
26,5,4.296000,12
26,6,3.827000,12
26,7,4.112000,12
26,8,3.802000,12
26,9,4.325000,12
26,10,4.209000,12
26,11,4.376000,12
26,12,3.468000,12
26,13,4.318000,12
26,14,4.911000,12
26,15,4.344000,12
26,16,4.442000,12
26,17,4.379000,12
26,18,3.938000,12
26,19,1.935000,4
26,20,5.047000,12
26,21,1.906000,4
26,22,1.835000,4
26,23,3.050000,6
26,24,4.770000,12
26,25,1.921000,4
26,26,5.219000,12
26,27,2.524000,4
26,28,1.424000,4
26,29,4.865000,12
26,30,1.925000,4
26,31,4.374000,12
26,32,5.704000,12
26,33,4.441000,12
26,34,4.446000,12
26,35,4.516000,12
26,36,3.214000,12
26,37,4.374000,12
26,38,4.777000,12
26,39,3.559000,11
26,40,4.572000,12
26,41,3.974000,12
26,42,3.673000,12
26,43,4.168000,12
26,44,5.960000,13
26,45,4.821000,14
26,46,5.078000,14
26,47,3.855000,14
26,48,0.603000,14
26,49,4.512000,14
26,50,5.407000,14
26,51,4.771000,14
26,52,5.526000,14
26,53,3.302000,11
26,54,3.034000,11
26,55,3.331000,11
26,56,4.011000,12
26,57,4.712000,12
26,58,4.313000,12
26,59,4.082000,12
26,60,3.768000,12
26,61,3.940000,12
26,62,4.147000,12
26,63,4.280000,12
26,64,4.981000,12
26,65,5.074000,12
26,66,3.896000,12
26,67,4.104000,12
26,68,5.657000,12
26,69,4.342000,12
26,70,4.514000,12
26,71,3.797000,12
26,72,3.913000,12
26,73,4.189000,12
26,74,5.052000,12
26,75,4.206000,12
26,76,3.962000,12
26,77,4.331000,12
26,78,4.037000,12
26,79,4.754000,12
26,80,5.124000,12
26,81,4.302000,12
26,82,4.225000,12
26,83,3.874000,12
26,84,3.773000,12
26,85,4.034000,12
26,86,4.318000,12
26,87,4.750000,12
26,88,4.037000,12
26,89,3.688000,12
26,90,2.960000,12
26,91,5.031000,17
26,92,2.819000,7
26,93,3.298000,6
26,94,3.207000,5
26,95,2.745000,5
26,96,3.305000,7
27,1,3.383000,7
27,2,4.747000,11
27,3,4.651000,12
27,4,4.287000,12
27,5,3.542000,12
27,6,3.926000,12
27,7,7.088000,12
27,8,4.797000,12
27,9,4.176000,12
27,10,4.127000,12
27,11,3.730000,12
27,12,2.859000,12
27,13,6.175000,12
27,14,4.944000,12
27,15,4.424000,12
27,16,4.306000,12
27,17,3.417000,12
27,18,3.709000,12
27,19,3.052000,4
27,20,4.699000,12
27,21,2.118000,4
27,22,2.182000,4
27,23,2.910000,6
27,24,4.428000,12
27,25,2.295000,4
27,26,5.407000,12
27,27,2.012000,4
27,28,2.230000,4
27,29,4.779000,12
27,30,1.739000,4
27,31,6.158000,12
27,32,4.595000,12
27,33,4.342000,12
27,34,4.007000,12
27,35,3.496000,12
27,36,3.944000,12
27,37,5.197000,12
27,38,4.757000,12
27,39,4.149000,11
27,40,4.049000,12
27,41,3.762000,12
27,42,4.126000,12
27,43,5.921000,12
27,44,5.068000,13
27,45,4.772000,14
27,46,4.818000,14
27,47,4.635000,14
27,48,1.607000,14
27,49,6.075000,14
27,50,4.968000,14
27,51,4.137000,14
27,52,4.752000,14
27,53,3.715000,11
27,54,2.891000,11
27,55,5.832000,11
27,56,4.650000,12
27,57,4.681000,12
27,58,3.456000,12
27,59,4.338000,12
27,60,2.802000,12
27,61,5.008000,12
27,62,5.399000,12
27,63,4.680000,12
27,64,5.017000,12
27,65,3.159000,12
27,66,3.142000,12
27,67,6.413000,12
27,68,4.640000,12
27,69,4.849000,12
27,70,3.924000,12
27,71,2.864000,12
27,72,3.901000,12
27,73,6.164000,12
27,74,5.123000,12
27,75,3.857000,12
27,76,4.684000,12
27,77,4.156000,12
27,78,1.931000,12
27,79,4.958000,12
27,80,5.502000,12
27,81,4.270000,12
27,82,4.164000,12
27,83,3.004000,12
27,84,3.831000,12
27,85,5.794000,12
27,86,5.218000,12
27,87,4.066000,12
27,88,4.152000,12
27,89,2.956000,12
27,90,3.769000,12
27,91,5.114000,12
27,92,3.342000,7
27,93,3.059000,7
27,94,3.015000,7
27,95,2.357000,6
27,96,2.540000,6
28,1,4.720000,12
28,2,3.689000,11
28,3,4.223000,12
28,4,3.695000,12
28,5,3.225000,12
28,6,2.693000,12
28,7,4.667000,12
28,8,4.620000,12
28,9,4.058000,12
28,10,4.307000,12
28,11,3.327000,12
28,12,2.153000,12
28,13,4.708000,12
28,14,5.381000,12
28,15,4.000000,12
28,16,3.545000,12
28,17,3.402000,12
28,18,2.089000,12
28,19,1.919000,4
28,20,4.320000,12
28,21,2.328000,4
28,22,1.964000,4
28,23,2.451000,6
28,24,3.609000,12
28,25,2.067000,4
28,26,4.320000,12
28,27,2.563000,4
28,28,1.572000,4
28,29,3.658000,12
28,30,1.748000,4
28,31,4.923000,12
28,32,5.148000,12
28,33,4.303000,12
28,34,3.199000,12
28,35,2.831000,12
28,36,0.782000,12
28,37,4.707000,12
28,38,4.852000,12
28,39,3.353000,11
28,40,3.511000,12
28,41,3.112000,12
28,42,2.559000,12
28,43,4.171000,12
28,44,4.865000,13
28,45,4.541000,14
28,46,3.959000,14
28,47,3.204000,14
28,48,1.480000,14
28,49,5.382000,14
28,50,5.664000,14
28,51,4.246000,14
28,52,3.797000,14
28,53,2.280000,11
28,54,1.437000,11
28,55,4.472000,11
28,56,4.146000,12
28,57,4.317000,12
28,58,4.277000,12
28,59,2.999000,12
28,60,2.146000,12
28,61,4.462000,12
28,62,3.804000,12
28,63,4.310000,12
28,64,3.547000,12
28,65,3.337000,12
28,66,2.694000,12
28,67,4.349000,12
28,68,3.868000,12
28,69,4.231000,12
28,70,4.028000,12
28,71,3.121000,12
28,72,2.541000,12
28,73,4.507000,12
28,74,5.091000,12
28,75,4.024000,12
28,76,3.597000,12
28,77,2.738000,12
28,78,2.518000,12
28,79,4.498000,12
28,80,3.842000,12
28,81,4.259000,12
28,82,3.554000,12
28,83,2.843000,12
28,84,2.453000,12
28,85,4.550000,12
28,86,4.064000,12
28,87,3.838000,12
28,88,4.074000,12
28,89,3.403000,12
28,90,2.387000,13
28,91,4.399000,11
28,92,2.497000,7
28,93,3.235000,7
28,94,2.192000,6
28,95,2.784000,8
28,96,1.914000,6
29,1,2.889000,12
29,2,3.033000,11
29,3,2.833000,12
29,4,3.887000,12
29,5,3.894000,12
29,6,2.516000,12
29,7,3.399000,12
29,8,3.441000,12
29,9,3.589000,12
29,10,4.319000,12
29,11,3.119000,12
29,12,2.514000,12
29,13,2.965000,12
29,14,3.637000,12
29,15,2.980000,12
29,16,3.830000,12
29,17,2.613000,12
29,18,2.734000,12
29,19,1.574000,5
29,20,4.060000,12
29,21,1.561000,4
29,22,0.980000,4
29,23,2.204000,6
29,24,3.865000,12
29,25,1.325000,4
29,26,4.111000,12
29,27,1.358000,4
29,28,1.612000,4
29,29,4.099000,12
29,30,1.118000,4
29,31,3.589000,12
29,32,3.506000,12
29,33,3.726000,12
29,34,3.845000,12
29,35,2.803000,12
29,36,2.447000,12
29,37,3.113000,12
29,38,3.989000,12
29,39,3.178000,11
29,40,4.335000,12
29,41,3.201000,12
29,42,2.538000,12
29,43,3.107000,12
29,44,3.210000,13
29,45,3.908000,14
29,46,4.543000,14
29,47,3.008000,14
29,48,2.715000,14
29,49,4.078000,14
29,50,3.598000,14
29,51,3.533000,14
29,52,4.084000,14
29,53,3.039000,11
29,54,2.122000,11
29,55,3.427000,11
29,56,3.323000,12
29,57,3.323000,12
29,58,4.199000,12
29,59,2.966000,12
29,60,2.496000,12
29,61,3.856000,12
29,62,3.206000,12
29,63,2.985000,12
29,64,4.279000,12
29,65,2.913000,12
29,66,2.736000,12
29,67,3.409000,12
29,68,3.511000,12
29,69,3.319000,12
29,70,4.543000,12
29,71,3.044000,12
29,72,2.672000,12
29,73,3.856000,12
29,74,3.368000,12
29,75,3.017000,12
29,76,3.943000,12
29,77,3.025000,12
29,78,2.572000,12
29,79,3.105000,12
29,80,3.382000,12
29,81,3.593000,12
29,82,3.660000,12
29,83,3.157000,12
29,84,2.769000,12
29,85,3.858000,12
29,86,3.234000,12
29,87,3.544000,12
29,88,4.091000,12
29,89,3.247000,12
29,90,2.121000,15
29,91,2.945000,12
29,92,2.125000,7
29,93,1.959000,6
29,94,2.503000,7
29,95,2.001000,8
29,96,3.364000,7
30,1,3.035000,11
30,2,3.044000,11
30,3,3.500000,12
30,4,2.808000,12
30,5,3.553000,12
30,6,2.600000,12
30,7,3.371000,12
30,8,3.112000,12
30,9,3.312000,12
30,10,2.910000,12
30,11,2.685000,12
30,12,2.908000,12
30,13,3.498000,12
30,14,3.272000,12
30,15,3.509000,12
30,16,3.260000,12
30,17,2.801000,12
30,18,2.514000,12
30,19,1.710000,4
30,20,3.243000,12
30,21,1.423000,4
30,22,1.670000,4
30,23,2.102000,6
30,24,2.780000,12
30,25,1.620000,4
30,26,3.539000,12
30,27,1.584000,4
30,28,1.349000,4
30,29,2.999000,12
30,30,1.292000,4
30,31,3.339000,12
30,32,3.241000,12
30,33,3.391000,12
30,34,3.291000,12
30,35,2.928000,12
30,36,2.902000,12
30,37,3.710000,12
30,38,3.398000,12
30,39,3.093000,11
30,40,3.102000,12
30,41,3.328000,12
30,42,2.558000,12
30,43,3.698000,12
30,44,3.557000,13
30,45,3.294000,14
30,46,3.481000,14
30,47,2.796000,14
30,48,2.261000,14
30,49,3.371000,14
30,50,4.010000,14
30,51,3.650000,14
30,52,3.773000,14
30,53,2.910000,11
30,54,1.686000,11
30,55,3.509000,12
30,56,3.272000,12
30,57,3.067000,12
30,58,3.152000,12
30,59,3.439000,12
30,60,1.744000,12
30,61,3.496000,12
30,62,3.270000,12
30,63,3.337000,12
30,64,3.132000,12
30,65,3.025000,12
30,66,3.046000,12
30,67,3.498000,12
30,68,3.276000,12
30,69,3.206000,12
30,70,3.563000,12
30,71,2.722000,12
30,72,2.342000,12
30,73,3.493000,12
30,74,3.550000,12
30,75,3.362000,12
30,76,3.272000,12
30,77,3.405000,12
30,78,2.388000,12
30,79,3.751000,12
30,80,3.757000,12
30,81,3.300000,12
30,82,3.150000,12
30,83,3.608000,12
30,84,1.935000,12
30,85,3.668000,12
30,86,3.391000,12
30,87,3.267000,12
30,88,3.082000,12
30,89,2.912000,12
30,90,2.411000,14
30,91,2.954000,11
30,92,1.724000,7
30,93,2.692000,10
30,94,1.690000,6
30,95,2.180000,6
30,96,2.397000,7
31,1,2.422000,9
31,2,3.660000,13
31,3,2.694000,10
31,4,3.341000,12
31,5,2.448000,10
31,6,2.625000,12
31,7,2.975000,10
31,8,2.643000,10
31,9,3.283000,12
31,10,3.034000,12
31,11,3.388000,12
31,12,2.500000,12
31,13,3.422000,12
31,14,3.619000,12
31,15,3.540000,12
31,16,3.551000,12
31,17,2.931000,12
31,18,1.677000,12
31,19,1.713000,6
31,20,3.812000,12
31,21,1.453000,4
31,22,1.464000,4
31,23,2.044000,6
31,24,2.809000,10
31,25,1.290000,4
31,26,3.783000,12
31,27,1.507000,4
31,28,1.243000,4
31,29,3.392000,12
31,30,1.262000,4
31,31,2.850000,12
31,32,3.620000,12
31,33,2.910000,12
31,34,2.972000,12
31,35,2.830000,12
31,36,2.642000,12
31,37,3.419000,13
31,38,3.903000,13
31,39,2.770000,11
31,40,3.327000,13
31,41,2.840000,12
31,42,1.617000,9
31,43,2.426000,9
31,44,2.502000,9
31,45,2.536000,9
31,46,2.770000,9
31,47,3.118000,9
31,48,2.365000,9
31,49,2.466000,9
31,50,2.774000,9
31,51,2.508000,9
31,52,2.935000,11
31,53,2.980000,11
31,54,2.634000,13
31,55,3.660000,13
31,56,3.410000,13
31,57,3.407000,13
31,58,3.294000,13
31,59,3.147000,13
31,60,1.726000,12
31,61,3.850000,12
31,62,3.631000,12
31,63,3.565000,12
31,64,3.068000,12
31,65,2.561000,12
31,66,1.549000,12
31,67,4.036000,12
31,68,3.712000,12
31,69,3.701000,12
31,70,3.421000,12
31,71,2.223000,12
31,72,0.586000,12
31,73,3.420000,12
31,74,3.771000,12
31,75,3.041000,12
31,76,2.910000,12
31,77,2.958000,12
31,78,2.178000,12
31,79,3.182000,12
31,80,3.366000,12
31,81,3.470000,12
31,82,3.286000,12
31,83,2.832000,12
31,84,2.028000,12
31,85,3.108000,12
31,86,3.674000,12
31,87,3.582000,12
31,88,3.003000,12
31,89,2.783000,12
31,90,2.248000,16
31,91,3.417000,13
31,92,2.352000,7
31,93,2.841000,10
31,94,5.432000,25
31,95,1.654000,6
31,96,1.639000,6
32,1,3.598000,13
32,2,3.663000,13
32,3,2.944000,10
32,4,2.534000,10
32,5,2.250000,10
32,6,2.429000,10
32,7,3.096000,10
32,8,3.328000,10
32,9,3.466000,12
32,10,2.979000,12
32,11,2.538000,12
32,12,2.453000,12
32,13,3.130000,12
32,14,4.046000,12
32,15,3.729000,12
32,16,3.080000,12
32,17,2.698000,12
32,18,2.216000,12
32,19,1.953000,6
32,20,3.210000,12
32,21,1.676000,4
32,22,1.405000,4
32,23,1.912000,5
32,24,3.088000,10
32,25,1.299000,4
32,26,4.049000,12
32,27,1.861000,4
32,28,1.591000,4
32,29,3.103000,12
32,30,1.456000,4
32,31,3.410000,12
32,32,3.839000,12
32,33,3.053000,12
32,34,3.021000,12
32,35,2.349000,12
32,36,2.502000,12
32,37,3.517000,13
32,38,4.382000,13
32,39,3.310000,11
32,40,3.566000,13
32,41,2.819000,14
32,42,1.417000,10
32,43,2.417000,10
32,44,3.169000,10
32,45,2.754000,10
32,46,3.046000,10
32,47,2.340000,8
32,48,2.088000,10
32,49,2.844000,10
32,50,3.212000,10
32,51,2.958000,10
32,52,2.668000,10
32,53,2.841000,10
32,54,2.638000,13
32,55,3.231000,13
32,56,4.010000,13
32,57,3.742000,13
32,58,2.874000,13
32,59,2.968000,13
32,60,0.671000,12
32,61,3.165000,12
32,62,3.851000,12
32,63,2.807000,12
32,64,2.586000,12
32,65,2.658000,12
32,66,1.183000,12
32,67,3.404000,12
32,68,3.839000,12
32,69,3.551000,12
32,70,3.080000,12
32,71,2.794000,12
32,72,2.137000,12
32,73,3.247000,12
32,74,3.849000,12
32,75,3.487000,12
32,76,2.779000,12
32,77,2.811000,12
32,78,2.361000,12
32,79,4.074000,12
32,80,3.280000,12
32,81,2.874000,12
32,82,2.867000,12
32,83,2.522000,12
32,84,2.679000,12
32,85,3.161000,12
32,86,3.742000,12
32,87,3.064000,12
32,88,3.154000,12
32,89,2.715000,12
32,90,2.855000,16
32,91,3.414000,14
32,92,3.008000,7
32,93,2.764000,11
32,94,1.895000,7
32,95,1.985000,5
32,96,2.071000,6
33,1,3.541000,11
33,2,3.189000,13
33,3,2.389000,10
33,4,2.870000,10
33,5,2.657000,10
33,6,2.617000,10
33,7,3.248000,10
33,8,2.757000,10
33,9,3.428000,12
33,10,3.528000,12
33,11,2.776000,12
33,12,2.376000,12
33,13,3.403000,12
33,14,3.666000,12
33,15,3.042000,12
33,16,3.233000,12
33,17,3.151000,12
33,18,1.996000,12
33,19,1.947000,6
33,20,4.165000,12
33,21,1.513000,4
33,22,1.366000,4
33,23,1.841000,6
33,24,2.265000,10
33,25,1.194000,4
33,26,3.874000,12
33,27,1.629000,4
33,28,1.258000,4
33,29,3.468000,12
33,30,1.753000,4
33,31,3.978000,12
33,32,3.160000,12
33,33,3.182000,12
33,34,3.263000,12
33,35,2.884000,12
33,36,1.963000,12
33,37,4.101000,13
33,38,3.603000,13
33,39,2.802000,11
33,40,3.066000,13
33,41,3.320000,14
33,42,1.386000,10
33,43,2.897000,10
33,44,2.804000,10
33,45,2.765000,10
33,46,2.745000,10
33,47,2.698000,10
33,48,2.474000,10
33,49,2.796000,10
33,50,2.779000,10
33,51,2.518000,10
33,52,2.993000,10
33,53,2.427000,6
33,54,2.665000,13
33,55,3.541000,13
33,56,3.569000,13
33,57,3.534000,13
33,58,3.159000,13
33,59,3.256000,13
33,60,1.679000,12
33,61,3.629000,12
33,62,3.676000,12
33,63,3.030000,12
33,64,3.263000,12
33,65,3.160000,12
33,66,1.952000,12
33,67,3.734000,12
33,68,3.162000,12
33,69,3.185000,12
33,70,3.256000,12
33,71,2.538000,12
33,72,2.273000,12
33,73,3.536000,12
33,74,3.601000,12
33,75,3.639000,12
33,76,2.943000,12
33,77,2.710000,12
33,78,2.164000,12
33,79,3.408000,12
33,80,3.198000,12
33,81,3.716000,12
33,82,3.256000,12
33,83,3.080000,12
33,84,1.932000,12
33,85,3.707000,12
33,86,3.389000,12
33,87,3.106000,12
33,88,3.180000,12
33,89,1.805000,7
33,90,2.875000,16
33,91,3.446000,14
33,92,1.979000,7
33,93,1.985000,6
33,94,2.241000,7
33,95,2.160000,5
33,96,2.254000,6
34,1,3.519000,12
34,2,3.686000,13
34,3,2.986000,12
34,4,2.537000,10
34,5,2.566000,10
34,6,1.842000,10
34,7,2.743000,10
34,8,2.235000,10
34,9,3.362000,12
34,10,3.373000,12
34,11,3.415000,12
34,12,1.959000,12
34,13,3.382000,12
34,14,3.793000,12
34,15,3.046000,12
34,16,3.159000,12
34,17,2.654000,12
34,18,1.686000,12
34,19,1.804000,4
34,20,3.194000,12
34,21,1.280000,4
34,22,1.637000,4
34,23,1.640000,6
34,24,2.681000,10
34,25,1.036000,4
34,26,3.282000,12
34,27,1.324000,4
34,28,1.514000,4
34,29,3.189000,12
34,30,1.532000,4
34,31,3.757000,12
34,32,3.075000,12
34,33,3.268000,12
34,34,3.489000,12
34,35,2.550000,12
34,36,1.179000,12
34,37,3.344000,13
34,38,2.942000,13
34,39,2.811000,11
34,40,3.284000,13
34,41,1.984000,9
34,42,2.338000,10
34,43,2.278000,10
34,44,2.871000,10
34,45,2.773000,10
34,46,2.789000,10
34,47,2.793000,10
34,48,2.350000,10
34,49,2.466000,10
34,50,2.591000,10
34,51,2.528000,10
34,52,2.547000,10
34,53,2.249000,10
34,54,2.673000,13
34,55,3.440000,13
34,56,3.372000,13
34,57,3.553000,13
34,58,3.204000,13
34,59,2.660000,13
34,60,1.768000,12
34,61,3.332000,12
34,62,3.036000,12
34,63,2.823000,12
34,64,3.610000,12
34,65,2.719000,12
34,66,1.906000,12
34,67,3.013000,12
34,68,3.097000,12
34,69,3.154000,12
34,70,3.049000,12
34,71,2.974000,12
34,72,2.295000,12
34,73,2.866000,12
34,74,3.422000,12
34,75,3.370000,12
34,76,3.394000,12
34,77,2.663000,12
34,78,1.896000,12
34,79,3.488000,12
34,80,3.459000,12
34,81,3.237000,12
34,82,2.795000,12
34,83,2.503000,12
34,84,2.151000,12
34,85,3.661000,12
34,86,3.123000,12
34,87,3.101000,12
34,88,3.079000,12
34,89,3.058000,12
34,90,0.732000,16
34,91,3.197000,14
34,92,1.750000,7
34,93,1.989000,6
34,94,2.370000,7
34,95,2.035000,7
34,96,2.298000,7
35,1,3.240000,10
35,2,3.712000,14
35,3,3.385000,12
35,4,2.844000,10
35,5,2.245000,10
35,6,1.826000,10
35,7,3.203000,12
35,8,3.083000,10
35,9,3.901000,12
35,10,3.269000,12
35,11,2.805000,12
35,12,1.244000,12
35,13,3.164000,12
35,14,3.722000,12
35,15,3.314000,12
35,16,3.699000,12
35,17,2.383000,12
35,18,1.963000,12
35,19,1.767000,4
35,20,3.574000,12
35,21,1.355000,4
35,22,1.340000,4
35,23,2.114000,6
35,24,2.841000,10
35,25,1.039000,4
35,26,3.514000,12
35,27,1.419000,4
35,28,1.490000,4
35,29,3.651000,12
35,30,1.898000,4
35,31,3.433000,12
35,32,3.316000,12
35,33,3.622000,12
35,34,3.363000,12
35,35,2.674000,12
35,36,2.020000,12
35,37,3.425000,13
35,38,3.472000,13
35,39,2.967000,11
35,40,3.442000,13
35,41,2.304000,10
35,42,2.160000,10
35,43,2.466000,10
35,44,2.407000,10
35,45,3.231000,10
35,46,2.770000,10
35,47,2.326000,10
35,48,2.211000,10
35,49,2.745000,10
35,50,2.302000,10
35,51,3.352000,10
35,52,2.636000,10
35,53,2.616000,10
35,54,2.683000,13
35,55,3.435000,13
35,56,3.665000,13
35,57,3.855000,13
35,58,3.273000,13
35,59,2.590000,13
35,60,1.563000,12
35,61,3.599000,12
35,62,3.618000,12
35,63,4.352000,12
35,64,3.342000,12
35,65,2.766000,12
35,66,1.264000,12
35,67,3.431000,12
35,68,3.666000,12
35,69,3.413000,12
35,70,2.997000,12
35,71,2.815000,12
35,72,2.071000,12
35,73,3.433000,12
35,74,3.406000,12
35,75,3.423000,12
35,76,3.270000,12
35,77,2.763000,12
35,78,2.052000,12
35,79,3.435000,12
35,80,3.444000,12
35,81,3.452000,12
35,82,3.327000,12
35,83,2.905000,12
35,84,2.191000,12
35,85,3.427000,12
35,86,3.421000,12
35,87,3.342000,12
35,88,3.468000,12
35,89,2.990000,13
35,90,2.201000,16
35,91,3.275000,15
35,92,2.096000,7
35,93,2.124000,6
35,94,2.971000,14
35,95,1.948000,7
35,96,1.474000,6
36,1,2.536000,11
36,2,3.325000,16
36,3,3.044000,11
36,4,3.124000,11
36,5,2.637000,11
36,6,2.265000,11
36,7,2.977000,11
36,8,2.885000,11
36,9,3.367000,11
36,10,2.782000,11
36,11,2.744000,11
36,12,2.143000,11
36,13,2.984000,11
36,14,3.156000,11
36,15,3.292000,11
36,16,2.918000,11
36,17,3.160000,11
36,18,1.537000,11
36,19,1.336000,4
36,20,3.127000,11
36,21,1.362000,4
36,22,1.438000,4
36,23,6.428000,28
36,24,2.592000,11
36,25,1.059000,4
36,26,2.986000,11
36,27,1.448000,4
36,28,1.228000,4
36,29,3.059000,13
36,30,1.403000,4
36,31,2.662000,9
36,32,2.268000,9
36,33,3.467000,12
36,34,3.096000,9
36,35,2.423000,9
36,36,2.024000,9
36,37,2.766000,9
36,38,2.031000,9
36,39,2.013000,6
36,40,2.407000,9
36,41,3.040000,11
36,42,2.750000,11
36,43,3.819000,11
36,44,3.144000,11
36,45,2.913000,11
36,46,3.046000,11
36,47,2.624000,11
36,48,1.299000,9
36,49,2.788000,9
36,50,2.373000,9
36,51,2.548000,9
36,52,2.371000,9
36,53,2.964000,10
36,54,2.224000,10
36,55,2.975000,10
36,56,2.202000,10
36,57,2.509000,9
36,58,2.707000,9
36,59,2.628000,9
36,60,2.494000,11
36,61,2.629000,9
36,62,3.204000,11
36,63,2.951000,12
36,64,2.959000,12
36,65,2.441000,12
36,66,2.718000,11
36,67,3.297000,11
36,68,2.729000,11
36,69,3.368000,11
36,70,2.938000,11
36,71,2.902000,11
36,72,1.459000,12
36,73,2.460000,10
36,74,3.243000,12
36,75,2.574000,10
36,76,3.569000,12
36,77,2.872000,12
36,78,2.079000,12
36,79,3.241000,12
36,80,3.166000,12
36,81,3.396000,12
36,82,2.700000,10
36,83,3.006000,12
36,84,0.669000,12
36,85,3.887000,12
36,86,2.972000,12
36,87,3.461000,12
36,88,2.855000,12
36,89,2.109000,11
36,90,1.696000,11
36,91,3.424000,15
36,92,2.615000,7
36,93,2.027000,6
36,94,3.087000,14
36,95,1.802000,5
36,96,2.289000,6
37,1,3.104000,12
37,2,3.710000,16
37,3,2.365000,11
37,4,3.534000,11
37,5,2.831000,11
37,6,1.720000,11
37,7,3.098000,11
37,8,2.964000,13
37,9,2.663000,11
37,10,3.219000,11
37,11,2.574000,11
37,12,1.582000,11
37,13,3.307000,11
37,14,3.438000,13
37,15,2.984000,13
37,16,3.483000,11
37,17,2.702000,11
37,18,1.693000,11
37,19,2.049000,4
37,20,2.997000,11
37,21,1.572000,4
37,22,1.157000,4
37,23,2.831000,12
37,24,2.572000,11
37,25,1.620000,4
37,26,3.349000,11
37,27,1.404000,4
37,28,1.133000,4
37,29,3.156000,12
37,30,1.420000,4
37,31,2.821000,10
37,32,2.708000,10
37,33,2.200000,9
37,34,2.210000,9
37,35,2.440000,9
37,36,2.069000,11
37,37,2.849000,11
37,38,3.168000,11
37,39,2.009000,6
37,40,2.945000,11
37,41,2.591000,11
37,42,2.302000,11
37,43,2.892000,11
37,44,3.011000,11
37,45,2.312000,11
37,46,3.069000,11
37,47,2.890000,11
37,48,2.143000,11
37,49,2.436000,11
37,50,2.454000,9
37,51,2.696000,10
37,52,2.958000,10
37,53,2.486000,9
37,54,2.593000,10
37,55,2.400000,10
37,56,2.686000,10
37,57,2.437000,10
37,58,2.577000,10
37,59,3.033000,10
37,60,2.574000,10
37,61,3.213000,10
37,62,2.874000,10
37,63,2.912000,12
37,64,3.183000,12
37,65,3.334000,11
37,66,1.923000,11
37,67,3.263000,11
37,68,3.448000,11
37,69,2.966000,11
37,70,3.161000,11
37,71,2.805000,12
37,72,1.917000,12
37,73,3.134000,10
37,74,3.402000,12
37,75,2.044000,10
37,76,3.509000,12
37,77,2.976000,12
37,78,1.892000,12
37,79,3.298000,12
37,80,3.364000,12
37,81,3.358000,12
37,82,3.160000,12
37,83,2.718000,12
37,84,1.314000,12
37,85,3.770000,12
37,86,3.314000,12
37,87,3.394000,12
37,88,3.261000,12
37,89,2.791000,14
37,90,0.942000,14
37,91,2.960000,15
37,92,2.029000,7
37,93,1.880000,7
37,94,2.673000,12
37,95,1.759000,6
37,96,2.223000,6
38,1,3.441000,13
38,2,3.085000,10
38,3,3.240000,11
38,4,3.209000,12
38,5,2.607000,11
38,6,1.689000,11
38,7,3.207000,11
38,8,3.322000,13
38,9,3.112000,11
38,10,3.159000,11
38,11,2.323000,11
38,12,2.012000,11
38,13,3.327000,11
38,14,3.525000,13
38,15,3.127000,13
38,16,2.906000,11
38,17,2.795000,11
38,18,1.602000,11
38,19,1.217000,4
38,20,2.997000,11
38,21,1.580000,4
38,22,1.531000,4
38,23,3.065000,11
38,24,2.385000,11
38,25,1.133000,4
38,26,3.000000,12
38,27,1.419000,4
38,28,1.772000,4
38,29,2.151000,9
38,30,1.533000,4
38,31,3.120000,11
38,32,2.429000,11
38,33,2.644000,9
38,34,2.761000,11
38,35,1.980000,9
38,36,2.290000,10
38,37,2.929000,10
38,38,2.935000,10
38,39,1.882000,6
38,40,2.592000,11
38,41,2.828000,11
38,42,2.564000,11
38,43,2.866000,11
38,44,2.754000,11
38,45,2.933000,11
38,46,2.928000,11
38,47,2.733000,11
38,48,2.528000,11
38,49,2.620000,11
38,50,2.208000,9
38,51,2.204000,9
38,52,2.342000,9
38,53,2.600000,10
38,54,2.232000,10
38,55,2.824000,10
38,56,2.598000,10
38,57,2.919000,10
38,58,2.881000,10
38,59,2.288000,10
38,60,1.119000,6
38,61,2.354000,10
38,62,2.332000,6
38,63,3.129000,12
38,64,2.923000,12
38,65,2.823000,11
38,66,2.642000,11
38,67,3.219000,11
38,68,3.541000,11
38,69,3.125000,11
38,70,3.073000,12
38,71,2.662000,12
38,72,1.493000,10
38,73,2.952000,10
38,74,2.758000,12
38,75,2.712000,10
38,76,3.241000,12
38,77,3.232000,12
38,78,2.187000,12
38,79,3.327000,12
38,80,3.270000,12
38,81,3.152000,12
38,82,3.129000,12
38,83,2.631000,12
38,84,1.837000,12
38,85,3.666000,12
38,86,3.000000,12
38,87,3.333000,12
38,88,2.986000,12
38,89,2.604000,13
38,90,0.506000,17
38,91,3.255000,15
38,92,2.509000,7
38,93,2.009000,6
38,94,2.755000,12
38,95,1.547000,5
38,96,1.517000,6
39,1,3.186000,13
39,2,3.008000,11
39,3,2.811000,11
39,4,3.556000,12
39,5,4.971000,11
39,6,0.813000,11
39,7,3.381000,11
39,8,3.797000,12
39,9,2.801000,11
39,10,3.301000,11
39,11,2.838000,13
39,12,2.129000,12
39,13,3.609000,12
39,14,3.533000,13
39,15,3.951000,13
39,16,3.187000,13
39,17,2.835000,11
39,18,1.353000,13
39,19,1.275000,4
39,20,3.487000,11
39,21,1.720000,4
39,22,1.525000,4
39,23,3.340000,10
39,24,2.981000,11
39,25,1.478000,4
39,26,3.484000,11
39,27,1.720000,4
39,28,1.661000,4
39,29,2.910000,10
39,30,1.428000,4
39,31,3.178000,9
39,32,2.280000,8
39,33,3.081000,11
39,34,2.058000,9
39,35,2.383000,9
39,36,3.158000,11
39,37,3.001000,11
39,38,2.722000,11
39,39,1.823000,6
39,40,3.193000,10
39,41,2.905000,11
39,42,2.742000,11
39,43,3.080000,11
39,44,3.089000,11
39,45,3.175000,11
39,46,3.339000,11
39,47,2.812000,11
39,48,1.974000,11
39,49,3.170000,11
39,50,2.705000,9
39,51,3.156000,10
39,52,3.069000,10
39,53,2.232000,9
39,54,2.258000,10
39,55,2.815000,10
39,56,2.806000,10
39,57,2.759000,10
39,58,3.081000,10
39,59,2.675000,10
39,60,2.569000,10
39,61,3.070000,10
39,62,2.544000,10
39,63,3.329000,12
39,64,3.057000,11
39,65,3.072000,11
39,66,2.327000,11
39,67,3.018000,11
39,68,3.455000,11
39,69,2.832000,11
39,70,3.516000,11
39,71,3.115000,10
39,72,1.996000,10
39,73,2.645000,10
39,74,2.378000,10
39,75,3.039000,10
39,76,3.642000,12
39,77,2.792000,12
39,78,2.652000,12
39,79,3.381000,12
39,80,2.900000,12
39,81,3.240000,12
39,82,3.911000,12
39,83,3.043000,12
39,84,1.783000,12
39,85,3.369000,12
39,86,3.586000,12
39,87,3.392000,12
39,88,2.920000,12
39,89,2.965000,14
39,90,2.074000,16
39,91,4.324000,16
39,92,2.804000,11
39,93,2.000000,6
39,94,2.515000,12
39,95,2.033000,7
39,96,1.944000,6
40,1,3.940000,13
40,2,3.456000,13
40,3,3.380000,11
40,4,3.342000,12
40,5,2.433000,11
40,6,1.508000,11
40,7,3.983000,11
40,8,3.248000,12
40,9,3.258000,11
40,10,2.815000,11
40,11,3.300000,12
40,12,1.831000,12
40,13,3.462000,12
40,14,3.856000,13
40,15,3.921000,13
40,16,3.406000,12
40,17,2.402000,11
40,18,1.464000,13
40,19,1.567000,4
40,20,3.188000,11
40,21,1.728000,4
40,22,1.603000,4
40,23,3.284000,11
40,24,3.235000,11
40,25,1.452000,4
40,26,4.066000,14
40,27,1.495000,4
40,28,1.607000,4
40,29,3.002000,11
40,30,1.615000,4
40,31,3.139000,11
40,32,2.996000,11
40,33,2.756000,9
40,34,2.700000,11
40,35,3.055000,9
40,36,2.114000,10
40,37,3.308000,10
40,38,3.017000,10
40,39,1.679000,6
40,40,3.150000,11
40,41,2.757000,11
40,42,2.370000,11
40,43,3.114000,11
40,44,2.923000,11
40,45,2.593000,11
40,46,2.772000,11
40,47,3.197000,11
40,48,2.544000,11
40,49,2.793000,11
40,50,2.408000,9
40,51,2.339000,9
40,52,2.517000,9
40,53,2.647000,10
40,54,2.734000,10
40,55,2.650000,10
40,56,2.948000,10
40,57,2.865000,10
40,58,2.535000,10
40,59,3.097000,10
40,60,1.889000,6
40,61,2.905000,10
40,62,1.886000,6
40,63,3.026000,11
40,64,3.354000,11
40,65,3.438000,11
40,66,2.719000,11
40,67,3.887000,11
40,68,3.153000,11
40,69,2.758000,11
40,70,3.379000,12
40,71,3.212000,11
40,72,1.754000,10
40,73,3.219000,10
40,74,3.200000,10
40,75,2.709000,10
40,76,2.981000,10
40,77,3.637000,12
40,78,2.437000,12
40,79,3.362000,12
40,80,2.819000,12
40,81,3.344000,12
40,82,3.037000,12
40,83,2.352000,12
40,84,0.598000,12
40,85,4.207000,12
40,86,3.425000,12
40,87,3.220000,12
40,88,3.301000,12
40,89,2.645000,14
40,90,1.789000,18
40,91,4.243000,16
40,92,3.664000,14
40,93,2.967000,10
40,94,3.391000,13
40,95,1.684000,6
40,96,1.227000,6
41,1,3.372000,14
41,2,3.162000,11
41,3,3.006000,10
41,4,2.682000,10
41,5,2.337000,10
41,6,2.234000,10
41,7,2.656000,10
41,8,2.767000,10
41,9,3.369000,10
41,10,2.819000,10
41,11,2.371000,10
41,12,1.291000,10
41,13,2.763000,10
41,14,2.670000,11
41,15,2.807000,11
41,16,3.452000,11
41,17,2.533000,11
41,18,2.083000,11
41,19,1.802000,6
41,20,2.463000,10
41,21,1.540000,4
41,22,1.621000,4
41,23,3.024000,10
41,24,2.378000,10
41,25,1.175000,4
41,26,2.783000,11
41,27,1.436000,4
41,28,1.545000,4
41,29,3.295000,10
41,30,1.490000,4
41,31,3.137000,10
41,32,3.109000,10
41,33,3.057000,11
41,34,2.484000,10
41,35,2.694000,11
41,36,2.155000,11
41,37,2.942000,11
41,38,3.095000,11
41,39,1.777000,6
41,40,2.655000,11
41,41,2.810000,11
41,42,2.359000,11
41,43,2.950000,11
41,44,2.469000,11
41,45,2.786000,11
41,46,3.307000,11
41,47,2.638000,11
41,48,2.263000,11
41,49,2.946000,11
41,50,2.469000,11
41,51,2.848000,11
41,52,2.887000,11
41,53,2.528000,11
41,54,2.499000,11
41,55,3.131000,11
41,56,2.788000,11
41,57,2.665000,11
41,58,3.371000,11
41,59,2.727000,11
41,60,1.974000,11
41,61,2.429000,9
41,62,2.612000,11
41,63,2.440000,9
41,64,2.420000,9
41,65,2.386000,9
41,66,2.425000,9
41,67,2.672000,9
41,68,3.319000,9
41,69,2.547000,10
41,70,2.786000,10
41,71,2.354000,10
41,72,2.597000,10
41,73,2.484000,9
41,74,2.735000,10
41,75,2.549000,9
41,76,3.072000,10
41,77,2.595000,10
41,78,2.138000,10
41,79,2.771000,11
41,80,3.161000,11
41,81,2.357000,10
41,82,2.463000,10
41,83,2.557000,9
41,84,2.569000,11
41,85,2.954000,11
41,86,2.845000,9
41,87,2.826000,9
41,88,2.622000,9
41,89,3.288000,15
41,90,1.849000,13
41,91,3.368000,14
41,92,3.487000,15
41,93,2.262000,10
41,94,3.595000,15
41,95,2.043000,7
41,96,1.560000,6
42,1,3.760000,14
42,2,3.544000,12
42,3,2.815000,10
42,4,3.238000,10
42,5,2.657000,10
42,6,1.992000,10
42,7,2.975000,10
42,8,2.981000,10
42,9,3.217000,11
42,10,3.268000,11
42,11,2.679000,11
42,12,2.221000,11
42,13,2.862000,11
42,14,3.183000,11
42,15,3.084000,11
42,16,3.473000,11
42,17,2.578000,11
42,18,2.116000,11
42,19,1.747000,6
42,20,2.711000,10
42,21,1.823000,4
42,22,1.908000,4
42,23,2.771000,10
42,24,2.779000,10
42,25,1.175000,4
42,26,3.058000,11
42,27,2.093000,4
42,28,1.353000,4
42,29,3.013000,10
42,30,2.050000,4
42,31,3.327000,11
42,32,3.481000,11
42,33,2.837000,10
42,34,3.250000,11
42,35,3.008000,11
42,36,2.111000,11
42,37,3.080000,11
42,38,3.307000,11
42,39,2.093000,6
42,40,3.256000,11
42,41,2.910000,11
42,42,2.234000,11
42,43,3.751000,11
42,44,3.160000,11
42,45,3.180000,11
42,46,3.270000,11
42,47,2.657000,11
42,48,2.026000,11
42,49,3.073000,11
42,50,3.381000,11
42,51,3.456000,11
42,52,2.969000,11
42,53,2.951000,11
42,54,2.057000,11
42,55,3.056000,11
42,56,3.306000,11
42,57,3.136000,11
42,58,3.124000,11
42,59,2.690000,11
42,60,2.146000,11
42,61,3.323000,10
42,62,3.080000,10
42,63,3.202000,11
42,64,2.489000,11
42,65,2.611000,11
42,66,0.449000,11
42,67,2.955000,11
42,68,2.834000,10
42,69,2.716000,10
42,70,2.758000,10
42,71,2.996000,10
42,72,2.500000,10
42,73,2.784000,9
42,74,3.260000,10
42,75,2.351000,9
42,76,3.536000,10
42,77,3.094000,10
42,78,1.932000,10
42,79,2.912000,10
42,80,3.392000,10
42,81,3.459000,10
42,82,3.038000,10
42,83,2.902000,11
42,84,1.861000,10
42,85,2.963000,11
42,86,3.090000,11
42,87,3.415000,11
42,88,3.104000,11
42,89,3.338000,15
42,90,2.255000,14
42,91,3.798000,14
42,92,3.556000,14
42,93,2.672000,10
42,94,3.699000,16
42,95,1.842000,7
42,96,1.717000,6
43,1,2.990000,15
43,2,3.940000,13
43,3,2.998000,10
43,4,2.753000,10
43,5,2.274000,10
43,6,1.814000,10
43,7,2.836000,10
43,8,2.453000,10
43,9,2.621000,10
43,10,2.651000,11
43,11,2.398000,11
43,12,2.163000,11
43,13,3.287000,10
43,14,2.904000,11
43,15,3.293000,11
43,16,2.771000,11
43,17,2.432000,11
43,18,2.023000,11
43,19,1.735000,6
43,20,2.456000,11
43,21,1.503000,4
43,22,1.466000,4
43,23,2.361000,10
43,24,2.245000,10
43,25,1.749000,5
43,26,2.853000,11
43,27,1.039000,4
43,28,1.945000,4
43,29,2.596000,11
43,30,1.799000,4
43,31,2.841000,11
43,32,2.952000,11
43,33,2.589000,11
43,34,3.233000,11
43,35,2.552000,11
43,36,2.182000,11
43,37,3.067000,11
43,38,2.840000,11
43,39,2.088000,6
43,40,2.929000,11
43,41,2.020000,11
43,42,2.362000,11
43,43,2.371000,11
43,44,2.759000,11
43,45,2.473000,11
43,46,2.913000,11
43,47,2.372000,11
43,48,2.561000,11
43,49,2.679000,11
43,50,3.143000,11
43,51,2.886000,11
43,52,2.915000,11
43,53,2.685000,11
43,54,2.248000,11
43,55,2.197000,11
43,56,2.296000,11
43,57,2.720000,11
43,58,2.488000,11
43,59,3.108000,11
43,60,2.704000,11
43,61,2.696000,11
43,62,2.953000,11
43,63,2.582000,10
43,64,3.172000,10
43,65,2.881000,10
43,66,1.606000,10
43,67,2.838000,10
43,68,2.997000,10
43,69,2.820000,10
43,70,2.943000,10
43,71,2.420000,10
43,72,2.435000,10
43,73,2.703000,10
43,74,2.971000,10
43,75,2.823000,10
43,76,2.760000,10
43,77,2.125000,10
43,78,1.498000,10
43,79,2.968000,10
43,80,2.951000,10
43,81,2.581000,10
43,82,2.410000,10
43,83,2.579000,11
43,84,2.494000,10
43,85,2.841000,11
43,86,1.969000,9
43,87,2.358000,9
43,88,2.873000,9
43,89,2.931000,15
43,90,2.469000,14
43,91,3.285000,14
43,92,3.845000,16
43,93,2.806000,11
43,94,3.630000,16
43,95,1.812000,7
43,96,1.444000,6
44,1,2.871000,11
44,2,3.801000,14
44,3,2.468000,10
44,4,2.506000,10
44,5,2.150000,10
44,6,2.211000,10
44,7,2.600000,10
44,8,2.104000,10
44,9,2.729000,11
44,10,3.008000,11
44,11,2.699000,11
44,12,2.440000,11
44,13,4.192000,11
44,14,2.667000,10
44,15,2.853000,11
44,16,2.683000,11
44,17,2.535000,11
44,18,0.653000,11
44,19,1.933000,6
44,20,2.568000,10
44,21,1.410000,4
44,22,1.168000,4
44,23,2.615000,11
44,24,2.266000,10
44,25,1.146000,4
44,26,2.936000,10
44,27,1.464000,4
44,28,1.373000,4
44,29,3.120000,11
44,30,1.567000,4
44,31,2.924000,11
44,32,2.659000,11
44,33,2.346000,10
44,34,3.017000,11
44,35,2.245000,11
44,36,2.727000,11
44,37,2.632000,11
44,38,2.539000,11
44,39,2.109000,6
44,40,2.480000,11
44,41,2.554000,11
44,42,2.616000,11
44,43,2.586000,11
44,44,2.570000,11
44,45,2.841000,11
44,46,2.751000,11
44,47,2.922000,11
44,48,2.217000,11
44,49,2.333000,11
44,50,3.731000,11
44,51,2.692000,11
44,52,2.663000,11
44,53,2.445000,11
44,54,1.797000,11
44,55,2.886000,11
44,56,2.481000,11
44,57,2.528000,11
44,58,2.679000,11
44,59,2.412000,11
44,60,2.583000,11
44,61,3.110000,11
44,62,2.684000,10
44,63,2.823000,11
44,64,2.502000,11
44,65,2.324000,11
44,66,2.540000,10
44,67,2.913000,10
44,68,3.030000,10
44,69,2.855000,10
44,70,2.854000,10
44,71,2.250000,10
44,72,0.733000,10
44,73,2.836000,11
44,74,2.529000,10
44,75,2.745000,10
44,76,2.841000,10
44,77,2.411000,10
44,78,2.440000,10
44,79,2.613000,10
44,80,2.766000,10
44,81,2.936000,10
44,82,2.598000,10
44,83,2.527000,11
44,84,2.469000,10
44,85,3.021000,11
44,86,2.657000,11
44,87,2.917000,11
44,88,3.459000,14
44,89,2.809000,15
44,90,1.483000,14
44,91,3.489000,15
44,92,3.080000,14
44,93,2.448000,11
44,94,3.509000,16
44,95,1.969000,7
44,96,1.675000,6
45,1,3.126000,13
45,2,5.246000,15
45,3,3.411000,13
45,4,2.436000,10
45,5,1.920000,10
45,6,0.377000,10
45,7,2.361000,10
45,8,2.011000,10
45,9,2.762000,11
45,10,2.838000,11
45,11,2.376000,11
45,12,1.710000,11
45,13,2.489000,11
45,14,2.719000,11
45,15,2.705000,11
45,16,2.303000,11
45,17,2.446000,11
45,18,2.427000,11
45,19,2.173000,6
45,20,2.595000,11
45,21,1.405000,4
45,22,1.558000,4
45,23,2.422000,11
45,24,2.238000,10
45,25,1.269000,4
45,26,2.556000,11
45,27,1.249000,4
45,28,1.006000,4
45,29,2.667000,11
45,30,1.338000,4
45,31,2.453000,11
45,32,2.889000,11
45,33,2.436000,11
45,34,2.776000,11
45,35,2.524000,11
45,36,2.335000,11
45,37,2.771000,11
45,38,2.875000,11
45,39,1.775000,6
45,40,2.741000,11
45,41,2.546000,11
45,42,2.319000,11
45,43,2.543000,11
45,44,2.891000,11
45,45,2.342000,11
45,46,2.975000,11
45,47,2.838000,11
45,48,2.097000,11
45,49,2.976000,11
45,50,2.411000,11
45,51,2.356000,11
45,52,2.973000,11
45,53,2.664000,11
45,54,2.209000,11
45,55,2.976000,11
45,56,2.529000,11
45,57,2.443000,11
45,58,2.867000,11
45,59,2.408000,11
45,60,2.164000,11
45,61,2.973000,11
45,62,2.706000,11
45,63,3.003000,10
45,64,2.920000,10
45,65,2.633000,10
45,66,2.002000,10
45,67,2.973000,10
45,68,2.690000,10
45,69,2.874000,10
45,70,2.616000,10
45,71,2.761000,10
45,72,1.874000,10
45,73,2.974000,11
45,74,3.296000,10
45,75,2.969000,11
45,76,2.734000,10
45,77,2.558000,10
45,78,1.390000,10
45,79,2.717000,10
45,80,2.947000,10
45,81,2.476000,10
45,82,3.016000,10
45,83,2.464000,11
45,84,2.032000,10
45,85,2.979000,11
45,86,2.541000,9
45,87,2.103000,9
45,88,3.723000,14
45,89,2.729000,14
45,90,2.110000,15
45,91,3.382000,13
45,92,3.705000,16
45,93,2.075000,11
45,94,3.702000,16
45,95,1.702000,7
45,96,1.383000,6
46,1,3.207000,13
46,2,2.829000,13
46,3,3.524000,15
46,4,2.622000,11
46,5,2.502000,11
46,6,1.661000,11
46,7,3.046000,11
46,8,2.783000,11
46,9,2.953000,11
46,10,2.954000,11
46,11,2.600000,11
46,12,1.885000,11
46,13,3.046000,11
46,14,2.785000,11
46,15,3.136000,11
46,16,2.764000,11
46,17,2.918000,11
46,18,1.693000,11
46,19,1.815000,7
46,20,2.836000,11
46,21,1.703000,5
46,22,1.326000,4
46,23,3.016000,11
46,24,2.462000,11
46,25,1.299000,4
46,26,2.883000,11
46,27,1.667000,4
46,28,1.294000,4
46,29,2.506000,11
46,30,1.277000,4
46,31,2.646000,11
46,32,2.820000,11
46,33,2.508000,11
46,34,2.556000,11
46,35,3.223000,11
46,36,2.255000,11
46,37,3.046000,11
46,38,2.783000,11
46,39,2.755000,10
46,40,2.898000,11
46,41,2.775000,11
46,42,2.053000,11
46,43,2.726000,10
46,44,2.516000,11
46,45,2.572000,11
46,46,2.684000,11
46,47,3.154000,11
46,48,2.312000,11
46,49,2.826000,11
46,50,3.028000,11
46,51,2.689000,11
46,52,2.923000,11
46,53,2.918000,11
46,54,1.900000,11
46,55,2.893000,11
46,56,2.585000,11
46,57,2.447000,9
46,58,2.155000,9
46,59,2.758000,9
46,60,2.313000,9
46,61,2.342000,9
46,62,2.154000,9
46,63,2.524000,9
46,64,2.637000,11
46,65,2.406000,11
46,66,2.614000,10
46,67,2.679000,10
46,68,2.414000,10
46,69,3.026000,10
46,70,2.397000,10
46,71,2.725000,10
46,72,1.311000,6
46,73,2.700000,11
46,74,2.468000,10
46,75,1.902000,6
46,76,2.984000,10
46,77,2.396000,10
46,78,3.026000,10
46,79,3.046000,10
46,80,2.784000,9
46,81,2.352000,9
46,82,1.879000,6
46,83,1.705000,9
46,84,2.457000,9
46,85,2.806000,9
46,86,2.419000,9
46,87,2.284000,9
46,88,4.459000,16
46,89,2.742000,14
46,90,1.672000,14
46,91,3.294000,14
46,92,3.490000,15
46,93,2.751000,12
46,94,3.364000,16
46,95,2.013000,7
46,96,1.223000,5
47,1,3.350000,13
47,2,3.314000,14
47,3,2.982000,12
47,4,3.294000,11
47,5,1.839000,11
47,6,1.357000,11
47,7,3.143000,11
47,8,2.681000,11
47,9,2.791000,10
47,10,3.053000,11
47,11,2.788000,11
47,12,1.655000,11
47,13,2.873000,11
47,14,2.808000,11
47,15,3.246000,11
47,16,3.228000,11
47,17,2.008000,11
47,18,1.394000,11
47,19,1.722000,6
47,20,3.282000,11
47,21,1.531000,4
47,22,1.262000,4
47,23,2.572000,11
47,24,2.675000,11
47,25,1.099000,4
47,26,3.101000,11
47,27,1.756000,6
47,28,1.570000,5
47,29,2.581000,11
47,30,1.782000,4
47,31,2.690000,11
47,32,2.664000,11
47,33,2.730000,11
47,34,2.581000,11
47,35,2.739000,11
47,36,1.741000,11
47,37,3.143000,11
47,38,2.516000,11
47,39,2.265000,10
47,40,3.100000,11
47,41,2.778000,11
47,42,1.771000,11
47,43,2.809000,10
47,44,3.334000,11
47,45,2.841000,11
47,46,2.522000,11
47,47,2.515000,11
47,48,1.598000,11
47,49,2.566000,11
47,50,2.914000,11
47,51,2.840000,11
47,52,3.120000,11
47,53,2.340000,11
47,54,1.656000,11
47,55,3.431000,11
47,56,2.328000,9
47,57,2.391000,9
47,58,2.603000,9
47,59,2.139000,9
47,60,1.262000,9
47,61,1.909000,9
47,62,2.583000,10
47,63,2.495000,11
47,64,2.676000,11
47,65,3.087000,10
47,66,2.009000,11
47,67,1.496000,6
47,68,1.865000,6
47,69,2.366000,6
47,70,1.866000,6
47,71,1.932000,6
47,72,1.965000,6
47,73,2.650000,10
47,74,1.608000,6
47,75,3.141000,11
47,76,1.971000,6
47,77,2.568000,6
47,78,1.796000,6
47,79,2.072000,6
47,80,2.741000,10
47,81,1.984000,6
47,82,1.865000,6
47,83,2.724000,9
47,84,2.611000,9
47,85,2.174000,9
47,86,2.775000,9
47,87,2.238000,9
47,88,3.298000,13
47,89,3.632000,17
47,90,1.760000,13
47,91,3.124000,13
47,92,4.392000,18
47,93,2.295000,9
47,94,3.845000,16
47,95,1.311000,7
47,96,0.201000,5
48,1,2.673000,14
48,2,3.478000,14
48,3,3.175000,13
48,4,2.400000,12
48,5,2.806000,10
48,6,1.071000,10
48,7,2.379000,10
48,8,2.428000,11
48,9,2.415000,11
48,10,2.678000,10
48,11,2.780000,11
48,12,2.264000,10
48,13,2.365000,11
48,14,2.527000,11
48,15,2.433000,11
48,16,2.570000,11
48,17,2.413000,11
48,18,2.437000,11
48,19,1.716000,6
48,20,2.696000,11
48,21,1.345000,4
48,22,1.540000,4
48,23,2.965000,11
48,24,2.557000,10
48,25,1.151000,4
48,26,2.758000,11
48,27,1.563000,4
48,28,1.709000,4
48,29,2.472000,11
48,30,1.749000,6
48,31,2.905000,11
48,32,2.811000,11
48,33,2.795000,11
48,34,2.759000,11
48,35,2.538000,11
48,36,1.964000,11
48,37,2.983000,11
48,38,2.407000,11
48,39,2.538000,9
48,40,2.618000,11
48,41,1.917000,11
48,42,2.415000,13
48,43,2.482000,12
48,44,2.550000,11
48,45,2.543000,11
48,46,2.694000,11
48,47,2.526000,11
48,48,2.832000,11
48,49,2.744000,11
48,50,2.827000,11
48,51,2.667000,11
48,52,2.610000,10
48,53,2.789000,10
48,54,1.869000,11
48,55,2.907000,11
48,56,2.263000,9
48,57,2.400000,9
48,58,2.170000,9
48,59,2.270000,9
48,60,2.501000,9
48,61,3.145000,11
48,62,2.412000,11
48,63,2.649000,10
48,64,2.586000,9
48,65,2.588000,11
48,66,1.987000,10
48,67,1.685000,6
48,68,2.006000,6
48,69,1.661000,6
48,70,1.701000,6
48,71,1.751000,6
48,72,2.390000,10
48,73,2.732000,10
48,74,2.229000,6
48,75,2.875000,12
48,76,1.941000,6
48,77,1.757000,6
48,78,1.939000,6
48,79,1.692000,6
48,80,2.310000,11
48,81,1.512000,6
48,82,1.422000,6
48,83,2.233000,10
48,84,1.992000,9
48,85,1.769000,9
48,86,2.083000,9
48,87,2.090000,9
48,88,3.179000,15
48,89,4.008000,19
48,90,2.323000,13
48,91,3.201000,13
48,92,3.475000,17
48,93,2.250000,7
48,94,3.210000,15
48,95,2.050000,8
48,96,1.503000,5
49,1,3.328000,12
49,2,3.077000,13
49,3,3.639000,15
49,4,3.584000,15
49,5,2.058000,12
49,6,0.282000,12
49,7,2.788000,12
49,8,2.836000,11
49,9,2.368000,11
49,10,2.679000,12
49,11,2.657000,11
49,12,2.480000,11
49,13,2.781000,11
49,14,3.199000,11
49,15,2.565000,11
49,16,2.788000,11
49,17,2.568000,11
49,18,1.958000,11
49,19,1.756000,6
49,20,3.395000,11
49,21,1.253000,4
49,22,1.720000,4
49,23,2.728000,11
49,24,2.618000,11
49,25,1.346000,4
49,26,2.845000,11
49,27,1.461000,4
49,28,1.723000,4
49,29,2.356000,11
49,30,1.484000,5
49,31,2.788000,11
49,32,2.990000,11
49,33,2.790000,11
49,34,2.886000,11
49,35,2.720000,11
49,36,1.834000,11
49,37,2.124000,12
49,38,2.501000,12
49,39,2.345000,9
49,40,3.512000,13
49,41,2.938000,13
49,42,2.334000,13
49,43,3.119000,13
49,44,3.553000,14
49,45,3.442000,14
49,46,2.328000,11
49,47,2.315000,11
49,48,1.157000,11
49,49,2.345000,11
49,50,2.337000,11
49,51,3.371000,13
49,52,3.048000,14
49,53,2.667000,13
49,54,1.722000,13
49,55,3.319000,11
49,56,3.125000,12
49,57,2.667000,10
49,58,2.598000,11
49,59,2.462000,9
49,60,1.434000,9
49,61,2.522000,10
49,62,2.616000,10
49,63,2.761000,11
49,64,2.697000,11
49,65,2.351000,9
49,66,1.726000,6
49,67,2.067000,6
49,68,1.620000,6
49,69,2.025000,6
49,70,1.915000,6
49,71,2.615000,10
49,72,2.547000,10
49,73,2.781000,10
49,74,2.591000,11
49,75,3.189000,11
49,76,1.878000,6
49,77,1.865000,6
49,78,1.765000,6
49,79,2.609000,9
49,80,2.852000,12
49,81,2.645000,10
49,82,1.812000,6
49,83,2.170000,9
49,84,2.109000,8
49,85,2.779000,9
49,86,2.128000,9
49,87,2.378000,10
49,88,3.653000,14
49,89,3.138000,17
49,90,0.688000,13
49,91,3.098000,13
49,92,3.979000,17
49,93,2.381000,7
49,94,3.525000,15
49,95,1.289000,5
49,96,1.505000,5
50,1,3.773000,15
50,2,3.780000,14
50,3,3.247000,15
50,4,3.399000,15
50,5,2.999000,13
50,6,0.716000,11
50,7,2.865000,13
50,8,2.474000,13
50,9,3.161000,12
50,10,3.245000,12
50,11,3.064000,12
50,12,2.010000,12
50,13,2.909000,11
50,14,2.108000,10
50,15,3.159000,11
50,16,2.766000,11
50,17,2.759000,11
50,18,2.373000,11
50,19,2.133000,6
50,20,2.317000,11
50,21,2.170000,6
50,22,1.556000,4
50,23,2.692000,12
50,24,3.048000,11
50,25,1.494000,4
50,26,2.473000,11
50,27,1.916000,4
50,28,1.449000,4
50,29,2.784000,12
50,30,1.570000,5
50,31,2.755000,12
50,32,2.865000,12
50,33,2.909000,11
50,34,3.161000,12
50,35,2.740000,11
50,36,2.628000,13
50,37,2.797000,12
50,38,3.209000,14
50,39,3.036000,13
50,40,3.207000,14
50,41,2.944000,14
50,42,2.311000,14
50,43,2.675000,11
50,44,3.305000,13
50,45,3.498000,12
50,46,3.421000,12
50,47,2.677000,12
50,48,1.946000,12
50,49,3.206000,12
50,50,3.466000,13
50,51,2.942000,12
50,52,2.908000,12
50,53,2.826000,12
50,54,0.813000,11
50,55,3.208000,13
50,56,4.341000,19
50,57,3.603000,17
50,58,2.696000,12
50,59,2.669000,11
50,60,1.254000,11
50,61,2.769000,11
50,62,2.671000,11
50,63,3.037000,10
50,64,2.477000,10
50,65,2.625000,10
50,66,2.246000,10
50,67,3.044000,12
50,68,3.495000,11
50,69,2.766000,10
50,70,3.119000,10
50,71,2.566000,10
50,72,1.856000,10
50,73,3.013000,10
50,74,2.565000,11
50,75,3.654000,11
50,76,2.975000,11
50,77,3.455000,14
50,78,2.110000,13
50,79,2.062000,9
50,80,3.198000,12
50,81,2.804000,11
50,82,4.933000,10
50,83,2.303000,10
50,84,1.963000,10
50,85,2.627000,10
50,86,2.715000,11
50,87,3.057000,12
50,88,2.920000,14
50,89,2.473000,13
50,90,2.714000,13
50,91,3.206000,14
50,92,3.855000,17
50,93,1.682000,6
50,94,3.542000,15
50,95,1.545000,5
50,96,1.655000,5
51,1,2.934000,13
51,2,3.526000,14
51,3,3.394000,15
51,4,3.539000,15
51,5,2.731000,14
51,6,1.878000,14
51,7,3.347000,13
51,8,3.157000,12
51,9,3.146000,13
51,10,3.029000,14
51,11,3.028000,15
51,12,2.021000,14
51,13,3.848000,15
51,14,3.079000,13
51,15,3.514000,12
51,16,2.242000,11
51,17,1.833000,11
51,18,1.243000,13
51,19,1.132000,5
51,20,2.631000,12
51,21,1.528000,5
51,22,1.743000,7
51,23,3.195000,12
51,24,3.556000,13
51,25,1.322000,4
51,26,2.331000,12
51,27,1.919000,6
51,28,1.727000,6
51,29,2.475000,12
51,30,2.337000,7
51,31,2.686000,13
51,32,2.821000,12
51,33,2.441000,12
51,34,3.092000,12
51,35,2.774000,13
51,36,2.208000,13
51,37,3.307000,15
51,38,3.629000,14
51,39,3.242000,14
51,40,2.963000,13
51,41,2.574000,13
51,42,1.973000,12
51,43,3.085000,12
51,44,3.220000,12
51,45,3.139000,13
51,46,2.949000,13
51,47,2.423000,13
51,48,2.582000,13
51,49,3.090000,13
51,50,2.977000,11
51,51,3.077000,13
51,52,2.793000,11
51,53,2.738000,11
51,54,2.151000,12
51,55,2.350000,10
51,56,2.729000,12
51,57,2.961000,13
51,58,3.192000,13
51,59,3.055000,13
51,60,2.347000,13
51,61,2.616000,11
51,62,3.126000,10
51,63,2.739000,11
51,64,2.409000,11
51,65,2.393000,10
51,66,2.599000,11
51,67,3.083000,11
51,68,3.451000,11
51,69,3.112000,11
51,70,2.778000,10
51,71,2.532000,10
51,72,2.846000,12
51,73,2.614000,10
51,74,3.151000,10
51,75,3.100000,12
51,76,3.288000,11
51,77,2.403000,11
51,78,2.526000,11
51,79,3.085000,9
51,80,3.346000,12
51,81,2.771000,11
51,82,3.026000,12
51,83,2.609000,12
51,84,3.044000,16
51,85,2.790000,10
51,86,2.550000,11
51,87,3.593000,14
51,88,3.033000,13
51,89,3.025000,14
51,90,1.785000,7
51,91,2.878000,12
51,92,2.071000,7
51,93,1.930000,6
51,94,2.320000,7
51,95,1.463000,5
51,96,1.514000,5
52,1,3.083000,13
52,2,2.334000,12
52,3,3.451000,14
52,4,3.222000,16
52,5,2.866000,14
52,6,2.313000,11
52,7,2.599000,12
52,8,3.013000,14
52,9,3.049000,14
52,10,3.030000,13
52,11,2.653000,13
52,12,2.716000,13
52,13,3.768000,15
52,14,3.255000,14
52,15,3.620000,15
52,16,2.777000,13
52,17,2.543000,12
52,18,2.056000,12
52,19,4.002000,19
52,20,2.872000,12
52,21,1.504000,6
52,22,1.780000,5
52,23,2.684000,12
52,24,2.225000,12
52,25,1.527000,6
52,26,3.324000,12
52,27,2.035000,5
52,28,1.851000,5
52,29,2.740000,13
52,30,1.421000,5
52,31,2.981000,12
52,32,2.725000,13
52,33,2.962000,13
52,34,4.106000,14
52,35,2.953000,15
52,36,2.315000,14
52,37,3.416000,14
52,38,3.176000,14
52,39,2.298000,12
52,40,2.727000,13
52,41,3.155000,13
52,42,2.568000,13
52,43,3.125000,12
52,44,2.172000,12
52,45,2.901000,13
52,46,2.773000,14
52,47,2.529000,12
52,48,2.359000,14
52,49,3.443000,13
52,50,3.320000,12
52,51,2.802000,11
52,52,2.748000,11
52,53,2.606000,11
52,54,2.153000,10
52,55,3.438000,14
52,56,3.989000,14
52,57,3.191000,14
52,58,3.114000,15
52,59,3.256000,17
52,60,1.419000,13
52,61,4.296000,17
52,62,3.224000,16
52,63,3.519000,14
52,64,3.018000,15
52,65,2.667000,13
52,66,1.976000,12
52,67,3.591000,12
52,68,3.304000,12
52,69,3.017000,11
52,70,3.595000,12
52,71,2.844000,11
52,72,1.489000,11
52,73,3.591000,11
52,74,2.904000,12
52,75,3.186000,12
52,76,3.130000,12
52,77,2.714000,12
52,78,2.519000,12
52,79,3.077000,13
52,80,3.626000,13
52,81,2.964000,14
52,82,3.435000,13
52,83,3.363000,17
52,84,2.159000,16
52,85,3.188000,14
52,86,2.627000,11
52,87,3.752000,13
52,88,2.432000,12
52,89,2.492000,12
52,90,1.547000,7
52,91,2.199000,7
52,92,1.887000,7
52,93,1.691000,6
52,94,2.025000,7
52,95,2.104000,7
52,96,1.478000,5
53,1,3.676000,15
53,2,3.061000,12
53,3,3.638000,15
53,4,3.607000,14
53,5,2.917000,15
53,6,1.814000,13
53,7,3.136000,13
53,8,2.883000,13
53,9,2.853000,13
53,10,3.161000,14
53,11,3.271000,14
53,12,2.849000,15
53,13,3.671000,16
53,14,2.812000,13
53,15,3.704000,15
53,16,3.815000,14
53,17,2.726000,13
53,18,1.524000,13
53,19,2.985000,11
53,20,3.651000,14
53,21,1.943000,6
53,22,2.504000,5
53,23,2.436000,12
53,24,2.861000,12
53,25,1.470000,5
53,26,2.985000,12
53,27,1.922000,5
53,28,1.992000,6
53,29,3.026000,13
53,30,1.750000,5
53,31,3.136000,13
53,32,3.101000,14
53,33,3.396000,13
53,34,3.125000,14
53,35,2.732000,16
53,36,2.797000,15
53,37,2.983000,14
53,38,3.183000,14
53,39,3.264000,14
53,40,4.091000,16
53,41,2.726000,13
53,42,2.020000,13
53,43,2.823000,12
53,44,2.514000,13
53,45,3.127000,14
53,46,2.855000,11
53,47,2.073000,11
53,48,1.736000,10
53,49,2.556000,9
53,50,2.561000,12
53,51,2.383000,9
53,52,2.538000,9
53,53,2.838000,9
53,54,2.141000,11
53,55,2.983000,13
53,56,2.490000,11
53,57,3.183000,13
53,58,4.528000,19
53,59,4.792000,22
53,60,0.830000,13
53,61,3.350000,14
53,62,2.874000,12
53,63,3.636000,14
53,64,3.150000,13
53,65,2.604000,13
53,66,2.419000,12
53,67,3.446000,13
53,68,3.537000,13
53,69,3.380000,11
53,70,3.495000,12
53,71,2.758000,12
53,72,2.028000,11
53,73,2.979000,12
53,74,3.023000,11
53,75,2.888000,12
53,76,3.104000,12
53,77,2.777000,13
53,78,2.877000,12
53,79,3.128000,13
53,80,2.910000,13
53,81,3.206000,14
53,82,3.875000,16
53,83,2.629000,14
53,84,2.905000,19
53,85,4.006000,16
53,86,2.749000,13
53,87,3.523000,16
53,88,2.920000,12
53,89,2.338000,9
53,90,1.863000,7
53,91,2.043000,8
53,92,1.684000,7
53,93,2.018000,6
53,94,2.089000,7
53,95,1.532000,5
53,96,1.700000,5
54,1,3.470000,13
54,2,2.948000,12
54,3,2.761000,12
54,4,3.267000,15
54,5,3.227000,14
54,6,2.426000,12
54,7,2.945000,13
54,8,3.173000,13
54,9,3.315000,13
54,10,2.908000,13
54,11,2.651000,13
54,12,2.512000,16
54,13,2.713000,13
54,14,2.961000,15
54,15,3.427000,14
54,16,3.089000,14
54,17,3.127000,14
54,18,2.430000,13
54,19,2.934000,12
54,20,2.742000,13
54,21,1.690000,5
54,22,2.088000,5
54,23,2.977000,16
54,24,2.597000,12
54,25,1.646000,5
54,26,3.210000,13
54,27,1.433000,5
54,28,1.773000,5
54,29,2.937000,13
54,30,1.902000,6
54,31,2.644000,13
54,32,3.291000,14
54,33,3.347000,14
54,34,3.099000,13
54,35,3.609000,16
54,36,2.190000,16
54,37,4.324000,15
54,38,3.236000,13
54,39,2.560000,13
54,40,2.597000,14
54,41,2.859000,12
54,42,1.277000,13
54,43,3.127000,13
54,44,2.485000,11
54,45,2.887000,11
54,46,2.637000,10
54,47,1.961000,8
54,48,1.868000,7
54,49,1.941000,7
54,50,2.072000,10
54,51,1.728000,8
54,52,2.296000,9
54,53,2.473000,11
54,54,2.440000,10
54,55,2.776000,10
54,56,3.941000,18
54,57,4.694000,18
54,58,3.719000,19
54,59,2.503000,14
54,60,0.766000,13
54,61,3.225000,14
54,62,2.884000,14
54,63,4.031000,16
54,64,2.634000,13
54,65,2.586000,13
54,66,2.599000,13
54,67,3.538000,14
54,68,4.196000,14
54,69,2.886000,12
54,70,2.871000,11
54,71,2.794000,11
54,72,1.787000,11
54,73,3.302000,11
54,74,2.954000,11
54,75,3.340000,12
54,76,2.975000,13
54,77,2.634000,13
54,78,2.642000,14
54,79,3.477000,13
54,80,3.133000,13
54,81,2.957000,11
54,82,3.496000,14
54,83,2.900000,14
54,84,2.003000,14
54,85,3.670000,15
54,86,3.484000,16
54,87,3.909000,17
54,88,3.544000,17
54,89,1.882000,9
54,90,1.103000,7
54,91,2.151000,7
54,92,2.104000,7
54,93,1.864000,6
54,94,1.762000,7
54,95,1.840000,6
54,96,1.421000,5
55,1,3.614000,13
55,2,2.789000,11
55,3,4.324000,11
55,4,4.766000,13
55,5,3.629000,15
55,6,3.612000,14
55,7,4.778000,18
55,8,5.003000,11
55,9,4.812000,14
55,10,3.640000,14
55,11,3.627000,14
55,12,2.544000,15
55,13,3.171000,14
55,14,3.328000,14
55,15,5.532000,13
55,16,4.231000,15
55,17,3.298000,13
55,18,3.297000,14
55,19,3.102000,12
55,20,3.154000,15
55,21,4.027000,6
55,22,2.769000,6
55,23,4.171000,16
55,24,3.199000,13
55,25,1.823000,5
55,26,3.017000,13
55,27,8.063000,27
55,28,1.848000,4
55,29,3.186000,13
55,30,2.331000,6
55,31,4.264000,20
55,32,5.144000,15
55,33,5.277000,16
55,34,3.107000,14
55,35,4.078000,14
55,36,1.971000,13
55,37,3.322000,14
55,38,3.580000,14
55,39,4.740000,12
55,40,4.661000,15
55,41,2.973000,12
55,42,3.289000,10
55,43,2.430000,10
55,44,2.236000,10
55,45,3.739000,10
55,46,4.521000,10
55,47,2.687000,7
55,48,2.131000,7
55,49,2.223000,7
55,50,1.992000,8
55,51,2.270000,7
55,52,5.327000,15
55,53,3.398000,7
55,54,2.058000,7
55,55,2.359000,10
55,56,5.343000,18
55,57,5.899000,17
55,58,2.880000,9
55,59,3.505000,14
55,60,3.233000,13
55,61,3.040000,13
55,62,5.054000,16
55,63,5.792000,15
55,64,3.208000,14
55,65,3.166000,13
55,66,2.586000,13
55,67,3.407000,13
55,68,4.144000,13
55,69,5.373000,13
55,70,3.815000,12
55,71,3.628000,12
55,72,3.155000,11
55,73,3.024000,12
55,74,3.361000,12
55,75,6.101000,13
55,76,4.247000,13
55,77,3.790000,14
55,78,2.969000,13
55,79,3.281000,14
55,80,5.639000,18
55,81,4.603000,13
55,82,4.193000,15
55,83,3.975000,15
55,84,2.561000,13
55,85,4.184000,17
55,86,5.615000,17
55,87,5.803000,17
55,88,3.771000,15
55,89,3.268000,9
55,90,1.592000,7
55,91,2.367000,8
55,92,2.135000,7
55,93,1.640000,6
55,94,3.665000,7
55,95,2.699000,6
55,96,2.075000,5
56,1,4.346000,13
56,2,3.222000,11
56,3,3.323000,12
56,4,2.814000,8
56,5,3.343000,13
56,6,2.642000,10
56,7,3.144000,10
56,8,2.086000,7
56,9,3.597000,10
56,10,4.422000,12
56,11,4.232000,13
56,12,2.851000,14
56,13,4.346000,14
56,14,3.863000,14
56,15,3.692000,14
56,16,4.515000,15
56,17,3.212000,14
56,18,1.865000,14
56,19,3.913000,13
56,20,3.290000,14
56,21,6.844000,29
56,22,2.322000,6
56,23,3.770000,17
56,24,1.741000,14
56,25,6.709000,28
56,26,3.502000,12
56,27,4.587000,14
56,28,2.310000,6
56,29,2.990000,14
56,30,1.945000,27
56,31,4.348000,16
56,32,4.240000,14
56,33,4.357000,15
56,34,4.631000,15
56,35,2.643000,13
56,36,1.450000,14
56,37,3.586000,13
56,38,3.930000,14
56,39,4.036000,13
56,40,3.351000,10
56,41,2.859000,8
56,42,2.515000,10
56,43,3.361000,10
56,44,3.466000,10
56,45,3.602000,10
56,46,3.848000,10
56,47,2.635000,10
56,48,2.483000,10
56,49,3.351000,10
56,50,3.016000,10
56,51,2.285000,7
56,52,3.413000,10
56,53,2.486000,8
56,54,2.321000,8
56,55,2.624000,8
56,56,2.530000,7
56,57,3.325000,12
56,58,3.469000,11
56,59,4.206000,12
56,60,2.686000,12
56,61,3.554000,11
56,62,3.664000,13
56,63,3.626000,13
56,64,3.359000,10
56,65,3.775000,12
56,66,3.021000,15
56,67,4.636000,12
56,68,4.545000,13
56,69,4.360000,14
56,70,3.705000,12
56,71,3.008000,12
56,72,1.636000,12
56,73,4.338000,12
56,74,3.937000,13
56,75,4.173000,14
56,76,3.899000,14
56,77,2.667000,12
56,78,1.875000,14
56,79,4.066000,13
56,80,4.655000,16
56,81,3.704000,14
56,82,4.201000,15
56,83,2.964000,13
56,84,1.727000,13
56,85,3.603000,12
56,86,4.214000,14
56,87,2.723000,9
56,88,4.022000,14
56,89,2.833000,9
56,90,1.891000,7
56,91,3.353000,10
56,92,2.238000,7
56,93,2.187000,6
56,94,2.357000,8
56,95,2.945000,6
56,96,2.083000,5
57,1,3.831000,13
57,2,2.762000,11
57,3,2.979000,12
57,4,3.073000,13
57,5,2.601000,14
57,6,1.244000,7
57,7,2.599000,10
57,8,2.496000,9
57,9,2.279000,10
57,10,2.662000,10
57,11,2.168000,10
57,12,1.812000,10
57,13,3.017000,13
57,14,3.521000,13
57,15,3.369000,13
57,16,3.110000,14
57,17,2.698000,13
57,18,1.829000,13
57,19,3.315000,13
57,20,4.945000,21
57,21,3.012000,13
57,22,1.810000,5
57,23,3.070000,17
57,24,1.481000,13
57,25,3.835000,16
57,26,2.481000,14
57,27,3.507000,14
57,28,4.929000,28
57,29,2.683000,18
57,30,0.640000,17
57,31,3.875000,14
57,32,3.574000,15
57,33,3.943000,16
57,34,3.125000,14
57,35,2.246000,15
57,36,0.582000,13
57,37,2.381000,8
57,38,2.757000,10
57,39,2.569000,12
57,40,2.772000,10
57,41,2.345000,10
57,42,2.275000,10
57,43,3.312000,10
57,44,2.489000,10
57,45,2.535000,10
57,46,2.278000,10
57,47,2.598000,10
57,48,1.760000,10
57,49,3.315000,11
57,50,2.182000,7
57,51,2.043000,7
57,52,2.225000,8
57,53,1.962000,7
57,54,1.738000,7
57,55,1.755000,7
57,56,2.613000,10
57,57,2.214000,7
57,58,1.857000,7
57,59,1.874000,7
57,60,2.617000,12
57,61,3.317000,12
57,62,2.453000,12
57,63,2.397000,11
57,64,2.917000,10
57,65,3.140000,13
57,66,2.489000,15
57,67,3.839000,15
57,68,2.266000,9
57,69,3.237000,11
57,70,2.832000,11
57,71,2.351000,11
57,72,1.900000,11
57,73,3.023000,11
57,74,2.777000,11
57,75,3.224000,12
57,76,2.971000,13
57,77,2.298000,14
57,78,1.939000,13
57,79,4.056000,15
57,80,3.021000,13
57,81,3.735000,15
57,82,3.412000,13
57,83,2.171000,13
57,84,1.305000,9
57,85,2.105000,9
57,86,2.410000,9
57,87,2.389000,9
57,88,2.662000,11
57,89,2.419000,9
57,90,1.776000,7
57,91,2.552000,9
57,92,2.133000,7
57,93,1.461000,6
57,94,2.975000,8
57,95,1.806000,6
57,96,1.690000,5
58,1,3.192000,13
58,2,2.745000,11
58,3,2.655000,11
58,4,3.025000,12
58,5,3.428000,13
58,6,1.644000,7
58,7,2.610000,10
58,8,2.231000,9
58,9,2.809000,10
58,10,2.706000,10
58,11,2.616000,10
58,12,2.347000,10
58,13,2.764000,10
58,14,3.113000,12
58,15,2.927000,13
58,16,4.140000,14
58,17,3.278000,14
58,18,1.629000,18
58,19,3.774000,15
58,20,4.915000,20
58,21,4.067000,19
58,22,1.467000,5
58,23,2.771000,17
58,24,0.557000,13
58,25,4.768000,17
58,26,3.622000,16
58,27,3.151000,14
58,28,3.880000,17
58,29,1.964000,12
58,30,0.559000,14
58,31,3.596000,16
58,32,3.310000,14
58,33,2.938000,12
58,34,2.979000,12
58,35,2.495000,10
58,36,1.418000,8
58,37,1.876000,8
58,38,2.719000,10
58,39,3.318000,12
58,40,2.924000,10
58,41,3.169000,10
58,42,2.360000,10
58,43,2.764000,10
58,44,2.618000,10
58,45,2.743000,10
58,46,2.489000,10
58,47,2.792000,10
58,48,2.876000,10
58,49,2.566000,10
58,50,2.408000,10
58,51,2.330000,7
58,52,2.194000,8
58,53,2.443000,10
58,54,2.675000,10
58,55,3.064000,10
58,56,2.091000,8
58,57,2.855000,10
58,58,2.185000,8
58,59,2.233000,8
58,60,1.884000,7
58,61,1.879000,7
58,62,2.817000,11
58,63,3.128000,13
58,64,3.855000,13
58,65,3.532000,13
58,66,1.986000,13
58,67,3.774000,13
58,68,3.636000,13
58,69,2.977000,11
58,70,2.745000,11
58,71,2.561000,11
58,72,1.598000,11
58,73,3.298000,12
58,74,2.856000,11
58,75,2.680000,8
58,76,2.820000,12
58,77,3.302000,14
58,78,2.596000,17
58,79,2.952000,12
58,80,3.941000,14
58,81,3.307000,14
58,82,1.862000,7
58,83,1.771000,7
58,84,2.155000,10
58,85,2.337000,10
58,86,2.584000,10
58,87,2.791000,9
58,88,3.360000,13
58,89,2.360000,9
58,90,1.609000,7
58,91,2.301000,9
58,92,2.273000,7
58,93,2.026000,6
58,94,2.122000,8
58,95,1.677000,6
58,96,1.579000,5
59,1,3.290000,13
59,2,2.459000,11
59,3,2.588000,11
59,4,3.189000,11
59,5,4.255000,20
59,6,0.901000,7
59,7,2.763000,10
59,8,2.111000,9
59,9,2.900000,10
59,10,2.753000,10
59,11,2.174000,10
59,12,2.502000,10
59,13,2.703000,10
59,14,2.836000,10
59,15,2.942000,13
59,16,3.303000,13
59,17,3.268000,14
59,18,1.911000,14
59,19,3.107000,13
59,20,3.198000,14
59,21,3.239000,11
59,22,1.940000,5
59,23,4.088000,18
59,24,1.717000,13
59,25,4.491000,19
59,26,3.972000,18
59,27,4.572000,18
59,28,3.827000,20
59,29,0.240000,11
59,30,0.207000,13
59,31,3.638000,15
59,32,2.679000,12
59,33,2.743000,11
59,34,2.378000,10
59,35,2.643000,10
59,36,2.298000,11
59,37,2.551000,10
59,38,3.224000,11
59,39,3.255000,12
59,40,2.539000,10
59,41,2.117000,10
59,42,2.246000,10
59,43,2.701000,10
59,44,2.548000,10
59,45,2.359000,10
59,46,2.527000,10
59,47,2.684000,10
59,48,2.884000,11
59,49,2.701000,10
59,50,2.564000,11
59,51,1.579000,7
59,52,2.068000,7
59,53,1.894000,7
59,54,2.161000,8
59,55,2.317000,8
59,56,1.574000,7
59,57,2.358000,8
59,58,1.872000,7
59,59,2.388000,7
59,60,2.555000,10
59,61,2.333000,8
59,62,2.264000,8
59,63,2.886000,11
59,64,3.020000,12
59,65,4.314000,21
59,66,2.198000,12
59,67,2.703000,11
59,68,2.969000,12
59,69,3.169000,13
59,70,3.022000,12
59,71,2.751000,12
59,72,2.150000,14
59,73,2.903000,12
59,74,2.862000,13
59,75,2.137000,9
59,76,3.127000,12
59,77,3.173000,13
59,78,2.750000,16
59,79,3.087000,14
59,80,3.985000,17
59,81,2.105000,7
59,82,2.546000,10
59,83,2.630000,8
59,84,1.978000,9
59,85,2.507000,9
59,86,2.823000,9
59,87,2.746000,10
59,88,2.784000,13
59,89,1.937000,9
59,90,1.515000,7
59,91,2.460000,9
59,92,2.006000,7
59,93,2.048000,6
59,94,2.153000,8
59,95,2.271000,6
59,96,1.450000,5
60,1,3.033000,12
60,2,3.195000,11
60,3,2.474000,11
60,4,2.895000,12
60,5,2.557000,13
60,6,1.829000,7
60,7,2.777000,10
60,8,1.768000,7
60,9,2.673000,10
60,10,2.854000,10
60,11,2.486000,10
60,12,2.040000,10
60,13,2.800000,10
60,14,2.135000,10
60,15,2.847000,10
60,16,3.460000,13
60,17,3.520000,17
60,18,1.691000,13
60,19,3.224000,13
60,20,3.412000,14
60,21,4.778000,19
60,22,1.499000,5
60,23,3.726000,20
60,24,1.613000,14
60,25,4.356000,20
60,26,3.746000,18
60,27,4.682000,21
60,28,4.448000,21
60,29,1.301000,16
60,30,0.381000,17
60,31,3.312000,14
60,32,3.933000,14
60,33,2.953000,13
60,34,3.008000,10
60,35,2.643000,10
60,36,1.490000,8
60,37,2.761000,11
60,38,2.949000,11
60,39,2.723000,12
60,40,3.171000,10
60,41,2.266000,10
60,42,2.338000,10
60,43,3.454000,11
60,44,2.857000,10
60,45,2.646000,10
60,46,2.725000,10
60,47,2.489000,11
60,48,2.421000,10
60,49,2.938000,11
60,50,2.876000,10
60,51,1.962000,7
60,52,2.892000,10
60,53,1.906000,8
60,54,1.969000,7
60,55,2.492000,7
60,56,2.967000,10
60,57,1.972000,7
60,58,2.061000,8
60,59,2.258000,7
60,60,2.127000,7
60,61,2.144000,7
60,62,2.158000,7
60,63,2.107000,8
60,64,3.071000,11
60,65,3.151000,12
60,66,2.982000,14
60,67,4.140000,18
60,68,3.455000,14
60,69,3.685000,12
60,70,2.458000,11
60,71,3.120000,14
60,72,1.373000,15
60,73,3.009000,13
60,74,2.981000,13
60,75,2.389000,11
60,76,2.833000,11
60,77,3.195000,13
60,78,2.944000,16
60,79,4.764000,18
60,80,3.096000,12
60,81,3.522000,13
60,82,2.090000,9
60,83,1.875000,7
60,84,2.042000,10
60,85,2.537000,10
60,86,3.046000,10
60,87,2.272000,10
60,88,3.490000,14
60,89,2.298000,9
60,90,1.928000,7
60,91,2.705000,9
60,92,2.091000,7
60,93,2.175000,6
60,94,1.935000,8
60,95,1.848000,6
60,96,1.857000,5
61,1,2.875000,11
61,2,2.954000,11
61,3,4.357000,9
61,4,3.848000,12
61,5,2.565000,13
61,6,1.895000,10
61,7,3.078000,10
61,8,2.851000,10
61,9,4.271000,10
61,10,4.120000,10
61,11,2.240000,10
61,12,1.564000,10
61,13,2.611000,10
61,14,2.626000,8
61,15,4.031000,10
61,16,5.188000,12
61,17,2.574000,13
61,18,2.020000,14
61,19,4.243000,16
61,20,4.366000,17
61,21,4.935000,13
61,22,1.868000,6
61,23,3.554000,20
61,24,0.672000,15
61,25,3.784000,15
61,26,5.366000,15
61,27,5.225000,16
61,28,2.782000,12
61,29,1.191000,18
61,30,0.461000,14
61,31,3.767000,13
61,32,3.908000,13
61,33,1.964000,8
61,34,2.650000,8
61,35,1.653000,8
61,36,1.520000,11
61,37,2.313000,9
61,38,2.815000,9
61,39,4.173000,12
61,40,2.859000,8
61,41,2.530000,8
61,42,2.137000,8
61,43,1.849000,8
61,44,3.017000,10
61,45,3.123000,10
61,46,3.699000,10
61,47,3.398000,10
61,48,2.430000,10
61,49,3.511000,10
61,50,2.899000,10
61,51,3.525000,10
61,52,3.793000,10
61,53,2.829000,10
61,54,1.883000,9
61,55,2.872000,9
61,56,2.521000,8
61,57,3.447000,9
61,58,2.302000,7
61,59,3.068000,7
61,60,2.529000,10
61,61,2.803000,8
61,62,2.379000,7
61,63,2.608000,7
61,64,3.249000,8
61,65,4.079000,13
61,66,2.920000,15
61,67,4.038000,15
61,68,7.869000,23
61,69,3.752000,13
61,70,2.623000,14
61,71,1.183000,15
61,72,0.464000,15
61,73,3.529000,13
61,74,3.182000,12
61,75,3.514000,9
61,76,4.650000,11
61,77,2.750000,14
61,78,1.481000,15
61,79,3.546000,10
61,80,2.518000,8
61,81,2.887000,7
61,82,3.803000,10
61,83,2.139000,8
61,84,2.006000,10
61,85,2.829000,9
61,86,3.329000,10
61,87,4.503000,14
61,88,4.301000,12
61,89,1.425000,7
61,90,1.428000,7
61,91,3.073000,9
61,92,2.218000,7
61,93,3.044000,7
61,94,3.336000,8
61,95,2.492000,6
61,96,1.630000,5
62,1,2.240000,13
62,2,1.952000,11
62,3,2.597000,12
62,4,1.104000,7
62,5,1.858000,11
62,6,2.071000,10
62,7,2.291000,10
62,8,1.875000,10
62,9,2.138000,10
62,10,1.941000,10
62,11,1.230000,11
62,12,0.644000,10
62,13,1.938000,10
62,14,1.757000,8
62,15,1.836000,10
62,16,1.508000,8
62,17,1.685000,9
62,18,2.012000,9
62,19,3.084000,16
62,20,4.012000,20
62,21,2.114000,12
62,22,1.050000,5
62,23,2.324000,21
62,24,0.191000,14
62,25,3.142000,15
62,26,2.137000,14
62,27,2.769000,16
62,28,2.132000,13
62,29,1.845000,15
62,30,0.739000,12
62,31,2.242000,13
62,32,2.354000,13
62,33,1.453000,8
62,34,1.796000,8
62,35,1.501000,8
62,36,1.911000,11
62,37,1.825000,11
62,38,2.625000,10
62,39,2.720000,12
62,40,1.176000,8
62,41,1.592000,8
62,42,1.405000,9
62,43,2.392000,10
62,44,2.033000,10
62,45,1.625000,10
62,46,2.368000,10
62,47,2.124000,10
62,48,1.477000,10
62,49,2.292000,10
62,50,1.644000,10
62,51,2.325000,11
62,52,1.859000,10
62,53,1.951000,9
62,54,2.096000,10
62,55,2.390000,9
62,56,2.186000,7
62,57,2.231000,9
62,58,2.142000,9
62,59,1.447000,8
62,60,1.850000,11
62,61,1.731000,7
62,62,1.895000,8
62,63,1.605000,7
62,64,1.963000,9
62,65,1.977000,10
62,66,1.952000,11
62,67,1.774000,8
62,68,2.818000,17
62,69,2.814000,14
62,70,2.974000,15
62,71,2.164000,15
62,72,0.565000,15
62,73,2.394000,12
62,74,2.318000,14
62,75,1.613000,11
62,76,2.150000,13
62,77,2.443000,15
62,78,1.289000,10
62,79,2.392000,10
62,80,1.682000,7
62,81,2.049000,8
62,82,1.499000,9
62,83,1.367000,7
62,84,1.913000,10
62,85,2.388000,9
62,86,2.186000,11
62,87,3.471000,18
62,88,3.582000,20
62,89,0.888000,10
62,90,0.557000,7
62,91,1.847000,9
62,92,1.451000,7
62,93,1.269000,7
62,94,1.832000,8
62,95,1.042000,6
62,96,1.429000,5
63,1,2.559000,13
63,2,2.014000,11
63,3,1.898000,12
63,4,2.310000,12
63,5,1.752000,11
63,6,1.702000,10
63,7,1.608000,10
63,8,1.994000,10
63,9,2.356000,10
63,10,1.897000,10
63,11,1.820000,10
63,12,1.392000,10
63,13,1.768000,10
63,14,1.568000,8
63,15,2.250000,10
63,16,1.268000,8
63,17,1.753000,9
63,18,2.315000,11
63,19,2.230000,12
63,20,2.482000,12
63,21,3.156000,16
63,22,1.193000,5
63,23,2.422000,20
63,24,0.759000,13
63,25,2.687000,14
63,26,1.975000,13
63,27,2.839000,16
63,28,2.909000,17
63,29,1.619000,14
63,30,0.306000,12
63,31,2.272000,13
63,32,2.779000,13
63,33,1.973000,8
63,34,1.618000,8
63,35,2.020000,8
63,36,1.423000,11
63,37,2.200000,11
63,38,2.818000,12
63,39,2.093000,12
63,40,1.242000,8
63,41,1.282000,8
63,42,1.653000,9
63,43,2.566000,10
63,44,1.864000,10
63,45,1.943000,10
63,46,2.040000,10
63,47,1.406000,10
63,48,0.890000,10
63,49,2.263000,10
63,50,2.436000,10
63,51,2.081000,10
63,52,2.403000,11
63,53,1.512000,9
63,54,1.275000,7
63,55,1.851000,9
63,56,2.190000,9
63,57,1.654000,9
63,58,1.800000,9
63,59,1.381000,7
63,60,1.844000,9
63,61,1.371000,7
63,62,1.568000,7
63,63,1.336000,7
63,64,2.045000,8
63,65,2.601000,11
63,66,1.520000,10
63,67,2.407000,12
63,68,3.219000,13
63,69,2.567000,13
63,70,1.825000,13
63,71,1.796000,13
63,72,0.465000,13
63,73,2.823000,13
63,74,1.700000,11
63,75,2.389000,9
63,76,2.635000,12
63,77,1.735000,11
63,78,1.106000,11
63,79,1.753000,10
63,80,1.357000,8
63,81,1.415000,7
63,82,1.862000,10
63,83,1.401000,8
63,84,2.188000,10
63,85,1.511000,9
63,86,2.296000,10
63,87,1.893000,8
63,88,1.804000,9
63,89,1.750000,7
63,90,1.715000,7
63,91,1.584000,9
63,92,2.678000,13
63,93,1.650000,7
63,94,1.870000,8
63,95,0.973000,6
63,96,1.350000,5
64,1,2.358000,14
64,2,2.637000,11
64,3,2.152000,12
64,4,2.667000,13
64,5,1.677000,11
64,6,0.542000,10
64,7,2.248000,10
64,8,1.849000,10
64,9,2.295000,10
64,10,2.091000,10
64,11,1.258000,8
64,12,1.401000,10
64,13,1.913000,10
64,14,1.666000,8
64,15,1.961000,10
64,16,1.399000,8
64,17,1.844000,9
64,18,1.929000,9
64,19,1.595000,10
64,20,2.410000,13
64,21,2.072000,13
64,22,0.908000,5
64,23,3.568000,20
64,24,0.999000,7
64,25,1.605000,7
64,26,1.583000,7
64,27,1.545000,9
64,28,1.705000,11
64,29,2.563000,15
64,30,0.685000,12
64,31,2.474000,13
64,32,2.567000,13
64,33,1.498000,8
64,34,1.233000,8
64,35,1.477000,8
64,36,1.854000,11
64,37,2.396000,11
64,38,1.647000,10
64,39,1.913000,12
64,40,1.785000,8
64,41,2.030000,8
64,42,1.363000,9
64,43,1.717000,8
64,44,1.618000,10
64,45,2.130000,10
64,46,2.454000,10
64,47,2.021000,10
64,48,1.602000,10
64,49,1.807000,10
64,50,2.046000,11
64,51,1.961000,10
64,52,2.354000,10
64,53,2.173000,10
64,54,1.152000,7
64,55,1.882000,9
64,56,1.936000,9
64,57,1.482000,9
64,58,1.773000,9
64,59,1.315000,7
64,60,2.448000,11
64,61,1.500000,8
64,62,1.746000,8
64,63,0.904000,7
64,64,1.802000,9
64,65,2.427000,10
64,66,1.561000,11
64,67,2.040000,13
64,68,2.573000,12
64,69,3.019000,14
64,70,2.056000,12
64,71,1.940000,12
64,72,0.451000,14
64,73,2.522000,13
64,74,2.428000,13
64,75,2.422000,12
64,76,2.008000,12
64,77,2.151000,14
64,78,0.511000,10
64,79,3.050000,10
64,80,1.426000,7
64,81,1.766000,8
64,82,1.417000,9
64,83,1.365000,7
64,84,1.648000,10
64,85,2.072000,9
64,86,2.261000,11
64,87,2.103000,10
64,88,3.324000,20
64,89,1.035000,7
64,90,0.895000,7
64,91,2.119000,9
64,92,1.304000,7
64,93,1.539000,7
64,94,2.152000,8
64,95,1.234000,6
64,96,1.242000,5
65,1,2.139000,12
65,2,1.938000,11
65,3,2.639000,12
65,4,2.552000,13
65,5,2.849000,11
65,6,0.409000,10
65,7,2.021000,10
65,8,2.181000,10
65,9,1.855000,10
65,10,2.444000,10
65,11,1.735000,8
65,12,1.513000,10
65,13,1.887000,10
65,14,1.848000,8
65,15,2.084000,10
65,16,1.536000,8
65,17,1.655000,9
65,18,1.151000,10
65,19,1.686000,10
65,20,1.769000,11
65,21,2.466000,13
65,22,3.890000,26
65,23,2.373000,19
65,24,0.353000,7
65,25,1.630000,7
65,26,1.514000,7
65,27,2.212000,11
65,28,1.924000,11
65,29,2.188000,13
65,30,1.640000,12
65,31,2.584000,13
65,32,2.674000,13
65,33,1.306000,8
65,34,1.609000,8
65,35,1.889000,8
65,36,1.497000,11
65,37,1.805000,11
65,38,1.358000,8
65,39,2.472000,12
65,40,1.726000,8
65,41,1.427000,8
65,42,1.328000,9
65,43,1.502000,8
65,44,2.048000,10
65,45,2.478000,10
65,46,2.270000,10
65,47,2.101000,10
65,48,1.435000,10
65,49,2.216000,10
65,50,2.304000,10
65,51,2.786000,11
65,52,1.886000,7
65,53,1.720000,11
65,54,0.958000,7
65,55,1.406000,9
65,56,1.721000,9
65,57,1.975000,8
65,58,1.781000,9
65,59,2.135000,8
65,60,1.703000,9
65,61,1.750000,7
65,62,1.386000,7
65,63,1.542000,7
65,64,1.460000,8
65,65,2.096000,11
65,66,1.848000,10
65,67,2.601000,14
65,68,1.957000,8
65,69,2.409000,15
65,70,2.443000,13
65,71,1.438000,13
65,72,0.825000,13
65,73,2.507000,13
65,74,2.722000,13
65,75,1.675000,7
65,76,2.357000,12
65,77,2.260000,14
65,78,0.806000,11
65,79,2.211000,10
65,80,1.869000,8
65,81,1.298000,7
65,82,2.073000,10
65,83,1.682000,8
65,84,1.974000,10
65,85,1.896000,9
65,86,2.210000,10
65,87,2.545000,14
65,88,3.257000,19
65,89,1.154000,7
65,90,0.760000,7
65,91,1.887000,9
65,92,1.627000,7
65,93,2.018000,7
65,94,1.715000,8
65,95,1.167000,6
65,96,1.209000,5
66,1,2.175000,11
66,2,1.749000,11
66,3,2.458000,12
66,4,1.896000,13
66,5,2.306000,11
66,6,1.603000,10
66,7,1.755000,10
66,8,1.973000,10
66,9,2.118000,10
66,10,2.037000,10
66,11,1.320000,8
66,12,1.272000,8
66,13,1.321000,8
66,14,2.231000,8
66,15,1.874000,8
66,16,1.616000,9
66,17,2.121000,11
66,18,2.096000,11
66,19,2.776000,10
66,20,2.656000,13
66,21,1.668000,11
66,22,1.395000,7
66,23,4.615000,34
66,24,0.218000,7
66,25,1.537000,7
66,26,1.385000,7
66,27,3.359000,16
66,28,2.519000,14
66,29,2.855000,15
66,30,1.013000,14
66,31,2.160000,13
66,32,2.662000,14
66,33,2.158000,11
66,34,2.273000,11
66,35,1.943000,11
66,36,1.499000,13
66,37,2.625000,13
66,38,1.813000,9
66,39,2.466000,12
66,40,2.422000,12
66,41,2.108000,12
66,42,1.155000,11
66,43,2.257000,8
66,44,1.473000,8
66,45,1.977000,10
66,46,2.085000,10
66,47,2.095000,10
66,48,2.200000,10
66,49,3.247000,10
66,50,1.880000,10
66,51,2.436000,10
66,52,2.078000,10
66,53,1.681000,10
66,54,1.025000,10
66,55,1.940000,10
66,56,2.089000,10
66,57,2.522000,10
66,58,2.341000,10
66,59,1.831000,10
66,60,1.187000,10
66,61,1.769000,7
66,62,1.337000,7
66,63,1.879000,8
66,64,2.502000,10
66,65,2.176000,10
66,66,2.079000,10
66,67,2.163000,10
66,68,2.911000,14
66,69,2.726000,13
66,70,2.304000,12
66,71,2.148000,14
66,72,1.014000,14
66,73,2.683000,13
66,74,2.749000,12
66,75,3.122000,12
66,76,2.402000,12
66,77,1.669000,12
66,78,0.671000,10
66,79,1.960000,11
66,80,1.818000,10
66,81,1.590000,8
66,82,2.009000,9
66,83,1.729000,7
66,84,1.614000,11
66,85,1.718000,10
66,86,1.432000,8
66,87,2.927000,15
66,88,2.250000,14
66,89,1.676000,9
66,90,1.308000,7
66,91,1.753000,9
66,92,1.833000,7
66,93,1.523000,7
66,94,1.790000,9
66,95,1.268000,6
66,96,1.026000,5
67,1,3.210000,14
67,2,1.955000,11
67,3,2.138000,11
67,4,1.788000,12
67,5,1.702000,11
67,6,1.167000,10
67,7,2.163000,10
67,8,1.440000,10
67,9,2.346000,10
67,10,2.000000,10
67,11,1.754000,8
67,12,1.410000,8
67,13,1.925000,8
67,14,1.713000,8
67,15,1.994000,8
67,16,2.133000,9
67,17,1.682000,11
67,18,1.112000,11
67,19,1.537000,8
67,20,2.417000,13
67,21,2.383000,11
67,22,1.606000,7
67,23,3.715000,19
67,24,0.835000,7
67,25,1.796000,7
67,26,1.811000,7
67,27,2.597000,15
67,28,2.585000,12
67,29,2.689000,13
67,30,0.955000,13
67,31,2.115000,13
67,32,2.169000,13
67,33,1.544000,9
67,34,1.821000,9
67,35,1.751000,9
67,36,2.214000,13
67,37,2.539000,13
67,38,2.340000,11
67,39,2.350000,12
67,40,2.473000,13
67,41,2.112000,13
67,42,0.665000,9
67,43,1.454000,8
67,44,2.011000,8
67,45,2.366000,10
67,46,2.115000,10
67,47,2.015000,10
67,48,1.472000,10
67,49,2.116000,10
67,50,1.942000,10
67,51,2.068000,10
67,52,2.048000,10
67,53,2.322000,10
67,54,1.229000,11
67,55,1.815000,11
67,56,1.785000,11
67,57,1.470000,8
67,58,1.355000,7
67,59,1.662000,8
67,60,2.073000,10
67,61,1.925000,8
67,62,1.505000,8
67,63,1.320000,7
67,64,2.350000,10
67,65,2.146000,11
67,66,1.364000,8
67,67,2.918000,13
67,68,2.721000,17
67,69,3.169000,14
67,70,2.162000,13
67,71,1.340000,13
67,72,0.144000,13
67,73,2.426000,13
67,74,2.511000,13
67,75,2.596000,11
67,76,2.280000,12
67,77,2.251000,13
67,78,0.567000,11
67,79,1.751000,10
67,80,2.603000,11
67,81,1.486000,7
67,82,2.146000,10
67,83,1.571000,7
67,84,1.423000,7
67,85,1.929000,10
67,86,1.230000,7
67,87,2.067000,11
67,88,2.584000,12
67,89,1.764000,7
67,90,1.315000,7
67,91,1.925000,9
67,92,1.917000,7
67,93,1.327000,7
67,94,2.065000,9
67,95,1.404000,6
67,96,1.308000,5
68,1,2.201000,12
68,2,2.002000,11
68,3,2.089000,11
68,4,2.330000,12
68,5,2.459000,11
68,6,1.251000,10
68,7,1.984000,10
68,8,1.636000,10
68,9,1.573000,10
68,10,1.925000,10
68,11,2.655000,8
68,12,1.405000,8
68,13,1.391000,8
68,14,1.711000,8
68,15,1.850000,8
68,16,2.166000,9
68,17,1.918000,11
68,18,2.133000,11
68,19,1.797000,8
68,20,2.397000,14
68,21,2.076000,11
68,22,1.892000,7
68,23,3.075000,18
68,24,0.982000,7
68,25,1.575000,7
68,26,1.300000,7
68,27,1.452000,8
68,28,2.000000,11
68,29,3.273000,16
68,30,1.976000,13
68,31,2.709000,14
68,32,2.246000,13
68,33,1.919000,9
68,34,2.031000,11
68,35,1.853000,11
68,36,1.502000,13
68,37,2.941000,13
68,38,2.143000,11
68,39,1.949000,12
68,40,1.818000,9
68,41,1.680000,9
68,42,0.829000,9
68,43,2.017000,8
68,44,1.605000,8
68,45,2.315000,10
68,46,1.728000,10
68,47,2.295000,10
68,48,1.973000,10
68,49,1.833000,10
68,50,2.184000,10
68,51,1.712000,10
68,52,2.125000,10
68,53,2.093000,11
68,54,1.402000,10
68,55,2.381000,10
68,56,1.632000,10
68,57,2.259000,10
68,58,2.303000,10
68,59,1.765000,10
68,60,1.259000,7
68,61,1.126000,7
68,62,1.417000,7
68,63,2.296000,8
68,64,2.272000,11
68,65,2.241000,10
68,66,2.312000,10
68,67,2.264000,10
68,68,2.505000,14
68,69,2.167000,12
68,70,2.249000,12
68,71,1.656000,13
68,72,0.324000,13
68,73,1.701000,12
68,74,2.280000,13
68,75,2.223000,11
68,76,2.585000,13
68,77,1.941000,11
68,78,0.386000,10
68,79,2.382000,11
68,80,2.471000,10
68,81,1.422000,8
68,82,1.416000,9
68,83,0.944000,7
68,84,2.190000,11
68,85,1.979000,10
68,86,2.355000,9
68,87,1.987000,11
68,88,2.671000,14
68,89,1.751000,8
68,90,1.120000,7
68,91,1.975000,9
68,92,2.202000,7
68,93,1.441000,7
68,94,1.767000,9
68,95,1.310000,6
68,96,1.388000,5
69,1,2.378000,11
69,2,2.337000,11
69,3,2.883000,12
69,4,2.101000,13
69,5,1.890000,11
69,6,1.057000,10
69,7,2.436000,10
69,8,1.759000,10
69,9,1.557000,10
69,10,2.262000,10
69,11,1.749000,8
69,12,1.204000,8
69,13,1.626000,8
69,14,1.624000,8
69,15,2.128000,8
69,16,1.624000,9
69,17,1.843000,11
69,18,2.136000,11
69,19,1.452000,10
69,20,2.750000,13
69,21,2.679000,11
69,22,1.360000,7
69,23,3.344000,19
69,24,0.906000,7
69,25,1.457000,7
69,26,1.262000,7
69,27,2.032000,7
69,28,2.681000,15
69,29,2.726000,14
69,30,1.708000,13
69,31,3.050000,14
69,32,3.095000,13
69,33,1.943000,9
69,34,1.965000,9
69,35,1.474000,9
69,36,0.909000,13
69,37,3.169000,13
69,38,2.111000,11
69,39,2.337000,12
69,40,1.854000,9
69,41,1.554000,9
69,42,1.059000,9
69,43,1.637000,8
69,44,1.692000,8
69,45,2.194000,10
69,46,2.144000,10
69,47,1.831000,10
69,48,1.336000,10
69,49,2.030000,10
69,50,1.981000,10
69,51,1.890000,10
69,52,2.363000,10
69,53,1.979000,10
69,54,1.693000,10
69,55,1.681000,11
69,56,2.805000,11
69,57,1.426000,8
69,58,1.256000,7
69,59,1.559000,8
69,60,2.112000,10
69,61,1.627000,7
69,62,1.512000,7
69,63,1.770000,7
69,64,1.811000,10
69,65,2.315000,11
69,66,1.514000,8
69,67,2.260000,10
69,68,3.290000,14
69,69,2.650000,12
69,70,2.087000,12
69,71,1.607000,13
69,72,0.940000,13
69,73,2.207000,12
69,74,2.499000,13
69,75,2.661000,13
69,76,2.829000,13
69,77,1.553000,11
69,78,1.035000,11
69,79,1.733000,10
69,80,1.770000,11
69,81,1.506000,7
69,82,2.088000,10
69,83,1.953000,7
69,84,1.287000,7
69,85,1.933000,10
69,86,1.619000,9
69,87,3.179000,14
69,88,3.383000,13
69,89,1.274000,8
69,90,0.756000,7
69,91,1.623000,9
69,92,1.692000,7
69,93,1.599000,7
69,94,1.581000,9
69,95,1.328000,6
69,96,0.912000,5
70,1,2.240000,11
70,2,2.060000,11
70,3,2.611000,11
70,4,2.506000,13
70,5,1.956000,11
70,6,1.034000,10
70,7,2.062000,10
70,8,2.072000,10
70,9,2.345000,10
70,10,2.040000,10
70,11,1.480000,8
70,12,1.678000,8
70,13,1.790000,8
70,14,1.400000,8
70,15,1.659000,8
70,16,1.594000,9
70,17,1.889000,11
70,18,2.203000,11
70,19,1.637000,10
70,20,2.991000,13
70,21,2.677000,11
70,22,1.768000,7
70,23,3.342000,18
70,24,0.763000,7
70,25,1.927000,7
70,26,1.272000,7
70,27,1.640000,7
70,28,2.530000,14
70,29,4.005000,20
70,30,1.438000,13
70,31,2.226000,14
70,32,2.812000,13
70,33,2.201000,9
70,34,1.965000,9
70,35,2.037000,11
70,36,1.658000,13
70,37,2.904000,13
70,38,2.341000,11
70,39,2.148000,12
70,40,1.829000,9
70,41,1.884000,9
70,42,1.775000,13
70,43,0.991000,8
70,44,1.332000,8
70,45,1.731000,10
70,46,2.374000,10
70,47,1.819000,10
70,48,2.341000,10
70,49,1.927000,10
70,50,2.079000,10
70,51,2.179000,10
70,52,2.144000,10
70,53,1.921000,10
70,54,0.991000,10
70,55,1.950000,10
70,56,2.645000,10
70,57,1.989000,10
70,58,1.873000,10
70,59,2.446000,10
70,60,1.796000,10
70,61,1.515000,7
70,62,1.708000,8
70,63,1.284000,7
70,64,2.573000,11
70,65,2.085000,10
70,66,1.948000,10
70,67,2.188000,11
70,68,2.635000,11
70,69,2.787000,12
70,70,2.232000,12
70,71,2.258000,13
70,72,1.149000,13
70,73,2.742000,12
70,74,2.333000,13
70,75,1.675000,8
70,76,2.256000,13
70,77,1.811000,12
70,78,1.621000,10
70,79,1.751000,11
70,80,1.561000,10
70,81,1.264000,8
70,82,1.986000,9
70,83,1.074000,7
70,84,2.007000,10
70,85,2.258000,10
70,86,2.390000,10
70,87,2.676000,14
70,88,2.892000,13
70,89,1.667000,8
70,90,0.711000,7
70,91,1.936000,9
70,92,2.357000,7
70,93,1.749000,7
70,94,1.771000,9
70,95,1.238000,6
70,96,1.054000,6
71,1,1.915000,11
71,2,2.578000,11
71,3,3.416000,12
71,4,1.908000,7
71,5,2.503000,13
71,6,2.116000,10
71,7,1.967000,8
71,8,2.072000,10
71,9,3.070000,10
71,10,1.976000,12
71,11,2.198000,12
71,12,3.493000,12
71,13,2.869000,11
71,14,3.196000,12
71,15,2.437000,11
71,16,2.337000,11
71,17,2.192000,10
71,18,1.810000,10
71,19,2.816000,11
71,20,3.048000,14
71,21,2.299000,8
71,22,2.512000,11
71,23,3.065000,16
71,24,1.196000,7
71,25,1.294000,7
71,26,1.803000,7
71,27,3.125000,15
71,28,3.056000,15
71,29,3.591000,18
71,30,1.999000,14
71,31,2.379000,13
71,32,2.709000,14
71,33,1.805000,9
71,34,2.518000,9
71,35,1.838000,9
71,36,2.654000,13
71,37,2.631000,13
71,38,3.004000,13
71,39,2.759000,13
71,40,2.846000,12
71,41,2.845000,12
71,42,1.230000,9
71,43,2.710000,11
71,44,1.914000,8
71,45,2.404000,8
71,46,2.701000,10
71,47,2.543000,10
71,48,1.613000,10
71,49,1.520000,10
71,50,2.509000,10
71,51,2.713000,10
71,52,2.475000,10
71,53,2.382000,10
71,54,1.945000,10
71,55,1.881000,10
71,56,3.200000,11
71,57,2.562000,10
71,58,2.354000,10
71,59,2.498000,11
71,60,1.943000,10
71,61,1.740000,10
71,62,1.983000,10
71,63,2.341000,10
71,64,2.102000,10
71,65,2.118000,11
71,66,1.940000,8
71,67,2.655000,11
71,68,2.499000,12
71,69,3.035000,13
71,70,2.722000,13
71,71,2.534000,13
71,72,1.728000,13
71,73,2.106000,12
71,74,2.802000,13
71,75,2.730000,12
71,76,2.856000,14
71,77,2.487000,13
71,78,1.740000,11
71,79,2.524000,10
71,80,2.569000,11
71,81,2.395000,10
71,82,2.443000,10
71,83,2.440000,10
71,84,1.975000,11
71,85,2.661000,10
71,86,3.192000,10
71,87,2.991000,13
71,88,2.954000,13
71,89,1.666000,9
71,90,1.028000,9
71,91,1.603000,9
71,92,2.782000,12
71,93,2.041000,7
71,94,2.262000,9
71,95,1.269000,6
71,96,1.390000,5
72,1,2.468000,11
72,2,2.270000,11
72,3,2.511000,13
72,4,1.981000,7
72,5,2.122000,13
72,6,1.711000,10
72,7,1.763000,8
72,8,1.868000,10
72,9,2.282000,10
72,10,1.835000,9
72,11,1.852000,9
72,12,1.523000,9
72,13,2.382000,9
72,14,1.818000,9
72,15,2.648000,11
72,16,1.945000,11
72,17,1.831000,10
72,18,1.710000,10
72,19,3.210000,13
72,20,2.085000,12
72,21,2.996000,15
72,22,2.288000,12
72,23,2.502000,16
72,24,0.873000,7
72,25,1.790000,7
72,26,1.881000,7
72,27,3.002000,15
72,28,3.401000,14
72,29,3.292000,19
72,30,1.010000,14
72,31,3.038000,13
72,32,3.170000,14
72,33,2.236000,9
72,34,2.042000,9
72,35,1.742000,9
72,36,1.827000,13
72,37,2.884000,13
72,38,3.435000,13
72,39,2.722000,13
72,40,2.441000,12
72,41,1.831000,12
72,42,0.488000,9
72,43,2.052000,9
72,44,2.025000,8
72,45,1.836000,8
72,46,1.780000,10
72,47,2.346000,10
72,48,2.545000,10
72,49,2.413000,10
72,50,2.084000,10
72,51,2.615000,10
72,52,2.249000,10
72,53,2.194000,10
72,54,2.035000,10
72,55,2.052000,10
72,56,2.492000,10
72,57,2.543000,10
72,58,1.943000,11
72,59,2.108000,10
72,60,1.189000,11
72,61,2.496000,11
72,62,1.924000,8
72,63,2.609000,11
72,64,2.743000,10
72,65,1.824000,10
72,66,1.682000,9
72,67,2.506000,8
72,68,2.388000,10
72,69,2.674000,11
72,70,2.299000,12
72,71,2.931000,13
72,72,1.313000,13
72,73,2.984000,12
72,74,2.918000,13
72,75,2.764000,12
72,76,2.452000,13
72,77,2.064000,13
72,78,0.928000,8
72,79,2.747000,11
72,80,2.619000,10
72,81,1.825000,8
72,82,1.670000,8
72,83,2.035000,10
72,84,1.768000,10
72,85,2.411000,10
72,86,1.474000,10
72,87,2.581000,13
72,88,2.500000,13
72,89,2.273000,9
72,90,1.641000,9
72,91,2.522000,9
72,92,2.632000,12
72,93,2.014000,7
72,94,2.049000,9
72,95,1.438000,6
72,96,1.347000,5
73,1,2.014000,12
73,2,2.276000,11
73,3,2.903000,13
73,4,2.234000,7
73,5,2.962000,13
73,6,0.861000,10
73,7,1.886000,8
73,8,2.404000,10
73,9,2.107000,10
73,10,2.020000,9
73,11,2.045000,12
73,12,2.078000,9
73,13,2.437000,11
73,14,2.237000,11
73,15,2.460000,11
73,16,1.725000,11
73,17,1.493000,10
73,18,1.996000,10
73,19,2.155000,11
73,20,2.490000,13
73,21,3.006000,16
73,22,2.255000,12
73,23,2.164000,16
73,24,0.624000,7
73,25,1.298000,7
73,26,1.490000,7
73,27,2.370000,15
73,28,2.892000,13
73,29,3.184000,20
73,30,1.328000,14
73,31,2.619000,13
73,32,3.118000,14
73,33,1.663000,9
73,34,1.437000,9
73,35,1.956000,9
73,36,1.776000,13
73,37,3.015000,13
73,38,2.815000,13
73,39,2.908000,13
73,40,2.144000,12
73,41,1.740000,12
73,42,0.727000,9
73,43,2.215000,12
73,44,1.933000,8
73,45,1.955000,8
73,46,1.865000,10
73,47,2.039000,10
73,48,1.759000,10
73,49,2.219000,10
73,50,2.082000,10
73,51,2.186000,10
73,52,2.327000,10
73,53,2.034000,10
73,54,1.827000,10
73,55,1.797000,10
73,56,1.675000,10
73,57,2.187000,10
73,58,2.155000,10
73,59,1.820000,11
73,60,1.818000,10
73,61,2.613000,10
73,62,2.015000,10
73,63,2.119000,10
73,64,2.214000,11
73,65,2.539000,11
73,66,1.132000,8
73,67,1.566000,8
73,68,2.259000,11
73,69,2.327000,13
73,70,2.603000,13
73,71,2.227000,13
73,72,1.801000,13
73,73,2.268000,12
73,74,2.603000,13
73,75,2.063000,12
73,76,2.489000,14
73,77,2.646000,15
73,78,1.123000,11
73,79,2.286000,10
73,80,2.009000,11
73,81,1.906000,10
73,82,2.131000,10
73,83,1.666000,10
73,84,2.060000,11
73,85,2.100000,10
73,86,1.760000,10
73,87,2.786000,13
73,88,2.727000,13
73,89,2.277000,9
73,90,1.279000,9
73,91,1.443000,9
73,92,1.567000,7
73,93,1.404000,7
73,94,1.768000,9
73,95,1.317000,6
73,96,1.592000,5
74,1,2.117000,12
74,2,2.244000,11
74,3,2.716000,13
74,4,1.791000,7
74,5,2.614000,13
74,6,2.195000,10
74,7,1.767000,8
74,8,2.161000,10
74,9,1.765000,10
74,10,3.142000,12
74,11,2.910000,12
74,12,1.913000,12
74,13,2.533000,9
74,14,1.861000,9
74,15,2.321000,11
74,16,2.718000,11
74,17,2.767000,10
74,18,2.011000,10
74,19,2.560000,11
74,20,3.078000,12
74,21,4.067000,16
74,22,2.668000,12
74,23,2.332000,16
74,24,0.278000,7
74,25,1.318000,7
74,26,1.812000,7
74,27,2.787000,13
74,28,2.500000,10
74,29,3.415000,17
74,30,2.480000,14
74,31,2.503000,13
74,32,3.104000,14
74,33,2.073000,9
74,34,2.148000,9
74,35,2.367000,9
74,36,2.024000,13
74,37,3.517000,13
74,38,3.348000,13
74,39,2.884000,13
74,40,2.888000,12
74,41,1.726000,11
74,42,0.584000,9
74,43,2.732000,13
74,44,2.303000,8
74,45,1.832000,8
74,46,2.261000,10
74,47,2.223000,10
74,48,2.037000,10
74,49,1.900000,10
74,50,3.082000,10
74,51,2.243000,10
74,52,2.609000,10
74,53,2.875000,10
74,54,1.693000,10
74,55,2.067000,10
74,56,2.326000,10
74,57,1.934000,10
74,58,2.719000,11
74,59,2.674000,10
74,60,1.509000,11
74,61,2.067000,11
74,62,1.246000,8
74,63,3.214000,11
74,64,2.346000,10
74,65,2.628000,10
74,66,1.920000,9
74,67,1.557000,8
74,68,2.711000,12
74,69,3.084000,12
74,70,2.658000,12
74,71,2.941000,13
74,72,1.826000,13
74,73,2.067000,12
74,74,3.095000,13
74,75,2.848000,13
74,76,3.681000,14
74,77,2.617000,15
74,78,0.672000,8
74,79,1.924000,11
74,80,2.152000,10
74,81,1.573000,8
74,82,1.912000,8
74,83,2.231000,10
74,84,1.767000,10
74,85,1.785000,10
74,86,2.817000,10
74,87,2.466000,13
74,88,2.575000,13
74,89,2.494000,9
74,90,1.459000,9
74,91,1.801000,9
74,92,2.135000,7
74,93,1.702000,7
74,94,1.669000,9
74,95,1.969000,6
74,96,1.672000,5
75,1,2.697000,12
75,2,2.707000,12
75,3,2.463000,13
75,4,1.410000,7
75,5,2.543000,13
75,6,1.551000,10
75,7,2.090000,8
75,8,2.642000,10
75,9,1.900000,10
75,10,2.259000,9
75,11,1.841000,12
75,12,2.158000,9
75,13,2.597000,11
75,14,2.423000,11
75,15,1.813000,11
75,16,1.870000,11
75,17,2.267000,10
75,18,1.262000,10
75,19,2.807000,10
75,20,2.683000,13
75,21,2.920000,16
75,22,2.023000,12
75,23,2.201000,16
75,24,0.386000,7
75,25,2.040000,7
75,26,1.881000,7
75,27,2.478000,12
75,28,3.124000,18
75,29,2.977000,18
75,30,1.494000,14
75,31,3.029000,13
75,32,3.086000,14
75,33,1.769000,9
75,34,1.708000,9
75,35,1.477000,9
75,36,2.564000,13
75,37,3.031000,13
75,38,2.943000,13
75,39,1.788000,13
75,40,2.858000,12
75,41,2.194000,11
75,42,0.928000,13
75,43,1.977000,9
75,44,1.640000,8
75,45,1.612000,8
75,46,2.064000,10
75,47,1.637000,10
75,48,2.283000,10
75,49,2.424000,10
75,50,2.308000,10
75,51,2.772000,10
75,52,1.957000,10
75,53,2.300000,10
75,54,2.016000,10
75,55,2.871000,10
75,56,1.832000,10
75,57,2.352000,10
75,58,2.336000,10
75,59,2.407000,11
75,60,1.754000,10
75,61,3.024000,10
75,62,2.308000,10
75,63,1.912000,10
75,64,2.224000,11
75,65,1.805000,11
75,66,1.904000,8
75,67,2.585000,8
75,68,2.723000,14
75,69,2.199000,12
75,70,2.565000,13
75,71,2.182000,13
75,72,1.299000,13
75,73,3.262000,12
75,74,2.470000,13
75,75,2.493000,13
75,76,2.267000,11
75,77,2.418000,15
75,78,1.264000,11
75,79,3.028000,10
75,80,2.230000,10
75,81,2.242000,10
75,82,2.128000,10
75,83,2.228000,10
75,84,1.720000,11
75,85,3.037000,10
75,86,2.658000,10
75,87,3.222000,13
75,88,2.888000,13
75,89,1.580000,9
75,90,0.793000,8
75,91,2.510000,9
75,92,1.667000,7
75,93,1.616000,7
75,94,1.835000,9
75,95,1.407000,7
75,96,1.220000,5
76,1,2.115000,12
76,2,2.168000,11
76,3,2.630000,12
76,4,2.223000,10
76,5,2.555000,13
76,6,1.565000,10
76,7,1.489000,8
76,8,1.887000,10
76,9,1.367000,8
76,10,2.401000,11
76,11,1.948000,9
76,12,2.636000,9
76,13,1.671000,9
76,14,2.487000,13
76,15,2.079000,11
76,16,1.735000,10
76,17,2.509000,14
76,18,2.364000,14
76,19,2.179000,10
76,20,2.871000,14
76,21,3.088000,16
76,22,2.414000,12
76,23,2.748000,16
76,24,0.393000,7
76,25,1.682000,7
76,26,2.029000,11
76,27,2.535000,14
76,28,2.640000,17
76,29,2.917000,19
76,30,1.264000,10
76,31,2.040000,10
76,32,3.016000,13
76,33,1.549000,9
76,34,2.641000,13
76,35,2.662000,13
76,36,1.713000,13
76,37,2.643000,13
76,38,2.424000,13
76,39,2.517000,13
76,40,2.957000,12
76,41,2.284000,12
76,42,0.170000,11
76,43,2.422000,12
76,44,1.865000,8
76,45,1.567000,8
76,46,1.537000,8
76,47,1.873000,10
76,48,2.206000,10
76,49,2.336000,10
76,50,2.141000,10
76,51,2.338000,10
76,52,2.355000,10
76,53,2.126000,10
76,54,2.097000,10
76,55,1.801000,10
76,56,2.110000,10
76,57,2.007000,10
76,58,2.262000,10
76,59,1.888000,10
76,60,1.144000,11
76,61,2.224000,11
76,62,2.069000,11
76,63,2.018000,11
76,64,1.942000,10
76,65,2.745000,9
76,66,1.746000,9
76,67,1.909000,8
76,68,2.225000,11
76,69,2.447000,12
76,70,2.082000,12
76,71,2.748000,13
76,72,2.011000,13
76,73,2.345000,12
76,74,2.668000,13
76,75,2.462000,13
76,76,2.301000,13
76,77,2.471000,16
76,78,1.153000,8
76,79,2.100000,11
76,80,2.188000,11
76,81,2.232000,11
76,82,2.183000,11
76,83,2.185000,10
76,84,1.822000,10
76,85,2.349000,10
76,86,2.477000,10
76,87,2.239000,13
76,88,2.724000,13
76,89,1.958000,9
76,90,1.462000,9
76,91,1.801000,9
76,92,2.811000,12
76,93,1.808000,7
76,94,1.355000,9
76,95,1.708000,7
76,96,1.025000,5
77,1,1.768000,12
77,2,2.338000,11
77,3,2.261000,12
77,4,1.894000,10
77,5,2.158000,13
77,6,1.645000,10
77,7,1.497000,8
77,8,1.798000,10
77,9,1.740000,8
77,10,2.352000,9
77,11,2.690000,12
77,12,2.339000,13
77,13,2.666000,13
77,14,1.704000,9
77,15,2.404000,11
77,16,1.982000,10
77,17,2.662000,13
77,18,1.648000,14
77,19,2.097000,9
77,20,3.182000,15
77,21,2.675000,16
77,22,2.463000,12
77,23,2.388000,16
77,24,0.477000,7
77,25,1.654000,7
77,26,2.069000,12
77,27,2.528000,12
77,28,3.084000,17
77,29,3.241000,19
77,30,0.665000,10
77,31,2.423000,10
77,32,2.922000,13
77,33,1.937000,9
77,34,2.369000,13
77,35,2.381000,13
77,36,0.831000,13
77,37,2.517000,13
77,38,2.155000,13
77,39,2.114000,13
77,40,1.751000,11
77,41,2.192000,12
77,42,1.360000,9
77,43,1.892000,9
77,44,2.038000,8
77,45,1.561000,8
77,46,1.899000,8
77,47,1.856000,10
77,48,2.200000,10
77,49,1.654000,10
77,50,2.083000,10
77,51,2.482000,10
77,52,1.872000,10
77,53,2.021000,10
77,54,1.640000,10
77,55,2.188000,10
77,56,2.391000,10
77,57,2.183000,10
77,58,1.748000,11
77,59,2.225000,11
77,60,1.204000,10
77,61,1.939000,10
77,62,1.968000,10
77,63,1.726000,10
77,64,2.000000,10
77,65,2.098000,10
77,66,1.811000,8
77,67,1.942000,8
77,68,2.601000,11
77,69,2.357000,12
77,70,2.387000,13
77,71,2.282000,13
77,72,1.548000,13
77,73,2.421000,12
77,74,2.627000,13
77,75,2.082000,13
77,76,2.665000,14
77,77,2.272000,15
77,78,1.178000,11
77,79,1.768000,10
77,80,2.038000,10
77,81,1.962000,10
77,82,2.126000,10
77,83,2.789000,10
77,84,1.676000,10
77,85,1.894000,10
77,86,2.022000,10
77,87,2.426000,13
77,88,3.235000,13
77,89,1.750000,9
77,90,1.654000,9
77,91,1.738000,9
77,92,1.896000,12
77,93,2.407000,11
77,94,1.972000,9
77,95,1.679000,7
77,96,0.948000,5
78,1,2.291000,13
78,2,2.152000,11
78,3,2.806000,12
78,4,2.125000,10
78,5,1.907000,13
78,6,1.438000,10
78,7,1.518000,8
78,8,2.158000,10
78,9,1.271000,8
78,10,2.328000,12
78,11,1.497000,9
78,12,1.870000,9
78,13,1.920000,9
78,14,1.860000,13
78,15,2.100000,11
78,16,2.113000,10
78,17,2.513000,13
78,18,2.070000,14
78,19,2.278000,12
78,20,3.631000,21
78,21,2.580000,16
78,22,2.722000,12
78,23,1.862000,19
78,24,0.145000,7
78,25,1.398000,7
78,26,2.299000,12
78,27,2.036000,14
78,28,3.091000,17
78,29,3.058000,19
78,30,0.565000,10
78,31,2.258000,10
78,32,1.899000,13
78,33,1.934000,9
78,34,2.462000,13
78,35,2.468000,13
78,36,1.639000,13
78,37,1.693000,13
78,38,2.610000,13
78,39,2.719000,13
78,40,2.481000,12
78,41,1.799000,12
78,42,1.134000,9
78,43,1.932000,9
78,44,1.558000,8
78,45,1.667000,8
78,46,1.566000,8
78,47,2.228000,10
78,48,1.750000,10
78,49,2.793000,10
78,50,1.939000,10
78,51,2.086000,10
78,52,2.180000,10
78,53,2.459000,10
78,54,1.428000,10
78,55,1.915000,10
78,56,1.769000,10
78,57,1.887000,10
78,58,2.339000,10
78,59,1.816000,10
78,60,1.834000,11
78,61,2.666000,11
78,62,2.338000,11
78,63,1.819000,11
78,64,1.799000,11
78,65,1.841000,11
78,66,1.463000,9
78,67,1.757000,8
78,68,2.664000,14
78,69,1.951000,12
78,70,2.336000,12
78,71,2.253000,13
78,72,0.952000,13
78,73,2.188000,12
78,74,2.608000,13
78,75,2.659000,13
78,76,2.588000,14
78,77,2.123000,14
78,78,0.775000,8
78,79,1.731000,11
78,80,1.943000,10
78,81,2.051000,11
78,82,2.387000,11
78,83,1.948000,10
78,84,1.934000,10
78,85,1.831000,10
78,86,2.206000,10
78,87,2.175000,13
78,88,2.489000,13
78,89,1.810000,9
78,90,1.580000,9
78,91,2.245000,9
78,92,2.035000,12
78,93,2.058000,8
78,94,1.810000,9
78,95,1.183000,7
78,96,1.182000,5
79,1,2.315000,11
79,2,4.058000,11
79,3,3.067000,12
79,4,2.680000,11
79,5,2.208000,13
79,6,1.227000,10
79,7,2.213000,8
79,8,2.921000,10
79,9,2.046000,8
79,10,2.553000,12
79,11,2.883000,12
79,12,2.060000,13
79,13,2.387000,13
79,14,3.355000,9
79,15,2.104000,11
79,16,2.129000,10
79,17,2.244000,13
79,18,1.519000,14
79,19,2.063000,10
79,20,5.608000,22
79,21,3.530000,16
79,22,2.083000,12
79,23,1.931000,16
79,24,0.441000,7
79,25,2.033000,7
79,26,3.588000,12
79,27,2.543000,12
79,28,3.101000,17
79,29,3.197000,20
79,30,0.858000,10
79,31,2.212000,10
79,32,3.867000,13
79,33,1.974000,9
79,34,2.811000,13
79,35,2.861000,13
79,36,1.072000,13
79,37,2.747000,13
79,38,3.719000,13
79,39,2.943000,13
79,40,2.504000,12
79,41,2.193000,12
79,42,0.965000,9
79,43,2.212000,9
79,44,2.101000,8
79,45,2.353000,8
79,46,1.841000,8
79,47,2.039000,10
79,48,2.237000,10
79,49,1.990000,10
79,50,2.794000,10
79,51,2.509000,10
79,52,2.801000,10
79,53,2.422000,10
79,54,1.835000,10
79,55,1.986000,10
79,56,4.078000,10
79,57,1.990000,10
79,58,1.790000,10
79,59,2.216000,11
79,60,2.452000,10
79,61,1.900000,10
79,62,2.266000,10
79,63,2.994000,10
79,64,2.267000,10
79,65,1.835000,9
79,66,1.495000,8
79,67,1.574000,8
79,68,4.030000,14
79,69,2.356000,12
79,70,3.074000,13
79,71,2.267000,13
79,72,1.028000,13
79,73,2.195000,12
79,74,3.474000,13
79,75,2.832000,13
79,76,2.647000,12
79,77,2.532000,14
79,78,1.385000,11
79,79,1.746000,10
79,80,3.316000,11
79,81,2.784000,10
79,82,1.701000,10
79,83,2.299000,10
79,84,2.261000,10
79,85,1.937000,10
79,86,2.763000,10
79,87,3.446000,13
79,88,2.285000,13
79,89,1.663000,9
79,90,1.317000,7
79,91,1.648000,9
79,92,2.969000,12
79,93,2.455000,9
79,94,3.396000,16
79,95,1.701000,7
79,96,1.368000,5
80,1,2.301000,12
80,2,3.010000,11
80,3,2.339000,12
80,4,2.034000,9
80,5,2.312000,13
80,6,1.322000,10
80,7,1.802000,8
80,8,2.239000,10
80,9,1.620000,8
80,10,2.990000,12
80,11,2.383000,9
80,12,1.141000,9
80,13,1.949000,9
80,14,2.844000,13
80,15,2.431000,11
80,16,2.163000,10
80,17,3.007000,13
80,18,1.930000,14
80,19,2.237000,10
80,20,12.003000,46
80,21,0.472000,16
80,22,0.117000,12
80,23,0.165000,16
80,24,0.094000,7
80,25,1.358000,7
80,26,2.312000,12
80,27,3.016000,12
80,28,4.303000,17
80,29,3.100000,19
80,30,0.743000,10
80,31,2.259000,10
80,32,3.000000,13
80,33,1.634000,9
80,34,3.316000,13
80,35,3.205000,13
80,36,1.469000,13
80,37,2.786000,13
80,38,2.899000,13
80,39,2.416000,13
80,40,2.610000,12
80,41,2.597000,12
80,42,1.165000,9
80,43,1.771000,9
80,44,1.579000,8
80,45,1.904000,8
80,46,1.822000,8
80,47,2.224000,10
80,48,1.944000,9
80,49,2.134000,10
80,50,2.180000,10
80,51,2.405000,10
80,52,2.633000,10
80,53,2.368000,10
80,54,0.796000,10
80,55,1.937000,10
80,56,1.943000,10
80,57,2.051000,10
80,58,3.120000,10
80,59,2.467000,10
80,60,2.147000,11
80,61,1.796000,11
80,62,2.396000,11
80,63,2.349000,11
80,64,2.538000,10
80,65,2.908000,11
80,66,1.515000,9
80,67,2.197000,8
80,68,3.476000,14
80,69,2.951000,12
80,70,2.719000,12
80,71,2.297000,13
80,72,1.111000,13
80,73,1.801000,11
80,74,2.417000,13
80,75,2.502000,13
80,76,2.730000,13
80,77,2.860000,14
80,78,1.305000,8
80,79,2.187000,10
80,80,2.380000,10
80,81,1.720000,11
80,82,2.718000,11
80,83,2.142000,10
80,84,2.251000,10
80,85,2.198000,10
80,86,1.948000,10
80,87,3.002000,13
80,88,3.043000,13
80,89,2.007000,9
80,90,1.208000,7
80,91,1.698000,9
80,92,2.391000,12
80,93,1.552000,8
80,94,3.348000,17
80,95,2.028000,8
80,96,1.276000,5
81,1,1.933000,12
81,2,1.927000,11
81,3,2.363000,12
81,4,2.237000,7
81,5,3.106000,13
81,6,2.583000,8
81,7,2.342000,9
81,8,2.157000,10
81,9,1.827000,8
81,10,2.728000,12
81,11,3.478000,13
81,12,3.022000,13
81,13,2.433000,13
81,14,2.735000,13
81,15,2.275000,11
81,16,2.243000,10
81,17,3.838000,14
81,18,2.556000,14
81,19,1.887000,10
81,20,3.852000,21
81,21,3.022000,16
81,22,4.123000,13
81,23,2.579000,16
81,24,0.353000,7
81,25,2.413000,11
81,26,2.129000,12
81,27,2.594000,15
81,28,3.545000,17
81,29,4.725000,19
81,30,1.005000,10
81,31,2.123000,10
81,32,2.447000,13
81,33,3.029000,13
81,34,3.916000,13
81,35,3.001000,13
81,36,1.173000,13
81,37,2.983000,13
81,38,2.296000,13
81,39,1.866000,13
81,40,3.006000,12
81,41,3.403000,12
81,42,1.855000,11
81,43,2.124000,9
81,44,2.845000,11
81,45,2.102000,8
81,46,1.899000,8
81,47,2.730000,10
81,48,3.107000,10
81,49,2.421000,10
81,50,1.951000,10
81,51,2.228000,10
81,52,2.478000,10
81,53,3.255000,10
81,54,2.750000,10
81,55,2.121000,10
81,56,2.273000,10
81,57,1.767000,10
81,58,2.169000,10
81,59,2.642000,10
81,60,3.134000,10
81,61,2.333000,10
81,62,2.128000,10
81,63,2.666000,10
81,64,2.529000,11
81,65,2.889000,9
81,66,2.292000,8
81,67,1.759000,8
81,68,2.895000,15
81,69,2.172000,12
81,70,2.375000,13
81,71,3.290000,13
81,72,2.844000,13
81,73,2.268000,12
81,74,2.510000,13
81,75,2.825000,13
81,76,3.605000,13
81,77,2.904000,16
81,78,0.338000,9
81,79,2.123000,11
81,80,2.073000,10
81,81,2.615000,10
81,82,2.420000,10
81,83,3.294000,10
81,84,3.014000,10
81,85,2.300000,10
81,86,1.629000,10
81,87,2.699000,12
81,88,2.773000,13
81,89,3.380000,10
81,90,2.377000,8
81,91,1.663000,9
81,92,3.025000,12
81,93,2.135000,9
81,94,3.140000,15
81,95,2.743000,8
81,96,1.854000,5
82,1,3.381000,12
82,2,3.049000,11
82,3,3.373000,12
82,4,2.070000,7
82,5,3.141000,13
82,6,2.557000,8
82,7,2.952000,9
82,8,2.692000,10
82,9,1.824000,8
82,10,3.639000,12
82,11,2.527000,9
82,12,2.533000,9
82,13,2.854000,9
82,14,3.282000,13
82,15,2.835000,11
82,16,2.404000,10
82,17,3.821000,14
82,18,3.396000,14
82,19,3.864000,11
82,20,4.586000,20
82,21,3.208000,12
82,22,3.555000,12
82,23,3.290000,16
82,24,0.454000,7
82,25,3.326000,12
82,26,2.969000,12
82,27,4.029000,14
82,28,3.341000,17
82,29,4.691000,19
82,30,0.764000,10
82,31,2.967000,10
82,32,3.716000,13
82,33,3.630000,13
82,34,3.497000,13
82,35,3.583000,13
82,36,0.637000,13
82,37,3.717000,13
82,38,3.356000,13
82,39,3.425000,13
82,40,2.879000,11
82,41,3.583000,12
82,42,1.658000,11
82,43,2.157000,9
82,44,3.649000,13
82,45,1.971000,8
82,46,2.484000,8
82,47,3.037000,10
82,48,2.655000,10
82,49,3.095000,10
82,50,3.052000,10
82,51,2.695000,10
82,52,2.450000,10
82,53,3.112000,10
82,54,3.224000,10
82,55,3.180000,10
82,56,3.304000,10
82,57,3.314000,10
82,58,2.370000,10
82,59,3.106000,11
82,60,2.835000,11
82,61,3.755000,11
82,62,3.102000,11
82,63,3.176000,11
82,64,2.887000,10
82,65,3.248000,10
82,66,2.052000,9
82,67,2.916000,8
82,68,3.511000,15
82,69,3.533000,12
82,70,3.418000,12
82,71,3.408000,13
82,72,1.800000,13
82,73,3.638000,12
82,74,3.480000,13
82,75,3.407000,14
82,76,3.370000,13
82,77,4.257000,16
82,78,0.827000,8
82,79,2.843000,9
82,80,2.773000,11
82,81,2.469000,10
82,82,3.135000,11
82,83,2.714000,10
82,84,2.925000,10
82,85,3.315000,10
82,86,2.921000,10
82,87,3.372000,12
82,88,3.244000,13
82,89,2.995000,10
82,90,2.478000,9
82,91,2.894000,9
82,92,3.110000,12
82,93,2.620000,9
82,94,3.962000,16
82,95,2.366000,8
82,96,1.854000,5
83,1,2.979000,12
83,2,2.802000,11
83,3,2.647000,12
83,4,1.949000,7
83,5,3.369000,13
83,6,1.715000,8
83,7,2.171000,9
83,8,2.431000,10
83,9,1.953000,8
83,10,2.809000,12
83,11,1.956000,9
83,12,3.102000,13
83,13,2.918000,13
83,14,3.397000,13
83,15,2.463000,11
83,16,2.833000,10
83,17,3.446000,14
83,18,2.253000,14
83,19,2.771000,10
83,20,5.255000,22
83,21,2.860000,12
83,22,3.121000,12
83,23,3.324000,21
83,24,0.117000,7
83,25,3.362000,12
83,26,3.210000,12
83,27,3.016000,14
83,28,2.871000,12
83,29,3.731000,19
83,30,1.152000,10
83,31,2.326000,10
83,32,2.811000,13
83,33,2.997000,13
83,34,2.709000,13
83,35,3.262000,13
83,36,2.587000,13
83,37,3.088000,13
83,38,3.122000,13
83,39,2.809000,13
83,40,2.700000,12
83,41,2.762000,12
83,42,1.415000,9
83,43,2.169000,9
83,44,2.608000,9
83,45,2.230000,8
83,46,1.758000,8
83,47,2.737000,10
83,48,2.657000,10
83,49,2.521000,10
83,50,2.854000,10
83,51,2.592000,10
83,52,2.485000,10
83,53,2.830000,10
83,54,2.273000,10
83,55,2.535000,10
83,56,2.706000,10
83,57,2.422000,10
83,58,2.534000,10
83,59,2.925000,10
83,60,2.481000,10
83,61,2.565000,10
83,62,2.872000,10
83,63,2.439000,10
83,64,2.993000,10
83,65,2.627000,11
83,66,2.023000,8
83,67,2.533000,8
83,68,2.990000,15
83,69,2.457000,12
83,70,2.648000,13
83,71,3.101000,13
83,72,1.301000,13
83,73,2.759000,12
83,74,2.928000,13
83,75,2.847000,14
83,76,3.079000,13
83,77,3.866000,16
83,78,1.100000,9
83,79,2.761000,11
83,80,2.599000,10
83,81,2.511000,11
83,82,2.265000,10
83,83,2.514000,10
83,84,2.615000,10
83,85,2.759000,10
83,86,2.704000,10
83,87,2.847000,13
83,88,3.271000,14
83,89,2.307000,9
83,90,1.857000,7
83,91,2.471000,9
83,92,2.783000,12
83,93,2.184000,9
83,94,3.427000,16
83,95,2.085000,8
83,96,1.694000,5
84,1,5.005000,12
84,2,3.164000,11
84,3,3.210000,12
84,4,2.051000,7
84,5,3.772000,13
84,6,2.528000,8
84,7,3.689000,9
84,8,3.141000,10
84,9,1.931000,8
84,10,3.332000,12
84,11,3.320000,13
84,12,3.862000,9
84,13,3.994000,9
84,14,3.381000,13
84,15,3.422000,11
84,16,2.513000,10
84,17,3.939000,14
84,18,3.900000,14
84,19,3.988000,10
84,20,4.911000,20
84,21,2.955000,11
84,22,3.953000,12
84,23,4.776000,16
84,24,0.772000,7
84,25,4.744000,12
84,26,2.790000,12
84,27,3.364000,14
84,28,3.298000,12
84,29,5.273000,19
84,30,0.319000,10
84,31,3.321000,10
84,32,3.763000,13
84,33,3.024000,13
84,34,3.405000,13
84,35,3.598000,13
84,36,3.729000,13
84,37,3.992000,13
84,38,3.711000,13
84,39,3.382000,13
84,40,3.222000,11
84,41,3.749000,12
84,42,3.025000,12
84,43,3.607000,9
84,44,2.597000,9
84,45,2.161000,8
84,46,2.707000,8
84,47,2.829000,10
84,48,2.915000,10
84,49,3.994000,10
84,50,3.544000,10
84,51,3.174000,10
84,52,3.023000,10
84,53,2.545000,10
84,54,3.518000,10
84,55,4.192000,10
84,56,3.334000,10
84,57,2.632000,10
84,58,2.713000,10
84,59,3.553000,10
84,60,2.097000,11
84,61,3.989000,11
84,62,3.212000,11
84,63,2.830000,11
84,64,3.579000,11
84,65,2.429000,9
84,66,3.381000,9
84,67,3.986000,8
84,68,3.852000,15
84,69,2.958000,12
84,70,3.320000,12
84,71,3.432000,13
84,72,3.366000,13
84,73,3.979000,12
84,74,3.543000,13
84,75,3.541000,14
84,76,3.907000,13
84,77,4.802000,17
84,78,1.318000,8
84,79,3.109000,9
84,80,3.397000,10
84,81,2.483000,10
84,82,3.091000,11
84,83,3.113000,10
84,84,3.251000,10
84,85,4.014000,10
84,86,2.876000,10
84,87,3.224000,12
84,88,4.069000,14
84,89,3.022000,9
84,90,2.495000,7
84,91,3.348000,9
84,92,3.105000,12
84,93,3.101000,10
84,94,3.543000,16
84,95,1.684000,6
84,96,2.457000,5
85,1,4.263000,12
85,2,3.281000,11
85,3,4.100000,12
85,4,2.372000,7
85,5,4.930000,13
85,6,3.146000,8
85,7,3.661000,9
85,8,2.484000,10
85,9,3.746000,8
85,10,3.970000,12
85,11,3.713000,9
85,12,4.726000,13
85,13,3.924000,13
85,14,4.127000,13
85,15,3.924000,11
85,16,3.510000,10
85,17,4.666000,14
85,18,3.676000,14
85,19,3.965000,10
85,20,7.817000,22
85,21,4.678000,16
85,22,3.862000,12
85,23,0.868000,16
85,24,0.153000,7
85,25,4.254000,12
85,26,3.287000,12
85,27,4.867000,14
85,28,4.458000,11
85,29,5.570000,19
85,30,1.023000,10
85,31,3.650000,10
85,32,3.479000,13
85,33,4.538000,13
85,34,4.482000,13
85,35,4.685000,13
85,36,2.810000,13
85,37,3.875000,13
85,38,5.126000,13
85,39,4.279000,13
85,40,4.780000,12
85,41,4.287000,12
85,42,1.624000,11
85,43,4.498000,13
85,44,3.170000,9
85,45,3.000000,8
85,46,2.789000,8
85,47,4.449000,10
85,48,3.677000,10
85,49,3.417000,10
85,50,3.005000,10
85,51,4.043000,10
85,52,3.838000,10
85,53,3.433000,10
85,54,3.587000,10
85,55,3.343000,10
85,56,2.673000,10
85,57,3.809000,10
85,58,4.179000,10
85,59,3.948000,10
85,60,3.547000,10
85,61,3.255000,10
85,62,2.835000,10
85,63,3.984000,10
85,64,3.769000,10
85,65,4.503000,11
85,66,3.318000,8
85,67,2.938000,8
85,68,3.770000,14
85,69,5.366000,12
85,70,3.830000,13
85,71,4.193000,13
85,72,3.295000,13
85,73,3.816000,12
85,74,3.505000,13
85,75,5.003000,13
85,76,4.151000,13
85,77,5.480000,17
85,78,1.648000,9
85,79,3.649000,10
85,80,2.643000,10
85,81,4.004000,10
85,82,3.725000,10
85,83,3.995000,10
85,84,2.889000,10
85,85,3.283000,10
85,86,2.858000,10
85,87,4.999000,13
85,88,4.651000,13
85,89,3.539000,9
85,90,3.235000,7
85,91,3.662000,9
85,92,3.753000,12
85,93,3.532000,9
85,94,5.095000,16
85,95,6.500000,21
85,96,1.321000,5
