iteration,subproblem,solve_time_sec,ipopt_iters
1,1,3.932000,15
1,2,3.311000,14
1,3,3.942000,14
1,4,4.520000,14
1,5,3.577000,14
1,6,4.015000,14
1,7,4.024000,14
1,8,4.150000,14
1,9,4.474000,14
1,10,4.296000,14
1,11,4.328000,15
1,12,2.434000,14
1,13,4.022000,14
1,14,3.468000,14
1,15,3.422000,14
1,16,2.704000,14
1,17,3.728000,14
1,18,3.969000,14
1,19,3.740000,14
1,20,3.925000,14
1,21,3.616000,15
1,22,4.110000,16
1,23,3.717000,15
1,24,3.507000,14
1,25,3.912000,15
1,26,4.706000,14
1,27,4.217000,14
1,28,4.480000,14
1,29,3.508000,14
1,30,2.084000,14
1,31,4.055000,15
1,32,3.689000,15
1,33,4.026000,15
1,34,4.242000,15
1,35,3.716000,14
1,36,3.353000,14
1,37,3.562000,14
1,38,4.054000,14
1,39,4.260000,14
1,40,3.806000,14
1,41,3.438000,14
1,42,3.791000,14
1,43,3.532000,14
1,44,4.354000,14
1,45,3.750000,14
1,46,3.061000,15
1,47,4.165000,15
1,48,2.909000,14
1,49,4.080000,15
1,50,3.474000,14
1,51,3.969000,14
1,52,3.810000,14
1,53,4.160000,14
1,54,3.416000,14
1,55,4.077000,14
1,56,4.099000,14
1,57,4.407000,14
1,58,4.587000,14
1,59,3.402000,14
1,60,1.122000,14
1,61,3.780000,14
1,62,3.701000,14
1,63,4.270000,14
1,64,4.492000,15
1,65,3.754000,15
1,66,1.553000,14
1,67,3.718000,14
1,68,3.327000,14
1,69,4.254000,14
1,70,4.478000,14
1,71,3.336000,14
1,72,3.489000,15
1,73,4.022000,16
1,74,4.190000,15
1,75,3.991000,15
1,76,2.979000,14
1,77,4.126000,14
1,78,4.042000,14
1,79,3.592000,14
1,80,4.117000,15
1,81,4.055000,14
1,82,3.311000,14
1,83,3.500000,14
1,84,3.687000,14
1,85,3.690000,14
1,86,4.220000,14
1,87,3.511000,14
1,88,3.833000,14
1,89,3.788000,14
1,90,3.514000,14
1,91,4.022000,14
1,92,3.660000,14
1,93,3.577000,14
1,94,2.947000,14
1,95,4.328000,14
1,96,3.604000,13
2,1,2.379000,9
2,2,1.972000,7
2,3,1.893000,5
2,4,1.650000,5
2,5,1.810000,5
2,6,0.232000,5
2,7,1.498000,5
2,8,1.582000,5
2,9,1.951000,5
2,10,1.812000,6
2,11,1.646000,5
2,12,1.439000,6
2,13,1.426000,6
2,14,1.500000,5
2,15,1.873000,6
2,16,1.349000,5
2,17,1.708000,5
2,18,1.754000,5
2,19,2.131000,6
2,20,2.006000,6
2,21,2.252000,6
2,22,1.591000,6
2,23,1.325000,6
2,24,0.985000,6
2,25,1.297000,5
2,26,1.850000,6
2,27,1.470000,6
2,28,2.066000,6
2,29,1.044000,5
2,30,1.524000,5
2,31,1.662000,6
2,32,1.745000,6
2,33,2.036000,7
2,34,1.588000,6
2,35,1.688000,6
2,36,1.382000,6
2,37,1.309000,5
2,38,1.943000,6
2,39,1.600000,5
2,40,1.702000,5
2,41,1.595000,5
2,42,1.261000,5
2,43,1.206000,5
2,44,1.592000,5
2,45,1.070000,5
2,46,1.662000,5
2,47,1.314000,5
2,48,1.480000,5
2,49,1.696000,5
2,50,1.579000,5
2,51,1.451000,5
2,52,1.631000,5
2,53,1.598000,5
2,54,1.000000,5
2,55,1.392000,5
2,56,2.154000,6
2,57,1.621000,5
2,58,1.526000,5
2,59,1.438000,5
2,60,0.781000,4
2,61,1.440000,5
2,62,1.594000,5
2,63,1.636000,4
2,64,1.717000,5
2,65,1.952000,5
2,66,1.552000,5
2,67,2.064000,7
2,68,1.901000,6
2,69,1.921000,6
2,70,1.444000,6
2,71,2.004000,6
2,72,0.896000,6
2,73,2.239000,6
2,74,2.114000,6
2,75,1.820000,6
2,76,2.332000,6
2,77,1.371000,7
2,78,0.266000,6
2,79,1.558000,6
2,80,1.454000,6
2,81,1.525000,6
2,82,2.053000,6
2,83,1.816000,6
2,84,1.603000,7
2,85,1.567000,6
2,86,1.968000,6
2,87,1.496000,6
2,88,1.742000,6
2,89,1.843000,6
2,90,1.381000,5
2,91,1.944000,6
2,92,1.620000,6
2,93,1.592000,5
2,94,1.947000,6
2,95,1.637000,6
2,96,1.140000,5
3,1,2.605000,8
3,2,1.909000,7
3,3,2.009000,6
3,4,1.294000,5
3,5,2.036000,5
3,6,1.659000,5
3,7,1.553000,5
3,8,1.213000,5
3,9,1.325000,5
3,10,2.631000,6
3,11,1.698000,5
3,12,1.644000,5
3,13,1.808000,6
3,14,1.790000,5
3,15,1.314000,5
3,16,1.604000,5
3,17,1.270000,5
3,18,2.190000,6
3,19,1.808000,5
3,20,2.138000,6
3,21,2.091000,6
3,22,1.460000,6
3,23,2.408000,6
3,24,1.726000,6
3,25,2.234000,6
3,26,1.932000,5
3,27,1.711000,5
3,28,2.926000,6
3,29,2.149000,5
3,30,0.920000,5
3,31,1.802000,6
3,32,2.228000,6
3,33,1.739000,6
3,34,2.460000,6
3,35,2.523000,6
3,36,1.058000,6
3,37,2.240000,5
3,38,1.844000,6
3,39,1.757000,5
3,40,1.449000,5
3,41,1.455000,5
3,42,1.720000,5
3,43,1.529000,5
3,44,1.788000,5
3,45,2.017000,5
3,46,1.930000,6
3,47,1.983000,5
3,48,1.075000,5
3,49,1.997000,7
3,50,1.436000,5
3,51,1.627000,5
3,52,1.400000,5
3,53,1.519000,5
3,54,1.599000,5
3,55,1.458000,5
3,56,2.333000,6
3,57,1.293000,5
3,58,1.710000,5
3,59,1.625000,4
3,60,1.604000,4
3,61,1.640000,5
3,62,1.738000,5
3,63,1.291000,4
3,64,1.915000,8
3,65,1.934000,6
3,66,1.948000,6
3,67,2.234000,6
3,68,2.115000,7
3,69,2.112000,6
3,70,1.990000,6
3,71,1.877000,6
3,72,1.384000,6
3,73,1.987000,6
3,74,1.754000,6
3,75,1.809000,6
3,76,1.874000,6
3,77,2.233000,7
3,78,1.606000,6
3,79,1.798000,6
3,80,2.130000,6
3,81,2.342000,7
3,82,2.180000,6
3,83,2.384000,6
3,84,1.066000,7
3,85,1.990000,6
3,86,1.742000,6
3,87,2.067000,6
3,88,1.520000,5
3,89,2.030000,6
3,90,1.575000,5
3,91,1.638000,6
3,92,2.308000,6
3,93,1.930000,5
3,94,1.884000,5
3,95,1.396000,7
3,96,0.159000,5
4,1,3.229000,9
4,2,2.110000,6
4,3,1.771000,6
4,4,1.367000,6
4,5,1.451000,5
4,6,0.884000,5
4,7,2.141000,5
4,8,1.110000,5
4,9,1.473000,5
4,10,2.034000,6
4,11,1.364000,5
4,12,1.556000,5
4,13,2.242000,6
4,14,1.301000,5
4,15,1.790000,5
4,16,1.592000,6
4,17,1.240000,5
4,18,0.824000,6
4,19,1.903000,6
4,20,1.382000,5
4,21,1.863000,6
4,22,1.606000,6
4,23,1.927000,7
4,24,1.427000,6
4,25,2.144000,6
4,26,1.841000,5
4,27,2.202000,6
4,28,1.568000,5
4,29,1.429000,5
4,30,1.111000,5
4,31,1.886000,5
4,32,1.875000,6
4,33,2.586000,6
4,34,2.105000,6
4,35,0.941000,6
4,36,0.157000,6
4,37,1.704000,6
4,38,2.091000,6
4,39,1.337000,5
4,40,2.062000,5
4,41,1.208000,5
4,42,1.084000,5
4,43,1.652000,5
4,44,1.802000,5
4,45,1.293000,5
4,46,1.322000,5
4,47,1.519000,5
4,48,1.722000,5
4,49,1.652000,5
4,50,1.189000,5
4,51,1.924000,5
4,52,1.204000,5
4,53,1.421000,5
4,54,1.474000,5
4,55,1.590000,5
4,56,1.872000,5
4,57,1.654000,6
4,58,1.980000,6
4,59,1.217000,5
4,60,1.558000,5
4,61,1.355000,5
4,62,2.106000,5
4,63,1.297000,5
4,64,2.058000,6
4,65,1.632000,6
4,66,1.908000,6
4,67,2.595000,6
4,68,1.672000,6
4,69,1.838000,6
4,70,1.744000,7
4,71,1.957000,6
4,72,1.111000,6
4,73,2.236000,6
4,74,1.727000,6
4,75,1.762000,6
4,76,2.158000,6
4,77,2.125000,6
4,78,0.904000,7
4,79,2.150000,6
4,80,2.198000,6
4,81,1.798000,6
4,82,1.925000,7
4,83,1.770000,7
4,84,1.144000,7
4,85,2.445000,6
4,86,1.729000,6
4,87,1.885000,5
4,88,1.600000,5
4,89,1.587000,6
4,90,1.338000,6
4,91,1.690000,5
4,92,1.870000,6
4,93,1.689000,5
4,94,1.600000,6
4,95,1.327000,6
4,96,0.493000,5
5,1,2.094000,7
5,2,2.796000,6
5,3,1.528000,6
5,4,1.965000,6
5,5,1.649000,5
5,6,1.373000,5
5,7,1.555000,5
5,8,1.368000,5
5,9,1.826000,5
5,10,2.050000,6
5,11,2.299000,5
5,12,1.631000,5
5,13,1.912000,5
5,14,1.462000,5
5,15,1.829000,5
5,16,1.857000,6
5,17,1.948000,6
5,18,1.395000,5
5,19,1.913000,6
5,20,2.041000,6
5,21,2.238000,5
5,22,2.214000,6
5,23,1.981000,7
5,24,1.297000,6
5,25,1.417000,5
5,26,1.048000,5
5,27,1.609000,6
5,28,2.085000,5
5,29,2.074000,6
5,30,1.724000,5
5,31,1.912000,6
5,32,1.970000,5
5,33,2.310000,6
5,34,2.700000,7
5,35,2.056000,5
5,36,0.957000,6
5,37,1.469000,5
5,38,1.432000,6
5,39,2.259000,6
5,40,2.555000,6
5,41,1.550000,5
5,42,1.558000,5
5,43,1.528000,5
5,44,1.213000,5
5,45,1.901000,5
5,46,1.756000,5
5,47,1.725000,6
5,48,2.126000,7
5,49,1.674000,6
5,50,1.494000,5
5,51,1.842000,5
5,52,1.807000,6
5,53,2.246000,5
5,54,1.345000,5
5,55,1.230000,5
5,56,1.966000,5
5,57,1.441000,5
5,58,1.300000,5
5,59,1.531000,5
5,60,1.504000,5
5,61,1.519000,5
5,62,2.140000,5
5,63,1.705000,5
5,64,1.076000,4
5,65,1.816000,6
5,66,1.852000,6
5,67,2.106000,5
5,68,2.214000,7
5,69,1.766000,7
5,70,1.858000,6
5,71,1.752000,6
5,72,1.192000,6
5,73,2.310000,6
5,74,1.835000,6
5,75,2.216000,6
5,76,2.270000,6
5,77,2.229000,6
5,78,1.018000,6
5,79,2.310000,7
5,80,1.592000,6
5,81,1.859000,6
5,82,1.959000,7
5,83,2.477000,7
5,84,1.300000,6
5,85,1.560000,6
5,86,2.556000,6
5,87,1.994000,5
5,88,1.824000,6
5,89,2.300000,5
5,90,1.530000,6
5,91,1.320000,5
5,92,1.190000,5
5,93,2.889000,6
5,94,2.046000,7
5,95,1.569000,7
5,96,0.144000,5
6,1,2.425000,7
6,2,1.896000,5
6,3,2.488000,6
6,4,1.685000,6
6,5,2.057000,6
6,6,1.445000,6
6,7,1.942000,6
6,8,1.774000,6
6,9,1.715000,6
6,10,2.077000,6
6,11,1.612000,6
6,12,2.305000,6
6,13,1.980000,6
6,14,2.285000,6
6,15,2.242000,6
6,16,1.995000,6
6,17,2.183000,6
6,18,1.655000,6
6,19,2.221000,6
6,20,2.114000,7
6,21,2.073000,6
6,22,2.095000,7
6,23,2.320000,6
6,24,1.963000,12
6,25,1.607000,6
6,26,1.351000,5
6,27,2.185000,6
6,28,1.705000,6
6,29,2.148000,6
6,30,2.057000,6
6,31,2.247000,6
6,32,2.111000,6
6,33,2.053000,6
6,34,2.100000,6
6,35,1.745000,6
6,36,2.036000,6
6,37,2.423000,6
6,38,2.130000,6
6,39,1.732000,5
6,40,1.410000,5
6,41,1.955000,5
6,42,1.479000,5
6,43,2.192000,5
6,44,1.744000,5
6,45,1.783000,6
6,46,1.368000,5
6,47,1.769000,6
6,48,3.900000,24
6,49,1.753000,5
6,50,5.280000,26
6,51,1.474000,5
6,52,1.750000,5
6,53,1.777000,6
6,54,0.811000,6
6,55,2.007000,6
6,56,1.787000,5
6,57,1.693000,5
6,58,1.456000,5
6,59,2.060000,5
6,60,1.495000,5
6,61,1.729000,5
6,62,1.379000,5
6,63,2.576000,6
6,64,1.226000,4
6,65,1.857000,5
6,66,1.914000,4
6,67,2.646000,6
6,68,2.307000,7
6,69,2.330000,6
6,70,1.670000,5
6,71,2.384000,6
6,72,1.234000,6
6,73,2.419000,6
6,74,2.843000,7
6,75,2.010000,6
6,76,1.903000,6
6,77,1.384000,5
6,78,0.982000,6
6,79,2.235000,6
6,80,2.182000,6
6,81,1.991000,6
6,82,1.901000,7
6,83,1.843000,6
6,84,1.765000,6
6,85,2.640000,7
6,86,2.575000,7
6,87,1.990000,6
6,88,1.966000,6
6,89,2.371000,5
6,90,1.194000,6
6,91,2.265000,6
6,92,1.921000,5
6,93,1.770000,5
6,94,2.089000,5
6,95,0.937000,7
6,96,0.100000,5
7,1,2.840000,7
7,2,2.132000,6
7,3,2.452000,6
7,4,2.375000,6
7,5,2.261000,5
7,6,0.860000,6
7,7,2.302000,6
7,8,2.065000,6
7,9,1.598000,6
7,10,1.821000,6
7,11,1.240000,6
7,12,2.170000,6
7,13,2.381000,6
7,14,2.393000,6
7,15,2.203000,6
7,16,1.879000,6
7,17,2.487000,6
7,18,0.640000,6
7,19,1.814000,6
7,20,1.784000,6
7,21,1.521000,6
7,22,1.620000,6
7,23,2.385000,6
7,24,3.457000,15
7,25,1.973000,6
7,26,1.747000,6
7,27,1.883000,6
7,28,1.638000,6
7,29,2.443000,6
7,30,2.196000,6
7,31,2.284000,6
7,32,1.535000,5
7,33,2.193000,6
7,34,1.967000,6
7,35,2.195000,6
7,36,1.999000,6
7,37,2.300000,6
7,38,2.074000,6
7,39,1.925000,5
7,40,2.334000,5
7,41,1.907000,5
7,42,1.928000,5
7,43,1.670000,5
7,44,1.552000,5
7,45,1.536000,6
7,46,1.748000,5
7,47,5.457000,24
7,48,1.590000,18
7,49,2.392000,6
7,50,2.066000,7
7,51,1.650000,6
7,52,1.902000,6
7,53,4.677000,25
7,54,1.041000,25
7,55,5.171000,25
7,56,1.638000,6
7,57,1.983000,6
7,58,1.921000,6
7,59,1.560000,7
7,60,0.586000,7
7,61,1.893000,7
7,62,1.605000,5
7,63,1.403000,6
7,64,2.230000,8
7,65,1.349000,4
7,66,1.985000,5
7,67,2.114000,6
7,68,1.839000,5
7,69,1.682000,6
7,70,1.656000,6
7,71,1.787000,6
7,72,1.960000,6
7,73,2.174000,6
7,74,1.736000,6
7,75,3.054000,7
7,76,1.783000,6
7,77,2.826000,6
7,78,1.440000,6
7,79,1.932000,5
7,80,2.217000,6
7,81,1.810000,6
7,82,2.433000,6
7,83,1.925000,6
7,84,1.792000,6
7,85,2.126000,6
7,86,2.257000,6
7,87,1.668000,6
7,88,1.608000,6
7,89,2.235000,6
7,90,2.234000,6
7,91,1.816000,5
7,92,2.566000,6
7,93,1.956000,6
7,94,1.820000,5
7,95,2.294000,6
7,96,1.561000,5
8,1,2.977000,7
8,2,2.170000,5
8,3,2.491000,6
8,4,2.064000,6
8,5,2.047000,6
8,6,1.417000,6
8,7,1.938000,6
8,8,2.385000,6
8,9,1.802000,5
8,10,2.106000,6
8,11,2.269000,6
8,12,2.000000,6
8,13,2.438000,6
8,14,2.561000,6
8,15,1.660000,6
8,16,2.472000,6
8,17,2.213000,6
8,18,1.653000,6
8,19,2.488000,6
8,20,2.279000,6
8,21,2.228000,6
8,22,1.910000,6
8,23,1.823000,6
8,24,3.688000,30
8,25,2.298000,7
8,26,2.143000,6
8,27,1.926000,6
8,28,2.096000,6
8,29,2.893000,6
8,30,1.297000,6
8,31,2.384000,6
8,32,2.365000,6
8,33,2.595000,6
8,34,1.849000,6
8,35,1.832000,6
8,36,1.069000,6
8,37,2.139000,6
8,38,2.262000,6
8,39,1.604000,5
8,40,1.591000,5
8,41,2.100000,6
8,42,2.103000,6
8,43,1.614000,6
8,44,1.706000,5
8,45,5.461000,26
8,46,1.599000,6
8,47,3.279000,17
8,48,0.989000,17
8,49,5.482000,24
8,50,2.336000,7
8,51,4.989000,24
8,52,1.868000,25
8,53,0.122000,7
8,54,0.116000,7
8,55,2.066000,7
8,56,4.504000,25
8,57,2.490000,6
8,58,1.466000,6
8,59,1.818000,6
8,60,1.039000,5
8,61,1.602000,5
8,62,6.100000,27
8,63,1.627000,4
8,64,2.532000,8
8,65,1.381000,5
8,66,0.907000,6
8,67,1.930000,5
8,68,2.038000,5
8,69,2.003000,6
8,70,2.220000,6
8,71,2.638000,6
8,72,1.946000,5
8,73,1.744000,6
8,74,2.210000,6
8,75,2.273000,6
8,76,2.664000,7
8,77,2.850000,6
8,78,1.794000,6
8,79,1.634000,6
8,80,2.030000,6
8,81,2.207000,6
8,82,2.030000,6
8,83,2.080000,6
8,84,2.251000,6
8,85,2.475000,6
8,86,2.512000,6
8,87,2.233000,6
8,88,1.981000,5
8,89,2.100000,6
8,90,1.330000,6
8,91,2.231000,6
8,92,2.142000,6
8,93,1.790000,5
8,94,1.469000,5
8,95,2.018000,6
8,96,2.287000,5
9,1,2.371000,7
9,2,2.680000,6
9,3,1.202000,5
9,4,1.767000,5
9,5,2.372000,6
9,6,1.270000,6
9,7,1.557000,5
9,8,1.818000,5
9,9,1.741000,6
9,10,1.514000,6
9,11,2.071000,6
9,12,1.990000,6
9,13,2.119000,6
9,14,1.603000,6
9,15,1.713000,6
9,16,1.415000,6
9,17,2.034000,6
9,18,1.268000,6
9,19,2.297000,6
9,20,1.823000,6
9,21,1.805000,6
9,22,2.423000,6
9,23,1.863000,6
9,24,2.109000,9
9,25,1.728000,5
9,26,2.397000,6
9,27,1.765000,6
9,28,2.450000,6
9,29,1.807000,6
9,30,1.521000,6
9,31,2.028000,6
9,32,2.090000,6
9,33,1.436000,6
9,34,2.236000,6
9,35,1.782000,6
9,36,1.666000,6
9,37,1.515000,5
9,38,2.337000,8
9,39,1.900000,6
9,40,1.525000,5
9,41,2.283000,6
9,42,2.132000,6
9,43,1.728000,5
9,44,2.392000,6
9,45,3.074000,16
9,46,1.867000,5
9,47,3.803000,18
9,48,0.485000,18
9,49,4.138000,18
9,50,2.005000,7
9,51,4.070000,18
9,52,1.613000,7
9,53,0.773000,7
9,54,0.458000,7
9,55,2.127000,7
9,56,2.102000,7
9,57,1.729000,6
9,58,1.695000,6
9,59,4.862000,25
9,60,0.804000,25
9,61,5.317000,26
9,62,1.952000,7
9,63,1.246000,4
9,64,1.726000,6
9,65,1.223000,6
9,66,1.096000,5
9,67,2.128000,7
9,68,1.995000,7
9,69,2.129000,6
9,70,3.330000,7
9,71,1.913000,6
9,72,0.685000,6
9,73,1.926000,5
9,74,1.792000,6
9,75,2.030000,6
9,76,1.718000,6
9,77,2.065000,7
9,78,1.436000,6
9,79,2.289000,6
9,80,2.408000,6
9,81,1.610000,6
9,82,2.443000,7
9,83,2.160000,6
9,84,1.276000,6
9,85,2.124000,6
9,86,2.145000,6
9,87,1.640000,7
9,88,1.552000,6
9,89,1.505000,6
9,90,2.171000,6
9,91,1.720000,5
9,92,1.467000,5
9,93,1.457000,5
9,94,1.527000,5
9,95,1.439000,6
9,96,1.322000,5
10,1,2.176000,7
10,2,2.568000,6
10,3,2.154000,6
10,4,1.888000,5
10,5,1.763000,6
10,6,1.314000,6
10,7,1.557000,6
10,8,1.800000,6
10,9,2.202000,6
10,10,2.876000,6
10,11,1.632000,6
10,12,1.864000,6
10,13,2.386000,6
10,14,1.689000,6
10,15,2.053000,6
10,16,2.191000,6
10,17,1.805000,6
10,18,1.218000,6
10,19,1.808000,5
10,20,2.535000,6
10,21,1.637000,5
10,22,2.623000,6
10,23,1.752000,6
10,24,1.123000,10
10,25,2.560000,6
10,26,2.294000,6
10,27,1.845000,6
10,28,2.126000,6
10,29,1.856000,6
10,30,1.330000,6
10,31,2.160000,6
10,32,1.769000,6
10,33,1.757000,6
10,34,1.798000,6
10,35,2.040000,6
10,36,1.621000,6
10,37,2.128000,6
10,38,1.240000,4
10,39,1.485000,5
10,40,2.112000,7
10,41,1.728000,6
10,42,1.850000,6
10,43,5.195000,25
10,44,1.735000,6
10,45,3.401000,17
10,46,1.657000,25
10,47,0.474000,18
10,48,0.215000,17
10,49,4.435000,18
10,50,2.396000,7
10,51,3.664000,18
10,52,2.114000,18
10,53,0.435000,16
10,54,0.293000,7
10,55,2.059000,7
10,56,1.872000,7
10,57,1.487000,5
10,58,5.443000,25
10,59,1.226000,7
10,60,0.601000,7
10,61,2.053000,7
10,62,2.218000,7
10,63,1.579000,5
10,64,2.720000,7
10,65,1.289000,4
10,66,1.354000,5
10,67,1.743000,5
10,68,1.969000,8
10,69,2.240000,6
10,70,1.888000,6
10,71,1.450000,6
10,72,1.702000,6
10,73,2.464000,6
10,74,1.834000,5
10,75,1.727000,6
10,76,2.438000,6
10,77,1.594000,6
10,78,1.453000,6
10,79,2.637000,7
10,80,2.736000,6
10,81,1.770000,6
10,82,1.672000,6
10,83,1.136000,6
10,84,0.647000,6
10,85,1.701000,6
10,86,2.354000,6
10,87,1.954000,6
10,88,2.417000,6
10,89,1.430000,5
10,90,1.834000,6
10,91,1.459000,5
10,92,1.567000,6
10,93,1.835000,6
10,94,1.291000,5
10,95,2.447000,6
10,96,1.581000,5
11,1,2.103000,7
11,2,1.836000,6
11,3,2.042000,5
11,4,1.336000,6
11,5,1.661000,5
11,6,1.300000,5
11,7,1.460000,5
11,8,1.403000,5
11,9,1.134000,5
11,10,2.241000,6
11,11,2.265000,6
11,12,1.264000,5
11,13,2.047000,6
11,14,2.053000,6
11,15,2.146000,6
11,16,1.484000,6
11,17,2.128000,6
11,18,0.880000,6
11,19,1.798000,6
11,20,2.137000,6
11,21,1.906000,6
11,22,2.196000,6
11,23,2.075000,6
11,24,1.479000,11
11,25,2.087000,6
11,26,1.959000,6
11,27,2.540000,6
11,28,1.305000,6
11,29,1.947000,6
11,30,1.210000,6
11,31,1.583000,6
11,32,1.747000,6
11,33,1.888000,6
11,34,2.116000,6
11,35,1.881000,5
11,36,1.340000,5
11,37,1.574000,4
11,38,1.988000,5
11,39,1.656000,5
11,40,4.470000,24
11,41,2.186000,25
11,42,0.406000,24
11,43,2.073000,8
11,44,5.576000,25
11,45,2.476000,8
11,46,1.101000,8
11,47,0.378000,8
11,48,0.245000,8
11,49,2.485000,8
11,50,2.233000,8
11,51,2.295000,8
11,52,1.806000,7
11,53,1.915000,7
11,54,0.859000,7
11,55,1.935000,7
11,56,2.069000,7
11,57,4.603000,25
11,58,1.775000,7
11,59,0.966000,7
11,60,0.458000,7
11,61,1.686000,7
11,62,2.004000,7
11,63,1.161000,4
11,64,1.688000,6
11,65,1.832000,6
11,66,1.413000,5
11,67,1.068000,4
11,68,1.667000,5
11,69,1.837000,6
11,70,1.859000,6
11,71,1.449000,4
11,72,1.955000,6
11,73,1.433000,4
11,74,1.416000,4
11,75,1.151000,4
11,76,1.591000,6
11,77,1.662000,5
11,78,1.018000,5
11,79,1.199000,5
11,80,1.548000,4
11,81,1.811000,6
11,82,2.076000,6
11,83,1.800000,5
11,84,1.905000,6
11,85,2.281000,6
11,86,1.138000,5
11,87,1.720000,5
11,88,2.291000,6
11,89,1.756000,6
11,90,0.912000,5
11,91,1.800000,5
11,92,1.762000,6
11,93,1.392000,5
11,94,1.648000,6
11,95,2.124000,6
11,96,1.423000,5
12,1,2.548000,8
12,2,2.284000,6
12,3,2.086000,6
12,4,2.323000,6
12,5,1.497000,6
12,6,0.979000,6
12,7,1.925000,6
12,8,2.077000,6
12,9,1.920000,6
12,10,1.522000,6
12,11,2.545000,6
12,12,1.131000,6
12,13,1.627000,6
12,14,2.099000,5
12,15,1.501000,6
12,16,1.888000,6
12,17,1.273000,6
12,18,0.265000,6
12,19,1.712000,6
12,20,1.562000,6
12,21,2.215000,6
12,22,1.396000,6
12,23,1.950000,6
12,24,2.218000,8
12,25,2.076000,6
12,26,1.518000,6
12,27,2.278000,6
12,28,1.523000,6
12,29,2.050000,6
12,30,1.580000,6
12,31,1.404000,6
12,32,1.554000,6
12,33,2.045000,6
12,34,2.133000,6
12,35,1.597000,6
12,36,2.653000,12
12,37,1.419000,5
12,38,1.139000,4
12,39,2.322000,6
12,40,1.671000,7
12,41,1.980000,7
12,42,2.118000,8
12,43,2.608000,8
12,44,3.152000,11
12,45,2.171000,8
12,46,2.358000,8
12,47,1.467000,8
12,48,0.288000,8
12,49,2.728000,8
12,50,1.934000,8
12,51,2.202000,8
12,52,1.874000,7
12,53,1.810000,7
12,54,1.214000,7
12,55,1.940000,7
12,56,1.826000,8
12,57,2.100000,7
12,58,1.552000,7
12,59,1.928000,7
12,60,1.616000,7
12,61,1.673000,7
12,62,1.763000,7
12,63,2.297000,8
12,64,1.578000,4
12,65,1.195000,4
12,66,1.612000,4
12,67,1.898000,6
12,68,1.489000,6
12,69,1.500000,4
12,70,1.362000,4
12,71,1.812000,6
12,72,1.536000,6
12,73,2.637000,6
12,74,2.116000,6
12,75,2.212000,6
12,76,1.156000,4
12,77,1.747000,5
12,78,1.167000,4
12,79,2.377000,6
12,80,2.126000,6
12,81,1.552000,6
12,82,1.812000,5
12,83,1.484000,5
12,84,1.426000,5
12,85,1.572000,5
12,86,2.017000,5
12,87,1.613000,5
12,88,1.739000,5
12,89,1.781000,6
12,90,2.006000,5
12,91,1.834000,5
12,92,1.505000,5
12,93,1.886000,6
12,94,2.344000,6
12,95,1.847000,6
12,96,1.142000,5
13,1,2.220000,8
13,2,1.344000,6
13,3,1.588000,5
13,4,1.929000,6
13,5,2.325000,6
13,6,1.628000,6
13,7,1.648000,5
13,8,1.901000,6
13,9,2.058000,6
13,10,1.698000,5
13,11,1.071000,5
13,12,1.942000,5
13,13,1.698000,6
13,14,1.997000,6
13,15,1.924000,6
13,16,1.580000,5
13,17,1.893000,6
13,18,1.646000,5
13,19,2.567000,6
13,20,1.654000,6
13,21,1.482000,6
13,22,1.871000,6
13,23,1.958000,6
13,24,1.611000,8
13,25,1.635000,6
13,26,1.739000,6
13,27,2.567000,6
13,28,1.766000,6
13,29,1.800000,6
13,30,0.510000,6
13,31,2.583000,5
13,32,2.654000,6
13,33,2.452000,6
13,34,2.380000,6
13,35,1.098000,6
13,36,0.494000,6
13,37,1.640000,6
13,38,1.328000,5
13,39,1.852000,6
13,40,1.950000,8
13,41,2.972000,7
13,42,1.403000,7
13,43,2.441000,8
13,44,2.652000,8
13,45,2.533000,8
13,46,4.220000,24
13,47,0.174000,11
13,48,0.104000,8
13,49,1.957000,8
13,50,2.745000,8
13,51,1.845000,8
13,52,2.652000,7
13,53,1.690000,7
13,54,0.958000,7
13,55,1.922000,7
13,56,2.108000,7
13,57,2.153000,7
13,58,1.981000,7
13,59,1.707000,7
13,60,1.236000,7
13,61,2.081000,7
13,62,1.741000,7
13,63,1.317000,4
13,64,1.979000,6
13,65,1.651000,4
13,66,1.774000,8
13,67,1.567000,6
13,68,1.438000,4
13,69,1.455000,6
13,70,1.283000,5
13,71,2.160000,5
13,72,1.939000,6
13,73,1.658000,6
13,74,1.868000,6
13,75,1.868000,5
13,76,2.299000,8
13,77,1.790000,6
13,78,1.765000,6
13,79,1.438000,4
13,80,1.822000,7
13,81,2.294000,6
13,82,2.132000,6
13,83,1.564000,6
13,84,1.580000,6
13,85,2.098000,6
13,86,2.163000,6
13,87,2.012000,6
13,88,2.229000,6
13,89,1.712000,5
13,90,1.296000,5
13,91,1.833000,5
13,92,1.731000,5
13,93,1.620000,6
13,94,1.893000,6
13,95,2.279000,6
13,96,0.877000,5
14,1,2.446000,7
14,2,2.166000,6
14,3,1.384000,6
14,4,2.387000,6
14,5,1.733000,6
14,6,0.933000,6
14,7,1.989000,6
14,8,1.834000,5
14,9,1.467000,5
14,10,2.071000,6
14,11,1.606000,5
14,12,1.511000,6
14,13,1.406000,5
14,14,1.901000,6
14,15,2.030000,6
14,16,1.564000,6
14,17,1.783000,6
14,18,1.478000,6
14,19,1.985000,6
14,20,1.985000,6
14,21,1.648000,5
14,22,1.929000,6
14,23,2.783000,6
14,24,1.242000,7
14,25,1.795000,6
14,26,1.358000,5
14,27,2.218000,6
14,28,1.928000,6
14,29,2.013000,6
14,30,1.125000,6
14,31,2.129000,6
14,32,1.696000,6
14,33,2.174000,6
14,34,2.045000,6
14,35,1.282000,4
14,36,1.485000,6
14,37,1.723000,6
14,38,2.275000,6
14,39,5.192000,25
14,40,2.003000,13
14,41,0.628000,9
14,42,0.146000,8
14,43,2.171000,8
14,44,2.105000,8
14,45,2.120000,8
14,46,2.602000,8
14,47,1.111000,8
14,48,0.376000,8
14,49,2.074000,8
14,50,2.286000,8
14,51,1.906000,7
14,52,2.368000,7
14,53,1.793000,7
14,54,1.063000,7
14,55,2.056000,7
14,56,2.101000,7
14,57,1.386000,7
14,58,2.021000,7
14,59,1.949000,7
14,60,1.350000,8
14,61,1.984000,7
14,62,2.076000,7
14,63,1.373000,6
14,64,1.774000,5
14,65,1.850000,7
14,66,1.623000,6
14,67,1.038000,4
14,68,1.733000,5
14,69,1.847000,6
14,70,1.648000,6
14,71,2.110000,6
14,72,1.214000,4
14,73,1.747000,5
14,74,2.088000,6
14,75,1.220000,6
14,76,1.458000,5
14,77,2.039000,6
14,78,2.015000,5
14,79,2.453000,5
14,80,2.198000,7
14,81,1.149000,4
14,82,1.479000,6
14,83,1.886000,6
14,84,1.369000,6
14,85,1.984000,7
14,86,1.697000,5
14,87,1.526000,6
14,88,1.523000,5
14,89,2.580000,6
14,90,1.365000,5
14,91,1.985000,5
14,92,1.596000,5
14,93,2.420000,6
14,94,1.702000,6
14,95,1.598000,6
14,96,1.282000,5
15,1,1.991000,8
15,2,2.119000,6
15,3,1.736000,6
15,4,1.352000,6
15,5,2.080000,6
15,6,1.971000,6
15,7,1.616000,6
15,8,1.463000,6
15,9,2.090000,6
15,10,1.807000,5
15,11,1.973000,6
15,12,2.459000,6
15,13,2.572000,6
15,14,2.063000,5
15,15,2.064000,6
15,16,2.096000,6
15,17,2.046000,5
15,18,0.888000,6
15,19,1.853000,5
15,20,1.820000,6
15,21,2.012000,6
15,22,2.110000,5
15,23,2.362000,6
15,24,2.292000,7
15,25,2.016000,6
15,26,2.177000,6
15,27,1.537000,6
15,28,1.617000,6
15,29,2.096000,6
15,30,2.070000,6
15,31,2.211000,6
15,32,2.530000,6
15,33,2.333000,6
15,34,2.309000,6
15,35,2.021000,6
15,36,0.737000,6
15,37,1.301000,5
15,38,1.542000,6
15,39,3.814000,13
15,40,3.319000,13
15,41,2.538000,15
15,42,0.482000,7
15,43,2.028000,7
15,44,3.335000,17
15,45,2.489000,8
15,46,2.548000,8
15,47,2.126000,8
15,48,0.602000,8
15,49,2.293000,8
15,50,2.003000,7
15,51,1.870000,7
15,52,2.041000,7
15,53,2.496000,7
15,54,1.811000,7
15,55,2.242000,8
15,56,2.114000,8
15,57,1.722000,7
15,58,2.356000,8
15,59,1.807000,7
15,60,2.067000,7
15,61,2.509000,12
15,62,2.733000,12
15,63,1.616000,6
15,64,1.716000,5
15,65,1.335000,4
15,66,1.488000,4
15,67,2.029000,5
15,68,2.207000,6
15,69,1.104000,4
15,70,1.140000,4
15,71,1.478000,4
15,72,1.776000,6
15,73,1.960000,5
15,74,1.865000,5
15,75,1.692000,4
15,76,1.826000,6
15,77,2.646000,6
15,78,2.199000,6
15,79,2.481000,6
15,80,2.944000,6
15,81,1.707000,7
15,82,1.226000,4
15,83,1.362000,4
15,84,1.769000,4
15,85,1.408000,6
15,86,2.211000,6
15,87,1.331000,6
15,88,2.070000,6
15,89,1.913000,5
15,90,2.011000,4
15,91,1.618000,5
15,92,1.681000,5
15,93,2.050000,6
15,94,1.408000,6
15,95,2.382000,6
15,96,2.678000,5
16,1,1.719000,5
16,2,2.975000,6
16,3,2.764000,6
16,4,1.846000,5
16,5,2.494000,5
16,6,2.527000,5
16,7,2.243000,5
16,8,2.151000,6
16,9,2.431000,6
16,10,2.119000,6
16,11,2.373000,6
16,12,2.321000,5
16,13,2.203000,5
16,14,1.742000,5
16,15,2.051000,6
16,16,2.479000,6
16,17,2.471000,6
16,18,2.880000,6
16,19,2.650000,6
16,20,2.438000,5
16,21,2.517000,6
16,22,3.024000,6
16,23,1.148000,6
16,24,0.685000,7
16,25,2.445000,6
16,26,2.415000,5
16,27,2.540000,6
16,28,2.413000,6
16,29,1.862000,5
16,30,2.361000,5
16,31,2.365000,6
16,32,2.498000,6
16,33,2.489000,5
16,34,3.059000,6
16,35,3.193000,6
16,36,1.137000,7
16,37,2.469000,6
16,38,1.245000,4
16,39,4.551000,14
16,40,3.977000,13
16,41,1.761000,14
16,42,0.477000,7
16,43,2.338000,7
16,44,4.541000,14
16,45,2.322000,7
16,46,4.758000,14
16,47,1.686000,16
16,48,0.346000,7
16,49,2.648000,7
16,50,3.355000,8
16,51,4.157000,16
16,52,2.929000,7
16,53,1.543000,7
16,54,0.788000,7
16,55,5.550000,20
16,56,2.705000,7
16,57,2.498000,7
16,58,3.811000,12
16,59,1.009000,12
16,60,0.455000,12
16,61,3.414000,11
16,62,3.209000,11
16,63,1.814000,5
16,64,2.278000,5
16,65,3.185000,9
16,66,0.911000,5
16,67,1.804000,4
16,68,1.366000,4
16,69,1.861000,4
16,70,2.067000,4
16,71,1.417000,4
16,72,2.562000,5
16,73,2.424000,5
16,74,1.978000,4
16,75,1.924000,4
16,76,1.872000,5
16,77,1.860000,5
16,78,2.880000,5
16,79,2.139000,5
16,80,1.391000,4
16,81,2.547000,6
16,82,2.339000,5
16,83,2.283000,6
16,84,3.094000,6
16,85,2.437000,5
16,86,2.538000,5
16,87,2.298000,5
16,88,2.436000,5
16,89,1.873000,4
16,90,2.510000,4
16,91,1.973000,4
16,92,1.968000,5
16,93,2.867000,5
16,94,2.258000,5
16,95,2.303000,5
16,96,1.152000,6
17,1,5.440000,24
17,2,1.929000,5
17,3,2.674000,6
17,4,2.492000,6
17,5,1.955000,6
17,6,0.673000,6
17,7,2.416000,6
17,8,2.100000,5
17,9,2.049000,5
17,10,2.685000,6
17,11,3.073000,6
17,12,2.138000,5
17,13,2.435000,6
17,14,2.532000,6
17,15,2.519000,6
17,16,2.565000,6
17,17,1.800000,6
17,18,1.521000,6
17,19,2.235000,5
17,20,2.294000,6
17,21,2.457000,6
17,22,2.032000,5
17,23,2.730000,6
17,24,2.375000,10
17,25,2.432000,6
17,26,1.889000,5
17,27,2.390000,5
17,28,2.546000,6
17,29,1.976000,5
17,30,1.900000,6
17,31,2.413000,5
17,32,2.532000,6
17,33,2.595000,6
17,34,2.470000,6
17,35,2.646000,6
17,36,2.041000,7
17,37,1.742000,4
17,38,2.009000,8
17,39,4.451000,14
17,40,3.812000,13
17,41,2.341000,13
17,42,0.530000,7
17,43,2.467000,7
17,44,3.777000,14
17,45,2.725000,7
17,46,3.650000,14
17,47,2.343000,14
17,48,0.588000,7
17,49,2.409000,7
17,50,2.087000,7
17,51,2.256000,8
17,52,2.597000,7
17,53,2.204000,7
17,54,1.920000,7
17,55,3.542000,12
17,56,3.358000,12
17,57,3.898000,12
17,58,2.638000,11
17,59,0.665000,11
17,60,0.218000,10
17,61,2.617000,8
17,62,2.435000,7
17,63,2.109000,5
17,64,2.308000,5
17,65,2.129000,5
17,66,2.513000,7
17,67,1.759000,5
17,68,2.453000,9
17,69,1.860000,5
17,70,2.222000,5
17,71,2.184000,5
17,72,1.936000,5
17,73,1.651000,5
17,74,1.352000,5
17,75,1.939000,5
17,76,2.062000,5
17,77,1.922000,5
17,78,2.099000,6
17,79,2.135000,5
17,80,2.160000,6
17,81,2.269000,5
17,82,2.370000,5
17,83,2.358000,5
17,84,1.648000,5
17,85,2.155000,5
17,86,2.160000,4
17,87,2.239000,5
17,88,2.106000,5
17,89,1.998000,5
17,90,1.865000,6
17,91,2.108000,5
17,92,2.184000,5
17,93,1.948000,5
17,94,1.893000,5
17,95,2.117000,6
17,96,1.567000,6
18,1,3.679000,10
18,2,2.289000,6
18,3,1.219000,5
18,4,1.268000,5
18,5,1.442000,5
18,6,1.301000,5
18,7,1.802000,4
18,8,1.823000,5
18,9,2.520000,6
18,10,1.324000,5
18,11,1.734000,5
18,12,1.393000,6
18,13,2.746000,6
18,14,2.085000,5
18,15,1.398000,5
18,16,1.804000,6
18,17,1.360000,6
18,18,1.454000,6
18,19,2.803000,6
18,20,2.362000,6
18,21,1.910000,6
18,22,1.720000,5
18,23,1.510000,6
18,24,0.988000,7
18,25,2.577000,6
18,26,2.524000,6
18,27,1.921000,6
18,28,1.863000,6
18,29,1.356000,6
18,30,1.675000,6
18,31,2.658000,6
18,32,2.981000,6
18,33,1.874000,6
18,34,1.298000,4
18,35,1.308000,4
18,36,1.483000,7
18,37,2.609000,6
18,38,1.625000,4
18,39,3.105000,14
18,40,3.671000,14
18,41,1.498000,14
18,42,0.778000,7
18,43,3.340000,7
18,44,3.702000,14
18,45,2.071000,7
18,46,2.300000,14
18,47,0.790000,7
18,48,0.496000,7
18,49,2.611000,8
18,50,2.229000,7
18,51,1.987000,7
18,52,1.336000,7
18,53,1.753000,7
18,54,1.571000,7
18,55,3.582000,11
18,56,2.887000,11
18,57,2.320000,11
18,58,1.482000,7
18,59,0.931000,7
18,60,0.919000,11
18,61,3.507000,11
18,62,4.747000,21
18,63,2.272000,6
18,64,2.493000,22
18,65,1.372000,28
18,66,0.956000,28
18,67,6.291000,26
18,68,4.943000,27
18,69,2.092000,25
18,70,1.186000,26
18,71,0.893000,25
18,72,0.510000,25
18,73,6.131000,25
18,74,4.420000,25
18,75,2.504000,25
18,76,1.464000,27
18,77,0.979000,27
18,78,0.570000,26
18,79,6.852000,28
18,80,4.560000,25
18,81,1.801000,22
18,82,0.370000,6
18,83,0.360000,5
18,84,0.336000,6
18,85,2.364000,5
18,86,2.743000,5
18,87,1.536000,5
18,88,1.439000,5
18,89,1.248000,5
18,90,1.172000,5
18,91,1.937000,4
18,92,1.818000,4
18,93,1.986000,6
18,94,1.622000,6
18,95,0.931000,6
18,96,1.423000,5
19,1,3.972000,8
19,2,2.415000,4
19,3,3.133000,5
19,4,1.873000,5
19,5,1.883000,5
19,6,2.408000,7
19,7,3.604000,6
19,8,3.287000,6
19,9,2.214000,4
19,10,2.116000,5
19,11,1.807000,5
19,12,1.755000,5
19,13,2.666000,5
19,14,3.708000,6
19,15,3.071000,6
19,16,2.600000,6
19,17,1.686000,5
19,18,1.926000,5
19,19,3.265000,6
19,20,3.650000,6
19,21,2.874000,6
19,22,2.158000,5
19,23,2.968000,6
19,24,2.465000,7
19,25,3.526000,6
19,26,3.148000,5
19,27,2.630000,5
19,28,2.341000,5
19,29,1.668000,5
19,30,1.708000,4
19,31,3.355000,5
19,32,3.329000,6
19,33,2.685000,6
19,34,1.371000,4
19,35,1.945000,6
19,36,1.933000,6
19,37,2.246000,4
19,38,2.626000,5
19,39,4.829000,13
19,40,4.328000,16
19,41,2.591000,8
19,42,1.484000,7
19,43,3.212000,7
19,44,5.089000,14
19,45,2.791000,7
19,46,2.876000,8
19,47,2.895000,8
19,48,2.547000,13
19,49,3.421000,7
19,50,4.992000,12
19,51,3.666000,12
19,52,3.377000,12
19,53,2.753000,12
19,54,1.754000,11
19,55,3.340000,7
19,56,3.286000,7
19,57,3.498000,10
19,58,4.293000,19
19,59,4.057000,21
19,60,2.127000,19
19,61,6.756000,20
19,62,5.371000,20
19,63,5.944000,28
19,64,1.654000,8
19,65,1.130000,8
19,66,1.256000,20
19,67,5.359000,13
19,68,4.078000,13
19,69,4.012000,15
19,70,3.817000,18
19,71,2.381000,16
19,72,1.521000,15
19,73,5.550000,16
19,74,4.859000,16
19,75,4.265000,16
19,76,3.122000,14
19,77,2.152000,13
19,78,1.462000,14
19,79,3.537000,8
19,80,4.366000,9
19,81,3.150000,9
19,82,5.916000,26
19,83,2.955000,26
19,84,1.550000,27
19,85,3.365000,7
19,86,6.501000,22
19,87,2.141000,5
19,88,2.467000,5
19,89,2.777000,6
19,90,1.331000,4
19,91,2.792000,5
19,92,2.992000,5
19,93,3.502000,6
19,94,2.438000,6
19,95,2.276000,6
19,96,2.154000,6
20,1,2.320000,7
20,2,2.336000,5
20,3,2.102000,5
20,4,4.039000,5
20,5,2.820000,4
20,6,1.888000,4
20,7,2.693000,6
20,8,2.374000,5
20,9,3.409000,5
20,10,2.452000,5
20,11,3.555000,6
20,12,1.866000,6
20,13,2.322000,5
20,14,3.091000,5
20,15,3.599000,5
20,16,2.878000,5
20,17,2.696000,6
20,18,2.612000,5
20,19,2.473000,5
20,20,3.143000,5
20,21,3.243000,5
20,22,3.532000,6
20,23,2.083000,5
20,24,2.854000,10
20,25,2.694000,5
20,26,2.139000,5
20,27,2.073000,5
20,28,2.559000,5
20,29,3.879000,5
20,30,2.063000,5
20,31,1.908000,5
20,32,2.765000,5
20,33,2.736000,6
20,34,2.805000,5
20,35,3.101000,6
20,36,2.433000,6
20,37,2.497000,6
20,38,2.462000,5
20,39,4.071000,8
20,40,4.825000,12
20,41,3.513000,14
20,42,1.902000,8
20,43,2.405000,7
20,44,3.774000,12
20,45,4.728000,12
20,46,4.039000,12
20,47,2.938000,12
20,48,2.028000,11
20,49,4.079000,12
20,50,4.440000,11
20,51,3.364000,7
20,52,2.933000,7
20,53,2.874000,10
20,54,2.873000,19
20,55,4.691000,18
20,56,7.284000,20
20,57,5.552000,20
20,58,3.196000,19
20,59,1.514000,20
20,60,0.482000,21
20,61,5.010000,18
20,62,7.107000,17
20,63,4.020000,16
20,64,3.639000,20
20,65,1.544000,15
20,66,0.398000,10
20,67,3.788000,11
20,68,4.356000,11
20,69,4.241000,12
20,70,3.589000,16
20,71,2.527000,18
20,72,1.036000,13
20,73,4.383000,14
20,74,5.892000,18
20,75,5.234000,13
20,76,2.755000,11
20,77,1.917000,10
20,78,1.235000,11
20,79,3.723000,12
20,80,6.880000,20
20,81,5.772000,20
20,82,3.412000,19
20,83,1.924000,19
20,84,0.579000,8
20,85,6.917000,25
20,86,6.334000,19
20,87,2.709000,7
20,88,1.579000,5
20,89,1.510000,6
20,90,1.322000,5
20,91,2.401000,5
20,92,3.025000,5
20,93,2.991000,6
20,94,3.419000,5
20,95,2.779000,6
20,96,2.691000,7
21,1,3.200000,14
21,2,4.455000,25
21,3,3.651000,22
21,4,1.535000,5
21,5,1.034000,5
21,6,0.863000,5
21,7,1.811000,5
21,8,1.978000,5
21,9,1.334000,4
21,10,1.646000,5
21,11,1.406000,5
21,12,1.565000,4
21,13,1.837000,5
21,14,1.685000,5
21,15,1.918000,5
21,16,1.723000,5
21,17,1.348000,5
21,18,1.982000,5
21,19,1.968000,5
21,20,1.682000,5
21,21,1.889000,5
21,22,1.588000,5
21,23,1.368000,5
21,24,2.956000,15
21,25,1.314000,5
21,26,1.638000,4
21,27,1.414000,4
21,28,1.406000,4
21,29,1.372000,5
21,30,1.613000,4
21,31,2.133000,5
21,32,2.348000,5
21,33,1.542000,5
21,34,1.620000,6
21,35,1.524000,4
21,36,2.297000,8
21,37,2.367000,5
21,38,1.761000,5
21,39,2.651000,12
21,40,2.247000,11
21,41,2.561000,11
21,42,2.233000,11
21,43,3.116000,11
21,44,1.778000,7
21,45,2.450000,7
21,46,2.015000,7
21,47,2.009000,10
21,48,2.573000,18
21,49,1.873000,8
21,50,3.967000,19
21,51,3.402000,18
21,52,3.268000,17
21,53,2.440000,16
21,54,1.568000,20
21,55,4.637000,19
21,56,2.794000,12
21,57,2.664000,12
21,58,2.564000,15
21,59,1.691000,11
21,60,1.535000,10
21,61,3.751000,14
21,62,2.952000,12
21,63,2.460000,12
21,64,2.246000,13
21,65,1.544000,10
21,66,1.065000,15
21,67,2.907000,9
21,68,2.750000,10
21,69,2.357000,10
21,70,2.087000,10
21,71,2.302000,10
21,72,1.983000,10
21,73,2.797000,10
21,74,2.447000,10
21,75,2.182000,10
21,76,2.728000,10
21,77,3.269000,18
21,78,1.516000,9
21,79,2.652000,9
21,80,2.144000,9
21,81,3.204000,16
21,82,2.613000,13
21,83,2.547000,13
21,84,2.557000,15
21,85,2.655000,11
21,86,4.153000,18
21,87,5.495000,26
21,88,3.203000,25
21,89,1.267000,27
21,90,0.109000,4
21,91,2.370000,6
21,92,1.232000,5
21,93,1.700000,4
21,94,1.528000,5
21,95,1.968000,8
21,96,1.953000,7
22,1,3.921000,12
22,2,5.659000,20
22,3,2.283000,8
22,4,6.486000,25
22,5,2.951000,25
22,6,1.226000,26
22,7,8.788000,28
22,8,5.988000,23
22,9,4.845000,24
22,10,1.512000,8
22,11,0.642000,5
22,12,0.650000,7
22,13,2.570000,5
22,14,2.930000,5
22,15,2.972000,5
22,16,2.348000,6
22,17,2.636000,6
22,18,2.688000,5
22,19,2.644000,5
22,20,2.399000,5
22,21,2.504000,5
22,22,1.545000,5
22,23,2.747000,5
22,24,3.089000,9
22,25,2.578000,5
22,26,2.602000,4
22,27,2.725000,6
22,28,1.515000,4
22,29,1.815000,5
22,30,1.956000,4
22,31,2.535000,5
22,32,2.651000,5
22,33,2.727000,5
22,34,1.747000,5
22,35,1.789000,4
22,36,2.780000,6
22,37,2.512000,5
22,38,3.810000,8
22,39,2.496000,7
22,40,4.082000,17
22,41,5.186000,19
22,42,1.987000,8
22,43,3.260000,8
22,44,6.036000,19
22,45,4.738000,18
22,46,4.115000,18
22,47,2.156000,16
22,48,1.717000,19
22,49,4.999000,19
22,50,6.840000,21
22,51,3.537000,12
22,52,3.087000,15
22,53,1.675000,12
22,54,2.021000,12
22,55,3.678000,12
22,56,4.538000,14
22,57,4.815000,18
22,58,4.917000,18
22,59,2.188000,11
22,60,1.290000,12
22,61,3.834000,11
22,62,5.158000,17
22,63,2.780000,10
22,64,3.491000,10
22,65,4.018000,20
22,66,1.462000,9
22,67,3.460000,9
22,68,3.971000,12
22,69,3.010000,12
22,70,4.204000,12
22,71,2.816000,9
22,72,1.720000,9
22,73,3.620000,9
22,74,3.015000,9
22,75,3.213000,12
22,76,3.954000,12
22,77,2.851000,12
22,78,2.289000,19
22,79,4.036000,9
22,80,5.045000,19
22,81,2.931000,11
22,82,3.492000,10
22,83,2.179000,10
22,84,1.859000,11
22,85,4.653000,15
22,86,4.754000,16
22,87,3.155000,13
22,88,3.480000,13
22,89,2.852000,13
22,90,2.821000,27
22,91,2.200000,5
22,92,2.181000,5
22,93,3.016000,6
22,94,2.835000,6
22,95,3.634000,8
22,96,2.865000,7
23,1,2.146000,11
23,2,2.702000,11
23,3,4.469000,20
23,4,2.170000,12
23,5,3.160000,15
23,6,2.251000,12
23,7,4.960000,19
23,8,2.298000,9
23,9,4.591000,22
23,10,5.264000,27
23,11,2.102000,27
23,12,1.048000,27
23,13,5.243000,24
23,14,5.438000,25
23,15,4.728000,23
23,16,2.350000,24
23,17,0.851000,22
23,18,0.794000,22
23,19,7.053000,29
23,20,3.260000,9
23,21,1.860000,7
23,22,1.533000,5
23,23,1.573000,5
23,24,1.542000,8
23,25,1.664000,5
23,26,1.723000,5
23,27,2.264000,5
23,28,1.484000,5
23,29,1.662000,5
23,30,1.601000,5
23,31,1.488000,5
23,32,1.864000,5
23,33,4.517000,22
23,34,1.872000,5
23,35,2.383000,7
23,36,5.860000,30
23,37,6.826000,28
23,38,5.981000,28
23,39,3.893000,20
23,40,2.077000,17
23,41,0.930000,20
23,42,0.940000,20
23,43,1.890000,8
23,44,2.576000,8
23,45,4.580000,18
23,46,3.209000,12
23,47,2.875000,16
23,48,1.968000,11
23,49,3.315000,12
23,50,2.960000,12
23,51,3.874000,17
23,52,3.022000,13
23,53,3.128000,19
23,54,2.011000,10
23,55,2.562000,11
23,56,2.916000,11
23,57,3.529000,16
23,58,2.628000,10
23,59,2.207000,9
23,60,2.060000,9
23,61,2.978000,9
23,62,2.996000,12
23,63,3.370000,10
23,64,2.914000,11
23,65,3.132000,9
23,66,2.775000,17
23,67,4.558000,19
23,68,3.511000,12
23,69,2.622000,10
23,70,2.939000,11
23,71,2.331000,9
23,72,1.892000,9
23,73,2.032000,9
23,74,3.051000,9
23,75,3.487000,11
23,76,3.074000,12
23,77,2.617000,11
23,78,1.553000,9
23,79,3.828000,18
23,80,3.258000,11
23,81,3.497000,11
23,82,2.528000,10
23,83,3.062000,12
23,84,1.801000,9
23,85,3.365000,12
23,86,5.113000,21
23,87,3.543000,15
23,88,2.240000,10
23,89,2.292000,10
23,90,2.470000,20
23,91,1.729000,6
23,92,2.206000,5
23,93,1.914000,5
23,94,1.803000,5
23,95,3.010000,8
23,96,1.862000,6
24,1,2.547000,9
24,2,3.105000,9
24,3,2.343000,9
24,4,4.161000,19
24,5,3.041000,12
24,6,2.246000,11
24,7,3.286000,12
24,8,3.738000,17
24,9,4.383000,19
24,10,3.610000,16
24,11,3.571000,20
24,12,1.960000,19
24,13,5.239000,21
24,14,2.301000,8
24,15,4.671000,21
24,16,4.852000,20
24,17,2.763000,18
24,18,1.332000,19
24,19,5.235000,20
24,20,6.437000,29
24,21,1.619000,6
24,22,2.821000,8
24,23,4.251000,24
24,24,1.041000,21
24,25,3.821000,11
24,26,2.624000,9
24,27,1.887000,7
24,28,2.554000,6
24,29,1.691000,6
24,30,2.731000,8
24,31,6.334000,26
24,32,5.716000,25
24,33,4.100000,19
24,34,3.969000,25
24,35,1.367000,27
24,36,0.100000,8
24,37,3.302000,8
24,38,2.260000,8
24,39,4.173000,18
24,40,4.296000,19
24,41,3.586000,17
24,42,2.300000,12
24,43,4.869000,17
24,44,2.557000,15
24,45,2.982000,10
24,46,4.380000,16
24,47,2.891000,13
24,48,2.341000,20
24,49,4.584000,18
24,50,2.771000,11
24,51,3.623000,12
24,52,2.962000,11
24,53,4.062000,18
24,54,1.648000,7
24,55,3.647000,11
24,56,2.473000,8
24,57,3.126000,12
24,58,2.960000,10
24,59,3.497000,11
24,60,3.320000,17
24,61,4.559000,19
24,62,2.626000,9
24,63,3.718000,12
24,64,3.598000,12
24,65,2.720000,12
24,66,1.985000,12
24,67,3.840000,12
24,68,3.499000,12
24,69,3.943000,12
24,70,3.217000,12
24,71,3.458000,12
24,72,2.106000,12
24,73,3.860000,12
24,74,3.026000,12
24,75,3.001000,12
24,76,3.573000,12
24,77,3.223000,12
24,78,2.896000,12
24,79,3.962000,12
24,80,2.968000,12
24,81,2.217000,6
24,82,2.350000,7
24,83,2.846000,10
24,84,2.528000,9
24,85,4.395000,11
24,86,2.956000,12
24,87,2.644000,10
24,88,3.848000,14
24,89,2.865000,11
24,90,2.297000,12
24,91,1.721000,7
24,92,2.573000,5
24,93,2.010000,5
24,94,1.421000,4
24,95,2.421000,8
24,96,2.427000,6
25,1,2.889000,12
25,2,4.421000,21
25,3,3.141000,15
25,4,2.415000,11
25,5,2.608000,11
25,6,2.190000,11
25,7,2.237000,9
25,8,4.518000,21
25,9,2.548000,10
25,10,3.617000,18
25,11,2.806000,10
25,12,2.238000,10
25,13,3.233000,13
25,14,4.134000,20
25,15,4.194000,20
25,16,4.654000,21
25,17,2.951000,21
25,18,0.928000,21
25,19,3.821000,19
25,20,4.088000,19
25,21,5.798000,27
25,22,4.458000,23
25,23,0.870000,8
25,24,0.612000,9
25,25,6.263000,27
25,26,3.915000,21
25,27,5.650000,25
25,28,3.110000,22
25,29,0.792000,10
25,30,0.545000,24
25,31,4.259000,20
25,32,3.442000,14
25,33,4.210000,21
25,34,4.306000,20
25,35,2.493000,16
25,36,0.851000,17
25,37,3.904000,16
25,38,3.178000,13
25,39,2.281000,11
25,40,2.632000,12
25,41,2.897000,12
25,42,3.026000,20
25,43,2.214000,10
25,44,2.650000,9
25,45,2.449000,9
25,46,2.610000,12
25,47,2.930000,12
25,48,2.602000,11
25,49,3.526000,16
25,50,3.377000,12
25,51,2.890000,12
25,52,2.893000,12
25,53,2.410000,8
25,54,2.659000,11
25,55,2.487000,10
25,56,4.030000,18
25,57,2.903000,12
25,58,3.006000,13
25,59,3.446000,12
25,60,1.678000,12
25,61,3.439000,12
25,62,3.430000,12
25,63,2.831000,12
25,64,2.949000,12
25,65,3.413000,12
25,66,2.154000,12
25,67,3.415000,12
25,68,3.328000,12
25,69,3.102000,12
25,70,3.223000,12
25,71,3.000000,12
25,72,2.380000,12
25,73,3.250000,12
25,74,3.556000,12
25,75,2.706000,12
25,76,3.085000,12
25,77,3.066000,12
25,78,2.530000,12
25,79,3.415000,12
25,80,3.328000,12
25,81,3.232000,12
25,82,3.164000,12
25,83,2.891000,12
25,84,2.582000,12
25,85,3.419000,12
25,86,2.659000,10
25,87,2.640000,11
25,88,3.460000,17
25,89,2.719000,10
25,90,2.090000,7
25,91,6.431000,26
25,92,1.834000,5
25,93,2.319000,6
25,94,1.885000,5
25,95,2.819000,8
25,96,2.332000,6
26,1,4.480000,21
26,2,3.335000,15
26,3,3.072000,14
26,4,1.888000,7
26,5,1.814000,7
26,6,2.194000,10
26,7,3.956000,17
26,8,3.301000,12
26,9,3.288000,12
26,10,2.485000,10
26,11,2.394000,11
26,12,2.020000,7
26,13,2.164000,9
26,14,2.460000,10
26,15,3.989000,19
26,16,3.228000,16
26,17,3.854000,17
26,18,1.814000,16
26,19,3.218000,16
26,20,4.201000,18
26,21,2.769000,11
26,22,4.334000,20
26,23,2.835000,20
26,24,0.420000,8
26,25,2.032000,9
26,26,4.404000,18
26,27,2.105000,9
26,28,3.908000,20
26,29,3.164000,23
26,30,0.512000,18
26,31,2.637000,10
26,32,2.510000,11
26,33,3.852000,18
26,34,2.762000,11
26,35,2.105000,9
26,36,2.403000,10
26,37,4.183000,20
26,38,2.100000,7
26,39,2.940000,10
26,40,2.375000,10
26,41,2.679000,11
26,42,2.410000,11
26,43,2.577000,12
26,44,3.120000,12
26,45,3.975000,19
26,46,2.042000,8
26,47,2.269000,11
26,48,2.519000,11
26,49,2.158000,10
26,50,2.331000,9
26,51,2.564000,12
26,52,2.746000,11
26,53,3.342000,15
26,54,2.488000,8
26,55,2.511000,11
26,56,2.734000,11
26,57,2.328000,10
26,58,3.004000,13
26,59,2.961000,13
26,60,2.784000,13
26,61,3.126000,12
26,62,3.218000,12
26,63,3.569000,12
26,64,2.911000,12
26,65,2.837000,12
26,66,0.990000,12
26,67,2.918000,12
26,68,3.193000,12
26,69,3.038000,12
26,70,2.903000,12
26,71,3.191000,12
26,72,2.393000,12
26,73,3.130000,12
26,74,2.714000,12
26,75,3.299000,12
26,76,3.159000,12
26,77,3.800000,12
26,78,1.748000,12
26,79,2.946000,12
26,80,2.858000,12
26,81,2.829000,12
26,82,2.950000,12
26,83,3.113000,12
26,84,2.380000,12
26,85,3.126000,12
26,86,3.350000,12
26,87,3.270000,13
26,88,2.330000,8
26,89,3.542000,18
26,90,2.000000,11
26,91,2.735000,10
26,92,1.315000,5
26,93,1.900000,5
26,94,1.281000,4
26,95,2.268000,8
26,96,1.539000,5
27,1,2.370000,9
27,2,2.775000,11
27,3,1.741000,8
27,4,3.853000,15
27,5,2.548000,13
27,6,0.863000,7
27,7,2.652000,11
27,8,1.631000,7
27,9,2.167000,10
27,10,2.441000,10
27,11,2.243000,10
27,12,2.224000,10
27,13,2.240000,10
27,14,1.683000,7
27,15,1.943000,7
27,16,2.220000,7
27,17,2.032000,7
27,18,2.202000,7
27,19,2.135000,8
27,20,1.810000,9
27,21,2.670000,9
27,22,2.106000,7
27,23,3.826000,20
27,24,1.800000,8
27,25,3.009000,13
27,26,2.814000,11
27,27,3.718000,18
27,28,2.266000,7
27,29,3.020000,20
27,30,0.968000,7
27,31,1.846000,8
27,32,1.872000,7
27,33,2.170000,7
27,34,2.951000,11
27,35,2.141000,11
27,36,2.527000,11
27,37,2.475000,11
27,38,2.322000,12
27,39,2.188000,10
27,40,4.897000,21
27,41,2.189000,11
27,42,1.336000,9
27,43,1.867000,8
27,44,2.404000,10
27,45,2.549000,11
27,46,2.710000,12
27,47,2.502000,11
27,48,1.991000,10
27,49,2.472000,9
27,50,2.567000,10
27,51,2.210000,8
27,52,2.572000,10
27,53,2.292000,9
27,54,1.671000,11
27,55,2.634000,10
27,56,2.638000,10
27,57,1.674000,6
27,58,3.652000,13
27,59,2.537000,13
27,60,2.112000,13
27,61,3.348000,12
27,62,3.130000,12
27,63,2.856000,12
27,64,2.998000,12
27,65,2.511000,12
27,66,0.610000,12
27,67,2.634000,12
27,68,2.927000,12
27,69,3.234000,12
27,70,3.033000,12
27,71,2.750000,12
27,72,1.411000,12
27,73,2.831000,12
27,74,3.549000,12
27,75,3.185000,12
27,76,3.167000,12
27,77,2.249000,12
27,78,1.128000,12
27,79,2.852000,12
27,80,3.088000,12
27,81,2.973000,12
27,82,3.192000,12
27,83,2.726000,12
27,84,1.181000,12
27,85,2.754000,12
27,86,2.734000,12
27,87,3.445000,12
27,88,3.070000,14
27,89,2.691000,15
27,90,1.039000,10
27,91,2.634000,12
27,92,1.384000,6
27,93,1.661000,5
27,94,1.990000,5
27,95,2.499000,7
27,96,2.166000,5
28,1,2.370000,10
28,2,3.355000,13
28,3,2.396000,13
28,4,2.972000,12
28,5,1.828000,10
28,6,1.029000,16
28,7,3.115000,13
28,8,1.995000,7
28,9,2.257000,7
28,10,1.674000,7
28,11,2.190000,10
28,12,2.169000,10
28,13,2.076000,10
28,14,1.934000,9
28,15,3.030000,11
28,16,2.664000,11
28,17,2.241000,7
28,18,1.704000,7
28,19,2.205000,10
28,20,2.007000,7
28,21,2.260000,7
28,22,1.933000,7
28,23,2.090000,7
28,24,2.171000,7
28,25,1.913000,7
28,26,2.228000,7
28,27,1.781000,7
28,28,1.410000,7
28,29,1.959000,7
28,30,2.018000,7
28,31,2.934000,11
28,32,2.634000,11
28,33,1.888000,7
28,34,2.415000,11
28,35,2.538000,12
28,36,1.782000,9
28,37,2.849000,11
28,38,3.258000,11
28,39,3.273000,16
28,40,2.602000,9
28,41,1.798000,10
28,42,1.550000,10
28,43,2.574000,10
28,44,1.808000,7
28,45,2.770000,12
28,46,2.814000,13
28,47,2.159000,9
28,48,2.025000,10
28,49,2.547000,10
28,50,2.860000,10
28,51,2.554000,9
28,52,3.110000,10
28,53,2.363000,10
28,54,1.607000,10
28,55,2.518000,10
28,56,2.622000,10
28,57,1.640000,6
28,58,2.848000,13
28,59,3.184000,13
28,60,2.311000,13
28,61,2.950000,12
28,62,2.703000,12
28,63,3.630000,12
28,64,2.677000,12
28,65,2.320000,12
28,66,1.129000,12
28,67,3.287000,12
28,68,3.399000,12
28,69,2.836000,12
28,70,3.510000,12
28,71,2.307000,12
28,72,1.102000,12
28,73,3.317000,12
28,74,3.443000,12
28,75,3.320000,12
28,76,2.581000,12
28,77,2.333000,12
28,78,0.950000,12
28,79,3.283000,12
28,80,2.814000,12
28,81,3.116000,12
28,82,3.239000,12
28,83,2.233000,12
28,84,0.872000,12
28,85,3.113000,12
28,86,3.116000,12
28,87,3.236000,14
28,88,3.592000,16
28,89,2.471000,18
28,90,0.886000,12
28,91,3.118000,13
28,92,1.682000,6
28,93,1.948000,5
28,94,1.936000,6
28,95,1.899000,8
28,96,2.187000,5
29,1,2.943000,10
29,2,2.880000,13
29,3,2.661000,10
29,4,3.693000,14
29,5,2.124000,11
29,6,1.201000,11
29,7,2.735000,12
29,8,3.257000,14
29,9,2.702000,12
29,10,3.044000,10
29,11,1.634000,7
29,12,1.289000,7
29,13,2.039000,9
29,14,3.074000,13
29,15,2.752000,12
29,16,2.442000,10
29,17,1.702000,8
29,18,1.860000,9
29,19,2.590000,12
29,20,2.190000,11
29,21,2.076000,10
29,22,1.651000,7
29,23,2.511000,11
29,24,1.589000,6
29,25,2.562000,11
29,26,1.939000,7
29,27,2.589000,11
29,28,1.967000,7
29,29,2.795000,13
29,30,1.774000,10
29,31,2.734000,12
29,32,2.111000,12
29,33,2.109000,10
29,34,2.708000,11
29,35,2.661000,11
29,36,2.027000,11
29,37,2.910000,13
29,38,2.229000,8
29,39,2.266000,10
29,40,2.510000,10
29,41,1.714000,7
29,42,1.611000,7
29,43,1.932000,7
29,44,2.132000,10
29,45,2.030000,8
29,46,2.765000,12
29,47,2.821000,12
29,48,2.217000,10
29,49,2.739000,10
29,50,2.600000,10
29,51,2.826000,10
29,52,3.041000,10
29,53,2.134000,10
29,54,1.458000,10
29,55,2.560000,10
29,56,2.788000,10
29,57,1.958000,6
29,58,3.218000,13
29,59,2.777000,13
29,60,1.821000,13
29,61,3.140000,12
29,62,2.932000,12
29,63,3.512000,12
29,64,3.036000,12
29,65,2.110000,12
29,66,1.136000,12
29,67,3.316000,12
29,68,3.018000,12
29,69,3.115000,12
29,70,2.900000,12
29,71,2.138000,12
29,72,1.119000,12
29,73,2.734000,12
29,74,3.078000,12
29,75,2.860000,12
29,76,2.814000,12
29,77,2.492000,12
29,78,1.419000,12
29,79,2.732000,12
29,80,3.608000,12
29,81,2.926000,12
29,82,2.912000,12
29,83,1.513000,12
29,84,0.691000,12
29,85,2.837000,12
29,86,3.321000,12
29,87,3.370000,16
29,88,3.937000,17
29,89,1.968000,16
29,90,0.702000,12
29,91,3.140000,13
29,92,1.400000,5
29,93,1.886000,5
29,94,1.668000,4
29,95,1.749000,6
29,96,1.337000,5
30,1,2.499000,12
30,2,2.750000,13
30,3,2.244000,10
30,4,3.010000,12
30,5,2.710000,12
30,6,1.355000,10
30,7,2.644000,12
30,8,2.942000,13
30,9,3.809000,16
30,10,2.966000,14
30,11,2.032000,11
30,12,0.852000,7
30,13,2.002000,7
30,14,1.857000,6
30,15,1.953000,7
30,16,2.178000,10
30,17,2.649000,9
30,18,2.632000,10
30,19,2.252000,11
30,20,2.683000,11
30,21,2.254000,9
30,22,2.780000,10
30,23,2.307000,9
30,24,1.376000,7
30,25,2.499000,11
30,26,1.912000,8
30,27,1.869000,10
30,28,2.126000,10
30,29,2.642000,11
30,30,2.170000,10
30,31,2.500000,11
30,32,2.608000,11
30,33,2.427000,9
30,34,1.724000,8
30,35,2.015000,8
30,36,2.046000,10
30,37,2.500000,10
30,38,2.170000,10
30,39,1.935000,7
30,40,1.697000,7
30,41,2.308000,12
30,42,2.512000,10
30,43,1.972000,9
30,44,1.991000,10
30,45,2.974000,10
30,46,2.500000,8
30,47,2.457000,10
30,48,2.201000,10
30,49,2.488000,10
30,50,2.323000,10
30,51,2.196000,10
30,52,2.282000,10
30,53,2.230000,10
30,54,2.352000,10
30,55,2.499000,10
30,56,2.251000,10
30,57,1.858000,6
30,58,2.984000,13
30,59,3.121000,13
30,60,2.234000,13
30,61,3.305000,12
30,62,3.038000,12
30,63,3.275000,12
30,64,3.020000,12
30,65,1.920000,12
30,66,1.205000,12
30,67,2.921000,12
30,68,2.985000,12
30,69,3.098000,12
30,70,3.142000,12
30,71,2.498000,12
30,72,1.143000,12
30,73,3.090000,12
30,74,3.198000,12
30,75,3.461000,12
30,76,3.116000,12
30,77,1.684000,12
30,78,0.657000,12
30,79,3.308000,12
30,80,3.183000,12
30,81,3.581000,12
30,82,2.883000,12
30,83,2.031000,12
30,84,1.038000,12
30,85,2.884000,12
30,86,2.850000,12
30,87,3.072000,14
30,88,3.472000,17
30,89,2.462000,15
30,90,1.114000,12
30,91,2.755000,11
30,92,1.115000,5
30,93,1.558000,4
30,94,1.521000,6
30,95,1.593000,6
30,96,1.759000,5
31,1,3.381000,12
31,2,3.636000,16
31,3,2.275000,11
31,4,3.050000,11
31,5,3.445000,12
31,6,1.041000,11
31,7,2.959000,12
31,8,2.319000,10
31,9,2.989000,8
31,10,2.381000,12
31,11,2.636000,11
31,12,2.103000,11
31,13,2.486000,10
31,14,2.752000,10
31,15,2.608000,10
31,16,2.459000,10
31,17,2.959000,10
31,18,2.148000,10
31,19,1.552000,7
31,20,3.038000,14
31,21,2.779000,15
31,22,4.254000,20
31,23,2.344000,11
31,24,2.789000,21
31,25,2.021000,10
31,26,2.339000,9
31,27,1.951000,9
31,28,2.532000,10
31,29,2.927000,14
31,30,2.721000,12
31,31,2.375000,10
31,32,2.519000,10
31,33,2.689000,10
31,34,2.344000,10
31,35,2.981000,12
31,36,1.620000,21
31,37,2.475000,13
31,38,1.629000,7
31,39,2.809000,12
31,40,2.210000,7
31,41,2.565000,12
31,42,2.574000,9
31,43,2.007000,9
31,44,3.057000,13
31,45,2.749000,11
31,46,2.449000,11
31,47,2.580000,11
31,48,2.446000,11
31,49,2.979000,11
31,50,2.946000,11
31,51,2.210000,9
31,52,2.940000,11
31,53,3.173000,9
31,54,1.794000,9
31,55,1.658000,9
31,56,2.189000,9
31,57,2.641000,10
31,58,2.621000,10
31,59,2.709000,9
31,60,1.779000,9
31,61,2.779000,9
31,62,2.643000,10
31,63,2.729000,9
31,64,2.122000,6
31,65,2.903000,9
31,66,2.691000,11
31,67,2.618000,11
31,68,2.938000,11
31,69,2.915000,11
31,70,2.438000,11
31,71,3.034000,11
31,72,2.172000,11
31,73,2.626000,11
31,74,3.287000,11
31,75,3.570000,11
31,76,3.553000,11
31,77,2.790000,11
31,78,1.046000,11
31,79,2.421000,11
31,80,2.346000,10
31,81,2.911000,11
31,82,2.968000,11
31,83,2.960000,11
31,84,2.784000,11
31,85,3.150000,12
31,86,3.196000,12
31,87,3.639000,15
31,88,3.372000,16
31,89,2.928000,15
31,90,0.870000,14
31,91,2.225000,12
31,92,6.315000,29
31,93,2.082000,7
31,94,2.146000,6
31,95,2.181000,7
31,96,1.432000,5
32,1,2.978000,11
32,2,3.840000,16
32,3,2.957000,11
32,4,2.753000,11
32,5,2.651000,12
32,6,1.128000,11
32,7,3.624000,12
32,8,3.921000,14
32,9,2.530000,10
32,10,2.563000,13
32,11,2.539000,12
32,12,1.148000,13
32,13,2.732000,11
32,14,2.239000,10
32,15,2.600000,10
32,16,2.360000,10
32,17,2.076000,9
32,18,2.522000,11
32,19,2.734000,10
32,20,2.649000,10
32,21,2.725000,10
32,22,2.310000,8
32,23,2.450000,10
32,24,1.802000,8
32,25,3.069000,10
32,26,1.615000,8
32,27,2.478000,10
32,28,1.924000,6
32,29,2.735000,10
32,30,2.340000,10
32,31,2.460000,11
32,32,2.221000,12
32,33,2.560000,11
32,34,2.348000,12
32,35,2.347000,12
32,36,2.401000,12
32,37,3.461000,12
32,38,2.229000,8
32,39,1.981000,7
32,40,2.908000,12
32,41,4.459000,11
32,42,1.054000,10
32,43,2.728000,10
32,44,2.459000,10
32,45,2.672000,11
32,46,2.654000,11
32,47,2.900000,11
32,48,2.061000,11
32,49,2.991000,11
32,50,2.813000,11
32,51,2.521000,11
32,52,2.643000,11
32,53,2.744000,11
32,54,1.716000,10
32,55,2.731000,10
32,56,2.654000,10
32,57,2.200000,9
32,58,2.594000,10
32,59,2.459000,10
32,60,2.325000,10
32,61,2.559000,10
32,62,2.684000,10
32,63,2.722000,10
32,64,1.892000,6
32,65,2.280000,10
32,66,1.807000,10
32,67,2.517000,10
32,68,3.392000,11
32,69,2.731000,11
32,70,2.970000,11
32,71,2.920000,11
32,72,1.641000,11
32,73,3.434000,11
32,74,3.198000,11
32,75,2.690000,11
32,76,3.451000,11
32,77,2.040000,11
32,78,0.761000,11
32,79,3.275000,11
32,80,3.088000,10
32,81,2.446000,10
32,82,2.956000,11
32,83,2.819000,11
32,84,1.571000,11
32,85,3.020000,11
32,86,3.110000,11
32,87,2.907000,14
32,88,2.980000,15
32,89,2.387000,13
32,90,1.497000,14
32,91,3.892000,16
32,92,2.587000,7
32,93,2.061000,6
32,94,1.999000,6
32,95,2.252000,7
32,96,1.445000,6
33,1,3.421000,13
33,2,2.762000,11
33,3,3.116000,11
33,4,3.098000,12
33,5,2.659000,12
33,6,1.501000,12
33,7,2.061000,9
33,8,2.962000,11
33,9,3.390000,12
33,10,2.511000,13
33,11,3.218000,13
33,12,1.729000,12
33,13,2.682000,11
33,14,2.381000,11
33,15,2.348000,10
33,16,2.074000,9
33,17,1.789000,7
33,18,2.352000,10
33,19,2.475000,10
33,20,2.393000,10
33,21,2.861000,10
33,22,2.190000,9
33,23,2.632000,11
33,24,1.987000,9
33,25,2.187000,10
33,26,1.927000,9
33,27,2.569000,11
33,28,1.852000,8
33,29,2.361000,11
33,30,2.045000,11
33,31,2.871000,12
33,32,2.578000,11
33,33,3.371000,11
33,34,3.326000,12
33,35,2.286000,12
33,36,1.549000,12
33,37,2.601000,12
33,38,1.929000,7
33,39,2.698000,12
33,40,2.758000,11
33,41,2.264000,9
33,42,2.259000,11
33,43,2.419000,9
33,44,2.438000,11
33,45,2.874000,11
33,46,2.190000,11
33,47,2.958000,11
33,48,2.441000,11
33,49,2.856000,11
33,50,2.877000,11
33,51,3.193000,11
33,52,2.358000,11
33,53,2.770000,11
33,54,1.429000,9
33,55,2.240000,9
33,56,2.270000,9
33,57,2.577000,10
33,58,2.998000,10
33,59,2.520000,10
33,60,2.289000,10
33,61,2.547000,10
33,62,2.730000,10
33,63,2.446000,10
33,64,1.876000,6
33,65,2.639000,10
33,66,1.879000,6
33,67,1.881000,6
33,68,2.803000,11
33,69,2.623000,11
33,70,3.338000,11
33,71,3.030000,11
33,72,1.844000,11
33,73,3.120000,11
33,74,3.258000,11
33,75,3.103000,11
33,76,3.173000,11
33,77,2.310000,11
33,78,1.565000,11
33,79,3.027000,11
33,80,2.931000,10
33,81,3.421000,12
33,82,3.047000,11
33,83,2.637000,11
33,84,0.940000,11
33,85,2.871000,11
33,86,3.559000,13
33,87,3.597000,16
33,88,4.180000,19
33,89,1.951000,14
33,90,0.482000,14
33,91,3.074000,13
33,92,2.685000,10
33,93,1.902000,6
33,94,1.784000,5
33,95,1.950000,6
33,96,1.842000,5
34,1,3.333000,13
34,2,2.697000,11
34,3,3.792000,13
34,4,4.098000,12
34,5,1.860000,9
34,6,1.106000,11
34,7,2.478000,11
34,8,3.095000,11
34,9,3.519000,13
34,10,3.873000,16
34,11,2.452000,12
34,12,1.430000,13
34,13,2.852000,13
34,14,2.738000,11
34,15,2.613000,11
34,16,2.309000,11
34,17,2.639000,10
34,18,2.328000,11
34,19,2.179000,10
34,20,2.314000,10
34,21,2.646000,10
34,22,1.843000,8
34,23,2.813000,10
34,24,1.870000,6
34,25,2.289000,11
34,26,1.928000,8
34,27,2.540000,10
34,28,2.152000,9
34,29,2.891000,10
34,30,2.346000,10
34,31,2.632000,11
34,32,2.676000,11
34,33,3.289000,11
34,34,2.705000,12
34,35,2.802000,12
34,36,1.566000,8
34,37,2.042000,7
34,38,2.378000,12
34,39,2.646000,11
34,40,2.549000,9
34,41,2.652000,10
34,42,2.693000,11
34,43,3.029000,11
34,44,2.927000,11
34,45,2.227000,11
34,46,2.694000,11
34,47,2.453000,11
34,48,1.470000,11
34,49,2.329000,11
34,50,2.881000,11
34,51,2.575000,11
34,52,2.420000,11
34,53,2.995000,11
34,54,2.323000,10
34,55,2.820000,10
34,56,2.698000,10
34,57,2.809000,9
34,58,2.538000,10
34,59,2.585000,10
34,60,1.936000,10
34,61,2.304000,10
34,62,2.551000,10
34,63,2.187000,10
34,64,1.840000,6
34,65,2.830000,10
34,66,2.438000,10
34,67,2.140000,6
34,68,2.481000,11
34,69,3.253000,11
34,70,3.244000,11
34,71,2.690000,11
34,72,1.631000,11
34,73,3.324000,11
34,74,3.105000,11
34,75,2.617000,11
34,76,3.358000,11
34,77,2.487000,11
34,78,1.714000,11
34,79,3.330000,11
34,80,3.184000,12
34,81,3.299000,12
34,82,3.112000,11
34,83,2.480000,11
34,84,1.482000,11
34,85,3.130000,11
34,86,3.621000,14
34,87,3.226000,14
34,88,3.481000,16
34,89,2.545000,15
34,90,0.349000,15
34,91,2.468000,13
34,92,2.414000,10
34,93,1.836000,7
34,94,1.658000,5
34,95,1.466000,5
34,96,2.100000,6
35,1,2.571000,12
35,2,2.905000,13
35,3,3.124000,13
35,4,2.183000,11
35,5,2.229000,10
35,6,2.169000,11
35,7,2.599000,9
35,8,2.949000,11
35,9,3.738000,14
35,10,2.560000,10
35,11,3.611000,16
35,12,0.690000,11
35,13,3.254000,11
35,14,3.472000,15
35,15,2.856000,11
35,16,2.858000,11
35,17,2.039000,10
35,18,1.628000,9
35,19,2.624000,11
35,20,2.397000,10
35,21,2.917000,12
35,22,1.961000,9
35,23,2.402000,11
35,24,1.519000,6
35,25,2.678000,10
35,26,2.940000,11
35,27,2.402000,12
35,28,2.455000,10
35,29,2.179000,10
35,30,1.841000,10
35,31,2.589000,12
35,32,2.630000,12
35,33,2.475000,10
35,34,2.938000,12
35,35,2.297000,8
35,36,2.377000,12
35,37,2.631000,12
35,38,2.289000,8
35,39,2.269000,9
35,40,2.609000,10
35,41,3.025000,11
35,42,2.225000,11
35,43,3.177000,11
35,44,3.255000,11
35,45,2.515000,11
35,46,2.659000,11
35,47,2.598000,11
35,48,1.749000,11
35,49,2.761000,11
35,50,3.170000,11
35,51,2.654000,11
35,52,2.701000,11
35,53,2.397000,11
35,54,1.695000,9
35,55,2.527000,9
35,56,2.382000,9
35,57,2.974000,10
35,58,2.918000,10
35,59,2.258000,10
35,60,2.230000,10
35,61,2.272000,10
35,62,2.642000,10
35,63,2.934000,10
35,64,1.827000,6
35,65,2.639000,10
35,66,1.649000,6
35,67,2.289000,10
35,68,2.260000,11
35,69,3.045000,11
35,70,2.833000,11
35,71,2.998000,11
35,72,2.150000,11
35,73,3.043000,11
35,74,3.032000,11
35,75,2.833000,11
35,76,2.744000,11
35,77,2.596000,11
35,78,1.809000,11
35,79,3.182000,11
35,80,3.079000,12
35,81,3.097000,12
35,82,2.937000,11
35,83,2.656000,11
35,84,1.308000,11
35,85,2.997000,12
35,86,3.389000,15
35,87,3.392000,15
35,88,3.181000,17
35,89,2.295000,13
35,90,0.722000,14
35,91,3.479000,14
35,92,2.558000,10
35,93,1.849000,7
35,94,1.679000,5
35,95,1.394000,5
35,96,1.658000,6
36,1,3.317000,14
36,2,2.688000,11
36,3,2.632000,10
36,4,3.271000,10
36,5,2.781000,11
36,6,2.128000,10
36,7,2.879000,11
36,8,2.745000,10
36,9,2.480000,11
36,10,2.647000,11
36,11,2.520000,10
36,12,2.748000,12
36,13,4.310000,14
36,14,2.916000,11
36,15,2.370000,9
36,16,3.276000,13
36,17,2.375000,11
36,18,1.508000,11
36,19,3.076000,12
36,20,2.573000,12
36,21,2.917000,12
36,22,2.762000,11
36,23,3.130000,11
36,24,1.758000,9
36,25,3.459000,12
36,26,2.536000,11
36,27,2.948000,12
36,28,2.377000,10
36,29,2.193000,11
36,30,2.165000,10
36,31,3.250000,12
36,32,2.888000,12
36,33,2.413000,11
36,34,2.590000,9
36,35,2.230000,9
36,36,1.916000,7
36,37,2.854000,12
36,38,3.269000,13
36,39,2.622000,11
36,40,2.588000,12
36,41,2.888000,11
36,42,2.140000,11
36,43,2.491000,11
36,44,3.063000,11
36,45,2.471000,11
36,46,2.531000,11
36,47,2.773000,11
36,48,2.764000,11
36,49,2.831000,11
36,50,3.160000,11
36,51,2.488000,11
36,52,2.508000,11
36,53,2.966000,11
36,54,1.522000,11
36,55,2.499000,11
36,56,2.552000,11
36,57,2.100000,9
36,58,2.779000,9
36,59,2.233000,9
36,60,2.581000,11
36,61,2.513000,9
36,62,2.800000,11
36,63,2.422000,9
36,64,2.228000,9
36,65,2.354000,9
36,66,2.219000,9
36,67,2.599000,9
36,68,3.398000,10
36,69,2.712000,10
36,70,3.410000,10
36,71,2.614000,10
36,72,2.043000,10
36,73,3.074000,10
36,74,2.605000,10
36,75,2.880000,10
36,76,2.965000,10
36,77,2.849000,10
36,78,2.117000,10
36,79,2.809000,10
36,80,2.372000,9
36,81,2.323000,9
36,82,2.752000,10
36,83,2.829000,10
36,84,2.347000,10
36,85,3.473000,14
36,86,3.425000,16
36,87,3.990000,17
36,88,3.401000,15
36,89,2.505000,19
36,90,0.188000,12
36,91,3.076000,13
36,92,2.121000,7
36,93,5.854000,26
36,94,1.525000,5
36,95,2.075000,7
36,96,1.932000,6
37,1,3.011000,14
37,2,2.890000,12
37,3,2.140000,10
37,4,2.863000,11
37,5,2.363000,11
37,6,1.829000,11
37,7,2.304000,10
37,8,2.514000,10
37,9,2.350000,11
37,10,2.476000,10
37,11,2.310000,10
37,12,2.341000,11
37,13,2.934000,13
37,14,2.490000,12
37,15,1.876000,9
37,16,1.989000,9
37,17,2.494000,11
37,18,2.685000,11
37,19,2.765000,12
37,20,2.678000,12
37,21,2.725000,12
37,22,2.822000,11
37,23,2.171000,11
37,24,1.892000,9
37,25,2.914000,12
37,26,3.046000,11
37,27,2.887000,12
37,28,2.414000,11
37,29,2.397000,11
37,30,1.670000,11
37,31,2.516000,12
37,32,3.065000,13
37,33,2.090000,11
37,34,2.260000,9
37,35,1.937000,9
37,36,2.474000,11
37,37,2.562000,13
37,38,3.221000,11
37,39,2.725000,11
37,40,2.514000,11
37,41,2.559000,11
37,42,1.390000,11
37,43,2.769000,11
37,44,2.710000,11
37,45,2.630000,11
37,46,2.670000,11
37,47,2.502000,11
37,48,2.078000,11
37,49,2.481000,11
37,50,3.184000,11
37,51,2.165000,11
37,52,2.529000,11
37,53,2.678000,11
37,54,2.188000,11
37,55,2.765000,11
37,56,2.922000,11
37,57,2.376000,11
37,58,2.517000,11
37,59,2.260000,11
37,60,2.386000,11
37,61,1.866000,9
37,62,2.594000,11
37,63,2.574000,9
37,64,2.102000,9
37,65,2.243000,9
37,66,2.293000,9
37,67,2.188000,9
37,68,1.880000,9
37,69,2.298000,9
37,70,2.341000,9
37,71,2.417000,9
37,72,2.360000,11
37,73,2.312000,9
37,74,2.311000,11
37,75,2.600000,11
37,76,2.448000,10
37,77,4.123000,10
37,78,1.499000,11
37,79,2.304000,11
37,80,2.202000,9
37,81,2.347000,9
37,82,2.280000,11
37,83,2.610000,10
37,84,3.286000,14
37,85,3.622000,15
37,86,3.900000,16
37,87,3.200000,14
37,88,3.170000,15
37,89,0.992000,15
37,90,0.258000,15
37,91,2.762000,13
37,92,3.042000,14
37,93,1.995000,7
37,94,1.274000,5
37,95,1.646000,6
37,96,2.115000,5
38,1,3.136000,14
38,2,3.615000,16
38,3,3.013000,10
38,4,2.082000,10
38,5,2.381000,10
38,6,2.245000,11
38,7,2.905000,11
38,8,2.438000,10
38,9,2.317000,11
38,10,2.878000,11
38,11,2.558000,11
38,12,2.586000,11
38,13,3.027000,13
38,14,3.055000,11
38,15,2.833000,12
38,16,2.350000,9
38,17,2.839000,11
38,18,2.168000,11
38,19,2.938000,12
38,20,3.004000,12
38,21,2.820000,12
38,22,3.003000,11
38,23,2.104000,11
38,24,0.510000,9
38,25,2.515000,12
38,26,2.376000,10
38,27,2.945000,12
38,28,2.570000,9
38,29,2.763000,12
38,30,2.333000,11
38,31,2.539000,13
38,32,2.397000,9
38,33,2.664000,11
38,34,2.468000,9
38,35,2.236000,7
38,36,3.338000,14
38,37,3.545000,13
38,38,3.388000,11
38,39,3.030000,11
38,40,2.134000,11
38,41,2.688000,11
38,42,1.498000,11
38,43,2.453000,11
38,44,2.726000,11
38,45,2.500000,11
38,46,2.869000,11
38,47,2.615000,11
38,48,2.937000,11
38,49,3.046000,11
38,50,2.405000,11
38,51,2.990000,11
38,52,2.852000,11
38,53,2.901000,11
38,54,2.023000,11
38,55,2.485000,11
38,56,3.303000,11
38,57,2.406000,11
38,58,2.697000,11
38,59,2.979000,11
38,60,2.272000,11
38,61,2.490000,9
38,62,2.634000,11
38,63,2.284000,9
38,64,2.456000,9
38,65,2.521000,9
38,66,2.115000,9
38,67,2.094000,9
38,68,1.970000,9
38,69,2.338000,9
38,70,2.688000,9
38,71,2.503000,9
38,72,3.008000,9
38,73,2.076000,9
38,74,2.604000,9
38,75,2.255000,9
38,76,2.621000,9
38,77,2.807000,11
38,78,3.549000,11
38,79,3.134000,10
38,80,2.822000,9
38,81,2.520000,9
38,82,2.502000,10
38,83,2.622000,11
38,84,2.539000,13
38,85,3.238000,15
38,86,3.488000,16
38,87,3.371000,14
38,88,3.042000,15
38,89,2.972000,16
38,90,0.688000,17
38,91,3.468000,17
38,92,2.920000,14
38,93,2.242000,10
38,94,6.918000,30
38,95,1.137000,6
38,96,0.272000,5
39,1,2.587000,10
39,2,4.853000,15
39,3,3.255000,13
39,4,2.993000,11
39,5,3.398000,11
39,6,0.726000,11
39,7,2.592000,11
39,8,2.715000,10
39,9,2.736000,11
39,10,2.757000,11
39,11,3.632000,11
39,12,3.420000,11
39,13,3.141000,12
39,14,3.951000,14
39,15,3.016000,15
39,16,1.782000,7
39,17,4.102000,9
39,18,2.307000,12
39,19,1.727000,9
39,20,2.501000,12
39,21,3.316000,12
39,22,2.353000,10
39,23,3.645000,12
39,24,2.702000,9
39,25,2.795000,12
39,26,2.670000,10
39,27,2.729000,12
39,28,2.474000,11
39,29,3.895000,12
39,30,2.901000,11
39,31,3.016000,9
39,32,2.941000,9
39,33,2.662000,12
39,34,2.009000,8
39,35,2.902000,13
39,36,4.165000,14
39,37,2.742000,11
39,38,3.117000,11
39,39,3.105000,11
39,40,2.715000,11
39,41,3.521000,11
39,42,2.830000,11
39,43,2.200000,11
39,44,2.317000,11
39,45,2.966000,11
39,46,3.099000,11
39,47,4.149000,11
39,48,3.137000,11
39,49,2.937000,11
39,50,3.373000,11
39,51,3.300000,11
39,52,3.028000,11
39,53,3.863000,11
39,54,1.872000,11
39,55,2.588000,11
39,56,2.639000,11
39,57,2.639000,11
39,58,2.563000,11
39,59,2.931000,11
39,60,3.287000,11
39,61,2.419000,9
39,62,2.354000,11
39,63,2.758000,9
39,64,3.068000,9
39,65,3.417000,9
39,66,3.069000,9
39,67,2.592000,9
39,68,2.684000,9
39,69,3.071000,10
39,70,2.830000,10
39,71,3.434000,10
39,72,3.203000,10
39,73,2.811000,10
39,74,2.953000,10
39,75,3.672000,10
39,76,3.214000,10
39,77,3.540000,9
39,78,1.890000,9
39,79,2.435000,9
39,80,2.249000,8
39,81,2.731000,9
39,82,3.454000,10
39,83,3.854000,10
39,84,3.279000,13
39,85,2.937000,15
39,86,4.371000,16
39,87,2.790000,14
39,88,4.006000,16
39,89,3.770000,16
39,90,0.747000,16
39,91,2.934000,13
39,92,3.362000,14
39,93,2.316000,9
39,94,3.683000,14
39,95,3.082000,6
39,96,1.974000,5
40,1,3.538000,13
40,2,3.179000,13
40,3,3.553000,14
40,4,2.674000,11
40,5,2.695000,11
40,6,1.532000,11
40,7,2.756000,11
40,8,2.522000,10
40,9,3.290000,11
40,10,2.731000,11
40,11,2.904000,11
40,12,2.681000,11
40,13,3.033000,11
40,14,3.111000,12
40,15,3.294000,14
40,16,2.628000,12
40,17,2.187000,8
40,18,2.837000,12
40,19,2.142000,9
40,20,2.654000,9
40,21,2.742000,13
40,22,2.526000,10
40,23,3.156000,12
40,24,2.693000,10
40,25,2.887000,12
40,26,2.786000,10
40,27,2.836000,12
40,28,2.484000,10
40,29,2.647000,12
40,30,2.995000,11
40,31,2.307000,9
40,32,2.194000,9
40,33,3.396000,12
40,34,3.192000,13
40,35,3.258000,14
40,36,2.632000,11
40,37,3.043000,11
40,38,3.107000,11
40,39,2.915000,11
40,40,2.738000,11
40,41,3.237000,11
40,42,2.200000,11
40,43,3.287000,11
40,44,3.490000,11
40,45,3.123000,11
40,46,3.142000,11
40,47,1.990000,11
40,48,0.345000,11
40,49,2.714000,11
40,50,3.119000,11
40,51,3.214000,11
40,52,2.958000,11
40,53,2.364000,11
40,54,2.213000,11
40,55,3.491000,11
40,56,2.824000,11
40,57,2.467000,9
40,58,2.533000,11
40,59,2.297000,9
40,60,2.427000,11
40,61,2.647000,9
40,62,3.310000,11
40,63,2.161000,9
40,64,3.059000,11
40,65,2.395000,9
40,66,2.380000,9
40,67,2.934000,10
40,68,2.900000,10
40,69,3.362000,11
40,70,2.850000,11
40,71,3.529000,11
40,72,2.098000,11
40,73,3.289000,11
40,74,3.163000,11
40,75,3.421000,11
40,76,2.620000,11
40,77,3.052000,10
40,78,2.069000,10
40,79,3.008000,9
40,80,2.090000,6
40,81,3.032000,10
40,82,3.315000,10
40,83,2.657000,11
40,84,3.061000,15
40,85,5.016000,17
40,86,4.027000,17
40,87,3.282000,14
40,88,3.820000,16
40,89,1.484000,15
40,90,0.264000,16
40,91,3.659000,15
40,92,2.435000,9
40,93,2.721000,12
40,94,2.627000,11
40,95,1.840000,6
40,96,2.151000,5
41,1,2.604000,14
41,2,2.861000,14
41,3,2.386000,11
41,4,1.919000,11
41,5,1.960000,11
41,6,1.139000,11
41,7,2.357000,11
41,8,2.626000,11
41,9,2.276000,11
41,10,2.007000,11
41,11,1.551000,11
41,12,0.496000,11
41,13,2.034000,11
41,14,1.927000,11
41,15,2.418000,13
41,16,2.543000,13
41,17,1.469000,9
41,18,1.465000,9
41,19,1.800000,9
41,20,1.608000,9
41,21,3.018000,14
41,22,1.969000,12
41,23,2.199000,13
41,24,1.414000,10
41,25,2.542000,15
41,26,2.256000,11
41,27,1.944000,14
41,28,2.280000,12
41,29,2.098000,13
41,30,1.456000,13
41,31,2.358000,11
41,32,2.324000,11
41,33,1.569000,9
41,34,2.016000,13
41,35,2.312000,13
41,36,1.977000,12
41,37,2.363000,11
41,38,2.293000,11
41,39,2.712000,11
41,40,2.461000,11
41,41,2.078000,11
41,42,1.193000,11
41,43,2.062000,11
41,44,2.106000,11
41,45,2.181000,11
41,46,1.678000,11
41,47,2.176000,11
41,48,1.789000,11
41,49,2.162000,11
41,50,2.205000,11
41,51,2.494000,11
41,52,2.373000,11
41,53,2.039000,11
41,54,1.541000,11
41,55,2.670000,11
41,56,1.979000,11
41,57,2.209000,9
41,58,1.797000,9
41,59,2.048000,9
41,60,1.596000,9
41,61,2.467000,11
41,62,2.515000,11
41,63,1.740000,11
41,64,1.958000,10
41,65,2.221000,10
41,66,1.044000,10
41,67,1.471000,6
41,68,1.233000,6
41,69,2.398000,6
41,70,1.393000,6
41,71,1.432000,6
41,72,1.157000,6
41,73,1.711000,6
41,74,1.309000,6
41,75,1.399000,6
41,76,1.699000,6
41,77,1.214000,6
41,78,1.313000,6
41,79,1.955000,9
41,80,1.909000,9
41,81,2.111000,9
41,82,3.028000,11
41,83,2.280000,15
41,84,1.739000,14
41,85,2.233000,12
41,86,2.742000,14
41,87,3.062000,15
41,88,2.466000,15
41,89,2.291000,16
41,90,0.733000,17
41,91,2.448000,11
41,92,2.938000,15
41,93,2.075000,12
41,94,1.782000,11
41,95,1.803000,7
41,96,0.899000,5
42,1,1.884000,12
42,2,2.339000,13
42,3,2.715000,13
42,4,2.238000,12
42,5,2.001000,11
42,6,1.852000,11
42,7,2.492000,11
42,8,1.926000,11
42,9,1.699000,10
42,10,2.180000,11
42,11,2.154000,11
42,12,2.032000,11
42,13,2.083000,11
42,14,2.063000,11
42,15,2.358000,13
42,16,2.818000,12
42,17,1.261000,7
42,18,1.942000,9
42,19,1.532000,9
42,20,1.839000,9
42,21,1.795000,9
42,22,2.619000,12
42,23,2.283000,13
42,24,2.070000,10
42,25,3.178000,15
42,26,2.082000,12
42,27,2.453000,14
42,28,2.000000,11
42,29,2.218000,14
42,30,1.569000,13
42,31,1.818000,11
42,32,2.370000,11
42,33,2.554000,11
42,34,2.172000,14
42,35,2.710000,13
42,36,1.839000,12
42,37,2.270000,12
42,38,1.932000,11
42,39,1.875000,10
42,40,2.324000,11
42,41,2.119000,12
42,42,2.529000,13
42,43,2.099000,12
42,44,2.040000,11
42,45,2.983000,12
42,46,2.073000,12
42,47,2.079000,11
42,48,1.736000,11
42,49,2.650000,11
42,50,2.740000,11
42,51,2.207000,11
42,52,2.075000,11
42,53,2.361000,12
42,54,1.231000,10
42,55,2.270000,11
42,56,2.038000,11
42,57,2.185000,11
42,58,1.715000,9
42,59,1.618000,9
42,60,1.968000,11
42,61,1.860000,10
42,62,2.426000,11
42,63,1.971000,9
42,64,2.344000,11
42,65,2.213000,11
42,66,1.992000,11
42,67,1.286000,6
42,68,2.052000,10
42,69,2.285000,11
42,70,2.407000,11
42,71,2.332000,10
42,72,2.248000,10
42,73,2.553000,12
42,74,1.670000,10
42,75,2.497000,10
42,76,2.349000,10
42,77,2.042000,10
42,78,1.281000,10
42,79,1.894000,11
42,80,2.092000,10
42,81,2.267000,11
42,82,1.966000,10
42,83,2.568000,14
42,84,0.780000,12
42,85,2.270000,12
42,86,2.473000,14
42,87,2.013000,12
42,88,2.344000,14
42,89,2.622000,16
42,90,1.788000,16
42,91,2.395000,13
42,92,2.450000,14
42,93,1.900000,10
42,94,1.403000,7
42,95,3.822000,28
42,96,0.801000,5
43,1,2.493000,13
43,2,2.611000,13
43,3,3.111000,14
43,4,2.344000,13
43,5,2.029000,12
43,6,0.840000,11
43,7,1.784000,11
43,8,2.059000,11
43,9,2.058000,12
43,10,2.220000,12
43,11,2.089000,12
43,12,2.116000,12
43,13,1.702000,12
43,14,2.282000,11
43,15,2.506000,14
43,16,2.149000,13
43,17,1.639000,7
43,18,1.266000,9
43,19,1.871000,9
43,20,1.560000,9
43,21,2.239000,9
43,22,2.339000,12
43,23,2.470000,14
43,24,1.729000,10
43,25,2.786000,14
43,26,1.857000,12
43,27,1.624000,9
43,28,1.999000,11
43,29,1.846000,9
43,30,1.455000,9
43,31,1.875000,11
43,32,2.258000,11
43,33,2.708000,14
43,34,2.250000,12
43,35,2.209000,13
43,36,1.855000,12
43,37,2.406000,12
43,38,2.003000,12
43,39,2.633000,12
43,40,4.405000,12
43,41,2.277000,13
43,42,0.446000,13
43,43,2.173000,13
43,44,2.957000,13
43,45,2.259000,12
43,46,2.846000,14
43,47,2.689000,14
43,48,0.932000,11
43,49,2.295000,11
43,50,2.307000,11
43,51,2.402000,11
43,52,2.321000,13
43,53,2.997000,14
43,54,1.486000,13
43,55,2.491000,13
43,56,2.372000,13
43,57,1.927000,11
43,58,1.744000,10
43,59,2.157000,11
43,60,1.806000,11
43,61,1.779000,11
43,62,2.201000,10
43,63,2.660000,11
43,64,1.865000,10
43,65,1.365000,9
43,66,1.480000,9
43,67,2.050000,10
43,68,2.585000,10
43,69,2.342000,10
43,70,2.648000,11
43,71,2.259000,10
43,72,1.506000,10
43,73,2.009000,11
43,74,2.901000,14
43,75,1.850000,11
43,76,2.091000,10
43,77,1.597000,9
43,78,1.844000,10
43,79,3.163000,14
43,80,2.599000,11
43,81,2.420000,12
43,82,2.144000,11
43,83,2.454000,12
43,84,1.167000,13
43,85,1.914000,13
43,86,3.320000,14
43,87,2.375000,12
43,88,2.710000,13
43,89,2.803000,15
43,90,0.900000,10
43,91,2.002000,13
43,92,3.020000,14
43,93,1.007000,7
43,94,1.904000,9
43,95,1.309000,7
43,96,1.154000,5
44,1,2.940000,14
44,2,1.931000,12
44,3,2.148000,13
44,4,2.147000,11
44,5,2.744000,12
44,6,1.800000,14
44,7,2.428000,13
44,8,2.149000,13
44,9,2.485000,12
44,10,2.610000,12
44,11,1.910000,12
44,12,1.995000,12
44,13,2.452000,12
44,14,2.070000,12
44,15,2.446000,12
44,16,2.748000,15
44,17,2.667000,13
44,18,1.411000,8
44,19,1.953000,11
44,20,2.259000,11
44,21,2.546000,11
44,22,2.233000,12
44,23,2.489000,14
44,24,1.613000,10
44,25,2.090000,9
44,26,2.046000,11
44,27,2.492000,11
44,28,2.270000,11
44,29,1.612000,9
44,30,1.875000,9
44,31,2.131000,11
44,32,2.142000,11
44,33,2.700000,12
44,34,2.260000,12
44,35,2.212000,13
44,36,2.287000,12
44,37,2.041000,12
44,38,2.240000,12
44,39,2.389000,13
44,40,2.202000,12
44,41,2.564000,15
44,42,1.966000,12
44,43,2.640000,12
44,44,2.428000,13
44,45,2.839000,14
44,46,2.526000,14
44,47,2.700000,14
44,48,0.913000,12
44,49,2.619000,14
44,50,2.490000,14
44,51,2.217000,13
44,52,2.371000,12
44,53,2.032000,12
44,54,2.067000,12
44,55,2.421000,11
44,56,2.304000,14
44,57,2.795000,17
44,58,2.347000,16
44,59,1.858000,11
44,60,1.629000,10
44,61,2.016000,9
44,62,2.159000,10
44,63,2.366000,10
44,64,2.232000,11
44,65,2.382000,10
44,66,1.785000,10
44,67,3.365000,13
44,68,2.380000,10
44,69,2.078000,10
44,70,1.880000,10
44,71,2.469000,11
44,72,1.614000,10
44,73,2.821000,12
44,74,2.738000,12
44,75,2.031000,10
44,76,2.121000,10
44,77,0.876000,9
44,78,0.092000,9
44,79,2.491000,11
44,80,2.245000,12
44,81,2.069000,11
44,82,2.737000,13
44,83,2.728000,15
44,84,1.037000,14
44,85,2.272000,13
44,86,2.122000,14
44,87,2.010000,12
44,88,2.348000,14
44,89,1.987000,14
44,90,2.708000,17
44,91,2.097000,9
44,92,2.888000,15
44,93,1.757000,9
44,94,2.069000,12
44,95,1.536000,7
44,96,1.677000,5
45,1,2.421000,14
45,2,2.602000,12
45,3,2.974000,16
45,4,2.765000,14
45,5,2.130000,14
45,6,0.792000,13
45,7,2.655000,14
45,8,2.522000,15
45,9,2.366000,13
45,10,2.800000,13
45,11,1.861000,13
45,12,1.368000,11
45,13,2.081000,12
45,14,2.794000,13
45,15,2.733000,13
45,16,1.691000,13
45,17,2.549000,14
45,18,0.959000,7
45,19,1.478000,11
45,20,2.110000,11
45,21,1.931000,11
45,22,2.548000,12
45,23,2.911000,14
45,24,1.560000,10
45,25,1.641000,11
45,26,2.043000,12
45,27,2.185000,11
45,28,1.956000,12
45,29,1.381000,9
45,30,1.747000,9
45,31,2.271000,11
45,32,2.882000,13
45,33,2.617000,13
45,34,2.792000,13
45,35,1.546000,15
45,36,0.239000,12
45,37,2.027000,13
45,38,2.687000,14
45,39,2.442000,14
45,40,2.903000,13
45,41,1.815000,13
45,42,1.099000,14
45,43,2.419000,14
45,44,2.242000,12
45,45,2.208000,12
45,46,1.769000,12
45,47,2.252000,12
45,48,1.988000,13
45,49,2.743000,13
45,50,2.075000,12
45,51,2.230000,12
45,52,2.625000,11
45,53,2.068000,12
45,54,1.558000,12
45,55,1.888000,14
45,56,2.098000,11
45,57,2.393000,12
45,58,2.484000,12
45,59,2.637000,15
45,60,1.960000,18
45,61,1.963000,11
45,62,2.441000,10
45,63,1.648000,9
45,64,2.166000,12
45,65,1.878000,10
45,66,1.865000,10
45,67,2.281000,12
45,68,2.132000,12
45,69,1.998000,10
45,70,2.009000,10
45,71,2.726000,10
45,72,1.869000,10
45,73,2.603000,10
45,74,1.960000,10
45,75,2.633000,10
45,76,2.387000,11
45,77,2.629000,12
45,78,1.651000,13
45,79,2.400000,11
45,80,1.935000,11
45,81,2.711000,12
45,82,2.459000,13
45,83,2.839000,17
45,84,1.844000,17
45,85,3.321000,14
45,86,2.190000,12
45,87,2.273000,13
45,88,2.223000,14
45,89,2.630000,14
45,90,1.381000,17
45,91,2.736000,15
45,92,2.642000,15
45,93,1.781000,9
45,94,1.550000,7
45,95,1.240000,7
45,96,1.098000,5
46,1,2.572000,12
46,2,1.506000,7
46,3,2.926000,13
46,4,2.620000,15
46,5,2.652000,14
46,6,1.812000,13
46,7,2.822000,14
46,8,2.530000,14
46,9,1.878000,13
46,10,2.053000,13
46,11,1.956000,15
46,12,1.962000,13
46,13,2.640000,12
46,14,2.130000,13
46,15,2.003000,15
46,16,2.339000,14
46,17,2.309000,13
46,18,1.751000,12
46,19,2.489000,12
46,20,2.608000,13
46,21,2.556000,13
46,22,2.050000,12
46,23,3.071000,15
46,24,1.358000,12
46,25,2.134000,12
46,26,1.709000,11
46,27,2.180000,12
46,28,2.499000,12
46,29,1.917000,12
46,30,2.305000,13
46,31,2.680000,14
46,32,2.660000,14
46,33,2.200000,13
46,34,2.292000,14
46,35,2.226000,14
46,36,1.923000,14
46,37,2.718000,14
46,38,2.630000,15
46,39,2.811000,14
46,40,2.197000,14
46,41,1.949000,13
46,42,1.520000,11
46,43,2.720000,11
46,44,2.429000,12
46,45,1.831000,12
46,46,2.604000,12
46,47,1.685000,11
46,48,1.929000,12
46,49,1.987000,12
46,50,1.959000,11
46,51,2.273000,12
46,52,2.314000,12
46,53,1.880000,11
46,54,1.912000,11
46,55,1.570000,9
46,56,2.236000,12
46,57,2.007000,11
46,58,2.136000,12
46,59,2.559000,14
46,60,1.817000,14
46,61,2.232000,12
46,62,2.961000,15
46,63,3.577000,15
46,64,2.378000,10
46,65,2.226000,13
46,66,1.028000,11
46,67,2.235000,12
46,68,2.247000,12
46,69,2.692000,12
46,70,2.939000,12
46,71,2.225000,11
46,72,1.100000,10
46,73,2.845000,12
46,74,2.310000,12
46,75,2.331000,11
46,76,2.310000,11
46,77,2.437000,11
46,78,1.827000,12
46,79,2.295000,12
46,80,2.477000,15
46,81,3.365000,15
46,82,2.195000,15
46,83,2.382000,13
46,84,1.291000,13
46,85,2.761000,13
46,86,2.294000,12
46,87,2.519000,14
46,88,2.428000,15
46,89,2.306000,13
46,90,1.932000,17
46,91,2.488000,15
46,92,1.970000,12
46,93,2.012000,10
46,94,1.432000,9
46,95,2.087000,8
46,96,1.051000,5
47,1,2.027000,12
47,2,1.593000,7
47,3,2.010000,11
47,4,2.401000,14
47,5,2.905000,13
47,6,1.341000,14
47,7,2.544000,13
47,8,2.518000,14
47,9,2.266000,12
47,10,2.172000,13
47,11,2.094000,14
47,12,1.937000,14
47,13,2.130000,14
47,14,2.122000,11
47,15,2.576000,14
47,16,2.068000,12
47,17,2.082000,13
47,18,2.755000,15
47,19,2.095000,12
47,20,2.268000,13
47,21,2.847000,16
47,22,1.919000,13
47,23,1.931000,12
47,24,2.338000,13
47,25,2.865000,16
47,26,2.024000,12
47,27,2.498000,15
47,28,2.206000,13
47,29,2.490000,12
47,30,0.610000,12
47,31,3.012000,15
47,32,2.665000,14
47,33,2.446000,13
47,34,2.640000,13
47,35,2.427000,13
47,36,1.230000,13
47,37,2.371000,13
47,38,2.628000,14
47,39,2.810000,15
47,40,2.268000,13
47,41,2.428000,12
47,42,1.570000,12
47,43,2.495000,12
47,44,2.049000,12
47,45,2.511000,11
47,46,2.297000,11
47,47,2.363000,12
47,48,1.766000,12
47,49,2.058000,11
47,50,1.810000,10
47,51,1.599000,9
47,52,1.644000,10
47,53,1.890000,11
47,54,4.157000,19
47,55,1.965000,9
47,56,1.658000,10
47,57,2.199000,12
47,58,2.418000,13
47,59,3.064000,17
47,60,2.305000,12
47,61,2.495000,14
47,62,2.703000,15
47,63,2.920000,15
47,64,2.698000,15
47,65,2.173000,13
47,66,1.188000,12
47,67,2.752000,12
47,68,2.408000,13
47,69,2.745000,11
47,70,2.177000,11
47,71,2.322000,12
47,72,1.129000,12
47,73,2.334000,11
47,74,2.284000,11
47,75,2.386000,12
47,76,2.548000,12
47,77,2.367000,12
47,78,1.780000,13
47,79,2.716000,13
47,80,2.174000,13
47,81,3.021000,16
47,82,1.883000,9
47,83,1.918000,10
47,84,1.638000,13
47,85,2.265000,13
47,86,2.127000,13
47,87,2.295000,13
47,88,2.251000,13
47,89,2.278000,14
47,90,2.624000,17
47,91,2.497000,13
47,92,2.256000,12
47,93,2.060000,10
47,94,1.774000,9
47,95,2.390000,11
47,96,1.099000,5
48,1,2.239000,13
48,2,1.892000,7
48,3,2.270000,12
48,4,2.929000,14
48,5,2.464000,13
48,6,1.820000,14
48,7,2.338000,13
48,8,2.598000,14
48,9,2.465000,12
48,10,1.868000,11
48,11,2.374000,13
48,12,2.407000,14
48,13,2.111000,14
48,14,2.580000,15
48,15,1.921000,13
48,16,2.611000,14
48,17,2.290000,13
48,18,2.107000,14
48,19,2.139000,14
48,20,2.308000,12
48,21,3.096000,16
48,22,3.136000,15
48,23,2.067000,12
48,24,1.055000,13
48,25,2.997000,16
48,26,2.130000,13
48,27,2.400000,15
48,28,2.495000,13
48,29,2.338000,12
48,30,1.594000,14
48,31,2.543000,15
48,32,1.940000,14
48,33,2.953000,14
48,34,2.442000,10
48,35,2.190000,14
48,36,2.030000,15
48,37,2.342000,14
48,38,2.543000,16
48,39,2.203000,12
48,40,2.188000,13
48,41,2.227000,12
48,42,1.995000,12
48,43,2.572000,11
48,44,2.352000,11
48,45,1.437000,10
48,46,1.690000,10
48,47,1.944000,10
48,48,1.694000,10
48,49,2.108000,9
48,50,1.987000,10
48,51,2.268000,10
48,52,1.673000,8
48,53,2.518000,11
48,54,2.753000,18
48,55,2.045000,11
48,56,2.118000,10
48,57,1.688000,10
48,58,2.786000,13
48,59,1.370000,11
48,60,2.206000,13
48,61,4.510000,23
48,62,2.726000,13
48,63,2.786000,16
48,64,2.201000,13
48,65,1.331000,13
48,66,0.170000,13
48,67,2.556000,13
48,68,2.346000,13
48,69,2.166000,13
48,70,2.346000,11
48,71,2.226000,11
48,72,1.698000,12
48,73,1.909000,11
48,74,2.779000,12
48,75,2.254000,13
48,76,2.467000,13
48,77,2.783000,13
48,78,1.710000,13
48,79,2.778000,14
48,80,2.151000,14
48,81,2.742000,16
48,82,2.570000,11
48,83,1.598000,11
48,84,1.725000,10
48,85,2.494000,11
48,86,2.578000,11
48,87,2.465000,10
48,88,2.311000,12
48,89,2.932000,16
48,90,1.394000,17
48,91,1.960000,11
48,92,1.622000,7
48,93,1.728000,10
48,94,1.628000,9
48,95,1.726000,8
48,96,1.260000,5
49,1,2.023000,13
49,2,1.386000,7
49,3,2.318000,12
49,4,2.244000,13
49,5,2.490000,13
49,6,1.619000,10
49,7,2.380000,13
49,8,2.560000,14
49,9,2.397000,10
49,10,2.540000,11
49,11,2.170000,13
49,12,1.516000,11
49,13,2.201000,12
49,14,1.455000,7
49,15,2.273000,12
49,16,2.944000,14
49,17,2.749000,15
49,18,1.710000,13
49,19,2.260000,14
49,20,2.517000,14
49,21,3.260000,17
49,22,2.331000,13
49,23,1.554000,12
49,24,1.503000,12
49,25,3.248000,17
49,26,2.550000,13
49,27,2.645000,15
49,28,2.804000,15
49,29,1.864000,14
49,30,0.477000,14
49,31,2.722000,16
49,32,2.398000,15
49,33,2.943000,15
49,34,2.589000,13
49,35,1.890000,14
49,36,1.347000,14
49,37,2.642000,13
49,38,2.013000,12
49,39,1.961000,11
49,40,2.058000,11
49,41,1.380000,10
49,42,1.737000,10
49,43,1.593000,10
49,44,2.017000,10
49,45,1.790000,10
49,46,2.416000,10
49,47,1.395000,8
49,48,1.720000,9
49,49,1.521000,7
49,50,1.575000,8
49,51,2.321000,11
49,52,1.111000,7
49,53,1.436000,8
49,54,1.605000,7
49,55,1.619000,7
49,56,1.289000,7
49,57,2.186000,11
49,58,2.032000,10
49,59,2.472000,11
49,60,2.043000,15
49,61,3.252000,17
49,62,3.749000,17
49,63,2.980000,13
49,64,2.295000,15
49,65,1.405000,13
49,66,0.466000,15
49,67,2.565000,14
49,68,2.445000,13
49,69,2.195000,13
49,70,2.013000,12
49,71,1.960000,12
49,72,1.922000,12
49,73,2.573000,12
49,74,2.139000,13
49,75,2.727000,13
49,76,2.906000,13
49,77,2.040000,11
49,78,1.509000,14
49,79,2.561000,15
49,80,3.384000,14
49,81,2.398000,14
49,82,2.314000,11
49,83,1.593000,11
49,84,1.542000,14
49,85,2.262000,14
49,86,2.009000,11
49,87,2.143000,12
49,88,2.100000,13
49,89,2.398000,17
49,90,1.140000,7
49,91,3.054000,12
49,92,2.240000,11
49,93,2.174000,10
49,94,1.745000,9
49,95,3.434000,25
49,96,0.531000,5
50,1,2.192000,11
50,2,1.629000,7
50,3,2.428000,12
50,4,1.933000,13
50,5,2.617000,15
50,6,1.977000,13
50,7,1.930000,12
50,8,2.475000,12
50,9,2.419000,14
50,10,2.163000,12
50,11,2.394000,14
50,12,2.775000,12
50,13,1.902000,12
50,14,2.331000,12
50,15,3.537000,17
50,16,2.480000,14
50,17,2.496000,16
50,18,1.305000,13
50,19,2.548000,14
50,20,2.854000,14
50,21,3.220000,20
50,22,2.268000,13
50,23,1.926000,12
50,24,1.329000,13
50,25,3.009000,18
50,26,2.662000,14
50,27,3.224000,17
50,28,2.606000,15
50,29,1.395000,15
50,30,1.101000,15
50,31,2.780000,15
50,32,2.738000,16
50,33,2.467000,15
50,34,2.245000,15
50,35,1.504000,14
50,36,0.704000,15
50,37,2.984000,15
50,38,1.919000,12
50,39,1.921000,10
50,40,1.614000,10
50,41,1.998000,10
50,42,1.782000,10
50,43,1.993000,8
50,44,1.574000,8
50,45,2.086000,10
50,46,1.917000,10
50,47,1.890000,10
50,48,1.436000,10
50,49,1.110000,7
50,50,1.625000,7
50,51,1.834000,7
50,52,1.914000,10
50,53,1.386000,7
50,54,1.997000,10
50,55,1.400000,8
50,56,1.325000,8
50,57,1.499000,7
50,58,2.168000,12
50,59,2.328000,10
50,60,2.080000,11
50,61,2.300000,13
50,62,2.440000,15
50,63,2.222000,13
50,64,2.209000,13
50,65,1.995000,13
50,66,1.612000,12
50,67,2.510000,12
50,68,2.944000,14
50,69,3.444000,13
50,70,2.802000,13
50,71,1.586000,12
50,72,1.098000,12
50,73,3.111000,13
50,74,3.374000,16
50,75,2.511000,14
50,76,1.995000,12
50,77,1.840000,13
50,78,1.121000,14
50,79,3.227000,13
50,80,2.717000,14
50,81,1.819000,13
50,82,2.699000,15
50,83,1.956000,12
50,84,1.770000,19
50,85,2.397000,13
50,86,1.848000,10
50,87,1.812000,12
50,88,1.953000,10
50,89,1.450000,7
50,90,2.105000,12
50,91,2.115000,9
50,92,2.056000,10
50,93,2.626000,10
50,94,1.534000,9
50,95,1.631000,9
50,96,0.998000,5
51,1,2.694000,13
51,2,1.858000,7
51,3,2.091000,12
51,4,2.230000,13
51,5,2.477000,15
51,6,1.353000,10
51,7,2.306000,11
51,8,2.371000,11
51,9,2.142000,8
51,10,2.200000,11
51,11,2.054000,10
51,12,1.411000,8
51,13,2.449000,13
51,14,1.908000,8
51,15,2.413000,12
51,16,2.595000,13
51,17,2.200000,13
51,18,1.546000,14
51,19,2.691000,14
51,20,3.095000,18
51,21,3.782000,17
51,22,2.257000,13
51,23,1.940000,17
51,24,0.734000,13
51,25,2.920000,17
51,26,2.530000,15
51,27,3.199000,19
51,28,2.809000,15
51,29,2.297000,16
51,30,0.796000,15
51,31,2.682000,14
51,32,2.789000,14
51,33,2.899000,16
51,34,2.243000,12
51,35,1.249000,15
51,36,0.130000,13
51,37,2.261000,10
51,38,1.497000,8
51,39,2.133000,10
51,40,2.323000,10
51,41,2.112000,10
51,42,1.889000,10
51,43,2.225000,10
51,44,2.014000,10
51,45,1.820000,10
51,46,1.718000,10
51,47,2.168000,10
51,48,2.023000,11
51,49,2.187000,10
51,50,1.731000,7
51,51,1.866000,9
51,52,1.651000,8
51,53,1.750000,9
51,54,1.643000,8
51,55,1.570000,7
51,56,1.788000,7
51,57,1.778000,8
51,58,1.897000,8
51,59,1.716000,8
51,60,1.409000,7
51,61,1.638000,11
51,62,3.003000,15
51,63,3.291000,19
51,64,2.160000,13
51,65,1.932000,13
51,66,1.344000,13
51,67,2.687000,13
51,68,2.388000,12
51,69,2.524000,11
51,70,2.123000,11
51,71,2.147000,11
51,72,1.582000,11
51,73,2.285000,11
51,74,2.562000,11
51,75,2.753000,12
51,76,2.650000,13
51,77,2.536000,15
51,78,1.354000,14
51,79,2.900000,15
51,80,2.420000,13
51,81,3.747000,20
51,82,2.222000,13
51,83,1.975000,14
51,84,0.997000,13
51,85,2.017000,10
51,86,1.912000,7
51,87,2.313000,10
51,88,3.143000,14
51,89,2.300000,14
51,90,1.777000,13
51,91,1.260000,7
51,92,2.179000,11
51,93,2.132000,10
51,94,2.467000,11
51,95,2.328000,11
51,96,1.292000,6
52,1,2.018000,12
52,2,1.411000,7
52,3,2.596000,11
52,4,1.564000,8
52,5,3.220000,19
52,6,1.214000,11
52,7,1.967000,10
52,8,2.155000,10
52,9,1.995000,10
52,10,1.552000,10
52,11,1.843000,10
52,12,1.585000,10
52,13,2.173000,11
52,14,2.962000,12
52,15,3.092000,13
52,16,3.225000,21
52,17,1.323000,14
52,18,0.703000,17
52,19,3.248000,17
52,20,3.100000,17
52,21,2.950000,17
52,22,2.076000,13
52,23,1.208000,18
52,24,0.368000,13
52,25,3.634000,19
52,26,2.807000,16
52,27,3.283000,17
52,28,2.398000,11
52,29,0.499000,15
52,30,0.209000,15
52,31,2.264000,13
52,32,2.197000,8
52,33,3.385000,20
52,34,2.389000,15
52,35,2.091000,13
52,36,0.780000,13
52,37,1.324000,8
52,38,1.763000,8
52,39,1.750000,8
52,40,2.202000,10
52,41,1.558000,8
52,42,1.868000,10
52,43,1.813000,10
52,44,2.180000,10
52,45,2.142000,10
52,46,2.074000,10
52,47,1.765000,10
52,48,1.698000,11
52,49,2.170000,11
52,50,2.403000,10
52,51,1.938000,9
52,52,2.398000,10
52,53,1.520000,8
52,54,1.019000,7
52,55,2.096000,10
52,56,2.116000,10
52,57,1.606000,7
52,58,1.600000,8
52,59,1.047000,7
52,60,1.738000,8
52,61,1.838000,8
52,62,1.517000,7
52,63,2.374000,10
52,64,2.605000,15
52,65,1.902000,13
52,66,2.058000,13
52,67,2.235000,13
52,68,3.090000,13
52,69,1.882000,11
52,70,2.075000,11
52,71,1.935000,11
52,72,1.505000,13
52,73,2.905000,11
52,74,2.481000,12
52,75,1.817000,8
52,76,2.341000,11
52,77,2.224000,13
52,78,1.212000,15
52,79,2.990000,15
52,80,3.178000,14
52,81,2.714000,14
52,82,2.010000,10
52,83,1.337000,9
52,84,0.643000,7
52,85,1.882000,11
52,86,2.088000,11
52,87,1.691000,7
52,88,2.237000,11
52,89,1.700000,9
52,90,1.441000,7
52,91,1.323000,7
52,92,1.872000,8
52,93,2.067000,11
52,94,2.397000,11
52,95,2.355000,12
52,96,0.901000,5
53,1,2.142000,11
53,2,1.381000,7
53,3,1.752000,12
53,4,2.480000,12
53,5,3.006000,15
53,6,1.742000,10
53,7,1.692000,10
53,8,1.917000,10
53,9,2.025000,10
53,10,2.118000,10
53,11,2.341000,10
53,12,1.780000,10
53,13,1.415000,8
53,14,1.780000,10
53,15,1.596000,13
53,16,3.593000,16
53,17,1.987000,12
53,18,1.709000,12
53,19,3.122000,14
53,20,4.035000,21
53,21,2.883000,17
53,22,2.681000,17
53,23,0.740000,23
53,24,0.250000,13
53,25,2.941000,19
53,26,3.114000,17
53,27,2.987000,18
53,28,2.180000,16
53,29,0.862000,17
53,30,0.373000,16
53,31,2.354000,15
53,32,3.225000,18
53,33,1.952000,11
53,34,2.672000,13
53,35,1.705000,13
53,36,1.046000,13
53,37,1.322000,8
53,38,2.004000,8
53,39,2.271000,11
53,40,1.903000,10
53,41,1.698000,8
53,42,1.781000,10
53,43,1.692000,10
53,44,2.460000,10
53,45,2.120000,10
53,46,2.277000,10
53,47,1.455000,10
53,48,1.780000,10
53,49,2.377000,10
53,50,1.802000,10
53,51,1.843000,7
53,52,1.543000,8
53,53,1.213000,7
53,54,2.158000,10
53,55,1.612000,8
53,56,1.226000,8
53,57,1.514000,8
53,58,1.286000,7
53,59,2.322000,10
53,60,1.763000,7
53,61,1.564000,9
53,62,1.260000,8
53,63,1.829000,7
53,64,2.854000,12
53,65,2.799000,13
53,66,2.284000,18
53,67,2.437000,13
53,68,3.126000,16
53,69,2.389000,12
53,70,2.535000,13
53,71,2.169000,14
53,72,0.570000,13
53,73,2.338000,13
53,74,2.049000,13
53,75,2.650000,12
53,76,2.566000,13
53,77,1.574000,13
53,78,1.236000,14
53,79,2.820000,15
53,80,2.100000,11
53,81,2.682000,13
53,82,2.536000,11
53,83,1.548000,9
53,84,0.983000,10
53,85,1.743000,9
53,86,2.726000,12
53,87,1.760000,9
53,88,2.787000,13
53,89,2.126000,12
53,90,0.888000,7
53,91,1.590000,7
53,92,1.600000,7
53,93,1.927000,9
53,94,1.580000,9
53,95,2.248000,11
53,96,1.089000,5
54,1,2.152000,13
54,2,1.386000,7
54,3,2.185000,12
54,4,2.365000,11
54,5,2.499000,18
54,6,1.311000,10
54,7,2.212000,10
54,8,2.218000,10
54,9,1.902000,10
54,10,2.418000,10
54,11,1.908000,10
54,12,1.632000,10
54,13,2.233000,10
54,14,1.951000,11
54,15,1.871000,10
54,16,2.532000,13
54,17,1.975000,13
54,18,1.762000,15
54,19,3.839000,19
54,20,2.193000,14
54,21,3.360000,18
54,22,2.551000,16
54,23,0.610000,15
54,24,0.260000,13
54,25,4.204000,22
54,26,3.119000,17
54,27,2.580000,18
54,28,0.525000,12
54,29,0.266000,13
54,30,0.191000,18
54,31,3.146000,17
54,32,2.032000,11
54,33,2.664000,11
54,34,1.705000,14
54,35,2.022000,13
54,36,0.944000,13
54,37,2.070000,8
54,38,2.115000,8
54,39,2.050000,12
54,40,2.408000,10
54,41,1.539000,11
54,42,1.705000,10
54,43,1.856000,10
54,44,1.802000,10
54,45,2.372000,11
54,46,2.148000,11
54,47,1.812000,10
54,48,1.629000,10
54,49,2.123000,10
54,50,1.690000,10
54,51,1.465000,7
54,52,1.947000,10
54,53,2.223000,10
54,54,1.211000,8
54,55,1.813000,7
54,56,1.443000,7
54,57,2.026000,7
54,58,2.240000,10
54,59,1.938000,8
54,60,1.379000,7
54,61,2.501000,12
54,62,1.275000,7
54,63,1.905000,8
54,64,2.041000,13
54,65,1.512000,11
54,66,2.938000,19
54,67,2.370000,13
54,68,1.972000,12
54,69,2.061000,12
54,70,2.021000,12
54,71,2.004000,14
54,72,1.920000,14
54,73,2.177000,13
54,74,2.473000,13
54,75,1.583000,8
54,76,3.249000,20
54,77,2.350000,13
54,78,1.043000,15
54,79,2.326000,14
54,80,2.320000,14
54,81,2.593000,14
54,82,1.849000,11
54,83,1.150000,7
54,84,1.793000,14
54,85,1.640000,9
54,86,2.414000,12
54,87,1.570000,10
54,88,2.380000,13
54,89,2.387000,13
54,90,0.880000,7
54,91,1.173000,8
54,92,2.260000,9
54,93,1.432000,7
54,94,1.806000,9
54,95,1.976000,11
54,96,1.214000,5
55,1,1.972000,12
55,2,1.841000,7
55,3,1.960000,12
55,4,2.034000,11
55,5,1.925000,11
55,6,1.341000,10
55,7,1.572000,10
55,8,1.912000,10
55,9,2.445000,10
55,10,2.189000,10
55,11,1.899000,10
55,12,1.530000,10
55,13,1.581000,10
55,14,1.884000,11
55,15,1.711000,11
55,16,1.953000,13
55,17,1.805000,11
55,18,1.900000,12
55,19,2.899000,16
55,20,2.346000,13
55,21,2.032000,12
55,22,2.707000,17
55,23,1.989000,18
55,24,0.735000,14
55,25,3.986000,20
55,26,2.670000,15
55,27,2.520000,15
55,28,2.053000,11
55,29,1.293000,17
55,30,0.544000,19
55,31,2.242000,13
55,32,2.216000,11
55,33,2.465000,12
55,34,2.504000,14
55,35,2.262000,13
55,36,0.857000,13
55,37,2.114000,11
55,38,1.385000,8
55,39,1.226000,8
55,40,1.914000,10
55,41,1.422000,8
55,42,1.972000,10
55,43,1.435000,10
55,44,1.331000,10
55,45,2.690000,10
55,46,1.738000,10
55,47,1.752000,10
55,48,1.201000,11
55,49,2.025000,11
55,50,1.935000,11
55,51,1.261000,7
55,52,1.831000,9
55,53,1.731000,8
55,54,1.340000,7
55,55,1.964000,10
55,56,1.774000,10
55,57,2.092000,10
55,58,1.562000,8
55,59,1.235000,7
55,60,1.422000,8
55,61,2.689000,12
55,62,1.987000,8
55,63,1.623000,7
55,64,2.276000,13
55,65,1.581000,9
55,66,1.674000,12
55,67,3.616000,21
55,68,1.971000,13
55,69,2.713000,13
55,70,2.670000,14
55,71,1.278000,15
55,72,0.618000,15
55,73,2.826000,15
55,74,2.209000,13
55,75,1.818000,12
55,76,2.221000,11
55,77,2.257000,16
55,78,0.636000,14
55,79,1.985000,11
55,80,2.282000,13
55,81,3.271000,13
55,82,1.827000,11
55,83,1.849000,13
55,84,1.151000,14
55,85,2.645000,14
55,86,1.391000,7
55,87,3.080000,19
55,88,1.637000,9
55,89,2.061000,12
55,90,0.911000,7
55,91,1.832000,9
55,92,1.590000,9
55,93,2.853000,14
55,94,1.874000,9
55,95,1.609000,8
55,96,1.200000,5
56,1,2.072000,14
56,2,1.550000,7
56,3,2.687000,13
56,4,2.116000,11
56,5,1.757000,12
56,6,0.716000,10
56,7,1.900000,10
56,8,2.239000,9
56,9,1.957000,10
56,10,1.838000,10
56,11,1.849000,10
56,12,1.448000,8
56,13,1.777000,10
56,14,1.552000,8
56,15,1.786000,11
56,16,2.070000,11
56,17,3.340000,18
56,18,1.381000,8
56,19,3.567000,16
56,20,2.753000,18
56,21,2.483000,12
56,22,1.722000,15
56,23,0.708000,18
56,24,0.108000,8
56,25,1.672000,9
56,26,2.061000,11
56,27,2.071000,13
56,28,2.275000,15
56,29,2.493000,20
56,30,1.530000,13
56,31,2.591000,16
56,32,2.714000,13
56,33,2.338000,13
56,34,2.568000,14
56,35,1.802000,13
56,36,0.628000,13
56,37,2.395000,11
56,38,1.663000,9
56,39,1.610000,8
56,40,1.546000,8
56,41,1.468000,9
56,42,1.226000,8
56,43,1.918000,10
56,44,2.030000,10
56,45,2.166000,10
56,46,1.905000,10
56,47,2.071000,10
56,48,1.583000,10
56,49,1.696000,10
56,50,1.661000,10
56,51,1.437000,10
56,52,1.727000,10
56,53,1.844000,10
56,54,1.711000,9
56,55,1.272000,8
56,56,1.672000,8
56,57,1.412000,8
56,58,1.757000,7
56,59,1.967000,9
56,60,1.494000,7
56,61,2.333000,11
56,62,1.811000,10
56,63,1.551000,8
56,64,1.548000,7
56,65,1.958000,11
56,66,2.340000,13
56,67,3.361000,17
56,68,2.643000,18
56,69,2.519000,13
56,70,1.937000,15
56,71,0.872000,15
56,72,0.291000,16
56,73,1.697000,13
56,74,2.770000,14
56,75,2.163000,10
56,76,2.950000,15
56,77,2.362000,16
56,78,0.603000,10
56,79,2.313000,10
56,80,1.492000,7
56,81,1.487000,8
56,82,1.652000,12
56,83,2.133000,11
56,84,2.447000,14
56,85,1.426000,9
56,86,2.116000,11
56,87,2.125000,13
56,88,1.645000,9
56,89,1.907000,9
56,90,1.887000,12
56,91,1.845000,9
56,92,1.707000,9
56,93,3.082000,19
56,94,2.150000,9
56,95,1.584000,7
56,96,0.853000,5
57,1,2.062000,11
57,2,1.268000,7
57,3,2.050000,12
57,4,2.099000,7
57,5,1.572000,12
57,6,1.580000,10
57,7,1.977000,10
57,8,2.031000,9
57,9,1.871000,10
57,10,1.500000,9
57,11,1.882000,10
57,12,1.198000,8
57,13,1.865000,10
57,14,1.600000,8
57,15,1.850000,11
57,16,2.043000,14
57,17,2.640000,14
57,18,1.300000,12
57,19,1.944000,11
57,20,1.828000,8
57,21,2.405000,14
57,22,1.620000,7
57,23,2.338000,16
57,24,0.880000,11
57,25,2.144000,11
57,26,2.517000,15
57,27,1.907000,12
57,28,1.795000,13
57,29,0.712000,11
57,30,0.212000,11
57,31,2.138000,11
57,32,2.760000,13
57,33,2.788000,11
57,34,2.341000,14
57,35,1.309000,13
57,36,0.457000,13
57,37,1.747000,11
57,38,1.313000,9
57,39,1.226000,8
57,40,1.504000,8
57,41,2.197000,11
57,42,1.451000,8
57,43,1.525000,10
57,44,1.815000,10
57,45,1.723000,10
57,46,2.021000,10
57,47,1.880000,10
57,48,1.558000,10
57,49,1.720000,10
57,50,1.593000,10
57,51,1.972000,11
57,52,1.941000,10
57,53,1.242000,9
57,54,1.801000,9
57,55,1.620000,7
57,56,1.488000,7
57,57,1.630000,7
57,58,1.635000,9
57,59,1.200000,8
57,60,1.443000,7
57,61,2.205000,11
57,62,1.153000,8
57,63,1.415000,7
57,64,1.731000,8
57,65,1.518000,10
57,66,1.511000,10
57,67,1.909000,13
57,68,2.423000,12
57,69,2.314000,13
57,70,1.680000,13
57,71,2.058000,12
57,72,1.078000,12
57,73,2.288000,12
57,74,2.455000,11
57,75,1.780000,11
57,76,3.266000,21
57,77,1.364000,14
57,78,0.576000,11
57,79,2.060000,11
57,80,1.703000,8
57,81,2.089000,9
57,82,2.102000,12
57,83,1.769000,11
57,84,1.250000,12
57,85,1.583000,10
57,86,1.712000,10
57,87,2.354000,14
57,88,1.985000,12
57,89,2.047000,9
57,90,0.952000,7
57,91,1.558000,9
57,92,1.391000,9
57,93,2.177000,14
57,94,2.044000,9
57,95,1.426000,8
57,96,1.067000,5
58,1,2.474000,13
58,2,1.141000,7
58,3,2.563000,12
58,4,1.826000,10
58,5,2.185000,13
58,6,1.331000,10
58,7,2.070000,10
58,8,1.672000,10
58,9,1.519000,10
58,10,1.594000,10
58,11,1.718000,10
58,12,1.380000,8
58,13,2.154000,10
58,14,1.650000,8
58,15,1.743000,11
58,16,1.649000,13
58,17,1.852000,11
58,18,1.639000,9
58,19,2.180000,12
58,20,2.324000,14
58,21,2.368000,13
58,22,1.568000,7
58,23,2.014000,10
58,24,1.497000,11
58,25,1.843000,12
58,26,1.903000,11
58,27,1.674000,11
58,28,1.550000,8
58,29,3.157000,18
58,30,1.581000,13
58,31,1.748000,11
58,32,2.280000,13
58,33,2.011000,11
58,34,2.260000,14
58,35,2.070000,13
58,36,1.624000,13
58,37,2.038000,11
58,38,2.289000,12
58,39,2.068000,8
58,40,1.710000,8
58,41,1.952000,12
58,42,1.136000,8
58,43,1.625000,10
58,44,1.530000,10
58,45,1.979000,10
58,46,2.132000,10
58,47,1.390000,10
58,48,2.080000,10
58,49,1.556000,10
58,50,2.063000,10
58,51,1.997000,10
58,52,1.920000,10
58,53,1.955000,9
58,54,1.470000,9
58,55,1.386000,9
58,56,1.918000,9
58,57,1.539000,9
58,58,1.567000,9
58,59,1.591000,7
58,60,1.322000,8
58,61,2.210000,11
58,62,1.739000,10
58,63,1.782000,8
58,64,1.170000,7
58,65,1.872000,11
58,66,2.178000,11
58,67,2.785000,15
58,68,2.390000,14
58,69,2.329000,14
58,70,2.106000,12
58,71,1.953000,14
58,72,0.155000,14
58,73,2.338000,14
58,74,2.482000,13
58,75,2.092000,12
58,76,2.660000,11
58,77,1.607000,11
58,78,0.801000,10
58,79,2.061000,10
58,80,1.321000,7
58,81,2.534000,10
58,82,1.693000,12
58,83,1.902000,11
58,84,2.034000,12
58,85,1.758000,10
58,86,2.215000,10
58,87,2.763000,14
58,88,1.925000,13
58,89,1.635000,12
58,90,1.077000,10
58,91,1.386000,9
58,92,1.664000,9
58,93,2.500000,13
58,94,1.755000,9
58,95,1.429000,7
58,96,0.991000,6
59,1,2.435000,13
59,2,1.416000,7
59,3,2.112000,12
59,4,2.333000,11
59,5,1.609000,11
59,6,0.622000,10
59,7,1.784000,10
59,8,1.441000,10
59,9,1.675000,10
59,10,1.833000,10
59,11,2.159000,10
59,12,1.572000,8
59,13,2.479000,10
59,14,1.873000,8
59,15,2.242000,11
59,16,2.479000,13
59,17,1.714000,14
59,18,1.132000,12
59,19,2.619000,13
59,20,2.120000,12
59,21,2.748000,13
59,22,1.732000,7
59,23,1.921000,10
59,24,0.933000,14
59,25,2.177000,10
59,26,1.640000,7
59,27,2.345000,11
59,28,1.587000,8
59,29,2.303000,14
59,30,1.364000,10
59,31,2.064000,11
59,32,2.351000,13
59,33,2.548000,11
59,34,2.899000,14
59,35,1.519000,13
59,36,0.341000,13
59,37,2.181000,11
59,38,1.470000,9
59,39,1.443000,8
59,40,1.189000,8
59,41,1.605000,12
59,42,1.600000,8
59,43,1.768000,10
59,44,1.880000,10
59,45,2.079000,10
59,46,1.590000,10
59,47,1.734000,10
59,48,1.484000,10
59,49,2.010000,10
59,50,2.078000,10
59,51,2.220000,10
59,52,1.940000,10
59,53,1.735000,10
59,54,0.861000,9
59,55,1.748000,9
59,56,1.928000,9
59,57,1.652000,9
59,58,1.724000,9
59,59,1.535000,9
59,60,1.379000,7
59,61,2.826000,11
59,62,1.807000,8
59,63,1.424000,7
59,64,1.717000,8
59,65,2.008000,10
59,66,1.307000,10
59,67,2.381000,13
59,68,1.855000,12
59,69,2.452000,14
59,70,1.834000,12
59,71,1.991000,14
59,72,1.325000,14
59,73,2.440000,14
59,74,2.420000,13
59,75,1.907000,10
59,76,2.864000,13
59,77,0.896000,12
59,78,0.406000,11
59,79,2.179000,11
59,80,1.308000,8
59,81,1.856000,9
59,82,2.128000,12
59,83,2.081000,11
59,84,1.658000,12
59,85,2.052000,10
59,86,2.427000,13
59,87,1.114000,8
59,88,1.887000,10
59,89,2.332000,11
59,90,1.065000,7
59,91,1.780000,9
59,92,1.805000,9
59,93,2.306000,13
59,94,1.435000,8
59,95,1.456000,7
59,96,1.001000,6
60,1,2.364000,13
60,2,1.274000,7
60,3,1.940000,12
60,4,1.451000,7
60,5,2.339000,12
60,6,1.839000,10
60,7,1.633000,10
60,8,1.836000,10
60,9,1.957000,10
60,10,1.829000,10
60,11,1.772000,10
60,12,1.873000,8
60,13,2.070000,10
60,14,2.364000,8
60,15,1.502000,11
60,16,2.283000,14
60,17,2.249000,12
60,18,1.007000,13
60,19,2.828000,11
60,20,1.912000,9
60,21,2.400000,13
60,22,1.974000,7
60,23,2.112000,10
60,24,1.276000,14
60,25,1.880000,10
60,26,1.760000,8
60,27,2.533000,12
60,28,2.217000,15
60,29,2.800000,17
60,30,0.580000,12
60,31,2.053000,11
60,32,2.393000,13
60,33,2.349000,11
60,34,2.758000,14
60,35,1.867000,13
60,36,0.590000,13
60,37,2.235000,11
60,38,1.444000,9
60,39,1.770000,8
60,40,1.550000,8
60,41,2.387000,12
60,42,1.798000,8
60,43,2.468000,10
60,44,2.078000,10
60,45,1.427000,10
60,46,2.282000,10
60,47,2.761000,10
60,48,1.261000,10
60,49,2.236000,10
60,50,1.776000,10
60,51,2.522000,11
60,52,1.670000,10
60,53,1.905000,10
60,54,1.624000,9
60,55,2.238000,9
60,56,2.232000,9
60,57,1.384000,9
60,58,1.937000,9
60,59,2.158000,9
60,60,1.142000,7
60,61,2.704000,11
60,62,1.893000,10
60,63,1.561000,7
60,64,2.204000,7
60,65,2.284000,11
60,66,1.554000,11
60,67,2.064000,10
60,68,3.089000,17
60,69,2.771000,14
60,70,2.427000,12
60,71,1.248000,13
60,72,0.460000,13
60,73,2.061000,13
60,74,1.907000,13
60,75,2.026000,12
60,76,2.652000,14
60,77,1.329000,8
60,78,1.685000,10
60,79,1.748000,10
60,80,1.306000,7
60,81,1.502000,10
60,82,2.331000,12
60,83,2.083000,11
60,84,1.957000,12
60,85,2.302000,10
60,86,2.156000,13
60,87,1.480000,8
60,88,2.157000,9
60,89,2.642000,15
60,90,1.367000,10
60,91,2.033000,9
60,92,1.892000,9
60,93,2.525000,14
60,94,1.410000,8
60,95,2.035000,8
60,96,1.234000,5
61,1,2.331000,13
61,2,1.359000,7
61,3,2.353000,12
61,4,1.813000,9
61,5,2.394000,13
61,6,1.999000,10
61,7,1.785000,8
61,8,1.918000,10
61,9,2.357000,10
61,10,1.575000,8
61,11,1.674000,8
61,12,2.269000,12
61,13,2.139000,12
61,14,2.172000,10
61,15,3.187000,13
61,16,3.361000,17
61,17,1.795000,13
61,18,0.458000,16
61,19,2.327000,14
61,20,2.422000,12
61,21,1.937000,11
61,22,1.967000,9
61,23,2.008000,9
61,24,1.853000,14
61,25,2.582000,9
61,26,1.559000,10
61,27,2.241000,12
61,28,2.937000,14
61,29,3.081000,20
61,30,0.712000,9
61,31,2.340000,12
61,32,2.395000,13
61,33,1.772000,12
61,34,2.280000,14
61,35,2.720000,13
61,36,1.280000,13
61,37,2.336000,13
61,38,2.096000,11
61,39,1.621000,9
61,40,2.031000,11
61,41,2.527000,13
61,42,1.270000,8
61,43,1.957000,10
61,44,1.740000,10
61,45,2.031000,10
61,46,1.518000,8
61,47,2.049000,10
61,48,1.819000,10
61,49,1.930000,10
61,50,2.401000,10
61,51,2.219000,10
61,52,2.252000,10
61,53,2.417000,10
61,54,1.201000,10
61,55,2.336000,10
61,56,1.692000,10
61,57,1.827000,10
61,58,1.562000,7
61,59,1.430000,7
61,60,1.265000,7
61,61,2.250000,12
61,62,2.201000,11
61,63,2.072000,11
61,64,1.516000,8
61,65,1.827000,10
61,66,1.409000,8
61,67,1.584000,10
61,68,2.536000,16
61,69,2.679000,15
61,70,2.448000,13
61,71,1.208000,13
61,72,0.390000,13
61,73,2.335000,13
61,74,3.114000,14
61,75,2.381000,11
61,76,2.657000,13
61,77,1.880000,12
61,78,0.795000,11
61,79,2.335000,11
61,80,1.223000,8
61,81,1.239000,7
61,82,2.188000,12
61,83,2.905000,14
61,84,1.924000,8
61,85,1.456000,8
61,86,2.709000,14
61,87,1.896000,8
61,88,1.990000,10
61,89,2.439000,13
61,90,1.649000,15
61,91,1.862000,9
61,92,1.705000,9
61,93,1.646000,7
61,94,1.666000,9
61,95,1.532000,9
61,96,1.299000,6
62,1,2.804000,13
62,2,2.297000,7
62,3,3.438000,12
62,4,3.078000,10
62,5,3.835000,13
62,6,2.315000,10
62,7,1.651000,8
62,8,3.002000,10
62,9,3.567000,10
62,10,2.540000,8
62,11,2.497000,8
62,12,2.758000,10
62,13,2.664000,11
62,14,2.976000,10
62,15,3.640000,13
62,16,4.632000,17
62,17,3.025000,13
62,18,1.312000,10
62,19,2.788000,14
62,20,3.711000,12
62,21,2.829000,10
62,22,3.084000,9
62,23,2.525000,9
62,24,2.801000,14
62,25,2.246000,9
62,26,3.111000,9
62,27,3.967000,12
62,28,3.881000,14
62,29,3.231000,14
62,30,1.043000,7
62,31,2.791000,12
62,32,4.106000,13
62,33,3.106000,12
62,34,3.702000,14
62,35,3.600000,13
62,36,1.125000,13
62,37,3.313000,13
62,38,4.369000,13
62,39,3.535000,13
62,40,3.707000,13
62,41,2.909000,13
62,42,0.552000,8
62,43,2.388000,10
62,44,2.696000,10
62,45,3.439000,10
62,46,2.547000,8
62,47,2.847000,10
62,48,3.009000,10
62,49,2.586000,10
62,50,3.290000,10
62,51,2.897000,10
62,52,2.594000,10
62,53,3.596000,10
62,54,2.452000,10
62,55,2.626000,10
62,56,2.736000,10
62,57,3.406000,11
62,58,2.449000,7
62,59,3.202000,9
62,60,1.754000,7
62,61,2.790000,12
62,62,2.921000,10
62,63,3.006000,10
62,64,2.740000,10
62,65,3.210000,11
62,66,2.409000,10
62,67,2.312000,10
62,68,3.923000,13
62,69,3.340000,12
62,70,3.159000,12
62,71,2.951000,13
62,72,0.708000,13
62,73,3.130000,13
62,74,3.378000,11
62,75,3.096000,11
62,76,3.775000,14
62,77,2.599000,10
62,78,1.979000,10
62,79,2.218000,10
62,80,1.482000,7
62,81,3.434000,10
62,82,3.406000,12
62,83,4.150000,14
62,84,2.412000,8
62,85,2.117000,8
62,86,3.649000,14
62,87,2.912000,8
62,88,2.453000,9
62,89,2.997000,11
62,90,3.470000,12
62,91,2.432000,9
62,92,2.386000,9
62,93,2.937000,9
62,94,2.411000,8
62,95,2.881000,9
62,96,2.400000,6
63,1,1.967000,13
63,2,1.863000,7
63,3,2.114000,12
63,4,1.561000,7
63,5,2.164000,12
63,6,1.900000,10
63,7,1.365000,8
63,8,2.145000,10
63,9,1.936000,10
63,10,1.620000,8
63,11,1.382000,8
63,12,2.561000,12
63,13,1.842000,11
63,14,1.986000,10
63,15,2.082000,13
63,16,3.138000,17
63,17,2.438000,15
63,18,1.066000,10
63,19,2.600000,12
63,20,3.199000,13
63,21,2.092000,11
63,22,2.004000,9
63,23,2.021000,9
63,24,1.384000,14
63,25,1.652000,9
63,26,2.512000,9
63,27,2.290000,12
63,28,2.403000,14
63,29,3.276000,21
63,30,0.876000,8
63,31,2.823000,12
63,32,2.838000,12
63,33,2.156000,12
63,34,2.386000,14
63,35,2.120000,13
63,36,0.732000,13
63,37,1.718000,13
63,38,3.040000,13
63,39,2.320000,12
63,40,1.745000,9
63,41,2.421000,13
63,42,1.108000,8
63,43,2.894000,10
63,44,2.677000,10
63,45,2.200000,10
63,46,1.869000,8
63,47,2.067000,10
63,48,1.031000,10
63,49,1.985000,10
63,50,2.787000,10
63,51,1.696000,10
63,52,2.062000,10
63,53,1.822000,10
63,54,1.955000,10
63,55,1.964000,10
63,56,2.291000,10
63,57,2.180000,10
63,58,1.487000,7
63,59,1.403000,7
63,60,1.730000,7
63,61,1.516000,12
63,62,1.791000,10
63,63,2.597000,11
63,64,1.431000,8
63,65,1.889000,10
63,66,1.412000,8
63,67,2.234000,12
63,68,2.420000,11
63,69,2.755000,12
63,70,3.227000,13
63,71,2.110000,13
63,72,0.669000,13
63,73,2.584000,13
63,74,2.775000,13
63,75,2.474000,14
63,76,2.673000,13
63,77,2.249000,11
63,78,0.712000,11
63,79,1.708000,10
63,80,2.126000,8
63,81,1.929000,7
63,82,2.359000,12
63,83,2.980000,14
63,84,1.360000,8
63,85,2.233000,8
63,86,2.767000,14
63,87,2.281000,13
63,88,2.378000,13
63,89,1.973000,13
63,90,0.528000,9
63,91,2.018000,9
63,92,1.711000,9
63,93,2.567000,16
63,94,1.823000,9
63,95,1.995000,9
63,96,1.150000,5
64,1,2.396000,13
64,2,1.807000,7
64,3,2.778000,12
64,4,2.183000,11
64,5,1.847000,12
64,6,1.302000,10
64,7,2.165000,8
64,8,2.143000,10
64,9,2.425000,10
64,10,2.175000,8
64,11,1.888000,8
64,12,1.246000,12
64,13,2.290000,11
64,14,2.128000,10
64,15,2.890000,13
64,16,3.454000,17
64,17,1.823000,14
64,18,0.798000,10
64,19,2.075000,12
64,20,3.909000,21
64,21,1.602000,8
64,22,1.873000,9
64,23,1.647000,9
64,24,1.185000,14
64,25,1.587000,9
64,26,1.851000,9
64,27,3.889000,19
64,28,2.461000,13
64,29,2.353000,16
64,30,1.188000,13
64,31,2.495000,12
64,32,2.378000,13
64,33,2.114000,12
64,34,2.670000,14
64,35,2.456000,13
64,36,0.921000,13
64,37,2.406000,13
64,38,2.268000,13
64,39,1.747000,12
64,40,1.494000,9
64,41,2.468000,13
64,42,1.392000,8
64,43,1.744000,10
64,44,1.750000,10
64,45,2.030000,10
64,46,1.795000,8
64,47,2.275000,10
64,48,1.912000,10
64,49,1.868000,10
64,50,2.161000,10
64,51,1.775000,10
64,52,2.043000,10
64,53,1.631000,10
64,54,1.518000,10
64,55,2.363000,10
64,56,1.633000,10
64,57,1.966000,11
64,58,1.725000,7
64,59,1.737000,9
64,60,1.322000,7
64,61,2.497000,12
64,62,2.256000,11
64,63,2.234000,10
64,64,1.748000,10
64,65,2.354000,11
64,66,1.336000,10
64,67,2.137000,11
64,68,2.172000,11
64,69,2.741000,12
64,70,1.895000,12
64,71,1.480000,13
64,72,0.513000,13
64,73,2.650000,13
64,74,2.640000,13
64,75,2.369000,13
64,76,2.513000,13
64,77,1.544000,11
64,78,0.828000,10
64,79,2.221000,10
64,80,1.546000,7
64,81,1.656000,10
64,82,2.261000,12
64,83,2.769000,14
64,84,1.429000,8
64,85,1.383000,8
64,86,2.150000,14
64,87,2.693000,13
64,88,2.677000,12
64,89,2.351000,13
64,90,0.873000,9
64,91,1.839000,9
64,92,1.513000,9
64,93,2.410000,15
64,94,1.942000,9
64,95,1.999000,9
64,96,1.132000,6
65,1,2.310000,14
65,2,1.449000,7
65,3,2.498000,12
65,4,1.695000,10
65,5,2.131000,12
65,6,1.383000,10
65,7,1.459000,8
65,8,1.822000,10
65,9,2.012000,10
65,10,1.605000,8
65,11,1.658000,8
65,12,1.782000,10
65,13,2.138000,11
65,14,1.785000,10
65,15,2.306000,13
65,16,2.767000,17
65,17,1.886000,13
65,18,1.119000,10
65,19,2.295000,11
65,20,2.354000,13
65,21,1.413000,7
65,22,1.658000,9
65,23,2.126000,9
65,24,1.795000,14
65,25,1.853000,9
65,26,1.889000,9
65,27,2.133000,16
65,28,1.969000,13
65,29,2.241000,13
65,30,1.778000,12
65,31,2.225000,13
65,32,2.655000,14
65,33,2.381000,12
65,34,2.475000,14
65,35,1.900000,13
65,36,0.825000,13
65,37,2.272000,13
65,38,2.370000,13
65,39,2.012000,12
65,40,1.598000,9
65,41,2.756000,13
65,42,1.287000,8
65,43,2.023000,10
65,44,1.880000,10
65,45,1.704000,10
65,46,1.225000,8
65,47,1.756000,10
65,48,1.891000,10
65,49,1.778000,10
65,50,1.702000,10
65,51,1.708000,10
65,52,1.968000,10
65,53,2.185000,10
65,54,1.854000,10
65,55,1.487000,10
65,56,1.853000,10
65,57,2.293000,10
65,58,1.493000,7
65,59,1.456000,7
65,60,1.392000,7
65,61,2.213000,12
65,62,1.968000,10
65,63,2.276000,11
65,64,1.627000,8
65,65,2.030000,10
65,66,1.586000,8
65,67,2.569000,13
65,68,2.135000,10
65,69,2.030000,12
65,70,1.771000,12
65,71,2.134000,13
65,72,1.461000,13
65,73,2.738000,13
65,74,2.141000,13
65,75,2.912000,13
65,76,2.854000,13
65,77,1.495000,13
65,78,0.396000,11
65,79,2.130000,11
65,80,1.790000,8
65,81,1.526000,7
65,82,2.627000,12
65,83,2.327000,14
65,84,0.472000,8
65,85,1.922000,8
65,86,2.832000,14
65,87,2.267000,13
65,88,2.832000,17
65,89,1.133000,7
65,90,0.659000,9
65,91,1.775000,9
65,92,1.919000,9
65,93,2.526000,15
65,94,2.017000,9
65,95,1.993000,9
65,96,1.128000,6
66,1,1.959000,12
66,2,1.457000,7
66,3,2.707000,12
66,4,2.509000,13
66,5,2.053000,12
66,6,1.589000,8
66,7,1.711000,9
66,8,1.974000,10
66,9,2.062000,9
66,10,2.582000,12
66,11,2.584000,12
66,12,2.190000,13
66,13,2.387000,13
66,14,2.258000,10
66,15,2.185000,13
66,16,2.639000,13
66,17,2.572000,14
66,18,1.248000,10
66,19,2.170000,10
66,20,2.733000,14
66,21,1.047000,7
66,22,1.897000,9
66,23,1.599000,9
66,24,1.503000,7
66,25,2.116000,9
66,26,1.859000,9
66,27,2.501000,18
66,28,2.286000,12
66,29,3.008000,17
66,30,1.579000,9
66,31,1.937000,12
66,32,2.121000,13
66,33,2.004000,13
66,34,2.492000,14
66,35,2.997000,16
66,36,1.752000,13
66,37,2.265000,13
66,38,2.449000,13
66,39,1.973000,13
66,40,1.842000,9
66,41,2.650000,13
66,42,2.070000,11
66,43,1.476000,10
66,44,1.991000,10
66,45,1.755000,8
66,46,1.448000,8
66,47,2.039000,10
66,48,2.212000,10
66,49,2.484000,10
66,50,2.152000,10
66,51,2.439000,10
66,52,2.173000,10
66,53,2.104000,10
66,54,1.606000,10
66,55,1.865000,10
66,56,1.914000,10
66,57,1.921000,11
66,58,1.619000,10
66,59,1.995000,10
66,60,1.717000,10
66,61,2.307000,11
66,62,1.886000,10
66,63,1.870000,10
66,64,1.473000,10
66,65,2.345000,11
66,66,1.829000,9
66,67,1.850000,8
66,68,2.021000,12
66,69,2.609000,13
66,70,2.633000,13
66,71,2.420000,13
66,72,1.719000,13
66,73,2.267000,13
66,74,2.581000,13
66,75,3.111000,13
66,76,2.739000,14
66,77,2.140000,12
66,78,0.686000,8
66,79,2.170000,10
66,80,2.267000,10
66,81,2.047000,10
66,82,1.823000,12
66,83,2.519000,13
66,84,1.970000,8
66,85,3.377000,16
66,86,2.601000,13
66,87,2.376000,14
66,88,1.609000,8
66,89,1.300000,7
66,90,1.719000,9
66,91,1.927000,9
66,92,1.570000,9
66,93,2.937000,15
66,94,1.956000,9
66,95,1.545000,8
66,96,1.352000,6
67,1,2.913000,13
67,2,1.199000,7
67,3,1.863000,12
67,4,1.849000,10
67,5,2.110000,12
67,6,1.167000,8
67,7,1.749000,9
67,8,1.999000,10
67,9,1.967000,9
67,10,1.635000,9
67,11,1.657000,9
67,12,2.144000,9
67,13,2.109000,11
67,14,1.934000,10
67,15,2.130000,13
67,16,2.421000,13
67,17,2.257000,13
67,18,1.420000,11
67,19,2.260000,10
67,20,3.999000,21
67,21,1.790000,7
67,22,1.650000,9
67,23,1.279000,9
67,24,1.126000,7
67,25,2.064000,9
67,26,1.590000,9
67,27,2.947000,17
67,28,1.356000,7
67,29,3.183000,16
67,30,0.946000,9
67,31,2.416000,13
67,32,2.938000,13
67,33,2.356000,12
67,34,2.710000,14
67,35,1.250000,15
67,36,0.142000,13
67,37,2.551000,13
67,38,2.117000,13
67,39,2.084000,13
67,40,1.693000,9
67,41,2.136000,13
67,42,1.463000,13
67,43,2.098000,10
67,44,2.088000,10
67,45,1.676000,8
67,46,1.723000,8
67,47,1.854000,10
67,48,2.097000,10
67,49,2.543000,10
67,50,2.812000,10
67,51,2.040000,10
67,52,1.588000,10
67,53,1.679000,10
67,54,1.193000,10
67,55,1.886000,10
67,56,1.894000,10
67,57,1.674000,10
67,58,2.101000,11
67,59,2.264000,11
67,60,1.641000,11
67,61,2.382000,11
67,62,2.112000,11
67,63,1.760000,11
67,64,1.689000,8
67,65,2.326000,10
67,66,0.784000,8
67,67,1.878000,8
67,68,1.480000,10
67,69,2.408000,12
67,70,2.048000,12
67,71,2.853000,13
67,72,1.798000,13
67,73,2.550000,13
67,74,1.961000,13
67,75,2.267000,13
67,76,2.222000,12
67,77,1.718000,16
67,78,0.328000,11
67,79,1.751000,11
67,80,1.501000,8
67,81,1.863000,8
67,82,2.213000,12
67,83,2.824000,13
67,84,1.212000,8
67,85,3.185000,16
67,86,2.286000,13
67,87,2.488000,12
67,88,1.576000,8
67,89,1.398000,7
67,90,1.322000,9
67,91,1.634000,9
67,92,1.667000,9
67,93,2.091000,10
67,94,2.042000,9
67,95,1.394000,8
67,96,1.010000,5
68,1,2.173000,13
68,2,1.108000,7
68,3,2.498000,12
68,4,1.441000,7
68,5,1.967000,12
68,6,1.437000,8
68,7,1.734000,9
68,8,1.946000,10
68,9,1.130000,9
68,10,1.651000,9
68,11,2.621000,12
68,12,1.613000,9
68,13,2.210000,13
68,14,1.779000,10
68,15,2.795000,13
68,16,2.658000,13
68,17,1.841000,13
68,18,1.259000,11
68,19,2.605000,11
68,20,2.381000,15
68,21,1.837000,7
68,22,2.311000,9
68,23,1.369000,9
68,24,1.667000,13
68,25,1.374000,9
68,26,1.570000,9
68,27,2.834000,16
68,28,3.138000,15
68,29,1.993000,16
68,30,0.268000,9
68,31,2.379000,12
68,32,2.483000,15
68,33,2.758000,13
68,34,2.485000,14
68,35,2.336000,16
68,36,0.365000,13
68,37,2.672000,13
68,38,2.608000,13
68,39,2.764000,13
68,40,2.070000,9
68,41,2.070000,13
68,42,0.560000,9
68,43,1.602000,10
68,44,2.186000,10
68,45,2.010000,8
68,46,1.706000,8
68,47,2.542000,10
68,48,1.618000,10
68,49,2.053000,10
68,50,1.691000,10
68,51,1.670000,10
68,52,2.097000,10
68,53,1.923000,10
68,54,1.479000,10
68,55,2.378000,10
68,56,1.827000,10
68,57,1.815000,10
68,58,2.052000,10
68,59,1.608000,10
68,60,1.832000,10
68,61,1.852000,11
68,62,1.909000,10
68,63,2.539000,10
68,64,2.471000,10
68,65,2.140000,11
68,66,1.126000,9
68,67,1.720000,8
68,68,2.070000,11
68,69,2.873000,12
68,70,2.234000,13
68,71,2.458000,13
68,72,1.199000,13
68,73,2.371000,13
68,74,2.021000,13
68,75,2.579000,14
68,76,2.325000,13
68,77,2.429000,16
68,78,0.807000,8
68,79,1.623000,10
68,80,1.849000,10
68,81,1.559000,10
68,82,2.234000,12
68,83,2.577000,13
68,84,1.399000,8
68,85,3.258000,17
68,86,2.834000,13
68,87,2.458000,12
68,88,1.878000,13
68,89,1.460000,7
68,90,0.725000,9
68,91,1.915000,9
68,92,1.820000,9
68,93,1.246000,8
68,94,1.825000,9
68,95,1.499000,7
68,96,1.391000,6
69,1,2.522000,13
69,2,1.531000,7
69,3,1.999000,12
69,4,2.265000,11
69,5,2.137000,12
69,6,1.276000,8
69,7,1.448000,9
69,8,3.279000,10
69,9,2.282000,9
69,10,1.407000,9
69,11,1.631000,9
69,12,2.294000,13
69,13,2.034000,11
69,14,1.849000,10
69,15,2.522000,13
69,16,2.411000,13
69,17,2.436000,13
69,18,1.300000,11
69,19,1.617000,10
69,20,3.034000,15
69,21,1.414000,10
69,22,2.041000,9
69,23,1.535000,9
69,24,2.120000,14
69,25,1.739000,9
69,26,1.750000,9
69,27,2.534000,16
69,28,2.124000,13
69,29,2.662000,14
69,30,1.436000,9
69,31,2.260000,13
69,32,2.726000,15
69,33,1.840000,12
69,34,2.437000,14
69,35,2.772000,16
69,36,0.840000,13
69,37,2.105000,13
69,38,2.317000,13
69,39,2.770000,13
69,40,2.625000,13
69,41,1.921000,13
69,42,0.859000,9
69,43,1.731000,10
69,44,1.880000,10
69,45,1.172000,8
69,46,1.635000,8
69,47,2.380000,10
69,48,1.815000,10
69,49,2.711000,10
69,50,1.360000,10
69,51,1.874000,10
69,52,2.588000,10
69,53,2.105000,10
69,54,1.095000,10
69,55,2.115000,10
69,56,1.961000,10
69,57,1.730000,10
69,58,1.892000,10
69,59,1.672000,11
69,60,1.867000,11
69,61,2.032000,11
69,62,1.612000,10
69,63,2.165000,11
69,64,1.783000,8
69,65,1.468000,10
69,66,1.191000,8
69,67,1.611000,8
69,68,1.722000,11
69,69,2.394000,12
69,70,2.653000,12
69,71,1.934000,13
69,72,1.969000,13
69,73,2.552000,13
69,74,2.208000,13
69,75,2.625000,14
69,76,2.285000,13
69,77,2.817000,20
69,78,0.280000,11
69,79,1.685000,11
69,80,1.819000,8
69,81,1.622000,8
69,82,2.173000,12
69,83,2.041000,13
69,84,1.525000,8
69,85,2.714000,17
69,86,2.744000,13
69,87,2.632000,12
69,88,2.373000,12
69,89,1.568000,10
69,90,0.524000,9
69,91,2.208000,9
69,92,2.309000,9
69,93,2.073000,10
69,94,1.718000,9
69,95,1.492000,8
69,96,1.261000,6
70,1,2.600000,13
70,2,1.646000,7
70,3,2.051000,12
70,4,1.640000,9
70,5,1.879000,12
70,6,1.293000,8
70,7,2.001000,9
70,8,2.135000,10
70,9,2.002000,9
70,10,1.476000,9
70,11,1.950000,12
70,12,1.737000,9
70,13,2.808000,13
70,14,2.057000,10
70,15,2.101000,13
70,16,2.300000,13
70,17,1.699000,13
70,18,1.399000,11
70,19,1.861000,11
70,20,2.277000,15
70,21,1.698000,10
70,22,2.046000,9
70,23,1.425000,9
70,24,2.232000,14
70,25,1.836000,9
70,26,1.687000,9
70,27,2.401000,16
70,28,2.675000,15
70,29,2.664000,17
70,30,1.094000,9
70,31,2.497000,12
70,32,2.248000,14
70,33,2.350000,13
70,34,2.364000,14
70,35,2.192000,16
70,36,0.887000,13
70,37,2.660000,13
70,38,2.309000,13
70,39,2.732000,13
70,40,1.435000,9
70,41,2.395000,13
70,42,0.930000,9
70,43,2.110000,10
70,44,2.031000,10
70,45,1.412000,8
70,46,1.498000,8
70,47,2.302000,10
70,48,1.806000,10
70,49,1.731000,10
70,50,2.069000,10
70,51,1.931000,10
70,52,2.180000,10
70,53,1.729000,10
70,54,2.095000,10
70,55,2.215000,10
70,56,1.532000,10
70,57,2.097000,10
70,58,1.802000,11
70,59,2.421000,10
70,60,1.534000,10
70,61,2.844000,11
70,62,2.294000,11
70,63,1.858000,10
70,64,1.710000,10
70,65,1.940000,11
70,66,1.277000,9
70,67,1.932000,8
70,68,2.382000,14
70,69,2.037000,12
70,70,2.568000,13
70,71,2.318000,13
70,72,1.450000,13
70,73,2.223000,13
70,74,2.804000,13
70,75,2.477000,14
70,76,2.212000,12
70,77,2.425000,15
70,78,0.538000,8
70,79,2.316000,10
70,80,2.079000,10
70,81,1.620000,10
70,82,2.749000,12
70,83,2.181000,13
70,84,1.049000,8
70,85,3.368000,19
70,86,2.023000,13
70,87,2.810000,15
70,88,2.297000,12
70,89,0.740000,7
70,90,0.270000,9
70,91,2.349000,9
70,92,1.776000,9
70,93,2.542000,14
70,94,1.681000,9
70,95,1.583000,7
70,96,1.420000,6
71,1,2.297000,13
71,2,1.745000,7
71,3,2.412000,13
71,4,1.373000,8
71,5,2.121000,12
71,6,1.506000,10
71,7,2.019000,9
71,8,1.446000,10
71,9,1.444000,8
71,10,1.843000,11
71,11,2.069000,9
71,12,1.859000,9
71,13,2.301000,11
71,14,1.802000,10
71,15,2.735000,13
71,16,2.182000,14
71,17,2.032000,13
71,18,1.114000,12
71,19,2.458000,11
71,20,2.864000,15
71,21,1.410000,7
71,22,1.872000,9
71,23,1.077000,9
71,24,0.160000,14
71,25,1.851000,9
71,26,1.512000,9
71,27,2.565000,16
71,28,2.460000,14
71,29,3.232000,18
71,30,0.764000,9
71,31,2.130000,13
71,32,2.568000,12
71,33,2.117000,12
71,34,2.328000,13
71,35,1.579000,8
71,36,1.540000,13
71,37,2.551000,13
71,38,2.141000,13
71,39,2.156000,13
71,40,2.287000,11
71,41,2.249000,13
71,42,0.807000,9
71,43,2.047000,10
71,44,1.900000,10
71,45,1.179000,8
71,46,1.283000,8
71,47,1.816000,10
71,48,1.405000,10
71,49,1.482000,10
71,50,2.091000,10
71,51,1.741000,10
71,52,1.679000,10
71,53,2.023000,10
71,54,1.943000,10
71,55,1.709000,10
71,56,1.870000,10
71,57,2.355000,10
71,58,1.792000,10
71,59,1.413000,11
71,60,2.197000,11
71,61,2.462000,13
71,62,2.232000,10
71,63,1.941000,11
71,64,1.494000,8
71,65,1.782000,9
71,66,1.315000,8
71,67,1.342000,8
71,68,2.002000,11
71,69,2.420000,12
71,70,2.069000,12
71,71,1.921000,13
71,72,2.079000,13
71,73,2.155000,13
71,74,2.277000,13
71,75,2.113000,14
71,76,1.827000,12
71,77,2.748000,16
71,78,0.834000,9
71,79,2.154000,11
71,80,1.500000,8
71,81,1.733000,8
71,82,2.138000,13
71,83,2.240000,13
71,84,1.498000,8
71,85,3.137000,17
71,86,2.495000,13
71,87,2.707000,14
71,88,1.961000,11
71,89,1.826000,13
71,90,0.300000,9
71,91,1.787000,10
71,92,2.316000,12
71,93,2.900000,16
71,94,2.136000,9
71,95,0.997000,7
71,96,1.289000,8
72,1,2.531000,13
72,2,1.308000,7
72,3,2.046000,13
72,4,1.478000,8
72,5,2.160000,12
72,6,1.387000,10
72,7,1.575000,9
72,8,1.700000,10
72,9,1.535000,8
72,10,2.346000,12
72,11,2.374000,13
72,12,2.177000,13
72,13,2.527000,13
72,14,1.878000,10
72,15,2.769000,13
72,16,2.295000,14
72,17,2.374000,14
72,18,0.927000,11
72,19,1.649000,11
72,20,2.422000,15
72,21,1.470000,7
72,22,1.605000,9
72,23,1.709000,9
72,24,2.655000,14
72,25,1.788000,9
72,26,1.495000,9
72,27,2.455000,16
72,28,3.319000,18
72,29,2.980000,18
72,30,0.615000,9
72,31,2.525000,13
72,32,2.108000,12
72,33,2.136000,12
72,34,2.557000,13
72,35,1.851000,8
72,36,1.008000,13
72,37,2.378000,13
72,38,1.840000,13
72,39,2.713000,13
72,40,2.611000,12
72,41,2.074000,13
72,42,1.052000,13
72,43,2.079000,10
72,44,2.206000,10
72,45,1.390000,8
72,46,1.801000,8
72,47,2.263000,10
72,48,1.852000,10
72,49,2.119000,10
72,50,1.870000,10
72,51,1.672000,10
72,52,1.969000,10
72,53,2.014000,10
72,54,1.550000,10
72,55,2.028000,10
72,56,1.920000,10
72,57,1.764000,10
72,58,1.729000,10
72,59,2.380000,10
72,60,1.814000,10
72,61,1.946000,13
72,62,2.045000,10
72,63,1.520000,10
72,64,1.933000,10
72,65,1.770000,10
72,66,1.484000,9
72,67,1.896000,8
72,68,2.475000,14
72,69,1.871000,12
72,70,2.207000,13
72,71,2.520000,13
72,72,1.628000,13
72,73,2.324000,13
72,74,2.432000,13
72,75,3.035000,14
72,76,2.578000,13
72,77,1.902000,16
72,78,0.258000,8
72,79,1.664000,10
72,80,2.323000,10
72,81,2.201000,10
72,82,2.172000,13
72,83,2.691000,13
72,84,1.218000,9
72,85,2.562000,17
72,86,1.940000,13
72,87,2.074000,12
72,88,2.170000,12
72,89,2.422000,14
72,90,1.264000,9
72,91,1.786000,10
72,92,2.200000,14
72,93,2.506000,15
72,94,1.817000,9
72,95,1.629000,8
72,96,1.191000,7
73,1,2.699000,14
73,2,1.377000,7
73,3,2.807000,14
73,4,1.935000,11
73,5,2.179000,12
73,6,1.292000,10
73,7,1.372000,9
73,8,2.724000,10
73,9,1.478000,8
73,10,2.211000,12
73,11,1.471000,9
73,12,1.888000,9
73,13,2.222000,11
73,14,2.096000,10
73,15,1.846000,13
73,16,2.021000,14
73,17,2.631000,13
73,18,1.270000,11
73,19,2.196000,11
73,20,2.283000,15
73,21,1.362000,7
73,22,1.911000,9
73,23,1.701000,9
73,24,2.279000,14
73,25,1.374000,9
73,26,1.774000,9
73,27,2.980000,16
73,28,2.298000,12
73,29,2.595000,18
73,30,1.060000,9
73,31,2.160000,13
73,32,2.054000,12
73,33,2.106000,12
73,34,2.348000,13
73,35,2.467000,18
73,36,1.040000,13
73,37,2.648000,13
73,38,3.094000,13
73,39,2.251000,13
73,40,2.265000,12
73,41,1.822000,13
73,42,0.318000,9
73,43,1.698000,10
73,44,2.547000,10
73,45,1.326000,8
73,46,1.939000,8
73,47,2.226000,10
73,48,1.822000,10
73,49,2.286000,10
73,50,1.426000,10
73,51,1.928000,10
73,52,2.066000,10
73,53,1.714000,10
73,54,2.148000,10
73,55,1.968000,10
73,56,1.773000,10
73,57,1.738000,10
73,58,1.757000,10
73,59,1.563000,10
73,60,1.775000,11
73,61,2.545000,13
73,62,1.764000,11
73,63,2.031000,10
73,64,1.489000,8
73,65,1.932000,11
73,66,1.416000,8
73,67,1.966000,8
73,68,2.318000,13
73,69,2.572000,12
73,70,2.358000,12
73,71,1.920000,13
73,72,1.335000,13
73,73,1.777000,13
73,74,2.836000,13
73,75,2.245000,14
73,76,3.003000,14
73,77,0.634000,16
73,78,0.094000,9
73,79,1.672000,10
73,80,1.308000,8
73,81,1.868000,8
73,82,2.287000,13
73,83,2.855000,13
73,84,1.353000,8
73,85,2.957000,17
73,86,2.413000,13
73,87,2.228000,13
73,88,1.856000,13
73,89,2.160000,13
73,90,0.939000,9
73,91,2.064000,9
73,92,1.914000,12
73,93,3.070000,16
73,94,1.304000,9
73,95,1.659000,7
73,96,0.965000,7
74,1,1.886000,12
74,2,1.348000,7
74,3,2.231000,14
74,4,1.551000,9
74,5,2.292000,12
74,6,1.710000,10
74,7,1.747000,9
74,8,1.571000,10
74,9,1.208000,8
74,10,2.330000,12
74,11,1.740000,9
74,12,2.397000,13
74,13,2.547000,13
74,14,2.152000,10
74,15,2.396000,13
74,16,2.229000,14
74,17,2.325000,14
74,18,1.125000,11
74,19,1.340000,10
74,20,4.131000,23
74,21,1.149000,8
74,22,1.299000,9
74,23,1.757000,9
74,24,2.022000,14
74,25,1.880000,9
74,26,1.934000,9
74,27,2.652000,16
74,28,2.719000,12
74,29,2.849000,18
74,30,0.888000,9
74,31,2.272000,13
74,32,1.906000,12
74,33,2.382000,12
74,34,2.435000,13
74,35,1.820000,8
74,36,1.847000,13
74,37,2.270000,13
74,38,2.257000,13
74,39,1.777000,13
74,40,2.152000,12
74,41,2.404000,13
74,42,1.527000,9
74,43,1.489000,10
74,44,1.703000,10
74,45,1.940000,8
74,46,1.117000,8
74,47,2.172000,10
74,48,1.549000,10
74,49,2.108000,10
74,50,2.349000,10
74,51,2.208000,10
74,52,1.953000,10
74,53,1.859000,10
74,54,1.828000,10
74,55,1.837000,10
74,56,2.323000,10
74,57,1.818000,10
74,58,1.854000,10
74,59,2.346000,11
74,60,0.112000,10
74,61,2.832000,13
74,62,2.084000,10
74,63,2.169000,11
74,64,2.029000,10
74,65,2.084000,9
74,66,1.172000,9
74,67,1.486000,8
74,68,2.426000,13
74,69,2.281000,12
74,70,2.372000,13
74,71,2.052000,13
74,72,1.567000,13
74,73,1.890000,13
74,74,3.219000,13
74,75,2.555000,14
74,76,2.170000,12
74,77,2.348000,16
74,78,0.730000,8
74,79,2.547000,11
74,80,2.293000,10
74,81,1.799000,10
74,82,2.667000,13
74,83,2.428000,13
74,84,1.050000,9
74,85,2.272000,17
74,86,2.074000,13
74,87,2.884000,12
74,88,3.607000,20
74,89,1.578000,13
74,90,0.520000,9
74,91,1.220000,9
74,92,2.192000,11
74,93,2.541000,14
74,94,1.552000,9
74,95,1.280000,7
74,96,1.289000,7
75,1,2.625000,14
75,2,1.201000,7
75,3,2.452000,14
75,4,1.600000,7
75,5,2.546000,12
75,6,1.190000,10
75,7,2.013000,9
75,8,1.982000,10
75,9,1.433000,8
75,10,2.458000,12
75,11,2.177000,13
75,12,1.245000,9
75,13,1.682000,11
75,14,2.190000,10
75,15,2.068000,13
75,16,3.022000,14
75,17,1.418000,13
75,18,0.311000,11
75,19,1.619000,10
75,20,1.904000,15
75,21,1.720000,7
75,22,1.583000,9
75,23,2.099000,9
75,24,1.764000,14
75,25,1.759000,9
75,26,1.313000,9
75,27,2.812000,17
75,28,1.283000,8
75,29,3.238000,18
75,30,1.291000,9
75,31,2.825000,13
75,32,2.622000,12
75,33,1.971000,12
75,34,1.861000,13
75,35,1.095000,8
75,36,1.661000,13
75,37,2.351000,13
75,38,2.045000,13
75,39,1.830000,13
75,40,2.537000,12
75,41,2.067000,13
75,42,0.628000,9
75,43,2.140000,10
75,44,2.351000,10
75,45,1.240000,8
75,46,1.117000,8
75,47,2.300000,10
75,48,1.589000,10
75,49,1.792000,10
75,50,1.912000,10
75,51,2.011000,10
75,52,1.966000,10
75,53,2.078000,10
75,54,1.537000,10
75,55,1.487000,10
75,56,1.832000,10
75,57,1.547000,10
75,58,1.400000,10
75,59,1.860000,10
75,60,1.960000,11
75,61,2.980000,13
75,62,2.075000,10
75,63,1.839000,10
75,64,1.248000,8
75,65,1.670000,11
75,66,1.463000,8
75,67,1.467000,8
75,68,3.195000,13
75,69,2.364000,12
75,70,2.297000,12
75,71,1.968000,13
75,72,1.029000,13
75,73,2.060000,13
75,74,2.738000,13
75,75,2.180000,14
75,76,1.997000,12
75,77,2.367000,16
75,78,0.775000,9
75,79,2.241000,10
75,80,1.760000,8
75,81,1.429000,8
75,82,2.449000,13
75,83,2.290000,13
75,84,1.368000,8
75,85,2.806000,17
75,86,2.490000,13
75,87,2.694000,13
75,88,3.410000,19
75,89,0.673000,13
75,90,0.127000,12
75,91,1.502000,9
75,92,1.880000,11
75,93,2.502000,14
75,94,1.538000,8
75,95,1.534000,8
75,96,1.182000,6
76,1,2.205000,12
76,2,1.149000,7
76,3,2.539000,13
76,4,1.754000,9
76,5,2.415000,12
76,6,1.779000,10
76,7,1.450000,9
76,8,1.745000,9
76,9,1.185000,8
76,10,2.180000,12
76,11,1.342000,9
76,12,2.241000,13
76,13,2.393000,13
76,14,2.380000,11
76,15,2.771000,13
76,16,2.961000,14
76,17,1.916000,13
76,18,0.667000,11
76,19,2.446000,10
76,20,2.663000,15
76,21,1.369000,7
76,22,1.313000,9
76,23,1.877000,9
76,24,2.141000,14
76,25,2.974000,16
76,26,2.311000,12
76,27,3.725000,19
76,28,1.466000,9
76,29,2.215000,18
76,30,0.456000,10
76,31,2.385000,13
76,32,2.388000,12
76,33,1.937000,13
76,34,2.587000,13
76,35,2.940000,17
76,36,0.861000,14
76,37,2.246000,13
76,38,2.368000,13
76,39,2.723000,13
76,40,2.122000,11
76,41,2.025000,13
76,42,0.806000,9
76,43,1.959000,10
76,44,2.202000,10
76,45,1.687000,8
76,46,1.414000,8
76,47,1.929000,10
76,48,1.926000,10
76,49,1.669000,10
76,50,2.000000,10
76,51,1.814000,10
76,52,1.910000,10
76,53,1.826000,10
76,54,2.127000,10
76,55,1.660000,10
76,56,1.851000,10
76,57,1.883000,10
76,58,2.659000,10
76,59,1.687000,10
76,60,1.737000,10
76,61,2.461000,13
76,62,2.542000,11
76,63,1.948000,10
76,64,1.925000,10
76,65,1.690000,9
76,66,1.207000,9
76,67,1.777000,8
76,68,2.690000,14
76,69,1.996000,14
76,70,2.044000,13
76,71,2.384000,13
76,72,1.518000,13
76,73,2.416000,13
76,74,3.148000,13
76,75,2.577000,14
76,76,2.310000,12
76,77,1.694000,16
76,78,0.560000,8
76,79,2.316000,11
76,80,1.775000,10
76,81,1.935000,10
76,82,2.541000,13
76,83,2.198000,13
76,84,1.095000,9
76,85,2.879000,17
76,86,1.890000,12
76,87,2.863000,14
76,88,2.086000,13
76,89,1.238000,7
76,90,1.551000,12
76,91,1.412000,9
76,92,2.317000,9
76,93,2.049000,14
76,94,2.259000,9
76,95,1.674000,7
76,96,1.631000,7
77,1,2.590000,13
77,2,1.475000,7
77,3,2.572000,13
77,4,2.056000,12
77,5,2.557000,12
77,6,1.199000,10
77,7,1.559000,9
77,8,1.631000,9
77,9,1.718000,8
77,10,2.198000,12
77,11,1.954000,9
77,12,2.319000,9
77,13,2.455000,11
77,14,1.840000,11
77,15,2.256000,13
77,16,2.270000,14
77,17,2.560000,13
77,18,1.542000,11
77,19,2.521000,10
77,20,2.910000,15
77,21,1.494000,8
77,22,1.785000,9
77,23,1.773000,9
77,24,1.964000,14
77,25,2.469000,15
77,26,2.338000,12
77,27,3.160000,17
77,28,3.188000,16
77,29,1.939000,18
77,30,0.138000,8
77,31,2.060000,13
77,32,2.514000,12
77,33,2.317000,13
77,34,2.624000,13
77,35,1.648000,8
77,36,1.782000,14
77,37,3.012000,13
77,38,2.032000,13
77,39,2.273000,13
77,40,2.351000,11
77,41,2.307000,13
77,42,1.098000,13
77,43,1.916000,10
77,44,2.227000,10
77,45,1.295000,8
77,46,1.459000,8
77,47,2.511000,10
77,48,2.001000,10
77,49,1.671000,10
77,50,1.959000,10
77,51,1.839000,10
77,52,2.053000,10
77,53,1.652000,10
77,54,1.941000,10
77,55,1.931000,10
77,56,1.993000,10
77,57,1.970000,10
77,58,1.841000,10
77,59,2.053000,11
77,60,1.770000,10
77,61,2.849000,13
77,62,1.961000,10
77,63,2.038000,11
77,64,1.391000,8
77,65,1.972000,10
77,66,1.608000,8
77,67,1.430000,8
77,68,2.398000,14
77,69,2.454000,14
77,70,2.551000,12
77,71,2.704000,13
77,72,1.428000,13
77,73,2.295000,13
77,74,2.305000,13
77,75,2.447000,14
77,76,1.854000,12
77,77,3.007000,16
77,78,1.045000,9
77,79,1.822000,9
77,80,1.238000,8
77,81,2.040000,11
77,82,2.616000,13
77,83,2.161000,13
77,84,1.171000,9
77,85,2.871000,17
77,86,1.995000,12
77,87,2.447000,14
77,88,2.642000,13
77,89,1.117000,7
77,90,0.632000,11
77,91,1.462000,9
77,92,1.538000,9
77,93,2.380000,14
77,94,1.451000,9
77,95,1.472000,7
77,96,1.908000,7
78,1,2.520000,14
78,2,1.400000,7
78,3,2.336000,13
78,4,1.548000,9
78,5,1.678000,12
78,6,2.110000,10
78,7,1.996000,9
78,8,2.756000,9
78,9,1.386000,8
78,10,2.279000,12
78,11,2.599000,13
78,12,2.130000,13
78,13,2.700000,13
78,14,2.071000,11
78,15,2.981000,13
78,16,2.552000,14
78,17,2.008000,13
78,18,1.391000,11
78,19,1.709000,10
78,20,4.079000,23
78,21,1.788000,9
78,22,2.157000,9
78,23,1.988000,9
78,24,1.700000,14
78,25,2.881000,15
78,26,2.449000,13
78,27,3.439000,17
78,28,2.980000,15
78,29,2.011000,18
78,30,0.197000,8
78,31,2.245000,13
78,32,2.826000,13
78,33,1.733000,13
78,34,2.421000,13
78,35,1.910000,8
78,36,2.134000,14
78,37,2.776000,13
78,38,2.300000,13
78,39,2.325000,13
78,40,2.113000,12
78,41,2.622000,13
78,42,0.968000,9
78,43,2.359000,10
78,44,2.271000,10
78,45,1.100000,8
78,46,1.781000,8
78,47,2.239000,10
78,48,2.519000,10
78,49,1.714000,10
78,50,2.252000,10
78,51,2.036000,10
78,52,2.014000,10
78,53,2.221000,10
78,54,1.825000,10
78,55,2.699000,10
78,56,2.228000,10
78,57,1.895000,10
78,58,1.936000,10
78,59,1.653000,10
78,60,1.061000,11
78,61,2.954000,13
78,62,2.309000,10
78,63,2.018000,10
78,64,1.725000,10
78,65,2.188000,11
78,66,1.191000,9
78,67,1.655000,8
78,68,2.544000,14
78,69,2.297000,14
78,70,2.298000,13
78,71,2.002000,13
78,72,1.986000,13
78,73,2.478000,13
78,74,2.349000,13
78,75,2.139000,14
78,76,2.525000,12
78,77,2.777000,16
78,78,1.200000,8
78,79,2.332000,10
78,80,2.378000,10
78,81,1.616000,10
78,82,2.455000,13
78,83,2.232000,13
78,84,1.781000,9
78,85,3.140000,17
78,86,2.721000,12
78,87,2.631000,14
78,88,3.369000,22
78,89,0.999000,9
78,90,0.195000,9
78,91,2.080000,9
78,92,2.351000,9
78,93,3.086000,16
78,94,1.660000,9
78,95,1.983000,7
78,96,0.733000,7
79,1,1.931000,12
79,2,1.375000,7
79,3,2.346000,13
79,4,2.129000,12
79,5,2.215000,12
79,6,2.037000,10
79,7,1.923000,9
79,8,1.649000,9
79,9,1.770000,8
79,10,2.602000,12
79,11,1.908000,9
79,12,2.124000,9
79,13,2.656000,11
79,14,2.710000,11
79,15,2.769000,13
79,16,2.453000,14
79,17,2.045000,13
79,18,0.730000,11
79,19,2.468000,10
79,20,3.935000,21
79,21,1.567000,9
79,22,1.602000,9
79,23,1.577000,9
79,24,1.468000,14
79,25,2.698000,15
79,26,2.187000,13
79,27,3.357000,17
79,28,2.705000,15
79,29,1.076000,18
79,30,0.106000,8
79,31,2.306000,13
79,32,2.900000,13
79,33,2.389000,13
79,34,2.220000,13
79,35,2.725000,17
79,36,0.737000,14
79,37,2.653000,13
79,38,2.536000,13
79,39,2.560000,13
79,40,1.662000,11
79,41,2.516000,13
79,42,0.852000,9
79,43,2.301000,10
79,44,1.842000,10
79,45,1.592000,8
79,46,1.702000,8
79,47,2.669000,10
79,48,1.604000,10
79,49,2.186000,10
79,50,2.028000,10
79,51,2.500000,10
79,52,2.779000,10
79,53,2.086000,10
79,54,1.237000,10
79,55,2.215000,10
79,56,1.802000,10
79,57,1.828000,10
79,58,2.268000,10
79,59,2.093000,10
79,60,2.166000,10
79,61,2.565000,13
79,62,2.082000,11
79,63,2.220000,10
79,64,1.342000,8
79,65,1.625000,9
79,66,1.727000,8
79,67,2.180000,8
79,68,2.451000,15
79,69,2.656000,14
79,70,1.963000,12
79,71,2.394000,13
79,72,1.330000,13
79,73,1.963000,13
79,74,2.285000,13
79,75,2.155000,14
79,76,2.510000,12
79,77,2.381000,16
79,78,1.362000,9
79,79,2.615000,11
79,80,1.977000,8
79,81,2.622000,11
79,82,1.906000,13
79,83,2.193000,13
79,84,1.512000,9
79,85,2.869000,17
79,86,2.241000,12
79,87,2.532000,14
79,88,2.590000,13
79,89,1.873000,9
79,90,0.913000,9
79,91,2.462000,9
79,92,1.572000,9
79,93,3.108000,16
79,94,1.523000,9
79,95,1.635000,8
79,96,1.531000,7
80,1,2.888000,14
80,2,1.936000,7
80,3,2.296000,13
80,4,2.003000,9
80,5,2.237000,12
80,6,1.727000,10
80,7,1.695000,9
80,8,2.126000,9
80,9,1.714000,8
80,10,2.451000,12
80,11,1.860000,9
80,12,2.608000,13
80,13,2.016000,13
80,14,2.199000,11
80,15,2.673000,13
80,16,3.140000,14
80,17,2.425000,13
80,18,1.493000,11
80,19,1.964000,10
80,20,3.513000,18
80,21,1.691000,9
80,22,2.299000,9
80,23,2.304000,9
80,24,1.482000,14
80,25,3.149000,15
80,26,2.489000,13
80,27,4.167000,17
80,28,2.709000,15
80,29,1.562000,18
80,30,0.111000,8
80,31,2.794000,13
80,32,2.301000,13
80,33,2.488000,13
80,34,3.026000,13
80,35,1.549000,8
80,36,1.723000,14
80,37,2.797000,13
80,38,2.235000,13
80,39,2.324000,13
80,40,2.160000,11
80,41,2.137000,13
80,42,1.303000,9
80,43,1.771000,10
80,44,1.877000,10
80,45,1.508000,8
80,46,1.897000,8
80,47,1.924000,10
80,48,2.184000,10
80,49,1.446000,10
80,50,2.128000,10
80,51,1.966000,10
80,52,2.265000,10
80,53,2.467000,10
80,54,2.198000,10
80,55,1.888000,10
80,56,1.974000,10
80,57,2.278000,10
80,58,2.231000,10
80,59,2.476000,10
80,60,2.243000,11
80,61,2.150000,13
80,62,2.236000,10
80,63,2.087000,11
80,64,2.705000,10
80,65,2.380000,11
80,66,1.518000,9
80,67,1.997000,8
80,68,2.600000,15
80,69,2.819000,14
80,70,2.240000,13
80,71,2.359000,13
80,72,1.000000,13
80,73,2.612000,13
80,74,2.501000,13
80,75,2.540000,14
80,76,2.187000,10
80,77,2.969000,16
80,78,1.108000,8
80,79,1.799000,9
80,80,2.216000,10
80,81,2.086000,10
80,82,2.610000,13
80,83,2.242000,13
80,84,1.641000,9
80,85,2.658000,17
80,86,2.573000,12
80,87,2.454000,14
80,88,3.232000,13
80,89,2.122000,13
80,90,0.755000,9
80,91,1.965000,9
80,92,1.689000,9
80,93,2.681000,15
80,94,2.130000,9
80,95,2.054000,8
80,96,1.531000,7
81,1,2.033000,12
81,2,1.960000,9
81,3,2.532000,13
81,4,2.212000,12
81,5,2.590000,12
81,6,1.328000,10
81,7,1.775000,9
81,8,1.510000,9
81,9,1.326000,8
81,10,2.518000,12
81,11,2.373000,13
81,12,1.689000,9
81,13,1.991000,11
81,14,1.960000,11
81,15,2.237000,13
81,16,2.090000,13
81,17,2.303000,13
81,18,2.173000,11
81,19,1.553000,10
81,20,1.927000,12
81,21,1.537000,9
81,22,2.323000,12
81,23,2.001000,9
81,24,2.242000,13
81,25,2.437000,15
81,26,2.840000,13
81,27,3.218000,17
81,28,3.058000,15
81,29,1.093000,18
81,30,0.111000,8
81,31,2.369000,13
81,32,2.385000,13
81,33,2.517000,13
81,34,2.902000,13
81,35,1.824000,8
81,36,1.098000,14
81,37,2.581000,13
81,38,1.997000,13
81,39,2.040000,13
81,40,2.073000,12
81,41,2.710000,13
81,42,1.095000,9
81,43,1.870000,10
81,44,1.830000,10
81,45,1.535000,8
81,46,1.598000,8
81,47,1.894000,10
81,48,2.126000,10
81,49,1.657000,10
81,50,1.701000,10
81,51,1.910000,10
81,52,1.565000,10
81,53,2.016000,10
81,54,2.223000,10
81,55,1.693000,10
81,56,1.572000,10
81,57,2.630000,10
81,58,1.721000,10
81,59,2.249000,10
81,60,1.779000,10
81,61,2.576000,13
81,62,1.855000,10
81,63,1.808000,10
81,64,1.419000,8
81,65,1.511000,9
81,66,1.403000,8
81,67,1.361000,8
81,68,2.415000,14
81,69,2.193000,12
81,70,2.085000,12
81,71,1.964000,13
81,72,1.467000,13
81,73,2.390000,13
81,74,2.161000,13
81,75,2.498000,14
81,76,1.611000,9
81,77,2.434000,16
81,78,1.432000,9
81,79,2.000000,10
81,80,2.701000,11
81,81,1.797000,11
81,82,2.069000,13
81,83,2.423000,13
81,84,1.530000,9
81,85,2.970000,17
81,86,2.249000,13
81,87,2.524000,14
81,88,2.453000,12
81,89,2.161000,9
81,90,0.847000,14
81,91,1.848000,9
81,92,3.310000,17
81,93,2.647000,15
81,94,1.921000,10
81,95,1.931000,8
81,96,0.680000,7
82,1,2.572000,14
82,2,1.979000,11
82,3,2.865000,13
82,4,2.666000,12
82,5,1.676000,12
82,6,2.082000,10
82,7,1.654000,9
82,8,1.441000,9
82,9,1.716000,8
82,10,2.654000,12
82,11,2.035000,9
82,12,2.600000,13
82,13,2.307000,13
82,14,1.834000,11
82,15,2.917000,13
82,16,2.641000,13
82,17,2.442000,13
82,18,1.387000,12
82,19,2.279000,10
82,20,1.823000,12
82,21,1.689000,9
82,22,2.679000,12
82,23,2.082000,9
82,24,2.400000,13
82,25,2.758000,15
82,26,2.200000,12
82,27,4.048000,17
82,28,3.069000,15
82,29,1.465000,19
82,30,0.197000,8
82,31,2.278000,13
82,32,2.482000,13
82,33,2.687000,13
82,34,2.809000,13
82,35,1.555000,8
82,36,1.971000,14
82,37,2.606000,13
82,38,2.577000,13
82,39,3.049000,13
82,40,1.952000,11
82,41,1.806000,13
82,42,0.311000,13
82,43,2.282000,10
82,44,2.132000,10
82,45,2.051000,8
82,46,2.867000,8
82,47,2.462000,10
82,48,1.766000,10
82,49,2.433000,10
82,50,2.170000,10
82,51,1.610000,10
82,52,2.862000,10
82,53,2.440000,10
82,54,2.290000,10
82,55,2.005000,10
82,56,1.889000,10
82,57,2.389000,10
82,58,2.771000,10
82,59,2.224000,10
82,60,1.824000,10
82,61,2.572000,13
82,62,2.063000,11
82,63,1.671000,10
82,64,2.728000,10
82,65,2.236000,10
82,66,1.470000,9
82,67,2.070000,8
82,68,2.891000,14
82,69,3.533000,15
82,70,2.455000,13
82,71,2.214000,13
82,72,1.182000,13
82,73,2.454000,13
82,74,2.376000,13
82,75,3.608000,13
82,76,1.780000,9
82,77,2.740000,19
82,78,0.654000,8
82,79,2.086000,11
82,80,1.922000,10
82,81,2.819000,10
82,82,2.434000,13
82,83,2.098000,13
82,84,1.255000,9
82,85,2.950000,17
82,86,2.336000,13
82,87,3.531000,14
82,88,2.499000,10
82,89,1.795000,10
82,90,1.064000,11
82,91,2.075000,9
82,92,2.067000,13
82,93,2.597000,15
82,94,2.745000,10
82,95,1.624000,8
82,96,1.508000,7
