QUIET_WAIT waited_s=18 other_cores=0.33 timed_out=0
PIPELINE_ENV system=large10kC_1ph T=24 arm=diag variant=blocked_w16 repeat=1 cb=system blocked_solve=16 direct_diag=1 triplet=1 kkt_pattern_cache=1 factor_backed=1 typed_equations=1 structured_dynamics=1 tree_kkt=1 screen=substation,vupper,ell,psubs loadflow_start=1 affine_linesearch=1 warmup=full blas_threads=10 julia_threads=8 near_opt_reference=2682721.963428683113 near_opt_primal=1e-4 started=2026-10-05T20:34:33
C_B OVERRIDE: 2.4e-05
large10kC_1ph T=24: nx=1020, nu=54665, nc=42303, dense nu^2=2988262225, reduced=12362
TERMINAL_SOC soft=1 gamma=4.200000e+02
BOUND_SCREEN ell,psubs,substation,vupper: voltage limits dropped 1 lower, 10269 upper of 10321 buses; ell >= 0 dropped on 10320 lines; P_Subs >= 0 dropped: true (lossless lower bound 232.326 p.u.)
build complete: 86.646 s, nc=42303
constructing dynamic Solver storage...
optimality_tolerance=1.000e-07 max_iterations=400
Solver construction complete: 0.469 s
LOADFLOW_START sweeps=6 max_equality_residual=1.160e-06 lowest_voltage=0.9849 pu
WARMUP full iterations=11 time_s=149.824
entering solve! ...
FILTERDDP_TIMING iteration=0 barrier_iteration=0 stage=24 derivative_s=0.017958400 first_order_s=0.005463100 second_order_s=0.012199600 algebra_s=0.138223800 kkt_assembly_s=0.100875400 factor_s=0.035284800 solve_s=0.119651100 update_s=0.010216000 K_nnz=393075 rhs_cols=1 Vxx_nnz=1040400
FILTERDDP_TIMING iteration=0 barrier_iteration=0 stage=23 derivative_s=0.017520900 first_order_s=0.005812000 second_order_s=0.011404300 algebra_s=0.161372500 kkt_assembly_s=0.094226600 factor_s=0.034635600 solve_s=0.115736100 update_s=0.009352500 K_nnz=393075 rhs_cols=1 Vxx_nnz=1040400
FILTERDDP_TIMING iteration=0 barrier_iteration=0 stage=22 derivative_s=0.024482300 first_order_s=0.008809600 second_order_s=0.015366300 algebra_s=0.202199400 kkt_assembly_s=0.094783000 factor_s=0.036363100 solve_s=0.162027700 update_s=0.006987000 K_nnz=393075 rhs_cols=1 Vxx_nnz=1040400
FILTERDDP_TIMING iteration=0 barrier_iteration=0 stage=21 derivative_s=0.012567500 first_order_s=0.005205000 second_order_s=0.006996400 algebra_s=0.129030900 kkt_assembly_s=0.096980300 factor_s=0.100430000 solve_s=0.108765800 update_s=0.008839500 K_nnz=393075 rhs_cols=1 Vxx_nnz=1040400
FILTERDDP_TIMING iteration=0 barrier_iteration=0 stage=20 derivative_s=0.014915900 first_order_s=0.005000700 second_order_s=0.009630500 algebra_s=0.312584100 kkt_assembly_s=0.096639200 factor_s=0.036340500 solve_s=0.113081300 update_s=0.009633400 K_nnz=393075 rhs_cols=1 Vxx_nnz=1040400
FILTERDDP_TIMING iteration=0 barrier_iteration=0 stage=19 derivative_s=0.017615500 first_order_s=0.006052600 second_order_s=0.011264600 algebra_s=0.167671700 kkt_assembly_s=0.093356300 factor_s=0.037223700 solve_s=0.113945200 update_s=0.039955300 K_nnz=393075 rhs_cols=1 Vxx_nnz=1040400
FILTERDDP_TIMING iteration=0 barrier_iteration=0 stage=18 derivative_s=0.015505000 first_order_s=0.005356500 second_order_s=0.009841300 algebra_s=0.128749600 kkt_assembly_s=0.094544200 factor_s=0.036947000 solve_s=0.138358900 update_s=0.009349800 K_nnz=393075 rhs_cols=1 Vxx_nnz=1040400
FILTERDDP_TIMING iteration=0 barrier_iteration=0 stage=17 derivative_s=0.016263400 first_order_s=0.005394400 second_order_s=0.010541400 algebra_s=0.188994700 kkt_assembly_s=0.095596300 factor_s=0.042579900 solve_s=0.257505500 update_s=0.006750800 K_nnz=393075 rhs_cols=1 Vxx_nnz=1040400
FILTERDDP_TIMING iteration=0 barrier_iteration=0 stage=16 derivative_s=0.014775900 first_order_s=0.006008900 second_order_s=0.008415300 algebra_s=0.127229500 kkt_assembly_s=0.097410600 factor_s=0.034769000 solve_s=0.112831200 update_s=0.008016400 K_nnz=393075 rhs_cols=1 Vxx_nnz=1040400
FILTERDDP_TIMING iteration=0 barrier_iteration=0 stage=15 derivative_s=0.016989500 first_order_s=0.005517400 second_order_s=0.011147500 algebra_s=0.180261600 kkt_assembly_s=0.102699500 factor_s=0.036465500 solve_s=0.117244900 update_s=0.009504000 K_nnz=393075 rhs_cols=1 Vxx_nnz=1040400
FILTERDDP_TIMING iteration=0 barrier_iteration=0 stage=14 derivative_s=0.051053500 first_order_s=0.006767900 second_order_s=0.043971000 algebra_s=0.137141300 kkt_assembly_s=0.099170500 factor_s=0.035949200 solve_s=0.168904900 update_s=0.009152400 K_nnz=393075 rhs_cols=1 Vxx_nnz=1040400
FILTERDDP_TIMING iteration=0 barrier_iteration=0 stage=13 derivative_s=0.022885600 first_order_s=0.010544200 second_order_s=0.011641300 algebra_s=0.321024800 kkt_assembly_s=0.096530100 factor_s=0.036250900 solve_s=0.115291600 update_s=0.009237800 K_nnz=393075 rhs_cols=1 Vxx_nnz=1040400
FILTERDDP_TIMING iteration=0 barrier_iteration=0 stage=12 derivative_s=0.015128800 first_order_s=0.005254800 second_order_s=0.009588900 algebra_s=0.128126400 kkt_assembly_s=0.140027300 factor_s=0.035377700 solve_s=0.112484100 update_s=0.009430900 K_nnz=393075 rhs_cols=1 Vxx_nnz=1040400
FILTERDDP_TIMING iteration=0 barrier_iteration=0 stage=11 derivative_s=0.016054500 first_order_s=0.005056900 second_order_s=0.010669100 algebra_s=0.130352600 kkt_assembly_s=0.129159300 factor_s=0.034919800 solve_s=0.109380200 update_s=0.008458500 K_nnz=393075 rhs_cols=1 Vxx_nnz=1040400
FILTERDDP_TIMING iteration=0 barrier_iteration=0 stage=10 derivative_s=0.014821600 first_order_s=0.005263900 second_order_s=0.009265900 algebra_s=0.200489500 kkt_assembly_s=0.094421200 factor_s=0.038206200 solve_s=0.268117600 update_s=0.009415200 K_nnz=393075 rhs_cols=1 Vxx_nnz=1040400
FILTERDDP_TIMING iteration=0 barrier_iteration=0 stage=9 derivative_s=0.015469400 first_order_s=0.005195300 second_order_s=0.009975700 algebra_s=0.126710900 kkt_assembly_s=0.092964400 factor_s=0.034696800 solve_s=0.108488800 update_s=0.010361500 K_nnz=393075 rhs_cols=1 Vxx_nnz=1040400
FILTERDDP_TIMING iteration=0 barrier_iteration=0 stage=8 derivative_s=0.054999700 first_order_s=0.005480300 second_order_s=0.049198100 algebra_s=0.140131600 kkt_assembly_s=0.092353800 factor_s=0.036506600 solve_s=0.147698200 update_s=0.006893500 K_nnz=393075 rhs_cols=1 Vxx_nnz=1040400
FILTERDDP_TIMING iteration=0 barrier_iteration=0 stage=7 derivative_s=0.013923000 first_order_s=0.005245900 second_order_s=0.008395900 algebra_s=0.126482900 kkt_assembly_s=0.092614100 factor_s=0.096042600 solve_s=0.112899400 update_s=0.009765800 K_nnz=393075 rhs_cols=1 Vxx_nnz=1040400
FILTERDDP_TIMING iteration=0 barrier_iteration=0 stage=6 derivative_s=0.015988100 first_order_s=0.005199800 second_order_s=0.010504900 algebra_s=0.277432900 kkt_assembly_s=0.092946200 factor_s=0.035382000 solve_s=0.109348800 update_s=0.009088700 K_nnz=393075 rhs_cols=1 Vxx_nnz=1040400
FILTERDDP_TIMING iteration=0 barrier_iteration=0 stage=5 derivative_s=0.014965400 first_order_s=0.005065800 second_order_s=0.009621200 algebra_s=0.131068300 kkt_assembly_s=0.128090000 factor_s=0.035131000 solve_s=0.109081800 update_s=0.009236400 K_nnz=393075 rhs_cols=1 Vxx_nnz=1040400
FILTERDDP_TIMING iteration=0 barrier_iteration=0 stage=4 derivative_s=0.014919100 first_order_s=0.004855500 second_order_s=0.009768800 algebra_s=0.164806500 kkt_assembly_s=0.095577800 factor_s=0.034548200 solve_s=0.102561700 update_s=0.044422700 K_nnz=393075 rhs_cols=1 Vxx_nnz=1040400
FILTERDDP_TIMING iteration=0 barrier_iteration=0 stage=3 derivative_s=0.018014600 first_order_s=0.006442800 second_order_s=0.011265400 algebra_s=0.191978700 kkt_assembly_s=0.129789700 factor_s=0.125940900 solve_s=0.124875100 update_s=0.007166100 K_nnz=393075 rhs_cols=1 Vxx_nnz=1040400
FILTERDDP_TIMING iteration=0 barrier_iteration=0 stage=2 derivative_s=0.013847600 first_order_s=0.006051900 second_order_s=0.007484800 algebra_s=0.300580800 kkt_assembly_s=0.099951100 factor_s=0.039858800 solve_s=0.107075900 update_s=0.006541700 K_nnz=393075 rhs_cols=1 Vxx_nnz=1040400
FILTERDDP_TIMING iteration=0 barrier_iteration=0 stage=1 derivative_s=0.013542000 first_order_s=0.005855600 second_order_s=0.007389000 algebra_s=0.142587400 kkt_assembly_s=0.135754100 factor_s=0.037830400 solve_s=0.124791000 update_s=0.007926400 K_nnz=393075 rhs_cols=1 Vxx_nnz=1040400
FILTERDDP_FEASIBILITY iteration=0 barrier_iteration=0 equality_count=1015272 equality_rms=5.148106312563e-07 equality_max=1.160037348222e-06 equality_worst_stage=6 equality_worst_index=221 dynamics_count=23460 dynamics_rms=0.000000000000e+00 dynamics_max=0.000000000000e+00 dynamics_worst_stage=0 dynamics_worst_index=0 bound_count=643584 bound_rms=0.000000000000e+00 bound_max=0.000000000000e+00 bound_worst_stage=0 bound_worst_index=0 bound_worst_kind=none
  iter     objective        pr_inf       du_inf       cs_inf     lg(μ)   lg(reg)    alpha     ls
     0   2.78135561e+06   1.1600e-06   2.0000e+02   1.0000e+00    0.00      -     0.0000e+00   0
FILTERDDP_ITER_TIMING iteration=0 barrier_iteration=0 backward_s=11.769437500 forward_s=0.664756100 total_s=12.434193600 outcome=accepted step_size=1.967850799e-01 backtracks=0 mu=1.000000000e+00
FILTERDDP_TIMING iteration=1 barrier_iteration=0 stage=24 derivative_s=0.024123700 first_order_s=0.006885100 second_order_s=0.016882600 algebra_s=0.137132400 kkt_assembly_s=0.003045800 factor_s=0.035318100 solve_s=0.146046300 update_s=0.010794800 K_nnz=393075 rhs_cols=1 Vxx_nnz=1040400
FILTERDDP_TIMING iteration=1 barrier_iteration=0 stage=23 derivative_s=0.198068900 first_order_s=0.013143700 second_order_s=0.184089200 algebra_s=0.081954600 kkt_assembly_s=0.002941400 factor_s=0.054458000 solve_s=0.119725400 update_s=0.009733600 K_nnz=393075 rhs_cols=1 Vxx_nnz=1040400
FILTERDDP_TIMING iteration=1 barrier_iteration=0 stage=22 derivative_s=0.015337900 first_order_s=0.005016800 second_order_s=0.010025300 algebra_s=0.079716000 kkt_assembly_s=0.002990500 factor_s=0.032363000 solve_s=0.143513400 update_s=0.009449800 K_nnz=393075 rhs_cols=1 Vxx_nnz=1040400
FILTERDDP_TIMING iteration=1 barrier_iteration=0 stage=21 derivative_s=0.017364100 first_order_s=0.005513100 second_order_s=0.011557800 algebra_s=0.075585300 kkt_assembly_s=0.003085400 factor_s=0.036525200 solve_s=0.147118000 update_s=0.009162700 K_nnz=393075 rhs_cols=1 Vxx_nnz=1040400
FILTERDDP_TIMING iteration=1 barrier_iteration=0 stage=20 derivative_s=0.019586300 first_order_s=0.007858400 second_order_s=0.011226000 algebra_s=0.081982500 kkt_assembly_s=0.003044700 factor_s=0.037049500 solve_s=0.145818700 update_s=0.007790000 K_nnz=393075 rhs_cols=1 Vxx_nnz=1040400
FILTERDDP_TIMING iteration=1 barrier_iteration=0 stage=19 derivative_s=0.015444600 first_order_s=0.005155400 second_order_s=0.009982400 algebra_s=0.135056500 kkt_assembly_s=0.002863300 factor_s=0.040346300 solve_s=0.102188200 update_s=0.009203600 K_nnz=393075 rhs_cols=1 Vxx_nnz=1040400
FILTERDDP_TIMING iteration=1 barrier_iteration=0 stage=18 derivative_s=0.179516900 first_order_s=0.005400300 second_order_s=0.173783700 algebra_s=0.074350400 kkt_assembly_s=0.002893600 factor_s=0.033695100 solve_s=0.104907800 update_s=0.009305600 K_nnz=393075 rhs_cols=1 Vxx_nnz=1040400
FILTERDDP_TIMING iteration=1 barrier_iteration=0 stage=17 derivative_s=0.015790300 first_order_s=0.005457100 second_order_s=0.009926300 algebra_s=0.075937900 kkt_assembly_s=0.002841100 factor_s=0.034547700 solve_s=0.144619400 update_s=0.008111600 K_nnz=393075 rhs_cols=1 Vxx_nnz=1040400
FILTERDDP_TIMING iteration=1 barrier_iteration=0 stage=16 derivative_s=0.015016100 first_order_s=0.004870000 second_order_s=0.009864800 algebra_s=0.075459400 kkt_assembly_s=0.003072800 factor_s=0.033097600 solve_s=0.138600500 update_s=0.009509400 K_nnz=393075 rhs_cols=1 Vxx_nnz=1040400
FILTERDDP_TIMING iteration=1 barrier_iteration=0 stage=15 derivative_s=0.015018700 first_order_s=0.004996100 second_order_s=0.009716300 algebra_s=0.078026600 kkt_assembly_s=0.002849800 factor_s=0.036317600 solve_s=0.138734900 update_s=0.013161200 K_nnz=393075 rhs_cols=1 Vxx_nnz=1040400
FILTERDDP_TIMING iteration=1 barrier_iteration=0 stage=14 derivative_s=0.015892100 first_order_s=0.005085600 second_order_s=0.010462300 algebra_s=0.140635200 kkt_assembly_s=0.003001800 factor_s=0.041420700 solve_s=0.111488200 update_s=0.008661000 K_nnz=393075 rhs_cols=1 Vxx_nnz=1040400
FILTERDDP_TIMING iteration=1 barrier_iteration=0 stage=13 derivative_s=0.191909300 first_order_s=0.009314300 second_order_s=0.182291400 algebra_s=0.081544700 kkt_assembly_s=0.002878500 factor_s=0.035533800 solve_s=0.104170500 update_s=0.008228400 K_nnz=393075 rhs_cols=1 Vxx_nnz=1040400
FILTERDDP_TIMING iteration=1 barrier_iteration=0 stage=12 derivative_s=0.014880400 first_order_s=0.005460900 second_order_s=0.009003900 algebra_s=0.074565400 kkt_assembly_s=0.003183300 factor_s=0.035510200 solve_s=0.147890100 update_s=0.007426500 K_nnz=393075 rhs_cols=1 Vxx_nnz=1040400
FILTERDDP_TIMING iteration=1 barrier_iteration=0 stage=11 derivative_s=0.015718800 first_order_s=0.005196200 second_order_s=0.010181800 algebra_s=0.073340400 kkt_assembly_s=0.005231200 factor_s=0.035850400 solve_s=0.139446500 update_s=0.014263500 K_nnz=393075 rhs_cols=1 Vxx_nnz=1040400
FILTERDDP_TIMING iteration=1 barrier_iteration=0 stage=10 derivative_s=0.019008000 first_order_s=0.008205000 second_order_s=0.010290500 algebra_s=0.105902500 kkt_assembly_s=0.002908100 factor_s=0.037003700 solve_s=0.161003900 update_s=0.008168300 K_nnz=393075 rhs_cols=1 Vxx_nnz=1040400
FILTERDDP_TIMING iteration=1 barrier_iteration=0 stage=9 derivative_s=0.018077600 first_order_s=0.007214800 second_order_s=0.010362700 algebra_s=0.105896500 kkt_assembly_s=0.003611000 factor_s=0.047791000 solve_s=0.256237800 update_s=0.006587000 K_nnz=393075 rhs_cols=1 Vxx_nnz=1040400
FILTERDDP_TIMING iteration=1 barrier_iteration=0 stage=8 derivative_s=0.012762200 first_order_s=0.005318500 second_order_s=0.007135100 algebra_s=0.079267600 kkt_assembly_s=0.003157700 factor_s=0.036406600 solve_s=0.120361000 update_s=0.009677800 K_nnz=393075 rhs_cols=1 Vxx_nnz=1040400
FILTERDDP_TIMING iteration=1 barrier_iteration=0 stage=7 derivative_s=0.015605900 first_order_s=0.005327200 second_order_s=0.009926700 algebra_s=0.111322700 kkt_assembly_s=0.003011400 factor_s=0.035344500 solve_s=0.105189700 update_s=0.009471100 K_nnz=393075 rhs_cols=1 Vxx_nnz=1040400
FILTERDDP_TIMING iteration=1 barrier_iteration=0 stage=6 derivative_s=0.018842000 first_order_s=0.005398300 second_order_s=0.013135100 algebra_s=0.110317700 kkt_assembly_s=0.002971200 factor_s=0.037423800 solve_s=0.135806300 update_s=0.009606200 K_nnz=393075 rhs_cols=1 Vxx_nnz=1040400
FILTERDDP_TIMING iteration=1 barrier_iteration=0 stage=5 derivative_s=0.015269200 first_order_s=0.005082800 second_order_s=0.009883800 algebra_s=0.140367200 kkt_assembly_s=0.003210600 factor_s=0.038352100 solve_s=0.114063000 update_s=0.160736600 K_nnz=393075 rhs_cols=1 Vxx_nnz=1040400
FILTERDDP_TIMING iteration=1 barrier_iteration=0 stage=4 derivative_s=0.012652000 first_order_s=0.005229300 second_order_s=0.007080100 algebra_s=0.075661300 kkt_assembly_s=0.002942400 factor_s=0.036845800 solve_s=0.108831500 update_s=0.009468700 K_nnz=393075 rhs_cols=1 Vxx_nnz=1040400
FILTERDDP_TIMING iteration=1 barrier_iteration=0 stage=3 derivative_s=0.015571600 first_order_s=0.005076700 second_order_s=0.010184000 algebra_s=0.078811800 kkt_assembly_s=0.035806100 factor_s=0.036107500 solve_s=0.109354200 update_s=0.012120500 K_nnz=393075 rhs_cols=1 Vxx_nnz=1040400
FILTERDDP_TIMING iteration=1 barrier_iteration=0 stage=2 derivative_s=0.012158700 first_order_s=0.005104800 second_order_s=0.006757400 algebra_s=0.075735600 kkt_assembly_s=0.003053200 factor_s=0.033711000 solve_s=0.148088300 update_s=0.010366700 K_nnz=393075 rhs_cols=1 Vxx_nnz=1040400
FILTERDDP_TIMING iteration=1 barrier_iteration=0 stage=1 derivative_s=0.014216200 first_order_s=0.005280500 second_order_s=0.008636300 algebra_s=0.077772200 kkt_assembly_s=0.003088500 factor_s=0.067810000 solve_s=0.112536200 update_s=0.009237400 K_nnz=393075 rhs_cols=1 Vxx_nnz=1040400
FILTERDDP_FEASIBILITY iteration=1 barrier_iteration=0 equality_count=1015272 equality_rms=7.284269269485e-02 equality_max=1.575167740690e+00 equality_worst_stage=7 equality_worst_index=31063 dynamics_count=23460 dynamics_rms=8.203828121900e-17 dynamics_max=2.220446049250e-16 dynamics_worst_stage=23 dynamics_worst_index=5 bound_count=643584 bound_rms=0.000000000000e+00 bound_max=0.000000000000e+00 bound_worst_stage=0 bound_worst_index=0 bound_worst_kind=none
     1   2.72483898e+06   1.5752e+00   1.6064e+02   1.0000e+00    0.00      -     1.9679e-01   0
FILTERDDP_ITER_TIMING iteration=1 barrier_iteration=0 backward_s=7.779275300 forward_s=0.703816800 total_s=8.483092100 outcome=accepted step_size=2.516426299e-01 backtracks=0 mu=1.000000000e+00
FILTERDDP_TIMING iteration=2 barrier_iteration=0 stage=24 derivative_s=0.019673800 first_order_s=0.006051500 second_order_s=0.013142600 algebra_s=0.232434200 kkt_assembly_s=0.003056900 factor_s=0.038961000 solve_s=0.106060100 update_s=0.006778000 K_nnz=393075 rhs_cols=1 Vxx_nnz=1040400
FILTERDDP_TIMING iteration=2 barrier_iteration=0 stage=23 derivative_s=0.012972600 first_order_s=0.005508500 second_order_s=0.007014100 algebra_s=0.094369300 kkt_assembly_s=0.003946900 factor_s=0.042947700 solve_s=0.184494200 update_s=0.009082700 K_nnz=393075 rhs_cols=1 Vxx_nnz=1040400
FILTERDDP_TIMING iteration=2 barrier_iteration=0 stage=22 derivative_s=0.018731700 first_order_s=0.008346600 second_order_s=0.009951000 algebra_s=0.097483700 kkt_assembly_s=0.003127800 factor_s=0.034653600 solve_s=0.155328600 update_s=0.008810200 K_nnz=393075 rhs_cols=1 Vxx_nnz=1040400
FILTERDDP_TIMING iteration=2 barrier_iteration=0 stage=21 derivative_s=0.015774900 first_order_s=0.005448300 second_order_s=0.010024700 algebra_s=0.079154100 kkt_assembly_s=0.003083000 factor_s=0.070864400 solve_s=0.132065600 update_s=0.007903700 K_nnz=393075 rhs_cols=1 Vxx_nnz=1040400
FILTERDDP_TIMING iteration=2 barrier_iteration=0 stage=20 derivative_s=0.033066200 first_order_s=0.013937200 second_order_s=0.018401400 algebra_s=0.146536900 kkt_assembly_s=0.002884600 factor_s=0.043073100 solve_s=0.123711300 update_s=0.161594300 K_nnz=393075 rhs_cols=1 Vxx_nnz=1040400
FILTERDDP_TIMING iteration=2 barrier_iteration=0 stage=19 derivative_s=0.013937400 first_order_s=0.005341800 second_order_s=0.008300800 algebra_s=0.100562000 kkt_assembly_s=0.002999300 factor_s=0.036903900 solve_s=0.109576700 update_s=0.008250800 K_nnz=393075 rhs_cols=1 Vxx_nnz=1040400
FILTERDDP_TIMING iteration=2 barrier_iteration=0 stage=18 derivative_s=0.015939500 first_order_s=0.007163000 second_order_s=0.008252800 algebra_s=0.149876300 kkt_assembly_s=0.003264600 factor_s=0.041250000 solve_s=0.117105800 update_s=0.008088800 K_nnz=393075 rhs_cols=1 Vxx_nnz=1040400
FILTERDDP_TIMING iteration=2 barrier_iteration=0 stage=17 derivative_s=0.020188400 first_order_s=0.007676400 second_order_s=0.012108100 algebra_s=0.143349900 kkt_assembly_s=0.004010600 factor_s=0.093051300 solve_s=0.125952400 update_s=0.008474100 K_nnz=393075 rhs_cols=1 Vxx_nnz=1040400
FILTERDDP_TIMING iteration=2 barrier_iteration=0 stage=16 derivative_s=0.020372000 first_order_s=0.005161800 second_order_s=0.014904600 algebra_s=0.124843600 kkt_assembly_s=0.003154600 factor_s=0.039345800 solve_s=0.122480500 update_s=0.008985000 K_nnz=393075 rhs_cols=1 Vxx_nnz=1040400
FILTERDDP_TIMING iteration=2 barrier_iteration=0 stage=15 derivative_s=0.019164900 first_order_s=0.006974500 second_order_s=0.011878200 algebra_s=0.146225100 kkt_assembly_s=0.003035700 factor_s=0.044225600 solve_s=0.122003300 update_s=0.162104600 K_nnz=393075 rhs_cols=1 Vxx_nnz=1040400
FILTERDDP_TIMING iteration=2 barrier_iteration=0 stage=14 derivative_s=0.014284400 first_order_s=0.005470500 second_order_s=0.008420700 algebra_s=0.081008700 kkt_assembly_s=0.003031600 factor_s=0.037132900 solve_s=0.128785000 update_s=0.010231900 K_nnz=393075 rhs_cols=1 Vxx_nnz=1040400
FILTERDDP_TIMING iteration=2 barrier_iteration=0 stage=13 derivative_s=0.017677300 first_order_s=0.005461300 second_order_s=0.011564100 algebra_s=0.153638700 kkt_assembly_s=0.003551800 factor_s=0.035592100 solve_s=0.107398200 update_s=0.009007800 K_nnz=393075 rhs_cols=1 Vxx_nnz=1040400
FILTERDDP_TIMING iteration=2 barrier_iteration=0 stage=12 derivative_s=0.014911900 first_order_s=0.004910200 second_order_s=0.009700400 algebra_s=0.075934900 kkt_assembly_s=0.004082000 factor_s=0.074841000 solve_s=0.111714100 update_s=0.010223800 K_nnz=393075 rhs_cols=1 Vxx_nnz=1040400
FILTERDDP_TIMING iteration=2 barrier_iteration=0 stage=11 derivative_s=0.014997300 first_order_s=0.005132800 second_order_s=0.009571600 algebra_s=0.095171100 kkt_assembly_s=0.003002600 factor_s=0.038362600 solve_s=0.105939400 update_s=0.009518200 K_nnz=393075 rhs_cols=1 Vxx_nnz=1040400
FILTERDDP_TIMING iteration=2 barrier_iteration=0 stage=10 derivative_s=0.016293500 first_order_s=0.005197600 second_order_s=0.010805200 algebra_s=0.136223600 kkt_assembly_s=0.003108700 factor_s=0.047863400 solve_s=0.105449200 update_s=0.182077200 K_nnz=393075 rhs_cols=1 Vxx_nnz=1040400
FILTERDDP_TIMING iteration=2 barrier_iteration=0 stage=9 derivative_s=0.018083200 first_order_s=0.007769700 second_order_s=0.010009500 algebra_s=0.074309100 kkt_assembly_s=0.002917600 factor_s=0.039755200 solve_s=0.109750200 update_s=0.010136600 K_nnz=393075 rhs_cols=1 Vxx_nnz=1040400
FILTERDDP_TIMING iteration=2 barrier_iteration=0 stage=8 derivative_s=0.016452800 first_order_s=0.005196400 second_order_s=0.010960800 algebra_s=0.079323800 kkt_assembly_s=0.040772900 factor_s=0.036005100 solve_s=0.112846300 update_s=0.009449000 K_nnz=393075 rhs_cols=1 Vxx_nnz=1040400
FILTERDDP_TIMING iteration=2 barrier_iteration=0 stage=7 derivative_s=0.025880500 first_order_s=0.009549600 second_order_s=0.015839500 algebra_s=0.079895300 kkt_assembly_s=0.003131600 factor_s=0.072129500 solve_s=0.107624300 update_s=0.009641800 K_nnz=393075 rhs_cols=1 Vxx_nnz=1040400
FILTERDDP_TIMING iteration=2 barrier_iteration=0 stage=6 derivative_s=0.016011900 first_order_s=0.005463300 second_order_s=0.010253400 algebra_s=0.099310200 kkt_assembly_s=0.002918300 factor_s=0.038779000 solve_s=0.114723400 update_s=0.009332000 K_nnz=393075 rhs_cols=1 Vxx_nnz=1040400
FILTERDDP_TIMING iteration=2 barrier_iteration=0 stage=5 derivative_s=0.014963200 first_order_s=0.004825100 second_order_s=0.009853800 algebra_s=0.135312500 kkt_assembly_s=0.003146500 factor_s=0.040718000 solve_s=0.110546600 update_s=0.188376000 K_nnz=393075 rhs_cols=1 Vxx_nnz=1040400
FILTERDDP_TIMING iteration=2 barrier_iteration=0 stage=4 derivative_s=0.013688900 first_order_s=0.005337200 second_order_s=0.008057000 algebra_s=0.076881100 kkt_assembly_s=0.003089100 factor_s=0.034654300 solve_s=0.117397000 update_s=0.009420500 K_nnz=393075 rhs_cols=1 Vxx_nnz=1040400
FILTERDDP_TIMING iteration=2 barrier_iteration=0 stage=3 derivative_s=0.015686400 first_order_s=0.005297300 second_order_s=0.010091800 algebra_s=0.111228700 kkt_assembly_s=0.040450400 factor_s=0.036781100 solve_s=0.154671100 update_s=0.010942900 K_nnz=393075 rhs_cols=1 Vxx_nnz=1040400
FILTERDDP_TIMING iteration=2 barrier_iteration=0 stage=2 derivative_s=0.036038300 first_order_s=0.012523700 second_order_s=0.022388400 algebra_s=0.119925000 kkt_assembly_s=0.003109600 factor_s=0.037970800 solve_s=0.149659100 update_s=0.009436300 K_nnz=393075 rhs_cols=1 Vxx_nnz=1040400
FILTERDDP_TIMING iteration=2 barrier_iteration=0 stage=1 derivative_s=0.015689800 first_order_s=0.005038000 second_order_s=0.010367500 algebra_s=0.077169900 kkt_assembly_s=0.023910900 factor_s=0.038979000 solve_s=0.109180300 update_s=0.009525400 K_nnz=393075 rhs_cols=1 Vxx_nnz=1040400
FILTERDDP_FEASIBILITY iteration=2 barrier_iteration=0 equality_count=1015272 equality_rms=8.314766090109e-02 equality_max=2.156840127524e+00 equality_worst_stage=1 equality_worst_index=31063 dynamics_count=23460 dynamics_rms=9.928284592556e-17 dynamics_max=4.440892098501e-16 dynamics_worst_stage=21 dynamics_worst_index=60 bound_count=643584 bound_rms=0.000000000000e+00 bound_max=0.000000000000e+00 bound_worst_stage=0 bound_worst_index=0 bound_worst_kind=none
     2   2.70933928e+06   2.1568e+00   1.2022e+02   1.0000e+00    0.00      -     2.5164e-01   0
FILTERDDP_ITER_TIMING iteration=2 barrier_iteration=0 backward_s=8.260640000 forward_s=0.658169000 total_s=8.918809000 outcome=accepted step_size=7.503630248e-01 backtracks=0 mu=1.000000000e+00
FILTERDDP_TIMING iteration=3 barrier_iteration=0 stage=24 derivative_s=0.022890000 first_order_s=0.006808900 second_order_s=0.015776900 algebra_s=0.242875100 kkt_assembly_s=0.003021500 factor_s=0.036418800 solve_s=0.110815100 update_s=0.009694200 K_nnz=393075 rhs_cols=1 Vxx_nnz=1040400
FILTERDDP_TIMING iteration=3 barrier_iteration=0 stage=23 derivative_s=0.015404500 first_order_s=0.005060700 second_order_s=0.010048000 algebra_s=0.076185100 kkt_assembly_s=0.002962500 factor_s=0.033669400 solve_s=0.145591900 update_s=0.009372100 K_nnz=393075 rhs_cols=1 Vxx_nnz=1040400
FILTERDDP_TIMING iteration=3 barrier_iteration=0 stage=22 derivative_s=0.015101400 first_order_s=0.005064800 second_order_s=0.009750400 algebra_s=0.076042600 kkt_assembly_s=0.003083400 factor_s=0.034141200 solve_s=0.145711200 update_s=0.008242200 K_nnz=393075 rhs_cols=1 Vxx_nnz=1040400
FILTERDDP_TIMING iteration=3 barrier_iteration=0 stage=21 derivative_s=0.015137800 first_order_s=0.004996300 second_order_s=0.009847500 algebra_s=0.078506300 kkt_assembly_s=0.002991500 factor_s=0.040037300 solve_s=0.173523000 update_s=0.008617800 K_nnz=393075 rhs_cols=1 Vxx_nnz=1040400
FILTERDDP_TIMING iteration=3 barrier_iteration=0 stage=20 derivative_s=0.014147500 first_order_s=0.005259300 second_order_s=0.008587500 algebra_s=0.076510400 kkt_assembly_s=0.003050900 factor_s=0.040761500 solve_s=0.274437600 update_s=0.009841900 K_nnz=393075 rhs_cols=1 Vxx_nnz=1040400
FILTERDDP_TIMING iteration=3 barrier_iteration=0 stage=19 derivative_s=0.015052600 first_order_s=0.004900700 second_order_s=0.009786900 algebra_s=0.075517200 kkt_assembly_s=0.003082800 factor_s=0.036383100 solve_s=0.114556400 update_s=0.009366800 K_nnz=393075 rhs_cols=1 Vxx_nnz=1040400
FILTERDDP_TIMING iteration=3 barrier_iteration=0 stage=18 derivative_s=0.016466100 first_order_s=0.004915000 second_order_s=0.011253200 algebra_s=0.136187800 kkt_assembly_s=0.003000700 factor_s=0.035740400 solve_s=0.115958700 update_s=0.009336700 K_nnz=393075 rhs_cols=1 Vxx_nnz=1040400
FILTERDDP_TIMING iteration=3 barrier_iteration=0 stage=17 derivative_s=0.015238700 first_order_s=0.005238200 second_order_s=0.009698300 algebra_s=0.150885700 kkt_assembly_s=0.004466800 factor_s=0.052507300 solve_s=0.125412700 update_s=0.008070500 K_nnz=393075 rhs_cols=1 Vxx_nnz=1040400
FILTERDDP_TIMING iteration=3 barrier_iteration=0 stage=16 derivative_s=0.016854200 first_order_s=0.007199400 second_order_s=0.009067800 algebra_s=0.163277100 kkt_assembly_s=0.003700300 factor_s=0.049654900 solve_s=0.119791500 update_s=0.008403600 K_nnz=393075 rhs_cols=1 Vxx_nnz=1040400
FILTERDDP_TIMING iteration=3 barrier_iteration=0 stage=15 derivative_s=0.185624000 first_order_s=0.011918400 second_order_s=0.173395300 algebra_s=0.077795100 kkt_assembly_s=0.003108400 factor_s=0.036875900 solve_s=0.140515400 update_s=0.009666100 K_nnz=393075 rhs_cols=1 Vxx_nnz=1040400
FILTERDDP_TIMING iteration=3 barrier_iteration=0 stage=14 derivative_s=0.018904300 first_order_s=0.005654600 second_order_s=0.012851500 algebra_s=0.077379900 kkt_assembly_s=0.003093200 factor_s=0.038131400 solve_s=0.161193600 update_s=0.009258600 K_nnz=393075 rhs_cols=1 Vxx_nnz=1040400
FILTERDDP_TIMING iteration=3 barrier_iteration=0 stage=13 derivative_s=0.015746500 first_order_s=0.005369100 second_order_s=0.010077900 algebra_s=0.092167400 kkt_assembly_s=0.003378000 factor_s=0.047434500 solve_s=0.179836600 update_s=0.011028600 K_nnz=393075 rhs_cols=1 Vxx_nnz=1040400
FILTERDDP_TIMING iteration=3 barrier_iteration=0 stage=12 derivative_s=0.016385400 first_order_s=0.005657200 second_order_s=0.010404600 algebra_s=0.127337500 kkt_assembly_s=0.003915800 factor_s=0.045575100 solve_s=0.195850000 update_s=0.008924600 K_nnz=393075 rhs_cols=1 Vxx_nnz=1040400
FILTERDDP_TIMING iteration=3 barrier_iteration=0 stage=11 derivative_s=0.015177500 first_order_s=0.005066700 second_order_s=0.009711000 algebra_s=0.077215200 kkt_assembly_s=0.003246400 factor_s=0.202978400 solve_s=0.111184200 update_s=0.009611400 K_nnz=393075 rhs_cols=1 Vxx_nnz=1040400
FILTERDDP_TIMING iteration=3 barrier_iteration=0 stage=10 derivative_s=0.016560900 first_order_s=0.005473000 second_order_s=0.010780700 algebra_s=0.077435700 kkt_assembly_s=0.003257500 factor_s=0.034800300 solve_s=0.118871400 update_s=0.009890600 K_nnz=393075 rhs_cols=1 Vxx_nnz=1040400
FILTERDDP_TIMING iteration=3 barrier_iteration=0 stage=9 derivative_s=0.058080300 first_order_s=0.005623500 second_order_s=0.052145400 algebra_s=0.080776600 kkt_assembly_s=0.003180000 factor_s=0.036452900 solve_s=0.117460600 update_s=0.010536700 K_nnz=393075 rhs_cols=1 Vxx_nnz=1040400
FILTERDDP_TIMING iteration=3 barrier_iteration=0 stage=8 derivative_s=0.019675300 first_order_s=0.006902000 second_order_s=0.012466800 algebra_s=0.138410800 kkt_assembly_s=0.003127100 factor_s=0.040067900 solve_s=0.115003200 update_s=0.009651700 K_nnz=393075 rhs_cols=1 Vxx_nnz=1040400
FILTERDDP_TIMING iteration=3 barrier_iteration=0 stage=7 derivative_s=0.047541700 first_order_s=0.007206600 second_order_s=0.039996200 algebra_s=0.082251600 kkt_assembly_s=0.003168300 factor_s=0.040715900 solve_s=0.177931100 update_s=0.008947900 K_nnz=393075 rhs_cols=1 Vxx_nnz=1040400
FILTERDDP_TIMING iteration=3 barrier_iteration=0 stage=6 derivative_s=0.015120900 first_order_s=0.005259500 second_order_s=0.009508600 algebra_s=0.096447400 kkt_assembly_s=0.003065400 factor_s=0.045588400 solve_s=0.277406300 update_s=0.008916000 K_nnz=393075 rhs_cols=1 Vxx_nnz=1040400
FILTERDDP_TIMING iteration=3 barrier_iteration=0 stage=5 derivative_s=0.015379000 first_order_s=0.006476700 second_order_s=0.008329000 algebra_s=0.080789600 kkt_assembly_s=0.002921500 factor_s=0.038369600 solve_s=0.147125600 update_s=0.007648100 K_nnz=393075 rhs_cols=1 Vxx_nnz=1040400
FILTERDDP_TIMING iteration=3 barrier_iteration=0 stage=4 derivative_s=0.050463300 first_order_s=0.005961000 second_order_s=0.044201500 algebra_s=0.075940300 kkt_assembly_s=0.003157800 factor_s=0.036757700 solve_s=0.113532300 update_s=0.007307300 K_nnz=393075 rhs_cols=1 Vxx_nnz=1040400
FILTERDDP_TIMING iteration=3 barrier_iteration=0 stage=3 derivative_s=0.016050500 first_order_s=0.005608600 second_order_s=0.010108000 algebra_s=0.118507400 kkt_assembly_s=0.003092800 factor_s=0.038192000 solve_s=0.126677700 update_s=0.009404500 K_nnz=393075 rhs_cols=1 Vxx_nnz=1040400
FILTERDDP_TIMING iteration=3 barrier_iteration=0 stage=2 derivative_s=0.084936400 first_order_s=0.005377900 second_order_s=0.079249400 algebra_s=0.086237800 kkt_assembly_s=0.002908600 factor_s=0.041075500 solve_s=0.270935400 update_s=0.007572200 K_nnz=393075 rhs_cols=1 Vxx_nnz=1040400
FILTERDDP_TIMING iteration=3 barrier_iteration=0 stage=1 derivative_s=0.019031500 first_order_s=0.006862200 second_order_s=0.011821600 algebra_s=0.078572600 kkt_assembly_s=0.003370000 factor_s=0.037724600 solve_s=0.131010100 update_s=0.008301400 K_nnz=393075 rhs_cols=1 Vxx_nnz=1040400
FILTERDDP_FEASIBILITY iteration=3 barrier_iteration=0 equality_count=1015272 equality_rms=1.099853937365e-01 equality_max=2.846035167319e+00 equality_worst_stage=24 equality_worst_index=31102 dynamics_count=23460 dynamics_rms=9.787847656936e-17 dynamics_max=4.440892098501e-16 dynamics_worst_stage=23 dynamics_worst_index=258 bound_count=643584 bound_rms=0.000000000000e+00 bound_max=0.000000000000e+00 bound_worst_stage=0 bound_worst_index=0 bound_worst_kind=none
     3   2.70235906e+06   2.8460e+00   3.0011e+01   2.0931e+00    0.00      -     7.5036e-01   0
FILTERDDP_ITER_TIMING iteration=3 barrier_iteration=0 backward_s=8.331244700 forward_s=0.714575200 total_s=9.045819900 outcome=accepted step_size=9.900773944e-01 backtracks=0 mu=1.000000000e+00
FILTERDDP_TIMING iteration=4 barrier_iteration=0 stage=24 derivative_s=0.019933500 first_order_s=0.006125700 second_order_s=0.013510500 algebra_s=0.077373600 kkt_assembly_s=0.003016400 factor_s=0.041180600 solve_s=0.133251600 update_s=0.009299100 K_nnz=393075 rhs_cols=1 Vxx_nnz=1040400
FILTERDDP_TIMING iteration=4 barrier_iteration=0 stage=23 derivative_s=0.026335700 first_order_s=0.009646500 second_order_s=0.016390100 algebra_s=0.075604700 kkt_assembly_s=0.002903000 factor_s=0.036503000 solve_s=0.187386400 update_s=0.009405200 K_nnz=393075 rhs_cols=1 Vxx_nnz=1040400
FILTERDDP_TIMING iteration=4 barrier_iteration=0 stage=22 derivative_s=0.015708300 first_order_s=0.005166700 second_order_s=0.010236900 algebra_s=0.074268500 kkt_assembly_s=0.003034400 factor_s=0.037752600 solve_s=0.276523700 update_s=0.009692900 K_nnz=393075 rhs_cols=1 Vxx_nnz=1040400
FILTERDDP_TIMING iteration=4 barrier_iteration=0 stage=21 derivative_s=0.015720000 first_order_s=0.005439900 second_order_s=0.009980400 algebra_s=0.075085400 kkt_assembly_s=0.002953100 factor_s=0.035450000 solve_s=0.105553400 update_s=0.009136300 K_nnz=393075 rhs_cols=1 Vxx_nnz=1040400
FILTERDDP_TIMING iteration=4 barrier_iteration=0 stage=20 derivative_s=0.060958100 first_order_s=0.005298500 second_order_s=0.055336900 algebra_s=0.085596200 kkt_assembly_s=0.003652200 factor_s=0.035171900 solve_s=0.112975700 update_s=0.006915900 K_nnz=393075 rhs_cols=1 Vxx_nnz=1040400
FILTERDDP_TIMING iteration=4 barrier_iteration=0 stage=19 derivative_s=0.014786200 first_order_s=0.004937100 second_order_s=0.009544000 algebra_s=0.114542900 kkt_assembly_s=0.003278300 factor_s=0.035952600 solve_s=0.108302400 update_s=0.009587800 K_nnz=393075 rhs_cols=1 Vxx_nnz=1040400
FILTERDDP_TIMING iteration=4 barrier_iteration=0 stage=18 derivative_s=0.081958100 first_order_s=0.005261000 second_order_s=0.076413500 algebra_s=0.081046100 kkt_assembly_s=0.002957300 factor_s=0.037249400 solve_s=0.111097500 update_s=0.165247100 K_nnz=393075 rhs_cols=1 Vxx_nnz=1040400
FILTERDDP_TIMING iteration=4 barrier_iteration=0 stage=17 derivative_s=0.015561000 first_order_s=0.005143400 second_order_s=0.010120800 algebra_s=0.078407700 kkt_assembly_s=0.003016000 factor_s=0.038347900 solve_s=0.117613800 update_s=0.010481100 K_nnz=393075 rhs_cols=1 Vxx_nnz=1040400
FILTERDDP_TIMING iteration=4 barrier_iteration=0 stage=16 derivative_s=0.015263000 first_order_s=0.004975400 second_order_s=0.009990600 algebra_s=0.080873200 kkt_assembly_s=0.037340600 factor_s=0.035447100 solve_s=0.114158600 update_s=0.012456900 K_nnz=393075 rhs_cols=1 Vxx_nnz=1040400
FILTERDDP_TIMING iteration=4 barrier_iteration=0 stage=15 derivative_s=0.015068700 first_order_s=0.004869500 second_order_s=0.009900100 algebra_s=0.075826900 kkt_assembly_s=0.003040000 factor_s=0.034876000 solve_s=0.150025800 update_s=0.010094400 K_nnz=393075 rhs_cols=1 Vxx_nnz=1040400
FILTERDDP_TIMING iteration=4 barrier_iteration=0 stage=14 derivative_s=0.016930800 first_order_s=0.005279800 second_order_s=0.011321900 algebra_s=0.080260100 kkt_assembly_s=0.002860200 factor_s=0.082180600 solve_s=0.112858300 update_s=0.009912900 K_nnz=393075 rhs_cols=1 Vxx_nnz=1040400
FILTERDDP_TIMING iteration=4 barrier_iteration=0 stage=13 derivative_s=0.015666400 first_order_s=0.005567400 second_order_s=0.009797900 algebra_s=0.133419000 kkt_assembly_s=0.003180000 factor_s=0.042125900 solve_s=0.108639900 update_s=0.009076200 K_nnz=393075 rhs_cols=1 Vxx_nnz=1040400
FILTERDDP_TIMING iteration=4 barrier_iteration=0 stage=12 derivative_s=0.162405300 first_order_s=0.005467700 second_order_s=0.156628900 algebra_s=0.076160500 kkt_assembly_s=0.003107000 factor_s=0.044232900 solve_s=0.109574500 update_s=0.009400700 K_nnz=393075 rhs_cols=1 Vxx_nnz=1040400
FILTERDDP_TIMING iteration=4 barrier_iteration=0 stage=11 derivative_s=0.015663900 first_order_s=0.005225500 second_order_s=0.010096000 algebra_s=0.075296300 kkt_assembly_s=0.002965600 factor_s=0.082842900 solve_s=0.106387600 update_s=0.009324900 K_nnz=393075 rhs_cols=1 Vxx_nnz=1040400
FILTERDDP_TIMING iteration=4 barrier_iteration=0 stage=10 derivative_s=0.020209000 first_order_s=0.005668500 second_order_s=0.014231100 algebra_s=0.095426600 kkt_assembly_s=0.003007200 factor_s=0.070680200 solve_s=0.112231000 update_s=0.009085100 K_nnz=393075 rhs_cols=1 Vxx_nnz=1040400
FILTERDDP_TIMING iteration=4 barrier_iteration=0 stage=9 derivative_s=0.015601800 first_order_s=0.005138900 second_order_s=0.010087900 algebra_s=0.102634800 kkt_assembly_s=0.002862100 factor_s=0.038097300 solve_s=0.113796600 update_s=0.009232400 K_nnz=393075 rhs_cols=1 Vxx_nnz=1040400
FILTERDDP_TIMING iteration=4 barrier_iteration=0 stage=8 derivative_s=0.014809000 first_order_s=0.004964500 second_order_s=0.009524600 algebra_s=0.134674000 kkt_assembly_s=0.002938000 factor_s=0.044897000 solve_s=0.113551100 update_s=0.008976100 K_nnz=393075 rhs_cols=1 Vxx_nnz=1040400
FILTERDDP_TIMING iteration=4 barrier_iteration=0 stage=7 derivative_s=0.178604800 first_order_s=0.005795600 second_order_s=0.172506700 algebra_s=0.073164500 kkt_assembly_s=0.003066200 factor_s=0.035887900 solve_s=0.109629600 update_s=0.008527400 K_nnz=393075 rhs_cols=1 Vxx_nnz=1040400
FILTERDDP_TIMING iteration=4 barrier_iteration=0 stage=6 derivative_s=0.015291800 first_order_s=0.005190100 second_order_s=0.009804600 algebra_s=0.074990700 kkt_assembly_s=0.003031200 factor_s=0.034820400 solve_s=0.143928500 update_s=0.010179100 K_nnz=393075 rhs_cols=1 Vxx_nnz=1040400
FILTERDDP_TIMING iteration=4 barrier_iteration=0 stage=5 derivative_s=0.015030900 first_order_s=0.005048100 second_order_s=0.009676000 algebra_s=0.074540600 kkt_assembly_s=0.003092600 factor_s=0.035386500 solve_s=0.150164400 update_s=0.009496900 K_nnz=393075 rhs_cols=1 Vxx_nnz=1040400
FILTERDDP_TIMING iteration=4 barrier_iteration=0 stage=4 derivative_s=0.015491100 first_order_s=0.005207600 second_order_s=0.009977200 algebra_s=0.077401100 kkt_assembly_s=0.002835100 factor_s=0.036280300 solve_s=0.155184700 update_s=0.008879600 K_nnz=393075 rhs_cols=1 Vxx_nnz=1040400
FILTERDDP_TIMING iteration=4 barrier_iteration=0 stage=3 derivative_s=0.015044200 first_order_s=0.005085700 second_order_s=0.009672600 algebra_s=0.133426500 kkt_assembly_s=0.002932100 factor_s=0.041580100 solve_s=0.109458100 update_s=0.008822200 K_nnz=393075 rhs_cols=1 Vxx_nnz=1040400
FILTERDDP_TIMING iteration=4 barrier_iteration=0 stage=2 derivative_s=0.015133300 first_order_s=0.004893400 second_order_s=0.009713700 algebra_s=0.232859300 kkt_assembly_s=0.002906400 factor_s=0.035648000 solve_s=0.109055700 update_s=0.009941300 K_nnz=393075 rhs_cols=1 Vxx_nnz=1040400
FILTERDDP_TIMING iteration=4 barrier_iteration=0 stage=1 derivative_s=0.015706700 first_order_s=0.005288000 second_order_s=0.010084100 algebra_s=0.076552800 kkt_assembly_s=0.003015100 factor_s=0.035867000 solve_s=0.138920400 update_s=0.007503500 K_nnz=393075 rhs_cols=1 Vxx_nnz=1040400
FILTERDDP_FEASIBILITY iteration=4 barrier_iteration=0 equality_count=1015272 equality_rms=1.208227794179e-02 equality_max=3.379642537844e-01 equality_worst_stage=1 equality_worst_index=31102 dynamics_count=23460 dynamics_rms=9.963875517897e-17 dynamics_max=4.440892098501e-16 dynamics_worst_stage=4 dynamics_worst_index=109 bound_count=643584 bound_rms=0.000000000000e+00 bound_max=0.000000000000e+00 bound_worst_stage=0 bound_worst_index=0 bound_worst_kind=none
FILTERDDP_ITER_TIMING iteration=4 barrier_iteration=0 backward_s=7.722940500 forward_s=0.000000000 total_s=7.722940500 outcome=barrier_update step_size=9.900773944e-01 backtracks=0 mu=1.000000000e+00
FILTERDDP_TIMING iteration=4 barrier_iteration=1 stage=24 derivative_s=0.017022300 first_order_s=0.004932700 second_order_s=0.011792300 algebra_s=0.081502200 kkt_assembly_s=0.003213500 factor_s=0.035080800 solve_s=0.156824500 update_s=0.009104900 K_nnz=393075 rhs_cols=1 Vxx_nnz=1040400
FILTERDDP_TIMING iteration=4 barrier_iteration=1 stage=23 derivative_s=0.015001800 first_order_s=0.005094200 second_order_s=0.009623300 algebra_s=0.074838600 kkt_assembly_s=0.002929400 factor_s=0.038454500 solve_s=0.166720400 update_s=0.013470500 K_nnz=393075 rhs_cols=1 Vxx_nnz=1040400
FILTERDDP_TIMING iteration=4 barrier_iteration=1 stage=22 derivative_s=0.018441800 first_order_s=0.005177000 second_order_s=0.012967500 algebra_s=0.075304600 kkt_assembly_s=0.002942100 factor_s=0.042718300 solve_s=0.259657900 update_s=0.008775700 K_nnz=393075 rhs_cols=1 Vxx_nnz=1040400
FILTERDDP_TIMING iteration=4 barrier_iteration=1 stage=21 derivative_s=0.015282000 first_order_s=0.005159400 second_order_s=0.009828300 algebra_s=0.075018400 kkt_assembly_s=0.002873200 factor_s=0.035395100 solve_s=0.107634300 update_s=0.009380800 K_nnz=393075 rhs_cols=1 Vxx_nnz=1040400
FILTERDDP_TIMING iteration=4 barrier_iteration=1 stage=20 derivative_s=0.015258500 first_order_s=0.005209400 second_order_s=0.009701800 algebra_s=0.114344700 kkt_assembly_s=0.003059300 factor_s=0.035872400 solve_s=0.110542200 update_s=0.008007700 K_nnz=393075 rhs_cols=1 Vxx_nnz=1040400
FILTERDDP_TIMING iteration=4 barrier_iteration=1 stage=19 derivative_s=0.015371800 first_order_s=0.005249300 second_order_s=0.009822400 algebra_s=0.111505600 kkt_assembly_s=0.002826600 factor_s=0.036761200 solve_s=0.107526000 update_s=0.008835000 K_nnz=393075 rhs_cols=1 Vxx_nnz=1040400
FILTERDDP_TIMING iteration=4 barrier_iteration=1 stage=18 derivative_s=0.016702400 first_order_s=0.005335700 second_order_s=0.011081700 algebra_s=0.149677300 kkt_assembly_s=0.003035800 factor_s=0.038329100 solve_s=0.110862800 update_s=0.009376000 K_nnz=393075 rhs_cols=1 Vxx_nnz=1040400
FILTERDDP_TIMING iteration=4 barrier_iteration=1 stage=17 derivative_s=0.177263600 first_order_s=0.006290100 second_order_s=0.170640000 algebra_s=0.074526500 kkt_assembly_s=0.002989100 factor_s=0.034204000 solve_s=0.113142400 update_s=0.009782200 K_nnz=393075 rhs_cols=1 Vxx_nnz=1040400
FILTERDDP_TIMING iteration=4 barrier_iteration=1 stage=16 derivative_s=0.015146400 first_order_s=0.005280800 second_order_s=0.009575600 algebra_s=0.076753800 kkt_assembly_s=0.003284000 factor_s=0.034377700 solve_s=0.144102500 update_s=0.010681700 K_nnz=393075 rhs_cols=1 Vxx_nnz=1040400
FILTERDDP_TIMING iteration=4 barrier_iteration=1 stage=15 derivative_s=0.016050900 first_order_s=0.005049900 second_order_s=0.010451400 algebra_s=0.076810100 kkt_assembly_s=0.003039200 factor_s=0.034847100 solve_s=0.142084800 update_s=0.009604500 K_nnz=393075 rhs_cols=1 Vxx_nnz=1040400
FILTERDDP_TIMING iteration=4 barrier_iteration=1 stage=14 derivative_s=0.015571900 first_order_s=0.005421600 second_order_s=0.009861600 algebra_s=0.075583100 kkt_assembly_s=0.003073900 factor_s=0.038029100 solve_s=0.169080700 update_s=0.009413700 K_nnz=393075 rhs_cols=1 Vxx_nnz=1040400
FILTERDDP_TIMING iteration=4 barrier_iteration=1 stage=13 derivative_s=0.015285900 first_order_s=0.005222400 second_order_s=0.009777100 algebra_s=0.074336700 kkt_assembly_s=0.002881000 factor_s=0.041038400 solve_s=0.300093100 update_s=0.008835500 K_nnz=393075 rhs_cols=1 Vxx_nnz=1040400
FILTERDDP_TIMING iteration=4 barrier_iteration=1 stage=12 derivative_s=0.016710800 first_order_s=0.005157700 second_order_s=0.011113200 algebra_s=0.075313200 kkt_assembly_s=0.003023700 factor_s=0.037015400 solve_s=0.107208500 update_s=0.009210500 K_nnz=393075 rhs_cols=1 Vxx_nnz=1040400
FILTERDDP_TIMING iteration=4 barrier_iteration=1 stage=11 derivative_s=0.016499100 first_order_s=0.005163100 second_order_s=0.011049400 algebra_s=0.117935700 kkt_assembly_s=0.003125500 factor_s=0.036024400 solve_s=0.114805900 update_s=0.009319000 K_nnz=393075 rhs_cols=1 Vxx_nnz=1040400
FILTERDDP_TIMING iteration=4 barrier_iteration=1 stage=10 derivative_s=0.011857500 first_order_s=0.004963300 second_order_s=0.006598400 algebra_s=0.076094300 kkt_assembly_s=0.002981400 factor_s=0.070597700 solve_s=0.109507000 update_s=0.009191200 K_nnz=393075 rhs_cols=1 Vxx_nnz=1040400
FILTERDDP_TIMING iteration=4 barrier_iteration=1 stage=9 derivative_s=0.015719900 first_order_s=0.005343500 second_order_s=0.010077300 algebra_s=0.139725200 kkt_assembly_s=0.003047500 factor_s=0.039128600 solve_s=0.109095600 update_s=0.009365600 K_nnz=393075 rhs_cols=1 Vxx_nnz=1040400
FILTERDDP_TIMING iteration=4 barrier_iteration=1 stage=8 derivative_s=0.014581400 first_order_s=0.004815700 second_order_s=0.009481200 algebra_s=0.237635400 kkt_assembly_s=0.002966800 factor_s=0.035234000 solve_s=0.107625400 update_s=0.009346100 K_nnz=393075 rhs_cols=1 Vxx_nnz=1040400
FILTERDDP_TIMING iteration=4 barrier_iteration=1 stage=7 derivative_s=0.015474200 first_order_s=0.004850500 second_order_s=0.010321600 algebra_s=0.082482100 kkt_assembly_s=0.003075500 factor_s=0.036231300 solve_s=0.114377900 update_s=0.065886300 K_nnz=393075 rhs_cols=1 Vxx_nnz=1040400
FILTERDDP_TIMING iteration=4 barrier_iteration=1 stage=6 derivative_s=0.015004700 first_order_s=0.005089500 second_order_s=0.009591900 algebra_s=0.075667500 kkt_assembly_s=0.002946000 factor_s=0.034526900 solve_s=0.106920400 update_s=0.009421700 K_nnz=393075 rhs_cols=1 Vxx_nnz=1040400
FILTERDDP_TIMING iteration=4 barrier_iteration=1 stage=5 derivative_s=0.050627300 first_order_s=0.005571000 second_order_s=0.044744600 algebra_s=0.077113400 kkt_assembly_s=0.003325200 factor_s=0.041915300 solve_s=0.110178700 update_s=0.010001800 K_nnz=393075 rhs_cols=1 Vxx_nnz=1040400
FILTERDDP_TIMING iteration=4 barrier_iteration=1 stage=4 derivative_s=0.045044100 first_order_s=0.005054500 second_order_s=0.039693300 algebra_s=0.076871600 kkt_assembly_s=0.003011800 factor_s=0.044065400 solve_s=0.167916100 update_s=0.007279800 K_nnz=393075 rhs_cols=1 Vxx_nnz=1040400
FILTERDDP_TIMING iteration=4 barrier_iteration=1 stage=3 derivative_s=0.012875800 first_order_s=0.005338500 second_order_s=0.007225100 algebra_s=0.093241000 kkt_assembly_s=0.003020300 factor_s=0.044680800 solve_s=0.265524300 update_s=0.009331000 K_nnz=393075 rhs_cols=1 Vxx_nnz=1040400
FILTERDDP_TIMING iteration=4 barrier_iteration=1 stage=2 derivative_s=0.015744600 first_order_s=0.005522900 second_order_s=0.009923800 algebra_s=0.103729500 kkt_assembly_s=0.003653600 factor_s=0.066534100 solve_s=0.104431100 update_s=0.008143700 K_nnz=393075 rhs_cols=1 Vxx_nnz=1040400
FILTERDDP_TIMING iteration=4 barrier_iteration=1 stage=1 derivative_s=0.017120800 first_order_s=0.007365600 second_order_s=0.008984200 algebra_s=0.142630900 kkt_assembly_s=0.003158500 factor_s=0.041725700 solve_s=0.123663100 update_s=0.008536800 K_nnz=393075 rhs_cols=1 Vxx_nnz=1040400
FILTERDDP_FEASIBILITY iteration=4 barrier_iteration=1 equality_count=1015272 equality_rms=1.208227794179e-02 equality_max=3.379642537844e-01 equality_worst_stage=1 equality_worst_index=31102 dynamics_count=23460 dynamics_rms=9.963875517897e-17 dynamics_max=4.440892098501e-16 dynamics_worst_stage=4 dynamics_worst_index=109 bound_count=643584 bound_rms=0.000000000000e+00 bound_max=0.000000000000e+00 bound_worst_stage=0 bound_worst_index=0 bound_worst_kind=none
     4   2.72553623e+06   3.3796e-01   3.6190e-01   2.4507e+00   -0.70      -     9.9008e-01   0
FILTERDDP_ITER_TIMING iteration=4 barrier_iteration=1 backward_s=7.738082000 forward_s=0.697321100 total_s=8.435403100 outcome=accepted step_size=9.985646470e-01 backtracks=0 mu=2.000000000e-01
FILTERDDP_TIMING iteration=5 barrier_iteration=1 stage=24 derivative_s=0.018137300 first_order_s=0.005858800 second_order_s=0.011991200 algebra_s=0.079459700 kkt_assembly_s=0.003923600 factor_s=0.097141800 solve_s=0.107170500 update_s=0.009386500 K_nnz=393075 rhs_cols=1 Vxx_nnz=1040400
FILTERDDP_TIMING iteration=5 barrier_iteration=1 stage=23 derivative_s=0.022724600 first_order_s=0.007688800 second_order_s=0.014729500 algebra_s=0.239674500 kkt_assembly_s=0.002947200 factor_s=0.034853700 solve_s=0.107496600 update_s=0.008920400 K_nnz=393075 rhs_cols=1 Vxx_nnz=1040400
FILTERDDP_TIMING iteration=5 barrier_iteration=1 stage=22 derivative_s=0.014978900 first_order_s=0.004957100 second_order_s=0.009737300 algebra_s=0.075232800 kkt_assembly_s=0.002963100 factor_s=0.033568800 solve_s=0.151534500 update_s=0.012537900 K_nnz=393075 rhs_cols=1 Vxx_nnz=1040400
FILTERDDP_TIMING iteration=5 barrier_iteration=1 stage=21 derivative_s=0.018220700 first_order_s=0.005310100 second_order_s=0.012623300 algebra_s=0.076080700 kkt_assembly_s=0.002878300 factor_s=0.035975200 solve_s=0.111322300 update_s=0.009646700 K_nnz=393075 rhs_cols=1 Vxx_nnz=1040400
FILTERDDP_TIMING iteration=5 barrier_iteration=1 stage=20 derivative_s=0.055318600 first_order_s=0.005505000 second_order_s=0.049500400 algebra_s=0.086612200 kkt_assembly_s=0.003036400 factor_s=0.037258300 solve_s=0.114884400 update_s=0.074888600 K_nnz=393075 rhs_cols=1 Vxx_nnz=1040400
FILTERDDP_TIMING iteration=5 barrier_iteration=1 stage=19 derivative_s=0.016165200 first_order_s=0.005147800 second_order_s=0.010539000 algebra_s=0.074810600 kkt_assembly_s=0.003123600 factor_s=0.041838200 solve_s=0.269153900 update_s=0.009016600 K_nnz=393075 rhs_cols=1 Vxx_nnz=1040400
FILTERDDP_TIMING iteration=5 barrier_iteration=1 stage=18 derivative_s=0.015278700 first_order_s=0.005071100 second_order_s=0.009914800 algebra_s=0.076365500 kkt_assembly_s=0.003028500 factor_s=0.046020200 solve_s=0.108547500 update_s=0.009310400 K_nnz=393075 rhs_cols=1 Vxx_nnz=1040400
FILTERDDP_TIMING iteration=5 barrier_iteration=1 stage=17 derivative_s=0.015041200 first_order_s=0.005044300 second_order_s=0.009588400 algebra_s=0.127540000 kkt_assembly_s=0.002897800 factor_s=0.039415500 solve_s=0.111354400 update_s=0.010590700 K_nnz=393075 rhs_cols=1 Vxx_nnz=1040400
FILTERDDP_TIMING iteration=5 barrier_iteration=1 stage=16 derivative_s=0.015262800 first_order_s=0.005062600 second_order_s=0.009858200 algebra_s=0.075769700 kkt_assembly_s=0.003116000 factor_s=0.072251600 solve_s=0.111461400 update_s=0.008908500 K_nnz=393075 rhs_cols=1 Vxx_nnz=1040400
FILTERDDP_TIMING iteration=5 barrier_iteration=1 stage=15 derivative_s=0.015118200 first_order_s=0.004927100 second_order_s=0.009898400 algebra_s=0.137580900 kkt_assembly_s=0.003022900 factor_s=0.038885800 solve_s=0.118352200 update_s=0.008604500 K_nnz=393075 rhs_cols=1 Vxx_nnz=1040400
FILTERDDP_TIMING iteration=5 barrier_iteration=1 stage=14 derivative_s=0.014344200 first_order_s=0.005031100 second_order_s=0.009010900 algebra_s=0.245270000 kkt_assembly_s=0.003257500 factor_s=0.034922000 solve_s=0.107869300 update_s=0.009667800 K_nnz=393075 rhs_cols=1 Vxx_nnz=1040400
FILTERDDP_TIMING iteration=5 barrier_iteration=1 stage=13 derivative_s=0.017223200 first_order_s=0.005298100 second_order_s=0.011636100 algebra_s=0.074981600 kkt_assembly_s=0.003010400 factor_s=0.034420200 solve_s=0.157226500 update_s=0.008335400 K_nnz=393075 rhs_cols=1 Vxx_nnz=1040400
FILTERDDP_TIMING iteration=5 barrier_iteration=1 stage=12 derivative_s=0.015586500 first_order_s=0.005487700 second_order_s=0.009773200 algebra_s=0.074269900 kkt_assembly_s=0.003002900 factor_s=0.035657000 solve_s=0.117627100 update_s=0.009415800 K_nnz=393075 rhs_cols=1 Vxx_nnz=1040400
FILTERDDP_TIMING iteration=5 barrier_iteration=1 stage=11 derivative_s=0.054235300 first_order_s=0.005151700 second_order_s=0.048765800 algebra_s=0.084618500 kkt_assembly_s=0.002936300 factor_s=0.038101000 solve_s=0.107818500 update_s=0.009762000 K_nnz=393075 rhs_cols=1 Vxx_nnz=1040400
FILTERDDP_TIMING iteration=5 barrier_iteration=1 stage=10 derivative_s=0.076409800 first_order_s=0.005272600 second_order_s=0.070773900 algebra_s=0.076386300 kkt_assembly_s=0.002969800 factor_s=0.042012100 solve_s=0.261418500 update_s=0.008919800 K_nnz=393075 rhs_cols=1 Vxx_nnz=1040400
FILTERDDP_TIMING iteration=5 barrier_iteration=1 stage=9 derivative_s=0.015079700 first_order_s=0.005017100 second_order_s=0.009765700 algebra_s=0.078329000 kkt_assembly_s=0.002939200 factor_s=0.036484500 solve_s=0.114374100 update_s=0.008877700 K_nnz=393075 rhs_cols=1 Vxx_nnz=1040400
FILTERDDP_TIMING iteration=5 barrier_iteration=1 stage=8 derivative_s=0.019712300 first_order_s=0.005340900 second_order_s=0.014012000 algebra_s=0.076247200 kkt_assembly_s=0.003221900 factor_s=0.080214600 solve_s=0.110479900 update_s=0.009266300 K_nnz=393075 rhs_cols=1 Vxx_nnz=1040400
FILTERDDP_TIMING iteration=5 barrier_iteration=1 stage=7 derivative_s=0.015236000 first_order_s=0.005116500 second_order_s=0.009818700 algebra_s=0.075335400 kkt_assembly_s=0.002871400 factor_s=0.034640900 solve_s=0.156937000 update_s=0.009032600 K_nnz=393075 rhs_cols=1 Vxx_nnz=1040400
FILTERDDP_TIMING iteration=5 barrier_iteration=1 stage=6 derivative_s=0.017091300 first_order_s=0.005337000 second_order_s=0.011436200 algebra_s=0.075160600 kkt_assembly_s=0.003074600 factor_s=0.038303400 solve_s=0.141380300 update_s=0.010209400 K_nnz=393075 rhs_cols=1 Vxx_nnz=1040400
FILTERDDP_TIMING iteration=5 barrier_iteration=1 stage=5 derivative_s=0.021134100 first_order_s=0.007899300 second_order_s=0.012637800 algebra_s=0.080230100 kkt_assembly_s=0.003138700 factor_s=0.111604600 solve_s=0.112422800 update_s=0.009039000 K_nnz=393075 rhs_cols=1 Vxx_nnz=1040400
FILTERDDP_TIMING iteration=5 barrier_iteration=1 stage=4 derivative_s=0.015000200 first_order_s=0.004909700 second_order_s=0.009796900 algebra_s=0.221498700 kkt_assembly_s=0.003048000 factor_s=0.036595100 solve_s=0.107144800 update_s=0.008400800 K_nnz=393075 rhs_cols=1 Vxx_nnz=1040400
FILTERDDP_TIMING iteration=5 barrier_iteration=1 stage=3 derivative_s=0.015936800 first_order_s=0.006153200 second_order_s=0.009472500 algebra_s=0.074995900 kkt_assembly_s=0.002928800 factor_s=0.037278100 solve_s=0.146147000 update_s=0.009532400 K_nnz=393075 rhs_cols=1 Vxx_nnz=1040400
FILTERDDP_TIMING iteration=5 barrier_iteration=1 stage=2 derivative_s=0.015368800 first_order_s=0.005222100 second_order_s=0.009840700 algebra_s=0.078756600 kkt_assembly_s=0.002835700 factor_s=0.036788800 solve_s=0.144755200 update_s=0.009339800 K_nnz=393075 rhs_cols=1 Vxx_nnz=1040400
FILTERDDP_TIMING iteration=5 barrier_iteration=1 stage=1 derivative_s=0.015153500 first_order_s=0.004969300 second_order_s=0.009813300 algebra_s=0.078166100 kkt_assembly_s=0.003031100 factor_s=0.036960400 solve_s=0.167923200 update_s=0.009246800 K_nnz=393075 rhs_cols=1 Vxx_nnz=1040400
FILTERDDP_FEASIBILITY iteration=5 barrier_iteration=1 equality_count=1015272 equality_rms=2.736952401599e-02 equality_max=6.804423802547e-01 equality_worst_stage=1 equality_worst_index=31063 dynamics_count=23460 dynamics_rms=9.791671546077e-17 dynamics_max=4.440892098501e-16 dynamics_worst_stage=20 dynamics_worst_index=404 bound_count=643584 bound_rms=0.000000000000e+00 bound_max=0.000000000000e+00 bound_worst_stage=0 bound_worst_index=0 bound_worst_kind=none
FILTERDDP_ITER_TIMING iteration=5 barrier_iteration=1 backward_s=7.741466800 forward_s=0.000000000 total_s=7.741466800 outcome=barrier_update step_size=9.985646470e-01 backtracks=0 mu=2.000000000e-01
FILTERDDP_TIMING iteration=5 barrier_iteration=2 stage=24 derivative_s=0.017215300 first_order_s=0.005000000 second_order_s=0.011934500 algebra_s=0.078068800 kkt_assembly_s=0.003203500 factor_s=0.043157700 solve_s=0.262653200 update_s=0.009468300 K_nnz=393075 rhs_cols=1 Vxx_nnz=1040400
FILTERDDP_TIMING iteration=5 barrier_iteration=2 stage=23 derivative_s=0.017227900 first_order_s=0.005196900 second_order_s=0.011749400 algebra_s=0.075500300 kkt_assembly_s=0.003127500 factor_s=0.036369000 solve_s=0.112317900 update_s=0.009632400 K_nnz=393075 rhs_cols=1 Vxx_nnz=1040400
FILTERDDP_TIMING iteration=5 barrier_iteration=2 stage=22 derivative_s=0.054331600 first_order_s=0.005153500 second_order_s=0.048892300 algebra_s=0.075957500 kkt_assembly_s=0.002886000 factor_s=0.036811500 solve_s=0.107855100 update_s=0.009034400 K_nnz=393075 rhs_cols=1 Vxx_nnz=1040400
FILTERDDP_TIMING iteration=5 barrier_iteration=2 stage=21 derivative_s=0.015503200 first_order_s=0.005490600 second_order_s=0.009716100 algebra_s=0.111009700 kkt_assembly_s=0.002994500 factor_s=0.037271000 solve_s=0.115396800 update_s=0.009332800 K_nnz=393075 rhs_cols=1 Vxx_nnz=1040400
FILTERDDP_TIMING iteration=5 barrier_iteration=2 stage=20 derivative_s=0.021263300 first_order_s=0.007543600 second_order_s=0.013399800 algebra_s=0.104617400 kkt_assembly_s=0.003163700 factor_s=0.036189200 solve_s=0.109529600 update_s=0.009494400 K_nnz=393075 rhs_cols=1 Vxx_nnz=1040400
FILTERDDP_TIMING iteration=5 barrier_iteration=2 stage=19 derivative_s=0.080555500 first_order_s=0.005011300 second_order_s=0.075226200 algebra_s=0.077271100 kkt_assembly_s=0.002921000 factor_s=0.042631500 solve_s=0.263934200 update_s=0.006932500 K_nnz=393075 rhs_cols=1 Vxx_nnz=1040400
FILTERDDP_TIMING iteration=5 barrier_iteration=2 stage=18 derivative_s=0.015069600 first_order_s=0.005134200 second_order_s=0.009640900 algebra_s=0.074986000 kkt_assembly_s=0.002911600 factor_s=0.035432800 solve_s=0.115363800 update_s=0.009666100 K_nnz=393075 rhs_cols=1 Vxx_nnz=1040400
FILTERDDP_TIMING iteration=5 barrier_iteration=2 stage=17 derivative_s=0.015667800 first_order_s=0.005400700 second_order_s=0.009912100 algebra_s=0.075809900 kkt_assembly_s=0.003226200 factor_s=0.075776300 solve_s=0.118451400 update_s=0.009969300 K_nnz=393075 rhs_cols=1 Vxx_nnz=1040400
FILTERDDP_TIMING iteration=5 barrier_iteration=2 stage=16 derivative_s=0.015248500 first_order_s=0.005055700 second_order_s=0.009865800 algebra_s=0.078676600 kkt_assembly_s=0.002858200 factor_s=0.036537500 solve_s=0.144312400 update_s=0.009189400 K_nnz=393075 rhs_cols=1 Vxx_nnz=1040400
FILTERDDP_TIMING iteration=5 barrier_iteration=2 stage=15 derivative_s=0.014649200 first_order_s=0.005317300 second_order_s=0.009048700 algebra_s=0.075233300 kkt_assembly_s=0.002964800 factor_s=0.037147100 solve_s=0.138302000 update_s=0.007539700 K_nnz=393075 rhs_cols=1 Vxx_nnz=1040400
FILTERDDP_TIMING iteration=5 barrier_iteration=2 stage=14 derivative_s=0.014062200 first_order_s=0.005391500 second_order_s=0.008362300 algebra_s=0.089422100 kkt_assembly_s=0.003011400 factor_s=0.045151300 solve_s=0.170508100 update_s=0.011552200 K_nnz=393075 rhs_cols=1 Vxx_nnz=1040400
FILTERDDP_TIMING iteration=5 barrier_iteration=2 stage=13 derivative_s=0.015387400 first_order_s=0.005095600 second_order_s=0.009968000 algebra_s=0.237409800 kkt_assembly_s=0.003184000 factor_s=0.035577900 solve_s=0.114504200 update_s=0.008161500 K_nnz=393075 rhs_cols=1 Vxx_nnz=1040400
FILTERDDP_TIMING iteration=5 barrier_iteration=2 stage=12 derivative_s=0.013876400 first_order_s=0.004909000 second_order_s=0.008663300 algebra_s=0.075647400 kkt_assembly_s=0.002986300 factor_s=0.033993400 solve_s=0.109026600 update_s=0.048913700 K_nnz=393075 rhs_cols=1 Vxx_nnz=1040400
FILTERDDP_TIMING iteration=5 barrier_iteration=2 stage=11 derivative_s=0.016749300 first_order_s=0.005639100 second_order_s=0.010779800 algebra_s=0.076661100 kkt_assembly_s=0.003165500 factor_s=0.034180900 solve_s=0.105390600 update_s=0.009069000 K_nnz=393075 rhs_cols=1 Vxx_nnz=1040400
FILTERDDP_TIMING iteration=5 barrier_iteration=2 stage=10 derivative_s=0.051810200 first_order_s=0.004988300 second_order_s=0.046532200 algebra_s=0.079929700 kkt_assembly_s=0.003119500 factor_s=0.038618000 solve_s=0.111049200 update_s=0.009663900 K_nnz=393075 rhs_cols=1 Vxx_nnz=1040400
FILTERDDP_TIMING iteration=5 barrier_iteration=2 stage=9 derivative_s=0.050416200 first_order_s=0.039439800 second_order_s=0.010681500 algebra_s=0.075771200 kkt_assembly_s=0.002868500 factor_s=0.047874000 solve_s=0.106816400 update_s=0.077890900 K_nnz=393075 rhs_cols=1 Vxx_nnz=1040400
FILTERDDP_TIMING iteration=5 barrier_iteration=2 stage=8 derivative_s=0.012853200 first_order_s=0.005418700 second_order_s=0.006983300 algebra_s=0.078648800 kkt_assembly_s=0.003007600 factor_s=0.045099600 solve_s=0.269907000 update_s=0.014051700 K_nnz=393075 rhs_cols=1 Vxx_nnz=1040400
FILTERDDP_TIMING iteration=5 barrier_iteration=2 stage=7 derivative_s=0.020833000 first_order_s=0.005827300 second_order_s=0.014698300 algebra_s=0.076436600 kkt_assembly_s=0.002913700 factor_s=0.035934300 solve_s=0.109873500 update_s=0.009371000 K_nnz=393075 rhs_cols=1 Vxx_nnz=1040400
FILTERDDP_TIMING iteration=5 barrier_iteration=2 stage=6 derivative_s=0.015017500 first_order_s=0.005166400 second_order_s=0.009562800 algebra_s=0.118469300 kkt_assembly_s=0.003013300 factor_s=0.035803200 solve_s=0.109306400 update_s=0.009923500 K_nnz=393075 rhs_cols=1 Vxx_nnz=1040400
FILTERDDP_TIMING iteration=5 barrier_iteration=2 stage=5 derivative_s=0.015435200 first_order_s=0.005271700 second_order_s=0.009667300 algebra_s=0.080877500 kkt_assembly_s=0.003108300 factor_s=0.079299000 solve_s=0.116968600 update_s=0.009441500 K_nnz=393075 rhs_cols=1 Vxx_nnz=1040400
FILTERDDP_TIMING iteration=5 barrier_iteration=2 stage=4 derivative_s=0.016842800 first_order_s=0.005172500 second_order_s=0.011385600 algebra_s=0.138474100 kkt_assembly_s=0.002863500 factor_s=0.038842900 solve_s=0.112246300 update_s=0.009074700 K_nnz=393075 rhs_cols=1 Vxx_nnz=1040400
FILTERDDP_TIMING iteration=5 barrier_iteration=2 stage=3 derivative_s=0.015418600 first_order_s=0.005176800 second_order_s=0.009942500 algebra_s=0.239891500 kkt_assembly_s=0.003085100 factor_s=0.047091800 solve_s=0.111373300 update_s=0.008702800 K_nnz=393075 rhs_cols=1 Vxx_nnz=1040400
FILTERDDP_TIMING iteration=5 barrier_iteration=2 stage=2 derivative_s=0.015944000 first_order_s=0.005347000 second_order_s=0.010297600 algebra_s=0.085229200 kkt_assembly_s=0.003072100 factor_s=0.036140800 solve_s=0.146808900 update_s=0.008571700 K_nnz=393075 rhs_cols=1 Vxx_nnz=1040400
FILTERDDP_TIMING iteration=5 barrier_iteration=2 stage=1 derivative_s=0.030446100 first_order_s=0.012876000 second_order_s=0.016730000 algebra_s=0.100775100 kkt_assembly_s=0.003136000 factor_s=0.035530100 solve_s=0.124611800 update_s=0.012643100 K_nnz=393075 rhs_cols=1 Vxx_nnz=1040400
FILTERDDP_FEASIBILITY iteration=5 barrier_iteration=2 equality_count=1015272 equality_rms=2.736952401599e-02 equality_max=6.804423802547e-01 equality_worst_stage=1 equality_worst_index=31063 dynamics_count=23460 dynamics_rms=9.791671546077e-17 dynamics_max=4.440892098501e-16 dynamics_worst_stage=20 dynamics_worst_index=404 bound_count=643584 bound_rms=0.000000000000e+00 bound_max=0.000000000000e+00 bound_worst_stage=0 bound_worst_index=0 bound_worst_kind=none
     5   2.73407890e+06   6.8044e-01   1.0689e+00   5.5635e-01   -1.40      -     9.9856e-01   0
FILTERDDP_ITER_TIMING iteration=5 barrier_iteration=2 backward_s=7.699147800 forward_s=0.687581900 total_s=8.386729700 outcome=accepted step_size=8.721170704e-01 backtracks=0 mu=4.000000000e-02
FILTERDDP_TIMING iteration=6 barrier_iteration=2 stage=24 derivative_s=0.033666800 first_order_s=0.009074600 second_order_s=0.024219000 algebra_s=0.135819200 kkt_assembly_s=0.003019700 factor_s=0.036752100 solve_s=0.118933700 update_s=0.009244300 K_nnz=393075 rhs_cols=1 Vxx_nnz=1040400
FILTERDDP_TIMING iteration=6 barrier_iteration=2 stage=23 derivative_s=0.169488600 first_order_s=0.159087300 second_order_s=0.010072500 algebra_s=0.075183400 kkt_assembly_s=0.003173300 factor_s=0.034704500 solve_s=0.107523500 update_s=0.008979400 K_nnz=393075 rhs_cols=1 Vxx_nnz=1040400
FILTERDDP_TIMING iteration=6 barrier_iteration=2 stage=22 derivative_s=0.015662000 first_order_s=0.005217000 second_order_s=0.010125200 algebra_s=0.079334800 kkt_assembly_s=0.002866900 factor_s=0.074987500 solve_s=0.110426800 update_s=0.009963500 K_nnz=393075 rhs_cols=1 Vxx_nnz=1040400
FILTERDDP_TIMING iteration=6 barrier_iteration=2 stage=21 derivative_s=0.015318800 first_order_s=0.005310500 second_order_s=0.009720200 algebra_s=0.075196500 kkt_assembly_s=0.003298700 factor_s=0.034735300 solve_s=0.139964800 update_s=0.009084900 K_nnz=393075 rhs_cols=1 Vxx_nnz=1040400
FILTERDDP_TIMING iteration=6 barrier_iteration=2 stage=20 derivative_s=0.015406600 first_order_s=0.005199700 second_order_s=0.009923000 algebra_s=0.074659400 kkt_assembly_s=0.002897300 factor_s=0.070980700 solve_s=0.118248700 update_s=0.009545200 K_nnz=393075 rhs_cols=1 Vxx_nnz=1040400
FILTERDDP_TIMING iteration=6 barrier_iteration=2 stage=19 derivative_s=0.015295900 first_order_s=0.005099700 second_order_s=0.009910500 algebra_s=0.133130100 kkt_assembly_s=0.002905500 factor_s=0.043282100 solve_s=0.112232100 update_s=0.009272000 K_nnz=393075 rhs_cols=1 Vxx_nnz=1040400
FILTERDDP_TIMING iteration=6 barrier_iteration=2 stage=18 derivative_s=0.167667200 first_order_s=0.005212600 second_order_s=0.162065000 algebra_s=0.075723500 kkt_assembly_s=0.002863900 factor_s=0.035469100 solve_s=0.106677200 update_s=0.009493900 K_nnz=393075 rhs_cols=1 Vxx_nnz=1040400
FILTERDDP_TIMING iteration=6 barrier_iteration=2 stage=17 derivative_s=0.015540000 first_order_s=0.005536000 second_order_s=0.009719300 algebra_s=0.075089000 kkt_assembly_s=0.002898900 factor_s=0.034089500 solve_s=0.145842200 update_s=0.009964600 K_nnz=393075 rhs_cols=1 Vxx_nnz=1040400
FILTERDDP_TIMING iteration=6 barrier_iteration=2 stage=16 derivative_s=0.015825200 first_order_s=0.005401600 second_order_s=0.010139900 algebra_s=0.076032500 kkt_assembly_s=0.002938400 factor_s=0.039515600 solve_s=0.143303300 update_s=0.007951200 K_nnz=393075 rhs_cols=1 Vxx_nnz=1040400
FILTERDDP_TIMING iteration=6 barrier_iteration=2 stage=15 derivative_s=0.015437700 first_order_s=0.005266800 second_order_s=0.009887800 algebra_s=0.078956400 kkt_assembly_s=0.003067300 factor_s=0.036596700 solve_s=0.148574200 update_s=0.009610200 K_nnz=393075 rhs_cols=1 Vxx_nnz=1040400
FILTERDDP_TIMING iteration=6 barrier_iteration=2 stage=14 derivative_s=0.016651500 first_order_s=0.005760700 second_order_s=0.010451600 algebra_s=0.078599800 kkt_assembly_s=0.003075000 factor_s=0.042648900 solve_s=0.174942500 update_s=0.008740800 K_nnz=393075 rhs_cols=1 Vxx_nnz=1040400
FILTERDDP_TIMING iteration=6 barrier_iteration=2 stage=13 derivative_s=0.013539200 first_order_s=0.005053700 second_order_s=0.008160400 algebra_s=0.230414500 kkt_assembly_s=0.003043300 factor_s=0.036511200 solve_s=0.112066500 update_s=0.008977900 K_nnz=393075 rhs_cols=1 Vxx_nnz=1040400
FILTERDDP_TIMING iteration=6 barrier_iteration=2 stage=12 derivative_s=0.013847000 first_order_s=0.004747600 second_order_s=0.008816300 algebra_s=0.075300300 kkt_assembly_s=0.002921400 factor_s=0.033962700 solve_s=0.105552100 update_s=0.061720600 K_nnz=393075 rhs_cols=1 Vxx_nnz=1040400
FILTERDDP_TIMING iteration=6 barrier_iteration=2 stage=11 derivative_s=0.018293700 first_order_s=0.007344200 second_order_s=0.010628900 algebra_s=0.076802100 kkt_assembly_s=0.002876000 factor_s=0.040731900 solve_s=0.107707100 update_s=0.011534200 K_nnz=393075 rhs_cols=1 Vxx_nnz=1040400
FILTERDDP_TIMING iteration=6 barrier_iteration=2 stage=10 derivative_s=0.052082000 first_order_s=0.042010200 second_order_s=0.009774700 algebra_s=0.077491900 kkt_assembly_s=0.002961800 factor_s=0.038281700 solve_s=0.110833400 update_s=0.042590700 K_nnz=393075 rhs_cols=1 Vxx_nnz=1040400
FILTERDDP_TIMING iteration=6 barrier_iteration=2 stage=9 derivative_s=0.016374900 first_order_s=0.005137400 second_order_s=0.010941000 algebra_s=0.074652700 kkt_assembly_s=0.002869900 factor_s=0.043358700 solve_s=0.161863300 update_s=0.009326900 K_nnz=393075 rhs_cols=1 Vxx_nnz=1040400
FILTERDDP_TIMING iteration=6 barrier_iteration=2 stage=8 derivative_s=0.016022200 first_order_s=0.005780900 second_order_s=0.009939700 algebra_s=0.075723600 kkt_assembly_s=0.002959700 factor_s=0.043204400 solve_s=0.273754300 update_s=0.009324600 K_nnz=393075 rhs_cols=1 Vxx_nnz=1040400
FILTERDDP_TIMING iteration=6 barrier_iteration=2 stage=7 derivative_s=0.014211000 first_order_s=0.005110200 second_order_s=0.008803200 algebra_s=0.079788100 kkt_assembly_s=0.003011700 factor_s=0.036309100 solve_s=0.109629300 update_s=0.009159300 K_nnz=393075 rhs_cols=1 Vxx_nnz=1040400
FILTERDDP_TIMING iteration=6 barrier_iteration=2 stage=6 derivative_s=0.015386100 first_order_s=0.005223100 second_order_s=0.009876500 algebra_s=0.114772500 kkt_assembly_s=0.003170500 factor_s=0.036850600 solve_s=0.105844800 update_s=0.010724000 K_nnz=393075 rhs_cols=1 Vxx_nnz=1040400
FILTERDDP_TIMING iteration=6 barrier_iteration=2 stage=5 derivative_s=0.015173600 first_order_s=0.004950100 second_order_s=0.009927700 algebra_s=0.108700700 kkt_assembly_s=0.003074400 factor_s=0.036785000 solve_s=0.108151300 update_s=0.008696400 K_nnz=393075 rhs_cols=1 Vxx_nnz=1040400
FILTERDDP_TIMING iteration=6 barrier_iteration=2 stage=4 derivative_s=0.015251100 first_order_s=0.005109800 second_order_s=0.009849800 algebra_s=0.136776500 kkt_assembly_s=0.002986800 factor_s=0.041093500 solve_s=0.114266600 update_s=0.009220600 K_nnz=393075 rhs_cols=1 Vxx_nnz=1040400
FILTERDDP_TIMING iteration=6 barrier_iteration=2 stage=3 derivative_s=0.015033800 first_order_s=0.004955400 second_order_s=0.009790900 algebra_s=0.237099000 kkt_assembly_s=0.003060400 factor_s=0.034702900 solve_s=0.110271800 update_s=0.009377200 K_nnz=393075 rhs_cols=1 Vxx_nnz=1040400
FILTERDDP_TIMING iteration=6 barrier_iteration=2 stage=2 derivative_s=0.015277200 first_order_s=0.005236400 second_order_s=0.009741900 algebra_s=0.076027900 kkt_assembly_s=0.003010500 factor_s=0.032698100 solve_s=0.139846300 update_s=0.007446400 K_nnz=393075 rhs_cols=1 Vxx_nnz=1040400
FILTERDDP_TIMING iteration=6 barrier_iteration=2 stage=1 derivative_s=0.015266900 first_order_s=0.005484800 second_order_s=0.009503100 algebra_s=0.074442800 kkt_assembly_s=0.002973800 factor_s=0.035605500 solve_s=0.142332400 update_s=0.009855700 K_nnz=393075 rhs_cols=1 Vxx_nnz=1040400
FILTERDDP_FEASIBILITY iteration=6 barrier_iteration=2 equality_count=1015272 equality_rms=1.860302052841e-02 equality_max=4.091938448906e-01 equality_worst_stage=24 equality_worst_index=37183 dynamics_count=23460 dynamics_rms=9.696231508122e-17 dynamics_max=4.440892098501e-16 dynamics_worst_stage=21 dynamics_worst_index=894 bound_count=643584 bound_rms=0.000000000000e+00 bound_max=0.000000000000e+00 bound_worst_stage=0 bound_worst_index=0 bound_worst_kind=none
     6   2.69862113e+06   4.0919e-01   5.4601e+00   1.4550e-01   -1.40      -     8.7212e-01   0
FILTERDDP_ITER_TIMING iteration=6 barrier_iteration=2 backward_s=7.636246800 forward_s=0.631495600 total_s=8.267742400 outcome=accepted step_size=1.000000000e+00 backtracks=0 mu=4.000000000e-02
FILTERDDP_TIMING iteration=7 barrier_iteration=2 stage=24 derivative_s=0.098394300 first_order_s=0.007477600 second_order_s=0.090613800 algebra_s=0.081338400 kkt_assembly_s=0.003132700 factor_s=0.037869600 solve_s=0.246409500 update_s=0.007365200 K_nnz=393075 rhs_cols=1 Vxx_nnz=1040400
FILTERDDP_TIMING iteration=7 barrier_iteration=2 stage=23 derivative_s=0.017238600 first_order_s=0.005178900 second_order_s=0.011758200 algebra_s=0.075610900 kkt_assembly_s=0.002897900 factor_s=0.034456100 solve_s=0.106992600 update_s=0.009176400 K_nnz=393075 rhs_cols=1 Vxx_nnz=1040400
FILTERDDP_TIMING iteration=7 barrier_iteration=2 stage=22 derivative_s=0.015293300 first_order_s=0.005421900 second_order_s=0.009585900 algebra_s=0.126287900 kkt_assembly_s=0.002927700 factor_s=0.036884000 solve_s=0.108778100 update_s=0.009205400 K_nnz=393075 rhs_cols=1 Vxx_nnz=1040400
FILTERDDP_TIMING iteration=7 barrier_iteration=2 stage=21 derivative_s=0.015114800 first_order_s=0.005160100 second_order_s=0.009671700 algebra_s=0.076432800 kkt_assembly_s=0.003064900 factor_s=0.100808600 solve_s=0.108904100 update_s=0.008947200 K_nnz=393075 rhs_cols=1 Vxx_nnz=1040400
FILTERDDP_TIMING iteration=7 barrier_iteration=2 stage=20 derivative_s=0.015118100 first_order_s=0.005021000 second_order_s=0.009811000 algebra_s=0.142749600 kkt_assembly_s=0.002837600 factor_s=0.041810200 solve_s=0.108259700 update_s=0.010424700 K_nnz=393075 rhs_cols=1 Vxx_nnz=1040400
FILTERDDP_TIMING iteration=7 barrier_iteration=2 stage=19 derivative_s=0.015639200 first_order_s=0.005478000 second_order_s=0.009646000 algebra_s=0.247105900 kkt_assembly_s=0.002962500 factor_s=0.034886200 solve_s=0.110416600 update_s=0.009410000 K_nnz=393075 rhs_cols=1 Vxx_nnz=1040400
FILTERDDP_TIMING iteration=7 barrier_iteration=2 stage=18 derivative_s=0.015302400 first_order_s=0.005131100 second_order_s=0.009866300 algebra_s=0.076497600 kkt_assembly_s=0.002983000 factor_s=0.035142700 solve_s=0.148345200 update_s=0.009442200 K_nnz=393075 rhs_cols=1 Vxx_nnz=1040400
FILTERDDP_TIMING iteration=7 barrier_iteration=2 stage=17 derivative_s=0.013626800 first_order_s=0.005300300 second_order_s=0.008025800 algebra_s=0.075751200 kkt_assembly_s=0.003399100 factor_s=0.036277200 solve_s=0.111306400 update_s=0.009465300 K_nnz=393075 rhs_cols=1 Vxx_nnz=1040400
FILTERDDP_TIMING iteration=7 barrier_iteration=2 stage=16 derivative_s=0.080204300 first_order_s=0.007746300 second_order_s=0.072043800 algebra_s=0.075192000 kkt_assembly_s=0.002951800 factor_s=0.036784400 solve_s=0.106621100 update_s=0.077592600 K_nnz=393075 rhs_cols=1 Vxx_nnz=1040400
FILTERDDP_TIMING iteration=7 barrier_iteration=2 stage=15 derivative_s=0.015407300 first_order_s=0.005283100 second_order_s=0.009803300 algebra_s=0.074684400 kkt_assembly_s=0.003023100 factor_s=0.043067400 solve_s=0.269825200 update_s=0.007132000 K_nnz=393075 rhs_cols=1 Vxx_nnz=1040400
FILTERDDP_TIMING iteration=7 barrier_iteration=2 stage=14 derivative_s=0.014425100 first_order_s=0.005689900 second_order_s=0.008441500 algebra_s=0.078373300 kkt_assembly_s=0.003606400 factor_s=0.036204000 solve_s=0.110914300 update_s=0.010495200 K_nnz=393075 rhs_cols=1 Vxx_nnz=1040400
FILTERDDP_TIMING iteration=7 barrier_iteration=2 stage=13 derivative_s=0.030620900 first_order_s=0.009939200 second_order_s=0.020081600 algebra_s=0.083568300 kkt_assembly_s=0.003250500 factor_s=0.080275400 solve_s=0.108757700 update_s=0.009722000 K_nnz=393075 rhs_cols=1 Vxx_nnz=1040400
FILTERDDP_TIMING iteration=7 barrier_iteration=2 stage=12 derivative_s=0.015080200 first_order_s=0.005569500 second_order_s=0.009087700 algebra_s=0.074860800 kkt_assembly_s=0.002825300 factor_s=0.075937700 solve_s=0.112384500 update_s=0.008746600 K_nnz=393075 rhs_cols=1 Vxx_nnz=1040400
FILTERDDP_TIMING iteration=7 barrier_iteration=2 stage=11 derivative_s=0.013856000 first_order_s=0.005594100 second_order_s=0.007960200 algebra_s=0.074692500 kkt_assembly_s=0.024041100 factor_s=0.036709100 solve_s=0.109510100 update_s=0.010316000 K_nnz=393075 rhs_cols=1 Vxx_nnz=1040400
FILTERDDP_TIMING iteration=7 barrier_iteration=2 stage=10 derivative_s=0.015085700 first_order_s=0.004939400 second_order_s=0.009835300 algebra_s=0.136313100 kkt_assembly_s=0.002872900 factor_s=0.043219500 solve_s=0.109889200 update_s=0.009705000 K_nnz=393075 rhs_cols=1 Vxx_nnz=1040400
FILTERDDP_TIMING iteration=7 barrier_iteration=2 stage=9 derivative_s=0.186280800 first_order_s=0.005387500 second_order_s=0.180417400 algebra_s=0.076503400 kkt_assembly_s=0.003163700 factor_s=0.035085200 solve_s=0.107614600 update_s=0.009723100 K_nnz=393075 rhs_cols=1 Vxx_nnz=1040400
FILTERDDP_TIMING iteration=7 barrier_iteration=2 stage=8 derivative_s=0.015114600 first_order_s=0.005031700 second_order_s=0.009779400 algebra_s=0.076511000 kkt_assembly_s=0.002979500 factor_s=0.036296200 solve_s=0.149092400 update_s=0.009081900 K_nnz=393075 rhs_cols=1 Vxx_nnz=1040400
FILTERDDP_TIMING iteration=7 barrier_iteration=2 stage=7 derivative_s=0.015602800 first_order_s=0.005359700 second_order_s=0.009937100 algebra_s=0.075643000 kkt_assembly_s=0.002963800 factor_s=0.035433400 solve_s=0.150556700 update_s=0.013903100 K_nnz=393075 rhs_cols=1 Vxx_nnz=1040400
FILTERDDP_TIMING iteration=7 barrier_iteration=2 stage=6 derivative_s=0.016069200 first_order_s=0.005272000 second_order_s=0.010501300 algebra_s=0.076193100 kkt_assembly_s=0.003716300 factor_s=0.040547600 solve_s=0.180459300 update_s=0.006734500 K_nnz=393075 rhs_cols=1 Vxx_nnz=1040400
FILTERDDP_TIMING iteration=7 barrier_iteration=2 stage=5 derivative_s=0.013546800 first_order_s=0.005040500 second_order_s=0.008194800 algebra_s=0.077827700 kkt_assembly_s=0.003145400 factor_s=0.046078700 solve_s=0.270882600 update_s=0.009736500 K_nnz=393075 rhs_cols=1 Vxx_nnz=1040400
FILTERDDP_TIMING iteration=7 barrier_iteration=2 stage=4 derivative_s=0.014451800 first_order_s=0.005273700 second_order_s=0.008869500 algebra_s=0.083191000 kkt_assembly_s=0.003113900 factor_s=0.050204400 solve_s=0.111410400 update_s=0.011239700 K_nnz=393075 rhs_cols=1 Vxx_nnz=1040400
FILTERDDP_TIMING iteration=7 barrier_iteration=2 stage=3 derivative_s=0.016009700 first_order_s=0.005317000 second_order_s=0.010351400 algebra_s=0.144613300 kkt_assembly_s=0.003097000 factor_s=0.037364100 solve_s=0.142871000 update_s=0.007626600 K_nnz=393075 rhs_cols=1 Vxx_nnz=1040400
FILTERDDP_TIMING iteration=7 barrier_iteration=2 stage=2 derivative_s=0.027183000 first_order_s=0.011777300 second_order_s=0.014559400 algebra_s=0.136416200 kkt_assembly_s=0.002912600 factor_s=0.080556400 solve_s=0.153030700 update_s=0.009378500 K_nnz=393075 rhs_cols=1 Vxx_nnz=1040400
FILTERDDP_TIMING iteration=7 barrier_iteration=2 stage=1 derivative_s=0.015729000 first_order_s=0.005062700 second_order_s=0.010370100 algebra_s=0.074152200 kkt_assembly_s=0.003049300 factor_s=0.102986500 solve_s=0.109254600 update_s=0.009414900 K_nnz=393075 rhs_cols=1 Vxx_nnz=1040400
FILTERDDP_FEASIBILITY iteration=7 barrier_iteration=2 equality_count=1015272 equality_rms=6.154929681051e-03 equality_max=1.083247750001e-01 equality_worst_stage=24 equality_worst_index=35783 dynamics_count=23460 dynamics_rms=0.000000000000e+00 dynamics_max=0.000000000000e+00 dynamics_worst_stage=0 dynamics_worst_index=0 bound_count=643584 bound_rms=0.000000000000e+00 bound_max=0.000000000000e+00 bound_worst_stage=0 bound_worst_index=0 bound_worst_kind=none
     7   2.69323681e+06   1.0832e-01   5.5127e-01   5.8917e-02   -1.40      -     1.0000e+00   0
FILTERDDP_ITER_TIMING iteration=7 barrier_iteration=2 backward_s=7.970407300 forward_s=0.785557300 total_s=8.755964600 outcome=accepted step_size=1.000000000e+00 backtracks=0 mu=4.000000000e-02
FILTERDDP_TIMING iteration=8 barrier_iteration=2 stage=24 derivative_s=0.032638800 first_order_s=0.007496800 second_order_s=0.024829700 algebra_s=0.078905200 kkt_assembly_s=0.003517600 factor_s=0.041185200 solve_s=0.108965400 update_s=0.043023600 K_nnz=393075 rhs_cols=1 Vxx_nnz=1040400
FILTERDDP_TIMING iteration=8 barrier_iteration=2 stage=23 derivative_s=0.028390100 first_order_s=0.009953200 second_order_s=0.017768900 algebra_s=0.075426000 kkt_assembly_s=0.003249000 factor_s=0.036288100 solve_s=0.111540600 update_s=0.009282600 K_nnz=393075 rhs_cols=1 Vxx_nnz=1040400
FILTERDDP_TIMING iteration=8 barrier_iteration=2 stage=22 derivative_s=0.048734200 first_order_s=0.004859500 second_order_s=0.043569400 algebra_s=0.075422800 kkt_assembly_s=0.003194100 factor_s=0.037038000 solve_s=0.112091400 update_s=0.045570700 K_nnz=393075 rhs_cols=1 Vxx_nnz=1040400
FILTERDDP_TIMING iteration=8 barrier_iteration=2 stage=21 derivative_s=0.019944700 first_order_s=0.007510100 second_order_s=0.012111700 algebra_s=0.079073800 kkt_assembly_s=0.002978500 factor_s=0.038125400 solve_s=0.164627900 update_s=0.010965900 K_nnz=393075 rhs_cols=1 Vxx_nnz=1040400
FILTERDDP_TIMING iteration=8 barrier_iteration=2 stage=20 derivative_s=0.018973800 first_order_s=0.005803800 second_order_s=0.012833600 algebra_s=0.076026200 kkt_assembly_s=0.003256700 factor_s=0.042229000 solve_s=0.283750100 update_s=0.009272600 K_nnz=393075 rhs_cols=1 Vxx_nnz=1040400
FILTERDDP_TIMING iteration=8 barrier_iteration=2 stage=19 derivative_s=0.015608200 first_order_s=0.005217200 second_order_s=0.010107700 algebra_s=0.076328300 kkt_assembly_s=0.002975800 factor_s=0.035413400 solve_s=0.114210800 update_s=0.010467500 K_nnz=393075 rhs_cols=1 Vxx_nnz=1040400
FILTERDDP_TIMING iteration=8 barrier_iteration=2 stage=18 derivative_s=0.033149100 first_order_s=0.012826100 second_order_s=0.019833000 algebra_s=0.140130300 kkt_assembly_s=0.003005300 factor_s=0.038281600 solve_s=0.121052200 update_s=0.009480100 K_nnz=393075 rhs_cols=1 Vxx_nnz=1040400
FILTERDDP_TIMING iteration=8 barrier_iteration=2 stage=17 derivative_s=0.019773600 first_order_s=0.005445800 second_order_s=0.014024700 algebra_s=0.128358200 kkt_assembly_s=0.002905200 factor_s=0.038332100 solve_s=0.111183400 update_s=0.009170800 K_nnz=393075 rhs_cols=1 Vxx_nnz=1040400
FILTERDDP_TIMING iteration=8 barrier_iteration=2 stage=16 derivative_s=0.015250500 first_order_s=0.005510700 second_order_s=0.009449200 algebra_s=0.138637100 kkt_assembly_s=0.003044500 factor_s=0.038272200 solve_s=0.110170100 update_s=0.009204800 K_nnz=393075 rhs_cols=1 Vxx_nnz=1040400
FILTERDDP_TIMING iteration=8 barrier_iteration=2 stage=15 derivative_s=0.014799300 first_order_s=0.004892400 second_order_s=0.009611100 algebra_s=0.249643200 kkt_assembly_s=0.002886000 factor_s=0.035186700 solve_s=0.110475400 update_s=0.009461200 K_nnz=393075 rhs_cols=1 Vxx_nnz=1040400
FILTERDDP_TIMING iteration=8 barrier_iteration=2 stage=14 derivative_s=0.015108300 first_order_s=0.004848100 second_order_s=0.009963000 algebra_s=0.077252900 kkt_assembly_s=0.003016000 factor_s=0.033952100 solve_s=0.154658700 update_s=0.007978500 K_nnz=393075 rhs_cols=1 Vxx_nnz=1040400
FILTERDDP_TIMING iteration=8 barrier_iteration=2 stage=13 derivative_s=0.015616600 first_order_s=0.005289600 second_order_s=0.010022900 algebra_s=0.075518200 kkt_assembly_s=0.003088600 factor_s=0.036005200 solve_s=0.144595000 update_s=0.009277400 K_nnz=393075 rhs_cols=1 Vxx_nnz=1040400
FILTERDDP_TIMING iteration=8 barrier_iteration=2 stage=12 derivative_s=0.015429200 first_order_s=0.005284800 second_order_s=0.009834700 algebra_s=0.075701800 kkt_assembly_s=0.003130500 factor_s=0.037552600 solve_s=0.170916400 update_s=0.008383800 K_nnz=393075 rhs_cols=1 Vxx_nnz=1040400
FILTERDDP_TIMING iteration=8 barrier_iteration=2 stage=11 derivative_s=0.015316600 first_order_s=0.005093600 second_order_s=0.009918100 algebra_s=0.076368900 kkt_assembly_s=0.003257700 factor_s=0.043129000 solve_s=0.253175000 update_s=0.009662500 K_nnz=393075 rhs_cols=1 Vxx_nnz=1040400
FILTERDDP_TIMING iteration=8 barrier_iteration=2 stage=10 derivative_s=0.016090600 first_order_s=0.005464400 second_order_s=0.010332400 algebra_s=0.074963500 kkt_assembly_s=0.003067000 factor_s=0.036121500 solve_s=0.110615600 update_s=0.010249100 K_nnz=393075 rhs_cols=1 Vxx_nnz=1040400
FILTERDDP_TIMING iteration=8 barrier_iteration=2 stage=9 derivative_s=0.017413600 first_order_s=0.005099700 second_order_s=0.011906900 algebra_s=0.119413800 kkt_assembly_s=0.003307300 factor_s=0.040118300 solve_s=0.107544000 update_s=0.008387500 K_nnz=393075 rhs_cols=1 Vxx_nnz=1040400
FILTERDDP_TIMING iteration=8 barrier_iteration=2 stage=8 derivative_s=0.016728200 first_order_s=0.005318400 second_order_s=0.011005900 algebra_s=0.125403300 kkt_assembly_s=0.003029300 factor_s=0.035601000 solve_s=0.115307100 update_s=0.009662700 K_nnz=393075 rhs_cols=1 Vxx_nnz=1040400
FILTERDDP_TIMING iteration=8 barrier_iteration=2 stage=7 derivative_s=0.015239300 first_order_s=0.005432900 second_order_s=0.009521700 algebra_s=0.136854000 kkt_assembly_s=0.002944100 factor_s=0.037577000 solve_s=0.109867900 update_s=0.010768500 K_nnz=393075 rhs_cols=1 Vxx_nnz=1040400
FILTERDDP_TIMING iteration=8 barrier_iteration=2 stage=6 derivative_s=0.015807000 first_order_s=0.005466400 second_order_s=0.010041200 algebra_s=0.232171100 kkt_assembly_s=0.002849700 factor_s=0.036604300 solve_s=0.108418300 update_s=0.008550500 K_nnz=393075 rhs_cols=1 Vxx_nnz=1040400
FILTERDDP_TIMING iteration=8 barrier_iteration=2 stage=5 derivative_s=0.016823100 first_order_s=0.005301600 second_order_s=0.011234400 algebra_s=0.077015900 kkt_assembly_s=0.002971000 factor_s=0.034352100 solve_s=0.147260200 update_s=0.009517000 K_nnz=393075 rhs_cols=1 Vxx_nnz=1040400
FILTERDDP_TIMING iteration=8 barrier_iteration=2 stage=4 derivative_s=0.015026300 first_order_s=0.004887400 second_order_s=0.009825000 algebra_s=0.076098100 kkt_assembly_s=0.002958800 factor_s=0.037584700 solve_s=0.141988700 update_s=0.007335400 K_nnz=393075 rhs_cols=1 Vxx_nnz=1040400
FILTERDDP_TIMING iteration=8 barrier_iteration=2 stage=3 derivative_s=0.015357500 first_order_s=0.005238300 second_order_s=0.009808000 algebra_s=0.076438900 kkt_assembly_s=0.003059100 factor_s=0.039748200 solve_s=0.172820100 update_s=0.009508500 K_nnz=393075 rhs_cols=1 Vxx_nnz=1040400
FILTERDDP_TIMING iteration=8 barrier_iteration=2 stage=2 derivative_s=0.013295400 first_order_s=0.005360200 second_order_s=0.007605300 algebra_s=0.086713200 kkt_assembly_s=0.003112500 factor_s=0.042597000 solve_s=0.266012000 update_s=0.009308100 K_nnz=393075 rhs_cols=1 Vxx_nnz=1040400
FILTERDDP_TIMING iteration=8 barrier_iteration=2 stage=1 derivative_s=0.012735500 first_order_s=0.004944000 second_order_s=0.007482700 algebra_s=0.076677200 kkt_assembly_s=0.002964500 factor_s=0.036962900 solve_s=0.115284600 update_s=0.009540000 K_nnz=393075 rhs_cols=1 Vxx_nnz=1040400
FILTERDDP_FEASIBILITY iteration=8 barrier_iteration=2 equality_count=1015272 equality_rms=1.390855671102e-04 equality_max=5.459781720717e-03 equality_worst_stage=24 equality_worst_index=34183 dynamics_count=23460 dynamics_rms=0.000000000000e+00 dynamics_max=0.000000000000e+00 dynamics_worst_stage=0 dynamics_worst_index=0 bound_count=643584 bound_rms=0.000000000000e+00 bound_max=0.000000000000e+00 bound_worst_stage=0 bound_worst_index=0 bound_worst_kind=none
FILTERDDP_ITER_TIMING iteration=8 barrier_iteration=2 backward_s=7.734688000 forward_s=0.000000000 total_s=7.734688000 outcome=barrier_update step_size=1.000000000e+00 backtracks=0 mu=4.000000000e-02
FILTERDDP_TIMING iteration=8 barrier_iteration=3 stage=24 derivative_s=0.016559500 first_order_s=0.005186100 second_order_s=0.011071900 algebra_s=0.120103900 kkt_assembly_s=0.003001400 factor_s=0.034974100 solve_s=0.108318300 update_s=0.009315100 K_nnz=393075 rhs_cols=1 Vxx_nnz=1040400
FILTERDDP_TIMING iteration=8 barrier_iteration=3 stage=23 derivative_s=0.015294800 first_order_s=0.005028900 second_order_s=0.009965600 algebra_s=0.113312900 kkt_assembly_s=0.003078200 factor_s=0.037361200 solve_s=0.110316900 update_s=0.009430900 K_nnz=393075 rhs_cols=1 Vxx_nnz=1040400
FILTERDDP_TIMING iteration=8 barrier_iteration=3 stage=22 derivative_s=0.014995400 first_order_s=0.004964700 second_order_s=0.009746300 algebra_s=0.140325800 kkt_assembly_s=0.003030400 factor_s=0.038701700 solve_s=0.110081300 update_s=0.009053600 K_nnz=393075 rhs_cols=1 Vxx_nnz=1040400
FILTERDDP_TIMING iteration=8 barrier_iteration=3 stage=21 derivative_s=0.019890400 first_order_s=0.005437800 second_order_s=0.014142300 algebra_s=0.248451100 kkt_assembly_s=0.003252700 factor_s=0.035673700 solve_s=0.109966800 update_s=0.009249300 K_nnz=393075 rhs_cols=1 Vxx_nnz=1040400
FILTERDDP_TIMING iteration=8 barrier_iteration=3 stage=20 derivative_s=0.015268000 first_order_s=0.005075900 second_order_s=0.009884300 algebra_s=0.082401500 kkt_assembly_s=0.003211100 factor_s=0.034655900 solve_s=0.141709800 update_s=0.008822800 K_nnz=393075 rhs_cols=1 Vxx_nnz=1040400
FILTERDDP_TIMING iteration=8 barrier_iteration=3 stage=19 derivative_s=0.016526200 first_order_s=0.005046000 second_order_s=0.011145500 algebra_s=0.077968000 kkt_assembly_s=0.003052700 factor_s=0.034328900 solve_s=0.109784500 update_s=0.047182900 K_nnz=393075 rhs_cols=1 Vxx_nnz=1040400
FILTERDDP_TIMING iteration=8 barrier_iteration=3 stage=18 derivative_s=0.021353100 first_order_s=0.006969800 second_order_s=0.014069500 algebra_s=0.078696300 kkt_assembly_s=0.002881800 factor_s=0.038875000 solve_s=0.175581000 update_s=0.008898000 K_nnz=393075 rhs_cols=1 Vxx_nnz=1040400
FILTERDDP_TIMING iteration=8 barrier_iteration=3 stage=17 derivative_s=0.016061100 first_order_s=0.005032300 second_order_s=0.010743700 algebra_s=0.075256300 kkt_assembly_s=0.003044600 factor_s=0.042657100 solve_s=0.248582400 update_s=0.009449300 K_nnz=393075 rhs_cols=1 Vxx_nnz=1040400
FILTERDDP_TIMING iteration=8 barrier_iteration=3 stage=16 derivative_s=0.015091300 first_order_s=0.005159400 second_order_s=0.009646900 algebra_s=0.075802700 kkt_assembly_s=0.002938300 factor_s=0.035378500 solve_s=0.108358000 update_s=0.009477400 K_nnz=393075 rhs_cols=1 Vxx_nnz=1040400
FILTERDDP_TIMING iteration=8 barrier_iteration=3 stage=15 derivative_s=0.016990200 first_order_s=0.005277400 second_order_s=0.011426500 algebra_s=0.116661600 kkt_assembly_s=0.003160000 factor_s=0.035248600 solve_s=0.118961600 update_s=0.009122000 K_nnz=393075 rhs_cols=1 Vxx_nnz=1040400
FILTERDDP_TIMING iteration=8 barrier_iteration=3 stage=14 derivative_s=0.015528600 first_order_s=0.005269100 second_order_s=0.009949300 algebra_s=0.074569500 kkt_assembly_s=0.002858800 factor_s=0.068266700 solve_s=0.108001900 update_s=0.009732400 K_nnz=393075 rhs_cols=1 Vxx_nnz=1040400
FILTERDDP_TIMING iteration=8 barrier_iteration=3 stage=13 derivative_s=0.017846900 first_order_s=0.004957600 second_order_s=0.012576400 algebra_s=0.140145400 kkt_assembly_s=0.002860100 factor_s=0.036543400 solve_s=0.109843300 update_s=0.009719100 K_nnz=393075 rhs_cols=1 Vxx_nnz=1040400
FILTERDDP_TIMING iteration=8 barrier_iteration=3 stage=12 derivative_s=0.014659700 first_order_s=0.004966800 second_order_s=0.009408900 algebra_s=0.242113100 kkt_assembly_s=0.002910600 factor_s=0.034082500 solve_s=0.112333500 update_s=0.009669200 K_nnz=393075 rhs_cols=1 Vxx_nnz=1040400
FILTERDDP_TIMING iteration=8 barrier_iteration=3 stage=11 derivative_s=0.014492200 first_order_s=0.004900200 second_order_s=0.009288400 algebra_s=0.075185500 kkt_assembly_s=0.002915500 factor_s=0.032581000 solve_s=0.147250300 update_s=0.006997100 K_nnz=393075 rhs_cols=1 Vxx_nnz=1040400
FILTERDDP_TIMING iteration=8 barrier_iteration=3 stage=10 derivative_s=0.014546700 first_order_s=0.004943400 second_order_s=0.009312400 algebra_s=0.090703500 kkt_assembly_s=0.002918600 factor_s=0.035907200 solve_s=0.103846600 update_s=0.008031500 K_nnz=393075 rhs_cols=1 Vxx_nnz=1040400
FILTERDDP_TIMING iteration=8 barrier_iteration=3 stage=9 derivative_s=0.055039600 first_order_s=0.005226900 second_order_s=0.049485100 algebra_s=0.075022100 kkt_assembly_s=0.003006300 factor_s=0.037195400 solve_s=0.107295400 update_s=0.010176600 K_nnz=393075 rhs_cols=1 Vxx_nnz=1040400
FILTERDDP_TIMING iteration=8 barrier_iteration=3 stage=8 derivative_s=0.081059000 first_order_s=0.069994900 second_order_s=0.010580500 algebra_s=0.075720300 kkt_assembly_s=0.002828200 factor_s=0.041095000 solve_s=0.253024900 update_s=0.006830000 K_nnz=393075 rhs_cols=1 Vxx_nnz=1040400
FILTERDDP_TIMING iteration=8 barrier_iteration=3 stage=7 derivative_s=0.015374300 first_order_s=0.005292000 second_order_s=0.009781200 algebra_s=0.077719500 kkt_assembly_s=0.002915700 factor_s=0.035188800 solve_s=0.113891400 update_s=0.010256700 K_nnz=393075 rhs_cols=1 Vxx_nnz=1040400
FILTERDDP_TIMING iteration=8 barrier_iteration=3 stage=6 derivative_s=0.013037000 first_order_s=0.005655900 second_order_s=0.007067600 algebra_s=0.077734700 kkt_assembly_s=0.003123100 factor_s=0.076582000 solve_s=0.106671600 update_s=0.009736300 K_nnz=393075 rhs_cols=1 Vxx_nnz=1040400
FILTERDDP_TIMING iteration=8 barrier_iteration=3 stage=5 derivative_s=0.015906900 first_order_s=0.005343300 second_order_s=0.010281600 algebra_s=0.075541000 kkt_assembly_s=0.003038400 factor_s=0.036339900 solve_s=0.141391900 update_s=0.009918100 K_nnz=393075 rhs_cols=1 Vxx_nnz=1040400
FILTERDDP_TIMING iteration=8 barrier_iteration=3 stage=4 derivative_s=0.016493700 first_order_s=0.005498000 second_order_s=0.010694600 algebra_s=0.077238900 kkt_assembly_s=0.003024800 factor_s=0.038228200 solve_s=0.144928700 update_s=0.009670400 K_nnz=393075 rhs_cols=1 Vxx_nnz=1040400
FILTERDDP_TIMING iteration=8 barrier_iteration=3 stage=3 derivative_s=0.016233900 first_order_s=0.005296700 second_order_s=0.010636800 algebra_s=0.135763000 kkt_assembly_s=0.003042600 factor_s=0.048012400 solve_s=0.110681300 update_s=0.008666000 K_nnz=393075 rhs_cols=1 Vxx_nnz=1040400
FILTERDDP_TIMING iteration=8 barrier_iteration=3 stage=2 derivative_s=0.169590900 first_order_s=0.005316800 second_order_s=0.163923800 algebra_s=0.085385400 kkt_assembly_s=0.002934300 factor_s=0.035257200 solve_s=0.109912800 update_s=0.009344300 K_nnz=393075 rhs_cols=1 Vxx_nnz=1040400
FILTERDDP_TIMING iteration=8 barrier_iteration=3 stage=1 derivative_s=0.021806900 first_order_s=0.007366700 second_order_s=0.014131100 algebra_s=0.078422000 kkt_assembly_s=0.003205100 factor_s=0.048068600 solve_s=0.151086000 update_s=0.008820000 K_nnz=393075 rhs_cols=1 Vxx_nnz=1040400
FILTERDDP_FEASIBILITY iteration=8 barrier_iteration=3 equality_count=1015272 equality_rms=1.390855671102e-04 equality_max=5.459781720717e-03 equality_worst_stage=24 equality_worst_index=34183 dynamics_count=23460 dynamics_rms=0.000000000000e+00 dynamics_max=0.000000000000e+00 dynamics_worst_stage=0 dynamics_worst_index=0 bound_count=643584 bound_rms=0.000000000000e+00 bound_max=0.000000000000e+00 bound_worst_stage=0 bound_worst_index=0 bound_worst_kind=none
     8   2.69321338e+06   5.4598e-03   3.3353e-01   4.1457e-02   -2.10      -     1.0000e+00   0
FILTERDDP_ITER_TIMING iteration=8 barrier_iteration=3 backward_s=7.647290900 forward_s=0.602930000 total_s=8.250220900 outcome=accepted step_size=1.000000000e+00 backtracks=0 mu=8.000000000e-03
FILTERDDP_TIMING iteration=9 barrier_iteration=3 stage=24 derivative_s=0.054586000 first_order_s=0.034261900 second_order_s=0.020033800 algebra_s=0.077308800 kkt_assembly_s=0.003086300 factor_s=0.043889600 solve_s=0.110794700 update_s=0.035777000 K_nnz=393075 rhs_cols=1 Vxx_nnz=1040400
FILTERDDP_TIMING iteration=9 barrier_iteration=3 stage=23 derivative_s=0.019561800 first_order_s=0.007470500 second_order_s=0.011610300 algebra_s=0.072920600 kkt_assembly_s=0.003085800 factor_s=0.036631600 solve_s=0.166367300 update_s=0.008426300 K_nnz=393075 rhs_cols=1 Vxx_nnz=1040400
FILTERDDP_TIMING iteration=9 barrier_iteration=3 stage=22 derivative_s=0.015218000 first_order_s=0.005103300 second_order_s=0.009820900 algebra_s=0.073036500 kkt_assembly_s=0.002888700 factor_s=0.042130500 solve_s=0.280933200 update_s=0.009697100 K_nnz=393075 rhs_cols=1 Vxx_nnz=1040400
FILTERDDP_TIMING iteration=9 barrier_iteration=3 stage=21 derivative_s=0.015088500 first_order_s=0.004976200 second_order_s=0.009799100 algebra_s=0.074503400 kkt_assembly_s=0.003023300 factor_s=0.035368400 solve_s=0.114502600 update_s=0.009688300 K_nnz=393075 rhs_cols=1 Vxx_nnz=1040400
FILTERDDP_TIMING iteration=9 barrier_iteration=3 stage=20 derivative_s=0.016056100 first_order_s=0.005090200 second_order_s=0.010661200 algebra_s=0.122925600 kkt_assembly_s=0.003386800 factor_s=0.035777800 solve_s=0.105229900 update_s=0.010363600 K_nnz=393075 rhs_cols=1 Vxx_nnz=1040400
FILTERDDP_TIMING iteration=9 barrier_iteration=3 stage=19 derivative_s=0.015632900 first_order_s=0.005309400 second_order_s=0.009810200 algebra_s=0.110798400 kkt_assembly_s=0.002819900 factor_s=0.034828500 solve_s=0.109365500 update_s=0.009218400 K_nnz=393075 rhs_cols=1 Vxx_nnz=1040400
FILTERDDP_TIMING iteration=9 barrier_iteration=3 stage=18 derivative_s=0.015299600 first_order_s=0.005197300 second_order_s=0.009813100 algebra_s=0.114061700 kkt_assembly_s=0.003037300 factor_s=0.037720700 solve_s=0.107813100 update_s=0.008793300 K_nnz=393075 rhs_cols=1 Vxx_nnz=1040400
FILTERDDP_TIMING iteration=9 barrier_iteration=3 stage=17 derivative_s=0.075230800 first_order_s=0.005258300 second_order_s=0.069690800 algebra_s=0.081713700 kkt_assembly_s=0.003183100 factor_s=0.042184500 solve_s=0.254138900 update_s=0.009601800 K_nnz=393075 rhs_cols=1 Vxx_nnz=1040400
FILTERDDP_TIMING iteration=9 barrier_iteration=3 stage=16 derivative_s=0.014257900 first_order_s=0.004897400 second_order_s=0.009059600 algebra_s=0.089043600 kkt_assembly_s=0.003407700 factor_s=0.036919600 solve_s=0.119579400 update_s=0.008653700 K_nnz=393075 rhs_cols=1 Vxx_nnz=1040400
FILTERDDP_TIMING iteration=9 barrier_iteration=3 stage=15 derivative_s=0.014599400 first_order_s=0.005051900 second_order_s=0.009246800 algebra_s=0.083728400 kkt_assembly_s=0.040824200 factor_s=0.036656700 solve_s=0.107733300 update_s=0.009507500 K_nnz=393075 rhs_cols=1 Vxx_nnz=1040400
FILTERDDP_TIMING iteration=9 barrier_iteration=3 stage=14 derivative_s=0.015462600 first_order_s=0.005455700 second_order_s=0.009710900 algebra_s=0.087445500 kkt_assembly_s=0.002926100 factor_s=0.034509500 solve_s=0.147498800 update_s=0.008916400 K_nnz=393075 rhs_cols=1 Vxx_nnz=1040400
FILTERDDP_TIMING iteration=9 barrier_iteration=3 stage=13 derivative_s=0.015360300 first_order_s=0.005274300 second_order_s=0.009790500 algebra_s=0.077926700 kkt_assembly_s=0.003315100 factor_s=0.076306600 solve_s=0.108462700 update_s=0.013092100 K_nnz=393075 rhs_cols=1 Vxx_nnz=1040400
FILTERDDP_TIMING iteration=9 barrier_iteration=3 stage=12 derivative_s=0.015857600 first_order_s=0.005359000 second_order_s=0.010186900 algebra_s=0.131650400 kkt_assembly_s=0.003264500 factor_s=0.042839500 solve_s=0.107486100 update_s=0.008923100 K_nnz=393075 rhs_cols=1 Vxx_nnz=1040400
FILTERDDP_TIMING iteration=9 barrier_iteration=3 stage=11 derivative_s=0.184997800 first_order_s=0.005139700 second_order_s=0.179545600 algebra_s=0.075379300 kkt_assembly_s=0.002993400 factor_s=0.034152100 solve_s=0.108322300 update_s=0.009239100 K_nnz=393075 rhs_cols=1 Vxx_nnz=1040400
FILTERDDP_TIMING iteration=9 barrier_iteration=3 stage=10 derivative_s=0.015700500 first_order_s=0.005685900 second_order_s=0.009727200 algebra_s=0.075065400 kkt_assembly_s=0.002947900 factor_s=0.035050900 solve_s=0.155593900 update_s=0.010404500 K_nnz=393075 rhs_cols=1 Vxx_nnz=1040400
FILTERDDP_TIMING iteration=9 barrier_iteration=3 stage=9 derivative_s=0.014480000 first_order_s=0.005093100 second_order_s=0.008982300 algebra_s=0.080029900 kkt_assembly_s=0.002953100 factor_s=0.039091200 solve_s=0.145202100 update_s=0.009046400 K_nnz=393075 rhs_cols=1 Vxx_nnz=1040400
FILTERDDP_TIMING iteration=9 barrier_iteration=3 stage=8 derivative_s=0.016243100 first_order_s=0.005889800 second_order_s=0.010035800 algebra_s=0.074313300 kkt_assembly_s=0.003049400 factor_s=0.037102800 solve_s=0.168840200 update_s=0.009488100 K_nnz=393075 rhs_cols=1 Vxx_nnz=1040400
FILTERDDP_TIMING iteration=9 barrier_iteration=3 stage=7 derivative_s=0.018336200 first_order_s=0.004983800 second_order_s=0.013005200 algebra_s=0.075568900 kkt_assembly_s=0.002960800 factor_s=0.041122800 solve_s=0.263852900 update_s=0.013543500 K_nnz=393075 rhs_cols=1 Vxx_nnz=1040400
FILTERDDP_TIMING iteration=9 barrier_iteration=3 stage=6 derivative_s=0.018851300 first_order_s=0.005742800 second_order_s=0.012803700 algebra_s=0.074989300 kkt_assembly_s=0.003044500 factor_s=0.036826800 solve_s=0.111780000 update_s=0.009097700 K_nnz=393075 rhs_cols=1 Vxx_nnz=1040400
FILTERDDP_TIMING iteration=9 barrier_iteration=3 stage=5 derivative_s=0.019226500 first_order_s=0.005587700 second_order_s=0.013318300 algebra_s=0.120605000 kkt_assembly_s=0.003049900 factor_s=0.037826600 solve_s=0.105981100 update_s=0.009361900 K_nnz=393075 rhs_cols=1 Vxx_nnz=1040400
FILTERDDP_TIMING iteration=9 barrier_iteration=3 stage=4 derivative_s=0.017060800 first_order_s=0.004999300 second_order_s=0.011704900 algebra_s=0.074900500 kkt_assembly_s=0.003048000 factor_s=0.074089000 solve_s=0.109686800 update_s=0.008800300 K_nnz=393075 rhs_cols=1 Vxx_nnz=1040400
FILTERDDP_TIMING iteration=9 barrier_iteration=3 stage=3 derivative_s=0.015403100 first_order_s=0.005040900 second_order_s=0.010065000 algebra_s=0.136149000 kkt_assembly_s=0.003133500 factor_s=0.041584200 solve_s=0.113551500 update_s=0.007271100 K_nnz=393075 rhs_cols=1 Vxx_nnz=1040400
FILTERDDP_TIMING iteration=9 barrier_iteration=3 stage=2 derivative_s=0.015792700 first_order_s=0.005746600 second_order_s=0.009657600 algebra_s=0.235057600 kkt_assembly_s=0.003039400 factor_s=0.037162700 solve_s=0.117912000 update_s=0.008784000 K_nnz=393075 rhs_cols=1 Vxx_nnz=1040400
FILTERDDP_TIMING iteration=9 barrier_iteration=3 stage=1 derivative_s=0.014995000 first_order_s=0.005015100 second_order_s=0.009690900 algebra_s=0.075653200 kkt_assembly_s=0.002927500 factor_s=0.033592300 solve_s=0.163295800 update_s=0.009278600 K_nnz=393075 rhs_cols=1 Vxx_nnz=1040400
FILTERDDP_FEASIBILITY iteration=9 barrier_iteration=3 equality_count=1015272 equality_rms=2.025871513629e-03 equality_max=3.286996535303e-02 equality_worst_stage=24 equality_worst_index=31093 dynamics_count=23460 dynamics_rms=0.000000000000e+00 dynamics_max=0.000000000000e+00 dynamics_worst_stage=0 dynamics_worst_index=0 bound_count=643584 bound_rms=0.000000000000e+00 bound_max=0.000000000000e+00 bound_worst_stage=0 bound_worst_index=0 bound_worst_kind=none
     9   2.68486465e+06   3.2870e-02   1.6473e+00   1.4749e-02   -2.10      -     1.0000e+00   0
FILTERDDP_ITER_TIMING iteration=9 barrier_iteration=3 backward_s=7.725401700 forward_s=0.650801600 total_s=8.376203300 outcome=accepted step_size=1.000000000e+00 backtracks=0 mu=8.000000000e-03
FILTERDDP_TIMING iteration=10 barrier_iteration=3 stage=24 derivative_s=0.031905700 first_order_s=0.008327600 second_order_s=0.023187100 algebra_s=0.104507000 kkt_assembly_s=0.003167300 factor_s=0.039151700 solve_s=0.109677600 update_s=0.008783900 K_nnz=393075 rhs_cols=1 Vxx_nnz=1040400
FILTERDDP_TIMING iteration=10 barrier_iteration=3 stage=23 derivative_s=0.015002600 first_order_s=0.004826200 second_order_s=0.009879200 algebra_s=0.142897800 kkt_assembly_s=0.002967600 factor_s=0.036428700 solve_s=0.109419500 update_s=0.162608700 K_nnz=393075 rhs_cols=1 Vxx_nnz=1040400
FILTERDDP_TIMING iteration=10 barrier_iteration=3 stage=22 derivative_s=0.014180300 first_order_s=0.005152100 second_order_s=0.008732400 algebra_s=0.077190600 kkt_assembly_s=0.002959600 factor_s=0.035935500 solve_s=0.110609000 update_s=0.008953000 K_nnz=393075 rhs_cols=1 Vxx_nnz=1040400
FILTERDDP_TIMING iteration=10 barrier_iteration=3 stage=21 derivative_s=0.019110700 first_order_s=0.004988300 second_order_s=0.013806800 algebra_s=0.111722400 kkt_assembly_s=0.003177500 factor_s=0.034576400 solve_s=0.108622600 update_s=0.008272300 K_nnz=393075 rhs_cols=1 Vxx_nnz=1040400
FILTERDDP_TIMING iteration=10 barrier_iteration=3 stage=20 derivative_s=0.015364300 first_order_s=0.005277600 second_order_s=0.009802500 algebra_s=0.074865100 kkt_assembly_s=0.003075300 factor_s=0.075648500 solve_s=0.107296500 update_s=0.009306800 K_nnz=393075 rhs_cols=1 Vxx_nnz=1040400
FILTERDDP_TIMING iteration=10 barrier_iteration=3 stage=19 derivative_s=0.021611900 first_order_s=0.006929000 second_order_s=0.014399500 algebra_s=0.078633300 kkt_assembly_s=0.027374800 factor_s=0.042293400 solve_s=0.107430900 update_s=0.010097200 K_nnz=393075 rhs_cols=1 Vxx_nnz=1040400
FILTERDDP_TIMING iteration=10 barrier_iteration=3 stage=18 derivative_s=0.015091900 first_order_s=0.004909300 second_order_s=0.009898200 algebra_s=0.132867500 kkt_assembly_s=0.002950600 factor_s=0.043617900 solve_s=0.108458600 update_s=0.009274000 K_nnz=393075 rhs_cols=1 Vxx_nnz=1040400
FILTERDDP_TIMING iteration=10 barrier_iteration=3 stage=17 derivative_s=0.181594200 first_order_s=0.005131300 second_order_s=0.176153100 algebra_s=0.075032200 kkt_assembly_s=0.002886600 factor_s=0.035678600 solve_s=0.112157100 update_s=0.008143600 K_nnz=393075 rhs_cols=1 Vxx_nnz=1040400
FILTERDDP_TIMING iteration=10 barrier_iteration=3 stage=16 derivative_s=0.015570000 first_order_s=0.005569600 second_order_s=0.009715000 algebra_s=0.075314100 kkt_assembly_s=0.002999000 factor_s=0.037175200 solve_s=0.149774200 update_s=0.009548500 K_nnz=393075 rhs_cols=1 Vxx_nnz=1040400
FILTERDDP_TIMING iteration=10 barrier_iteration=3 stage=15 derivative_s=0.016050200 first_order_s=0.005550300 second_order_s=0.010137100 algebra_s=0.079702300 kkt_assembly_s=0.002907900 factor_s=0.039935800 solve_s=0.147725100 update_s=0.009695100 K_nnz=393075 rhs_cols=1 Vxx_nnz=1040400
FILTERDDP_TIMING iteration=10 barrier_iteration=3 stage=14 derivative_s=0.015689900 first_order_s=0.005500100 second_order_s=0.009902600 algebra_s=0.074861700 kkt_assembly_s=0.002837200 factor_s=0.038151700 solve_s=0.146951900 update_s=0.007340800 K_nnz=393075 rhs_cols=1 Vxx_nnz=1040400
FILTERDDP_TIMING iteration=10 barrier_iteration=3 stage=13 derivative_s=0.024210100 first_order_s=0.008664100 second_order_s=0.015238800 algebra_s=0.076638300 kkt_assembly_s=0.002846500 factor_s=0.041595800 solve_s=0.173537700 update_s=0.009856400 K_nnz=393075 rhs_cols=1 Vxx_nnz=1040400
FILTERDDP_TIMING iteration=10 barrier_iteration=3 stage=12 derivative_s=0.015537100 first_order_s=0.005445100 second_order_s=0.009779300 algebra_s=0.249151700 kkt_assembly_s=0.002897500 factor_s=0.037176900 solve_s=0.148804900 update_s=0.009187100 K_nnz=393075 rhs_cols=1 Vxx_nnz=1040400
FILTERDDP_TIMING iteration=10 barrier_iteration=3 stage=11 derivative_s=0.014189100 first_order_s=0.006066500 second_order_s=0.007637200 algebra_s=0.084851400 kkt_assembly_s=0.003401700 factor_s=0.037293000 solve_s=0.108437800 update_s=0.007758800 K_nnz=393075 rhs_cols=1 Vxx_nnz=1040400
FILTERDDP_TIMING iteration=10 barrier_iteration=3 stage=10 derivative_s=0.050211300 first_order_s=0.005114300 second_order_s=0.044797100 algebra_s=0.076331600 kkt_assembly_s=0.003217400 factor_s=0.044172500 solve_s=0.115233000 update_s=0.009662200 K_nnz=393075 rhs_cols=1 Vxx_nnz=1040400
FILTERDDP_TIMING iteration=10 barrier_iteration=3 stage=9 derivative_s=0.015343300 first_order_s=0.005169200 second_order_s=0.009877300 algebra_s=0.110408100 kkt_assembly_s=0.003112300 factor_s=0.037518900 solve_s=0.114973000 update_s=0.010778200 K_nnz=393075 rhs_cols=1 Vxx_nnz=1040400
FILTERDDP_TIMING iteration=10 barrier_iteration=3 stage=8 derivative_s=0.049265500 first_order_s=0.005288600 second_order_s=0.043684000 algebra_s=0.075894700 kkt_assembly_s=0.003055300 factor_s=0.042634500 solve_s=0.114631600 update_s=0.074913800 K_nnz=393075 rhs_cols=1 Vxx_nnz=1040400
FILTERDDP_TIMING iteration=10 barrier_iteration=3 stage=7 derivative_s=0.015562100 first_order_s=0.004983000 second_order_s=0.010294800 algebra_s=0.074759400 kkt_assembly_s=0.002895600 factor_s=0.043089300 solve_s=0.278341700 update_s=0.009237800 K_nnz=393075 rhs_cols=1 Vxx_nnz=1040400
FILTERDDP_TIMING iteration=10 barrier_iteration=3 stage=6 derivative_s=0.015012100 first_order_s=0.004933300 second_order_s=0.009772500 algebra_s=0.079997700 kkt_assembly_s=0.003074900 factor_s=0.037327900 solve_s=0.123837100 update_s=0.009452100 K_nnz=393075 rhs_cols=1 Vxx_nnz=1040400
FILTERDDP_TIMING iteration=10 barrier_iteration=3 stage=5 derivative_s=0.015409800 first_order_s=0.005017200 second_order_s=0.010086200 algebra_s=0.120882700 kkt_assembly_s=0.003302300 factor_s=0.037210500 solve_s=0.112727500 update_s=0.010677900 K_nnz=393075 rhs_cols=1 Vxx_nnz=1040400
FILTERDDP_TIMING iteration=10 barrier_iteration=3 stage=4 derivative_s=0.017245800 first_order_s=0.006001200 second_order_s=0.010946400 algebra_s=0.076292200 kkt_assembly_s=0.003159200 factor_s=0.077521200 solve_s=0.111629800 update_s=0.012945700 K_nnz=393075 rhs_cols=1 Vxx_nnz=1040400
FILTERDDP_TIMING iteration=10 barrier_iteration=3 stage=3 derivative_s=0.020435600 first_order_s=0.007903600 second_order_s=0.012057200 algebra_s=0.120266000 kkt_assembly_s=0.066014800 factor_s=0.040200800 solve_s=0.113375800 update_s=0.008267700 K_nnz=393075 rhs_cols=1 Vxx_nnz=1040400
FILTERDDP_TIMING iteration=10 barrier_iteration=3 stage=2 derivative_s=0.016780800 first_order_s=0.005119900 second_order_s=0.011152600 algebra_s=0.239149500 kkt_assembly_s=0.002873200 factor_s=0.034961800 solve_s=0.108610700 update_s=0.009473800 K_nnz=393075 rhs_cols=1 Vxx_nnz=1040400
FILTERDDP_TIMING iteration=10 barrier_iteration=3 stage=1 derivative_s=0.016860100 first_order_s=0.005202200 second_order_s=0.011361200 algebra_s=0.075348600 kkt_assembly_s=0.003003800 factor_s=0.034631900 solve_s=0.149973500 update_s=0.014766700 K_nnz=393075 rhs_cols=1 Vxx_nnz=1040400
FILTERDDP_FEASIBILITY iteration=10 barrier_iteration=3 equality_count=1015272 equality_rms=2.609476410299e-04 equality_max=7.304143931606e-03 equality_worst_stage=12 equality_worst_index=31093 dynamics_count=23460 dynamics_rms=0.000000000000e+00 dynamics_max=0.000000000000e+00 dynamics_worst_stage=0 dynamics_worst_index=0 bound_count=643584 bound_rms=0.000000000000e+00 bound_max=0.000000000000e+00 bound_worst_stage=0 bound_worst_index=0 bound_worst_kind=none
  iter     objective        pr_inf       du_inf       cs_inf     lg(μ)   lg(reg)    alpha     ls
    10   2.68483127e+06   7.3041e-03   8.7248e-01   8.7640e-03   -2.10      -     1.0000e+00   0
FILTERDDP_ITER_TIMING iteration=10 barrier_iteration=3 backward_s=7.863862800 forward_s=0.698725300 total_s=8.562588100 outcome=accepted step_size=1.000000000e+00 backtracks=0 mu=8.000000000e-03
FILTERDDP_TIMING iteration=11 barrier_iteration=3 stage=24 derivative_s=0.033152600 first_order_s=0.008435900 second_order_s=0.024377300 algebra_s=0.106556400 kkt_assembly_s=0.003485000 factor_s=0.036143100 solve_s=0.108797200 update_s=0.009056100 K_nnz=393075 rhs_cols=1 Vxx_nnz=1040400
FILTERDDP_TIMING iteration=11 barrier_iteration=3 stage=23 derivative_s=0.015096100 first_order_s=0.004983700 second_order_s=0.009815600 algebra_s=0.137677200 kkt_assembly_s=0.002951100 factor_s=0.038457000 solve_s=0.124109900 update_s=0.009170100 K_nnz=393075 rhs_cols=1 Vxx_nnz=1040400
FILTERDDP_TIMING iteration=11 barrier_iteration=3 stage=22 derivative_s=0.173312200 first_order_s=0.004980200 second_order_s=0.168016800 algebra_s=0.074090200 kkt_assembly_s=0.002923500 factor_s=0.036261700 solve_s=0.109847600 update_s=0.009238200 K_nnz=393075 rhs_cols=1 Vxx_nnz=1040400
FILTERDDP_TIMING iteration=11 barrier_iteration=3 stage=21 derivative_s=0.016312900 first_order_s=0.006279900 second_order_s=0.009738100 algebra_s=0.075664100 kkt_assembly_s=0.003005600 factor_s=0.072857900 solve_s=0.106879000 update_s=0.009416100 K_nnz=393075 rhs_cols=1 Vxx_nnz=1040400
FILTERDDP_TIMING iteration=11 barrier_iteration=3 stage=20 derivative_s=0.016554700 first_order_s=0.004920800 second_order_s=0.011340400 algebra_s=0.077557100 kkt_assembly_s=0.002861300 factor_s=0.035066900 solve_s=0.140297000 update_s=0.009957100 K_nnz=393075 rhs_cols=1 Vxx_nnz=1040400
FILTERDDP_TIMING iteration=11 barrier_iteration=3 stage=19 derivative_s=0.015308900 first_order_s=0.005777900 second_order_s=0.009233300 algebra_s=0.087295200 kkt_assembly_s=0.002883500 factor_s=0.077732900 solve_s=0.107983400 update_s=0.010011800 K_nnz=393075 rhs_cols=1 Vxx_nnz=1040400
FILTERDDP_TIMING iteration=11 barrier_iteration=3 stage=18 derivative_s=0.015290000 first_order_s=0.005174500 second_order_s=0.009825600 algebra_s=0.132904000 kkt_assembly_s=0.003031300 factor_s=0.041291200 solve_s=0.110071200 update_s=0.164254400 K_nnz=393075 rhs_cols=1 Vxx_nnz=1040400
FILTERDDP_TIMING iteration=11 barrier_iteration=3 stage=17 derivative_s=0.015752500 first_order_s=0.005501600 second_order_s=0.009953400 algebra_s=0.074966800 kkt_assembly_s=0.003016000 factor_s=0.036820300 solve_s=0.117178700 update_s=0.008324700 K_nnz=393075 rhs_cols=1 Vxx_nnz=1040400
FILTERDDP_TIMING iteration=11 barrier_iteration=3 stage=16 derivative_s=0.015224900 first_order_s=0.005033300 second_order_s=0.009794600 algebra_s=0.077670800 kkt_assembly_s=0.002867600 factor_s=0.071617900 solve_s=0.115832700 update_s=0.009155700 K_nnz=393075 rhs_cols=1 Vxx_nnz=1040400
FILTERDDP_TIMING iteration=11 barrier_iteration=3 stage=15 derivative_s=0.019201500 first_order_s=0.007410800 second_order_s=0.011331400 algebra_s=0.083592700 kkt_assembly_s=0.003004600 factor_s=0.034996500 solve_s=0.136711000 update_s=0.009392500 K_nnz=393075 rhs_cols=1 Vxx_nnz=1040400
FILTERDDP_TIMING iteration=11 barrier_iteration=3 stage=14 derivative_s=0.015627000 first_order_s=0.005299900 second_order_s=0.010042500 algebra_s=0.074629800 kkt_assembly_s=0.003127100 factor_s=0.066420000 solve_s=0.110729300 update_s=0.010358400 K_nnz=393075 rhs_cols=1 Vxx_nnz=1040400
FILTERDDP_TIMING iteration=11 barrier_iteration=3 stage=13 derivative_s=0.014955200 first_order_s=0.005109400 second_order_s=0.009563400 algebra_s=0.109427800 kkt_assembly_s=0.002830100 factor_s=0.040034300 solve_s=0.107123200 update_s=0.070574500 K_nnz=393075 rhs_cols=1 Vxx_nnz=1040400
FILTERDDP_TIMING iteration=11 barrier_iteration=3 stage=12 derivative_s=0.015563900 first_order_s=0.005303800 second_order_s=0.009897700 algebra_s=0.075307000 kkt_assembly_s=0.003706000 factor_s=0.050950100 solve_s=0.271714900 update_s=0.009656700 K_nnz=393075 rhs_cols=1 Vxx_nnz=1040400
FILTERDDP_TIMING iteration=11 barrier_iteration=3 stage=11 derivative_s=0.016674300 first_order_s=0.006140100 second_order_s=0.010245200 algebra_s=0.074972800 kkt_assembly_s=0.003119900 factor_s=0.034564100 solve_s=0.114244700 update_s=0.010894100 K_nnz=393075 rhs_cols=1 Vxx_nnz=1040400
FILTERDDP_TIMING iteration=11 barrier_iteration=3 stage=10 derivative_s=0.015428300 first_order_s=0.005370600 second_order_s=0.009753000 algebra_s=0.120067500 kkt_assembly_s=0.003005200 factor_s=0.041739400 solve_s=0.119549800 update_s=0.009401400 K_nnz=393075 rhs_cols=1 Vxx_nnz=1040400
FILTERDDP_TIMING iteration=11 barrier_iteration=3 stage=9 derivative_s=0.014872500 first_order_s=0.005001000 second_order_s=0.009588100 algebra_s=0.079316000 kkt_assembly_s=0.039018500 factor_s=0.036539200 solve_s=0.114668400 update_s=0.012068300 K_nnz=393075 rhs_cols=1 Vxx_nnz=1040400
FILTERDDP_TIMING iteration=11 barrier_iteration=3 stage=8 derivative_s=0.021287200 first_order_s=0.007516000 second_order_s=0.013324000 algebra_s=0.140844300 kkt_assembly_s=0.003041500 factor_s=0.037982300 solve_s=0.107988700 update_s=0.008351100 K_nnz=393075 rhs_cols=1 Vxx_nnz=1040400
FILTERDDP_TIMING iteration=11 barrier_iteration=3 stage=7 derivative_s=0.015272000 first_order_s=0.005020600 second_order_s=0.009943600 algebra_s=0.239737600 kkt_assembly_s=0.003128000 factor_s=0.035354600 solve_s=0.108084600 update_s=0.009209500 K_nnz=393075 rhs_cols=1 Vxx_nnz=1040400
FILTERDDP_TIMING iteration=11 barrier_iteration=3 stage=6 derivative_s=0.015031800 first_order_s=0.004905700 second_order_s=0.009771800 algebra_s=0.075855400 kkt_assembly_s=0.003182800 factor_s=0.035190700 solve_s=0.150472900 update_s=0.006858900 K_nnz=393075 rhs_cols=1 Vxx_nnz=1040400
FILTERDDP_TIMING iteration=11 barrier_iteration=3 stage=5 derivative_s=0.015296100 first_order_s=0.005253000 second_order_s=0.009706900 algebra_s=0.078517900 kkt_assembly_s=0.003198600 factor_s=0.035145200 solve_s=0.111995100 update_s=0.009223700 K_nnz=393075 rhs_cols=1 Vxx_nnz=1040400
FILTERDDP_TIMING iteration=11 barrier_iteration=3 stage=4 derivative_s=0.056549200 first_order_s=0.005192000 second_order_s=0.051054500 algebra_s=0.075964500 kkt_assembly_s=0.003006400 factor_s=0.039100900 solve_s=0.127249800 update_s=0.074607200 K_nnz=393075 rhs_cols=1 Vxx_nnz=1040400
FILTERDDP_TIMING iteration=11 barrier_iteration=3 stage=3 derivative_s=0.015115400 first_order_s=0.005132900 second_order_s=0.009599100 algebra_s=0.076700200 kkt_assembly_s=0.003660900 factor_s=0.045789600 solve_s=0.258083000 update_s=0.009159200 K_nnz=393075 rhs_cols=1 Vxx_nnz=1040400
FILTERDDP_TIMING iteration=11 barrier_iteration=3 stage=2 derivative_s=0.015389300 first_order_s=0.005035700 second_order_s=0.010047500 algebra_s=0.075122300 kkt_assembly_s=0.003137900 factor_s=0.036127400 solve_s=0.116755300 update_s=0.008828300 K_nnz=393075 rhs_cols=1 Vxx_nnz=1040400
FILTERDDP_TIMING iteration=11 barrier_iteration=3 stage=1 derivative_s=0.018599500 first_order_s=0.006650500 second_order_s=0.011614500 algebra_s=0.076737600 kkt_assembly_s=0.003101800 factor_s=0.080981900 solve_s=0.103869100 update_s=0.010440800 K_nnz=393075 rhs_cols=1 Vxx_nnz=1040400
FILTERDDP_FEASIBILITY iteration=11 barrier_iteration=3 equality_count=1015272 equality_rms=3.064818617563e-07 equality_max=9.053134817805e-06 equality_worst_stage=23 equality_worst_index=31151 dynamics_count=23460 dynamics_rms=0.000000000000e+00 dynamics_max=0.000000000000e+00 dynamics_worst_stage=0 dynamics_worst_index=0 bound_count=643584 bound_rms=0.000000000000e+00 bound_max=0.000000000000e+00 bound_worst_stage=0 bound_worst_index=0 bound_worst_kind=none
FILTERDDP_ITER_TIMING iteration=11 barrier_iteration=3 backward_s=7.743174400 forward_s=0.000000000 total_s=7.743174400 outcome=near_optimal step_size=1.000000000e+00 backtracks=0 mu=8.000000000e-03
    11   2.68482492e+06   9.0531e-06   4.8286e-01   8.0480e-03   -2.10      -     1.0000e+00   0
FILTERDDP_NEAR_OPT iteration=11 elapsed_s=128.861 objective=2684824.917345372960 reference=2682721.963428683113 rel_gap=7.839e-04 primal_inf=9.053e-06 dual_inf=4.829e-01 mu=8.000e-03
    11   2.68482492e+06   9.0531e-06   4.8286e-01   8.0480e-03   -2.10      -     1.0000e+00   0


EXIT: Near-optimal: feasible and within the gap of the centralized reference.

solve complete: 129.203 s, iterations=11, status=9
FILTERDDP_MEMORY_PEAK maxrss_mib=2788.7
final residuals: primal=9.053134817805e-06 dual=4.828564370326e-01 complementarity=8.048036154147e-03
saved_solution=C:\Users\Aryan Ritwajeet Jha\Documents\documents_general\MultiPeriodDistOPF\.claude\worktrees\new-session-a7b7a2\ddp\results\network_filterddp\filterddp_solution_large10kC_1ph_T24_periodic_CBsystem.jls
FilterDDP objective=2684824.917345371097 max_equality_residual=9.053e-06
BOUND_CHECK screen=substation,vupper,ell,psubs voltages below=0 above=0 worst_violation=0.000e+00 min_ell=3.333e-01 min_P_Subs=4.180e+02
Ipopt objective=2996960.014656126499 objective_gap=3.121e+05
max_abs_diff[P_Subs]=3.943e+02
max_abs_diff[Q_Subs]=1.561e+01
max_abs_diff[P]=4.464e+00
max_abs_diff[Q]=1.581e-01
max_abs_diff[v]=4.239e-02
max_abs_diff[ell]=1.277e+03
max_abs_diff[P_B]=2.976e-01
max_abs_diff[B]=5.329e-01
max_abs_diff[q_D]=6.526e-02
wrote ddp/results/kkt_ordering/fullrun_blocked/trace_large10kC_1ph_T24_diag_tableII_jt8_cbsys_typed_tree3_screen_warm_pv_blocked_w16_r1.csv (12 unique iterations)
