QUIET_WAIT waited_s=18 other_cores=0.87 timed_out=0
PIPELINE_ENV system=large10kC_1ph T=24 arm=diag variant=blocked_w16 repeat=1 cb=system blocked_solve=16 direct_diag=1 triplet=1 kkt_pattern_cache=1 factor_backed=1 typed_equations=1 structured_dynamics=1 tree_kkt=0 screen=none loadflow_start=0 affine_linesearch=0 warmup=0 blas_threads=10 julia_threads=8 near_opt_reference=2682721.966538412496 near_opt_primal=1e-4 started=2026-10-06T06:36:44
C_B OVERRIDE: 2.4e-05
large10kC_1ph T=24: nx=1020, nu=54665, nc=42303, dense nu^2=2988262225, reduced=12362
TERMINAL_SOC soft=1 gamma=4.200000e+02
build complete: 84.239 s, nc=42303
constructing dynamic Solver storage...
optimality_tolerance=1.000e-07 max_iterations=400
Solver construction complete: 0.466 s
entering solve! ...
   
 _____ _ _ _            ____  ____  ____  
|  ___(_) | |_ ___ _ __|  _ \|  _ \|  _ \ 
| |_  | | | __/ _ \ '__| | | | | | | |_) |
|  _| | | | ||  __/ |  | |_| | |_| |  __/ 
|_|   |_|_|\__\___|_|  |____/|____/|_|                 
    
FILTERDDP_TIMING iteration=0 barrier_iteration=0 stage=24 derivative_s=0.284652400 first_order_s=0.062369500 second_order_s=0.120766100 algebra_s=1.516822200 kkt_assembly_s=1.958594500 factor_s=0.464039400 solve_s=0.899169900 update_s=0.778434400 K_nnz=393075 rhs_cols=1021 Vxx_nnz=1040400
FILTERDDP_TIMING iteration=0 barrier_iteration=0 stage=23 derivative_s=0.043211700 first_order_s=0.025293200 second_order_s=0.017581600 algebra_s=0.112062900 kkt_assembly_s=0.225467400 factor_s=0.190411600 solve_s=0.322233500 update_s=0.068372800 K_nnz=393075 rhs_cols=1021 Vxx_nnz=1040400
FILTERDDP_TIMING iteration=0 barrier_iteration=0 stage=22 derivative_s=0.027878000 first_order_s=0.005415000 second_order_s=0.022109600 algebra_s=0.095865800 kkt_assembly_s=0.241013400 factor_s=0.227167700 solve_s=0.390954100 update_s=0.072257900 K_nnz=393075 rhs_cols=1021 Vxx_nnz=1040400
FILTERDDP_TIMING iteration=0 barrier_iteration=0 stage=21 derivative_s=0.016478200 first_order_s=0.004976500 second_order_s=0.011179400 algebra_s=0.102986000 kkt_assembly_s=0.244567300 factor_s=0.190769700 solve_s=0.304435000 update_s=0.072446100 K_nnz=393075 rhs_cols=1021 Vxx_nnz=1040400
FILTERDDP_TIMING iteration=0 barrier_iteration=0 stage=20 derivative_s=0.017052000 first_order_s=0.005453100 second_order_s=0.011251800 algebra_s=0.094540200 kkt_assembly_s=0.295158400 factor_s=0.258344200 solve_s=0.310653300 update_s=0.072187500 K_nnz=393075 rhs_cols=1021 Vxx_nnz=1040400
FILTERDDP_TIMING iteration=0 barrier_iteration=0 stage=19 derivative_s=0.015507800 first_order_s=0.005087900 second_order_s=0.010087900 algebra_s=0.097527900 kkt_assembly_s=0.234853400 factor_s=0.173832800 solve_s=0.307017500 update_s=0.072603700 K_nnz=393075 rhs_cols=1021 Vxx_nnz=1040400
FILTERDDP_TIMING iteration=0 barrier_iteration=0 stage=18 derivative_s=0.015219600 first_order_s=0.004979300 second_order_s=0.009861800 algebra_s=0.099021100 kkt_assembly_s=0.268854800 factor_s=0.270300900 solve_s=0.301116100 update_s=0.065183700 K_nnz=393075 rhs_cols=1021 Vxx_nnz=1040400
FILTERDDP_TIMING iteration=0 barrier_iteration=0 stage=17 derivative_s=0.011844400 first_order_s=0.004958400 second_order_s=0.006567500 algebra_s=0.099601300 kkt_assembly_s=0.228684600 factor_s=0.191704600 solve_s=0.317279600 update_s=0.064885400 K_nnz=393075 rhs_cols=1021 Vxx_nnz=1040400
FILTERDDP_TIMING iteration=0 barrier_iteration=0 stage=16 derivative_s=0.016526300 first_order_s=0.004868300 second_order_s=0.011316600 algebra_s=0.096429400 kkt_assembly_s=0.270122300 factor_s=0.254623900 solve_s=0.310760300 update_s=0.078757400 K_nnz=393075 rhs_cols=1021 Vxx_nnz=1040400
FILTERDDP_TIMING iteration=0 barrier_iteration=0 stage=15 derivative_s=0.030149500 first_order_s=0.005074400 second_order_s=0.024743100 algebra_s=0.088650700 kkt_assembly_s=0.235733100 factor_s=0.174149700 solve_s=0.315760200 update_s=0.067625000 K_nnz=393075 rhs_cols=1021 Vxx_nnz=1040400
FILTERDDP_TIMING iteration=0 barrier_iteration=0 stage=14 derivative_s=0.015431600 first_order_s=0.005047800 second_order_s=0.010038700 algebra_s=0.095818100 kkt_assembly_s=0.239044700 factor_s=0.173567800 solve_s=0.315848500 update_s=0.064257400 K_nnz=393075 rhs_cols=1021 Vxx_nnz=1040400
FILTERDDP_TIMING iteration=0 barrier_iteration=0 stage=13 derivative_s=0.015556400 first_order_s=0.005259600 second_order_s=0.009850200 algebra_s=0.141672700 kkt_assembly_s=0.332465000 factor_s=0.167294000 solve_s=0.314345300 update_s=0.070291200 K_nnz=393075 rhs_cols=1021 Vxx_nnz=1040400
FILTERDDP_TIMING iteration=0 barrier_iteration=0 stage=12 derivative_s=0.014942300 first_order_s=0.005012500 second_order_s=0.009594700 algebra_s=0.098750400 kkt_assembly_s=0.231792700 factor_s=0.173412000 solve_s=0.311172800 update_s=0.073522300 K_nnz=393075 rhs_cols=1021 Vxx_nnz=1040400
FILTERDDP_TIMING iteration=0 barrier_iteration=0 stage=11 derivative_s=0.016767500 first_order_s=0.004975200 second_order_s=0.011407400 algebra_s=0.092954300 kkt_assembly_s=0.239952600 factor_s=0.176948700 solve_s=0.303123000 update_s=0.078847700 K_nnz=393075 rhs_cols=1021 Vxx_nnz=1040400
FILTERDDP_TIMING iteration=0 barrier_iteration=0 stage=10 derivative_s=0.015356700 first_order_s=0.005193800 second_order_s=0.009842100 algebra_s=0.128525700 kkt_assembly_s=0.225365900 factor_s=0.266407100 solve_s=0.293897600 update_s=0.070432700 K_nnz=393075 rhs_cols=1021 Vxx_nnz=1040400
FILTERDDP_TIMING iteration=0 barrier_iteration=0 stage=9 derivative_s=0.016434500 first_order_s=0.004997200 second_order_s=0.011110700 algebra_s=0.088323200 kkt_assembly_s=0.237644000 factor_s=0.170708600 solve_s=0.297831600 update_s=0.073251700 K_nnz=393075 rhs_cols=1021 Vxx_nnz=1040400
FILTERDDP_TIMING iteration=0 barrier_iteration=0 stage=8 derivative_s=0.016791700 first_order_s=0.006033900 second_order_s=0.010423700 algebra_s=0.100282600 kkt_assembly_s=0.230454800 factor_s=0.178941400 solve_s=0.291118100 update_s=0.066710200 K_nnz=393075 rhs_cols=1021 Vxx_nnz=1040400
FILTERDDP_TIMING iteration=0 barrier_iteration=0 stage=7 derivative_s=0.014476200 first_order_s=0.005826000 second_order_s=0.008303200 algebra_s=0.129942000 kkt_assembly_s=0.232569300 factor_s=0.308186200 solve_s=0.314602100 update_s=0.069980200 K_nnz=393075 rhs_cols=1021 Vxx_nnz=1040400
FILTERDDP_TIMING iteration=0 barrier_iteration=0 stage=6 derivative_s=0.015316300 first_order_s=0.005276900 second_order_s=0.009685400 algebra_s=0.097642200 kkt_assembly_s=0.237962800 factor_s=0.211004500 solve_s=0.323386700 update_s=0.066457100 K_nnz=393075 rhs_cols=1021 Vxx_nnz=1040400
FILTERDDP_TIMING iteration=0 barrier_iteration=0 stage=5 derivative_s=0.017272300 first_order_s=0.005381300 second_order_s=0.011572500 algebra_s=0.107267900 kkt_assembly_s=0.231087100 factor_s=0.177837600 solve_s=0.296087600 update_s=0.070920300 K_nnz=393075 rhs_cols=1021 Vxx_nnz=1040400
FILTERDDP_TIMING iteration=0 barrier_iteration=0 stage=4 derivative_s=0.015031000 first_order_s=0.005071300 second_order_s=0.009642400 algebra_s=0.089347500 kkt_assembly_s=0.230671400 factor_s=0.174773000 solve_s=0.302852500 update_s=0.075279000 K_nnz=393075 rhs_cols=1021 Vxx_nnz=1040400
FILTERDDP_TIMING iteration=0 barrier_iteration=0 stage=3 derivative_s=0.015610900 first_order_s=0.005244800 second_order_s=0.010030300 algebra_s=0.137285500 kkt_assembly_s=0.229515200 factor_s=0.267672600 solve_s=0.294507300 update_s=0.059751000 K_nnz=393075 rhs_cols=1021 Vxx_nnz=1040400
FILTERDDP_TIMING iteration=0 barrier_iteration=0 stage=2 derivative_s=0.021966600 first_order_s=0.005147800 second_order_s=0.016479100 algebra_s=0.087278100 kkt_assembly_s=0.225116200 factor_s=0.185215500 solve_s=0.320033600 update_s=0.065657200 K_nnz=393075 rhs_cols=1021 Vxx_nnz=1040400
FILTERDDP_TIMING iteration=0 barrier_iteration=0 stage=1 derivative_s=0.015446000 first_order_s=0.005293900 second_order_s=0.009743200 algebra_s=0.104834000 kkt_assembly_s=0.232313300 factor_s=0.221648400 solve_s=0.319884700 update_s=0.071230600 K_nnz=393075 rhs_cols=1021 Vxx_nnz=1040400
FILTERDDP_FEASIBILITY iteration=0 barrier_iteration=0 equality_count=1015272 equality_rms=4.746882350682e-02 equality_max=1.000000000000e+00 equality_worst_stage=24 equality_worst_index=1 dynamics_count=23460 dynamics_rms=0.000000000000e+00 dynamics_max=0.000000000000e+00 dynamics_worst_stage=0 dynamics_worst_index=0 bound_count=1137768 bound_rms=0.000000000000e+00 bound_max=0.000000000000e+00 bound_worst_stage=0 bound_worst_index=0 bound_worst_kind=none
  iter     objective        pr_inf       du_inf       cs_inf     lg(μ)   lg(reg)    alpha     ls
     0   3.36000000e+03   1.0000e+00   1.9900e+02   1.0000e+00    0.00      -     0.0000e+00   0
FILTERDDP_ITER_TIMING iteration=0 barrier_iteration=0 backward_s=38.055838600 forward_s=2.206144400 total_s=40.261983000 outcome=accepted step_size=9.765625000e-04 backtracks=0 mu=1.000000000e+00
FILTERDDP_TIMING iteration=1 barrier_iteration=0 stage=24 derivative_s=0.016005600 first_order_s=0.004805400 second_order_s=0.010815300 algebra_s=0.071126400 kkt_assembly_s=0.309729900 factor_s=0.171612700 solve_s=0.311362100 update_s=0.070216100 K_nnz=393075 rhs_cols=1021 Vxx_nnz=1040400
FILTERDDP_TIMING iteration=1 barrier_iteration=0 stage=23 derivative_s=0.015197600 first_order_s=0.005161400 second_order_s=0.009702000 algebra_s=0.038712800 kkt_assembly_s=0.147575000 factor_s=0.216779700 solve_s=0.440102100 update_s=0.065005100 K_nnz=393075 rhs_cols=1021 Vxx_nnz=1040400
FILTERDDP_TIMING iteration=1 barrier_iteration=0 stage=22 derivative_s=0.018198600 first_order_s=0.006218500 second_order_s=0.011659600 algebra_s=0.049835500 kkt_assembly_s=0.142488100 factor_s=0.171681700 solve_s=0.299937300 update_s=0.073871700 K_nnz=393075 rhs_cols=1021 Vxx_nnz=1040400
FILTERDDP_TIMING iteration=1 barrier_iteration=0 stage=21 derivative_s=0.012340200 first_order_s=0.004949400 second_order_s=0.007059100 algebra_s=0.037514500 kkt_assembly_s=0.149508500 factor_s=0.168050800 solve_s=0.314739400 update_s=0.069175500 K_nnz=393075 rhs_cols=1021 Vxx_nnz=1040400
FILTERDDP_TIMING iteration=1 barrier_iteration=0 stage=20 derivative_s=0.015307000 first_order_s=0.005066400 second_order_s=0.009922400 algebra_s=0.037738600 kkt_assembly_s=0.141530100 factor_s=0.179414000 solve_s=0.306318400 update_s=0.071331600 K_nnz=393075 rhs_cols=1021 Vxx_nnz=1040400
FILTERDDP_TIMING iteration=1 barrier_iteration=0 stage=19 derivative_s=0.012387000 first_order_s=0.005155300 second_order_s=0.006898600 algebra_s=0.053289500 kkt_assembly_s=0.140719400 factor_s=0.175452100 solve_s=0.299619500 update_s=0.087964900 K_nnz=393075 rhs_cols=1021 Vxx_nnz=1040400
FILTERDDP_TIMING iteration=1 barrier_iteration=0 stage=18 derivative_s=0.015846400 first_order_s=0.005192700 second_order_s=0.010310000 algebra_s=0.039104500 kkt_assembly_s=0.146144600 factor_s=0.176283700 solve_s=0.349514600 update_s=0.077861100 K_nnz=393075 rhs_cols=1021 Vxx_nnz=1040400
FILTERDDP_TIMING iteration=1 barrier_iteration=0 stage=17 derivative_s=0.018596900 first_order_s=0.005242000 second_order_s=0.013015800 algebra_s=0.191924600 kkt_assembly_s=0.145633400 factor_s=0.173026600 solve_s=0.307970000 update_s=0.093547800 K_nnz=393075 rhs_cols=1021 Vxx_nnz=1040400
FILTERDDP_TIMING iteration=1 barrier_iteration=0 stage=16 derivative_s=0.014668000 first_order_s=0.005180500 second_order_s=0.009072900 algebra_s=0.040629100 kkt_assembly_s=0.154785100 factor_s=0.194143100 solve_s=0.319007400 update_s=0.066328700 K_nnz=393075 rhs_cols=1021 Vxx_nnz=1040400
FILTERDDP_TIMING iteration=1 barrier_iteration=0 stage=15 derivative_s=0.015398000 first_order_s=0.005249800 second_order_s=0.009796200 algebra_s=0.045610100 kkt_assembly_s=0.147466700 factor_s=0.171994000 solve_s=0.312796100 update_s=0.069575800 K_nnz=393075 rhs_cols=1021 Vxx_nnz=1040400
FILTERDDP_TIMING iteration=1 barrier_iteration=0 stage=14 derivative_s=0.015338400 first_order_s=0.005253600 second_order_s=0.009753600 algebra_s=0.043935400 kkt_assembly_s=0.142122900 factor_s=0.173735800 solve_s=0.311567400 update_s=0.065188000 K_nnz=393075 rhs_cols=1021 Vxx_nnz=1040400
FILTERDDP_TIMING iteration=1 barrier_iteration=0 stage=13 derivative_s=0.037010200 first_order_s=0.007547500 second_order_s=0.028883600 algebra_s=0.054684000 kkt_assembly_s=0.146912300 factor_s=0.175805500 solve_s=0.307274300 update_s=0.067305200 K_nnz=393075 rhs_cols=1021 Vxx_nnz=1040400
FILTERDDP_TIMING iteration=1 barrier_iteration=0 stage=12 derivative_s=0.015642100 first_order_s=0.005322400 second_order_s=0.009974900 algebra_s=0.082119000 kkt_assembly_s=0.145895600 factor_s=0.173141200 solve_s=0.417697000 update_s=0.077297100 K_nnz=393075 rhs_cols=1021 Vxx_nnz=1040400
FILTERDDP_TIMING iteration=1 barrier_iteration=0 stage=11 derivative_s=0.015573700 first_order_s=0.005190800 second_order_s=0.010041300 algebra_s=0.049538900 kkt_assembly_s=0.147542600 factor_s=0.169351000 solve_s=0.312298000 update_s=0.065327800 K_nnz=393075 rhs_cols=1021 Vxx_nnz=1040400
FILTERDDP_TIMING iteration=1 barrier_iteration=0 stage=10 derivative_s=0.014945500 first_order_s=0.005101500 second_order_s=0.009510000 algebra_s=0.061749700 kkt_assembly_s=0.145331100 factor_s=0.172827600 solve_s=0.299044600 update_s=0.082547600 K_nnz=393075 rhs_cols=1021 Vxx_nnz=1040400
FILTERDDP_TIMING iteration=1 barrier_iteration=0 stage=9 derivative_s=0.015207500 first_order_s=0.005073900 second_order_s=0.009811900 algebra_s=0.035859100 kkt_assembly_s=0.140370300 factor_s=0.177671300 solve_s=0.312360000 update_s=0.068462900 K_nnz=393075 rhs_cols=1021 Vxx_nnz=1040400
FILTERDDP_TIMING iteration=1 barrier_iteration=0 stage=8 derivative_s=0.023667200 first_order_s=0.005201700 second_order_s=0.018134200 algebra_s=0.038178300 kkt_assembly_s=0.141247500 factor_s=0.176016400 solve_s=0.312443900 update_s=0.074421200 K_nnz=393075 rhs_cols=1021 Vxx_nnz=1040400
FILTERDDP_TIMING iteration=1 barrier_iteration=0 stage=7 derivative_s=0.015357000 first_order_s=0.005370200 second_order_s=0.009666600 algebra_s=0.042709800 kkt_assembly_s=0.141005800 factor_s=0.168738900 solve_s=0.312114400 update_s=0.064994500 K_nnz=393075 rhs_cols=1021 Vxx_nnz=1040400
FILTERDDP_TIMING iteration=1 barrier_iteration=0 stage=6 derivative_s=0.023597200 first_order_s=0.005367400 second_order_s=0.017861100 algebra_s=0.036480900 kkt_assembly_s=0.143586300 factor_s=0.210672800 solve_s=0.293743800 update_s=0.194862900 K_nnz=393075 rhs_cols=1021 Vxx_nnz=1040400
FILTERDDP_TIMING iteration=1 barrier_iteration=0 stage=5 derivative_s=0.015025600 first_order_s=0.004908800 second_order_s=0.009785000 algebra_s=0.036585000 kkt_assembly_s=0.144863400 factor_s=0.176718100 solve_s=0.312444600 update_s=0.075264200 K_nnz=393075 rhs_cols=1021 Vxx_nnz=1040400
FILTERDDP_TIMING iteration=1 barrier_iteration=0 stage=4 derivative_s=0.015159500 first_order_s=0.005122400 second_order_s=0.009704600 algebra_s=0.034826300 kkt_assembly_s=0.141160300 factor_s=0.176102500 solve_s=0.304902500 update_s=0.067597200 K_nnz=393075 rhs_cols=1021 Vxx_nnz=1040400
FILTERDDP_TIMING iteration=1 barrier_iteration=0 stage=3 derivative_s=0.015723600 first_order_s=0.005409200 second_order_s=0.009976300 algebra_s=0.048599200 kkt_assembly_s=0.142273100 factor_s=0.170433400 solve_s=0.302241900 update_s=0.075094000 K_nnz=393075 rhs_cols=1021 Vxx_nnz=1040400
FILTERDDP_TIMING iteration=1 barrier_iteration=0 stage=2 derivative_s=0.020629000 first_order_s=0.005480600 second_order_s=0.014801800 algebra_s=0.035421400 kkt_assembly_s=0.142944500 factor_s=0.183539400 solve_s=0.327826200 update_s=0.069707600 K_nnz=393075 rhs_cols=1021 Vxx_nnz=1040400
FILTERDDP_TIMING iteration=1 barrier_iteration=0 stage=1 derivative_s=0.015234700 first_order_s=0.005170900 second_order_s=0.009720200 algebra_s=0.044785100 kkt_assembly_s=0.142847300 factor_s=0.180124300 solve_s=0.299792700 update_s=0.076290000 K_nnz=393075 rhs_cols=1021 Vxx_nnz=1040400
FILTERDDP_FEASIBILITY iteration=1 barrier_iteration=0 equality_count=1015272 equality_rms=4.742246776584e-02 equality_max=9.990234375000e-01 equality_worst_stage=20 equality_worst_index=1 dynamics_count=23460 dynamics_rms=0.000000000000e+00 dynamics_max=0.000000000000e+00 dynamics_worst_stage=0 dynamics_worst_index=0 bound_count=1137768 bound_rms=0.000000000000e+00 bound_max=0.000000000000e+00 bound_worst_stage=0 bound_worst_index=0 bound_worst_kind=none
     1   5.86934051e+03   9.9902e-01   1.9881e+02   1.0000e+00    0.00      -     9.7656e-04   0
FILTERDDP_ITER_TIMING iteration=1 barrier_iteration=0 backward_s=20.585874500 forward_s=0.515455400 total_s=21.101329900 outcome=accepted step_size=9.765625000e-04 backtracks=0 mu=1.000000000e+00
FILTERDDP_TIMING iteration=2 barrier_iteration=0 stage=24 derivative_s=0.025123800 first_order_s=0.006683300 second_order_s=0.018045500 algebra_s=0.079677400 kkt_assembly_s=0.366116900 factor_s=0.168512400 solve_s=0.298969800 update_s=0.073334600 K_nnz=393075 rhs_cols=1021 Vxx_nnz=1040400
FILTERDDP_TIMING iteration=2 barrier_iteration=0 stage=23 derivative_s=0.014809200 first_order_s=0.005148100 second_order_s=0.009264100 algebra_s=0.044393200 kkt_assembly_s=0.141377900 factor_s=0.168680600 solve_s=0.343672500 update_s=0.066238600 K_nnz=393075 rhs_cols=1021 Vxx_nnz=1040400
FILTERDDP_TIMING iteration=2 barrier_iteration=0 stage=22 derivative_s=0.015597900 first_order_s=0.005241800 second_order_s=0.010021400 algebra_s=0.178685000 kkt_assembly_s=0.145182900 factor_s=0.186820000 solve_s=0.316447600 update_s=0.067935800 K_nnz=393075 rhs_cols=1021 Vxx_nnz=1040400
FILTERDDP_TIMING iteration=2 barrier_iteration=0 stage=21 derivative_s=0.014794300 first_order_s=0.006207600 second_order_s=0.008249200 algebra_s=0.044638800 kkt_assembly_s=0.154044100 factor_s=0.178028000 solve_s=0.306150600 update_s=0.075750000 K_nnz=393075 rhs_cols=1021 Vxx_nnz=1040400
FILTERDDP_TIMING iteration=2 barrier_iteration=0 stage=20 derivative_s=0.015202000 first_order_s=0.005155400 second_order_s=0.009716300 algebra_s=0.062511400 kkt_assembly_s=0.153297200 factor_s=0.173623100 solve_s=0.292631200 update_s=0.074547600 K_nnz=393075 rhs_cols=1021 Vxx_nnz=1040400
FILTERDDP_TIMING iteration=2 barrier_iteration=0 stage=19 derivative_s=0.014131500 first_order_s=0.004999200 second_order_s=0.008779500 algebra_s=0.042418800 kkt_assembly_s=0.141183100 factor_s=0.173255700 solve_s=0.297467800 update_s=0.064630300 K_nnz=393075 rhs_cols=1021 Vxx_nnz=1040400
FILTERDDP_TIMING iteration=2 barrier_iteration=0 stage=18 derivative_s=0.024645700 first_order_s=0.005286400 second_order_s=0.019043300 algebra_s=0.037351200 kkt_assembly_s=0.147357300 factor_s=0.221441900 solve_s=0.408613800 update_s=0.072614700 K_nnz=393075 rhs_cols=1021 Vxx_nnz=1040400
FILTERDDP_TIMING iteration=2 barrier_iteration=0 stage=17 derivative_s=0.015272300 first_order_s=0.004892600 second_order_s=0.010060200 algebra_s=0.036567000 kkt_assembly_s=0.145877600 factor_s=0.165548300 solve_s=0.309789400 update_s=0.064745600 K_nnz=393075 rhs_cols=1021 Vxx_nnz=1040400
FILTERDDP_TIMING iteration=2 barrier_iteration=0 stage=16 derivative_s=0.023774600 first_order_s=0.005212700 second_order_s=0.018228900 algebra_s=0.035432400 kkt_assembly_s=0.141827500 factor_s=0.175197600 solve_s=0.315090600 update_s=0.066481100 K_nnz=393075 rhs_cols=1021 Vxx_nnz=1040400
FILTERDDP_TIMING iteration=2 barrier_iteration=0 stage=15 derivative_s=0.015750300 first_order_s=0.005294100 second_order_s=0.010123500 algebra_s=0.052451800 kkt_assembly_s=0.145483300 factor_s=0.170295900 solve_s=0.295128100 update_s=0.086416200 K_nnz=393075 rhs_cols=1021 Vxx_nnz=1040400
FILTERDDP_TIMING iteration=2 barrier_iteration=0 stage=14 derivative_s=0.015313700 first_order_s=0.005131100 second_order_s=0.009865400 algebra_s=0.036912700 kkt_assembly_s=0.143143600 factor_s=0.180370400 solve_s=0.312488700 update_s=0.067836500 K_nnz=393075 rhs_cols=1021 Vxx_nnz=1040400
FILTERDDP_TIMING iteration=2 barrier_iteration=0 stage=13 derivative_s=0.015459800 first_order_s=0.005510300 second_order_s=0.009615700 algebra_s=0.045954900 kkt_assembly_s=0.146768500 factor_s=0.212084400 solve_s=0.304725400 update_s=0.178243100 K_nnz=393075 rhs_cols=1021 Vxx_nnz=1040400
FILTERDDP_TIMING iteration=2 barrier_iteration=0 stage=12 derivative_s=0.017919200 first_order_s=0.005151500 second_order_s=0.012424900 algebra_s=0.035067300 kkt_assembly_s=0.147534300 factor_s=0.167255800 solve_s=0.308178400 update_s=0.069175000 K_nnz=393075 rhs_cols=1021 Vxx_nnz=1040400
FILTERDDP_TIMING iteration=2 barrier_iteration=0 stage=11 derivative_s=0.025659400 first_order_s=0.005349300 second_order_s=0.019968900 algebra_s=0.038446700 kkt_assembly_s=0.152323600 factor_s=0.187838300 solve_s=0.333807800 update_s=0.064056200 K_nnz=393075 rhs_cols=1021 Vxx_nnz=1040400
FILTERDDP_TIMING iteration=2 barrier_iteration=0 stage=10 derivative_s=0.015412600 first_order_s=0.005104800 second_order_s=0.009959400 algebra_s=0.063271600 kkt_assembly_s=0.162639500 factor_s=0.183486100 solve_s=0.319404800 update_s=0.103504500 K_nnz=393075 rhs_cols=1021 Vxx_nnz=1040400
FILTERDDP_TIMING iteration=2 barrier_iteration=0 stage=9 derivative_s=0.016154200 first_order_s=0.005480700 second_order_s=0.010315400 algebra_s=0.049145900 kkt_assembly_s=0.150431400 factor_s=0.186924500 solve_s=0.305059800 update_s=0.073113300 K_nnz=393075 rhs_cols=1021 Vxx_nnz=1040400
FILTERDDP_TIMING iteration=2 barrier_iteration=0 stage=8 derivative_s=0.025382300 first_order_s=0.005281100 second_order_s=0.019757800 algebra_s=0.060727500 kkt_assembly_s=0.182711900 factor_s=0.180355300 solve_s=0.322043100 update_s=0.060732600 K_nnz=393075 rhs_cols=1021 Vxx_nnz=1040400
FILTERDDP_TIMING iteration=2 barrier_iteration=0 stage=7 derivative_s=0.014902900 first_order_s=0.005035200 second_order_s=0.009531900 algebra_s=0.084184700 kkt_assembly_s=0.144208700 factor_s=0.171525900 solve_s=0.392691600 update_s=0.066350200 K_nnz=393075 rhs_cols=1021 Vxx_nnz=1040400
FILTERDDP_TIMING iteration=2 barrier_iteration=0 stage=6 derivative_s=0.012866400 first_order_s=0.005448800 second_order_s=0.006938900 algebra_s=0.034009100 kkt_assembly_s=0.141586900 factor_s=0.178803700 solve_s=0.323235900 update_s=0.071470700 K_nnz=393075 rhs_cols=1021 Vxx_nnz=1040400
FILTERDDP_TIMING iteration=2 barrier_iteration=0 stage=5 derivative_s=0.015265900 first_order_s=0.005175400 second_order_s=0.009766800 algebra_s=0.045838300 kkt_assembly_s=0.145253200 factor_s=0.166517500 solve_s=0.304195000 update_s=0.072357200 K_nnz=393075 rhs_cols=1021 Vxx_nnz=1040400
FILTERDDP_TIMING iteration=2 barrier_iteration=0 stage=4 derivative_s=0.015616600 first_order_s=0.004936800 second_order_s=0.010360900 algebra_s=0.035553300 kkt_assembly_s=0.141983900 factor_s=0.201530000 solve_s=0.298279000 update_s=0.066890700 K_nnz=393075 rhs_cols=1021 Vxx_nnz=1040400
FILTERDDP_TIMING iteration=2 barrier_iteration=0 stage=3 derivative_s=0.016775000 first_order_s=0.005288700 second_order_s=0.011106100 algebra_s=0.051434300 kkt_assembly_s=0.157930200 factor_s=0.190164800 solve_s=0.318083600 update_s=0.072071100 K_nnz=393075 rhs_cols=1021 Vxx_nnz=1040400
FILTERDDP_TIMING iteration=2 barrier_iteration=0 stage=2 derivative_s=0.022596300 first_order_s=0.008349900 second_order_s=0.013782700 algebra_s=0.040592300 kkt_assembly_s=0.204737900 factor_s=0.201582700 solve_s=0.342343700 update_s=0.067044200 K_nnz=393075 rhs_cols=1021 Vxx_nnz=1040400
FILTERDDP_TIMING iteration=2 barrier_iteration=0 stage=1 derivative_s=0.014315800 first_order_s=0.004950400 second_order_s=0.009020200 algebra_s=0.169757500 kkt_assembly_s=0.143777600 factor_s=0.167705800 solve_s=0.302691900 update_s=0.080593800 K_nnz=393075 rhs_cols=1021 Vxx_nnz=1040400
FILTERDDP_FEASIBILITY iteration=2 barrier_iteration=0 equality_count=1015272 equality_rms=4.737615886863e-02 equality_max=9.980478286743e-01 equality_worst_stage=8 equality_worst_index=1 dynamics_count=23460 dynamics_rms=0.000000000000e+00 dynamics_max=0.000000000000e+00 dynamics_worst_stage=0 dynamics_worst_index=0 bound_count=1137768 bound_rms=0.000000000000e+00 bound_max=0.000000000000e+00 bound_worst_stage=0 bound_worst_index=0 bound_worst_kind=none
     2   8.34393580e+03   9.9805e-01   1.9861e+02   1.0000e+00    0.00      -     9.7656e-04   0
FILTERDDP_ITER_TIMING iteration=2 barrier_iteration=0 backward_s=20.988400900 forward_s=0.461590800 total_s=21.449991700 outcome=accepted step_size=1.953125000e-03 backtracks=0 mu=1.000000000e+00
FILTERDDP_TIMING iteration=3 barrier_iteration=0 stage=24 derivative_s=0.035631400 first_order_s=0.009247800 second_order_s=0.025564200 algebra_s=0.061958600 kkt_assembly_s=0.264519700 factor_s=0.167222400 solve_s=0.318301000 update_s=0.072183500 K_nnz=393075 rhs_cols=1021 Vxx_nnz=1040400
FILTERDDP_TIMING iteration=3 barrier_iteration=0 stage=23 derivative_s=0.015462600 first_order_s=0.005408800 second_order_s=0.009733800 algebra_s=0.034076100 kkt_assembly_s=0.141142400 factor_s=0.216388600 solve_s=0.451699500 update_s=0.065684000 K_nnz=393075 rhs_cols=1021 Vxx_nnz=1040400
FILTERDDP_TIMING iteration=3 barrier_iteration=0 stage=22 derivative_s=0.015270100 first_order_s=0.005160800 second_order_s=0.009769700 algebra_s=0.034199100 kkt_assembly_s=0.141529200 factor_s=0.179539200 solve_s=0.322159800 update_s=0.066020500 K_nnz=393075 rhs_cols=1021 Vxx_nnz=1040400
FILTERDDP_TIMING iteration=3 barrier_iteration=0 stage=21 derivative_s=0.016191000 first_order_s=0.005056700 second_order_s=0.010818300 algebra_s=0.047808800 kkt_assembly_s=0.142666400 factor_s=0.167231700 solve_s=0.298966400 update_s=0.086021900 K_nnz=393075 rhs_cols=1021 Vxx_nnz=1040400
FILTERDDP_TIMING iteration=3 barrier_iteration=0 stage=20 derivative_s=0.016073300 first_order_s=0.004946600 second_order_s=0.010802600 algebra_s=0.035692300 kkt_assembly_s=0.144518400 factor_s=0.184759100 solve_s=0.310017800 update_s=0.069629900 K_nnz=393075 rhs_cols=1021 Vxx_nnz=1040400
FILTERDDP_TIMING iteration=3 barrier_iteration=0 stage=19 derivative_s=0.020188800 first_order_s=0.005202600 second_order_s=0.014658800 algebra_s=0.041116300 kkt_assembly_s=0.147470300 factor_s=0.178156000 solve_s=0.327642500 update_s=0.069792300 K_nnz=393075 rhs_cols=1021 Vxx_nnz=1040400
FILTERDDP_TIMING iteration=3 barrier_iteration=0 stage=18 derivative_s=0.015328700 first_order_s=0.005155300 second_order_s=0.009835600 algebra_s=0.087453100 kkt_assembly_s=0.155249800 factor_s=0.174339800 solve_s=0.418345700 update_s=0.064070700 K_nnz=393075 rhs_cols=1021 Vxx_nnz=1040400
FILTERDDP_TIMING iteration=3 barrier_iteration=0 stage=17 derivative_s=0.015956500 first_order_s=0.005164100 second_order_s=0.010458200 algebra_s=0.034959900 kkt_assembly_s=0.142889500 factor_s=0.177876700 solve_s=0.328309900 update_s=0.069828800 K_nnz=393075 rhs_cols=1021 Vxx_nnz=1040400
FILTERDDP_TIMING iteration=3 barrier_iteration=0 stage=16 derivative_s=0.015099200 first_order_s=0.005200900 second_order_s=0.009564000 algebra_s=0.035079000 kkt_assembly_s=0.155915400 factor_s=0.167579700 solve_s=0.311068900 update_s=0.071399700 K_nnz=393075 rhs_cols=1021 Vxx_nnz=1040400
FILTERDDP_TIMING iteration=3 barrier_iteration=0 stage=15 derivative_s=0.023890100 first_order_s=0.005319900 second_order_s=0.018193500 algebra_s=0.037138000 kkt_assembly_s=0.141765800 factor_s=0.175959500 solve_s=0.323897600 update_s=0.067104900 K_nnz=393075 rhs_cols=1021 Vxx_nnz=1040400
FILTERDDP_TIMING iteration=3 barrier_iteration=0 stage=14 derivative_s=0.015229100 first_order_s=0.005054700 second_order_s=0.009832200 algebra_s=0.052762700 kkt_assembly_s=0.144389000 factor_s=0.177373500 solve_s=0.304473200 update_s=0.112035700 K_nnz=393075 rhs_cols=1021 Vxx_nnz=1040400
FILTERDDP_TIMING iteration=3 barrier_iteration=0 stage=13 derivative_s=0.014814700 first_order_s=0.004874000 second_order_s=0.009622500 algebra_s=0.051648200 kkt_assembly_s=0.147421600 factor_s=0.288884800 solve_s=0.294290500 update_s=0.067414800 K_nnz=393075 rhs_cols=1021 Vxx_nnz=1040400
FILTERDDP_TIMING iteration=3 barrier_iteration=0 stage=12 derivative_s=0.024691800 first_order_s=0.004984400 second_order_s=0.019378200 algebra_s=0.035626800 kkt_assembly_s=0.141935800 factor_s=0.174201200 solve_s=0.305712000 update_s=0.073915300 K_nnz=393075 rhs_cols=1021 Vxx_nnz=1040400
FILTERDDP_TIMING iteration=3 barrier_iteration=0 stage=11 derivative_s=0.025307800 first_order_s=0.009438000 second_order_s=0.015538700 algebra_s=0.035088000 kkt_assembly_s=0.140469700 factor_s=0.173972300 solve_s=0.297841500 update_s=0.073208700 K_nnz=393075 rhs_cols=1021 Vxx_nnz=1040400
FILTERDDP_TIMING iteration=3 barrier_iteration=0 stage=10 derivative_s=0.023745100 first_order_s=0.005216500 second_order_s=0.018186600 algebra_s=0.035013100 kkt_assembly_s=0.141967000 factor_s=0.174732900 solve_s=0.312854700 update_s=0.071719200 K_nnz=393075 rhs_cols=1021 Vxx_nnz=1040400
FILTERDDP_TIMING iteration=3 barrier_iteration=0 stage=9 derivative_s=0.016683800 first_order_s=0.005119800 second_order_s=0.011242300 algebra_s=0.046162300 kkt_assembly_s=0.146890000 factor_s=0.175976600 solve_s=0.312794100 update_s=0.115586700 K_nnz=393075 rhs_cols=1021 Vxx_nnz=1040400
FILTERDDP_TIMING iteration=3 barrier_iteration=0 stage=8 derivative_s=0.016535900 first_order_s=0.005730100 second_order_s=0.010467900 algebra_s=0.037372900 kkt_assembly_s=0.162228300 factor_s=0.302953800 solve_s=0.294618200 update_s=0.066318500 K_nnz=393075 rhs_cols=1021 Vxx_nnz=1040400
FILTERDDP_TIMING iteration=3 barrier_iteration=0 stage=7 derivative_s=0.025883000 first_order_s=0.005102600 second_order_s=0.020449400 algebra_s=0.036361900 kkt_assembly_s=0.143102100 factor_s=0.171368300 solve_s=0.295469100 update_s=0.070829900 K_nnz=393075 rhs_cols=1021 Vxx_nnz=1040400
FILTERDDP_TIMING iteration=3 barrier_iteration=0 stage=6 derivative_s=0.012509500 first_order_s=0.005102200 second_order_s=0.007061300 algebra_s=0.034513500 kkt_assembly_s=0.145329100 factor_s=0.174809800 solve_s=0.303828400 update_s=0.072456800 K_nnz=393075 rhs_cols=1021 Vxx_nnz=1040400
FILTERDDP_TIMING iteration=3 barrier_iteration=0 stage=5 derivative_s=0.028786000 first_order_s=0.005135700 second_order_s=0.023293700 algebra_s=0.036189200 kkt_assembly_s=0.148392700 factor_s=0.182954100 solve_s=0.328922600 update_s=0.064770100 K_nnz=393075 rhs_cols=1021 Vxx_nnz=1040400
FILTERDDP_TIMING iteration=3 barrier_iteration=0 stage=4 derivative_s=0.013600800 first_order_s=0.005084700 second_order_s=0.008183000 algebra_s=0.043896300 kkt_assembly_s=0.174866500 factor_s=0.172501500 solve_s=0.305464900 update_s=0.073719200 K_nnz=393075 rhs_cols=1021 Vxx_nnz=1040400
FILTERDDP_TIMING iteration=3 barrier_iteration=0 stage=3 derivative_s=0.014936400 first_order_s=0.005224800 second_order_s=0.009368500 algebra_s=0.037750100 kkt_assembly_s=0.142177400 factor_s=0.185452700 solve_s=0.366508900 update_s=0.082931800 K_nnz=393075 rhs_cols=1021 Vxx_nnz=1040400
FILTERDDP_TIMING iteration=3 barrier_iteration=0 stage=2 derivative_s=0.014585500 first_order_s=0.005352600 second_order_s=0.008899700 algebra_s=0.151378800 kkt_assembly_s=0.164561600 factor_s=0.183042700 solve_s=0.316668100 update_s=0.066713600 K_nnz=393075 rhs_cols=1021 Vxx_nnz=1040400
FILTERDDP_TIMING iteration=3 barrier_iteration=0 stage=1 derivative_s=0.014945800 first_order_s=0.005073600 second_order_s=0.009550500 algebra_s=0.040951500 kkt_assembly_s=0.143145800 factor_s=0.175939400 solve_s=0.307740500 update_s=0.063527000 K_nnz=393075 rhs_cols=1021 Vxx_nnz=1040400
FILTERDDP_FEASIBILITY iteration=3 barrier_iteration=0 equality_count=1015272 equality_rms=4.728366181492e-02 equality_max=9.960985165089e-01 equality_worst_stage=12 equality_worst_index=1 dynamics_count=23460 dynamics_rms=0.000000000000e+00 dynamics_max=0.000000000000e+00 dynamics_worst_stage=0 dynamics_worst_index=0 bound_count=1137768 bound_rms=0.000000000000e+00 bound_max=0.000000000000e+00 bound_worst_stage=0 bound_worst_index=0 bound_worst_kind=none
     3   1.31439657e+04   9.9610e-01   1.9822e+02   1.0000e+00    0.00      -     1.9531e-03   0
FILTERDDP_ITER_TIMING iteration=3 barrier_iteration=0 backward_s=20.753985100 forward_s=0.467961400 total_s=21.221946500 outcome=accepted step_size=3.906250000e-03 backtracks=0 mu=1.000000000e+00
FILTERDDP_TIMING iteration=4 barrier_iteration=0 stage=24 derivative_s=0.019751400 first_order_s=0.005422800 second_order_s=0.013976400 algebra_s=0.058496600 kkt_assembly_s=0.265211200 factor_s=0.172055000 solve_s=0.298080200 update_s=0.064816900 K_nnz=393075 rhs_cols=1021 Vxx_nnz=1040400
FILTERDDP_TIMING iteration=4 barrier_iteration=0 stage=23 derivative_s=0.016601300 first_order_s=0.004987300 second_order_s=0.011286200 algebra_s=0.035992100 kkt_assembly_s=0.141891800 factor_s=0.217181900 solve_s=0.445060400 update_s=0.064188800 K_nnz=393075 rhs_cols=1021 Vxx_nnz=1040400
FILTERDDP_TIMING iteration=4 barrier_iteration=0 stage=22 derivative_s=0.015088200 first_order_s=0.005168500 second_order_s=0.009590600 algebra_s=0.035402600 kkt_assembly_s=0.143319800 factor_s=0.181382300 solve_s=0.321782900 update_s=0.061023300 K_nnz=393075 rhs_cols=1021 Vxx_nnz=1040400
FILTERDDP_TIMING iteration=4 barrier_iteration=0 stage=21 derivative_s=0.015194600 first_order_s=0.005373900 second_order_s=0.009488200 algebra_s=0.047000800 kkt_assembly_s=0.145230400 factor_s=0.168174100 solve_s=0.300416800 update_s=0.074566700 K_nnz=393075 rhs_cols=1021 Vxx_nnz=1040400
FILTERDDP_TIMING iteration=4 barrier_iteration=0 stage=20 derivative_s=0.015347500 first_order_s=0.005195800 second_order_s=0.009820700 algebra_s=0.035142700 kkt_assembly_s=0.149748800 factor_s=0.175567600 solve_s=0.314246600 update_s=0.067448400 K_nnz=393075 rhs_cols=1021 Vxx_nnz=1040400
FILTERDDP_TIMING iteration=4 barrier_iteration=0 stage=19 derivative_s=0.024303500 first_order_s=0.005240100 second_order_s=0.018713800 algebra_s=0.041398400 kkt_assembly_s=0.150898000 factor_s=0.181944600 solve_s=0.301226900 update_s=0.073795900 K_nnz=393075 rhs_cols=1021 Vxx_nnz=1040400
FILTERDDP_TIMING iteration=4 barrier_iteration=0 stage=18 derivative_s=0.014952800 first_order_s=0.004958700 second_order_s=0.009655300 algebra_s=0.078658700 kkt_assembly_s=0.142767500 factor_s=0.174556200 solve_s=0.412844100 update_s=0.070798000 K_nnz=393075 rhs_cols=1021 Vxx_nnz=1040400
FILTERDDP_TIMING iteration=4 barrier_iteration=0 stage=17 derivative_s=0.013539800 first_order_s=0.005782600 second_order_s=0.007422100 algebra_s=0.037158400 kkt_assembly_s=0.145837100 factor_s=0.177956700 solve_s=0.305786500 update_s=0.066254100 K_nnz=393075 rhs_cols=1021 Vxx_nnz=1040400
FILTERDDP_TIMING iteration=4 barrier_iteration=0 stage=16 derivative_s=0.015169700 first_order_s=0.005255600 second_order_s=0.009579800 algebra_s=0.038032900 kkt_assembly_s=0.142668600 factor_s=0.183932000 solve_s=0.307549500 update_s=0.073683200 K_nnz=393075 rhs_cols=1021 Vxx_nnz=1040400
FILTERDDP_TIMING iteration=4 barrier_iteration=0 stage=15 derivative_s=0.023973700 first_order_s=0.004963200 second_order_s=0.018694000 algebra_s=0.035825000 kkt_assembly_s=0.165954100 factor_s=0.193720600 solve_s=0.328515300 update_s=0.064233400 K_nnz=393075 rhs_cols=1021 Vxx_nnz=1040400
FILTERDDP_TIMING iteration=4 barrier_iteration=0 stage=14 derivative_s=0.013848900 first_order_s=0.004950900 second_order_s=0.008549100 algebra_s=0.054219500 kkt_assembly_s=0.145658300 factor_s=0.181723300 solve_s=0.308535600 update_s=0.071591000 K_nnz=393075 rhs_cols=1021 Vxx_nnz=1040400
FILTERDDP_TIMING iteration=4 barrier_iteration=0 stage=13 derivative_s=0.014964400 first_order_s=0.005398000 second_order_s=0.009234000 algebra_s=0.042179400 kkt_assembly_s=0.141886100 factor_s=0.232599800 solve_s=0.408264300 update_s=0.068587800 K_nnz=393075 rhs_cols=1021 Vxx_nnz=1040400
FILTERDDP_TIMING iteration=4 barrier_iteration=0 stage=12 derivative_s=0.015055700 first_order_s=0.005088800 second_order_s=0.009650200 algebra_s=0.035087800 kkt_assembly_s=0.144203800 factor_s=0.192668100 solve_s=0.311369100 update_s=0.079150500 K_nnz=393075 rhs_cols=1021 Vxx_nnz=1040400
FILTERDDP_TIMING iteration=4 barrier_iteration=0 stage=11 derivative_s=0.027281300 first_order_s=0.005199500 second_order_s=0.021762800 algebra_s=0.035849000 kkt_assembly_s=0.143484800 factor_s=0.172628000 solve_s=0.303444600 update_s=0.066784700 K_nnz=393075 rhs_cols=1021 Vxx_nnz=1040400
FILTERDDP_TIMING iteration=4 barrier_iteration=0 stage=10 derivative_s=0.017936900 first_order_s=0.005692500 second_order_s=0.011904900 algebra_s=0.068615400 kkt_assembly_s=0.144905400 factor_s=0.176122900 solve_s=0.302514400 update_s=0.079069800 K_nnz=393075 rhs_cols=1021 Vxx_nnz=1040400
FILTERDDP_TIMING iteration=4 barrier_iteration=0 stage=9 derivative_s=0.012616600 first_order_s=0.005146100 second_order_s=0.007081100 algebra_s=0.040765100 kkt_assembly_s=0.147429500 factor_s=0.177652500 solve_s=0.300552300 update_s=0.072868900 K_nnz=393075 rhs_cols=1021 Vxx_nnz=1040400
FILTERDDP_TIMING iteration=4 barrier_iteration=0 stage=8 derivative_s=0.023218200 first_order_s=0.005018800 second_order_s=0.017859600 algebra_s=0.036044300 kkt_assembly_s=0.143980000 factor_s=0.175652100 solve_s=0.342087500 update_s=0.065096900 K_nnz=393075 rhs_cols=1021 Vxx_nnz=1040400
FILTERDDP_TIMING iteration=4 barrier_iteration=0 stage=7 derivative_s=0.018206600 first_order_s=0.005099500 second_order_s=0.012786400 algebra_s=0.151018300 kkt_assembly_s=0.141610600 factor_s=0.168460400 solve_s=0.300225900 update_s=0.072569600 K_nnz=393075 rhs_cols=1021 Vxx_nnz=1040400
FILTERDDP_TIMING iteration=4 barrier_iteration=0 stage=6 derivative_s=0.014655900 first_order_s=0.004936100 second_order_s=0.009379300 algebra_s=0.038228000 kkt_assembly_s=0.173633100 factor_s=0.179640500 solve_s=0.304301100 update_s=0.064916800 K_nnz=393075 rhs_cols=1021 Vxx_nnz=1040400
FILTERDDP_TIMING iteration=4 barrier_iteration=0 stage=5 derivative_s=0.014919900 first_order_s=0.004928400 second_order_s=0.009671500 algebra_s=0.047847800 kkt_assembly_s=0.142336900 factor_s=0.168579300 solve_s=0.305202300 update_s=0.073548400 K_nnz=393075 rhs_cols=1021 Vxx_nnz=1040400
FILTERDDP_TIMING iteration=4 barrier_iteration=0 stage=4 derivative_s=0.015659600 first_order_s=0.005387400 second_order_s=0.009938100 algebra_s=0.043363800 kkt_assembly_s=0.143013000 factor_s=0.167729600 solve_s=0.308218500 update_s=0.072551600 K_nnz=393075 rhs_cols=1021 Vxx_nnz=1040400
FILTERDDP_TIMING iteration=4 barrier_iteration=0 stage=3 derivative_s=0.023007900 first_order_s=0.005099000 second_order_s=0.017582100 algebra_s=0.036005500 kkt_assembly_s=0.143461600 factor_s=0.178667300 solve_s=0.321785900 update_s=0.067588200 K_nnz=393075 rhs_cols=1021 Vxx_nnz=1040400
FILTERDDP_TIMING iteration=4 barrier_iteration=0 stage=2 derivative_s=0.012086600 first_order_s=0.005212500 second_order_s=0.006544000 algebra_s=0.047946000 kkt_assembly_s=0.143691400 factor_s=0.175170900 solve_s=0.336468800 update_s=0.063097500 K_nnz=393075 rhs_cols=1021 Vxx_nnz=1040400
FILTERDDP_TIMING iteration=4 barrier_iteration=0 stage=1 derivative_s=0.114325300 first_order_s=0.005306800 second_order_s=0.108681700 algebra_s=0.035709800 kkt_assembly_s=0.141489100 factor_s=0.165734000 solve_s=0.303778300 update_s=0.066732100 K_nnz=393075 rhs_cols=1021 Vxx_nnz=1040400
FILTERDDP_FEASIBILITY iteration=4 barrier_iteration=0 equality_count=1015272 equality_rms=4.709945506663e-02 equality_max=9.922075066791e-01 equality_worst_stage=1 equality_worst_index=1 dynamics_count=23460 dynamics_rms=0.000000000000e+00 dynamics_max=0.000000000000e+00 dynamics_worst_stage=0 dynamics_worst_index=0 bound_count=1137768 bound_rms=0.000000000000e+00 bound_max=0.000000000000e+00 bound_worst_stage=0 bound_worst_index=0 bound_worst_kind=none
     4   2.27954611e+04   9.9221e-01   1.9745e+02   1.0000e+00    0.00      -     3.9062e-03   0
FILTERDDP_ITER_TIMING iteration=4 barrier_iteration=0 backward_s=20.553418300 forward_s=0.768395100 total_s=21.321813400 outcome=accepted step_size=3.906250000e-03 backtracks=0 mu=1.000000000e+00
FILTERDDP_TIMING iteration=5 barrier_iteration=0 stage=24 derivative_s=0.026782000 first_order_s=0.007208900 second_order_s=0.019238500 algebra_s=0.067294000 kkt_assembly_s=0.253936600 factor_s=0.189049700 solve_s=0.316685700 update_s=0.061428000 K_nnz=393075 rhs_cols=1021 Vxx_nnz=1040400
FILTERDDP_TIMING iteration=5 barrier_iteration=0 stage=23 derivative_s=0.015452400 first_order_s=0.005454700 second_order_s=0.009669000 algebra_s=0.046540200 kkt_assembly_s=0.146902800 factor_s=0.216115600 solve_s=0.448300100 update_s=0.067744900 K_nnz=393075 rhs_cols=1021 Vxx_nnz=1040400
FILTERDDP_TIMING iteration=5 barrier_iteration=0 stage=22 derivative_s=0.015105800 first_order_s=0.005197500 second_order_s=0.009589500 algebra_s=0.035499500 kkt_assembly_s=0.142954600 factor_s=0.180887200 solve_s=0.324674300 update_s=0.065488300 K_nnz=393075 rhs_cols=1021 Vxx_nnz=1040400
FILTERDDP_TIMING iteration=5 barrier_iteration=0 stage=21 derivative_s=0.015653700 first_order_s=0.005141000 second_order_s=0.010196100 algebra_s=0.054549900 kkt_assembly_s=0.145262700 factor_s=0.166862300 solve_s=0.310794400 update_s=0.083406500 K_nnz=393075 rhs_cols=1021 Vxx_nnz=1040400
FILTERDDP_TIMING iteration=5 barrier_iteration=0 stage=20 derivative_s=0.015678300 first_order_s=0.005344300 second_order_s=0.009988500 algebra_s=0.035539700 kkt_assembly_s=0.152424400 factor_s=0.186425100 solve_s=0.312005600 update_s=0.067589400 K_nnz=393075 rhs_cols=1021 Vxx_nnz=1040400
FILTERDDP_TIMING iteration=5 barrier_iteration=0 stage=19 derivative_s=0.021806100 first_order_s=0.005469000 second_order_s=0.015972000 algebra_s=0.038352200 kkt_assembly_s=0.145324800 factor_s=0.181819700 solve_s=0.316126600 update_s=0.065211000 K_nnz=393075 rhs_cols=1021 Vxx_nnz=1040400
FILTERDDP_TIMING iteration=5 barrier_iteration=0 stage=18 derivative_s=0.021532100 first_order_s=0.007971900 second_order_s=0.013090300 algebra_s=0.084114300 kkt_assembly_s=0.145887600 factor_s=0.195800900 solve_s=0.409300400 update_s=0.065968600 K_nnz=393075 rhs_cols=1021 Vxx_nnz=1040400
FILTERDDP_TIMING iteration=5 barrier_iteration=0 stage=17 derivative_s=0.015724800 first_order_s=0.005192300 second_order_s=0.010179000 algebra_s=0.036755800 kkt_assembly_s=0.143028200 factor_s=0.210689200 solve_s=0.316322600 update_s=0.066022200 K_nnz=393075 rhs_cols=1021 Vxx_nnz=1040400
FILTERDDP_TIMING iteration=5 barrier_iteration=0 stage=16 derivative_s=0.015092900 first_order_s=0.005164700 second_order_s=0.009592800 algebra_s=0.046302200 kkt_assembly_s=0.147689100 factor_s=0.169749100 solve_s=0.311563700 update_s=0.071388500 K_nnz=393075 rhs_cols=1021 Vxx_nnz=1040400
FILTERDDP_TIMING iteration=5 barrier_iteration=0 stage=15 derivative_s=0.015089700 first_order_s=0.005278200 second_order_s=0.009494100 algebra_s=0.035271000 kkt_assembly_s=0.149421600 factor_s=0.175539600 solve_s=0.302781900 update_s=0.073475100 K_nnz=393075 rhs_cols=1021 Vxx_nnz=1040400
FILTERDDP_TIMING iteration=5 barrier_iteration=0 stage=14 derivative_s=0.015378400 first_order_s=0.005298200 second_order_s=0.009749800 algebra_s=0.054257100 kkt_assembly_s=0.141707600 factor_s=0.168960600 solve_s=0.301785900 update_s=0.078121000 K_nnz=393075 rhs_cols=1021 Vxx_nnz=1040400
FILTERDDP_TIMING iteration=5 barrier_iteration=0 stage=13 derivative_s=0.015614500 first_order_s=0.005249100 second_order_s=0.010006900 algebra_s=0.037325100 kkt_assembly_s=0.142399500 factor_s=0.201731100 solve_s=0.356201800 update_s=0.078522500 K_nnz=393075 rhs_cols=1021 Vxx_nnz=1040400
FILTERDDP_TIMING iteration=5 barrier_iteration=0 stage=12 derivative_s=0.016265400 first_order_s=0.005558300 second_order_s=0.010393000 algebra_s=0.149674000 kkt_assembly_s=0.141630900 factor_s=0.202036800 solve_s=0.293391800 update_s=0.075396000 K_nnz=393075 rhs_cols=1021 Vxx_nnz=1040400
FILTERDDP_TIMING iteration=5 barrier_iteration=0 stage=11 derivative_s=0.013525500 first_order_s=0.005212000 second_order_s=0.007973700 algebra_s=0.036564900 kkt_assembly_s=0.146308600 factor_s=0.174420700 solve_s=0.307056000 update_s=0.066562400 K_nnz=393075 rhs_cols=1021 Vxx_nnz=1040400
FILTERDDP_TIMING iteration=5 barrier_iteration=0 stage=10 derivative_s=0.015101900 first_order_s=0.005108500 second_order_s=0.009672900 algebra_s=0.051504700 kkt_assembly_s=0.142874000 factor_s=0.169023100 solve_s=0.296655300 update_s=0.070937000 K_nnz=393075 rhs_cols=1021 Vxx_nnz=1040400
FILTERDDP_TIMING iteration=5 barrier_iteration=0 stage=9 derivative_s=0.016001800 first_order_s=0.005461700 second_order_s=0.010208100 algebra_s=0.042836600 kkt_assembly_s=0.143945100 factor_s=0.171114100 solve_s=0.292242700 update_s=0.065014800 K_nnz=393075 rhs_cols=1021 Vxx_nnz=1040400
FILTERDDP_TIMING iteration=5 barrier_iteration=0 stage=8 derivative_s=0.024846700 first_order_s=0.005137100 second_order_s=0.019097200 algebra_s=0.035843100 kkt_assembly_s=0.149195900 factor_s=0.216564200 solve_s=0.311219700 update_s=0.068495900 K_nnz=393075 rhs_cols=1021 Vxx_nnz=1040400
FILTERDDP_TIMING iteration=5 barrier_iteration=0 stage=7 derivative_s=0.015068200 first_order_s=0.005207900 second_order_s=0.009542000 algebra_s=0.087918600 kkt_assembly_s=0.141809400 factor_s=0.194555500 solve_s=0.403715300 update_s=0.068883000 K_nnz=393075 rhs_cols=1021 Vxx_nnz=1040400
FILTERDDP_TIMING iteration=5 barrier_iteration=0 stage=6 derivative_s=0.013542500 first_order_s=0.005738400 second_order_s=0.007424500 algebra_s=0.049848900 kkt_assembly_s=0.154793100 factor_s=0.174964500 solve_s=0.325018700 update_s=0.066507600 K_nnz=393075 rhs_cols=1021 Vxx_nnz=1040400
FILTERDDP_TIMING iteration=5 barrier_iteration=0 stage=5 derivative_s=0.015677400 first_order_s=0.005513600 second_order_s=0.009801300 algebra_s=0.046658600 kkt_assembly_s=0.144381300 factor_s=0.174204000 solve_s=0.304345600 update_s=0.091296800 K_nnz=393075 rhs_cols=1021 Vxx_nnz=1040400
FILTERDDP_TIMING iteration=5 barrier_iteration=0 stage=4 derivative_s=0.015020100 first_order_s=0.005060400 second_order_s=0.009583400 algebra_s=0.034877300 kkt_assembly_s=0.182051100 factor_s=0.173930100 solve_s=0.314540300 update_s=0.062674000 K_nnz=393075 rhs_cols=1021 Vxx_nnz=1040400
FILTERDDP_TIMING iteration=5 barrier_iteration=0 stage=3 derivative_s=0.015215300 first_order_s=0.005101900 second_order_s=0.009794500 algebra_s=0.045131400 kkt_assembly_s=0.147552700 factor_s=0.174890800 solve_s=0.293172000 update_s=0.079876600 K_nnz=393075 rhs_cols=1021 Vxx_nnz=1040400
FILTERDDP_TIMING iteration=5 barrier_iteration=0 stage=2 derivative_s=0.015479800 first_order_s=0.005156000 second_order_s=0.009988500 algebra_s=0.043453400 kkt_assembly_s=0.172595800 factor_s=0.178213100 solve_s=0.300154200 update_s=0.066973600 K_nnz=393075 rhs_cols=1021 Vxx_nnz=1040400
FILTERDDP_TIMING iteration=5 barrier_iteration=0 stage=1 derivative_s=0.016156400 first_order_s=0.005203300 second_order_s=0.010613300 algebra_s=0.050544100 kkt_assembly_s=0.153392900 factor_s=0.221343400 solve_s=0.309303700 update_s=0.184189500 K_nnz=393075 rhs_cols=1021 Vxx_nnz=1040400
FILTERDDP_FEASIBILITY iteration=5 barrier_iteration=0 equality_count=1015272 equality_rms=4.691622701194e-02 equality_max=9.883316961061e-01 equality_worst_stage=1 equality_worst_index=1 dynamics_count=23460 dynamics_rms=0.000000000000e+00 dynamics_max=0.000000000000e+00 dynamics_worst_stage=0 dynamics_worst_index=0 bound_count=1137768 bound_rms=0.000000000000e+00 bound_max=0.000000000000e+00 bound_worst_stage=0 bound_worst_index=0 bound_worst_kind=none
     5   3.28422271e+04   9.8833e-01   1.9668e+02   1.0000e+00    0.00      -     3.9062e-03   0
FILTERDDP_ITER_TIMING iteration=5 barrier_iteration=0 backward_s=20.850241700 forward_s=0.422574100 total_s=21.272815800 outcome=accepted step_size=7.812500000e-03 backtracks=0 mu=1.000000000e+00
FILTERDDP_TIMING iteration=6 barrier_iteration=0 stage=24 derivative_s=0.039725500 first_order_s=0.007730100 second_order_s=0.031480400 algebra_s=0.040683900 kkt_assembly_s=0.256252300 factor_s=0.169582300 solve_s=0.311131900 update_s=0.065826900 K_nnz=393075 rhs_cols=1021 Vxx_nnz=1040400
FILTERDDP_TIMING iteration=6 barrier_iteration=0 stage=23 derivative_s=0.015228200 first_order_s=0.005267000 second_order_s=0.009642100 algebra_s=0.035304500 kkt_assembly_s=0.146759400 factor_s=0.212469100 solve_s=0.456057900 update_s=0.078305500 K_nnz=393075 rhs_cols=1021 Vxx_nnz=1040400
FILTERDDP_TIMING iteration=6 barrier_iteration=0 stage=22 derivative_s=0.013924000 first_order_s=0.005560900 second_order_s=0.008010500 algebra_s=0.035691000 kkt_assembly_s=0.144738000 factor_s=0.180121100 solve_s=0.319531300 update_s=0.071082000 K_nnz=393075 rhs_cols=1021 Vxx_nnz=1040400
FILTERDDP_TIMING iteration=6 barrier_iteration=0 stage=21 derivative_s=0.015018700 first_order_s=0.005049000 second_order_s=0.009636400 algebra_s=0.046957600 kkt_assembly_s=0.142552600 factor_s=0.179523600 solve_s=0.300672300 update_s=0.073078400 K_nnz=393075 rhs_cols=1021 Vxx_nnz=1040400
FILTERDDP_TIMING iteration=6 barrier_iteration=0 stage=20 derivative_s=0.022989600 first_order_s=0.007819100 second_order_s=0.014763900 algebra_s=0.044513800 kkt_assembly_s=0.146712000 factor_s=0.176395400 solve_s=0.299291600 update_s=0.066796100 K_nnz=393075 rhs_cols=1021 Vxx_nnz=1040400
FILTERDDP_TIMING iteration=6 barrier_iteration=0 stage=19 derivative_s=0.023461400 first_order_s=0.005176900 second_order_s=0.017948200 algebra_s=0.035127600 kkt_assembly_s=0.146408200 factor_s=0.199752000 solve_s=0.307325500 update_s=0.066801300 K_nnz=393075 rhs_cols=1021 Vxx_nnz=1040400
FILTERDDP_TIMING iteration=6 barrier_iteration=0 stage=18 derivative_s=0.015694500 first_order_s=0.005451900 second_order_s=0.009921800 algebra_s=0.080965300 kkt_assembly_s=0.150981400 factor_s=0.171232800 solve_s=0.411263700 update_s=0.068036700 K_nnz=393075 rhs_cols=1021 Vxx_nnz=1040400
FILTERDDP_TIMING iteration=6 barrier_iteration=0 stage=17 derivative_s=0.015118600 first_order_s=0.004955600 second_order_s=0.009840700 algebra_s=0.035813400 kkt_assembly_s=0.142520600 factor_s=0.178594700 solve_s=0.330532200 update_s=0.073798900 K_nnz=393075 rhs_cols=1021 Vxx_nnz=1040400
FILTERDDP_TIMING iteration=6 barrier_iteration=0 stage=16 derivative_s=0.014731000 first_order_s=0.004954600 second_order_s=0.009448600 algebra_s=0.046755500 kkt_assembly_s=0.174670100 factor_s=0.194748800 solve_s=0.300494400 update_s=0.070678200 K_nnz=393075 rhs_cols=1021 Vxx_nnz=1040400
FILTERDDP_TIMING iteration=6 barrier_iteration=0 stage=15 derivative_s=0.015084500 first_order_s=0.005068000 second_order_s=0.009683100 algebra_s=0.058583300 kkt_assembly_s=0.148011400 factor_s=0.173176900 solve_s=0.304089000 update_s=0.071505300 K_nnz=393075 rhs_cols=1021 Vxx_nnz=1040400
FILTERDDP_TIMING iteration=6 barrier_iteration=0 stage=14 derivative_s=0.015495600 first_order_s=0.005303400 second_order_s=0.009854800 algebra_s=0.049081700 kkt_assembly_s=0.146294800 factor_s=0.173725100 solve_s=0.307252000 update_s=0.084284900 K_nnz=393075 rhs_cols=1021 Vxx_nnz=1040400
FILTERDDP_TIMING iteration=6 barrier_iteration=0 stage=13 derivative_s=0.015348900 first_order_s=0.005274500 second_order_s=0.009714400 algebra_s=0.037197300 kkt_assembly_s=0.147939700 factor_s=0.177947200 solve_s=0.344448300 update_s=0.070932800 K_nnz=393075 rhs_cols=1021 Vxx_nnz=1040400
FILTERDDP_TIMING iteration=6 barrier_iteration=0 stage=12 derivative_s=0.016578600 first_order_s=0.005101700 second_order_s=0.011159400 algebra_s=0.149566400 kkt_assembly_s=0.146772800 factor_s=0.177490500 solve_s=0.294469800 update_s=0.076814700 K_nnz=393075 rhs_cols=1021 Vxx_nnz=1040400
FILTERDDP_TIMING iteration=6 barrier_iteration=0 stage=11 derivative_s=0.015606800 first_order_s=0.005593200 second_order_s=0.009695700 algebra_s=0.035838400 kkt_assembly_s=0.143531200 factor_s=0.180731100 solve_s=0.308007700 update_s=0.064960000 K_nnz=393075 rhs_cols=1021 Vxx_nnz=1040400
FILTERDDP_TIMING iteration=6 barrier_iteration=0 stage=10 derivative_s=0.015345900 first_order_s=0.005115100 second_order_s=0.009896300 algebra_s=0.044427300 kkt_assembly_s=0.143390300 factor_s=0.169953700 solve_s=0.304246600 update_s=0.074151400 K_nnz=393075 rhs_cols=1021 Vxx_nnz=1040400
FILTERDDP_TIMING iteration=6 barrier_iteration=0 stage=9 derivative_s=0.015001100 first_order_s=0.005015200 second_order_s=0.009640000 algebra_s=0.042403000 kkt_assembly_s=0.145636700 factor_s=0.169231000 solve_s=0.301691500 update_s=0.068641400 K_nnz=393075 rhs_cols=1021 Vxx_nnz=1040400
FILTERDDP_TIMING iteration=6 barrier_iteration=0 stage=8 derivative_s=0.026972600 first_order_s=0.005832900 second_order_s=0.020779100 algebra_s=0.037650700 kkt_assembly_s=0.143206700 factor_s=0.175539200 solve_s=0.325353200 update_s=0.064285400 K_nnz=393075 rhs_cols=1021 Vxx_nnz=1040400
FILTERDDP_TIMING iteration=6 barrier_iteration=0 stage=7 derivative_s=0.014065500 first_order_s=0.004987300 second_order_s=0.008724900 algebra_s=0.046185700 kkt_assembly_s=0.145527000 factor_s=0.195238000 solve_s=0.346920400 update_s=0.064108400 K_nnz=393075 rhs_cols=1021 Vxx_nnz=1040400
FILTERDDP_TIMING iteration=6 barrier_iteration=0 stage=6 derivative_s=0.127781500 first_order_s=0.005237500 second_order_s=0.122192000 algebra_s=0.050235300 kkt_assembly_s=0.151681100 factor_s=0.177222000 solve_s=0.309709300 update_s=0.070821400 K_nnz=393075 rhs_cols=1021 Vxx_nnz=1040400
FILTERDDP_TIMING iteration=6 barrier_iteration=0 stage=5 derivative_s=0.023524000 first_order_s=0.005075800 second_order_s=0.018106400 algebra_s=0.036585400 kkt_assembly_s=0.142506900 factor_s=0.176298400 solve_s=0.305630400 update_s=0.077189900 K_nnz=393075 rhs_cols=1021 Vxx_nnz=1040400
FILTERDDP_TIMING iteration=6 barrier_iteration=0 stage=4 derivative_s=0.016118100 first_order_s=0.005330800 second_order_s=0.010455200 algebra_s=0.045041200 kkt_assembly_s=0.146913700 factor_s=0.172825400 solve_s=0.294304100 update_s=0.073820300 K_nnz=393075 rhs_cols=1021 Vxx_nnz=1040400
FILTERDDP_TIMING iteration=6 barrier_iteration=0 stage=3 derivative_s=0.017856000 first_order_s=0.005629200 second_order_s=0.011844200 algebra_s=0.042793200 kkt_assembly_s=0.141850500 factor_s=0.173001500 solve_s=0.303034100 update_s=0.062955900 K_nnz=393075 rhs_cols=1021 Vxx_nnz=1040400
FILTERDDP_TIMING iteration=6 barrier_iteration=0 stage=2 derivative_s=0.031456900 first_order_s=0.005373700 second_order_s=0.025748800 algebra_s=0.036776700 kkt_assembly_s=0.152372400 factor_s=0.176008400 solve_s=0.317539600 update_s=0.065380200 K_nnz=393075 rhs_cols=1021 Vxx_nnz=1040400
FILTERDDP_TIMING iteration=6 barrier_iteration=0 stage=1 derivative_s=0.015304100 first_order_s=0.005184600 second_order_s=0.009798900 algebra_s=0.085476100 kkt_assembly_s=0.143771000 factor_s=0.177900600 solve_s=0.415665700 update_s=0.065059800 K_nnz=393075 rhs_cols=1021 Vxx_nnz=1040400
FILTERDDP_FEASIBILITY iteration=6 barrier_iteration=0 equality_count=1015272 equality_rms=4.655573862287e-02 equality_max=9.806103547311e-01 equality_worst_stage=5 equality_worst_index=1 dynamics_count=23460 dynamics_rms=0.000000000000e+00 dynamics_max=0.000000000000e+00 dynamics_worst_stage=0 dynamics_worst_index=0 bound_count=1137768 bound_rms=0.000000000000e+00 bound_max=0.000000000000e+00 bound_worst_stage=0 bound_worst_index=0 bound_worst_kind=none
     6   5.31592598e+04   9.8061e-01   1.9514e+02   1.0000e+00    0.00      -     7.8125e-03   0
FILTERDDP_ITER_TIMING iteration=6 barrier_iteration=0 backward_s=20.659633700 forward_s=0.400850600 total_s=21.060484300 outcome=accepted step_size=1.562500000e-02 backtracks=0 mu=1.000000000e+00
FILTERDDP_TIMING iteration=7 barrier_iteration=0 stage=24 derivative_s=0.038123000 first_order_s=0.006377200 second_order_s=0.031395400 algebra_s=0.036983100 kkt_assembly_s=0.256599000 factor_s=0.173102000 solve_s=0.308750300 update_s=0.064008600 K_nnz=393075 rhs_cols=1021 Vxx_nnz=1040400
FILTERDDP_TIMING iteration=7 barrier_iteration=0 stage=23 derivative_s=0.015482500 first_order_s=0.005184000 second_order_s=0.009897400 algebra_s=0.035318100 kkt_assembly_s=0.143238100 factor_s=0.214058700 solve_s=0.485905400 update_s=0.065740800 K_nnz=393075 rhs_cols=1021 Vxx_nnz=1040400
FILTERDDP_TIMING iteration=7 barrier_iteration=0 stage=22 derivative_s=0.016178800 first_order_s=0.005504200 second_order_s=0.010351400 algebra_s=0.036433300 kkt_assembly_s=0.144130800 factor_s=0.201649400 solve_s=0.313054800 update_s=0.068638700 K_nnz=393075 rhs_cols=1021 Vxx_nnz=1040400
FILTERDDP_TIMING iteration=7 barrier_iteration=0 stage=21 derivative_s=0.015281600 first_order_s=0.004941600 second_order_s=0.009994600 algebra_s=0.048112000 kkt_assembly_s=0.145196400 factor_s=0.169013500 solve_s=0.312965100 update_s=0.078012600 K_nnz=393075 rhs_cols=1021 Vxx_nnz=1040400
FILTERDDP_TIMING iteration=7 barrier_iteration=0 stage=20 derivative_s=0.012202700 first_order_s=0.005015800 second_order_s=0.006862500 algebra_s=0.035546400 kkt_assembly_s=0.149613400 factor_s=0.176165800 solve_s=0.308176000 update_s=0.072680100 K_nnz=393075 rhs_cols=1021 Vxx_nnz=1040400
FILTERDDP_TIMING iteration=7 barrier_iteration=0 stage=19 derivative_s=0.016969200 first_order_s=0.005101800 second_order_s=0.011530200 algebra_s=0.045424000 kkt_assembly_s=0.140996300 factor_s=0.199964200 solve_s=0.295397700 update_s=0.118419100 K_nnz=393075 rhs_cols=1021 Vxx_nnz=1040400
FILTERDDP_TIMING iteration=7 barrier_iteration=0 stage=18 derivative_s=0.016228600 first_order_s=0.005141600 second_order_s=0.010746700 algebra_s=0.144166300 kkt_assembly_s=0.141504300 factor_s=0.166526400 solve_s=0.294589700 update_s=0.079508000 K_nnz=393075 rhs_cols=1021 Vxx_nnz=1040400
FILTERDDP_TIMING iteration=7 barrier_iteration=0 stage=17 derivative_s=0.014994200 first_order_s=0.005212400 second_order_s=0.009455900 algebra_s=0.035417900 kkt_assembly_s=0.144991500 factor_s=0.197380900 solve_s=0.299824700 update_s=0.075010800 K_nnz=393075 rhs_cols=1021 Vxx_nnz=1040400
FILTERDDP_TIMING iteration=7 barrier_iteration=0 stage=16 derivative_s=0.015364200 first_order_s=0.005064000 second_order_s=0.009960100 algebra_s=0.047078700 kkt_assembly_s=0.149621700 factor_s=0.170394700 solve_s=0.302326400 update_s=0.071831900 K_nnz=393075 rhs_cols=1021 Vxx_nnz=1040400
FILTERDDP_TIMING iteration=7 barrier_iteration=0 stage=15 derivative_s=0.017529200 first_order_s=0.005378600 second_order_s=0.011829300 algebra_s=0.035733000 kkt_assembly_s=0.143053200 factor_s=0.178170500 solve_s=0.326783200 update_s=0.072514000 K_nnz=393075 rhs_cols=1021 Vxx_nnz=1040400
FILTERDDP_TIMING iteration=7 barrier_iteration=0 stage=14 derivative_s=0.015419100 first_order_s=0.005026600 second_order_s=0.010074600 algebra_s=0.050204200 kkt_assembly_s=0.144629800 factor_s=0.180888700 solve_s=0.302106300 update_s=0.075389100 K_nnz=393075 rhs_cols=1021 Vxx_nnz=1040400
FILTERDDP_TIMING iteration=7 barrier_iteration=0 stage=13 derivative_s=0.015442100 first_order_s=0.005501700 second_order_s=0.009609700 algebra_s=0.036634600 kkt_assembly_s=0.142315200 factor_s=0.192700600 solve_s=0.348231700 update_s=0.064948700 K_nnz=393075 rhs_cols=1021 Vxx_nnz=1040400
FILTERDDP_TIMING iteration=7 barrier_iteration=0 stage=12 derivative_s=0.012494700 first_order_s=0.005263900 second_order_s=0.006864400 algebra_s=0.160599200 kkt_assembly_s=0.148946100 factor_s=0.179413900 solve_s=0.320255100 update_s=0.065081800 K_nnz=393075 rhs_cols=1021 Vxx_nnz=1040400
FILTERDDP_TIMING iteration=7 barrier_iteration=0 stage=11 derivative_s=0.015278800 first_order_s=0.005276300 second_order_s=0.009669300 algebra_s=0.036907300 kkt_assembly_s=0.143915200 factor_s=0.178758800 solve_s=0.306452700 update_s=0.068866400 K_nnz=393075 rhs_cols=1021 Vxx_nnz=1040400
FILTERDDP_TIMING iteration=7 barrier_iteration=0 stage=10 derivative_s=0.026339700 first_order_s=0.017792700 second_order_s=0.008208800 algebra_s=0.035358300 kkt_assembly_s=0.141806200 factor_s=0.172133400 solve_s=0.314845700 update_s=0.067365800 K_nnz=393075 rhs_cols=1021 Vxx_nnz=1040400
FILTERDDP_TIMING iteration=7 barrier_iteration=0 stage=9 derivative_s=0.015114300 first_order_s=0.004907600 second_order_s=0.009867100 algebra_s=0.051646000 kkt_assembly_s=0.146345700 factor_s=0.170778500 solve_s=0.307296700 update_s=0.079192500 K_nnz=393075 rhs_cols=1021 Vxx_nnz=1040400
FILTERDDP_TIMING iteration=7 barrier_iteration=0 stage=8 derivative_s=0.015156800 first_order_s=0.005099600 second_order_s=0.009709900 algebra_s=0.035513100 kkt_assembly_s=0.141822000 factor_s=0.220329100 solve_s=0.391097600 update_s=0.065876000 K_nnz=393075 rhs_cols=1021 Vxx_nnz=1040400
FILTERDDP_TIMING iteration=7 barrier_iteration=0 stage=7 derivative_s=0.015234100 first_order_s=0.005038900 second_order_s=0.009756500 algebra_s=0.034919000 kkt_assembly_s=0.142295700 factor_s=0.182533300 solve_s=0.306098900 update_s=0.074153400 K_nnz=393075 rhs_cols=1021 Vxx_nnz=1040400
FILTERDDP_TIMING iteration=7 barrier_iteration=0 stage=6 derivative_s=0.015306100 first_order_s=0.005050300 second_order_s=0.009914000 algebra_s=0.035033500 kkt_assembly_s=0.143233100 factor_s=0.177168600 solve_s=0.312035800 update_s=0.082310700 K_nnz=393075 rhs_cols=1021 Vxx_nnz=1040400
FILTERDDP_TIMING iteration=7 barrier_iteration=0 stage=5 derivative_s=0.025067100 first_order_s=0.008632200 second_order_s=0.015948300 algebra_s=0.052896700 kkt_assembly_s=0.145009700 factor_s=0.171550300 solve_s=0.295664300 update_s=0.071684100 K_nnz=393075 rhs_cols=1021 Vxx_nnz=1040400
FILTERDDP_TIMING iteration=7 barrier_iteration=0 stage=4 derivative_s=0.015304400 first_order_s=0.005069000 second_order_s=0.009890400 algebra_s=0.035466900 kkt_assembly_s=0.141719400 factor_s=0.179257200 solve_s=0.312719700 update_s=0.066832600 K_nnz=393075 rhs_cols=1021 Vxx_nnz=1040400
FILTERDDP_TIMING iteration=7 barrier_iteration=0 stage=3 derivative_s=0.015390700 first_order_s=0.005105600 second_order_s=0.009957100 algebra_s=0.043515900 kkt_assembly_s=0.147516100 factor_s=0.176181000 solve_s=0.303709000 update_s=0.119525800 K_nnz=393075 rhs_cols=1021 Vxx_nnz=1040400
FILTERDDP_TIMING iteration=7 barrier_iteration=0 stage=2 derivative_s=0.014974800 first_order_s=0.004975700 second_order_s=0.009666400 algebra_s=0.148146300 kkt_assembly_s=0.148609300 factor_s=0.181238600 solve_s=0.300551000 update_s=0.071763800 K_nnz=393075 rhs_cols=1021 Vxx_nnz=1040400
FILTERDDP_TIMING iteration=7 barrier_iteration=0 stage=1 derivative_s=0.015351600 first_order_s=0.005097300 second_order_s=0.009827800 algebra_s=0.041534900 kkt_assembly_s=0.144472700 factor_s=0.179205500 solve_s=0.301019100 update_s=0.066476800 K_nnz=393075 rhs_cols=1021 Vxx_nnz=1040400
FILTERDDP_FEASIBILITY iteration=7 barrier_iteration=0 equality_count=1015272 equality_rms=4.590110255840e-02 equality_max=9.652883179384e-01 equality_worst_stage=5 equality_worst_index=1 dynamics_count=23460 dynamics_rms=0.000000000000e+00 dynamics_max=0.000000000000e+00 dynamics_worst_stage=0 dynamics_worst_index=0 bound_count=1137768 bound_rms=0.000000000000e+00 bound_max=0.000000000000e+00 bound_worst_stage=0 bound_worst_index=0 bound_worst_kind=none
     7   9.35810859e+04   9.6529e-01   1.9209e+02   1.0000e+00    0.00      -     1.5625e-02   0
FILTERDDP_ITER_TIMING iteration=7 barrier_iteration=0 backward_s=20.607443500 forward_s=0.404351100 total_s=21.011794600 outcome=accepted step_size=3.125000000e-02 backtracks=0 mu=1.000000000e+00
FILTERDDP_TIMING iteration=8 barrier_iteration=0 stage=24 derivative_s=0.035959100 first_order_s=0.010639600 second_order_s=0.024736200 algebra_s=0.059326000 kkt_assembly_s=0.265145300 factor_s=0.166597100 solve_s=0.316842600 update_s=0.065642500 K_nnz=393075 rhs_cols=1021 Vxx_nnz=1040400
FILTERDDP_TIMING iteration=8 barrier_iteration=0 stage=23 derivative_s=0.018154800 first_order_s=0.005147300 second_order_s=0.012689900 algebra_s=0.035306500 kkt_assembly_s=0.178093400 factor_s=0.222548600 solve_s=0.451689700 update_s=0.075207300 K_nnz=393075 rhs_cols=1021 Vxx_nnz=1040400
FILTERDDP_TIMING iteration=8 barrier_iteration=0 stage=22 derivative_s=0.015407600 first_order_s=0.005074000 second_order_s=0.009993300 algebra_s=0.035161900 kkt_assembly_s=0.158644700 factor_s=0.180048100 solve_s=0.320528200 update_s=0.067954100 K_nnz=393075 rhs_cols=1021 Vxx_nnz=1040400
FILTERDDP_TIMING iteration=8 barrier_iteration=0 stage=21 derivative_s=0.015245200 first_order_s=0.005077300 second_order_s=0.009832500 algebra_s=0.045522400 kkt_assembly_s=0.142130700 factor_s=0.168824700 solve_s=0.304370700 update_s=0.072381300 K_nnz=393075 rhs_cols=1021 Vxx_nnz=1040400
FILTERDDP_TIMING iteration=8 barrier_iteration=0 stage=20 derivative_s=0.015018900 first_order_s=0.005029700 second_order_s=0.009674100 algebra_s=0.035771300 kkt_assembly_s=0.142453900 factor_s=0.203803300 solve_s=0.305963800 update_s=0.064169700 K_nnz=393075 rhs_cols=1021 Vxx_nnz=1040400
FILTERDDP_TIMING iteration=8 barrier_iteration=0 stage=19 derivative_s=0.015202900 first_order_s=0.005101000 second_order_s=0.009767200 algebra_s=0.044239100 kkt_assembly_s=0.141431800 factor_s=0.179108000 solve_s=0.294149400 update_s=0.073234500 K_nnz=393075 rhs_cols=1021 Vxx_nnz=1040400
FILTERDDP_TIMING iteration=8 barrier_iteration=0 stage=18 derivative_s=0.015626800 first_order_s=0.005116800 second_order_s=0.010189800 algebra_s=0.077581800 kkt_assembly_s=0.147249300 factor_s=0.181149400 solve_s=0.423255500 update_s=0.065688400 K_nnz=393075 rhs_cols=1021 Vxx_nnz=1040400
FILTERDDP_TIMING iteration=8 barrier_iteration=0 stage=17 derivative_s=0.018537900 first_order_s=0.005247200 second_order_s=0.012929700 algebra_s=0.037448800 kkt_assembly_s=0.159043800 factor_s=0.190881800 solve_s=0.305204700 update_s=0.073197900 K_nnz=393075 rhs_cols=1021 Vxx_nnz=1040400
FILTERDDP_TIMING iteration=8 barrier_iteration=0 stage=16 derivative_s=0.015057300 first_order_s=0.004933100 second_order_s=0.009808700 algebra_s=0.048992900 kkt_assembly_s=0.144867400 factor_s=0.169912500 solve_s=0.293995800 update_s=0.076978200 K_nnz=393075 rhs_cols=1021 Vxx_nnz=1040400
FILTERDDP_TIMING iteration=8 barrier_iteration=0 stage=15 derivative_s=0.014243800 first_order_s=0.005432900 second_order_s=0.008456400 algebra_s=0.036793700 kkt_assembly_s=0.145429700 factor_s=0.177962300 solve_s=0.312950300 update_s=0.069661000 K_nnz=393075 rhs_cols=1021 Vxx_nnz=1040400
FILTERDDP_TIMING iteration=8 barrier_iteration=0 stage=14 derivative_s=0.015152300 first_order_s=0.005301500 second_order_s=0.009530500 algebra_s=0.044731200 kkt_assembly_s=0.159568100 factor_s=0.171341500 solve_s=0.296647200 update_s=0.072178600 K_nnz=393075 rhs_cols=1021 Vxx_nnz=1040400
FILTERDDP_TIMING iteration=8 barrier_iteration=0 stage=13 derivative_s=0.015002900 first_order_s=0.004990100 second_order_s=0.009669000 algebra_s=0.036717000 kkt_assembly_s=0.143703900 factor_s=0.175969600 solve_s=0.316151400 update_s=0.065555600 K_nnz=393075 rhs_cols=1021 Vxx_nnz=1040400
FILTERDDP_TIMING iteration=8 barrier_iteration=0 stage=12 derivative_s=0.015097300 first_order_s=0.005228100 second_order_s=0.009551500 algebra_s=0.085668100 kkt_assembly_s=0.143916600 factor_s=0.169848700 solve_s=0.428029400 update_s=0.064672200 K_nnz=393075 rhs_cols=1021 Vxx_nnz=1040400
FILTERDDP_TIMING iteration=8 barrier_iteration=0 stage=11 derivative_s=0.030611000 first_order_s=0.010139900 second_order_s=0.020017100 algebra_s=0.059562300 kkt_assembly_s=0.146638500 factor_s=0.211401900 solve_s=0.322218700 update_s=0.063307800 K_nnz=393075 rhs_cols=1021 Vxx_nnz=1040400
FILTERDDP_TIMING iteration=8 barrier_iteration=0 stage=10 derivative_s=0.015300200 first_order_s=0.005197100 second_order_s=0.009774600 algebra_s=0.047118800 kkt_assembly_s=0.148038100 factor_s=0.183020300 solve_s=0.310598400 update_s=0.085806500 K_nnz=393075 rhs_cols=1021 Vxx_nnz=1040400
FILTERDDP_TIMING iteration=8 barrier_iteration=0 stage=9 derivative_s=0.015441200 first_order_s=0.005134700 second_order_s=0.009967200 algebra_s=0.037545100 kkt_assembly_s=0.157315800 factor_s=0.211725200 solve_s=0.330007400 update_s=0.064965000 K_nnz=393075 rhs_cols=1021 Vxx_nnz=1040400
FILTERDDP_TIMING iteration=8 barrier_iteration=0 stage=8 derivative_s=0.014104000 first_order_s=0.005431700 second_order_s=0.008306000 algebra_s=0.047038900 kkt_assembly_s=0.152684800 factor_s=0.186897300 solve_s=0.308740500 update_s=0.084636700 K_nnz=393075 rhs_cols=1021 Vxx_nnz=1040400
FILTERDDP_TIMING iteration=8 barrier_iteration=0 stage=7 derivative_s=0.015605500 first_order_s=0.005103600 second_order_s=0.010152900 algebra_s=0.052677300 kkt_assembly_s=0.156414600 factor_s=0.218312700 solve_s=0.358338800 update_s=0.072707400 K_nnz=393075 rhs_cols=1021 Vxx_nnz=1040400
FILTERDDP_TIMING iteration=8 barrier_iteration=0 stage=6 derivative_s=0.015429000 first_order_s=0.005534700 second_order_s=0.009556400 algebra_s=0.137105800 kkt_assembly_s=0.151877500 factor_s=0.190686800 solve_s=0.307012600 update_s=0.064877600 K_nnz=393075 rhs_cols=1021 Vxx_nnz=1040400
FILTERDDP_TIMING iteration=8 barrier_iteration=0 stage=5 derivative_s=0.015101000 first_order_s=0.005088100 second_order_s=0.009599800 algebra_s=0.035391500 kkt_assembly_s=0.144025100 factor_s=0.179756700 solve_s=0.305424000 update_s=0.070753600 K_nnz=393075 rhs_cols=1021 Vxx_nnz=1040400
FILTERDDP_TIMING iteration=8 barrier_iteration=0 stage=4 derivative_s=0.023513400 first_order_s=0.013341700 second_order_s=0.009812000 algebra_s=0.034836600 kkt_assembly_s=0.141998600 factor_s=0.175638800 solve_s=0.317436900 update_s=0.068610600 K_nnz=393075 rhs_cols=1021 Vxx_nnz=1040400
FILTERDDP_TIMING iteration=8 barrier_iteration=0 stage=3 derivative_s=0.016753400 first_order_s=0.004976100 second_order_s=0.011406200 algebra_s=0.049086800 kkt_assembly_s=0.142261400 factor_s=0.167129200 solve_s=0.311624100 update_s=0.071827100 K_nnz=393075 rhs_cols=1021 Vxx_nnz=1040400
FILTERDDP_TIMING iteration=8 barrier_iteration=0 stage=2 derivative_s=0.016836200 first_order_s=0.005259900 second_order_s=0.011233000 algebra_s=0.036377700 kkt_assembly_s=0.142549900 factor_s=0.233891100 solve_s=0.387566400 update_s=0.067043900 K_nnz=393075 rhs_cols=1021 Vxx_nnz=1040400
FILTERDDP_TIMING iteration=8 barrier_iteration=0 stage=1 derivative_s=0.017195300 first_order_s=0.005834200 second_order_s=0.010855400 algebra_s=0.036251800 kkt_assembly_s=0.142570400 factor_s=0.180463100 solve_s=0.301185400 update_s=0.072368700 K_nnz=393075 rhs_cols=1021 Vxx_nnz=1040400
FILTERDDP_FEASIBILITY iteration=8 barrier_iteration=0 equality_count=1015272 equality_rms=4.553710717265e-02 equality_max=9.351230580028e-01 equality_worst_stage=5 equality_worst_index=1 dynamics_count=23460 dynamics_rms=0.000000000000e+00 dynamics_max=0.000000000000e+00 dynamics_worst_stage=0 dynamics_worst_index=0 bound_count=1137768 bound_rms=0.000000000000e+00 bound_max=0.000000000000e+00 bound_worst_stage=0 bound_worst_index=0 bound_worst_kind=none
     8   1.72253361e+05   9.3512e-01   1.8609e+02   1.0000e+00    0.00      -     3.1250e-02   0
FILTERDDP_ITER_TIMING iteration=8 barrier_iteration=0 backward_s=20.948496400 forward_s=1.082968800 total_s=22.031465200 outcome=accepted step_size=1.562500000e-02 backtracks=2 mu=1.000000000e+00
FILTERDDP_TIMING iteration=9 barrier_iteration=0 stage=24 derivative_s=0.033674200 first_order_s=0.007901700 second_order_s=0.025428400 algebra_s=0.040113300 kkt_assembly_s=0.269804800 factor_s=0.176640000 solve_s=0.319934700 update_s=0.067346700 K_nnz=393075 rhs_cols=1021 Vxx_nnz=1040400
FILTERDDP_TIMING iteration=9 barrier_iteration=0 stage=23 derivative_s=0.018599400 first_order_s=0.005983200 second_order_s=0.012223000 algebra_s=0.049445500 kkt_assembly_s=0.152359800 factor_s=0.232083900 solve_s=0.442899000 update_s=0.062732200 K_nnz=393075 rhs_cols=1021 Vxx_nnz=1040400
FILTERDDP_TIMING iteration=9 barrier_iteration=0 stage=22 derivative_s=0.015316600 first_order_s=0.005538600 second_order_s=0.009464300 algebra_s=0.035250000 kkt_assembly_s=0.142751900 factor_s=0.177373200 solve_s=0.332086600 update_s=0.076585200 K_nnz=393075 rhs_cols=1021 Vxx_nnz=1040400
FILTERDDP_TIMING iteration=9 barrier_iteration=0 stage=21 derivative_s=0.016630900 first_order_s=0.005670900 second_order_s=0.010497000 algebra_s=0.053845900 kkt_assembly_s=0.143120600 factor_s=0.172584700 solve_s=0.309513800 update_s=0.072131700 K_nnz=393075 rhs_cols=1021 Vxx_nnz=1040400
FILTERDDP_TIMING iteration=9 barrier_iteration=0 stage=20 derivative_s=0.015154400 first_order_s=0.005088200 second_order_s=0.009744300 algebra_s=0.034859700 kkt_assembly_s=0.141695700 factor_s=0.201710500 solve_s=0.314744100 update_s=0.065446500 K_nnz=393075 rhs_cols=1021 Vxx_nnz=1040400
FILTERDDP_TIMING iteration=9 barrier_iteration=0 stage=19 derivative_s=0.026838400 first_order_s=0.005148900 second_order_s=0.021235400 algebra_s=0.035845900 kkt_assembly_s=0.144774700 factor_s=0.183075500 solve_s=0.376315600 update_s=0.069172100 K_nnz=393075 rhs_cols=1021 Vxx_nnz=1040400
FILTERDDP_TIMING iteration=9 barrier_iteration=0 stage=18 derivative_s=0.014599700 first_order_s=0.005079600 second_order_s=0.009177300 algebra_s=0.102143500 kkt_assembly_s=0.160284300 factor_s=0.181825400 solve_s=0.414252300 update_s=0.076618300 K_nnz=393075 rhs_cols=1021 Vxx_nnz=1040400
FILTERDDP_TIMING iteration=9 barrier_iteration=0 stage=17 derivative_s=0.026350100 first_order_s=0.011264100 second_order_s=0.014436800 algebra_s=0.039753100 kkt_assembly_s=0.204425700 factor_s=0.197720100 solve_s=0.327867600 update_s=0.068795400 K_nnz=393075 rhs_cols=1021 Vxx_nnz=1040400
FILTERDDP_TIMING iteration=9 barrier_iteration=0 stage=16 derivative_s=0.012406500 first_order_s=0.005369700 second_order_s=0.006692600 algebra_s=0.055325300 kkt_assembly_s=0.163391900 factor_s=0.172307600 solve_s=0.309224100 update_s=0.082403000 K_nnz=393075 rhs_cols=1021 Vxx_nnz=1040400
FILTERDDP_TIMING iteration=9 barrier_iteration=0 stage=15 derivative_s=0.016250600 first_order_s=0.005425700 second_order_s=0.010487300 algebra_s=0.043882800 kkt_assembly_s=0.162034800 factor_s=0.203586500 solve_s=0.367137600 update_s=0.060336700 K_nnz=393075 rhs_cols=1021 Vxx_nnz=1040400
FILTERDDP_TIMING iteration=9 barrier_iteration=0 stage=14 derivative_s=0.015661100 first_order_s=0.005423500 second_order_s=0.009890500 algebra_s=0.051498000 kkt_assembly_s=0.192017300 factor_s=0.239562400 solve_s=0.338504000 update_s=0.084391100 K_nnz=393075 rhs_cols=1021 Vxx_nnz=1040400
FILTERDDP_TIMING iteration=9 barrier_iteration=0 stage=13 derivative_s=0.019897500 first_order_s=0.008872800 second_order_s=0.010202100 algebra_s=0.058157100 kkt_assembly_s=0.255535300 factor_s=0.438589200 solve_s=0.510273100 update_s=0.077473700 K_nnz=393075 rhs_cols=1021 Vxx_nnz=1040400
FILTERDDP_TIMING iteration=9 barrier_iteration=0 stage=12 derivative_s=0.018473100 first_order_s=0.008427700 second_order_s=0.009516900 algebra_s=0.177917100 kkt_assembly_s=0.177516900 factor_s=0.206735000 solve_s=0.362360500 update_s=0.069441500 K_nnz=393075 rhs_cols=1021 Vxx_nnz=1040400
FILTERDDP_TIMING iteration=9 barrier_iteration=0 stage=11 derivative_s=0.016775000 first_order_s=0.007986700 second_order_s=0.008224400 algebra_s=0.059329800 kkt_assembly_s=0.203202600 factor_s=0.206144000 solve_s=0.334662000 update_s=0.071875900 K_nnz=393075 rhs_cols=1021 Vxx_nnz=1040400
FILTERDDP_TIMING iteration=9 barrier_iteration=0 stage=10 derivative_s=0.014846200 first_order_s=0.006595200 second_order_s=0.007684300 algebra_s=0.056685000 kkt_assembly_s=0.224006300 factor_s=0.180926500 solve_s=0.315785000 update_s=0.070910500 K_nnz=393075 rhs_cols=1021 Vxx_nnz=1040400
FILTERDDP_TIMING iteration=9 barrier_iteration=0 stage=9 derivative_s=0.019749600 first_order_s=0.007911700 second_order_s=0.011231000 algebra_s=0.057986500 kkt_assembly_s=0.166820100 factor_s=0.173884200 solve_s=0.307361600 update_s=0.077779100 K_nnz=393075 rhs_cols=1021 Vxx_nnz=1040400
FILTERDDP_TIMING iteration=9 barrier_iteration=0 stage=8 derivative_s=0.015282200 first_order_s=0.005280300 second_order_s=0.009664500 algebra_s=0.035794800 kkt_assembly_s=0.150309400 factor_s=0.220086600 solve_s=0.398843500 update_s=0.066044600 K_nnz=393075 rhs_cols=1021 Vxx_nnz=1040400
FILTERDDP_TIMING iteration=9 barrier_iteration=0 stage=7 derivative_s=0.022028600 first_order_s=0.008967200 second_order_s=0.012522900 algebra_s=0.052625200 kkt_assembly_s=0.153618300 factor_s=0.202551900 solve_s=0.310651000 update_s=0.072968800 K_nnz=393075 rhs_cols=1021 Vxx_nnz=1040400
FILTERDDP_TIMING iteration=9 barrier_iteration=0 stage=6 derivative_s=0.025844900 first_order_s=0.018552700 second_order_s=0.006952200 algebra_s=0.037979200 kkt_assembly_s=0.156313800 factor_s=0.209825100 solve_s=0.303819500 update_s=0.067002600 K_nnz=393075 rhs_cols=1021 Vxx_nnz=1040400
FILTERDDP_TIMING iteration=9 barrier_iteration=0 stage=5 derivative_s=0.017179600 first_order_s=0.004991700 second_order_s=0.011866100 algebra_s=0.047457500 kkt_assembly_s=0.151962400 factor_s=0.178450400 solve_s=0.314268600 update_s=0.076418900 K_nnz=393075 rhs_cols=1021 Vxx_nnz=1040400
FILTERDDP_TIMING iteration=9 barrier_iteration=0 stage=4 derivative_s=0.015117300 first_order_s=0.005177200 second_order_s=0.009626100 algebra_s=0.035810100 kkt_assembly_s=0.148704000 factor_s=0.193813500 solve_s=0.318005100 update_s=0.071646500 K_nnz=393075 rhs_cols=1021 Vxx_nnz=1040400
FILTERDDP_TIMING iteration=9 barrier_iteration=0 stage=3 derivative_s=0.015681900 first_order_s=0.005127500 second_order_s=0.010221500 algebra_s=0.052181500 kkt_assembly_s=0.243354700 factor_s=0.192903800 solve_s=0.310191600 update_s=0.148231000 K_nnz=393075 rhs_cols=1021 Vxx_nnz=1040400
FILTERDDP_TIMING iteration=9 barrier_iteration=0 stage=2 derivative_s=0.015243300 first_order_s=0.006450600 second_order_s=0.008223900 algebra_s=0.045000900 kkt_assembly_s=0.146261100 factor_s=0.291271100 solve_s=0.303736900 update_s=0.070379500 K_nnz=393075 rhs_cols=1021 Vxx_nnz=1040400
FILTERDDP_TIMING iteration=9 barrier_iteration=0 stage=1 derivative_s=0.025843400 first_order_s=0.005160400 second_order_s=0.020327000 algebra_s=0.035504300 kkt_assembly_s=0.179731100 factor_s=0.190944000 solve_s=0.308007200 update_s=0.086382000 K_nnz=393075 rhs_cols=1021 Vxx_nnz=1040400
FILTERDDP_FEASIBILITY iteration=9 barrier_iteration=0 equality_count=1015272 equality_rms=4.525310449292e-02 equality_max=9.205117602216e-01 equality_worst_stage=5 equality_worst_index=1 dynamics_count=23460 dynamics_rms=0.000000000000e+00 dynamics_max=0.000000000000e+00 dynamics_worst_stage=0 dynamics_worst_index=0 bound_count=1137768 bound_rms=0.000000000000e+00 bound_max=0.000000000000e+00 bound_worst_stage=0 bound_worst_index=0 bound_worst_kind=none
     9   2.10381130e+05   9.2051e-01   1.8318e+02   1.0000e+00    0.00      -     1.5625e-02   2
FILTERDDP_ITER_TIMING iteration=9 barrier_iteration=0 backward_s=22.688932800 forward_s=1.038090400 total_s=23.727023200 outcome=accepted step_size=1.562500000e-02 backtracks=2 mu=1.000000000e+00
FILTERDDP_TIMING iteration=10 barrier_iteration=0 stage=24 derivative_s=0.039979200 first_order_s=0.016907900 second_order_s=0.022755600 algebra_s=0.053683100 kkt_assembly_s=0.263553300 factor_s=0.173099700 solve_s=0.305104700 update_s=0.070677100 K_nnz=393075 rhs_cols=1021 Vxx_nnz=1040400
FILTERDDP_TIMING iteration=10 barrier_iteration=0 stage=23 derivative_s=0.015215400 first_order_s=0.005060500 second_order_s=0.009820800 algebra_s=0.035630700 kkt_assembly_s=0.191516200 factor_s=0.234526400 solve_s=0.448325700 update_s=0.079535500 K_nnz=393075 rhs_cols=1021 Vxx_nnz=1040400
FILTERDDP_TIMING iteration=10 barrier_iteration=0 stage=22 derivative_s=0.015277200 first_order_s=0.005141500 second_order_s=0.009816700 algebra_s=0.035544500 kkt_assembly_s=0.168175700 factor_s=0.183318500 solve_s=0.318242300 update_s=0.074376800 K_nnz=393075 rhs_cols=1021 Vxx_nnz=1040400
FILTERDDP_TIMING iteration=10 barrier_iteration=0 stage=21 derivative_s=0.015488200 first_order_s=0.005142200 second_order_s=0.009945300 algebra_s=0.050519700 kkt_assembly_s=0.144648000 factor_s=0.185107400 solve_s=0.306726400 update_s=0.081808100 K_nnz=393075 rhs_cols=1021 Vxx_nnz=1040400
FILTERDDP_TIMING iteration=10 barrier_iteration=0 stage=20 derivative_s=0.017019800 first_order_s=0.005211000 second_order_s=0.011461500 algebra_s=0.054564100 kkt_assembly_s=0.153226700 factor_s=0.181980900 solve_s=0.309839100 update_s=0.068831200 K_nnz=393075 rhs_cols=1021 Vxx_nnz=1040400
FILTERDDP_TIMING iteration=10 barrier_iteration=0 stage=19 derivative_s=0.024545700 first_order_s=0.005128100 second_order_s=0.019008700 algebra_s=0.035905400 kkt_assembly_s=0.145926600 factor_s=0.199246200 solve_s=0.311526400 update_s=0.063602300 K_nnz=393075 rhs_cols=1021 Vxx_nnz=1040400
FILTERDDP_TIMING iteration=10 barrier_iteration=0 stage=18 derivative_s=0.017060200 first_order_s=0.005107200 second_order_s=0.011579800 algebra_s=0.052952700 kkt_assembly_s=0.150990400 factor_s=0.171246000 solve_s=0.342876000 update_s=0.204474500 K_nnz=393075 rhs_cols=1021 Vxx_nnz=1040400
FILTERDDP_TIMING iteration=10 barrier_iteration=0 stage=17 derivative_s=0.024090400 first_order_s=0.009544900 second_order_s=0.014002300 algebra_s=0.039673000 kkt_assembly_s=0.150510200 factor_s=0.172409800 solve_s=0.320796000 update_s=0.060538000 K_nnz=393075 rhs_cols=1021 Vxx_nnz=1040400
FILTERDDP_TIMING iteration=10 barrier_iteration=0 stage=16 derivative_s=0.015344000 first_order_s=0.005018400 second_order_s=0.009976200 algebra_s=0.044123700 kkt_assembly_s=0.149911800 factor_s=0.198520700 solve_s=0.314797900 update_s=0.085570100 K_nnz=393075 rhs_cols=1021 Vxx_nnz=1040400
FILTERDDP_TIMING iteration=10 barrier_iteration=0 stage=15 derivative_s=0.019916300 first_order_s=0.006913200 second_order_s=0.012507400 algebra_s=0.045357900 kkt_assembly_s=0.142393700 factor_s=0.182099000 solve_s=0.313911700 update_s=0.065246500 K_nnz=393075 rhs_cols=1021 Vxx_nnz=1040400
FILTERDDP_TIMING iteration=10 barrier_iteration=0 stage=14 derivative_s=0.014376700 first_order_s=0.005009400 second_order_s=0.009030200 algebra_s=0.043049900 kkt_assembly_s=0.150712500 factor_s=0.181062400 solve_s=0.318101700 update_s=0.084119100 K_nnz=393075 rhs_cols=1021 Vxx_nnz=1040400
FILTERDDP_TIMING iteration=10 barrier_iteration=0 stage=13 derivative_s=0.015281600 first_order_s=0.005266500 second_order_s=0.009666700 algebra_s=0.039631400 kkt_assembly_s=0.148549600 factor_s=0.197695700 solve_s=0.349912800 update_s=0.070695000 K_nnz=393075 rhs_cols=1021 Vxx_nnz=1040400
FILTERDDP_TIMING iteration=10 barrier_iteration=0 stage=12 derivative_s=0.015500500 first_order_s=0.005274400 second_order_s=0.009892500 algebra_s=0.143461200 kkt_assembly_s=0.143598800 factor_s=0.202683300 solve_s=0.325375900 update_s=0.062171700 K_nnz=393075 rhs_cols=1021 Vxx_nnz=1040400
FILTERDDP_TIMING iteration=10 barrier_iteration=0 stage=11 derivative_s=0.012949400 first_order_s=0.005095000 second_order_s=0.007507200 algebra_s=0.035527100 kkt_assembly_s=0.144768000 factor_s=0.182638000 solve_s=0.317241400 update_s=0.065868700 K_nnz=393075 rhs_cols=1021 Vxx_nnz=1040400
FILTERDDP_TIMING iteration=10 barrier_iteration=0 stage=10 derivative_s=0.015566300 first_order_s=0.005187500 second_order_s=0.010045500 algebra_s=0.053572100 kkt_assembly_s=0.145120000 factor_s=0.207612100 solve_s=0.300232700 update_s=0.082789300 K_nnz=393075 rhs_cols=1021 Vxx_nnz=1040400
FILTERDDP_TIMING iteration=10 barrier_iteration=0 stage=9 derivative_s=0.014853300 first_order_s=0.005482600 second_order_s=0.009033400 algebra_s=0.042570300 kkt_assembly_s=0.143821700 factor_s=0.177017800 solve_s=0.312137200 update_s=0.068139600 K_nnz=393075 rhs_cols=1021 Vxx_nnz=1040400
FILTERDDP_TIMING iteration=10 barrier_iteration=0 stage=8 derivative_s=0.025658100 first_order_s=0.005869000 second_order_s=0.019259900 algebra_s=0.037076800 kkt_assembly_s=0.145360500 factor_s=0.212632100 solve_s=0.310039800 update_s=0.159261700 K_nnz=393075 rhs_cols=1021 Vxx_nnz=1040400
FILTERDDP_TIMING iteration=10 barrier_iteration=0 stage=7 derivative_s=0.016892300 first_order_s=0.005291100 second_order_s=0.011260100 algebra_s=0.036835800 kkt_assembly_s=0.145920700 factor_s=0.178688700 solve_s=0.301642100 update_s=0.072399200 K_nnz=393075 rhs_cols=1021 Vxx_nnz=1040400
FILTERDDP_TIMING iteration=10 barrier_iteration=0 stage=6 derivative_s=0.033471300 first_order_s=0.007889900 second_order_s=0.025018300 algebra_s=0.036543800 kkt_assembly_s=0.144071900 factor_s=0.221687200 solve_s=0.312235200 update_s=0.074920200 K_nnz=393075 rhs_cols=1021 Vxx_nnz=1040400
FILTERDDP_TIMING iteration=10 barrier_iteration=0 stage=5 derivative_s=0.028409300 first_order_s=0.011102300 second_order_s=0.016875200 algebra_s=0.070619300 kkt_assembly_s=0.165704000 factor_s=0.185134100 solve_s=0.350518000 update_s=0.064095400 K_nnz=393075 rhs_cols=1021 Vxx_nnz=1040400
FILTERDDP_TIMING iteration=10 barrier_iteration=0 stage=4 derivative_s=0.016475100 first_order_s=0.007835600 second_order_s=0.008278200 algebra_s=0.043149100 kkt_assembly_s=0.153745100 factor_s=0.179536900 solve_s=0.305386700 update_s=0.068890200 K_nnz=393075 rhs_cols=1021 Vxx_nnz=1040400
FILTERDDP_TIMING iteration=10 barrier_iteration=0 stage=3 derivative_s=0.016067800 first_order_s=0.005366400 second_order_s=0.010337500 algebra_s=0.047727900 kkt_assembly_s=0.150515600 factor_s=0.177817900 solve_s=0.301681100 update_s=0.112393900 K_nnz=393075 rhs_cols=1021 Vxx_nnz=1040400
FILTERDDP_TIMING iteration=10 barrier_iteration=0 stage=2 derivative_s=0.015440800 first_order_s=0.005251200 second_order_s=0.009839300 algebra_s=0.037996700 kkt_assembly_s=0.197385600 factor_s=0.288738300 solve_s=0.315295500 update_s=0.084602600 K_nnz=393075 rhs_cols=1021 Vxx_nnz=1040400
FILTERDDP_TIMING iteration=10 barrier_iteration=0 stage=1 derivative_s=0.019200400 first_order_s=0.006358000 second_order_s=0.012417700 algebra_s=0.039340900 kkt_assembly_s=0.174154800 factor_s=0.212325500 solve_s=0.332084800 update_s=0.068992700 K_nnz=393075 rhs_cols=1021 Vxx_nnz=1040400
FILTERDDP_FEASIBILITY iteration=10 barrier_iteration=0 equality_count=1015272 equality_rms=4.502112719275e-02 equality_max=9.061287639681e-01 equality_worst_stage=5 equality_worst_index=1 dynamics_count=23460 dynamics_rms=0.000000000000e+00 dynamics_max=0.000000000000e+00 dynamics_worst_stage=0 dynamics_worst_index=0 bound_count=1137768 bound_rms=0.000000000000e+00 bound_max=0.000000000000e+00 bound_worst_stage=0 bound_worst_index=0 bound_worst_kind=none
  iter     objective        pr_inf       du_inf       cs_inf     lg(μ)   lg(reg)    alpha     ls
    10   2.47957196e+05   9.0613e-01   1.8032e+02   1.0000e+00    0.00      -     1.5625e-02   2
FILTERDDP_ITER_TIMING iteration=10 barrier_iteration=0 backward_s=21.376326000 forward_s=1.260325100 total_s=22.636651100 outcome=accepted step_size=1.562500000e-02 backtracks=3 mu=1.000000000e+00
FILTERDDP_TIMING iteration=11 barrier_iteration=0 stage=24 derivative_s=0.033879400 first_order_s=0.010125700 second_order_s=0.023205400 algebra_s=0.060669700 kkt_assembly_s=0.260160700 factor_s=0.209089300 solve_s=0.318699500 update_s=0.068016100 K_nnz=393075 rhs_cols=1021 Vxx_nnz=1040400
FILTERDDP_TIMING iteration=11 barrier_iteration=0 stage=23 derivative_s=0.012873500 first_order_s=0.005422600 second_order_s=0.007097500 algebra_s=0.036352600 kkt_assembly_s=0.161833800 factor_s=0.245430000 solve_s=0.454575200 update_s=0.061786400 K_nnz=393075 rhs_cols=1021 Vxx_nnz=1040400
FILTERDDP_TIMING iteration=11 barrier_iteration=0 stage=22 derivative_s=0.013161900 first_order_s=0.005377700 second_order_s=0.007449500 algebra_s=0.044240000 kkt_assembly_s=0.159301400 factor_s=0.214945500 solve_s=0.314018300 update_s=0.071796200 K_nnz=393075 rhs_cols=1021 Vxx_nnz=1040400
FILTERDDP_TIMING iteration=11 barrier_iteration=0 stage=21 derivative_s=0.026093600 first_order_s=0.014233700 second_order_s=0.011502100 algebra_s=0.041049500 kkt_assembly_s=0.154061100 factor_s=0.195717700 solve_s=0.342232000 update_s=0.065074600 K_nnz=393075 rhs_cols=1021 Vxx_nnz=1040400
FILTERDDP_TIMING iteration=11 barrier_iteration=0 stage=20 derivative_s=0.013475500 first_order_s=0.005240500 second_order_s=0.007892000 algebra_s=0.050990500 kkt_assembly_s=0.158860900 factor_s=0.187201400 solve_s=0.307679100 update_s=0.075909100 K_nnz=393075 rhs_cols=1021 Vxx_nnz=1040400
FILTERDDP_TIMING iteration=11 barrier_iteration=0 stage=19 derivative_s=0.012761000 first_order_s=0.005445100 second_order_s=0.006976500 algebra_s=0.038321500 kkt_assembly_s=0.172881200 factor_s=0.182638300 solve_s=0.306369300 update_s=0.063827300 K_nnz=393075 rhs_cols=1021 Vxx_nnz=1040400
FILTERDDP_TIMING iteration=11 barrier_iteration=0 stage=18 derivative_s=0.013810900 first_order_s=0.005466500 second_order_s=0.008011500 algebra_s=0.062654600 kkt_assembly_s=0.152826700 factor_s=0.216292500 solve_s=0.298769100 update_s=0.187648900 K_nnz=393075 rhs_cols=1021 Vxx_nnz=1040400
FILTERDDP_TIMING iteration=11 barrier_iteration=0 stage=17 derivative_s=0.012541700 first_order_s=0.005281000 second_order_s=0.006913200 algebra_s=0.036765500 kkt_assembly_s=0.144475900 factor_s=0.174116800 solve_s=0.306277500 update_s=0.060607100 K_nnz=393075 rhs_cols=1021 Vxx_nnz=1040400
FILTERDDP_TIMING iteration=11 barrier_iteration=0 stage=16 derivative_s=0.024915800 first_order_s=0.005285500 second_order_s=0.019226900 algebra_s=0.036144700 kkt_assembly_s=0.162373000 factor_s=0.191767700 solve_s=0.315092100 update_s=0.065992500 K_nnz=393075 rhs_cols=1021 Vxx_nnz=1040400
FILTERDDP_TIMING iteration=11 barrier_iteration=0 stage=15 derivative_s=0.013035300 first_order_s=0.005378000 second_order_s=0.007309000 algebra_s=0.061378900 kkt_assembly_s=0.159915000 factor_s=0.199423200 solve_s=0.307443600 update_s=0.072883200 K_nnz=393075 rhs_cols=1021 Vxx_nnz=1040400
FILTERDDP_TIMING iteration=11 barrier_iteration=0 stage=14 derivative_s=0.019341100 first_order_s=0.007150100 second_order_s=0.011733800 algebra_s=0.036611800 kkt_assembly_s=0.148153800 factor_s=0.179809000 solve_s=0.319329300 update_s=0.073609200 K_nnz=393075 rhs_cols=1021 Vxx_nnz=1040400
FILTERDDP_TIMING iteration=11 barrier_iteration=0 stage=13 derivative_s=0.015391900 first_order_s=0.005352400 second_order_s=0.009692900 algebra_s=0.049583800 kkt_assembly_s=0.148484100 factor_s=0.207479100 solve_s=0.348351300 update_s=0.167560100 K_nnz=393075 rhs_cols=1021 Vxx_nnz=1040400
FILTERDDP_TIMING iteration=11 barrier_iteration=0 stage=12 derivative_s=0.012180700 first_order_s=0.005114600 second_order_s=0.006642500 algebra_s=0.044268400 kkt_assembly_s=0.146353800 factor_s=0.191365900 solve_s=0.308242800 update_s=0.071392000 K_nnz=393075 rhs_cols=1021 Vxx_nnz=1040400
FILTERDDP_TIMING iteration=11 barrier_iteration=0 stage=11 derivative_s=0.025598300 first_order_s=0.006916200 second_order_s=0.018009100 algebra_s=0.036743600 kkt_assembly_s=0.148869000 factor_s=0.186094100 solve_s=0.321471600 update_s=0.068313000 K_nnz=393075 rhs_cols=1021 Vxx_nnz=1040400
FILTERDDP_TIMING iteration=11 barrier_iteration=0 stage=10 derivative_s=0.015309800 first_order_s=0.005205200 second_order_s=0.009764400 algebra_s=0.049548700 kkt_assembly_s=0.149655900 factor_s=0.168473300 solve_s=0.307848700 update_s=0.075716400 K_nnz=393075 rhs_cols=1021 Vxx_nnz=1040400
FILTERDDP_TIMING iteration=11 barrier_iteration=0 stage=9 derivative_s=0.015180000 first_order_s=0.005118000 second_order_s=0.009730600 algebra_s=0.042217600 kkt_assembly_s=0.144906900 factor_s=0.175992300 solve_s=0.305922400 update_s=0.075996000 K_nnz=393075 rhs_cols=1021 Vxx_nnz=1040400
FILTERDDP_TIMING iteration=11 barrier_iteration=0 stage=8 derivative_s=0.029948500 first_order_s=0.007028900 second_order_s=0.022579300 algebra_s=0.040993300 kkt_assembly_s=0.154383300 factor_s=0.188123400 solve_s=0.328586400 update_s=0.073999800 K_nnz=393075 rhs_cols=1021 Vxx_nnz=1040400
FILTERDDP_TIMING iteration=11 barrier_iteration=0 stage=7 derivative_s=0.014784500 first_order_s=0.005573100 second_order_s=0.008871800 algebra_s=0.084447400 kkt_assembly_s=0.145882500 factor_s=0.175386600 solve_s=0.405317900 update_s=0.066277200 K_nnz=393075 rhs_cols=1021 Vxx_nnz=1040400
FILTERDDP_TIMING iteration=11 barrier_iteration=0 stage=6 derivative_s=0.015205400 first_order_s=0.005267700 second_order_s=0.009597800 algebra_s=0.039027100 kkt_assembly_s=0.151760700 factor_s=0.185524300 solve_s=0.329280000 update_s=0.063384900 K_nnz=393075 rhs_cols=1021 Vxx_nnz=1040400
FILTERDDP_TIMING iteration=11 barrier_iteration=0 stage=5 derivative_s=0.015494500 first_order_s=0.005262700 second_order_s=0.009896800 algebra_s=0.047169900 kkt_assembly_s=0.146407500 factor_s=0.176211300 solve_s=0.312400400 update_s=0.082566800 K_nnz=393075 rhs_cols=1021 Vxx_nnz=1040400
FILTERDDP_TIMING iteration=11 barrier_iteration=0 stage=4 derivative_s=0.016292400 first_order_s=0.005455000 second_order_s=0.010494600 algebra_s=0.036135800 kkt_assembly_s=0.143455700 factor_s=0.203728100 solve_s=0.318628600 update_s=0.064843100 K_nnz=393075 rhs_cols=1021 Vxx_nnz=1040400
FILTERDDP_TIMING iteration=11 barrier_iteration=0 stage=3 derivative_s=0.024763600 first_order_s=0.005652300 second_order_s=0.018632300 algebra_s=0.038620000 kkt_assembly_s=0.177215300 factor_s=0.177025500 solve_s=0.304620700 update_s=0.066679300 K_nnz=393075 rhs_cols=1021 Vxx_nnz=1040400
FILTERDDP_TIMING iteration=11 barrier_iteration=0 stage=2 derivative_s=0.015675800 first_order_s=0.005403800 second_order_s=0.009925700 algebra_s=0.048433600 kkt_assembly_s=0.156795800 factor_s=0.208297600 solve_s=0.346829700 update_s=0.174970400 K_nnz=393075 rhs_cols=1021 Vxx_nnz=1040400
FILTERDDP_TIMING iteration=11 barrier_iteration=0 stage=1 derivative_s=0.016559700 first_order_s=0.007760100 second_order_s=0.008190300 algebra_s=0.038099400 kkt_assembly_s=0.155993800 factor_s=0.179561900 solve_s=0.304027500 update_s=0.079416800 K_nnz=393075 rhs_cols=1021 Vxx_nnz=1040400
FILTERDDP_FEASIBILITY iteration=11 barrier_iteration=0 equality_count=1015272 equality_rms=4.483412677278e-02 equality_max=8.919705020311e-01 equality_worst_stage=5 equality_worst_index=1 dynamics_count=23460 dynamics_rms=0.000000000000e+00 dynamics_max=0.000000000000e+00 dynamics_worst_stage=0 dynamics_worst_index=0 bound_count=1137768 bound_rms=0.000000000000e+00 bound_max=0.000000000000e+00 bound_worst_stage=0 bound_worst_index=0 bound_worst_kind=none
    11   2.84995299e+05   8.9197e-01   1.7750e+02   1.0000e+00    0.00      -     1.5625e-02   3
FILTERDDP_ITER_TIMING iteration=11 barrier_iteration=0 backward_s=21.289612900 forward_s=1.456232400 total_s=22.745845300 outcome=accepted step_size=1.562500000e-02 backtracks=3 mu=1.000000000e+00
FILTERDDP_TIMING iteration=12 barrier_iteration=0 stage=24 derivative_s=0.036456300 first_order_s=0.009934700 second_order_s=0.025756100 algebra_s=0.063423300 kkt_assembly_s=0.267827800 factor_s=0.169224600 solve_s=0.312427300 update_s=0.067403800 K_nnz=393075 rhs_cols=1021 Vxx_nnz=1040400
FILTERDDP_TIMING iteration=12 barrier_iteration=0 stage=23 derivative_s=0.013505200 first_order_s=0.005670100 second_order_s=0.007482500 algebra_s=0.036619400 kkt_assembly_s=0.146163800 factor_s=0.220299300 solve_s=0.469108400 update_s=0.074205800 K_nnz=393075 rhs_cols=1021 Vxx_nnz=1040400
FILTERDDP_TIMING iteration=12 barrier_iteration=0 stage=22 derivative_s=0.015901600 first_order_s=0.005488100 second_order_s=0.010061800 algebra_s=0.042308400 kkt_assembly_s=0.146707500 factor_s=0.184456600 solve_s=0.325586600 update_s=0.068887800 K_nnz=393075 rhs_cols=1021 Vxx_nnz=1040400
FILTERDDP_TIMING iteration=12 barrier_iteration=0 stage=21 derivative_s=0.015098600 first_order_s=0.005019500 second_order_s=0.009732800 algebra_s=0.048139400 kkt_assembly_s=0.145725200 factor_s=0.173823900 solve_s=0.309274200 update_s=0.074880300 K_nnz=393075 rhs_cols=1021 Vxx_nnz=1040400
FILTERDDP_TIMING iteration=12 barrier_iteration=0 stage=20 derivative_s=0.021375100 first_order_s=0.007577800 second_order_s=0.013271100 algebra_s=0.040660800 kkt_assembly_s=0.149356300 factor_s=0.179311600 solve_s=0.313448400 update_s=0.063624400 K_nnz=393075 rhs_cols=1021 Vxx_nnz=1040400
FILTERDDP_TIMING iteration=12 barrier_iteration=0 stage=19 derivative_s=0.015420900 first_order_s=0.005476300 second_order_s=0.009577600 algebra_s=0.045206300 kkt_assembly_s=0.146663800 factor_s=0.180379500 solve_s=0.306435400 update_s=0.115928200 K_nnz=393075 rhs_cols=1021 Vxx_nnz=1040400
FILTERDDP_TIMING iteration=12 barrier_iteration=0 stage=18 derivative_s=0.022743200 first_order_s=0.007978700 second_order_s=0.014343900 algebra_s=0.140662800 kkt_assembly_s=0.145496000 factor_s=0.184474600 solve_s=0.301809100 update_s=0.079700000 K_nnz=393075 rhs_cols=1021 Vxx_nnz=1040400
FILTERDDP_TIMING iteration=12 barrier_iteration=0 stage=17 derivative_s=0.014778100 first_order_s=0.005048600 second_order_s=0.009408900 algebra_s=0.035776100 kkt_assembly_s=0.144801500 factor_s=0.175848700 solve_s=0.304388800 update_s=0.084588600 K_nnz=393075 rhs_cols=1021 Vxx_nnz=1040400
FILTERDDP_TIMING iteration=12 barrier_iteration=0 stage=16 derivative_s=0.015932200 first_order_s=0.005517500 second_order_s=0.010065200 algebra_s=0.048015600 kkt_assembly_s=0.148173100 factor_s=0.167212800 solve_s=0.314465800 update_s=0.071431400 K_nnz=393075 rhs_cols=1021 Vxx_nnz=1040400
FILTERDDP_TIMING iteration=12 barrier_iteration=0 stage=15 derivative_s=0.018563300 first_order_s=0.005117900 second_order_s=0.013108000 algebra_s=0.036544100 kkt_assembly_s=0.142582100 factor_s=0.174558900 solve_s=0.307461000 update_s=0.068672000 K_nnz=393075 rhs_cols=1021 Vxx_nnz=1040400
FILTERDDP_TIMING iteration=12 barrier_iteration=0 stage=14 derivative_s=0.012779400 first_order_s=0.005228400 second_order_s=0.007214900 algebra_s=0.045861300 kkt_assembly_s=0.168167000 factor_s=0.178862600 solve_s=0.307452400 update_s=0.075701900 K_nnz=393075 rhs_cols=1021 Vxx_nnz=1040400
FILTERDDP_TIMING iteration=12 barrier_iteration=0 stage=13 derivative_s=0.015231100 first_order_s=0.005142300 second_order_s=0.009754300 algebra_s=0.035100600 kkt_assembly_s=0.146871300 factor_s=0.182701800 solve_s=0.343749500 update_s=0.069601000 K_nnz=393075 rhs_cols=1021 Vxx_nnz=1040400
FILTERDDP_TIMING iteration=12 barrier_iteration=0 stage=12 derivative_s=0.015440100 first_order_s=0.005227100 second_order_s=0.009883500 algebra_s=0.144631800 kkt_assembly_s=0.145382500 factor_s=0.173433900 solve_s=0.304857400 update_s=0.069072800 K_nnz=393075 rhs_cols=1021 Vxx_nnz=1040400
FILTERDDP_TIMING iteration=12 barrier_iteration=0 stage=11 derivative_s=0.015529100 first_order_s=0.005087900 second_order_s=0.010085300 algebra_s=0.035545700 kkt_assembly_s=0.142506000 factor_s=0.181548800 solve_s=0.328376700 update_s=0.076019200 K_nnz=393075 rhs_cols=1021 Vxx_nnz=1040400
FILTERDDP_TIMING iteration=12 barrier_iteration=0 stage=10 derivative_s=0.015379600 first_order_s=0.005388100 second_order_s=0.009653700 algebra_s=0.049129400 kkt_assembly_s=0.142061000 factor_s=0.166229600 solve_s=0.306894500 update_s=0.070483400 K_nnz=393075 rhs_cols=1021 Vxx_nnz=1040400
FILTERDDP_TIMING iteration=12 barrier_iteration=0 stage=9 derivative_s=0.015474600 first_order_s=0.005239000 second_order_s=0.009896500 algebra_s=0.043101400 kkt_assembly_s=0.148824100 factor_s=0.200110200 solve_s=0.309351900 update_s=0.066991200 K_nnz=393075 rhs_cols=1021 Vxx_nnz=1040400
FILTERDDP_TIMING iteration=12 barrier_iteration=0 stage=8 derivative_s=0.015142600 first_order_s=0.006043500 second_order_s=0.008663700 algebra_s=0.044793800 kkt_assembly_s=0.158272300 factor_s=0.237300800 solve_s=0.302822200 update_s=0.163377900 K_nnz=393075 rhs_cols=1021 Vxx_nnz=1040400
FILTERDDP_TIMING iteration=12 barrier_iteration=0 stage=7 derivative_s=0.015431800 first_order_s=0.005171200 second_order_s=0.009917700 algebra_s=0.035663200 kkt_assembly_s=0.147679200 factor_s=0.174096500 solve_s=0.305517400 update_s=0.068925500 K_nnz=393075 rhs_cols=1021 Vxx_nnz=1040400
FILTERDDP_TIMING iteration=12 barrier_iteration=0 stage=6 derivative_s=0.025175900 first_order_s=0.005395000 second_order_s=0.019464600 algebra_s=0.035135200 kkt_assembly_s=0.142567500 factor_s=0.178894900 solve_s=0.322949700 update_s=0.073740800 K_nnz=393075 rhs_cols=1021 Vxx_nnz=1040400
FILTERDDP_TIMING iteration=12 barrier_iteration=0 stage=5 derivative_s=0.015227100 first_order_s=0.005013100 second_order_s=0.009884700 algebra_s=0.051417300 kkt_assembly_s=0.142762400 factor_s=0.167298900 solve_s=0.314181700 update_s=0.077806200 K_nnz=393075 rhs_cols=1021 Vxx_nnz=1040400
FILTERDDP_TIMING iteration=12 barrier_iteration=0 stage=4 derivative_s=0.012672100 first_order_s=0.005156100 second_order_s=0.007167100 algebra_s=0.034646200 kkt_assembly_s=0.143411400 factor_s=0.174863000 solve_s=0.300785500 update_s=0.077248800 K_nnz=393075 rhs_cols=1021 Vxx_nnz=1040400
FILTERDDP_TIMING iteration=12 barrier_iteration=0 stage=3 derivative_s=0.027728100 first_order_s=0.009747200 second_order_s=0.017425800 algebra_s=0.074984500 kkt_assembly_s=0.152466200 factor_s=0.174762300 solve_s=0.309342100 update_s=0.105077800 K_nnz=393075 rhs_cols=1021 Vxx_nnz=1040400
FILTERDDP_TIMING iteration=12 barrier_iteration=0 stage=2 derivative_s=0.015735700 first_order_s=0.005315400 second_order_s=0.010097000 algebra_s=0.036390500 kkt_assembly_s=0.142745300 factor_s=0.295388000 solve_s=0.301713900 update_s=0.067794900 K_nnz=393075 rhs_cols=1021 Vxx_nnz=1040400
FILTERDDP_TIMING iteration=12 barrier_iteration=0 stage=1 derivative_s=0.023901500 first_order_s=0.016494800 second_order_s=0.007065800 algebra_s=0.033999100 kkt_assembly_s=0.148203600 factor_s=0.206421400 solve_s=0.313035200 update_s=0.076996800 K_nnz=393075 rhs_cols=1021 Vxx_nnz=1040400
FILTERDDP_FEASIBILITY iteration=12 barrier_iteration=0 equality_count=1015272 equality_rms=4.468544848645e-02 equality_max=8.780334629369e-01 equality_worst_stage=5 equality_worst_index=1 dynamics_count=23460 dynamics_rms=0.000000000000e+00 dynamics_max=0.000000000000e+00 dynamics_worst_stage=0 dynamics_worst_index=0 bound_count=1137768 bound_rms=0.000000000000e+00 bound_max=0.000000000000e+00 bound_worst_stage=0 bound_worst_index=0 bound_worst_kind=none
    12   3.21507384e+05   8.7803e-01   1.7473e+02   1.0000e+00    0.00      -     1.5625e-02   3
FILTERDDP_ITER_TIMING iteration=12 barrier_iteration=0 backward_s=20.837023500 forward_s=1.219092100 total_s=22.056115600 outcome=accepted step_size=1.562500000e-02 backtracks=3 mu=1.000000000e+00
FILTERDDP_TIMING iteration=13 barrier_iteration=0 stage=24 derivative_s=0.035106200 first_order_s=0.008483200 second_order_s=0.026035700 algebra_s=0.048989100 kkt_assembly_s=0.262514400 factor_s=0.175051300 solve_s=0.315354700 update_s=0.073758500 K_nnz=393075 rhs_cols=1021 Vxx_nnz=1040400
FILTERDDP_TIMING iteration=13 barrier_iteration=0 stage=23 derivative_s=0.015214300 first_order_s=0.005097900 second_order_s=0.009781000 algebra_s=0.037823000 kkt_assembly_s=0.148872900 factor_s=0.233626300 solve_s=0.433318800 update_s=0.065089100 K_nnz=393075 rhs_cols=1021 Vxx_nnz=1040400
FILTERDDP_TIMING iteration=13 barrier_iteration=0 stage=22 derivative_s=0.014980200 first_order_s=0.005207100 second_order_s=0.009456000 algebra_s=0.035609400 kkt_assembly_s=0.143316800 factor_s=0.182663200 solve_s=0.314915400 update_s=0.071663800 K_nnz=393075 rhs_cols=1021 Vxx_nnz=1040400
FILTERDDP_TIMING iteration=13 barrier_iteration=0 stage=21 derivative_s=0.018575000 first_order_s=0.005079400 second_order_s=0.013152000 algebra_s=0.052121100 kkt_assembly_s=0.142515900 factor_s=0.175836600 solve_s=0.300051700 update_s=0.073839200 K_nnz=393075 rhs_cols=1021 Vxx_nnz=1040400
FILTERDDP_TIMING iteration=13 barrier_iteration=0 stage=20 derivative_s=0.018578600 first_order_s=0.005452100 second_order_s=0.012806700 algebra_s=0.041592900 kkt_assembly_s=0.146373200 factor_s=0.170311400 solve_s=0.321799800 update_s=0.062363700 K_nnz=393075 rhs_cols=1021 Vxx_nnz=1040400
FILTERDDP_TIMING iteration=13 barrier_iteration=0 stage=19 derivative_s=0.023362200 first_order_s=0.005253900 second_order_s=0.017762800 algebra_s=0.035453900 kkt_assembly_s=0.141479300 factor_s=0.173207800 solve_s=0.308775800 update_s=0.058966500 K_nnz=393075 rhs_cols=1021 Vxx_nnz=1040400
FILTERDDP_TIMING iteration=13 barrier_iteration=0 stage=18 derivative_s=0.014841900 first_order_s=0.005581100 second_order_s=0.008940500 algebra_s=0.045508000 kkt_assembly_s=0.180056700 factor_s=0.177600300 solve_s=0.374142800 update_s=0.175114900 K_nnz=393075 rhs_cols=1021 Vxx_nnz=1040400
FILTERDDP_TIMING iteration=13 barrier_iteration=0 stage=17 derivative_s=0.013170800 first_order_s=0.005356900 second_order_s=0.007470100 algebra_s=0.034354400 kkt_assembly_s=0.147464700 factor_s=0.168967900 solve_s=0.316773700 update_s=0.071884800 K_nnz=393075 rhs_cols=1021 Vxx_nnz=1040400
FILTERDDP_TIMING iteration=13 barrier_iteration=0 stage=16 derivative_s=0.015413700 first_order_s=0.005503900 second_order_s=0.009507400 algebra_s=0.044587900 kkt_assembly_s=0.142291600 factor_s=0.217159600 solve_s=0.326281600 update_s=0.066333100 K_nnz=393075 rhs_cols=1021 Vxx_nnz=1040400
FILTERDDP_TIMING iteration=13 barrier_iteration=0 stage=15 derivative_s=0.015475700 first_order_s=0.005318400 second_order_s=0.009823700 algebra_s=0.046007300 kkt_assembly_s=0.148017600 factor_s=0.179828900 solve_s=0.318847500 update_s=0.068893600 K_nnz=393075 rhs_cols=1021 Vxx_nnz=1040400
FILTERDDP_TIMING iteration=13 barrier_iteration=0 stage=14 derivative_s=0.015637300 first_order_s=0.005318100 second_order_s=0.009969100 algebra_s=0.043272400 kkt_assembly_s=0.142214200 factor_s=0.166005600 solve_s=0.316651000 update_s=0.065442600 K_nnz=393075 rhs_cols=1021 Vxx_nnz=1040400
FILTERDDP_TIMING iteration=13 barrier_iteration=0 stage=13 derivative_s=0.023016500 first_order_s=0.005217400 second_order_s=0.017481200 algebra_s=0.035752200 kkt_assembly_s=0.141514700 factor_s=0.208133700 solve_s=0.396528300 update_s=0.065818200 K_nnz=393075 rhs_cols=1021 Vxx_nnz=1040400
FILTERDDP_TIMING iteration=13 barrier_iteration=0 stage=12 derivative_s=0.015216500 first_order_s=0.005046600 second_order_s=0.009849900 algebra_s=0.035544900 kkt_assembly_s=0.142658800 factor_s=0.166283900 solve_s=0.320494200 update_s=0.067127000 K_nnz=393075 rhs_cols=1021 Vxx_nnz=1040400
FILTERDDP_TIMING iteration=13 barrier_iteration=0 stage=11 derivative_s=0.024906800 first_order_s=0.005448900 second_order_s=0.019092100 algebra_s=0.047116300 kkt_assembly_s=0.153864600 factor_s=0.171056300 solve_s=0.316988100 update_s=0.070459800 K_nnz=393075 rhs_cols=1021 Vxx_nnz=1040400
FILTERDDP_TIMING iteration=13 barrier_iteration=0 stage=10 derivative_s=0.015204600 first_order_s=0.005262800 second_order_s=0.009604500 algebra_s=0.049286100 kkt_assembly_s=0.149313600 factor_s=0.171460000 solve_s=0.302122000 update_s=0.072412600 K_nnz=393075 rhs_cols=1021 Vxx_nnz=1040400
FILTERDDP_TIMING iteration=13 barrier_iteration=0 stage=9 derivative_s=0.016826500 first_order_s=0.005143200 second_order_s=0.011348300 algebra_s=0.035958200 kkt_assembly_s=0.142163000 factor_s=0.177972000 solve_s=0.306463900 update_s=0.074255100 K_nnz=393075 rhs_cols=1021 Vxx_nnz=1040400
FILTERDDP_TIMING iteration=13 barrier_iteration=0 stage=8 derivative_s=0.016696000 first_order_s=0.005666000 second_order_s=0.010693400 algebra_s=0.053397500 kkt_assembly_s=0.147250600 factor_s=0.175708000 solve_s=0.336254200 update_s=0.168224600 K_nnz=393075 rhs_cols=1021 Vxx_nnz=1040400
FILTERDDP_TIMING iteration=13 barrier_iteration=0 stage=7 derivative_s=0.015385200 first_order_s=0.005243800 second_order_s=0.009810600 algebra_s=0.035029900 kkt_assembly_s=0.140377800 factor_s=0.167256300 solve_s=0.312442900 update_s=0.075472500 K_nnz=393075 rhs_cols=1021 Vxx_nnz=1040400
FILTERDDP_TIMING iteration=13 barrier_iteration=0 stage=6 derivative_s=0.024842700 first_order_s=0.014209100 second_order_s=0.010284300 algebra_s=0.035479300 kkt_assembly_s=0.142341200 factor_s=0.191335600 solve_s=0.316178500 update_s=0.069323500 K_nnz=393075 rhs_cols=1021 Vxx_nnz=1040400
FILTERDDP_TIMING iteration=13 barrier_iteration=0 stage=5 derivative_s=0.014984400 first_order_s=0.004934200 second_order_s=0.009722600 algebra_s=0.049809200 kkt_assembly_s=0.141087100 factor_s=0.165053200 solve_s=0.301377000 update_s=0.081774200 K_nnz=393075 rhs_cols=1021 Vxx_nnz=1040400
FILTERDDP_TIMING iteration=13 barrier_iteration=0 stage=4 derivative_s=0.015527400 first_order_s=0.005295800 second_order_s=0.009903600 algebra_s=0.042063200 kkt_assembly_s=0.146846100 factor_s=0.184817100 solve_s=0.301354100 update_s=0.065320800 K_nnz=393075 rhs_cols=1021 Vxx_nnz=1040400
FILTERDDP_TIMING iteration=13 barrier_iteration=0 stage=3 derivative_s=0.024609800 first_order_s=0.005122100 second_order_s=0.019139800 algebra_s=0.043151900 kkt_assembly_s=0.162107300 factor_s=0.186562900 solve_s=0.315259400 update_s=0.063604900 K_nnz=393075 rhs_cols=1021 Vxx_nnz=1040400
FILTERDDP_TIMING iteration=13 barrier_iteration=0 stage=2 derivative_s=0.015190400 first_order_s=0.005152600 second_order_s=0.009723000 algebra_s=0.086239500 kkt_assembly_s=0.145057000 factor_s=0.173405100 solve_s=0.398046400 update_s=0.071045300 K_nnz=393075 rhs_cols=1021 Vxx_nnz=1040400
FILTERDDP_TIMING iteration=13 barrier_iteration=0 stage=1 derivative_s=0.015447300 first_order_s=0.005412100 second_order_s=0.009703800 algebra_s=0.035459100 kkt_assembly_s=0.142362900 factor_s=0.189178800 solve_s=0.323186300 update_s=0.073976300 K_nnz=393075 rhs_cols=1021 Vxx_nnz=1040400
FILTERDDP_FEASIBILITY iteration=13 barrier_iteration=0 equality_count=1015272 equality_rms=4.456897493897e-02 equality_max=8.643141900784e-01 equality_worst_stage=5 equality_worst_index=1 dynamics_count=23460 dynamics_rms=0.000000000000e+00 dynamics_max=0.000000000000e+00 dynamics_worst_stage=0 dynamics_worst_index=0 bound_count=1137768 bound_rms=0.000000000000e+00 bound_max=0.000000000000e+00 bound_worst_stage=0 bound_worst_index=0 bound_worst_kind=none
    13   3.57503525e+05   8.6431e-01   1.7200e+02   1.0000e+00    0.00      -     1.5625e-02   3
FILTERDDP_ITER_TIMING iteration=13 barrier_iteration=0 backward_s=20.705273900 forward_s=1.476789900 total_s=22.182063800 outcome=accepted step_size=1.562500000e-02 backtracks=3 mu=1.000000000e+00
FILTERDDP_TIMING iteration=14 barrier_iteration=0 stage=24 derivative_s=0.028257800 first_order_s=0.006650900 second_order_s=0.021268200 algebra_s=0.062077100 kkt_assembly_s=0.285880100 factor_s=0.168071600 solve_s=0.310098900 update_s=0.060943400 K_nnz=393075 rhs_cols=1021 Vxx_nnz=1040400
FILTERDDP_TIMING iteration=14 barrier_iteration=0 stage=23 derivative_s=0.016329700 first_order_s=0.005648300 second_order_s=0.010310900 algebra_s=0.035835300 kkt_assembly_s=0.141103600 factor_s=0.217117700 solve_s=0.471451500 update_s=0.061730900 K_nnz=393075 rhs_cols=1021 Vxx_nnz=1040400
FILTERDDP_TIMING iteration=14 barrier_iteration=0 stage=22 derivative_s=0.015141400 first_order_s=0.005911600 second_order_s=0.008883600 algebra_s=0.054159700 kkt_assembly_s=0.148847300 factor_s=0.193886100 solve_s=0.322050100 update_s=0.065620400 K_nnz=393075 rhs_cols=1021 Vxx_nnz=1040400
FILTERDDP_TIMING iteration=14 barrier_iteration=0 stage=21 derivative_s=0.012346500 first_order_s=0.005042000 second_order_s=0.006945300 algebra_s=0.057620100 kkt_assembly_s=0.145415200 factor_s=0.173343100 solve_s=0.323270600 update_s=0.068067800 K_nnz=393075 rhs_cols=1021 Vxx_nnz=1040400
FILTERDDP_TIMING iteration=14 barrier_iteration=0 stage=20 derivative_s=0.015181900 first_order_s=0.005237400 second_order_s=0.009559400 algebra_s=0.037178900 kkt_assembly_s=0.142727600 factor_s=0.182928600 solve_s=0.308482000 update_s=0.078698000 K_nnz=393075 rhs_cols=1021 Vxx_nnz=1040400
FILTERDDP_TIMING iteration=14 barrier_iteration=0 stage=19 derivative_s=0.015479300 first_order_s=0.005292800 second_order_s=0.009803600 algebra_s=0.045214800 kkt_assembly_s=0.141665200 factor_s=0.176651900 solve_s=0.305803500 update_s=0.103448700 K_nnz=393075 rhs_cols=1021 Vxx_nnz=1040400
FILTERDDP_TIMING iteration=14 barrier_iteration=0 stage=18 derivative_s=0.015480000 first_order_s=0.005258400 second_order_s=0.009886600 algebra_s=0.151438100 kkt_assembly_s=0.151013300 factor_s=0.186379000 solve_s=0.308442400 update_s=0.076612000 K_nnz=393075 rhs_cols=1021 Vxx_nnz=1040400
FILTERDDP_TIMING iteration=14 barrier_iteration=0 stage=17 derivative_s=0.020471100 first_order_s=0.007198700 second_order_s=0.012915200 algebra_s=0.037815800 kkt_assembly_s=0.200019800 factor_s=0.209268100 solve_s=0.329136200 update_s=0.081205600 K_nnz=393075 rhs_cols=1021 Vxx_nnz=1040400
FILTERDDP_TIMING iteration=14 barrier_iteration=0 stage=16 derivative_s=0.015827900 first_order_s=0.005212200 second_order_s=0.010258100 algebra_s=0.044210200 kkt_assembly_s=0.154000000 factor_s=0.210455900 solve_s=0.307314500 update_s=0.078708500 K_nnz=393075 rhs_cols=1021 Vxx_nnz=1040400
FILTERDDP_TIMING iteration=14 barrier_iteration=0 stage=15 derivative_s=0.015327900 first_order_s=0.005233000 second_order_s=0.009736600 algebra_s=0.041988800 kkt_assembly_s=0.144577300 factor_s=0.176182700 solve_s=0.317546600 update_s=0.065145500 K_nnz=393075 rhs_cols=1021 Vxx_nnz=1040400
FILTERDDP_TIMING iteration=14 barrier_iteration=0 stage=14 derivative_s=0.015061800 first_order_s=0.005035400 second_order_s=0.009632900 algebra_s=0.053042000 kkt_assembly_s=0.141387600 factor_s=0.176879500 solve_s=0.306636600 update_s=0.074813200 K_nnz=393075 rhs_cols=1021 Vxx_nnz=1040400
FILTERDDP_TIMING iteration=14 barrier_iteration=0 stage=13 derivative_s=0.016167400 first_order_s=0.005825000 second_order_s=0.009972800 algebra_s=0.038410200 kkt_assembly_s=0.142502000 factor_s=0.175416900 solve_s=0.342414200 update_s=0.066013700 K_nnz=393075 rhs_cols=1021 Vxx_nnz=1040400
FILTERDDP_TIMING iteration=14 barrier_iteration=0 stage=12 derivative_s=0.013447500 first_order_s=0.005273000 second_order_s=0.007839300 algebra_s=0.144076100 kkt_assembly_s=0.145494100 factor_s=0.166298900 solve_s=0.316909900 update_s=0.070212800 K_nnz=393075 rhs_cols=1021 Vxx_nnz=1040400
FILTERDDP_TIMING iteration=14 barrier_iteration=0 stage=11 derivative_s=0.018843800 first_order_s=0.005580600 second_order_s=0.012923200 algebra_s=0.036775600 kkt_assembly_s=0.149816700 factor_s=0.177731700 solve_s=0.312237000 update_s=0.067690100 K_nnz=393075 rhs_cols=1021 Vxx_nnz=1040400
FILTERDDP_TIMING iteration=14 barrier_iteration=0 stage=10 derivative_s=0.023500000 first_order_s=0.013416700 second_order_s=0.009746700 algebra_s=0.034933600 kkt_assembly_s=0.147435200 factor_s=0.180884500 solve_s=0.323529400 update_s=0.074771000 K_nnz=393075 rhs_cols=1021 Vxx_nnz=1040400
FILTERDDP_TIMING iteration=14 barrier_iteration=0 stage=9 derivative_s=0.015231100 first_order_s=0.005142600 second_order_s=0.009759300 algebra_s=0.048420400 kkt_assembly_s=0.142436900 factor_s=0.171261500 solve_s=0.310574600 update_s=0.084305500 K_nnz=393075 rhs_cols=1021 Vxx_nnz=1040400
FILTERDDP_TIMING iteration=14 barrier_iteration=0 stage=8 derivative_s=0.015244800 first_order_s=0.005273400 second_order_s=0.009647700 algebra_s=0.035342800 kkt_assembly_s=0.149946900 factor_s=0.180727000 solve_s=0.306899500 update_s=0.063503800 K_nnz=393075 rhs_cols=1021 Vxx_nnz=1040400
FILTERDDP_TIMING iteration=14 barrier_iteration=0 stage=7 derivative_s=0.015259700 first_order_s=0.005184000 second_order_s=0.009744400 algebra_s=0.084611400 kkt_assembly_s=0.142676600 factor_s=0.310845900 solve_s=0.296607400 update_s=0.070735300 K_nnz=393075 rhs_cols=1021 Vxx_nnz=1040400
FILTERDDP_TIMING iteration=14 barrier_iteration=0 stage=6 derivative_s=0.023858200 first_order_s=0.008447300 second_order_s=0.014922400 algebra_s=0.048846500 kkt_assembly_s=0.142392100 factor_s=0.173329700 solve_s=0.319881800 update_s=0.068047500 K_nnz=393075 rhs_cols=1021 Vxx_nnz=1040400
FILTERDDP_TIMING iteration=14 barrier_iteration=0 stage=5 derivative_s=0.013471800 first_order_s=0.005666600 second_order_s=0.007454800 algebra_s=0.048755600 kkt_assembly_s=0.144470700 factor_s=0.190942400 solve_s=0.304702500 update_s=0.087866800 K_nnz=393075 rhs_cols=1021 Vxx_nnz=1040400
FILTERDDP_TIMING iteration=14 barrier_iteration=0 stage=4 derivative_s=0.015806200 first_order_s=0.004934200 second_order_s=0.010538400 algebra_s=0.035963200 kkt_assembly_s=0.147536800 factor_s=0.174471700 solve_s=0.315612500 update_s=0.062125600 K_nnz=393075 rhs_cols=1021 Vxx_nnz=1040400
FILTERDDP_TIMING iteration=14 barrier_iteration=0 stage=3 derivative_s=0.012696800 first_order_s=0.005281400 second_order_s=0.007063600 algebra_s=0.043843700 kkt_assembly_s=0.145390800 factor_s=0.183322000 solve_s=0.309254100 update_s=0.073129700 K_nnz=393075 rhs_cols=1021 Vxx_nnz=1040400
FILTERDDP_TIMING iteration=14 barrier_iteration=0 stage=2 derivative_s=0.015388400 first_order_s=0.005162500 second_order_s=0.009873100 algebra_s=0.045241500 kkt_assembly_s=0.147265300 factor_s=0.171617800 solve_s=0.303978400 update_s=0.070720800 K_nnz=393075 rhs_cols=1021 Vxx_nnz=1040400
FILTERDDP_TIMING iteration=14 barrier_iteration=0 stage=1 derivative_s=0.061446400 first_order_s=0.005116900 second_order_s=0.055995600 algebra_s=0.036850600 kkt_assembly_s=0.143251000 factor_s=0.282053400 solve_s=0.296683800 update_s=0.065438400 K_nnz=393075 rhs_cols=1021 Vxx_nnz=1040400
FILTERDDP_FEASIBILITY iteration=14 barrier_iteration=0 equality_count=1015272 equality_rms=4.447914421056e-02 equality_max=8.508092808585e-01 equality_worst_stage=5 equality_worst_index=1 dynamics_count=23460 dynamics_rms=0.000000000000e+00 dynamics_max=0.000000000000e+00 dynamics_worst_stage=0 dynamics_worst_index=0 bound_count=1137768 bound_rms=0.000000000000e+00 bound_max=0.000000000000e+00 bound_worst_stage=0 bound_worst_index=0 bound_worst_kind=none
    14   3.92992502e+05   8.5081e-01   1.6931e+02   1.0000e+00    0.00      -     1.5625e-02   3
FILTERDDP_ITER_TIMING iteration=14 barrier_iteration=0 backward_s=20.951050700 forward_s=1.336402900 total_s=22.287453600 outcome=accepted step_size=1.562500000e-02 backtracks=3 mu=1.000000000e+00
FILTERDDP_TIMING iteration=15 barrier_iteration=0 stage=24 derivative_s=0.033252500 first_order_s=0.007549600 second_order_s=0.025345900 algebra_s=0.045785400 kkt_assembly_s=0.268763300 factor_s=0.184768200 solve_s=0.321250200 update_s=0.065697100 K_nnz=393075 rhs_cols=1021 Vxx_nnz=1040400
FILTERDDP_TIMING iteration=15 barrier_iteration=0 stage=23 derivative_s=0.013209700 first_order_s=0.005523100 second_order_s=0.007291600 algebra_s=0.037667800 kkt_assembly_s=0.145958800 factor_s=0.220518200 solve_s=0.446622000 update_s=0.068153000 K_nnz=393075 rhs_cols=1021 Vxx_nnz=1040400
FILTERDDP_TIMING iteration=15 barrier_iteration=0 stage=22 derivative_s=0.015195100 first_order_s=0.005708300 second_order_s=0.009131100 algebra_s=0.037242500 kkt_assembly_s=0.150000000 factor_s=0.197453000 solve_s=0.316898400 update_s=0.063743600 K_nnz=393075 rhs_cols=1021 Vxx_nnz=1040400
FILTERDDP_TIMING iteration=15 barrier_iteration=0 stage=21 derivative_s=0.012786100 first_order_s=0.005325200 second_order_s=0.007113500 algebra_s=0.055576100 kkt_assembly_s=0.151295700 factor_s=0.184982900 solve_s=0.313104100 update_s=0.073173800 K_nnz=393075 rhs_cols=1021 Vxx_nnz=1040400
FILTERDDP_TIMING iteration=15 barrier_iteration=0 stage=20 derivative_s=0.015209800 first_order_s=0.005088100 second_order_s=0.009681200 algebra_s=0.036543400 kkt_assembly_s=0.144174400 factor_s=0.177937900 solve_s=0.306901000 update_s=0.068571700 K_nnz=393075 rhs_cols=1021 Vxx_nnz=1040400
FILTERDDP_TIMING iteration=15 barrier_iteration=0 stage=19 derivative_s=0.015938500 first_order_s=0.005369700 second_order_s=0.010226000 algebra_s=0.048130200 kkt_assembly_s=0.149438600 factor_s=0.183083600 solve_s=0.320489300 update_s=0.077429400 K_nnz=393075 rhs_cols=1021 Vxx_nnz=1040400
FILTERDDP_TIMING iteration=15 barrier_iteration=0 stage=18 derivative_s=0.015021200 first_order_s=0.005442300 second_order_s=0.009216100 algebra_s=0.037511700 kkt_assembly_s=0.160250200 factor_s=0.235766100 solve_s=0.428546200 update_s=0.061568700 K_nnz=393075 rhs_cols=1021 Vxx_nnz=1040400
FILTERDDP_TIMING iteration=15 barrier_iteration=0 stage=17 derivative_s=0.012905300 first_order_s=0.005372200 second_order_s=0.007188700 algebra_s=0.036666400 kkt_assembly_s=0.151835800 factor_s=0.207347600 solve_s=0.305639800 update_s=0.065598500 K_nnz=393075 rhs_cols=1021 Vxx_nnz=1040400
FILTERDDP_TIMING iteration=15 barrier_iteration=0 stage=16 derivative_s=0.024980600 first_order_s=0.005348600 second_order_s=0.019286800 algebra_s=0.038572600 kkt_assembly_s=0.146034400 factor_s=0.179647700 solve_s=0.314846200 update_s=0.066521400 K_nnz=393075 rhs_cols=1021 Vxx_nnz=1040400
FILTERDDP_TIMING iteration=15 barrier_iteration=0 stage=15 derivative_s=0.015588000 first_order_s=0.005275500 second_order_s=0.009951100 algebra_s=0.051097200 kkt_assembly_s=0.148663300 factor_s=0.175055300 solve_s=0.307994400 update_s=0.074415600 K_nnz=393075 rhs_cols=1021 Vxx_nnz=1040400
FILTERDDP_TIMING iteration=15 barrier_iteration=0 stage=14 derivative_s=0.015788200 first_order_s=0.005057100 second_order_s=0.010346700 algebra_s=0.035957100 kkt_assembly_s=0.215379300 factor_s=0.179971800 solve_s=0.309039600 update_s=0.064873000 K_nnz=393075 rhs_cols=1021 Vxx_nnz=1040400
FILTERDDP_TIMING iteration=15 barrier_iteration=0 stage=13 derivative_s=0.015363200 first_order_s=0.005486100 second_order_s=0.009562700 algebra_s=0.056590500 kkt_assembly_s=0.156712400 factor_s=0.237470200 solve_s=0.301089900 update_s=0.182334100 K_nnz=393075 rhs_cols=1021 Vxx_nnz=1040400
FILTERDDP_TIMING iteration=15 barrier_iteration=0 stage=12 derivative_s=0.012592000 first_order_s=0.005062300 second_order_s=0.007216800 algebra_s=0.035837500 kkt_assembly_s=0.166743600 factor_s=0.197210000 solve_s=0.302407400 update_s=0.078044200 K_nnz=393075 rhs_cols=1021 Vxx_nnz=1040400
FILTERDDP_TIMING iteration=15 barrier_iteration=0 stage=11 derivative_s=0.029908700 first_order_s=0.006100900 second_order_s=0.023476800 algebra_s=0.036110900 kkt_assembly_s=0.143877200 factor_s=0.178064900 solve_s=0.320481800 update_s=0.069414500 K_nnz=393075 rhs_cols=1021 Vxx_nnz=1040400
FILTERDDP_TIMING iteration=15 barrier_iteration=0 stage=10 derivative_s=0.018626700 first_order_s=0.005612400 second_order_s=0.012654000 algebra_s=0.045376200 kkt_assembly_s=0.155156500 factor_s=0.224573600 solve_s=0.316577800 update_s=0.073967800 K_nnz=393075 rhs_cols=1021 Vxx_nnz=1040400
FILTERDDP_TIMING iteration=15 barrier_iteration=0 stage=9 derivative_s=0.014253900 first_order_s=0.005700400 second_order_s=0.008143300 algebra_s=0.043240200 kkt_assembly_s=0.147911200 factor_s=0.175890000 solve_s=0.299494600 update_s=0.069688400 K_nnz=393075 rhs_cols=1021 Vxx_nnz=1040400
FILTERDDP_TIMING iteration=15 barrier_iteration=0 stage=8 derivative_s=0.030328400 first_order_s=0.005070200 second_order_s=0.024917400 algebra_s=0.050458500 kkt_assembly_s=0.161330000 factor_s=0.180742900 solve_s=0.321293200 update_s=0.071913600 K_nnz=393075 rhs_cols=1021 Vxx_nnz=1040400
FILTERDDP_TIMING iteration=15 barrier_iteration=0 stage=7 derivative_s=0.015684100 first_order_s=0.005088600 second_order_s=0.010259800 algebra_s=0.084949100 kkt_assembly_s=0.144660500 factor_s=0.172271700 solve_s=0.392584600 update_s=0.074335600 K_nnz=393075 rhs_cols=1021 Vxx_nnz=1040400
FILTERDDP_TIMING iteration=15 barrier_iteration=0 stage=6 derivative_s=0.015666300 first_order_s=0.005228700 second_order_s=0.010092800 algebra_s=0.037704000 kkt_assembly_s=0.172414100 factor_s=0.185415500 solve_s=0.303216300 update_s=0.061664100 K_nnz=393075 rhs_cols=1021 Vxx_nnz=1040400
FILTERDDP_TIMING iteration=15 barrier_iteration=0 stage=5 derivative_s=0.016130000 first_order_s=0.005379000 second_order_s=0.010406700 algebra_s=0.048955200 kkt_assembly_s=0.142835600 factor_s=0.176031500 solve_s=0.288463700 update_s=0.083110300 K_nnz=393075 rhs_cols=1021 Vxx_nnz=1040400
FILTERDDP_TIMING iteration=15 barrier_iteration=0 stage=4 derivative_s=0.021399600 first_order_s=0.006022200 second_order_s=0.015039200 algebra_s=0.035370700 kkt_assembly_s=0.146758800 factor_s=0.173158400 solve_s=0.303143800 update_s=0.077817500 K_nnz=393075 rhs_cols=1021 Vxx_nnz=1040400
FILTERDDP_TIMING iteration=15 barrier_iteration=0 stage=3 derivative_s=0.016317700 first_order_s=0.005443800 second_order_s=0.010540400 algebra_s=0.044375100 kkt_assembly_s=0.153167400 factor_s=0.183219900 solve_s=0.300560200 update_s=0.070740600 K_nnz=393075 rhs_cols=1021 Vxx_nnz=1040400
FILTERDDP_TIMING iteration=15 barrier_iteration=0 stage=2 derivative_s=0.015381200 first_order_s=0.005299800 second_order_s=0.009764200 algebra_s=0.042625500 kkt_assembly_s=0.144219500 factor_s=0.168434500 solve_s=0.303625600 update_s=0.068629500 K_nnz=393075 rhs_cols=1021 Vxx_nnz=1040400
FILTERDDP_TIMING iteration=15 barrier_iteration=0 stage=1 derivative_s=0.059873500 first_order_s=0.005137500 second_order_s=0.054360100 algebra_s=0.037507200 kkt_assembly_s=0.150266600 factor_s=0.286459400 solve_s=0.315091500 update_s=0.071657300 K_nnz=393075 rhs_cols=1021 Vxx_nnz=1040400
FILTERDDP_FEASIBILITY iteration=15 barrier_iteration=0 equality_count=1015272 equality_rms=4.441094004749e-02 equality_max=8.375153858451e-01 equality_worst_stage=5 equality_worst_index=1 dynamics_count=23460 dynamics_rms=0.000000000000e+00 dynamics_max=0.000000000000e+00 dynamics_worst_stage=0 dynamics_worst_index=0 bound_count=1137768 bound_rms=0.000000000000e+00 bound_max=0.000000000000e+00 bound_worst_stage=0 bound_worst_index=0 bound_worst_kind=none
    15   4.27982201e+05   8.3752e-01   1.8270e+02   1.0000e+00    0.00      -     1.5625e-02   3
FILTERDDP_ITER_TIMING iteration=15 barrier_iteration=0 backward_s=21.065261800 forward_s=1.393680100 total_s=22.458941900 outcome=accepted step_size=1.562500000e-02 backtracks=3 mu=1.000000000e+00
FILTERDDP_TIMING iteration=16 barrier_iteration=0 stage=24 derivative_s=0.038125600 first_order_s=0.008955400 second_order_s=0.028628600 algebra_s=0.056394500 kkt_assembly_s=0.266683700 factor_s=0.172357200 solve_s=0.334071200 update_s=0.076133100 K_nnz=393075 rhs_cols=1021 Vxx_nnz=1040400
FILTERDDP_TIMING iteration=16 barrier_iteration=0 stage=23 derivative_s=0.015389800 first_order_s=0.005363900 second_order_s=0.009705900 algebra_s=0.035968400 kkt_assembly_s=0.143098500 factor_s=0.219956600 solve_s=0.449295200 update_s=0.070125900 K_nnz=393075 rhs_cols=1021 Vxx_nnz=1040400
FILTERDDP_TIMING iteration=16 barrier_iteration=0 stage=22 derivative_s=0.015696000 first_order_s=0.005277600 second_order_s=0.010053000 algebra_s=0.035262200 kkt_assembly_s=0.143636400 factor_s=0.180602100 solve_s=0.318175700 update_s=0.072025600 K_nnz=393075 rhs_cols=1021 Vxx_nnz=1040400
FILTERDDP_TIMING iteration=16 barrier_iteration=0 stage=21 derivative_s=0.014900000 first_order_s=0.005321600 second_order_s=0.009242600 algebra_s=0.051743400 kkt_assembly_s=0.199084200 factor_s=0.168675000 solve_s=0.306998600 update_s=0.082223400 K_nnz=393075 rhs_cols=1021 Vxx_nnz=1040400
FILTERDDP_TIMING iteration=16 barrier_iteration=0 stage=20 derivative_s=0.023500400 first_order_s=0.007712700 second_order_s=0.015113600 algebra_s=0.037760800 kkt_assembly_s=0.155634300 factor_s=0.189402300 solve_s=0.303306800 update_s=0.069616800 K_nnz=393075 rhs_cols=1021 Vxx_nnz=1040400
FILTERDDP_TIMING iteration=16 barrier_iteration=0 stage=19 derivative_s=0.023514200 first_order_s=0.005181400 second_order_s=0.018012900 algebra_s=0.035939300 kkt_assembly_s=0.148995400 factor_s=0.176408700 solve_s=0.292168800 update_s=0.068686000 K_nnz=393075 rhs_cols=1021 Vxx_nnz=1040400
FILTERDDP_TIMING iteration=16 barrier_iteration=0 stage=18 derivative_s=0.015499900 first_order_s=0.005442200 second_order_s=0.009726400 algebra_s=0.047280800 kkt_assembly_s=0.143734200 factor_s=0.174682200 solve_s=0.340378500 update_s=0.066601800 K_nnz=393075 rhs_cols=1021 Vxx_nnz=1040400
FILTERDDP_TIMING iteration=16 barrier_iteration=0 stage=17 derivative_s=0.128042700 first_order_s=0.005167300 second_order_s=0.122518200 algebra_s=0.038136700 kkt_assembly_s=0.153220600 factor_s=0.176569300 solve_s=0.334708000 update_s=0.067273400 K_nnz=393075 rhs_cols=1021 Vxx_nnz=1040400
FILTERDDP_TIMING iteration=16 barrier_iteration=0 stage=16 derivative_s=0.019415700 first_order_s=0.006712500 second_order_s=0.012278200 algebra_s=0.036894400 kkt_assembly_s=0.151435400 factor_s=0.197584200 solve_s=0.317530900 update_s=0.072494800 K_nnz=393075 rhs_cols=1021 Vxx_nnz=1040400
FILTERDDP_TIMING iteration=16 barrier_iteration=0 stage=15 derivative_s=0.015542500 first_order_s=0.005406300 second_order_s=0.009803400 algebra_s=0.053002300 kkt_assembly_s=0.144881200 factor_s=0.176206900 solve_s=0.297914000 update_s=0.075314200 K_nnz=393075 rhs_cols=1021 Vxx_nnz=1040400
FILTERDDP_TIMING iteration=16 barrier_iteration=0 stage=14 derivative_s=0.014989000 first_order_s=0.005117800 second_order_s=0.009537700 algebra_s=0.043695200 kkt_assembly_s=0.146562900 factor_s=0.168216200 solve_s=0.300178800 update_s=0.071514100 K_nnz=393075 rhs_cols=1021 Vxx_nnz=1040400
FILTERDDP_TIMING iteration=16 barrier_iteration=0 stage=13 derivative_s=0.023337300 first_order_s=0.004951100 second_order_s=0.018013300 algebra_s=0.035870700 kkt_assembly_s=0.151141200 factor_s=0.176093500 solve_s=0.339348300 update_s=0.068118600 K_nnz=393075 rhs_cols=1021 Vxx_nnz=1040400
FILTERDDP_TIMING iteration=16 barrier_iteration=0 stage=12 derivative_s=0.015509600 first_order_s=0.005264800 second_order_s=0.009918100 algebra_s=0.147033400 kkt_assembly_s=0.142532800 factor_s=0.172889300 solve_s=0.303619000 update_s=0.074152100 K_nnz=393075 rhs_cols=1021 Vxx_nnz=1040400
FILTERDDP_TIMING iteration=16 barrier_iteration=0 stage=11 derivative_s=0.015188300 first_order_s=0.005234500 second_order_s=0.009635400 algebra_s=0.036544900 kkt_assembly_s=0.142841700 factor_s=0.175052600 solve_s=0.310583200 update_s=0.068164600 K_nnz=393075 rhs_cols=1021 Vxx_nnz=1040400
FILTERDDP_TIMING iteration=16 barrier_iteration=0 stage=10 derivative_s=0.014872200 first_order_s=0.005201500 second_order_s=0.009355400 algebra_s=0.052095900 kkt_assembly_s=0.142297700 factor_s=0.166935400 solve_s=0.312654200 update_s=0.072796700 K_nnz=393075 rhs_cols=1021 Vxx_nnz=1040400
FILTERDDP_TIMING iteration=16 barrier_iteration=0 stage=9 derivative_s=0.012792000 first_order_s=0.005171400 second_order_s=0.007291200 algebra_s=0.042856200 kkt_assembly_s=0.142254900 factor_s=0.173964300 solve_s=0.313006500 update_s=0.065596300 K_nnz=393075 rhs_cols=1021 Vxx_nnz=1040400
FILTERDDP_TIMING iteration=16 barrier_iteration=0 stage=8 derivative_s=0.023995500 first_order_s=0.005226000 second_order_s=0.018429200 algebra_s=0.035598600 kkt_assembly_s=0.148845500 factor_s=0.177513500 solve_s=0.312790600 update_s=0.070678000 K_nnz=393075 rhs_cols=1021 Vxx_nnz=1040400
FILTERDDP_TIMING iteration=16 barrier_iteration=0 stage=7 derivative_s=0.015482100 first_order_s=0.005213600 second_order_s=0.009923900 algebra_s=0.087430400 kkt_assembly_s=0.143290800 factor_s=0.171305500 solve_s=0.391269200 update_s=0.069726800 K_nnz=393075 rhs_cols=1021 Vxx_nnz=1040400
FILTERDDP_TIMING iteration=16 barrier_iteration=0 stage=6 derivative_s=0.015013000 first_order_s=0.005132500 second_order_s=0.009521200 algebra_s=0.036346400 kkt_assembly_s=0.160770800 factor_s=0.193544700 solve_s=0.314120200 update_s=0.068129200 K_nnz=393075 rhs_cols=1021 Vxx_nnz=1040400
FILTERDDP_TIMING iteration=16 barrier_iteration=0 stage=5 derivative_s=0.015473500 first_order_s=0.005219300 second_order_s=0.009902500 algebra_s=0.047395600 kkt_assembly_s=0.147574900 factor_s=0.189217700 solve_s=0.299800100 update_s=0.071941100 K_nnz=393075 rhs_cols=1021 Vxx_nnz=1040400
FILTERDDP_TIMING iteration=16 barrier_iteration=0 stage=4 derivative_s=0.015265200 first_order_s=0.005235700 second_order_s=0.009696600 algebra_s=0.035622500 kkt_assembly_s=0.143211600 factor_s=0.206188200 solve_s=0.308800700 update_s=0.071942700 K_nnz=393075 rhs_cols=1021 Vxx_nnz=1040400
FILTERDDP_TIMING iteration=16 barrier_iteration=0 stage=3 derivative_s=0.012323300 first_order_s=0.005084400 second_order_s=0.006920100 algebra_s=0.056060700 kkt_assembly_s=0.175455300 factor_s=0.168555500 solve_s=0.312978600 update_s=0.072047500 K_nnz=393075 rhs_cols=1021 Vxx_nnz=1040400
FILTERDDP_TIMING iteration=16 barrier_iteration=0 stage=2 derivative_s=0.015183000 first_order_s=0.004997800 second_order_s=0.009865400 algebra_s=0.037052500 kkt_assembly_s=0.145307800 factor_s=0.176466100 solve_s=0.321620700 update_s=0.066986800 K_nnz=393075 rhs_cols=1021 Vxx_nnz=1040400
FILTERDDP_TIMING iteration=16 barrier_iteration=0 stage=1 derivative_s=0.016574700 first_order_s=0.005081600 second_order_s=0.011163200 algebra_s=0.087397100 kkt_assembly_s=0.143585800 factor_s=0.170600200 solve_s=0.400202800 update_s=0.063745100 K_nnz=393075 rhs_cols=1021 Vxx_nnz=1040400
FILTERDDP_FEASIBILITY iteration=16 barrier_iteration=0 equality_count=1015272 equality_rms=4.435986981844e-02 equality_max=8.244292079413e-01 equality_worst_stage=5 equality_worst_index=1 dynamics_count=23460 dynamics_rms=0.000000000000e+00 dynamics_max=0.000000000000e+00 dynamics_worst_stage=0 dynamics_worst_index=0 bound_count=1137768 bound_rms=0.000000000000e+00 bound_max=0.000000000000e+00 bound_worst_stage=0 bound_worst_index=0 bound_worst_kind=none
    16   4.62479848e+05   8.2443e-01   2.1203e+02   1.0000e+00    0.00      -     1.5625e-02   3
FILTERDDP_ITER_TIMING iteration=16 barrier_iteration=0 backward_s=20.798401100 forward_s=1.366729700 total_s=22.165130800 outcome=accepted step_size=1.562500000e-02 backtracks=3 mu=1.000000000e+00
FILTERDDP_TIMING iteration=17 barrier_iteration=0 stage=24 derivative_s=0.029511000 first_order_s=0.007746300 second_order_s=0.021279400 algebra_s=0.044456400 kkt_assembly_s=0.262429400 factor_s=0.186523000 solve_s=0.327483000 update_s=0.066037800 K_nnz=393075 rhs_cols=1021 Vxx_nnz=1040400
FILTERDDP_TIMING iteration=17 barrier_iteration=0 stage=23 derivative_s=0.015998300 first_order_s=0.005584300 second_order_s=0.010075700 algebra_s=0.044355100 kkt_assembly_s=0.151471200 factor_s=0.280157300 solve_s=0.444274300 update_s=0.074209300 K_nnz=393075 rhs_cols=1021 Vxx_nnz=1040400
FILTERDDP_TIMING iteration=17 barrier_iteration=0 stage=22 derivative_s=0.015527100 first_order_s=0.005442400 second_order_s=0.009755100 algebra_s=0.037123700 kkt_assembly_s=0.144232000 factor_s=0.179293400 solve_s=0.310084700 update_s=0.064392700 K_nnz=393075 rhs_cols=1021 Vxx_nnz=1040400
FILTERDDP_TIMING iteration=17 barrier_iteration=0 stage=21 derivative_s=0.014866000 first_order_s=0.005569600 second_order_s=0.008969400 algebra_s=0.056022300 kkt_assembly_s=0.142425400 factor_s=0.167795700 solve_s=0.298522500 update_s=0.069160500 K_nnz=393075 rhs_cols=1021 Vxx_nnz=1040400
FILTERDDP_TIMING iteration=17 barrier_iteration=0 stage=20 derivative_s=0.014885800 first_order_s=0.005187300 second_order_s=0.009381500 algebra_s=0.036704200 kkt_assembly_s=0.148017200 factor_s=0.175570100 solve_s=0.296772900 update_s=0.070504400 K_nnz=393075 rhs_cols=1021 Vxx_nnz=1040400
FILTERDDP_TIMING iteration=17 barrier_iteration=0 stage=19 derivative_s=0.024340700 first_order_s=0.005015300 second_order_s=0.019001300 algebra_s=0.036944100 kkt_assembly_s=0.147887800 factor_s=0.172011100 solve_s=0.327795700 update_s=0.065101400 K_nnz=393075 rhs_cols=1021 Vxx_nnz=1040400
FILTERDDP_TIMING iteration=17 barrier_iteration=0 stage=18 derivative_s=0.015274300 first_order_s=0.005276000 second_order_s=0.009680500 algebra_s=0.081062500 kkt_assembly_s=0.143466900 factor_s=0.174460600 solve_s=0.397293000 update_s=0.065346000 K_nnz=393075 rhs_cols=1021 Vxx_nnz=1040400
FILTERDDP_TIMING iteration=17 barrier_iteration=0 stage=17 derivative_s=0.015149900 first_order_s=0.005206100 second_order_s=0.009601400 algebra_s=0.036395200 kkt_assembly_s=0.143088900 factor_s=0.181055500 solve_s=0.317228100 update_s=0.065397300 K_nnz=393075 rhs_cols=1021 Vxx_nnz=1040400
FILTERDDP_TIMING iteration=17 barrier_iteration=0 stage=16 derivative_s=0.015439800 first_order_s=0.005216600 second_order_s=0.009865100 algebra_s=0.046705800 kkt_assembly_s=0.171534000 factor_s=0.169917400 solve_s=0.302490700 update_s=0.074467300 K_nnz=393075 rhs_cols=1021 Vxx_nnz=1040400
FILTERDDP_TIMING iteration=17 barrier_iteration=0 stage=15 derivative_s=0.017499400 first_order_s=0.006632600 second_order_s=0.010550500 algebra_s=0.035456900 kkt_assembly_s=0.142750000 factor_s=0.184751600 solve_s=0.311625500 update_s=0.076363400 K_nnz=393075 rhs_cols=1021 Vxx_nnz=1040400
FILTERDDP_TIMING iteration=17 barrier_iteration=0 stage=14 derivative_s=0.016497700 first_order_s=0.005321700 second_order_s=0.010793600 algebra_s=0.057324600 kkt_assembly_s=0.154514100 factor_s=0.169212200 solve_s=0.317296100 update_s=0.075104300 K_nnz=393075 rhs_cols=1021 Vxx_nnz=1040400
FILTERDDP_TIMING iteration=17 barrier_iteration=0 stage=13 derivative_s=0.015851700 first_order_s=0.005213300 second_order_s=0.010321000 algebra_s=0.036995900 kkt_assembly_s=0.171357800 factor_s=0.186383700 solve_s=0.341441300 update_s=0.070331800 K_nnz=393075 rhs_cols=1021 Vxx_nnz=1040400
FILTERDDP_TIMING iteration=17 barrier_iteration=0 stage=12 derivative_s=0.019947300 first_order_s=0.005152700 second_order_s=0.014446700 algebra_s=0.144860100 kkt_assembly_s=0.142359300 factor_s=0.191232700 solve_s=0.303811200 update_s=0.074996200 K_nnz=393075 rhs_cols=1021 Vxx_nnz=1040400
FILTERDDP_TIMING iteration=17 barrier_iteration=0 stage=11 derivative_s=0.015663200 first_order_s=0.005054300 second_order_s=0.010255000 algebra_s=0.035652900 kkt_assembly_s=0.150878200 factor_s=0.179348700 solve_s=0.313091200 update_s=0.074868200 K_nnz=393075 rhs_cols=1021 Vxx_nnz=1040400
FILTERDDP_TIMING iteration=17 barrier_iteration=0 stage=10 derivative_s=0.028787600 first_order_s=0.018112100 second_order_s=0.010263500 algebra_s=0.036913600 kkt_assembly_s=0.143668700 factor_s=0.175515900 solve_s=0.307671800 update_s=0.068269100 K_nnz=393075 rhs_cols=1021 Vxx_nnz=1040400
FILTERDDP_TIMING iteration=17 barrier_iteration=0 stage=9 derivative_s=0.039428300 first_order_s=0.016663200 second_order_s=0.021197900 algebra_s=0.063237200 kkt_assembly_s=0.149573600 factor_s=0.170621300 solve_s=0.302749400 update_s=0.078205500 K_nnz=393075 rhs_cols=1021 Vxx_nnz=1040400
FILTERDDP_TIMING iteration=17 barrier_iteration=0 stage=8 derivative_s=0.016990500 first_order_s=0.005342800 second_order_s=0.011315000 algebra_s=0.050046500 kkt_assembly_s=0.144486500 factor_s=0.184833600 solve_s=0.302738300 update_s=0.074393100 K_nnz=393075 rhs_cols=1021 Vxx_nnz=1040400
FILTERDDP_TIMING iteration=17 barrier_iteration=0 stage=7 derivative_s=0.017992400 first_order_s=0.005987400 second_order_s=0.011641000 algebra_s=0.045239300 kkt_assembly_s=0.174500700 factor_s=0.214699300 solve_s=0.302555300 update_s=0.181587800 K_nnz=393075 rhs_cols=1021 Vxx_nnz=1040400
FILTERDDP_TIMING iteration=17 barrier_iteration=0 stage=6 derivative_s=0.015199800 first_order_s=0.005024800 second_order_s=0.009832800 algebra_s=0.035312200 kkt_assembly_s=0.148466500 factor_s=0.180901400 solve_s=0.328225600 update_s=0.068534500 K_nnz=393075 rhs_cols=1021 Vxx_nnz=1040400
FILTERDDP_TIMING iteration=17 barrier_iteration=0 stage=5 derivative_s=0.029041900 first_order_s=0.005373700 second_order_s=0.023315400 algebra_s=0.038928600 kkt_assembly_s=0.145754000 factor_s=0.186996500 solve_s=0.326382700 update_s=0.066183200 K_nnz=393075 rhs_cols=1021 Vxx_nnz=1040400
FILTERDDP_TIMING iteration=17 barrier_iteration=0 stage=4 derivative_s=0.016192500 first_order_s=0.005327600 second_order_s=0.010426900 algebra_s=0.048693400 kkt_assembly_s=0.151620600 factor_s=0.185203000 solve_s=0.312269500 update_s=0.071635500 K_nnz=393075 rhs_cols=1021 Vxx_nnz=1040400
FILTERDDP_TIMING iteration=17 barrier_iteration=0 stage=3 derivative_s=0.015381500 first_order_s=0.005432700 second_order_s=0.009418600 algebra_s=0.042373400 kkt_assembly_s=0.151045100 factor_s=0.169932400 solve_s=0.305649500 update_s=0.066491200 K_nnz=393075 rhs_cols=1021 Vxx_nnz=1040400
FILTERDDP_TIMING iteration=17 barrier_iteration=0 stage=2 derivative_s=0.028118500 first_order_s=0.005317000 second_order_s=0.022451500 algebra_s=0.036524400 kkt_assembly_s=0.148590400 factor_s=0.179791500 solve_s=0.320786000 update_s=0.072040500 K_nnz=393075 rhs_cols=1021 Vxx_nnz=1040400
FILTERDDP_TIMING iteration=17 barrier_iteration=0 stage=1 derivative_s=0.015920100 first_order_s=0.005427700 second_order_s=0.010152200 algebra_s=0.085040500 kkt_assembly_s=0.146216400 factor_s=0.173243200 solve_s=0.394903400 update_s=0.063771100 K_nnz=393075 rhs_cols=1021 Vxx_nnz=1040400
FILTERDDP_FEASIBILITY iteration=17 barrier_iteration=0 equality_count=1015272 equality_rms=4.432193559975e-02 equality_max=8.115475015671e-01 equality_worst_stage=5 equality_worst_index=1 dynamics_count=23460 dynamics_rms=0.000000000000e+00 dynamics_max=0.000000000000e+00 dynamics_worst_stage=0 dynamics_worst_index=0 bound_count=1137768 bound_rms=0.000000000000e+00 bound_max=0.000000000000e+00 bound_worst_stage=0 bound_worst_index=0 bound_worst_kind=none
    17   4.96492177e+05   8.1155e-01   2.4238e+02   1.0000e+00    0.00      -     1.5625e-02   3
FILTERDDP_ITER_TIMING iteration=17 barrier_iteration=0 backward_s=20.894664900 forward_s=1.696691500 total_s=22.591356400 outcome=accepted step_size=1.562500000e-02 backtracks=4 mu=1.000000000e+00
FILTERDDP_TIMING iteration=18 barrier_iteration=0 stage=24 derivative_s=0.042921300 first_order_s=0.006764700 second_order_s=0.035733200 algebra_s=0.055262700 kkt_assembly_s=0.278558400 factor_s=0.174753300 solve_s=0.302576300 update_s=0.065224900 K_nnz=393075 rhs_cols=1021 Vxx_nnz=1040400
FILTERDDP_TIMING iteration=18 barrier_iteration=0 stage=23 derivative_s=0.015415300 first_order_s=0.005202000 second_order_s=0.009882300 algebra_s=0.036125700 kkt_assembly_s=0.146124300 factor_s=0.227801300 solve_s=0.454594900 update_s=0.061560100 K_nnz=393075 rhs_cols=1021 Vxx_nnz=1040400
FILTERDDP_TIMING iteration=18 barrier_iteration=0 stage=22 derivative_s=0.015324000 first_order_s=0.005072500 second_order_s=0.009908800 algebra_s=0.035333900 kkt_assembly_s=0.142180400 factor_s=0.193538700 solve_s=0.317642200 update_s=0.071000800 K_nnz=393075 rhs_cols=1021 Vxx_nnz=1040400
FILTERDDP_TIMING iteration=18 barrier_iteration=0 stage=21 derivative_s=0.014679900 first_order_s=0.005255800 second_order_s=0.009083200 algebra_s=0.053179900 kkt_assembly_s=0.143047300 factor_s=0.172924200 solve_s=0.309351300 update_s=0.072997500 K_nnz=393075 rhs_cols=1021 Vxx_nnz=1040400
FILTERDDP_TIMING iteration=18 barrier_iteration=0 stage=20 derivative_s=0.015598500 first_order_s=0.005139100 second_order_s=0.010113900 algebra_s=0.036220400 kkt_assembly_s=0.143081900 factor_s=0.205262200 solve_s=0.320318900 update_s=0.067464600 K_nnz=393075 rhs_cols=1021 Vxx_nnz=1040400
FILTERDDP_TIMING iteration=18 barrier_iteration=0 stage=19 derivative_s=0.023755100 first_order_s=0.005091100 second_order_s=0.018280000 algebra_s=0.035145600 kkt_assembly_s=0.144767500 factor_s=0.174614400 solve_s=0.318624500 update_s=0.065236000 K_nnz=393075 rhs_cols=1021 Vxx_nnz=1040400
FILTERDDP_TIMING iteration=18 barrier_iteration=0 stage=18 derivative_s=0.015918000 first_order_s=0.005441300 second_order_s=0.009893100 algebra_s=0.084447800 kkt_assembly_s=0.142829100 factor_s=0.172863700 solve_s=0.393767100 update_s=0.070364400 K_nnz=393075 rhs_cols=1021 Vxx_nnz=1040400
FILTERDDP_TIMING iteration=18 barrier_iteration=0 stage=17 derivative_s=0.016478200 first_order_s=0.005513600 second_order_s=0.010508000 algebra_s=0.035755600 kkt_assembly_s=0.148439000 factor_s=0.181215800 solve_s=0.314659200 update_s=0.068758800 K_nnz=393075 rhs_cols=1021 Vxx_nnz=1040400
FILTERDDP_TIMING iteration=18 barrier_iteration=0 stage=16 derivative_s=0.015358200 first_order_s=0.005091600 second_order_s=0.009939200 algebra_s=0.038041900 kkt_assembly_s=0.190300500 factor_s=0.172307600 solve_s=0.298218900 update_s=0.075769500 K_nnz=393075 rhs_cols=1021 Vxx_nnz=1040400
FILTERDDP_TIMING iteration=18 barrier_iteration=0 stage=15 derivative_s=0.015200800 first_order_s=0.005321700 second_order_s=0.009533400 algebra_s=0.037212700 kkt_assembly_s=0.142525500 factor_s=0.174935700 solve_s=0.317917200 update_s=0.073339000 K_nnz=393075 rhs_cols=1021 Vxx_nnz=1040400
FILTERDDP_TIMING iteration=18 barrier_iteration=0 stage=14 derivative_s=0.015427500 first_order_s=0.005376700 second_order_s=0.009716700 algebra_s=0.046567300 kkt_assembly_s=0.141329600 factor_s=0.170477400 solve_s=0.302383800 update_s=0.072924400 K_nnz=393075 rhs_cols=1021 Vxx_nnz=1040400
FILTERDDP_TIMING iteration=18 barrier_iteration=0 stage=13 derivative_s=0.015894400 first_order_s=0.005527800 second_order_s=0.009858700 algebra_s=0.035386600 kkt_assembly_s=0.142107500 factor_s=0.175752300 solve_s=0.354410300 update_s=0.071647000 K_nnz=393075 rhs_cols=1021 Vxx_nnz=1040400
FILTERDDP_TIMING iteration=18 barrier_iteration=0 stage=12 derivative_s=0.015871500 first_order_s=0.005427200 second_order_s=0.010095800 algebra_s=0.141170100 kkt_assembly_s=0.145563300 factor_s=0.182335600 solve_s=0.326177700 update_s=0.065733300 K_nnz=393075 rhs_cols=1021 Vxx_nnz=1040400
FILTERDDP_TIMING iteration=18 barrier_iteration=0 stage=11 derivative_s=0.018080000 first_order_s=0.005824200 second_order_s=0.011909200 algebra_s=0.050791400 kkt_assembly_s=0.171873800 factor_s=0.189211200 solve_s=0.305402600 update_s=0.071082900 K_nnz=393075 rhs_cols=1021 Vxx_nnz=1040400
FILTERDDP_TIMING iteration=18 barrier_iteration=0 stage=10 derivative_s=0.019626000 first_order_s=0.008037200 second_order_s=0.011243100 algebra_s=0.035380300 kkt_assembly_s=0.171999800 factor_s=0.173057500 solve_s=0.306391800 update_s=0.063098500 K_nnz=393075 rhs_cols=1021 Vxx_nnz=1040400
FILTERDDP_TIMING iteration=18 barrier_iteration=0 stage=9 derivative_s=0.015205100 first_order_s=0.005235100 second_order_s=0.009546500 algebra_s=0.061562600 kkt_assembly_s=0.159398900 factor_s=0.169471700 solve_s=0.344271300 update_s=0.076210500 K_nnz=393075 rhs_cols=1021 Vxx_nnz=1040400
FILTERDDP_TIMING iteration=18 barrier_iteration=0 stage=8 derivative_s=0.015666400 first_order_s=0.005122900 second_order_s=0.010209400 algebra_s=0.041521900 kkt_assembly_s=0.151458300 factor_s=0.215816500 solve_s=0.390203500 update_s=0.062650200 K_nnz=393075 rhs_cols=1021 Vxx_nnz=1040400
FILTERDDP_TIMING iteration=18 barrier_iteration=0 stage=7 derivative_s=0.015037300 first_order_s=0.004996500 second_order_s=0.009722300 algebra_s=0.036201600 kkt_assembly_s=0.147651500 factor_s=0.197392800 solve_s=0.296143800 update_s=0.072017300 K_nnz=393075 rhs_cols=1021 Vxx_nnz=1040400
FILTERDDP_TIMING iteration=18 barrier_iteration=0 stage=6 derivative_s=0.016460000 first_order_s=0.005573700 second_order_s=0.010498700 algebra_s=0.036134700 kkt_assembly_s=0.146173000 factor_s=0.177656700 solve_s=0.312989900 update_s=0.070835600 K_nnz=393075 rhs_cols=1021 Vxx_nnz=1040400
FILTERDDP_TIMING iteration=18 barrier_iteration=0 stage=5 derivative_s=0.015451900 first_order_s=0.005247100 second_order_s=0.009860100 algebra_s=0.047349100 kkt_assembly_s=0.144577000 factor_s=0.170807000 solve_s=0.313097600 update_s=0.085237400 K_nnz=393075 rhs_cols=1021 Vxx_nnz=1040400
FILTERDDP_TIMING iteration=18 barrier_iteration=0 stage=4 derivative_s=0.015462300 first_order_s=0.005353100 second_order_s=0.009771900 algebra_s=0.035991700 kkt_assembly_s=0.149429000 factor_s=0.175488700 solve_s=0.307481200 update_s=0.066165900 K_nnz=393075 rhs_cols=1021 Vxx_nnz=1040400
FILTERDDP_TIMING iteration=18 barrier_iteration=0 stage=3 derivative_s=0.013399400 first_order_s=0.005433700 second_order_s=0.007625000 algebra_s=0.044775900 kkt_assembly_s=0.143150700 factor_s=0.176684200 solve_s=0.301198100 update_s=0.115628800 K_nnz=393075 rhs_cols=1021 Vxx_nnz=1040400
FILTERDDP_TIMING iteration=18 barrier_iteration=0 stage=2 derivative_s=0.015635700 first_order_s=0.005370500 second_order_s=0.009888800 algebra_s=0.038001700 kkt_assembly_s=0.145538800 factor_s=0.293853300 solve_s=0.299239800 update_s=0.068356300 K_nnz=393075 rhs_cols=1021 Vxx_nnz=1040400
FILTERDDP_TIMING iteration=18 barrier_iteration=0 stage=1 derivative_s=0.025081900 first_order_s=0.005341700 second_order_s=0.019394000 algebra_s=0.035633000 kkt_assembly_s=0.150698600 factor_s=0.175394800 solve_s=0.301649000 update_s=0.072998700 K_nnz=393075 rhs_cols=1021 Vxx_nnz=1040400
FILTERDDP_FEASIBILITY iteration=18 barrier_iteration=0 equality_count=1015272 equality_rms=4.429360127686e-02 equality_max=7.988670718552e-01 equality_worst_stage=5 equality_worst_index=1 dynamics_count=23460 dynamics_rms=0.000000000000e+00 dynamics_max=0.000000000000e+00 dynamics_worst_stage=0 dynamics_worst_index=0 bound_count=1137768 bound_rms=0.000000000000e+00 bound_max=0.000000000000e+00 bound_worst_stage=0 bound_worst_index=0 bound_worst_kind=none
    18   5.30025530e+05   7.9887e-01   2.7355e+02   1.0000e+00    0.00      -     1.5625e-02   4
FILTERDDP_ITER_TIMING iteration=18 barrier_iteration=0 backward_s=20.785240100 forward_s=1.835142300 total_s=22.620382400 outcome=accepted step_size=1.562500000e-02 backtracks=4 mu=1.000000000e+00
FILTERDDP_TIMING iteration=19 barrier_iteration=0 stage=24 derivative_s=0.021142600 first_order_s=0.005988000 second_order_s=0.014754400 algebra_s=0.056074000 kkt_assembly_s=0.272272300 factor_s=0.169670500 solve_s=0.314764700 update_s=0.069365800 K_nnz=393075 rhs_cols=1021 Vxx_nnz=1040400
FILTERDDP_TIMING iteration=19 barrier_iteration=0 stage=23 derivative_s=0.015209800 first_order_s=0.005160100 second_order_s=0.009594600 algebra_s=0.035431200 kkt_assembly_s=0.149201100 factor_s=0.218695700 solve_s=0.471626700 update_s=0.070403600 K_nnz=393075 rhs_cols=1021 Vxx_nnz=1040400
FILTERDDP_TIMING iteration=19 barrier_iteration=0 stage=22 derivative_s=0.016743700 first_order_s=0.005810000 second_order_s=0.010614900 algebra_s=0.055501900 kkt_assembly_s=0.149409100 factor_s=0.181507600 solve_s=0.317546400 update_s=0.065198000 K_nnz=393075 rhs_cols=1021 Vxx_nnz=1040400
FILTERDDP_TIMING iteration=19 barrier_iteration=0 stage=21 derivative_s=0.016663200 first_order_s=0.005264200 second_order_s=0.011065200 algebra_s=0.047103500 kkt_assembly_s=0.143065500 factor_s=0.170739400 solve_s=0.306233300 update_s=0.073877200 K_nnz=393075 rhs_cols=1021 Vxx_nnz=1040400
FILTERDDP_TIMING iteration=19 barrier_iteration=0 stage=20 derivative_s=0.015317900 first_order_s=0.005075200 second_order_s=0.009907700 algebra_s=0.039973900 kkt_assembly_s=0.147109900 factor_s=0.178538600 solve_s=0.309652700 update_s=0.066210700 K_nnz=393075 rhs_cols=1021 Vxx_nnz=1040400
FILTERDDP_TIMING iteration=19 barrier_iteration=0 stage=19 derivative_s=0.021582900 first_order_s=0.005353200 second_order_s=0.015850100 algebra_s=0.047549200 kkt_assembly_s=0.152462000 factor_s=0.209315500 solve_s=0.327594900 update_s=0.074645300 K_nnz=393075 rhs_cols=1021 Vxx_nnz=1040400
FILTERDDP_TIMING iteration=19 barrier_iteration=0 stage=18 derivative_s=0.019257000 first_order_s=0.007630400 second_order_s=0.011121800 algebra_s=0.112164600 kkt_assembly_s=0.164017200 factor_s=0.191206200 solve_s=0.396071300 update_s=0.067501600 K_nnz=393075 rhs_cols=1021 Vxx_nnz=1040400
FILTERDDP_TIMING iteration=19 barrier_iteration=0 stage=17 derivative_s=0.015192600 first_order_s=0.004983200 second_order_s=0.009782900 algebra_s=0.035741600 kkt_assembly_s=0.147563600 factor_s=0.192882800 solve_s=0.309582400 update_s=0.071744000 K_nnz=393075 rhs_cols=1021 Vxx_nnz=1040400
FILTERDDP_TIMING iteration=19 barrier_iteration=0 stage=16 derivative_s=0.015465000 first_order_s=0.005251500 second_order_s=0.009887800 algebra_s=0.046956300 kkt_assembly_s=0.157228800 factor_s=0.187716800 solve_s=0.313482200 update_s=0.083856700 K_nnz=393075 rhs_cols=1021 Vxx_nnz=1040400
FILTERDDP_TIMING iteration=19 barrier_iteration=0 stage=15 derivative_s=0.015380600 first_order_s=0.005545200 second_order_s=0.009471500 algebra_s=0.035055000 kkt_assembly_s=0.149196600 factor_s=0.174767100 solve_s=0.304147300 update_s=0.061709200 K_nnz=393075 rhs_cols=1021 Vxx_nnz=1040400
FILTERDDP_TIMING iteration=19 barrier_iteration=0 stage=14 derivative_s=0.012383500 first_order_s=0.005124500 second_order_s=0.006931100 algebra_s=0.051294000 kkt_assembly_s=0.145234600 factor_s=0.171924300 solve_s=0.299318800 update_s=0.081319300 K_nnz=393075 rhs_cols=1021 Vxx_nnz=1040400
FILTERDDP_TIMING iteration=19 barrier_iteration=0 stage=13 derivative_s=0.015050600 first_order_s=0.005031700 second_order_s=0.009684700 algebra_s=0.039366100 kkt_assembly_s=0.144974100 factor_s=0.178094400 solve_s=0.351821700 update_s=0.065073000 K_nnz=393075 rhs_cols=1021 Vxx_nnz=1040400
FILTERDDP_TIMING iteration=19 barrier_iteration=0 stage=12 derivative_s=0.015324300 first_order_s=0.005287000 second_order_s=0.009708100 algebra_s=0.143755000 kkt_assembly_s=0.150447500 factor_s=0.170272200 solve_s=0.297011300 update_s=0.074948000 K_nnz=393075 rhs_cols=1021 Vxx_nnz=1040400
FILTERDDP_TIMING iteration=19 barrier_iteration=0 stage=11 derivative_s=0.014920700 first_order_s=0.005299700 second_order_s=0.009287500 algebra_s=0.035272300 kkt_assembly_s=0.145082700 factor_s=0.202999800 solve_s=0.328927600 update_s=0.071512100 K_nnz=393075 rhs_cols=1021 Vxx_nnz=1040400
FILTERDDP_TIMING iteration=19 barrier_iteration=0 stage=10 derivative_s=0.015325500 first_order_s=0.005246500 second_order_s=0.009733200 algebra_s=0.050722900 kkt_assembly_s=0.167029600 factor_s=0.165744800 solve_s=0.313994200 update_s=0.082370000 K_nnz=393075 rhs_cols=1021 Vxx_nnz=1040400
FILTERDDP_TIMING iteration=19 barrier_iteration=0 stage=9 derivative_s=0.015177500 first_order_s=0.005138900 second_order_s=0.009690000 algebra_s=0.042104200 kkt_assembly_s=0.145850600 factor_s=0.166099800 solve_s=0.321147700 update_s=0.062174000 K_nnz=393075 rhs_cols=1021 Vxx_nnz=1040400
FILTERDDP_TIMING iteration=19 barrier_iteration=0 stage=8 derivative_s=0.026421800 first_order_s=0.005353600 second_order_s=0.020681800 algebra_s=0.035170300 kkt_assembly_s=0.147080200 factor_s=0.172549100 solve_s=0.319524700 update_s=0.068146100 K_nnz=393075 rhs_cols=1021 Vxx_nnz=1040400
FILTERDDP_TIMING iteration=19 barrier_iteration=0 stage=7 derivative_s=0.016616200 first_order_s=0.005521200 second_order_s=0.010731400 algebra_s=0.053549500 kkt_assembly_s=0.143361700 factor_s=0.171612000 solve_s=0.342774900 update_s=0.069414900 K_nnz=393075 rhs_cols=1021 Vxx_nnz=1040400
FILTERDDP_TIMING iteration=19 barrier_iteration=0 stage=6 derivative_s=0.135627700 first_order_s=0.005577800 second_order_s=0.129675900 algebra_s=0.055259100 kkt_assembly_s=0.168094500 factor_s=0.181837000 solve_s=0.316358800 update_s=0.075576500 K_nnz=393075 rhs_cols=1021 Vxx_nnz=1040400
FILTERDDP_TIMING iteration=19 barrier_iteration=0 stage=5 derivative_s=0.026747500 first_order_s=0.005051000 second_order_s=0.021352900 algebra_s=0.035946300 kkt_assembly_s=0.147269500 factor_s=0.179613300 solve_s=0.307920100 update_s=0.068599000 K_nnz=393075 rhs_cols=1021 Vxx_nnz=1040400
FILTERDDP_TIMING iteration=19 barrier_iteration=0 stage=4 derivative_s=0.022550800 first_order_s=0.007669200 second_order_s=0.014443300 algebra_s=0.049084700 kkt_assembly_s=0.148530800 factor_s=0.173978000 solve_s=0.307476600 update_s=0.084501400 K_nnz=393075 rhs_cols=1021 Vxx_nnz=1040400
FILTERDDP_TIMING iteration=19 barrier_iteration=0 stage=3 derivative_s=0.015140900 first_order_s=0.005062700 second_order_s=0.009749200 algebra_s=0.046578300 kkt_assembly_s=0.143020900 factor_s=0.169328500 solve_s=0.310777400 update_s=0.067177300 K_nnz=393075 rhs_cols=1021 Vxx_nnz=1040400
FILTERDDP_TIMING iteration=19 barrier_iteration=0 stage=2 derivative_s=0.023996900 first_order_s=0.005377800 second_order_s=0.018275900 algebra_s=0.037409500 kkt_assembly_s=0.176004000 factor_s=0.189330900 solve_s=0.303767200 update_s=0.107688700 K_nnz=393075 rhs_cols=1021 Vxx_nnz=1040400
FILTERDDP_TIMING iteration=19 barrier_iteration=0 stage=1 derivative_s=0.015243900 first_order_s=0.005089000 second_order_s=0.009836400 algebra_s=0.142388100 kkt_assembly_s=0.147071500 factor_s=0.174030900 solve_s=0.300453500 update_s=0.071744400 K_nnz=393075 rhs_cols=1021 Vxx_nnz=1040400
FILTERDDP_FEASIBILITY iteration=19 barrier_iteration=0 equality_count=1015272 equality_rms=4.427175759331e-02 equality_max=7.863847738574e-01 equality_worst_stage=5 equality_worst_index=1 dynamics_count=23460 dynamics_rms=0.000000000000e+00 dynamics_max=0.000000000000e+00 dynamics_worst_stage=0 dynamics_worst_index=0 bound_count=1137768 bound_rms=0.000000000000e+00 bound_max=0.000000000000e+00 bound_worst_stage=0 bound_worst_index=0 bound_worst_kind=none
    19   5.63085940e+05   7.8638e-01   3.0536e+02   1.0000e+00    0.00      -     1.5625e-02   4
FILTERDDP_ITER_TIMING iteration=19 barrier_iteration=0 backward_s=20.998722100 forward_s=1.447950100 total_s=22.446672200 outcome=accepted step_size=1.562500000e-02 backtracks=4 mu=1.000000000e+00
FILTERDDP_TIMING iteration=20 barrier_iteration=0 stage=24 derivative_s=0.030992600 first_order_s=0.006002900 second_order_s=0.024633000 algebra_s=0.040356500 kkt_assembly_s=0.285107400 factor_s=0.191228800 solve_s=0.317563500 update_s=0.070093300 K_nnz=393075 rhs_cols=1021 Vxx_nnz=1040400
FILTERDDP_TIMING iteration=20 barrier_iteration=0 stage=23 derivative_s=0.018107400 first_order_s=0.007307400 second_order_s=0.010429400 algebra_s=0.095411600 kkt_assembly_s=0.153497600 factor_s=0.183159500 solve_s=0.449859300 update_s=0.078546500 K_nnz=393075 rhs_cols=1021 Vxx_nnz=1040400
FILTERDDP_TIMING iteration=20 barrier_iteration=0 stage=22 derivative_s=0.014369500 first_order_s=0.005245400 second_order_s=0.008761200 algebra_s=0.035221000 kkt_assembly_s=0.169132600 factor_s=0.193800900 solve_s=0.305772600 update_s=0.071956100 K_nnz=393075 rhs_cols=1021 Vxx_nnz=1040400
FILTERDDP_TIMING iteration=20 barrier_iteration=0 stage=21 derivative_s=0.017103700 first_order_s=0.005390200 second_order_s=0.011393300 algebra_s=0.049037200 kkt_assembly_s=0.146235500 factor_s=0.166903100 solve_s=0.304437700 update_s=0.075526000 K_nnz=393075 rhs_cols=1021 Vxx_nnz=1040400
FILTERDDP_TIMING iteration=20 barrier_iteration=0 stage=20 derivative_s=0.014870100 first_order_s=0.005121600 second_order_s=0.009333400 algebra_s=0.035649900 kkt_assembly_s=0.158563000 factor_s=0.193442800 solve_s=0.298277300 update_s=0.059323900 K_nnz=393075 rhs_cols=1021 Vxx_nnz=1040400
FILTERDDP_TIMING iteration=20 barrier_iteration=0 stage=19 derivative_s=0.024162700 first_order_s=0.005177000 second_order_s=0.018602600 algebra_s=0.036257100 kkt_assembly_s=0.146634400 factor_s=0.174413100 solve_s=0.329280800 update_s=0.074492400 K_nnz=393075 rhs_cols=1021 Vxx_nnz=1040400
FILTERDDP_TIMING iteration=20 barrier_iteration=0 stage=18 derivative_s=0.015471800 first_order_s=0.005106900 second_order_s=0.010044200 algebra_s=0.081586900 kkt_assembly_s=0.144589800 factor_s=0.170845700 solve_s=0.400776600 update_s=0.068488600 K_nnz=393075 rhs_cols=1021 Vxx_nnz=1040400
FILTERDDP_TIMING iteration=20 barrier_iteration=0 stage=17 derivative_s=0.015248500 first_order_s=0.005142500 second_order_s=0.009731200 algebra_s=0.035494900 kkt_assembly_s=0.171204600 factor_s=0.184986200 solve_s=0.324664000 update_s=0.066020100 K_nnz=393075 rhs_cols=1021 Vxx_nnz=1040400
FILTERDDP_TIMING iteration=20 barrier_iteration=0 stage=16 derivative_s=0.015201500 first_order_s=0.005110500 second_order_s=0.009772700 algebra_s=0.048323600 kkt_assembly_s=0.146677700 factor_s=0.170701700 solve_s=0.308919900 update_s=0.076506500 K_nnz=393075 rhs_cols=1021 Vxx_nnz=1040400
FILTERDDP_TIMING iteration=20 barrier_iteration=0 stage=15 derivative_s=0.015269900 first_order_s=0.005242500 second_order_s=0.009707300 algebra_s=0.036070900 kkt_assembly_s=0.164265400 factor_s=0.205348600 solve_s=0.330974200 update_s=0.066579500 K_nnz=393075 rhs_cols=1021 Vxx_nnz=1040400
FILTERDDP_TIMING iteration=20 barrier_iteration=0 stage=14 derivative_s=0.015233100 first_order_s=0.005185300 second_order_s=0.009694800 algebra_s=0.050601700 kkt_assembly_s=0.147194700 factor_s=0.168608900 solve_s=0.310171500 update_s=0.072974800 K_nnz=393075 rhs_cols=1021 Vxx_nnz=1040400
FILTERDDP_TIMING iteration=20 barrier_iteration=0 stage=13 derivative_s=0.015190500 first_order_s=0.005131200 second_order_s=0.009591900 algebra_s=0.035612400 kkt_assembly_s=0.143059700 factor_s=0.176228800 solve_s=0.352579600 update_s=0.081021300 K_nnz=393075 rhs_cols=1021 Vxx_nnz=1040400
FILTERDDP_TIMING iteration=20 barrier_iteration=0 stage=12 derivative_s=0.016825000 first_order_s=0.005968200 second_order_s=0.010504400 algebra_s=0.143517700 kkt_assembly_s=0.146107200 factor_s=0.171440600 solve_s=0.299132100 update_s=0.074985700 K_nnz=393075 rhs_cols=1021 Vxx_nnz=1040400
FILTERDDP_TIMING iteration=20 barrier_iteration=0 stage=11 derivative_s=0.015367400 first_order_s=0.005410900 second_order_s=0.009626800 algebra_s=0.035612900 kkt_assembly_s=0.172343200 factor_s=0.181807100 solve_s=0.326696800 update_s=0.065490000 K_nnz=393075 rhs_cols=1021 Vxx_nnz=1040400
FILTERDDP_TIMING iteration=20 barrier_iteration=0 stage=10 derivative_s=0.015165100 first_order_s=0.005241000 second_order_s=0.009531300 algebra_s=0.053157400 kkt_assembly_s=0.146441300 factor_s=0.170707200 solve_s=0.302242400 update_s=0.072340000 K_nnz=393075 rhs_cols=1021 Vxx_nnz=1040400
FILTERDDP_TIMING iteration=20 barrier_iteration=0 stage=9 derivative_s=0.014878600 first_order_s=0.005165600 second_order_s=0.009392500 algebra_s=0.042486400 kkt_assembly_s=0.144488900 factor_s=0.167718100 solve_s=0.314206000 update_s=0.073648900 K_nnz=393075 rhs_cols=1021 Vxx_nnz=1040400
FILTERDDP_TIMING iteration=20 barrier_iteration=0 stage=8 derivative_s=0.024220600 first_order_s=0.005015200 second_order_s=0.018837100 algebra_s=0.032334400 kkt_assembly_s=0.145115000 factor_s=0.173643400 solve_s=0.322082600 update_s=0.064491100 K_nnz=393075 rhs_cols=1021 Vxx_nnz=1040400
FILTERDDP_TIMING iteration=20 barrier_iteration=0 stage=7 derivative_s=0.015372300 first_order_s=0.005206700 second_order_s=0.009833000 algebra_s=0.082494200 kkt_assembly_s=0.147695400 factor_s=0.187335200 solve_s=0.406417000 update_s=0.076595700 K_nnz=393075 rhs_cols=1021 Vxx_nnz=1040400
FILTERDDP_TIMING iteration=20 barrier_iteration=0 stage=6 derivative_s=0.016044400 first_order_s=0.005317800 second_order_s=0.010373800 algebra_s=0.044298900 kkt_assembly_s=0.149766000 factor_s=0.187140800 solve_s=0.306787200 update_s=0.076390700 K_nnz=393075 rhs_cols=1021 Vxx_nnz=1040400
FILTERDDP_TIMING iteration=20 barrier_iteration=0 stage=5 derivative_s=0.015864600 first_order_s=0.005477400 second_order_s=0.009973300 algebra_s=0.046705400 kkt_assembly_s=0.151796400 factor_s=0.169373700 solve_s=0.307947600 update_s=0.087656000 K_nnz=393075 rhs_cols=1021 Vxx_nnz=1040400
FILTERDDP_TIMING iteration=20 barrier_iteration=0 stage=4 derivative_s=0.016639800 first_order_s=0.005134000 second_order_s=0.011181800 algebra_s=0.034853900 kkt_assembly_s=0.146108300 factor_s=0.179954300 solve_s=0.304156100 update_s=0.065361800 K_nnz=393075 rhs_cols=1021 Vxx_nnz=1040400
FILTERDDP_TIMING iteration=20 barrier_iteration=0 stage=3 derivative_s=0.015333500 first_order_s=0.005285000 second_order_s=0.009716000 algebra_s=0.053864500 kkt_assembly_s=0.143354000 factor_s=0.187493200 solve_s=0.307077600 update_s=0.080827600 K_nnz=393075 rhs_cols=1021 Vxx_nnz=1040400
FILTERDDP_TIMING iteration=20 barrier_iteration=0 stage=2 derivative_s=0.015032800 first_order_s=0.005117100 second_order_s=0.009596400 algebra_s=0.035950300 kkt_assembly_s=0.141277500 factor_s=0.174357100 solve_s=0.356909400 update_s=0.064433400 K_nnz=393075 rhs_cols=1021 Vxx_nnz=1040400
FILTERDDP_TIMING iteration=20 barrier_iteration=0 stage=1 derivative_s=0.015319300 first_order_s=0.005022600 second_order_s=0.009959500 algebra_s=0.142914300 kkt_assembly_s=0.143709900 factor_s=0.190255000 solve_s=0.308732100 update_s=0.069383900 K_nnz=393075 rhs_cols=1021 Vxx_nnz=1040400
FILTERDDP_FEASIBILITY iteration=20 barrier_iteration=0 equality_count=1015272 equality_rms=4.425368654653e-02 equality_max=7.740975117659e-01 equality_worst_stage=5 equality_worst_index=1 dynamics_count=23460 dynamics_rms=0.000000000000e+00 dynamics_max=0.000000000000e+00 dynamics_worst_stage=0 dynamics_worst_index=0 bound_count=1137768 bound_rms=0.000000000000e+00 bound_max=0.000000000000e+00 bound_worst_stage=0 bound_worst_index=0 bound_worst_kind=none
  iter     objective        pr_inf       du_inf       cs_inf     lg(μ)   lg(reg)    alpha     ls
    20   5.95679182e+05   7.7410e-01   3.3767e+02   1.0000e+00    0.00      -     1.5625e-02   4
FILTERDDP_ITER_TIMING iteration=20 barrier_iteration=0 backward_s=20.898415500 forward_s=1.763751800 total_s=22.662167300 outcome=accepted step_size=1.562500000e-02 backtracks=4 mu=1.000000000e+00
FILTERDDP_TIMING iteration=21 barrier_iteration=0 stage=24 derivative_s=0.039681100 first_order_s=0.023807400 second_order_s=0.015517000 algebra_s=0.055711800 kkt_assembly_s=0.266225400 factor_s=0.169474800 solve_s=0.315681000 update_s=0.066321000 K_nnz=393075 rhs_cols=1021 Vxx_nnz=1040400
FILTERDDP_TIMING iteration=21 barrier_iteration=0 stage=23 derivative_s=0.024333000 first_order_s=0.008463300 second_order_s=0.015268300 algebra_s=0.037827700 kkt_assembly_s=0.146349500 factor_s=0.234357800 solve_s=0.481942000 update_s=0.062451100 K_nnz=393075 rhs_cols=1021 Vxx_nnz=1040400
FILTERDDP_TIMING iteration=21 barrier_iteration=0 stage=22 derivative_s=0.015450000 first_order_s=0.005126900 second_order_s=0.009972600 algebra_s=0.037609400 kkt_assembly_s=0.146194500 factor_s=0.180062400 solve_s=0.319259600 update_s=0.068124100 K_nnz=393075 rhs_cols=1021 Vxx_nnz=1040400
FILTERDDP_TIMING iteration=21 barrier_iteration=0 stage=21 derivative_s=0.015746900 first_order_s=0.005311400 second_order_s=0.010091500 algebra_s=0.053936100 kkt_assembly_s=0.145027200 factor_s=0.167858200 solve_s=0.295762700 update_s=0.073257100 K_nnz=393075 rhs_cols=1021 Vxx_nnz=1040400
FILTERDDP_TIMING iteration=21 barrier_iteration=0 stage=20 derivative_s=0.015120100 first_order_s=0.005264200 second_order_s=0.009537900 algebra_s=0.035430600 kkt_assembly_s=0.142365800 factor_s=0.181152600 solve_s=0.315898100 update_s=0.075182800 K_nnz=393075 rhs_cols=1021 Vxx_nnz=1040400
FILTERDDP_TIMING iteration=21 barrier_iteration=0 stage=19 derivative_s=0.015172900 first_order_s=0.005120500 second_order_s=0.009735300 algebra_s=0.064757900 kkt_assembly_s=0.162220500 factor_s=0.253858100 solve_s=0.332580400 update_s=0.110278600 K_nnz=393075 rhs_cols=1021 Vxx_nnz=1040400
FILTERDDP_TIMING iteration=21 barrier_iteration=0 stage=18 derivative_s=0.018987700 first_order_s=0.008397700 second_order_s=0.010016900 algebra_s=0.038553500 kkt_assembly_s=0.167491800 factor_s=0.291942200 solve_s=0.303414000 update_s=0.064922700 K_nnz=393075 rhs_cols=1021 Vxx_nnz=1040400
FILTERDDP_TIMING iteration=21 barrier_iteration=0 stage=17 derivative_s=0.024741600 first_order_s=0.005340000 second_order_s=0.019079400 algebra_s=0.032988700 kkt_assembly_s=0.143889500 factor_s=0.195977900 solve_s=0.300336000 update_s=0.083210300 K_nnz=393075 rhs_cols=1021 Vxx_nnz=1040400
FILTERDDP_TIMING iteration=21 barrier_iteration=0 stage=16 derivative_s=0.015597500 first_order_s=0.005070500 second_order_s=0.010181700 algebra_s=0.036496300 kkt_assembly_s=0.141388000 factor_s=0.173049100 solve_s=0.309388300 update_s=0.071723800 K_nnz=393075 rhs_cols=1021 Vxx_nnz=1040400
FILTERDDP_TIMING iteration=21 barrier_iteration=0 stage=15 derivative_s=0.027844500 first_order_s=0.005244800 second_order_s=0.022278700 algebra_s=0.035610300 kkt_assembly_s=0.144507000 factor_s=0.176546100 solve_s=0.323837800 update_s=0.067618500 K_nnz=393075 rhs_cols=1021 Vxx_nnz=1040400
FILTERDDP_TIMING iteration=21 barrier_iteration=0 stage=14 derivative_s=0.019150900 first_order_s=0.006476900 second_order_s=0.012313200 algebra_s=0.053451600 kkt_assembly_s=0.147200700 factor_s=0.196503500 solve_s=0.315338900 update_s=0.113811900 K_nnz=393075 rhs_cols=1021 Vxx_nnz=1040400
FILTERDDP_TIMING iteration=21 barrier_iteration=0 stage=13 derivative_s=0.013306400 first_order_s=0.005853000 second_order_s=0.007108200 algebra_s=0.043391200 kkt_assembly_s=0.144840700 factor_s=0.281499900 solve_s=0.294287700 update_s=0.062881600 K_nnz=393075 rhs_cols=1021 Vxx_nnz=1040400
FILTERDDP_TIMING iteration=21 barrier_iteration=0 stage=12 derivative_s=0.024147800 first_order_s=0.005023500 second_order_s=0.018781700 algebra_s=0.043961500 kkt_assembly_s=0.144829300 factor_s=0.181082300 solve_s=0.296207300 update_s=0.087418400 K_nnz=393075 rhs_cols=1021 Vxx_nnz=1040400
FILTERDDP_TIMING iteration=21 barrier_iteration=0 stage=11 derivative_s=0.022030600 first_order_s=0.007784200 second_order_s=0.013792800 algebra_s=0.036560500 kkt_assembly_s=0.145516200 factor_s=0.181829400 solve_s=0.310561100 update_s=0.061760300 K_nnz=393075 rhs_cols=1021 Vxx_nnz=1040400
FILTERDDP_TIMING iteration=21 barrier_iteration=0 stage=10 derivative_s=0.023777300 first_order_s=0.005267300 second_order_s=0.018140300 algebra_s=0.036008400 kkt_assembly_s=0.148284700 factor_s=0.198850800 solve_s=0.316990500 update_s=0.076120000 K_nnz=393075 rhs_cols=1021 Vxx_nnz=1040400
FILTERDDP_TIMING iteration=21 barrier_iteration=0 stage=9 derivative_s=0.017544800 first_order_s=0.006048700 second_order_s=0.011128000 algebra_s=0.052483500 kkt_assembly_s=0.142992900 factor_s=0.175692000 solve_s=0.297460200 update_s=0.115981500 K_nnz=393075 rhs_cols=1021 Vxx_nnz=1040400
FILTERDDP_TIMING iteration=21 barrier_iteration=0 stage=8 derivative_s=0.015019800 first_order_s=0.004998700 second_order_s=0.009672000 algebra_s=0.037394400 kkt_assembly_s=0.141575800 factor_s=0.277592600 solve_s=0.302159400 update_s=0.075660600 K_nnz=393075 rhs_cols=1021 Vxx_nnz=1040400
FILTERDDP_TIMING iteration=21 barrier_iteration=0 stage=7 derivative_s=0.025145400 first_order_s=0.005318400 second_order_s=0.019482800 algebra_s=0.036174500 kkt_assembly_s=0.141999300 factor_s=0.173593100 solve_s=0.311076900 update_s=0.083550500 K_nnz=393075 rhs_cols=1021 Vxx_nnz=1040400
FILTERDDP_TIMING iteration=21 barrier_iteration=0 stage=6 derivative_s=0.016170700 first_order_s=0.005611000 second_order_s=0.010225400 algebra_s=0.035150600 kkt_assembly_s=0.145557700 factor_s=0.176299400 solve_s=0.301383700 update_s=0.066386800 K_nnz=393075 rhs_cols=1021 Vxx_nnz=1040400
FILTERDDP_TIMING iteration=21 barrier_iteration=0 stage=5 derivative_s=0.023721400 first_order_s=0.005233500 second_order_s=0.018139300 algebra_s=0.035740400 kkt_assembly_s=0.141889400 factor_s=0.171422800 solve_s=0.309062200 update_s=0.063402000 K_nnz=393075 rhs_cols=1021 Vxx_nnz=1040400
FILTERDDP_TIMING iteration=21 barrier_iteration=0 stage=4 derivative_s=0.015357600 first_order_s=0.005545600 second_order_s=0.009495600 algebra_s=0.059604400 kkt_assembly_s=0.147751700 factor_s=0.168130200 solve_s=0.320858500 update_s=0.086552500 K_nnz=393075 rhs_cols=1021 Vxx_nnz=1040400
FILTERDDP_TIMING iteration=21 barrier_iteration=0 stage=3 derivative_s=0.015278600 first_order_s=0.005001300 second_order_s=0.009950500 algebra_s=0.035271900 kkt_assembly_s=0.144307200 factor_s=0.185498800 solve_s=0.346404000 update_s=0.069930800 K_nnz=393075 rhs_cols=1021 Vxx_nnz=1040400
FILTERDDP_TIMING iteration=21 barrier_iteration=0 stage=2 derivative_s=0.015340900 first_order_s=0.005370700 second_order_s=0.009590300 algebra_s=0.150517400 kkt_assembly_s=0.144619700 factor_s=0.169127500 solve_s=0.302507800 update_s=0.082793700 K_nnz=393075 rhs_cols=1021 Vxx_nnz=1040400
FILTERDDP_TIMING iteration=21 barrier_iteration=0 stage=1 derivative_s=0.012442000 first_order_s=0.004943300 second_order_s=0.007154400 algebra_s=0.036258600 kkt_assembly_s=0.142170800 factor_s=0.176094900 solve_s=0.312908700 update_s=0.070275400 K_nnz=393075 rhs_cols=1021 Vxx_nnz=1040400
FILTERDDP_FEASIBILITY iteration=21 barrier_iteration=0 equality_count=1015272 equality_rms=4.423702616169e-02 equality_max=7.620022381446e-01 equality_worst_stage=5 equality_worst_index=1 dynamics_count=23460 dynamics_rms=0.000000000000e+00 dynamics_max=0.000000000000e+00 dynamics_worst_stage=0 dynamics_worst_index=0 bound_count=1137768 bound_rms=0.000000000000e+00 bound_max=0.000000000000e+00 bound_worst_stage=0 bound_worst_index=0 bound_worst_kind=none
    21   6.27810820e+05   7.6200e-01   3.7032e+02   1.0000e+00    0.00      -     1.5625e-02   4
FILTERDDP_ITER_TIMING iteration=21 barrier_iteration=0 backward_s=20.931262100 forward_s=1.694733400 total_s=22.625995500 outcome=accepted step_size=1.562500000e-02 backtracks=4 mu=1.000000000e+00
FILTERDDP_TIMING iteration=22 barrier_iteration=0 stage=24 derivative_s=0.020992400 first_order_s=0.005726300 second_order_s=0.014924600 algebra_s=0.047536800 kkt_assembly_s=0.289452300 factor_s=0.166995000 solve_s=0.311788300 update_s=0.065392800 K_nnz=393075 rhs_cols=1021 Vxx_nnz=1040400
FILTERDDP_TIMING iteration=22 barrier_iteration=0 stage=23 derivative_s=0.015898800 first_order_s=0.005583500 second_order_s=0.009947700 algebra_s=0.037475700 kkt_assembly_s=0.145884500 factor_s=0.229566100 solve_s=0.464902100 update_s=0.065628500 K_nnz=393075 rhs_cols=1021 Vxx_nnz=1040400
FILTERDDP_TIMING iteration=22 barrier_iteration=0 stage=22 derivative_s=0.021567200 first_order_s=0.010076400 second_order_s=0.010816100 algebra_s=0.039332000 kkt_assembly_s=0.145429900 factor_s=0.190899300 solve_s=0.327788000 update_s=0.071549400 K_nnz=393075 rhs_cols=1021 Vxx_nnz=1040400
FILTERDDP_TIMING iteration=22 barrier_iteration=0 stage=21 derivative_s=0.013471100 first_order_s=0.005498800 second_order_s=0.007633600 algebra_s=0.046115500 kkt_assembly_s=0.158594600 factor_s=0.180530500 solve_s=0.310642900 update_s=0.080596900 K_nnz=393075 rhs_cols=1021 Vxx_nnz=1040400
FILTERDDP_TIMING iteration=22 barrier_iteration=0 stage=20 derivative_s=0.014893900 first_order_s=0.005140300 second_order_s=0.009396000 algebra_s=0.042035900 kkt_assembly_s=0.153496000 factor_s=0.178719000 solve_s=0.301212800 update_s=0.064029600 K_nnz=393075 rhs_cols=1021 Vxx_nnz=1040400
FILTERDDP_TIMING iteration=22 barrier_iteration=0 stage=19 derivative_s=0.025226200 first_order_s=0.005064100 second_order_s=0.019845800 algebra_s=0.036056600 kkt_assembly_s=0.147449500 factor_s=0.175520400 solve_s=0.299215300 update_s=0.074637100 K_nnz=393075 rhs_cols=1021 Vxx_nnz=1040400
FILTERDDP_TIMING iteration=22 barrier_iteration=0 stage=18 derivative_s=0.017274400 first_order_s=0.005566000 second_order_s=0.011385300 algebra_s=0.043498000 kkt_assembly_s=0.142085200 factor_s=0.169380000 solve_s=0.333242900 update_s=0.068614700 K_nnz=393075 rhs_cols=1021 Vxx_nnz=1040400
FILTERDDP_TIMING iteration=22 barrier_iteration=0 stage=17 derivative_s=0.122290700 first_order_s=0.005172900 second_order_s=0.116783500 algebra_s=0.035868800 kkt_assembly_s=0.143365700 factor_s=0.198342500 solve_s=0.316675400 update_s=0.074193000 K_nnz=393075 rhs_cols=1021 Vxx_nnz=1040400
FILTERDDP_TIMING iteration=22 barrier_iteration=0 stage=16 derivative_s=0.015757300 first_order_s=0.005452700 second_order_s=0.009974300 algebra_s=0.035283300 kkt_assembly_s=0.142191300 factor_s=0.178039500 solve_s=0.306179200 update_s=0.072411200 K_nnz=393075 rhs_cols=1021 Vxx_nnz=1040400
FILTERDDP_TIMING iteration=22 barrier_iteration=0 stage=15 derivative_s=0.015673000 first_order_s=0.005334100 second_order_s=0.009981400 algebra_s=0.036871200 kkt_assembly_s=0.141815200 factor_s=0.174772900 solve_s=0.316115900 update_s=0.069475900 K_nnz=393075 rhs_cols=1021 Vxx_nnz=1040400
FILTERDDP_TIMING iteration=22 barrier_iteration=0 stage=14 derivative_s=0.015605400 first_order_s=0.005027800 second_order_s=0.010243700 algebra_s=0.052336100 kkt_assembly_s=0.146611900 factor_s=0.167614300 solve_s=0.303403400 update_s=0.084973100 K_nnz=393075 rhs_cols=1021 Vxx_nnz=1040400
FILTERDDP_TIMING iteration=22 barrier_iteration=0 stage=13 derivative_s=0.015587200 first_order_s=0.005206500 second_order_s=0.010034400 algebra_s=0.036614800 kkt_assembly_s=0.144872100 factor_s=0.176103300 solve_s=0.320895300 update_s=0.075922700 K_nnz=393075 rhs_cols=1021 Vxx_nnz=1040400
FILTERDDP_TIMING iteration=22 barrier_iteration=0 stage=12 derivative_s=0.016517500 first_order_s=0.005742900 second_order_s=0.010439100 algebra_s=0.049026600 kkt_assembly_s=0.148414600 factor_s=0.172429800 solve_s=0.326115300 update_s=0.069788500 K_nnz=393075 rhs_cols=1021 Vxx_nnz=1040400
FILTERDDP_TIMING iteration=22 barrier_iteration=0 stage=11 derivative_s=0.110115700 first_order_s=0.102660000 second_order_s=0.007100400 algebra_s=0.049701300 kkt_assembly_s=0.150329400 factor_s=0.175319800 solve_s=0.302137300 update_s=0.081427500 K_nnz=393075 rhs_cols=1021 Vxx_nnz=1040400
FILTERDDP_TIMING iteration=22 barrier_iteration=0 stage=10 derivative_s=0.020295500 first_order_s=0.006922100 second_order_s=0.012918200 algebra_s=0.036276500 kkt_assembly_s=0.141956200 factor_s=0.174932500 solve_s=0.308394800 update_s=0.073519300 K_nnz=393075 rhs_cols=1021 Vxx_nnz=1040400
FILTERDDP_TIMING iteration=22 barrier_iteration=0 stage=9 derivative_s=0.015260300 first_order_s=0.005059400 second_order_s=0.009778000 algebra_s=0.051552900 kkt_assembly_s=0.144227100 factor_s=0.171389900 solve_s=0.306076900 update_s=0.075355900 K_nnz=393075 rhs_cols=1021 Vxx_nnz=1040400
FILTERDDP_TIMING iteration=22 barrier_iteration=0 stage=8 derivative_s=0.015374500 first_order_s=0.005372500 second_order_s=0.009676900 algebra_s=0.043102100 kkt_assembly_s=0.173249400 factor_s=0.168901800 solve_s=0.311056500 update_s=0.074996100 K_nnz=393075 rhs_cols=1021 Vxx_nnz=1040400
FILTERDDP_TIMING iteration=22 barrier_iteration=0 stage=7 derivative_s=0.021255000 first_order_s=0.005109200 second_order_s=0.015788900 algebra_s=0.035988500 kkt_assembly_s=0.143679300 factor_s=0.175287800 solve_s=0.319011900 update_s=0.065952300 K_nnz=393075 rhs_cols=1021 Vxx_nnz=1040400
FILTERDDP_TIMING iteration=22 barrier_iteration=0 stage=6 derivative_s=0.015319500 first_order_s=0.005397200 second_order_s=0.009605100 algebra_s=0.093149100 kkt_assembly_s=0.147283000 factor_s=0.185659200 solve_s=0.408199200 update_s=0.065131800 K_nnz=393075 rhs_cols=1021 Vxx_nnz=1040400
FILTERDDP_TIMING iteration=22 barrier_iteration=0 stage=5 derivative_s=0.015254800 first_order_s=0.005038100 second_order_s=0.009900900 algebra_s=0.048883400 kkt_assembly_s=0.149886600 factor_s=0.203093400 solve_s=0.321531500 update_s=0.074028900 K_nnz=393075 rhs_cols=1021 Vxx_nnz=1040400
FILTERDDP_TIMING iteration=22 barrier_iteration=0 stage=4 derivative_s=0.015175500 first_order_s=0.005105800 second_order_s=0.009736300 algebra_s=0.046943600 kkt_assembly_s=0.143182100 factor_s=0.176000100 solve_s=0.300686800 update_s=0.080759300 K_nnz=393075 rhs_cols=1021 Vxx_nnz=1040400
FILTERDDP_TIMING iteration=22 barrier_iteration=0 stage=3 derivative_s=0.015346200 first_order_s=0.005111600 second_order_s=0.009915800 algebra_s=0.035418900 kkt_assembly_s=0.154550600 factor_s=0.175975800 solve_s=0.321583500 update_s=0.063349300 K_nnz=393075 rhs_cols=1021 Vxx_nnz=1040400
FILTERDDP_TIMING iteration=22 barrier_iteration=0 stage=2 derivative_s=0.012874900 first_order_s=0.005254300 second_order_s=0.007192600 algebra_s=0.057500300 kkt_assembly_s=0.147736600 factor_s=0.192788700 solve_s=0.314863800 update_s=0.073832300 K_nnz=393075 rhs_cols=1021 Vxx_nnz=1040400
FILTERDDP_TIMING iteration=22 barrier_iteration=0 stage=1 derivative_s=0.016318200 first_order_s=0.005267400 second_order_s=0.010678000 algebra_s=0.040644900 kkt_assembly_s=0.146843500 factor_s=0.227126700 solve_s=0.402240100 update_s=0.071699300 K_nnz=393075 rhs_cols=1021 Vxx_nnz=1040400
FILTERDDP_FEASIBILITY iteration=22 barrier_iteration=0 equality_count=1015272 equality_rms=4.421973639756e-02 equality_max=7.500959531736e-01 equality_worst_stage=5 equality_worst_index=1 dynamics_count=23460 dynamics_rms=0.000000000000e+00 dynamics_max=0.000000000000e+00 dynamics_worst_stage=0 dynamics_worst_index=0 bound_count=1137768 bound_rms=0.000000000000e+00 bound_max=0.000000000000e+00 bound_worst_stage=0 bound_worst_index=0 bound_worst_kind=none
    22   6.59486243e+05   7.5010e-01   4.0419e+02   1.0000e+00    0.00      -     1.5625e-02   4
FILTERDDP_ITER_TIMING iteration=22 barrier_iteration=0 backward_s=20.823611700 forward_s=1.631832000 total_s=22.455443700 outcome=accepted step_size=1.562500000e-02 backtracks=4 mu=1.000000000e+00
FILTERDDP_TIMING iteration=23 barrier_iteration=0 stage=24 derivative_s=0.032623900 first_order_s=0.008344400 second_order_s=0.023653600 algebra_s=0.046135900 kkt_assembly_s=0.284865800 factor_s=0.169044200 solve_s=0.312563100 update_s=0.068708100 K_nnz=393075 rhs_cols=1021 Vxx_nnz=1040400
FILTERDDP_TIMING iteration=23 barrier_iteration=0 stage=23 derivative_s=0.015318200 first_order_s=0.005008100 second_order_s=0.009970700 algebra_s=0.036178900 kkt_assembly_s=0.145271800 factor_s=0.217709500 solve_s=0.451553100 update_s=0.072106600 K_nnz=393075 rhs_cols=1021 Vxx_nnz=1040400
FILTERDDP_TIMING iteration=23 barrier_iteration=0 stage=22 derivative_s=0.016046500 first_order_s=0.005265300 second_order_s=0.010442200 algebra_s=0.039259200 kkt_assembly_s=0.146317600 factor_s=0.180072000 solve_s=0.321591400 update_s=0.075420400 K_nnz=393075 rhs_cols=1021 Vxx_nnz=1040400
FILTERDDP_TIMING iteration=23 barrier_iteration=0 stage=21 derivative_s=0.015382300 first_order_s=0.005359000 second_order_s=0.009642500 algebra_s=0.049867200 kkt_assembly_s=0.148245900 factor_s=0.178805900 solve_s=0.317183300 update_s=0.072650300 K_nnz=393075 rhs_cols=1021 Vxx_nnz=1040400
FILTERDDP_TIMING iteration=23 barrier_iteration=0 stage=20 derivative_s=0.015603400 first_order_s=0.005340900 second_order_s=0.009929100 algebra_s=0.038780900 kkt_assembly_s=0.152997000 factor_s=0.191018000 solve_s=0.313962100 update_s=0.067208200 K_nnz=393075 rhs_cols=1021 Vxx_nnz=1040400
FILTERDDP_TIMING iteration=23 barrier_iteration=0 stage=19 derivative_s=0.015257300 first_order_s=0.005154400 second_order_s=0.009766200 algebra_s=0.044132100 kkt_assembly_s=0.147785700 factor_s=0.190969000 solve_s=0.315193700 update_s=0.062650400 K_nnz=393075 rhs_cols=1021 Vxx_nnz=1040400
FILTERDDP_TIMING iteration=23 barrier_iteration=0 stage=18 derivative_s=0.017127300 first_order_s=0.006239000 second_order_s=0.010362500 algebra_s=0.079065500 kkt_assembly_s=0.144118000 factor_s=0.171531300 solve_s=0.397278900 update_s=0.066413600 K_nnz=393075 rhs_cols=1021 Vxx_nnz=1040400
FILTERDDP_TIMING iteration=23 barrier_iteration=0 stage=17 derivative_s=0.015631600 first_order_s=0.005221500 second_order_s=0.010080400 algebra_s=0.035930800 kkt_assembly_s=0.142842600 factor_s=0.179142000 solve_s=0.317539500 update_s=0.065047600 K_nnz=393075 rhs_cols=1021 Vxx_nnz=1040400
FILTERDDP_TIMING iteration=23 barrier_iteration=0 stage=16 derivative_s=0.024840500 first_order_s=0.005239200 second_order_s=0.019273100 algebra_s=0.035706800 kkt_assembly_s=0.143309000 factor_s=0.178195500 solve_s=0.325925100 update_s=0.068850700 K_nnz=393075 rhs_cols=1021 Vxx_nnz=1040400
FILTERDDP_TIMING iteration=23 barrier_iteration=0 stage=15 derivative_s=0.015635500 first_order_s=0.005242300 second_order_s=0.010021600 algebra_s=0.048482400 kkt_assembly_s=0.150120100 factor_s=0.169620200 solve_s=0.302790300 update_s=0.075481200 K_nnz=393075 rhs_cols=1021 Vxx_nnz=1040400
FILTERDDP_TIMING iteration=23 barrier_iteration=0 stage=14 derivative_s=0.015134200 first_order_s=0.005131600 second_order_s=0.009677400 algebra_s=0.036032600 kkt_assembly_s=0.143928200 factor_s=0.173370800 solve_s=0.299677300 update_s=0.072564600 K_nnz=393075 rhs_cols=1021 Vxx_nnz=1040400
FILTERDDP_TIMING iteration=23 barrier_iteration=0 stage=13 derivative_s=0.015211300 first_order_s=0.005199200 second_order_s=0.009685800 algebra_s=0.045263400 kkt_assembly_s=0.142518400 factor_s=0.178830700 solve_s=0.302736100 update_s=0.106227500 K_nnz=393075 rhs_cols=1021 Vxx_nnz=1040400
FILTERDDP_TIMING iteration=23 barrier_iteration=0 stage=12 derivative_s=0.016648000 first_order_s=0.005066200 second_order_s=0.011238100 algebra_s=0.147890200 kkt_assembly_s=0.142335200 factor_s=0.168083900 solve_s=0.296477400 update_s=0.088500000 K_nnz=393075 rhs_cols=1021 Vxx_nnz=1040400
FILTERDDP_TIMING iteration=23 barrier_iteration=0 stage=11 derivative_s=0.015345400 first_order_s=0.005434400 second_order_s=0.009586300 algebra_s=0.036003300 kkt_assembly_s=0.154929500 factor_s=0.180698100 solve_s=0.305328900 update_s=0.067858900 K_nnz=393075 rhs_cols=1021 Vxx_nnz=1040400
FILTERDDP_TIMING iteration=23 barrier_iteration=0 stage=10 derivative_s=0.016776800 first_order_s=0.005310500 second_order_s=0.011120300 algebra_s=0.045838000 kkt_assembly_s=0.143842400 factor_s=0.174174800 solve_s=0.313771400 update_s=0.070002100 K_nnz=393075 rhs_cols=1021 Vxx_nnz=1040400
FILTERDDP_TIMING iteration=23 barrier_iteration=0 stage=9 derivative_s=0.015466400 first_order_s=0.005221900 second_order_s=0.009918700 algebra_s=0.045416100 kkt_assembly_s=0.148822600 factor_s=0.182314000 solve_s=0.308700000 update_s=0.075761800 K_nnz=393075 rhs_cols=1021 Vxx_nnz=1040400
FILTERDDP_TIMING iteration=23 barrier_iteration=0 stage=8 derivative_s=0.012727300 first_order_s=0.005211400 second_order_s=0.006984200 algebra_s=0.046649400 kkt_assembly_s=0.142758300 factor_s=0.174958300 solve_s=0.307373400 update_s=0.071148400 K_nnz=393075 rhs_cols=1021 Vxx_nnz=1040400
FILTERDDP_TIMING iteration=23 barrier_iteration=0 stage=7 derivative_s=0.014176500 first_order_s=0.005137000 second_order_s=0.008713500 algebra_s=0.078037500 kkt_assembly_s=0.145479000 factor_s=0.170284400 solve_s=0.395912900 update_s=0.067816200 K_nnz=393075 rhs_cols=1021 Vxx_nnz=1040400
FILTERDDP_TIMING iteration=23 barrier_iteration=0 stage=6 derivative_s=0.013024500 first_order_s=0.005436500 second_order_s=0.007252000 algebra_s=0.035845000 kkt_assembly_s=0.142474500 factor_s=0.192938800 solve_s=0.319529500 update_s=0.067009900 K_nnz=393075 rhs_cols=1021 Vxx_nnz=1040400
FILTERDDP_TIMING iteration=23 barrier_iteration=0 stage=5 derivative_s=0.015290100 first_order_s=0.005156400 second_order_s=0.009799900 algebra_s=0.047127700 kkt_assembly_s=0.150188800 factor_s=0.178617300 solve_s=0.310109300 update_s=0.075951300 K_nnz=393075 rhs_cols=1021 Vxx_nnz=1040400
FILTERDDP_TIMING iteration=23 barrier_iteration=0 stage=4 derivative_s=0.015268100 first_order_s=0.005182200 second_order_s=0.009736800 algebra_s=0.036430100 kkt_assembly_s=0.145506900 factor_s=0.185166000 solve_s=0.312430500 update_s=0.065988600 K_nnz=393075 rhs_cols=1021 Vxx_nnz=1040400
FILTERDDP_TIMING iteration=23 barrier_iteration=0 stage=3 derivative_s=0.013793400 first_order_s=0.005060400 second_order_s=0.008383400 algebra_s=0.053060500 kkt_assembly_s=0.146152300 factor_s=0.173304900 solve_s=0.300224400 update_s=0.072599600 K_nnz=393075 rhs_cols=1021 Vxx_nnz=1040400
FILTERDDP_TIMING iteration=23 barrier_iteration=0 stage=2 derivative_s=0.016838300 first_order_s=0.005133100 second_order_s=0.011390900 algebra_s=0.035570900 kkt_assembly_s=0.167565800 factor_s=0.178163500 solve_s=0.317712900 update_s=0.064040500 K_nnz=393075 rhs_cols=1021 Vxx_nnz=1040400
FILTERDDP_TIMING iteration=23 barrier_iteration=0 stage=1 derivative_s=0.015490500 first_order_s=0.005386600 second_order_s=0.009785300 algebra_s=0.083465000 kkt_assembly_s=0.147404900 factor_s=0.170687200 solve_s=0.403450800 update_s=0.068390000 K_nnz=393075 rhs_cols=1021 Vxx_nnz=1040400
FILTERDDP_FEASIBILITY iteration=23 barrier_iteration=0 equality_count=1015272 equality_rms=4.420006670846e-02 equality_max=7.383757039052e-01 equality_worst_stage=5 equality_worst_index=1 dynamics_count=23460 dynamics_rms=0.000000000000e+00 dynamics_max=0.000000000000e+00 dynamics_worst_stage=0 dynamics_worst_index=0 bound_count=1137768 bound_rms=0.000000000000e+00 bound_max=0.000000000000e+00 bound_worst_stage=0 bound_worst_index=0 bound_worst_kind=none
    23   6.90710692e+05   7.3838e-01   4.3995e+02   1.0000e+00    0.00      -     1.5625e-02   4
FILTERDDP_ITER_TIMING iteration=23 barrier_iteration=0 backward_s=20.669405400 forward_s=1.666372700 total_s=22.335778100 outcome=accepted step_size=1.562500000e-02 backtracks=4 mu=1.000000000e+00
FILTERDDP_TIMING iteration=24 barrier_iteration=0 stage=24 derivative_s=0.032362900 first_order_s=0.008902500 second_order_s=0.022833700 algebra_s=0.059235300 kkt_assembly_s=0.265316400 factor_s=0.170062700 solve_s=0.309246000 update_s=0.065220600 K_nnz=393075 rhs_cols=1021 Vxx_nnz=1040400
FILTERDDP_TIMING iteration=24 barrier_iteration=0 stage=23 derivative_s=0.016769300 first_order_s=0.004976300 second_order_s=0.011472900 algebra_s=0.036372400 kkt_assembly_s=0.171214100 factor_s=0.218652300 solve_s=0.471372500 update_s=0.061078900 K_nnz=393075 rhs_cols=1021 Vxx_nnz=1040400
FILTERDDP_TIMING iteration=24 barrier_iteration=0 stage=22 derivative_s=0.017030200 first_order_s=0.005940800 second_order_s=0.010757400 algebra_s=0.040461000 kkt_assembly_s=0.146565300 factor_s=0.182649600 solve_s=0.309451800 update_s=0.077129000 K_nnz=393075 rhs_cols=1021 Vxx_nnz=1040400
FILTERDDP_TIMING iteration=24 barrier_iteration=0 stage=21 derivative_s=0.014474200 first_order_s=0.006323900 second_order_s=0.007669200 algebra_s=0.049790300 kkt_assembly_s=0.149231300 factor_s=0.171100300 solve_s=0.313262300 update_s=0.082035100 K_nnz=393075 rhs_cols=1021 Vxx_nnz=1040400
FILTERDDP_TIMING iteration=24 barrier_iteration=0 stage=20 derivative_s=0.016120500 first_order_s=0.005779100 second_order_s=0.009952500 algebra_s=0.037819700 kkt_assembly_s=0.144240100 factor_s=0.188851200 solve_s=0.307766000 update_s=0.065910400 K_nnz=393075 rhs_cols=1021 Vxx_nnz=1040400
FILTERDDP_TIMING iteration=24 barrier_iteration=0 stage=19 derivative_s=0.016183900 first_order_s=0.005344600 second_order_s=0.010444200 algebra_s=0.053960700 kkt_assembly_s=0.142948300 factor_s=0.171312300 solve_s=0.311343300 update_s=0.085046700 K_nnz=393075 rhs_cols=1021 Vxx_nnz=1040400
FILTERDDP_TIMING iteration=24 barrier_iteration=0 stage=18 derivative_s=0.015598400 first_order_s=0.005371900 second_order_s=0.009907500 algebra_s=0.038425500 kkt_assembly_s=0.143550700 factor_s=0.214034700 solve_s=0.407436200 update_s=0.072154200 K_nnz=393075 rhs_cols=1021 Vxx_nnz=1040400
FILTERDDP_TIMING iteration=24 barrier_iteration=0 stage=17 derivative_s=0.015269800 first_order_s=0.005055900 second_order_s=0.009888800 algebra_s=0.036538900 kkt_assembly_s=0.163426600 factor_s=0.174765200 solve_s=0.323833200 update_s=0.062245800 K_nnz=393075 rhs_cols=1021 Vxx_nnz=1040400
FILTERDDP_TIMING iteration=24 barrier_iteration=0 stage=16 derivative_s=0.024484300 first_order_s=0.005107200 second_order_s=0.019024500 algebra_s=0.039097100 kkt_assembly_s=0.148232600 factor_s=0.185739300 solve_s=0.311634800 update_s=0.066868400 K_nnz=393075 rhs_cols=1021 Vxx_nnz=1040400
FILTERDDP_TIMING iteration=24 barrier_iteration=0 stage=15 derivative_s=0.013041200 first_order_s=0.005379300 second_order_s=0.007320700 algebra_s=0.048217500 kkt_assembly_s=0.143022600 factor_s=0.167279900 solve_s=0.303583900 update_s=0.086236000 K_nnz=393075 rhs_cols=1021 Vxx_nnz=1040400
FILTERDDP_TIMING iteration=24 barrier_iteration=0 stage=14 derivative_s=0.015223600 first_order_s=0.004999500 second_order_s=0.009870100 algebra_s=0.035491500 kkt_assembly_s=0.150307400 factor_s=0.175393400 solve_s=0.358042800 update_s=0.074620500 K_nnz=393075 rhs_cols=1021 Vxx_nnz=1040400
FILTERDDP_TIMING iteration=24 barrier_iteration=0 stage=13 derivative_s=0.015726200 first_order_s=0.005182800 second_order_s=0.010197900 algebra_s=0.134942600 kkt_assembly_s=0.150647700 factor_s=0.182498400 solve_s=0.309831200 update_s=0.066212100 K_nnz=393075 rhs_cols=1021 Vxx_nnz=1040400
FILTERDDP_TIMING iteration=24 barrier_iteration=0 stage=12 derivative_s=0.015306500 first_order_s=0.005229000 second_order_s=0.009727900 algebra_s=0.038251500 kkt_assembly_s=0.144875000 factor_s=0.184555800 solve_s=0.315220700 update_s=0.074830300 K_nnz=393075 rhs_cols=1021 Vxx_nnz=1040400
FILTERDDP_TIMING iteration=24 barrier_iteration=0 stage=11 derivative_s=0.015245800 first_order_s=0.005158500 second_order_s=0.009759600 algebra_s=0.047989100 kkt_assembly_s=0.144150400 factor_s=0.169274700 solve_s=0.308370200 update_s=0.073424100 K_nnz=393075 rhs_cols=1021 Vxx_nnz=1040400
FILTERDDP_TIMING iteration=24 barrier_iteration=0 stage=10 derivative_s=0.015003400 first_order_s=0.005035500 second_order_s=0.009639200 algebra_s=0.041321900 kkt_assembly_s=0.142486600 factor_s=0.168789600 solve_s=0.308155100 update_s=0.063284000 K_nnz=393075 rhs_cols=1021 Vxx_nnz=1040400
FILTERDDP_TIMING iteration=24 barrier_iteration=0 stage=9 derivative_s=0.059561000 first_order_s=0.005145100 second_order_s=0.054070300 algebra_s=0.051126400 kkt_assembly_s=0.147352200 factor_s=0.281585600 solve_s=0.303303200 update_s=0.071786900 K_nnz=393075 rhs_cols=1021 Vxx_nnz=1040400
FILTERDDP_TIMING iteration=24 barrier_iteration=0 stage=8 derivative_s=0.016745500 first_order_s=0.005475000 second_order_s=0.010938900 algebra_s=0.052302000 kkt_assembly_s=0.145262700 factor_s=0.167725500 solve_s=0.312416200 update_s=0.070222400 K_nnz=393075 rhs_cols=1021 Vxx_nnz=1040400
FILTERDDP_TIMING iteration=24 barrier_iteration=0 stage=7 derivative_s=0.015397000 first_order_s=0.005211700 second_order_s=0.009833200 algebra_s=0.045509300 kkt_assembly_s=0.143075300 factor_s=0.172906100 solve_s=0.306818200 update_s=0.071359100 K_nnz=393075 rhs_cols=1021 Vxx_nnz=1040400
FILTERDDP_TIMING iteration=24 barrier_iteration=0 stage=6 derivative_s=0.012174000 first_order_s=0.005052700 second_order_s=0.006788700 algebra_s=0.047029400 kkt_assembly_s=0.147681100 factor_s=0.170183700 solve_s=0.297800300 update_s=0.087240600 K_nnz=393075 rhs_cols=1021 Vxx_nnz=1040400
FILTERDDP_TIMING iteration=24 barrier_iteration=0 stage=5 derivative_s=0.015954800 first_order_s=0.005649000 second_order_s=0.009956600 algebra_s=0.036994500 kkt_assembly_s=0.149621100 factor_s=0.186225800 solve_s=0.350089700 update_s=0.066201300 K_nnz=393075 rhs_cols=1021 Vxx_nnz=1040400
FILTERDDP_TIMING iteration=24 barrier_iteration=0 stage=4 derivative_s=0.015040800 first_order_s=0.005025200 second_order_s=0.009697100 algebra_s=0.145737700 kkt_assembly_s=0.146344900 factor_s=0.167182300 solve_s=0.308845400 update_s=0.081279800 K_nnz=393075 rhs_cols=1021 Vxx_nnz=1040400
FILTERDDP_TIMING iteration=24 barrier_iteration=0 stage=3 derivative_s=0.016591000 first_order_s=0.006583300 second_order_s=0.009645800 algebra_s=0.044506700 kkt_assembly_s=0.148794200 factor_s=0.180416300 solve_s=0.296984600 update_s=0.074280700 K_nnz=393075 rhs_cols=1021 Vxx_nnz=1040400
FILTERDDP_TIMING iteration=24 barrier_iteration=0 stage=2 derivative_s=0.015217100 first_order_s=0.005151500 second_order_s=0.009732900 algebra_s=0.046458200 kkt_assembly_s=0.142287900 factor_s=0.166650700 solve_s=0.315807600 update_s=0.073324800 K_nnz=393075 rhs_cols=1021 Vxx_nnz=1040400
FILTERDDP_TIMING iteration=24 barrier_iteration=0 stage=1 derivative_s=0.015172200 first_order_s=0.005253400 second_order_s=0.009516400 algebra_s=0.042451400 kkt_assembly_s=0.143226300 factor_s=0.168204500 solve_s=0.306241400 update_s=0.075134700 K_nnz=393075 rhs_cols=1021 Vxx_nnz=1040400
FILTERDDP_FEASIBILITY iteration=24 barrier_iteration=0 equality_count=1015272 equality_rms=4.417652560816e-02 equality_max=7.268385835317e-01 equality_worst_stage=5 equality_worst_index=1 dynamics_count=23460 dynamics_rms=0.000000000000e+00 dynamics_max=0.000000000000e+00 dynamics_worst_stage=0 dynamics_worst_index=0 bound_count=1137768 bound_rms=0.000000000000e+00 bound_max=0.000000000000e+00 bound_worst_stage=0 bound_worst_index=0 bound_worst_kind=none
    24   7.21489288e+05   7.2684e-01   4.7610e+02   1.0000e+00    0.00      -     1.5625e-02   4
FILTERDDP_ITER_TIMING iteration=24 barrier_iteration=0 backward_s=20.732041400 forward_s=1.954255700 total_s=22.686297100 outcome=accepted step_size=1.562500000e-02 backtracks=4 mu=1.000000000e+00
FILTERDDP_TIMING iteration=25 barrier_iteration=0 stage=24 derivative_s=0.019786500 first_order_s=0.005483500 second_order_s=0.013972700 algebra_s=0.053772300 kkt_assembly_s=0.270605800 factor_s=0.175691700 solve_s=0.317154300 update_s=0.064737900 K_nnz=393075 rhs_cols=1021 Vxx_nnz=1040400
FILTERDDP_TIMING iteration=25 barrier_iteration=0 stage=23 derivative_s=0.014097600 first_order_s=0.005426200 second_order_s=0.008320500 algebra_s=0.082549300 kkt_assembly_s=0.155009500 factor_s=0.191187300 solve_s=0.453722700 update_s=0.067088800 K_nnz=393075 rhs_cols=1021 Vxx_nnz=1040400
FILTERDDP_TIMING iteration=25 barrier_iteration=0 stage=22 derivative_s=0.019274100 first_order_s=0.006851000 second_order_s=0.012073600 algebra_s=0.052071600 kkt_assembly_s=0.144225100 factor_s=0.181119000 solve_s=0.298644700 update_s=0.070567500 K_nnz=393075 rhs_cols=1021 Vxx_nnz=1040400
FILTERDDP_TIMING iteration=25 barrier_iteration=0 stage=21 derivative_s=0.016968800 first_order_s=0.005219600 second_order_s=0.011417800 algebra_s=0.035022800 kkt_assembly_s=0.149018700 factor_s=0.180569100 solve_s=0.304899100 update_s=0.073672700 K_nnz=393075 rhs_cols=1021 Vxx_nnz=1040400
FILTERDDP_TIMING iteration=25 barrier_iteration=0 stage=20 derivative_s=0.023779300 first_order_s=0.005191500 second_order_s=0.018262800 algebra_s=0.035529800 kkt_assembly_s=0.142338400 factor_s=0.177954700 solve_s=0.312362200 update_s=0.068789300 K_nnz=393075 rhs_cols=1021 Vxx_nnz=1040400
FILTERDDP_TIMING iteration=25 barrier_iteration=0 stage=19 derivative_s=0.015069700 first_order_s=0.005192100 second_order_s=0.009556900 algebra_s=0.055788000 kkt_assembly_s=0.143970100 factor_s=0.169147200 solve_s=0.343737300 update_s=0.163240900 K_nnz=393075 rhs_cols=1021 Vxx_nnz=1040400
FILTERDDP_TIMING iteration=25 barrier_iteration=0 stage=18 derivative_s=0.012946900 first_order_s=0.005415300 second_order_s=0.007184000 algebra_s=0.035522500 kkt_assembly_s=0.142554100 factor_s=0.165529200 solve_s=0.309654800 update_s=0.066116900 K_nnz=393075 rhs_cols=1021 Vxx_nnz=1040400
FILTERDDP_TIMING iteration=25 barrier_iteration=0 stage=17 derivative_s=0.015196100 first_order_s=0.005254600 second_order_s=0.009612100 algebra_s=0.036765800 kkt_assembly_s=0.142570500 factor_s=0.182056800 solve_s=0.310335900 update_s=0.069363900 K_nnz=393075 rhs_cols=1021 Vxx_nnz=1040400
FILTERDDP_TIMING iteration=25 barrier_iteration=0 stage=16 derivative_s=0.015439700 first_order_s=0.005215400 second_order_s=0.009899600 algebra_s=0.048769800 kkt_assembly_s=0.149200700 factor_s=0.193686200 solve_s=0.315796900 update_s=0.069441400 K_nnz=393075 rhs_cols=1021 Vxx_nnz=1040400
FILTERDDP_TIMING iteration=25 barrier_iteration=0 stage=15 derivative_s=0.015969300 first_order_s=0.005420800 second_order_s=0.010190400 algebra_s=0.042388200 kkt_assembly_s=0.143319400 factor_s=0.170520600 solve_s=0.307169300 update_s=0.066678100 K_nnz=393075 rhs_cols=1021 Vxx_nnz=1040400
FILTERDDP_TIMING iteration=25 barrier_iteration=0 stage=14 derivative_s=0.023928300 first_order_s=0.005071000 second_order_s=0.018507500 algebra_s=0.044047800 kkt_assembly_s=0.147160700 factor_s=0.171705000 solve_s=0.318110200 update_s=0.068388300 K_nnz=393075 rhs_cols=1021 Vxx_nnz=1040400
FILTERDDP_TIMING iteration=25 barrier_iteration=0 stage=13 derivative_s=0.015807500 first_order_s=0.005374800 second_order_s=0.009857100 algebra_s=0.083960500 kkt_assembly_s=0.143933200 factor_s=0.172481600 solve_s=0.393930800 update_s=0.065487100 K_nnz=393075 rhs_cols=1021 Vxx_nnz=1040400
FILTERDDP_TIMING iteration=25 barrier_iteration=0 stage=12 derivative_s=0.015133000 first_order_s=0.004935400 second_order_s=0.009854700 algebra_s=0.035516600 kkt_assembly_s=0.157367300 factor_s=0.165228600 solve_s=0.312334400 update_s=0.067788900 K_nnz=393075 rhs_cols=1021 Vxx_nnz=1040400
FILTERDDP_TIMING iteration=25 barrier_iteration=0 stage=11 derivative_s=0.017015400 first_order_s=0.005211200 second_order_s=0.011473000 algebra_s=0.050687400 kkt_assembly_s=0.143957000 factor_s=0.171544200 solve_s=0.297364100 update_s=0.081331000 K_nnz=393075 rhs_cols=1021 Vxx_nnz=1040400
FILTERDDP_TIMING iteration=25 barrier_iteration=0 stage=10 derivative_s=0.012236700 first_order_s=0.005413600 second_order_s=0.006508200 algebra_s=0.035238000 kkt_assembly_s=0.145611400 factor_s=0.188946400 solve_s=0.312073600 update_s=0.066211800 K_nnz=393075 rhs_cols=1021 Vxx_nnz=1040400
FILTERDDP_TIMING iteration=25 barrier_iteration=0 stage=9 derivative_s=0.014997600 first_order_s=0.005054700 second_order_s=0.009608700 algebra_s=0.051430000 kkt_assembly_s=0.142040700 factor_s=0.181540000 solve_s=0.316952800 update_s=0.081039600 K_nnz=393075 rhs_cols=1021 Vxx_nnz=1040400
FILTERDDP_TIMING iteration=25 barrier_iteration=0 stage=8 derivative_s=0.015084800 first_order_s=0.004983900 second_order_s=0.009751400 algebra_s=0.035367100 kkt_assembly_s=0.145477700 factor_s=0.175751500 solve_s=0.344133300 update_s=0.065325700 K_nnz=393075 rhs_cols=1021 Vxx_nnz=1040400
FILTERDDP_TIMING iteration=25 barrier_iteration=0 stage=7 derivative_s=0.019403400 first_order_s=0.006455000 second_order_s=0.012587600 algebra_s=0.155164500 kkt_assembly_s=0.149841000 factor_s=0.179989000 solve_s=0.306423900 update_s=0.083219600 K_nnz=393075 rhs_cols=1021 Vxx_nnz=1040400
FILTERDDP_TIMING iteration=25 barrier_iteration=0 stage=6 derivative_s=0.012580200 first_order_s=0.005133500 second_order_s=0.007054000 algebra_s=0.037037200 kkt_assembly_s=0.148621200 factor_s=0.198395700 solve_s=0.328493900 update_s=0.071064200 K_nnz=393075 rhs_cols=1021 Vxx_nnz=1040400
FILTERDDP_TIMING iteration=25 barrier_iteration=0 stage=5 derivative_s=0.018375200 first_order_s=0.006265700 second_order_s=0.011760900 algebra_s=0.053182500 kkt_assembly_s=0.150480000 factor_s=0.186224800 solve_s=0.325445500 update_s=0.073900500 K_nnz=393075 rhs_cols=1021 Vxx_nnz=1040400
FILTERDDP_TIMING iteration=25 barrier_iteration=0 stage=4 derivative_s=0.016538600 first_order_s=0.006033400 second_order_s=0.010065000 algebra_s=0.047282100 kkt_assembly_s=0.155569100 factor_s=0.187836300 solve_s=0.307249800 update_s=0.075233900 K_nnz=393075 rhs_cols=1021 Vxx_nnz=1040400
FILTERDDP_TIMING iteration=25 barrier_iteration=0 stage=3 derivative_s=0.015368400 first_order_s=0.005221300 second_order_s=0.009798400 algebra_s=0.044433400 kkt_assembly_s=0.146227900 factor_s=0.181324500 solve_s=0.304192100 update_s=0.075724200 K_nnz=393075 rhs_cols=1021 Vxx_nnz=1040400
FILTERDDP_TIMING iteration=25 barrier_iteration=0 stage=2 derivative_s=0.015468200 first_order_s=0.005238000 second_order_s=0.009825700 algebra_s=0.042787000 kkt_assembly_s=0.143729600 factor_s=0.172848500 solve_s=0.340033800 update_s=0.074916800 K_nnz=393075 rhs_cols=1021 Vxx_nnz=1040400
FILTERDDP_TIMING iteration=25 barrier_iteration=0 stage=1 derivative_s=0.117685200 first_order_s=0.005193300 second_order_s=0.112132900 algebra_s=0.036290000 kkt_assembly_s=0.145980200 factor_s=0.167798300 solve_s=0.317120700 update_s=0.077804500 K_nnz=393075 rhs_cols=1021 Vxx_nnz=1040400
FILTERDDP_FEASIBILITY iteration=25 barrier_iteration=0 equality_count=1015272 equality_rms=4.414785244038e-02 equality_max=7.154817306641e-01 equality_worst_stage=5 equality_worst_index=1 dynamics_count=23460 dynamics_rms=0.000000000000e+00 dynamics_max=0.000000000000e+00 dynamics_worst_stage=0 dynamics_worst_index=0 bound_count=1137768 bound_rms=0.000000000000e+00 bound_max=0.000000000000e+00 bound_worst_stage=0 bound_worst_index=0 bound_worst_kind=none
    25   7.51827054e+05   7.1548e-01   5.1254e+02   1.0000e+00    0.00      -     1.5625e-02   4
FILTERDDP_ITER_TIMING iteration=25 barrier_iteration=0 backward_s=20.770503400 forward_s=1.690070000 total_s=22.460573400 outcome=accepted step_size=1.562500000e-02 backtracks=4 mu=1.000000000e+00
FILTERDDP_TIMING iteration=26 barrier_iteration=0 stage=24 derivative_s=0.038267600 first_order_s=0.008106700 second_order_s=0.029774000 algebra_s=0.038535400 kkt_assembly_s=0.259071100 factor_s=0.171578700 solve_s=0.313151600 update_s=0.066215000 K_nnz=393075 rhs_cols=1021 Vxx_nnz=1040400
FILTERDDP_TIMING iteration=26 barrier_iteration=0 stage=23 derivative_s=0.015019800 first_order_s=0.005088800 second_order_s=0.009431100 algebra_s=0.035506600 kkt_assembly_s=0.203025500 factor_s=0.221662000 solve_s=0.441258200 update_s=0.074521100 K_nnz=393075 rhs_cols=1021 Vxx_nnz=1040400
FILTERDDP_TIMING iteration=26 barrier_iteration=0 stage=22 derivative_s=0.016108600 first_order_s=0.005541800 second_order_s=0.010238700 algebra_s=0.036066900 kkt_assembly_s=0.144183500 factor_s=0.183609900 solve_s=0.318941500 update_s=0.077898500 K_nnz=393075 rhs_cols=1021 Vxx_nnz=1040400
FILTERDDP_TIMING iteration=26 barrier_iteration=0 stage=21 derivative_s=0.017992000 first_order_s=0.005413900 second_order_s=0.012229600 algebra_s=0.046775800 kkt_assembly_s=0.144322000 factor_s=0.169966900 solve_s=0.298540100 update_s=0.077372100 K_nnz=393075 rhs_cols=1021 Vxx_nnz=1040400
FILTERDDP_TIMING iteration=26 barrier_iteration=0 stage=20 derivative_s=0.015542800 first_order_s=0.005493100 second_order_s=0.009711200 algebra_s=0.036173400 kkt_assembly_s=0.145228000 factor_s=0.181834800 solve_s=0.304704300 update_s=0.072358100 K_nnz=393075 rhs_cols=1021 Vxx_nnz=1040400
FILTERDDP_TIMING iteration=26 barrier_iteration=0 stage=19 derivative_s=0.038392100 first_order_s=0.005519100 second_order_s=0.032533300 algebra_s=0.040609500 kkt_assembly_s=0.151489000 factor_s=0.174955800 solve_s=0.313598800 update_s=0.066220900 K_nnz=393075 rhs_cols=1021 Vxx_nnz=1040400
FILTERDDP_TIMING iteration=26 barrier_iteration=0 stage=18 derivative_s=0.017893400 first_order_s=0.005119400 second_order_s=0.012448700 algebra_s=0.085427400 kkt_assembly_s=0.146094700 factor_s=0.171221700 solve_s=0.387591100 update_s=0.075397800 K_nnz=393075 rhs_cols=1021 Vxx_nnz=1040400
FILTERDDP_TIMING iteration=26 barrier_iteration=0 stage=17 derivative_s=0.015406200 first_order_s=0.005099200 second_order_s=0.009937800 algebra_s=0.040047900 kkt_assembly_s=0.159264200 factor_s=0.167328300 solve_s=0.324789300 update_s=0.074159500 K_nnz=393075 rhs_cols=1021 Vxx_nnz=1040400
FILTERDDP_TIMING iteration=26 barrier_iteration=0 stage=16 derivative_s=0.015739900 first_order_s=0.005468800 second_order_s=0.009827800 algebra_s=0.051944500 kkt_assembly_s=0.144229900 factor_s=0.172335500 solve_s=0.304204400 update_s=0.071962200 K_nnz=393075 rhs_cols=1021 Vxx_nnz=1040400
FILTERDDP_TIMING iteration=26 barrier_iteration=0 stage=15 derivative_s=0.016705500 first_order_s=0.005890300 second_order_s=0.010479100 algebra_s=0.037136000 kkt_assembly_s=0.148169700 factor_s=0.201112000 solve_s=0.318242700 update_s=0.064607900 K_nnz=393075 rhs_cols=1021 Vxx_nnz=1040400
FILTERDDP_TIMING iteration=26 barrier_iteration=0 stage=14 derivative_s=0.020888900 first_order_s=0.005632800 second_order_s=0.014907700 algebra_s=0.054114900 kkt_assembly_s=0.150426800 factor_s=0.166503300 solve_s=0.307775900 update_s=0.082744100 K_nnz=393075 rhs_cols=1021 Vxx_nnz=1040400
FILTERDDP_TIMING iteration=26 barrier_iteration=0 stage=13 derivative_s=0.015782200 first_order_s=0.005605400 second_order_s=0.009857900 algebra_s=0.035749600 kkt_assembly_s=0.172788400 factor_s=0.177953000 solve_s=0.360393100 update_s=0.075800700 K_nnz=393075 rhs_cols=1021 Vxx_nnz=1040400
FILTERDDP_TIMING iteration=26 barrier_iteration=0 stage=12 derivative_s=0.017012500 first_order_s=0.006304600 second_order_s=0.010373200 algebra_s=0.145073700 kkt_assembly_s=0.152823300 factor_s=0.181702200 solve_s=0.325236400 update_s=0.075994900 K_nnz=393075 rhs_cols=1021 Vxx_nnz=1040400
FILTERDDP_TIMING iteration=26 barrier_iteration=0 stage=11 derivative_s=0.020874500 first_order_s=0.006014100 second_order_s=0.014509800 algebra_s=0.036026800 kkt_assembly_s=0.154457600 factor_s=0.191561300 solve_s=0.312717800 update_s=0.072842700 K_nnz=393075 rhs_cols=1021 Vxx_nnz=1040400
FILTERDDP_TIMING iteration=26 barrier_iteration=0 stage=10 derivative_s=0.019482200 first_order_s=0.007004300 second_order_s=0.012070100 algebra_s=0.047252500 kkt_assembly_s=0.149614800 factor_s=0.181527300 solve_s=0.316032300 update_s=0.077022700 K_nnz=393075 rhs_cols=1021 Vxx_nnz=1040400
FILTERDDP_TIMING iteration=26 barrier_iteration=0 stage=9 derivative_s=0.013247400 first_order_s=0.005272500 second_order_s=0.007631400 algebra_s=0.051394300 kkt_assembly_s=0.142946400 factor_s=0.169502800 solve_s=0.301777900 update_s=0.080208000 K_nnz=393075 rhs_cols=1021 Vxx_nnz=1040400
FILTERDDP_TIMING iteration=26 barrier_iteration=0 stage=8 derivative_s=0.025810700 first_order_s=0.005911200 second_order_s=0.019562500 algebra_s=0.035383700 kkt_assembly_s=0.142792700 factor_s=0.176964400 solve_s=0.314387200 update_s=0.065598600 K_nnz=393075 rhs_cols=1021 Vxx_nnz=1040400
FILTERDDP_TIMING iteration=26 barrier_iteration=0 stage=7 derivative_s=0.015405400 first_order_s=0.005502700 second_order_s=0.009490300 algebra_s=0.093105200 kkt_assembly_s=0.147351600 factor_s=0.172191500 solve_s=0.395793700 update_s=0.075016700 K_nnz=393075 rhs_cols=1021 Vxx_nnz=1040400
FILTERDDP_TIMING iteration=26 barrier_iteration=0 stage=6 derivative_s=0.015186300 first_order_s=0.005205300 second_order_s=0.009651000 algebra_s=0.046987600 kkt_assembly_s=0.148705500 factor_s=0.166845500 solve_s=0.314908500 update_s=0.073225600 K_nnz=393075 rhs_cols=1021 Vxx_nnz=1040400
FILTERDDP_TIMING iteration=26 barrier_iteration=0 stage=5 derivative_s=0.014957100 first_order_s=0.005193000 second_order_s=0.009434300 algebra_s=0.046891200 kkt_assembly_s=0.147297500 factor_s=0.172205600 solve_s=0.305014300 update_s=0.070561400 K_nnz=393075 rhs_cols=1021 Vxx_nnz=1040400
FILTERDDP_TIMING iteration=26 barrier_iteration=0 stage=4 derivative_s=0.013485000 first_order_s=0.005602900 second_order_s=0.007555800 algebra_s=0.036396100 kkt_assembly_s=0.145984900 factor_s=0.187058400 solve_s=0.306375400 update_s=0.068214200 K_nnz=393075 rhs_cols=1021 Vxx_nnz=1040400
FILTERDDP_TIMING iteration=26 barrier_iteration=0 stage=3 derivative_s=0.015471200 first_order_s=0.005119500 second_order_s=0.010020800 algebra_s=0.045864200 kkt_assembly_s=0.149033400 factor_s=0.173968800 solve_s=0.300124200 update_s=0.081367200 K_nnz=393075 rhs_cols=1021 Vxx_nnz=1040400
FILTERDDP_TIMING iteration=26 barrier_iteration=0 stage=2 derivative_s=0.015091200 first_order_s=0.005167700 second_order_s=0.009567700 algebra_s=0.037224200 kkt_assembly_s=0.143403100 factor_s=0.179187400 solve_s=0.321009900 update_s=0.063388900 K_nnz=393075 rhs_cols=1021 Vxx_nnz=1040400
FILTERDDP_TIMING iteration=26 barrier_iteration=0 stage=1 derivative_s=0.015860800 first_order_s=0.005327300 second_order_s=0.010146700 algebra_s=0.083337400 kkt_assembly_s=0.143163300 factor_s=0.169839800 solve_s=0.395691600 update_s=0.068142200 K_nnz=393075 rhs_cols=1021 Vxx_nnz=1040400
FILTERDDP_FEASIBILITY iteration=26 barrier_iteration=0 equality_count=1015272 equality_rms=4.411299144509e-02 equality_max=7.043023286224e-01 equality_worst_stage=5 equality_worst_index=1 dynamics_count=23460 dynamics_rms=0.000000000000e+00 dynamics_max=0.000000000000e+00 dynamics_worst_stage=0 dynamics_worst_index=0 bound_count=1137768 bound_rms=0.000000000000e+00 bound_max=0.000000000000e+00 bound_worst_stage=0 bound_worst_index=0 bound_worst_kind=none
    26   7.81728937e+05   7.0430e-01   5.4916e+02   1.0000e+00    0.00      -     1.5625e-02   4
FILTERDDP_ITER_TIMING iteration=26 barrier_iteration=0 backward_s=20.819477000 forward_s=1.714041900 total_s=22.533518900 outcome=accepted step_size=1.562500000e-02 backtracks=4 mu=1.000000000e+00
FILTERDDP_TIMING iteration=27 barrier_iteration=0 stage=24 derivative_s=0.027093500 first_order_s=0.006748400 second_order_s=0.019980100 algebra_s=0.045312300 kkt_assembly_s=0.263838600 factor_s=0.167299700 solve_s=0.312589900 update_s=0.067755300 K_nnz=393075 rhs_cols=1021 Vxx_nnz=1040400
FILTERDDP_TIMING iteration=27 barrier_iteration=0 stage=23 derivative_s=0.015396200 first_order_s=0.005136600 second_order_s=0.009938400 algebra_s=0.035550800 kkt_assembly_s=0.146053700 factor_s=0.215873700 solve_s=0.457535200 update_s=0.066742100 K_nnz=393075 rhs_cols=1021 Vxx_nnz=1040400
FILTERDDP_TIMING iteration=27 barrier_iteration=0 stage=22 derivative_s=0.025920000 first_order_s=0.009429300 second_order_s=0.015687900 algebra_s=0.037722900 kkt_assembly_s=0.145162800 factor_s=0.185342500 solve_s=0.320571300 update_s=0.076912100 K_nnz=393075 rhs_cols=1021 Vxx_nnz=1040400
FILTERDDP_TIMING iteration=27 barrier_iteration=0 stage=21 derivative_s=0.016037100 first_order_s=0.005511400 second_order_s=0.010174500 algebra_s=0.067645200 kkt_assembly_s=0.143625700 factor_s=0.192415100 solve_s=0.304461700 update_s=0.085274500 K_nnz=393075 rhs_cols=1021 Vxx_nnz=1040400
FILTERDDP_TIMING iteration=27 barrier_iteration=0 stage=20 derivative_s=0.013035800 first_order_s=0.005423600 second_order_s=0.007236300 algebra_s=0.034478600 kkt_assembly_s=0.145243300 factor_s=0.177821800 solve_s=0.303767300 update_s=0.066315100 K_nnz=393075 rhs_cols=1021 Vxx_nnz=1040400
FILTERDDP_TIMING iteration=27 barrier_iteration=0 stage=19 derivative_s=0.015557300 first_order_s=0.005401300 second_order_s=0.009714800 algebra_s=0.050184600 kkt_assembly_s=0.149450700 factor_s=0.183387700 solve_s=0.311696700 update_s=0.079631000 K_nnz=393075 rhs_cols=1021 Vxx_nnz=1040400
FILTERDDP_TIMING iteration=27 barrier_iteration=0 stage=18 derivative_s=0.025055700 first_order_s=0.008663200 second_order_s=0.016065400 algebra_s=0.061005400 kkt_assembly_s=0.148325500 factor_s=0.230589200 solve_s=0.387322900 update_s=0.067744100 K_nnz=393075 rhs_cols=1021 Vxx_nnz=1040400
FILTERDDP_TIMING iteration=27 barrier_iteration=0 stage=17 derivative_s=0.015447800 first_order_s=0.005284300 second_order_s=0.009768700 algebra_s=0.035561700 kkt_assembly_s=0.142127600 factor_s=0.204241400 solve_s=0.305631900 update_s=0.064655900 K_nnz=393075 rhs_cols=1021 Vxx_nnz=1040400
FILTERDDP_TIMING iteration=27 barrier_iteration=0 stage=16 derivative_s=0.024312000 first_order_s=0.005303900 second_order_s=0.018679100 algebra_s=0.040390500 kkt_assembly_s=0.145049000 factor_s=0.175059400 solve_s=0.318858700 update_s=0.063415800 K_nnz=393075 rhs_cols=1021 Vxx_nnz=1040400
FILTERDDP_TIMING iteration=27 barrier_iteration=0 stage=15 derivative_s=0.015143800 first_order_s=0.005026500 second_order_s=0.009772900 algebra_s=0.052574900 kkt_assembly_s=0.147698700 factor_s=0.168165600 solve_s=0.313036900 update_s=0.073095100 K_nnz=393075 rhs_cols=1021 Vxx_nnz=1040400
FILTERDDP_TIMING iteration=27 barrier_iteration=0 stage=14 derivative_s=0.012854800 first_order_s=0.005253900 second_order_s=0.007250800 algebra_s=0.037204700 kkt_assembly_s=0.147522100 factor_s=0.173850100 solve_s=0.312753000 update_s=0.064598900 K_nnz=393075 rhs_cols=1021 Vxx_nnz=1040400
FILTERDDP_TIMING iteration=27 barrier_iteration=0 stage=13 derivative_s=0.015155700 first_order_s=0.004970300 second_order_s=0.009856400 algebra_s=0.045507800 kkt_assembly_s=0.146399800 factor_s=0.205824700 solve_s=0.303704300 update_s=0.189119400 K_nnz=393075 rhs_cols=1021 Vxx_nnz=1040400
FILTERDDP_TIMING iteration=27 barrier_iteration=0 stage=12 derivative_s=0.015177100 first_order_s=0.004925400 second_order_s=0.009922700 algebra_s=0.035933400 kkt_assembly_s=0.146974100 factor_s=0.171200100 solve_s=0.307418200 update_s=0.068738900 K_nnz=393075 rhs_cols=1021 Vxx_nnz=1040400
FILTERDDP_TIMING iteration=27 barrier_iteration=0 stage=11 derivative_s=0.015207100 first_order_s=0.005011700 second_order_s=0.009784700 algebra_s=0.044526300 kkt_assembly_s=0.146403100 factor_s=0.196045500 solve_s=0.296984500 update_s=0.072465900 K_nnz=393075 rhs_cols=1021 Vxx_nnz=1040400
FILTERDDP_TIMING iteration=27 barrier_iteration=0 stage=10 derivative_s=0.016028800 first_order_s=0.005444200 second_order_s=0.010237600 algebra_s=0.042383200 kkt_assembly_s=0.144027100 factor_s=0.168299900 solve_s=0.311089400 update_s=0.070768800 K_nnz=393075 rhs_cols=1021 Vxx_nnz=1040400
FILTERDDP_TIMING iteration=27 barrier_iteration=0 stage=9 derivative_s=0.011940400 first_order_s=0.004950200 second_order_s=0.006657000 algebra_s=0.036068900 kkt_assembly_s=0.148877100 factor_s=0.202058600 solve_s=0.320948600 update_s=0.067349400 K_nnz=393075 rhs_cols=1021 Vxx_nnz=1040400
FILTERDDP_TIMING iteration=27 barrier_iteration=0 stage=8 derivative_s=0.015436200 first_order_s=0.005176600 second_order_s=0.009917900 algebra_s=0.045560500 kkt_assembly_s=0.143091300 factor_s=0.172489400 solve_s=0.301674100 update_s=0.108652600 K_nnz=393075 rhs_cols=1021 Vxx_nnz=1040400
FILTERDDP_TIMING iteration=27 barrier_iteration=0 stage=7 derivative_s=0.015287100 first_order_s=0.005004600 second_order_s=0.009943600 algebra_s=0.035507100 kkt_assembly_s=0.143510900 factor_s=0.278736500 solve_s=0.301890900 update_s=0.066186000 K_nnz=393075 rhs_cols=1021 Vxx_nnz=1040400
FILTERDDP_TIMING iteration=27 barrier_iteration=0 stage=6 derivative_s=0.024620100 first_order_s=0.005097600 second_order_s=0.019201300 algebra_s=0.038305300 kkt_assembly_s=0.171046000 factor_s=0.174760800 solve_s=0.301125800 update_s=0.079585800 K_nnz=393075 rhs_cols=1021 Vxx_nnz=1040400
FILTERDDP_TIMING iteration=27 barrier_iteration=0 stage=5 derivative_s=0.012236200 first_order_s=0.005015500 second_order_s=0.006905300 algebra_s=0.055013600 kkt_assembly_s=0.148569400 factor_s=0.168840300 solve_s=0.309184400 update_s=0.076219000 K_nnz=393075 rhs_cols=1021 Vxx_nnz=1040400
FILTERDDP_TIMING iteration=27 barrier_iteration=0 stage=4 derivative_s=0.012584100 first_order_s=0.005228600 second_order_s=0.007023700 algebra_s=0.033936400 kkt_assembly_s=0.152399000 factor_s=0.185762000 solve_s=0.301387200 update_s=0.067034500 K_nnz=393075 rhs_cols=1021 Vxx_nnz=1040400
FILTERDDP_TIMING iteration=27 barrier_iteration=0 stage=3 derivative_s=0.016499400 first_order_s=0.005472000 second_order_s=0.010695500 algebra_s=0.051355500 kkt_assembly_s=0.142771000 factor_s=0.178157100 solve_s=0.304296700 update_s=0.072074100 K_nnz=393075 rhs_cols=1021 Vxx_nnz=1040400
FILTERDDP_TIMING iteration=27 barrier_iteration=0 stage=2 derivative_s=0.015257500 first_order_s=0.005107800 second_order_s=0.009723000 algebra_s=0.036114200 kkt_assembly_s=0.145627400 factor_s=0.178930000 solve_s=0.318303700 update_s=0.069347000 K_nnz=393075 rhs_cols=1021 Vxx_nnz=1040400
FILTERDDP_TIMING iteration=27 barrier_iteration=0 stage=1 derivative_s=0.015939000 first_order_s=0.005412400 second_order_s=0.010189900 algebra_s=0.084555500 kkt_assembly_s=0.145465500 factor_s=0.174073200 solve_s=0.398448100 update_s=0.065754900 K_nnz=393075 rhs_cols=1021 Vxx_nnz=1040400
FILTERDDP_FEASIBILITY iteration=27 barrier_iteration=0 equality_count=1015272 equality_rms=4.407106812819e-02 equality_max=6.932976047376e-01 equality_worst_stage=5 equality_worst_index=1 dynamics_count=23460 dynamics_rms=0.000000000000e+00 dynamics_max=0.000000000000e+00 dynamics_worst_stage=0 dynamics_worst_index=0 bound_count=1137768 bound_rms=0.000000000000e+00 bound_max=0.000000000000e+00 bound_worst_stage=0 bound_worst_index=0 bound_worst_kind=none
    27   8.11199821e+05   6.9330e-01   5.8586e+02   1.0000e+00    0.00      -     1.5625e-02   4
FILTERDDP_ITER_TIMING iteration=27 barrier_iteration=0 backward_s=20.710111700 forward_s=1.536796800 total_s=22.246908500 outcome=accepted step_size=1.562500000e-02 backtracks=4 mu=1.000000000e+00
FILTERDDP_TIMING iteration=28 barrier_iteration=0 stage=24 derivative_s=0.026594500 first_order_s=0.007026800 second_order_s=0.019201000 algebra_s=0.046776500 kkt_assembly_s=0.288923100 factor_s=0.169123300 solve_s=0.323246800 update_s=0.065724600 K_nnz=393075 rhs_cols=1021 Vxx_nnz=1040400
FILTERDDP_TIMING iteration=28 barrier_iteration=0 stage=23 derivative_s=0.015248400 first_order_s=0.005138800 second_order_s=0.009745300 algebra_s=0.036211800 kkt_assembly_s=0.145184700 factor_s=0.230586100 solve_s=0.458177800 update_s=0.071059400 K_nnz=393075 rhs_cols=1021 Vxx_nnz=1040400
FILTERDDP_TIMING iteration=28 barrier_iteration=0 stage=22 derivative_s=0.015154700 first_order_s=0.005138900 second_order_s=0.009684300 algebra_s=0.036207200 kkt_assembly_s=0.144624900 factor_s=0.193422500 solve_s=0.326566900 update_s=0.074657200 K_nnz=393075 rhs_cols=1021 Vxx_nnz=1040400
FILTERDDP_TIMING iteration=28 barrier_iteration=0 stage=21 derivative_s=0.016718200 first_order_s=0.005847200 second_order_s=0.010353000 algebra_s=0.048956500 kkt_assembly_s=0.147506500 factor_s=0.174441600 solve_s=0.300335900 update_s=0.084028000 K_nnz=393075 rhs_cols=1021 Vxx_nnz=1040400
FILTERDDP_TIMING iteration=28 barrier_iteration=0 stage=20 derivative_s=0.015368900 first_order_s=0.005336700 second_order_s=0.009683400 algebra_s=0.035692100 kkt_assembly_s=0.145364300 factor_s=0.179558000 solve_s=0.313281700 update_s=0.070651400 K_nnz=393075 rhs_cols=1021 Vxx_nnz=1040400
FILTERDDP_TIMING iteration=28 barrier_iteration=0 stage=19 derivative_s=0.028826200 first_order_s=0.005434800 second_order_s=0.022817100 algebra_s=0.057453700 kkt_assembly_s=0.181415500 factor_s=0.195986700 solve_s=0.323439900 update_s=0.078828900 K_nnz=393075 rhs_cols=1021 Vxx_nnz=1040400
FILTERDDP_TIMING iteration=28 barrier_iteration=0 stage=18 derivative_s=0.015488900 first_order_s=0.005216800 second_order_s=0.009935000 algebra_s=0.087362400 kkt_assembly_s=0.146573000 factor_s=0.170727300 solve_s=0.402262400 update_s=0.065286300 K_nnz=393075 rhs_cols=1021 Vxx_nnz=1040400
FILTERDDP_TIMING iteration=28 barrier_iteration=0 stage=17 derivative_s=0.015609600 first_order_s=0.005278800 second_order_s=0.009999900 algebra_s=0.035896000 kkt_assembly_s=0.142724800 factor_s=0.183321200 solve_s=0.313501800 update_s=0.071321200 K_nnz=393075 rhs_cols=1021 Vxx_nnz=1040400
FILTERDDP_TIMING iteration=28 barrier_iteration=0 stage=16 derivative_s=0.015250600 first_order_s=0.005202700 second_order_s=0.009718300 algebra_s=0.036065800 kkt_assembly_s=0.157591500 factor_s=0.170520500 solve_s=0.305506400 update_s=0.066124000 K_nnz=393075 rhs_cols=1021 Vxx_nnz=1040400
FILTERDDP_TIMING iteration=28 barrier_iteration=0 stage=15 derivative_s=0.023413600 first_order_s=0.005082400 second_order_s=0.017992600 algebra_s=0.037500500 kkt_assembly_s=0.164918300 factor_s=0.180260200 solve_s=0.308742000 update_s=0.063810900 K_nnz=393075 rhs_cols=1021 Vxx_nnz=1040400
FILTERDDP_TIMING iteration=28 barrier_iteration=0 stage=14 derivative_s=0.012858700 first_order_s=0.005182700 second_order_s=0.007319400 algebra_s=0.047670900 kkt_assembly_s=0.145783700 factor_s=0.168162100 solve_s=0.306695400 update_s=0.072643100 K_nnz=393075 rhs_cols=1021 Vxx_nnz=1040400
FILTERDDP_TIMING iteration=28 barrier_iteration=0 stage=13 derivative_s=0.015426400 first_order_s=0.005070000 second_order_s=0.010027500 algebra_s=0.036190800 kkt_assembly_s=0.147373300 factor_s=0.223205500 solve_s=0.405398900 update_s=0.071117500 K_nnz=393075 rhs_cols=1021 Vxx_nnz=1040400
FILTERDDP_TIMING iteration=28 barrier_iteration=0 stage=12 derivative_s=0.015321400 first_order_s=0.005140500 second_order_s=0.009843500 algebra_s=0.035795000 kkt_assembly_s=0.144303000 factor_s=0.177133200 solve_s=0.320257200 update_s=0.077724200 K_nnz=393075 rhs_cols=1021 Vxx_nnz=1040400
FILTERDDP_TIMING iteration=28 barrier_iteration=0 stage=11 derivative_s=0.025671600 first_order_s=0.005271100 second_order_s=0.020056200 algebra_s=0.035798200 kkt_assembly_s=0.144518500 factor_s=0.184314900 solve_s=0.314081000 update_s=0.067037100 K_nnz=393075 rhs_cols=1021 Vxx_nnz=1040400
FILTERDDP_TIMING iteration=28 barrier_iteration=0 stage=10 derivative_s=0.015718700 first_order_s=0.005525200 second_order_s=0.009846200 algebra_s=0.053397900 kkt_assembly_s=0.150914600 factor_s=0.169611100 solve_s=0.313566100 update_s=0.079722900 K_nnz=393075 rhs_cols=1021 Vxx_nnz=1040400
FILTERDDP_TIMING iteration=28 barrier_iteration=0 stage=9 derivative_s=0.015433400 first_order_s=0.005366800 second_order_s=0.009706900 algebra_s=0.035596100 kkt_assembly_s=0.148765900 factor_s=0.182531700 solve_s=0.314086500 update_s=0.080934000 K_nnz=393075 rhs_cols=1021 Vxx_nnz=1040400
FILTERDDP_TIMING iteration=28 barrier_iteration=0 stage=8 derivative_s=0.014677900 first_order_s=0.006338800 second_order_s=0.007949500 algebra_s=0.044504100 kkt_assembly_s=0.145656200 factor_s=0.211735000 solve_s=0.307993800 update_s=0.173055400 K_nnz=393075 rhs_cols=1021 Vxx_nnz=1040400
FILTERDDP_TIMING iteration=28 barrier_iteration=0 stage=7 derivative_s=0.016526900 first_order_s=0.007520300 second_order_s=0.008450500 algebra_s=0.042551500 kkt_assembly_s=0.188654100 factor_s=0.189190600 solve_s=0.319709200 update_s=0.080422900 K_nnz=393075 rhs_cols=1021 Vxx_nnz=1040400
FILTERDDP_TIMING iteration=28 barrier_iteration=0 stage=6 derivative_s=0.012563900 first_order_s=0.005126500 second_order_s=0.007038300 algebra_s=0.036253800 kkt_assembly_s=0.181556800 factor_s=0.195017100 solve_s=0.319849500 update_s=0.064390900 K_nnz=393075 rhs_cols=1021 Vxx_nnz=1040400
FILTERDDP_TIMING iteration=28 barrier_iteration=0 stage=5 derivative_s=0.017020600 first_order_s=0.005075800 second_order_s=0.011577700 algebra_s=0.051749000 kkt_assembly_s=0.173126400 factor_s=0.173616100 solve_s=0.308183000 update_s=0.077673900 K_nnz=393075 rhs_cols=1021 Vxx_nnz=1040400
FILTERDDP_TIMING iteration=28 barrier_iteration=0 stage=4 derivative_s=0.014984100 first_order_s=0.005073500 second_order_s=0.009525400 algebra_s=0.043174800 kkt_assembly_s=0.146043200 factor_s=0.169603500 solve_s=0.302475300 update_s=0.066384300 K_nnz=393075 rhs_cols=1021 Vxx_nnz=1040400
FILTERDDP_TIMING iteration=28 barrier_iteration=0 stage=3 derivative_s=0.024875800 first_order_s=0.005368300 second_order_s=0.019166300 algebra_s=0.035227200 kkt_assembly_s=0.145029600 factor_s=0.175278700 solve_s=0.319218000 update_s=0.067489900 K_nnz=393075 rhs_cols=1021 Vxx_nnz=1040400
FILTERDDP_TIMING iteration=28 barrier_iteration=0 stage=2 derivative_s=0.015558300 first_order_s=0.005438700 second_order_s=0.009790600 algebra_s=0.084055200 kkt_assembly_s=0.141895500 factor_s=0.171310800 solve_s=0.395791800 update_s=0.072852400 K_nnz=393075 rhs_cols=1021 Vxx_nnz=1040400
FILTERDDP_TIMING iteration=28 barrier_iteration=0 stage=1 derivative_s=0.015363100 first_order_s=0.005254500 second_order_s=0.009740200 algebra_s=0.035900500 kkt_assembly_s=0.155365700 factor_s=0.169177600 solve_s=0.313627600 update_s=0.066488100 K_nnz=393075 rhs_cols=1021 Vxx_nnz=1040400
FILTERDDP_FEASIBILITY iteration=28 barrier_iteration=0 equality_count=1015272 equality_rms=4.402136787640e-02 equality_max=6.824648296636e-01 equality_worst_stage=5 equality_worst_index=1 dynamics_count=23460 dynamics_rms=0.000000000000e+00 dynamics_max=0.000000000000e+00 dynamics_worst_stage=0 dynamics_worst_index=0 bound_count=1137768 bound_rms=0.000000000000e+00 bound_max=0.000000000000e+00 bound_worst_stage=0 bound_worst_index=0 bound_worst_kind=none
    28   8.40244547e+05   6.8246e-01   6.2256e+02   1.0000e+00    0.00      -     1.5625e-02   4
FILTERDDP_ITER_TIMING iteration=28 barrier_iteration=0 backward_s=20.958734100 forward_s=1.372176800 total_s=22.330910900 outcome=accepted step_size=3.125000000e-02 backtracks=3 mu=1.000000000e+00
FILTERDDP_TIMING iteration=29 barrier_iteration=0 stage=24 derivative_s=0.037451700 first_order_s=0.009457400 second_order_s=0.027207300 algebra_s=0.063452100 kkt_assembly_s=0.279004600 factor_s=0.176089600 solve_s=0.321942900 update_s=0.068244900 K_nnz=393075 rhs_cols=1021 Vxx_nnz=1040400
FILTERDDP_TIMING iteration=29 barrier_iteration=0 stage=23 derivative_s=0.015641300 first_order_s=0.005549600 second_order_s=0.009759300 algebra_s=0.035554400 kkt_assembly_s=0.144240700 factor_s=0.224833500 solve_s=0.485131900 update_s=0.071961400 K_nnz=393075 rhs_cols=1021 Vxx_nnz=1040400
FILTERDDP_TIMING iteration=29 barrier_iteration=0 stage=22 derivative_s=0.017484600 first_order_s=0.006200400 second_order_s=0.010965900 algebra_s=0.041379200 kkt_assembly_s=0.145334600 factor_s=0.196208200 solve_s=0.313393000 update_s=0.066695200 K_nnz=393075 rhs_cols=1021 Vxx_nnz=1040400
FILTERDDP_TIMING iteration=29 barrier_iteration=0 stage=21 derivative_s=0.015337900 first_order_s=0.005221600 second_order_s=0.009775700 algebra_s=0.052975500 kkt_assembly_s=0.143308900 factor_s=0.189562400 solve_s=0.307478000 update_s=0.072765100 K_nnz=393075 rhs_cols=1021 Vxx_nnz=1040400
FILTERDDP_TIMING iteration=29 barrier_iteration=0 stage=20 derivative_s=0.015478700 first_order_s=0.005382000 second_order_s=0.009751100 algebra_s=0.037596300 kkt_assembly_s=0.143269300 factor_s=0.177782600 solve_s=0.304257000 update_s=0.071308300 K_nnz=393075 rhs_cols=1021 Vxx_nnz=1040400
FILTERDDP_TIMING iteration=29 barrier_iteration=0 stage=19 derivative_s=0.031448200 first_order_s=0.005504600 second_order_s=0.025616800 algebra_s=0.037112800 kkt_assembly_s=0.146064400 factor_s=0.178896300 solve_s=0.325959200 update_s=0.067314900 K_nnz=393075 rhs_cols=1021 Vxx_nnz=1040400
FILTERDDP_TIMING iteration=29 barrier_iteration=0 stage=18 derivative_s=0.015495800 first_order_s=0.005145700 second_order_s=0.010015800 algebra_s=0.083085600 kkt_assembly_s=0.146532600 factor_s=0.188443200 solve_s=0.390666800 update_s=0.062193500 K_nnz=393075 rhs_cols=1021 Vxx_nnz=1040400
FILTERDDP_TIMING iteration=29 barrier_iteration=0 stage=17 derivative_s=0.013137700 first_order_s=0.005434400 second_order_s=0.007350000 algebra_s=0.046652300 kkt_assembly_s=0.143962500 factor_s=0.187988800 solve_s=0.322797800 update_s=0.071746300 K_nnz=393075 rhs_cols=1021 Vxx_nnz=1040400
FILTERDDP_TIMING iteration=29 barrier_iteration=0 stage=16 derivative_s=0.014186300 first_order_s=0.005439400 second_order_s=0.008378200 algebra_s=0.047679000 kkt_assembly_s=0.145358200 factor_s=0.172679100 solve_s=0.306510300 update_s=0.086667200 K_nnz=393075 rhs_cols=1021 Vxx_nnz=1040400
FILTERDDP_TIMING iteration=29 barrier_iteration=0 stage=15 derivative_s=0.015591800 first_order_s=0.005006100 second_order_s=0.010225500 algebra_s=0.036566800 kkt_assembly_s=0.141994700 factor_s=0.179129600 solve_s=0.302511300 update_s=0.072468300 K_nnz=393075 rhs_cols=1021 Vxx_nnz=1040400
FILTERDDP_TIMING iteration=29 barrier_iteration=0 stage=14 derivative_s=0.015660900 first_order_s=0.005266800 second_order_s=0.009982900 algebra_s=0.051687500 kkt_assembly_s=0.147164900 factor_s=0.173864600 solve_s=0.315497100 update_s=0.080343100 K_nnz=393075 rhs_cols=1021 Vxx_nnz=1040400
FILTERDDP_TIMING iteration=29 barrier_iteration=0 stage=13 derivative_s=0.015632300 first_order_s=0.005196500 second_order_s=0.010080600 algebra_s=0.038696000 kkt_assembly_s=0.146031200 factor_s=0.188621500 solve_s=0.354075700 update_s=0.062624900 K_nnz=393075 rhs_cols=1021 Vxx_nnz=1040400
FILTERDDP_TIMING iteration=29 barrier_iteration=0 stage=12 derivative_s=0.013776600 first_order_s=0.005254300 second_order_s=0.008187200 algebra_s=0.149117800 kkt_assembly_s=0.142929100 factor_s=0.189660200 solve_s=0.313072400 update_s=0.075390900 K_nnz=393075 rhs_cols=1021 Vxx_nnz=1040400
FILTERDDP_TIMING iteration=29 barrier_iteration=0 stage=11 derivative_s=0.012726300 first_order_s=0.005147100 second_order_s=0.007253500 algebra_s=0.036352800 kkt_assembly_s=0.143765400 factor_s=0.201386100 solve_s=0.313516600 update_s=0.067438200 K_nnz=393075 rhs_cols=1021 Vxx_nnz=1040400
FILTERDDP_TIMING iteration=29 barrier_iteration=0 stage=10 derivative_s=0.015166800 first_order_s=0.005173500 second_order_s=0.009621700 algebra_s=0.048413200 kkt_assembly_s=0.142653900 factor_s=0.168097600 solve_s=0.299135500 update_s=0.071330800 K_nnz=393075 rhs_cols=1021 Vxx_nnz=1040400
FILTERDDP_TIMING iteration=29 barrier_iteration=0 stage=9 derivative_s=0.015795400 first_order_s=0.005553600 second_order_s=0.009804700 algebra_s=0.042504200 kkt_assembly_s=0.142701600 factor_s=0.173106200 solve_s=0.308211700 update_s=0.062650200 K_nnz=393075 rhs_cols=1021 Vxx_nnz=1040400
FILTERDDP_TIMING iteration=29 barrier_iteration=0 stage=8 derivative_s=0.057001100 first_order_s=0.005239500 second_order_s=0.051424200 algebra_s=0.036862900 kkt_assembly_s=0.146760600 factor_s=0.274622600 solve_s=0.293172100 update_s=0.074272400 K_nnz=393075 rhs_cols=1021 Vxx_nnz=1040400
FILTERDDP_TIMING iteration=29 barrier_iteration=0 stage=7 derivative_s=0.015541100 first_order_s=0.005196400 second_order_s=0.010004800 algebra_s=0.047422400 kkt_assembly_s=0.144196600 factor_s=0.183519300 solve_s=0.297521300 update_s=0.083734600 K_nnz=393075 rhs_cols=1021 Vxx_nnz=1040400
FILTERDDP_TIMING iteration=29 barrier_iteration=0 stage=6 derivative_s=0.015591500 first_order_s=0.005126900 second_order_s=0.010129000 algebra_s=0.035429200 kkt_assembly_s=0.145654100 factor_s=0.179946100 solve_s=0.305267700 update_s=0.065332800 K_nnz=393075 rhs_cols=1021 Vxx_nnz=1040400
FILTERDDP_TIMING iteration=29 barrier_iteration=0 stage=5 derivative_s=0.024020800 first_order_s=0.005469300 second_order_s=0.018193000 algebra_s=0.036851700 kkt_assembly_s=0.144044500 factor_s=0.179295600 solve_s=0.320292500 update_s=0.074801700 K_nnz=393075 rhs_cols=1021 Vxx_nnz=1040400
FILTERDDP_TIMING iteration=29 barrier_iteration=0 stage=4 derivative_s=0.015148100 first_order_s=0.005041500 second_order_s=0.009764300 algebra_s=0.049532800 kkt_assembly_s=0.142645300 factor_s=0.170025700 solve_s=0.301621800 update_s=0.107749900 K_nnz=393075 rhs_cols=1021 Vxx_nnz=1040400
FILTERDDP_TIMING iteration=29 barrier_iteration=0 stage=3 derivative_s=0.016661100 first_order_s=0.005198300 second_order_s=0.011134800 algebra_s=0.036562900 kkt_assembly_s=0.144263400 factor_s=0.277068900 solve_s=0.303024000 update_s=0.071811000 K_nnz=393075 rhs_cols=1021 Vxx_nnz=1040400
FILTERDDP_TIMING iteration=29 barrier_iteration=0 stage=2 derivative_s=0.025111300 first_order_s=0.005313500 second_order_s=0.019476900 algebra_s=0.035961700 kkt_assembly_s=0.142399800 factor_s=0.172195300 solve_s=0.295641500 update_s=0.076832800 K_nnz=393075 rhs_cols=1021 Vxx_nnz=1040400
FILTERDDP_TIMING iteration=29 barrier_iteration=0 stage=1 derivative_s=0.015410800 first_order_s=0.005181100 second_order_s=0.009886900 algebra_s=0.034628000 kkt_assembly_s=0.147426300 factor_s=0.178619500 solve_s=0.291895800 update_s=0.077440700 K_nnz=393075 rhs_cols=1021 Vxx_nnz=1040400
FILTERDDP_FEASIBILITY iteration=29 barrier_iteration=0 equality_count=1015272 equality_rms=4.522663174888e-02 equality_max=6.611378037366e-01 equality_worst_stage=5 equality_worst_index=1 dynamics_count=23460 dynamics_rms=0.000000000000e+00 dynamics_max=0.000000000000e+00 dynamics_worst_stage=0 dynamics_worst_index=0 bound_count=1137768 bound_rms=0.000000000000e+00 bound_max=0.000000000000e+00 bound_worst_stage=0 bound_worst_index=0 bound_worst_kind=none
    29   8.97496461e+05   6.6114e-01   6.9437e+02   1.0000e+00    0.00      -     3.1250e-02   3
FILTERDDP_ITER_TIMING iteration=29 barrier_iteration=0 backward_s=20.718560100 forward_s=1.378613400 total_s=22.097173500 outcome=accepted step_size=3.125000000e-02 backtracks=3 mu=1.000000000e+00
FILTERDDP_TIMING iteration=30 barrier_iteration=0 stage=24 derivative_s=0.039682100 first_order_s=0.008746900 second_order_s=0.030488400 algebra_s=0.055229700 kkt_assembly_s=0.260797400 factor_s=0.173259500 solve_s=0.325269000 update_s=0.068454100 K_nnz=393075 rhs_cols=1021 Vxx_nnz=1040400
FILTERDDP_TIMING iteration=30 barrier_iteration=0 stage=23 derivative_s=0.020388000 first_order_s=0.005594500 second_order_s=0.014447400 algebra_s=0.036078500 kkt_assembly_s=0.142249300 factor_s=0.223490600 solve_s=0.455065100 update_s=0.064170200 K_nnz=393075 rhs_cols=1021 Vxx_nnz=1040400
FILTERDDP_TIMING iteration=30 barrier_iteration=0 stage=22 derivative_s=0.016816600 first_order_s=0.005304500 second_order_s=0.011180600 algebra_s=0.036355600 kkt_assembly_s=0.143850800 factor_s=0.180759400 solve_s=0.321220700 update_s=0.066597100 K_nnz=393075 rhs_cols=1021 Vxx_nnz=1040400
FILTERDDP_TIMING iteration=30 barrier_iteration=0 stage=21 derivative_s=0.016598900 first_order_s=0.005040400 second_order_s=0.011216600 algebra_s=0.053148700 kkt_assembly_s=0.146594500 factor_s=0.167859000 solve_s=0.303087800 update_s=0.073382400 K_nnz=393075 rhs_cols=1021 Vxx_nnz=1040400
FILTERDDP_TIMING iteration=30 barrier_iteration=0 stage=20 derivative_s=0.015108900 first_order_s=0.005122000 second_order_s=0.009639200 algebra_s=0.036838900 kkt_assembly_s=0.146858000 factor_s=0.187143400 solve_s=0.308696600 update_s=0.069383100 K_nnz=393075 rhs_cols=1021 Vxx_nnz=1040400
FILTERDDP_TIMING iteration=30 barrier_iteration=0 stage=19 derivative_s=0.026172600 first_order_s=0.005645900 second_order_s=0.019927700 algebra_s=0.035488600 kkt_assembly_s=0.149091900 factor_s=0.178811400 solve_s=0.324218800 update_s=0.073966200 K_nnz=393075 rhs_cols=1021 Vxx_nnz=1040400
FILTERDDP_TIMING iteration=30 barrier_iteration=0 stage=18 derivative_s=0.015749400 first_order_s=0.005318400 second_order_s=0.010047700 algebra_s=0.082711100 kkt_assembly_s=0.153063300 factor_s=0.188502500 solve_s=0.404388500 update_s=0.069571700 K_nnz=393075 rhs_cols=1021 Vxx_nnz=1040400
FILTERDDP_TIMING iteration=30 barrier_iteration=0 stage=17 derivative_s=0.015024000 first_order_s=0.005040200 second_order_s=0.009645400 algebra_s=0.035504700 kkt_assembly_s=0.143155600 factor_s=0.186528400 solve_s=0.311003700 update_s=0.074514600 K_nnz=393075 rhs_cols=1021 Vxx_nnz=1040400
FILTERDDP_TIMING iteration=30 barrier_iteration=0 stage=16 derivative_s=0.016647000 first_order_s=0.005106800 second_order_s=0.011197100 algebra_s=0.035270400 kkt_assembly_s=0.155420400 factor_s=0.170766300 solve_s=0.311760800 update_s=0.063930900 K_nnz=393075 rhs_cols=1021 Vxx_nnz=1040400
FILTERDDP_TIMING iteration=30 barrier_iteration=0 stage=15 derivative_s=0.023704300 first_order_s=0.005067300 second_order_s=0.018279200 algebra_s=0.035789400 kkt_assembly_s=0.142026900 factor_s=0.172058000 solve_s=0.319911500 update_s=0.069702000 K_nnz=393075 rhs_cols=1021 Vxx_nnz=1040400
FILTERDDP_TIMING iteration=30 barrier_iteration=0 stage=14 derivative_s=0.015350700 first_order_s=0.005260200 second_order_s=0.009759300 algebra_s=0.054685000 kkt_assembly_s=0.163779900 factor_s=0.217531300 solve_s=0.300679400 update_s=0.074554800 K_nnz=393075 rhs_cols=1021 Vxx_nnz=1040400
FILTERDDP_TIMING iteration=30 barrier_iteration=0 stage=13 derivative_s=0.013079400 first_order_s=0.005194500 second_order_s=0.007538800 algebra_s=0.037731900 kkt_assembly_s=0.148238100 factor_s=0.220792000 solve_s=0.406329100 update_s=0.069804000 K_nnz=393075 rhs_cols=1021 Vxx_nnz=1040400
FILTERDDP_TIMING iteration=30 barrier_iteration=0 stage=12 derivative_s=0.015542000 first_order_s=0.005373600 second_order_s=0.009814500 algebra_s=0.036933700 kkt_assembly_s=0.145028600 factor_s=0.170833800 solve_s=0.315523200 update_s=0.075391100 K_nnz=393075 rhs_cols=1021 Vxx_nnz=1040400
FILTERDDP_TIMING iteration=30 barrier_iteration=0 stage=11 derivative_s=0.024379200 first_order_s=0.005043900 second_order_s=0.018983400 algebra_s=0.035417100 kkt_assembly_s=0.149548600 factor_s=0.187297300 solve_s=0.313624700 update_s=0.075970800 K_nnz=393075 rhs_cols=1021 Vxx_nnz=1040400
FILTERDDP_TIMING iteration=30 barrier_iteration=0 stage=10 derivative_s=0.015376700 first_order_s=0.005346500 second_order_s=0.009680000 algebra_s=0.052395800 kkt_assembly_s=0.155760700 factor_s=0.187663900 solve_s=0.306754200 update_s=0.072307500 K_nnz=393075 rhs_cols=1021 Vxx_nnz=1040400
FILTERDDP_TIMING iteration=30 barrier_iteration=0 stage=9 derivative_s=0.015422400 first_order_s=0.005322900 second_order_s=0.009723900 algebra_s=0.043440300 kkt_assembly_s=0.146403400 factor_s=0.180919700 solve_s=0.311962900 update_s=0.066306800 K_nnz=393075 rhs_cols=1021 Vxx_nnz=1040400
FILTERDDP_TIMING iteration=30 barrier_iteration=0 stage=8 derivative_s=0.015335100 first_order_s=0.005297200 second_order_s=0.009722600 algebra_s=0.053657700 kkt_assembly_s=0.144790200 factor_s=0.170160700 solve_s=0.336245600 update_s=0.179865700 K_nnz=393075 rhs_cols=1021 Vxx_nnz=1040400
FILTERDDP_TIMING iteration=30 barrier_iteration=0 stage=7 derivative_s=0.016284200 first_order_s=0.007178800 second_order_s=0.008772800 algebra_s=0.035325200 kkt_assembly_s=0.143011200 factor_s=0.171775200 solve_s=0.308649300 update_s=0.068886100 K_nnz=393075 rhs_cols=1021 Vxx_nnz=1040400
FILTERDDP_TIMING iteration=30 barrier_iteration=0 stage=6 derivative_s=0.024066300 first_order_s=0.005405700 second_order_s=0.018331400 algebra_s=0.035754000 kkt_assembly_s=0.145919200 factor_s=0.177128100 solve_s=0.310854100 update_s=0.068035100 K_nnz=393075 rhs_cols=1021 Vxx_nnz=1040400
FILTERDDP_TIMING iteration=30 barrier_iteration=0 stage=5 derivative_s=0.015332600 first_order_s=0.005106500 second_order_s=0.009908900 algebra_s=0.046880000 kkt_assembly_s=0.143574000 factor_s=0.166828800 solve_s=0.325082900 update_s=0.072781300 K_nnz=393075 rhs_cols=1021 Vxx_nnz=1040400
FILTERDDP_TIMING iteration=30 barrier_iteration=0 stage=4 derivative_s=0.015953000 first_order_s=0.005109900 second_order_s=0.010451800 algebra_s=0.042994900 kkt_assembly_s=0.143328600 factor_s=0.177100100 solve_s=0.302554400 update_s=0.064482900 K_nnz=393075 rhs_cols=1021 Vxx_nnz=1040400
FILTERDDP_TIMING iteration=30 barrier_iteration=0 stage=3 derivative_s=0.024285400 first_order_s=0.005327700 second_order_s=0.018617600 algebra_s=0.044707000 kkt_assembly_s=0.158332600 factor_s=0.219046500 solve_s=0.404882300 update_s=0.064961300 K_nnz=393075 rhs_cols=1021 Vxx_nnz=1040400
FILTERDDP_TIMING iteration=30 barrier_iteration=0 stage=2 derivative_s=0.016055900 first_order_s=0.005427200 second_order_s=0.010256700 algebra_s=0.035242000 kkt_assembly_s=0.178880300 factor_s=0.170798600 solve_s=0.312876900 update_s=0.064622900 K_nnz=393075 rhs_cols=1021 Vxx_nnz=1040400
FILTERDDP_TIMING iteration=30 barrier_iteration=0 stage=1 derivative_s=0.025117600 first_order_s=0.005208000 second_order_s=0.019564000 algebra_s=0.038242800 kkt_assembly_s=0.161356200 factor_s=0.201301200 solve_s=0.322313400 update_s=0.070446100 K_nnz=393075 rhs_cols=1021 Vxx_nnz=1040400
FILTERDDP_FEASIBILITY iteration=30 barrier_iteration=0 equality_count=1015272 equality_rms=4.637184578809e-02 equality_max=6.404772473699e-01 equality_worst_stage=5 equality_worst_index=1 dynamics_count=23460 dynamics_rms=0.000000000000e+00 dynamics_max=0.000000000000e+00 dynamics_worst_stage=0 dynamics_worst_index=0 bound_count=1137768 bound_rms=0.000000000000e+00 bound_max=0.000000000000e+00 bound_worst_stage=0 bound_worst_index=0 bound_worst_kind=none
  iter     objective        pr_inf       du_inf       cs_inf     lg(μ)   lg(reg)    alpha     ls
    30   9.53079389e+05   6.4048e-01   7.6541e+02   1.0000e+00    0.00      -     3.1250e-02   3
FILTERDDP_ITER_TIMING iteration=30 barrier_iteration=0 backward_s=20.866410400 forward_s=1.436526500 total_s=22.302936900 outcome=accepted step_size=3.125000000e-02 backtracks=3 mu=1.000000000e+00
FILTERDDP_TIMING iteration=31 barrier_iteration=0 stage=24 derivative_s=0.022708200 first_order_s=0.006202600 second_order_s=0.016127800 algebra_s=0.046466900 kkt_assembly_s=0.288637900 factor_s=0.167687400 solve_s=0.453189600 update_s=0.064968800 K_nnz=393075 rhs_cols=1021 Vxx_nnz=1040400
FILTERDDP_TIMING iteration=31 barrier_iteration=0 stage=23 derivative_s=0.014097300 first_order_s=0.005576400 second_order_s=0.008160900 algebra_s=0.036707500 kkt_assembly_s=0.143582900 factor_s=0.218989100 solve_s=0.382136600 update_s=0.070336300 K_nnz=393075 rhs_cols=1021 Vxx_nnz=1040400
FILTERDDP_TIMING iteration=31 barrier_iteration=0 stage=22 derivative_s=0.015703800 first_order_s=0.005309000 second_order_s=0.010054000 algebra_s=0.036694500 kkt_assembly_s=0.145058900 factor_s=0.169254600 solve_s=0.321327000 update_s=0.066724500 K_nnz=393075 rhs_cols=1021 Vxx_nnz=1040400
FILTERDDP_TIMING iteration=31 barrier_iteration=0 stage=21 derivative_s=0.015656900 first_order_s=0.005566700 second_order_s=0.009757500 algebra_s=0.045889400 kkt_assembly_s=0.145255300 factor_s=0.175379800 solve_s=0.292908000 update_s=0.082714500 K_nnz=393075 rhs_cols=1021 Vxx_nnz=1040400
FILTERDDP_TIMING iteration=31 barrier_iteration=0 stage=20 derivative_s=0.015461600 first_order_s=0.005536800 second_order_s=0.009604000 algebra_s=0.035499900 kkt_assembly_s=0.142521000 factor_s=0.175253200 solve_s=0.321221800 update_s=0.065653500 K_nnz=393075 rhs_cols=1021 Vxx_nnz=1040400
FILTERDDP_TIMING iteration=31 barrier_iteration=0 stage=19 derivative_s=0.015514800 first_order_s=0.005397600 second_order_s=0.009798400 algebra_s=0.045579100 kkt_assembly_s=0.145509100 factor_s=0.170898200 solve_s=0.311157200 update_s=0.078074000 K_nnz=393075 rhs_cols=1021 Vxx_nnz=1040400
FILTERDDP_TIMING iteration=31 barrier_iteration=0 stage=18 derivative_s=0.015265900 first_order_s=0.005085100 second_order_s=0.009804600 algebra_s=0.035400000 kkt_assembly_s=0.146178200 factor_s=0.178224800 solve_s=0.349849700 update_s=0.069408700 K_nnz=393075 rhs_cols=1021 Vxx_nnz=1040400
FILTERDDP_TIMING iteration=31 barrier_iteration=0 stage=17 derivative_s=0.013185800 first_order_s=0.005517700 second_order_s=0.007336300 algebra_s=0.150504800 kkt_assembly_s=0.143398500 factor_s=0.173154500 solve_s=0.308499000 update_s=0.079920400 K_nnz=393075 rhs_cols=1021 Vxx_nnz=1040400
FILTERDDP_TIMING iteration=31 barrier_iteration=0 stage=16 derivative_s=0.015195500 first_order_s=0.005213800 second_order_s=0.009637400 algebra_s=0.038166000 kkt_assembly_s=0.147415200 factor_s=0.199724100 solve_s=0.308708000 update_s=0.063979800 K_nnz=393075 rhs_cols=1021 Vxx_nnz=1040400
FILTERDDP_TIMING iteration=31 barrier_iteration=0 stage=15 derivative_s=0.015673500 first_order_s=0.005178500 second_order_s=0.010158000 algebra_s=0.047583500 kkt_assembly_s=0.144533800 factor_s=0.167068100 solve_s=0.315846600 update_s=0.078781900 K_nnz=393075 rhs_cols=1021 Vxx_nnz=1040400
FILTERDDP_TIMING iteration=31 barrier_iteration=0 stage=14 derivative_s=0.016985000 first_order_s=0.006219300 second_order_s=0.010406700 algebra_s=0.052622500 kkt_assembly_s=0.145399500 factor_s=0.174332700 solve_s=0.313268000 update_s=0.070118100 K_nnz=393075 rhs_cols=1021 Vxx_nnz=1040400
FILTERDDP_TIMING iteration=31 barrier_iteration=0 stage=13 derivative_s=0.024259500 first_order_s=0.005151500 second_order_s=0.018733100 algebra_s=0.037273000 kkt_assembly_s=0.152724600 factor_s=0.185964300 solve_s=0.317731600 update_s=0.069716300 K_nnz=393075 rhs_cols=1021 Vxx_nnz=1040400
FILTERDDP_TIMING iteration=31 barrier_iteration=0 stage=12 derivative_s=0.015935800 first_order_s=0.005312700 second_order_s=0.010255400 algebra_s=0.087820100 kkt_assembly_s=0.171409100 factor_s=0.217917000 solve_s=0.423178200 update_s=0.071344200 K_nnz=393075 rhs_cols=1021 Vxx_nnz=1040400
FILTERDDP_TIMING iteration=31 barrier_iteration=0 stage=11 derivative_s=0.016355500 first_order_s=0.005710500 second_order_s=0.010285200 algebra_s=0.037215600 kkt_assembly_s=0.153242500 factor_s=0.193006600 solve_s=0.315260000 update_s=0.074121100 K_nnz=393075 rhs_cols=1021 Vxx_nnz=1040400
FILTERDDP_TIMING iteration=31 barrier_iteration=0 stage=10 derivative_s=0.017136200 first_order_s=0.005167900 second_order_s=0.011617100 algebra_s=0.049804400 kkt_assembly_s=0.151864300 factor_s=0.170083800 solve_s=0.312568000 update_s=0.076216300 K_nnz=393075 rhs_cols=1021 Vxx_nnz=1040400
FILTERDDP_TIMING iteration=31 barrier_iteration=0 stage=9 derivative_s=0.015321200 first_order_s=0.005246100 second_order_s=0.009759800 algebra_s=0.035537700 kkt_assembly_s=0.142881000 factor_s=0.174093300 solve_s=0.318586100 update_s=0.074192900 K_nnz=393075 rhs_cols=1021 Vxx_nnz=1040400
FILTERDDP_TIMING iteration=31 barrier_iteration=0 stage=8 derivative_s=0.013288100 first_order_s=0.005254100 second_order_s=0.007685300 algebra_s=0.054302700 kkt_assembly_s=0.147058200 factor_s=0.177111700 solve_s=0.306369900 update_s=0.072763500 K_nnz=393075 rhs_cols=1021 Vxx_nnz=1040400
FILTERDDP_TIMING iteration=31 barrier_iteration=0 stage=7 derivative_s=0.016373700 first_order_s=0.007296400 second_order_s=0.008587300 algebra_s=0.051872400 kkt_assembly_s=0.157185000 factor_s=0.225273500 solve_s=0.416275700 update_s=0.074545600 K_nnz=393075 rhs_cols=1021 Vxx_nnz=1040400
FILTERDDP_TIMING iteration=31 barrier_iteration=0 stage=6 derivative_s=0.014141000 first_order_s=0.005561800 second_order_s=0.008252900 algebra_s=0.034235400 kkt_assembly_s=0.172753500 factor_s=0.179552100 solve_s=0.309690700 update_s=0.068387700 K_nnz=393075 rhs_cols=1021 Vxx_nnz=1040400
FILTERDDP_TIMING iteration=31 barrier_iteration=0 stage=5 derivative_s=0.025255200 first_order_s=0.005043400 second_order_s=0.019892700 algebra_s=0.035735600 kkt_assembly_s=0.153034200 factor_s=0.173655600 solve_s=0.316216000 update_s=0.063283600 K_nnz=393075 rhs_cols=1021 Vxx_nnz=1040400
FILTERDDP_TIMING iteration=31 barrier_iteration=0 stage=4 derivative_s=0.029602700 first_order_s=0.010067500 second_order_s=0.018896900 algebra_s=0.064927800 kkt_assembly_s=0.150943100 factor_s=0.173113400 solve_s=0.293084100 update_s=0.070195200 K_nnz=393075 rhs_cols=1021 Vxx_nnz=1040400
FILTERDDP_TIMING iteration=31 barrier_iteration=0 stage=3 derivative_s=0.016333300 first_order_s=0.005136400 second_order_s=0.010872700 algebra_s=0.035792400 kkt_assembly_s=0.169544300 factor_s=0.176379600 solve_s=0.314607000 update_s=0.069581700 K_nnz=393075 rhs_cols=1021 Vxx_nnz=1040400
FILTERDDP_TIMING iteration=31 barrier_iteration=0 stage=2 derivative_s=0.023451300 first_order_s=0.008757300 second_order_s=0.014337500 algebra_s=0.047774600 kkt_assembly_s=0.145520900 factor_s=0.226551300 solve_s=0.298832800 update_s=0.166798600 K_nnz=393075 rhs_cols=1021 Vxx_nnz=1040400
FILTERDDP_TIMING iteration=31 barrier_iteration=0 stage=1 derivative_s=0.012614500 first_order_s=0.005226200 second_order_s=0.006992800 algebra_s=0.037025700 kkt_assembly_s=0.142372900 factor_s=0.195990600 solve_s=0.300034900 update_s=0.065373800 K_nnz=393075 rhs_cols=1021 Vxx_nnz=1040400
FILTERDDP_FEASIBILITY iteration=31 barrier_iteration=0 equality_count=1015272 equality_rms=4.742979227866e-02 equality_max=6.204623333895e-01 equality_worst_stage=5 equality_worst_index=1 dynamics_count=23460 dynamics_rms=0.000000000000e+00 dynamics_max=0.000000000000e+00 dynamics_worst_stage=0 dynamics_worst_index=0 bound_count=1137768 bound_rms=0.000000000000e+00 bound_max=0.000000000000e+00 bound_worst_stage=0 bound_worst_index=0 bound_worst_kind=none
    31   1.00703203e+06   6.2046e-01   8.3513e+02   1.0000e+00    0.00      -     3.1250e-02   3
FILTERDDP_ITER_TIMING iteration=31 barrier_iteration=0 backward_s=20.967823800 forward_s=1.435105100 total_s=22.402928900 outcome=accepted step_size=3.125000000e-02 backtracks=3 mu=1.000000000e+00
FILTERDDP_TIMING iteration=32 barrier_iteration=0 stage=24 derivative_s=0.033235800 first_order_s=0.008546800 second_order_s=0.024187900 algebra_s=0.045253000 kkt_assembly_s=0.257138500 factor_s=0.172345400 solve_s=0.309740100 update_s=0.067765200 K_nnz=393075 rhs_cols=1021 Vxx_nnz=1040400
FILTERDDP_TIMING iteration=32 barrier_iteration=0 stage=23 derivative_s=0.016011100 first_order_s=0.005206800 second_order_s=0.010483300 algebra_s=0.037509900 kkt_assembly_s=0.140674600 factor_s=0.226003900 solve_s=0.468204400 update_s=0.064136400 K_nnz=393075 rhs_cols=1021 Vxx_nnz=1040400
FILTERDDP_TIMING iteration=32 barrier_iteration=0 stage=22 derivative_s=0.015474900 first_order_s=0.005262100 second_order_s=0.009864600 algebra_s=0.044865500 kkt_assembly_s=0.147394600 factor_s=0.180534300 solve_s=0.306298300 update_s=0.064605300 K_nnz=393075 rhs_cols=1021 Vxx_nnz=1040400
FILTERDDP_TIMING iteration=32 barrier_iteration=0 stage=21 derivative_s=0.015439600 first_order_s=0.005402800 second_order_s=0.009712600 algebra_s=0.046628100 kkt_assembly_s=0.143047200 factor_s=0.171482400 solve_s=0.307877700 update_s=0.072973900 K_nnz=393075 rhs_cols=1021 Vxx_nnz=1040400
FILTERDDP_TIMING iteration=32 barrier_iteration=0 stage=20 derivative_s=0.015167600 first_order_s=0.005118500 second_order_s=0.009682200 algebra_s=0.035322300 kkt_assembly_s=0.141835900 factor_s=0.173775200 solve_s=0.306161800 update_s=0.064676400 K_nnz=393075 rhs_cols=1021 Vxx_nnz=1040400
FILTERDDP_TIMING iteration=32 barrier_iteration=0 stage=19 derivative_s=0.015457500 first_order_s=0.005386300 second_order_s=0.009691400 algebra_s=0.044413300 kkt_assembly_s=0.141845900 factor_s=0.180923000 solve_s=0.296118400 update_s=0.068973500 K_nnz=393075 rhs_cols=1021 Vxx_nnz=1040400
FILTERDDP_TIMING iteration=32 barrier_iteration=0 stage=18 derivative_s=0.015169900 first_order_s=0.005274700 second_order_s=0.009553800 algebra_s=0.076482600 kkt_assembly_s=0.141046700 factor_s=0.167264800 solve_s=0.390715400 update_s=0.070389900 K_nnz=393075 rhs_cols=1021 Vxx_nnz=1040400
FILTERDDP_TIMING iteration=32 barrier_iteration=0 stage=17 derivative_s=0.017051200 first_order_s=0.005327500 second_order_s=0.011383800 algebra_s=0.036810700 kkt_assembly_s=0.142504900 factor_s=0.180072700 solve_s=0.309599500 update_s=0.067493800 K_nnz=393075 rhs_cols=1021 Vxx_nnz=1040400
FILTERDDP_TIMING iteration=32 barrier_iteration=0 stage=16 derivative_s=0.018548200 first_order_s=0.005257500 second_order_s=0.012968600 algebra_s=0.047993300 kkt_assembly_s=0.147523900 factor_s=0.182464000 solve_s=0.312890300 update_s=0.066556300 K_nnz=393075 rhs_cols=1021 Vxx_nnz=1040400
FILTERDDP_TIMING iteration=32 barrier_iteration=0 stage=15 derivative_s=0.015532600 first_order_s=0.005376900 second_order_s=0.009821300 algebra_s=0.044415500 kkt_assembly_s=0.140959700 factor_s=0.181478700 solve_s=0.334893900 update_s=0.065960300 K_nnz=393075 rhs_cols=1021 Vxx_nnz=1040400
FILTERDDP_TIMING iteration=32 barrier_iteration=0 stage=14 derivative_s=0.015638800 first_order_s=0.005428700 second_order_s=0.009871000 algebra_s=0.046101300 kkt_assembly_s=0.146665000 factor_s=0.189520400 solve_s=0.318433600 update_s=0.072741900 K_nnz=393075 rhs_cols=1021 Vxx_nnz=1040400
FILTERDDP_TIMING iteration=32 barrier_iteration=0 stage=13 derivative_s=0.015120000 first_order_s=0.005183300 second_order_s=0.009611200 algebra_s=0.035744700 kkt_assembly_s=0.141784400 factor_s=0.230192400 solve_s=0.399312300 update_s=0.074865200 K_nnz=393075 rhs_cols=1021 Vxx_nnz=1040400
FILTERDDP_TIMING iteration=32 barrier_iteration=0 stage=12 derivative_s=0.016834900 first_order_s=0.005990700 second_order_s=0.010312500 algebra_s=0.035586200 kkt_assembly_s=0.141816500 factor_s=0.175947000 solve_s=0.298732600 update_s=0.064854600 K_nnz=393075 rhs_cols=1021 Vxx_nnz=1040400
FILTERDDP_TIMING iteration=32 barrier_iteration=0 stage=11 derivative_s=0.028240900 first_order_s=0.006339700 second_order_s=0.021244100 algebra_s=0.035295000 kkt_assembly_s=0.141981300 factor_s=0.172106000 solve_s=0.331123500 update_s=0.064150300 K_nnz=393075 rhs_cols=1021 Vxx_nnz=1040400
FILTERDDP_TIMING iteration=32 barrier_iteration=0 stage=10 derivative_s=0.014934800 first_order_s=0.005186100 second_order_s=0.009428300 algebra_s=0.047686000 kkt_assembly_s=0.146593200 factor_s=0.164369100 solve_s=0.301597300 update_s=0.073786800 K_nnz=393075 rhs_cols=1021 Vxx_nnz=1040400
FILTERDDP_TIMING iteration=32 barrier_iteration=0 stage=9 derivative_s=0.015331600 first_order_s=0.005298200 second_order_s=0.009594000 algebra_s=0.035192900 kkt_assembly_s=0.143034200 factor_s=0.173358700 solve_s=0.306422700 update_s=0.063086200 K_nnz=393075 rhs_cols=1021 Vxx_nnz=1040400
FILTERDDP_TIMING iteration=32 barrier_iteration=0 stage=8 derivative_s=0.015029800 first_order_s=0.005192000 second_order_s=0.009524200 algebra_s=0.052669200 kkt_assembly_s=0.141302700 factor_s=0.168542400 solve_s=0.339052700 update_s=0.173093200 K_nnz=393075 rhs_cols=1021 Vxx_nnz=1040400
FILTERDDP_TIMING iteration=32 barrier_iteration=0 stage=7 derivative_s=0.015369000 first_order_s=0.005109800 second_order_s=0.009904400 algebra_s=0.036165600 kkt_assembly_s=0.140644900 factor_s=0.167075700 solve_s=0.314726700 update_s=0.069144500 K_nnz=393075 rhs_cols=1021 Vxx_nnz=1040400
FILTERDDP_TIMING iteration=32 barrier_iteration=0 stage=6 derivative_s=0.015352300 first_order_s=0.005180600 second_order_s=0.009853200 algebra_s=0.044113800 kkt_assembly_s=0.142157500 factor_s=0.183824400 solve_s=0.315998500 update_s=0.065956900 K_nnz=393075 rhs_cols=1021 Vxx_nnz=1040400
FILTERDDP_TIMING iteration=32 barrier_iteration=0 stage=5 derivative_s=0.015064800 first_order_s=0.005009900 second_order_s=0.009720000 algebra_s=0.051024100 kkt_assembly_s=0.145875200 factor_s=0.168050600 solve_s=0.304905400 update_s=0.072290100 K_nnz=393075 rhs_cols=1021 Vxx_nnz=1040400
FILTERDDP_TIMING iteration=32 barrier_iteration=0 stage=4 derivative_s=0.016442200 first_order_s=0.007157100 second_order_s=0.008948700 algebra_s=0.043553200 kkt_assembly_s=0.144493300 factor_s=0.169165300 solve_s=0.301802900 update_s=0.062471700 K_nnz=393075 rhs_cols=1021 Vxx_nnz=1040400
FILTERDDP_TIMING iteration=32 barrier_iteration=0 stage=3 derivative_s=0.023358000 first_order_s=0.005342600 second_order_s=0.017664500 algebra_s=0.036103300 kkt_assembly_s=0.143092700 factor_s=0.209892800 solve_s=0.405009700 update_s=0.075053800 K_nnz=393075 rhs_cols=1021 Vxx_nnz=1040400
FILTERDDP_TIMING iteration=32 barrier_iteration=0 stage=2 derivative_s=0.015683300 first_order_s=0.005396700 second_order_s=0.009947800 algebra_s=0.049847100 kkt_assembly_s=0.142422900 factor_s=0.171916600 solve_s=0.321615200 update_s=0.068409000 K_nnz=393075 rhs_cols=1021 Vxx_nnz=1040400
FILTERDDP_TIMING iteration=32 barrier_iteration=0 stage=1 derivative_s=0.024722400 first_order_s=0.005207300 second_order_s=0.019180900 algebra_s=0.040330800 kkt_assembly_s=0.151002300 factor_s=0.180794400 solve_s=0.317109000 update_s=0.071673900 K_nnz=393075 rhs_cols=1021 Vxx_nnz=1040400
FILTERDDP_FEASIBILITY iteration=32 barrier_iteration=0 equality_count=1015272 equality_rms=4.838365353316e-02 equality_max=6.010728854709e-01 equality_worst_stage=5 equality_worst_index=1 dynamics_count=23460 dynamics_rms=0.000000000000e+00 dynamics_max=0.000000000000e+00 dynamics_worst_stage=0 dynamics_worst_index=0 bound_count=1137768 bound_rms=0.000000000000e+00 bound_max=0.000000000000e+00 bound_worst_stage=0 bound_worst_index=0 bound_worst_kind=none
    32   1.05939307e+06   6.0107e-01   9.0303e+02   1.0000e+00    0.00      -     3.1250e-02   3
FILTERDDP_ITER_TIMING iteration=32 barrier_iteration=0 backward_s=20.497843400 forward_s=1.524664700 total_s=22.022508100 outcome=accepted step_size=3.125000000e-02 backtracks=3 mu=1.000000000e+00
FILTERDDP_TIMING iteration=33 barrier_iteration=0 stage=24 derivative_s=0.038160400 first_order_s=0.007704500 second_order_s=0.030100400 algebra_s=0.056976100 kkt_assembly_s=0.292335200 factor_s=0.170894600 solve_s=0.474188300 update_s=0.072740500 K_nnz=393075 rhs_cols=1021 Vxx_nnz=1040400
FILTERDDP_TIMING iteration=33 barrier_iteration=0 stage=23 derivative_s=0.015391300 first_order_s=0.005325600 second_order_s=0.009733800 algebra_s=0.035237400 kkt_assembly_s=0.141505000 factor_s=0.215426500 solve_s=0.375380900 update_s=0.071040000 K_nnz=393075 rhs_cols=1021 Vxx_nnz=1040400
FILTERDDP_TIMING iteration=33 barrier_iteration=0 stage=22 derivative_s=0.018252200 first_order_s=0.005147100 second_order_s=0.012707400 algebra_s=0.036034300 kkt_assembly_s=0.143611400 factor_s=0.194867800 solve_s=0.326290700 update_s=0.065232900 K_nnz=393075 rhs_cols=1021 Vxx_nnz=1040400
FILTERDDP_TIMING iteration=33 barrier_iteration=0 stage=21 derivative_s=0.015523800 first_order_s=0.005232100 second_order_s=0.009951700 algebra_s=0.049374600 kkt_assembly_s=0.147229000 factor_s=0.205309200 solve_s=0.317768200 update_s=0.085777000 K_nnz=393075 rhs_cols=1021 Vxx_nnz=1040400
FILTERDDP_TIMING iteration=33 barrier_iteration=0 stage=20 derivative_s=0.015868800 first_order_s=0.005483300 second_order_s=0.010032500 algebra_s=0.035867900 kkt_assembly_s=0.174894000 factor_s=0.175086900 solve_s=0.319224700 update_s=0.067281200 K_nnz=393075 rhs_cols=1021 Vxx_nnz=1040400
FILTERDDP_TIMING iteration=33 barrier_iteration=0 stage=19 derivative_s=0.015756500 first_order_s=0.005189700 second_order_s=0.010182700 algebra_s=0.050437100 kkt_assembly_s=0.146586000 factor_s=0.170184000 solve_s=0.300325800 update_s=0.076469800 K_nnz=393075 rhs_cols=1021 Vxx_nnz=1040400
FILTERDDP_TIMING iteration=33 barrier_iteration=0 stage=18 derivative_s=0.014239400 first_order_s=0.005005500 second_order_s=0.008902100 algebra_s=0.035590200 kkt_assembly_s=0.168960100 factor_s=0.233160500 solve_s=0.407246300 update_s=0.065438800 K_nnz=393075 rhs_cols=1021 Vxx_nnz=1040400
FILTERDDP_TIMING iteration=33 barrier_iteration=0 stage=17 derivative_s=0.016207400 first_order_s=0.005492000 second_order_s=0.010386200 algebra_s=0.035130000 kkt_assembly_s=0.141872600 factor_s=0.168069400 solve_s=0.323756000 update_s=0.069507400 K_nnz=393075 rhs_cols=1021 Vxx_nnz=1040400
FILTERDDP_TIMING iteration=33 barrier_iteration=0 stage=16 derivative_s=0.024319900 first_order_s=0.014230300 second_order_s=0.009727700 algebra_s=0.040163700 kkt_assembly_s=0.160320500 factor_s=0.178511400 solve_s=0.309900200 update_s=0.065857600 K_nnz=393075 rhs_cols=1021 Vxx_nnz=1040400
FILTERDDP_TIMING iteration=33 barrier_iteration=0 stage=15 derivative_s=0.015007600 first_order_s=0.005093800 second_order_s=0.009579700 algebra_s=0.046271600 kkt_assembly_s=0.142814300 factor_s=0.168597400 solve_s=0.305371400 update_s=0.086341500 K_nnz=393075 rhs_cols=1021 Vxx_nnz=1040400
FILTERDDP_TIMING iteration=33 barrier_iteration=0 stage=14 derivative_s=0.015484700 first_order_s=0.005471600 second_order_s=0.009696000 algebra_s=0.035587500 kkt_assembly_s=0.141751800 factor_s=0.176098600 solve_s=0.314153300 update_s=0.065039800 K_nnz=393075 rhs_cols=1021 Vxx_nnz=1040400
FILTERDDP_TIMING iteration=33 barrier_iteration=0 stage=13 derivative_s=0.016492100 first_order_s=0.005328300 second_order_s=0.010824300 algebra_s=0.044805200 kkt_assembly_s=0.170453700 factor_s=0.212541200 solve_s=0.302264600 update_s=0.165685300 K_nnz=393075 rhs_cols=1021 Vxx_nnz=1040400
FILTERDDP_TIMING iteration=33 barrier_iteration=0 stage=12 derivative_s=0.015368400 first_order_s=0.005138700 second_order_s=0.009867300 algebra_s=0.037056700 kkt_assembly_s=0.170730400 factor_s=0.164969800 solve_s=0.313403200 update_s=0.065230000 K_nnz=393075 rhs_cols=1021 Vxx_nnz=1040400
FILTERDDP_TIMING iteration=33 barrier_iteration=0 stage=11 derivative_s=0.027009700 first_order_s=0.005492600 second_order_s=0.021182800 algebra_s=0.036364800 kkt_assembly_s=0.143452000 factor_s=0.169618200 solve_s=0.317219500 update_s=0.066229100 K_nnz=393075 rhs_cols=1021 Vxx_nnz=1040400
FILTERDDP_TIMING iteration=33 barrier_iteration=0 stage=10 derivative_s=0.012961300 first_order_s=0.005452500 second_order_s=0.007165300 algebra_s=0.053007700 kkt_assembly_s=0.149804600 factor_s=0.167196000 solve_s=0.300704600 update_s=0.072804600 K_nnz=393075 rhs_cols=1021 Vxx_nnz=1040400
FILTERDDP_TIMING iteration=33 barrier_iteration=0 stage=9 derivative_s=0.015220600 first_order_s=0.005011900 second_order_s=0.009854000 algebra_s=0.041883600 kkt_assembly_s=0.141574900 factor_s=0.167862200 solve_s=0.299236700 update_s=0.066098800 K_nnz=393075 rhs_cols=1021 Vxx_nnz=1040400
FILTERDDP_TIMING iteration=33 barrier_iteration=0 stage=8 derivative_s=0.023403400 first_order_s=0.005291000 second_order_s=0.017725400 algebra_s=0.035418100 kkt_assembly_s=0.142620900 factor_s=0.174042600 solve_s=0.319103200 update_s=0.073577600 K_nnz=393075 rhs_cols=1021 Vxx_nnz=1040400
FILTERDDP_TIMING iteration=33 barrier_iteration=0 stage=7 derivative_s=0.025038100 first_order_s=0.009118100 second_order_s=0.015450200 algebra_s=0.083338300 kkt_assembly_s=0.146299500 factor_s=0.177819200 solve_s=0.404510900 update_s=0.064768300 K_nnz=393075 rhs_cols=1021 Vxx_nnz=1040400
FILTERDDP_TIMING iteration=33 barrier_iteration=0 stage=6 derivative_s=0.015534100 first_order_s=0.005180200 second_order_s=0.009977700 algebra_s=0.042153100 kkt_assembly_s=0.158931100 factor_s=0.188291100 solve_s=0.310767100 update_s=0.065212800 K_nnz=393075 rhs_cols=1021 Vxx_nnz=1040400
FILTERDDP_TIMING iteration=33 barrier_iteration=0 stage=5 derivative_s=0.016782000 first_order_s=0.005196100 second_order_s=0.011140700 algebra_s=0.046214400 kkt_assembly_s=0.142414200 factor_s=0.174613400 solve_s=0.296250800 update_s=0.085744800 K_nnz=393075 rhs_cols=1021 Vxx_nnz=1040400
FILTERDDP_TIMING iteration=33 barrier_iteration=0 stage=4 derivative_s=0.014501900 first_order_s=0.005505800 second_order_s=0.008641800 algebra_s=0.035277100 kkt_assembly_s=0.171164300 factor_s=0.174032700 solve_s=0.309161700 update_s=0.065258800 K_nnz=393075 rhs_cols=1021 Vxx_nnz=1040400
FILTERDDP_TIMING iteration=33 barrier_iteration=0 stage=3 derivative_s=0.015199600 first_order_s=0.005154500 second_order_s=0.009711300 algebra_s=0.051435100 kkt_assembly_s=0.142038200 factor_s=0.167403700 solve_s=0.313537400 update_s=0.075362100 K_nnz=393075 rhs_cols=1021 Vxx_nnz=1040400
FILTERDDP_TIMING iteration=33 barrier_iteration=0 stage=2 derivative_s=0.025832600 first_order_s=0.009073600 second_order_s=0.016098400 algebra_s=0.050425500 kkt_assembly_s=0.146875400 factor_s=0.218408600 solve_s=0.319960000 update_s=0.075396200 K_nnz=393075 rhs_cols=1021 Vxx_nnz=1040400
FILTERDDP_TIMING iteration=33 barrier_iteration=0 stage=1 derivative_s=0.015341400 first_order_s=0.005115600 second_order_s=0.009907500 algebra_s=0.086879400 kkt_assembly_s=0.144632900 factor_s=0.170644000 solve_s=0.402561800 update_s=0.065906600 K_nnz=393075 rhs_cols=1021 Vxx_nnz=1040400
FILTERDDP_FEASIBILITY iteration=33 barrier_iteration=0 equality_count=1015272 equality_rms=4.922401239461e-02 equality_max=5.822893578002e-01 equality_worst_stage=5 equality_worst_index=1 dynamics_count=23460 dynamics_rms=0.000000000000e+00 dynamics_max=0.000000000000e+00 dynamics_worst_stage=0 dynamics_worst_index=0 bound_count=1137768 bound_rms=0.000000000000e+00 bound_max=0.000000000000e+00 bound_worst_stage=0 bound_worst_index=0 bound_worst_kind=none
    33   1.11020126e+06   5.8229e-01   9.6871e+02   1.0000e+00    0.00      -     3.1250e-02   3
FILTERDDP_ITER_TIMING iteration=33 barrier_iteration=0 backward_s=20.939256700 forward_s=1.376926200 total_s=22.316182900 outcome=accepted step_size=3.125000000e-02 backtracks=3 mu=1.000000000e+00
FILTERDDP_TIMING iteration=34 barrier_iteration=0 stage=24 derivative_s=0.024640000 first_order_s=0.006319700 second_order_s=0.017884700 algebra_s=0.048949700 kkt_assembly_s=0.252418700 factor_s=0.169876900 solve_s=0.320305200 update_s=0.067095000 K_nnz=393075 rhs_cols=1021 Vxx_nnz=1040400
FILTERDDP_TIMING iteration=34 barrier_iteration=0 stage=23 derivative_s=0.016035800 first_order_s=0.005344000 second_order_s=0.010349100 algebra_s=0.050546700 kkt_assembly_s=0.151446800 factor_s=0.226123700 solve_s=0.455697200 update_s=0.058761000 K_nnz=393075 rhs_cols=1021 Vxx_nnz=1040400
FILTERDDP_TIMING iteration=34 barrier_iteration=0 stage=22 derivative_s=0.015170900 first_order_s=0.005352100 second_order_s=0.009470200 algebra_s=0.034759100 kkt_assembly_s=0.171020200 factor_s=0.182987300 solve_s=0.321846700 update_s=0.069021500 K_nnz=393075 rhs_cols=1021 Vxx_nnz=1040400
FILTERDDP_TIMING iteration=34 barrier_iteration=0 stage=21 derivative_s=0.016185100 first_order_s=0.005145900 second_order_s=0.010693800 algebra_s=0.050626500 kkt_assembly_s=0.161091300 factor_s=0.179603900 solve_s=0.310988600 update_s=0.071501500 K_nnz=393075 rhs_cols=1021 Vxx_nnz=1040400
FILTERDDP_TIMING iteration=34 barrier_iteration=0 stage=20 derivative_s=0.012835400 first_order_s=0.005483000 second_order_s=0.007007300 algebra_s=0.035525400 kkt_assembly_s=0.144032800 factor_s=0.182638500 solve_s=0.310909400 update_s=0.064442800 K_nnz=393075 rhs_cols=1021 Vxx_nnz=1040400
FILTERDDP_TIMING iteration=34 barrier_iteration=0 stage=19 derivative_s=0.023820000 first_order_s=0.009805200 second_order_s=0.013353700 algebra_s=0.054109000 kkt_assembly_s=0.144594700 factor_s=0.169725200 solve_s=0.326689200 update_s=0.109869100 K_nnz=393075 rhs_cols=1021 Vxx_nnz=1040400
FILTERDDP_TIMING iteration=34 barrier_iteration=0 stage=18 derivative_s=0.015339500 first_order_s=0.005190300 second_order_s=0.009801600 algebra_s=0.035658900 kkt_assembly_s=0.145713100 factor_s=0.324475400 solve_s=0.303426700 update_s=0.068172500 K_nnz=393075 rhs_cols=1021 Vxx_nnz=1040400
FILTERDDP_TIMING iteration=34 barrier_iteration=0 stage=17 derivative_s=0.021124300 first_order_s=0.006624400 second_order_s=0.014133200 algebra_s=0.049818000 kkt_assembly_s=0.142713000 factor_s=0.193636000 solve_s=0.304782800 update_s=0.073307700 K_nnz=393075 rhs_cols=1021 Vxx_nnz=1040400
FILTERDDP_TIMING iteration=34 barrier_iteration=0 stage=16 derivative_s=0.023234200 first_order_s=0.007596000 second_order_s=0.015305100 algebra_s=0.052196000 kkt_assembly_s=0.179721300 factor_s=0.179943600 solve_s=0.302221100 update_s=0.064525300 K_nnz=393075 rhs_cols=1021 Vxx_nnz=1040400
FILTERDDP_TIMING iteration=34 barrier_iteration=0 stage=15 derivative_s=0.023563400 first_order_s=0.005244600 second_order_s=0.017918500 algebra_s=0.036316600 kkt_assembly_s=0.141475300 factor_s=0.177928500 solve_s=0.307520300 update_s=0.065612800 K_nnz=393075 rhs_cols=1021 Vxx_nnz=1040400
FILTERDDP_TIMING iteration=34 barrier_iteration=0 stage=14 derivative_s=0.015318200 first_order_s=0.004991700 second_order_s=0.009984100 algebra_s=0.046218700 kkt_assembly_s=0.146533400 factor_s=0.169689500 solve_s=0.306063800 update_s=0.111051700 K_nnz=393075 rhs_cols=1021 Vxx_nnz=1040400
FILTERDDP_TIMING iteration=34 barrier_iteration=0 stage=13 derivative_s=0.012577500 first_order_s=0.005471000 second_order_s=0.006765900 algebra_s=0.037811300 kkt_assembly_s=0.147347900 factor_s=0.283738700 solve_s=0.300717500 update_s=0.071389600 K_nnz=393075 rhs_cols=1021 Vxx_nnz=1040400
FILTERDDP_TIMING iteration=34 barrier_iteration=0 stage=12 derivative_s=0.015656700 first_order_s=0.005616200 second_order_s=0.009690900 algebra_s=0.045070500 kkt_assembly_s=0.142340700 factor_s=0.169685200 solve_s=0.325676700 update_s=0.097423700 K_nnz=393075 rhs_cols=1021 Vxx_nnz=1040400
FILTERDDP_TIMING iteration=34 barrier_iteration=0 stage=11 derivative_s=0.015408200 first_order_s=0.005141400 second_order_s=0.009943000 algebra_s=0.038118000 kkt_assembly_s=0.141571300 factor_s=0.174653300 solve_s=0.308615500 update_s=0.064978000 K_nnz=393075 rhs_cols=1021 Vxx_nnz=1040400
FILTERDDP_TIMING iteration=34 barrier_iteration=0 stage=10 derivative_s=0.023910900 first_order_s=0.005401600 second_order_s=0.018167500 algebra_s=0.039281900 kkt_assembly_s=0.141585700 factor_s=0.197814500 solve_s=0.311642300 update_s=0.063902300 K_nnz=393075 rhs_cols=1021 Vxx_nnz=1040400
FILTERDDP_TIMING iteration=34 barrier_iteration=0 stage=9 derivative_s=0.015813300 first_order_s=0.005394200 second_order_s=0.010006500 algebra_s=0.058245700 kkt_assembly_s=0.151399900 factor_s=0.190069100 solve_s=0.359293800 update_s=0.170883000 K_nnz=393075 rhs_cols=1021 Vxx_nnz=1040400
FILTERDDP_TIMING iteration=34 barrier_iteration=0 stage=8 derivative_s=0.012878800 first_order_s=0.005339200 second_order_s=0.007162900 algebra_s=0.036312400 kkt_assembly_s=0.143723000 factor_s=0.177639800 solve_s=0.311648500 update_s=0.069757400 K_nnz=393075 rhs_cols=1021 Vxx_nnz=1040400
FILTERDDP_TIMING iteration=34 barrier_iteration=0 stage=7 derivative_s=0.019484500 first_order_s=0.006784400 second_order_s=0.012353000 algebra_s=0.047911800 kkt_assembly_s=0.141940000 factor_s=0.202582000 solve_s=0.310886400 update_s=0.069746300 K_nnz=393075 rhs_cols=1021 Vxx_nnz=1040400
FILTERDDP_TIMING iteration=34 barrier_iteration=0 stage=6 derivative_s=0.015218000 first_order_s=0.005310000 second_order_s=0.009476400 algebra_s=0.049159300 kkt_assembly_s=0.142208200 factor_s=0.166626900 solve_s=0.299519600 update_s=0.074193600 K_nnz=393075 rhs_cols=1021 Vxx_nnz=1040400
FILTERDDP_TIMING iteration=34 barrier_iteration=0 stage=5 derivative_s=0.015471100 first_order_s=0.005392300 second_order_s=0.009720300 algebra_s=0.043225300 kkt_assembly_s=0.144423500 factor_s=0.167333500 solve_s=0.310673400 update_s=0.073776100 K_nnz=393075 rhs_cols=1021 Vxx_nnz=1040400
FILTERDDP_TIMING iteration=34 barrier_iteration=0 stage=4 derivative_s=0.024886700 first_order_s=0.005342700 second_order_s=0.019212700 algebra_s=0.036215000 kkt_assembly_s=0.143099100 factor_s=0.215964000 solve_s=0.300933900 update_s=0.175928200 K_nnz=393075 rhs_cols=1021 Vxx_nnz=1040400
FILTERDDP_TIMING iteration=34 barrier_iteration=0 stage=3 derivative_s=0.015092800 first_order_s=0.005177400 second_order_s=0.009596000 algebra_s=0.037343500 kkt_assembly_s=0.144860900 factor_s=0.172773800 solve_s=0.303404000 update_s=0.071530000 K_nnz=393075 rhs_cols=1021 Vxx_nnz=1040400
FILTERDDP_TIMING iteration=34 barrier_iteration=0 stage=2 derivative_s=0.022671400 first_order_s=0.005284800 second_order_s=0.017049100 algebra_s=0.035496300 kkt_assembly_s=0.142592400 factor_s=0.179205400 solve_s=0.318395500 update_s=0.073395100 K_nnz=393075 rhs_cols=1021 Vxx_nnz=1040400
FILTERDDP_TIMING iteration=34 barrier_iteration=0 stage=1 derivative_s=0.016057000 first_order_s=0.005431600 second_order_s=0.010289000 algebra_s=0.044574100 kkt_assembly_s=0.143120200 factor_s=0.167522100 solve_s=0.303711000 update_s=0.070185300 K_nnz=393075 rhs_cols=1021 Vxx_nnz=1040400
FILTERDDP_FEASIBILITY iteration=34 barrier_iteration=0 equality_count=1015272 equality_rms=4.994666860875e-02 equality_max=5.928334687213e-01 equality_worst_stage=1 equality_worst_index=31063 dynamics_count=23460 dynamics_rms=0.000000000000e+00 dynamics_max=0.000000000000e+00 dynamics_worst_stage=0 dynamics_worst_index=0 bound_count=1137768 bound_rms=0.000000000000e+00 bound_max=0.000000000000e+00 bound_worst_stage=0 bound_worst_index=0 bound_worst_kind=none
    34   1.15949547e+06   5.9283e-01   1.0318e+03   1.0000e+00    0.00      -     3.1250e-02   3
FILTERDDP_ITER_TIMING iteration=34 barrier_iteration=0 backward_s=20.839509400 forward_s=1.619028400 total_s=22.458537800 outcome=accepted step_size=3.125000000e-02 backtracks=3 mu=1.000000000e+00
FILTERDDP_TIMING iteration=35 barrier_iteration=0 stage=24 derivative_s=0.034621500 first_order_s=0.009083200 second_order_s=0.025078300 algebra_s=0.094599800 kkt_assembly_s=0.366442200 factor_s=0.169594300 solve_s=0.301826500 update_s=0.068050200 K_nnz=393075 rhs_cols=1021 Vxx_nnz=1040400
FILTERDDP_TIMING iteration=35 barrier_iteration=0 stage=23 derivative_s=0.015444300 first_order_s=0.005174300 second_order_s=0.009927500 algebra_s=0.046321800 kkt_assembly_s=0.142582400 factor_s=0.171291100 solve_s=0.343021400 update_s=0.074992100 K_nnz=393075 rhs_cols=1021 Vxx_nnz=1040400
FILTERDDP_TIMING iteration=35 barrier_iteration=0 stage=22 derivative_s=0.015003200 first_order_s=0.005273000 second_order_s=0.009413100 algebra_s=0.036411800 kkt_assembly_s=0.141713200 factor_s=0.314612600 solve_s=0.299058700 update_s=0.089315700 K_nnz=393075 rhs_cols=1021 Vxx_nnz=1040400
FILTERDDP_TIMING iteration=35 barrier_iteration=0 stage=21 derivative_s=0.015179600 first_order_s=0.005130200 second_order_s=0.009706800 algebra_s=0.035723000 kkt_assembly_s=0.143158100 factor_s=0.175398300 solve_s=0.315278400 update_s=0.068341300 K_nnz=393075 rhs_cols=1021 Vxx_nnz=1040400
FILTERDDP_TIMING iteration=35 barrier_iteration=0 stage=20 derivative_s=0.015757900 first_order_s=0.005521100 second_order_s=0.009852600 algebra_s=0.047332900 kkt_assembly_s=0.146268900 factor_s=0.172172000 solve_s=0.303304400 update_s=0.088745900 K_nnz=393075 rhs_cols=1021 Vxx_nnz=1040400
FILTERDDP_TIMING iteration=35 barrier_iteration=0 stage=19 derivative_s=0.015068500 first_order_s=0.004984000 second_order_s=0.009764400 algebra_s=0.042006600 kkt_assembly_s=0.173783200 factor_s=0.177463800 solve_s=0.307493100 update_s=0.072932500 K_nnz=393075 rhs_cols=1021 Vxx_nnz=1040400
FILTERDDP_TIMING iteration=35 barrier_iteration=0 stage=18 derivative_s=0.024136400 first_order_s=0.005502400 second_order_s=0.018298600 algebra_s=0.036067400 kkt_assembly_s=0.140648900 factor_s=0.179911600 solve_s=0.303175600 update_s=0.069687100 K_nnz=393075 rhs_cols=1021 Vxx_nnz=1040400
FILTERDDP_TIMING iteration=35 barrier_iteration=0 stage=17 derivative_s=0.015969100 first_order_s=0.005117700 second_order_s=0.010528700 algebra_s=0.044224200 kkt_assembly_s=0.144710700 factor_s=0.177332600 solve_s=0.351734700 update_s=0.064118600 K_nnz=393075 rhs_cols=1021 Vxx_nnz=1040400
FILTERDDP_TIMING iteration=35 barrier_iteration=0 stage=16 derivative_s=0.114075200 first_order_s=0.005377700 second_order_s=0.108252200 algebra_s=0.037805200 kkt_assembly_s=0.204605100 factor_s=0.201944700 solve_s=0.326499700 update_s=0.072439600 K_nnz=393075 rhs_cols=1021 Vxx_nnz=1040400
FILTERDDP_TIMING iteration=35 barrier_iteration=0 stage=15 derivative_s=0.015214200 first_order_s=0.005076100 second_order_s=0.009651900 algebra_s=0.035942800 kkt_assembly_s=0.143399900 factor_s=0.181610300 solve_s=0.292014700 update_s=0.071911600 K_nnz=393075 rhs_cols=1021 Vxx_nnz=1040400
FILTERDDP_TIMING iteration=35 barrier_iteration=0 stage=14 derivative_s=0.028100500 first_order_s=0.017496400 second_order_s=0.010204200 algebra_s=0.035051500 kkt_assembly_s=0.145263600 factor_s=0.169146100 solve_s=0.333057900 update_s=0.081033400 K_nnz=393075 rhs_cols=1021 Vxx_nnz=1040400
FILTERDDP_TIMING iteration=35 barrier_iteration=0 stage=13 derivative_s=0.014911600 first_order_s=0.005046900 second_order_s=0.009535000 algebra_s=0.044757400 kkt_assembly_s=0.141809900 factor_s=0.164193100 solve_s=0.305707000 update_s=0.076412000 K_nnz=393075 rhs_cols=1021 Vxx_nnz=1040400
FILTERDDP_TIMING iteration=35 barrier_iteration=0 stage=12 derivative_s=0.013963500 first_order_s=0.005905400 second_order_s=0.007723000 algebra_s=0.035731000 kkt_assembly_s=0.141269700 factor_s=0.177777600 solve_s=0.309171900 update_s=0.069967800 K_nnz=393075 rhs_cols=1021 Vxx_nnz=1040400
FILTERDDP_TIMING iteration=35 barrier_iteration=0 stage=11 derivative_s=0.015720600 first_order_s=0.005441900 second_order_s=0.009934100 algebra_s=0.051927200 kkt_assembly_s=0.147848800 factor_s=0.166765300 solve_s=0.344016600 update_s=0.071850800 K_nnz=393075 rhs_cols=1021 Vxx_nnz=1040400
FILTERDDP_TIMING iteration=35 barrier_iteration=0 stage=10 derivative_s=0.118013800 first_order_s=0.110913500 second_order_s=0.006749000 algebra_s=0.034408900 kkt_assembly_s=0.143798500 factor_s=0.167154500 solve_s=0.305823000 update_s=0.068716600 K_nnz=393075 rhs_cols=1021 Vxx_nnz=1040400
FILTERDDP_TIMING iteration=35 barrier_iteration=0 stage=9 derivative_s=0.024216300 first_order_s=0.005157400 second_order_s=0.018712300 algebra_s=0.037322200 kkt_assembly_s=0.141844000 factor_s=0.174094700 solve_s=0.334198700 update_s=0.065150200 K_nnz=393075 rhs_cols=1021 Vxx_nnz=1040400
FILTERDDP_TIMING iteration=35 barrier_iteration=0 stage=8 derivative_s=0.015499300 first_order_s=0.005228600 second_order_s=0.009940400 algebra_s=0.045409100 kkt_assembly_s=0.141588100 factor_s=0.165690400 solve_s=0.296446900 update_s=0.077307300 K_nnz=393075 rhs_cols=1021 Vxx_nnz=1040400
FILTERDDP_TIMING iteration=35 barrier_iteration=0 stage=7 derivative_s=0.015784800 first_order_s=0.005620200 second_order_s=0.009845100 algebra_s=0.041904900 kkt_assembly_s=0.142362900 factor_s=0.166561200 solve_s=0.301617400 update_s=0.075861500 K_nnz=393075 rhs_cols=1021 Vxx_nnz=1040400
FILTERDDP_TIMING iteration=35 barrier_iteration=0 stage=6 derivative_s=0.015344700 first_order_s=0.005143300 second_order_s=0.009859500 algebra_s=0.044318500 kkt_assembly_s=0.171699900 factor_s=0.173142500 solve_s=0.298772700 update_s=0.077139400 K_nnz=393075 rhs_cols=1021 Vxx_nnz=1040400
FILTERDDP_TIMING iteration=35 barrier_iteration=0 stage=5 derivative_s=0.015242800 first_order_s=0.005118800 second_order_s=0.009786300 algebra_s=0.078030100 kkt_assembly_s=0.190747300 factor_s=0.168858400 solve_s=0.408368400 update_s=0.074680400 K_nnz=393075 rhs_cols=1021 Vxx_nnz=1040400
FILTERDDP_TIMING iteration=35 barrier_iteration=0 stage=4 derivative_s=0.012897900 first_order_s=0.005237900 second_order_s=0.007298900 algebra_s=0.040829100 kkt_assembly_s=0.151354200 factor_s=0.186393600 solve_s=0.299449000 update_s=0.072835500 K_nnz=393075 rhs_cols=1021 Vxx_nnz=1040400
FILTERDDP_TIMING iteration=35 barrier_iteration=0 stage=3 derivative_s=0.015171900 first_order_s=0.005227900 second_order_s=0.009626300 algebra_s=0.045151500 kkt_assembly_s=0.146426600 factor_s=0.177216000 solve_s=0.306520600 update_s=0.075880700 K_nnz=393075 rhs_cols=1021 Vxx_nnz=1040400
FILTERDDP_TIMING iteration=35 barrier_iteration=0 stage=2 derivative_s=0.021151100 first_order_s=0.007197100 second_order_s=0.013372700 algebra_s=0.037267700 kkt_assembly_s=0.172440200 factor_s=0.174399700 solve_s=0.314529900 update_s=0.069159400 K_nnz=393075 rhs_cols=1021 Vxx_nnz=1040400
FILTERDDP_TIMING iteration=35 barrier_iteration=0 stage=1 derivative_s=0.015449000 first_order_s=0.005121300 second_order_s=0.009970100 algebra_s=0.054280700 kkt_assembly_s=0.141954500 factor_s=0.175609800 solve_s=0.310168600 update_s=0.074936300 K_nnz=393075 rhs_cols=1021 Vxx_nnz=1040400
FILTERDDP_FEASIBILITY iteration=35 barrier_iteration=0 equality_count=1015272 equality_rms=5.055106781440e-02 equality_max=6.168055152111e-01 equality_worst_stage=1 equality_worst_index=31063 dynamics_count=23460 dynamics_rms=0.000000000000e+00 dynamics_max=0.000000000000e+00 dynamics_worst_stage=0 dynamics_worst_index=0 bound_count=1137768 bound_rms=0.000000000000e+00 bound_max=0.000000000000e+00 bound_worst_stage=0 bound_worst_index=0 bound_worst_kind=none
    35   1.20731458e+06   6.1681e-01   1.0921e+03   1.0000e+00    0.00      -     3.1250e-02   3
FILTERDDP_ITER_TIMING iteration=35 barrier_iteration=0 backward_s=20.752003900 forward_s=1.677519100 total_s=22.429523000 outcome=accepted step_size=3.125000000e-02 backtracks=3 mu=1.000000000e+00
FILTERDDP_TIMING iteration=36 barrier_iteration=0 stage=24 derivative_s=0.033493800 first_order_s=0.007967000 second_order_s=0.025076300 algebra_s=0.046368400 kkt_assembly_s=0.257064900 factor_s=0.171156200 solve_s=0.328048400 update_s=0.067031800 K_nnz=393075 rhs_cols=1021 Vxx_nnz=1040400
FILTERDDP_TIMING iteration=36 barrier_iteration=0 stage=23 derivative_s=0.015751100 first_order_s=0.005704700 second_order_s=0.009698000 algebra_s=0.037391300 kkt_assembly_s=0.150822700 factor_s=0.229168600 solve_s=0.465614800 update_s=0.064943400 K_nnz=393075 rhs_cols=1021 Vxx_nnz=1040400
FILTERDDP_TIMING iteration=36 barrier_iteration=0 stage=22 derivative_s=0.015225900 first_order_s=0.005030000 second_order_s=0.009848000 algebra_s=0.035493200 kkt_assembly_s=0.164222000 factor_s=0.187006400 solve_s=0.330342500 update_s=0.069181200 K_nnz=393075 rhs_cols=1021 Vxx_nnz=1040400
FILTERDDP_TIMING iteration=36 barrier_iteration=0 stage=21 derivative_s=0.026572000 first_order_s=0.010426500 second_order_s=0.015777300 algebra_s=0.063837700 kkt_assembly_s=0.141967600 factor_s=0.172575400 solve_s=0.297442200 update_s=0.076557800 K_nnz=393075 rhs_cols=1021 Vxx_nnz=1040400
FILTERDDP_TIMING iteration=36 barrier_iteration=0 stage=20 derivative_s=0.020990900 first_order_s=0.007623000 second_order_s=0.012901700 algebra_s=0.044471400 kkt_assembly_s=0.146053500 factor_s=0.179474800 solve_s=0.311987400 update_s=0.067166600 K_nnz=393075 rhs_cols=1021 Vxx_nnz=1040400
FILTERDDP_TIMING iteration=36 barrier_iteration=0 stage=19 derivative_s=0.015426000 first_order_s=0.005228400 second_order_s=0.009854700 algebra_s=0.044590800 kkt_assembly_s=0.144783700 factor_s=0.175104100 solve_s=0.301801400 update_s=0.071985500 K_nnz=393075 rhs_cols=1021 Vxx_nnz=1040400
FILTERDDP_TIMING iteration=36 barrier_iteration=0 stage=18 derivative_s=0.017233300 first_order_s=0.005513800 second_order_s=0.011365300 algebra_s=0.077770200 kkt_assembly_s=0.141801600 factor_s=0.172248800 solve_s=0.405256000 update_s=0.064373400 K_nnz=393075 rhs_cols=1021 Vxx_nnz=1040400
FILTERDDP_TIMING iteration=36 barrier_iteration=0 stage=17 derivative_s=0.015075600 first_order_s=0.005130200 second_order_s=0.009616000 algebra_s=0.036340100 kkt_assembly_s=0.142533500 factor_s=0.178858600 solve_s=0.316921300 update_s=0.070649900 K_nnz=393075 rhs_cols=1021 Vxx_nnz=1040400
FILTERDDP_TIMING iteration=36 barrier_iteration=0 stage=16 derivative_s=0.015470800 first_order_s=0.005326900 second_order_s=0.009802000 algebra_s=0.035015700 kkt_assembly_s=0.151981100 factor_s=0.177674500 solve_s=0.310109600 update_s=0.070411200 K_nnz=393075 rhs_cols=1021 Vxx_nnz=1040400
FILTERDDP_TIMING iteration=36 barrier_iteration=0 stage=15 derivative_s=0.027302000 first_order_s=0.005264300 second_order_s=0.021701700 algebra_s=0.035504300 kkt_assembly_s=0.141726500 factor_s=0.200781400 solve_s=0.304942700 update_s=0.061069100 K_nnz=393075 rhs_cols=1021 Vxx_nnz=1040400
FILTERDDP_TIMING iteration=36 barrier_iteration=0 stage=14 derivative_s=0.013011200 first_order_s=0.005293200 second_order_s=0.007374100 algebra_s=0.046325600 kkt_assembly_s=0.144500100 factor_s=0.166820600 solve_s=0.317057500 update_s=0.079756900 K_nnz=393075 rhs_cols=1021 Vxx_nnz=1040400
FILTERDDP_TIMING iteration=36 barrier_iteration=0 stage=13 derivative_s=0.016757400 first_order_s=0.005221300 second_order_s=0.011219500 algebra_s=0.035887600 kkt_assembly_s=0.173561800 factor_s=0.178093300 solve_s=0.351541800 update_s=0.068640800 K_nnz=393075 rhs_cols=1021 Vxx_nnz=1040400
FILTERDDP_TIMING iteration=36 barrier_iteration=0 stage=12 derivative_s=0.014592400 first_order_s=0.005231800 second_order_s=0.008994500 algebra_s=0.151687400 kkt_assembly_s=0.147595300 factor_s=0.167324400 solve_s=0.298723500 update_s=0.082773300 K_nnz=393075 rhs_cols=1021 Vxx_nnz=1040400
FILTERDDP_TIMING iteration=36 barrier_iteration=0 stage=11 derivative_s=0.015256500 first_order_s=0.005271600 second_order_s=0.009657800 algebra_s=0.036692200 kkt_assembly_s=0.144551100 factor_s=0.184838700 solve_s=0.306503500 update_s=0.064417400 K_nnz=393075 rhs_cols=1021 Vxx_nnz=1040400
FILTERDDP_TIMING iteration=36 barrier_iteration=0 stage=10 derivative_s=0.015094500 first_order_s=0.005263900 second_order_s=0.009496600 algebra_s=0.050698200 kkt_assembly_s=0.141172300 factor_s=0.164876900 solve_s=0.312373900 update_s=0.082051100 K_nnz=393075 rhs_cols=1021 Vxx_nnz=1040400
FILTERDDP_TIMING iteration=36 barrier_iteration=0 stage=9 derivative_s=0.015511500 first_order_s=0.005132000 second_order_s=0.009967400 algebra_s=0.065719700 kkt_assembly_s=0.144595700 factor_s=0.169476500 solve_s=0.311005700 update_s=0.064386300 K_nnz=393075 rhs_cols=1021 Vxx_nnz=1040400
FILTERDDP_TIMING iteration=36 barrier_iteration=0 stage=8 derivative_s=0.026530300 first_order_s=0.005178700 second_order_s=0.021005000 algebra_s=0.035720600 kkt_assembly_s=0.143798600 factor_s=0.203710300 solve_s=0.316572900 update_s=0.074348100 K_nnz=393075 rhs_cols=1021 Vxx_nnz=1040400
FILTERDDP_TIMING iteration=36 barrier_iteration=0 stage=7 derivative_s=0.015716700 first_order_s=0.005443600 second_order_s=0.009925600 algebra_s=0.097252400 kkt_assembly_s=0.148970000 factor_s=0.173853800 solve_s=0.399330400 update_s=0.070665000 K_nnz=393075 rhs_cols=1021 Vxx_nnz=1040400
FILTERDDP_TIMING iteration=36 barrier_iteration=0 stage=6 derivative_s=0.020438000 first_order_s=0.007769700 second_order_s=0.012210600 algebra_s=0.040980600 kkt_assembly_s=0.146361400 factor_s=0.182869100 solve_s=0.329156300 update_s=0.065301700 K_nnz=393075 rhs_cols=1021 Vxx_nnz=1040400
FILTERDDP_TIMING iteration=36 barrier_iteration=0 stage=5 derivative_s=0.015468800 first_order_s=0.005222500 second_order_s=0.009903000 algebra_s=0.047888500 kkt_assembly_s=0.143416500 factor_s=0.178690400 solve_s=0.313513400 update_s=0.079488800 K_nnz=393075 rhs_cols=1021 Vxx_nnz=1040400
FILTERDDP_TIMING iteration=36 barrier_iteration=0 stage=4 derivative_s=0.015331000 first_order_s=0.005359800 second_order_s=0.009619800 algebra_s=0.036306000 kkt_assembly_s=0.146689800 factor_s=0.188140000 solve_s=0.317919400 update_s=0.067601200 K_nnz=393075 rhs_cols=1021 Vxx_nnz=1040400
FILTERDDP_TIMING iteration=36 barrier_iteration=0 stage=3 derivative_s=0.016772200 first_order_s=0.005227000 second_order_s=0.011215700 algebra_s=0.049992100 kkt_assembly_s=0.141586900 factor_s=0.169094300 solve_s=0.308653000 update_s=0.072965400 K_nnz=393075 rhs_cols=1021 Vxx_nnz=1040400
FILTERDDP_TIMING iteration=36 barrier_iteration=0 stage=2 derivative_s=0.014597200 first_order_s=0.005339000 second_order_s=0.008929100 algebra_s=0.042454100 kkt_assembly_s=0.146497500 factor_s=0.175268400 solve_s=0.311136900 update_s=0.065213400 K_nnz=393075 rhs_cols=1021 Vxx_nnz=1040400
FILTERDDP_TIMING iteration=36 barrier_iteration=0 stage=1 derivative_s=0.015160400 first_order_s=0.005248400 second_order_s=0.009579700 algebra_s=0.086687100 kkt_assembly_s=0.142134400 factor_s=0.169830200 solve_s=0.402527600 update_s=0.068466700 K_nnz=393075 rhs_cols=1021 Vxx_nnz=1040400
FILTERDDP_FEASIBILITY iteration=36 barrier_iteration=0 equality_count=1015272 equality_rms=5.103917620550e-02 equality_max=6.381370996971e-01 equality_worst_stage=1 equality_worst_index=31063 dynamics_count=23460 dynamics_rms=0.000000000000e+00 dynamics_max=0.000000000000e+00 dynamics_worst_stage=0 dynamics_worst_index=0 bound_count=1137768 bound_rms=0.000000000000e+00 bound_max=0.000000000000e+00 bound_worst_stage=0 bound_worst_index=0 bound_worst_kind=none
    36   1.25369748e+06   6.3814e-01   1.1493e+03   1.0000e+00    0.00      -     3.1250e-02   3
FILTERDDP_ITER_TIMING iteration=36 barrier_iteration=0 backward_s=20.812171300 forward_s=1.594582200 total_s=22.406753500 outcome=accepted step_size=3.125000000e-02 backtracks=4 mu=1.000000000e+00
FILTERDDP_TIMING iteration=37 barrier_iteration=0 stage=24 derivative_s=0.018022900 first_order_s=0.005695400 second_order_s=0.011979500 algebra_s=0.043866500 kkt_assembly_s=0.256779300 factor_s=0.167872000 solve_s=0.328693600 update_s=0.073433600 K_nnz=393075 rhs_cols=1021 Vxx_nnz=1040400
FILTERDDP_TIMING iteration=37 barrier_iteration=0 stage=23 derivative_s=0.015482300 first_order_s=0.005364400 second_order_s=0.009785400 algebra_s=0.036675300 kkt_assembly_s=0.142279200 factor_s=0.216407100 solve_s=0.439640800 update_s=0.071480000 K_nnz=393075 rhs_cols=1021 Vxx_nnz=1040400
FILTERDDP_TIMING iteration=37 barrier_iteration=0 stage=22 derivative_s=0.016942700 first_order_s=0.005425900 second_order_s=0.011188200 algebra_s=0.035827800 kkt_assembly_s=0.143717000 factor_s=0.181233500 solve_s=0.311469700 update_s=0.064915000 K_nnz=393075 rhs_cols=1021 Vxx_nnz=1040400
FILTERDDP_TIMING iteration=37 barrier_iteration=0 stage=21 derivative_s=0.014713800 first_order_s=0.005073900 second_order_s=0.009320200 algebra_s=0.048081700 kkt_assembly_s=0.142082600 factor_s=0.179873700 solve_s=0.305378100 update_s=0.074014900 K_nnz=393075 rhs_cols=1021 Vxx_nnz=1040400
FILTERDDP_TIMING iteration=37 barrier_iteration=0 stage=20 derivative_s=0.015558600 first_order_s=0.005444700 second_order_s=0.009731900 algebra_s=0.043532200 kkt_assembly_s=0.145885000 factor_s=0.177587200 solve_s=0.316942300 update_s=0.064124400 K_nnz=393075 rhs_cols=1021 Vxx_nnz=1040400
FILTERDDP_TIMING iteration=37 barrier_iteration=0 stage=19 derivative_s=0.031164400 first_order_s=0.005344800 second_order_s=0.025465700 algebra_s=0.035813200 kkt_assembly_s=0.148605900 factor_s=0.209752900 solve_s=0.333656100 update_s=0.075122700 K_nnz=393075 rhs_cols=1021 Vxx_nnz=1040400
FILTERDDP_TIMING iteration=37 barrier_iteration=0 stage=18 derivative_s=0.016738300 first_order_s=0.005198400 second_order_s=0.011190700 algebra_s=0.059358700 kkt_assembly_s=0.156560000 factor_s=0.186840100 solve_s=0.351789400 update_s=0.178154100 K_nnz=393075 rhs_cols=1021 Vxx_nnz=1040400
FILTERDDP_TIMING iteration=37 barrier_iteration=0 stage=17 derivative_s=0.016388400 first_order_s=0.005546100 second_order_s=0.010484000 algebra_s=0.038567100 kkt_assembly_s=0.147555500 factor_s=0.177293400 solve_s=0.335402300 update_s=0.061637100 K_nnz=393075 rhs_cols=1021 Vxx_nnz=1040400
FILTERDDP_TIMING iteration=37 barrier_iteration=0 stage=16 derivative_s=0.015078900 first_order_s=0.005011500 second_order_s=0.009730800 algebra_s=0.047414900 kkt_assembly_s=0.174670900 factor_s=0.175155100 solve_s=0.317444600 update_s=0.067121600 K_nnz=393075 rhs_cols=1021 Vxx_nnz=1040400
FILTERDDP_TIMING iteration=37 barrier_iteration=0 stage=15 derivative_s=0.015202300 first_order_s=0.005142700 second_order_s=0.009742400 algebra_s=0.052842200 kkt_assembly_s=0.142707300 factor_s=0.172315700 solve_s=0.312095500 update_s=0.073184500 K_nnz=393075 rhs_cols=1021 Vxx_nnz=1040400
FILTERDDP_TIMING iteration=37 barrier_iteration=0 stage=14 derivative_s=0.017317900 first_order_s=0.005341800 second_order_s=0.011636900 algebra_s=0.043101700 kkt_assembly_s=0.142053900 factor_s=0.170474900 solve_s=0.305680700 update_s=0.065454200 K_nnz=393075 rhs_cols=1021 Vxx_nnz=1040400
FILTERDDP_TIMING iteration=37 barrier_iteration=0 stage=13 derivative_s=0.027667000 first_order_s=0.005146400 second_order_s=0.022191500 algebra_s=0.035562800 kkt_assembly_s=0.142113100 factor_s=0.221510400 solve_s=0.382695200 update_s=0.067511800 K_nnz=393075 rhs_cols=1021 Vxx_nnz=1040400
FILTERDDP_TIMING iteration=37 barrier_iteration=0 stage=12 derivative_s=0.015123200 first_order_s=0.005031800 second_order_s=0.009775100 algebra_s=0.035739400 kkt_assembly_s=0.142008900 factor_s=0.189077900 solve_s=0.319463000 update_s=0.062875800 K_nnz=393075 rhs_cols=1021 Vxx_nnz=1040400
FILTERDDP_TIMING iteration=37 barrier_iteration=0 stage=11 derivative_s=0.025372300 first_order_s=0.017905300 second_order_s=0.007130500 algebra_s=0.036317500 kkt_assembly_s=0.145362900 factor_s=0.187787800 solve_s=0.314796100 update_s=0.060548200 K_nnz=393075 rhs_cols=1021 Vxx_nnz=1040400
FILTERDDP_TIMING iteration=37 barrier_iteration=0 stage=10 derivative_s=0.015656100 first_order_s=0.005122900 second_order_s=0.010112900 algebra_s=0.049863600 kkt_assembly_s=0.142069000 factor_s=0.165995300 solve_s=0.300745300 update_s=0.080894300 K_nnz=393075 rhs_cols=1021 Vxx_nnz=1040400
FILTERDDP_TIMING iteration=37 barrier_iteration=0 stage=9 derivative_s=0.015482800 first_order_s=0.005251800 second_order_s=0.009905300 algebra_s=0.035340700 kkt_assembly_s=0.142793000 factor_s=0.196932500 solve_s=0.316524500 update_s=0.068310000 K_nnz=393075 rhs_cols=1021 Vxx_nnz=1040400
FILTERDDP_TIMING iteration=37 barrier_iteration=0 stage=8 derivative_s=0.015860700 first_order_s=0.005302500 second_order_s=0.010232700 algebra_s=0.046460000 kkt_assembly_s=0.143465400 factor_s=0.170754900 solve_s=0.342769300 update_s=0.174358800 K_nnz=393075 rhs_cols=1021 Vxx_nnz=1040400
FILTERDDP_TIMING iteration=37 barrier_iteration=0 stage=7 derivative_s=0.015089900 first_order_s=0.005193300 second_order_s=0.009563400 algebra_s=0.041953500 kkt_assembly_s=0.142874200 factor_s=0.167440500 solve_s=0.299714100 update_s=0.066168500 K_nnz=393075 rhs_cols=1021 Vxx_nnz=1040400
FILTERDDP_TIMING iteration=37 barrier_iteration=0 stage=6 derivative_s=0.024259700 first_order_s=0.014124800 second_order_s=0.009811800 algebra_s=0.035182400 kkt_assembly_s=0.145407300 factor_s=0.176424200 solve_s=0.318777000 update_s=0.065379800 K_nnz=393075 rhs_cols=1021 Vxx_nnz=1040400
FILTERDDP_TIMING iteration=37 barrier_iteration=0 stage=5 derivative_s=0.014983200 first_order_s=0.004982400 second_order_s=0.009682300 algebra_s=0.047946400 kkt_assembly_s=0.140313600 factor_s=0.169519200 solve_s=0.318878400 update_s=0.072604300 K_nnz=393075 rhs_cols=1021 Vxx_nnz=1040400
FILTERDDP_TIMING iteration=37 barrier_iteration=0 stage=4 derivative_s=0.015229300 first_order_s=0.005053600 second_order_s=0.009857000 algebra_s=0.042127500 kkt_assembly_s=0.142395900 factor_s=0.179968700 solve_s=0.316483400 update_s=0.065829700 K_nnz=393075 rhs_cols=1021 Vxx_nnz=1040400
FILTERDDP_TIMING iteration=37 barrier_iteration=0 stage=3 derivative_s=0.023954000 first_order_s=0.005317600 second_order_s=0.018297900 algebra_s=0.036226300 kkt_assembly_s=0.145493900 factor_s=0.185683600 solve_s=0.320919200 update_s=0.068502900 K_nnz=393075 rhs_cols=1021 Vxx_nnz=1040400
FILTERDDP_TIMING iteration=37 barrier_iteration=0 stage=2 derivative_s=0.015501700 first_order_s=0.005317800 second_order_s=0.009769400 algebra_s=0.084481100 kkt_assembly_s=0.145322400 factor_s=0.169482800 solve_s=0.390979400 update_s=0.069489300 K_nnz=393075 rhs_cols=1021 Vxx_nnz=1040400
FILTERDDP_TIMING iteration=37 barrier_iteration=0 stage=1 derivative_s=0.014961700 first_order_s=0.005059900 second_order_s=0.009522700 algebra_s=0.036200600 kkt_assembly_s=0.140808900 factor_s=0.179259800 solve_s=0.302988800 update_s=0.064504300 K_nnz=393075 rhs_cols=1021 Vxx_nnz=1040400
FILTERDDP_FEASIBILITY iteration=37 barrier_iteration=0 equality_count=1015272 equality_rms=5.141467461970e-02 equality_max=6.569673006253e-01 equality_worst_stage=1 equality_worst_index=31063 dynamics_count=23460 dynamics_rms=0.000000000000e+00 dynamics_max=0.000000000000e+00 dynamics_worst_stage=0 dynamics_worst_index=0 bound_count=1137768 bound_rms=0.000000000000e+00 bound_max=0.000000000000e+00 bound_worst_stage=0 bound_worst_index=0 bound_worst_kind=none
    37   1.29868289e+06   6.5697e-01   1.2032e+03   1.0000e+00    0.00      -     3.1250e-02   4
FILTERDDP_ITER_TIMING iteration=37 barrier_iteration=0 backward_s=20.687853600 forward_s=1.694601300 total_s=22.382454900 outcome=accepted step_size=3.125000000e-02 backtracks=4 mu=1.000000000e+00
FILTERDDP_TIMING iteration=38 barrier_iteration=0 stage=24 derivative_s=0.036831600 first_order_s=0.006394400 second_order_s=0.030118700 algebra_s=0.053355400 kkt_assembly_s=0.260563400 factor_s=0.173030400 solve_s=0.341733000 update_s=0.070060100 K_nnz=393075 rhs_cols=1021 Vxx_nnz=1040400
FILTERDDP_TIMING iteration=38 barrier_iteration=0 stage=23 derivative_s=0.016000200 first_order_s=0.005257600 second_order_s=0.010413800 algebra_s=0.044831700 kkt_assembly_s=0.148407100 factor_s=0.223736400 solve_s=0.451022400 update_s=0.072504400 K_nnz=393075 rhs_cols=1021 Vxx_nnz=1040400
FILTERDDP_TIMING iteration=38 barrier_iteration=0 stage=22 derivative_s=0.015488100 first_order_s=0.005405600 second_order_s=0.009739800 algebra_s=0.035327600 kkt_assembly_s=0.141189400 factor_s=0.180873800 solve_s=0.308790500 update_s=0.074242100 K_nnz=393075 rhs_cols=1021 Vxx_nnz=1040400
FILTERDDP_TIMING iteration=38 barrier_iteration=0 stage=21 derivative_s=0.015495400 first_order_s=0.005205800 second_order_s=0.009927100 algebra_s=0.047459100 kkt_assembly_s=0.145442900 factor_s=0.171235200 solve_s=0.301527200 update_s=0.072735400 K_nnz=393075 rhs_cols=1021 Vxx_nnz=1040400
FILTERDDP_TIMING iteration=38 barrier_iteration=0 stage=20 derivative_s=0.015651400 first_order_s=0.005632400 second_order_s=0.009673800 algebra_s=0.036933200 kkt_assembly_s=0.145625000 factor_s=0.174336300 solve_s=0.309138600 update_s=0.070254500 K_nnz=393075 rhs_cols=1021 Vxx_nnz=1040400
FILTERDDP_TIMING iteration=38 barrier_iteration=0 stage=19 derivative_s=0.015906400 first_order_s=0.005481100 second_order_s=0.010087600 algebra_s=0.046543300 kkt_assembly_s=0.142673700 factor_s=0.177252700 solve_s=0.319572300 update_s=0.106396000 K_nnz=393075 rhs_cols=1021 Vxx_nnz=1040400
FILTERDDP_TIMING iteration=38 barrier_iteration=0 stage=18 derivative_s=0.014801200 first_order_s=0.005325400 second_order_s=0.009140800 algebra_s=0.161680300 kkt_assembly_s=0.170193800 factor_s=0.181456100 solve_s=0.310509300 update_s=0.079168000 K_nnz=393075 rhs_cols=1021 Vxx_nnz=1040400
FILTERDDP_TIMING iteration=38 barrier_iteration=0 stage=17 derivative_s=0.016671600 first_order_s=0.004952500 second_order_s=0.011382900 algebra_s=0.036222000 kkt_assembly_s=0.146260300 factor_s=0.199045500 solve_s=0.299714800 update_s=0.075707400 K_nnz=393075 rhs_cols=1021 Vxx_nnz=1040400
FILTERDDP_TIMING iteration=38 barrier_iteration=0 stage=16 derivative_s=0.015846400 first_order_s=0.005357900 second_order_s=0.010141900 algebra_s=0.043758800 kkt_assembly_s=0.143873400 factor_s=0.172729300 solve_s=0.309744100 update_s=0.081252000 K_nnz=393075 rhs_cols=1021 Vxx_nnz=1040400
FILTERDDP_TIMING iteration=38 barrier_iteration=0 stage=15 derivative_s=0.015991400 first_order_s=0.005243400 second_order_s=0.010421500 algebra_s=0.037389300 kkt_assembly_s=0.145797800 factor_s=0.174833900 solve_s=0.307271400 update_s=0.076405900 K_nnz=393075 rhs_cols=1021 Vxx_nnz=1040400
FILTERDDP_TIMING iteration=38 barrier_iteration=0 stage=14 derivative_s=0.015180300 first_order_s=0.005123700 second_order_s=0.009731900 algebra_s=0.048785900 kkt_assembly_s=0.141732500 factor_s=0.193888300 solve_s=0.295315800 update_s=0.074163800 K_nnz=393075 rhs_cols=1021 Vxx_nnz=1040400
FILTERDDP_TIMING iteration=38 barrier_iteration=0 stage=13 derivative_s=0.012747400 first_order_s=0.005185900 second_order_s=0.007141900 algebra_s=0.035778700 kkt_assembly_s=0.148730500 factor_s=0.179781900 solve_s=0.361904900 update_s=0.078943800 K_nnz=393075 rhs_cols=1021 Vxx_nnz=1040400
FILTERDDP_TIMING iteration=38 barrier_iteration=0 stage=12 derivative_s=0.015731000 first_order_s=0.005246900 second_order_s=0.010135400 algebra_s=0.143328300 kkt_assembly_s=0.147866300 factor_s=0.194760700 solve_s=0.317401700 update_s=0.070481800 K_nnz=393075 rhs_cols=1021 Vxx_nnz=1040400
FILTERDDP_TIMING iteration=38 barrier_iteration=0 stage=11 derivative_s=0.016007600 first_order_s=0.005476400 second_order_s=0.010048500 algebra_s=0.035442900 kkt_assembly_s=0.145451500 factor_s=0.178649400 solve_s=0.326093500 update_s=0.059165200 K_nnz=393075 rhs_cols=1021 Vxx_nnz=1040400
FILTERDDP_TIMING iteration=38 barrier_iteration=0 stage=10 derivative_s=0.015728500 first_order_s=0.005402700 second_order_s=0.010007000 algebra_s=0.046043300 kkt_assembly_s=0.141887400 factor_s=0.178501400 solve_s=0.300255800 update_s=0.080350000 K_nnz=393075 rhs_cols=1021 Vxx_nnz=1040400
FILTERDDP_TIMING iteration=38 barrier_iteration=0 stage=9 derivative_s=0.014932200 first_order_s=0.005036700 second_order_s=0.009558300 algebra_s=0.045834900 kkt_assembly_s=0.149825800 factor_s=0.167372600 solve_s=0.298377800 update_s=0.070490100 K_nnz=393075 rhs_cols=1021 Vxx_nnz=1040400
FILTERDDP_TIMING iteration=38 barrier_iteration=0 stage=8 derivative_s=0.059020400 first_order_s=0.005244000 second_order_s=0.053427700 algebra_s=0.035560800 kkt_assembly_s=0.146268500 factor_s=0.269750800 solve_s=0.298367100 update_s=0.072705900 K_nnz=393075 rhs_cols=1021 Vxx_nnz=1040400
FILTERDDP_TIMING iteration=38 barrier_iteration=0 stage=7 derivative_s=0.026600600 first_order_s=0.005539900 second_order_s=0.020717800 algebra_s=0.041460200 kkt_assembly_s=0.151445100 factor_s=0.177926300 solve_s=0.294730200 update_s=0.090765500 K_nnz=393075 rhs_cols=1021 Vxx_nnz=1040400
FILTERDDP_TIMING iteration=38 barrier_iteration=0 stage=6 derivative_s=0.015494900 first_order_s=0.005224600 second_order_s=0.009940600 algebra_s=0.035694500 kkt_assembly_s=0.170288700 factor_s=0.175495000 solve_s=0.313362900 update_s=0.066654600 K_nnz=393075 rhs_cols=1021 Vxx_nnz=1040400
FILTERDDP_TIMING iteration=38 barrier_iteration=0 stage=5 derivative_s=0.024177700 first_order_s=0.004926400 second_order_s=0.018923000 algebra_s=0.035399700 kkt_assembly_s=0.141765700 factor_s=0.176715000 solve_s=0.315986600 update_s=0.073677600 K_nnz=393075 rhs_cols=1021 Vxx_nnz=1040400
FILTERDDP_TIMING iteration=38 barrier_iteration=0 stage=4 derivative_s=0.016012600 first_order_s=0.005061000 second_order_s=0.010629700 algebra_s=0.060990000 kkt_assembly_s=0.149234200 factor_s=0.167277400 solve_s=0.307404000 update_s=0.071484700 K_nnz=393075 rhs_cols=1021 Vxx_nnz=1040400
FILTERDDP_TIMING iteration=38 barrier_iteration=0 stage=3 derivative_s=0.013898100 first_order_s=0.005233800 second_order_s=0.008337900 algebra_s=0.035847600 kkt_assembly_s=0.159111300 factor_s=0.184274500 solve_s=0.323215400 update_s=0.065723400 K_nnz=393075 rhs_cols=1021 Vxx_nnz=1040400
FILTERDDP_TIMING iteration=38 barrier_iteration=0 stage=2 derivative_s=0.015267100 first_order_s=0.005291800 second_order_s=0.009656800 algebra_s=0.086372000 kkt_assembly_s=0.149856200 factor_s=0.212242900 solve_s=0.396232700 update_s=0.069997000 K_nnz=393075 rhs_cols=1021 Vxx_nnz=1040400
FILTERDDP_TIMING iteration=38 barrier_iteration=0 stage=1 derivative_s=0.015449800 first_order_s=0.005369000 second_order_s=0.009661900 algebra_s=0.049311900 kkt_assembly_s=0.144877000 factor_s=0.168420900 solve_s=0.303166000 update_s=0.069904200 K_nnz=393075 rhs_cols=1021 Vxx_nnz=1040400
FILTERDDP_FEASIBILITY iteration=38 barrier_iteration=0 equality_count=1015272 equality_rms=5.168238036327e-02 equality_max=6.734336829495e-01 equality_worst_stage=1 equality_worst_index=31063 dynamics_count=23460 dynamics_rms=0.000000000000e+00 dynamics_max=0.000000000000e+00 dynamics_worst_stage=0 dynamics_worst_index=0 bound_count=1137768 bound_rms=0.000000000000e+00 bound_max=0.000000000000e+00 bound_worst_stage=0 bound_worst_index=0 bound_worst_kind=none
    38   1.34230929e+06   6.7343e-01   1.2538e+03   1.0000e+00    0.00      -     3.1250e-02   4
FILTERDDP_ITER_TIMING iteration=38 barrier_iteration=0 backward_s=20.827421200 forward_s=1.518246000 total_s=22.345667200 outcome=accepted step_size=3.125000000e-02 backtracks=4 mu=1.000000000e+00
FILTERDDP_TIMING iteration=39 barrier_iteration=0 stage=24 derivative_s=0.046893100 first_order_s=0.024274900 second_order_s=0.021959400 algebra_s=0.039131600 kkt_assembly_s=0.267095500 factor_s=0.174377100 solve_s=0.316700000 update_s=0.061825800 K_nnz=393075 rhs_cols=1021 Vxx_nnz=1040400
FILTERDDP_TIMING iteration=39 barrier_iteration=0 stage=23 derivative_s=0.016588700 first_order_s=0.005418100 second_order_s=0.010822700 algebra_s=0.035860900 kkt_assembly_s=0.145571700 factor_s=0.219744900 solve_s=0.459214000 update_s=0.073080700 K_nnz=393075 rhs_cols=1021 Vxx_nnz=1040400
FILTERDDP_TIMING iteration=39 barrier_iteration=0 stage=22 derivative_s=0.015334100 first_order_s=0.005244400 second_order_s=0.009761500 algebra_s=0.036619500 kkt_assembly_s=0.146607300 factor_s=0.191575900 solve_s=0.325513100 update_s=0.080317600 K_nnz=393075 rhs_cols=1021 Vxx_nnz=1040400
FILTERDDP_TIMING iteration=39 barrier_iteration=0 stage=21 derivative_s=0.015137100 first_order_s=0.006052700 second_order_s=0.008709400 algebra_s=0.052926300 kkt_assembly_s=0.145496100 factor_s=0.171554500 solve_s=0.312444200 update_s=0.074808100 K_nnz=393075 rhs_cols=1021 Vxx_nnz=1040400
FILTERDDP_TIMING iteration=39 barrier_iteration=0 stage=20 derivative_s=0.015360700 first_order_s=0.005104900 second_order_s=0.009905200 algebra_s=0.035762400 kkt_assembly_s=0.142167700 factor_s=0.175006700 solve_s=0.305162200 update_s=0.064161600 K_nnz=393075 rhs_cols=1021 Vxx_nnz=1040400
FILTERDDP_TIMING iteration=39 barrier_iteration=0 stage=19 derivative_s=0.026615800 first_order_s=0.005360500 second_order_s=0.020770300 algebra_s=0.036101000 kkt_assembly_s=0.143705000 factor_s=0.195332900 solve_s=0.305235100 update_s=0.067008200 K_nnz=393075 rhs_cols=1021 Vxx_nnz=1040400
FILTERDDP_TIMING iteration=39 barrier_iteration=0 stage=18 derivative_s=0.015140400 first_order_s=0.005265400 second_order_s=0.009544500 algebra_s=0.091195500 kkt_assembly_s=0.155561000 factor_s=0.168689700 solve_s=0.431164000 update_s=0.070259300 K_nnz=393075 rhs_cols=1021 Vxx_nnz=1040400
FILTERDDP_TIMING iteration=39 barrier_iteration=0 stage=17 derivative_s=0.017063900 first_order_s=0.006138300 second_order_s=0.010595600 algebra_s=0.041085500 kkt_assembly_s=0.143017300 factor_s=0.197901400 solve_s=0.309776100 update_s=0.061219100 K_nnz=393075 rhs_cols=1021 Vxx_nnz=1040400
FILTERDDP_TIMING iteration=39 barrier_iteration=0 stage=16 derivative_s=0.015297300 first_order_s=0.005010700 second_order_s=0.009960600 algebra_s=0.037031000 kkt_assembly_s=0.153833000 factor_s=0.173148300 solve_s=0.298827200 update_s=0.071237200 K_nnz=393075 rhs_cols=1021 Vxx_nnz=1040400
FILTERDDP_TIMING iteration=39 barrier_iteration=0 stage=15 derivative_s=0.025844700 first_order_s=0.005150300 second_order_s=0.020351700 algebra_s=0.036224100 kkt_assembly_s=0.163662200 factor_s=0.175377300 solve_s=0.305174700 update_s=0.068150200 K_nnz=393075 rhs_cols=1021 Vxx_nnz=1040400
FILTERDDP_TIMING iteration=39 barrier_iteration=0 stage=14 derivative_s=0.015603800 first_order_s=0.005372200 second_order_s=0.009901300 algebra_s=0.046430300 kkt_assembly_s=0.142799800 factor_s=0.175816200 solve_s=0.345522500 update_s=0.172393000 K_nnz=393075 rhs_cols=1021 Vxx_nnz=1040400
FILTERDDP_TIMING iteration=39 barrier_iteration=0 stage=13 derivative_s=0.015801600 first_order_s=0.007016300 second_order_s=0.008451800 algebra_s=0.036389400 kkt_assembly_s=0.141935600 factor_s=0.187386100 solve_s=0.315095800 update_s=0.064358800 K_nnz=393075 rhs_cols=1021 Vxx_nnz=1040400
FILTERDDP_TIMING iteration=39 barrier_iteration=0 stage=12 derivative_s=0.015035300 first_order_s=0.005171500 second_order_s=0.009546300 algebra_s=0.051555900 kkt_assembly_s=0.144451700 factor_s=0.169758200 solve_s=0.312000200 update_s=0.078218400 K_nnz=393075 rhs_cols=1021 Vxx_nnz=1040400
FILTERDDP_TIMING iteration=39 barrier_iteration=0 stage=11 derivative_s=0.015794200 first_order_s=0.005153700 second_order_s=0.010158100 algebra_s=0.042172300 kkt_assembly_s=0.142779000 factor_s=0.170172900 solve_s=0.302693600 update_s=0.072670200 K_nnz=393075 rhs_cols=1021 Vxx_nnz=1040400
FILTERDDP_TIMING iteration=39 barrier_iteration=0 stage=10 derivative_s=0.015375300 first_order_s=0.005221200 second_order_s=0.009800800 algebra_s=0.037779900 kkt_assembly_s=0.146062500 factor_s=0.180175600 solve_s=0.331943100 update_s=0.069380200 K_nnz=393075 rhs_cols=1021 Vxx_nnz=1040400
FILTERDDP_TIMING iteration=39 barrier_iteration=0 stage=9 derivative_s=0.020069300 first_order_s=0.006738700 second_order_s=0.012726000 algebra_s=0.050948000 kkt_assembly_s=0.147342300 factor_s=0.174761800 solve_s=0.302101100 update_s=0.112874800 K_nnz=393075 rhs_cols=1021 Vxx_nnz=1040400
FILTERDDP_TIMING iteration=39 barrier_iteration=0 stage=8 derivative_s=0.015208700 first_order_s=0.005228800 second_order_s=0.009604200 algebra_s=0.038252700 kkt_assembly_s=0.171466200 factor_s=0.298104800 solve_s=0.306657800 update_s=0.072646900 K_nnz=393075 rhs_cols=1021 Vxx_nnz=1040400
FILTERDDP_TIMING iteration=39 barrier_iteration=0 stage=7 derivative_s=0.025119500 first_order_s=0.005220700 second_order_s=0.019553000 algebra_s=0.039158900 kkt_assembly_s=0.161055700 factor_s=0.179581600 solve_s=0.316848700 update_s=0.075655000 K_nnz=393075 rhs_cols=1021 Vxx_nnz=1040400
FILTERDDP_TIMING iteration=39 barrier_iteration=0 stage=6 derivative_s=0.015820800 first_order_s=0.005905700 second_order_s=0.009524400 algebra_s=0.035731400 kkt_assembly_s=0.151272700 factor_s=0.189183200 solve_s=0.321865300 update_s=0.069073200 K_nnz=393075 rhs_cols=1021 Vxx_nnz=1040400
FILTERDDP_TIMING iteration=39 barrier_iteration=0 stage=5 derivative_s=0.015776000 first_order_s=0.005489600 second_order_s=0.009949900 algebra_s=0.051293400 kkt_assembly_s=0.149086200 factor_s=0.171879500 solve_s=0.305232700 update_s=0.075140600 K_nnz=393075 rhs_cols=1021 Vxx_nnz=1040400
FILTERDDP_TIMING iteration=39 barrier_iteration=0 stage=4 derivative_s=0.015222000 first_order_s=0.005045400 second_order_s=0.009846100 algebra_s=0.036581600 kkt_assembly_s=0.142806700 factor_s=0.175712100 solve_s=0.309654300 update_s=0.063992000 K_nnz=393075 rhs_cols=1021 Vxx_nnz=1040400
FILTERDDP_TIMING iteration=39 barrier_iteration=0 stage=3 derivative_s=0.015496900 first_order_s=0.005252600 second_order_s=0.009884100 algebra_s=0.050398200 kkt_assembly_s=0.148932500 factor_s=0.172465000 solve_s=0.349209400 update_s=0.169008100 K_nnz=393075 rhs_cols=1021 Vxx_nnz=1040400
FILTERDDP_TIMING iteration=39 barrier_iteration=0 stage=2 derivative_s=0.015987100 first_order_s=0.007034600 second_order_s=0.008300400 algebra_s=0.036420500 kkt_assembly_s=0.186917800 factor_s=0.166067900 solve_s=0.307259700 update_s=0.068755300 K_nnz=393075 rhs_cols=1021 Vxx_nnz=1040400
FILTERDDP_TIMING iteration=39 barrier_iteration=0 stage=1 derivative_s=0.022741400 first_order_s=0.005100300 second_order_s=0.017325600 algebra_s=0.035636700 kkt_assembly_s=0.172217600 factor_s=0.176834500 solve_s=0.321350500 update_s=0.071731600 K_nnz=393075 rhs_cols=1021 Vxx_nnz=1040400
FILTERDDP_FEASIBILITY iteration=39 barrier_iteration=0 equality_count=1015272 equality_rms=5.184783148548e-02 equality_max=6.876720699343e-01 equality_worst_stage=1 equality_worst_index=31063 dynamics_count=23460 dynamics_rms=0.000000000000e+00 dynamics_max=0.000000000000e+00 dynamics_worst_stage=0 dynamics_worst_index=0 bound_count=1137768 bound_rms=0.000000000000e+00 bound_max=0.000000000000e+00 bound_worst_stage=0 bound_worst_index=0 bound_worst_kind=none
    39   1.38461480e+06   6.8767e-01   1.3009e+03   1.0000e+00    0.00      -     3.1250e-02   4
FILTERDDP_ITER_TIMING iteration=39 barrier_iteration=0 backward_s=20.861843400 forward_s=1.739729100 total_s=22.601572500 outcome=accepted step_size=3.125000000e-02 backtracks=4 mu=1.000000000e+00
FILTERDDP_TIMING iteration=40 barrier_iteration=0 stage=24 derivative_s=0.038664800 first_order_s=0.006739700 second_order_s=0.031586100 algebra_s=0.056951000 kkt_assembly_s=0.264619100 factor_s=0.167400900 solve_s=0.332230900 update_s=0.071669700 K_nnz=393075 rhs_cols=1021 Vxx_nnz=1040400
FILTERDDP_TIMING iteration=40 barrier_iteration=0 stage=23 derivative_s=0.014991900 first_order_s=0.004962300 second_order_s=0.009709700 algebra_s=0.036479900 kkt_assembly_s=0.190858100 factor_s=0.248919900 solve_s=0.457723500 update_s=0.073151000 K_nnz=393075 rhs_cols=1021 Vxx_nnz=1040400
FILTERDDP_TIMING iteration=40 barrier_iteration=0 stage=22 derivative_s=0.016704700 first_order_s=0.005373500 second_order_s=0.010989000 algebra_s=0.036652700 kkt_assembly_s=0.142843800 factor_s=0.190167100 solve_s=0.324046600 update_s=0.073798100 K_nnz=393075 rhs_cols=1021 Vxx_nnz=1040400
FILTERDDP_TIMING iteration=40 barrier_iteration=0 stage=21 derivative_s=0.016461300 first_order_s=0.005298400 second_order_s=0.010833300 algebra_s=0.053105300 kkt_assembly_s=0.146482700 factor_s=0.177669400 solve_s=0.306930700 update_s=0.073691900 K_nnz=393075 rhs_cols=1021 Vxx_nnz=1040400
FILTERDDP_TIMING iteration=40 barrier_iteration=0 stage=20 derivative_s=0.015842500 first_order_s=0.005306100 second_order_s=0.010190900 algebra_s=0.036402500 kkt_assembly_s=0.142228300 factor_s=0.176254200 solve_s=0.315425300 update_s=0.070161900 K_nnz=393075 rhs_cols=1021 Vxx_nnz=1040400
FILTERDDP_TIMING iteration=40 barrier_iteration=0 stage=19 derivative_s=0.026884200 first_order_s=0.005381500 second_order_s=0.020930700 algebra_s=0.036564900 kkt_assembly_s=0.160309800 factor_s=0.176188500 solve_s=0.323343600 update_s=0.063781300 K_nnz=393075 rhs_cols=1021 Vxx_nnz=1040400
FILTERDDP_TIMING iteration=40 barrier_iteration=0 stage=18 derivative_s=0.014520400 first_order_s=0.005217700 second_order_s=0.008970500 algebra_s=0.082272100 kkt_assembly_s=0.141672300 factor_s=0.167267000 solve_s=0.409289400 update_s=0.068366200 K_nnz=393075 rhs_cols=1021 Vxx_nnz=1040400
FILTERDDP_TIMING iteration=40 barrier_iteration=0 stage=17 derivative_s=0.017348000 first_order_s=0.007242800 second_order_s=0.009690800 algebra_s=0.037949400 kkt_assembly_s=0.144600000 factor_s=0.180150700 solve_s=0.302764700 update_s=0.073176400 K_nnz=393075 rhs_cols=1021 Vxx_nnz=1040400
FILTERDDP_TIMING iteration=40 barrier_iteration=0 stage=16 derivative_s=0.015424400 first_order_s=0.005161700 second_order_s=0.009917900 algebra_s=0.035582400 kkt_assembly_s=0.160624600 factor_s=0.171670600 solve_s=0.304333500 update_s=0.068984200 K_nnz=393075 rhs_cols=1021 Vxx_nnz=1040400
FILTERDDP_TIMING iteration=40 barrier_iteration=0 stage=15 derivative_s=0.029432400 first_order_s=0.005062700 second_order_s=0.024001000 algebra_s=0.036288700 kkt_assembly_s=0.144315700 factor_s=0.176410900 solve_s=0.306762900 update_s=0.067157800 K_nnz=393075 rhs_cols=1021 Vxx_nnz=1040400
FILTERDDP_TIMING iteration=40 barrier_iteration=0 stage=14 derivative_s=0.019012500 first_order_s=0.006793900 second_order_s=0.011748800 algebra_s=0.049308300 kkt_assembly_s=0.145165900 factor_s=0.175181400 solve_s=0.325356000 update_s=0.070276000 K_nnz=393075 rhs_cols=1021 Vxx_nnz=1040400
FILTERDDP_TIMING iteration=40 barrier_iteration=0 stage=13 derivative_s=0.015237100 first_order_s=0.005265400 second_order_s=0.009609600 algebra_s=0.036584100 kkt_assembly_s=0.149921700 factor_s=0.221396300 solve_s=0.405891000 update_s=0.072422000 K_nnz=393075 rhs_cols=1021 Vxx_nnz=1040400
FILTERDDP_TIMING iteration=40 barrier_iteration=0 stage=12 derivative_s=0.015644500 first_order_s=0.005224700 second_order_s=0.010068500 algebra_s=0.039025800 kkt_assembly_s=0.147917400 factor_s=0.203448400 solve_s=0.303258600 update_s=0.073547300 K_nnz=393075 rhs_cols=1021 Vxx_nnz=1040400
FILTERDDP_TIMING iteration=40 barrier_iteration=0 stage=11 derivative_s=0.015716100 first_order_s=0.005516100 second_order_s=0.009861700 algebra_s=0.035431300 kkt_assembly_s=0.143057100 factor_s=0.174049600 solve_s=0.305612800 update_s=0.082155500 K_nnz=393075 rhs_cols=1021 Vxx_nnz=1040400
FILTERDDP_TIMING iteration=40 barrier_iteration=0 stage=10 derivative_s=0.016031400 first_order_s=0.005781600 second_order_s=0.009928400 algebra_s=0.048328400 kkt_assembly_s=0.143057800 factor_s=0.192526400 solve_s=0.299848400 update_s=0.071909500 K_nnz=393075 rhs_cols=1021 Vxx_nnz=1040400
FILTERDDP_TIMING iteration=40 barrier_iteration=0 stage=9 derivative_s=0.015012900 first_order_s=0.005091800 second_order_s=0.009589400 algebra_s=0.036640200 kkt_assembly_s=0.142764600 factor_s=0.199851300 solve_s=0.302471600 update_s=0.065672900 K_nnz=393075 rhs_cols=1021 Vxx_nnz=1040400
FILTERDDP_TIMING iteration=40 barrier_iteration=0 stage=8 derivative_s=0.015434800 first_order_s=0.005207000 second_order_s=0.009909600 algebra_s=0.052701400 kkt_assembly_s=0.144160200 factor_s=0.173796800 solve_s=0.340464700 update_s=0.178489600 K_nnz=393075 rhs_cols=1021 Vxx_nnz=1040400
FILTERDDP_TIMING iteration=40 barrier_iteration=0 stage=7 derivative_s=0.015721800 first_order_s=0.005482900 second_order_s=0.009876600 algebra_s=0.036261200 kkt_assembly_s=0.157891400 factor_s=0.172540800 solve_s=0.320874100 update_s=0.061195700 K_nnz=393075 rhs_cols=1021 Vxx_nnz=1040400
FILTERDDP_TIMING iteration=40 barrier_iteration=0 stage=6 derivative_s=0.015140600 first_order_s=0.005025100 second_order_s=0.009797500 algebra_s=0.044188800 kkt_assembly_s=0.144816200 factor_s=0.215118800 solve_s=0.306416600 update_s=0.066802200 K_nnz=393075 rhs_cols=1021 Vxx_nnz=1040400
FILTERDDP_TIMING iteration=40 barrier_iteration=0 stage=5 derivative_s=0.015507600 first_order_s=0.005169900 second_order_s=0.009931000 algebra_s=0.052809700 kkt_assembly_s=0.142098100 factor_s=0.167555000 solve_s=0.297888200 update_s=0.068273100 K_nnz=393075 rhs_cols=1021 Vxx_nnz=1040400
FILTERDDP_TIMING iteration=40 barrier_iteration=0 stage=4 derivative_s=0.015316800 first_order_s=0.005202600 second_order_s=0.009750300 algebra_s=0.043298800 kkt_assembly_s=0.142497300 factor_s=0.167056600 solve_s=0.311721500 update_s=0.067898400 K_nnz=393075 rhs_cols=1021 Vxx_nnz=1040400
FILTERDDP_TIMING iteration=40 barrier_iteration=0 stage=3 derivative_s=0.025389300 first_order_s=0.005347600 second_order_s=0.019602400 algebra_s=0.059649400 kkt_assembly_s=0.151281700 factor_s=0.208281600 solve_s=0.297943900 update_s=0.158940400 K_nnz=393075 rhs_cols=1021 Vxx_nnz=1040400
FILTERDDP_TIMING iteration=40 barrier_iteration=0 stage=2 derivative_s=0.012707400 first_order_s=0.005508400 second_order_s=0.006857500 algebra_s=0.035617700 kkt_assembly_s=0.142433600 factor_s=0.177987300 solve_s=0.296945100 update_s=0.065262300 K_nnz=393075 rhs_cols=1021 Vxx_nnz=1040400
FILTERDDP_TIMING iteration=40 barrier_iteration=0 stage=1 derivative_s=0.026411300 first_order_s=0.005214300 second_order_s=0.020875100 algebra_s=0.036816800 kkt_assembly_s=0.149460400 factor_s=0.172202100 solve_s=0.313692300 update_s=0.068575800 K_nnz=393075 rhs_cols=1021 Vxx_nnz=1040400
FILTERDDP_FEASIBILITY iteration=40 barrier_iteration=0 equality_count=1015272 equality_rms=5.191698742545e-02 equality_max=6.998160022278e-01 equality_worst_stage=1 equality_worst_index=31063 dynamics_count=23460 dynamics_rms=0.000000000000e+00 dynamics_max=0.000000000000e+00 dynamics_worst_stage=0 dynamics_worst_index=0 bound_count=1137768 bound_rms=0.000000000000e+00 bound_max=0.000000000000e+00 bound_worst_stage=0 bound_worst_index=0 bound_worst_kind=none
  iter     objective        pr_inf       du_inf       cs_inf     lg(μ)   lg(reg)    alpha     ls
    40   1.42563710e+06   6.9982e-01   1.3445e+03   1.0000e+00    0.00      -     3.1250e-02   4
FILTERDDP_ITER_TIMING iteration=40 barrier_iteration=0 backward_s=20.775195400 forward_s=1.698693700 total_s=22.473889100 outcome=accepted step_size=3.125000000e-02 backtracks=4 mu=1.000000000e+00
FILTERDDP_TIMING iteration=41 barrier_iteration=0 stage=24 derivative_s=0.039818200 first_order_s=0.007776400 second_order_s=0.031697200 algebra_s=0.042516900 kkt_assembly_s=0.257245200 factor_s=0.168192700 solve_s=0.324772900 update_s=0.073767100 K_nnz=393075 rhs_cols=1021 Vxx_nnz=1040400
FILTERDDP_TIMING iteration=41 barrier_iteration=0 stage=23 derivative_s=0.015476800 first_order_s=0.005305800 second_order_s=0.009686800 algebra_s=0.035901100 kkt_assembly_s=0.141920400 factor_s=0.219228500 solve_s=0.454607600 update_s=0.066136200 K_nnz=393075 rhs_cols=1021 Vxx_nnz=1040400
FILTERDDP_TIMING iteration=41 barrier_iteration=0 stage=22 derivative_s=0.012534400 first_order_s=0.005158900 second_order_s=0.006992400 algebra_s=0.035296600 kkt_assembly_s=0.144903000 factor_s=0.179354300 solve_s=0.312467700 update_s=0.068814000 K_nnz=393075 rhs_cols=1021 Vxx_nnz=1040400
FILTERDDP_TIMING iteration=41 barrier_iteration=0 stage=21 derivative_s=0.015953400 first_order_s=0.005433300 second_order_s=0.010186100 algebra_s=0.055223400 kkt_assembly_s=0.152491600 factor_s=0.173861900 solve_s=0.319856300 update_s=0.076541600 K_nnz=393075 rhs_cols=1021 Vxx_nnz=1040400
FILTERDDP_TIMING iteration=41 barrier_iteration=0 stage=20 derivative_s=0.015235700 first_order_s=0.005212900 second_order_s=0.009685700 algebra_s=0.037664900 kkt_assembly_s=0.154321500 factor_s=0.188039000 solve_s=0.310806700 update_s=0.069838100 K_nnz=393075 rhs_cols=1021 Vxx_nnz=1040400
FILTERDDP_TIMING iteration=41 barrier_iteration=0 stage=19 derivative_s=0.020959300 first_order_s=0.005104300 second_order_s=0.015483700 algebra_s=0.045841900 kkt_assembly_s=0.146058000 factor_s=0.176832200 solve_s=0.301336300 update_s=0.085868400 K_nnz=393075 rhs_cols=1021 Vxx_nnz=1040400
FILTERDDP_TIMING iteration=41 barrier_iteration=0 stage=18 derivative_s=0.015978600 first_order_s=0.005452600 second_order_s=0.010200000 algebra_s=0.076614400 kkt_assembly_s=0.147957900 factor_s=0.201626500 solve_s=0.401379100 update_s=0.061105000 K_nnz=393075 rhs_cols=1021 Vxx_nnz=1040400
FILTERDDP_TIMING iteration=41 barrier_iteration=0 stage=17 derivative_s=0.016102700 first_order_s=0.005666100 second_order_s=0.010093300 algebra_s=0.040200400 kkt_assembly_s=0.145863000 factor_s=0.189043900 solve_s=0.306926900 update_s=0.064804200 K_nnz=393075 rhs_cols=1021 Vxx_nnz=1040400
FILTERDDP_TIMING iteration=41 barrier_iteration=0 stage=16 derivative_s=0.028008200 first_order_s=0.009512000 second_order_s=0.017349800 algebra_s=0.054109500 kkt_assembly_s=0.169232000 factor_s=0.182129400 solve_s=0.296581200 update_s=0.069566500 K_nnz=393075 rhs_cols=1021 Vxx_nnz=1040400
FILTERDDP_TIMING iteration=41 barrier_iteration=0 stage=15 derivative_s=0.024983800 first_order_s=0.005029000 second_order_s=0.019637700 algebra_s=0.036267500 kkt_assembly_s=0.142960700 factor_s=0.185822800 solve_s=0.315838300 update_s=0.061746200 K_nnz=393075 rhs_cols=1021 Vxx_nnz=1040400
FILTERDDP_TIMING iteration=41 barrier_iteration=0 stage=14 derivative_s=0.015653000 first_order_s=0.005141900 second_order_s=0.010162900 algebra_s=0.055254000 kkt_assembly_s=0.145913500 factor_s=0.171452900 solve_s=0.309531400 update_s=0.073124400 K_nnz=393075 rhs_cols=1021 Vxx_nnz=1040400
FILTERDDP_TIMING iteration=41 barrier_iteration=0 stage=13 derivative_s=0.023258700 first_order_s=0.007813100 second_order_s=0.015070500 algebra_s=0.037299600 kkt_assembly_s=0.146233100 factor_s=0.176416100 solve_s=0.357876600 update_s=0.070025500 K_nnz=393075 rhs_cols=1021 Vxx_nnz=1040400
FILTERDDP_TIMING iteration=41 barrier_iteration=0 stage=12 derivative_s=0.016851200 first_order_s=0.005320400 second_order_s=0.011149400 algebra_s=0.142116300 kkt_assembly_s=0.143490800 factor_s=0.171248300 solve_s=0.317221900 update_s=0.070534400 K_nnz=393075 rhs_cols=1021 Vxx_nnz=1040400
FILTERDDP_TIMING iteration=41 barrier_iteration=0 stage=11 derivative_s=0.014571900 first_order_s=0.005560700 second_order_s=0.008681900 algebra_s=0.036265100 kkt_assembly_s=0.143326800 factor_s=0.181541700 solve_s=0.307078000 update_s=0.065492000 K_nnz=393075 rhs_cols=1021 Vxx_nnz=1040400
FILTERDDP_TIMING iteration=41 barrier_iteration=0 stage=10 derivative_s=0.015880200 first_order_s=0.005371900 second_order_s=0.010155700 algebra_s=0.047211700 kkt_assembly_s=0.161461200 factor_s=0.180546900 solve_s=0.305280300 update_s=0.082059400 K_nnz=393075 rhs_cols=1021 Vxx_nnz=1040400
FILTERDDP_TIMING iteration=41 barrier_iteration=0 stage=9 derivative_s=0.015562600 first_order_s=0.005279400 second_order_s=0.009937400 algebra_s=0.044351200 kkt_assembly_s=0.144263700 factor_s=0.175187900 solve_s=0.310162400 update_s=0.067648600 K_nnz=393075 rhs_cols=1021 Vxx_nnz=1040400
FILTERDDP_TIMING iteration=41 barrier_iteration=0 stage=8 derivative_s=0.024091100 first_order_s=0.005121900 second_order_s=0.018600800 algebra_s=0.037412400 kkt_assembly_s=0.143804900 factor_s=0.175390800 solve_s=0.316265200 update_s=0.070343900 K_nnz=393075 rhs_cols=1021 Vxx_nnz=1040400
FILTERDDP_TIMING iteration=41 barrier_iteration=0 stage=7 derivative_s=0.015518700 first_order_s=0.005519500 second_order_s=0.009656200 algebra_s=0.085986500 kkt_assembly_s=0.143819900 factor_s=0.169801600 solve_s=0.401918500 update_s=0.069818400 K_nnz=393075 rhs_cols=1021 Vxx_nnz=1040400
FILTERDDP_TIMING iteration=41 barrier_iteration=0 stage=6 derivative_s=0.015403400 first_order_s=0.005229100 second_order_s=0.009840700 algebra_s=0.036892900 kkt_assembly_s=0.143946800 factor_s=0.189389300 solve_s=0.320831600 update_s=0.066553100 K_nnz=393075 rhs_cols=1021 Vxx_nnz=1040400
FILTERDDP_TIMING iteration=41 barrier_iteration=0 stage=5 derivative_s=0.015566700 first_order_s=0.005368200 second_order_s=0.009749500 algebra_s=0.047533100 kkt_assembly_s=0.148348100 factor_s=0.192246000 solve_s=0.307631400 update_s=0.071063500 K_nnz=393075 rhs_cols=1021 Vxx_nnz=1040400
FILTERDDP_TIMING iteration=41 barrier_iteration=0 stage=4 derivative_s=0.016352500 first_order_s=0.005440400 second_order_s=0.010377000 algebra_s=0.036441200 kkt_assembly_s=0.144521800 factor_s=0.179557500 solve_s=0.319042900 update_s=0.070161900 K_nnz=393075 rhs_cols=1021 Vxx_nnz=1040400
FILTERDDP_TIMING iteration=41 barrier_iteration=0 stage=3 derivative_s=0.016872700 first_order_s=0.005204800 second_order_s=0.011326400 algebra_s=0.055542900 kkt_assembly_s=0.144716400 factor_s=0.170852200 solve_s=0.303957700 update_s=0.085879000 K_nnz=393075 rhs_cols=1021 Vxx_nnz=1040400
FILTERDDP_TIMING iteration=41 barrier_iteration=0 stage=2 derivative_s=0.015400400 first_order_s=0.005262800 second_order_s=0.009806200 algebra_s=0.036484300 kkt_assembly_s=0.143551700 factor_s=0.240541000 solve_s=0.427899200 update_s=0.063242800 K_nnz=393075 rhs_cols=1021 Vxx_nnz=1040400
FILTERDDP_TIMING iteration=41 barrier_iteration=0 stage=1 derivative_s=0.015677000 first_order_s=0.005269000 second_order_s=0.010069400 algebra_s=0.035648200 kkt_assembly_s=0.155247500 factor_s=0.205206600 solve_s=0.308917500 update_s=0.084410200 K_nnz=393075 rhs_cols=1021 Vxx_nnz=1040400
FILTERDDP_FEASIBILITY iteration=41 barrier_iteration=0 equality_count=1015272 equality_rms=5.189601349266e-02 equality_max=7.099960775556e-01 equality_worst_stage=1 equality_worst_index=31063 dynamics_count=23460 dynamics_rms=0.000000000000e+00 dynamics_max=0.000000000000e+00 dynamics_worst_stage=0 dynamics_worst_index=0 bound_count=1137768 bound_rms=0.000000000000e+00 bound_max=0.000000000000e+00 bound_worst_stage=0 bound_worst_index=0 bound_worst_kind=none
    41   1.46541331e+06   7.1000e-01   1.3846e+03   1.0000e+00    0.00      -     3.1250e-02   4
FILTERDDP_ITER_TIMING iteration=41 barrier_iteration=0 backward_s=20.873390000 forward_s=1.319240600 total_s=22.192630600 outcome=accepted step_size=6.250000000e-02 backtracks=3 mu=1.000000000e+00
FILTERDDP_TIMING iteration=42 barrier_iteration=0 stage=24 derivative_s=0.029322600 first_order_s=0.007408200 second_order_s=0.021461600 algebra_s=0.057902000 kkt_assembly_s=0.269198100 factor_s=0.169173000 solve_s=0.322788300 update_s=0.067795700 K_nnz=393075 rhs_cols=1021 Vxx_nnz=1040400
FILTERDDP_TIMING iteration=42 barrier_iteration=0 stage=23 derivative_s=0.021118000 first_order_s=0.005923900 second_order_s=0.014842200 algebra_s=0.035736800 kkt_assembly_s=0.142395500 factor_s=0.222487000 solve_s=0.468665900 update_s=0.071175100 K_nnz=393075 rhs_cols=1021 Vxx_nnz=1040400
FILTERDDP_TIMING iteration=42 barrier_iteration=0 stage=22 derivative_s=0.015349600 first_order_s=0.005273400 second_order_s=0.009735400 algebra_s=0.037438300 kkt_assembly_s=0.150023800 factor_s=0.192544300 solve_s=0.318619200 update_s=0.066353300 K_nnz=393075 rhs_cols=1021 Vxx_nnz=1040400
FILTERDDP_TIMING iteration=42 barrier_iteration=0 stage=21 derivative_s=0.015741100 first_order_s=0.005237200 second_order_s=0.010135700 algebra_s=0.047065500 kkt_assembly_s=0.144154600 factor_s=0.166881300 solve_s=0.310344100 update_s=0.074737900 K_nnz=393075 rhs_cols=1021 Vxx_nnz=1040400
FILTERDDP_TIMING iteration=42 barrier_iteration=0 stage=20 derivative_s=0.015491900 first_order_s=0.005929300 second_order_s=0.009209700 algebra_s=0.034808600 kkt_assembly_s=0.148674800 factor_s=0.177443800 solve_s=0.311572500 update_s=0.063573900 K_nnz=393075 rhs_cols=1021 Vxx_nnz=1040400
FILTERDDP_TIMING iteration=42 barrier_iteration=0 stage=19 derivative_s=0.028936800 first_order_s=0.006611600 second_order_s=0.021822700 algebra_s=0.035826500 kkt_assembly_s=0.146141900 factor_s=0.179528100 solve_s=0.294832000 update_s=0.081231600 K_nnz=393075 rhs_cols=1021 Vxx_nnz=1040400
FILTERDDP_TIMING iteration=42 barrier_iteration=0 stage=18 derivative_s=0.015644900 first_order_s=0.005435100 second_order_s=0.009855100 algebra_s=0.083131900 kkt_assembly_s=0.144504900 factor_s=0.170687900 solve_s=0.397840800 update_s=0.064525700 K_nnz=393075 rhs_cols=1021 Vxx_nnz=1040400
FILTERDDP_TIMING iteration=42 barrier_iteration=0 stage=17 derivative_s=0.019550600 first_order_s=0.005452500 second_order_s=0.013691600 algebra_s=0.036055400 kkt_assembly_s=0.144514700 factor_s=0.179130200 solve_s=0.297992000 update_s=0.073224900 K_nnz=393075 rhs_cols=1021 Vxx_nnz=1040400
FILTERDDP_TIMING iteration=42 barrier_iteration=0 stage=16 derivative_s=0.015357300 first_order_s=0.005264600 second_order_s=0.009775700 algebra_s=0.035846900 kkt_assembly_s=0.143585400 factor_s=0.175708700 solve_s=0.314766500 update_s=0.065401400 K_nnz=393075 rhs_cols=1021 Vxx_nnz=1040400
FILTERDDP_TIMING iteration=42 barrier_iteration=0 stage=15 derivative_s=0.017340100 first_order_s=0.006104000 second_order_s=0.010879500 algebra_s=0.048425500 kkt_assembly_s=0.141931700 factor_s=0.165539000 solve_s=0.309878000 update_s=0.072449600 K_nnz=393075 rhs_cols=1021 Vxx_nnz=1040400
FILTERDDP_TIMING iteration=42 barrier_iteration=0 stage=14 derivative_s=0.015211700 first_order_s=0.005071000 second_order_s=0.009801300 algebra_s=0.036007100 kkt_assembly_s=0.143167700 factor_s=0.173386300 solve_s=0.305469400 update_s=0.065318700 K_nnz=393075 rhs_cols=1021 Vxx_nnz=1040400
FILTERDDP_TIMING iteration=42 barrier_iteration=0 stage=13 derivative_s=0.015475500 first_order_s=0.005433300 second_order_s=0.009697400 algebra_s=0.044957600 kkt_assembly_s=0.141440900 factor_s=0.173583400 solve_s=0.322151000 update_s=0.114723600 K_nnz=393075 rhs_cols=1021 Vxx_nnz=1040400
FILTERDDP_TIMING iteration=42 barrier_iteration=0 stage=12 derivative_s=0.015395500 first_order_s=0.005209000 second_order_s=0.009806500 algebra_s=0.141397700 kkt_assembly_s=0.144342200 factor_s=0.168231400 solve_s=0.300073100 update_s=0.078354600 K_nnz=393075 rhs_cols=1021 Vxx_nnz=1040400
FILTERDDP_TIMING iteration=42 barrier_iteration=0 stage=11 derivative_s=0.015690400 first_order_s=0.005198900 second_order_s=0.010149600 algebra_s=0.035532200 kkt_assembly_s=0.165234700 factor_s=0.181725700 solve_s=0.321322600 update_s=0.076621500 K_nnz=393075 rhs_cols=1021 Vxx_nnz=1040400
FILTERDDP_TIMING iteration=42 barrier_iteration=0 stage=10 derivative_s=0.016610400 first_order_s=0.005294700 second_order_s=0.010994900 algebra_s=0.047902500 kkt_assembly_s=0.141729100 factor_s=0.177810400 solve_s=0.308451300 update_s=0.074475400 K_nnz=393075 rhs_cols=1021 Vxx_nnz=1040400
FILTERDDP_TIMING iteration=42 barrier_iteration=0 stage=9 derivative_s=0.015552400 first_order_s=0.005396000 second_order_s=0.009791200 algebra_s=0.042205700 kkt_assembly_s=0.142358200 factor_s=0.164059200 solve_s=0.308573700 update_s=0.065363500 K_nnz=393075 rhs_cols=1021 Vxx_nnz=1040400
FILTERDDP_TIMING iteration=42 barrier_iteration=0 stage=8 derivative_s=0.030754100 first_order_s=0.007469700 second_order_s=0.022934500 algebra_s=0.038566600 kkt_assembly_s=0.165001200 factor_s=0.186068300 solve_s=0.328143500 update_s=0.075584200 K_nnz=393075 rhs_cols=1021 Vxx_nnz=1040400
FILTERDDP_TIMING iteration=42 barrier_iteration=0 stage=7 derivative_s=0.013599100 first_order_s=0.005838000 second_order_s=0.007409500 algebra_s=0.088654000 kkt_assembly_s=0.146695100 factor_s=0.169414800 solve_s=0.413278400 update_s=0.065250400 K_nnz=393075 rhs_cols=1021 Vxx_nnz=1040400
FILTERDDP_TIMING iteration=42 barrier_iteration=0 stage=6 derivative_s=0.015146300 first_order_s=0.005105300 second_order_s=0.009722500 algebra_s=0.036356600 kkt_assembly_s=0.142996800 factor_s=0.181004600 solve_s=0.308918500 update_s=0.074115100 K_nnz=393075 rhs_cols=1021 Vxx_nnz=1040400
FILTERDDP_TIMING iteration=42 barrier_iteration=0 stage=5 derivative_s=0.015433400 first_order_s=0.005311300 second_order_s=0.009772400 algebra_s=0.048301300 kkt_assembly_s=0.150499600 factor_s=0.176047400 solve_s=0.302376800 update_s=0.076909700 K_nnz=393075 rhs_cols=1021 Vxx_nnz=1040400
FILTERDDP_TIMING iteration=42 barrier_iteration=0 stage=4 derivative_s=0.016620400 first_order_s=0.005753100 second_order_s=0.010456600 algebra_s=0.037612300 kkt_assembly_s=0.147135500 factor_s=0.178894000 solve_s=0.310510400 update_s=0.067112800 K_nnz=393075 rhs_cols=1021 Vxx_nnz=1040400
FILTERDDP_TIMING iteration=42 barrier_iteration=0 stage=3 derivative_s=0.015438500 first_order_s=0.005137500 second_order_s=0.009982700 algebra_s=0.047369500 kkt_assembly_s=0.142529500 factor_s=0.173823200 solve_s=0.316845800 update_s=0.085494500 K_nnz=393075 rhs_cols=1021 Vxx_nnz=1040400
FILTERDDP_TIMING iteration=42 barrier_iteration=0 stage=2 derivative_s=0.017493600 first_order_s=0.005394100 second_order_s=0.011725300 algebra_s=0.042772000 kkt_assembly_s=0.140192400 factor_s=0.170198700 solve_s=0.349493000 update_s=0.067375700 K_nnz=393075 rhs_cols=1021 Vxx_nnz=1040400
FILTERDDP_TIMING iteration=42 barrier_iteration=0 stage=1 derivative_s=0.015939100 first_order_s=0.005396600 second_order_s=0.010214000 algebra_s=0.152554300 kkt_assembly_s=0.151582200 factor_s=0.182730600 solve_s=0.337729600 update_s=0.080486300 K_nnz=393075 rhs_cols=1021 Vxx_nnz=1040400
FILTERDDP_FEASIBILITY iteration=42 barrier_iteration=0 equality_count=1015272 equality_rms=5.477576532025e-02 equality_max=7.877437186784e-01 equality_worst_stage=1 equality_worst_index=31063 dynamics_count=23460 dynamics_rms=0.000000000000e+00 dynamics_max=0.000000000000e+00 dynamics_worst_stage=0 dynamics_worst_index=0 bound_count=1137768 bound_rms=0.000000000000e+00 bound_max=0.000000000000e+00 bound_worst_stage=0 bound_worst_index=0 bound_worst_kind=none
    42   1.54255272e+06   7.8774e-01   1.4525e+03   1.0000e+00    0.00      -     6.2500e-02   3
FILTERDDP_ITER_TIMING iteration=42 barrier_iteration=0 backward_s=20.759759000 forward_s=1.107458900 total_s=21.867217900 outcome=accepted step_size=6.250000000e-02 backtracks=3 mu=1.000000000e+00
FILTERDDP_TIMING iteration=43 barrier_iteration=0 stage=24 derivative_s=0.018209400 first_order_s=0.005279200 second_order_s=0.012586600 algebra_s=0.054606200 kkt_assembly_s=0.315213700 factor_s=0.183659900 solve_s=0.340185000 update_s=0.077645800 K_nnz=393075 rhs_cols=1021 Vxx_nnz=1040400
FILTERDDP_TIMING iteration=43 barrier_iteration=0 stage=23 derivative_s=0.015692400 first_order_s=0.005593000 second_order_s=0.009762900 algebra_s=0.037594600 kkt_assembly_s=0.142738700 factor_s=0.221158800 solve_s=0.489038400 update_s=0.065749200 K_nnz=393075 rhs_cols=1021 Vxx_nnz=1040400
FILTERDDP_TIMING iteration=43 barrier_iteration=0 stage=22 derivative_s=0.016165100 first_order_s=0.005387600 second_order_s=0.010446000 algebra_s=0.037776100 kkt_assembly_s=0.146058000 factor_s=0.179094100 solve_s=0.311563300 update_s=0.068915100 K_nnz=393075 rhs_cols=1021 Vxx_nnz=1040400
FILTERDDP_TIMING iteration=43 barrier_iteration=0 stage=21 derivative_s=0.014941000 first_order_s=0.005037000 second_order_s=0.009585200 algebra_s=0.060378700 kkt_assembly_s=0.150048100 factor_s=0.186282300 solve_s=0.300222800 update_s=0.076578500 K_nnz=393075 rhs_cols=1021 Vxx_nnz=1040400
FILTERDDP_TIMING iteration=43 barrier_iteration=0 stage=20 derivative_s=0.017979900 first_order_s=0.005302100 second_order_s=0.012330700 algebra_s=0.034998500 kkt_assembly_s=0.143258900 factor_s=0.175496800 solve_s=0.316171700 update_s=0.064537800 K_nnz=393075 rhs_cols=1021 Vxx_nnz=1040400
FILTERDDP_TIMING iteration=43 barrier_iteration=0 stage=19 derivative_s=0.017516700 first_order_s=0.005641500 second_order_s=0.011532400 algebra_s=0.050443800 kkt_assembly_s=0.146551900 factor_s=0.167618400 solve_s=0.298639500 update_s=0.104304300 K_nnz=393075 rhs_cols=1021 Vxx_nnz=1040400
FILTERDDP_TIMING iteration=43 barrier_iteration=0 stage=18 derivative_s=0.017708700 first_order_s=0.005704600 second_order_s=0.011625600 algebra_s=0.036149800 kkt_assembly_s=0.143440900 factor_s=0.301713300 solve_s=0.302422800 update_s=0.073125800 K_nnz=393075 rhs_cols=1021 Vxx_nnz=1040400
FILTERDDP_TIMING iteration=43 barrier_iteration=0 stage=17 derivative_s=0.016639300 first_order_s=0.005287300 second_order_s=0.011007200 algebra_s=0.046724600 kkt_assembly_s=0.143963800 factor_s=0.177717900 solve_s=0.305454200 update_s=0.067136500 K_nnz=393075 rhs_cols=1021 Vxx_nnz=1040400
FILTERDDP_TIMING iteration=43 barrier_iteration=0 stage=16 derivative_s=0.023601200 first_order_s=0.016308300 second_order_s=0.006958000 algebra_s=0.036887400 kkt_assembly_s=0.144337400 factor_s=0.176775600 solve_s=0.317947500 update_s=0.064303400 K_nnz=393075 rhs_cols=1021 Vxx_nnz=1040400
FILTERDDP_TIMING iteration=43 barrier_iteration=0 stage=15 derivative_s=0.025842400 first_order_s=0.008885300 second_order_s=0.016290400 algebra_s=0.057017900 kkt_assembly_s=0.149429900 factor_s=0.181942900 solve_s=0.309828200 update_s=0.084625800 K_nnz=393075 rhs_cols=1021 Vxx_nnz=1040400
FILTERDDP_TIMING iteration=43 barrier_iteration=0 stage=14 derivative_s=0.012877500 first_order_s=0.005426900 second_order_s=0.007097200 algebra_s=0.050027900 kkt_assembly_s=0.192679900 factor_s=0.191968900 solve_s=0.311897800 update_s=0.075012000 K_nnz=393075 rhs_cols=1021 Vxx_nnz=1040400
FILTERDDP_TIMING iteration=43 barrier_iteration=0 stage=13 derivative_s=0.017153900 first_order_s=0.005144800 second_order_s=0.011664600 algebra_s=0.046253100 kkt_assembly_s=0.142394600 factor_s=0.211494600 solve_s=0.301832800 update_s=0.174165400 K_nnz=393075 rhs_cols=1021 Vxx_nnz=1040400
FILTERDDP_TIMING iteration=43 barrier_iteration=0 stage=12 derivative_s=0.015939400 first_order_s=0.005542000 second_order_s=0.010047200 algebra_s=0.034621400 kkt_assembly_s=0.170982000 factor_s=0.188181900 solve_s=0.308552100 update_s=0.072148400 K_nnz=393075 rhs_cols=1021 Vxx_nnz=1040400
FILTERDDP_TIMING iteration=43 barrier_iteration=0 stage=11 derivative_s=0.024820400 first_order_s=0.014498400 second_order_s=0.009979900 algebra_s=0.035879700 kkt_assembly_s=0.147712000 factor_s=0.197287600 solve_s=0.313490400 update_s=0.068090600 K_nnz=393075 rhs_cols=1021 Vxx_nnz=1040400
FILTERDDP_TIMING iteration=43 barrier_iteration=0 stage=10 derivative_s=0.015767700 first_order_s=0.005257700 second_order_s=0.010172600 algebra_s=0.047104400 kkt_assembly_s=0.142617900 factor_s=0.174668200 solve_s=0.307274000 update_s=0.074513300 K_nnz=393075 rhs_cols=1021 Vxx_nnz=1040400
FILTERDDP_TIMING iteration=43 barrier_iteration=0 stage=9 derivative_s=0.014528400 first_order_s=0.005290800 second_order_s=0.008892600 algebra_s=0.035468300 kkt_assembly_s=0.144658400 factor_s=0.180455700 solve_s=0.314569100 update_s=0.067727400 K_nnz=393075 rhs_cols=1021 Vxx_nnz=1040400
FILTERDDP_TIMING iteration=43 barrier_iteration=0 stage=8 derivative_s=0.023816200 first_order_s=0.005124900 second_order_s=0.018337600 algebra_s=0.036242700 kkt_assembly_s=0.143203000 factor_s=0.181284700 solve_s=0.356483100 update_s=0.071289400 K_nnz=393075 rhs_cols=1021 Vxx_nnz=1040400
FILTERDDP_TIMING iteration=43 barrier_iteration=0 stage=7 derivative_s=0.015841700 first_order_s=0.005351700 second_order_s=0.010145200 algebra_s=0.145913700 kkt_assembly_s=0.143210800 factor_s=0.167185600 solve_s=0.307967600 update_s=0.083681400 K_nnz=393075 rhs_cols=1021 Vxx_nnz=1040400
FILTERDDP_TIMING iteration=43 barrier_iteration=0 stage=6 derivative_s=0.015215400 first_order_s=0.005144900 second_order_s=0.009730700 algebra_s=0.036051800 kkt_assembly_s=0.146380400 factor_s=0.175513600 solve_s=0.324676700 update_s=0.073044200 K_nnz=393075 rhs_cols=1021 Vxx_nnz=1040400
FILTERDDP_TIMING iteration=43 barrier_iteration=0 stage=5 derivative_s=0.017000400 first_order_s=0.005209600 second_order_s=0.011446000 algebra_s=0.055426500 kkt_assembly_s=0.148351100 factor_s=0.203696900 solve_s=0.308640800 update_s=0.073186300 K_nnz=393075 rhs_cols=1021 Vxx_nnz=1040400
FILTERDDP_TIMING iteration=43 barrier_iteration=0 stage=4 derivative_s=0.015287800 first_order_s=0.005251200 second_order_s=0.009685000 algebra_s=0.042460800 kkt_assembly_s=0.142937100 factor_s=0.167333400 solve_s=0.307746000 update_s=0.068460400 K_nnz=393075 rhs_cols=1021 Vxx_nnz=1040400
FILTERDDP_TIMING iteration=43 barrier_iteration=0 stage=3 derivative_s=0.023941800 first_order_s=0.005232900 second_order_s=0.018334600 algebra_s=0.035764400 kkt_assembly_s=0.144666900 factor_s=0.177720800 solve_s=0.314728700 update_s=0.062697400 K_nnz=393075 rhs_cols=1021 Vxx_nnz=1040400
FILTERDDP_TIMING iteration=43 barrier_iteration=0 stage=2 derivative_s=0.015574800 first_order_s=0.005245100 second_order_s=0.009988400 algebra_s=0.082269400 kkt_assembly_s=0.144769200 factor_s=0.174248300 solve_s=0.414530900 update_s=0.064507100 K_nnz=393075 rhs_cols=1021 Vxx_nnz=1040400
FILTERDDP_TIMING iteration=43 barrier_iteration=0 stage=1 derivative_s=0.015629000 first_order_s=0.005263200 second_order_s=0.010024900 algebra_s=0.035802600 kkt_assembly_s=0.141689400 factor_s=0.179861200 solve_s=0.314927400 update_s=0.070432700 K_nnz=393075 rhs_cols=1021 Vxx_nnz=1040400
FILTERDDP_FEASIBILITY iteration=43 barrier_iteration=0 equality_count=1015272 equality_rms=5.686793364395e-02 equality_max=8.491283468888e-01 equality_worst_stage=1 equality_worst_index=31063 dynamics_count=23460 dynamics_rms=0.000000000000e+00 dynamics_max=0.000000000000e+00 dynamics_worst_stage=0 dynamics_worst_index=0 bound_count=1137768 bound_rms=0.000000000000e+00 bound_max=0.000000000000e+00 bound_worst_stage=0 bound_worst_index=0 bound_worst_kind=none
    43   1.61499462e+06   8.4913e-01   1.5070e+03   1.0000e+00    0.00      -     6.2500e-02   3
FILTERDDP_ITER_TIMING iteration=43 barrier_iteration=0 backward_s=20.941203100 forward_s=1.343069200 total_s=22.284272300 outcome=accepted step_size=6.250000000e-02 backtracks=3 mu=1.000000000e+00
FILTERDDP_TIMING iteration=44 barrier_iteration=0 stage=24 derivative_s=0.034409500 first_order_s=0.008481500 second_order_s=0.025505100 algebra_s=0.066607400 kkt_assembly_s=0.258203800 factor_s=0.168273500 solve_s=0.318733600 update_s=0.065823100 K_nnz=393075 rhs_cols=1021 Vxx_nnz=1040400
FILTERDDP_TIMING iteration=44 barrier_iteration=0 stage=23 derivative_s=0.015530500 first_order_s=0.005171800 second_order_s=0.009978900 algebra_s=0.036533400 kkt_assembly_s=0.142438800 factor_s=0.222241200 solve_s=0.461177800 update_s=0.074985400 K_nnz=393075 rhs_cols=1021 Vxx_nnz=1040400
FILTERDDP_TIMING iteration=44 barrier_iteration=0 stage=22 derivative_s=0.014892300 first_order_s=0.005242300 second_order_s=0.009331000 algebra_s=0.035890800 kkt_assembly_s=0.145833100 factor_s=0.185549600 solve_s=0.327890500 update_s=0.067120400 K_nnz=393075 rhs_cols=1021 Vxx_nnz=1040400
FILTERDDP_TIMING iteration=44 barrier_iteration=0 stage=21 derivative_s=0.013115800 first_order_s=0.005488900 second_order_s=0.007276400 algebra_s=0.048730600 kkt_assembly_s=0.154255900 factor_s=0.177245300 solve_s=0.307465100 update_s=0.080928100 K_nnz=393075 rhs_cols=1021 Vxx_nnz=1040400
FILTERDDP_TIMING iteration=44 barrier_iteration=0 stage=20 derivative_s=0.015458500 first_order_s=0.005518700 second_order_s=0.009614400 algebra_s=0.035888000 kkt_assembly_s=0.147638100 factor_s=0.173419600 solve_s=0.310369600 update_s=0.070112800 K_nnz=393075 rhs_cols=1021 Vxx_nnz=1040400
FILTERDDP_TIMING iteration=44 barrier_iteration=0 stage=19 derivative_s=0.015414400 first_order_s=0.005346700 second_order_s=0.009718200 algebra_s=0.044926500 kkt_assembly_s=0.141617200 factor_s=0.176401400 solve_s=0.303150500 update_s=0.111976200 K_nnz=393075 rhs_cols=1021 Vxx_nnz=1040400
FILTERDDP_TIMING iteration=44 barrier_iteration=0 stage=18 derivative_s=0.016755700 first_order_s=0.005240300 second_order_s=0.011182600 algebra_s=0.143095600 kkt_assembly_s=0.148788400 factor_s=0.173903800 solve_s=0.311536800 update_s=0.071426500 K_nnz=393075 rhs_cols=1021 Vxx_nnz=1040400
FILTERDDP_TIMING iteration=44 barrier_iteration=0 stage=17 derivative_s=0.022616300 first_order_s=0.015806800 second_order_s=0.006484600 algebra_s=0.035531100 kkt_assembly_s=0.142713700 factor_s=0.178494900 solve_s=0.299655200 update_s=0.072522400 K_nnz=393075 rhs_cols=1021 Vxx_nnz=1040400
FILTERDDP_TIMING iteration=44 barrier_iteration=0 stage=16 derivative_s=0.015746900 first_order_s=0.005135000 second_order_s=0.010284100 algebra_s=0.045687800 kkt_assembly_s=0.141126800 factor_s=0.169550800 solve_s=0.300767300 update_s=0.072292900 K_nnz=393075 rhs_cols=1021 Vxx_nnz=1040400
FILTERDDP_TIMING iteration=44 barrier_iteration=0 stage=15 derivative_s=0.015109700 first_order_s=0.005135300 second_order_s=0.009657000 algebra_s=0.036211300 kkt_assembly_s=0.143928100 factor_s=0.173355200 solve_s=0.314948800 update_s=0.074026400 K_nnz=393075 rhs_cols=1021 Vxx_nnz=1040400
FILTERDDP_TIMING iteration=44 barrier_iteration=0 stage=14 derivative_s=0.018509600 first_order_s=0.005463900 second_order_s=0.012700700 algebra_s=0.050523500 kkt_assembly_s=0.143811500 factor_s=0.168546500 solve_s=0.305578400 update_s=0.073552100 K_nnz=393075 rhs_cols=1021 Vxx_nnz=1040400
FILTERDDP_TIMING iteration=44 barrier_iteration=0 stage=13 derivative_s=0.015365900 first_order_s=0.005101700 second_order_s=0.009923300 algebra_s=0.036219100 kkt_assembly_s=0.160259300 factor_s=0.181100000 solve_s=0.348924000 update_s=0.064671100 K_nnz=393075 rhs_cols=1021 Vxx_nnz=1040400
FILTERDDP_TIMING iteration=44 barrier_iteration=0 stage=12 derivative_s=0.021108500 first_order_s=0.007510500 second_order_s=0.013153500 algebra_s=0.151367300 kkt_assembly_s=0.157892300 factor_s=0.177289500 solve_s=0.313321500 update_s=0.072933800 K_nnz=393075 rhs_cols=1021 Vxx_nnz=1040400
FILTERDDP_TIMING iteration=44 barrier_iteration=0 stage=11 derivative_s=0.015456100 first_order_s=0.005553800 second_order_s=0.009584900 algebra_s=0.037540500 kkt_assembly_s=0.149457000 factor_s=0.179766800 solve_s=0.305934100 update_s=0.066695000 K_nnz=393075 rhs_cols=1021 Vxx_nnz=1040400
FILTERDDP_TIMING iteration=44 barrier_iteration=0 stage=10 derivative_s=0.016503900 first_order_s=0.005258700 second_order_s=0.010905600 algebra_s=0.051884100 kkt_assembly_s=0.143596300 factor_s=0.174244400 solve_s=0.323472600 update_s=0.075720100 K_nnz=393075 rhs_cols=1021 Vxx_nnz=1040400
FILTERDDP_TIMING iteration=44 barrier_iteration=0 stage=9 derivative_s=0.016902600 first_order_s=0.005197600 second_order_s=0.011362000 algebra_s=0.042746400 kkt_assembly_s=0.144254000 factor_s=0.165827400 solve_s=0.306082700 update_s=0.061557300 K_nnz=393075 rhs_cols=1021 Vxx_nnz=1040400
FILTERDDP_TIMING iteration=44 barrier_iteration=0 stage=8 derivative_s=0.027990500 first_order_s=0.005305100 second_order_s=0.022346300 algebra_s=0.035938900 kkt_assembly_s=0.145499000 factor_s=0.175135700 solve_s=0.325595500 update_s=0.068010100 K_nnz=393075 rhs_cols=1021 Vxx_nnz=1040400
FILTERDDP_TIMING iteration=44 barrier_iteration=0 stage=7 derivative_s=0.016358600 first_order_s=0.005392200 second_order_s=0.010646100 algebra_s=0.086708800 kkt_assembly_s=0.145129500 factor_s=0.171979400 solve_s=0.400402100 update_s=0.075450200 K_nnz=393075 rhs_cols=1021 Vxx_nnz=1040400
FILTERDDP_TIMING iteration=44 barrier_iteration=0 stage=6 derivative_s=0.015635500 first_order_s=0.005295200 second_order_s=0.010006800 algebra_s=0.035935500 kkt_assembly_s=0.151445500 factor_s=0.181307800 solve_s=0.322417100 update_s=0.075346200 K_nnz=393075 rhs_cols=1021 Vxx_nnz=1040400
FILTERDDP_TIMING iteration=44 barrier_iteration=0 stage=5 derivative_s=0.014766200 first_order_s=0.005443900 second_order_s=0.008960100 algebra_s=0.047033200 kkt_assembly_s=0.142272400 factor_s=0.166189200 solve_s=0.304377300 update_s=0.077220300 K_nnz=393075 rhs_cols=1021 Vxx_nnz=1040400
FILTERDDP_TIMING iteration=44 barrier_iteration=0 stage=4 derivative_s=0.015919200 first_order_s=0.005415700 second_order_s=0.010171200 algebra_s=0.035452600 kkt_assembly_s=0.146790400 factor_s=0.175443600 solve_s=0.321057900 update_s=0.073820900 K_nnz=393075 rhs_cols=1021 Vxx_nnz=1040400
FILTERDDP_TIMING iteration=44 barrier_iteration=0 stage=3 derivative_s=0.016526300 first_order_s=0.006378100 second_order_s=0.009800000 algebra_s=0.053835800 kkt_assembly_s=0.143625100 factor_s=0.172209800 solve_s=0.325452300 update_s=0.079406800 K_nnz=393075 rhs_cols=1021 Vxx_nnz=1040400
FILTERDDP_TIMING iteration=44 barrier_iteration=0 stage=2 derivative_s=0.015597600 first_order_s=0.005340600 second_order_s=0.009891400 algebra_s=0.039353500 kkt_assembly_s=0.145221100 factor_s=0.225200900 solve_s=0.406678600 update_s=0.065146500 K_nnz=393075 rhs_cols=1021 Vxx_nnz=1040400
FILTERDDP_TIMING iteration=44 barrier_iteration=0 stage=1 derivative_s=0.014989300 first_order_s=0.005156200 second_order_s=0.009503500 algebra_s=0.036013800 kkt_assembly_s=0.142674000 factor_s=0.177386500 solve_s=0.301469200 update_s=0.077516000 K_nnz=393075 rhs_cols=1021 Vxx_nnz=1040400
FILTERDDP_FEASIBILITY iteration=44 barrier_iteration=0 equality_count=1015272 equality_rms=5.825514373992e-02 equality_max=8.962049916712e-01 equality_worst_stage=1 equality_worst_index=31063 dynamics_count=23460 dynamics_rms=0.000000000000e+00 dynamics_max=0.000000000000e+00 dynamics_worst_stage=0 dynamics_worst_index=0 bound_count=1137768 bound_rms=0.000000000000e+00 bound_max=0.000000000000e+00 bound_worst_stage=0 bound_worst_index=0 bound_worst_kind=none
    44   1.68302214e+06   8.9620e-01   1.5485e+03   1.0000e+00    0.00      -     6.2500e-02   3
FILTERDDP_ITER_TIMING iteration=44 barrier_iteration=0 backward_s=20.708657200 forward_s=0.948779100 total_s=21.657436300 outcome=accepted step_size=1.250000000e-01 backtracks=2 mu=1.000000000e+00
FILTERDDP_TIMING iteration=45 barrier_iteration=0 stage=24 derivative_s=0.016341400 first_order_s=0.004996200 second_order_s=0.011031700 algebra_s=0.058303500 kkt_assembly_s=0.271581800 factor_s=0.183327200 solve_s=0.313699400 update_s=0.069534200 K_nnz=393075 rhs_cols=1021 Vxx_nnz=1040400
FILTERDDP_TIMING iteration=45 barrier_iteration=0 stage=23 derivative_s=0.016356900 first_order_s=0.005598500 second_order_s=0.010394100 algebra_s=0.040551400 kkt_assembly_s=0.143748500 factor_s=0.220324100 solve_s=0.446561700 update_s=0.066786900 K_nnz=393075 rhs_cols=1021 Vxx_nnz=1040400
FILTERDDP_TIMING iteration=45 barrier_iteration=0 stage=22 derivative_s=0.015270700 first_order_s=0.005234100 second_order_s=0.009710800 algebra_s=0.038747000 kkt_assembly_s=0.146833300 factor_s=0.178959700 solve_s=0.328174800 update_s=0.068810100 K_nnz=393075 rhs_cols=1021 Vxx_nnz=1040400
FILTERDDP_TIMING iteration=45 barrier_iteration=0 stage=21 derivative_s=0.015926600 first_order_s=0.005866500 second_order_s=0.009723500 algebra_s=0.061941100 kkt_assembly_s=0.155442500 factor_s=0.195651900 solve_s=0.316606600 update_s=0.073541700 K_nnz=393075 rhs_cols=1021 Vxx_nnz=1040400
FILTERDDP_TIMING iteration=45 barrier_iteration=0 stage=20 derivative_s=0.015464700 first_order_s=0.005206800 second_order_s=0.009938900 algebra_s=0.035737900 kkt_assembly_s=0.143586100 factor_s=0.181367600 solve_s=0.308003000 update_s=0.063376900 K_nnz=393075 rhs_cols=1021 Vxx_nnz=1040400
FILTERDDP_TIMING iteration=45 barrier_iteration=0 stage=19 derivative_s=0.023872500 first_order_s=0.005571100 second_order_s=0.017968100 algebra_s=0.037137800 kkt_assembly_s=0.141447500 factor_s=0.174111400 solve_s=0.318563800 update_s=0.066842000 K_nnz=393075 rhs_cols=1021 Vxx_nnz=1040400
FILTERDDP_TIMING iteration=45 barrier_iteration=0 stage=18 derivative_s=0.015416700 first_order_s=0.005137800 second_order_s=0.009960800 algebra_s=0.085479100 kkt_assembly_s=0.150015900 factor_s=0.175931700 solve_s=0.385538200 update_s=0.068835500 K_nnz=393075 rhs_cols=1021 Vxx_nnz=1040400
FILTERDDP_TIMING iteration=45 barrier_iteration=0 stage=17 derivative_s=0.015307500 first_order_s=0.005264800 second_order_s=0.009702500 algebra_s=0.036256200 kkt_assembly_s=0.156310800 factor_s=0.177699400 solve_s=0.315742800 update_s=0.072796200 K_nnz=393075 rhs_cols=1021 Vxx_nnz=1040400
FILTERDDP_TIMING iteration=45 barrier_iteration=0 stage=16 derivative_s=0.015369800 first_order_s=0.005327800 second_order_s=0.009711500 algebra_s=0.047212900 kkt_assembly_s=0.142980500 factor_s=0.170355900 solve_s=0.303102500 update_s=0.074105000 K_nnz=393075 rhs_cols=1021 Vxx_nnz=1040400
FILTERDDP_TIMING iteration=45 barrier_iteration=0 stage=15 derivative_s=0.015088900 first_order_s=0.005256800 second_order_s=0.009508000 algebra_s=0.036708700 kkt_assembly_s=0.142050900 factor_s=0.177644200 solve_s=0.329430700 update_s=0.066574600 K_nnz=393075 rhs_cols=1021 Vxx_nnz=1040400
FILTERDDP_TIMING iteration=45 barrier_iteration=0 stage=14 derivative_s=0.015205300 first_order_s=0.005071700 second_order_s=0.009811700 algebra_s=0.045948600 kkt_assembly_s=0.143167700 factor_s=0.167418900 solve_s=0.313712100 update_s=0.077683300 K_nnz=393075 rhs_cols=1021 Vxx_nnz=1040400
FILTERDDP_TIMING iteration=45 barrier_iteration=0 stage=13 derivative_s=0.015092500 first_order_s=0.005207500 second_order_s=0.009546100 algebra_s=0.035415900 kkt_assembly_s=0.146561000 factor_s=0.177746200 solve_s=0.353427900 update_s=0.065794200 K_nnz=393075 rhs_cols=1021 Vxx_nnz=1040400
FILTERDDP_TIMING iteration=45 barrier_iteration=0 stage=12 derivative_s=0.013212700 first_order_s=0.005501100 second_order_s=0.007393000 algebra_s=0.172697700 kkt_assembly_s=0.144473800 factor_s=0.170449700 solve_s=0.296760500 update_s=0.082319800 K_nnz=393075 rhs_cols=1021 Vxx_nnz=1040400
FILTERDDP_TIMING iteration=45 barrier_iteration=0 stage=11 derivative_s=0.016430600 first_order_s=0.005449300 second_order_s=0.010462800 algebra_s=0.040351500 kkt_assembly_s=0.149557500 factor_s=0.175422800 solve_s=0.315535700 update_s=0.068073300 K_nnz=393075 rhs_cols=1021 Vxx_nnz=1040400
FILTERDDP_TIMING iteration=45 barrier_iteration=0 stage=10 derivative_s=0.015451300 first_order_s=0.005182700 second_order_s=0.009944200 algebra_s=0.044152500 kkt_assembly_s=0.149019400 factor_s=0.174572300 solve_s=0.302483000 update_s=0.065264400 K_nnz=393075 rhs_cols=1021 Vxx_nnz=1040400
FILTERDDP_TIMING iteration=45 barrier_iteration=0 stage=9 derivative_s=0.016226200 first_order_s=0.005734400 second_order_s=0.010167700 algebra_s=0.047686100 kkt_assembly_s=0.148203400 factor_s=0.180335800 solve_s=0.321886700 update_s=0.079263100 K_nnz=393075 rhs_cols=1021 Vxx_nnz=1040400
FILTERDDP_TIMING iteration=45 barrier_iteration=0 stage=8 derivative_s=0.012925100 first_order_s=0.005457200 second_order_s=0.007112700 algebra_s=0.038848700 kkt_assembly_s=0.151478100 factor_s=0.238838900 solve_s=0.411545200 update_s=0.066866900 K_nnz=393075 rhs_cols=1021 Vxx_nnz=1040400
FILTERDDP_TIMING iteration=45 barrier_iteration=0 stage=7 derivative_s=0.015322100 first_order_s=0.005029500 second_order_s=0.009964800 algebra_s=0.036060600 kkt_assembly_s=0.145796900 factor_s=0.183574600 solve_s=0.300507200 update_s=0.085469800 K_nnz=393075 rhs_cols=1021 Vxx_nnz=1040400
FILTERDDP_TIMING iteration=45 barrier_iteration=0 stage=6 derivative_s=0.015094900 first_order_s=0.005179300 second_order_s=0.009572900 algebra_s=0.037499900 kkt_assembly_s=0.142165600 factor_s=0.175721400 solve_s=0.318884800 update_s=0.067754000 K_nnz=393075 rhs_cols=1021 Vxx_nnz=1040400
FILTERDDP_TIMING iteration=45 barrier_iteration=0 stage=5 derivative_s=0.015480800 first_order_s=0.005311400 second_order_s=0.009833600 algebra_s=0.051631700 kkt_assembly_s=0.147001500 factor_s=0.165577700 solve_s=0.305725000 update_s=0.073432900 K_nnz=393075 rhs_cols=1021 Vxx_nnz=1040400
FILTERDDP_TIMING iteration=45 barrier_iteration=0 stage=4 derivative_s=0.012662000 first_order_s=0.005169700 second_order_s=0.007164500 algebra_s=0.036680300 kkt_assembly_s=0.142645800 factor_s=0.176530900 solve_s=0.317074600 update_s=0.072895800 K_nnz=393075 rhs_cols=1021 Vxx_nnz=1040400
FILTERDDP_TIMING iteration=45 barrier_iteration=0 stage=3 derivative_s=0.016448100 first_order_s=0.005303600 second_order_s=0.010801500 algebra_s=0.054935700 kkt_assembly_s=0.174618100 factor_s=0.255540900 solve_s=0.304137800 update_s=0.167669400 K_nnz=393075 rhs_cols=1021 Vxx_nnz=1040400
FILTERDDP_TIMING iteration=45 barrier_iteration=0 stage=2 derivative_s=0.013360300 first_order_s=0.005363200 second_order_s=0.007651500 algebra_s=0.036585000 kkt_assembly_s=0.141952600 factor_s=0.206408800 solve_s=0.318884300 update_s=0.064574900 K_nnz=393075 rhs_cols=1021 Vxx_nnz=1040400
FILTERDDP_TIMING iteration=45 barrier_iteration=0 stage=1 derivative_s=0.024717600 first_order_s=0.014803700 second_order_s=0.009594800 algebra_s=0.053316500 kkt_assembly_s=0.155481900 factor_s=0.177213500 solve_s=0.314210900 update_s=0.067024300 K_nnz=393075 rhs_cols=1021 Vxx_nnz=1040400
FILTERDDP_FEASIBILITY iteration=45 barrier_iteration=0 equality_count=1015272 equality_rms=6.881334056971e-02 equality_max=1.146796130201e+00 equality_worst_stage=1 equality_worst_index=31063 dynamics_count=23460 dynamics_rms=0.000000000000e+00 dynamics_max=0.000000000000e+00 dynamics_worst_stage=0 dynamics_worst_index=0 bound_count=1137768 bound_rms=0.000000000000e+00 bound_max=0.000000000000e+00 bound_worst_stage=0 bound_worst_index=0 bound_worst_kind=none
    45   1.81080610e+06   1.1468e+00   1.5898e+03   1.0000e+00    0.00      -     1.2500e-01   2
FILTERDDP_ITER_TIMING iteration=45 barrier_iteration=0 backward_s=20.833872500 forward_s=1.136165000 total_s=21.970037500 outcome=accepted step_size=1.250000000e-01 backtracks=2 mu=1.000000000e+00
FILTERDDP_TIMING iteration=46 barrier_iteration=0 stage=24 derivative_s=0.037283800 first_order_s=0.009279500 second_order_s=0.027344900 algebra_s=0.049840500 kkt_assembly_s=0.271133700 factor_s=0.177227000 solve_s=0.330994400 update_s=0.064606500 K_nnz=393075 rhs_cols=1021 Vxx_nnz=1040400
FILTERDDP_TIMING iteration=46 barrier_iteration=0 stage=23 derivative_s=0.015257800 first_order_s=0.005207100 second_order_s=0.009733700 algebra_s=0.035846600 kkt_assembly_s=0.145372100 factor_s=0.229507200 solve_s=0.491969100 update_s=0.068983200 K_nnz=393075 rhs_cols=1021 Vxx_nnz=1040400
FILTERDDP_TIMING iteration=46 barrier_iteration=0 stage=22 derivative_s=0.015859000 first_order_s=0.005229100 second_order_s=0.010271500 algebra_s=0.035795900 kkt_assembly_s=0.144860800 factor_s=0.185093800 solve_s=0.311569400 update_s=0.068228200 K_nnz=393075 rhs_cols=1021 Vxx_nnz=1040400
FILTERDDP_TIMING iteration=46 barrier_iteration=0 stage=21 derivative_s=0.015224600 first_order_s=0.005203700 second_order_s=0.009678000 algebra_s=0.053908400 kkt_assembly_s=0.142544400 factor_s=0.167674300 solve_s=0.301196100 update_s=0.075626800 K_nnz=393075 rhs_cols=1021 Vxx_nnz=1040400
FILTERDDP_TIMING iteration=46 barrier_iteration=0 stage=20 derivative_s=0.013315000 first_order_s=0.005819300 second_order_s=0.007161500 algebra_s=0.036757800 kkt_assembly_s=0.143642000 factor_s=0.173926800 solve_s=0.302179900 update_s=0.067744900 K_nnz=393075 rhs_cols=1021 Vxx_nnz=1040400
FILTERDDP_TIMING iteration=46 barrier_iteration=0 stage=19 derivative_s=0.026826500 first_order_s=0.005026400 second_order_s=0.021472400 algebra_s=0.035544600 kkt_assembly_s=0.141612700 factor_s=0.171237100 solve_s=0.316429100 update_s=0.062889300 K_nnz=393075 rhs_cols=1021 Vxx_nnz=1040400
FILTERDDP_TIMING iteration=46 barrier_iteration=0 stage=18 derivative_s=0.015258000 first_order_s=0.005356900 second_order_s=0.009568200 algebra_s=0.082385300 kkt_assembly_s=0.143182700 factor_s=0.178138300 solve_s=0.417717300 update_s=0.073835700 K_nnz=393075 rhs_cols=1021 Vxx_nnz=1040400
FILTERDDP_TIMING iteration=46 barrier_iteration=0 stage=17 derivative_s=0.012844300 first_order_s=0.005340500 second_order_s=0.007156100 algebra_s=0.048477000 kkt_assembly_s=0.149363100 factor_s=0.174966500 solve_s=0.326485800 update_s=0.077809600 K_nnz=393075 rhs_cols=1021 Vxx_nnz=1040400
FILTERDDP_TIMING iteration=46 barrier_iteration=0 stage=16 derivative_s=0.017160100 first_order_s=0.005374100 second_order_s=0.011411500 algebra_s=0.049217200 kkt_assembly_s=0.159784200 factor_s=0.192663900 solve_s=0.322415600 update_s=0.069375800 K_nnz=393075 rhs_cols=1021 Vxx_nnz=1040400
FILTERDDP_TIMING iteration=46 barrier_iteration=0 stage=15 derivative_s=0.013774900 first_order_s=0.005476700 second_order_s=0.007944500 algebra_s=0.035325800 kkt_assembly_s=0.150273900 factor_s=0.197238500 solve_s=0.333443100 update_s=0.066806000 K_nnz=393075 rhs_cols=1021 Vxx_nnz=1040400
FILTERDDP_TIMING iteration=46 barrier_iteration=0 stage=14 derivative_s=0.014931800 first_order_s=0.005278500 second_order_s=0.009302900 algebra_s=0.056504100 kkt_assembly_s=0.148952300 factor_s=0.191268900 solve_s=0.316036400 update_s=0.083094700 K_nnz=393075 rhs_cols=1021 Vxx_nnz=1040400
FILTERDDP_TIMING iteration=46 barrier_iteration=0 stage=13 derivative_s=0.022923100 first_order_s=0.006256300 second_order_s=0.016068900 algebra_s=0.038616700 kkt_assembly_s=0.149948800 factor_s=0.181777700 solve_s=0.356175600 update_s=0.067857000 K_nnz=393075 rhs_cols=1021 Vxx_nnz=1040400
FILTERDDP_TIMING iteration=46 barrier_iteration=0 stage=12 derivative_s=0.026455400 first_order_s=0.009334400 second_order_s=0.016268300 algebra_s=0.144714700 kkt_assembly_s=0.172169800 factor_s=0.212046300 solve_s=0.303392200 update_s=0.069153300 K_nnz=393075 rhs_cols=1021 Vxx_nnz=1040400
FILTERDDP_TIMING iteration=46 barrier_iteration=0 stage=11 derivative_s=0.017665400 first_order_s=0.006950300 second_order_s=0.010246000 algebra_s=0.036834000 kkt_assembly_s=0.149165600 factor_s=0.191842100 solve_s=0.326719400 update_s=0.069479500 K_nnz=393075 rhs_cols=1021 Vxx_nnz=1040400
FILTERDDP_TIMING iteration=46 barrier_iteration=0 stage=10 derivative_s=0.015432300 first_order_s=0.005375300 second_order_s=0.009723700 algebra_s=0.048233100 kkt_assembly_s=0.148611900 factor_s=0.176636200 solve_s=0.320754800 update_s=0.077157900 K_nnz=393075 rhs_cols=1021 Vxx_nnz=1040400
FILTERDDP_TIMING iteration=46 barrier_iteration=0 stage=9 derivative_s=0.015529300 first_order_s=0.005314900 second_order_s=0.009840700 algebra_s=0.062517600 kkt_assembly_s=0.148400900 factor_s=0.173802200 solve_s=0.312174200 update_s=0.071494400 K_nnz=393075 rhs_cols=1021 Vxx_nnz=1040400
FILTERDDP_TIMING iteration=46 barrier_iteration=0 stage=8 derivative_s=0.024039900 first_order_s=0.005302400 second_order_s=0.018390500 algebra_s=0.039654500 kkt_assembly_s=0.143887800 factor_s=0.174579100 solve_s=0.337897200 update_s=0.069185200 K_nnz=393075 rhs_cols=1021 Vxx_nnz=1040400
FILTERDDP_TIMING iteration=46 barrier_iteration=0 stage=7 derivative_s=0.015457900 first_order_s=0.005259000 second_order_s=0.009735300 algebra_s=0.140223400 kkt_assembly_s=0.145537900 factor_s=0.168985500 solve_s=0.305229900 update_s=0.080299800 K_nnz=393075 rhs_cols=1021 Vxx_nnz=1040400
FILTERDDP_TIMING iteration=46 barrier_iteration=0 stage=6 derivative_s=0.016322000 first_order_s=0.006062400 second_order_s=0.009915700 algebra_s=0.037234100 kkt_assembly_s=0.150569700 factor_s=0.179489700 solve_s=0.315635000 update_s=0.069591100 K_nnz=393075 rhs_cols=1021 Vxx_nnz=1040400
FILTERDDP_TIMING iteration=46 barrier_iteration=0 stage=5 derivative_s=0.016727900 first_order_s=0.005277800 second_order_s=0.011122400 algebra_s=0.048320800 kkt_assembly_s=0.143209200 factor_s=0.171612400 solve_s=0.304810500 update_s=0.072209100 K_nnz=393075 rhs_cols=1021 Vxx_nnz=1040400
FILTERDDP_TIMING iteration=46 barrier_iteration=0 stage=4 derivative_s=0.015177600 first_order_s=0.005161700 second_order_s=0.009678200 algebra_s=0.043452500 kkt_assembly_s=0.142454400 factor_s=0.172570900 solve_s=0.311451500 update_s=0.075426100 K_nnz=393075 rhs_cols=1021 Vxx_nnz=1040400
FILTERDDP_TIMING iteration=46 barrier_iteration=0 stage=3 derivative_s=0.024555000 first_order_s=0.005187900 second_order_s=0.019024900 algebra_s=0.036237600 kkt_assembly_s=0.143901100 factor_s=0.178030600 solve_s=0.295082100 update_s=0.074392800 K_nnz=393075 rhs_cols=1021 Vxx_nnz=1040400
FILTERDDP_TIMING iteration=46 barrier_iteration=0 stage=2 derivative_s=0.015395600 first_order_s=0.005150700 second_order_s=0.009900800 algebra_s=0.042493100 kkt_assembly_s=0.144469000 factor_s=0.176736400 solve_s=0.353311300 update_s=0.064972000 K_nnz=393075 rhs_cols=1021 Vxx_nnz=1040400
FILTERDDP_TIMING iteration=46 barrier_iteration=0 stage=1 derivative_s=0.121890000 first_order_s=0.005420400 second_order_s=0.116099500 algebra_s=0.036767500 kkt_assembly_s=0.147948200 factor_s=0.166501600 solve_s=0.323176000 update_s=0.070560800 K_nnz=393075 rhs_cols=1021 Vxx_nnz=1040400
FILTERDDP_FEASIBILITY iteration=46 barrier_iteration=0 equality_count=1015272 equality_rms=7.431030344752e-02 equality_max=1.299092220552e+00 equality_worst_stage=1 equality_worst_index=31063 dynamics_count=23460 dynamics_rms=0.000000000000e+00 dynamics_max=0.000000000000e+00 dynamics_worst_stage=0 dynamics_worst_index=0 bound_count=1137768 bound_rms=0.000000000000e+00 bound_max=0.000000000000e+00 bound_worst_stage=0 bound_worst_index=0 bound_worst_kind=none
    46   1.92303843e+06   1.2991e+00   1.5899e+03   1.0000e+00    0.00      -     1.2500e-01   2
FILTERDDP_ITER_TIMING iteration=46 barrier_iteration=0 backward_s=20.987638700 forward_s=1.012949100 total_s=22.000587800 outcome=accepted step_size=1.250000000e-01 backtracks=2 mu=1.000000000e+00
FILTERDDP_TIMING iteration=47 barrier_iteration=0 stage=24 derivative_s=0.016202400 first_order_s=0.004771300 second_order_s=0.011121000 algebra_s=0.063671900 kkt_assembly_s=0.257297800 factor_s=0.185257100 solve_s=0.321529300 update_s=0.061287700 K_nnz=393075 rhs_cols=1021 Vxx_nnz=1040400
FILTERDDP_TIMING iteration=47 barrier_iteration=0 stage=23 derivative_s=0.015770800 first_order_s=0.005112400 second_order_s=0.010309700 algebra_s=0.035577500 kkt_assembly_s=0.142496600 factor_s=0.220542900 solve_s=0.458849300 update_s=0.065530800 K_nnz=393075 rhs_cols=1021 Vxx_nnz=1040400
FILTERDDP_TIMING iteration=47 barrier_iteration=0 stage=22 derivative_s=0.013538600 first_order_s=0.005301900 second_order_s=0.007886200 algebra_s=0.040725100 kkt_assembly_s=0.144757600 factor_s=0.186975800 solve_s=0.320834200 update_s=0.062820800 K_nnz=393075 rhs_cols=1021 Vxx_nnz=1040400
FILTERDDP_TIMING iteration=47 barrier_iteration=0 stage=21 derivative_s=0.015221600 first_order_s=0.006126300 second_order_s=0.008688300 algebra_s=0.048722300 kkt_assembly_s=0.143226000 factor_s=0.165810700 solve_s=0.299745200 update_s=0.086452800 K_nnz=393075 rhs_cols=1021 Vxx_nnz=1040400
FILTERDDP_TIMING iteration=47 barrier_iteration=0 stage=20 derivative_s=0.015780900 first_order_s=0.005423600 second_order_s=0.009921300 algebra_s=0.044385600 kkt_assembly_s=0.152363800 factor_s=0.176563400 solve_s=0.312103700 update_s=0.071676100 K_nnz=393075 rhs_cols=1021 Vxx_nnz=1040400
FILTERDDP_TIMING iteration=47 barrier_iteration=0 stage=19 derivative_s=0.015380400 first_order_s=0.005280200 second_order_s=0.009780100 algebra_s=0.060275300 kkt_assembly_s=0.145820700 factor_s=0.178288200 solve_s=0.303999400 update_s=0.084995000 K_nnz=393075 rhs_cols=1021 Vxx_nnz=1040400
FILTERDDP_TIMING iteration=47 barrier_iteration=0 stage=18 derivative_s=0.015738600 first_order_s=0.005081800 second_order_s=0.010338300 algebra_s=0.035955200 kkt_assembly_s=0.145263800 factor_s=0.216458700 solve_s=0.404277800 update_s=0.065786400 K_nnz=393075 rhs_cols=1021 Vxx_nnz=1040400
FILTERDDP_TIMING iteration=47 barrier_iteration=0 stage=17 derivative_s=0.015006900 first_order_s=0.005090000 second_order_s=0.009575700 algebra_s=0.035550000 kkt_assembly_s=0.141848600 factor_s=0.168171200 solve_s=0.313441800 update_s=0.063537900 K_nnz=393075 rhs_cols=1021 Vxx_nnz=1040400
FILTERDDP_TIMING iteration=47 barrier_iteration=0 stage=16 derivative_s=0.024265200 first_order_s=0.005134100 second_order_s=0.018774000 algebra_s=0.035773300 kkt_assembly_s=0.143827400 factor_s=0.171431300 solve_s=0.307877400 update_s=0.073590800 K_nnz=393075 rhs_cols=1021 Vxx_nnz=1040400
FILTERDDP_TIMING iteration=47 barrier_iteration=0 stage=15 derivative_s=0.015506300 first_order_s=0.005315800 second_order_s=0.009847700 algebra_s=0.050506900 kkt_assembly_s=0.142489300 factor_s=0.168846900 solve_s=0.307678200 update_s=0.073496600 K_nnz=393075 rhs_cols=1021 Vxx_nnz=1040400
FILTERDDP_TIMING iteration=47 barrier_iteration=0 stage=14 derivative_s=0.015203100 first_order_s=0.005138700 second_order_s=0.009746600 algebra_s=0.035244800 kkt_assembly_s=0.143485400 factor_s=0.172543400 solve_s=0.314343800 update_s=0.069453100 K_nnz=393075 rhs_cols=1021 Vxx_nnz=1040400
FILTERDDP_TIMING iteration=47 barrier_iteration=0 stage=13 derivative_s=0.015451500 first_order_s=0.005233200 second_order_s=0.009885700 algebra_s=0.046511000 kkt_assembly_s=0.142707800 factor_s=0.167207900 solve_s=0.355029300 update_s=0.168253700 K_nnz=393075 rhs_cols=1021 Vxx_nnz=1040400
FILTERDDP_TIMING iteration=47 barrier_iteration=0 stage=12 derivative_s=0.014844500 first_order_s=0.005194400 second_order_s=0.009313400 algebra_s=0.035462600 kkt_assembly_s=0.143112000 factor_s=0.173861200 solve_s=0.307395500 update_s=0.066282500 K_nnz=393075 rhs_cols=1021 Vxx_nnz=1040400
FILTERDDP_TIMING iteration=47 barrier_iteration=0 stage=11 derivative_s=0.023720400 first_order_s=0.005073800 second_order_s=0.018281400 algebra_s=0.045824500 kkt_assembly_s=0.145937200 factor_s=0.174985100 solve_s=0.312205600 update_s=0.066392400 K_nnz=393075 rhs_cols=1021 Vxx_nnz=1040400
FILTERDDP_TIMING iteration=47 barrier_iteration=0 stage=10 derivative_s=0.015963600 first_order_s=0.005639100 second_order_s=0.009976400 algebra_s=0.048836500 kkt_assembly_s=0.143030000 factor_s=0.171657700 solve_s=0.311957700 update_s=0.076268600 K_nnz=393075 rhs_cols=1021 Vxx_nnz=1040400
FILTERDDP_TIMING iteration=47 barrier_iteration=0 stage=9 derivative_s=0.015191300 first_order_s=0.005069900 second_order_s=0.009798200 algebra_s=0.043469900 kkt_assembly_s=0.141679500 factor_s=0.167064500 solve_s=0.307333900 update_s=0.068811800 K_nnz=393075 rhs_cols=1021 Vxx_nnz=1040400
FILTERDDP_TIMING iteration=47 barrier_iteration=0 stage=8 derivative_s=0.020921100 first_order_s=0.005143000 second_order_s=0.015436200 algebra_s=0.036244100 kkt_assembly_s=0.141262100 factor_s=0.176689500 solve_s=0.325548000 update_s=0.077104700 K_nnz=393075 rhs_cols=1021 Vxx_nnz=1040400
FILTERDDP_TIMING iteration=47 barrier_iteration=0 stage=7 derivative_s=0.019186500 first_order_s=0.006434300 second_order_s=0.012376400 algebra_s=0.087509400 kkt_assembly_s=0.141511900 factor_s=0.172996800 solve_s=0.390862000 update_s=0.067992300 K_nnz=393075 rhs_cols=1021 Vxx_nnz=1040400
FILTERDDP_TIMING iteration=47 barrier_iteration=0 stage=6 derivative_s=0.014164300 first_order_s=0.005071700 second_order_s=0.008740500 algebra_s=0.036733800 kkt_assembly_s=0.142615300 factor_s=0.182683600 solve_s=0.320794400 update_s=0.065696200 K_nnz=393075 rhs_cols=1021 Vxx_nnz=1040400
FILTERDDP_TIMING iteration=47 barrier_iteration=0 stage=5 derivative_s=0.014926100 first_order_s=0.005172300 second_order_s=0.009410100 algebra_s=0.047262500 kkt_assembly_s=0.145516800 factor_s=0.166317600 solve_s=0.300820800 update_s=0.076466100 K_nnz=393075 rhs_cols=1021 Vxx_nnz=1040400
FILTERDDP_TIMING iteration=47 barrier_iteration=0 stage=4 derivative_s=0.014368900 first_order_s=0.005261200 second_order_s=0.008775600 algebra_s=0.038784100 kkt_assembly_s=0.141058000 factor_s=0.176718500 solve_s=0.305712500 update_s=0.075033300 K_nnz=393075 rhs_cols=1021 Vxx_nnz=1040400
FILTERDDP_TIMING iteration=47 barrier_iteration=0 stage=3 derivative_s=0.012880400 first_order_s=0.005229600 second_order_s=0.007290200 algebra_s=0.046260800 kkt_assembly_s=0.147684800 factor_s=0.179094700 solve_s=0.320165500 update_s=0.074635100 K_nnz=393075 rhs_cols=1021 Vxx_nnz=1040400
FILTERDDP_TIMING iteration=47 barrier_iteration=0 stage=2 derivative_s=0.016309500 first_order_s=0.007487600 second_order_s=0.008310600 algebra_s=0.041831800 kkt_assembly_s=0.162696500 factor_s=0.221022700 solve_s=0.406775600 update_s=0.064910500 K_nnz=393075 rhs_cols=1021 Vxx_nnz=1040400
FILTERDDP_TIMING iteration=47 barrier_iteration=0 stage=1 derivative_s=0.014991900 first_order_s=0.005065600 second_order_s=0.009587100 algebra_s=0.035792500 kkt_assembly_s=0.141939800 factor_s=0.180408900 solve_s=0.305791600 update_s=0.078009400 K_nnz=393075 rhs_cols=1021 Vxx_nnz=1040400
FILTERDDP_FEASIBILITY iteration=47 barrier_iteration=0 equality_count=1015272 equality_rms=7.608110901352e-02 equality_max=1.378153557179e+00 equality_worst_stage=1 equality_worst_index=31063 dynamics_count=23460 dynamics_rms=0.000000000000e+00 dynamics_max=0.000000000000e+00 dynamics_worst_stage=0 dynamics_worst_index=0 bound_count=1137768 bound_rms=0.000000000000e+00 bound_max=0.000000000000e+00 bound_worst_stage=0 bound_worst_index=0 bound_worst_kind=none
    47   2.02167469e+06   1.3782e+00   1.5564e+03   1.0000e+00    0.00      -     1.2500e-01   2
FILTERDDP_ITER_TIMING iteration=47 barrier_iteration=0 backward_s=20.560425100 forward_s=0.650083700 total_s=21.210508800 outcome=accepted step_size=2.500000000e-01 backtracks=1 mu=1.000000000e+00
FILTERDDP_TIMING iteration=48 barrier_iteration=0 stage=24 derivative_s=0.033833600 first_order_s=0.009116700 second_order_s=0.024224000 algebra_s=0.045182500 kkt_assembly_s=0.262706000 factor_s=0.169811000 solve_s=0.320264400 update_s=0.068809100 K_nnz=393075 rhs_cols=1021 Vxx_nnz=1040400
FILTERDDP_TIMING iteration=48 barrier_iteration=0 stage=23 derivative_s=0.015401400 first_order_s=0.005361900 second_order_s=0.009669700 algebra_s=0.037025700 kkt_assembly_s=0.141964100 factor_s=0.237350400 solve_s=0.443924000 update_s=0.061707400 K_nnz=393075 rhs_cols=1021 Vxx_nnz=1040400
FILTERDDP_TIMING iteration=48 barrier_iteration=0 stage=22 derivative_s=0.015525600 first_order_s=0.005287500 second_order_s=0.009715700 algebra_s=0.036224300 kkt_assembly_s=0.144290800 factor_s=0.180954000 solve_s=0.316440500 update_s=0.066316600 K_nnz=393075 rhs_cols=1021 Vxx_nnz=1040400
FILTERDDP_TIMING iteration=48 barrier_iteration=0 stage=21 derivative_s=0.015256900 first_order_s=0.005006000 second_order_s=0.009909000 algebra_s=0.050258800 kkt_assembly_s=0.142029900 factor_s=0.177927400 solve_s=0.305863800 update_s=0.080215800 K_nnz=393075 rhs_cols=1021 Vxx_nnz=1040400
FILTERDDP_TIMING iteration=48 barrier_iteration=0 stage=20 derivative_s=0.016930900 first_order_s=0.007624500 second_order_s=0.008942300 algebra_s=0.037696200 kkt_assembly_s=0.182358900 factor_s=0.220539900 solve_s=0.329853800 update_s=0.065073800 K_nnz=393075 rhs_cols=1021 Vxx_nnz=1040400
FILTERDDP_TIMING iteration=48 barrier_iteration=0 stage=19 derivative_s=0.026225100 first_order_s=0.005604900 second_order_s=0.020270200 algebra_s=0.037494200 kkt_assembly_s=0.155894300 factor_s=0.178290600 solve_s=0.311237700 update_s=0.077065500 K_nnz=393075 rhs_cols=1021 Vxx_nnz=1040400
FILTERDDP_TIMING iteration=48 barrier_iteration=0 stage=18 derivative_s=0.015286500 first_order_s=0.005483100 second_order_s=0.009471900 algebra_s=0.042583700 kkt_assembly_s=0.143650200 factor_s=0.170626700 solve_s=0.330819000 update_s=0.068385400 K_nnz=393075 rhs_cols=1021 Vxx_nnz=1040400
FILTERDDP_TIMING iteration=48 barrier_iteration=0 stage=17 derivative_s=0.124776700 first_order_s=0.005215700 second_order_s=0.119212600 algebra_s=0.036668500 kkt_assembly_s=0.141405500 factor_s=0.166824800 solve_s=0.344115400 update_s=0.071718800 K_nnz=393075 rhs_cols=1021 Vxx_nnz=1040400
FILTERDDP_TIMING iteration=48 barrier_iteration=0 stage=16 derivative_s=0.015500300 first_order_s=0.005446500 second_order_s=0.009730600 algebra_s=0.036602600 kkt_assembly_s=0.142644200 factor_s=0.203628200 solve_s=0.301973200 update_s=0.062250200 K_nnz=393075 rhs_cols=1021 Vxx_nnz=1040400
FILTERDDP_TIMING iteration=48 barrier_iteration=0 stage=15 derivative_s=0.012618500 first_order_s=0.005281000 second_order_s=0.006983700 algebra_s=0.052949600 kkt_assembly_s=0.147225200 factor_s=0.166948300 solve_s=0.296775200 update_s=0.071827000 K_nnz=393075 rhs_cols=1021 Vxx_nnz=1040400
FILTERDDP_TIMING iteration=48 barrier_iteration=0 stage=14 derivative_s=0.015621600 first_order_s=0.005573200 second_order_s=0.009729200 algebra_s=0.053957900 kkt_assembly_s=0.152108900 factor_s=0.166642900 solve_s=0.301642200 update_s=0.067495200 K_nnz=393075 rhs_cols=1021 Vxx_nnz=1040400
FILTERDDP_TIMING iteration=48 barrier_iteration=0 stage=13 derivative_s=0.023883700 first_order_s=0.005356500 second_order_s=0.018165000 algebra_s=0.035668900 kkt_assembly_s=0.161137100 factor_s=0.175415200 solve_s=0.322535800 update_s=0.065489600 K_nnz=393075 rhs_cols=1021 Vxx_nnz=1040400
FILTERDDP_TIMING iteration=48 barrier_iteration=0 stage=12 derivative_s=0.014922700 first_order_s=0.005104900 second_order_s=0.009501200 algebra_s=0.083198900 kkt_assembly_s=0.143931000 factor_s=0.180763700 solve_s=0.399181500 update_s=0.068691800 K_nnz=393075 rhs_cols=1021 Vxx_nnz=1040400
FILTERDDP_TIMING iteration=48 barrier_iteration=0 stage=11 derivative_s=0.015301500 first_order_s=0.005411400 second_order_s=0.009570100 algebra_s=0.037138300 kkt_assembly_s=0.142705500 factor_s=0.180240000 solve_s=0.320218000 update_s=0.065284600 K_nnz=393075 rhs_cols=1021 Vxx_nnz=1040400
FILTERDDP_TIMING iteration=48 barrier_iteration=0 stage=10 derivative_s=0.015688600 first_order_s=0.005338700 second_order_s=0.009982600 algebra_s=0.046602100 kkt_assembly_s=0.142898800 factor_s=0.188782600 solve_s=0.302116700 update_s=0.078693600 K_nnz=393075 rhs_cols=1021 Vxx_nnz=1040400
FILTERDDP_TIMING iteration=48 barrier_iteration=0 stage=9 derivative_s=0.015817600 first_order_s=0.005311900 second_order_s=0.009957600 algebra_s=0.035868200 kkt_assembly_s=0.151572600 factor_s=0.186300900 solve_s=0.322326900 update_s=0.071315400 K_nnz=393075 rhs_cols=1021 Vxx_nnz=1040400
FILTERDDP_TIMING iteration=48 barrier_iteration=0 stage=8 derivative_s=0.022417600 first_order_s=0.007313200 second_order_s=0.014750100 algebra_s=0.066915000 kkt_assembly_s=0.147397000 factor_s=0.176642800 solve_s=0.309289000 update_s=0.082663100 K_nnz=393075 rhs_cols=1021 Vxx_nnz=1040400
FILTERDDP_TIMING iteration=48 barrier_iteration=0 stage=7 derivative_s=0.015228700 first_order_s=0.005215500 second_order_s=0.009653900 algebra_s=0.035816500 kkt_assembly_s=0.145122900 factor_s=0.175466600 solve_s=0.367156700 update_s=0.065184900 K_nnz=393075 rhs_cols=1021 Vxx_nnz=1040400
FILTERDDP_TIMING iteration=48 barrier_iteration=0 stage=6 derivative_s=0.019380500 first_order_s=0.007196100 second_order_s=0.011754100 algebra_s=0.139757500 kkt_assembly_s=0.143898600 factor_s=0.168857000 solve_s=0.308303400 update_s=0.065148400 K_nnz=393075 rhs_cols=1021 Vxx_nnz=1040400
FILTERDDP_TIMING iteration=48 barrier_iteration=0 stage=5 derivative_s=0.014958000 first_order_s=0.005228500 second_order_s=0.009387900 algebra_s=0.035384700 kkt_assembly_s=0.141473500 factor_s=0.186664800 solve_s=0.322356000 update_s=0.066494400 K_nnz=393075 rhs_cols=1021 Vxx_nnz=1040400
FILTERDDP_TIMING iteration=48 barrier_iteration=0 stage=4 derivative_s=0.014580300 first_order_s=0.005158600 second_order_s=0.008980300 algebra_s=0.061753300 kkt_assembly_s=0.188261800 factor_s=0.185226100 solve_s=0.316144700 update_s=0.075616900 K_nnz=393075 rhs_cols=1021 Vxx_nnz=1040400
FILTERDDP_TIMING iteration=48 barrier_iteration=0 stage=3 derivative_s=0.012742400 first_order_s=0.005372800 second_order_s=0.007023700 algebra_s=0.049254800 kkt_assembly_s=0.148789600 factor_s=0.193798200 solve_s=0.319039800 update_s=0.063839900 K_nnz=393075 rhs_cols=1021 Vxx_nnz=1040400
FILTERDDP_TIMING iteration=48 barrier_iteration=0 stage=2 derivative_s=0.062691400 first_order_s=0.005320700 second_order_s=0.056929800 algebra_s=0.040553500 kkt_assembly_s=0.149535900 factor_s=0.283373100 solve_s=0.306698800 update_s=0.072134400 K_nnz=393075 rhs_cols=1021 Vxx_nnz=1040400
FILTERDDP_TIMING iteration=48 barrier_iteration=0 stage=1 derivative_s=0.012919000 first_order_s=0.005372700 second_order_s=0.007228100 algebra_s=0.045448800 kkt_assembly_s=0.146700100 factor_s=0.171446400 solve_s=0.307520400 update_s=0.070523300 K_nnz=393075 rhs_cols=1021 Vxx_nnz=1040400
FILTERDDP_FEASIBILITY iteration=48 barrier_iteration=0 equality_count=1015272 equality_rms=9.188354154065e-02 equality_max=1.824068637563e+00 equality_worst_stage=1 equality_worst_index=31063 dynamics_count=23460 dynamics_rms=0.000000000000e+00 dynamics_max=0.000000000000e+00 dynamics_worst_stage=0 dynamics_worst_index=0 bound_count=1137768 bound_rms=0.000000000000e+00 bound_max=0.000000000000e+00 bound_worst_stage=0 bound_worst_index=0 bound_worst_kind=none
    48   2.19525746e+06   1.8241e+00   1.3979e+03   1.0000e+00    0.00      -     2.5000e-01   1
FILTERDDP_ITER_TIMING iteration=48 barrier_iteration=0 backward_s=20.956934700 forward_s=0.656557100 total_s=21.613491800 outcome=accepted step_size=2.500000000e-01 backtracks=1 mu=1.000000000e+00
FILTERDDP_TIMING iteration=49 barrier_iteration=0 stage=24 derivative_s=0.028375200 first_order_s=0.007370900 second_order_s=0.020645800 algebra_s=0.045485900 kkt_assembly_s=0.275463800 factor_s=0.169621100 solve_s=0.315557500 update_s=0.066030100 K_nnz=393075 rhs_cols=1021 Vxx_nnz=1040400
FILTERDDP_TIMING iteration=49 barrier_iteration=0 stage=23 derivative_s=0.015763200 first_order_s=0.005518400 second_order_s=0.009906600 algebra_s=0.037165400 kkt_assembly_s=0.145782600 factor_s=0.217097500 solve_s=0.460900600 update_s=0.066635600 K_nnz=393075 rhs_cols=1021 Vxx_nnz=1040400
FILTERDDP_TIMING iteration=49 barrier_iteration=0 stage=22 derivative_s=0.015295800 first_order_s=0.005395500 second_order_s=0.009576800 algebra_s=0.036791300 kkt_assembly_s=0.144930300 factor_s=0.181125200 solve_s=0.305759700 update_s=0.073781900 K_nnz=393075 rhs_cols=1021 Vxx_nnz=1040400
FILTERDDP_TIMING iteration=49 barrier_iteration=0 stage=21 derivative_s=0.015582800 first_order_s=0.005230200 second_order_s=0.010034700 algebra_s=0.052778900 kkt_assembly_s=0.152288400 factor_s=0.185688700 solve_s=0.309821000 update_s=0.077036900 K_nnz=393075 rhs_cols=1021 Vxx_nnz=1040400
FILTERDDP_TIMING iteration=49 barrier_iteration=0 stage=20 derivative_s=0.015237400 first_order_s=0.005499000 second_order_s=0.009393700 algebra_s=0.043807800 kkt_assembly_s=0.144297200 factor_s=0.170076400 solve_s=0.304705800 update_s=0.068045900 K_nnz=393075 rhs_cols=1021 Vxx_nnz=1040400
FILTERDDP_TIMING iteration=49 barrier_iteration=0 stage=19 derivative_s=0.016163300 first_order_s=0.005683900 second_order_s=0.010007600 algebra_s=0.044029900 kkt_assembly_s=0.158970600 factor_s=0.177701500 solve_s=0.301433200 update_s=0.072982900 K_nnz=393075 rhs_cols=1021 Vxx_nnz=1040400
FILTERDDP_TIMING iteration=49 barrier_iteration=0 stage=18 derivative_s=0.014223900 first_order_s=0.004976100 second_order_s=0.008892800 algebra_s=0.055563200 kkt_assembly_s=0.186074300 factor_s=0.173297000 solve_s=0.342653300 update_s=0.067403800 K_nnz=393075 rhs_cols=1021 Vxx_nnz=1040400
FILTERDDP_TIMING iteration=49 barrier_iteration=0 stage=17 derivative_s=0.125506900 first_order_s=0.005299200 second_order_s=0.119887800 algebra_s=0.036145300 kkt_assembly_s=0.143522300 factor_s=0.166463500 solve_s=0.318637800 update_s=0.062991300 K_nnz=393075 rhs_cols=1021 Vxx_nnz=1040400
FILTERDDP_TIMING iteration=49 barrier_iteration=0 stage=16 derivative_s=0.020121400 first_order_s=0.007075500 second_order_s=0.012618300 algebra_s=0.036260200 kkt_assembly_s=0.143897400 factor_s=0.186855300 solve_s=0.314722900 update_s=0.069314200 K_nnz=393075 rhs_cols=1021 Vxx_nnz=1040400
FILTERDDP_TIMING iteration=49 barrier_iteration=0 stage=15 derivative_s=0.016810400 first_order_s=0.005830400 second_order_s=0.010618600 algebra_s=0.054918200 kkt_assembly_s=0.169610000 factor_s=0.185174300 solve_s=0.305175800 update_s=0.092110100 K_nnz=393075 rhs_cols=1021 Vxx_nnz=1040400
FILTERDDP_TIMING iteration=49 barrier_iteration=0 stage=14 derivative_s=0.013732800 first_order_s=0.005564800 second_order_s=0.007819900 algebra_s=0.046213500 kkt_assembly_s=0.153647400 factor_s=0.179729600 solve_s=0.320427700 update_s=0.071015800 K_nnz=393075 rhs_cols=1021 Vxx_nnz=1040400
FILTERDDP_TIMING iteration=49 barrier_iteration=0 stage=13 derivative_s=0.022842000 first_order_s=0.005433400 second_order_s=0.017050300 algebra_s=0.034362000 kkt_assembly_s=0.153249100 factor_s=0.174949700 solve_s=0.314940600 update_s=0.064981200 K_nnz=393075 rhs_cols=1021 Vxx_nnz=1040400
FILTERDDP_TIMING iteration=49 barrier_iteration=0 stage=12 derivative_s=0.015197500 first_order_s=0.005226200 second_order_s=0.009654300 algebra_s=0.084098200 kkt_assembly_s=0.144860300 factor_s=0.175738500 solve_s=0.387456600 update_s=0.072515200 K_nnz=393075 rhs_cols=1021 Vxx_nnz=1040400
FILTERDDP_TIMING iteration=49 barrier_iteration=0 stage=11 derivative_s=0.015952400 first_order_s=0.005573000 second_order_s=0.010020000 algebra_s=0.049135100 kkt_assembly_s=0.167630500 factor_s=0.178856200 solve_s=0.319633700 update_s=0.070893500 K_nnz=393075 rhs_cols=1021 Vxx_nnz=1040400
FILTERDDP_TIMING iteration=49 barrier_iteration=0 stage=10 derivative_s=0.015484200 first_order_s=0.005120900 second_order_s=0.010015400 algebra_s=0.048904500 kkt_assembly_s=0.142790300 factor_s=0.165249200 solve_s=0.312737700 update_s=0.073471000 K_nnz=393075 rhs_cols=1021 Vxx_nnz=1040400
FILTERDDP_TIMING iteration=49 barrier_iteration=0 stage=9 derivative_s=0.015491600 first_order_s=0.005228800 second_order_s=0.009932300 algebra_s=0.035840600 kkt_assembly_s=0.149083700 factor_s=0.185988500 solve_s=0.310613400 update_s=0.067661500 K_nnz=393075 rhs_cols=1021 Vxx_nnz=1040400
FILTERDDP_TIMING iteration=49 barrier_iteration=0 stage=8 derivative_s=0.015572300 first_order_s=0.005624200 second_order_s=0.009617600 algebra_s=0.046715300 kkt_assembly_s=0.145060800 factor_s=0.167885700 solve_s=0.325725400 update_s=0.075094600 K_nnz=393075 rhs_cols=1021 Vxx_nnz=1040400
FILTERDDP_TIMING iteration=49 barrier_iteration=0 stage=7 derivative_s=0.013652500 first_order_s=0.005744200 second_order_s=0.007560600 algebra_s=0.036833700 kkt_assembly_s=0.143400300 factor_s=0.172091100 solve_s=0.309138900 update_s=0.066364800 K_nnz=393075 rhs_cols=1021 Vxx_nnz=1040400
FILTERDDP_TIMING iteration=49 barrier_iteration=0 stage=6 derivative_s=0.015235500 first_order_s=0.005174200 second_order_s=0.009728500 algebra_s=0.082988800 kkt_assembly_s=0.146872100 factor_s=0.175719800 solve_s=0.416255600 update_s=0.067676400 K_nnz=393075 rhs_cols=1021 Vxx_nnz=1040400
FILTERDDP_TIMING iteration=49 barrier_iteration=0 stage=5 derivative_s=0.015103000 first_order_s=0.005197800 second_order_s=0.009575300 algebra_s=0.035538400 kkt_assembly_s=0.142026400 factor_s=0.185787200 solve_s=0.329717900 update_s=0.072090800 K_nnz=393075 rhs_cols=1021 Vxx_nnz=1040400
FILTERDDP_TIMING iteration=49 barrier_iteration=0 stage=4 derivative_s=0.019543700 first_order_s=0.005202300 second_order_s=0.013883900 algebra_s=0.046639300 kkt_assembly_s=0.153027100 factor_s=0.180629800 solve_s=0.309153300 update_s=0.071871800 K_nnz=393075 rhs_cols=1021 Vxx_nnz=1040400
FILTERDDP_TIMING iteration=49 barrier_iteration=0 stage=3 derivative_s=0.013929100 first_order_s=0.005009600 second_order_s=0.008594400 algebra_s=0.036074300 kkt_assembly_s=0.141553700 factor_s=0.173842600 solve_s=0.320238200 update_s=0.074274500 K_nnz=393075 rhs_cols=1021 Vxx_nnz=1040400
FILTERDDP_TIMING iteration=49 barrier_iteration=0 stage=2 derivative_s=0.013491600 first_order_s=0.005656100 second_order_s=0.007487200 algebra_s=0.054708000 kkt_assembly_s=0.149755100 factor_s=0.181954200 solve_s=0.308126000 update_s=0.072685400 K_nnz=393075 rhs_cols=1021 Vxx_nnz=1040400
FILTERDDP_TIMING iteration=49 barrier_iteration=0 stage=1 derivative_s=0.019637100 first_order_s=0.005870500 second_order_s=0.013420400 algebra_s=0.042152600 kkt_assembly_s=0.148078200 factor_s=0.209289600 solve_s=0.411712100 update_s=0.065024300 K_nnz=393075 rhs_cols=1021 Vxx_nnz=1040400
FILTERDDP_FEASIBILITY iteration=49 barrier_iteration=0 equality_count=1015272 equality_rms=8.976422049628e-02 equality_max=1.888389266261e+00 equality_worst_stage=1 equality_worst_index=31063 dynamics_count=23460 dynamics_rms=0.000000000000e+00 dynamics_max=0.000000000000e+00 dynamics_worst_stage=0 dynamics_worst_index=0 bound_count=1137768 bound_rms=0.000000000000e+00 bound_max=0.000000000000e+00 bound_worst_stage=0 bound_worst_index=0 bound_worst_kind=none
    49   2.32761180e+06   1.8884e+00   1.1941e+03   1.0000e+00    0.00      -     2.5000e-01   1
FILTERDDP_ITER_TIMING iteration=49 barrier_iteration=0 backward_s=20.856779000 forward_s=0.380732600 total_s=21.237511600 outcome=accepted step_size=5.000000000e-01 backtracks=0 mu=1.000000000e+00
FILTERDDP_TIMING iteration=50 barrier_iteration=0 stage=24 derivative_s=0.033720600 first_order_s=0.008880200 second_order_s=0.024158300 algebra_s=0.042003400 kkt_assembly_s=0.254147200 factor_s=0.174559700 solve_s=0.327697700 update_s=0.073813900 K_nnz=393075 rhs_cols=1021 Vxx_nnz=1040400
FILTERDDP_TIMING iteration=50 barrier_iteration=0 stage=23 derivative_s=0.015260400 first_order_s=0.005188700 second_order_s=0.009733800 algebra_s=0.039724000 kkt_assembly_s=0.140707600 factor_s=0.215947600 solve_s=0.484116700 update_s=0.070303000 K_nnz=393075 rhs_cols=1021 Vxx_nnz=1040400
FILTERDDP_TIMING iteration=50 barrier_iteration=0 stage=22 derivative_s=0.015338700 first_order_s=0.005160600 second_order_s=0.009828900 algebra_s=0.048734000 kkt_assembly_s=0.145019400 factor_s=0.182968900 solve_s=0.313328900 update_s=0.072735100 K_nnz=393075 rhs_cols=1021 Vxx_nnz=1040400
FILTERDDP_TIMING iteration=50 barrier_iteration=0 stage=21 derivative_s=0.015569300 first_order_s=0.005741800 second_order_s=0.009476200 algebra_s=0.046759900 kkt_assembly_s=0.142601600 factor_s=0.189621800 solve_s=0.314537900 update_s=0.082145600 K_nnz=393075 rhs_cols=1021 Vxx_nnz=1040400
FILTERDDP_TIMING iteration=50 barrier_iteration=0 stage=20 derivative_s=0.015251200 first_order_s=0.005224900 second_order_s=0.009690000 algebra_s=0.036698200 kkt_assembly_s=0.155645800 factor_s=0.211000900 solve_s=0.308783600 update_s=0.071134000 K_nnz=393075 rhs_cols=1021 Vxx_nnz=1040400
FILTERDDP_TIMING iteration=50 barrier_iteration=0 stage=19 derivative_s=0.017082900 first_order_s=0.005280100 second_order_s=0.011483600 algebra_s=0.054729800 kkt_assembly_s=0.145025600 factor_s=0.177421300 solve_s=0.306797000 update_s=0.081519400 K_nnz=393075 rhs_cols=1021 Vxx_nnz=1040400
FILTERDDP_TIMING iteration=50 barrier_iteration=0 stage=18 derivative_s=0.015053600 first_order_s=0.005171400 second_order_s=0.009559500 algebra_s=0.035608900 kkt_assembly_s=0.146122400 factor_s=0.208782000 solve_s=0.404355500 update_s=0.061163500 K_nnz=393075 rhs_cols=1021 Vxx_nnz=1040400
FILTERDDP_TIMING iteration=50 barrier_iteration=0 stage=17 derivative_s=0.015396500 first_order_s=0.005415300 second_order_s=0.009659600 algebra_s=0.050072600 kkt_assembly_s=0.149355800 factor_s=0.169492000 solve_s=0.317470800 update_s=0.069459400 K_nnz=393075 rhs_cols=1021 Vxx_nnz=1040400
FILTERDDP_TIMING iteration=50 barrier_iteration=0 stage=16 derivative_s=0.041742800 first_order_s=0.006582500 second_order_s=0.034819100 algebra_s=0.045142400 kkt_assembly_s=0.147111100 factor_s=0.172631700 solve_s=0.304847100 update_s=0.065883300 K_nnz=393075 rhs_cols=1021 Vxx_nnz=1040400
FILTERDDP_TIMING iteration=50 barrier_iteration=0 stage=15 derivative_s=0.015384400 first_order_s=0.005200900 second_order_s=0.009842400 algebra_s=0.049494600 kkt_assembly_s=0.145994300 factor_s=0.168891200 solve_s=0.324800600 update_s=0.083693600 K_nnz=393075 rhs_cols=1021 Vxx_nnz=1040400
FILTERDDP_TIMING iteration=50 barrier_iteration=0 stage=14 derivative_s=0.015864400 first_order_s=0.005224200 second_order_s=0.010298500 algebra_s=0.034530400 kkt_assembly_s=0.144791000 factor_s=0.178784800 solve_s=0.299718400 update_s=0.067075700 K_nnz=393075 rhs_cols=1021 Vxx_nnz=1040400
FILTERDDP_TIMING iteration=50 barrier_iteration=0 stage=13 derivative_s=0.015322800 first_order_s=0.005078900 second_order_s=0.009903000 algebra_s=0.044497500 kkt_assembly_s=0.142344800 factor_s=0.209259300 solve_s=0.308122400 update_s=0.175936900 K_nnz=393075 rhs_cols=1021 Vxx_nnz=1040400
FILTERDDP_TIMING iteration=50 barrier_iteration=0 stage=12 derivative_s=0.015460400 first_order_s=0.005266200 second_order_s=0.009835300 algebra_s=0.035700500 kkt_assembly_s=0.142051400 factor_s=0.169307900 solve_s=0.314290100 update_s=0.085030100 K_nnz=393075 rhs_cols=1021 Vxx_nnz=1040400
FILTERDDP_TIMING iteration=50 barrier_iteration=0 stage=11 derivative_s=0.025092900 first_order_s=0.005755100 second_order_s=0.018990500 algebra_s=0.038954000 kkt_assembly_s=0.167760500 factor_s=0.174671000 solve_s=0.322695400 update_s=0.066170900 K_nnz=393075 rhs_cols=1021 Vxx_nnz=1040400
FILTERDDP_TIMING iteration=50 barrier_iteration=0 stage=10 derivative_s=0.015282100 first_order_s=0.005490800 second_order_s=0.009466200 algebra_s=0.058695100 kkt_assembly_s=0.148724500 factor_s=0.209401200 solve_s=0.306617900 update_s=0.079398200 K_nnz=393075 rhs_cols=1021 Vxx_nnz=1040400
FILTERDDP_TIMING iteration=50 barrier_iteration=0 stage=9 derivative_s=0.015626400 first_order_s=0.005461200 second_order_s=0.009844700 algebra_s=0.035686700 kkt_assembly_s=0.140442600 factor_s=0.173264300 solve_s=0.315579500 update_s=0.068177100 K_nnz=393075 rhs_cols=1021 Vxx_nnz=1040400
FILTERDDP_TIMING iteration=50 barrier_iteration=0 stage=8 derivative_s=0.014998200 first_order_s=0.005970900 second_order_s=0.008620300 algebra_s=0.059450400 kkt_assembly_s=0.148928600 factor_s=0.210959600 solve_s=0.297950700 update_s=0.172403600 K_nnz=393075 rhs_cols=1021 Vxx_nnz=1040400
FILTERDDP_TIMING iteration=50 barrier_iteration=0 stage=7 derivative_s=0.015061500 first_order_s=0.005033900 second_order_s=0.009708900 algebra_s=0.036615100 kkt_assembly_s=0.142151000 factor_s=0.196044000 solve_s=0.297040800 update_s=0.065697300 K_nnz=393075 rhs_cols=1021 Vxx_nnz=1040400
FILTERDDP_TIMING iteration=50 barrier_iteration=0 stage=6 derivative_s=0.023392100 first_order_s=0.005428800 second_order_s=0.017614800 algebra_s=0.036359500 kkt_assembly_s=0.145194100 factor_s=0.174828400 solve_s=0.306939500 update_s=0.068199100 K_nnz=393075 rhs_cols=1021 Vxx_nnz=1040400
FILTERDDP_TIMING iteration=50 barrier_iteration=0 stage=5 derivative_s=0.015344400 first_order_s=0.005121200 second_order_s=0.009793100 algebra_s=0.045987800 kkt_assembly_s=0.142775500 factor_s=0.171622800 solve_s=0.307739000 update_s=0.077630100 K_nnz=393075 rhs_cols=1021 Vxx_nnz=1040400
FILTERDDP_TIMING iteration=50 barrier_iteration=0 stage=4 derivative_s=0.016009500 first_order_s=0.005416400 second_order_s=0.010252100 algebra_s=0.036232800 kkt_assembly_s=0.145673300 factor_s=0.179351500 solve_s=0.311384600 update_s=0.067944800 K_nnz=393075 rhs_cols=1021 Vxx_nnz=1040400
FILTERDDP_TIMING iteration=50 barrier_iteration=0 stage=3 derivative_s=0.015735500 first_order_s=0.005299900 second_order_s=0.010040900 algebra_s=0.054403000 kkt_assembly_s=0.143298900 factor_s=0.199358200 solve_s=0.308481500 update_s=0.069898600 K_nnz=393075 rhs_cols=1021 Vxx_nnz=1040400
FILTERDDP_TIMING iteration=50 barrier_iteration=0 stage=2 derivative_s=0.015572800 first_order_s=0.005464300 second_order_s=0.009724800 algebra_s=0.078497800 kkt_assembly_s=0.169823100 factor_s=0.178652900 solve_s=0.404857100 update_s=0.066582500 K_nnz=393075 rhs_cols=1021 Vxx_nnz=1040400
FILTERDDP_TIMING iteration=50 barrier_iteration=0 stage=1 derivative_s=0.012747000 first_order_s=0.005554700 second_order_s=0.006832200 algebra_s=0.046435800 kkt_assembly_s=0.158786000 factor_s=0.179012100 solve_s=0.318156900 update_s=0.065582700 K_nnz=393075 rhs_cols=1021 Vxx_nnz=1040400
FILTERDDP_FEASIBILITY iteration=50 barrier_iteration=0 equality_count=1015272 equality_rms=9.727553484121e-02 equality_max=2.321120562864e+00 equality_worst_stage=1 equality_worst_index=31063 dynamics_count=23460 dynamics_rms=0.000000000000e+00 dynamics_max=0.000000000000e+00 dynamics_worst_stage=0 dynamics_worst_index=0 bound_count=1137768 bound_rms=0.000000000000e+00 bound_max=0.000000000000e+00 bound_worst_stage=0 bound_worst_index=0 bound_worst_kind=none
  iter     objective        pr_inf       du_inf       cs_inf     lg(μ)   lg(reg)    alpha     ls
    50   2.53157793e+06   2.3211e+00   7.1208e+02   9.9998e-01    0.00      -     5.0000e-01   0
FILTERDDP_ITER_TIMING iteration=50 barrier_iteration=0 backward_s=20.862172900 forward_s=0.343277200 total_s=21.205450100 outcome=accepted step_size=5.000000000e-01 backtracks=0 mu=1.000000000e+00
FILTERDDP_TIMING iteration=51 barrier_iteration=0 stage=24 derivative_s=0.031954200 first_order_s=0.007290600 second_order_s=0.024230900 algebra_s=0.063926700 kkt_assembly_s=0.255805700 factor_s=0.172715300 solve_s=0.322928600 update_s=0.066037600 K_nnz=393075 rhs_cols=1021 Vxx_nnz=1040400
FILTERDDP_TIMING iteration=51 barrier_iteration=0 stage=23 derivative_s=0.015004600 first_order_s=0.004980200 second_order_s=0.009692200 algebra_s=0.035953900 kkt_assembly_s=0.144791300 factor_s=0.218285700 solve_s=0.461145000 update_s=0.068900900 K_nnz=393075 rhs_cols=1021 Vxx_nnz=1040400
FILTERDDP_TIMING iteration=51 barrier_iteration=0 stage=22 derivative_s=0.016710100 first_order_s=0.005832600 second_order_s=0.010533800 algebra_s=0.044851600 kkt_assembly_s=0.142846600 factor_s=0.182409900 solve_s=0.324301200 update_s=0.079276500 K_nnz=393075 rhs_cols=1021 Vxx_nnz=1040400
FILTERDDP_TIMING iteration=51 barrier_iteration=0 stage=21 derivative_s=0.017829000 first_order_s=0.005738500 second_order_s=0.011741800 algebra_s=0.054367300 kkt_assembly_s=0.141747300 factor_s=0.176936300 solve_s=0.310451400 update_s=0.072712800 K_nnz=393075 rhs_cols=1021 Vxx_nnz=1040400
FILTERDDP_TIMING iteration=51 barrier_iteration=0 stage=20 derivative_s=0.013120700 first_order_s=0.005549300 second_order_s=0.007221600 algebra_s=0.037385500 kkt_assembly_s=0.152680600 factor_s=0.180907400 solve_s=0.307942900 update_s=0.066587000 K_nnz=393075 rhs_cols=1021 Vxx_nnz=1040400
FILTERDDP_TIMING iteration=51 barrier_iteration=0 stage=19 derivative_s=0.023754500 first_order_s=0.005237300 second_order_s=0.018167300 algebra_s=0.036779700 kkt_assembly_s=0.145420400 factor_s=0.179434300 solve_s=0.318670500 update_s=0.065183700 K_nnz=393075 rhs_cols=1021 Vxx_nnz=1040400
FILTERDDP_TIMING iteration=51 barrier_iteration=0 stage=18 derivative_s=0.014706700 first_order_s=0.005162100 second_order_s=0.009203500 algebra_s=0.081839700 kkt_assembly_s=0.144148600 factor_s=0.177323000 solve_s=0.404431200 update_s=0.067592200 K_nnz=393075 rhs_cols=1021 Vxx_nnz=1040400
FILTERDDP_TIMING iteration=51 barrier_iteration=0 stage=17 derivative_s=0.017049300 first_order_s=0.005311900 second_order_s=0.011416200 algebra_s=0.037071000 kkt_assembly_s=0.146521400 factor_s=0.188999500 solve_s=0.321369400 update_s=0.064458000 K_nnz=393075 rhs_cols=1021 Vxx_nnz=1040400
FILTERDDP_TIMING iteration=51 barrier_iteration=0 stage=16 derivative_s=0.014721300 first_order_s=0.005031500 second_order_s=0.009346400 algebra_s=0.049613400 kkt_assembly_s=0.143324500 factor_s=0.168707600 solve_s=0.303305600 update_s=0.080980100 K_nnz=393075 rhs_cols=1021 Vxx_nnz=1040400
FILTERDDP_TIMING iteration=51 barrier_iteration=0 stage=15 derivative_s=0.015365100 first_order_s=0.005354200 second_order_s=0.009660700 algebra_s=0.037764100 kkt_assembly_s=0.142436000 factor_s=0.182947700 solve_s=0.313546500 update_s=0.068499200 K_nnz=393075 rhs_cols=1021 Vxx_nnz=1040400
FILTERDDP_TIMING iteration=51 barrier_iteration=0 stage=14 derivative_s=0.015484300 first_order_s=0.005183000 second_order_s=0.009899200 algebra_s=0.050758500 kkt_assembly_s=0.141432400 factor_s=0.171129800 solve_s=0.307538000 update_s=0.078293100 K_nnz=393075 rhs_cols=1021 Vxx_nnz=1040400
FILTERDDP_TIMING iteration=51 barrier_iteration=0 stage=13 derivative_s=0.015554000 first_order_s=0.005081500 second_order_s=0.010147400 algebra_s=0.036990200 kkt_assembly_s=0.148091600 factor_s=0.178937600 solve_s=0.354297200 update_s=0.067209900 K_nnz=393075 rhs_cols=1021 Vxx_nnz=1040400
FILTERDDP_TIMING iteration=51 barrier_iteration=0 stage=12 derivative_s=0.017277700 first_order_s=0.005217500 second_order_s=0.011713700 algebra_s=0.151564500 kkt_assembly_s=0.142765100 factor_s=0.170493200 solve_s=0.301074000 update_s=0.079699700 K_nnz=393075 rhs_cols=1021 Vxx_nnz=1040400
FILTERDDP_TIMING iteration=51 barrier_iteration=0 stage=11 derivative_s=0.015154300 first_order_s=0.005211000 second_order_s=0.009595400 algebra_s=0.052024900 kkt_assembly_s=0.156194500 factor_s=0.188934400 solve_s=0.322458300 update_s=0.066045200 K_nnz=393075 rhs_cols=1021 Vxx_nnz=1040400
FILTERDDP_TIMING iteration=51 barrier_iteration=0 stage=10 derivative_s=0.014927000 first_order_s=0.005147100 second_order_s=0.009437100 algebra_s=0.049623100 kkt_assembly_s=0.147314100 factor_s=0.167827400 solve_s=0.306208600 update_s=0.075525200 K_nnz=393075 rhs_cols=1021 Vxx_nnz=1040400
FILTERDDP_TIMING iteration=51 barrier_iteration=0 stage=9 derivative_s=0.015077200 first_order_s=0.005364700 second_order_s=0.009369100 algebra_s=0.058540300 kkt_assembly_s=0.174201400 factor_s=0.179638700 solve_s=0.306534300 update_s=0.063221800 K_nnz=393075 rhs_cols=1021 Vxx_nnz=1040400
FILTERDDP_TIMING iteration=51 barrier_iteration=0 stage=8 derivative_s=0.013385700 first_order_s=0.005649200 second_order_s=0.007407500 algebra_s=0.043690500 kkt_assembly_s=0.144065600 factor_s=0.175215300 solve_s=0.306727300 update_s=0.073820600 K_nnz=393075 rhs_cols=1021 Vxx_nnz=1040400
FILTERDDP_TIMING iteration=51 barrier_iteration=0 stage=7 derivative_s=0.016377500 first_order_s=0.005377700 second_order_s=0.010655700 algebra_s=0.085134700 kkt_assembly_s=0.160699300 factor_s=0.183730100 solve_s=0.407777200 update_s=0.070570000 K_nnz=393075 rhs_cols=1021 Vxx_nnz=1040400
FILTERDDP_TIMING iteration=51 barrier_iteration=0 stage=6 derivative_s=0.023231000 first_order_s=0.007702000 second_order_s=0.015049800 algebra_s=0.037061000 kkt_assembly_s=0.150826500 factor_s=0.191989900 solve_s=0.314741300 update_s=0.071981300 K_nnz=393075 rhs_cols=1021 Vxx_nnz=1040400
FILTERDDP_TIMING iteration=51 barrier_iteration=0 stage=5 derivative_s=0.015424900 first_order_s=0.005130400 second_order_s=0.009964600 algebra_s=0.047112000 kkt_assembly_s=0.164515600 factor_s=0.169976900 solve_s=0.301862100 update_s=0.090852900 K_nnz=393075 rhs_cols=1021 Vxx_nnz=1040400
FILTERDDP_TIMING iteration=51 barrier_iteration=0 stage=4 derivative_s=0.017142300 first_order_s=0.005878700 second_order_s=0.010723900 algebra_s=0.036477600 kkt_assembly_s=0.142253400 factor_s=0.174728600 solve_s=0.324009300 update_s=0.069792600 K_nnz=393075 rhs_cols=1021 Vxx_nnz=1040400
FILTERDDP_TIMING iteration=51 barrier_iteration=0 stage=3 derivative_s=0.015228600 first_order_s=0.005232900 second_order_s=0.009642500 algebra_s=0.051027700 kkt_assembly_s=0.149014800 factor_s=0.169196100 solve_s=0.306831700 update_s=0.082280800 K_nnz=393075 rhs_cols=1021 Vxx_nnz=1040400
FILTERDDP_TIMING iteration=51 barrier_iteration=0 stage=2 derivative_s=0.014941000 first_order_s=0.005256000 second_order_s=0.009366800 algebra_s=0.037954300 kkt_assembly_s=0.142702300 factor_s=0.182220500 solve_s=0.361663600 update_s=0.065767300 K_nnz=393075 rhs_cols=1021 Vxx_nnz=1040400
FILTERDDP_TIMING iteration=51 barrier_iteration=0 stage=1 derivative_s=0.019515000 first_order_s=0.007571400 second_order_s=0.011367400 algebra_s=0.143584500 kkt_assembly_s=0.143468000 factor_s=0.171751700 solve_s=0.320801500 update_s=0.066102200 K_nnz=393075 rhs_cols=1021 Vxx_nnz=1040400
FILTERDDP_FEASIBILITY iteration=51 barrier_iteration=0 equality_count=1015272 equality_rms=7.521791194967e-02 equality_max=1.694422023535e+00 equality_worst_stage=1 equality_worst_index=31063 dynamics_count=23460 dynamics_rms=0.000000000000e+00 dynamics_max=0.000000000000e+00 dynamics_worst_stage=0 dynamics_worst_index=0 bound_count=1137768 bound_rms=0.000000000000e+00 bound_max=0.000000000000e+00 bound_worst_stage=0 bound_worst_index=0 bound_worst_kind=none
    51   2.65002416e+06   1.6944e+00   3.3526e+02   9.9997e-01    0.00      -     5.0000e-01   0
FILTERDDP_ITER_TIMING iteration=51 barrier_iteration=0 backward_s=20.844017700 forward_s=0.333151900 total_s=21.177169600 outcome=accepted step_size=5.000000000e-01 backtracks=0 mu=1.000000000e+00
FILTERDDP_TIMING iteration=52 barrier_iteration=0 stage=24 derivative_s=0.026386300 first_order_s=0.007663400 second_order_s=0.018398100 algebra_s=0.065216500 kkt_assembly_s=0.266494200 factor_s=0.178024000 solve_s=0.315518600 update_s=0.059123100 K_nnz=393075 rhs_cols=1021 Vxx_nnz=1040400
FILTERDDP_TIMING iteration=52 barrier_iteration=0 stage=23 derivative_s=0.016157500 first_order_s=0.005510800 second_order_s=0.010280200 algebra_s=0.035921200 kkt_assembly_s=0.141164300 factor_s=0.219100700 solve_s=0.435221400 update_s=0.064407400 K_nnz=393075 rhs_cols=1021 Vxx_nnz=1040400
FILTERDDP_TIMING iteration=52 barrier_iteration=0 stage=22 derivative_s=0.014459500 first_order_s=0.005106200 second_order_s=0.009023300 algebra_s=0.035499100 kkt_assembly_s=0.147131800 factor_s=0.182471300 solve_s=0.304521000 update_s=0.072765800 K_nnz=393075 rhs_cols=1021 Vxx_nnz=1040400
FILTERDDP_TIMING iteration=52 barrier_iteration=0 stage=21 derivative_s=0.015384200 first_order_s=0.005298400 second_order_s=0.009767300 algebra_s=0.048991800 kkt_assembly_s=0.164809200 factor_s=0.170249500 solve_s=0.298428600 update_s=0.074783900 K_nnz=393075 rhs_cols=1021 Vxx_nnz=1040400
FILTERDDP_TIMING iteration=52 barrier_iteration=0 stage=20 derivative_s=0.015057300 first_order_s=0.005204900 second_order_s=0.009520600 algebra_s=0.043220100 kkt_assembly_s=0.141042100 factor_s=0.194514000 solve_s=0.305741200 update_s=0.076907900 K_nnz=393075 rhs_cols=1021 Vxx_nnz=1040400
FILTERDDP_TIMING iteration=52 barrier_iteration=0 stage=19 derivative_s=0.023305800 first_order_s=0.005261400 second_order_s=0.017716900 algebra_s=0.036741200 kkt_assembly_s=0.143296600 factor_s=0.177618700 solve_s=0.328970500 update_s=0.070152100 K_nnz=393075 rhs_cols=1021 Vxx_nnz=1040400
FILTERDDP_TIMING iteration=52 barrier_iteration=0 stage=18 derivative_s=0.017102500 first_order_s=0.005332300 second_order_s=0.011437300 algebra_s=0.048932500 kkt_assembly_s=0.142394600 factor_s=0.171947500 solve_s=0.343719700 update_s=0.074362500 K_nnz=393075 rhs_cols=1021 Vxx_nnz=1040400
FILTERDDP_TIMING iteration=52 barrier_iteration=0 stage=17 derivative_s=0.115910300 first_order_s=0.106935300 second_order_s=0.008286600 algebra_s=0.038031000 kkt_assembly_s=0.144785500 factor_s=0.169698700 solve_s=0.308193200 update_s=0.066177100 K_nnz=393075 rhs_cols=1021 Vxx_nnz=1040400
FILTERDDP_TIMING iteration=52 barrier_iteration=0 stage=16 derivative_s=0.024032700 first_order_s=0.005261700 second_order_s=0.018414800 algebra_s=0.035438800 kkt_assembly_s=0.142234100 factor_s=0.179340700 solve_s=0.324766600 update_s=0.068350700 K_nnz=393075 rhs_cols=1021 Vxx_nnz=1040400
FILTERDDP_TIMING iteration=52 barrier_iteration=0 stage=15 derivative_s=0.015168100 first_order_s=0.005273400 second_order_s=0.009576700 algebra_s=0.062113300 kkt_assembly_s=0.151030400 factor_s=0.178243600 solve_s=0.311381600 update_s=0.076060200 K_nnz=393075 rhs_cols=1021 Vxx_nnz=1040400
FILTERDDP_TIMING iteration=52 barrier_iteration=0 stage=14 derivative_s=0.015216800 first_order_s=0.005171400 second_order_s=0.009726000 algebra_s=0.035181100 kkt_assembly_s=0.140484800 factor_s=0.181784800 solve_s=0.309030000 update_s=0.067822100 K_nnz=393075 rhs_cols=1021 Vxx_nnz=1040400
FILTERDDP_TIMING iteration=52 barrier_iteration=0 stage=13 derivative_s=0.015081400 first_order_s=0.005242500 second_order_s=0.009476100 algebra_s=0.055353600 kkt_assembly_s=0.144330600 factor_s=0.172039000 solve_s=0.323477200 update_s=0.107822400 K_nnz=393075 rhs_cols=1021 Vxx_nnz=1040400
FILTERDDP_TIMING iteration=52 barrier_iteration=0 stage=12 derivative_s=0.015779200 first_order_s=0.005563300 second_order_s=0.009880400 algebra_s=0.036272800 kkt_assembly_s=0.146895400 factor_s=0.310514600 solve_s=0.317536600 update_s=0.068064200 K_nnz=393075 rhs_cols=1021 Vxx_nnz=1040400
FILTERDDP_TIMING iteration=52 barrier_iteration=0 stage=11 derivative_s=0.025898200 first_order_s=0.005249900 second_order_s=0.020301800 algebra_s=0.033677200 kkt_assembly_s=0.143407800 factor_s=0.201878500 solve_s=0.310698300 update_s=0.078260700 K_nnz=393075 rhs_cols=1021 Vxx_nnz=1040400
FILTERDDP_TIMING iteration=52 barrier_iteration=0 stage=10 derivative_s=0.016162900 first_order_s=0.005331900 second_order_s=0.010493900 algebra_s=0.043288500 kkt_assembly_s=0.161515600 factor_s=0.196373700 solve_s=0.305601300 update_s=0.070380000 K_nnz=393075 rhs_cols=1021 Vxx_nnz=1040400
FILTERDDP_TIMING iteration=52 barrier_iteration=0 stage=9 derivative_s=0.015418400 first_order_s=0.005190200 second_order_s=0.009879400 algebra_s=0.036610800 kkt_assembly_s=0.141987000 factor_s=0.177590400 solve_s=0.319741300 update_s=0.074179600 K_nnz=393075 rhs_cols=1021 Vxx_nnz=1040400
FILTERDDP_TIMING iteration=52 barrier_iteration=0 stage=8 derivative_s=0.013129100 first_order_s=0.005277000 second_order_s=0.007496000 algebra_s=0.045889300 kkt_assembly_s=0.158639000 factor_s=0.174583600 solve_s=0.312125800 update_s=0.071577800 K_nnz=393075 rhs_cols=1021 Vxx_nnz=1040400
FILTERDDP_TIMING iteration=52 barrier_iteration=0 stage=7 derivative_s=0.015172600 first_order_s=0.005186100 second_order_s=0.009666300 algebra_s=0.042833300 kkt_assembly_s=0.142439300 factor_s=0.179109800 solve_s=0.351203700 update_s=0.065521600 K_nnz=393075 rhs_cols=1021 Vxx_nnz=1040400
FILTERDDP_TIMING iteration=52 barrier_iteration=0 stage=6 derivative_s=0.114941000 first_order_s=0.005375000 second_order_s=0.109216500 algebra_s=0.046654700 kkt_assembly_s=0.148066500 factor_s=0.170523500 solve_s=0.307453500 update_s=0.074802600 K_nnz=393075 rhs_cols=1021 Vxx_nnz=1040400
FILTERDDP_TIMING iteration=52 barrier_iteration=0 stage=5 derivative_s=0.017133900 first_order_s=0.005434600 second_order_s=0.011378400 algebra_s=0.061998100 kkt_assembly_s=0.144796500 factor_s=0.173520300 solve_s=0.312425200 update_s=0.077585100 K_nnz=393075 rhs_cols=1021 Vxx_nnz=1040400
FILTERDDP_TIMING iteration=52 barrier_iteration=0 stage=4 derivative_s=0.012258900 first_order_s=0.005227700 second_order_s=0.006704400 algebra_s=0.050001500 kkt_assembly_s=0.144801600 factor_s=0.173832100 solve_s=0.305973500 update_s=0.076454200 K_nnz=393075 rhs_cols=1021 Vxx_nnz=1040400
FILTERDDP_TIMING iteration=52 barrier_iteration=0 stage=3 derivative_s=0.015326100 first_order_s=0.005150900 second_order_s=0.009829700 algebra_s=0.035175500 kkt_assembly_s=0.140577100 factor_s=0.178027600 solve_s=0.315760000 update_s=0.071530500 K_nnz=393075 rhs_cols=1021 Vxx_nnz=1040400
FILTERDDP_TIMING iteration=52 barrier_iteration=0 stage=2 derivative_s=0.015129300 first_order_s=0.005073400 second_order_s=0.009739600 algebra_s=0.046698700 kkt_assembly_s=0.144555500 factor_s=0.173415900 solve_s=0.311017900 update_s=0.075239400 K_nnz=393075 rhs_cols=1021 Vxx_nnz=1040400
FILTERDDP_TIMING iteration=52 barrier_iteration=0 stage=1 derivative_s=0.015271700 first_order_s=0.005189000 second_order_s=0.009745000 algebra_s=0.036073000 kkt_assembly_s=0.141964600 factor_s=0.178551200 solve_s=0.350724700 update_s=0.064864800 K_nnz=393075 rhs_cols=1021 Vxx_nnz=1040400
FILTERDDP_FEASIBILITY iteration=52 barrier_iteration=0 equality_count=1015272 equality_rms=5.732289303329e-02 equality_max=1.060562287503e+00 equality_worst_stage=1 equality_worst_index=31063 dynamics_count=23460 dynamics_rms=0.000000000000e+00 dynamics_max=0.000000000000e+00 dynamics_worst_stage=0 dynamics_worst_index=0 bound_count=1137768 bound_rms=0.000000000000e+00 bound_max=0.000000000000e+00 bound_worst_stage=0 bound_worst_index=0 bound_worst_kind=none
    52   2.73666146e+06   1.0606e+00   1.6133e+02   9.9996e-01    0.00      -     5.0000e-01   0
FILTERDDP_ITER_TIMING iteration=52 barrier_iteration=0 backward_s=20.695562500 forward_s=0.451369200 total_s=21.146931700 outcome=accepted step_size=5.000000000e-01 backtracks=0 mu=1.000000000e+00
FILTERDDP_TIMING iteration=53 barrier_iteration=0 stage=24 derivative_s=0.034724200 first_order_s=0.009504900 second_order_s=0.024683000 algebra_s=0.057997200 kkt_assembly_s=0.263108900 factor_s=0.180368100 solve_s=0.315183300 update_s=0.069384900 K_nnz=393075 rhs_cols=1021 Vxx_nnz=1040400
FILTERDDP_TIMING iteration=53 barrier_iteration=0 stage=23 derivative_s=0.015243300 first_order_s=0.005268400 second_order_s=0.009630400 algebra_s=0.035694400 kkt_assembly_s=0.188711700 factor_s=0.172323700 solve_s=0.451320800 update_s=0.075092000 K_nnz=393075 rhs_cols=1021 Vxx_nnz=1040400
FILTERDDP_TIMING iteration=53 barrier_iteration=0 stage=22 derivative_s=0.015753500 first_order_s=0.005289100 second_order_s=0.010119700 algebra_s=0.038536800 kkt_assembly_s=0.142911500 factor_s=0.189847500 solve_s=0.314587100 update_s=0.075183800 K_nnz=393075 rhs_cols=1021 Vxx_nnz=1040400
FILTERDDP_TIMING iteration=53 barrier_iteration=0 stage=21 derivative_s=0.016152500 first_order_s=0.006002700 second_order_s=0.009828500 algebra_s=0.046917300 kkt_assembly_s=0.141618700 factor_s=0.169574700 solve_s=0.309513800 update_s=0.084981400 K_nnz=393075 rhs_cols=1021 Vxx_nnz=1040400
FILTERDDP_TIMING iteration=53 barrier_iteration=0 stage=20 derivative_s=0.015130400 first_order_s=0.005084800 second_order_s=0.009698600 algebra_s=0.035845400 kkt_assembly_s=0.141839000 factor_s=0.202968900 solve_s=0.319981700 update_s=0.072940100 K_nnz=393075 rhs_cols=1021 Vxx_nnz=1040400
FILTERDDP_TIMING iteration=53 barrier_iteration=0 stage=19 derivative_s=0.015042400 first_order_s=0.005008200 second_order_s=0.009676800 algebra_s=0.052481200 kkt_assembly_s=0.141942500 factor_s=0.170650600 solve_s=0.310197000 update_s=0.075594800 K_nnz=393075 rhs_cols=1021 Vxx_nnz=1040400
FILTERDDP_TIMING iteration=53 barrier_iteration=0 stage=18 derivative_s=0.012794800 first_order_s=0.005275000 second_order_s=0.007169000 algebra_s=0.039957400 kkt_assembly_s=0.164331000 factor_s=0.226627200 solve_s=0.426026300 update_s=0.068995400 K_nnz=393075 rhs_cols=1021 Vxx_nnz=1040400
FILTERDDP_TIMING iteration=53 barrier_iteration=0 stage=17 derivative_s=0.012730800 first_order_s=0.005343400 second_order_s=0.007000800 algebra_s=0.040263900 kkt_assembly_s=0.146587200 factor_s=0.172248500 solve_s=0.335186400 update_s=0.056987300 K_nnz=393075 rhs_cols=1021 Vxx_nnz=1040400
FILTERDDP_TIMING iteration=53 barrier_iteration=0 stage=16 derivative_s=0.022303500 first_order_s=0.005048800 second_order_s=0.016920500 algebra_s=0.036004300 kkt_assembly_s=0.144784100 factor_s=0.181585600 solve_s=0.316437700 update_s=0.065646700 K_nnz=393075 rhs_cols=1021 Vxx_nnz=1040400
FILTERDDP_TIMING iteration=53 barrier_iteration=0 stage=15 derivative_s=0.015235600 first_order_s=0.005334700 second_order_s=0.009584500 algebra_s=0.051634000 kkt_assembly_s=0.147994400 factor_s=0.174657600 solve_s=0.306732900 update_s=0.071002600 K_nnz=393075 rhs_cols=1021 Vxx_nnz=1040400
FILTERDDP_TIMING iteration=53 barrier_iteration=0 stage=14 derivative_s=0.015266400 first_order_s=0.005264200 second_order_s=0.009629500 algebra_s=0.035264300 kkt_assembly_s=0.143131700 factor_s=0.180918400 solve_s=0.318946700 update_s=0.064366400 K_nnz=393075 rhs_cols=1021 Vxx_nnz=1040400
FILTERDDP_TIMING iteration=53 barrier_iteration=0 stage=13 derivative_s=0.015563300 first_order_s=0.005404700 second_order_s=0.009814900 algebra_s=0.050085000 kkt_assembly_s=0.142984200 factor_s=0.171412900 solve_s=0.340632300 update_s=0.182834800 K_nnz=393075 rhs_cols=1021 Vxx_nnz=1040400
FILTERDDP_TIMING iteration=53 barrier_iteration=0 stage=12 derivative_s=0.015100800 first_order_s=0.004888700 second_order_s=0.009874600 algebra_s=0.035271100 kkt_assembly_s=0.142240100 factor_s=0.171574700 solve_s=0.315515500 update_s=0.067458800 K_nnz=393075 rhs_cols=1021 Vxx_nnz=1040400
FILTERDDP_TIMING iteration=53 barrier_iteration=0 stage=11 derivative_s=0.024474600 first_order_s=0.005374600 second_order_s=0.018750000 algebra_s=0.036809100 kkt_assembly_s=0.147350600 factor_s=0.186388800 solve_s=0.341760500 update_s=0.061071500 K_nnz=393075 rhs_cols=1021 Vxx_nnz=1040400
FILTERDDP_TIMING iteration=53 barrier_iteration=0 stage=10 derivative_s=0.015317500 first_order_s=0.005167200 second_order_s=0.009751600 algebra_s=0.046815800 kkt_assembly_s=0.140774300 factor_s=0.169969400 solve_s=0.314261200 update_s=0.078389000 K_nnz=393075 rhs_cols=1021 Vxx_nnz=1040400
FILTERDDP_TIMING iteration=53 barrier_iteration=0 stage=9 derivative_s=0.015315300 first_order_s=0.005126300 second_order_s=0.009869600 algebra_s=0.043766100 kkt_assembly_s=0.145960700 factor_s=0.175061500 solve_s=0.310631500 update_s=0.068094100 K_nnz=393075 rhs_cols=1021 Vxx_nnz=1040400
FILTERDDP_TIMING iteration=53 barrier_iteration=0 stage=8 derivative_s=0.024220200 first_order_s=0.005165800 second_order_s=0.018701500 algebra_s=0.036128200 kkt_assembly_s=0.147188500 factor_s=0.186885000 solve_s=0.322974800 update_s=0.077793000 K_nnz=393075 rhs_cols=1021 Vxx_nnz=1040400
FILTERDDP_TIMING iteration=53 barrier_iteration=0 stage=7 derivative_s=0.015661200 first_order_s=0.005179600 second_order_s=0.010139500 algebra_s=0.089907600 kkt_assembly_s=0.141775600 factor_s=0.198768500 solve_s=0.392746600 update_s=0.073753600 K_nnz=393075 rhs_cols=1021 Vxx_nnz=1040400
FILTERDDP_TIMING iteration=53 barrier_iteration=0 stage=6 derivative_s=0.012313400 first_order_s=0.005123500 second_order_s=0.006871300 algebra_s=0.059150400 kkt_assembly_s=0.142980600 factor_s=0.170455700 solve_s=0.318220700 update_s=0.065492200 K_nnz=393075 rhs_cols=1021 Vxx_nnz=1040400
FILTERDDP_TIMING iteration=53 barrier_iteration=0 stage=5 derivative_s=0.015124300 first_order_s=0.005127700 second_order_s=0.009679500 algebra_s=0.059759300 kkt_assembly_s=0.147100600 factor_s=0.178165400 solve_s=0.312266700 update_s=0.068203700 K_nnz=393075 rhs_cols=1021 Vxx_nnz=1040400
FILTERDDP_TIMING iteration=53 barrier_iteration=0 stage=4 derivative_s=0.015340200 first_order_s=0.005285300 second_order_s=0.009671400 algebra_s=0.049546900 kkt_assembly_s=0.141452000 factor_s=0.171781300 solve_s=0.305568800 update_s=0.078890800 K_nnz=393075 rhs_cols=1021 Vxx_nnz=1040400
FILTERDDP_TIMING iteration=53 barrier_iteration=0 stage=3 derivative_s=0.016321600 first_order_s=0.005903300 second_order_s=0.010074200 algebra_s=0.036625900 kkt_assembly_s=0.145496600 factor_s=0.177346100 solve_s=0.362958000 update_s=0.078972700 K_nnz=393075 rhs_cols=1021 Vxx_nnz=1040400
FILTERDDP_TIMING iteration=53 barrier_iteration=0 stage=2 derivative_s=0.016337500 first_order_s=0.006742900 second_order_s=0.009244800 algebra_s=0.159921900 kkt_assembly_s=0.143582500 factor_s=0.172531000 solve_s=0.317960600 update_s=0.069848200 K_nnz=393075 rhs_cols=1021 Vxx_nnz=1040400
FILTERDDP_TIMING iteration=53 barrier_iteration=0 stage=1 derivative_s=0.015242600 first_order_s=0.005184000 second_order_s=0.009740600 algebra_s=0.035359800 kkt_assembly_s=0.142005800 factor_s=0.205049000 solve_s=0.315242600 update_s=0.061310500 K_nnz=393075 rhs_cols=1021 Vxx_nnz=1040400
FILTERDDP_FEASIBILITY iteration=53 barrier_iteration=0 equality_count=1015272 equality_rms=4.155439140681e-02 equality_max=6.538488194514e-01 equality_worst_stage=18 equality_worst_index=31164 dynamics_count=23460 dynamics_rms=0.000000000000e+00 dynamics_max=0.000000000000e+00 dynamics_worst_stage=0 dynamics_worst_index=0 bound_count=1137768 bound_rms=0.000000000000e+00 bound_max=0.000000000000e+00 bound_worst_stage=0 bound_worst_index=0 bound_worst_kind=none
    53   2.82079962e+06   6.5385e-01   8.1476e+01   9.9997e-01    0.00      -     5.0000e-01   0
FILTERDDP_ITER_TIMING iteration=53 barrier_iteration=0 backward_s=20.895778000 forward_s=0.345386800 total_s=21.241164800 outcome=accepted step_size=5.000000000e-01 backtracks=0 mu=1.000000000e+00
FILTERDDP_TIMING iteration=54 barrier_iteration=0 stage=24 derivative_s=0.031774100 first_order_s=0.007970200 second_order_s=0.023389000 algebra_s=0.046191500 kkt_assembly_s=0.270556500 factor_s=0.186164800 solve_s=0.343089700 update_s=0.072777400 K_nnz=393075 rhs_cols=1021 Vxx_nnz=1040400
FILTERDDP_TIMING iteration=54 barrier_iteration=0 stage=23 derivative_s=0.017419900 first_order_s=0.008759400 second_order_s=0.008151200 algebra_s=0.051161200 kkt_assembly_s=0.183238100 factor_s=0.229216100 solve_s=0.458179200 update_s=0.072509700 K_nnz=393075 rhs_cols=1021 Vxx_nnz=1040400
FILTERDDP_TIMING iteration=54 barrier_iteration=0 stage=22 derivative_s=0.015114400 first_order_s=0.005151300 second_order_s=0.009620900 algebra_s=0.035997300 kkt_assembly_s=0.139861300 factor_s=0.182904500 solve_s=0.317508300 update_s=0.071099100 K_nnz=393075 rhs_cols=1021 Vxx_nnz=1040400
FILTERDDP_TIMING iteration=54 barrier_iteration=0 stage=21 derivative_s=0.023887000 first_order_s=0.005083100 second_order_s=0.018466100 algebra_s=0.035536200 kkt_assembly_s=0.142795100 factor_s=0.181025400 solve_s=0.319588900 update_s=0.065048100 K_nnz=393075 rhs_cols=1021 Vxx_nnz=1040400
FILTERDDP_TIMING iteration=54 barrier_iteration=0 stage=20 derivative_s=0.015070100 first_order_s=0.005219400 second_order_s=0.009533400 algebra_s=0.049889000 kkt_assembly_s=0.144490300 factor_s=0.171804800 solve_s=0.312055300 update_s=0.074759600 K_nnz=393075 rhs_cols=1021 Vxx_nnz=1040400
FILTERDDP_TIMING iteration=54 barrier_iteration=0 stage=19 derivative_s=0.015346500 first_order_s=0.005212600 second_order_s=0.009798300 algebra_s=0.036523000 kkt_assembly_s=0.160013400 factor_s=0.182612900 solve_s=0.342667600 update_s=0.079496200 K_nnz=393075 rhs_cols=1021 Vxx_nnz=1040400
FILTERDDP_TIMING iteration=54 barrier_iteration=0 stage=18 derivative_s=0.015956000 first_order_s=0.005268900 second_order_s=0.010331000 algebra_s=0.142801000 kkt_assembly_s=0.183472100 factor_s=0.173407600 solve_s=0.299966000 update_s=0.077608200 K_nnz=393075 rhs_cols=1021 Vxx_nnz=1040400
FILTERDDP_TIMING iteration=54 barrier_iteration=0 stage=17 derivative_s=0.015163400 first_order_s=0.005011500 second_order_s=0.009798200 algebra_s=0.037113200 kkt_assembly_s=0.170555900 factor_s=0.181948800 solve_s=0.321549000 update_s=0.072098100 K_nnz=393075 rhs_cols=1021 Vxx_nnz=1040400
FILTERDDP_TIMING iteration=54 barrier_iteration=0 stage=16 derivative_s=0.015325400 first_order_s=0.005084000 second_order_s=0.009866600 algebra_s=0.049862200 kkt_assembly_s=0.140538900 factor_s=0.174386200 solve_s=0.313385500 update_s=0.075681100 K_nnz=393075 rhs_cols=1021 Vxx_nnz=1040400
FILTERDDP_TIMING iteration=54 barrier_iteration=0 stage=15 derivative_s=0.015528400 first_order_s=0.005558200 second_order_s=0.009527400 algebra_s=0.042560000 kkt_assembly_s=0.141417000 factor_s=0.172300000 solve_s=0.310765600 update_s=0.068839700 K_nnz=393075 rhs_cols=1021 Vxx_nnz=1040400
FILTERDDP_TIMING iteration=54 barrier_iteration=0 stage=14 derivative_s=0.023070300 first_order_s=0.005244700 second_order_s=0.017506400 algebra_s=0.036270600 kkt_assembly_s=0.144551400 factor_s=0.179970400 solve_s=0.316172800 update_s=0.070594800 K_nnz=393075 rhs_cols=1021 Vxx_nnz=1040400
FILTERDDP_TIMING iteration=54 barrier_iteration=0 stage=13 derivative_s=0.015225400 first_order_s=0.005202900 second_order_s=0.009703900 algebra_s=0.086075700 kkt_assembly_s=0.144500500 factor_s=0.174317700 solve_s=0.409102600 update_s=0.065677000 K_nnz=393075 rhs_cols=1021 Vxx_nnz=1040400
FILTERDDP_TIMING iteration=54 barrier_iteration=0 stage=12 derivative_s=0.015474700 first_order_s=0.005134000 second_order_s=0.009994000 algebra_s=0.036562400 kkt_assembly_s=0.142270700 factor_s=0.183738100 solve_s=0.318722000 update_s=0.071141500 K_nnz=393075 rhs_cols=1021 Vxx_nnz=1040400
FILTERDDP_TIMING iteration=54 barrier_iteration=0 stage=11 derivative_s=0.015314200 first_order_s=0.005091300 second_order_s=0.009904000 algebra_s=0.050128800 kkt_assembly_s=0.141305900 factor_s=0.170913400 solve_s=0.302298400 update_s=0.077412100 K_nnz=393075 rhs_cols=1021 Vxx_nnz=1040400
FILTERDDP_TIMING iteration=54 barrier_iteration=0 stage=10 derivative_s=0.015621500 first_order_s=0.005173200 second_order_s=0.010118200 algebra_s=0.037483400 kkt_assembly_s=0.171833700 factor_s=0.177250600 solve_s=0.314584700 update_s=0.076898500 K_nnz=393075 rhs_cols=1021 Vxx_nnz=1040400
FILTERDDP_TIMING iteration=54 barrier_iteration=0 stage=9 derivative_s=0.013697800 first_order_s=0.006120200 second_order_s=0.007232300 algebra_s=0.046814900 kkt_assembly_s=0.145111300 factor_s=0.172023000 solve_s=0.299236700 update_s=0.085456800 K_nnz=393075 rhs_cols=1021 Vxx_nnz=1040400
FILTERDDP_TIMING iteration=54 barrier_iteration=0 stage=8 derivative_s=0.015119800 first_order_s=0.005062700 second_order_s=0.009736900 algebra_s=0.035114400 kkt_assembly_s=0.140837200 factor_s=0.194485700 solve_s=0.363108200 update_s=0.065563000 K_nnz=393075 rhs_cols=1021 Vxx_nnz=1040400
FILTERDDP_TIMING iteration=54 barrier_iteration=0 stage=7 derivative_s=0.015148600 first_order_s=0.005077700 second_order_s=0.009752700 algebra_s=0.149022600 kkt_assembly_s=0.142727900 factor_s=0.176440000 solve_s=0.319759400 update_s=0.083639000 K_nnz=393075 rhs_cols=1021 Vxx_nnz=1040400
FILTERDDP_TIMING iteration=54 barrier_iteration=0 stage=6 derivative_s=0.015502700 first_order_s=0.005160200 second_order_s=0.009999600 algebra_s=0.035916600 kkt_assembly_s=0.174494700 factor_s=0.179979200 solve_s=0.316046200 update_s=0.063769000 K_nnz=393075 rhs_cols=1021 Vxx_nnz=1040400
FILTERDDP_TIMING iteration=54 barrier_iteration=0 stage=5 derivative_s=0.013999600 first_order_s=0.005417100 second_order_s=0.008243600 algebra_s=0.051255500 kkt_assembly_s=0.148909000 factor_s=0.182634700 solve_s=0.318033800 update_s=0.090988400 K_nnz=393075 rhs_cols=1021 Vxx_nnz=1040400
FILTERDDP_TIMING iteration=54 barrier_iteration=0 stage=4 derivative_s=0.013932000 first_order_s=0.005496300 second_order_s=0.008085600 algebra_s=0.047937200 kkt_assembly_s=0.170935400 factor_s=0.191080500 solve_s=0.317480900 update_s=0.062180000 K_nnz=393075 rhs_cols=1021 Vxx_nnz=1040400
FILTERDDP_TIMING iteration=54 barrier_iteration=0 stage=3 derivative_s=0.024148600 first_order_s=0.005217500 second_order_s=0.018582800 algebra_s=0.036465600 kkt_assembly_s=0.150017400 factor_s=0.185308200 solve_s=0.314156900 update_s=0.075492800 K_nnz=393075 rhs_cols=1021 Vxx_nnz=1040400
FILTERDDP_TIMING iteration=54 barrier_iteration=0 stage=2 derivative_s=0.015407100 first_order_s=0.006778600 second_order_s=0.007995800 algebra_s=0.049813600 kkt_assembly_s=0.148860800 factor_s=0.193402100 solve_s=0.352129300 update_s=0.078729900 K_nnz=393075 rhs_cols=1021 Vxx_nnz=1040400
FILTERDDP_TIMING iteration=54 barrier_iteration=0 stage=1 derivative_s=0.015854200 first_order_s=0.005434400 second_order_s=0.009942900 algebra_s=0.153133200 kkt_assembly_s=0.146666400 factor_s=0.186379500 solve_s=0.326482800 update_s=0.068485800 K_nnz=393075 rhs_cols=1021 Vxx_nnz=1040400
FILTERDDP_FEASIBILITY iteration=54 barrier_iteration=0 equality_count=1015272 equality_rms=3.350473836284e-02 equality_max=5.396531299386e-01 equality_worst_stage=18 equality_worst_index=31164 dynamics_count=23460 dynamics_rms=0.000000000000e+00 dynamics_max=0.000000000000e+00 dynamics_worst_stage=0 dynamics_worst_index=0 bound_count=1137768 bound_rms=0.000000000000e+00 bound_max=0.000000000000e+00 bound_worst_stage=0 bound_worst_index=0 bound_worst_kind=none
    54   2.91279447e+06   5.3965e-01   4.1182e+01   9.9998e-01    0.00      -     5.0000e-01   0
FILTERDDP_ITER_TIMING iteration=54 barrier_iteration=0 backward_s=21.114768500 forward_s=0.318517400 total_s=21.433285900 outcome=accepted step_size=5.000000000e-01 backtracks=0 mu=1.000000000e+00
FILTERDDP_TIMING iteration=55 barrier_iteration=0 stage=24 derivative_s=0.038038200 first_order_s=0.007839600 second_order_s=0.029781000 algebra_s=0.037001700 kkt_assembly_s=0.254132700 factor_s=0.173173700 solve_s=0.322886600 update_s=0.065181900 K_nnz=393075 rhs_cols=1021 Vxx_nnz=1040400
FILTERDDP_TIMING iteration=55 barrier_iteration=0 stage=23 derivative_s=0.013496600 first_order_s=0.005317300 second_order_s=0.007850400 algebra_s=0.036085700 kkt_assembly_s=0.151739800 factor_s=0.221316600 solve_s=0.451175300 update_s=0.065687300 K_nnz=393075 rhs_cols=1021 Vxx_nnz=1040400
FILTERDDP_TIMING iteration=55 barrier_iteration=0 stage=22 derivative_s=0.012761700 first_order_s=0.005205200 second_order_s=0.007178400 algebra_s=0.036336400 kkt_assembly_s=0.141916900 factor_s=0.185597900 solve_s=0.312756500 update_s=0.067357600 K_nnz=393075 rhs_cols=1021 Vxx_nnz=1040400
FILTERDDP_TIMING iteration=55 barrier_iteration=0 stage=21 derivative_s=0.013272000 first_order_s=0.005240900 second_order_s=0.007690000 algebra_s=0.052471400 kkt_assembly_s=0.142800100 factor_s=0.181661500 solve_s=0.305752200 update_s=0.077993000 K_nnz=393075 rhs_cols=1021 Vxx_nnz=1040400
FILTERDDP_TIMING iteration=55 barrier_iteration=0 stage=20 derivative_s=0.015434400 first_order_s=0.005413800 second_order_s=0.009693900 algebra_s=0.035386700 kkt_assembly_s=0.145598300 factor_s=0.184921300 solve_s=0.311497600 update_s=0.063867900 K_nnz=393075 rhs_cols=1021 Vxx_nnz=1040400
FILTERDDP_TIMING iteration=55 barrier_iteration=0 stage=19 derivative_s=0.023766900 first_order_s=0.005148300 second_order_s=0.018266000 algebra_s=0.041596900 kkt_assembly_s=0.143240000 factor_s=0.184402400 solve_s=0.311602800 update_s=0.073252900 K_nnz=393075 rhs_cols=1021 Vxx_nnz=1040400
FILTERDDP_TIMING iteration=55 barrier_iteration=0 stage=18 derivative_s=0.015906200 first_order_s=0.005857000 second_order_s=0.009712700 algebra_s=0.047565800 kkt_assembly_s=0.145108300 factor_s=0.199684100 solve_s=0.348709200 update_s=0.065454600 K_nnz=393075 rhs_cols=1021 Vxx_nnz=1040400
FILTERDDP_TIMING iteration=55 barrier_iteration=0 stage=17 derivative_s=0.117198400 first_order_s=0.005232100 second_order_s=0.111624200 algebra_s=0.040214800 kkt_assembly_s=0.143410200 factor_s=0.175165000 solve_s=0.318249100 update_s=0.066842000 K_nnz=393075 rhs_cols=1021 Vxx_nnz=1040400
FILTERDDP_TIMING iteration=55 barrier_iteration=0 stage=16 derivative_s=0.021426200 first_order_s=0.007790000 second_order_s=0.013166900 algebra_s=0.035930200 kkt_assembly_s=0.143273300 factor_s=0.202181200 solve_s=0.311551800 update_s=0.078668900 K_nnz=393075 rhs_cols=1021 Vxx_nnz=1040400
FILTERDDP_TIMING iteration=55 barrier_iteration=0 stage=15 derivative_s=0.024092700 first_order_s=0.013794200 second_order_s=0.009923200 algebra_s=0.036343400 kkt_assembly_s=0.144189400 factor_s=0.177669400 solve_s=0.317633700 update_s=0.064444500 K_nnz=393075 rhs_cols=1021 Vxx_nnz=1040400
FILTERDDP_TIMING iteration=55 barrier_iteration=0 stage=14 derivative_s=0.015377700 first_order_s=0.005124900 second_order_s=0.009913000 algebra_s=0.050402400 kkt_assembly_s=0.149397500 factor_s=0.173191600 solve_s=0.312288700 update_s=0.083628400 K_nnz=393075 rhs_cols=1021 Vxx_nnz=1040400
FILTERDDP_TIMING iteration=55 barrier_iteration=0 stage=13 derivative_s=0.015965900 first_order_s=0.005601400 second_order_s=0.010015800 algebra_s=0.037701700 kkt_assembly_s=0.144948600 factor_s=0.179004000 solve_s=0.326308400 update_s=0.068935400 K_nnz=393075 rhs_cols=1021 Vxx_nnz=1040400
FILTERDDP_TIMING iteration=55 barrier_iteration=0 stage=12 derivative_s=0.018848900 first_order_s=0.005491500 second_order_s=0.012942500 algebra_s=0.082745400 kkt_assembly_s=0.146858600 factor_s=0.286368400 solve_s=0.299895600 update_s=0.065559000 K_nnz=393075 rhs_cols=1021 Vxx_nnz=1040400
FILTERDDP_TIMING iteration=55 barrier_iteration=0 stage=11 derivative_s=0.015733400 first_order_s=0.005356400 second_order_s=0.010015600 algebra_s=0.052450600 kkt_assembly_s=0.147460300 factor_s=0.182365000 solve_s=0.329302500 update_s=0.066587600 K_nnz=393075 rhs_cols=1021 Vxx_nnz=1040400
FILTERDDP_TIMING iteration=55 barrier_iteration=0 stage=10 derivative_s=0.013455800 first_order_s=0.005529300 second_order_s=0.007591800 algebra_s=0.045403800 kkt_assembly_s=0.148171100 factor_s=0.216759400 solve_s=0.308850400 update_s=0.097211200 K_nnz=393075 rhs_cols=1021 Vxx_nnz=1040400
FILTERDDP_TIMING iteration=55 barrier_iteration=0 stage=9 derivative_s=0.014942900 first_order_s=0.005406600 second_order_s=0.009203700 algebra_s=0.035440200 kkt_assembly_s=0.164650100 factor_s=0.180191500 solve_s=0.318276400 update_s=0.065358100 K_nnz=393075 rhs_cols=1021 Vxx_nnz=1040400
FILTERDDP_TIMING iteration=55 barrier_iteration=0 stage=8 derivative_s=0.024176300 first_order_s=0.005307600 second_order_s=0.018537400 algebra_s=0.036854100 kkt_assembly_s=0.145646800 factor_s=0.194513900 solve_s=0.307151100 update_s=0.073402500 K_nnz=393075 rhs_cols=1021 Vxx_nnz=1040400
FILTERDDP_TIMING iteration=55 barrier_iteration=0 stage=7 derivative_s=0.015493900 first_order_s=0.005127800 second_order_s=0.010019900 algebra_s=0.042531300 kkt_assembly_s=0.143886200 factor_s=0.176234600 solve_s=0.309705200 update_s=0.071754100 K_nnz=393075 rhs_cols=1021 Vxx_nnz=1040400
FILTERDDP_TIMING iteration=55 barrier_iteration=0 stage=6 derivative_s=0.060110900 first_order_s=0.005328400 second_order_s=0.054428500 algebra_s=0.036446300 kkt_assembly_s=0.143160500 factor_s=0.292054900 solve_s=0.313670800 update_s=0.065099200 K_nnz=393075 rhs_cols=1021 Vxx_nnz=1040400
FILTERDDP_TIMING iteration=55 barrier_iteration=0 stage=5 derivative_s=0.014736800 first_order_s=0.005137200 second_order_s=0.009268800 algebra_s=0.054352700 kkt_assembly_s=0.144843800 factor_s=0.173826100 solve_s=0.314760500 update_s=0.073712000 K_nnz=393075 rhs_cols=1021 Vxx_nnz=1040400
FILTERDDP_TIMING iteration=55 barrier_iteration=0 stage=4 derivative_s=0.012630900 first_order_s=0.005106300 second_order_s=0.007174300 algebra_s=0.040035300 kkt_assembly_s=0.159131900 factor_s=0.180574600 solve_s=0.299893900 update_s=0.072921700 K_nnz=393075 rhs_cols=1021 Vxx_nnz=1040400
FILTERDDP_TIMING iteration=55 barrier_iteration=0 stage=3 derivative_s=0.023703200 first_order_s=0.005134700 second_order_s=0.018216100 algebra_s=0.035931000 kkt_assembly_s=0.146637200 factor_s=0.183782500 solve_s=0.324330300 update_s=0.063500000 K_nnz=393075 rhs_cols=1021 Vxx_nnz=1040400
FILTERDDP_TIMING iteration=55 barrier_iteration=0 stage=2 derivative_s=0.015535000 first_order_s=0.005401400 second_order_s=0.009805500 algebra_s=0.064574400 kkt_assembly_s=0.177859400 factor_s=0.179118800 solve_s=0.311917800 update_s=0.070778200 K_nnz=393075 rhs_cols=1021 Vxx_nnz=1040400
FILTERDDP_TIMING iteration=55 barrier_iteration=0 stage=1 derivative_s=0.016319100 first_order_s=0.005328800 second_order_s=0.010657100 algebra_s=0.036100500 kkt_assembly_s=0.145561400 factor_s=0.201181200 solve_s=0.339702300 update_s=0.076285000 K_nnz=393075 rhs_cols=1021 Vxx_nnz=1040400
FILTERDDP_FEASIBILITY iteration=55 barrier_iteration=0 equality_count=1015272 equality_rms=3.397290633343e-02 equality_max=4.995535804827e-01 equality_worst_stage=19 equality_worst_index=31164 dynamics_count=23460 dynamics_rms=0.000000000000e+00 dynamics_max=0.000000000000e+00 dynamics_worst_stage=0 dynamics_worst_index=0 bound_count=1137768 bound_rms=0.000000000000e+00 bound_max=0.000000000000e+00 bound_worst_stage=0 bound_worst_index=0 bound_worst_kind=none
    55   3.00574263e+06   4.9955e-01   2.0520e+01   9.9999e-01    0.00      -     5.0000e-01   0
FILTERDDP_ITER_TIMING iteration=55 barrier_iteration=0 backward_s=20.858833100 forward_s=0.450192800 total_s=21.309025900 outcome=accepted step_size=5.000000000e-01 backtracks=0 mu=1.000000000e+00
FILTERDDP_TIMING iteration=56 barrier_iteration=0 stage=24 derivative_s=0.033639200 first_order_s=0.009146600 second_order_s=0.023978000 algebra_s=0.046214200 kkt_assembly_s=0.257814900 factor_s=0.175211400 solve_s=0.329599800 update_s=0.079827700 K_nnz=393075 rhs_cols=1021 Vxx_nnz=1040400
FILTERDDP_TIMING iteration=56 barrier_iteration=0 stage=23 derivative_s=0.017039100 first_order_s=0.006259500 second_order_s=0.010432400 algebra_s=0.036982600 kkt_assembly_s=0.201150700 factor_s=0.174880200 solve_s=0.443519400 update_s=0.065893300 K_nnz=393075 rhs_cols=1021 Vxx_nnz=1040400
FILTERDDP_TIMING iteration=56 barrier_iteration=0 stage=22 derivative_s=0.015367100 first_order_s=0.005292200 second_order_s=0.009743000 algebra_s=0.035684900 kkt_assembly_s=0.146193400 factor_s=0.187821400 solve_s=0.315077200 update_s=0.070375900 K_nnz=393075 rhs_cols=1021 Vxx_nnz=1040400
FILTERDDP_TIMING iteration=56 barrier_iteration=0 stage=21 derivative_s=0.015345300 first_order_s=0.005261200 second_order_s=0.009749200 algebra_s=0.048960600 kkt_assembly_s=0.150275000 factor_s=0.181624900 solve_s=0.310532600 update_s=0.068680700 K_nnz=393075 rhs_cols=1021 Vxx_nnz=1040400
FILTERDDP_TIMING iteration=56 barrier_iteration=0 stage=20 derivative_s=0.015372600 first_order_s=0.005253400 second_order_s=0.009686400 algebra_s=0.035813800 kkt_assembly_s=0.145476400 factor_s=0.183304800 solve_s=0.307481300 update_s=0.071269600 K_nnz=393075 rhs_cols=1021 Vxx_nnz=1040400
FILTERDDP_TIMING iteration=56 barrier_iteration=0 stage=19 derivative_s=0.015630200 first_order_s=0.005368100 second_order_s=0.009924000 algebra_s=0.049813900 kkt_assembly_s=0.142960900 factor_s=0.182666300 solve_s=0.307875600 update_s=0.072481000 K_nnz=393075 rhs_cols=1021 Vxx_nnz=1040400
FILTERDDP_TIMING iteration=56 barrier_iteration=0 stage=18 derivative_s=0.015068500 first_order_s=0.005052200 second_order_s=0.009671600 algebra_s=0.035967100 kkt_assembly_s=0.142551200 factor_s=0.220207000 solve_s=0.419620900 update_s=0.077485300 K_nnz=393075 rhs_cols=1021 Vxx_nnz=1040400
FILTERDDP_TIMING iteration=56 barrier_iteration=0 stage=17 derivative_s=0.015638800 first_order_s=0.005189800 second_order_s=0.010089600 algebra_s=0.038172700 kkt_assembly_s=0.141932900 factor_s=0.182548800 solve_s=0.331700000 update_s=0.062524000 K_nnz=393075 rhs_cols=1021 Vxx_nnz=1040400
FILTERDDP_TIMING iteration=56 barrier_iteration=0 stage=16 derivative_s=0.023063500 first_order_s=0.005151300 second_order_s=0.017550200 algebra_s=0.036198300 kkt_assembly_s=0.149168700 factor_s=0.191634900 solve_s=0.327656200 update_s=0.066433400 K_nnz=393075 rhs_cols=1021 Vxx_nnz=1040400
FILTERDDP_TIMING iteration=56 barrier_iteration=0 stage=15 derivative_s=0.017244200 first_order_s=0.005346300 second_order_s=0.011554700 algebra_s=0.062067100 kkt_assembly_s=0.148447400 factor_s=0.171155600 solve_s=0.307039900 update_s=0.081044900 K_nnz=393075 rhs_cols=1021 Vxx_nnz=1040400
FILTERDDP_TIMING iteration=56 barrier_iteration=0 stage=14 derivative_s=0.017384200 first_order_s=0.006316800 second_order_s=0.010735200 algebra_s=0.035702200 kkt_assembly_s=0.143467100 factor_s=0.186280500 solve_s=0.313778700 update_s=0.066042600 K_nnz=393075 rhs_cols=1021 Vxx_nnz=1040400
FILTERDDP_TIMING iteration=56 barrier_iteration=0 stage=13 derivative_s=0.016277700 first_order_s=0.006377000 second_order_s=0.009557600 algebra_s=0.046904800 kkt_assembly_s=0.143258100 factor_s=0.214890400 solve_s=0.303111900 update_s=0.172743500 K_nnz=393075 rhs_cols=1021 Vxx_nnz=1040400
FILTERDDP_TIMING iteration=56 barrier_iteration=0 stage=12 derivative_s=0.015561900 first_order_s=0.005137100 second_order_s=0.010084200 algebra_s=0.035754500 kkt_assembly_s=0.142260000 factor_s=0.182628600 solve_s=0.300492400 update_s=0.065034700 K_nnz=393075 rhs_cols=1021 Vxx_nnz=1040400
FILTERDDP_TIMING iteration=56 barrier_iteration=0 stage=11 derivative_s=0.024734300 first_order_s=0.005188100 second_order_s=0.019196800 algebra_s=0.036029400 kkt_assembly_s=0.145995600 factor_s=0.195399600 solve_s=0.324149600 update_s=0.074128400 K_nnz=393075 rhs_cols=1021 Vxx_nnz=1040400
FILTERDDP_TIMING iteration=56 barrier_iteration=0 stage=10 derivative_s=0.015610200 first_order_s=0.005134200 second_order_s=0.010128900 algebra_s=0.045932600 kkt_assembly_s=0.141265500 factor_s=0.192216000 solve_s=0.310595500 update_s=0.071562400 K_nnz=393075 rhs_cols=1021 Vxx_nnz=1040400
FILTERDDP_TIMING iteration=56 barrier_iteration=0 stage=9 derivative_s=0.015218600 first_order_s=0.005135100 second_order_s=0.009740700 algebra_s=0.035332200 kkt_assembly_s=0.143293100 factor_s=0.178106400 solve_s=0.319329500 update_s=0.070426700 K_nnz=393075 rhs_cols=1021 Vxx_nnz=1040400
FILTERDDP_TIMING iteration=56 barrier_iteration=0 stage=8 derivative_s=0.015087400 first_order_s=0.005131500 second_order_s=0.009613700 algebra_s=0.045784800 kkt_assembly_s=0.144078300 factor_s=0.182322600 solve_s=0.301488400 update_s=0.105903800 K_nnz=393075 rhs_cols=1021 Vxx_nnz=1040400
FILTERDDP_TIMING iteration=56 barrier_iteration=0 stage=7 derivative_s=0.015310900 first_order_s=0.005311000 second_order_s=0.009648100 algebra_s=0.145635000 kkt_assembly_s=0.155224600 factor_s=0.179341300 solve_s=0.300129600 update_s=0.085225400 K_nnz=393075 rhs_cols=1021 Vxx_nnz=1040400
FILTERDDP_TIMING iteration=56 barrier_iteration=0 stage=6 derivative_s=0.016228300 first_order_s=0.005202500 second_order_s=0.010268000 algebra_s=0.042792400 kkt_assembly_s=0.150002900 factor_s=0.184757200 solve_s=0.318194500 update_s=0.065742400 K_nnz=393075 rhs_cols=1021 Vxx_nnz=1040400
FILTERDDP_TIMING iteration=56 barrier_iteration=0 stage=5 derivative_s=0.018289100 first_order_s=0.005201000 second_order_s=0.012753600 algebra_s=0.063001200 kkt_assembly_s=0.154645400 factor_s=0.174114000 solve_s=0.308117200 update_s=0.074922200 K_nnz=393075 rhs_cols=1021 Vxx_nnz=1040400
FILTERDDP_TIMING iteration=56 barrier_iteration=0 stage=4 derivative_s=0.014982500 first_order_s=0.005234900 second_order_s=0.009407200 algebra_s=0.042000100 kkt_assembly_s=0.143671700 factor_s=0.172817300 solve_s=0.302795100 update_s=0.069662700 K_nnz=393075 rhs_cols=1021 Vxx_nnz=1040400
FILTERDDP_TIMING iteration=56 barrier_iteration=0 stage=3 derivative_s=0.024242800 first_order_s=0.005141400 second_order_s=0.018759400 algebra_s=0.037402200 kkt_assembly_s=0.156592400 factor_s=0.179875000 solve_s=0.320865700 update_s=0.071315800 K_nnz=393075 rhs_cols=1021 Vxx_nnz=1040400
FILTERDDP_TIMING iteration=56 barrier_iteration=0 stage=2 derivative_s=0.012791300 first_order_s=0.005640200 second_order_s=0.006797100 algebra_s=0.090767500 kkt_assembly_s=0.141502200 factor_s=0.175743300 solve_s=0.400458900 update_s=0.066215800 K_nnz=393075 rhs_cols=1021 Vxx_nnz=1040400
FILTERDDP_TIMING iteration=56 barrier_iteration=0 stage=1 derivative_s=0.018869600 first_order_s=0.007510500 second_order_s=0.010685600 algebra_s=0.036830100 kkt_assembly_s=0.156566800 factor_s=0.182502800 solve_s=0.326764500 update_s=0.062960300 K_nnz=393075 rhs_cols=1021 Vxx_nnz=1040400
FILTERDDP_FEASIBILITY iteration=56 barrier_iteration=0 equality_count=1015272 equality_rms=3.391894765964e-02 equality_max=4.360838811244e-01 equality_worst_stage=19 equality_worst_index=31164 dynamics_count=23460 dynamics_rms=0.000000000000e+00 dynamics_max=0.000000000000e+00 dynamics_worst_stage=0 dynamics_worst_index=0 bound_count=1137768 bound_rms=0.000000000000e+00 bound_max=0.000000000000e+00 bound_worst_stage=0 bound_worst_index=0 bound_worst_kind=none
    56   3.08484320e+06   4.3608e-01   1.0425e+01   1.0000e+00    0.00      -     5.0000e-01   0
FILTERDDP_ITER_TIMING iteration=56 barrier_iteration=0 backward_s=20.865999500 forward_s=0.335160800 total_s=21.201160300 outcome=accepted step_size=5.000000000e-01 backtracks=0 mu=1.000000000e+00
FILTERDDP_TIMING iteration=57 barrier_iteration=0 stage=24 derivative_s=0.025898200 first_order_s=0.006893500 second_order_s=0.018612200 algebra_s=0.063849600 kkt_assembly_s=0.253503900 factor_s=0.174414200 solve_s=0.315651600 update_s=0.065531100 K_nnz=393075 rhs_cols=1021 Vxx_nnz=1040400
FILTERDDP_TIMING iteration=57 barrier_iteration=0 stage=23 derivative_s=0.015139100 first_order_s=0.005270300 second_order_s=0.009525700 algebra_s=0.036060800 kkt_assembly_s=0.144994800 factor_s=0.220398800 solve_s=0.450866700 update_s=0.066837700 K_nnz=393075 rhs_cols=1021 Vxx_nnz=1040400
FILTERDDP_TIMING iteration=57 barrier_iteration=0 stage=22 derivative_s=0.016180600 first_order_s=0.005646500 second_order_s=0.010101400 algebra_s=0.034958800 kkt_assembly_s=0.174980700 factor_s=0.196459100 solve_s=0.325790900 update_s=0.069981600 K_nnz=393075 rhs_cols=1021 Vxx_nnz=1040400
FILTERDDP_TIMING iteration=57 barrier_iteration=0 stage=21 derivative_s=0.015602100 first_order_s=0.005235500 second_order_s=0.010021600 algebra_s=0.054700700 kkt_assembly_s=0.151147100 factor_s=0.188045700 solve_s=0.310723200 update_s=0.078814000 K_nnz=393075 rhs_cols=1021 Vxx_nnz=1040400
FILTERDDP_TIMING iteration=57 barrier_iteration=0 stage=20 derivative_s=0.012318500 first_order_s=0.005123400 second_order_s=0.006854500 algebra_s=0.055019900 kkt_assembly_s=0.152136600 factor_s=0.182742500 solve_s=0.319330500 update_s=0.064843800 K_nnz=393075 rhs_cols=1021 Vxx_nnz=1040400
FILTERDDP_TIMING iteration=57 barrier_iteration=0 stage=19 derivative_s=0.024011100 first_order_s=0.005268200 second_order_s=0.018371500 algebra_s=0.035168400 kkt_assembly_s=0.143761300 factor_s=0.183289900 solve_s=0.321758300 update_s=0.065878000 K_nnz=393075 rhs_cols=1021 Vxx_nnz=1040400
FILTERDDP_TIMING iteration=57 barrier_iteration=0 stage=18 derivative_s=0.018713000 first_order_s=0.005576800 second_order_s=0.012790000 algebra_s=0.082062800 kkt_assembly_s=0.145537700 factor_s=0.178728900 solve_s=0.407452700 update_s=0.065319300 K_nnz=393075 rhs_cols=1021 Vxx_nnz=1040400
FILTERDDP_TIMING iteration=57 barrier_iteration=0 stage=17 derivative_s=0.015476900 first_order_s=0.005279600 second_order_s=0.009858300 algebra_s=0.035905600 kkt_assembly_s=0.142099900 factor_s=0.186447100 solve_s=0.318288100 update_s=0.066784700 K_nnz=393075 rhs_cols=1021 Vxx_nnz=1040400
FILTERDDP_TIMING iteration=57 barrier_iteration=0 stage=16 derivative_s=0.015387600 first_order_s=0.005417200 second_order_s=0.009653700 algebra_s=0.048326200 kkt_assembly_s=0.144325700 factor_s=0.174882700 solve_s=0.307766900 update_s=0.086524400 K_nnz=393075 rhs_cols=1021 Vxx_nnz=1040400
FILTERDDP_TIMING iteration=57 barrier_iteration=0 stage=15 derivative_s=0.015177300 first_order_s=0.005155400 second_order_s=0.009605000 algebra_s=0.035865800 kkt_assembly_s=0.141309900 factor_s=0.184553800 solve_s=0.317500100 update_s=0.065689400 K_nnz=393075 rhs_cols=1021 Vxx_nnz=1040400
FILTERDDP_TIMING iteration=57 barrier_iteration=0 stage=14 derivative_s=0.015263700 first_order_s=0.005188700 second_order_s=0.009732100 algebra_s=0.052018500 kkt_assembly_s=0.146482800 factor_s=0.171364300 solve_s=0.308888400 update_s=0.084753900 K_nnz=393075 rhs_cols=1021 Vxx_nnz=1040400
FILTERDDP_TIMING iteration=57 barrier_iteration=0 stage=13 derivative_s=0.015173300 first_order_s=0.005269700 second_order_s=0.009571200 algebra_s=0.035265000 kkt_assembly_s=0.141857600 factor_s=0.180576900 solve_s=0.354658700 update_s=0.067733600 K_nnz=393075 rhs_cols=1021 Vxx_nnz=1040400
FILTERDDP_TIMING iteration=57 barrier_iteration=0 stage=12 derivative_s=0.015276800 first_order_s=0.005196400 second_order_s=0.009761800 algebra_s=0.143085900 kkt_assembly_s=0.142500100 factor_s=0.176755700 solve_s=0.308374100 update_s=0.065395400 K_nnz=393075 rhs_cols=1021 Vxx_nnz=1040400
FILTERDDP_TIMING iteration=57 barrier_iteration=0 stage=11 derivative_s=0.015341400 first_order_s=0.005124300 second_order_s=0.009866700 algebra_s=0.035653900 kkt_assembly_s=0.141244600 factor_s=0.186836600 solve_s=0.328256300 update_s=0.070154100 K_nnz=393075 rhs_cols=1021 Vxx_nnz=1040400
FILTERDDP_TIMING iteration=57 barrier_iteration=0 stage=10 derivative_s=0.016224100 first_order_s=0.005309100 second_order_s=0.010581400 algebra_s=0.048411900 kkt_assembly_s=0.155679500 factor_s=0.172854500 solve_s=0.302831300 update_s=0.075006100 K_nnz=393075 rhs_cols=1021 Vxx_nnz=1040400
FILTERDDP_TIMING iteration=57 barrier_iteration=0 stage=9 derivative_s=0.015572900 first_order_s=0.005153200 second_order_s=0.010076600 algebra_s=0.042827400 kkt_assembly_s=0.144610200 factor_s=0.177539700 solve_s=0.310338600 update_s=0.068690800 K_nnz=393075 rhs_cols=1021 Vxx_nnz=1040400
FILTERDDP_TIMING iteration=57 barrier_iteration=0 stage=8 derivative_s=0.025496000 first_order_s=0.005186300 second_order_s=0.019987100 algebra_s=0.036382500 kkt_assembly_s=0.149195700 factor_s=0.215003000 solve_s=0.397027600 update_s=0.064504100 K_nnz=393075 rhs_cols=1021 Vxx_nnz=1040400
FILTERDDP_TIMING iteration=57 barrier_iteration=0 stage=7 derivative_s=0.014734500 first_order_s=0.005140800 second_order_s=0.009242500 algebra_s=0.034609100 kkt_assembly_s=0.144576800 factor_s=0.170005800 solve_s=0.311273100 update_s=0.065982000 K_nnz=393075 rhs_cols=1021 Vxx_nnz=1040400
FILTERDDP_TIMING iteration=57 barrier_iteration=0 stage=6 derivative_s=0.024145600 first_order_s=0.005059100 second_order_s=0.018744500 algebra_s=0.035955200 kkt_assembly_s=0.143578600 factor_s=0.177907700 solve_s=0.327807200 update_s=0.065632000 K_nnz=393075 rhs_cols=1021 Vxx_nnz=1040400
FILTERDDP_TIMING iteration=57 barrier_iteration=0 stage=5 derivative_s=0.016026400 first_order_s=0.004968000 second_order_s=0.010739700 algebra_s=0.046786900 kkt_assembly_s=0.140890900 factor_s=0.169721900 solve_s=0.311002700 update_s=0.072100800 K_nnz=393075 rhs_cols=1021 Vxx_nnz=1040400
FILTERDDP_TIMING iteration=57 barrier_iteration=0 stage=4 derivative_s=0.015919700 first_order_s=0.005449100 second_order_s=0.010154900 algebra_s=0.035298400 kkt_assembly_s=0.141023800 factor_s=0.178283100 solve_s=0.324924300 update_s=0.064539000 K_nnz=393075 rhs_cols=1021 Vxx_nnz=1040400
FILTERDDP_TIMING iteration=57 barrier_iteration=0 stage=3 derivative_s=0.018119000 first_order_s=0.007864200 second_order_s=0.009540400 algebra_s=0.045529400 kkt_assembly_s=0.152106400 factor_s=0.200508100 solve_s=0.354568400 update_s=0.179167700 K_nnz=393075 rhs_cols=1021 Vxx_nnz=1040400
FILTERDDP_TIMING iteration=57 barrier_iteration=0 stage=2 derivative_s=0.013993100 first_order_s=0.005870400 second_order_s=0.007735600 algebra_s=0.037497900 kkt_assembly_s=0.144601300 factor_s=0.172458900 solve_s=0.315677300 update_s=0.072048700 K_nnz=393075 rhs_cols=1021 Vxx_nnz=1040400
FILTERDDP_TIMING iteration=57 barrier_iteration=0 stage=1 derivative_s=0.027525200 first_order_s=0.016105200 second_order_s=0.011086500 algebra_s=0.041361600 kkt_assembly_s=0.145718600 factor_s=0.182421800 solve_s=0.319483400 update_s=0.077845600 K_nnz=393075 rhs_cols=1021 Vxx_nnz=1040400
FILTERDDP_FEASIBILITY iteration=57 barrier_iteration=0 equality_count=1015272 equality_rms=2.748839756793e-02 equality_max=3.565409986343e-01 equality_worst_stage=19 equality_worst_index=39983 dynamics_count=23460 dynamics_rms=0.000000000000e+00 dynamics_max=0.000000000000e+00 dynamics_worst_stage=0 dynamics_worst_index=0 bound_count=1137768 bound_rms=0.000000000000e+00 bound_max=0.000000000000e+00 bound_worst_stage=0 bound_worst_index=0 bound_worst_kind=none
FILTERDDP_ITER_TIMING iteration=57 barrier_iteration=0 backward_s=20.830085700 forward_s=0.000000000 total_s=20.830085700 outcome=barrier_update step_size=5.000000000e-01 backtracks=0 mu=1.000000000e+00
FILTERDDP_TIMING iteration=57 barrier_iteration=1 stage=24 derivative_s=0.017135000 first_order_s=0.005615500 second_order_s=0.011180900 algebra_s=0.060067400 kkt_assembly_s=0.273861500 factor_s=0.181416400 solve_s=0.343065900 update_s=0.069899900 K_nnz=393075 rhs_cols=1021 Vxx_nnz=1040400
FILTERDDP_TIMING iteration=57 barrier_iteration=1 stage=23 derivative_s=0.015464700 first_order_s=0.006184600 second_order_s=0.008941400 algebra_s=0.048647700 kkt_assembly_s=0.164444700 factor_s=0.233489900 solve_s=0.444287300 update_s=0.074596800 K_nnz=393075 rhs_cols=1021 Vxx_nnz=1040400
FILTERDDP_TIMING iteration=57 barrier_iteration=1 stage=22 derivative_s=0.015640600 first_order_s=0.005095000 second_order_s=0.010200500 algebra_s=0.044266300 kkt_assembly_s=0.149677200 factor_s=0.193753000 solve_s=0.323978000 update_s=0.064239200 K_nnz=393075 rhs_cols=1021 Vxx_nnz=1040400
FILTERDDP_TIMING iteration=57 barrier_iteration=1 stage=21 derivative_s=0.015717700 first_order_s=0.005264200 second_order_s=0.010101500 algebra_s=0.044602500 kkt_assembly_s=0.148313000 factor_s=0.190696800 solve_s=0.311846000 update_s=0.076651000 K_nnz=393075 rhs_cols=1021 Vxx_nnz=1040400
FILTERDDP_TIMING iteration=57 barrier_iteration=1 stage=20 derivative_s=0.020025800 first_order_s=0.008090400 second_order_s=0.011268800 algebra_s=0.044456000 kkt_assembly_s=0.147612600 factor_s=0.176498700 solve_s=0.305079400 update_s=0.067192000 K_nnz=393075 rhs_cols=1021 Vxx_nnz=1040400
FILTERDDP_TIMING iteration=57 barrier_iteration=1 stage=19 derivative_s=0.016155400 first_order_s=0.005523200 second_order_s=0.010190700 algebra_s=0.047787600 kkt_assembly_s=0.147697200 factor_s=0.193651000 solve_s=0.306076700 update_s=0.069600500 K_nnz=393075 rhs_cols=1021 Vxx_nnz=1040400
FILTERDDP_TIMING iteration=57 barrier_iteration=1 stage=18 derivative_s=0.015250400 first_order_s=0.005137900 second_order_s=0.009749500 algebra_s=0.043958700 kkt_assembly_s=0.155741100 factor_s=0.178831600 solve_s=0.347226500 update_s=0.065554700 K_nnz=393075 rhs_cols=1021 Vxx_nnz=1040400
FILTERDDP_TIMING iteration=57 barrier_iteration=1 stage=17 derivative_s=0.123026500 first_order_s=0.005211700 second_order_s=0.117466900 algebra_s=0.038759200 kkt_assembly_s=0.164929200 factor_s=0.200487900 solve_s=0.330294000 update_s=0.067144400 K_nnz=393075 rhs_cols=1021 Vxx_nnz=1040400
FILTERDDP_TIMING iteration=57 barrier_iteration=1 stage=16 derivative_s=0.015601200 first_order_s=0.005166300 second_order_s=0.010093800 algebra_s=0.036440900 kkt_assembly_s=0.142155700 factor_s=0.187142800 solve_s=0.312022000 update_s=0.075909600 K_nnz=393075 rhs_cols=1021 Vxx_nnz=1040400
FILTERDDP_TIMING iteration=57 barrier_iteration=1 stage=15 derivative_s=0.015512100 first_order_s=0.005227800 second_order_s=0.009902900 algebra_s=0.059212200 kkt_assembly_s=0.141421100 factor_s=0.170442800 solve_s=0.311772900 update_s=0.074864100 K_nnz=393075 rhs_cols=1021 Vxx_nnz=1040400
FILTERDDP_TIMING iteration=57 barrier_iteration=1 stage=14 derivative_s=0.015361200 first_order_s=0.005241600 second_order_s=0.009786300 algebra_s=0.042465100 kkt_assembly_s=0.142870100 factor_s=0.171902900 solve_s=0.312678000 update_s=0.069041900 K_nnz=393075 rhs_cols=1021 Vxx_nnz=1040400
FILTERDDP_TIMING iteration=57 barrier_iteration=1 stage=13 derivative_s=0.023171600 first_order_s=0.005100000 second_order_s=0.017734300 algebra_s=0.037894200 kkt_assembly_s=0.142617200 factor_s=0.178061600 solve_s=0.314261600 update_s=0.066536200 K_nnz=393075 rhs_cols=1021 Vxx_nnz=1040400
FILTERDDP_TIMING iteration=57 barrier_iteration=1 stage=12 derivative_s=0.015471000 first_order_s=0.005235900 second_order_s=0.009879800 algebra_s=0.048408200 kkt_assembly_s=0.149427700 factor_s=0.189187200 solve_s=0.343467800 update_s=0.066754000 K_nnz=393075 rhs_cols=1021 Vxx_nnz=1040400
FILTERDDP_TIMING iteration=57 barrier_iteration=1 stage=11 derivative_s=0.116133900 first_order_s=0.108634100 second_order_s=0.007144500 algebra_s=0.036039400 kkt_assembly_s=0.142868800 factor_s=0.194448300 solve_s=0.306641500 update_s=0.065358600 K_nnz=393075 rhs_cols=1021 Vxx_nnz=1040400
FILTERDDP_TIMING iteration=57 barrier_iteration=1 stage=10 derivative_s=0.023934600 first_order_s=0.013774800 second_order_s=0.009817300 algebra_s=0.035918800 kkt_assembly_s=0.142340700 factor_s=0.179905700 solve_s=0.325330700 update_s=0.068709400 K_nnz=393075 rhs_cols=1021 Vxx_nnz=1040400
FILTERDDP_TIMING iteration=57 barrier_iteration=1 stage=9 derivative_s=0.016195800 first_order_s=0.005588300 second_order_s=0.010248100 algebra_s=0.059628500 kkt_assembly_s=0.146482700 factor_s=0.176584900 solve_s=0.318412100 update_s=0.076780400 K_nnz=393075 rhs_cols=1021 Vxx_nnz=1040400
FILTERDDP_TIMING iteration=57 barrier_iteration=1 stage=8 derivative_s=0.015654600 first_order_s=0.005312700 second_order_s=0.010003600 algebra_s=0.044089800 kkt_assembly_s=0.169905300 factor_s=0.182663600 solve_s=0.318605900 update_s=0.062252700 K_nnz=393075 rhs_cols=1021 Vxx_nnz=1040400
FILTERDDP_TIMING iteration=57 barrier_iteration=1 stage=7 derivative_s=0.024026900 first_order_s=0.005082800 second_order_s=0.018625300 algebra_s=0.036747200 kkt_assembly_s=0.144891000 factor_s=0.182251200 solve_s=0.317216200 update_s=0.074007700 K_nnz=393075 rhs_cols=1021 Vxx_nnz=1040400
FILTERDDP_TIMING iteration=57 barrier_iteration=1 stage=6 derivative_s=0.016535700 first_order_s=0.005036200 second_order_s=0.011176500 algebra_s=0.042274900 kkt_assembly_s=0.146901500 factor_s=0.174560700 solve_s=0.339486000 update_s=0.065990900 K_nnz=393075 rhs_cols=1021 Vxx_nnz=1040400
FILTERDDP_TIMING iteration=57 barrier_iteration=1 stage=5 derivative_s=0.115939600 first_order_s=0.005154500 second_order_s=0.110417800 algebra_s=0.036420300 kkt_assembly_s=0.144361200 factor_s=0.176474700 solve_s=0.304628700 update_s=0.074595000 K_nnz=393075 rhs_cols=1021 Vxx_nnz=1040400
FILTERDDP_TIMING iteration=57 barrier_iteration=1 stage=4 derivative_s=0.025048300 first_order_s=0.005191100 second_order_s=0.019477100 algebra_s=0.036438300 kkt_assembly_s=0.142307200 factor_s=0.178257800 solve_s=0.309741100 update_s=0.065421700 K_nnz=393075 rhs_cols=1021 Vxx_nnz=1040400
FILTERDDP_TIMING iteration=57 barrier_iteration=1 stage=3 derivative_s=0.015634000 first_order_s=0.005420000 second_order_s=0.009865100 algebra_s=0.050097200 kkt_assembly_s=0.140435600 factor_s=0.171228300 solve_s=0.316164200 update_s=0.074352500 K_nnz=393075 rhs_cols=1021 Vxx_nnz=1040400
FILTERDDP_TIMING iteration=57 barrier_iteration=1 stage=2 derivative_s=0.015080900 first_order_s=0.005365000 second_order_s=0.009392700 algebra_s=0.042539000 kkt_assembly_s=0.141139700 factor_s=0.177485400 solve_s=0.306053300 update_s=0.063253700 K_nnz=393075 rhs_cols=1021 Vxx_nnz=1040400
FILTERDDP_TIMING iteration=57 barrier_iteration=1 stage=1 derivative_s=0.024057200 first_order_s=0.005326200 second_order_s=0.018359900 algebra_s=0.043239700 kkt_assembly_s=0.176059600 factor_s=0.178045600 solve_s=0.318373800 update_s=0.066195600 K_nnz=393075 rhs_cols=1021 Vxx_nnz=1040400
FILTERDDP_FEASIBILITY iteration=57 barrier_iteration=1 equality_count=1015272 equality_rms=2.748839756793e-02 equality_max=3.565409986343e-01 equality_worst_stage=19 equality_worst_index=39983 dynamics_count=23460 dynamics_rms=0.000000000000e+00 dynamics_max=0.000000000000e+00 dynamics_worst_stage=0 dynamics_worst_index=0 bound_count=1137768 bound_rms=0.000000000000e+00 bound_max=0.000000000000e+00 bound_worst_stage=0 bound_worst_index=0 bound_worst_kind=none
    57   3.14114133e+06   3.5654e-01   5.0110e+00   1.0000e+00   -0.70      -     5.0000e-01   0
FILTERDDP_ITER_TIMING iteration=57 barrier_iteration=1 backward_s=20.822620900 forward_s=0.423139200 total_s=21.245760100 outcome=accepted step_size=5.000000000e-01 backtracks=0 mu=2.000000000e-01
FILTERDDP_TIMING iteration=58 barrier_iteration=1 stage=24 derivative_s=0.019037400 first_order_s=0.005791500 second_order_s=0.012831600 algebra_s=0.055247200 kkt_assembly_s=0.260090900 factor_s=0.178847300 solve_s=0.303996100 update_s=0.078148400 K_nnz=393075 rhs_cols=1021 Vxx_nnz=1040400
FILTERDDP_TIMING iteration=58 barrier_iteration=1 stage=23 derivative_s=0.015279000 first_order_s=0.005179200 second_order_s=0.009769100 algebra_s=0.037816300 kkt_assembly_s=0.142957700 factor_s=0.219581400 solve_s=0.440663400 update_s=0.072576400 K_nnz=393075 rhs_cols=1021 Vxx_nnz=1040400
FILTERDDP_TIMING iteration=58 barrier_iteration=1 stage=22 derivative_s=0.015359800 first_order_s=0.005281800 second_order_s=0.009729900 algebra_s=0.035847200 kkt_assembly_s=0.143347300 factor_s=0.189938000 solve_s=0.329511300 update_s=0.066880300 K_nnz=393075 rhs_cols=1021 Vxx_nnz=1040400
FILTERDDP_TIMING iteration=58 barrier_iteration=1 stage=21 derivative_s=0.027413400 first_order_s=0.010086200 second_order_s=0.016619100 algebra_s=0.073335900 kkt_assembly_s=0.148454000 factor_s=0.192233100 solve_s=0.304507200 update_s=0.077678000 K_nnz=393075 rhs_cols=1021 Vxx_nnz=1040400
FILTERDDP_TIMING iteration=58 barrier_iteration=1 stage=20 derivative_s=0.015489500 first_order_s=0.005148800 second_order_s=0.010019000 algebra_s=0.037102300 kkt_assembly_s=0.142493500 factor_s=0.180192500 solve_s=0.320781800 update_s=0.066194900 K_nnz=393075 rhs_cols=1021 Vxx_nnz=1040400
FILTERDDP_TIMING iteration=58 barrier_iteration=1 stage=19 derivative_s=0.015143400 first_order_s=0.005012600 second_order_s=0.009812700 algebra_s=0.052382300 kkt_assembly_s=0.142197200 factor_s=0.177106100 solve_s=0.343564200 update_s=0.160129000 K_nnz=393075 rhs_cols=1021 Vxx_nnz=1040400
FILTERDDP_TIMING iteration=58 barrier_iteration=1 stage=18 derivative_s=0.018049900 first_order_s=0.007396100 second_order_s=0.010312600 algebra_s=0.038364400 kkt_assembly_s=0.160546700 factor_s=0.175403400 solve_s=0.309328700 update_s=0.066472100 K_nnz=393075 rhs_cols=1021 Vxx_nnz=1040400
FILTERDDP_TIMING iteration=58 barrier_iteration=1 stage=17 derivative_s=0.015674700 first_order_s=0.005397600 second_order_s=0.009902400 algebra_s=0.044676000 kkt_assembly_s=0.141445200 factor_s=0.182003300 solve_s=0.308392500 update_s=0.067555900 K_nnz=393075 rhs_cols=1021 Vxx_nnz=1040400
FILTERDDP_TIMING iteration=58 barrier_iteration=1 stage=16 derivative_s=0.015212000 first_order_s=0.005087400 second_order_s=0.009800900 algebra_s=0.047340200 kkt_assembly_s=0.143534100 factor_s=0.175041800 solve_s=0.318628100 update_s=0.075315800 K_nnz=393075 rhs_cols=1021 Vxx_nnz=1040400
FILTERDDP_TIMING iteration=58 barrier_iteration=1 stage=15 derivative_s=0.015443000 first_order_s=0.005480400 second_order_s=0.009638600 algebra_s=0.042841300 kkt_assembly_s=0.142631400 factor_s=0.179915100 solve_s=0.320629000 update_s=0.059947800 K_nnz=393075 rhs_cols=1021 Vxx_nnz=1040400
FILTERDDP_TIMING iteration=58 barrier_iteration=1 stage=14 derivative_s=0.024529900 first_order_s=0.005254900 second_order_s=0.018919600 algebra_s=0.048001700 kkt_assembly_s=0.153566400 factor_s=0.198729500 solve_s=0.361680200 update_s=0.064679700 K_nnz=393075 rhs_cols=1021 Vxx_nnz=1040400
FILTERDDP_TIMING iteration=58 barrier_iteration=1 stage=13 derivative_s=0.015109200 first_order_s=0.005352000 second_order_s=0.009408700 algebra_s=0.142211900 kkt_assembly_s=0.171108900 factor_s=0.172171100 solve_s=0.317057900 update_s=0.080809300 K_nnz=393075 rhs_cols=1021 Vxx_nnz=1040400
FILTERDDP_TIMING iteration=58 barrier_iteration=1 stage=12 derivative_s=0.016697500 first_order_s=0.006111400 second_order_s=0.010253100 algebra_s=0.035550000 kkt_assembly_s=0.142580100 factor_s=0.178134100 solve_s=0.320840300 update_s=0.074198300 K_nnz=393075 rhs_cols=1021 Vxx_nnz=1040400
FILTERDDP_TIMING iteration=58 barrier_iteration=1 stage=11 derivative_s=0.015347900 first_order_s=0.005369500 second_order_s=0.009647700 algebra_s=0.051947600 kkt_assembly_s=0.144846100 factor_s=0.172336000 solve_s=0.319886400 update_s=0.074813700 K_nnz=393075 rhs_cols=1021 Vxx_nnz=1040400
FILTERDDP_TIMING iteration=58 barrier_iteration=1 stage=10 derivative_s=0.012512000 first_order_s=0.005511800 second_order_s=0.006661500 algebra_s=0.042971300 kkt_assembly_s=0.142341900 factor_s=0.183094800 solve_s=0.313625000 update_s=0.065584200 K_nnz=393075 rhs_cols=1021 Vxx_nnz=1040400
FILTERDDP_TIMING iteration=58 barrier_iteration=1 stage=9 derivative_s=0.015136500 first_order_s=0.005094600 second_order_s=0.009708400 algebra_s=0.045998900 kkt_assembly_s=0.144609600 factor_s=0.175650300 solve_s=0.313737000 update_s=0.086158200 K_nnz=393075 rhs_cols=1021 Vxx_nnz=1040400
FILTERDDP_TIMING iteration=58 barrier_iteration=1 stage=8 derivative_s=0.015330100 first_order_s=0.005442700 second_order_s=0.009566100 algebra_s=0.036694800 kkt_assembly_s=0.142581400 factor_s=0.220948500 solve_s=0.413751000 update_s=0.064989200 K_nnz=393075 rhs_cols=1021 Vxx_nnz=1040400
FILTERDDP_TIMING iteration=58 barrier_iteration=1 stage=7 derivative_s=0.021455600 first_order_s=0.005684000 second_order_s=0.015433800 algebra_s=0.033737100 kkt_assembly_s=0.140462700 factor_s=0.184435400 solve_s=0.311482800 update_s=0.078344500 K_nnz=393075 rhs_cols=1021 Vxx_nnz=1040400
FILTERDDP_TIMING iteration=58 barrier_iteration=1 stage=6 derivative_s=0.024716000 first_order_s=0.005036400 second_order_s=0.019346300 algebra_s=0.036100000 kkt_assembly_s=0.142561700 factor_s=0.184803300 solve_s=0.324395500 update_s=0.065588800 K_nnz=393075 rhs_cols=1021 Vxx_nnz=1040400
FILTERDDP_TIMING iteration=58 barrier_iteration=1 stage=5 derivative_s=0.016023900 first_order_s=0.005139400 second_order_s=0.010528100 algebra_s=0.051666700 kkt_assembly_s=0.179746400 factor_s=0.204203200 solve_s=0.315062300 update_s=0.089298500 K_nnz=393075 rhs_cols=1021 Vxx_nnz=1040400
FILTERDDP_TIMING iteration=58 barrier_iteration=1 stage=4 derivative_s=0.015472500 first_order_s=0.005283400 second_order_s=0.009852100 algebra_s=0.036130400 kkt_assembly_s=0.145557200 factor_s=0.181118300 solve_s=0.317670300 update_s=0.071404800 K_nnz=393075 rhs_cols=1021 Vxx_nnz=1040400
FILTERDDP_TIMING iteration=58 barrier_iteration=1 stage=3 derivative_s=0.015010400 first_order_s=0.005010800 second_order_s=0.009676700 algebra_s=0.052569100 kkt_assembly_s=0.145713500 factor_s=0.177764900 solve_s=0.333433100 update_s=0.184187600 K_nnz=393075 rhs_cols=1021 Vxx_nnz=1040400
FILTERDDP_TIMING iteration=58 barrier_iteration=1 stage=2 derivative_s=0.012328000 first_order_s=0.005284100 second_order_s=0.006704800 algebra_s=0.035648600 kkt_assembly_s=0.141761300 factor_s=0.174824000 solve_s=0.322758500 update_s=0.065799900 K_nnz=393075 rhs_cols=1021 Vxx_nnz=1040400
FILTERDDP_TIMING iteration=58 barrier_iteration=1 stage=1 derivative_s=0.022513100 first_order_s=0.007385600 second_order_s=0.014587200 algebra_s=0.049496200 kkt_assembly_s=0.145868900 factor_s=0.181010500 solve_s=0.319960300 update_s=0.071355400 K_nnz=393075 rhs_cols=1021 Vxx_nnz=1040400
FILTERDDP_FEASIBILITY iteration=58 barrier_iteration=1 equality_count=1015272 equality_rms=7.454229678753e-02 equality_max=1.018036065518e+00 equality_worst_stage=24 equality_worst_index=31164 dynamics_count=23460 dynamics_rms=0.000000000000e+00 dynamics_max=0.000000000000e+00 dynamics_worst_stage=0 dynamics_worst_index=0 bound_count=1137768 bound_rms=0.000000000000e+00 bound_max=0.000000000000e+00 bound_worst_stage=0 bound_worst_index=0 bound_worst_kind=none
    58   2.96613814e+06   1.0180e+00   2.9422e+00   6.3973e-01   -0.70      -     5.0000e-01   0
FILTERDDP_ITER_TIMING iteration=58 barrier_iteration=1 backward_s=21.105181500 forward_s=0.366351900 total_s=21.471533400 outcome=accepted step_size=5.000000000e-01 backtracks=0 mu=2.000000000e-01
FILTERDDP_TIMING iteration=59 barrier_iteration=1 stage=24 derivative_s=0.036758300 first_order_s=0.010859700 second_order_s=0.025009500 algebra_s=0.046622700 kkt_assembly_s=0.251812600 factor_s=0.174656800 solve_s=0.336050500 update_s=0.075956000 K_nnz=393075 rhs_cols=1021 Vxx_nnz=1040400
FILTERDDP_TIMING iteration=59 barrier_iteration=1 stage=23 derivative_s=0.015189600 first_order_s=0.005049700 second_order_s=0.009807200 algebra_s=0.036367700 kkt_assembly_s=0.140683000 factor_s=0.253693300 solve_s=0.453402600 update_s=0.072788600 K_nnz=393075 rhs_cols=1021 Vxx_nnz=1040400
FILTERDDP_TIMING iteration=59 barrier_iteration=1 stage=22 derivative_s=0.016054400 first_order_s=0.005636100 second_order_s=0.009951900 algebra_s=0.037622200 kkt_assembly_s=0.141229900 factor_s=0.186369500 solve_s=0.322316500 update_s=0.074465300 K_nnz=393075 rhs_cols=1021 Vxx_nnz=1040400
FILTERDDP_TIMING iteration=59 barrier_iteration=1 stage=21 derivative_s=0.016775500 first_order_s=0.005205700 second_order_s=0.011242500 algebra_s=0.060238000 kkt_assembly_s=0.151298800 factor_s=0.175160500 solve_s=0.311601700 update_s=0.081641400 K_nnz=393075 rhs_cols=1021 Vxx_nnz=1040400
FILTERDDP_TIMING iteration=59 barrier_iteration=1 stage=20 derivative_s=0.014314200 first_order_s=0.005278700 second_order_s=0.008681000 algebra_s=0.035433600 kkt_assembly_s=0.144690900 factor_s=0.192226300 solve_s=0.311295300 update_s=0.070354600 K_nnz=393075 rhs_cols=1021 Vxx_nnz=1040400
FILTERDDP_TIMING iteration=59 barrier_iteration=1 stage=19 derivative_s=0.024535100 first_order_s=0.005362000 second_order_s=0.018786500 algebra_s=0.037437000 kkt_assembly_s=0.151754200 factor_s=0.204768300 solve_s=0.318545100 update_s=0.065373100 K_nnz=393075 rhs_cols=1021 Vxx_nnz=1040400
FILTERDDP_TIMING iteration=59 barrier_iteration=1 stage=18 derivative_s=0.015333000 first_order_s=0.005289300 second_order_s=0.009725600 algebra_s=0.084362100 kkt_assembly_s=0.143294800 factor_s=0.181333000 solve_s=0.390029800 update_s=0.067459100 K_nnz=393075 rhs_cols=1021 Vxx_nnz=1040400
FILTERDDP_TIMING iteration=59 barrier_iteration=1 stage=17 derivative_s=0.018123100 first_order_s=0.005126300 second_order_s=0.012647000 algebra_s=0.038398300 kkt_assembly_s=0.156179200 factor_s=0.172372900 solve_s=0.313021900 update_s=0.065030100 K_nnz=393075 rhs_cols=1021 Vxx_nnz=1040400
FILTERDDP_TIMING iteration=59 barrier_iteration=1 stage=16 derivative_s=0.015727200 first_order_s=0.005363700 second_order_s=0.010031800 algebra_s=0.047528600 kkt_assembly_s=0.142696600 factor_s=0.175137700 solve_s=0.301979100 update_s=0.075298900 K_nnz=393075 rhs_cols=1021 Vxx_nnz=1040400
FILTERDDP_TIMING iteration=59 barrier_iteration=1 stage=15 derivative_s=0.015367700 first_order_s=0.004947200 second_order_s=0.010080100 algebra_s=0.036546800 kkt_assembly_s=0.141396100 factor_s=0.183980400 solve_s=0.310129200 update_s=0.064295900 K_nnz=393075 rhs_cols=1021 Vxx_nnz=1040400
FILTERDDP_TIMING iteration=59 barrier_iteration=1 stage=14 derivative_s=0.015168700 first_order_s=0.005217200 second_order_s=0.009633000 algebra_s=0.054878000 kkt_assembly_s=0.140806200 factor_s=0.174586500 solve_s=0.323966800 update_s=0.075221400 K_nnz=393075 rhs_cols=1021 Vxx_nnz=1040400
FILTERDDP_TIMING iteration=59 barrier_iteration=1 stage=13 derivative_s=0.015230700 first_order_s=0.005000700 second_order_s=0.009910700 algebra_s=0.035993700 kkt_assembly_s=0.142644900 factor_s=0.183826000 solve_s=0.358785200 update_s=0.064750600 K_nnz=393075 rhs_cols=1021 Vxx_nnz=1040400
FILTERDDP_TIMING iteration=59 barrier_iteration=1 stage=12 derivative_s=0.015097800 first_order_s=0.005028200 second_order_s=0.009752000 algebra_s=0.143726300 kkt_assembly_s=0.143350800 factor_s=0.170560100 solve_s=0.315400200 update_s=0.066455900 K_nnz=393075 rhs_cols=1021 Vxx_nnz=1040400
FILTERDDP_TIMING iteration=59 barrier_iteration=1 stage=11 derivative_s=0.015413100 first_order_s=0.005465100 second_order_s=0.009627500 algebra_s=0.036937600 kkt_assembly_s=0.141590300 factor_s=0.200690700 solve_s=0.313125300 update_s=0.066612200 K_nnz=393075 rhs_cols=1021 Vxx_nnz=1040400
FILTERDDP_TIMING iteration=59 barrier_iteration=1 stage=10 derivative_s=0.015337100 first_order_s=0.005409800 second_order_s=0.009612000 algebra_s=0.060063400 kkt_assembly_s=0.143409200 factor_s=0.174578800 solve_s=0.304529700 update_s=0.070104600 K_nnz=393075 rhs_cols=1021 Vxx_nnz=1040400
FILTERDDP_TIMING iteration=59 barrier_iteration=1 stage=9 derivative_s=0.015156800 first_order_s=0.005181200 second_order_s=0.009654600 algebra_s=0.055519700 kkt_assembly_s=0.146275900 factor_s=0.186214500 solve_s=0.302420700 update_s=0.068564200 K_nnz=393075 rhs_cols=1021 Vxx_nnz=1040400
FILTERDDP_TIMING iteration=59 barrier_iteration=1 stage=8 derivative_s=0.024279600 first_order_s=0.005275200 second_order_s=0.018675200 algebra_s=0.035226400 kkt_assembly_s=0.170660700 factor_s=0.180180100 solve_s=0.323503800 update_s=0.064844600 K_nnz=393075 rhs_cols=1021 Vxx_nnz=1040400
FILTERDDP_TIMING iteration=59 barrier_iteration=1 stage=7 derivative_s=0.022929600 first_order_s=0.008304400 second_order_s=0.014122600 algebra_s=0.091341100 kkt_assembly_s=0.144097300 factor_s=0.177206700 solve_s=0.409470300 update_s=0.065687800 K_nnz=393075 rhs_cols=1021 Vxx_nnz=1040400
FILTERDDP_TIMING iteration=59 barrier_iteration=1 stage=6 derivative_s=0.015308800 first_order_s=0.005197900 second_order_s=0.009788200 algebra_s=0.048203800 kkt_assembly_s=0.146611600 factor_s=0.187663500 solve_s=0.320846500 update_s=0.074366800 K_nnz=393075 rhs_cols=1021 Vxx_nnz=1040400
FILTERDDP_TIMING iteration=59 barrier_iteration=1 stage=5 derivative_s=0.015257100 first_order_s=0.005051600 second_order_s=0.009861500 algebra_s=0.046998500 kkt_assembly_s=0.141241400 factor_s=0.176406200 solve_s=0.313226800 update_s=0.073886200 K_nnz=393075 rhs_cols=1021 Vxx_nnz=1040400
FILTERDDP_TIMING iteration=59 barrier_iteration=1 stage=4 derivative_s=0.015873900 first_order_s=0.005569500 second_order_s=0.009965200 algebra_s=0.036261600 kkt_assembly_s=0.143176200 factor_s=0.185040600 solve_s=0.309361400 update_s=0.064239800 K_nnz=393075 rhs_cols=1021 Vxx_nnz=1040400
FILTERDDP_TIMING iteration=59 barrier_iteration=1 stage=3 derivative_s=0.016391600 first_order_s=0.005497500 second_order_s=0.010552300 algebra_s=0.050853600 kkt_assembly_s=0.150358300 factor_s=0.190767600 solve_s=0.303305000 update_s=0.074917300 K_nnz=393075 rhs_cols=1021 Vxx_nnz=1040400
FILTERDDP_TIMING iteration=59 barrier_iteration=1 stage=2 derivative_s=0.012742200 first_order_s=0.005291200 second_order_s=0.007105300 algebra_s=0.035982700 kkt_assembly_s=0.150970900 factor_s=0.202054300 solve_s=0.334154300 update_s=0.066665600 K_nnz=393075 rhs_cols=1021 Vxx_nnz=1040400
FILTERDDP_TIMING iteration=59 barrier_iteration=1 stage=1 derivative_s=0.017247100 first_order_s=0.007993100 second_order_s=0.008607100 algebra_s=0.084369900 kkt_assembly_s=0.159432400 factor_s=0.202006800 solve_s=0.432402100 update_s=0.070400900 K_nnz=393075 rhs_cols=1021 Vxx_nnz=1040400
FILTERDDP_FEASIBILITY iteration=59 barrier_iteration=1 equality_count=1015272 equality_rms=5.757457798645e-02 equality_max=9.058282042053e-01 equality_worst_stage=24 equality_worst_index=31165 dynamics_count=23460 dynamics_rms=0.000000000000e+00 dynamics_max=0.000000000000e+00 dynamics_worst_stage=0 dynamics_worst_index=0 bound_count=1137768 bound_rms=0.000000000000e+00 bound_max=0.000000000000e+00 bound_worst_stage=0 bound_worst_index=0 bound_worst_kind=none
FILTERDDP_ITER_TIMING iteration=59 barrier_iteration=1 backward_s=21.002557500 forward_s=0.000000000 total_s=21.002557500 outcome=barrier_update step_size=5.000000000e-01 backtracks=0 mu=2.000000000e-01
FILTERDDP_TIMING iteration=59 barrier_iteration=2 stage=24 derivative_s=0.017548300 first_order_s=0.005383700 second_order_s=0.011828900 algebra_s=0.056898600 kkt_assembly_s=0.269436900 factor_s=0.179826800 solve_s=0.314628000 update_s=0.077055300 K_nnz=393075 rhs_cols=1021 Vxx_nnz=1040400
FILTERDDP_TIMING iteration=59 barrier_iteration=2 stage=23 derivative_s=0.015583400 first_order_s=0.005147300 second_order_s=0.010120700 algebra_s=0.035990800 kkt_assembly_s=0.141236000 factor_s=0.222916800 solve_s=0.462645000 update_s=0.062699800 K_nnz=393075 rhs_cols=1021 Vxx_nnz=1040400
FILTERDDP_TIMING iteration=59 barrier_iteration=2 stage=22 derivative_s=0.013343500 first_order_s=0.005342400 second_order_s=0.007643200 algebra_s=0.034447500 kkt_assembly_s=0.145474800 factor_s=0.194662400 solve_s=0.317942400 update_s=0.072277100 K_nnz=393075 rhs_cols=1021 Vxx_nnz=1040400
FILTERDDP_TIMING iteration=59 barrier_iteration=2 stage=21 derivative_s=0.017256300 first_order_s=0.005301800 second_order_s=0.011626900 algebra_s=0.047705000 kkt_assembly_s=0.145236300 factor_s=0.182740000 solve_s=0.303684700 update_s=0.073364200 K_nnz=393075 rhs_cols=1021 Vxx_nnz=1040400
FILTERDDP_TIMING iteration=59 barrier_iteration=2 stage=20 derivative_s=0.012248300 first_order_s=0.005367800 second_order_s=0.006563100 algebra_s=0.035602100 kkt_assembly_s=0.141101200 factor_s=0.203569700 solve_s=0.309297400 update_s=0.079343000 K_nnz=393075 rhs_cols=1021 Vxx_nnz=1040400
FILTERDDP_TIMING iteration=59 barrier_iteration=2 stage=19 derivative_s=0.015368800 first_order_s=0.005149500 second_order_s=0.009898800 algebra_s=0.045652400 kkt_assembly_s=0.141565700 factor_s=0.179388200 solve_s=0.301337200 update_s=0.073019800 K_nnz=393075 rhs_cols=1021 Vxx_nnz=1040400
FILTERDDP_TIMING iteration=59 barrier_iteration=2 stage=18 derivative_s=0.016717600 first_order_s=0.005458400 second_order_s=0.010941400 algebra_s=0.037424200 kkt_assembly_s=0.149610700 factor_s=0.217760600 solve_s=0.403494100 update_s=0.072954300 K_nnz=393075 rhs_cols=1021 Vxx_nnz=1040400
FILTERDDP_TIMING iteration=59 barrier_iteration=2 stage=17 derivative_s=0.015232300 first_order_s=0.004970900 second_order_s=0.009907400 algebra_s=0.037663700 kkt_assembly_s=0.172481400 factor_s=0.214951400 solve_s=0.303931800 update_s=0.065861200 K_nnz=393075 rhs_cols=1021 Vxx_nnz=1040400
FILTERDDP_TIMING iteration=59 barrier_iteration=2 stage=16 derivative_s=0.024544900 first_order_s=0.017426300 second_order_s=0.006787500 algebra_s=0.035649700 kkt_assembly_s=0.143173300 factor_s=0.180846000 solve_s=0.317936400 update_s=0.068427800 K_nnz=393075 rhs_cols=1021 Vxx_nnz=1040400
FILTERDDP_TIMING iteration=59 barrier_iteration=2 stage=15 derivative_s=0.014870300 first_order_s=0.005243300 second_order_s=0.009298400 algebra_s=0.046368200 kkt_assembly_s=0.145042500 factor_s=0.179399700 solve_s=0.318217200 update_s=0.073358100 K_nnz=393075 rhs_cols=1021 Vxx_nnz=1040400
FILTERDDP_TIMING iteration=59 barrier_iteration=2 stage=14 derivative_s=0.015692600 first_order_s=0.005526300 second_order_s=0.009801000 algebra_s=0.036104600 kkt_assembly_s=0.143878200 factor_s=0.190848300 solve_s=0.311469900 update_s=0.066264000 K_nnz=393075 rhs_cols=1021 Vxx_nnz=1040400
FILTERDDP_TIMING iteration=59 barrier_iteration=2 stage=13 derivative_s=0.015400300 first_order_s=0.005280000 second_order_s=0.009781600 algebra_s=0.053189000 kkt_assembly_s=0.147418800 factor_s=0.186697700 solve_s=0.304354000 update_s=0.113261300 K_nnz=393075 rhs_cols=1021 Vxx_nnz=1040400
FILTERDDP_TIMING iteration=59 barrier_iteration=2 stage=12 derivative_s=0.015235600 first_order_s=0.005167000 second_order_s=0.009726000 algebra_s=0.036455700 kkt_assembly_s=0.146117400 factor_s=0.297046300 solve_s=0.308527300 update_s=0.081411500 K_nnz=393075 rhs_cols=1021 Vxx_nnz=1040400
FILTERDDP_TIMING iteration=59 barrier_iteration=2 stage=11 derivative_s=0.025116500 first_order_s=0.005511600 second_order_s=0.019245600 algebra_s=0.037134200 kkt_assembly_s=0.144967600 factor_s=0.185097200 solve_s=0.308944100 update_s=0.072790300 K_nnz=393075 rhs_cols=1021 Vxx_nnz=1040400
FILTERDDP_TIMING iteration=59 barrier_iteration=2 stage=10 derivative_s=0.017725100 first_order_s=0.005089700 second_order_s=0.012270500 algebra_s=0.050073000 kkt_assembly_s=0.148039000 factor_s=0.182339100 solve_s=0.314271400 update_s=0.073993400 K_nnz=393075 rhs_cols=1021 Vxx_nnz=1040400
FILTERDDP_TIMING iteration=59 barrier_iteration=2 stage=9 derivative_s=0.015109400 first_order_s=0.005081400 second_order_s=0.009689700 algebra_s=0.036280000 kkt_assembly_s=0.143123700 factor_s=0.186999600 solve_s=0.304651900 update_s=0.069336300 K_nnz=393075 rhs_cols=1021 Vxx_nnz=1040400
FILTERDDP_TIMING iteration=59 barrier_iteration=2 stage=8 derivative_s=0.015397300 first_order_s=0.005315600 second_order_s=0.009737900 algebra_s=0.050309600 kkt_assembly_s=0.141765200 factor_s=0.178220100 solve_s=0.313636400 update_s=0.072067000 K_nnz=393075 rhs_cols=1021 Vxx_nnz=1040400
FILTERDDP_TIMING iteration=59 barrier_iteration=2 stage=7 derivative_s=0.016052300 first_order_s=0.005079300 second_order_s=0.010656300 algebra_s=0.035498600 kkt_assembly_s=0.141944000 factor_s=0.184757500 solve_s=0.333961000 update_s=0.065958600 K_nnz=393075 rhs_cols=1021 Vxx_nnz=1040400
FILTERDDP_TIMING iteration=59 barrier_iteration=2 stage=6 derivative_s=0.013065500 first_order_s=0.005333100 second_order_s=0.007382800 algebra_s=0.084450200 kkt_assembly_s=0.147549800 factor_s=0.189512000 solve_s=0.410169400 update_s=0.063693600 K_nnz=393075 rhs_cols=1021 Vxx_nnz=1040400
FILTERDDP_TIMING iteration=59 barrier_iteration=2 stage=5 derivative_s=0.016839500 first_order_s=0.005222800 second_order_s=0.011274300 algebra_s=0.035497000 kkt_assembly_s=0.145747000 factor_s=0.196980100 solve_s=0.319699100 update_s=0.068233100 K_nnz=393075 rhs_cols=1021 Vxx_nnz=1040400
FILTERDDP_TIMING iteration=59 barrier_iteration=2 stage=4 derivative_s=0.015605700 first_order_s=0.005188800 second_order_s=0.010062900 algebra_s=0.055751000 kkt_assembly_s=0.142224000 factor_s=0.208765500 solve_s=0.308326700 update_s=0.076700700 K_nnz=393075 rhs_cols=1021 Vxx_nnz=1040400
FILTERDDP_TIMING iteration=59 barrier_iteration=2 stage=3 derivative_s=0.015095000 first_order_s=0.005003300 second_order_s=0.009752000 algebra_s=0.035135100 kkt_assembly_s=0.147439700 factor_s=0.182577400 solve_s=0.308180000 update_s=0.071879600 K_nnz=393075 rhs_cols=1021 Vxx_nnz=1040400
FILTERDDP_TIMING iteration=59 barrier_iteration=2 stage=2 derivative_s=0.024177300 first_order_s=0.005330600 second_order_s=0.018496800 algebra_s=0.036858400 kkt_assembly_s=0.152051100 factor_s=0.183430900 solve_s=0.315408100 update_s=0.067882200 K_nnz=393075 rhs_cols=1021 Vxx_nnz=1040400
FILTERDDP_TIMING iteration=59 barrier_iteration=2 stage=1 derivative_s=0.013993500 first_order_s=0.005097600 second_order_s=0.008557800 algebra_s=0.058559300 kkt_assembly_s=0.149406200 factor_s=0.174581300 solve_s=0.347540500 update_s=0.167388800 K_nnz=393075 rhs_cols=1021 Vxx_nnz=1040400
FILTERDDP_FEASIBILITY iteration=59 barrier_iteration=2 equality_count=1015272 equality_rms=5.757457798645e-02 equality_max=9.058282042053e-01 equality_worst_stage=24 equality_worst_index=31165 dynamics_count=23460 dynamics_rms=0.000000000000e+00 dynamics_max=0.000000000000e+00 dynamics_worst_stage=0 dynamics_worst_index=0 bound_count=1137768 bound_rms=0.000000000000e+00 bound_max=0.000000000000e+00 bound_worst_stage=0 bound_worst_index=0 bound_worst_kind=none
    59   2.87409394e+06   9.0583e-01   1.7340e+00   4.3859e-01   -1.40      -     5.0000e-01   0
FILTERDDP_ITER_TIMING iteration=59 barrier_iteration=2 backward_s=20.934663400 forward_s=0.372193200 total_s=21.306856600 outcome=accepted step_size=5.000000000e-01 backtracks=0 mu=4.000000000e-02
FILTERDDP_TIMING iteration=60 barrier_iteration=2 stage=24 derivative_s=0.016988700 first_order_s=0.005041100 second_order_s=0.011613200 algebra_s=0.053650500 kkt_assembly_s=0.264108400 factor_s=0.183043700 solve_s=0.306772800 update_s=0.064716200 K_nnz=393075 rhs_cols=1021 Vxx_nnz=1040400
FILTERDDP_TIMING iteration=60 barrier_iteration=2 stage=23 derivative_s=0.015170500 first_order_s=0.005196200 second_order_s=0.009642200 algebra_s=0.040086900 kkt_assembly_s=0.141389000 factor_s=0.247443300 solve_s=0.440880600 update_s=0.065805300 K_nnz=393075 rhs_cols=1021 Vxx_nnz=1040400
FILTERDDP_TIMING iteration=60 barrier_iteration=2 stage=22 derivative_s=0.015926500 first_order_s=0.005509000 second_order_s=0.010018200 algebra_s=0.038021000 kkt_assembly_s=0.143605400 factor_s=0.189155000 solve_s=0.320964400 update_s=0.066201900 K_nnz=393075 rhs_cols=1021 Vxx_nnz=1040400
FILTERDDP_TIMING iteration=60 barrier_iteration=2 stage=21 derivative_s=0.017157100 first_order_s=0.005330100 second_order_s=0.011500200 algebra_s=0.047180200 kkt_assembly_s=0.148537300 factor_s=0.176649400 solve_s=0.300925200 update_s=0.083279300 K_nnz=393075 rhs_cols=1021 Vxx_nnz=1040400
FILTERDDP_TIMING iteration=60 barrier_iteration=2 stage=20 derivative_s=0.015475300 first_order_s=0.005284900 second_order_s=0.009827600 algebra_s=0.035848000 kkt_assembly_s=0.141093500 factor_s=0.181369200 solve_s=0.319580800 update_s=0.065485000 K_nnz=393075 rhs_cols=1021 Vxx_nnz=1040400
FILTERDDP_TIMING iteration=60 barrier_iteration=2 stage=19 derivative_s=0.015448500 first_order_s=0.005555700 second_order_s=0.009556900 algebra_s=0.046289000 kkt_assembly_s=0.142190900 factor_s=0.180163700 solve_s=0.302425200 update_s=0.072552000 K_nnz=393075 rhs_cols=1021 Vxx_nnz=1040400
FILTERDDP_TIMING iteration=60 barrier_iteration=2 stage=18 derivative_s=0.016116700 first_order_s=0.005699400 second_order_s=0.010048700 algebra_s=0.078547600 kkt_assembly_s=0.140305100 factor_s=0.174869300 solve_s=0.388170900 update_s=0.064106600 K_nnz=393075 rhs_cols=1021 Vxx_nnz=1040400
FILTERDDP_TIMING iteration=60 barrier_iteration=2 stage=17 derivative_s=0.015150400 first_order_s=0.005225800 second_order_s=0.009605200 algebra_s=0.036646800 kkt_assembly_s=0.143034300 factor_s=0.189470100 solve_s=0.322075800 update_s=0.069090700 K_nnz=393075 rhs_cols=1021 Vxx_nnz=1040400
FILTERDDP_TIMING iteration=60 barrier_iteration=2 stage=16 derivative_s=0.015381200 first_order_s=0.005198400 second_order_s=0.009833700 algebra_s=0.046550700 kkt_assembly_s=0.170657900 factor_s=0.178735200 solve_s=0.306098400 update_s=0.080067200 K_nnz=393075 rhs_cols=1021 Vxx_nnz=1040400
FILTERDDP_TIMING iteration=60 barrier_iteration=2 stage=15 derivative_s=0.021661900 first_order_s=0.005723800 second_order_s=0.015545800 algebra_s=0.036990600 kkt_assembly_s=0.163874700 factor_s=0.194319800 solve_s=0.314982800 update_s=0.066818800 K_nnz=393075 rhs_cols=1021 Vxx_nnz=1040400
FILTERDDP_TIMING iteration=60 barrier_iteration=2 stage=14 derivative_s=0.015107800 first_order_s=0.005329200 second_order_s=0.009444700 algebra_s=0.045346200 kkt_assembly_s=0.144751900 factor_s=0.176648000 solve_s=0.303597000 update_s=0.076533600 K_nnz=393075 rhs_cols=1021 Vxx_nnz=1040400
FILTERDDP_TIMING iteration=60 barrier_iteration=2 stage=13 derivative_s=0.015590000 first_order_s=0.005448500 second_order_s=0.009801700 algebra_s=0.035740800 kkt_assembly_s=0.140621900 factor_s=0.181223900 solve_s=0.360168600 update_s=0.061784700 K_nnz=393075 rhs_cols=1021 Vxx_nnz=1040400
FILTERDDP_TIMING iteration=60 barrier_iteration=2 stage=12 derivative_s=0.015895500 first_order_s=0.005434300 second_order_s=0.010114900 algebra_s=0.137751300 kkt_assembly_s=0.150555600 factor_s=0.186986900 solve_s=0.328342400 update_s=0.064802100 K_nnz=393075 rhs_cols=1021 Vxx_nnz=1040400
FILTERDDP_TIMING iteration=60 barrier_iteration=2 stage=11 derivative_s=0.013037000 first_order_s=0.005542100 second_order_s=0.007105300 algebra_s=0.042486700 kkt_assembly_s=0.145140100 factor_s=0.187155400 solve_s=0.302376600 update_s=0.063833200 K_nnz=393075 rhs_cols=1021 Vxx_nnz=1040400
FILTERDDP_TIMING iteration=60 barrier_iteration=2 stage=10 derivative_s=0.021380300 first_order_s=0.014321000 second_order_s=0.006661200 algebra_s=0.035238100 kkt_assembly_s=0.142823900 factor_s=0.180333400 solve_s=0.326844600 update_s=0.069987400 K_nnz=393075 rhs_cols=1021 Vxx_nnz=1040400
FILTERDDP_TIMING iteration=60 barrier_iteration=2 stage=9 derivative_s=0.013851700 first_order_s=0.005266000 second_order_s=0.008236000 algebra_s=0.049931100 kkt_assembly_s=0.143279400 factor_s=0.176772200 solve_s=0.317529800 update_s=0.074017100 K_nnz=393075 rhs_cols=1021 Vxx_nnz=1040400
FILTERDDP_TIMING iteration=60 barrier_iteration=2 stage=8 derivative_s=0.015646600 first_order_s=0.005668100 second_order_s=0.009635500 algebra_s=0.035759100 kkt_assembly_s=0.140221300 factor_s=0.225270200 solve_s=0.404369300 update_s=0.068002700 K_nnz=393075 rhs_cols=1021 Vxx_nnz=1040400
FILTERDDP_TIMING iteration=60 barrier_iteration=2 stage=7 derivative_s=0.015612800 first_order_s=0.005448500 second_order_s=0.009842000 algebra_s=0.032377100 kkt_assembly_s=0.142298800 factor_s=0.188384000 solve_s=0.302761700 update_s=0.081399600 K_nnz=393075 rhs_cols=1021 Vxx_nnz=1040400
FILTERDDP_TIMING iteration=60 barrier_iteration=2 stage=6 derivative_s=0.015296600 first_order_s=0.005111500 second_order_s=0.009832300 algebra_s=0.040159300 kkt_assembly_s=0.140943900 factor_s=0.186245100 solve_s=0.325617600 update_s=0.071697800 K_nnz=393075 rhs_cols=1021 Vxx_nnz=1040400
FILTERDDP_TIMING iteration=60 barrier_iteration=2 stage=5 derivative_s=0.015087200 first_order_s=0.005163700 second_order_s=0.009578200 algebra_s=0.046522100 kkt_assembly_s=0.141204800 factor_s=0.174912500 solve_s=0.309328000 update_s=0.077787200 K_nnz=393075 rhs_cols=1021 Vxx_nnz=1040400
FILTERDDP_TIMING iteration=60 barrier_iteration=2 stage=4 derivative_s=0.016727500 first_order_s=0.005026600 second_order_s=0.011381000 algebra_s=0.034954400 kkt_assembly_s=0.142038900 factor_s=0.182815200 solve_s=0.311653300 update_s=0.075040400 K_nnz=393075 rhs_cols=1021 Vxx_nnz=1040400
FILTERDDP_TIMING iteration=60 barrier_iteration=2 stage=3 derivative_s=0.012935400 first_order_s=0.005357200 second_order_s=0.007234800 algebra_s=0.049235200 kkt_assembly_s=0.144295600 factor_s=0.216961700 solve_s=0.305346300 update_s=0.075485000 K_nnz=393075 rhs_cols=1021 Vxx_nnz=1040400
FILTERDDP_TIMING iteration=60 barrier_iteration=2 stage=2 derivative_s=0.015717500 first_order_s=0.005119200 second_order_s=0.010258100 algebra_s=0.036157600 kkt_assembly_s=0.143324900 factor_s=0.230340600 solve_s=0.402971300 update_s=0.063136500 K_nnz=393075 rhs_cols=1021 Vxx_nnz=1040400
FILTERDDP_TIMING iteration=60 barrier_iteration=2 stage=1 derivative_s=0.015197100 first_order_s=0.005141200 second_order_s=0.009711300 algebra_s=0.036606500 kkt_assembly_s=0.141365400 factor_s=0.186311500 solve_s=0.303316100 update_s=0.072297200 K_nnz=393075 rhs_cols=1021 Vxx_nnz=1040400
FILTERDDP_FEASIBILITY iteration=60 barrier_iteration=2 equality_count=1015272 equality_rms=5.158481538990e-02 equality_max=8.991028296183e-01 equality_worst_stage=24 equality_worst_index=31165 dynamics_count=23460 dynamics_rms=0.000000000000e+00 dynamics_max=0.000000000000e+00 dynamics_worst_stage=0 dynamics_worst_index=0 bound_count=1137768 bound_rms=0.000000000000e+00 bound_max=0.000000000000e+00 bound_worst_stage=0 bound_worst_index=0 bound_worst_kind=none
  iter     objective        pr_inf       du_inf       cs_inf     lg(μ)   lg(reg)    alpha     ls
    60   2.78559201e+06   8.9910e-01   8.8731e-01   2.6176e-01   -1.40      -     5.0000e-01   0
FILTERDDP_ITER_TIMING iteration=60 barrier_iteration=2 backward_s=20.753010700 forward_s=0.341931500 total_s=21.094942200 outcome=accepted step_size=5.000000000e-01 backtracks=0 mu=4.000000000e-02
FILTERDDP_TIMING iteration=61 barrier_iteration=2 stage=24 derivative_s=0.030854000 first_order_s=0.007999800 second_order_s=0.022334000 algebra_s=0.045329900 kkt_assembly_s=0.304999700 factor_s=0.185739400 solve_s=0.338854700 update_s=0.065868600 K_nnz=393075 rhs_cols=1021 Vxx_nnz=1040400
FILTERDDP_TIMING iteration=61 barrier_iteration=2 stage=23 derivative_s=0.012411300 first_order_s=0.005136400 second_order_s=0.006930100 algebra_s=0.033735000 kkt_assembly_s=0.143200600 factor_s=0.227490400 solve_s=0.452021900 update_s=0.065091900 K_nnz=393075 rhs_cols=1021 Vxx_nnz=1040400
FILTERDDP_TIMING iteration=61 barrier_iteration=2 stage=22 derivative_s=0.012252100 first_order_s=0.005059800 second_order_s=0.006834700 algebra_s=0.036072700 kkt_assembly_s=0.143406200 factor_s=0.211417900 solve_s=0.310016300 update_s=0.072449900 K_nnz=393075 rhs_cols=1021 Vxx_nnz=1040400
FILTERDDP_TIMING iteration=61 barrier_iteration=2 stage=21 derivative_s=0.015325900 first_order_s=0.005133300 second_order_s=0.009854800 algebra_s=0.061504800 kkt_assembly_s=0.157421700 factor_s=0.175105500 solve_s=0.294096500 update_s=0.073136000 K_nnz=393075 rhs_cols=1021 Vxx_nnz=1040400
FILTERDDP_TIMING iteration=61 barrier_iteration=2 stage=20 derivative_s=0.015603800 first_order_s=0.005339000 second_order_s=0.009920300 algebra_s=0.036625600 kkt_assembly_s=0.141443300 factor_s=0.178037100 solve_s=0.296645200 update_s=0.065320400 K_nnz=393075 rhs_cols=1021 Vxx_nnz=1040400
FILTERDDP_TIMING iteration=61 barrier_iteration=2 stage=19 derivative_s=0.024211400 first_order_s=0.005195500 second_order_s=0.018671100 algebra_s=0.036432300 kkt_assembly_s=0.142755700 factor_s=0.186032300 solve_s=0.312455000 update_s=0.080630700 K_nnz=393075 rhs_cols=1021 Vxx_nnz=1040400
FILTERDDP_TIMING iteration=61 barrier_iteration=2 stage=18 derivative_s=0.021158900 first_order_s=0.007557400 second_order_s=0.013098800 algebra_s=0.054038300 kkt_assembly_s=0.147844300 factor_s=0.183066800 solve_s=0.347872500 update_s=0.181507200 K_nnz=393075 rhs_cols=1021 Vxx_nnz=1040400
FILTERDDP_TIMING iteration=61 barrier_iteration=2 stage=17 derivative_s=0.016564400 first_order_s=0.006319600 second_order_s=0.009657700 algebra_s=0.036838300 kkt_assembly_s=0.154341500 factor_s=0.213101500 solve_s=0.313849900 update_s=0.069604700 K_nnz=393075 rhs_cols=1021 Vxx_nnz=1040400
FILTERDDP_TIMING iteration=61 barrier_iteration=2 stage=16 derivative_s=0.014964000 first_order_s=0.004961200 second_order_s=0.009678700 algebra_s=0.046899800 kkt_assembly_s=0.141744200 factor_s=0.181207700 solve_s=0.309681800 update_s=0.073889100 K_nnz=393075 rhs_cols=1021 Vxx_nnz=1040400
FILTERDDP_TIMING iteration=61 barrier_iteration=2 stage=15 derivative_s=0.015541400 first_order_s=0.005374400 second_order_s=0.009770800 algebra_s=0.042078200 kkt_assembly_s=0.141373100 factor_s=0.184860500 solve_s=0.304959100 update_s=0.074741000 K_nnz=393075 rhs_cols=1021 Vxx_nnz=1040400
FILTERDDP_TIMING iteration=61 barrier_iteration=2 stage=14 derivative_s=0.014639200 first_order_s=0.005136100 second_order_s=0.009160400 algebra_s=0.035836900 kkt_assembly_s=0.141521000 factor_s=0.179178200 solve_s=0.313832000 update_s=0.065087700 K_nnz=393075 rhs_cols=1021 Vxx_nnz=1040400
FILTERDDP_TIMING iteration=61 barrier_iteration=2 stage=13 derivative_s=0.018989900 first_order_s=0.005178000 second_order_s=0.013456300 algebra_s=0.057544600 kkt_assembly_s=0.142186900 factor_s=0.173301100 solve_s=0.296692400 update_s=0.073954600 K_nnz=393075 rhs_cols=1021 Vxx_nnz=1040400
FILTERDDP_TIMING iteration=61 barrier_iteration=2 stage=12 derivative_s=0.014554700 first_order_s=0.005160400 second_order_s=0.009054100 algebra_s=0.036342200 kkt_assembly_s=0.143313400 factor_s=0.230807500 solve_s=0.413271200 update_s=0.067691600 K_nnz=393075 rhs_cols=1021 Vxx_nnz=1040400
FILTERDDP_TIMING iteration=61 barrier_iteration=2 stage=11 derivative_s=0.015387500 first_order_s=0.005327900 second_order_s=0.009716200 algebra_s=0.034611000 kkt_assembly_s=0.142550700 factor_s=0.185345600 solve_s=0.300318800 update_s=0.066046200 K_nnz=393075 rhs_cols=1021 Vxx_nnz=1040400
FILTERDDP_TIMING iteration=61 barrier_iteration=2 stage=10 derivative_s=0.030619100 first_order_s=0.005642700 second_order_s=0.024554100 algebra_s=0.035519600 kkt_assembly_s=0.141131700 factor_s=0.199180800 solve_s=0.322149900 update_s=0.065848700 K_nnz=393075 rhs_cols=1021 Vxx_nnz=1040400
FILTERDDP_TIMING iteration=61 barrier_iteration=2 stage=9 derivative_s=0.016404100 first_order_s=0.005334300 second_order_s=0.010640000 algebra_s=0.053140300 kkt_assembly_s=0.174284500 factor_s=0.172465100 solve_s=0.313001500 update_s=0.072555600 K_nnz=393075 rhs_cols=1021 Vxx_nnz=1040400
FILTERDDP_TIMING iteration=61 barrier_iteration=2 stage=8 derivative_s=0.017734800 first_order_s=0.005198500 second_order_s=0.012196000 algebra_s=0.036026800 kkt_assembly_s=0.141929600 factor_s=0.192870000 solve_s=0.326960000 update_s=0.074556300 K_nnz=393075 rhs_cols=1021 Vxx_nnz=1040400
FILTERDDP_TIMING iteration=61 barrier_iteration=2 stage=7 derivative_s=0.018865300 first_order_s=0.005060900 second_order_s=0.013478500 algebra_s=0.047069000 kkt_assembly_s=0.141275200 factor_s=0.172216500 solve_s=0.342179400 update_s=0.175774700 K_nnz=393075 rhs_cols=1021 Vxx_nnz=1040400
FILTERDDP_TIMING iteration=61 barrier_iteration=2 stage=6 derivative_s=0.016059800 first_order_s=0.007241300 second_order_s=0.008485200 algebra_s=0.035958600 kkt_assembly_s=0.142625500 factor_s=0.173232800 solve_s=0.328049400 update_s=0.065557000 K_nnz=393075 rhs_cols=1021 Vxx_nnz=1040400
FILTERDDP_TIMING iteration=61 barrier_iteration=2 stage=5 derivative_s=0.027560200 first_order_s=0.005508900 second_order_s=0.021687400 algebra_s=0.035367100 kkt_assembly_s=0.143573900 factor_s=0.177441100 solve_s=0.319511800 update_s=0.066479500 K_nnz=393075 rhs_cols=1021 Vxx_nnz=1040400
FILTERDDP_TIMING iteration=61 barrier_iteration=2 stage=4 derivative_s=0.015333300 first_order_s=0.005018800 second_order_s=0.009974600 algebra_s=0.049761900 kkt_assembly_s=0.141987900 factor_s=0.172257200 solve_s=0.310729400 update_s=0.077672100 K_nnz=393075 rhs_cols=1021 Vxx_nnz=1040400
FILTERDDP_TIMING iteration=61 barrier_iteration=2 stage=3 derivative_s=0.015527900 first_order_s=0.005461800 second_order_s=0.009734000 algebra_s=0.043324600 kkt_assembly_s=0.142353300 factor_s=0.174386400 solve_s=0.294485600 update_s=0.065259500 K_nnz=393075 rhs_cols=1021 Vxx_nnz=1040400
FILTERDDP_TIMING iteration=61 barrier_iteration=2 stage=2 derivative_s=0.023289200 first_order_s=0.004997500 second_order_s=0.017970500 algebra_s=0.035411300 kkt_assembly_s=0.141819100 factor_s=0.184977400 solve_s=0.317621600 update_s=0.069104900 K_nnz=393075 rhs_cols=1021 Vxx_nnz=1040400
FILTERDDP_TIMING iteration=61 barrier_iteration=2 stage=1 derivative_s=0.015241000 first_order_s=0.005165200 second_order_s=0.009733100 algebra_s=0.080024600 kkt_assembly_s=0.144305000 factor_s=0.173700900 solve_s=0.401955700 update_s=0.064610300 K_nnz=393075 rhs_cols=1021 Vxx_nnz=1040400
FILTERDDP_FEASIBILITY iteration=61 barrier_iteration=2 equality_count=1015272 equality_rms=3.765598051147e-02 equality_max=6.378156011799e-01 equality_worst_stage=24 equality_worst_index=31165 dynamics_count=23460 dynamics_rms=0.000000000000e+00 dynamics_max=0.000000000000e+00 dynamics_worst_stage=0 dynamics_worst_index=0 bound_count=1137768 bound_rms=0.000000000000e+00 bound_max=0.000000000000e+00 bound_worst_stage=0 bound_worst_index=0 bound_worst_kind=none
    61   2.74219470e+06   6.3782e-01   6.8643e-01   1.6262e-01   -1.40      -     5.0000e-01   0
FILTERDDP_ITER_TIMING iteration=61 barrier_iteration=2 backward_s=20.864986200 forward_s=0.322006600 total_s=21.186992800 outcome=accepted step_size=5.000000000e-01 backtracks=0 mu=4.000000000e-02
FILTERDDP_TIMING iteration=62 barrier_iteration=2 stage=24 derivative_s=0.017285100 first_order_s=0.005424500 second_order_s=0.011507200 algebra_s=0.057014900 kkt_assembly_s=0.278621100 factor_s=0.180446300 solve_s=0.323674200 update_s=0.063163800 K_nnz=393075 rhs_cols=1021 Vxx_nnz=1040400
FILTERDDP_TIMING iteration=62 barrier_iteration=2 stage=23 derivative_s=0.015759700 first_order_s=0.005415700 second_order_s=0.009977200 algebra_s=0.036755100 kkt_assembly_s=0.152293300 factor_s=0.238638900 solve_s=0.455887300 update_s=0.070686800 K_nnz=393075 rhs_cols=1021 Vxx_nnz=1040400
FILTERDDP_TIMING iteration=62 barrier_iteration=2 stage=22 derivative_s=0.014101000 first_order_s=0.005579000 second_order_s=0.008172800 algebra_s=0.042852900 kkt_assembly_s=0.148997500 factor_s=0.199326000 solve_s=0.307778900 update_s=0.065511600 K_nnz=393075 rhs_cols=1021 Vxx_nnz=1040400
FILTERDDP_TIMING iteration=62 barrier_iteration=2 stage=21 derivative_s=0.015506300 first_order_s=0.005263000 second_order_s=0.009922300 algebra_s=0.046218600 kkt_assembly_s=0.140842000 factor_s=0.174448700 solve_s=0.304905900 update_s=0.072430600 K_nnz=393075 rhs_cols=1021 Vxx_nnz=1040400
FILTERDDP_TIMING iteration=62 barrier_iteration=2 stage=20 derivative_s=0.015706800 first_order_s=0.005387700 second_order_s=0.009972500 algebra_s=0.040137300 kkt_assembly_s=0.141810000 factor_s=0.195505200 solve_s=0.315595900 update_s=0.066136500 K_nnz=393075 rhs_cols=1021 Vxx_nnz=1040400
FILTERDDP_TIMING iteration=62 barrier_iteration=2 stage=19 derivative_s=0.015272000 first_order_s=0.005332000 second_order_s=0.009571000 algebra_s=0.044317300 kkt_assembly_s=0.146506500 factor_s=0.184887000 solve_s=0.309760100 update_s=0.074258600 K_nnz=393075 rhs_cols=1021 Vxx_nnz=1040400
FILTERDDP_TIMING iteration=62 barrier_iteration=2 stage=18 derivative_s=0.018749400 first_order_s=0.005489400 second_order_s=0.012913900 algebra_s=0.078565200 kkt_assembly_s=0.147284800 factor_s=0.178969700 solve_s=0.399604900 update_s=0.065313300 K_nnz=393075 rhs_cols=1021 Vxx_nnz=1040400
FILTERDDP_TIMING iteration=62 barrier_iteration=2 stage=17 derivative_s=0.015126100 first_order_s=0.005047100 second_order_s=0.009760300 algebra_s=0.037078900 kkt_assembly_s=0.143216400 factor_s=0.193871000 solve_s=0.316185900 update_s=0.063815500 K_nnz=393075 rhs_cols=1021 Vxx_nnz=1040400
FILTERDDP_TIMING iteration=62 barrier_iteration=2 stage=16 derivative_s=0.015271900 first_order_s=0.005132000 second_order_s=0.009815000 algebra_s=0.047080600 kkt_assembly_s=0.142135500 factor_s=0.173307900 solve_s=0.323153000 update_s=0.067602500 K_nnz=393075 rhs_cols=1021 Vxx_nnz=1040400
FILTERDDP_TIMING iteration=62 barrier_iteration=2 stage=15 derivative_s=0.023509200 first_order_s=0.005141900 second_order_s=0.018034000 algebra_s=0.034604200 kkt_assembly_s=0.141404400 factor_s=0.180738100 solve_s=0.320260800 update_s=0.070587900 K_nnz=393075 rhs_cols=1021 Vxx_nnz=1040400
FILTERDDP_TIMING iteration=62 barrier_iteration=2 stage=14 derivative_s=0.017179100 first_order_s=0.005431900 second_order_s=0.011429900 algebra_s=0.046187900 kkt_assembly_s=0.148926200 factor_s=0.172915800 solve_s=0.328910400 update_s=0.076642000 K_nnz=393075 rhs_cols=1021 Vxx_nnz=1040400
FILTERDDP_TIMING iteration=62 barrier_iteration=2 stage=13 derivative_s=0.016943500 first_order_s=0.005267300 second_order_s=0.011326300 algebra_s=0.036132500 kkt_assembly_s=0.144523700 factor_s=0.220014900 solve_s=0.400273500 update_s=0.071549100 K_nnz=393075 rhs_cols=1021 Vxx_nnz=1040400
FILTERDDP_TIMING iteration=62 barrier_iteration=2 stage=12 derivative_s=0.015543800 first_order_s=0.005222100 second_order_s=0.009982000 algebra_s=0.038263700 kkt_assembly_s=0.148294400 factor_s=0.204434800 solve_s=0.305068400 update_s=0.067472900 K_nnz=393075 rhs_cols=1021 Vxx_nnz=1040400
FILTERDDP_TIMING iteration=62 barrier_iteration=2 stage=11 derivative_s=0.025820500 first_order_s=0.005238900 second_order_s=0.020088000 algebra_s=0.035626100 kkt_assembly_s=0.142149900 factor_s=0.187917300 solve_s=0.317249500 update_s=0.067728200 K_nnz=393075 rhs_cols=1021 Vxx_nnz=1040400
FILTERDDP_TIMING iteration=62 barrier_iteration=2 stage=10 derivative_s=0.015258100 first_order_s=0.005027800 second_order_s=0.009890900 algebra_s=0.048926500 kkt_assembly_s=0.141333400 factor_s=0.173067100 solve_s=0.307038300 update_s=0.073375600 K_nnz=393075 rhs_cols=1021 Vxx_nnz=1040400
FILTERDDP_TIMING iteration=62 barrier_iteration=2 stage=9 derivative_s=0.015195100 first_order_s=0.005063200 second_order_s=0.009812700 algebra_s=0.035553200 kkt_assembly_s=0.140493500 factor_s=0.177858300 solve_s=0.307370400 update_s=0.067481300 K_nnz=393075 rhs_cols=1021 Vxx_nnz=1040400
FILTERDDP_TIMING iteration=62 barrier_iteration=2 stage=8 derivative_s=0.016967500 first_order_s=0.005533600 second_order_s=0.011114100 algebra_s=0.058572000 kkt_assembly_s=0.145976800 factor_s=0.170803900 solve_s=0.342240900 update_s=0.178045200 K_nnz=393075 rhs_cols=1021 Vxx_nnz=1040400
FILTERDDP_TIMING iteration=62 barrier_iteration=2 stage=7 derivative_s=0.015328800 first_order_s=0.007067200 second_order_s=0.007921100 algebra_s=0.037954000 kkt_assembly_s=0.149648200 factor_s=0.175623300 solve_s=0.306922800 update_s=0.066874100 K_nnz=393075 rhs_cols=1021 Vxx_nnz=1040400
FILTERDDP_TIMING iteration=62 barrier_iteration=2 stage=6 derivative_s=0.023917300 first_order_s=0.005171400 second_order_s=0.018393600 algebra_s=0.038788800 kkt_assembly_s=0.142106900 factor_s=0.188235300 solve_s=0.323967200 update_s=0.071691400 K_nnz=393075 rhs_cols=1021 Vxx_nnz=1040400
FILTERDDP_TIMING iteration=62 barrier_iteration=2 stage=5 derivative_s=0.016733900 first_order_s=0.005184700 second_order_s=0.011219800 algebra_s=0.048033700 kkt_assembly_s=0.141900400 factor_s=0.169651200 solve_s=0.316296200 update_s=0.072223800 K_nnz=393075 rhs_cols=1021 Vxx_nnz=1040400
FILTERDDP_TIMING iteration=62 barrier_iteration=2 stage=4 derivative_s=0.013098400 first_order_s=0.005386800 second_order_s=0.007361900 algebra_s=0.044060300 kkt_assembly_s=0.145942600 factor_s=0.195020700 solve_s=0.318920100 update_s=0.063165800 K_nnz=393075 rhs_cols=1021 Vxx_nnz=1040400
FILTERDDP_TIMING iteration=62 barrier_iteration=2 stage=3 derivative_s=0.024909400 first_order_s=0.005979400 second_order_s=0.018468400 algebra_s=0.041626900 kkt_assembly_s=0.145928400 factor_s=0.176136800 solve_s=0.324417900 update_s=0.086843600 K_nnz=393075 rhs_cols=1021 Vxx_nnz=1040400
FILTERDDP_TIMING iteration=62 barrier_iteration=2 stage=2 derivative_s=0.024039400 first_order_s=0.008400900 second_order_s=0.015157700 algebra_s=0.088197500 kkt_assembly_s=0.144672300 factor_s=0.173604200 solve_s=0.393492000 update_s=0.073991600 K_nnz=393075 rhs_cols=1021 Vxx_nnz=1040400
FILTERDDP_TIMING iteration=62 barrier_iteration=2 stage=1 derivative_s=0.015450300 first_order_s=0.005441400 second_order_s=0.009610800 algebra_s=0.035360700 kkt_assembly_s=0.143985800 factor_s=0.183468400 solve_s=0.333235000 update_s=0.067968300 K_nnz=393075 rhs_cols=1021 Vxx_nnz=1040400
FILTERDDP_FEASIBILITY iteration=62 barrier_iteration=2 equality_count=1015272 equality_rms=2.779294151282e-02 equality_max=3.922021779925e-01 equality_worst_stage=24 equality_worst_index=31165 dynamics_count=23460 dynamics_rms=0.000000000000e+00 dynamics_max=0.000000000000e+00 dynamics_worst_stage=0 dynamics_worst_index=0 bound_count=1137768 bound_rms=0.000000000000e+00 bound_max=0.000000000000e+00 bound_worst_stage=0 bound_worst_index=0 bound_worst_kind=none
    62   2.72099234e+06   3.9220e-01   4.8123e-01   1.0708e-01   -1.40      -     5.0000e-01   0
FILTERDDP_ITER_TIMING iteration=62 barrier_iteration=2 backward_s=20.857267500 forward_s=0.351238800 total_s=21.208506300 outcome=accepted step_size=5.000000000e-01 backtracks=0 mu=4.000000000e-02
FILTERDDP_TIMING iteration=63 barrier_iteration=2 stage=24 derivative_s=0.026491600 first_order_s=0.006879200 second_order_s=0.019217800 algebra_s=0.044015200 kkt_assembly_s=0.250057100 factor_s=0.176688000 solve_s=0.314897900 update_s=0.073683300 K_nnz=393075 rhs_cols=1021 Vxx_nnz=1040400
FILTERDDP_TIMING iteration=63 barrier_iteration=2 stage=23 derivative_s=0.015432500 first_order_s=0.005385200 second_order_s=0.009701300 algebra_s=0.035672500 kkt_assembly_s=0.148078200 factor_s=0.257264500 solve_s=0.453593900 update_s=0.067997200 K_nnz=393075 rhs_cols=1021 Vxx_nnz=1040400
FILTERDDP_TIMING iteration=63 barrier_iteration=2 stage=22 derivative_s=0.017153000 first_order_s=0.006556000 second_order_s=0.010249700 algebra_s=0.042971800 kkt_assembly_s=0.150154200 factor_s=0.191225300 solve_s=0.325622300 update_s=0.070224800 K_nnz=393075 rhs_cols=1021 Vxx_nnz=1040400
FILTERDDP_TIMING iteration=63 barrier_iteration=2 stage=21 derivative_s=0.018343300 first_order_s=0.005212000 second_order_s=0.012796700 algebra_s=0.052400100 kkt_assembly_s=0.143334400 factor_s=0.204984800 solve_s=0.309154500 update_s=0.071705400 K_nnz=393075 rhs_cols=1021 Vxx_nnz=1040400
FILTERDDP_TIMING iteration=63 barrier_iteration=2 stage=20 derivative_s=0.012667800 first_order_s=0.005095000 second_order_s=0.007238900 algebra_s=0.035555300 kkt_assembly_s=0.160032600 factor_s=0.187395600 solve_s=0.312351600 update_s=0.068483600 K_nnz=393075 rhs_cols=1021 Vxx_nnz=1040400
FILTERDDP_TIMING iteration=63 barrier_iteration=2 stage=19 derivative_s=0.012857100 first_order_s=0.005324700 second_order_s=0.007122800 algebra_s=0.049108700 kkt_assembly_s=0.144416600 factor_s=0.183826200 solve_s=0.312475400 update_s=0.110939500 K_nnz=393075 rhs_cols=1021 Vxx_nnz=1040400
FILTERDDP_TIMING iteration=63 barrier_iteration=2 stage=18 derivative_s=0.024790100 first_order_s=0.008918400 second_order_s=0.015252400 algebra_s=0.047143400 kkt_assembly_s=0.147520800 factor_s=0.291069800 solve_s=0.310876500 update_s=0.069611800 K_nnz=393075 rhs_cols=1021 Vxx_nnz=1040400
FILTERDDP_TIMING iteration=63 barrier_iteration=2 stage=17 derivative_s=0.041578100 first_order_s=0.010570400 second_order_s=0.030368300 algebra_s=0.036542200 kkt_assembly_s=0.163924100 factor_s=0.186749900 solve_s=0.307312500 update_s=0.076326800 K_nnz=393075 rhs_cols=1021 Vxx_nnz=1040400
FILTERDDP_TIMING iteration=63 barrier_iteration=2 stage=16 derivative_s=0.016914700 first_order_s=0.005380200 second_order_s=0.011210700 algebra_s=0.036038700 kkt_assembly_s=0.145395600 factor_s=0.193432800 solve_s=0.302271700 update_s=0.068248400 K_nnz=393075 rhs_cols=1021 Vxx_nnz=1040400
FILTERDDP_TIMING iteration=63 barrier_iteration=2 stage=15 derivative_s=0.032515800 first_order_s=0.006461100 second_order_s=0.025626700 algebra_s=0.036347000 kkt_assembly_s=0.144107300 factor_s=0.181636800 solve_s=0.320676600 update_s=0.073197600 K_nnz=393075 rhs_cols=1021 Vxx_nnz=1040400
FILTERDDP_TIMING iteration=63 barrier_iteration=2 stage=14 derivative_s=0.014607800 first_order_s=0.005205000 second_order_s=0.009062900 algebra_s=0.049190400 kkt_assembly_s=0.161682700 factor_s=0.216871800 solve_s=0.339044300 update_s=0.075944400 K_nnz=393075 rhs_cols=1021 Vxx_nnz=1040400
FILTERDDP_TIMING iteration=63 barrier_iteration=2 stage=13 derivative_s=0.019676500 first_order_s=0.006718600 second_order_s=0.012401100 algebra_s=0.043608700 kkt_assembly_s=0.167126000 factor_s=0.196213300 solve_s=0.376583200 update_s=0.078816300 K_nnz=393075 rhs_cols=1021 Vxx_nnz=1040400
FILTERDDP_TIMING iteration=63 barrier_iteration=2 stage=12 derivative_s=0.016367600 first_order_s=0.005191000 second_order_s=0.010854700 algebra_s=0.142625200 kkt_assembly_s=0.151367300 factor_s=0.181168800 solve_s=0.313056400 update_s=0.069348300 K_nnz=393075 rhs_cols=1021 Vxx_nnz=1040400
FILTERDDP_TIMING iteration=63 barrier_iteration=2 stage=11 derivative_s=0.015808400 first_order_s=0.005181800 second_order_s=0.010302600 algebra_s=0.035650200 kkt_assembly_s=0.143239700 factor_s=0.181246400 solve_s=0.326517700 update_s=0.062712500 K_nnz=393075 rhs_cols=1021 Vxx_nnz=1040400
FILTERDDP_TIMING iteration=63 barrier_iteration=2 stage=10 derivative_s=0.023052400 first_order_s=0.014139300 second_order_s=0.008527400 algebra_s=0.035614500 kkt_assembly_s=0.150327300 factor_s=0.187034300 solve_s=0.338730900 update_s=0.068845700 K_nnz=393075 rhs_cols=1021 Vxx_nnz=1040400
FILTERDDP_TIMING iteration=63 barrier_iteration=2 stage=9 derivative_s=0.017655000 first_order_s=0.005713300 second_order_s=0.011574800 algebra_s=0.057701600 kkt_assembly_s=0.176297000 factor_s=0.180700800 solve_s=0.311787600 update_s=0.087909100 K_nnz=393075 rhs_cols=1021 Vxx_nnz=1040400
FILTERDDP_TIMING iteration=63 barrier_iteration=2 stage=8 derivative_s=0.015571000 first_order_s=0.005283800 second_order_s=0.009947400 algebra_s=0.054199900 kkt_assembly_s=0.182335500 factor_s=0.189140900 solve_s=0.349206100 update_s=0.059524200 K_nnz=393075 rhs_cols=1021 Vxx_nnz=1040400
FILTERDDP_TIMING iteration=63 barrier_iteration=2 stage=7 derivative_s=0.015297200 first_order_s=0.005236400 second_order_s=0.009719500 algebra_s=0.138581700 kkt_assembly_s=0.143845900 factor_s=0.171901400 solve_s=0.315638400 update_s=0.071099100 K_nnz=393075 rhs_cols=1021 Vxx_nnz=1040400
FILTERDDP_TIMING iteration=63 barrier_iteration=2 stage=6 derivative_s=0.016761600 first_order_s=0.005172500 second_order_s=0.011229300 algebra_s=0.037248500 kkt_assembly_s=0.142231700 factor_s=0.184197400 solve_s=0.311395900 update_s=0.069536600 K_nnz=393075 rhs_cols=1021 Vxx_nnz=1040400
FILTERDDP_TIMING iteration=63 barrier_iteration=2 stage=5 derivative_s=0.015293600 first_order_s=0.005117500 second_order_s=0.009799300 algebra_s=0.056945300 kkt_assembly_s=0.153464300 factor_s=0.171987200 solve_s=0.302552400 update_s=0.076842200 K_nnz=393075 rhs_cols=1021 Vxx_nnz=1040400
FILTERDDP_TIMING iteration=63 barrier_iteration=2 stage=4 derivative_s=0.021728000 first_order_s=0.006199800 second_order_s=0.015211300 algebra_s=0.043298500 kkt_assembly_s=0.142521000 factor_s=0.174154100 solve_s=0.315082900 update_s=0.067841100 K_nnz=393075 rhs_cols=1021 Vxx_nnz=1040400
FILTERDDP_TIMING iteration=63 barrier_iteration=2 stage=3 derivative_s=0.059634900 first_order_s=0.005312000 second_order_s=0.053981600 algebra_s=0.037149400 kkt_assembly_s=0.146134200 factor_s=0.277508100 solve_s=0.300436000 update_s=0.078105900 K_nnz=393075 rhs_cols=1021 Vxx_nnz=1040400
FILTERDDP_TIMING iteration=63 barrier_iteration=2 stage=2 derivative_s=0.015492500 first_order_s=0.005255400 second_order_s=0.009904900 algebra_s=0.051089500 kkt_assembly_s=0.144096200 factor_s=0.170841200 solve_s=0.313555000 update_s=0.089245700 K_nnz=393075 rhs_cols=1021 Vxx_nnz=1040400
FILTERDDP_TIMING iteration=63 barrier_iteration=2 stage=1 derivative_s=0.016093300 first_order_s=0.005661800 second_order_s=0.010113100 algebra_s=0.036085800 kkt_assembly_s=0.144227200 factor_s=0.188285400 solve_s=0.310831800 update_s=0.066129900 K_nnz=393075 rhs_cols=1021 Vxx_nnz=1040400
FILTERDDP_FEASIBILITY iteration=63 barrier_iteration=2 equality_count=1015272 equality_rms=1.927567153506e-02 equality_max=2.916298438019e-01 equality_worst_stage=24 equality_worst_index=30963 dynamics_count=23460 dynamics_rms=0.000000000000e+00 dynamics_max=0.000000000000e+00 dynamics_worst_stage=0 dynamics_worst_index=0 bound_count=1137768 bound_rms=0.000000000000e+00 bound_max=0.000000000000e+00 bound_worst_stage=0 bound_worst_index=0 bound_worst_kind=none
    63   2.71064102e+06   2.9163e-01   5.8843e-01   7.6143e-02   -1.40      -     5.0000e-01   0
FILTERDDP_ITER_TIMING iteration=63 barrier_iteration=2 backward_s=21.254100900 forward_s=0.349554200 total_s=21.603655100 outcome=accepted step_size=5.000000000e-01 backtracks=0 mu=4.000000000e-02
FILTERDDP_TIMING iteration=64 barrier_iteration=2 stage=24 derivative_s=0.033156400 first_order_s=0.007987200 second_order_s=0.024753100 algebra_s=0.058355100 kkt_assembly_s=0.263087100 factor_s=0.187631300 solve_s=0.333483900 update_s=0.066204300 K_nnz=393075 rhs_cols=1021 Vxx_nnz=1040400
FILTERDDP_TIMING iteration=64 barrier_iteration=2 stage=23 derivative_s=0.015158400 first_order_s=0.005266500 second_order_s=0.009571800 algebra_s=0.036655200 kkt_assembly_s=0.145325700 factor_s=0.226096300 solve_s=0.468675100 update_s=0.076555500 K_nnz=393075 rhs_cols=1021 Vxx_nnz=1040400
FILTERDDP_TIMING iteration=64 barrier_iteration=2 stage=22 derivative_s=0.015274400 first_order_s=0.005199300 second_order_s=0.009757300 algebra_s=0.036430600 kkt_assembly_s=0.149198600 factor_s=0.187916600 solve_s=0.316509500 update_s=0.075319100 K_nnz=393075 rhs_cols=1021 Vxx_nnz=1040400
FILTERDDP_TIMING iteration=64 barrier_iteration=2 stage=21 derivative_s=0.020888100 first_order_s=0.005432900 second_order_s=0.015112800 algebra_s=0.053404700 kkt_assembly_s=0.143368800 factor_s=0.176789100 solve_s=0.301159200 update_s=0.078346300 K_nnz=393075 rhs_cols=1021 Vxx_nnz=1040400
FILTERDDP_TIMING iteration=64 barrier_iteration=2 stage=20 derivative_s=0.015744600 first_order_s=0.005386900 second_order_s=0.010026700 algebra_s=0.035724800 kkt_assembly_s=0.142474800 factor_s=0.196214800 solve_s=0.306640200 update_s=0.070691500 K_nnz=393075 rhs_cols=1021 Vxx_nnz=1040400
FILTERDDP_TIMING iteration=64 barrier_iteration=2 stage=19 derivative_s=0.024458800 first_order_s=0.005285400 second_order_s=0.018811400 algebra_s=0.036625200 kkt_assembly_s=0.144683600 factor_s=0.182463300 solve_s=0.309642800 update_s=0.069877900 K_nnz=393075 rhs_cols=1021 Vxx_nnz=1040400
FILTERDDP_TIMING iteration=64 barrier_iteration=2 stage=18 derivative_s=0.015516100 first_order_s=0.005209900 second_order_s=0.009781500 algebra_s=0.082537000 kkt_assembly_s=0.142986000 factor_s=0.176875300 solve_s=0.398971600 update_s=0.064588700 K_nnz=393075 rhs_cols=1021 Vxx_nnz=1040400
FILTERDDP_TIMING iteration=64 barrier_iteration=2 stage=17 derivative_s=0.013701200 first_order_s=0.005569400 second_order_s=0.007790900 algebra_s=0.036044100 kkt_assembly_s=0.142491700 factor_s=0.186044100 solve_s=0.314081500 update_s=0.060732800 K_nnz=393075 rhs_cols=1021 Vxx_nnz=1040400
FILTERDDP_TIMING iteration=64 barrier_iteration=2 stage=16 derivative_s=0.015655200 first_order_s=0.005304500 second_order_s=0.010006800 algebra_s=0.050974100 kkt_assembly_s=0.155603400 factor_s=0.188128000 solve_s=0.315317500 update_s=0.075479000 K_nnz=393075 rhs_cols=1021 Vxx_nnz=1040400
FILTERDDP_TIMING iteration=64 barrier_iteration=2 stage=15 derivative_s=0.017848800 first_order_s=0.007702000 second_order_s=0.009646000 algebra_s=0.053232700 kkt_assembly_s=0.146648100 factor_s=0.188567000 solve_s=0.318556100 update_s=0.074723700 K_nnz=393075 rhs_cols=1021 Vxx_nnz=1040400
FILTERDDP_TIMING iteration=64 barrier_iteration=2 stage=14 derivative_s=0.014934600 first_order_s=0.005053800 second_order_s=0.009556700 algebra_s=0.051310000 kkt_assembly_s=0.142801700 factor_s=0.175656400 solve_s=0.304435200 update_s=0.076914000 K_nnz=393075 rhs_cols=1021 Vxx_nnz=1040400
FILTERDDP_TIMING iteration=64 barrier_iteration=2 stage=13 derivative_s=0.015406400 first_order_s=0.005279900 second_order_s=0.009791200 algebra_s=0.035504000 kkt_assembly_s=0.150845100 factor_s=0.210657400 solve_s=0.416753900 update_s=0.074119600 K_nnz=393075 rhs_cols=1021 Vxx_nnz=1040400
FILTERDDP_TIMING iteration=64 barrier_iteration=2 stage=12 derivative_s=0.012687900 first_order_s=0.005175000 second_order_s=0.007044000 algebra_s=0.036169400 kkt_assembly_s=0.142741400 factor_s=0.175224300 solve_s=0.329195800 update_s=0.074461800 K_nnz=393075 rhs_cols=1021 Vxx_nnz=1040400
FILTERDDP_TIMING iteration=64 barrier_iteration=2 stage=11 derivative_s=0.024192800 first_order_s=0.005215400 second_order_s=0.018647600 algebra_s=0.036103600 kkt_assembly_s=0.146893400 factor_s=0.217329700 solve_s=0.320976700 update_s=0.073460600 K_nnz=393075 rhs_cols=1021 Vxx_nnz=1040400
FILTERDDP_TIMING iteration=64 barrier_iteration=2 stage=10 derivative_s=0.015355300 first_order_s=0.005097000 second_order_s=0.009940200 algebra_s=0.046247900 kkt_assembly_s=0.142561000 factor_s=0.170723800 solve_s=0.301975900 update_s=0.073886300 K_nnz=393075 rhs_cols=1021 Vxx_nnz=1040400
FILTERDDP_TIMING iteration=64 barrier_iteration=2 stage=9 derivative_s=0.015138900 first_order_s=0.005361700 second_order_s=0.009453500 algebra_s=0.036056300 kkt_assembly_s=0.144690600 factor_s=0.181559700 solve_s=0.320148600 update_s=0.075233600 K_nnz=393075 rhs_cols=1021 Vxx_nnz=1040400
FILTERDDP_TIMING iteration=64 barrier_iteration=2 stage=8 derivative_s=0.015470900 first_order_s=0.005130900 second_order_s=0.009994400 algebra_s=0.047970000 kkt_assembly_s=0.140560600 factor_s=0.225496200 solve_s=0.304270900 update_s=0.187269700 K_nnz=393075 rhs_cols=1021 Vxx_nnz=1040400
FILTERDDP_TIMING iteration=64 barrier_iteration=2 stage=7 derivative_s=0.016947200 first_order_s=0.005936000 second_order_s=0.010675000 algebra_s=0.039990200 kkt_assembly_s=0.147511100 factor_s=0.184210200 solve_s=0.298721400 update_s=0.072187600 K_nnz=393075 rhs_cols=1021 Vxx_nnz=1040400
FILTERDDP_TIMING iteration=64 barrier_iteration=2 stage=6 derivative_s=0.026308800 first_order_s=0.005085200 second_order_s=0.020899500 algebra_s=0.036396200 kkt_assembly_s=0.143355700 factor_s=0.176034500 solve_s=0.335315300 update_s=0.065956800 K_nnz=393075 rhs_cols=1021 Vxx_nnz=1040400
FILTERDDP_TIMING iteration=64 barrier_iteration=2 stage=5 derivative_s=0.015429800 first_order_s=0.005162100 second_order_s=0.009949600 algebra_s=0.046164400 kkt_assembly_s=0.172516600 factor_s=0.184527900 solve_s=0.312204100 update_s=0.074121000 K_nnz=393075 rhs_cols=1021 Vxx_nnz=1040400
FILTERDDP_TIMING iteration=64 barrier_iteration=2 stage=4 derivative_s=0.015554400 first_order_s=0.005238700 second_order_s=0.009850700 algebra_s=0.046354000 kkt_assembly_s=0.146961000 factor_s=0.183313700 solve_s=0.318343600 update_s=0.081555600 K_nnz=393075 rhs_cols=1021 Vxx_nnz=1040400
FILTERDDP_TIMING iteration=64 barrier_iteration=2 stage=3 derivative_s=0.022019300 first_order_s=0.006540900 second_order_s=0.015013300 algebra_s=0.066481400 kkt_assembly_s=0.154922800 factor_s=0.203151600 solve_s=0.312551900 update_s=0.108758300 K_nnz=393075 rhs_cols=1021 Vxx_nnz=1040400
FILTERDDP_TIMING iteration=64 barrier_iteration=2 stage=2 derivative_s=0.015085700 first_order_s=0.005155700 second_order_s=0.009542300 algebra_s=0.040488100 kkt_assembly_s=0.146184000 factor_s=0.321066700 solve_s=0.316574000 update_s=0.066911900 K_nnz=393075 rhs_cols=1021 Vxx_nnz=1040400
FILTERDDP_TIMING iteration=64 barrier_iteration=2 stage=1 derivative_s=0.023452700 first_order_s=0.015238900 second_order_s=0.007857100 algebra_s=0.036032200 kkt_assembly_s=0.154197800 factor_s=0.203215700 solve_s=0.318742700 update_s=0.067508400 K_nnz=393075 rhs_cols=1021 Vxx_nnz=1040400
FILTERDDP_FEASIBILITY iteration=64 barrier_iteration=2 equality_count=1015272 equality_rms=1.188717661509e-02 equality_max=2.014321301155e-01 equality_worst_stage=24 equality_worst_index=39983 dynamics_count=23460 dynamics_rms=0.000000000000e+00 dynamics_max=0.000000000000e+00 dynamics_worst_stage=0 dynamics_worst_index=0 bound_count=1137768 bound_rms=0.000000000000e+00 bound_max=0.000000000000e+00 bound_worst_stage=0 bound_worst_index=0 bound_worst_kind=none
    64   2.70557836e+06   2.0143e-01   6.5934e-01   5.9143e-02   -1.40      -     5.0000e-01   0
FILTERDDP_ITER_TIMING iteration=64 barrier_iteration=2 backward_s=21.169650400 forward_s=0.330424000 total_s=21.500074400 outcome=accepted step_size=5.000000000e-01 backtracks=0 mu=4.000000000e-02
FILTERDDP_TIMING iteration=65 barrier_iteration=2 stage=24 derivative_s=0.016919800 first_order_s=0.005156400 second_order_s=0.011413500 algebra_s=0.054031200 kkt_assembly_s=0.263632700 factor_s=0.201682400 solve_s=0.327907400 update_s=0.068764000 K_nnz=393075 rhs_cols=1021 Vxx_nnz=1040400
FILTERDDP_TIMING iteration=65 barrier_iteration=2 stage=23 derivative_s=0.015420000 first_order_s=0.005288700 second_order_s=0.009811200 algebra_s=0.035952000 kkt_assembly_s=0.142505600 factor_s=0.232932800 solve_s=0.441910000 update_s=0.067149100 K_nnz=393075 rhs_cols=1021 Vxx_nnz=1040400
FILTERDDP_TIMING iteration=65 barrier_iteration=2 stage=22 derivative_s=0.020563900 first_order_s=0.005499700 second_order_s=0.014713200 algebra_s=0.036732900 kkt_assembly_s=0.146041500 factor_s=0.209833400 solve_s=0.324529700 update_s=0.067798600 K_nnz=393075 rhs_cols=1021 Vxx_nnz=1040400
FILTERDDP_TIMING iteration=65 barrier_iteration=2 stage=21 derivative_s=0.019498700 first_order_s=0.007154400 second_order_s=0.011977300 algebra_s=0.052522300 kkt_assembly_s=0.165866700 factor_s=0.185890900 solve_s=0.306914800 update_s=0.080490900 K_nnz=393075 rhs_cols=1021 Vxx_nnz=1040400
FILTERDDP_TIMING iteration=65 barrier_iteration=2 stage=20 derivative_s=0.015465300 first_order_s=0.005278200 second_order_s=0.009874600 algebra_s=0.042205200 kkt_assembly_s=0.142123300 factor_s=0.177372900 solve_s=0.305534600 update_s=0.064095800 K_nnz=393075 rhs_cols=1021 Vxx_nnz=1040400
FILTERDDP_TIMING iteration=65 barrier_iteration=2 stage=19 derivative_s=0.024525000 first_order_s=0.005188200 second_order_s=0.018978100 algebra_s=0.036420800 kkt_assembly_s=0.143754900 factor_s=0.180795700 solve_s=0.314102200 update_s=0.068007100 K_nnz=393075 rhs_cols=1021 Vxx_nnz=1040400
FILTERDDP_TIMING iteration=65 barrier_iteration=2 stage=18 derivative_s=0.015418300 first_order_s=0.005669900 second_order_s=0.009373800 algebra_s=0.088984800 kkt_assembly_s=0.146798200 factor_s=0.177529900 solve_s=0.408284600 update_s=0.065516200 K_nnz=393075 rhs_cols=1021 Vxx_nnz=1040400
FILTERDDP_TIMING iteration=65 barrier_iteration=2 stage=17 derivative_s=0.015356100 first_order_s=0.005231000 second_order_s=0.009776300 algebra_s=0.035597400 kkt_assembly_s=0.145346600 factor_s=0.196201200 solve_s=0.325856500 update_s=0.069351500 K_nnz=393075 rhs_cols=1021 Vxx_nnz=1040400
FILTERDDP_TIMING iteration=65 barrier_iteration=2 stage=16 derivative_s=0.015054700 first_order_s=0.005154200 second_order_s=0.009453700 algebra_s=0.046483900 kkt_assembly_s=0.144766900 factor_s=0.179837400 solve_s=0.311829900 update_s=0.084224700 K_nnz=393075 rhs_cols=1021 Vxx_nnz=1040400
FILTERDDP_TIMING iteration=65 barrier_iteration=2 stage=15 derivative_s=0.015094700 first_order_s=0.005132100 second_order_s=0.009645300 algebra_s=0.051498200 kkt_assembly_s=0.142819600 factor_s=0.176739300 solve_s=0.322778000 update_s=0.075449300 K_nnz=393075 rhs_cols=1021 Vxx_nnz=1040400
FILTERDDP_TIMING iteration=65 barrier_iteration=2 stage=14 derivative_s=0.016420700 first_order_s=0.005311800 second_order_s=0.010793700 algebra_s=0.053891800 kkt_assembly_s=0.141245600 factor_s=0.168932100 solve_s=0.308758300 update_s=0.084991900 K_nnz=393075 rhs_cols=1021 Vxx_nnz=1040400
FILTERDDP_TIMING iteration=65 barrier_iteration=2 stage=13 derivative_s=0.015460500 first_order_s=0.005182100 second_order_s=0.009751900 algebra_s=0.037917000 kkt_assembly_s=0.142770600 factor_s=0.177871900 solve_s=0.377368600 update_s=0.074390000 K_nnz=393075 rhs_cols=1021 Vxx_nnz=1040400
FILTERDDP_TIMING iteration=65 barrier_iteration=2 stage=12 derivative_s=0.015744600 first_order_s=0.005420500 second_order_s=0.009994100 algebra_s=0.164879200 kkt_assembly_s=0.143655000 factor_s=0.198556100 solve_s=0.300080700 update_s=0.075815700 K_nnz=393075 rhs_cols=1021 Vxx_nnz=1040400
FILTERDDP_TIMING iteration=65 barrier_iteration=2 stage=11 derivative_s=0.016319300 first_order_s=0.005377200 second_order_s=0.010604100 algebra_s=0.039716500 kkt_assembly_s=0.143438300 factor_s=0.179989900 solve_s=0.317044800 update_s=0.071037200 K_nnz=393075 rhs_cols=1021 Vxx_nnz=1040400
FILTERDDP_TIMING iteration=65 barrier_iteration=2 stage=10 derivative_s=0.015370600 first_order_s=0.005367300 second_order_s=0.009663000 algebra_s=0.046870800 kkt_assembly_s=0.144201300 factor_s=0.172128800 solve_s=0.307984200 update_s=0.071360500 K_nnz=393075 rhs_cols=1021 Vxx_nnz=1040400
FILTERDDP_TIMING iteration=65 barrier_iteration=2 stage=9 derivative_s=0.015595400 first_order_s=0.005325300 second_order_s=0.009927100 algebra_s=0.045577200 kkt_assembly_s=0.142258200 factor_s=0.178219100 solve_s=0.307965400 update_s=0.067850400 K_nnz=393075 rhs_cols=1021 Vxx_nnz=1040400
FILTERDDP_TIMING iteration=65 barrier_iteration=2 stage=8 derivative_s=0.023800200 first_order_s=0.005303300 second_order_s=0.018176600 algebra_s=0.037659700 kkt_assembly_s=0.147355400 factor_s=0.184130500 solve_s=0.314263900 update_s=0.078027400 K_nnz=393075 rhs_cols=1021 Vxx_nnz=1040400
FILTERDDP_TIMING iteration=65 barrier_iteration=2 stage=7 derivative_s=0.012434300 first_order_s=0.005398700 second_order_s=0.006705600 algebra_s=0.049813500 kkt_assembly_s=0.142886800 factor_s=0.179164400 solve_s=0.348052900 update_s=0.065926500 K_nnz=393075 rhs_cols=1021 Vxx_nnz=1040400
FILTERDDP_TIMING iteration=65 barrier_iteration=2 stage=6 derivative_s=0.022594800 first_order_s=0.008360500 second_order_s=0.013756200 algebra_s=0.144521600 kkt_assembly_s=0.141789300 factor_s=0.183108900 solve_s=0.317498900 update_s=0.071673500 K_nnz=393075 rhs_cols=1021 Vxx_nnz=1040400
FILTERDDP_TIMING iteration=65 barrier_iteration=2 stage=5 derivative_s=0.015366800 first_order_s=0.005047300 second_order_s=0.010001400 algebra_s=0.035728700 kkt_assembly_s=0.141158800 factor_s=0.186911100 solve_s=0.316386400 update_s=0.074216200 K_nnz=393075 rhs_cols=1021 Vxx_nnz=1040400
FILTERDDP_TIMING iteration=65 barrier_iteration=2 stage=4 derivative_s=0.021583300 first_order_s=0.005476900 second_order_s=0.015786600 algebra_s=0.050013300 kkt_assembly_s=0.141215900 factor_s=0.168470500 solve_s=0.305605400 update_s=0.077136800 K_nnz=393075 rhs_cols=1021 Vxx_nnz=1040400
FILTERDDP_TIMING iteration=65 barrier_iteration=2 stage=3 derivative_s=0.012843800 first_order_s=0.005375100 second_order_s=0.007122800 algebra_s=0.043310000 kkt_assembly_s=0.144997700 factor_s=0.183340000 solve_s=0.315089000 update_s=0.076455600 K_nnz=393075 rhs_cols=1021 Vxx_nnz=1040400
FILTERDDP_TIMING iteration=65 barrier_iteration=2 stage=2 derivative_s=0.030331600 first_order_s=0.005694300 second_order_s=0.024281100 algebra_s=0.046217200 kkt_assembly_s=0.145993500 factor_s=0.189473300 solve_s=0.315940700 update_s=0.066488100 K_nnz=393075 rhs_cols=1021 Vxx_nnz=1040400
FILTERDDP_TIMING iteration=65 barrier_iteration=2 stage=1 derivative_s=0.015531100 first_order_s=0.005169600 second_order_s=0.009957200 algebra_s=0.092700100 kkt_assembly_s=0.148327900 factor_s=0.174417800 solve_s=0.395077700 update_s=0.065747300 K_nnz=393075 rhs_cols=1021 Vxx_nnz=1040400
FILTERDDP_FEASIBILITY iteration=65 barrier_iteration=2 equality_count=1015272 equality_rms=6.672433083364e-03 equality_max=1.228294234643e-01 equality_worst_stage=24 equality_worst_index=39983 dynamics_count=23460 dynamics_rms=0.000000000000e+00 dynamics_max=0.000000000000e+00 dynamics_worst_stage=0 dynamics_worst_index=0 bound_count=1137768 bound_rms=0.000000000000e+00 bound_max=0.000000000000e+00 bound_worst_stage=0 bound_worst_index=0 bound_worst_kind=none
    65   2.70309059e+06   1.2283e-01   5.6655e-01   4.9958e-02   -1.40      -     5.0000e-01   0
FILTERDDP_ITER_TIMING iteration=65 barrier_iteration=2 backward_s=20.968208000 forward_s=0.350815200 total_s=21.319023200 outcome=accepted step_size=5.000000000e-01 backtracks=0 mu=4.000000000e-02
FILTERDDP_TIMING iteration=66 barrier_iteration=2 stage=24 derivative_s=0.039050200 first_order_s=0.008161700 second_order_s=0.030420600 algebra_s=0.054271300 kkt_assembly_s=0.260972300 factor_s=0.176466800 solve_s=0.307047800 update_s=0.068648100 K_nnz=393075 rhs_cols=1021 Vxx_nnz=1040400
FILTERDDP_TIMING iteration=66 barrier_iteration=2 stage=23 derivative_s=0.014295800 first_order_s=0.005227000 second_order_s=0.008719200 algebra_s=0.037948800 kkt_assembly_s=0.143972100 factor_s=0.221390000 solve_s=0.456389900 update_s=0.071684800 K_nnz=393075 rhs_cols=1021 Vxx_nnz=1040400
FILTERDDP_TIMING iteration=66 barrier_iteration=2 stage=22 derivative_s=0.014948100 first_order_s=0.005776600 second_order_s=0.008850400 algebra_s=0.035862500 kkt_assembly_s=0.145128800 factor_s=0.184173100 solve_s=0.315090500 update_s=0.064029800 K_nnz=393075 rhs_cols=1021 Vxx_nnz=1040400
FILTERDDP_TIMING iteration=66 barrier_iteration=2 stage=21 derivative_s=0.021328800 first_order_s=0.007226200 second_order_s=0.013546000 algebra_s=0.066450400 kkt_assembly_s=0.143964900 factor_s=0.172594500 solve_s=0.308834700 update_s=0.068302800 K_nnz=393075 rhs_cols=1021 Vxx_nnz=1040400
FILTERDDP_TIMING iteration=66 barrier_iteration=2 stage=20 derivative_s=0.014796300 first_order_s=0.005175100 second_order_s=0.009275300 algebra_s=0.036234500 kkt_assembly_s=0.145601500 factor_s=0.186447700 solve_s=0.307318200 update_s=0.072483700 K_nnz=393075 rhs_cols=1021 Vxx_nnz=1040400
FILTERDDP_TIMING iteration=66 barrier_iteration=2 stage=19 derivative_s=0.015431800 first_order_s=0.005285800 second_order_s=0.009825600 algebra_s=0.060251000 kkt_assembly_s=0.151328100 factor_s=0.209238500 solve_s=0.309929700 update_s=0.071009500 K_nnz=393075 rhs_cols=1021 Vxx_nnz=1040400
FILTERDDP_TIMING iteration=66 barrier_iteration=2 stage=18 derivative_s=0.014649300 first_order_s=0.005364700 second_order_s=0.008954000 algebra_s=0.036024800 kkt_assembly_s=0.145779800 factor_s=0.220502300 solve_s=0.402627400 update_s=0.066894800 K_nnz=393075 rhs_cols=1021 Vxx_nnz=1040400
FILTERDDP_TIMING iteration=66 barrier_iteration=2 stage=17 derivative_s=0.015258000 first_order_s=0.005247300 second_order_s=0.009684500 algebra_s=0.037534800 kkt_assembly_s=0.143545400 factor_s=0.191119400 solve_s=0.310874500 update_s=0.070213200 K_nnz=393075 rhs_cols=1021 Vxx_nnz=1040400
FILTERDDP_TIMING iteration=66 barrier_iteration=2 stage=16 derivative_s=0.024930600 first_order_s=0.005258700 second_order_s=0.019340900 algebra_s=0.036228900 kkt_assembly_s=0.142355500 factor_s=0.176682400 solve_s=0.326344600 update_s=0.069113500 K_nnz=393075 rhs_cols=1021 Vxx_nnz=1040400
FILTERDDP_TIMING iteration=66 barrier_iteration=2 stage=15 derivative_s=0.016236700 first_order_s=0.005544700 second_order_s=0.010348200 algebra_s=0.046216100 kkt_assembly_s=0.142338800 factor_s=0.173718400 solve_s=0.312849300 update_s=0.074295800 K_nnz=393075 rhs_cols=1021 Vxx_nnz=1040400
FILTERDDP_TIMING iteration=66 barrier_iteration=2 stage=14 derivative_s=0.015451600 first_order_s=0.005490600 second_order_s=0.009645300 algebra_s=0.036884000 kkt_assembly_s=0.146723700 factor_s=0.182180700 solve_s=0.306023300 update_s=0.067703100 K_nnz=393075 rhs_cols=1021 Vxx_nnz=1040400
FILTERDDP_TIMING iteration=66 barrier_iteration=2 stage=13 derivative_s=0.014918100 first_order_s=0.006015300 second_order_s=0.008452100 algebra_s=0.055433200 kkt_assembly_s=0.151450100 factor_s=0.174384000 solve_s=0.319089200 update_s=0.120004000 K_nnz=393075 rhs_cols=1021 Vxx_nnz=1040400
FILTERDDP_TIMING iteration=66 barrier_iteration=2 stage=12 derivative_s=0.016110800 first_order_s=0.006443300 second_order_s=0.009333000 algebra_s=0.042009300 kkt_assembly_s=0.147973500 factor_s=0.309910700 solve_s=0.302034400 update_s=0.070409600 K_nnz=393075 rhs_cols=1021 Vxx_nnz=1040400
FILTERDDP_TIMING iteration=66 barrier_iteration=2 stage=11 derivative_s=0.026601400 first_order_s=0.006543100 second_order_s=0.019734700 algebra_s=0.036644500 kkt_assembly_s=0.146849100 factor_s=0.187130200 solve_s=0.305486500 update_s=0.073336600 K_nnz=393075 rhs_cols=1021 Vxx_nnz=1040400
FILTERDDP_TIMING iteration=66 barrier_iteration=2 stage=10 derivative_s=0.015361200 first_order_s=0.005167500 second_order_s=0.009842300 algebra_s=0.042505200 kkt_assembly_s=0.143576200 factor_s=0.174989700 solve_s=0.303081100 update_s=0.072760100 K_nnz=393075 rhs_cols=1021 Vxx_nnz=1040400
FILTERDDP_TIMING iteration=66 barrier_iteration=2 stage=9 derivative_s=0.014830300 first_order_s=0.004981100 second_order_s=0.009522200 algebra_s=0.040681000 kkt_assembly_s=0.143431600 factor_s=0.183108100 solve_s=0.320790400 update_s=0.068138000 K_nnz=393075 rhs_cols=1021 Vxx_nnz=1040400
FILTERDDP_TIMING iteration=66 barrier_iteration=2 stage=8 derivative_s=0.014697800 first_order_s=0.005503100 second_order_s=0.008852400 algebra_s=0.047315500 kkt_assembly_s=0.150929500 factor_s=0.193468200 solve_s=0.306061000 update_s=0.075264300 K_nnz=393075 rhs_cols=1021 Vxx_nnz=1040400
FILTERDDP_TIMING iteration=66 barrier_iteration=2 stage=7 derivative_s=0.016152400 first_order_s=0.005453800 second_order_s=0.010352200 algebra_s=0.036162100 kkt_assembly_s=0.143609100 factor_s=0.179553400 solve_s=0.311360200 update_s=0.066061700 K_nnz=393075 rhs_cols=1021 Vxx_nnz=1040400
FILTERDDP_TIMING iteration=66 barrier_iteration=2 stage=6 derivative_s=0.024595200 first_order_s=0.009136500 second_order_s=0.014895000 algebra_s=0.095877900 kkt_assembly_s=0.143011200 factor_s=0.173833100 solve_s=0.405548900 update_s=0.069809700 K_nnz=393075 rhs_cols=1021 Vxx_nnz=1040400
FILTERDDP_TIMING iteration=66 barrier_iteration=2 stage=5 derivative_s=0.015609200 first_order_s=0.005281100 second_order_s=0.009989200 algebra_s=0.035768900 kkt_assembly_s=0.141710300 factor_s=0.182727800 solve_s=0.315439900 update_s=0.060850100 K_nnz=393075 rhs_cols=1021 Vxx_nnz=1040400
FILTERDDP_TIMING iteration=66 barrier_iteration=2 stage=4 derivative_s=0.015312500 first_order_s=0.005221400 second_order_s=0.009759400 algebra_s=0.048939900 kkt_assembly_s=0.143770800 factor_s=0.199823500 solve_s=0.302492100 update_s=0.087165800 K_nnz=393075 rhs_cols=1021 Vxx_nnz=1040400
FILTERDDP_TIMING iteration=66 barrier_iteration=2 stage=3 derivative_s=0.013067300 first_order_s=0.005512600 second_order_s=0.007205400 algebra_s=0.038648100 kkt_assembly_s=0.149933500 factor_s=0.177620700 solve_s=0.310356000 update_s=0.065407100 K_nnz=393075 rhs_cols=1021 Vxx_nnz=1040400
FILTERDDP_TIMING iteration=66 barrier_iteration=2 stage=2 derivative_s=0.029943600 first_order_s=0.005566500 second_order_s=0.024057400 algebra_s=0.051745000 kkt_assembly_s=0.178342000 factor_s=0.174990900 solve_s=0.296253100 update_s=0.072712600 K_nnz=393075 rhs_cols=1021 Vxx_nnz=1040400
FILTERDDP_TIMING iteration=66 barrier_iteration=2 stage=1 derivative_s=0.015202400 first_order_s=0.005264200 second_order_s=0.009532800 algebra_s=0.044154500 kkt_assembly_s=0.144688700 factor_s=0.177749000 solve_s=0.344393900 update_s=0.066122500 K_nnz=393075 rhs_cols=1021 Vxx_nnz=1040400
FILTERDDP_FEASIBILITY iteration=66 barrier_iteration=2 equality_count=1015272 equality_rms=3.541884146537e-03 equality_max=6.809059673947e-02 equality_worst_stage=24 equality_worst_index=39983 dynamics_count=23460 dynamics_rms=0.000000000000e+00 dynamics_max=0.000000000000e+00 dynamics_worst_stage=0 dynamics_worst_index=0 bound_count=1137768 bound_rms=0.000000000000e+00 bound_max=0.000000000000e+00 bound_worst_stage=0 bound_worst_index=0 bound_worst_kind=none
    66   2.70186258e+06   6.8091e-02   4.5527e-01   4.5102e-02   -1.40      -     5.0000e-01   0
FILTERDDP_ITER_TIMING iteration=66 barrier_iteration=2 backward_s=20.773211500 forward_s=0.428199700 total_s=21.201411200 outcome=accepted step_size=5.000000000e-01 backtracks=0 mu=4.000000000e-02
FILTERDDP_TIMING iteration=67 barrier_iteration=2 stage=24 derivative_s=0.039870600 first_order_s=0.008824700 second_order_s=0.030689000 algebra_s=0.041562800 kkt_assembly_s=0.284114800 factor_s=0.181596600 solve_s=0.327635700 update_s=0.068963100 K_nnz=393075 rhs_cols=1021 Vxx_nnz=1040400
FILTERDDP_TIMING iteration=67 barrier_iteration=2 stage=23 derivative_s=0.017226800 first_order_s=0.005411600 second_order_s=0.011475400 algebra_s=0.036789400 kkt_assembly_s=0.193478100 factor_s=0.173834600 solve_s=0.451617800 update_s=0.075470400 K_nnz=393075 rhs_cols=1021 Vxx_nnz=1040400
FILTERDDP_TIMING iteration=67 barrier_iteration=2 stage=22 derivative_s=0.016426600 first_order_s=0.005338400 second_order_s=0.010657700 algebra_s=0.037572300 kkt_assembly_s=0.146458600 factor_s=0.183752100 solve_s=0.317593300 update_s=0.068664500 K_nnz=393075 rhs_cols=1021 Vxx_nnz=1040400
FILTERDDP_TIMING iteration=67 barrier_iteration=2 stage=21 derivative_s=0.015564200 first_order_s=0.005565400 second_order_s=0.009651000 algebra_s=0.047003500 kkt_assembly_s=0.148332100 factor_s=0.180707300 solve_s=0.306975400 update_s=0.083714800 K_nnz=393075 rhs_cols=1021 Vxx_nnz=1040400
FILTERDDP_TIMING iteration=67 barrier_iteration=2 stage=20 derivative_s=0.015933100 first_order_s=0.005672200 second_order_s=0.009665000 algebra_s=0.035673500 kkt_assembly_s=0.168303700 factor_s=0.188056700 solve_s=0.313845600 update_s=0.063396200 K_nnz=393075 rhs_cols=1021 Vxx_nnz=1040400
FILTERDDP_TIMING iteration=67 barrier_iteration=2 stage=19 derivative_s=0.025574600 first_order_s=0.009651800 second_order_s=0.015382400 algebra_s=0.056735800 kkt_assembly_s=0.149449900 factor_s=0.178148000 solve_s=0.318178200 update_s=0.073619800 K_nnz=393075 rhs_cols=1021 Vxx_nnz=1040400
FILTERDDP_TIMING iteration=67 barrier_iteration=2 stage=18 derivative_s=0.015478500 first_order_s=0.005232200 second_order_s=0.009815100 algebra_s=0.035794200 kkt_assembly_s=0.143386200 factor_s=0.215778700 solve_s=0.412163200 update_s=0.065861100 K_nnz=393075 rhs_cols=1021 Vxx_nnz=1040400
FILTERDDP_TIMING iteration=67 barrier_iteration=2 stage=17 derivative_s=0.019562100 first_order_s=0.007191600 second_order_s=0.011889200 algebra_s=0.048591400 kkt_assembly_s=0.147767100 factor_s=0.172230200 solve_s=0.311394800 update_s=0.071334600 K_nnz=393075 rhs_cols=1021 Vxx_nnz=1040400
FILTERDDP_TIMING iteration=67 barrier_iteration=2 stage=16 derivative_s=0.025630700 first_order_s=0.005269800 second_order_s=0.020031400 algebra_s=0.035409100 kkt_assembly_s=0.144100700 factor_s=0.205282000 solve_s=0.303432800 update_s=0.064920600 K_nnz=393075 rhs_cols=1021 Vxx_nnz=1040400
FILTERDDP_TIMING iteration=67 barrier_iteration=2 stage=15 derivative_s=0.016931100 first_order_s=0.005285000 second_order_s=0.011318100 algebra_s=0.050315100 kkt_assembly_s=0.143684000 factor_s=0.196411300 solve_s=0.313223800 update_s=0.079265200 K_nnz=393075 rhs_cols=1021 Vxx_nnz=1040400
FILTERDDP_TIMING iteration=67 barrier_iteration=2 stage=14 derivative_s=0.016037500 first_order_s=0.005369000 second_order_s=0.010301500 algebra_s=0.036481000 kkt_assembly_s=0.163761700 factor_s=0.191267600 solve_s=0.328057300 update_s=0.056696200 K_nnz=393075 rhs_cols=1021 Vxx_nnz=1040400
FILTERDDP_TIMING iteration=67 barrier_iteration=2 stage=13 derivative_s=0.013779600 first_order_s=0.005579500 second_order_s=0.007674700 algebra_s=0.049603600 kkt_assembly_s=0.150363900 factor_s=0.175906500 solve_s=0.345292900 update_s=0.174060600 K_nnz=393075 rhs_cols=1021 Vxx_nnz=1040400
FILTERDDP_TIMING iteration=67 barrier_iteration=2 stage=12 derivative_s=0.013120400 first_order_s=0.005362500 second_order_s=0.007413300 algebra_s=0.036935200 kkt_assembly_s=0.145553800 factor_s=0.170830600 solve_s=0.310563400 update_s=0.075423900 K_nnz=393075 rhs_cols=1021 Vxx_nnz=1040400
FILTERDDP_TIMING iteration=67 barrier_iteration=2 stage=11 derivative_s=0.024635400 first_order_s=0.005253700 second_order_s=0.019032900 algebra_s=0.035526100 kkt_assembly_s=0.143318000 factor_s=0.187926000 solve_s=0.317109900 update_s=0.071616700 K_nnz=393075 rhs_cols=1021 Vxx_nnz=1040400
FILTERDDP_TIMING iteration=67 barrier_iteration=2 stage=10 derivative_s=0.015466100 first_order_s=0.005386500 second_order_s=0.009741700 algebra_s=0.046612100 kkt_assembly_s=0.145837300 factor_s=0.172755800 solve_s=0.320630800 update_s=0.087749300 K_nnz=393075 rhs_cols=1021 Vxx_nnz=1040400
FILTERDDP_TIMING iteration=67 barrier_iteration=2 stage=9 derivative_s=0.015743400 first_order_s=0.005061200 second_order_s=0.010323700 algebra_s=0.043595100 kkt_assembly_s=0.145419000 factor_s=0.198930700 solve_s=0.312720800 update_s=0.063319100 K_nnz=393075 rhs_cols=1021 Vxx_nnz=1040400
FILTERDDP_TIMING iteration=67 barrier_iteration=2 stage=8 derivative_s=0.022226500 first_order_s=0.005290300 second_order_s=0.016579800 algebra_s=0.037560000 kkt_assembly_s=0.144293700 factor_s=0.175642900 solve_s=0.313454700 update_s=0.059324300 K_nnz=393075 rhs_cols=1021 Vxx_nnz=1040400
FILTERDDP_TIMING iteration=67 barrier_iteration=2 stage=7 derivative_s=0.015702200 first_order_s=0.005500500 second_order_s=0.009777300 algebra_s=0.083934800 kkt_assembly_s=0.145415000 factor_s=0.173291700 solve_s=0.390628500 update_s=0.073117300 K_nnz=393075 rhs_cols=1021 Vxx_nnz=1040400
FILTERDDP_TIMING iteration=67 barrier_iteration=2 stage=6 derivative_s=0.013172200 first_order_s=0.005523600 second_order_s=0.007305000 algebra_s=0.035749300 kkt_assembly_s=0.151898600 factor_s=0.186117800 solve_s=0.333369800 update_s=0.071504200 K_nnz=393075 rhs_cols=1021 Vxx_nnz=1040400
FILTERDDP_TIMING iteration=67 barrier_iteration=2 stage=5 derivative_s=0.015314600 first_order_s=0.005128400 second_order_s=0.009867400 algebra_s=0.046904400 kkt_assembly_s=0.145244700 factor_s=0.172200500 solve_s=0.312493200 update_s=0.074190000 K_nnz=393075 rhs_cols=1021 Vxx_nnz=1040400
FILTERDDP_TIMING iteration=67 barrier_iteration=2 stage=4 derivative_s=0.015285800 first_order_s=0.005421400 second_order_s=0.009535800 algebra_s=0.036204900 kkt_assembly_s=0.148882200 factor_s=0.186219500 solve_s=0.312886400 update_s=0.076078900 K_nnz=393075 rhs_cols=1021 Vxx_nnz=1040400
FILTERDDP_TIMING iteration=67 barrier_iteration=2 stage=3 derivative_s=0.023732700 first_order_s=0.005400900 second_order_s=0.017997800 algebra_s=0.036517600 kkt_assembly_s=0.144149500 factor_s=0.176979800 solve_s=0.321700800 update_s=0.065790500 K_nnz=393075 rhs_cols=1021 Vxx_nnz=1040400
FILTERDDP_TIMING iteration=67 barrier_iteration=2 stage=2 derivative_s=0.015505600 first_order_s=0.005094500 second_order_s=0.010083700 algebra_s=0.048910000 kkt_assembly_s=0.148416300 factor_s=0.179226500 solve_s=0.353396800 update_s=0.081154000 K_nnz=393075 rhs_cols=1021 Vxx_nnz=1040400
FILTERDDP_TIMING iteration=67 barrier_iteration=2 stage=1 derivative_s=0.114125600 first_order_s=0.106715100 second_order_s=0.007050300 algebra_s=0.051383100 kkt_assembly_s=0.151089900 factor_s=0.188184100 solve_s=0.304713100 update_s=0.083079800 K_nnz=393075 rhs_cols=1021 Vxx_nnz=1040400
FILTERDDP_FEASIBILITY iteration=67 barrier_iteration=2 equality_count=1015272 equality_rms=1.825133361619e-03 equality_max=3.585147190011e-02 equality_worst_stage=24 equality_worst_index=39983 dynamics_count=23460 dynamics_rms=0.000000000000e+00 dynamics_max=0.000000000000e+00 dynamics_worst_stage=0 dynamics_worst_index=0 bound_count=1137768 bound_rms=0.000000000000e+00 bound_max=0.000000000000e+00 bound_worst_stage=0 bound_worst_index=0 bound_worst_kind=none
FILTERDDP_ITER_TIMING iteration=67 barrier_iteration=2 backward_s=20.994937500 forward_s=0.000000000 total_s=20.994937500 outcome=barrier_update step_size=5.000000000e-01 backtracks=0 mu=4.000000000e-02
FILTERDDP_TIMING iteration=67 barrier_iteration=3 stage=24 derivative_s=0.018082400 first_order_s=0.005517100 second_order_s=0.012221900 algebra_s=0.049014400 kkt_assembly_s=0.285178700 factor_s=0.183864200 solve_s=0.325314200 update_s=0.070070400 K_nnz=393075 rhs_cols=1021 Vxx_nnz=1040400
FILTERDDP_TIMING iteration=67 barrier_iteration=3 stage=23 derivative_s=0.015231300 first_order_s=0.005236700 second_order_s=0.009635800 algebra_s=0.036676800 kkt_assembly_s=0.142787500 factor_s=0.238013200 solve_s=0.444628200 update_s=0.067134800 K_nnz=393075 rhs_cols=1021 Vxx_nnz=1040400
FILTERDDP_TIMING iteration=67 barrier_iteration=3 stage=22 derivative_s=0.015514000 first_order_s=0.005599900 second_order_s=0.009596800 algebra_s=0.035550900 kkt_assembly_s=0.142603500 factor_s=0.185086000 solve_s=0.329949300 update_s=0.066896000 K_nnz=393075 rhs_cols=1021 Vxx_nnz=1040400
FILTERDDP_TIMING iteration=67 barrier_iteration=3 stage=21 derivative_s=0.015451200 first_order_s=0.005156200 second_order_s=0.009955100 algebra_s=0.045792100 kkt_assembly_s=0.149036100 factor_s=0.177868700 solve_s=0.322707700 update_s=0.075373800 K_nnz=393075 rhs_cols=1021 Vxx_nnz=1040400
FILTERDDP_TIMING iteration=67 barrier_iteration=3 stage=20 derivative_s=0.017094800 first_order_s=0.005259200 second_order_s=0.011489700 algebra_s=0.035203300 kkt_assembly_s=0.143341800 factor_s=0.196645300 solve_s=0.318738000 update_s=0.065708900 K_nnz=393075 rhs_cols=1021 Vxx_nnz=1040400
FILTERDDP_TIMING iteration=67 barrier_iteration=3 stage=19 derivative_s=0.017124300 first_order_s=0.006005600 second_order_s=0.010776100 algebra_s=0.044755000 kkt_assembly_s=0.150290500 factor_s=0.185261600 solve_s=0.312754200 update_s=0.074344200 K_nnz=393075 rhs_cols=1021 Vxx_nnz=1040400
FILTERDDP_TIMING iteration=67 barrier_iteration=3 stage=18 derivative_s=0.016913200 first_order_s=0.005154600 second_order_s=0.011427000 algebra_s=0.040462500 kkt_assembly_s=0.149221600 factor_s=0.222779600 solve_s=0.401050800 update_s=0.065618900 K_nnz=393075 rhs_cols=1021 Vxx_nnz=1040400
FILTERDDP_TIMING iteration=67 barrier_iteration=3 stage=17 derivative_s=0.015074200 first_order_s=0.005041000 second_order_s=0.009716100 algebra_s=0.035669400 kkt_assembly_s=0.147100900 factor_s=0.194053000 solve_s=0.308236200 update_s=0.081968500 K_nnz=393075 rhs_cols=1021 Vxx_nnz=1040400
FILTERDDP_TIMING iteration=67 barrier_iteration=3 stage=16 derivative_s=0.015391400 first_order_s=0.005269700 second_order_s=0.009768700 algebra_s=0.037555400 kkt_assembly_s=0.173999600 factor_s=0.185376100 solve_s=0.337543600 update_s=0.074806400 K_nnz=393075 rhs_cols=1021 Vxx_nnz=1040400
FILTERDDP_TIMING iteration=67 barrier_iteration=3 stage=15 derivative_s=0.012493800 first_order_s=0.005076000 second_order_s=0.006992600 algebra_s=0.063306300 kkt_assembly_s=0.150143700 factor_s=0.176188300 solve_s=0.311976300 update_s=0.077616600 K_nnz=393075 rhs_cols=1021 Vxx_nnz=1040400
FILTERDDP_TIMING iteration=67 barrier_iteration=3 stage=14 derivative_s=0.015477600 first_order_s=0.005571000 second_order_s=0.009458300 algebra_s=0.037386000 kkt_assembly_s=0.142410500 factor_s=0.183713400 solve_s=0.309207500 update_s=0.076843300 K_nnz=393075 rhs_cols=1021 Vxx_nnz=1040400
FILTERDDP_TIMING iteration=67 barrier_iteration=3 stage=13 derivative_s=0.015942400 first_order_s=0.005470800 second_order_s=0.010134700 algebra_s=0.045998600 kkt_assembly_s=0.146651000 factor_s=0.186197700 solve_s=0.310183700 update_s=0.123283900 K_nnz=393075 rhs_cols=1021 Vxx_nnz=1040400
FILTERDDP_TIMING iteration=67 barrier_iteration=3 stage=12 derivative_s=0.013980900 first_order_s=0.004945500 second_order_s=0.008708800 algebra_s=0.036540900 kkt_assembly_s=0.141713900 factor_s=0.282807200 solve_s=0.298131300 update_s=0.084344100 K_nnz=393075 rhs_cols=1021 Vxx_nnz=1040400
FILTERDDP_TIMING iteration=67 barrier_iteration=3 stage=11 derivative_s=0.023152500 first_order_s=0.005318100 second_order_s=0.017467300 algebra_s=0.036233900 kkt_assembly_s=0.143045500 factor_s=0.188039500 solve_s=0.296500600 update_s=0.073791500 K_nnz=393075 rhs_cols=1021 Vxx_nnz=1040400
FILTERDDP_TIMING iteration=67 barrier_iteration=3 stage=10 derivative_s=0.016055700 first_order_s=0.005561300 second_order_s=0.010175200 algebra_s=0.056713900 kkt_assembly_s=0.144276500 factor_s=0.182899100 solve_s=0.306937800 update_s=0.074432400 K_nnz=393075 rhs_cols=1021 Vxx_nnz=1040400
FILTERDDP_TIMING iteration=67 barrier_iteration=3 stage=9 derivative_s=0.015689400 first_order_s=0.005014400 second_order_s=0.010356800 algebra_s=0.035339200 kkt_assembly_s=0.142232000 factor_s=0.204382000 solve_s=0.306900600 update_s=0.065455800 K_nnz=393075 rhs_cols=1021 Vxx_nnz=1040400
FILTERDDP_TIMING iteration=67 barrier_iteration=3 stage=8 derivative_s=0.015390100 first_order_s=0.004997000 second_order_s=0.010074700 algebra_s=0.044464400 kkt_assembly_s=0.143996300 factor_s=0.180906600 solve_s=0.302186600 update_s=0.080993100 K_nnz=393075 rhs_cols=1021 Vxx_nnz=1040400
FILTERDDP_TIMING iteration=67 barrier_iteration=3 stage=7 derivative_s=0.017677100 first_order_s=0.005282200 second_order_s=0.011996200 algebra_s=0.046182400 kkt_assembly_s=0.145141700 factor_s=0.174972100 solve_s=0.350831100 update_s=0.076032400 K_nnz=393075 rhs_cols=1021 Vxx_nnz=1040400
FILTERDDP_TIMING iteration=67 barrier_iteration=3 stage=6 derivative_s=0.134510700 first_order_s=0.005648500 second_order_s=0.128505400 algebra_s=0.033440800 kkt_assembly_s=0.144880400 factor_s=0.183095000 solve_s=0.321499300 update_s=0.073480400 K_nnz=393075 rhs_cols=1021 Vxx_nnz=1040400
FILTERDDP_TIMING iteration=67 barrier_iteration=3 stage=5 derivative_s=0.015186000 first_order_s=0.005241600 second_order_s=0.009603800 algebra_s=0.047794400 kkt_assembly_s=0.148124000 factor_s=0.168700300 solve_s=0.312558200 update_s=0.072011300 K_nnz=393075 rhs_cols=1021 Vxx_nnz=1040400
FILTERDDP_TIMING iteration=67 barrier_iteration=3 stage=4 derivative_s=0.015599000 first_order_s=0.005307400 second_order_s=0.009959200 algebra_s=0.035803600 kkt_assembly_s=0.160704200 factor_s=0.177983300 solve_s=0.310468100 update_s=0.066663700 K_nnz=393075 rhs_cols=1021 Vxx_nnz=1040400
FILTERDDP_TIMING iteration=67 barrier_iteration=3 stage=3 derivative_s=0.017168100 first_order_s=0.005639200 second_order_s=0.011192700 algebra_s=0.044750200 kkt_assembly_s=0.142969700 factor_s=0.176764200 solve_s=0.310671400 update_s=0.074040700 K_nnz=393075 rhs_cols=1021 Vxx_nnz=1040400
FILTERDDP_TIMING iteration=67 barrier_iteration=3 stage=2 derivative_s=0.015352300 first_order_s=0.005304700 second_order_s=0.009713600 algebra_s=0.046974700 kkt_assembly_s=0.147851800 factor_s=0.172533300 solve_s=0.358218000 update_s=0.078177300 K_nnz=393075 rhs_cols=1021 Vxx_nnz=1040400
FILTERDDP_TIMING iteration=67 barrier_iteration=3 stage=1 derivative_s=0.118489200 first_order_s=0.005399700 second_order_s=0.112736800 algebra_s=0.037411600 kkt_assembly_s=0.150715900 factor_s=0.176061300 solve_s=0.332547500 update_s=0.067975600 K_nnz=393075 rhs_cols=1021 Vxx_nnz=1040400
FILTERDDP_FEASIBILITY iteration=67 barrier_iteration=3 equality_count=1015272 equality_rms=1.825133361619e-03 equality_max=3.585147190011e-02 equality_worst_stage=24 equality_worst_index=39983 dynamics_count=23460 dynamics_rms=0.000000000000e+00 dynamics_max=0.000000000000e+00 dynamics_worst_stage=0 dynamics_worst_index=0 bound_count=1137768 bound_rms=0.000000000000e+00 bound_max=0.000000000000e+00 bound_worst_stage=0 bound_worst_index=0 bound_worst_kind=none
    67   2.70125479e+06   3.5851e-02   3.5907e-01   4.2587e-02   -2.10      -     5.0000e-01   0
FILTERDDP_ITER_TIMING iteration=67 barrier_iteration=3 backward_s=20.983422700 forward_s=0.312146900 total_s=21.295569600 outcome=accepted step_size=5.000000000e-01 backtracks=0 mu=8.000000000e-03
FILTERDDP_TIMING iteration=68 barrier_iteration=3 stage=24 derivative_s=0.023174200 first_order_s=0.007546700 second_order_s=0.015141900 algebra_s=0.063890900 kkt_assembly_s=0.288654300 factor_s=0.174674100 solve_s=0.323377600 update_s=0.066472700 K_nnz=393075 rhs_cols=1021 Vxx_nnz=1040400
FILTERDDP_TIMING iteration=68 barrier_iteration=3 stage=23 derivative_s=0.012618900 first_order_s=0.005232200 second_order_s=0.007044700 algebra_s=0.035771400 kkt_assembly_s=0.147500000 factor_s=0.223996300 solve_s=0.460710200 update_s=0.065727300 K_nnz=393075 rhs_cols=1021 Vxx_nnz=1040400
FILTERDDP_TIMING iteration=68 barrier_iteration=3 stage=22 derivative_s=0.015456300 first_order_s=0.005163700 second_order_s=0.009947700 algebra_s=0.035947000 kkt_assembly_s=0.145041900 factor_s=0.187588900 solve_s=0.322643600 update_s=0.065319900 K_nnz=393075 rhs_cols=1021 Vxx_nnz=1040400
FILTERDDP_TIMING iteration=68 barrier_iteration=3 stage=21 derivative_s=0.012282200 first_order_s=0.005273600 second_order_s=0.006656200 algebra_s=0.049607000 kkt_assembly_s=0.147367300 factor_s=0.177339000 solve_s=0.319052200 update_s=0.087399300 K_nnz=393075 rhs_cols=1021 Vxx_nnz=1040400
FILTERDDP_TIMING iteration=68 barrier_iteration=3 stage=20 derivative_s=0.019959100 first_order_s=0.006218500 second_order_s=0.013409200 algebra_s=0.036951700 kkt_assembly_s=0.147860000 factor_s=0.188227800 solve_s=0.313241500 update_s=0.070454400 K_nnz=393075 rhs_cols=1021 Vxx_nnz=1040400
FILTERDDP_TIMING iteration=68 barrier_iteration=3 stage=19 derivative_s=0.026362400 first_order_s=0.005351000 second_order_s=0.020628800 algebra_s=0.035937000 kkt_assembly_s=0.145561000 factor_s=0.179179200 solve_s=0.299754900 update_s=0.071133300 K_nnz=393075 rhs_cols=1021 Vxx_nnz=1040400
FILTERDDP_TIMING iteration=68 barrier_iteration=3 stage=18 derivative_s=0.015331200 first_order_s=0.005466100 second_order_s=0.009546300 algebra_s=0.082491000 kkt_assembly_s=0.149993000 factor_s=0.180551100 solve_s=0.411074600 update_s=0.071716000 K_nnz=393075 rhs_cols=1021 Vxx_nnz=1040400
FILTERDDP_TIMING iteration=68 barrier_iteration=3 stage=17 derivative_s=0.012523200 first_order_s=0.005155100 second_order_s=0.007025700 algebra_s=0.041475100 kkt_assembly_s=0.155903900 factor_s=0.193323900 solve_s=0.308163600 update_s=0.068785400 K_nnz=393075 rhs_cols=1021 Vxx_nnz=1040400
FILTERDDP_TIMING iteration=68 barrier_iteration=3 stage=16 derivative_s=0.015727400 first_order_s=0.005512900 second_order_s=0.009879700 algebra_s=0.036444500 kkt_assembly_s=0.144168500 factor_s=0.185589000 solve_s=0.305388000 update_s=0.069501600 K_nnz=393075 rhs_cols=1021 Vxx_nnz=1040400
FILTERDDP_TIMING iteration=68 barrier_iteration=3 stage=15 derivative_s=0.025973100 first_order_s=0.005415500 second_order_s=0.020210900 algebra_s=0.034898300 kkt_assembly_s=0.142783300 factor_s=0.205530200 solve_s=0.336329100 update_s=0.070048000 K_nnz=393075 rhs_cols=1021 Vxx_nnz=1040400
FILTERDDP_TIMING iteration=68 barrier_iteration=3 stage=14 derivative_s=0.015398500 first_order_s=0.005282500 second_order_s=0.009774900 algebra_s=0.052262300 kkt_assembly_s=0.148606500 factor_s=0.171164000 solve_s=0.342154100 update_s=0.065665400 K_nnz=393075 rhs_cols=1021 Vxx_nnz=1040400
FILTERDDP_TIMING iteration=68 barrier_iteration=3 stage=13 derivative_s=0.123794800 first_order_s=0.116712700 second_order_s=0.006750400 algebra_s=0.044213200 kkt_assembly_s=0.149612300 factor_s=0.171300800 solve_s=0.315766600 update_s=0.069234400 K_nnz=393075 rhs_cols=1021 Vxx_nnz=1040400
FILTERDDP_TIMING iteration=68 barrier_iteration=3 stage=12 derivative_s=0.015985100 first_order_s=0.005859400 second_order_s=0.009744700 algebra_s=0.048222700 kkt_assembly_s=0.143860000 factor_s=0.172892700 solve_s=0.306262300 update_s=0.065440300 K_nnz=393075 rhs_cols=1021 Vxx_nnz=1040400
FILTERDDP_TIMING iteration=68 barrier_iteration=3 stage=11 derivative_s=0.024139700 first_order_s=0.013872700 second_order_s=0.009904000 algebra_s=0.037197600 kkt_assembly_s=0.147180400 factor_s=0.178809400 solve_s=0.318248500 update_s=0.074324500 K_nnz=393075 rhs_cols=1021 Vxx_nnz=1040400
FILTERDDP_TIMING iteration=68 barrier_iteration=3 stage=10 derivative_s=0.015626000 first_order_s=0.005686800 second_order_s=0.009595000 algebra_s=0.049028600 kkt_assembly_s=0.155239100 factor_s=0.183662800 solve_s=0.302012600 update_s=0.086919100 K_nnz=393075 rhs_cols=1021 Vxx_nnz=1040400
FILTERDDP_TIMING iteration=68 barrier_iteration=3 stage=9 derivative_s=0.015867800 first_order_s=0.005399300 second_order_s=0.010136300 algebra_s=0.035780300 kkt_assembly_s=0.143674200 factor_s=0.182351500 solve_s=0.330859000 update_s=0.069932300 K_nnz=393075 rhs_cols=1021 Vxx_nnz=1040400
FILTERDDP_TIMING iteration=68 barrier_iteration=3 stage=8 derivative_s=0.015603500 first_order_s=0.005258800 second_order_s=0.010013000 algebra_s=0.086259500 kkt_assembly_s=0.143182900 factor_s=0.175613100 solve_s=0.398631500 update_s=0.074468900 K_nnz=393075 rhs_cols=1021 Vxx_nnz=1040400
FILTERDDP_TIMING iteration=68 barrier_iteration=3 stage=7 derivative_s=0.016618600 first_order_s=0.005428700 second_order_s=0.010780000 algebra_s=0.036164800 kkt_assembly_s=0.143954000 factor_s=0.187220500 solve_s=0.325497500 update_s=0.067063500 K_nnz=393075 rhs_cols=1021 Vxx_nnz=1040400
FILTERDDP_TIMING iteration=68 barrier_iteration=3 stage=6 derivative_s=0.013416400 first_order_s=0.005881300 second_order_s=0.007018300 algebra_s=0.060449600 kkt_assembly_s=0.149618200 factor_s=0.183976800 solve_s=0.321084300 update_s=0.083668100 K_nnz=393075 rhs_cols=1021 Vxx_nnz=1040400
FILTERDDP_TIMING iteration=68 barrier_iteration=3 stage=5 derivative_s=0.013649500 first_order_s=0.005808100 second_order_s=0.007496600 algebra_s=0.035668000 kkt_assembly_s=0.154058700 factor_s=0.176099100 solve_s=0.300774700 update_s=0.065363900 K_nnz=393075 rhs_cols=1021 Vxx_nnz=1040400
FILTERDDP_TIMING iteration=68 barrier_iteration=3 stage=4 derivative_s=0.015238100 first_order_s=0.005370700 second_order_s=0.009548300 algebra_s=0.051976800 kkt_assembly_s=0.147158500 factor_s=0.169801500 solve_s=0.306170000 update_s=0.077641800 K_nnz=393075 rhs_cols=1021 Vxx_nnz=1040400
FILTERDDP_TIMING iteration=68 barrier_iteration=3 stage=3 derivative_s=0.015358700 first_order_s=0.005230600 second_order_s=0.009805900 algebra_s=0.035415500 kkt_assembly_s=0.146156400 factor_s=0.189496300 solve_s=0.360576600 update_s=0.069870100 K_nnz=393075 rhs_cols=1021 Vxx_nnz=1040400
FILTERDDP_TIMING iteration=68 barrier_iteration=3 stage=2 derivative_s=0.015575700 first_order_s=0.005654500 second_order_s=0.009601300 algebra_s=0.155067600 kkt_assembly_s=0.144143200 factor_s=0.175083100 solve_s=0.305221200 update_s=0.079236900 K_nnz=393075 rhs_cols=1021 Vxx_nnz=1040400
FILTERDDP_TIMING iteration=68 barrier_iteration=3 stage=1 derivative_s=0.015460800 first_order_s=0.005429400 second_order_s=0.009717000 algebra_s=0.035663500 kkt_assembly_s=0.142214000 factor_s=0.178038400 solve_s=0.316417600 update_s=0.063592100 K_nnz=393075 rhs_cols=1021 Vxx_nnz=1040400
FILTERDDP_FEASIBILITY iteration=68 barrier_iteration=3 equality_count=1015272 equality_rms=4.737593459073e-03 equality_max=1.216802953880e-01 equality_worst_stage=24 equality_worst_index=39983 dynamics_count=23460 dynamics_rms=0.000000000000e+00 dynamics_max=0.000000000000e+00 dynamics_worst_stage=0 dynamics_worst_index=0 bound_count=1137768 bound_rms=0.000000000000e+00 bound_max=0.000000000000e+00 bound_worst_stage=0 bound_worst_index=0 bound_worst_kind=none
    68   2.69326561e+06   1.2168e-01   7.6426e-01   2.7048e-02   -2.10      -     5.0000e-01   0
FILTERDDP_ITER_TIMING iteration=68 barrier_iteration=3 backward_s=20.922125400 forward_s=0.350046600 total_s=21.272172000 outcome=accepted step_size=5.000000000e-01 backtracks=0 mu=8.000000000e-03
FILTERDDP_TIMING iteration=69 barrier_iteration=3 stage=24 derivative_s=0.030628600 first_order_s=0.007437700 second_order_s=0.022683200 algebra_s=0.058305300 kkt_assembly_s=0.258999000 factor_s=0.200508800 solve_s=0.336752900 update_s=0.061711800 K_nnz=393075 rhs_cols=1021 Vxx_nnz=1040400
FILTERDDP_TIMING iteration=69 barrier_iteration=3 stage=23 derivative_s=0.017372500 first_order_s=0.005355700 second_order_s=0.011666200 algebra_s=0.036399000 kkt_assembly_s=0.143600100 factor_s=0.222826700 solve_s=0.452565200 update_s=0.065478200 K_nnz=393075 rhs_cols=1021 Vxx_nnz=1040400
FILTERDDP_TIMING iteration=69 barrier_iteration=3 stage=22 derivative_s=0.014260500 first_order_s=0.005279100 second_order_s=0.008631400 algebra_s=0.036936000 kkt_assembly_s=0.142231000 factor_s=0.186490300 solve_s=0.306631700 update_s=0.066043400 K_nnz=393075 rhs_cols=1021 Vxx_nnz=1040400
FILTERDDP_TIMING iteration=69 barrier_iteration=3 stage=21 derivative_s=0.018046700 first_order_s=0.005029700 second_order_s=0.012674400 algebra_s=0.049740300 kkt_assembly_s=0.147045900 factor_s=0.170459600 solve_s=0.304926700 update_s=0.073740800 K_nnz=393075 rhs_cols=1021 Vxx_nnz=1040400
FILTERDDP_TIMING iteration=69 barrier_iteration=3 stage=20 derivative_s=0.015218800 first_order_s=0.004976200 second_order_s=0.009903600 algebra_s=0.035915900 kkt_assembly_s=0.141174200 factor_s=0.181695600 solve_s=0.307874900 update_s=0.074316400 K_nnz=393075 rhs_cols=1021 Vxx_nnz=1040400
FILTERDDP_TIMING iteration=69 barrier_iteration=3 stage=19 derivative_s=0.023704500 first_order_s=0.005044200 second_order_s=0.018314800 algebra_s=0.035251600 kkt_assembly_s=0.169170000 factor_s=0.183726100 solve_s=0.320662500 update_s=0.067062800 K_nnz=393075 rhs_cols=1021 Vxx_nnz=1040400
FILTERDDP_TIMING iteration=69 barrier_iteration=3 stage=18 derivative_s=0.016389700 first_order_s=0.005494600 second_order_s=0.010549900 algebra_s=0.093776600 kkt_assembly_s=0.142307600 factor_s=0.170190500 solve_s=0.393363400 update_s=0.070198500 K_nnz=393075 rhs_cols=1021 Vxx_nnz=1040400
FILTERDDP_TIMING iteration=69 barrier_iteration=3 stage=17 derivative_s=0.016836100 first_order_s=0.005195700 second_order_s=0.011311800 algebra_s=0.035676800 kkt_assembly_s=0.141739700 factor_s=0.183546000 solve_s=0.318828700 update_s=0.068167400 K_nnz=393075 rhs_cols=1021 Vxx_nnz=1040400
FILTERDDP_TIMING iteration=69 barrier_iteration=3 stage=16 derivative_s=0.015654100 first_order_s=0.005270200 second_order_s=0.010049900 algebra_s=0.062844500 kkt_assembly_s=0.154629700 factor_s=0.171684200 solve_s=0.305461300 update_s=0.071351200 K_nnz=393075 rhs_cols=1021 Vxx_nnz=1040400
FILTERDDP_TIMING iteration=69 barrier_iteration=3 stage=15 derivative_s=0.015430300 first_order_s=0.005191600 second_order_s=0.009894000 algebra_s=0.035628100 kkt_assembly_s=0.145383100 factor_s=0.176331500 solve_s=0.320976200 update_s=0.074012000 K_nnz=393075 rhs_cols=1021 Vxx_nnz=1040400
FILTERDDP_TIMING iteration=69 barrier_iteration=3 stage=14 derivative_s=0.016824800 first_order_s=0.005207500 second_order_s=0.011286400 algebra_s=0.053667800 kkt_assembly_s=0.144451900 factor_s=0.174217500 solve_s=0.315079700 update_s=0.074560000 K_nnz=393075 rhs_cols=1021 Vxx_nnz=1040400
FILTERDDP_TIMING iteration=69 barrier_iteration=3 stage=13 derivative_s=0.015432100 first_order_s=0.005351600 second_order_s=0.009735800 algebra_s=0.035495000 kkt_assembly_s=0.172121300 factor_s=0.185605800 solve_s=0.356448600 update_s=0.066334100 K_nnz=393075 rhs_cols=1021 Vxx_nnz=1040400
FILTERDDP_TIMING iteration=69 barrier_iteration=3 stage=12 derivative_s=0.013365600 first_order_s=0.005544100 second_order_s=0.007475400 algebra_s=0.140786400 kkt_assembly_s=0.150354800 factor_s=0.182731400 solve_s=0.321835900 update_s=0.071009400 K_nnz=393075 rhs_cols=1021 Vxx_nnz=1040400
FILTERDDP_TIMING iteration=69 barrier_iteration=3 stage=11 derivative_s=0.036100900 first_order_s=0.013710500 second_order_s=0.021386300 algebra_s=0.060590000 kkt_assembly_s=0.177035500 factor_s=0.218062300 solve_s=0.309380800 update_s=0.068189000 K_nnz=393075 rhs_cols=1021 Vxx_nnz=1040400
FILTERDDP_TIMING iteration=69 barrier_iteration=3 stage=10 derivative_s=0.015220100 first_order_s=0.005030100 second_order_s=0.009870000 algebra_s=0.044606000 kkt_assembly_s=0.146370900 factor_s=0.174372800 solve_s=0.306301800 update_s=0.066567400 K_nnz=393075 rhs_cols=1021 Vxx_nnz=1040400
FILTERDDP_TIMING iteration=69 barrier_iteration=3 stage=9 derivative_s=0.013587800 first_order_s=0.005896600 second_order_s=0.007366300 algebra_s=0.050349300 kkt_assembly_s=0.141734700 factor_s=0.174574200 solve_s=0.336670000 update_s=0.169672100 K_nnz=393075 rhs_cols=1021 Vxx_nnz=1040400
FILTERDDP_TIMING iteration=69 barrier_iteration=3 stage=8 derivative_s=0.013624300 first_order_s=0.004956900 second_order_s=0.008330800 algebra_s=0.035294200 kkt_assembly_s=0.145950100 factor_s=0.174643800 solve_s=0.327344700 update_s=0.064712400 K_nnz=393075 rhs_cols=1021 Vxx_nnz=1040400
FILTERDDP_TIMING iteration=69 barrier_iteration=3 stage=7 derivative_s=0.019949800 first_order_s=0.005405500 second_order_s=0.014209800 algebra_s=0.046854400 kkt_assembly_s=0.142297200 factor_s=0.197226000 solve_s=0.313203600 update_s=0.091347200 K_nnz=393075 rhs_cols=1021 Vxx_nnz=1040400
FILTERDDP_TIMING iteration=69 barrier_iteration=3 stage=6 derivative_s=0.015751500 first_order_s=0.005323000 second_order_s=0.010071700 algebra_s=0.036362900 kkt_assembly_s=0.142329300 factor_s=0.177598000 solve_s=0.306248700 update_s=0.073326700 K_nnz=393075 rhs_cols=1021 Vxx_nnz=1040400
FILTERDDP_TIMING iteration=69 barrier_iteration=3 stage=5 derivative_s=0.022717900 first_order_s=0.005261100 second_order_s=0.017114800 algebra_s=0.042402800 kkt_assembly_s=0.145508000 factor_s=0.178687100 solve_s=0.324603900 update_s=0.069885400 K_nnz=393075 rhs_cols=1021 Vxx_nnz=1040400
FILTERDDP_TIMING iteration=69 barrier_iteration=3 stage=4 derivative_s=0.015199300 first_order_s=0.005139000 second_order_s=0.009742000 algebra_s=0.051425200 kkt_assembly_s=0.176863800 factor_s=0.168935800 solve_s=0.303102900 update_s=0.118752200 K_nnz=393075 rhs_cols=1021 Vxx_nnz=1040400
FILTERDDP_TIMING iteration=69 barrier_iteration=3 stage=3 derivative_s=0.015211600 first_order_s=0.005062200 second_order_s=0.009830500 algebra_s=0.035709200 kkt_assembly_s=0.143429500 factor_s=0.344537400 solve_s=0.302679000 update_s=0.065579700 K_nnz=393075 rhs_cols=1021 Vxx_nnz=1040400
FILTERDDP_TIMING iteration=69 barrier_iteration=3 stage=2 derivative_s=0.024942500 first_order_s=0.005398100 second_order_s=0.019187600 algebra_s=0.036042000 kkt_assembly_s=0.172554400 factor_s=0.184070500 solve_s=0.305373700 update_s=0.082859400 K_nnz=393075 rhs_cols=1021 Vxx_nnz=1040400
FILTERDDP_TIMING iteration=69 barrier_iteration=3 stage=1 derivative_s=0.015564600 first_order_s=0.005525400 second_order_s=0.009715500 algebra_s=0.036229800 kkt_assembly_s=0.145193000 factor_s=0.223473000 solve_s=0.323653400 update_s=0.070131400 K_nnz=393075 rhs_cols=1021 Vxx_nnz=1040400
FILTERDDP_FEASIBILITY iteration=69 barrier_iteration=3 equality_count=1015272 equality_rms=3.949639773546e-03 equality_max=1.108349638444e-01 equality_worst_stage=24 equality_worst_index=31151 dynamics_count=23460 dynamics_rms=0.000000000000e+00 dynamics_max=0.000000000000e+00 dynamics_worst_stage=0 dynamics_worst_index=0 bound_count=1137768 bound_rms=0.000000000000e+00 bound_max=0.000000000000e+00 bound_worst_stage=0 bound_worst_index=0 bound_worst_kind=none
    69   2.68941288e+06   1.1083e-01   1.2095e+00   1.8360e-02   -2.10      -     5.0000e-01   0
FILTERDDP_ITER_TIMING iteration=69 barrier_iteration=3 backward_s=21.085716600 forward_s=0.327925400 total_s=21.413642000 outcome=accepted step_size=5.000000000e-01 backtracks=0 mu=8.000000000e-03
FILTERDDP_TIMING iteration=70 barrier_iteration=3 stage=24 derivative_s=0.025850000 first_order_s=0.005697100 second_order_s=0.019802600 algebra_s=0.047343600 kkt_assembly_s=0.293313200 factor_s=0.196057200 solve_s=0.346723600 update_s=0.069030900 K_nnz=393075 rhs_cols=1021 Vxx_nnz=1040400
FILTERDDP_TIMING iteration=70 barrier_iteration=3 stage=23 derivative_s=0.016597400 first_order_s=0.005541100 second_order_s=0.010707600 algebra_s=0.051335600 kkt_assembly_s=0.157705100 factor_s=0.237669300 solve_s=0.463135700 update_s=0.067558300 K_nnz=393075 rhs_cols=1021 Vxx_nnz=1040400
FILTERDDP_TIMING iteration=70 barrier_iteration=3 stage=22 derivative_s=0.015479700 first_order_s=0.005162700 second_order_s=0.009997200 algebra_s=0.035872700 kkt_assembly_s=0.148968800 factor_s=0.186941400 solve_s=0.317149600 update_s=0.071240000 K_nnz=393075 rhs_cols=1021 Vxx_nnz=1040400
FILTERDDP_TIMING iteration=70 barrier_iteration=3 stage=21 derivative_s=0.012503200 first_order_s=0.005276200 second_order_s=0.006894900 algebra_s=0.063602600 kkt_assembly_s=0.157705900 factor_s=0.177806000 solve_s=0.299896600 update_s=0.072570700 K_nnz=393075 rhs_cols=1021 Vxx_nnz=1040400
FILTERDDP_TIMING iteration=70 barrier_iteration=3 stage=20 derivative_s=0.015303700 first_order_s=0.004979600 second_order_s=0.010000600 algebra_s=0.056580200 kkt_assembly_s=0.147903600 factor_s=0.173366100 solve_s=0.307493200 update_s=0.067039100 K_nnz=393075 rhs_cols=1021 Vxx_nnz=1040400
FILTERDDP_TIMING iteration=70 barrier_iteration=3 stage=19 derivative_s=0.024868700 first_order_s=0.005150900 second_order_s=0.019388700 algebra_s=0.035568700 kkt_assembly_s=0.141949200 factor_s=0.177235500 solve_s=0.322830500 update_s=0.071303400 K_nnz=393075 rhs_cols=1021 Vxx_nnz=1040400
FILTERDDP_TIMING iteration=70 barrier_iteration=3 stage=18 derivative_s=0.012391500 first_order_s=0.005142700 second_order_s=0.006871800 algebra_s=0.048648700 kkt_assembly_s=0.149017000 factor_s=0.184105400 solve_s=0.359837000 update_s=0.072007300 K_nnz=393075 rhs_cols=1021 Vxx_nnz=1040400
FILTERDDP_TIMING iteration=70 barrier_iteration=3 stage=17 derivative_s=0.115773500 first_order_s=0.106954600 second_order_s=0.008357000 algebra_s=0.042407700 kkt_assembly_s=0.170119700 factor_s=0.187054400 solve_s=0.312840100 update_s=0.074992800 K_nnz=393075 rhs_cols=1021 Vxx_nnz=1040400
FILTERDDP_TIMING iteration=70 barrier_iteration=3 stage=16 derivative_s=0.025481800 first_order_s=0.005552800 second_order_s=0.019560100 algebra_s=0.035509500 kkt_assembly_s=0.146772100 factor_s=0.177060100 solve_s=0.317364500 update_s=0.073138200 K_nnz=393075 rhs_cols=1021 Vxx_nnz=1040400
FILTERDDP_TIMING iteration=70 barrier_iteration=3 stage=15 derivative_s=0.015496700 first_order_s=0.005542400 second_order_s=0.009634300 algebra_s=0.045765400 kkt_assembly_s=0.173714800 factor_s=0.173989200 solve_s=0.316450800 update_s=0.071588700 K_nnz=393075 rhs_cols=1021 Vxx_nnz=1040400
FILTERDDP_TIMING iteration=70 barrier_iteration=3 stage=14 derivative_s=0.015563600 first_order_s=0.005133400 second_order_s=0.010110700 algebra_s=0.036054200 kkt_assembly_s=0.144965600 factor_s=0.231758800 solve_s=0.331012400 update_s=0.072995000 K_nnz=393075 rhs_cols=1021 Vxx_nnz=1040400
FILTERDDP_TIMING iteration=70 barrier_iteration=3 stage=13 derivative_s=0.016657200 first_order_s=0.005338900 second_order_s=0.010983600 algebra_s=0.043531300 kkt_assembly_s=0.143303900 factor_s=0.174026000 solve_s=0.317938800 update_s=0.080926200 K_nnz=393075 rhs_cols=1021 Vxx_nnz=1040400
FILTERDDP_TIMING iteration=70 barrier_iteration=3 stage=12 derivative_s=0.015064100 first_order_s=0.005417800 second_order_s=0.009315200 algebra_s=0.035480900 kkt_assembly_s=0.144691900 factor_s=0.215042600 solve_s=0.408581100 update_s=0.074690600 K_nnz=393075 rhs_cols=1021 Vxx_nnz=1040400
FILTERDDP_TIMING iteration=70 barrier_iteration=3 stage=11 derivative_s=0.015886800 first_order_s=0.005352100 second_order_s=0.010215200 algebra_s=0.035652500 kkt_assembly_s=0.142949800 factor_s=0.192459200 solve_s=0.299125300 update_s=0.078228200 K_nnz=393075 rhs_cols=1021 Vxx_nnz=1040400
FILTERDDP_TIMING iteration=70 barrier_iteration=3 stage=10 derivative_s=0.014556300 first_order_s=0.005750500 second_order_s=0.008452900 algebra_s=0.041807500 kkt_assembly_s=0.146463700 factor_s=0.174175500 solve_s=0.321223800 update_s=0.066485000 K_nnz=393075 rhs_cols=1021 Vxx_nnz=1040400
FILTERDDP_TIMING iteration=70 barrier_iteration=3 stage=9 derivative_s=0.012618600 first_order_s=0.005061700 second_order_s=0.007189300 algebra_s=0.049401300 kkt_assembly_s=0.149763600 factor_s=0.190897600 solve_s=0.322877000 update_s=0.073069700 K_nnz=393075 rhs_cols=1021 Vxx_nnz=1040400
FILTERDDP_TIMING iteration=70 barrier_iteration=3 stage=8 derivative_s=0.022427100 first_order_s=0.008361100 second_order_s=0.013606800 algebra_s=0.038304900 kkt_assembly_s=0.159974700 factor_s=0.186274000 solve_s=0.317584300 update_s=0.064058400 K_nnz=393075 rhs_cols=1021 Vxx_nnz=1040400
FILTERDDP_TIMING iteration=70 barrier_iteration=3 stage=7 derivative_s=0.015110200 first_order_s=0.005167400 second_order_s=0.009516000 algebra_s=0.048815100 kkt_assembly_s=0.142400200 factor_s=0.178856600 solve_s=0.315240000 update_s=0.109999700 K_nnz=393075 rhs_cols=1021 Vxx_nnz=1040400
FILTERDDP_TIMING iteration=70 barrier_iteration=3 stage=6 derivative_s=0.018387500 first_order_s=0.005355700 second_order_s=0.012685500 algebra_s=0.045270300 kkt_assembly_s=0.169027100 factor_s=0.291517600 solve_s=0.299196900 update_s=0.073856700 K_nnz=393075 rhs_cols=1021 Vxx_nnz=1040400
FILTERDDP_TIMING iteration=70 barrier_iteration=3 stage=5 derivative_s=0.025309600 first_order_s=0.005240100 second_order_s=0.019715900 algebra_s=0.036274500 kkt_assembly_s=0.144011800 factor_s=0.173825800 solve_s=0.297629200 update_s=0.078795200 K_nnz=393075 rhs_cols=1021 Vxx_nnz=1040400
FILTERDDP_TIMING iteration=70 barrier_iteration=3 stage=4 derivative_s=0.016028700 first_order_s=0.005610300 second_order_s=0.010083500 algebra_s=0.046045300 kkt_assembly_s=0.144017400 factor_s=0.183720200 solve_s=0.312711200 update_s=0.071316700 K_nnz=393075 rhs_cols=1021 Vxx_nnz=1040400
FILTERDDP_TIMING iteration=70 barrier_iteration=3 stage=3 derivative_s=0.014985600 first_order_s=0.005156800 second_order_s=0.009480300 algebra_s=0.037076900 kkt_assembly_s=0.144551900 factor_s=0.191107300 solve_s=0.309069500 update_s=0.059830100 K_nnz=393075 rhs_cols=1021 Vxx_nnz=1040400
FILTERDDP_TIMING iteration=70 barrier_iteration=3 stage=2 derivative_s=0.015496400 first_order_s=0.005093400 second_order_s=0.010040900 algebra_s=0.048683000 kkt_assembly_s=0.143225900 factor_s=0.169113100 solve_s=0.302842400 update_s=0.079013300 K_nnz=393075 rhs_cols=1021 Vxx_nnz=1040400
FILTERDDP_TIMING iteration=70 barrier_iteration=3 stage=1 derivative_s=0.012879100 first_order_s=0.005336300 second_order_s=0.007189700 algebra_s=0.035238100 kkt_assembly_s=0.149925700 factor_s=0.182589000 solve_s=0.327372100 update_s=0.076476700 K_nnz=393075 rhs_cols=1021 Vxx_nnz=1040400
FILTERDDP_FEASIBILITY iteration=70 barrier_iteration=3 equality_count=1015272 equality_rms=2.505781085145e-03 equality_max=7.216518456062e-02 equality_worst_stage=24 equality_worst_index=31151 dynamics_count=23460 dynamics_rms=0.000000000000e+00 dynamics_max=0.000000000000e+00 dynamics_worst_stage=0 dynamics_worst_index=0 bound_count=1137768 bound_rms=0.000000000000e+00 bound_max=0.000000000000e+00 bound_worst_stage=0 bound_worst_index=0 bound_worst_kind=none
  iter     objective        pr_inf       du_inf       cs_inf     lg(μ)   lg(reg)    alpha     ls
    70   2.68756287e+06   7.2165e-02   1.2725e+00   1.3543e-02   -2.10      -     5.0000e-01   0
FILTERDDP_ITER_TIMING iteration=70 barrier_iteration=3 backward_s=21.008024400 forward_s=0.426686200 total_s=21.434710600 outcome=accepted step_size=5.000000000e-01 backtracks=0 mu=8.000000000e-03
FILTERDDP_TIMING iteration=71 barrier_iteration=3 stage=24 derivative_s=0.016717700 first_order_s=0.005096600 second_order_s=0.011279500 algebra_s=0.038404600 kkt_assembly_s=0.269377600 factor_s=0.177515600 solve_s=0.337074900 update_s=0.064454000 K_nnz=393075 rhs_cols=1021 Vxx_nnz=1040400
FILTERDDP_TIMING iteration=71 barrier_iteration=3 stage=23 derivative_s=0.017274500 first_order_s=0.005393500 second_order_s=0.011545100 algebra_s=0.036460500 kkt_assembly_s=0.151643500 factor_s=0.241719800 solve_s=0.449296500 update_s=0.069682700 K_nnz=393075 rhs_cols=1021 Vxx_nnz=1040400
FILTERDDP_TIMING iteration=71 barrier_iteration=3 stage=22 derivative_s=0.013365500 first_order_s=0.005334900 second_order_s=0.007715600 algebra_s=0.040196300 kkt_assembly_s=0.149571600 factor_s=0.184028500 solve_s=0.336025200 update_s=0.072271600 K_nnz=393075 rhs_cols=1021 Vxx_nnz=1040400
FILTERDDP_TIMING iteration=71 barrier_iteration=3 stage=21 derivative_s=0.015338100 first_order_s=0.005103900 second_order_s=0.009865500 algebra_s=0.048501100 kkt_assembly_s=0.147245500 factor_s=0.177644600 solve_s=0.307272400 update_s=0.085747500 K_nnz=393075 rhs_cols=1021 Vxx_nnz=1040400
FILTERDDP_TIMING iteration=71 barrier_iteration=3 stage=20 derivative_s=0.015211400 first_order_s=0.005018500 second_order_s=0.009830100 algebra_s=0.035299700 kkt_assembly_s=0.142619000 factor_s=0.181480500 solve_s=0.313548000 update_s=0.076926200 K_nnz=393075 rhs_cols=1021 Vxx_nnz=1040400
FILTERDDP_TIMING iteration=71 barrier_iteration=3 stage=19 derivative_s=0.015853300 first_order_s=0.005173200 second_order_s=0.010312900 algebra_s=0.049457700 kkt_assembly_s=0.144634700 factor_s=0.180729900 solve_s=0.304928000 update_s=0.115793700 K_nnz=393075 rhs_cols=1021 Vxx_nnz=1040400
FILTERDDP_TIMING iteration=71 barrier_iteration=3 stage=18 derivative_s=0.015378700 first_order_s=0.005087600 second_order_s=0.009970800 algebra_s=0.137738900 kkt_assembly_s=0.144577300 factor_s=0.172662000 solve_s=0.293767300 update_s=0.071172100 K_nnz=393075 rhs_cols=1021 Vxx_nnz=1040400
FILTERDDP_TIMING iteration=71 barrier_iteration=3 stage=17 derivative_s=0.016643200 first_order_s=0.005364500 second_order_s=0.010943200 algebra_s=0.036757800 kkt_assembly_s=0.140987300 factor_s=0.176881000 solve_s=0.297558200 update_s=0.069853700 K_nnz=393075 rhs_cols=1021 Vxx_nnz=1040400
FILTERDDP_TIMING iteration=71 barrier_iteration=3 stage=16 derivative_s=0.015296100 first_order_s=0.005007200 second_order_s=0.009958600 algebra_s=0.044720000 kkt_assembly_s=0.144028800 factor_s=0.172824500 solve_s=0.309561400 update_s=0.080365300 K_nnz=393075 rhs_cols=1021 Vxx_nnz=1040400
FILTERDDP_TIMING iteration=71 barrier_iteration=3 stage=15 derivative_s=0.015196900 first_order_s=0.005031700 second_order_s=0.009838500 algebra_s=0.038705900 kkt_assembly_s=0.142728900 factor_s=0.182289900 solve_s=0.310232900 update_s=0.071182100 K_nnz=393075 rhs_cols=1021 Vxx_nnz=1040400
FILTERDDP_TIMING iteration=71 barrier_iteration=3 stage=14 derivative_s=0.012988600 first_order_s=0.004916500 second_order_s=0.007733100 algebra_s=0.044358700 kkt_assembly_s=0.142432000 factor_s=0.177115200 solve_s=0.301253700 update_s=0.078716700 K_nnz=393075 rhs_cols=1021 Vxx_nnz=1040400
FILTERDDP_TIMING iteration=71 barrier_iteration=3 stage=13 derivative_s=0.015411000 first_order_s=0.005349200 second_order_s=0.009741000 algebra_s=0.042907300 kkt_assembly_s=0.142568900 factor_s=0.171742500 solve_s=0.310639400 update_s=0.079249600 K_nnz=393075 rhs_cols=1021 Vxx_nnz=1040400
FILTERDDP_TIMING iteration=71 barrier_iteration=3 stage=12 derivative_s=0.059212500 first_order_s=0.005120800 second_order_s=0.053764900 algebra_s=0.035381600 kkt_assembly_s=0.144872200 factor_s=0.298703800 solve_s=0.313305100 update_s=0.075192300 K_nnz=393075 rhs_cols=1021 Vxx_nnz=1040400
FILTERDDP_TIMING iteration=71 barrier_iteration=3 stage=11 derivative_s=0.018203500 first_order_s=0.005913700 second_order_s=0.011927300 algebra_s=0.048066300 kkt_assembly_s=0.147559500 factor_s=0.196958200 solve_s=0.311230600 update_s=0.083290000 K_nnz=393075 rhs_cols=1021 Vxx_nnz=1040400
FILTERDDP_TIMING iteration=71 barrier_iteration=3 stage=10 derivative_s=0.015313200 first_order_s=0.005332600 second_order_s=0.009663000 algebra_s=0.037595700 kkt_assembly_s=0.143576300 factor_s=0.177669500 solve_s=0.329948900 update_s=0.065451600 K_nnz=393075 rhs_cols=1021 Vxx_nnz=1040400
FILTERDDP_TIMING iteration=71 barrier_iteration=3 stage=9 derivative_s=0.015201200 first_order_s=0.005090500 second_order_s=0.009777100 algebra_s=0.049950300 kkt_assembly_s=0.145534400 factor_s=0.171628900 solve_s=0.304249100 update_s=0.074358000 K_nnz=393075 rhs_cols=1021 Vxx_nnz=1040400
FILTERDDP_TIMING iteration=71 barrier_iteration=3 stage=8 derivative_s=0.015441600 first_order_s=0.005053600 second_order_s=0.010041900 algebra_s=0.038783000 kkt_assembly_s=0.151217100 factor_s=0.178530000 solve_s=0.311415200 update_s=0.061425800 K_nnz=393075 rhs_cols=1021 Vxx_nnz=1040400
FILTERDDP_TIMING iteration=71 barrier_iteration=3 stage=7 derivative_s=0.015236000 first_order_s=0.005156300 second_order_s=0.009714500 algebra_s=0.048838300 kkt_assembly_s=0.146460100 factor_s=0.174020000 solve_s=0.335696100 update_s=0.067583100 K_nnz=393075 rhs_cols=1021 Vxx_nnz=1040400
FILTERDDP_TIMING iteration=71 barrier_iteration=3 stage=6 derivative_s=0.132790300 first_order_s=0.124160000 second_order_s=0.008291900 algebra_s=0.038493200 kkt_assembly_s=0.145829500 factor_s=0.178742500 solve_s=0.308344900 update_s=0.063590000 K_nnz=393075 rhs_cols=1021 Vxx_nnz=1040400
FILTERDDP_TIMING iteration=71 barrier_iteration=3 stage=5 derivative_s=0.023858100 first_order_s=0.005180800 second_order_s=0.018338400 algebra_s=0.036565000 kkt_assembly_s=0.144067600 factor_s=0.177502600 solve_s=0.326601500 update_s=0.065147400 K_nnz=393075 rhs_cols=1021 Vxx_nnz=1040400
FILTERDDP_TIMING iteration=71 barrier_iteration=3 stage=4 derivative_s=0.012877200 first_order_s=0.005378100 second_order_s=0.007157900 algebra_s=0.047977100 kkt_assembly_s=0.150710900 factor_s=0.205961100 solve_s=0.311678700 update_s=0.073464800 K_nnz=393075 rhs_cols=1021 Vxx_nnz=1040400
FILTERDDP_TIMING iteration=71 barrier_iteration=3 stage=3 derivative_s=0.015510900 first_order_s=0.005529900 second_order_s=0.009653200 algebra_s=0.038036000 kkt_assembly_s=0.142453900 factor_s=0.181637300 solve_s=0.309801900 update_s=0.063612700 K_nnz=393075 rhs_cols=1021 Vxx_nnz=1040400
FILTERDDP_TIMING iteration=71 barrier_iteration=3 stage=2 derivative_s=0.015533900 first_order_s=0.005079300 second_order_s=0.010120400 algebra_s=0.055003300 kkt_assembly_s=0.149828600 factor_s=0.171924000 solve_s=0.307112600 update_s=0.112134900 K_nnz=393075 rhs_cols=1021 Vxx_nnz=1040400
FILTERDDP_TIMING iteration=71 barrier_iteration=3 stage=1 derivative_s=0.016052000 first_order_s=0.005459300 second_order_s=0.010178900 algebra_s=0.037930100 kkt_assembly_s=0.143018400 factor_s=0.284867400 solve_s=0.299564500 update_s=0.067329100 K_nnz=393075 rhs_cols=1021 Vxx_nnz=1040400
FILTERDDP_FEASIBILITY iteration=71 barrier_iteration=3 equality_count=1015272 equality_rms=1.411565225342e-03 equality_max=4.073919721441e-02 equality_worst_stage=24 equality_worst_index=31151 dynamics_count=23460 dynamics_rms=0.000000000000e+00 dynamics_max=0.000000000000e+00 dynamics_worst_stage=0 dynamics_worst_index=0 bound_count=1137768 bound_rms=0.000000000000e+00 bound_max=0.000000000000e+00 bound_worst_stage=0 bound_worst_index=0 bound_worst_kind=none
    71   2.68667311e+06   4.0739e-02   1.0214e+00   1.0913e-02   -2.10      -     5.0000e-01   0
FILTERDDP_ITER_TIMING iteration=71 barrier_iteration=3 backward_s=20.883655300 forward_s=0.330741200 total_s=21.214396500 outcome=accepted step_size=5.000000000e-01 backtracks=0 mu=8.000000000e-03
FILTERDDP_TIMING iteration=72 barrier_iteration=3 stage=24 derivative_s=0.016430900 first_order_s=0.005074900 second_order_s=0.011017100 algebra_s=0.045827000 kkt_assembly_s=0.256222800 factor_s=0.179952400 solve_s=0.353617900 update_s=0.070138600 K_nnz=393075 rhs_cols=1021 Vxx_nnz=1040400
FILTERDDP_TIMING iteration=72 barrier_iteration=3 stage=23 derivative_s=0.019080200 first_order_s=0.005618500 second_order_s=0.013117800 algebra_s=0.044713800 kkt_assembly_s=0.170325300 factor_s=0.220890800 solve_s=0.450275600 update_s=0.064787900 K_nnz=393075 rhs_cols=1021 Vxx_nnz=1040400
FILTERDDP_TIMING iteration=72 barrier_iteration=3 stage=22 derivative_s=0.016594900 first_order_s=0.005448200 second_order_s=0.010814000 algebra_s=0.036410900 kkt_assembly_s=0.144865700 factor_s=0.183451000 solve_s=0.322178000 update_s=0.074468700 K_nnz=393075 rhs_cols=1021 Vxx_nnz=1040400
FILTERDDP_TIMING iteration=72 barrier_iteration=3 stage=21 derivative_s=0.015319600 first_order_s=0.005099000 second_order_s=0.009828500 algebra_s=0.048966800 kkt_assembly_s=0.143329400 factor_s=0.175257200 solve_s=0.303464900 update_s=0.069866300 K_nnz=393075 rhs_cols=1021 Vxx_nnz=1040400
FILTERDDP_TIMING iteration=72 barrier_iteration=3 stage=20 derivative_s=0.012308700 first_order_s=0.005016200 second_order_s=0.006956500 algebra_s=0.036350600 kkt_assembly_s=0.144256700 factor_s=0.184880100 solve_s=0.315923200 update_s=0.064972100 K_nnz=393075 rhs_cols=1021 Vxx_nnz=1040400
FILTERDDP_TIMING iteration=72 barrier_iteration=3 stage=19 derivative_s=0.015605500 first_order_s=0.005486200 second_order_s=0.009787400 algebra_s=0.044092000 kkt_assembly_s=0.142874700 factor_s=0.184247500 solve_s=0.299127800 update_s=0.075791200 K_nnz=393075 rhs_cols=1021 Vxx_nnz=1040400
FILTERDDP_TIMING iteration=72 barrier_iteration=3 stage=18 derivative_s=0.014610000 first_order_s=0.005257000 second_order_s=0.009010700 algebra_s=0.080032000 kkt_assembly_s=0.167666700 factor_s=0.190072100 solve_s=0.386468500 update_s=0.066741000 K_nnz=393075 rhs_cols=1021 Vxx_nnz=1040400
FILTERDDP_TIMING iteration=72 barrier_iteration=3 stage=17 derivative_s=0.014766200 first_order_s=0.004964300 second_order_s=0.009461200 algebra_s=0.035617300 kkt_assembly_s=0.143057700 factor_s=0.215775600 solve_s=0.323059600 update_s=0.068765100 K_nnz=393075 rhs_cols=1021 Vxx_nnz=1040400
FILTERDDP_TIMING iteration=72 barrier_iteration=3 stage=16 derivative_s=0.015243900 first_order_s=0.005098600 second_order_s=0.009804800 algebra_s=0.047681500 kkt_assembly_s=0.144709500 factor_s=0.173157500 solve_s=0.314545400 update_s=0.071645600 K_nnz=393075 rhs_cols=1021 Vxx_nnz=1040400
FILTERDDP_TIMING iteration=72 barrier_iteration=3 stage=15 derivative_s=0.015310700 first_order_s=0.005338100 second_order_s=0.009645100 algebra_s=0.035546100 kkt_assembly_s=0.149337100 factor_s=0.179372700 solve_s=0.322323600 update_s=0.070228200 K_nnz=393075 rhs_cols=1021 Vxx_nnz=1040400
FILTERDDP_TIMING iteration=72 barrier_iteration=3 stage=14 derivative_s=0.017825600 first_order_s=0.005336100 second_order_s=0.012150400 algebra_s=0.055624800 kkt_assembly_s=0.141857800 factor_s=0.175459000 solve_s=0.312871400 update_s=0.070469800 K_nnz=393075 rhs_cols=1021 Vxx_nnz=1040400
FILTERDDP_TIMING iteration=72 barrier_iteration=3 stage=13 derivative_s=0.018973300 first_order_s=0.005211700 second_order_s=0.013415600 algebra_s=0.038019400 kkt_assembly_s=0.143188000 factor_s=0.230555700 solve_s=0.408932000 update_s=0.067370900 K_nnz=393075 rhs_cols=1021 Vxx_nnz=1040400
FILTERDDP_TIMING iteration=72 barrier_iteration=3 stage=12 derivative_s=0.021846100 first_order_s=0.005400100 second_order_s=0.016089100 algebra_s=0.035884900 kkt_assembly_s=0.141712800 factor_s=0.179662100 solve_s=0.307757300 update_s=0.084086300 K_nnz=393075 rhs_cols=1021 Vxx_nnz=1040400
FILTERDDP_TIMING iteration=72 barrier_iteration=3 stage=11 derivative_s=0.017071800 first_order_s=0.005698100 second_order_s=0.011024300 algebra_s=0.037406300 kkt_assembly_s=0.155556800 factor_s=0.177937900 solve_s=0.326718400 update_s=0.067134900 K_nnz=393075 rhs_cols=1021 Vxx_nnz=1040400
FILTERDDP_TIMING iteration=72 barrier_iteration=3 stage=10 derivative_s=0.014971200 first_order_s=0.005296700 second_order_s=0.009324600 algebra_s=0.046642800 kkt_assembly_s=0.146461700 factor_s=0.192733800 solve_s=0.319275600 update_s=0.084677400 K_nnz=393075 rhs_cols=1021 Vxx_nnz=1040400
FILTERDDP_TIMING iteration=72 barrier_iteration=3 stage=9 derivative_s=0.021657100 first_order_s=0.007918700 second_order_s=0.013191200 algebra_s=0.037973100 kkt_assembly_s=0.150761400 factor_s=0.182591200 solve_s=0.311284300 update_s=0.067958900 K_nnz=393075 rhs_cols=1021 Vxx_nnz=1040400
FILTERDDP_TIMING iteration=72 barrier_iteration=3 stage=8 derivative_s=0.015554300 first_order_s=0.005412000 second_order_s=0.009799700 algebra_s=0.045887700 kkt_assembly_s=0.141329300 factor_s=0.212205900 solve_s=0.305659200 update_s=0.169806300 K_nnz=393075 rhs_cols=1021 Vxx_nnz=1040400
FILTERDDP_TIMING iteration=72 barrier_iteration=3 stage=7 derivative_s=0.015792500 first_order_s=0.005509200 second_order_s=0.009913000 algebra_s=0.035300200 kkt_assembly_s=0.143991000 factor_s=0.169302400 solve_s=0.308428000 update_s=0.080060900 K_nnz=393075 rhs_cols=1021 Vxx_nnz=1040400
FILTERDDP_TIMING iteration=72 barrier_iteration=3 stage=6 derivative_s=0.015326700 first_order_s=0.005264900 second_order_s=0.009731700 algebra_s=0.035610500 kkt_assembly_s=0.144219300 factor_s=0.176119000 solve_s=0.320831200 update_s=0.074746700 K_nnz=393075 rhs_cols=1021 Vxx_nnz=1040400
FILTERDDP_TIMING iteration=72 barrier_iteration=3 stage=5 derivative_s=0.015210900 first_order_s=0.005144100 second_order_s=0.009738300 algebra_s=0.051262600 kkt_assembly_s=0.142896500 factor_s=0.171040400 solve_s=0.305101300 update_s=0.074465400 K_nnz=393075 rhs_cols=1021 Vxx_nnz=1040400
FILTERDDP_TIMING iteration=72 barrier_iteration=3 stage=4 derivative_s=0.015164300 first_order_s=0.005083500 second_order_s=0.009761200 algebra_s=0.036602500 kkt_assembly_s=0.145395200 factor_s=0.194348600 solve_s=0.308657800 update_s=0.068374200 K_nnz=393075 rhs_cols=1021 Vxx_nnz=1040400
FILTERDDP_TIMING iteration=72 barrier_iteration=3 stage=3 derivative_s=0.014958700 first_order_s=0.005187700 second_order_s=0.009445800 algebra_s=0.046093800 kkt_assembly_s=0.146121600 factor_s=0.177129600 solve_s=0.299824500 update_s=0.114964400 K_nnz=393075 rhs_cols=1021 Vxx_nnz=1040400
FILTERDDP_TIMING iteration=72 barrier_iteration=3 stage=2 derivative_s=0.017671500 first_order_s=0.005631400 second_order_s=0.011690400 algebra_s=0.036175600 kkt_assembly_s=0.146795000 factor_s=0.282435200 solve_s=0.296415900 update_s=0.073613100 K_nnz=393075 rhs_cols=1021 Vxx_nnz=1040400
FILTERDDP_TIMING iteration=72 barrier_iteration=3 stage=1 derivative_s=0.015563800 first_order_s=0.005183300 second_order_s=0.009998700 algebra_s=0.035890800 kkt_assembly_s=0.145116100 factor_s=0.178005100 solve_s=0.316726300 update_s=0.072741500 K_nnz=393075 rhs_cols=1021 Vxx_nnz=1040400
FILTERDDP_FEASIBILITY iteration=72 barrier_iteration=3 equality_count=1015272 equality_rms=7.497130387778e-04 equality_max=2.157255822817e-02 equality_worst_stage=24 equality_worst_index=31151 dynamics_count=23460 dynamics_rms=0.000000000000e+00 dynamics_max=0.000000000000e+00 dynamics_worst_stage=0 dynamics_worst_index=0 bound_count=1137768 bound_rms=0.000000000000e+00 bound_max=0.000000000000e+00 bound_worst_stage=0 bound_worst_index=0 bound_worst_kind=none
    72   2.68624063e+06   2.1573e-02   7.9257e-01   9.5047e-03   -2.10      -     5.0000e-01   0
FILTERDDP_ITER_TIMING iteration=72 barrier_iteration=3 backward_s=20.843085400 forward_s=0.353802700 total_s=21.196888100 outcome=accepted step_size=5.000000000e-01 backtracks=0 mu=8.000000000e-03
FILTERDDP_TIMING iteration=73 barrier_iteration=3 stage=24 derivative_s=0.032206600 first_order_s=0.007231500 second_order_s=0.024384700 algebra_s=0.046401400 kkt_assembly_s=0.252463800 factor_s=0.180794200 solve_s=0.334232500 update_s=0.069459900 K_nnz=393075 rhs_cols=1021 Vxx_nnz=1040400
FILTERDDP_TIMING iteration=73 barrier_iteration=3 stage=23 derivative_s=0.016078100 first_order_s=0.005461200 second_order_s=0.010268400 algebra_s=0.036938600 kkt_assembly_s=0.143802500 factor_s=0.224061400 solve_s=0.464741200 update_s=0.065056900 K_nnz=393075 rhs_cols=1021 Vxx_nnz=1040400
FILTERDDP_TIMING iteration=73 barrier_iteration=3 stage=22 derivative_s=0.016650100 first_order_s=0.005257900 second_order_s=0.011046000 algebra_s=0.036761900 kkt_assembly_s=0.142930900 factor_s=0.185923200 solve_s=0.326215000 update_s=0.078508400 K_nnz=393075 rhs_cols=1021 Vxx_nnz=1040400
FILTERDDP_TIMING iteration=73 barrier_iteration=3 stage=21 derivative_s=0.018977500 first_order_s=0.006486500 second_order_s=0.012101900 algebra_s=0.048535500 kkt_assembly_s=0.148079200 factor_s=0.184286100 solve_s=0.306688000 update_s=0.069476600 K_nnz=393075 rhs_cols=1021 Vxx_nnz=1040400
FILTERDDP_TIMING iteration=73 barrier_iteration=3 stage=20 derivative_s=0.015245300 first_order_s=0.005088800 second_order_s=0.009760000 algebra_s=0.049506400 kkt_assembly_s=0.141409600 factor_s=0.188089300 solve_s=0.321363200 update_s=0.067691600 K_nnz=393075 rhs_cols=1021 Vxx_nnz=1040400
FILTERDDP_TIMING iteration=73 barrier_iteration=3 stage=19 derivative_s=0.024077000 first_order_s=0.005394500 second_order_s=0.018361600 algebra_s=0.036333000 kkt_assembly_s=0.170191600 factor_s=0.200680800 solve_s=0.308470800 update_s=0.083261500 K_nnz=393075 rhs_cols=1021 Vxx_nnz=1040400
FILTERDDP_TIMING iteration=73 barrier_iteration=3 stage=18 derivative_s=0.016480800 first_order_s=0.005122300 second_order_s=0.011017000 algebra_s=0.080715800 kkt_assembly_s=0.143572400 factor_s=0.178524900 solve_s=0.403220300 update_s=0.066467500 K_nnz=393075 rhs_cols=1021 Vxx_nnz=1040400
FILTERDDP_TIMING iteration=73 barrier_iteration=3 stage=17 derivative_s=0.012296900 first_order_s=0.005141800 second_order_s=0.006826800 algebra_s=0.035896200 kkt_assembly_s=0.142756600 factor_s=0.183221600 solve_s=0.306310100 update_s=0.067757000 K_nnz=393075 rhs_cols=1021 Vxx_nnz=1040400
FILTERDDP_TIMING iteration=73 barrier_iteration=3 stage=16 derivative_s=0.017023000 first_order_s=0.005293600 second_order_s=0.011363200 algebra_s=0.038255800 kkt_assembly_s=0.156231000 factor_s=0.215880900 solve_s=0.319120100 update_s=0.070590400 K_nnz=393075 rhs_cols=1021 Vxx_nnz=1040400
FILTERDDP_TIMING iteration=73 barrier_iteration=3 stage=15 derivative_s=0.016215900 first_order_s=0.007030300 second_order_s=0.008571700 algebra_s=0.047724900 kkt_assembly_s=0.187442500 factor_s=0.233832900 solve_s=0.342008600 update_s=0.074095700 K_nnz=393075 rhs_cols=1021 Vxx_nnz=1040400
FILTERDDP_TIMING iteration=73 barrier_iteration=3 stage=14 derivative_s=0.016541800 first_order_s=0.007562400 second_order_s=0.008404900 algebra_s=0.060808200 kkt_assembly_s=0.160867900 factor_s=0.185076800 solve_s=0.348366900 update_s=0.079636700 K_nnz=393075 rhs_cols=1021 Vxx_nnz=1040400
FILTERDDP_TIMING iteration=73 barrier_iteration=3 stage=13 derivative_s=0.106129100 first_order_s=0.098710300 second_order_s=0.007064300 algebra_s=0.036200200 kkt_assembly_s=0.149329400 factor_s=0.173483400 solve_s=0.312427800 update_s=0.074349100 K_nnz=393075 rhs_cols=1021 Vxx_nnz=1040400
FILTERDDP_TIMING iteration=73 barrier_iteration=3 stage=12 derivative_s=0.023810600 first_order_s=0.004969000 second_order_s=0.018519200 algebra_s=0.035902400 kkt_assembly_s=0.141583300 factor_s=0.174918100 solve_s=0.333861800 update_s=0.063514300 K_nnz=393075 rhs_cols=1021 Vxx_nnz=1040400
FILTERDDP_TIMING iteration=73 barrier_iteration=3 stage=11 derivative_s=0.013578700 first_order_s=0.006030700 second_order_s=0.007191000 algebra_s=0.045579700 kkt_assembly_s=0.144397400 factor_s=0.168705100 solve_s=0.304862900 update_s=0.077739000 K_nnz=393075 rhs_cols=1021 Vxx_nnz=1040400
FILTERDDP_TIMING iteration=73 barrier_iteration=3 stage=10 derivative_s=0.018028300 first_order_s=0.007781700 second_order_s=0.009737500 algebra_s=0.035725200 kkt_assembly_s=0.143720000 factor_s=0.180899900 solve_s=0.312538500 update_s=0.072987200 K_nnz=393075 rhs_cols=1021 Vxx_nnz=1040400
FILTERDDP_TIMING iteration=73 barrier_iteration=3 stage=9 derivative_s=0.017072700 first_order_s=0.005716200 second_order_s=0.011007500 algebra_s=0.047428200 kkt_assembly_s=0.142562800 factor_s=0.176950000 solve_s=0.299412400 update_s=0.074310600 K_nnz=393075 rhs_cols=1021 Vxx_nnz=1040400
FILTERDDP_TIMING iteration=73 barrier_iteration=3 stage=8 derivative_s=0.015138300 first_order_s=0.005102800 second_order_s=0.009717200 algebra_s=0.077417100 kkt_assembly_s=0.142916600 factor_s=0.178741100 solve_s=0.415005200 update_s=0.066575300 K_nnz=393075 rhs_cols=1021 Vxx_nnz=1040400
FILTERDDP_TIMING iteration=73 barrier_iteration=3 stage=7 derivative_s=0.015559500 first_order_s=0.005314900 second_order_s=0.009894900 algebra_s=0.036080100 kkt_assembly_s=0.171558100 factor_s=0.186352100 solve_s=0.317305000 update_s=0.068230100 K_nnz=393075 rhs_cols=1021 Vxx_nnz=1040400
FILTERDDP_TIMING iteration=73 barrier_iteration=3 stage=6 derivative_s=0.016124100 first_order_s=0.005748400 second_order_s=0.009976900 algebra_s=0.047247500 kkt_assembly_s=0.142267000 factor_s=0.170963100 solve_s=0.318382700 update_s=0.070698200 K_nnz=393075 rhs_cols=1021 Vxx_nnz=1040400
FILTERDDP_TIMING iteration=73 barrier_iteration=3 stage=5 derivative_s=0.015729200 first_order_s=0.005369800 second_order_s=0.010004100 algebra_s=0.040197000 kkt_assembly_s=0.145095400 factor_s=0.176794700 solve_s=0.317444400 update_s=0.065515700 K_nnz=393075 rhs_cols=1021 Vxx_nnz=1040400
FILTERDDP_TIMING iteration=73 barrier_iteration=3 stage=4 derivative_s=0.015753400 first_order_s=0.005124400 second_order_s=0.010269000 algebra_s=0.055231100 kkt_assembly_s=0.145315900 factor_s=0.169131700 solve_s=0.312163100 update_s=0.080920100 K_nnz=393075 rhs_cols=1021 Vxx_nnz=1040400
FILTERDDP_TIMING iteration=73 barrier_iteration=3 stage=3 derivative_s=0.015105900 first_order_s=0.005156800 second_order_s=0.009631400 algebra_s=0.036005900 kkt_assembly_s=0.142416500 factor_s=0.227888100 solve_s=0.414454400 update_s=0.068263700 K_nnz=393075 rhs_cols=1021 Vxx_nnz=1040400
FILTERDDP_TIMING iteration=73 barrier_iteration=3 stage=2 derivative_s=0.015654500 first_order_s=0.005639000 second_order_s=0.009667300 algebra_s=0.035486000 kkt_assembly_s=0.141108400 factor_s=0.196264400 solve_s=0.286879500 update_s=0.075735800 K_nnz=393075 rhs_cols=1021 Vxx_nnz=1040400
FILTERDDP_TIMING iteration=73 barrier_iteration=3 stage=1 derivative_s=0.026608800 first_order_s=0.006465700 second_order_s=0.019451000 algebra_s=0.038411000 kkt_assembly_s=0.141352800 factor_s=0.178543000 solve_s=0.316017700 update_s=0.076382900 K_nnz=393075 rhs_cols=1021 Vxx_nnz=1040400
FILTERDDP_FEASIBILITY iteration=73 barrier_iteration=3 equality_count=1015272 equality_rms=3.864319044828e-04 equality_max=1.108993219509e-02 equality_worst_stage=24 equality_worst_index=31151 dynamics_count=23460 dynamics_rms=0.000000000000e+00 dynamics_max=0.000000000000e+00 dynamics_worst_stage=0 dynamics_worst_index=0 bound_count=1137768 bound_rms=0.000000000000e+00 bound_max=0.000000000000e+00 bound_worst_stage=0 bound_worst_index=0 bound_worst_kind=none
    73   2.68602723e+06   1.1090e-02   4.3229e-01   7.7895e-03   -2.10      -     5.0000e-01   0
FILTERDDP_ITER_TIMING iteration=73 barrier_iteration=3 backward_s=21.067201800 forward_s=0.356293000 total_s=21.423494800 outcome=accepted step_size=5.000000000e-01 backtracks=0 mu=8.000000000e-03
FILTERDDP_TIMING iteration=74 barrier_iteration=3 stage=24 derivative_s=0.034312900 first_order_s=0.008919600 second_order_s=0.024936200 algebra_s=0.047710500 kkt_assembly_s=0.255621200 factor_s=0.180606600 solve_s=0.331241000 update_s=0.073001300 K_nnz=393075 rhs_cols=1021 Vxx_nnz=1040400
FILTERDDP_TIMING iteration=74 barrier_iteration=3 stage=23 derivative_s=0.015460200 first_order_s=0.005335400 second_order_s=0.009761300 algebra_s=0.035465100 kkt_assembly_s=0.145094300 factor_s=0.227220900 solve_s=0.454244000 update_s=0.072667400 K_nnz=393075 rhs_cols=1021 Vxx_nnz=1040400
FILTERDDP_TIMING iteration=74 barrier_iteration=3 stage=22 derivative_s=0.015228500 first_order_s=0.005030500 second_order_s=0.009884000 algebra_s=0.036488400 kkt_assembly_s=0.148235600 factor_s=0.206384500 solve_s=0.329819800 update_s=0.068034700 K_nnz=393075 rhs_cols=1021 Vxx_nnz=1040400
FILTERDDP_TIMING iteration=74 barrier_iteration=3 stage=21 derivative_s=0.013102400 first_order_s=0.005349700 second_order_s=0.007381300 algebra_s=0.060562400 kkt_assembly_s=0.184017000 factor_s=0.188874500 solve_s=0.306523500 update_s=0.074758300 K_nnz=393075 rhs_cols=1021 Vxx_nnz=1040400
FILTERDDP_TIMING iteration=74 barrier_iteration=3 stage=20 derivative_s=0.016797100 first_order_s=0.005279000 second_order_s=0.011163900 algebra_s=0.042242600 kkt_assembly_s=0.163350300 factor_s=0.179640000 solve_s=0.306116500 update_s=0.072489300 K_nnz=393075 rhs_cols=1021 Vxx_nnz=1040400
FILTERDDP_TIMING iteration=74 barrier_iteration=3 stage=19 derivative_s=0.024808900 first_order_s=0.005231300 second_order_s=0.019249000 algebra_s=0.035564500 kkt_assembly_s=0.140714600 factor_s=0.180707900 solve_s=0.325052900 update_s=0.073634400 K_nnz=393075 rhs_cols=1021 Vxx_nnz=1040400
FILTERDDP_TIMING iteration=74 barrier_iteration=3 stage=18 derivative_s=0.015150700 first_order_s=0.005211800 second_order_s=0.009605900 algebra_s=0.083600400 kkt_assembly_s=0.146539300 factor_s=0.174573800 solve_s=0.399340400 update_s=0.068702800 K_nnz=393075 rhs_cols=1021 Vxx_nnz=1040400
FILTERDDP_TIMING iteration=74 barrier_iteration=3 stage=17 derivative_s=0.015449500 first_order_s=0.005043000 second_order_s=0.010085700 algebra_s=0.035818800 kkt_assembly_s=0.141449800 factor_s=0.206288800 solve_s=0.319924800 update_s=0.067891900 K_nnz=393075 rhs_cols=1021 Vxx_nnz=1040400
FILTERDDP_TIMING iteration=74 barrier_iteration=3 stage=16 derivative_s=0.015423600 first_order_s=0.005198000 second_order_s=0.009910900 algebra_s=0.052920700 kkt_assembly_s=0.148214600 factor_s=0.171180000 solve_s=0.307160900 update_s=0.071722300 K_nnz=393075 rhs_cols=1021 Vxx_nnz=1040400
FILTERDDP_TIMING iteration=74 barrier_iteration=3 stage=15 derivative_s=0.015061600 first_order_s=0.004943300 second_order_s=0.009798600 algebra_s=0.035580000 kkt_assembly_s=0.148824300 factor_s=0.175421100 solve_s=0.314484800 update_s=0.064714900 K_nnz=393075 rhs_cols=1021 Vxx_nnz=1040400
FILTERDDP_TIMING iteration=74 barrier_iteration=3 stage=14 derivative_s=0.015134400 first_order_s=0.005078300 second_order_s=0.009738500 algebra_s=0.054086200 kkt_assembly_s=0.145862400 factor_s=0.177402200 solve_s=0.322989900 update_s=0.077912400 K_nnz=393075 rhs_cols=1021 Vxx_nnz=1040400
FILTERDDP_TIMING iteration=74 barrier_iteration=3 stage=13 derivative_s=0.015569500 first_order_s=0.005352700 second_order_s=0.009876300 algebra_s=0.035361200 kkt_assembly_s=0.145508900 factor_s=0.183758100 solve_s=0.358194700 update_s=0.062946200 K_nnz=393075 rhs_cols=1021 Vxx_nnz=1040400
FILTERDDP_TIMING iteration=74 barrier_iteration=3 stage=12 derivative_s=0.013519000 first_order_s=0.005531300 second_order_s=0.007640600 algebra_s=0.142934200 kkt_assembly_s=0.143020300 factor_s=0.172549700 solve_s=0.315571500 update_s=0.068808100 K_nnz=393075 rhs_cols=1021 Vxx_nnz=1040400
FILTERDDP_TIMING iteration=74 barrier_iteration=3 stage=11 derivative_s=0.015133200 first_order_s=0.005111300 second_order_s=0.009692800 algebra_s=0.037076300 kkt_assembly_s=0.142750800 factor_s=0.190893500 solve_s=0.313345100 update_s=0.075162000 K_nnz=393075 rhs_cols=1021 Vxx_nnz=1040400
FILTERDDP_TIMING iteration=74 barrier_iteration=3 stage=10 derivative_s=0.017195600 first_order_s=0.005843700 second_order_s=0.010943600 algebra_s=0.044170900 kkt_assembly_s=0.142817900 factor_s=0.173927200 solve_s=0.312967800 update_s=0.064417500 K_nnz=393075 rhs_cols=1021 Vxx_nnz=1040400
FILTERDDP_TIMING iteration=74 barrier_iteration=3 stage=9 derivative_s=0.015469200 first_order_s=0.005212300 second_order_s=0.009824300 algebra_s=0.041895600 kkt_assembly_s=0.143416800 factor_s=0.176053800 solve_s=0.294474000 update_s=0.078058100 K_nnz=393075 rhs_cols=1021 Vxx_nnz=1040400
FILTERDDP_TIMING iteration=74 barrier_iteration=3 stage=8 derivative_s=0.016103100 first_order_s=0.005527700 second_order_s=0.010209100 algebra_s=0.046698700 kkt_assembly_s=0.145476000 factor_s=0.217464800 solve_s=0.406705700 update_s=0.066165900 K_nnz=393075 rhs_cols=1021 Vxx_nnz=1040400
FILTERDDP_TIMING iteration=74 barrier_iteration=3 stage=7 derivative_s=0.015487800 first_order_s=0.005393100 second_order_s=0.009769900 algebra_s=0.035872200 kkt_assembly_s=0.142105100 factor_s=0.181062800 solve_s=0.310190500 update_s=0.073562400 K_nnz=393075 rhs_cols=1021 Vxx_nnz=1040400
FILTERDDP_TIMING iteration=74 barrier_iteration=3 stage=6 derivative_s=0.024177600 first_order_s=0.004972300 second_order_s=0.018889500 algebra_s=0.035679200 kkt_assembly_s=0.142714300 factor_s=0.175928900 solve_s=0.312087300 update_s=0.068387900 K_nnz=393075 rhs_cols=1021 Vxx_nnz=1040400
FILTERDDP_TIMING iteration=74 barrier_iteration=3 stage=5 derivative_s=0.015045900 first_order_s=0.005017000 second_order_s=0.009685300 algebra_s=0.047515400 kkt_assembly_s=0.143140500 factor_s=0.171109400 solve_s=0.306048400 update_s=0.073186000 K_nnz=393075 rhs_cols=1021 Vxx_nnz=1040400
FILTERDDP_TIMING iteration=74 barrier_iteration=3 stage=4 derivative_s=0.015422800 first_order_s=0.005288200 second_order_s=0.009815800 algebra_s=0.035438900 kkt_assembly_s=0.165765700 factor_s=0.190178600 solve_s=0.310109400 update_s=0.083514900 K_nnz=393075 rhs_cols=1021 Vxx_nnz=1040400
FILTERDDP_TIMING iteration=74 barrier_iteration=3 stage=3 derivative_s=0.022560900 first_order_s=0.007784700 second_order_s=0.014196500 algebra_s=0.050443100 kkt_assembly_s=0.141708900 factor_s=0.177899700 solve_s=0.355501000 update_s=0.184219600 K_nnz=393075 rhs_cols=1021 Vxx_nnz=1040400
FILTERDDP_TIMING iteration=74 barrier_iteration=3 stage=2 derivative_s=0.014302700 first_order_s=0.005107700 second_order_s=0.008810100 algebra_s=0.035789600 kkt_assembly_s=0.215556300 factor_s=0.189288700 solve_s=0.303370000 update_s=0.077243300 K_nnz=393075 rhs_cols=1021 Vxx_nnz=1040400
FILTERDDP_TIMING iteration=74 barrier_iteration=3 stage=1 derivative_s=0.017412800 first_order_s=0.005884600 second_order_s=0.011160700 algebra_s=0.042049100 kkt_assembly_s=0.181331400 factor_s=0.178570100 solve_s=0.315207900 update_s=0.072148500 K_nnz=393075 rhs_cols=1021 Vxx_nnz=1040400
FILTERDDP_FEASIBILITY iteration=74 barrier_iteration=3 equality_count=1015272 equality_rms=1.961784261065e-04 equality_max=5.621104709689e-03 equality_worst_stage=24 equality_worst_index=31151 dynamics_count=23460 dynamics_rms=0.000000000000e+00 dynamics_max=0.000000000000e+00 dynamics_worst_stage=0 dynamics_worst_index=0 bound_count=1137768 bound_rms=0.000000000000e+00 bound_max=0.000000000000e+00 bound_worst_stage=0 bound_worst_index=0 bound_worst_kind=none
    74   2.68592038e+06   5.6211e-03   1.9158e-01   3.9792e-03   -2.10      -     5.0000e-01   0
FILTERDDP_ITER_TIMING iteration=74 barrier_iteration=3 backward_s=20.988259000 forward_s=0.360612300 total_s=21.348871300 outcome=accepted step_size=5.000000000e-01 backtracks=0 mu=8.000000000e-03
FILTERDDP_TIMING iteration=75 barrier_iteration=3 stage=24 derivative_s=0.030770700 first_order_s=0.008074400 second_order_s=0.022200100 algebra_s=0.059739500 kkt_assembly_s=0.265096800 factor_s=0.177294400 solve_s=0.329277800 update_s=0.068775300 K_nnz=393075 rhs_cols=1021 Vxx_nnz=1040400
FILTERDDP_TIMING iteration=75 barrier_iteration=3 stage=23 derivative_s=0.015437300 first_order_s=0.005479100 second_order_s=0.009639000 algebra_s=0.035393200 kkt_assembly_s=0.142406400 factor_s=0.228088000 solve_s=0.458042600 update_s=0.066620800 K_nnz=393075 rhs_cols=1021 Vxx_nnz=1040400
FILTERDDP_TIMING iteration=75 barrier_iteration=3 stage=22 derivative_s=0.015477300 first_order_s=0.005277200 second_order_s=0.009880300 algebra_s=0.035512200 kkt_assembly_s=0.144177700 factor_s=0.213568000 solve_s=0.313576300 update_s=0.064673900 K_nnz=393075 rhs_cols=1021 Vxx_nnz=1040400
FILTERDDP_TIMING iteration=75 barrier_iteration=3 stage=21 derivative_s=0.012420900 first_order_s=0.005335400 second_order_s=0.006733700 algebra_s=0.047760200 kkt_assembly_s=0.142186200 factor_s=0.195325300 solve_s=0.314717600 update_s=0.072860400 K_nnz=393075 rhs_cols=1021 Vxx_nnz=1040400
FILTERDDP_TIMING iteration=75 barrier_iteration=3 stage=20 derivative_s=0.024451700 first_order_s=0.009971300 second_order_s=0.013644500 algebra_s=0.048527300 kkt_assembly_s=0.164603200 factor_s=0.188627300 solve_s=0.310710200 update_s=0.066384600 K_nnz=393075 rhs_cols=1021 Vxx_nnz=1040400
FILTERDDP_TIMING iteration=75 barrier_iteration=3 stage=19 derivative_s=0.023789200 first_order_s=0.005366800 second_order_s=0.018066500 algebra_s=0.052287200 kkt_assembly_s=0.148402800 factor_s=0.178703000 solve_s=0.317435600 update_s=0.065535200 K_nnz=393075 rhs_cols=1021 Vxx_nnz=1040400
FILTERDDP_TIMING iteration=75 barrier_iteration=3 stage=18 derivative_s=0.017003500 first_order_s=0.005482100 second_order_s=0.011157900 algebra_s=0.052133700 kkt_assembly_s=0.142537600 factor_s=0.175454700 solve_s=0.339995500 update_s=0.176873200 K_nnz=393075 rhs_cols=1021 Vxx_nnz=1040400
FILTERDDP_TIMING iteration=75 barrier_iteration=3 stage=17 derivative_s=0.012954400 first_order_s=0.005332900 second_order_s=0.007258000 algebra_s=0.034319500 kkt_assembly_s=0.145694300 factor_s=0.179507400 solve_s=0.321874300 update_s=0.066272900 K_nnz=393075 rhs_cols=1021 Vxx_nnz=1040400
FILTERDDP_TIMING iteration=75 barrier_iteration=3 stage=16 derivative_s=0.015460300 first_order_s=0.005377400 second_order_s=0.009739500 algebra_s=0.047709200 kkt_assembly_s=0.142340600 factor_s=0.173725300 solve_s=0.308654200 update_s=0.078930700 K_nnz=393075 rhs_cols=1021 Vxx_nnz=1040400
FILTERDDP_TIMING iteration=75 barrier_iteration=3 stage=15 derivative_s=0.015539500 first_order_s=0.004999500 second_order_s=0.010222600 algebra_s=0.042480800 kkt_assembly_s=0.141084100 factor_s=0.171666400 solve_s=0.304203900 update_s=0.072666600 K_nnz=393075 rhs_cols=1021 Vxx_nnz=1040400
FILTERDDP_TIMING iteration=75 barrier_iteration=3 stage=14 derivative_s=0.016000700 first_order_s=0.006142900 second_order_s=0.009532200 algebra_s=0.035929100 kkt_assembly_s=0.141726000 factor_s=0.177044600 solve_s=0.309220800 update_s=0.066977800 K_nnz=393075 rhs_cols=1021 Vxx_nnz=1040400
FILTERDDP_TIMING iteration=75 barrier_iteration=3 stage=13 derivative_s=0.014926900 first_order_s=0.004997000 second_order_s=0.009589600 algebra_s=0.047882200 kkt_assembly_s=0.141654500 factor_s=0.189652200 solve_s=0.308332500 update_s=0.080752600 K_nnz=393075 rhs_cols=1021 Vxx_nnz=1040400
FILTERDDP_TIMING iteration=75 barrier_iteration=3 stage=12 derivative_s=0.012397900 first_order_s=0.005135700 second_order_s=0.006915000 algebra_s=0.039409400 kkt_assembly_s=0.143694500 factor_s=0.177494000 solve_s=0.360328800 update_s=0.068268400 K_nnz=393075 rhs_cols=1021 Vxx_nnz=1040400
FILTERDDP_TIMING iteration=75 barrier_iteration=3 stage=11 derivative_s=0.015549900 first_order_s=0.005479400 second_order_s=0.009751800 algebra_s=0.148118400 kkt_assembly_s=0.145635900 factor_s=0.172260400 solve_s=0.315038100 update_s=0.068695800 K_nnz=393075 rhs_cols=1021 Vxx_nnz=1040400
FILTERDDP_TIMING iteration=75 barrier_iteration=3 stage=10 derivative_s=0.015935000 first_order_s=0.005408300 second_order_s=0.010192500 algebra_s=0.036189800 kkt_assembly_s=0.148868900 factor_s=0.185209400 solve_s=0.313960400 update_s=0.074278700 K_nnz=393075 rhs_cols=1021 Vxx_nnz=1040400
FILTERDDP_TIMING iteration=75 barrier_iteration=3 stage=9 derivative_s=0.019427000 first_order_s=0.005588400 second_order_s=0.013490600 algebra_s=0.054031400 kkt_assembly_s=0.146109000 factor_s=0.176096600 solve_s=0.321926500 update_s=0.070722100 K_nnz=393075 rhs_cols=1021 Vxx_nnz=1040400
FILTERDDP_TIMING iteration=75 barrier_iteration=3 stage=8 derivative_s=0.012770600 first_order_s=0.005191500 second_order_s=0.007232700 algebra_s=0.044357800 kkt_assembly_s=0.156437300 factor_s=0.179127200 solve_s=0.317074500 update_s=0.066830200 K_nnz=393075 rhs_cols=1021 Vxx_nnz=1040400
FILTERDDP_TIMING iteration=75 barrier_iteration=3 stage=7 derivative_s=0.062747800 first_order_s=0.005517200 second_order_s=0.056834700 algebra_s=0.036839700 kkt_assembly_s=0.173064500 factor_s=0.273583500 solve_s=0.296500300 update_s=0.077199900 K_nnz=393075 rhs_cols=1021 Vxx_nnz=1040400
FILTERDDP_TIMING iteration=75 barrier_iteration=3 stage=6 derivative_s=0.015101400 first_order_s=0.005216800 second_order_s=0.009548200 algebra_s=0.045533100 kkt_assembly_s=0.142285700 factor_s=0.171983100 solve_s=0.307391700 update_s=0.075352000 K_nnz=393075 rhs_cols=1021 Vxx_nnz=1040400
FILTERDDP_TIMING iteration=75 barrier_iteration=3 stage=5 derivative_s=0.015343300 first_order_s=0.004951500 second_order_s=0.010065100 algebra_s=0.035912600 kkt_assembly_s=0.145545300 factor_s=0.177996300 solve_s=0.311009400 update_s=0.071108900 K_nnz=393075 rhs_cols=1021 Vxx_nnz=1040400
FILTERDDP_TIMING iteration=75 barrier_iteration=3 stage=4 derivative_s=0.015390200 first_order_s=0.005350600 second_order_s=0.009712300 algebra_s=0.045831100 kkt_assembly_s=0.143427100 factor_s=0.170206000 solve_s=0.296048300 update_s=0.075690500 K_nnz=393075 rhs_cols=1021 Vxx_nnz=1040400
FILTERDDP_TIMING iteration=75 barrier_iteration=3 stage=3 derivative_s=0.014408100 first_order_s=0.005523900 second_order_s=0.008504700 algebra_s=0.035657200 kkt_assembly_s=0.142739400 factor_s=0.177442100 solve_s=0.317028000 update_s=0.066346800 K_nnz=393075 rhs_cols=1021 Vxx_nnz=1040400
FILTERDDP_TIMING iteration=75 barrier_iteration=3 stage=2 derivative_s=0.015801500 first_order_s=0.005418400 second_order_s=0.010055300 algebra_s=0.050093000 kkt_assembly_s=0.148289100 factor_s=0.181659600 solve_s=0.336097000 update_s=0.065613200 K_nnz=393075 rhs_cols=1021 Vxx_nnz=1040400
FILTERDDP_TIMING iteration=75 barrier_iteration=3 stage=1 derivative_s=0.116078800 first_order_s=0.108751700 second_order_s=0.006951300 algebra_s=0.049555700 kkt_assembly_s=0.151140200 factor_s=0.173977000 solve_s=0.332378300 update_s=0.067544900 K_nnz=393075 rhs_cols=1021 Vxx_nnz=1040400
FILTERDDP_FEASIBILITY iteration=75 barrier_iteration=3 equality_count=1015272 equality_rms=9.883550713153e-05 equality_max=2.829609306445e-03 equality_worst_stage=24 equality_worst_index=31151 dynamics_count=23460 dynamics_rms=0.000000000000e+00 dynamics_max=0.000000000000e+00 dynamics_worst_stage=0 dynamics_worst_index=0 bound_count=1137768 bound_rms=0.000000000000e+00 bound_max=0.000000000000e+00 bound_worst_stage=0 bound_worst_index=0 bound_worst_kind=none
    75   2.68586608e+06   2.8296e-03   8.0451e-02   2.0104e-03   -2.10      -     5.0000e-01   0
FILTERDDP_ITER_TIMING iteration=75 barrier_iteration=3 backward_s=20.840706000 forward_s=0.282212300 total_s=21.122918300 outcome=accepted step_size=5.000000000e-01 backtracks=0 mu=8.000000000e-03
FILTERDDP_TIMING iteration=76 barrier_iteration=3 stage=24 derivative_s=0.040442500 first_order_s=0.008180000 second_order_s=0.031810800 algebra_s=0.044802900 kkt_assembly_s=0.271714000 factor_s=0.182545100 solve_s=0.347478100 update_s=0.070712000 K_nnz=393075 rhs_cols=1021 Vxx_nnz=1040400
FILTERDDP_TIMING iteration=76 barrier_iteration=3 stage=23 derivative_s=0.029226100 first_order_s=0.010882500 second_order_s=0.017631000 algebra_s=0.055668700 kkt_assembly_s=0.177480400 factor_s=0.240415100 solve_s=0.450963100 update_s=0.068606700 K_nnz=393075 rhs_cols=1021 Vxx_nnz=1040400
FILTERDDP_TIMING iteration=76 barrier_iteration=3 stage=22 derivative_s=0.022122100 first_order_s=0.008240200 second_order_s=0.013329200 algebra_s=0.052531200 kkt_assembly_s=0.157448600 factor_s=0.193676600 solve_s=0.326663800 update_s=0.069159600 K_nnz=393075 rhs_cols=1021 Vxx_nnz=1040400
FILTERDDP_TIMING iteration=76 barrier_iteration=3 stage=21 derivative_s=0.015523600 first_order_s=0.005066800 second_order_s=0.010066300 algebra_s=0.046452300 kkt_assembly_s=0.143654500 factor_s=0.173083100 solve_s=0.300854000 update_s=0.074515800 K_nnz=393075 rhs_cols=1021 Vxx_nnz=1040400
FILTERDDP_TIMING iteration=76 barrier_iteration=3 stage=20 derivative_s=0.020257700 first_order_s=0.005260000 second_order_s=0.014638300 algebra_s=0.035877500 kkt_assembly_s=0.143156700 factor_s=0.181990400 solve_s=0.307676700 update_s=0.065375300 K_nnz=393075 rhs_cols=1021 Vxx_nnz=1040400
FILTERDDP_TIMING iteration=76 barrier_iteration=3 stage=19 derivative_s=0.016476900 first_order_s=0.005793200 second_order_s=0.010075700 algebra_s=0.059815400 kkt_assembly_s=0.176283700 factor_s=0.177617100 solve_s=0.302692400 update_s=0.074894300 K_nnz=393075 rhs_cols=1021 Vxx_nnz=1040400
FILTERDDP_TIMING iteration=76 barrier_iteration=3 stage=18 derivative_s=0.015556500 first_order_s=0.005265200 second_order_s=0.009966300 algebra_s=0.092393800 kkt_assembly_s=0.149545700 factor_s=0.179293800 solve_s=0.397963900 update_s=0.066041800 K_nnz=393075 rhs_cols=1021 Vxx_nnz=1040400
FILTERDDP_TIMING iteration=76 barrier_iteration=3 stage=17 derivative_s=0.015150500 first_order_s=0.005150600 second_order_s=0.009675800 algebra_s=0.036007600 kkt_assembly_s=0.143229800 factor_s=0.190849300 solve_s=0.317544500 update_s=0.061208400 K_nnz=393075 rhs_cols=1021 Vxx_nnz=1040400
FILTERDDP_TIMING iteration=76 barrier_iteration=3 stage=16 derivative_s=0.015321500 first_order_s=0.005150300 second_order_s=0.009841700 algebra_s=0.046406300 kkt_assembly_s=0.142853200 factor_s=0.173032800 solve_s=0.315587600 update_s=0.077668400 K_nnz=393075 rhs_cols=1021 Vxx_nnz=1040400
FILTERDDP_TIMING iteration=76 barrier_iteration=3 stage=15 derivative_s=0.015631300 first_order_s=0.005382100 second_order_s=0.009908700 algebra_s=0.040799000 kkt_assembly_s=0.142768900 factor_s=0.200643600 solve_s=0.316780800 update_s=0.067661800 K_nnz=393075 rhs_cols=1021 Vxx_nnz=1040400
FILTERDDP_TIMING iteration=76 barrier_iteration=3 stage=14 derivative_s=0.014604700 first_order_s=0.005271800 second_order_s=0.008973200 algebra_s=0.052422200 kkt_assembly_s=0.147234600 factor_s=0.183785000 solve_s=0.314280400 update_s=0.090580900 K_nnz=393075 rhs_cols=1021 Vxx_nnz=1040400
FILTERDDP_TIMING iteration=76 barrier_iteration=3 stage=13 derivative_s=0.012751300 first_order_s=0.005296400 second_order_s=0.007111500 algebra_s=0.038112000 kkt_assembly_s=0.168402600 factor_s=0.240934800 solve_s=0.410797500 update_s=0.066067500 K_nnz=393075 rhs_cols=1021 Vxx_nnz=1040400
FILTERDDP_TIMING iteration=76 barrier_iteration=3 stage=12 derivative_s=0.012804000 first_order_s=0.005502400 second_order_s=0.006960500 algebra_s=0.034213800 kkt_assembly_s=0.173617700 factor_s=0.176652500 solve_s=0.315875200 update_s=0.065736400 K_nnz=393075 rhs_cols=1021 Vxx_nnz=1040400
FILTERDDP_TIMING iteration=76 barrier_iteration=3 stage=11 derivative_s=0.024251500 first_order_s=0.005351000 second_order_s=0.018580200 algebra_s=0.036033300 kkt_assembly_s=0.147795400 factor_s=0.175087200 solve_s=0.318149000 update_s=0.069929400 K_nnz=393075 rhs_cols=1021 Vxx_nnz=1040400
FILTERDDP_TIMING iteration=76 barrier_iteration=3 stage=10 derivative_s=0.015759000 first_order_s=0.005490000 second_order_s=0.009946400 algebra_s=0.058984500 kkt_assembly_s=0.143534300 factor_s=0.173569500 solve_s=0.300707500 update_s=0.072770900 K_nnz=393075 rhs_cols=1021 Vxx_nnz=1040400
FILTERDDP_TIMING iteration=76 barrier_iteration=3 stage=9 derivative_s=0.016947600 first_order_s=0.005370200 second_order_s=0.011251900 algebra_s=0.036450800 kkt_assembly_s=0.141910700 factor_s=0.177333700 solve_s=0.307433200 update_s=0.069442800 K_nnz=393075 rhs_cols=1021 Vxx_nnz=1040400
FILTERDDP_TIMING iteration=76 barrier_iteration=3 stage=8 derivative_s=0.015111500 first_order_s=0.005166100 second_order_s=0.009626800 algebra_s=0.045755600 kkt_assembly_s=0.143052800 factor_s=0.196720500 solve_s=0.342805700 update_s=0.177423200 K_nnz=393075 rhs_cols=1021 Vxx_nnz=1040400
FILTERDDP_TIMING iteration=76 barrier_iteration=3 stage=7 derivative_s=0.014156900 first_order_s=0.006842100 second_order_s=0.006977500 algebra_s=0.036042500 kkt_assembly_s=0.141400400 factor_s=0.192752900 solve_s=0.305721200 update_s=0.069254000 K_nnz=393075 rhs_cols=1021 Vxx_nnz=1040400
FILTERDDP_TIMING iteration=76 barrier_iteration=3 stage=6 derivative_s=0.024302200 first_order_s=0.005262700 second_order_s=0.018714600 algebra_s=0.035453100 kkt_assembly_s=0.142686600 factor_s=0.197177700 solve_s=0.335075700 update_s=0.068543100 K_nnz=393075 rhs_cols=1021 Vxx_nnz=1040400
FILTERDDP_TIMING iteration=76 barrier_iteration=3 stage=5 derivative_s=0.015714600 first_order_s=0.005302100 second_order_s=0.010063300 algebra_s=0.047924600 kkt_assembly_s=0.146306300 factor_s=0.175552100 solve_s=0.308388200 update_s=0.081527800 K_nnz=393075 rhs_cols=1021 Vxx_nnz=1040400
FILTERDDP_TIMING iteration=76 barrier_iteration=3 stage=4 derivative_s=0.015292700 first_order_s=0.005214700 second_order_s=0.009740100 algebra_s=0.042819300 kkt_assembly_s=0.146638900 factor_s=0.205182700 solve_s=0.310886200 update_s=0.068179700 K_nnz=393075 rhs_cols=1021 Vxx_nnz=1040400
FILTERDDP_TIMING iteration=76 barrier_iteration=3 stage=3 derivative_s=0.023676600 first_order_s=0.005119600 second_order_s=0.018239500 algebra_s=0.035261200 kkt_assembly_s=0.143824000 factor_s=0.175205500 solve_s=0.313340200 update_s=0.066130500 K_nnz=393075 rhs_cols=1021 Vxx_nnz=1040400
FILTERDDP_TIMING iteration=76 barrier_iteration=3 stage=2 derivative_s=0.026564500 first_order_s=0.009507900 second_order_s=0.016517000 algebra_s=0.088694500 kkt_assembly_s=0.145932300 factor_s=0.171039000 solve_s=0.394041800 update_s=0.065374100 K_nnz=393075 rhs_cols=1021 Vxx_nnz=1040400
FILTERDDP_TIMING iteration=76 barrier_iteration=3 stage=1 derivative_s=0.015760300 first_order_s=0.005312400 second_order_s=0.010118200 algebra_s=0.035923700 kkt_assembly_s=0.143326900 factor_s=0.187067800 solve_s=0.317940700 update_s=0.065703200 K_nnz=393075 rhs_cols=1021 Vxx_nnz=1040400
FILTERDDP_FEASIBILITY iteration=76 barrier_iteration=3 equality_count=1015272 equality_rms=4.960425782232e-05 equality_max=1.419571315637e-03 equality_worst_stage=24 equality_worst_index=31151 dynamics_count=23460 dynamics_rms=0.000000000000e+00 dynamics_max=0.000000000000e+00 dynamics_worst_stage=0 dynamics_worst_index=0 bound_count=1137768 bound_rms=0.000000000000e+00 bound_max=0.000000000000e+00 bound_worst_stage=0 bound_worst_index=0 bound_worst_kind=none
FILTERDDP_ITER_TIMING iteration=76 barrier_iteration=3 backward_s=21.064737400 forward_s=0.000000000 total_s=21.064737400 outcome=barrier_update step_size=5.000000000e-01 backtracks=0 mu=8.000000000e-03
FILTERDDP_TIMING iteration=76 barrier_iteration=4 stage=24 derivative_s=0.016819000 first_order_s=0.005634000 second_order_s=0.010872300 algebra_s=0.050519700 kkt_assembly_s=0.254072700 factor_s=0.181784900 solve_s=0.315401200 update_s=0.072136200 K_nnz=393075 rhs_cols=1021 Vxx_nnz=1040400
FILTERDDP_TIMING iteration=76 barrier_iteration=4 stage=23 derivative_s=0.016213900 first_order_s=0.005557600 second_order_s=0.010334700 algebra_s=0.041204700 kkt_assembly_s=0.158060400 factor_s=0.232272000 solve_s=0.436480300 update_s=0.068047300 K_nnz=393075 rhs_cols=1021 Vxx_nnz=1040400
FILTERDDP_TIMING iteration=76 barrier_iteration=4 stage=22 derivative_s=0.020272500 first_order_s=0.006005600 second_order_s=0.013926400 algebra_s=0.037499600 kkt_assembly_s=0.146214600 factor_s=0.183060200 solve_s=0.319611000 update_s=0.070097500 K_nnz=393075 rhs_cols=1021 Vxx_nnz=1040400
FILTERDDP_TIMING iteration=76 barrier_iteration=4 stage=21 derivative_s=0.015067300 first_order_s=0.004974300 second_order_s=0.009776700 algebra_s=0.048018400 kkt_assembly_s=0.144633600 factor_s=0.172905700 solve_s=0.308558700 update_s=0.074218300 K_nnz=393075 rhs_cols=1021 Vxx_nnz=1040400
FILTERDDP_TIMING iteration=76 barrier_iteration=4 stage=20 derivative_s=0.016568200 first_order_s=0.005103500 second_order_s=0.011149600 algebra_s=0.042757200 kkt_assembly_s=0.142597900 factor_s=0.170693300 solve_s=0.310438700 update_s=0.067512600 K_nnz=393075 rhs_cols=1021 Vxx_nnz=1040400
FILTERDDP_TIMING iteration=76 barrier_iteration=4 stage=19 derivative_s=0.023838600 first_order_s=0.005177200 second_order_s=0.018300700 algebra_s=0.035350900 kkt_assembly_s=0.148699200 factor_s=0.188889700 solve_s=0.326086700 update_s=0.064593100 K_nnz=393075 rhs_cols=1021 Vxx_nnz=1040400
FILTERDDP_TIMING iteration=76 barrier_iteration=4 stage=18 derivative_s=0.015981100 first_order_s=0.005551700 second_order_s=0.010086500 algebra_s=0.049578100 kkt_assembly_s=0.153999400 factor_s=0.173994200 solve_s=0.343296100 update_s=0.171579500 K_nnz=393075 rhs_cols=1021 Vxx_nnz=1040400
FILTERDDP_TIMING iteration=76 barrier_iteration=4 stage=17 derivative_s=0.019388400 first_order_s=0.007283000 second_order_s=0.011762900 algebra_s=0.035990400 kkt_assembly_s=0.171681400 factor_s=0.173246200 solve_s=0.321329900 update_s=0.068525600 K_nnz=393075 rhs_cols=1021 Vxx_nnz=1040400
FILTERDDP_TIMING iteration=76 barrier_iteration=4 stage=16 derivative_s=0.020301600 first_order_s=0.007596300 second_order_s=0.012292000 algebra_s=0.051504400 kkt_assembly_s=0.148988700 factor_s=0.181072600 solve_s=0.318375700 update_s=0.067292200 K_nnz=393075 rhs_cols=1021 Vxx_nnz=1040400
FILTERDDP_TIMING iteration=76 barrier_iteration=4 stage=15 derivative_s=0.015975300 first_order_s=0.005604300 second_order_s=0.009987600 algebra_s=0.053088000 kkt_assembly_s=0.144600000 factor_s=0.170925200 solve_s=0.309476500 update_s=0.074017700 K_nnz=393075 rhs_cols=1021 Vxx_nnz=1040400
FILTERDDP_TIMING iteration=76 barrier_iteration=4 stage=14 derivative_s=0.015292000 first_order_s=0.005404200 second_order_s=0.009566400 algebra_s=0.035969900 kkt_assembly_s=0.195932800 factor_s=0.188292900 solve_s=0.310893700 update_s=0.065521100 K_nnz=393075 rhs_cols=1021 Vxx_nnz=1040400
FILTERDDP_TIMING iteration=76 barrier_iteration=4 stage=13 derivative_s=0.015285200 first_order_s=0.005073700 second_order_s=0.009883200 algebra_s=0.045086600 kkt_assembly_s=0.142597600 factor_s=0.173320400 solve_s=0.336647200 update_s=0.174318200 K_nnz=393075 rhs_cols=1021 Vxx_nnz=1040400
FILTERDDP_TIMING iteration=76 barrier_iteration=4 stage=12 derivative_s=0.015484900 first_order_s=0.005360800 second_order_s=0.009789100 algebra_s=0.035928400 kkt_assembly_s=0.143558400 factor_s=0.170884500 solve_s=0.313984700 update_s=0.074031800 K_nnz=393075 rhs_cols=1021 Vxx_nnz=1040400
FILTERDDP_TIMING iteration=76 barrier_iteration=4 stage=11 derivative_s=0.024102000 first_order_s=0.005118300 second_order_s=0.018663700 algebra_s=0.037284500 kkt_assembly_s=0.142230000 factor_s=0.175437500 solve_s=0.313646200 update_s=0.066629500 K_nnz=393075 rhs_cols=1021 Vxx_nnz=1040400
FILTERDDP_TIMING iteration=76 barrier_iteration=4 stage=10 derivative_s=0.015416600 first_order_s=0.005297400 second_order_s=0.009799900 algebra_s=0.046696200 kkt_assembly_s=0.145485800 factor_s=0.168903600 solve_s=0.302053100 update_s=0.072165800 K_nnz=393075 rhs_cols=1021 Vxx_nnz=1040400
FILTERDDP_TIMING iteration=76 barrier_iteration=4 stage=9 derivative_s=0.015665000 first_order_s=0.005279400 second_order_s=0.010039300 algebra_s=0.042948900 kkt_assembly_s=0.143460900 factor_s=0.168330800 solve_s=0.304725000 update_s=0.070680300 K_nnz=393075 rhs_cols=1021 Vxx_nnz=1040400
FILTERDDP_TIMING iteration=76 barrier_iteration=4 stage=8 derivative_s=0.024100400 first_order_s=0.005550600 second_order_s=0.018204200 algebra_s=0.035689000 kkt_assembly_s=0.143725100 factor_s=0.215809200 solve_s=0.416395400 update_s=0.073336600 K_nnz=393075 rhs_cols=1021 Vxx_nnz=1040400
FILTERDDP_TIMING iteration=76 barrier_iteration=4 stage=7 derivative_s=0.016149300 first_order_s=0.005329400 second_order_s=0.010384500 algebra_s=0.035781100 kkt_assembly_s=0.142462900 factor_s=0.174816700 solve_s=0.311840000 update_s=0.067922900 K_nnz=393075 rhs_cols=1021 Vxx_nnz=1040400
FILTERDDP_TIMING iteration=76 barrier_iteration=4 stage=6 derivative_s=0.024606400 first_order_s=0.005409900 second_order_s=0.018845700 algebra_s=0.035350200 kkt_assembly_s=0.141125300 factor_s=0.183162300 solve_s=0.311363900 update_s=0.071596000 K_nnz=393075 rhs_cols=1021 Vxx_nnz=1040400
FILTERDDP_TIMING iteration=76 barrier_iteration=4 stage=5 derivative_s=0.015617600 first_order_s=0.005499500 second_order_s=0.009775900 algebra_s=0.046236300 kkt_assembly_s=0.143647200 factor_s=0.170266600 solve_s=0.313052000 update_s=0.073630700 K_nnz=393075 rhs_cols=1021 Vxx_nnz=1040400
FILTERDDP_TIMING iteration=76 barrier_iteration=4 stage=4 derivative_s=0.015014000 first_order_s=0.005097600 second_order_s=0.009575900 algebra_s=0.035418500 kkt_assembly_s=0.142812800 factor_s=0.179551000 solve_s=0.311188900 update_s=0.066938200 K_nnz=393075 rhs_cols=1021 Vxx_nnz=1040400
FILTERDDP_TIMING iteration=76 barrier_iteration=4 stage=3 derivative_s=0.023071100 first_order_s=0.008691700 second_order_s=0.013873000 algebra_s=0.091800800 kkt_assembly_s=0.145294400 factor_s=0.173280300 solve_s=0.397447300 update_s=0.072293600 K_nnz=393075 rhs_cols=1021 Vxx_nnz=1040400
FILTERDDP_TIMING iteration=76 barrier_iteration=4 stage=2 derivative_s=0.015784800 first_order_s=0.005413200 second_order_s=0.010035500 algebra_s=0.037286400 kkt_assembly_s=0.151783000 factor_s=0.176261400 solve_s=0.315385500 update_s=0.071805100 K_nnz=393075 rhs_cols=1021 Vxx_nnz=1040400
FILTERDDP_TIMING iteration=76 barrier_iteration=4 stage=1 derivative_s=0.015362500 first_order_s=0.005097200 second_order_s=0.009937300 algebra_s=0.047260700 kkt_assembly_s=0.142224200 factor_s=0.169830900 solve_s=0.323731200 update_s=0.079847100 K_nnz=393075 rhs_cols=1021 Vxx_nnz=1040400
FILTERDDP_FEASIBILITY iteration=76 barrier_iteration=4 equality_count=1015272 equality_rms=4.960425782232e-05 equality_max=1.419571315637e-03 equality_worst_stage=24 equality_worst_index=31151 dynamics_count=23460 dynamics_rms=0.000000000000e+00 dynamics_max=0.000000000000e+00 dynamics_worst_stage=0 dynamics_worst_index=0 bound_count=1137768 bound_rms=0.000000000000e+00 bound_max=0.000000000000e+00 bound_worst_stage=0 bound_worst_index=0 bound_worst_kind=none
    76   2.68583807e+06   1.4196e-03   3.3096e-02   1.0104e-03   -2.80      -     5.0000e-01   0
FILTERDDP_ITER_TIMING iteration=76 barrier_iteration=4 backward_s=20.727062600 forward_s=0.315164500 total_s=21.042227100 outcome=accepted step_size=5.000000000e-01 backtracks=0 mu=1.600000000e-03
FILTERDDP_TIMING iteration=77 barrier_iteration=4 stage=24 derivative_s=0.021802600 first_order_s=0.005492700 second_order_s=0.015973300 algebra_s=0.044093500 kkt_assembly_s=0.271010600 factor_s=0.183257000 solve_s=0.341279100 update_s=0.066633600 K_nnz=393075 rhs_cols=1021 Vxx_nnz=1040400
FILTERDDP_TIMING iteration=77 barrier_iteration=4 stage=23 derivative_s=0.015392200 first_order_s=0.005521700 second_order_s=0.009551000 algebra_s=0.038175400 kkt_assembly_s=0.141137600 factor_s=0.223655800 solve_s=0.476076500 update_s=0.071925200 K_nnz=393075 rhs_cols=1021 Vxx_nnz=1040400
FILTERDDP_TIMING iteration=77 barrier_iteration=4 stage=22 derivative_s=0.015038200 first_order_s=0.005009200 second_order_s=0.009698700 algebra_s=0.036617200 kkt_assembly_s=0.141160100 factor_s=0.184634500 solve_s=0.321772500 update_s=0.064916200 K_nnz=393075 rhs_cols=1021 Vxx_nnz=1040400
FILTERDDP_TIMING iteration=77 barrier_iteration=4 stage=21 derivative_s=0.015266000 first_order_s=0.005333600 second_order_s=0.009616400 algebra_s=0.045435600 kkt_assembly_s=0.144561000 factor_s=0.174216100 solve_s=0.300936700 update_s=0.076538400 K_nnz=393075 rhs_cols=1021 Vxx_nnz=1040400
FILTERDDP_TIMING iteration=77 barrier_iteration=4 stage=20 derivative_s=0.015595000 first_order_s=0.005296900 second_order_s=0.009863200 algebra_s=0.043667200 kkt_assembly_s=0.143769700 factor_s=0.198083800 solve_s=0.312968500 update_s=0.066068500 K_nnz=393075 rhs_cols=1021 Vxx_nnz=1040400
FILTERDDP_TIMING iteration=77 barrier_iteration=4 stage=19 derivative_s=0.024482100 first_order_s=0.005336100 second_order_s=0.018801900 algebra_s=0.034489800 kkt_assembly_s=0.145257200 factor_s=0.183552400 solve_s=0.312929100 update_s=0.074270300 K_nnz=393075 rhs_cols=1021 Vxx_nnz=1040400
FILTERDDP_TIMING iteration=77 barrier_iteration=4 stage=18 derivative_s=0.015498000 first_order_s=0.005259300 second_order_s=0.009885200 algebra_s=0.082210800 kkt_assembly_s=0.144912700 factor_s=0.181510800 solve_s=0.382996600 update_s=0.067693000 K_nnz=393075 rhs_cols=1021 Vxx_nnz=1040400
FILTERDDP_TIMING iteration=77 barrier_iteration=4 stage=17 derivative_s=0.016155400 first_order_s=0.004999000 second_order_s=0.010812800 algebra_s=0.048029900 kkt_assembly_s=0.147196800 factor_s=0.173127400 solve_s=0.313238500 update_s=0.066085200 K_nnz=393075 rhs_cols=1021 Vxx_nnz=1040400
FILTERDDP_TIMING iteration=77 barrier_iteration=4 stage=16 derivative_s=0.014215400 first_order_s=0.005228200 second_order_s=0.008638600 algebra_s=0.048231300 kkt_assembly_s=0.142690300 factor_s=0.196049800 solve_s=0.311885400 update_s=0.069712000 K_nnz=393075 rhs_cols=1021 Vxx_nnz=1040400
FILTERDDP_TIMING iteration=77 barrier_iteration=4 stage=15 derivative_s=0.016170900 first_order_s=0.004958200 second_order_s=0.010888100 algebra_s=0.035381300 kkt_assembly_s=0.142230700 factor_s=0.178812600 solve_s=0.314179400 update_s=0.071631800 K_nnz=393075 rhs_cols=1021 Vxx_nnz=1040400
FILTERDDP_TIMING iteration=77 barrier_iteration=4 stage=14 derivative_s=0.015585300 first_order_s=0.005356600 second_order_s=0.009894300 algebra_s=0.054054600 kkt_assembly_s=0.143172500 factor_s=0.168713300 solve_s=0.301455900 update_s=0.074613300 K_nnz=393075 rhs_cols=1021 Vxx_nnz=1040400
FILTERDDP_TIMING iteration=77 barrier_iteration=4 stage=13 derivative_s=0.014487500 first_order_s=0.005114500 second_order_s=0.009045500 algebra_s=0.036398200 kkt_assembly_s=0.146348300 factor_s=0.174813900 solve_s=0.362702700 update_s=0.073000800 K_nnz=393075 rhs_cols=1021 Vxx_nnz=1040400
FILTERDDP_TIMING iteration=77 barrier_iteration=4 stage=12 derivative_s=0.015345200 first_order_s=0.005319700 second_order_s=0.009704800 algebra_s=0.145624100 kkt_assembly_s=0.149614300 factor_s=0.171858900 solve_s=0.301694800 update_s=0.082355600 K_nnz=393075 rhs_cols=1021 Vxx_nnz=1040400
FILTERDDP_TIMING iteration=77 barrier_iteration=4 stage=11 derivative_s=0.018919700 first_order_s=0.005445500 second_order_s=0.013152900 algebra_s=0.032250500 kkt_assembly_s=0.141785600 factor_s=0.178576400 solve_s=0.307415700 update_s=0.074927300 K_nnz=393075 rhs_cols=1021 Vxx_nnz=1040400
FILTERDDP_TIMING iteration=77 barrier_iteration=4 stage=10 derivative_s=0.015492000 first_order_s=0.005303400 second_order_s=0.009844900 algebra_s=0.048636700 kkt_assembly_s=0.141524300 factor_s=0.169285500 solve_s=0.314208700 update_s=0.079976900 K_nnz=393075 rhs_cols=1021 Vxx_nnz=1040400
FILTERDDP_TIMING iteration=77 barrier_iteration=4 stage=9 derivative_s=0.015135200 first_order_s=0.005077500 second_order_s=0.009701200 algebra_s=0.041853800 kkt_assembly_s=0.145909000 factor_s=0.169779200 solve_s=0.300682500 update_s=0.066537200 K_nnz=393075 rhs_cols=1021 Vxx_nnz=1040400
FILTERDDP_TIMING iteration=77 barrier_iteration=4 stage=8 derivative_s=0.024520400 first_order_s=0.005458000 second_order_s=0.018735400 algebra_s=0.039898000 kkt_assembly_s=0.150201200 factor_s=0.175190700 solve_s=0.318225200 update_s=0.065780200 K_nnz=393075 rhs_cols=1021 Vxx_nnz=1040400
FILTERDDP_TIMING iteration=77 barrier_iteration=4 stage=7 derivative_s=0.015269400 first_order_s=0.005207300 second_order_s=0.009720000 algebra_s=0.084885500 kkt_assembly_s=0.142478800 factor_s=0.178587700 solve_s=0.402986100 update_s=0.063180200 K_nnz=393075 rhs_cols=1021 Vxx_nnz=1040400
FILTERDDP_TIMING iteration=77 barrier_iteration=4 stage=6 derivative_s=0.015487900 first_order_s=0.005179000 second_order_s=0.009922600 algebra_s=0.035951500 kkt_assembly_s=0.141361300 factor_s=0.193422700 solve_s=0.330787200 update_s=0.068077700 K_nnz=393075 rhs_cols=1021 Vxx_nnz=1040400
FILTERDDP_TIMING iteration=77 barrier_iteration=4 stage=5 derivative_s=0.015947700 first_order_s=0.005660400 second_order_s=0.009817200 algebra_s=0.054507200 kkt_assembly_s=0.146840600 factor_s=0.204138300 solve_s=0.314253600 update_s=0.080979100 K_nnz=393075 rhs_cols=1021 Vxx_nnz=1040400
FILTERDDP_TIMING iteration=77 barrier_iteration=4 stage=4 derivative_s=0.015990400 first_order_s=0.005397500 second_order_s=0.010248700 algebra_s=0.036766000 kkt_assembly_s=0.143883700 factor_s=0.182011400 solve_s=0.301854600 update_s=0.071384800 K_nnz=393075 rhs_cols=1021 Vxx_nnz=1040400
FILTERDDP_TIMING iteration=77 barrier_iteration=4 stage=3 derivative_s=0.016060700 first_order_s=0.005678300 second_order_s=0.010022000 algebra_s=0.046483600 kkt_assembly_s=0.144404500 factor_s=0.180953400 solve_s=0.303235900 update_s=0.071958700 K_nnz=393075 rhs_cols=1021 Vxx_nnz=1040400
FILTERDDP_TIMING iteration=77 barrier_iteration=4 stage=2 derivative_s=0.012518200 first_order_s=0.005426400 second_order_s=0.006683100 algebra_s=0.035667800 kkt_assembly_s=0.142464900 factor_s=0.181241000 solve_s=0.312749700 update_s=0.070355000 K_nnz=393075 rhs_cols=1021 Vxx_nnz=1040400
FILTERDDP_TIMING iteration=77 barrier_iteration=4 stage=1 derivative_s=0.015466300 first_order_s=0.005174700 second_order_s=0.009973000 algebra_s=0.083558400 kkt_assembly_s=0.142790500 factor_s=0.170641300 solve_s=0.398923500 update_s=0.062901500 K_nnz=393075 rhs_cols=1021 Vxx_nnz=1040400
FILTERDDP_FEASIBILITY iteration=77 barrier_iteration=4 equality_count=1015272 equality_rms=3.647178372268e-04 equality_max=9.527366558132e-03 equality_worst_stage=24 equality_worst_index=31151 dynamics_count=23460 dynamics_rms=0.000000000000e+00 dynamics_max=0.000000000000e+00 dynamics_worst_stage=0 dynamics_worst_index=0 bound_count=1137768 bound_rms=0.000000000000e+00 bound_max=0.000000000000e+00 bound_worst_stage=0 bound_worst_index=0 bound_worst_kind=none
    77   2.68445903e+06   9.5274e-03   4.9888e-02   5.4117e-04   -2.80      -     5.0000e-01   0
FILTERDDP_ITER_TIMING iteration=77 barrier_iteration=4 backward_s=20.695795900 forward_s=0.331286100 total_s=21.027082000 outcome=accepted step_size=5.000000000e-01 backtracks=0 mu=1.600000000e-03
FILTERDDP_TIMING iteration=78 barrier_iteration=4 stage=24 derivative_s=0.035386400 first_order_s=0.006253800 second_order_s=0.028639600 algebra_s=0.053531600 kkt_assembly_s=0.266348600 factor_s=0.181909600 solve_s=0.315596400 update_s=0.067389300 K_nnz=393075 rhs_cols=1021 Vxx_nnz=1040400
FILTERDDP_TIMING iteration=78 barrier_iteration=4 stage=23 derivative_s=0.015606500 first_order_s=0.005227000 second_order_s=0.009979400 algebra_s=0.035924600 kkt_assembly_s=0.141476900 factor_s=0.224735800 solve_s=0.455012000 update_s=0.068772700 K_nnz=393075 rhs_cols=1021 Vxx_nnz=1040400
FILTERDDP_TIMING iteration=78 barrier_iteration=4 stage=22 derivative_s=0.016007600 first_order_s=0.005264300 second_order_s=0.010363100 algebra_s=0.048547600 kkt_assembly_s=0.148001200 factor_s=0.186174000 solve_s=0.319335100 update_s=0.066239300 K_nnz=393075 rhs_cols=1021 Vxx_nnz=1040400
FILTERDDP_TIMING iteration=78 barrier_iteration=4 stage=21 derivative_s=0.014985300 first_order_s=0.005034600 second_order_s=0.009632900 algebra_s=0.053813900 kkt_assembly_s=0.142173700 factor_s=0.174653900 solve_s=0.305251900 update_s=0.084419800 K_nnz=393075 rhs_cols=1021 Vxx_nnz=1040400
FILTERDDP_TIMING iteration=78 barrier_iteration=4 stage=20 derivative_s=0.015285500 first_order_s=0.005033500 second_order_s=0.009933700 algebra_s=0.035097400 kkt_assembly_s=0.142045600 factor_s=0.186043500 solve_s=0.309815000 update_s=0.066617300 K_nnz=393075 rhs_cols=1021 Vxx_nnz=1040400
FILTERDDP_TIMING iteration=78 barrier_iteration=4 stage=19 derivative_s=0.012433900 first_order_s=0.005141000 second_order_s=0.006954000 algebra_s=0.052481100 kkt_assembly_s=0.145273200 factor_s=0.181977600 solve_s=0.306285800 update_s=0.080769600 K_nnz=393075 rhs_cols=1021 Vxx_nnz=1040400
FILTERDDP_TIMING iteration=78 barrier_iteration=4 stage=18 derivative_s=0.015181000 first_order_s=0.005009200 second_order_s=0.009827600 algebra_s=0.036560400 kkt_assembly_s=0.143234700 factor_s=0.217610200 solve_s=0.420799700 update_s=0.066559400 K_nnz=393075 rhs_cols=1021 Vxx_nnz=1040400
FILTERDDP_TIMING iteration=78 barrier_iteration=4 stage=17 derivative_s=0.014239600 first_order_s=0.005659700 second_order_s=0.008228900 algebra_s=0.041038000 kkt_assembly_s=0.142482900 factor_s=0.182136200 solve_s=0.313966300 update_s=0.067242400 K_nnz=393075 rhs_cols=1021 Vxx_nnz=1040400
FILTERDDP_TIMING iteration=78 barrier_iteration=4 stage=16 derivative_s=0.026415600 first_order_s=0.005335100 second_order_s=0.020764900 algebra_s=0.035935700 kkt_assembly_s=0.142233600 factor_s=0.180515600 solve_s=0.313956700 update_s=0.070240100 K_nnz=393075 rhs_cols=1021 Vxx_nnz=1040400
FILTERDDP_TIMING iteration=78 barrier_iteration=4 stage=15 derivative_s=0.015010400 first_order_s=0.005078200 second_order_s=0.009606700 algebra_s=0.047692300 kkt_assembly_s=0.150118100 factor_s=0.178862400 solve_s=0.298135600 update_s=0.071950500 K_nnz=393075 rhs_cols=1021 Vxx_nnz=1040400
FILTERDDP_TIMING iteration=78 barrier_iteration=4 stage=14 derivative_s=0.015372100 first_order_s=0.005363200 second_order_s=0.009691200 algebra_s=0.038278700 kkt_assembly_s=0.143345000 factor_s=0.182978200 solve_s=0.304639400 update_s=0.065184800 K_nnz=393075 rhs_cols=1021 Vxx_nnz=1040400
FILTERDDP_TIMING iteration=78 barrier_iteration=4 stage=13 derivative_s=0.017495800 first_order_s=0.007430100 second_order_s=0.009722700 algebra_s=0.045078000 kkt_assembly_s=0.141521600 factor_s=0.228106100 solve_s=0.309942100 update_s=0.178245800 K_nnz=393075 rhs_cols=1021 Vxx_nnz=1040400
FILTERDDP_TIMING iteration=78 barrier_iteration=4 stage=12 derivative_s=0.015709000 first_order_s=0.005103400 second_order_s=0.010272600 algebra_s=0.036992700 kkt_assembly_s=0.142533500 factor_s=0.167226000 solve_s=0.317140300 update_s=0.066165000 K_nnz=393075 rhs_cols=1021 Vxx_nnz=1040400
FILTERDDP_TIMING iteration=78 barrier_iteration=4 stage=11 derivative_s=0.027426900 first_order_s=0.005479500 second_order_s=0.021594600 algebra_s=0.041825000 kkt_assembly_s=0.167825100 factor_s=0.185635400 solve_s=0.311646100 update_s=0.068691500 K_nnz=393075 rhs_cols=1021 Vxx_nnz=1040400
FILTERDDP_TIMING iteration=78 barrier_iteration=4 stage=10 derivative_s=0.018113900 first_order_s=0.006989200 second_order_s=0.010551000 algebra_s=0.054550700 kkt_assembly_s=0.154345400 factor_s=0.177066300 solve_s=0.307335200 update_s=0.078185700 K_nnz=393075 rhs_cols=1021 Vxx_nnz=1040400
FILTERDDP_TIMING iteration=78 barrier_iteration=4 stage=9 derivative_s=0.016079600 first_order_s=0.005379200 second_order_s=0.010365700 algebra_s=0.040539400 kkt_assembly_s=0.145921400 factor_s=0.200699800 solve_s=0.304304800 update_s=0.078681700 K_nnz=393075 rhs_cols=1021 Vxx_nnz=1040400
FILTERDDP_TIMING iteration=78 barrier_iteration=4 stage=8 derivative_s=0.016076500 first_order_s=0.005563500 second_order_s=0.010104000 algebra_s=0.043934800 kkt_assembly_s=0.146071700 factor_s=0.217040700 solve_s=0.297948300 update_s=0.167808900 K_nnz=393075 rhs_cols=1021 Vxx_nnz=1040400
FILTERDDP_TIMING iteration=78 barrier_iteration=4 stage=7 derivative_s=0.015364700 first_order_s=0.005259400 second_order_s=0.009761100 algebra_s=0.035074900 kkt_assembly_s=0.142054900 factor_s=0.183746200 solve_s=0.301192800 update_s=0.066628700 K_nnz=393075 rhs_cols=1021 Vxx_nnz=1040400
FILTERDDP_TIMING iteration=78 barrier_iteration=4 stage=6 derivative_s=0.025021800 first_order_s=0.005277900 second_order_s=0.019314400 algebra_s=0.036937200 kkt_assembly_s=0.141516700 factor_s=0.177962100 solve_s=0.322280200 update_s=0.066436500 K_nnz=393075 rhs_cols=1021 Vxx_nnz=1040400
FILTERDDP_TIMING iteration=78 barrier_iteration=4 stage=5 derivative_s=0.015159200 first_order_s=0.005023900 second_order_s=0.009793100 algebra_s=0.043010300 kkt_assembly_s=0.141403200 factor_s=0.176255000 solve_s=0.314265200 update_s=0.085495300 K_nnz=393075 rhs_cols=1021 Vxx_nnz=1040400
FILTERDDP_TIMING iteration=78 barrier_iteration=4 stage=4 derivative_s=0.017025600 first_order_s=0.005196600 second_order_s=0.011500800 algebra_s=0.035636800 kkt_assembly_s=0.142923700 factor_s=0.183612200 solve_s=0.326694500 update_s=0.072274400 K_nnz=393075 rhs_cols=1021 Vxx_nnz=1040400
FILTERDDP_TIMING iteration=78 barrier_iteration=4 stage=3 derivative_s=0.015584600 first_order_s=0.005208400 second_order_s=0.010031400 algebra_s=0.048710000 kkt_assembly_s=0.171328300 factor_s=0.173370100 solve_s=0.308061600 update_s=0.122526800 K_nnz=393075 rhs_cols=1021 Vxx_nnz=1040400
FILTERDDP_TIMING iteration=78 barrier_iteration=4 stage=2 derivative_s=0.015141300 first_order_s=0.005119200 second_order_s=0.009630900 algebra_s=0.037296400 kkt_assembly_s=0.147040700 factor_s=0.287572400 solve_s=0.293830200 update_s=0.069659100 K_nnz=393075 rhs_cols=1021 Vxx_nnz=1040400
FILTERDDP_TIMING iteration=78 barrier_iteration=4 stage=1 derivative_s=0.032129500 first_order_s=0.008362000 second_order_s=0.023408400 algebra_s=0.037431100 kkt_assembly_s=0.143225600 factor_s=0.174851600 solve_s=0.287204600 update_s=0.072400000 K_nnz=393075 rhs_cols=1021 Vxx_nnz=1040400
FILTERDDP_FEASIBILITY iteration=78 barrier_iteration=4 equality_count=1015272 equality_rms=2.872052532724e-04 equality_max=7.498055923122e-03 equality_worst_stage=24 equality_worst_index=31093 dynamics_count=23460 dynamics_rms=0.000000000000e+00 dynamics_max=0.000000000000e+00 dynamics_worst_stage=0 dynamics_worst_index=0 bound_count=1137768 bound_rms=0.000000000000e+00 bound_max=0.000000000000e+00 bound_worst_stage=0 bound_worst_index=0 bound_worst_kind=none
    78   2.68381990e+06   7.4981e-03   3.7124e-02   2.7889e-04   -2.80      -     5.0000e-01   0
FILTERDDP_ITER_TIMING iteration=78 barrier_iteration=4 backward_s=20.813391900 forward_s=0.341420000 total_s=21.154811900 outcome=accepted step_size=5.000000000e-01 backtracks=0 mu=1.600000000e-03
FILTERDDP_TIMING iteration=79 barrier_iteration=4 stage=24 derivative_s=0.030484600 first_order_s=0.007869000 second_order_s=0.022158200 algebra_s=0.062982500 kkt_assembly_s=0.252856600 factor_s=0.178038400 solve_s=0.348345500 update_s=0.074685600 K_nnz=393075 rhs_cols=1021 Vxx_nnz=1040400
FILTERDDP_TIMING iteration=79 barrier_iteration=4 stage=23 derivative_s=0.015380100 first_order_s=0.005193600 second_order_s=0.009804900 algebra_s=0.037445900 kkt_assembly_s=0.143258200 factor_s=0.221736200 solve_s=0.468447000 update_s=0.071648300 K_nnz=393075 rhs_cols=1021 Vxx_nnz=1040400
FILTERDDP_TIMING iteration=79 barrier_iteration=4 stage=22 derivative_s=0.015513600 first_order_s=0.005015200 second_order_s=0.010155500 algebra_s=0.034865600 kkt_assembly_s=0.141878700 factor_s=0.184234000 solve_s=0.322487000 update_s=0.069321300 K_nnz=393075 rhs_cols=1021 Vxx_nnz=1040400
FILTERDDP_TIMING iteration=79 barrier_iteration=4 stage=21 derivative_s=0.015548500 first_order_s=0.005100300 second_order_s=0.010111100 algebra_s=0.047590100 kkt_assembly_s=0.144638400 factor_s=0.175242400 solve_s=0.316901600 update_s=0.073491800 K_nnz=393075 rhs_cols=1021 Vxx_nnz=1040400
FILTERDDP_TIMING iteration=79 barrier_iteration=4 stage=20 derivative_s=0.013078600 first_order_s=0.005691700 second_order_s=0.007035100 algebra_s=0.035706700 kkt_assembly_s=0.142793700 factor_s=0.181834400 solve_s=0.311071200 update_s=0.065092700 K_nnz=393075 rhs_cols=1021 Vxx_nnz=1040400
FILTERDDP_TIMING iteration=79 barrier_iteration=4 stage=19 derivative_s=0.014249800 first_order_s=0.005087000 second_order_s=0.008655300 algebra_s=0.051304800 kkt_assembly_s=0.147530300 factor_s=0.175751000 solve_s=0.303167900 update_s=0.076710600 K_nnz=393075 rhs_cols=1021 Vxx_nnz=1040400
FILTERDDP_TIMING iteration=79 barrier_iteration=4 stage=18 derivative_s=0.016331400 first_order_s=0.006643200 second_order_s=0.009343600 algebra_s=0.035977100 kkt_assembly_s=0.143198700 factor_s=0.228696200 solve_s=0.401789700 update_s=0.072868700 K_nnz=393075 rhs_cols=1021 Vxx_nnz=1040400
FILTERDDP_TIMING iteration=79 barrier_iteration=4 stage=17 derivative_s=0.017419000 first_order_s=0.005625200 second_order_s=0.011456800 algebra_s=0.036384700 kkt_assembly_s=0.148646600 factor_s=0.196456900 solve_s=0.331554100 update_s=0.066546800 K_nnz=393075 rhs_cols=1021 Vxx_nnz=1040400
FILTERDDP_TIMING iteration=79 barrier_iteration=4 stage=16 derivative_s=0.025781700 first_order_s=0.018130600 second_order_s=0.007300300 algebra_s=0.042058600 kkt_assembly_s=0.165770500 factor_s=0.220558400 solve_s=0.313039300 update_s=0.066613700 K_nnz=393075 rhs_cols=1021 Vxx_nnz=1040400
FILTERDDP_TIMING iteration=79 barrier_iteration=4 stage=15 derivative_s=0.018117600 first_order_s=0.007036600 second_order_s=0.010552900 algebra_s=0.051996900 kkt_assembly_s=0.144989700 factor_s=0.205019700 solve_s=0.333206200 update_s=0.075031600 K_nnz=393075 rhs_cols=1021 Vxx_nnz=1040400
FILTERDDP_TIMING iteration=79 barrier_iteration=4 stage=14 derivative_s=0.012401100 first_order_s=0.005284400 second_order_s=0.006789300 algebra_s=0.035889800 kkt_assembly_s=0.143516500 factor_s=0.178763900 solve_s=0.301272800 update_s=0.067250200 K_nnz=393075 rhs_cols=1021 Vxx_nnz=1040400
FILTERDDP_TIMING iteration=79 barrier_iteration=4 stage=13 derivative_s=0.015018300 first_order_s=0.005095200 second_order_s=0.009407600 algebra_s=0.054772700 kkt_assembly_s=0.145164800 factor_s=0.171043200 solve_s=0.347420000 update_s=0.178139900 K_nnz=393075 rhs_cols=1021 Vxx_nnz=1040400
FILTERDDP_TIMING iteration=79 barrier_iteration=4 stage=12 derivative_s=0.024444600 first_order_s=0.008012000 second_order_s=0.016093400 algebra_s=0.038429100 kkt_assembly_s=0.147450100 factor_s=0.172855200 solve_s=0.305923200 update_s=0.070830100 K_nnz=393075 rhs_cols=1021 Vxx_nnz=1040400
FILTERDDP_TIMING iteration=79 barrier_iteration=4 stage=11 derivative_s=0.025074200 first_order_s=0.005656800 second_order_s=0.019070300 algebra_s=0.039156300 kkt_assembly_s=0.143461100 factor_s=0.176345200 solve_s=0.315250700 update_s=0.075002200 K_nnz=393075 rhs_cols=1021 Vxx_nnz=1040400
FILTERDDP_TIMING iteration=79 barrier_iteration=4 stage=10 derivative_s=0.015643700 first_order_s=0.005665200 second_order_s=0.009611500 algebra_s=0.054077400 kkt_assembly_s=0.143895100 factor_s=0.172842000 solve_s=0.302401500 update_s=0.075750900 K_nnz=393075 rhs_cols=1021 Vxx_nnz=1040400
FILTERDDP_TIMING iteration=79 barrier_iteration=4 stage=9 derivative_s=0.016461300 first_order_s=0.005851100 second_order_s=0.010225200 algebra_s=0.042303600 kkt_assembly_s=0.146109200 factor_s=0.170803700 solve_s=0.303377400 update_s=0.070664900 K_nnz=393075 rhs_cols=1021 Vxx_nnz=1040400
FILTERDDP_TIMING iteration=79 barrier_iteration=4 stage=8 derivative_s=0.025323100 first_order_s=0.005488000 second_order_s=0.019494000 algebra_s=0.041524300 kkt_assembly_s=0.176060800 factor_s=0.194843700 solve_s=0.330258500 update_s=0.066706300 K_nnz=393075 rhs_cols=1021 Vxx_nnz=1040400
FILTERDDP_TIMING iteration=79 barrier_iteration=4 stage=7 derivative_s=0.015792500 first_order_s=0.005289000 second_order_s=0.010185800 algebra_s=0.084829600 kkt_assembly_s=0.143517600 factor_s=0.207838200 solve_s=0.386823900 update_s=0.066402500 K_nnz=393075 rhs_cols=1021 Vxx_nnz=1040400
FILTERDDP_TIMING iteration=79 barrier_iteration=4 stage=6 derivative_s=0.015552100 first_order_s=0.005393500 second_order_s=0.009824100 algebra_s=0.036199400 kkt_assembly_s=0.144020000 factor_s=0.188813300 solve_s=0.311493700 update_s=0.070087500 K_nnz=393075 rhs_cols=1021 Vxx_nnz=1040400
FILTERDDP_TIMING iteration=79 barrier_iteration=4 stage=5 derivative_s=0.016206200 first_order_s=0.005416000 second_order_s=0.010459900 algebra_s=0.052088300 kkt_assembly_s=0.143630100 factor_s=0.174099700 solve_s=0.309203400 update_s=0.085023200 K_nnz=393075 rhs_cols=1021 Vxx_nnz=1040400
FILTERDDP_TIMING iteration=79 barrier_iteration=4 stage=4 derivative_s=0.012445800 first_order_s=0.005021200 second_order_s=0.007067600 algebra_s=0.036104400 kkt_assembly_s=0.143445100 factor_s=0.197872600 solve_s=0.307549200 update_s=0.068719100 K_nnz=393075 rhs_cols=1021 Vxx_nnz=1040400
FILTERDDP_TIMING iteration=79 barrier_iteration=4 stage=3 derivative_s=0.014510700 first_order_s=0.005300400 second_order_s=0.008753800 algebra_s=0.045086700 kkt_assembly_s=0.144337400 factor_s=0.180978300 solve_s=0.300562100 update_s=0.075172300 K_nnz=393075 rhs_cols=1021 Vxx_nnz=1040400
FILTERDDP_TIMING iteration=79 barrier_iteration=4 stage=2 derivative_s=0.015240500 first_order_s=0.005100700 second_order_s=0.009799500 algebra_s=0.043263400 kkt_assembly_s=0.149273000 factor_s=0.174800000 solve_s=0.333877700 update_s=0.075943100 K_nnz=393075 rhs_cols=1021 Vxx_nnz=1040400
FILTERDDP_TIMING iteration=79 barrier_iteration=4 stage=1 derivative_s=0.123302000 first_order_s=0.005356900 second_order_s=0.117567600 algebra_s=0.036464300 kkt_assembly_s=0.145684700 factor_s=0.178021000 solve_s=0.317510100 update_s=0.071698300 K_nnz=393075 rhs_cols=1021 Vxx_nnz=1040400
FILTERDDP_FEASIBILITY iteration=79 barrier_iteration=4 equality_count=1015272 equality_rms=1.737907063555e-04 equality_max=4.603440907488e-03 equality_worst_stage=24 equality_worst_index=31093 dynamics_count=23460 dynamics_rms=0.000000000000e+00 dynamics_max=0.000000000000e+00 dynamics_worst_stage=0 dynamics_worst_index=0 bound_count=1137768 bound_rms=0.000000000000e+00 bound_max=0.000000000000e+00 bound_worst_stage=0 bound_worst_index=0 bound_worst_kind=none
    79   2.68352230e+06   4.6034e-03   2.4592e-02   1.3885e-04   -2.80      -     5.0000e-01   0
FILTERDDP_ITER_TIMING iteration=79 barrier_iteration=4 backward_s=20.969288800 forward_s=0.339242600 total_s=21.308531400 outcome=accepted step_size=5.000000000e-01 backtracks=0 mu=1.600000000e-03
FILTERDDP_TIMING iteration=80 barrier_iteration=4 stage=24 derivative_s=0.034490400 first_order_s=0.009335100 second_order_s=0.024675600 algebra_s=0.044341100 kkt_assembly_s=0.265280200 factor_s=0.182955400 solve_s=0.330669200 update_s=0.066622300 K_nnz=393075 rhs_cols=1021 Vxx_nnz=1040400
FILTERDDP_TIMING iteration=80 barrier_iteration=4 stage=23 derivative_s=0.015438400 first_order_s=0.005249500 second_order_s=0.009837100 algebra_s=0.036490000 kkt_assembly_s=0.148130000 factor_s=0.226912100 solve_s=0.454011900 update_s=0.070867000 K_nnz=393075 rhs_cols=1021 Vxx_nnz=1040400
FILTERDDP_TIMING iteration=80 barrier_iteration=4 stage=22 derivative_s=0.013835800 first_order_s=0.005334600 second_order_s=0.008018400 algebra_s=0.038893700 kkt_assembly_s=0.146140500 factor_s=0.210042500 solve_s=0.323139200 update_s=0.061998200 K_nnz=393075 rhs_cols=1021 Vxx_nnz=1040400
FILTERDDP_TIMING iteration=80 barrier_iteration=4 stage=21 derivative_s=0.019376600 first_order_s=0.005712700 second_order_s=0.013264300 algebra_s=0.064750700 kkt_assembly_s=0.145460000 factor_s=0.201144800 solve_s=0.308586000 update_s=0.076999300 K_nnz=393075 rhs_cols=1021 Vxx_nnz=1040400
FILTERDDP_TIMING iteration=80 barrier_iteration=4 stage=20 derivative_s=0.016928100 first_order_s=0.005284500 second_order_s=0.011302200 algebra_s=0.036286400 kkt_assembly_s=0.175492100 factor_s=0.195857300 solve_s=0.300805800 update_s=0.065678300 K_nnz=393075 rhs_cols=1021 Vxx_nnz=1040400
FILTERDDP_TIMING iteration=80 barrier_iteration=4 stage=19 derivative_s=0.025465700 first_order_s=0.005452000 second_order_s=0.019681300 algebra_s=0.035639500 kkt_assembly_s=0.145837400 factor_s=0.179948200 solve_s=0.319830000 update_s=0.063146300 K_nnz=393075 rhs_cols=1021 Vxx_nnz=1040400
FILTERDDP_TIMING iteration=80 barrier_iteration=4 stage=18 derivative_s=0.027203100 first_order_s=0.010182800 second_order_s=0.016458000 algebra_s=0.083599000 kkt_assembly_s=0.143125000 factor_s=0.177823600 solve_s=0.394663000 update_s=0.071998900 K_nnz=393075 rhs_cols=1021 Vxx_nnz=1040400
FILTERDDP_TIMING iteration=80 barrier_iteration=4 stage=17 derivative_s=0.015430900 first_order_s=0.005495600 second_order_s=0.009614200 algebra_s=0.035780500 kkt_assembly_s=0.143609700 factor_s=0.205628600 solve_s=0.305499300 update_s=0.070272400 K_nnz=393075 rhs_cols=1021 Vxx_nnz=1040400
FILTERDDP_TIMING iteration=80 barrier_iteration=4 stage=16 derivative_s=0.015336100 first_order_s=0.005170700 second_order_s=0.009789200 algebra_s=0.048255100 kkt_assembly_s=0.143880500 factor_s=0.178834400 solve_s=0.304154200 update_s=0.075482400 K_nnz=393075 rhs_cols=1021 Vxx_nnz=1040400
FILTERDDP_TIMING iteration=80 barrier_iteration=4 stage=15 derivative_s=0.014833700 first_order_s=0.005166200 second_order_s=0.009333600 algebra_s=0.039004600 kkt_assembly_s=0.144717700 factor_s=0.182000800 solve_s=0.314184700 update_s=0.067358300 K_nnz=393075 rhs_cols=1021 Vxx_nnz=1040400
FILTERDDP_TIMING iteration=80 barrier_iteration=4 stage=14 derivative_s=0.031051600 first_order_s=0.011229100 second_order_s=0.018857300 algebra_s=0.048601700 kkt_assembly_s=0.144352100 factor_s=0.180264500 solve_s=0.315707500 update_s=0.073865900 K_nnz=393075 rhs_cols=1021 Vxx_nnz=1040400
FILTERDDP_TIMING iteration=80 barrier_iteration=4 stage=13 derivative_s=0.014920600 first_order_s=0.005129300 second_order_s=0.009384400 algebra_s=0.035864900 kkt_assembly_s=0.146972100 factor_s=0.199105800 solve_s=0.348659700 update_s=0.084053900 K_nnz=393075 rhs_cols=1021 Vxx_nnz=1040400
FILTERDDP_TIMING iteration=80 barrier_iteration=4 stage=12 derivative_s=0.031633500 first_order_s=0.011575100 second_order_s=0.019337000 algebra_s=0.140933800 kkt_assembly_s=0.148552000 factor_s=0.169884100 solve_s=0.309209800 update_s=0.070282200 K_nnz=393075 rhs_cols=1021 Vxx_nnz=1040400
FILTERDDP_TIMING iteration=80 barrier_iteration=4 stage=11 derivative_s=0.024074500 first_order_s=0.009286400 second_order_s=0.013857300 algebra_s=0.053754700 kkt_assembly_s=0.175647100 factor_s=0.191385300 solve_s=0.303211800 update_s=0.063886700 K_nnz=393075 rhs_cols=1021 Vxx_nnz=1040400
FILTERDDP_TIMING iteration=80 barrier_iteration=4 stage=10 derivative_s=0.015088800 first_order_s=0.005168600 second_order_s=0.009576700 algebra_s=0.048580800 kkt_assembly_s=0.148297500 factor_s=0.171007800 solve_s=0.306244500 update_s=0.071593800 K_nnz=393075 rhs_cols=1021 Vxx_nnz=1040400
FILTERDDP_TIMING iteration=80 barrier_iteration=4 stage=9 derivative_s=0.015386000 first_order_s=0.005431700 second_order_s=0.009612500 algebra_s=0.042376500 kkt_assembly_s=0.142820600 factor_s=0.171525200 solve_s=0.319552000 update_s=0.065037200 K_nnz=393075 rhs_cols=1021 Vxx_nnz=1040400
FILTERDDP_TIMING iteration=80 barrier_iteration=4 stage=8 derivative_s=0.060377300 first_order_s=0.004954700 second_order_s=0.055099500 algebra_s=0.036379900 kkt_assembly_s=0.142594700 factor_s=0.280844700 solve_s=0.312093000 update_s=0.079878700 K_nnz=393075 rhs_cols=1021 Vxx_nnz=1040400
FILTERDDP_TIMING iteration=80 barrier_iteration=4 stage=7 derivative_s=0.017981400 first_order_s=0.006134200 second_order_s=0.011511900 algebra_s=0.045250300 kkt_assembly_s=0.142400100 factor_s=0.177072000 solve_s=0.310198800 update_s=0.073513600 K_nnz=393075 rhs_cols=1021 Vxx_nnz=1040400
FILTERDDP_TIMING iteration=80 barrier_iteration=4 stage=6 derivative_s=0.012756800 first_order_s=0.005335200 second_order_s=0.007071700 algebra_s=0.036556300 kkt_assembly_s=0.175609200 factor_s=0.179799000 solve_s=0.310739700 update_s=0.071079400 K_nnz=393075 rhs_cols=1021 Vxx_nnz=1040400
FILTERDDP_TIMING iteration=80 barrier_iteration=4 stage=5 derivative_s=0.015480400 first_order_s=0.005155900 second_order_s=0.009994000 algebra_s=0.048943100 kkt_assembly_s=0.145383900 factor_s=0.173723500 solve_s=0.301152000 update_s=0.070824400 K_nnz=393075 rhs_cols=1021 Vxx_nnz=1040400
FILTERDDP_TIMING iteration=80 barrier_iteration=4 stage=4 derivative_s=0.015172900 first_order_s=0.005155200 second_order_s=0.009699400 algebra_s=0.036174700 kkt_assembly_s=0.144088300 factor_s=0.184540400 solve_s=0.321843100 update_s=0.064780300 K_nnz=393075 rhs_cols=1021 Vxx_nnz=1040400
FILTERDDP_TIMING iteration=80 barrier_iteration=4 stage=3 derivative_s=0.016538600 first_order_s=0.005539600 second_order_s=0.010642500 algebra_s=0.046031600 kkt_assembly_s=0.145469400 factor_s=0.235167900 solve_s=0.315761800 update_s=0.164618200 K_nnz=393075 rhs_cols=1021 Vxx_nnz=1040400
FILTERDDP_TIMING iteration=80 barrier_iteration=4 stage=2 derivative_s=0.012542200 first_order_s=0.005211400 second_order_s=0.006906000 algebra_s=0.046876700 kkt_assembly_s=0.147629500 factor_s=0.179252700 solve_s=0.307095400 update_s=0.065089600 K_nnz=393075 rhs_cols=1021 Vxx_nnz=1040400
FILTERDDP_TIMING iteration=80 barrier_iteration=4 stage=1 derivative_s=0.024521000 first_order_s=0.014518500 second_order_s=0.009660100 algebra_s=0.035477800 kkt_assembly_s=0.146743700 factor_s=0.186120800 solve_s=0.304203400 update_s=0.062614600 K_nnz=393075 rhs_cols=1021 Vxx_nnz=1040400
FILTERDDP_FEASIBILITY iteration=80 barrier_iteration=4 equality_count=1015272 equality_rms=9.523672179384e-05 equality_max=2.543288067670e-03 equality_worst_stage=24 equality_worst_index=31093 dynamics_count=23460 dynamics_rms=0.000000000000e+00 dynamics_max=0.000000000000e+00 dynamics_worst_stage=0 dynamics_worst_index=0 bound_count=1137768 bound_rms=0.000000000000e+00 bound_max=0.000000000000e+00 bound_worst_stage=0 bound_worst_index=0 bound_worst_kind=none
FILTERDDP_ITER_TIMING iteration=80 barrier_iteration=4 backward_s=20.969547800 forward_s=0.000000000 total_s=20.969547800 outcome=barrier_update step_size=5.000000000e-01 backtracks=0 mu=1.600000000e-03
FILTERDDP_TIMING iteration=80 barrier_iteration=5 stage=24 derivative_s=0.017350900 first_order_s=0.005101900 second_order_s=0.011924100 algebra_s=0.050447800 kkt_assembly_s=0.286830900 factor_s=0.175945600 solve_s=0.335011600 update_s=0.079827100 K_nnz=393075 rhs_cols=1021 Vxx_nnz=1040400
FILTERDDP_TIMING iteration=80 barrier_iteration=5 stage=23 derivative_s=0.015917300 first_order_s=0.005370300 second_order_s=0.010162700 algebra_s=0.039087500 kkt_assembly_s=0.154180000 factor_s=0.233502300 solve_s=0.467153700 update_s=0.069227100 K_nnz=393075 rhs_cols=1021 Vxx_nnz=1040400
FILTERDDP_TIMING iteration=80 barrier_iteration=5 stage=22 derivative_s=0.016076500 first_order_s=0.005561400 second_order_s=0.010161600 algebra_s=0.036189900 kkt_assembly_s=0.177976100 factor_s=0.201073800 solve_s=0.326496100 update_s=0.065918000 K_nnz=393075 rhs_cols=1021 Vxx_nnz=1040400
FILTERDDP_TIMING iteration=80 barrier_iteration=5 stage=21 derivative_s=0.013516800 first_order_s=0.005598000 second_order_s=0.007567800 algebra_s=0.050514900 kkt_assembly_s=0.157518100 factor_s=0.202385600 solve_s=0.315893100 update_s=0.073201100 K_nnz=393075 rhs_cols=1021 Vxx_nnz=1040400
FILTERDDP_TIMING iteration=80 barrier_iteration=5 stage=20 derivative_s=0.014708700 first_order_s=0.005077500 second_order_s=0.009287700 algebra_s=0.037299300 kkt_assembly_s=0.149912400 factor_s=0.196460500 solve_s=0.306834300 update_s=0.073676600 K_nnz=393075 rhs_cols=1021 Vxx_nnz=1040400
FILTERDDP_TIMING iteration=80 barrier_iteration=5 stage=19 derivative_s=0.024332500 first_order_s=0.005247600 second_order_s=0.018718900 algebra_s=0.039619900 kkt_assembly_s=0.146494100 factor_s=0.183397800 solve_s=0.314823800 update_s=0.065109900 K_nnz=393075 rhs_cols=1021 Vxx_nnz=1040400
FILTERDDP_TIMING iteration=80 barrier_iteration=5 stage=18 derivative_s=0.016953700 first_order_s=0.005407500 second_order_s=0.011228000 algebra_s=0.081680600 kkt_assembly_s=0.147380400 factor_s=0.177655600 solve_s=0.389167700 update_s=0.068638000 K_nnz=393075 rhs_cols=1021 Vxx_nnz=1040400
FILTERDDP_TIMING iteration=80 barrier_iteration=5 stage=17 derivative_s=0.015288800 first_order_s=0.005327300 second_order_s=0.009625600 algebra_s=0.035836400 kkt_assembly_s=0.175438400 factor_s=0.207219900 solve_s=0.309776000 update_s=0.066916400 K_nnz=393075 rhs_cols=1021 Vxx_nnz=1040400
FILTERDDP_TIMING iteration=80 barrier_iteration=5 stage=16 derivative_s=0.017933900 first_order_s=0.006784600 second_order_s=0.010503900 algebra_s=0.053378700 kkt_assembly_s=0.169403300 factor_s=0.186582900 solve_s=0.305184300 update_s=0.068799700 K_nnz=393075 rhs_cols=1021 Vxx_nnz=1040400
FILTERDDP_TIMING iteration=80 barrier_iteration=5 stage=15 derivative_s=0.015298500 first_order_s=0.005120200 second_order_s=0.009796900 algebra_s=0.036682700 kkt_assembly_s=0.144066900 factor_s=0.180245100 solve_s=0.320544700 update_s=0.070997700 K_nnz=393075 rhs_cols=1021 Vxx_nnz=1040400
FILTERDDP_TIMING iteration=80 barrier_iteration=5 stage=14 derivative_s=0.015141600 first_order_s=0.004949000 second_order_s=0.009862900 algebra_s=0.054041000 kkt_assembly_s=0.142639900 factor_s=0.169862500 solve_s=0.309285200 update_s=0.076481900 K_nnz=393075 rhs_cols=1021 Vxx_nnz=1040400
FILTERDDP_TIMING iteration=80 barrier_iteration=5 stage=13 derivative_s=0.012486200 first_order_s=0.004959500 second_order_s=0.007188200 algebra_s=0.042863000 kkt_assembly_s=0.148687400 factor_s=0.176666300 solve_s=0.350824300 update_s=0.068370100 K_nnz=393075 rhs_cols=1021 Vxx_nnz=1040400
FILTERDDP_TIMING iteration=80 barrier_iteration=5 stage=12 derivative_s=0.017171600 first_order_s=0.005257500 second_order_s=0.011500800 algebra_s=0.145742800 kkt_assembly_s=0.143465400 factor_s=0.174714300 solve_s=0.297943400 update_s=0.074545200 K_nnz=393075 rhs_cols=1021 Vxx_nnz=1040400
FILTERDDP_TIMING iteration=80 barrier_iteration=5 stage=11 derivative_s=0.013186800 first_order_s=0.005044100 second_order_s=0.007828100 algebra_s=0.035223000 kkt_assembly_s=0.145463400 factor_s=0.203383700 solve_s=0.330800600 update_s=0.066840200 K_nnz=393075 rhs_cols=1021 Vxx_nnz=1040400
FILTERDDP_TIMING iteration=80 barrier_iteration=5 stage=10 derivative_s=0.015310700 first_order_s=0.005260700 second_order_s=0.009727300 algebra_s=0.049072700 kkt_assembly_s=0.142382800 factor_s=0.170812300 solve_s=0.300693500 update_s=0.072091300 K_nnz=393075 rhs_cols=1021 Vxx_nnz=1040400
FILTERDDP_TIMING iteration=80 barrier_iteration=5 stage=9 derivative_s=0.015445000 first_order_s=0.005108500 second_order_s=0.009998100 algebra_s=0.051593200 kkt_assembly_s=0.148250500 factor_s=0.182128000 solve_s=0.317357300 update_s=0.064676400 K_nnz=393075 rhs_cols=1021 Vxx_nnz=1040400
FILTERDDP_TIMING iteration=80 barrier_iteration=5 stage=8 derivative_s=0.029150500 first_order_s=0.007013800 second_order_s=0.021777700 algebra_s=0.036041900 kkt_assembly_s=0.149587400 factor_s=0.221122700 solve_s=0.324470000 update_s=0.076434300 K_nnz=393075 rhs_cols=1021 Vxx_nnz=1040400
FILTERDDP_TIMING iteration=80 barrier_iteration=5 stage=7 derivative_s=0.016096100 first_order_s=0.005583500 second_order_s=0.010157400 algebra_s=0.084194500 kkt_assembly_s=0.154239300 factor_s=0.174017100 solve_s=0.398766700 update_s=0.064483000 K_nnz=393075 rhs_cols=1021 Vxx_nnz=1040400
FILTERDDP_TIMING iteration=80 barrier_iteration=5 stage=6 derivative_s=0.014950000 first_order_s=0.005137400 second_order_s=0.009434700 algebra_s=0.036245600 kkt_assembly_s=0.142037200 factor_s=0.191157000 solve_s=0.311822300 update_s=0.072902800 K_nnz=393075 rhs_cols=1021 Vxx_nnz=1040400
FILTERDDP_TIMING iteration=80 barrier_iteration=5 stage=5 derivative_s=0.015263000 first_order_s=0.005240700 second_order_s=0.009675800 algebra_s=0.046053200 kkt_assembly_s=0.143763600 factor_s=0.170709400 solve_s=0.305299300 update_s=0.077136800 K_nnz=393075 rhs_cols=1021 Vxx_nnz=1040400
FILTERDDP_TIMING iteration=80 barrier_iteration=5 stage=4 derivative_s=0.018280300 first_order_s=0.005288200 second_order_s=0.012674000 algebra_s=0.036947700 kkt_assembly_s=0.144044200 factor_s=0.180376200 solve_s=0.317930700 update_s=0.064288700 K_nnz=393075 rhs_cols=1021 Vxx_nnz=1040400
FILTERDDP_TIMING iteration=80 barrier_iteration=5 stage=3 derivative_s=0.015726900 first_order_s=0.005319900 second_order_s=0.010079200 algebra_s=0.052590300 kkt_assembly_s=0.142146500 factor_s=0.171859000 solve_s=0.304204500 update_s=0.083314600 K_nnz=393075 rhs_cols=1021 Vxx_nnz=1040400
FILTERDDP_TIMING iteration=80 barrier_iteration=5 stage=2 derivative_s=0.016756900 first_order_s=0.005451900 second_order_s=0.010966200 algebra_s=0.036568800 kkt_assembly_s=0.141626900 factor_s=0.182573700 solve_s=0.316628000 update_s=0.069140000 K_nnz=393075 rhs_cols=1021 Vxx_nnz=1040400
FILTERDDP_TIMING iteration=80 barrier_iteration=5 stage=1 derivative_s=0.015549400 first_order_s=0.005337700 second_order_s=0.009888600 algebra_s=0.082120700 kkt_assembly_s=0.150042000 factor_s=0.172816300 solve_s=0.406511600 update_s=0.063806400 K_nnz=393075 rhs_cols=1021 Vxx_nnz=1040400
FILTERDDP_FEASIBILITY iteration=80 barrier_iteration=5 equality_count=1015272 equality_rms=9.523672179384e-05 equality_max=2.543288067670e-03 equality_worst_stage=24 equality_worst_index=31093 dynamics_count=23460 dynamics_rms=0.000000000000e+00 dynamics_max=0.000000000000e+00 dynamics_worst_stage=0 dynamics_worst_index=0 bound_count=1137768 bound_rms=0.000000000000e+00 bound_max=0.000000000000e+00 bound_worst_stage=0 bound_worst_index=0 bound_worst_kind=none
  iter     objective        pr_inf       du_inf       cs_inf     lg(μ)   lg(reg)    alpha     ls
    80   2.68338119e+06   2.5433e-03   1.2352e-02   6.7863e-05   -3.49      -     5.0000e-01   0
FILTERDDP_ITER_TIMING iteration=80 barrier_iteration=5 backward_s=21.024206000 forward_s=0.312696300 total_s=21.336902300 outcome=accepted step_size=5.000000000e-01 backtracks=0 mu=3.200000000e-04
FILTERDDP_TIMING iteration=81 barrier_iteration=5 stage=24 derivative_s=0.037741600 first_order_s=0.008972800 second_order_s=0.028277400 algebra_s=0.054737900 kkt_assembly_s=0.260798300 factor_s=0.174925800 solve_s=0.313259500 update_s=0.066167700 K_nnz=393075 rhs_cols=1021 Vxx_nnz=1040400
FILTERDDP_TIMING iteration=81 barrier_iteration=5 stage=23 derivative_s=0.015781400 first_order_s=0.005194800 second_order_s=0.010265100 algebra_s=0.035522900 kkt_assembly_s=0.143580400 factor_s=0.225628300 solve_s=0.446024000 update_s=0.064610200 K_nnz=393075 rhs_cols=1021 Vxx_nnz=1040400
FILTERDDP_TIMING iteration=81 barrier_iteration=5 stage=22 derivative_s=0.016082500 first_order_s=0.005315000 second_order_s=0.010419500 algebra_s=0.036870500 kkt_assembly_s=0.141773700 factor_s=0.188600000 solve_s=0.302296600 update_s=0.068076600 K_nnz=393075 rhs_cols=1021 Vxx_nnz=1040400
FILTERDDP_TIMING iteration=81 barrier_iteration=5 stage=21 derivative_s=0.015230900 first_order_s=0.005122300 second_order_s=0.009774700 algebra_s=0.046593100 kkt_assembly_s=0.144653600 factor_s=0.175056000 solve_s=0.304873000 update_s=0.085981900 K_nnz=393075 rhs_cols=1021 Vxx_nnz=1040400
FILTERDDP_TIMING iteration=81 barrier_iteration=5 stage=20 derivative_s=0.015350200 first_order_s=0.005426500 second_order_s=0.009609100 algebra_s=0.036599600 kkt_assembly_s=0.148372200 factor_s=0.180888900 solve_s=0.316116400 update_s=0.069113800 K_nnz=393075 rhs_cols=1021 Vxx_nnz=1040400
FILTERDDP_TIMING iteration=81 barrier_iteration=5 stage=19 derivative_s=0.015201700 first_order_s=0.005057200 second_order_s=0.009795200 algebra_s=0.044739100 kkt_assembly_s=0.144819100 factor_s=0.179599700 solve_s=0.297835100 update_s=0.114751300 K_nnz=393075 rhs_cols=1021 Vxx_nnz=1040400
FILTERDDP_TIMING iteration=81 barrier_iteration=5 stage=18 derivative_s=0.015339900 first_order_s=0.005003600 second_order_s=0.010018000 algebra_s=0.145201300 kkt_assembly_s=0.161257500 factor_s=0.179359800 solve_s=0.294961400 update_s=0.086452900 K_nnz=393075 rhs_cols=1021 Vxx_nnz=1040400
FILTERDDP_TIMING iteration=81 barrier_iteration=5 stage=17 derivative_s=0.015232300 first_order_s=0.005327500 second_order_s=0.009572600 algebra_s=0.035635700 kkt_assembly_s=0.150893200 factor_s=0.204381900 solve_s=0.299277100 update_s=0.084202200 K_nnz=393075 rhs_cols=1021 Vxx_nnz=1040400
FILTERDDP_TIMING iteration=81 barrier_iteration=5 stage=16 derivative_s=0.015758800 first_order_s=0.005623800 second_order_s=0.009794000 algebra_s=0.043064000 kkt_assembly_s=0.141265000 factor_s=0.174271900 solve_s=0.299279500 update_s=0.081042800 K_nnz=393075 rhs_cols=1021 Vxx_nnz=1040400
FILTERDDP_TIMING iteration=81 barrier_iteration=5 stage=15 derivative_s=0.015442900 first_order_s=0.005133100 second_order_s=0.009967400 algebra_s=0.035510400 kkt_assembly_s=0.142183100 factor_s=0.184774800 solve_s=0.352763000 update_s=0.065024200 K_nnz=393075 rhs_cols=1021 Vxx_nnz=1040400
FILTERDDP_TIMING iteration=81 barrier_iteration=5 stage=14 derivative_s=0.015400900 first_order_s=0.005272200 second_order_s=0.009789600 algebra_s=0.059855100 kkt_assembly_s=0.150267100 factor_s=0.184000800 solve_s=0.316117300 update_s=0.078279700 K_nnz=393075 rhs_cols=1021 Vxx_nnz=1040400
FILTERDDP_TIMING iteration=81 barrier_iteration=5 stage=13 derivative_s=0.015424300 first_order_s=0.005592100 second_order_s=0.009403800 algebra_s=0.042012600 kkt_assembly_s=0.146653200 factor_s=0.179794300 solve_s=0.349265500 update_s=0.066985200 K_nnz=393075 rhs_cols=1021 Vxx_nnz=1040400
FILTERDDP_TIMING iteration=81 barrier_iteration=5 stage=12 derivative_s=0.015172300 first_order_s=0.005205900 second_order_s=0.009646400 algebra_s=0.145443100 kkt_assembly_s=0.143023500 factor_s=0.170118000 solve_s=0.305047400 update_s=0.074711700 K_nnz=393075 rhs_cols=1021 Vxx_nnz=1040400
FILTERDDP_TIMING iteration=81 barrier_iteration=5 stage=11 derivative_s=0.015328900 first_order_s=0.004930100 second_order_s=0.010067300 algebra_s=0.035689200 kkt_assembly_s=0.144285900 factor_s=0.187855400 solve_s=0.314368800 update_s=0.067927400 K_nnz=393075 rhs_cols=1021 Vxx_nnz=1040400
FILTERDDP_TIMING iteration=81 barrier_iteration=5 stage=10 derivative_s=0.015414400 first_order_s=0.005070800 second_order_s=0.010019800 algebra_s=0.045298300 kkt_assembly_s=0.143886800 factor_s=0.189923200 solve_s=0.316500100 update_s=0.072417200 K_nnz=393075 rhs_cols=1021 Vxx_nnz=1040400
FILTERDDP_TIMING iteration=81 barrier_iteration=5 stage=9 derivative_s=0.015443600 first_order_s=0.005457300 second_order_s=0.009651000 algebra_s=0.042215300 kkt_assembly_s=0.144264100 factor_s=0.171665400 solve_s=0.308415300 update_s=0.065705100 K_nnz=393075 rhs_cols=1021 Vxx_nnz=1040400
FILTERDDP_TIMING iteration=81 barrier_iteration=5 stage=8 derivative_s=0.060754700 first_order_s=0.005524000 second_order_s=0.054902900 algebra_s=0.036151900 kkt_assembly_s=0.172191900 factor_s=0.275790600 solve_s=0.296704500 update_s=0.066919400 K_nnz=393075 rhs_cols=1021 Vxx_nnz=1040400
FILTERDDP_TIMING iteration=81 barrier_iteration=5 stage=7 derivative_s=0.017010900 first_order_s=0.006143200 second_order_s=0.010509400 algebra_s=0.045888500 kkt_assembly_s=0.146099200 factor_s=0.172691800 solve_s=0.304675000 update_s=0.072611900 K_nnz=393075 rhs_cols=1021 Vxx_nnz=1040400
FILTERDDP_TIMING iteration=81 barrier_iteration=5 stage=6 derivative_s=0.015957500 first_order_s=0.005555600 second_order_s=0.010040500 algebra_s=0.035610600 kkt_assembly_s=0.142423400 factor_s=0.177248700 solve_s=0.306372400 update_s=0.073928400 K_nnz=393075 rhs_cols=1021 Vxx_nnz=1040400
FILTERDDP_TIMING iteration=81 barrier_iteration=5 stage=5 derivative_s=0.023663400 first_order_s=0.005087800 second_order_s=0.018230100 algebra_s=0.035264500 kkt_assembly_s=0.141688900 factor_s=0.176078700 solve_s=0.317686400 update_s=0.065433900 K_nnz=393075 rhs_cols=1021 Vxx_nnz=1040400
FILTERDDP_TIMING iteration=81 barrier_iteration=5 stage=4 derivative_s=0.012900100 first_order_s=0.005314200 second_order_s=0.007238800 algebra_s=0.052533000 kkt_assembly_s=0.145715000 factor_s=0.169960100 solve_s=0.310183600 update_s=0.081086600 K_nnz=393075 rhs_cols=1021 Vxx_nnz=1040400
FILTERDDP_TIMING iteration=81 barrier_iteration=5 stage=3 derivative_s=0.015864800 first_order_s=0.005817800 second_order_s=0.009710600 algebra_s=0.037807000 kkt_assembly_s=0.142636200 factor_s=0.186460800 solve_s=0.365120800 update_s=0.072802900 K_nnz=393075 rhs_cols=1021 Vxx_nnz=1040400
FILTERDDP_TIMING iteration=81 barrier_iteration=5 stage=2 derivative_s=0.015843400 first_order_s=0.005259500 second_order_s=0.010256300 algebra_s=0.143737100 kkt_assembly_s=0.149993500 factor_s=0.178927400 solve_s=0.311741400 update_s=0.072734100 K_nnz=393075 rhs_cols=1021 Vxx_nnz=1040400
FILTERDDP_TIMING iteration=81 barrier_iteration=5 stage=1 derivative_s=0.012329000 first_order_s=0.005441300 second_order_s=0.006547800 algebra_s=0.041878300 kkt_assembly_s=0.164811200 factor_s=0.184552900 solve_s=0.320298400 update_s=0.067952600 K_nnz=393075 rhs_cols=1021 Vxx_nnz=1040400
FILTERDDP_FEASIBILITY iteration=81 barrier_iteration=5 equality_count=1015272 equality_rms=8.226270096840e-05 equality_max=2.247990049554e-03 equality_worst_stage=24 equality_worst_index=31093 dynamics_count=23460 dynamics_rms=0.000000000000e+00 dynamics_max=0.000000000000e+00 dynamics_worst_stage=0 dynamics_worst_index=0 bound_count=1137768 bound_rms=0.000000000000e+00 bound_max=0.000000000000e+00 bound_worst_stage=0 bound_worst_index=0 bound_worst_kind=none
    81   2.68307858e+06   2.2480e-03   1.1872e-02   3.6284e-05   -3.49      -     5.0000e-01   0
FILTERDDP_ITER_TIMING iteration=81 barrier_iteration=5 backward_s=20.794227500 forward_s=0.334881500 total_s=21.129109000 outcome=accepted step_size=5.000000000e-01 backtracks=0 mu=3.200000000e-04
FILTERDDP_TIMING iteration=82 barrier_iteration=5 stage=24 derivative_s=0.036775200 first_order_s=0.008531000 second_order_s=0.027781900 algebra_s=0.036344300 kkt_assembly_s=0.258213000 factor_s=0.176917300 solve_s=0.320525200 update_s=0.068405700 K_nnz=393075 rhs_cols=1021 Vxx_nnz=1040400
FILTERDDP_TIMING iteration=82 barrier_iteration=5 stage=23 derivative_s=0.017177100 first_order_s=0.005685000 second_order_s=0.011151800 algebra_s=0.036661400 kkt_assembly_s=0.171957400 factor_s=0.241735500 solve_s=0.469848000 update_s=0.075277300 K_nnz=393075 rhs_cols=1021 Vxx_nnz=1040400
FILTERDDP_TIMING iteration=82 barrier_iteration=5 stage=22 derivative_s=0.015227900 first_order_s=0.005089700 second_order_s=0.009807700 algebra_s=0.035362300 kkt_assembly_s=0.141846800 factor_s=0.188902800 solve_s=0.309277800 update_s=0.068724200 K_nnz=393075 rhs_cols=1021 Vxx_nnz=1040400
FILTERDDP_TIMING iteration=82 barrier_iteration=5 stage=21 derivative_s=0.012733100 first_order_s=0.005421100 second_order_s=0.006982400 algebra_s=0.057353300 kkt_assembly_s=0.145412100 factor_s=0.174755900 solve_s=0.313799400 update_s=0.073555700 K_nnz=393075 rhs_cols=1021 Vxx_nnz=1040400
FILTERDDP_TIMING iteration=82 barrier_iteration=5 stage=20 derivative_s=0.015617700 first_order_s=0.005326600 second_order_s=0.009942500 algebra_s=0.038657900 kkt_assembly_s=0.152088600 factor_s=0.198455100 solve_s=0.312825600 update_s=0.078493000 K_nnz=393075 rhs_cols=1021 Vxx_nnz=1040400
FILTERDDP_TIMING iteration=82 barrier_iteration=5 stage=19 derivative_s=0.021053100 first_order_s=0.005211900 second_order_s=0.015492000 algebra_s=0.052053300 kkt_assembly_s=0.149762800 factor_s=0.190383200 solve_s=0.318066400 update_s=0.070985400 K_nnz=393075 rhs_cols=1021 Vxx_nnz=1040400
FILTERDDP_TIMING iteration=82 barrier_iteration=5 stage=18 derivative_s=0.015038100 first_order_s=0.005136800 second_order_s=0.009571700 algebra_s=0.080195200 kkt_assembly_s=0.141260600 factor_s=0.174525400 solve_s=0.399874000 update_s=0.065061200 K_nnz=393075 rhs_cols=1021 Vxx_nnz=1040400
FILTERDDP_TIMING iteration=82 barrier_iteration=5 stage=17 derivative_s=0.015072300 first_order_s=0.005052800 second_order_s=0.009679700 algebra_s=0.035664300 kkt_assembly_s=0.140714900 factor_s=0.185667200 solve_s=0.303236900 update_s=0.061883600 K_nnz=393075 rhs_cols=1021 Vxx_nnz=1040400
FILTERDDP_TIMING iteration=82 barrier_iteration=5 stage=16 derivative_s=0.028522400 first_order_s=0.009618600 second_order_s=0.018225900 algebra_s=0.050852500 kkt_assembly_s=0.144746800 factor_s=0.173854300 solve_s=0.299624400 update_s=0.084295900 K_nnz=393075 rhs_cols=1021 Vxx_nnz=1040400
FILTERDDP_TIMING iteration=82 barrier_iteration=5 stage=15 derivative_s=0.015285800 first_order_s=0.005182300 second_order_s=0.009781700 algebra_s=0.035739700 kkt_assembly_s=0.141519400 factor_s=0.184486100 solve_s=0.305086900 update_s=0.075875900 K_nnz=393075 rhs_cols=1021 Vxx_nnz=1040400
FILTERDDP_TIMING iteration=82 barrier_iteration=5 stage=14 derivative_s=0.015392100 first_order_s=0.005360300 second_order_s=0.009708000 algebra_s=0.044306300 kkt_assembly_s=0.143166000 factor_s=0.177843300 solve_s=0.306732000 update_s=0.077317100 K_nnz=393075 rhs_cols=1021 Vxx_nnz=1040400
FILTERDDP_TIMING iteration=82 barrier_iteration=5 stage=13 derivative_s=0.015389000 first_order_s=0.005151600 second_order_s=0.009896200 algebra_s=0.042714700 kkt_assembly_s=0.145462800 factor_s=0.176976400 solve_s=0.360665600 update_s=0.081648800 K_nnz=393075 rhs_cols=1021 Vxx_nnz=1040400
FILTERDDP_TIMING iteration=82 barrier_iteration=5 stage=12 derivative_s=0.015791300 first_order_s=0.005560100 second_order_s=0.009905400 algebra_s=0.145049800 kkt_assembly_s=0.144088300 factor_s=0.183384900 solve_s=0.318790400 update_s=0.066611900 K_nnz=393075 rhs_cols=1021 Vxx_nnz=1040400
FILTERDDP_TIMING iteration=82 barrier_iteration=5 stage=11 derivative_s=0.015089900 first_order_s=0.005209400 second_order_s=0.009524200 algebra_s=0.044184000 kkt_assembly_s=0.142938500 factor_s=0.184996300 solve_s=0.330451900 update_s=0.061855800 K_nnz=393075 rhs_cols=1021 Vxx_nnz=1040400
FILTERDDP_TIMING iteration=82 barrier_iteration=5 stage=10 derivative_s=0.012574300 first_order_s=0.005171300 second_order_s=0.007077200 algebra_s=0.049793900 kkt_assembly_s=0.141545200 factor_s=0.199681500 solve_s=0.303859700 update_s=0.071321800 K_nnz=393075 rhs_cols=1021 Vxx_nnz=1040400
FILTERDDP_TIMING iteration=82 barrier_iteration=5 stage=9 derivative_s=0.013915500 first_order_s=0.005535000 second_order_s=0.008038500 algebra_s=0.041531700 kkt_assembly_s=0.141562500 factor_s=0.170967800 solve_s=0.311270800 update_s=0.073129800 K_nnz=393075 rhs_cols=1021 Vxx_nnz=1040400
FILTERDDP_TIMING iteration=82 barrier_iteration=5 stage=8 derivative_s=0.023809400 first_order_s=0.005238500 second_order_s=0.018236500 algebra_s=0.036506800 kkt_assembly_s=0.146402400 factor_s=0.179201000 solve_s=0.319820600 update_s=0.075413500 K_nnz=393075 rhs_cols=1021 Vxx_nnz=1040400
FILTERDDP_TIMING iteration=82 barrier_iteration=5 stage=7 derivative_s=0.015557500 first_order_s=0.005241500 second_order_s=0.009996400 algebra_s=0.083519200 kkt_assembly_s=0.145356300 factor_s=0.176477100 solve_s=0.395882700 update_s=0.061894000 K_nnz=393075 rhs_cols=1021 Vxx_nnz=1040400
FILTERDDP_TIMING iteration=82 barrier_iteration=5 stage=6 derivative_s=0.015368800 first_order_s=0.005176100 second_order_s=0.009795300 algebra_s=0.047806000 kkt_assembly_s=0.169786700 factor_s=0.177371000 solve_s=0.316028400 update_s=0.065866600 K_nnz=393075 rhs_cols=1021 Vxx_nnz=1040400
FILTERDDP_TIMING iteration=82 barrier_iteration=5 stage=5 derivative_s=0.017696600 first_order_s=0.006274400 second_order_s=0.010938200 algebra_s=0.058028200 kkt_assembly_s=0.148947100 factor_s=0.172320100 solve_s=0.308493700 update_s=0.083509000 K_nnz=393075 rhs_cols=1021 Vxx_nnz=1040400
FILTERDDP_TIMING iteration=82 barrier_iteration=5 stage=4 derivative_s=0.016396600 first_order_s=0.005437400 second_order_s=0.010637000 algebra_s=0.035378100 kkt_assembly_s=0.144294000 factor_s=0.177519900 solve_s=0.306799000 update_s=0.065806800 K_nnz=393075 rhs_cols=1021 Vxx_nnz=1040400
FILTERDDP_TIMING iteration=82 barrier_iteration=5 stage=3 derivative_s=0.014604100 first_order_s=0.005318600 second_order_s=0.008968400 algebra_s=0.045176900 kkt_assembly_s=0.142817500 factor_s=0.177566800 solve_s=0.301269300 update_s=0.075206200 K_nnz=393075 rhs_cols=1021 Vxx_nnz=1040400
FILTERDDP_TIMING iteration=82 barrier_iteration=5 stage=2 derivative_s=0.015743100 first_order_s=0.005282800 second_order_s=0.010112400 algebra_s=0.044719300 kkt_assembly_s=0.142876800 factor_s=0.171757000 solve_s=0.310700300 update_s=0.073681900 K_nnz=393075 rhs_cols=1021 Vxx_nnz=1040400
FILTERDDP_TIMING iteration=82 barrier_iteration=5 stage=1 derivative_s=0.015650500 first_order_s=0.005423700 second_order_s=0.009898000 algebra_s=0.082516800 kkt_assembly_s=0.146766800 factor_s=0.291994800 solve_s=0.315804600 update_s=0.076004600 K_nnz=393075 rhs_cols=1021 Vxx_nnz=1040400
FILTERDDP_FEASIBILITY iteration=82 barrier_iteration=5 equality_count=1015272 equality_rms=5.172857003060e-05 equality_max=1.420461968920e-03 equality_worst_stage=24 equality_worst_index=31093 dynamics_count=23460 dynamics_rms=0.000000000000e+00 dynamics_max=0.000000000000e+00 dynamics_worst_stage=0 dynamics_worst_index=0 bound_count=1137768 bound_rms=0.000000000000e+00 bound_max=0.000000000000e+00 bound_worst_stage=0 bound_worst_index=0 bound_worst_kind=none
    82   2.68293979e+06   1.4205e-03   8.1951e-03   1.8677e-05   -3.49      -     5.0000e-01   0
FILTERDDP_ITER_TIMING iteration=82 barrier_iteration=5 backward_s=20.873612300 forward_s=0.499440300 total_s=21.373052600 outcome=accepted step_size=2.500000000e-01 backtracks=0 mu=3.200000000e-04
FILTERDDP_TIMING iteration=83 barrier_iteration=5 stage=24 derivative_s=0.031152500 first_order_s=0.008022400 second_order_s=0.022634200 algebra_s=0.057843700 kkt_assembly_s=0.293494000 factor_s=0.178581800 solve_s=0.332815800 update_s=0.071049700 K_nnz=393075 rhs_cols=1021 Vxx_nnz=1040400
FILTERDDP_TIMING iteration=83 barrier_iteration=5 stage=23 derivative_s=0.015083700 first_order_s=0.005084900 second_order_s=0.009676900 algebra_s=0.035604200 kkt_assembly_s=0.143267600 factor_s=0.228537700 solve_s=0.448179900 update_s=0.065783500 K_nnz=393075 rhs_cols=1021 Vxx_nnz=1040400
FILTERDDP_TIMING iteration=83 barrier_iteration=5 stage=22 derivative_s=0.017243100 first_order_s=0.005304300 second_order_s=0.011621200 algebra_s=0.036396500 kkt_assembly_s=0.142816400 factor_s=0.186986600 solve_s=0.311891900 update_s=0.067676000 K_nnz=393075 rhs_cols=1021 Vxx_nnz=1040400
FILTERDDP_TIMING iteration=83 barrier_iteration=5 stage=21 derivative_s=0.015335500 first_order_s=0.005186300 second_order_s=0.009818200 algebra_s=0.052279400 kkt_assembly_s=0.142020400 factor_s=0.197224800 solve_s=0.300172700 update_s=0.086153200 K_nnz=393075 rhs_cols=1021 Vxx_nnz=1040400
FILTERDDP_TIMING iteration=83 barrier_iteration=5 stage=20 derivative_s=0.016952400 first_order_s=0.005181500 second_order_s=0.011438300 algebra_s=0.037387900 kkt_assembly_s=0.142999800 factor_s=0.178157000 solve_s=0.313012900 update_s=0.067290300 K_nnz=393075 rhs_cols=1021 Vxx_nnz=1040400
FILTERDDP_TIMING iteration=83 barrier_iteration=5 stage=19 derivative_s=0.015295500 first_order_s=0.005431400 second_order_s=0.009529200 algebra_s=0.061671500 kkt_assembly_s=0.147647600 factor_s=0.181275700 solve_s=0.297156700 update_s=0.075868500 K_nnz=393075 rhs_cols=1021 Vxx_nnz=1040400
FILTERDDP_TIMING iteration=83 barrier_iteration=5 stage=18 derivative_s=0.014441300 first_order_s=0.005186900 second_order_s=0.008906600 algebra_s=0.078533100 kkt_assembly_s=0.142549200 factor_s=0.182346200 solve_s=0.390203000 update_s=0.074255000 K_nnz=393075 rhs_cols=1021 Vxx_nnz=1040400
FILTERDDP_TIMING iteration=83 barrier_iteration=5 stage=17 derivative_s=0.015598000 first_order_s=0.005251900 second_order_s=0.010000200 algebra_s=0.036902000 kkt_assembly_s=0.144279900 factor_s=0.185241900 solve_s=0.304543300 update_s=0.064950200 K_nnz=393075 rhs_cols=1021 Vxx_nnz=1040400
FILTERDDP_TIMING iteration=83 barrier_iteration=5 stage=16 derivative_s=0.015533200 first_order_s=0.005203200 second_order_s=0.009979900 algebra_s=0.068879300 kkt_assembly_s=0.145857500 factor_s=0.179921900 solve_s=0.298663300 update_s=0.072525300 K_nnz=393075 rhs_cols=1021 Vxx_nnz=1040400
FILTERDDP_TIMING iteration=83 barrier_iteration=5 stage=15 derivative_s=0.015783400 first_order_s=0.005321400 second_order_s=0.010090900 algebra_s=0.035770300 kkt_assembly_s=0.141188700 factor_s=0.205910200 solve_s=0.333166000 update_s=0.072528000 K_nnz=393075 rhs_cols=1021 Vxx_nnz=1040400
FILTERDDP_TIMING iteration=83 barrier_iteration=5 stage=14 derivative_s=0.015841900 first_order_s=0.005272300 second_order_s=0.010238900 algebra_s=0.045771200 kkt_assembly_s=0.143589100 factor_s=0.172030500 solve_s=0.303545300 update_s=0.075947000 K_nnz=393075 rhs_cols=1021 Vxx_nnz=1040400
FILTERDDP_TIMING iteration=83 barrier_iteration=5 stage=13 derivative_s=0.012378900 first_order_s=0.004945700 second_order_s=0.007116700 algebra_s=0.039745700 kkt_assembly_s=0.144606300 factor_s=0.212949900 solve_s=0.418936700 update_s=0.070632400 K_nnz=393075 rhs_cols=1021 Vxx_nnz=1040400
FILTERDDP_TIMING iteration=83 barrier_iteration=5 stage=12 derivative_s=0.015437000 first_order_s=0.005239300 second_order_s=0.009877400 algebra_s=0.035649100 kkt_assembly_s=0.141254000 factor_s=0.194184800 solve_s=0.305267600 update_s=0.071054300 K_nnz=393075 rhs_cols=1021 Vxx_nnz=1040400
FILTERDDP_TIMING iteration=83 barrier_iteration=5 stage=11 derivative_s=0.023268600 first_order_s=0.005309800 second_order_s=0.017620000 algebra_s=0.035692900 kkt_assembly_s=0.142827900 factor_s=0.177853800 solve_s=0.314859800 update_s=0.068108400 K_nnz=393075 rhs_cols=1021 Vxx_nnz=1040400
FILTERDDP_TIMING iteration=83 barrier_iteration=5 stage=10 derivative_s=0.015351000 first_order_s=0.005231000 second_order_s=0.009777700 algebra_s=0.051772900 kkt_assembly_s=0.145521300 factor_s=0.170571200 solve_s=0.305669100 update_s=0.076862900 K_nnz=393075 rhs_cols=1021 Vxx_nnz=1040400
FILTERDDP_TIMING iteration=83 barrier_iteration=5 stage=9 derivative_s=0.014217100 first_order_s=0.005000100 second_order_s=0.008888900 algebra_s=0.036007000 kkt_assembly_s=0.142457200 factor_s=0.180471800 solve_s=0.308973700 update_s=0.063615400 K_nnz=393075 rhs_cols=1021 Vxx_nnz=1040400
FILTERDDP_TIMING iteration=83 barrier_iteration=5 stage=8 derivative_s=0.015538400 first_order_s=0.005250400 second_order_s=0.009953500 algebra_s=0.061812800 kkt_assembly_s=0.159542600 factor_s=0.177005400 solve_s=0.343123000 update_s=0.176691600 K_nnz=393075 rhs_cols=1021 Vxx_nnz=1040400
FILTERDDP_TIMING iteration=83 barrier_iteration=5 stage=7 derivative_s=0.015443900 first_order_s=0.005290800 second_order_s=0.009815800 algebra_s=0.035540500 kkt_assembly_s=0.153070200 factor_s=0.183369100 solve_s=0.316984600 update_s=0.071539600 K_nnz=393075 rhs_cols=1021 Vxx_nnz=1040400
FILTERDDP_TIMING iteration=83 barrier_iteration=5 stage=6 derivative_s=0.023347500 first_order_s=0.005073800 second_order_s=0.017927400 algebra_s=0.039463600 kkt_assembly_s=0.151178200 factor_s=0.193688500 solve_s=0.323085400 update_s=0.074367400 K_nnz=393075 rhs_cols=1021 Vxx_nnz=1040400
FILTERDDP_TIMING iteration=83 barrier_iteration=5 stage=5 derivative_s=0.016733700 first_order_s=0.005846400 second_order_s=0.010516400 algebra_s=0.049981400 kkt_assembly_s=0.141617700 factor_s=0.170911000 solve_s=0.301396800 update_s=0.069470300 K_nnz=393075 rhs_cols=1021 Vxx_nnz=1040400
FILTERDDP_TIMING iteration=83 barrier_iteration=5 stage=4 derivative_s=0.015163400 first_order_s=0.005122400 second_order_s=0.009725100 algebra_s=0.035400700 kkt_assembly_s=0.142303800 factor_s=0.177073800 solve_s=0.313046500 update_s=0.066322300 K_nnz=393075 rhs_cols=1021 Vxx_nnz=1040400
FILTERDDP_TIMING iteration=83 barrier_iteration=5 stage=3 derivative_s=0.015119800 first_order_s=0.005333300 second_order_s=0.009458800 algebra_s=0.051022000 kkt_assembly_s=0.145157300 factor_s=0.173009600 solve_s=0.297320900 update_s=0.109312300 K_nnz=393075 rhs_cols=1021 Vxx_nnz=1040400
FILTERDDP_TIMING iteration=83 barrier_iteration=5 stage=2 derivative_s=0.015525800 first_order_s=0.005181600 second_order_s=0.010009200 algebra_s=0.036472900 kkt_assembly_s=0.143547000 factor_s=0.282077300 solve_s=0.304992700 update_s=0.067256400 K_nnz=393075 rhs_cols=1021 Vxx_nnz=1040400
FILTERDDP_TIMING iteration=83 barrier_iteration=5 stage=1 derivative_s=0.024848900 first_order_s=0.014610100 second_order_s=0.009920500 algebra_s=0.036527000 kkt_assembly_s=0.150849200 factor_s=0.208573100 solve_s=0.296491500 update_s=0.077860900 K_nnz=393075 rhs_cols=1021 Vxx_nnz=1040400
FILTERDDP_FEASIBILITY iteration=83 barrier_iteration=5 equality_count=1015272 equality_rms=3.961350654178e-05 equality_max=1.086984797581e-03 equality_worst_stage=24 equality_worst_index=31093 dynamics_count=23460 dynamics_rms=0.000000000000e+00 dynamics_max=0.000000000000e+00 dynamics_worst_stage=0 dynamics_worst_index=0 bound_count=1137768 bound_rms=0.000000000000e+00 bound_max=0.000000000000e+00 bound_worst_stage=0 bound_worst_index=0 bound_worst_kind=none
    83   2.68290720e+06   1.0870e-03   6.5987e-03   1.3026e-05   -3.49      -     2.5000e-01   0
FILTERDDP_ITER_TIMING iteration=83 barrier_iteration=5 backward_s=20.807864600 forward_s=0.337611900 total_s=21.145476500 outcome=accepted step_size=5.000000000e-01 backtracks=0 mu=3.200000000e-04
FILTERDDP_TIMING iteration=84 barrier_iteration=5 stage=24 derivative_s=0.017237300 first_order_s=0.005094900 second_order_s=0.011812400 algebra_s=0.043579600 kkt_assembly_s=0.254557200 factor_s=0.179966500 solve_s=0.315026200 update_s=0.067308900 K_nnz=393075 rhs_cols=1021 Vxx_nnz=1040400
FILTERDDP_TIMING iteration=84 barrier_iteration=5 stage=23 derivative_s=0.026511300 first_order_s=0.008742700 second_order_s=0.016956400 algebra_s=0.043338100 kkt_assembly_s=0.144295100 factor_s=0.222335200 solve_s=0.440928300 update_s=0.070042700 K_nnz=393075 rhs_cols=1021 Vxx_nnz=1040400
FILTERDDP_TIMING iteration=84 barrier_iteration=5 stage=22 derivative_s=0.015519000 first_order_s=0.005319200 second_order_s=0.009847500 algebra_s=0.035831600 kkt_assembly_s=0.142062300 factor_s=0.187092500 solve_s=0.332305900 update_s=0.072384100 K_nnz=393075 rhs_cols=1021 Vxx_nnz=1040400
FILTERDDP_TIMING iteration=84 barrier_iteration=5 stage=21 derivative_s=0.015526100 first_order_s=0.005231900 second_order_s=0.009876500 algebra_s=0.051423200 kkt_assembly_s=0.146685400 factor_s=0.170988100 solve_s=0.297026000 update_s=0.076324900 K_nnz=393075 rhs_cols=1021 Vxx_nnz=1040400
FILTERDDP_TIMING iteration=84 barrier_iteration=5 stage=20 derivative_s=0.015189700 first_order_s=0.005118600 second_order_s=0.009749700 algebra_s=0.035976600 kkt_assembly_s=0.141126100 factor_s=0.198335900 solve_s=0.307016300 update_s=0.072555200 K_nnz=393075 rhs_cols=1021 Vxx_nnz=1040400
FILTERDDP_TIMING iteration=84 barrier_iteration=5 stage=19 derivative_s=0.023841400 first_order_s=0.005404400 second_order_s=0.018107300 algebra_s=0.035954000 kkt_assembly_s=0.141812000 factor_s=0.181947400 solve_s=0.315406400 update_s=0.076221300 K_nnz=393075 rhs_cols=1021 Vxx_nnz=1040400
FILTERDDP_TIMING iteration=84 barrier_iteration=5 stage=18 derivative_s=0.015583300 first_order_s=0.005153000 second_order_s=0.010083500 algebra_s=0.041851300 kkt_assembly_s=0.143890600 factor_s=0.179508600 solve_s=0.341807000 update_s=0.065658100 K_nnz=393075 rhs_cols=1021 Vxx_nnz=1040400
FILTERDDP_TIMING iteration=84 barrier_iteration=5 stage=17 derivative_s=0.015813300 first_order_s=0.005435000 second_order_s=0.010033300 algebra_s=0.134880700 kkt_assembly_s=0.141638500 factor_s=0.171819400 solve_s=0.318437500 update_s=0.068287300 K_nnz=393075 rhs_cols=1021 Vxx_nnz=1040400
FILTERDDP_TIMING iteration=84 barrier_iteration=5 stage=16 derivative_s=0.015488500 first_order_s=0.005110300 second_order_s=0.010030100 algebra_s=0.035860000 kkt_assembly_s=0.141346500 factor_s=0.189677100 solve_s=0.301012800 update_s=0.073333400 K_nnz=393075 rhs_cols=1021 Vxx_nnz=1040400
FILTERDDP_TIMING iteration=84 barrier_iteration=5 stage=15 derivative_s=0.016358100 first_order_s=0.005091800 second_order_s=0.010950800 algebra_s=0.035842200 kkt_assembly_s=0.143058500 factor_s=0.201741500 solve_s=0.305632100 update_s=0.077163100 K_nnz=393075 rhs_cols=1021 Vxx_nnz=1040400
FILTERDDP_TIMING iteration=84 barrier_iteration=5 stage=14 derivative_s=0.015529300 first_order_s=0.005182400 second_order_s=0.010027000 algebra_s=0.051241700 kkt_assembly_s=0.141981800 factor_s=0.174162800 solve_s=0.318048800 update_s=0.070503300 K_nnz=393075 rhs_cols=1021 Vxx_nnz=1040400
FILTERDDP_TIMING iteration=84 barrier_iteration=5 stage=13 derivative_s=0.015219300 first_order_s=0.005094600 second_order_s=0.009788700 algebra_s=0.036750700 kkt_assembly_s=0.141274700 factor_s=0.177414200 solve_s=0.346372900 update_s=0.068251400 K_nnz=393075 rhs_cols=1021 Vxx_nnz=1040400
FILTERDDP_TIMING iteration=84 barrier_iteration=5 stage=12 derivative_s=0.016045700 first_order_s=0.005421300 second_order_s=0.010259000 algebra_s=0.135551000 kkt_assembly_s=0.150042900 factor_s=0.195796300 solve_s=0.324654900 update_s=0.076834900 K_nnz=393075 rhs_cols=1021 Vxx_nnz=1040400
FILTERDDP_TIMING iteration=84 barrier_iteration=5 stage=11 derivative_s=0.032934000 first_order_s=0.012372000 second_order_s=0.019692700 algebra_s=0.042487600 kkt_assembly_s=0.158321900 factor_s=0.197282900 solve_s=0.301885500 update_s=0.066386000 K_nnz=393075 rhs_cols=1021 Vxx_nnz=1040400
FILTERDDP_TIMING iteration=84 barrier_iteration=5 stage=10 derivative_s=0.015400900 first_order_s=0.005142800 second_order_s=0.009900200 algebra_s=0.050115700 kkt_assembly_s=0.143122900 factor_s=0.169237000 solve_s=0.318730900 update_s=0.072021600 K_nnz=393075 rhs_cols=1021 Vxx_nnz=1040400
FILTERDDP_TIMING iteration=84 barrier_iteration=5 stage=9 derivative_s=0.014372600 first_order_s=0.005715300 second_order_s=0.008328500 algebra_s=0.060997400 kkt_assembly_s=0.144410300 factor_s=0.175837500 solve_s=0.312600700 update_s=0.066005600 K_nnz=393075 rhs_cols=1021 Vxx_nnz=1040400
FILTERDDP_TIMING iteration=84 barrier_iteration=5 stage=8 derivative_s=0.024161400 first_order_s=0.005547200 second_order_s=0.018296200 algebra_s=0.036627800 kkt_assembly_s=0.143511500 factor_s=0.217455700 solve_s=0.308629700 update_s=0.165904400 K_nnz=393075 rhs_cols=1021 Vxx_nnz=1040400
FILTERDDP_TIMING iteration=84 barrier_iteration=5 stage=7 derivative_s=0.012776300 first_order_s=0.005450600 second_order_s=0.006982500 algebra_s=0.035541300 kkt_assembly_s=0.142008400 factor_s=0.181959100 solve_s=0.307525800 update_s=0.072072500 K_nnz=393075 rhs_cols=1021 Vxx_nnz=1040400
FILTERDDP_TIMING iteration=84 barrier_iteration=5 stage=6 derivative_s=0.028578600 first_order_s=0.005384500 second_order_s=0.022847500 algebra_s=0.036581500 kkt_assembly_s=0.141814500 factor_s=0.179930800 solve_s=0.305776400 update_s=0.072101200 K_nnz=393075 rhs_cols=1021 Vxx_nnz=1040400
FILTERDDP_TIMING iteration=84 barrier_iteration=5 stage=5 derivative_s=0.016678600 first_order_s=0.005301700 second_order_s=0.011054900 algebra_s=0.052271600 kkt_assembly_s=0.142766600 factor_s=0.187439400 solve_s=0.303972700 update_s=0.073325400 K_nnz=393075 rhs_cols=1021 Vxx_nnz=1040400
FILTERDDP_TIMING iteration=84 barrier_iteration=5 stage=4 derivative_s=0.015727100 first_order_s=0.005767800 second_order_s=0.009625500 algebra_s=0.035741100 kkt_assembly_s=0.144659000 factor_s=0.178364800 solve_s=0.307850100 update_s=0.072772300 K_nnz=393075 rhs_cols=1021 Vxx_nnz=1040400
FILTERDDP_TIMING iteration=84 barrier_iteration=5 stage=3 derivative_s=0.015629300 first_order_s=0.005407900 second_order_s=0.009896000 algebra_s=0.054209000 kkt_assembly_s=0.141386500 factor_s=0.173779100 solve_s=0.319518700 update_s=0.108368400 K_nnz=393075 rhs_cols=1021 Vxx_nnz=1040400
FILTERDDP_TIMING iteration=84 barrier_iteration=5 stage=2 derivative_s=0.015009400 first_order_s=0.004983000 second_order_s=0.009710700 algebra_s=0.036437700 kkt_assembly_s=0.141905300 factor_s=0.283419000 solve_s=0.308263500 update_s=0.072681600 K_nnz=393075 rhs_cols=1021 Vxx_nnz=1040400
FILTERDDP_TIMING iteration=84 barrier_iteration=5 stage=1 derivative_s=0.027068600 first_order_s=0.015441500 second_order_s=0.011282700 algebra_s=0.042618900 kkt_assembly_s=0.148005200 factor_s=0.175621200 solve_s=0.304442600 update_s=0.078168900 K_nnz=393075 rhs_cols=1021 Vxx_nnz=1040400
FILTERDDP_FEASIBILITY iteration=84 barrier_iteration=5 equality_count=1015272 equality_rms=2.178449921393e-05 equality_max=5.941933795484e-04 equality_worst_stage=24 equality_worst_index=31093 dynamics_count=23460 dynamics_rms=0.000000000000e+00 dynamics_max=0.000000000000e+00 dynamics_worst_stage=0 dynamics_worst_index=0 bound_count=1137768 bound_rms=0.000000000000e+00 bound_max=0.000000000000e+00 bound_worst_stage=0 bound_worst_index=0 bound_worst_kind=none
    84   2.68285937e+06   5.9419e-04   4.0061e-03   6.5103e-06   -3.49      -     5.0000e-01   0
FILTERDDP_ITER_TIMING iteration=84 barrier_iteration=5 backward_s=20.742274100 forward_s=0.568693500 total_s=21.310967600 outcome=accepted step_size=2.500000000e-01 backtracks=0 mu=3.200000000e-04
FILTERDDP_TIMING iteration=85 barrier_iteration=5 stage=24 derivative_s=0.026680800 first_order_s=0.006660800 second_order_s=0.019530300 algebra_s=0.051348300 kkt_assembly_s=0.254340600 factor_s=0.173493500 solve_s=0.320667000 update_s=0.070363500 K_nnz=393075 rhs_cols=1021 Vxx_nnz=1040400
FILTERDDP_TIMING iteration=85 barrier_iteration=5 stage=23 derivative_s=0.015458600 first_order_s=0.005372800 second_order_s=0.009769900 algebra_s=0.036615800 kkt_assembly_s=0.143271300 factor_s=0.221282700 solve_s=0.452234900 update_s=0.068234700 K_nnz=393075 rhs_cols=1021 Vxx_nnz=1040400
FILTERDDP_TIMING iteration=85 barrier_iteration=5 stage=22 derivative_s=0.015641200 first_order_s=0.005575500 second_order_s=0.009723100 algebra_s=0.035800200 kkt_assembly_s=0.141085200 factor_s=0.186242500 solve_s=0.309195400 update_s=0.066638100 K_nnz=393075 rhs_cols=1021 Vxx_nnz=1040400
FILTERDDP_TIMING iteration=85 barrier_iteration=5 stage=21 derivative_s=0.015116400 first_order_s=0.005209700 second_order_s=0.009587500 algebra_s=0.054029000 kkt_assembly_s=0.142986200 factor_s=0.201391900 solve_s=0.302738100 update_s=0.069177700 K_nnz=393075 rhs_cols=1021 Vxx_nnz=1040400
FILTERDDP_TIMING iteration=85 barrier_iteration=5 stage=20 derivative_s=0.012391200 first_order_s=0.005021500 second_order_s=0.007042100 algebra_s=0.035600900 kkt_assembly_s=0.144797100 factor_s=0.183930100 solve_s=0.306848400 update_s=0.067837100 K_nnz=393075 rhs_cols=1021 Vxx_nnz=1040400
FILTERDDP_TIMING iteration=85 barrier_iteration=5 stage=19 derivative_s=0.026496500 first_order_s=0.005254200 second_order_s=0.020834700 algebra_s=0.036550200 kkt_assembly_s=0.141373400 factor_s=0.182619500 solve_s=0.318934200 update_s=0.064577500 K_nnz=393075 rhs_cols=1021 Vxx_nnz=1040400
FILTERDDP_TIMING iteration=85 barrier_iteration=5 stage=18 derivative_s=0.015833600 first_order_s=0.005565700 second_order_s=0.009929300 algebra_s=0.092471700 kkt_assembly_s=0.145200200 factor_s=0.186133200 solve_s=0.402069200 update_s=0.075812400 K_nnz=393075 rhs_cols=1021 Vxx_nnz=1040400
FILTERDDP_TIMING iteration=85 barrier_iteration=5 stage=17 derivative_s=0.016850900 first_order_s=0.005386900 second_order_s=0.011122400 algebra_s=0.079382600 kkt_assembly_s=0.146453100 factor_s=0.188195700 solve_s=0.311738500 update_s=0.075119100 K_nnz=393075 rhs_cols=1021 Vxx_nnz=1040400
FILTERDDP_TIMING iteration=85 barrier_iteration=5 stage=16 derivative_s=0.016848100 first_order_s=0.005319000 second_order_s=0.011187900 algebra_s=0.052073900 kkt_assembly_s=0.146388200 factor_s=0.171075600 solve_s=0.305177300 update_s=0.067874800 K_nnz=393075 rhs_cols=1021 Vxx_nnz=1040400
FILTERDDP_TIMING iteration=85 barrier_iteration=5 stage=15 derivative_s=0.015276200 first_order_s=0.005154800 second_order_s=0.009664200 algebra_s=0.039768500 kkt_assembly_s=0.148383200 factor_s=0.196863800 solve_s=0.309324600 update_s=0.074860600 K_nnz=393075 rhs_cols=1021 Vxx_nnz=1040400
FILTERDDP_TIMING iteration=85 barrier_iteration=5 stage=14 derivative_s=0.015577600 first_order_s=0.005377200 second_order_s=0.009853700 algebra_s=0.047684900 kkt_assembly_s=0.144198800 factor_s=0.176239900 solve_s=0.309258300 update_s=0.074037500 K_nnz=393075 rhs_cols=1021 Vxx_nnz=1040400
FILTERDDP_TIMING iteration=85 barrier_iteration=5 stage=13 derivative_s=0.015099500 first_order_s=0.005040500 second_order_s=0.009741200 algebra_s=0.035771500 kkt_assembly_s=0.141631800 factor_s=0.177943300 solve_s=0.326643200 update_s=0.065253400 K_nnz=393075 rhs_cols=1021 Vxx_nnz=1040400
FILTERDDP_TIMING iteration=85 barrier_iteration=5 stage=12 derivative_s=0.018213200 first_order_s=0.005344400 second_order_s=0.012542000 algebra_s=0.095807800 kkt_assembly_s=0.170013800 factor_s=0.173629100 solve_s=0.400923500 update_s=0.072599300 K_nnz=393075 rhs_cols=1021 Vxx_nnz=1040400
FILTERDDP_TIMING iteration=85 barrier_iteration=5 stage=11 derivative_s=0.014736900 first_order_s=0.005101800 second_order_s=0.009294100 algebra_s=0.052109500 kkt_assembly_s=0.148173600 factor_s=0.178906600 solve_s=0.316080400 update_s=0.069496900 K_nnz=393075 rhs_cols=1021 Vxx_nnz=1040400
FILTERDDP_TIMING iteration=85 barrier_iteration=5 stage=10 derivative_s=0.017276300 first_order_s=0.005182000 second_order_s=0.011738600 algebra_s=0.051981000 kkt_assembly_s=0.142098900 factor_s=0.171035000 solve_s=0.308241600 update_s=0.068190700 K_nnz=393075 rhs_cols=1021 Vxx_nnz=1040400
FILTERDDP_TIMING iteration=85 barrier_iteration=5 stage=9 derivative_s=0.015336800 first_order_s=0.005209000 second_order_s=0.009794400 algebra_s=0.037394900 kkt_assembly_s=0.145433800 factor_s=0.181017700 solve_s=0.311792500 update_s=0.066614000 K_nnz=393075 rhs_cols=1021 Vxx_nnz=1040400
FILTERDDP_TIMING iteration=85 barrier_iteration=5 stage=8 derivative_s=0.015013200 first_order_s=0.004954600 second_order_s=0.009741900 algebra_s=0.056302900 kkt_assembly_s=0.142902500 factor_s=0.174543100 solve_s=0.302284600 update_s=0.083397700 K_nnz=393075 rhs_cols=1021 Vxx_nnz=1040400
FILTERDDP_TIMING iteration=85 barrier_iteration=5 stage=7 derivative_s=0.014959100 first_order_s=0.005112400 second_order_s=0.009518400 algebra_s=0.036205800 kkt_assembly_s=0.142831800 factor_s=0.189609000 solve_s=0.350187200 update_s=0.065713200 K_nnz=393075 rhs_cols=1021 Vxx_nnz=1040400
FILTERDDP_TIMING iteration=85 barrier_iteration=5 stage=6 derivative_s=0.015108900 first_order_s=0.005352000 second_order_s=0.009415300 algebra_s=0.138176400 kkt_assembly_s=0.142048400 factor_s=0.173011700 solve_s=0.313311800 update_s=0.068968000 K_nnz=393075 rhs_cols=1021 Vxx_nnz=1040400
FILTERDDP_TIMING iteration=85 barrier_iteration=5 stage=5 derivative_s=0.014854700 first_order_s=0.004990100 second_order_s=0.009526000 algebra_s=0.036904500 kkt_assembly_s=0.143980800 factor_s=0.224210000 solve_s=0.302459100 update_s=0.079186300 K_nnz=393075 rhs_cols=1021 Vxx_nnz=1040400
FILTERDDP_TIMING iteration=85 barrier_iteration=5 stage=4 derivative_s=0.015789100 first_order_s=0.005427400 second_order_s=0.009998200 algebra_s=0.037760100 kkt_assembly_s=0.143541800 factor_s=0.189792200 solve_s=0.311636100 update_s=0.065917700 K_nnz=393075 rhs_cols=1021 Vxx_nnz=1040400
FILTERDDP_TIMING iteration=85 barrier_iteration=5 stage=3 derivative_s=0.016555600 first_order_s=0.006026500 second_order_s=0.010073700 algebra_s=0.055981900 kkt_assembly_s=0.147274300 factor_s=0.171204800 solve_s=0.305666300 update_s=0.070868600 K_nnz=393075 rhs_cols=1021 Vxx_nnz=1040400
FILTERDDP_TIMING iteration=85 barrier_iteration=5 stage=2 derivative_s=0.015310600 first_order_s=0.005261500 second_order_s=0.009715800 algebra_s=0.035686500 kkt_assembly_s=0.142026200 factor_s=0.236978300 solve_s=0.393366100 update_s=0.071784900 K_nnz=393075 rhs_cols=1021 Vxx_nnz=1040400
FILTERDDP_TIMING iteration=85 barrier_iteration=5 stage=1 derivative_s=0.015133500 first_order_s=0.005293200 second_order_s=0.009477100 algebra_s=0.035773600 kkt_assembly_s=0.141780100 factor_s=0.181752400 solve_s=0.303349900 update_s=0.078771600 K_nnz=393075 rhs_cols=1021 Vxx_nnz=1040400
FILTERDDP_FEASIBILITY iteration=85 barrier_iteration=5 equality_count=1015272 equality_rms=1.648340051310e-05 equality_max=4.490954759504e-04 equality_worst_stage=24 equality_worst_index=31093 dynamics_count=23460 dynamics_rms=0.000000000000e+00 dynamics_max=0.000000000000e+00 dynamics_worst_stage=0 dynamics_worst_index=0 bound_count=1137768 bound_rms=0.000000000000e+00 bound_max=0.000000000000e+00 bound_worst_stage=0 bound_worst_index=0 bound_worst_kind=none
FILTERDDP_ITER_TIMING iteration=85 barrier_iteration=5 backward_s=20.803559100 forward_s=0.000000000 total_s=20.803559100 outcome=barrier_update step_size=2.500000000e-01 backtracks=0 mu=3.200000000e-04
FILTERDDP_TIMING iteration=85 barrier_iteration=6 stage=24 derivative_s=0.016760200 first_order_s=0.005261400 second_order_s=0.011162900 algebra_s=0.048279300 kkt_assembly_s=0.255230800 factor_s=0.177362200 solve_s=0.312203700 update_s=0.068312500 K_nnz=393075 rhs_cols=1021 Vxx_nnz=1040400
FILTERDDP_TIMING iteration=85 barrier_iteration=6 stage=23 derivative_s=0.012362500 first_order_s=0.005027400 second_order_s=0.006983700 algebra_s=0.044109100 kkt_assembly_s=0.147840300 factor_s=0.233424800 solve_s=0.459055100 update_s=0.061660200 K_nnz=393075 rhs_cols=1021 Vxx_nnz=1040400
FILTERDDP_TIMING iteration=85 barrier_iteration=6 stage=22 derivative_s=0.016819400 first_order_s=0.006284600 second_order_s=0.010197900 algebra_s=0.047999700 kkt_assembly_s=0.188168500 factor_s=0.200173400 solve_s=0.329363600 update_s=0.084273700 K_nnz=393075 rhs_cols=1021 Vxx_nnz=1040400
FILTERDDP_TIMING iteration=85 barrier_iteration=6 stage=21 derivative_s=0.018273300 first_order_s=0.007828300 second_order_s=0.009910300 algebra_s=0.047499200 kkt_assembly_s=0.166181100 factor_s=0.184492900 solve_s=0.308200500 update_s=0.076877200 K_nnz=393075 rhs_cols=1021 Vxx_nnz=1040400
FILTERDDP_TIMING iteration=85 barrier_iteration=6 stage=20 derivative_s=0.017740300 first_order_s=0.008294600 second_order_s=0.008948500 algebra_s=0.056385100 kkt_assembly_s=0.162715900 factor_s=0.198261500 solve_s=0.309197600 update_s=0.071924100 K_nnz=393075 rhs_cols=1021 Vxx_nnz=1040400
FILTERDDP_TIMING iteration=85 barrier_iteration=6 stage=19 derivative_s=0.021608600 first_order_s=0.005307600 second_order_s=0.015946700 algebra_s=0.037562000 kkt_assembly_s=0.183833300 factor_s=0.205801700 solve_s=0.321897300 update_s=0.069755100 K_nnz=393075 rhs_cols=1021 Vxx_nnz=1040400
FILTERDDP_TIMING iteration=85 barrier_iteration=6 stage=18 derivative_s=0.015467600 first_order_s=0.005689700 second_order_s=0.009402900 algebra_s=0.047843000 kkt_assembly_s=0.147803800 factor_s=0.174231600 solve_s=0.342951000 update_s=0.190173300 K_nnz=393075 rhs_cols=1021 Vxx_nnz=1040400
FILTERDDP_TIMING iteration=85 barrier_iteration=6 stage=17 derivative_s=0.019055100 first_order_s=0.007227700 second_order_s=0.011432700 algebra_s=0.049196100 kkt_assembly_s=0.147805300 factor_s=0.185723800 solve_s=0.306890800 update_s=0.066640800 K_nnz=393075 rhs_cols=1021 Vxx_nnz=1040400
FILTERDDP_TIMING iteration=85 barrier_iteration=6 stage=16 derivative_s=0.024622300 first_order_s=0.005264100 second_order_s=0.018998800 algebra_s=0.036289200 kkt_assembly_s=0.173324400 factor_s=0.178826000 solve_s=0.311903700 update_s=0.066713400 K_nnz=393075 rhs_cols=1021 Vxx_nnz=1040400
FILTERDDP_TIMING iteration=85 barrier_iteration=6 stage=15 derivative_s=0.016160200 first_order_s=0.005299700 second_order_s=0.010531700 algebra_s=0.046245200 kkt_assembly_s=0.142071900 factor_s=0.197567300 solve_s=0.297385700 update_s=0.072149900 K_nnz=393075 rhs_cols=1021 Vxx_nnz=1040400
FILTERDDP_TIMING iteration=85 barrier_iteration=6 stage=14 derivative_s=0.015333500 first_order_s=0.005304500 second_order_s=0.009713600 algebra_s=0.037772000 kkt_assembly_s=0.141499100 factor_s=0.182162300 solve_s=0.311189900 update_s=0.066157100 K_nnz=393075 rhs_cols=1021 Vxx_nnz=1040400
FILTERDDP_TIMING iteration=85 barrier_iteration=6 stage=13 derivative_s=0.015457000 first_order_s=0.005319400 second_order_s=0.009812800 algebra_s=0.048175100 kkt_assembly_s=0.143344500 factor_s=0.230822000 solve_s=0.298865500 update_s=0.172300800 K_nnz=393075 rhs_cols=1021 Vxx_nnz=1040400
FILTERDDP_TIMING iteration=85 barrier_iteration=6 stage=12 derivative_s=0.015205500 first_order_s=0.005317200 second_order_s=0.009551400 algebra_s=0.035348500 kkt_assembly_s=0.141415100 factor_s=0.176926200 solve_s=0.318328200 update_s=0.069453300 K_nnz=393075 rhs_cols=1021 Vxx_nnz=1040400
FILTERDDP_TIMING iteration=85 barrier_iteration=6 stage=11 derivative_s=0.025605200 first_order_s=0.005055200 second_order_s=0.020214100 algebra_s=0.035280100 kkt_assembly_s=0.145179900 factor_s=0.176408400 solve_s=0.310683200 update_s=0.076172100 K_nnz=393075 rhs_cols=1021 Vxx_nnz=1040400
FILTERDDP_TIMING iteration=85 barrier_iteration=6 stage=10 derivative_s=0.015458100 first_order_s=0.005084800 second_order_s=0.010024400 algebra_s=0.045764400 kkt_assembly_s=0.146962100 factor_s=0.177256300 solve_s=0.332374300 update_s=0.076320500 K_nnz=393075 rhs_cols=1021 Vxx_nnz=1040400
FILTERDDP_TIMING iteration=85 barrier_iteration=6 stage=9 derivative_s=0.015575300 first_order_s=0.005497800 second_order_s=0.009744300 algebra_s=0.035679700 kkt_assembly_s=0.140895700 factor_s=0.178169200 solve_s=0.308856700 update_s=0.068988700 K_nnz=393075 rhs_cols=1021 Vxx_nnz=1040400
FILTERDDP_TIMING iteration=85 barrier_iteration=6 stage=8 derivative_s=0.015376300 first_order_s=0.005218800 second_order_s=0.009839200 algebra_s=0.047003800 kkt_assembly_s=0.142330800 factor_s=0.171692800 solve_s=0.340449200 update_s=0.175597600 K_nnz=393075 rhs_cols=1021 Vxx_nnz=1040400
FILTERDDP_TIMING iteration=85 barrier_iteration=6 stage=7 derivative_s=0.012602900 first_order_s=0.005086900 second_order_s=0.007176800 algebra_s=0.038932100 kkt_assembly_s=0.142951800 factor_s=0.172903100 solve_s=0.314232000 update_s=0.067868700 K_nnz=393075 rhs_cols=1021 Vxx_nnz=1040400
FILTERDDP_TIMING iteration=85 barrier_iteration=6 stage=6 derivative_s=0.024821000 first_order_s=0.005206800 second_order_s=0.019196100 algebra_s=0.035572000 kkt_assembly_s=0.141734500 factor_s=0.181028800 solve_s=0.316341600 update_s=0.067203700 K_nnz=393075 rhs_cols=1021 Vxx_nnz=1040400
FILTERDDP_TIMING iteration=85 barrier_iteration=6 stage=5 derivative_s=0.015317700 first_order_s=0.005237000 second_order_s=0.009754700 algebra_s=0.054351400 kkt_assembly_s=0.145679100 factor_s=0.178753700 solve_s=0.310041800 update_s=0.072254400 K_nnz=393075 rhs_cols=1021 Vxx_nnz=1040400
FILTERDDP_TIMING iteration=85 barrier_iteration=6 stage=4 derivative_s=0.015970300 first_order_s=0.005428700 second_order_s=0.010036500 algebra_s=0.036381700 kkt_assembly_s=0.150381400 factor_s=0.198663200 solve_s=0.316866600 update_s=0.060555200 K_nnz=393075 rhs_cols=1021 Vxx_nnz=1040400
FILTERDDP_TIMING iteration=85 barrier_iteration=6 stage=3 derivative_s=0.012896000 first_order_s=0.005394700 second_order_s=0.007138300 algebra_s=0.048176100 kkt_assembly_s=0.179622600 factor_s=0.229361000 solve_s=0.300398600 update_s=0.161253100 K_nnz=393075 rhs_cols=1021 Vxx_nnz=1040400
FILTERDDP_TIMING iteration=85 barrier_iteration=6 stage=2 derivative_s=0.016835600 first_order_s=0.005145600 second_order_s=0.011358300 algebra_s=0.035610900 kkt_assembly_s=0.141645200 factor_s=0.176218600 solve_s=0.307678000 update_s=0.071063300 K_nnz=393075 rhs_cols=1021 Vxx_nnz=1040400
FILTERDDP_TIMING iteration=85 barrier_iteration=6 stage=1 derivative_s=0.025528300 first_order_s=0.015381200 second_order_s=0.009810500 algebra_s=0.040394100 kkt_assembly_s=0.145333200 factor_s=0.177967600 solve_s=0.311397100 update_s=0.077070100 K_nnz=393075 rhs_cols=1021 Vxx_nnz=1040400
FILTERDDP_FEASIBILITY iteration=85 barrier_iteration=6 equality_count=1015272 equality_rms=1.648340051310e-05 equality_max=4.490954759504e-04 equality_worst_stage=24 equality_worst_index=31093 dynamics_count=23460 dynamics_rms=0.000000000000e+00 dynamics_max=0.000000000000e+00 dynamics_worst_stage=0 dynamics_worst_index=0 bound_count=1137768 bound_rms=0.000000000000e+00 bound_max=0.000000000000e+00 bound_worst_stage=0 bound_worst_index=0 bound_worst_kind=none
    85   2.68284791e+06   4.4910e-04   2.8484e-03   4.4318e-06   -4.19      -     2.5000e-01   0
FILTERDDP_ITER_TIMING iteration=85 barrier_iteration=6 backward_s=21.046625600 forward_s=0.649395400 total_s=21.696021000 outcome=accepted step_size=2.500000000e-01 backtracks=0 mu=6.400000000e-05
FILTERDDP_TIMING iteration=86 barrier_iteration=6 stage=24 derivative_s=0.032667700 first_order_s=0.008545100 second_order_s=0.023644300 algebra_s=0.043716800 kkt_assembly_s=0.254621300 factor_s=0.174422900 solve_s=0.325659700 update_s=0.073109200 K_nnz=393075 rhs_cols=1021 Vxx_nnz=1040400
FILTERDDP_TIMING iteration=86 barrier_iteration=6 stage=23 derivative_s=0.016665400 first_order_s=0.005448600 second_order_s=0.010897500 algebra_s=0.036564900 kkt_assembly_s=0.150210200 factor_s=0.232561800 solve_s=0.465824300 update_s=0.066447100 K_nnz=393075 rhs_cols=1021 Vxx_nnz=1040400
FILTERDDP_TIMING iteration=86 barrier_iteration=6 stage=22 derivative_s=0.012497600 first_order_s=0.005391500 second_order_s=0.006791200 algebra_s=0.034592300 kkt_assembly_s=0.142244000 factor_s=0.188424300 solve_s=0.329493300 update_s=0.066350200 K_nnz=393075 rhs_cols=1021 Vxx_nnz=1040400
FILTERDDP_TIMING iteration=86 barrier_iteration=6 stage=21 derivative_s=0.012830600 first_order_s=0.005284300 second_order_s=0.007197800 algebra_s=0.051120400 kkt_assembly_s=0.143716700 factor_s=0.172827600 solve_s=0.299373100 update_s=0.071075700 K_nnz=393075 rhs_cols=1021 Vxx_nnz=1040400
FILTERDDP_TIMING iteration=86 barrier_iteration=6 stage=20 derivative_s=0.015115100 first_order_s=0.005180300 second_order_s=0.009612500 algebra_s=0.035565700 kkt_assembly_s=0.145357600 factor_s=0.181729300 solve_s=0.299923200 update_s=0.069469600 K_nnz=393075 rhs_cols=1021 Vxx_nnz=1040400
FILTERDDP_TIMING iteration=86 barrier_iteration=6 stage=19 derivative_s=0.028084300 first_order_s=0.005092800 second_order_s=0.022645200 algebra_s=0.035953200 kkt_assembly_s=0.143877300 factor_s=0.181071300 solve_s=0.325791400 update_s=0.065743800 K_nnz=393075 rhs_cols=1021 Vxx_nnz=1040400
FILTERDDP_TIMING iteration=86 barrier_iteration=6 stage=18 derivative_s=0.015237100 first_order_s=0.005264300 second_order_s=0.009624700 algebra_s=0.084236600 kkt_assembly_s=0.146537900 factor_s=0.173280300 solve_s=0.399319100 update_s=0.063943700 K_nnz=393075 rhs_cols=1021 Vxx_nnz=1040400
FILTERDDP_TIMING iteration=86 barrier_iteration=6 stage=17 derivative_s=0.022803300 first_order_s=0.007937100 second_order_s=0.014274700 algebra_s=0.037403600 kkt_assembly_s=0.144127700 factor_s=0.183893000 solve_s=0.318039600 update_s=0.071779100 K_nnz=393075 rhs_cols=1021 Vxx_nnz=1040400
FILTERDDP_TIMING iteration=86 barrier_iteration=6 stage=16 derivative_s=0.020101900 first_order_s=0.005389100 second_order_s=0.014377700 algebra_s=0.049682500 kkt_assembly_s=0.144214900 factor_s=0.173397000 solve_s=0.302111300 update_s=0.073668900 K_nnz=393075 rhs_cols=1021 Vxx_nnz=1040400
FILTERDDP_TIMING iteration=86 barrier_iteration=6 stage=15 derivative_s=0.015874700 first_order_s=0.005003000 second_order_s=0.010555500 algebra_s=0.035357700 kkt_assembly_s=0.142893800 factor_s=0.182888200 solve_s=0.301786000 update_s=0.066928400 K_nnz=393075 rhs_cols=1021 Vxx_nnz=1040400
FILTERDDP_TIMING iteration=86 barrier_iteration=6 stage=14 derivative_s=0.012549500 first_order_s=0.005132300 second_order_s=0.007060100 algebra_s=0.052329300 kkt_assembly_s=0.144413500 factor_s=0.194715600 solve_s=0.304017300 update_s=0.072927900 K_nnz=393075 rhs_cols=1021 Vxx_nnz=1040400
FILTERDDP_TIMING iteration=86 barrier_iteration=6 stage=13 derivative_s=0.015253000 first_order_s=0.005156400 second_order_s=0.009767200 algebra_s=0.036019600 kkt_assembly_s=0.142041400 factor_s=0.188303000 solve_s=0.349971700 update_s=0.071187500 K_nnz=393075 rhs_cols=1021 Vxx_nnz=1040400
FILTERDDP_TIMING iteration=86 barrier_iteration=6 stage=12 derivative_s=0.015323000 first_order_s=0.005085100 second_order_s=0.009891400 algebra_s=0.137590100 kkt_assembly_s=0.147299400 factor_s=0.173024200 solve_s=0.298297800 update_s=0.065288300 K_nnz=393075 rhs_cols=1021 Vxx_nnz=1040400
FILTERDDP_TIMING iteration=86 barrier_iteration=6 stage=11 derivative_s=0.015135900 first_order_s=0.005122100 second_order_s=0.009663100 algebra_s=0.051017200 kkt_assembly_s=0.150398000 factor_s=0.182541400 solve_s=0.335153200 update_s=0.068337800 K_nnz=393075 rhs_cols=1021 Vxx_nnz=1040400
FILTERDDP_TIMING iteration=86 barrier_iteration=6 stage=10 derivative_s=0.016007300 first_order_s=0.005326300 second_order_s=0.010332900 algebra_s=0.059038200 kkt_assembly_s=0.145531000 factor_s=0.183552700 solve_s=0.318103300 update_s=0.079918700 K_nnz=393075 rhs_cols=1021 Vxx_nnz=1040400
FILTERDDP_TIMING iteration=86 barrier_iteration=6 stage=9 derivative_s=0.016439600 first_order_s=0.007387500 second_order_s=0.008528100 algebra_s=0.052536200 kkt_assembly_s=0.164241100 factor_s=0.181171700 solve_s=0.306533500 update_s=0.069589500 K_nnz=393075 rhs_cols=1021 Vxx_nnz=1040400
FILTERDDP_TIMING iteration=86 barrier_iteration=6 stage=8 derivative_s=0.016293800 first_order_s=0.005474400 second_order_s=0.010457300 algebra_s=0.046141900 kkt_assembly_s=0.149194500 factor_s=0.211023900 solve_s=0.298591400 update_s=0.163325000 K_nnz=393075 rhs_cols=1021 Vxx_nnz=1040400
FILTERDDP_TIMING iteration=86 barrier_iteration=6 stage=7 derivative_s=0.012455400 first_order_s=0.005042400 second_order_s=0.007028900 algebra_s=0.034689600 kkt_assembly_s=0.142042500 factor_s=0.178019300 solve_s=0.316011200 update_s=0.068342800 K_nnz=393075 rhs_cols=1021 Vxx_nnz=1040400
FILTERDDP_TIMING iteration=86 barrier_iteration=6 stage=6 derivative_s=0.038114400 first_order_s=0.009220600 second_order_s=0.028386500 algebra_s=0.052517600 kkt_assembly_s=0.151669700 factor_s=0.179072000 solve_s=0.326229000 update_s=0.065796800 K_nnz=393075 rhs_cols=1021 Vxx_nnz=1040400
FILTERDDP_TIMING iteration=86 barrier_iteration=6 stage=5 derivative_s=0.015417500 first_order_s=0.005180900 second_order_s=0.009878800 algebra_s=0.045356400 kkt_assembly_s=0.144970000 factor_s=0.181843700 solve_s=0.301875700 update_s=0.073230000 K_nnz=393075 rhs_cols=1021 Vxx_nnz=1040400
FILTERDDP_TIMING iteration=86 barrier_iteration=6 stage=4 derivative_s=0.015006200 first_order_s=0.005089900 second_order_s=0.009585000 algebra_s=0.036093300 kkt_assembly_s=0.147148500 factor_s=0.188707000 solve_s=0.289643600 update_s=0.064770400 K_nnz=393075 rhs_cols=1021 Vxx_nnz=1040400
FILTERDDP_TIMING iteration=86 barrier_iteration=6 stage=3 derivative_s=0.015344200 first_order_s=0.005177100 second_order_s=0.009835000 algebra_s=0.050317300 kkt_assembly_s=0.144012500 factor_s=0.175005600 solve_s=0.307034200 update_s=0.125133800 K_nnz=393075 rhs_cols=1021 Vxx_nnz=1040400
FILTERDDP_TIMING iteration=86 barrier_iteration=6 stage=2 derivative_s=0.013861600 first_order_s=0.005779500 second_order_s=0.007732300 algebra_s=0.051271100 kkt_assembly_s=0.146057000 factor_s=0.288380100 solve_s=0.300767700 update_s=0.065500200 K_nnz=393075 rhs_cols=1021 Vxx_nnz=1040400
FILTERDDP_TIMING iteration=86 barrier_iteration=6 stage=1 derivative_s=0.024806300 first_order_s=0.005282900 second_order_s=0.019200400 algebra_s=0.049235700 kkt_assembly_s=0.148748500 factor_s=0.175571900 solve_s=0.310371100 update_s=0.077784700 K_nnz=393075 rhs_cols=1021 Vxx_nnz=1040400
FILTERDDP_FEASIBILITY iteration=86 barrier_iteration=6 equality_count=1015272 equality_rms=1.307081467679e-05 equality_max=3.541068829449e-04 equality_worst_stage=24 equality_worst_index=31093 dynamics_count=23460 dynamics_rms=0.000000000000e+00 dynamics_max=0.000000000000e+00 dynamics_worst_stage=0 dynamics_worst_index=0 bound_count=1137768 bound_rms=0.000000000000e+00 bound_max=0.000000000000e+00 bound_worst_stage=0 bound_worst_index=0 bound_worst_kind=none
    86   2.68281934e+06   3.5411e-04   2.4561e-03   3.3065e-06   -4.19      -     2.5000e-01   0
FILTERDDP_ITER_TIMING iteration=86 barrier_iteration=6 backward_s=20.779856000 forward_s=0.320232600 total_s=21.100088600 outcome=accepted step_size=5.000000000e-01 backtracks=0 mu=6.400000000e-05
FILTERDDP_TIMING iteration=87 barrier_iteration=6 stage=24 derivative_s=0.033416100 first_order_s=0.007714200 second_order_s=0.025383200 algebra_s=0.053900700 kkt_assembly_s=0.265694300 factor_s=0.210404300 solve_s=0.327422900 update_s=0.065389000 K_nnz=393075 rhs_cols=1021 Vxx_nnz=1040400
FILTERDDP_TIMING iteration=87 barrier_iteration=6 stage=23 derivative_s=0.014503300 first_order_s=0.005315900 second_order_s=0.008821700 algebra_s=0.036358300 kkt_assembly_s=0.142715900 factor_s=0.222430900 solve_s=0.446121600 update_s=0.075390200 K_nnz=393075 rhs_cols=1021 Vxx_nnz=1040400
FILTERDDP_TIMING iteration=87 barrier_iteration=6 stage=22 derivative_s=0.016422200 first_order_s=0.005061100 second_order_s=0.011013800 algebra_s=0.036114800 kkt_assembly_s=0.142291500 factor_s=0.183164200 solve_s=0.314434900 update_s=0.067059300 K_nnz=393075 rhs_cols=1021 Vxx_nnz=1040400
FILTERDDP_TIMING iteration=87 barrier_iteration=6 stage=21 derivative_s=0.015647900 first_order_s=0.005231400 second_order_s=0.010088800 algebra_s=0.044854200 kkt_assembly_s=0.147504100 factor_s=0.176733000 solve_s=0.308894400 update_s=0.063383200 K_nnz=393075 rhs_cols=1021 Vxx_nnz=1040400
FILTERDDP_TIMING iteration=87 barrier_iteration=6 stage=20 derivative_s=0.015470500 first_order_s=0.005325600 second_order_s=0.009723100 algebra_s=0.059109200 kkt_assembly_s=0.142893300 factor_s=0.172095600 solve_s=0.310387100 update_s=0.087274300 K_nnz=393075 rhs_cols=1021 Vxx_nnz=1040400
FILTERDDP_TIMING iteration=87 barrier_iteration=6 stage=19 derivative_s=0.015840800 first_order_s=0.005345000 second_order_s=0.010144300 algebra_s=0.035746700 kkt_assembly_s=0.143771000 factor_s=0.216969000 solve_s=0.401773400 update_s=0.063557400 K_nnz=393075 rhs_cols=1021 Vxx_nnz=1040400
FILTERDDP_TIMING iteration=87 barrier_iteration=6 stage=18 derivative_s=0.016098500 first_order_s=0.005139900 second_order_s=0.010635000 algebra_s=0.035420100 kkt_assembly_s=0.140366000 factor_s=0.176799100 solve_s=0.334031100 update_s=0.072929300 K_nnz=393075 rhs_cols=1021 Vxx_nnz=1040400
FILTERDDP_TIMING iteration=87 barrier_iteration=6 stage=17 derivative_s=0.015738700 first_order_s=0.005483400 second_order_s=0.009913800 algebra_s=0.045078900 kkt_assembly_s=0.140736500 factor_s=0.179884400 solve_s=0.298170200 update_s=0.079190800 K_nnz=393075 rhs_cols=1021 Vxx_nnz=1040400
FILTERDDP_TIMING iteration=87 barrier_iteration=6 stage=16 derivative_s=0.015141700 first_order_s=0.005214900 second_order_s=0.009609000 algebra_s=0.042674500 kkt_assembly_s=0.144282300 factor_s=0.170409600 solve_s=0.309481300 update_s=0.078006100 K_nnz=393075 rhs_cols=1021 Vxx_nnz=1040400
FILTERDDP_TIMING iteration=87 barrier_iteration=6 stage=15 derivative_s=0.016054700 first_order_s=0.005464400 second_order_s=0.010161600 algebra_s=0.036686800 kkt_assembly_s=0.175137800 factor_s=0.190683900 solve_s=0.327350300 update_s=0.064269200 K_nnz=393075 rhs_cols=1021 Vxx_nnz=1040400
FILTERDDP_TIMING iteration=87 barrier_iteration=6 stage=14 derivative_s=0.016878000 first_order_s=0.006093600 second_order_s=0.010405800 algebra_s=0.049396800 kkt_assembly_s=0.145142500 factor_s=0.187725900 solve_s=0.344255000 update_s=0.177086700 K_nnz=393075 rhs_cols=1021 Vxx_nnz=1040400
FILTERDDP_TIMING iteration=87 barrier_iteration=6 stage=13 derivative_s=0.015684300 first_order_s=0.004975100 second_order_s=0.010391300 algebra_s=0.035726100 kkt_assembly_s=0.143137900 factor_s=0.180137600 solve_s=0.302532600 update_s=0.065113200 K_nnz=393075 rhs_cols=1021 Vxx_nnz=1040400
FILTERDDP_TIMING iteration=87 barrier_iteration=6 stage=12 derivative_s=0.016715500 first_order_s=0.005034000 second_order_s=0.011354200 algebra_s=0.046133100 kkt_assembly_s=0.143371400 factor_s=0.209139900 solve_s=0.315052400 update_s=0.075448300 K_nnz=393075 rhs_cols=1021 Vxx_nnz=1040400
FILTERDDP_TIMING iteration=87 barrier_iteration=6 stage=11 derivative_s=0.014914800 first_order_s=0.004970700 second_order_s=0.009627100 algebra_s=0.042042300 kkt_assembly_s=0.141420900 factor_s=0.181023700 solve_s=0.307441900 update_s=0.073454000 K_nnz=393075 rhs_cols=1021 Vxx_nnz=1040400
FILTERDDP_TIMING iteration=87 barrier_iteration=6 stage=10 derivative_s=0.015110100 first_order_s=0.005063700 second_order_s=0.009711900 algebra_s=0.036179800 kkt_assembly_s=0.147742400 factor_s=0.183232500 solve_s=0.318924800 update_s=0.066896200 K_nnz=393075 rhs_cols=1021 Vxx_nnz=1040400
FILTERDDP_TIMING iteration=87 barrier_iteration=6 stage=9 derivative_s=0.013544900 first_order_s=0.005619700 second_order_s=0.007583100 algebra_s=0.056574500 kkt_assembly_s=0.144954100 factor_s=0.171067900 solve_s=0.300841200 update_s=0.078568100 K_nnz=393075 rhs_cols=1021 Vxx_nnz=1040400
FILTERDDP_TIMING iteration=87 barrier_iteration=6 stage=8 derivative_s=0.015583700 first_order_s=0.005164600 second_order_s=0.010078100 algebra_s=0.036259200 kkt_assembly_s=0.143297800 factor_s=0.218625200 solve_s=0.405175200 update_s=0.070789500 K_nnz=393075 rhs_cols=1021 Vxx_nnz=1040400
FILTERDDP_TIMING iteration=87 barrier_iteration=6 stage=7 derivative_s=0.015384900 first_order_s=0.005111200 second_order_s=0.009948000 algebra_s=0.035474000 kkt_assembly_s=0.142504000 factor_s=0.192250200 solve_s=0.304345000 update_s=0.076397700 K_nnz=393075 rhs_cols=1021 Vxx_nnz=1040400
FILTERDDP_TIMING iteration=87 barrier_iteration=6 stage=6 derivative_s=0.024522800 first_order_s=0.017417600 second_order_s=0.006753700 algebra_s=0.035677500 kkt_assembly_s=0.172113900 factor_s=0.179247900 solve_s=0.314226000 update_s=0.074288500 K_nnz=393075 rhs_cols=1021 Vxx_nnz=1040400
FILTERDDP_TIMING iteration=87 barrier_iteration=6 stage=5 derivative_s=0.016323700 first_order_s=0.005613000 second_order_s=0.010368700 algebra_s=0.053135500 kkt_assembly_s=0.143016100 factor_s=0.170653400 solve_s=0.311750400 update_s=0.072139700 K_nnz=393075 rhs_cols=1021 Vxx_nnz=1040400
FILTERDDP_TIMING iteration=87 barrier_iteration=6 stage=4 derivative_s=0.015156700 first_order_s=0.005099400 second_order_s=0.009729000 algebra_s=0.035819300 kkt_assembly_s=0.142161900 factor_s=0.176195100 solve_s=0.306985900 update_s=0.066630200 K_nnz=393075 rhs_cols=1021 Vxx_nnz=1040400
FILTERDDP_TIMING iteration=87 barrier_iteration=6 stage=3 derivative_s=0.023571900 first_order_s=0.008261800 second_order_s=0.014830700 algebra_s=0.051407000 kkt_assembly_s=0.144441900 factor_s=0.211138400 solve_s=0.303664200 update_s=0.167747700 K_nnz=393075 rhs_cols=1021 Vxx_nnz=1040400
FILTERDDP_TIMING iteration=87 barrier_iteration=6 stage=2 derivative_s=0.015261500 first_order_s=0.005388800 second_order_s=0.009556600 algebra_s=0.035245200 kkt_assembly_s=0.142775800 factor_s=0.197139300 solve_s=0.304555700 update_s=0.076253100 K_nnz=393075 rhs_cols=1021 Vxx_nnz=1040400
FILTERDDP_TIMING iteration=87 barrier_iteration=6 stage=1 derivative_s=0.030596100 first_order_s=0.005413300 second_order_s=0.024851300 algebra_s=0.038672600 kkt_assembly_s=0.148346400 factor_s=0.187254900 solve_s=0.321297500 update_s=0.069791100 K_nnz=393075 rhs_cols=1021 Vxx_nnz=1040400
FILTERDDP_FEASIBILITY iteration=87 barrier_iteration=6 equality_count=1015272 equality_rms=8.304252155832e-06 equality_max=2.176125112925e-04 equality_worst_stage=24 equality_worst_index=31093 dynamics_count=23460 dynamics_rms=0.000000000000e+00 dynamics_max=0.000000000000e+00 dynamics_worst_stage=0 dynamics_worst_index=0 bound_count=1137768 bound_rms=0.000000000000e+00 bound_max=0.000000000000e+00 bound_worst_stage=0 bound_worst_index=0 bound_worst_kind=none
    87   2.68277766e+06   2.1761e-04   1.1842e-03   1.7803e-06   -4.19      -     5.0000e-01   0
FILTERDDP_ITER_TIMING iteration=87 barrier_iteration=6 backward_s=20.862621600 forward_s=0.363417100 total_s=21.226038700 outcome=accepted step_size=5.000000000e-01 backtracks=0 mu=6.400000000e-05
FILTERDDP_TIMING iteration=88 barrier_iteration=6 stage=24 derivative_s=0.031025800 first_order_s=0.007720800 second_order_s=0.022851500 algebra_s=0.063558600 kkt_assembly_s=0.254527300 factor_s=0.177844300 solve_s=0.328322000 update_s=0.070887800 K_nnz=393075 rhs_cols=1021 Vxx_nnz=1040400
FILTERDDP_TIMING iteration=88 barrier_iteration=6 stage=23 derivative_s=0.016766500 first_order_s=0.005055400 second_order_s=0.011368300 algebra_s=0.049742200 kkt_assembly_s=0.146342300 factor_s=0.224543600 solve_s=0.459958000 update_s=0.067699900 K_nnz=393075 rhs_cols=1021 Vxx_nnz=1040400
FILTERDDP_TIMING iteration=88 barrier_iteration=6 stage=22 derivative_s=0.017825700 first_order_s=0.006167000 second_order_s=0.011316000 algebra_s=0.043451600 kkt_assembly_s=0.147292400 factor_s=0.202353400 solve_s=0.310563500 update_s=0.070994000 K_nnz=393075 rhs_cols=1021 Vxx_nnz=1040400
FILTERDDP_TIMING iteration=88 barrier_iteration=6 stage=21 derivative_s=0.034569900 first_order_s=0.011414700 second_order_s=0.021378200 algebra_s=0.061744300 kkt_assembly_s=0.160794700 factor_s=0.181932200 solve_s=0.308421200 update_s=0.078531700 K_nnz=393075 rhs_cols=1021 Vxx_nnz=1040400
FILTERDDP_TIMING iteration=88 barrier_iteration=6 stage=20 derivative_s=0.024095700 first_order_s=0.008437600 second_order_s=0.015165700 algebra_s=0.046850800 kkt_assembly_s=0.152061400 factor_s=0.215773900 solve_s=0.302499800 update_s=0.067465400 K_nnz=393075 rhs_cols=1021 Vxx_nnz=1040400
FILTERDDP_TIMING iteration=88 barrier_iteration=6 stage=19 derivative_s=0.024798100 first_order_s=0.005521900 second_order_s=0.018738200 algebra_s=0.036911200 kkt_assembly_s=0.141444600 factor_s=0.176988900 solve_s=0.308125500 update_s=0.090876100 K_nnz=393075 rhs_cols=1021 Vxx_nnz=1040400
FILTERDDP_TIMING iteration=88 barrier_iteration=6 stage=18 derivative_s=0.032252500 first_order_s=0.012967800 second_order_s=0.018432700 algebra_s=0.098195700 kkt_assembly_s=0.149450600 factor_s=0.175802000 solve_s=0.404579100 update_s=0.075102300 K_nnz=393075 rhs_cols=1021 Vxx_nnz=1040400
FILTERDDP_TIMING iteration=88 barrier_iteration=6 stage=17 derivative_s=0.016820300 first_order_s=0.005153100 second_order_s=0.011311300 algebra_s=0.035452600 kkt_assembly_s=0.143163600 factor_s=0.193215300 solve_s=0.322867000 update_s=0.073612900 K_nnz=393075 rhs_cols=1021 Vxx_nnz=1040400
FILTERDDP_TIMING iteration=88 barrier_iteration=6 stage=16 derivative_s=0.015456400 first_order_s=0.005163100 second_order_s=0.009973000 algebra_s=0.046663000 kkt_assembly_s=0.141090500 factor_s=0.171729400 solve_s=0.301600100 update_s=0.080739300 K_nnz=393075 rhs_cols=1021 Vxx_nnz=1040400
FILTERDDP_TIMING iteration=88 barrier_iteration=6 stage=15 derivative_s=0.018343000 first_order_s=0.005158500 second_order_s=0.012832500 algebra_s=0.035233800 kkt_assembly_s=0.140808300 factor_s=0.177580300 solve_s=0.312551500 update_s=0.065579900 K_nnz=393075 rhs_cols=1021 Vxx_nnz=1040400
FILTERDDP_TIMING iteration=88 barrier_iteration=6 stage=14 derivative_s=0.015805600 first_order_s=0.005659300 second_order_s=0.009811300 algebra_s=0.045954200 kkt_assembly_s=0.143067800 factor_s=0.175349900 solve_s=0.313227900 update_s=0.073333300 K_nnz=393075 rhs_cols=1021 Vxx_nnz=1040400
FILTERDDP_TIMING iteration=88 barrier_iteration=6 stage=13 derivative_s=0.015161700 first_order_s=0.005028300 second_order_s=0.009811400 algebra_s=0.036549400 kkt_assembly_s=0.145447500 factor_s=0.182697900 solve_s=0.370254800 update_s=0.070927900 K_nnz=393075 rhs_cols=1021 Vxx_nnz=1040400
FILTERDDP_TIMING iteration=88 barrier_iteration=6 stage=12 derivative_s=0.015584100 first_order_s=0.005260500 second_order_s=0.009979700 algebra_s=0.145349600 kkt_assembly_s=0.153076800 factor_s=0.171972300 solve_s=0.302095900 update_s=0.076684900 K_nnz=393075 rhs_cols=1021 Vxx_nnz=1040400
FILTERDDP_TIMING iteration=88 barrier_iteration=6 stage=11 derivative_s=0.015601200 first_order_s=0.005409200 second_order_s=0.009874800 algebra_s=0.035500800 kkt_assembly_s=0.144214300 factor_s=0.180925500 solve_s=0.321066900 update_s=0.073946000 K_nnz=393075 rhs_cols=1021 Vxx_nnz=1040400
FILTERDDP_TIMING iteration=88 barrier_iteration=6 stage=10 derivative_s=0.015584600 first_order_s=0.005537200 second_order_s=0.009721500 algebra_s=0.047002000 kkt_assembly_s=0.140051200 factor_s=0.171877300 solve_s=0.313751100 update_s=0.070938700 K_nnz=393075 rhs_cols=1021 Vxx_nnz=1040400
FILTERDDP_TIMING iteration=88 barrier_iteration=6 stage=9 derivative_s=0.015409700 first_order_s=0.005090000 second_order_s=0.009980500 algebra_s=0.048431200 kkt_assembly_s=0.151512300 factor_s=0.175703400 solve_s=0.306696000 update_s=0.070269400 K_nnz=393075 rhs_cols=1021 Vxx_nnz=1040400
FILTERDDP_TIMING iteration=88 barrier_iteration=6 stage=8 derivative_s=0.023899100 first_order_s=0.005257700 second_order_s=0.018291100 algebra_s=0.046936000 kkt_assembly_s=0.154818400 factor_s=0.196226800 solve_s=0.305733200 update_s=0.091712700 K_nnz=393075 rhs_cols=1021 Vxx_nnz=1040400
FILTERDDP_TIMING iteration=88 barrier_iteration=6 stage=7 derivative_s=0.017724000 first_order_s=0.006351000 second_order_s=0.010990100 algebra_s=0.042262100 kkt_assembly_s=0.140774200 factor_s=0.178284300 solve_s=0.336684600 update_s=0.064849100 K_nnz=393075 rhs_cols=1021 Vxx_nnz=1040400
FILTERDDP_TIMING iteration=88 barrier_iteration=6 stage=6 derivative_s=0.127117300 first_order_s=0.005150100 second_order_s=0.121623400 algebra_s=0.036334500 kkt_assembly_s=0.141912800 factor_s=0.170221700 solve_s=0.324760000 update_s=0.074848300 K_nnz=393075 rhs_cols=1021 Vxx_nnz=1040400
FILTERDDP_TIMING iteration=88 barrier_iteration=6 stage=5 derivative_s=0.016527900 first_order_s=0.005648300 second_order_s=0.010548000 algebra_s=0.035899100 kkt_assembly_s=0.140400900 factor_s=0.194540000 solve_s=0.307811100 update_s=0.077013500 K_nnz=393075 rhs_cols=1021 Vxx_nnz=1040400
FILTERDDP_TIMING iteration=88 barrier_iteration=6 stage=4 derivative_s=0.024354900 first_order_s=0.013530000 second_order_s=0.010407700 algebra_s=0.036537000 kkt_assembly_s=0.141780400 factor_s=0.178285300 solve_s=0.327156400 update_s=0.061634300 K_nnz=393075 rhs_cols=1021 Vxx_nnz=1040400
FILTERDDP_TIMING iteration=88 barrier_iteration=6 stage=3 derivative_s=0.013238100 first_order_s=0.005315300 second_order_s=0.007599300 algebra_s=0.051422400 kkt_assembly_s=0.172860000 factor_s=0.169510400 solve_s=0.302033500 update_s=0.081649200 K_nnz=393075 rhs_cols=1021 Vxx_nnz=1040400
FILTERDDP_TIMING iteration=88 barrier_iteration=6 stage=2 derivative_s=0.014725800 first_order_s=0.005263600 second_order_s=0.009097000 algebra_s=0.035779400 kkt_assembly_s=0.147658500 factor_s=0.202826800 solve_s=0.324401700 update_s=0.071122400 K_nnz=393075 rhs_cols=1021 Vxx_nnz=1040400
FILTERDDP_TIMING iteration=88 barrier_iteration=6 stage=1 derivative_s=0.016508400 first_order_s=0.007871400 second_order_s=0.008099800 algebra_s=0.050635600 kkt_assembly_s=0.152079800 factor_s=0.231305000 solve_s=0.308563600 update_s=0.170614800 K_nnz=393075 rhs_cols=1021 Vxx_nnz=1040400
FILTERDDP_FEASIBILITY iteration=88 barrier_iteration=6 equality_count=1015272 equality_rms=4.709895976503e-06 equality_max=1.198980130397e-04 equality_worst_stage=24 equality_worst_index=31093 dynamics_count=23460 dynamics_rms=0.000000000000e+00 dynamics_max=0.000000000000e+00 dynamics_worst_stage=0 dynamics_worst_index=0 bound_count=1137768 bound_rms=0.000000000000e+00 bound_max=0.000000000000e+00 bound_worst_stage=0 bound_worst_index=0 bound_worst_kind=none
FILTERDDP_ITER_TIMING iteration=88 barrier_iteration=6 backward_s=21.068319200 forward_s=0.000000000 total_s=21.068319200 outcome=barrier_update step_size=5.000000000e-01 backtracks=0 mu=6.400000000e-05
FILTERDDP_TIMING iteration=88 barrier_iteration=7 stage=24 derivative_s=0.016758500 first_order_s=0.005241600 second_order_s=0.011137000 algebra_s=0.040103000 kkt_assembly_s=0.261598300 factor_s=0.173698500 solve_s=0.317394200 update_s=0.066728900 K_nnz=393075 rhs_cols=1021 Vxx_nnz=1040400
FILTERDDP_TIMING iteration=88 barrier_iteration=7 stage=23 derivative_s=0.015547900 first_order_s=0.005002800 second_order_s=0.010212300 algebra_s=0.035483600 kkt_assembly_s=0.153568500 factor_s=0.224885600 solve_s=0.442436000 update_s=0.068384400 K_nnz=393075 rhs_cols=1021 Vxx_nnz=1040400
FILTERDDP_TIMING iteration=88 barrier_iteration=7 stage=22 derivative_s=0.015647700 first_order_s=0.005564300 second_order_s=0.009697900 algebra_s=0.036101600 kkt_assembly_s=0.147878000 factor_s=0.203630200 solve_s=0.312454800 update_s=0.066965900 K_nnz=393075 rhs_cols=1021 Vxx_nnz=1040400
FILTERDDP_TIMING iteration=88 barrier_iteration=7 stage=21 derivative_s=0.014993300 first_order_s=0.004971500 second_order_s=0.009701400 algebra_s=0.052922100 kkt_assembly_s=0.143063200 factor_s=0.173836400 solve_s=0.309275400 update_s=0.082911500 K_nnz=393075 rhs_cols=1021 Vxx_nnz=1040400
FILTERDDP_TIMING iteration=88 barrier_iteration=7 stage=20 derivative_s=0.017474900 first_order_s=0.005301100 second_order_s=0.011845000 algebra_s=0.035375000 kkt_assembly_s=0.140764400 factor_s=0.182074700 solve_s=0.300208000 update_s=0.075244200 K_nnz=393075 rhs_cols=1021 Vxx_nnz=1040400
FILTERDDP_TIMING iteration=88 barrier_iteration=7 stage=19 derivative_s=0.015158700 first_order_s=0.005205100 second_order_s=0.009628800 algebra_s=0.046268900 kkt_assembly_s=0.141012200 factor_s=0.187920700 solve_s=0.299910800 update_s=0.109684900 K_nnz=393075 rhs_cols=1021 Vxx_nnz=1040400
FILTERDDP_TIMING iteration=88 barrier_iteration=7 stage=18 derivative_s=0.015234400 first_order_s=0.005390200 second_order_s=0.009524700 algebra_s=0.035021000 kkt_assembly_s=0.142767000 factor_s=0.284977800 solve_s=0.305538500 update_s=0.068391200 K_nnz=393075 rhs_cols=1021 Vxx_nnz=1040400
FILTERDDP_TIMING iteration=88 barrier_iteration=7 stage=17 derivative_s=0.024237600 first_order_s=0.004952100 second_order_s=0.018968300 algebra_s=0.036447600 kkt_assembly_s=0.144124400 factor_s=0.204366700 solve_s=0.296066000 update_s=0.071127100 K_nnz=393075 rhs_cols=1021 Vxx_nnz=1040400
FILTERDDP_TIMING iteration=88 barrier_iteration=7 stage=16 derivative_s=0.015948800 first_order_s=0.005385700 second_order_s=0.010224600 algebra_s=0.050064700 kkt_assembly_s=0.160728400 factor_s=0.172885800 solve_s=0.308871100 update_s=0.093696800 K_nnz=393075 rhs_cols=1021 Vxx_nnz=1040400
FILTERDDP_TIMING iteration=88 barrier_iteration=7 stage=15 derivative_s=0.015568600 first_order_s=0.005147400 second_order_s=0.010078300 algebra_s=0.035973700 kkt_assembly_s=0.143234700 factor_s=0.203113700 solve_s=0.307164200 update_s=0.066856000 K_nnz=393075 rhs_cols=1021 Vxx_nnz=1040400
FILTERDDP_TIMING iteration=88 barrier_iteration=7 stage=14 derivative_s=0.015149400 first_order_s=0.005067200 second_order_s=0.009754300 algebra_s=0.045011500 kkt_assembly_s=0.150444900 factor_s=0.181797200 solve_s=0.298928800 update_s=0.075132900 K_nnz=393075 rhs_cols=1021 Vxx_nnz=1040400
FILTERDDP_TIMING iteration=88 barrier_iteration=7 stage=13 derivative_s=0.015222200 first_order_s=0.005235500 second_order_s=0.009639200 algebra_s=0.039426400 kkt_assembly_s=0.145600900 factor_s=0.184362500 solve_s=0.314247500 update_s=0.069828000 K_nnz=393075 rhs_cols=1021 Vxx_nnz=1040400
FILTERDDP_TIMING iteration=88 barrier_iteration=7 stage=12 derivative_s=0.016282900 first_order_s=0.005097000 second_order_s=0.010867200 algebra_s=0.047366000 kkt_assembly_s=0.142531200 factor_s=0.174737700 solve_s=0.343465500 update_s=0.071283600 K_nnz=393075 rhs_cols=1021 Vxx_nnz=1040400
FILTERDDP_TIMING iteration=88 barrier_iteration=7 stage=11 derivative_s=0.119584900 first_order_s=0.005239800 second_order_s=0.113988800 algebra_s=0.047756900 kkt_assembly_s=0.141876800 factor_s=0.170050600 solve_s=0.301992100 update_s=0.067695900 K_nnz=393075 rhs_cols=1021 Vxx_nnz=1040400
FILTERDDP_TIMING iteration=88 barrier_iteration=7 stage=10 derivative_s=0.024007600 first_order_s=0.005275500 second_order_s=0.018371200 algebra_s=0.035991400 kkt_assembly_s=0.149505500 factor_s=0.183695700 solve_s=0.308084900 update_s=0.067705200 K_nnz=393075 rhs_cols=1021 Vxx_nnz=1040400
FILTERDDP_TIMING iteration=88 barrier_iteration=7 stage=9 derivative_s=0.023771900 first_order_s=0.011196000 second_order_s=0.011398800 algebra_s=0.053780700 kkt_assembly_s=0.148647200 factor_s=0.175068300 solve_s=0.297516100 update_s=0.073179700 K_nnz=393075 rhs_cols=1021 Vxx_nnz=1040400
FILTERDDP_TIMING iteration=88 barrier_iteration=7 stage=8 derivative_s=0.015034300 first_order_s=0.004961000 second_order_s=0.009753900 algebra_s=0.035294100 kkt_assembly_s=0.143782900 factor_s=0.183355300 solve_s=0.317267300 update_s=0.068597300 K_nnz=393075 rhs_cols=1021 Vxx_nnz=1040400
FILTERDDP_TIMING iteration=88 barrier_iteration=7 stage=7 derivative_s=0.015192000 first_order_s=0.005252700 second_order_s=0.009591700 algebra_s=0.045564800 kkt_assembly_s=0.160670700 factor_s=0.191822900 solve_s=0.316471300 update_s=0.068390900 K_nnz=393075 rhs_cols=1021 Vxx_nnz=1040400
FILTERDDP_TIMING iteration=88 barrier_iteration=7 stage=6 derivative_s=0.022868800 first_order_s=0.007121400 second_order_s=0.015403200 algebra_s=0.035096400 kkt_assembly_s=0.175387300 factor_s=0.225642300 solve_s=0.406020300 update_s=0.062834600 K_nnz=393075 rhs_cols=1021 Vxx_nnz=1040400
FILTERDDP_TIMING iteration=88 barrier_iteration=7 stage=5 derivative_s=0.019071100 first_order_s=0.006666200 second_order_s=0.012008500 algebra_s=0.037603800 kkt_assembly_s=0.141125900 factor_s=0.182420700 solve_s=0.302681600 update_s=0.070128600 K_nnz=393075 rhs_cols=1021 Vxx_nnz=1040400
FILTERDDP_TIMING iteration=88 barrier_iteration=7 stage=4 derivative_s=0.015503300 first_order_s=0.005175400 second_order_s=0.010008200 algebra_s=0.035730700 kkt_assembly_s=0.181294900 factor_s=0.180956200 solve_s=0.305633800 update_s=0.076409700 K_nnz=393075 rhs_cols=1021 Vxx_nnz=1040400
FILTERDDP_TIMING iteration=88 barrier_iteration=7 stage=3 derivative_s=0.027727300 first_order_s=0.005509900 second_order_s=0.021888300 algebra_s=0.038467100 kkt_assembly_s=0.146295600 factor_s=0.174665200 solve_s=0.311331700 update_s=0.078224500 K_nnz=393075 rhs_cols=1021 Vxx_nnz=1040400
FILTERDDP_TIMING iteration=88 barrier_iteration=7 stage=2 derivative_s=0.014950300 first_order_s=0.005007300 second_order_s=0.009595600 algebra_s=0.048455800 kkt_assembly_s=0.145212600 factor_s=0.183193000 solve_s=0.329776700 update_s=0.078208400 K_nnz=393075 rhs_cols=1021 Vxx_nnz=1040400
FILTERDDP_TIMING iteration=88 barrier_iteration=7 stage=1 derivative_s=0.013108100 first_order_s=0.005658900 second_order_s=0.007101400 algebra_s=0.036575800 kkt_assembly_s=0.147146600 factor_s=0.192640900 solve_s=0.347423800 update_s=0.061124100 K_nnz=393075 rhs_cols=1021 Vxx_nnz=1040400
FILTERDDP_FEASIBILITY iteration=88 barrier_iteration=7 equality_count=1015272 equality_rms=4.709895976503e-06 equality_max=1.198980130397e-04 equality_worst_stage=24 equality_worst_index=31093 dynamics_count=23460 dynamics_rms=0.000000000000e+00 dynamics_max=0.000000000000e+00 dynamics_worst_stage=0 dynamics_worst_index=0 bound_count=1137768 bound_rms=0.000000000000e+00 bound_max=0.000000000000e+00 bound_worst_stage=0 bound_worst_index=0 bound_worst_kind=none
    88   2.68275798e+06   1.1990e-04   4.4219e-04   9.2576e-07   -5.03      -     5.0000e-01   0
FILTERDDP_ITER_TIMING iteration=88 barrier_iteration=7 backward_s=20.718573100 forward_s=0.359430600 total_s=21.078003700 outcome=accepted step_size=5.000000000e-01 backtracks=0 mu=9.277179695e-06
FILTERDDP_TIMING iteration=89 barrier_iteration=7 stage=24 derivative_s=0.017496400 first_order_s=0.005169300 second_order_s=0.011993800 algebra_s=0.038270700 kkt_assembly_s=0.258556700 factor_s=0.184543300 solve_s=0.309361700 update_s=0.069861900 K_nnz=393075 rhs_cols=1021 Vxx_nnz=1040400
FILTERDDP_TIMING iteration=89 barrier_iteration=7 stage=23 derivative_s=0.014970700 first_order_s=0.004973800 second_order_s=0.009642800 algebra_s=0.038531000 kkt_assembly_s=0.142448600 factor_s=0.221435000 solve_s=0.442741800 update_s=0.071683200 K_nnz=393075 rhs_cols=1021 Vxx_nnz=1040400
FILTERDDP_TIMING iteration=89 barrier_iteration=7 stage=22 derivative_s=0.016923600 first_order_s=0.005223900 second_order_s=0.011359900 algebra_s=0.035474200 kkt_assembly_s=0.141158900 factor_s=0.188507100 solve_s=0.323668800 update_s=0.067044600 K_nnz=393075 rhs_cols=1021 Vxx_nnz=1040400
FILTERDDP_TIMING iteration=89 barrier_iteration=7 stage=21 derivative_s=0.015195600 first_order_s=0.004995500 second_order_s=0.009853400 algebra_s=0.050037400 kkt_assembly_s=0.168996300 factor_s=0.175724900 solve_s=0.305994800 update_s=0.082049300 K_nnz=393075 rhs_cols=1021 Vxx_nnz=1040400
FILTERDDP_TIMING iteration=89 barrier_iteration=7 stage=20 derivative_s=0.016066600 first_order_s=0.005249100 second_order_s=0.010252500 algebra_s=0.035931100 kkt_assembly_s=0.143752600 factor_s=0.178769200 solve_s=0.317745600 update_s=0.073545800 K_nnz=393075 rhs_cols=1021 Vxx_nnz=1040400
FILTERDDP_TIMING iteration=89 barrier_iteration=7 stage=19 derivative_s=0.013640900 first_order_s=0.005943700 second_order_s=0.007355600 algebra_s=0.044563500 kkt_assembly_s=0.140906600 factor_s=0.211117700 solve_s=0.305192000 update_s=0.163993500 K_nnz=393075 rhs_cols=1021 Vxx_nnz=1040400
FILTERDDP_TIMING iteration=89 barrier_iteration=7 stage=18 derivative_s=0.015581900 first_order_s=0.005324600 second_order_s=0.009899000 algebra_s=0.036111400 kkt_assembly_s=0.142851600 factor_s=0.172048300 solve_s=0.297405600 update_s=0.072886000 K_nnz=393075 rhs_cols=1021 Vxx_nnz=1040400
FILTERDDP_TIMING iteration=89 barrier_iteration=7 stage=17 derivative_s=0.026450500 first_order_s=0.005275900 second_order_s=0.020831500 algebra_s=0.047893800 kkt_assembly_s=0.176926000 factor_s=0.204289400 solve_s=0.308281100 update_s=0.065002600 K_nnz=393075 rhs_cols=1021 Vxx_nnz=1040400
FILTERDDP_TIMING iteration=89 barrier_iteration=7 stage=16 derivative_s=0.015045600 first_order_s=0.005239400 second_order_s=0.009470000 algebra_s=0.050887000 kkt_assembly_s=0.146830500 factor_s=0.178887300 solve_s=0.285769400 update_s=0.074599200 K_nnz=393075 rhs_cols=1021 Vxx_nnz=1040400
FILTERDDP_TIMING iteration=89 barrier_iteration=7 stage=15 derivative_s=0.015244900 first_order_s=0.005130300 second_order_s=0.009683100 algebra_s=0.035338000 kkt_assembly_s=0.142942900 factor_s=0.183886700 solve_s=0.323692000 update_s=0.076228200 K_nnz=393075 rhs_cols=1021 Vxx_nnz=1040400
FILTERDDP_TIMING iteration=89 barrier_iteration=7 stage=14 derivative_s=0.016728300 first_order_s=0.005850800 second_order_s=0.010556900 algebra_s=0.057390600 kkt_assembly_s=0.144045900 factor_s=0.172816300 solve_s=0.337364500 update_s=0.171177700 K_nnz=393075 rhs_cols=1021 Vxx_nnz=1040400
FILTERDDP_TIMING iteration=89 barrier_iteration=7 stage=13 derivative_s=0.014756000 first_order_s=0.006592500 second_order_s=0.007836200 algebra_s=0.035098000 kkt_assembly_s=0.147241800 factor_s=0.179972800 solve_s=0.325101800 update_s=0.069667100 K_nnz=393075 rhs_cols=1021 Vxx_nnz=1040400
FILTERDDP_TIMING iteration=89 barrier_iteration=7 stage=12 derivative_s=0.012876700 first_order_s=0.005240200 second_order_s=0.007291000 algebra_s=0.048118900 kkt_assembly_s=0.167591900 factor_s=0.183988500 solve_s=0.300726300 update_s=0.073840800 K_nnz=393075 rhs_cols=1021 Vxx_nnz=1040400
FILTERDDP_TIMING iteration=89 barrier_iteration=7 stage=11 derivative_s=0.014762200 first_order_s=0.005171100 second_order_s=0.009197800 algebra_s=0.042245900 kkt_assembly_s=0.140176900 factor_s=0.171789600 solve_s=0.307496100 update_s=0.073148900 K_nnz=393075 rhs_cols=1021 Vxx_nnz=1040400
FILTERDDP_TIMING iteration=89 barrier_iteration=7 stage=10 derivative_s=0.015278700 first_order_s=0.005216600 second_order_s=0.009692400 algebra_s=0.035024800 kkt_assembly_s=0.142035200 factor_s=0.174706600 solve_s=0.313793300 update_s=0.071145600 K_nnz=393075 rhs_cols=1021 Vxx_nnz=1040400
FILTERDDP_TIMING iteration=89 barrier_iteration=7 stage=9 derivative_s=0.018319200 first_order_s=0.006330900 second_order_s=0.011594600 algebra_s=0.046358700 kkt_assembly_s=0.145686800 factor_s=0.173784700 solve_s=0.306758400 update_s=0.072213600 K_nnz=393075 rhs_cols=1021 Vxx_nnz=1040400
FILTERDDP_TIMING iteration=89 barrier_iteration=7 stage=8 derivative_s=0.018610200 first_order_s=0.007015100 second_order_s=0.011136100 algebra_s=0.037005300 kkt_assembly_s=0.150747900 factor_s=0.218800600 solve_s=0.398310600 update_s=0.066596500 K_nnz=393075 rhs_cols=1021 Vxx_nnz=1040400
FILTERDDP_TIMING iteration=89 barrier_iteration=7 stage=7 derivative_s=0.015319000 first_order_s=0.005243000 second_order_s=0.009739500 algebra_s=0.036876600 kkt_assembly_s=0.141601100 factor_s=0.186268800 solve_s=0.299442600 update_s=0.075483500 K_nnz=393075 rhs_cols=1021 Vxx_nnz=1040400
FILTERDDP_TIMING iteration=89 barrier_iteration=7 stage=6 derivative_s=0.018345400 first_order_s=0.005251400 second_order_s=0.012746200 algebra_s=0.035493700 kkt_assembly_s=0.140064900 factor_s=0.179105300 solve_s=0.314240600 update_s=0.067261500 K_nnz=393075 rhs_cols=1021 Vxx_nnz=1040400
FILTERDDP_TIMING iteration=89 barrier_iteration=7 stage=5 derivative_s=0.015093500 first_order_s=0.005006900 second_order_s=0.009740600 algebra_s=0.047744200 kkt_assembly_s=0.144700200 factor_s=0.171693600 solve_s=0.295864500 update_s=0.067410100 K_nnz=393075 rhs_cols=1021 Vxx_nnz=1040400
FILTERDDP_TIMING iteration=89 barrier_iteration=7 stage=4 derivative_s=0.016032600 first_order_s=0.005606100 second_order_s=0.010060700 algebra_s=0.036255100 kkt_assembly_s=0.140915700 factor_s=0.178907900 solve_s=0.310920200 update_s=0.072135000 K_nnz=393075 rhs_cols=1021 Vxx_nnz=1040400
FILTERDDP_TIMING iteration=89 barrier_iteration=7 stage=3 derivative_s=0.015449800 first_order_s=0.005205500 second_order_s=0.009896000 algebra_s=0.056570500 kkt_assembly_s=0.145019200 factor_s=0.175081300 solve_s=0.342564100 update_s=0.179169000 K_nnz=393075 rhs_cols=1021 Vxx_nnz=1040400
FILTERDDP_TIMING iteration=89 barrier_iteration=7 stage=2 derivative_s=0.015320900 first_order_s=0.007022400 second_order_s=0.007965700 algebra_s=0.035362300 kkt_assembly_s=0.154050000 factor_s=0.175347800 solve_s=0.305878600 update_s=0.073080400 K_nnz=393075 rhs_cols=1021 Vxx_nnz=1040400
FILTERDDP_TIMING iteration=89 barrier_iteration=7 stage=1 derivative_s=0.023745200 first_order_s=0.005032600 second_order_s=0.018368500 algebra_s=0.034683100 kkt_assembly_s=0.140624100 factor_s=0.184179700 solve_s=0.309826500 update_s=0.070035700 K_nnz=393075 rhs_cols=1021 Vxx_nnz=1040400
FILTERDDP_FEASIBILITY iteration=89 barrier_iteration=7 equality_count=1015272 equality_rms=2.827837082518e-06 equality_max=6.877811276773e-05 equality_worst_stage=24 equality_worst_index=31093 dynamics_count=23460 dynamics_rms=0.000000000000e+00 dynamics_max=0.000000000000e+00 dynamics_worst_stage=0 dynamics_worst_index=0 bound_count=1137768 bound_rms=0.000000000000e+00 bound_max=0.000000000000e+00 bound_worst_stage=0 bound_worst_index=0 bound_worst_kind=none
FILTERDDP_ITER_TIMING iteration=89 barrier_iteration=7 backward_s=20.743556200 forward_s=0.000000000 total_s=20.743556200 outcome=near_optimal step_size=5.000000000e-01 backtracks=0 mu=9.277179695e-06
    89   2.68274055e+06   6.8778e-05   2.1926e-04   5.0862e-07   -5.03      -     5.0000e-01   0
FILTERDDP_NEAR_OPT iteration=89 elapsed_s=2122.842 objective=2682740.551231685095 reference=2682721.966538412496 rel_gap=6.928e-06 primal_inf=6.878e-05 dual_inf=2.193e-04 mu=9.277e-06
    89   2.68274055e+06   6.8778e-05   2.1926e-04   5.0862e-07   -5.03      -     5.0000e-01   0


EXIT: Near-optimal: feasible and within the gap of the centralized reference.

solve complete: 2125.307 s, iterations=89, status=9
FILTERDDP_MEMORY_PEAK maxrss_mib=4767.6
final residuals: primal=6.877811276773e-05 dual=2.192642721447e-04 complementarity=5.086233959717e-07
saved_solution=C:\Users\Aryan Ritwajeet Jha\Documents\documents_general\MultiPeriodDistOPF\.claude\worktrees\new-session-a7b7a2\ddp\results\network_filterddp\filterddp_solution_large10kC_1ph_T24_periodic_CBsystem.jls
FilterDDP objective=2682740.551231691148 max_equality_residual=6.878e-05
BOUND_CHECK screen=none voltages below=0 above=0 worst_violation=0.000e+00 min_ell=6.349e-03 min_P_Subs=4.155e+02
Ipopt objective=2996960.014656126499 objective_gap=3.142e+05
max_abs_diff[P_Subs]=3.952e+02
max_abs_diff[Q_Subs]=1.201e+00
max_abs_diff[P]=4.473e+00
max_abs_diff[Q]=5.256e-02
max_abs_diff[v]=4.250e-02
max_abs_diff[ell]=8.263e+01
max_abs_diff[P_B]=3.013e-01
max_abs_diff[B]=5.333e-01
max_abs_diff[q_D]=1.989e-02
wrote ddp/results/kkt_ordering/fullrun_blocked/trace_large10kC_1ph_T24_diag_tableII_jt8_cbsys_typed_sd_pv_blocked_w16_r1.csv (90 unique iterations)
