QUIET_WAIT waited_s=18 other_cores=0.65 timed_out=0
PIPELINE_ENV system=large10kC_1ph T=48 arm=diag variant=blocked_w16 repeat=1 cb=system blocked_solve=16 direct_diag=1 triplet=1 kkt_pattern_cache=1 factor_backed=1 typed_equations=1 structured_dynamics=1 tree_kkt=1 screen=substation,vupper,ell,psubs loadflow_start=1 affine_linesearch=1 warmup=0 blas_threads=10 julia_threads=8 near_opt_reference=3101805.138887344394 near_opt_primal=1e-4 started=2026-10-05T15:39:34
C_B OVERRIDE: 2.4e-05
large10kC_1ph T=48: nx=1020, nu=54665, nc=42303, dense nu^2=2988262225, reduced=12362
TERMINAL_SOC soft=1 gamma=4.200000e+02
BOUND_SCREEN ell,psubs,substation,vupper: voltage limits dropped 1 lower, 10321 upper of 10321 buses; ell >= 0 dropped on 10320 lines; P_Subs >= 0 dropped: true (lossless lower bound 400.618 p.u.)
build complete: 171.817 s, nc=42303
constructing dynamic Solver storage...
optimality_tolerance=1.000e-07 max_iterations=400
Solver construction complete: 0.552 s
LOADFLOW_START sweeps=6 max_equality_residual=1.169e-06 lowest_voltage=0.9812 pu
entering solve! ...
[31;1m   
 _____ _ _ _            ____  ____  ____  
|  ___(_) | |_ ___ _ __|  _ \|  _ \|  _ \ 
| |_  | | | __/ _ \ '__| | | | | | | |_) |
|  _| | | | ||  __/ |  | |_| | |_| |  __/ 
|_|   |_|_|\__\___|_|  |____/|____/|_|                 
    
[0mTREE_KKT layout: nodes=10321 feeders=102 nE=2040 groups=102 max_own=10 max_iface=3
FILTERDDP_TIMING iteration=0 barrier_iteration=0 stage=48 derivative_s=0.410663300 first_order_s=0.075785300 second_order_s=0.232397500 algebra_s=1.578900700 kkt_assembly_s=1.461347300 factor_s=4.860440300 solve_s=1.452261100 update_s=0.378784000 K_nnz=393075 rhs_cols=1 Vxx_nnz=1040400
FILTERDDP_TIMING iteration=0 barrier_iteration=0 stage=47 derivative_s=0.044258200 first_order_s=0.025375200 second_order_s=0.018586500 algebra_s=0.239825600 kkt_assembly_s=0.095407600 factor_s=0.058711200 solve_s=0.123667800 update_s=0.007822300 K_nnz=393075 rhs_cols=1 Vxx_nnz=1040400
FILTERDDP_TIMING iteration=0 barrier_iteration=0 stage=46 derivative_s=0.015566100 first_order_s=0.005184700 second_order_s=0.010081900 algebra_s=0.136787600 kkt_assembly_s=0.131926700 factor_s=0.031308600 solve_s=0.226071600 update_s=0.009741900 K_nnz=393075 rhs_cols=1 Vxx_nnz=1040400
FILTERDDP_TIMING iteration=0 barrier_iteration=0 stage=45 derivative_s=0.020577700 first_order_s=0.005182800 second_order_s=0.015096000 algebra_s=0.141396100 kkt_assembly_s=0.106604400 factor_s=0.049495900 solve_s=0.123688000 update_s=0.010359300 K_nnz=393075 rhs_cols=1 Vxx_nnz=1040400
FILTERDDP_TIMING iteration=0 barrier_iteration=0 stage=44 derivative_s=0.015298100 first_order_s=0.005358400 second_order_s=0.009655000 algebra_s=0.149153100 kkt_assembly_s=0.133645000 factor_s=0.037816700 solve_s=0.219190000 update_s=0.009561300 K_nnz=393075 rhs_cols=1 Vxx_nnz=1040400
FILTERDDP_TIMING iteration=0 barrier_iteration=0 stage=43 derivative_s=0.016738100 first_order_s=0.005441200 second_order_s=0.011006300 algebra_s=0.145875400 kkt_assembly_s=0.096934900 factor_s=0.041052000 solve_s=0.123808000 update_s=0.008324500 K_nnz=393075 rhs_cols=1 Vxx_nnz=1040400
FILTERDDP_TIMING iteration=0 barrier_iteration=0 stage=42 derivative_s=0.014191400 first_order_s=0.005394800 second_order_s=0.008491200 algebra_s=0.142675300 kkt_assembly_s=0.136618900 factor_s=0.037742100 solve_s=0.232572400 update_s=0.010903400 K_nnz=393075 rhs_cols=1 Vxx_nnz=1040400
FILTERDDP_TIMING iteration=0 barrier_iteration=0 stage=41 derivative_s=0.015352300 first_order_s=0.005105400 second_order_s=0.009944000 algebra_s=0.133169200 kkt_assembly_s=0.114811700 factor_s=0.040388800 solve_s=0.128761100 update_s=0.009247400 K_nnz=393075 rhs_cols=1 Vxx_nnz=1040400
FILTERDDP_TIMING iteration=0 barrier_iteration=0 stage=40 derivative_s=0.018599200 first_order_s=0.005417100 second_order_s=0.012888500 algebra_s=0.132499100 kkt_assembly_s=0.103905600 factor_s=0.038558700 solve_s=0.158680900 update_s=0.012016500 K_nnz=393075 rhs_cols=1 Vxx_nnz=1040400
FILTERDDP_TIMING iteration=0 barrier_iteration=0 stage=39 derivative_s=0.154524600 first_order_s=0.005188800 second_order_s=0.148944800 algebra_s=0.136811600 kkt_assembly_s=0.097681200 factor_s=0.039680800 solve_s=0.147805400 update_s=0.009239100 K_nnz=393075 rhs_cols=1 Vxx_nnz=1040400
FILTERDDP_TIMING iteration=0 barrier_iteration=0 stage=38 derivative_s=0.016052200 first_order_s=0.005491200 second_order_s=0.010270900 algebra_s=0.130048600 kkt_assembly_s=0.107829000 factor_s=0.039237700 solve_s=0.112578300 update_s=0.031391800 K_nnz=393075 rhs_cols=1 Vxx_nnz=1040400
FILTERDDP_TIMING iteration=0 barrier_iteration=0 stage=37 derivative_s=0.014925400 first_order_s=0.004818300 second_order_s=0.009827000 algebra_s=0.177542700 kkt_assembly_s=0.092862600 factor_s=0.054316100 solve_s=0.220166200 update_s=0.009402100 K_nnz=393075 rhs_cols=1 Vxx_nnz=1040400
FILTERDDP_TIMING iteration=0 barrier_iteration=0 stage=36 derivative_s=0.015407800 first_order_s=0.005126600 second_order_s=0.010000900 algebra_s=0.128107000 kkt_assembly_s=0.094179800 factor_s=0.069799000 solve_s=0.122193800 update_s=0.011221100 K_nnz=393075 rhs_cols=1 Vxx_nnz=1040400
FILTERDDP_TIMING iteration=0 barrier_iteration=0 stage=35 derivative_s=0.022170200 first_order_s=0.007945700 second_order_s=0.013732100 algebra_s=0.148838300 kkt_assembly_s=0.091586800 factor_s=0.038457200 solve_s=0.125083600 update_s=0.007520700 K_nnz=393075 rhs_cols=1 Vxx_nnz=1040400
FILTERDDP_TIMING iteration=0 barrier_iteration=0 stage=34 derivative_s=0.015961700 first_order_s=0.005986300 second_order_s=0.009698700 algebra_s=0.180875000 kkt_assembly_s=0.228501900 factor_s=0.038472600 solve_s=0.102812800 update_s=0.009211500 K_nnz=393075 rhs_cols=1 Vxx_nnz=1040400
FILTERDDP_TIMING iteration=0 barrier_iteration=0 stage=33 derivative_s=0.015450800 first_order_s=0.005238400 second_order_s=0.009919300 algebra_s=0.133358200 kkt_assembly_s=0.092780800 factor_s=0.075390300 solve_s=0.106429700 update_s=0.008687100 K_nnz=393075 rhs_cols=1 Vxx_nnz=1040400
FILTERDDP_TIMING iteration=0 barrier_iteration=0 stage=32 derivative_s=0.014412700 first_order_s=0.004897300 second_order_s=0.009219600 algebra_s=0.154434800 kkt_assembly_s=0.093357500 factor_s=0.038438500 solve_s=0.126025500 update_s=0.009765000 K_nnz=393075 rhs_cols=1 Vxx_nnz=1040400
FILTERDDP_TIMING iteration=0 barrier_iteration=0 stage=31 derivative_s=0.015460800 first_order_s=0.005460200 second_order_s=0.009720500 algebra_s=0.164197900 kkt_assembly_s=0.147040100 factor_s=0.039673100 solve_s=0.244081800 update_s=0.008010600 K_nnz=393075 rhs_cols=1 Vxx_nnz=1040400
FILTERDDP_TIMING iteration=0 barrier_iteration=0 stage=30 derivative_s=0.015785700 first_order_s=0.005301900 second_order_s=0.010177600 algebra_s=0.127830700 kkt_assembly_s=0.091221500 factor_s=0.038259800 solve_s=0.104662700 update_s=0.041839100 K_nnz=393075 rhs_cols=1 Vxx_nnz=1040400
FILTERDDP_TIMING iteration=0 barrier_iteration=0 stage=29 derivative_s=0.015890300 first_order_s=0.005647900 second_order_s=0.009941300 algebra_s=0.131239800 kkt_assembly_s=0.114517700 factor_s=0.039072800 solve_s=0.149125500 update_s=0.009367300 K_nnz=393075 rhs_cols=1 Vxx_nnz=1040400
FILTERDDP_TIMING iteration=0 barrier_iteration=0 stage=28 derivative_s=0.016191500 first_order_s=0.005352600 second_order_s=0.010550300 algebra_s=0.157951200 kkt_assembly_s=0.092426600 factor_s=0.039169400 solve_s=0.134971700 update_s=0.009173500 K_nnz=393075 rhs_cols=1 Vxx_nnz=1040400
FILTERDDP_TIMING iteration=0 barrier_iteration=0 stage=27 derivative_s=0.015376600 first_order_s=0.005042200 second_order_s=0.010008600 algebra_s=0.130706200 kkt_assembly_s=0.145591500 factor_s=0.038541200 solve_s=0.284710500 update_s=0.008809500 K_nnz=393075 rhs_cols=1 Vxx_nnz=1040400
FILTERDDP_TIMING iteration=0 barrier_iteration=0 stage=26 derivative_s=0.015577400 first_order_s=0.005351600 second_order_s=0.009941400 algebra_s=0.130463600 kkt_assembly_s=0.091179400 factor_s=0.038737500 solve_s=0.108856300 update_s=0.008894600 K_nnz=393075 rhs_cols=1 Vxx_nnz=1040400
FILTERDDP_TIMING iteration=0 barrier_iteration=0 stage=25 derivative_s=0.016182700 first_order_s=0.005699200 second_order_s=0.010179900 algebra_s=0.169813000 kkt_assembly_s=0.091261100 factor_s=0.038462900 solve_s=0.104938200 update_s=0.008916000 K_nnz=393075 rhs_cols=1 Vxx_nnz=1040400
FILTERDDP_TIMING iteration=0 barrier_iteration=0 stage=24 derivative_s=0.015622200 first_order_s=0.005104700 second_order_s=0.010223800 algebra_s=0.163265200 kkt_assembly_s=0.090666800 factor_s=0.039367000 solve_s=0.160933500 update_s=0.009443200 K_nnz=393075 rhs_cols=1 Vxx_nnz=1040400
FILTERDDP_TIMING iteration=0 barrier_iteration=0 stage=23 derivative_s=0.015404100 first_order_s=0.005353200 second_order_s=0.009751000 algebra_s=0.128773000 kkt_assembly_s=0.149017400 factor_s=0.039736800 solve_s=0.116310700 update_s=0.008877500 K_nnz=393075 rhs_cols=1 Vxx_nnz=1040400
FILTERDDP_TIMING iteration=0 barrier_iteration=0 stage=22 derivative_s=0.165608000 first_order_s=0.005661600 second_order_s=0.159646900 algebra_s=0.137879000 kkt_assembly_s=0.098664300 factor_s=0.042230100 solve_s=0.108677200 update_s=0.008617300 K_nnz=393075 rhs_cols=1 Vxx_nnz=1040400
FILTERDDP_TIMING iteration=0 barrier_iteration=0 stage=21 derivative_s=0.015889600 first_order_s=0.005635800 second_order_s=0.009958600 algebra_s=0.169108200 kkt_assembly_s=0.099651700 factor_s=0.043134100 solve_s=0.128540300 update_s=0.014467600 K_nnz=393075 rhs_cols=1 Vxx_nnz=1040400
FILTERDDP_TIMING iteration=0 barrier_iteration=0 stage=20 derivative_s=0.019977900 first_order_s=0.009032100 second_order_s=0.010425900 algebra_s=0.168007500 kkt_assembly_s=0.094865100 factor_s=0.040219800 solve_s=0.126397200 update_s=0.006807000 K_nnz=393075 rhs_cols=1 Vxx_nnz=1040400
FILTERDDP_TIMING iteration=0 barrier_iteration=0 stage=19 derivative_s=0.012387500 first_order_s=0.005110900 second_order_s=0.006972200 algebra_s=0.151710100 kkt_assembly_s=0.173662200 factor_s=0.038196400 solve_s=0.112233000 update_s=0.009566900 K_nnz=393075 rhs_cols=1 Vxx_nnz=1040400
FILTERDDP_TIMING iteration=0 barrier_iteration=0 stage=18 derivative_s=0.167514800 first_order_s=0.006130000 second_order_s=0.161029100 algebra_s=0.136108000 kkt_assembly_s=0.094808700 factor_s=0.039230200 solve_s=0.103880400 update_s=0.009756100 K_nnz=393075 rhs_cols=1 Vxx_nnz=1040400
FILTERDDP_TIMING iteration=0 barrier_iteration=0 stage=17 derivative_s=0.016688700 first_order_s=0.006195200 second_order_s=0.010185700 algebra_s=0.136315600 kkt_assembly_s=0.129980300 factor_s=0.038193800 solve_s=0.107456200 update_s=0.008954700 K_nnz=393075 rhs_cols=1 Vxx_nnz=1040400
FILTERDDP_TIMING iteration=0 barrier_iteration=0 stage=16 derivative_s=0.016753300 first_order_s=0.005068900 second_order_s=0.011388800 algebra_s=0.158914800 kkt_assembly_s=0.089420100 factor_s=0.038741000 solve_s=0.105753400 update_s=0.044267500 K_nnz=393075 rhs_cols=1 Vxx_nnz=1040400
FILTERDDP_TIMING iteration=0 barrier_iteration=0 stage=15 derivative_s=0.015047900 first_order_s=0.005216000 second_order_s=0.009549100 algebra_s=0.127836300 kkt_assembly_s=0.110942000 factor_s=0.071055700 solve_s=0.105890400 update_s=0.008939200 K_nnz=393075 rhs_cols=1 Vxx_nnz=1040400
FILTERDDP_TIMING iteration=0 barrier_iteration=0 stage=14 derivative_s=0.015313700 first_order_s=0.005226700 second_order_s=0.009750600 algebra_s=0.186333500 kkt_assembly_s=0.092869400 factor_s=0.038618100 solve_s=0.257876500 update_s=0.007552200 K_nnz=393075 rhs_cols=1 Vxx_nnz=1040400
FILTERDDP_TIMING iteration=0 barrier_iteration=0 stage=13 derivative_s=0.015405800 first_order_s=0.005170000 second_order_s=0.009940300 algebra_s=0.130970100 kkt_assembly_s=0.100533000 factor_s=0.040637900 solve_s=0.106119900 update_s=0.009263300 K_nnz=393075 rhs_cols=1 Vxx_nnz=1040400
FILTERDDP_TIMING iteration=0 barrier_iteration=0 stage=12 derivative_s=0.016789700 first_order_s=0.005895600 second_order_s=0.010599000 algebra_s=0.138230400 kkt_assembly_s=0.138992400 factor_s=0.039223300 solve_s=0.105219100 update_s=0.011468600 K_nnz=393075 rhs_cols=1 Vxx_nnz=1040400
FILTERDDP_TIMING iteration=0 barrier_iteration=0 stage=11 derivative_s=0.016643000 first_order_s=0.005248400 second_order_s=0.011090600 algebra_s=0.129717300 kkt_assembly_s=0.130418700 factor_s=0.039167900 solve_s=0.107124700 update_s=0.009102000 K_nnz=393075 rhs_cols=1 Vxx_nnz=1040400
FILTERDDP_TIMING iteration=0 barrier_iteration=0 stage=10 derivative_s=0.016588700 first_order_s=0.006199200 second_order_s=0.010102300 algebra_s=0.157726500 kkt_assembly_s=0.092253300 factor_s=0.039365200 solve_s=0.138030900 update_s=0.008592000 K_nnz=393075 rhs_cols=1 Vxx_nnz=1040400
FILTERDDP_TIMING iteration=0 barrier_iteration=0 stage=9 derivative_s=0.015107700 first_order_s=0.005205500 second_order_s=0.009620800 algebra_s=0.130185000 kkt_assembly_s=0.156906800 factor_s=0.038295300 solve_s=0.115133600 update_s=0.180021700 K_nnz=393075 rhs_cols=1 Vxx_nnz=1040400
FILTERDDP_TIMING iteration=0 barrier_iteration=0 stage=8 derivative_s=0.015258900 first_order_s=0.005122300 second_order_s=0.009842500 algebra_s=0.127389400 kkt_assembly_s=0.087938000 factor_s=0.043842200 solve_s=0.106502200 update_s=0.009110800 K_nnz=393075 rhs_cols=1 Vxx_nnz=1040400
FILTERDDP_TIMING iteration=0 barrier_iteration=0 stage=7 derivative_s=0.016488300 first_order_s=0.005723700 second_order_s=0.010480200 algebra_s=0.130812600 kkt_assembly_s=0.134442500 factor_s=0.038362000 solve_s=0.102780500 update_s=0.008215800 K_nnz=393075 rhs_cols=1 Vxx_nnz=1040400
FILTERDDP_TIMING iteration=0 barrier_iteration=0 stage=6 derivative_s=0.015632100 first_order_s=0.005461900 second_order_s=0.009859600 algebra_s=0.150567300 kkt_assembly_s=0.096350400 factor_s=0.078222800 solve_s=0.100878200 update_s=0.013135100 K_nnz=393075 rhs_cols=1 Vxx_nnz=1040400
FILTERDDP_TIMING iteration=0 barrier_iteration=0 stage=5 derivative_s=0.029962000 first_order_s=0.011666700 second_order_s=0.017711600 algebra_s=0.158841500 kkt_assembly_s=0.120893200 factor_s=0.038663800 solve_s=0.115052900 update_s=0.008576400 K_nnz=393075 rhs_cols=1 Vxx_nnz=1040400
FILTERDDP_TIMING iteration=0 barrier_iteration=0 stage=4 derivative_s=0.046969900 first_order_s=0.005381100 second_order_s=0.041268700 algebra_s=0.138866000 kkt_assembly_s=0.090011000 factor_s=0.069853300 solve_s=0.111562300 update_s=0.009090300 K_nnz=393075 rhs_cols=1 Vxx_nnz=1040400
FILTERDDP_TIMING iteration=0 barrier_iteration=0 stage=3 derivative_s=0.015954600 first_order_s=0.005425700 second_order_s=0.010189900 algebra_s=0.200699900 kkt_assembly_s=0.092832400 factor_s=0.040546900 solve_s=0.242765800 update_s=0.007026800 K_nnz=393075 rhs_cols=1 Vxx_nnz=1040400
FILTERDDP_TIMING iteration=0 barrier_iteration=0 stage=2 derivative_s=0.015782300 first_order_s=0.005455600 second_order_s=0.009976200 algebra_s=0.130568800 kkt_assembly_s=0.093149700 factor_s=0.038066100 solve_s=0.105225100 update_s=0.008276100 K_nnz=393075 rhs_cols=1 Vxx_nnz=1040400
FILTERDDP_TIMING iteration=0 barrier_iteration=0 stage=1 derivative_s=0.016207600 first_order_s=0.005815800 second_order_s=0.010108500 algebra_s=0.135082000 kkt_assembly_s=0.140841100 factor_s=0.037610700 solve_s=0.107783200 update_s=0.008945900 K_nnz=393075 rhs_cols=1 Vxx_nnz=1040400
FILTERDDP_FEASIBILITY iteration=0 barrier_iteration=0 equality_count=2030544 equality_rms=5.158461677498e-07 equality_max=1.168873434390e-06 equality_worst_stage=19 equality_worst_index=221 dynamics_count=47940 dynamics_rms=0.000000000000e+00 dynamics_max=0.000000000000e+00 dynamics_worst_stage=0 dynamics_worst_index=0 bound_count=1284672 bound_rms=0.000000000000e+00 bound_max=0.000000000000e+00 bound_worst_stage=0 bound_worst_index=0 bound_worst_kind=none
  iter     objective        pr_inf       du_inf       cs_inf     lg(μ)   lg(reg)    alpha     ls
     0   3.20146922e+06   1.1689e-06   1.0000e+02   1.0000e+00    0.00      -     0.0000e+00   0
FILTERDDP_ITER_TIMING iteration=0 barrier_iteration=0 backward_s=42.069178000 forward_s=3.082653300 total_s=45.151831300 outcome=accepted step_size=3.066323141e-01 backtracks=0 mu=1.000000000e+00
FILTERDDP_TIMING iteration=1 barrier_iteration=0 stage=48 derivative_s=0.016192500 first_order_s=0.004813600 second_order_s=0.011085500 algebra_s=0.103612700 kkt_assembly_s=0.011382400 factor_s=0.030393700 solve_s=0.134134700 update_s=0.010366000 K_nnz=393075 rhs_cols=1 Vxx_nnz=1040400
FILTERDDP_TIMING iteration=1 barrier_iteration=0 stage=47 derivative_s=0.015634600 first_order_s=0.005309900 second_order_s=0.010025200 algebra_s=0.154945000 kkt_assembly_s=0.002971200 factor_s=0.032766600 solve_s=0.107736300 update_s=0.008913000 K_nnz=393075 rhs_cols=1 Vxx_nnz=1040400
FILTERDDP_TIMING iteration=1 barrier_iteration=0 stage=46 derivative_s=0.239305900 first_order_s=0.005107000 second_order_s=0.233918700 algebra_s=0.082582700 kkt_assembly_s=0.003217500 factor_s=0.033823600 solve_s=0.127617200 update_s=0.009969300 K_nnz=393075 rhs_cols=1 Vxx_nnz=1040400
FILTERDDP_TIMING iteration=1 barrier_iteration=0 stage=45 derivative_s=0.017071600 first_order_s=0.005923800 second_order_s=0.010861200 algebra_s=0.080241200 kkt_assembly_s=0.003210500 factor_s=0.044852900 solve_s=0.150203600 update_s=0.009927400 K_nnz=393075 rhs_cols=1 Vxx_nnz=1040400
FILTERDDP_TIMING iteration=1 barrier_iteration=0 stage=44 derivative_s=0.017215100 first_order_s=0.005280200 second_order_s=0.011638000 algebra_s=0.094633400 kkt_assembly_s=0.003153300 factor_s=0.037926400 solve_s=0.121520300 update_s=0.049160500 K_nnz=393075 rhs_cols=1 Vxx_nnz=1040400
FILTERDDP_TIMING iteration=1 barrier_iteration=0 stage=43 derivative_s=0.018769400 first_order_s=0.007492100 second_order_s=0.010982100 algebra_s=0.080016500 kkt_assembly_s=0.002900200 factor_s=0.041321900 solve_s=0.136646500 update_s=0.009225900 K_nnz=393075 rhs_cols=1 Vxx_nnz=1040400
FILTERDDP_TIMING iteration=1 barrier_iteration=0 stage=42 derivative_s=0.016423100 first_order_s=0.005261200 second_order_s=0.010867700 algebra_s=0.077928500 kkt_assembly_s=0.003035700 factor_s=0.043670000 solve_s=0.136077100 update_s=0.009238400 K_nnz=393075 rhs_cols=1 Vxx_nnz=1040400
FILTERDDP_TIMING iteration=1 barrier_iteration=0 stage=41 derivative_s=0.024917300 first_order_s=0.009012600 second_order_s=0.015564700 algebra_s=0.077197400 kkt_assembly_s=0.002994200 factor_s=0.073812700 solve_s=0.106095500 update_s=0.008803300 K_nnz=393075 rhs_cols=1 Vxx_nnz=1040400
FILTERDDP_TIMING iteration=1 barrier_iteration=0 stage=40 derivative_s=0.014554000 first_order_s=0.005156900 second_order_s=0.009103000 algebra_s=0.146385200 kkt_assembly_s=0.003152600 factor_s=0.042688300 solve_s=0.288669800 update_s=0.006684100 K_nnz=393075 rhs_cols=1 Vxx_nnz=1040400
FILTERDDP_TIMING iteration=1 barrier_iteration=0 stage=39 derivative_s=0.015743000 first_order_s=0.005206200 second_order_s=0.010241800 algebra_s=0.073913900 kkt_assembly_s=0.003264800 factor_s=0.032043800 solve_s=0.104343000 update_s=0.012074100 K_nnz=393075 rhs_cols=1 Vxx_nnz=1040400
FILTERDDP_TIMING iteration=1 barrier_iteration=0 stage=38 derivative_s=0.016446000 first_order_s=0.005808300 second_order_s=0.010339400 algebra_s=0.077420500 kkt_assembly_s=0.003087000 factor_s=0.031836800 solve_s=0.159085800 update_s=0.009356900 K_nnz=393075 rhs_cols=1 Vxx_nnz=1040400
FILTERDDP_TIMING iteration=1 barrier_iteration=0 stage=37 derivative_s=0.016885600 first_order_s=0.005153700 second_order_s=0.011435000 algebra_s=0.075879700 kkt_assembly_s=0.002981100 factor_s=0.032772000 solve_s=0.108271800 update_s=0.008229100 K_nnz=393075 rhs_cols=1 Vxx_nnz=1040400
FILTERDDP_TIMING iteration=1 barrier_iteration=0 stage=36 derivative_s=0.057482600 first_order_s=0.005168000 second_order_s=0.052033900 algebra_s=0.093627700 kkt_assembly_s=0.003000200 factor_s=0.034964500 solve_s=0.114056400 update_s=0.013568200 K_nnz=393075 rhs_cols=1 Vxx_nnz=1040400
FILTERDDP_TIMING iteration=1 barrier_iteration=0 stage=35 derivative_s=0.051085200 first_order_s=0.005107900 second_order_s=0.045678600 algebra_s=0.076515500 kkt_assembly_s=0.002907900 factor_s=0.037916900 solve_s=0.107083600 update_s=0.047484600 K_nnz=393075 rhs_cols=1 Vxx_nnz=1040400
FILTERDDP_TIMING iteration=1 barrier_iteration=0 stage=34 derivative_s=0.016303500 first_order_s=0.005725400 second_order_s=0.010276300 algebra_s=0.074815800 kkt_assembly_s=0.002983600 factor_s=0.041919900 solve_s=0.133159000 update_s=0.006935100 K_nnz=393075 rhs_cols=1 Vxx_nnz=1040400
FILTERDDP_TIMING iteration=1 barrier_iteration=0 stage=33 derivative_s=0.012867700 first_order_s=0.005482800 second_order_s=0.007073600 algebra_s=0.074946100 kkt_assembly_s=0.003002600 factor_s=0.040264600 solve_s=0.180506600 update_s=0.008963300 K_nnz=393075 rhs_cols=1 Vxx_nnz=1040400
FILTERDDP_TIMING iteration=1 barrier_iteration=0 stage=32 derivative_s=0.015159500 first_order_s=0.005278500 second_order_s=0.009598600 algebra_s=0.261715100 kkt_assembly_s=0.002916200 factor_s=0.033655700 solve_s=0.119021000 update_s=0.009638800 K_nnz=393075 rhs_cols=1 Vxx_nnz=1040400
FILTERDDP_TIMING iteration=1 barrier_iteration=0 stage=31 derivative_s=0.015747200 first_order_s=0.005095300 second_order_s=0.010355500 algebra_s=0.075287800 kkt_assembly_s=0.003033300 factor_s=0.029747400 solve_s=0.111062700 update_s=0.008839900 K_nnz=393075 rhs_cols=1 Vxx_nnz=1040400
FILTERDDP_TIMING iteration=1 barrier_iteration=0 stage=30 derivative_s=0.015465400 first_order_s=0.005395600 second_order_s=0.009776900 algebra_s=0.126724100 kkt_assembly_s=0.002917000 factor_s=0.031522800 solve_s=0.116605600 update_s=0.007935900 K_nnz=393075 rhs_cols=1 Vxx_nnz=1040400
FILTERDDP_TIMING iteration=1 barrier_iteration=0 stage=29 derivative_s=0.016582000 first_order_s=0.005181500 second_order_s=0.011101900 algebra_s=0.075184800 kkt_assembly_s=0.003001800 factor_s=0.077745300 solve_s=0.103108500 update_s=0.010242700 K_nnz=393075 rhs_cols=1 Vxx_nnz=1040400
FILTERDDP_TIMING iteration=1 barrier_iteration=0 stage=28 derivative_s=0.015301200 first_order_s=0.005064900 second_order_s=0.009892600 algebra_s=0.075166100 kkt_assembly_s=0.002956800 factor_s=0.076403500 solve_s=0.107337300 update_s=0.014450600 K_nnz=393075 rhs_cols=1 Vxx_nnz=1040400
FILTERDDP_TIMING iteration=1 barrier_iteration=0 stage=27 derivative_s=0.017440600 first_order_s=0.005486000 second_order_s=0.011673100 algebra_s=0.103479900 kkt_assembly_s=0.003036900 factor_s=0.042155700 solve_s=0.105337500 update_s=0.007282700 K_nnz=393075 rhs_cols=1 Vxx_nnz=1040400
FILTERDDP_TIMING iteration=1 barrier_iteration=0 stage=26 derivative_s=0.013290800 first_order_s=0.005298700 second_order_s=0.007696700 algebra_s=0.118628700 kkt_assembly_s=0.003032900 factor_s=0.039872400 solve_s=0.108235000 update_s=0.008967700 K_nnz=393075 rhs_cols=1 Vxx_nnz=1040400
FILTERDDP_TIMING iteration=1 barrier_iteration=0 stage=25 derivative_s=0.089935900 first_order_s=0.079989200 second_order_s=0.009648600 algebra_s=0.078919200 kkt_assembly_s=0.003006800 factor_s=0.044171600 solve_s=0.322082100 update_s=0.007880000 K_nnz=393075 rhs_cols=1 Vxx_nnz=1040400
FILTERDDP_TIMING iteration=1 barrier_iteration=0 stage=24 derivative_s=0.015739900 first_order_s=0.007081000 second_order_s=0.008243300 algebra_s=0.109539600 kkt_assembly_s=0.003138500 factor_s=0.033086000 solve_s=0.108829900 update_s=0.009084400 K_nnz=393075 rhs_cols=1 Vxx_nnz=1040400
FILTERDDP_TIMING iteration=1 barrier_iteration=0 stage=23 derivative_s=0.015419200 first_order_s=0.004962300 second_order_s=0.010174000 algebra_s=0.087817500 kkt_assembly_s=0.003804000 factor_s=0.048869500 solve_s=0.165207000 update_s=0.007194300 K_nnz=393075 rhs_cols=1 Vxx_nnz=1040400
FILTERDDP_TIMING iteration=1 barrier_iteration=0 stage=22 derivative_s=0.014738600 first_order_s=0.006643800 second_order_s=0.007666000 algebra_s=0.098442100 kkt_assembly_s=0.003129800 factor_s=0.038642900 solve_s=0.125950500 update_s=0.008592200 K_nnz=393075 rhs_cols=1 Vxx_nnz=1040400
FILTERDDP_TIMING iteration=1 barrier_iteration=0 stage=21 derivative_s=0.020780400 first_order_s=0.007961100 second_order_s=0.012318900 algebra_s=0.177953500 kkt_assembly_s=0.003169500 factor_s=0.038322400 solve_s=0.110165300 update_s=0.009228900 K_nnz=393075 rhs_cols=1 Vxx_nnz=1040400
FILTERDDP_TIMING iteration=1 barrier_iteration=0 stage=20 derivative_s=0.016320100 first_order_s=0.006007300 second_order_s=0.010021400 algebra_s=0.117273400 kkt_assembly_s=0.002869800 factor_s=0.038680100 solve_s=0.107783600 update_s=0.009117000 K_nnz=393075 rhs_cols=1 Vxx_nnz=1040400
FILTERDDP_TIMING iteration=1 barrier_iteration=0 stage=19 derivative_s=0.015698300 first_order_s=0.005217000 second_order_s=0.010182700 algebra_s=0.120818700 kkt_assembly_s=0.002971700 factor_s=0.042633400 solve_s=0.109138600 update_s=0.007786000 K_nnz=393075 rhs_cols=1 Vxx_nnz=1040400
FILTERDDP_TIMING iteration=1 barrier_iteration=0 stage=18 derivative_s=0.014092700 first_order_s=0.005286000 second_order_s=0.008511600 algebra_s=0.159889300 kkt_assembly_s=0.002911500 factor_s=0.043097300 solve_s=0.109317900 update_s=0.204368000 K_nnz=393075 rhs_cols=1 Vxx_nnz=1040400
FILTERDDP_TIMING iteration=1 barrier_iteration=0 stage=17 derivative_s=0.015110600 first_order_s=0.005146600 second_order_s=0.009632100 algebra_s=0.076245000 kkt_assembly_s=0.002922900 factor_s=0.031088400 solve_s=0.105333200 update_s=0.009334200 K_nnz=393075 rhs_cols=1 Vxx_nnz=1040400
FILTERDDP_TIMING iteration=1 barrier_iteration=0 stage=16 derivative_s=0.015545900 first_order_s=0.005207300 second_order_s=0.010041200 algebra_s=0.077456700 kkt_assembly_s=0.003256700 factor_s=0.033428900 solve_s=0.154655800 update_s=0.008773200 K_nnz=393075 rhs_cols=1 Vxx_nnz=1040400
FILTERDDP_TIMING iteration=1 barrier_iteration=0 stage=15 derivative_s=0.016621000 first_order_s=0.005163800 second_order_s=0.011156100 algebra_s=0.075864100 kkt_assembly_s=0.002931000 factor_s=0.031223600 solve_s=0.105623800 update_s=0.008587100 K_nnz=393075 rhs_cols=1 Vxx_nnz=1040400
FILTERDDP_TIMING iteration=1 barrier_iteration=0 stage=14 derivative_s=0.014926700 first_order_s=0.005198300 second_order_s=0.009394600 algebra_s=0.120915000 kkt_assembly_s=0.003202900 factor_s=0.035534000 solve_s=0.105230300 update_s=0.007737900 K_nnz=393075 rhs_cols=1 Vxx_nnz=1040400
FILTERDDP_TIMING iteration=1 barrier_iteration=0 stage=13 derivative_s=0.013545600 first_order_s=0.004982600 second_order_s=0.008282200 algebra_s=0.074037000 kkt_assembly_s=0.002942100 factor_s=0.081584700 solve_s=0.121601800 update_s=0.009228400 K_nnz=393075 rhs_cols=1 Vxx_nnz=1040400
FILTERDDP_TIMING iteration=1 barrier_iteration=0 stage=12 derivative_s=0.018840000 first_order_s=0.006110800 second_order_s=0.012354500 algebra_s=0.120676200 kkt_assembly_s=0.002828300 factor_s=0.040665800 solve_s=0.116128400 update_s=0.009228200 K_nnz=393075 rhs_cols=1 Vxx_nnz=1040400
FILTERDDP_TIMING iteration=1 barrier_iteration=0 stage=11 derivative_s=0.014755900 first_order_s=0.004969500 second_order_s=0.009506600 algebra_s=0.110499700 kkt_assembly_s=0.003009000 factor_s=0.040874400 solve_s=0.106673000 update_s=0.007234800 K_nnz=393075 rhs_cols=1 Vxx_nnz=1040400
FILTERDDP_TIMING iteration=1 barrier_iteration=0 stage=10 derivative_s=0.016908000 first_order_s=0.005076800 second_order_s=0.011551100 algebra_s=0.145151900 kkt_assembly_s=0.002970500 factor_s=0.040153800 solve_s=0.113219900 update_s=0.008971100 K_nnz=393075 rhs_cols=1 Vxx_nnz=1040400
FILTERDDP_TIMING iteration=1 barrier_iteration=0 stage=9 derivative_s=0.228385800 first_order_s=0.005192000 second_order_s=0.222897200 algebra_s=0.072706900 kkt_assembly_s=0.002879000 factor_s=0.030722700 solve_s=0.103393700 update_s=0.008933200 K_nnz=393075 rhs_cols=1 Vxx_nnz=1040400
FILTERDDP_TIMING iteration=1 barrier_iteration=0 stage=8 derivative_s=0.015701600 first_order_s=0.005144000 second_order_s=0.010258000 algebra_s=0.077755500 kkt_assembly_s=0.003200300 factor_s=0.032750700 solve_s=0.112812700 update_s=0.009588400 K_nnz=393075 rhs_cols=1 Vxx_nnz=1040400
FILTERDDP_TIMING iteration=1 barrier_iteration=0 stage=7 derivative_s=0.062738000 first_order_s=0.005589100 second_order_s=0.056840900 algebra_s=0.079131500 kkt_assembly_s=0.003030200 factor_s=0.031609200 solve_s=0.118826900 update_s=0.006606400 K_nnz=393075 rhs_cols=1 Vxx_nnz=1040400
FILTERDDP_TIMING iteration=1 barrier_iteration=0 stage=6 derivative_s=0.012520200 first_order_s=0.005211600 second_order_s=0.006991600 algebra_s=0.125832400 kkt_assembly_s=0.003062000 factor_s=0.034756900 solve_s=0.105043200 update_s=0.008840800 K_nnz=393075 rhs_cols=1 Vxx_nnz=1040400
FILTERDDP_TIMING iteration=1 barrier_iteration=0 stage=5 derivative_s=0.014339700 first_order_s=0.004961000 second_order_s=0.009087100 algebra_s=0.075235900 kkt_assembly_s=0.003012400 factor_s=0.080047600 solve_s=0.106205600 update_s=0.007908800 K_nnz=393075 rhs_cols=1 Vxx_nnz=1040400
FILTERDDP_TIMING iteration=1 barrier_iteration=0 stage=4 derivative_s=0.015476400 first_order_s=0.005272500 second_order_s=0.009856100 algebra_s=0.076094400 kkt_assembly_s=0.003012500 factor_s=0.073594600 solve_s=0.107237800 update_s=0.008738700 K_nnz=393075 rhs_cols=1 Vxx_nnz=1040400
FILTERDDP_TIMING iteration=1 barrier_iteration=0 stage=3 derivative_s=0.032996900 first_order_s=0.012861300 second_order_s=0.019417200 algebra_s=0.113452500 kkt_assembly_s=0.002960800 factor_s=0.044920500 solve_s=0.104700600 update_s=0.008839400 K_nnz=393075 rhs_cols=1 Vxx_nnz=1040400
FILTERDDP_TIMING iteration=1 barrier_iteration=0 stage=2 derivative_s=0.015549500 first_order_s=0.005291100 second_order_s=0.009911900 algebra_s=0.141623100 kkt_assembly_s=0.002939500 factor_s=0.040608100 solve_s=0.107813200 update_s=0.008730800 K_nnz=393075 rhs_cols=1 Vxx_nnz=1040400
FILTERDDP_TIMING iteration=1 barrier_iteration=0 stage=1 derivative_s=0.211044500 first_order_s=0.005278000 second_order_s=0.205473500 algebra_s=0.076020900 kkt_assembly_s=0.002825200 factor_s=0.030484500 solve_s=0.104280900 update_s=0.009454300 K_nnz=393075 rhs_cols=1 Vxx_nnz=1040400
FILTERDDP_FEASIBILITY iteration=1 barrier_iteration=0 equality_count=2030544 equality_rms=9.893822657839e-02 equality_max=3.130756618608e+00 equality_worst_stage=1 equality_worst_index=31063 dynamics_count=47940 dynamics_rms=8.682764254524e-17 dynamics_max=2.220446049250e-16 dynamics_worst_stage=47 dynamics_worst_index=2 bound_count=1284672 bound_rms=0.000000000000e+00 bound_max=0.000000000000e+00 bound_worst_stage=0 bound_worst_index=0 bound_worst_kind=none
     1   3.14267334e+06   3.1308e+00   6.9337e+01   1.0000e+00    0.00      -     3.0663e-01   0
FILTERDDP_ITER_TIMING iteration=1 barrier_iteration=0 backward_s=15.453310200 forward_s=1.197809600 total_s=16.651119800 outcome=accepted step_size=9.900085088e-01 backtracks=0 mu=1.000000000e+00
FILTERDDP_TIMING iteration=2 barrier_iteration=0 stage=48 derivative_s=0.036778400 first_order_s=0.009238400 second_order_s=0.027027100 algebra_s=0.103386200 kkt_assembly_s=0.003248000 factor_s=0.030512600 solve_s=0.147602100 update_s=0.008228700 K_nnz=393075 rhs_cols=1 Vxx_nnz=1040400
FILTERDDP_TIMING iteration=2 barrier_iteration=0 stage=47 derivative_s=0.015968700 first_order_s=0.005445700 second_order_s=0.010219600 algebra_s=0.076123700 kkt_assembly_s=0.003038000 factor_s=0.035090600 solve_s=0.105182300 update_s=0.007457500 K_nnz=393075 rhs_cols=1 Vxx_nnz=1040400
FILTERDDP_TIMING iteration=2 barrier_iteration=0 stage=46 derivative_s=0.052690600 first_order_s=0.005361800 second_order_s=0.047034000 algebra_s=0.080563700 kkt_assembly_s=0.003005100 factor_s=0.033335800 solve_s=0.105786800 update_s=0.053753900 K_nnz=393075 rhs_cols=1 Vxx_nnz=1040400
FILTERDDP_TIMING iteration=2 barrier_iteration=0 stage=45 derivative_s=0.015254600 first_order_s=0.005366000 second_order_s=0.009507000 algebra_s=0.083379200 kkt_assembly_s=0.002979600 factor_s=0.041666000 solve_s=0.184248500 update_s=0.010693600 K_nnz=393075 rhs_cols=1 Vxx_nnz=1040400
FILTERDDP_TIMING iteration=2 barrier_iteration=0 stage=44 derivative_s=0.020737000 first_order_s=0.007274000 second_order_s=0.013096800 algebra_s=0.089823000 kkt_assembly_s=0.002976600 factor_s=0.038717100 solve_s=0.323215300 update_s=0.009265100 K_nnz=393075 rhs_cols=1 Vxx_nnz=1040400
FILTERDDP_TIMING iteration=2 barrier_iteration=0 stage=43 derivative_s=0.018893200 first_order_s=0.005388100 second_order_s=0.013201200 algebra_s=0.083011900 kkt_assembly_s=0.003034200 factor_s=0.032722500 solve_s=0.106430400 update_s=0.007962500 K_nnz=393075 rhs_cols=1 Vxx_nnz=1040400
FILTERDDP_TIMING iteration=2 barrier_iteration=0 stage=42 derivative_s=0.014083700 first_order_s=0.005333900 second_order_s=0.008448800 algebra_s=0.077675500 kkt_assembly_s=0.002992100 factor_s=0.034741900 solve_s=0.160590400 update_s=0.008649700 K_nnz=393075 rhs_cols=1 Vxx_nnz=1040400
FILTERDDP_TIMING iteration=2 barrier_iteration=0 stage=41 derivative_s=0.015434100 first_order_s=0.005204900 second_order_s=0.009932600 algebra_s=0.110662500 kkt_assembly_s=0.003013800 factor_s=0.034031400 solve_s=0.143842600 update_s=0.007733000 K_nnz=393075 rhs_cols=1 Vxx_nnz=1040400
FILTERDDP_TIMING iteration=2 barrier_iteration=0 stage=40 derivative_s=0.016669100 first_order_s=0.007642300 second_order_s=0.008659300 algebra_s=0.129533500 kkt_assembly_s=0.002956400 factor_s=0.034073200 solve_s=0.114601100 update_s=0.007316500 K_nnz=393075 rhs_cols=1 Vxx_nnz=1040400
FILTERDDP_TIMING iteration=2 barrier_iteration=0 stage=39 derivative_s=0.015484600 first_order_s=0.005351000 second_order_s=0.009791600 algebra_s=0.076159300 kkt_assembly_s=0.003345300 factor_s=0.088492200 solve_s=0.109159200 update_s=0.007959800 K_nnz=393075 rhs_cols=1 Vxx_nnz=1040400
FILTERDDP_TIMING iteration=2 barrier_iteration=0 stage=38 derivative_s=0.015143000 first_order_s=0.005094600 second_order_s=0.009756200 algebra_s=0.075717700 kkt_assembly_s=0.002934300 factor_s=0.082048600 solve_s=0.122235600 update_s=0.008149500 K_nnz=393075 rhs_cols=1 Vxx_nnz=1040400
FILTERDDP_TIMING iteration=2 barrier_iteration=0 stage=37 derivative_s=0.020852800 first_order_s=0.008644600 second_order_s=0.011900000 algebra_s=0.146735400 kkt_assembly_s=0.002924200 factor_s=0.041285200 solve_s=0.116229200 update_s=0.007396800 K_nnz=393075 rhs_cols=1 Vxx_nnz=1040400
FILTERDDP_TIMING iteration=2 barrier_iteration=0 stage=36 derivative_s=0.013093900 first_order_s=0.005783000 second_order_s=0.007011900 algebra_s=0.288985600 kkt_assembly_s=0.002933200 factor_s=0.032510800 solve_s=0.117740200 update_s=0.008819500 K_nnz=393075 rhs_cols=1 Vxx_nnz=1040400
FILTERDDP_TIMING iteration=2 barrier_iteration=0 stage=35 derivative_s=0.015185800 first_order_s=0.005026700 second_order_s=0.009869400 algebra_s=0.075600700 kkt_assembly_s=0.003004300 factor_s=0.032550900 solve_s=0.108587600 update_s=0.013080300 K_nnz=393075 rhs_cols=1 Vxx_nnz=1040400
FILTERDDP_TIMING iteration=2 barrier_iteration=0 stage=34 derivative_s=0.015169200 first_order_s=0.005018300 second_order_s=0.009864800 algebra_s=0.126100500 kkt_assembly_s=0.003054200 factor_s=0.031728200 solve_s=0.106035700 update_s=0.008879700 K_nnz=393075 rhs_cols=1 Vxx_nnz=1040400
FILTERDDP_TIMING iteration=2 barrier_iteration=0 stage=33 derivative_s=0.036264900 first_order_s=0.014518900 second_order_s=0.020842000 algebra_s=0.102889900 kkt_assembly_s=0.003058400 factor_s=0.036969800 solve_s=0.144437100 update_s=0.009007700 K_nnz=393075 rhs_cols=1 Vxx_nnz=1040400
FILTERDDP_TIMING iteration=2 barrier_iteration=0 stage=32 derivative_s=0.014735400 first_order_s=0.005329200 second_order_s=0.009103600 algebra_s=0.074812700 kkt_assembly_s=0.002873800 factor_s=0.039589400 solve_s=0.104976000 update_s=0.007702100 K_nnz=393075 rhs_cols=1 Vxx_nnz=1040400
FILTERDDP_TIMING iteration=2 barrier_iteration=0 stage=31 derivative_s=0.060837900 first_order_s=0.005396400 second_order_s=0.055147800 algebra_s=0.078005800 kkt_assembly_s=0.003008700 factor_s=0.038792700 solve_s=0.103177800 update_s=0.011972400 K_nnz=393075 rhs_cols=1 Vxx_nnz=1040400
FILTERDDP_TIMING iteration=2 barrier_iteration=0 stage=30 derivative_s=0.055578900 first_order_s=0.043455100 second_order_s=0.011823100 algebra_s=0.077019200 kkt_assembly_s=0.003842600 factor_s=0.041843500 solve_s=0.108792800 update_s=0.083378300 K_nnz=393075 rhs_cols=1 Vxx_nnz=1040400
FILTERDDP_TIMING iteration=2 barrier_iteration=0 stage=29 derivative_s=0.012605000 first_order_s=0.005139000 second_order_s=0.007169800 algebra_s=0.078364000 kkt_assembly_s=0.003067800 factor_s=0.043471200 solve_s=0.296404000 update_s=0.008839800 K_nnz=393075 rhs_cols=1 Vxx_nnz=1040400
FILTERDDP_TIMING iteration=2 barrier_iteration=0 stage=28 derivative_s=0.015350300 first_order_s=0.005219900 second_order_s=0.009770100 algebra_s=0.075607100 kkt_assembly_s=0.002856800 factor_s=0.032621800 solve_s=0.104750400 update_s=0.008633400 K_nnz=393075 rhs_cols=1 Vxx_nnz=1040400
FILTERDDP_TIMING iteration=2 barrier_iteration=0 stage=27 derivative_s=0.015370700 first_order_s=0.005233400 second_order_s=0.009839600 algebra_s=0.078544900 kkt_assembly_s=0.002949400 factor_s=0.032514600 solve_s=0.110936100 update_s=0.061593100 K_nnz=393075 rhs_cols=1 Vxx_nnz=1040400
FILTERDDP_TIMING iteration=2 barrier_iteration=0 stage=26 derivative_s=0.016061600 first_order_s=0.005368900 second_order_s=0.010384700 algebra_s=0.082023300 kkt_assembly_s=0.002962600 factor_s=0.033622300 solve_s=0.104957500 update_s=0.007712400 K_nnz=393075 rhs_cols=1 Vxx_nnz=1040400
FILTERDDP_TIMING iteration=2 barrier_iteration=0 stage=25 derivative_s=0.015364700 first_order_s=0.005269900 second_order_s=0.009817200 algebra_s=0.120425000 kkt_assembly_s=0.002934400 factor_s=0.036546600 solve_s=0.106033200 update_s=0.009796300 K_nnz=393075 rhs_cols=1 Vxx_nnz=1040400
FILTERDDP_TIMING iteration=2 barrier_iteration=0 stage=24 derivative_s=0.032250900 first_order_s=0.011336500 second_order_s=0.020115800 algebra_s=0.105102600 kkt_assembly_s=0.002821600 factor_s=0.086073100 solve_s=0.130830800 update_s=0.013108500 K_nnz=393075 rhs_cols=1 Vxx_nnz=1040400
FILTERDDP_TIMING iteration=2 barrier_iteration=0 stage=23 derivative_s=0.016982100 first_order_s=0.005941600 second_order_s=0.010741800 algebra_s=0.076391300 kkt_assembly_s=0.002950900 factor_s=0.087711500 solve_s=0.110126900 update_s=0.008442000 K_nnz=393075 rhs_cols=1 Vxx_nnz=1040400
FILTERDDP_TIMING iteration=2 barrier_iteration=0 stage=22 derivative_s=0.015385000 first_order_s=0.005154100 second_order_s=0.009940300 algebra_s=0.111241000 kkt_assembly_s=0.002959200 factor_s=0.040684300 solve_s=0.110385100 update_s=0.008898000 K_nnz=393075 rhs_cols=1 Vxx_nnz=1040400
FILTERDDP_TIMING iteration=2 barrier_iteration=0 stage=21 derivative_s=0.015228300 first_order_s=0.004996100 second_order_s=0.009934100 algebra_s=0.143823900 kkt_assembly_s=0.002990400 factor_s=0.040463000 solve_s=0.108885000 update_s=0.012783400 K_nnz=393075 rhs_cols=1 Vxx_nnz=1040400
FILTERDDP_TIMING iteration=2 barrier_iteration=0 stage=20 derivative_s=0.226965100 first_order_s=0.217495800 second_order_s=0.009159900 algebra_s=0.077095700 kkt_assembly_s=0.003229800 factor_s=0.037016300 solve_s=0.108385400 update_s=0.009097200 K_nnz=393075 rhs_cols=1 Vxx_nnz=1040400
FILTERDDP_TIMING iteration=2 barrier_iteration=0 stage=19 derivative_s=0.015514200 first_order_s=0.005227300 second_order_s=0.009976900 algebra_s=0.076260600 kkt_assembly_s=0.003013700 factor_s=0.031426700 solve_s=0.112077000 update_s=0.008173800 K_nnz=393075 rhs_cols=1 Vxx_nnz=1040400
FILTERDDP_TIMING iteration=2 barrier_iteration=0 stage=18 derivative_s=0.070311000 first_order_s=0.005650600 second_order_s=0.064370400 algebra_s=0.081699700 kkt_assembly_s=0.002818900 factor_s=0.032477200 solve_s=0.120885400 update_s=0.007081300 K_nnz=393075 rhs_cols=1 Vxx_nnz=1040400
FILTERDDP_TIMING iteration=2 barrier_iteration=0 stage=17 derivative_s=0.019441700 first_order_s=0.006630000 second_order_s=0.012399500 algebra_s=0.076616600 kkt_assembly_s=0.002978800 factor_s=0.035398000 solve_s=0.151850000 update_s=0.008849300 K_nnz=393075 rhs_cols=1 Vxx_nnz=1040400
FILTERDDP_TIMING iteration=2 barrier_iteration=0 stage=16 derivative_s=0.015323700 first_order_s=0.005082500 second_order_s=0.009958100 algebra_s=0.075348600 kkt_assembly_s=0.002974700 factor_s=0.039430400 solve_s=0.144202200 update_s=0.008032700 K_nnz=393075 rhs_cols=1 Vxx_nnz=1040400
FILTERDDP_TIMING iteration=2 barrier_iteration=0 stage=15 derivative_s=0.015411900 first_order_s=0.005134300 second_order_s=0.009991300 algebra_s=0.101687000 kkt_assembly_s=0.003075000 factor_s=0.041916000 solve_s=0.145605900 update_s=0.008652200 K_nnz=393075 rhs_cols=1 Vxx_nnz=1040400
FILTERDDP_TIMING iteration=2 barrier_iteration=0 stage=14 derivative_s=0.015576100 first_order_s=0.005152000 second_order_s=0.010126000 algebra_s=0.099312000 kkt_assembly_s=0.003222500 factor_s=0.041321000 solve_s=0.173578100 update_s=0.009048100 K_nnz=393075 rhs_cols=1 Vxx_nnz=1040400
FILTERDDP_TIMING iteration=2 barrier_iteration=0 stage=13 derivative_s=0.015617200 first_order_s=0.005387200 second_order_s=0.009936200 algebra_s=0.075091700 kkt_assembly_s=0.002979900 factor_s=0.041617300 solve_s=0.320389900 update_s=0.011916100 K_nnz=393075 rhs_cols=1 Vxx_nnz=1040400
FILTERDDP_TIMING iteration=2 barrier_iteration=0 stage=12 derivative_s=0.013883300 first_order_s=0.006299900 second_order_s=0.007289500 algebra_s=0.074091600 kkt_assembly_s=0.002940900 factor_s=0.033067000 solve_s=0.120167400 update_s=0.007906300 K_nnz=393075 rhs_cols=1 Vxx_nnz=1040400
FILTERDDP_TIMING iteration=2 barrier_iteration=0 stage=11 derivative_s=0.030733000 first_order_s=0.014558100 second_order_s=0.015317800 algebra_s=0.096754800 kkt_assembly_s=0.003131200 factor_s=0.035534800 solve_s=0.175385900 update_s=0.008081300 K_nnz=393075 rhs_cols=1 Vxx_nnz=1040400
FILTERDDP_TIMING iteration=2 barrier_iteration=0 stage=10 derivative_s=0.032683700 first_order_s=0.013350500 second_order_s=0.018876900 algebra_s=0.102253600 kkt_assembly_s=0.003317700 factor_s=0.033167700 solve_s=0.106118600 update_s=0.008378500 K_nnz=393075 rhs_cols=1 Vxx_nnz=1040400
FILTERDDP_TIMING iteration=2 barrier_iteration=0 stage=9 derivative_s=0.035118100 first_order_s=0.013813300 second_order_s=0.020503000 algebra_s=0.153813000 kkt_assembly_s=0.002923500 factor_s=0.036305400 solve_s=0.112461600 update_s=0.008546700 K_nnz=393075 rhs_cols=1 Vxx_nnz=1040400
FILTERDDP_TIMING iteration=2 barrier_iteration=0 stage=8 derivative_s=0.030246600 first_order_s=0.011534400 second_order_s=0.018100700 algebra_s=0.122705600 kkt_assembly_s=0.006603200 factor_s=0.103778300 solve_s=0.129445500 update_s=0.007653900 K_nnz=393075 rhs_cols=1 Vxx_nnz=1040400
FILTERDDP_TIMING iteration=2 barrier_iteration=0 stage=7 derivative_s=0.018038300 first_order_s=0.005947900 second_order_s=0.011777800 algebra_s=0.082419800 kkt_assembly_s=0.003247000 factor_s=0.084762000 solve_s=0.105329700 update_s=0.009285000 K_nnz=393075 rhs_cols=1 Vxx_nnz=1040400
FILTERDDP_TIMING iteration=2 barrier_iteration=0 stage=6 derivative_s=0.015395100 first_order_s=0.005110000 second_order_s=0.010003000 algebra_s=0.151551600 kkt_assembly_s=0.003475400 factor_s=0.043168500 solve_s=0.120323100 update_s=0.010239200 K_nnz=393075 rhs_cols=1 Vxx_nnz=1040400
FILTERDDP_TIMING iteration=2 barrier_iteration=0 stage=5 derivative_s=0.015264800 first_order_s=0.005287100 second_order_s=0.009619900 algebra_s=0.282406200 kkt_assembly_s=0.003220700 factor_s=0.037440900 solve_s=0.110856500 update_s=0.008020800 K_nnz=393075 rhs_cols=1 Vxx_nnz=1040400
FILTERDDP_TIMING iteration=2 barrier_iteration=0 stage=4 derivative_s=0.015420900 first_order_s=0.005122000 second_order_s=0.010005300 algebra_s=0.075672900 kkt_assembly_s=0.003009600 factor_s=0.035096200 solve_s=0.102610800 update_s=0.009196300 K_nnz=393075 rhs_cols=1 Vxx_nnz=1040400
FILTERDDP_TIMING iteration=2 barrier_iteration=0 stage=3 derivative_s=0.020852100 first_order_s=0.008409800 second_order_s=0.011637200 algebra_s=0.139539600 kkt_assembly_s=0.003502700 factor_s=0.032992200 solve_s=0.101476300 update_s=0.011839700 K_nnz=393075 rhs_cols=1 Vxx_nnz=1040400
FILTERDDP_TIMING iteration=2 barrier_iteration=0 stage=2 derivative_s=0.018030900 first_order_s=0.006136500 second_order_s=0.011579600 algebra_s=0.081037600 kkt_assembly_s=0.002996600 factor_s=0.038094600 solve_s=0.153510500 update_s=0.007247500 K_nnz=393075 rhs_cols=1 Vxx_nnz=1040400
FILTERDDP_TIMING iteration=2 barrier_iteration=0 stage=1 derivative_s=0.013765100 first_order_s=0.005327400 second_order_s=0.008143700 algebra_s=0.076784100 kkt_assembly_s=0.003123700 factor_s=0.040030900 solve_s=0.114771900 update_s=0.008520500 K_nnz=393075 rhs_cols=1 Vxx_nnz=1040400
FILTERDDP_FEASIBILITY iteration=2 barrier_iteration=0 equality_count=2030544 equality_rms=1.690461754575e-01 equality_max=5.664099257845e+00 equality_worst_stage=48 equality_worst_index=31102 dynamics_count=47940 dynamics_rms=1.024905496848e-16 dynamics_max=4.440892098501e-16 dynamics_worst_stage=45 dynamics_worst_index=834 bound_count=1284672 bound_rms=0.000000000000e+00 bound_max=0.000000000000e+00 bound_worst_stage=0 bound_worst_index=0 bound_worst_kind=none
FILTERDDP_ITER_TIMING iteration=2 barrier_iteration=0 backward_s=15.518559900 forward_s=0.000000000 total_s=15.518559900 outcome=barrier_update step_size=9.900085088e-01 backtracks=0 mu=1.000000000e+00
FILTERDDP_TIMING iteration=2 barrier_iteration=1 stage=48 derivative_s=0.062106900 first_order_s=0.005792900 second_order_s=0.055965700 algebra_s=0.078869800 kkt_assembly_s=0.003173000 factor_s=0.041050400 solve_s=0.108096600 update_s=0.044394100 K_nnz=393075 rhs_cols=1 Vxx_nnz=1040400
FILTERDDP_TIMING iteration=2 barrier_iteration=1 stage=47 derivative_s=0.015417700 first_order_s=0.005185100 second_order_s=0.009938400 algebra_s=0.075809000 kkt_assembly_s=0.002864900 factor_s=0.040361400 solve_s=0.138412700 update_s=0.009990300 K_nnz=393075 rhs_cols=1 Vxx_nnz=1040400
FILTERDDP_TIMING iteration=2 barrier_iteration=1 stage=46 derivative_s=0.019544400 first_order_s=0.009127900 second_order_s=0.010105700 algebra_s=0.074857200 kkt_assembly_s=0.002964500 factor_s=0.053012000 solve_s=0.184885700 update_s=0.009003700 K_nnz=393075 rhs_cols=1 Vxx_nnz=1040400
FILTERDDP_TIMING iteration=2 barrier_iteration=1 stage=45 derivative_s=0.015346900 first_order_s=0.005130000 second_order_s=0.009921800 algebra_s=0.096717100 kkt_assembly_s=0.002863400 factor_s=0.043453000 solve_s=0.314169600 update_s=0.008890900 K_nnz=393075 rhs_cols=1 Vxx_nnz=1040400
FILTERDDP_TIMING iteration=2 barrier_iteration=1 stage=44 derivative_s=0.014062700 first_order_s=0.005511300 second_order_s=0.008281400 algebra_s=0.079321700 kkt_assembly_s=0.003146500 factor_s=0.031694000 solve_s=0.106165300 update_s=0.009107900 K_nnz=393075 rhs_cols=1 Vxx_nnz=1040400
FILTERDDP_TIMING iteration=2 barrier_iteration=1 stage=43 derivative_s=0.016987900 first_order_s=0.006107400 second_order_s=0.010595100 algebra_s=0.081877200 kkt_assembly_s=0.002963800 factor_s=0.035225700 solve_s=0.155906500 update_s=0.008431400 K_nnz=393075 rhs_cols=1 Vxx_nnz=1040400
FILTERDDP_TIMING iteration=2 barrier_iteration=1 stage=42 derivative_s=0.033771500 first_order_s=0.012879000 second_order_s=0.020062600 algebra_s=0.086770400 kkt_assembly_s=0.003001000 factor_s=0.031211800 solve_s=0.122926300 update_s=0.010001200 K_nnz=393075 rhs_cols=1 Vxx_nnz=1040400
FILTERDDP_TIMING iteration=2 barrier_iteration=1 stage=41 derivative_s=0.027273400 first_order_s=0.010828100 second_order_s=0.015985500 algebra_s=0.131571000 kkt_assembly_s=0.003402500 factor_s=0.042336200 solve_s=0.112153900 update_s=0.007811200 K_nnz=393075 rhs_cols=1 Vxx_nnz=1040400
FILTERDDP_TIMING iteration=2 barrier_iteration=1 stage=40 derivative_s=0.014998100 first_order_s=0.006271400 second_order_s=0.008424800 algebra_s=0.114632400 kkt_assembly_s=0.002965900 factor_s=0.043907000 solve_s=0.116380500 update_s=0.008881900 K_nnz=393075 rhs_cols=1 Vxx_nnz=1040400
FILTERDDP_TIMING iteration=2 barrier_iteration=1 stage=39 derivative_s=0.015923300 first_order_s=0.005185000 second_order_s=0.010441500 algebra_s=0.111932700 kkt_assembly_s=0.002941300 factor_s=0.043732800 solve_s=0.115978600 update_s=0.007956900 K_nnz=393075 rhs_cols=1 Vxx_nnz=1040400
FILTERDDP_TIMING iteration=2 barrier_iteration=1 stage=38 derivative_s=0.016388400 first_order_s=0.007575300 second_order_s=0.008347100 algebra_s=0.202462000 kkt_assembly_s=0.006072000 factor_s=0.051550500 solve_s=0.116912700 update_s=0.011191900 K_nnz=393075 rhs_cols=1 Vxx_nnz=1040400
FILTERDDP_TIMING iteration=2 barrier_iteration=1 stage=37 derivative_s=0.214932700 first_order_s=0.005015600 second_order_s=0.209624100 algebra_s=0.092035000 kkt_assembly_s=0.002956500 factor_s=0.032263100 solve_s=0.107464000 update_s=0.009015800 K_nnz=393075 rhs_cols=1 Vxx_nnz=1040400
FILTERDDP_TIMING iteration=2 barrier_iteration=1 stage=36 derivative_s=0.012778900 first_order_s=0.005196900 second_order_s=0.007288500 algebra_s=0.076365900 kkt_assembly_s=0.003000000 factor_s=0.034972000 solve_s=0.106662600 update_s=0.009347000 K_nnz=393075 rhs_cols=1 Vxx_nnz=1040400
FILTERDDP_TIMING iteration=2 barrier_iteration=1 stage=35 derivative_s=0.064007300 first_order_s=0.005938500 second_order_s=0.057780800 algebra_s=0.084412500 kkt_assembly_s=0.002984700 factor_s=0.031664500 solve_s=0.109286900 update_s=0.009513300 K_nnz=393075 rhs_cols=1 Vxx_nnz=1040400
FILTERDDP_TIMING iteration=2 barrier_iteration=1 stage=34 derivative_s=0.018712200 first_order_s=0.005876700 second_order_s=0.012530200 algebra_s=0.076362200 kkt_assembly_s=0.003205000 factor_s=0.075539600 solve_s=0.103641400 update_s=0.008784000 K_nnz=393075 rhs_cols=1 Vxx_nnz=1040400
FILTERDDP_TIMING iteration=2 barrier_iteration=1 stage=33 derivative_s=0.018359900 first_order_s=0.004928400 second_order_s=0.013149400 algebra_s=0.076169600 kkt_assembly_s=0.003034900 factor_s=0.043740100 solve_s=0.157217400 update_s=0.009023500 K_nnz=393075 rhs_cols=1 Vxx_nnz=1040400
FILTERDDP_TIMING iteration=2 barrier_iteration=1 stage=32 derivative_s=0.015651700 first_order_s=0.005252700 second_order_s=0.010103400 algebra_s=0.076154100 kkt_assembly_s=0.002921800 factor_s=0.038836600 solve_s=0.146214700 update_s=0.009060100 K_nnz=393075 rhs_cols=1 Vxx_nnz=1040400
FILTERDDP_TIMING iteration=2 barrier_iteration=1 stage=31 derivative_s=0.015617000 first_order_s=0.005220900 second_order_s=0.010087900 algebra_s=0.074898300 kkt_assembly_s=0.002962100 factor_s=0.081752600 solve_s=0.116688400 update_s=0.010815100 K_nnz=393075 rhs_cols=1 Vxx_nnz=1040400
FILTERDDP_TIMING iteration=2 barrier_iteration=1 stage=30 derivative_s=0.015984800 first_order_s=0.005586600 second_order_s=0.010078800 algebra_s=0.095616900 kkt_assembly_s=0.002897000 factor_s=0.046079500 solve_s=0.108731200 update_s=0.014682900 K_nnz=393075 rhs_cols=1 Vxx_nnz=1040400
FILTERDDP_TIMING iteration=2 barrier_iteration=1 stage=29 derivative_s=0.015014100 first_order_s=0.004952900 second_order_s=0.009765400 algebra_s=0.145305100 kkt_assembly_s=0.003008000 factor_s=0.041521300 solve_s=0.116577500 update_s=0.009199800 K_nnz=393075 rhs_cols=1 Vxx_nnz=1040400
FILTERDDP_TIMING iteration=2 barrier_iteration=1 stage=28 derivative_s=0.216728500 first_order_s=0.006591100 second_order_s=0.209828300 algebra_s=0.079487400 kkt_assembly_s=0.002945400 factor_s=0.033002600 solve_s=0.107908300 update_s=0.009135800 K_nnz=393075 rhs_cols=1 Vxx_nnz=1040400
FILTERDDP_TIMING iteration=2 barrier_iteration=1 stage=27 derivative_s=0.015975000 first_order_s=0.005161100 second_order_s=0.010528900 algebra_s=0.075691600 kkt_assembly_s=0.002906500 factor_s=0.033047300 solve_s=0.110197300 update_s=0.009114200 K_nnz=393075 rhs_cols=1 Vxx_nnz=1040400
FILTERDDP_TIMING iteration=2 barrier_iteration=1 stage=26 derivative_s=0.064757800 first_order_s=0.005596000 second_order_s=0.058853100 algebra_s=0.085296100 kkt_assembly_s=0.002947000 factor_s=0.031371900 solve_s=0.114756100 update_s=0.009963200 K_nnz=393075 rhs_cols=1 Vxx_nnz=1040400
FILTERDDP_TIMING iteration=2 barrier_iteration=1 stage=25 derivative_s=0.015199900 first_order_s=0.005009600 second_order_s=0.009896100 algebra_s=0.075444700 kkt_assembly_s=0.044423200 factor_s=0.037625500 solve_s=0.107322100 update_s=0.008950200 K_nnz=393075 rhs_cols=1 Vxx_nnz=1040400
FILTERDDP_TIMING iteration=2 barrier_iteration=1 stage=24 derivative_s=0.015434300 first_order_s=0.005208800 second_order_s=0.009928000 algebra_s=0.075461500 kkt_assembly_s=0.003029500 factor_s=0.039486800 solve_s=0.150196800 update_s=0.008704200 K_nnz=393075 rhs_cols=1 Vxx_nnz=1040400
FILTERDDP_TIMING iteration=2 barrier_iteration=1 stage=23 derivative_s=0.015423800 first_order_s=0.005387300 second_order_s=0.009736600 algebra_s=0.076425200 kkt_assembly_s=0.003051600 factor_s=0.036965700 solve_s=0.146163100 update_s=0.007941000 K_nnz=393075 rhs_cols=1 Vxx_nnz=1040400
FILTERDDP_TIMING iteration=2 barrier_iteration=1 stage=22 derivative_s=0.015656200 first_order_s=0.005330300 second_order_s=0.010035800 algebra_s=0.076317900 kkt_assembly_s=0.002957900 factor_s=0.078231300 solve_s=0.120437900 update_s=0.008675600 K_nnz=393075 rhs_cols=1 Vxx_nnz=1040400
FILTERDDP_TIMING iteration=2 barrier_iteration=1 stage=21 derivative_s=0.015366500 first_order_s=0.005209500 second_order_s=0.009870800 algebra_s=0.146924400 kkt_assembly_s=0.003071400 factor_s=0.045829300 solve_s=0.110030800 update_s=0.008604200 K_nnz=393075 rhs_cols=1 Vxx_nnz=1040400
FILTERDDP_TIMING iteration=2 barrier_iteration=1 stage=20 derivative_s=0.015264300 first_order_s=0.005327300 second_order_s=0.009639100 algebra_s=0.262895300 kkt_assembly_s=0.002870100 factor_s=0.032264000 solve_s=0.107797400 update_s=0.008766000 K_nnz=393075 rhs_cols=1 Vxx_nnz=1040400
FILTERDDP_TIMING iteration=2 barrier_iteration=1 stage=19 derivative_s=0.015297700 first_order_s=0.005415600 second_order_s=0.009581100 algebra_s=0.077346600 kkt_assembly_s=0.002915900 factor_s=0.032319400 solve_s=0.104129400 update_s=0.009241100 K_nnz=393075 rhs_cols=1 Vxx_nnz=1040400
FILTERDDP_TIMING iteration=2 barrier_iteration=1 stage=18 derivative_s=0.034366000 first_order_s=0.013519000 second_order_s=0.020134700 algebra_s=0.149079500 kkt_assembly_s=0.002980200 factor_s=0.033082200 solve_s=0.106981300 update_s=0.008452400 K_nnz=393075 rhs_cols=1 Vxx_nnz=1040400
FILTERDDP_TIMING iteration=2 barrier_iteration=1 stage=17 derivative_s=0.016658000 first_order_s=0.005128900 second_order_s=0.011231900 algebra_s=0.075976300 kkt_assembly_s=0.002856700 factor_s=0.035035300 solve_s=0.152194500 update_s=0.009170000 K_nnz=393075 rhs_cols=1 Vxx_nnz=1040400
FILTERDDP_TIMING iteration=2 barrier_iteration=1 stage=16 derivative_s=0.017376300 first_order_s=0.005297800 second_order_s=0.011777800 algebra_s=0.105880000 kkt_assembly_s=0.003054000 factor_s=0.040532200 solve_s=0.152952500 update_s=0.008063700 K_nnz=393075 rhs_cols=1 Vxx_nnz=1040400
FILTERDDP_TIMING iteration=2 barrier_iteration=1 stage=15 derivative_s=0.015484000 first_order_s=0.005462800 second_order_s=0.009722300 algebra_s=0.077172100 kkt_assembly_s=0.002956700 factor_s=0.049670200 solve_s=0.141158100 update_s=0.006728100 K_nnz=393075 rhs_cols=1 Vxx_nnz=1040400
FILTERDDP_TIMING iteration=2 barrier_iteration=1 stage=14 derivative_s=0.014594800 first_order_s=0.004969300 second_order_s=0.009342100 algebra_s=0.077259400 kkt_assembly_s=0.002895600 factor_s=0.040756900 solve_s=0.188189900 update_s=0.008808000 K_nnz=393075 rhs_cols=1 Vxx_nnz=1040400
FILTERDDP_TIMING iteration=2 barrier_iteration=1 stage=13 derivative_s=0.015511000 first_order_s=0.005143200 second_order_s=0.010086800 algebra_s=0.076679700 kkt_assembly_s=0.003133300 factor_s=0.042233000 solve_s=0.303491000 update_s=0.009179900 K_nnz=393075 rhs_cols=1 Vxx_nnz=1040400
FILTERDDP_TIMING iteration=2 barrier_iteration=1 stage=12 derivative_s=0.015300800 first_order_s=0.005093100 second_order_s=0.009926100 algebra_s=0.077899700 kkt_assembly_s=0.002898500 factor_s=0.035221200 solve_s=0.107164300 update_s=0.009108200 K_nnz=393075 rhs_cols=1 Vxx_nnz=1040400
FILTERDDP_TIMING iteration=2 barrier_iteration=1 stage=11 derivative_s=0.015182100 first_order_s=0.005135100 second_order_s=0.009757000 algebra_s=0.076209000 kkt_assembly_s=0.003342800 factor_s=0.035041900 solve_s=0.154726000 update_s=0.009220600 K_nnz=393075 rhs_cols=1 Vxx_nnz=1040400
FILTERDDP_TIMING iteration=2 barrier_iteration=1 stage=10 derivative_s=0.015619300 first_order_s=0.005231300 second_order_s=0.010092300 algebra_s=0.076720200 kkt_assembly_s=0.002780900 factor_s=0.032634800 solve_s=0.110150100 update_s=0.008278000 K_nnz=393075 rhs_cols=1 Vxx_nnz=1040400
FILTERDDP_TIMING iteration=2 barrier_iteration=1 stage=9 derivative_s=0.061562700 first_order_s=0.005209600 second_order_s=0.056057000 algebra_s=0.073494700 kkt_assembly_s=0.002954200 factor_s=0.036537900 solve_s=0.107609000 update_s=0.008823500 K_nnz=393075 rhs_cols=1 Vxx_nnz=1040400
FILTERDDP_TIMING iteration=2 barrier_iteration=1 stage=8 derivative_s=0.014699600 first_order_s=0.005155400 second_order_s=0.009262600 algebra_s=0.118405400 kkt_assembly_s=0.002937900 factor_s=0.039439700 solve_s=0.109684700 update_s=0.009888300 K_nnz=393075 rhs_cols=1 Vxx_nnz=1040400
FILTERDDP_TIMING iteration=2 barrier_iteration=1 stage=7 derivative_s=0.031948800 first_order_s=0.011606400 second_order_s=0.019553500 algebra_s=0.125661000 kkt_assembly_s=0.002973600 factor_s=0.043678600 solve_s=0.107540300 update_s=0.010521500 K_nnz=393075 rhs_cols=1 Vxx_nnz=1040400
FILTERDDP_TIMING iteration=2 barrier_iteration=1 stage=6 derivative_s=0.015544500 first_order_s=0.005333700 second_order_s=0.009913500 algebra_s=0.112087700 kkt_assembly_s=0.002992700 factor_s=0.040410300 solve_s=0.107112000 update_s=0.008386800 K_nnz=393075 rhs_cols=1 Vxx_nnz=1040400
FILTERDDP_TIMING iteration=2 barrier_iteration=1 stage=5 derivative_s=0.015532600 first_order_s=0.005252600 second_order_s=0.009983100 algebra_s=0.153984600 kkt_assembly_s=0.002996300 factor_s=0.043290600 solve_s=0.113101700 update_s=0.009166000 K_nnz=393075 rhs_cols=1 Vxx_nnz=1040400
FILTERDDP_TIMING iteration=2 barrier_iteration=1 stage=4 derivative_s=0.219553400 first_order_s=0.005248000 second_order_s=0.213992400 algebra_s=0.078398500 kkt_assembly_s=0.002913700 factor_s=0.031662200 solve_s=0.109178000 update_s=0.013402900 K_nnz=393075 rhs_cols=1 Vxx_nnz=1040400
FILTERDDP_TIMING iteration=2 barrier_iteration=1 stage=3 derivative_s=0.017018900 first_order_s=0.005975800 second_order_s=0.010583600 algebra_s=0.076310600 kkt_assembly_s=0.003035700 factor_s=0.033026900 solve_s=0.108543900 update_s=0.010611100 K_nnz=393075 rhs_cols=1 Vxx_nnz=1040400
FILTERDDP_TIMING iteration=2 barrier_iteration=1 stage=2 derivative_s=0.064750900 first_order_s=0.005434800 second_order_s=0.059023500 algebra_s=0.076771800 kkt_assembly_s=0.002991700 factor_s=0.033461300 solve_s=0.107642300 update_s=0.009274700 K_nnz=393075 rhs_cols=1 Vxx_nnz=1040400
FILTERDDP_TIMING iteration=2 barrier_iteration=1 stage=1 derivative_s=0.015327500 first_order_s=0.005031600 second_order_s=0.009994300 algebra_s=0.075140200 kkt_assembly_s=0.003064000 factor_s=0.080686000 solve_s=0.109225400 update_s=0.008747200 K_nnz=393075 rhs_cols=1 Vxx_nnz=1040400
FILTERDDP_FEASIBILITY iteration=2 barrier_iteration=1 equality_count=2030544 equality_rms=1.690461754575e-01 equality_max=5.664099257845e+00 equality_worst_stage=48 equality_worst_index=31102 dynamics_count=47940 dynamics_rms=1.024905496848e-16 dynamics_max=4.440892098501e-16 dynamics_worst_stage=45 dynamics_worst_index=834 bound_count=1284672 bound_rms=0.000000000000e+00 bound_max=0.000000000000e+00 bound_worst_stage=0 bound_worst_index=0 bound_worst_kind=none
     2   3.12866896e+06   5.6641e+00   6.9278e-01   5.4521e+00   -0.70      -     9.9001e-01   0
FILTERDDP_ITER_TIMING iteration=2 barrier_iteration=1 backward_s=15.270950600 forward_s=1.300146300 total_s=16.571096900 outcome=accepted step_size=7.880879368e-01 backtracks=0 mu=2.000000000e-01
FILTERDDP_TIMING iteration=3 barrier_iteration=1 stage=48 derivative_s=0.047805400 first_order_s=0.015824100 second_order_s=0.031136400 algebra_s=0.121455700 kkt_assembly_s=0.003021900 factor_s=0.040930300 solve_s=0.113193000 update_s=0.007161400 K_nnz=393075 rhs_cols=1 Vxx_nnz=1040400
FILTERDDP_TIMING iteration=3 barrier_iteration=1 stage=47 derivative_s=0.083122500 first_order_s=0.005186600 second_order_s=0.077625400 algebra_s=0.076183200 kkt_assembly_s=0.002991700 factor_s=0.041400600 solve_s=0.288404600 update_s=0.006794500 K_nnz=393075 rhs_cols=1 Vxx_nnz=1040400
FILTERDDP_TIMING iteration=3 barrier_iteration=1 stage=46 derivative_s=0.015320100 first_order_s=0.005260100 second_order_s=0.009761000 algebra_s=0.075629100 kkt_assembly_s=0.002941300 factor_s=0.031833700 solve_s=0.116510800 update_s=0.009088900 K_nnz=393075 rhs_cols=1 Vxx_nnz=1040400
FILTERDDP_TIMING iteration=3 barrier_iteration=1 stage=45 derivative_s=0.016049400 first_order_s=0.005499500 second_order_s=0.010243000 algebra_s=0.075742200 kkt_assembly_s=0.003024800 factor_s=0.033484500 solve_s=0.176705800 update_s=0.009511500 K_nnz=393075 rhs_cols=1 Vxx_nnz=1040400
FILTERDDP_TIMING iteration=3 barrier_iteration=1 stage=44 derivative_s=0.013094000 first_order_s=0.005444400 second_order_s=0.007361800 algebra_s=0.085386900 kkt_assembly_s=0.002808800 factor_s=0.034485000 solve_s=0.133683400 update_s=0.008421800 K_nnz=393075 rhs_cols=1 Vxx_nnz=1040400
FILTERDDP_TIMING iteration=3 barrier_iteration=1 stage=43 derivative_s=0.016501500 first_order_s=0.005236900 second_order_s=0.010969300 algebra_s=0.121285600 kkt_assembly_s=0.002894100 factor_s=0.037329000 solve_s=0.108729700 update_s=0.008752400 K_nnz=393075 rhs_cols=1 Vxx_nnz=1040400
FILTERDDP_TIMING iteration=3 barrier_iteration=1 stage=42 derivative_s=0.019961200 first_order_s=0.005619500 second_order_s=0.014047200 algebra_s=0.117952700 kkt_assembly_s=0.003173100 factor_s=0.041369100 solve_s=0.108020800 update_s=0.013420300 K_nnz=393075 rhs_cols=1 Vxx_nnz=1040400
FILTERDDP_TIMING iteration=3 barrier_iteration=1 stage=41 derivative_s=0.015743800 first_order_s=0.005274900 second_order_s=0.010143000 algebra_s=0.119524000 kkt_assembly_s=0.004124300 factor_s=0.047064000 solve_s=0.116715500 update_s=0.012077600 K_nnz=393075 rhs_cols=1 Vxx_nnz=1040400
FILTERDDP_TIMING iteration=3 barrier_iteration=1 stage=40 derivative_s=0.014997900 first_order_s=0.004958200 second_order_s=0.009744900 algebra_s=0.161778900 kkt_assembly_s=0.003056700 factor_s=0.042811800 solve_s=0.103419800 update_s=0.008414900 K_nnz=393075 rhs_cols=1 Vxx_nnz=1040400
FILTERDDP_TIMING iteration=3 barrier_iteration=1 stage=39 derivative_s=0.012744700 first_order_s=0.005433300 second_order_s=0.006962400 algebra_s=0.296911700 kkt_assembly_s=0.003315700 factor_s=0.033089500 solve_s=0.106277600 update_s=0.009333100 K_nnz=393075 rhs_cols=1 Vxx_nnz=1040400
FILTERDDP_TIMING iteration=3 barrier_iteration=1 stage=38 derivative_s=0.016588200 first_order_s=0.007214500 second_order_s=0.009048700 algebra_s=0.105045100 kkt_assembly_s=0.003068800 factor_s=0.060163300 solve_s=0.108724700 update_s=0.009249300 K_nnz=393075 rhs_cols=1 Vxx_nnz=1040400
FILTERDDP_TIMING iteration=3 barrier_iteration=1 stage=37 derivative_s=0.016889600 first_order_s=0.005827100 second_order_s=0.010791000 algebra_s=0.130439300 kkt_assembly_s=0.002964000 factor_s=0.032775100 solve_s=0.106503300 update_s=0.009394300 K_nnz=393075 rhs_cols=1 Vxx_nnz=1040400
FILTERDDP_TIMING iteration=3 barrier_iteration=1 stage=36 derivative_s=0.015398300 first_order_s=0.005266600 second_order_s=0.009835200 algebra_s=0.086048500 kkt_assembly_s=0.003008900 factor_s=0.036436800 solve_s=0.147849700 update_s=0.008822100 K_nnz=393075 rhs_cols=1 Vxx_nnz=1040400
FILTERDDP_TIMING iteration=3 barrier_iteration=1 stage=35 derivative_s=0.015506400 first_order_s=0.005192500 second_order_s=0.010033900 algebra_s=0.076735700 kkt_assembly_s=0.002965500 factor_s=0.058874200 solve_s=0.146984000 update_s=0.009354300 K_nnz=393075 rhs_cols=1 Vxx_nnz=1040400
FILTERDDP_TIMING iteration=3 barrier_iteration=1 stage=34 derivative_s=0.015205400 first_order_s=0.004928000 second_order_s=0.009993200 algebra_s=0.076021700 kkt_assembly_s=0.002843800 factor_s=0.042004100 solve_s=0.147184400 update_s=0.009356500 K_nnz=393075 rhs_cols=1 Vxx_nnz=1040400
FILTERDDP_TIMING iteration=3 barrier_iteration=1 stage=33 derivative_s=0.017583400 first_order_s=0.005414700 second_order_s=0.011884900 algebra_s=0.075768400 kkt_assembly_s=0.003045200 factor_s=0.045645600 solve_s=0.209378800 update_s=0.009226600 K_nnz=393075 rhs_cols=1 Vxx_nnz=1040400
FILTERDDP_TIMING iteration=3 barrier_iteration=1 stage=32 derivative_s=0.016686700 first_order_s=0.005695700 second_order_s=0.010491300 algebra_s=0.094204500 kkt_assembly_s=0.004789500 factor_s=0.045064100 solve_s=0.301581900 update_s=0.011604700 K_nnz=393075 rhs_cols=1 Vxx_nnz=1040400
FILTERDDP_TIMING iteration=3 barrier_iteration=1 stage=31 derivative_s=0.021139900 first_order_s=0.007420300 second_order_s=0.013281800 algebra_s=0.097736600 kkt_assembly_s=0.003084800 factor_s=0.035703700 solve_s=0.105087600 update_s=0.007554700 K_nnz=393075 rhs_cols=1 Vxx_nnz=1040400
FILTERDDP_TIMING iteration=3 barrier_iteration=1 stage=30 derivative_s=0.014808600 first_order_s=0.005292100 second_order_s=0.009224200 algebra_s=0.076131700 kkt_assembly_s=0.003515300 factor_s=0.035241000 solve_s=0.174238200 update_s=0.008667400 K_nnz=393075 rhs_cols=1 Vxx_nnz=1040400
FILTERDDP_TIMING iteration=3 barrier_iteration=1 stage=29 derivative_s=0.015113200 first_order_s=0.005050900 second_order_s=0.009720500 algebra_s=0.075943500 kkt_assembly_s=0.003051100 factor_s=0.033538800 solve_s=0.112736500 update_s=0.052110800 K_nnz=393075 rhs_cols=1 Vxx_nnz=1040400
FILTERDDP_TIMING iteration=3 barrier_iteration=1 stage=28 derivative_s=0.015286100 first_order_s=0.005095500 second_order_s=0.009908800 algebra_s=0.076467100 kkt_assembly_s=0.002970400 factor_s=0.034829900 solve_s=0.106197300 update_s=0.008557300 K_nnz=393075 rhs_cols=1 Vxx_nnz=1040400
FILTERDDP_TIMING iteration=3 barrier_iteration=1 stage=27 derivative_s=0.015515600 first_order_s=0.005108600 second_order_s=0.010133000 algebra_s=0.116384200 kkt_assembly_s=0.003343300 factor_s=0.042728200 solve_s=0.110237300 update_s=0.008870700 K_nnz=393075 rhs_cols=1 Vxx_nnz=1040400
FILTERDDP_TIMING iteration=3 barrier_iteration=1 stage=26 derivative_s=0.015551000 first_order_s=0.005227500 second_order_s=0.010038500 algebra_s=0.119263300 kkt_assembly_s=0.003024700 factor_s=0.042659500 solve_s=0.104504200 update_s=0.009831100 K_nnz=393075 rhs_cols=1 Vxx_nnz=1040400
FILTERDDP_TIMING iteration=3 barrier_iteration=1 stage=25 derivative_s=0.057618900 first_order_s=0.005076000 second_order_s=0.052258500 algebra_s=0.080004300 kkt_assembly_s=0.002992000 factor_s=0.064278200 solve_s=0.113816300 update_s=0.009559400 K_nnz=393075 rhs_cols=1 Vxx_nnz=1040400
FILTERDDP_TIMING iteration=3 barrier_iteration=1 stage=24 derivative_s=0.092931300 first_order_s=0.005613700 second_order_s=0.087020400 algebra_s=0.081308800 kkt_assembly_s=0.003064000 factor_s=0.045898100 solve_s=0.293166600 update_s=0.006752200 K_nnz=393075 rhs_cols=1 Vxx_nnz=1040400
FILTERDDP_TIMING iteration=3 barrier_iteration=1 stage=23 derivative_s=0.017979400 first_order_s=0.006822300 second_order_s=0.010864500 algebra_s=0.074612900 kkt_assembly_s=0.002813100 factor_s=0.032727400 solve_s=0.106469100 update_s=0.008619000 K_nnz=393075 rhs_cols=1 Vxx_nnz=1040400
FILTERDDP_TIMING iteration=3 barrier_iteration=1 stage=22 derivative_s=0.015629900 first_order_s=0.005339500 second_order_s=0.009995400 algebra_s=0.100285500 kkt_assembly_s=0.003141600 factor_s=0.035518800 solve_s=0.126373500 update_s=0.071502800 K_nnz=393075 rhs_cols=1 Vxx_nnz=1040400
FILTERDDP_TIMING iteration=3 barrier_iteration=1 stage=21 derivative_s=0.012240100 first_order_s=0.005056300 second_order_s=0.006861700 algebra_s=0.079068600 kkt_assembly_s=0.002825700 factor_s=0.031594000 solve_s=0.126151600 update_s=0.008709200 K_nnz=393075 rhs_cols=1 Vxx_nnz=1040400
FILTERDDP_TIMING iteration=3 barrier_iteration=1 stage=20 derivative_s=0.015401200 first_order_s=0.005313000 second_order_s=0.009699100 algebra_s=0.133267800 kkt_assembly_s=0.002948700 factor_s=0.036936900 solve_s=0.113869800 update_s=0.008904000 K_nnz=393075 rhs_cols=1 Vxx_nnz=1040400
FILTERDDP_TIMING iteration=3 barrier_iteration=1 stage=19 derivative_s=0.015276400 first_order_s=0.005068100 second_order_s=0.009898100 algebra_s=0.075830200 kkt_assembly_s=0.041968000 factor_s=0.039740800 solve_s=0.115808600 update_s=0.013129700 K_nnz=393075 rhs_cols=1 Vxx_nnz=1040400
FILTERDDP_TIMING iteration=3 barrier_iteration=1 stage=18 derivative_s=0.031219800 first_order_s=0.011912400 second_order_s=0.018463300 algebra_s=0.149002700 kkt_assembly_s=0.003002000 factor_s=0.045700300 solve_s=0.116811500 update_s=0.009178200 K_nnz=393075 rhs_cols=1 Vxx_nnz=1040400
FILTERDDP_TIMING iteration=3 barrier_iteration=1 stage=17 derivative_s=0.035055300 first_order_s=0.013092600 second_order_s=0.021070900 algebra_s=0.116912500 kkt_assembly_s=0.002966800 factor_s=0.043167000 solve_s=0.112288500 update_s=0.009163800 K_nnz=393075 rhs_cols=1 Vxx_nnz=1040400
FILTERDDP_TIMING iteration=3 barrier_iteration=1 stage=16 derivative_s=0.015316400 first_order_s=0.005300100 second_order_s=0.009719300 algebra_s=0.153993800 kkt_assembly_s=0.002966200 factor_s=0.045964500 solve_s=0.111643900 update_s=0.009139100 K_nnz=393075 rhs_cols=1 Vxx_nnz=1040400
FILTERDDP_TIMING iteration=3 barrier_iteration=1 stage=15 derivative_s=0.015636200 first_order_s=0.005049200 second_order_s=0.010289600 algebra_s=0.272678600 kkt_assembly_s=0.002882600 factor_s=0.035275600 solve_s=0.104188500 update_s=0.009002500 K_nnz=393075 rhs_cols=1 Vxx_nnz=1040400
FILTERDDP_TIMING iteration=3 barrier_iteration=1 stage=14 derivative_s=0.015648500 first_order_s=0.005134900 second_order_s=0.010216000 algebra_s=0.079995200 kkt_assembly_s=0.003007500 factor_s=0.032875700 solve_s=0.110036000 update_s=0.009265100 K_nnz=393075 rhs_cols=1 Vxx_nnz=1040400
FILTERDDP_TIMING iteration=3 barrier_iteration=1 stage=13 derivative_s=0.015359500 first_order_s=0.005095200 second_order_s=0.009970600 algebra_s=0.145166500 kkt_assembly_s=0.002798300 factor_s=0.032149100 solve_s=0.105636500 update_s=0.009802500 K_nnz=393075 rhs_cols=1 Vxx_nnz=1040400
FILTERDDP_TIMING iteration=3 barrier_iteration=1 stage=12 derivative_s=0.015511500 first_order_s=0.005244400 second_order_s=0.009919500 algebra_s=0.078265800 kkt_assembly_s=0.002915100 factor_s=0.035672300 solve_s=0.150725100 update_s=0.008941100 K_nnz=393075 rhs_cols=1 Vxx_nnz=1040400
FILTERDDP_TIMING iteration=3 barrier_iteration=1 stage=11 derivative_s=0.015152000 first_order_s=0.005244800 second_order_s=0.009606800 algebra_s=0.078191000 kkt_assembly_s=0.002945300 factor_s=0.041689600 solve_s=0.144615000 update_s=0.008457100 K_nnz=393075 rhs_cols=1 Vxx_nnz=1040400
FILTERDDP_TIMING iteration=3 barrier_iteration=1 stage=10 derivative_s=0.016105000 first_order_s=0.005610000 second_order_s=0.010190300 algebra_s=0.075168800 kkt_assembly_s=0.002887500 factor_s=0.039119300 solve_s=0.154243800 update_s=0.009871200 K_nnz=393075 rhs_cols=1 Vxx_nnz=1040400
FILTERDDP_TIMING iteration=3 barrier_iteration=1 stage=9 derivative_s=0.015238600 first_order_s=0.005027400 second_order_s=0.009927400 algebra_s=0.076044800 kkt_assembly_s=0.003756000 factor_s=0.042260900 solve_s=0.188928600 update_s=0.008578200 K_nnz=393075 rhs_cols=1 Vxx_nnz=1040400
FILTERDDP_TIMING iteration=3 barrier_iteration=1 stage=8 derivative_s=0.017954200 first_order_s=0.005232200 second_order_s=0.012412500 algebra_s=0.076033100 kkt_assembly_s=0.002973000 factor_s=0.042732700 solve_s=0.309497500 update_s=0.009290600 K_nnz=393075 rhs_cols=1 Vxx_nnz=1040400
FILTERDDP_TIMING iteration=3 barrier_iteration=1 stage=7 derivative_s=0.015634600 first_order_s=0.004977400 second_order_s=0.010367800 algebra_s=0.074831500 kkt_assembly_s=0.002948400 factor_s=0.033503800 solve_s=0.112212900 update_s=0.008951900 K_nnz=393075 rhs_cols=1 Vxx_nnz=1040400
FILTERDDP_TIMING iteration=3 barrier_iteration=1 stage=6 derivative_s=0.015741300 first_order_s=0.005151100 second_order_s=0.010297900 algebra_s=0.076051500 kkt_assembly_s=0.003161600 factor_s=0.033082100 solve_s=0.162764500 update_s=0.009122900 K_nnz=393075 rhs_cols=1 Vxx_nnz=1040400
FILTERDDP_TIMING iteration=3 barrier_iteration=1 stage=5 derivative_s=0.015746300 first_order_s=0.005410500 second_order_s=0.010026300 algebra_s=0.077310500 kkt_assembly_s=0.002916700 factor_s=0.034686800 solve_s=0.108459700 update_s=0.008198300 K_nnz=393075 rhs_cols=1 Vxx_nnz=1040400
FILTERDDP_TIMING iteration=3 barrier_iteration=1 stage=4 derivative_s=0.013072800 first_order_s=0.005283700 second_order_s=0.007487400 algebra_s=0.129252600 kkt_assembly_s=0.003358400 factor_s=0.037403400 solve_s=0.105056200 update_s=0.009705100 K_nnz=393075 rhs_cols=1 Vxx_nnz=1040400
FILTERDDP_TIMING iteration=3 barrier_iteration=1 stage=3 derivative_s=0.014297000 first_order_s=0.004932100 second_order_s=0.009071800 algebra_s=0.115492200 kkt_assembly_s=0.002888500 factor_s=0.042664800 solve_s=0.125978400 update_s=0.012101600 K_nnz=393075 rhs_cols=1 Vxx_nnz=1040400
FILTERDDP_TIMING iteration=3 barrier_iteration=1 stage=2 derivative_s=0.031385000 first_order_s=0.012176200 second_order_s=0.018571600 algebra_s=0.121021100 kkt_assembly_s=0.003152600 factor_s=0.043097200 solve_s=0.121098800 update_s=0.010107700 K_nnz=393075 rhs_cols=1 Vxx_nnz=1040400
FILTERDDP_TIMING iteration=3 barrier_iteration=1 stage=1 derivative_s=0.022479400 first_order_s=0.008167000 second_order_s=0.013881400 algebra_s=0.155041700 kkt_assembly_s=0.003017500 factor_s=0.042690900 solve_s=0.109651700 update_s=0.010071400 K_nnz=393075 rhs_cols=1 Vxx_nnz=1040400
FILTERDDP_FEASIBILITY iteration=3 barrier_iteration=1 equality_count=2030544 equality_rms=4.145761600149e-02 equality_max=1.211058193485e+00 equality_worst_stage=48 equality_worst_index=31102 dynamics_count=47940 dynamics_rms=9.623767578429e-17 dynamics_max=2.220446049250e-16 dynamics_worst_stage=47 dynamics_worst_index=3 bound_count=1284672 bound_rms=0.000000000000e+00 bound_max=0.000000000000e+00 bound_worst_stage=0 bound_worst_index=0 bound_worst_kind=none
FILTERDDP_ITER_TIMING iteration=3 barrier_iteration=1 backward_s=15.568270700 forward_s=0.000000000 total_s=15.568270700 outcome=barrier_update step_size=7.880879368e-01 backtracks=0 mu=2.000000000e-01
FILTERDDP_TIMING iteration=3 barrier_iteration=2 stage=48 derivative_s=0.216346600 first_order_s=0.005447300 second_order_s=0.210609200 algebra_s=0.081221900 kkt_assembly_s=0.002943600 factor_s=0.032790200 solve_s=0.113946100 update_s=0.010360900 K_nnz=393075 rhs_cols=1 Vxx_nnz=1040400
FILTERDDP_TIMING iteration=3 barrier_iteration=2 stage=47 derivative_s=0.018578900 first_order_s=0.006247200 second_order_s=0.011984400 algebra_s=0.089293100 kkt_assembly_s=0.002921700 factor_s=0.033422600 solve_s=0.103860700 update_s=0.008948900 K_nnz=393075 rhs_cols=1 Vxx_nnz=1040400
FILTERDDP_TIMING iteration=3 barrier_iteration=2 stage=46 derivative_s=0.063482200 first_order_s=0.005097500 second_order_s=0.058066900 algebra_s=0.076070300 kkt_assembly_s=0.003000400 factor_s=0.035590900 solve_s=0.110536800 update_s=0.008744000 K_nnz=393075 rhs_cols=1 Vxx_nnz=1040400
FILTERDDP_TIMING iteration=3 barrier_iteration=2 stage=45 derivative_s=0.014334300 first_order_s=0.005207700 second_order_s=0.008820000 algebra_s=0.086070100 kkt_assembly_s=0.003016000 factor_s=0.081023500 solve_s=0.117579700 update_s=0.009043900 K_nnz=393075 rhs_cols=1 Vxx_nnz=1040400
FILTERDDP_TIMING iteration=3 barrier_iteration=2 stage=44 derivative_s=0.015260900 first_order_s=0.005101500 second_order_s=0.009877800 algebra_s=0.076559500 kkt_assembly_s=0.002979400 factor_s=0.040485200 solve_s=0.141749200 update_s=0.008835600 K_nnz=393075 rhs_cols=1 Vxx_nnz=1040400
FILTERDDP_TIMING iteration=3 barrier_iteration=2 stage=43 derivative_s=0.016848200 first_order_s=0.005247300 second_order_s=0.011306000 algebra_s=0.076599100 kkt_assembly_s=0.002905300 factor_s=0.039493700 solve_s=0.145976400 update_s=0.008625300 K_nnz=393075 rhs_cols=1 Vxx_nnz=1040400
FILTERDDP_TIMING iteration=3 barrier_iteration=2 stage=42 derivative_s=0.015075400 first_order_s=0.005316600 second_order_s=0.009428000 algebra_s=0.076626600 kkt_assembly_s=0.003001900 factor_s=0.040819300 solve_s=0.152785100 update_s=0.008740300 K_nnz=393075 rhs_cols=1 Vxx_nnz=1040400
FILTERDDP_TIMING iteration=3 barrier_iteration=2 stage=41 derivative_s=0.013800000 first_order_s=0.005316200 second_order_s=0.008158900 algebra_s=0.076805000 kkt_assembly_s=0.002955000 factor_s=0.042454400 solve_s=0.187690500 update_s=0.007210700 K_nnz=393075 rhs_cols=1 Vxx_nnz=1040400
FILTERDDP_TIMING iteration=3 barrier_iteration=2 stage=40 derivative_s=0.013093600 first_order_s=0.005272800 second_order_s=0.007524000 algebra_s=0.076128200 kkt_assembly_s=0.194110900 factor_s=0.033175400 solve_s=0.106783000 update_s=0.008823600 K_nnz=393075 rhs_cols=1 Vxx_nnz=1040400
FILTERDDP_TIMING iteration=3 barrier_iteration=2 stage=39 derivative_s=0.022070100 first_order_s=0.007164900 second_order_s=0.014604300 algebra_s=0.077213300 kkt_assembly_s=0.002940100 factor_s=0.034907700 solve_s=0.105648500 update_s=0.008211600 K_nnz=393075 rhs_cols=1 Vxx_nnz=1040400
FILTERDDP_TIMING iteration=3 barrier_iteration=2 stage=38 derivative_s=0.015901800 first_order_s=0.005305700 second_order_s=0.010297700 algebra_s=0.082014800 kkt_assembly_s=0.003289100 factor_s=0.035022400 solve_s=0.161925100 update_s=0.009258800 K_nnz=393075 rhs_cols=1 Vxx_nnz=1040400
FILTERDDP_TIMING iteration=3 barrier_iteration=2 stage=37 derivative_s=0.015552800 first_order_s=0.005270300 second_order_s=0.009987700 algebra_s=0.077777400 kkt_assembly_s=0.002979300 factor_s=0.036278800 solve_s=0.103837500 update_s=0.010750300 K_nnz=393075 rhs_cols=1 Vxx_nnz=1040400
FILTERDDP_TIMING iteration=3 barrier_iteration=2 stage=36 derivative_s=0.060654200 first_order_s=0.005679600 second_order_s=0.054550100 algebra_s=0.085506900 kkt_assembly_s=0.003367500 factor_s=0.041944200 solve_s=0.118577200 update_s=0.007245300 K_nnz=393075 rhs_cols=1 Vxx_nnz=1040400
FILTERDDP_TIMING iteration=3 barrier_iteration=2 stage=35 derivative_s=0.014970600 first_order_s=0.006877700 second_order_s=0.007703400 algebra_s=0.109395000 kkt_assembly_s=0.003086500 factor_s=0.044000800 solve_s=0.116199200 update_s=0.008736100 K_nnz=393075 rhs_cols=1 Vxx_nnz=1040400
FILTERDDP_TIMING iteration=3 barrier_iteration=2 stage=34 derivative_s=0.015255100 first_order_s=0.004931600 second_order_s=0.010036000 algebra_s=0.116922500 kkt_assembly_s=0.002999400 factor_s=0.042186800 solve_s=0.115835000 update_s=0.009161300 K_nnz=393075 rhs_cols=1 Vxx_nnz=1040400
FILTERDDP_TIMING iteration=3 barrier_iteration=2 stage=33 derivative_s=0.014759500 first_order_s=0.004993800 second_order_s=0.009479500 algebra_s=0.114131300 kkt_assembly_s=0.003010400 factor_s=0.040992500 solve_s=0.111506100 update_s=0.008777900 K_nnz=393075 rhs_cols=1 Vxx_nnz=1040400
FILTERDDP_TIMING iteration=3 barrier_iteration=2 stage=32 derivative_s=0.089749300 first_order_s=0.005219200 second_order_s=0.084233300 algebra_s=0.076861500 kkt_assembly_s=0.002895600 factor_s=0.043278800 solve_s=0.115904200 update_s=0.221377000 K_nnz=393075 rhs_cols=1 Vxx_nnz=1040400
FILTERDDP_TIMING iteration=3 barrier_iteration=2 stage=31 derivative_s=0.022869800 first_order_s=0.008814800 second_order_s=0.013752700 algebra_s=0.076789600 kkt_assembly_s=0.002870600 factor_s=0.032429000 solve_s=0.110944600 update_s=0.008986800 K_nnz=393075 rhs_cols=1 Vxx_nnz=1040400
FILTERDDP_TIMING iteration=3 barrier_iteration=2 stage=30 derivative_s=0.016113800 first_order_s=0.005369200 second_order_s=0.010405700 algebra_s=0.101692200 kkt_assembly_s=0.002866000 factor_s=0.036431800 solve_s=0.118168600 update_s=0.010152300 K_nnz=393075 rhs_cols=1 Vxx_nnz=1040400
FILTERDDP_TIMING iteration=3 barrier_iteration=2 stage=29 derivative_s=0.067861100 first_order_s=0.005913100 second_order_s=0.061650800 algebra_s=0.077460600 kkt_assembly_s=0.003021000 factor_s=0.032974700 solve_s=0.105105100 update_s=0.007352500 K_nnz=393075 rhs_cols=1 Vxx_nnz=1040400
FILTERDDP_TIMING iteration=3 barrier_iteration=2 stage=28 derivative_s=0.013651600 first_order_s=0.005180000 second_order_s=0.008169100 algebra_s=0.076391200 kkt_assembly_s=0.003046400 factor_s=0.037430700 solve_s=0.163015900 update_s=0.009008600 K_nnz=393075 rhs_cols=1 Vxx_nnz=1040400
FILTERDDP_TIMING iteration=3 barrier_iteration=2 stage=27 derivative_s=0.015751800 first_order_s=0.005294300 second_order_s=0.010162600 algebra_s=0.077841400 kkt_assembly_s=0.003032100 factor_s=0.039581800 solve_s=0.152248300 update_s=0.009268100 K_nnz=393075 rhs_cols=1 Vxx_nnz=1040400
FILTERDDP_TIMING iteration=3 barrier_iteration=2 stage=26 derivative_s=0.012351100 first_order_s=0.005122300 second_order_s=0.006922900 algebra_s=0.075836900 kkt_assembly_s=0.002997500 factor_s=0.041855900 solve_s=0.146875000 update_s=0.008602100 K_nnz=393075 rhs_cols=1 Vxx_nnz=1040400
FILTERDDP_TIMING iteration=3 barrier_iteration=2 stage=25 derivative_s=0.013579100 first_order_s=0.005499600 second_order_s=0.007788000 algebra_s=0.075216500 kkt_assembly_s=0.003048000 factor_s=0.045189100 solve_s=0.147697500 update_s=0.008832500 K_nnz=393075 rhs_cols=1 Vxx_nnz=1040400
FILTERDDP_TIMING iteration=3 barrier_iteration=2 stage=24 derivative_s=0.017041100 first_order_s=0.005218700 second_order_s=0.011521300 algebra_s=0.081504400 kkt_assembly_s=0.002883700 factor_s=0.044132000 solve_s=0.188894300 update_s=0.009265300 K_nnz=393075 rhs_cols=1 Vxx_nnz=1040400
FILTERDDP_TIMING iteration=3 barrier_iteration=2 stage=23 derivative_s=0.015673100 first_order_s=0.005232500 second_order_s=0.010140600 algebra_s=0.079016200 kkt_assembly_s=0.002837600 factor_s=0.041253900 solve_s=0.289296600 update_s=0.008560900 K_nnz=393075 rhs_cols=1 Vxx_nnz=1040400
FILTERDDP_TIMING iteration=3 barrier_iteration=2 stage=22 derivative_s=0.015361600 first_order_s=0.005124200 second_order_s=0.009958900 algebra_s=0.076676400 kkt_assembly_s=0.002922700 factor_s=0.033780600 solve_s=0.107231100 update_s=0.012595800 K_nnz=393075 rhs_cols=1 Vxx_nnz=1040400
FILTERDDP_TIMING iteration=3 barrier_iteration=2 stage=21 derivative_s=0.018553000 first_order_s=0.005192000 second_order_s=0.013040900 algebra_s=0.075516200 kkt_assembly_s=0.003291700 factor_s=0.034836900 solve_s=0.161538800 update_s=0.009040900 K_nnz=393075 rhs_cols=1 Vxx_nnz=1040400
FILTERDDP_TIMING iteration=3 barrier_iteration=2 stage=20 derivative_s=0.016136100 first_order_s=0.005649400 second_order_s=0.010182900 algebra_s=0.076204800 kkt_assembly_s=0.003008200 factor_s=0.032611100 solve_s=0.114715900 update_s=0.008701800 K_nnz=393075 rhs_cols=1 Vxx_nnz=1040400
FILTERDDP_TIMING iteration=3 barrier_iteration=2 stage=19 derivative_s=0.059521300 first_order_s=0.005523700 second_order_s=0.053700400 algebra_s=0.076911000 kkt_assembly_s=0.003030100 factor_s=0.035888900 solve_s=0.105047000 update_s=0.008742600 K_nnz=393075 rhs_cols=1 Vxx_nnz=1040400
FILTERDDP_TIMING iteration=3 barrier_iteration=2 stage=18 derivative_s=0.032334000 first_order_s=0.012375400 second_order_s=0.019289600 algebra_s=0.120355100 kkt_assembly_s=0.003034000 factor_s=0.038709000 solve_s=0.105893800 update_s=0.007940500 K_nnz=393075 rhs_cols=1 Vxx_nnz=1040400
FILTERDDP_TIMING iteration=3 barrier_iteration=2 stage=17 derivative_s=0.015609600 first_order_s=0.005304300 second_order_s=0.010008700 algebra_s=0.117573900 kkt_assembly_s=0.002785500 factor_s=0.042435700 solve_s=0.113236300 update_s=0.008638200 K_nnz=393075 rhs_cols=1 Vxx_nnz=1040400
FILTERDDP_TIMING iteration=3 barrier_iteration=2 stage=16 derivative_s=0.055370700 first_order_s=0.005403800 second_order_s=0.049663900 algebra_s=0.076292100 kkt_assembly_s=0.002910600 factor_s=0.041435000 solve_s=0.109059600 update_s=0.008754300 K_nnz=393075 rhs_cols=1 Vxx_nnz=1040400
FILTERDDP_TIMING iteration=3 barrier_iteration=2 stage=15 derivative_s=0.085410300 first_order_s=0.077916200 second_order_s=0.007174700 algebra_s=0.077154600 kkt_assembly_s=0.002968900 factor_s=0.042918300 solve_s=0.305324900 update_s=0.006932500 K_nnz=393075 rhs_cols=1 Vxx_nnz=1040400
FILTERDDP_TIMING iteration=3 barrier_iteration=2 stage=14 derivative_s=0.015180200 first_order_s=0.005416800 second_order_s=0.009420000 algebra_s=0.075279100 kkt_assembly_s=0.002919000 factor_s=0.033355100 solve_s=0.106568500 update_s=0.007782000 K_nnz=393075 rhs_cols=1 Vxx_nnz=1040400
FILTERDDP_TIMING iteration=3 barrier_iteration=2 stage=13 derivative_s=0.015838900 first_order_s=0.005320800 second_order_s=0.010215700 algebra_s=0.077348000 kkt_assembly_s=0.003130900 factor_s=0.035000500 solve_s=0.110554000 update_s=0.008814100 K_nnz=393075 rhs_cols=1 Vxx_nnz=1040400
FILTERDDP_TIMING iteration=3 barrier_iteration=2 stage=12 derivative_s=0.071680600 first_order_s=0.005581700 second_order_s=0.065808200 algebra_s=0.077552900 kkt_assembly_s=0.002963500 factor_s=0.033309800 solve_s=0.104604700 update_s=0.008793300 K_nnz=393075 rhs_cols=1 Vxx_nnz=1040400
FILTERDDP_TIMING iteration=3 barrier_iteration=2 stage=11 derivative_s=0.012340400 first_order_s=0.005184400 second_order_s=0.006862300 algebra_s=0.078006600 kkt_assembly_s=0.002991400 factor_s=0.037657700 solve_s=0.159544900 update_s=0.008703000 K_nnz=393075 rhs_cols=1 Vxx_nnz=1040400
FILTERDDP_TIMING iteration=3 barrier_iteration=2 stage=10 derivative_s=0.015637200 first_order_s=0.005296700 second_order_s=0.009990300 algebra_s=0.076787000 kkt_assembly_s=0.002946700 factor_s=0.038862600 solve_s=0.149159800 update_s=0.008051000 K_nnz=393075 rhs_cols=1 Vxx_nnz=1040400
FILTERDDP_TIMING iteration=3 barrier_iteration=2 stage=9 derivative_s=0.015205200 first_order_s=0.005125800 second_order_s=0.009784500 algebra_s=0.075697800 kkt_assembly_s=0.003037500 factor_s=0.042485800 solve_s=0.151771500 update_s=0.006863600 K_nnz=393075 rhs_cols=1 Vxx_nnz=1040400
FILTERDDP_TIMING iteration=3 barrier_iteration=2 stage=8 derivative_s=0.015294600 first_order_s=0.005045300 second_order_s=0.009940400 algebra_s=0.076231100 kkt_assembly_s=0.002928500 factor_s=0.044835400 solve_s=0.178450600 update_s=0.009448100 K_nnz=393075 rhs_cols=1 Vxx_nnz=1040400
FILTERDDP_TIMING iteration=3 barrier_iteration=2 stage=7 derivative_s=0.015471800 first_order_s=0.005347700 second_order_s=0.009843700 algebra_s=0.076995900 kkt_assembly_s=0.003034600 factor_s=0.043053000 solve_s=0.309983000 update_s=0.007375700 K_nnz=393075 rhs_cols=1 Vxx_nnz=1040400
FILTERDDP_TIMING iteration=3 barrier_iteration=2 stage=6 derivative_s=0.015365700 first_order_s=0.004992200 second_order_s=0.010079300 algebra_s=0.076037000 kkt_assembly_s=0.002992500 factor_s=0.035756200 solve_s=0.116326400 update_s=0.009179200 K_nnz=393075 rhs_cols=1 Vxx_nnz=1040400
FILTERDDP_TIMING iteration=3 barrier_iteration=2 stage=5 derivative_s=0.019113200 first_order_s=0.005711500 second_order_s=0.013100100 algebra_s=0.076022400 kkt_assembly_s=0.002771600 factor_s=0.033486700 solve_s=0.106165600 update_s=0.064822900 K_nnz=393075 rhs_cols=1 Vxx_nnz=1040400
FILTERDDP_TIMING iteration=3 barrier_iteration=2 stage=4 derivative_s=0.015732400 first_order_s=0.005056300 second_order_s=0.010385100 algebra_s=0.077476800 kkt_assembly_s=0.003014600 factor_s=0.032152500 solve_s=0.130219800 update_s=0.008740600 K_nnz=393075 rhs_cols=1 Vxx_nnz=1040400
FILTERDDP_TIMING iteration=3 barrier_iteration=2 stage=3 derivative_s=0.017304700 first_order_s=0.005058100 second_order_s=0.011945300 algebra_s=0.123580000 kkt_assembly_s=0.002903200 factor_s=0.038490200 solve_s=0.139668000 update_s=0.009041600 K_nnz=393075 rhs_cols=1 Vxx_nnz=1040400
FILTERDDP_TIMING iteration=3 barrier_iteration=2 stage=2 derivative_s=0.015251900 first_order_s=0.004976400 second_order_s=0.009989200 algebra_s=0.075660700 kkt_assembly_s=0.002810100 factor_s=0.041190500 solve_s=0.152448900 update_s=0.008757600 K_nnz=393075 rhs_cols=1 Vxx_nnz=1040400
FILTERDDP_TIMING iteration=3 barrier_iteration=2 stage=1 derivative_s=0.015004800 first_order_s=0.004977100 second_order_s=0.009733700 algebra_s=0.077745400 kkt_assembly_s=0.002900500 factor_s=0.058656200 solve_s=0.152625200 update_s=0.009463000 K_nnz=393075 rhs_cols=1 Vxx_nnz=1040400
FILTERDDP_FEASIBILITY iteration=3 barrier_iteration=2 equality_count=2030544 equality_rms=4.145761600149e-02 equality_max=1.211058193485e+00 equality_worst_stage=48 equality_worst_index=31102 dynamics_count=47940 dynamics_rms=9.623767578429e-17 dynamics_max=2.220446049250e-16 dynamics_worst_stage=47 dynamics_worst_index=3 bound_count=1284672 bound_rms=0.000000000000e+00 bound_max=0.000000000000e+00 bound_worst_stage=0 bound_worst_index=0 bound_worst_kind=none
     3   3.15540239e+06   1.2111e+00   2.9650e-01   1.9207e+00   -1.40      -     7.8809e-01   0
FILTERDDP_ITER_TIMING iteration=3 barrier_iteration=2 backward_s=15.107830700 forward_s=1.368765900 total_s=16.476596600 outcome=accepted step_size=9.008144934e-01 backtracks=0 mu=4.000000000e-02
FILTERDDP_TIMING iteration=4 barrier_iteration=2 stage=48 derivative_s=0.262117000 first_order_s=0.010719900 second_order_s=0.251103300 algebra_s=0.081147400 kkt_assembly_s=0.003010600 factor_s=0.036698500 solve_s=0.107548700 update_s=0.008400500 K_nnz=393075 rhs_cols=1 Vxx_nnz=1040400
FILTERDDP_TIMING iteration=4 barrier_iteration=2 stage=47 derivative_s=0.015872300 first_order_s=0.006438800 second_order_s=0.009131100 algebra_s=0.076508300 kkt_assembly_s=0.002993500 factor_s=0.032862100 solve_s=0.107698000 update_s=0.008955300 K_nnz=393075 rhs_cols=1 Vxx_nnz=1040400
FILTERDDP_TIMING iteration=4 barrier_iteration=2 stage=46 derivative_s=0.077577700 first_order_s=0.058579100 second_order_s=0.018418800 algebra_s=0.082078500 kkt_assembly_s=0.003030500 factor_s=0.032958000 solve_s=0.106075400 update_s=0.008052200 K_nnz=393075 rhs_cols=1 Vxx_nnz=1040400
FILTERDDP_TIMING iteration=4 barrier_iteration=2 stage=45 derivative_s=0.018275000 first_order_s=0.005058400 second_order_s=0.012889700 algebra_s=0.076325600 kkt_assembly_s=0.045508300 factor_s=0.038431400 solve_s=0.112188200 update_s=0.006957700 K_nnz=393075 rhs_cols=1 Vxx_nnz=1040400
FILTERDDP_TIMING iteration=4 barrier_iteration=2 stage=44 derivative_s=0.015889500 first_order_s=0.005826600 second_order_s=0.009760300 algebra_s=0.079426400 kkt_assembly_s=0.002969300 factor_s=0.041647100 solve_s=0.153894400 update_s=0.009171500 K_nnz=393075 rhs_cols=1 Vxx_nnz=1040400
FILTERDDP_TIMING iteration=4 barrier_iteration=2 stage=43 derivative_s=0.015148100 first_order_s=0.005163200 second_order_s=0.009698700 algebra_s=0.076265700 kkt_assembly_s=0.002914900 factor_s=0.039883400 solve_s=0.149937700 update_s=0.007743000 K_nnz=393075 rhs_cols=1 Vxx_nnz=1040400
FILTERDDP_TIMING iteration=4 barrier_iteration=2 stage=42 derivative_s=0.015409600 first_order_s=0.005264600 second_order_s=0.009853200 algebra_s=0.076256900 kkt_assembly_s=0.002873600 factor_s=0.042096900 solve_s=0.165731600 update_s=0.008806100 K_nnz=393075 rhs_cols=1 Vxx_nnz=1040400
FILTERDDP_TIMING iteration=4 barrier_iteration=2 stage=41 derivative_s=0.016018900 first_order_s=0.005478000 second_order_s=0.010230700 algebra_s=0.079232100 kkt_assembly_s=0.002949100 factor_s=0.117068600 solve_s=0.108963100 update_s=0.008705800 K_nnz=393075 rhs_cols=1 Vxx_nnz=1040400
FILTERDDP_TIMING iteration=4 barrier_iteration=2 stage=40 derivative_s=0.015069300 first_order_s=0.004848000 second_order_s=0.009929700 algebra_s=0.277766300 kkt_assembly_s=0.002794900 factor_s=0.054808200 solve_s=0.111271300 update_s=0.007060900 K_nnz=393075 rhs_cols=1 Vxx_nnz=1040400
FILTERDDP_TIMING iteration=4 barrier_iteration=2 stage=39 derivative_s=0.015588500 first_order_s=0.005079200 second_order_s=0.010215300 algebra_s=0.080793200 kkt_assembly_s=0.003063800 factor_s=0.033828600 solve_s=0.110108400 update_s=0.006970400 K_nnz=393075 rhs_cols=1 Vxx_nnz=1040400
FILTERDDP_TIMING iteration=4 barrier_iteration=2 stage=38 derivative_s=0.013098900 first_order_s=0.005394400 second_order_s=0.007409800 algebra_s=0.077291900 kkt_assembly_s=0.002957900 factor_s=0.088600600 solve_s=0.105501000 update_s=0.008939900 K_nnz=393075 rhs_cols=1 Vxx_nnz=1040400
FILTERDDP_TIMING iteration=4 barrier_iteration=2 stage=37 derivative_s=0.015972100 first_order_s=0.005199400 second_order_s=0.010468700 algebra_s=0.079077900 kkt_assembly_s=0.002971500 factor_s=0.045714600 solve_s=0.175046000 update_s=0.007744700 K_nnz=393075 rhs_cols=1 Vxx_nnz=1040400
FILTERDDP_TIMING iteration=4 barrier_iteration=2 stage=36 derivative_s=0.030366500 first_order_s=0.010977600 second_order_s=0.019016000 algebra_s=0.122923700 kkt_assembly_s=0.003023200 factor_s=0.041672400 solve_s=0.108927000 update_s=0.008699900 K_nnz=393075 rhs_cols=1 Vxx_nnz=1040400
FILTERDDP_TIMING iteration=4 barrier_iteration=2 stage=35 derivative_s=0.027854900 first_order_s=0.012357300 second_order_s=0.014574200 algebra_s=0.132854900 kkt_assembly_s=0.002993200 factor_s=0.040830500 solve_s=0.104161700 update_s=0.008504400 K_nnz=393075 rhs_cols=1 Vxx_nnz=1040400
FILTERDDP_TIMING iteration=4 barrier_iteration=2 stage=34 derivative_s=0.014446700 first_order_s=0.005017000 second_order_s=0.009133000 algebra_s=0.130736800 kkt_assembly_s=0.002918200 factor_s=0.040984200 solve_s=0.111340700 update_s=0.008810100 K_nnz=393075 rhs_cols=1 Vxx_nnz=1040400
FILTERDDP_TIMING iteration=4 barrier_iteration=2 stage=33 derivative_s=0.091994100 first_order_s=0.005074000 second_order_s=0.086620400 algebra_s=0.086098200 kkt_assembly_s=0.002979100 factor_s=0.041407800 solve_s=0.114040800 update_s=0.207067200 K_nnz=393075 rhs_cols=1 Vxx_nnz=1040400
FILTERDDP_TIMING iteration=4 barrier_iteration=2 stage=32 derivative_s=0.021781200 first_order_s=0.007830100 second_order_s=0.013637100 algebra_s=0.076959600 kkt_assembly_s=0.002938900 factor_s=0.033761100 solve_s=0.106453700 update_s=0.010214100 K_nnz=393075 rhs_cols=1 Vxx_nnz=1040400
FILTERDDP_TIMING iteration=4 barrier_iteration=2 stage=31 derivative_s=0.015669000 first_order_s=0.005233600 second_order_s=0.010138700 algebra_s=0.076461900 kkt_assembly_s=0.002967200 factor_s=0.034919200 solve_s=0.151868400 update_s=0.009289800 K_nnz=393075 rhs_cols=1 Vxx_nnz=1040400
FILTERDDP_TIMING iteration=4 barrier_iteration=2 stage=30 derivative_s=0.016070400 first_order_s=0.005245900 second_order_s=0.010526800 algebra_s=0.076460900 kkt_assembly_s=0.002982600 factor_s=0.031915300 solve_s=0.100647000 update_s=0.008388600 K_nnz=393075 rhs_cols=1 Vxx_nnz=1040400
FILTERDDP_TIMING iteration=4 barrier_iteration=2 stage=29 derivative_s=0.016252300 first_order_s=0.005918500 second_order_s=0.010012600 algebra_s=0.119124000 kkt_assembly_s=0.002865700 factor_s=0.037463900 solve_s=0.111317400 update_s=0.006766200 K_nnz=393075 rhs_cols=1 Vxx_nnz=1040400
FILTERDDP_TIMING iteration=4 barrier_iteration=2 stage=28 derivative_s=0.015283900 first_order_s=0.005364000 second_order_s=0.009620400 algebra_s=0.120610300 kkt_assembly_s=0.003041800 factor_s=0.039729400 solve_s=0.112556300 update_s=0.013602100 K_nnz=393075 rhs_cols=1 Vxx_nnz=1040400
FILTERDDP_TIMING iteration=4 barrier_iteration=2 stage=27 derivative_s=0.017110100 first_order_s=0.006630400 second_order_s=0.010104500 algebra_s=0.118192900 kkt_assembly_s=0.002951800 factor_s=0.041579200 solve_s=0.105502900 update_s=0.008747700 K_nnz=393075 rhs_cols=1 Vxx_nnz=1040400
FILTERDDP_TIMING iteration=4 barrier_iteration=2 stage=26 derivative_s=0.015977000 first_order_s=0.005635000 second_order_s=0.010005700 algebra_s=0.113868200 kkt_assembly_s=0.002994700 factor_s=0.040786100 solve_s=0.107298700 update_s=0.009085600 K_nnz=393075 rhs_cols=1 Vxx_nnz=1040400
FILTERDDP_TIMING iteration=4 barrier_iteration=2 stage=25 derivative_s=0.015483200 first_order_s=0.005200500 second_order_s=0.009992100 algebra_s=0.154049000 kkt_assembly_s=0.003041900 factor_s=0.040291200 solve_s=0.105196400 update_s=0.009007200 K_nnz=393075 rhs_cols=1 Vxx_nnz=1040400
FILTERDDP_TIMING iteration=4 barrier_iteration=2 stage=24 derivative_s=0.015316200 first_order_s=0.005199500 second_order_s=0.009822500 algebra_s=0.279766900 kkt_assembly_s=0.002924400 factor_s=0.031654200 solve_s=0.107233300 update_s=0.009450900 K_nnz=393075 rhs_cols=1 Vxx_nnz=1040400
FILTERDDP_TIMING iteration=4 barrier_iteration=2 stage=23 derivative_s=0.015143900 first_order_s=0.005012200 second_order_s=0.009848800 algebra_s=0.077238300 kkt_assembly_s=0.003429800 factor_s=0.040398800 solve_s=0.115559300 update_s=0.006954400 K_nnz=393075 rhs_cols=1 Vxx_nnz=1040400
FILTERDDP_TIMING iteration=4 barrier_iteration=2 stage=22 derivative_s=0.015933900 first_order_s=0.005228400 second_order_s=0.010407500 algebra_s=0.126836700 kkt_assembly_s=0.003368700 factor_s=0.035249100 solve_s=0.105065700 update_s=0.009030800 K_nnz=393075 rhs_cols=1 Vxx_nnz=1040400
FILTERDDP_TIMING iteration=4 barrier_iteration=2 stage=21 derivative_s=0.015746800 first_order_s=0.005267200 second_order_s=0.010181500 algebra_s=0.078099600 kkt_assembly_s=0.002925500 factor_s=0.038472800 solve_s=0.145990100 update_s=0.008165200 K_nnz=393075 rhs_cols=1 Vxx_nnz=1040400
FILTERDDP_TIMING iteration=4 barrier_iteration=2 stage=20 derivative_s=0.015255200 first_order_s=0.005493400 second_order_s=0.009449200 algebra_s=0.078063400 kkt_assembly_s=0.002988500 factor_s=0.043063800 solve_s=0.108192500 update_s=0.063173000 K_nnz=393075 rhs_cols=1 Vxx_nnz=1040400
FILTERDDP_TIMING iteration=4 barrier_iteration=2 stage=19 derivative_s=0.015764900 first_order_s=0.006704700 second_order_s=0.008763500 algebra_s=0.076086700 kkt_assembly_s=0.002801000 factor_s=0.043156400 solve_s=0.109716000 update_s=0.045181900 K_nnz=393075 rhs_cols=1 Vxx_nnz=1040400
FILTERDDP_TIMING iteration=4 barrier_iteration=2 stage=18 derivative_s=0.016176800 first_order_s=0.005694600 second_order_s=0.010176000 algebra_s=0.076884900 kkt_assembly_s=0.002904800 factor_s=0.041819900 solve_s=0.175038500 update_s=0.008916100 K_nnz=393075 rhs_cols=1 Vxx_nnz=1040400
FILTERDDP_TIMING iteration=4 barrier_iteration=2 stage=17 derivative_s=0.015586000 first_order_s=0.005295200 second_order_s=0.009998500 algebra_s=0.075643700 kkt_assembly_s=0.003004900 factor_s=0.041592100 solve_s=0.288830700 update_s=0.006627200 K_nnz=393075 rhs_cols=1 Vxx_nnz=1040400
FILTERDDP_TIMING iteration=4 barrier_iteration=2 stage=16 derivative_s=0.012708200 first_order_s=0.005074800 second_order_s=0.007335300 algebra_s=0.075290300 kkt_assembly_s=0.002901500 factor_s=0.033934800 solve_s=0.111391500 update_s=0.009724600 K_nnz=393075 rhs_cols=1 Vxx_nnz=1040400
FILTERDDP_TIMING iteration=4 barrier_iteration=2 stage=15 derivative_s=0.015360000 first_order_s=0.005133700 second_order_s=0.009931300 algebra_s=0.076317500 kkt_assembly_s=0.002987200 factor_s=0.034760200 solve_s=0.107317600 update_s=0.064251000 K_nnz=393075 rhs_cols=1 Vxx_nnz=1040400
FILTERDDP_TIMING iteration=4 barrier_iteration=2 stage=14 derivative_s=0.012666100 first_order_s=0.005110000 second_order_s=0.007251000 algebra_s=0.078186200 kkt_assembly_s=0.003105300 factor_s=0.033917800 solve_s=0.107901600 update_s=0.008028900 K_nnz=393075 rhs_cols=1 Vxx_nnz=1040400
FILTERDDP_TIMING iteration=4 barrier_iteration=2 stage=13 derivative_s=0.016388800 first_order_s=0.005071800 second_order_s=0.011036000 algebra_s=0.117005600 kkt_assembly_s=0.003030500 factor_s=0.039209700 solve_s=0.117360000 update_s=0.009270300 K_nnz=393075 rhs_cols=1 Vxx_nnz=1040400
FILTERDDP_TIMING iteration=4 barrier_iteration=2 stage=12 derivative_s=0.033098500 first_order_s=0.012432900 second_order_s=0.019596200 algebra_s=0.135198500 kkt_assembly_s=0.003467500 factor_s=0.045301700 solve_s=0.156722300 update_s=0.008588100 K_nnz=393075 rhs_cols=1 Vxx_nnz=1040400
FILTERDDP_TIMING iteration=4 barrier_iteration=2 stage=11 derivative_s=0.018139600 first_order_s=0.006192200 second_order_s=0.011628900 algebra_s=0.077505700 kkt_assembly_s=0.002938200 factor_s=0.040533800 solve_s=0.156898100 update_s=0.009047500 K_nnz=393075 rhs_cols=1 Vxx_nnz=1040400
FILTERDDP_TIMING iteration=4 barrier_iteration=2 stage=10 derivative_s=0.015771300 first_order_s=0.005374700 second_order_s=0.010095700 algebra_s=0.075975200 kkt_assembly_s=0.003177100 factor_s=0.085616500 solve_s=0.122489200 update_s=0.009534200 K_nnz=393075 rhs_cols=1 Vxx_nnz=1040400
FILTERDDP_TIMING iteration=4 barrier_iteration=2 stage=9 derivative_s=0.016405500 first_order_s=0.005371200 second_order_s=0.010749400 algebra_s=0.148158900 kkt_assembly_s=0.002962800 factor_s=0.042838600 solve_s=0.111101100 update_s=0.010206400 K_nnz=393075 rhs_cols=1 Vxx_nnz=1040400
FILTERDDP_TIMING iteration=4 barrier_iteration=2 stage=8 derivative_s=0.015444900 first_order_s=0.005402600 second_order_s=0.009744600 algebra_s=0.272008200 kkt_assembly_s=0.002892100 factor_s=0.032836100 solve_s=0.113595200 update_s=0.009143900 K_nnz=393075 rhs_cols=1 Vxx_nnz=1040400
FILTERDDP_TIMING iteration=4 barrier_iteration=2 stage=7 derivative_s=0.015263300 first_order_s=0.005125800 second_order_s=0.009838200 algebra_s=0.077839300 kkt_assembly_s=0.002984400 factor_s=0.034045200 solve_s=0.112611000 update_s=0.010419000 K_nnz=393075 rhs_cols=1 Vxx_nnz=1040400
FILTERDDP_TIMING iteration=4 barrier_iteration=2 stage=6 derivative_s=0.023862500 first_order_s=0.008565700 second_order_s=0.014879800 algebra_s=0.130707300 kkt_assembly_s=0.003137900 factor_s=0.034269200 solve_s=0.111024400 update_s=0.009685800 K_nnz=393075 rhs_cols=1 Vxx_nnz=1040400
FILTERDDP_TIMING iteration=4 barrier_iteration=2 stage=5 derivative_s=0.015833700 first_order_s=0.005350100 second_order_s=0.010187600 algebra_s=0.102300000 kkt_assembly_s=0.003199200 factor_s=0.037948200 solve_s=0.149225100 update_s=0.007872600 K_nnz=393075 rhs_cols=1 Vxx_nnz=1040400
FILTERDDP_TIMING iteration=4 barrier_iteration=2 stage=4 derivative_s=0.013951000 first_order_s=0.005179300 second_order_s=0.008490200 algebra_s=0.076440800 kkt_assembly_s=0.002869800 factor_s=0.040339100 solve_s=0.153604700 update_s=0.008572100 K_nnz=393075 rhs_cols=1 Vxx_nnz=1040400
FILTERDDP_TIMING iteration=4 barrier_iteration=2 stage=3 derivative_s=0.016606600 first_order_s=0.005772500 second_order_s=0.010528400 algebra_s=0.097036800 kkt_assembly_s=0.003591300 factor_s=0.043268600 solve_s=0.138165900 update_s=0.047996400 K_nnz=393075 rhs_cols=1 Vxx_nnz=1040400
FILTERDDP_TIMING iteration=4 barrier_iteration=2 stage=2 derivative_s=0.019910100 first_order_s=0.008037300 second_order_s=0.011572700 algebra_s=0.078481900 kkt_assembly_s=0.002998500 factor_s=0.044948800 solve_s=0.193008100 update_s=0.007203200 K_nnz=393075 rhs_cols=1 Vxx_nnz=1040400
FILTERDDP_TIMING iteration=4 barrier_iteration=2 stage=1 derivative_s=0.015177400 first_order_s=0.005691500 second_order_s=0.009172300 algebra_s=0.094142900 kkt_assembly_s=0.003176000 factor_s=0.043125500 solve_s=0.290180700 update_s=0.010524400 K_nnz=393075 rhs_cols=1 Vxx_nnz=1040400
FILTERDDP_FEASIBILITY iteration=4 barrier_iteration=2 equality_count=2030544 equality_rms=1.949209471898e-02 equality_max=4.461034415283e-01 equality_worst_stage=47 equality_worst_index=31164 dynamics_count=47940 dynamics_rms=9.642584217582e-17 dynamics_max=4.440892098501e-16 dynamics_worst_stage=43 dynamics_worst_index=438 bound_count=1284672 bound_rms=0.000000000000e+00 bound_max=0.000000000000e+00 bound_worst_stage=0 bound_worst_index=0 bound_worst_kind=none
     4   3.12981787e+06   4.4610e-01   2.0264e-01   3.2411e-01   -1.40      -     9.0081e-01   0
FILTERDDP_ITER_TIMING iteration=4 barrier_iteration=2 backward_s=15.596358200 forward_s=1.341644200 total_s=16.938002400 outcome=accepted step_size=1.000000000e+00 backtracks=0 mu=4.000000000e-02
FILTERDDP_TIMING iteration=5 barrier_iteration=2 stage=48 derivative_s=0.034758300 first_order_s=0.009539600 second_order_s=0.024866800 algebra_s=0.135358600 kkt_assembly_s=0.003100200 factor_s=0.035317800 solve_s=0.108439800 update_s=0.008907900 K_nnz=393075 rhs_cols=1 Vxx_nnz=1040400
FILTERDDP_TIMING iteration=5 barrier_iteration=2 stage=47 derivative_s=0.015260400 first_order_s=0.005130000 second_order_s=0.009834800 algebra_s=0.075658900 kkt_assembly_s=0.002897000 factor_s=0.034937500 solve_s=0.152308800 update_s=0.009143400 K_nnz=393075 rhs_cols=1 Vxx_nnz=1040400
FILTERDDP_TIMING iteration=5 barrier_iteration=2 stage=46 derivative_s=0.015415000 first_order_s=0.005173500 second_order_s=0.009953700 algebra_s=0.075942200 kkt_assembly_s=0.003003100 factor_s=0.036013200 solve_s=0.158514600 update_s=0.009068300 K_nnz=393075 rhs_cols=1 Vxx_nnz=1040400
FILTERDDP_TIMING iteration=5 barrier_iteration=2 stage=45 derivative_s=0.017443100 first_order_s=0.005248500 second_order_s=0.011886900 algebra_s=0.077658200 kkt_assembly_s=0.006606800 factor_s=0.047016900 solve_s=0.150763800 update_s=0.008305700 K_nnz=393075 rhs_cols=1 Vxx_nnz=1040400
FILTERDDP_TIMING iteration=5 barrier_iteration=2 stage=44 derivative_s=0.014740700 first_order_s=0.005070300 second_order_s=0.009367600 algebra_s=0.076097300 kkt_assembly_s=0.002840100 factor_s=0.042559600 solve_s=0.189357200 update_s=0.009159500 K_nnz=393075 rhs_cols=1 Vxx_nnz=1040400
FILTERDDP_TIMING iteration=5 barrier_iteration=2 stage=43 derivative_s=0.015591600 first_order_s=0.005447000 second_order_s=0.009838000 algebra_s=0.076248800 kkt_assembly_s=0.002851700 factor_s=0.043732500 solve_s=0.311652800 update_s=0.009073200 K_nnz=393075 rhs_cols=1 Vxx_nnz=1040400
FILTERDDP_TIMING iteration=5 barrier_iteration=2 stage=42 derivative_s=0.015400900 first_order_s=0.005119600 second_order_s=0.009982900 algebra_s=0.075200200 kkt_assembly_s=0.002958600 factor_s=0.033531100 solve_s=0.109266500 update_s=0.009011300 K_nnz=393075 rhs_cols=1 Vxx_nnz=1040400
FILTERDDP_TIMING iteration=5 barrier_iteration=2 stage=41 derivative_s=0.015556000 first_order_s=0.005283200 second_order_s=0.009975600 algebra_s=0.074851600 kkt_assembly_s=0.002983700 factor_s=0.090928700 solve_s=0.115398500 update_s=0.007744700 K_nnz=393075 rhs_cols=1 Vxx_nnz=1040400
FILTERDDP_TIMING iteration=5 barrier_iteration=2 stage=40 derivative_s=0.015386600 first_order_s=0.005113100 second_order_s=0.009974100 algebra_s=0.077020500 kkt_assembly_s=0.003110400 factor_s=0.036044200 solve_s=0.146766800 update_s=0.008939400 K_nnz=393075 rhs_cols=1 Vxx_nnz=1040400
FILTERDDP_TIMING iteration=5 barrier_iteration=2 stage=39 derivative_s=0.015591400 first_order_s=0.005358300 second_order_s=0.009940300 algebra_s=0.078638800 kkt_assembly_s=0.003016300 factor_s=0.038421600 solve_s=0.109025000 update_s=0.008802600 K_nnz=393075 rhs_cols=1 Vxx_nnz=1040400
FILTERDDP_TIMING iteration=5 barrier_iteration=2 stage=38 derivative_s=0.059968300 first_order_s=0.005515300 second_order_s=0.054148500 algebra_s=0.076670700 kkt_assembly_s=0.003332300 factor_s=0.046317200 solve_s=0.115874200 update_s=0.053782600 K_nnz=393075 rhs_cols=1 Vxx_nnz=1040400
FILTERDDP_TIMING iteration=5 barrier_iteration=2 stage=37 derivative_s=0.042502600 first_order_s=0.018819800 second_order_s=0.022784900 algebra_s=0.089880000 kkt_assembly_s=0.003019300 factor_s=0.042189100 solve_s=0.158247300 update_s=0.006584200 K_nnz=393075 rhs_cols=1 Vxx_nnz=1040400
FILTERDDP_TIMING iteration=5 barrier_iteration=2 stage=36 derivative_s=0.014010900 first_order_s=0.005305700 second_order_s=0.008406800 algebra_s=0.075882600 kkt_assembly_s=0.003057000 factor_s=0.041928800 solve_s=0.186836700 update_s=0.009104600 K_nnz=393075 rhs_cols=1 Vxx_nnz=1040400
FILTERDDP_TIMING iteration=5 barrier_iteration=2 stage=35 derivative_s=0.015442000 first_order_s=0.005211700 second_order_s=0.009934200 algebra_s=0.076280500 kkt_assembly_s=0.003055200 factor_s=0.043647700 solve_s=0.311462400 update_s=0.008236800 K_nnz=393075 rhs_cols=1 Vxx_nnz=1040400
FILTERDDP_TIMING iteration=5 barrier_iteration=2 stage=34 derivative_s=0.015339100 first_order_s=0.005263900 second_order_s=0.009782000 algebra_s=0.075201000 kkt_assembly_s=0.003014000 factor_s=0.034644800 solve_s=0.109798700 update_s=0.008892000 K_nnz=393075 rhs_cols=1 Vxx_nnz=1040400
FILTERDDP_TIMING iteration=5 barrier_iteration=2 stage=33 derivative_s=0.015217900 first_order_s=0.004946400 second_order_s=0.009981200 algebra_s=0.075544500 kkt_assembly_s=0.004033400 factor_s=0.033510600 solve_s=0.168809200 update_s=0.009199400 K_nnz=393075 rhs_cols=1 Vxx_nnz=1040400
FILTERDDP_TIMING iteration=5 barrier_iteration=2 stage=32 derivative_s=0.016611100 first_order_s=0.005746600 second_order_s=0.010570400 algebra_s=0.080767900 kkt_assembly_s=0.002998500 factor_s=0.034704700 solve_s=0.105348000 update_s=0.009209400 K_nnz=393075 rhs_cols=1 Vxx_nnz=1040400
FILTERDDP_TIMING iteration=5 barrier_iteration=2 stage=31 derivative_s=0.060674600 first_order_s=0.005178700 second_order_s=0.055197500 algebra_s=0.099553800 kkt_assembly_s=0.002923700 factor_s=0.039703800 solve_s=0.117792300 update_s=0.009113000 K_nnz=393075 rhs_cols=1 Vxx_nnz=1040400
FILTERDDP_TIMING iteration=5 barrier_iteration=2 stage=30 derivative_s=0.015650900 first_order_s=0.005091300 second_order_s=0.010263600 algebra_s=0.116339200 kkt_assembly_s=0.002912300 factor_s=0.041651800 solve_s=0.108043500 update_s=0.008499700 K_nnz=393075 rhs_cols=1 Vxx_nnz=1040400
FILTERDDP_TIMING iteration=5 barrier_iteration=2 stage=29 derivative_s=0.016417700 first_order_s=0.005110500 second_order_s=0.011001300 algebra_s=0.119796300 kkt_assembly_s=0.002916000 factor_s=0.042713400 solve_s=0.116940700 update_s=0.008716700 K_nnz=393075 rhs_cols=1 Vxx_nnz=1040400
FILTERDDP_TIMING iteration=5 barrier_iteration=2 stage=28 derivative_s=0.016752100 first_order_s=0.005043000 second_order_s=0.011356200 algebra_s=0.150155200 kkt_assembly_s=0.002897400 factor_s=0.040999500 solve_s=0.116344100 update_s=0.009104300 K_nnz=393075 rhs_cols=1 Vxx_nnz=1040400
FILTERDDP_TIMING iteration=5 barrier_iteration=2 stage=27 derivative_s=0.016394400 first_order_s=0.004835400 second_order_s=0.011278800 algebra_s=0.268466300 kkt_assembly_s=0.002934500 factor_s=0.032561900 solve_s=0.107463900 update_s=0.009539900 K_nnz=393075 rhs_cols=1 Vxx_nnz=1040400
FILTERDDP_TIMING iteration=5 barrier_iteration=2 stage=26 derivative_s=0.015477900 first_order_s=0.005275700 second_order_s=0.009909500 algebra_s=0.077220900 kkt_assembly_s=0.002963200 factor_s=0.035580900 solve_s=0.105457200 update_s=0.013102300 K_nnz=393075 rhs_cols=1 Vxx_nnz=1040400
FILTERDDP_TIMING iteration=5 barrier_iteration=2 stage=25 derivative_s=0.061032000 first_order_s=0.005194400 second_order_s=0.055526300 algebra_s=0.077889300 kkt_assembly_s=0.002850800 factor_s=0.034664000 solve_s=0.108990000 update_s=0.007094100 K_nnz=393075 rhs_cols=1 Vxx_nnz=1040400
FILTERDDP_TIMING iteration=5 barrier_iteration=2 stage=24 derivative_s=0.013288500 first_order_s=0.005530700 second_order_s=0.007459000 algebra_s=0.081003400 kkt_assembly_s=0.003018300 factor_s=0.079693000 solve_s=0.113708300 update_s=0.014721900 K_nnz=393075 rhs_cols=1 Vxx_nnz=1040400
FILTERDDP_TIMING iteration=5 barrier_iteration=2 stage=23 derivative_s=0.018969500 first_order_s=0.006152200 second_order_s=0.012465400 algebra_s=0.077085200 kkt_assembly_s=0.003014900 factor_s=0.042888600 solve_s=0.151884900 update_s=0.008826500 K_nnz=393075 rhs_cols=1 Vxx_nnz=1040400
FILTERDDP_TIMING iteration=5 barrier_iteration=2 stage=22 derivative_s=0.014397700 first_order_s=0.005686000 second_order_s=0.008399500 algebra_s=0.076961200 kkt_assembly_s=0.002947600 factor_s=0.039019100 solve_s=0.150787200 update_s=0.009339600 K_nnz=393075 rhs_cols=1 Vxx_nnz=1040400
FILTERDDP_TIMING iteration=5 barrier_iteration=2 stage=21 derivative_s=0.015483400 first_order_s=0.005322200 second_order_s=0.009879600 algebra_s=0.076018700 kkt_assembly_s=0.003006200 factor_s=0.082522800 solve_s=0.109864400 update_s=0.008283700 K_nnz=393075 rhs_cols=1 Vxx_nnz=1040400
FILTERDDP_TIMING iteration=5 barrier_iteration=2 stage=20 derivative_s=0.015760600 first_order_s=0.005053000 second_order_s=0.010413900 algebra_s=0.144428900 kkt_assembly_s=0.002846700 factor_s=0.041099400 solve_s=0.108433000 update_s=0.008898800 K_nnz=393075 rhs_cols=1 Vxx_nnz=1040400
FILTERDDP_TIMING iteration=5 barrier_iteration=2 stage=19 derivative_s=0.017130100 first_order_s=0.005222600 second_order_s=0.011608500 algebra_s=0.294813800 kkt_assembly_s=0.002969500 factor_s=0.034689500 solve_s=0.113956700 update_s=0.009540500 K_nnz=393075 rhs_cols=1 Vxx_nnz=1040400
FILTERDDP_TIMING iteration=5 barrier_iteration=2 stage=18 derivative_s=0.015435700 first_order_s=0.005484300 second_order_s=0.009657600 algebra_s=0.074965800 kkt_assembly_s=0.002935800 factor_s=0.033180800 solve_s=0.105820200 update_s=0.009402800 K_nnz=393075 rhs_cols=1 Vxx_nnz=1040400
FILTERDDP_TIMING iteration=5 barrier_iteration=2 stage=17 derivative_s=0.015433300 first_order_s=0.005129600 second_order_s=0.010010300 algebra_s=0.129785000 kkt_assembly_s=0.003572400 factor_s=0.033425800 solve_s=0.104989300 update_s=0.010909400 K_nnz=393075 rhs_cols=1 Vxx_nnz=1040400
FILTERDDP_TIMING iteration=5 barrier_iteration=2 stage=16 derivative_s=0.015352600 first_order_s=0.005163000 second_order_s=0.009896900 algebra_s=0.074733500 kkt_assembly_s=0.002769100 factor_s=0.037884200 solve_s=0.170463200 update_s=0.009185100 K_nnz=393075 rhs_cols=1 Vxx_nnz=1040400
FILTERDDP_TIMING iteration=5 barrier_iteration=2 stage=15 derivative_s=0.015201500 first_order_s=0.004975800 second_order_s=0.009945100 algebra_s=0.075916800 kkt_assembly_s=0.003003600 factor_s=0.041987300 solve_s=0.129838800 update_s=0.007858700 K_nnz=393075 rhs_cols=1 Vxx_nnz=1040400
FILTERDDP_TIMING iteration=5 barrier_iteration=2 stage=14 derivative_s=0.025933500 first_order_s=0.009389300 second_order_s=0.015951100 algebra_s=0.123093900 kkt_assembly_s=0.002925600 factor_s=0.041054600 solve_s=0.107764200 update_s=0.008900300 K_nnz=393075 rhs_cols=1 Vxx_nnz=1040400
FILTERDDP_TIMING iteration=5 barrier_iteration=2 stage=13 derivative_s=0.015464700 first_order_s=0.005100100 second_order_s=0.010065400 algebra_s=0.120536800 kkt_assembly_s=0.002782200 factor_s=0.045196000 solve_s=0.108291900 update_s=0.008669600 K_nnz=393075 rhs_cols=1 Vxx_nnz=1040400
FILTERDDP_TIMING iteration=5 barrier_iteration=2 stage=12 derivative_s=0.015313500 first_order_s=0.005100200 second_order_s=0.009919700 algebra_s=0.150424800 kkt_assembly_s=0.002913100 factor_s=0.041776100 solve_s=0.109494500 update_s=0.009294100 K_nnz=393075 rhs_cols=1 Vxx_nnz=1040400
FILTERDDP_TIMING iteration=5 barrier_iteration=2 stage=11 derivative_s=0.219649000 first_order_s=0.209318900 second_order_s=0.010036200 algebra_s=0.080118400 kkt_assembly_s=0.002920800 factor_s=0.035389000 solve_s=0.114083700 update_s=0.009399300 K_nnz=393075 rhs_cols=1 Vxx_nnz=1040400
FILTERDDP_TIMING iteration=5 barrier_iteration=2 stage=10 derivative_s=0.028861500 first_order_s=0.010312300 second_order_s=0.017910300 algebra_s=0.080747200 kkt_assembly_s=0.003000400 factor_s=0.033066900 solve_s=0.107453200 update_s=0.008734500 K_nnz=393075 rhs_cols=1 Vxx_nnz=1040400
FILTERDDP_TIMING iteration=5 barrier_iteration=2 stage=9 derivative_s=0.015189500 first_order_s=0.005063300 second_order_s=0.009836100 algebra_s=0.127044600 kkt_assembly_s=0.003069700 factor_s=0.033825000 solve_s=0.102075200 update_s=0.012338800 K_nnz=393075 rhs_cols=1 Vxx_nnz=1040400
FILTERDDP_TIMING iteration=5 barrier_iteration=2 stage=8 derivative_s=0.015685700 first_order_s=0.005431000 second_order_s=0.009946900 algebra_s=0.076504700 kkt_assembly_s=0.002869400 factor_s=0.035762900 solve_s=0.160839800 update_s=0.009238600 K_nnz=393075 rhs_cols=1 Vxx_nnz=1040400
FILTERDDP_TIMING iteration=5 barrier_iteration=2 stage=7 derivative_s=0.015481300 first_order_s=0.005280500 second_order_s=0.009908200 algebra_s=0.083110800 kkt_assembly_s=0.002926100 factor_s=0.041710100 solve_s=0.184110200 update_s=0.013075500 K_nnz=393075 rhs_cols=1 Vxx_nnz=1040400
FILTERDDP_TIMING iteration=5 barrier_iteration=2 stage=6 derivative_s=0.015232300 first_order_s=0.005452300 second_order_s=0.009421200 algebra_s=0.100845000 kkt_assembly_s=0.003036000 factor_s=0.042078600 solve_s=0.156390800 update_s=0.009108800 K_nnz=393075 rhs_cols=1 Vxx_nnz=1040400
FILTERDDP_TIMING iteration=5 barrier_iteration=2 stage=5 derivative_s=0.016060800 first_order_s=0.005433300 second_order_s=0.010346800 algebra_s=0.076970500 kkt_assembly_s=0.003346700 factor_s=0.042326800 solve_s=0.180023300 update_s=0.009107500 K_nnz=393075 rhs_cols=1 Vxx_nnz=1040400
FILTERDDP_TIMING iteration=5 barrier_iteration=2 stage=4 derivative_s=0.020209000 first_order_s=0.005456500 second_order_s=0.014460600 algebra_s=0.076124900 kkt_assembly_s=0.002974400 factor_s=0.044148600 solve_s=0.311694900 update_s=0.009487300 K_nnz=393075 rhs_cols=1 Vxx_nnz=1040400
FILTERDDP_TIMING iteration=5 barrier_iteration=2 stage=3 derivative_s=0.017126000 first_order_s=0.005300300 second_order_s=0.011531500 algebra_s=0.079300100 kkt_assembly_s=0.002801000 factor_s=0.033969100 solve_s=0.110985300 update_s=0.008667900 K_nnz=393075 rhs_cols=1 Vxx_nnz=1040400
FILTERDDP_TIMING iteration=5 barrier_iteration=2 stage=2 derivative_s=0.015973500 first_order_s=0.005075800 second_order_s=0.010604400 algebra_s=0.077011500 kkt_assembly_s=0.002949700 factor_s=0.035031000 solve_s=0.176468100 update_s=0.011496100 K_nnz=393075 rhs_cols=1 Vxx_nnz=1040400
FILTERDDP_TIMING iteration=5 barrier_iteration=2 stage=1 derivative_s=0.015141900 first_order_s=0.004938500 second_order_s=0.009910600 algebra_s=0.075998100 kkt_assembly_s=0.003141500 factor_s=0.034566300 solve_s=0.110745600 update_s=0.008617000 K_nnz=393075 rhs_cols=1 Vxx_nnz=1040400
FILTERDDP_FEASIBILITY iteration=5 barrier_iteration=2 equality_count=2030544 equality_rms=1.118344382042e-02 equality_max=1.349030897732e-01 equality_worst_stage=19 equality_worst_index=31102 dynamics_count=47940 dynamics_rms=0.000000000000e+00 dynamics_max=0.000000000000e+00 dynamics_worst_stage=0 dynamics_worst_index=0 bound_count=1284672 bound_rms=0.000000000000e+00 bound_max=0.000000000000e+00 bound_worst_stage=0 bound_worst_index=0 bound_worst_kind=none
FILTERDDP_ITER_TIMING iteration=5 barrier_iteration=2 backward_s=15.342683100 forward_s=0.000000000 total_s=15.342683100 outcome=barrier_update step_size=1.000000000e+00 backtracks=0 mu=4.000000000e-02
FILTERDDP_TIMING iteration=5 barrier_iteration=3 stage=48 derivative_s=0.020193900 first_order_s=0.006737800 second_order_s=0.013180600 algebra_s=0.128015000 kkt_assembly_s=0.003111600 factor_s=0.037396400 solve_s=0.111463500 update_s=0.008424000 K_nnz=393075 rhs_cols=1 Vxx_nnz=1040400
FILTERDDP_TIMING iteration=5 barrier_iteration=3 stage=47 derivative_s=0.014877500 first_order_s=0.004998400 second_order_s=0.009586300 algebra_s=0.118834000 kkt_assembly_s=0.002771100 factor_s=0.041938200 solve_s=0.115571200 update_s=0.008241300 K_nnz=393075 rhs_cols=1 Vxx_nnz=1040400
FILTERDDP_TIMING iteration=5 barrier_iteration=3 stage=46 derivative_s=0.019135400 first_order_s=0.007149700 second_order_s=0.011574600 algebra_s=0.077498000 kkt_assembly_s=0.045843400 factor_s=0.041347000 solve_s=0.117857500 update_s=0.008808500 K_nnz=393075 rhs_cols=1 Vxx_nnz=1040400
FILTERDDP_TIMING iteration=5 barrier_iteration=3 stage=45 derivative_s=0.015613100 first_order_s=0.005241700 second_order_s=0.010078900 algebra_s=0.147833800 kkt_assembly_s=0.003119000 factor_s=0.041631600 solve_s=0.109707400 update_s=0.007746100 K_nnz=393075 rhs_cols=1 Vxx_nnz=1040400
FILTERDDP_TIMING iteration=5 barrier_iteration=3 stage=44 derivative_s=0.022078000 first_order_s=0.007418100 second_order_s=0.014338200 algebra_s=0.278241300 kkt_assembly_s=0.002934200 factor_s=0.034057700 solve_s=0.109263700 update_s=0.008928900 K_nnz=393075 rhs_cols=1 Vxx_nnz=1040400
FILTERDDP_TIMING iteration=5 barrier_iteration=3 stage=43 derivative_s=0.015942100 first_order_s=0.005226400 second_order_s=0.010370800 algebra_s=0.074715600 kkt_assembly_s=0.003063100 factor_s=0.035418700 solve_s=0.117641500 update_s=0.009111600 K_nnz=393075 rhs_cols=1 Vxx_nnz=1040400
FILTERDDP_TIMING iteration=5 barrier_iteration=3 stage=42 derivative_s=0.033202200 first_order_s=0.012454100 second_order_s=0.020074600 algebra_s=0.149649500 kkt_assembly_s=0.002959500 factor_s=0.033621400 solve_s=0.114047500 update_s=0.008277700 K_nnz=393075 rhs_cols=1 Vxx_nnz=1040400
FILTERDDP_TIMING iteration=5 barrier_iteration=3 stage=41 derivative_s=0.015794900 first_order_s=0.005190700 second_order_s=0.010290800 algebra_s=0.075271500 kkt_assembly_s=0.003087500 factor_s=0.036489500 solve_s=0.151600700 update_s=0.007973100 K_nnz=393075 rhs_cols=1 Vxx_nnz=1040400
FILTERDDP_TIMING iteration=5 barrier_iteration=3 stage=40 derivative_s=0.012871600 first_order_s=0.005306800 second_order_s=0.007269900 algebra_s=0.077845100 kkt_assembly_s=0.003029400 factor_s=0.041279200 solve_s=0.110131300 update_s=0.008703900 K_nnz=393075 rhs_cols=1 Vxx_nnz=1040400
FILTERDDP_TIMING iteration=5 barrier_iteration=3 stage=39 derivative_s=0.059313000 first_order_s=0.048898100 second_order_s=0.010128200 algebra_s=0.076207000 kkt_assembly_s=0.002945600 factor_s=0.040637300 solve_s=0.104757300 update_s=0.008898900 K_nnz=393075 rhs_cols=1 Vxx_nnz=1040400
FILTERDDP_TIMING iteration=5 barrier_iteration=3 stage=38 derivative_s=0.062408700 first_order_s=0.006190000 second_order_s=0.055922800 algebra_s=0.075685100 kkt_assembly_s=0.002917800 factor_s=0.041645700 solve_s=0.110147200 update_s=0.008954300 K_nnz=393075 rhs_cols=1 Vxx_nnz=1040400
FILTERDDP_TIMING iteration=5 barrier_iteration=3 stage=37 derivative_s=0.093459900 first_order_s=0.082653100 second_order_s=0.010507800 algebra_s=0.083152000 kkt_assembly_s=0.002964400 factor_s=0.043982600 solve_s=0.293553000 update_s=0.008915600 K_nnz=393075 rhs_cols=1 Vxx_nnz=1040400
FILTERDDP_TIMING iteration=5 barrier_iteration=3 stage=36 derivative_s=0.015823900 first_order_s=0.005498200 second_order_s=0.010023100 algebra_s=0.077502600 kkt_assembly_s=0.002996300 factor_s=0.035717300 solve_s=0.106116600 update_s=0.006721100 K_nnz=393075 rhs_cols=1 Vxx_nnz=1040400
FILTERDDP_TIMING iteration=5 barrier_iteration=3 stage=35 derivative_s=0.012848200 first_order_s=0.005620200 second_order_s=0.006930200 algebra_s=0.121628000 kkt_assembly_s=0.003472100 factor_s=0.038170400 solve_s=0.141245400 update_s=0.011265700 K_nnz=393075 rhs_cols=1 Vxx_nnz=1040400
FILTERDDP_TIMING iteration=5 barrier_iteration=3 stage=34 derivative_s=0.067482200 first_order_s=0.005514800 second_order_s=0.061632600 algebra_s=0.077406300 kkt_assembly_s=0.003126600 factor_s=0.039158900 solve_s=0.110595300 update_s=0.007175400 K_nnz=393075 rhs_cols=1 Vxx_nnz=1040400
FILTERDDP_TIMING iteration=5 barrier_iteration=3 stage=33 derivative_s=0.015313800 first_order_s=0.005305900 second_order_s=0.009712400 algebra_s=0.124072600 kkt_assembly_s=0.003014700 factor_s=0.038129800 solve_s=0.112177700 update_s=0.011401700 K_nnz=393075 rhs_cols=1 Vxx_nnz=1040400
FILTERDDP_TIMING iteration=5 barrier_iteration=3 stage=32 derivative_s=0.022068900 first_order_s=0.007839300 second_order_s=0.013829700 algebra_s=0.076926300 kkt_assembly_s=0.002967000 factor_s=0.039745200 solve_s=0.146902500 update_s=0.015170100 K_nnz=393075 rhs_cols=1 Vxx_nnz=1040400
FILTERDDP_TIMING iteration=5 barrier_iteration=3 stage=31 derivative_s=0.015702800 first_order_s=0.005479900 second_order_s=0.009931600 algebra_s=0.077267400 kkt_assembly_s=0.003031700 factor_s=0.040605700 solve_s=0.149540400 update_s=0.009306600 K_nnz=393075 rhs_cols=1 Vxx_nnz=1040400
FILTERDDP_TIMING iteration=5 barrier_iteration=3 stage=30 derivative_s=0.015733100 first_order_s=0.005404700 second_order_s=0.010029200 algebra_s=0.075604000 kkt_assembly_s=0.005464600 factor_s=0.059988200 solve_s=0.155243600 update_s=0.008523900 K_nnz=393075 rhs_cols=1 Vxx_nnz=1040400
FILTERDDP_TIMING iteration=5 barrier_iteration=3 stage=29 derivative_s=0.015106300 first_order_s=0.004901600 second_order_s=0.009925500 algebra_s=0.076190900 kkt_assembly_s=0.002887400 factor_s=0.116826500 solve_s=0.109951600 update_s=0.011325600 K_nnz=393075 rhs_cols=1 Vxx_nnz=1040400
FILTERDDP_TIMING iteration=5 barrier_iteration=3 stage=28 derivative_s=0.014560700 first_order_s=0.005305900 second_order_s=0.008964100 algebra_s=0.274503000 kkt_assembly_s=0.002962000 factor_s=0.034735300 solve_s=0.107307200 update_s=0.008793700 K_nnz=393075 rhs_cols=1 Vxx_nnz=1040400
FILTERDDP_TIMING iteration=5 barrier_iteration=3 stage=27 derivative_s=0.015771400 first_order_s=0.005481500 second_order_s=0.010004800 algebra_s=0.077439000 kkt_assembly_s=0.002892100 factor_s=0.035063100 solve_s=0.107025600 update_s=0.009062800 K_nnz=393075 rhs_cols=1 Vxx_nnz=1040400
FILTERDDP_TIMING iteration=5 barrier_iteration=3 stage=26 derivative_s=0.015669500 first_order_s=0.005354500 second_order_s=0.010019000 algebra_s=0.122713400 kkt_assembly_s=0.003147700 factor_s=0.034243600 solve_s=0.105325900 update_s=0.008665500 K_nnz=393075 rhs_cols=1 Vxx_nnz=1040400
FILTERDDP_TIMING iteration=5 barrier_iteration=3 stage=25 derivative_s=0.013147100 first_order_s=0.004972200 second_order_s=0.007880600 algebra_s=0.074848900 kkt_assembly_s=0.004555800 factor_s=0.046893800 solve_s=0.149362000 update_s=0.007315800 K_nnz=393075 rhs_cols=1 Vxx_nnz=1040400
FILTERDDP_TIMING iteration=5 barrier_iteration=3 stage=24 derivative_s=0.015335500 first_order_s=0.005100400 second_order_s=0.009955000 algebra_s=0.076179200 kkt_assembly_s=0.002995700 factor_s=0.040835200 solve_s=0.110534000 update_s=0.007604500 K_nnz=393075 rhs_cols=1 Vxx_nnz=1040400
FILTERDDP_TIMING iteration=5 barrier_iteration=3 stage=23 derivative_s=0.060009600 first_order_s=0.004985600 second_order_s=0.054723300 algebra_s=0.090405400 kkt_assembly_s=0.002993800 factor_s=0.062652000 solve_s=0.107994500 update_s=0.007943100 K_nnz=393075 rhs_cols=1 Vxx_nnz=1040400
FILTERDDP_TIMING iteration=5 barrier_iteration=3 stage=22 derivative_s=0.054615200 first_order_s=0.005127400 second_order_s=0.049194500 algebra_s=0.079104300 kkt_assembly_s=0.002886100 factor_s=0.040176000 solve_s=0.108169400 update_s=0.008881200 K_nnz=393075 rhs_cols=1 Vxx_nnz=1040400
FILTERDDP_TIMING iteration=5 barrier_iteration=3 stage=21 derivative_s=0.100983700 first_order_s=0.008572900 second_order_s=0.092106300 algebra_s=0.083858800 kkt_assembly_s=0.002936400 factor_s=0.041744200 solve_s=0.104636400 update_s=0.194809300 K_nnz=393075 rhs_cols=1 Vxx_nnz=1040400
FILTERDDP_TIMING iteration=5 barrier_iteration=3 stage=20 derivative_s=0.015486300 first_order_s=0.005163300 second_order_s=0.010035800 algebra_s=0.076188000 kkt_assembly_s=0.003095000 factor_s=0.035289600 solve_s=0.108757500 update_s=0.008456500 K_nnz=393075 rhs_cols=1 Vxx_nnz=1040400
FILTERDDP_TIMING iteration=5 barrier_iteration=3 stage=19 derivative_s=0.015183900 first_order_s=0.005007800 second_order_s=0.009878600 algebra_s=0.101722300 kkt_assembly_s=0.003012500 factor_s=0.034370600 solve_s=0.110226900 update_s=0.068052400 K_nnz=393075 rhs_cols=1 Vxx_nnz=1040400
FILTERDDP_TIMING iteration=5 barrier_iteration=3 stage=18 derivative_s=0.014421800 first_order_s=0.005891700 second_order_s=0.008197000 algebra_s=0.072471200 kkt_assembly_s=0.002866600 factor_s=0.034263800 solve_s=0.116563000 update_s=0.008912600 K_nnz=393075 rhs_cols=1 Vxx_nnz=1040400
FILTERDDP_TIMING iteration=5 barrier_iteration=3 stage=17 derivative_s=0.017263800 first_order_s=0.005918700 second_order_s=0.011008100 algebra_s=0.116945900 kkt_assembly_s=0.002929800 factor_s=0.037399400 solve_s=0.109559700 update_s=0.011982200 K_nnz=393075 rhs_cols=1 Vxx_nnz=1040400
FILTERDDP_TIMING iteration=5 barrier_iteration=3 stage=16 derivative_s=0.026151400 first_order_s=0.008751300 second_order_s=0.016800000 algebra_s=0.079312200 kkt_assembly_s=0.002802800 factor_s=0.041848000 solve_s=0.155236200 update_s=0.008420500 K_nnz=393075 rhs_cols=1 Vxx_nnz=1040400
FILTERDDP_TIMING iteration=5 barrier_iteration=3 stage=15 derivative_s=0.015386800 first_order_s=0.005242200 second_order_s=0.009863100 algebra_s=0.076274700 kkt_assembly_s=0.002904600 factor_s=0.040218000 solve_s=0.154533500 update_s=0.008840100 K_nnz=393075 rhs_cols=1 Vxx_nnz=1040400
FILTERDDP_TIMING iteration=5 barrier_iteration=3 stage=14 derivative_s=0.015137600 first_order_s=0.005075900 second_order_s=0.009779800 algebra_s=0.075948200 kkt_assembly_s=0.002782300 factor_s=0.042138900 solve_s=0.146725300 update_s=0.008823600 K_nnz=393075 rhs_cols=1 Vxx_nnz=1040400
FILTERDDP_TIMING iteration=5 barrier_iteration=3 stage=13 derivative_s=0.015584000 first_order_s=0.005040000 second_order_s=0.010261000 algebra_s=0.077659800 kkt_assembly_s=0.002886900 factor_s=0.051307600 solve_s=0.193104100 update_s=0.007963700 K_nnz=393075 rhs_cols=1 Vxx_nnz=1040400
FILTERDDP_TIMING iteration=5 barrier_iteration=3 stage=12 derivative_s=0.015636800 first_order_s=0.005172600 second_order_s=0.010164400 algebra_s=0.083100200 kkt_assembly_s=0.003048100 factor_s=0.258677100 solve_s=0.111887900 update_s=0.009821800 K_nnz=393075 rhs_cols=1 Vxx_nnz=1040400
FILTERDDP_TIMING iteration=5 barrier_iteration=3 stage=11 derivative_s=0.015797100 first_order_s=0.005363300 second_order_s=0.010137700 algebra_s=0.084271600 kkt_assembly_s=0.002806200 factor_s=0.034914800 solve_s=0.109453800 update_s=0.008800500 K_nnz=393075 rhs_cols=1 Vxx_nnz=1040400
FILTERDDP_TIMING iteration=5 barrier_iteration=3 stage=10 derivative_s=0.015281400 first_order_s=0.005395100 second_order_s=0.009588000 algebra_s=0.081517800 kkt_assembly_s=0.003034200 factor_s=0.032983300 solve_s=0.156849200 update_s=0.007956300 K_nnz=393075 rhs_cols=1 Vxx_nnz=1040400
FILTERDDP_TIMING iteration=5 barrier_iteration=3 stage=9 derivative_s=0.020197500 first_order_s=0.007082000 second_order_s=0.012825000 algebra_s=0.075413200 kkt_assembly_s=0.002833900 factor_s=0.033600700 solve_s=0.110644900 update_s=0.009593500 K_nnz=393075 rhs_cols=1 Vxx_nnz=1040400
FILTERDDP_TIMING iteration=5 barrier_iteration=3 stage=8 derivative_s=0.071632200 first_order_s=0.056984900 second_order_s=0.014345200 algebra_s=0.075447700 kkt_assembly_s=0.003436000 factor_s=0.039078400 solve_s=0.118075800 update_s=0.009506400 K_nnz=393075 rhs_cols=1 Vxx_nnz=1040400
FILTERDDP_TIMING iteration=5 barrier_iteration=3 stage=7 derivative_s=0.015498200 first_order_s=0.005381400 second_order_s=0.009836600 algebra_s=0.113305800 kkt_assembly_s=0.003051200 factor_s=0.041243100 solve_s=0.106571000 update_s=0.008803800 K_nnz=393075 rhs_cols=1 Vxx_nnz=1040400
FILTERDDP_TIMING iteration=5 barrier_iteration=3 stage=6 derivative_s=0.015288500 first_order_s=0.005191900 second_order_s=0.009810200 algebra_s=0.135599100 kkt_assembly_s=0.002974400 factor_s=0.041921800 solve_s=0.117951800 update_s=0.009441500 K_nnz=393075 rhs_cols=1 Vxx_nnz=1040400
FILTERDDP_TIMING iteration=5 barrier_iteration=3 stage=5 derivative_s=0.015648800 first_order_s=0.005286900 second_order_s=0.010077600 algebra_s=0.114607300 kkt_assembly_s=0.002953900 factor_s=0.041306700 solve_s=0.113349000 update_s=0.009061400 K_nnz=393075 rhs_cols=1 Vxx_nnz=1040400
FILTERDDP_TIMING iteration=5 barrier_iteration=3 stage=4 derivative_s=0.093077000 first_order_s=0.004937600 second_order_s=0.087859300 algebra_s=0.075103500 kkt_assembly_s=0.002982200 factor_s=0.063975800 solve_s=0.118092500 update_s=0.009683700 K_nnz=393075 rhs_cols=1 Vxx_nnz=1040400
FILTERDDP_TIMING iteration=5 barrier_iteration=3 stage=3 derivative_s=0.216675800 first_order_s=0.005165400 second_order_s=0.211211700 algebra_s=0.080821200 kkt_assembly_s=0.002913300 factor_s=0.033505500 solve_s=0.106560000 update_s=0.009287200 K_nnz=393075 rhs_cols=1 Vxx_nnz=1040400
FILTERDDP_TIMING iteration=5 barrier_iteration=3 stage=2 derivative_s=0.015146400 first_order_s=0.005014400 second_order_s=0.009839900 algebra_s=0.077552200 kkt_assembly_s=0.002946100 factor_s=0.034032500 solve_s=0.108745700 update_s=0.008029300 K_nnz=393075 rhs_cols=1 Vxx_nnz=1040400
FILTERDDP_TIMING iteration=5 barrier_iteration=3 stage=1 derivative_s=0.067072200 first_order_s=0.005626400 second_order_s=0.061149400 algebra_s=0.076762200 kkt_assembly_s=0.002927400 factor_s=0.050641700 solve_s=0.118600300 update_s=0.009926500 K_nnz=393075 rhs_cols=1 Vxx_nnz=1040400
FILTERDDP_FEASIBILITY iteration=5 barrier_iteration=3 equality_count=2030544 equality_rms=1.118344382042e-02 equality_max=1.349030897732e-01 equality_worst_stage=19 equality_worst_index=31102 dynamics_count=47940 dynamics_rms=0.000000000000e+00 dynamics_max=0.000000000000e+00 dynamics_worst_stage=0 dynamics_worst_index=0 bound_count=1284672 bound_rms=0.000000000000e+00 bound_max=0.000000000000e+00 bound_worst_stage=0 bound_worst_index=0 bound_worst_kind=none
     5   3.12263854e+06   1.3490e-01   3.8038e-01   6.6673e-02   -2.10      -     1.0000e+00   0
FILTERDDP_ITER_TIMING iteration=5 barrier_iteration=3 backward_s=15.404425900 forward_s=1.342364400 total_s=16.746790300 outcome=accepted step_size=8.971617016e-01 backtracks=0 mu=8.000000000e-03
FILTERDDP_TIMING iteration=6 barrier_iteration=3 stage=48 derivative_s=0.036532500 first_order_s=0.009480600 second_order_s=0.026714500 algebra_s=0.134852000 kkt_assembly_s=0.002971700 factor_s=0.037198600 solve_s=0.125338000 update_s=0.007601500 K_nnz=393075 rhs_cols=1 Vxx_nnz=1040400
FILTERDDP_TIMING iteration=6 barrier_iteration=3 stage=47 derivative_s=0.057969300 first_order_s=0.007181300 second_order_s=0.050425200 algebra_s=0.107472700 kkt_assembly_s=0.003331700 factor_s=0.043075500 solve_s=0.105584000 update_s=0.008074800 K_nnz=393075 rhs_cols=1 Vxx_nnz=1040400
FILTERDDP_TIMING iteration=6 barrier_iteration=3 stage=46 derivative_s=0.085423400 first_order_s=0.005529700 second_order_s=0.079588300 algebra_s=0.076471200 kkt_assembly_s=0.003017800 factor_s=0.041856500 solve_s=0.331011100 update_s=0.009289300 K_nnz=393075 rhs_cols=1 Vxx_nnz=1040400
FILTERDDP_TIMING iteration=6 barrier_iteration=3 stage=45 derivative_s=0.016947200 first_order_s=0.005906700 second_order_s=0.010754200 algebra_s=0.081082200 kkt_assembly_s=0.003494700 factor_s=0.042261000 solve_s=0.125089400 update_s=0.009575900 K_nnz=393075 rhs_cols=1 Vxx_nnz=1040400
FILTERDDP_TIMING iteration=6 barrier_iteration=3 stage=44 derivative_s=0.017470800 first_order_s=0.006192900 second_order_s=0.010984900 algebra_s=0.081695000 kkt_assembly_s=0.003235600 factor_s=0.035215200 solve_s=0.107064300 update_s=0.064158600 K_nnz=393075 rhs_cols=1 Vxx_nnz=1040400
FILTERDDP_TIMING iteration=6 barrier_iteration=3 stage=43 derivative_s=0.015901700 first_order_s=0.005107800 second_order_s=0.010504700 algebra_s=0.083659100 kkt_assembly_s=0.002876900 factor_s=0.035986600 solve_s=0.117884200 update_s=0.011703000 K_nnz=393075 rhs_cols=1 Vxx_nnz=1040400
FILTERDDP_TIMING iteration=6 barrier_iteration=3 stage=42 derivative_s=0.021344200 first_order_s=0.007937700 second_order_s=0.013029300 algebra_s=0.120088500 kkt_assembly_s=0.002968600 factor_s=0.038192900 solve_s=0.116806400 update_s=0.009591200 K_nnz=393075 rhs_cols=1 Vxx_nnz=1040400
FILTERDDP_TIMING iteration=6 barrier_iteration=3 stage=41 derivative_s=0.015530400 first_order_s=0.005250100 second_order_s=0.009987500 algebra_s=0.076316700 kkt_assembly_s=0.002929100 factor_s=0.085553400 solve_s=0.107223000 update_s=0.008746600 K_nnz=393075 rhs_cols=1 Vxx_nnz=1040400
FILTERDDP_TIMING iteration=6 barrier_iteration=3 stage=40 derivative_s=0.015279200 first_order_s=0.005124900 second_order_s=0.009856400 algebra_s=0.076406500 kkt_assembly_s=0.040875200 factor_s=0.042866400 solve_s=0.109438800 update_s=0.008789300 K_nnz=393075 rhs_cols=1 Vxx_nnz=1040400
FILTERDDP_TIMING iteration=6 barrier_iteration=3 stage=39 derivative_s=0.033900500 first_order_s=0.012161200 second_order_s=0.021070400 algebra_s=0.132962600 kkt_assembly_s=0.002933400 factor_s=0.043310000 solve_s=0.108045500 update_s=0.008481000 K_nnz=393075 rhs_cols=1 Vxx_nnz=1040400
FILTERDDP_TIMING iteration=6 barrier_iteration=3 stage=38 derivative_s=0.014917800 first_order_s=0.004985900 second_order_s=0.009633900 algebra_s=0.151775600 kkt_assembly_s=0.003085900 factor_s=0.045828900 solve_s=0.108494000 update_s=0.010976900 K_nnz=393075 rhs_cols=1 Vxx_nnz=1040400
FILTERDDP_TIMING iteration=6 barrier_iteration=3 stage=37 derivative_s=0.018052400 first_order_s=0.005559600 second_order_s=0.012177800 algebra_s=0.288507600 kkt_assembly_s=0.003024000 factor_s=0.034820400 solve_s=0.126097700 update_s=0.008690300 K_nnz=393075 rhs_cols=1 Vxx_nnz=1040400
FILTERDDP_TIMING iteration=6 barrier_iteration=3 stage=36 derivative_s=0.013753800 first_order_s=0.005414300 second_order_s=0.008025600 algebra_s=0.103095400 kkt_assembly_s=0.003004700 factor_s=0.036553600 solve_s=0.111502500 update_s=0.009124500 K_nnz=393075 rhs_cols=1 Vxx_nnz=1040400
FILTERDDP_TIMING iteration=6 barrier_iteration=3 stage=35 derivative_s=0.021067700 first_order_s=0.007503400 second_order_s=0.013248100 algebra_s=0.134079000 kkt_assembly_s=0.002937200 factor_s=0.033960400 solve_s=0.116274500 update_s=0.009036600 K_nnz=393075 rhs_cols=1 Vxx_nnz=1040400
FILTERDDP_TIMING iteration=6 barrier_iteration=3 stage=34 derivative_s=0.016201500 first_order_s=0.005070000 second_order_s=0.010816400 algebra_s=0.075767600 kkt_assembly_s=0.002994200 factor_s=0.037316700 solve_s=0.163111900 update_s=0.010095500 K_nnz=393075 rhs_cols=1 Vxx_nnz=1040400
FILTERDDP_TIMING iteration=6 barrier_iteration=3 stage=33 derivative_s=0.016723600 first_order_s=0.005771800 second_order_s=0.010656900 algebra_s=0.108697200 kkt_assembly_s=0.003106200 factor_s=0.044053900 solve_s=0.155799700 update_s=0.008533400 K_nnz=393075 rhs_cols=1 Vxx_nnz=1040400
FILTERDDP_TIMING iteration=6 barrier_iteration=3 stage=32 derivative_s=0.015679600 first_order_s=0.005142400 second_order_s=0.010241500 algebra_s=0.077892700 kkt_assembly_s=0.003234800 factor_s=0.043291500 solve_s=0.144937100 update_s=0.007695100 K_nnz=393075 rhs_cols=1 Vxx_nnz=1040400
FILTERDDP_TIMING iteration=6 barrier_iteration=3 stage=31 derivative_s=0.021735400 first_order_s=0.007708000 second_order_s=0.013624400 algebra_s=0.152348400 kkt_assembly_s=0.002923600 factor_s=0.043745600 solve_s=0.190603800 update_s=0.007783000 K_nnz=393075 rhs_cols=1 Vxx_nnz=1040400
FILTERDDP_TIMING iteration=6 barrier_iteration=3 stage=30 derivative_s=0.016168600 first_order_s=0.007404500 second_order_s=0.008353200 algebra_s=0.125087300 kkt_assembly_s=0.003018900 factor_s=0.043187500 solve_s=0.304977600 update_s=0.010035000 K_nnz=393075 rhs_cols=1 Vxx_nnz=1040400
FILTERDDP_TIMING iteration=6 barrier_iteration=3 stage=29 derivative_s=0.019322200 first_order_s=0.007300800 second_order_s=0.011718000 algebra_s=0.082936500 kkt_assembly_s=0.003101900 factor_s=0.036765500 solve_s=0.105335800 update_s=0.007018800 K_nnz=393075 rhs_cols=1 Vxx_nnz=1040400
FILTERDDP_TIMING iteration=6 barrier_iteration=3 stage=28 derivative_s=0.014463500 first_order_s=0.006702100 second_order_s=0.007447000 algebra_s=0.151725400 kkt_assembly_s=0.004838700 factor_s=0.062187200 solve_s=0.177521700 update_s=0.007277400 K_nnz=393075 rhs_cols=1 Vxx_nnz=1040400
FILTERDDP_TIMING iteration=6 barrier_iteration=3 stage=27 derivative_s=0.015708100 first_order_s=0.005624300 second_order_s=0.009784400 algebra_s=0.081135800 kkt_assembly_s=0.003030500 factor_s=0.037210500 solve_s=0.124583000 update_s=0.008403900 K_nnz=393075 rhs_cols=1 Vxx_nnz=1040400
FILTERDDP_TIMING iteration=6 barrier_iteration=3 stage=26 derivative_s=0.060687500 first_order_s=0.005667300 second_order_s=0.054714500 algebra_s=0.077132900 kkt_assembly_s=0.002886200 factor_s=0.041064600 solve_s=0.127468100 update_s=0.013100900 K_nnz=393075 rhs_cols=1 Vxx_nnz=1040400
FILTERDDP_TIMING iteration=6 barrier_iteration=3 stage=25 derivative_s=0.019063000 first_order_s=0.006569000 second_order_s=0.012136400 algebra_s=0.148061700 kkt_assembly_s=0.003064900 factor_s=0.043708400 solve_s=0.127278300 update_s=0.012074700 K_nnz=393075 rhs_cols=1 Vxx_nnz=1040400
FILTERDDP_TIMING iteration=6 barrier_iteration=3 stage=24 derivative_s=0.024513800 first_order_s=0.010284600 second_order_s=0.013689600 algebra_s=0.121610700 kkt_assembly_s=0.006016600 factor_s=0.054365300 solve_s=0.117675000 update_s=0.008938500 K_nnz=393075 rhs_cols=1 Vxx_nnz=1040400
FILTERDDP_TIMING iteration=6 barrier_iteration=3 stage=23 derivative_s=0.015084300 first_order_s=0.005065400 second_order_s=0.009733700 algebra_s=0.131020400 kkt_assembly_s=0.003021800 factor_s=0.041205700 solve_s=0.114070700 update_s=0.010040900 K_nnz=393075 rhs_cols=1 Vxx_nnz=1040400
FILTERDDP_TIMING iteration=6 barrier_iteration=3 stage=22 derivative_s=0.094225600 first_order_s=0.007113000 second_order_s=0.086752900 algebra_s=0.075790800 kkt_assembly_s=0.002946200 factor_s=0.042180100 solve_s=0.107922300 update_s=0.009402000 K_nnz=393075 rhs_cols=1 Vxx_nnz=1040400
FILTERDDP_TIMING iteration=6 barrier_iteration=3 stage=21 derivative_s=0.225295000 first_order_s=0.005150400 second_order_s=0.219832100 algebra_s=0.078855500 kkt_assembly_s=0.003064400 factor_s=0.035164000 solve_s=0.106291100 update_s=0.008248700 K_nnz=393075 rhs_cols=1 Vxx_nnz=1040400
FILTERDDP_TIMING iteration=6 barrier_iteration=3 stage=20 derivative_s=0.015591300 first_order_s=0.005188000 second_order_s=0.010107300 algebra_s=0.076811300 kkt_assembly_s=0.002914800 factor_s=0.033848900 solve_s=0.108988100 update_s=0.056982300 K_nnz=393075 rhs_cols=1 Vxx_nnz=1040400
FILTERDDP_TIMING iteration=6 barrier_iteration=3 stage=19 derivative_s=0.016782200 first_order_s=0.007484100 second_order_s=0.008892900 algebra_s=0.081151800 kkt_assembly_s=0.002874000 factor_s=0.034052500 solve_s=0.107740300 update_s=0.008850000 K_nnz=393075 rhs_cols=1 Vxx_nnz=1040400
FILTERDDP_TIMING iteration=6 barrier_iteration=3 stage=18 derivative_s=0.015427700 first_order_s=0.005294200 second_order_s=0.009838300 algebra_s=0.122304900 kkt_assembly_s=0.002964100 factor_s=0.037861300 solve_s=0.120543600 update_s=0.008613900 K_nnz=393075 rhs_cols=1 Vxx_nnz=1040400
FILTERDDP_TIMING iteration=6 barrier_iteration=3 stage=17 derivative_s=0.015292200 first_order_s=0.005191900 second_order_s=0.009820000 algebra_s=0.075826500 kkt_assembly_s=0.002810200 factor_s=0.041090100 solve_s=0.153515100 update_s=0.008654500 K_nnz=393075 rhs_cols=1 Vxx_nnz=1040400
FILTERDDP_TIMING iteration=6 barrier_iteration=3 stage=16 derivative_s=0.015987900 first_order_s=0.005479400 second_order_s=0.010211800 algebra_s=0.075943200 kkt_assembly_s=0.003028800 factor_s=0.043063500 solve_s=0.163482400 update_s=0.011707500 K_nnz=393075 rhs_cols=1 Vxx_nnz=1040400
FILTERDDP_TIMING iteration=6 barrier_iteration=3 stage=15 derivative_s=0.026921400 first_order_s=0.011610900 second_order_s=0.013857200 algebra_s=0.088770000 kkt_assembly_s=0.003497900 factor_s=0.092568000 solve_s=0.130814600 update_s=0.007826500 K_nnz=393075 rhs_cols=1 Vxx_nnz=1040400
FILTERDDP_TIMING iteration=6 barrier_iteration=3 stage=14 derivative_s=0.013958600 first_order_s=0.005622300 second_order_s=0.007892400 algebra_s=0.153265800 kkt_assembly_s=0.003151000 factor_s=0.056212000 solve_s=0.133082400 update_s=0.009027300 K_nnz=393075 rhs_cols=1 Vxx_nnz=1040400
FILTERDDP_TIMING iteration=6 barrier_iteration=3 stage=13 derivative_s=0.017388200 first_order_s=0.007795000 second_order_s=0.009147200 algebra_s=0.296619100 kkt_assembly_s=0.003745900 factor_s=0.041851500 solve_s=0.107019100 update_s=0.008681300 K_nnz=393075 rhs_cols=1 Vxx_nnz=1040400
FILTERDDP_TIMING iteration=6 barrier_iteration=3 stage=12 derivative_s=0.015449900 first_order_s=0.005284800 second_order_s=0.009869100 algebra_s=0.081934000 kkt_assembly_s=0.003194900 factor_s=0.036632100 solve_s=0.140653000 update_s=0.011574900 K_nnz=393075 rhs_cols=1 Vxx_nnz=1040400
FILTERDDP_TIMING iteration=6 barrier_iteration=3 stage=11 derivative_s=0.017991500 first_order_s=0.005582700 second_order_s=0.012062700 algebra_s=0.150691200 kkt_assembly_s=0.003163800 factor_s=0.038535300 solve_s=0.106458900 update_s=0.009186200 K_nnz=393075 rhs_cols=1 Vxx_nnz=1040400
FILTERDDP_TIMING iteration=6 barrier_iteration=3 stage=10 derivative_s=0.015545700 first_order_s=0.005299600 second_order_s=0.009947600 algebra_s=0.079680600 kkt_assembly_s=0.003403900 factor_s=0.041188300 solve_s=0.169873900 update_s=0.010247800 K_nnz=393075 rhs_cols=1 Vxx_nnz=1040400
FILTERDDP_TIMING iteration=6 barrier_iteration=3 stage=9 derivative_s=0.014636400 first_order_s=0.006167500 second_order_s=0.008131900 algebra_s=0.077814900 kkt_assembly_s=0.003041600 factor_s=0.043749400 solve_s=0.124373600 update_s=0.055558400 K_nnz=393075 rhs_cols=1 Vxx_nnz=1040400
FILTERDDP_TIMING iteration=6 barrier_iteration=3 stage=8 derivative_s=0.015327200 first_order_s=0.005814900 second_order_s=0.009217400 algebra_s=0.115351400 kkt_assembly_s=0.003151200 factor_s=0.045671900 solve_s=0.114139500 update_s=0.061010600 K_nnz=393075 rhs_cols=1 Vxx_nnz=1040400
FILTERDDP_TIMING iteration=6 barrier_iteration=3 stage=7 derivative_s=0.016337600 first_order_s=0.005590300 second_order_s=0.010434800 algebra_s=0.078095100 kkt_assembly_s=0.003396200 factor_s=0.044449900 solve_s=0.193492400 update_s=0.008953100 K_nnz=393075 rhs_cols=1 Vxx_nnz=1040400
FILTERDDP_TIMING iteration=6 barrier_iteration=3 stage=6 derivative_s=0.015408200 first_order_s=0.005233700 second_order_s=0.009858000 algebra_s=0.082601300 kkt_assembly_s=0.003496000 factor_s=0.046775900 solve_s=0.301012700 update_s=0.007158200 K_nnz=393075 rhs_cols=1 Vxx_nnz=1040400
FILTERDDP_TIMING iteration=6 barrier_iteration=3 stage=5 derivative_s=0.012796800 first_order_s=0.005331200 second_order_s=0.007147900 algebra_s=0.082158900 kkt_assembly_s=0.003086300 factor_s=0.037734300 solve_s=0.126376700 update_s=0.009179200 K_nnz=393075 rhs_cols=1 Vxx_nnz=1040400
FILTERDDP_TIMING iteration=6 barrier_iteration=3 stage=4 derivative_s=0.026103300 first_order_s=0.010768000 second_order_s=0.014276300 algebra_s=0.089499400 kkt_assembly_s=0.003059500 factor_s=0.033272300 solve_s=0.111923000 update_s=0.078991000 K_nnz=393075 rhs_cols=1 Vxx_nnz=1040400
FILTERDDP_TIMING iteration=6 barrier_iteration=3 stage=3 derivative_s=0.015597100 first_order_s=0.005435800 second_order_s=0.009855800 algebra_s=0.077339500 kkt_assembly_s=0.003085800 factor_s=0.041966400 solve_s=0.118011600 update_s=0.007206100 K_nnz=393075 rhs_cols=1 Vxx_nnz=1040400
FILTERDDP_TIMING iteration=6 barrier_iteration=3 stage=2 derivative_s=0.013668000 first_order_s=0.005712700 second_order_s=0.007651000 algebra_s=0.114799100 kkt_assembly_s=0.003116300 factor_s=0.039636400 solve_s=0.120783700 update_s=0.009825400 K_nnz=393075 rhs_cols=1 Vxx_nnz=1040400
FILTERDDP_TIMING iteration=6 barrier_iteration=3 stage=1 derivative_s=0.019907600 first_order_s=0.006809200 second_order_s=0.012686500 algebra_s=0.142215400 kkt_assembly_s=0.006344300 factor_s=0.057271000 solve_s=0.134232800 update_s=0.011576100 K_nnz=393075 rhs_cols=1 Vxx_nnz=1040400
FILTERDDP_FEASIBILITY iteration=6 barrier_iteration=3 equality_count=2030544 equality_rms=5.271711582792e-03 equality_max=7.733314781680e-02 equality_worst_stage=31 equality_worst_index=39983 dynamics_count=47940 dynamics_rms=9.692682809158e-17 dynamics_max=2.220446049250e-16 dynamics_worst_stage=47 dynamics_worst_index=3 bound_count=1284672 bound_rms=0.000000000000e+00 bound_max=0.000000000000e+00 bound_worst_stage=0 bound_worst_index=0 bound_worst_kind=none
     6   3.10767131e+06   7.7333e-02   5.0265e-01   2.4074e-02   -2.10      -     8.9716e-01   0
FILTERDDP_ITER_TIMING iteration=6 barrier_iteration=3 backward_s=16.285489300 forward_s=1.641558000 total_s=17.927047300 outcome=accepted step_size=1.000000000e+00 backtracks=0 mu=8.000000000e-03
FILTERDDP_TIMING iteration=7 barrier_iteration=3 stage=48 derivative_s=0.016512400 first_order_s=0.005256200 second_order_s=0.010966500 algebra_s=0.077184100 kkt_assembly_s=0.002999200 factor_s=0.041607600 solve_s=0.315434100 update_s=0.008883800 K_nnz=393075 rhs_cols=1 Vxx_nnz=1040400
FILTERDDP_TIMING iteration=7 barrier_iteration=3 stage=47 derivative_s=0.016234400 first_order_s=0.005211200 second_order_s=0.010742600 algebra_s=0.075663300 kkt_assembly_s=0.002967800 factor_s=0.035991300 solve_s=0.116207200 update_s=0.009360300 K_nnz=393075 rhs_cols=1 Vxx_nnz=1040400
FILTERDDP_TIMING iteration=7 barrier_iteration=3 stage=46 derivative_s=0.015449700 first_order_s=0.005266300 second_order_s=0.009888700 algebra_s=0.076401700 kkt_assembly_s=0.002958700 factor_s=0.032400300 solve_s=0.170715100 update_s=0.009631400 K_nnz=393075 rhs_cols=1 Vxx_nnz=1040400
FILTERDDP_TIMING iteration=7 barrier_iteration=3 stage=45 derivative_s=0.019227100 first_order_s=0.006263000 second_order_s=0.012619000 algebra_s=0.077984800 kkt_assembly_s=0.003007700 factor_s=0.036678300 solve_s=0.109517500 update_s=0.009120600 K_nnz=393075 rhs_cols=1 Vxx_nnz=1040400
FILTERDDP_TIMING iteration=7 barrier_iteration=3 stage=44 derivative_s=0.058920300 first_order_s=0.005325000 second_order_s=0.053299600 algebra_s=0.077373500 kkt_assembly_s=0.003164500 factor_s=0.036920100 solve_s=0.116064500 update_s=0.009273300 K_nnz=393075 rhs_cols=1 Vxx_nnz=1040400
FILTERDDP_TIMING iteration=7 barrier_iteration=3 stage=43 derivative_s=0.016381200 first_order_s=0.005497700 second_order_s=0.010589200 algebra_s=0.120954900 kkt_assembly_s=0.002930400 factor_s=0.044705000 solve_s=0.113125100 update_s=0.008535600 K_nnz=393075 rhs_cols=1 Vxx_nnz=1040400
FILTERDDP_TIMING iteration=7 barrier_iteration=3 stage=42 derivative_s=0.013524400 first_order_s=0.006052800 second_order_s=0.007178600 algebra_s=0.125968400 kkt_assembly_s=0.002960500 factor_s=0.043248200 solve_s=0.115357100 update_s=0.008756800 K_nnz=393075 rhs_cols=1 Vxx_nnz=1040400
FILTERDDP_TIMING iteration=7 barrier_iteration=3 stage=41 derivative_s=0.052354500 first_order_s=0.005477000 second_order_s=0.046544000 algebra_s=0.075385000 kkt_assembly_s=0.003043300 factor_s=0.043961100 solve_s=0.197583600 update_s=0.011609700 K_nnz=393075 rhs_cols=1 Vxx_nnz=1040400
FILTERDDP_TIMING iteration=7 barrier_iteration=3 stage=40 derivative_s=0.016368800 first_order_s=0.005561300 second_order_s=0.010508200 algebra_s=0.081613000 kkt_assembly_s=0.003106500 factor_s=0.043724700 solve_s=0.297265200 update_s=0.007319700 K_nnz=393075 rhs_cols=1 Vxx_nnz=1040400
FILTERDDP_TIMING iteration=7 barrier_iteration=3 stage=39 derivative_s=0.018407100 first_order_s=0.005721900 second_order_s=0.012379500 algebra_s=0.127339900 kkt_assembly_s=0.003135100 factor_s=0.034351400 solve_s=0.135664700 update_s=0.008301400 K_nnz=393075 rhs_cols=1 Vxx_nnz=1040400
FILTERDDP_TIMING iteration=7 barrier_iteration=3 stage=38 derivative_s=0.017546400 first_order_s=0.008125700 second_order_s=0.008971000 algebra_s=0.143969700 kkt_assembly_s=0.003250200 factor_s=0.038350200 solve_s=0.159620800 update_s=0.010839200 K_nnz=393075 rhs_cols=1 Vxx_nnz=1040400
FILTERDDP_TIMING iteration=7 barrier_iteration=3 stage=37 derivative_s=0.015417100 first_order_s=0.007116000 second_order_s=0.008010800 algebra_s=0.156404700 kkt_assembly_s=0.006550000 factor_s=0.049532600 solve_s=0.124776200 update_s=0.007749200 K_nnz=393075 rhs_cols=1 Vxx_nnz=1040400
FILTERDDP_TIMING iteration=7 barrier_iteration=3 stage=36 derivative_s=0.012555000 first_order_s=0.005188400 second_order_s=0.007043100 algebra_s=0.171306600 kkt_assembly_s=0.003001900 factor_s=0.038689500 solve_s=0.119603700 update_s=0.009751300 K_nnz=393075 rhs_cols=1 Vxx_nnz=1040400
FILTERDDP_TIMING iteration=7 barrier_iteration=3 stage=35 derivative_s=0.020777400 first_order_s=0.009113800 second_order_s=0.011211800 algebra_s=0.148821800 kkt_assembly_s=0.002886400 factor_s=0.041892500 solve_s=0.138165800 update_s=0.009242200 K_nnz=393075 rhs_cols=1 Vxx_nnz=1040400
FILTERDDP_TIMING iteration=7 barrier_iteration=3 stage=34 derivative_s=0.015059100 first_order_s=0.005026400 second_order_s=0.009738500 algebra_s=0.120986800 kkt_assembly_s=0.002991100 factor_s=0.042864000 solve_s=0.118630600 update_s=0.009128000 K_nnz=393075 rhs_cols=1 Vxx_nnz=1040400
FILTERDDP_TIMING iteration=7 barrier_iteration=3 stage=33 derivative_s=0.014927100 first_order_s=0.005173500 second_order_s=0.009439500 algebra_s=0.153059600 kkt_assembly_s=0.003042600 factor_s=0.042113300 solve_s=0.109576700 update_s=0.008804800 K_nnz=393075 rhs_cols=1 Vxx_nnz=1040400
FILTERDDP_TIMING iteration=7 barrier_iteration=3 stage=32 derivative_s=0.015514900 first_order_s=0.005351300 second_order_s=0.009844700 algebra_s=0.281686700 kkt_assembly_s=0.002908300 factor_s=0.034943000 solve_s=0.107472400 update_s=0.009074900 K_nnz=393075 rhs_cols=1 Vxx_nnz=1040400
FILTERDDP_TIMING iteration=7 barrier_iteration=3 stage=31 derivative_s=0.015411400 first_order_s=0.005266800 second_order_s=0.009852000 algebra_s=0.075615000 kkt_assembly_s=0.003010700 factor_s=0.035116900 solve_s=0.124044700 update_s=0.009149300 K_nnz=393075 rhs_cols=1 Vxx_nnz=1040400
FILTERDDP_TIMING iteration=7 barrier_iteration=3 stage=30 derivative_s=0.017120500 first_order_s=0.005394200 second_order_s=0.011428000 algebra_s=0.139953100 kkt_assembly_s=0.002868900 factor_s=0.054322700 solve_s=0.112303100 update_s=0.010586400 K_nnz=393075 rhs_cols=1 Vxx_nnz=1040400
FILTERDDP_TIMING iteration=7 barrier_iteration=3 stage=29 derivative_s=0.019244900 first_order_s=0.006585300 second_order_s=0.012250300 algebra_s=0.095989900 kkt_assembly_s=0.002846100 factor_s=0.037729300 solve_s=0.151285700 update_s=0.008246400 K_nnz=393075 rhs_cols=1 Vxx_nnz=1040400
FILTERDDP_TIMING iteration=7 barrier_iteration=3 stage=28 derivative_s=0.015429700 first_order_s=0.005390300 second_order_s=0.009754700 algebra_s=0.075772500 kkt_assembly_s=0.002823800 factor_s=0.041684700 solve_s=0.156110400 update_s=0.009978500 K_nnz=393075 rhs_cols=1 Vxx_nnz=1040400
FILTERDDP_TIMING iteration=7 barrier_iteration=3 stage=27 derivative_s=0.015678100 first_order_s=0.005240700 second_order_s=0.010142600 algebra_s=0.099166200 kkt_assembly_s=0.002951400 factor_s=0.042236700 solve_s=0.159838200 update_s=0.009048300 K_nnz=393075 rhs_cols=1 Vxx_nnz=1040400
FILTERDDP_TIMING iteration=7 barrier_iteration=3 stage=26 derivative_s=0.016985100 first_order_s=0.005472500 second_order_s=0.011218100 algebra_s=0.077715200 kkt_assembly_s=0.003034500 factor_s=0.042317700 solve_s=0.184622700 update_s=0.010357400 K_nnz=393075 rhs_cols=1 Vxx_nnz=1040400
FILTERDDP_TIMING iteration=7 barrier_iteration=3 stage=25 derivative_s=0.024914900 first_order_s=0.009250900 second_order_s=0.015113200 algebra_s=0.080512500 kkt_assembly_s=0.003125400 factor_s=0.045408900 solve_s=0.316098400 update_s=0.007752600 K_nnz=393075 rhs_cols=1 Vxx_nnz=1040400
FILTERDDP_TIMING iteration=7 barrier_iteration=3 stage=24 derivative_s=0.015809600 first_order_s=0.005272200 second_order_s=0.010236900 algebra_s=0.079164600 kkt_assembly_s=0.003811900 factor_s=0.038881600 solve_s=0.117664800 update_s=0.007170000 K_nnz=393075 rhs_cols=1 Vxx_nnz=1040400
FILTERDDP_TIMING iteration=7 barrier_iteration=3 stage=23 derivative_s=0.020072200 first_order_s=0.006322300 second_order_s=0.013382800 algebra_s=0.099359900 kkt_assembly_s=0.003051800 factor_s=0.038444000 solve_s=0.170180300 update_s=0.009077300 K_nnz=393075 rhs_cols=1 Vxx_nnz=1040400
FILTERDDP_TIMING iteration=7 barrier_iteration=3 stage=22 derivative_s=0.015719900 first_order_s=0.005389700 second_order_s=0.010038100 algebra_s=0.075762400 kkt_assembly_s=0.003010000 factor_s=0.034351100 solve_s=0.108458800 update_s=0.008206200 K_nnz=393075 rhs_cols=1 Vxx_nnz=1040400
FILTERDDP_TIMING iteration=7 barrier_iteration=3 stage=21 derivative_s=0.016208600 first_order_s=0.005198200 second_order_s=0.010678800 algebra_s=0.129592200 kkt_assembly_s=0.002964300 factor_s=0.037332500 solve_s=0.115964500 update_s=0.008784400 K_nnz=393075 rhs_cols=1 Vxx_nnz=1040400
FILTERDDP_TIMING iteration=7 barrier_iteration=3 stage=20 derivative_s=0.018378400 first_order_s=0.006512800 second_order_s=0.011508000 algebra_s=0.117350600 kkt_assembly_s=0.002901700 factor_s=0.041996000 solve_s=0.114659700 update_s=0.009003700 K_nnz=393075 rhs_cols=1 Vxx_nnz=1040400
FILTERDDP_TIMING iteration=7 barrier_iteration=3 stage=19 derivative_s=0.015439300 first_order_s=0.005079100 second_order_s=0.010064200 algebra_s=0.117856600 kkt_assembly_s=0.003048700 factor_s=0.041175100 solve_s=0.105567800 update_s=0.008796600 K_nnz=393075 rhs_cols=1 Vxx_nnz=1040400
FILTERDDP_TIMING iteration=7 barrier_iteration=3 stage=18 derivative_s=0.015548800 first_order_s=0.005429000 second_order_s=0.009825200 algebra_s=0.150766300 kkt_assembly_s=0.002953700 factor_s=0.042715500 solve_s=0.111582600 update_s=0.007119200 K_nnz=393075 rhs_cols=1 Vxx_nnz=1040400
FILTERDDP_TIMING iteration=7 barrier_iteration=3 stage=17 derivative_s=0.224395200 first_order_s=0.005068800 second_order_s=0.219044700 algebra_s=0.076316700 kkt_assembly_s=0.002827100 factor_s=0.035511800 solve_s=0.109014000 update_s=0.008593300 K_nnz=393075 rhs_cols=1 Vxx_nnz=1040400
FILTERDDP_TIMING iteration=7 barrier_iteration=3 stage=16 derivative_s=0.015417500 first_order_s=0.005237800 second_order_s=0.009882500 algebra_s=0.075954100 kkt_assembly_s=0.002990900 factor_s=0.033073100 solve_s=0.106342900 update_s=0.008948200 K_nnz=393075 rhs_cols=1 Vxx_nnz=1040400
FILTERDDP_TIMING iteration=7 barrier_iteration=3 stage=15 derivative_s=0.015685800 first_order_s=0.005286300 second_order_s=0.010106000 algebra_s=0.140613000 kkt_assembly_s=0.002983100 factor_s=0.036559900 solve_s=0.117575400 update_s=0.008874400 K_nnz=393075 rhs_cols=1 Vxx_nnz=1040400
FILTERDDP_TIMING iteration=7 barrier_iteration=3 stage=14 derivative_s=0.016308300 first_order_s=0.005750800 second_order_s=0.010249000 algebra_s=0.076975600 kkt_assembly_s=0.002913600 factor_s=0.036721800 solve_s=0.151855600 update_s=0.010833500 K_nnz=393075 rhs_cols=1 Vxx_nnz=1040400
FILTERDDP_TIMING iteration=7 barrier_iteration=3 stage=13 derivative_s=0.022362700 first_order_s=0.005829600 second_order_s=0.016007600 algebra_s=0.079971700 kkt_assembly_s=0.002908700 factor_s=0.043059800 solve_s=0.139426600 update_s=0.006939900 K_nnz=393075 rhs_cols=1 Vxx_nnz=1040400
FILTERDDP_TIMING iteration=7 barrier_iteration=3 stage=12 derivative_s=0.015880700 first_order_s=0.005509100 second_order_s=0.009984400 algebra_s=0.076024600 kkt_assembly_s=0.002973300 factor_s=0.043062700 solve_s=0.148311700 update_s=0.011450500 K_nnz=393075 rhs_cols=1 Vxx_nnz=1040400
FILTERDDP_TIMING iteration=7 barrier_iteration=3 stage=11 derivative_s=0.013007900 first_order_s=0.005539300 second_order_s=0.007095900 algebra_s=0.071596400 kkt_assembly_s=0.003020500 factor_s=0.042572600 solve_s=0.179789900 update_s=0.008814900 K_nnz=393075 rhs_cols=1 Vxx_nnz=1040400
FILTERDDP_TIMING iteration=7 barrier_iteration=3 stage=10 derivative_s=0.017611200 first_order_s=0.005723000 second_order_s=0.011584300 algebra_s=0.076046800 kkt_assembly_s=0.003005500 factor_s=0.045046000 solve_s=0.329518800 update_s=0.007762600 K_nnz=393075 rhs_cols=1 Vxx_nnz=1040400
FILTERDDP_TIMING iteration=7 barrier_iteration=3 stage=9 derivative_s=0.015408600 first_order_s=0.005034200 second_order_s=0.010092400 algebra_s=0.077773000 kkt_assembly_s=0.003003600 factor_s=0.035733400 solve_s=0.109899300 update_s=0.009258800 K_nnz=393075 rhs_cols=1 Vxx_nnz=1040400
FILTERDDP_TIMING iteration=7 barrier_iteration=3 stage=8 derivative_s=0.015301700 first_order_s=0.005100400 second_order_s=0.009909500 algebra_s=0.079072800 kkt_assembly_s=0.003009500 factor_s=0.033695800 solve_s=0.105687600 update_s=0.076430200 K_nnz=393075 rhs_cols=1 Vxx_nnz=1040400
FILTERDDP_TIMING iteration=7 barrier_iteration=3 stage=7 derivative_s=0.015914800 first_order_s=0.005567400 second_order_s=0.010053100 algebra_s=0.086615300 kkt_assembly_s=0.002986500 factor_s=0.035388800 solve_s=0.107742300 update_s=0.009169300 K_nnz=393075 rhs_cols=1 Vxx_nnz=1040400
FILTERDDP_TIMING iteration=7 barrier_iteration=3 stage=6 derivative_s=0.018154200 first_order_s=0.005070500 second_order_s=0.012791300 algebra_s=0.117470900 kkt_assembly_s=0.002807400 factor_s=0.038424300 solve_s=0.117718100 update_s=0.009138900 K_nnz=393075 rhs_cols=1 Vxx_nnz=1040400
FILTERDDP_TIMING iteration=7 barrier_iteration=3 stage=5 derivative_s=0.015467500 first_order_s=0.005214400 second_order_s=0.009960300 algebra_s=0.075911800 kkt_assembly_s=0.002974300 factor_s=0.042382900 solve_s=0.146846900 update_s=0.009305000 K_nnz=393075 rhs_cols=1 Vxx_nnz=1040400
FILTERDDP_TIMING iteration=7 barrier_iteration=3 stage=4 derivative_s=0.016117700 first_order_s=0.005492700 second_order_s=0.010319100 algebra_s=0.075410100 kkt_assembly_s=0.003183600 factor_s=0.041474900 solve_s=0.146564500 update_s=0.008812500 K_nnz=393075 rhs_cols=1 Vxx_nnz=1040400
FILTERDDP_TIMING iteration=7 barrier_iteration=3 stage=3 derivative_s=0.016141600 first_order_s=0.005571100 second_order_s=0.010218000 algebra_s=0.088989800 kkt_assembly_s=0.003041600 factor_s=0.048332900 solve_s=0.190765400 update_s=0.009175700 K_nnz=393075 rhs_cols=1 Vxx_nnz=1040400
FILTERDDP_TIMING iteration=7 barrier_iteration=3 stage=2 derivative_s=0.015084400 first_order_s=0.005211800 second_order_s=0.009583800 algebra_s=0.078906600 kkt_assembly_s=0.199796300 factor_s=0.035326300 solve_s=0.108459600 update_s=0.009412800 K_nnz=393075 rhs_cols=1 Vxx_nnz=1040400
FILTERDDP_TIMING iteration=7 barrier_iteration=3 stage=1 derivative_s=0.016114900 first_order_s=0.005223900 second_order_s=0.010608400 algebra_s=0.075819700 kkt_assembly_s=0.002919000 factor_s=0.035676900 solve_s=0.115543900 update_s=0.009193500 K_nnz=393075 rhs_cols=1 Vxx_nnz=1040400
FILTERDDP_FEASIBILITY iteration=7 barrier_iteration=3 equality_count=2030544 equality_rms=8.175687942753e-04 equality_max=1.525852133909e-02 equality_worst_stage=32 equality_worst_index=31102 dynamics_count=47940 dynamics_rms=0.000000000000e+00 dynamics_max=0.000000000000e+00 dynamics_worst_stage=0 dynamics_worst_index=0 bound_count=1284672 bound_rms=0.000000000000e+00 bound_max=0.000000000000e+00 bound_worst_stage=0 bound_worst_index=0 bound_worst_kind=none
     7   3.10596418e+06   1.5259e-02   1.2228e-01   1.0688e-02   -2.10      -     1.0000e+00   0
FILTERDDP_ITER_TIMING iteration=7 barrier_iteration=3 backward_s=15.869619400 forward_s=1.321464200 total_s=17.191083600 outcome=accepted step_size=1.000000000e+00 backtracks=0 mu=8.000000000e-03
FILTERDDP_TIMING iteration=8 barrier_iteration=3 stage=48 derivative_s=0.037956900 first_order_s=0.009704600 second_order_s=0.027799600 algebra_s=0.110098700 kkt_assembly_s=0.034436100 factor_s=0.037705300 solve_s=0.120505000 update_s=0.011313900 K_nnz=393075 rhs_cols=1 Vxx_nnz=1040400
FILTERDDP_TIMING iteration=8 barrier_iteration=3 stage=47 derivative_s=0.018299300 first_order_s=0.006335700 second_order_s=0.011599500 algebra_s=0.076098500 kkt_assembly_s=0.002945500 factor_s=0.036101400 solve_s=0.155847500 update_s=0.008938100 K_nnz=393075 rhs_cols=1 Vxx_nnz=1040400
FILTERDDP_TIMING iteration=8 barrier_iteration=3 stage=46 derivative_s=0.012743600 first_order_s=0.005613000 second_order_s=0.006829500 algebra_s=0.077868100 kkt_assembly_s=0.002947500 factor_s=0.044590600 solve_s=0.153849300 update_s=0.009219000 K_nnz=393075 rhs_cols=1 Vxx_nnz=1040400
FILTERDDP_TIMING iteration=8 barrier_iteration=3 stage=45 derivative_s=0.016340100 first_order_s=0.005732200 second_order_s=0.010296900 algebra_s=0.085460600 kkt_assembly_s=0.003024700 factor_s=0.086055100 solve_s=0.112666800 update_s=0.007734800 K_nnz=393075 rhs_cols=1 Vxx_nnz=1040400
FILTERDDP_TIMING iteration=8 barrier_iteration=3 stage=44 derivative_s=0.015391500 first_order_s=0.005073400 second_order_s=0.010017200 algebra_s=0.151609300 kkt_assembly_s=0.002913300 factor_s=0.043860900 solve_s=0.127185800 update_s=0.008025400 K_nnz=393075 rhs_cols=1 Vxx_nnz=1040400
FILTERDDP_TIMING iteration=8 barrier_iteration=3 stage=43 derivative_s=0.015126300 first_order_s=0.006113300 second_order_s=0.008704700 algebra_s=0.287828300 kkt_assembly_s=0.002964500 factor_s=0.036182800 solve_s=0.115313200 update_s=0.008705200 K_nnz=393075 rhs_cols=1 Vxx_nnz=1040400
FILTERDDP_TIMING iteration=8 barrier_iteration=3 stage=42 derivative_s=0.014827000 first_order_s=0.005154500 second_order_s=0.009358100 algebra_s=0.076953900 kkt_assembly_s=0.002862900 factor_s=0.032678600 solve_s=0.104810500 update_s=0.008944500 K_nnz=393075 rhs_cols=1 Vxx_nnz=1040400
FILTERDDP_TIMING iteration=8 barrier_iteration=3 stage=41 derivative_s=0.015557700 first_order_s=0.005419600 second_order_s=0.009858500 algebra_s=0.125807200 kkt_assembly_s=0.002965300 factor_s=0.036604700 solve_s=0.108992500 update_s=0.008556600 K_nnz=393075 rhs_cols=1 Vxx_nnz=1040400
FILTERDDP_TIMING iteration=8 barrier_iteration=3 stage=40 derivative_s=0.015253500 first_order_s=0.005354000 second_order_s=0.009620900 algebra_s=0.075190900 kkt_assembly_s=0.003016100 factor_s=0.034880500 solve_s=0.158806000 update_s=0.009153200 K_nnz=393075 rhs_cols=1 Vxx_nnz=1040400
FILTERDDP_TIMING iteration=8 barrier_iteration=3 stage=39 derivative_s=0.015362200 first_order_s=0.005118200 second_order_s=0.009950700 algebra_s=0.074201900 kkt_assembly_s=0.002931800 factor_s=0.040618700 solve_s=0.144671100 update_s=0.009358400 K_nnz=393075 rhs_cols=1 Vxx_nnz=1040400
FILTERDDP_TIMING iteration=8 barrier_iteration=3 stage=38 derivative_s=0.013511600 first_order_s=0.005482700 second_order_s=0.007723600 algebra_s=0.076149700 kkt_assembly_s=0.002906600 factor_s=0.044134000 solve_s=0.157187700 update_s=0.008650300 K_nnz=393075 rhs_cols=1 Vxx_nnz=1040400
FILTERDDP_TIMING iteration=8 barrier_iteration=3 stage=37 derivative_s=0.015465500 first_order_s=0.005134100 second_order_s=0.010035500 algebra_s=0.075076200 kkt_assembly_s=0.002867800 factor_s=0.042387700 solve_s=0.172006200 update_s=0.006719800 K_nnz=393075 rhs_cols=1 Vxx_nnz=1040400
FILTERDDP_TIMING iteration=8 barrier_iteration=3 stage=36 derivative_s=0.012274000 first_order_s=0.005180700 second_order_s=0.006788500 algebra_s=0.077908100 kkt_assembly_s=0.002998300 factor_s=0.043165400 solve_s=0.311937900 update_s=0.009605700 K_nnz=393075 rhs_cols=1 Vxx_nnz=1040400
FILTERDDP_TIMING iteration=8 barrier_iteration=3 stage=35 derivative_s=0.015506800 first_order_s=0.005102700 second_order_s=0.010092300 algebra_s=0.086216200 kkt_assembly_s=0.002874900 factor_s=0.035469000 solve_s=0.118688400 update_s=0.009804100 K_nnz=393075 rhs_cols=1 Vxx_nnz=1040400
FILTERDDP_TIMING iteration=8 barrier_iteration=3 stage=34 derivative_s=0.017408400 first_order_s=0.005754100 second_order_s=0.011330100 algebra_s=0.074997200 kkt_assembly_s=0.002947200 factor_s=0.033294800 solve_s=0.169836500 update_s=0.008354100 K_nnz=393075 rhs_cols=1 Vxx_nnz=1040400
FILTERDDP_TIMING iteration=8 barrier_iteration=3 stage=33 derivative_s=0.013910700 first_order_s=0.005152700 second_order_s=0.008465800 algebra_s=0.079941200 kkt_assembly_s=0.002912000 factor_s=0.035320000 solve_s=0.106030200 update_s=0.008847300 K_nnz=393075 rhs_cols=1 Vxx_nnz=1040400
FILTERDDP_TIMING iteration=8 barrier_iteration=3 stage=32 derivative_s=0.015558100 first_order_s=0.005149800 second_order_s=0.010116600 algebra_s=0.122006500 kkt_assembly_s=0.002913200 factor_s=0.037865200 solve_s=0.115549200 update_s=0.008643200 K_nnz=393075 rhs_cols=1 Vxx_nnz=1040400
FILTERDDP_TIMING iteration=8 barrier_iteration=3 stage=31 derivative_s=0.015408900 first_order_s=0.005327500 second_order_s=0.009787500 algebra_s=0.114659700 kkt_assembly_s=0.003085500 factor_s=0.040882700 solve_s=0.109599300 update_s=0.008998900 K_nnz=393075 rhs_cols=1 Vxx_nnz=1040400
FILTERDDP_TIMING iteration=8 barrier_iteration=3 stage=30 derivative_s=0.016432700 first_order_s=0.005196400 second_order_s=0.010938100 algebra_s=0.116380000 kkt_assembly_s=0.002907900 factor_s=0.042961800 solve_s=0.137997600 update_s=0.009738600 K_nnz=393075 rhs_cols=1 Vxx_nnz=1040400
FILTERDDP_TIMING iteration=8 barrier_iteration=3 stage=29 derivative_s=0.015681800 first_order_s=0.005415000 second_order_s=0.009983700 algebra_s=0.150531900 kkt_assembly_s=0.002885500 factor_s=0.042858400 solve_s=0.133613400 update_s=0.009564900 K_nnz=393075 rhs_cols=1 Vxx_nnz=1040400
FILTERDDP_TIMING iteration=8 barrier_iteration=3 stage=28 derivative_s=0.015464900 first_order_s=0.005150000 second_order_s=0.010017600 algebra_s=0.281314800 kkt_assembly_s=0.002909000 factor_s=0.035074700 solve_s=0.104231900 update_s=0.007726300 K_nnz=393075 rhs_cols=1 Vxx_nnz=1040400
FILTERDDP_TIMING iteration=8 barrier_iteration=3 stage=27 derivative_s=0.014234300 first_order_s=0.005154200 second_order_s=0.008779100 algebra_s=0.076983600 kkt_assembly_s=0.002905500 factor_s=0.035014500 solve_s=0.111482100 update_s=0.008734200 K_nnz=393075 rhs_cols=1 Vxx_nnz=1040400
FILTERDDP_TIMING iteration=8 barrier_iteration=3 stage=26 derivative_s=0.013934400 first_order_s=0.005359600 second_order_s=0.008283600 algebra_s=0.124620300 kkt_assembly_s=0.003013700 factor_s=0.036065900 solve_s=0.112297600 update_s=0.012799100 K_nnz=393075 rhs_cols=1 Vxx_nnz=1040400
FILTERDDP_TIMING iteration=8 barrier_iteration=3 stage=25 derivative_s=0.014785300 first_order_s=0.005170500 second_order_s=0.009320400 algebra_s=0.076365300 kkt_assembly_s=0.002955000 factor_s=0.038260600 solve_s=0.152343200 update_s=0.009047400 K_nnz=393075 rhs_cols=1 Vxx_nnz=1040400
FILTERDDP_TIMING iteration=8 barrier_iteration=3 stage=24 derivative_s=0.017992500 first_order_s=0.005120100 second_order_s=0.012575800 algebra_s=0.075042000 kkt_assembly_s=0.002858500 factor_s=0.042057900 solve_s=0.110402600 update_s=0.053539700 K_nnz=393075 rhs_cols=1 Vxx_nnz=1040400
FILTERDDP_TIMING iteration=8 barrier_iteration=3 stage=23 derivative_s=0.027995000 first_order_s=0.010432300 second_order_s=0.016954600 algebra_s=0.076975000 kkt_assembly_s=0.002986500 factor_s=0.047269300 solve_s=0.107124600 update_s=0.046195500 K_nnz=393075 rhs_cols=1 Vxx_nnz=1040400
FILTERDDP_TIMING iteration=8 barrier_iteration=3 stage=22 derivative_s=0.017060900 first_order_s=0.005360100 second_order_s=0.011370400 algebra_s=0.087101400 kkt_assembly_s=0.002891500 factor_s=0.043772900 solve_s=0.181747100 update_s=0.008650100 K_nnz=393075 rhs_cols=1 Vxx_nnz=1040400
FILTERDDP_TIMING iteration=8 barrier_iteration=3 stage=21 derivative_s=0.015284900 first_order_s=0.005418400 second_order_s=0.009559500 algebra_s=0.075551300 kkt_assembly_s=0.003053400 factor_s=0.042802400 solve_s=0.274902600 update_s=0.007095200 K_nnz=393075 rhs_cols=1 Vxx_nnz=1040400
FILTERDDP_TIMING iteration=8 barrier_iteration=3 stage=20 derivative_s=0.013234200 first_order_s=0.005647300 second_order_s=0.007282200 algebra_s=0.075921600 kkt_assembly_s=0.002912800 factor_s=0.034877700 solve_s=0.111061800 update_s=0.008993300 K_nnz=393075 rhs_cols=1 Vxx_nnz=1040400
FILTERDDP_TIMING iteration=8 barrier_iteration=3 stage=19 derivative_s=0.018498300 first_order_s=0.005109500 second_order_s=0.013096700 algebra_s=0.078014900 kkt_assembly_s=0.003002100 factor_s=0.035848500 solve_s=0.170881700 update_s=0.008754500 K_nnz=393075 rhs_cols=1 Vxx_nnz=1040400
FILTERDDP_TIMING iteration=8 barrier_iteration=3 stage=18 derivative_s=0.012731200 first_order_s=0.005181500 second_order_s=0.007253400 algebra_s=0.075468800 kkt_assembly_s=0.003012900 factor_s=0.034302300 solve_s=0.105542600 update_s=0.008968600 K_nnz=393075 rhs_cols=1 Vxx_nnz=1040400
FILTERDDP_TIMING iteration=8 barrier_iteration=3 stage=17 derivative_s=0.014938400 first_order_s=0.005169200 second_order_s=0.009475000 algebra_s=0.119920200 kkt_assembly_s=0.003038700 factor_s=0.038703000 solve_s=0.114040000 update_s=0.008871100 K_nnz=393075 rhs_cols=1 Vxx_nnz=1040400
FILTERDDP_TIMING iteration=8 barrier_iteration=3 stage=16 derivative_s=0.014972700 first_order_s=0.005101200 second_order_s=0.009593000 algebra_s=0.115638600 kkt_assembly_s=0.002972600 factor_s=0.042920800 solve_s=0.108067400 update_s=0.010395300 K_nnz=393075 rhs_cols=1 Vxx_nnz=1040400
FILTERDDP_TIMING iteration=8 barrier_iteration=3 stage=15 derivative_s=0.016391600 first_order_s=0.005040500 second_order_s=0.011071100 algebra_s=0.117106100 kkt_assembly_s=0.002994500 factor_s=0.043386200 solve_s=0.106449300 update_s=0.008986600 K_nnz=393075 rhs_cols=1 Vxx_nnz=1040400
FILTERDDP_TIMING iteration=8 barrier_iteration=3 stage=14 derivative_s=0.017258900 first_order_s=0.005684600 second_order_s=0.011292500 algebra_s=0.154255100 kkt_assembly_s=0.002876200 factor_s=0.046003700 solve_s=0.113431100 update_s=0.008609000 K_nnz=393075 rhs_cols=1 Vxx_nnz=1040400
FILTERDDP_TIMING iteration=8 barrier_iteration=3 stage=13 derivative_s=0.015592800 first_order_s=0.004960200 second_order_s=0.010341800 algebra_s=0.277053100 kkt_assembly_s=0.002927800 factor_s=0.034921300 solve_s=0.111375900 update_s=0.008298900 K_nnz=393075 rhs_cols=1 Vxx_nnz=1040400
FILTERDDP_TIMING iteration=8 barrier_iteration=3 stage=12 derivative_s=0.014468500 first_order_s=0.006371800 second_order_s=0.007661400 algebra_s=0.075159800 kkt_assembly_s=0.003004200 factor_s=0.035875700 solve_s=0.132030400 update_s=0.009163300 K_nnz=393075 rhs_cols=1 Vxx_nnz=1040400
FILTERDDP_TIMING iteration=8 barrier_iteration=3 stage=11 derivative_s=0.015604300 first_order_s=0.005384200 second_order_s=0.009930700 algebra_s=0.143457700 kkt_assembly_s=0.002941300 factor_s=0.034454000 solve_s=0.106911100 update_s=0.007793400 K_nnz=393075 rhs_cols=1 Vxx_nnz=1040400
FILTERDDP_TIMING iteration=8 barrier_iteration=3 stage=10 derivative_s=0.014549100 first_order_s=0.005131100 second_order_s=0.009119800 algebra_s=0.076229400 kkt_assembly_s=0.002808000 factor_s=0.036319300 solve_s=0.149460900 update_s=0.008542800 K_nnz=393075 rhs_cols=1 Vxx_nnz=1040400
FILTERDDP_TIMING iteration=8 barrier_iteration=3 stage=9 derivative_s=0.012875200 first_order_s=0.005475000 second_order_s=0.007108200 algebra_s=0.076518900 kkt_assembly_s=0.002961000 factor_s=0.042521100 solve_s=0.136940400 update_s=0.009792900 K_nnz=393075 rhs_cols=1 Vxx_nnz=1040400
FILTERDDP_TIMING iteration=8 barrier_iteration=3 stage=8 derivative_s=0.069692700 first_order_s=0.005274200 second_order_s=0.064095100 algebra_s=0.077476700 kkt_assembly_s=0.003098200 factor_s=0.045572700 solve_s=0.111566600 update_s=0.009103900 K_nnz=393075 rhs_cols=1 Vxx_nnz=1040400
FILTERDDP_TIMING iteration=8 barrier_iteration=3 stage=7 derivative_s=0.050425900 first_order_s=0.005233600 second_order_s=0.044881000 algebra_s=0.096971000 kkt_assembly_s=0.003053600 factor_s=0.044830300 solve_s=0.186983100 update_s=0.006987400 K_nnz=393075 rhs_cols=1 Vxx_nnz=1040400
FILTERDDP_TIMING iteration=8 barrier_iteration=3 stage=6 derivative_s=0.013553400 first_order_s=0.005198500 second_order_s=0.008040600 algebra_s=0.094954100 kkt_assembly_s=0.003039600 factor_s=0.044555400 solve_s=0.293061700 update_s=0.006879900 K_nnz=393075 rhs_cols=1 Vxx_nnz=1040400
FILTERDDP_TIMING iteration=8 barrier_iteration=3 stage=5 derivative_s=0.015699400 first_order_s=0.005241700 second_order_s=0.010062700 algebra_s=0.075199300 kkt_assembly_s=0.002905800 factor_s=0.036113000 solve_s=0.113049300 update_s=0.013630000 K_nnz=393075 rhs_cols=1 Vxx_nnz=1040400
FILTERDDP_TIMING iteration=8 barrier_iteration=3 stage=4 derivative_s=0.018058600 first_order_s=0.006148500 second_order_s=0.011600300 algebra_s=0.076440800 kkt_assembly_s=0.003048000 factor_s=0.033760900 solve_s=0.162139000 update_s=0.007170400 K_nnz=393075 rhs_cols=1 Vxx_nnz=1040400
FILTERDDP_TIMING iteration=8 barrier_iteration=3 stage=3 derivative_s=0.019400000 first_order_s=0.007703700 second_order_s=0.011409900 algebra_s=0.104075300 kkt_assembly_s=0.003093500 factor_s=0.036355700 solve_s=0.109704900 update_s=0.008006600 K_nnz=393075 rhs_cols=1 Vxx_nnz=1040400
FILTERDDP_TIMING iteration=8 barrier_iteration=3 stage=2 derivative_s=0.015330200 first_order_s=0.005205100 second_order_s=0.009831900 algebra_s=0.142164300 kkt_assembly_s=0.003037500 factor_s=0.040219000 solve_s=0.118876900 update_s=0.009009200 K_nnz=393075 rhs_cols=1 Vxx_nnz=1040400
FILTERDDP_TIMING iteration=8 barrier_iteration=3 stage=1 derivative_s=0.016324100 first_order_s=0.005125600 second_order_s=0.010911400 algebra_s=0.075574600 kkt_assembly_s=0.003050300 factor_s=0.083884700 solve_s=0.111983300 update_s=0.014043800 K_nnz=393075 rhs_cols=1 Vxx_nnz=1040400
FILTERDDP_FEASIBILITY iteration=8 barrier_iteration=3 equality_count=2030544 equality_rms=5.184183821839e-06 equality_max=1.804424312013e-04 equality_worst_stage=32 equality_worst_index=31102 dynamics_count=47940 dynamics_rms=0.000000000000e+00 dynamics_max=0.000000000000e+00 dynamics_worst_stage=0 dynamics_worst_index=0 bound_count=1284672 bound_rms=0.000000000000e+00 bound_max=0.000000000000e+00 bound_worst_stage=0 bound_worst_index=0 bound_worst_kind=none
FILTERDDP_ITER_TIMING iteration=8 barrier_iteration=3 backward_s=15.349135100 forward_s=0.000000000 total_s=15.349135100 outcome=barrier_update step_size=1.000000000e+00 backtracks=0 mu=8.000000000e-03
FILTERDDP_TIMING iteration=8 barrier_iteration=4 stage=48 derivative_s=0.022566400 first_order_s=0.008498600 second_order_s=0.013509600 algebra_s=0.109546500 kkt_assembly_s=0.002990700 factor_s=0.042323900 solve_s=0.111310700 update_s=0.009380100 K_nnz=393075 rhs_cols=1 Vxx_nnz=1040400
FILTERDDP_TIMING iteration=8 barrier_iteration=4 stage=47 derivative_s=0.015778900 first_order_s=0.005231600 second_order_s=0.010253200 algebra_s=0.144182600 kkt_assembly_s=0.002806800 factor_s=0.062203700 solve_s=0.115468600 update_s=0.008527800 K_nnz=393075 rhs_cols=1 Vxx_nnz=1040400
FILTERDDP_TIMING iteration=8 barrier_iteration=4 stage=46 derivative_s=0.015961400 first_order_s=0.005235100 second_order_s=0.010428100 algebra_s=0.278155100 kkt_assembly_s=0.002888600 factor_s=0.036632200 solve_s=0.111226900 update_s=0.008565700 K_nnz=393075 rhs_cols=1 Vxx_nnz=1040400
FILTERDDP_TIMING iteration=8 barrier_iteration=4 stage=45 derivative_s=0.015660500 first_order_s=0.005126900 second_order_s=0.010238600 algebra_s=0.076527000 kkt_assembly_s=0.002913200 factor_s=0.032706500 solve_s=0.110210400 update_s=0.008857700 K_nnz=393075 rhs_cols=1 Vxx_nnz=1040400
FILTERDDP_TIMING iteration=8 barrier_iteration=4 stage=44 derivative_s=0.015470800 first_order_s=0.005274200 second_order_s=0.009891800 algebra_s=0.140734100 kkt_assembly_s=0.002833800 factor_s=0.035449700 solve_s=0.112289900 update_s=0.008269400 K_nnz=393075 rhs_cols=1 Vxx_nnz=1040400
FILTERDDP_TIMING iteration=8 barrier_iteration=4 stage=43 derivative_s=0.015390600 first_order_s=0.005201900 second_order_s=0.009888900 algebra_s=0.077531300 kkt_assembly_s=0.002891800 factor_s=0.042376100 solve_s=0.161212100 update_s=0.007642900 K_nnz=393075 rhs_cols=1 Vxx_nnz=1040400
FILTERDDP_TIMING iteration=8 barrier_iteration=4 stage=42 derivative_s=0.015526500 first_order_s=0.005374100 second_order_s=0.009852400 algebra_s=0.088630400 kkt_assembly_s=0.003033500 factor_s=0.043768300 solve_s=0.115269800 update_s=0.007534700 K_nnz=393075 rhs_cols=1 Vxx_nnz=1040400
FILTERDDP_TIMING iteration=8 barrier_iteration=4 stage=41 derivative_s=0.059731100 first_order_s=0.005838600 second_order_s=0.053586700 algebra_s=0.075838600 kkt_assembly_s=0.003014100 factor_s=0.043438300 solve_s=0.111595400 update_s=0.008744900 K_nnz=393075 rhs_cols=1 Vxx_nnz=1040400
FILTERDDP_TIMING iteration=8 barrier_iteration=4 stage=40 derivative_s=0.048053000 first_order_s=0.005303400 second_order_s=0.042452300 algebra_s=0.087934600 kkt_assembly_s=0.003050200 factor_s=0.045727100 solve_s=0.205129200 update_s=0.015172800 K_nnz=393075 rhs_cols=1 Vxx_nnz=1040400
FILTERDDP_TIMING iteration=8 barrier_iteration=4 stage=39 derivative_s=0.015488100 first_order_s=0.006996900 second_order_s=0.008090800 algebra_s=0.098525600 kkt_assembly_s=0.002979500 factor_s=0.044214200 solve_s=0.321843100 update_s=0.007489400 K_nnz=393075 rhs_cols=1 Vxx_nnz=1040400
FILTERDDP_TIMING iteration=8 barrier_iteration=4 stage=38 derivative_s=0.013277300 first_order_s=0.005356600 second_order_s=0.007627100 algebra_s=0.075880900 kkt_assembly_s=0.003007200 factor_s=0.035501000 solve_s=0.109196000 update_s=0.008790800 K_nnz=393075 rhs_cols=1 Vxx_nnz=1040400
FILTERDDP_TIMING iteration=8 barrier_iteration=4 stage=37 derivative_s=0.015033100 first_order_s=0.004964300 second_order_s=0.009787300 algebra_s=0.080215700 kkt_assembly_s=0.002935700 factor_s=0.035477900 solve_s=0.109380800 update_s=0.009136400 K_nnz=393075 rhs_cols=1 Vxx_nnz=1040400
FILTERDDP_TIMING iteration=8 barrier_iteration=4 stage=36 derivative_s=0.067378200 first_order_s=0.005357500 second_order_s=0.061720800 algebra_s=0.079262500 kkt_assembly_s=0.002809100 factor_s=0.036567600 solve_s=0.109289600 update_s=0.009000300 K_nnz=393075 rhs_cols=1 Vxx_nnz=1040400
FILTERDDP_TIMING iteration=8 barrier_iteration=4 stage=35 derivative_s=0.016121500 first_order_s=0.005801600 second_order_s=0.009907600 algebra_s=0.117959400 kkt_assembly_s=0.004340700 factor_s=0.037307400 solve_s=0.116095600 update_s=0.009420300 K_nnz=393075 rhs_cols=1 Vxx_nnz=1040400
FILTERDDP_TIMING iteration=8 barrier_iteration=4 stage=34 derivative_s=0.015275700 first_order_s=0.005141700 second_order_s=0.009832400 algebra_s=0.076880000 kkt_assembly_s=0.002885300 factor_s=0.040037600 solve_s=0.148500600 update_s=0.009316800 K_nnz=393075 rhs_cols=1 Vxx_nnz=1040400
FILTERDDP_TIMING iteration=8 barrier_iteration=4 stage=33 derivative_s=0.015650900 first_order_s=0.005171500 second_order_s=0.010175400 algebra_s=0.097051100 kkt_assembly_s=0.002949100 factor_s=0.041852300 solve_s=0.150576800 update_s=0.009103300 K_nnz=393075 rhs_cols=1 Vxx_nnz=1040400
FILTERDDP_TIMING iteration=8 barrier_iteration=4 stage=32 derivative_s=0.015755700 first_order_s=0.005162000 second_order_s=0.010308700 algebra_s=0.075971900 kkt_assembly_s=0.002869800 factor_s=0.043801600 solve_s=0.151133100 update_s=0.010346200 K_nnz=393075 rhs_cols=1 Vxx_nnz=1040400
FILTERDDP_TIMING iteration=8 barrier_iteration=4 stage=31 derivative_s=0.015891100 first_order_s=0.005168700 second_order_s=0.010437100 algebra_s=0.075537300 kkt_assembly_s=0.002853000 factor_s=0.042826300 solve_s=0.208037100 update_s=0.010290600 K_nnz=393075 rhs_cols=1 Vxx_nnz=1040400
FILTERDDP_TIMING iteration=8 barrier_iteration=4 stage=30 derivative_s=0.015984800 first_order_s=0.005692900 second_order_s=0.009974200 algebra_s=0.078155500 kkt_assembly_s=0.002903800 factor_s=0.256526200 solve_s=0.118369600 update_s=0.009552400 K_nnz=393075 rhs_cols=1 Vxx_nnz=1040400
FILTERDDP_TIMING iteration=8 barrier_iteration=4 stage=29 derivative_s=0.015640600 first_order_s=0.005333200 second_order_s=0.010009700 algebra_s=0.076652100 kkt_assembly_s=0.002955500 factor_s=0.036808800 solve_s=0.108914300 update_s=0.009198200 K_nnz=393075 rhs_cols=1 Vxx_nnz=1040400
FILTERDDP_TIMING iteration=8 barrier_iteration=4 stage=28 derivative_s=0.015570600 first_order_s=0.005159800 second_order_s=0.010118800 algebra_s=0.075556900 kkt_assembly_s=0.003054300 factor_s=0.089523100 solve_s=0.105192200 update_s=0.009070000 K_nnz=393075 rhs_cols=1 Vxx_nnz=1040400
FILTERDDP_TIMING iteration=8 barrier_iteration=4 stage=27 derivative_s=0.015501800 first_order_s=0.005350800 second_order_s=0.009847400 algebra_s=0.075527000 kkt_assembly_s=0.002891500 factor_s=0.034649300 solve_s=0.108616800 update_s=0.053946400 K_nnz=393075 rhs_cols=1 Vxx_nnz=1040400
FILTERDDP_TIMING iteration=8 barrier_iteration=4 stage=26 derivative_s=0.015376500 first_order_s=0.004982600 second_order_s=0.010116400 algebra_s=0.076826000 kkt_assembly_s=0.002923200 factor_s=0.042537200 solve_s=0.111127100 update_s=0.009863800 K_nnz=393075 rhs_cols=1 Vxx_nnz=1040400
FILTERDDP_TIMING iteration=8 barrier_iteration=4 stage=25 derivative_s=0.015648300 first_order_s=0.005431300 second_order_s=0.009936400 algebra_s=0.117568100 kkt_assembly_s=0.002965000 factor_s=0.041001500 solve_s=0.106750000 update_s=0.008929500 K_nnz=393075 rhs_cols=1 Vxx_nnz=1040400
FILTERDDP_TIMING iteration=8 barrier_iteration=4 stage=24 derivative_s=0.015458600 first_order_s=0.005081500 second_order_s=0.010015300 algebra_s=0.137028600 kkt_assembly_s=0.003052300 factor_s=0.043315400 solve_s=0.112293700 update_s=0.008897900 K_nnz=393075 rhs_cols=1 Vxx_nnz=1040400
FILTERDDP_TIMING iteration=8 barrier_iteration=4 stage=23 derivative_s=0.015150300 first_order_s=0.004958600 second_order_s=0.009884600 algebra_s=0.114709700 kkt_assembly_s=0.003023700 factor_s=0.042418600 solve_s=0.108995900 update_s=0.008599400 K_nnz=393075 rhs_cols=1 Vxx_nnz=1040400
FILTERDDP_TIMING iteration=8 barrier_iteration=4 stage=22 derivative_s=0.091042400 first_order_s=0.004873600 second_order_s=0.085889800 algebra_s=0.082825800 kkt_assembly_s=0.002944100 factor_s=0.043069300 solve_s=0.111350200 update_s=0.009460800 K_nnz=393075 rhs_cols=1 Vxx_nnz=1040400
FILTERDDP_TIMING iteration=8 barrier_iteration=4 stage=21 derivative_s=0.221189600 first_order_s=0.005557700 second_order_s=0.215331100 algebra_s=0.074180200 kkt_assembly_s=0.002917200 factor_s=0.034569200 solve_s=0.110339200 update_s=0.009039400 K_nnz=393075 rhs_cols=1 Vxx_nnz=1040400
FILTERDDP_TIMING iteration=8 barrier_iteration=4 stage=20 derivative_s=0.015555800 first_order_s=0.005307300 second_order_s=0.009944100 algebra_s=0.075563200 kkt_assembly_s=0.002983900 factor_s=0.032768400 solve_s=0.107582700 update_s=0.008923300 K_nnz=393075 rhs_cols=1 Vxx_nnz=1040400
FILTERDDP_TIMING iteration=8 barrier_iteration=4 stage=19 derivative_s=0.085695400 first_order_s=0.005191500 second_order_s=0.080193900 algebra_s=0.077693500 kkt_assembly_s=0.002875400 factor_s=0.034568900 solve_s=0.103895900 update_s=0.009010400 K_nnz=393075 rhs_cols=1 Vxx_nnz=1040400
FILTERDDP_TIMING iteration=8 barrier_iteration=4 stage=18 derivative_s=0.015399800 first_order_s=0.005346800 second_order_s=0.009772100 algebra_s=0.079976000 kkt_assembly_s=0.003254000 factor_s=0.086365100 solve_s=0.100437400 update_s=0.007126200 K_nnz=393075 rhs_cols=1 Vxx_nnz=1040400
FILTERDDP_TIMING iteration=8 barrier_iteration=4 stage=17 derivative_s=0.012788800 first_order_s=0.005203300 second_order_s=0.007282900 algebra_s=0.076505000 kkt_assembly_s=0.002985100 factor_s=0.043301500 solve_s=0.151806700 update_s=0.009246000 K_nnz=393075 rhs_cols=1 Vxx_nnz=1040400
FILTERDDP_TIMING iteration=8 barrier_iteration=4 stage=16 derivative_s=0.015806100 first_order_s=0.005345600 second_order_s=0.010167300 algebra_s=0.077010400 kkt_assembly_s=0.003071700 factor_s=0.042786000 solve_s=0.145929700 update_s=0.007951700 K_nnz=393075 rhs_cols=1 Vxx_nnz=1040400
FILTERDDP_TIMING iteration=8 barrier_iteration=4 stage=15 derivative_s=0.015498100 first_order_s=0.005185800 second_order_s=0.010015000 algebra_s=0.076317500 kkt_assembly_s=0.002789200 factor_s=0.042204900 solve_s=0.152204600 update_s=0.009048200 K_nnz=393075 rhs_cols=1 Vxx_nnz=1040400
FILTERDDP_TIMING iteration=8 barrier_iteration=4 stage=14 derivative_s=0.015984100 first_order_s=0.005551600 second_order_s=0.010116400 algebra_s=0.103861200 kkt_assembly_s=0.003040300 factor_s=0.045817800 solve_s=0.188276600 update_s=0.007715800 K_nnz=393075 rhs_cols=1 Vxx_nnz=1040400
FILTERDDP_TIMING iteration=8 barrier_iteration=4 stage=13 derivative_s=0.015499200 first_order_s=0.005026900 second_order_s=0.010172000 algebra_s=0.076339800 kkt_assembly_s=0.210945300 factor_s=0.034851700 solve_s=0.102635700 update_s=0.008872300 K_nnz=393075 rhs_cols=1 Vxx_nnz=1040400
FILTERDDP_TIMING iteration=8 barrier_iteration=4 stage=12 derivative_s=0.016810500 first_order_s=0.005527500 second_order_s=0.010971500 algebra_s=0.076094400 kkt_assembly_s=0.002967200 factor_s=0.035132000 solve_s=0.108275400 update_s=0.008391100 K_nnz=393075 rhs_cols=1 Vxx_nnz=1040400
FILTERDDP_TIMING iteration=8 barrier_iteration=4 stage=11 derivative_s=0.015467400 first_order_s=0.005323600 second_order_s=0.009860700 algebra_s=0.079348400 kkt_assembly_s=0.002968000 factor_s=0.034953700 solve_s=0.158041300 update_s=0.008562800 K_nnz=393075 rhs_cols=1 Vxx_nnz=1040400
FILTERDDP_TIMING iteration=8 barrier_iteration=4 stage=10 derivative_s=0.013387600 first_order_s=0.005132800 second_order_s=0.007947800 algebra_s=0.075790800 kkt_assembly_s=0.002795700 factor_s=0.036405600 solve_s=0.112086200 update_s=0.008989800 K_nnz=393075 rhs_cols=1 Vxx_nnz=1040400
FILTERDDP_TIMING iteration=8 barrier_iteration=4 stage=9 derivative_s=0.066315100 first_order_s=0.005200800 second_order_s=0.060822000 algebra_s=0.077421400 kkt_assembly_s=0.002828100 factor_s=0.042363700 solve_s=0.105463300 update_s=0.009012800 K_nnz=393075 rhs_cols=1 Vxx_nnz=1040400
FILTERDDP_TIMING iteration=8 barrier_iteration=4 stage=8 derivative_s=0.015315200 first_order_s=0.005276000 second_order_s=0.009743200 algebra_s=0.116613900 kkt_assembly_s=0.003017800 factor_s=0.041083200 solve_s=0.116521600 update_s=0.008202400 K_nnz=393075 rhs_cols=1 Vxx_nnz=1040400
FILTERDDP_TIMING iteration=8 barrier_iteration=4 stage=7 derivative_s=0.014894000 first_order_s=0.005132100 second_order_s=0.009469600 algebra_s=0.115045300 kkt_assembly_s=0.003016800 factor_s=0.043498200 solve_s=0.109598500 update_s=0.008654800 K_nnz=393075 rhs_cols=1 Vxx_nnz=1040400
FILTERDDP_TIMING iteration=8 barrier_iteration=4 stage=6 derivative_s=0.015195900 first_order_s=0.005335000 second_order_s=0.009569100 algebra_s=0.114617900 kkt_assembly_s=0.002903400 factor_s=0.041921800 solve_s=0.114766600 update_s=0.008869800 K_nnz=393075 rhs_cols=1 Vxx_nnz=1040400
FILTERDDP_TIMING iteration=8 barrier_iteration=4 stage=5 derivative_s=0.015361700 first_order_s=0.005037200 second_order_s=0.010027800 algebra_s=0.151192000 kkt_assembly_s=0.002987800 factor_s=0.042758400 solve_s=0.110560800 update_s=0.011928000 K_nnz=393075 rhs_cols=1 Vxx_nnz=1040400
FILTERDDP_TIMING iteration=8 barrier_iteration=4 stage=4 derivative_s=0.015500000 first_order_s=0.005249300 second_order_s=0.009955200 algebra_s=0.284845000 kkt_assembly_s=0.003019800 factor_s=0.033426200 solve_s=0.116354500 update_s=0.009224000 K_nnz=393075 rhs_cols=1 Vxx_nnz=1040400
FILTERDDP_TIMING iteration=8 barrier_iteration=4 stage=3 derivative_s=0.019990000 first_order_s=0.007231300 second_order_s=0.012322700 algebra_s=0.077420800 kkt_assembly_s=0.003029500 factor_s=0.035605700 solve_s=0.113085700 update_s=0.008900900 K_nnz=393075 rhs_cols=1 Vxx_nnz=1040400
FILTERDDP_TIMING iteration=8 barrier_iteration=4 stage=2 derivative_s=0.015195600 first_order_s=0.005109200 second_order_s=0.009805700 algebra_s=0.137522100 kkt_assembly_s=0.002839800 factor_s=0.034725000 solve_s=0.127554700 update_s=0.008757100 K_nnz=393075 rhs_cols=1 Vxx_nnz=1040400
FILTERDDP_TIMING iteration=8 barrier_iteration=4 stage=1 derivative_s=0.015934000 first_order_s=0.005408100 second_order_s=0.010223000 algebra_s=0.079488000 kkt_assembly_s=0.002914200 factor_s=0.037068800 solve_s=0.151478000 update_s=0.009027500 K_nnz=393075 rhs_cols=1 Vxx_nnz=1040400
FILTERDDP_FEASIBILITY iteration=8 barrier_iteration=4 equality_count=2030544 equality_rms=5.184183821839e-06 equality_max=1.804424312013e-04 equality_worst_stage=32 equality_worst_index=31102 dynamics_count=47940 dynamics_rms=0.000000000000e+00 dynamics_max=0.000000000000e+00 dynamics_worst_stage=0 dynamics_worst_index=0 bound_count=1284672 bound_rms=0.000000000000e+00 bound_max=0.000000000000e+00 bound_worst_stage=0 bound_worst_index=0 bound_worst_kind=none
     8   3.10596294e+06   1.8044e-04   6.9698e-02   8.1368e-03   -2.80      -     1.0000e+00   0
FILTERDDP_ITER_TIMING iteration=8 barrier_iteration=4 backward_s=15.353001200 forward_s=1.371696300 total_s=16.724697500 outcome=accepted step_size=1.000000000e+00 backtracks=0 mu=1.600000000e-03
FILTERDDP_TIMING iteration=9 barrier_iteration=4 stage=48 derivative_s=0.029797600 first_order_s=0.007492700 second_order_s=0.021956000 algebra_s=0.100500500 kkt_assembly_s=0.003104600 factor_s=0.041733100 solve_s=0.141714700 update_s=0.009160200 K_nnz=393075 rhs_cols=1 Vxx_nnz=1040400
FILTERDDP_TIMING iteration=9 barrier_iteration=4 stage=47 derivative_s=0.015661600 first_order_s=0.005296700 second_order_s=0.010072300 algebra_s=0.145710500 kkt_assembly_s=0.002946400 factor_s=0.042377300 solve_s=0.108811500 update_s=0.205860900 K_nnz=393075 rhs_cols=1 Vxx_nnz=1040400
FILTERDDP_TIMING iteration=9 barrier_iteration=4 stage=46 derivative_s=0.015372800 first_order_s=0.005360300 second_order_s=0.009721100 algebra_s=0.075596000 kkt_assembly_s=0.003029800 factor_s=0.036729100 solve_s=0.104840500 update_s=0.008841100 K_nnz=393075 rhs_cols=1 Vxx_nnz=1040400
FILTERDDP_TIMING iteration=9 barrier_iteration=4 stage=45 derivative_s=0.015471000 first_order_s=0.005238000 second_order_s=0.009922600 algebra_s=0.079887900 kkt_assembly_s=0.002949000 factor_s=0.034145200 solve_s=0.157102200 update_s=0.008653400 K_nnz=393075 rhs_cols=1 Vxx_nnz=1040400
FILTERDDP_TIMING iteration=9 barrier_iteration=4 stage=44 derivative_s=0.012479500 first_order_s=0.005332100 second_order_s=0.006854100 algebra_s=0.075748000 kkt_assembly_s=0.003096400 factor_s=0.037208200 solve_s=0.121367000 update_s=0.007834200 K_nnz=393075 rhs_cols=1 Vxx_nnz=1040400
FILTERDDP_TIMING iteration=9 barrier_iteration=4 stage=43 derivative_s=0.016584600 first_order_s=0.005126200 second_order_s=0.011162900 algebra_s=0.117988200 kkt_assembly_s=0.003108000 factor_s=0.039264700 solve_s=0.114908000 update_s=0.007830100 K_nnz=393075 rhs_cols=1 Vxx_nnz=1040400
FILTERDDP_TIMING iteration=9 barrier_iteration=4 stage=42 derivative_s=0.014335200 first_order_s=0.005282100 second_order_s=0.008760300 algebra_s=0.080862300 kkt_assembly_s=0.002999300 factor_s=0.105128200 solve_s=0.104341000 update_s=0.008884200 K_nnz=393075 rhs_cols=1 Vxx_nnz=1040400
FILTERDDP_TIMING iteration=9 barrier_iteration=4 stage=41 derivative_s=0.013429000 first_order_s=0.006150200 second_order_s=0.006972700 algebra_s=0.079553600 kkt_assembly_s=0.003031400 factor_s=0.083097200 solve_s=0.175353600 update_s=0.008024100 K_nnz=393075 rhs_cols=1 Vxx_nnz=1040400
FILTERDDP_TIMING iteration=9 barrier_iteration=4 stage=40 derivative_s=0.019892400 first_order_s=0.007920400 second_order_s=0.011567200 algebra_s=0.118084500 kkt_assembly_s=0.002856400 factor_s=0.042636600 solve_s=0.110961100 update_s=0.006940200 K_nnz=393075 rhs_cols=1 Vxx_nnz=1040400
FILTERDDP_TIMING iteration=9 barrier_iteration=4 stage=39 derivative_s=0.015602500 first_order_s=0.005700400 second_order_s=0.009570800 algebra_s=0.151951500 kkt_assembly_s=0.002874100 factor_s=0.042306500 solve_s=0.107801100 update_s=0.010057800 K_nnz=393075 rhs_cols=1 Vxx_nnz=1040400
FILTERDDP_TIMING iteration=9 barrier_iteration=4 stage=38 derivative_s=0.228345200 first_order_s=0.005235600 second_order_s=0.222813700 algebra_s=0.084430900 kkt_assembly_s=0.003012200 factor_s=0.034820300 solve_s=0.117365900 update_s=0.007548700 K_nnz=393075 rhs_cols=1 Vxx_nnz=1040400
FILTERDDP_TIMING iteration=9 barrier_iteration=4 stage=37 derivative_s=0.021262400 first_order_s=0.007104100 second_order_s=0.013858500 algebra_s=0.075459100 kkt_assembly_s=0.002972700 factor_s=0.032783400 solve_s=0.106376500 update_s=0.009014000 K_nnz=393075 rhs_cols=1 Vxx_nnz=1040400
FILTERDDP_TIMING iteration=9 barrier_iteration=4 stage=36 derivative_s=0.074261600 first_order_s=0.006452300 second_order_s=0.067510500 algebra_s=0.094437000 kkt_assembly_s=0.002800700 factor_s=0.037690500 solve_s=0.116065000 update_s=0.007155500 K_nnz=393075 rhs_cols=1 Vxx_nnz=1040400
FILTERDDP_TIMING iteration=9 barrier_iteration=4 stage=35 derivative_s=0.015928600 first_order_s=0.005439300 second_order_s=0.010173800 algebra_s=0.077228100 kkt_assembly_s=0.043881100 factor_s=0.039823100 solve_s=0.116822600 update_s=0.008616100 K_nnz=393075 rhs_cols=1 Vxx_nnz=1040400
FILTERDDP_TIMING iteration=9 barrier_iteration=4 stage=34 derivative_s=0.016817800 first_order_s=0.005901100 second_order_s=0.010438400 algebra_s=0.078513700 kkt_assembly_s=0.003429300 factor_s=0.047903200 solve_s=0.153870000 update_s=0.008147400 K_nnz=393075 rhs_cols=1 Vxx_nnz=1040400
FILTERDDP_TIMING iteration=9 barrier_iteration=4 stage=33 derivative_s=0.015329900 first_order_s=0.005282400 second_order_s=0.009754600 algebra_s=0.076782700 kkt_assembly_s=0.002954300 factor_s=0.040566900 solve_s=0.154624900 update_s=0.008625900 K_nnz=393075 rhs_cols=1 Vxx_nnz=1040400
FILTERDDP_TIMING iteration=9 barrier_iteration=4 stage=32 derivative_s=0.015369500 first_order_s=0.005023000 second_order_s=0.010053800 algebra_s=0.076638000 kkt_assembly_s=0.002826900 factor_s=0.042074900 solve_s=0.149612500 update_s=0.012396100 K_nnz=393075 rhs_cols=1 Vxx_nnz=1040400
FILTERDDP_TIMING iteration=9 barrier_iteration=4 stage=31 derivative_s=0.035241700 first_order_s=0.012971100 second_order_s=0.021464600 algebra_s=0.108341300 kkt_assembly_s=0.073196200 factor_s=0.041615500 solve_s=0.106705500 update_s=0.009472400 K_nnz=393075 rhs_cols=1 Vxx_nnz=1040400
FILTERDDP_TIMING iteration=9 barrier_iteration=4 stage=30 derivative_s=0.017632200 first_order_s=0.006004200 second_order_s=0.011331200 algebra_s=0.296750300 kkt_assembly_s=0.002890200 factor_s=0.036569400 solve_s=0.119455300 update_s=0.009425700 K_nnz=393075 rhs_cols=1 Vxx_nnz=1040400
FILTERDDP_TIMING iteration=9 barrier_iteration=4 stage=29 derivative_s=0.015390600 first_order_s=0.005198900 second_order_s=0.009895800 algebra_s=0.084943600 kkt_assembly_s=0.002970300 factor_s=0.034521600 solve_s=0.109009900 update_s=0.009121100 K_nnz=393075 rhs_cols=1 Vxx_nnz=1040400
FILTERDDP_TIMING iteration=9 barrier_iteration=4 stage=28 derivative_s=0.014423400 first_order_s=0.005224500 second_order_s=0.008888200 algebra_s=0.096095400 kkt_assembly_s=0.003582000 factor_s=0.091031900 solve_s=0.096670400 update_s=0.007140900 K_nnz=393075 rhs_cols=1 Vxx_nnz=1040400
FILTERDDP_TIMING iteration=9 barrier_iteration=4 stage=27 derivative_s=0.012850000 first_order_s=0.005495100 second_order_s=0.007047600 algebra_s=0.077216100 kkt_assembly_s=0.002901600 factor_s=0.038531700 solve_s=0.110105000 update_s=0.053761700 K_nnz=393075 rhs_cols=1 Vxx_nnz=1040400
FILTERDDP_TIMING iteration=9 barrier_iteration=4 stage=26 derivative_s=0.021157400 first_order_s=0.009880400 second_order_s=0.010982800 algebra_s=0.076070100 kkt_assembly_s=0.002981500 factor_s=0.041837100 solve_s=0.117566700 update_s=0.007149700 K_nnz=393075 rhs_cols=1 Vxx_nnz=1040400
FILTERDDP_TIMING iteration=9 barrier_iteration=4 stage=25 derivative_s=0.016114300 first_order_s=0.005065600 second_order_s=0.010745100 algebra_s=0.116924100 kkt_assembly_s=0.002955400 factor_s=0.043887500 solve_s=0.103482900 update_s=0.008907700 K_nnz=393075 rhs_cols=1 Vxx_nnz=1040400
FILTERDDP_TIMING iteration=9 barrier_iteration=4 stage=24 derivative_s=0.015510300 first_order_s=0.005117500 second_order_s=0.010103900 algebra_s=0.119010100 kkt_assembly_s=0.003396700 factor_s=0.043411900 solve_s=0.109872900 update_s=0.008847100 K_nnz=393075 rhs_cols=1 Vxx_nnz=1040400
FILTERDDP_TIMING iteration=9 barrier_iteration=4 stage=23 derivative_s=0.016599000 first_order_s=0.005200500 second_order_s=0.011115600 algebra_s=0.117182200 kkt_assembly_s=0.002871800 factor_s=0.043335100 solve_s=0.115635300 update_s=0.014813800 K_nnz=393075 rhs_cols=1 Vxx_nnz=1040400
FILTERDDP_TIMING iteration=9 barrier_iteration=4 stage=22 derivative_s=0.015701000 first_order_s=0.005252400 second_order_s=0.010156500 algebra_s=0.150672300 kkt_assembly_s=0.002990100 factor_s=0.043789200 solve_s=0.110194200 update_s=0.212939700 K_nnz=393075 rhs_cols=1 Vxx_nnz=1040400
FILTERDDP_TIMING iteration=9 barrier_iteration=4 stage=21 derivative_s=0.015291700 first_order_s=0.006559700 second_order_s=0.008236500 algebra_s=0.076871900 kkt_assembly_s=0.003006300 factor_s=0.034897200 solve_s=0.119420100 update_s=0.009014900 K_nnz=393075 rhs_cols=1 Vxx_nnz=1040400
FILTERDDP_TIMING iteration=9 barrier_iteration=4 stage=20 derivative_s=0.016010100 first_order_s=0.005485400 second_order_s=0.010228100 algebra_s=0.076985900 kkt_assembly_s=0.002890700 factor_s=0.035418000 solve_s=0.109830200 update_s=0.056896000 K_nnz=393075 rhs_cols=1 Vxx_nnz=1040400
FILTERDDP_TIMING iteration=9 barrier_iteration=4 stage=19 derivative_s=0.021104100 first_order_s=0.006572800 second_order_s=0.014232900 algebra_s=0.077830400 kkt_assembly_s=0.003128000 factor_s=0.034293400 solve_s=0.105114500 update_s=0.008885300 K_nnz=393075 rhs_cols=1 Vxx_nnz=1040400
FILTERDDP_TIMING iteration=9 barrier_iteration=4 stage=18 derivative_s=0.015416300 first_order_s=0.005161600 second_order_s=0.009963500 algebra_s=0.117855100 kkt_assembly_s=0.002974900 factor_s=0.038158500 solve_s=0.106284100 update_s=0.008043700 K_nnz=393075 rhs_cols=1 Vxx_nnz=1040400
FILTERDDP_TIMING iteration=9 barrier_iteration=4 stage=17 derivative_s=0.017113300 first_order_s=0.005467800 second_order_s=0.011347900 algebra_s=0.076261900 kkt_assembly_s=0.002874100 factor_s=0.041988500 solve_s=0.168353900 update_s=0.009329000 K_nnz=393075 rhs_cols=1 Vxx_nnz=1040400
FILTERDDP_TIMING iteration=9 barrier_iteration=4 stage=16 derivative_s=0.014964600 first_order_s=0.004907100 second_order_s=0.009781700 algebra_s=0.075577500 kkt_assembly_s=0.003206100 factor_s=0.043445400 solve_s=0.148307300 update_s=0.007976800 K_nnz=393075 rhs_cols=1 Vxx_nnz=1040400
FILTERDDP_TIMING iteration=9 barrier_iteration=4 stage=15 derivative_s=0.014679100 first_order_s=0.005221200 second_order_s=0.009167600 algebra_s=0.075179500 kkt_assembly_s=0.002901100 factor_s=0.043657200 solve_s=0.157404700 update_s=0.009350900 K_nnz=393075 rhs_cols=1 Vxx_nnz=1040400
FILTERDDP_TIMING iteration=9 barrier_iteration=4 stage=14 derivative_s=0.022966800 first_order_s=0.007622600 second_order_s=0.014886300 algebra_s=0.086682500 kkt_assembly_s=0.002781300 factor_s=0.126796800 solve_s=0.116259000 update_s=0.008815600 K_nnz=393075 rhs_cols=1 Vxx_nnz=1040400
FILTERDDP_TIMING iteration=9 barrier_iteration=4 stage=13 derivative_s=0.015116100 first_order_s=0.004987100 second_order_s=0.009847200 algebra_s=0.276910800 kkt_assembly_s=0.002984600 factor_s=0.034940500 solve_s=0.106764800 update_s=0.009712900 K_nnz=393075 rhs_cols=1 Vxx_nnz=1040400
FILTERDDP_TIMING iteration=9 barrier_iteration=4 stage=12 derivative_s=0.015425900 first_order_s=0.005717700 second_order_s=0.009396700 algebra_s=0.076250200 kkt_assembly_s=0.002976900 factor_s=0.033627700 solve_s=0.114764800 update_s=0.009327000 K_nnz=393075 rhs_cols=1 Vxx_nnz=1040400
FILTERDDP_TIMING iteration=9 barrier_iteration=4 stage=11 derivative_s=0.015499400 first_order_s=0.005469500 second_order_s=0.009730100 algebra_s=0.076704900 kkt_assembly_s=0.002883600 factor_s=0.088047800 solve_s=0.103325800 update_s=0.008521500 K_nnz=393075 rhs_cols=1 Vxx_nnz=1040400
FILTERDDP_TIMING iteration=9 barrier_iteration=4 stage=10 derivative_s=0.015907000 first_order_s=0.005459900 second_order_s=0.010149800 algebra_s=0.076781900 kkt_assembly_s=0.002975700 factor_s=0.037540900 solve_s=0.147053800 update_s=0.009128400 K_nnz=393075 rhs_cols=1 Vxx_nnz=1040400
FILTERDDP_TIMING iteration=9 barrier_iteration=4 stage=9 derivative_s=0.015531700 first_order_s=0.005419200 second_order_s=0.009814100 algebra_s=0.087536000 kkt_assembly_s=0.002982000 factor_s=0.041124700 solve_s=0.109890300 update_s=0.009162500 K_nnz=393075 rhs_cols=1 Vxx_nnz=1040400
FILTERDDP_TIMING iteration=9 barrier_iteration=4 stage=8 derivative_s=0.017106100 first_order_s=0.005328400 second_order_s=0.011482700 algebra_s=0.133614500 kkt_assembly_s=0.002884100 factor_s=0.042321100 solve_s=0.109742600 update_s=0.008813200 K_nnz=393075 rhs_cols=1 Vxx_nnz=1040400
FILTERDDP_TIMING iteration=9 barrier_iteration=4 stage=7 derivative_s=0.015335300 first_order_s=0.005060000 second_order_s=0.009988500 algebra_s=0.115514300 kkt_assembly_s=0.002985300 factor_s=0.041575000 solve_s=0.105425400 update_s=0.009263400 K_nnz=393075 rhs_cols=1 Vxx_nnz=1040400
FILTERDDP_TIMING iteration=9 barrier_iteration=4 stage=6 derivative_s=0.093678900 first_order_s=0.005188900 second_order_s=0.088208300 algebra_s=0.077478000 kkt_assembly_s=0.002854300 factor_s=0.043774400 solve_s=0.109207800 update_s=0.009360500 K_nnz=393075 rhs_cols=1 Vxx_nnz=1040400
FILTERDDP_TIMING iteration=9 barrier_iteration=4 stage=5 derivative_s=0.219028200 first_order_s=0.208484000 second_order_s=0.010237600 algebra_s=0.075752100 kkt_assembly_s=0.002947400 factor_s=0.034794300 solve_s=0.115080100 update_s=0.009027600 K_nnz=393075 rhs_cols=1 Vxx_nnz=1040400
FILTERDDP_TIMING iteration=9 barrier_iteration=4 stage=4 derivative_s=0.015510200 first_order_s=0.005119900 second_order_s=0.010097600 algebra_s=0.075497000 kkt_assembly_s=0.003268400 factor_s=0.035307600 solve_s=0.111728200 update_s=0.009408100 K_nnz=393075 rhs_cols=1 Vxx_nnz=1040400
FILTERDDP_TIMING iteration=9 barrier_iteration=4 stage=3 derivative_s=0.068172900 first_order_s=0.057751700 second_order_s=0.010094100 algebra_s=0.075706900 kkt_assembly_s=0.002948700 factor_s=0.035261700 solve_s=0.105256900 update_s=0.008750200 K_nnz=393075 rhs_cols=1 Vxx_nnz=1040400
FILTERDDP_TIMING iteration=9 barrier_iteration=4 stage=2 derivative_s=0.015527300 first_order_s=0.005228500 second_order_s=0.010001500 algebra_s=0.116932600 kkt_assembly_s=0.002975600 factor_s=0.040080800 solve_s=0.125206000 update_s=0.013527400 K_nnz=393075 rhs_cols=1 Vxx_nnz=1040400
FILTERDDP_TIMING iteration=9 barrier_iteration=4 stage=1 derivative_s=0.031368500 first_order_s=0.011960500 second_order_s=0.018773600 algebra_s=0.081686200 kkt_assembly_s=0.003133000 factor_s=0.044791000 solve_s=0.170350300 update_s=0.008375100 K_nnz=393075 rhs_cols=1 Vxx_nnz=1040400
FILTERDDP_FEASIBILITY iteration=9 barrier_iteration=4 equality_count=2030544 equality_rms=4.071666017209e-04 equality_max=7.298699096168e-03 equality_worst_stage=32 equality_worst_index=31102 dynamics_count=47940 dynamics_rms=0.000000000000e+00 dynamics_max=0.000000000000e+00 dynamics_worst_stage=0 dynamics_worst_index=0 bound_count=1284672 bound_rms=0.000000000000e+00 bound_max=0.000000000000e+00 bound_worst_stage=0 bound_worst_index=0 bound_worst_kind=none
     9   3.10264739e+06   7.2987e-03   3.6965e-01   2.9076e-03   -2.80      -     1.0000e+00   0
FILTERDDP_ITER_TIMING iteration=9 barrier_iteration=4 backward_s=15.511075700 forward_s=1.351616100 total_s=16.862691800 outcome=accepted step_size=1.000000000e+00 backtracks=0 mu=1.600000000e-03
FILTERDDP_TIMING iteration=10 barrier_iteration=4 stage=48 derivative_s=0.021530200 first_order_s=0.006742400 second_order_s=0.014446600 algebra_s=0.166532900 kkt_assembly_s=0.003031200 factor_s=0.042073500 solve_s=0.311269000 update_s=0.006732000 K_nnz=393075 rhs_cols=1 Vxx_nnz=1040400
FILTERDDP_TIMING iteration=10 barrier_iteration=4 stage=47 derivative_s=0.015186900 first_order_s=0.005060400 second_order_s=0.009825700 algebra_s=0.076466900 kkt_assembly_s=0.002888200 factor_s=0.037160900 solve_s=0.123858600 update_s=0.008823200 K_nnz=393075 rhs_cols=1 Vxx_nnz=1040400
FILTERDDP_TIMING iteration=10 barrier_iteration=4 stage=46 derivative_s=0.027843600 first_order_s=0.009467600 second_order_s=0.017838500 algebra_s=0.096474600 kkt_assembly_s=0.002912500 factor_s=0.035443600 solve_s=0.119497900 update_s=0.009194900 K_nnz=393075 rhs_cols=1 Vxx_nnz=1040400
FILTERDDP_TIMING iteration=10 barrier_iteration=4 stage=45 derivative_s=0.067883700 first_order_s=0.005198400 second_order_s=0.062391500 algebra_s=0.081133000 kkt_assembly_s=0.002889200 factor_s=0.036056200 solve_s=0.109585500 update_s=0.010252700 K_nnz=393075 rhs_cols=1 Vxx_nnz=1040400
FILTERDDP_TIMING iteration=10 barrier_iteration=4 stage=44 derivative_s=0.015763900 first_order_s=0.005497000 second_order_s=0.009966100 algebra_s=0.119849800 kkt_assembly_s=0.002999600 factor_s=0.043282200 solve_s=0.118662200 update_s=0.009586600 K_nnz=393075 rhs_cols=1 Vxx_nnz=1040400
FILTERDDP_TIMING iteration=10 barrier_iteration=4 stage=43 derivative_s=0.025891000 first_order_s=0.008712400 second_order_s=0.016878800 algebra_s=0.077731900 kkt_assembly_s=0.003037100 factor_s=0.042613600 solve_s=0.149749000 update_s=0.007942300 K_nnz=393075 rhs_cols=1 Vxx_nnz=1040400
FILTERDDP_TIMING iteration=10 barrier_iteration=4 stage=42 derivative_s=0.017112900 first_order_s=0.006010800 second_order_s=0.010689400 algebra_s=0.108682900 kkt_assembly_s=0.003281600 factor_s=0.044452700 solve_s=0.158014900 update_s=0.007935200 K_nnz=393075 rhs_cols=1 Vxx_nnz=1040400
FILTERDDP_TIMING iteration=10 barrier_iteration=4 stage=41 derivative_s=0.027999100 first_order_s=0.010102000 second_order_s=0.017509500 algebra_s=0.084505700 kkt_assembly_s=0.002999300 factor_s=0.083583300 solve_s=0.112596300 update_s=0.010794900 K_nnz=393075 rhs_cols=1 Vxx_nnz=1040400
FILTERDDP_TIMING iteration=10 barrier_iteration=4 stage=40 derivative_s=0.016416900 first_order_s=0.006291800 second_order_s=0.009798700 algebra_s=0.144804900 kkt_assembly_s=0.002992700 factor_s=0.044386800 solve_s=0.110806100 update_s=0.008993000 K_nnz=393075 rhs_cols=1 Vxx_nnz=1040400
FILTERDDP_TIMING iteration=10 barrier_iteration=4 stage=39 derivative_s=0.015537400 first_order_s=0.005216900 second_order_s=0.010007200 algebra_s=0.277043700 kkt_assembly_s=0.002818600 factor_s=0.035226800 solve_s=0.117520400 update_s=0.009182200 K_nnz=393075 rhs_cols=1 Vxx_nnz=1040400
FILTERDDP_TIMING iteration=10 barrier_iteration=4 stage=38 derivative_s=0.015959900 first_order_s=0.005429900 second_order_s=0.010228700 algebra_s=0.077143000 kkt_assembly_s=0.003068000 factor_s=0.037304600 solve_s=0.112807300 update_s=0.009243800 K_nnz=393075 rhs_cols=1 Vxx_nnz=1040400
FILTERDDP_TIMING iteration=10 barrier_iteration=4 stage=37 derivative_s=0.015941100 first_order_s=0.005247700 second_order_s=0.010398600 algebra_s=0.130000100 kkt_assembly_s=0.003179400 factor_s=0.037546400 solve_s=0.110637900 update_s=0.009015400 K_nnz=393075 rhs_cols=1 Vxx_nnz=1040400
FILTERDDP_TIMING iteration=10 barrier_iteration=4 stage=36 derivative_s=0.015739400 first_order_s=0.005136400 second_order_s=0.010304800 algebra_s=0.076314600 kkt_assembly_s=0.003018100 factor_s=0.038797600 solve_s=0.155547600 update_s=0.009000500 K_nnz=393075 rhs_cols=1 Vxx_nnz=1040400
FILTERDDP_TIMING iteration=10 barrier_iteration=4 stage=35 derivative_s=0.017034000 first_order_s=0.005146700 second_order_s=0.011592500 algebra_s=0.076584900 kkt_assembly_s=0.003052300 factor_s=0.041654200 solve_s=0.148916300 update_s=0.009024200 K_nnz=393075 rhs_cols=1 Vxx_nnz=1040400
FILTERDDP_TIMING iteration=10 barrier_iteration=4 stage=34 derivative_s=0.015618900 first_order_s=0.005544700 second_order_s=0.009791800 algebra_s=0.074943100 kkt_assembly_s=0.002868800 factor_s=0.048518600 solve_s=0.157533900 update_s=0.007581800 K_nnz=393075 rhs_cols=1 Vxx_nnz=1040400
FILTERDDP_TIMING iteration=10 barrier_iteration=4 stage=33 derivative_s=0.015687700 first_order_s=0.005412800 second_order_s=0.009979400 algebra_s=0.077166600 kkt_assembly_s=0.002931700 factor_s=0.047141900 solve_s=0.179238300 update_s=0.009620600 K_nnz=393075 rhs_cols=1 Vxx_nnz=1040400
FILTERDDP_TIMING iteration=10 barrier_iteration=4 stage=32 derivative_s=0.015663900 first_order_s=0.005083400 second_order_s=0.010300000 algebra_s=0.076060400 kkt_assembly_s=0.003034900 factor_s=0.043234400 solve_s=0.311759800 update_s=0.009158700 K_nnz=393075 rhs_cols=1 Vxx_nnz=1040400
FILTERDDP_TIMING iteration=10 barrier_iteration=4 stage=31 derivative_s=0.015306600 first_order_s=0.005329000 second_order_s=0.009696200 algebra_s=0.075944400 kkt_assembly_s=0.002989500 factor_s=0.035865300 solve_s=0.107048700 update_s=0.008587500 K_nnz=393075 rhs_cols=1 Vxx_nnz=1040400
FILTERDDP_TIMING iteration=10 barrier_iteration=4 stage=30 derivative_s=0.015286800 first_order_s=0.005025100 second_order_s=0.009968200 algebra_s=0.076867600 kkt_assembly_s=0.003040200 factor_s=0.037947500 solve_s=0.167127300 update_s=0.007284200 K_nnz=393075 rhs_cols=1 Vxx_nnz=1040400
FILTERDDP_TIMING iteration=10 barrier_iteration=4 stage=29 derivative_s=0.015468900 first_order_s=0.005313400 second_order_s=0.009863700 algebra_s=0.075480500 kkt_assembly_s=0.003002700 factor_s=0.038172200 solve_s=0.111713800 update_s=0.008554200 K_nnz=393075 rhs_cols=1 Vxx_nnz=1040400
FILTERDDP_TIMING iteration=10 barrier_iteration=4 stage=28 derivative_s=0.016650600 first_order_s=0.005141200 second_order_s=0.011232900 algebra_s=0.123361600 kkt_assembly_s=0.003018200 factor_s=0.039685900 solve_s=0.108348100 update_s=0.008565300 K_nnz=393075 rhs_cols=1 Vxx_nnz=1040400
FILTERDDP_TIMING iteration=10 barrier_iteration=4 stage=27 derivative_s=0.015469200 first_order_s=0.005225700 second_order_s=0.009955000 algebra_s=0.118208000 kkt_assembly_s=0.002846300 factor_s=0.043862200 solve_s=0.113355900 update_s=0.008965100 K_nnz=393075 rhs_cols=1 Vxx_nnz=1040400
FILTERDDP_TIMING iteration=10 barrier_iteration=4 stage=26 derivative_s=0.015228700 first_order_s=0.004976400 second_order_s=0.009971600 algebra_s=0.133173300 kkt_assembly_s=0.002991400 factor_s=0.042004000 solve_s=0.128992600 update_s=0.008877200 K_nnz=393075 rhs_cols=1 Vxx_nnz=1040400
FILTERDDP_TIMING iteration=10 barrier_iteration=4 stage=25 derivative_s=0.015504600 first_order_s=0.005187600 second_order_s=0.010032100 algebra_s=0.147828900 kkt_assembly_s=0.002889200 factor_s=0.041607200 solve_s=0.108626800 update_s=0.009083300 K_nnz=393075 rhs_cols=1 Vxx_nnz=1040400
FILTERDDP_TIMING iteration=10 barrier_iteration=4 stage=24 derivative_s=0.032468000 first_order_s=0.012251900 second_order_s=0.019544100 algebra_s=0.298406800 kkt_assembly_s=0.002885000 factor_s=0.037031100 solve_s=0.110745300 update_s=0.009175100 K_nnz=393075 rhs_cols=1 Vxx_nnz=1040400
FILTERDDP_TIMING iteration=10 barrier_iteration=4 stage=23 derivative_s=0.015791200 first_order_s=0.005215300 second_order_s=0.010287900 algebra_s=0.076924900 kkt_assembly_s=0.003244300 factor_s=0.034135700 solve_s=0.126712600 update_s=0.008721400 K_nnz=393075 rhs_cols=1 Vxx_nnz=1040400
FILTERDDP_TIMING iteration=10 barrier_iteration=4 stage=22 derivative_s=0.015903400 first_order_s=0.005104300 second_order_s=0.010515800 algebra_s=0.129888400 kkt_assembly_s=0.002820700 factor_s=0.036304800 solve_s=0.107047000 update_s=0.008331200 K_nnz=393075 rhs_cols=1 Vxx_nnz=1040400
FILTERDDP_TIMING iteration=10 barrier_iteration=4 stage=21 derivative_s=0.015670400 first_order_s=0.005524900 second_order_s=0.009847200 algebra_s=0.078055200 kkt_assembly_s=0.002904500 factor_s=0.035149900 solve_s=0.151124800 update_s=0.009240600 K_nnz=393075 rhs_cols=1 Vxx_nnz=1040400
FILTERDDP_TIMING iteration=10 barrier_iteration=4 stage=20 derivative_s=0.017213700 first_order_s=0.005396300 second_order_s=0.011518700 algebra_s=0.077575400 kkt_assembly_s=0.003034700 factor_s=0.042159500 solve_s=0.110665000 update_s=0.009158100 K_nnz=393075 rhs_cols=1 Vxx_nnz=1040400
FILTERDDP_TIMING iteration=10 barrier_iteration=4 stage=19 derivative_s=0.060903700 first_order_s=0.050049200 second_order_s=0.010551300 algebra_s=0.075120200 kkt_assembly_s=0.002806600 factor_s=0.043212700 solve_s=0.109071200 update_s=0.008582800 K_nnz=393075 rhs_cols=1 Vxx_nnz=1040400
FILTERDDP_TIMING iteration=10 barrier_iteration=4 stage=18 derivative_s=0.056927100 first_order_s=0.005121200 second_order_s=0.051505700 algebra_s=0.077675900 kkt_assembly_s=0.002931400 factor_s=0.042265900 solve_s=0.107765800 update_s=0.008331900 K_nnz=393075 rhs_cols=1 Vxx_nnz=1040400
FILTERDDP_TIMING iteration=10 barrier_iteration=4 stage=17 derivative_s=0.091431000 first_order_s=0.083752300 second_order_s=0.007352000 algebra_s=0.076575900 kkt_assembly_s=0.002911600 factor_s=0.041974900 solve_s=0.310841200 update_s=0.006983400 K_nnz=393075 rhs_cols=1 Vxx_nnz=1040400
FILTERDDP_TIMING iteration=10 barrier_iteration=4 stage=16 derivative_s=0.017667400 first_order_s=0.005880400 second_order_s=0.011451600 algebra_s=0.078701900 kkt_assembly_s=0.002850200 factor_s=0.035515100 solve_s=0.107874000 update_s=0.008968600 K_nnz=393075 rhs_cols=1 Vxx_nnz=1040400
FILTERDDP_TIMING iteration=10 barrier_iteration=4 stage=15 derivative_s=0.015386400 first_order_s=0.005214500 second_order_s=0.009893800 algebra_s=0.075817700 kkt_assembly_s=0.002844100 factor_s=0.034290400 solve_s=0.106904700 update_s=0.006956400 K_nnz=393075 rhs_cols=1 Vxx_nnz=1040400
FILTERDDP_TIMING iteration=10 barrier_iteration=4 stage=14 derivative_s=0.071977000 first_order_s=0.005095200 second_order_s=0.066591300 algebra_s=0.075225400 kkt_assembly_s=0.002925300 factor_s=0.041631500 solve_s=0.109072800 update_s=0.008977400 K_nnz=393075 rhs_cols=1 Vxx_nnz=1040400
FILTERDDP_TIMING iteration=10 barrier_iteration=4 stage=13 derivative_s=0.015677300 first_order_s=0.005191600 second_order_s=0.010187800 algebra_s=0.076519400 kkt_assembly_s=0.002844300 factor_s=0.035685500 solve_s=0.166492700 update_s=0.013252900 K_nnz=393075 rhs_cols=1 Vxx_nnz=1040400
FILTERDDP_TIMING iteration=10 barrier_iteration=4 stage=12 derivative_s=0.032943400 first_order_s=0.011876000 second_order_s=0.020247700 algebra_s=0.083518300 kkt_assembly_s=0.003050000 factor_s=0.043633800 solve_s=0.141060400 update_s=0.006831900 K_nnz=393075 rhs_cols=1 Vxx_nnz=1040400
FILTERDDP_TIMING iteration=10 barrier_iteration=4 stage=11 derivative_s=0.015951200 first_order_s=0.005268600 second_order_s=0.010379200 algebra_s=0.074654600 kkt_assembly_s=0.002802100 factor_s=0.042850300 solve_s=0.161356000 update_s=0.014878100 K_nnz=393075 rhs_cols=1 Vxx_nnz=1040400
FILTERDDP_TIMING iteration=10 barrier_iteration=4 stage=10 derivative_s=0.015488900 first_order_s=0.005352000 second_order_s=0.009815200 algebra_s=0.097772100 kkt_assembly_s=0.002858300 factor_s=0.044960400 solve_s=0.191783700 update_s=0.009471700 K_nnz=393075 rhs_cols=1 Vxx_nnz=1040400
FILTERDDP_TIMING iteration=10 barrier_iteration=4 stage=9 derivative_s=0.029622500 first_order_s=0.011702800 second_order_s=0.017353600 algebra_s=0.078743700 kkt_assembly_s=0.002950100 factor_s=0.043315900 solve_s=0.310013300 update_s=0.008856900 K_nnz=393075 rhs_cols=1 Vxx_nnz=1040400
FILTERDDP_TIMING iteration=10 barrier_iteration=4 stage=8 derivative_s=0.015356900 first_order_s=0.005129600 second_order_s=0.009932300 algebra_s=0.087607200 kkt_assembly_s=0.002931600 factor_s=0.036044400 solve_s=0.114764600 update_s=0.010039500 K_nnz=393075 rhs_cols=1 Vxx_nnz=1040400
FILTERDDP_TIMING iteration=10 barrier_iteration=4 stage=7 derivative_s=0.012830300 first_order_s=0.005380700 second_order_s=0.007152900 algebra_s=0.077126300 kkt_assembly_s=0.003001000 factor_s=0.034834000 solve_s=0.162742800 update_s=0.008643500 K_nnz=393075 rhs_cols=1 Vxx_nnz=1040400
FILTERDDP_TIMING iteration=10 barrier_iteration=4 stage=6 derivative_s=0.012434400 first_order_s=0.005224600 second_order_s=0.006904300 algebra_s=0.097204100 kkt_assembly_s=0.002832700 factor_s=0.035283700 solve_s=0.115410700 update_s=0.006995900 K_nnz=393075 rhs_cols=1 Vxx_nnz=1040400
FILTERDDP_TIMING iteration=10 barrier_iteration=4 stage=5 derivative_s=0.015642400 first_order_s=0.005221600 second_order_s=0.010120800 algebra_s=0.118762500 kkt_assembly_s=0.002887500 factor_s=0.039006500 solve_s=0.115011500 update_s=0.008871800 K_nnz=393075 rhs_cols=1 Vxx_nnz=1040400
FILTERDDP_TIMING iteration=10 barrier_iteration=4 stage=4 derivative_s=0.017100200 first_order_s=0.005739400 second_order_s=0.011047700 algebra_s=0.115594600 kkt_assembly_s=0.002865200 factor_s=0.044223300 solve_s=0.110075300 update_s=0.008998500 K_nnz=393075 rhs_cols=1 Vxx_nnz=1040400
FILTERDDP_TIMING iteration=10 barrier_iteration=4 stage=3 derivative_s=0.015511300 first_order_s=0.005108000 second_order_s=0.010106900 algebra_s=0.142943800 kkt_assembly_s=0.002901700 factor_s=0.042881300 solve_s=0.119493500 update_s=0.009437400 K_nnz=393075 rhs_cols=1 Vxx_nnz=1040400
FILTERDDP_TIMING iteration=10 barrier_iteration=4 stage=2 derivative_s=0.017686300 first_order_s=0.005253600 second_order_s=0.012119000 algebra_s=0.148788100 kkt_assembly_s=0.002844900 factor_s=0.041443300 solve_s=0.108059100 update_s=0.009081800 K_nnz=393075 rhs_cols=1 Vxx_nnz=1040400
FILTERDDP_TIMING iteration=10 barrier_iteration=4 stage=1 derivative_s=0.015991300 first_order_s=0.005453000 second_order_s=0.010240200 algebra_s=0.287720300 kkt_assembly_s=0.002978700 factor_s=0.039817500 solve_s=0.106135900 update_s=0.008859300 K_nnz=393075 rhs_cols=1 Vxx_nnz=1040400
FILTERDDP_FEASIBILITY iteration=10 barrier_iteration=4 equality_count=2030544 equality_rms=1.430884144260e-05 equality_max=2.888267166554e-04 equality_worst_stage=44 equality_worst_index=31102 dynamics_count=47940 dynamics_rms=0.000000000000e+00 dynamics_max=0.000000000000e+00 dynamics_worst_stage=0 dynamics_worst_index=0 bound_count=1284672 bound_rms=0.000000000000e+00 bound_max=0.000000000000e+00 bound_worst_stage=0 bound_worst_index=0 bound_worst_kind=none
  iter     objective        pr_inf       du_inf       cs_inf     lg(μ)   lg(reg)    alpha     ls
    10   3.10263873e+06   2.8883e-04   1.7438e-01   1.7460e-03   -2.80      -     1.0000e+00   0
FILTERDDP_ITER_TIMING iteration=10 barrier_iteration=4 backward_s=15.708519600 forward_s=1.295939300 total_s=17.004458900 outcome=accepted step_size=1.000000000e+00 backtracks=0 mu=1.600000000e-03
FILTERDDP_TIMING iteration=11 barrier_iteration=4 stage=48 derivative_s=0.095254800 first_order_s=0.006285700 second_order_s=0.088668400 algebra_s=0.090636800 kkt_assembly_s=0.002919500 factor_s=0.034555400 solve_s=0.118048600 update_s=0.008566100 K_nnz=393075 rhs_cols=1 Vxx_nnz=1040400
FILTERDDP_TIMING iteration=11 barrier_iteration=4 stage=47 derivative_s=0.015520300 first_order_s=0.005209200 second_order_s=0.010035500 algebra_s=0.119659500 kkt_assembly_s=0.002956300 factor_s=0.038431600 solve_s=0.110803300 update_s=0.007829000 K_nnz=393075 rhs_cols=1 Vxx_nnz=1040400
FILTERDDP_TIMING iteration=11 barrier_iteration=4 stage=46 derivative_s=0.013711500 first_order_s=0.005332600 second_order_s=0.008072900 algebra_s=0.109465800 kkt_assembly_s=0.003014300 factor_s=0.035906400 solve_s=0.150509300 update_s=0.009145800 K_nnz=393075 rhs_cols=1 Vxx_nnz=1040400
FILTERDDP_TIMING iteration=11 barrier_iteration=4 stage=45 derivative_s=0.017273900 first_order_s=0.006441400 second_order_s=0.010363700 algebra_s=0.077171300 kkt_assembly_s=0.002998600 factor_s=0.042292300 solve_s=0.152900100 update_s=0.007694900 K_nnz=393075 rhs_cols=1 Vxx_nnz=1040400
FILTERDDP_TIMING iteration=11 barrier_iteration=4 stage=44 derivative_s=0.012799900 first_order_s=0.005466600 second_order_s=0.007039600 algebra_s=0.078190400 kkt_assembly_s=0.003044400 factor_s=0.085915600 solve_s=0.123950700 update_s=0.009741700 K_nnz=393075 rhs_cols=1 Vxx_nnz=1040400
FILTERDDP_TIMING iteration=11 barrier_iteration=4 stage=43 derivative_s=0.018628500 first_order_s=0.007293300 second_order_s=0.010905300 algebra_s=0.163572200 kkt_assembly_s=0.003028800 factor_s=0.044367100 solve_s=0.113288000 update_s=0.009206400 K_nnz=393075 rhs_cols=1 Vxx_nnz=1040400
FILTERDDP_TIMING iteration=11 barrier_iteration=4 stage=42 derivative_s=0.014775300 first_order_s=0.005085800 second_order_s=0.009394600 algebra_s=0.293321100 kkt_assembly_s=0.002870800 factor_s=0.034938400 solve_s=0.109641100 update_s=0.013274800 K_nnz=393075 rhs_cols=1 Vxx_nnz=1040400
FILTERDDP_TIMING iteration=11 barrier_iteration=4 stage=41 derivative_s=0.022259500 first_order_s=0.007873600 second_order_s=0.014088300 algebra_s=0.076634000 kkt_assembly_s=0.002902100 factor_s=0.033042600 solve_s=0.108906600 update_s=0.008781000 K_nnz=393075 rhs_cols=1 Vxx_nnz=1040400
FILTERDDP_TIMING iteration=11 barrier_iteration=4 stage=40 derivative_s=0.015556300 first_order_s=0.005201800 second_order_s=0.010039300 algebra_s=0.160144800 kkt_assembly_s=0.002897100 factor_s=0.036397600 solve_s=0.112123900 update_s=0.008958600 K_nnz=393075 rhs_cols=1 Vxx_nnz=1040400
FILTERDDP_TIMING iteration=11 barrier_iteration=4 stage=39 derivative_s=0.016843000 first_order_s=0.005066700 second_order_s=0.011478500 algebra_s=0.075412800 kkt_assembly_s=0.002978500 factor_s=0.037469600 solve_s=0.152445300 update_s=0.007313200 K_nnz=393075 rhs_cols=1 Vxx_nnz=1040400
FILTERDDP_TIMING iteration=11 barrier_iteration=4 stage=38 derivative_s=0.015149000 first_order_s=0.005013200 second_order_s=0.009852700 algebra_s=0.077186700 kkt_assembly_s=0.002894700 factor_s=0.041677200 solve_s=0.155194000 update_s=0.007943000 K_nnz=393075 rhs_cols=1 Vxx_nnz=1040400
FILTERDDP_TIMING iteration=11 barrier_iteration=4 stage=37 derivative_s=0.015700900 first_order_s=0.005648200 second_order_s=0.009761500 algebra_s=0.101465900 kkt_assembly_s=0.003302400 factor_s=0.045264600 solve_s=0.153463600 update_s=0.006898700 K_nnz=393075 rhs_cols=1 Vxx_nnz=1040400
FILTERDDP_TIMING iteration=11 barrier_iteration=4 stage=36 derivative_s=0.015605800 first_order_s=0.005192700 second_order_s=0.010119200 algebra_s=0.076979500 kkt_assembly_s=0.002865500 factor_s=0.041314200 solve_s=0.178888900 update_s=0.008883900 K_nnz=393075 rhs_cols=1 Vxx_nnz=1040400
FILTERDDP_TIMING iteration=11 barrier_iteration=4 stage=35 derivative_s=0.015505500 first_order_s=0.005183400 second_order_s=0.010029200 algebra_s=0.074482100 kkt_assembly_s=0.003001000 factor_s=0.042978700 solve_s=0.306699300 update_s=0.008496600 K_nnz=393075 rhs_cols=1 Vxx_nnz=1040400
FILTERDDP_TIMING iteration=11 barrier_iteration=4 stage=34 derivative_s=0.016004200 first_order_s=0.005538300 second_order_s=0.010169200 algebra_s=0.077160100 kkt_assembly_s=0.002954900 factor_s=0.036204100 solve_s=0.105948700 update_s=0.007841400 K_nnz=393075 rhs_cols=1 Vxx_nnz=1040400
FILTERDDP_TIMING iteration=11 barrier_iteration=4 stage=33 derivative_s=0.015380500 first_order_s=0.005331100 second_order_s=0.009754400 algebra_s=0.077313600 kkt_assembly_s=0.002930800 factor_s=0.034374200 solve_s=0.164642900 update_s=0.008260500 K_nnz=393075 rhs_cols=1 Vxx_nnz=1040400
FILTERDDP_TIMING iteration=11 barrier_iteration=4 stage=32 derivative_s=0.032128700 first_order_s=0.012200500 second_order_s=0.019154600 algebra_s=0.123875100 kkt_assembly_s=0.002831500 factor_s=0.037004300 solve_s=0.123934200 update_s=0.011321100 K_nnz=393075 rhs_cols=1 Vxx_nnz=1040400
FILTERDDP_TIMING iteration=11 barrier_iteration=4 stage=31 derivative_s=0.018680300 first_order_s=0.006441300 second_order_s=0.011927900 algebra_s=0.144020600 kkt_assembly_s=0.002998500 factor_s=0.037523900 solve_s=0.109438300 update_s=0.008867500 K_nnz=393075 rhs_cols=1 Vxx_nnz=1040400
FILTERDDP_TIMING iteration=11 barrier_iteration=4 stage=30 derivative_s=0.015057900 first_order_s=0.004994800 second_order_s=0.009761300 algebra_s=0.118176400 kkt_assembly_s=0.002900200 factor_s=0.041728000 solve_s=0.107967400 update_s=0.008265100 K_nnz=393075 rhs_cols=1 Vxx_nnz=1040400
FILTERDDP_TIMING iteration=11 barrier_iteration=4 stage=29 derivative_s=0.015348700 first_order_s=0.005077100 second_order_s=0.009977900 algebra_s=0.114443000 kkt_assembly_s=0.002843900 factor_s=0.042121200 solve_s=0.110454700 update_s=0.008788800 K_nnz=393075 rhs_cols=1 Vxx_nnz=1040400
FILTERDDP_TIMING iteration=11 barrier_iteration=4 stage=28 derivative_s=0.015464800 first_order_s=0.005060100 second_order_s=0.010096900 algebra_s=0.151699100 kkt_assembly_s=0.002889400 factor_s=0.042801900 solve_s=0.108054700 update_s=0.008827000 K_nnz=393075 rhs_cols=1 Vxx_nnz=1040400
FILTERDDP_TIMING iteration=11 barrier_iteration=4 stage=27 derivative_s=0.016119700 first_order_s=0.005788400 second_order_s=0.010033700 algebra_s=0.282995100 kkt_assembly_s=0.003066800 factor_s=0.040249200 solve_s=0.112291400 update_s=0.007936600 K_nnz=393075 rhs_cols=1 Vxx_nnz=1040400
FILTERDDP_TIMING iteration=11 barrier_iteration=4 stage=26 derivative_s=0.016812300 first_order_s=0.005151500 second_order_s=0.011379200 algebra_s=0.076273400 kkt_assembly_s=0.003017800 factor_s=0.037375600 solve_s=0.123718800 update_s=0.009174500 K_nnz=393075 rhs_cols=1 Vxx_nnz=1040400
FILTERDDP_TIMING iteration=11 barrier_iteration=4 stage=25 derivative_s=0.016278800 first_order_s=0.005579900 second_order_s=0.010403600 algebra_s=0.150323600 kkt_assembly_s=0.003104600 factor_s=0.037153200 solve_s=0.106859100 update_s=0.008414500 K_nnz=393075 rhs_cols=1 Vxx_nnz=1040400
FILTERDDP_TIMING iteration=11 barrier_iteration=4 stage=24 derivative_s=0.015937200 first_order_s=0.005176000 second_order_s=0.010476700 algebra_s=0.077417200 kkt_assembly_s=0.003083500 factor_s=0.036081600 solve_s=0.157380400 update_s=0.009038800 K_nnz=393075 rhs_cols=1 Vxx_nnz=1040400
FILTERDDP_TIMING iteration=11 barrier_iteration=4 stage=23 derivative_s=0.032436500 first_order_s=0.011833700 second_order_s=0.019825200 algebra_s=0.105379500 kkt_assembly_s=0.002915600 factor_s=0.043013100 solve_s=0.106946100 update_s=0.062145800 K_nnz=393075 rhs_cols=1 Vxx_nnz=1040400
FILTERDDP_TIMING iteration=11 barrier_iteration=4 stage=22 derivative_s=0.015332900 first_order_s=0.005168700 second_order_s=0.009864600 algebra_s=0.074841700 kkt_assembly_s=0.003095400 factor_s=0.042113800 solve_s=0.117008200 update_s=0.050514500 K_nnz=393075 rhs_cols=1 Vxx_nnz=1040400
FILTERDDP_TIMING iteration=11 barrier_iteration=4 stage=21 derivative_s=0.015497700 first_order_s=0.005279700 second_order_s=0.009929300 algebra_s=0.077080800 kkt_assembly_s=0.003008300 factor_s=0.044150100 solve_s=0.113086800 update_s=0.084304900 K_nnz=393075 rhs_cols=1 Vxx_nnz=1040400
FILTERDDP_TIMING iteration=11 barrier_iteration=4 stage=20 derivative_s=0.015317400 first_order_s=0.005179900 second_order_s=0.009841600 algebra_s=0.076536600 kkt_assembly_s=0.002907300 factor_s=0.044564500 solve_s=0.302360100 update_s=0.006624000 K_nnz=393075 rhs_cols=1 Vxx_nnz=1040400
FILTERDDP_TIMING iteration=11 barrier_iteration=4 stage=19 derivative_s=0.012638800 first_order_s=0.005350600 second_order_s=0.006985300 algebra_s=0.076529200 kkt_assembly_s=0.002968800 factor_s=0.040713700 solve_s=0.117782700 update_s=0.009135000 K_nnz=393075 rhs_cols=1 Vxx_nnz=1040400
FILTERDDP_TIMING iteration=11 barrier_iteration=4 stage=18 derivative_s=0.015498000 first_order_s=0.005641400 second_order_s=0.009524000 algebra_s=0.075641800 kkt_assembly_s=0.003203800 factor_s=0.033703100 solve_s=0.107132400 update_s=0.013839400 K_nnz=393075 rhs_cols=1 Vxx_nnz=1040400
FILTERDDP_TIMING iteration=11 barrier_iteration=4 stage=17 derivative_s=0.082143200 first_order_s=0.071092800 second_order_s=0.010697000 algebra_s=0.077481900 kkt_assembly_s=0.002979200 factor_s=0.036712800 solve_s=0.110275400 update_s=0.009364300 K_nnz=393075 rhs_cols=1 Vxx_nnz=1040400
FILTERDDP_TIMING iteration=11 barrier_iteration=4 stage=16 derivative_s=0.025478900 first_order_s=0.008906900 second_order_s=0.016262500 algebra_s=0.076787500 kkt_assembly_s=0.047719100 factor_s=0.037090900 solve_s=0.117003700 update_s=0.009245600 K_nnz=393075 rhs_cols=1 Vxx_nnz=1040400
FILTERDDP_TIMING iteration=11 barrier_iteration=4 stage=15 derivative_s=0.015116900 first_order_s=0.005134100 second_order_s=0.009641900 algebra_s=0.075131700 kkt_assembly_s=0.002902800 factor_s=0.039922000 solve_s=0.159636700 update_s=0.008989100 K_nnz=393075 rhs_cols=1 Vxx_nnz=1040400
FILTERDDP_TIMING iteration=11 barrier_iteration=4 stage=14 derivative_s=0.015893100 first_order_s=0.005387200 second_order_s=0.010164800 algebra_s=0.076496600 kkt_assembly_s=0.003014000 factor_s=0.041250300 solve_s=0.154442200 update_s=0.009446900 K_nnz=393075 rhs_cols=1 Vxx_nnz=1040400
FILTERDDP_TIMING iteration=11 barrier_iteration=4 stage=13 derivative_s=0.015761700 first_order_s=0.005402200 second_order_s=0.010061300 algebra_s=0.078230200 kkt_assembly_s=0.002836400 factor_s=0.043578900 solve_s=0.199936300 update_s=0.010767000 K_nnz=393075 rhs_cols=1 Vxx_nnz=1040400
FILTERDDP_TIMING iteration=11 barrier_iteration=4 stage=12 derivative_s=0.020077300 first_order_s=0.006737600 second_order_s=0.012942800 algebra_s=0.076875300 kkt_assembly_s=0.002909300 factor_s=0.042493400 solve_s=0.311825700 update_s=0.010988700 K_nnz=393075 rhs_cols=1 Vxx_nnz=1040400
FILTERDDP_TIMING iteration=11 barrier_iteration=4 stage=11 derivative_s=0.015316800 first_order_s=0.005068400 second_order_s=0.009943300 algebra_s=0.075073000 kkt_assembly_s=0.003091000 factor_s=0.036024800 solve_s=0.110884300 update_s=0.012170600 K_nnz=393075 rhs_cols=1 Vxx_nnz=1040400
FILTERDDP_TIMING iteration=11 barrier_iteration=4 stage=10 derivative_s=0.015390300 first_order_s=0.005040900 second_order_s=0.010066200 algebra_s=0.076930400 kkt_assembly_s=0.002979800 factor_s=0.034417700 solve_s=0.163550500 update_s=0.008507800 K_nnz=393075 rhs_cols=1 Vxx_nnz=1040400
FILTERDDP_TIMING iteration=11 barrier_iteration=4 stage=9 derivative_s=0.015434800 first_order_s=0.005339900 second_order_s=0.009799000 algebra_s=0.076597500 kkt_assembly_s=0.002893500 factor_s=0.035678200 solve_s=0.110757800 update_s=0.009099500 K_nnz=393075 rhs_cols=1 Vxx_nnz=1040400
FILTERDDP_TIMING iteration=11 barrier_iteration=4 stage=8 derivative_s=0.019743700 first_order_s=0.005099100 second_order_s=0.014337500 algebra_s=0.120918000 kkt_assembly_s=0.003004600 factor_s=0.039675000 solve_s=0.111384500 update_s=0.009276900 K_nnz=393075 rhs_cols=1 Vxx_nnz=1040400
FILTERDDP_TIMING iteration=11 barrier_iteration=4 stage=7 derivative_s=0.015048900 first_order_s=0.004972500 second_order_s=0.009782400 algebra_s=0.121870600 kkt_assembly_s=0.002954000 factor_s=0.042019700 solve_s=0.109375900 update_s=0.009386000 K_nnz=393075 rhs_cols=1 Vxx_nnz=1040400
FILTERDDP_TIMING iteration=11 barrier_iteration=4 stage=6 derivative_s=0.015675900 first_order_s=0.005235200 second_order_s=0.010145400 algebra_s=0.115140300 kkt_assembly_s=0.002999400 factor_s=0.041969500 solve_s=0.108909500 update_s=0.011517300 K_nnz=393075 rhs_cols=1 Vxx_nnz=1040400
FILTERDDP_TIMING iteration=11 barrier_iteration=4 stage=5 derivative_s=0.016006600 first_order_s=0.005666200 second_order_s=0.010043600 algebra_s=0.149777300 kkt_assembly_s=0.002789400 factor_s=0.040759000 solve_s=0.113880200 update_s=0.008896600 K_nnz=393075 rhs_cols=1 Vxx_nnz=1040400
FILTERDDP_TIMING iteration=11 barrier_iteration=4 stage=4 derivative_s=0.015394900 first_order_s=0.005021500 second_order_s=0.010088200 algebra_s=0.293199500 kkt_assembly_s=0.002906100 factor_s=0.036153700 solve_s=0.123684100 update_s=0.009350200 K_nnz=393075 rhs_cols=1 Vxx_nnz=1040400
FILTERDDP_TIMING iteration=11 barrier_iteration=4 stage=3 derivative_s=0.017053100 first_order_s=0.006164000 second_order_s=0.010586200 algebra_s=0.076153300 kkt_assembly_s=0.002942700 factor_s=0.033333800 solve_s=0.108796900 update_s=0.009002900 K_nnz=393075 rhs_cols=1 Vxx_nnz=1040400
FILTERDDP_TIMING iteration=11 barrier_iteration=4 stage=2 derivative_s=0.016792600 first_order_s=0.005185300 second_order_s=0.011302800 algebra_s=0.141564800 kkt_assembly_s=0.003062500 factor_s=0.035465200 solve_s=0.120334400 update_s=0.008467700 K_nnz=393075 rhs_cols=1 Vxx_nnz=1040400
FILTERDDP_TIMING iteration=11 barrier_iteration=4 stage=1 derivative_s=0.015533200 first_order_s=0.005244300 second_order_s=0.010001500 algebra_s=0.077248200 kkt_assembly_s=0.002948400 factor_s=0.037339800 solve_s=0.156433500 update_s=0.009983300 K_nnz=393075 rhs_cols=1 Vxx_nnz=1040400
FILTERDDP_FEASIBILITY iteration=11 barrier_iteration=4 equality_count=2030544 equality_rms=1.608204431938e-08 equality_max=5.890131831165e-07 equality_worst_stage=47 equality_worst_index=31092 dynamics_count=47940 dynamics_rms=0.000000000000e+00 dynamics_max=0.000000000000e+00 dynamics_worst_stage=0 dynamics_worst_index=0 bound_count=1284672 bound_rms=0.000000000000e+00 bound_max=0.000000000000e+00 bound_worst_stage=0 bound_worst_index=0 bound_worst_kind=none
FILTERDDP_ITER_TIMING iteration=11 barrier_iteration=4 backward_s=15.591589900 forward_s=0.000000000 total_s=15.591589900 outcome=near_optimal step_size=1.000000000e+00 backtracks=0 mu=1.600000000e-03
    11   3.10263669e+06   5.8901e-07   9.5891e-02   1.6103e-03   -2.80      -     1.0000e+00   0
FILTERDDP_NEAR_OPT iteration=11 elapsed_s=292.222 objective=3102636.693861369509 reference=3101805.138887344394 rel_gap=2.681e-04 primal_inf=5.890e-07 dual_inf=9.589e-02 mu=1.600e-03
    11   3.10263669e+06   5.8901e-07   9.5891e-02   1.6103e-03   -2.80      -     1.0000e+00   0


EXIT: Near-optimal: feasible and within the gap of the centralized reference.

solve complete: 294.721 s, iterations=11, status=9
FILTERDDP_MEMORY_PEAK maxrss_mib=4265.0
final residuals: primal=5.890131831165e-07 dual=9.589121227992e-02 complementarity=1.610344168872e-03
saved_solution=C:\Users\Aryan Ritwajeet Jha\Documents\documents_general\MultiPeriodDistOPF\.claude\worktrees\new-session-a7b7a2\ddp\results\network_filterddp\filterddp_solution_large10kC_1ph_T48_periodic_CBsystem.jls
FilterDDP objective=3102636.693861369044 max_equality_residual=5.890e-07
BOUND_CHECK screen=substation,vupper,ell,psubs voltages below=0 above=0 worst_violation=0.000e+00 min_ell=1.379e-01 min_P_Subs=4.230e+02
Ipopt objective=3008246.738494557329 objective_gap=9.439e+04
max_abs_diff[P_Subs]=3.921e+02
max_abs_diff[Q_Subs]=5.090e+00
max_abs_diff[P]=3.867e+00
max_abs_diff[Q]=7.685e-02
max_abs_diff[v]=3.675e-02
max_abs_diff[ell]=4.377e+02
max_abs_diff[P_B]=4.489e-01
max_abs_diff[B]=5.288e-01
max_abs_diff[q_D]=5.479e-02
wrote ddp/results/kkt_ordering/fullrun_blocked/trace_large10kC_1ph_T48_diag_tableII_jt8_cbsys_typed_tree3_screen_blocked_w16_r1.csv (12 unique iterations)
