QUIET_WAIT waited_s=18 other_cores=0.38 timed_out=0
PIPELINE_ENV system=ieee2522C_1ph T=24 arm=diag variant=blocked_w16 repeat=1 cb=system blocked_solve=16 direct_diag=1 triplet=1 kkt_pattern_cache=1 factor_backed=1 typed_equations=1 structured_dynamics=1 tree_kkt=1 screen=substation,vupper,ell,psubs loadflow_start=1 affine_linesearch=1 warmup=full blas_threads=10 julia_threads=8 near_opt_reference=8910.793628772388 near_opt_primal=1e-5 started=2026-10-06T05:47:56
C_B OVERRIDE: 0.0019
ieee2522C_1ph T=24: nx=249, nu=13355, nc=10336, dense nu^2=178356025, reduced=3019
TERMINAL_SOC soft=1 gamma=3.290000e+04
BOUND_SCREEN ell,psubs,substation,vupper: voltage limits dropped 1 lower, 1944 upper of 2522 buses; ell >= 0 dropped on 2521 lines; P_Subs >= 0 dropped: true (lossless lower bound 0.625 p.u.)
build complete: 6.458 s, nc=10336
constructing dynamic Solver storage...
optimality_tolerance=1.000e-07 max_iterations=400
Solver construction complete: 0.349 s
LOADFLOW_START sweeps=10 max_equality_residual=3.456e-04 lowest_voltage=0.8812 pu
WARMUP full iterations=39 time_s=101.365
entering solve! ...
FILTERDDP_TIMING iteration=0 barrier_iteration=0 stage=24 derivative_s=0.001503400 first_order_s=0.000694400 second_order_s=0.000696900 algebra_s=0.012709200 kkt_assembly_s=0.013778400 factor_s=0.020098700 solve_s=0.012468900 update_s=0.001659500 K_nnz=96025 rhs_cols=1 Vxx_nnz=62001
FILTERDDP_TIMING iteration=0 barrier_iteration=0 stage=23 derivative_s=0.001149600 first_order_s=0.000581300 second_order_s=0.000458700 algebra_s=0.027294800 kkt_assembly_s=0.021096300 factor_s=0.019870600 solve_s=0.012346800 update_s=0.001614900 K_nnz=96025 rhs_cols=1 Vxx_nnz=62001
FILTERDDP_TIMING iteration=0 barrier_iteration=0 stage=22 derivative_s=0.003238200 first_order_s=0.001781300 second_order_s=0.001194000 algebra_s=0.031220700 kkt_assembly_s=0.022331600 factor_s=0.019973900 solve_s=0.012612400 update_s=0.001746500 K_nnz=96025 rhs_cols=1 Vxx_nnz=62001
FILTERDDP_TIMING iteration=0 barrier_iteration=0 stage=21 derivative_s=0.003004500 first_order_s=0.001570300 second_order_s=0.001170600 algebra_s=0.016063100 kkt_assembly_s=0.030796800 factor_s=0.019557300 solve_s=0.011993400 update_s=0.001983200 K_nnz=96025 rhs_cols=1 Vxx_nnz=62001
FILTERDDP_TIMING iteration=0 barrier_iteration=0 stage=20 derivative_s=0.003156400 first_order_s=0.001660200 second_order_s=0.001232000 algebra_s=0.016229800 kkt_assembly_s=0.013242600 factor_s=0.019615100 solve_s=0.011978100 update_s=0.001672400 K_nnz=96025 rhs_cols=1 Vxx_nnz=62001
FILTERDDP_TIMING iteration=0 barrier_iteration=0 stage=19 derivative_s=0.003085700 first_order_s=0.001593300 second_order_s=0.001227500 algebra_s=0.014668500 kkt_assembly_s=0.013569700 factor_s=0.020182200 solve_s=0.012489600 update_s=0.001614300 K_nnz=96025 rhs_cols=1 Vxx_nnz=62001
FILTERDDP_TIMING iteration=0 barrier_iteration=0 stage=18 derivative_s=0.003106400 first_order_s=0.001543600 second_order_s=0.001278900 algebra_s=0.041381700 kkt_assembly_s=0.014120500 factor_s=0.020631000 solve_s=0.012322400 update_s=0.001654000 K_nnz=96025 rhs_cols=1 Vxx_nnz=62001
FILTERDDP_TIMING iteration=0 barrier_iteration=0 stage=17 derivative_s=0.003214100 first_order_s=0.001741800 second_order_s=0.001204600 algebra_s=0.014791400 kkt_assembly_s=0.014999800 factor_s=0.020655500 solve_s=0.012010800 update_s=0.001772100 K_nnz=96025 rhs_cols=1 Vxx_nnz=62001
FILTERDDP_TIMING iteration=0 barrier_iteration=0 stage=16 derivative_s=0.003046600 first_order_s=0.001633600 second_order_s=0.001152000 algebra_s=0.014810900 kkt_assembly_s=0.014251900 factor_s=0.020093900 solve_s=0.028512600 update_s=0.001790100 K_nnz=96025 rhs_cols=1 Vxx_nnz=62001
FILTERDDP_TIMING iteration=0 barrier_iteration=0 stage=15 derivative_s=0.003368400 first_order_s=0.001828700 second_order_s=0.001276000 algebra_s=0.014813100 kkt_assembly_s=0.014078000 factor_s=0.020120300 solve_s=0.012177000 update_s=0.001547900 K_nnz=96025 rhs_cols=1 Vxx_nnz=62001
FILTERDDP_TIMING iteration=0 barrier_iteration=0 stage=14 derivative_s=0.003114500 first_order_s=0.001633400 second_order_s=0.001216900 algebra_s=0.019287500 kkt_assembly_s=0.013242100 factor_s=0.020389200 solve_s=0.011789400 update_s=0.001715500 K_nnz=96025 rhs_cols=1 Vxx_nnz=62001
FILTERDDP_TIMING iteration=0 barrier_iteration=0 stage=13 derivative_s=0.003236100 first_order_s=0.001646500 second_order_s=0.001325500 algebra_s=0.072001400 kkt_assembly_s=0.018481900 factor_s=0.021087000 solve_s=0.011934400 update_s=0.001671000 K_nnz=96025 rhs_cols=1 Vxx_nnz=62001
FILTERDDP_TIMING iteration=0 barrier_iteration=0 stage=12 derivative_s=0.003073300 first_order_s=0.001608100 second_order_s=0.001202500 algebra_s=0.030978500 kkt_assembly_s=0.022715600 factor_s=0.020443600 solve_s=0.012986400 update_s=0.001765900 K_nnz=96025 rhs_cols=1 Vxx_nnz=62001
FILTERDDP_TIMING iteration=0 barrier_iteration=0 stage=11 derivative_s=0.003054200 first_order_s=0.001604700 second_order_s=0.001188100 algebra_s=0.155412400 kkt_assembly_s=0.017491500 factor_s=0.021936600 solve_s=0.013714900 update_s=0.002644200 K_nnz=96025 rhs_cols=1 Vxx_nnz=62001
FILTERDDP_TIMING iteration=0 barrier_iteration=0 stage=10 derivative_s=0.006039300 first_order_s=0.002615100 second_order_s=0.003148000 algebra_s=0.015643800 kkt_assembly_s=0.014974400 factor_s=0.021280000 solve_s=0.013621500 update_s=0.002998500 K_nnz=96025 rhs_cols=1 Vxx_nnz=62001
FILTERDDP_TIMING iteration=0 barrier_iteration=0 stage=9 derivative_s=0.006048300 first_order_s=0.002365700 second_order_s=0.003396900 algebra_s=0.030360100 kkt_assembly_s=0.021770800 factor_s=0.022036200 solve_s=0.013657600 update_s=0.002823300 K_nnz=96025 rhs_cols=1 Vxx_nnz=62001
FILTERDDP_TIMING iteration=0 barrier_iteration=0 stage=8 derivative_s=0.006751400 first_order_s=0.002917600 second_order_s=0.003551900 algebra_s=0.035505100 kkt_assembly_s=0.021554300 factor_s=0.022421500 solve_s=0.013805000 update_s=0.003025900 K_nnz=96025 rhs_cols=1 Vxx_nnz=62001
FILTERDDP_TIMING iteration=0 barrier_iteration=0 stage=7 derivative_s=0.005703100 first_order_s=0.002652300 second_order_s=0.002749100 algebra_s=0.031066000 kkt_assembly_s=0.037198900 factor_s=0.019775400 solve_s=0.012002700 update_s=0.001745000 K_nnz=96025 rhs_cols=1 Vxx_nnz=62001
FILTERDDP_TIMING iteration=0 barrier_iteration=0 stage=6 derivative_s=0.003146000 first_order_s=0.001585700 second_order_s=0.001276400 algebra_s=0.030131300 kkt_assembly_s=0.021985400 factor_s=0.020458000 solve_s=0.011736100 update_s=0.001713400 K_nnz=96025 rhs_cols=1 Vxx_nnz=62001
FILTERDDP_TIMING iteration=0 barrier_iteration=0 stage=5 derivative_s=0.003162700 first_order_s=0.001697000 second_order_s=0.001200300 algebra_s=0.014782200 kkt_assembly_s=0.013178200 factor_s=0.019978500 solve_s=0.011793100 update_s=0.001710500 K_nnz=96025 rhs_cols=1 Vxx_nnz=62001
FILTERDDP_TIMING iteration=0 barrier_iteration=0 stage=4 derivative_s=0.003413000 first_order_s=0.001830800 second_order_s=0.001272000 algebra_s=0.016319400 kkt_assembly_s=0.013198400 factor_s=0.038346200 solve_s=0.011236300 update_s=0.001696300 K_nnz=96025 rhs_cols=1 Vxx_nnz=62001
FILTERDDP_TIMING iteration=0 barrier_iteration=0 stage=3 derivative_s=0.003517500 first_order_s=0.002045500 second_order_s=0.001204000 algebra_s=0.016112800 kkt_assembly_s=0.013507200 factor_s=0.021348100 solve_s=0.012022600 update_s=0.001730200 K_nnz=96025 rhs_cols=1 Vxx_nnz=62001
FILTERDDP_TIMING iteration=0 barrier_iteration=0 stage=2 derivative_s=0.003368600 first_order_s=0.001725400 second_order_s=0.001375900 algebra_s=0.014632400 kkt_assembly_s=0.013062400 factor_s=0.020199200 solve_s=0.011461600 update_s=0.001810800 K_nnz=96025 rhs_cols=1 Vxx_nnz=62001
FILTERDDP_TIMING iteration=0 barrier_iteration=0 stage=1 derivative_s=0.003306000 first_order_s=0.001746800 second_order_s=0.001294900 algebra_s=0.064134800 kkt_assembly_s=0.013326000 factor_s=0.020818300 solve_s=0.012131900 update_s=0.001589900 K_nnz=96025 rhs_cols=1 Vxx_nnz=62001
FILTERDDP_FEASIBILITY iteration=0 barrier_iteration=0 equality_count=248064 equality_rms=3.841532592886e-03 equality_max=2.292544662752e-01 equality_worst_stage=6 equality_worst_index=8552 dynamics_count=5727 dynamics_rms=0.000000000000e+00 dynamics_max=0.000000000000e+00 dynamics_worst_stage=0 dynamics_worst_index=0 bound_count=170736 bound_rms=0.000000000000e+00 bound_max=0.000000000000e+00 bound_worst_stage=0 bound_worst_index=0 bound_worst_kind=none
  iter     objective        pr_inf       du_inf       cs_inf     lg(μ)   lg(reg)    alpha     ls
     0   9.34378871e+03   2.2925e-01   2.0000e+02   1.0000e+00    0.00      -     0.0000e+00   0
FILTERDDP_ITER_TIMING iteration=0 barrier_iteration=0 backward_s=3.029741000 forward_s=0.131720200 total_s=3.161461200 outcome=accepted step_size=1.475296018e-02 backtracks=0 mu=1.000000000e+00
FILTERDDP_TIMING iteration=1 barrier_iteration=0 stage=24 derivative_s=0.001982200 first_order_s=0.000772100 second_order_s=0.001101800 algebra_s=0.009508500 kkt_assembly_s=0.000808900 factor_s=0.133829100 solve_s=0.012405900 update_s=0.001771100 K_nnz=96025 rhs_cols=1 Vxx_nnz=62001
FILTERDDP_TIMING iteration=1 barrier_iteration=0 stage=23 derivative_s=0.003489500 first_order_s=0.001945900 second_order_s=0.001278300 algebra_s=0.013737800 kkt_assembly_s=0.000576500 factor_s=0.021188800 solve_s=0.012476400 update_s=0.001621400 K_nnz=96025 rhs_cols=1 Vxx_nnz=62001
FILTERDDP_TIMING iteration=1 barrier_iteration=0 stage=22 derivative_s=0.003535400 first_order_s=0.001883600 second_order_s=0.001385700 algebra_s=0.011755700 kkt_assembly_s=0.000535500 factor_s=0.020288600 solve_s=0.013220200 update_s=0.001791600 K_nnz=96025 rhs_cols=1 Vxx_nnz=62001
FILTERDDP_TIMING iteration=1 barrier_iteration=0 stage=21 derivative_s=0.003292500 first_order_s=0.001730200 second_order_s=0.001299500 algebra_s=0.011845500 kkt_assembly_s=0.000561200 factor_s=0.020158000 solve_s=0.011805500 update_s=0.001743800 K_nnz=96025 rhs_cols=1 Vxx_nnz=62001
FILTERDDP_TIMING iteration=1 barrier_iteration=0 stage=20 derivative_s=0.003950400 first_order_s=0.002056900 second_order_s=0.001626700 algebra_s=0.011727600 kkt_assembly_s=0.000547800 factor_s=0.020080900 solve_s=0.013189700 update_s=0.002036600 K_nnz=96025 rhs_cols=1 Vxx_nnz=62001
FILTERDDP_TIMING iteration=1 barrier_iteration=0 stage=19 derivative_s=0.002230100 first_order_s=0.001311800 second_order_s=0.000790400 algebra_s=0.024943400 kkt_assembly_s=0.000741200 factor_s=0.021024800 solve_s=0.013609300 update_s=0.031609100 K_nnz=96025 rhs_cols=1 Vxx_nnz=62001
FILTERDDP_TIMING iteration=1 barrier_iteration=0 stage=18 derivative_s=0.003269300 first_order_s=0.001702500 second_order_s=0.001305700 algebra_s=0.015172600 kkt_assembly_s=0.000722300 factor_s=0.025378700 solve_s=0.012143100 update_s=0.001944900 K_nnz=96025 rhs_cols=1 Vxx_nnz=62001
FILTERDDP_TIMING iteration=1 barrier_iteration=0 stage=17 derivative_s=0.003197700 first_order_s=0.001669100 second_order_s=0.001263700 algebra_s=0.011767900 kkt_assembly_s=0.000528800 factor_s=0.020037800 solve_s=0.011885800 update_s=0.001882200 K_nnz=96025 rhs_cols=1 Vxx_nnz=62001
FILTERDDP_TIMING iteration=1 barrier_iteration=0 stage=16 derivative_s=0.003225300 first_order_s=0.001760600 second_order_s=0.001201100 algebra_s=0.011683100 kkt_assembly_s=0.000550500 factor_s=0.020293100 solve_s=0.012189000 update_s=0.001866600 K_nnz=96025 rhs_cols=1 Vxx_nnz=62001
FILTERDDP_TIMING iteration=1 barrier_iteration=0 stage=15 derivative_s=0.004708000 first_order_s=0.002627900 second_order_s=0.001615700 algebra_s=0.019263500 kkt_assembly_s=0.000559400 factor_s=0.020117100 solve_s=0.011551400 update_s=0.001667500 K_nnz=96025 rhs_cols=1 Vxx_nnz=62001
FILTERDDP_TIMING iteration=1 barrier_iteration=0 stage=14 derivative_s=0.003153200 first_order_s=0.001519700 second_order_s=0.001330600 algebra_s=0.033711400 kkt_assembly_s=0.001118300 factor_s=0.024969600 solve_s=0.012492100 update_s=0.001759700 K_nnz=96025 rhs_cols=1 Vxx_nnz=62001
FILTERDDP_TIMING iteration=1 barrier_iteration=0 stage=13 derivative_s=0.003148300 first_order_s=0.001620200 second_order_s=0.001254500 algebra_s=0.020709800 kkt_assembly_s=0.001303500 factor_s=0.034767700 solve_s=0.012683300 update_s=0.001579600 K_nnz=96025 rhs_cols=1 Vxx_nnz=62001
FILTERDDP_TIMING iteration=1 barrier_iteration=0 stage=12 derivative_s=0.003144400 first_order_s=0.001623400 second_order_s=0.001258200 algebra_s=0.011741100 kkt_assembly_s=0.000527500 factor_s=0.036382500 solve_s=0.017812600 update_s=0.001664200 K_nnz=96025 rhs_cols=1 Vxx_nnz=62001
FILTERDDP_TIMING iteration=1 barrier_iteration=0 stage=11 derivative_s=0.004792600 first_order_s=0.002590700 second_order_s=0.001720300 algebra_s=0.023270600 kkt_assembly_s=0.001283700 factor_s=0.084479500 solve_s=0.011788300 update_s=0.001733500 K_nnz=96025 rhs_cols=1 Vxx_nnz=62001
FILTERDDP_TIMING iteration=1 barrier_iteration=0 stage=10 derivative_s=0.003536700 first_order_s=0.001847500 second_order_s=0.001421300 algebra_s=0.011492800 kkt_assembly_s=0.000536200 factor_s=0.021017000 solve_s=0.012168300 update_s=0.001648000 K_nnz=96025 rhs_cols=1 Vxx_nnz=62001
FILTERDDP_TIMING iteration=1 barrier_iteration=0 stage=9 derivative_s=0.003073400 first_order_s=0.001617200 second_order_s=0.001191700 algebra_s=0.011860500 kkt_assembly_s=0.000555900 factor_s=0.020206200 solve_s=0.011974800 update_s=0.001744900 K_nnz=96025 rhs_cols=1 Vxx_nnz=62001
FILTERDDP_TIMING iteration=1 barrier_iteration=0 stage=8 derivative_s=0.003301500 first_order_s=0.001832600 second_order_s=0.001205700 algebra_s=0.011704700 kkt_assembly_s=0.000526000 factor_s=0.144147900 solve_s=0.012579800 update_s=0.001858400 K_nnz=96025 rhs_cols=1 Vxx_nnz=62001
FILTERDDP_TIMING iteration=1 barrier_iteration=0 stage=7 derivative_s=0.003218300 first_order_s=0.001686700 second_order_s=0.001270400 algebra_s=0.012121400 kkt_assembly_s=0.000588000 factor_s=0.019921200 solve_s=0.012088800 update_s=0.001695000 K_nnz=96025 rhs_cols=1 Vxx_nnz=62001
FILTERDDP_TIMING iteration=1 barrier_iteration=0 stage=6 derivative_s=0.002726400 first_order_s=0.001376500 second_order_s=0.001091700 algebra_s=0.013765000 kkt_assembly_s=0.000675600 factor_s=0.024146400 solve_s=0.012148400 update_s=0.001665500 K_nnz=96025 rhs_cols=1 Vxx_nnz=62001
FILTERDDP_TIMING iteration=1 barrier_iteration=0 stage=5 derivative_s=0.003227400 first_order_s=0.001712300 second_order_s=0.001250100 algebra_s=0.011658100 kkt_assembly_s=0.000543200 factor_s=0.019673200 solve_s=0.012176500 update_s=0.001701700 K_nnz=96025 rhs_cols=1 Vxx_nnz=62001
FILTERDDP_TIMING iteration=1 barrier_iteration=0 stage=4 derivative_s=0.003104900 first_order_s=0.001645200 second_order_s=0.001193600 algebra_s=0.013046400 kkt_assembly_s=0.000541000 factor_s=0.020261500 solve_s=0.013100000 update_s=0.002394000 K_nnz=96025 rhs_cols=1 Vxx_nnz=62001
FILTERDDP_TIMING iteration=1 barrier_iteration=0 stage=3 derivative_s=0.005414700 first_order_s=0.002399700 second_order_s=0.002735200 algebra_s=0.012425200 kkt_assembly_s=0.000798500 factor_s=0.022015000 solve_s=0.013237000 update_s=0.002683500 K_nnz=96025 rhs_cols=1 Vxx_nnz=62001
FILTERDDP_TIMING iteration=1 barrier_iteration=0 stage=2 derivative_s=0.005697800 first_order_s=0.002734200 second_order_s=0.002686200 algebra_s=0.021905400 kkt_assembly_s=0.002125000 factor_s=0.053249400 solve_s=0.012094600 update_s=0.001946200 K_nnz=96025 rhs_cols=1 Vxx_nnz=62001
FILTERDDP_TIMING iteration=1 barrier_iteration=0 stage=1 derivative_s=0.003236000 first_order_s=0.001681400 second_order_s=0.001290900 algebra_s=0.020723400 kkt_assembly_s=0.001329500 factor_s=0.031668700 solve_s=0.012415400 update_s=0.001661000 K_nnz=96025 rhs_cols=1 Vxx_nnz=62001
FILTERDDP_FEASIBILITY iteration=1 barrier_iteration=0 equality_count=248064 equality_rms=4.218021404727e-03 equality_max=2.153237806617e-01 equality_worst_stage=6 equality_worst_index=8552 dynamics_count=5727 dynamics_rms=9.583791975670e-19 dynamics_max=3.469446951954e-18 dynamics_worst_stage=23 dynamics_worst_index=14 bound_count=170736 bound_rms=0.000000000000e+00 bound_max=0.000000000000e+00 bound_worst_stage=0 bound_worst_index=0 bound_worst_kind=none
     1   9.49448523e+03   2.1532e-01   1.9705e+02   9.9993e-01    0.00      -     1.4753e-02   0
FILTERDDP_ITER_TIMING iteration=1 barrier_iteration=0 backward_s=1.733206900 forward_s=0.136966500 total_s=1.870173400 outcome=accepted step_size=7.265140668e-02 backtracks=0 mu=1.000000000e+00
FILTERDDP_TIMING iteration=2 barrier_iteration=0 stage=24 derivative_s=0.003802200 first_order_s=0.001626900 second_order_s=0.001910900 algebra_s=0.021780900 kkt_assembly_s=0.001389200 factor_s=0.022469500 solve_s=0.011614600 update_s=0.000875600 K_nnz=96025 rhs_cols=1 Vxx_nnz=62001
FILTERDDP_TIMING iteration=2 barrier_iteration=0 stage=23 derivative_s=0.001740800 first_order_s=0.000892700 second_order_s=0.000699700 algebra_s=0.008392200 kkt_assembly_s=0.000608400 factor_s=0.021889700 solve_s=0.012125900 update_s=0.015974800 K_nnz=96025 rhs_cols=1 Vxx_nnz=62001
FILTERDDP_TIMING iteration=2 barrier_iteration=0 stage=22 derivative_s=0.002787400 first_order_s=0.001703900 second_order_s=0.000954500 algebra_s=0.008971300 kkt_assembly_s=0.000577100 factor_s=0.020558400 solve_s=0.011797600 update_s=0.001289300 K_nnz=96025 rhs_cols=1 Vxx_nnz=62001
FILTERDDP_TIMING iteration=2 barrier_iteration=0 stage=21 derivative_s=0.002546000 first_order_s=0.001303500 second_order_s=0.001015100 algebra_s=0.011972900 kkt_assembly_s=0.000563200 factor_s=0.020345800 solve_s=0.012363200 update_s=0.001707500 K_nnz=96025 rhs_cols=1 Vxx_nnz=62001
FILTERDDP_TIMING iteration=2 barrier_iteration=0 stage=20 derivative_s=0.003042500 first_order_s=0.001596100 second_order_s=0.001185400 algebra_s=0.013726500 kkt_assembly_s=0.000579700 factor_s=0.020088000 solve_s=0.012114800 update_s=0.001956100 K_nnz=96025 rhs_cols=1 Vxx_nnz=62001
FILTERDDP_TIMING iteration=2 barrier_iteration=0 stage=19 derivative_s=0.002999900 first_order_s=0.001578900 second_order_s=0.001158000 algebra_s=0.012281300 kkt_assembly_s=0.000585700 factor_s=0.064760200 solve_s=0.012075100 update_s=0.001773800 K_nnz=96025 rhs_cols=1 Vxx_nnz=62001
FILTERDDP_TIMING iteration=2 barrier_iteration=0 stage=18 derivative_s=0.003324800 first_order_s=0.001812900 second_order_s=0.001248500 algebra_s=0.016421600 kkt_assembly_s=0.000553400 factor_s=0.020403400 solve_s=0.012020700 update_s=0.001833000 K_nnz=96025 rhs_cols=1 Vxx_nnz=62001
FILTERDDP_TIMING iteration=2 barrier_iteration=0 stage=17 derivative_s=0.003267100 first_order_s=0.001663600 second_order_s=0.001338100 algebra_s=0.013519400 kkt_assembly_s=0.000555700 factor_s=0.019772200 solve_s=0.011585900 update_s=0.001680700 K_nnz=96025 rhs_cols=1 Vxx_nnz=62001
FILTERDDP_TIMING iteration=2 barrier_iteration=0 stage=16 derivative_s=0.003042000 first_order_s=0.001602100 second_order_s=0.001176600 algebra_s=0.017990700 kkt_assembly_s=0.001248100 factor_s=0.144853300 solve_s=0.012576600 update_s=0.001668200 K_nnz=96025 rhs_cols=1 Vxx_nnz=62001
FILTERDDP_TIMING iteration=2 barrier_iteration=0 stage=15 derivative_s=0.003138600 first_order_s=0.001645700 second_order_s=0.001230300 algebra_s=0.012854400 kkt_assembly_s=0.000594700 factor_s=0.021454000 solve_s=0.012472700 update_s=0.001693100 K_nnz=96025 rhs_cols=1 Vxx_nnz=62001
FILTERDDP_TIMING iteration=2 barrier_iteration=0 stage=14 derivative_s=0.003128400 first_order_s=0.001610100 second_order_s=0.001258100 algebra_s=0.011727500 kkt_assembly_s=0.000564900 factor_s=0.020556100 solve_s=0.011817400 update_s=0.001745100 K_nnz=96025 rhs_cols=1 Vxx_nnz=62001
FILTERDDP_TIMING iteration=2 barrier_iteration=0 stage=13 derivative_s=0.003753400 first_order_s=0.002283900 second_order_s=0.001201300 algebra_s=0.011635500 kkt_assembly_s=0.000531400 factor_s=0.020160100 solve_s=0.011588200 update_s=0.001642800 K_nnz=96025 rhs_cols=1 Vxx_nnz=62001
FILTERDDP_TIMING iteration=2 barrier_iteration=0 stage=12 derivative_s=0.003280400 first_order_s=0.001739400 second_order_s=0.001261500 algebra_s=0.012320100 kkt_assembly_s=0.000531800 factor_s=0.022612200 solve_s=0.012926900 update_s=0.002231900 K_nnz=96025 rhs_cols=1 Vxx_nnz=62001
FILTERDDP_TIMING iteration=2 barrier_iteration=0 stage=11 derivative_s=0.004639700 first_order_s=0.002199500 second_order_s=0.002154800 algebra_s=0.012569100 kkt_assembly_s=0.000728300 factor_s=0.021757100 solve_s=0.013035900 update_s=0.002521100 K_nnz=96025 rhs_cols=1 Vxx_nnz=62001
FILTERDDP_TIMING iteration=2 barrier_iteration=0 stage=10 derivative_s=0.005603500 first_order_s=0.002512800 second_order_s=0.002680900 algebra_s=0.034720700 kkt_assembly_s=0.001265400 factor_s=0.026723500 solve_s=0.011863100 update_s=0.001761800 K_nnz=96025 rhs_cols=1 Vxx_nnz=62001
FILTERDDP_TIMING iteration=2 barrier_iteration=0 stage=9 derivative_s=0.003370900 first_order_s=0.001882800 second_order_s=0.001227000 algebra_s=0.012955700 kkt_assembly_s=0.000570700 factor_s=0.021603100 solve_s=0.023646000 update_s=0.002020000 K_nnz=96025 rhs_cols=1 Vxx_nnz=62001
FILTERDDP_TIMING iteration=2 barrier_iteration=0 stage=8 derivative_s=0.003148800 first_order_s=0.001665800 second_order_s=0.001222400 algebra_s=0.013742500 kkt_assembly_s=0.000733800 factor_s=0.025161700 solve_s=0.012386700 update_s=0.001585900 K_nnz=96025 rhs_cols=1 Vxx_nnz=62001
FILTERDDP_TIMING iteration=2 barrier_iteration=0 stage=7 derivative_s=0.003048000 first_order_s=0.001574300 second_order_s=0.001209100 algebra_s=0.011902300 kkt_assembly_s=0.000583800 factor_s=0.020985600 solve_s=0.011667100 update_s=0.001710000 K_nnz=96025 rhs_cols=1 Vxx_nnz=62001
FILTERDDP_TIMING iteration=2 barrier_iteration=0 stage=6 derivative_s=0.003314700 first_order_s=0.001827900 second_order_s=0.001220600 algebra_s=0.014542300 kkt_assembly_s=0.000773500 factor_s=0.047410700 solve_s=0.012257600 update_s=0.001828800 K_nnz=96025 rhs_cols=1 Vxx_nnz=62001
FILTERDDP_TIMING iteration=2 barrier_iteration=0 stage=5 derivative_s=0.003150400 first_order_s=0.001617000 second_order_s=0.001273100 algebra_s=0.014791500 kkt_assembly_s=0.000574800 factor_s=0.021374300 solve_s=0.011936100 update_s=0.001758700 K_nnz=96025 rhs_cols=1 Vxx_nnz=62001
FILTERDDP_TIMING iteration=2 barrier_iteration=0 stage=4 derivative_s=0.003735300 first_order_s=0.002295600 second_order_s=0.001176200 algebra_s=0.011352500 kkt_assembly_s=0.000555100 factor_s=0.021015700 solve_s=0.012494900 update_s=0.001597900 K_nnz=96025 rhs_cols=1 Vxx_nnz=62001
FILTERDDP_TIMING iteration=2 barrier_iteration=0 stage=3 derivative_s=0.003030300 first_order_s=0.001596100 second_order_s=0.001170500 algebra_s=0.012088400 kkt_assembly_s=0.000603700 factor_s=0.020661400 solve_s=0.013396500 update_s=0.001728700 K_nnz=96025 rhs_cols=1 Vxx_nnz=62001
FILTERDDP_TIMING iteration=2 barrier_iteration=0 stage=2 derivative_s=0.048323600 first_order_s=0.000753700 second_order_s=0.047456400 algebra_s=0.010299900 kkt_assembly_s=0.000765400 factor_s=0.024633100 solve_s=0.012798300 update_s=0.001650400 K_nnz=96025 rhs_cols=1 Vxx_nnz=62001
FILTERDDP_TIMING iteration=2 barrier_iteration=0 stage=1 derivative_s=0.003099000 first_order_s=0.001631600 second_order_s=0.001204700 algebra_s=0.012136700 kkt_assembly_s=0.000576400 factor_s=0.021486800 solve_s=0.012523800 update_s=0.001579700 K_nnz=96025 rhs_cols=1 Vxx_nnz=62001
FILTERDDP_FEASIBILITY iteration=2 barrier_iteration=0 equality_count=248064 equality_rms=3.017495080653e-02 equality_max=4.741348235102e-01 equality_worst_stage=7 equality_worst_index=7575 dynamics_count=5727 dynamics_rms=1.307300167683e-18 dynamics_max=6.938893903907e-18 dynamics_worst_stage=10 dynamics_worst_index=109 bound_count=170736 bound_rms=0.000000000000e+00 bound_max=0.000000000000e+00 bound_worst_stage=0 bound_worst_index=0 bound_worst_kind=none
     2   1.02012814e+04   4.7413e-01   1.8273e+02   9.9874e-01    0.00      -     7.2651e-02   0
FILTERDDP_ITER_TIMING iteration=2 barrier_iteration=0 backward_s=1.552402400 forward_s=0.250454200 total_s=1.802856600 outcome=accepted step_size=1.115016891e-01 backtracks=0 mu=1.000000000e+00
FILTERDDP_TIMING iteration=3 barrier_iteration=0 stage=24 derivative_s=0.003618500 first_order_s=0.001652800 second_order_s=0.001682900 algebra_s=0.011781400 kkt_assembly_s=0.000617800 factor_s=0.020966900 solve_s=0.012599100 update_s=0.001556900 K_nnz=96025 rhs_cols=1 Vxx_nnz=62001
FILTERDDP_TIMING iteration=3 barrier_iteration=0 stage=23 derivative_s=0.001562300 first_order_s=0.000833700 second_order_s=0.000598200 algebra_s=0.011590300 kkt_assembly_s=0.000554900 factor_s=0.020555100 solve_s=0.012898000 update_s=0.001605100 K_nnz=96025 rhs_cols=1 Vxx_nnz=62001
FILTERDDP_TIMING iteration=3 barrier_iteration=0 stage=22 derivative_s=0.003299900 first_order_s=0.001657500 second_order_s=0.001300300 algebra_s=0.013784000 kkt_assembly_s=0.000556800 factor_s=0.020982000 solve_s=0.011837700 update_s=0.001337000 K_nnz=96025 rhs_cols=1 Vxx_nnz=62001
FILTERDDP_TIMING iteration=3 barrier_iteration=0 stage=21 derivative_s=0.003366000 first_order_s=0.001718900 second_order_s=0.001382300 algebra_s=0.012339800 kkt_assembly_s=0.000583200 factor_s=0.021354300 solve_s=0.013736800 update_s=0.002706600 K_nnz=96025 rhs_cols=1 Vxx_nnz=62001
FILTERDDP_TIMING iteration=3 barrier_iteration=0 stage=20 derivative_s=0.005708100 first_order_s=0.002480400 second_order_s=0.002946400 algebra_s=0.012970100 kkt_assembly_s=0.000780300 factor_s=0.022855200 solve_s=0.013398800 update_s=0.001643500 K_nnz=96025 rhs_cols=1 Vxx_nnz=62001
FILTERDDP_TIMING iteration=3 barrier_iteration=0 stage=19 derivative_s=0.005535500 first_order_s=0.002506500 second_order_s=0.002748900 algebra_s=0.028115800 kkt_assembly_s=0.002159200 factor_s=0.040317700 solve_s=0.014534400 update_s=0.025303200 K_nnz=96025 rhs_cols=1 Vxx_nnz=62001
FILTERDDP_TIMING iteration=3 barrier_iteration=0 stage=18 derivative_s=0.001798300 first_order_s=0.000938600 second_order_s=0.000718000 algebra_s=0.011974000 kkt_assembly_s=0.000595400 factor_s=0.022334800 solve_s=0.012623800 update_s=0.001577400 K_nnz=96025 rhs_cols=1 Vxx_nnz=62001
FILTERDDP_TIMING iteration=3 barrier_iteration=0 stage=17 derivative_s=0.003522900 first_order_s=0.001909200 second_order_s=0.001348200 algebra_s=0.012117500 kkt_assembly_s=0.000544100 factor_s=0.021337400 solve_s=0.012791800 update_s=0.001371400 K_nnz=96025 rhs_cols=1 Vxx_nnz=62001
FILTERDDP_TIMING iteration=3 barrier_iteration=0 stage=16 derivative_s=0.003104400 first_order_s=0.001632900 second_order_s=0.001189400 algebra_s=0.014895400 kkt_assembly_s=0.000760600 factor_s=0.022938300 solve_s=0.011961900 update_s=0.001342400 K_nnz=96025 rhs_cols=1 Vxx_nnz=62001
FILTERDDP_TIMING iteration=3 barrier_iteration=0 stage=15 derivative_s=0.004191300 first_order_s=0.002195500 second_order_s=0.001538100 algebra_s=0.013141100 kkt_assembly_s=0.000725700 factor_s=0.025385900 solve_s=0.011539000 update_s=0.001111300 K_nnz=96025 rhs_cols=1 Vxx_nnz=62001
FILTERDDP_TIMING iteration=3 barrier_iteration=0 stage=14 derivative_s=0.001767100 first_order_s=0.000924200 second_order_s=0.000684900 algebra_s=0.029490300 kkt_assembly_s=0.000581600 factor_s=0.023300500 solve_s=0.012790900 update_s=0.001712800 K_nnz=96025 rhs_cols=1 Vxx_nnz=62001
FILTERDDP_TIMING iteration=3 barrier_iteration=0 stage=13 derivative_s=0.003224300 first_order_s=0.001771200 second_order_s=0.001188900 algebra_s=0.011873000 kkt_assembly_s=0.000573400 factor_s=0.021211700 solve_s=0.013130700 update_s=0.002002800 K_nnz=96025 rhs_cols=1 Vxx_nnz=62001
FILTERDDP_TIMING iteration=3 barrier_iteration=0 stage=12 derivative_s=0.002801100 first_order_s=0.001500800 second_order_s=0.001053900 algebra_s=0.011565900 kkt_assembly_s=0.000564800 factor_s=0.021533500 solve_s=0.012036200 update_s=0.001783700 K_nnz=96025 rhs_cols=1 Vxx_nnz=62001
FILTERDDP_TIMING iteration=3 barrier_iteration=0 stage=11 derivative_s=0.003432900 first_order_s=0.001925300 second_order_s=0.001243500 algebra_s=0.015012900 kkt_assembly_s=0.000569800 factor_s=0.020557200 solve_s=0.058335400 update_s=0.001724900 K_nnz=96025 rhs_cols=1 Vxx_nnz=62001
FILTERDDP_TIMING iteration=3 barrier_iteration=0 stage=10 derivative_s=0.003398300 first_order_s=0.001696300 second_order_s=0.001436000 algebra_s=0.011664300 kkt_assembly_s=0.000556700 factor_s=0.020290600 solve_s=0.013344200 update_s=0.001786300 K_nnz=96025 rhs_cols=1 Vxx_nnz=62001
FILTERDDP_TIMING iteration=3 barrier_iteration=0 stage=9 derivative_s=0.003106600 first_order_s=0.001628600 second_order_s=0.001212700 algebra_s=0.011860400 kkt_assembly_s=0.000582600 factor_s=0.020600600 solve_s=0.011909900 update_s=0.001550800 K_nnz=96025 rhs_cols=1 Vxx_nnz=62001
FILTERDDP_TIMING iteration=3 barrier_iteration=0 stage=8 derivative_s=0.003088700 first_order_s=0.001621800 second_order_s=0.001205800 algebra_s=0.013383700 kkt_assembly_s=0.000565400 factor_s=0.020138600 solve_s=0.146509500 update_s=0.001662700 K_nnz=96025 rhs_cols=1 Vxx_nnz=62001
FILTERDDP_TIMING iteration=3 barrier_iteration=0 stage=7 derivative_s=0.005982500 first_order_s=0.002598700 second_order_s=0.003110300 algebra_s=0.012515100 kkt_assembly_s=0.000775000 factor_s=0.021194100 solve_s=0.014713300 update_s=0.003047800 K_nnz=96025 rhs_cols=1 Vxx_nnz=62001
FILTERDDP_TIMING iteration=3 barrier_iteration=0 stage=6 derivative_s=0.006483700 first_order_s=0.002804600 second_order_s=0.003399600 algebra_s=0.021528100 kkt_assembly_s=0.001769900 factor_s=0.031606000 solve_s=0.013837200 update_s=0.003098500 K_nnz=96025 rhs_cols=1 Vxx_nnz=62001
FILTERDDP_TIMING iteration=3 barrier_iteration=0 stage=5 derivative_s=0.006658500 first_order_s=0.002952200 second_order_s=0.003441600 algebra_s=0.025879500 kkt_assembly_s=0.002113200 factor_s=0.031095200 solve_s=0.013138600 update_s=0.002439800 K_nnz=96025 rhs_cols=1 Vxx_nnz=62001
FILTERDDP_TIMING iteration=3 barrier_iteration=0 stage=4 derivative_s=0.003476600 first_order_s=0.001713500 second_order_s=0.001604500 algebra_s=0.012649600 kkt_assembly_s=0.000798200 factor_s=0.022683500 solve_s=0.013523900 update_s=0.002835800 K_nnz=96025 rhs_cols=1 Vxx_nnz=62001
FILTERDDP_TIMING iteration=3 barrier_iteration=0 stage=3 derivative_s=0.005863600 first_order_s=0.002516500 second_order_s=0.003072700 algebra_s=0.012406800 kkt_assembly_s=0.000734400 factor_s=0.022984500 solve_s=0.014158700 update_s=0.002828300 K_nnz=96025 rhs_cols=1 Vxx_nnz=62001
FILTERDDP_TIMING iteration=3 barrier_iteration=0 stage=2 derivative_s=0.006118600 first_order_s=0.002567300 second_order_s=0.003274100 algebra_s=0.027081400 kkt_assembly_s=0.002220000 factor_s=0.049838700 solve_s=0.012385200 update_s=0.001950800 K_nnz=96025 rhs_cols=1 Vxx_nnz=62001
FILTERDDP_TIMING iteration=3 barrier_iteration=0 stage=1 derivative_s=0.003611300 first_order_s=0.001921300 second_order_s=0.001303100 algebra_s=0.020333600 kkt_assembly_s=0.001280900 factor_s=0.038479000 solve_s=0.013289400 update_s=0.001694000 K_nnz=96025 rhs_cols=1 Vxx_nnz=62001
FILTERDDP_FEASIBILITY iteration=3 barrier_iteration=0 equality_count=248064 equality_rms=3.178080138930e-02 equality_max=4.882037726223e-01 equality_worst_stage=6 equality_worst_index=7575 dynamics_count=5727 dynamics_rms=1.451120340771e-18 dynamics_max=6.938893903907e-18 dynamics_worst_stage=12 dynamics_worst_index=139 bound_count=170736 bound_rms=0.000000000000e+00 bound_max=0.000000000000e+00 bound_worst_stage=0 bound_worst_index=0 bound_worst_kind=none
     3   1.07413675e+04   4.8820e-01   9.9945e+01   9.9663e-01    0.00      -     1.1150e-01   0
FILTERDDP_ITER_TIMING iteration=3 barrier_iteration=0 backward_s=1.664567700 forward_s=0.134664500 total_s=1.799232200 outcome=accepted step_size=1.259297629e-01 backtracks=0 mu=1.000000000e+00
FILTERDDP_TIMING iteration=4 barrier_iteration=0 stage=24 derivative_s=0.003557100 first_order_s=0.001710200 second_order_s=0.001594800 algebra_s=0.018475000 kkt_assembly_s=0.001186000 factor_s=0.031281800 solve_s=0.012443600 update_s=0.001572100 K_nnz=96025 rhs_cols=1 Vxx_nnz=62001
FILTERDDP_TIMING iteration=4 barrier_iteration=0 stage=23 derivative_s=0.003096600 first_order_s=0.001578200 second_order_s=0.001236800 algebra_s=0.012851200 kkt_assembly_s=0.000538500 factor_s=0.036447200 solve_s=0.012002500 update_s=0.001731800 K_nnz=96025 rhs_cols=1 Vxx_nnz=62001
FILTERDDP_TIMING iteration=4 barrier_iteration=0 stage=22 derivative_s=0.003423300 first_order_s=0.001660900 second_order_s=0.001464200 algebra_s=0.014299800 kkt_assembly_s=0.000645700 factor_s=0.022860300 solve_s=0.013180100 update_s=0.001686700 K_nnz=96025 rhs_cols=1 Vxx_nnz=62001
FILTERDDP_TIMING iteration=4 barrier_iteration=0 stage=21 derivative_s=0.003080500 first_order_s=0.001614600 second_order_s=0.001203000 algebra_s=0.011994100 kkt_assembly_s=0.000571300 factor_s=0.023084500 solve_s=0.013554400 update_s=0.001570500 K_nnz=96025 rhs_cols=1 Vxx_nnz=62001
FILTERDDP_TIMING iteration=4 barrier_iteration=0 stage=20 derivative_s=0.003187100 first_order_s=0.001696600 second_order_s=0.001170200 algebra_s=0.013904800 kkt_assembly_s=0.000592300 factor_s=0.021052600 solve_s=0.012086800 update_s=0.001709100 K_nnz=96025 rhs_cols=1 Vxx_nnz=62001
FILTERDDP_TIMING iteration=4 barrier_iteration=0 stage=19 derivative_s=0.047735200 first_order_s=0.001339100 second_order_s=0.046273000 algebra_s=0.016381500 kkt_assembly_s=0.001178100 factor_s=0.033314500 solve_s=0.018587100 update_s=0.001651200 K_nnz=96025 rhs_cols=1 Vxx_nnz=62001
FILTERDDP_TIMING iteration=4 barrier_iteration=0 stage=18 derivative_s=0.003051400 first_order_s=0.001593000 second_order_s=0.001192900 algebra_s=0.014333300 kkt_assembly_s=0.000927000 factor_s=0.031914800 solve_s=0.012677400 update_s=0.001750500 K_nnz=96025 rhs_cols=1 Vxx_nnz=62001
FILTERDDP_TIMING iteration=4 barrier_iteration=0 stage=17 derivative_s=0.003291000 first_order_s=0.001770300 second_order_s=0.001255900 algebra_s=0.012063000 kkt_assembly_s=0.000554800 factor_s=0.045113100 solve_s=0.013860800 update_s=0.001606600 K_nnz=96025 rhs_cols=1 Vxx_nnz=62001
FILTERDDP_TIMING iteration=4 barrier_iteration=0 stage=16 derivative_s=0.118493400 first_order_s=0.001378100 second_order_s=0.117002500 algebra_s=0.011043700 kkt_assembly_s=0.000576800 factor_s=0.020598000 solve_s=0.012347600 update_s=0.001560700 K_nnz=96025 rhs_cols=1 Vxx_nnz=62001
FILTERDDP_TIMING iteration=4 barrier_iteration=0 stage=15 derivative_s=0.003375300 first_order_s=0.001626400 second_order_s=0.001412500 algebra_s=0.011892200 kkt_assembly_s=0.000541400 factor_s=0.020324400 solve_s=0.011872200 update_s=0.001592700 K_nnz=96025 rhs_cols=1 Vxx_nnz=62001
FILTERDDP_TIMING iteration=4 barrier_iteration=0 stage=14 derivative_s=0.003502100 first_order_s=0.001949100 second_order_s=0.001285400 algebra_s=0.011520600 kkt_assembly_s=0.000534000 factor_s=0.020552900 solve_s=0.011751300 update_s=0.001633000 K_nnz=96025 rhs_cols=1 Vxx_nnz=62001
FILTERDDP_TIMING iteration=4 barrier_iteration=0 stage=13 derivative_s=0.003599200 first_order_s=0.002069200 second_order_s=0.001265600 algebra_s=0.011383700 kkt_assembly_s=0.000539600 factor_s=0.020691900 solve_s=0.011864300 update_s=0.001674800 K_nnz=96025 rhs_cols=1 Vxx_nnz=62001
FILTERDDP_TIMING iteration=4 barrier_iteration=0 stage=12 derivative_s=0.003254800 first_order_s=0.001727000 second_order_s=0.001263200 algebra_s=0.011773000 kkt_assembly_s=0.000618700 factor_s=0.021731400 solve_s=0.013256800 update_s=0.002626900 K_nnz=96025 rhs_cols=1 Vxx_nnz=62001
FILTERDDP_TIMING iteration=4 barrier_iteration=0 stage=11 derivative_s=0.005495000 first_order_s=0.002546000 second_order_s=0.002671700 algebra_s=0.012672600 kkt_assembly_s=0.000925900 factor_s=0.023240000 solve_s=0.013182800 update_s=0.002706600 K_nnz=96025 rhs_cols=1 Vxx_nnz=62001
FILTERDDP_TIMING iteration=4 barrier_iteration=0 stage=10 derivative_s=0.021236200 first_order_s=0.001922100 second_order_s=0.019180900 algebra_s=0.015894100 kkt_assembly_s=0.001153000 factor_s=0.028054700 solve_s=0.011581200 update_s=0.001745200 K_nnz=96025 rhs_cols=1 Vxx_nnz=62001
FILTERDDP_TIMING iteration=4 barrier_iteration=0 stage=9 derivative_s=0.003389200 first_order_s=0.001652600 second_order_s=0.001395500 algebra_s=0.019670600 kkt_assembly_s=0.001292600 factor_s=0.033914300 solve_s=0.011780000 update_s=0.001731300 K_nnz=96025 rhs_cols=1 Vxx_nnz=62001
FILTERDDP_TIMING iteration=4 barrier_iteration=0 stage=8 derivative_s=0.003089700 first_order_s=0.001602400 second_order_s=0.001223500 algebra_s=0.012140700 kkt_assembly_s=0.000551300 factor_s=0.020063000 solve_s=0.011884600 update_s=0.001779900 K_nnz=96025 rhs_cols=1 Vxx_nnz=62001
FILTERDDP_TIMING iteration=4 barrier_iteration=0 stage=7 derivative_s=0.003082900 first_order_s=0.001578200 second_order_s=0.001193400 algebra_s=0.012447500 kkt_assembly_s=0.000532100 factor_s=0.020375500 solve_s=0.012104000 update_s=0.001819500 K_nnz=96025 rhs_cols=1 Vxx_nnz=62001
FILTERDDP_TIMING iteration=4 barrier_iteration=0 stage=6 derivative_s=0.003063400 first_order_s=0.001620300 second_order_s=0.001180700 algebra_s=0.011687100 kkt_assembly_s=0.000694200 factor_s=0.039864100 solve_s=0.012698300 update_s=0.001767700 K_nnz=96025 rhs_cols=1 Vxx_nnz=62001
FILTERDDP_TIMING iteration=4 barrier_iteration=0 stage=5 derivative_s=0.003160800 first_order_s=0.001668500 second_order_s=0.001230800 algebra_s=0.011963900 kkt_assembly_s=0.000744900 factor_s=0.021508900 solve_s=0.012597100 update_s=0.001999200 K_nnz=96025 rhs_cols=1 Vxx_nnz=62001
FILTERDDP_TIMING iteration=4 barrier_iteration=0 stage=4 derivative_s=0.003045900 first_order_s=0.001618400 second_order_s=0.001165200 algebra_s=0.014631500 kkt_assembly_s=0.000669900 factor_s=0.025100400 solve_s=0.012061700 update_s=0.001686300 K_nnz=96025 rhs_cols=1 Vxx_nnz=62001
FILTERDDP_TIMING iteration=4 barrier_iteration=0 stage=3 derivative_s=0.003064200 first_order_s=0.001612000 second_order_s=0.001189900 algebra_s=0.011867300 kkt_assembly_s=0.000539600 factor_s=0.020111700 solve_s=0.012047400 update_s=0.001760900 K_nnz=96025 rhs_cols=1 Vxx_nnz=62001
FILTERDDP_TIMING iteration=4 barrier_iteration=0 stage=2 derivative_s=0.047474900 first_order_s=0.046429600 second_order_s=0.000928300 algebra_s=0.010500600 kkt_assembly_s=0.000606700 factor_s=0.020908100 solve_s=0.013149800 update_s=0.001803800 K_nnz=96025 rhs_cols=1 Vxx_nnz=62001
FILTERDDP_TIMING iteration=4 barrier_iteration=0 stage=1 derivative_s=0.003230700 first_order_s=0.001652300 second_order_s=0.001311700 algebra_s=0.008253300 kkt_assembly_s=0.000605600 factor_s=0.020773500 solve_s=0.012395600 update_s=0.001695800 K_nnz=96025 rhs_cols=1 Vxx_nnz=62001
FILTERDDP_FEASIBILITY iteration=4 barrier_iteration=0 equality_count=248064 equality_rms=2.808338067244e-02 equality_max=4.306171075015e-01 equality_worst_stage=6 equality_worst_index=7575 dynamics_count=5727 dynamics_rms=1.531498570840e-18 dynamics_max=6.938893903907e-18 dynamics_worst_stage=12 dynamics_worst_index=139 bound_count=170736 bound_rms=0.000000000000e+00 bound_max=0.000000000000e+00 bound_worst_stage=0 bound_worst_index=0 bound_worst_kind=none
     4   1.10261626e+04   4.3062e-01   5.3165e+01   9.9462e-01    0.00      -     1.2593e-01   0
FILTERDDP_ITER_TIMING iteration=4 barrier_iteration=0 backward_s=1.606814500 forward_s=0.147397100 total_s=1.754211600 outcome=accepted step_size=1.941801797e-01 backtracks=0 mu=1.000000000e+00
FILTERDDP_TIMING iteration=5 barrier_iteration=0 stage=24 derivative_s=0.108775400 first_order_s=0.000710400 second_order_s=0.107963000 algebra_s=0.013028700 kkt_assembly_s=0.000578400 factor_s=0.021380600 solve_s=0.012567000 update_s=0.001720000 K_nnz=96025 rhs_cols=1 Vxx_nnz=62001
FILTERDDP_TIMING iteration=5 barrier_iteration=0 stage=23 derivative_s=0.003132200 first_order_s=0.001640900 second_order_s=0.001228900 algebra_s=0.012163200 kkt_assembly_s=0.000568700 factor_s=0.019993100 solve_s=0.011715300 update_s=0.001805200 K_nnz=96025 rhs_cols=1 Vxx_nnz=62001
FILTERDDP_TIMING iteration=5 barrier_iteration=0 stage=22 derivative_s=0.003223200 first_order_s=0.001725000 second_order_s=0.001234000 algebra_s=0.011696900 kkt_assembly_s=0.000527600 factor_s=0.019970900 solve_s=0.012079000 update_s=0.001579100 K_nnz=96025 rhs_cols=1 Vxx_nnz=62001
FILTERDDP_TIMING iteration=5 barrier_iteration=0 stage=21 derivative_s=0.003170700 first_order_s=0.001672500 second_order_s=0.001234500 algebra_s=0.011854500 kkt_assembly_s=0.000517200 factor_s=0.020383500 solve_s=0.013385900 update_s=0.001778400 K_nnz=96025 rhs_cols=1 Vxx_nnz=62001
FILTERDDP_TIMING iteration=5 barrier_iteration=0 stage=20 derivative_s=0.005192600 first_order_s=0.002965900 second_order_s=0.001753600 algebra_s=0.010666000 kkt_assembly_s=0.000515600 factor_s=0.019978500 solve_s=0.013150500 update_s=0.002129600 K_nnz=96025 rhs_cols=1 Vxx_nnz=62001
FILTERDDP_TIMING iteration=5 barrier_iteration=0 stage=19 derivative_s=0.004622200 first_order_s=0.002371700 second_order_s=0.001960200 algebra_s=0.012673000 kkt_assembly_s=0.001268900 factor_s=0.039843100 solve_s=0.011991600 update_s=0.001866100 K_nnz=96025 rhs_cols=1 Vxx_nnz=62001
FILTERDDP_TIMING iteration=5 barrier_iteration=0 stage=18 derivative_s=0.003674700 first_order_s=0.001684300 second_order_s=0.001711800 algebra_s=0.012849100 kkt_assembly_s=0.000606600 factor_s=0.020764900 solve_s=0.011745100 update_s=0.001813800 K_nnz=96025 rhs_cols=1 Vxx_nnz=62001
FILTERDDP_TIMING iteration=5 barrier_iteration=0 stage=17 derivative_s=0.003278900 first_order_s=0.001722100 second_order_s=0.001294200 algebra_s=0.012430600 kkt_assembly_s=0.000595200 factor_s=0.022046300 solve_s=0.013128400 update_s=0.001705300 K_nnz=96025 rhs_cols=1 Vxx_nnz=62001
FILTERDDP_TIMING iteration=5 barrier_iteration=0 stage=16 derivative_s=0.003206000 first_order_s=0.001678900 second_order_s=0.001224400 algebra_s=0.011738400 kkt_assembly_s=0.000560200 factor_s=0.020257100 solve_s=0.011890900 update_s=0.001590500 K_nnz=96025 rhs_cols=1 Vxx_nnz=62001
FILTERDDP_TIMING iteration=5 barrier_iteration=0 stage=15 derivative_s=0.003163400 first_order_s=0.001698000 second_order_s=0.001200600 algebra_s=0.019823300 kkt_assembly_s=0.001153000 factor_s=0.032521000 solve_s=0.012079300 update_s=0.001567300 K_nnz=96025 rhs_cols=1 Vxx_nnz=62001
FILTERDDP_TIMING iteration=5 barrier_iteration=0 stage=14 derivative_s=0.026991000 first_order_s=0.001313500 second_order_s=0.025476700 algebra_s=0.013566800 kkt_assembly_s=0.000721300 factor_s=0.020886000 solve_s=0.012780000 update_s=0.001798500 K_nnz=96025 rhs_cols=1 Vxx_nnz=62001
FILTERDDP_TIMING iteration=5 barrier_iteration=0 stage=13 derivative_s=0.003136200 first_order_s=0.001622000 second_order_s=0.001251400 algebra_s=0.012088100 kkt_assembly_s=0.000569900 factor_s=0.021402600 solve_s=0.012537300 update_s=0.001691900 K_nnz=96025 rhs_cols=1 Vxx_nnz=62001
FILTERDDP_TIMING iteration=5 barrier_iteration=0 stage=12 derivative_s=0.002210700 first_order_s=0.001180100 second_order_s=0.000846500 algebra_s=0.011776400 kkt_assembly_s=0.000577400 factor_s=0.022427100 solve_s=0.012940100 update_s=0.001583900 K_nnz=96025 rhs_cols=1 Vxx_nnz=62001
FILTERDDP_TIMING iteration=5 barrier_iteration=0 stage=11 derivative_s=0.003210900 first_order_s=0.001720500 second_order_s=0.001224900 algebra_s=0.011935800 kkt_assembly_s=0.000580100 factor_s=0.066092600 solve_s=0.013003200 update_s=0.001827500 K_nnz=96025 rhs_cols=1 Vxx_nnz=62001
FILTERDDP_TIMING iteration=5 barrier_iteration=0 stage=10 derivative_s=0.003357900 first_order_s=0.001784000 second_order_s=0.001312000 algebra_s=0.011668400 kkt_assembly_s=0.000607400 factor_s=0.020394200 solve_s=0.012866800 update_s=0.001623700 K_nnz=96025 rhs_cols=1 Vxx_nnz=62001
FILTERDDP_TIMING iteration=5 barrier_iteration=0 stage=9 derivative_s=0.003362200 first_order_s=0.001676000 second_order_s=0.001412700 algebra_s=0.013171800 kkt_assembly_s=0.000649700 factor_s=0.020419200 solve_s=0.012640800 update_s=0.001713000 K_nnz=96025 rhs_cols=1 Vxx_nnz=62001
FILTERDDP_TIMING iteration=5 barrier_iteration=0 stage=8 derivative_s=0.003432700 first_order_s=0.001602900 second_order_s=0.001476400 algebra_s=0.012832900 kkt_assembly_s=0.000538800 factor_s=0.144162600 solve_s=0.012499700 update_s=0.001800800 K_nnz=96025 rhs_cols=1 Vxx_nnz=62001
FILTERDDP_TIMING iteration=5 barrier_iteration=0 stage=7 derivative_s=0.003618800 first_order_s=0.001957700 second_order_s=0.001367300 algebra_s=0.012451300 kkt_assembly_s=0.000612900 factor_s=0.020361200 solve_s=0.012619300 update_s=0.001681000 K_nnz=96025 rhs_cols=1 Vxx_nnz=62001
FILTERDDP_TIMING iteration=5 barrier_iteration=0 stage=6 derivative_s=0.003384800 first_order_s=0.001814700 second_order_s=0.001306700 algebra_s=0.012200600 kkt_assembly_s=0.000612100 factor_s=0.019564800 solve_s=0.011547700 update_s=0.001713800 K_nnz=96025 rhs_cols=1 Vxx_nnz=62001
FILTERDDP_TIMING iteration=5 barrier_iteration=0 stage=5 derivative_s=0.003187700 first_order_s=0.001650400 second_order_s=0.001195400 algebra_s=0.011956400 kkt_assembly_s=0.000548800 factor_s=0.020062900 solve_s=0.012063800 update_s=0.001770900 K_nnz=96025 rhs_cols=1 Vxx_nnz=62001
FILTERDDP_TIMING iteration=5 barrier_iteration=0 stage=4 derivative_s=0.003197600 first_order_s=0.001745700 second_order_s=0.001190200 algebra_s=0.011705700 kkt_assembly_s=0.000518200 factor_s=0.019736000 solve_s=0.011893800 update_s=0.001628700 K_nnz=96025 rhs_cols=1 Vxx_nnz=62001
FILTERDDP_TIMING iteration=5 barrier_iteration=0 stage=3 derivative_s=0.003024000 first_order_s=0.001595200 second_order_s=0.001165000 algebra_s=0.013094800 kkt_assembly_s=0.000956100 factor_s=0.025499500 solve_s=0.013586500 update_s=0.002737800 K_nnz=96025 rhs_cols=1 Vxx_nnz=62001
FILTERDDP_TIMING iteration=5 barrier_iteration=0 stage=2 derivative_s=0.008078500 first_order_s=0.003881200 second_order_s=0.003746900 algebra_s=0.023752800 kkt_assembly_s=0.000978800 factor_s=0.023963500 solve_s=0.014048700 update_s=0.002745800 K_nnz=96025 rhs_cols=1 Vxx_nnz=62001
FILTERDDP_TIMING iteration=5 barrier_iteration=0 stage=1 derivative_s=0.004514900 first_order_s=0.001906800 second_order_s=0.002390000 algebra_s=0.031303600 kkt_assembly_s=0.000630500 factor_s=0.022698700 solve_s=0.012650000 update_s=0.001759000 K_nnz=96025 rhs_cols=1 Vxx_nnz=62001
FILTERDDP_FEASIBILITY iteration=5 barrier_iteration=0 equality_count=248064 equality_rms=2.273584316468e-02 equality_max=3.480289094077e-01 equality_worst_stage=6 equality_worst_index=7575 dynamics_count=5727 dynamics_rms=1.515027119966e-18 dynamics_max=6.938893903907e-18 dynamics_worst_stage=10 dynamics_worst_index=229 bound_count=170736 bound_rms=0.000000000000e+00 bound_max=0.000000000000e+00 bound_worst_stage=0 bound_worst_index=0 bound_worst_kind=none
     5   1.12270123e+04   3.4803e-01   2.6511e+01   9.9085e-01    0.00      -     1.9418e-01   0
FILTERDDP_ITER_TIMING iteration=5 barrier_iteration=0 backward_s=1.617492800 forward_s=0.137636600 total_s=1.755129400 outcome=accepted step_size=4.841081529e-01 backtracks=0 mu=1.000000000e+00
FILTERDDP_TIMING iteration=6 barrier_iteration=0 stage=24 derivative_s=0.004238900 first_order_s=0.001889200 second_order_s=0.001990600 algebra_s=0.017468800 kkt_assembly_s=0.000903900 factor_s=0.028330200 solve_s=0.012132400 update_s=0.001682100 K_nnz=96025 rhs_cols=1 Vxx_nnz=62001
FILTERDDP_TIMING iteration=6 barrier_iteration=0 stage=23 derivative_s=0.002063800 first_order_s=0.001100000 second_order_s=0.000788000 algebra_s=0.013993100 kkt_assembly_s=0.000572700 factor_s=0.020790100 solve_s=0.012476400 update_s=0.001694500 K_nnz=96025 rhs_cols=1 Vxx_nnz=62001
FILTERDDP_TIMING iteration=6 barrier_iteration=0 stage=22 derivative_s=0.003092900 first_order_s=0.001649800 second_order_s=0.001181000 algebra_s=0.012165800 kkt_assembly_s=0.000524900 factor_s=0.037769400 solve_s=0.014811400 update_s=0.001792700 K_nnz=96025 rhs_cols=1 Vxx_nnz=62001
FILTERDDP_TIMING iteration=6 barrier_iteration=0 stage=21 derivative_s=0.004724800 first_order_s=0.002850800 second_order_s=0.001592600 algebra_s=0.010947500 kkt_assembly_s=0.000586300 factor_s=0.020513200 solve_s=0.013224400 update_s=0.001937800 K_nnz=96025 rhs_cols=1 Vxx_nnz=62001
FILTERDDP_TIMING iteration=6 barrier_iteration=0 stage=20 derivative_s=0.005162900 first_order_s=0.002954900 second_order_s=0.001761200 algebra_s=0.024602300 kkt_assembly_s=0.001733300 factor_s=0.045816300 solve_s=0.012624300 update_s=0.001453000 K_nnz=96025 rhs_cols=1 Vxx_nnz=62001
FILTERDDP_TIMING iteration=6 barrier_iteration=0 stage=19 derivative_s=0.003023100 first_order_s=0.001870600 second_order_s=0.000919500 algebra_s=0.011894100 kkt_assembly_s=0.000579000 factor_s=0.021458000 solve_s=0.012200900 update_s=0.001852000 K_nnz=96025 rhs_cols=1 Vxx_nnz=62001
FILTERDDP_TIMING iteration=6 barrier_iteration=0 stage=18 derivative_s=0.004081200 first_order_s=0.002388800 second_order_s=0.001425400 algebra_s=0.057520000 kkt_assembly_s=0.000755400 factor_s=0.020621600 solve_s=0.012627800 update_s=0.001974100 K_nnz=96025 rhs_cols=1 Vxx_nnz=62001
FILTERDDP_TIMING iteration=6 barrier_iteration=0 stage=17 derivative_s=0.003366700 first_order_s=0.001828900 second_order_s=0.001276100 algebra_s=0.011925100 kkt_assembly_s=0.000580500 factor_s=0.020958400 solve_s=0.012366700 update_s=0.001747800 K_nnz=96025 rhs_cols=1 Vxx_nnz=62001
FILTERDDP_TIMING iteration=6 barrier_iteration=0 stage=16 derivative_s=0.003116100 first_order_s=0.001619200 second_order_s=0.001233100 algebra_s=0.011940000 kkt_assembly_s=0.000552100 factor_s=0.021342600 solve_s=0.012403000 update_s=0.001886900 K_nnz=96025 rhs_cols=1 Vxx_nnz=62001
FILTERDDP_TIMING iteration=6 barrier_iteration=0 stage=15 derivative_s=0.003189100 first_order_s=0.001756400 second_order_s=0.001167800 algebra_s=0.012121700 kkt_assembly_s=0.000565900 factor_s=0.136208200 solve_s=0.012103900 update_s=0.001786700 K_nnz=96025 rhs_cols=1 Vxx_nnz=62001
FILTERDDP_TIMING iteration=6 barrier_iteration=0 stage=14 derivative_s=0.003112100 first_order_s=0.001633000 second_order_s=0.001216700 algebra_s=0.013002700 kkt_assembly_s=0.000568400 factor_s=0.020541800 solve_s=0.012771200 update_s=0.001604500 K_nnz=96025 rhs_cols=1 Vxx_nnz=62001
FILTERDDP_TIMING iteration=6 barrier_iteration=0 stage=13 derivative_s=0.003253900 first_order_s=0.001653000 second_order_s=0.001231000 algebra_s=0.011985700 kkt_assembly_s=0.000573300 factor_s=0.021150700 solve_s=0.011998300 update_s=0.001735300 K_nnz=96025 rhs_cols=1 Vxx_nnz=62001
FILTERDDP_TIMING iteration=6 barrier_iteration=0 stage=12 derivative_s=0.003042800 first_order_s=0.001582100 second_order_s=0.001195200 algebra_s=0.012179500 kkt_assembly_s=0.000557700 factor_s=0.020279700 solve_s=0.012920100 update_s=0.001509700 K_nnz=96025 rhs_cols=1 Vxx_nnz=62001
FILTERDDP_TIMING iteration=6 barrier_iteration=0 stage=11 derivative_s=0.003037600 first_order_s=0.001590500 second_order_s=0.001186300 algebra_s=0.011876900 kkt_assembly_s=0.000521800 factor_s=0.020220200 solve_s=0.012374800 update_s=0.001719800 K_nnz=96025 rhs_cols=1 Vxx_nnz=62001
FILTERDDP_TIMING iteration=6 barrier_iteration=0 stage=10 derivative_s=0.003040600 first_order_s=0.001576100 second_order_s=0.001200700 algebra_s=0.011982000 kkt_assembly_s=0.000766900 factor_s=0.021759300 solve_s=0.013268400 update_s=0.002663300 K_nnz=96025 rhs_cols=1 Vxx_nnz=62001
FILTERDDP_TIMING iteration=6 barrier_iteration=0 stage=9 derivative_s=0.005432100 first_order_s=0.002338100 second_order_s=0.002817000 algebra_s=0.027253600 kkt_assembly_s=0.002667500 factor_s=0.068796200 solve_s=0.016620400 update_s=0.001360900 K_nnz=96025 rhs_cols=1 Vxx_nnz=62001
FILTERDDP_TIMING iteration=6 barrier_iteration=0 stage=8 derivative_s=0.003208800 first_order_s=0.001647600 second_order_s=0.001293100 algebra_s=0.013169900 kkt_assembly_s=0.000836600 factor_s=0.036914200 solve_s=0.015147100 update_s=0.001150600 K_nnz=96025 rhs_cols=1 Vxx_nnz=62001
FILTERDDP_TIMING iteration=6 barrier_iteration=0 stage=7 derivative_s=0.002352400 first_order_s=0.001510100 second_order_s=0.000687000 algebra_s=0.008287800 kkt_assembly_s=0.000632900 factor_s=0.021079300 solve_s=0.012294800 update_s=0.001632700 K_nnz=96025 rhs_cols=1 Vxx_nnz=62001
FILTERDDP_TIMING iteration=6 barrier_iteration=0 stage=6 derivative_s=0.003409600 first_order_s=0.001730900 second_order_s=0.001405400 algebra_s=0.012472100 kkt_assembly_s=0.000632600 factor_s=0.021159800 solve_s=0.012832800 update_s=0.001869500 K_nnz=96025 rhs_cols=1 Vxx_nnz=62001
FILTERDDP_TIMING iteration=6 barrier_iteration=0 stage=5 derivative_s=0.003148900 first_order_s=0.001739600 second_order_s=0.001144000 algebra_s=0.011967900 kkt_assembly_s=0.000652100 factor_s=0.021540300 solve_s=0.029442300 update_s=0.001487900 K_nnz=96025 rhs_cols=1 Vxx_nnz=62001
FILTERDDP_TIMING iteration=6 barrier_iteration=0 stage=4 derivative_s=0.001974500 first_order_s=0.001002900 second_order_s=0.000789000 algebra_s=0.011932100 kkt_assembly_s=0.000640000 factor_s=0.024383700 solve_s=0.011730800 update_s=0.000957800 K_nnz=96025 rhs_cols=1 Vxx_nnz=62001
FILTERDDP_TIMING iteration=6 barrier_iteration=0 stage=3 derivative_s=0.001716300 first_order_s=0.000902800 second_order_s=0.000667000 algebra_s=0.009114500 kkt_assembly_s=0.000546000 factor_s=0.021212900 solve_s=0.012349200 update_s=0.001393100 K_nnz=96025 rhs_cols=1 Vxx_nnz=62001
FILTERDDP_TIMING iteration=6 barrier_iteration=0 stage=2 derivative_s=0.003153300 first_order_s=0.001684900 second_order_s=0.001205300 algebra_s=0.010003800 kkt_assembly_s=0.000545100 factor_s=0.020730500 solve_s=0.012292800 update_s=0.001755300 K_nnz=96025 rhs_cols=1 Vxx_nnz=62001
FILTERDDP_TIMING iteration=6 barrier_iteration=0 stage=1 derivative_s=0.003168700 first_order_s=0.001675000 second_order_s=0.001193800 algebra_s=0.015946000 kkt_assembly_s=0.000568900 factor_s=0.068951200 solve_s=0.012030600 update_s=0.001885400 K_nnz=96025 rhs_cols=1 Vxx_nnz=62001
FILTERDDP_FEASIBILITY iteration=6 barrier_iteration=0 equality_count=248064 equality_rms=1.195282305490e-02 equality_max=1.898190007121e-01 equality_worst_stage=6 equality_worst_index=7645 dynamics_count=5727 dynamics_rms=1.227170077820e-18 dynamics_max=6.938893903907e-18 dynamics_worst_stage=9 dynamics_worst_index=244 bound_count=170736 bound_rms=0.000000000000e+00 bound_max=0.000000000000e+00 bound_worst_stage=0 bound_worst_index=0 bound_worst_kind=none
FILTERDDP_ITER_TIMING iteration=6 barrier_iteration=0 backward_s=1.614100700 forward_s=0.000000000 total_s=1.614100700 outcome=barrier_update step_size=4.841081529e-01 backtracks=0 mu=1.000000000e+00
FILTERDDP_TIMING iteration=6 barrier_iteration=1 stage=24 derivative_s=0.001335300 first_order_s=0.000607400 second_order_s=0.000620100 algebra_s=0.007801000 kkt_assembly_s=0.000646900 factor_s=0.022171300 solve_s=0.013213400 update_s=0.001828800 K_nnz=96025 rhs_cols=1 Vxx_nnz=62001
FILTERDDP_TIMING iteration=6 barrier_iteration=1 stage=23 derivative_s=0.003299300 first_order_s=0.001768700 second_order_s=0.001183900 algebra_s=0.014237700 kkt_assembly_s=0.000660400 factor_s=0.021259900 solve_s=0.012203900 update_s=0.001596400 K_nnz=96025 rhs_cols=1 Vxx_nnz=62001
FILTERDDP_TIMING iteration=6 barrier_iteration=1 stage=22 derivative_s=0.003097200 first_order_s=0.001570600 second_order_s=0.001264300 algebra_s=0.014351800 kkt_assembly_s=0.000563800 factor_s=0.141522100 solve_s=0.014019300 update_s=0.001627200 K_nnz=96025 rhs_cols=1 Vxx_nnz=62001
FILTERDDP_TIMING iteration=6 barrier_iteration=1 stage=21 derivative_s=0.004645800 first_order_s=0.002866700 second_order_s=0.001447700 algebra_s=0.008163800 kkt_assembly_s=0.000630600 factor_s=0.025630000 solve_s=0.011860000 update_s=0.001060200 K_nnz=96025 rhs_cols=1 Vxx_nnz=62001
FILTERDDP_TIMING iteration=6 barrier_iteration=1 stage=20 derivative_s=0.003526500 first_order_s=0.001847300 second_order_s=0.001383000 algebra_s=0.018386100 kkt_assembly_s=0.000771900 factor_s=0.044786200 solve_s=0.019865000 update_s=0.001242100 K_nnz=96025 rhs_cols=1 Vxx_nnz=62001
FILTERDDP_TIMING iteration=6 barrier_iteration=1 stage=19 derivative_s=0.002350700 first_order_s=0.001490000 second_order_s=0.000682800 algebra_s=0.009880800 kkt_assembly_s=0.000851800 factor_s=0.029296100 solve_s=0.015117200 update_s=0.001699300 K_nnz=96025 rhs_cols=1 Vxx_nnz=62001
FILTERDDP_TIMING iteration=6 barrier_iteration=1 stage=18 derivative_s=0.003109900 first_order_s=0.001706500 second_order_s=0.001137700 algebra_s=0.013637500 kkt_assembly_s=0.000562100 factor_s=0.021460000 solve_s=0.011937100 update_s=0.001580400 K_nnz=96025 rhs_cols=1 Vxx_nnz=62001
FILTERDDP_TIMING iteration=6 barrier_iteration=1 stage=17 derivative_s=0.003367800 first_order_s=0.001748800 second_order_s=0.001306900 algebra_s=0.022007700 kkt_assembly_s=0.001672400 factor_s=0.043342700 solve_s=0.013923100 update_s=0.002673800 K_nnz=96025 rhs_cols=1 Vxx_nnz=62001
FILTERDDP_TIMING iteration=6 barrier_iteration=1 stage=16 derivative_s=0.005545600 first_order_s=0.002481700 second_order_s=0.002785500 algebra_s=0.020568700 kkt_assembly_s=0.001146600 factor_s=0.044690100 solve_s=0.012895700 update_s=0.001692500 K_nnz=96025 rhs_cols=1 Vxx_nnz=62001
FILTERDDP_TIMING iteration=6 barrier_iteration=1 stage=15 derivative_s=0.003356200 first_order_s=0.001692100 second_order_s=0.001399800 algebra_s=0.011842500 kkt_assembly_s=0.000588800 factor_s=0.021377100 solve_s=0.014989400 update_s=0.001626300 K_nnz=96025 rhs_cols=1 Vxx_nnz=62001
FILTERDDP_TIMING iteration=6 barrier_iteration=1 stage=14 derivative_s=0.003216200 first_order_s=0.001728000 second_order_s=0.001229000 algebra_s=0.013568900 kkt_assembly_s=0.000575400 factor_s=0.020985200 solve_s=0.012589900 update_s=0.001005400 K_nnz=96025 rhs_cols=1 Vxx_nnz=62001
FILTERDDP_TIMING iteration=6 barrier_iteration=1 stage=13 derivative_s=0.001720600 first_order_s=0.000892900 second_order_s=0.000681800 algebra_s=0.016817800 kkt_assembly_s=0.001338500 factor_s=0.035423400 solve_s=0.012664600 update_s=0.001636600 K_nnz=96025 rhs_cols=1 Vxx_nnz=62001
FILTERDDP_TIMING iteration=6 barrier_iteration=1 stage=12 derivative_s=0.002131100 first_order_s=0.001113600 second_order_s=0.000845300 algebra_s=0.010564600 kkt_assembly_s=0.000608300 factor_s=0.022031500 solve_s=0.014291900 update_s=0.001347600 K_nnz=96025 rhs_cols=1 Vxx_nnz=62001
FILTERDDP_TIMING iteration=6 barrier_iteration=1 stage=11 derivative_s=0.001196200 first_order_s=0.000637200 second_order_s=0.000455400 algebra_s=0.024941500 kkt_assembly_s=0.000620100 factor_s=0.021563600 solve_s=0.011986500 update_s=0.001269800 K_nnz=96025 rhs_cols=1 Vxx_nnz=62001
FILTERDDP_TIMING iteration=6 barrier_iteration=1 stage=10 derivative_s=0.003113000 first_order_s=0.001626900 second_order_s=0.001220900 algebra_s=0.010087900 kkt_assembly_s=0.000545800 factor_s=0.020598800 solve_s=0.011813600 update_s=0.001386700 K_nnz=96025 rhs_cols=1 Vxx_nnz=62001
FILTERDDP_TIMING iteration=6 barrier_iteration=1 stage=9 derivative_s=0.003475000 first_order_s=0.001684100 second_order_s=0.001318100 algebra_s=0.017739000 kkt_assembly_s=0.000703400 factor_s=0.022367500 solve_s=0.013561300 update_s=0.001732600 K_nnz=96025 rhs_cols=1 Vxx_nnz=62001
FILTERDDP_TIMING iteration=6 barrier_iteration=1 stage=8 derivative_s=0.003094100 first_order_s=0.001638000 second_order_s=0.001190600 algebra_s=0.017980400 kkt_assembly_s=0.001342800 factor_s=0.037011600 solve_s=0.012622200 update_s=0.051709400 K_nnz=96025 rhs_cols=1 Vxx_nnz=62001
FILTERDDP_TIMING iteration=6 barrier_iteration=1 stage=7 derivative_s=0.002654600 first_order_s=0.001727500 second_order_s=0.000751800 algebra_s=0.011538600 kkt_assembly_s=0.000587300 factor_s=0.023973200 solve_s=0.012253600 update_s=0.000980700 K_nnz=96025 rhs_cols=1 Vxx_nnz=62001
FILTERDDP_TIMING iteration=6 barrier_iteration=1 stage=6 derivative_s=0.003717200 first_order_s=0.001936600 second_order_s=0.001477400 algebra_s=0.016494500 kkt_assembly_s=0.001787100 factor_s=0.039299400 solve_s=0.013034000 update_s=0.001671700 K_nnz=96025 rhs_cols=1 Vxx_nnz=62001
FILTERDDP_TIMING iteration=6 barrier_iteration=1 stage=5 derivative_s=0.003178200 first_order_s=0.001712400 second_order_s=0.001200000 algebra_s=0.013233700 kkt_assembly_s=0.000534400 factor_s=0.020637500 solve_s=0.012225100 update_s=0.001798100 K_nnz=96025 rhs_cols=1 Vxx_nnz=62001
FILTERDDP_TIMING iteration=6 barrier_iteration=1 stage=4 derivative_s=0.003158900 first_order_s=0.001676800 second_order_s=0.001218400 algebra_s=0.115564100 kkt_assembly_s=0.000792600 factor_s=0.025527700 solve_s=0.013505700 update_s=0.000872000 K_nnz=96025 rhs_cols=1 Vxx_nnz=62001
FILTERDDP_TIMING iteration=6 barrier_iteration=1 stage=3 derivative_s=0.001259800 first_order_s=0.000659700 second_order_s=0.000494500 algebra_s=0.007273200 kkt_assembly_s=0.000825900 factor_s=0.022761000 solve_s=0.012042300 update_s=0.000822600 K_nnz=96025 rhs_cols=1 Vxx_nnz=62001
FILTERDDP_TIMING iteration=6 barrier_iteration=1 stage=2 derivative_s=0.001943200 first_order_s=0.001163400 second_order_s=0.000628100 algebra_s=0.007029900 kkt_assembly_s=0.000591100 factor_s=0.029771000 solve_s=0.015819100 update_s=0.000976000 K_nnz=96025 rhs_cols=1 Vxx_nnz=62001
FILTERDDP_TIMING iteration=6 barrier_iteration=1 stage=1 derivative_s=0.001545000 first_order_s=0.000807400 second_order_s=0.000601900 algebra_s=0.009477900 kkt_assembly_s=0.000548200 factor_s=0.022865300 solve_s=0.012354100 update_s=0.001649900 K_nnz=96025 rhs_cols=1 Vxx_nnz=62001
FILTERDDP_FEASIBILITY iteration=6 barrier_iteration=1 equality_count=248064 equality_rms=1.195282305490e-02 equality_max=1.898190007121e-01 equality_worst_stage=6 equality_worst_index=7645 dynamics_count=5727 dynamics_rms=1.227170077820e-18 dynamics_max=6.938893903907e-18 dynamics_worst_stage=9 dynamics_worst_index=244 bound_count=170736 bound_rms=0.000000000000e+00 bound_max=0.000000000000e+00 bound_worst_stage=0 bound_worst_index=0 bound_worst_kind=none
     6   1.13449477e+04   1.8982e-01   7.1214e+00   2.0051e+00   -0.70      -     4.8411e-01   0
FILTERDDP_ITER_TIMING iteration=6 barrier_iteration=1 backward_s=1.711181700 forward_s=0.143887400 total_s=1.855069100 outcome=accepted step_size=8.782150398e-01 backtracks=0 mu=2.000000000e-01
FILTERDDP_TIMING iteration=7 barrier_iteration=1 stage=24 derivative_s=0.006480300 first_order_s=0.002380400 second_order_s=0.003853800 algebra_s=0.027678700 kkt_assembly_s=0.002039400 factor_s=0.048200600 solve_s=0.012331600 update_s=0.001862100 K_nnz=96025 rhs_cols=1 Vxx_nnz=62001
FILTERDDP_TIMING iteration=7 barrier_iteration=1 stage=23 derivative_s=0.003256000 first_order_s=0.001678000 second_order_s=0.001316700 algebra_s=0.011995500 kkt_assembly_s=0.000544100 factor_s=0.020292500 solve_s=0.012044700 update_s=0.001841500 K_nnz=96025 rhs_cols=1 Vxx_nnz=62001
FILTERDDP_TIMING iteration=7 barrier_iteration=1 stage=22 derivative_s=0.003747600 first_order_s=0.002220100 second_order_s=0.001265900 algebra_s=0.011444700 kkt_assembly_s=0.000528400 factor_s=0.020574500 solve_s=0.011683300 update_s=0.001842000 K_nnz=96025 rhs_cols=1 Vxx_nnz=62001
FILTERDDP_TIMING iteration=7 barrier_iteration=1 stage=21 derivative_s=0.003405200 first_order_s=0.001779400 second_order_s=0.001362000 algebra_s=0.011878200 kkt_assembly_s=0.000588200 factor_s=0.020045200 solve_s=0.011537500 update_s=0.001684200 K_nnz=96025 rhs_cols=1 Vxx_nnz=62001
FILTERDDP_TIMING iteration=7 barrier_iteration=1 stage=20 derivative_s=0.003591100 first_order_s=0.002058700 second_order_s=0.001268500 algebra_s=0.011579100 kkt_assembly_s=0.000530800 factor_s=0.020327900 solve_s=0.037258900 update_s=0.001948300 K_nnz=96025 rhs_cols=1 Vxx_nnz=62001
FILTERDDP_TIMING iteration=7 barrier_iteration=1 stage=19 derivative_s=0.003680100 first_order_s=0.001953400 second_order_s=0.001464400 algebra_s=0.011553100 kkt_assembly_s=0.000685100 factor_s=0.020781600 solve_s=0.012982800 update_s=0.001907200 K_nnz=96025 rhs_cols=1 Vxx_nnz=62001
FILTERDDP_TIMING iteration=7 barrier_iteration=1 stage=18 derivative_s=0.005183500 first_order_s=0.003085000 second_order_s=0.001643900 algebra_s=0.022426100 kkt_assembly_s=0.000606400 factor_s=0.021384100 solve_s=0.011960600 update_s=0.001607000 K_nnz=96025 rhs_cols=1 Vxx_nnz=62001
FILTERDDP_TIMING iteration=7 barrier_iteration=1 stage=17 derivative_s=0.003136500 first_order_s=0.001684000 second_order_s=0.001179700 algebra_s=0.013499900 kkt_assembly_s=0.000593100 factor_s=0.020510800 solve_s=0.012735500 update_s=0.001603700 K_nnz=96025 rhs_cols=1 Vxx_nnz=62001
FILTERDDP_TIMING iteration=7 barrier_iteration=1 stage=16 derivative_s=0.003034700 first_order_s=0.001577100 second_order_s=0.001195700 algebra_s=0.011878200 kkt_assembly_s=0.000573600 factor_s=0.065171800 solve_s=0.012474900 update_s=0.001791000 K_nnz=96025 rhs_cols=1 Vxx_nnz=62001
FILTERDDP_TIMING iteration=7 barrier_iteration=1 stage=15 derivative_s=0.003452200 first_order_s=0.001734500 second_order_s=0.001298400 algebra_s=0.011909600 kkt_assembly_s=0.000535800 factor_s=0.020106900 solve_s=0.012280600 update_s=0.001725700 K_nnz=96025 rhs_cols=1 Vxx_nnz=62001
FILTERDDP_TIMING iteration=7 barrier_iteration=1 stage=14 derivative_s=0.003048300 first_order_s=0.001602400 second_order_s=0.001182600 algebra_s=0.011959600 kkt_assembly_s=0.000529900 factor_s=0.020725100 solve_s=0.012840600 update_s=0.001573000 K_nnz=96025 rhs_cols=1 Vxx_nnz=62001
FILTERDDP_TIMING iteration=7 barrier_iteration=1 stage=13 derivative_s=0.003879300 first_order_s=0.002206500 second_order_s=0.001335300 algebra_s=0.011865100 kkt_assembly_s=0.000512200 factor_s=0.155393200 solve_s=0.014428800 update_s=0.002773500 K_nnz=96025 rhs_cols=1 Vxx_nnz=62001
FILTERDDP_TIMING iteration=7 barrier_iteration=1 stage=12 derivative_s=0.005923100 first_order_s=0.002721400 second_order_s=0.002925400 algebra_s=0.012633800 kkt_assembly_s=0.000771000 factor_s=0.021314100 solve_s=0.013711300 update_s=0.002854900 K_nnz=96025 rhs_cols=1 Vxx_nnz=62001
FILTERDDP_TIMING iteration=7 barrier_iteration=1 stage=11 derivative_s=0.006511500 first_order_s=0.002587800 second_order_s=0.003806100 algebra_s=0.012524500 kkt_assembly_s=0.000903700 factor_s=0.020462100 solve_s=0.013461400 update_s=0.003025500 K_nnz=96025 rhs_cols=1 Vxx_nnz=62001
FILTERDDP_TIMING iteration=7 barrier_iteration=1 stage=10 derivative_s=0.005683900 first_order_s=0.002537000 second_order_s=0.002844500 algebra_s=0.012803900 kkt_assembly_s=0.000768200 factor_s=0.021081500 solve_s=0.013644900 update_s=0.002506000 K_nnz=96025 rhs_cols=1 Vxx_nnz=62001
FILTERDDP_TIMING iteration=7 barrier_iteration=1 stage=9 derivative_s=0.005785100 first_order_s=0.002510400 second_order_s=0.003009200 algebra_s=0.012128300 kkt_assembly_s=0.000783400 factor_s=0.022962800 solve_s=0.013803600 update_s=0.002786800 K_nnz=96025 rhs_cols=1 Vxx_nnz=62001
FILTERDDP_TIMING iteration=7 barrier_iteration=1 stage=8 derivative_s=0.005983600 first_order_s=0.002350500 second_order_s=0.003353600 algebra_s=0.013360900 kkt_assembly_s=0.000757300 factor_s=0.023383500 solve_s=0.013581600 update_s=0.002931000 K_nnz=96025 rhs_cols=1 Vxx_nnz=62001
FILTERDDP_TIMING iteration=7 barrier_iteration=1 stage=7 derivative_s=0.005811000 first_order_s=0.002530100 second_order_s=0.003005100 algebra_s=0.013213300 kkt_assembly_s=0.000744500 factor_s=0.023851900 solve_s=0.029056400 update_s=0.001948800 K_nnz=96025 rhs_cols=1 Vxx_nnz=62001
FILTERDDP_TIMING iteration=7 barrier_iteration=1 stage=6 derivative_s=0.003209800 first_order_s=0.001664800 second_order_s=0.001284400 algebra_s=0.012730100 kkt_assembly_s=0.000677800 factor_s=0.020557300 solve_s=0.011677100 update_s=0.001791200 K_nnz=96025 rhs_cols=1 Vxx_nnz=62001
FILTERDDP_TIMING iteration=7 barrier_iteration=1 stage=5 derivative_s=0.003153100 first_order_s=0.001582000 second_order_s=0.001290600 algebra_s=0.012686300 kkt_assembly_s=0.000537100 factor_s=0.020413000 solve_s=0.011512600 update_s=0.001697000 K_nnz=96025 rhs_cols=1 Vxx_nnz=62001
FILTERDDP_TIMING iteration=7 barrier_iteration=1 stage=4 derivative_s=0.003198700 first_order_s=0.001713300 second_order_s=0.001224100 algebra_s=0.011958100 kkt_assembly_s=0.000580100 factor_s=0.020003200 solve_s=0.012479800 update_s=0.001838900 K_nnz=96025 rhs_cols=1 Vxx_nnz=62001
FILTERDDP_TIMING iteration=7 barrier_iteration=1 stage=3 derivative_s=0.003027600 first_order_s=0.001586400 second_order_s=0.001177600 algebra_s=0.012521400 kkt_assembly_s=0.000552300 factor_s=0.019990700 solve_s=0.011899100 update_s=0.001716100 K_nnz=96025 rhs_cols=1 Vxx_nnz=62001
FILTERDDP_TIMING iteration=7 barrier_iteration=1 stage=2 derivative_s=0.003043900 first_order_s=0.001579000 second_order_s=0.001203800 algebra_s=0.030121300 kkt_assembly_s=0.000633300 factor_s=0.020286500 solve_s=0.012296500 update_s=0.001909900 K_nnz=96025 rhs_cols=1 Vxx_nnz=62001
FILTERDDP_TIMING iteration=7 barrier_iteration=1 stage=1 derivative_s=0.003032700 first_order_s=0.001593200 second_order_s=0.001177400 algebra_s=0.012054200 kkt_assembly_s=0.000557100 factor_s=0.019972100 solve_s=0.011732400 update_s=0.001801800 K_nnz=96025 rhs_cols=1 Vxx_nnz=62001
FILTERDDP_FEASIBILITY iteration=7 barrier_iteration=1 equality_count=248064 equality_rms=2.455391263542e-03 equality_max=7.605822114954e-02 equality_worst_stage=6 equality_worst_index=7575 dynamics_count=5727 dynamics_rms=1.048950520844e-18 dynamics_max=3.469446951954e-18 dynamics_worst_stage=20 dynamics_worst_index=4 bound_count=170736 bound_rms=0.000000000000e+00 bound_max=0.000000000000e+00 bound_worst_stage=0 bound_worst_index=0 bound_worst_kind=none
     7   1.10788247e+04   7.6058e-02   1.2923e+01   6.5742e-01   -0.70      -     8.7822e-01   0
FILTERDDP_ITER_TIMING iteration=7 barrier_iteration=1 backward_s=1.558737300 forward_s=0.135730900 total_s=1.694468200 outcome=accepted step_size=1.000000000e+00 backtracks=0 mu=2.000000000e-01
FILTERDDP_TIMING iteration=8 barrier_iteration=1 stage=24 derivative_s=0.003609900 first_order_s=0.001791200 second_order_s=0.001538900 algebra_s=0.025684700 kkt_assembly_s=0.001307600 factor_s=0.028204400 solve_s=0.058229500 update_s=0.002007600 K_nnz=96025 rhs_cols=1 Vxx_nnz=62001
FILTERDDP_TIMING iteration=8 barrier_iteration=1 stage=23 derivative_s=0.003291900 first_order_s=0.001662300 second_order_s=0.001367500 algebra_s=0.012254700 kkt_assembly_s=0.000543000 factor_s=0.020008700 solve_s=0.012444300 update_s=0.001794200 K_nnz=96025 rhs_cols=1 Vxx_nnz=62001
FILTERDDP_TIMING iteration=8 barrier_iteration=1 stage=22 derivative_s=0.003506900 first_order_s=0.001625300 second_order_s=0.001580600 algebra_s=0.011892400 kkt_assembly_s=0.000537600 factor_s=0.020477900 solve_s=0.012182100 update_s=0.001781000 K_nnz=96025 rhs_cols=1 Vxx_nnz=62001
FILTERDDP_TIMING iteration=8 barrier_iteration=1 stage=21 derivative_s=0.003188400 first_order_s=0.001662500 second_order_s=0.001261300 algebra_s=0.011746000 kkt_assembly_s=0.000530500 factor_s=0.022683500 solve_s=0.011778000 update_s=0.001144700 K_nnz=96025 rhs_cols=1 Vxx_nnz=62001
FILTERDDP_TIMING iteration=8 barrier_iteration=1 stage=20 derivative_s=0.111032000 first_order_s=0.001362400 second_order_s=0.109555600 algebra_s=0.010652900 kkt_assembly_s=0.000573600 factor_s=0.020952200 solve_s=0.012406000 update_s=0.001738500 K_nnz=96025 rhs_cols=1 Vxx_nnz=62001
FILTERDDP_TIMING iteration=8 barrier_iteration=1 stage=19 derivative_s=0.003418500 first_order_s=0.001679300 second_order_s=0.001435700 algebra_s=0.011766600 kkt_assembly_s=0.000692600 factor_s=0.020598900 solve_s=0.011906400 update_s=0.001809600 K_nnz=96025 rhs_cols=1 Vxx_nnz=62001
FILTERDDP_TIMING iteration=8 barrier_iteration=1 stage=18 derivative_s=0.003116900 first_order_s=0.001634800 second_order_s=0.001216000 algebra_s=0.014892000 kkt_assembly_s=0.000579200 factor_s=0.020729300 solve_s=0.012484100 update_s=0.001676400 K_nnz=96025 rhs_cols=1 Vxx_nnz=62001
FILTERDDP_TIMING iteration=8 barrier_iteration=1 stage=17 derivative_s=0.003130100 first_order_s=0.001699900 second_order_s=0.001165300 algebra_s=0.012080700 kkt_assembly_s=0.000548300 factor_s=0.020198400 solve_s=0.011882100 update_s=0.001777900 K_nnz=96025 rhs_cols=1 Vxx_nnz=62001
FILTERDDP_TIMING iteration=8 barrier_iteration=1 stage=16 derivative_s=0.003012200 first_order_s=0.001579100 second_order_s=0.001169900 algebra_s=0.011775900 kkt_assembly_s=0.000527500 factor_s=0.020346600 solve_s=0.013076500 update_s=0.002124200 K_nnz=96025 rhs_cols=1 Vxx_nnz=62001
FILTERDDP_TIMING iteration=8 barrier_iteration=1 stage=15 derivative_s=0.005455700 first_order_s=0.002348800 second_order_s=0.002827800 algebra_s=0.012554900 kkt_assembly_s=0.000788400 factor_s=0.039887100 solve_s=0.012408600 update_s=0.001759200 K_nnz=96025 rhs_cols=1 Vxx_nnz=62001
FILTERDDP_TIMING iteration=8 barrier_iteration=1 stage=14 derivative_s=0.003231100 first_order_s=0.001670000 second_order_s=0.001300400 algebra_s=0.012858500 kkt_assembly_s=0.000545600 factor_s=0.019948300 solve_s=0.012402600 update_s=0.001750400 K_nnz=96025 rhs_cols=1 Vxx_nnz=62001
FILTERDDP_TIMING iteration=8 barrier_iteration=1 stage=13 derivative_s=0.003041500 first_order_s=0.001608000 second_order_s=0.001170900 algebra_s=0.012151200 kkt_assembly_s=0.000591100 factor_s=0.019965500 solve_s=0.011664800 update_s=0.001710200 K_nnz=96025 rhs_cols=1 Vxx_nnz=62001
FILTERDDP_TIMING iteration=8 barrier_iteration=1 stage=12 derivative_s=0.003640200 first_order_s=0.002109200 second_order_s=0.001230000 algebra_s=0.011881500 kkt_assembly_s=0.000561600 factor_s=0.020197000 solve_s=0.011904700 update_s=0.001714900 K_nnz=96025 rhs_cols=1 Vxx_nnz=62001
FILTERDDP_TIMING iteration=8 barrier_iteration=1 stage=11 derivative_s=0.003051100 first_order_s=0.001616100 second_order_s=0.001173100 algebra_s=0.011885000 kkt_assembly_s=0.000794700 factor_s=0.019971600 solve_s=0.011496500 update_s=0.001749300 K_nnz=96025 rhs_cols=1 Vxx_nnz=62001
FILTERDDP_TIMING iteration=8 barrier_iteration=1 stage=10 derivative_s=0.025493400 first_order_s=0.001607500 second_order_s=0.023620200 algebra_s=0.013100400 kkt_assembly_s=0.000577500 factor_s=0.020415300 solve_s=0.012505600 update_s=0.001708100 K_nnz=96025 rhs_cols=1 Vxx_nnz=62001
FILTERDDP_TIMING iteration=8 barrier_iteration=1 stage=9 derivative_s=0.003353300 first_order_s=0.001762200 second_order_s=0.001234400 algebra_s=0.011961200 kkt_assembly_s=0.000568500 factor_s=0.021221400 solve_s=0.012149700 update_s=0.001693800 K_nnz=96025 rhs_cols=1 Vxx_nnz=62001
FILTERDDP_TIMING iteration=8 barrier_iteration=1 stage=8 derivative_s=0.004574500 first_order_s=0.002527700 second_order_s=0.001644400 algebra_s=0.011096400 kkt_assembly_s=0.000676700 factor_s=0.020492800 solve_s=0.011825400 update_s=0.001831300 K_nnz=96025 rhs_cols=1 Vxx_nnz=62001
FILTERDDP_TIMING iteration=8 barrier_iteration=1 stage=7 derivative_s=0.003078600 first_order_s=0.001588500 second_order_s=0.001225200 algebra_s=0.013213000 kkt_assembly_s=0.000560900 factor_s=0.066348300 solve_s=0.012218600 update_s=0.001766100 K_nnz=96025 rhs_cols=1 Vxx_nnz=62001
FILTERDDP_TIMING iteration=8 barrier_iteration=1 stage=6 derivative_s=0.003324700 first_order_s=0.001693900 second_order_s=0.001361100 algebra_s=0.011747100 kkt_assembly_s=0.000534700 factor_s=0.020897500 solve_s=0.012535500 update_s=0.001686000 K_nnz=96025 rhs_cols=1 Vxx_nnz=62001
FILTERDDP_TIMING iteration=8 barrier_iteration=1 stage=5 derivative_s=0.001238500 first_order_s=0.000657000 second_order_s=0.000478000 algebra_s=0.016605700 kkt_assembly_s=0.001333500 factor_s=0.032733100 solve_s=0.013856700 update_s=0.001706100 K_nnz=96025 rhs_cols=1 Vxx_nnz=62001
FILTERDDP_TIMING iteration=8 barrier_iteration=1 stage=4 derivative_s=0.001208300 first_order_s=0.000635200 second_order_s=0.000466100 algebra_s=0.010488400 kkt_assembly_s=0.000570200 factor_s=0.023616100 solve_s=0.123441600 update_s=0.001623500 K_nnz=96025 rhs_cols=1 Vxx_nnz=62001
FILTERDDP_TIMING iteration=8 barrier_iteration=1 stage=3 derivative_s=0.003336500 first_order_s=0.001782600 second_order_s=0.001292800 algebra_s=0.009840900 kkt_assembly_s=0.000566200 factor_s=0.021421200 solve_s=0.012429800 update_s=0.001641400 K_nnz=96025 rhs_cols=1 Vxx_nnz=62001
FILTERDDP_TIMING iteration=8 barrier_iteration=1 stage=2 derivative_s=0.003106400 first_order_s=0.001636300 second_order_s=0.001207400 algebra_s=0.013227100 kkt_assembly_s=0.000558100 factor_s=0.020568700 solve_s=0.012437300 update_s=0.001656300 K_nnz=96025 rhs_cols=1 Vxx_nnz=62001
FILTERDDP_TIMING iteration=8 barrier_iteration=1 stage=1 derivative_s=0.003158800 first_order_s=0.001616800 second_order_s=0.001277700 algebra_s=0.013373600 kkt_assembly_s=0.000542200 factor_s=0.020140500 solve_s=0.011949100 update_s=0.001751000 K_nnz=96025 rhs_cols=1 Vxx_nnz=62001
FILTERDDP_FEASIBILITY iteration=8 barrier_iteration=1 equality_count=248064 equality_rms=2.284774030205e-04 equality_max=1.157945392585e-02 equality_worst_stage=6 equality_worst_index=9917 dynamics_count=5727 dynamics_rms=0.000000000000e+00 dynamics_max=0.000000000000e+00 dynamics_worst_stage=0 dynamics_worst_index=0 bound_count=170736 bound_rms=0.000000000000e+00 bound_max=0.000000000000e+00 bound_worst_stage=0 bound_worst_index=0 bound_worst_kind=none
     8   1.09553034e+04   1.1579e-02   2.0296e+00   5.8981e-01   -0.70      -     1.0000e+00   0
FILTERDDP_ITER_TIMING iteration=8 barrier_iteration=1 backward_s=1.610161400 forward_s=0.147968100 total_s=1.758129500 outcome=accepted step_size=1.000000000e+00 backtracks=0 mu=2.000000000e-01
FILTERDDP_TIMING iteration=9 barrier_iteration=1 stage=24 derivative_s=0.006765200 first_order_s=0.002544900 second_order_s=0.003856600 algebra_s=0.028184000 kkt_assembly_s=0.001750100 factor_s=0.031643700 solve_s=0.017046400 update_s=0.003763000 K_nnz=96025 rhs_cols=1 Vxx_nnz=62001
FILTERDDP_TIMING iteration=9 barrier_iteration=1 stage=23 derivative_s=0.006626800 first_order_s=0.002870000 second_order_s=0.003347000 algebra_s=0.017039900 kkt_assembly_s=0.000782700 factor_s=0.023079700 solve_s=0.031539100 update_s=0.001831800 K_nnz=96025 rhs_cols=1 Vxx_nnz=62001
FILTERDDP_TIMING iteration=9 barrier_iteration=1 stage=22 derivative_s=0.003642600 first_order_s=0.001709500 second_order_s=0.001635700 algebra_s=0.011589900 kkt_assembly_s=0.000604000 factor_s=0.020088800 solve_s=0.012134300 update_s=0.001924300 K_nnz=96025 rhs_cols=1 Vxx_nnz=62001
FILTERDDP_TIMING iteration=9 barrier_iteration=1 stage=21 derivative_s=0.003569200 first_order_s=0.001996500 second_order_s=0.001306500 algebra_s=0.011619000 kkt_assembly_s=0.000585400 factor_s=0.020050300 solve_s=0.011817300 update_s=0.001803800 K_nnz=96025 rhs_cols=1 Vxx_nnz=62001
FILTERDDP_TIMING iteration=9 barrier_iteration=1 stage=20 derivative_s=0.003130900 first_order_s=0.001682700 second_order_s=0.001175600 algebra_s=0.012248000 kkt_assembly_s=0.000533500 factor_s=0.020397000 solve_s=0.012193500 update_s=0.001590900 K_nnz=96025 rhs_cols=1 Vxx_nnz=62001
FILTERDDP_TIMING iteration=9 barrier_iteration=1 stage=19 derivative_s=0.003068800 first_order_s=0.001600400 second_order_s=0.001141000 algebra_s=0.011819300 kkt_assembly_s=0.000524800 factor_s=0.020079000 solve_s=0.011731000 update_s=0.001899600 K_nnz=96025 rhs_cols=1 Vxx_nnz=62001
FILTERDDP_TIMING iteration=9 barrier_iteration=1 stage=18 derivative_s=0.003007000 first_order_s=0.001607400 second_order_s=0.001136200 algebra_s=0.029214600 kkt_assembly_s=0.000713200 factor_s=0.021245400 solve_s=0.012293500 update_s=0.001739000 K_nnz=96025 rhs_cols=1 Vxx_nnz=62001
FILTERDDP_TIMING iteration=9 barrier_iteration=1 stage=17 derivative_s=0.003277000 first_order_s=0.001655700 second_order_s=0.001356700 algebra_s=0.011822200 kkt_assembly_s=0.000612100 factor_s=0.020467900 solve_s=0.012360700 update_s=0.001746200 K_nnz=96025 rhs_cols=1 Vxx_nnz=62001
FILTERDDP_TIMING iteration=9 barrier_iteration=1 stage=16 derivative_s=0.003271600 first_order_s=0.001781100 second_order_s=0.001228800 algebra_s=0.011777600 kkt_assembly_s=0.000580300 factor_s=0.020476300 solve_s=0.012357600 update_s=0.001659800 K_nnz=96025 rhs_cols=1 Vxx_nnz=62001
FILTERDDP_TIMING iteration=9 barrier_iteration=1 stage=15 derivative_s=0.003019800 first_order_s=0.001611200 second_order_s=0.001147500 algebra_s=0.012239800 kkt_assembly_s=0.000538200 factor_s=0.020651100 solve_s=0.012053000 update_s=0.048317900 K_nnz=96025 rhs_cols=1 Vxx_nnz=62001
FILTERDDP_TIMING iteration=9 barrier_iteration=1 stage=14 derivative_s=0.003386700 first_order_s=0.001762600 second_order_s=0.001360700 algebra_s=0.013948400 kkt_assembly_s=0.001002300 factor_s=0.036092000 solve_s=0.011952600 update_s=0.001621000 K_nnz=96025 rhs_cols=1 Vxx_nnz=62001
FILTERDDP_TIMING iteration=9 barrier_iteration=1 stage=13 derivative_s=0.003142000 first_order_s=0.001590300 second_order_s=0.001290000 algebra_s=0.016611200 kkt_assembly_s=0.000922200 factor_s=0.036944900 solve_s=0.012311500 update_s=0.001800500 K_nnz=96025 rhs_cols=1 Vxx_nnz=62001
FILTERDDP_TIMING iteration=9 barrier_iteration=1 stage=12 derivative_s=0.003114900 first_order_s=0.001571100 second_order_s=0.001282500 algebra_s=0.012993500 kkt_assembly_s=0.000577600 factor_s=0.020320900 solve_s=0.012174200 update_s=0.001660600 K_nnz=96025 rhs_cols=1 Vxx_nnz=62001
FILTERDDP_TIMING iteration=9 barrier_iteration=1 stage=11 derivative_s=0.003038600 first_order_s=0.001553200 second_order_s=0.001206400 algebra_s=0.131217600 kkt_assembly_s=0.000565500 factor_s=0.020436500 solve_s=0.011900600 update_s=0.001850300 K_nnz=96025 rhs_cols=1 Vxx_nnz=62001
FILTERDDP_TIMING iteration=9 barrier_iteration=1 stage=10 derivative_s=0.003668400 first_order_s=0.002075500 second_order_s=0.001251700 algebra_s=0.011588300 kkt_assembly_s=0.000528900 factor_s=0.019754600 solve_s=0.012018000 update_s=0.001570900 K_nnz=96025 rhs_cols=1 Vxx_nnz=62001
FILTERDDP_TIMING iteration=9 barrier_iteration=1 stage=9 derivative_s=0.003150300 first_order_s=0.001594300 second_order_s=0.001276900 algebra_s=0.011720600 kkt_assembly_s=0.000524900 factor_s=0.019680800 solve_s=0.012131300 update_s=0.001869600 K_nnz=96025 rhs_cols=1 Vxx_nnz=62001
FILTERDDP_TIMING iteration=9 barrier_iteration=1 stage=8 derivative_s=0.003385700 first_order_s=0.001846600 second_order_s=0.001277200 algebra_s=0.013092000 kkt_assembly_s=0.000552400 factor_s=0.020077600 solve_s=0.011837900 update_s=0.001684500 K_nnz=96025 rhs_cols=1 Vxx_nnz=62001
FILTERDDP_TIMING iteration=9 barrier_iteration=1 stage=7 derivative_s=0.002967500 first_order_s=0.001538400 second_order_s=0.001167000 algebra_s=0.012200600 kkt_assembly_s=0.000584600 factor_s=0.021231400 solve_s=0.012937700 update_s=0.002469100 K_nnz=96025 rhs_cols=1 Vxx_nnz=62001
FILTERDDP_TIMING iteration=9 barrier_iteration=1 stage=6 derivative_s=0.005510400 first_order_s=0.002466800 second_order_s=0.002765200 algebra_s=0.013729400 kkt_assembly_s=0.000718700 factor_s=0.021377000 solve_s=0.013349000 update_s=0.002760100 K_nnz=96025 rhs_cols=1 Vxx_nnz=62001
FILTERDDP_TIMING iteration=9 barrier_iteration=1 stage=5 derivative_s=0.005966400 first_order_s=0.002732300 second_order_s=0.002929100 algebra_s=0.012422800 kkt_assembly_s=0.000777700 factor_s=0.038838300 solve_s=0.011885200 update_s=0.001820300 K_nnz=96025 rhs_cols=1 Vxx_nnz=62001
FILTERDDP_TIMING iteration=9 barrier_iteration=1 stage=4 derivative_s=0.003233700 first_order_s=0.001657400 second_order_s=0.001313200 algebra_s=0.012049000 kkt_assembly_s=0.000573000 factor_s=0.019739800 solve_s=0.011635000 update_s=0.001638900 K_nnz=96025 rhs_cols=1 Vxx_nnz=62001
FILTERDDP_TIMING iteration=9 barrier_iteration=1 stage=3 derivative_s=0.003037900 first_order_s=0.001607200 second_order_s=0.001169500 algebra_s=0.015067100 kkt_assembly_s=0.000563200 factor_s=0.020331000 solve_s=0.012727500 update_s=0.001606000 K_nnz=96025 rhs_cols=1 Vxx_nnz=62001
FILTERDDP_TIMING iteration=9 barrier_iteration=1 stage=2 derivative_s=0.003125600 first_order_s=0.001593800 second_order_s=0.001269400 algebra_s=0.011917900 kkt_assembly_s=0.000537400 factor_s=0.021093400 solve_s=0.011978800 update_s=0.001612400 K_nnz=96025 rhs_cols=1 Vxx_nnz=62001
FILTERDDP_TIMING iteration=9 barrier_iteration=1 stage=1 derivative_s=0.003044200 first_order_s=0.001614100 second_order_s=0.001166100 algebra_s=0.012072400 kkt_assembly_s=0.000542600 factor_s=0.021262400 solve_s=0.029150000 update_s=0.001340500 K_nnz=96025 rhs_cols=1 Vxx_nnz=62001
FILTERDDP_FEASIBILITY iteration=9 barrier_iteration=1 equality_count=248064 equality_rms=3.788423040459e-04 equality_max=4.501898862945e-02 equality_worst_stage=24 equality_worst_index=9917 dynamics_count=5727 dynamics_rms=0.000000000000e+00 dynamics_max=0.000000000000e+00 dynamics_worst_stage=0 dynamics_worst_index=0 bound_count=170736 bound_rms=0.000000000000e+00 bound_max=0.000000000000e+00 bound_worst_stage=0 bound_worst_index=0 bound_worst_kind=none
FILTERDDP_ITER_TIMING iteration=9 barrier_iteration=1 backward_s=1.547066100 forward_s=0.000000000 total_s=1.547066100 outcome=barrier_update step_size=1.000000000e+00 backtracks=0 mu=2.000000000e-01
FILTERDDP_TIMING iteration=9 barrier_iteration=2 stage=24 derivative_s=0.003524400 first_order_s=0.001651000 second_order_s=0.001616600 algebra_s=0.012043100 kkt_assembly_s=0.000590000 factor_s=0.020925900 solve_s=0.012902000 update_s=0.001624600 K_nnz=96025 rhs_cols=1 Vxx_nnz=62001
FILTERDDP_TIMING iteration=9 barrier_iteration=2 stage=23 derivative_s=0.003579000 first_order_s=0.001988300 second_order_s=0.001325600 algebra_s=0.015067900 kkt_assembly_s=0.000571000 factor_s=0.020881700 solve_s=0.011909500 update_s=0.001715500 K_nnz=96025 rhs_cols=1 Vxx_nnz=62001
FILTERDDP_TIMING iteration=9 barrier_iteration=2 stage=22 derivative_s=0.003115300 first_order_s=0.001608700 second_order_s=0.001243200 algebra_s=0.011747200 kkt_assembly_s=0.000531100 factor_s=0.020902100 solve_s=0.012349200 update_s=0.001717200 K_nnz=96025 rhs_cols=1 Vxx_nnz=62001
FILTERDDP_TIMING iteration=9 barrier_iteration=2 stage=21 derivative_s=0.003129200 first_order_s=0.001576700 second_order_s=0.001275400 algebra_s=0.011702300 kkt_assembly_s=0.000520600 factor_s=0.066777800 solve_s=0.012345000 update_s=0.001940000 K_nnz=96025 rhs_cols=1 Vxx_nnz=62001
FILTERDDP_TIMING iteration=9 barrier_iteration=2 stage=20 derivative_s=0.003481000 first_order_s=0.001712000 second_order_s=0.001448300 algebra_s=0.013018300 kkt_assembly_s=0.000562200 factor_s=0.020730200 solve_s=0.013843800 update_s=0.001962300 K_nnz=96025 rhs_cols=1 Vxx_nnz=62001
FILTERDDP_TIMING iteration=9 barrier_iteration=2 stage=19 derivative_s=0.004982400 first_order_s=0.002962700 second_order_s=0.001643900 algebra_s=0.013544300 kkt_assembly_s=0.000601500 factor_s=0.021698000 solve_s=0.012434500 update_s=0.001941200 K_nnz=96025 rhs_cols=1 Vxx_nnz=62001
FILTERDDP_TIMING iteration=9 barrier_iteration=2 stage=18 derivative_s=0.003094800 first_order_s=0.001572200 second_order_s=0.001239800 algebra_s=0.012463900 kkt_assembly_s=0.000536600 factor_s=0.022316700 solve_s=0.012130300 update_s=0.118141400 K_nnz=96025 rhs_cols=1 Vxx_nnz=62001
FILTERDDP_TIMING iteration=9 barrier_iteration=2 stage=17 derivative_s=0.001765300 first_order_s=0.000901400 second_order_s=0.000719800 algebra_s=0.012656100 kkt_assembly_s=0.000884000 factor_s=0.020525100 solve_s=0.012642200 update_s=0.001784300 K_nnz=96025 rhs_cols=1 Vxx_nnz=62001
FILTERDDP_TIMING iteration=9 barrier_iteration=2 stage=16 derivative_s=0.003107500 first_order_s=0.001661500 second_order_s=0.001185500 algebra_s=0.016080900 kkt_assembly_s=0.000964600 factor_s=0.031746500 solve_s=0.011597400 update_s=0.001810000 K_nnz=96025 rhs_cols=1 Vxx_nnz=62001
FILTERDDP_TIMING iteration=9 barrier_iteration=2 stage=15 derivative_s=0.003164700 first_order_s=0.001654700 second_order_s=0.001245600 algebra_s=0.011960500 kkt_assembly_s=0.000580500 factor_s=0.019869300 solve_s=0.011622800 update_s=0.001626700 K_nnz=96025 rhs_cols=1 Vxx_nnz=62001
FILTERDDP_TIMING iteration=9 barrier_iteration=2 stage=14 derivative_s=0.003111000 first_order_s=0.001612400 second_order_s=0.001233200 algebra_s=0.011690900 kkt_assembly_s=0.000613700 factor_s=0.020432800 solve_s=0.012523200 update_s=0.001607600 K_nnz=96025 rhs_cols=1 Vxx_nnz=62001
FILTERDDP_TIMING iteration=9 barrier_iteration=2 stage=13 derivative_s=0.003396800 first_order_s=0.001934800 second_order_s=0.001199600 algebra_s=0.011539500 kkt_assembly_s=0.000527900 factor_s=0.020387200 solve_s=0.013335900 update_s=0.002034900 K_nnz=96025 rhs_cols=1 Vxx_nnz=62001
FILTERDDP_TIMING iteration=9 barrier_iteration=2 stage=12 derivative_s=0.005234900 first_order_s=0.002266500 second_order_s=0.002694100 algebra_s=0.013870700 kkt_assembly_s=0.000781700 factor_s=0.021653200 solve_s=0.013830000 update_s=0.003218200 K_nnz=96025 rhs_cols=1 Vxx_nnz=62001
FILTERDDP_TIMING iteration=9 barrier_iteration=2 stage=11 derivative_s=0.005635500 first_order_s=0.002683200 second_order_s=0.002673300 algebra_s=0.039637500 kkt_assembly_s=0.000871900 factor_s=0.021649800 solve_s=0.013342500 update_s=0.001919500 K_nnz=96025 rhs_cols=1 Vxx_nnz=62001
FILTERDDP_TIMING iteration=9 barrier_iteration=2 stage=10 derivative_s=0.003317100 first_order_s=0.001631500 second_order_s=0.001376000 algebra_s=0.020736800 kkt_assembly_s=0.001300100 factor_s=0.036225100 solve_s=0.012815400 update_s=0.001749400 K_nnz=96025 rhs_cols=1 Vxx_nnz=62001
FILTERDDP_TIMING iteration=9 barrier_iteration=2 stage=9 derivative_s=0.003123100 first_order_s=0.001699300 second_order_s=0.001159100 algebra_s=0.011887800 kkt_assembly_s=0.000599700 factor_s=0.021043800 solve_s=0.012936400 update_s=0.001565100 K_nnz=96025 rhs_cols=1 Vxx_nnz=62001
FILTERDDP_TIMING iteration=9 barrier_iteration=2 stage=8 derivative_s=0.003167600 first_order_s=0.001732800 second_order_s=0.001168900 algebra_s=0.011997600 kkt_assembly_s=0.000625400 factor_s=0.020282700 solve_s=0.011963200 update_s=0.001582400 K_nnz=96025 rhs_cols=1 Vxx_nnz=62001
FILTERDDP_TIMING iteration=9 barrier_iteration=2 stage=7 derivative_s=0.003126500 first_order_s=0.001702900 second_order_s=0.001156600 algebra_s=0.012035500 kkt_assembly_s=0.000528200 factor_s=0.020651300 solve_s=0.033470600 update_s=0.001178000 K_nnz=96025 rhs_cols=1 Vxx_nnz=62001
FILTERDDP_TIMING iteration=9 barrier_iteration=2 stage=6 derivative_s=0.003217900 first_order_s=0.001684700 second_order_s=0.001272900 algebra_s=0.011813600 kkt_assembly_s=0.000533800 factor_s=0.019818700 solve_s=0.012391000 update_s=0.001639000 K_nnz=96025 rhs_cols=1 Vxx_nnz=62001
FILTERDDP_TIMING iteration=9 barrier_iteration=2 stage=5 derivative_s=0.003010800 first_order_s=0.001580800 second_order_s=0.001169400 algebra_s=0.011797800 kkt_assembly_s=0.000533400 factor_s=0.020717600 solve_s=0.012398500 update_s=0.001743500 K_nnz=96025 rhs_cols=1 Vxx_nnz=62001
FILTERDDP_TIMING iteration=9 barrier_iteration=2 stage=4 derivative_s=0.003149700 first_order_s=0.001704500 second_order_s=0.001184800 algebra_s=0.011931000 kkt_assembly_s=0.000536800 factor_s=0.020551200 solve_s=0.012616400 update_s=0.001563200 K_nnz=96025 rhs_cols=1 Vxx_nnz=62001
FILTERDDP_TIMING iteration=9 barrier_iteration=2 stage=3 derivative_s=0.003050300 first_order_s=0.001588700 second_order_s=0.001200900 algebra_s=0.011783300 kkt_assembly_s=0.000596400 factor_s=0.020211100 solve_s=0.058189200 update_s=0.001947000 K_nnz=96025 rhs_cols=1 Vxx_nnz=62001
FILTERDDP_TIMING iteration=9 barrier_iteration=2 stage=2 derivative_s=0.003512600 first_order_s=0.001903900 second_order_s=0.001345400 algebra_s=0.011568100 kkt_assembly_s=0.000571400 factor_s=0.020354900 solve_s=0.012397800 update_s=0.001811800 K_nnz=96025 rhs_cols=1 Vxx_nnz=62001
FILTERDDP_TIMING iteration=9 barrier_iteration=2 stage=1 derivative_s=0.003272700 first_order_s=0.001732700 second_order_s=0.001276500 algebra_s=0.011915300 kkt_assembly_s=0.000535700 factor_s=0.022409700 solve_s=0.012718900 update_s=0.001634800 K_nnz=96025 rhs_cols=1 Vxx_nnz=62001
FILTERDDP_FEASIBILITY iteration=9 barrier_iteration=2 equality_count=248064 equality_rms=3.788423040459e-04 equality_max=4.501898862945e-02 equality_worst_stage=24 equality_worst_index=9917 dynamics_count=5727 dynamics_rms=0.000000000000e+00 dynamics_max=0.000000000000e+00 dynamics_worst_stage=0 dynamics_worst_index=0 bound_count=170736 bound_rms=0.000000000000e+00 bound_max=0.000000000000e+00 bound_worst_stage=0 bound_worst_index=0 bound_worst_kind=none
     9   1.09727537e+04   4.5019e-02   4.6106e-01   2.5176e-01   -1.40      -     1.0000e+00   0
FILTERDDP_ITER_TIMING iteration=9 barrier_iteration=2 backward_s=1.536348400 forward_s=0.241781400 total_s=1.778129800 outcome=accepted step_size=5.107630323e-01 backtracks=0 mu=4.000000000e-02
FILTERDDP_TIMING iteration=10 barrier_iteration=2 stage=24 derivative_s=0.001415800 first_order_s=0.000634100 second_order_s=0.000680800 algebra_s=0.007132000 kkt_assembly_s=0.000619700 factor_s=0.020254400 solve_s=0.012055600 update_s=0.001622500 K_nnz=96025 rhs_cols=1 Vxx_nnz=62001
FILTERDDP_TIMING iteration=10 barrier_iteration=2 stage=23 derivative_s=0.001970500 first_order_s=0.001024700 second_order_s=0.000776900 algebra_s=0.013839300 kkt_assembly_s=0.000573900 factor_s=0.019870900 solve_s=0.011939800 update_s=0.001720100 K_nnz=96025 rhs_cols=1 Vxx_nnz=62001
FILTERDDP_TIMING iteration=10 barrier_iteration=2 stage=22 derivative_s=0.003094600 first_order_s=0.001591700 second_order_s=0.001239600 algebra_s=0.020767600 kkt_assembly_s=0.000613200 factor_s=0.022180500 solve_s=0.013347000 update_s=0.001653100 K_nnz=96025 rhs_cols=1 Vxx_nnz=62001
FILTERDDP_TIMING iteration=10 barrier_iteration=2 stage=21 derivative_s=0.003189000 first_order_s=0.001670600 second_order_s=0.001253700 algebra_s=0.012649500 kkt_assembly_s=0.000562800 factor_s=0.021060000 solve_s=0.012601600 update_s=0.001576700 K_nnz=96025 rhs_cols=1 Vxx_nnz=62001
FILTERDDP_TIMING iteration=10 barrier_iteration=2 stage=20 derivative_s=0.001252100 first_order_s=0.000670500 second_order_s=0.000461800 algebra_s=0.010345500 kkt_assembly_s=0.000555200 factor_s=0.022363400 solve_s=0.013201100 update_s=0.002712300 K_nnz=96025 rhs_cols=1 Vxx_nnz=62001
FILTERDDP_TIMING iteration=10 barrier_iteration=2 stage=19 derivative_s=0.002640500 first_order_s=0.001220400 second_order_s=0.001313400 algebra_s=0.016583800 kkt_assembly_s=0.000971600 factor_s=0.023158000 solve_s=0.031447800 update_s=0.001562000 K_nnz=96025 rhs_cols=1 Vxx_nnz=62001
FILTERDDP_TIMING iteration=10 barrier_iteration=2 stage=18 derivative_s=0.002847300 first_order_s=0.001459200 second_order_s=0.001151000 algebra_s=0.011406100 kkt_assembly_s=0.000585000 factor_s=0.020873000 solve_s=0.012989200 update_s=0.001747600 K_nnz=96025 rhs_cols=1 Vxx_nnz=62001
FILTERDDP_TIMING iteration=10 barrier_iteration=2 stage=17 derivative_s=0.002933400 first_order_s=0.001476100 second_order_s=0.001209100 algebra_s=0.022498600 kkt_assembly_s=0.001192700 factor_s=0.021649500 solve_s=0.012962300 update_s=0.001694600 K_nnz=96025 rhs_cols=1 Vxx_nnz=62001
FILTERDDP_TIMING iteration=10 barrier_iteration=2 stage=16 derivative_s=0.003142100 first_order_s=0.001645000 second_order_s=0.001233300 algebra_s=0.018967900 kkt_assembly_s=0.001301900 factor_s=0.024257900 solve_s=0.013226000 update_s=0.001787300 K_nnz=96025 rhs_cols=1 Vxx_nnz=62001
FILTERDDP_TIMING iteration=10 barrier_iteration=2 stage=15 derivative_s=0.003164000 first_order_s=0.001618900 second_order_s=0.001275400 algebra_s=0.016357000 kkt_assembly_s=0.000587800 factor_s=0.027363700 solve_s=0.011499100 update_s=0.001038700 K_nnz=96025 rhs_cols=1 Vxx_nnz=62001
FILTERDDP_TIMING iteration=10 barrier_iteration=2 stage=14 derivative_s=0.001850900 first_order_s=0.000963300 second_order_s=0.000729500 algebra_s=0.022812100 kkt_assembly_s=0.000681200 factor_s=0.031513700 solve_s=0.013555900 update_s=0.001408200 K_nnz=96025 rhs_cols=1 Vxx_nnz=62001
FILTERDDP_TIMING iteration=10 barrier_iteration=2 stage=13 derivative_s=0.002345000 first_order_s=0.001175900 second_order_s=0.000849100 algebra_s=0.017076900 kkt_assembly_s=0.001326500 factor_s=0.029303700 solve_s=0.014720900 update_s=0.001611200 K_nnz=96025 rhs_cols=1 Vxx_nnz=62001
FILTERDDP_TIMING iteration=10 barrier_iteration=2 stage=12 derivative_s=0.004062000 first_order_s=0.002014400 second_order_s=0.001713900 algebra_s=0.012915800 kkt_assembly_s=0.000767600 factor_s=0.021911100 solve_s=0.013764600 update_s=0.001862300 K_nnz=96025 rhs_cols=1 Vxx_nnz=62001
FILTERDDP_TIMING iteration=10 barrier_iteration=2 stage=11 derivative_s=0.003064100 first_order_s=0.001616800 second_order_s=0.001181200 algebra_s=0.019744300 kkt_assembly_s=0.001015600 factor_s=0.035082700 solve_s=0.061677000 update_s=0.002179700 K_nnz=96025 rhs_cols=1 Vxx_nnz=62001
FILTERDDP_TIMING iteration=10 barrier_iteration=2 stage=10 derivative_s=0.005287000 first_order_s=0.002921200 second_order_s=0.001934800 algebra_s=0.012027000 kkt_assembly_s=0.000712700 factor_s=0.039274900 solve_s=0.015894400 update_s=0.001395300 K_nnz=96025 rhs_cols=1 Vxx_nnz=62001
FILTERDDP_TIMING iteration=10 barrier_iteration=2 stage=9 derivative_s=0.001825900 first_order_s=0.000946500 second_order_s=0.000726500 algebra_s=0.007453800 kkt_assembly_s=0.000603100 factor_s=0.035640800 solve_s=0.012886700 update_s=0.001183400 K_nnz=96025 rhs_cols=1 Vxx_nnz=62001
FILTERDDP_TIMING iteration=10 barrier_iteration=2 stage=8 derivative_s=0.002606300 first_order_s=0.001399800 second_order_s=0.000982200 algebra_s=0.009895600 kkt_assembly_s=0.000740300 factor_s=0.022201700 solve_s=0.012413800 update_s=0.001742800 K_nnz=96025 rhs_cols=1 Vxx_nnz=62001
FILTERDDP_TIMING iteration=10 barrier_iteration=2 stage=7 derivative_s=0.111564400 first_order_s=0.000982400 second_order_s=0.110457400 algebra_s=0.010540200 kkt_assembly_s=0.000636600 factor_s=0.021643400 solve_s=0.013806200 update_s=0.001438200 K_nnz=96025 rhs_cols=1 Vxx_nnz=62001
FILTERDDP_TIMING iteration=10 barrier_iteration=2 stage=6 derivative_s=0.001627900 first_order_s=0.000922800 second_order_s=0.000595900 algebra_s=0.010839800 kkt_assembly_s=0.000727800 factor_s=0.022537700 solve_s=0.013385300 update_s=0.001771300 K_nnz=96025 rhs_cols=1 Vxx_nnz=62001
FILTERDDP_TIMING iteration=10 barrier_iteration=2 stage=5 derivative_s=0.002295400 first_order_s=0.001189700 second_order_s=0.000921000 algebra_s=0.008071300 kkt_assembly_s=0.000591900 factor_s=0.022181000 solve_s=0.012486400 update_s=0.001072900 K_nnz=96025 rhs_cols=1 Vxx_nnz=62001
FILTERDDP_TIMING iteration=10 barrier_iteration=2 stage=4 derivative_s=0.001196200 first_order_s=0.000630200 second_order_s=0.000459000 algebra_s=0.006793300 kkt_assembly_s=0.000634200 factor_s=0.022526500 solve_s=0.013128000 update_s=0.001624600 K_nnz=96025 rhs_cols=1 Vxx_nnz=62001
FILTERDDP_TIMING iteration=10 barrier_iteration=2 stage=3 derivative_s=0.003581700 first_order_s=0.001947500 second_order_s=0.001307900 algebra_s=0.014710200 kkt_assembly_s=0.000575100 factor_s=0.027169000 solve_s=0.014136100 update_s=0.001730700 K_nnz=96025 rhs_cols=1 Vxx_nnz=62001
FILTERDDP_TIMING iteration=10 barrier_iteration=2 stage=2 derivative_s=0.004548200 first_order_s=0.002225400 second_order_s=0.001960500 algebra_s=0.029117600 kkt_assembly_s=0.000988900 factor_s=0.028835400 solve_s=0.017120900 update_s=0.003061300 K_nnz=96025 rhs_cols=1 Vxx_nnz=62001
FILTERDDP_TIMING iteration=10 barrier_iteration=2 stage=1 derivative_s=0.006670500 first_order_s=0.003421600 second_order_s=0.002944500 algebra_s=0.033032600 kkt_assembly_s=0.000721400 factor_s=0.026451300 solve_s=0.013717700 update_s=0.001263400 K_nnz=96025 rhs_cols=1 Vxx_nnz=62001
FILTERDDP_FEASIBILITY iteration=10 barrier_iteration=2 equality_count=248064 equality_rms=2.438845054016e-04 equality_max=2.619941548220e-02 equality_worst_stage=24 equality_worst_index=9917 dynamics_count=5727 dynamics_rms=1.015997597165e-18 dynamics_max=3.469446951954e-18 dynamics_worst_stage=22 dynamics_worst_index=249 bound_count=170736 bound_rms=0.000000000000e+00 bound_max=0.000000000000e+00 bound_worst_stage=0 bound_worst_index=0 bound_worst_kind=none
  iter     objective        pr_inf       du_inf       cs_inf     lg(μ)   lg(reg)    alpha     ls
    10   1.08457471e+04   2.6199e-02   3.9025e+00   1.2721e-01   -1.40      -     5.1076e-01   0
FILTERDDP_ITER_TIMING iteration=10 barrier_iteration=2 backward_s=1.602500500 forward_s=0.146436000 total_s=1.748936500 outcome=accepted step_size=4.389216805e-01 backtracks=0 mu=4.000000000e-02
FILTERDDP_TIMING iteration=11 barrier_iteration=2 stage=24 derivative_s=0.003684800 first_order_s=0.001693600 second_order_s=0.001710000 algebra_s=0.012524500 kkt_assembly_s=0.000780700 factor_s=0.046700200 solve_s=0.013223200 update_s=0.001588400 K_nnz=96025 rhs_cols=1 Vxx_nnz=62001
FILTERDDP_TIMING iteration=11 barrier_iteration=2 stage=23 derivative_s=0.001231000 first_order_s=0.000635800 second_order_s=0.000486100 algebra_s=0.014782100 kkt_assembly_s=0.000980000 factor_s=0.038745600 solve_s=0.016994400 update_s=0.001149000 K_nnz=96025 rhs_cols=1 Vxx_nnz=62001
FILTERDDP_TIMING iteration=11 barrier_iteration=2 stage=22 derivative_s=0.002233200 first_order_s=0.001435600 second_order_s=0.000648900 algebra_s=0.012001800 kkt_assembly_s=0.015791300 factor_s=0.021498200 solve_s=0.013304100 update_s=0.001618500 K_nnz=96025 rhs_cols=1 Vxx_nnz=62001
FILTERDDP_TIMING iteration=11 barrier_iteration=2 stage=21 derivative_s=0.003091600 first_order_s=0.001864000 second_order_s=0.000970000 algebra_s=0.009279500 kkt_assembly_s=0.000578000 factor_s=0.026084300 solve_s=0.012844100 update_s=0.001590400 K_nnz=96025 rhs_cols=1 Vxx_nnz=62001
FILTERDDP_TIMING iteration=11 barrier_iteration=2 stage=20 derivative_s=0.003191600 first_order_s=0.001627700 second_order_s=0.001298600 algebra_s=0.014259000 kkt_assembly_s=0.001333600 factor_s=0.038513300 solve_s=0.013237900 update_s=0.001475900 K_nnz=96025 rhs_cols=1 Vxx_nnz=62001
FILTERDDP_TIMING iteration=11 barrier_iteration=2 stage=19 derivative_s=0.002794800 first_order_s=0.001444200 second_order_s=0.001088600 algebra_s=0.013980100 kkt_assembly_s=0.000587600 factor_s=0.020549700 solve_s=0.060960100 update_s=0.001448100 K_nnz=96025 rhs_cols=1 Vxx_nnz=62001
FILTERDDP_TIMING iteration=11 barrier_iteration=2 stage=18 derivative_s=0.003166500 first_order_s=0.001563900 second_order_s=0.001211800 algebra_s=0.021293700 kkt_assembly_s=0.001454400 factor_s=0.028201700 solve_s=0.013087600 update_s=0.001218700 K_nnz=96025 rhs_cols=1 Vxx_nnz=62001
FILTERDDP_TIMING iteration=11 barrier_iteration=2 stage=17 derivative_s=0.002069600 first_order_s=0.001065500 second_order_s=0.000807000 algebra_s=0.008787100 kkt_assembly_s=0.000841100 factor_s=0.027082800 solve_s=0.012161500 update_s=0.000878900 K_nnz=96025 rhs_cols=1 Vxx_nnz=62001
FILTERDDP_TIMING iteration=11 barrier_iteration=2 stage=16 derivative_s=0.001921500 first_order_s=0.001152600 second_order_s=0.000630000 algebra_s=0.007910100 kkt_assembly_s=0.000576000 factor_s=0.021992900 solve_s=0.013183600 update_s=0.002004900 K_nnz=96025 rhs_cols=1 Vxx_nnz=62001
FILTERDDP_TIMING iteration=11 barrier_iteration=2 stage=15 derivative_s=0.109126700 first_order_s=0.001797200 second_order_s=0.107147800 algebra_s=0.010617600 kkt_assembly_s=0.000887600 factor_s=0.022396700 solve_s=0.012348800 update_s=0.000943100 K_nnz=96025 rhs_cols=1 Vxx_nnz=62001
FILTERDDP_TIMING iteration=11 barrier_iteration=2 stage=14 derivative_s=0.001776000 first_order_s=0.000956900 second_order_s=0.000614200 algebra_s=0.008388800 kkt_assembly_s=0.000721000 factor_s=0.021238500 solve_s=0.013090200 update_s=0.001959700 K_nnz=96025 rhs_cols=1 Vxx_nnz=62001
FILTERDDP_TIMING iteration=11 barrier_iteration=2 stage=13 derivative_s=0.004482100 first_order_s=0.002670800 second_order_s=0.001536800 algebra_s=0.013611200 kkt_assembly_s=0.000556400 factor_s=0.021113400 solve_s=0.013677700 update_s=0.001960900 K_nnz=96025 rhs_cols=1 Vxx_nnz=62001
FILTERDDP_TIMING iteration=11 barrier_iteration=2 stage=12 derivative_s=0.003504800 first_order_s=0.001943500 second_order_s=0.001209600 algebra_s=0.013994400 kkt_assembly_s=0.000540500 factor_s=0.021832300 solve_s=0.012518400 update_s=0.001571100 K_nnz=96025 rhs_cols=1 Vxx_nnz=62001
FILTERDDP_TIMING iteration=11 barrier_iteration=2 stage=11 derivative_s=0.003315800 first_order_s=0.001764800 second_order_s=0.001286700 algebra_s=0.011672400 kkt_assembly_s=0.000575100 factor_s=0.021080900 solve_s=0.012650400 update_s=0.001598600 K_nnz=96025 rhs_cols=1 Vxx_nnz=62001
FILTERDDP_TIMING iteration=11 barrier_iteration=2 stage=10 derivative_s=0.003139000 first_order_s=0.001716600 second_order_s=0.001156700 algebra_s=0.015981800 kkt_assembly_s=0.000825400 factor_s=0.026382500 solve_s=0.014668900 update_s=0.002695800 K_nnz=96025 rhs_cols=1 Vxx_nnz=62001
FILTERDDP_TIMING iteration=11 barrier_iteration=2 stage=9 derivative_s=0.023655100 first_order_s=0.021648000 second_order_s=0.001888800 algebra_s=0.015832800 kkt_assembly_s=0.001111400 factor_s=0.026990100 solve_s=0.012858000 update_s=0.001814100 K_nnz=96025 rhs_cols=1 Vxx_nnz=62001
FILTERDDP_TIMING iteration=11 barrier_iteration=2 stage=8 derivative_s=0.003071400 first_order_s=0.001616300 second_order_s=0.001190200 algebra_s=0.017452000 kkt_assembly_s=0.001182300 factor_s=0.038150200 solve_s=0.013276900 update_s=0.001703700 K_nnz=96025 rhs_cols=1 Vxx_nnz=62001
FILTERDDP_TIMING iteration=11 barrier_iteration=2 stage=7 derivative_s=0.003131800 first_order_s=0.001619000 second_order_s=0.001247400 algebra_s=0.021855200 kkt_assembly_s=0.001402700 factor_s=0.032878600 solve_s=0.013484600 update_s=0.001636600 K_nnz=96025 rhs_cols=1 Vxx_nnz=62001
FILTERDDP_TIMING iteration=11 barrier_iteration=2 stage=6 derivative_s=0.003799800 first_order_s=0.001844700 second_order_s=0.001481900 algebra_s=0.014652300 kkt_assembly_s=0.000624400 factor_s=0.022022400 solve_s=0.013348200 update_s=0.001682500 K_nnz=96025 rhs_cols=1 Vxx_nnz=62001
FILTERDDP_TIMING iteration=11 barrier_iteration=2 stage=5 derivative_s=0.003024600 first_order_s=0.001608900 second_order_s=0.001135300 algebra_s=0.018224400 kkt_assembly_s=0.000558500 factor_s=0.038703300 solve_s=0.012583300 update_s=0.001888000 K_nnz=96025 rhs_cols=1 Vxx_nnz=62001
FILTERDDP_TIMING iteration=11 barrier_iteration=2 stage=4 derivative_s=0.003080000 first_order_s=0.001613700 second_order_s=0.001202100 algebra_s=0.019337100 kkt_assembly_s=0.001616300 factor_s=0.025918500 solve_s=0.012760700 update_s=0.001777100 K_nnz=96025 rhs_cols=1 Vxx_nnz=62001
FILTERDDP_TIMING iteration=11 barrier_iteration=2 stage=3 derivative_s=0.003022600 first_order_s=0.001595300 second_order_s=0.001162800 algebra_s=0.015093200 kkt_assembly_s=0.000853300 factor_s=0.029183400 solve_s=0.012895600 update_s=0.001721500 K_nnz=96025 rhs_cols=1 Vxx_nnz=62001
FILTERDDP_TIMING iteration=11 barrier_iteration=2 stage=2 derivative_s=0.003212300 first_order_s=0.001709500 second_order_s=0.001235000 algebra_s=0.014877100 kkt_assembly_s=0.000565800 factor_s=0.021948600 solve_s=0.012169200 update_s=0.001175000 K_nnz=96025 rhs_cols=1 Vxx_nnz=62001
FILTERDDP_TIMING iteration=11 barrier_iteration=2 stage=1 derivative_s=0.050677800 first_order_s=0.000797600 second_order_s=0.049732700 algebra_s=0.015336100 kkt_assembly_s=0.000588300 factor_s=0.020462900 solve_s=0.013019600 update_s=0.001710300 K_nnz=96025 rhs_cols=1 Vxx_nnz=62001
FILTERDDP_FEASIBILITY iteration=11 barrier_iteration=2 equality_count=248064 equality_rms=2.352806626332e-04 equality_max=2.091820717302e-02 equality_worst_stage=24 equality_worst_index=9917 dynamics_count=5727 dynamics_rms=1.070641991858e-18 dynamics_max=3.469446951954e-18 dynamics_worst_stage=23 dynamics_worst_index=249 bound_count=170736 bound_rms=0.000000000000e+00 bound_max=0.000000000000e+00 bound_worst_stage=0 bound_worst_index=0 bound_worst_kind=none
    11   1.06989783e+04   2.0918e-02   7.5566e+00   9.1618e-02   -1.40      -     4.3892e-01   0
FILTERDDP_ITER_TIMING iteration=11 barrier_iteration=2 backward_s=1.688399000 forward_s=0.134626200 total_s=1.823025200 outcome=accepted step_size=7.569035231e-01 backtracks=0 mu=4.000000000e-02
FILTERDDP_TIMING iteration=12 barrier_iteration=2 stage=24 derivative_s=0.003541100 first_order_s=0.001633200 second_order_s=0.001634300 algebra_s=0.014964600 kkt_assembly_s=0.000799200 factor_s=0.031133700 solve_s=0.012624700 update_s=0.107986900 K_nnz=96025 rhs_cols=1 Vxx_nnz=62001
FILTERDDP_TIMING iteration=12 barrier_iteration=2 stage=23 derivative_s=0.003365500 first_order_s=0.001741400 second_order_s=0.001369000 algebra_s=0.012065100 kkt_assembly_s=0.000562300 factor_s=0.020843800 solve_s=0.012700200 update_s=0.001817300 K_nnz=96025 rhs_cols=1 Vxx_nnz=62001
FILTERDDP_TIMING iteration=12 barrier_iteration=2 stage=22 derivative_s=0.003203900 first_order_s=0.001633700 second_order_s=0.001270900 algebra_s=0.013572000 kkt_assembly_s=0.000540400 factor_s=0.019864600 solve_s=0.012260600 update_s=0.001589000 K_nnz=96025 rhs_cols=1 Vxx_nnz=62001
FILTERDDP_TIMING iteration=12 barrier_iteration=2 stage=21 derivative_s=0.003169600 first_order_s=0.001614900 second_order_s=0.001295900 algebra_s=0.011495800 kkt_assembly_s=0.000542500 factor_s=0.019918900 solve_s=0.012041100 update_s=0.001666700 K_nnz=96025 rhs_cols=1 Vxx_nnz=62001
FILTERDDP_TIMING iteration=12 barrier_iteration=2 stage=20 derivative_s=0.003247000 first_order_s=0.001656000 second_order_s=0.001325100 algebra_s=0.012135200 kkt_assembly_s=0.000538500 factor_s=0.020470700 solve_s=0.011938100 update_s=0.001608500 K_nnz=96025 rhs_cols=1 Vxx_nnz=62001
FILTERDDP_TIMING iteration=12 barrier_iteration=2 stage=19 derivative_s=0.003405700 first_order_s=0.001843300 second_order_s=0.001298100 algebra_s=0.011545300 kkt_assembly_s=0.000524300 factor_s=0.020405400 solve_s=0.011629700 update_s=0.001716200 K_nnz=96025 rhs_cols=1 Vxx_nnz=62001
FILTERDDP_TIMING iteration=12 barrier_iteration=2 stage=18 derivative_s=0.003786000 first_order_s=0.001654700 second_order_s=0.001803900 algebra_s=0.013096600 kkt_assembly_s=0.000869900 factor_s=0.021021600 solve_s=0.013954300 update_s=0.025232800 K_nnz=96025 rhs_cols=1 Vxx_nnz=62001
FILTERDDP_TIMING iteration=12 barrier_iteration=2 stage=17 derivative_s=0.003518900 first_order_s=0.001794000 second_order_s=0.001465600 algebra_s=0.011593800 kkt_assembly_s=0.000624400 factor_s=0.020314500 solve_s=0.013145300 update_s=0.001748100 K_nnz=96025 rhs_cols=1 Vxx_nnz=62001
FILTERDDP_TIMING iteration=12 barrier_iteration=2 stage=16 derivative_s=0.003103800 first_order_s=0.001622500 second_order_s=0.001219700 algebra_s=0.012219900 kkt_assembly_s=0.000558100 factor_s=0.020370200 solve_s=0.012855300 update_s=0.001664000 K_nnz=96025 rhs_cols=1 Vxx_nnz=62001
FILTERDDP_TIMING iteration=12 barrier_iteration=2 stage=15 derivative_s=0.003776400 first_order_s=0.002032400 second_order_s=0.001416300 algebra_s=0.012882700 kkt_assembly_s=0.000530700 factor_s=0.020276000 solve_s=0.012098800 update_s=0.001760700 K_nnz=96025 rhs_cols=1 Vxx_nnz=62001
FILTERDDP_TIMING iteration=12 barrier_iteration=2 stage=14 derivative_s=0.003245500 first_order_s=0.001724900 second_order_s=0.001258800 algebra_s=0.013342400 kkt_assembly_s=0.000591900 factor_s=0.020192800 solve_s=0.011835500 update_s=0.001644800 K_nnz=96025 rhs_cols=1 Vxx_nnz=62001
FILTERDDP_TIMING iteration=12 barrier_iteration=2 stage=13 derivative_s=0.003095100 first_order_s=0.001609000 second_order_s=0.001225000 algebra_s=0.044904800 kkt_assembly_s=0.000800200 factor_s=0.022667100 solve_s=0.012826300 update_s=0.001727800 K_nnz=96025 rhs_cols=1 Vxx_nnz=62001
FILTERDDP_TIMING iteration=12 barrier_iteration=2 stage=12 derivative_s=0.003210100 first_order_s=0.001641800 second_order_s=0.001300400 algebra_s=0.019810000 kkt_assembly_s=0.001352500 factor_s=0.038294100 solve_s=0.013180100 update_s=0.001572000 K_nnz=96025 rhs_cols=1 Vxx_nnz=62001
FILTERDDP_TIMING iteration=12 barrier_iteration=2 stage=11 derivative_s=0.003469000 first_order_s=0.001900900 second_order_s=0.001300200 algebra_s=0.012193100 kkt_assembly_s=0.000612700 factor_s=0.021332800 solve_s=0.012460800 update_s=0.001460200 K_nnz=96025 rhs_cols=1 Vxx_nnz=62001
FILTERDDP_TIMING iteration=12 barrier_iteration=2 stage=10 derivative_s=0.003025900 first_order_s=0.001545500 second_order_s=0.001197900 algebra_s=0.012945700 kkt_assembly_s=0.000562400 factor_s=0.020293000 solve_s=0.011768400 update_s=0.001647400 K_nnz=96025 rhs_cols=1 Vxx_nnz=62001
FILTERDDP_TIMING iteration=12 barrier_iteration=2 stage=9 derivative_s=0.048142300 first_order_s=0.047258800 second_order_s=0.000775100 algebra_s=0.016060400 kkt_assembly_s=0.001167900 factor_s=0.028643600 solve_s=0.012329200 update_s=0.001693900 K_nnz=96025 rhs_cols=1 Vxx_nnz=62001
FILTERDDP_TIMING iteration=12 barrier_iteration=2 stage=8 derivative_s=0.003883200 first_order_s=0.002380800 second_order_s=0.001238900 algebra_s=0.019152400 kkt_assembly_s=0.001319700 factor_s=0.034871400 solve_s=0.012040800 update_s=0.001744300 K_nnz=96025 rhs_cols=1 Vxx_nnz=62001
FILTERDDP_TIMING iteration=12 barrier_iteration=2 stage=7 derivative_s=0.003061700 first_order_s=0.001596300 second_order_s=0.001201400 algebra_s=0.012413100 kkt_assembly_s=0.000553300 factor_s=0.020544900 solve_s=0.011899200 update_s=0.001617100 K_nnz=96025 rhs_cols=1 Vxx_nnz=62001
FILTERDDP_TIMING iteration=12 barrier_iteration=2 stage=6 derivative_s=0.003025600 first_order_s=0.001566100 second_order_s=0.001199900 algebra_s=0.121263700 kkt_assembly_s=0.000893300 factor_s=0.020851100 solve_s=0.012721100 update_s=0.001838300 K_nnz=96025 rhs_cols=1 Vxx_nnz=62001
FILTERDDP_TIMING iteration=12 barrier_iteration=2 stage=5 derivative_s=0.003525200 first_order_s=0.001855800 second_order_s=0.001395500 algebra_s=0.011775400 kkt_assembly_s=0.000607000 factor_s=0.020466000 solve_s=0.012194000 update_s=0.001663400 K_nnz=96025 rhs_cols=1 Vxx_nnz=62001
FILTERDDP_TIMING iteration=12 barrier_iteration=2 stage=4 derivative_s=0.003280100 first_order_s=0.001789500 second_order_s=0.001227100 algebra_s=0.011685700 kkt_assembly_s=0.000531400 factor_s=0.020158200 solve_s=0.011667700 update_s=0.001759300 K_nnz=96025 rhs_cols=1 Vxx_nnz=62001
FILTERDDP_TIMING iteration=12 barrier_iteration=2 stage=3 derivative_s=0.003323900 first_order_s=0.001705400 second_order_s=0.001354800 algebra_s=0.013309300 kkt_assembly_s=0.000566700 factor_s=0.019864400 solve_s=0.011906400 update_s=0.001659200 K_nnz=96025 rhs_cols=1 Vxx_nnz=62001
FILTERDDP_TIMING iteration=12 barrier_iteration=2 stage=2 derivative_s=0.003090500 first_order_s=0.001563600 second_order_s=0.001237600 algebra_s=0.014028600 kkt_assembly_s=0.000542800 factor_s=0.020704700 solve_s=0.012038400 update_s=0.001754500 K_nnz=96025 rhs_cols=1 Vxx_nnz=62001
FILTERDDP_TIMING iteration=12 barrier_iteration=2 stage=1 derivative_s=0.002972300 first_order_s=0.001560600 second_order_s=0.001137800 algebra_s=0.012862400 kkt_assembly_s=0.000716700 factor_s=0.021415000 solve_s=0.013494800 update_s=0.002772000 K_nnz=96025 rhs_cols=1 Vxx_nnz=62001
FILTERDDP_FEASIBILITY iteration=12 barrier_iteration=2 equality_count=248064 equality_rms=4.506439491865e-04 equality_max=2.534863943872e-02 equality_worst_stage=24 equality_worst_index=9917 dynamics_count=5727 dynamics_rms=1.048887902540e-18 dynamics_max=3.469446951954e-18 dynamics_worst_stage=23 dynamics_worst_index=14 bound_count=170736 bound_rms=0.000000000000e+00 bound_max=0.000000000000e+00 bound_worst_stage=0 bound_worst_index=0 bound_worst_kind=none
    12   1.04630870e+04   2.5349e-02   8.2871e+00   5.8100e-02   -1.40      -     7.5690e-01   0
FILTERDDP_ITER_TIMING iteration=12 barrier_iteration=2 backward_s=1.619756400 forward_s=0.159407600 total_s=1.779164000 outcome=accepted step_size=7.221192376e-01 backtracks=0 mu=4.000000000e-02
FILTERDDP_TIMING iteration=13 barrier_iteration=2 stage=24 derivative_s=0.004049600 first_order_s=0.002073500 second_order_s=0.001722700 algebra_s=0.012298400 kkt_assembly_s=0.000703400 factor_s=0.021836300 solve_s=0.012023000 update_s=0.001816200 K_nnz=96025 rhs_cols=1 Vxx_nnz=62001
FILTERDDP_TIMING iteration=13 barrier_iteration=2 stage=23 derivative_s=0.003575700 first_order_s=0.001731700 second_order_s=0.001565000 algebra_s=0.016723900 kkt_assembly_s=0.000588900 factor_s=0.020186400 solve_s=0.012402900 update_s=0.001792700 K_nnz=96025 rhs_cols=1 Vxx_nnz=62001
FILTERDDP_TIMING iteration=13 barrier_iteration=2 stage=22 derivative_s=0.003116500 first_order_s=0.001637600 second_order_s=0.001216100 algebra_s=0.011737600 kkt_assembly_s=0.000528200 factor_s=0.019498000 solve_s=0.011921900 update_s=0.001653200 K_nnz=96025 rhs_cols=1 Vxx_nnz=62001
FILTERDDP_TIMING iteration=13 barrier_iteration=2 stage=21 derivative_s=0.003098200 first_order_s=0.001599900 second_order_s=0.001233600 algebra_s=0.018353900 kkt_assembly_s=0.001278700 factor_s=0.054881200 solve_s=0.012114600 update_s=0.002025400 K_nnz=96025 rhs_cols=1 Vxx_nnz=62001
FILTERDDP_TIMING iteration=13 barrier_iteration=2 stage=20 derivative_s=0.003327200 first_order_s=0.001712200 second_order_s=0.001350300 algebra_s=0.020390300 kkt_assembly_s=0.001315000 factor_s=0.034035800 solve_s=0.012641900 update_s=0.001681500 K_nnz=96025 rhs_cols=1 Vxx_nnz=62001
FILTERDDP_TIMING iteration=13 barrier_iteration=2 stage=19 derivative_s=0.003236000 first_order_s=0.001606900 second_order_s=0.001367000 algebra_s=0.014825300 kkt_assembly_s=0.000543300 factor_s=0.020371600 solve_s=0.012292700 update_s=0.001614500 K_nnz=96025 rhs_cols=1 Vxx_nnz=62001
FILTERDDP_TIMING iteration=13 barrier_iteration=2 stage=18 derivative_s=0.003291500 first_order_s=0.001750000 second_order_s=0.001277100 algebra_s=0.012255300 kkt_assembly_s=0.000519400 factor_s=0.020720100 solve_s=0.011943800 update_s=0.001732500 K_nnz=96025 rhs_cols=1 Vxx_nnz=62001
FILTERDDP_TIMING iteration=13 barrier_iteration=2 stage=17 derivative_s=0.004051500 first_order_s=0.002172100 second_order_s=0.001431800 algebra_s=0.011074400 kkt_assembly_s=0.045474400 factor_s=0.020170200 solve_s=0.012297300 update_s=0.001836300 K_nnz=96025 rhs_cols=1 Vxx_nnz=62001
FILTERDDP_TIMING iteration=13 barrier_iteration=2 stage=16 derivative_s=0.003146200 first_order_s=0.001627000 second_order_s=0.001260000 algebra_s=0.015407500 kkt_assembly_s=0.000539800 factor_s=0.020240900 solve_s=0.011836600 update_s=0.001656200 K_nnz=96025 rhs_cols=1 Vxx_nnz=62001
FILTERDDP_TIMING iteration=13 barrier_iteration=2 stage=15 derivative_s=0.003410700 first_order_s=0.001981700 second_order_s=0.001165900 algebra_s=0.011612600 kkt_assembly_s=0.000532700 factor_s=0.020901500 solve_s=0.013168800 update_s=0.001666000 K_nnz=96025 rhs_cols=1 Vxx_nnz=62001
FILTERDDP_TIMING iteration=13 barrier_iteration=2 stage=14 derivative_s=0.003136300 first_order_s=0.001603500 second_order_s=0.001268600 algebra_s=0.011945900 kkt_assembly_s=0.000556100 factor_s=0.136339800 solve_s=0.012033900 update_s=0.001639200 K_nnz=96025 rhs_cols=1 Vxx_nnz=62001
FILTERDDP_TIMING iteration=13 barrier_iteration=2 stage=13 derivative_s=0.003179300 first_order_s=0.001658500 second_order_s=0.001260500 algebra_s=0.013035700 kkt_assembly_s=0.000645500 factor_s=0.021383300 solve_s=0.013534800 update_s=0.001921200 K_nnz=96025 rhs_cols=1 Vxx_nnz=62001
FILTERDDP_TIMING iteration=13 barrier_iteration=2 stage=12 derivative_s=0.003046100 first_order_s=0.001733400 second_order_s=0.001084000 algebra_s=0.012838800 kkt_assembly_s=0.000538800 factor_s=0.020878300 solve_s=0.012049800 update_s=0.001875600 K_nnz=96025 rhs_cols=1 Vxx_nnz=62001
FILTERDDP_TIMING iteration=13 barrier_iteration=2 stage=11 derivative_s=0.003173400 first_order_s=0.001629700 second_order_s=0.001280000 algebra_s=0.014394100 kkt_assembly_s=0.000571000 factor_s=0.020654900 solve_s=0.012364400 update_s=0.001695700 K_nnz=96025 rhs_cols=1 Vxx_nnz=62001
FILTERDDP_TIMING iteration=13 barrier_iteration=2 stage=10 derivative_s=0.003092900 first_order_s=0.001572500 second_order_s=0.001255300 algebra_s=0.012328000 kkt_assembly_s=0.000554900 factor_s=0.020119200 solve_s=0.012045400 update_s=0.001778500 K_nnz=96025 rhs_cols=1 Vxx_nnz=62001
FILTERDDP_TIMING iteration=13 barrier_iteration=2 stage=9 derivative_s=0.003737900 first_order_s=0.001771000 second_order_s=0.001469100 algebra_s=0.013202200 kkt_assembly_s=0.000605400 factor_s=0.021462600 solve_s=0.013365000 update_s=0.002155000 K_nnz=96025 rhs_cols=1 Vxx_nnz=62001
FILTERDDP_TIMING iteration=13 barrier_iteration=2 stage=8 derivative_s=0.005544700 first_order_s=0.002511500 second_order_s=0.002752100 algebra_s=0.028715000 kkt_assembly_s=0.001892100 factor_s=0.032921800 solve_s=0.030674600 update_s=0.001854300 K_nnz=96025 rhs_cols=1 Vxx_nnz=62001
FILTERDDP_TIMING iteration=13 barrier_iteration=2 stage=7 derivative_s=0.003301200 first_order_s=0.001697700 second_order_s=0.001337500 algebra_s=0.020505000 kkt_assembly_s=0.001318900 factor_s=0.031503100 solve_s=0.012084000 update_s=0.001769800 K_nnz=96025 rhs_cols=1 Vxx_nnz=62001
FILTERDDP_TIMING iteration=13 barrier_iteration=2 stage=6 derivative_s=0.003508400 first_order_s=0.001910200 second_order_s=0.001333300 algebra_s=0.011537000 kkt_assembly_s=0.000529200 factor_s=0.020357800 solve_s=0.011747300 update_s=0.001793700 K_nnz=96025 rhs_cols=1 Vxx_nnz=62001
FILTERDDP_TIMING iteration=13 barrier_iteration=2 stage=5 derivative_s=0.003198600 first_order_s=0.001662000 second_order_s=0.001233000 algebra_s=0.011631200 kkt_assembly_s=0.000531800 factor_s=0.020585700 solve_s=0.011970700 update_s=0.001710000 K_nnz=96025 rhs_cols=1 Vxx_nnz=62001
FILTERDDP_TIMING iteration=13 barrier_iteration=2 stage=4 derivative_s=0.003630900 first_order_s=0.002091400 second_order_s=0.001272100 algebra_s=0.011471000 kkt_assembly_s=0.000588600 factor_s=0.020248100 solve_s=0.011713000 update_s=0.001721000 K_nnz=96025 rhs_cols=1 Vxx_nnz=62001
FILTERDDP_TIMING iteration=13 barrier_iteration=2 stage=3 derivative_s=0.003152400 first_order_s=0.001689800 second_order_s=0.001199700 algebra_s=0.014444500 kkt_assembly_s=0.017742500 factor_s=0.020665800 solve_s=0.012423100 update_s=0.001698100 K_nnz=96025 rhs_cols=1 Vxx_nnz=62001
FILTERDDP_TIMING iteration=13 barrier_iteration=2 stage=2 derivative_s=0.003254300 first_order_s=0.001655000 second_order_s=0.001330000 algebra_s=0.011796300 kkt_assembly_s=0.000542700 factor_s=0.020421000 solve_s=0.012346000 update_s=0.001824300 K_nnz=96025 rhs_cols=1 Vxx_nnz=62001
FILTERDDP_TIMING iteration=13 barrier_iteration=2 stage=1 derivative_s=0.003207500 first_order_s=0.001741300 second_order_s=0.001201400 algebra_s=0.011832700 kkt_assembly_s=0.000556700 factor_s=0.026515700 solve_s=0.012107900 update_s=0.001720100 K_nnz=96025 rhs_cols=1 Vxx_nnz=62001
FILTERDDP_FEASIBILITY iteration=13 barrier_iteration=2 equality_count=248064 equality_rms=4.038547656517e-04 equality_max=1.781698498036e-02 equality_worst_stage=24 equality_worst_index=9917 dynamics_count=5727 dynamics_rms=1.083872715798e-18 dynamics_max=3.469446951954e-18 dynamics_worst_stage=23 dynamics_worst_index=14 bound_count=170736 bound_rms=0.000000000000e+00 bound_max=0.000000000000e+00 bound_worst_stage=0 bound_worst_index=0 bound_worst_kind=none
    13   1.03095437e+04   1.7817e-02   2.6068e+00   4.5149e-02   -1.40      -     7.2212e-01   0
FILTERDDP_ITER_TIMING iteration=13 barrier_iteration=2 backward_s=1.551766200 forward_s=0.132611000 total_s=1.684377200 outcome=accepted step_size=1.000000000e+00 backtracks=0 mu=4.000000000e-02
FILTERDDP_TIMING iteration=14 barrier_iteration=2 stage=24 derivative_s=0.001568200 first_order_s=0.000709000 second_order_s=0.000757500 algebra_s=0.016438000 kkt_assembly_s=0.001198200 factor_s=0.029825200 solve_s=0.015218000 update_s=0.001655100 K_nnz=96025 rhs_cols=1 Vxx_nnz=62001
FILTERDDP_TIMING iteration=14 barrier_iteration=2 stage=23 derivative_s=0.003095800 first_order_s=0.001610700 second_order_s=0.001221300 algebra_s=0.020072300 kkt_assembly_s=0.001238800 factor_s=0.032564400 solve_s=0.012040000 update_s=0.002045900 K_nnz=96025 rhs_cols=1 Vxx_nnz=62001
FILTERDDP_TIMING iteration=14 barrier_iteration=2 stage=22 derivative_s=0.003155600 first_order_s=0.001661000 second_order_s=0.001233300 algebra_s=0.021964300 kkt_assembly_s=0.001699000 factor_s=0.025030300 solve_s=0.012149300 update_s=0.001702300 K_nnz=96025 rhs_cols=1 Vxx_nnz=62001
FILTERDDP_TIMING iteration=14 barrier_iteration=2 stage=21 derivative_s=0.003098600 first_order_s=0.001613800 second_order_s=0.001219100 algebra_s=0.125000200 kkt_assembly_s=0.000577700 factor_s=0.020209600 solve_s=0.011908300 update_s=0.001691100 K_nnz=96025 rhs_cols=1 Vxx_nnz=62001
FILTERDDP_TIMING iteration=14 barrier_iteration=2 stage=20 derivative_s=0.003336500 first_order_s=0.001602700 second_order_s=0.001468600 algebra_s=0.012041100 kkt_assembly_s=0.000555000 factor_s=0.019926400 solve_s=0.012679500 update_s=0.001821100 K_nnz=96025 rhs_cols=1 Vxx_nnz=62001
FILTERDDP_TIMING iteration=14 barrier_iteration=2 stage=19 derivative_s=0.003169600 first_order_s=0.001580200 second_order_s=0.001307200 algebra_s=0.018770600 kkt_assembly_s=0.001271600 factor_s=0.035759300 solve_s=0.011726400 update_s=0.001684300 K_nnz=96025 rhs_cols=1 Vxx_nnz=62001
FILTERDDP_TIMING iteration=14 barrier_iteration=2 stage=18 derivative_s=0.003758700 first_order_s=0.002174400 second_order_s=0.001321200 algebra_s=0.013784600 kkt_assembly_s=0.000748200 factor_s=0.029158100 solve_s=0.012245200 update_s=0.001684100 K_nnz=96025 rhs_cols=1 Vxx_nnz=62001
FILTERDDP_TIMING iteration=14 barrier_iteration=2 stage=17 derivative_s=0.003255000 first_order_s=0.001762200 second_order_s=0.001216000 algebra_s=0.011760600 kkt_assembly_s=0.000528800 factor_s=0.020618100 solve_s=0.011927800 update_s=0.001663600 K_nnz=96025 rhs_cols=1 Vxx_nnz=62001
FILTERDDP_TIMING iteration=14 barrier_iteration=2 stage=16 derivative_s=0.003160100 first_order_s=0.001624400 second_order_s=0.001272400 algebra_s=0.012808900 kkt_assembly_s=0.000798000 factor_s=0.021261700 solve_s=0.014910100 update_s=0.002696600 K_nnz=96025 rhs_cols=1 Vxx_nnz=62001
FILTERDDP_TIMING iteration=14 barrier_iteration=2 stage=15 derivative_s=0.005281600 first_order_s=0.002332800 second_order_s=0.002670700 algebra_s=0.027770700 kkt_assembly_s=0.000561300 factor_s=0.020893500 solve_s=0.012255700 update_s=0.001742700 K_nnz=96025 rhs_cols=1 Vxx_nnz=62001
FILTERDDP_TIMING iteration=14 barrier_iteration=2 stage=14 derivative_s=0.003311300 first_order_s=0.001781000 second_order_s=0.001236600 algebra_s=0.011544600 kkt_assembly_s=0.000541300 factor_s=0.020041000 solve_s=0.011856000 update_s=0.001685200 K_nnz=96025 rhs_cols=1 Vxx_nnz=62001
FILTERDDP_TIMING iteration=14 barrier_iteration=2 stage=13 derivative_s=0.003336900 first_order_s=0.001653100 second_order_s=0.001315700 algebra_s=0.011547400 kkt_assembly_s=0.000531600 factor_s=0.028103300 solve_s=0.012230600 update_s=0.001580000 K_nnz=96025 rhs_cols=1 Vxx_nnz=62001
FILTERDDP_TIMING iteration=14 barrier_iteration=2 stage=12 derivative_s=0.003085900 first_order_s=0.001615400 second_order_s=0.001206500 algebra_s=0.011838900 kkt_assembly_s=0.000531000 factor_s=0.019759500 solve_s=0.011688000 update_s=0.001835000 K_nnz=96025 rhs_cols=1 Vxx_nnz=62001
FILTERDDP_TIMING iteration=14 barrier_iteration=2 stage=11 derivative_s=0.003214900 first_order_s=0.001743400 second_order_s=0.001180900 algebra_s=0.020202300 kkt_assembly_s=0.001420800 factor_s=0.039539400 solve_s=0.011796800 update_s=0.001673700 K_nnz=96025 rhs_cols=1 Vxx_nnz=62001
FILTERDDP_TIMING iteration=14 barrier_iteration=2 stage=10 derivative_s=0.003186100 first_order_s=0.001663500 second_order_s=0.001259900 algebra_s=0.012743000 kkt_assembly_s=0.000572900 factor_s=0.020044300 solve_s=0.012279200 update_s=0.001819800 K_nnz=96025 rhs_cols=1 Vxx_nnz=62001
FILTERDDP_TIMING iteration=14 barrier_iteration=2 stage=9 derivative_s=0.003521900 first_order_s=0.001879700 second_order_s=0.001269200 algebra_s=0.012070200 kkt_assembly_s=0.000536000 factor_s=0.019875800 solve_s=0.014189200 update_s=0.001843200 K_nnz=96025 rhs_cols=1 Vxx_nnz=62001
FILTERDDP_TIMING iteration=14 barrier_iteration=2 stage=8 derivative_s=0.003259200 first_order_s=0.001731200 second_order_s=0.001259400 algebra_s=0.016067100 kkt_assembly_s=0.000540000 factor_s=0.020935900 solve_s=0.012032000 update_s=0.001830900 K_nnz=96025 rhs_cols=1 Vxx_nnz=62001
FILTERDDP_TIMING iteration=14 barrier_iteration=2 stage=7 derivative_s=0.002990400 first_order_s=0.001558600 second_order_s=0.001169600 algebra_s=0.062011200 kkt_assembly_s=0.000609400 factor_s=0.020619000 solve_s=0.012532700 update_s=0.001882100 K_nnz=96025 rhs_cols=1 Vxx_nnz=62001
FILTERDDP_TIMING iteration=14 barrier_iteration=2 stage=6 derivative_s=0.003084800 first_order_s=0.001622500 second_order_s=0.001200600 algebra_s=0.011874400 kkt_assembly_s=0.000545900 factor_s=0.019939400 solve_s=0.012320800 update_s=0.001946000 K_nnz=96025 rhs_cols=1 Vxx_nnz=62001
FILTERDDP_TIMING iteration=14 barrier_iteration=2 stage=5 derivative_s=0.003209800 first_order_s=0.001743000 second_order_s=0.001204200 algebra_s=0.011922200 kkt_assembly_s=0.000537400 factor_s=0.019931600 solve_s=0.012351900 update_s=0.001715200 K_nnz=96025 rhs_cols=1 Vxx_nnz=62001
FILTERDDP_TIMING iteration=14 barrier_iteration=2 stage=4 derivative_s=0.003049800 first_order_s=0.001611100 second_order_s=0.001175200 algebra_s=0.011721300 kkt_assembly_s=0.000528100 factor_s=0.139462300 solve_s=0.011978800 update_s=0.001682600 K_nnz=96025 rhs_cols=1 Vxx_nnz=62001
FILTERDDP_TIMING iteration=14 barrier_iteration=2 stage=3 derivative_s=0.003097000 first_order_s=0.001616900 second_order_s=0.001214000 algebra_s=0.011949200 kkt_assembly_s=0.000669200 factor_s=0.020481000 solve_s=0.012707600 update_s=0.001584500 K_nnz=96025 rhs_cols=1 Vxx_nnz=62001
FILTERDDP_TIMING iteration=14 barrier_iteration=2 stage=2 derivative_s=0.003054900 first_order_s=0.001608100 second_order_s=0.001183000 algebra_s=0.012631800 kkt_assembly_s=0.000551100 factor_s=0.020608600 solve_s=0.012557200 update_s=0.001566100 K_nnz=96025 rhs_cols=1 Vxx_nnz=62001
FILTERDDP_TIMING iteration=14 barrier_iteration=2 stage=1 derivative_s=0.003058900 first_order_s=0.001599800 second_order_s=0.001194100 algebra_s=0.011894400 kkt_assembly_s=0.000534700 factor_s=0.020516500 solve_s=0.011985100 update_s=0.001583900 K_nnz=96025 rhs_cols=1 Vxx_nnz=62001
FILTERDDP_FEASIBILITY iteration=14 barrier_iteration=2 equality_count=248064 equality_rms=7.924998635495e-05 equality_max=2.884857537900e-03 equality_worst_stage=8 equality_worst_index=9917 dynamics_count=5727 dynamics_rms=0.000000000000e+00 dynamics_max=0.000000000000e+00 dynamics_worst_stage=0 dynamics_worst_index=0 bound_count=170736 bound_rms=0.000000000000e+00 bound_max=0.000000000000e+00 bound_worst_stage=0 bound_worst_index=0 bound_worst_kind=none
    14   1.02310577e+04   2.8849e-03   6.8612e-01   1.6951e-01   -1.40      -     1.0000e+00   0
FILTERDDP_ITER_TIMING iteration=14 barrier_iteration=2 backward_s=1.684621100 forward_s=0.132656800 total_s=1.817277900 outcome=accepted step_size=1.000000000e+00 backtracks=0 mu=4.000000000e-02
FILTERDDP_TIMING iteration=15 barrier_iteration=2 stage=24 derivative_s=0.003730800 first_order_s=0.001881500 second_order_s=0.001495300 algebra_s=0.018397400 kkt_assembly_s=0.001653300 factor_s=0.032001300 solve_s=0.013171900 update_s=0.002744000 K_nnz=96025 rhs_cols=1 Vxx_nnz=62001
FILTERDDP_TIMING iteration=15 barrier_iteration=2 stage=23 derivative_s=0.005842900 first_order_s=0.002704900 second_order_s=0.002858700 algebra_s=0.012870000 kkt_assembly_s=0.000721300 factor_s=0.038509500 solve_s=0.012127100 update_s=0.001843200 K_nnz=96025 rhs_cols=1 Vxx_nnz=62001
FILTERDDP_TIMING iteration=15 barrier_iteration=2 stage=22 derivative_s=0.003680400 first_order_s=0.002009100 second_order_s=0.001406100 algebra_s=0.011513800 kkt_assembly_s=0.000546400 factor_s=0.020329100 solve_s=0.011785100 update_s=0.001782800 K_nnz=96025 rhs_cols=1 Vxx_nnz=62001
FILTERDDP_TIMING iteration=15 barrier_iteration=2 stage=21 derivative_s=0.003302300 first_order_s=0.001652800 second_order_s=0.001388300 algebra_s=0.011622200 kkt_assembly_s=0.000606600 factor_s=0.020129500 solve_s=0.011946400 update_s=0.001721700 K_nnz=96025 rhs_cols=1 Vxx_nnz=62001
FILTERDDP_TIMING iteration=15 barrier_iteration=2 stage=20 derivative_s=0.003216900 first_order_s=0.001721700 second_order_s=0.001232900 algebra_s=0.012189900 kkt_assembly_s=0.000549200 factor_s=0.019710400 solve_s=0.011745300 update_s=0.001603300 K_nnz=96025 rhs_cols=1 Vxx_nnz=62001
FILTERDDP_TIMING iteration=15 barrier_iteration=2 stage=19 derivative_s=0.003699000 first_order_s=0.002158600 second_order_s=0.001213000 algebra_s=0.011282000 kkt_assembly_s=0.000532100 factor_s=0.043946900 solve_s=0.012580300 update_s=0.001591000 K_nnz=96025 rhs_cols=1 Vxx_nnz=62001
FILTERDDP_TIMING iteration=15 barrier_iteration=2 stage=18 derivative_s=0.003041100 first_order_s=0.001621400 second_order_s=0.001157700 algebra_s=0.043351700 kkt_assembly_s=0.000895700 factor_s=0.028742700 solve_s=0.013064400 update_s=0.001758100 K_nnz=96025 rhs_cols=1 Vxx_nnz=62001
FILTERDDP_TIMING iteration=15 barrier_iteration=2 stage=17 derivative_s=0.003194700 first_order_s=0.001668800 second_order_s=0.001262300 algebra_s=0.020142500 kkt_assembly_s=0.001301800 factor_s=0.035076600 solve_s=0.012238400 update_s=0.001684000 K_nnz=96025 rhs_cols=1 Vxx_nnz=62001
FILTERDDP_TIMING iteration=15 barrier_iteration=2 stage=16 derivative_s=0.003655600 first_order_s=0.002046600 second_order_s=0.001215300 algebra_s=0.012189100 kkt_assembly_s=0.000538000 factor_s=0.020604000 solve_s=0.013041800 update_s=0.001628900 K_nnz=96025 rhs_cols=1 Vxx_nnz=62001
FILTERDDP_TIMING iteration=15 barrier_iteration=2 stage=15 derivative_s=0.003515400 first_order_s=0.001727500 second_order_s=0.001505400 algebra_s=0.011454400 kkt_assembly_s=0.000529200 factor_s=0.020781700 solve_s=0.011623700 update_s=0.001675200 K_nnz=96025 rhs_cols=1 Vxx_nnz=62001
FILTERDDP_TIMING iteration=15 barrier_iteration=2 stage=14 derivative_s=0.047126100 first_order_s=0.000790000 second_order_s=0.046225500 algebra_s=0.010355300 kkt_assembly_s=0.000550700 factor_s=0.020264700 solve_s=0.012268800 update_s=0.001675200 K_nnz=96025 rhs_cols=1 Vxx_nnz=62001
FILTERDDP_TIMING iteration=15 barrier_iteration=2 stage=13 derivative_s=0.003143400 first_order_s=0.001640200 second_order_s=0.001240400 algebra_s=0.011816200 kkt_assembly_s=0.000537500 factor_s=0.044172100 solve_s=0.012509400 update_s=0.001738400 K_nnz=96025 rhs_cols=1 Vxx_nnz=62001
FILTERDDP_TIMING iteration=15 barrier_iteration=2 stage=12 derivative_s=0.003138100 first_order_s=0.001634400 second_order_s=0.001239500 algebra_s=0.019669200 kkt_assembly_s=0.001303700 factor_s=0.037725000 solve_s=0.012248600 update_s=0.001738000 K_nnz=96025 rhs_cols=1 Vxx_nnz=62001
FILTERDDP_TIMING iteration=15 barrier_iteration=2 stage=11 derivative_s=0.005113600 first_order_s=0.002956600 second_order_s=0.001695600 algebra_s=0.114830200 kkt_assembly_s=0.000616900 factor_s=0.021404800 solve_s=0.011815800 update_s=0.000802100 K_nnz=96025 rhs_cols=1 Vxx_nnz=62001
FILTERDDP_TIMING iteration=15 barrier_iteration=2 stage=10 derivative_s=0.001272500 first_order_s=0.000661400 second_order_s=0.000506000 algebra_s=0.008085200 kkt_assembly_s=0.000576400 factor_s=0.021028400 solve_s=0.011478100 update_s=0.001122200 K_nnz=96025 rhs_cols=1 Vxx_nnz=62001
FILTERDDP_TIMING iteration=15 barrier_iteration=2 stage=9 derivative_s=0.003083400 first_order_s=0.001628800 second_order_s=0.001190700 algebra_s=0.010880800 kkt_assembly_s=0.000604400 factor_s=0.025890300 solve_s=0.012379900 update_s=0.001653100 K_nnz=96025 rhs_cols=1 Vxx_nnz=62001
FILTERDDP_TIMING iteration=15 barrier_iteration=2 stage=8 derivative_s=0.003610200 first_order_s=0.001990700 second_order_s=0.001355000 algebra_s=0.011313700 kkt_assembly_s=0.000555600 factor_s=0.020501600 solve_s=0.011910600 update_s=0.001768000 K_nnz=96025 rhs_cols=1 Vxx_nnz=62001
FILTERDDP_TIMING iteration=15 barrier_iteration=2 stage=7 derivative_s=0.003032700 first_order_s=0.001598900 second_order_s=0.001172500 algebra_s=0.011968600 kkt_assembly_s=0.000535900 factor_s=0.020355800 solve_s=0.011717600 update_s=0.001711600 K_nnz=96025 rhs_cols=1 Vxx_nnz=62001
FILTERDDP_TIMING iteration=15 barrier_iteration=2 stage=6 derivative_s=0.003530500 first_order_s=0.001874800 second_order_s=0.001354900 algebra_s=0.015142300 kkt_assembly_s=0.001265300 factor_s=0.035442400 solve_s=0.012800400 update_s=0.020753700 K_nnz=96025 rhs_cols=1 Vxx_nnz=62001
FILTERDDP_TIMING iteration=15 barrier_iteration=2 stage=5 derivative_s=0.003864400 first_order_s=0.001982900 second_order_s=0.001599200 algebra_s=0.017454200 kkt_assembly_s=0.000555500 factor_s=0.019973300 solve_s=0.012058900 update_s=0.001785900 K_nnz=96025 rhs_cols=1 Vxx_nnz=62001
FILTERDDP_TIMING iteration=15 barrier_iteration=2 stage=4 derivative_s=0.003510000 first_order_s=0.001706100 second_order_s=0.001478300 algebra_s=0.012062900 kkt_assembly_s=0.000555300 factor_s=0.023075100 solve_s=0.011470400 update_s=0.001204100 K_nnz=96025 rhs_cols=1 Vxx_nnz=62001
FILTERDDP_TIMING iteration=15 barrier_iteration=2 stage=3 derivative_s=0.003119100 first_order_s=0.001604500 second_order_s=0.001251400 algebra_s=0.011921100 kkt_assembly_s=0.000566300 factor_s=0.019888200 solve_s=0.011649000 update_s=0.001303100 K_nnz=96025 rhs_cols=1 Vxx_nnz=62001
FILTERDDP_TIMING iteration=15 barrier_iteration=2 stage=2 derivative_s=0.001895700 first_order_s=0.001213100 second_order_s=0.000553900 algebra_s=0.010268000 kkt_assembly_s=0.000623200 factor_s=0.020286600 solve_s=0.012334500 update_s=0.001692100 K_nnz=96025 rhs_cols=1 Vxx_nnz=62001
FILTERDDP_TIMING iteration=15 barrier_iteration=2 stage=1 derivative_s=0.003176700 first_order_s=0.001637300 second_order_s=0.001265100 algebra_s=0.026274700 kkt_assembly_s=0.000822900 factor_s=0.021478900 solve_s=0.012842500 update_s=0.001863100 K_nnz=96025 rhs_cols=1 Vxx_nnz=62001
FILTERDDP_FEASIBILITY iteration=15 barrier_iteration=2 equality_count=248064 equality_rms=2.194003089517e-06 equality_max=2.474655905900e-04 equality_worst_stage=24 equality_worst_index=8447 dynamics_count=5727 dynamics_rms=0.000000000000e+00 dynamics_max=0.000000000000e+00 dynamics_worst_stage=0 dynamics_worst_index=0 bound_count=170736 bound_rms=0.000000000000e+00 bound_max=0.000000000000e+00 bound_worst_stage=0 bound_worst_index=0 bound_worst_kind=none
FILTERDDP_ITER_TIMING iteration=15 barrier_iteration=2 backward_s=1.586168400 forward_s=0.000000000 total_s=1.586168400 outcome=barrier_update step_size=1.000000000e+00 backtracks=0 mu=4.000000000e-02
FILTERDDP_TIMING iteration=15 barrier_iteration=3 stage=24 derivative_s=0.003393600 first_order_s=0.001618500 second_order_s=0.001519900 algebra_s=0.011567200 kkt_assembly_s=0.000553000 factor_s=0.020266400 solve_s=0.012077000 update_s=0.001270800 K_nnz=96025 rhs_cols=1 Vxx_nnz=62001
FILTERDDP_TIMING iteration=15 barrier_iteration=3 stage=23 derivative_s=0.003037500 first_order_s=0.001596700 second_order_s=0.001176700 algebra_s=0.011861700 kkt_assembly_s=0.000537700 factor_s=0.020355300 solve_s=0.012490800 update_s=0.001609000 K_nnz=96025 rhs_cols=1 Vxx_nnz=62001
FILTERDDP_TIMING iteration=15 barrier_iteration=3 stage=22 derivative_s=0.003148200 first_order_s=0.001538900 second_order_s=0.001282400 algebra_s=0.013847200 kkt_assembly_s=0.000552100 factor_s=0.020045700 solve_s=0.063619000 update_s=0.001461900 K_nnz=96025 rhs_cols=1 Vxx_nnz=62001
FILTERDDP_TIMING iteration=15 barrier_iteration=3 stage=21 derivative_s=0.003990100 first_order_s=0.001814800 second_order_s=0.001752500 algebra_s=0.017075900 kkt_assembly_s=0.000921000 factor_s=0.032821100 solve_s=0.012349500 update_s=0.001792500 K_nnz=96025 rhs_cols=1 Vxx_nnz=62001
FILTERDDP_TIMING iteration=15 barrier_iteration=3 stage=20 derivative_s=0.003112900 first_order_s=0.001619900 second_order_s=0.001233200 algebra_s=0.014232700 kkt_assembly_s=0.000577800 factor_s=0.020296300 solve_s=0.012413800 update_s=0.001805600 K_nnz=96025 rhs_cols=1 Vxx_nnz=62001
FILTERDDP_TIMING iteration=15 barrier_iteration=3 stage=19 derivative_s=0.003139900 first_order_s=0.001644300 second_order_s=0.001232800 algebra_s=0.011994300 kkt_assembly_s=0.000550300 factor_s=0.020431500 solve_s=0.011996700 update_s=0.001720400 K_nnz=96025 rhs_cols=1 Vxx_nnz=62001
FILTERDDP_TIMING iteration=15 barrier_iteration=3 stage=18 derivative_s=0.003049400 first_order_s=0.001613900 second_order_s=0.001176200 algebra_s=0.118772200 kkt_assembly_s=0.000604900 factor_s=0.020469400 solve_s=0.011311100 update_s=0.001317400 K_nnz=96025 rhs_cols=1 Vxx_nnz=62001
FILTERDDP_TIMING iteration=15 barrier_iteration=3 stage=17 derivative_s=0.003148400 first_order_s=0.001635100 second_order_s=0.001249200 algebra_s=0.013740800 kkt_assembly_s=0.000568900 factor_s=0.019671000 solve_s=0.012076500 update_s=0.001589200 K_nnz=96025 rhs_cols=1 Vxx_nnz=62001
FILTERDDP_TIMING iteration=15 barrier_iteration=3 stage=16 derivative_s=0.003099600 first_order_s=0.001598300 second_order_s=0.001238500 algebra_s=0.014763700 kkt_assembly_s=0.000570300 factor_s=0.020144900 solve_s=0.012362500 update_s=0.001917700 K_nnz=96025 rhs_cols=1 Vxx_nnz=62001
FILTERDDP_TIMING iteration=15 barrier_iteration=3 stage=15 derivative_s=0.003098400 first_order_s=0.001602500 second_order_s=0.001229100 algebra_s=0.011973100 kkt_assembly_s=0.000692100 factor_s=0.019918800 solve_s=0.011409800 update_s=0.001812600 K_nnz=96025 rhs_cols=1 Vxx_nnz=62001
FILTERDDP_TIMING iteration=15 barrier_iteration=3 stage=14 derivative_s=0.003403800 first_order_s=0.001951100 second_order_s=0.001189900 algebra_s=0.011628800 kkt_assembly_s=0.000557300 factor_s=0.019855500 solve_s=0.011522100 update_s=0.001606700 K_nnz=96025 rhs_cols=1 Vxx_nnz=62001
FILTERDDP_TIMING iteration=15 barrier_iteration=3 stage=13 derivative_s=0.003015800 first_order_s=0.001593200 second_order_s=0.001163300 algebra_s=0.014657700 kkt_assembly_s=0.000562400 factor_s=0.021306300 solve_s=0.013171600 update_s=0.002737800 K_nnz=96025 rhs_cols=1 Vxx_nnz=62001
FILTERDDP_TIMING iteration=15 barrier_iteration=3 stage=12 derivative_s=0.005671300 first_order_s=0.002493600 second_order_s=0.002767000 algebra_s=0.033975600 kkt_assembly_s=0.001372300 factor_s=0.030542200 solve_s=0.011274600 update_s=0.001923400 K_nnz=96025 rhs_cols=1 Vxx_nnz=62001
FILTERDDP_TIMING iteration=15 barrier_iteration=3 stage=11 derivative_s=0.003716600 first_order_s=0.001799900 second_order_s=0.001538000 algebra_s=0.020354700 kkt_assembly_s=0.001386200 factor_s=0.034111700 solve_s=0.012286400 update_s=0.001787800 K_nnz=96025 rhs_cols=1 Vxx_nnz=62001
FILTERDDP_TIMING iteration=15 barrier_iteration=3 stage=10 derivative_s=0.003199300 first_order_s=0.001646800 second_order_s=0.001214700 algebra_s=0.011864100 kkt_assembly_s=0.000522300 factor_s=0.020010800 solve_s=0.012509400 update_s=0.001789900 K_nnz=96025 rhs_cols=1 Vxx_nnz=62001
FILTERDDP_TIMING iteration=15 barrier_iteration=3 stage=9 derivative_s=0.003166400 first_order_s=0.001634300 second_order_s=0.001212700 algebra_s=0.011919400 kkt_assembly_s=0.000534500 factor_s=0.019728200 solve_s=0.013554200 update_s=0.001688000 K_nnz=96025 rhs_cols=1 Vxx_nnz=62001
FILTERDDP_TIMING iteration=15 barrier_iteration=3 stage=8 derivative_s=0.003263400 first_order_s=0.001675800 second_order_s=0.001220300 algebra_s=0.011598100 kkt_assembly_s=0.000526000 factor_s=0.039160100 solve_s=0.011944500 update_s=0.001751100 K_nnz=96025 rhs_cols=1 Vxx_nnz=62001
FILTERDDP_TIMING iteration=15 barrier_iteration=3 stage=7 derivative_s=0.003512900 first_order_s=0.001913900 second_order_s=0.001317200 algebra_s=0.011558300 kkt_assembly_s=0.000640400 factor_s=0.020007500 solve_s=0.013593700 update_s=0.001776400 K_nnz=96025 rhs_cols=1 Vxx_nnz=62001
FILTERDDP_TIMING iteration=15 barrier_iteration=3 stage=6 derivative_s=0.003161300 first_order_s=0.001649800 second_order_s=0.001248700 algebra_s=0.013541100 kkt_assembly_s=0.000570100 factor_s=0.020357100 solve_s=0.012267400 update_s=0.001724100 K_nnz=96025 rhs_cols=1 Vxx_nnz=62001
FILTERDDP_TIMING iteration=15 barrier_iteration=3 stage=5 derivative_s=0.003255400 first_order_s=0.001631700 second_order_s=0.001361200 algebra_s=0.012723900 kkt_assembly_s=0.000583000 factor_s=0.022557400 solve_s=0.012128900 update_s=0.001722100 K_nnz=96025 rhs_cols=1 Vxx_nnz=62001
FILTERDDP_TIMING iteration=15 barrier_iteration=3 stage=4 derivative_s=0.003128100 first_order_s=0.001673800 second_order_s=0.001193700 algebra_s=0.058693400 kkt_assembly_s=0.000575400 factor_s=0.020841400 solve_s=0.012469900 update_s=0.001812700 K_nnz=96025 rhs_cols=1 Vxx_nnz=62001
FILTERDDP_TIMING iteration=15 barrier_iteration=3 stage=3 derivative_s=0.003167700 first_order_s=0.001653100 second_order_s=0.001252700 algebra_s=0.012453000 kkt_assembly_s=0.000548700 factor_s=0.020133700 solve_s=0.024707500 update_s=0.001626100 K_nnz=96025 rhs_cols=1 Vxx_nnz=62001
FILTERDDP_TIMING iteration=15 barrier_iteration=3 stage=2 derivative_s=0.003039500 first_order_s=0.001608100 second_order_s=0.001160400 algebra_s=0.022083800 kkt_assembly_s=0.001363700 factor_s=0.039277000 solve_s=0.012655800 update_s=0.001681900 K_nnz=96025 rhs_cols=1 Vxx_nnz=62001
FILTERDDP_TIMING iteration=15 barrier_iteration=3 stage=1 derivative_s=0.003024100 first_order_s=0.001588800 second_order_s=0.001173300 algebra_s=0.014602100 kkt_assembly_s=0.000568300 factor_s=0.150620200 solve_s=0.013473200 update_s=0.002232000 K_nnz=96025 rhs_cols=1 Vxx_nnz=62001
FILTERDDP_FEASIBILITY iteration=15 barrier_iteration=3 equality_count=248064 equality_rms=2.194003089517e-06 equality_max=2.474655905900e-04 equality_worst_stage=24 equality_worst_index=8447 dynamics_count=5727 dynamics_rms=0.000000000000e+00 dynamics_max=0.000000000000e+00 dynamics_worst_stage=0 dynamics_worst_index=0 bound_count=170736 bound_rms=0.000000000000e+00 bound_max=0.000000000000e+00 bound_worst_stage=0 bound_worst_index=0 bound_worst_kind=none
    15   1.02306246e+04   2.4747e-04   3.4384e-01   6.3631e-02   -2.10      -     1.0000e+00   0
FILTERDDP_ITER_TIMING iteration=15 barrier_iteration=3 backward_s=1.695879500 forward_s=0.175171600 total_s=1.871051100 outcome=accepted step_size=2.433956302e-01 backtracks=0 mu=8.000000000e-03
FILTERDDP_TIMING iteration=16 barrier_iteration=3 stage=24 derivative_s=0.007905300 first_order_s=0.003533600 second_order_s=0.004115100 algebra_s=0.027508200 kkt_assembly_s=0.001858600 factor_s=0.028664400 solve_s=0.015138400 update_s=0.003256600 K_nnz=96025 rhs_cols=1 Vxx_nnz=62001
FILTERDDP_TIMING iteration=16 barrier_iteration=3 stage=23 derivative_s=0.006012100 first_order_s=0.002482300 second_order_s=0.003250700 algebra_s=0.012266900 kkt_assembly_s=0.000767700 factor_s=0.022811800 solve_s=0.013465100 update_s=0.002683200 K_nnz=96025 rhs_cols=1 Vxx_nnz=62001
FILTERDDP_TIMING iteration=16 barrier_iteration=3 stage=22 derivative_s=0.006041100 first_order_s=0.002450900 second_order_s=0.003311300 algebra_s=0.012700500 kkt_assembly_s=0.000731900 factor_s=0.022103500 solve_s=0.013409100 update_s=0.002860700 K_nnz=96025 rhs_cols=1 Vxx_nnz=62001
FILTERDDP_TIMING iteration=16 barrier_iteration=3 stage=21 derivative_s=0.006734300 first_order_s=0.002931400 second_order_s=0.003467500 algebra_s=0.020890600 kkt_assembly_s=0.002174500 factor_s=0.033823800 solve_s=0.012922400 update_s=0.002669900 K_nnz=96025 rhs_cols=1 Vxx_nnz=62001
FILTERDDP_TIMING iteration=16 barrier_iteration=3 stage=20 derivative_s=0.006990100 first_order_s=0.003259600 second_order_s=0.003449500 algebra_s=0.048218300 kkt_assembly_s=0.000767700 factor_s=0.020161800 solve_s=0.011813600 update_s=0.001700600 K_nnz=96025 rhs_cols=1 Vxx_nnz=62001
FILTERDDP_TIMING iteration=16 barrier_iteration=3 stage=19 derivative_s=0.003349600 first_order_s=0.001760000 second_order_s=0.001325400 algebra_s=0.011515800 kkt_assembly_s=0.000536400 factor_s=0.020036100 solve_s=0.012389500 update_s=0.001764500 K_nnz=96025 rhs_cols=1 Vxx_nnz=62001
FILTERDDP_TIMING iteration=16 barrier_iteration=3 stage=18 derivative_s=0.003076100 first_order_s=0.001651500 second_order_s=0.001159200 algebra_s=0.012099100 kkt_assembly_s=0.000532100 factor_s=0.020151800 solve_s=0.012070700 update_s=0.001725800 K_nnz=96025 rhs_cols=1 Vxx_nnz=62001
FILTERDDP_TIMING iteration=16 barrier_iteration=3 stage=17 derivative_s=0.003578900 first_order_s=0.001854100 second_order_s=0.001362600 algebra_s=0.012943600 kkt_assembly_s=0.000615200 factor_s=0.019946800 solve_s=0.011826200 update_s=0.001862800 K_nnz=96025 rhs_cols=1 Vxx_nnz=62001
FILTERDDP_TIMING iteration=16 barrier_iteration=3 stage=16 derivative_s=0.003238700 first_order_s=0.001678700 second_order_s=0.001298900 algebra_s=0.013833000 kkt_assembly_s=0.000538800 factor_s=0.040177500 solve_s=0.013549200 update_s=0.002128000 K_nnz=96025 rhs_cols=1 Vxx_nnz=62001
FILTERDDP_TIMING iteration=16 barrier_iteration=3 stage=15 derivative_s=0.003379500 first_order_s=0.001726000 second_order_s=0.001379700 algebra_s=0.020408900 kkt_assembly_s=0.001382600 factor_s=0.031446800 solve_s=0.012767600 update_s=0.001664300 K_nnz=96025 rhs_cols=1 Vxx_nnz=62001
FILTERDDP_TIMING iteration=16 barrier_iteration=3 stage=14 derivative_s=0.003628100 first_order_s=0.001965000 second_order_s=0.001365800 algebra_s=0.019793200 kkt_assembly_s=0.001312500 factor_s=0.033921600 solve_s=0.012276300 update_s=0.001780300 K_nnz=96025 rhs_cols=1 Vxx_nnz=62001
FILTERDDP_TIMING iteration=16 barrier_iteration=3 stage=13 derivative_s=0.003151700 first_order_s=0.001659100 second_order_s=0.001231500 algebra_s=0.011815000 kkt_assembly_s=0.000555800 factor_s=0.019988900 solve_s=0.012707200 update_s=0.001877000 K_nnz=96025 rhs_cols=1 Vxx_nnz=62001
FILTERDDP_TIMING iteration=16 barrier_iteration=3 stage=12 derivative_s=0.003211600 first_order_s=0.001609300 second_order_s=0.001339900 algebra_s=0.012054100 kkt_assembly_s=0.000589500 factor_s=0.065982800 solve_s=0.012120300 update_s=0.001688000 K_nnz=96025 rhs_cols=1 Vxx_nnz=62001
FILTERDDP_TIMING iteration=16 barrier_iteration=3 stage=11 derivative_s=0.003302900 first_order_s=0.001732900 second_order_s=0.001244400 algebra_s=0.011788600 kkt_assembly_s=0.000604000 factor_s=0.019905800 solve_s=0.011882700 update_s=0.001605500 K_nnz=96025 rhs_cols=1 Vxx_nnz=62001
FILTERDDP_TIMING iteration=16 barrier_iteration=3 stage=10 derivative_s=0.003197600 first_order_s=0.001741700 second_order_s=0.001196700 algebra_s=0.011962200 kkt_assembly_s=0.000545800 factor_s=0.042936000 solve_s=0.015253000 update_s=0.001671200 K_nnz=96025 rhs_cols=1 Vxx_nnz=62001
FILTERDDP_TIMING iteration=16 barrier_iteration=3 stage=9 derivative_s=0.003049100 first_order_s=0.001602100 second_order_s=0.001184500 algebra_s=0.019398900 kkt_assembly_s=0.001370300 factor_s=0.160276600 solve_s=0.012108700 update_s=0.001727500 K_nnz=96025 rhs_cols=1 Vxx_nnz=62001
FILTERDDP_TIMING iteration=16 barrier_iteration=3 stage=8 derivative_s=0.003585000 first_order_s=0.001947100 second_order_s=0.001323200 algebra_s=0.011671900 kkt_assembly_s=0.000563100 factor_s=0.020524300 solve_s=0.012042800 update_s=0.002081500 K_nnz=96025 rhs_cols=1 Vxx_nnz=62001
FILTERDDP_TIMING iteration=16 barrier_iteration=3 stage=7 derivative_s=0.003640900 first_order_s=0.001882900 second_order_s=0.001489000 algebra_s=0.011919500 kkt_assembly_s=0.000601000 factor_s=0.020291000 solve_s=0.011760000 update_s=0.001610000 K_nnz=96025 rhs_cols=1 Vxx_nnz=62001
FILTERDDP_TIMING iteration=16 barrier_iteration=3 stage=6 derivative_s=0.003088700 first_order_s=0.001611600 second_order_s=0.001215000 algebra_s=0.013433200 kkt_assembly_s=0.000531700 factor_s=0.019842900 solve_s=0.012013600 update_s=0.001791500 K_nnz=96025 rhs_cols=1 Vxx_nnz=62001
FILTERDDP_TIMING iteration=16 barrier_iteration=3 stage=5 derivative_s=0.003158100 first_order_s=0.001618700 second_order_s=0.001277600 algebra_s=0.011717000 kkt_assembly_s=0.000538800 factor_s=0.020063000 solve_s=0.011858400 update_s=0.001711800 K_nnz=96025 rhs_cols=1 Vxx_nnz=62001
FILTERDDP_TIMING iteration=16 barrier_iteration=3 stage=4 derivative_s=0.003050100 first_order_s=0.001611600 second_order_s=0.001176100 algebra_s=0.011892700 kkt_assembly_s=0.000531300 factor_s=0.020326300 solve_s=0.012709500 update_s=0.002249400 K_nnz=96025 rhs_cols=1 Vxx_nnz=62001
FILTERDDP_TIMING iteration=16 barrier_iteration=3 stage=3 derivative_s=0.005508100 first_order_s=0.002480900 second_order_s=0.002604200 algebra_s=0.012602700 kkt_assembly_s=0.000816600 factor_s=0.022788500 solve_s=0.013411600 update_s=0.002711000 K_nnz=96025 rhs_cols=1 Vxx_nnz=62001
FILTERDDP_TIMING iteration=16 barrier_iteration=3 stage=2 derivative_s=0.023273500 first_order_s=0.002018600 second_order_s=0.021132400 algebra_s=0.016414700 kkt_assembly_s=0.001325400 factor_s=0.030888400 solve_s=0.012370600 update_s=0.001763100 K_nnz=96025 rhs_cols=1 Vxx_nnz=62001
FILTERDDP_TIMING iteration=16 barrier_iteration=3 stage=1 derivative_s=0.003080000 first_order_s=0.001601300 second_order_s=0.001217600 algebra_s=0.020360500 kkt_assembly_s=0.001523300 factor_s=0.032566500 solve_s=0.012276600 update_s=0.001778900 K_nnz=96025 rhs_cols=1 Vxx_nnz=62001
FILTERDDP_FEASIBILITY iteration=16 barrier_iteration=3 equality_count=248064 equality_rms=1.760910011823e-04 equality_max=5.960644863279e-03 equality_worst_stage=8 equality_worst_index=9917 dynamics_count=5727 dynamics_rms=1.060966667937e-18 dynamics_max=3.469446951954e-18 dynamics_worst_stage=23 dynamics_worst_index=3 bound_count=170736 bound_rms=0.000000000000e+00 bound_max=0.000000000000e+00 bound_worst_stage=0 bound_worst_index=0 bound_worst_kind=none
    16   1.01164316e+04   5.9606e-03   1.0227e+00   3.4967e-02   -2.10      -     2.4340e-01   0
FILTERDDP_ITER_TIMING iteration=16 barrier_iteration=3 backward_s=1.674182700 forward_s=0.133466900 total_s=1.807649600 outcome=accepted step_size=1.290437913e-01 backtracks=0 mu=8.000000000e-03
FILTERDDP_TIMING iteration=17 barrier_iteration=3 stage=24 derivative_s=0.003540100 first_order_s=0.001748100 second_order_s=0.001540100 algebra_s=0.020629900 kkt_assembly_s=0.001372100 factor_s=0.034850700 solve_s=0.012110300 update_s=0.001641100 K_nnz=96025 rhs_cols=1 Vxx_nnz=62001
FILTERDDP_TIMING iteration=17 barrier_iteration=3 stage=23 derivative_s=0.003342400 first_order_s=0.001811700 second_order_s=0.001267400 algebra_s=0.012105200 kkt_assembly_s=0.000564400 factor_s=0.038645100 solve_s=0.012004700 update_s=0.002019800 K_nnz=96025 rhs_cols=1 Vxx_nnz=62001
FILTERDDP_TIMING iteration=17 barrier_iteration=3 stage=22 derivative_s=0.003172700 first_order_s=0.001667100 second_order_s=0.001241300 algebra_s=0.016254000 kkt_assembly_s=0.000542100 factor_s=0.019640500 solve_s=0.013729600 update_s=0.001796700 K_nnz=96025 rhs_cols=1 Vxx_nnz=62001
FILTERDDP_TIMING iteration=17 barrier_iteration=3 stage=21 derivative_s=0.003372400 first_order_s=0.001620400 second_order_s=0.001486500 algebra_s=0.013826000 kkt_assembly_s=0.000570300 factor_s=0.020133400 solve_s=0.013080700 update_s=0.001393500 K_nnz=96025 rhs_cols=1 Vxx_nnz=62001
FILTERDDP_TIMING iteration=17 barrier_iteration=3 stage=20 derivative_s=0.002124500 first_order_s=0.001300800 second_order_s=0.000657600 algebra_s=0.010555900 kkt_assembly_s=0.000584400 factor_s=0.020053500 solve_s=0.012039500 update_s=0.001741600 K_nnz=96025 rhs_cols=1 Vxx_nnz=62001
FILTERDDP_TIMING iteration=17 barrier_iteration=3 stage=19 derivative_s=0.003088400 first_order_s=0.001630000 second_order_s=0.001196600 algebra_s=0.064116600 kkt_assembly_s=0.001257300 factor_s=0.028374100 solve_s=0.011901000 update_s=0.001940100 K_nnz=96025 rhs_cols=1 Vxx_nnz=62001
FILTERDDP_TIMING iteration=17 barrier_iteration=3 stage=18 derivative_s=0.003165300 first_order_s=0.001652700 second_order_s=0.001248600 algebra_s=0.020883900 kkt_assembly_s=0.001264800 factor_s=0.037161400 solve_s=0.012061300 update_s=0.002053700 K_nnz=96025 rhs_cols=1 Vxx_nnz=62001
FILTERDDP_TIMING iteration=17 barrier_iteration=3 stage=17 derivative_s=0.003936800 first_order_s=0.002079700 second_order_s=0.001549600 algebra_s=0.012351700 kkt_assembly_s=0.000548400 factor_s=0.020354800 solve_s=0.011150500 update_s=0.001329900 K_nnz=96025 rhs_cols=1 Vxx_nnz=62001
FILTERDDP_TIMING iteration=17 barrier_iteration=3 stage=16 derivative_s=0.003068900 first_order_s=0.001609300 second_order_s=0.001197100 algebra_s=0.012111600 kkt_assembly_s=0.000536500 factor_s=0.138588600 solve_s=0.012516300 update_s=0.001651500 K_nnz=96025 rhs_cols=1 Vxx_nnz=62001
FILTERDDP_TIMING iteration=17 barrier_iteration=3 stage=15 derivative_s=0.003165300 first_order_s=0.001656500 second_order_s=0.001246500 algebra_s=0.012088000 kkt_assembly_s=0.000581000 factor_s=0.019924300 solve_s=0.012825400 update_s=0.001752800 K_nnz=96025 rhs_cols=1 Vxx_nnz=62001
FILTERDDP_TIMING iteration=17 barrier_iteration=3 stage=14 derivative_s=0.003205800 first_order_s=0.001702100 second_order_s=0.001242500 algebra_s=0.013055100 kkt_assembly_s=0.000576100 factor_s=0.021005300 solve_s=0.012595600 update_s=0.001862400 K_nnz=96025 rhs_cols=1 Vxx_nnz=62001
FILTERDDP_TIMING iteration=17 barrier_iteration=3 stage=13 derivative_s=0.003467200 first_order_s=0.001915100 second_order_s=0.001288300 algebra_s=0.019132300 kkt_assembly_s=0.001338000 factor_s=0.032902500 solve_s=0.012927500 update_s=0.001607300 K_nnz=96025 rhs_cols=1 Vxx_nnz=62001
FILTERDDP_TIMING iteration=17 barrier_iteration=3 stage=12 derivative_s=0.003347300 first_order_s=0.001735800 second_order_s=0.001345200 algebra_s=0.014853100 kkt_assembly_s=0.000699900 factor_s=0.032388900 solve_s=0.012110800 update_s=0.001578800 K_nnz=96025 rhs_cols=1 Vxx_nnz=62001
FILTERDDP_TIMING iteration=17 barrier_iteration=3 stage=11 derivative_s=0.003023400 first_order_s=0.001595500 second_order_s=0.001162700 algebra_s=0.014064600 kkt_assembly_s=0.000530400 factor_s=0.019997000 solve_s=0.012134900 update_s=0.001645600 K_nnz=96025 rhs_cols=1 Vxx_nnz=62001
FILTERDDP_TIMING iteration=17 barrier_iteration=3 stage=10 derivative_s=0.003978600 first_order_s=0.001823900 second_order_s=0.001891000 algebra_s=0.013507000 kkt_assembly_s=0.000700000 factor_s=0.038362600 solve_s=0.011827900 update_s=0.001669100 K_nnz=96025 rhs_cols=1 Vxx_nnz=62001
FILTERDDP_TIMING iteration=17 barrier_iteration=3 stage=9 derivative_s=0.003548000 first_order_s=0.001871600 second_order_s=0.001339200 algebra_s=0.012365100 kkt_assembly_s=0.000542200 factor_s=0.019828000 solve_s=0.011978600 update_s=0.001775600 K_nnz=96025 rhs_cols=1 Vxx_nnz=62001
FILTERDDP_TIMING iteration=17 barrier_iteration=3 stage=8 derivative_s=0.003506100 first_order_s=0.001773900 second_order_s=0.001354500 algebra_s=0.012088300 kkt_assembly_s=0.000549600 factor_s=0.020226800 solve_s=0.011892200 update_s=0.001700900 K_nnz=96025 rhs_cols=1 Vxx_nnz=62001
FILTERDDP_TIMING iteration=17 barrier_iteration=3 stage=7 derivative_s=0.003946600 first_order_s=0.002138900 second_order_s=0.001464500 algebra_s=0.011432300 kkt_assembly_s=0.000536400 factor_s=0.020082000 solve_s=0.012069800 update_s=0.001646300 K_nnz=96025 rhs_cols=1 Vxx_nnz=62001
FILTERDDP_TIMING iteration=17 barrier_iteration=3 stage=6 derivative_s=0.003070300 first_order_s=0.001594400 second_order_s=0.001213500 algebra_s=0.012017700 kkt_assembly_s=0.000585400 factor_s=0.020347200 solve_s=0.011959100 update_s=0.001694100 K_nnz=96025 rhs_cols=1 Vxx_nnz=62001
FILTERDDP_TIMING iteration=17 barrier_iteration=3 stage=5 derivative_s=0.003077900 first_order_s=0.001625700 second_order_s=0.001188800 algebra_s=0.040795600 kkt_assembly_s=0.000724400 factor_s=0.023888500 solve_s=0.011660800 update_s=0.001660800 K_nnz=96025 rhs_cols=1 Vxx_nnz=62001
FILTERDDP_TIMING iteration=17 barrier_iteration=3 stage=4 derivative_s=0.003607600 first_order_s=0.001677800 second_order_s=0.001650600 algebra_s=0.010554300 kkt_assembly_s=0.000541300 factor_s=0.020171600 solve_s=0.012230300 update_s=0.001623400 K_nnz=96025 rhs_cols=1 Vxx_nnz=62001
FILTERDDP_TIMING iteration=17 barrier_iteration=3 stage=3 derivative_s=0.003163400 first_order_s=0.001664000 second_order_s=0.001238800 algebra_s=0.011970800 kkt_assembly_s=0.000537800 factor_s=0.020374100 solve_s=0.012496600 update_s=0.001647000 K_nnz=96025 rhs_cols=1 Vxx_nnz=62001
FILTERDDP_TIMING iteration=17 barrier_iteration=3 stage=2 derivative_s=0.003471900 first_order_s=0.001910300 second_order_s=0.001229000 algebra_s=0.018743600 kkt_assembly_s=0.001443600 factor_s=0.037627900 solve_s=0.012139400 update_s=0.052969900 K_nnz=96025 rhs_cols=1 Vxx_nnz=62001
FILTERDDP_TIMING iteration=17 barrier_iteration=3 stage=1 derivative_s=0.003547500 first_order_s=0.001776500 second_order_s=0.001510300 algebra_s=0.011702200 kkt_assembly_s=0.000566600 factor_s=0.019929600 solve_s=0.012053400 update_s=0.001652000 K_nnz=96025 rhs_cols=1 Vxx_nnz=62001
FILTERDDP_FEASIBILITY iteration=17 barrier_iteration=3 equality_count=248064 equality_rms=2.087223127149e-04 equality_max=6.996040424752e-03 equality_worst_stage=8 equality_worst_index=9917 dynamics_count=5727 dynamics_rms=1.249605131476e-18 dynamics_max=6.938893903907e-18 dynamics_worst_stage=4 dynamics_worst_index=34 bound_count=170736 bound_rms=0.000000000000e+00 bound_max=0.000000000000e+00 bound_worst_stage=0 bound_worst_index=0 bound_worst_kind=none
    17   1.00578437e+04   6.9960e-03   1.3863e+00   3.1312e-02   -2.10      -     1.2904e-01   0
FILTERDDP_ITER_TIMING iteration=17 barrier_iteration=3 backward_s=1.622295400 forward_s=0.134532000 total_s=1.756827400 outcome=accepted step_size=1.453496773e-01 backtracks=0 mu=8.000000000e-03
FILTERDDP_TIMING iteration=18 barrier_iteration=3 stage=24 derivative_s=0.004023900 first_order_s=0.001924600 second_order_s=0.001791400 algebra_s=0.015582900 kkt_assembly_s=0.001145100 factor_s=0.031703000 solve_s=0.012457900 update_s=0.001728200 K_nnz=96025 rhs_cols=1 Vxx_nnz=62001
FILTERDDP_TIMING iteration=18 barrier_iteration=3 stage=23 derivative_s=0.111731600 first_order_s=0.001429100 second_order_s=0.110179800 algebra_s=0.010310700 kkt_assembly_s=0.000571400 factor_s=0.020428100 solve_s=0.012654700 update_s=0.001872700 K_nnz=96025 rhs_cols=1 Vxx_nnz=62001
FILTERDDP_TIMING iteration=18 barrier_iteration=3 stage=22 derivative_s=0.003349700 first_order_s=0.001793000 second_order_s=0.001293500 algebra_s=0.012014700 kkt_assembly_s=0.000565200 factor_s=0.021206300 solve_s=0.011544700 update_s=0.001798400 K_nnz=96025 rhs_cols=1 Vxx_nnz=62001
FILTERDDP_TIMING iteration=18 barrier_iteration=3 stage=21 derivative_s=0.003133900 first_order_s=0.001627900 second_order_s=0.001244300 algebra_s=0.011947200 kkt_assembly_s=0.000592200 factor_s=0.023377000 solve_s=0.012291300 update_s=0.002011200 K_nnz=96025 rhs_cols=1 Vxx_nnz=62001
FILTERDDP_TIMING iteration=18 barrier_iteration=3 stage=20 derivative_s=0.003081000 first_order_s=0.001563800 second_order_s=0.001257400 algebra_s=0.012095200 kkt_assembly_s=0.000536400 factor_s=0.019931700 solve_s=0.011859000 update_s=0.001616500 K_nnz=96025 rhs_cols=1 Vxx_nnz=62001
FILTERDDP_TIMING iteration=18 barrier_iteration=3 stage=19 derivative_s=0.003069300 first_order_s=0.001614100 second_order_s=0.001193500 algebra_s=0.011952900 kkt_assembly_s=0.000539300 factor_s=0.019852000 solve_s=0.012032200 update_s=0.001570300 K_nnz=96025 rhs_cols=1 Vxx_nnz=62001
FILTERDDP_TIMING iteration=18 barrier_iteration=3 stage=18 derivative_s=0.003000700 first_order_s=0.001578900 second_order_s=0.001160300 algebra_s=0.013385400 kkt_assembly_s=0.000518600 factor_s=0.021788400 solve_s=0.013682100 update_s=0.002494400 K_nnz=96025 rhs_cols=1 Vxx_nnz=62001
FILTERDDP_TIMING iteration=18 barrier_iteration=3 stage=17 derivative_s=0.030151700 first_order_s=0.002410900 second_order_s=0.027461000 algebra_s=0.015258100 kkt_assembly_s=0.000716000 factor_s=0.023449000 solve_s=0.011448300 update_s=0.001726400 K_nnz=96025 rhs_cols=1 Vxx_nnz=62001
FILTERDDP_TIMING iteration=18 barrier_iteration=3 stage=16 derivative_s=0.003117900 first_order_s=0.001611000 second_order_s=0.001244800 algebra_s=0.012033700 kkt_assembly_s=0.000540400 factor_s=0.019726700 solve_s=0.012585000 update_s=0.001697700 K_nnz=96025 rhs_cols=1 Vxx_nnz=62001
FILTERDDP_TIMING iteration=18 barrier_iteration=3 stage=15 derivative_s=0.003209900 first_order_s=0.001706700 second_order_s=0.001236800 algebra_s=0.011962500 kkt_assembly_s=0.000530600 factor_s=0.021267600 solve_s=0.015201700 update_s=0.001597600 K_nnz=96025 rhs_cols=1 Vxx_nnz=62001
FILTERDDP_TIMING iteration=18 barrier_iteration=3 stage=14 derivative_s=0.003054900 first_order_s=0.001544500 second_order_s=0.001230500 algebra_s=0.013528800 kkt_assembly_s=0.000586200 factor_s=0.022623100 solve_s=0.012273900 update_s=0.001638000 K_nnz=96025 rhs_cols=1 Vxx_nnz=62001
FILTERDDP_TIMING iteration=18 barrier_iteration=3 stage=13 derivative_s=0.003196500 first_order_s=0.001714300 second_order_s=0.001218100 algebra_s=0.014533500 kkt_assembly_s=0.000571800 factor_s=0.036763100 solve_s=0.012538000 update_s=0.001694800 K_nnz=96025 rhs_cols=1 Vxx_nnz=62001
FILTERDDP_TIMING iteration=18 barrier_iteration=3 stage=12 derivative_s=0.003202700 first_order_s=0.001669100 second_order_s=0.001270300 algebra_s=0.008324800 kkt_assembly_s=0.000591000 factor_s=0.039156600 solve_s=0.013488900 update_s=0.001683000 K_nnz=96025 rhs_cols=1 Vxx_nnz=62001
FILTERDDP_TIMING iteration=18 barrier_iteration=3 stage=11 derivative_s=0.003129800 first_order_s=0.001613900 second_order_s=0.001250100 algebra_s=0.016054700 kkt_assembly_s=0.000885200 factor_s=0.030189900 solve_s=0.012481500 update_s=0.001830300 K_nnz=96025 rhs_cols=1 Vxx_nnz=62001
FILTERDDP_TIMING iteration=18 barrier_iteration=3 stage=10 derivative_s=0.003377600 first_order_s=0.001765700 second_order_s=0.001292700 algebra_s=0.013261500 kkt_assembly_s=0.000764100 factor_s=0.027166300 solve_s=0.012406600 update_s=0.001609400 K_nnz=96025 rhs_cols=1 Vxx_nnz=62001
FILTERDDP_TIMING iteration=18 barrier_iteration=3 stage=9 derivative_s=0.001166600 first_order_s=0.000610200 second_order_s=0.000455600 algebra_s=0.053827100 kkt_assembly_s=0.000637400 factor_s=0.021860700 solve_s=0.013689400 update_s=0.001692400 K_nnz=96025 rhs_cols=1 Vxx_nnz=62001
FILTERDDP_TIMING iteration=18 barrier_iteration=3 stage=8 derivative_s=0.003318100 first_order_s=0.001643500 second_order_s=0.001338000 algebra_s=0.017723200 kkt_assembly_s=0.001031100 factor_s=0.026558300 solve_s=0.013645700 update_s=0.001872100 K_nnz=96025 rhs_cols=1 Vxx_nnz=62001
FILTERDDP_TIMING iteration=18 barrier_iteration=3 stage=7 derivative_s=0.003539400 first_order_s=0.001761000 second_order_s=0.001377100 algebra_s=0.011799900 kkt_assembly_s=0.000551200 factor_s=0.020179300 solve_s=0.012229000 update_s=0.001566300 K_nnz=96025 rhs_cols=1 Vxx_nnz=62001
FILTERDDP_TIMING iteration=18 barrier_iteration=3 stage=6 derivative_s=0.003249500 first_order_s=0.001784100 second_order_s=0.001183300 algebra_s=0.127993800 kkt_assembly_s=0.000607200 factor_s=0.021536500 solve_s=0.012394600 update_s=0.001626000 K_nnz=96025 rhs_cols=1 Vxx_nnz=62001
FILTERDDP_TIMING iteration=18 barrier_iteration=3 stage=5 derivative_s=0.003495000 first_order_s=0.001758200 second_order_s=0.001467600 algebra_s=0.014816000 kkt_assembly_s=0.000798300 factor_s=0.032749100 solve_s=0.014181300 update_s=0.001938700 K_nnz=96025 rhs_cols=1 Vxx_nnz=62001
FILTERDDP_TIMING iteration=18 barrier_iteration=3 stage=4 derivative_s=0.003054800 first_order_s=0.001592500 second_order_s=0.001199600 algebra_s=0.021158100 kkt_assembly_s=0.001101600 factor_s=0.048801600 solve_s=0.015142800 update_s=0.001673000 K_nnz=96025 rhs_cols=1 Vxx_nnz=62001
FILTERDDP_TIMING iteration=18 barrier_iteration=3 stage=3 derivative_s=0.003601600 first_order_s=0.002175100 second_order_s=0.001171600 algebra_s=0.022255200 kkt_assembly_s=0.001480300 factor_s=0.028008900 solve_s=0.012200400 update_s=0.001740400 K_nnz=96025 rhs_cols=1 Vxx_nnz=62001
FILTERDDP_TIMING iteration=18 barrier_iteration=3 stage=2 derivative_s=0.003029100 first_order_s=0.001602900 second_order_s=0.001163000 algebra_s=0.014056300 kkt_assembly_s=0.000567800 factor_s=0.022297000 solve_s=0.012471200 update_s=0.001494800 K_nnz=96025 rhs_cols=1 Vxx_nnz=62001
FILTERDDP_TIMING iteration=18 barrier_iteration=3 stage=1 derivative_s=0.003376500 first_order_s=0.001872300 second_order_s=0.001193200 algebra_s=0.014892600 kkt_assembly_s=0.000735500 factor_s=0.028715800 solve_s=0.034474400 update_s=0.002231100 K_nnz=96025 rhs_cols=1 Vxx_nnz=62001
FILTERDDP_FEASIBILITY iteration=18 barrier_iteration=3 equality_count=248064 equality_rms=2.490211436065e-04 equality_max=8.217074082388e-03 equality_worst_stage=8 equality_worst_index=9917 dynamics_count=5727 dynamics_rms=1.375460338196e-18 dynamics_max=6.938893903907e-18 dynamics_worst_stage=5 dynamics_worst_index=19 bound_count=170736 bound_rms=0.000000000000e+00 bound_max=0.000000000000e+00 bound_worst_stage=0 bound_worst_index=0 bound_worst_kind=none
    18   9.99397499e+03   8.2171e-03   1.7231e+00   2.7912e-02   -2.10      -     1.4535e-01   0
FILTERDDP_ITER_TIMING iteration=18 barrier_iteration=3 backward_s=1.723880400 forward_s=0.181935800 total_s=1.905816200 outcome=accepted step_size=1.382652104e-01 backtracks=0 mu=8.000000000e-03
FILTERDDP_TIMING iteration=19 barrier_iteration=3 stage=24 derivative_s=0.001615100 first_order_s=0.000781100 second_order_s=0.000710500 algebra_s=0.013762900 kkt_assembly_s=0.001129300 factor_s=0.033003000 solve_s=0.012538000 update_s=0.001711400 K_nnz=96025 rhs_cols=1 Vxx_nnz=62001
FILTERDDP_TIMING iteration=19 barrier_iteration=3 stage=23 derivative_s=0.003502300 first_order_s=0.001908100 second_order_s=0.001325600 algebra_s=0.016111600 kkt_assembly_s=0.000559600 factor_s=0.020313300 solve_s=0.011859800 update_s=0.001900800 K_nnz=96025 rhs_cols=1 Vxx_nnz=62001
FILTERDDP_TIMING iteration=19 barrier_iteration=3 stage=22 derivative_s=0.003525200 first_order_s=0.001965500 second_order_s=0.001293200 algebra_s=0.013114900 kkt_assembly_s=0.000697300 factor_s=0.021068300 solve_s=0.011787300 update_s=0.001982800 K_nnz=96025 rhs_cols=1 Vxx_nnz=62001
FILTERDDP_TIMING iteration=19 barrier_iteration=3 stage=21 derivative_s=0.003122300 first_order_s=0.001645100 second_order_s=0.001215200 algebra_s=0.012089600 kkt_assembly_s=0.000572700 factor_s=0.021218600 solve_s=0.032062800 update_s=0.001672500 K_nnz=96025 rhs_cols=1 Vxx_nnz=62001
FILTERDDP_TIMING iteration=19 barrier_iteration=3 stage=20 derivative_s=0.003062000 first_order_s=0.001585500 second_order_s=0.001229100 algebra_s=0.010795800 kkt_assembly_s=0.000604500 factor_s=0.020023200 solve_s=0.011754000 update_s=0.001759800 K_nnz=96025 rhs_cols=1 Vxx_nnz=62001
FILTERDDP_TIMING iteration=19 barrier_iteration=3 stage=19 derivative_s=0.003134900 first_order_s=0.001615500 second_order_s=0.001251100 algebra_s=0.012040800 kkt_assembly_s=0.000596500 factor_s=0.020206300 solve_s=0.011966900 update_s=0.001747200 K_nnz=96025 rhs_cols=1 Vxx_nnz=62001
FILTERDDP_TIMING iteration=19 barrier_iteration=3 stage=18 derivative_s=0.003206300 first_order_s=0.001639300 second_order_s=0.001303000 algebra_s=0.013131200 kkt_assembly_s=0.000569000 factor_s=0.020303200 solve_s=0.011806000 update_s=0.001657200 K_nnz=96025 rhs_cols=1 Vxx_nnz=62001
FILTERDDP_TIMING iteration=19 barrier_iteration=3 stage=17 derivative_s=0.003153000 first_order_s=0.001634000 second_order_s=0.001254600 algebra_s=0.015013500 kkt_assembly_s=0.000525200 factor_s=0.065904500 solve_s=0.012093800 update_s=0.001754400 K_nnz=96025 rhs_cols=1 Vxx_nnz=62001
FILTERDDP_TIMING iteration=19 barrier_iteration=3 stage=16 derivative_s=0.003474100 first_order_s=0.001875200 second_order_s=0.001335100 algebra_s=0.018336000 kkt_assembly_s=0.001309200 factor_s=0.036303000 solve_s=0.012295100 update_s=0.001765700 K_nnz=96025 rhs_cols=1 Vxx_nnz=62001
FILTERDDP_TIMING iteration=19 barrier_iteration=3 stage=15 derivative_s=0.003395200 first_order_s=0.001774300 second_order_s=0.001357800 algebra_s=0.023198700 kkt_assembly_s=0.001298100 factor_s=0.037364300 solve_s=0.013063900 update_s=0.001728200 K_nnz=96025 rhs_cols=1 Vxx_nnz=62001
FILTERDDP_TIMING iteration=19 barrier_iteration=3 stage=14 derivative_s=0.003128700 first_order_s=0.001624600 second_order_s=0.001238000 algebra_s=0.013953700 kkt_assembly_s=0.000541700 factor_s=0.019861700 solve_s=0.118598400 update_s=0.001749000 K_nnz=96025 rhs_cols=1 Vxx_nnz=62001
FILTERDDP_TIMING iteration=19 barrier_iteration=3 stage=13 derivative_s=0.003338500 first_order_s=0.001707600 second_order_s=0.001371400 algebra_s=0.011925700 kkt_assembly_s=0.000610100 factor_s=0.021480700 solve_s=0.012433800 update_s=0.001740600 K_nnz=96025 rhs_cols=1 Vxx_nnz=62001
FILTERDDP_TIMING iteration=19 barrier_iteration=3 stage=12 derivative_s=0.003715300 first_order_s=0.002065300 second_order_s=0.001385900 algebra_s=0.013828600 kkt_assembly_s=0.000614200 factor_s=0.020106700 solve_s=0.011977900 update_s=0.001607800 K_nnz=96025 rhs_cols=1 Vxx_nnz=62001
FILTERDDP_TIMING iteration=19 barrier_iteration=3 stage=11 derivative_s=0.003783700 first_order_s=0.002226000 second_order_s=0.001213700 algebra_s=0.011314700 kkt_assembly_s=0.000530600 factor_s=0.020534300 solve_s=0.012091300 update_s=0.001618100 K_nnz=96025 rhs_cols=1 Vxx_nnz=62001
FILTERDDP_TIMING iteration=19 barrier_iteration=3 stage=10 derivative_s=0.004079400 first_order_s=0.002284900 second_order_s=0.001391700 algebra_s=0.013939300 kkt_assembly_s=0.000554800 factor_s=0.019990000 solve_s=0.011890000 update_s=0.001569100 K_nnz=96025 rhs_cols=1 Vxx_nnz=62001
FILTERDDP_TIMING iteration=19 barrier_iteration=3 stage=9 derivative_s=0.003003000 first_order_s=0.001584000 second_order_s=0.001155000 algebra_s=0.013508500 kkt_assembly_s=0.000568500 factor_s=0.020486900 solve_s=0.011981400 update_s=0.001799500 K_nnz=96025 rhs_cols=1 Vxx_nnz=62001
FILTERDDP_TIMING iteration=19 barrier_iteration=3 stage=8 derivative_s=0.002967100 first_order_s=0.001563600 second_order_s=0.001141100 algebra_s=0.012504400 kkt_assembly_s=0.000717100 factor_s=0.021453300 solve_s=0.029487500 update_s=0.001748000 K_nnz=96025 rhs_cols=1 Vxx_nnz=62001
FILTERDDP_TIMING iteration=19 barrier_iteration=3 stage=7 derivative_s=0.003233000 first_order_s=0.001677200 second_order_s=0.001292800 algebra_s=0.011978700 kkt_assembly_s=0.000552000 factor_s=0.020627200 solve_s=0.012058300 update_s=0.001676900 K_nnz=96025 rhs_cols=1 Vxx_nnz=62001
FILTERDDP_TIMING iteration=19 barrier_iteration=3 stage=6 derivative_s=0.003245400 first_order_s=0.001671000 second_order_s=0.001314600 algebra_s=0.012026900 kkt_assembly_s=0.000568500 factor_s=0.021100500 solve_s=0.012447700 update_s=0.001716700 K_nnz=96025 rhs_cols=1 Vxx_nnz=62001
FILTERDDP_TIMING iteration=19 barrier_iteration=3 stage=5 derivative_s=0.003122800 first_order_s=0.001621700 second_order_s=0.001234200 algebra_s=0.013529200 kkt_assembly_s=0.000577700 factor_s=0.022454100 solve_s=0.013899900 update_s=0.001766900 K_nnz=96025 rhs_cols=1 Vxx_nnz=62001
FILTERDDP_TIMING iteration=19 barrier_iteration=3 stage=4 derivative_s=0.003107900 first_order_s=0.001591600 second_order_s=0.001199600 algebra_s=0.012320300 kkt_assembly_s=0.000537300 factor_s=0.021230300 solve_s=0.011918300 update_s=0.001776800 K_nnz=96025 rhs_cols=1 Vxx_nnz=62001
FILTERDDP_TIMING iteration=19 barrier_iteration=3 stage=3 derivative_s=0.003223700 first_order_s=0.001800700 second_order_s=0.001158800 algebra_s=0.034458700 kkt_assembly_s=0.001235400 factor_s=0.031706400 solve_s=0.012137000 update_s=0.001796300 K_nnz=96025 rhs_cols=1 Vxx_nnz=62001
FILTERDDP_TIMING iteration=19 barrier_iteration=3 stage=2 derivative_s=0.003292000 first_order_s=0.001747800 second_order_s=0.001279800 algebra_s=0.022376200 kkt_assembly_s=0.000609800 factor_s=0.020506600 solve_s=0.011907100 update_s=0.001667900 K_nnz=96025 rhs_cols=1 Vxx_nnz=62001
FILTERDDP_TIMING iteration=19 barrier_iteration=3 stage=1 derivative_s=0.003040600 first_order_s=0.001590200 second_order_s=0.001190900 algebra_s=0.020141300 kkt_assembly_s=0.001296000 factor_s=0.035498000 solve_s=0.012740400 update_s=0.001608600 K_nnz=96025 rhs_cols=1 Vxx_nnz=62001
FILTERDDP_FEASIBILITY iteration=19 barrier_iteration=3 equality_count=248064 equality_rms=2.771447204179e-04 equality_max=8.952011116790e-03 equality_worst_stage=8 equality_worst_index=9917 dynamics_count=5727 dynamics_rms=1.436654719323e-18 dynamics_max=6.938893903907e-18 dynamics_worst_stage=22 dynamics_worst_index=84 bound_count=170736 bound_rms=0.000000000000e+00 bound_max=0.000000000000e+00 bound_worst_stage=0 bound_worst_index=0 bound_worst_kind=none
    19   9.93513427e+03   8.9520e-03   1.9349e+00   2.5193e-02   -2.10      -     1.3827e-01   0
FILTERDDP_ITER_TIMING iteration=19 barrier_iteration=3 backward_s=1.554345800 forward_s=0.179682300 total_s=1.734028100 outcome=accepted step_size=2.675485740e-01 backtracks=0 mu=8.000000000e-03
FILTERDDP_TIMING iteration=20 barrier_iteration=3 stage=24 derivative_s=0.003892300 first_order_s=0.001776200 second_order_s=0.001864000 algebra_s=0.011977400 kkt_assembly_s=0.000618300 factor_s=0.020891000 solve_s=0.012013200 update_s=0.001593100 K_nnz=96025 rhs_cols=1 Vxx_nnz=62001
FILTERDDP_TIMING iteration=20 barrier_iteration=3 stage=23 derivative_s=0.003340300 first_order_s=0.001791000 second_order_s=0.001284400 algebra_s=0.011884900 kkt_assembly_s=0.000580800 factor_s=0.020539500 solve_s=0.012367200 update_s=0.001801400 K_nnz=96025 rhs_cols=1 Vxx_nnz=62001
FILTERDDP_TIMING iteration=20 barrier_iteration=3 stage=22 derivative_s=0.003145100 first_order_s=0.001662000 second_order_s=0.001217700 algebra_s=0.011816700 kkt_assembly_s=0.000524800 factor_s=0.142546900 solve_s=0.012527500 update_s=0.001825100 K_nnz=96025 rhs_cols=1 Vxx_nnz=62001
FILTERDDP_TIMING iteration=20 barrier_iteration=3 stage=21 derivative_s=0.003314300 first_order_s=0.001692900 second_order_s=0.001355300 algebra_s=0.013232900 kkt_assembly_s=0.000612400 factor_s=0.020381500 solve_s=0.016046600 update_s=0.001643400 K_nnz=96025 rhs_cols=1 Vxx_nnz=62001
FILTERDDP_TIMING iteration=20 barrier_iteration=3 stage=20 derivative_s=0.003275100 first_order_s=0.001680200 second_order_s=0.001331400 algebra_s=0.011841400 kkt_assembly_s=0.000666800 factor_s=0.019818700 solve_s=0.011912000 update_s=0.001768800 K_nnz=96025 rhs_cols=1 Vxx_nnz=62001
FILTERDDP_TIMING iteration=20 barrier_iteration=3 stage=19 derivative_s=0.003205800 first_order_s=0.001690700 second_order_s=0.001207100 algebra_s=0.014510100 kkt_assembly_s=0.000529800 factor_s=0.020126100 solve_s=0.012094700 update_s=0.001634400 K_nnz=96025 rhs_cols=1 Vxx_nnz=62001
FILTERDDP_TIMING iteration=20 barrier_iteration=3 stage=18 derivative_s=0.003103600 first_order_s=0.001584200 second_order_s=0.001256900 algebra_s=0.012487800 kkt_assembly_s=0.000555900 factor_s=0.020324400 solve_s=0.012999700 update_s=0.001603300 K_nnz=96025 rhs_cols=1 Vxx_nnz=62001
FILTERDDP_TIMING iteration=20 barrier_iteration=3 stage=17 derivative_s=0.003102400 first_order_s=0.001604100 second_order_s=0.001236600 algebra_s=0.021085700 kkt_assembly_s=0.001299000 factor_s=0.035974200 solve_s=0.011942400 update_s=0.001522100 K_nnz=96025 rhs_cols=1 Vxx_nnz=62001
FILTERDDP_TIMING iteration=20 barrier_iteration=3 stage=16 derivative_s=0.002960400 first_order_s=0.001550600 second_order_s=0.001148100 algebra_s=0.019806000 kkt_assembly_s=0.001632100 factor_s=0.033024100 solve_s=0.013066300 update_s=0.002863800 K_nnz=96025 rhs_cols=1 Vxx_nnz=62001
FILTERDDP_TIMING iteration=20 barrier_iteration=3 stage=15 derivative_s=0.023149600 first_order_s=0.003013900 second_order_s=0.020007700 algebra_s=0.015723700 kkt_assembly_s=0.001238800 factor_s=0.026768400 solve_s=0.011659200 update_s=0.001677100 K_nnz=96025 rhs_cols=1 Vxx_nnz=62001
FILTERDDP_TIMING iteration=20 barrier_iteration=3 stage=14 derivative_s=0.003623800 first_order_s=0.001999400 second_order_s=0.001358600 algebra_s=0.019962100 kkt_assembly_s=0.001314500 factor_s=0.033886900 solve_s=0.012187000 update_s=0.001862300 K_nnz=96025 rhs_cols=1 Vxx_nnz=62001
FILTERDDP_TIMING iteration=20 barrier_iteration=3 stage=13 derivative_s=0.003109400 first_order_s=0.001621300 second_order_s=0.001225700 algebra_s=0.012060600 kkt_assembly_s=0.000532800 factor_s=0.020377600 solve_s=0.012309100 update_s=0.001754400 K_nnz=96025 rhs_cols=1 Vxx_nnz=62001
FILTERDDP_TIMING iteration=20 barrier_iteration=3 stage=12 derivative_s=0.003124300 first_order_s=0.001615600 second_order_s=0.001246100 algebra_s=0.012030900 kkt_assembly_s=0.000512900 factor_s=0.021261100 solve_s=0.012352600 update_s=0.001636600 K_nnz=96025 rhs_cols=1 Vxx_nnz=62001
FILTERDDP_TIMING iteration=20 barrier_iteration=3 stage=11 derivative_s=0.003087900 first_order_s=0.001607600 second_order_s=0.001214900 algebra_s=0.013719000 kkt_assembly_s=0.000568500 factor_s=0.040027800 solve_s=0.011724200 update_s=0.001794700 K_nnz=96025 rhs_cols=1 Vxx_nnz=62001
FILTERDDP_TIMING iteration=20 barrier_iteration=3 stage=10 derivative_s=0.003256800 first_order_s=0.001700800 second_order_s=0.001293600 algebra_s=0.012034900 kkt_assembly_s=0.000551800 factor_s=0.020357700 solve_s=0.012315900 update_s=0.001812700 K_nnz=96025 rhs_cols=1 Vxx_nnz=62001
FILTERDDP_TIMING iteration=20 barrier_iteration=3 stage=9 derivative_s=0.003130900 first_order_s=0.001587900 second_order_s=0.001262300 algebra_s=0.015416800 kkt_assembly_s=0.000532700 factor_s=0.020125800 solve_s=0.012352500 update_s=0.001735200 K_nnz=96025 rhs_cols=1 Vxx_nnz=62001
FILTERDDP_TIMING iteration=20 barrier_iteration=3 stage=8 derivative_s=0.003178300 first_order_s=0.001689800 second_order_s=0.001221500 algebra_s=0.012257700 kkt_assembly_s=0.000590900 factor_s=0.020969300 solve_s=0.013525000 update_s=0.001832700 K_nnz=96025 rhs_cols=1 Vxx_nnz=62001
FILTERDDP_TIMING iteration=20 barrier_iteration=3 stage=7 derivative_s=0.003243500 first_order_s=0.001736800 second_order_s=0.001241200 algebra_s=0.011735000 kkt_assembly_s=0.000544200 factor_s=0.066061200 solve_s=0.012387900 update_s=0.001899600 K_nnz=96025 rhs_cols=1 Vxx_nnz=62001
FILTERDDP_TIMING iteration=20 barrier_iteration=3 stage=6 derivative_s=0.003560200 first_order_s=0.001785300 second_order_s=0.001484400 algebra_s=0.011735700 kkt_assembly_s=0.000551100 factor_s=0.020477200 solve_s=0.011924500 update_s=0.001676900 K_nnz=96025 rhs_cols=1 Vxx_nnz=62001
FILTERDDP_TIMING iteration=20 barrier_iteration=3 stage=5 derivative_s=0.003213100 first_order_s=0.001635800 second_order_s=0.001248200 algebra_s=0.011927100 kkt_assembly_s=0.000524400 factor_s=0.020967800 solve_s=0.013030100 update_s=0.001883900 K_nnz=96025 rhs_cols=1 Vxx_nnz=62001
FILTERDDP_TIMING iteration=20 barrier_iteration=3 stage=4 derivative_s=0.004396500 first_order_s=0.002352700 second_order_s=0.001519000 algebra_s=0.014251300 kkt_assembly_s=0.000552100 factor_s=0.137679300 solve_s=0.011912000 update_s=0.001713200 K_nnz=96025 rhs_cols=1 Vxx_nnz=62001
FILTERDDP_TIMING iteration=20 barrier_iteration=3 stage=3 derivative_s=0.003424900 first_order_s=0.001866600 second_order_s=0.001293600 algebra_s=0.011881800 kkt_assembly_s=0.000564700 factor_s=0.020318500 solve_s=0.012568100 update_s=0.001888700 K_nnz=96025 rhs_cols=1 Vxx_nnz=62001
FILTERDDP_TIMING iteration=20 barrier_iteration=3 stage=2 derivative_s=0.003067300 first_order_s=0.001607700 second_order_s=0.001193000 algebra_s=0.011855000 kkt_assembly_s=0.000595600 factor_s=0.020696200 solve_s=0.012475000 update_s=0.001852800 K_nnz=96025 rhs_cols=1 Vxx_nnz=62001
FILTERDDP_TIMING iteration=20 barrier_iteration=3 stage=1 derivative_s=0.003635700 first_order_s=0.001760000 second_order_s=0.001426100 algebra_s=0.012580300 kkt_assembly_s=0.000563500 factor_s=0.020173500 solve_s=0.012534100 update_s=0.001635400 K_nnz=96025 rhs_cols=1 Vxx_nnz=62001
FILTERDDP_FEASIBILITY iteration=20 barrier_iteration=3 equality_count=248064 equality_rms=4.340779947960e-04 equality_max=1.586683495292e-02 equality_worst_stage=24 equality_worst_index=7582 dynamics_count=5727 dynamics_rms=1.400493560718e-18 dynamics_max=6.938893903907e-18 dynamics_worst_stage=21 dynamics_worst_index=23 bound_count=170736 bound_rms=0.000000000000e+00 bound_max=0.000000000000e+00 bound_worst_stage=0 bound_worst_index=0 bound_worst_kind=none
  iter     objective        pr_inf       du_inf       cs_inf     lg(μ)   lg(reg)    alpha     ls
    20   9.82615438e+03   1.5867e-02   2.1679e+00   2.0757e-02   -2.10      -     2.6755e-01   0
FILTERDDP_ITER_TIMING iteration=20 barrier_iteration=3 backward_s=1.634235900 forward_s=0.131045600 total_s=1.765281500 outcome=accepted step_size=2.996102671e-01 backtracks=0 mu=8.000000000e-03
FILTERDDP_TIMING iteration=21 barrier_iteration=3 stage=24 derivative_s=0.003247600 first_order_s=0.001573700 second_order_s=0.001420700 algebra_s=0.016001800 kkt_assembly_s=0.001277900 factor_s=0.029267500 solve_s=0.013522500 update_s=0.003080600 K_nnz=96025 rhs_cols=1 Vxx_nnz=62001
FILTERDDP_TIMING iteration=21 barrier_iteration=3 stage=23 derivative_s=0.005803400 first_order_s=0.002603000 second_order_s=0.002843600 algebra_s=0.012881100 kkt_assembly_s=0.000750600 factor_s=0.057736000 solve_s=0.012216700 update_s=0.001186700 K_nnz=96025 rhs_cols=1 Vxx_nnz=62001
FILTERDDP_TIMING iteration=21 barrier_iteration=3 stage=22 derivative_s=0.004420500 first_order_s=0.002061800 second_order_s=0.002063900 algebra_s=0.014060400 kkt_assembly_s=0.000850900 factor_s=0.022099800 solve_s=0.012521700 update_s=0.002437600 K_nnz=96025 rhs_cols=1 Vxx_nnz=62001
FILTERDDP_TIMING iteration=21 barrier_iteration=3 stage=21 derivative_s=0.006643900 first_order_s=0.002968900 second_order_s=0.003391800 algebra_s=0.021580600 kkt_assembly_s=0.002353000 factor_s=0.031294300 solve_s=0.013489400 update_s=0.002739400 K_nnz=96025 rhs_cols=1 Vxx_nnz=62001
FILTERDDP_TIMING iteration=21 barrier_iteration=3 stage=20 derivative_s=0.006624600 first_order_s=0.002887900 second_order_s=0.003452200 algebra_s=0.029269500 kkt_assembly_s=0.002155500 factor_s=0.033238700 solve_s=0.014406600 update_s=0.002879800 K_nnz=96025 rhs_cols=1 Vxx_nnz=62001
FILTERDDP_TIMING iteration=21 barrier_iteration=3 stage=19 derivative_s=0.005754900 first_order_s=0.002560500 second_order_s=0.002916400 algebra_s=0.014110900 kkt_assembly_s=0.000737300 factor_s=0.022223100 solve_s=0.012912800 update_s=0.002991600 K_nnz=96025 rhs_cols=1 Vxx_nnz=62001
FILTERDDP_TIMING iteration=21 barrier_iteration=3 stage=18 derivative_s=0.006109700 first_order_s=0.002565800 second_order_s=0.003261600 algebra_s=0.033880400 kkt_assembly_s=0.001144100 factor_s=0.027723500 solve_s=0.012745100 update_s=0.001686400 K_nnz=96025 rhs_cols=1 Vxx_nnz=62001
FILTERDDP_TIMING iteration=21 barrier_iteration=3 stage=17 derivative_s=0.003281000 first_order_s=0.001635000 second_order_s=0.001380200 algebra_s=0.019964900 kkt_assembly_s=0.001295600 factor_s=0.031630600 solve_s=0.012990100 update_s=0.001670500 K_nnz=96025 rhs_cols=1 Vxx_nnz=62001
FILTERDDP_TIMING iteration=21 barrier_iteration=3 stage=16 derivative_s=0.003178600 first_order_s=0.001611400 second_order_s=0.001262400 algebra_s=0.012965000 kkt_assembly_s=0.000568600 factor_s=0.022812200 solve_s=0.012473600 update_s=0.001478400 K_nnz=96025 rhs_cols=1 Vxx_nnz=62001
FILTERDDP_TIMING iteration=21 barrier_iteration=3 stage=15 derivative_s=0.003227300 first_order_s=0.001738300 second_order_s=0.001225200 algebra_s=0.011997100 kkt_assembly_s=0.000590600 factor_s=0.022405600 solve_s=0.064010100 update_s=0.001603700 K_nnz=96025 rhs_cols=1 Vxx_nnz=62001
FILTERDDP_TIMING iteration=21 barrier_iteration=3 stage=14 derivative_s=0.003274500 first_order_s=0.001684600 second_order_s=0.001326000 algebra_s=0.013095500 kkt_assembly_s=0.000693400 factor_s=0.025622000 solve_s=0.012233100 update_s=0.001166000 K_nnz=96025 rhs_cols=1 Vxx_nnz=62001
FILTERDDP_TIMING iteration=21 barrier_iteration=3 stage=13 derivative_s=0.003134400 first_order_s=0.001653300 second_order_s=0.001218800 algebra_s=0.012203500 kkt_assembly_s=0.000575400 factor_s=0.021492700 solve_s=0.011903000 update_s=0.001122700 K_nnz=96025 rhs_cols=1 Vxx_nnz=62001
FILTERDDP_TIMING iteration=21 barrier_iteration=3 stage=12 derivative_s=0.003145500 first_order_s=0.001599000 second_order_s=0.001281100 algebra_s=0.012211600 kkt_assembly_s=0.000613800 factor_s=0.021231000 solve_s=0.012438400 update_s=0.001551100 K_nnz=96025 rhs_cols=1 Vxx_nnz=62001
FILTERDDP_TIMING iteration=21 barrier_iteration=3 stage=11 derivative_s=0.124667200 first_order_s=0.000962500 second_order_s=0.123541300 algebra_s=0.011766400 kkt_assembly_s=0.000885500 factor_s=0.021795900 solve_s=0.014992500 update_s=0.002735100 K_nnz=96025 rhs_cols=1 Vxx_nnz=62001
FILTERDDP_TIMING iteration=21 barrier_iteration=3 stage=10 derivative_s=0.005954300 first_order_s=0.002685700 second_order_s=0.002977100 algebra_s=0.021977000 kkt_assembly_s=0.002343700 factor_s=0.035249900 solve_s=0.013179500 update_s=0.002814800 K_nnz=96025 rhs_cols=1 Vxx_nnz=62001
FILTERDDP_TIMING iteration=21 barrier_iteration=3 stage=9 derivative_s=0.005981400 first_order_s=0.002731100 second_order_s=0.002916700 algebra_s=0.012596800 kkt_assembly_s=0.000808600 factor_s=0.022450900 solve_s=0.014323600 update_s=0.002849600 K_nnz=96025 rhs_cols=1 Vxx_nnz=62001
FILTERDDP_TIMING iteration=21 barrier_iteration=3 stage=8 derivative_s=0.006375700 first_order_s=0.002594600 second_order_s=0.003500900 algebra_s=0.020781400 kkt_assembly_s=0.000874900 factor_s=0.023650400 solve_s=0.014236900 update_s=0.003246000 K_nnz=96025 rhs_cols=1 Vxx_nnz=62001
FILTERDDP_TIMING iteration=21 barrier_iteration=3 stage=7 derivative_s=0.005921400 first_order_s=0.002579900 second_order_s=0.003063700 algebra_s=0.012619200 kkt_assembly_s=0.000832900 factor_s=0.024492800 solve_s=0.013887900 update_s=0.002629200 K_nnz=96025 rhs_cols=1 Vxx_nnz=62001
FILTERDDP_TIMING iteration=21 barrier_iteration=3 stage=6 derivative_s=0.005863600 first_order_s=0.002436300 second_order_s=0.002978800 algebra_s=0.012399900 kkt_assembly_s=0.000790100 factor_s=0.023735300 solve_s=0.039821400 update_s=0.001489400 K_nnz=96025 rhs_cols=1 Vxx_nnz=62001
FILTERDDP_TIMING iteration=21 barrier_iteration=3 stage=5 derivative_s=0.003840200 first_order_s=0.002234000 second_order_s=0.001345000 algebra_s=0.012221700 kkt_assembly_s=0.000631400 factor_s=0.022335400 solve_s=0.012593300 update_s=0.002093800 K_nnz=96025 rhs_cols=1 Vxx_nnz=62001
FILTERDDP_TIMING iteration=21 barrier_iteration=3 stage=4 derivative_s=0.003241100 first_order_s=0.001752200 second_order_s=0.001227500 algebra_s=0.021757700 kkt_assembly_s=0.000613100 factor_s=0.021525200 solve_s=0.011759600 update_s=0.001890500 K_nnz=96025 rhs_cols=1 Vxx_nnz=62001
FILTERDDP_TIMING iteration=21 barrier_iteration=3 stage=3 derivative_s=0.003454600 first_order_s=0.001689600 second_order_s=0.001500600 algebra_s=0.011468800 kkt_assembly_s=0.000603700 factor_s=0.020848600 solve_s=0.012048800 update_s=0.001674700 K_nnz=96025 rhs_cols=1 Vxx_nnz=62001
FILTERDDP_TIMING iteration=21 barrier_iteration=3 stage=2 derivative_s=0.003282000 first_order_s=0.001623600 second_order_s=0.001350200 algebra_s=0.015266300 kkt_assembly_s=0.000568500 factor_s=0.020810000 solve_s=0.012112000 update_s=0.001640800 K_nnz=96025 rhs_cols=1 Vxx_nnz=62001
FILTERDDP_TIMING iteration=21 barrier_iteration=3 stage=1 derivative_s=0.003264900 first_order_s=0.001640200 second_order_s=0.001332100 algebra_s=0.025067400 kkt_assembly_s=0.000605700 factor_s=0.021455600 solve_s=0.012276500 update_s=0.001713500 K_nnz=96025 rhs_cols=1 Vxx_nnz=62001
FILTERDDP_FEASIBILITY iteration=21 barrier_iteration=3 equality_count=248064 equality_rms=5.724162242897e-04 equality_max=2.272743843563e-02 equality_worst_stage=24 equality_worst_index=7582 dynamics_count=5727 dynamics_rms=1.340784774084e-18 dynamics_max=6.938893903907e-18 dynamics_worst_stage=6 dynamics_worst_index=19 bound_count=170736 bound_rms=0.000000000000e+00 bound_max=0.000000000000e+00 bound_worst_stage=0 bound_worst_index=0 bound_worst_kind=none
    21   9.71752549e+03   2.2727e-02   2.1341e+00   1.7107e-02   -2.10      -     2.9961e-01   0
FILTERDDP_ITER_TIMING iteration=21 barrier_iteration=3 backward_s=1.724686300 forward_s=0.137671900 total_s=1.862358200 outcome=accepted step_size=3.065922954e-01 backtracks=0 mu=8.000000000e-03
FILTERDDP_TIMING iteration=22 barrier_iteration=3 stage=24 derivative_s=0.003552000 first_order_s=0.001713100 second_order_s=0.001567300 algebra_s=0.015266800 kkt_assembly_s=0.001278100 factor_s=0.036067400 solve_s=0.012393600 update_s=0.001707100 K_nnz=96025 rhs_cols=1 Vxx_nnz=62001
FILTERDDP_TIMING iteration=22 barrier_iteration=3 stage=23 derivative_s=0.003310100 first_order_s=0.001666300 second_order_s=0.001274600 algebra_s=0.011930400 kkt_assembly_s=0.000547800 factor_s=0.065316100 solve_s=0.012690600 update_s=0.001963500 K_nnz=96025 rhs_cols=1 Vxx_nnz=62001
FILTERDDP_TIMING iteration=22 barrier_iteration=3 stage=22 derivative_s=0.003311500 first_order_s=0.001728400 second_order_s=0.001320700 algebra_s=0.011643300 kkt_assembly_s=0.000532300 factor_s=0.020140000 solve_s=0.025390800 update_s=0.001745500 K_nnz=96025 rhs_cols=1 Vxx_nnz=62001
FILTERDDP_TIMING iteration=22 barrier_iteration=3 stage=21 derivative_s=0.003105400 first_order_s=0.001637300 second_order_s=0.001206500 algebra_s=0.012984100 kkt_assembly_s=0.000818200 factor_s=0.025032000 solve_s=0.012236400 update_s=0.001747300 K_nnz=96025 rhs_cols=1 Vxx_nnz=62001
FILTERDDP_TIMING iteration=22 barrier_iteration=3 stage=20 derivative_s=0.003427600 first_order_s=0.001816900 second_order_s=0.001341400 algebra_s=0.011613400 kkt_assembly_s=0.000567400 factor_s=0.153426900 solve_s=0.013927300 update_s=0.000852300 K_nnz=96025 rhs_cols=1 Vxx_nnz=62001
FILTERDDP_TIMING iteration=22 barrier_iteration=3 stage=19 derivative_s=0.001299800 first_order_s=0.000672000 second_order_s=0.000522700 algebra_s=0.007067600 kkt_assembly_s=0.000632900 factor_s=0.025084000 solve_s=0.013787500 update_s=0.000885900 K_nnz=96025 rhs_cols=1 Vxx_nnz=62001
FILTERDDP_TIMING iteration=22 barrier_iteration=3 stage=18 derivative_s=0.001289300 first_order_s=0.000654300 second_order_s=0.000528200 algebra_s=0.006620400 kkt_assembly_s=0.000805900 factor_s=0.021799000 solve_s=0.012475500 update_s=0.000956900 K_nnz=96025 rhs_cols=1 Vxx_nnz=62001
FILTERDDP_TIMING iteration=22 barrier_iteration=3 stage=17 derivative_s=0.001806100 first_order_s=0.000939300 second_order_s=0.000693200 algebra_s=0.010339600 kkt_assembly_s=0.000674900 factor_s=0.025561100 solve_s=0.012826800 update_s=0.001733100 K_nnz=96025 rhs_cols=1 Vxx_nnz=62001
FILTERDDP_TIMING iteration=22 barrier_iteration=3 stage=16 derivative_s=0.002983700 first_order_s=0.001513500 second_order_s=0.001223700 algebra_s=0.012520000 kkt_assembly_s=0.000563800 factor_s=0.020298700 solve_s=0.012408500 update_s=0.001602800 K_nnz=96025 rhs_cols=1 Vxx_nnz=62001
FILTERDDP_TIMING iteration=22 barrier_iteration=3 stage=15 derivative_s=0.003112900 first_order_s=0.001681100 second_order_s=0.001170400 algebra_s=0.011887600 kkt_assembly_s=0.000520600 factor_s=0.020492900 solve_s=0.011696400 update_s=0.001608100 K_nnz=96025 rhs_cols=1 Vxx_nnz=62001
FILTERDDP_TIMING iteration=22 barrier_iteration=3 stage=14 derivative_s=0.005757300 first_order_s=0.002631300 second_order_s=0.002842600 algebra_s=0.012585500 kkt_assembly_s=0.000848100 factor_s=0.021508400 solve_s=0.013415800 update_s=0.002859900 K_nnz=96025 rhs_cols=1 Vxx_nnz=62001
FILTERDDP_TIMING iteration=22 barrier_iteration=3 stage=13 derivative_s=0.005597300 first_order_s=0.002586000 second_order_s=0.002734500 algebra_s=0.041299300 kkt_assembly_s=0.000962000 factor_s=0.022343000 solve_s=0.012588000 update_s=0.001747500 K_nnz=96025 rhs_cols=1 Vxx_nnz=62001
FILTERDDP_TIMING iteration=22 barrier_iteration=3 stage=12 derivative_s=0.003205700 first_order_s=0.001651000 second_order_s=0.001288000 algebra_s=0.019538600 kkt_assembly_s=0.001313500 factor_s=0.034200100 solve_s=0.012490000 update_s=0.001782600 K_nnz=96025 rhs_cols=1 Vxx_nnz=62001
FILTERDDP_TIMING iteration=22 barrier_iteration=3 stage=11 derivative_s=0.001878400 first_order_s=0.000970700 second_order_s=0.000743300 algebra_s=0.008711900 kkt_assembly_s=0.000545900 factor_s=0.021328500 solve_s=0.012539300 update_s=0.001625600 K_nnz=96025 rhs_cols=1 Vxx_nnz=62001
FILTERDDP_TIMING iteration=22 barrier_iteration=3 stage=10 derivative_s=0.001268600 first_order_s=0.000665100 second_order_s=0.000493500 algebra_s=0.010316400 kkt_assembly_s=0.000583700 factor_s=0.020946800 solve_s=0.012019900 update_s=0.001533600 K_nnz=96025 rhs_cols=1 Vxx_nnz=62001
FILTERDDP_TIMING iteration=22 barrier_iteration=3 stage=9 derivative_s=0.003084500 first_order_s=0.001584300 second_order_s=0.001212400 algebra_s=0.012363300 kkt_assembly_s=0.000570400 factor_s=0.019822200 solve_s=0.011881500 update_s=0.020664600 K_nnz=96025 rhs_cols=1 Vxx_nnz=62001
FILTERDDP_TIMING iteration=22 barrier_iteration=3 stage=8 derivative_s=0.003556000 first_order_s=0.001846100 second_order_s=0.001445300 algebra_s=0.011762800 kkt_assembly_s=0.000543100 factor_s=0.020406900 solve_s=0.012480900 update_s=0.001733400 K_nnz=96025 rhs_cols=1 Vxx_nnz=62001
FILTERDDP_TIMING iteration=22 barrier_iteration=3 stage=7 derivative_s=0.003120200 first_order_s=0.001594200 second_order_s=0.001262400 algebra_s=0.011998000 kkt_assembly_s=0.000541000 factor_s=0.020200200 solve_s=0.012201000 update_s=0.001891500 K_nnz=96025 rhs_cols=1 Vxx_nnz=62001
FILTERDDP_TIMING iteration=22 barrier_iteration=3 stage=6 derivative_s=0.003128600 first_order_s=0.001631400 second_order_s=0.001233800 algebra_s=0.013090900 kkt_assembly_s=0.000535000 factor_s=0.021509400 solve_s=0.012637700 update_s=0.001611900 K_nnz=96025 rhs_cols=1 Vxx_nnz=62001
FILTERDDP_TIMING iteration=22 barrier_iteration=3 stage=5 derivative_s=0.003655000 first_order_s=0.001894000 second_order_s=0.001343500 algebra_s=0.012123600 kkt_assembly_s=0.000546200 factor_s=0.020617800 solve_s=0.060417000 update_s=0.001740100 K_nnz=96025 rhs_cols=1 Vxx_nnz=62001
FILTERDDP_TIMING iteration=22 barrier_iteration=3 stage=4 derivative_s=0.003360000 first_order_s=0.001725300 second_order_s=0.001370500 algebra_s=0.011999500 kkt_assembly_s=0.000569100 factor_s=0.019930900 solve_s=0.012190900 update_s=0.001772700 K_nnz=96025 rhs_cols=1 Vxx_nnz=62001
FILTERDDP_TIMING iteration=22 barrier_iteration=3 stage=3 derivative_s=0.003074400 first_order_s=0.001592700 second_order_s=0.001218600 algebra_s=0.013116800 kkt_assembly_s=0.000534400 factor_s=0.021043500 solve_s=0.012594600 update_s=0.001730800 K_nnz=96025 rhs_cols=1 Vxx_nnz=62001
FILTERDDP_TIMING iteration=22 barrier_iteration=3 stage=2 derivative_s=0.003084000 first_order_s=0.001628300 second_order_s=0.001194400 algebra_s=0.011851000 kkt_assembly_s=0.000529400 factor_s=0.021308600 solve_s=0.012936100 update_s=0.001637900 K_nnz=96025 rhs_cols=1 Vxx_nnz=62001
FILTERDDP_TIMING iteration=22 barrier_iteration=3 stage=1 derivative_s=0.003105100 first_order_s=0.001632000 second_order_s=0.001211300 algebra_s=0.134135500 kkt_assembly_s=0.000586500 factor_s=0.020386200 solve_s=0.012374900 update_s=0.001702800 K_nnz=96025 rhs_cols=1 Vxx_nnz=62001
FILTERDDP_FEASIBILITY iteration=22 barrier_iteration=3 equality_count=248064 equality_rms=6.134476026139e-04 equality_max=2.560307607513e-02 equality_worst_stage=24 equality_worst_index=7582 dynamics_count=5727 dynamics_rms=1.337105672369e-18 dynamics_max=6.938893903907e-18 dynamics_worst_stage=5 dynamics_worst_index=28 bound_count=170736 bound_rms=0.000000000000e+00 bound_max=0.000000000000e+00 bound_worst_stage=0 bound_worst_index=0 bound_worst_kind=none
    22   9.62643410e+03   2.5603e-02   1.9859e+00   1.4368e-02   -2.10      -     3.0659e-01   0
FILTERDDP_ITER_TIMING iteration=22 barrier_iteration=3 backward_s=1.670100200 forward_s=0.135569600 total_s=1.805669800 outcome=accepted step_size=3.596296187e-01 backtracks=0 mu=8.000000000e-03
FILTERDDP_TIMING iteration=23 barrier_iteration=3 stage=24 derivative_s=0.003864400 first_order_s=0.001963900 second_order_s=0.001647800 algebra_s=0.015148100 kkt_assembly_s=0.001104100 factor_s=0.031659000 solve_s=0.012330600 update_s=0.001869100 K_nnz=96025 rhs_cols=1 Vxx_nnz=62001
FILTERDDP_TIMING iteration=23 barrier_iteration=3 stage=23 derivative_s=0.003512000 first_order_s=0.001779200 second_order_s=0.001468000 algebra_s=0.012245700 kkt_assembly_s=0.000645500 factor_s=0.020323400 solve_s=0.012056600 update_s=0.001717400 K_nnz=96025 rhs_cols=1 Vxx_nnz=62001
FILTERDDP_TIMING iteration=23 barrier_iteration=3 stage=22 derivative_s=0.003637900 first_order_s=0.002050600 second_order_s=0.001321600 algebra_s=0.012149900 kkt_assembly_s=0.000580700 factor_s=0.020708800 solve_s=0.011870800 update_s=0.001710400 K_nnz=96025 rhs_cols=1 Vxx_nnz=62001
FILTERDDP_TIMING iteration=23 barrier_iteration=3 stage=21 derivative_s=0.003486700 first_order_s=0.001617700 second_order_s=0.001592500 algebra_s=0.014545600 kkt_assembly_s=0.000750300 factor_s=0.021652100 solve_s=0.013213000 update_s=0.002941100 K_nnz=96025 rhs_cols=1 Vxx_nnz=62001
FILTERDDP_TIMING iteration=23 barrier_iteration=3 stage=20 derivative_s=0.006240800 first_order_s=0.002744900 second_order_s=0.003377500 algebra_s=0.026760200 kkt_assembly_s=0.000605000 factor_s=0.021119400 solve_s=0.012105600 update_s=0.001856800 K_nnz=96025 rhs_cols=1 Vxx_nnz=62001
FILTERDDP_TIMING iteration=23 barrier_iteration=3 stage=19 derivative_s=0.003204000 first_order_s=0.001681400 second_order_s=0.001256400 algebra_s=0.012118600 kkt_assembly_s=0.000594200 factor_s=0.020137000 solve_s=0.011779400 update_s=0.001601600 K_nnz=96025 rhs_cols=1 Vxx_nnz=62001
FILTERDDP_TIMING iteration=23 barrier_iteration=3 stage=18 derivative_s=0.003122200 first_order_s=0.001590300 second_order_s=0.001269900 algebra_s=0.015791300 kkt_assembly_s=0.000553600 factor_s=0.020095900 solve_s=0.012101700 update_s=0.001867400 K_nnz=96025 rhs_cols=1 Vxx_nnz=62001
FILTERDDP_TIMING iteration=23 barrier_iteration=3 stage=17 derivative_s=0.003076000 first_order_s=0.001615300 second_order_s=0.001195900 algebra_s=0.011928000 kkt_assembly_s=0.000529000 factor_s=0.020483400 solve_s=0.012020800 update_s=0.001589900 K_nnz=96025 rhs_cols=1 Vxx_nnz=62001
FILTERDDP_TIMING iteration=23 barrier_iteration=3 stage=16 derivative_s=0.003092700 first_order_s=0.001573700 second_order_s=0.001254200 algebra_s=0.012024400 kkt_assembly_s=0.000519400 factor_s=0.019946400 solve_s=0.030714100 update_s=0.001816200 K_nnz=96025 rhs_cols=1 Vxx_nnz=62001
FILTERDDP_TIMING iteration=23 barrier_iteration=3 stage=15 derivative_s=0.003368000 first_order_s=0.001722600 second_order_s=0.001383900 algebra_s=0.012179600 kkt_assembly_s=0.000548900 factor_s=0.020387300 solve_s=0.012265100 update_s=0.001849300 K_nnz=96025 rhs_cols=1 Vxx_nnz=62001
FILTERDDP_TIMING iteration=23 barrier_iteration=3 stage=14 derivative_s=0.003298100 first_order_s=0.001705300 second_order_s=0.001285500 algebra_s=0.012698300 kkt_assembly_s=0.000541100 factor_s=0.020476000 solve_s=0.011946100 update_s=0.001735900 K_nnz=96025 rhs_cols=1 Vxx_nnz=62001
FILTERDDP_TIMING iteration=23 barrier_iteration=3 stage=13 derivative_s=0.003270400 first_order_s=0.001763300 second_order_s=0.001203900 algebra_s=0.011759300 kkt_assembly_s=0.000629300 factor_s=0.020325700 solve_s=0.012058000 update_s=0.001643200 K_nnz=96025 rhs_cols=1 Vxx_nnz=62001
FILTERDDP_TIMING iteration=23 barrier_iteration=3 stage=12 derivative_s=0.003128100 first_order_s=0.001608700 second_order_s=0.001232200 algebra_s=0.014156700 kkt_assembly_s=0.001342800 factor_s=0.086327500 solve_s=0.012398200 update_s=0.001708100 K_nnz=96025 rhs_cols=1 Vxx_nnz=62001
FILTERDDP_TIMING iteration=23 barrier_iteration=3 stage=11 derivative_s=0.003475200 first_order_s=0.001759600 second_order_s=0.001427800 algebra_s=0.015786300 kkt_assembly_s=0.000957800 factor_s=0.049044300 solve_s=0.014277700 update_s=0.001828900 K_nnz=96025 rhs_cols=1 Vxx_nnz=62001
FILTERDDP_TIMING iteration=23 barrier_iteration=3 stage=10 derivative_s=0.003212700 first_order_s=0.001683300 second_order_s=0.001248400 algebra_s=0.019211100 kkt_assembly_s=0.001286600 factor_s=0.032633400 solve_s=0.012856100 update_s=0.001652900 K_nnz=96025 rhs_cols=1 Vxx_nnz=62001
FILTERDDP_TIMING iteration=23 barrier_iteration=3 stage=9 derivative_s=0.003103200 first_order_s=0.001648600 second_order_s=0.001196000 algebra_s=0.012540400 kkt_assembly_s=0.000556100 factor_s=0.020207300 solve_s=0.123229400 update_s=0.001707500 K_nnz=96025 rhs_cols=1 Vxx_nnz=62001
FILTERDDP_TIMING iteration=23 barrier_iteration=3 stage=8 derivative_s=0.003304500 first_order_s=0.001722300 second_order_s=0.001323700 algebra_s=0.011979200 kkt_assembly_s=0.000567100 factor_s=0.020600300 solve_s=0.011877600 update_s=0.001607600 K_nnz=96025 rhs_cols=1 Vxx_nnz=62001
FILTERDDP_TIMING iteration=23 barrier_iteration=3 stage=7 derivative_s=0.003856800 first_order_s=0.002254100 second_order_s=0.001338700 algebra_s=0.011387200 kkt_assembly_s=0.000618900 factor_s=0.020047000 solve_s=0.011634200 update_s=0.001819700 K_nnz=96025 rhs_cols=1 Vxx_nnz=62001
FILTERDDP_TIMING iteration=23 barrier_iteration=3 stage=6 derivative_s=0.003469800 first_order_s=0.001876300 second_order_s=0.001328800 algebra_s=0.012970700 kkt_assembly_s=0.000567200 factor_s=0.020459400 solve_s=0.012073800 update_s=0.001767200 K_nnz=96025 rhs_cols=1 Vxx_nnz=62001
FILTERDDP_TIMING iteration=23 barrier_iteration=3 stage=5 derivative_s=0.003081200 first_order_s=0.001608300 second_order_s=0.001211400 algebra_s=0.012608700 kkt_assembly_s=0.000656100 factor_s=0.020322000 solve_s=0.011895000 update_s=0.001680900 K_nnz=96025 rhs_cols=1 Vxx_nnz=62001
FILTERDDP_TIMING iteration=23 barrier_iteration=3 stage=4 derivative_s=0.003049800 first_order_s=0.001589100 second_order_s=0.001197600 algebra_s=0.014341600 kkt_assembly_s=0.000526200 factor_s=0.021993600 solve_s=0.015186300 update_s=0.001719700 K_nnz=96025 rhs_cols=1 Vxx_nnz=62001
FILTERDDP_TIMING iteration=23 barrier_iteration=3 stage=3 derivative_s=0.003186200 first_order_s=0.001573800 second_order_s=0.001353000 algebra_s=0.019861400 kkt_assembly_s=0.000788800 factor_s=0.021120000 solve_s=0.013442200 update_s=0.002835200 K_nnz=96025 rhs_cols=1 Vxx_nnz=62001
FILTERDDP_TIMING iteration=23 barrier_iteration=3 stage=2 derivative_s=0.022520900 first_order_s=0.002121000 second_order_s=0.020226600 algebra_s=0.016849300 kkt_assembly_s=0.001310600 factor_s=0.030891900 solve_s=0.013349000 update_s=0.001865200 K_nnz=96025 rhs_cols=1 Vxx_nnz=62001
FILTERDDP_TIMING iteration=23 barrier_iteration=3 stage=1 derivative_s=0.004371700 first_order_s=0.002353800 second_order_s=0.001639400 algebra_s=0.013456500 kkt_assembly_s=0.000589300 factor_s=0.023538900 solve_s=0.012592900 update_s=0.001819000 K_nnz=96025 rhs_cols=1 Vxx_nnz=62001
FILTERDDP_FEASIBILITY iteration=23 barrier_iteration=3 equality_count=248064 equality_rms=5.908295921657e-04 equality_max=2.557161917647e-02 equality_worst_stage=24 equality_worst_index=7582 dynamics_count=5727 dynamics_rms=1.327393329594e-18 dynamics_max=6.938893903907e-18 dynamics_worst_stage=3 dynamics_worst_index=122 bound_count=170736 bound_rms=0.000000000000e+00 bound_max=0.000000000000e+00 bound_worst_stage=0 bound_worst_index=0 bound_worst_kind=none
    23   9.54361290e+03   2.5572e-02   1.7300e+00   1.2041e-02   -2.10      -     3.5963e-01   0
FILTERDDP_ITER_TIMING iteration=23 barrier_iteration=3 backward_s=1.565953200 forward_s=0.137703600 total_s=1.703656800 outcome=accepted step_size=7.620335945e-01 backtracks=0 mu=8.000000000e-03
FILTERDDP_TIMING iteration=24 barrier_iteration=3 stage=24 derivative_s=0.003464800 first_order_s=0.001583800 second_order_s=0.001607000 algebra_s=0.021592700 kkt_assembly_s=0.001385000 factor_s=0.035858000 solve_s=0.012612400 update_s=0.001749100 K_nnz=96025 rhs_cols=1 Vxx_nnz=62001
FILTERDDP_TIMING iteration=24 barrier_iteration=3 stage=23 derivative_s=0.003407000 first_order_s=0.001847800 second_order_s=0.001237200 algebra_s=0.026944200 kkt_assembly_s=0.000590900 factor_s=0.020504900 solve_s=0.012438300 update_s=0.001750100 K_nnz=96025 rhs_cols=1 Vxx_nnz=62001
FILTERDDP_TIMING iteration=24 barrier_iteration=3 stage=22 derivative_s=0.004361100 first_order_s=0.002396500 second_order_s=0.001482500 algebra_s=0.015801500 kkt_assembly_s=0.000547400 factor_s=0.020427700 solve_s=0.012360900 update_s=0.001702900 K_nnz=96025 rhs_cols=1 Vxx_nnz=62001
FILTERDDP_TIMING iteration=24 barrier_iteration=3 stage=21 derivative_s=0.003063300 first_order_s=0.001565100 second_order_s=0.001236000 algebra_s=0.011846800 kkt_assembly_s=0.000538900 factor_s=0.020277800 solve_s=0.012031000 update_s=0.001667500 K_nnz=96025 rhs_cols=1 Vxx_nnz=62001
FILTERDDP_TIMING iteration=24 barrier_iteration=3 stage=20 derivative_s=0.003196300 first_order_s=0.001695800 second_order_s=0.001232900 algebra_s=0.011786500 kkt_assembly_s=0.000543400 factor_s=0.019980600 solve_s=0.011928000 update_s=0.001556600 K_nnz=96025 rhs_cols=1 Vxx_nnz=62001
FILTERDDP_TIMING iteration=24 barrier_iteration=3 stage=19 derivative_s=0.048065900 first_order_s=0.000753200 second_order_s=0.047202400 algebra_s=0.017068700 kkt_assembly_s=0.001248400 factor_s=0.029972600 solve_s=0.012424100 update_s=0.001610300 K_nnz=96025 rhs_cols=1 Vxx_nnz=62001
FILTERDDP_TIMING iteration=24 barrier_iteration=3 stage=18 derivative_s=0.005179600 first_order_s=0.002853300 second_order_s=0.001835900 algebra_s=0.019566500 kkt_assembly_s=0.001328000 factor_s=0.033707400 solve_s=0.012390600 update_s=0.001655400 K_nnz=96025 rhs_cols=1 Vxx_nnz=62001
FILTERDDP_TIMING iteration=24 barrier_iteration=3 stage=17 derivative_s=0.003252300 first_order_s=0.001683500 second_order_s=0.001305000 algebra_s=0.014492500 kkt_assembly_s=0.000556500 factor_s=0.020542300 solve_s=0.012135200 update_s=0.001651400 K_nnz=96025 rhs_cols=1 Vxx_nnz=62001
FILTERDDP_TIMING iteration=24 barrier_iteration=3 stage=16 derivative_s=0.003310300 first_order_s=0.001642100 second_order_s=0.001327100 algebra_s=0.129778900 kkt_assembly_s=0.000592700 factor_s=0.020577700 solve_s=0.012148800 update_s=0.001590700 K_nnz=96025 rhs_cols=1 Vxx_nnz=62001
FILTERDDP_TIMING iteration=24 barrier_iteration=3 stage=15 derivative_s=0.003359300 first_order_s=0.001758600 second_order_s=0.001338300 algebra_s=0.014813600 kkt_assembly_s=0.000925900 factor_s=0.031858800 solve_s=0.012473100 update_s=0.001717000 K_nnz=96025 rhs_cols=1 Vxx_nnz=62001
FILTERDDP_TIMING iteration=24 barrier_iteration=3 stage=14 derivative_s=0.003134700 first_order_s=0.001659700 second_order_s=0.001208300 algebra_s=0.020638600 kkt_assembly_s=0.001301600 factor_s=0.033768100 solve_s=0.011849300 update_s=0.001807700 K_nnz=96025 rhs_cols=1 Vxx_nnz=62001
FILTERDDP_TIMING iteration=24 barrier_iteration=3 stage=13 derivative_s=0.003111100 first_order_s=0.001612300 second_order_s=0.001234700 algebra_s=0.011813600 kkt_assembly_s=0.000602200 factor_s=0.020059300 solve_s=0.011553700 update_s=0.001617600 K_nnz=96025 rhs_cols=1 Vxx_nnz=62001
FILTERDDP_TIMING iteration=24 barrier_iteration=3 stage=12 derivative_s=0.003030400 first_order_s=0.001578200 second_order_s=0.001190200 algebra_s=0.011899300 kkt_assembly_s=0.000593300 factor_s=0.019629900 solve_s=0.011720700 update_s=0.001619500 K_nnz=96025 rhs_cols=1 Vxx_nnz=62001
FILTERDDP_TIMING iteration=24 barrier_iteration=3 stage=11 derivative_s=0.003388800 first_order_s=0.001929100 second_order_s=0.001192800 algebra_s=0.011728000 kkt_assembly_s=0.000746300 factor_s=0.022333400 solve_s=0.014337500 update_s=0.002653500 K_nnz=96025 rhs_cols=1 Vxx_nnz=62001
FILTERDDP_TIMING iteration=24 barrier_iteration=3 stage=10 derivative_s=0.005519700 first_order_s=0.002673400 second_order_s=0.002541300 algebra_s=0.015468900 kkt_assembly_s=0.000939100 factor_s=0.040716900 solve_s=0.012719500 update_s=0.001706800 K_nnz=96025 rhs_cols=1 Vxx_nnz=62001
FILTERDDP_TIMING iteration=24 barrier_iteration=3 stage=9 derivative_s=0.003678700 first_order_s=0.002173600 second_order_s=0.001247600 algebra_s=0.010088700 kkt_assembly_s=0.000602500 factor_s=0.021904300 solve_s=0.012259300 update_s=0.001661700 K_nnz=96025 rhs_cols=1 Vxx_nnz=62001
FILTERDDP_TIMING iteration=24 barrier_iteration=3 stage=8 derivative_s=0.003085600 first_order_s=0.001603700 second_order_s=0.001219800 algebra_s=0.021190900 kkt_assembly_s=0.001351000 factor_s=0.035651400 solve_s=0.011914100 update_s=0.001583900 K_nnz=96025 rhs_cols=1 Vxx_nnz=62001
FILTERDDP_TIMING iteration=24 barrier_iteration=3 stage=7 derivative_s=0.004070500 first_order_s=0.002151100 second_order_s=0.001448500 algebra_s=0.012060800 kkt_assembly_s=0.000560100 factor_s=0.022617300 solve_s=0.018146200 update_s=0.001874300 K_nnz=96025 rhs_cols=1 Vxx_nnz=62001
FILTERDDP_TIMING iteration=24 barrier_iteration=3 stage=6 derivative_s=0.002990100 first_order_s=0.001577700 second_order_s=0.001148500 algebra_s=0.014079900 kkt_assembly_s=0.000576500 factor_s=0.020161900 solve_s=0.011576200 update_s=0.020422300 K_nnz=96025 rhs_cols=1 Vxx_nnz=62001
FILTERDDP_TIMING iteration=24 barrier_iteration=3 stage=5 derivative_s=0.003362500 first_order_s=0.001748700 second_order_s=0.001353600 algebra_s=0.011747100 kkt_assembly_s=0.000533300 factor_s=0.020259500 solve_s=0.012431600 update_s=0.001695600 K_nnz=96025 rhs_cols=1 Vxx_nnz=62001
FILTERDDP_TIMING iteration=24 barrier_iteration=3 stage=4 derivative_s=0.003056200 first_order_s=0.001593300 second_order_s=0.001202100 algebra_s=0.012134700 kkt_assembly_s=0.000532000 factor_s=0.020333700 solve_s=0.012245600 update_s=0.001670800 K_nnz=96025 rhs_cols=1 Vxx_nnz=62001
FILTERDDP_TIMING iteration=24 barrier_iteration=3 stage=3 derivative_s=0.003380800 first_order_s=0.001691000 second_order_s=0.001267400 algebra_s=0.011503100 kkt_assembly_s=0.000531700 factor_s=0.020384300 solve_s=0.012859400 update_s=0.001634200 K_nnz=96025 rhs_cols=1 Vxx_nnz=62001
FILTERDDP_TIMING iteration=24 barrier_iteration=3 stage=2 derivative_s=0.003673600 first_order_s=0.001937400 second_order_s=0.001395600 algebra_s=0.012607900 kkt_assembly_s=0.000529800 factor_s=0.065179700 solve_s=0.012392200 update_s=0.001724700 K_nnz=96025 rhs_cols=1 Vxx_nnz=62001
FILTERDDP_TIMING iteration=24 barrier_iteration=3 stage=1 derivative_s=0.003400500 first_order_s=0.001828600 second_order_s=0.001311800 algebra_s=0.012294400 kkt_assembly_s=0.000582600 factor_s=0.020245200 solve_s=0.012143100 update_s=0.001652000 K_nnz=96025 rhs_cols=1 Vxx_nnz=62001
FILTERDDP_FEASIBILITY iteration=24 barrier_iteration=3 equality_count=248064 equality_rms=6.182552088138e-04 equality_max=2.813049225532e-02 equality_worst_stage=24 equality_worst_index=7582 dynamics_count=5727 dynamics_rms=1.217983297283e-18 dynamics_max=6.938893903907e-18 dynamics_worst_stage=3 dynamics_worst_index=157 bound_count=170736 bound_rms=0.000000000000e+00 bound_max=0.000000000000e+00 bound_worst_stage=0 bound_worst_index=0 bound_worst_kind=none
    24   9.41995751e+03   2.8130e-02   1.1982e+00   9.9440e-03   -2.10      -     7.6203e-01   0
FILTERDDP_ITER_TIMING iteration=24 barrier_iteration=3 backward_s=1.621841400 forward_s=0.132995800 total_s=1.754837200 outcome=accepted step_size=1.000000000e+00 backtracks=0 mu=8.000000000e-03
FILTERDDP_TIMING iteration=25 barrier_iteration=3 stage=24 derivative_s=0.003497900 first_order_s=0.001659700 second_order_s=0.001588000 algebra_s=0.019603600 kkt_assembly_s=0.001405500 factor_s=0.159327800 solve_s=0.012547400 update_s=0.001762900 K_nnz=96025 rhs_cols=1 Vxx_nnz=62001
FILTERDDP_TIMING iteration=25 barrier_iteration=3 stage=23 derivative_s=0.001373300 first_order_s=0.000669100 second_order_s=0.000588100 algebra_s=0.010343100 kkt_assembly_s=0.000581800 factor_s=0.020499900 solve_s=0.012644000 update_s=0.001552800 K_nnz=96025 rhs_cols=1 Vxx_nnz=62001
FILTERDDP_TIMING iteration=25 barrier_iteration=3 stage=22 derivative_s=0.003137200 first_order_s=0.001630100 second_order_s=0.001245600 algebra_s=0.012183400 kkt_assembly_s=0.000551800 factor_s=0.020923900 solve_s=0.013001900 update_s=0.001666700 K_nnz=96025 rhs_cols=1 Vxx_nnz=62001
FILTERDDP_TIMING iteration=25 barrier_iteration=3 stage=21 derivative_s=0.003375700 first_order_s=0.001802000 second_order_s=0.001306600 algebra_s=0.011783900 kkt_assembly_s=0.000544000 factor_s=0.021229600 solve_s=0.012135600 update_s=0.001644000 K_nnz=96025 rhs_cols=1 Vxx_nnz=62001
FILTERDDP_TIMING iteration=25 barrier_iteration=3 stage=20 derivative_s=0.001402300 first_order_s=0.000772700 second_order_s=0.000519600 algebra_s=0.010245100 kkt_assembly_s=0.000555100 factor_s=0.020341900 solve_s=0.011846500 update_s=0.001816900 K_nnz=96025 rhs_cols=1 Vxx_nnz=62001
FILTERDDP_TIMING iteration=25 barrier_iteration=3 stage=19 derivative_s=0.003284700 first_order_s=0.001545100 second_order_s=0.001422800 algebra_s=0.012986300 kkt_assembly_s=0.000518800 factor_s=0.020851000 solve_s=0.011798600 update_s=0.001770800 K_nnz=96025 rhs_cols=1 Vxx_nnz=62001
FILTERDDP_TIMING iteration=25 barrier_iteration=3 stage=18 derivative_s=0.002982400 first_order_s=0.001581500 second_order_s=0.001139300 algebra_s=0.014104800 kkt_assembly_s=0.000726400 factor_s=0.021500200 solve_s=0.013211800 update_s=0.002649100 K_nnz=96025 rhs_cols=1 Vxx_nnz=62001
FILTERDDP_TIMING iteration=25 barrier_iteration=3 stage=17 derivative_s=0.005784500 first_order_s=0.002743500 second_order_s=0.002760300 algebra_s=0.033565800 kkt_assembly_s=0.001138100 factor_s=0.026083500 solve_s=0.012531200 update_s=0.001756600 K_nnz=96025 rhs_cols=1 Vxx_nnz=62001
FILTERDDP_TIMING iteration=25 barrier_iteration=3 stage=16 derivative_s=0.003137500 first_order_s=0.001634300 second_order_s=0.001238700 algebra_s=0.020130000 kkt_assembly_s=0.001295900 factor_s=0.032951200 solve_s=0.011337300 update_s=0.001829400 K_nnz=96025 rhs_cols=1 Vxx_nnz=62001
FILTERDDP_TIMING iteration=25 barrier_iteration=3 stage=15 derivative_s=0.003311100 first_order_s=0.001678300 second_order_s=0.001367700 algebra_s=0.011643800 kkt_assembly_s=0.000529000 factor_s=0.020297000 solve_s=0.012127600 update_s=0.001653600 K_nnz=96025 rhs_cols=1 Vxx_nnz=62001
FILTERDDP_TIMING iteration=25 barrier_iteration=3 stage=14 derivative_s=0.003037100 first_order_s=0.001603800 second_order_s=0.001172100 algebra_s=0.012131000 kkt_assembly_s=0.000588700 factor_s=0.020540400 solve_s=0.011596000 update_s=0.001700100 K_nnz=96025 rhs_cols=1 Vxx_nnz=62001
FILTERDDP_TIMING iteration=25 barrier_iteration=3 stage=13 derivative_s=0.003016700 first_order_s=0.001582000 second_order_s=0.001171700 algebra_s=0.011772000 kkt_assembly_s=0.000522800 factor_s=0.019739700 solve_s=0.030617400 update_s=0.001822100 K_nnz=96025 rhs_cols=1 Vxx_nnz=62001
FILTERDDP_TIMING iteration=25 barrier_iteration=3 stage=12 derivative_s=0.003477100 first_order_s=0.001733300 second_order_s=0.001387800 algebra_s=0.011595300 kkt_assembly_s=0.000545700 factor_s=0.020081500 solve_s=0.012093700 update_s=0.001579200 K_nnz=96025 rhs_cols=1 Vxx_nnz=62001
FILTERDDP_TIMING iteration=25 barrier_iteration=3 stage=11 derivative_s=0.003175500 first_order_s=0.001661600 second_order_s=0.001250200 algebra_s=0.011989900 kkt_assembly_s=0.000540100 factor_s=0.020136900 solve_s=0.012074000 update_s=0.001824600 K_nnz=96025 rhs_cols=1 Vxx_nnz=62001
FILTERDDP_TIMING iteration=25 barrier_iteration=3 stage=10 derivative_s=0.003230500 first_order_s=0.001641300 second_order_s=0.001321800 algebra_s=0.011537000 kkt_assembly_s=0.000519100 factor_s=0.020291600 solve_s=0.012139500 update_s=0.001655900 K_nnz=96025 rhs_cols=1 Vxx_nnz=62001
FILTERDDP_TIMING iteration=25 barrier_iteration=3 stage=9 derivative_s=0.003096500 first_order_s=0.001655500 second_order_s=0.001170500 algebra_s=0.011915400 kkt_assembly_s=0.000528000 factor_s=0.066708000 solve_s=0.012164100 update_s=0.001782300 K_nnz=96025 rhs_cols=1 Vxx_nnz=62001
FILTERDDP_TIMING iteration=25 barrier_iteration=3 stage=8 derivative_s=0.003206700 first_order_s=0.001672800 second_order_s=0.001272100 algebra_s=0.012047600 kkt_assembly_s=0.000579900 factor_s=0.020062700 solve_s=0.012239700 update_s=0.001671300 K_nnz=96025 rhs_cols=1 Vxx_nnz=62001
FILTERDDP_TIMING iteration=25 barrier_iteration=3 stage=7 derivative_s=0.003190700 first_order_s=0.001627800 second_order_s=0.001204300 algebra_s=0.011891600 kkt_assembly_s=0.000564000 factor_s=0.020753100 solve_s=0.011773000 update_s=0.002018100 K_nnz=96025 rhs_cols=1 Vxx_nnz=62001
FILTERDDP_TIMING iteration=25 barrier_iteration=3 stage=6 derivative_s=0.004743500 first_order_s=0.002738500 second_order_s=0.001595600 algebra_s=0.015602600 kkt_assembly_s=0.000525200 factor_s=0.021162300 solve_s=0.129975300 update_s=0.001460700 K_nnz=96025 rhs_cols=1 Vxx_nnz=62001
FILTERDDP_TIMING iteration=25 barrier_iteration=3 stage=5 derivative_s=0.002829200 first_order_s=0.001433100 second_order_s=0.001166700 algebra_s=0.016434500 kkt_assembly_s=0.002195100 factor_s=0.024777600 solve_s=0.012004800 update_s=0.001712500 K_nnz=96025 rhs_cols=1 Vxx_nnz=62001
FILTERDDP_TIMING iteration=25 barrier_iteration=3 stage=4 derivative_s=0.003240300 first_order_s=0.001652700 second_order_s=0.001326800 algebra_s=0.011780800 kkt_assembly_s=0.000540300 factor_s=0.020438900 solve_s=0.011917500 update_s=0.001857100 K_nnz=96025 rhs_cols=1 Vxx_nnz=62001
FILTERDDP_TIMING iteration=25 barrier_iteration=3 stage=3 derivative_s=0.003657700 first_order_s=0.002032700 second_order_s=0.001300800 algebra_s=0.012748700 kkt_assembly_s=0.000585100 factor_s=0.020158100 solve_s=0.011970000 update_s=0.001928300 K_nnz=96025 rhs_cols=1 Vxx_nnz=62001
FILTERDDP_TIMING iteration=25 barrier_iteration=3 stage=2 derivative_s=0.003032500 first_order_s=0.001589400 second_order_s=0.001181800 algebra_s=0.011828200 kkt_assembly_s=0.000640900 factor_s=0.020283400 solve_s=0.011912200 update_s=0.001799400 K_nnz=96025 rhs_cols=1 Vxx_nnz=62001
FILTERDDP_TIMING iteration=25 barrier_iteration=3 stage=1 derivative_s=0.003164300 first_order_s=0.001719400 second_order_s=0.001182400 algebra_s=0.012033500 kkt_assembly_s=0.000527900 factor_s=0.019871900 solve_s=0.011433800 update_s=0.001731900 K_nnz=96025 rhs_cols=1 Vxx_nnz=62001
FILTERDDP_FEASIBILITY iteration=25 barrier_iteration=3 equality_count=248064 equality_rms=8.254967285578e-05 equality_max=4.117909477621e-03 equality_worst_stage=24 equality_worst_index=7660 dynamics_count=5727 dynamics_rms=0.000000000000e+00 dynamics_max=0.000000000000e+00 dynamics_worst_stage=0 dynamics_worst_index=0 bound_count=170736 bound_rms=0.000000000000e+00 bound_max=0.000000000000e+00 bound_worst_stage=0 bound_worst_index=0 bound_worst_kind=none
    25   9.37152503e+03   4.1179e-03   2.3926e-01   9.2718e-03   -2.10      -     1.0000e+00   0
FILTERDDP_ITER_TIMING iteration=25 barrier_iteration=3 backward_s=1.598407000 forward_s=0.161366900 total_s=1.759773900 outcome=accepted step_size=1.000000000e+00 backtracks=0 mu=8.000000000e-03
FILTERDDP_TIMING iteration=26 barrier_iteration=3 stage=24 derivative_s=0.032501300 first_order_s=0.002202000 second_order_s=0.030099500 algebra_s=0.012143500 kkt_assembly_s=0.000765700 factor_s=0.021606700 solve_s=0.012840700 update_s=0.001673000 K_nnz=96025 rhs_cols=1 Vxx_nnz=62001
FILTERDDP_TIMING iteration=26 barrier_iteration=3 stage=23 derivative_s=0.003060900 first_order_s=0.001598000 second_order_s=0.001198500 algebra_s=0.012231800 kkt_assembly_s=0.000557300 factor_s=0.020252500 solve_s=0.012153400 update_s=0.001759100 K_nnz=96025 rhs_cols=1 Vxx_nnz=62001
FILTERDDP_TIMING iteration=26 barrier_iteration=3 stage=22 derivative_s=0.003299400 first_order_s=0.001696700 second_order_s=0.001269700 algebra_s=0.011637900 kkt_assembly_s=0.000534800 factor_s=0.019955000 solve_s=0.012049500 update_s=0.001726500 K_nnz=96025 rhs_cols=1 Vxx_nnz=62001
FILTERDDP_TIMING iteration=26 barrier_iteration=3 stage=21 derivative_s=0.003125200 first_order_s=0.001597200 second_order_s=0.001262300 algebra_s=0.011813600 kkt_assembly_s=0.000531900 factor_s=0.020137100 solve_s=0.013239300 update_s=0.001756200 K_nnz=96025 rhs_cols=1 Vxx_nnz=62001
FILTERDDP_TIMING iteration=26 barrier_iteration=3 stage=20 derivative_s=0.003110600 first_order_s=0.001693000 second_order_s=0.001153300 algebra_s=0.014365100 kkt_assembly_s=0.000558800 factor_s=0.052956400 solve_s=0.013181100 update_s=0.002187400 K_nnz=96025 rhs_cols=1 Vxx_nnz=62001
FILTERDDP_TIMING iteration=26 barrier_iteration=3 stage=19 derivative_s=0.006096700 first_order_s=0.002279200 second_order_s=0.003538100 algebra_s=0.023359400 kkt_assembly_s=0.000782100 factor_s=0.025810200 solve_s=0.013679200 update_s=0.003080100 K_nnz=96025 rhs_cols=1 Vxx_nnz=62001
FILTERDDP_TIMING iteration=26 barrier_iteration=3 stage=18 derivative_s=0.005460900 first_order_s=0.002401800 second_order_s=0.002827500 algebra_s=0.013409600 kkt_assembly_s=0.000781800 factor_s=0.020847300 solve_s=0.014069800 update_s=0.002745000 K_nnz=96025 rhs_cols=1 Vxx_nnz=62001
FILTERDDP_TIMING iteration=26 barrier_iteration=3 stage=17 derivative_s=0.006852000 first_order_s=0.002977900 second_order_s=0.003455500 algebra_s=0.020882000 kkt_assembly_s=0.001698000 factor_s=0.032841000 solve_s=0.014976400 update_s=0.002700100 K_nnz=96025 rhs_cols=1 Vxx_nnz=62001
FILTERDDP_TIMING iteration=26 barrier_iteration=3 stage=16 derivative_s=0.005883500 first_order_s=0.002782800 second_order_s=0.002821900 algebra_s=0.012600000 kkt_assembly_s=0.000825400 factor_s=0.065933400 solve_s=0.012004100 update_s=0.001828800 K_nnz=96025 rhs_cols=1 Vxx_nnz=62001
FILTERDDP_TIMING iteration=26 barrier_iteration=3 stage=15 derivative_s=0.003357200 first_order_s=0.001785000 second_order_s=0.001309800 algebra_s=0.018902400 kkt_assembly_s=0.001261900 factor_s=0.033882800 solve_s=0.011595900 update_s=0.001620000 K_nnz=96025 rhs_cols=1 Vxx_nnz=62001
FILTERDDP_TIMING iteration=26 barrier_iteration=3 stage=14 derivative_s=0.003169700 first_order_s=0.001610500 second_order_s=0.001294500 algebra_s=0.012734900 kkt_assembly_s=0.000536400 factor_s=0.021908200 solve_s=0.012430000 update_s=0.001970500 K_nnz=96025 rhs_cols=1 Vxx_nnz=62001
FILTERDDP_TIMING iteration=26 barrier_iteration=3 stage=13 derivative_s=0.003252300 first_order_s=0.001612000 second_order_s=0.001380300 algebra_s=0.012085400 kkt_assembly_s=0.000524300 factor_s=0.155232700 solve_s=0.013043800 update_s=0.002826800 K_nnz=96025 rhs_cols=1 Vxx_nnz=62001
FILTERDDP_TIMING iteration=26 barrier_iteration=3 stage=12 derivative_s=0.002372500 first_order_s=0.001015500 second_order_s=0.001252300 algebra_s=0.016354700 kkt_assembly_s=0.001401200 factor_s=0.030685200 solve_s=0.014099200 update_s=0.002913200 K_nnz=96025 rhs_cols=1 Vxx_nnz=62001
FILTERDDP_TIMING iteration=26 barrier_iteration=3 stage=11 derivative_s=0.006429500 first_order_s=0.002612100 second_order_s=0.003697300 algebra_s=0.012488100 kkt_assembly_s=0.000801900 factor_s=0.021153800 solve_s=0.013701200 update_s=0.003163100 K_nnz=96025 rhs_cols=1 Vxx_nnz=62001
FILTERDDP_TIMING iteration=26 barrier_iteration=3 stage=10 derivative_s=0.006210300 first_order_s=0.002632300 second_order_s=0.003300300 algebra_s=0.021459100 kkt_assembly_s=0.002197300 factor_s=0.030574800 solve_s=0.013146600 update_s=0.002586200 K_nnz=96025 rhs_cols=1 Vxx_nnz=62001
FILTERDDP_TIMING iteration=26 barrier_iteration=3 stage=9 derivative_s=0.006238500 first_order_s=0.002657700 second_order_s=0.003304900 algebra_s=0.026820600 kkt_assembly_s=0.002290300 factor_s=0.031443100 solve_s=0.013333200 update_s=0.002661600 K_nnz=96025 rhs_cols=1 Vxx_nnz=62001
FILTERDDP_TIMING iteration=26 barrier_iteration=3 stage=8 derivative_s=0.005766100 first_order_s=0.002683000 second_order_s=0.002806200 algebra_s=0.012203600 kkt_assembly_s=0.000727000 factor_s=0.023273400 solve_s=0.014315300 update_s=0.002723400 K_nnz=96025 rhs_cols=1 Vxx_nnz=62001
FILTERDDP_TIMING iteration=26 barrier_iteration=3 stage=7 derivative_s=0.005795600 first_order_s=0.002557800 second_order_s=0.002959400 algebra_s=0.012333100 kkt_assembly_s=0.000743600 factor_s=0.022913400 solve_s=0.028856500 update_s=0.001669100 K_nnz=96025 rhs_cols=1 Vxx_nnz=62001
FILTERDDP_TIMING iteration=26 barrier_iteration=3 stage=6 derivative_s=0.003376200 first_order_s=0.001751800 second_order_s=0.001363000 algebra_s=0.011896100 kkt_assembly_s=0.000547700 factor_s=0.020158300 solve_s=0.012281400 update_s=0.001650900 K_nnz=96025 rhs_cols=1 Vxx_nnz=62001
FILTERDDP_TIMING iteration=26 barrier_iteration=3 stage=5 derivative_s=0.003187300 first_order_s=0.001692500 second_order_s=0.001231400 algebra_s=0.012162500 kkt_assembly_s=0.000551400 factor_s=0.019765900 solve_s=0.011954400 update_s=0.001666400 K_nnz=96025 rhs_cols=1 Vxx_nnz=62001
FILTERDDP_TIMING iteration=26 barrier_iteration=3 stage=4 derivative_s=0.003239300 first_order_s=0.001694000 second_order_s=0.001282500 algebra_s=0.012061000 kkt_assembly_s=0.000583900 factor_s=0.021420800 solve_s=0.014872900 update_s=0.001709900 K_nnz=96025 rhs_cols=1 Vxx_nnz=62001
FILTERDDP_TIMING iteration=26 barrier_iteration=3 stage=3 derivative_s=0.003196500 first_order_s=0.001642300 second_order_s=0.001284500 algebra_s=0.012016800 kkt_assembly_s=0.000532100 factor_s=0.020877200 solve_s=0.012160500 update_s=0.001358700 K_nnz=96025 rhs_cols=1 Vxx_nnz=62001
FILTERDDP_TIMING iteration=26 barrier_iteration=3 stage=2 derivative_s=0.003134900 first_order_s=0.001603900 second_order_s=0.001269600 algebra_s=0.008999700 kkt_assembly_s=0.000593600 factor_s=0.036811900 solve_s=0.012278000 update_s=0.001672200 K_nnz=96025 rhs_cols=1 Vxx_nnz=62001
FILTERDDP_TIMING iteration=26 barrier_iteration=3 stage=1 derivative_s=0.003185500 first_order_s=0.001670900 second_order_s=0.001250700 algebra_s=0.012084600 kkt_assembly_s=0.000577400 factor_s=0.020431500 solve_s=0.011942400 update_s=0.001750100 K_nnz=96025 rhs_cols=1 Vxx_nnz=62001
FILTERDDP_FEASIBILITY iteration=26 barrier_iteration=3 equality_count=248064 equality_rms=3.125963296197e-07 equality_max=9.396609880863e-06 equality_worst_stage=24 equality_worst_index=8402 dynamics_count=5727 dynamics_rms=0.000000000000e+00 dynamics_max=0.000000000000e+00 dynamics_worst_stage=0 dynamics_worst_index=0 bound_count=170736 bound_rms=0.000000000000e+00 bound_max=0.000000000000e+00 bound_worst_stage=0 bound_worst_index=0 bound_worst_kind=none
FILTERDDP_ITER_TIMING iteration=26 barrier_iteration=3 backward_s=1.672958900 forward_s=0.000000000 total_s=1.672958900 outcome=barrier_update step_size=1.000000000e+00 backtracks=0 mu=8.000000000e-03
FILTERDDP_TIMING iteration=26 barrier_iteration=4 stage=24 derivative_s=0.003266600 first_order_s=0.001568700 second_order_s=0.001441700 algebra_s=0.011862000 kkt_assembly_s=0.000627800 factor_s=0.020679600 solve_s=0.012146700 update_s=0.001744100 K_nnz=96025 rhs_cols=1 Vxx_nnz=62001
FILTERDDP_TIMING iteration=26 barrier_iteration=4 stage=23 derivative_s=0.003063400 first_order_s=0.001627600 second_order_s=0.001172500 algebra_s=0.016195800 kkt_assembly_s=0.000537300 factor_s=0.020894800 solve_s=0.012029800 update_s=0.001666000 K_nnz=96025 rhs_cols=1 Vxx_nnz=62001
FILTERDDP_TIMING iteration=26 barrier_iteration=4 stage=22 derivative_s=0.003419200 first_order_s=0.001933200 second_order_s=0.001222600 algebra_s=0.063806400 kkt_assembly_s=0.001336800 factor_s=0.030275600 solve_s=0.013122200 update_s=0.001740100 K_nnz=96025 rhs_cols=1 Vxx_nnz=62001
FILTERDDP_TIMING iteration=26 barrier_iteration=4 stage=21 derivative_s=0.003069300 first_order_s=0.001610100 second_order_s=0.001197900 algebra_s=0.019899900 kkt_assembly_s=0.001274600 factor_s=0.034188800 solve_s=0.012279100 update_s=0.001672900 K_nnz=96025 rhs_cols=1 Vxx_nnz=62001
FILTERDDP_TIMING iteration=26 barrier_iteration=4 stage=20 derivative_s=0.003055900 first_order_s=0.001592300 second_order_s=0.001202600 algebra_s=0.011978300 kkt_assembly_s=0.000549200 factor_s=0.020648300 solve_s=0.011879300 update_s=0.001823800 K_nnz=96025 rhs_cols=1 Vxx_nnz=62001
FILTERDDP_TIMING iteration=26 barrier_iteration=4 stage=19 derivative_s=0.003677000 first_order_s=0.001792500 second_order_s=0.001513400 algebra_s=0.011463300 kkt_assembly_s=0.000558200 factor_s=0.142814800 solve_s=0.012345000 update_s=0.001851700 K_nnz=96025 rhs_cols=1 Vxx_nnz=62001
FILTERDDP_TIMING iteration=26 barrier_iteration=4 stage=18 derivative_s=0.003211000 first_order_s=0.001633100 second_order_s=0.001313500 algebra_s=0.011933500 kkt_assembly_s=0.000539100 factor_s=0.019928000 solve_s=0.012314200 update_s=0.001820000 K_nnz=96025 rhs_cols=1 Vxx_nnz=62001
FILTERDDP_TIMING iteration=26 barrier_iteration=4 stage=17 derivative_s=0.003196900 first_order_s=0.001703500 second_order_s=0.001229000 algebra_s=0.012789700 kkt_assembly_s=0.000552300 factor_s=0.020263300 solve_s=0.012842900 update_s=0.001753600 K_nnz=96025 rhs_cols=1 Vxx_nnz=62001
FILTERDDP_TIMING iteration=26 barrier_iteration=4 stage=16 derivative_s=0.003215400 first_order_s=0.001647100 second_order_s=0.001307700 algebra_s=0.019669300 kkt_assembly_s=0.000546300 factor_s=0.020405100 solve_s=0.012267100 update_s=0.001753100 K_nnz=96025 rhs_cols=1 Vxx_nnz=62001
FILTERDDP_TIMING iteration=26 barrier_iteration=4 stage=15 derivative_s=0.003082800 first_order_s=0.001655600 second_order_s=0.001159500 algebra_s=0.020513900 kkt_assembly_s=0.001508500 factor_s=0.021543900 solve_s=0.011885600 update_s=0.001656700 K_nnz=96025 rhs_cols=1 Vxx_nnz=62001
FILTERDDP_TIMING iteration=26 barrier_iteration=4 stage=14 derivative_s=0.003480700 first_order_s=0.001839400 second_order_s=0.001368900 algebra_s=0.011713300 kkt_assembly_s=0.000522100 factor_s=0.019873300 solve_s=0.011835900 update_s=0.001493500 K_nnz=96025 rhs_cols=1 Vxx_nnz=62001
FILTERDDP_TIMING iteration=26 barrier_iteration=4 stage=13 derivative_s=0.003199900 first_order_s=0.001755700 second_order_s=0.001183900 algebra_s=0.012060700 kkt_assembly_s=0.000528100 factor_s=0.021427600 solve_s=0.029532500 update_s=0.001610700 K_nnz=96025 rhs_cols=1 Vxx_nnz=62001
FILTERDDP_TIMING iteration=26 barrier_iteration=4 stage=12 derivative_s=0.003267400 first_order_s=0.001674700 second_order_s=0.001329200 algebra_s=0.014676500 kkt_assembly_s=0.000890200 factor_s=0.026161400 solve_s=0.012197900 update_s=0.001172400 K_nnz=96025 rhs_cols=1 Vxx_nnz=62001
FILTERDDP_TIMING iteration=26 barrier_iteration=4 stage=11 derivative_s=0.001440100 first_order_s=0.000745300 second_order_s=0.000575400 algebra_s=0.009833500 kkt_assembly_s=0.000763100 factor_s=0.035155900 solve_s=0.011643300 update_s=0.001472900 K_nnz=96025 rhs_cols=1 Vxx_nnz=62001
FILTERDDP_TIMING iteration=26 barrier_iteration=4 stage=10 derivative_s=0.003654900 first_order_s=0.001750000 second_order_s=0.001638800 algebra_s=0.012685200 kkt_assembly_s=0.000633700 factor_s=0.020286100 solve_s=0.012393100 update_s=0.001720400 K_nnz=96025 rhs_cols=1 Vxx_nnz=62001
FILTERDDP_TIMING iteration=26 barrier_iteration=4 stage=9 derivative_s=0.003176700 first_order_s=0.001620400 second_order_s=0.001287000 algebra_s=0.012291400 kkt_assembly_s=0.000556300 factor_s=0.021914000 solve_s=0.012612300 update_s=0.001530500 K_nnz=96025 rhs_cols=1 Vxx_nnz=62001
FILTERDDP_TIMING iteration=26 barrier_iteration=4 stage=8 derivative_s=0.003155100 first_order_s=0.001607400 second_order_s=0.001283300 algebra_s=0.011918600 kkt_assembly_s=0.000545700 factor_s=0.039684800 solve_s=0.012860400 update_s=0.001765800 K_nnz=96025 rhs_cols=1 Vxx_nnz=62001
FILTERDDP_TIMING iteration=26 barrier_iteration=4 stage=7 derivative_s=0.003680800 first_order_s=0.001852000 second_order_s=0.001391200 algebra_s=0.012714100 kkt_assembly_s=0.000555400 factor_s=0.021272300 solve_s=0.012221300 update_s=0.001662800 K_nnz=96025 rhs_cols=1 Vxx_nnz=62001
FILTERDDP_TIMING iteration=26 barrier_iteration=4 stage=6 derivative_s=0.003047900 first_order_s=0.001589700 second_order_s=0.001193200 algebra_s=0.011973800 kkt_assembly_s=0.000622700 factor_s=0.020159800 solve_s=0.012751200 update_s=0.001718000 K_nnz=96025 rhs_cols=1 Vxx_nnz=62001
FILTERDDP_TIMING iteration=26 barrier_iteration=4 stage=5 derivative_s=0.003099300 first_order_s=0.001907800 second_order_s=0.000961200 algebra_s=0.013130300 kkt_assembly_s=0.000566100 factor_s=0.021975900 solve_s=0.012287900 update_s=0.001743100 K_nnz=96025 rhs_cols=1 Vxx_nnz=62001
FILTERDDP_TIMING iteration=26 barrier_iteration=4 stage=4 derivative_s=0.003018800 first_order_s=0.001593900 second_order_s=0.001158100 algebra_s=0.054944800 kkt_assembly_s=0.000662200 factor_s=0.021697400 solve_s=0.013468100 update_s=0.001614100 K_nnz=96025 rhs_cols=1 Vxx_nnz=62001
FILTERDDP_TIMING iteration=26 barrier_iteration=4 stage=3 derivative_s=0.003327200 first_order_s=0.001799900 second_order_s=0.001257400 algebra_s=0.014081500 kkt_assembly_s=0.000603400 factor_s=0.021502100 solve_s=0.012728100 update_s=0.001712400 K_nnz=96025 rhs_cols=1 Vxx_nnz=62001
FILTERDDP_TIMING iteration=26 barrier_iteration=4 stage=2 derivative_s=0.001760900 first_order_s=0.000926400 second_order_s=0.000670500 algebra_s=0.011115900 kkt_assembly_s=0.000537900 factor_s=0.024296100 solve_s=0.013183000 update_s=0.001527800 K_nnz=96025 rhs_cols=1 Vxx_nnz=62001
FILTERDDP_TIMING iteration=26 barrier_iteration=4 stage=1 derivative_s=0.003133300 first_order_s=0.001622400 second_order_s=0.001248600 algebra_s=0.012206800 kkt_assembly_s=0.000591400 factor_s=0.133037000 solve_s=0.012826300 update_s=0.001648100 K_nnz=96025 rhs_cols=1 Vxx_nnz=62001
FILTERDDP_FEASIBILITY iteration=26 barrier_iteration=4 equality_count=248064 equality_rms=3.125963296197e-07 equality_max=9.396609880863e-06 equality_worst_stage=24 equality_worst_index=8402 dynamics_count=5727 dynamics_rms=0.000000000000e+00 dynamics_max=0.000000000000e+00 dynamics_worst_stage=0 dynamics_worst_index=0 bound_count=170736 bound_rms=0.000000000000e+00 bound_max=0.000000000000e+00 bound_worst_stage=0 bound_worst_index=0 bound_worst_kind=none
    26   9.37138574e+03   9.3966e-06   3.7057e-02   8.0435e-03   -2.80      -     1.0000e+00   0
FILTERDDP_ITER_TIMING iteration=26 barrier_iteration=4 backward_s=1.665410000 forward_s=0.138002900 total_s=1.803412900 outcome=accepted step_size=2.766735279e-01 backtracks=0 mu=1.600000000e-03
FILTERDDP_TIMING iteration=27 barrier_iteration=4 stage=24 derivative_s=0.003746600 first_order_s=0.001652700 second_order_s=0.001810400 algebra_s=0.014056200 kkt_assembly_s=0.000630800 factor_s=0.021573600 solve_s=0.012701200 update_s=0.001054600 K_nnz=96025 rhs_cols=1 Vxx_nnz=62001
FILTERDDP_TIMING iteration=27 barrier_iteration=4 stage=23 derivative_s=0.003738800 first_order_s=0.001732500 second_order_s=0.001723800 algebra_s=0.011740500 kkt_assembly_s=0.000734300 factor_s=0.034121300 solve_s=0.016989500 update_s=0.001631900 K_nnz=96025 rhs_cols=1 Vxx_nnz=62001
FILTERDDP_TIMING iteration=27 barrier_iteration=4 stage=22 derivative_s=0.003658300 first_order_s=0.001917100 second_order_s=0.001477100 algebra_s=0.022772600 kkt_assembly_s=0.001668100 factor_s=0.034518900 solve_s=0.025960700 update_s=0.001668200 K_nnz=96025 rhs_cols=1 Vxx_nnz=62001
FILTERDDP_TIMING iteration=27 barrier_iteration=4 stage=21 derivative_s=0.003383100 first_order_s=0.001837000 second_order_s=0.001281700 algebra_s=0.015611700 kkt_assembly_s=0.000553800 factor_s=0.021020300 solve_s=0.012367600 update_s=0.001340300 K_nnz=96025 rhs_cols=1 Vxx_nnz=62001
FILTERDDP_TIMING iteration=27 barrier_iteration=4 stage=20 derivative_s=0.002182600 first_order_s=0.001412600 second_order_s=0.000627100 algebra_s=0.014049500 kkt_assembly_s=0.000873100 factor_s=0.040149900 solve_s=0.013257000 update_s=0.001991100 K_nnz=96025 rhs_cols=1 Vxx_nnz=62001
FILTERDDP_TIMING iteration=27 barrier_iteration=4 stage=19 derivative_s=0.005039100 first_order_s=0.002626900 second_order_s=0.001940900 algebra_s=0.019744100 kkt_assembly_s=0.000701700 factor_s=0.051580500 solve_s=0.013991900 update_s=0.001985400 K_nnz=96025 rhs_cols=1 Vxx_nnz=62001
FILTERDDP_TIMING iteration=27 barrier_iteration=4 stage=18 derivative_s=0.003180900 first_order_s=0.001661200 second_order_s=0.001253800 algebra_s=0.023243700 kkt_assembly_s=0.000604200 factor_s=0.021245000 solve_s=0.012486000 update_s=0.001855000 K_nnz=96025 rhs_cols=1 Vxx_nnz=62001
FILTERDDP_TIMING iteration=27 barrier_iteration=4 stage=17 derivative_s=0.003214100 first_order_s=0.001654500 second_order_s=0.001295100 algebra_s=0.012142100 kkt_assembly_s=0.000634700 factor_s=0.021797100 solve_s=0.012878000 update_s=0.001610500 K_nnz=96025 rhs_cols=1 Vxx_nnz=62001
FILTERDDP_TIMING iteration=27 barrier_iteration=4 stage=16 derivative_s=0.003141900 first_order_s=0.001599000 second_order_s=0.001234900 algebra_s=0.012879700 kkt_assembly_s=0.000576900 factor_s=0.021686600 solve_s=0.012928100 update_s=0.001692500 K_nnz=96025 rhs_cols=1 Vxx_nnz=62001
FILTERDDP_TIMING iteration=27 barrier_iteration=4 stage=15 derivative_s=0.002250400 first_order_s=0.001252100 second_order_s=0.000799300 algebra_s=0.036674700 kkt_assembly_s=0.000685900 factor_s=0.022159800 solve_s=0.012329400 update_s=0.001735800 K_nnz=96025 rhs_cols=1 Vxx_nnz=62001
FILTERDDP_TIMING iteration=27 barrier_iteration=4 stage=14 derivative_s=0.003172500 first_order_s=0.001648000 second_order_s=0.001261200 algebra_s=0.010727900 kkt_assembly_s=0.000542400 factor_s=0.020601000 solve_s=0.011199900 update_s=0.001460600 K_nnz=96025 rhs_cols=1 Vxx_nnz=62001
FILTERDDP_TIMING iteration=27 barrier_iteration=4 stage=13 derivative_s=0.003304800 first_order_s=0.001673800 second_order_s=0.001364800 algebra_s=0.009607100 kkt_assembly_s=0.000532400 factor_s=0.020857800 solve_s=0.012073500 update_s=0.001818400 K_nnz=96025 rhs_cols=1 Vxx_nnz=62001
FILTERDDP_TIMING iteration=27 barrier_iteration=4 stage=12 derivative_s=0.003057200 first_order_s=0.001605700 second_order_s=0.001188100 algebra_s=0.011898000 kkt_assembly_s=0.000569600 factor_s=0.019939400 solve_s=0.057108700 update_s=0.001857100 K_nnz=96025 rhs_cols=1 Vxx_nnz=62001
FILTERDDP_TIMING iteration=27 barrier_iteration=4 stage=11 derivative_s=0.003274200 first_order_s=0.001710300 second_order_s=0.001297800 algebra_s=0.012042000 kkt_assembly_s=0.000566400 factor_s=0.020182200 solve_s=0.012181700 update_s=0.002018700 K_nnz=96025 rhs_cols=1 Vxx_nnz=62001
FILTERDDP_TIMING iteration=27 barrier_iteration=4 stage=10 derivative_s=0.003616200 first_order_s=0.001877800 second_order_s=0.001346000 algebra_s=0.019351400 kkt_assembly_s=0.000600400 factor_s=0.021843000 solve_s=0.012629200 update_s=0.001723700 K_nnz=96025 rhs_cols=1 Vxx_nnz=62001
FILTERDDP_TIMING iteration=27 barrier_iteration=4 stage=9 derivative_s=0.003665800 first_order_s=0.002013500 second_order_s=0.001388300 algebra_s=0.011918200 kkt_assembly_s=0.000534200 factor_s=0.020682100 solve_s=0.120368300 update_s=0.001355600 K_nnz=96025 rhs_cols=1 Vxx_nnz=62001
FILTERDDP_TIMING iteration=27 barrier_iteration=4 stage=8 derivative_s=0.003614600 first_order_s=0.001892700 second_order_s=0.001406500 algebra_s=0.012162100 kkt_assembly_s=0.000566900 factor_s=0.021148600 solve_s=0.012639700 update_s=0.001717000 K_nnz=96025 rhs_cols=1 Vxx_nnz=62001
FILTERDDP_TIMING iteration=27 barrier_iteration=4 stage=7 derivative_s=0.003146800 first_order_s=0.001634000 second_order_s=0.001251000 algebra_s=0.013464200 kkt_assembly_s=0.000544200 factor_s=0.020143500 solve_s=0.012367600 update_s=0.001622600 K_nnz=96025 rhs_cols=1 Vxx_nnz=62001
FILTERDDP_TIMING iteration=27 barrier_iteration=4 stage=6 derivative_s=0.003364400 first_order_s=0.001644400 second_order_s=0.001455800 algebra_s=0.012177900 kkt_assembly_s=0.000599800 factor_s=0.020258400 solve_s=0.012173600 update_s=0.001664800 K_nnz=96025 rhs_cols=1 Vxx_nnz=62001
FILTERDDP_TIMING iteration=27 barrier_iteration=4 stage=5 derivative_s=0.003242600 first_order_s=0.001777700 second_order_s=0.001200000 algebra_s=0.011816100 kkt_assembly_s=0.000529500 factor_s=0.020340100 solve_s=0.012200700 update_s=0.001634400 K_nnz=96025 rhs_cols=1 Vxx_nnz=62001
FILTERDDP_TIMING iteration=27 barrier_iteration=4 stage=4 derivative_s=0.003181600 first_order_s=0.001731500 second_order_s=0.001186100 algebra_s=0.013277400 kkt_assembly_s=0.000528500 factor_s=0.021689500 solve_s=0.011925900 update_s=0.001564000 K_nnz=96025 rhs_cols=1 Vxx_nnz=62001
FILTERDDP_TIMING iteration=27 barrier_iteration=4 stage=3 derivative_s=0.003203200 first_order_s=0.001632200 second_order_s=0.001308200 algebra_s=0.013177000 kkt_assembly_s=0.000737800 factor_s=0.021425700 solve_s=0.013616400 update_s=0.003465700 K_nnz=96025 rhs_cols=1 Vxx_nnz=62001
FILTERDDP_TIMING iteration=27 barrier_iteration=4 stage=2 derivative_s=0.026182300 first_order_s=0.002436100 second_order_s=0.023466000 algebra_s=0.016602700 kkt_assembly_s=0.001345400 factor_s=0.030762900 solve_s=0.011474700 update_s=0.001808600 K_nnz=96025 rhs_cols=1 Vxx_nnz=62001
FILTERDDP_TIMING iteration=27 barrier_iteration=4 stage=1 derivative_s=0.003492300 first_order_s=0.001980000 second_order_s=0.001248200 algebra_s=0.020196600 kkt_assembly_s=0.001314200 factor_s=0.033959800 solve_s=0.012926400 update_s=0.001652700 K_nnz=96025 rhs_cols=1 Vxx_nnz=62001
FILTERDDP_FEASIBILITY iteration=27 barrier_iteration=4 equality_count=248064 equality_rms=2.991340044961e-04 equality_max=1.134270694963e-02 equality_worst_stage=24 equality_worst_index=7582 dynamics_count=5727 dynamics_rms=1.171305277790e-18 dynamics_max=3.469446951954e-18 dynamics_worst_stage=23 dynamics_worst_index=4 bound_count=170736 bound_rms=0.000000000000e+00 bound_max=0.000000000000e+00 bound_worst_stage=0 bound_worst_index=0 bound_worst_kind=none
    27   9.28331427e+03   1.1343e-02   8.0439e-01   6.3273e-03   -2.80      -     2.7667e-01   0
FILTERDDP_ITER_TIMING iteration=27 barrier_iteration=4 backward_s=1.611076600 forward_s=0.134479600 total_s=1.745556200 outcome=accepted step_size=4.579300696e-01 backtracks=0 mu=1.600000000e-03
FILTERDDP_TIMING iteration=28 barrier_iteration=4 stage=24 derivative_s=0.003505100 first_order_s=0.001628800 second_order_s=0.001600000 algebra_s=0.016736100 kkt_assembly_s=0.001126300 factor_s=0.032614200 solve_s=0.012111900 update_s=0.001731900 K_nnz=96025 rhs_cols=1 Vxx_nnz=62001
FILTERDDP_TIMING iteration=28 barrier_iteration=4 stage=23 derivative_s=0.003101500 first_order_s=0.001600600 second_order_s=0.001233700 algebra_s=0.028978700 kkt_assembly_s=0.000641100 factor_s=0.019826300 solve_s=0.012430100 update_s=0.001764000 K_nnz=96025 rhs_cols=1 Vxx_nnz=62001
FILTERDDP_TIMING iteration=28 barrier_iteration=4 stage=22 derivative_s=0.003332500 first_order_s=0.001764200 second_order_s=0.001287700 algebra_s=0.011763800 kkt_assembly_s=0.000550700 factor_s=0.019857400 solve_s=0.012088600 update_s=0.001676800 K_nnz=96025 rhs_cols=1 Vxx_nnz=62001
FILTERDDP_TIMING iteration=28 barrier_iteration=4 stage=21 derivative_s=0.004057100 first_order_s=0.002266500 second_order_s=0.001438400 algebra_s=0.011261900 kkt_assembly_s=0.000588900 factor_s=0.020069100 solve_s=0.012216400 update_s=0.001899700 K_nnz=96025 rhs_cols=1 Vxx_nnz=62001
FILTERDDP_TIMING iteration=28 barrier_iteration=4 stage=20 derivative_s=0.003211200 first_order_s=0.001714900 second_order_s=0.001164600 algebra_s=0.011848000 kkt_assembly_s=0.000528600 factor_s=0.019860000 solve_s=0.012392500 update_s=0.048241300 K_nnz=96025 rhs_cols=1 Vxx_nnz=62001
FILTERDDP_TIMING iteration=28 barrier_iteration=4 stage=19 derivative_s=0.003584900 first_order_s=0.001844500 second_order_s=0.001480200 algebra_s=0.011769100 kkt_assembly_s=0.000559800 factor_s=0.020248100 solve_s=0.012183900 update_s=0.001738400 K_nnz=96025 rhs_cols=1 Vxx_nnz=62001
FILTERDDP_TIMING iteration=28 barrier_iteration=4 stage=18 derivative_s=0.003060700 first_order_s=0.001602800 second_order_s=0.001196000 algebra_s=0.013254800 kkt_assembly_s=0.000560500 factor_s=0.020018000 solve_s=0.011992500 update_s=0.001664100 K_nnz=96025 rhs_cols=1 Vxx_nnz=62001
FILTERDDP_TIMING iteration=28 barrier_iteration=4 stage=17 derivative_s=0.003272100 first_order_s=0.001653600 second_order_s=0.001284500 algebra_s=0.012015100 kkt_assembly_s=0.000588500 factor_s=0.020428700 solve_s=0.011534200 update_s=0.001545400 K_nnz=96025 rhs_cols=1 Vxx_nnz=62001
FILTERDDP_TIMING iteration=28 barrier_iteration=4 stage=16 derivative_s=0.112481300 first_order_s=0.002219900 second_order_s=0.109992500 algebra_s=0.010627500 kkt_assembly_s=0.000587900 factor_s=0.020069300 solve_s=0.012637300 update_s=0.001868600 K_nnz=96025 rhs_cols=1 Vxx_nnz=62001
FILTERDDP_TIMING iteration=28 barrier_iteration=4 stage=15 derivative_s=0.003279800 first_order_s=0.001735300 second_order_s=0.001279600 algebra_s=0.011782900 kkt_assembly_s=0.000537700 factor_s=0.019850800 solve_s=0.012019900 update_s=0.002041600 K_nnz=96025 rhs_cols=1 Vxx_nnz=62001
FILTERDDP_TIMING iteration=28 barrier_iteration=4 stage=14 derivative_s=0.003471100 first_order_s=0.001951300 second_order_s=0.001251000 algebra_s=0.011668800 kkt_assembly_s=0.000540700 factor_s=0.020667100 solve_s=0.012100500 update_s=0.001744700 K_nnz=96025 rhs_cols=1 Vxx_nnz=62001
FILTERDDP_TIMING iteration=28 barrier_iteration=4 stage=13 derivative_s=0.003031400 first_order_s=0.001596900 second_order_s=0.001169500 algebra_s=0.011936600 kkt_assembly_s=0.000567000 factor_s=0.020410500 solve_s=0.012648600 update_s=0.001605800 K_nnz=96025 rhs_cols=1 Vxx_nnz=62001
FILTERDDP_TIMING iteration=28 barrier_iteration=4 stage=12 derivative_s=0.003064600 first_order_s=0.001604500 second_order_s=0.001198500 algebra_s=0.011903200 kkt_assembly_s=0.000559400 factor_s=0.020833900 solve_s=0.011953000 update_s=0.001660100 K_nnz=96025 rhs_cols=1 Vxx_nnz=62001
FILTERDDP_TIMING iteration=28 barrier_iteration=4 stage=11 derivative_s=0.003032100 first_order_s=0.001609900 second_order_s=0.001159900 algebra_s=0.011860000 kkt_assembly_s=0.000613900 factor_s=0.021150000 solve_s=0.012957200 update_s=0.002719000 K_nnz=96025 rhs_cols=1 Vxx_nnz=62001
FILTERDDP_TIMING iteration=28 barrier_iteration=4 stage=10 derivative_s=0.005271300 first_order_s=0.002348700 second_order_s=0.002646200 algebra_s=0.031231300 kkt_assembly_s=0.001065000 factor_s=0.025047900 solve_s=0.012081600 update_s=0.001913200 K_nnz=96025 rhs_cols=1 Vxx_nnz=62001
FILTERDDP_TIMING iteration=28 barrier_iteration=4 stage=9 derivative_s=0.003152700 first_order_s=0.001638700 second_order_s=0.001249900 algebra_s=0.018063600 kkt_assembly_s=0.001288500 factor_s=0.034327200 solve_s=0.012073500 update_s=0.001727500 K_nnz=96025 rhs_cols=1 Vxx_nnz=62001
FILTERDDP_TIMING iteration=28 barrier_iteration=4 stage=8 derivative_s=0.003089000 first_order_s=0.001597300 second_order_s=0.001230300 algebra_s=0.011866000 kkt_assembly_s=0.000533300 factor_s=0.019986200 solve_s=0.012006000 update_s=0.001714600 K_nnz=96025 rhs_cols=1 Vxx_nnz=62001
FILTERDDP_TIMING iteration=28 barrier_iteration=4 stage=7 derivative_s=0.003041300 first_order_s=0.001578900 second_order_s=0.001202100 algebra_s=0.011886200 kkt_assembly_s=0.000522800 factor_s=0.020465200 solve_s=0.012140900 update_s=0.001571200 K_nnz=96025 rhs_cols=1 Vxx_nnz=62001
FILTERDDP_TIMING iteration=28 barrier_iteration=4 stage=6 derivative_s=0.003113600 first_order_s=0.001686900 second_order_s=0.001164100 algebra_s=0.015787400 kkt_assembly_s=0.000568200 factor_s=0.037993700 solve_s=0.011829800 update_s=0.001837000 K_nnz=96025 rhs_cols=1 Vxx_nnz=62001
FILTERDDP_TIMING iteration=28 barrier_iteration=4 stage=5 derivative_s=0.003824600 first_order_s=0.002081800 second_order_s=0.001460000 algebra_s=0.015493800 kkt_assembly_s=0.000610000 factor_s=0.020923900 solve_s=0.012421000 update_s=0.001748800 K_nnz=96025 rhs_cols=1 Vxx_nnz=62001
FILTERDDP_TIMING iteration=28 barrier_iteration=4 stage=4 derivative_s=0.003279700 first_order_s=0.001762200 second_order_s=0.001253000 algebra_s=0.011927700 kkt_assembly_s=0.000548600 factor_s=0.020534600 solve_s=0.012355700 update_s=0.001572700 K_nnz=96025 rhs_cols=1 Vxx_nnz=62001
FILTERDDP_TIMING iteration=28 barrier_iteration=4 stage=3 derivative_s=0.003382700 first_order_s=0.001799000 second_order_s=0.001320900 algebra_s=0.011902900 kkt_assembly_s=0.000555000 factor_s=0.020958300 solve_s=0.012268400 update_s=0.001806200 K_nnz=96025 rhs_cols=1 Vxx_nnz=62001
FILTERDDP_TIMING iteration=28 barrier_iteration=4 stage=2 derivative_s=0.003156500 first_order_s=0.001621500 second_order_s=0.001274700 algebra_s=0.012989800 kkt_assembly_s=0.046633000 factor_s=0.020776500 solve_s=0.012690300 update_s=0.001796400 K_nnz=96025 rhs_cols=1 Vxx_nnz=62001
FILTERDDP_TIMING iteration=28 barrier_iteration=4 stage=1 derivative_s=0.002983900 first_order_s=0.001530800 second_order_s=0.001177600 algebra_s=0.011573400 kkt_assembly_s=0.000551700 factor_s=0.020100800 solve_s=0.012333000 update_s=0.001862600 K_nnz=96025 rhs_cols=1 Vxx_nnz=62001
FILTERDDP_FEASIBILITY iteration=28 barrier_iteration=4 equality_count=248064 equality_rms=7.035547122007e-04 equality_max=2.679141373057e-02 equality_worst_stage=24 equality_worst_index=7582 dynamics_count=5727 dynamics_rms=1.264963924953e-18 dynamics_max=6.938893903907e-18 dynamics_worst_stage=5 dynamics_worst_index=7 bound_count=170736 bound_rms=0.000000000000e+00 bound_max=0.000000000000e+00 bound_worst_stage=0 bound_worst_index=0 bound_worst_kind=none
    28   9.16999359e+03   2.6791e-02   1.4219e+00   4.3477e-03   -2.80      -     4.5793e-01   0
FILTERDDP_ITER_TIMING iteration=28 barrier_iteration=4 backward_s=1.514428100 forward_s=0.135708200 total_s=1.650136300 outcome=accepted step_size=8.544330355e-01 backtracks=0 mu=1.600000000e-03
FILTERDDP_TIMING iteration=29 barrier_iteration=4 stage=24 derivative_s=0.003171200 first_order_s=0.001515900 second_order_s=0.001406800 algebra_s=0.018352500 kkt_assembly_s=0.110076000 factor_s=0.020485200 solve_s=0.012332800 update_s=0.001082800 K_nnz=96025 rhs_cols=1 Vxx_nnz=62001
FILTERDDP_TIMING iteration=29 barrier_iteration=4 stage=23 derivative_s=0.001327900 first_order_s=0.000651900 second_order_s=0.000567500 algebra_s=0.007143200 kkt_assembly_s=0.000646500 factor_s=0.022437700 solve_s=0.014999100 update_s=0.000897900 K_nnz=96025 rhs_cols=1 Vxx_nnz=62001
FILTERDDP_TIMING iteration=29 barrier_iteration=4 stage=22 derivative_s=0.001220400 first_order_s=0.000628500 second_order_s=0.000486600 algebra_s=0.006355600 kkt_assembly_s=0.000599800 factor_s=0.022339500 solve_s=0.012204000 update_s=0.001518700 K_nnz=96025 rhs_cols=1 Vxx_nnz=62001
FILTERDDP_TIMING iteration=29 barrier_iteration=4 stage=21 derivative_s=0.001410900 first_order_s=0.000732200 second_order_s=0.000554900 algebra_s=0.007767400 kkt_assembly_s=0.000699900 factor_s=0.021123800 solve_s=0.012478600 update_s=0.001700500 K_nnz=96025 rhs_cols=1 Vxx_nnz=62001
FILTERDDP_TIMING iteration=29 barrier_iteration=4 stage=20 derivative_s=0.001657700 first_order_s=0.000849300 second_order_s=0.000660500 algebra_s=0.011041300 kkt_assembly_s=0.000582700 factor_s=0.021953900 solve_s=0.012203600 update_s=0.001546600 K_nnz=96025 rhs_cols=1 Vxx_nnz=62001
FILTERDDP_TIMING iteration=29 barrier_iteration=4 stage=19 derivative_s=0.002980400 first_order_s=0.001567700 second_order_s=0.001149200 algebra_s=0.012042300 kkt_assembly_s=0.000548300 factor_s=0.020443500 solve_s=0.012829900 update_s=0.001663800 K_nnz=96025 rhs_cols=1 Vxx_nnz=62001
FILTERDDP_TIMING iteration=29 barrier_iteration=4 stage=18 derivative_s=0.003478600 first_order_s=0.001698800 second_order_s=0.001517100 algebra_s=0.013565400 kkt_assembly_s=0.000783200 factor_s=0.036770800 solve_s=0.011363800 update_s=0.001717400 K_nnz=96025 rhs_cols=1 Vxx_nnz=62001
FILTERDDP_TIMING iteration=29 barrier_iteration=4 stage=17 derivative_s=0.003327000 first_order_s=0.001655600 second_order_s=0.001407600 algebra_s=0.011974600 kkt_assembly_s=0.000541400 factor_s=0.020009000 solve_s=0.012054800 update_s=0.001682200 K_nnz=96025 rhs_cols=1 Vxx_nnz=62001
FILTERDDP_TIMING iteration=29 barrier_iteration=4 stage=16 derivative_s=0.003483900 first_order_s=0.002005600 second_order_s=0.001213600 algebra_s=0.011427300 kkt_assembly_s=0.000531800 factor_s=0.019678900 solve_s=0.011750200 update_s=0.001777900 K_nnz=96025 rhs_cols=1 Vxx_nnz=62001
FILTERDDP_TIMING iteration=29 barrier_iteration=4 stage=15 derivative_s=0.003070400 first_order_s=0.001607800 second_order_s=0.001199600 algebra_s=0.011799100 kkt_assembly_s=0.000528400 factor_s=0.020021900 solve_s=0.011846200 update_s=0.001654400 K_nnz=96025 rhs_cols=1 Vxx_nnz=62001
FILTERDDP_TIMING iteration=29 barrier_iteration=4 stage=14 derivative_s=0.003410000 first_order_s=0.001843800 second_order_s=0.001204100 algebra_s=0.012148500 kkt_assembly_s=0.000523600 factor_s=0.023539900 solve_s=0.024483600 update_s=0.001732900 K_nnz=96025 rhs_cols=1 Vxx_nnz=62001
FILTERDDP_TIMING iteration=29 barrier_iteration=4 stage=13 derivative_s=0.023061100 first_order_s=0.022011300 second_order_s=0.000906200 algebra_s=0.009930100 kkt_assembly_s=0.000708400 factor_s=0.021872400 solve_s=0.012470800 update_s=0.001604300 K_nnz=96025 rhs_cols=1 Vxx_nnz=62001
FILTERDDP_TIMING iteration=29 barrier_iteration=4 stage=12 derivative_s=0.003073600 first_order_s=0.001606500 second_order_s=0.001206100 algebra_s=0.013275600 kkt_assembly_s=0.000537400 factor_s=0.020084800 solve_s=0.012577600 update_s=0.001684800 K_nnz=96025 rhs_cols=1 Vxx_nnz=62001
FILTERDDP_TIMING iteration=29 barrier_iteration=4 stage=11 derivative_s=0.003158300 first_order_s=0.001613200 second_order_s=0.001283000 algebra_s=0.011861500 kkt_assembly_s=0.000549000 factor_s=0.020496200 solve_s=0.012087900 update_s=0.001753800 K_nnz=96025 rhs_cols=1 Vxx_nnz=62001
FILTERDDP_TIMING iteration=29 barrier_iteration=4 stage=10 derivative_s=0.003256900 first_order_s=0.001708700 second_order_s=0.001273200 algebra_s=0.011790000 kkt_assembly_s=0.000545200 factor_s=0.065119100 solve_s=0.012600600 update_s=0.001808800 K_nnz=96025 rhs_cols=1 Vxx_nnz=62001
FILTERDDP_TIMING iteration=29 barrier_iteration=4 stage=9 derivative_s=0.003310100 first_order_s=0.001703500 second_order_s=0.001339900 algebra_s=0.011816800 kkt_assembly_s=0.000532100 factor_s=0.020209800 solve_s=0.012719300 update_s=0.001889900 K_nnz=96025 rhs_cols=1 Vxx_nnz=62001
FILTERDDP_TIMING iteration=29 barrier_iteration=4 stage=8 derivative_s=0.003540300 first_order_s=0.001944100 second_order_s=0.001335700 algebra_s=0.011576500 kkt_assembly_s=0.000554400 factor_s=0.020388300 solve_s=0.011784200 update_s=0.001881100 K_nnz=96025 rhs_cols=1 Vxx_nnz=62001
FILTERDDP_TIMING iteration=29 barrier_iteration=4 stage=7 derivative_s=0.003110700 first_order_s=0.001633200 second_order_s=0.001216300 algebra_s=0.013165200 kkt_assembly_s=0.000554000 factor_s=0.022045000 solve_s=0.012100300 update_s=0.001810000 K_nnz=96025 rhs_cols=1 Vxx_nnz=62001
FILTERDDP_TIMING iteration=29 barrier_iteration=4 stage=6 derivative_s=0.099118500 first_order_s=0.098413400 second_order_s=0.000596800 algebra_s=0.016437600 kkt_assembly_s=0.000585800 factor_s=0.020605200 solve_s=0.012857200 update_s=0.001576800 K_nnz=96025 rhs_cols=1 Vxx_nnz=62001
FILTERDDP_TIMING iteration=29 barrier_iteration=4 stage=5 derivative_s=0.002263100 first_order_s=0.001183400 second_order_s=0.000893400 algebra_s=0.015289700 kkt_assembly_s=0.000964100 factor_s=0.027470900 solve_s=0.012092200 update_s=0.001778800 K_nnz=96025 rhs_cols=1 Vxx_nnz=62001
FILTERDDP_TIMING iteration=29 barrier_iteration=4 stage=4 derivative_s=0.002793100 first_order_s=0.001432600 second_order_s=0.001129100 algebra_s=0.019275200 kkt_assembly_s=0.001325100 factor_s=0.037249700 solve_s=0.012758400 update_s=0.001774800 K_nnz=96025 rhs_cols=1 Vxx_nnz=62001
FILTERDDP_TIMING iteration=29 barrier_iteration=4 stage=3 derivative_s=0.003129200 first_order_s=0.001574200 second_order_s=0.001273200 algebra_s=0.012588500 kkt_assembly_s=0.000615600 factor_s=0.019946000 solve_s=0.011820600 update_s=0.001650900 K_nnz=96025 rhs_cols=1 Vxx_nnz=62001
FILTERDDP_TIMING iteration=29 barrier_iteration=4 stage=2 derivative_s=0.003042700 first_order_s=0.001599600 second_order_s=0.001180400 algebra_s=0.011995900 kkt_assembly_s=0.000540600 factor_s=0.019832000 solve_s=0.012012800 update_s=0.001623200 K_nnz=96025 rhs_cols=1 Vxx_nnz=62001
FILTERDDP_TIMING iteration=29 barrier_iteration=4 stage=1 derivative_s=0.003529500 first_order_s=0.001917100 second_order_s=0.001196700 algebra_s=0.014171100 kkt_assembly_s=0.000559300 factor_s=0.021016000 solve_s=0.036856000 update_s=0.001812300 K_nnz=96025 rhs_cols=1 Vxx_nnz=62001
FILTERDDP_FEASIBILITY iteration=29 barrier_iteration=4 equality_count=248064 equality_rms=8.903028740616e-04 equality_max=3.473751988205e-02 equality_worst_stage=24 equality_worst_index=7582 dynamics_count=5727 dynamics_rms=1.251338469958e-18 dynamics_max=3.469446951954e-18 dynamics_worst_stage=23 dynamics_worst_index=3 bound_count=170736 bound_rms=0.000000000000e+00 bound_max=0.000000000000e+00 bound_worst_stage=0 bound_worst_index=0 bound_worst_kind=none
    29   9.04349343e+03   3.4738e-02   1.1216e+00   2.3168e-03   -2.80      -     8.5443e-01   0
FILTERDDP_ITER_TIMING iteration=29 barrier_iteration=4 backward_s=1.567256700 forward_s=0.138654700 total_s=1.705911400 outcome=accepted step_size=1.000000000e+00 backtracks=0 mu=1.600000000e-03
FILTERDDP_TIMING iteration=30 barrier_iteration=4 stage=24 derivative_s=0.003843800 first_order_s=0.001677800 second_order_s=0.001767000 algebra_s=0.015833900 kkt_assembly_s=0.001271900 factor_s=0.031816700 solve_s=0.012143300 update_s=0.002124600 K_nnz=96025 rhs_cols=1 Vxx_nnz=62001
FILTERDDP_TIMING iteration=30 barrier_iteration=4 stage=23 derivative_s=0.003360300 first_order_s=0.001773000 second_order_s=0.001322000 algebra_s=0.011915400 kkt_assembly_s=0.000625100 factor_s=0.020533000 solve_s=0.012107700 update_s=0.001703800 K_nnz=96025 rhs_cols=1 Vxx_nnz=62001
FILTERDDP_TIMING iteration=30 barrier_iteration=4 stage=22 derivative_s=0.003381400 first_order_s=0.001727200 second_order_s=0.001317600 algebra_s=0.011742300 kkt_assembly_s=0.000537700 factor_s=0.020029900 solve_s=0.011545700 update_s=0.001743600 K_nnz=96025 rhs_cols=1 Vxx_nnz=62001
FILTERDDP_TIMING iteration=30 barrier_iteration=4 stage=21 derivative_s=0.019429100 first_order_s=0.018454100 second_order_s=0.000848500 algebra_s=0.016819000 kkt_assembly_s=0.001333200 factor_s=0.032066600 solve_s=0.012646700 update_s=0.001916300 K_nnz=96025 rhs_cols=1 Vxx_nnz=62001
FILTERDDP_TIMING iteration=30 barrier_iteration=4 stage=20 derivative_s=0.003141500 first_order_s=0.001637500 second_order_s=0.001243000 algebra_s=0.018517500 kkt_assembly_s=0.001428900 factor_s=0.034904500 solve_s=0.012063200 update_s=0.001768400 K_nnz=96025 rhs_cols=1 Vxx_nnz=62001
FILTERDDP_TIMING iteration=30 barrier_iteration=4 stage=19 derivative_s=0.004209800 first_order_s=0.002515800 second_order_s=0.001400200 algebra_s=0.011374000 kkt_assembly_s=0.000556100 factor_s=0.020284700 solve_s=0.012356800 update_s=0.001757100 K_nnz=96025 rhs_cols=1 Vxx_nnz=62001
FILTERDDP_TIMING iteration=30 barrier_iteration=4 stage=18 derivative_s=0.003233500 first_order_s=0.001633200 second_order_s=0.001335900 algebra_s=0.011973300 kkt_assembly_s=0.000546700 factor_s=0.065683000 solve_s=0.010994000 update_s=0.001437300 K_nnz=96025 rhs_cols=1 Vxx_nnz=62001
FILTERDDP_TIMING iteration=30 barrier_iteration=4 stage=17 derivative_s=0.003186100 first_order_s=0.001633400 second_order_s=0.001289700 algebra_s=0.013098500 kkt_assembly_s=0.000534600 factor_s=0.026111500 solve_s=0.012532600 update_s=0.001683900 K_nnz=96025 rhs_cols=1 Vxx_nnz=62001
FILTERDDP_TIMING iteration=30 barrier_iteration=4 stage=16 derivative_s=0.003036000 first_order_s=0.001569800 second_order_s=0.001204600 algebra_s=0.011993900 kkt_assembly_s=0.000575800 factor_s=0.021076400 solve_s=0.012970900 update_s=0.001796400 K_nnz=96025 rhs_cols=1 Vxx_nnz=62001
FILTERDDP_TIMING iteration=30 barrier_iteration=4 stage=15 derivative_s=0.003067900 first_order_s=0.001601900 second_order_s=0.001204100 algebra_s=0.012537800 kkt_assembly_s=0.000562600 factor_s=0.143725500 solve_s=0.013698700 update_s=0.003086000 K_nnz=96025 rhs_cols=1 Vxx_nnz=62001
FILTERDDP_TIMING iteration=30 barrier_iteration=4 stage=14 derivative_s=0.006068200 first_order_s=0.002710400 second_order_s=0.003091100 algebra_s=0.013480900 kkt_assembly_s=0.000765100 factor_s=0.021439800 solve_s=0.013504200 update_s=0.002637200 K_nnz=96025 rhs_cols=1 Vxx_nnz=62001
FILTERDDP_TIMING iteration=30 barrier_iteration=4 stage=13 derivative_s=0.006008500 first_order_s=0.002473700 second_order_s=0.003413700 algebra_s=0.013194900 kkt_assembly_s=0.000873700 factor_s=0.021931200 solve_s=0.014799700 update_s=0.002956500 K_nnz=96025 rhs_cols=1 Vxx_nnz=62001
FILTERDDP_TIMING iteration=30 barrier_iteration=4 stage=12 derivative_s=0.005871900 first_order_s=0.002763800 second_order_s=0.002845000 algebra_s=0.013041900 kkt_assembly_s=0.000822900 factor_s=0.022795000 solve_s=0.013290300 update_s=0.002745800 K_nnz=96025 rhs_cols=1 Vxx_nnz=62001
FILTERDDP_TIMING iteration=30 barrier_iteration=4 stage=11 derivative_s=0.005847500 first_order_s=0.002549200 second_order_s=0.003023200 algebra_s=0.011739600 kkt_assembly_s=0.000802800 factor_s=0.022309100 solve_s=0.013409400 update_s=0.002962700 K_nnz=96025 rhs_cols=1 Vxx_nnz=62001
FILTERDDP_TIMING iteration=30 barrier_iteration=4 stage=10 derivative_s=0.007101800 first_order_s=0.003010800 second_order_s=0.003809700 algebra_s=0.023652500 kkt_assembly_s=0.002192900 factor_s=0.032517900 solve_s=0.013408500 update_s=0.002548900 K_nnz=96025 rhs_cols=1 Vxx_nnz=62001
FILTERDDP_TIMING iteration=30 barrier_iteration=4 stage=9 derivative_s=0.006201300 first_order_s=0.002679900 second_order_s=0.003242100 algebra_s=0.027072800 kkt_assembly_s=0.001632400 factor_s=0.031007100 solve_s=0.031126300 update_s=0.001670800 K_nnz=96025 rhs_cols=1 Vxx_nnz=62001
FILTERDDP_TIMING iteration=30 barrier_iteration=4 stage=8 derivative_s=0.003322100 first_order_s=0.001690500 second_order_s=0.001370400 algebra_s=0.011918600 kkt_assembly_s=0.000557200 factor_s=0.020059300 solve_s=0.012113300 update_s=0.001811200 K_nnz=96025 rhs_cols=1 Vxx_nnz=62001
FILTERDDP_TIMING iteration=30 barrier_iteration=4 stage=7 derivative_s=0.003230000 first_order_s=0.001648200 second_order_s=0.001314000 algebra_s=0.012313700 kkt_assembly_s=0.000539900 factor_s=0.020333200 solve_s=0.011991300 update_s=0.001678700 K_nnz=96025 rhs_cols=1 Vxx_nnz=62001
FILTERDDP_TIMING iteration=30 barrier_iteration=4 stage=6 derivative_s=0.003049400 first_order_s=0.001585800 second_order_s=0.001199700 algebra_s=0.013299700 kkt_assembly_s=0.000526200 factor_s=0.020365900 solve_s=0.012265100 update_s=0.001572000 K_nnz=96025 rhs_cols=1 Vxx_nnz=62001
FILTERDDP_TIMING iteration=30 barrier_iteration=4 stage=5 derivative_s=0.003505000 first_order_s=0.001611900 second_order_s=0.001359500 algebra_s=0.011761800 kkt_assembly_s=0.000556200 factor_s=0.020368700 solve_s=0.012040700 update_s=0.001661300 K_nnz=96025 rhs_cols=1 Vxx_nnz=62001
FILTERDDP_TIMING iteration=30 barrier_iteration=4 stage=4 derivative_s=0.003259500 first_order_s=0.001584300 second_order_s=0.001376000 algebra_s=0.026643200 kkt_assembly_s=0.000589300 factor_s=0.020505700 solve_s=0.012205200 update_s=0.001937400 K_nnz=96025 rhs_cols=1 Vxx_nnz=62001
FILTERDDP_TIMING iteration=30 barrier_iteration=4 stage=3 derivative_s=0.003175900 first_order_s=0.001611800 second_order_s=0.001282900 algebra_s=0.012486600 kkt_assembly_s=0.000546500 factor_s=0.020007000 solve_s=0.011997000 update_s=0.001821000 K_nnz=96025 rhs_cols=1 Vxx_nnz=62001
FILTERDDP_TIMING iteration=30 barrier_iteration=4 stage=2 derivative_s=0.003096100 first_order_s=0.001595000 second_order_s=0.001235300 algebra_s=0.011916600 kkt_assembly_s=0.000523900 factor_s=0.026904100 solve_s=0.012493700 update_s=0.001676200 K_nnz=96025 rhs_cols=1 Vxx_nnz=62001
FILTERDDP_TIMING iteration=30 barrier_iteration=4 stage=1 derivative_s=0.003051200 first_order_s=0.001596200 second_order_s=0.001190600 algebra_s=0.014692700 kkt_assembly_s=0.000598700 factor_s=0.021050600 solve_s=0.012808500 update_s=0.001666600 K_nnz=96025 rhs_cols=1 Vxx_nnz=62001
FILTERDDP_FEASIBILITY iteration=30 barrier_iteration=4 equality_count=248064 equality_rms=1.536526157322e-04 equality_max=3.591975003894e-03 equality_worst_stage=24 equality_worst_index=7672 dynamics_count=5727 dynamics_rms=0.000000000000e+00 dynamics_max=0.000000000000e+00 dynamics_worst_stage=0 dynamics_worst_index=0 bound_count=170736 bound_rms=0.000000000000e+00 bound_max=0.000000000000e+00 bound_worst_stage=0 bound_worst_index=0 bound_worst_kind=none
  iter     objective        pr_inf       du_inf       cs_inf     lg(μ)   lg(reg)    alpha     ls
    30   9.01490431e+03   3.5920e-03   3.1263e-01   3.4059e-03   -2.80      -     1.0000e+00   0
FILTERDDP_ITER_TIMING iteration=30 barrier_iteration=4 backward_s=1.595076700 forward_s=0.184687000 total_s=1.779763700 outcome=accepted step_size=1.000000000e+00 backtracks=0 mu=1.600000000e-03
FILTERDDP_TIMING iteration=31 barrier_iteration=4 stage=24 derivative_s=0.003815100 first_order_s=0.001726800 second_order_s=0.001834700 algebra_s=0.016748900 kkt_assembly_s=0.001412600 factor_s=0.033449000 solve_s=0.012932900 update_s=0.001908200 K_nnz=96025 rhs_cols=1 Vxx_nnz=62001
FILTERDDP_TIMING iteration=31 barrier_iteration=4 stage=23 derivative_s=0.003470600 first_order_s=0.001767300 second_order_s=0.001437200 algebra_s=0.011883200 kkt_assembly_s=0.000621000 factor_s=0.020338100 solve_s=0.012007500 update_s=0.110078600 K_nnz=96025 rhs_cols=1 Vxx_nnz=62001
FILTERDDP_TIMING iteration=31 barrier_iteration=4 stage=22 derivative_s=0.003644200 first_order_s=0.001864200 second_order_s=0.001517200 algebra_s=0.012285300 kkt_assembly_s=0.000556000 factor_s=0.020987200 solve_s=0.012281400 update_s=0.001540000 K_nnz=96025 rhs_cols=1 Vxx_nnz=62001
FILTERDDP_TIMING iteration=31 barrier_iteration=4 stage=21 derivative_s=0.003288000 first_order_s=0.001779700 second_order_s=0.001243700 algebra_s=0.011949200 kkt_assembly_s=0.000541900 factor_s=0.019478200 solve_s=0.012198100 update_s=0.001595600 K_nnz=96025 rhs_cols=1 Vxx_nnz=62001
FILTERDDP_TIMING iteration=31 barrier_iteration=4 stage=20 derivative_s=0.003306100 first_order_s=0.001773900 second_order_s=0.001267100 algebra_s=0.013385000 kkt_assembly_s=0.000540700 factor_s=0.020403700 solve_s=0.012197500 update_s=0.001702400 K_nnz=96025 rhs_cols=1 Vxx_nnz=62001
FILTERDDP_TIMING iteration=31 barrier_iteration=4 stage=19 derivative_s=0.003246300 first_order_s=0.001650600 second_order_s=0.001208500 algebra_s=0.011778500 kkt_assembly_s=0.000537300 factor_s=0.020003500 solve_s=0.012236700 update_s=0.001692600 K_nnz=96025 rhs_cols=1 Vxx_nnz=62001
FILTERDDP_TIMING iteration=31 barrier_iteration=4 stage=18 derivative_s=0.003020200 first_order_s=0.001579400 second_order_s=0.001178500 algebra_s=0.012016200 kkt_assembly_s=0.000604400 factor_s=0.020080800 solve_s=0.012062400 update_s=0.001860800 K_nnz=96025 rhs_cols=1 Vxx_nnz=62001
FILTERDDP_TIMING iteration=31 barrier_iteration=4 stage=17 derivative_s=0.003080700 first_order_s=0.001598300 second_order_s=0.001219100 algebra_s=0.011840300 kkt_assembly_s=0.000627300 factor_s=0.020999300 solve_s=0.013028600 update_s=0.002727200 K_nnz=96025 rhs_cols=1 Vxx_nnz=62001
FILTERDDP_TIMING iteration=31 barrier_iteration=4 stage=16 derivative_s=0.022120100 first_order_s=0.002686900 second_order_s=0.019154000 algebra_s=0.006461800 kkt_assembly_s=0.000588600 factor_s=0.020410100 solve_s=0.012200600 update_s=0.001834200 K_nnz=96025 rhs_cols=1 Vxx_nnz=62001
FILTERDDP_TIMING iteration=31 barrier_iteration=4 stage=15 derivative_s=0.003250100 first_order_s=0.001696000 second_order_s=0.001287500 algebra_s=0.013460400 kkt_assembly_s=0.000604400 factor_s=0.020589300 solve_s=0.011862500 update_s=0.001717300 K_nnz=96025 rhs_cols=1 Vxx_nnz=62001
FILTERDDP_TIMING iteration=31 barrier_iteration=4 stage=14 derivative_s=0.003265100 first_order_s=0.001722400 second_order_s=0.001253900 algebra_s=0.013159600 kkt_assembly_s=0.000545700 factor_s=0.020491500 solve_s=0.012593200 update_s=0.001810200 K_nnz=96025 rhs_cols=1 Vxx_nnz=62001
FILTERDDP_TIMING iteration=31 barrier_iteration=4 stage=13 derivative_s=0.003115300 first_order_s=0.001622300 second_order_s=0.001228600 algebra_s=0.020145900 kkt_assembly_s=0.001456800 factor_s=0.035510500 solve_s=0.019491700 update_s=0.001662400 K_nnz=96025 rhs_cols=1 Vxx_nnz=62001
FILTERDDP_TIMING iteration=31 barrier_iteration=4 stage=12 derivative_s=0.003166600 first_order_s=0.001671600 second_order_s=0.001230700 algebra_s=0.017566300 kkt_assembly_s=0.000852000 factor_s=0.043510100 solve_s=0.011792200 update_s=0.001816900 K_nnz=96025 rhs_cols=1 Vxx_nnz=62001
FILTERDDP_TIMING iteration=31 barrier_iteration=4 stage=11 derivative_s=0.003238800 first_order_s=0.001695200 second_order_s=0.001279500 algebra_s=0.011572900 kkt_assembly_s=0.000557100 factor_s=0.020113100 solve_s=0.012470700 update_s=0.001742000 K_nnz=96025 rhs_cols=1 Vxx_nnz=62001
FILTERDDP_TIMING iteration=31 barrier_iteration=4 stage=10 derivative_s=0.003137600 first_order_s=0.001637700 second_order_s=0.001232900 algebra_s=0.014920100 kkt_assembly_s=0.000532500 factor_s=0.020634000 solve_s=0.012222700 update_s=0.001867600 K_nnz=96025 rhs_cols=1 Vxx_nnz=62001
FILTERDDP_TIMING iteration=31 barrier_iteration=4 stage=9 derivative_s=0.003064200 first_order_s=0.001613300 second_order_s=0.001190700 algebra_s=0.011943900 kkt_assembly_s=0.000536000 factor_s=0.020462500 solve_s=0.011971900 update_s=0.001749100 K_nnz=96025 rhs_cols=1 Vxx_nnz=62001
FILTERDDP_TIMING iteration=31 barrier_iteration=4 stage=8 derivative_s=0.003139600 first_order_s=0.001608600 second_order_s=0.001173400 algebra_s=0.056857200 kkt_assembly_s=0.000568300 factor_s=0.019976600 solve_s=0.012328200 update_s=0.001667200 K_nnz=96025 rhs_cols=1 Vxx_nnz=62001
FILTERDDP_TIMING iteration=31 barrier_iteration=4 stage=7 derivative_s=0.003438100 first_order_s=0.001825300 second_order_s=0.001348500 algebra_s=0.013055700 kkt_assembly_s=0.000551000 factor_s=0.020451900 solve_s=0.013780800 update_s=0.001866300 K_nnz=96025 rhs_cols=1 Vxx_nnz=62001
FILTERDDP_TIMING iteration=31 barrier_iteration=4 stage=6 derivative_s=0.005113700 first_order_s=0.002931400 second_order_s=0.001742200 algebra_s=0.017590700 kkt_assembly_s=0.000550500 factor_s=0.020342400 solve_s=0.011892300 update_s=0.001662300 K_nnz=96025 rhs_cols=1 Vxx_nnz=62001
FILTERDDP_TIMING iteration=31 barrier_iteration=4 stage=5 derivative_s=0.003202900 first_order_s=0.001757700 second_order_s=0.001180400 algebra_s=0.011913000 kkt_assembly_s=0.115377500 factor_s=0.020928100 solve_s=0.012332400 update_s=0.001679900 K_nnz=96025 rhs_cols=1 Vxx_nnz=62001
FILTERDDP_TIMING iteration=31 barrier_iteration=4 stage=4 derivative_s=0.003576600 first_order_s=0.001846000 second_order_s=0.001465900 algebra_s=0.012635500 kkt_assembly_s=0.000572800 factor_s=0.020056800 solve_s=0.012178800 update_s=0.001607500 K_nnz=96025 rhs_cols=1 Vxx_nnz=62001
FILTERDDP_TIMING iteration=31 barrier_iteration=4 stage=3 derivative_s=0.003045400 first_order_s=0.001590300 second_order_s=0.001193200 algebra_s=0.012101800 kkt_assembly_s=0.000605600 factor_s=0.020100300 solve_s=0.012011200 update_s=0.001687300 K_nnz=96025 rhs_cols=1 Vxx_nnz=62001
FILTERDDP_TIMING iteration=31 barrier_iteration=4 stage=2 derivative_s=0.003257800 first_order_s=0.001686100 second_order_s=0.001220900 algebra_s=0.016264500 kkt_assembly_s=0.000554300 factor_s=0.022060800 solve_s=0.012940500 update_s=0.001697000 K_nnz=96025 rhs_cols=1 Vxx_nnz=62001
FILTERDDP_TIMING iteration=31 barrier_iteration=4 stage=1 derivative_s=0.002979100 first_order_s=0.001558700 second_order_s=0.001160200 algebra_s=0.012321200 kkt_assembly_s=0.000687800 factor_s=0.021124900 solve_s=0.011818800 update_s=0.001852100 K_nnz=96025 rhs_cols=1 Vxx_nnz=62001
FILTERDDP_FEASIBILITY iteration=31 barrier_iteration=4 equality_count=248064 equality_rms=2.380495281356e-06 equality_max=8.883935636550e-05 equality_worst_stage=22 equality_worst_index=7650 dynamics_count=5727 dynamics_rms=0.000000000000e+00 dynamics_max=0.000000000000e+00 dynamics_worst_stage=0 dynamics_worst_index=0 bound_count=170736 bound_rms=0.000000000000e+00 bound_max=0.000000000000e+00 bound_worst_stage=0 bound_worst_index=0 bound_worst_kind=none
    31   9.01471319e+03   8.8839e-05   2.1713e-02   1.8376e-03   -2.80      -     1.0000e+00   0
FILTERDDP_ITER_TIMING iteration=31 barrier_iteration=4 backward_s=1.593165700 forward_s=0.138376100 total_s=1.731541800 outcome=accepted step_size=1.000000000e+00 backtracks=0 mu=1.600000000e-03
FILTERDDP_TIMING iteration=32 barrier_iteration=4 stage=24 derivative_s=0.005706900 first_order_s=0.002524200 second_order_s=0.003033600 algebra_s=0.022743300 kkt_assembly_s=0.001798000 factor_s=0.047674900 solve_s=0.013200300 update_s=0.001747000 K_nnz=96025 rhs_cols=1 Vxx_nnz=62001
FILTERDDP_TIMING iteration=32 barrier_iteration=4 stage=23 derivative_s=0.003993200 first_order_s=0.001929200 second_order_s=0.001588500 algebra_s=0.012428200 kkt_assembly_s=0.000712300 factor_s=0.021912500 solve_s=0.012436000 update_s=0.001602900 K_nnz=96025 rhs_cols=1 Vxx_nnz=62001
FILTERDDP_TIMING iteration=32 barrier_iteration=4 stage=22 derivative_s=0.003401200 first_order_s=0.001713300 second_order_s=0.001418400 algebra_s=0.011960000 kkt_assembly_s=0.000552800 factor_s=0.020589200 solve_s=0.011435500 update_s=0.001681000 K_nnz=96025 rhs_cols=1 Vxx_nnz=62001
FILTERDDP_TIMING iteration=32 barrier_iteration=4 stage=21 derivative_s=0.003204300 first_order_s=0.001705300 second_order_s=0.001237400 algebra_s=0.011741000 kkt_assembly_s=0.000609900 factor_s=0.020291800 solve_s=0.011830700 update_s=0.001791700 K_nnz=96025 rhs_cols=1 Vxx_nnz=62001
FILTERDDP_TIMING iteration=32 barrier_iteration=4 stage=20 derivative_s=0.003054800 first_order_s=0.001609100 second_order_s=0.001184500 algebra_s=0.013300400 kkt_assembly_s=0.000544600 factor_s=0.020586900 solve_s=0.011784400 update_s=0.001703200 K_nnz=96025 rhs_cols=1 Vxx_nnz=62001
FILTERDDP_TIMING iteration=32 barrier_iteration=4 stage=19 derivative_s=0.003121600 first_order_s=0.001610600 second_order_s=0.001247200 algebra_s=0.035520700 kkt_assembly_s=0.001058200 factor_s=0.025911300 solve_s=0.013136900 update_s=0.001741900 K_nnz=96025 rhs_cols=1 Vxx_nnz=62001
FILTERDDP_TIMING iteration=32 barrier_iteration=4 stage=18 derivative_s=0.003311800 first_order_s=0.001770000 second_order_s=0.001278100 algebra_s=0.020142400 kkt_assembly_s=0.001318100 factor_s=0.034962700 solve_s=0.013286300 update_s=0.001239500 K_nnz=96025 rhs_cols=1 Vxx_nnz=62001
FILTERDDP_TIMING iteration=32 barrier_iteration=4 stage=17 derivative_s=0.003209400 first_order_s=0.001720700 second_order_s=0.001224000 algebra_s=0.012108100 kkt_assembly_s=0.000571300 factor_s=0.022013600 solve_s=0.013355000 update_s=0.001877200 K_nnz=96025 rhs_cols=1 Vxx_nnz=62001
FILTERDDP_TIMING iteration=32 barrier_iteration=4 stage=16 derivative_s=0.003073700 first_order_s=0.001622700 second_order_s=0.001189000 algebra_s=0.022932200 kkt_assembly_s=0.000740400 factor_s=0.020356200 solve_s=0.011888300 update_s=0.048629800 K_nnz=96025 rhs_cols=1 Vxx_nnz=62001
FILTERDDP_TIMING iteration=32 barrier_iteration=4 stage=15 derivative_s=0.003383500 first_order_s=0.001762500 second_order_s=0.001360500 algebra_s=0.011843600 kkt_assembly_s=0.000625900 factor_s=0.022027800 solve_s=0.011989100 update_s=0.001819400 K_nnz=96025 rhs_cols=1 Vxx_nnz=62001
FILTERDDP_TIMING iteration=32 barrier_iteration=4 stage=14 derivative_s=0.003138500 first_order_s=0.001612700 second_order_s=0.001262800 algebra_s=0.012077900 kkt_assembly_s=0.000575900 factor_s=0.019874200 solve_s=0.012229300 update_s=0.001695300 K_nnz=96025 rhs_cols=1 Vxx_nnz=62001
FILTERDDP_TIMING iteration=32 barrier_iteration=4 stage=13 derivative_s=0.003560900 first_order_s=0.002015500 second_order_s=0.001281500 algebra_s=0.019767500 kkt_assembly_s=0.000556000 factor_s=0.020683900 solve_s=0.011714700 update_s=0.001827700 K_nnz=96025 rhs_cols=1 Vxx_nnz=62001
FILTERDDP_TIMING iteration=32 barrier_iteration=4 stage=12 derivative_s=0.003340900 first_order_s=0.001636500 second_order_s=0.001368800 algebra_s=0.127637300 kkt_assembly_s=0.000601500 factor_s=0.019875700 solve_s=0.012060400 update_s=0.001889500 K_nnz=96025 rhs_cols=1 Vxx_nnz=62001
FILTERDDP_TIMING iteration=32 barrier_iteration=4 stage=11 derivative_s=0.003328800 first_order_s=0.001822300 second_order_s=0.001242700 algebra_s=0.011756600 kkt_assembly_s=0.000549900 factor_s=0.019921600 solve_s=0.012628200 update_s=0.001692500 K_nnz=96025 rhs_cols=1 Vxx_nnz=62001
FILTERDDP_TIMING iteration=32 barrier_iteration=4 stage=10 derivative_s=0.003218800 first_order_s=0.001715000 second_order_s=0.001240400 algebra_s=0.011707500 kkt_assembly_s=0.000528500 factor_s=0.019921000 solve_s=0.012531600 update_s=0.001684700 K_nnz=96025 rhs_cols=1 Vxx_nnz=62001
FILTERDDP_TIMING iteration=32 barrier_iteration=4 stage=9 derivative_s=0.003327900 first_order_s=0.001780900 second_order_s=0.001284700 algebra_s=0.011702400 kkt_assembly_s=0.000530500 factor_s=0.020458300 solve_s=0.011820500 update_s=0.001648900 K_nnz=96025 rhs_cols=1 Vxx_nnz=62001
FILTERDDP_TIMING iteration=32 barrier_iteration=4 stage=8 derivative_s=0.003122000 first_order_s=0.001672100 second_order_s=0.001186500 algebra_s=0.020499200 kkt_assembly_s=0.001422100 factor_s=0.035451900 solve_s=0.012254900 update_s=0.001654300 K_nnz=96025 rhs_cols=1 Vxx_nnz=62001
FILTERDDP_TIMING iteration=32 barrier_iteration=4 stage=7 derivative_s=0.003005200 first_order_s=0.001571900 second_order_s=0.001171300 algebra_s=0.014288000 kkt_assembly_s=0.000727600 factor_s=0.022810300 solve_s=0.012090200 update_s=0.001705800 K_nnz=96025 rhs_cols=1 Vxx_nnz=62001
FILTERDDP_TIMING iteration=32 barrier_iteration=4 stage=6 derivative_s=0.004892200 first_order_s=0.002045400 second_order_s=0.002479400 algebra_s=0.012345100 kkt_assembly_s=0.000809700 factor_s=0.038231700 solve_s=0.012065700 update_s=0.001662400 K_nnz=96025 rhs_cols=1 Vxx_nnz=62001
FILTERDDP_TIMING iteration=32 barrier_iteration=4 stage=5 derivative_s=0.003365700 first_order_s=0.001638700 second_order_s=0.001464200 algebra_s=0.012917400 kkt_assembly_s=0.000537100 factor_s=0.020064000 solve_s=0.011894500 update_s=0.001740600 K_nnz=96025 rhs_cols=1 Vxx_nnz=62001
FILTERDDP_TIMING iteration=32 barrier_iteration=4 stage=4 derivative_s=0.003128800 first_order_s=0.001657500 second_order_s=0.001209700 algebra_s=0.011905800 kkt_assembly_s=0.000530700 factor_s=0.020264200 solve_s=0.011843200 update_s=0.001800700 K_nnz=96025 rhs_cols=1 Vxx_nnz=62001
FILTERDDP_TIMING iteration=32 barrier_iteration=4 stage=3 derivative_s=0.003154800 first_order_s=0.001611300 second_order_s=0.001278300 algebra_s=0.011984200 kkt_assembly_s=0.000576700 factor_s=0.019819100 solve_s=0.012275200 update_s=0.001656100 K_nnz=96025 rhs_cols=1 Vxx_nnz=62001
FILTERDDP_TIMING iteration=32 barrier_iteration=4 stage=2 derivative_s=0.003386800 first_order_s=0.001710800 second_order_s=0.001412500 algebra_s=0.012303500 kkt_assembly_s=0.000515200 factor_s=0.020297500 solve_s=0.012141300 update_s=0.001701100 K_nnz=96025 rhs_cols=1 Vxx_nnz=62001
FILTERDDP_TIMING iteration=32 barrier_iteration=4 stage=1 derivative_s=0.027898400 first_order_s=0.001516800 second_order_s=0.026093800 algebra_s=0.014329800 kkt_assembly_s=0.000611000 factor_s=0.021488600 solve_s=0.012314400 update_s=0.001784500 K_nnz=96025 rhs_cols=1 Vxx_nnz=62001
FILTERDDP_FEASIBILITY iteration=32 barrier_iteration=4 equality_count=248064 equality_rms=6.960014561541e-09 equality_max=6.102681315567e-07 equality_worst_stage=3 equality_worst_index=10040 dynamics_count=5727 dynamics_rms=0.000000000000e+00 dynamics_max=0.000000000000e+00 dynamics_worst_stage=0 dynamics_worst_index=0 bound_count=170736 bound_rms=0.000000000000e+00 bound_max=0.000000000000e+00 bound_worst_stage=0 bound_worst_index=0 bound_worst_kind=none
FILTERDDP_ITER_TIMING iteration=32 barrier_iteration=4 backward_s=1.565858400 forward_s=0.000000000 total_s=1.565858400 outcome=barrier_update step_size=1.000000000e+00 backtracks=0 mu=1.600000000e-03
FILTERDDP_TIMING iteration=32 barrier_iteration=5 stage=24 derivative_s=0.003455600 first_order_s=0.001654800 second_order_s=0.001546500 algebra_s=0.011769500 kkt_assembly_s=0.000548200 factor_s=0.020131500 solve_s=0.012186300 update_s=0.001612700 K_nnz=96025 rhs_cols=1 Vxx_nnz=62001
FILTERDDP_TIMING iteration=32 barrier_iteration=5 stage=23 derivative_s=0.003099300 first_order_s=0.001628600 second_order_s=0.001207500 algebra_s=0.011867700 kkt_assembly_s=0.000541700 factor_s=0.020532100 solve_s=0.012220500 update_s=0.001648600 K_nnz=96025 rhs_cols=1 Vxx_nnz=62001
FILTERDDP_TIMING iteration=32 barrier_iteration=5 stage=22 derivative_s=0.003250300 first_order_s=0.001671500 second_order_s=0.001314000 algebra_s=0.011930200 kkt_assembly_s=0.000531400 factor_s=0.020405700 solve_s=0.057597300 update_s=0.001921000 K_nnz=96025 rhs_cols=1 Vxx_nnz=62001
FILTERDDP_TIMING iteration=32 barrier_iteration=5 stage=21 derivative_s=0.003292300 first_order_s=0.001693800 second_order_s=0.001338900 algebra_s=0.011833000 kkt_assembly_s=0.000542300 factor_s=0.020360700 solve_s=0.012191900 update_s=0.001701600 K_nnz=96025 rhs_cols=1 Vxx_nnz=62001
FILTERDDP_TIMING iteration=32 barrier_iteration=5 stage=20 derivative_s=0.003422500 first_order_s=0.001840900 second_order_s=0.001318500 algebra_s=0.011563000 kkt_assembly_s=0.000547100 factor_s=0.020617000 solve_s=0.012297900 update_s=0.001813100 K_nnz=96025 rhs_cols=1 Vxx_nnz=62001
FILTERDDP_TIMING iteration=32 barrier_iteration=5 stage=19 derivative_s=0.003115100 first_order_s=0.001627600 second_order_s=0.001224600 algebra_s=0.012245300 kkt_assembly_s=0.000533500 factor_s=0.020199800 solve_s=0.011586300 update_s=0.001630000 K_nnz=96025 rhs_cols=1 Vxx_nnz=62001
FILTERDDP_TIMING iteration=32 barrier_iteration=5 stage=18 derivative_s=0.123169300 first_order_s=0.001377700 second_order_s=0.121679400 algebra_s=0.010547900 kkt_assembly_s=0.000587300 factor_s=0.020761700 solve_s=0.013053500 update_s=0.001646500 K_nnz=96025 rhs_cols=1 Vxx_nnz=62001
FILTERDDP_TIMING iteration=32 barrier_iteration=5 stage=17 derivative_s=0.003522700 first_order_s=0.001682300 second_order_s=0.001440500 algebra_s=0.013042700 kkt_assembly_s=0.000575300 factor_s=0.020802100 solve_s=0.011437000 update_s=0.001735300 K_nnz=96025 rhs_cols=1 Vxx_nnz=62001
FILTERDDP_TIMING iteration=32 barrier_iteration=5 stage=16 derivative_s=0.003045100 first_order_s=0.001585500 second_order_s=0.001196500 algebra_s=0.011818100 kkt_assembly_s=0.000652400 factor_s=0.019991300 solve_s=0.012085000 update_s=0.001688600 K_nnz=96025 rhs_cols=1 Vxx_nnz=62001
FILTERDDP_TIMING iteration=32 barrier_iteration=5 stage=15 derivative_s=0.003084000 first_order_s=0.001618500 second_order_s=0.001201700 algebra_s=0.011977500 kkt_assembly_s=0.000536600 factor_s=0.019929300 solve_s=0.011896800 update_s=0.001626400 K_nnz=96025 rhs_cols=1 Vxx_nnz=62001
FILTERDDP_TIMING iteration=32 barrier_iteration=5 stage=14 derivative_s=0.003307500 first_order_s=0.001825400 second_order_s=0.001220000 algebra_s=0.011797100 kkt_assembly_s=0.000523200 factor_s=0.020013100 solve_s=0.011473800 update_s=0.001598900 K_nnz=96025 rhs_cols=1 Vxx_nnz=62001
FILTERDDP_TIMING iteration=32 barrier_iteration=5 stage=13 derivative_s=0.003001900 first_order_s=0.001569100 second_order_s=0.001168800 algebra_s=0.011901100 kkt_assembly_s=0.000524300 factor_s=0.020289900 solve_s=0.013034600 update_s=0.002679900 K_nnz=96025 rhs_cols=1 Vxx_nnz=62001
FILTERDDP_TIMING iteration=32 barrier_iteration=5 stage=12 derivative_s=0.005222800 first_order_s=0.002404700 second_order_s=0.002544200 algebra_s=0.012233300 kkt_assembly_s=0.017391200 factor_s=0.019844200 solve_s=0.012049300 update_s=0.001717700 K_nnz=96025 rhs_cols=1 Vxx_nnz=62001
FILTERDDP_TIMING iteration=32 barrier_iteration=5 stage=11 derivative_s=0.003175400 first_order_s=0.001637300 second_order_s=0.001275500 algebra_s=0.011852400 kkt_assembly_s=0.000545900 factor_s=0.020192300 solve_s=0.011810500 update_s=0.001986200 K_nnz=96025 rhs_cols=1 Vxx_nnz=62001
FILTERDDP_TIMING iteration=32 barrier_iteration=5 stage=10 derivative_s=0.003471600 first_order_s=0.001748900 second_order_s=0.001349300 algebra_s=0.014538300 kkt_assembly_s=0.000580100 factor_s=0.021022300 solve_s=0.012126400 update_s=0.001686600 K_nnz=96025 rhs_cols=1 Vxx_nnz=62001
FILTERDDP_TIMING iteration=32 barrier_iteration=5 stage=9 derivative_s=0.003122000 first_order_s=0.001626800 second_order_s=0.001234400 algebra_s=0.012049000 kkt_assembly_s=0.000570600 factor_s=0.020128200 solve_s=0.012277900 update_s=0.001837700 K_nnz=96025 rhs_cols=1 Vxx_nnz=62001
FILTERDDP_TIMING iteration=32 barrier_iteration=5 stage=8 derivative_s=0.003239800 first_order_s=0.001663100 second_order_s=0.001311400 algebra_s=0.013029100 kkt_assembly_s=0.000586000 factor_s=0.019746800 solve_s=0.030526000 update_s=0.001879500 K_nnz=96025 rhs_cols=1 Vxx_nnz=62001
FILTERDDP_TIMING iteration=32 barrier_iteration=5 stage=7 derivative_s=0.003308200 first_order_s=0.001719600 second_order_s=0.001328900 algebra_s=0.013393400 kkt_assembly_s=0.000568900 factor_s=0.021058300 solve_s=0.012072200 update_s=0.001796500 K_nnz=96025 rhs_cols=1 Vxx_nnz=62001
FILTERDDP_TIMING iteration=32 barrier_iteration=5 stage=6 derivative_s=0.003116100 first_order_s=0.001613900 second_order_s=0.001238300 algebra_s=0.012073800 kkt_assembly_s=0.000610700 factor_s=0.020112900 solve_s=0.012181800 update_s=0.001763600 K_nnz=96025 rhs_cols=1 Vxx_nnz=62001
FILTERDDP_TIMING iteration=32 barrier_iteration=5 stage=5 derivative_s=0.003140700 first_order_s=0.001643100 second_order_s=0.001235200 algebra_s=0.012106800 kkt_assembly_s=0.000550800 factor_s=0.020454200 solve_s=0.012071400 update_s=0.001624300 K_nnz=96025 rhs_cols=1 Vxx_nnz=62001
FILTERDDP_TIMING iteration=32 barrier_iteration=5 stage=4 derivative_s=0.003009500 first_order_s=0.001573400 second_order_s=0.001178400 algebra_s=0.012157400 kkt_assembly_s=0.000551000 factor_s=0.067181400 solve_s=0.012256500 update_s=0.001701600 K_nnz=96025 rhs_cols=1 Vxx_nnz=62001
FILTERDDP_TIMING iteration=32 barrier_iteration=5 stage=3 derivative_s=0.003472100 first_order_s=0.001806200 second_order_s=0.001400800 algebra_s=0.010378300 kkt_assembly_s=0.000617400 factor_s=0.020240500 solve_s=0.012162900 update_s=0.001857800 K_nnz=96025 rhs_cols=1 Vxx_nnz=62001
FILTERDDP_TIMING iteration=32 barrier_iteration=5 stage=2 derivative_s=0.003127200 first_order_s=0.001634400 second_order_s=0.001229700 algebra_s=0.011760200 kkt_assembly_s=0.000634800 factor_s=0.020428300 solve_s=0.012961900 update_s=0.001737600 K_nnz=96025 rhs_cols=1 Vxx_nnz=62001
FILTERDDP_TIMING iteration=32 barrier_iteration=5 stage=1 derivative_s=0.003090300 first_order_s=0.001603700 second_order_s=0.001225700 algebra_s=0.017904200 kkt_assembly_s=0.000966100 factor_s=0.031487400 solve_s=0.012233900 update_s=0.001643900 K_nnz=96025 rhs_cols=1 Vxx_nnz=62001
FILTERDDP_FEASIBILITY iteration=32 barrier_iteration=5 equality_count=248064 equality_rms=6.960014561541e-09 equality_max=6.102681315567e-07 equality_worst_stage=3 equality_worst_index=10040 dynamics_count=5727 dynamics_rms=0.000000000000e+00 dynamics_max=0.000000000000e+00 dynamics_worst_stage=0 dynamics_worst_index=0 bound_count=170736 bound_rms=0.000000000000e+00 bound_max=0.000000000000e+00 bound_worst_stage=0 bound_worst_index=0 bound_worst_kind=none
    32   9.01468671e+03   6.1027e-07   4.0277e-03   1.6060e-03   -3.49      -     1.0000e+00   0
FILTERDDP_ITER_TIMING iteration=32 barrier_iteration=5 backward_s=1.473211500 forward_s=0.297172200 total_s=1.770383700 outcome=accepted step_size=5.816193562e-01 backtracks=0 mu=3.200000000e-04
FILTERDDP_TIMING iteration=33 barrier_iteration=5 stage=24 derivative_s=0.008557000 first_order_s=0.002957900 second_order_s=0.005326700 algebra_s=0.027340900 kkt_assembly_s=0.001858500 factor_s=0.027728800 solve_s=0.014334000 update_s=0.003034300 K_nnz=96025 rhs_cols=1 Vxx_nnz=62001
FILTERDDP_TIMING iteration=33 barrier_iteration=5 stage=23 derivative_s=0.005971600 first_order_s=0.002687800 second_order_s=0.003006300 algebra_s=0.013261000 kkt_assembly_s=0.000862200 factor_s=0.020688500 solve_s=0.013733800 update_s=0.001803300 K_nnz=96025 rhs_cols=1 Vxx_nnz=62001
FILTERDDP_TIMING iteration=33 barrier_iteration=5 stage=22 derivative_s=0.005951700 first_order_s=0.002778500 second_order_s=0.002895900 algebra_s=0.012215900 kkt_assembly_s=0.000756900 factor_s=0.023269100 solve_s=0.027925000 update_s=0.002863800 K_nnz=96025 rhs_cols=1 Vxx_nnz=62001
FILTERDDP_TIMING iteration=33 barrier_iteration=5 stage=21 derivative_s=0.005681200 first_order_s=0.002461300 second_order_s=0.002936200 algebra_s=0.012591500 kkt_assembly_s=0.000845200 factor_s=0.023540200 solve_s=0.013087800 update_s=0.002946400 K_nnz=96025 rhs_cols=1 Vxx_nnz=62001
FILTERDDP_TIMING iteration=33 barrier_iteration=5 stage=20 derivative_s=0.005757100 first_order_s=0.002517000 second_order_s=0.002963200 algebra_s=0.011895000 kkt_assembly_s=0.000726000 factor_s=0.022952900 solve_s=0.029993100 update_s=0.001751300 K_nnz=96025 rhs_cols=1 Vxx_nnz=62001
FILTERDDP_TIMING iteration=33 barrier_iteration=5 stage=19 derivative_s=0.003780100 first_order_s=0.002100600 second_order_s=0.001414900 algebra_s=0.011474900 kkt_assembly_s=0.000541800 factor_s=0.020192700 solve_s=0.012187200 update_s=0.001769200 K_nnz=96025 rhs_cols=1 Vxx_nnz=62001
FILTERDDP_TIMING iteration=33 barrier_iteration=5 stage=18 derivative_s=0.003626000 first_order_s=0.001703000 second_order_s=0.001641600 algebra_s=0.011482100 kkt_assembly_s=0.000654700 factor_s=0.020183000 solve_s=0.012095700 update_s=0.001867700 K_nnz=96025 rhs_cols=1 Vxx_nnz=62001
FILTERDDP_TIMING iteration=33 barrier_iteration=5 stage=17 derivative_s=0.004125600 first_order_s=0.002239900 second_order_s=0.001621700 algebra_s=0.012280600 kkt_assembly_s=0.000537000 factor_s=0.020016700 solve_s=0.012188800 update_s=0.001862600 K_nnz=96025 rhs_cols=1 Vxx_nnz=62001
FILTERDDP_TIMING iteration=33 barrier_iteration=5 stage=16 derivative_s=0.003177700 first_order_s=0.001571900 second_order_s=0.001345800 algebra_s=0.012579100 kkt_assembly_s=0.000623700 factor_s=0.019857600 solve_s=0.011757700 update_s=0.001832000 K_nnz=96025 rhs_cols=1 Vxx_nnz=62001
FILTERDDP_TIMING iteration=33 barrier_iteration=5 stage=15 derivative_s=0.003517300 first_order_s=0.001784500 second_order_s=0.001468500 algebra_s=0.027268100 kkt_assembly_s=0.000579300 factor_s=0.020646800 solve_s=0.012692700 update_s=0.001781600 K_nnz=96025 rhs_cols=1 Vxx_nnz=62001
FILTERDDP_TIMING iteration=33 barrier_iteration=5 stage=14 derivative_s=0.003251900 first_order_s=0.001665600 second_order_s=0.001323400 algebra_s=0.011948400 kkt_assembly_s=0.000535000 factor_s=0.020375600 solve_s=0.012098700 update_s=0.001796800 K_nnz=96025 rhs_cols=1 Vxx_nnz=62001
FILTERDDP_TIMING iteration=33 barrier_iteration=5 stage=13 derivative_s=0.003522900 first_order_s=0.001891500 second_order_s=0.001326700 algebra_s=0.012752700 kkt_assembly_s=0.000561400 factor_s=0.020410800 solve_s=0.012133100 update_s=0.001621400 K_nnz=96025 rhs_cols=1 Vxx_nnz=62001
FILTERDDP_TIMING iteration=33 barrier_iteration=5 stage=12 derivative_s=0.003453800 first_order_s=0.001796200 second_order_s=0.001232300 algebra_s=0.011904900 kkt_assembly_s=0.000577100 factor_s=0.020893300 solve_s=0.062416700 update_s=0.001932400 K_nnz=96025 rhs_cols=1 Vxx_nnz=62001
FILTERDDP_TIMING iteration=33 barrier_iteration=5 stage=11 derivative_s=0.001318500 first_order_s=0.000678800 second_order_s=0.000532000 algebra_s=0.010557000 kkt_assembly_s=0.000608600 factor_s=0.020883200 solve_s=0.012310100 update_s=0.001615000 K_nnz=96025 rhs_cols=1 Vxx_nnz=62001
FILTERDDP_TIMING iteration=33 barrier_iteration=5 stage=10 derivative_s=0.003146900 first_order_s=0.001638500 second_order_s=0.001245500 algebra_s=0.011808200 kkt_assembly_s=0.000530000 factor_s=0.020021100 solve_s=0.012402800 update_s=0.001844000 K_nnz=96025 rhs_cols=1 Vxx_nnz=62001
FILTERDDP_TIMING iteration=33 barrier_iteration=5 stage=9 derivative_s=0.003160000 first_order_s=0.001648800 second_order_s=0.001249000 algebra_s=0.011889000 kkt_assembly_s=0.000529000 factor_s=0.020102100 solve_s=0.012036800 update_s=0.001751600 K_nnz=96025 rhs_cols=1 Vxx_nnz=62001
FILTERDDP_TIMING iteration=33 barrier_iteration=5 stage=8 derivative_s=0.125030500 first_order_s=0.001575000 second_order_s=0.123332200 algebra_s=0.006584500 kkt_assembly_s=0.000601500 factor_s=0.021127800 solve_s=0.012487300 update_s=0.001700900 K_nnz=96025 rhs_cols=1 Vxx_nnz=62001
FILTERDDP_TIMING iteration=33 barrier_iteration=5 stage=7 derivative_s=0.003248500 first_order_s=0.001664900 second_order_s=0.001281600 algebra_s=0.015097800 kkt_assembly_s=0.000707300 factor_s=0.021865900 solve_s=0.012597000 update_s=0.001874200 K_nnz=96025 rhs_cols=1 Vxx_nnz=62001
FILTERDDP_TIMING iteration=33 barrier_iteration=5 stage=6 derivative_s=0.003564600 first_order_s=0.002004700 second_order_s=0.001293800 algebra_s=0.011479500 kkt_assembly_s=0.000549800 factor_s=0.020279700 solve_s=0.011909400 update_s=0.001794100 K_nnz=96025 rhs_cols=1 Vxx_nnz=62001
FILTERDDP_TIMING iteration=33 barrier_iteration=5 stage=5 derivative_s=0.003143500 first_order_s=0.001641800 second_order_s=0.001241500 algebra_s=0.011896700 kkt_assembly_s=0.000615600 factor_s=0.020318300 solve_s=0.012291400 update_s=0.001592100 K_nnz=96025 rhs_cols=1 Vxx_nnz=62001
FILTERDDP_TIMING iteration=33 barrier_iteration=5 stage=4 derivative_s=0.003181900 first_order_s=0.001611800 second_order_s=0.001302900 algebra_s=0.011899000 kkt_assembly_s=0.000529300 factor_s=0.020222600 solve_s=0.012366300 update_s=0.001745400 K_nnz=96025 rhs_cols=1 Vxx_nnz=62001
FILTERDDP_TIMING iteration=33 barrier_iteration=5 stage=3 derivative_s=0.003001100 first_order_s=0.001571800 second_order_s=0.001164500 algebra_s=0.012894500 kkt_assembly_s=0.000668700 factor_s=0.024073400 solve_s=0.013182000 update_s=0.002716400 K_nnz=96025 rhs_cols=1 Vxx_nnz=62001
FILTERDDP_TIMING iteration=33 barrier_iteration=5 stage=2 derivative_s=0.005576500 first_order_s=0.002490200 second_order_s=0.002804900 algebra_s=0.012573200 kkt_assembly_s=0.000876000 factor_s=0.041581000 solve_s=0.011949600 update_s=0.001864100 K_nnz=96025 rhs_cols=1 Vxx_nnz=62001
FILTERDDP_TIMING iteration=33 barrier_iteration=5 stage=1 derivative_s=0.003304500 first_order_s=0.001698400 second_order_s=0.001342800 algebra_s=0.011850400 kkt_assembly_s=0.000548200 factor_s=0.019740300 solve_s=0.012384200 update_s=0.001796100 K_nnz=96025 rhs_cols=1 Vxx_nnz=62001
FILTERDDP_FEASIBILITY iteration=33 barrier_iteration=5 equality_count=248064 equality_rms=1.800359942001e-04 equality_max=5.617997639710e-03 equality_worst_stage=23 equality_worst_index=7660 dynamics_count=5727 dynamics_rms=1.190383800183e-18 dynamics_max=3.469446951954e-18 dynamics_worst_stage=23 dynamics_worst_index=7 bound_count=170736 bound_rms=0.000000000000e+00 bound_max=0.000000000000e+00 bound_worst_stage=0 bound_worst_index=0 bound_worst_kind=none
    33   8.96796570e+03   5.6180e-03   4.4835e-01   9.4213e-04   -3.49      -     5.8162e-01   0
FILTERDDP_ITER_TIMING iteration=33 barrier_iteration=5 backward_s=1.516285800 forward_s=0.134516700 total_s=1.650802500 outcome=accepted step_size=5.165638865e-01 backtracks=0 mu=3.200000000e-04
FILTERDDP_TIMING iteration=34 barrier_iteration=5 stage=24 derivative_s=0.004586700 first_order_s=0.002084600 second_order_s=0.002042200 algebra_s=0.020581900 kkt_assembly_s=0.001352800 factor_s=0.048179900 solve_s=0.012909300 update_s=0.001632900 K_nnz=96025 rhs_cols=1 Vxx_nnz=62001
FILTERDDP_TIMING iteration=34 barrier_iteration=5 stage=23 derivative_s=0.003343300 first_order_s=0.001725500 second_order_s=0.001354500 algebra_s=0.012040900 kkt_assembly_s=0.000561400 factor_s=0.021067900 solve_s=0.012862300 update_s=0.001600100 K_nnz=96025 rhs_cols=1 Vxx_nnz=62001
FILTERDDP_TIMING iteration=34 barrier_iteration=5 stage=22 derivative_s=0.002637400 first_order_s=0.001365400 second_order_s=0.001039400 algebra_s=0.040309000 kkt_assembly_s=0.000571500 factor_s=0.020444000 solve_s=0.012460800 update_s=0.001688800 K_nnz=96025 rhs_cols=1 Vxx_nnz=62001
FILTERDDP_TIMING iteration=34 barrier_iteration=5 stage=21 derivative_s=0.003349900 first_order_s=0.001674500 second_order_s=0.001372800 algebra_s=0.011833800 kkt_assembly_s=0.000546800 factor_s=0.020020200 solve_s=0.012361600 update_s=0.001784200 K_nnz=96025 rhs_cols=1 Vxx_nnz=62001
FILTERDDP_TIMING iteration=34 barrier_iteration=5 stage=20 derivative_s=0.003095000 first_order_s=0.001613100 second_order_s=0.001167800 algebra_s=0.011824300 kkt_assembly_s=0.000553000 factor_s=0.020210000 solve_s=0.012348100 update_s=0.001671800 K_nnz=96025 rhs_cols=1 Vxx_nnz=62001
FILTERDDP_TIMING iteration=34 barrier_iteration=5 stage=19 derivative_s=0.003163400 first_order_s=0.001690600 second_order_s=0.001208500 algebra_s=0.011840100 kkt_assembly_s=0.000525400 factor_s=0.020276800 solve_s=0.011987700 update_s=0.001571000 K_nnz=96025 rhs_cols=1 Vxx_nnz=62001
FILTERDDP_TIMING iteration=34 barrier_iteration=5 stage=18 derivative_s=0.048748700 first_order_s=0.001355600 second_order_s=0.047271400 algebra_s=0.009723300 kkt_assembly_s=0.000569300 factor_s=0.020044300 solve_s=0.012206800 update_s=0.001712600 K_nnz=96025 rhs_cols=1 Vxx_nnz=62001
FILTERDDP_TIMING iteration=34 barrier_iteration=5 stage=17 derivative_s=0.003268500 first_order_s=0.001729100 second_order_s=0.001274800 algebra_s=0.011654200 kkt_assembly_s=0.000547400 factor_s=0.020361900 solve_s=0.012853600 update_s=0.001838200 K_nnz=96025 rhs_cols=1 Vxx_nnz=62001
FILTERDDP_TIMING iteration=34 barrier_iteration=5 stage=16 derivative_s=0.003924100 first_order_s=0.002042800 second_order_s=0.001550100 algebra_s=0.018229500 kkt_assembly_s=0.000569100 factor_s=0.020679700 solve_s=0.012112100 update_s=0.001725500 K_nnz=96025 rhs_cols=1 Vxx_nnz=62001
FILTERDDP_TIMING iteration=34 barrier_iteration=5 stage=15 derivative_s=0.003152000 first_order_s=0.001591300 second_order_s=0.001297600 algebra_s=0.125434100 kkt_assembly_s=0.000640600 factor_s=0.020617100 solve_s=0.012349200 update_s=0.001663600 K_nnz=96025 rhs_cols=1 Vxx_nnz=62001
FILTERDDP_TIMING iteration=34 barrier_iteration=5 stage=14 derivative_s=0.003209100 first_order_s=0.001612200 second_order_s=0.001334200 algebra_s=0.012455000 kkt_assembly_s=0.000570700 factor_s=0.020138900 solve_s=0.012238700 update_s=0.001792000 K_nnz=96025 rhs_cols=1 Vxx_nnz=62001
FILTERDDP_TIMING iteration=34 barrier_iteration=5 stage=13 derivative_s=0.003070200 first_order_s=0.001582700 second_order_s=0.001227200 algebra_s=0.012160500 kkt_assembly_s=0.000576100 factor_s=0.020003300 solve_s=0.011823500 update_s=0.001823300 K_nnz=96025 rhs_cols=1 Vxx_nnz=62001
FILTERDDP_TIMING iteration=34 barrier_iteration=5 stage=12 derivative_s=0.003106200 first_order_s=0.001631700 second_order_s=0.001212200 algebra_s=0.015170600 kkt_assembly_s=0.001287500 factor_s=0.040825000 solve_s=0.013026700 update_s=0.001826000 K_nnz=96025 rhs_cols=1 Vxx_nnz=62001
FILTERDDP_TIMING iteration=34 barrier_iteration=5 stage=11 derivative_s=0.003119200 first_order_s=0.001648500 second_order_s=0.001201400 algebra_s=0.023651000 kkt_assembly_s=0.001305200 factor_s=0.038030500 solve_s=0.012130200 update_s=0.001761800 K_nnz=96025 rhs_cols=1 Vxx_nnz=62001
FILTERDDP_TIMING iteration=34 barrier_iteration=5 stage=10 derivative_s=0.003155100 first_order_s=0.001617300 second_order_s=0.001202400 algebra_s=0.012021500 kkt_assembly_s=0.000553100 factor_s=0.020568300 solve_s=0.012006700 update_s=0.001735600 K_nnz=96025 rhs_cols=1 Vxx_nnz=62001
FILTERDDP_TIMING iteration=34 barrier_iteration=5 stage=9 derivative_s=0.004222000 first_order_s=0.001770900 second_order_s=0.002173000 algebra_s=0.012790100 kkt_assembly_s=0.000755700 factor_s=0.060768400 solve_s=0.013760900 update_s=0.002874900 K_nnz=96025 rhs_cols=1 Vxx_nnz=62001
FILTERDDP_TIMING iteration=34 barrier_iteration=5 stage=8 derivative_s=0.006060100 first_order_s=0.002541500 second_order_s=0.003254000 algebra_s=0.010496100 kkt_assembly_s=0.000861300 factor_s=0.020493500 solve_s=0.013871100 update_s=0.002920200 K_nnz=96025 rhs_cols=1 Vxx_nnz=62001
FILTERDDP_TIMING iteration=34 barrier_iteration=5 stage=7 derivative_s=0.007126400 first_order_s=0.002702100 second_order_s=0.004098100 algebra_s=0.009662000 kkt_assembly_s=0.000811600 factor_s=0.021265200 solve_s=0.013103100 update_s=0.002959100 K_nnz=96025 rhs_cols=1 Vxx_nnz=62001
FILTERDDP_TIMING iteration=34 barrier_iteration=5 stage=6 derivative_s=0.005982800 first_order_s=0.002707800 second_order_s=0.002999400 algebra_s=0.014084200 kkt_assembly_s=0.000933100 factor_s=0.023385100 solve_s=0.013364800 update_s=0.002911700 K_nnz=96025 rhs_cols=1 Vxx_nnz=62001
FILTERDDP_TIMING iteration=34 barrier_iteration=5 stage=5 derivative_s=0.006875300 first_order_s=0.003115000 second_order_s=0.003416400 algebra_s=0.020511800 kkt_assembly_s=0.001928300 factor_s=0.033551900 solve_s=0.013481400 update_s=0.003055000 K_nnz=96025 rhs_cols=1 Vxx_nnz=62001
FILTERDDP_TIMING iteration=34 barrier_iteration=5 stage=4 derivative_s=0.007353400 first_order_s=0.003368600 second_order_s=0.003696900 algebra_s=0.040655500 kkt_assembly_s=0.000717400 factor_s=0.020423600 solve_s=0.012343000 update_s=0.001985300 K_nnz=96025 rhs_cols=1 Vxx_nnz=62001
FILTERDDP_TIMING iteration=34 barrier_iteration=5 stage=3 derivative_s=0.003152300 first_order_s=0.001649600 second_order_s=0.001240200 algebra_s=0.012165400 kkt_assembly_s=0.000540300 factor_s=0.020392800 solve_s=0.012893400 update_s=0.002051800 K_nnz=96025 rhs_cols=1 Vxx_nnz=62001
FILTERDDP_TIMING iteration=34 barrier_iteration=5 stage=2 derivative_s=0.003540300 first_order_s=0.002099000 second_order_s=0.001180100 algebra_s=0.013326300 kkt_assembly_s=0.000536600 factor_s=0.021380200 solve_s=0.012591000 update_s=0.001851800 K_nnz=96025 rhs_cols=1 Vxx_nnz=62001
FILTERDDP_TIMING iteration=34 barrier_iteration=5 stage=1 derivative_s=0.003298200 first_order_s=0.001767100 second_order_s=0.001182000 algebra_s=0.011661400 kkt_assembly_s=0.000593700 factor_s=0.021111100 solve_s=0.012077200 update_s=0.002017100 K_nnz=96025 rhs_cols=1 Vxx_nnz=62001
FILTERDDP_FEASIBILITY iteration=34 barrier_iteration=5 equality_count=248064 equality_rms=1.381107851822e-04 equality_max=3.585760418103e-03 equality_worst_stage=23 equality_worst_index=7672 dynamics_count=5727 dynamics_rms=1.310461599111e-18 dynamics_max=6.938893903907e-18 dynamics_worst_stage=3 dynamics_worst_index=89 bound_count=170736 bound_rms=0.000000000000e+00 bound_max=0.000000000000e+00 bound_worst_stage=0 bound_worst_index=0 bound_worst_kind=none
    34   8.94973329e+03   3.5858e-03   3.6433e-01   6.4812e-04   -3.49      -     5.1656e-01   0
FILTERDDP_ITER_TIMING iteration=34 barrier_iteration=5 backward_s=1.624260500 forward_s=0.191159700 total_s=1.815420200 outcome=accepted step_size=4.948623081e-01 backtracks=0 mu=3.200000000e-04
FILTERDDP_TIMING iteration=35 barrier_iteration=5 stage=24 derivative_s=0.004504600 first_order_s=0.002141100 second_order_s=0.002094300 algebra_s=0.019767800 kkt_assembly_s=0.001311000 factor_s=0.030007800 solve_s=0.013138700 update_s=0.001775500 K_nnz=96025 rhs_cols=1 Vxx_nnz=62001
FILTERDDP_TIMING iteration=35 barrier_iteration=5 stage=23 derivative_s=0.003718500 first_order_s=0.001906100 second_order_s=0.001544500 algebra_s=0.012530200 kkt_assembly_s=0.000588800 factor_s=0.020968300 solve_s=0.012363600 update_s=0.001681900 K_nnz=96025 rhs_cols=1 Vxx_nnz=62001
FILTERDDP_TIMING iteration=35 barrier_iteration=5 stage=22 derivative_s=0.137097600 first_order_s=0.135565100 second_order_s=0.001416200 algebra_s=0.016342800 kkt_assembly_s=0.001168300 factor_s=0.022398200 solve_s=0.014092900 update_s=0.003001700 K_nnz=96025 rhs_cols=1 Vxx_nnz=62001
FILTERDDP_TIMING iteration=35 barrier_iteration=5 stage=21 derivative_s=0.005912500 first_order_s=0.002802200 second_order_s=0.002832600 algebra_s=0.021127100 kkt_assembly_s=0.002427300 factor_s=0.036464700 solve_s=0.014248000 update_s=0.002887900 K_nnz=96025 rhs_cols=1 Vxx_nnz=62001
FILTERDDP_TIMING iteration=35 barrier_iteration=5 stage=20 derivative_s=0.006485800 first_order_s=0.002850300 second_order_s=0.003356600 algebra_s=0.017486800 kkt_assembly_s=0.001464400 factor_s=0.028551300 solve_s=0.014217200 update_s=0.002764800 K_nnz=96025 rhs_cols=1 Vxx_nnz=62001
FILTERDDP_TIMING iteration=35 barrier_iteration=5 stage=19 derivative_s=0.002194900 first_order_s=0.000959100 second_order_s=0.001130000 algebra_s=0.012819500 kkt_assembly_s=0.000933500 factor_s=0.023993000 solve_s=0.014539400 update_s=0.003115100 K_nnz=96025 rhs_cols=1 Vxx_nnz=62001
FILTERDDP_TIMING iteration=35 barrier_iteration=5 stage=18 derivative_s=0.005909500 first_order_s=0.002551200 second_order_s=0.003074300 algebra_s=0.012708200 kkt_assembly_s=0.000797900 factor_s=0.024361300 solve_s=0.013479900 update_s=0.002898800 K_nnz=96025 rhs_cols=1 Vxx_nnz=62001
FILTERDDP_TIMING iteration=35 barrier_iteration=5 stage=17 derivative_s=0.005727100 first_order_s=0.002609200 second_order_s=0.002823900 algebra_s=0.013284100 kkt_assembly_s=0.000795100 factor_s=0.024671400 solve_s=0.015635200 update_s=0.002637300 K_nnz=96025 rhs_cols=1 Vxx_nnz=62001
FILTERDDP_TIMING iteration=35 barrier_iteration=5 stage=16 derivative_s=0.006024300 first_order_s=0.002867000 second_order_s=0.002878500 algebra_s=0.030954500 kkt_assembly_s=0.001245000 factor_s=0.024390900 solve_s=0.013171300 update_s=0.001917900 K_nnz=96025 rhs_cols=1 Vxx_nnz=62001
FILTERDDP_TIMING iteration=35 barrier_iteration=5 stage=15 derivative_s=0.003009100 first_order_s=0.001533200 second_order_s=0.001230100 algebra_s=0.012076500 kkt_assembly_s=0.000567100 factor_s=0.020749600 solve_s=0.012480500 update_s=0.001809400 K_nnz=96025 rhs_cols=1 Vxx_nnz=62001
FILTERDDP_TIMING iteration=35 barrier_iteration=5 stage=14 derivative_s=0.003138100 first_order_s=0.001620400 second_order_s=0.001254700 algebra_s=0.017185500 kkt_assembly_s=0.000559400 factor_s=0.021992900 solve_s=0.012345700 update_s=0.001630900 K_nnz=96025 rhs_cols=1 Vxx_nnz=62001
FILTERDDP_TIMING iteration=35 barrier_iteration=5 stage=13 derivative_s=0.003133100 first_order_s=0.001583900 second_order_s=0.001284700 algebra_s=0.014244300 kkt_assembly_s=0.000594300 factor_s=0.020653100 solve_s=0.012826400 update_s=0.001609400 K_nnz=96025 rhs_cols=1 Vxx_nnz=62001
FILTERDDP_TIMING iteration=35 barrier_iteration=5 stage=12 derivative_s=0.003016600 first_order_s=0.001598600 second_order_s=0.001156000 algebra_s=0.012346000 kkt_assembly_s=0.000610200 factor_s=0.021897900 solve_s=0.030488900 update_s=0.001913000 K_nnz=96025 rhs_cols=1 Vxx_nnz=62001
FILTERDDP_TIMING iteration=35 barrier_iteration=5 stage=11 derivative_s=0.004150200 first_order_s=0.002427100 second_order_s=0.001362000 algebra_s=0.011685600 kkt_assembly_s=0.000603100 factor_s=0.021426400 solve_s=0.013012900 update_s=0.001780100 K_nnz=96025 rhs_cols=1 Vxx_nnz=62001
FILTERDDP_TIMING iteration=35 barrier_iteration=5 stage=10 derivative_s=0.003973100 first_order_s=0.001927600 second_order_s=0.001777600 algebra_s=0.011166300 kkt_assembly_s=0.000570000 factor_s=0.022206700 solve_s=0.011886300 update_s=0.001065600 K_nnz=96025 rhs_cols=1 Vxx_nnz=62001
FILTERDDP_TIMING iteration=35 barrier_iteration=5 stage=9 derivative_s=0.003591600 first_order_s=0.002087200 second_order_s=0.001236200 algebra_s=0.011624800 kkt_assembly_s=0.000613200 factor_s=0.021038900 solve_s=0.012418600 update_s=0.001344500 K_nnz=96025 rhs_cols=1 Vxx_nnz=62001
FILTERDDP_TIMING iteration=35 barrier_iteration=5 stage=8 derivative_s=0.002651700 first_order_s=0.001783200 second_order_s=0.000725000 algebra_s=0.012962200 kkt_assembly_s=0.000725500 factor_s=0.078280200 solve_s=0.013418400 update_s=0.001643000 K_nnz=96025 rhs_cols=1 Vxx_nnz=62001
FILTERDDP_TIMING iteration=35 barrier_iteration=5 stage=7 derivative_s=0.001871900 first_order_s=0.001043000 second_order_s=0.000676400 algebra_s=0.022828400 kkt_assembly_s=0.001782400 factor_s=0.042917800 solve_s=0.014518300 update_s=0.001692200 K_nnz=96025 rhs_cols=1 Vxx_nnz=62001
FILTERDDP_TIMING iteration=35 barrier_iteration=5 stage=6 derivative_s=0.003101400 first_order_s=0.001617200 second_order_s=0.001220100 algebra_s=0.021426800 kkt_assembly_s=0.001391200 factor_s=0.047862500 solve_s=0.014361800 update_s=0.001392400 K_nnz=96025 rhs_cols=1 Vxx_nnz=62001
FILTERDDP_TIMING iteration=35 barrier_iteration=5 stage=5 derivative_s=0.002832400 first_order_s=0.001800200 second_order_s=0.000829900 algebra_s=0.012683600 kkt_assembly_s=0.000989300 factor_s=0.147851700 solve_s=0.013822000 update_s=0.001768200 K_nnz=96025 rhs_cols=1 Vxx_nnz=62001
FILTERDDP_TIMING iteration=35 barrier_iteration=5 stage=4 derivative_s=0.005028700 first_order_s=0.003025400 second_order_s=0.001665200 algebra_s=0.011803200 kkt_assembly_s=0.000682900 factor_s=0.021322100 solve_s=0.012889300 update_s=0.001658700 K_nnz=96025 rhs_cols=1 Vxx_nnz=62001
FILTERDDP_TIMING iteration=35 barrier_iteration=5 stage=3 derivative_s=0.003201100 first_order_s=0.001674400 second_order_s=0.001262500 algebra_s=0.011977500 kkt_assembly_s=0.000545400 factor_s=0.021140600 solve_s=0.012068800 update_s=0.001298500 K_nnz=96025 rhs_cols=1 Vxx_nnz=62001
FILTERDDP_TIMING iteration=35 barrier_iteration=5 stage=2 derivative_s=0.003780300 first_order_s=0.001938300 second_order_s=0.001573700 algebra_s=0.010881100 kkt_assembly_s=0.000713500 factor_s=0.021020500 solve_s=0.012349900 update_s=0.001718700 K_nnz=96025 rhs_cols=1 Vxx_nnz=62001
FILTERDDP_TIMING iteration=35 barrier_iteration=5 stage=1 derivative_s=0.004321100 first_order_s=0.002280700 second_order_s=0.001632200 algebra_s=0.023500000 kkt_assembly_s=0.001589800 factor_s=0.028317100 solve_s=0.012192500 update_s=0.001623700 K_nnz=96025 rhs_cols=1 Vxx_nnz=62001
FILTERDDP_FEASIBILITY iteration=35 barrier_iteration=5 equality_count=248064 equality_rms=9.237605731016e-05 equality_max=2.103638655937e-03 equality_worst_stage=24 equality_worst_index=7672 dynamics_count=5727 dynamics_rms=1.355498233828e-18 dynamics_max=3.469446951954e-18 dynamics_worst_stage=23 dynamics_worst_index=4 bound_count=170736 bound_rms=0.000000000000e+00 bound_max=0.000000000000e+00 bound_worst_stage=0 bound_worst_index=0 bound_worst_kind=none
    35   8.94106286e+03   2.1036e-03   2.5048e-01   4.9589e-04   -3.49      -     4.9486e-01   0
FILTERDDP_ITER_TIMING iteration=35 barrier_iteration=5 backward_s=1.807162400 forward_s=0.131553800 total_s=1.938716200 outcome=accepted step_size=5.620804479e-01 backtracks=0 mu=3.200000000e-04
FILTERDDP_TIMING iteration=36 barrier_iteration=5 stage=24 derivative_s=0.002033500 first_order_s=0.000857000 second_order_s=0.001038000 algebra_s=0.013258800 kkt_assembly_s=0.000827300 factor_s=0.022988300 solve_s=0.013196900 update_s=0.002222800 K_nnz=96025 rhs_cols=1 Vxx_nnz=62001
FILTERDDP_TIMING iteration=36 barrier_iteration=5 stage=23 derivative_s=0.017277500 first_order_s=0.016635800 second_order_s=0.000536000 algebra_s=0.007691200 kkt_assembly_s=0.000583100 factor_s=0.021057100 solve_s=0.012260100 update_s=0.001725000 K_nnz=96025 rhs_cols=1 Vxx_nnz=62001
FILTERDDP_TIMING iteration=36 barrier_iteration=5 stage=22 derivative_s=0.003246800 first_order_s=0.001651300 second_order_s=0.001329800 algebra_s=0.013078200 kkt_assembly_s=0.000726400 factor_s=0.023540800 solve_s=0.012040800 update_s=0.001889700 K_nnz=96025 rhs_cols=1 Vxx_nnz=62001
FILTERDDP_TIMING iteration=36 barrier_iteration=5 stage=21 derivative_s=0.003072900 first_order_s=0.001611900 second_order_s=0.001196400 algebra_s=0.013395600 kkt_assembly_s=0.000555300 factor_s=0.021832100 solve_s=0.012609600 update_s=0.001868800 K_nnz=96025 rhs_cols=1 Vxx_nnz=62001
FILTERDDP_TIMING iteration=36 barrier_iteration=5 stage=20 derivative_s=0.003151300 first_order_s=0.001663700 second_order_s=0.001220400 algebra_s=0.012587800 kkt_assembly_s=0.000708000 factor_s=0.021135700 solve_s=0.012032700 update_s=0.001299100 K_nnz=96025 rhs_cols=1 Vxx_nnz=62001
FILTERDDP_TIMING iteration=36 barrier_iteration=5 stage=19 derivative_s=0.003275600 first_order_s=0.001743200 second_order_s=0.001197100 algebra_s=0.013453300 kkt_assembly_s=0.000635000 factor_s=0.037674100 solve_s=0.011665000 update_s=0.001877500 K_nnz=96025 rhs_cols=1 Vxx_nnz=62001
FILTERDDP_TIMING iteration=36 barrier_iteration=5 stage=18 derivative_s=0.003202600 first_order_s=0.001647500 second_order_s=0.001291200 algebra_s=0.015733000 kkt_assembly_s=0.000943800 factor_s=0.029790000 solve_s=0.011770800 update_s=0.001899000 K_nnz=96025 rhs_cols=1 Vxx_nnz=62001
FILTERDDP_TIMING iteration=36 barrier_iteration=5 stage=17 derivative_s=0.003239800 first_order_s=0.001763400 second_order_s=0.001211300 algebra_s=0.012345300 kkt_assembly_s=0.000541500 factor_s=0.020135300 solve_s=0.012032900 update_s=0.001738100 K_nnz=96025 rhs_cols=1 Vxx_nnz=62001
FILTERDDP_TIMING iteration=36 barrier_iteration=5 stage=16 derivative_s=0.003316500 first_order_s=0.001741900 second_order_s=0.001309200 algebra_s=0.012165800 kkt_assembly_s=0.000520400 factor_s=0.020318000 solve_s=0.012808800 update_s=0.001762700 K_nnz=96025 rhs_cols=1 Vxx_nnz=62001
FILTERDDP_TIMING iteration=36 barrier_iteration=5 stage=15 derivative_s=0.003323100 first_order_s=0.001762700 second_order_s=0.001295500 algebra_s=0.063782700 kkt_assembly_s=0.001322300 factor_s=0.029502100 solve_s=0.012460900 update_s=0.001731200 K_nnz=96025 rhs_cols=1 Vxx_nnz=62001
FILTERDDP_TIMING iteration=36 barrier_iteration=5 stage=14 derivative_s=0.003472500 first_order_s=0.001816700 second_order_s=0.001389500 algebra_s=0.018292800 kkt_assembly_s=0.001293800 factor_s=0.033848800 solve_s=0.012127900 update_s=0.001672100 K_nnz=96025 rhs_cols=1 Vxx_nnz=62001
FILTERDDP_TIMING iteration=36 barrier_iteration=5 stage=13 derivative_s=0.003252000 first_order_s=0.001756000 second_order_s=0.001230800 algebra_s=0.014760800 kkt_assembly_s=0.000544200 factor_s=0.023910600 solve_s=0.012277900 update_s=0.001687900 K_nnz=96025 rhs_cols=1 Vxx_nnz=62001
FILTERDDP_TIMING iteration=36 barrier_iteration=5 stage=12 derivative_s=0.003088500 first_order_s=0.001621900 second_order_s=0.001203400 algebra_s=0.118595300 kkt_assembly_s=0.000626500 factor_s=0.022236600 solve_s=0.015937400 update_s=0.001328200 K_nnz=96025 rhs_cols=1 Vxx_nnz=62001
FILTERDDP_TIMING iteration=36 barrier_iteration=5 stage=11 derivative_s=0.003407500 first_order_s=0.001766900 second_order_s=0.001373900 algebra_s=0.025062800 kkt_assembly_s=0.001562100 factor_s=0.042348100 solve_s=0.017895100 update_s=0.001283900 K_nnz=96025 rhs_cols=1 Vxx_nnz=62001
FILTERDDP_TIMING iteration=36 barrier_iteration=5 stage=10 derivative_s=0.001880400 first_order_s=0.000969600 second_order_s=0.000751100 algebra_s=0.009514500 kkt_assembly_s=0.000814700 factor_s=0.029466400 solve_s=0.017822200 update_s=0.000853100 K_nnz=96025 rhs_cols=1 Vxx_nnz=62001
FILTERDDP_TIMING iteration=36 barrier_iteration=5 stage=9 derivative_s=0.001966700 first_order_s=0.001311300 second_order_s=0.000510600 algebra_s=0.007466100 kkt_assembly_s=0.000599900 factor_s=0.032478800 solve_s=0.016737500 update_s=0.001194100 K_nnz=96025 rhs_cols=1 Vxx_nnz=62001
FILTERDDP_TIMING iteration=36 barrier_iteration=5 stage=8 derivative_s=0.001210800 first_order_s=0.000652200 second_order_s=0.000454700 algebra_s=0.006508200 kkt_assembly_s=0.000708600 factor_s=0.023530100 solve_s=0.014222900 update_s=0.001230900 K_nnz=96025 rhs_cols=1 Vxx_nnz=62001
FILTERDDP_TIMING iteration=36 barrier_iteration=5 stage=7 derivative_s=0.004159600 first_order_s=0.002504700 second_order_s=0.001338600 algebra_s=0.013047100 kkt_assembly_s=0.000832200 factor_s=0.032519500 solve_s=0.016239600 update_s=0.001000500 K_nnz=96025 rhs_cols=1 Vxx_nnz=62001
FILTERDDP_TIMING iteration=36 barrier_iteration=5 stage=6 derivative_s=0.001615800 first_order_s=0.000965200 second_order_s=0.000533300 algebra_s=0.009124300 kkt_assembly_s=0.000966100 factor_s=0.035902100 solve_s=0.011642100 update_s=0.000861300 K_nnz=96025 rhs_cols=1 Vxx_nnz=62001
FILTERDDP_TIMING iteration=36 barrier_iteration=5 stage=5 derivative_s=0.001867200 first_order_s=0.000972300 second_order_s=0.000677300 algebra_s=0.009825700 kkt_assembly_s=0.000588500 factor_s=0.023116100 solve_s=0.012348600 update_s=0.001790300 K_nnz=96025 rhs_cols=1 Vxx_nnz=62001
FILTERDDP_TIMING iteration=36 barrier_iteration=5 stage=4 derivative_s=0.003557400 first_order_s=0.001890800 second_order_s=0.001348800 algebra_s=0.013529500 kkt_assembly_s=0.000710300 factor_s=0.024725300 solve_s=0.012293200 update_s=0.001300900 K_nnz=96025 rhs_cols=1 Vxx_nnz=62001
FILTERDDP_TIMING iteration=36 barrier_iteration=5 stage=3 derivative_s=0.003078300 first_order_s=0.001598900 second_order_s=0.001217200 algebra_s=0.015169400 kkt_assembly_s=0.000564300 factor_s=0.023321700 solve_s=0.014057100 update_s=0.001733000 K_nnz=96025 rhs_cols=1 Vxx_nnz=62001
FILTERDDP_TIMING iteration=36 barrier_iteration=5 stage=2 derivative_s=0.004952400 first_order_s=0.002960700 second_order_s=0.001524300 algebra_s=0.016084800 kkt_assembly_s=0.000584400 factor_s=0.039601700 solve_s=0.013835100 update_s=0.002147600 K_nnz=96025 rhs_cols=1 Vxx_nnz=62001
FILTERDDP_TIMING iteration=36 barrier_iteration=5 stage=1 derivative_s=0.005083800 first_order_s=0.002974100 second_order_s=0.001828700 algebra_s=0.011575200 kkt_assembly_s=0.000577400 factor_s=0.021677700 solve_s=0.013399800 update_s=0.001570600 K_nnz=96025 rhs_cols=1 Vxx_nnz=62001
FILTERDDP_FEASIBILITY iteration=36 barrier_iteration=5 equality_count=248064 equality_rms=5.259289499870e-05 equality_max=1.066344109114e-03 equality_worst_stage=24 equality_worst_index=7672 dynamics_count=5727 dynamics_rms=1.326848920383e-18 dynamics_max=3.469446951954e-18 dynamics_worst_stage=23 dynamics_worst_index=2 bound_count=170736 bound_rms=0.000000000000e+00 bound_max=0.000000000000e+00 bound_worst_stage=0 bound_worst_index=0 bound_worst_kind=none
    36   8.93603731e+03   1.0663e-03   1.4772e-01   4.0195e-04   -3.49      -     5.6208e-01   0
FILTERDDP_ITER_TIMING iteration=36 barrier_iteration=5 backward_s=1.593112900 forward_s=0.138280000 total_s=1.731392900 outcome=accepted step_size=8.398977934e-01 backtracks=0 mu=3.200000000e-04
FILTERDDP_TIMING iteration=37 barrier_iteration=5 stage=24 derivative_s=0.005104300 first_order_s=0.002736600 second_order_s=0.002066500 algebra_s=0.020175100 kkt_assembly_s=0.001620600 factor_s=0.034274200 solve_s=0.013789100 update_s=0.001864000 K_nnz=96025 rhs_cols=1 Vxx_nnz=62001
FILTERDDP_TIMING iteration=37 barrier_iteration=5 stage=23 derivative_s=0.003353700 first_order_s=0.001735800 second_order_s=0.001353100 algebra_s=0.062263600 kkt_assembly_s=0.000569500 factor_s=0.021587200 solve_s=0.019131800 update_s=0.001906600 K_nnz=96025 rhs_cols=1 Vxx_nnz=62001
FILTERDDP_TIMING iteration=37 barrier_iteration=5 stage=22 derivative_s=0.003279200 first_order_s=0.001706700 second_order_s=0.001234800 algebra_s=0.014157300 kkt_assembly_s=0.000697600 factor_s=0.027709400 solve_s=0.012394700 update_s=0.001683900 K_nnz=96025 rhs_cols=1 Vxx_nnz=62001
FILTERDDP_TIMING iteration=37 barrier_iteration=5 stage=21 derivative_s=0.003701100 first_order_s=0.001901200 second_order_s=0.001525900 algebra_s=0.012768800 kkt_assembly_s=0.000552700 factor_s=0.027577300 solve_s=0.021179700 update_s=0.001590500 K_nnz=96025 rhs_cols=1 Vxx_nnz=62001
FILTERDDP_TIMING iteration=37 barrier_iteration=5 stage=20 derivative_s=0.002909100 first_order_s=0.001673700 second_order_s=0.001038400 algebra_s=0.127780800 kkt_assembly_s=0.000636000 factor_s=0.020787100 solve_s=0.012731800 update_s=0.001903600 K_nnz=96025 rhs_cols=1 Vxx_nnz=62001
FILTERDDP_TIMING iteration=37 barrier_iteration=5 stage=19 derivative_s=0.005051500 first_order_s=0.002824900 second_order_s=0.001751300 algebra_s=0.019979300 kkt_assembly_s=0.001201100 factor_s=0.029750100 solve_s=0.012039300 update_s=0.001893000 K_nnz=96025 rhs_cols=1 Vxx_nnz=62001
FILTERDDP_TIMING iteration=37 barrier_iteration=5 stage=18 derivative_s=0.003428600 first_order_s=0.001678000 second_order_s=0.001440800 algebra_s=0.020601600 kkt_assembly_s=0.001421900 factor_s=0.043511100 solve_s=0.012594700 update_s=0.001922000 K_nnz=96025 rhs_cols=1 Vxx_nnz=62001
FILTERDDP_TIMING iteration=37 barrier_iteration=5 stage=17 derivative_s=0.003622100 first_order_s=0.002062800 second_order_s=0.001236100 algebra_s=0.013618000 kkt_assembly_s=0.000545200 factor_s=0.020891600 solve_s=0.012668500 update_s=0.001626300 K_nnz=96025 rhs_cols=1 Vxx_nnz=62001
FILTERDDP_TIMING iteration=37 barrier_iteration=5 stage=16 derivative_s=0.002986100 first_order_s=0.001568600 second_order_s=0.001156900 algebra_s=0.015797700 kkt_assembly_s=0.000637000 factor_s=0.023493900 solve_s=0.012215800 update_s=0.001725100 K_nnz=96025 rhs_cols=1 Vxx_nnz=62001
FILTERDDP_TIMING iteration=37 barrier_iteration=5 stage=15 derivative_s=0.003377600 first_order_s=0.001875200 second_order_s=0.001235900 algebra_s=0.014400300 kkt_assembly_s=0.000527400 factor_s=0.020358300 solve_s=0.011503600 update_s=0.001655700 K_nnz=96025 rhs_cols=1 Vxx_nnz=62001
FILTERDDP_TIMING iteration=37 barrier_iteration=5 stage=14 derivative_s=0.004157100 first_order_s=0.002505900 second_order_s=0.001368900 algebra_s=0.013821900 kkt_assembly_s=0.000906400 factor_s=0.038816600 solve_s=0.012020700 update_s=0.002239300 K_nnz=96025 rhs_cols=1 Vxx_nnz=62001
FILTERDDP_TIMING iteration=37 barrier_iteration=5 stage=13 derivative_s=0.003327600 first_order_s=0.001717500 second_order_s=0.001347600 algebra_s=0.016532300 kkt_assembly_s=0.000587400 factor_s=0.020677700 solve_s=0.012668400 update_s=0.001764500 K_nnz=96025 rhs_cols=1 Vxx_nnz=62001
FILTERDDP_TIMING iteration=37 barrier_iteration=5 stage=12 derivative_s=0.003159300 first_order_s=0.001610900 second_order_s=0.001284800 algebra_s=0.011976600 kkt_assembly_s=0.000546300 factor_s=0.021079300 solve_s=0.012227900 update_s=0.001760100 K_nnz=96025 rhs_cols=1 Vxx_nnz=62001
FILTERDDP_TIMING iteration=37 barrier_iteration=5 stage=11 derivative_s=0.003260400 first_order_s=0.001759800 second_order_s=0.001239800 algebra_s=0.012198800 kkt_assembly_s=0.000558100 factor_s=0.020566600 solve_s=0.012118800 update_s=0.001744700 K_nnz=96025 rhs_cols=1 Vxx_nnz=62001
FILTERDDP_TIMING iteration=37 barrier_iteration=5 stage=10 derivative_s=0.003111300 first_order_s=0.001648600 second_order_s=0.001204000 algebra_s=0.013344800 kkt_assembly_s=0.000571300 factor_s=0.020998000 solve_s=0.012873800 update_s=0.001717600 K_nnz=96025 rhs_cols=1 Vxx_nnz=62001
FILTERDDP_TIMING iteration=37 barrier_iteration=5 stage=9 derivative_s=0.020670700 first_order_s=0.001368900 second_order_s=0.019176900 algebra_s=0.016849900 kkt_assembly_s=0.001379900 factor_s=0.032654200 solve_s=0.012202800 update_s=0.001635700 K_nnz=96025 rhs_cols=1 Vxx_nnz=62001
FILTERDDP_TIMING iteration=37 barrier_iteration=5 stage=8 derivative_s=0.004397000 first_order_s=0.002641800 second_order_s=0.001439600 algebra_s=0.018388400 kkt_assembly_s=0.001289000 factor_s=0.034978400 solve_s=0.012562200 update_s=0.001712600 K_nnz=96025 rhs_cols=1 Vxx_nnz=62001
FILTERDDP_TIMING iteration=37 barrier_iteration=5 stage=7 derivative_s=0.003208800 first_order_s=0.001674700 second_order_s=0.001264800 algebra_s=0.019932900 kkt_assembly_s=0.001314700 factor_s=0.041616000 solve_s=0.012515000 update_s=0.002020300 K_nnz=96025 rhs_cols=1 Vxx_nnz=62001
FILTERDDP_TIMING iteration=37 barrier_iteration=5 stage=6 derivative_s=0.003526700 first_order_s=0.001902900 second_order_s=0.001350900 algebra_s=0.012198500 kkt_assembly_s=0.000594500 factor_s=0.025631700 solve_s=0.057609700 update_s=0.001843600 K_nnz=96025 rhs_cols=1 Vxx_nnz=62001
FILTERDDP_TIMING iteration=37 barrier_iteration=5 stage=5 derivative_s=0.003645900 first_order_s=0.001968800 second_order_s=0.001404600 algebra_s=0.011675700 kkt_assembly_s=0.000580000 factor_s=0.021725900 solve_s=0.012299500 update_s=0.001582600 K_nnz=96025 rhs_cols=1 Vxx_nnz=62001
FILTERDDP_TIMING iteration=37 barrier_iteration=5 stage=4 derivative_s=0.003405500 first_order_s=0.001692500 second_order_s=0.001450100 algebra_s=0.011671900 kkt_assembly_s=0.000598200 factor_s=0.021108800 solve_s=0.012508700 update_s=0.001744100 K_nnz=96025 rhs_cols=1 Vxx_nnz=62001
FILTERDDP_TIMING iteration=37 barrier_iteration=5 stage=3 derivative_s=0.003198200 first_order_s=0.001637600 second_order_s=0.001258400 algebra_s=0.012284900 kkt_assembly_s=0.000534900 factor_s=0.019993600 solve_s=0.012177700 update_s=0.114574800 K_nnz=96025 rhs_cols=1 Vxx_nnz=62001
FILTERDDP_TIMING iteration=37 barrier_iteration=5 stage=2 derivative_s=0.003270300 first_order_s=0.001778000 second_order_s=0.001250400 algebra_s=0.012504800 kkt_assembly_s=0.000574800 factor_s=0.021204400 solve_s=0.012733500 update_s=0.001829800 K_nnz=96025 rhs_cols=1 Vxx_nnz=62001
FILTERDDP_TIMING iteration=37 barrier_iteration=5 stage=1 derivative_s=0.003084700 first_order_s=0.001610700 second_order_s=0.001213000 algebra_s=0.012250300 kkt_assembly_s=0.000550700 factor_s=0.020267700 solve_s=0.012397300 update_s=0.001720800 K_nnz=96025 rhs_cols=1 Vxx_nnz=62001
FILTERDDP_FEASIBILITY iteration=37 barrier_iteration=5 equality_count=248064 equality_rms=1.717670762018e-05 equality_max=3.431790762130e-04 equality_worst_stage=22 equality_worst_index=8548 dynamics_count=5727 dynamics_rms=1.314864842550e-18 dynamics_max=3.469446951954e-18 dynamics_worst_stage=23 dynamics_worst_index=2 bound_count=170736 bound_rms=0.000000000000e+00 bound_max=0.000000000000e+00 bound_worst_stage=0 bound_worst_index=0 bound_worst_kind=none
    37   8.93272468e+03   3.4318e-04   4.9158e-02   4.5927e-04   -3.49      -     8.3990e-01   0
FILTERDDP_ITER_TIMING iteration=37 barrier_iteration=5 backward_s=1.787702400 forward_s=0.135562600 total_s=1.923265000 outcome=accepted step_size=1.000000000e+00 backtracks=0 mu=3.200000000e-04
FILTERDDP_TIMING iteration=38 barrier_iteration=5 stage=24 derivative_s=0.003498300 first_order_s=0.001578500 second_order_s=0.001644100 algebra_s=0.016919800 kkt_assembly_s=0.001134500 factor_s=0.041837000 solve_s=0.012546100 update_s=0.001722300 K_nnz=96025 rhs_cols=1 Vxx_nnz=62001
FILTERDDP_TIMING iteration=38 barrier_iteration=5 stage=23 derivative_s=0.003148300 first_order_s=0.001649000 second_order_s=0.001238700 algebra_s=0.012233800 kkt_assembly_s=0.000590100 factor_s=0.020461900 solve_s=0.012119000 update_s=0.001734500 K_nnz=96025 rhs_cols=1 Vxx_nnz=62001
FILTERDDP_TIMING iteration=38 barrier_iteration=5 stage=22 derivative_s=0.003069800 first_order_s=0.001606900 second_order_s=0.001194900 algebra_s=0.013784400 kkt_assembly_s=0.000733800 factor_s=0.022329500 solve_s=0.013630200 update_s=0.003390000 K_nnz=96025 rhs_cols=1 Vxx_nnz=62001
FILTERDDP_TIMING iteration=38 barrier_iteration=5 stage=21 derivative_s=0.033764000 first_order_s=0.003553400 second_order_s=0.030077300 algebra_s=0.016852700 kkt_assembly_s=0.001270400 factor_s=0.031603100 solve_s=0.012061400 update_s=0.001737500 K_nnz=96025 rhs_cols=1 Vxx_nnz=62001
FILTERDDP_TIMING iteration=38 barrier_iteration=5 stage=20 derivative_s=0.003149900 first_order_s=0.001648100 second_order_s=0.001235900 algebra_s=0.020205200 kkt_assembly_s=0.001484900 factor_s=0.043640400 solve_s=0.013462700 update_s=0.001707600 K_nnz=96025 rhs_cols=1 Vxx_nnz=62001
FILTERDDP_TIMING iteration=38 barrier_iteration=5 stage=19 derivative_s=0.003063700 first_order_s=0.001602100 second_order_s=0.001199000 algebra_s=0.014315100 kkt_assembly_s=0.000593300 factor_s=0.021771800 solve_s=0.012782600 update_s=0.001731500 K_nnz=96025 rhs_cols=1 Vxx_nnz=62001
FILTERDDP_TIMING iteration=38 barrier_iteration=5 stage=18 derivative_s=0.003396800 first_order_s=0.001844700 second_order_s=0.001190500 algebra_s=0.011785200 kkt_assembly_s=0.000540900 factor_s=0.022129500 solve_s=0.011988600 update_s=0.001683100 K_nnz=96025 rhs_cols=1 Vxx_nnz=62001
FILTERDDP_TIMING iteration=38 barrier_iteration=5 stage=17 derivative_s=0.003528000 first_order_s=0.001813900 second_order_s=0.001443200 algebra_s=0.019984400 kkt_assembly_s=0.001322000 factor_s=0.053061300 solve_s=0.012489700 update_s=0.001855900 K_nnz=96025 rhs_cols=1 Vxx_nnz=62001
FILTERDDP_TIMING iteration=38 barrier_iteration=5 stage=16 derivative_s=0.003178600 first_order_s=0.001657600 second_order_s=0.001255700 algebra_s=0.020590400 kkt_assembly_s=0.001274300 factor_s=0.036004700 solve_s=0.012246800 update_s=0.001720800 K_nnz=96025 rhs_cols=1 Vxx_nnz=62001
FILTERDDP_TIMING iteration=38 barrier_iteration=5 stage=15 derivative_s=0.003613400 first_order_s=0.001936300 second_order_s=0.001411500 algebra_s=0.011353500 kkt_assembly_s=0.000528800 factor_s=0.020489000 solve_s=0.011961100 update_s=0.001795500 K_nnz=96025 rhs_cols=1 Vxx_nnz=62001
FILTERDDP_TIMING iteration=38 barrier_iteration=5 stage=14 derivative_s=0.003694000 first_order_s=0.002079600 second_order_s=0.001281900 algebra_s=0.012267600 kkt_assembly_s=0.000525400 factor_s=0.020686600 solve_s=0.011928900 update_s=0.001882700 K_nnz=96025 rhs_cols=1 Vxx_nnz=62001
FILTERDDP_TIMING iteration=38 barrier_iteration=5 stage=13 derivative_s=0.003400600 first_order_s=0.001875100 second_order_s=0.001261300 algebra_s=0.064150900 kkt_assembly_s=0.001370200 factor_s=0.029319800 solve_s=0.012754100 update_s=0.001683400 K_nnz=96025 rhs_cols=1 Vxx_nnz=62001
FILTERDDP_TIMING iteration=38 barrier_iteration=5 stage=12 derivative_s=0.003250400 first_order_s=0.001703200 second_order_s=0.001284700 algebra_s=0.019587400 kkt_assembly_s=0.001309000 factor_s=0.040367900 solve_s=0.012743600 update_s=0.001689600 K_nnz=96025 rhs_cols=1 Vxx_nnz=62001
FILTERDDP_TIMING iteration=38 barrier_iteration=5 stage=11 derivative_s=0.003025400 first_order_s=0.001591300 second_order_s=0.001173400 algebra_s=0.014822800 kkt_assembly_s=0.000560700 factor_s=0.020465200 solve_s=0.012254100 update_s=0.001546500 K_nnz=96025 rhs_cols=1 Vxx_nnz=62001
FILTERDDP_TIMING iteration=38 barrier_iteration=5 stage=10 derivative_s=0.003013300 first_order_s=0.001574700 second_order_s=0.001177800 algebra_s=0.014629300 kkt_assembly_s=0.000575000 factor_s=0.129897500 solve_s=0.012081400 update_s=0.001295400 K_nnz=96025 rhs_cols=1 Vxx_nnz=62001
FILTERDDP_TIMING iteration=38 barrier_iteration=5 stage=9 derivative_s=0.003224800 first_order_s=0.001650000 second_order_s=0.001287100 algebra_s=0.010802300 kkt_assembly_s=0.000545400 factor_s=0.020627200 solve_s=0.012762500 update_s=0.001844200 K_nnz=96025 rhs_cols=1 Vxx_nnz=62001
FILTERDDP_TIMING iteration=38 barrier_iteration=5 stage=8 derivative_s=0.003388100 first_order_s=0.001759800 second_order_s=0.001320500 algebra_s=0.011872200 kkt_assembly_s=0.000567200 factor_s=0.020693200 solve_s=0.012252500 update_s=0.001819200 K_nnz=96025 rhs_cols=1 Vxx_nnz=62001
FILTERDDP_TIMING iteration=38 barrier_iteration=5 stage=7 derivative_s=0.003108700 first_order_s=0.001592300 second_order_s=0.001211400 algebra_s=0.011959200 kkt_assembly_s=0.000554800 factor_s=0.021199600 solve_s=0.012216400 update_s=0.001934900 K_nnz=96025 rhs_cols=1 Vxx_nnz=62001
FILTERDDP_TIMING iteration=38 barrier_iteration=5 stage=6 derivative_s=0.003386900 first_order_s=0.001718700 second_order_s=0.001220200 algebra_s=0.013044500 kkt_assembly_s=0.000552500 factor_s=0.024103700 solve_s=0.012616300 update_s=0.001647200 K_nnz=96025 rhs_cols=1 Vxx_nnz=62001
FILTERDDP_TIMING iteration=38 barrier_iteration=5 stage=5 derivative_s=0.004464400 first_order_s=0.002598800 second_order_s=0.001402900 algebra_s=0.015124700 kkt_assembly_s=0.001119500 factor_s=0.033100200 solve_s=0.011903100 update_s=0.001677700 K_nnz=96025 rhs_cols=1 Vxx_nnz=62001
FILTERDDP_TIMING iteration=38 barrier_iteration=5 stage=4 derivative_s=0.003518400 first_order_s=0.001802700 second_order_s=0.001326000 algebra_s=0.013670100 kkt_assembly_s=0.019707400 factor_s=0.023663800 solve_s=0.012739200 update_s=0.001877600 K_nnz=96025 rhs_cols=1 Vxx_nnz=62001
FILTERDDP_TIMING iteration=38 barrier_iteration=5 stage=3 derivative_s=0.003581000 first_order_s=0.001965300 second_order_s=0.001351400 algebra_s=0.012973600 kkt_assembly_s=0.000582100 factor_s=0.020364200 solve_s=0.012449200 update_s=0.001607600 K_nnz=96025 rhs_cols=1 Vxx_nnz=62001
FILTERDDP_TIMING iteration=38 barrier_iteration=5 stage=2 derivative_s=0.003045200 first_order_s=0.001588300 second_order_s=0.001191900 algebra_s=0.012225400 kkt_assembly_s=0.000555000 factor_s=0.020448100 solve_s=0.012115000 update_s=0.001707500 K_nnz=96025 rhs_cols=1 Vxx_nnz=62001
FILTERDDP_TIMING iteration=38 barrier_iteration=5 stage=1 derivative_s=0.003350600 first_order_s=0.001869800 second_order_s=0.001216400 algebra_s=0.012363900 kkt_assembly_s=0.000632600 factor_s=0.043440700 solve_s=0.016258700 update_s=0.001948700 K_nnz=96025 rhs_cols=1 Vxx_nnz=62001
FILTERDDP_FEASIBILITY iteration=38 barrier_iteration=5 equality_count=248064 equality_rms=9.513936088748e-07 equality_max=2.019988065768e-05 equality_worst_stage=21 equality_worst_index=8547 dynamics_count=5727 dynamics_rms=0.000000000000e+00 dynamics_max=0.000000000000e+00 dynamics_worst_stage=0 dynamics_worst_index=0 bound_count=170736 bound_rms=0.000000000000e+00 bound_max=0.000000000000e+00 bound_worst_stage=0 bound_worst_index=0 bound_worst_kind=none
    38   8.93208157e+03   2.0200e-05   4.9622e-03   4.7988e-04   -3.49      -     1.0000e+00   0
FILTERDDP_ITER_TIMING iteration=38 barrier_iteration=5 backward_s=1.677739000 forward_s=0.163233400 total_s=1.840972400 outcome=accepted step_size=1.000000000e+00 backtracks=0 mu=3.200000000e-04
FILTERDDP_TIMING iteration=39 barrier_iteration=5 stage=24 derivative_s=0.003724300 first_order_s=0.001722500 second_order_s=0.001747800 algebra_s=0.019639200 kkt_assembly_s=0.000944700 factor_s=0.037929100 solve_s=0.013922800 update_s=0.001678900 K_nnz=96025 rhs_cols=1 Vxx_nnz=62001
FILTERDDP_TIMING iteration=39 barrier_iteration=5 stage=23 derivative_s=0.003326200 first_order_s=0.001737600 second_order_s=0.001323300 algebra_s=0.014390300 kkt_assembly_s=0.000554100 factor_s=0.021068800 solve_s=0.012061800 update_s=0.001860400 K_nnz=96025 rhs_cols=1 Vxx_nnz=62001
FILTERDDP_TIMING iteration=39 barrier_iteration=5 stage=22 derivative_s=0.003909300 first_order_s=0.002187200 second_order_s=0.001456600 algebra_s=0.011211700 kkt_assembly_s=0.000535100 factor_s=0.021703200 solve_s=0.012180000 update_s=0.001701700 K_nnz=96025 rhs_cols=1 Vxx_nnz=62001
FILTERDDP_TIMING iteration=39 barrier_iteration=5 stage=21 derivative_s=0.003346800 first_order_s=0.001744100 second_order_s=0.001332700 algebra_s=0.064256500 kkt_assembly_s=0.001412700 factor_s=0.033110400 solve_s=0.012717900 update_s=0.001692800 K_nnz=96025 rhs_cols=1 Vxx_nnz=62001
FILTERDDP_TIMING iteration=39 barrier_iteration=5 stage=20 derivative_s=0.003525900 first_order_s=0.001827900 second_order_s=0.001434300 algebra_s=0.021159700 kkt_assembly_s=0.001313300 factor_s=0.047462100 solve_s=0.012906300 update_s=0.001716800 K_nnz=96025 rhs_cols=1 Vxx_nnz=62001
FILTERDDP_TIMING iteration=39 barrier_iteration=5 stage=19 derivative_s=0.003097500 first_order_s=0.001629200 second_order_s=0.001204000 algebra_s=0.020795600 kkt_assembly_s=0.001200200 factor_s=0.025156300 solve_s=0.011404700 update_s=0.001380400 K_nnz=96025 rhs_cols=1 Vxx_nnz=62001
FILTERDDP_TIMING iteration=39 barrier_iteration=5 stage=18 derivative_s=0.003151900 first_order_s=0.001612800 second_order_s=0.001271700 algebra_s=0.139319400 kkt_assembly_s=0.000646600 factor_s=0.020639600 solve_s=0.012945700 update_s=0.001619600 K_nnz=96025 rhs_cols=1 Vxx_nnz=62001
FILTERDDP_TIMING iteration=39 barrier_iteration=5 stage=17 derivative_s=0.003306400 first_order_s=0.001708800 second_order_s=0.001280500 algebra_s=0.011708200 kkt_assembly_s=0.000548600 factor_s=0.020608900 solve_s=0.013291800 update_s=0.001788800 K_nnz=96025 rhs_cols=1 Vxx_nnz=62001
FILTERDDP_TIMING iteration=39 barrier_iteration=5 stage=16 derivative_s=0.003925400 first_order_s=0.002162800 second_order_s=0.001425500 algebra_s=0.011640700 kkt_assembly_s=0.000564000 factor_s=0.021436000 solve_s=0.012013300 update_s=0.001747000 K_nnz=96025 rhs_cols=1 Vxx_nnz=62001
FILTERDDP_TIMING iteration=39 barrier_iteration=5 stage=15 derivative_s=0.003683100 first_order_s=0.001797500 second_order_s=0.001463300 algebra_s=0.012658000 kkt_assembly_s=0.000539900 factor_s=0.021092400 solve_s=0.013027200 update_s=0.001740700 K_nnz=96025 rhs_cols=1 Vxx_nnz=62001
FILTERDDP_TIMING iteration=39 barrier_iteration=5 stage=14 derivative_s=0.004190000 first_order_s=0.002528400 second_order_s=0.001365600 algebra_s=0.011478300 kkt_assembly_s=0.000579800 factor_s=0.020962700 solve_s=0.012346300 update_s=0.001621600 K_nnz=96025 rhs_cols=1 Vxx_nnz=62001
FILTERDDP_TIMING iteration=39 barrier_iteration=5 stage=13 derivative_s=0.002987500 first_order_s=0.001546200 second_order_s=0.001177600 algebra_s=0.012319100 kkt_assembly_s=0.000571400 factor_s=0.021106300 solve_s=0.011930500 update_s=0.001584600 K_nnz=96025 rhs_cols=1 Vxx_nnz=62001
FILTERDDP_TIMING iteration=39 barrier_iteration=5 stage=12 derivative_s=0.003023900 first_order_s=0.001634900 second_order_s=0.001128400 algebra_s=0.013111600 kkt_assembly_s=0.000774500 factor_s=0.021884500 solve_s=0.037543900 update_s=0.001934800 K_nnz=96025 rhs_cols=1 Vxx_nnz=62001
FILTERDDP_TIMING iteration=39 barrier_iteration=5 stage=11 derivative_s=0.003906400 first_order_s=0.002249200 second_order_s=0.001391400 algebra_s=0.012396200 kkt_assembly_s=0.000568400 factor_s=0.021011100 solve_s=0.011815900 update_s=0.001634400 K_nnz=96025 rhs_cols=1 Vxx_nnz=62001
FILTERDDP_TIMING iteration=39 barrier_iteration=5 stage=10 derivative_s=0.003262000 first_order_s=0.001659400 second_order_s=0.001338200 algebra_s=0.011957600 kkt_assembly_s=0.000559500 factor_s=0.020879600 solve_s=0.012103000 update_s=0.001676900 K_nnz=96025 rhs_cols=1 Vxx_nnz=62001
FILTERDDP_TIMING iteration=39 barrier_iteration=5 stage=9 derivative_s=0.004743500 first_order_s=0.002768400 second_order_s=0.001650000 algebra_s=0.012186600 kkt_assembly_s=0.000617900 factor_s=0.020499500 solve_s=0.012380800 update_s=0.001994700 K_nnz=96025 rhs_cols=1 Vxx_nnz=62001
FILTERDDP_TIMING iteration=39 barrier_iteration=5 stage=8 derivative_s=0.003747000 first_order_s=0.002205300 second_order_s=0.001275000 algebra_s=0.012963800 kkt_assembly_s=0.000574900 factor_s=0.020916600 solve_s=0.012025600 update_s=0.001544400 K_nnz=96025 rhs_cols=1 Vxx_nnz=62001
FILTERDDP_TIMING iteration=39 barrier_iteration=5 stage=7 derivative_s=0.003507300 first_order_s=0.001876200 second_order_s=0.001363400 algebra_s=0.012144500 kkt_assembly_s=0.000539400 factor_s=0.039555000 solve_s=0.013075200 update_s=0.001819800 K_nnz=96025 rhs_cols=1 Vxx_nnz=62001
FILTERDDP_TIMING iteration=39 barrier_iteration=5 stage=6 derivative_s=0.003153200 first_order_s=0.001674400 second_order_s=0.001214300 algebra_s=0.011855700 kkt_assembly_s=0.000571200 factor_s=0.020696200 solve_s=0.012507600 update_s=0.001641800 K_nnz=96025 rhs_cols=1 Vxx_nnz=62001
FILTERDDP_TIMING iteration=39 barrier_iteration=5 stage=5 derivative_s=0.003198300 first_order_s=0.001713800 second_order_s=0.001218500 algebra_s=0.013334200 kkt_assembly_s=0.000557700 factor_s=0.020638600 solve_s=0.012203100 update_s=0.001809300 K_nnz=96025 rhs_cols=1 Vxx_nnz=62001
FILTERDDP_TIMING iteration=39 barrier_iteration=5 stage=4 derivative_s=0.003126400 first_order_s=0.001634500 second_order_s=0.001229400 algebra_s=0.012031500 kkt_assembly_s=0.000548700 factor_s=0.021246000 solve_s=0.012880600 update_s=0.001652100 K_nnz=96025 rhs_cols=1 Vxx_nnz=62001
FILTERDDP_TIMING iteration=39 barrier_iteration=5 stage=3 derivative_s=0.003381000 first_order_s=0.001761600 second_order_s=0.001249300 algebra_s=0.014102500 kkt_assembly_s=0.000539800 factor_s=0.088041600 solve_s=0.014690700 update_s=0.003025200 K_nnz=96025 rhs_cols=1 Vxx_nnz=62001
FILTERDDP_TIMING iteration=39 barrier_iteration=5 stage=2 derivative_s=0.005430500 first_order_s=0.002458100 second_order_s=0.002757200 algebra_s=0.018523800 kkt_assembly_s=0.002019900 factor_s=0.042147900 solve_s=0.014301800 update_s=0.002788200 K_nnz=96025 rhs_cols=1 Vxx_nnz=62001
FILTERDDP_TIMING iteration=39 barrier_iteration=5 stage=1 derivative_s=0.006567400 first_order_s=0.002836900 second_order_s=0.003453500 algebra_s=0.025075300 kkt_assembly_s=0.001847000 factor_s=0.031311400 solve_s=0.014729500 update_s=0.002738900 K_nnz=96025 rhs_cols=1 Vxx_nnz=62001
FILTERDDP_FEASIBILITY iteration=39 barrier_iteration=5 equality_count=248064 equality_rms=5.216847503204e-09 equality_max=3.481057265393e-07 equality_worst_stage=2 equality_worst_index=7635 dynamics_count=5727 dynamics_rms=0.000000000000e+00 dynamics_max=0.000000000000e+00 dynamics_worst_stage=0 dynamics_worst_index=0 bound_count=170736 bound_rms=0.000000000000e+00 bound_max=0.000000000000e+00 bound_worst_stage=0 bound_worst_index=0 bound_worst_kind=none
FILTERDDP_ITER_TIMING iteration=39 barrier_iteration=5 backward_s=1.688406000 forward_s=0.000000000 total_s=1.688406000 outcome=near_optimal step_size=1.000000000e+00 backtracks=0 mu=3.200000000e-04
    39   8.93207836e+03   3.4811e-07   1.0713e-03   3.2419e-04   -3.49      -     1.0000e+00   0
FILTERDDP_NEAR_OPT iteration=39 elapsed_s=81.178 objective=8932.078362330811 reference=8910.793628772388 rel_gap=2.389e-03 primal_inf=3.481e-07 dual_inf=1.071e-03 mu=3.200e-04
    39   8.93207836e+03   3.4811e-07   1.0713e-03   3.2419e-04   -3.49      -     1.0000e+00   0


EXIT: Near-optimal: feasible and within the gap of the centralized reference.

solve complete: 81.459 s, iterations=39, status=9
FILTERDDP_MEMORY_PEAK maxrss_mib=1498.6
final residuals: primal=3.481057265393e-07 dual=1.071345730281e-03 complementarity=3.241928170044e-04
saved_solution=C:\Users\Aryan Ritwajeet Jha\Documents\documents_general\MultiPeriodDistOPF\.claude\worktrees\new-session-a7b7a2\ddp\results\network_filterddp\filterddp_solution_ieee2522C_1ph_T24_periodic_CBsystem.jls
FilterDDP objective=8932.078362330807 max_equality_residual=3.481e-07
BOUND_CHECK screen=substation,vupper,ell,psubs voltages below=0 above=0 worst_violation=0.000e+00 min_ell=4.959e-05 min_P_Subs=1.512e+00
Ipopt objective=8632.273973976318 objective_gap=2.998e+02
max_abs_diff[P_Subs]=8.567e-01
max_abs_diff[Q_Subs]=7.607e-02
max_abs_diff[P]=8.567e-01
max_abs_diff[Q]=1.850e-01
max_abs_diff[v]=4.262e-02
max_abs_diff[ell]=4.010e+00
max_abs_diff[P_B]=8.569e-03
max_abs_diff[B]=9.739e-03
max_abs_diff[q_D]=1.094e-02
wrote ddp/results/kkt_ordering/fullrun_blocked/trace_ieee2522C_1ph_T24_diag_tableII_jt8_cbsys_typed_tree3_screen_warm_calib1006_blocked_w16_r1.csv (40 unique iterations)
