QUIET_WAIT waited_s=18 other_cores=0.43 timed_out=0
PIPELINE_ENV system=ieee123C_1ph T=24 arm=exact variant=blocked_w16 repeat=1 cb=system blocked_solve=16 direct_diag=1 triplet=1 kkt_pattern_cache=1 factor_backed=1 typed_equations=1 structured_dynamics=1 tree_kkt=1 screen=substation,vupper,ell,psubs loadflow_start=1 affine_linesearch=1 warmup=full blas_threads=10 julia_threads=1 near_opt_reference=2924.471982056838 near_opt_primal=1e-6 started=2026-10-06T01:59:39
C_B OVERRIDE: 0.001
ieee123C_1ph T=24: nx=51, nu=791, nc=562, dense nu^2=625681, reduced=229
TERMINAL_SOC soft=1 gamma=1.750000e+04
BOUND_SCREEN ell,psubs,substation,vupper: voltage limits dropped 1 lower, 128 upper of 128 buses; ell >= 0 dropped on 127 lines; P_Subs >= 0 dropped: true (lossless lower bound 0.134 p.u.)
build complete: 3.043 s, nc=562
constructing dynamic Solver storage...
optimality_tolerance=1.000e-07 max_iterations=400
Solver construction complete: 0.301 s
LOADFLOW_START sweeps=6 max_equality_residual=3.137e-04 lowest_voltage=0.9904 pu
WARMUP full iterations=22 time_s=27.023
entering solve! ...
FILTERDDP_TIMING iteration=0 barrier_iteration=0 stage=24 derivative_s=0.075407900 first_order_s=0.000069100 second_order_s=0.075296400 algebra_s=0.000210200 kkt_assembly_s=0.000650700 factor_s=0.000685200 solve_s=0.000653800 update_s=0.000106500 K_nnz=5523 rhs_cols=1 Vxx_nnz=2601
FILTERDDP_TIMING iteration=0 barrier_iteration=0 stage=23 derivative_s=0.000299000 first_order_s=0.000130300 second_order_s=0.000128900 algebra_s=0.000181800 kkt_assembly_s=0.000617700 factor_s=0.000620000 solve_s=0.000667900 update_s=0.000090300 K_nnz=5523 rhs_cols=1 Vxx_nnz=2601
FILTERDDP_TIMING iteration=0 barrier_iteration=0 stage=22 derivative_s=0.000269000 first_order_s=0.000134700 second_order_s=0.000099700 algebra_s=0.000440000 kkt_assembly_s=0.001863200 factor_s=0.001920900 solve_s=0.000877300 update_s=0.000092200 K_nnz=5523 rhs_cols=1 Vxx_nnz=2601
FILTERDDP_TIMING iteration=0 barrier_iteration=0 stage=21 derivative_s=0.000260700 first_order_s=0.000131100 second_order_s=0.000095300 algebra_s=0.000453100 kkt_assembly_s=0.001858100 factor_s=0.001774100 solve_s=0.000954100 update_s=0.000094900 K_nnz=5523 rhs_cols=1 Vxx_nnz=2601
FILTERDDP_TIMING iteration=0 barrier_iteration=0 stage=20 derivative_s=0.000260800 first_order_s=0.000131200 second_order_s=0.000095600 algebra_s=0.000600000 kkt_assembly_s=0.001851700 factor_s=0.001787600 solve_s=0.000939600 update_s=0.000093200 K_nnz=5523 rhs_cols=1 Vxx_nnz=2601
FILTERDDP_TIMING iteration=0 barrier_iteration=0 stage=19 derivative_s=0.000264000 first_order_s=0.000131700 second_order_s=0.000097300 algebra_s=0.000442100 kkt_assembly_s=0.001818200 factor_s=0.001781100 solve_s=0.000974300 update_s=0.000117400 K_nnz=5523 rhs_cols=1 Vxx_nnz=2601
FILTERDDP_TIMING iteration=0 barrier_iteration=0 stage=18 derivative_s=0.000265200 first_order_s=0.000134700 second_order_s=0.000096300 algebra_s=0.000478400 kkt_assembly_s=0.001877000 factor_s=0.001770100 solve_s=0.000992000 update_s=0.000087600 K_nnz=5523 rhs_cols=1 Vxx_nnz=2601
FILTERDDP_TIMING iteration=0 barrier_iteration=0 stage=17 derivative_s=0.000264800 first_order_s=0.000133300 second_order_s=0.000097900 algebra_s=0.000437900 kkt_assembly_s=0.001762600 factor_s=0.001760200 solve_s=0.000909200 update_s=0.000107200 K_nnz=5523 rhs_cols=1 Vxx_nnz=2601
FILTERDDP_TIMING iteration=0 barrier_iteration=0 stage=16 derivative_s=0.000299400 first_order_s=0.000131300 second_order_s=0.000097900 algebra_s=0.000482100 kkt_assembly_s=0.001882700 factor_s=0.002489300 solve_s=0.000994100 update_s=0.000091500 K_nnz=5523 rhs_cols=1 Vxx_nnz=2601
FILTERDDP_TIMING iteration=0 barrier_iteration=0 stage=15 derivative_s=0.000338200 first_order_s=0.000190000 second_order_s=0.000108000 algebra_s=0.000416400 kkt_assembly_s=0.001783700 factor_s=0.001999900 solve_s=0.000881000 update_s=0.000092700 K_nnz=5523 rhs_cols=1 Vxx_nnz=2601
FILTERDDP_TIMING iteration=0 barrier_iteration=0 stage=14 derivative_s=0.000262800 first_order_s=0.000131000 second_order_s=0.000096700 algebra_s=0.000444200 kkt_assembly_s=0.001798100 factor_s=0.001859500 solve_s=0.001041300 update_s=0.000091900 K_nnz=5523 rhs_cols=1 Vxx_nnz=2601
FILTERDDP_TIMING iteration=0 barrier_iteration=0 stage=13 derivative_s=0.000265100 first_order_s=0.000130500 second_order_s=0.000099900 algebra_s=0.000441500 kkt_assembly_s=0.001898200 factor_s=0.001879300 solve_s=0.000923900 update_s=0.000090900 K_nnz=5523 rhs_cols=1 Vxx_nnz=2601
FILTERDDP_TIMING iteration=0 barrier_iteration=0 stage=12 derivative_s=0.000261600 first_order_s=0.000130400 second_order_s=0.000096300 algebra_s=0.000410400 kkt_assembly_s=0.001860500 factor_s=0.001759200 solve_s=0.000904200 update_s=0.000089800 K_nnz=5523 rhs_cols=1 Vxx_nnz=2601
FILTERDDP_TIMING iteration=0 barrier_iteration=0 stage=11 derivative_s=0.000278500 first_order_s=0.000135800 second_order_s=0.000107900 algebra_s=0.000439800 kkt_assembly_s=0.001820300 factor_s=0.001765000 solve_s=0.001058300 update_s=0.000107900 K_nnz=5523 rhs_cols=1 Vxx_nnz=2601
FILTERDDP_TIMING iteration=0 barrier_iteration=0 stage=10 derivative_s=0.000458900 first_order_s=0.000278900 second_order_s=0.000133400 algebra_s=0.000441400 kkt_assembly_s=0.001762100 factor_s=0.001769800 solve_s=0.001059800 update_s=0.000081700 K_nnz=5523 rhs_cols=1 Vxx_nnz=2601
FILTERDDP_TIMING iteration=0 barrier_iteration=0 stage=9 derivative_s=0.000232400 first_order_s=0.000117900 second_order_s=0.000084700 algebra_s=0.000408900 kkt_assembly_s=0.001596600 factor_s=0.001540000 solve_s=0.000799200 update_s=0.000095000 K_nnz=5523 rhs_cols=1 Vxx_nnz=2601
FILTERDDP_TIMING iteration=0 barrier_iteration=0 stage=8 derivative_s=0.000300100 first_order_s=0.000159900 second_order_s=0.000100200 algebra_s=0.000357000 kkt_assembly_s=0.001342500 factor_s=0.001321400 solve_s=0.000718500 update_s=0.000073400 K_nnz=5523 rhs_cols=1 Vxx_nnz=2601
FILTERDDP_TIMING iteration=0 barrier_iteration=0 stage=7 derivative_s=0.000207000 first_order_s=0.000105000 second_order_s=0.000076500 algebra_s=0.000310400 kkt_assembly_s=0.001475000 factor_s=0.001375300 solve_s=0.000865000 update_s=0.000093900 K_nnz=5523 rhs_cols=1 Vxx_nnz=2601
FILTERDDP_TIMING iteration=0 barrier_iteration=0 stage=6 derivative_s=0.000268300 first_order_s=0.000133500 second_order_s=0.000099600 algebra_s=0.000437900 kkt_assembly_s=0.001817100 factor_s=0.001775000 solve_s=0.000860800 update_s=0.000094500 K_nnz=5523 rhs_cols=1 Vxx_nnz=2601
FILTERDDP_TIMING iteration=0 barrier_iteration=0 stage=5 derivative_s=0.000265200 first_order_s=0.000133500 second_order_s=0.000096800 algebra_s=0.000439100 kkt_assembly_s=0.001808500 factor_s=0.001780400 solve_s=0.000881000 update_s=0.000093300 K_nnz=5523 rhs_cols=1 Vxx_nnz=2601
FILTERDDP_TIMING iteration=0 barrier_iteration=0 stage=4 derivative_s=0.000301200 first_order_s=0.000134900 second_order_s=0.000097400 algebra_s=0.000439100 kkt_assembly_s=0.001969900 factor_s=0.001782100 solve_s=0.000906100 update_s=0.000093900 K_nnz=5523 rhs_cols=1 Vxx_nnz=2601
FILTERDDP_TIMING iteration=0 barrier_iteration=0 stage=3 derivative_s=0.000263300 first_order_s=0.000132000 second_order_s=0.000096700 algebra_s=0.000454700 kkt_assembly_s=0.378556400 factor_s=0.000767700 solve_s=0.000749200 update_s=0.000119400 K_nnz=5523 rhs_cols=1 Vxx_nnz=2601
FILTERDDP_TIMING iteration=0 barrier_iteration=0 stage=2 derivative_s=0.000325400 first_order_s=0.000172200 second_order_s=0.000106600 algebra_s=0.000492300 kkt_assembly_s=0.001070500 factor_s=0.000673300 solve_s=0.000731100 update_s=0.000103400 K_nnz=5523 rhs_cols=1 Vxx_nnz=2601
FILTERDDP_TIMING iteration=0 barrier_iteration=0 stage=1 derivative_s=0.000378400 first_order_s=0.000203100 second_order_s=0.000130100 algebra_s=0.000516900 kkt_assembly_s=0.001904000 factor_s=0.001878600 solve_s=0.001130300 update_s=0.000105300 K_nnz=5523 rhs_cols=1 Vxx_nnz=2601
FILTERDDP_FEASIBILITY iteration=0 barrier_iteration=0 equality_count=13488 equality_rms=7.213575396254e-05 equality_max=3.136594365683e-04 equality_worst_stage=6 equality_worst_index=234 dynamics_count=1173 dynamics_rms=0.000000000000e+00 dynamics_max=0.000000000000e+00 dynamics_worst_stage=0 dynamics_worst_index=0 bound_count=13440 bound_rms=0.000000000000e+00 bound_max=0.000000000000e+00 bound_worst_stage=0 bound_worst_index=0 bound_worst_kind=none
  iter     objective        pr_inf       du_inf       cs_inf     lg(μ)   lg(reg)    alpha     ls
     0   3.06509223e+03   3.1366e-04   2.0000e+02   1.0000e+00    0.00      -     0.0000e+00   0
FILTERDDP_ITER_TIMING iteration=0 barrier_iteration=0 backward_s=0.572463900 forward_s=0.011497600 total_s=0.583961500 outcome=accepted step_size=1.891418498e-01 backtracks=0 mu=1.000000000e+00
FILTERDDP_TIMING iteration=1 barrier_iteration=0 stage=24 derivative_s=0.000142200 first_order_s=0.000058300 second_order_s=0.000059200 algebra_s=0.000219700 kkt_assembly_s=0.000058400 factor_s=0.000731000 solve_s=0.000568400 update_s=0.000102500 K_nnz=5523 rhs_cols=1 Vxx_nnz=2601
FILTERDDP_TIMING iteration=1 barrier_iteration=0 stage=23 derivative_s=0.000280100 first_order_s=0.000141000 second_order_s=0.000100300 algebra_s=0.000450700 kkt_assembly_s=0.000101900 factor_s=0.002071400 solve_s=0.000872000 update_s=0.000100700 K_nnz=5523 rhs_cols=1 Vxx_nnz=2601
FILTERDDP_TIMING iteration=1 barrier_iteration=0 stage=22 derivative_s=0.000276800 first_order_s=0.000137500 second_order_s=0.000102200 algebra_s=0.000452000 kkt_assembly_s=0.000100400 factor_s=0.001861900 solve_s=0.000910500 update_s=0.000098200 K_nnz=5523 rhs_cols=1 Vxx_nnz=2601
FILTERDDP_TIMING iteration=1 barrier_iteration=0 stage=21 derivative_s=0.000314000 first_order_s=0.000171800 second_order_s=0.000105300 algebra_s=0.000574900 kkt_assembly_s=0.000131000 factor_s=0.001936100 solve_s=0.001044700 update_s=0.000112100 K_nnz=5523 rhs_cols=1 Vxx_nnz=2601
FILTERDDP_TIMING iteration=1 barrier_iteration=0 stage=20 derivative_s=0.000354900 first_order_s=0.000173100 second_order_s=0.000136100 algebra_s=0.000456600 kkt_assembly_s=0.000102900 factor_s=0.001885900 solve_s=0.000894100 update_s=0.000095100 K_nnz=5523 rhs_cols=1 Vxx_nnz=2601
FILTERDDP_TIMING iteration=1 barrier_iteration=0 stage=19 derivative_s=0.000305900 first_order_s=0.000136600 second_order_s=0.000099200 algebra_s=0.000454700 kkt_assembly_s=0.000098600 factor_s=0.002061700 solve_s=0.000887200 update_s=0.000093600 K_nnz=5523 rhs_cols=1 Vxx_nnz=2601
FILTERDDP_TIMING iteration=1 barrier_iteration=0 stage=18 derivative_s=0.000268900 first_order_s=0.000135400 second_order_s=0.000099500 algebra_s=0.000419700 kkt_assembly_s=0.000099200 factor_s=0.001839800 solve_s=0.000969200 update_s=0.000094400 K_nnz=5523 rhs_cols=1 Vxx_nnz=2601
FILTERDDP_TIMING iteration=1 barrier_iteration=0 stage=17 derivative_s=0.000301600 first_order_s=0.000133400 second_order_s=0.000100500 algebra_s=0.000446700 kkt_assembly_s=0.000094300 factor_s=0.001885600 solve_s=0.000993800 update_s=0.000090900 K_nnz=5523 rhs_cols=1 Vxx_nnz=2601
FILTERDDP_TIMING iteration=1 barrier_iteration=0 stage=16 derivative_s=0.000317500 first_order_s=0.000142100 second_order_s=0.000129400 algebra_s=0.000453400 kkt_assembly_s=0.000097300 factor_s=0.001973900 solve_s=0.001039100 update_s=0.000092500 K_nnz=5523 rhs_cols=1 Vxx_nnz=2601
FILTERDDP_TIMING iteration=1 barrier_iteration=0 stage=15 derivative_s=0.000264200 first_order_s=0.000132300 second_order_s=0.000097600 algebra_s=0.000451100 kkt_assembly_s=0.000095400 factor_s=0.001834400 solve_s=0.000971800 update_s=0.000104600 K_nnz=5523 rhs_cols=1 Vxx_nnz=2601
FILTERDDP_TIMING iteration=1 barrier_iteration=0 stage=14 derivative_s=0.000273200 first_order_s=0.000135200 second_order_s=0.000104300 algebra_s=0.000453700 kkt_assembly_s=0.000095700 factor_s=0.001886900 solve_s=0.000946100 update_s=0.000096400 K_nnz=5523 rhs_cols=1 Vxx_nnz=2601
FILTERDDP_TIMING iteration=1 barrier_iteration=0 stage=13 derivative_s=0.000271200 first_order_s=0.000135900 second_order_s=0.000102000 algebra_s=0.000449500 kkt_assembly_s=0.000095500 factor_s=0.001817800 solve_s=0.000864700 update_s=0.000095600 K_nnz=5523 rhs_cols=1 Vxx_nnz=2601
FILTERDDP_TIMING iteration=1 barrier_iteration=0 stage=12 derivative_s=0.000305800 first_order_s=0.000133800 second_order_s=0.000101900 algebra_s=0.000449500 kkt_assembly_s=0.000097900 factor_s=0.001814700 solve_s=0.000921400 update_s=0.000093200 K_nnz=5523 rhs_cols=1 Vxx_nnz=2601
FILTERDDP_TIMING iteration=1 barrier_iteration=0 stage=11 derivative_s=0.000265700 first_order_s=0.000133400 second_order_s=0.000098500 algebra_s=0.000483500 kkt_assembly_s=0.000094500 factor_s=0.001901800 solve_s=0.000929700 update_s=0.000094500 K_nnz=5523 rhs_cols=1 Vxx_nnz=2601
FILTERDDP_TIMING iteration=1 barrier_iteration=0 stage=10 derivative_s=0.000313200 first_order_s=0.000145400 second_order_s=0.000122200 algebra_s=0.000489300 kkt_assembly_s=0.000097000 factor_s=0.001817600 solve_s=0.000924900 update_s=0.000112400 K_nnz=5523 rhs_cols=1 Vxx_nnz=2601
FILTERDDP_TIMING iteration=1 barrier_iteration=0 stage=9 derivative_s=0.000269300 first_order_s=0.000135400 second_order_s=0.000099600 algebra_s=0.000452300 kkt_assembly_s=0.000096500 factor_s=0.001833000 solve_s=0.000897500 update_s=0.000100100 K_nnz=5523 rhs_cols=1 Vxx_nnz=2601
FILTERDDP_TIMING iteration=1 barrier_iteration=0 stage=8 derivative_s=0.000283400 first_order_s=0.000137300 second_order_s=0.000110000 algebra_s=0.000457800 kkt_assembly_s=0.000095400 factor_s=0.001815200 solve_s=0.000970700 update_s=0.000092500 K_nnz=5523 rhs_cols=1 Vxx_nnz=2601
FILTERDDP_TIMING iteration=1 barrier_iteration=0 stage=7 derivative_s=0.000267000 first_order_s=0.000132800 second_order_s=0.000100400 algebra_s=0.000452400 kkt_assembly_s=0.000096500 factor_s=0.001837800 solve_s=0.000974400 update_s=0.000096300 K_nnz=5523 rhs_cols=1 Vxx_nnz=2601
FILTERDDP_TIMING iteration=1 barrier_iteration=0 stage=6 derivative_s=0.000267000 first_order_s=0.000133900 second_order_s=0.000098900 algebra_s=0.000470800 kkt_assembly_s=0.000098100 factor_s=0.002176900 solve_s=0.000927000 update_s=0.000100100 K_nnz=5523 rhs_cols=1 Vxx_nnz=2601
FILTERDDP_TIMING iteration=1 barrier_iteration=0 stage=5 derivative_s=0.000274300 first_order_s=0.000137500 second_order_s=0.000100800 algebra_s=0.000535400 kkt_assembly_s=0.000116900 factor_s=0.001830600 solve_s=0.000884900 update_s=0.000094700 K_nnz=5523 rhs_cols=1 Vxx_nnz=2601
FILTERDDP_TIMING iteration=1 barrier_iteration=0 stage=4 derivative_s=0.000295200 first_order_s=0.000160500 second_order_s=0.000100500 algebra_s=0.000453200 kkt_assembly_s=0.000098100 factor_s=0.002017200 solve_s=0.000952900 update_s=0.000097100 K_nnz=5523 rhs_cols=1 Vxx_nnz=2601
FILTERDDP_TIMING iteration=1 barrier_iteration=0 stage=3 derivative_s=0.000535700 first_order_s=0.000342100 second_order_s=0.000137400 algebra_s=0.000470800 kkt_assembly_s=0.000097300 factor_s=0.001831200 solve_s=0.000960300 update_s=0.000095600 K_nnz=5523 rhs_cols=1 Vxx_nnz=2601
FILTERDDP_TIMING iteration=1 barrier_iteration=0 stage=2 derivative_s=0.000268700 first_order_s=0.000132700 second_order_s=0.000101800 algebra_s=0.000422400 kkt_assembly_s=0.000097800 factor_s=0.001962700 solve_s=0.000888400 update_s=0.000096300 K_nnz=5523 rhs_cols=1 Vxx_nnz=2601
FILTERDDP_TIMING iteration=1 barrier_iteration=0 stage=1 derivative_s=0.000277000 first_order_s=0.000137600 second_order_s=0.000104000 algebra_s=0.000452300 kkt_assembly_s=0.000100000 factor_s=0.001826300 solve_s=0.000902800 update_s=0.000095000 K_nnz=5523 rhs_cols=1 Vxx_nnz=2601
FILTERDDP_FEASIBILITY iteration=1 barrier_iteration=0 equality_count=13488 equality_rms=7.862852383517e-03 equality_max=1.283591921256e-01 equality_worst_stage=1 equality_worst_index=384 dynamics_count=1173 dynamics_rms=1.878842894631e-18 dynamics_max=6.938893903907e-18 dynamics_worst_stage=23 dynamics_worst_index=10 bound_count=13440 bound_rms=0.000000000000e+00 bound_max=0.000000000000e+00 bound_worst_stage=0 bound_worst_index=0 bound_worst_kind=none
     1   3.63095115e+03   1.2836e-01   1.6217e+02   9.9993e-01    0.00      -     1.8914e-01   0
FILTERDDP_ITER_TIMING iteration=1 barrier_iteration=0 backward_s=0.090454800 forward_s=0.008520200 total_s=0.098975000 outcome=accepted step_size=3.643139093e-01 backtracks=0 mu=1.000000000e+00
FILTERDDP_TIMING iteration=2 barrier_iteration=0 stage=24 derivative_s=0.000313700 first_order_s=0.000122200 second_order_s=0.000152100 algebra_s=0.000755800 kkt_assembly_s=0.000109300 factor_s=0.001877200 solve_s=0.000923200 update_s=0.000099800 K_nnz=5523 rhs_cols=1 Vxx_nnz=2601
FILTERDDP_TIMING iteration=2 barrier_iteration=0 stage=23 derivative_s=0.000277900 first_order_s=0.000140300 second_order_s=0.000101100 algebra_s=0.000457200 kkt_assembly_s=0.000100000 factor_s=0.001846600 solve_s=0.000914000 update_s=0.000094600 K_nnz=5523 rhs_cols=1 Vxx_nnz=2601
FILTERDDP_TIMING iteration=2 barrier_iteration=0 stage=22 derivative_s=0.000470500 first_order_s=0.000328700 second_order_s=0.000108300 algebra_s=0.000485800 kkt_assembly_s=0.000099800 factor_s=0.002085800 solve_s=0.001015100 update_s=0.000096100 K_nnz=5523 rhs_cols=1 Vxx_nnz=2601
FILTERDDP_TIMING iteration=2 barrier_iteration=0 stage=21 derivative_s=0.000278500 first_order_s=0.000137200 second_order_s=0.000105900 algebra_s=0.000458800 kkt_assembly_s=0.000100300 factor_s=0.001849500 solve_s=0.000929900 update_s=0.000098400 K_nnz=5523 rhs_cols=1 Vxx_nnz=2601
FILTERDDP_TIMING iteration=2 barrier_iteration=0 stage=20 derivative_s=0.000277900 first_order_s=0.000137800 second_order_s=0.000103300 algebra_s=0.000455300 kkt_assembly_s=0.000100300 factor_s=0.001955600 solve_s=0.000968500 update_s=0.000099200 K_nnz=5523 rhs_cols=1 Vxx_nnz=2601
FILTERDDP_TIMING iteration=2 barrier_iteration=0 stage=19 derivative_s=0.000316500 first_order_s=0.000145900 second_order_s=0.000123400 algebra_s=0.000582700 kkt_assembly_s=0.000116100 factor_s=0.001926000 solve_s=0.000977200 update_s=0.000101600 K_nnz=5523 rhs_cols=1 Vxx_nnz=2601
FILTERDDP_TIMING iteration=2 barrier_iteration=0 stage=18 derivative_s=0.000273400 first_order_s=0.000136200 second_order_s=0.000100500 algebra_s=0.000458400 kkt_assembly_s=0.000101000 factor_s=0.001919900 solve_s=0.000904000 update_s=0.000101000 K_nnz=5523 rhs_cols=1 Vxx_nnz=2601
FILTERDDP_TIMING iteration=2 barrier_iteration=0 stage=17 derivative_s=0.000282200 first_order_s=0.000137800 second_order_s=0.000107200 algebra_s=0.000477900 kkt_assembly_s=0.000103300 factor_s=0.002010100 solve_s=0.000866800 update_s=0.000098700 K_nnz=5523 rhs_cols=1 Vxx_nnz=2601
FILTERDDP_TIMING iteration=2 barrier_iteration=0 stage=16 derivative_s=0.000283400 first_order_s=0.000141300 second_order_s=0.000105600 algebra_s=0.000457600 kkt_assembly_s=0.000116800 factor_s=0.002179700 solve_s=0.000976100 update_s=0.000098900 K_nnz=5523 rhs_cols=1 Vxx_nnz=2601
FILTERDDP_TIMING iteration=2 barrier_iteration=0 stage=15 derivative_s=0.000278800 first_order_s=0.000139200 second_order_s=0.000103500 algebra_s=0.000458900 kkt_assembly_s=0.000104600 factor_s=0.001835400 solve_s=0.000988100 update_s=0.000103400 K_nnz=5523 rhs_cols=1 Vxx_nnz=2601
FILTERDDP_TIMING iteration=2 barrier_iteration=0 stage=14 derivative_s=0.000302800 first_order_s=0.000141400 second_order_s=0.000125600 algebra_s=0.000517000 kkt_assembly_s=0.000106300 factor_s=0.001858200 solve_s=0.000928900 update_s=0.000101200 K_nnz=5523 rhs_cols=1 Vxx_nnz=2601
FILTERDDP_TIMING iteration=2 barrier_iteration=0 stage=13 derivative_s=0.000287400 first_order_s=0.000144500 second_order_s=0.000107400 algebra_s=0.000543700 kkt_assembly_s=0.000141300 factor_s=0.002365200 solve_s=0.000950800 update_s=0.000100600 K_nnz=5523 rhs_cols=1 Vxx_nnz=2601
FILTERDDP_TIMING iteration=2 barrier_iteration=0 stage=12 derivative_s=0.000360300 first_order_s=0.000177000 second_order_s=0.000146700 algebra_s=0.000785500 kkt_assembly_s=0.000168400 factor_s=0.002278400 solve_s=0.001186500 update_s=0.000150000 K_nnz=5523 rhs_cols=1 Vxx_nnz=2601
FILTERDDP_TIMING iteration=2 barrier_iteration=0 stage=11 derivative_s=0.000401300 first_order_s=0.000182700 second_order_s=0.000181300 algebra_s=0.000675400 kkt_assembly_s=0.000171500 factor_s=0.002150500 solve_s=0.001205200 update_s=0.000148400 K_nnz=5523 rhs_cols=1 Vxx_nnz=2601
FILTERDDP_TIMING iteration=2 barrier_iteration=0 stage=10 derivative_s=0.000376800 first_order_s=0.000178800 second_order_s=0.000161600 algebra_s=0.000702900 kkt_assembly_s=0.000147900 factor_s=0.002261400 solve_s=0.001113600 update_s=0.000105400 K_nnz=5523 rhs_cols=1 Vxx_nnz=2601
FILTERDDP_TIMING iteration=2 barrier_iteration=0 stage=9 derivative_s=0.000310000 first_order_s=0.000160300 second_order_s=0.000113100 algebra_s=0.000468200 kkt_assembly_s=0.000127500 factor_s=0.002534200 solve_s=0.001233800 update_s=0.000155200 K_nnz=5523 rhs_cols=1 Vxx_nnz=2601
FILTERDDP_TIMING iteration=2 barrier_iteration=0 stage=8 derivative_s=0.000478000 first_order_s=0.000239300 second_order_s=0.000189600 algebra_s=0.000685300 kkt_assembly_s=0.000170300 factor_s=0.002259000 solve_s=0.000981000 update_s=0.000086000 K_nnz=5523 rhs_cols=1 Vxx_nnz=2601
FILTERDDP_TIMING iteration=2 barrier_iteration=0 stage=7 derivative_s=0.000194300 first_order_s=0.000088100 second_order_s=0.000087100 algebra_s=0.000285700 kkt_assembly_s=0.000075200 factor_s=0.000886700 solve_s=0.000883400 update_s=0.000161900 K_nnz=5523 rhs_cols=1 Vxx_nnz=2601
FILTERDDP_TIMING iteration=2 barrier_iteration=0 stage=6 derivative_s=0.000400000 first_order_s=0.000180700 second_order_s=0.000181300 algebra_s=0.000662500 kkt_assembly_s=0.000147600 factor_s=0.002015100 solve_s=0.001042300 update_s=0.000145800 K_nnz=5523 rhs_cols=1 Vxx_nnz=2601
FILTERDDP_TIMING iteration=2 barrier_iteration=0 stage=5 derivative_s=0.000386100 first_order_s=0.000180000 second_order_s=0.000169600 algebra_s=0.000621900 kkt_assembly_s=0.000172100 factor_s=0.002378800 solve_s=0.001176900 update_s=0.000120600 K_nnz=5523 rhs_cols=1 Vxx_nnz=2601
FILTERDDP_TIMING iteration=2 barrier_iteration=0 stage=4 derivative_s=0.000299600 first_order_s=0.000142000 second_order_s=0.000128400 algebra_s=0.000523000 kkt_assembly_s=0.000116000 factor_s=0.001469500 solve_s=0.000769900 update_s=0.000115300 K_nnz=5523 rhs_cols=1 Vxx_nnz=2601
FILTERDDP_TIMING iteration=2 barrier_iteration=0 stage=3 derivative_s=0.000297500 first_order_s=0.000139100 second_order_s=0.000129700 algebra_s=0.000555300 kkt_assembly_s=0.000128800 factor_s=0.001467000 solve_s=0.000967500 update_s=0.000146300 K_nnz=5523 rhs_cols=1 Vxx_nnz=2601
FILTERDDP_TIMING iteration=2 barrier_iteration=0 stage=2 derivative_s=0.000415400 first_order_s=0.000199300 second_order_s=0.000180200 algebra_s=0.000695300 kkt_assembly_s=0.000176700 factor_s=0.001848200 solve_s=0.000937300 update_s=0.000098200 K_nnz=5523 rhs_cols=1 Vxx_nnz=2601
FILTERDDP_TIMING iteration=2 barrier_iteration=0 stage=1 derivative_s=0.000324600 first_order_s=0.000147000 second_order_s=0.000132200 algebra_s=0.000627700 kkt_assembly_s=0.000160500 factor_s=0.002267000 solve_s=0.000917000 update_s=0.000102700 K_nnz=5523 rhs_cols=1 Vxx_nnz=2601
FILTERDDP_FEASIBILITY iteration=2 barrier_iteration=0 equality_count=13488 equality_rms=6.098789246066e-03 equality_max=8.970519183059e-02 equality_worst_stage=1 equality_worst_index=385 dynamics_count=1173 dynamics_rms=3.086755278409e-18 dynamics_max=1.387778780781e-17 dynamics_worst_stage=14 dynamics_worst_index=49 bound_count=13440 bound_rms=0.000000000000e+00 bound_max=0.000000000000e+00 bound_worst_stage=0 bound_worst_index=0 bound_worst_kind=none
     2   3.92117829e+03   8.9705e-02   1.0309e+02   9.9968e-01    0.00      -     3.6431e-01   0
FILTERDDP_ITER_TIMING iteration=2 barrier_iteration=0 backward_s=0.099709400 forward_s=0.008570300 total_s=0.108279700 outcome=accepted step_size=9.900241598e-01 backtracks=0 mu=1.000000000e+00
FILTERDDP_TIMING iteration=3 barrier_iteration=0 stage=24 derivative_s=0.000426600 first_order_s=0.000160600 second_order_s=0.000227800 algebra_s=0.000843300 kkt_assembly_s=0.000141700 factor_s=0.002262500 solve_s=0.000868900 update_s=0.000142700 K_nnz=5523 rhs_cols=1 Vxx_nnz=2601
FILTERDDP_TIMING iteration=3 barrier_iteration=0 stage=23 derivative_s=0.000457700 first_order_s=0.000230600 second_order_s=0.000173800 algebra_s=0.000755000 kkt_assembly_s=0.000183800 factor_s=0.001944200 solve_s=0.001024500 update_s=0.000110400 K_nnz=5523 rhs_cols=1 Vxx_nnz=2601
FILTERDDP_TIMING iteration=3 barrier_iteration=0 stage=22 derivative_s=0.000414900 first_order_s=0.000182000 second_order_s=0.000196900 algebra_s=0.000687800 kkt_assembly_s=0.000136900 factor_s=0.002140000 solve_s=0.001055200 update_s=0.000103500 K_nnz=5523 rhs_cols=1 Vxx_nnz=2601
FILTERDDP_TIMING iteration=3 barrier_iteration=0 stage=21 derivative_s=0.000351800 first_order_s=0.000137400 second_order_s=0.000178400 algebra_s=0.000682400 kkt_assembly_s=0.000144100 factor_s=0.002112300 solve_s=0.000975500 update_s=0.000127100 K_nnz=5523 rhs_cols=1 Vxx_nnz=2601
FILTERDDP_TIMING iteration=3 barrier_iteration=0 stage=20 derivative_s=0.000405200 first_order_s=0.000205700 second_order_s=0.000147100 algebra_s=0.000517200 kkt_assembly_s=0.000100000 factor_s=0.002018900 solve_s=0.001100200 update_s=0.000144200 K_nnz=5523 rhs_cols=1 Vxx_nnz=2601
FILTERDDP_TIMING iteration=3 barrier_iteration=0 stage=19 derivative_s=0.000416000 first_order_s=0.000195300 second_order_s=0.000184300 algebra_s=0.000709800 kkt_assembly_s=0.000192800 factor_s=0.002257400 solve_s=0.001351000 update_s=0.000151600 K_nnz=5523 rhs_cols=1 Vxx_nnz=2601
FILTERDDP_TIMING iteration=3 barrier_iteration=0 stage=18 derivative_s=0.000471400 first_order_s=0.000235500 second_order_s=0.000199600 algebra_s=0.000972100 kkt_assembly_s=0.000156700 factor_s=0.002440900 solve_s=0.001272000 update_s=0.000178300 K_nnz=5523 rhs_cols=1 Vxx_nnz=2601
FILTERDDP_TIMING iteration=3 barrier_iteration=0 stage=17 derivative_s=0.000527100 first_order_s=0.000249500 second_order_s=0.000224900 algebra_s=0.000809000 kkt_assembly_s=0.000121500 factor_s=0.002285500 solve_s=0.001295800 update_s=0.000155900 K_nnz=5523 rhs_cols=1 Vxx_nnz=2601
FILTERDDP_TIMING iteration=3 barrier_iteration=0 stage=16 derivative_s=0.000622600 first_order_s=0.000181300 second_order_s=0.000404200 algebra_s=0.000879600 kkt_assembly_s=0.000159100 factor_s=0.002312100 solve_s=0.001310500 update_s=0.000352900 K_nnz=5523 rhs_cols=1 Vxx_nnz=2601
FILTERDDP_TIMING iteration=3 barrier_iteration=0 stage=15 derivative_s=0.000411700 first_order_s=0.000193500 second_order_s=0.000182300 algebra_s=0.001057200 kkt_assembly_s=0.000172900 factor_s=0.002065000 solve_s=0.001211900 update_s=0.000172200 K_nnz=5523 rhs_cols=1 Vxx_nnz=2601
FILTERDDP_TIMING iteration=3 barrier_iteration=0 stage=14 derivative_s=0.000432100 first_order_s=0.000216700 second_order_s=0.000178700 algebra_s=0.000867200 kkt_assembly_s=0.000121900 factor_s=0.002928500 solve_s=0.001336700 update_s=0.000161100 K_nnz=5523 rhs_cols=1 Vxx_nnz=2601
FILTERDDP_TIMING iteration=3 barrier_iteration=0 stage=13 derivative_s=0.000405900 first_order_s=0.000183300 second_order_s=0.000184900 algebra_s=0.000606800 kkt_assembly_s=0.000103600 factor_s=0.001876300 solve_s=0.001034800 update_s=0.000120600 K_nnz=5523 rhs_cols=1 Vxx_nnz=2601
FILTERDDP_TIMING iteration=3 barrier_iteration=0 stage=12 derivative_s=0.000312400 first_order_s=0.000142100 second_order_s=0.000133300 algebra_s=0.000529000 kkt_assembly_s=0.000106100 factor_s=0.001976600 solve_s=0.000982400 update_s=0.000143500 K_nnz=5523 rhs_cols=1 Vxx_nnz=2601
FILTERDDP_TIMING iteration=3 barrier_iteration=0 stage=11 derivative_s=0.000287700 first_order_s=0.000143900 second_order_s=0.000105100 algebra_s=0.000775600 kkt_assembly_s=0.000146600 factor_s=0.002309400 solve_s=0.001150700 update_s=0.000178400 K_nnz=5523 rhs_cols=1 Vxx_nnz=2601
FILTERDDP_TIMING iteration=3 barrier_iteration=0 stage=10 derivative_s=0.000509800 first_order_s=0.000247600 second_order_s=0.000218800 algebra_s=0.001127200 kkt_assembly_s=0.000149100 factor_s=0.002303000 solve_s=0.000928300 update_s=0.000141200 K_nnz=5523 rhs_cols=1 Vxx_nnz=2601
FILTERDDP_TIMING iteration=3 barrier_iteration=0 stage=9 derivative_s=0.000329400 first_order_s=0.000159400 second_order_s=0.000131000 algebra_s=0.000777600 kkt_assembly_s=0.000151300 factor_s=0.002414200 solve_s=0.001203700 update_s=0.000171200 K_nnz=5523 rhs_cols=1 Vxx_nnz=2601
FILTERDDP_TIMING iteration=3 barrier_iteration=0 stage=8 derivative_s=0.000634000 first_order_s=0.000188700 second_order_s=0.000388700 algebra_s=0.000702800 kkt_assembly_s=0.000135800 factor_s=0.002118700 solve_s=0.001125100 update_s=0.000356200 K_nnz=5523 rhs_cols=1 Vxx_nnz=2601
FILTERDDP_TIMING iteration=3 barrier_iteration=0 stage=7 derivative_s=0.000446100 first_order_s=0.000200000 second_order_s=0.000206500 algebra_s=0.001041600 kkt_assembly_s=0.000160500 factor_s=0.002468800 solve_s=0.001362700 update_s=0.000162500 K_nnz=5523 rhs_cols=1 Vxx_nnz=2601
FILTERDDP_TIMING iteration=3 barrier_iteration=0 stage=6 derivative_s=0.000331600 first_order_s=0.000163800 second_order_s=0.000128200 algebra_s=0.000595800 kkt_assembly_s=0.000113800 factor_s=0.002184900 solve_s=0.001252700 update_s=0.000164500 K_nnz=5523 rhs_cols=1 Vxx_nnz=2601
FILTERDDP_TIMING iteration=3 barrier_iteration=0 stage=5 derivative_s=0.000432600 first_order_s=0.000219200 second_order_s=0.000174000 algebra_s=0.001007800 kkt_assembly_s=0.000151600 factor_s=0.002239500 solve_s=0.001371500 update_s=0.000210400 K_nnz=5523 rhs_cols=1 Vxx_nnz=2601
FILTERDDP_TIMING iteration=3 barrier_iteration=0 stage=4 derivative_s=0.000571500 first_order_s=0.000177100 second_order_s=0.000336300 algebra_s=0.000844100 kkt_assembly_s=0.000165600 factor_s=0.002391900 solve_s=0.001003000 update_s=0.000156900 K_nnz=5523 rhs_cols=1 Vxx_nnz=2601
FILTERDDP_TIMING iteration=3 barrier_iteration=0 stage=3 derivative_s=0.000301200 first_order_s=0.000150600 second_order_s=0.000110000 algebra_s=0.000957200 kkt_assembly_s=0.000193300 factor_s=0.002126100 solve_s=0.000977200 update_s=0.000141300 K_nnz=5523 rhs_cols=1 Vxx_nnz=2601
FILTERDDP_TIMING iteration=3 barrier_iteration=0 stage=2 derivative_s=0.000340600 first_order_s=0.000160100 second_order_s=0.000140400 algebra_s=0.000582600 kkt_assembly_s=0.000112800 factor_s=0.002113200 solve_s=0.001528400 update_s=0.000194400 K_nnz=5523 rhs_cols=1 Vxx_nnz=2601
FILTERDDP_TIMING iteration=3 barrier_iteration=0 stage=1 derivative_s=0.000437000 first_order_s=0.000214200 second_order_s=0.000179400 algebra_s=0.001092100 kkt_assembly_s=0.000170300 factor_s=0.002236800 solve_s=0.001333200 update_s=0.000177300 K_nnz=5523 rhs_cols=1 Vxx_nnz=2601
FILTERDDP_FEASIBILITY iteration=3 barrier_iteration=0 equality_count=13488 equality_rms=3.912180166873e-03 equality_max=7.617036742943e-02 equality_worst_stage=18 equality_worst_index=384 dynamics_count=1173 dynamics_rms=2.197308619324e-18 dynamics_max=6.938893903907e-18 dynamics_worst_stage=23 dynamics_worst_index=15 bound_count=13440 bound_rms=0.000000000000e+00 bound_max=0.000000000000e+00 bound_worst_stage=0 bound_worst_index=0 bound_worst_kind=none
FILTERDDP_ITER_TIMING iteration=3 barrier_iteration=0 backward_s=0.120720200 forward_s=0.000000000 total_s=0.120720200 outcome=barrier_update step_size=9.900241598e-01 backtracks=0 mu=1.000000000e+00
FILTERDDP_TIMING iteration=3 barrier_iteration=1 stage=24 derivative_s=0.000832400 first_order_s=0.000200300 second_order_s=0.000585700 algebra_s=0.000984700 kkt_assembly_s=0.000154500 factor_s=0.002350000 solve_s=0.001774300 update_s=0.000420700 K_nnz=5523 rhs_cols=1 Vxx_nnz=2601
FILTERDDP_TIMING iteration=3 barrier_iteration=1 stage=23 derivative_s=0.000473500 first_order_s=0.000203900 second_order_s=0.000228500 algebra_s=0.000966600 kkt_assembly_s=0.000115500 factor_s=0.001973200 solve_s=0.001031200 update_s=0.000187500 K_nnz=5523 rhs_cols=1 Vxx_nnz=2601
FILTERDDP_TIMING iteration=3 barrier_iteration=1 stage=22 derivative_s=0.000356100 first_order_s=0.000156000 second_order_s=0.000160100 algebra_s=0.000578600 kkt_assembly_s=0.000113500 factor_s=0.001930200 solve_s=0.001029300 update_s=0.000119900 K_nnz=5523 rhs_cols=1 Vxx_nnz=2601
FILTERDDP_TIMING iteration=3 barrier_iteration=1 stage=21 derivative_s=0.000302600 first_order_s=0.000151000 second_order_s=0.000111400 algebra_s=0.000541000 kkt_assembly_s=0.000128600 factor_s=0.001928400 solve_s=0.001063300 update_s=0.000114200 K_nnz=5523 rhs_cols=1 Vxx_nnz=2601
FILTERDDP_TIMING iteration=3 barrier_iteration=1 stage=20 derivative_s=0.000331500 first_order_s=0.000151300 second_order_s=0.000141500 algebra_s=0.000948300 kkt_assembly_s=0.000204000 factor_s=0.002351000 solve_s=0.001258100 update_s=0.000390200 K_nnz=5523 rhs_cols=1 Vxx_nnz=2601
FILTERDDP_TIMING iteration=3 barrier_iteration=1 stage=19 derivative_s=0.000564000 first_order_s=0.000261900 second_order_s=0.000261200 algebra_s=0.001364800 kkt_assembly_s=0.000203800 factor_s=0.002457400 solve_s=0.001587600 update_s=0.000181500 K_nnz=5523 rhs_cols=1 Vxx_nnz=2601
FILTERDDP_TIMING iteration=3 barrier_iteration=1 stage=18 derivative_s=0.000464300 first_order_s=0.000191100 second_order_s=0.000216000 algebra_s=0.001163300 kkt_assembly_s=0.000156000 factor_s=0.002251100 solve_s=0.001324600 update_s=0.000183700 K_nnz=5523 rhs_cols=1 Vxx_nnz=2601
FILTERDDP_TIMING iteration=3 barrier_iteration=1 stage=17 derivative_s=0.000456600 first_order_s=0.000209900 second_order_s=0.000190300 algebra_s=0.001015000 kkt_assembly_s=0.000156300 factor_s=0.002287700 solve_s=0.001153800 update_s=0.000181300 K_nnz=5523 rhs_cols=1 Vxx_nnz=2601
FILTERDDP_TIMING iteration=3 barrier_iteration=1 stage=16 derivative_s=0.000650000 first_order_s=0.000199200 second_order_s=0.000394800 algebra_s=0.000945500 kkt_assembly_s=0.000205300 factor_s=0.003273200 solve_s=0.001834200 update_s=0.000410000 K_nnz=5523 rhs_cols=1 Vxx_nnz=2601
FILTERDDP_TIMING iteration=3 barrier_iteration=1 stage=15 derivative_s=0.000585600 first_order_s=0.000301800 second_order_s=0.000233500 algebra_s=0.001493900 kkt_assembly_s=0.000167500 factor_s=0.002382900 solve_s=0.001715500 update_s=0.000193300 K_nnz=5523 rhs_cols=1 Vxx_nnz=2601
FILTERDDP_TIMING iteration=3 barrier_iteration=1 stage=14 derivative_s=0.000454100 first_order_s=0.000214600 second_order_s=0.000198200 algebra_s=0.001178400 kkt_assembly_s=0.000162900 factor_s=0.002548900 solve_s=0.001570000 update_s=0.000191500 K_nnz=5523 rhs_cols=1 Vxx_nnz=2601
FILTERDDP_TIMING iteration=3 barrier_iteration=1 stage=13 derivative_s=0.000454800 first_order_s=0.000204100 second_order_s=0.000209000 algebra_s=0.001055500 kkt_assembly_s=0.000152100 factor_s=0.002995500 solve_s=0.001392900 update_s=0.000186700 K_nnz=5523 rhs_cols=1 Vxx_nnz=2601
FILTERDDP_TIMING iteration=3 barrier_iteration=1 stage=12 derivative_s=0.000678200 first_order_s=0.000218500 second_order_s=0.000401500 algebra_s=0.000897200 kkt_assembly_s=0.000158700 factor_s=0.002348500 solve_s=0.001357200 update_s=0.000487800 K_nnz=5523 rhs_cols=1 Vxx_nnz=2601
FILTERDDP_TIMING iteration=3 barrier_iteration=1 stage=11 derivative_s=0.000486200 first_order_s=0.000214100 second_order_s=0.000231800 algebra_s=0.001084100 kkt_assembly_s=0.000172000 factor_s=0.002394900 solve_s=0.001353500 update_s=0.000226100 K_nnz=5523 rhs_cols=1 Vxx_nnz=2601
FILTERDDP_TIMING iteration=3 barrier_iteration=1 stage=10 derivative_s=0.000577000 first_order_s=0.000265600 second_order_s=0.000253900 algebra_s=0.001173200 kkt_assembly_s=0.000178700 factor_s=0.002550300 solve_s=0.001320200 update_s=0.000182100 K_nnz=5523 rhs_cols=1 Vxx_nnz=2601
FILTERDDP_TIMING iteration=3 barrier_iteration=1 stage=9 derivative_s=0.000506800 first_order_s=0.000211700 second_order_s=0.000236300 algebra_s=0.001131500 kkt_assembly_s=0.000164600 factor_s=0.002385300 solve_s=0.001561500 update_s=0.000212600 K_nnz=5523 rhs_cols=1 Vxx_nnz=2601
FILTERDDP_TIMING iteration=3 barrier_iteration=1 stage=8 derivative_s=0.000927300 first_order_s=0.000201900 second_order_s=0.000664600 algebra_s=0.000985200 kkt_assembly_s=0.000166900 factor_s=0.002320500 solve_s=0.001299800 update_s=0.000431000 K_nnz=5523 rhs_cols=1 Vxx_nnz=2601
FILTERDDP_TIMING iteration=3 barrier_iteration=1 stage=7 derivative_s=0.000507300 first_order_s=0.000221100 second_order_s=0.000248500 algebra_s=0.001245000 kkt_assembly_s=0.000173300 factor_s=0.002778600 solve_s=0.001590800 update_s=0.000193600 K_nnz=5523 rhs_cols=1 Vxx_nnz=2601
FILTERDDP_TIMING iteration=3 barrier_iteration=1 stage=6 derivative_s=0.000486900 first_order_s=0.000218900 second_order_s=0.000214200 algebra_s=0.001147700 kkt_assembly_s=0.000164400 factor_s=0.002175800 solve_s=0.001342500 update_s=0.000288400 K_nnz=5523 rhs_cols=1 Vxx_nnz=2601
FILTERDDP_TIMING iteration=3 barrier_iteration=1 stage=5 derivative_s=0.000681500 first_order_s=0.000319200 second_order_s=0.000303300 algebra_s=0.001120200 kkt_assembly_s=0.000156700 factor_s=0.002277300 solve_s=0.001405000 update_s=0.000158200 K_nnz=5523 rhs_cols=1 Vxx_nnz=2601
FILTERDDP_TIMING iteration=3 barrier_iteration=1 stage=4 derivative_s=0.000602400 first_order_s=0.000196300 second_order_s=0.000366200 algebra_s=0.000838600 kkt_assembly_s=0.000120700 factor_s=0.001772700 solve_s=0.001152900 update_s=0.000388300 K_nnz=5523 rhs_cols=1 Vxx_nnz=2601
FILTERDDP_TIMING iteration=3 barrier_iteration=1 stage=3 derivative_s=0.000496100 first_order_s=0.000224500 second_order_s=0.000230400 algebra_s=0.001055700 kkt_assembly_s=0.000162500 factor_s=0.002274000 solve_s=0.001241600 update_s=0.000185100 K_nnz=5523 rhs_cols=1 Vxx_nnz=2601
FILTERDDP_TIMING iteration=3 barrier_iteration=1 stage=2 derivative_s=0.000485700 first_order_s=0.000209800 second_order_s=0.000218800 algebra_s=0.001065300 kkt_assembly_s=0.000163800 factor_s=0.002319100 solve_s=0.001434400 update_s=0.000194200 K_nnz=5523 rhs_cols=1 Vxx_nnz=2601
FILTERDDP_TIMING iteration=3 barrier_iteration=1 stage=1 derivative_s=0.000468100 first_order_s=0.000200300 second_order_s=0.000211600 algebra_s=0.001149700 kkt_assembly_s=0.000168400 factor_s=0.002294700 solve_s=0.001322100 update_s=0.000193000 K_nnz=5523 rhs_cols=1 Vxx_nnz=2601
FILTERDDP_FEASIBILITY iteration=3 barrier_iteration=1 equality_count=13488 equality_rms=3.912180166873e-03 equality_max=7.617036742943e-02 equality_worst_stage=18 equality_worst_index=384 dynamics_count=1173 dynamics_rms=2.197308619324e-18 dynamics_max=6.938893903907e-18 dynamics_worst_stage=23 dynamics_worst_index=15 bound_count=13440 bound_rms=0.000000000000e+00 bound_max=0.000000000000e+00 bound_worst_stage=0 bound_worst_index=0 bound_worst_kind=none
FILTERDDP_ITER_TIMING iteration=3 barrier_iteration=1 backward_s=0.139000700 forward_s=0.000000000 total_s=0.139000700 outcome=barrier_update step_size=9.900241598e-01 backtracks=0 mu=2.000000000e-01
FILTERDDP_TIMING iteration=3 barrier_iteration=2 stage=24 derivative_s=0.000744800 first_order_s=0.000382000 second_order_s=0.000321900 algebra_s=0.001148500 kkt_assembly_s=0.000304400 factor_s=0.002250300 solve_s=0.001770400 update_s=0.000186300 K_nnz=5523 rhs_cols=1 Vxx_nnz=2601
FILTERDDP_TIMING iteration=3 barrier_iteration=2 stage=23 derivative_s=0.000712400 first_order_s=0.000213400 second_order_s=0.000458400 algebra_s=0.001072400 kkt_assembly_s=0.000153400 factor_s=0.002552600 solve_s=0.001511800 update_s=0.000183400 K_nnz=5523 rhs_cols=1 Vxx_nnz=2601
FILTERDDP_TIMING iteration=3 barrier_iteration=2 stage=22 derivative_s=0.000507600 first_order_s=0.000213000 second_order_s=0.000237500 algebra_s=0.001299600 kkt_assembly_s=0.000219700 factor_s=0.002621300 solve_s=0.001505300 update_s=0.000192500 K_nnz=5523 rhs_cols=1 Vxx_nnz=2601
FILTERDDP_TIMING iteration=3 barrier_iteration=2 stage=21 derivative_s=0.000503800 first_order_s=0.000223100 second_order_s=0.000222200 algebra_s=0.001145300 kkt_assembly_s=0.000162800 factor_s=0.002704900 solve_s=0.001305500 update_s=0.000262200 K_nnz=5523 rhs_cols=1 Vxx_nnz=2601
FILTERDDP_TIMING iteration=3 barrier_iteration=2 stage=20 derivative_s=0.000757100 first_order_s=0.000222800 second_order_s=0.000489100 algebra_s=0.001302800 kkt_assembly_s=0.000369400 factor_s=0.002308500 solve_s=0.001845300 update_s=0.000250500 K_nnz=5523 rhs_cols=1 Vxx_nnz=2601
FILTERDDP_TIMING iteration=3 barrier_iteration=2 stage=19 derivative_s=0.000907500 first_order_s=0.000230900 second_order_s=0.000630800 algebra_s=0.001427000 kkt_assembly_s=0.000173100 factor_s=0.002311100 solve_s=0.001570400 update_s=0.000206800 K_nnz=5523 rhs_cols=1 Vxx_nnz=2601
FILTERDDP_TIMING iteration=3 barrier_iteration=2 stage=18 derivative_s=0.000498300 first_order_s=0.000215100 second_order_s=0.000241700 algebra_s=0.001205300 kkt_assembly_s=0.000162200 factor_s=0.002939100 solve_s=0.001477800 update_s=0.000187700 K_nnz=5523 rhs_cols=1 Vxx_nnz=2601
FILTERDDP_TIMING iteration=3 barrier_iteration=2 stage=17 derivative_s=0.000653100 first_order_s=0.000213600 second_order_s=0.000400200 algebra_s=0.001101900 kkt_assembly_s=0.000164800 factor_s=0.002358200 solve_s=0.001286200 update_s=0.000294200 K_nnz=5523 rhs_cols=1 Vxx_nnz=2601
FILTERDDP_TIMING iteration=3 barrier_iteration=2 stage=16 derivative_s=0.000681100 first_order_s=0.000211900 second_order_s=0.000426800 algebra_s=0.001174600 kkt_assembly_s=0.000144500 factor_s=0.002819300 solve_s=0.001762000 update_s=0.000208000 K_nnz=5523 rhs_cols=1 Vxx_nnz=2601
FILTERDDP_TIMING iteration=3 barrier_iteration=2 stage=15 derivative_s=0.000460600 first_order_s=0.000200100 second_order_s=0.000219000 algebra_s=0.001410700 kkt_assembly_s=0.000166700 factor_s=0.002508300 solve_s=0.001572500 update_s=0.000180300 K_nnz=5523 rhs_cols=1 Vxx_nnz=2601
FILTERDDP_TIMING iteration=3 barrier_iteration=2 stage=14 derivative_s=0.000487300 first_order_s=0.000213800 second_order_s=0.000216900 algebra_s=0.001073300 kkt_assembly_s=0.000172800 factor_s=0.002392000 solve_s=0.001349000 update_s=0.000194500 K_nnz=5523 rhs_cols=1 Vxx_nnz=2601
FILTERDDP_TIMING iteration=3 barrier_iteration=2 stage=13 derivative_s=0.000660300 first_order_s=0.000211700 second_order_s=0.000392900 algebra_s=0.001004100 kkt_assembly_s=0.000204800 factor_s=0.002881100 solve_s=0.001524700 update_s=0.000192900 K_nnz=5523 rhs_cols=1 Vxx_nnz=2601
FILTERDDP_TIMING iteration=3 barrier_iteration=2 stage=12 derivative_s=0.000664300 first_order_s=0.000225100 second_order_s=0.000397600 algebra_s=0.001068900 kkt_assembly_s=0.000161800 factor_s=0.002637400 solve_s=0.001547200 update_s=0.000189500 K_nnz=5523 rhs_cols=1 Vxx_nnz=2601
FILTERDDP_TIMING iteration=3 barrier_iteration=2 stage=11 derivative_s=0.000481400 first_order_s=0.000202300 second_order_s=0.000222200 algebra_s=0.001069600 kkt_assembly_s=0.000167000 factor_s=0.002549400 solve_s=0.001314700 update_s=0.000202700 K_nnz=5523 rhs_cols=1 Vxx_nnz=2601
FILTERDDP_TIMING iteration=3 barrier_iteration=2 stage=10 derivative_s=0.000543400 first_order_s=0.000286100 second_order_s=0.000212500 algebra_s=0.001044300 kkt_assembly_s=0.000170000 factor_s=0.002459700 solve_s=0.001423400 update_s=0.000198500 K_nnz=5523 rhs_cols=1 Vxx_nnz=2601
FILTERDDP_TIMING iteration=3 barrier_iteration=2 stage=9 derivative_s=0.000479600 first_order_s=0.000194200 second_order_s=0.000229800 algebra_s=0.001244900 kkt_assembly_s=0.000164700 factor_s=0.002454000 solve_s=0.001432600 update_s=0.000206200 K_nnz=5523 rhs_cols=1 Vxx_nnz=2601
FILTERDDP_TIMING iteration=3 barrier_iteration=2 stage=8 derivative_s=0.000696800 first_order_s=0.000203100 second_order_s=0.000452100 algebra_s=0.001026600 kkt_assembly_s=0.000381700 factor_s=0.002408600 solve_s=0.001630800 update_s=0.000233200 K_nnz=5523 rhs_cols=1 Vxx_nnz=2601
FILTERDDP_TIMING iteration=3 barrier_iteration=2 stage=7 derivative_s=0.000524400 first_order_s=0.000245400 second_order_s=0.000238200 algebra_s=0.001264000 kkt_assembly_s=0.000168300 factor_s=0.002376000 solve_s=0.001530500 update_s=0.000231900 K_nnz=5523 rhs_cols=1 Vxx_nnz=2601
FILTERDDP_TIMING iteration=3 barrier_iteration=2 stage=6 derivative_s=0.000799200 first_order_s=0.000275200 second_order_s=0.000474400 algebra_s=0.001305800 kkt_assembly_s=0.000168900 factor_s=0.002728300 solve_s=0.001365700 update_s=0.000239400 K_nnz=5523 rhs_cols=1 Vxx_nnz=2601
FILTERDDP_TIMING iteration=3 barrier_iteration=2 stage=5 derivative_s=0.000485400 first_order_s=0.000228400 second_order_s=0.000215400 algebra_s=0.001177600 kkt_assembly_s=0.000204800 factor_s=0.002678600 solve_s=0.001312500 update_s=0.000187200 K_nnz=5523 rhs_cols=1 Vxx_nnz=2601
FILTERDDP_TIMING iteration=3 barrier_iteration=2 stage=4 derivative_s=0.000659700 first_order_s=0.000393500 second_order_s=0.000226400 algebra_s=0.000891500 kkt_assembly_s=0.000171700 factor_s=0.002520100 solve_s=0.001525000 update_s=0.000218300 K_nnz=5523 rhs_cols=1 Vxx_nnz=2601
FILTERDDP_TIMING iteration=3 barrier_iteration=2 stage=3 derivative_s=0.000507000 first_order_s=0.000218700 second_order_s=0.000245700 algebra_s=0.001069600 kkt_assembly_s=0.000164600 factor_s=0.002469100 solve_s=0.001373700 update_s=0.000292100 K_nnz=5523 rhs_cols=1 Vxx_nnz=2601
FILTERDDP_TIMING iteration=3 barrier_iteration=2 stage=2 derivative_s=0.000913300 first_order_s=0.000295800 second_order_s=0.000565100 algebra_s=0.001073000 kkt_assembly_s=0.000151000 factor_s=0.002346500 solve_s=0.001424100 update_s=0.000201100 K_nnz=5523 rhs_cols=1 Vxx_nnz=2601
FILTERDDP_TIMING iteration=3 barrier_iteration=2 stage=1 derivative_s=0.000520400 first_order_s=0.000230500 second_order_s=0.000246300 algebra_s=0.001199900 kkt_assembly_s=0.000163900 factor_s=0.002415400 solve_s=0.001245200 update_s=0.000230700 K_nnz=5523 rhs_cols=1 Vxx_nnz=2601
FILTERDDP_FEASIBILITY iteration=3 barrier_iteration=2 equality_count=13488 equality_rms=3.912180166873e-03 equality_max=7.617036742943e-02 equality_worst_stage=18 equality_worst_index=384 dynamics_count=1173 dynamics_rms=2.197308619324e-18 dynamics_max=6.938893903907e-18 dynamics_worst_stage=23 dynamics_worst_index=15 bound_count=13440 bound_rms=0.000000000000e+00 bound_max=0.000000000000e+00 bound_worst_stage=0 bound_worst_index=0 bound_worst_kind=none
     3   4.18130200e+03   7.6170e-02   1.2382e+00   1.9218e+00   -1.40      -     9.9002e-01   0
FILTERDDP_ITER_TIMING iteration=3 barrier_iteration=2 backward_s=0.150368800 forward_s=0.012834700 total_s=0.163203500 outcome=accepted step_size=8.302992518e-01 backtracks=0 mu=4.000000000e-02
FILTERDDP_TIMING iteration=4 barrier_iteration=2 stage=24 derivative_s=0.000604600 first_order_s=0.000207900 second_order_s=0.000339500 algebra_s=0.001208700 kkt_assembly_s=0.000169800 factor_s=0.002249500 solve_s=0.001299200 update_s=0.000194600 K_nnz=5523 rhs_cols=1 Vxx_nnz=2601
FILTERDDP_TIMING iteration=4 barrier_iteration=2 stage=23 derivative_s=0.000633200 first_order_s=0.000356400 second_order_s=0.000209600 algebra_s=0.001321700 kkt_assembly_s=0.000150400 factor_s=0.002318300 solve_s=0.001303800 update_s=0.000212000 K_nnz=5523 rhs_cols=1 Vxx_nnz=2601
FILTERDDP_TIMING iteration=4 barrier_iteration=2 stage=22 derivative_s=0.000469400 first_order_s=0.000209900 second_order_s=0.000217600 algebra_s=0.001461900 kkt_assembly_s=0.000166800 factor_s=0.002505100 solve_s=0.001338400 update_s=0.000313500 K_nnz=5523 rhs_cols=1 Vxx_nnz=2601
FILTERDDP_TIMING iteration=4 barrier_iteration=2 stage=21 derivative_s=0.000742500 first_order_s=0.000215700 second_order_s=0.000479800 algebra_s=0.000961500 kkt_assembly_s=0.000158100 factor_s=0.002456300 solve_s=0.001457200 update_s=0.000476500 K_nnz=5523 rhs_cols=1 Vxx_nnz=2601
FILTERDDP_TIMING iteration=4 barrier_iteration=2 stage=20 derivative_s=0.000513200 first_order_s=0.000264400 second_order_s=0.000208700 algebra_s=0.001105500 kkt_assembly_s=0.000151800 factor_s=0.002532100 solve_s=0.001367600 update_s=0.000222600 K_nnz=5523 rhs_cols=1 Vxx_nnz=2601
FILTERDDP_TIMING iteration=4 barrier_iteration=2 stage=19 derivative_s=0.000678700 first_order_s=0.000342200 second_order_s=0.000268500 algebra_s=0.001269700 kkt_assembly_s=0.000140000 factor_s=0.002323600 solve_s=0.001177700 update_s=0.000166200 K_nnz=5523 rhs_cols=1 Vxx_nnz=2601
FILTERDDP_TIMING iteration=4 barrier_iteration=2 stage=18 derivative_s=0.000444900 first_order_s=0.000195500 second_order_s=0.000197300 algebra_s=0.001239300 kkt_assembly_s=0.000177900 factor_s=0.002586800 solve_s=0.001073800 update_s=0.000160100 K_nnz=5523 rhs_cols=1 Vxx_nnz=2601
FILTERDDP_TIMING iteration=4 barrier_iteration=2 stage=17 derivative_s=0.000885700 first_order_s=0.000195100 second_order_s=0.000653000 algebra_s=0.000849900 kkt_assembly_s=0.000149000 factor_s=0.002221000 solve_s=0.001285100 update_s=0.000336300 K_nnz=5523 rhs_cols=1 Vxx_nnz=2601
FILTERDDP_TIMING iteration=4 barrier_iteration=2 stage=16 derivative_s=0.000451800 first_order_s=0.000207400 second_order_s=0.000208300 algebra_s=0.001085200 kkt_assembly_s=0.000141100 factor_s=0.002526800 solve_s=0.001037000 update_s=0.000176200 K_nnz=5523 rhs_cols=1 Vxx_nnz=2601
FILTERDDP_TIMING iteration=4 barrier_iteration=2 stage=15 derivative_s=0.000589100 first_order_s=0.000262300 second_order_s=0.000286500 algebra_s=0.001211900 kkt_assembly_s=0.000181600 factor_s=0.002656300 solve_s=0.001634500 update_s=0.000219400 K_nnz=5523 rhs_cols=1 Vxx_nnz=2601
FILTERDDP_TIMING iteration=4 barrier_iteration=2 stage=14 derivative_s=0.000655200 first_order_s=0.000322600 second_order_s=0.000274600 algebra_s=0.001402800 kkt_assembly_s=0.000190800 factor_s=0.003489700 solve_s=0.001479000 update_s=0.000217800 K_nnz=5523 rhs_cols=1 Vxx_nnz=2601
FILTERDDP_TIMING iteration=4 barrier_iteration=2 stage=13 derivative_s=0.001305400 first_order_s=0.000302900 second_order_s=0.000900500 algebra_s=0.001096900 kkt_assembly_s=0.000187000 factor_s=0.003192300 solve_s=0.001479000 update_s=0.000432500 K_nnz=5523 rhs_cols=1 Vxx_nnz=2601
FILTERDDP_TIMING iteration=4 barrier_iteration=2 stage=12 derivative_s=0.000627800 first_order_s=0.000293800 second_order_s=0.000279700 algebra_s=0.001410000 kkt_assembly_s=0.000179100 factor_s=0.002478800 solve_s=0.001468900 update_s=0.000169300 K_nnz=5523 rhs_cols=1 Vxx_nnz=2601
FILTERDDP_TIMING iteration=4 barrier_iteration=2 stage=11 derivative_s=0.000455100 first_order_s=0.000206900 second_order_s=0.000196500 algebra_s=0.001098600 kkt_assembly_s=0.000145000 factor_s=0.002990500 solve_s=0.001436900 update_s=0.000169700 K_nnz=5523 rhs_cols=1 Vxx_nnz=2601
FILTERDDP_TIMING iteration=4 barrier_iteration=2 stage=10 derivative_s=0.000637900 first_order_s=0.000274000 second_order_s=0.000305300 algebra_s=0.001538300 kkt_assembly_s=0.000183200 factor_s=0.003523300 solve_s=0.001528100 update_s=0.000238400 K_nnz=5523 rhs_cols=1 Vxx_nnz=2601
FILTERDDP_TIMING iteration=4 barrier_iteration=2 stage=9 derivative_s=0.001238300 first_order_s=0.000353200 second_order_s=0.000790600 algebra_s=0.001704200 kkt_assembly_s=0.000194500 factor_s=0.002648000 solve_s=0.001551200 update_s=0.000494800 K_nnz=5523 rhs_cols=1 Vxx_nnz=2601
FILTERDDP_TIMING iteration=4 barrier_iteration=2 stage=8 derivative_s=0.000869000 first_order_s=0.000566600 second_order_s=0.000235400 algebra_s=0.001306900 kkt_assembly_s=0.000172600 factor_s=0.002852600 solve_s=0.001153500 update_s=0.000147500 K_nnz=5523 rhs_cols=1 Vxx_nnz=2601
FILTERDDP_TIMING iteration=4 barrier_iteration=2 stage=7 derivative_s=0.000343300 first_order_s=0.000149800 second_order_s=0.000162300 algebra_s=0.000774200 kkt_assembly_s=0.000118500 factor_s=0.002019900 solve_s=0.001053400 update_s=0.000177800 K_nnz=5523 rhs_cols=1 Vxx_nnz=2601
FILTERDDP_TIMING iteration=4 barrier_iteration=2 stage=6 derivative_s=0.000468500 first_order_s=0.000226900 second_order_s=0.000188000 algebra_s=0.001162300 kkt_assembly_s=0.000160100 factor_s=0.002326700 solve_s=0.001352900 update_s=0.000185900 K_nnz=5523 rhs_cols=1 Vxx_nnz=2601
FILTERDDP_TIMING iteration=4 barrier_iteration=2 stage=5 derivative_s=0.000652900 first_order_s=0.000200000 second_order_s=0.000397900 algebra_s=0.000990500 kkt_assembly_s=0.000153500 factor_s=0.002467300 solve_s=0.001118800 update_s=0.000362000 K_nnz=5523 rhs_cols=1 Vxx_nnz=2601
FILTERDDP_TIMING iteration=4 barrier_iteration=2 stage=4 derivative_s=0.000452200 first_order_s=0.000214000 second_order_s=0.000198000 algebra_s=0.001111100 kkt_assembly_s=0.000163900 factor_s=0.002426800 solve_s=0.001215300 update_s=0.000183700 K_nnz=5523 rhs_cols=1 Vxx_nnz=2601
FILTERDDP_TIMING iteration=4 barrier_iteration=2 stage=3 derivative_s=0.000503600 first_order_s=0.000214500 second_order_s=0.000231900 algebra_s=0.001212800 kkt_assembly_s=0.000200000 factor_s=0.003158200 solve_s=0.001584600 update_s=0.000220400 K_nnz=5523 rhs_cols=1 Vxx_nnz=2601
FILTERDDP_TIMING iteration=4 barrier_iteration=2 stage=2 derivative_s=0.000579100 first_order_s=0.000287700 second_order_s=0.000237800 algebra_s=0.001399300 kkt_assembly_s=0.000197000 factor_s=0.002977800 solve_s=0.001205000 update_s=0.000215300 K_nnz=5523 rhs_cols=1 Vxx_nnz=2601
FILTERDDP_TIMING iteration=4 barrier_iteration=2 stage=1 derivative_s=0.000711100 first_order_s=0.000227600 second_order_s=0.000407400 algebra_s=0.054247200 kkt_assembly_s=0.000077300 factor_s=0.000966600 solve_s=0.000730800 update_s=0.000096500 K_nnz=5523 rhs_cols=1 Vxx_nnz=2601
FILTERDDP_FEASIBILITY iteration=4 barrier_iteration=2 equality_count=13488 equality_rms=7.150574483426e-03 equality_max=8.587535962988e-02 equality_worst_stage=8 equality_worst_index=509 dynamics_count=1173 dynamics_rms=2.046168181487e-18 dynamics_max=6.938893903907e-18 dynamics_worst_stage=23 dynamics_worst_index=25 bound_count=13440 bound_rms=0.000000000000e+00 bound_max=0.000000000000e+00 bound_worst_stage=0 bound_worst_index=0 bound_worst_kind=none
     4   3.80789254e+03   8.5875e-02   6.9162e-01   6.4065e-01   -1.40      -     8.3030e-01   0
FILTERDDP_ITER_TIMING iteration=4 barrier_iteration=2 backward_s=0.202055900 forward_s=0.004288400 total_s=0.206344300 outcome=accepted step_size=1.000000000e+00 backtracks=0 mu=4.000000000e-02
FILTERDDP_TIMING iteration=5 barrier_iteration=2 stage=24 derivative_s=0.000171500 first_order_s=0.000064700 second_order_s=0.000079700 algebra_s=0.000231600 kkt_assembly_s=0.000066600 factor_s=0.000817100 solve_s=0.000782800 update_s=0.000094100 K_nnz=5523 rhs_cols=1 Vxx_nnz=2601
FILTERDDP_TIMING iteration=5 barrier_iteration=2 stage=23 derivative_s=0.000276600 first_order_s=0.000144100 second_order_s=0.000093500 algebra_s=0.000349800 kkt_assembly_s=0.000095300 factor_s=0.001540200 solve_s=0.000749600 update_s=0.000090400 K_nnz=5523 rhs_cols=1 Vxx_nnz=2601
FILTERDDP_TIMING iteration=5 barrier_iteration=2 stage=22 derivative_s=0.000251700 first_order_s=0.000132300 second_order_s=0.000084200 algebra_s=0.000333400 kkt_assembly_s=0.000092600 factor_s=0.001547300 solve_s=0.000774600 update_s=0.000103300 K_nnz=5523 rhs_cols=1 Vxx_nnz=2601
FILTERDDP_TIMING iteration=5 barrier_iteration=2 stage=21 derivative_s=0.000289000 first_order_s=0.000144500 second_order_s=0.000104000 algebra_s=0.000533200 kkt_assembly_s=0.000127300 factor_s=0.002834400 solve_s=0.000981700 update_s=0.000103200 K_nnz=5523 rhs_cols=1 Vxx_nnz=2601
FILTERDDP_TIMING iteration=5 barrier_iteration=2 stage=20 derivative_s=0.000278900 first_order_s=0.000137100 second_order_s=0.000102900 algebra_s=0.000484500 kkt_assembly_s=0.000102500 factor_s=0.001909700 solve_s=0.000844300 update_s=0.000115700 K_nnz=5523 rhs_cols=1 Vxx_nnz=2601
FILTERDDP_TIMING iteration=5 barrier_iteration=2 stage=19 derivative_s=0.000424800 first_order_s=0.000217400 second_order_s=0.000145500 algebra_s=0.000666700 kkt_assembly_s=0.000132500 factor_s=0.003053700 solve_s=0.001041400 update_s=0.000101500 K_nnz=5523 rhs_cols=1 Vxx_nnz=2601
FILTERDDP_TIMING iteration=5 barrier_iteration=2 stage=18 derivative_s=0.000364200 first_order_s=0.000203400 second_order_s=0.000120900 algebra_s=0.000463800 kkt_assembly_s=0.000101000 factor_s=0.002781000 solve_s=0.001084200 update_s=0.000125700 K_nnz=5523 rhs_cols=1 Vxx_nnz=2601
FILTERDDP_TIMING iteration=5 barrier_iteration=2 stage=17 derivative_s=0.000422500 first_order_s=0.000210800 second_order_s=0.000157700 algebra_s=0.000641800 kkt_assembly_s=0.000130300 factor_s=0.002953000 solve_s=0.000983500 update_s=0.000126000 K_nnz=5523 rhs_cols=1 Vxx_nnz=2601
FILTERDDP_TIMING iteration=5 barrier_iteration=2 stage=16 derivative_s=0.000404200 first_order_s=0.000206700 second_order_s=0.000143000 algebra_s=0.000661900 kkt_assembly_s=0.000128600 factor_s=0.002942100 solve_s=0.001242400 update_s=0.000132500 K_nnz=5523 rhs_cols=1 Vxx_nnz=2601
FILTERDDP_TIMING iteration=5 barrier_iteration=2 stage=15 derivative_s=0.000394900 first_order_s=0.000203100 second_order_s=0.000136500 algebra_s=0.000541300 kkt_assembly_s=0.000100500 factor_s=0.001961200 solve_s=0.001102000 update_s=0.000126600 K_nnz=5523 rhs_cols=1 Vxx_nnz=2601
FILTERDDP_TIMING iteration=5 barrier_iteration=2 stage=14 derivative_s=0.000401900 first_order_s=0.000204700 second_order_s=0.000145200 algebra_s=0.000648500 kkt_assembly_s=0.000128200 factor_s=0.002909300 solve_s=0.001071300 update_s=0.000096300 K_nnz=5523 rhs_cols=1 Vxx_nnz=2601
FILTERDDP_TIMING iteration=5 barrier_iteration=2 stage=13 derivative_s=0.000274100 first_order_s=0.000137400 second_order_s=0.000101300 algebra_s=0.000477300 kkt_assembly_s=0.000099900 factor_s=0.001832300 solve_s=0.000911100 update_s=0.000149400 K_nnz=5523 rhs_cols=1 Vxx_nnz=2601
FILTERDDP_TIMING iteration=5 barrier_iteration=2 stage=12 derivative_s=0.000381500 first_order_s=0.000195800 second_order_s=0.000135200 algebra_s=0.000630500 kkt_assembly_s=0.000123500 factor_s=0.002680300 solve_s=0.000911400 update_s=0.000059100 K_nnz=5523 rhs_cols=1 Vxx_nnz=2601
FILTERDDP_TIMING iteration=5 barrier_iteration=2 stage=11 derivative_s=0.000147600 first_order_s=0.000073100 second_order_s=0.000056100 algebra_s=0.000210900 kkt_assembly_s=0.000056400 factor_s=0.000885500 solve_s=0.000612500 update_s=0.000096000 K_nnz=5523 rhs_cols=1 Vxx_nnz=2601
FILTERDDP_TIMING iteration=5 barrier_iteration=2 stage=10 derivative_s=0.000296400 first_order_s=0.000149000 second_order_s=0.000106700 algebra_s=0.000460100 kkt_assembly_s=0.000098500 factor_s=0.002129300 solve_s=0.000840600 update_s=0.000096800 K_nnz=5523 rhs_cols=1 Vxx_nnz=2601
FILTERDDP_TIMING iteration=5 barrier_iteration=2 stage=9 derivative_s=0.000306800 first_order_s=0.000160800 second_order_s=0.000106000 algebra_s=0.000464500 kkt_assembly_s=0.000098800 factor_s=0.002114000 solve_s=0.000957400 update_s=0.000099600 K_nnz=5523 rhs_cols=1 Vxx_nnz=2601
FILTERDDP_TIMING iteration=5 barrier_iteration=2 stage=8 derivative_s=0.000277700 first_order_s=0.000137500 second_order_s=0.000104000 algebra_s=0.000457300 kkt_assembly_s=0.000099600 factor_s=0.001845100 solve_s=0.000845200 update_s=0.000072800 K_nnz=5523 rhs_cols=1 Vxx_nnz=2601
FILTERDDP_TIMING iteration=5 barrier_iteration=2 stage=7 derivative_s=0.000215900 first_order_s=0.000117000 second_order_s=0.000072700 algebra_s=0.000305300 kkt_assembly_s=0.000099900 factor_s=0.001129200 solve_s=0.000601100 update_s=0.000075800 K_nnz=5523 rhs_cols=1 Vxx_nnz=2601
FILTERDDP_TIMING iteration=5 barrier_iteration=2 stage=6 derivative_s=0.000219200 first_order_s=0.000107200 second_order_s=0.000077800 algebra_s=0.000395400 kkt_assembly_s=0.000077000 factor_s=0.001360500 solve_s=0.000755300 update_s=0.000112300 K_nnz=5523 rhs_cols=1 Vxx_nnz=2601
FILTERDDP_TIMING iteration=5 barrier_iteration=2 stage=5 derivative_s=0.000306700 first_order_s=0.000173900 second_order_s=0.000098000 algebra_s=0.000361100 kkt_assembly_s=0.000101500 factor_s=0.002375200 solve_s=0.001029400 update_s=0.000100300 K_nnz=5523 rhs_cols=1 Vxx_nnz=2601
FILTERDDP_TIMING iteration=5 barrier_iteration=2 stage=4 derivative_s=0.000291900 first_order_s=0.000136000 second_order_s=0.000119900 algebra_s=0.000461800 kkt_assembly_s=0.000098300 factor_s=0.002225600 solve_s=0.001143000 update_s=0.000057400 K_nnz=5523 rhs_cols=1 Vxx_nnz=2601
FILTERDDP_TIMING iteration=5 barrier_iteration=2 stage=3 derivative_s=0.000142600 first_order_s=0.000063800 second_order_s=0.000046800 algebra_s=0.000171500 kkt_assembly_s=0.000062600 factor_s=0.000669400 solve_s=0.000728800 update_s=0.000100000 K_nnz=5523 rhs_cols=1 Vxx_nnz=2601
FILTERDDP_TIMING iteration=5 barrier_iteration=2 stage=2 derivative_s=0.000263700 first_order_s=0.000141300 second_order_s=0.000093000 algebra_s=0.000402800 kkt_assembly_s=0.000099500 factor_s=0.001604600 solve_s=0.000709800 update_s=0.000099800 K_nnz=5523 rhs_cols=1 Vxx_nnz=2601
FILTERDDP_TIMING iteration=5 barrier_iteration=2 stage=1 derivative_s=0.000278600 first_order_s=0.000139700 second_order_s=0.000102100 algebra_s=0.000461300 kkt_assembly_s=0.000102000 factor_s=0.002056800 solve_s=0.000891900 update_s=0.000089200 K_nnz=5523 rhs_cols=1 Vxx_nnz=2601
FILTERDDP_FEASIBILITY iteration=5 barrier_iteration=2 equality_count=13488 equality_rms=1.205628251650e-01 equality_max=1.623893783377e+00 equality_worst_stage=24 equality_worst_index=509 dynamics_count=1173 dynamics_rms=0.000000000000e+00 dynamics_max=0.000000000000e+00 dynamics_worst_stage=0 dynamics_worst_index=0 bound_count=13440 bound_rms=0.000000000000e+00 bound_max=0.000000000000e+00 bound_worst_stage=0 bound_worst_index=0 bound_worst_kind=none
     5   3.13837438e+03   1.6239e+00   1.4832e-01   1.0660e-01   -1.40      -     1.0000e+00   0
FILTERDDP_ITER_TIMING iteration=5 barrier_iteration=2 backward_s=0.093761800 forward_s=0.008529600 total_s=0.102291400 outcome=accepted step_size=1.000000000e+00 backtracks=0 mu=4.000000000e-02
FILTERDDP_TIMING iteration=6 barrier_iteration=2 stage=24 derivative_s=0.000381100 first_order_s=0.000173200 second_order_s=0.000145500 algebra_s=0.000716100 kkt_assembly_s=0.000104300 factor_s=0.001849700 solve_s=0.001018800 update_s=0.000113500 K_nnz=5523 rhs_cols=1 Vxx_nnz=2601
FILTERDDP_TIMING iteration=6 barrier_iteration=2 stage=23 derivative_s=0.000366000 first_order_s=0.000196500 second_order_s=0.000121200 algebra_s=0.000525800 kkt_assembly_s=0.000112700 factor_s=0.002215300 solve_s=0.000862600 update_s=0.000081800 K_nnz=5523 rhs_cols=1 Vxx_nnz=2601
FILTERDDP_TIMING iteration=6 barrier_iteration=2 stage=22 derivative_s=0.000235500 first_order_s=0.000121700 second_order_s=0.000082100 algebra_s=0.000317000 kkt_assembly_s=0.000063500 factor_s=0.001455100 solve_s=0.000703900 update_s=0.000056900 K_nnz=5523 rhs_cols=1 Vxx_nnz=2601
FILTERDDP_TIMING iteration=6 barrier_iteration=2 stage=21 derivative_s=0.000143500 first_order_s=0.000071800 second_order_s=0.000053500 algebra_s=0.000208400 kkt_assembly_s=0.000056000 factor_s=0.000865100 solve_s=0.000624800 update_s=0.000098600 K_nnz=5523 rhs_cols=1 Vxx_nnz=2601
FILTERDDP_TIMING iteration=6 barrier_iteration=2 stage=20 derivative_s=0.000281500 first_order_s=0.000143900 second_order_s=0.000102600 algebra_s=0.000458300 kkt_assembly_s=0.000100900 factor_s=0.002114600 solve_s=0.000931900 update_s=0.000156500 K_nnz=5523 rhs_cols=1 Vxx_nnz=2601
FILTERDDP_TIMING iteration=6 barrier_iteration=2 stage=19 derivative_s=0.000415200 first_order_s=0.000219300 second_order_s=0.000143900 algebra_s=0.000604400 kkt_assembly_s=0.000130100 factor_s=0.002933100 solve_s=0.000981400 update_s=0.000068800 K_nnz=5523 rhs_cols=1 Vxx_nnz=2601
FILTERDDP_TIMING iteration=6 barrier_iteration=2 stage=18 derivative_s=0.000173300 first_order_s=0.000087200 second_order_s=0.000063500 algebra_s=0.000259800 kkt_assembly_s=0.000065500 factor_s=0.001263500 solve_s=0.000760600 update_s=0.000066900 K_nnz=5523 rhs_cols=1 Vxx_nnz=2601
FILTERDDP_TIMING iteration=6 barrier_iteration=2 stage=17 derivative_s=0.000175600 first_order_s=0.000089000 second_order_s=0.000064400 algebra_s=0.000321000 kkt_assembly_s=0.000085800 factor_s=0.001532500 solve_s=0.000783600 update_s=0.000125400 K_nnz=5523 rhs_cols=1 Vxx_nnz=2601
FILTERDDP_TIMING iteration=6 barrier_iteration=2 stage=16 derivative_s=0.000280300 first_order_s=0.000143000 second_order_s=0.000101900 algebra_s=0.000493800 kkt_assembly_s=0.000098900 factor_s=0.001950800 solve_s=0.000948600 update_s=0.000148600 K_nnz=5523 rhs_cols=1 Vxx_nnz=2601
FILTERDDP_TIMING iteration=6 barrier_iteration=2 stage=15 derivative_s=0.000410600 first_order_s=0.000202500 second_order_s=0.000153500 algebra_s=0.000669700 kkt_assembly_s=0.000131300 factor_s=0.002935400 solve_s=0.001059900 update_s=0.000101800 K_nnz=5523 rhs_cols=1 Vxx_nnz=2601
FILTERDDP_TIMING iteration=6 barrier_iteration=2 stage=14 derivative_s=0.000275200 first_order_s=0.000136400 second_order_s=0.000103300 algebra_s=0.000475800 kkt_assembly_s=0.000097400 factor_s=0.002026300 solve_s=0.001001800 update_s=0.000132900 K_nnz=5523 rhs_cols=1 Vxx_nnz=2601
FILTERDDP_TIMING iteration=6 barrier_iteration=2 stage=13 derivative_s=0.000284100 first_order_s=0.000140700 second_order_s=0.000104700 algebra_s=0.000463200 kkt_assembly_s=0.000121900 factor_s=0.002911000 solve_s=0.001229700 update_s=0.000125800 K_nnz=5523 rhs_cols=1 Vxx_nnz=2601
FILTERDDP_TIMING iteration=6 barrier_iteration=2 stage=12 derivative_s=0.000424900 first_order_s=0.000214100 second_order_s=0.000156300 algebra_s=0.000616500 kkt_assembly_s=0.000129700 factor_s=0.002982200 solve_s=0.001042800 update_s=0.000100300 K_nnz=5523 rhs_cols=1 Vxx_nnz=2601
FILTERDDP_TIMING iteration=6 barrier_iteration=2 stage=11 derivative_s=0.000283800 first_order_s=0.000142600 second_order_s=0.000105300 algebra_s=0.000458700 kkt_assembly_s=0.000100200 factor_s=0.002103000 solve_s=0.000820500 update_s=0.000119800 K_nnz=5523 rhs_cols=1 Vxx_nnz=2601
FILTERDDP_TIMING iteration=6 barrier_iteration=2 stage=10 derivative_s=0.000283900 first_order_s=0.000143000 second_order_s=0.000102100 algebra_s=0.000463200 kkt_assembly_s=0.000101200 factor_s=0.002100600 solve_s=0.001077200 update_s=0.000132300 K_nnz=5523 rhs_cols=1 Vxx_nnz=2601
FILTERDDP_TIMING iteration=6 barrier_iteration=2 stage=9 derivative_s=0.000428000 first_order_s=0.000212200 second_order_s=0.000158800 algebra_s=0.000682800 kkt_assembly_s=0.000138900 factor_s=0.003059400 solve_s=0.001077600 update_s=0.000100700 K_nnz=5523 rhs_cols=1 Vxx_nnz=2601
FILTERDDP_TIMING iteration=6 barrier_iteration=2 stage=8 derivative_s=0.000322600 first_order_s=0.000176700 second_order_s=0.000106600 algebra_s=0.000457700 kkt_assembly_s=0.000098600 factor_s=0.002530200 solve_s=0.000971800 update_s=0.000115100 K_nnz=5523 rhs_cols=1 Vxx_nnz=2601
FILTERDDP_TIMING iteration=6 barrier_iteration=2 stage=7 derivative_s=0.000340300 first_order_s=0.000170200 second_order_s=0.000116900 algebra_s=0.000540200 kkt_assembly_s=0.000101300 factor_s=0.003017400 solve_s=0.000975100 update_s=0.000077700 K_nnz=5523 rhs_cols=1 Vxx_nnz=2601
FILTERDDP_TIMING iteration=6 barrier_iteration=2 stage=6 derivative_s=0.000202700 first_order_s=0.000102200 second_order_s=0.000073900 algebra_s=0.000304500 kkt_assembly_s=0.000091800 factor_s=0.001402500 solve_s=0.000851300 update_s=0.000107200 K_nnz=5523 rhs_cols=1 Vxx_nnz=2601
FILTERDDP_TIMING iteration=6 barrier_iteration=2 stage=5 derivative_s=0.000332900 first_order_s=0.000168200 second_order_s=0.000122400 algebra_s=0.000507700 kkt_assembly_s=0.000105000 factor_s=0.002309400 solve_s=0.001106000 update_s=0.000099200 K_nnz=5523 rhs_cols=1 Vxx_nnz=2601
FILTERDDP_TIMING iteration=6 barrier_iteration=2 stage=4 derivative_s=0.000266000 first_order_s=0.000131100 second_order_s=0.000100400 algebra_s=0.000445500 kkt_assembly_s=0.000095700 factor_s=0.001732300 solve_s=0.000811100 update_s=0.000091900 K_nnz=5523 rhs_cols=1 Vxx_nnz=2601
FILTERDDP_TIMING iteration=6 barrier_iteration=2 stage=3 derivative_s=0.000249700 first_order_s=0.000120000 second_order_s=0.000097200 algebra_s=0.000392300 kkt_assembly_s=0.000090000 factor_s=0.001599700 solve_s=0.000817500 update_s=0.000102700 K_nnz=5523 rhs_cols=1 Vxx_nnz=2601
FILTERDDP_TIMING iteration=6 barrier_iteration=2 stage=2 derivative_s=0.000282900 first_order_s=0.000141600 second_order_s=0.000105600 algebra_s=0.000466400 kkt_assembly_s=0.000101600 factor_s=0.001860600 solve_s=0.000912700 update_s=0.000107000 K_nnz=5523 rhs_cols=1 Vxx_nnz=2601
FILTERDDP_TIMING iteration=6 barrier_iteration=2 stage=1 derivative_s=0.000281600 first_order_s=0.000138800 second_order_s=0.000106300 algebra_s=0.000651200 kkt_assembly_s=0.000104500 factor_s=0.001854800 solve_s=0.000844500 update_s=0.000100000 K_nnz=5523 rhs_cols=1 Vxx_nnz=2601
FILTERDDP_FEASIBILITY iteration=6 barrier_iteration=2 equality_count=13488 equality_rms=8.385329750621e-01 equality_max=1.493720362470e+01 equality_worst_stage=18 equality_worst_index=509 dynamics_count=1173 dynamics_rms=0.000000000000e+00 dynamics_max=0.000000000000e+00 dynamics_worst_stage=0 dynamics_worst_index=0 bound_count=13440 bound_rms=0.000000000000e+00 bound_max=0.000000000000e+00 bound_worst_stage=0 bound_worst_index=0 bound_worst_kind=none
     6   3.06898280e+03   1.4937e+01   1.4662e-02   4.7436e-02   -1.40      -     1.0000e+00   0
FILTERDDP_ITER_TIMING iteration=6 barrier_iteration=2 backward_s=0.097825200 forward_s=0.009847400 total_s=0.107672600 outcome=accepted step_size=1.000000000e+00 backtracks=0 mu=4.000000000e-02
FILTERDDP_TIMING iteration=7 barrier_iteration=2 stage=24 derivative_s=0.000289900 first_order_s=0.000125300 second_order_s=0.000129100 algebra_s=0.000496900 kkt_assembly_s=0.000096600 factor_s=0.002007900 solve_s=0.000939800 update_s=0.000093500 K_nnz=5523 rhs_cols=1 Vxx_nnz=2601
FILTERDDP_TIMING iteration=7 barrier_iteration=2 stage=23 derivative_s=0.000280400 first_order_s=0.000144800 second_order_s=0.000101100 algebra_s=0.000418500 kkt_assembly_s=0.000096300 factor_s=0.001944900 solve_s=0.000972200 update_s=0.000106200 K_nnz=5523 rhs_cols=1 Vxx_nnz=2601
FILTERDDP_TIMING iteration=7 barrier_iteration=2 stage=22 derivative_s=0.000285000 first_order_s=0.000140500 second_order_s=0.000107700 algebra_s=0.000470900 kkt_assembly_s=0.000105000 factor_s=0.001863400 solve_s=0.000828500 update_s=0.000101000 K_nnz=5523 rhs_cols=1 Vxx_nnz=2601
FILTERDDP_TIMING iteration=7 barrier_iteration=2 stage=21 derivative_s=0.000316700 first_order_s=0.000156300 second_order_s=0.000121200 algebra_s=0.000468700 kkt_assembly_s=0.000102000 factor_s=0.001877300 solve_s=0.000783000 update_s=0.000070300 K_nnz=5523 rhs_cols=1 Vxx_nnz=2601
FILTERDDP_TIMING iteration=7 barrier_iteration=2 stage=20 derivative_s=0.000191400 first_order_s=0.000099700 second_order_s=0.000069900 algebra_s=0.000271100 kkt_assembly_s=0.000073200 factor_s=0.001179300 solve_s=0.000660800 update_s=0.000071400 K_nnz=5523 rhs_cols=1 Vxx_nnz=2601
FILTERDDP_TIMING iteration=7 barrier_iteration=2 stage=19 derivative_s=0.000210600 first_order_s=0.000117700 second_order_s=0.000069400 algebra_s=0.000275600 kkt_assembly_s=0.000101600 factor_s=0.001183700 solve_s=0.000811100 update_s=0.000107500 K_nnz=5523 rhs_cols=1 Vxx_nnz=2601
FILTERDDP_TIMING iteration=7 barrier_iteration=2 stage=18 derivative_s=0.000285900 first_order_s=0.000143400 second_order_s=0.000106100 algebra_s=0.000497300 kkt_assembly_s=0.000103300 factor_s=0.002115300 solve_s=0.000822700 update_s=0.000100600 K_nnz=5523 rhs_cols=1 Vxx_nnz=2601
FILTERDDP_TIMING iteration=7 barrier_iteration=2 stage=17 derivative_s=0.000281400 first_order_s=0.000140800 second_order_s=0.000105200 algebra_s=0.000468800 kkt_assembly_s=0.000101500 factor_s=0.001832000 solve_s=0.000809100 update_s=0.000068100 K_nnz=5523 rhs_cols=1 Vxx_nnz=2601
FILTERDDP_TIMING iteration=7 barrier_iteration=2 stage=16 derivative_s=0.000191500 first_order_s=0.000109400 second_order_s=0.000060400 algebra_s=0.000249000 kkt_assembly_s=0.000064300 factor_s=0.001027800 solve_s=0.000811400 update_s=0.000095400 K_nnz=5523 rhs_cols=1 Vxx_nnz=2601
FILTERDDP_TIMING iteration=7 barrier_iteration=2 stage=15 derivative_s=0.000248100 first_order_s=0.000123900 second_order_s=0.000091200 algebra_s=0.000423600 kkt_assembly_s=0.000092900 factor_s=0.001783200 solve_s=0.000844800 update_s=0.000115400 K_nnz=5523 rhs_cols=1 Vxx_nnz=2601
FILTERDDP_TIMING iteration=7 barrier_iteration=2 stage=14 derivative_s=0.000310900 first_order_s=0.000156400 second_order_s=0.000117300 algebra_s=0.000450400 kkt_assembly_s=0.000098500 factor_s=0.001853100 solve_s=0.000812400 update_s=0.000064300 K_nnz=5523 rhs_cols=1 Vxx_nnz=2601
FILTERDDP_TIMING iteration=7 barrier_iteration=2 stage=13 derivative_s=0.000176600 first_order_s=0.000092200 second_order_s=0.000063200 algebra_s=0.000246400 kkt_assembly_s=0.000066300 factor_s=0.001087700 solve_s=0.000654600 update_s=0.000063200 K_nnz=5523 rhs_cols=1 Vxx_nnz=2601
FILTERDDP_TIMING iteration=7 barrier_iteration=2 stage=12 derivative_s=0.000191500 first_order_s=0.000092600 second_order_s=0.000066900 algebra_s=0.000234000 kkt_assembly_s=0.000063200 factor_s=0.001034900 solve_s=0.000641100 update_s=0.000065100 K_nnz=5523 rhs_cols=1 Vxx_nnz=2601
FILTERDDP_TIMING iteration=7 barrier_iteration=2 stage=11 derivative_s=0.000166000 first_order_s=0.000086600 second_order_s=0.000059100 algebra_s=0.000245900 kkt_assembly_s=0.000065800 factor_s=0.001056900 solve_s=0.000764700 update_s=0.000098700 K_nnz=5523 rhs_cols=1 Vxx_nnz=2601
FILTERDDP_TIMING iteration=7 barrier_iteration=2 stage=10 derivative_s=0.000277800 first_order_s=0.000138500 second_order_s=0.000103400 algebra_s=0.000471000 kkt_assembly_s=0.000099700 factor_s=0.001817800 solve_s=0.000791500 update_s=0.000063100 K_nnz=5523 rhs_cols=1 Vxx_nnz=2601
FILTERDDP_TIMING iteration=7 barrier_iteration=2 stage=9 derivative_s=0.000170500 first_order_s=0.000088700 second_order_s=0.000061700 algebra_s=0.000258000 kkt_assembly_s=0.000059400 factor_s=0.001051200 solve_s=0.000787600 update_s=0.000099200 K_nnz=5523 rhs_cols=1 Vxx_nnz=2601
FILTERDDP_TIMING iteration=7 barrier_iteration=2 stage=8 derivative_s=0.000281200 first_order_s=0.000139100 second_order_s=0.000106400 algebra_s=0.000460600 kkt_assembly_s=0.000114100 factor_s=0.002763100 solve_s=0.000800300 update_s=0.000073200 K_nnz=5523 rhs_cols=1 Vxx_nnz=2601
FILTERDDP_TIMING iteration=7 barrier_iteration=2 stage=7 derivative_s=0.015864600 first_order_s=0.000115000 second_order_s=0.015679600 algebra_s=0.000696300 kkt_assembly_s=0.000139700 factor_s=0.003188500 solve_s=0.001239700 update_s=0.000098200 K_nnz=5523 rhs_cols=1 Vxx_nnz=2601
FILTERDDP_TIMING iteration=7 barrier_iteration=2 stage=6 derivative_s=0.000274000 first_order_s=0.000134200 second_order_s=0.000101600 algebra_s=0.000452500 kkt_assembly_s=0.000097800 factor_s=0.003116300 solve_s=0.001063100 update_s=0.000125600 K_nnz=5523 rhs_cols=1 Vxx_nnz=2601
FILTERDDP_TIMING iteration=7 barrier_iteration=2 stage=5 derivative_s=0.000339100 first_order_s=0.000168900 second_order_s=0.000122500 algebra_s=0.000456700 kkt_assembly_s=0.000099400 factor_s=0.001881500 solve_s=0.000858700 update_s=0.000096200 K_nnz=5523 rhs_cols=1 Vxx_nnz=2601
FILTERDDP_TIMING iteration=7 barrier_iteration=2 stage=4 derivative_s=0.000270400 first_order_s=0.000132600 second_order_s=0.000102600 algebra_s=0.000444700 kkt_assembly_s=0.000095900 factor_s=0.001833600 solve_s=0.000894600 update_s=0.000125800 K_nnz=5523 rhs_cols=1 Vxx_nnz=2601
FILTERDDP_TIMING iteration=7 barrier_iteration=2 stage=3 derivative_s=0.000424200 first_order_s=0.000211300 second_order_s=0.000162800 algebra_s=0.000635800 kkt_assembly_s=0.000133300 factor_s=0.002712500 solve_s=0.000990100 update_s=0.000094700 K_nnz=5523 rhs_cols=1 Vxx_nnz=2601
FILTERDDP_TIMING iteration=7 barrier_iteration=2 stage=2 derivative_s=0.000272100 first_order_s=0.000134800 second_order_s=0.000100500 algebra_s=0.000449900 kkt_assembly_s=0.000097500 factor_s=0.001909000 solve_s=0.000984800 update_s=0.000127300 K_nnz=5523 rhs_cols=1 Vxx_nnz=2601
FILTERDDP_TIMING iteration=7 barrier_iteration=2 stage=1 derivative_s=0.000420300 first_order_s=0.000206100 second_order_s=0.000164800 algebra_s=0.000642900 kkt_assembly_s=0.000126800 factor_s=0.003141400 solve_s=0.001031100 update_s=0.000125400 K_nnz=5523 rhs_cols=1 Vxx_nnz=2601
FILTERDDP_FEASIBILITY iteration=7 barrier_iteration=2 equality_count=13488 equality_rms=1.760119192114e-03 equality_max=6.458853860886e-02 equality_worst_stage=18 equality_worst_index=509 dynamics_count=1173 dynamics_rms=0.000000000000e+00 dynamics_max=0.000000000000e+00 dynamics_worst_stage=0 dynamics_worst_index=0 bound_count=13440 bound_rms=0.000000000000e+00 bound_max=0.000000000000e+00 bound_worst_stage=0 bound_worst_index=0 bound_worst_kind=none
FILTERDDP_ITER_TIMING iteration=7 barrier_iteration=2 backward_s=0.103811700 forward_s=0.000000000 total_s=0.103811700 outcome=barrier_update step_size=1.000000000e+00 backtracks=0 mu=4.000000000e-02
FILTERDDP_TIMING iteration=7 barrier_iteration=3 stage=24 derivative_s=0.000481000 first_order_s=0.000223700 second_order_s=0.000207000 algebra_s=0.000834900 kkt_assembly_s=0.000130900 factor_s=0.003076800 solve_s=0.000911800 update_s=0.000057400 K_nnz=5523 rhs_cols=1 Vxx_nnz=2601
FILTERDDP_TIMING iteration=7 barrier_iteration=3 stage=23 derivative_s=0.000154500 first_order_s=0.000077500 second_order_s=0.000057200 algebra_s=0.000227800 kkt_assembly_s=0.000058600 factor_s=0.001165500 solve_s=0.000549800 update_s=0.000083300 K_nnz=5523 rhs_cols=1 Vxx_nnz=2601
FILTERDDP_TIMING iteration=7 barrier_iteration=3 stage=22 derivative_s=0.000277900 first_order_s=0.000145500 second_order_s=0.000099600 algebra_s=0.000379200 kkt_assembly_s=0.000082900 factor_s=0.001395500 solve_s=0.000603800 update_s=0.000058300 K_nnz=5523 rhs_cols=1 Vxx_nnz=2601
FILTERDDP_TIMING iteration=7 barrier_iteration=3 stage=21 derivative_s=0.000165100 first_order_s=0.000085300 second_order_s=0.000059500 algebra_s=0.000230900 kkt_assembly_s=0.000058300 factor_s=0.001022000 solve_s=0.000693200 update_s=0.000085300 K_nnz=5523 rhs_cols=1 Vxx_nnz=2601
FILTERDDP_TIMING iteration=7 barrier_iteration=3 stage=20 derivative_s=0.000235100 first_order_s=0.000118400 second_order_s=0.000086800 algebra_s=0.000377100 kkt_assembly_s=0.000083200 factor_s=0.001555600 solve_s=0.000697200 update_s=0.000055700 K_nnz=5523 rhs_cols=1 Vxx_nnz=2601
FILTERDDP_TIMING iteration=7 barrier_iteration=3 stage=19 derivative_s=0.000166200 first_order_s=0.000086100 second_order_s=0.000060900 algebra_s=0.000234600 kkt_assembly_s=0.000055600 factor_s=0.000982500 solve_s=0.000660100 update_s=0.000059700 K_nnz=5523 rhs_cols=1 Vxx_nnz=2601
FILTERDDP_TIMING iteration=7 barrier_iteration=3 stage=18 derivative_s=0.000165200 first_order_s=0.000085000 second_order_s=0.000060700 algebra_s=0.000249300 kkt_assembly_s=0.000058600 factor_s=0.001014500 solve_s=0.000632500 update_s=0.000057400 K_nnz=5523 rhs_cols=1 Vxx_nnz=2601
FILTERDDP_TIMING iteration=7 barrier_iteration=3 stage=17 derivative_s=0.000173700 first_order_s=0.000092800 second_order_s=0.000060800 algebra_s=0.000248700 kkt_assembly_s=0.000057000 factor_s=0.000984700 solve_s=0.000651700 update_s=0.000095900 K_nnz=5523 rhs_cols=1 Vxx_nnz=2601
FILTERDDP_TIMING iteration=7 barrier_iteration=3 stage=16 derivative_s=0.000306500 first_order_s=0.000137400 second_order_s=0.000099600 algebra_s=0.000426400 kkt_assembly_s=0.000092800 factor_s=0.001994900 solve_s=0.000822000 update_s=0.000092900 K_nnz=5523 rhs_cols=1 Vxx_nnz=2601
FILTERDDP_TIMING iteration=7 barrier_iteration=3 stage=15 derivative_s=0.000306100 first_order_s=0.000135800 second_order_s=0.000101100 algebra_s=0.000454400 kkt_assembly_s=0.000096400 factor_s=0.002676400 solve_s=0.000941800 update_s=0.000125300 K_nnz=5523 rhs_cols=1 Vxx_nnz=2601
FILTERDDP_TIMING iteration=7 barrier_iteration=3 stage=14 derivative_s=0.000425500 first_order_s=0.000210100 second_order_s=0.000164700 algebra_s=0.000649800 kkt_assembly_s=0.000130700 factor_s=0.003091000 solve_s=0.001068700 update_s=0.000095500 K_nnz=5523 rhs_cols=1 Vxx_nnz=2601
FILTERDDP_TIMING iteration=7 barrier_iteration=3 stage=13 derivative_s=0.000304900 first_order_s=0.000133800 second_order_s=0.000101900 algebra_s=0.000504100 kkt_assembly_s=0.000095400 factor_s=0.002072300 solve_s=0.000859300 update_s=0.000111100 K_nnz=5523 rhs_cols=1 Vxx_nnz=2601
FILTERDDP_TIMING iteration=7 barrier_iteration=3 stage=12 derivative_s=0.000387400 first_order_s=0.000199800 second_order_s=0.000138000 algebra_s=0.000538500 kkt_assembly_s=0.000095400 factor_s=0.001826700 solve_s=0.000834100 update_s=0.000095000 K_nnz=5523 rhs_cols=1 Vxx_nnz=2601
FILTERDDP_TIMING iteration=7 barrier_iteration=3 stage=11 derivative_s=0.000270200 first_order_s=0.000135300 second_order_s=0.000099900 algebra_s=0.000451500 kkt_assembly_s=0.000091900 factor_s=0.001823500 solve_s=0.000827700 update_s=0.000103600 K_nnz=5523 rhs_cols=1 Vxx_nnz=2601
FILTERDDP_TIMING iteration=7 barrier_iteration=3 stage=10 derivative_s=0.000283700 first_order_s=0.000142300 second_order_s=0.000106100 algebra_s=0.000422400 kkt_assembly_s=0.000087200 factor_s=0.001686500 solve_s=0.000670800 update_s=0.000085400 K_nnz=5523 rhs_cols=1 Vxx_nnz=2601
FILTERDDP_TIMING iteration=7 barrier_iteration=3 stage=9 derivative_s=0.000247400 first_order_s=0.000124200 second_order_s=0.000091800 algebra_s=0.000404900 kkt_assembly_s=0.000087400 factor_s=0.001662500 solve_s=0.000664300 update_s=0.000043300 K_nnz=5523 rhs_cols=1 Vxx_nnz=2601
FILTERDDP_TIMING iteration=7 barrier_iteration=3 stage=8 derivative_s=0.000107000 first_order_s=0.000053700 second_order_s=0.000039800 algebra_s=0.000152700 kkt_assembly_s=0.000039800 factor_s=0.000613900 solve_s=0.000403400 update_s=0.000043600 K_nnz=5523 rhs_cols=1 Vxx_nnz=2601
FILTERDDP_TIMING iteration=7 barrier_iteration=3 stage=7 derivative_s=0.000113900 first_order_s=0.000057200 second_order_s=0.000043100 algebra_s=0.000157700 kkt_assembly_s=0.000041200 factor_s=0.000827800 solve_s=0.000502300 update_s=0.000092300 K_nnz=5523 rhs_cols=1 Vxx_nnz=2601
FILTERDDP_TIMING iteration=7 barrier_iteration=3 stage=6 derivative_s=0.000323400 first_order_s=0.000194500 second_order_s=0.000095200 algebra_s=0.000416300 kkt_assembly_s=0.000084000 factor_s=0.001635900 solve_s=0.000680500 update_s=0.000081400 K_nnz=5523 rhs_cols=1 Vxx_nnz=2601
FILTERDDP_TIMING iteration=7 barrier_iteration=3 stage=5 derivative_s=0.000231300 first_order_s=0.000115000 second_order_s=0.000087100 algebra_s=0.000390700 kkt_assembly_s=0.000080400 factor_s=0.001568600 solve_s=0.000698200 update_s=0.000107000 K_nnz=5523 rhs_cols=1 Vxx_nnz=2601
FILTERDDP_TIMING iteration=7 barrier_iteration=3 stage=4 derivative_s=0.000359500 first_order_s=0.000183400 second_order_s=0.000131300 algebra_s=0.000576300 kkt_assembly_s=0.000111700 factor_s=0.002686600 solve_s=0.000778800 update_s=0.000090000 K_nnz=5523 rhs_cols=1 Vxx_nnz=2601
FILTERDDP_TIMING iteration=7 barrier_iteration=3 stage=3 derivative_s=0.000277200 first_order_s=0.000142000 second_order_s=0.000101700 algebra_s=0.000455100 kkt_assembly_s=0.000088500 factor_s=0.002065000 solve_s=0.000833300 update_s=0.000101500 K_nnz=5523 rhs_cols=1 Vxx_nnz=2601
FILTERDDP_TIMING iteration=7 barrier_iteration=3 stage=2 derivative_s=0.000358200 first_order_s=0.000204600 second_order_s=0.000116000 algebra_s=0.000451500 kkt_assembly_s=0.000093200 factor_s=0.001796700 solve_s=0.000694500 update_s=0.000055500 K_nnz=5523 rhs_cols=1 Vxx_nnz=2601
FILTERDDP_TIMING iteration=7 barrier_iteration=3 stage=1 derivative_s=0.000153500 first_order_s=0.000077500 second_order_s=0.000057400 algebra_s=0.000232900 kkt_assembly_s=0.000057100 factor_s=0.000992800 solve_s=0.000629600 update_s=0.000095600 K_nnz=5523 rhs_cols=1 Vxx_nnz=2601
FILTERDDP_FEASIBILITY iteration=7 barrier_iteration=3 equality_count=13488 equality_rms=1.760119192114e-03 equality_max=6.458853860886e-02 equality_worst_stage=18 equality_worst_index=509 dynamics_count=1173 dynamics_rms=0.000000000000e+00 dynamics_max=0.000000000000e+00 dynamics_worst_stage=0 dynamics_worst_index=0 bound_count=13440 bound_rms=0.000000000000e+00 bound_max=0.000000000000e+00 bound_worst_stage=0 bound_worst_index=0 bound_worst_kind=none
FILTERDDP_ITER_TIMING iteration=7 barrier_iteration=3 backward_s=0.078252200 forward_s=0.000000000 total_s=0.078252200 outcome=barrier_update step_size=1.000000000e+00 backtracks=0 mu=8.000000000e-03
FILTERDDP_TIMING iteration=7 barrier_iteration=4 stage=24 derivative_s=0.000281200 first_order_s=0.000127500 second_order_s=0.000119800 algebra_s=0.000530600 kkt_assembly_s=0.000094000 factor_s=0.001818300 solve_s=0.000937600 update_s=0.000089400 K_nnz=5523 rhs_cols=1 Vxx_nnz=2601
FILTERDDP_TIMING iteration=7 barrier_iteration=4 stage=23 derivative_s=0.000250900 first_order_s=0.000126500 second_order_s=0.000091600 algebra_s=0.000403000 kkt_assembly_s=0.000101700 factor_s=0.001684100 solve_s=0.000851800 update_s=0.000123100 K_nnz=5523 rhs_cols=1 Vxx_nnz=2601
FILTERDDP_TIMING iteration=7 barrier_iteration=4 stage=22 derivative_s=0.000398800 first_order_s=0.000202200 second_order_s=0.000148700 algebra_s=0.000648000 kkt_assembly_s=0.000159900 factor_s=0.002687500 solve_s=0.000810600 update_s=0.000104100 K_nnz=5523 rhs_cols=1 Vxx_nnz=2601
FILTERDDP_TIMING iteration=7 barrier_iteration=4 stage=21 derivative_s=0.000338500 first_order_s=0.000173100 second_order_s=0.000124200 algebra_s=0.000522400 kkt_assembly_s=0.000127800 factor_s=0.002443700 solve_s=0.000950900 update_s=0.000094400 K_nnz=5523 rhs_cols=1 Vxx_nnz=2601
FILTERDDP_TIMING iteration=7 barrier_iteration=4 stage=20 derivative_s=0.000269300 first_order_s=0.000135000 second_order_s=0.000100200 algebra_s=0.000452500 kkt_assembly_s=0.000093300 factor_s=0.001912100 solve_s=0.000777800 update_s=0.000088100 K_nnz=5523 rhs_cols=1 Vxx_nnz=2601
FILTERDDP_TIMING iteration=7 barrier_iteration=4 stage=19 derivative_s=0.000265000 first_order_s=0.000133800 second_order_s=0.000098400 algebra_s=0.000447500 kkt_assembly_s=0.000093400 factor_s=0.001790500 solve_s=0.000785800 update_s=0.000091600 K_nnz=5523 rhs_cols=1 Vxx_nnz=2601
FILTERDDP_TIMING iteration=7 barrier_iteration=4 stage=18 derivative_s=0.000270500 first_order_s=0.000134200 second_order_s=0.000102500 algebra_s=0.000448000 kkt_assembly_s=0.000093700 factor_s=0.001937000 solve_s=0.000715800 update_s=0.000094600 K_nnz=5523 rhs_cols=1 Vxx_nnz=2601
FILTERDDP_TIMING iteration=7 barrier_iteration=4 stage=17 derivative_s=0.000266600 first_order_s=0.000133600 second_order_s=0.000099200 algebra_s=0.000586700 kkt_assembly_s=0.000131100 factor_s=0.002348100 solve_s=0.000720200 update_s=0.000103800 K_nnz=5523 rhs_cols=1 Vxx_nnz=2601
FILTERDDP_TIMING iteration=7 barrier_iteration=4 stage=16 derivative_s=0.000144700 first_order_s=0.000073500 second_order_s=0.000053600 algebra_s=0.000213200 kkt_assembly_s=0.000051700 factor_s=0.000895400 solve_s=0.000611700 update_s=0.000081000 K_nnz=5523 rhs_cols=1 Vxx_nnz=2601
FILTERDDP_TIMING iteration=7 barrier_iteration=4 stage=15 derivative_s=0.000258700 first_order_s=0.000133000 second_order_s=0.000094000 algebra_s=0.000419300 kkt_assembly_s=0.000080900 factor_s=0.001884400 solve_s=0.000728100 update_s=0.000098700 K_nnz=5523 rhs_cols=1 Vxx_nnz=2601
FILTERDDP_TIMING iteration=7 barrier_iteration=4 stage=14 derivative_s=0.000269900 first_order_s=0.000132200 second_order_s=0.000103200 algebra_s=0.000453200 kkt_assembly_s=0.000093600 factor_s=0.001819000 solve_s=0.000848100 update_s=0.000094300 K_nnz=5523 rhs_cols=1 Vxx_nnz=2601
FILTERDDP_TIMING iteration=7 barrier_iteration=4 stage=13 derivative_s=0.000272400 first_order_s=0.000136900 second_order_s=0.000101400 algebra_s=0.000450900 kkt_assembly_s=0.000092200 factor_s=0.002182600 solve_s=0.000754100 update_s=0.000096300 K_nnz=5523 rhs_cols=1 Vxx_nnz=2601
FILTERDDP_TIMING iteration=7 barrier_iteration=4 stage=12 derivative_s=0.000308500 first_order_s=0.000135200 second_order_s=0.000101100 algebra_s=0.000456600 kkt_assembly_s=0.000095000 factor_s=0.001803300 solve_s=0.000879000 update_s=0.000049800 K_nnz=5523 rhs_cols=1 Vxx_nnz=2601
FILTERDDP_TIMING iteration=7 barrier_iteration=4 stage=11 derivative_s=0.000122000 first_order_s=0.000062500 second_order_s=0.000044900 algebra_s=0.000179200 kkt_assembly_s=0.000045900 factor_s=0.000757000 solve_s=0.000597900 update_s=0.000093300 K_nnz=5523 rhs_cols=1 Vxx_nnz=2601
FILTERDDP_TIMING iteration=7 barrier_iteration=4 stage=10 derivative_s=0.000268300 first_order_s=0.000134800 second_order_s=0.000099400 algebra_s=0.000451500 kkt_assembly_s=0.000092300 factor_s=0.001836200 solve_s=0.000806900 update_s=0.000080100 K_nnz=5523 rhs_cols=1 Vxx_nnz=2601
FILTERDDP_TIMING iteration=7 barrier_iteration=4 stage=9 derivative_s=0.000220800 first_order_s=0.000111900 second_order_s=0.000081800 algebra_s=0.000359200 kkt_assembly_s=0.000076200 factor_s=0.001465600 solve_s=0.000737600 update_s=0.000093900 K_nnz=5523 rhs_cols=1 Vxx_nnz=2601
FILTERDDP_TIMING iteration=7 barrier_iteration=4 stage=8 derivative_s=0.000268500 first_order_s=0.000133900 second_order_s=0.000099100 algebra_s=0.000453500 kkt_assembly_s=0.000092900 factor_s=0.001901000 solve_s=0.000820900 update_s=0.000100700 K_nnz=5523 rhs_cols=1 Vxx_nnz=2601
FILTERDDP_TIMING iteration=7 barrier_iteration=4 stage=7 derivative_s=0.000281800 first_order_s=0.000140700 second_order_s=0.000104200 algebra_s=0.000454300 kkt_assembly_s=0.000093700 factor_s=0.001909200 solve_s=0.000954400 update_s=0.000093800 K_nnz=5523 rhs_cols=1 Vxx_nnz=2601
FILTERDDP_TIMING iteration=7 barrier_iteration=4 stage=6 derivative_s=0.000272500 first_order_s=0.000137800 second_order_s=0.000101200 algebra_s=0.000448900 kkt_assembly_s=0.000095300 factor_s=0.001807200 solve_s=0.000930300 update_s=0.000094200 K_nnz=5523 rhs_cols=1 Vxx_nnz=2601
FILTERDDP_TIMING iteration=7 barrier_iteration=4 stage=5 derivative_s=0.000273100 first_order_s=0.000138200 second_order_s=0.000100400 algebra_s=0.000476800 kkt_assembly_s=0.000118800 factor_s=0.001897100 solve_s=0.000952800 update_s=0.000096300 K_nnz=5523 rhs_cols=1 Vxx_nnz=2601
FILTERDDP_TIMING iteration=7 barrier_iteration=4 stage=4 derivative_s=0.000270200 first_order_s=0.000134600 second_order_s=0.000101700 algebra_s=0.000454400 kkt_assembly_s=0.000094100 factor_s=0.002071700 solve_s=0.000882200 update_s=0.000094800 K_nnz=5523 rhs_cols=1 Vxx_nnz=2601
FILTERDDP_TIMING iteration=7 barrier_iteration=4 stage=3 derivative_s=0.000269500 first_order_s=0.000135500 second_order_s=0.000099900 algebra_s=0.000453500 kkt_assembly_s=0.000093800 factor_s=0.001811100 solve_s=0.000978700 update_s=0.000096100 K_nnz=5523 rhs_cols=1 Vxx_nnz=2601
FILTERDDP_TIMING iteration=7 barrier_iteration=4 stage=2 derivative_s=0.000275100 first_order_s=0.000139000 second_order_s=0.000101000 algebra_s=0.000502100 kkt_assembly_s=0.000096100 factor_s=0.001817300 solve_s=0.000937400 update_s=0.000058100 K_nnz=5523 rhs_cols=1 Vxx_nnz=2601
FILTERDDP_TIMING iteration=7 barrier_iteration=4 stage=1 derivative_s=0.000155200 first_order_s=0.000078100 second_order_s=0.000058000 algebra_s=0.000227000 kkt_assembly_s=0.000056300 factor_s=0.001012000 solve_s=0.000652400 update_s=0.000094900 K_nnz=5523 rhs_cols=1 Vxx_nnz=2601
FILTERDDP_FEASIBILITY iteration=7 barrier_iteration=4 equality_count=13488 equality_rms=1.760119192114e-03 equality_max=6.458853860886e-02 equality_worst_stage=18 equality_worst_index=509 dynamics_count=1173 dynamics_rms=0.000000000000e+00 dynamics_max=0.000000000000e+00 dynamics_worst_stage=0 dynamics_worst_index=0 bound_count=13440 bound_rms=0.000000000000e+00 bound_max=0.000000000000e+00 bound_worst_stage=0 bound_worst_index=0 bound_worst_kind=none
     7   3.07241301e+03   6.4589e-02   5.9517e-05   4.0095e-02   -2.80      -     1.0000e+00   0
FILTERDDP_ITER_TIMING iteration=7 barrier_iteration=4 backward_s=0.085480700 forward_s=0.029222800 total_s=0.114703500 outcome=accepted step_size=8.736128585e-01 backtracks=0 mu=1.600000000e-03
FILTERDDP_TIMING iteration=8 barrier_iteration=4 stage=24 derivative_s=0.000228700 first_order_s=0.000098000 second_order_s=0.000099200 algebra_s=0.000427500 kkt_assembly_s=0.000081500 factor_s=0.001535600 solve_s=0.000968800 update_s=0.000099800 K_nnz=5523 rhs_cols=1 Vxx_nnz=2601
FILTERDDP_TIMING iteration=8 barrier_iteration=4 stage=23 derivative_s=0.000268900 first_order_s=0.000134100 second_order_s=0.000099900 algebra_s=0.000451100 kkt_assembly_s=0.000096100 factor_s=0.002171000 solve_s=0.000997800 update_s=0.000097200 K_nnz=5523 rhs_cols=1 Vxx_nnz=2601
FILTERDDP_TIMING iteration=8 barrier_iteration=4 stage=22 derivative_s=0.000278200 first_order_s=0.000138500 second_order_s=0.000104500 algebra_s=0.000565500 kkt_assembly_s=0.000096500 factor_s=0.001899500 solve_s=0.000878000 update_s=0.000092800 K_nnz=5523 rhs_cols=1 Vxx_nnz=2601
FILTERDDP_TIMING iteration=8 barrier_iteration=4 stage=21 derivative_s=0.000271800 first_order_s=0.000135700 second_order_s=0.000101300 algebra_s=0.000445400 kkt_assembly_s=0.000094800 factor_s=0.001830600 solve_s=0.000891000 update_s=0.000097900 K_nnz=5523 rhs_cols=1 Vxx_nnz=2601
FILTERDDP_TIMING iteration=8 barrier_iteration=4 stage=20 derivative_s=0.000368800 first_order_s=0.000226500 second_order_s=0.000103700 algebra_s=0.000456600 kkt_assembly_s=0.000093400 factor_s=0.001932000 solve_s=0.000855800 update_s=0.000096200 K_nnz=5523 rhs_cols=1 Vxx_nnz=2601
FILTERDDP_TIMING iteration=8 barrier_iteration=4 stage=19 derivative_s=0.000270500 first_order_s=0.000137700 second_order_s=0.000098700 algebra_s=0.000454300 kkt_assembly_s=0.000095700 factor_s=0.001849500 solve_s=0.000865300 update_s=0.000098100 K_nnz=5523 rhs_cols=1 Vxx_nnz=2601
FILTERDDP_TIMING iteration=8 barrier_iteration=4 stage=18 derivative_s=0.000408000 first_order_s=0.000156300 second_order_s=0.000111900 algebra_s=0.000667500 kkt_assembly_s=0.000124100 factor_s=0.002955900 solve_s=0.001159700 update_s=0.000097500 K_nnz=5523 rhs_cols=1 Vxx_nnz=2601
FILTERDDP_TIMING iteration=8 barrier_iteration=4 stage=17 derivative_s=0.000273000 first_order_s=0.000135800 second_order_s=0.000101500 algebra_s=0.000451900 kkt_assembly_s=0.000096300 factor_s=0.001845300 solve_s=0.000969000 update_s=0.000126200 K_nnz=5523 rhs_cols=1 Vxx_nnz=2601
FILTERDDP_TIMING iteration=8 barrier_iteration=4 stage=16 derivative_s=0.000402500 first_order_s=0.000204700 second_order_s=0.000147100 algebra_s=0.000647400 kkt_assembly_s=0.000128700 factor_s=0.002907200 solve_s=0.001057000 update_s=0.000104700 K_nnz=5523 rhs_cols=1 Vxx_nnz=2601
FILTERDDP_TIMING iteration=8 barrier_iteration=4 stage=15 derivative_s=0.000349000 first_order_s=0.000188900 second_order_s=0.000119400 algebra_s=0.000511800 kkt_assembly_s=0.000104000 factor_s=0.002377500 solve_s=0.000918700 update_s=0.000096900 K_nnz=5523 rhs_cols=1 Vxx_nnz=2601
FILTERDDP_TIMING iteration=8 barrier_iteration=4 stage=14 derivative_s=0.000266500 first_order_s=0.000132200 second_order_s=0.000099200 algebra_s=0.000451500 kkt_assembly_s=0.000097200 factor_s=0.001835500 solve_s=0.000939700 update_s=0.000097400 K_nnz=5523 rhs_cols=1 Vxx_nnz=2601
FILTERDDP_TIMING iteration=8 barrier_iteration=4 stage=13 derivative_s=0.000273200 first_order_s=0.000135300 second_order_s=0.000101500 algebra_s=0.000456700 kkt_assembly_s=0.000097100 factor_s=0.002117900 solve_s=0.000821700 update_s=0.000096200 K_nnz=5523 rhs_cols=1 Vxx_nnz=2601
FILTERDDP_TIMING iteration=8 barrier_iteration=4 stage=12 derivative_s=0.000269500 first_order_s=0.000135900 second_order_s=0.000098300 algebra_s=0.000458300 kkt_assembly_s=0.000097200 factor_s=0.001831200 solve_s=0.000925700 update_s=0.000096000 K_nnz=5523 rhs_cols=1 Vxx_nnz=2601
FILTERDDP_TIMING iteration=8 barrier_iteration=4 stage=11 derivative_s=0.000273500 first_order_s=0.000136200 second_order_s=0.000101600 algebra_s=0.000452600 kkt_assembly_s=0.000096300 factor_s=0.002024200 solve_s=0.001058600 update_s=0.000116600 K_nnz=5523 rhs_cols=1 Vxx_nnz=2601
FILTERDDP_TIMING iteration=8 barrier_iteration=4 stage=10 derivative_s=0.000302900 first_order_s=0.000141200 second_order_s=0.000125800 algebra_s=0.000466000 kkt_assembly_s=0.000100300 factor_s=0.001851900 solve_s=0.000874600 update_s=0.000101600 K_nnz=5523 rhs_cols=1 Vxx_nnz=2601
FILTERDDP_TIMING iteration=8 barrier_iteration=4 stage=9 derivative_s=0.000274100 first_order_s=0.000135000 second_order_s=0.000104100 algebra_s=0.000463200 kkt_assembly_s=0.000096100 factor_s=0.001836900 solve_s=0.001020200 update_s=0.000097800 K_nnz=5523 rhs_cols=1 Vxx_nnz=2601
FILTERDDP_TIMING iteration=8 barrier_iteration=4 stage=8 derivative_s=0.000277800 first_order_s=0.000138800 second_order_s=0.000104200 algebra_s=0.000508300 kkt_assembly_s=0.000098400 factor_s=0.001843200 solve_s=0.000867000 update_s=0.000098500 K_nnz=5523 rhs_cols=1 Vxx_nnz=2601
FILTERDDP_TIMING iteration=8 barrier_iteration=4 stage=7 derivative_s=0.000272900 first_order_s=0.000135100 second_order_s=0.000103000 algebra_s=0.000461500 kkt_assembly_s=0.000099000 factor_s=0.001855400 solve_s=0.000999300 update_s=0.000100400 K_nnz=5523 rhs_cols=1 Vxx_nnz=2601
FILTERDDP_TIMING iteration=8 barrier_iteration=4 stage=6 derivative_s=0.000328600 first_order_s=0.000150600 second_order_s=0.000128600 algebra_s=0.000479900 kkt_assembly_s=0.000097500 factor_s=0.002099400 solve_s=0.000920400 update_s=0.000095800 K_nnz=5523 rhs_cols=1 Vxx_nnz=2601
FILTERDDP_TIMING iteration=8 barrier_iteration=4 stage=5 derivative_s=0.000275700 first_order_s=0.000139000 second_order_s=0.000101700 algebra_s=0.000508600 kkt_assembly_s=0.000097700 factor_s=0.001825100 solve_s=0.001007200 update_s=0.000103200 K_nnz=5523 rhs_cols=1 Vxx_nnz=2601
FILTERDDP_TIMING iteration=8 barrier_iteration=4 stage=4 derivative_s=0.000283500 first_order_s=0.000139600 second_order_s=0.000108000 algebra_s=0.000463800 kkt_assembly_s=0.000099100 factor_s=0.001874400 solve_s=0.000957200 update_s=0.000104400 K_nnz=5523 rhs_cols=1 Vxx_nnz=2601
FILTERDDP_TIMING iteration=8 barrier_iteration=4 stage=3 derivative_s=0.000377800 first_order_s=0.000234900 second_order_s=0.000104200 algebra_s=0.000510900 kkt_assembly_s=0.000102300 factor_s=0.001928300 solve_s=0.000905000 update_s=0.000103200 K_nnz=5523 rhs_cols=1 Vxx_nnz=2601
FILTERDDP_TIMING iteration=8 barrier_iteration=4 stage=2 derivative_s=0.000278000 first_order_s=0.000140100 second_order_s=0.000103300 algebra_s=0.000520400 kkt_assembly_s=0.000113800 factor_s=0.002225900 solve_s=0.000996700 update_s=0.000103900 K_nnz=5523 rhs_cols=1 Vxx_nnz=2601
FILTERDDP_TIMING iteration=8 barrier_iteration=4 stage=1 derivative_s=0.000286800 first_order_s=0.000142100 second_order_s=0.000108500 algebra_s=0.000462800 kkt_assembly_s=0.000101200 factor_s=0.001856400 solve_s=0.000827300 update_s=0.000079100 K_nnz=5523 rhs_cols=1 Vxx_nnz=2601
FILTERDDP_FEASIBILITY iteration=8 barrier_iteration=4 equality_count=13488 equality_rms=9.326880084550e-01 equality_max=1.519312662986e+01 equality_worst_stage=24 equality_worst_index=509 dynamics_count=1173 dynamics_rms=2.354009034741e-18 dynamics_max=6.938893903907e-18 dynamics_worst_stage=23 dynamics_worst_index=5 bound_count=13440 bound_rms=0.000000000000e+00 bound_max=0.000000000000e+00 bound_worst_stage=0 bound_worst_index=0 bound_worst_kind=none
     8   2.96154482e+03   1.5193e+01   8.8088e-03   1.3485e-02   -2.80      -     8.7361e-01   0
FILTERDDP_ITER_TIMING iteration=8 barrier_iteration=4 backward_s=0.095951500 forward_s=0.007607600 total_s=0.103559100 outcome=accepted step_size=9.347997865e-01 backtracks=0 mu=1.600000000e-03
FILTERDDP_TIMING iteration=9 barrier_iteration=4 stage=24 derivative_s=0.000514200 first_order_s=0.000294200 second_order_s=0.000160800 algebra_s=0.000697700 kkt_assembly_s=0.000134400 factor_s=0.002217600 solve_s=0.000919700 update_s=0.000106300 K_nnz=5523 rhs_cols=1 Vxx_nnz=2601
FILTERDDP_TIMING iteration=9 barrier_iteration=4 stage=23 derivative_s=0.000289800 first_order_s=0.000144400 second_order_s=0.000108400 algebra_s=0.000470300 kkt_assembly_s=0.000102200 factor_s=0.001859200 solve_s=0.000925500 update_s=0.000109100 K_nnz=5523 rhs_cols=1 Vxx_nnz=2601
FILTERDDP_TIMING iteration=9 barrier_iteration=4 stage=22 derivative_s=0.000291200 first_order_s=0.000144800 second_order_s=0.000109400 algebra_s=0.000468300 kkt_assembly_s=0.000105800 factor_s=0.002021000 solve_s=0.000894500 update_s=0.000108200 K_nnz=5523 rhs_cols=1 Vxx_nnz=2601
FILTERDDP_TIMING iteration=9 barrier_iteration=4 stage=21 derivative_s=0.000295000 first_order_s=0.000145300 second_order_s=0.000112200 algebra_s=0.000468000 kkt_assembly_s=0.000105600 factor_s=0.001897500 solve_s=0.001058100 update_s=0.000143900 K_nnz=5523 rhs_cols=1 Vxx_nnz=2601
FILTERDDP_TIMING iteration=9 barrier_iteration=4 stage=20 derivative_s=0.000324900 first_order_s=0.000169700 second_order_s=0.000114400 algebra_s=0.000448900 kkt_assembly_s=0.000107100 factor_s=0.001891500 solve_s=0.000934200 update_s=0.000109000 K_nnz=5523 rhs_cols=1 Vxx_nnz=2601
FILTERDDP_TIMING iteration=9 barrier_iteration=4 stage=19 derivative_s=0.000309000 first_order_s=0.000161500 second_order_s=0.000110300 algebra_s=0.000462200 kkt_assembly_s=0.000108900 factor_s=0.001998200 solve_s=0.000980000 update_s=0.000117400 K_nnz=5523 rhs_cols=1 Vxx_nnz=2601
FILTERDDP_TIMING iteration=9 barrier_iteration=4 stage=18 derivative_s=0.000299100 first_order_s=0.000147900 second_order_s=0.000112000 algebra_s=0.000481200 kkt_assembly_s=0.000109600 factor_s=0.001904900 solve_s=0.000950500 update_s=0.000110800 K_nnz=5523 rhs_cols=1 Vxx_nnz=2601
FILTERDDP_TIMING iteration=9 barrier_iteration=4 stage=17 derivative_s=0.000299600 first_order_s=0.000147800 second_order_s=0.000112000 algebra_s=0.000482700 kkt_assembly_s=0.000108500 factor_s=0.001925700 solve_s=0.001127300 update_s=0.000128900 K_nnz=5523 rhs_cols=1 Vxx_nnz=2601
FILTERDDP_TIMING iteration=9 barrier_iteration=4 stage=16 derivative_s=0.000372000 first_order_s=0.000180400 second_order_s=0.000137200 algebra_s=0.000548700 kkt_assembly_s=0.000112900 factor_s=0.002204200 solve_s=0.001029400 update_s=0.000114400 K_nnz=5523 rhs_cols=1 Vxx_nnz=2601
FILTERDDP_TIMING iteration=9 barrier_iteration=4 stage=15 derivative_s=0.000303400 first_order_s=0.000149900 second_order_s=0.000112500 algebra_s=0.000481300 kkt_assembly_s=0.000116100 factor_s=0.002041400 solve_s=0.000966700 update_s=0.000112300 K_nnz=5523 rhs_cols=1 Vxx_nnz=2601
FILTERDDP_TIMING iteration=9 barrier_iteration=4 stage=14 derivative_s=0.000301000 first_order_s=0.000148400 second_order_s=0.000113900 algebra_s=0.000543500 kkt_assembly_s=0.000113700 factor_s=0.002064400 solve_s=0.001221400 update_s=0.000116600 K_nnz=5523 rhs_cols=1 Vxx_nnz=2601
FILTERDDP_TIMING iteration=9 barrier_iteration=4 stage=13 derivative_s=0.000325800 first_order_s=0.000151700 second_order_s=0.000133200 algebra_s=0.000482200 kkt_assembly_s=0.000116000 factor_s=0.001914400 solve_s=0.001127400 update_s=0.000150700 K_nnz=5523 rhs_cols=1 Vxx_nnz=2601
FILTERDDP_TIMING iteration=9 barrier_iteration=4 stage=12 derivative_s=0.000335700 first_order_s=0.000161200 second_order_s=0.000132000 algebra_s=0.000514800 kkt_assembly_s=0.000112800 factor_s=0.002042100 solve_s=0.001092200 update_s=0.000119000 K_nnz=5523 rhs_cols=1 Vxx_nnz=2601
FILTERDDP_TIMING iteration=9 barrier_iteration=4 stage=11 derivative_s=0.000301500 first_order_s=0.000151500 second_order_s=0.000110100 algebra_s=0.000487800 kkt_assembly_s=0.000111200 factor_s=0.001913300 solve_s=0.001065500 update_s=0.000113400 K_nnz=5523 rhs_cols=1 Vxx_nnz=2601
FILTERDDP_TIMING iteration=9 barrier_iteration=4 stage=10 derivative_s=0.000298100 first_order_s=0.000149900 second_order_s=0.000111000 algebra_s=0.000483700 kkt_assembly_s=0.000111600 factor_s=0.001905600 solve_s=0.001004100 update_s=0.000113600 K_nnz=5523 rhs_cols=1 Vxx_nnz=2601
FILTERDDP_TIMING iteration=9 barrier_iteration=4 stage=9 derivative_s=0.000301500 first_order_s=0.000152600 second_order_s=0.000110400 algebra_s=0.000478600 kkt_assembly_s=0.000129100 factor_s=0.001982700 solve_s=0.001121000 update_s=0.000119500 K_nnz=5523 rhs_cols=1 Vxx_nnz=2601
FILTERDDP_TIMING iteration=9 barrier_iteration=4 stage=8 derivative_s=0.000301800 first_order_s=0.000152300 second_order_s=0.000110500 algebra_s=0.000487700 kkt_assembly_s=0.000144800 factor_s=0.001937800 solve_s=0.001050200 update_s=0.000115900 K_nnz=5523 rhs_cols=1 Vxx_nnz=2601
FILTERDDP_TIMING iteration=9 barrier_iteration=4 stage=7 derivative_s=0.000412500 first_order_s=0.000150900 second_order_s=0.000110700 algebra_s=0.000497900 kkt_assembly_s=0.000116100 factor_s=0.002050100 solve_s=0.001177800 update_s=0.000118600 K_nnz=5523 rhs_cols=1 Vxx_nnz=2601
FILTERDDP_TIMING iteration=9 barrier_iteration=4 stage=6 derivative_s=0.000331600 first_order_s=0.000158600 second_order_s=0.000121500 algebra_s=0.000665100 kkt_assembly_s=0.000154200 factor_s=0.002379200 solve_s=0.001172800 update_s=0.000113300 K_nnz=5523 rhs_cols=1 Vxx_nnz=2601
FILTERDDP_TIMING iteration=9 barrier_iteration=4 stage=5 derivative_s=0.000305900 first_order_s=0.000149800 second_order_s=0.000117100 algebra_s=0.000492800 kkt_assembly_s=0.000135400 factor_s=0.023542200 solve_s=0.001049600 update_s=0.000115800 K_nnz=5523 rhs_cols=1 Vxx_nnz=2601
FILTERDDP_TIMING iteration=9 barrier_iteration=4 stage=4 derivative_s=0.000292300 first_order_s=0.000145600 second_order_s=0.000107500 algebra_s=0.000469900 kkt_assembly_s=0.000106700 factor_s=0.001950400 solve_s=0.000996900 update_s=0.000111800 K_nnz=5523 rhs_cols=1 Vxx_nnz=2601
FILTERDDP_TIMING iteration=9 barrier_iteration=4 stage=3 derivative_s=0.000293300 first_order_s=0.000145100 second_order_s=0.000109200 algebra_s=0.000474400 kkt_assembly_s=0.000107800 factor_s=0.002011700 solve_s=0.001278600 update_s=0.000138500 K_nnz=5523 rhs_cols=1 Vxx_nnz=2601
FILTERDDP_TIMING iteration=9 barrier_iteration=4 stage=2 derivative_s=0.000475300 first_order_s=0.000227900 second_order_s=0.000164600 algebra_s=0.000524000 kkt_assembly_s=0.000115400 factor_s=0.001986800 solve_s=0.001175900 update_s=0.000150600 K_nnz=5523 rhs_cols=1 Vxx_nnz=2601
FILTERDDP_TIMING iteration=9 barrier_iteration=4 stage=1 derivative_s=0.000479300 first_order_s=0.000244800 second_order_s=0.000153100 algebra_s=0.000715200 kkt_assembly_s=0.000199500 factor_s=0.002075900 solve_s=0.001014300 update_s=0.000117600 K_nnz=5523 rhs_cols=1 Vxx_nnz=2601
FILTERDDP_FEASIBILITY iteration=9 barrier_iteration=4 equality_count=13488 equality_rms=2.382425178641e-01 equality_max=4.399340320944e+00 equality_worst_stage=16 equality_worst_index=509 dynamics_count=1173 dynamics_rms=2.430154635097e-18 dynamics_max=6.938893903907e-18 dynamics_worst_stage=23 dynamics_worst_index=8 bound_count=13440 bound_rms=0.000000000000e+00 bound_max=0.000000000000e+00 bound_worst_stage=0 bound_worst_index=0 bound_worst_kind=none
     9   2.93436388e+03   4.3993e+00   2.4454e-03   4.6509e-03   -2.80      -     9.3480e-01   0
FILTERDDP_ITER_TIMING iteration=9 barrier_iteration=4 backward_s=0.122707500 forward_s=0.009637200 total_s=0.132344700 outcome=accepted step_size=1.000000000e+00 backtracks=0 mu=1.600000000e-03
FILTERDDP_TIMING iteration=10 barrier_iteration=4 stage=24 derivative_s=0.000304500 first_order_s=0.000129100 second_order_s=0.000133300 algebra_s=0.000565100 kkt_assembly_s=0.000112300 factor_s=0.001946900 solve_s=0.001054800 update_s=0.000116800 K_nnz=5523 rhs_cols=1 Vxx_nnz=2601
FILTERDDP_TIMING iteration=10 barrier_iteration=4 stage=23 derivative_s=0.000297100 first_order_s=0.000146400 second_order_s=0.000111500 algebra_s=0.000489300 kkt_assembly_s=0.000112800 factor_s=0.001933300 solve_s=0.000974800 update_s=0.000114500 K_nnz=5523 rhs_cols=1 Vxx_nnz=2601
FILTERDDP_TIMING iteration=10 barrier_iteration=4 stage=22 derivative_s=0.000300800 first_order_s=0.000149300 second_order_s=0.000111800 algebra_s=0.000504300 kkt_assembly_s=0.000134000 factor_s=0.002086100 solve_s=0.001089800 update_s=0.000116600 K_nnz=5523 rhs_cols=1 Vxx_nnz=2601
FILTERDDP_TIMING iteration=10 barrier_iteration=4 stage=21 derivative_s=0.000302500 first_order_s=0.000150100 second_order_s=0.000111700 algebra_s=0.000547800 kkt_assembly_s=0.000166200 factor_s=0.002175600 solve_s=0.001205900 update_s=0.000118200 K_nnz=5523 rhs_cols=1 Vxx_nnz=2601
FILTERDDP_TIMING iteration=10 barrier_iteration=4 stage=20 derivative_s=0.000305000 first_order_s=0.000151000 second_order_s=0.000114200 algebra_s=0.000457100 kkt_assembly_s=0.000115000 factor_s=0.002145200 solve_s=0.001032500 update_s=0.000118000 K_nnz=5523 rhs_cols=1 Vxx_nnz=2601
FILTERDDP_TIMING iteration=10 barrier_iteration=4 stage=19 derivative_s=0.000302500 first_order_s=0.000151500 second_order_s=0.000111600 algebra_s=0.000475100 kkt_assembly_s=0.000111200 factor_s=0.001918500 solve_s=0.001030900 update_s=0.000112900 K_nnz=5523 rhs_cols=1 Vxx_nnz=2601
FILTERDDP_TIMING iteration=10 barrier_iteration=4 stage=18 derivative_s=0.000299700 first_order_s=0.000148400 second_order_s=0.000111800 algebra_s=0.000477000 kkt_assembly_s=0.000112200 factor_s=0.002056100 solve_s=0.000954700 update_s=0.000113500 K_nnz=5523 rhs_cols=1 Vxx_nnz=2601
FILTERDDP_TIMING iteration=10 barrier_iteration=4 stage=17 derivative_s=0.000417800 first_order_s=0.000220100 second_order_s=0.000139200 algebra_s=0.000531100 kkt_assembly_s=0.000110500 factor_s=0.001908300 solve_s=0.001120200 update_s=0.000109200 K_nnz=5523 rhs_cols=1 Vxx_nnz=2601
FILTERDDP_TIMING iteration=10 barrier_iteration=4 stage=16 derivative_s=0.000299100 first_order_s=0.000148900 second_order_s=0.000110900 algebra_s=0.000476900 kkt_assembly_s=0.000112400 factor_s=0.001894200 solve_s=0.000995300 update_s=0.000113500 K_nnz=5523 rhs_cols=1 Vxx_nnz=2601
FILTERDDP_TIMING iteration=10 barrier_iteration=4 stage=15 derivative_s=0.000296000 first_order_s=0.000146800 second_order_s=0.000110000 algebra_s=0.000492700 kkt_assembly_s=0.000112300 factor_s=0.002303300 solve_s=0.001034300 update_s=0.000155500 K_nnz=5523 rhs_cols=1 Vxx_nnz=2601
FILTERDDP_TIMING iteration=10 barrier_iteration=4 stage=14 derivative_s=0.000309000 first_order_s=0.000156800 second_order_s=0.000110800 algebra_s=0.000486100 kkt_assembly_s=0.000115100 factor_s=0.001931800 solve_s=0.001194200 update_s=0.000149500 K_nnz=5523 rhs_cols=1 Vxx_nnz=2601
FILTERDDP_TIMING iteration=10 barrier_iteration=4 stage=13 derivative_s=0.000449400 first_order_s=0.000229700 second_order_s=0.000147000 algebra_s=0.000477200 kkt_assembly_s=0.000110800 factor_s=0.001950400 solve_s=0.001173100 update_s=0.000112600 K_nnz=5523 rhs_cols=1 Vxx_nnz=2601
FILTERDDP_TIMING iteration=10 barrier_iteration=4 stage=12 derivative_s=0.000297700 first_order_s=0.000150900 second_order_s=0.000108600 algebra_s=0.000477900 kkt_assembly_s=0.000112200 factor_s=0.001886400 solve_s=0.000993400 update_s=0.000124300 K_nnz=5523 rhs_cols=1 Vxx_nnz=2601
FILTERDDP_TIMING iteration=10 barrier_iteration=4 stage=11 derivative_s=0.000303200 first_order_s=0.000151500 second_order_s=0.000112100 algebra_s=0.000490200 kkt_assembly_s=0.000113000 factor_s=0.001936700 solve_s=0.001128300 update_s=0.000121000 K_nnz=5523 rhs_cols=1 Vxx_nnz=2601
FILTERDDP_TIMING iteration=10 barrier_iteration=4 stage=10 derivative_s=0.000355400 first_order_s=0.000182000 second_order_s=0.000121800 algebra_s=0.000517200 kkt_assembly_s=0.000115500 factor_s=0.001938400 solve_s=0.001273800 update_s=0.000121800 K_nnz=5523 rhs_cols=1 Vxx_nnz=2601
FILTERDDP_TIMING iteration=10 barrier_iteration=4 stage=9 derivative_s=0.000304000 first_order_s=0.000152000 second_order_s=0.000112400 algebra_s=0.000486900 kkt_assembly_s=0.000113400 factor_s=0.001987900 solve_s=0.001053200 update_s=0.000118000 K_nnz=5523 rhs_cols=1 Vxx_nnz=2601
FILTERDDP_TIMING iteration=10 barrier_iteration=4 stage=8 derivative_s=0.000306100 first_order_s=0.000149700 second_order_s=0.000115800 algebra_s=0.000487700 kkt_assembly_s=0.000116600 factor_s=0.002232600 solve_s=0.001079500 update_s=0.000117100 K_nnz=5523 rhs_cols=1 Vxx_nnz=2601
FILTERDDP_TIMING iteration=10 barrier_iteration=4 stage=7 derivative_s=0.000300900 first_order_s=0.000149800 second_order_s=0.000110700 algebra_s=0.000485100 kkt_assembly_s=0.000109500 factor_s=0.001916800 solve_s=0.000996500 update_s=0.000124900 K_nnz=5523 rhs_cols=1 Vxx_nnz=2601
FILTERDDP_TIMING iteration=10 barrier_iteration=4 stage=6 derivative_s=0.000305300 first_order_s=0.000152900 second_order_s=0.000112500 algebra_s=0.000485300 kkt_assembly_s=0.000114700 factor_s=0.002242100 solve_s=0.001013500 update_s=0.000122900 K_nnz=5523 rhs_cols=1 Vxx_nnz=2601
FILTERDDP_TIMING iteration=10 barrier_iteration=4 stage=5 derivative_s=0.000307100 first_order_s=0.000155300 second_order_s=0.000111800 algebra_s=0.000481600 kkt_assembly_s=0.000110800 factor_s=0.001916900 solve_s=0.001017400 update_s=0.000141700 K_nnz=5523 rhs_cols=1 Vxx_nnz=2601
FILTERDDP_TIMING iteration=10 barrier_iteration=4 stage=4 derivative_s=0.000418300 first_order_s=0.000217000 second_order_s=0.000147900 algebra_s=0.000627700 kkt_assembly_s=0.000152000 factor_s=0.002787400 solve_s=0.001286300 update_s=0.000140300 K_nnz=5523 rhs_cols=1 Vxx_nnz=2601
FILTERDDP_TIMING iteration=10 barrier_iteration=4 stage=3 derivative_s=0.000415400 first_order_s=0.000220200 second_order_s=0.000144900 algebra_s=0.000641000 kkt_assembly_s=0.000138600 factor_s=0.002056100 solve_s=0.001240600 update_s=0.000128100 K_nnz=5523 rhs_cols=1 Vxx_nnz=2601
FILTERDDP_TIMING iteration=10 barrier_iteration=4 stage=2 derivative_s=0.000371000 first_order_s=0.000200800 second_order_s=0.000121300 algebra_s=0.000524300 kkt_assembly_s=0.000125500 factor_s=0.002523300 solve_s=0.001262400 update_s=0.000144600 K_nnz=5523 rhs_cols=1 Vxx_nnz=2601
FILTERDDP_TIMING iteration=10 barrier_iteration=4 stage=1 derivative_s=0.000320300 first_order_s=0.000159600 second_order_s=0.000117600 algebra_s=0.000511400 kkt_assembly_s=0.000148500 factor_s=0.002118700 solve_s=0.001033700 update_s=0.000109500 K_nnz=5523 rhs_cols=1 Vxx_nnz=2601
FILTERDDP_FEASIBILITY iteration=10 barrier_iteration=4 equality_count=13488 equality_rms=8.132976459589e-03 equality_max=1.643515660924e-01 equality_worst_stage=16 equality_worst_index=509 dynamics_count=1173 dynamics_rms=0.000000000000e+00 dynamics_max=0.000000000000e+00 dynamics_worst_stage=0 dynamics_worst_index=0 bound_count=13440 bound_rms=0.000000000000e+00 bound_max=0.000000000000e+00 bound_worst_stage=0 bound_worst_index=0 bound_worst_kind=none
  iter     objective        pr_inf       du_inf       cs_inf     lg(μ)   lg(reg)    alpha     ls
    10   2.93153615e+03   1.6435e-01   4.4743e-04   2.0889e-03   -2.80      -     1.0000e+00   0
FILTERDDP_ITER_TIMING iteration=10 barrier_iteration=4 backward_s=0.103546900 forward_s=0.007819000 total_s=0.111365900 outcome=accepted step_size=1.000000000e+00 backtracks=0 mu=1.600000000e-03
FILTERDDP_TIMING iteration=11 barrier_iteration=4 stage=24 derivative_s=0.000344900 first_order_s=0.000165000 second_order_s=0.000137400 algebra_s=0.000567100 kkt_assembly_s=0.000174200 factor_s=0.001838900 solve_s=0.000927900 update_s=0.000115100 K_nnz=5523 rhs_cols=1 Vxx_nnz=2601
FILTERDDP_TIMING iteration=11 barrier_iteration=4 stage=23 derivative_s=0.000304900 first_order_s=0.000150500 second_order_s=0.000114000 algebra_s=0.000480100 kkt_assembly_s=0.000115500 factor_s=0.002040800 solve_s=0.000896800 update_s=0.000107500 K_nnz=5523 rhs_cols=1 Vxx_nnz=2601
FILTERDDP_TIMING iteration=11 barrier_iteration=4 stage=22 derivative_s=0.000289000 first_order_s=0.000143500 second_order_s=0.000107000 algebra_s=0.000474400 kkt_assembly_s=0.000107200 factor_s=0.001890900 solve_s=0.000897300 update_s=0.000105500 K_nnz=5523 rhs_cols=1 Vxx_nnz=2601
FILTERDDP_TIMING iteration=11 barrier_iteration=4 stage=21 derivative_s=0.000293000 first_order_s=0.000147500 second_order_s=0.000108800 algebra_s=0.000467100 kkt_assembly_s=0.000104700 factor_s=0.002072100 solve_s=0.001003400 update_s=0.000126500 K_nnz=5523 rhs_cols=1 Vxx_nnz=2601
FILTERDDP_TIMING iteration=11 barrier_iteration=4 stage=20 derivative_s=0.000286100 first_order_s=0.000144300 second_order_s=0.000105400 algebra_s=0.000465800 kkt_assembly_s=0.000102400 factor_s=0.001969100 solve_s=0.001020600 update_s=0.000105000 K_nnz=5523 rhs_cols=1 Vxx_nnz=2601
FILTERDDP_TIMING iteration=11 barrier_iteration=4 stage=19 derivative_s=0.000289000 first_order_s=0.000143900 second_order_s=0.000108200 algebra_s=0.000475700 kkt_assembly_s=0.000103500 factor_s=0.001903800 solve_s=0.001005900 update_s=0.000103900 K_nnz=5523 rhs_cols=1 Vxx_nnz=2601
FILTERDDP_TIMING iteration=11 barrier_iteration=4 stage=18 derivative_s=0.000283400 first_order_s=0.000142700 second_order_s=0.000104500 algebra_s=0.000512700 kkt_assembly_s=0.000101900 factor_s=0.001884300 solve_s=0.000942200 update_s=0.000103000 K_nnz=5523 rhs_cols=1 Vxx_nnz=2601
FILTERDDP_TIMING iteration=11 barrier_iteration=4 stage=17 derivative_s=0.012552100 first_order_s=0.000130600 second_order_s=0.012399000 algebra_s=0.000174000 kkt_assembly_s=0.000049200 factor_s=0.000660700 solve_s=0.000661700 update_s=0.000101600 K_nnz=5523 rhs_cols=1 Vxx_nnz=2601
FILTERDDP_TIMING iteration=11 barrier_iteration=4 stage=16 derivative_s=0.000276100 first_order_s=0.000136300 second_order_s=0.000103100 algebra_s=0.000456300 kkt_assembly_s=0.000101600 factor_s=0.001890700 solve_s=0.000992300 update_s=0.000100800 K_nnz=5523 rhs_cols=1 Vxx_nnz=2601
FILTERDDP_TIMING iteration=11 barrier_iteration=4 stage=15 derivative_s=0.000310400 first_order_s=0.000146000 second_order_s=0.000124400 algebra_s=0.000579400 kkt_assembly_s=0.000136900 factor_s=0.002040800 solve_s=0.000986100 update_s=0.000099900 K_nnz=5523 rhs_cols=1 Vxx_nnz=2601
FILTERDDP_TIMING iteration=11 barrier_iteration=4 stage=14 derivative_s=0.000276700 first_order_s=0.000139000 second_order_s=0.000101600 algebra_s=0.000456000 kkt_assembly_s=0.000098500 factor_s=0.001868900 solve_s=0.000919700 update_s=0.000100000 K_nnz=5523 rhs_cols=1 Vxx_nnz=2601
FILTERDDP_TIMING iteration=11 barrier_iteration=4 stage=13 derivative_s=0.000274700 first_order_s=0.000138700 second_order_s=0.000101000 algebra_s=0.000450500 kkt_assembly_s=0.000096000 factor_s=0.001880700 solve_s=0.000937900 update_s=0.000100900 K_nnz=5523 rhs_cols=1 Vxx_nnz=2601
FILTERDDP_TIMING iteration=11 barrier_iteration=4 stage=12 derivative_s=0.000276100 first_order_s=0.000137600 second_order_s=0.000101400 algebra_s=0.000458600 kkt_assembly_s=0.000100300 factor_s=0.002099700 solve_s=0.001106400 update_s=0.000112300 K_nnz=5523 rhs_cols=1 Vxx_nnz=2601
FILTERDDP_TIMING iteration=11 barrier_iteration=4 stage=11 derivative_s=0.000307300 first_order_s=0.000156900 second_order_s=0.000108600 algebra_s=0.000572200 kkt_assembly_s=0.000139700 factor_s=0.001909400 solve_s=0.000988500 update_s=0.000101400 K_nnz=5523 rhs_cols=1 Vxx_nnz=2601
FILTERDDP_TIMING iteration=11 barrier_iteration=4 stage=10 derivative_s=0.000282300 first_order_s=0.000141200 second_order_s=0.000105000 algebra_s=0.000503800 kkt_assembly_s=0.000101000 factor_s=0.001962000 solve_s=0.000933700 update_s=0.000104200 K_nnz=5523 rhs_cols=1 Vxx_nnz=2601
FILTERDDP_TIMING iteration=11 barrier_iteration=4 stage=9 derivative_s=0.000283200 first_order_s=0.000140900 second_order_s=0.000105400 algebra_s=0.000467000 kkt_assembly_s=0.000102600 factor_s=0.001882900 solve_s=0.001017600 update_s=0.000107300 K_nnz=5523 rhs_cols=1 Vxx_nnz=2601
FILTERDDP_TIMING iteration=11 barrier_iteration=4 stage=8 derivative_s=0.000284500 first_order_s=0.000141900 second_order_s=0.000105600 algebra_s=0.000505000 kkt_assembly_s=0.000105500 factor_s=0.001891400 solve_s=0.001034500 update_s=0.000110400 K_nnz=5523 rhs_cols=1 Vxx_nnz=2601
FILTERDDP_TIMING iteration=11 barrier_iteration=4 stage=7 derivative_s=0.000402100 first_order_s=0.000250700 second_order_s=0.000109700 algebra_s=0.000473300 kkt_assembly_s=0.000105000 factor_s=0.002068500 solve_s=0.000978800 update_s=0.000107900 K_nnz=5523 rhs_cols=1 Vxx_nnz=2601
FILTERDDP_TIMING iteration=11 barrier_iteration=4 stage=6 derivative_s=0.000327500 first_order_s=0.000182900 second_order_s=0.000105700 algebra_s=0.000478800 kkt_assembly_s=0.000107300 factor_s=0.001872400 solve_s=0.000954300 update_s=0.000107200 K_nnz=5523 rhs_cols=1 Vxx_nnz=2601
FILTERDDP_TIMING iteration=11 barrier_iteration=4 stage=5 derivative_s=0.000327100 first_order_s=0.000142900 second_order_s=0.000145600 algebra_s=0.000485400 kkt_assembly_s=0.000106800 factor_s=0.001976000 solve_s=0.000964400 update_s=0.000108600 K_nnz=5523 rhs_cols=1 Vxx_nnz=2601
FILTERDDP_TIMING iteration=11 barrier_iteration=4 stage=4 derivative_s=0.000293300 first_order_s=0.000146500 second_order_s=0.000108200 algebra_s=0.000473000 kkt_assembly_s=0.000109800 factor_s=0.001891600 solve_s=0.001136500 update_s=0.000149100 K_nnz=5523 rhs_cols=1 Vxx_nnz=2601
FILTERDDP_TIMING iteration=11 barrier_iteration=4 stage=3 derivative_s=0.000359900 first_order_s=0.000202800 second_order_s=0.000113500 algebra_s=0.000455500 kkt_assembly_s=0.000112500 factor_s=0.002087700 solve_s=0.000966600 update_s=0.000113100 K_nnz=5523 rhs_cols=1 Vxx_nnz=2601
FILTERDDP_TIMING iteration=11 barrier_iteration=4 stage=2 derivative_s=0.000301700 first_order_s=0.000151100 second_order_s=0.000111200 algebra_s=0.000480900 kkt_assembly_s=0.000112300 factor_s=0.001913400 solve_s=0.000973900 update_s=0.000162300 K_nnz=5523 rhs_cols=1 Vxx_nnz=2601
FILTERDDP_TIMING iteration=11 barrier_iteration=4 stage=1 derivative_s=0.000310000 first_order_s=0.000154900 second_order_s=0.000114600 algebra_s=0.000549000 kkt_assembly_s=0.000140800 factor_s=0.002177000 solve_s=0.001119700 update_s=0.000123400 K_nnz=5523 rhs_cols=1 Vxx_nnz=2601
FILTERDDP_FEASIBILITY iteration=11 barrier_iteration=4 equality_count=13488 equality_rms=7.187146133022e-06 equality_max=1.014345187642e-04 equality_worst_stage=1 equality_worst_index=385 dynamics_count=1173 dynamics_rms=0.000000000000e+00 dynamics_max=0.000000000000e+00 dynamics_worst_stage=0 dynamics_worst_index=0 bound_count=13440 bound_rms=0.000000000000e+00 bound_max=0.000000000000e+00 bound_worst_stage=0 bound_worst_index=0 bound_worst_kind=none
FILTERDDP_ITER_TIMING iteration=11 barrier_iteration=4 backward_s=0.106805400 forward_s=0.000000000 total_s=0.106805400 outcome=barrier_update step_size=1.000000000e+00 backtracks=0 mu=1.600000000e-03
FILTERDDP_TIMING iteration=11 barrier_iteration=5 stage=24 derivative_s=0.000411100 first_order_s=0.000174100 second_order_s=0.000180100 algebra_s=0.000645600 kkt_assembly_s=0.000114800 factor_s=0.002023600 solve_s=0.001198700 update_s=0.000117600 K_nnz=5523 rhs_cols=1 Vxx_nnz=2601
FILTERDDP_TIMING iteration=11 barrier_iteration=5 stage=23 derivative_s=0.000425400 first_order_s=0.000217200 second_order_s=0.000151500 algebra_s=0.000478700 kkt_assembly_s=0.000112400 factor_s=0.002258300 solve_s=0.001288100 update_s=0.000144000 K_nnz=5523 rhs_cols=1 Vxx_nnz=2601
FILTERDDP_TIMING iteration=11 barrier_iteration=5 stage=22 derivative_s=0.000463900 first_order_s=0.000223300 second_order_s=0.000159700 algebra_s=0.000685400 kkt_assembly_s=0.000145300 factor_s=0.003114700 solve_s=0.001296700 update_s=0.000113800 K_nnz=5523 rhs_cols=1 Vxx_nnz=2601
FILTERDDP_TIMING iteration=11 barrier_iteration=5 stage=21 derivative_s=0.000300700 first_order_s=0.000151700 second_order_s=0.000108900 algebra_s=0.000479700 kkt_assembly_s=0.000112500 factor_s=0.001961900 solve_s=0.001278500 update_s=0.000125900 K_nnz=5523 rhs_cols=1 Vxx_nnz=2601
FILTERDDP_TIMING iteration=11 barrier_iteration=5 stage=20 derivative_s=0.000519200 first_order_s=0.000227200 second_order_s=0.000212700 algebra_s=0.000627200 kkt_assembly_s=0.000118800 factor_s=0.002094600 solve_s=0.001223900 update_s=0.000114800 K_nnz=5523 rhs_cols=1 Vxx_nnz=2601
FILTERDDP_TIMING iteration=11 barrier_iteration=5 stage=19 derivative_s=0.000308900 first_order_s=0.000154400 second_order_s=0.000114700 algebra_s=0.000550100 kkt_assembly_s=0.000116000 factor_s=0.001955100 solve_s=0.001036300 update_s=0.000150100 K_nnz=5523 rhs_cols=1 Vxx_nnz=2601
FILTERDDP_TIMING iteration=11 barrier_iteration=5 stage=18 derivative_s=0.000460500 first_order_s=0.000232800 second_order_s=0.000149400 algebra_s=0.000801200 kkt_assembly_s=0.000151900 factor_s=0.003115700 solve_s=0.001406700 update_s=0.000127400 K_nnz=5523 rhs_cols=1 Vxx_nnz=2601
FILTERDDP_TIMING iteration=11 barrier_iteration=5 stage=17 derivative_s=0.000343300 first_order_s=0.000174500 second_order_s=0.000126100 algebra_s=0.000488500 kkt_assembly_s=0.000115600 factor_s=0.001968100 solve_s=0.000978900 update_s=0.000116400 K_nnz=5523 rhs_cols=1 Vxx_nnz=2601
FILTERDDP_TIMING iteration=11 barrier_iteration=5 stage=16 derivative_s=0.000299400 first_order_s=0.000147700 second_order_s=0.000112700 algebra_s=0.000487900 kkt_assembly_s=0.000110700 factor_s=0.002062000 solve_s=0.000991800 update_s=0.000138300 K_nnz=5523 rhs_cols=1 Vxx_nnz=2601
FILTERDDP_TIMING iteration=11 barrier_iteration=5 stage=15 derivative_s=0.000388700 first_order_s=0.000196400 second_order_s=0.000138800 algebra_s=0.000600100 kkt_assembly_s=0.000135800 factor_s=0.002922600 solve_s=0.001052700 update_s=0.000118900 K_nnz=5523 rhs_cols=1 Vxx_nnz=2601
FILTERDDP_TIMING iteration=11 barrier_iteration=5 stage=14 derivative_s=0.000386800 first_order_s=0.000202900 second_order_s=0.000129000 algebra_s=0.000531700 kkt_assembly_s=0.000118700 factor_s=0.002296400 solve_s=0.001064700 update_s=0.000117600 K_nnz=5523 rhs_cols=1 Vxx_nnz=2601
FILTERDDP_TIMING iteration=11 barrier_iteration=5 stage=13 derivative_s=0.000314400 first_order_s=0.000160700 second_order_s=0.000112500 algebra_s=0.000487300 kkt_assembly_s=0.000113300 factor_s=0.002337200 solve_s=0.001063500 update_s=0.000100300 K_nnz=5523 rhs_cols=1 Vxx_nnz=2601
FILTERDDP_TIMING iteration=11 barrier_iteration=5 stage=12 derivative_s=0.000289700 first_order_s=0.000150900 second_order_s=0.000099600 algebra_s=0.000326600 kkt_assembly_s=0.000080400 factor_s=0.001169500 solve_s=0.000906400 update_s=0.000114700 K_nnz=5523 rhs_cols=1 Vxx_nnz=2601
FILTERDDP_TIMING iteration=11 barrier_iteration=5 stage=11 derivative_s=0.000355400 first_order_s=0.000170900 second_order_s=0.000129300 algebra_s=0.000488400 kkt_assembly_s=0.000111200 factor_s=0.001927400 solve_s=0.001049000 update_s=0.000112100 K_nnz=5523 rhs_cols=1 Vxx_nnz=2601
FILTERDDP_TIMING iteration=11 barrier_iteration=5 stage=10 derivative_s=0.000299100 first_order_s=0.000146100 second_order_s=0.000112500 algebra_s=0.000483100 kkt_assembly_s=0.000111200 factor_s=0.002075100 solve_s=0.000928000 update_s=0.000104500 K_nnz=5523 rhs_cols=1 Vxx_nnz=2601
FILTERDDP_TIMING iteration=11 barrier_iteration=5 stage=9 derivative_s=0.000289500 first_order_s=0.000142900 second_order_s=0.000109900 algebra_s=0.000467600 kkt_assembly_s=0.000106800 factor_s=0.002000500 solve_s=0.000894300 update_s=0.000109200 K_nnz=5523 rhs_cols=1 Vxx_nnz=2601
FILTERDDP_TIMING iteration=11 barrier_iteration=5 stage=8 derivative_s=0.000290600 first_order_s=0.000146100 second_order_s=0.000106800 algebra_s=0.000476000 kkt_assembly_s=0.000114200 factor_s=0.012552700 solve_s=0.000864100 update_s=0.000137700 K_nnz=5523 rhs_cols=1 Vxx_nnz=2601
FILTERDDP_TIMING iteration=11 barrier_iteration=5 stage=7 derivative_s=0.000343300 first_order_s=0.000175000 second_order_s=0.000117300 algebra_s=0.000520400 kkt_assembly_s=0.000114600 factor_s=0.001738500 solve_s=0.000912100 update_s=0.000090500 K_nnz=5523 rhs_cols=1 Vxx_nnz=2601
FILTERDDP_TIMING iteration=11 barrier_iteration=5 stage=6 derivative_s=0.000247000 first_order_s=0.000124600 second_order_s=0.000087700 algebra_s=0.000378500 kkt_assembly_s=0.000091100 factor_s=0.001709400 solve_s=0.000932600 update_s=0.000101600 K_nnz=5523 rhs_cols=1 Vxx_nnz=2601
FILTERDDP_TIMING iteration=11 barrier_iteration=5 stage=5 derivative_s=0.000280600 first_order_s=0.000138400 second_order_s=0.000105000 algebra_s=0.000460300 kkt_assembly_s=0.000104300 factor_s=0.001927400 solve_s=0.001001800 update_s=0.000103300 K_nnz=5523 rhs_cols=1 Vxx_nnz=2601
FILTERDDP_TIMING iteration=11 barrier_iteration=5 stage=4 derivative_s=0.000301600 first_order_s=0.000146900 second_order_s=0.000105900 algebra_s=0.000513100 kkt_assembly_s=0.000128200 factor_s=0.001930000 solve_s=0.000853500 update_s=0.000098700 K_nnz=5523 rhs_cols=1 Vxx_nnz=2601
FILTERDDP_TIMING iteration=11 barrier_iteration=5 stage=3 derivative_s=0.000282100 first_order_s=0.000140500 second_order_s=0.000103700 algebra_s=0.000457000 kkt_assembly_s=0.000100600 factor_s=0.001894800 solve_s=0.000912100 update_s=0.000096800 K_nnz=5523 rhs_cols=1 Vxx_nnz=2601
FILTERDDP_TIMING iteration=11 barrier_iteration=5 stage=2 derivative_s=0.000275800 first_order_s=0.000136100 second_order_s=0.000103300 algebra_s=0.000463500 kkt_assembly_s=0.000099600 factor_s=0.001886100 solve_s=0.001101400 update_s=0.000102300 K_nnz=5523 rhs_cols=1 Vxx_nnz=2601
FILTERDDP_TIMING iteration=11 barrier_iteration=5 stage=1 derivative_s=0.000276200 first_order_s=0.000139900 second_order_s=0.000100500 algebra_s=0.000491500 kkt_assembly_s=0.000118500 factor_s=0.001906700 solve_s=0.000944300 update_s=0.000130100 K_nnz=5523 rhs_cols=1 Vxx_nnz=2601
FILTERDDP_FEASIBILITY iteration=11 barrier_iteration=5 equality_count=13488 equality_rms=7.187146133022e-06 equality_max=1.014345187642e-04 equality_worst_stage=1 equality_worst_index=385 dynamics_count=1173 dynamics_rms=0.000000000000e+00 dynamics_max=0.000000000000e+00 dynamics_worst_stage=0 dynamics_worst_index=0 bound_count=13440 bound_rms=0.000000000000e+00 bound_max=0.000000000000e+00 bound_worst_stage=0 bound_worst_index=0 bound_worst_kind=none
FILTERDDP_ITER_TIMING iteration=11 barrier_iteration=5 backward_s=0.113631200 forward_s=0.000000000 total_s=0.113631200 outcome=barrier_update step_size=1.000000000e+00 backtracks=0 mu=3.200000000e-04
FILTERDDP_TIMING iteration=11 barrier_iteration=6 stage=24 derivative_s=0.000461400 first_order_s=0.000219700 second_order_s=0.000186700 algebra_s=0.000522200 kkt_assembly_s=0.000100400 factor_s=0.002021800 solve_s=0.001064800 update_s=0.000102700 K_nnz=5523 rhs_cols=1 Vxx_nnz=2601
FILTERDDP_TIMING iteration=11 barrier_iteration=6 stage=23 derivative_s=0.000284200 first_order_s=0.000140600 second_order_s=0.000105700 algebra_s=0.000466800 kkt_assembly_s=0.000100700 factor_s=0.001932100 solve_s=0.000856500 update_s=0.000099900 K_nnz=5523 rhs_cols=1 Vxx_nnz=2601
FILTERDDP_TIMING iteration=11 barrier_iteration=6 stage=22 derivative_s=0.000276200 first_order_s=0.000137800 second_order_s=0.000102100 algebra_s=0.000452900 kkt_assembly_s=0.000099200 factor_s=0.002045900 solve_s=0.001142300 update_s=0.000100000 K_nnz=5523 rhs_cols=1 Vxx_nnz=2601
FILTERDDP_TIMING iteration=11 barrier_iteration=6 stage=21 derivative_s=0.000278900 first_order_s=0.000139200 second_order_s=0.000102300 algebra_s=0.000461500 kkt_assembly_s=0.000099800 factor_s=0.001922500 solve_s=0.000944500 update_s=0.000126900 K_nnz=5523 rhs_cols=1 Vxx_nnz=2601
FILTERDDP_TIMING iteration=11 barrier_iteration=6 stage=20 derivative_s=0.000384300 first_order_s=0.000204700 second_order_s=0.000137800 algebra_s=0.000622300 kkt_assembly_s=0.000124000 factor_s=0.002461800 solve_s=0.001074200 update_s=0.000107000 K_nnz=5523 rhs_cols=1 Vxx_nnz=2601
FILTERDDP_TIMING iteration=11 barrier_iteration=6 stage=19 derivative_s=0.000429300 first_order_s=0.000219200 second_order_s=0.000154800 algebra_s=0.000676200 kkt_assembly_s=0.000135700 factor_s=0.002415900 solve_s=0.000891900 update_s=0.000169300 K_nnz=5523 rhs_cols=1 Vxx_nnz=2601
FILTERDDP_TIMING iteration=11 barrier_iteration=6 stage=18 derivative_s=0.000375700 first_order_s=0.000185300 second_order_s=0.000147400 algebra_s=0.000631300 kkt_assembly_s=0.000139200 factor_s=0.002716300 solve_s=0.001156100 update_s=0.000099800 K_nnz=5523 rhs_cols=1 Vxx_nnz=2601
FILTERDDP_TIMING iteration=11 barrier_iteration=6 stage=17 derivative_s=0.000296400 first_order_s=0.000146200 second_order_s=0.000102200 algebra_s=0.000553300 kkt_assembly_s=0.000139200 factor_s=0.002959400 solve_s=0.001180900 update_s=0.000126800 K_nnz=5523 rhs_cols=1 Vxx_nnz=2601
FILTERDDP_TIMING iteration=11 barrier_iteration=6 stage=16 derivative_s=0.000406000 first_order_s=0.000206200 second_order_s=0.000143700 algebra_s=0.000640900 kkt_assembly_s=0.000131500 factor_s=0.002938700 solve_s=0.001151500 update_s=0.000126000 K_nnz=5523 rhs_cols=1 Vxx_nnz=2601
FILTERDDP_TIMING iteration=11 barrier_iteration=6 stage=15 derivative_s=0.000418600 first_order_s=0.000213000 second_order_s=0.000155900 algebra_s=0.000494700 kkt_assembly_s=0.000127600 factor_s=0.002970700 solve_s=0.001089100 update_s=0.000122000 K_nnz=5523 rhs_cols=1 Vxx_nnz=2601
FILTERDDP_TIMING iteration=11 barrier_iteration=6 stage=14 derivative_s=0.000412100 first_order_s=0.000212000 second_order_s=0.000146500 algebra_s=0.000656200 kkt_assembly_s=0.000130800 factor_s=0.002400700 solve_s=0.000830800 update_s=0.000091300 K_nnz=5523 rhs_cols=1 Vxx_nnz=2601
FILTERDDP_TIMING iteration=11 barrier_iteration=6 stage=13 derivative_s=0.000259100 first_order_s=0.000130900 second_order_s=0.000094700 algebra_s=0.000425100 kkt_assembly_s=0.000093300 factor_s=0.001734000 solve_s=0.000845900 update_s=0.000095700 K_nnz=5523 rhs_cols=1 Vxx_nnz=2601
FILTERDDP_TIMING iteration=11 barrier_iteration=6 stage=12 derivative_s=0.000273400 first_order_s=0.000138700 second_order_s=0.000099200 algebra_s=0.000444400 kkt_assembly_s=0.000085600 factor_s=0.002451700 solve_s=0.000927700 update_s=0.000060900 K_nnz=5523 rhs_cols=1 Vxx_nnz=2601
FILTERDDP_TIMING iteration=11 barrier_iteration=6 stage=11 derivative_s=0.000173500 first_order_s=0.000091200 second_order_s=0.000059200 algebra_s=0.000246500 kkt_assembly_s=0.000062300 factor_s=0.001032100 solve_s=0.000705100 update_s=0.000096500 K_nnz=5523 rhs_cols=1 Vxx_nnz=2601
FILTERDDP_TIMING iteration=11 barrier_iteration=6 stage=10 derivative_s=0.000271000 first_order_s=0.000135900 second_order_s=0.000099300 algebra_s=0.000454000 kkt_assembly_s=0.000094100 factor_s=0.002019600 solve_s=0.000894800 update_s=0.000103800 K_nnz=5523 rhs_cols=1 Vxx_nnz=2601
FILTERDDP_TIMING iteration=11 barrier_iteration=6 stage=9 derivative_s=0.000261600 first_order_s=0.000131100 second_order_s=0.000097500 algebra_s=0.000366500 kkt_assembly_s=0.000081400 factor_s=0.001644200 solve_s=0.000720200 update_s=0.000085000 K_nnz=5523 rhs_cols=1 Vxx_nnz=2601
FILTERDDP_TIMING iteration=11 barrier_iteration=6 stage=8 derivative_s=0.000237700 first_order_s=0.000119800 second_order_s=0.000088000 algebra_s=0.000400500 kkt_assembly_s=0.000084000 factor_s=0.001574400 solve_s=0.000851000 update_s=0.000096300 K_nnz=5523 rhs_cols=1 Vxx_nnz=2601
FILTERDDP_TIMING iteration=11 barrier_iteration=6 stage=7 derivative_s=0.000270300 first_order_s=0.000133500 second_order_s=0.000102700 algebra_s=0.000466000 kkt_assembly_s=0.000095600 factor_s=0.001834100 solve_s=0.000829500 update_s=0.000080500 K_nnz=5523 rhs_cols=1 Vxx_nnz=2601
FILTERDDP_TIMING iteration=11 barrier_iteration=6 stage=6 derivative_s=0.000230600 first_order_s=0.000116200 second_order_s=0.000085400 algebra_s=0.000398800 kkt_assembly_s=0.000091500 factor_s=0.001611400 solve_s=0.000709400 update_s=0.000094800 K_nnz=5523 rhs_cols=1 Vxx_nnz=2601
FILTERDDP_TIMING iteration=11 barrier_iteration=6 stage=5 derivative_s=0.000276700 first_order_s=0.000140300 second_order_s=0.000101300 algebra_s=0.000536900 kkt_assembly_s=0.000095600 factor_s=0.001828000 solve_s=0.000770100 update_s=0.000077500 K_nnz=5523 rhs_cols=1 Vxx_nnz=2601
FILTERDDP_TIMING iteration=11 barrier_iteration=6 stage=4 derivative_s=0.000206800 first_order_s=0.000103000 second_order_s=0.000077000 algebra_s=0.000337400 kkt_assembly_s=0.000075500 factor_s=0.001407100 solve_s=0.000708800 update_s=0.000093200 K_nnz=5523 rhs_cols=1 Vxx_nnz=2601
FILTERDDP_TIMING iteration=11 barrier_iteration=6 stage=3 derivative_s=0.000274800 first_order_s=0.000140300 second_order_s=0.000099400 algebra_s=0.000503800 kkt_assembly_s=0.000098600 factor_s=0.001898000 solve_s=0.000852900 update_s=0.000087600 K_nnz=5523 rhs_cols=1 Vxx_nnz=2601
FILTERDDP_TIMING iteration=11 barrier_iteration=6 stage=2 derivative_s=0.000249300 first_order_s=0.000123200 second_order_s=0.000094600 algebra_s=0.000416500 kkt_assembly_s=0.000087500 factor_s=0.001698600 solve_s=0.000755200 update_s=0.000079800 K_nnz=5523 rhs_cols=1 Vxx_nnz=2601
FILTERDDP_TIMING iteration=11 barrier_iteration=6 stage=1 derivative_s=0.081589900 first_order_s=0.000110100 second_order_s=0.081451700 algebra_s=0.000312900 kkt_assembly_s=0.000082300 factor_s=0.001318400 solve_s=0.000776000 update_s=0.000140200 K_nnz=5523 rhs_cols=1 Vxx_nnz=2601
FILTERDDP_FEASIBILITY iteration=11 barrier_iteration=6 equality_count=13488 equality_rms=7.187146133022e-06 equality_max=1.014345187642e-04 equality_worst_stage=1 equality_worst_index=385 dynamics_count=1173 dynamics_rms=0.000000000000e+00 dynamics_max=0.000000000000e+00 dynamics_worst_stage=0 dynamics_worst_index=0 bound_count=13440 bound_rms=0.000000000000e+00 bound_max=0.000000000000e+00 bound_worst_stage=0 bound_worst_index=0 bound_worst_kind=none
    11   2.93145952e+03   1.0143e-04   1.5627e-05   1.6281e-03   -4.19      -     1.0000e+00   0
FILTERDDP_ITER_TIMING iteration=11 barrier_iteration=6 backward_s=0.176911900 forward_s=0.006865200 total_s=0.183777100 outcome=accepted step_size=8.883110425e-01 backtracks=0 mu=6.400000000e-05
FILTERDDP_TIMING iteration=12 barrier_iteration=6 stage=24 derivative_s=0.000212100 first_order_s=0.000109200 second_order_s=0.000071200 algebra_s=0.000274600 kkt_assembly_s=0.000068600 factor_s=0.001059000 solve_s=0.000736400 update_s=0.000097200 K_nnz=5523 rhs_cols=1 Vxx_nnz=2601
FILTERDDP_TIMING iteration=12 barrier_iteration=6 stage=23 derivative_s=0.000317100 first_order_s=0.000162500 second_order_s=0.000110600 algebra_s=0.000526400 kkt_assembly_s=0.000100600 factor_s=0.001973600 solve_s=0.000990300 update_s=0.000098500 K_nnz=5523 rhs_cols=1 Vxx_nnz=2601
FILTERDDP_TIMING iteration=12 barrier_iteration=6 stage=22 derivative_s=0.000276600 first_order_s=0.000138200 second_order_s=0.000100600 algebra_s=0.000445800 kkt_assembly_s=0.000103100 factor_s=0.002934400 solve_s=0.000962500 update_s=0.000093000 K_nnz=5523 rhs_cols=1 Vxx_nnz=2601
FILTERDDP_TIMING iteration=12 barrier_iteration=6 stage=21 derivative_s=0.000277700 first_order_s=0.000139100 second_order_s=0.000101100 algebra_s=0.000554900 kkt_assembly_s=0.000127000 factor_s=0.002019400 solve_s=0.000835100 update_s=0.000092800 K_nnz=5523 rhs_cols=1 Vxx_nnz=2601
FILTERDDP_TIMING iteration=12 barrier_iteration=6 stage=20 derivative_s=0.000273100 first_order_s=0.000138500 second_order_s=0.000098700 algebra_s=0.000449500 kkt_assembly_s=0.000097000 factor_s=0.002475100 solve_s=0.001048300 update_s=0.000096100 K_nnz=5523 rhs_cols=1 Vxx_nnz=2601
FILTERDDP_TIMING iteration=12 barrier_iteration=6 stage=19 derivative_s=0.000408600 first_order_s=0.000209800 second_order_s=0.000141700 algebra_s=0.000638900 kkt_assembly_s=0.000128800 factor_s=0.002924700 solve_s=0.001082700 update_s=0.000080200 K_nnz=5523 rhs_cols=1 Vxx_nnz=2601
FILTERDDP_TIMING iteration=12 barrier_iteration=6 stage=18 derivative_s=0.000332200 first_order_s=0.000170800 second_order_s=0.000116900 algebra_s=0.000506400 kkt_assembly_s=0.000106800 factor_s=0.002356700 solve_s=0.000952000 update_s=0.000094500 K_nnz=5523 rhs_cols=1 Vxx_nnz=2601
FILTERDDP_TIMING iteration=12 barrier_iteration=6 stage=17 derivative_s=0.000268000 first_order_s=0.000133300 second_order_s=0.000100800 algebra_s=0.000522700 kkt_assembly_s=0.000132500 factor_s=0.002921200 solve_s=0.001049400 update_s=0.000121600 K_nnz=5523 rhs_cols=1 Vxx_nnz=2601
FILTERDDP_TIMING iteration=12 barrier_iteration=6 stage=16 derivative_s=0.000398400 first_order_s=0.000203000 second_order_s=0.000141300 algebra_s=0.000633900 kkt_assembly_s=0.000127800 factor_s=0.002721500 solve_s=0.000805300 update_s=0.000095600 K_nnz=5523 rhs_cols=1 Vxx_nnz=2601
FILTERDDP_TIMING iteration=12 barrier_iteration=6 stage=15 derivative_s=0.000275300 first_order_s=0.000135200 second_order_s=0.000102800 algebra_s=0.000453200 kkt_assembly_s=0.000100000 factor_s=0.002014800 solve_s=0.001012300 update_s=0.000095800 K_nnz=5523 rhs_cols=1 Vxx_nnz=2601
FILTERDDP_TIMING iteration=12 barrier_iteration=6 stage=14 derivative_s=0.000269900 first_order_s=0.000135600 second_order_s=0.000098800 algebra_s=0.000451100 kkt_assembly_s=0.000097300 factor_s=0.002697600 solve_s=0.000978300 update_s=0.000115000 K_nnz=5523 rhs_cols=1 Vxx_nnz=2601
FILTERDDP_TIMING iteration=12 barrier_iteration=6 stage=13 derivative_s=0.000378400 first_order_s=0.000192100 second_order_s=0.000135900 algebra_s=0.000597200 kkt_assembly_s=0.000124100 factor_s=0.002844600 solve_s=0.000915900 update_s=0.000101000 K_nnz=5523 rhs_cols=1 Vxx_nnz=2601
FILTERDDP_TIMING iteration=12 barrier_iteration=6 stage=12 derivative_s=0.000307300 first_order_s=0.000146200 second_order_s=0.000109600 algebra_s=0.000483600 kkt_assembly_s=0.000106400 factor_s=0.001612500 solve_s=0.000791600 update_s=0.000098000 K_nnz=5523 rhs_cols=1 Vxx_nnz=2601
FILTERDDP_TIMING iteration=12 barrier_iteration=6 stage=11 derivative_s=0.000274500 first_order_s=0.000137800 second_order_s=0.000100300 algebra_s=0.000455800 kkt_assembly_s=0.000102200 factor_s=0.002693200 solve_s=0.000826700 update_s=0.000064800 K_nnz=5523 rhs_cols=1 Vxx_nnz=2601
FILTERDDP_TIMING iteration=12 barrier_iteration=6 stage=10 derivative_s=0.000181100 first_order_s=0.000095900 second_order_s=0.000060800 algebra_s=0.000247900 kkt_assembly_s=0.000065400 factor_s=0.001143600 solve_s=0.000522600 update_s=0.000047000 K_nnz=5523 rhs_cols=1 Vxx_nnz=2601
FILTERDDP_TIMING iteration=12 barrier_iteration=6 stage=9 derivative_s=0.000122600 first_order_s=0.000062700 second_order_s=0.000044000 algebra_s=0.000169400 kkt_assembly_s=0.000048800 factor_s=0.000713500 solve_s=0.000585300 update_s=0.000085300 K_nnz=5523 rhs_cols=1 Vxx_nnz=2601
FILTERDDP_TIMING iteration=12 barrier_iteration=6 stage=8 derivative_s=0.000254500 first_order_s=0.000126300 second_order_s=0.000096100 algebra_s=0.000417100 kkt_assembly_s=0.000088200 factor_s=0.001818700 solve_s=0.000847000 update_s=0.000085000 K_nnz=5523 rhs_cols=1 Vxx_nnz=2601
FILTERDDP_TIMING iteration=12 barrier_iteration=6 stage=7 derivative_s=0.000233000 first_order_s=0.000115400 second_order_s=0.000087600 algebra_s=0.000376500 kkt_assembly_s=0.000085100 factor_s=0.001912200 solve_s=0.000822700 update_s=0.000114300 K_nnz=5523 rhs_cols=1 Vxx_nnz=2601
FILTERDDP_TIMING iteration=12 barrier_iteration=6 stage=6 derivative_s=0.000386700 first_order_s=0.000201600 second_order_s=0.000135000 algebra_s=0.000597000 kkt_assembly_s=0.000120400 factor_s=0.002382800 solve_s=0.000725000 update_s=0.000044400 K_nnz=5523 rhs_cols=1 Vxx_nnz=2601
FILTERDDP_TIMING iteration=12 barrier_iteration=6 stage=5 derivative_s=0.000111400 first_order_s=0.000054900 second_order_s=0.000042700 algebra_s=0.000159100 kkt_assembly_s=0.000041800 factor_s=0.000784700 solve_s=0.000586300 update_s=0.000058000 K_nnz=5523 rhs_cols=1 Vxx_nnz=2601
FILTERDDP_TIMING iteration=12 barrier_iteration=6 stage=4 derivative_s=0.000149200 first_order_s=0.000075700 second_order_s=0.000055400 algebra_s=0.000223200 kkt_assembly_s=0.000054800 factor_s=0.001430200 solve_s=0.000686600 update_s=0.000092300 K_nnz=5523 rhs_cols=1 Vxx_nnz=2601
FILTERDDP_TIMING iteration=12 barrier_iteration=6 stage=3 derivative_s=0.000222700 first_order_s=0.000116400 second_order_s=0.000077300 algebra_s=0.000331600 kkt_assembly_s=0.000083800 factor_s=0.001542500 solve_s=0.000609400 update_s=0.000068700 K_nnz=5523 rhs_cols=1 Vxx_nnz=2601
FILTERDDP_TIMING iteration=12 barrier_iteration=6 stage=2 derivative_s=0.000219400 first_order_s=0.000116200 second_order_s=0.000075700 algebra_s=0.000337200 kkt_assembly_s=0.000072800 factor_s=0.001302200 solve_s=0.000710000 update_s=0.000122900 K_nnz=5523 rhs_cols=1 Vxx_nnz=2601
FILTERDDP_TIMING iteration=12 barrier_iteration=6 stage=1 derivative_s=0.000405900 first_order_s=0.000210300 second_order_s=0.000144200 algebra_s=0.000643800 kkt_assembly_s=0.000129200 factor_s=0.002839300 solve_s=0.000729700 update_s=0.000067500 K_nnz=5523 rhs_cols=1 Vxx_nnz=2601
FILTERDDP_FEASIBILITY iteration=12 barrier_iteration=6 equality_count=13488 equality_rms=2.022869254758e-02 equality_max=3.552919976975e-01 equality_worst_stage=16 equality_worst_index=509 dynamics_count=1173 dynamics_rms=2.553192630938e-18 dynamics_max=6.938893903907e-18 dynamics_worst_stage=23 dynamics_worst_index=10 bound_count=13440 bound_rms=0.000000000000e+00 bound_max=0.000000000000e+00 bound_worst_stage=0 bound_worst_index=0 bound_worst_kind=none
    12   2.92570254e+03   3.5529e-01   3.1275e-04   5.3490e-04   -4.19      -     8.8831e-01   0
FILTERDDP_ITER_TIMING iteration=12 barrier_iteration=6 backward_s=0.091587200 forward_s=0.008985000 total_s=0.100572200 outcome=accepted step_size=8.728722486e-01 backtracks=0 mu=6.400000000e-05
FILTERDDP_TIMING iteration=13 barrier_iteration=6 stage=24 derivative_s=0.000294000 first_order_s=0.000134300 second_order_s=0.000121900 algebra_s=0.000599300 kkt_assembly_s=0.000094900 factor_s=0.001975700 solve_s=0.000734000 update_s=0.000103100 K_nnz=5523 rhs_cols=1 Vxx_nnz=2601
FILTERDDP_TIMING iteration=13 barrier_iteration=6 stage=23 derivative_s=0.404716300 first_order_s=0.000110200 second_order_s=0.404576600 algebra_s=0.000220300 kkt_assembly_s=0.000060400 factor_s=0.000787200 solve_s=0.000703200 update_s=0.000113300 K_nnz=5523 rhs_cols=1 Vxx_nnz=2601
FILTERDDP_TIMING iteration=13 barrier_iteration=6 stage=22 derivative_s=0.000297300 first_order_s=0.000143200 second_order_s=0.000109800 algebra_s=0.000466100 kkt_assembly_s=0.000104900 factor_s=0.002023100 solve_s=0.000903800 update_s=0.000132700 K_nnz=5523 rhs_cols=1 Vxx_nnz=2601
FILTERDDP_TIMING iteration=13 barrier_iteration=6 stage=21 derivative_s=0.000441000 first_order_s=0.000228500 second_order_s=0.000151400 algebra_s=0.000532000 kkt_assembly_s=0.000128600 factor_s=0.002438500 solve_s=0.001001000 update_s=0.000134300 K_nnz=5523 rhs_cols=1 Vxx_nnz=2601
FILTERDDP_TIMING iteration=13 barrier_iteration=6 stage=20 derivative_s=0.000466500 first_order_s=0.000255500 second_order_s=0.000150600 algebra_s=0.000633700 kkt_assembly_s=0.000135800 factor_s=0.002894700 solve_s=0.000937200 update_s=0.000100100 K_nnz=5523 rhs_cols=1 Vxx_nnz=2601
FILTERDDP_TIMING iteration=13 barrier_iteration=6 stage=19 derivative_s=0.000283300 first_order_s=0.000141100 second_order_s=0.000102700 algebra_s=0.000450800 kkt_assembly_s=0.000111800 factor_s=0.002108500 solve_s=0.000827500 update_s=0.000099100 K_nnz=5523 rhs_cols=1 Vxx_nnz=2601
FILTERDDP_TIMING iteration=13 barrier_iteration=6 stage=18 derivative_s=0.000280500 first_order_s=0.000140200 second_order_s=0.000101300 algebra_s=0.000539000 kkt_assembly_s=0.000130500 factor_s=0.002481200 solve_s=0.000889300 update_s=0.000100100 K_nnz=5523 rhs_cols=1 Vxx_nnz=2601
FILTERDDP_TIMING iteration=13 barrier_iteration=6 stage=17 derivative_s=0.000375800 first_order_s=0.000190600 second_order_s=0.000129300 algebra_s=0.000648800 kkt_assembly_s=0.000135500 factor_s=0.002997800 solve_s=0.001079700 update_s=0.000083400 K_nnz=5523 rhs_cols=1 Vxx_nnz=2601
FILTERDDP_TIMING iteration=13 barrier_iteration=6 stage=16 derivative_s=0.000222000 first_order_s=0.000109300 second_order_s=0.000082400 algebra_s=0.000351600 kkt_assembly_s=0.000120700 factor_s=0.002184600 solve_s=0.001112600 update_s=0.000097200 K_nnz=5523 rhs_cols=1 Vxx_nnz=2601
FILTERDDP_TIMING iteration=13 barrier_iteration=6 stage=15 derivative_s=0.000306600 first_order_s=0.000159900 second_order_s=0.000103800 algebra_s=0.000452000 kkt_assembly_s=0.000103900 factor_s=0.002065000 solve_s=0.000864900 update_s=0.000092200 K_nnz=5523 rhs_cols=1 Vxx_nnz=2601
FILTERDDP_TIMING iteration=13 barrier_iteration=6 stage=14 derivative_s=0.000290000 first_order_s=0.000147600 second_order_s=0.000101600 algebra_s=0.000435200 kkt_assembly_s=0.000100900 factor_s=0.001909900 solve_s=0.000737100 update_s=0.000096800 K_nnz=5523 rhs_cols=1 Vxx_nnz=2601
FILTERDDP_TIMING iteration=13 barrier_iteration=6 stage=13 derivative_s=0.000276900 first_order_s=0.000138100 second_order_s=0.000102200 algebra_s=0.000534900 kkt_assembly_s=0.000136800 factor_s=0.003084600 solve_s=0.001001900 update_s=0.000098400 K_nnz=5523 rhs_cols=1 Vxx_nnz=2601
FILTERDDP_TIMING iteration=13 barrier_iteration=6 stage=12 derivative_s=0.000273700 first_order_s=0.000137000 second_order_s=0.000099100 algebra_s=0.000480500 kkt_assembly_s=0.000100500 factor_s=0.002842700 solve_s=0.001110900 update_s=0.000124200 K_nnz=5523 rhs_cols=1 Vxx_nnz=2601
FILTERDDP_TIMING iteration=13 barrier_iteration=6 stage=11 derivative_s=0.000432000 first_order_s=0.000215800 second_order_s=0.000163500 algebra_s=0.000625700 kkt_assembly_s=0.000138300 factor_s=0.002627400 solve_s=0.000798500 update_s=0.000066900 K_nnz=5523 rhs_cols=1 Vxx_nnz=2601
FILTERDDP_TIMING iteration=13 barrier_iteration=6 stage=10 derivative_s=0.000199200 first_order_s=0.000108300 second_order_s=0.000065500 algebra_s=0.000254100 kkt_assembly_s=0.000067900 factor_s=0.001162900 solve_s=0.000704500 update_s=0.000098200 K_nnz=5523 rhs_cols=1 Vxx_nnz=2601
FILTERDDP_TIMING iteration=13 barrier_iteration=6 stage=9 derivative_s=0.000273000 first_order_s=0.000137200 second_order_s=0.000100400 algebra_s=0.000450900 kkt_assembly_s=0.000098000 factor_s=0.001840900 solve_s=0.000763000 update_s=0.000094800 K_nnz=5523 rhs_cols=1 Vxx_nnz=2601
FILTERDDP_TIMING iteration=13 barrier_iteration=6 stage=8 derivative_s=0.000273100 first_order_s=0.000134500 second_order_s=0.000102800 algebra_s=0.000454200 kkt_assembly_s=0.000096400 factor_s=0.001990700 solve_s=0.001021100 update_s=0.000123400 K_nnz=5523 rhs_cols=1 Vxx_nnz=2601
FILTERDDP_TIMING iteration=13 barrier_iteration=6 stage=7 derivative_s=0.000406200 first_order_s=0.000206700 second_order_s=0.000146400 algebra_s=0.000637100 kkt_assembly_s=0.000128900 factor_s=0.002774200 solve_s=0.000796900 update_s=0.000056000 K_nnz=5523 rhs_cols=1 Vxx_nnz=2601
FILTERDDP_TIMING iteration=13 barrier_iteration=6 stage=6 derivative_s=0.000183400 first_order_s=0.000099600 second_order_s=0.000060600 algebra_s=0.000245200 kkt_assembly_s=0.000058600 factor_s=0.001016700 solve_s=0.000573600 update_s=0.000083600 K_nnz=5523 rhs_cols=1 Vxx_nnz=2601
FILTERDDP_TIMING iteration=13 barrier_iteration=6 stage=5 derivative_s=0.000200000 first_order_s=0.000100200 second_order_s=0.000074100 algebra_s=0.000305400 kkt_assembly_s=0.000085400 factor_s=0.001303500 solve_s=0.000631600 update_s=0.000057000 K_nnz=5523 rhs_cols=1 Vxx_nnz=2601
FILTERDDP_TIMING iteration=13 barrier_iteration=6 stage=4 derivative_s=0.000163700 first_order_s=0.000084900 second_order_s=0.000058700 algebra_s=0.000224100 kkt_assembly_s=0.000058300 factor_s=0.000983100 solve_s=0.000673200 update_s=0.000092800 K_nnz=5523 rhs_cols=1 Vxx_nnz=2601
FILTERDDP_TIMING iteration=13 barrier_iteration=6 stage=3 derivative_s=0.000269200 first_order_s=0.000135600 second_order_s=0.000098900 algebra_s=0.000444900 kkt_assembly_s=0.000094000 factor_s=0.001825300 solve_s=0.000803300 update_s=0.000064500 K_nnz=5523 rhs_cols=1 Vxx_nnz=2601
FILTERDDP_TIMING iteration=13 barrier_iteration=6 stage=2 derivative_s=0.000159400 first_order_s=0.000078700 second_order_s=0.000064200 algebra_s=0.000187600 kkt_assembly_s=0.000047400 factor_s=0.000746300 solve_s=0.000709400 update_s=0.000095300 K_nnz=5523 rhs_cols=1 Vxx_nnz=2601
FILTERDDP_TIMING iteration=13 barrier_iteration=6 stage=1 derivative_s=0.000266000 first_order_s=0.000132700 second_order_s=0.000099000 algebra_s=0.000447800 kkt_assembly_s=0.000092900 factor_s=0.002034500 solve_s=0.000796200 update_s=0.000104200 K_nnz=5523 rhs_cols=1 Vxx_nnz=2601
FILTERDDP_FEASIBILITY iteration=13 barrier_iteration=6 equality_count=13488 equality_rms=4.064881820105e-03 equality_max=7.153377442412e-02 equality_worst_stage=17 equality_worst_index=509 dynamics_count=1173 dynamics_rms=2.499884200357e-18 dynamics_max=6.938893903907e-18 dynamics_worst_stage=23 dynamics_worst_index=14 bound_count=13440 bound_rms=0.000000000000e+00 bound_max=0.000000000000e+00 bound_worst_stage=0 bound_worst_index=0 bound_worst_kind=none
    13   2.92490954e+03   7.1534e-02   1.2577e-04   2.0208e-04   -4.19      -     8.7287e-01   0
FILTERDDP_ITER_TIMING iteration=13 barrier_iteration=6 backward_s=0.496319500 forward_s=0.007822300 total_s=0.504141800 outcome=accepted step_size=1.000000000e+00 backtracks=0 mu=6.400000000e-05
FILTERDDP_TIMING iteration=14 barrier_iteration=6 stage=24 derivative_s=0.000122500 first_order_s=0.000052800 second_order_s=0.000052900 algebra_s=0.000189600 kkt_assembly_s=0.000049000 factor_s=0.000639700 solve_s=0.000565700 update_s=0.000102800 K_nnz=5523 rhs_cols=1 Vxx_nnz=2601
FILTERDDP_TIMING iteration=14 barrier_iteration=6 stage=23 derivative_s=0.000297000 first_order_s=0.000147600 second_order_s=0.000111700 algebra_s=0.000464600 kkt_assembly_s=0.000100500 factor_s=0.001843100 solve_s=0.000835700 update_s=0.000057300 K_nnz=5523 rhs_cols=1 Vxx_nnz=2601
FILTERDDP_TIMING iteration=14 barrier_iteration=6 stage=22 derivative_s=0.000168000 first_order_s=0.000088100 second_order_s=0.000057800 algebra_s=0.000225200 kkt_assembly_s=0.000077400 factor_s=0.001022700 solve_s=0.000697200 update_s=0.000094700 K_nnz=5523 rhs_cols=1 Vxx_nnz=2601
FILTERDDP_TIMING iteration=14 barrier_iteration=6 stage=21 derivative_s=0.000301900 first_order_s=0.000163600 second_order_s=0.000102600 algebra_s=0.000500800 kkt_assembly_s=0.000096400 factor_s=0.001834400 solve_s=0.000829900 update_s=0.000055400 K_nnz=5523 rhs_cols=1 Vxx_nnz=2601
FILTERDDP_TIMING iteration=14 barrier_iteration=6 stage=20 derivative_s=0.000171900 first_order_s=0.000095000 second_order_s=0.000057000 algebra_s=0.000228600 kkt_assembly_s=0.000060000 factor_s=0.000977100 solve_s=0.000744000 update_s=0.000096700 K_nnz=5523 rhs_cols=1 Vxx_nnz=2601
FILTERDDP_TIMING iteration=14 barrier_iteration=6 stage=19 derivative_s=0.000285900 first_order_s=0.000146900 second_order_s=0.000102400 algebra_s=0.000467800 kkt_assembly_s=0.000098000 factor_s=0.001847800 solve_s=0.000835100 update_s=0.000092500 K_nnz=5523 rhs_cols=1 Vxx_nnz=2601
FILTERDDP_TIMING iteration=14 barrier_iteration=6 stage=18 derivative_s=0.000337400 first_order_s=0.000202900 second_order_s=0.000099700 algebra_s=0.000533900 kkt_assembly_s=0.000109000 factor_s=0.001898300 solve_s=0.000817100 update_s=0.000093000 K_nnz=5523 rhs_cols=1 Vxx_nnz=2601
FILTERDDP_TIMING iteration=14 barrier_iteration=6 stage=17 derivative_s=0.000272900 first_order_s=0.000138400 second_order_s=0.000101100 algebra_s=0.000561400 kkt_assembly_s=0.000095500 factor_s=0.002025500 solve_s=0.000880300 update_s=0.000099500 K_nnz=5523 rhs_cols=1 Vxx_nnz=2601
FILTERDDP_TIMING iteration=14 barrier_iteration=6 stage=16 derivative_s=0.000329100 first_order_s=0.000173800 second_order_s=0.000116500 algebra_s=0.000420200 kkt_assembly_s=0.000094600 factor_s=0.001872500 solve_s=0.000868700 update_s=0.000098000 K_nnz=5523 rhs_cols=1 Vxx_nnz=2601
FILTERDDP_TIMING iteration=14 barrier_iteration=6 stage=15 derivative_s=0.000282700 first_order_s=0.000143400 second_order_s=0.000104200 algebra_s=0.000464300 kkt_assembly_s=0.000097800 factor_s=0.001903200 solve_s=0.000853400 update_s=0.000094800 K_nnz=5523 rhs_cols=1 Vxx_nnz=2601
FILTERDDP_TIMING iteration=14 barrier_iteration=6 stage=14 derivative_s=0.000279700 first_order_s=0.000146600 second_order_s=0.000098300 algebra_s=0.000459800 kkt_assembly_s=0.000095800 factor_s=0.001843300 solve_s=0.000820200 update_s=0.000097400 K_nnz=5523 rhs_cols=1 Vxx_nnz=2601
FILTERDDP_TIMING iteration=14 barrier_iteration=6 stage=13 derivative_s=0.000301900 first_order_s=0.000134300 second_order_s=0.000119700 algebra_s=0.000474100 kkt_assembly_s=0.000122700 factor_s=0.002002700 solve_s=0.000747200 update_s=0.000054100 K_nnz=5523 rhs_cols=1 Vxx_nnz=2601
FILTERDDP_TIMING iteration=14 barrier_iteration=6 stage=12 derivative_s=0.000170000 first_order_s=0.000089600 second_order_s=0.000059000 algebra_s=0.000220600 kkt_assembly_s=0.000054400 factor_s=0.000991800 solve_s=0.000643000 update_s=0.000095200 K_nnz=5523 rhs_cols=1 Vxx_nnz=2601
FILTERDDP_TIMING iteration=14 barrier_iteration=6 stage=11 derivative_s=0.000265500 first_order_s=0.000130700 second_order_s=0.000099500 algebra_s=0.000449700 kkt_assembly_s=0.000092900 factor_s=0.001889500 solve_s=0.000828600 update_s=0.000090900 K_nnz=5523 rhs_cols=1 Vxx_nnz=2601
FILTERDDP_TIMING iteration=14 barrier_iteration=6 stage=10 derivative_s=0.000267400 first_order_s=0.000133400 second_order_s=0.000099700 algebra_s=0.000542800 kkt_assembly_s=0.000096100 factor_s=0.001930300 solve_s=0.000854900 update_s=0.000092800 K_nnz=5523 rhs_cols=1 Vxx_nnz=2601
FILTERDDP_TIMING iteration=14 barrier_iteration=6 stage=9 derivative_s=0.000268600 first_order_s=0.000134700 second_order_s=0.000099000 algebra_s=0.000432000 kkt_assembly_s=0.000093500 factor_s=0.001912100 solve_s=0.000852700 update_s=0.000089700 K_nnz=5523 rhs_cols=1 Vxx_nnz=2601
FILTERDDP_TIMING iteration=14 barrier_iteration=6 stage=8 derivative_s=0.000271400 first_order_s=0.000137400 second_order_s=0.000099900 algebra_s=0.000456100 kkt_assembly_s=0.000092400 factor_s=0.001809000 solve_s=0.000851200 update_s=0.000095900 K_nnz=5523 rhs_cols=1 Vxx_nnz=2601
FILTERDDP_TIMING iteration=14 barrier_iteration=6 stage=7 derivative_s=0.000267600 first_order_s=0.000133600 second_order_s=0.000099000 algebra_s=0.000447600 kkt_assembly_s=0.000112900 factor_s=0.001890300 solve_s=0.000849500 update_s=0.000092000 K_nnz=5523 rhs_cols=1 Vxx_nnz=2601
FILTERDDP_TIMING iteration=14 barrier_iteration=6 stage=6 derivative_s=0.000278000 first_order_s=0.000142200 second_order_s=0.000102000 algebra_s=0.000638900 kkt_assembly_s=0.000123400 factor_s=0.002527400 solve_s=0.000925700 update_s=0.000115600 K_nnz=5523 rhs_cols=1 Vxx_nnz=2601
FILTERDDP_TIMING iteration=14 barrier_iteration=6 stage=5 derivative_s=0.000377700 first_order_s=0.000194300 second_order_s=0.000136200 algebra_s=0.000615500 kkt_assembly_s=0.000118800 factor_s=0.002706400 solve_s=0.000927700 update_s=0.000116800 K_nnz=5523 rhs_cols=1 Vxx_nnz=2601
FILTERDDP_TIMING iteration=14 barrier_iteration=6 stage=4 derivative_s=0.000371900 first_order_s=0.000197000 second_order_s=0.000130300 algebra_s=0.000615300 kkt_assembly_s=0.000117500 factor_s=0.002654200 solve_s=0.000911900 update_s=0.000096100 K_nnz=5523 rhs_cols=1 Vxx_nnz=2601
FILTERDDP_TIMING iteration=14 barrier_iteration=6 stage=3 derivative_s=0.000281100 first_order_s=0.000140300 second_order_s=0.000100400 algebra_s=0.000613400 kkt_assembly_s=0.000128600 factor_s=0.002978000 solve_s=0.001010900 update_s=0.000096700 K_nnz=5523 rhs_cols=1 Vxx_nnz=2601
FILTERDDP_TIMING iteration=14 barrier_iteration=6 stage=2 derivative_s=0.000308400 first_order_s=0.000162400 second_order_s=0.000107900 algebra_s=0.000486900 kkt_assembly_s=0.000102700 factor_s=0.002247100 solve_s=0.000894500 update_s=0.000092400 K_nnz=5523 rhs_cols=1 Vxx_nnz=2601
FILTERDDP_TIMING iteration=14 barrier_iteration=6 stage=1 derivative_s=0.000268300 first_order_s=0.000133900 second_order_s=0.000100900 algebra_s=0.000471100 kkt_assembly_s=0.000126900 factor_s=0.001910100 solve_s=0.000849200 update_s=0.000092000 K_nnz=5523 rhs_cols=1 Vxx_nnz=2601
FILTERDDP_FEASIBILITY iteration=14 barrier_iteration=6 equality_count=13488 equality_rms=1.149210917476e-04 equality_max=2.401477481802e-03 equality_worst_stage=19 equality_worst_index=509 dynamics_count=1173 dynamics_rms=0.000000000000e+00 dynamics_max=0.000000000000e+00 dynamics_worst_stage=0 dynamics_worst_index=0 bound_count=13440 bound_rms=0.000000000000e+00 bound_max=0.000000000000e+00 bound_worst_stage=0 bound_worst_index=0 bound_worst_kind=none
    14   2.92477451e+03   2.4015e-03   2.3890e-05   1.3106e-04   -4.19      -     1.0000e+00   0
FILTERDDP_ITER_TIMING iteration=14 barrier_iteration=6 backward_s=0.088310700 forward_s=0.007184700 total_s=0.095495400 outcome=accepted step_size=1.000000000e+00 backtracks=0 mu=6.400000000e-05
FILTERDDP_TIMING iteration=15 barrier_iteration=6 stage=24 derivative_s=0.000194800 first_order_s=0.000090200 second_order_s=0.000078500 algebra_s=0.000300200 kkt_assembly_s=0.000065800 factor_s=0.001007000 solve_s=0.000760200 update_s=0.000112900 K_nnz=5523 rhs_cols=1 Vxx_nnz=2601
FILTERDDP_TIMING iteration=15 barrier_iteration=6 stage=23 derivative_s=0.000274500 first_order_s=0.000135200 second_order_s=0.000103500 algebra_s=0.000453600 kkt_assembly_s=0.000097400 factor_s=0.002156400 solve_s=0.000774600 update_s=0.000099000 K_nnz=5523 rhs_cols=1 Vxx_nnz=2601
FILTERDDP_TIMING iteration=15 barrier_iteration=6 stage=22 derivative_s=0.000272800 first_order_s=0.000136400 second_order_s=0.000101000 algebra_s=0.000461700 kkt_assembly_s=0.000112300 factor_s=0.001865800 solve_s=0.000775100 update_s=0.000118600 K_nnz=5523 rhs_cols=1 Vxx_nnz=2601
FILTERDDP_TIMING iteration=15 barrier_iteration=6 stage=21 derivative_s=0.000308100 first_order_s=0.000145400 second_order_s=0.000125000 algebra_s=0.000454800 kkt_assembly_s=0.000224700 factor_s=0.002849400 solve_s=0.000815600 update_s=0.000130900 K_nnz=5523 rhs_cols=1 Vxx_nnz=2601
FILTERDDP_TIMING iteration=15 barrier_iteration=6 stage=20 derivative_s=0.000422500 first_order_s=0.000213000 second_order_s=0.000156100 algebra_s=0.000639100 kkt_assembly_s=0.000129000 factor_s=0.002772300 solve_s=0.000898700 update_s=0.000088600 K_nnz=5523 rhs_cols=1 Vxx_nnz=2601
FILTERDDP_TIMING iteration=15 barrier_iteration=6 stage=19 derivative_s=0.000319200 first_order_s=0.000170600 second_order_s=0.000109800 algebra_s=0.000435900 kkt_assembly_s=0.000088100 factor_s=0.001688800 solve_s=0.000712700 update_s=0.000059200 K_nnz=5523 rhs_cols=1 Vxx_nnz=2601
FILTERDDP_TIMING iteration=15 barrier_iteration=6 stage=18 derivative_s=0.000169300 first_order_s=0.000088600 second_order_s=0.000056500 algebra_s=0.000230800 kkt_assembly_s=0.000061700 factor_s=0.000982100 solve_s=0.000870800 update_s=0.000094400 K_nnz=5523 rhs_cols=1 Vxx_nnz=2601
FILTERDDP_TIMING iteration=15 barrier_iteration=6 stage=17 derivative_s=0.000273300 first_order_s=0.000135900 second_order_s=0.000102800 algebra_s=0.000472100 kkt_assembly_s=0.000097700 factor_s=0.001845600 solve_s=0.000787400 update_s=0.000091200 K_nnz=5523 rhs_cols=1 Vxx_nnz=2601
FILTERDDP_TIMING iteration=15 barrier_iteration=6 stage=16 derivative_s=0.000308000 first_order_s=0.000150400 second_order_s=0.000117900 algebra_s=0.000599900 kkt_assembly_s=0.000119400 factor_s=0.002708100 solve_s=0.000865300 update_s=0.000095500 K_nnz=5523 rhs_cols=1 Vxx_nnz=2601
FILTERDDP_TIMING iteration=15 barrier_iteration=6 stage=15 derivative_s=0.000268200 first_order_s=0.000135700 second_order_s=0.000097700 algebra_s=0.000452300 kkt_assembly_s=0.000096700 factor_s=0.002122400 solve_s=0.000851900 update_s=0.000085500 K_nnz=5523 rhs_cols=1 Vxx_nnz=2601
FILTERDDP_TIMING iteration=15 barrier_iteration=6 stage=14 derivative_s=0.000236900 first_order_s=0.000118100 second_order_s=0.000087900 algebra_s=0.000416900 kkt_assembly_s=0.000084500 factor_s=0.001584200 solve_s=0.000711500 update_s=0.000060900 K_nnz=5523 rhs_cols=1 Vxx_nnz=2601
FILTERDDP_TIMING iteration=15 barrier_iteration=6 stage=13 derivative_s=0.000534700 first_order_s=0.000321500 second_order_s=0.000161400 algebra_s=0.000599800 kkt_assembly_s=0.000141600 factor_s=0.002729500 solve_s=0.000906400 update_s=0.000097000 K_nnz=5523 rhs_cols=1 Vxx_nnz=2601
FILTERDDP_TIMING iteration=15 barrier_iteration=6 stage=12 derivative_s=0.000273100 first_order_s=0.000136300 second_order_s=0.000101800 algebra_s=0.000452800 kkt_assembly_s=0.000097800 factor_s=0.001858300 solve_s=0.000889900 update_s=0.000096700 K_nnz=5523 rhs_cols=1 Vxx_nnz=2601
FILTERDDP_TIMING iteration=15 barrier_iteration=6 stage=11 derivative_s=0.000268900 first_order_s=0.000134600 second_order_s=0.000099200 algebra_s=0.000510100 kkt_assembly_s=0.000148300 factor_s=0.002945800 solve_s=0.001063800 update_s=0.000117500 K_nnz=5523 rhs_cols=1 Vxx_nnz=2601
FILTERDDP_TIMING iteration=15 barrier_iteration=6 stage=10 derivative_s=0.000371800 first_order_s=0.000190100 second_order_s=0.000132500 algebra_s=0.000593200 kkt_assembly_s=0.000121000 factor_s=0.002710800 solve_s=0.000953400 update_s=0.000082300 K_nnz=5523 rhs_cols=1 Vxx_nnz=2601
FILTERDDP_TIMING iteration=15 barrier_iteration=6 stage=9 derivative_s=0.000259500 first_order_s=0.000133900 second_order_s=0.000094200 algebra_s=0.000424300 kkt_assembly_s=0.000083600 factor_s=0.001757300 solve_s=0.000750300 update_s=0.000093000 K_nnz=5523 rhs_cols=1 Vxx_nnz=2601
FILTERDDP_TIMING iteration=15 barrier_iteration=6 stage=8 derivative_s=0.000271100 first_order_s=0.000137000 second_order_s=0.000099100 algebra_s=0.000479300 kkt_assembly_s=0.000093900 factor_s=0.001865700 solve_s=0.000685800 update_s=0.000057700 K_nnz=5523 rhs_cols=1 Vxx_nnz=2601
FILTERDDP_TIMING iteration=15 barrier_iteration=6 stage=7 derivative_s=0.000168100 first_order_s=0.000095100 second_order_s=0.000054000 algebra_s=0.000239000 kkt_assembly_s=0.000057400 factor_s=0.000986900 solve_s=0.000627200 update_s=0.000122300 K_nnz=5523 rhs_cols=1 Vxx_nnz=2601
FILTERDDP_TIMING iteration=15 barrier_iteration=6 stage=6 derivative_s=0.000304200 first_order_s=0.000154800 second_order_s=0.000112200 algebra_s=0.000526400 kkt_assembly_s=0.000096800 factor_s=0.001953700 solve_s=0.000807500 update_s=0.000116600 K_nnz=5523 rhs_cols=1 Vxx_nnz=2601
FILTERDDP_TIMING iteration=15 barrier_iteration=6 stage=5 derivative_s=0.000268100 first_order_s=0.000134400 second_order_s=0.000099300 algebra_s=0.000471100 kkt_assembly_s=0.000107200 factor_s=0.001847000 solve_s=0.000762300 update_s=0.000096700 K_nnz=5523 rhs_cols=1 Vxx_nnz=2601
FILTERDDP_TIMING iteration=15 barrier_iteration=6 stage=4 derivative_s=0.000236700 first_order_s=0.000117000 second_order_s=0.000089800 algebra_s=0.000428200 kkt_assembly_s=0.000084900 factor_s=0.001583400 solve_s=0.000692200 update_s=0.000098100 K_nnz=5523 rhs_cols=1 Vxx_nnz=2601
FILTERDDP_TIMING iteration=15 barrier_iteration=6 stage=3 derivative_s=0.000290300 first_order_s=0.000157900 second_order_s=0.000098700 algebra_s=0.000420900 kkt_assembly_s=0.000096000 factor_s=0.001995000 solve_s=0.000825500 update_s=0.000121800 K_nnz=5523 rhs_cols=1 Vxx_nnz=2601
FILTERDDP_TIMING iteration=15 barrier_iteration=6 stage=2 derivative_s=0.000358600 first_order_s=0.000202200 second_order_s=0.000114500 algebra_s=0.000595800 kkt_assembly_s=0.000126000 factor_s=0.001999500 solve_s=0.000757200 update_s=0.000092900 K_nnz=5523 rhs_cols=1 Vxx_nnz=2601
FILTERDDP_TIMING iteration=15 barrier_iteration=6 stage=1 derivative_s=0.000267900 first_order_s=0.000133500 second_order_s=0.000099500 algebra_s=0.000491400 kkt_assembly_s=0.000097300 factor_s=0.001858300 solve_s=0.000965900 update_s=0.000105800 K_nnz=5523 rhs_cols=1 Vxx_nnz=2601
FILTERDDP_FEASIBILITY iteration=15 barrier_iteration=6 equality_count=13488 equality_rms=8.093040174634e-07 equality_max=2.234151829494e-05 equality_worst_stage=19 equality_worst_index=384 dynamics_count=1173 dynamics_rms=0.000000000000e+00 dynamics_max=0.000000000000e+00 dynamics_worst_stage=0 dynamics_worst_index=0 bound_count=13440 bound_rms=0.000000000000e+00 bound_max=0.000000000000e+00 bound_worst_stage=0 bound_worst_index=0 bound_worst_kind=none
FILTERDDP_ITER_TIMING iteration=15 barrier_iteration=6 backward_s=0.091346500 forward_s=0.000000000 total_s=0.091346500 outcome=barrier_update step_size=1.000000000e+00 backtracks=0 mu=6.400000000e-05
FILTERDDP_TIMING iteration=15 barrier_iteration=7 stage=24 derivative_s=0.000370500 first_order_s=0.000181200 second_order_s=0.000152700 algebra_s=0.000678800 kkt_assembly_s=0.000096500 factor_s=0.001958300 solve_s=0.000854000 update_s=0.000094600 K_nnz=5523 rhs_cols=1 Vxx_nnz=2601
FILTERDDP_TIMING iteration=15 barrier_iteration=7 stage=23 derivative_s=0.000298500 first_order_s=0.000161900 second_order_s=0.000101800 algebra_s=0.000572000 kkt_assembly_s=0.000122800 factor_s=0.002155700 solve_s=0.001149300 update_s=0.000126200 K_nnz=5523 rhs_cols=1 Vxx_nnz=2601
FILTERDDP_TIMING iteration=15 barrier_iteration=7 stage=22 derivative_s=0.000465600 first_order_s=0.000268500 second_order_s=0.000143200 algebra_s=0.000671300 kkt_assembly_s=0.000133300 factor_s=0.003095100 solve_s=0.001101100 update_s=0.000121600 K_nnz=5523 rhs_cols=1 Vxx_nnz=2601
FILTERDDP_TIMING iteration=15 barrier_iteration=7 stage=21 derivative_s=0.000266500 first_order_s=0.000124400 second_order_s=0.000111100 algebra_s=0.000362100 kkt_assembly_s=0.000078900 factor_s=0.001495000 solve_s=0.000751900 update_s=0.000077400 K_nnz=5523 rhs_cols=1 Vxx_nnz=2601
FILTERDDP_TIMING iteration=15 barrier_iteration=7 stage=20 derivative_s=0.000221500 first_order_s=0.000111400 second_order_s=0.000082200 algebra_s=0.000448900 kkt_assembly_s=0.000100500 factor_s=0.001561400 solve_s=0.000757300 update_s=0.000078500 K_nnz=5523 rhs_cols=1 Vxx_nnz=2601
FILTERDDP_TIMING iteration=15 barrier_iteration=7 stage=19 derivative_s=0.000260700 first_order_s=0.000132700 second_order_s=0.000098600 algebra_s=0.000399100 kkt_assembly_s=0.000078400 factor_s=0.001505400 solve_s=0.000772900 update_s=0.000108500 K_nnz=5523 rhs_cols=1 Vxx_nnz=2601
FILTERDDP_TIMING iteration=15 barrier_iteration=7 stage=18 derivative_s=0.000377300 first_order_s=0.000192600 second_order_s=0.000136600 algebra_s=0.000616300 kkt_assembly_s=0.000115300 factor_s=0.002150300 solve_s=0.000898400 update_s=0.000126500 K_nnz=5523 rhs_cols=1 Vxx_nnz=2601
FILTERDDP_TIMING iteration=15 barrier_iteration=7 stage=17 derivative_s=0.000284700 first_order_s=0.000140800 second_order_s=0.000105400 algebra_s=0.000601200 kkt_assembly_s=0.000130200 factor_s=0.002734200 solve_s=0.001042300 update_s=0.000095100 K_nnz=5523 rhs_cols=1 Vxx_nnz=2601
FILTERDDP_TIMING iteration=15 barrier_iteration=7 stage=16 derivative_s=0.000275100 first_order_s=0.000137800 second_order_s=0.000101400 algebra_s=0.000523900 kkt_assembly_s=0.000096200 factor_s=0.002120700 solve_s=0.000785200 update_s=0.000096500 K_nnz=5523 rhs_cols=1 Vxx_nnz=2601
FILTERDDP_TIMING iteration=15 barrier_iteration=7 stage=15 derivative_s=0.000295700 first_order_s=0.000158900 second_order_s=0.000100800 algebra_s=0.000470700 kkt_assembly_s=0.000098100 factor_s=0.002055000 solve_s=0.000767700 update_s=0.000123700 K_nnz=5523 rhs_cols=1 Vxx_nnz=2601
FILTERDDP_TIMING iteration=15 barrier_iteration=7 stage=14 derivative_s=0.000367200 first_order_s=0.000212500 second_order_s=0.000114800 algebra_s=0.000493900 kkt_assembly_s=0.000097100 factor_s=0.001977700 solve_s=0.000773500 update_s=0.000104300 K_nnz=5523 rhs_cols=1 Vxx_nnz=2601
FILTERDDP_TIMING iteration=15 barrier_iteration=7 stage=13 derivative_s=0.000319700 first_order_s=0.000148500 second_order_s=0.000122600 algebra_s=0.000477800 kkt_assembly_s=0.000097300 factor_s=0.001857900 solve_s=0.000724200 update_s=0.000067900 K_nnz=5523 rhs_cols=1 Vxx_nnz=2601
FILTERDDP_TIMING iteration=15 barrier_iteration=7 stage=12 derivative_s=0.000190900 first_order_s=0.000103300 second_order_s=0.000060100 algebra_s=0.000265600 kkt_assembly_s=0.000069900 factor_s=0.001040800 solve_s=0.000560300 update_s=0.000097200 K_nnz=5523 rhs_cols=1 Vxx_nnz=2601
FILTERDDP_TIMING iteration=15 barrier_iteration=7 stage=11 derivative_s=0.000336200 first_order_s=0.000167300 second_order_s=0.000123800 algebra_s=0.000472000 kkt_assembly_s=0.000098500 factor_s=0.001850600 solve_s=0.000700800 update_s=0.000136300 K_nnz=5523 rhs_cols=1 Vxx_nnz=2601
FILTERDDP_TIMING iteration=15 barrier_iteration=7 stage=10 derivative_s=0.000285300 first_order_s=0.000136800 second_order_s=0.000112400 algebra_s=0.000476200 kkt_assembly_s=0.000104700 factor_s=0.001761400 solve_s=0.000800200 update_s=0.000088400 K_nnz=5523 rhs_cols=1 Vxx_nnz=2601
FILTERDDP_TIMING iteration=15 barrier_iteration=7 stage=9 derivative_s=0.000265900 first_order_s=0.000138400 second_order_s=0.000093200 algebra_s=0.000440800 kkt_assembly_s=0.000092700 factor_s=0.001695800 solve_s=0.000754800 update_s=0.000054700 K_nnz=5523 rhs_cols=1 Vxx_nnz=2601
FILTERDDP_TIMING iteration=15 barrier_iteration=7 stage=8 derivative_s=0.000146500 first_order_s=0.000072300 second_order_s=0.000054100 algebra_s=0.000225300 kkt_assembly_s=0.000055100 factor_s=0.000920300 solve_s=0.000470500 update_s=0.000052600 K_nnz=5523 rhs_cols=1 Vxx_nnz=2601
FILTERDDP_TIMING iteration=15 barrier_iteration=7 stage=7 derivative_s=0.000155100 first_order_s=0.000084700 second_order_s=0.000052000 algebra_s=0.000211900 kkt_assembly_s=0.000054800 factor_s=0.000923000 solve_s=0.000745800 update_s=0.000084000 K_nnz=5523 rhs_cols=1 Vxx_nnz=2601
FILTERDDP_TIMING iteration=15 barrier_iteration=7 stage=6 derivative_s=0.000250000 first_order_s=0.000132400 second_order_s=0.000087000 algebra_s=0.000423700 kkt_assembly_s=0.000085500 factor_s=0.001680900 solve_s=0.000822100 update_s=0.000094400 K_nnz=5523 rhs_cols=1 Vxx_nnz=2601
FILTERDDP_TIMING iteration=15 barrier_iteration=7 stage=5 derivative_s=0.000290400 first_order_s=0.000135600 second_order_s=0.000120200 algebra_s=0.000566900 kkt_assembly_s=0.000097100 factor_s=0.002143100 solve_s=0.000834000 update_s=0.000091200 K_nnz=5523 rhs_cols=1 Vxx_nnz=2601
FILTERDDP_TIMING iteration=15 barrier_iteration=7 stage=4 derivative_s=0.000269000 first_order_s=0.000121100 second_order_s=0.000113200 algebra_s=0.000409400 kkt_assembly_s=0.000089100 factor_s=0.001616300 solve_s=0.000668700 update_s=0.000065500 K_nnz=5523 rhs_cols=1 Vxx_nnz=2601
FILTERDDP_TIMING iteration=15 barrier_iteration=7 stage=3 derivative_s=0.000145300 first_order_s=0.000067100 second_order_s=0.000060400 algebra_s=0.000184300 kkt_assembly_s=0.000078000 factor_s=0.000802400 solve_s=0.000613000 update_s=0.000108600 K_nnz=5523 rhs_cols=1 Vxx_nnz=2601
FILTERDDP_TIMING iteration=15 barrier_iteration=7 stage=2 derivative_s=0.000500400 first_order_s=0.000355400 second_order_s=0.000111700 algebra_s=0.000852300 kkt_assembly_s=0.000124300 factor_s=0.001956800 solve_s=0.000957600 update_s=0.000161300 K_nnz=5523 rhs_cols=1 Vxx_nnz=2601
FILTERDDP_TIMING iteration=15 barrier_iteration=7 stage=1 derivative_s=0.000492200 first_order_s=0.000197300 second_order_s=0.000237900 algebra_s=0.001047900 kkt_assembly_s=0.000142900 factor_s=0.002103000 solve_s=0.001018200 update_s=0.000163400 K_nnz=5523 rhs_cols=1 Vxx_nnz=2601
FILTERDDP_FEASIBILITY iteration=15 barrier_iteration=7 equality_count=13488 equality_rms=8.093040174634e-07 equality_max=2.234151829494e-05 equality_worst_stage=19 equality_worst_index=384 dynamics_count=1173 dynamics_rms=0.000000000000e+00 dynamics_max=0.000000000000e+00 dynamics_worst_stage=0 dynamics_worst_index=0 bound_count=13440 bound_rms=0.000000000000e+00 bound_max=0.000000000000e+00 bound_worst_stage=0 bound_worst_index=0 bound_worst_kind=none
FILTERDDP_ITER_TIMING iteration=15 barrier_iteration=7 backward_s=0.087531600 forward_s=0.000000000 total_s=0.087531600 outcome=barrier_update step_size=1.000000000e+00 backtracks=0 mu=9.277179695e-06
FILTERDDP_TIMING iteration=15 barrier_iteration=8 stage=24 derivative_s=0.000607900 first_order_s=0.000234800 second_order_s=0.000331600 algebra_s=0.001284700 kkt_assembly_s=0.000144100 factor_s=0.002417800 solve_s=0.001188900 update_s=0.000154000 K_nnz=5523 rhs_cols=1 Vxx_nnz=2601
FILTERDDP_TIMING iteration=15 barrier_iteration=8 stage=23 derivative_s=0.000638700 first_order_s=0.000394300 second_order_s=0.000190500 algebra_s=0.000898300 kkt_assembly_s=0.000147700 factor_s=0.002371500 solve_s=0.001149400 update_s=0.000127900 K_nnz=5523 rhs_cols=1 Vxx_nnz=2601
FILTERDDP_TIMING iteration=15 barrier_iteration=8 stage=22 derivative_s=0.000491800 first_order_s=0.000310500 second_order_s=0.000153600 algebra_s=0.000924600 kkt_assembly_s=0.000106600 factor_s=0.001690200 solve_s=0.001149100 update_s=0.000180300 K_nnz=5523 rhs_cols=1 Vxx_nnz=2601
FILTERDDP_TIMING iteration=15 barrier_iteration=8 stage=21 derivative_s=0.000390300 first_order_s=0.000199500 second_order_s=0.000158500 algebra_s=0.000797100 kkt_assembly_s=0.000161600 factor_s=0.001971500 solve_s=0.001172700 update_s=0.000176100 K_nnz=5523 rhs_cols=1 Vxx_nnz=2601
FILTERDDP_TIMING iteration=15 barrier_iteration=8 stage=20 derivative_s=0.000501500 first_order_s=0.000208700 second_order_s=0.000237800 algebra_s=0.001351100 kkt_assembly_s=0.000154200 factor_s=0.002411400 solve_s=0.001265800 update_s=0.000184800 K_nnz=5523 rhs_cols=1 Vxx_nnz=2601
FILTERDDP_TIMING iteration=15 barrier_iteration=8 stage=19 derivative_s=0.000704500 first_order_s=0.000443900 second_order_s=0.000204600 algebra_s=0.001139300 kkt_assembly_s=0.000146900 factor_s=0.002329600 solve_s=0.001054000 update_s=0.000184200 K_nnz=5523 rhs_cols=1 Vxx_nnz=2601
FILTERDDP_TIMING iteration=15 barrier_iteration=8 stage=18 derivative_s=0.000270100 first_order_s=0.000124200 second_order_s=0.000118900 algebra_s=0.000482000 kkt_assembly_s=0.000086800 factor_s=0.001199600 solve_s=0.000855100 update_s=0.000177600 K_nnz=5523 rhs_cols=1 Vxx_nnz=2601
FILTERDDP_TIMING iteration=15 barrier_iteration=8 stage=17 derivative_s=0.000448300 first_order_s=0.000197600 second_order_s=0.000193000 algebra_s=0.001035100 kkt_assembly_s=0.000153400 factor_s=0.002529100 solve_s=0.001095400 update_s=0.000159900 K_nnz=5523 rhs_cols=1 Vxx_nnz=2601
FILTERDDP_TIMING iteration=15 barrier_iteration=8 stage=16 derivative_s=0.000465400 first_order_s=0.000204500 second_order_s=0.000203900 algebra_s=0.001122500 kkt_assembly_s=0.000150900 factor_s=0.002356000 solve_s=0.001267600 update_s=0.000355300 K_nnz=5523 rhs_cols=1 Vxx_nnz=2601
FILTERDDP_TIMING iteration=15 barrier_iteration=8 stage=15 derivative_s=0.001219500 first_order_s=0.000525700 second_order_s=0.000632900 algebra_s=0.001058200 kkt_assembly_s=0.000181900 factor_s=0.003467300 solve_s=0.001246300 update_s=0.000350500 K_nnz=5523 rhs_cols=1 Vxx_nnz=2601
FILTERDDP_TIMING iteration=15 barrier_iteration=8 stage=14 derivative_s=0.000500900 first_order_s=0.000224300 second_order_s=0.000223300 algebra_s=0.001016400 kkt_assembly_s=0.000154400 factor_s=0.002191300 solve_s=0.001108100 update_s=0.000170100 K_nnz=5523 rhs_cols=1 Vxx_nnz=2601
FILTERDDP_TIMING iteration=15 barrier_iteration=8 stage=13 derivative_s=0.000457100 first_order_s=0.000198500 second_order_s=0.000205100 algebra_s=0.001006000 kkt_assembly_s=0.000158300 factor_s=0.002329400 solve_s=0.001151100 update_s=0.000177000 K_nnz=5523 rhs_cols=1 Vxx_nnz=2601
FILTERDDP_TIMING iteration=15 barrier_iteration=8 stage=12 derivative_s=0.000476400 first_order_s=0.000214700 second_order_s=0.000218800 algebra_s=0.001057200 kkt_assembly_s=0.000154200 factor_s=0.002268300 solve_s=0.000849200 update_s=0.000102700 K_nnz=5523 rhs_cols=1 Vxx_nnz=2601
FILTERDDP_TIMING iteration=15 barrier_iteration=8 stage=11 derivative_s=0.000599500 first_order_s=0.000242200 second_order_s=0.000317400 algebra_s=0.000501500 kkt_assembly_s=0.000091000 factor_s=0.001584500 solve_s=0.000825100 update_s=0.000218500 K_nnz=5523 rhs_cols=1 Vxx_nnz=2601
FILTERDDP_TIMING iteration=15 barrier_iteration=8 stage=10 derivative_s=0.000328500 first_order_s=0.000130800 second_order_s=0.000171600 algebra_s=0.000734000 kkt_assembly_s=0.000116400 factor_s=0.001591300 solve_s=0.000896200 update_s=0.000106400 K_nnz=5523 rhs_cols=1 Vxx_nnz=2601
FILTERDDP_TIMING iteration=15 barrier_iteration=8 stage=9 derivative_s=0.000355600 first_order_s=0.000178200 second_order_s=0.000152600 algebra_s=0.000791600 kkt_assembly_s=0.000106700 factor_s=0.001154900 solve_s=0.000666000 update_s=0.000096400 K_nnz=5523 rhs_cols=1 Vxx_nnz=2601
FILTERDDP_TIMING iteration=15 barrier_iteration=8 stage=8 derivative_s=0.000240800 first_order_s=0.000116000 second_order_s=0.000104500 algebra_s=0.000638500 kkt_assembly_s=0.000074600 factor_s=0.001141200 solve_s=0.000936700 update_s=0.000167800 K_nnz=5523 rhs_cols=1 Vxx_nnz=2601
FILTERDDP_TIMING iteration=15 barrier_iteration=8 stage=7 derivative_s=0.000619400 first_order_s=0.000374700 second_order_s=0.000195000 algebra_s=0.001058000 kkt_assembly_s=0.000150200 factor_s=0.002248700 solve_s=0.001170400 update_s=0.000172500 K_nnz=5523 rhs_cols=1 Vxx_nnz=2601
FILTERDDP_TIMING iteration=15 barrier_iteration=8 stage=6 derivative_s=0.000622700 first_order_s=0.000375600 second_order_s=0.000210300 algebra_s=0.001002800 kkt_assembly_s=0.000152700 factor_s=0.002256400 solve_s=0.001196000 update_s=0.000165400 K_nnz=5523 rhs_cols=1 Vxx_nnz=2601
FILTERDDP_TIMING iteration=15 barrier_iteration=8 stage=5 derivative_s=0.000466900 first_order_s=0.000197800 second_order_s=0.000202100 algebra_s=0.001019000 kkt_assembly_s=0.000149400 factor_s=0.002195000 solve_s=0.001105100 update_s=0.000171100 K_nnz=5523 rhs_cols=1 Vxx_nnz=2601
FILTERDDP_TIMING iteration=15 barrier_iteration=8 stage=4 derivative_s=0.000451800 first_order_s=0.000207000 second_order_s=0.000201200 algebra_s=0.001135100 kkt_assembly_s=0.000140900 factor_s=0.002495100 solve_s=0.001231200 update_s=0.000207500 K_nnz=5523 rhs_cols=1 Vxx_nnz=2601
FILTERDDP_TIMING iteration=15 barrier_iteration=8 stage=3 derivative_s=0.000855600 first_order_s=0.000288300 second_order_s=0.000513800 algebra_s=0.001307400 kkt_assembly_s=0.000211000 factor_s=0.002659400 solve_s=0.001449800 update_s=0.000214200 K_nnz=5523 rhs_cols=1 Vxx_nnz=2601
FILTERDDP_TIMING iteration=15 barrier_iteration=8 stage=2 derivative_s=0.000880800 first_order_s=0.000542600 second_order_s=0.000282300 algebra_s=0.001374700 kkt_assembly_s=0.000190400 factor_s=0.002933600 solve_s=0.001159100 update_s=0.000176300 K_nnz=5523 rhs_cols=1 Vxx_nnz=2601
FILTERDDP_TIMING iteration=15 barrier_iteration=8 stage=1 derivative_s=0.000453400 first_order_s=0.000233500 second_order_s=0.000171100 algebra_s=0.000918200 kkt_assembly_s=0.000130600 factor_s=0.001872100 solve_s=0.000802000 update_s=0.000066700 K_nnz=5523 rhs_cols=1 Vxx_nnz=2601
FILTERDDP_FEASIBILITY iteration=15 barrier_iteration=8 equality_count=13488 equality_rms=8.093040174634e-07 equality_max=2.234151829494e-05 equality_worst_stage=19 equality_worst_index=384 dynamics_count=1173 dynamics_rms=0.000000000000e+00 dynamics_max=0.000000000000e+00 dynamics_worst_stage=0 dynamics_worst_index=0 bound_count=13440 bound_rms=0.000000000000e+00 bound_max=0.000000000000e+00 bound_worst_stage=0 bound_worst_index=0 bound_worst_kind=none
    15   2.92477070e+03   2.2342e-05   1.2688e-06   9.8493e-05   -6.04      -     1.0000e+00   0
FILTERDDP_ITER_TIMING iteration=15 barrier_iteration=8 backward_s=0.123294900 forward_s=0.004717500 total_s=0.128012400 outcome=accepted step_size=6.356784125e-01 backtracks=0 mu=9.139010210e-07
FILTERDDP_TIMING iteration=16 barrier_iteration=8 stage=24 derivative_s=0.000274400 first_order_s=0.000068900 second_order_s=0.000188500 algebra_s=0.000526400 kkt_assembly_s=0.000228100 factor_s=0.002392400 solve_s=0.001111800 update_s=0.000200700 K_nnz=5523 rhs_cols=1 Vxx_nnz=2601
FILTERDDP_TIMING iteration=16 barrier_iteration=8 stage=23 derivative_s=0.000758200 first_order_s=0.000429800 second_order_s=0.000273100 algebra_s=0.001112700 kkt_assembly_s=0.000168800 factor_s=0.003276400 solve_s=0.001453900 update_s=0.000173200 K_nnz=5523 rhs_cols=1 Vxx_nnz=2601
FILTERDDP_TIMING iteration=16 barrier_iteration=8 stage=22 derivative_s=0.000871300 first_order_s=0.000220200 second_order_s=0.000583400 algebra_s=0.001170300 kkt_assembly_s=0.000148300 factor_s=0.002329700 solve_s=0.000851800 update_s=0.000074500 K_nnz=5523 rhs_cols=1 Vxx_nnz=2601
FILTERDDP_TIMING iteration=16 barrier_iteration=8 stage=21 derivative_s=0.000180900 first_order_s=0.000081800 second_order_s=0.000083300 algebra_s=0.000429100 kkt_assembly_s=0.000065400 factor_s=0.001199300 solve_s=0.000702500 update_s=0.000142800 K_nnz=5523 rhs_cols=1 Vxx_nnz=2601
FILTERDDP_TIMING iteration=16 barrier_iteration=8 stage=20 derivative_s=0.000337300 first_order_s=0.000211500 second_order_s=0.000103800 algebra_s=0.000349900 kkt_assembly_s=0.000065500 factor_s=0.000774700 solve_s=0.000629300 update_s=0.000107900 K_nnz=5523 rhs_cols=1 Vxx_nnz=2601
FILTERDDP_TIMING iteration=16 barrier_iteration=8 stage=19 derivative_s=0.000384200 first_order_s=0.000234100 second_order_s=0.000125000 algebra_s=0.000540300 kkt_assembly_s=0.000077200 factor_s=0.001115200 solve_s=0.000893900 update_s=0.000153000 K_nnz=5523 rhs_cols=1 Vxx_nnz=2601
FILTERDDP_TIMING iteration=16 barrier_iteration=8 stage=18 derivative_s=0.000470000 first_order_s=0.000205700 second_order_s=0.000217500 algebra_s=0.001337600 kkt_assembly_s=0.000160400 factor_s=0.003617600 solve_s=0.001419600 update_s=0.000174100 K_nnz=5523 rhs_cols=1 Vxx_nnz=2601
FILTERDDP_TIMING iteration=16 barrier_iteration=8 stage=17 derivative_s=0.000436000 first_order_s=0.000199300 second_order_s=0.000200400 algebra_s=0.001030100 kkt_assembly_s=0.000164700 factor_s=0.003203000 solve_s=0.001497900 update_s=0.000163000 K_nnz=5523 rhs_cols=1 Vxx_nnz=2601
FILTERDDP_TIMING iteration=16 barrier_iteration=8 stage=16 derivative_s=0.000619400 first_order_s=0.000381400 second_order_s=0.000202500 algebra_s=0.000958200 kkt_assembly_s=0.000205200 factor_s=0.003678200 solve_s=0.001107500 update_s=0.000351800 K_nnz=5523 rhs_cols=1 Vxx_nnz=2601
FILTERDDP_TIMING iteration=16 barrier_iteration=8 stage=15 derivative_s=0.000424600 first_order_s=0.000193700 second_order_s=0.000195400 algebra_s=0.000990700 kkt_assembly_s=0.000139300 factor_s=0.002166300 solve_s=0.001066100 update_s=0.000166000 K_nnz=5523 rhs_cols=1 Vxx_nnz=2601
FILTERDDP_TIMING iteration=16 barrier_iteration=8 stage=14 derivative_s=0.000469900 first_order_s=0.000206500 second_order_s=0.000214500 algebra_s=0.001196200 kkt_assembly_s=0.000188500 factor_s=0.001769300 solve_s=0.001065600 update_s=0.000215500 K_nnz=5523 rhs_cols=1 Vxx_nnz=2601
FILTERDDP_TIMING iteration=16 barrier_iteration=8 stage=13 derivative_s=0.000499500 first_order_s=0.000199600 second_order_s=0.000264200 algebra_s=0.001364900 kkt_assembly_s=0.000163300 factor_s=0.003030000 solve_s=0.001397400 update_s=0.000111400 K_nnz=5523 rhs_cols=1 Vxx_nnz=2601
FILTERDDP_TIMING iteration=16 barrier_iteration=8 stage=12 derivative_s=0.000438000 first_order_s=0.000268700 second_order_s=0.000145600 algebra_s=0.000637800 kkt_assembly_s=0.000130100 factor_s=0.001692900 solve_s=0.000933300 update_s=0.000161600 K_nnz=5523 rhs_cols=1 Vxx_nnz=2601
FILTERDDP_TIMING iteration=16 barrier_iteration=8 stage=11 derivative_s=0.000617200 first_order_s=0.000381100 second_order_s=0.000199900 algebra_s=0.001072400 kkt_assembly_s=0.000140300 factor_s=0.002205200 solve_s=0.001187600 update_s=0.000172200 K_nnz=5523 rhs_cols=1 Vxx_nnz=2601
FILTERDDP_TIMING iteration=16 barrier_iteration=8 stage=10 derivative_s=0.000437500 first_order_s=0.000191600 second_order_s=0.000196600 algebra_s=0.001029400 kkt_assembly_s=0.000140000 factor_s=0.002430300 solve_s=0.001088200 update_s=0.000152500 K_nnz=5523 rhs_cols=1 Vxx_nnz=2601
FILTERDDP_TIMING iteration=16 barrier_iteration=8 stage=9 derivative_s=0.000651500 first_order_s=0.000175800 second_order_s=0.000427600 algebra_s=0.000981500 kkt_assembly_s=0.000132000 factor_s=0.002300200 solve_s=0.001239800 update_s=0.000158400 K_nnz=5523 rhs_cols=1 Vxx_nnz=2601
FILTERDDP_TIMING iteration=16 barrier_iteration=8 stage=8 derivative_s=0.000595400 first_order_s=0.000198000 second_order_s=0.000362400 algebra_s=0.000908200 kkt_assembly_s=0.000146400 factor_s=0.002250500 solve_s=0.001105700 update_s=0.000163600 K_nnz=5523 rhs_cols=1 Vxx_nnz=2601
FILTERDDP_TIMING iteration=16 barrier_iteration=8 stage=7 derivative_s=0.000621500 first_order_s=0.000373100 second_order_s=0.000213700 algebra_s=0.001022900 kkt_assembly_s=0.000139700 factor_s=0.002508400 solve_s=0.001113000 update_s=0.000171900 K_nnz=5523 rhs_cols=1 Vxx_nnz=2601
FILTERDDP_TIMING iteration=16 barrier_iteration=8 stage=6 derivative_s=0.000447800 first_order_s=0.000209000 second_order_s=0.000203300 algebra_s=0.001106400 kkt_assembly_s=0.000142300 factor_s=0.002193800 solve_s=0.001170200 update_s=0.000188800 K_nnz=5523 rhs_cols=1 Vxx_nnz=2601
FILTERDDP_TIMING iteration=16 barrier_iteration=8 stage=5 derivative_s=0.000756000 first_order_s=0.000200200 second_order_s=0.000499900 algebra_s=0.001358400 kkt_assembly_s=0.000144000 factor_s=0.002319200 solve_s=0.001205200 update_s=0.000226600 K_nnz=5523 rhs_cols=1 Vxx_nnz=2601
FILTERDDP_TIMING iteration=16 barrier_iteration=8 stage=4 derivative_s=0.000727800 first_order_s=0.000194300 second_order_s=0.000482100 algebra_s=0.001053500 kkt_assembly_s=0.000203600 factor_s=0.002369700 solve_s=0.001162200 update_s=0.000202200 K_nnz=5523 rhs_cols=1 Vxx_nnz=2601
FILTERDDP_TIMING iteration=16 barrier_iteration=8 stage=3 derivative_s=0.000664700 first_order_s=0.000423800 second_order_s=0.000188200 algebra_s=0.001030000 kkt_assembly_s=0.000144500 factor_s=0.002202200 solve_s=0.001092000 update_s=0.000164300 K_nnz=5523 rhs_cols=1 Vxx_nnz=2601
FILTERDDP_TIMING iteration=16 barrier_iteration=8 stage=2 derivative_s=0.000453200 first_order_s=0.000199100 second_order_s=0.000216700 algebra_s=0.001092600 kkt_assembly_s=0.000143400 factor_s=0.002232900 solve_s=0.001310300 update_s=0.000172200 K_nnz=5523 rhs_cols=1 Vxx_nnz=2601
FILTERDDP_TIMING iteration=16 barrier_iteration=8 stage=1 derivative_s=0.000468300 first_order_s=0.000220900 second_order_s=0.000209700 algebra_s=0.001496600 kkt_assembly_s=0.000139900 factor_s=0.002301500 solve_s=0.001251600 update_s=0.000189100 K_nnz=5523 rhs_cols=1 Vxx_nnz=2601
FILTERDDP_FEASIBILITY iteration=16 barrier_iteration=8 equality_count=13488 equality_rms=9.137029638367e-05 equality_max=1.942989699776e-03 equality_worst_stage=18 equality_worst_index=509 dynamics_count=1173 dynamics_rms=2.543124797439e-18 dynamics_max=6.938893903907e-18 dynamics_worst_stage=23 dynamics_worst_index=8 bound_count=13440 bound_rms=0.000000000000e+00 bound_max=0.000000000000e+00 bound_worst_stage=0 bound_worst_index=0 bound_worst_kind=none
    16   2.92458720e+03   1.9430e-03   6.3463e-06   3.0909e-05   -6.04      -     6.3568e-01   0
FILTERDDP_ITER_TIMING iteration=16 barrier_iteration=8 backward_s=0.127922300 forward_s=0.008442200 total_s=0.136364500 outcome=accepted step_size=5.282398118e-01 backtracks=0 mu=9.139010210e-07
FILTERDDP_TIMING iteration=17 barrier_iteration=8 stage=24 derivative_s=0.000338500 first_order_s=0.000096700 second_order_s=0.000221000 algebra_s=0.000481100 kkt_assembly_s=0.000075600 factor_s=0.001413600 solve_s=0.001080200 update_s=0.000233700 K_nnz=5523 rhs_cols=1 Vxx_nnz=2601
FILTERDDP_TIMING iteration=17 barrier_iteration=8 stage=23 derivative_s=0.000566200 first_order_s=0.000242000 second_order_s=0.000283700 algebra_s=0.001456200 kkt_assembly_s=0.000208900 factor_s=0.002811300 solve_s=0.001257200 update_s=0.000220200 K_nnz=5523 rhs_cols=1 Vxx_nnz=2601
FILTERDDP_TIMING iteration=17 barrier_iteration=8 stage=22 derivative_s=0.000465600 first_order_s=0.000200600 second_order_s=0.000224700 algebra_s=0.001270600 kkt_assembly_s=0.000149400 factor_s=0.002810600 solve_s=0.001235500 update_s=0.000159300 K_nnz=5523 rhs_cols=1 Vxx_nnz=2601
FILTERDDP_TIMING iteration=17 barrier_iteration=8 stage=21 derivative_s=0.000450300 first_order_s=0.000197700 second_order_s=0.000191100 algebra_s=0.001171700 kkt_assembly_s=0.000176800 factor_s=0.002685400 solve_s=0.001242500 update_s=0.000161800 K_nnz=5523 rhs_cols=1 Vxx_nnz=2601
FILTERDDP_TIMING iteration=17 barrier_iteration=8 stage=20 derivative_s=0.000716000 first_order_s=0.000206800 second_order_s=0.000444600 algebra_s=0.001305000 kkt_assembly_s=0.000168500 factor_s=0.002597200 solve_s=0.001164100 update_s=0.000166800 K_nnz=5523 rhs_cols=1 Vxx_nnz=2601
FILTERDDP_TIMING iteration=17 barrier_iteration=8 stage=19 derivative_s=0.000567400 first_order_s=0.000273800 second_order_s=0.000250300 algebra_s=0.001121500 kkt_assembly_s=0.000165100 factor_s=0.002175600 solve_s=0.001014200 update_s=0.000076900 K_nnz=5523 rhs_cols=1 Vxx_nnz=2601
FILTERDDP_TIMING iteration=17 barrier_iteration=8 stage=18 derivative_s=0.000195900 first_order_s=0.000097900 second_order_s=0.000081700 algebra_s=0.000460900 kkt_assembly_s=0.000061100 factor_s=0.000894800 solve_s=0.000493600 update_s=0.000069700 K_nnz=5523 rhs_cols=1 Vxx_nnz=2601
FILTERDDP_TIMING iteration=17 barrier_iteration=8 stage=17 derivative_s=0.000232300 first_order_s=0.000072800 second_order_s=0.000146000 algebra_s=0.000280100 kkt_assembly_s=0.000071300 factor_s=0.000745400 solve_s=0.000766700 update_s=0.000125100 K_nnz=5523 rhs_cols=1 Vxx_nnz=2601
FILTERDDP_TIMING iteration=17 barrier_iteration=8 stage=16 derivative_s=0.000714300 first_order_s=0.000152300 second_order_s=0.000520800 algebra_s=0.000847600 kkt_assembly_s=0.000113500 factor_s=0.001809400 solve_s=0.001145800 update_s=0.000145300 K_nnz=5523 rhs_cols=1 Vxx_nnz=2601
FILTERDDP_TIMING iteration=17 barrier_iteration=8 stage=15 derivative_s=0.000590100 first_order_s=0.000268000 second_order_s=0.000282400 algebra_s=0.001141300 kkt_assembly_s=0.000138900 factor_s=0.002950100 solve_s=0.001463800 update_s=0.000226400 K_nnz=5523 rhs_cols=1 Vxx_nnz=2601
FILTERDDP_TIMING iteration=17 barrier_iteration=8 stage=14 derivative_s=0.000452500 first_order_s=0.000188300 second_order_s=0.000215000 algebra_s=0.001342600 kkt_assembly_s=0.000134100 factor_s=0.003082400 solve_s=0.000967300 update_s=0.000222000 K_nnz=5523 rhs_cols=1 Vxx_nnz=2601
FILTERDDP_TIMING iteration=17 barrier_iteration=8 stage=13 derivative_s=0.000623200 first_order_s=0.000191600 second_order_s=0.000382300 algebra_s=0.001034800 kkt_assembly_s=0.000164900 factor_s=0.002636900 solve_s=0.001192900 update_s=0.000173500 K_nnz=5523 rhs_cols=1 Vxx_nnz=2601
FILTERDDP_TIMING iteration=17 barrier_iteration=8 stage=12 derivative_s=0.000660800 first_order_s=0.000212900 second_order_s=0.000408600 algebra_s=0.001244500 kkt_assembly_s=0.000141900 factor_s=0.002522500 solve_s=0.001254400 update_s=0.000168100 K_nnz=5523 rhs_cols=1 Vxx_nnz=2601
FILTERDDP_TIMING iteration=17 barrier_iteration=8 stage=11 derivative_s=0.000478400 first_order_s=0.000196300 second_order_s=0.000229000 algebra_s=0.001098900 kkt_assembly_s=0.000098100 factor_s=0.002162700 solve_s=0.001265200 update_s=0.000176700 K_nnz=5523 rhs_cols=1 Vxx_nnz=2601
FILTERDDP_TIMING iteration=17 barrier_iteration=8 stage=10 derivative_s=0.000430400 first_order_s=0.000189800 second_order_s=0.000184200 algebra_s=0.001112600 kkt_assembly_s=0.000147000 factor_s=0.002273600 solve_s=0.001235100 update_s=0.000284100 K_nnz=5523 rhs_cols=1 Vxx_nnz=2601
FILTERDDP_TIMING iteration=17 barrier_iteration=8 stage=9 derivative_s=0.000660500 first_order_s=0.000232900 second_order_s=0.000390200 algebra_s=0.000806900 kkt_assembly_s=0.000146600 factor_s=0.002563200 solve_s=0.001251500 update_s=0.000147500 K_nnz=5523 rhs_cols=1 Vxx_nnz=2601
FILTERDDP_TIMING iteration=17 barrier_iteration=8 stage=8 derivative_s=0.000632200 first_order_s=0.000197100 second_order_s=0.000399100 algebra_s=0.001276500 kkt_assembly_s=0.000141000 factor_s=0.002205000 solve_s=0.001017800 update_s=0.000115100 K_nnz=5523 rhs_cols=1 Vxx_nnz=2601
FILTERDDP_TIMING iteration=17 barrier_iteration=8 stage=7 derivative_s=0.000309000 first_order_s=0.000157100 second_order_s=0.000126300 algebra_s=0.000854300 kkt_assembly_s=0.000095300 factor_s=0.001719100 solve_s=0.000977400 update_s=0.000193400 K_nnz=5523 rhs_cols=1 Vxx_nnz=2601
FILTERDDP_TIMING iteration=17 barrier_iteration=8 stage=6 derivative_s=0.000537100 first_order_s=0.000231500 second_order_s=0.000267800 algebra_s=0.001192700 kkt_assembly_s=0.000143700 factor_s=0.002443800 solve_s=0.001257100 update_s=0.000179100 K_nnz=5523 rhs_cols=1 Vxx_nnz=2601
FILTERDDP_TIMING iteration=17 barrier_iteration=8 stage=5 derivative_s=0.000654400 first_order_s=0.000188600 second_order_s=0.000415500 algebra_s=0.000930300 kkt_assembly_s=0.000138600 factor_s=0.002335500 solve_s=0.001210400 update_s=0.000173200 K_nnz=5523 rhs_cols=1 Vxx_nnz=2601
FILTERDDP_TIMING iteration=17 barrier_iteration=8 stage=4 derivative_s=0.000743600 first_order_s=0.000216500 second_order_s=0.000475000 algebra_s=0.001117900 kkt_assembly_s=0.000134600 factor_s=0.002360000 solve_s=0.001260900 update_s=0.000185200 K_nnz=5523 rhs_cols=1 Vxx_nnz=2601
FILTERDDP_TIMING iteration=17 barrier_iteration=8 stage=3 derivative_s=0.000851800 first_order_s=0.000193000 second_order_s=0.000602800 algebra_s=0.001120200 kkt_assembly_s=0.000150900 factor_s=0.002415000 solve_s=0.001166900 update_s=0.000301600 K_nnz=5523 rhs_cols=1 Vxx_nnz=2601
FILTERDDP_TIMING iteration=17 barrier_iteration=8 stage=2 derivative_s=0.000495700 first_order_s=0.000262300 second_order_s=0.000195700 algebra_s=0.001122400 kkt_assembly_s=0.000146200 factor_s=0.002269200 solve_s=0.001118700 update_s=0.000160900 K_nnz=5523 rhs_cols=1 Vxx_nnz=2601
FILTERDDP_TIMING iteration=17 barrier_iteration=8 stage=1 derivative_s=0.000440200 first_order_s=0.000217500 second_order_s=0.000187500 algebra_s=0.001114000 kkt_assembly_s=0.000145900 factor_s=0.002445300 solve_s=0.001163300 update_s=0.000158000 K_nnz=5523 rhs_cols=1 Vxx_nnz=2601
FILTERDDP_FEASIBILITY iteration=17 barrier_iteration=8 equality_count=13488 equality_rms=5.584323970023e-05 equality_max=1.182305477818e-03 equality_worst_stage=18 equality_worst_index=509 dynamics_count=1173 dynamics_rms=2.495261914368e-18 dynamics_max=6.938893903907e-18 dynamics_worst_stage=23 dynamics_worst_index=3 bound_count=13440 bound_rms=0.000000000000e+00 bound_max=0.000000000000e+00 bound_worst_stage=0 bound_worst_index=0 bound_worst_kind=none
    17   2.92452966e+03   1.1823e-03   4.4071e-06   1.7094e-05   -6.04      -     5.2824e-01   0
FILTERDDP_ITER_TIMING iteration=17 barrier_iteration=8 backward_s=0.127948600 forward_s=0.011999000 total_s=0.139947600 outcome=accepted step_size=6.081545802e-01 backtracks=0 mu=9.139010210e-07
FILTERDDP_TIMING iteration=18 barrier_iteration=8 stage=24 derivative_s=0.000483600 first_order_s=0.000178200 second_order_s=0.000267100 algebra_s=0.001112100 kkt_assembly_s=0.000150600 factor_s=0.002216100 solve_s=0.001332000 update_s=0.000195800 K_nnz=5523 rhs_cols=1 Vxx_nnz=2601
FILTERDDP_TIMING iteration=18 barrier_iteration=8 stage=23 derivative_s=0.000719000 first_order_s=0.000204500 second_order_s=0.000475500 algebra_s=0.001009000 kkt_assembly_s=0.000135100 factor_s=0.002334600 solve_s=0.001176600 update_s=0.000157400 K_nnz=5523 rhs_cols=1 Vxx_nnz=2601
FILTERDDP_TIMING iteration=18 barrier_iteration=8 stage=22 derivative_s=0.000421800 first_order_s=0.000194800 second_order_s=0.000191200 algebra_s=0.001017600 kkt_assembly_s=0.000139300 factor_s=0.002657000 solve_s=0.001238500 update_s=0.000157800 K_nnz=5523 rhs_cols=1 Vxx_nnz=2601
FILTERDDP_TIMING iteration=18 barrier_iteration=8 stage=21 derivative_s=0.000608600 first_order_s=0.000368900 second_order_s=0.000204700 algebra_s=0.000841700 kkt_assembly_s=0.000203100 factor_s=0.002916100 solve_s=0.001420400 update_s=0.000163400 K_nnz=5523 rhs_cols=1 Vxx_nnz=2601
FILTERDDP_TIMING iteration=18 barrier_iteration=8 stage=20 derivative_s=0.000482100 first_order_s=0.000209300 second_order_s=0.000220600 algebra_s=0.000981700 kkt_assembly_s=0.000151400 factor_s=0.002303000 solve_s=0.001279600 update_s=0.000203700 K_nnz=5523 rhs_cols=1 Vxx_nnz=2601
FILTERDDP_TIMING iteration=18 barrier_iteration=8 stage=19 derivative_s=0.045283900 first_order_s=0.000210900 second_order_s=0.045030000 algebra_s=0.000202900 kkt_assembly_s=0.000053500 factor_s=0.000766100 solve_s=0.000763500 update_s=0.000106900 K_nnz=5523 rhs_cols=1 Vxx_nnz=2601
FILTERDDP_TIMING iteration=18 barrier_iteration=8 stage=18 derivative_s=0.000279000 first_order_s=0.000138700 second_order_s=0.000102200 algebra_s=0.000454300 kkt_assembly_s=0.000096900 factor_s=0.001074300 solve_s=0.000526100 update_s=0.000087800 K_nnz=5523 rhs_cols=1 Vxx_nnz=2601
FILTERDDP_TIMING iteration=18 barrier_iteration=8 stage=17 derivative_s=0.000264900 first_order_s=0.000130000 second_order_s=0.000098800 algebra_s=0.000499000 kkt_assembly_s=0.000100200 factor_s=0.001215000 solve_s=0.000632400 update_s=0.000092100 K_nnz=5523 rhs_cols=1 Vxx_nnz=2601
FILTERDDP_TIMING iteration=18 barrier_iteration=8 stage=16 derivative_s=0.000268100 first_order_s=0.000132200 second_order_s=0.000099100 algebra_s=0.000475400 kkt_assembly_s=0.000093300 factor_s=0.002358800 solve_s=0.001057200 update_s=0.000090400 K_nnz=5523 rhs_cols=1 Vxx_nnz=2601
FILTERDDP_TIMING iteration=18 barrier_iteration=8 stage=15 derivative_s=0.000307900 first_order_s=0.000165900 second_order_s=0.000105100 algebra_s=0.000490100 kkt_assembly_s=0.000094700 factor_s=0.002118600 solve_s=0.001094700 update_s=0.000090700 K_nnz=5523 rhs_cols=1 Vxx_nnz=2601
FILTERDDP_TIMING iteration=18 barrier_iteration=8 stage=14 derivative_s=0.000265100 first_order_s=0.000131200 second_order_s=0.000098800 algebra_s=0.000510100 kkt_assembly_s=0.000126400 factor_s=0.002360000 solve_s=0.001032100 update_s=0.000122700 K_nnz=5523 rhs_cols=1 Vxx_nnz=2601
FILTERDDP_TIMING iteration=18 barrier_iteration=8 stage=13 derivative_s=0.000331900 first_order_s=0.000131300 second_order_s=0.000164800 algebra_s=0.000716000 kkt_assembly_s=0.000131500 factor_s=0.002203800 solve_s=0.001360500 update_s=0.000177200 K_nnz=5523 rhs_cols=1 Vxx_nnz=2601
FILTERDDP_TIMING iteration=18 barrier_iteration=8 stage=12 derivative_s=0.000449600 first_order_s=0.000215500 second_order_s=0.000187800 algebra_s=0.000707900 kkt_assembly_s=0.000127300 factor_s=0.002226200 solve_s=0.001196500 update_s=0.000144900 K_nnz=5523 rhs_cols=1 Vxx_nnz=2601
FILTERDDP_TIMING iteration=18 barrier_iteration=8 stage=11 derivative_s=0.000367800 first_order_s=0.000161500 second_order_s=0.000172000 algebra_s=0.000713600 kkt_assembly_s=0.000131800 factor_s=0.002237800 solve_s=0.001155100 update_s=0.000134800 K_nnz=5523 rhs_cols=1 Vxx_nnz=2601
FILTERDDP_TIMING iteration=18 barrier_iteration=8 stage=10 derivative_s=0.000337000 first_order_s=0.000150400 second_order_s=0.000151700 algebra_s=0.000731000 kkt_assembly_s=0.000131000 factor_s=0.002237500 solve_s=0.001216400 update_s=0.000140300 K_nnz=5523 rhs_cols=1 Vxx_nnz=2601
FILTERDDP_TIMING iteration=18 barrier_iteration=8 stage=9 derivative_s=0.000377800 first_order_s=0.000171900 second_order_s=0.000171100 algebra_s=0.000620100 kkt_assembly_s=0.000168500 factor_s=0.002695600 solve_s=0.001170000 update_s=0.000182300 K_nnz=5523 rhs_cols=1 Vxx_nnz=2601
FILTERDDP_TIMING iteration=18 barrier_iteration=8 stage=8 derivative_s=0.000398800 first_order_s=0.000199300 second_order_s=0.000163000 algebra_s=0.000659300 kkt_assembly_s=0.000130800 factor_s=0.002212900 solve_s=0.001298700 update_s=0.000143500 K_nnz=5523 rhs_cols=1 Vxx_nnz=2601
FILTERDDP_TIMING iteration=18 barrier_iteration=8 stage=7 derivative_s=0.000367600 first_order_s=0.000174500 second_order_s=0.000158400 algebra_s=0.000658800 kkt_assembly_s=0.000131600 factor_s=0.002177200 solve_s=0.001174800 update_s=0.000143100 K_nnz=5523 rhs_cols=1 Vxx_nnz=2601
FILTERDDP_TIMING iteration=18 barrier_iteration=8 stage=6 derivative_s=0.000427300 first_order_s=0.000164400 second_order_s=0.000219500 algebra_s=0.000660100 kkt_assembly_s=0.000154600 factor_s=0.002284700 solve_s=0.001068500 update_s=0.000113100 K_nnz=5523 rhs_cols=1 Vxx_nnz=2601
FILTERDDP_TIMING iteration=18 barrier_iteration=8 stage=5 derivative_s=0.000383200 first_order_s=0.000165900 second_order_s=0.000182600 algebra_s=0.000708800 kkt_assembly_s=0.000129600 factor_s=0.002090000 solve_s=0.001209500 update_s=0.000143100 K_nnz=5523 rhs_cols=1 Vxx_nnz=2601
FILTERDDP_TIMING iteration=18 barrier_iteration=8 stage=4 derivative_s=0.000429300 first_order_s=0.000153500 second_order_s=0.000241800 algebra_s=0.000772500 kkt_assembly_s=0.000171000 factor_s=0.002157000 solve_s=0.001176900 update_s=0.000136900 K_nnz=5523 rhs_cols=1 Vxx_nnz=2601
FILTERDDP_TIMING iteration=18 barrier_iteration=8 stage=3 derivative_s=0.000360000 first_order_s=0.000170700 second_order_s=0.000154800 algebra_s=0.000659600 kkt_assembly_s=0.000136400 factor_s=0.002262600 solve_s=0.001252700 update_s=0.000236800 K_nnz=5523 rhs_cols=1 Vxx_nnz=2601
FILTERDDP_TIMING iteration=18 barrier_iteration=8 stage=2 derivative_s=0.000474000 first_order_s=0.000260600 second_order_s=0.000173700 algebra_s=0.000723500 kkt_assembly_s=0.000127800 factor_s=0.002221900 solve_s=0.001274800 update_s=0.000131400 K_nnz=5523 rhs_cols=1 Vxx_nnz=2601
FILTERDDP_TIMING iteration=18 barrier_iteration=8 stage=1 derivative_s=0.000382200 first_order_s=0.000175400 second_order_s=0.000162600 algebra_s=0.000735300 kkt_assembly_s=0.000128700 factor_s=0.002199000 solve_s=0.001176700 update_s=0.000144100 K_nnz=5523 rhs_cols=1 Vxx_nnz=2601
FILTERDDP_FEASIBILITY iteration=18 barrier_iteration=8 equality_count=13488 equality_rms=2.671142261968e-05 equality_max=5.650456915103e-04 equality_worst_stage=18 equality_worst_index=509 dynamics_count=1173 dynamics_rms=2.648865549887e-18 dynamics_max=6.938893903907e-18 dynamics_worst_stage=23 dynamics_worst_index=5 bound_count=13440 bound_rms=0.000000000000e+00 bound_max=0.000000000000e+00 bound_worst_stage=0 bound_worst_index=0 bound_worst_kind=none
    18   2.92449773e+03   5.6505e-04   2.2705e-06   8.6694e-06   -6.04      -     6.0815e-01   0
FILTERDDP_ITER_TIMING iteration=18 barrier_iteration=8 backward_s=0.157949100 forward_s=0.008866400 total_s=0.166815500 outcome=accepted step_size=8.009067566e-01 backtracks=0 mu=9.139010210e-07
FILTERDDP_TIMING iteration=19 barrier_iteration=8 stage=24 derivative_s=0.000422000 first_order_s=0.000159400 second_order_s=0.000225900 algebra_s=0.000812600 kkt_assembly_s=0.000143600 factor_s=0.002135800 solve_s=0.001278600 update_s=0.000133400 K_nnz=5523 rhs_cols=1 Vxx_nnz=2601
FILTERDDP_TIMING iteration=19 barrier_iteration=8 stage=23 derivative_s=0.000455700 first_order_s=0.000191900 second_order_s=0.000222500 algebra_s=0.000669100 kkt_assembly_s=0.000138400 factor_s=0.002187400 solve_s=0.001244000 update_s=0.000137500 K_nnz=5523 rhs_cols=1 Vxx_nnz=2601
FILTERDDP_TIMING iteration=19 barrier_iteration=8 stage=22 derivative_s=0.000360500 first_order_s=0.000169000 second_order_s=0.000157900 algebra_s=0.000726500 kkt_assembly_s=0.000134100 factor_s=0.002524000 solve_s=0.001162100 update_s=0.000153300 K_nnz=5523 rhs_cols=1 Vxx_nnz=2601
FILTERDDP_TIMING iteration=19 barrier_iteration=8 stage=21 derivative_s=0.000433600 first_order_s=0.000224700 second_order_s=0.000172400 algebra_s=0.000643800 kkt_assembly_s=0.000152400 factor_s=0.002159100 solve_s=0.001263000 update_s=0.000140300 K_nnz=5523 rhs_cols=1 Vxx_nnz=2601
FILTERDDP_TIMING iteration=19 barrier_iteration=8 stage=20 derivative_s=0.000429200 first_order_s=0.000166800 second_order_s=0.000212600 algebra_s=0.000691000 kkt_assembly_s=0.000127100 factor_s=0.002256500 solve_s=0.001307400 update_s=0.000143700 K_nnz=5523 rhs_cols=1 Vxx_nnz=2601
FILTERDDP_TIMING iteration=19 barrier_iteration=8 stage=19 derivative_s=0.000410700 first_order_s=0.000188300 second_order_s=0.000187500 algebra_s=0.000690400 kkt_assembly_s=0.000166800 factor_s=0.002273500 solve_s=0.001250300 update_s=0.000138500 K_nnz=5523 rhs_cols=1 Vxx_nnz=2601
FILTERDDP_TIMING iteration=19 barrier_iteration=8 stage=18 derivative_s=0.000405100 first_order_s=0.000166200 second_order_s=0.000205000 algebra_s=0.000688900 kkt_assembly_s=0.000146000 factor_s=0.002337300 solve_s=0.001290200 update_s=0.000146400 K_nnz=5523 rhs_cols=1 Vxx_nnz=2601
FILTERDDP_TIMING iteration=19 barrier_iteration=8 stage=17 derivative_s=0.000398500 first_order_s=0.000188200 second_order_s=0.000175900 algebra_s=0.000699400 kkt_assembly_s=0.000126900 factor_s=0.002191900 solve_s=0.001243700 update_s=0.000151800 K_nnz=5523 rhs_cols=1 Vxx_nnz=2601
FILTERDDP_TIMING iteration=19 barrier_iteration=8 stage=16 derivative_s=0.000443100 first_order_s=0.000183400 second_order_s=0.000224700 algebra_s=0.000604500 kkt_assembly_s=0.000138200 factor_s=0.002178500 solve_s=0.001145100 update_s=0.000138900 K_nnz=5523 rhs_cols=1 Vxx_nnz=2601
FILTERDDP_TIMING iteration=19 barrier_iteration=8 stage=15 derivative_s=0.000411000 first_order_s=0.000172200 second_order_s=0.000203500 algebra_s=0.000670000 kkt_assembly_s=0.000189000 factor_s=0.002250300 solve_s=0.001257100 update_s=0.000135000 K_nnz=5523 rhs_cols=1 Vxx_nnz=2601
FILTERDDP_TIMING iteration=19 barrier_iteration=8 stage=14 derivative_s=0.000371200 first_order_s=0.000168700 second_order_s=0.000168400 algebra_s=0.000675000 kkt_assembly_s=0.000133100 factor_s=0.002240400 solve_s=0.001127600 update_s=0.000133100 K_nnz=5523 rhs_cols=1 Vxx_nnz=2601
FILTERDDP_TIMING iteration=19 barrier_iteration=8 stage=13 derivative_s=0.000369000 first_order_s=0.000171500 second_order_s=0.000163200 algebra_s=0.000703800 kkt_assembly_s=0.000133400 factor_s=0.002170300 solve_s=0.001199000 update_s=0.000146100 K_nnz=5523 rhs_cols=1 Vxx_nnz=2601
FILTERDDP_TIMING iteration=19 barrier_iteration=8 stage=12 derivative_s=0.000355700 first_order_s=0.000170000 second_order_s=0.000153800 algebra_s=0.000603100 kkt_assembly_s=0.000125000 factor_s=0.002073900 solve_s=0.001012000 update_s=0.000123600 K_nnz=5523 rhs_cols=1 Vxx_nnz=2601
FILTERDDP_TIMING iteration=19 barrier_iteration=8 stage=11 derivative_s=0.000342500 first_order_s=0.000154000 second_order_s=0.000156700 algebra_s=0.000592500 kkt_assembly_s=0.000121200 factor_s=0.001668900 solve_s=0.000979600 update_s=0.000139000 K_nnz=5523 rhs_cols=1 Vxx_nnz=2601
FILTERDDP_TIMING iteration=19 barrier_iteration=8 stage=10 derivative_s=0.000370800 first_order_s=0.000178200 second_order_s=0.000157900 algebra_s=0.000679100 kkt_assembly_s=0.000132400 factor_s=0.002152500 solve_s=0.001201600 update_s=0.000093900 K_nnz=5523 rhs_cols=1 Vxx_nnz=2601
FILTERDDP_TIMING iteration=19 barrier_iteration=8 stage=9 derivative_s=0.000453900 first_order_s=0.000219400 second_order_s=0.000196100 algebra_s=0.000673200 kkt_assembly_s=0.000134400 factor_s=0.002134800 solve_s=0.001138500 update_s=0.000138900 K_nnz=5523 rhs_cols=1 Vxx_nnz=2601
FILTERDDP_TIMING iteration=19 barrier_iteration=8 stage=8 derivative_s=0.000344600 first_order_s=0.000150100 second_order_s=0.000159700 algebra_s=0.000715100 kkt_assembly_s=0.000165600 factor_s=0.002356700 solve_s=0.000995900 update_s=0.000079600 K_nnz=5523 rhs_cols=1 Vxx_nnz=2601
FILTERDDP_TIMING iteration=19 barrier_iteration=8 stage=7 derivative_s=0.000196800 first_order_s=0.000100100 second_order_s=0.000081100 algebra_s=0.000235700 kkt_assembly_s=0.000055200 factor_s=0.000792500 solve_s=0.000765100 update_s=0.000134400 K_nnz=5523 rhs_cols=1 Vxx_nnz=2601
FILTERDDP_TIMING iteration=19 barrier_iteration=8 stage=6 derivative_s=0.000405700 first_order_s=0.000198800 second_order_s=0.000171700 algebra_s=0.000794400 kkt_assembly_s=0.000165600 factor_s=0.002356000 solve_s=0.001290200 update_s=0.000136700 K_nnz=5523 rhs_cols=1 Vxx_nnz=2601
FILTERDDP_TIMING iteration=19 barrier_iteration=8 stage=5 derivative_s=0.000377100 first_order_s=0.000175900 second_order_s=0.000167200 algebra_s=0.000658300 kkt_assembly_s=0.000134600 factor_s=0.002219800 solve_s=0.001132200 update_s=0.000147100 K_nnz=5523 rhs_cols=1 Vxx_nnz=2601
FILTERDDP_TIMING iteration=19 barrier_iteration=8 stage=4 derivative_s=0.000368300 first_order_s=0.000173100 second_order_s=0.000161000 algebra_s=0.000695900 kkt_assembly_s=0.000126600 factor_s=0.002143200 solve_s=0.001346700 update_s=0.000143100 K_nnz=5523 rhs_cols=1 Vxx_nnz=2601
FILTERDDP_TIMING iteration=19 barrier_iteration=8 stage=3 derivative_s=0.000360300 first_order_s=0.000169100 second_order_s=0.000157000 algebra_s=0.000722400 kkt_assembly_s=0.000132100 factor_s=0.002170800 solve_s=0.001158000 update_s=0.000150900 K_nnz=5523 rhs_cols=1 Vxx_nnz=2601
FILTERDDP_TIMING iteration=19 barrier_iteration=8 stage=2 derivative_s=0.000424700 first_order_s=0.000186700 second_order_s=0.000203000 algebra_s=0.000659000 kkt_assembly_s=0.000137500 factor_s=0.002240300 solve_s=0.001266100 update_s=0.000145300 K_nnz=5523 rhs_cols=1 Vxx_nnz=2601
FILTERDDP_TIMING iteration=19 barrier_iteration=8 stage=1 derivative_s=0.000366200 first_order_s=0.000168300 second_order_s=0.000163300 algebra_s=0.000853200 kkt_assembly_s=0.000173800 factor_s=0.002203000 solve_s=0.001192300 update_s=0.000170700 K_nnz=5523 rhs_cols=1 Vxx_nnz=2601
FILTERDDP_FEASIBILITY iteration=19 barrier_iteration=8 equality_count=13488 equality_rms=7.041985609275e-06 equality_max=1.534131928879e-04 equality_worst_stage=18 equality_worst_index=509 dynamics_count=1173 dynamics_rms=2.583160706706e-18 dynamics_max=6.938893903907e-18 dynamics_worst_stage=23 dynamics_worst_index=3 bound_count=13440 bound_rms=0.000000000000e+00 bound_max=0.000000000000e+00 bound_worst_stage=0 bound_worst_index=0 bound_worst_kind=none
    19   2.92448085e+03   1.5341e-04   8.0604e-07   3.5692e-06   -6.04      -     8.0091e-01   0
FILTERDDP_ITER_TIMING iteration=19 barrier_iteration=8 backward_s=0.112975800 forward_s=0.012682600 total_s=0.125658400 outcome=accepted step_size=1.000000000e+00 backtracks=0 mu=9.139010210e-07
FILTERDDP_TIMING iteration=20 barrier_iteration=8 stage=24 derivative_s=0.000647700 first_order_s=0.000257800 second_order_s=0.000326800 algebra_s=0.001080900 kkt_assembly_s=0.000183200 factor_s=0.003196000 solve_s=0.001420000 update_s=0.000149700 K_nnz=5523 rhs_cols=1 Vxx_nnz=2601
FILTERDDP_TIMING iteration=20 barrier_iteration=8 stage=23 derivative_s=0.000404200 first_order_s=0.000186700 second_order_s=0.000182600 algebra_s=0.000686100 kkt_assembly_s=0.000128100 factor_s=0.002258000 solve_s=0.001225600 update_s=0.000139200 K_nnz=5523 rhs_cols=1 Vxx_nnz=2601
FILTERDDP_TIMING iteration=20 barrier_iteration=8 stage=22 derivative_s=0.000405300 first_order_s=0.000188700 second_order_s=0.000180300 algebra_s=0.000691800 kkt_assembly_s=0.000129400 factor_s=0.002164400 solve_s=0.001360500 update_s=0.000180100 K_nnz=5523 rhs_cols=1 Vxx_nnz=2601
FILTERDDP_TIMING iteration=20 barrier_iteration=8 stage=21 derivative_s=0.000433500 first_order_s=0.000194900 second_order_s=0.000200300 algebra_s=0.000708100 kkt_assembly_s=0.000153300 factor_s=0.002202800 solve_s=0.001215300 update_s=0.000141900 K_nnz=5523 rhs_cols=1 Vxx_nnz=2601
FILTERDDP_TIMING iteration=20 barrier_iteration=8 stage=20 derivative_s=0.000436400 first_order_s=0.000173800 second_order_s=0.000226600 algebra_s=0.000735700 kkt_assembly_s=0.000129800 factor_s=0.002253600 solve_s=0.001089200 update_s=0.000093100 K_nnz=5523 rhs_cols=1 Vxx_nnz=2601
FILTERDDP_TIMING iteration=20 barrier_iteration=8 stage=19 derivative_s=0.000276200 first_order_s=0.000135500 second_order_s=0.000116200 algebra_s=0.000503400 kkt_assembly_s=0.000089500 factor_s=0.002054100 solve_s=0.001018500 update_s=0.000094800 K_nnz=5523 rhs_cols=1 Vxx_nnz=2601
FILTERDDP_TIMING iteration=20 barrier_iteration=8 stage=18 derivative_s=0.000203800 first_order_s=0.000101200 second_order_s=0.000084100 algebra_s=0.000325100 kkt_assembly_s=0.000088600 factor_s=0.001200000 solve_s=0.000935900 update_s=0.000134500 K_nnz=5523 rhs_cols=1 Vxx_nnz=2601
FILTERDDP_TIMING iteration=20 barrier_iteration=8 stage=17 derivative_s=0.000375400 first_order_s=0.000171200 second_order_s=0.000170000 algebra_s=0.000669100 kkt_assembly_s=0.000137000 factor_s=0.002289700 solve_s=0.001111700 update_s=0.000170400 K_nnz=5523 rhs_cols=1 Vxx_nnz=2601
FILTERDDP_TIMING iteration=20 barrier_iteration=8 stage=16 derivative_s=0.000399000 first_order_s=0.000179800 second_order_s=0.000184200 algebra_s=0.000688700 kkt_assembly_s=0.000135800 factor_s=0.002142200 solve_s=0.001091700 update_s=0.000140000 K_nnz=5523 rhs_cols=1 Vxx_nnz=2601
FILTERDDP_TIMING iteration=20 barrier_iteration=8 stage=15 derivative_s=0.000384200 first_order_s=0.000178100 second_order_s=0.000170900 algebra_s=0.000716400 kkt_assembly_s=0.000139900 factor_s=0.002221400 solve_s=0.001053900 update_s=0.000153100 K_nnz=5523 rhs_cols=1 Vxx_nnz=2601
FILTERDDP_TIMING iteration=20 barrier_iteration=8 stage=14 derivative_s=0.000371000 first_order_s=0.000174000 second_order_s=0.000162100 algebra_s=0.000702000 kkt_assembly_s=0.000132400 factor_s=0.002221900 solve_s=0.000992900 update_s=0.000076100 K_nnz=5523 rhs_cols=1 Vxx_nnz=2601
FILTERDDP_TIMING iteration=20 barrier_iteration=8 stage=13 derivative_s=0.000201200 first_order_s=0.000095200 second_order_s=0.000087700 algebra_s=0.000304300 kkt_assembly_s=0.000074100 factor_s=0.001012900 solve_s=0.000949900 update_s=0.000136300 K_nnz=5523 rhs_cols=1 Vxx_nnz=2601
FILTERDDP_TIMING iteration=20 barrier_iteration=8 stage=12 derivative_s=0.000378500 first_order_s=0.000168400 second_order_s=0.000176100 algebra_s=0.000747400 kkt_assembly_s=0.000130900 factor_s=0.002239700 solve_s=0.001137300 update_s=0.000135800 K_nnz=5523 rhs_cols=1 Vxx_nnz=2601
FILTERDDP_TIMING iteration=20 barrier_iteration=8 stage=11 derivative_s=0.000477400 first_order_s=0.000208400 second_order_s=0.000217300 algebra_s=0.000665400 kkt_assembly_s=0.000128200 factor_s=0.002155400 solve_s=0.001356900 update_s=0.000135800 K_nnz=5523 rhs_cols=1 Vxx_nnz=2601
FILTERDDP_TIMING iteration=20 barrier_iteration=8 stage=10 derivative_s=0.000324500 first_order_s=0.000115600 second_order_s=0.000173400 algebra_s=0.000361600 kkt_assembly_s=0.000073600 factor_s=0.001051300 solve_s=0.000917700 update_s=0.000137300 K_nnz=5523 rhs_cols=1 Vxx_nnz=2601
FILTERDDP_TIMING iteration=20 barrier_iteration=8 stage=9 derivative_s=0.000376200 first_order_s=0.000175200 second_order_s=0.000166500 algebra_s=0.000680200 kkt_assembly_s=0.000129000 factor_s=0.002162000 solve_s=0.001227300 update_s=0.000136000 K_nnz=5523 rhs_cols=1 Vxx_nnz=2601
FILTERDDP_TIMING iteration=20 barrier_iteration=8 stage=8 derivative_s=0.000367900 first_order_s=0.000172300 second_order_s=0.000160700 algebra_s=0.000676900 kkt_assembly_s=0.000133500 factor_s=0.002105400 solve_s=0.001089400 update_s=0.000144500 K_nnz=5523 rhs_cols=1 Vxx_nnz=2601
FILTERDDP_TIMING iteration=20 barrier_iteration=8 stage=7 derivative_s=0.000366100 first_order_s=0.000173400 second_order_s=0.000158300 algebra_s=0.000660400 kkt_assembly_s=0.000140700 factor_s=0.002429600 solve_s=0.001163000 update_s=0.000147600 K_nnz=5523 rhs_cols=1 Vxx_nnz=2601
FILTERDDP_TIMING iteration=20 barrier_iteration=8 stage=6 derivative_s=0.000401800 first_order_s=0.000173900 second_order_s=0.000191500 algebra_s=0.000648700 kkt_assembly_s=0.000135000 factor_s=0.002133500 solve_s=0.001225200 update_s=0.000138000 K_nnz=5523 rhs_cols=1 Vxx_nnz=2601
FILTERDDP_TIMING iteration=20 barrier_iteration=8 stage=5 derivative_s=0.000388500 first_order_s=0.000172100 second_order_s=0.000181200 algebra_s=0.000679800 kkt_assembly_s=0.000145300 factor_s=0.002261300 solve_s=0.001140500 update_s=0.000132400 K_nnz=5523 rhs_cols=1 Vxx_nnz=2601
FILTERDDP_TIMING iteration=20 barrier_iteration=8 stage=4 derivative_s=0.000364800 first_order_s=0.000171800 second_order_s=0.000159200 algebra_s=0.000673600 kkt_assembly_s=0.000093700 factor_s=0.002141100 solve_s=0.001246000 update_s=0.000140500 K_nnz=5523 rhs_cols=1 Vxx_nnz=2601
FILTERDDP_TIMING iteration=20 barrier_iteration=8 stage=3 derivative_s=0.000487700 first_order_s=0.000244400 second_order_s=0.000190100 algebra_s=0.000664500 kkt_assembly_s=0.000129600 factor_s=0.002286200 solve_s=0.001162000 update_s=0.000135000 K_nnz=5523 rhs_cols=1 Vxx_nnz=2601
FILTERDDP_TIMING iteration=20 barrier_iteration=8 stage=2 derivative_s=0.000368000 first_order_s=0.000174900 second_order_s=0.000159000 algebra_s=0.000662500 kkt_assembly_s=0.000140900 factor_s=0.002702400 solve_s=0.001273500 update_s=0.000154500 K_nnz=5523 rhs_cols=1 Vxx_nnz=2601
FILTERDDP_TIMING iteration=20 barrier_iteration=8 stage=1 derivative_s=0.000403400 first_order_s=0.000184700 second_order_s=0.000166700 algebra_s=0.000657900 kkt_assembly_s=0.000132500 factor_s=0.002174900 solve_s=0.001225100 update_s=0.000147000 K_nnz=5523 rhs_cols=1 Vxx_nnz=2601
FILTERDDP_FEASIBILITY iteration=20 barrier_iteration=8 equality_count=13488 equality_rms=1.846849814369e-07 equality_max=4.957949123099e-06 equality_worst_stage=18 equality_worst_index=509 dynamics_count=1173 dynamics_rms=0.000000000000e+00 dynamics_max=0.000000000000e+00 dynamics_worst_stage=0 dynamics_worst_index=0 bound_count=13440 bound_rms=0.000000000000e+00 bound_max=0.000000000000e+00 bound_worst_stage=0 bound_worst_index=0 bound_worst_kind=none
FILTERDDP_ITER_TIMING iteration=20 barrier_iteration=8 backward_s=0.111093900 forward_s=0.000000000 total_s=0.111093900 outcome=barrier_update step_size=1.000000000e+00 backtracks=0 mu=9.139010210e-07
FILTERDDP_TIMING iteration=20 barrier_iteration=9 stage=24 derivative_s=0.000515000 first_order_s=0.000218200 second_order_s=0.000259500 algebra_s=0.000789100 kkt_assembly_s=0.000141300 factor_s=0.002143300 solve_s=0.001309500 update_s=0.000172200 K_nnz=5523 rhs_cols=1 Vxx_nnz=2601
FILTERDDP_TIMING iteration=20 barrier_iteration=9 stage=23 derivative_s=0.000389400 first_order_s=0.000191100 second_order_s=0.000162700 algebra_s=0.000666600 kkt_assembly_s=0.000132700 factor_s=0.002225100 solve_s=0.001245700 update_s=0.000147300 K_nnz=5523 rhs_cols=1 Vxx_nnz=2601
FILTERDDP_TIMING iteration=20 barrier_iteration=9 stage=22 derivative_s=0.000461300 first_order_s=0.000196400 second_order_s=0.000227600 algebra_s=0.000736700 kkt_assembly_s=0.000183500 factor_s=0.002225000 solve_s=0.001392200 update_s=0.000179500 K_nnz=5523 rhs_cols=1 Vxx_nnz=2601
FILTERDDP_TIMING iteration=20 barrier_iteration=9 stage=21 derivative_s=0.000425700 first_order_s=0.000188500 second_order_s=0.000202300 algebra_s=0.000769700 kkt_assembly_s=0.000194400 factor_s=0.002335300 solve_s=0.001209500 update_s=0.000134500 K_nnz=5523 rhs_cols=1 Vxx_nnz=2601
FILTERDDP_TIMING iteration=20 barrier_iteration=9 stage=20 derivative_s=0.000369700 first_order_s=0.000175900 second_order_s=0.000159200 algebra_s=0.000988100 kkt_assembly_s=0.000125000 factor_s=0.002322000 solve_s=0.001186900 update_s=0.000155200 K_nnz=5523 rhs_cols=1 Vxx_nnz=2601
FILTERDDP_TIMING iteration=20 barrier_iteration=9 stage=19 derivative_s=0.000428200 first_order_s=0.000193400 second_order_s=0.000200500 algebra_s=0.000956000 kkt_assembly_s=0.000132300 factor_s=0.002244900 solve_s=0.001201400 update_s=0.000154100 K_nnz=5523 rhs_cols=1 Vxx_nnz=2601
FILTERDDP_TIMING iteration=20 barrier_iteration=9 stage=18 derivative_s=0.000578900 first_order_s=0.000362700 second_order_s=0.000181800 algebra_s=0.000801000 kkt_assembly_s=0.000151200 factor_s=0.002426400 solve_s=0.001127300 update_s=0.000367400 K_nnz=5523 rhs_cols=1 Vxx_nnz=2601
FILTERDDP_TIMING iteration=20 barrier_iteration=9 stage=17 derivative_s=0.000426400 first_order_s=0.000202200 second_order_s=0.000188800 algebra_s=0.001131900 kkt_assembly_s=0.000134800 factor_s=0.002201900 solve_s=0.001385200 update_s=0.000233300 K_nnz=5523 rhs_cols=1 Vxx_nnz=2601
FILTERDDP_TIMING iteration=20 barrier_iteration=9 stage=16 derivative_s=0.000431200 first_order_s=0.000187400 second_order_s=0.000193800 algebra_s=0.025918600 kkt_assembly_s=0.000096700 factor_s=0.001874400 solve_s=0.000872600 update_s=0.000111200 K_nnz=5523 rhs_cols=1 Vxx_nnz=2601
FILTERDDP_TIMING iteration=20 barrier_iteration=9 stage=15 derivative_s=0.000269100 first_order_s=0.000133100 second_order_s=0.000098300 algebra_s=0.000447000 kkt_assembly_s=0.000093600 factor_s=0.001849000 solve_s=0.001000800 update_s=0.000107300 K_nnz=5523 rhs_cols=1 Vxx_nnz=2601
FILTERDDP_TIMING iteration=20 barrier_iteration=9 stage=14 derivative_s=0.000302700 first_order_s=0.000153300 second_order_s=0.000111600 algebra_s=0.000447100 kkt_assembly_s=0.000090900 factor_s=0.001868300 solve_s=0.000972200 update_s=0.000088000 K_nnz=5523 rhs_cols=1 Vxx_nnz=2601
FILTERDDP_TIMING iteration=20 barrier_iteration=9 stage=13 derivative_s=0.000263100 first_order_s=0.000131300 second_order_s=0.000098000 algebra_s=0.000439700 kkt_assembly_s=0.000088700 factor_s=0.002042300 solve_s=0.001027800 update_s=0.000095300 K_nnz=5523 rhs_cols=1 Vxx_nnz=2601
FILTERDDP_TIMING iteration=20 barrier_iteration=9 stage=12 derivative_s=0.000261900 first_order_s=0.000131000 second_order_s=0.000096200 algebra_s=0.000447200 kkt_assembly_s=0.000092800 factor_s=0.001988600 solve_s=0.000850700 update_s=0.000090400 K_nnz=5523 rhs_cols=1 Vxx_nnz=2601
FILTERDDP_TIMING iteration=20 barrier_iteration=9 stage=11 derivative_s=0.000268000 first_order_s=0.000135000 second_order_s=0.000098900 algebra_s=0.000442000 kkt_assembly_s=0.000089600 factor_s=0.002004500 solve_s=0.000976100 update_s=0.000092100 K_nnz=5523 rhs_cols=1 Vxx_nnz=2601
FILTERDDP_TIMING iteration=20 barrier_iteration=9 stage=10 derivative_s=0.000336700 first_order_s=0.000185400 second_order_s=0.000113500 algebra_s=0.000454000 kkt_assembly_s=0.000091600 factor_s=0.001811100 solve_s=0.000974700 update_s=0.000091900 K_nnz=5523 rhs_cols=1 Vxx_nnz=2601
FILTERDDP_TIMING iteration=20 barrier_iteration=9 stage=9 derivative_s=0.000309100 first_order_s=0.000162000 second_order_s=0.000109900 algebra_s=0.000471500 kkt_assembly_s=0.000105800 factor_s=0.001893500 solve_s=0.000941800 update_s=0.000088900 K_nnz=5523 rhs_cols=1 Vxx_nnz=2601
FILTERDDP_TIMING iteration=20 barrier_iteration=9 stage=8 derivative_s=0.000263900 first_order_s=0.000132600 second_order_s=0.000096700 algebra_s=0.000444200 kkt_assembly_s=0.000091300 factor_s=0.001869400 solve_s=0.000948000 update_s=0.000094800 K_nnz=5523 rhs_cols=1 Vxx_nnz=2601
FILTERDDP_TIMING iteration=20 barrier_iteration=9 stage=7 derivative_s=0.000288600 first_order_s=0.000155400 second_order_s=0.000098400 algebra_s=0.000442100 kkt_assembly_s=0.000091100 factor_s=0.001835900 solve_s=0.000975800 update_s=0.000090100 K_nnz=5523 rhs_cols=1 Vxx_nnz=2601
FILTERDDP_TIMING iteration=20 barrier_iteration=9 stage=6 derivative_s=0.000263900 first_order_s=0.000132000 second_order_s=0.000097900 algebra_s=0.000443100 kkt_assembly_s=0.000091800 factor_s=0.001817500 solve_s=0.000949400 update_s=0.000092400 K_nnz=5523 rhs_cols=1 Vxx_nnz=2601
FILTERDDP_TIMING iteration=20 barrier_iteration=9 stage=5 derivative_s=0.000261600 first_order_s=0.000130300 second_order_s=0.000097800 algebra_s=0.000445300 kkt_assembly_s=0.000090000 factor_s=0.001886000 solve_s=0.001031500 update_s=0.000094600 K_nnz=5523 rhs_cols=1 Vxx_nnz=2601
FILTERDDP_TIMING iteration=20 barrier_iteration=9 stage=4 derivative_s=0.000333300 first_order_s=0.000176200 second_order_s=0.000120300 algebra_s=0.000458300 kkt_assembly_s=0.000093200 factor_s=0.002167000 solve_s=0.000834000 update_s=0.000095400 K_nnz=5523 rhs_cols=1 Vxx_nnz=2601
FILTERDDP_TIMING iteration=20 barrier_iteration=9 stage=3 derivative_s=0.000314700 first_order_s=0.000164400 second_order_s=0.000112300 algebra_s=0.000453200 kkt_assembly_s=0.000093600 factor_s=0.001836800 solve_s=0.000959400 update_s=0.000091900 K_nnz=5523 rhs_cols=1 Vxx_nnz=2601
FILTERDDP_TIMING iteration=20 barrier_iteration=9 stage=2 derivative_s=0.000272800 first_order_s=0.000136900 second_order_s=0.000101000 algebra_s=0.000464000 kkt_assembly_s=0.000095600 factor_s=0.001878500 solve_s=0.000847600 update_s=0.000088900 K_nnz=5523 rhs_cols=1 Vxx_nnz=2601
FILTERDDP_TIMING iteration=20 barrier_iteration=9 stage=1 derivative_s=0.000275500 first_order_s=0.000132000 second_order_s=0.000104200 algebra_s=0.000468400 kkt_assembly_s=0.000093500 factor_s=0.001810900 solve_s=0.000990800 update_s=0.000091900 K_nnz=5523 rhs_cols=1 Vxx_nnz=2601
FILTERDDP_FEASIBILITY iteration=20 barrier_iteration=9 equality_count=13488 equality_rms=1.846849814369e-07 equality_max=4.957949123099e-06 equality_worst_stage=18 equality_worst_index=509 dynamics_count=1173 dynamics_rms=0.000000000000e+00 dynamics_max=0.000000000000e+00 dynamics_worst_stage=0 dynamics_worst_index=0 bound_count=13440 bound_rms=0.000000000000e+00 bound_max=0.000000000000e+00 bound_worst_stage=0 bound_worst_index=0 bound_worst_kind=none
  iter     objective        pr_inf       du_inf       cs_inf     lg(μ)   lg(reg)    alpha     ls
    20   2.92447647e+03   4.9579e-06   1.0052e-07   1.4063e-06   -7.25      -     1.0000e+00   0
FILTERDDP_ITER_TIMING iteration=20 barrier_iteration=9 backward_s=0.128574400 forward_s=0.011007300 total_s=0.139581700 outcome=accepted step_size=9.212913008e-01 backtracks=0 mu=5.663422933e-08
FILTERDDP_TIMING iteration=21 barrier_iteration=9 stage=24 derivative_s=0.000411800 first_order_s=0.000162600 second_order_s=0.000207200 algebra_s=0.000507300 kkt_assembly_s=0.000098500 factor_s=0.001994400 solve_s=0.000921700 update_s=0.000093600 K_nnz=5523 rhs_cols=1 Vxx_nnz=2601
FILTERDDP_TIMING iteration=21 barrier_iteration=9 stage=23 derivative_s=0.000270900 first_order_s=0.000134300 second_order_s=0.000101400 algebra_s=0.000464800 kkt_assembly_s=0.000095300 factor_s=0.001925000 solve_s=0.001177200 update_s=0.000095000 K_nnz=5523 rhs_cols=1 Vxx_nnz=2601
FILTERDDP_TIMING iteration=21 barrier_iteration=9 stage=22 derivative_s=0.000279000 first_order_s=0.000134600 second_order_s=0.000108900 algebra_s=0.000445700 kkt_assembly_s=0.000092200 factor_s=0.001817300 solve_s=0.000953300 update_s=0.000094800 K_nnz=5523 rhs_cols=1 Vxx_nnz=2601
FILTERDDP_TIMING iteration=21 barrier_iteration=9 stage=21 derivative_s=0.000266800 first_order_s=0.000133100 second_order_s=0.000099500 algebra_s=0.000451000 kkt_assembly_s=0.000093200 factor_s=0.002091000 solve_s=0.000875700 update_s=0.000092000 K_nnz=5523 rhs_cols=1 Vxx_nnz=2601
FILTERDDP_TIMING iteration=21 barrier_iteration=9 stage=20 derivative_s=0.000269300 first_order_s=0.000135000 second_order_s=0.000098900 algebra_s=0.000474700 kkt_assembly_s=0.000104200 factor_s=0.001817300 solve_s=0.000992800 update_s=0.000104700 K_nnz=5523 rhs_cols=1 Vxx_nnz=2601
FILTERDDP_TIMING iteration=21 barrier_iteration=9 stage=19 derivative_s=0.000297400 first_order_s=0.000145600 second_order_s=0.000118000 algebra_s=0.000465200 kkt_assembly_s=0.000093200 factor_s=0.002257000 solve_s=0.000890000 update_s=0.000093700 K_nnz=5523 rhs_cols=1 Vxx_nnz=2601
FILTERDDP_TIMING iteration=21 barrier_iteration=9 stage=18 derivative_s=0.000269300 first_order_s=0.000134000 second_order_s=0.000100600 algebra_s=0.000566900 kkt_assembly_s=0.000093200 factor_s=0.001917300 solve_s=0.000916100 update_s=0.000092600 K_nnz=5523 rhs_cols=1 Vxx_nnz=2601
FILTERDDP_TIMING iteration=21 barrier_iteration=9 stage=17 derivative_s=0.000305000 first_order_s=0.000140800 second_order_s=0.000122400 algebra_s=0.000447900 kkt_assembly_s=0.000093400 factor_s=0.001981800 solve_s=0.000936100 update_s=0.000120400 K_nnz=5523 rhs_cols=1 Vxx_nnz=2601
FILTERDDP_TIMING iteration=21 barrier_iteration=9 stage=16 derivative_s=0.000414000 first_order_s=0.000223000 second_order_s=0.000143400 algebra_s=0.000580700 kkt_assembly_s=0.000104300 factor_s=0.002497900 solve_s=0.000919700 update_s=0.000094400 K_nnz=5523 rhs_cols=1 Vxx_nnz=2601
FILTERDDP_TIMING iteration=21 barrier_iteration=9 stage=15 derivative_s=0.000267100 first_order_s=0.000132600 second_order_s=0.000100700 algebra_s=0.000452400 kkt_assembly_s=0.000095300 factor_s=0.002191400 solve_s=0.000897800 update_s=0.000084800 K_nnz=5523 rhs_cols=1 Vxx_nnz=2601
FILTERDDP_TIMING iteration=21 barrier_iteration=9 stage=14 derivative_s=0.000255400 first_order_s=0.000121400 second_order_s=0.000102500 algebra_s=0.000528600 kkt_assembly_s=0.000110800 factor_s=0.001579300 solve_s=0.000774400 update_s=0.000093600 K_nnz=5523 rhs_cols=1 Vxx_nnz=2601
FILTERDDP_TIMING iteration=21 barrier_iteration=9 stage=13 derivative_s=0.000282200 first_order_s=0.000135400 second_order_s=0.000105800 algebra_s=0.000529600 kkt_assembly_s=0.000126000 factor_s=0.002678200 solve_s=0.000980100 update_s=0.000091200 K_nnz=5523 rhs_cols=1 Vxx_nnz=2601
FILTERDDP_TIMING iteration=21 barrier_iteration=9 stage=12 derivative_s=0.000268700 first_order_s=0.000133600 second_order_s=0.000101000 algebra_s=0.000529500 kkt_assembly_s=0.000104200 factor_s=0.002153700 solve_s=0.000871400 update_s=0.000094600 K_nnz=5523 rhs_cols=1 Vxx_nnz=2601
FILTERDDP_TIMING iteration=21 barrier_iteration=9 stage=11 derivative_s=0.000268600 first_order_s=0.000135900 second_order_s=0.000098100 algebra_s=0.000459700 kkt_assembly_s=0.000091000 factor_s=0.002165100 solve_s=0.000860500 update_s=0.000090400 K_nnz=5523 rhs_cols=1 Vxx_nnz=2601
FILTERDDP_TIMING iteration=21 barrier_iteration=9 stage=10 derivative_s=0.000266800 first_order_s=0.000132900 second_order_s=0.000099700 algebra_s=0.000566600 kkt_assembly_s=0.000110900 factor_s=0.002299300 solve_s=0.000883600 update_s=0.000096400 K_nnz=5523 rhs_cols=1 Vxx_nnz=2601
FILTERDDP_TIMING iteration=21 barrier_iteration=9 stage=9 derivative_s=0.000309000 first_order_s=0.000168800 second_order_s=0.000104700 algebra_s=0.000450500 kkt_assembly_s=0.000121000 factor_s=0.001969200 solve_s=0.000850300 update_s=0.000054400 K_nnz=5523 rhs_cols=1 Vxx_nnz=2601
FILTERDDP_TIMING iteration=21 barrier_iteration=9 stage=8 derivative_s=0.000139100 first_order_s=0.000068400 second_order_s=0.000052800 algebra_s=0.000214500 kkt_assembly_s=0.000053500 factor_s=0.000948300 solve_s=0.000554900 update_s=0.000088400 K_nnz=5523 rhs_cols=1 Vxx_nnz=2601
FILTERDDP_TIMING iteration=21 barrier_iteration=9 stage=7 derivative_s=0.000261200 first_order_s=0.000132800 second_order_s=0.000095300 algebra_s=0.000463600 kkt_assembly_s=0.000091000 factor_s=0.001820600 solve_s=0.000989000 update_s=0.000091200 K_nnz=5523 rhs_cols=1 Vxx_nnz=2601
FILTERDDP_TIMING iteration=21 barrier_iteration=9 stage=6 derivative_s=0.000282100 first_order_s=0.000148200 second_order_s=0.000100100 algebra_s=0.000528700 kkt_assembly_s=0.000121800 factor_s=0.002248400 solve_s=0.001024500 update_s=0.000092300 K_nnz=5523 rhs_cols=1 Vxx_nnz=2601
FILTERDDP_TIMING iteration=21 barrier_iteration=9 stage=5 derivative_s=0.000295500 first_order_s=0.000161900 second_order_s=0.000098900 algebra_s=0.000495000 kkt_assembly_s=0.000093800 factor_s=0.001868000 solve_s=0.000834000 update_s=0.000092800 K_nnz=5523 rhs_cols=1 Vxx_nnz=2601
FILTERDDP_TIMING iteration=21 barrier_iteration=9 stage=4 derivative_s=0.000269300 first_order_s=0.000134700 second_order_s=0.000100900 algebra_s=0.000444400 kkt_assembly_s=0.000095500 factor_s=0.001817300 solve_s=0.000961200 update_s=0.000090000 K_nnz=5523 rhs_cols=1 Vxx_nnz=2601
FILTERDDP_TIMING iteration=21 barrier_iteration=9 stage=3 derivative_s=0.000288900 first_order_s=0.000140500 second_order_s=0.000113400 algebra_s=0.000470600 kkt_assembly_s=0.000090100 factor_s=0.001913800 solve_s=0.000898400 update_s=0.000093400 K_nnz=5523 rhs_cols=1 Vxx_nnz=2601
FILTERDDP_TIMING iteration=21 barrier_iteration=9 stage=2 derivative_s=0.000271000 first_order_s=0.000132800 second_order_s=0.000104100 algebra_s=0.000447600 kkt_assembly_s=0.000094800 factor_s=0.002070000 solve_s=0.000993300 update_s=0.000092100 K_nnz=5523 rhs_cols=1 Vxx_nnz=2601
FILTERDDP_TIMING iteration=21 barrier_iteration=9 stage=1 derivative_s=0.000264900 first_order_s=0.000132200 second_order_s=0.000098300 algebra_s=0.000447500 kkt_assembly_s=0.000095500 factor_s=0.001904800 solve_s=0.001020200 update_s=0.000109100 K_nnz=5523 rhs_cols=1 Vxx_nnz=2601
FILTERDDP_FEASIBILITY iteration=21 barrier_iteration=9 equality_count=13488 equality_rms=1.114517406098e-07 equality_max=3.157447525964e-06 equality_worst_stage=18 equality_worst_index=509 dynamics_count=1173 dynamics_rms=2.616709653895e-18 dynamics_max=6.938893903907e-18 dynamics_worst_stage=23 dynamics_worst_index=13 bound_count=13440 bound_rms=0.000000000000e+00 bound_max=0.000000000000e+00 bound_worst_stage=0 bound_worst_index=0 bound_worst_kind=none
    21   2.92447263e+03   3.1574e-06   4.4398e-08   4.3558e-07   -7.25      -     9.2129e-01   0
FILTERDDP_ITER_TIMING iteration=21 barrier_iteration=9 backward_s=0.093925300 forward_s=0.008473700 total_s=0.102399000 outcome=accepted step_size=1.000000000e+00 backtracks=0 mu=5.663422933e-08
FILTERDDP_TIMING iteration=22 barrier_iteration=9 stage=24 derivative_s=0.000274600 first_order_s=0.000118100 second_order_s=0.000121000 algebra_s=0.000772200 kkt_assembly_s=0.000106500 factor_s=0.002148000 solve_s=0.000856800 update_s=0.000092800 K_nnz=5523 rhs_cols=1 Vxx_nnz=2601
FILTERDDP_TIMING iteration=22 barrier_iteration=9 stage=23 derivative_s=0.000293600 first_order_s=0.000135000 second_order_s=0.000123700 algebra_s=0.000484200 kkt_assembly_s=0.000095200 factor_s=0.001820100 solve_s=0.000941200 update_s=0.000127600 K_nnz=5523 rhs_cols=1 Vxx_nnz=2601
FILTERDDP_TIMING iteration=22 barrier_iteration=9 stage=22 derivative_s=0.000376400 first_order_s=0.000190300 second_order_s=0.000138600 algebra_s=0.000489400 kkt_assembly_s=0.000094500 factor_s=0.001888700 solve_s=0.000973400 update_s=0.000091900 K_nnz=5523 rhs_cols=1 Vxx_nnz=2601
FILTERDDP_TIMING iteration=22 barrier_iteration=9 stage=21 derivative_s=0.000409500 first_order_s=0.000194700 second_order_s=0.000166500 algebra_s=0.000561500 kkt_assembly_s=0.000120400 factor_s=0.001912000 solve_s=0.000924700 update_s=0.000097400 K_nnz=5523 rhs_cols=1 Vxx_nnz=2601
FILTERDDP_TIMING iteration=22 barrier_iteration=9 stage=20 derivative_s=0.000264900 first_order_s=0.000133000 second_order_s=0.000097500 algebra_s=0.000475200 kkt_assembly_s=0.000092200 factor_s=0.001825400 solve_s=0.000873400 update_s=0.000121400 K_nnz=5523 rhs_cols=1 Vxx_nnz=2601
FILTERDDP_TIMING iteration=22 barrier_iteration=9 stage=19 derivative_s=0.000403300 first_order_s=0.000223600 second_order_s=0.000134600 algebra_s=0.000453400 kkt_assembly_s=0.000094400 factor_s=0.001834200 solve_s=0.000877700 update_s=0.000085900 K_nnz=5523 rhs_cols=1 Vxx_nnz=2601
FILTERDDP_TIMING iteration=22 barrier_iteration=9 stage=18 derivative_s=0.000266700 first_order_s=0.000132100 second_order_s=0.000100600 algebra_s=0.000473700 kkt_assembly_s=0.000093800 factor_s=0.001851700 solve_s=0.000986800 update_s=0.000092800 K_nnz=5523 rhs_cols=1 Vxx_nnz=2601
FILTERDDP_TIMING iteration=22 barrier_iteration=9 stage=17 derivative_s=0.000266000 first_order_s=0.000132400 second_order_s=0.000099400 algebra_s=0.000444700 kkt_assembly_s=0.000094000 factor_s=0.001828500 solve_s=0.000955800 update_s=0.000091000 K_nnz=5523 rhs_cols=1 Vxx_nnz=2601
FILTERDDP_TIMING iteration=22 barrier_iteration=9 stage=16 derivative_s=0.000264700 first_order_s=0.000132500 second_order_s=0.000098500 algebra_s=0.000450900 kkt_assembly_s=0.000092200 factor_s=0.001993400 solve_s=0.000942000 update_s=0.000091900 K_nnz=5523 rhs_cols=1 Vxx_nnz=2601
FILTERDDP_TIMING iteration=22 barrier_iteration=9 stage=15 derivative_s=0.000269000 first_order_s=0.000134600 second_order_s=0.000099800 algebra_s=0.000530100 kkt_assembly_s=0.000123000 factor_s=0.001811300 solve_s=0.000954200 update_s=0.000091500 K_nnz=5523 rhs_cols=1 Vxx_nnz=2601
FILTERDDP_TIMING iteration=22 barrier_iteration=9 stage=14 derivative_s=0.000265600 first_order_s=0.000133400 second_order_s=0.000098500 algebra_s=0.000481800 kkt_assembly_s=0.000096900 factor_s=0.001815000 solve_s=0.000989100 update_s=0.000110000 K_nnz=5523 rhs_cols=1 Vxx_nnz=2601
FILTERDDP_TIMING iteration=22 barrier_iteration=9 stage=13 derivative_s=0.000306900 first_order_s=0.000161000 second_order_s=0.000108500 algebra_s=0.000453900 kkt_assembly_s=0.000097200 factor_s=0.001843200 solve_s=0.000947300 update_s=0.000092100 K_nnz=5523 rhs_cols=1 Vxx_nnz=2601
FILTERDDP_TIMING iteration=22 barrier_iteration=9 stage=12 derivative_s=0.000268100 first_order_s=0.000133400 second_order_s=0.000100800 algebra_s=0.000452900 kkt_assembly_s=0.000113600 factor_s=0.001835600 solve_s=0.000941400 update_s=0.000091500 K_nnz=5523 rhs_cols=1 Vxx_nnz=2601
FILTERDDP_TIMING iteration=22 barrier_iteration=9 stage=11 derivative_s=0.000267100 first_order_s=0.000134000 second_order_s=0.000099600 algebra_s=0.000448500 kkt_assembly_s=0.000092500 factor_s=0.002334300 solve_s=0.000859100 update_s=0.000094900 K_nnz=5523 rhs_cols=1 Vxx_nnz=2601
FILTERDDP_TIMING iteration=22 barrier_iteration=9 stage=10 derivative_s=0.000268400 first_order_s=0.000134300 second_order_s=0.000098900 algebra_s=0.000454200 kkt_assembly_s=0.000092500 factor_s=0.001821600 solve_s=0.000953900 update_s=0.000094200 K_nnz=5523 rhs_cols=1 Vxx_nnz=2601
FILTERDDP_TIMING iteration=22 barrier_iteration=9 stage=9 derivative_s=0.000305400 first_order_s=0.000149800 second_order_s=0.000108000 algebra_s=0.000456200 kkt_assembly_s=0.000096100 factor_s=0.001809100 solve_s=0.000925300 update_s=0.000097800 K_nnz=5523 rhs_cols=1 Vxx_nnz=2601
FILTERDDP_TIMING iteration=22 barrier_iteration=9 stage=8 derivative_s=0.000267800 first_order_s=0.000132500 second_order_s=0.000100300 algebra_s=0.000452400 kkt_assembly_s=0.000095000 factor_s=0.001914800 solve_s=0.000947700 update_s=0.000090300 K_nnz=5523 rhs_cols=1 Vxx_nnz=2601
FILTERDDP_TIMING iteration=22 barrier_iteration=9 stage=7 derivative_s=0.000262800 first_order_s=0.000130100 second_order_s=0.000098800 algebra_s=0.000585000 kkt_assembly_s=0.000133500 factor_s=0.002227800 solve_s=0.001160800 update_s=0.000139700 K_nnz=5523 rhs_cols=1 Vxx_nnz=2601
FILTERDDP_TIMING iteration=22 barrier_iteration=9 stage=6 derivative_s=0.000371200 first_order_s=0.000168800 second_order_s=0.000166900 algebra_s=0.000642500 kkt_assembly_s=0.000136000 factor_s=0.002347900 solve_s=0.001188700 update_s=0.000140700 K_nnz=5523 rhs_cols=1 Vxx_nnz=2601
FILTERDDP_TIMING iteration=22 barrier_iteration=9 stage=5 derivative_s=0.000453600 first_order_s=0.000251700 second_order_s=0.000164200 algebra_s=0.000650400 kkt_assembly_s=0.000130400 factor_s=0.041675100 solve_s=0.001130200 update_s=0.000156200 K_nnz=5523 rhs_cols=1 Vxx_nnz=2601
FILTERDDP_TIMING iteration=22 barrier_iteration=9 stage=4 derivative_s=0.000437300 first_order_s=0.000214800 second_order_s=0.000164200 algebra_s=0.000667200 kkt_assembly_s=0.000144000 factor_s=0.002511900 solve_s=0.001170300 update_s=0.000148600 K_nnz=5523 rhs_cols=1 Vxx_nnz=2601
FILTERDDP_TIMING iteration=22 barrier_iteration=9 stage=3 derivative_s=0.000423600 first_order_s=0.000171900 second_order_s=0.000211900 algebra_s=0.000688500 kkt_assembly_s=0.000139700 factor_s=0.002217200 solve_s=0.001249700 update_s=0.000143500 K_nnz=5523 rhs_cols=1 Vxx_nnz=2601
FILTERDDP_TIMING iteration=22 barrier_iteration=9 stage=2 derivative_s=0.000446900 first_order_s=0.000201600 second_order_s=0.000207000 algebra_s=0.000677300 kkt_assembly_s=0.000138800 factor_s=0.002431300 solve_s=0.001148800 update_s=0.000145500 K_nnz=5523 rhs_cols=1 Vxx_nnz=2601
FILTERDDP_TIMING iteration=22 barrier_iteration=9 stage=1 derivative_s=0.000436900 first_order_s=0.000186200 second_order_s=0.000213500 algebra_s=0.000681000 kkt_assembly_s=0.000139400 factor_s=0.002186600 solve_s=0.001272000 update_s=0.000144400 K_nnz=5523 rhs_cols=1 Vxx_nnz=2601
FILTERDDP_FEASIBILITY iteration=22 barrier_iteration=9 equality_count=13488 equality_rms=2.004234287571e-09 equality_max=6.058325544185e-08 equality_worst_stage=18 equality_worst_index=508 dynamics_count=1173 dynamics_rms=0.000000000000e+00 dynamics_max=0.000000000000e+00 dynamics_worst_stage=0 dynamics_worst_index=0 bound_count=13440 bound_rms=0.000000000000e+00 bound_max=0.000000000000e+00 bound_worst_stage=0 bound_worst_index=0 bound_worst_kind=none
FILTERDDP_ITER_TIMING iteration=22 barrier_iteration=9 backward_s=0.139460200 forward_s=0.000000000 total_s=0.139460200 outcome=near_optimal step_size=1.000000000e+00 backtracks=0 mu=5.663422933e-08
    22   2.92447228e+03   6.0583e-08   6.5158e-09   1.3701e-07   -7.25      -     1.0000e+00   0
FILTERDDP_NEAR_OPT iteration=22 elapsed_s=4.750 objective=2924.472284346032 reference=2924.471982056838 rel_gap=1.034e-07 primal_inf=6.058e-08 dual_inf=6.516e-09 mu=5.663e-08
    22   2.92447228e+03   6.0583e-08   6.5158e-09   1.3701e-07   -7.25      -     1.0000e+00   0


EXIT: Near-optimal: feasible and within the gap of the centralized reference.

solve complete: 4.750 s, iterations=22, status=9
FILTERDDP_MEMORY_PEAK maxrss_mib=1391.0
final residuals: primal=6.058325544185e-08 dual=6.515761193218e-09 complementarity=1.370083912856e-07
saved_solution=C:\Users\Aryan Ritwajeet Jha\Documents\documents_general\MultiPeriodDistOPF\.claude\worktrees\new-session-a7b7a2\ddp\results\network_filterddp\filterddp_solution_ieee123C_1ph_T24_periodic_CBsystem.jls
FilterDDP objective=2924.472284346034 max_equality_residual=6.058e-08
BOUND_CHECK screen=substation,vupper,ell,psubs voltages below=0 above=0 worst_violation=0.000e+00 min_ell=2.726e-08 min_P_Subs=4.484e-01
Ipopt objective=2821.361254752544 objective_gap=1.031e+02
max_abs_diff[P_Subs]=3.315e-01
max_abs_diff[Q_Subs]=1.228e-02
max_abs_diff[P]=3.315e-01
max_abs_diff[Q]=1.228e-02
max_abs_diff[v]=1.682e-02
max_abs_diff[ell]=6.762e-01
max_abs_diff[P_B]=8.025e-03
max_abs_diff[B]=1.450e-02
max_abs_diff[q_D]=5.515e-03
wrote ddp/results/kkt_ordering/fullrun_blocked/trace_ieee123C_1ph_T24_exact_tableII_cbsys_typed_tree4_screen_warm_blocked_w16_r1.csv (23 unique iterations)
