QUIET_WAIT waited_s=18 other_cores=0.71 timed_out=0
PIPELINE_ENV system=ieee123C_1ph T=6 arm=diag variant=blocked_w16 repeat=1 cb=system blocked_solve=16 direct_diag=1 triplet=1 kkt_pattern_cache=1 factor_backed=1 typed_equations=1 structured_dynamics=1 tree_kkt=1 blas_threads=10 julia_threads=1 near_opt_reference=3143.115906497067 near_opt_primal=1e-6 started=2026-10-01T02:32:28
C_B OVERRIDE: 0.001
ieee123C_1ph T=6: nx=51, nu=791, nc=562, dense nu^2=625681, reduced=229
TERMINAL_SOC soft=1 gamma=1.750000e+04
build complete: 2.381 s, nc=562
constructing dynamic Solver storage...
optimality_tolerance=1.000e-07 max_iterations=400
Solver construction complete: 0.300 s
entering solve! ...
[31;1m   
 _____ _ _ _            ____  ____  ____  
|  ___(_) | |_ ___ _ __|  _ \|  _ \|  _ \ 
| |_  | | | __/ _ \ '__| | | | | | | |_) |
|  _| | | | ||  __/ |  | |_| | |_| |  __/ 
|_|   |_|_|\__\___|_|  |____/|____/|_|                 
    
[0mTREE_KKT layout: nodes=128 feeders=1 nE=102 groups=1 max_own=10 max_iface=3
FILTERDDP_TIMING iteration=0 barrier_iteration=0 stage=6 derivative_s=0.248129100 first_order_s=0.060517300 second_order_s=0.091886800 algebra_s=1.578941700 kkt_assembly_s=1.520788900 factor_s=3.987772700 solve_s=1.358743600 update_s=0.389841500 K_nnz=5269 rhs_cols=1 Vxx_nnz=2601
FILTERDDP_TIMING iteration=0 barrier_iteration=0 stage=5 derivative_s=0.032892500 first_order_s=0.021285800 second_order_s=0.011549400 algebra_s=0.000358600 kkt_assembly_s=0.000752500 factor_s=0.005832900 solve_s=0.001282100 update_s=0.000158300 K_nnz=5269 rhs_cols=1 Vxx_nnz=2601
FILTERDDP_TIMING iteration=0 barrier_iteration=0 stage=4 derivative_s=0.000413600 first_order_s=0.000201100 second_order_s=0.000162600 algebra_s=0.001037700 kkt_assembly_s=0.003140300 factor_s=0.002523500 solve_s=0.001282100 update_s=0.000184000 K_nnz=5269 rhs_cols=1 Vxx_nnz=2601
FILTERDDP_TIMING iteration=0 barrier_iteration=0 stage=3 derivative_s=0.000431800 first_order_s=0.000196800 second_order_s=0.000175200 algebra_s=0.001326500 kkt_assembly_s=0.045734800 factor_s=0.001097500 solve_s=0.001334800 update_s=0.000144600 K_nnz=5269 rhs_cols=1 Vxx_nnz=2601
FILTERDDP_TIMING iteration=0 barrier_iteration=0 stage=2 derivative_s=0.000397600 first_order_s=0.000198300 second_order_s=0.000152600 algebra_s=0.000892500 kkt_assembly_s=0.002537500 factor_s=0.002147400 solve_s=0.001435500 update_s=0.000109900 K_nnz=5269 rhs_cols=1 Vxx_nnz=2601
FILTERDDP_TIMING iteration=0 barrier_iteration=0 stage=1 derivative_s=0.000297000 first_order_s=0.000154700 second_order_s=0.000102100 algebra_s=0.000762400 kkt_assembly_s=0.002404300 factor_s=0.002679000 solve_s=0.001419100 update_s=0.000133000 K_nnz=5269 rhs_cols=1 Vxx_nnz=2601
FILTERDDP_FEASIBILITY iteration=0 barrier_iteration=0 equality_count=3372 equality_rms=4.305296482273e-02 equality_max=1.000000000000e+00 equality_worst_stage=6 equality_worst_index=1 dynamics_count=255 dynamics_rms=0.000000000000e+00 dynamics_max=0.000000000000e+00 dynamics_worst_stage=0 dynamics_worst_index=0 bound_count=4902 bound_rms=0.000000000000e+00 bound_max=0.000000000000e+00 bound_worst_stage=0 bound_worst_index=0 bound_worst_kind=none
  iter     objective        pr_inf       du_inf       cs_inf     lg(μ)   lg(reg)    alpha     ls
     0   3.36000000e+03   1.0000e+00   7.6685e+02   1.0000e+00    0.00      -     0.0000e+00   0
FILTERDDP_ITER_TIMING iteration=0 barrier_iteration=0 backward_s=18.225290700 forward_s=0.850058800 total_s=19.075349500 outcome=accepted step_size=6.250000000e-02 backtracks=0 mu=1.000000000e+00
FILTERDDP_TIMING iteration=1 barrier_iteration=0 stage=6 derivative_s=0.000170600 first_order_s=0.000074000 second_order_s=0.000050900 algebra_s=0.000302300 kkt_assembly_s=0.008208100 factor_s=0.001050700 solve_s=0.001276800 update_s=0.000134400 K_nnz=5269 rhs_cols=1 Vxx_nnz=2601
FILTERDDP_TIMING iteration=1 barrier_iteration=0 stage=5 derivative_s=0.000304700 first_order_s=0.000150700 second_order_s=0.000104700 algebra_s=0.000712600 kkt_assembly_s=0.000153200 factor_s=0.002455000 solve_s=0.001210800 update_s=0.000098500 K_nnz=5269 rhs_cols=1 Vxx_nnz=2601
FILTERDDP_TIMING iteration=1 barrier_iteration=0 stage=4 derivative_s=0.000301800 first_order_s=0.000152100 second_order_s=0.000105600 algebra_s=0.000687300 kkt_assembly_s=0.000150200 factor_s=0.002357600 solve_s=0.001184500 update_s=0.000095600 K_nnz=5269 rhs_cols=1 Vxx_nnz=2601
FILTERDDP_TIMING iteration=1 barrier_iteration=0 stage=3 derivative_s=0.000286900 first_order_s=0.000145500 second_order_s=0.000102500 algebra_s=0.000693800 kkt_assembly_s=0.000138800 factor_s=0.002348100 solve_s=0.001175600 update_s=0.000094900 K_nnz=5269 rhs_cols=1 Vxx_nnz=2601
FILTERDDP_TIMING iteration=1 barrier_iteration=0 stage=2 derivative_s=0.000275200 first_order_s=0.000136400 second_order_s=0.000101100 algebra_s=0.000700000 kkt_assembly_s=0.000149500 factor_s=0.002633000 solve_s=0.001189700 update_s=0.000092200 K_nnz=5269 rhs_cols=1 Vxx_nnz=2601
FILTERDDP_TIMING iteration=1 barrier_iteration=0 stage=1 derivative_s=0.000272200 first_order_s=0.000140200 second_order_s=0.000095300 algebra_s=0.000683600 kkt_assembly_s=0.000132600 factor_s=0.002258300 solve_s=0.001082600 update_s=0.000104000 K_nnz=5269 rhs_cols=1 Vxx_nnz=2601
FILTERDDP_FEASIBILITY iteration=1 barrier_iteration=0 equality_count=3372 equality_rms=4.045265184342e-02 equality_max=9.375000000000e-01 equality_worst_stage=1 equality_worst_index=1 dynamics_count=255 dynamics_rms=0.000000000000e+00 dynamics_max=0.000000000000e+00 dynamics_worst_stage=0 dynamics_worst_index=0 bound_count=4902 bound_rms=0.000000000000e+00 bound_max=0.000000000000e+00 bound_worst_stage=0 bound_worst_index=0 bound_worst_kind=none
     1   3.51197761e+03   9.3750e-01   7.1892e+02   1.0000e+00    0.00      -     6.2500e-02   0
FILTERDDP_ITER_TIMING iteration=1 barrier_iteration=0 backward_s=0.035713100 forward_s=0.002963200 total_s=0.038676300 outcome=accepted step_size=1.250000000e-01 backtracks=0 mu=1.000000000e+00
FILTERDDP_TIMING iteration=2 barrier_iteration=0 stage=6 derivative_s=0.000293500 first_order_s=0.000113400 second_order_s=0.000144100 algebra_s=0.000899600 kkt_assembly_s=0.000172100 factor_s=0.001591900 solve_s=0.001547800 update_s=0.000136100 K_nnz=5269 rhs_cols=1 Vxx_nnz=2601
FILTERDDP_TIMING iteration=2 barrier_iteration=0 stage=5 derivative_s=0.000459300 first_order_s=0.000207900 second_order_s=0.000201100 algebra_s=0.001206500 kkt_assembly_s=0.000251000 factor_s=0.002459900 solve_s=0.001396400 update_s=0.000164000 K_nnz=5269 rhs_cols=1 Vxx_nnz=2601
FILTERDDP_TIMING iteration=2 barrier_iteration=0 stage=4 derivative_s=0.029417300 first_order_s=0.029273200 second_order_s=0.000104700 algebra_s=0.000284700 kkt_assembly_s=0.000073700 factor_s=0.001069100 solve_s=0.001396800 update_s=0.000118000 K_nnz=5269 rhs_cols=1 Vxx_nnz=2601
FILTERDDP_TIMING iteration=2 barrier_iteration=0 stage=3 derivative_s=0.000370500 first_order_s=0.000172800 second_order_s=0.000162200 algebra_s=0.000927600 kkt_assembly_s=0.000197400 factor_s=0.002362600 solve_s=0.001382400 update_s=0.000141600 K_nnz=5269 rhs_cols=1 Vxx_nnz=2601
FILTERDDP_TIMING iteration=2 barrier_iteration=0 stage=2 derivative_s=0.000392100 first_order_s=0.000181500 second_order_s=0.000172700 algebra_s=0.000987700 kkt_assembly_s=0.000271800 factor_s=0.002749100 solve_s=0.001472400 update_s=0.000124600 K_nnz=5269 rhs_cols=1 Vxx_nnz=2601
FILTERDDP_TIMING iteration=2 barrier_iteration=0 stage=1 derivative_s=0.000319200 first_order_s=0.000144300 second_order_s=0.000142200 algebra_s=0.000743100 kkt_assembly_s=0.000177500 factor_s=0.002057100 solve_s=0.001397100 update_s=0.000112900 K_nnz=5269 rhs_cols=1 Vxx_nnz=2601
FILTERDDP_FEASIBILITY iteration=2 barrier_iteration=0 equality_count=3372 equality_rms=3.615947602929e-02 equality_max=8.203125000000e-01 equality_worst_stage=1 equality_worst_index=1 dynamics_count=255 dynamics_rms=0.000000000000e+00 dynamics_max=0.000000000000e+00 dynamics_worst_stage=0 dynamics_worst_index=0 bound_count=4902 bound_rms=0.000000000000e+00 bound_max=0.000000000000e+00 bound_worst_stage=0 bound_worst_index=0 bound_worst_kind=none
     2   3.76919425e+03   8.2031e-01   6.2905e+02   1.0000e+00    0.00      -     1.2500e-01   0
FILTERDDP_ITER_TIMING iteration=2 barrier_iteration=0 backward_s=0.059513400 forward_s=0.002530300 total_s=0.062043700 outcome=accepted step_size=2.500000000e-01 backtracks=0 mu=1.000000000e+00
FILTERDDP_TIMING iteration=3 barrier_iteration=0 stage=6 derivative_s=0.000357600 first_order_s=0.000127800 second_order_s=0.000199200 algebra_s=0.000809200 kkt_assembly_s=0.000124300 factor_s=0.002358900 solve_s=0.001275800 update_s=0.000103300 K_nnz=5269 rhs_cols=1 Vxx_nnz=2601
FILTERDDP_TIMING iteration=3 barrier_iteration=0 stage=5 derivative_s=0.000278400 first_order_s=0.000126400 second_order_s=0.000125700 algebra_s=0.000617400 kkt_assembly_s=0.000116300 factor_s=0.001840800 solve_s=0.001412600 update_s=0.000160500 K_nnz=5269 rhs_cols=1 Vxx_nnz=2601
FILTERDDP_TIMING iteration=3 barrier_iteration=0 stage=4 derivative_s=0.000374700 first_order_s=0.000173000 second_order_s=0.000165900 algebra_s=0.000920900 kkt_assembly_s=0.000189800 factor_s=0.002493700 solve_s=0.001599700 update_s=0.000150400 K_nnz=5269 rhs_cols=1 Vxx_nnz=2601
FILTERDDP_TIMING iteration=3 barrier_iteration=0 stage=3 derivative_s=0.000383100 first_order_s=0.000179900 second_order_s=0.000166700 algebra_s=0.000918200 kkt_assembly_s=0.000170800 factor_s=0.002480000 solve_s=0.001805900 update_s=0.000163900 K_nnz=5269 rhs_cols=1 Vxx_nnz=2601
FILTERDDP_TIMING iteration=3 barrier_iteration=0 stage=2 derivative_s=0.000446000 first_order_s=0.000207800 second_order_s=0.000202000 algebra_s=0.001211300 kkt_assembly_s=0.000209600 factor_s=0.002716100 solve_s=0.001580800 update_s=0.000184500 K_nnz=5269 rhs_cols=1 Vxx_nnz=2601
FILTERDDP_TIMING iteration=3 barrier_iteration=0 stage=1 derivative_s=0.000603600 first_order_s=0.000285500 second_order_s=0.000261300 algebra_s=0.001365400 kkt_assembly_s=0.000265300 factor_s=0.003888000 solve_s=0.001637600 update_s=0.000181500 K_nnz=5269 rhs_cols=1 Vxx_nnz=2601
FILTERDDP_FEASIBILITY iteration=3 barrier_iteration=0 equality_count=3372 equality_rms=3.137346529022e-02 equality_max=6.152343750000e-01 equality_worst_stage=1 equality_worst_index=1 dynamics_count=255 dynamics_rms=0.000000000000e+00 dynamics_max=0.000000000000e+00 dynamics_worst_stage=0 dynamics_worst_index=0 bound_count=4902 bound_rms=0.000000000000e+00 bound_max=0.000000000000e+00 bound_worst_stage=0 bound_worst_index=0 bound_worst_kind=none
     3   3.99149838e+03   6.1523e-01   4.7179e+02   9.9998e-01    0.00      -     2.5000e-01   0
FILTERDDP_ITER_TIMING iteration=3 barrier_iteration=0 backward_s=0.035856000 forward_s=0.004869200 total_s=0.040725200 outcome=accepted step_size=2.500000000e-01 backtracks=0 mu=1.000000000e+00
FILTERDDP_TIMING iteration=4 barrier_iteration=0 stage=6 derivative_s=0.000754600 first_order_s=0.000198300 second_order_s=0.000500600 algebra_s=0.001276800 kkt_assembly_s=0.000178600 factor_s=0.002651300 solve_s=0.001637100 update_s=0.000148600 K_nnz=5269 rhs_cols=1 Vxx_nnz=2601
FILTERDDP_TIMING iteration=4 barrier_iteration=0 stage=5 derivative_s=0.000617200 first_order_s=0.000189200 second_order_s=0.000390900 algebra_s=0.001226600 kkt_assembly_s=0.000198200 factor_s=0.003498900 solve_s=0.001396600 update_s=0.000163600 K_nnz=5269 rhs_cols=1 Vxx_nnz=2601
FILTERDDP_TIMING iteration=4 barrier_iteration=0 stage=4 derivative_s=0.000419400 first_order_s=0.000180800 second_order_s=0.000201700 algebra_s=0.001396700 kkt_assembly_s=0.000196000 factor_s=0.002839200 solve_s=0.001639700 update_s=0.000161900 K_nnz=5269 rhs_cols=1 Vxx_nnz=2601
FILTERDDP_TIMING iteration=4 barrier_iteration=0 stage=3 derivative_s=0.000448300 first_order_s=0.000222100 second_order_s=0.000188700 algebra_s=0.001290700 kkt_assembly_s=0.000172500 factor_s=0.003020000 solve_s=0.001524700 update_s=0.000743600 K_nnz=5269 rhs_cols=1 Vxx_nnz=2601
FILTERDDP_TIMING iteration=4 barrier_iteration=0 stage=2 derivative_s=0.000420300 first_order_s=0.000201800 second_order_s=0.000181400 algebra_s=0.001236100 kkt_assembly_s=0.000184100 factor_s=0.002854000 solve_s=0.001708600 update_s=0.000162000 K_nnz=5269 rhs_cols=1 Vxx_nnz=2601
FILTERDDP_TIMING iteration=4 barrier_iteration=0 stage=1 derivative_s=0.000646000 first_order_s=0.000225700 second_order_s=0.000380700 algebra_s=0.001218300 kkt_assembly_s=0.000203300 factor_s=0.002988000 solve_s=0.001953900 update_s=0.000224600 K_nnz=5269 rhs_cols=1 Vxx_nnz=2601
FILTERDDP_FEASIBILITY iteration=4 barrier_iteration=0 equality_count=3372 equality_rms=2.589450168372e-02 equality_max=4.614257812500e-01 equality_worst_stage=1 equality_worst_index=1 dynamics_count=255 dynamics_rms=0.000000000000e+00 dynamics_max=0.000000000000e+00 dynamics_worst_stage=0 dynamics_worst_index=0 bound_count=4902 bound_rms=0.000000000000e+00 bound_max=0.000000000000e+00 bound_worst_stage=0 bound_worst_index=0 bound_worst_kind=none
     4   4.09079774e+03   4.6143e-01   3.5384e+02   9.9997e-01    0.00      -     2.5000e-01   0
FILTERDDP_ITER_TIMING iteration=4 barrier_iteration=0 backward_s=0.042003700 forward_s=0.004403200 total_s=0.046406900 outcome=accepted step_size=5.000000000e-01 backtracks=0 mu=1.000000000e+00
FILTERDDP_TIMING iteration=5 barrier_iteration=0 stage=6 derivative_s=0.000681000 first_order_s=0.000178800 second_order_s=0.000449900 algebra_s=0.001608200 kkt_assembly_s=0.000182900 factor_s=0.002923300 solve_s=0.001923400 update_s=0.000169500 K_nnz=5269 rhs_cols=1 Vxx_nnz=2601
FILTERDDP_TIMING iteration=5 barrier_iteration=0 stage=5 derivative_s=0.000442500 first_order_s=0.000200700 second_order_s=0.000187800 algebra_s=0.001413400 kkt_assembly_s=0.000199200 factor_s=0.003067500 solve_s=0.001639500 update_s=0.000217200 K_nnz=5269 rhs_cols=1 Vxx_nnz=2601
FILTERDDP_TIMING iteration=5 barrier_iteration=0 stage=4 derivative_s=0.000561100 first_order_s=0.000268500 second_order_s=0.000245700 algebra_s=0.001447300 kkt_assembly_s=0.000388400 factor_s=0.003207900 solve_s=0.001719300 update_s=0.000199300 K_nnz=5269 rhs_cols=1 Vxx_nnz=2601
FILTERDDP_TIMING iteration=5 barrier_iteration=0 stage=3 derivative_s=0.000450400 first_order_s=0.000198100 second_order_s=0.000197600 algebra_s=0.001387800 kkt_assembly_s=0.000195500 factor_s=0.003338900 solve_s=0.001476800 update_s=0.000173200 K_nnz=5269 rhs_cols=1 Vxx_nnz=2601
FILTERDDP_TIMING iteration=5 barrier_iteration=0 stage=2 derivative_s=0.000649600 first_order_s=0.000393100 second_order_s=0.000216300 algebra_s=0.001230400 kkt_assembly_s=0.000175800 factor_s=0.002779700 solve_s=0.001529800 update_s=0.000167900 K_nnz=5269 rhs_cols=1 Vxx_nnz=2601
FILTERDDP_TIMING iteration=5 barrier_iteration=0 stage=1 derivative_s=0.000621000 first_order_s=0.000394900 second_order_s=0.000187100 algebra_s=0.001437200 kkt_assembly_s=0.000194800 factor_s=0.003021100 solve_s=0.001795300 update_s=0.000164300 K_nnz=5269 rhs_cols=1 Vxx_nnz=2601
FILTERDDP_FEASIBILITY iteration=5 barrier_iteration=0 equality_count=3372 equality_rms=1.936354786625e-02 equality_max=2.307128906250e-01 equality_worst_stage=1 equality_worst_index=1 dynamics_count=255 dynamics_rms=0.000000000000e+00 dynamics_max=0.000000000000e+00 dynamics_worst_stage=0 dynamics_worst_index=0 bound_count=4902 bound_rms=0.000000000000e+00 bound_max=0.000000000000e+00 bound_worst_stage=0 bound_worst_index=0 bound_worst_kind=none
     5   4.22204307e+03   2.3071e-01   1.7692e+02   9.9996e-01    0.00      -     5.0000e-01   0
FILTERDDP_ITER_TIMING iteration=5 barrier_iteration=0 backward_s=0.043242000 forward_s=0.023270100 total_s=0.066512100 outcome=accepted step_size=5.000000000e-01 backtracks=0 mu=1.000000000e+00
FILTERDDP_TIMING iteration=6 barrier_iteration=0 stage=6 derivative_s=0.000187600 first_order_s=0.000074600 second_order_s=0.000080900 algebra_s=0.000438000 kkt_assembly_s=0.000100100 factor_s=0.001536800 solve_s=0.001386700 update_s=0.000111700 K_nnz=5269 rhs_cols=1 Vxx_nnz=2601
FILTERDDP_TIMING iteration=6 barrier_iteration=0 stage=5 derivative_s=0.000305200 first_order_s=0.000149200 second_order_s=0.000112400 algebra_s=0.000727000 kkt_assembly_s=0.000143800 factor_s=0.002533500 solve_s=0.001089500 update_s=0.000102500 K_nnz=5269 rhs_cols=1 Vxx_nnz=2601
FILTERDDP_TIMING iteration=6 barrier_iteration=0 stage=4 derivative_s=0.000295600 first_order_s=0.000147600 second_order_s=0.000105500 algebra_s=0.000890000 kkt_assembly_s=0.000143700 factor_s=0.002376400 solve_s=0.001225600 update_s=0.000105800 K_nnz=5269 rhs_cols=1 Vxx_nnz=2601
FILTERDDP_TIMING iteration=6 barrier_iteration=0 stage=3 derivative_s=0.000296800 first_order_s=0.000147300 second_order_s=0.000109800 algebra_s=0.000737200 kkt_assembly_s=0.000143400 factor_s=0.002432000 solve_s=0.001128900 update_s=0.000123600 K_nnz=5269 rhs_cols=1 Vxx_nnz=2601
FILTERDDP_TIMING iteration=6 barrier_iteration=0 stage=2 derivative_s=0.000345300 first_order_s=0.000183500 second_order_s=0.000117400 algebra_s=0.000748100 kkt_assembly_s=0.000144300 factor_s=0.002564100 solve_s=0.001198800 update_s=0.000106000 K_nnz=5269 rhs_cols=1 Vxx_nnz=2601
FILTERDDP_TIMING iteration=6 barrier_iteration=0 stage=1 derivative_s=0.000292500 first_order_s=0.000145100 second_order_s=0.000107600 algebra_s=0.000756500 kkt_assembly_s=0.000140900 factor_s=0.002369700 solve_s=0.001315700 update_s=0.000111400 K_nnz=5269 rhs_cols=1 Vxx_nnz=2601
FILTERDDP_FEASIBILITY iteration=6 barrier_iteration=0 equality_count=3372 equality_rms=1.118963786184e-02 equality_max=1.345555752301e-01 equality_worst_stage=5 equality_worst_index=385 dynamics_count=255 dynamics_rms=0.000000000000e+00 dynamics_max=0.000000000000e+00 dynamics_worst_stage=0 dynamics_worst_index=0 bound_count=4902 bound_rms=0.000000000000e+00 bound_max=0.000000000000e+00 bound_worst_stage=0 bound_worst_index=0 bound_worst_kind=none
     6   4.28099843e+03   1.3456e-01   8.8461e+01   9.9998e-01    0.00      -     5.0000e-01   0
FILTERDDP_ITER_TIMING iteration=6 barrier_iteration=0 backward_s=0.029230800 forward_s=0.002665500 total_s=0.031896300 outcome=accepted step_size=5.000000000e-01 backtracks=0 mu=1.000000000e+00
FILTERDDP_TIMING iteration=7 barrier_iteration=0 stage=6 derivative_s=0.000306200 first_order_s=0.000128500 second_order_s=0.000135900 algebra_s=0.000872700 kkt_assembly_s=0.000147800 factor_s=0.002032900 solve_s=0.001364000 update_s=0.000105300 K_nnz=5269 rhs_cols=1 Vxx_nnz=2601
FILTERDDP_TIMING iteration=7 barrier_iteration=0 stage=5 derivative_s=0.000320900 first_order_s=0.000148000 second_order_s=0.000127600 algebra_s=0.000771600 kkt_assembly_s=0.000202900 factor_s=0.002418800 solve_s=0.001422300 update_s=0.000106700 K_nnz=5269 rhs_cols=1 Vxx_nnz=2601
FILTERDDP_TIMING iteration=7 barrier_iteration=0 stage=4 derivative_s=0.000315000 first_order_s=0.000150100 second_order_s=0.000122400 algebra_s=0.000749900 kkt_assembly_s=0.000147500 factor_s=0.002415200 solve_s=0.001557700 update_s=0.000110100 K_nnz=5269 rhs_cols=1 Vxx_nnz=2601
FILTERDDP_TIMING iteration=7 barrier_iteration=0 stage=3 derivative_s=0.000321400 first_order_s=0.000167900 second_order_s=0.000111800 algebra_s=0.000827600 kkt_assembly_s=0.000158700 factor_s=0.002475400 solve_s=0.001668600 update_s=0.000130300 K_nnz=5269 rhs_cols=1 Vxx_nnz=2601
FILTERDDP_TIMING iteration=7 barrier_iteration=0 stage=2 derivative_s=0.000365100 first_order_s=0.000181800 second_order_s=0.000141300 algebra_s=0.000799300 kkt_assembly_s=0.000145000 factor_s=0.002547800 solve_s=0.001472000 update_s=0.000109000 K_nnz=5269 rhs_cols=1 Vxx_nnz=2601
FILTERDDP_TIMING iteration=7 barrier_iteration=0 stage=1 derivative_s=0.000317800 first_order_s=0.000169400 second_order_s=0.000108500 algebra_s=0.000789600 kkt_assembly_s=0.000149400 factor_s=0.002589800 solve_s=0.001215100 update_s=0.000162300 K_nnz=5269 rhs_cols=1 Vxx_nnz=2601
FILTERDDP_FEASIBILITY iteration=7 barrier_iteration=0 equality_count=3372 equality_rms=5.946516239230e-03 equality_max=7.350693785652e-02 equality_worst_stage=5 equality_worst_index=385 dynamics_count=255 dynamics_rms=0.000000000000e+00 dynamics_max=0.000000000000e+00 dynamics_worst_stage=0 dynamics_worst_index=0 bound_count=4902 bound_rms=0.000000000000e+00 bound_max=0.000000000000e+00 bound_worst_stage=0 bound_worst_index=0 bound_worst_kind=none
     7   4.31155457e+03   7.3507e-02   4.4230e+01   9.9999e-01    0.00      -     5.0000e-01   0
FILTERDDP_ITER_TIMING iteration=7 barrier_iteration=0 backward_s=0.032072600 forward_s=0.002796200 total_s=0.034868800 outcome=accepted step_size=5.000000000e-01 backtracks=0 mu=1.000000000e+00
FILTERDDP_TIMING iteration=8 barrier_iteration=0 stage=6 derivative_s=0.000334700 first_order_s=0.000132700 second_order_s=0.000160000 algebra_s=0.000973000 kkt_assembly_s=0.000146900 factor_s=0.002085700 solve_s=0.001169400 update_s=0.000134600 K_nnz=5269 rhs_cols=1 Vxx_nnz=2601
FILTERDDP_TIMING iteration=8 barrier_iteration=0 stage=5 derivative_s=0.000419900 first_order_s=0.000202500 second_order_s=0.000161300 algebra_s=0.000847600 kkt_assembly_s=0.000181600 factor_s=0.002521800 solve_s=0.001241400 update_s=0.000132600 K_nnz=5269 rhs_cols=1 Vxx_nnz=2601
FILTERDDP_TIMING iteration=8 barrier_iteration=0 stage=4 derivative_s=0.000314400 first_order_s=0.000168000 second_order_s=0.000106300 algebra_s=0.000942600 kkt_assembly_s=0.000239900 factor_s=0.003002200 solve_s=0.001258100 update_s=0.000138000 K_nnz=5269 rhs_cols=1 Vxx_nnz=2601
FILTERDDP_TIMING iteration=8 barrier_iteration=0 stage=3 derivative_s=0.000448100 first_order_s=0.000187500 second_order_s=0.000216600 algebra_s=0.000744100 kkt_assembly_s=0.000179000 factor_s=0.002786100 solve_s=0.001310700 update_s=0.000109600 K_nnz=5269 rhs_cols=1 Vxx_nnz=2601
FILTERDDP_TIMING iteration=8 barrier_iteration=0 stage=2 derivative_s=0.000301700 first_order_s=0.000151100 second_order_s=0.000108600 algebra_s=0.000788000 kkt_assembly_s=0.000159100 factor_s=0.002517100 solve_s=0.001296800 update_s=0.000112100 K_nnz=5269 rhs_cols=1 Vxx_nnz=2601
FILTERDDP_TIMING iteration=8 barrier_iteration=0 stage=1 derivative_s=0.000326300 first_order_s=0.000153900 second_order_s=0.000129600 algebra_s=0.000984600 kkt_assembly_s=0.000515400 factor_s=0.002791600 solve_s=0.001205900 update_s=0.000099900 K_nnz=5269 rhs_cols=1 Vxx_nnz=2601
FILTERDDP_FEASIBILITY iteration=8 barrier_iteration=0 equality_count=3372 equality_rms=3.388755221532e-03 equality_max=3.831648326690e-02 equality_worst_stage=5 equality_worst_index=385 dynamics_count=255 dynamics_rms=0.000000000000e+00 dynamics_max=0.000000000000e+00 dynamics_worst_stage=0 dynamics_worst_index=0 bound_count=4902 bound_rms=0.000000000000e+00 bound_max=0.000000000000e+00 bound_worst_stage=0 bound_worst_index=0 bound_worst_kind=none
     8   4.32763726e+03   3.8316e-02   2.2115e+01   9.9999e-01    0.00      -     5.0000e-01   0
FILTERDDP_ITER_TIMING iteration=8 barrier_iteration=0 backward_s=0.033230600 forward_s=0.002643200 total_s=0.035873800 outcome=accepted step_size=5.000000000e-01 backtracks=0 mu=1.000000000e+00
FILTERDDP_TIMING iteration=9 barrier_iteration=0 stage=6 derivative_s=0.000341000 first_order_s=0.000136400 second_order_s=0.000165000 algebra_s=0.001149100 kkt_assembly_s=0.000352300 factor_s=0.001558100 solve_s=0.001342100 update_s=0.000127200 K_nnz=5269 rhs_cols=1 Vxx_nnz=2601
FILTERDDP_TIMING iteration=9 barrier_iteration=0 stage=5 derivative_s=0.000507500 first_order_s=0.000160600 second_order_s=0.000290000 algebra_s=0.001179500 kkt_assembly_s=0.000128200 factor_s=0.002114800 solve_s=0.001050200 update_s=0.000087200 K_nnz=5269 rhs_cols=1 Vxx_nnz=2601
FILTERDDP_TIMING iteration=9 barrier_iteration=0 stage=4 derivative_s=0.000276100 first_order_s=0.000151100 second_order_s=0.000091600 algebra_s=0.000649600 kkt_assembly_s=0.000119500 factor_s=0.002324100 solve_s=0.009194500 update_s=0.000083800 K_nnz=5269 rhs_cols=1 Vxx_nnz=2601
FILTERDDP_TIMING iteration=9 barrier_iteration=0 stage=3 derivative_s=0.000227600 first_order_s=0.000113900 second_order_s=0.000083400 algebra_s=0.000541100 kkt_assembly_s=0.000107100 factor_s=0.001901800 solve_s=0.001082300 update_s=0.000101400 K_nnz=5269 rhs_cols=1 Vxx_nnz=2601
FILTERDDP_TIMING iteration=9 barrier_iteration=0 stage=2 derivative_s=0.000281800 first_order_s=0.000141400 second_order_s=0.000103400 algebra_s=0.000765100 kkt_assembly_s=0.000133400 factor_s=0.002453000 solve_s=0.001203700 update_s=0.000098600 K_nnz=5269 rhs_cols=1 Vxx_nnz=2601
FILTERDDP_TIMING iteration=9 barrier_iteration=0 stage=1 derivative_s=0.000282100 first_order_s=0.000139400 second_order_s=0.000105500 algebra_s=0.000806100 kkt_assembly_s=0.000131300 factor_s=0.002447300 solve_s=0.001194500 update_s=0.000098300 K_nnz=5269 rhs_cols=1 Vxx_nnz=2601
FILTERDDP_FEASIBILITY iteration=9 barrier_iteration=0 equality_count=3372 equality_rms=2.579314125319e-03 equality_max=3.520739524415e-02 equality_worst_stage=3 equality_worst_index=384 dynamics_count=255 dynamics_rms=0.000000000000e+00 dynamics_max=0.000000000000e+00 dynamics_worst_stage=0 dynamics_worst_index=0 bound_count=4902 bound_rms=0.000000000000e+00 bound_max=0.000000000000e+00 bound_worst_stage=0 bound_worst_index=0 bound_worst_kind=none
     9   4.33639587e+03   3.5207e-02   1.1058e+01   1.0000e+00    0.00      -     5.0000e-01   0
FILTERDDP_ITER_TIMING iteration=9 barrier_iteration=0 backward_s=0.037147500 forward_s=0.002363500 total_s=0.039511000 outcome=accepted step_size=5.000000000e-01 backtracks=0 mu=1.000000000e+00
FILTERDDP_TIMING iteration=10 barrier_iteration=0 stage=6 derivative_s=0.000285400 first_order_s=0.000119900 second_order_s=0.000128600 algebra_s=0.000882700 kkt_assembly_s=0.000135000 factor_s=0.002562400 solve_s=0.001208400 update_s=0.000100200 K_nnz=5269 rhs_cols=1 Vxx_nnz=2601
FILTERDDP_TIMING iteration=10 barrier_iteration=0 stage=5 derivative_s=0.000352300 first_order_s=0.000168400 second_order_s=0.000129000 algebra_s=0.000736500 kkt_assembly_s=0.000136200 factor_s=0.002384800 solve_s=0.001586400 update_s=0.000100000 K_nnz=5269 rhs_cols=1 Vxx_nnz=2601
FILTERDDP_TIMING iteration=10 barrier_iteration=0 stage=4 derivative_s=0.000304500 first_order_s=0.000152100 second_order_s=0.000107200 algebra_s=0.000793100 kkt_assembly_s=0.000135000 factor_s=0.002331400 solve_s=0.001308700 update_s=0.000110400 K_nnz=5269 rhs_cols=1 Vxx_nnz=2601
FILTERDDP_TIMING iteration=10 barrier_iteration=0 stage=3 derivative_s=0.000287600 first_order_s=0.000144800 second_order_s=0.000106100 algebra_s=0.000730300 kkt_assembly_s=0.000134100 factor_s=0.002405200 solve_s=0.001348300 update_s=0.000104700 K_nnz=5269 rhs_cols=1 Vxx_nnz=2601
FILTERDDP_TIMING iteration=10 barrier_iteration=0 stage=2 derivative_s=0.000293100 first_order_s=0.000150100 second_order_s=0.000104900 algebra_s=0.000728500 kkt_assembly_s=0.000158900 factor_s=0.002291800 solve_s=0.001448300 update_s=0.000105300 K_nnz=5269 rhs_cols=1 Vxx_nnz=2601
FILTERDDP_TIMING iteration=10 barrier_iteration=0 stage=1 derivative_s=0.000312400 first_order_s=0.000166800 second_order_s=0.000106900 algebra_s=0.000725600 kkt_assembly_s=0.000134800 factor_s=0.002961900 solve_s=0.001386900 update_s=0.000099900 K_nnz=5269 rhs_cols=1 Vxx_nnz=2601
FILTERDDP_FEASIBILITY iteration=10 barrier_iteration=0 equality_count=3372 equality_rms=2.496522616626e-03 equality_max=4.160169151857e-02 equality_worst_stage=3 equality_worst_index=384 dynamics_count=255 dynamics_rms=0.000000000000e+00 dynamics_max=0.000000000000e+00 dynamics_worst_stage=0 dynamics_worst_index=0 bound_count=4902 bound_rms=0.000000000000e+00 bound_max=0.000000000000e+00 bound_worst_stage=0 bound_worst_index=0 bound_worst_kind=none
FILTERDDP_ITER_TIMING iteration=10 barrier_iteration=0 backward_s=0.031530000 forward_s=0.000000000 total_s=0.031530000 outcome=barrier_update step_size=5.000000000e-01 backtracks=0 mu=1.000000000e+00
FILTERDDP_TIMING iteration=10 barrier_iteration=1 stage=6 derivative_s=0.000171100 first_order_s=0.000078500 second_order_s=0.000056200 algebra_s=0.000298300 kkt_assembly_s=0.000077400 factor_s=0.001034300 solve_s=0.001037100 update_s=0.000139600 K_nnz=5269 rhs_cols=1 Vxx_nnz=2601
FILTERDDP_TIMING iteration=10 barrier_iteration=1 stage=5 derivative_s=0.000287800 first_order_s=0.000144700 second_order_s=0.000100700 algebra_s=0.000717100 kkt_assembly_s=0.000138200 factor_s=0.002398400 solve_s=0.001214700 update_s=0.000064500 K_nnz=5269 rhs_cols=1 Vxx_nnz=2601
FILTERDDP_TIMING iteration=10 barrier_iteration=1 stage=4 derivative_s=0.000191800 first_order_s=0.000102600 second_order_s=0.000063600 algebra_s=0.000397200 kkt_assembly_s=0.000082700 factor_s=0.001454800 solve_s=0.000938100 update_s=0.000091900 K_nnz=5269 rhs_cols=1 Vxx_nnz=2601
FILTERDDP_TIMING iteration=10 barrier_iteration=1 stage=3 derivative_s=0.000275600 first_order_s=0.000135700 second_order_s=0.000101200 algebra_s=0.000770000 kkt_assembly_s=0.000160100 factor_s=0.002609400 solve_s=0.001215200 update_s=0.000116700 K_nnz=5269 rhs_cols=1 Vxx_nnz=2601
FILTERDDP_TIMING iteration=10 barrier_iteration=1 stage=2 derivative_s=0.000275700 first_order_s=0.000136500 second_order_s=0.000099900 algebra_s=0.000721300 kkt_assembly_s=0.000162500 factor_s=0.002264800 solve_s=0.001123200 update_s=0.000092900 K_nnz=5269 rhs_cols=1 Vxx_nnz=2601
FILTERDDP_TIMING iteration=10 barrier_iteration=1 stage=1 derivative_s=0.000296400 first_order_s=0.000139100 second_order_s=0.000119700 algebra_s=0.000717800 kkt_assembly_s=0.000130100 factor_s=0.002271900 solve_s=0.000995500 update_s=0.000092900 K_nnz=5269 rhs_cols=1 Vxx_nnz=2601
FILTERDDP_FEASIBILITY iteration=10 barrier_iteration=1 equality_count=3372 equality_rms=2.496522616626e-03 equality_max=4.160169151857e-02 equality_worst_stage=3 equality_worst_index=384 dynamics_count=255 dynamics_rms=0.000000000000e+00 dynamics_max=0.000000000000e+00 dynamics_worst_stage=0 dynamics_worst_index=0 bound_count=4902 bound_rms=0.000000000000e+00 bound_max=0.000000000000e+00 bound_worst_stage=0 bound_worst_index=0 bound_worst_kind=none
  iter     objective        pr_inf       du_inf       cs_inf     lg(μ)   lg(reg)    alpha     ls
    10   4.34158721e+03   4.1602e-02   5.5288e+00   1.0000e+00   -0.70      -     5.0000e-01   0
FILTERDDP_ITER_TIMING iteration=10 barrier_iteration=1 backward_s=0.025417900 forward_s=0.002283300 total_s=0.027701200 outcome=accepted step_size=5.000000000e-01 backtracks=0 mu=2.000000000e-01
FILTERDDP_TIMING iteration=11 barrier_iteration=1 stage=6 derivative_s=0.000351000 first_order_s=0.000128500 second_order_s=0.000171200 algebra_s=0.000830600 kkt_assembly_s=0.000131200 factor_s=0.057892200 solve_s=0.001240500 update_s=0.000107400 K_nnz=5269 rhs_cols=1 Vxx_nnz=2601
FILTERDDP_TIMING iteration=11 barrier_iteration=1 stage=5 derivative_s=0.000289700 first_order_s=0.000142300 second_order_s=0.000104300 algebra_s=0.000723300 kkt_assembly_s=0.000139700 factor_s=0.002366800 solve_s=0.001359600 update_s=0.000094000 K_nnz=5269 rhs_cols=1 Vxx_nnz=2601
FILTERDDP_TIMING iteration=11 barrier_iteration=1 stage=4 derivative_s=0.000323800 first_order_s=0.000146800 second_order_s=0.000119200 algebra_s=0.000796000 kkt_assembly_s=0.000133800 factor_s=0.002311900 solve_s=0.001291100 update_s=0.000093800 K_nnz=5269 rhs_cols=1 Vxx_nnz=2601
FILTERDDP_TIMING iteration=11 barrier_iteration=1 stage=3 derivative_s=0.000279700 first_order_s=0.000139700 second_order_s=0.000101300 algebra_s=0.000720800 kkt_assembly_s=0.000130200 factor_s=0.002288800 solve_s=0.001142500 update_s=0.000094500 K_nnz=5269 rhs_cols=1 Vxx_nnz=2601
FILTERDDP_TIMING iteration=11 barrier_iteration=1 stage=2 derivative_s=0.000273300 first_order_s=0.000136700 second_order_s=0.000099000 algebra_s=0.000707600 kkt_assembly_s=0.000129400 factor_s=0.002288000 solve_s=0.001176600 update_s=0.000092000 K_nnz=5269 rhs_cols=1 Vxx_nnz=2601
FILTERDDP_TIMING iteration=11 barrier_iteration=1 stage=1 derivative_s=0.000273100 first_order_s=0.000134500 second_order_s=0.000102300 algebra_s=0.000703400 kkt_assembly_s=0.000127500 factor_s=0.002555700 solve_s=0.001162000 update_s=0.000088100 K_nnz=5269 rhs_cols=1 Vxx_nnz=2601
FILTERDDP_FEASIBILITY iteration=11 barrier_iteration=1 equality_count=3372 equality_rms=1.304204683726e-02 equality_max=1.601535599473e-01 equality_worst_stage=3 equality_worst_index=509 dynamics_count=255 dynamics_rms=0.000000000000e+00 dynamics_max=0.000000000000e+00 dynamics_worst_stage=0 dynamics_worst_index=0 bound_count=4902 bound_rms=0.000000000000e+00 bound_max=0.000000000000e+00 bound_worst_stage=0 bound_worst_index=0 bound_worst_kind=none
    11   4.02464279e+03   1.6015e-01   2.7644e+00   6.3677e-01   -0.70      -     5.0000e-01   0
FILTERDDP_ITER_TIMING iteration=11 barrier_iteration=1 backward_s=0.085112000 forward_s=0.002238000 total_s=0.087350000 outcome=accepted step_size=5.000000000e-01 backtracks=0 mu=2.000000000e-01
FILTERDDP_TIMING iteration=12 barrier_iteration=1 stage=6 derivative_s=0.000274800 first_order_s=0.000119000 second_order_s=0.000119900 algebra_s=0.000792700 kkt_assembly_s=0.000130800 factor_s=0.002099900 solve_s=0.001119200 update_s=0.000091600 K_nnz=5269 rhs_cols=1 Vxx_nnz=2601
FILTERDDP_TIMING iteration=12 barrier_iteration=1 stage=5 derivative_s=0.000273400 first_order_s=0.000136600 second_order_s=0.000101300 algebra_s=0.000699000 kkt_assembly_s=0.000126800 factor_s=0.002437900 solve_s=0.001183600 update_s=0.000090900 K_nnz=5269 rhs_cols=1 Vxx_nnz=2601
FILTERDDP_TIMING iteration=12 barrier_iteration=1 stage=4 derivative_s=0.000271700 first_order_s=0.000135400 second_order_s=0.000100000 algebra_s=0.000747900 kkt_assembly_s=0.000129700 factor_s=0.002268100 solve_s=0.001183500 update_s=0.000088400 K_nnz=5269 rhs_cols=1 Vxx_nnz=2601
FILTERDDP_TIMING iteration=12 barrier_iteration=1 stage=3 derivative_s=0.000269900 first_order_s=0.000136700 second_order_s=0.000098900 algebra_s=0.000696800 kkt_assembly_s=0.000126100 factor_s=0.002292000 solve_s=0.001079200 update_s=0.000091100 K_nnz=5269 rhs_cols=1 Vxx_nnz=2601
FILTERDDP_TIMING iteration=12 barrier_iteration=1 stage=2 derivative_s=0.000276100 first_order_s=0.000141900 second_order_s=0.000097900 algebra_s=0.000700900 kkt_assembly_s=0.000125100 factor_s=0.002278200 solve_s=0.001282900 update_s=0.000094600 K_nnz=5269 rhs_cols=1 Vxx_nnz=2601
FILTERDDP_TIMING iteration=12 barrier_iteration=1 stage=1 derivative_s=0.000327400 first_order_s=0.000191000 second_order_s=0.000098300 algebra_s=0.000747000 kkt_assembly_s=0.000124900 factor_s=0.002251900 solve_s=0.001145100 update_s=0.000091800 K_nnz=5269 rhs_cols=1 Vxx_nnz=2601
FILTERDDP_FEASIBILITY iteration=12 barrier_iteration=1 equality_count=3372 equality_rms=2.964132888831e-02 equality_max=3.559441566926e-01 equality_worst_stage=3 equality_worst_index=509 dynamics_count=255 dynamics_rms=0.000000000000e+00 dynamics_max=0.000000000000e+00 dynamics_worst_stage=0 dynamics_worst_index=0 bound_count=4902 bound_rms=0.000000000000e+00 bound_max=0.000000000000e+00 bound_worst_stage=0 bound_worst_index=0 bound_worst_kind=none
FILTERDDP_ITER_TIMING iteration=12 barrier_iteration=1 backward_s=0.028400700 forward_s=0.000000000 total_s=0.028400700 outcome=barrier_update step_size=5.000000000e-01 backtracks=0 mu=2.000000000e-01
FILTERDDP_TIMING iteration=12 barrier_iteration=2 stage=6 derivative_s=0.000334500 first_order_s=0.000176000 second_order_s=0.000122200 algebra_s=0.000908300 kkt_assembly_s=0.000181700 factor_s=0.002344000 solve_s=0.001211800 update_s=0.000090700 K_nnz=5269 rhs_cols=1 Vxx_nnz=2601
FILTERDDP_TIMING iteration=12 barrier_iteration=2 stage=5 derivative_s=0.000334600 first_order_s=0.000196300 second_order_s=0.000100500 algebra_s=0.000717000 kkt_assembly_s=0.000123800 factor_s=0.002281900 solve_s=0.001150300 update_s=0.000090900 K_nnz=5269 rhs_cols=1 Vxx_nnz=2601
FILTERDDP_TIMING iteration=12 barrier_iteration=2 stage=4 derivative_s=0.000353000 first_order_s=0.000193700 second_order_s=0.000122500 algebra_s=0.000757600 kkt_assembly_s=0.000123500 factor_s=0.002457100 solve_s=0.001265100 update_s=0.000091200 K_nnz=5269 rhs_cols=1 Vxx_nnz=2601
FILTERDDP_TIMING iteration=12 barrier_iteration=2 stage=3 derivative_s=0.000292000 first_order_s=0.000136400 second_order_s=0.000119400 algebra_s=0.000707800 kkt_assembly_s=0.000125300 factor_s=0.002329600 solve_s=0.001204500 update_s=0.000111600 K_nnz=5269 rhs_cols=1 Vxx_nnz=2601
FILTERDDP_TIMING iteration=12 barrier_iteration=2 stage=2 derivative_s=0.000268200 first_order_s=0.000136500 second_order_s=0.000096100 algebra_s=0.000744500 kkt_assembly_s=0.000126200 factor_s=0.002328100 solve_s=0.001232400 update_s=0.000091900 K_nnz=5269 rhs_cols=1 Vxx_nnz=2601
FILTERDDP_TIMING iteration=12 barrier_iteration=2 stage=1 derivative_s=0.000329000 first_order_s=0.000191100 second_order_s=0.000100900 algebra_s=0.000717600 kkt_assembly_s=0.000124900 factor_s=0.363506100 solve_s=0.001292500 update_s=0.000115200 K_nnz=5269 rhs_cols=1 Vxx_nnz=2601
FILTERDDP_FEASIBILITY iteration=12 barrier_iteration=2 equality_count=3372 equality_rms=2.964132888831e-02 equality_max=3.559441566926e-01 equality_worst_stage=3 equality_worst_index=509 dynamics_count=255 dynamics_rms=0.000000000000e+00 dynamics_max=0.000000000000e+00 dynamics_worst_stage=0 dynamics_worst_index=0 bound_count=4902 bound_rms=0.000000000000e+00 bound_max=0.000000000000e+00 bound_worst_stage=0 bound_worst_index=0 bound_worst_kind=none
    12   3.77433415e+03   3.5594e-01   1.7755e+00   4.3609e-01   -1.40      -     5.0000e-01   0
FILTERDDP_ITER_TIMING iteration=12 barrier_iteration=2 backward_s=0.390872100 forward_s=0.002294000 total_s=0.393166100 outcome=accepted step_size=5.000000000e-01 backtracks=0 mu=4.000000000e-02
FILTERDDP_TIMING iteration=13 barrier_iteration=2 stage=6 derivative_s=0.000293400 first_order_s=0.000121100 second_order_s=0.000127300 algebra_s=0.000805200 kkt_assembly_s=0.000180900 factor_s=0.002490300 solve_s=0.001303200 update_s=0.000100800 K_nnz=5269 rhs_cols=1 Vxx_nnz=2601
FILTERDDP_TIMING iteration=13 barrier_iteration=2 stage=5 derivative_s=0.000303400 first_order_s=0.000147300 second_order_s=0.000103800 algebra_s=0.000759800 kkt_assembly_s=0.000133000 factor_s=0.002332100 solve_s=0.001278300 update_s=0.000093100 K_nnz=5269 rhs_cols=1 Vxx_nnz=2601
FILTERDDP_TIMING iteration=13 barrier_iteration=2 stage=4 derivative_s=0.000276600 first_order_s=0.000138600 second_order_s=0.000098600 algebra_s=0.000713400 kkt_assembly_s=0.000132900 factor_s=0.002305100 solve_s=0.001178300 update_s=0.000092500 K_nnz=5269 rhs_cols=1 Vxx_nnz=2601
FILTERDDP_TIMING iteration=13 barrier_iteration=2 stage=3 derivative_s=0.000277000 first_order_s=0.000139000 second_order_s=0.000101000 algebra_s=0.000782600 kkt_assembly_s=0.000135900 factor_s=0.002400100 solve_s=0.001251700 update_s=0.000090500 K_nnz=5269 rhs_cols=1 Vxx_nnz=2601
FILTERDDP_TIMING iteration=13 barrier_iteration=2 stage=2 derivative_s=0.000275800 first_order_s=0.000139400 second_order_s=0.000100300 algebra_s=0.000685300 kkt_assembly_s=0.000130400 factor_s=0.002241800 solve_s=0.001370700 update_s=0.000125500 K_nnz=5269 rhs_cols=1 Vxx_nnz=2601
FILTERDDP_TIMING iteration=13 barrier_iteration=2 stage=1 derivative_s=0.000535700 first_order_s=0.000153700 second_order_s=0.000270000 algebra_s=0.000987000 kkt_assembly_s=0.000130900 factor_s=0.002412200 solve_s=0.001124300 update_s=0.000091000 K_nnz=5269 rhs_cols=1 Vxx_nnz=2601
FILTERDDP_FEASIBILITY iteration=13 barrier_iteration=2 equality_count=3372 equality_rms=2.466709257829e-02 equality_max=2.958933729282e-01 equality_worst_stage=6 equality_worst_index=509 dynamics_count=255 dynamics_rms=0.000000000000e+00 dynamics_max=0.000000000000e+00 dynamics_worst_stage=0 dynamics_worst_index=0 bound_count=4902 bound_rms=0.000000000000e+00 bound_max=0.000000000000e+00 bound_worst_stage=0 bound_worst_index=0 bound_worst_kind=none
    13   3.51567062e+03   2.9589e-01   1.8766e+00   2.6052e-01   -1.40      -     5.0000e-01   0
FILTERDDP_ITER_TIMING iteration=13 barrier_iteration=2 backward_s=0.030229600 forward_s=0.002177200 total_s=0.032406800 outcome=accepted step_size=5.000000000e-01 backtracks=0 mu=4.000000000e-02
FILTERDDP_TIMING iteration=14 barrier_iteration=2 stage=6 derivative_s=0.000274800 first_order_s=0.000115800 second_order_s=0.000122900 algebra_s=0.000802600 kkt_assembly_s=0.000154200 factor_s=0.002289700 solve_s=0.001170700 update_s=0.000144500 K_nnz=5269 rhs_cols=1 Vxx_nnz=2601
FILTERDDP_TIMING iteration=14 barrier_iteration=2 stage=5 derivative_s=0.000284000 first_order_s=0.000136500 second_order_s=0.000111000 algebra_s=0.000721200 kkt_assembly_s=0.000129600 factor_s=0.002272200 solve_s=0.001263300 update_s=0.000090200 K_nnz=5269 rhs_cols=1 Vxx_nnz=2601
FILTERDDP_TIMING iteration=14 barrier_iteration=2 stage=4 derivative_s=0.000271100 first_order_s=0.000136400 second_order_s=0.000099200 algebra_s=0.000712100 kkt_assembly_s=0.000128800 factor_s=0.002240900 solve_s=0.001266900 update_s=0.000091300 K_nnz=5269 rhs_cols=1 Vxx_nnz=2601
FILTERDDP_TIMING iteration=14 barrier_iteration=2 stage=3 derivative_s=0.000272400 first_order_s=0.000137400 second_order_s=0.000098700 algebra_s=0.000697700 kkt_assembly_s=0.000130800 factor_s=0.002275500 solve_s=0.001155600 update_s=0.000092300 K_nnz=5269 rhs_cols=1 Vxx_nnz=2601
FILTERDDP_TIMING iteration=14 barrier_iteration=2 stage=2 derivative_s=0.000310300 first_order_s=0.000175100 second_order_s=0.000098300 algebra_s=0.000729300 kkt_assembly_s=0.000129000 factor_s=0.002354200 solve_s=0.001234800 update_s=0.000091700 K_nnz=5269 rhs_cols=1 Vxx_nnz=2601
FILTERDDP_TIMING iteration=14 barrier_iteration=2 stage=1 derivative_s=0.000266500 first_order_s=0.000133700 second_order_s=0.000097900 algebra_s=0.000885300 kkt_assembly_s=0.000136500 factor_s=0.002533500 solve_s=0.001219500 update_s=0.000090700 K_nnz=5269 rhs_cols=1 Vxx_nnz=2601
FILTERDDP_FEASIBILITY iteration=14 barrier_iteration=2 equality_count=3372 equality_rms=2.661129726313e-02 equality_max=3.440313466205e-01 equality_worst_stage=6 equality_worst_index=509 dynamics_count=255 dynamics_rms=0.000000000000e+00 dynamics_max=0.000000000000e+00 dynamics_worst_stage=0 dynamics_worst_index=0 bound_count=4902 bound_rms=0.000000000000e+00 bound_max=0.000000000000e+00 bound_worst_stage=0 bound_worst_index=0 bound_worst_kind=none
    14   3.36633535e+03   3.4403e-01   1.5136e+00   1.6147e-01   -1.40      -     5.0000e-01   0
FILTERDDP_ITER_TIMING iteration=14 barrier_iteration=2 backward_s=0.029299800 forward_s=0.002491500 total_s=0.031791300 outcome=accepted step_size=5.000000000e-01 backtracks=0 mu=4.000000000e-02
FILTERDDP_TIMING iteration=15 barrier_iteration=2 stage=6 derivative_s=0.000274900 first_order_s=0.000115600 second_order_s=0.000122100 algebra_s=0.001038000 kkt_assembly_s=0.000163100 factor_s=0.002430600 solve_s=0.001346100 update_s=0.000090300 K_nnz=5269 rhs_cols=1 Vxx_nnz=2601
FILTERDDP_TIMING iteration=15 barrier_iteration=2 stage=5 derivative_s=0.000271800 first_order_s=0.000136100 second_order_s=0.000100200 algebra_s=0.000717900 kkt_assembly_s=0.000141300 factor_s=0.002627900 solve_s=0.001236200 update_s=0.000089500 K_nnz=5269 rhs_cols=1 Vxx_nnz=2601
FILTERDDP_TIMING iteration=15 barrier_iteration=2 stage=4 derivative_s=0.000271500 first_order_s=0.000135600 second_order_s=0.000099700 algebra_s=0.000793800 kkt_assembly_s=0.000129400 factor_s=0.002697000 solve_s=0.001261900 update_s=0.000109500 K_nnz=5269 rhs_cols=1 Vxx_nnz=2601
FILTERDDP_TIMING iteration=15 barrier_iteration=2 stage=3 derivative_s=0.000268200 first_order_s=0.000136000 second_order_s=0.000096100 algebra_s=0.000711900 kkt_assembly_s=0.000127800 factor_s=0.002331100 solve_s=0.001223000 update_s=0.000091700 K_nnz=5269 rhs_cols=1 Vxx_nnz=2601
FILTERDDP_TIMING iteration=15 barrier_iteration=2 stage=2 derivative_s=0.000293900 first_order_s=0.000138200 second_order_s=0.000118600 algebra_s=0.000771700 kkt_assembly_s=0.000136200 factor_s=0.002514100 solve_s=0.001249500 update_s=0.000092200 K_nnz=5269 rhs_cols=1 Vxx_nnz=2601
FILTERDDP_TIMING iteration=15 barrier_iteration=2 stage=1 derivative_s=0.000271100 first_order_s=0.000136000 second_order_s=0.000099600 algebra_s=0.000698500 kkt_assembly_s=0.000109600 factor_s=0.002153400 solve_s=0.001175500 update_s=0.000094100 K_nnz=5269 rhs_cols=1 Vxx_nnz=2601
FILTERDDP_FEASIBILITY iteration=15 barrier_iteration=2 equality_count=3372 equality_rms=3.267281614367e-02 equality_max=4.382907771961e-01 equality_worst_stage=5 equality_worst_index=509 dynamics_count=255 dynamics_rms=0.000000000000e+00 dynamics_max=0.000000000000e+00 dynamics_worst_stage=0 dynamics_worst_index=0 bound_count=4902 bound_rms=0.000000000000e+00 bound_max=0.000000000000e+00 bound_worst_stage=0 bound_worst_index=0 bound_worst_kind=none
    15   3.28876702e+03   4.3829e-01   1.0980e+00   1.0613e-01   -1.40      -     5.0000e-01   0
FILTERDDP_ITER_TIMING iteration=15 barrier_iteration=2 backward_s=0.030407000 forward_s=0.002546800 total_s=0.032953800 outcome=accepted step_size=5.000000000e-01 backtracks=0 mu=4.000000000e-02
FILTERDDP_TIMING iteration=16 barrier_iteration=2 stage=6 derivative_s=0.000275900 first_order_s=0.000118900 second_order_s=0.000120100 algebra_s=0.000836500 kkt_assembly_s=0.000141800 factor_s=0.002380300 solve_s=0.001175200 update_s=0.000091500 K_nnz=5269 rhs_cols=1 Vxx_nnz=2601
FILTERDDP_TIMING iteration=16 barrier_iteration=2 stage=5 derivative_s=0.000291100 first_order_s=0.000156600 second_order_s=0.000099000 algebra_s=0.000721100 kkt_assembly_s=0.000126300 factor_s=0.002327800 solve_s=0.001192100 update_s=0.000095700 K_nnz=5269 rhs_cols=1 Vxx_nnz=2601
FILTERDDP_TIMING iteration=16 barrier_iteration=2 stage=4 derivative_s=0.000274300 first_order_s=0.000137100 second_order_s=0.000100400 algebra_s=0.000725300 kkt_assembly_s=0.000129000 factor_s=0.002282500 solve_s=0.001293800 update_s=0.000174800 K_nnz=5269 rhs_cols=1 Vxx_nnz=2601
FILTERDDP_TIMING iteration=16 barrier_iteration=2 stage=3 derivative_s=0.000446200 first_order_s=0.000186200 second_order_s=0.000205200 algebra_s=0.001156000 kkt_assembly_s=0.000179200 factor_s=0.002955400 solve_s=0.001376500 update_s=0.000109200 K_nnz=5269 rhs_cols=1 Vxx_nnz=2601
FILTERDDP_TIMING iteration=16 barrier_iteration=2 stage=2 derivative_s=0.000563700 first_order_s=0.000364600 second_order_s=0.000162300 algebra_s=0.001388300 kkt_assembly_s=0.000167900 factor_s=0.002854100 solve_s=0.001548200 update_s=0.000315600 K_nnz=5269 rhs_cols=1 Vxx_nnz=2601
FILTERDDP_TIMING iteration=16 barrier_iteration=2 stage=1 derivative_s=0.000452600 first_order_s=0.000208700 second_order_s=0.000187900 algebra_s=0.001492000 kkt_assembly_s=0.000185100 factor_s=0.002893600 solve_s=0.001116200 update_s=0.000115500 K_nnz=5269 rhs_cols=1 Vxx_nnz=2601
FILTERDDP_FEASIBILITY iteration=16 barrier_iteration=2 equality_count=3372 equality_rms=4.089812334040e-02 equality_max=5.694184807245e-01 equality_worst_stage=5 equality_worst_index=509 dynamics_count=255 dynamics_rms=0.000000000000e+00 dynamics_max=0.000000000000e+00 dynamics_worst_stage=0 dynamics_worst_index=0 bound_count=4902 bound_rms=0.000000000000e+00 bound_max=0.000000000000e+00 bound_worst_stage=0 bound_worst_index=0 bound_worst_kind=none
    16   3.24958503e+03   5.6942e-01   7.4638e-01   7.5289e-02   -1.40      -     5.0000e-01   0
FILTERDDP_ITER_TIMING iteration=16 barrier_iteration=2 backward_s=0.034268700 forward_s=0.003684900 total_s=0.037953600 outcome=accepted step_size=5.000000000e-01 backtracks=0 mu=4.000000000e-02
FILTERDDP_TIMING iteration=17 barrier_iteration=2 stage=6 derivative_s=0.000474500 first_order_s=0.000204800 second_order_s=0.000229300 algebra_s=0.000936600 kkt_assembly_s=0.000329600 factor_s=0.002938500 solve_s=0.001560900 update_s=0.000157200 K_nnz=5269 rhs_cols=1 Vxx_nnz=2601
FILTERDDP_TIMING iteration=17 barrier_iteration=2 stage=5 derivative_s=0.000927100 first_order_s=0.000393600 second_order_s=0.000488800 algebra_s=0.001210300 kkt_assembly_s=0.000196300 factor_s=0.003091100 solve_s=0.001732900 update_s=0.000402500 K_nnz=5269 rhs_cols=1 Vxx_nnz=2601
FILTERDDP_TIMING iteration=17 barrier_iteration=2 stage=4 derivative_s=0.000475300 first_order_s=0.000203200 second_order_s=0.000231400 algebra_s=0.001286600 kkt_assembly_s=0.000197400 factor_s=0.002906900 solve_s=0.001419500 update_s=0.000160800 K_nnz=5269 rhs_cols=1 Vxx_nnz=2601
FILTERDDP_TIMING iteration=17 barrier_iteration=2 stage=3 derivative_s=0.000643200 first_order_s=0.000203600 second_order_s=0.000386100 algebra_s=0.001269100 kkt_assembly_s=0.000205700 factor_s=0.003040600 solve_s=0.001568900 update_s=0.000115900 K_nnz=5269 rhs_cols=1 Vxx_nnz=2601
FILTERDDP_TIMING iteration=17 barrier_iteration=2 stage=2 derivative_s=0.000351300 first_order_s=0.000193400 second_order_s=0.000120100 algebra_s=0.001343400 kkt_assembly_s=0.000194600 factor_s=0.002928800 solve_s=0.001387700 update_s=0.000122200 K_nnz=5269 rhs_cols=1 Vxx_nnz=2601
FILTERDDP_TIMING iteration=17 barrier_iteration=2 stage=1 derivative_s=0.000312300 first_order_s=0.000155300 second_order_s=0.000119200 algebra_s=0.001180300 kkt_assembly_s=0.000367800 factor_s=0.002993200 solve_s=0.001624500 update_s=0.000168200 K_nnz=5269 rhs_cols=1 Vxx_nnz=2601
FILTERDDP_FEASIBILITY iteration=17 barrier_iteration=2 equality_count=3372 equality_rms=4.588756181386e-02 equality_max=6.597516655537e-01 equality_worst_stage=5 equality_worst_index=509 dynamics_count=255 dynamics_rms=0.000000000000e+00 dynamics_max=0.000000000000e+00 dynamics_worst_stage=0 dynamics_worst_index=0 bound_count=4902 bound_rms=0.000000000000e+00 bound_max=0.000000000000e+00 bound_worst_stage=0 bound_worst_index=0 bound_worst_kind=none
    17   3.23016855e+03   6.5975e-01   4.8226e-01   5.8423e-02   -1.40      -     5.0000e-01   0
FILTERDDP_ITER_TIMING iteration=17 barrier_iteration=2 backward_s=0.040670600 forward_s=0.003404100 total_s=0.044074700 outcome=accepted step_size=5.000000000e-01 backtracks=0 mu=4.000000000e-02
FILTERDDP_TIMING iteration=18 barrier_iteration=2 stage=6 derivative_s=0.000491300 first_order_s=0.000186100 second_order_s=0.000266200 algebra_s=0.001216800 kkt_assembly_s=0.000472500 factor_s=0.003085000 solve_s=0.001540100 update_s=0.000199100 K_nnz=5269 rhs_cols=1 Vxx_nnz=2601
FILTERDDP_TIMING iteration=18 barrier_iteration=2 stage=5 derivative_s=0.000430800 first_order_s=0.000192600 second_order_s=0.000183800 algebra_s=0.001257200 kkt_assembly_s=0.000184300 factor_s=0.002688600 solve_s=0.001519000 update_s=0.000193700 K_nnz=5269 rhs_cols=1 Vxx_nnz=2601
FILTERDDP_TIMING iteration=18 barrier_iteration=2 stage=4 derivative_s=0.000844700 first_order_s=0.000584700 second_order_s=0.000217900 algebra_s=0.001632400 kkt_assembly_s=0.000240300 factor_s=0.003282600 solve_s=0.001624500 update_s=0.000176300 K_nnz=5269 rhs_cols=1 Vxx_nnz=2601
FILTERDDP_TIMING iteration=18 barrier_iteration=2 stage=3 derivative_s=0.000654300 first_order_s=0.000379200 second_order_s=0.000218600 algebra_s=0.001262700 kkt_assembly_s=0.000227300 factor_s=0.003052500 solve_s=0.001702000 update_s=0.000175800 K_nnz=5269 rhs_cols=1 Vxx_nnz=2601
FILTERDDP_TIMING iteration=18 barrier_iteration=2 stage=2 derivative_s=0.000469400 first_order_s=0.000201300 second_order_s=0.000209900 algebra_s=0.001724000 kkt_assembly_s=0.000202700 factor_s=0.002726000 solve_s=0.001731500 update_s=0.000197000 K_nnz=5269 rhs_cols=1 Vxx_nnz=2601
FILTERDDP_TIMING iteration=18 barrier_iteration=2 stage=1 derivative_s=0.000478800 first_order_s=0.000210500 second_order_s=0.000211600 algebra_s=0.001374700 kkt_assembly_s=0.000197400 factor_s=0.003183100 solve_s=0.001920600 update_s=0.000238700 K_nnz=5269 rhs_cols=1 Vxx_nnz=2601
FILTERDDP_FEASIBILITY iteration=18 barrier_iteration=2 equality_count=3372 equality_rms=4.318827926200e-02 equality_max=6.442018838310e-01 equality_worst_stage=5 equality_worst_index=509 dynamics_count=255 dynamics_rms=0.000000000000e+00 dynamics_max=0.000000000000e+00 dynamics_worst_stage=0 dynamics_worst_index=0 bound_count=4902 bound_rms=0.000000000000e+00 bound_max=0.000000000000e+00 bound_worst_stage=0 bound_worst_index=0 bound_worst_kind=none
    18   3.22082425e+03   6.4420e-01   3.0532e-01   4.9446e-02   -1.40      -     5.0000e-01   0
FILTERDDP_ITER_TIMING iteration=18 barrier_iteration=2 backward_s=0.043072200 forward_s=0.003764300 total_s=0.046836500 outcome=accepted step_size=5.000000000e-01 backtracks=0 mu=4.000000000e-02
FILTERDDP_TIMING iteration=19 barrier_iteration=2 stage=6 derivative_s=0.000543200 first_order_s=0.000185800 second_order_s=0.000316300 algebra_s=0.001552200 kkt_assembly_s=0.000271400 factor_s=0.003220800 solve_s=0.001825500 update_s=0.000183200 K_nnz=5269 rhs_cols=1 Vxx_nnz=2601
FILTERDDP_TIMING iteration=19 barrier_iteration=2 stage=5 derivative_s=0.000495400 first_order_s=0.000212900 second_order_s=0.000241600 algebra_s=0.001550600 kkt_assembly_s=0.000200800 factor_s=0.003220500 solve_s=0.001718600 update_s=0.000213500 K_nnz=5269 rhs_cols=1 Vxx_nnz=2601
FILTERDDP_TIMING iteration=19 barrier_iteration=2 stage=4 derivative_s=0.000792500 first_order_s=0.000264600 second_order_s=0.000466600 algebra_s=0.001301300 kkt_assembly_s=0.000192500 factor_s=0.002905100 solve_s=0.001534200 update_s=0.000170600 K_nnz=5269 rhs_cols=1 Vxx_nnz=2601
FILTERDDP_TIMING iteration=19 barrier_iteration=2 stage=3 derivative_s=0.000630800 first_order_s=0.000382900 second_order_s=0.000192300 algebra_s=0.001314500 kkt_assembly_s=0.000195900 factor_s=0.002939000 solve_s=0.001509000 update_s=0.000204700 K_nnz=5269 rhs_cols=1 Vxx_nnz=2601
FILTERDDP_TIMING iteration=19 barrier_iteration=2 stage=2 derivative_s=0.000501200 first_order_s=0.000207200 second_order_s=0.000237900 algebra_s=0.001456700 kkt_assembly_s=0.000235600 factor_s=0.002676000 solve_s=0.001744400 update_s=0.000176600 K_nnz=5269 rhs_cols=1 Vxx_nnz=2601
FILTERDDP_TIMING iteration=19 barrier_iteration=2 stage=1 derivative_s=0.000575500 first_order_s=0.000262400 second_order_s=0.000244600 algebra_s=0.001377500 kkt_assembly_s=0.000193800 factor_s=0.003284500 solve_s=0.001647300 update_s=0.000166400 K_nnz=5269 rhs_cols=1 Vxx_nnz=2601
FILTERDDP_FEASIBILITY iteration=19 barrier_iteration=2 equality_count=3372 equality_rms=3.373140200762e-02 equality_max=5.206065880179e-01 equality_worst_stage=5 equality_worst_index=509 dynamics_count=255 dynamics_rms=0.000000000000e+00 dynamics_max=0.000000000000e+00 dynamics_worst_stage=0 dynamics_worst_index=0 bound_count=4902 bound_rms=0.000000000000e+00 bound_max=0.000000000000e+00 bound_worst_stage=0 bound_worst_index=0 bound_worst_kind=none
    19   3.21650880e+03   5.2061e-01   1.7412e-01   4.4787e-02   -1.40      -     5.0000e-01   0
FILTERDDP_ITER_TIMING iteration=19 barrier_iteration=2 backward_s=0.043255400 forward_s=0.003939500 total_s=0.047194900 outcome=accepted step_size=5.000000000e-01 backtracks=0 mu=4.000000000e-02
FILTERDDP_TIMING iteration=20 barrier_iteration=2 stage=6 derivative_s=0.000504100 first_order_s=0.000171500 second_order_s=0.000294500 algebra_s=0.000996600 kkt_assembly_s=0.000105000 factor_s=0.001366800 solve_s=0.002177800 update_s=0.000163600 K_nnz=5269 rhs_cols=1 Vxx_nnz=2601
FILTERDDP_TIMING iteration=20 barrier_iteration=2 stage=5 derivative_s=0.000459700 first_order_s=0.000197700 second_order_s=0.000209100 algebra_s=0.001438500 kkt_assembly_s=0.000184300 factor_s=0.003168200 solve_s=0.001603700 update_s=0.000176300 K_nnz=5269 rhs_cols=1 Vxx_nnz=2601
FILTERDDP_TIMING iteration=20 barrier_iteration=2 stage=4 derivative_s=0.000691700 first_order_s=0.000226900 second_order_s=0.000425600 algebra_s=0.001229700 kkt_assembly_s=0.000186600 factor_s=0.002693400 solve_s=0.002018800 update_s=0.000197000 K_nnz=5269 rhs_cols=1 Vxx_nnz=2601
FILTERDDP_TIMING iteration=20 barrier_iteration=2 stage=3 derivative_s=0.000681400 first_order_s=0.000224700 second_order_s=0.000416700 algebra_s=0.001896300 kkt_assembly_s=0.000297000 factor_s=0.003003000 solve_s=0.001540400 update_s=0.000149300 K_nnz=5269 rhs_cols=1 Vxx_nnz=2601
FILTERDDP_TIMING iteration=20 barrier_iteration=2 stage=2 derivative_s=0.000405600 first_order_s=0.000173700 second_order_s=0.000198400 algebra_s=0.001246400 kkt_assembly_s=0.000159500 factor_s=0.002841900 solve_s=0.001793600 update_s=0.000407400 K_nnz=5269 rhs_cols=1 Vxx_nnz=2601
FILTERDDP_TIMING iteration=20 barrier_iteration=2 stage=1 derivative_s=0.000479100 first_order_s=0.000227700 second_order_s=0.000210500 algebra_s=0.001367900 kkt_assembly_s=0.000184500 factor_s=0.002872100 solve_s=0.001629700 update_s=0.000386500 K_nnz=5269 rhs_cols=1 Vxx_nnz=2601
FILTERDDP_FEASIBILITY iteration=20 barrier_iteration=2 equality_count=3372 equality_rms=2.236795325417e-02 equality_max=3.537776196515e-01 equality_worst_stage=5 equality_worst_index=509 dynamics_count=255 dynamics_rms=0.000000000000e+00 dynamics_max=0.000000000000e+00 dynamics_worst_stage=0 dynamics_worst_index=0 bound_count=4902 bound_rms=0.000000000000e+00 bound_max=0.000000000000e+00 bound_worst_stage=0 bound_worst_index=0 bound_worst_kind=none
FILTERDDP_ITER_TIMING iteration=20 barrier_iteration=2 backward_s=0.041181800 forward_s=0.000000000 total_s=0.041181800 outcome=barrier_update step_size=5.000000000e-01 backtracks=0 mu=4.000000000e-02
FILTERDDP_TIMING iteration=20 barrier_iteration=3 stage=6 derivative_s=0.000527300 first_order_s=0.000201900 second_order_s=0.000284800 algebra_s=0.001426800 kkt_assembly_s=0.000206900 factor_s=0.003772300 solve_s=0.001717500 update_s=0.000352900 K_nnz=5269 rhs_cols=1 Vxx_nnz=2601
FILTERDDP_TIMING iteration=20 barrier_iteration=3 stage=5 derivative_s=0.000712100 first_order_s=0.000229000 second_order_s=0.000439700 algebra_s=0.001592000 kkt_assembly_s=0.000217300 factor_s=0.002501000 solve_s=0.001568400 update_s=0.000155100 K_nnz=5269 rhs_cols=1 Vxx_nnz=2601
FILTERDDP_TIMING iteration=20 barrier_iteration=3 stage=4 derivative_s=0.000576200 first_order_s=0.000185400 second_order_s=0.000354900 algebra_s=0.001112000 kkt_assembly_s=0.000213900 factor_s=0.002718700 solve_s=0.001409600 update_s=0.000143400 K_nnz=5269 rhs_cols=1 Vxx_nnz=2601
FILTERDDP_TIMING iteration=20 barrier_iteration=3 stage=3 derivative_s=0.000346800 first_order_s=0.000158500 second_order_s=0.000157100 algebra_s=0.001457800 kkt_assembly_s=0.000169900 factor_s=0.002332800 solve_s=0.001657700 update_s=0.000187900 K_nnz=5269 rhs_cols=1 Vxx_nnz=2601
FILTERDDP_TIMING iteration=20 barrier_iteration=3 stage=2 derivative_s=0.000487700 first_order_s=0.000207100 second_order_s=0.000218800 algebra_s=0.001500300 kkt_assembly_s=0.000206400 factor_s=0.003258400 solve_s=0.001598200 update_s=0.000397000 K_nnz=5269 rhs_cols=1 Vxx_nnz=2601
FILTERDDP_TIMING iteration=20 barrier_iteration=3 stage=1 derivative_s=0.000497800 first_order_s=0.000230700 second_order_s=0.000226200 algebra_s=0.001390400 kkt_assembly_s=0.000194800 factor_s=0.003157100 solve_s=0.001639500 update_s=0.000184300 K_nnz=5269 rhs_cols=1 Vxx_nnz=2601
FILTERDDP_FEASIBILITY iteration=20 barrier_iteration=3 equality_count=3372 equality_rms=2.236795325417e-02 equality_max=3.537776196515e-01 equality_worst_stage=5 equality_worst_index=509 dynamics_count=255 dynamics_rms=0.000000000000e+00 dynamics_max=0.000000000000e+00 dynamics_worst_stage=0 dynamics_worst_index=0 bound_count=4902 bound_rms=0.000000000000e+00 bound_max=0.000000000000e+00 bound_worst_stage=0 bound_worst_index=0 bound_worst_kind=none
  iter     objective        pr_inf       du_inf       cs_inf     lg(μ)   lg(reg)    alpha     ls
    20   3.21459786e+03   3.5378e-01   7.4596e-02   4.2410e-02   -2.10      -     5.0000e-01   0
FILTERDDP_ITER_TIMING iteration=20 barrier_iteration=3 backward_s=0.042079800 forward_s=0.003673300 total_s=0.045753100 outcome=accepted step_size=5.000000000e-01 backtracks=0 mu=8.000000000e-03
FILTERDDP_TIMING iteration=21 barrier_iteration=3 stage=6 derivative_s=0.000549100 first_order_s=0.000214800 second_order_s=0.000292000 algebra_s=0.001630200 kkt_assembly_s=0.000258400 factor_s=0.003516400 solve_s=0.001712900 update_s=0.000202700 K_nnz=5269 rhs_cols=1 Vxx_nnz=2601
FILTERDDP_TIMING iteration=21 barrier_iteration=3 stage=5 derivative_s=0.000774900 first_order_s=0.000463600 second_order_s=0.000266000 algebra_s=0.001331900 kkt_assembly_s=0.000227100 factor_s=0.003279200 solve_s=0.001920900 update_s=0.000198200 K_nnz=5269 rhs_cols=1 Vxx_nnz=2601
FILTERDDP_TIMING iteration=21 barrier_iteration=3 stage=4 derivative_s=0.000499100 first_order_s=0.000211900 second_order_s=0.000225900 algebra_s=0.001639900 kkt_assembly_s=0.000242600 factor_s=0.003076400 solve_s=0.001803100 update_s=0.000178500 K_nnz=5269 rhs_cols=1 Vxx_nnz=2601
FILTERDDP_TIMING iteration=21 barrier_iteration=3 stage=3 derivative_s=0.001019000 first_order_s=0.000712400 second_order_s=0.000255700 algebra_s=0.001996200 kkt_assembly_s=0.000236000 factor_s=0.003157500 solve_s=0.001809400 update_s=0.000198600 K_nnz=5269 rhs_cols=1 Vxx_nnz=2601
FILTERDDP_TIMING iteration=21 barrier_iteration=3 stage=2 derivative_s=0.000505200 first_order_s=0.000211300 second_order_s=0.000250900 algebra_s=0.001996900 kkt_assembly_s=0.000274100 factor_s=0.004496800 solve_s=0.001712700 update_s=0.000367800 K_nnz=5269 rhs_cols=1 Vxx_nnz=2601
FILTERDDP_TIMING iteration=21 barrier_iteration=3 stage=1 derivative_s=0.000497800 first_order_s=0.000241100 second_order_s=0.000213200 algebra_s=0.001378300 kkt_assembly_s=0.000211000 factor_s=0.003512400 solve_s=0.001959800 update_s=0.000243400 K_nnz=5269 rhs_cols=1 Vxx_nnz=2601
FILTERDDP_FEASIBILITY iteration=21 barrier_iteration=3 equality_count=3372 equality_rms=1.027178975047e-01 equality_max=1.561401620570e+00 equality_worst_stage=5 equality_worst_index=509 dynamics_count=255 dynamics_rms=0.000000000000e+00 dynamics_max=0.000000000000e+00 dynamics_worst_stage=0 dynamics_worst_index=0 bound_count=4902 bound_rms=0.000000000000e+00 bound_max=0.000000000000e+00 bound_worst_stage=0 bound_worst_index=0 bound_worst_kind=none
    21   3.18587303e+03   1.5614e+00   1.5633e-01   2.6826e-02   -2.10      -     5.0000e-01   0
FILTERDDP_ITER_TIMING iteration=21 barrier_iteration=3 backward_s=0.049134700 forward_s=0.004967700 total_s=0.054102400 outcome=accepted step_size=5.000000000e-01 backtracks=0 mu=8.000000000e-03
FILTERDDP_TIMING iteration=22 barrier_iteration=3 stage=6 derivative_s=0.000624900 first_order_s=0.000251000 second_order_s=0.000323700 algebra_s=0.001733100 kkt_assembly_s=0.000233600 factor_s=0.002912800 solve_s=0.001837900 update_s=0.000191100 K_nnz=5269 rhs_cols=1 Vxx_nnz=2601
FILTERDDP_TIMING iteration=22 barrier_iteration=3 stage=5 derivative_s=0.000720400 first_order_s=0.000282300 second_order_s=0.000392800 algebra_s=0.001542800 kkt_assembly_s=0.000215400 factor_s=0.003697300 solve_s=0.001802900 update_s=0.000188100 K_nnz=5269 rhs_cols=1 Vxx_nnz=2601
FILTERDDP_TIMING iteration=22 barrier_iteration=3 stage=4 derivative_s=0.000808700 first_order_s=0.000254200 second_order_s=0.000506300 algebra_s=0.002035500 kkt_assembly_s=0.000268700 factor_s=0.003576400 solve_s=0.001703500 update_s=0.000193000 K_nnz=5269 rhs_cols=1 Vxx_nnz=2601
FILTERDDP_TIMING iteration=22 barrier_iteration=3 stage=3 derivative_s=0.000590200 first_order_s=0.000245800 second_order_s=0.000288000 algebra_s=0.001376800 kkt_assembly_s=0.000403300 factor_s=0.003301400 solve_s=0.001292800 update_s=0.000227000 K_nnz=5269 rhs_cols=1 Vxx_nnz=2601
FILTERDDP_TIMING iteration=22 barrier_iteration=3 stage=2 derivative_s=0.000356400 first_order_s=0.000156200 second_order_s=0.000162200 algebra_s=0.001097100 kkt_assembly_s=0.000159000 factor_s=0.002292800 solve_s=0.001653800 update_s=0.000308700 K_nnz=5269 rhs_cols=1 Vxx_nnz=2601
FILTERDDP_TIMING iteration=22 barrier_iteration=3 stage=1 derivative_s=0.000393100 first_order_s=0.000154500 second_order_s=0.000191100 algebra_s=0.000883500 kkt_assembly_s=0.000153700 factor_s=0.001998800 solve_s=0.001581300 update_s=0.000125400 K_nnz=5269 rhs_cols=1 Vxx_nnz=2601
FILTERDDP_FEASIBILITY iteration=22 barrier_iteration=3 equality_count=3372 equality_rms=1.060774232764e-01 equality_max=1.665944489308e+00 equality_worst_stage=5 equality_worst_index=509 dynamics_count=255 dynamics_rms=0.000000000000e+00 dynamics_max=0.000000000000e+00 dynamics_worst_stage=0 dynamics_worst_index=0 bound_count=4902 bound_rms=0.000000000000e+00 bound_max=0.000000000000e+00 bound_worst_stage=0 bound_worst_index=0 bound_worst_kind=none
    22   3.17128860e+03   1.6659e+00   1.3354e-01   1.8175e-02   -2.10      -     5.0000e-01   0
FILTERDDP_ITER_TIMING iteration=22 barrier_iteration=3 backward_s=0.043033900 forward_s=0.002480100 total_s=0.045514000 outcome=accepted step_size=5.000000000e-01 backtracks=0 mu=8.000000000e-03
FILTERDDP_TIMING iteration=23 barrier_iteration=3 stage=6 derivative_s=0.000308100 first_order_s=0.000123100 second_order_s=0.000157300 algebra_s=0.001008800 kkt_assembly_s=0.000143800 factor_s=0.001891900 solve_s=0.001690800 update_s=0.000097400 K_nnz=5269 rhs_cols=1 Vxx_nnz=2601
FILTERDDP_TIMING iteration=23 barrier_iteration=3 stage=5 derivative_s=0.000294500 first_order_s=0.000104300 second_order_s=0.000168700 algebra_s=0.000567500 kkt_assembly_s=0.000091900 factor_s=0.001930700 solve_s=0.001511900 update_s=0.000187600 K_nnz=5269 rhs_cols=1 Vxx_nnz=2601
FILTERDDP_TIMING iteration=23 barrier_iteration=3 stage=4 derivative_s=0.000487900 first_order_s=0.000209400 second_order_s=0.000219700 algebra_s=0.001469000 kkt_assembly_s=0.000203300 factor_s=0.002962100 solve_s=0.001474600 update_s=0.000181100 K_nnz=5269 rhs_cols=1 Vxx_nnz=2601
FILTERDDP_TIMING iteration=23 barrier_iteration=3 stage=3 derivative_s=0.000499500 first_order_s=0.000227300 second_order_s=0.000196500 algebra_s=0.001673900 kkt_assembly_s=0.000401800 factor_s=0.003165500 solve_s=0.001273200 update_s=0.000184000 K_nnz=5269 rhs_cols=1 Vxx_nnz=2601
FILTERDDP_TIMING iteration=23 barrier_iteration=3 stage=2 derivative_s=0.000557100 first_order_s=0.000204700 second_order_s=0.000196400 algebra_s=0.001332400 kkt_assembly_s=0.000183200 factor_s=0.002945500 solve_s=0.001296400 update_s=0.000165400 K_nnz=5269 rhs_cols=1 Vxx_nnz=2601
FILTERDDP_TIMING iteration=23 barrier_iteration=3 stage=1 derivative_s=0.000301500 first_order_s=0.000090400 second_order_s=0.000193000 algebra_s=0.000471100 kkt_assembly_s=0.000084300 factor_s=0.001215100 solve_s=0.001179100 update_s=0.000171600 K_nnz=5269 rhs_cols=1 Vxx_nnz=2601
FILTERDDP_FEASIBILITY iteration=23 barrier_iteration=3 equality_count=3372 equality_rms=7.454452683010e-02 equality_max=1.191192628629e+00 equality_worst_stage=5 equality_worst_index=509 dynamics_count=255 dynamics_rms=0.000000000000e+00 dynamics_max=0.000000000000e+00 dynamics_worst_stage=0 dynamics_worst_index=0 bound_count=4902 bound_rms=0.000000000000e+00 bound_max=0.000000000000e+00 bound_worst_stage=0 bound_worst_index=0 bound_worst_kind=none
    23   3.16396521e+03   1.1912e+00   8.4238e-02   1.2204e-02   -2.10      -     5.0000e-01   0
FILTERDDP_ITER_TIMING iteration=23 barrier_iteration=3 backward_s=0.034012400 forward_s=0.003609600 total_s=0.037622000 outcome=accepted step_size=5.000000000e-01 backtracks=0 mu=8.000000000e-03
FILTERDDP_TIMING iteration=24 barrier_iteration=3 stage=6 derivative_s=0.000673300 first_order_s=0.000373900 second_order_s=0.000257800 algebra_s=0.001554700 kkt_assembly_s=0.000222400 factor_s=0.002986400 solve_s=0.001153600 update_s=0.000178500 K_nnz=5269 rhs_cols=1 Vxx_nnz=2601
FILTERDDP_TIMING iteration=24 barrier_iteration=3 stage=5 derivative_s=0.000689400 first_order_s=0.000211500 second_order_s=0.000421300 algebra_s=0.001324700 kkt_assembly_s=0.000214900 factor_s=0.002969000 solve_s=0.001787900 update_s=0.000189800 K_nnz=5269 rhs_cols=1 Vxx_nnz=2601
FILTERDDP_TIMING iteration=24 barrier_iteration=3 stage=4 derivative_s=0.000555900 first_order_s=0.000281600 second_order_s=0.000231200 algebra_s=0.001608900 kkt_assembly_s=0.000185700 factor_s=0.003728900 solve_s=0.001561400 update_s=0.000126000 K_nnz=5269 rhs_cols=1 Vxx_nnz=2601
FILTERDDP_TIMING iteration=24 barrier_iteration=3 stage=3 derivative_s=0.000319400 first_order_s=0.000139200 second_order_s=0.000152100 algebra_s=0.000981200 kkt_assembly_s=0.000461400 factor_s=0.001928400 solve_s=0.001678600 update_s=0.000180000 K_nnz=5269 rhs_cols=1 Vxx_nnz=2601
FILTERDDP_TIMING iteration=24 barrier_iteration=3 stage=2 derivative_s=0.000727800 first_order_s=0.000201500 second_order_s=0.000485400 algebra_s=0.001456800 kkt_assembly_s=0.000210000 factor_s=0.003561900 solve_s=0.001617800 update_s=0.000178900 K_nnz=5269 rhs_cols=1 Vxx_nnz=2601
FILTERDDP_TIMING iteration=24 barrier_iteration=3 stage=1 derivative_s=0.000684500 first_order_s=0.000406400 second_order_s=0.000220500 algebra_s=0.001522700 kkt_assembly_s=0.000217000 factor_s=0.003325900 solve_s=0.001689800 update_s=0.000181500 K_nnz=5269 rhs_cols=1 Vxx_nnz=2601
FILTERDDP_FEASIBILITY iteration=24 barrier_iteration=3 equality_count=3372 equality_rms=4.449922934807e-02 equality_max=7.176106887849e-01 equality_worst_stage=5 equality_worst_index=509 dynamics_count=255 dynamics_rms=0.000000000000e+00 dynamics_max=0.000000000000e+00 dynamics_worst_stage=0 dynamics_worst_index=0 bound_count=4902 bound_rms=0.000000000000e+00 bound_max=0.000000000000e+00 bound_worst_stage=0 bound_worst_index=0 bound_worst_kind=none
    24   3.16031456e+03   7.1761e-01   4.2712e-02   6.6146e-03   -2.10      -     5.0000e-01   0
FILTERDDP_ITER_TIMING iteration=24 barrier_iteration=3 backward_s=0.043099300 forward_s=0.004173200 total_s=0.047272500 outcome=accepted step_size=5.000000000e-01 backtracks=0 mu=8.000000000e-03
FILTERDDP_TIMING iteration=25 barrier_iteration=3 stage=6 derivative_s=0.000949400 first_order_s=0.000361100 second_order_s=0.000528400 algebra_s=0.001378300 kkt_assembly_s=0.000205400 factor_s=0.003220800 solve_s=0.001730900 update_s=0.000179700 K_nnz=5269 rhs_cols=1 Vxx_nnz=2601
FILTERDDP_TIMING iteration=25 barrier_iteration=3 stage=5 derivative_s=0.000728800 first_order_s=0.000449900 second_order_s=0.000215900 algebra_s=0.001331600 kkt_assembly_s=0.000217500 factor_s=0.002949500 solve_s=0.001671800 update_s=0.000189700 K_nnz=5269 rhs_cols=1 Vxx_nnz=2601
FILTERDDP_TIMING iteration=25 barrier_iteration=3 stage=4 derivative_s=0.000511500 first_order_s=0.000224500 second_order_s=0.000226000 algebra_s=0.002081100 kkt_assembly_s=0.000218400 factor_s=0.003775400 solve_s=0.001582800 update_s=0.000186000 K_nnz=5269 rhs_cols=1 Vxx_nnz=2601
FILTERDDP_TIMING iteration=25 barrier_iteration=3 stage=3 derivative_s=0.000479100 first_order_s=0.000212300 second_order_s=0.000209200 algebra_s=0.001239900 kkt_assembly_s=0.000185200 factor_s=0.046969100 solve_s=0.001275700 update_s=0.000123300 K_nnz=5269 rhs_cols=1 Vxx_nnz=2601
FILTERDDP_TIMING iteration=25 barrier_iteration=3 stage=2 derivative_s=0.000284100 first_order_s=0.000150600 second_order_s=0.000087800 algebra_s=0.000518700 kkt_assembly_s=0.000136800 factor_s=0.001800800 solve_s=0.001159500 update_s=0.000117700 K_nnz=5269 rhs_cols=1 Vxx_nnz=2601
FILTERDDP_TIMING iteration=25 barrier_iteration=3 stage=1 derivative_s=0.000316400 first_order_s=0.000159200 second_order_s=0.000110400 algebra_s=0.000950000 kkt_assembly_s=0.000187300 factor_s=0.002435100 solve_s=0.001199800 update_s=0.000145400 K_nnz=5269 rhs_cols=1 Vxx_nnz=2601
FILTERDDP_FEASIBILITY iteration=25 barrier_iteration=3 equality_count=3372 equality_rms=2.441167704856e-02 equality_max=3.954908946205e-01 equality_worst_stage=5 equality_worst_index=509 dynamics_count=255 dynamics_rms=0.000000000000e+00 dynamics_max=0.000000000000e+00 dynamics_worst_stage=0 dynamics_worst_index=0 bound_count=4902 bound_rms=0.000000000000e+00 bound_max=0.000000000000e+00 bound_worst_stage=0 bound_worst_index=0 bound_worst_kind=none
    25   3.15849975e+03   3.9549e-01   1.8871e-02   3.4765e-03   -2.10      -     5.0000e-01   0
FILTERDDP_ITER_TIMING iteration=25 barrier_iteration=3 backward_s=0.083222200 forward_s=0.002419500 total_s=0.085641700 outcome=accepted step_size=5.000000000e-01 backtracks=0 mu=8.000000000e-03
FILTERDDP_TIMING iteration=26 barrier_iteration=3 stage=6 derivative_s=0.000303900 first_order_s=0.000129400 second_order_s=0.000129000 algebra_s=0.000851900 kkt_assembly_s=0.000146800 factor_s=0.002077900 solve_s=0.000973900 update_s=0.000067300 K_nnz=5269 rhs_cols=1 Vxx_nnz=2601
FILTERDDP_TIMING iteration=26 barrier_iteration=3 stage=5 derivative_s=0.000151600 first_order_s=0.000075700 second_order_s=0.000054200 algebra_s=0.000288100 kkt_assembly_s=0.000077900 factor_s=0.001044100 solve_s=0.001313700 update_s=0.000138100 K_nnz=5269 rhs_cols=1 Vxx_nnz=2601
FILTERDDP_TIMING iteration=26 barrier_iteration=3 stage=4 derivative_s=0.000462000 first_order_s=0.000239000 second_order_s=0.000145100 algebra_s=0.000756300 kkt_assembly_s=0.000211900 factor_s=0.003034500 solve_s=0.001505700 update_s=0.000136500 K_nnz=5269 rhs_cols=1 Vxx_nnz=2601
FILTERDDP_TIMING iteration=26 barrier_iteration=3 stage=3 derivative_s=0.000336700 first_order_s=0.000148900 second_order_s=0.000146400 algebra_s=0.000837400 kkt_assembly_s=0.000151000 factor_s=0.002268100 solve_s=0.001191700 update_s=0.000099500 K_nnz=5269 rhs_cols=1 Vxx_nnz=2601
FILTERDDP_TIMING iteration=26 barrier_iteration=3 stage=2 derivative_s=0.000287100 first_order_s=0.000143100 second_order_s=0.000106400 algebra_s=0.000712200 kkt_assembly_s=0.000133300 factor_s=0.002227100 solve_s=0.001199100 update_s=0.000059200 K_nnz=5269 rhs_cols=1 Vxx_nnz=2601
FILTERDDP_TIMING iteration=26 barrier_iteration=3 stage=1 derivative_s=0.000135000 first_order_s=0.000068300 second_order_s=0.000048700 algebra_s=0.000294700 kkt_assembly_s=0.000080100 factor_s=0.000961600 solve_s=0.001151900 update_s=0.000057900 K_nnz=5269 rhs_cols=1 Vxx_nnz=2601
FILTERDDP_FEASIBILITY iteration=26 barrier_iteration=3 equality_count=3372 equality_rms=1.280139638260e-02 equality_max=2.078521644402e-01 equality_worst_stage=5 equality_worst_index=509 dynamics_count=255 dynamics_rms=0.000000000000e+00 dynamics_max=0.000000000000e+00 dynamics_worst_stage=0 dynamics_worst_index=0 bound_count=4902 bound_rms=0.000000000000e+00 bound_max=0.000000000000e+00 bound_worst_stage=0 bound_worst_index=0 bound_worst_kind=none
    26   3.15759801e+03   2.0785e-01   7.5294e-03   1.7876e-03   -2.10      -     5.0000e-01   0
FILTERDDP_ITER_TIMING iteration=26 barrier_iteration=3 backward_s=0.026101300 forward_s=0.001101700 total_s=0.027203000 outcome=accepted step_size=5.000000000e-01 backtracks=0 mu=8.000000000e-03
FILTERDDP_TIMING iteration=27 barrier_iteration=3 stage=6 derivative_s=0.000133000 first_order_s=0.000056600 second_order_s=0.000059300 algebra_s=0.000309500 kkt_assembly_s=0.000065000 factor_s=0.000981200 solve_s=0.001163400 update_s=0.000098200 K_nnz=5269 rhs_cols=1 Vxx_nnz=2601
FILTERDDP_TIMING iteration=27 barrier_iteration=3 stage=5 derivative_s=0.000280200 first_order_s=0.000139300 second_order_s=0.000103800 algebra_s=0.000748000 kkt_assembly_s=0.000130800 factor_s=0.002337500 solve_s=0.001185400 update_s=0.000062000 K_nnz=5269 rhs_cols=1 Vxx_nnz=2601
FILTERDDP_TIMING iteration=27 barrier_iteration=3 stage=4 derivative_s=0.000128400 first_order_s=0.000064400 second_order_s=0.000047200 algebra_s=0.000322900 kkt_assembly_s=0.000077400 factor_s=0.000986700 solve_s=0.001053600 update_s=0.000053100 K_nnz=5269 rhs_cols=1 Vxx_nnz=2601
FILTERDDP_TIMING iteration=27 barrier_iteration=3 stage=3 derivative_s=0.000137000 first_order_s=0.000066300 second_order_s=0.000054300 algebra_s=0.000283800 kkt_assembly_s=0.000061000 factor_s=0.000944000 solve_s=0.001034000 update_s=0.000092500 K_nnz=5269 rhs_cols=1 Vxx_nnz=2601
FILTERDDP_TIMING iteration=27 barrier_iteration=3 stage=2 derivative_s=0.000308100 first_order_s=0.000148900 second_order_s=0.000122300 algebra_s=0.000713600 kkt_assembly_s=0.000126300 factor_s=0.002258000 solve_s=0.001146900 update_s=0.000093700 K_nnz=5269 rhs_cols=1 Vxx_nnz=2601
FILTERDDP_TIMING iteration=27 barrier_iteration=3 stage=1 derivative_s=0.000299100 first_order_s=0.000137600 second_order_s=0.000124400 algebra_s=0.000720400 kkt_assembly_s=0.000127800 factor_s=0.002146800 solve_s=0.000915000 update_s=0.000107300 K_nnz=5269 rhs_cols=1 Vxx_nnz=2601
FILTERDDP_FEASIBILITY iteration=27 barrier_iteration=3 equality_count=3372 equality_rms=6.556049015675e-03 equality_max=1.065549831922e-01 equality_worst_stage=5 equality_worst_index=509 dynamics_count=255 dynamics_rms=0.000000000000e+00 dynamics_max=0.000000000000e+00 dynamics_worst_stage=0 dynamics_worst_index=0 bound_count=4902 bound_rms=0.000000000000e+00 bound_max=0.000000000000e+00 bound_worst_stage=0 bound_worst_index=0 bound_worst_kind=none
    27   3.15714993e+03   1.0655e-01   2.6179e-03   9.0719e-04   -2.10      -     5.0000e-01   0
FILTERDDP_ITER_TIMING iteration=27 barrier_iteration=3 backward_s=0.021960700 forward_s=0.002564300 total_s=0.024525000 outcome=accepted step_size=5.000000000e-01 backtracks=0 mu=8.000000000e-03
FILTERDDP_TIMING iteration=28 barrier_iteration=3 stage=6 derivative_s=0.000317600 first_order_s=0.000120500 second_order_s=0.000159000 algebra_s=0.000881700 kkt_assembly_s=0.000151700 factor_s=0.002131000 solve_s=0.001303400 update_s=0.000093600 K_nnz=5269 rhs_cols=1 Vxx_nnz=2601
FILTERDDP_TIMING iteration=28 barrier_iteration=3 stage=5 derivative_s=0.000294400 first_order_s=0.000148600 second_order_s=0.000107700 algebra_s=0.000772000 kkt_assembly_s=0.000130900 factor_s=0.002295100 solve_s=0.001166200 update_s=0.000089900 K_nnz=5269 rhs_cols=1 Vxx_nnz=2601
FILTERDDP_TIMING iteration=28 barrier_iteration=3 stage=4 derivative_s=0.000296000 first_order_s=0.000160700 second_order_s=0.000099300 algebra_s=0.000746800 kkt_assembly_s=0.000128300 factor_s=0.002537900 solve_s=0.001047000 update_s=0.000113900 K_nnz=5269 rhs_cols=1 Vxx_nnz=2601
FILTERDDP_TIMING iteration=28 barrier_iteration=3 stage=3 derivative_s=0.000275500 first_order_s=0.000138900 second_order_s=0.000100400 algebra_s=0.000724800 kkt_assembly_s=0.000129800 factor_s=0.002278600 solve_s=0.001002600 update_s=0.000076300 K_nnz=5269 rhs_cols=1 Vxx_nnz=2601
FILTERDDP_TIMING iteration=28 barrier_iteration=3 stage=2 derivative_s=0.000237100 first_order_s=0.000107900 second_order_s=0.000099900 algebra_s=0.000537800 kkt_assembly_s=0.000118000 factor_s=0.001731100 solve_s=0.001224600 update_s=0.000095100 K_nnz=5269 rhs_cols=1 Vxx_nnz=2601
FILTERDDP_TIMING iteration=28 barrier_iteration=3 stage=1 derivative_s=0.000269300 first_order_s=0.000134700 second_order_s=0.000098300 algebra_s=0.000789600 kkt_assembly_s=0.000129400 factor_s=0.002336200 solve_s=0.000953400 update_s=0.000093300 K_nnz=5269 rhs_cols=1 Vxx_nnz=2601
FILTERDDP_FEASIBILITY iteration=28 barrier_iteration=3 equality_count=3372 equality_rms=3.317225624245e-03 equality_max=5.393777570669e-02 equality_worst_stage=5 equality_worst_index=509 dynamics_count=255 dynamics_rms=0.000000000000e+00 dynamics_max=0.000000000000e+00 dynamics_worst_stage=0 dynamics_worst_index=0 bound_count=4902 bound_rms=0.000000000000e+00 bound_max=0.000000000000e+00 bound_worst_stage=0 bound_worst_index=0 bound_worst_kind=none
FILTERDDP_ITER_TIMING iteration=28 barrier_iteration=3 backward_s=0.027896500 forward_s=0.000000000 total_s=0.027896500 outcome=barrier_update step_size=5.000000000e-01 backtracks=0 mu=8.000000000e-03
FILTERDDP_TIMING iteration=28 barrier_iteration=4 stage=6 derivative_s=0.000292900 first_order_s=0.000129600 second_order_s=0.000127500 algebra_s=0.000843700 kkt_assembly_s=0.000213900 factor_s=0.002249000 solve_s=0.001285600 update_s=0.000100700 K_nnz=5269 rhs_cols=1 Vxx_nnz=2601
FILTERDDP_TIMING iteration=28 barrier_iteration=4 stage=5 derivative_s=0.000300100 first_order_s=0.000150400 second_order_s=0.000112100 algebra_s=0.000745000 kkt_assembly_s=0.000130100 factor_s=0.002256300 solve_s=0.000865500 update_s=0.000070000 K_nnz=5269 rhs_cols=1 Vxx_nnz=2601
FILTERDDP_TIMING iteration=28 barrier_iteration=4 stage=4 derivative_s=0.000214900 first_order_s=0.000114900 second_order_s=0.000073300 algebra_s=0.000488400 kkt_assembly_s=0.000093200 factor_s=0.001719500 solve_s=0.001250400 update_s=0.000101000 K_nnz=5269 rhs_cols=1 Vxx_nnz=2601
FILTERDDP_TIMING iteration=28 barrier_iteration=4 stage=3 derivative_s=0.000241100 first_order_s=0.000128900 second_order_s=0.000085100 algebra_s=0.000522600 kkt_assembly_s=0.000143700 factor_s=0.001752300 solve_s=0.001413200 update_s=0.000106900 K_nnz=5269 rhs_cols=1 Vxx_nnz=2601
FILTERDDP_TIMING iteration=28 barrier_iteration=4 stage=2 derivative_s=0.000338400 first_order_s=0.000195400 second_order_s=0.000102100 algebra_s=0.000750600 kkt_assembly_s=0.000138100 factor_s=0.002349300 solve_s=0.001295800 update_s=0.000118600 K_nnz=5269 rhs_cols=1 Vxx_nnz=2601
FILTERDDP_TIMING iteration=28 barrier_iteration=4 stage=1 derivative_s=0.000283800 first_order_s=0.000135300 second_order_s=0.000110700 algebra_s=0.000722600 kkt_assembly_s=0.000136200 factor_s=0.002247600 solve_s=0.001096600 update_s=0.000199700 K_nnz=5269 rhs_cols=1 Vxx_nnz=2601
FILTERDDP_FEASIBILITY iteration=28 barrier_iteration=4 equality_count=3372 equality_rms=3.317225624245e-03 equality_max=5.393777570669e-02 equality_worst_stage=5 equality_worst_index=509 dynamics_count=255 dynamics_rms=0.000000000000e+00 dynamics_max=0.000000000000e+00 dynamics_worst_stage=0 dynamics_worst_index=0 bound_count=4902 bound_rms=0.000000000000e+00 bound_max=0.000000000000e+00 bound_worst_stage=0 bound_worst_index=0 bound_worst_kind=none
    28   3.15692728e+03   5.3938e-02   8.3047e-04   4.5707e-04   -2.80      -     5.0000e-01   0
FILTERDDP_ITER_TIMING iteration=28 barrier_iteration=4 backward_s=0.027467300 forward_s=0.002081100 total_s=0.029548400 outcome=accepted step_size=5.000000000e-01 backtracks=0 mu=1.600000000e-03
FILTERDDP_TIMING iteration=29 barrier_iteration=4 stage=6 derivative_s=0.000250700 first_order_s=0.000106000 second_order_s=0.000112900 algebra_s=0.000710400 kkt_assembly_s=0.000117300 factor_s=0.002269400 solve_s=0.001412300 update_s=0.000099900 K_nnz=5269 rhs_cols=1 Vxx_nnz=2601
FILTERDDP_TIMING iteration=29 barrier_iteration=4 stage=5 derivative_s=0.000279300 first_order_s=0.000141200 second_order_s=0.000101900 algebra_s=0.000714200 kkt_assembly_s=0.000131600 factor_s=0.002400500 solve_s=0.001283600 update_s=0.000098500 K_nnz=5269 rhs_cols=1 Vxx_nnz=2601
FILTERDDP_TIMING iteration=29 barrier_iteration=4 stage=4 derivative_s=0.000301100 first_order_s=0.000141400 second_order_s=0.000122500 algebra_s=0.000769200 kkt_assembly_s=0.000134000 factor_s=0.002378100 solve_s=0.001292100 update_s=0.000097300 K_nnz=5269 rhs_cols=1 Vxx_nnz=2601
FILTERDDP_TIMING iteration=29 barrier_iteration=4 stage=3 derivative_s=0.000364500 first_order_s=0.000146500 second_order_s=0.000179100 algebra_s=0.000733400 kkt_assembly_s=0.000133200 factor_s=0.002317800 solve_s=0.001366400 update_s=0.000122900 K_nnz=5269 rhs_cols=1 Vxx_nnz=2601
FILTERDDP_TIMING iteration=29 barrier_iteration=4 stage=2 derivative_s=0.000287000 first_order_s=0.000140400 second_order_s=0.000109100 algebra_s=0.000904500 kkt_assembly_s=0.000137200 factor_s=0.002428500 solve_s=0.001136900 update_s=0.000099800 K_nnz=5269 rhs_cols=1 Vxx_nnz=2601
FILTERDDP_TIMING iteration=29 barrier_iteration=4 stage=1 derivative_s=0.000290900 first_order_s=0.000144900 second_order_s=0.000107300 algebra_s=0.001271600 kkt_assembly_s=0.000198000 factor_s=0.002479800 solve_s=0.001378000 update_s=0.000119400 K_nnz=5269 rhs_cols=1 Vxx_nnz=2601
FILTERDDP_FEASIBILITY iteration=29 barrier_iteration=4 equality_count=3372 equality_rms=2.459035587776e-02 equality_max=4.248759384300e-01 equality_worst_stage=5 equality_worst_index=509 dynamics_count=255 dynamics_rms=0.000000000000e+00 dynamics_max=0.000000000000e+00 dynamics_worst_stage=0 dynamics_worst_index=0 bound_count=4902 bound_rms=0.000000000000e+00 bound_max=0.000000000000e+00 bound_worst_stage=0 bound_worst_index=0 bound_worst_kind=none
    29   3.15114111e+03   4.2488e-01   2.6105e-03   2.4532e-04   -2.80      -     5.0000e-01   0
FILTERDDP_ITER_TIMING iteration=29 barrier_iteration=4 backward_s=0.030930800 forward_s=0.002418400 total_s=0.033349200 outcome=accepted step_size=5.000000000e-01 backtracks=0 mu=1.600000000e-03
FILTERDDP_TIMING iteration=30 barrier_iteration=4 stage=6 derivative_s=0.000293900 first_order_s=0.000124900 second_order_s=0.000129800 algebra_s=0.000975300 kkt_assembly_s=0.000168800 factor_s=0.002919400 solve_s=0.001241000 update_s=0.000119200 K_nnz=5269 rhs_cols=1 Vxx_nnz=2601
FILTERDDP_TIMING iteration=30 barrier_iteration=4 stage=5 derivative_s=0.000292700 first_order_s=0.000147700 second_order_s=0.000106000 algebra_s=0.000735000 kkt_assembly_s=0.000136300 factor_s=0.002713500 solve_s=0.001280300 update_s=0.000133800 K_nnz=5269 rhs_cols=1 Vxx_nnz=2601
FILTERDDP_TIMING iteration=30 barrier_iteration=4 stage=4 derivative_s=0.000333500 first_order_s=0.000149700 second_order_s=0.000141600 algebra_s=0.000893800 kkt_assembly_s=0.000169100 factor_s=0.002464000 solve_s=0.001259800 update_s=0.000105000 K_nnz=5269 rhs_cols=1 Vxx_nnz=2601
FILTERDDP_TIMING iteration=30 barrier_iteration=4 stage=3 derivative_s=0.000345700 first_order_s=0.000139900 second_order_s=0.000166200 algebra_s=0.000747400 kkt_assembly_s=0.000140300 factor_s=0.002241700 solve_s=0.001478100 update_s=0.000111400 K_nnz=5269 rhs_cols=1 Vxx_nnz=2601
FILTERDDP_TIMING iteration=30 barrier_iteration=4 stage=2 derivative_s=0.000446900 first_order_s=0.000213300 second_order_s=0.000188100 algebra_s=0.000801700 kkt_assembly_s=0.000170000 factor_s=0.002444900 solve_s=0.001367200 update_s=0.000112200 K_nnz=5269 rhs_cols=1 Vxx_nnz=2601
FILTERDDP_TIMING iteration=30 barrier_iteration=4 stage=1 derivative_s=0.000364300 first_order_s=0.000209400 second_order_s=0.000112600 algebra_s=0.000814000 kkt_assembly_s=0.000145100 factor_s=0.002664400 solve_s=0.033895100 update_s=0.000132000 K_nnz=5269 rhs_cols=1 Vxx_nnz=2601
FILTERDDP_FEASIBILITY iteration=30 barrier_iteration=4 equality_count=3372 equality_rms=2.009019621713e-02 equality_max=3.478750970146e-01 equality_worst_stage=5 equality_worst_index=509 dynamics_count=255 dynamics_rms=0.000000000000e+00 dynamics_max=0.000000000000e+00 dynamics_worst_stage=0 dynamics_worst_index=0 bound_count=4902 bound_rms=0.000000000000e+00 bound_max=0.000000000000e+00 bound_worst_stage=0 bound_worst_index=0 bound_worst_kind=none
  iter     objective        pr_inf       du_inf       cs_inf     lg(μ)   lg(reg)    alpha     ls
    30   3.14831113e+03   3.4788e-01   2.1179e-03   1.2659e-04   -2.80      -     5.0000e-01   0
FILTERDDP_ITER_TIMING iteration=30 barrier_iteration=4 backward_s=0.065085000 forward_s=0.001668400 total_s=0.066753400 outcome=accepted step_size=5.000000000e-01 backtracks=0 mu=1.600000000e-03
FILTERDDP_TIMING iteration=31 barrier_iteration=4 stage=6 derivative_s=0.000289200 first_order_s=0.000092100 second_order_s=0.000162500 algebra_s=0.000554500 kkt_assembly_s=0.000107600 factor_s=0.001778400 solve_s=0.001717700 update_s=0.000106100 K_nnz=5269 rhs_cols=1 Vxx_nnz=2601
FILTERDDP_TIMING iteration=31 barrier_iteration=4 stage=5 derivative_s=0.000400600 first_order_s=0.000207200 second_order_s=0.000147000 algebra_s=0.000937800 kkt_assembly_s=0.000189500 factor_s=0.002512100 solve_s=0.001944600 update_s=0.000163800 K_nnz=5269 rhs_cols=1 Vxx_nnz=2601
FILTERDDP_TIMING iteration=31 barrier_iteration=4 stage=4 derivative_s=0.000433600 first_order_s=0.000192400 second_order_s=0.000181400 algebra_s=0.000959800 kkt_assembly_s=0.000191800 factor_s=0.002669800 solve_s=0.001664600 update_s=0.000157900 K_nnz=5269 rhs_cols=1 Vxx_nnz=2601
FILTERDDP_TIMING iteration=31 barrier_iteration=4 stage=3 derivative_s=0.000431500 first_order_s=0.000206600 second_order_s=0.000182800 algebra_s=0.000952400 kkt_assembly_s=0.000175000 factor_s=0.002545900 solve_s=0.001649400 update_s=0.000160800 K_nnz=5269 rhs_cols=1 Vxx_nnz=2601
FILTERDDP_TIMING iteration=31 barrier_iteration=4 stage=2 derivative_s=0.000429100 first_order_s=0.000200800 second_order_s=0.000185900 algebra_s=0.001127500 kkt_assembly_s=0.000184100 factor_s=0.002681100 solve_s=0.002005900 update_s=0.000194800 K_nnz=5269 rhs_cols=1 Vxx_nnz=2601
FILTERDDP_TIMING iteration=31 barrier_iteration=4 stage=1 derivative_s=0.000434200 first_order_s=0.000180900 second_order_s=0.000193400 algebra_s=0.000939600 kkt_assembly_s=0.000176100 factor_s=0.002565000 solve_s=0.001652300 update_s=0.000164300 K_nnz=5269 rhs_cols=1 Vxx_nnz=2601
FILTERDDP_FEASIBILITY iteration=31 barrier_iteration=4 equality_count=3372 equality_rms=1.253597399147e-02 equality_max=2.172966330421e-01 equality_worst_stage=5 equality_worst_index=509 dynamics_count=255 dynamics_rms=0.000000000000e+00 dynamics_max=0.000000000000e+00 dynamics_worst_stage=0 dynamics_worst_index=0 bound_count=4902 bound_rms=0.000000000000e+00 bound_max=0.000000000000e+00 bound_worst_stage=0 bound_worst_index=0 bound_worst_kind=none
    31   3.14693079e+03   2.1730e-01   1.1608e-03   6.3060e-05   -2.80      -     5.0000e-01   0
FILTERDDP_ITER_TIMING iteration=31 barrier_iteration=4 backward_s=0.035718100 forward_s=0.002515000 total_s=0.038233100 outcome=accepted step_size=5.000000000e-01 backtracks=0 mu=1.600000000e-03
FILTERDDP_TIMING iteration=32 barrier_iteration=4 stage=6 derivative_s=0.000650100 first_order_s=0.000168000 second_order_s=0.000439000 algebra_s=0.001181200 kkt_assembly_s=0.000185000 factor_s=0.001891800 solve_s=0.001883600 update_s=0.000165500 K_nnz=5269 rhs_cols=1 Vxx_nnz=2601
FILTERDDP_TIMING iteration=32 barrier_iteration=4 stage=5 derivative_s=0.000408300 first_order_s=0.000188400 second_order_s=0.000178200 algebra_s=0.000988900 kkt_assembly_s=0.000185200 factor_s=0.002589400 solve_s=0.001680600 update_s=0.000155900 K_nnz=5269 rhs_cols=1 Vxx_nnz=2601
FILTERDDP_TIMING iteration=32 barrier_iteration=4 stage=4 derivative_s=0.000428800 first_order_s=0.000211300 second_order_s=0.000176100 algebra_s=0.000948900 kkt_assembly_s=0.000187200 factor_s=0.002862100 solve_s=0.002057200 update_s=0.000165500 K_nnz=5269 rhs_cols=1 Vxx_nnz=2601
FILTERDDP_TIMING iteration=32 barrier_iteration=4 stage=3 derivative_s=0.000435900 first_order_s=0.000203200 second_order_s=0.000173300 algebra_s=0.000938300 kkt_assembly_s=0.000190000 factor_s=0.002964600 solve_s=0.001739700 update_s=0.000210600 K_nnz=5269 rhs_cols=1 Vxx_nnz=2601
FILTERDDP_TIMING iteration=32 barrier_iteration=4 stage=2 derivative_s=0.000658800 first_order_s=0.000321700 second_order_s=0.000270700 algebra_s=0.001368800 kkt_assembly_s=0.000278500 factor_s=0.002912200 solve_s=0.001755800 update_s=0.000184000 K_nnz=5269 rhs_cols=1 Vxx_nnz=2601
FILTERDDP_TIMING iteration=32 barrier_iteration=4 stage=1 derivative_s=0.000514100 first_order_s=0.000227800 second_order_s=0.000236300 algebra_s=0.001057700 kkt_assembly_s=0.000196600 factor_s=0.002636900 solve_s=0.001683700 update_s=0.000215000 K_nnz=5269 rhs_cols=1 Vxx_nnz=2601
FILTERDDP_FEASIBILITY iteration=32 barrier_iteration=4 equality_count=3372 equality_rms=7.015416611226e-03 equality_max=1.216942697160e-01 equality_worst_stage=5 equality_worst_index=509 dynamics_count=255 dynamics_rms=0.000000000000e+00 dynamics_max=0.000000000000e+00 dynamics_worst_stage=0 dynamics_worst_index=0 bound_count=4902 bound_rms=0.000000000000e+00 bound_max=0.000000000000e+00 bound_worst_stage=0 bound_worst_index=0 bound_worst_kind=none
    32   3.14625719e+03   1.2169e-01   4.9825e-04   3.0819e-05   -2.80      -     5.0000e-01   0
FILTERDDP_ITER_TIMING iteration=32 barrier_iteration=4 backward_s=0.040712600 forward_s=0.004148300 total_s=0.044860900 outcome=accepted step_size=5.000000000e-01 backtracks=0 mu=1.600000000e-03
FILTERDDP_TIMING iteration=33 barrier_iteration=4 stage=6 derivative_s=0.000688100 first_order_s=0.000266600 second_order_s=0.000337000 algebra_s=0.001418300 kkt_assembly_s=0.000281000 factor_s=0.003697500 solve_s=0.001877600 update_s=0.000180400 K_nnz=5269 rhs_cols=1 Vxx_nnz=2601
FILTERDDP_TIMING iteration=33 barrier_iteration=4 stage=5 derivative_s=0.000465900 first_order_s=0.000223300 second_order_s=0.000196800 algebra_s=0.000948700 kkt_assembly_s=0.000199000 factor_s=0.003009300 solve_s=0.001738200 update_s=0.000162100 K_nnz=5269 rhs_cols=1 Vxx_nnz=2601
FILTERDDP_TIMING iteration=33 barrier_iteration=4 stage=4 derivative_s=0.000451900 first_order_s=0.000202700 second_order_s=0.000187700 algebra_s=0.000972300 kkt_assembly_s=0.000194200 factor_s=0.002785500 solve_s=0.001776200 update_s=0.000168200 K_nnz=5269 rhs_cols=1 Vxx_nnz=2601
FILTERDDP_TIMING iteration=33 barrier_iteration=4 stage=3 derivative_s=0.000413500 first_order_s=0.000195500 second_order_s=0.000172900 algebra_s=0.000953200 kkt_assembly_s=0.000188200 factor_s=0.002547900 solve_s=0.001668900 update_s=0.000165400 K_nnz=5269 rhs_cols=1 Vxx_nnz=2601
FILTERDDP_TIMING iteration=33 barrier_iteration=4 stage=2 derivative_s=0.000659200 first_order_s=0.000197900 second_order_s=0.000400200 algebra_s=0.001250900 kkt_assembly_s=0.000217400 factor_s=0.002991700 solve_s=0.001842300 update_s=0.000171200 K_nnz=5269 rhs_cols=1 Vxx_nnz=2601
FILTERDDP_TIMING iteration=33 barrier_iteration=4 stage=1 derivative_s=0.000499600 first_order_s=0.000205500 second_order_s=0.000232700 algebra_s=0.001279000 kkt_assembly_s=0.000198900 factor_s=0.003240800 solve_s=0.001782500 update_s=0.000189000 K_nnz=5269 rhs_cols=1 Vxx_nnz=2601
FILTERDDP_FEASIBILITY iteration=33 barrier_iteration=4 equality_count=3372 equality_rms=3.718874195232e-03 equality_max=6.454394467467e-02 equality_worst_stage=5 equality_worst_index=509 dynamics_count=255 dynamics_rms=0.000000000000e+00 dynamics_max=0.000000000000e+00 dynamics_worst_stage=0 dynamics_worst_index=0 bound_count=4902 bound_rms=0.000000000000e+00 bound_max=0.000000000000e+00 bound_worst_stage=0 bound_worst_index=0 bound_worst_kind=none
    33   3.14592696e+03   6.4544e-02   1.8145e-04   1.5031e-05   -2.80      -     5.0000e-01   0
FILTERDDP_ITER_TIMING iteration=33 barrier_iteration=4 backward_s=0.041830800 forward_s=0.003650900 total_s=0.045481700 outcome=accepted step_size=5.000000000e-01 backtracks=0 mu=1.600000000e-03
FILTERDDP_TIMING iteration=34 barrier_iteration=4 stage=6 derivative_s=0.000511700 first_order_s=0.000183900 second_order_s=0.000282300 algebra_s=0.001854700 kkt_assembly_s=0.000244700 factor_s=0.003768200 solve_s=0.001807100 update_s=0.000260900 K_nnz=5269 rhs_cols=1 Vxx_nnz=2601
FILTERDDP_TIMING iteration=34 barrier_iteration=4 stage=5 derivative_s=0.000668400 first_order_s=0.000291100 second_order_s=0.000333600 algebra_s=0.001777500 kkt_assembly_s=0.000395600 factor_s=0.003228100 solve_s=0.001691600 update_s=0.000175800 K_nnz=5269 rhs_cols=1 Vxx_nnz=2601
FILTERDDP_TIMING iteration=34 barrier_iteration=4 stage=4 derivative_s=0.000447300 first_order_s=0.000207800 second_order_s=0.000197300 algebra_s=0.001330000 kkt_assembly_s=0.000192000 factor_s=0.003206500 solve_s=0.001566600 update_s=0.000298800 K_nnz=5269 rhs_cols=1 Vxx_nnz=2601
FILTERDDP_TIMING iteration=34 barrier_iteration=4 stage=3 derivative_s=0.000710900 first_order_s=0.000217100 second_order_s=0.000436100 algebra_s=0.001323100 kkt_assembly_s=0.000200800 factor_s=0.003113800 solve_s=0.001729500 update_s=0.000178500 K_nnz=5269 rhs_cols=1 Vxx_nnz=2601
FILTERDDP_TIMING iteration=34 barrier_iteration=4 stage=2 derivative_s=0.000639900 first_order_s=0.000201700 second_order_s=0.000379900 algebra_s=0.001382600 kkt_assembly_s=0.000222300 factor_s=0.003184500 solve_s=0.001613600 update_s=0.000176700 K_nnz=5269 rhs_cols=1 Vxx_nnz=2601
FILTERDDP_TIMING iteration=34 barrier_iteration=4 stage=1 derivative_s=0.000456300 first_order_s=0.000215800 second_order_s=0.000182300 algebra_s=0.001604200 kkt_assembly_s=0.000220300 factor_s=0.003162500 solve_s=0.001774700 update_s=0.000184900 K_nnz=5269 rhs_cols=1 Vxx_nnz=2601
FILTERDDP_FEASIBILITY iteration=34 barrier_iteration=4 equality_count=3372 equality_rms=1.916165639268e-03 equality_max=3.326727848290e-02 equality_worst_stage=5 equality_worst_index=509 dynamics_count=255 dynamics_rms=0.000000000000e+00 dynamics_max=0.000000000000e+00 dynamics_worst_stage=0 dynamics_worst_index=0 bound_count=4902 bound_rms=0.000000000000e+00 bound_max=0.000000000000e+00 bound_worst_stage=0 bound_worst_index=0 bound_worst_kind=none
    34   3.14576410e+03   3.3267e-02   5.9348e-05   7.3776e-06   -2.80      -     5.0000e-01   0
FILTERDDP_ITER_TIMING iteration=34 barrier_iteration=4 backward_s=0.045824300 forward_s=0.003477200 total_s=0.049301500 outcome=accepted step_size=5.000000000e-01 backtracks=0 mu=1.600000000e-03
FILTERDDP_TIMING iteration=35 barrier_iteration=4 stage=6 derivative_s=0.000530100 first_order_s=0.000183900 second_order_s=0.000265600 algebra_s=0.001730900 kkt_assembly_s=0.000209400 factor_s=0.003472200 solve_s=0.001489900 update_s=0.000173200 K_nnz=5269 rhs_cols=1 Vxx_nnz=2601
FILTERDDP_TIMING iteration=35 barrier_iteration=4 stage=5 derivative_s=0.000482000 first_order_s=0.000214300 second_order_s=0.000192500 algebra_s=0.001422700 kkt_assembly_s=0.000196500 factor_s=0.003215100 solve_s=0.001803300 update_s=0.000413100 K_nnz=5269 rhs_cols=1 Vxx_nnz=2601
FILTERDDP_TIMING iteration=35 barrier_iteration=4 stage=4 derivative_s=0.000464800 first_order_s=0.000218200 second_order_s=0.000200500 algebra_s=0.001389500 kkt_assembly_s=0.000199400 factor_s=0.002870400 solve_s=0.001686700 update_s=0.000182500 K_nnz=5269 rhs_cols=1 Vxx_nnz=2601
FILTERDDP_TIMING iteration=35 barrier_iteration=4 stage=3 derivative_s=0.000632400 first_order_s=0.000208200 second_order_s=0.000370300 algebra_s=0.001278100 kkt_assembly_s=0.000169200 factor_s=0.002766700 solve_s=0.001484700 update_s=0.000159500 K_nnz=5269 rhs_cols=1 Vxx_nnz=2601
FILTERDDP_TIMING iteration=35 barrier_iteration=4 stage=2 derivative_s=0.000378700 first_order_s=0.000183400 second_order_s=0.000159500 algebra_s=0.001257800 kkt_assembly_s=0.000193600 factor_s=0.002446200 solve_s=0.001846000 update_s=0.000223400 K_nnz=5269 rhs_cols=1 Vxx_nnz=2601
FILTERDDP_TIMING iteration=35 barrier_iteration=4 stage=1 derivative_s=0.000506500 first_order_s=0.000222600 second_order_s=0.000240600 algebra_s=0.001371300 kkt_assembly_s=0.000441400 factor_s=0.017722800 solve_s=0.001465300 update_s=0.000110800 K_nnz=5269 rhs_cols=1 Vxx_nnz=2601
FILTERDDP_FEASIBILITY iteration=35 barrier_iteration=4 equality_count=3372 equality_rms=9.727814904037e-04 equality_max=1.689173718746e-02 equality_worst_stage=5 equality_worst_index=509 dynamics_count=255 dynamics_rms=0.000000000000e+00 dynamics_max=0.000000000000e+00 dynamics_worst_stage=0 dynamics_worst_index=0 bound_count=4902 bound_rms=0.000000000000e+00 bound_max=0.000000000000e+00 bound_worst_stage=0 bound_worst_index=0 bound_worst_kind=none
    35   3.14568341e+03   1.6892e-02   1.8121e-05   3.6468e-06   -2.80      -     5.0000e-01   0
FILTERDDP_ITER_TIMING iteration=35 barrier_iteration=4 backward_s=0.056911000 forward_s=0.002460700 total_s=0.059371700 outcome=accepted step_size=5.000000000e-01 backtracks=0 mu=1.600000000e-03
FILTERDDP_TIMING iteration=36 barrier_iteration=4 stage=6 derivative_s=0.000375400 first_order_s=0.000145800 second_order_s=0.000187000 algebra_s=0.000909000 kkt_assembly_s=0.000144600 factor_s=0.002699100 solve_s=0.001274300 update_s=0.000107700 K_nnz=5269 rhs_cols=1 Vxx_nnz=2601
FILTERDDP_TIMING iteration=36 barrier_iteration=4 stage=5 derivative_s=0.000302300 first_order_s=0.000150900 second_order_s=0.000109200 algebra_s=0.001253300 kkt_assembly_s=0.000147300 factor_s=0.002582800 solve_s=0.001567600 update_s=0.000106600 K_nnz=5269 rhs_cols=1 Vxx_nnz=2601
FILTERDDP_TIMING iteration=36 barrier_iteration=4 stage=4 derivative_s=0.000310300 first_order_s=0.000155600 second_order_s=0.000113300 algebra_s=0.000810600 kkt_assembly_s=0.000148000 factor_s=0.002446400 solve_s=0.001582900 update_s=0.000110400 K_nnz=5269 rhs_cols=1 Vxx_nnz=2601
FILTERDDP_TIMING iteration=36 barrier_iteration=4 stage=3 derivative_s=0.000314400 first_order_s=0.000156400 second_order_s=0.000115000 algebra_s=0.000776400 kkt_assembly_s=0.000199800 factor_s=0.002441600 solve_s=0.001397900 update_s=0.000189300 K_nnz=5269 rhs_cols=1 Vxx_nnz=2601
FILTERDDP_TIMING iteration=36 barrier_iteration=4 stage=2 derivative_s=0.000316500 first_order_s=0.000158900 second_order_s=0.000114100 algebra_s=0.000794700 kkt_assembly_s=0.000203300 factor_s=0.002552100 solve_s=0.001638200 update_s=0.000113600 K_nnz=5269 rhs_cols=1 Vxx_nnz=2601
FILTERDDP_TIMING iteration=36 barrier_iteration=4 stage=1 derivative_s=0.000306700 first_order_s=0.000152800 second_order_s=0.000113600 algebra_s=0.000734400 kkt_assembly_s=0.000145400 factor_s=0.002454000 solve_s=0.001460200 update_s=0.000180000 K_nnz=5269 rhs_cols=1 Vxx_nnz=2601
FILTERDDP_FEASIBILITY iteration=36 barrier_iteration=4 equality_count=3372 equality_rms=4.901134293669e-04 equality_max=8.511204909716e-03 equality_worst_stage=5 equality_worst_index=509 dynamics_count=255 dynamics_rms=0.000000000000e+00 dynamics_max=0.000000000000e+00 dynamics_worst_stage=0 dynamics_worst_index=0 bound_count=4902 bound_rms=0.000000000000e+00 bound_max=0.000000000000e+00 bound_worst_stage=0 bound_worst_index=0 bound_worst_kind=none
FILTERDDP_ITER_TIMING iteration=36 barrier_iteration=4 backward_s=0.033580700 forward_s=0.000000000 total_s=0.033580700 outcome=barrier_update step_size=5.000000000e-01 backtracks=0 mu=1.600000000e-03
FILTERDDP_TIMING iteration=36 barrier_iteration=5 stage=6 derivative_s=0.000436300 first_order_s=0.000189700 second_order_s=0.000204500 algebra_s=0.000919200 kkt_assembly_s=0.000150600 factor_s=0.002612800 solve_s=0.001524600 update_s=0.000132600 K_nnz=5269 rhs_cols=1 Vxx_nnz=2601
FILTERDDP_TIMING iteration=36 barrier_iteration=5 stage=5 derivative_s=0.000347800 first_order_s=0.000174300 second_order_s=0.000130400 algebra_s=0.000791300 kkt_assembly_s=0.000195900 factor_s=0.002625600 solve_s=0.001244700 update_s=0.000157000 K_nnz=5269 rhs_cols=1 Vxx_nnz=2601
FILTERDDP_TIMING iteration=36 barrier_iteration=5 stage=4 derivative_s=0.000354900 first_order_s=0.000162800 second_order_s=0.000150100 algebra_s=0.000848600 kkt_assembly_s=0.000216100 factor_s=0.002512400 solve_s=0.001341700 update_s=0.000140400 K_nnz=5269 rhs_cols=1 Vxx_nnz=2601
FILTERDDP_TIMING iteration=36 barrier_iteration=5 stage=3 derivative_s=0.000373000 first_order_s=0.000185700 second_order_s=0.000146300 algebra_s=0.000757900 kkt_assembly_s=0.000148200 factor_s=0.002346600 solve_s=0.001614900 update_s=0.000146400 K_nnz=5269 rhs_cols=1 Vxx_nnz=2601
FILTERDDP_TIMING iteration=36 barrier_iteration=5 stage=2 derivative_s=0.000477600 first_order_s=0.000238300 second_order_s=0.000182800 algebra_s=0.001059300 kkt_assembly_s=0.000222200 factor_s=0.003719400 solve_s=0.001458100 update_s=0.000112000 K_nnz=5269 rhs_cols=1 Vxx_nnz=2601
FILTERDDP_TIMING iteration=36 barrier_iteration=5 stage=1 derivative_s=0.000356400 first_order_s=0.000194100 second_order_s=0.000116800 algebra_s=0.000750300 kkt_assembly_s=0.000150100 factor_s=0.002440000 solve_s=0.001314200 update_s=0.000128800 K_nnz=5269 rhs_cols=1 Vxx_nnz=2601
FILTERDDP_FEASIBILITY iteration=36 barrier_iteration=5 equality_count=3372 equality_rms=4.901134293669e-04 equality_max=8.511204909716e-03 equality_worst_stage=5 equality_worst_index=509 dynamics_count=255 dynamics_rms=0.000000000000e+00 dynamics_max=0.000000000000e+00 dynamics_worst_stage=0 dynamics_worst_index=0 bound_count=4902 bound_rms=0.000000000000e+00 bound_max=0.000000000000e+00 bound_worst_stage=0 bound_worst_index=0 bound_worst_kind=none
    36   3.14564331e+03   8.5112e-03   5.2917e-06   1.8118e-06   -3.49      -     5.0000e-01   0
FILTERDDP_ITER_TIMING iteration=36 barrier_iteration=5 backward_s=0.034680100 forward_s=0.002453400 total_s=0.037133500 outcome=accepted step_size=5.000000000e-01 backtracks=0 mu=3.200000000e-04
FILTERDDP_TIMING iteration=37 barrier_iteration=5 stage=6 derivative_s=0.000306500 first_order_s=0.000130000 second_order_s=0.000135400 algebra_s=0.000993100 kkt_assembly_s=0.000161400 factor_s=0.002664300 solve_s=0.001421400 update_s=0.000135900 K_nnz=5269 rhs_cols=1 Vxx_nnz=2601
FILTERDDP_TIMING iteration=37 barrier_iteration=5 stage=5 derivative_s=0.000321000 first_order_s=0.000150400 second_order_s=0.000125200 algebra_s=0.000932200 kkt_assembly_s=0.000189400 factor_s=0.002428500 solve_s=0.001365900 update_s=0.000111200 K_nnz=5269 rhs_cols=1 Vxx_nnz=2601
FILTERDDP_TIMING iteration=37 barrier_iteration=5 stage=4 derivative_s=0.000328500 first_order_s=0.000174400 second_order_s=0.000112600 algebra_s=0.000738200 kkt_assembly_s=0.000142000 factor_s=0.002542000 solve_s=0.001347600 update_s=0.000132000 K_nnz=5269 rhs_cols=1 Vxx_nnz=2601
FILTERDDP_TIMING iteration=37 barrier_iteration=5 stage=3 derivative_s=0.000466700 first_order_s=0.000257400 second_order_s=0.000149400 algebra_s=0.000936500 kkt_assembly_s=0.000151000 factor_s=0.002602400 solve_s=0.001527600 update_s=0.000138600 K_nnz=5269 rhs_cols=1 Vxx_nnz=2601
FILTERDDP_TIMING iteration=37 barrier_iteration=5 stage=2 derivative_s=0.000420800 first_order_s=0.000233000 second_order_s=0.000140800 algebra_s=0.000773600 kkt_assembly_s=0.000175500 factor_s=0.002517600 solve_s=0.001427900 update_s=0.000111600 K_nnz=5269 rhs_cols=1 Vxx_nnz=2601
FILTERDDP_TIMING iteration=37 barrier_iteration=5 stage=1 derivative_s=0.000467300 first_order_s=0.000312000 second_order_s=0.000113500 algebra_s=0.000737000 kkt_assembly_s=0.000144300 factor_s=0.002358300 solve_s=0.001548600 update_s=0.000112800 K_nnz=5269 rhs_cols=1 Vxx_nnz=2601
FILTERDDP_FEASIBILITY iteration=37 barrier_iteration=5 equality_count=3372 equality_rms=2.203670439955e-03 equality_max=3.883798750604e-02 equality_worst_stage=5 equality_worst_index=509 dynamics_count=255 dynamics_rms=0.000000000000e+00 dynamics_max=0.000000000000e+00 dynamics_worst_stage=0 dynamics_worst_index=0 bound_count=4902 bound_rms=0.000000000000e+00 bound_max=0.000000000000e+00 bound_worst_stage=0 bound_worst_index=0 bound_worst_kind=none
    37   3.14455743e+03   3.8838e-02   1.7675e-05   9.6613e-07   -3.49      -     5.0000e-01   0
FILTERDDP_ITER_TIMING iteration=37 barrier_iteration=5 backward_s=0.033367900 forward_s=0.002888900 total_s=0.036256800 outcome=accepted step_size=5.000000000e-01 backtracks=0 mu=3.200000000e-04
FILTERDDP_TIMING iteration=38 barrier_iteration=5 stage=6 derivative_s=0.000354100 first_order_s=0.000128000 second_order_s=0.000183400 algebra_s=0.000897200 kkt_assembly_s=0.000192300 factor_s=0.002920100 solve_s=0.001505300 update_s=0.000110000 K_nnz=5269 rhs_cols=1 Vxx_nnz=2601
FILTERDDP_TIMING iteration=38 barrier_iteration=5 stage=5 derivative_s=0.000302000 first_order_s=0.000151000 second_order_s=0.000109700 algebra_s=0.000817400 kkt_assembly_s=0.000146900 factor_s=0.002696100 solve_s=0.001371300 update_s=0.000134000 K_nnz=5269 rhs_cols=1 Vxx_nnz=2601
FILTERDDP_TIMING iteration=38 barrier_iteration=5 stage=4 derivative_s=0.000317700 first_order_s=0.000157300 second_order_s=0.000118500 algebra_s=0.000775300 kkt_assembly_s=0.000159600 factor_s=0.002656400 solve_s=0.001408900 update_s=0.000146100 K_nnz=5269 rhs_cols=1 Vxx_nnz=2601
FILTERDDP_TIMING iteration=38 barrier_iteration=5 stage=3 derivative_s=0.000764600 first_order_s=0.000543800 second_order_s=0.000157200 algebra_s=0.001129200 kkt_assembly_s=0.000205100 factor_s=0.002802100 solve_s=0.001339700 update_s=0.000340100 K_nnz=5269 rhs_cols=1 Vxx_nnz=2601
FILTERDDP_TIMING iteration=38 barrier_iteration=5 stage=2 derivative_s=0.000373300 first_order_s=0.000167100 second_order_s=0.000147300 algebra_s=0.001403000 kkt_assembly_s=0.000164700 factor_s=0.002703200 solve_s=0.001163100 update_s=0.000136000 K_nnz=5269 rhs_cols=1 Vxx_nnz=2601
FILTERDDP_TIMING iteration=38 barrier_iteration=5 stage=1 derivative_s=0.000280900 first_order_s=0.000132500 second_order_s=0.000113300 algebra_s=0.000649800 kkt_assembly_s=0.000123600 factor_s=0.002033400 solve_s=0.001394300 update_s=0.000117100 K_nnz=5269 rhs_cols=1 Vxx_nnz=2601
FILTERDDP_FEASIBILITY iteration=38 barrier_iteration=5 equality_count=3372 equality_rms=1.728986151387e-03 equality_max=3.062630408677e-02 equality_worst_stage=5 equality_worst_index=509 dynamics_count=255 dynamics_rms=0.000000000000e+00 dynamics_max=0.000000000000e+00 dynamics_worst_stage=0 dynamics_worst_index=0 bound_count=4902 bound_rms=0.000000000000e+00 bound_max=0.000000000000e+00 bound_worst_stage=0 bound_worst_index=0 bound_worst_kind=none
    38   3.14404113e+03   3.0626e-02   1.4689e-05   4.9671e-07   -3.49      -     5.0000e-01   0
FILTERDDP_ITER_TIMING iteration=38 barrier_iteration=5 backward_s=0.034536400 forward_s=0.015266700 total_s=0.049803100 outcome=accepted step_size=5.000000000e-01 backtracks=0 mu=3.200000000e-04
FILTERDDP_TIMING iteration=39 barrier_iteration=5 stage=6 derivative_s=0.000306300 first_order_s=0.000127200 second_order_s=0.000135300 algebra_s=0.000827100 kkt_assembly_s=0.000146300 factor_s=0.002628600 solve_s=0.001411100 update_s=0.000117100 K_nnz=5269 rhs_cols=1 Vxx_nnz=2601
FILTERDDP_TIMING iteration=39 barrier_iteration=5 stage=5 derivative_s=0.000308000 first_order_s=0.000154200 second_order_s=0.000110800 algebra_s=0.000761500 kkt_assembly_s=0.000147800 factor_s=0.002806200 solve_s=0.001419000 update_s=0.000112700 K_nnz=5269 rhs_cols=1 Vxx_nnz=2601
FILTERDDP_TIMING iteration=39 barrier_iteration=5 stage=4 derivative_s=0.000308200 first_order_s=0.000153900 second_order_s=0.000111900 algebra_s=0.000733100 kkt_assembly_s=0.000145400 factor_s=0.002523600 solve_s=0.001439100 update_s=0.000111700 K_nnz=5269 rhs_cols=1 Vxx_nnz=2601
FILTERDDP_TIMING iteration=39 barrier_iteration=5 stage=3 derivative_s=0.000325400 first_order_s=0.000148500 second_order_s=0.000124000 algebra_s=0.000744300 kkt_assembly_s=0.000184000 factor_s=0.002625200 solve_s=0.001363300 update_s=0.000113900 K_nnz=5269 rhs_cols=1 Vxx_nnz=2601
FILTERDDP_TIMING iteration=39 barrier_iteration=5 stage=2 derivative_s=0.000310000 first_order_s=0.000157000 second_order_s=0.000111700 algebra_s=0.000768900 kkt_assembly_s=0.000145000 factor_s=0.002487300 solve_s=0.001422100 update_s=0.000111100 K_nnz=5269 rhs_cols=1 Vxx_nnz=2601
FILTERDDP_TIMING iteration=39 barrier_iteration=5 stage=1 derivative_s=0.000302400 first_order_s=0.000151600 second_order_s=0.000111400 algebra_s=0.000839900 kkt_assembly_s=0.000198400 factor_s=0.002734600 solve_s=0.001327100 update_s=0.000117400 K_nnz=5269 rhs_cols=1 Vxx_nnz=2601
FILTERDDP_FEASIBILITY iteration=39 barrier_iteration=5 equality_count=3372 equality_rms=1.055912621848e-03 equality_max=1.880371873525e-02 equality_worst_stage=5 equality_worst_index=509 dynamics_count=255 dynamics_rms=0.000000000000e+00 dynamics_max=0.000000000000e+00 dynamics_worst_stage=0 dynamics_worst_index=0 bound_count=4902 bound_rms=0.000000000000e+00 bound_max=0.000000000000e+00 bound_worst_stage=0 bound_worst_index=0 bound_worst_kind=none
    39   3.14379553e+03   1.8804e-02   8.3827e-06   2.4691e-07   -3.49      -     5.0000e-01   0
FILTERDDP_ITER_TIMING iteration=39 barrier_iteration=5 backward_s=0.032831400 forward_s=0.002420400 total_s=0.035251800 outcome=accepted step_size=5.000000000e-01 backtracks=0 mu=3.200000000e-04
FILTERDDP_TIMING iteration=40 barrier_iteration=5 stage=6 derivative_s=0.000306600 first_order_s=0.000130500 second_order_s=0.000134500 algebra_s=0.000940500 kkt_assembly_s=0.000189400 factor_s=0.002836100 solve_s=0.001497400 update_s=0.000117000 K_nnz=5269 rhs_cols=1 Vxx_nnz=2601
FILTERDDP_TIMING iteration=40 barrier_iteration=5 stage=5 derivative_s=0.000325600 first_order_s=0.000152500 second_order_s=0.000130000 algebra_s=0.000889800 kkt_assembly_s=0.000230900 factor_s=0.002407200 solve_s=0.001363300 update_s=0.000110700 K_nnz=5269 rhs_cols=1 Vxx_nnz=2601
FILTERDDP_TIMING iteration=40 barrier_iteration=5 stage=4 derivative_s=0.000306300 first_order_s=0.000152800 second_order_s=0.000112300 algebra_s=0.000756700 kkt_assembly_s=0.000141700 factor_s=0.002541800 solve_s=0.001345300 update_s=0.000110800 K_nnz=5269 rhs_cols=1 Vxx_nnz=2601
FILTERDDP_TIMING iteration=40 barrier_iteration=5 stage=3 derivative_s=0.000325000 first_order_s=0.000173800 second_order_s=0.000109500 algebra_s=0.000823400 kkt_assembly_s=0.000194600 factor_s=0.002630800 solve_s=0.001349900 update_s=0.000117100 K_nnz=5269 rhs_cols=1 Vxx_nnz=2601
FILTERDDP_TIMING iteration=40 barrier_iteration=5 stage=2 derivative_s=0.000316400 first_order_s=0.000159400 second_order_s=0.000113800 algebra_s=0.001147900 kkt_assembly_s=0.000165100 factor_s=0.002602600 solve_s=0.001342700 update_s=0.000116100 K_nnz=5269 rhs_cols=1 Vxx_nnz=2601
FILTERDDP_TIMING iteration=40 barrier_iteration=5 stage=1 derivative_s=0.000329200 first_order_s=0.000155500 second_order_s=0.000131600 algebra_s=0.000726900 kkt_assembly_s=0.000146100 factor_s=0.002418600 solve_s=0.001448900 update_s=0.000110600 K_nnz=5269 rhs_cols=1 Vxx_nnz=2601
FILTERDDP_FEASIBILITY iteration=40 barrier_iteration=5 equality_count=3372 equality_rms=5.833635710567e-04 equality_max=1.043429868529e-02 equality_worst_stage=5 equality_worst_index=509 dynamics_count=255 dynamics_rms=0.000000000000e+00 dynamics_max=0.000000000000e+00 dynamics_worst_stage=0 dynamics_worst_index=0 bound_count=4902 bound_rms=0.000000000000e+00 bound_max=0.000000000000e+00 bound_worst_stage=0 bound_worst_index=0 bound_worst_kind=none
  iter     objective        pr_inf       du_inf       cs_inf     lg(μ)   lg(reg)    alpha     ls
    40   3.14367755e+03   1.0434e-02   3.7787e-06   1.2053e-07   -3.49      -     5.0000e-01   0
FILTERDDP_ITER_TIMING iteration=40 barrier_iteration=5 backward_s=0.033222500 forward_s=0.002623100 total_s=0.035845600 outcome=accepted step_size=5.000000000e-01 backtracks=0 mu=3.200000000e-04
FILTERDDP_TIMING iteration=41 barrier_iteration=5 stage=6 derivative_s=0.000306100 first_order_s=0.000130700 second_order_s=0.000133200 algebra_s=0.000881500 kkt_assembly_s=0.000169800 factor_s=0.002708600 solve_s=0.001416200 update_s=0.000115500 K_nnz=5269 rhs_cols=1 Vxx_nnz=2601
FILTERDDP_TIMING iteration=41 barrier_iteration=5 stage=5 derivative_s=0.000331700 first_order_s=0.000174100 second_order_s=0.000115100 algebra_s=0.000770500 kkt_assembly_s=0.000210800 factor_s=0.002526400 solve_s=0.001432300 update_s=0.000117400 K_nnz=5269 rhs_cols=1 Vxx_nnz=2601
FILTERDDP_TIMING iteration=41 barrier_iteration=5 stage=4 derivative_s=0.000306900 first_order_s=0.000152400 second_order_s=0.000113900 algebra_s=0.000744400 kkt_assembly_s=0.000145300 factor_s=0.002595400 solve_s=0.001366000 update_s=0.000109000 K_nnz=5269 rhs_cols=1 Vxx_nnz=2601
FILTERDDP_TIMING iteration=41 barrier_iteration=5 stage=3 derivative_s=0.000341700 first_order_s=0.000161600 second_order_s=0.000124400 algebra_s=0.000893900 kkt_assembly_s=0.000260100 factor_s=0.002418400 solve_s=0.001366400 update_s=0.000120200 K_nnz=5269 rhs_cols=1 Vxx_nnz=2601
FILTERDDP_TIMING iteration=41 barrier_iteration=5 stage=2 derivative_s=0.000298200 first_order_s=0.000149900 second_order_s=0.000107800 algebra_s=0.000774400 kkt_assembly_s=0.000145800 factor_s=0.002394800 solve_s=0.001827800 update_s=0.000115800 K_nnz=5269 rhs_cols=1 Vxx_nnz=2601
FILTERDDP_TIMING iteration=41 barrier_iteration=5 stage=1 derivative_s=0.000393500 first_order_s=0.000218700 second_order_s=0.000119300 algebra_s=0.000794300 kkt_assembly_s=0.000144800 factor_s=0.002521400 solve_s=0.001322900 update_s=0.000116200 K_nnz=5269 rhs_cols=1 Vxx_nnz=2601
FILTERDDP_FEASIBILITY iteration=41 barrier_iteration=5 equality_count=3372 equality_rms=3.069537399952e-04 equality_max=5.506014537090e-03 equality_worst_stage=5 equality_worst_index=509 dynamics_count=255 dynamics_rms=0.000000000000e+00 dynamics_max=0.000000000000e+00 dynamics_worst_stage=0 dynamics_worst_index=0 bound_count=4902 bound_rms=0.000000000000e+00 bound_max=0.000000000000e+00 bound_worst_stage=0 bound_worst_index=0 bound_worst_kind=none
    41   3.14362014e+03   5.5060e-03   1.4466e-06   5.8756e-08   -3.49      -     5.0000e-01   0
FILTERDDP_ITER_TIMING iteration=41 barrier_iteration=5 backward_s=0.032992800 forward_s=0.003722500 total_s=0.036715300 outcome=accepted step_size=5.000000000e-01 backtracks=0 mu=3.200000000e-04
FILTERDDP_TIMING iteration=42 barrier_iteration=5 stage=6 derivative_s=0.000328400 first_order_s=0.000130400 second_order_s=0.000157000 algebra_s=0.000859900 kkt_assembly_s=0.000184000 factor_s=0.002741900 solve_s=0.001497300 update_s=0.000111500 K_nnz=5269 rhs_cols=1 Vxx_nnz=2601
FILTERDDP_TIMING iteration=42 barrier_iteration=5 stage=5 derivative_s=0.011743300 first_order_s=0.000159700 second_order_s=0.011530100 algebra_s=0.000736300 kkt_assembly_s=0.000149400 factor_s=0.002480800 solve_s=0.001465000 update_s=0.000116800 K_nnz=5269 rhs_cols=1 Vxx_nnz=2601
FILTERDDP_TIMING iteration=42 barrier_iteration=5 stage=4 derivative_s=0.000306100 first_order_s=0.000154300 second_order_s=0.000109800 algebra_s=0.000769100 kkt_assembly_s=0.000149200 factor_s=0.002450000 solve_s=0.001320400 update_s=0.000108700 K_nnz=5269 rhs_cols=1 Vxx_nnz=2601
FILTERDDP_TIMING iteration=42 barrier_iteration=5 stage=3 derivative_s=0.000354400 first_order_s=0.000200700 second_order_s=0.000111700 algebra_s=0.000957700 kkt_assembly_s=0.000193100 factor_s=0.002749300 solve_s=0.001293600 update_s=0.000116700 K_nnz=5269 rhs_cols=1 Vxx_nnz=2601
FILTERDDP_TIMING iteration=42 barrier_iteration=5 stage=2 derivative_s=0.000333600 first_order_s=0.000178000 second_order_s=0.000112700 algebra_s=0.000739800 kkt_assembly_s=0.000146900 factor_s=0.002491700 solve_s=0.001410600 update_s=0.000116300 K_nnz=5269 rhs_cols=1 Vxx_nnz=2601
FILTERDDP_TIMING iteration=42 barrier_iteration=5 stage=1 derivative_s=0.000341300 first_order_s=0.000181200 second_order_s=0.000116200 algebra_s=0.000747000 kkt_assembly_s=0.000144400 factor_s=0.002693900 solve_s=0.001473600 update_s=0.000113000 K_nnz=5269 rhs_cols=1 Vxx_nnz=2601
FILTERDDP_FEASIBILITY iteration=42 barrier_iteration=5 equality_count=3372 equality_rms=1.575212879161e-04 equality_max=2.830093371049e-03 equality_worst_stage=5 equality_worst_index=509 dynamics_count=255 dynamics_rms=0.000000000000e+00 dynamics_max=0.000000000000e+00 dynamics_worst_stage=0 dynamics_worst_index=0 bound_count=4902 bound_rms=0.000000000000e+00 bound_max=0.000000000000e+00 bound_worst_stage=0 bound_worst_index=0 bound_worst_kind=none
FILTERDDP_ITER_TIMING iteration=42 barrier_iteration=5 backward_s=0.044413700 forward_s=0.000000000 total_s=0.044413700 outcome=barrier_update step_size=5.000000000e-01 backtracks=0 mu=3.200000000e-04
FILTERDDP_TIMING iteration=42 barrier_iteration=6 stage=6 derivative_s=0.000317100 first_order_s=0.000142000 second_order_s=0.000135100 algebra_s=0.000995000 kkt_assembly_s=0.000206100 factor_s=0.002830600 solve_s=0.001516800 update_s=0.000112400 K_nnz=5269 rhs_cols=1 Vxx_nnz=2601
FILTERDDP_TIMING iteration=42 barrier_iteration=6 stage=5 derivative_s=0.000374300 first_order_s=0.000219900 second_order_s=0.000112400 algebra_s=0.000776100 kkt_assembly_s=0.000198800 factor_s=0.002427500 solve_s=0.001421000 update_s=0.000113700 K_nnz=5269 rhs_cols=1 Vxx_nnz=2601
FILTERDDP_TIMING iteration=42 barrier_iteration=6 stage=4 derivative_s=0.000306100 first_order_s=0.000155300 second_order_s=0.000109500 algebra_s=0.000736100 kkt_assembly_s=0.000142300 factor_s=0.002411400 solve_s=0.001424800 update_s=0.000136700 K_nnz=5269 rhs_cols=1 Vxx_nnz=2601
FILTERDDP_TIMING iteration=42 barrier_iteration=6 stage=3 derivative_s=0.000313200 first_order_s=0.000158200 second_order_s=0.000110800 algebra_s=0.000804100 kkt_assembly_s=0.000195800 factor_s=0.002338300 solve_s=0.001343500 update_s=0.000113200 K_nnz=5269 rhs_cols=1 Vxx_nnz=2601
FILTERDDP_TIMING iteration=42 barrier_iteration=6 stage=2 derivative_s=0.000300600 first_order_s=0.000149600 second_order_s=0.000109800 algebra_s=0.000765600 kkt_assembly_s=0.000145700 factor_s=0.002453400 solve_s=0.001394300 update_s=0.000108700 K_nnz=5269 rhs_cols=1 Vxx_nnz=2601
FILTERDDP_TIMING iteration=42 barrier_iteration=6 stage=1 derivative_s=0.000325200 first_order_s=0.000172900 second_order_s=0.000110300 algebra_s=0.000728000 kkt_assembly_s=0.000140500 factor_s=0.003090300 solve_s=0.001359700 update_s=0.000114600 K_nnz=5269 rhs_cols=1 Vxx_nnz=2601
FILTERDDP_FEASIBILITY iteration=42 barrier_iteration=6 equality_count=3372 equality_rms=1.575212879161e-04 equality_max=2.830093371049e-03 equality_worst_stage=5 equality_worst_index=509 dynamics_count=255 dynamics_rms=0.000000000000e+00 dynamics_max=0.000000000000e+00 dynamics_worst_stage=0 dynamics_worst_index=0 bound_count=4902 bound_rms=0.000000000000e+00 bound_max=0.000000000000e+00 bound_worst_stage=0 bound_worst_index=0 bound_worst_kind=none
    42   3.14359189e+03   2.8301e-03   4.9570e-07   2.8830e-08   -4.19      -     5.0000e-01   0
FILTERDDP_ITER_TIMING iteration=42 barrier_iteration=6 backward_s=0.032980000 forward_s=0.002455500 total_s=0.035435500 outcome=accepted step_size=5.000000000e-01 backtracks=0 mu=6.400000000e-05
FILTERDDP_TIMING iteration=43 barrier_iteration=6 stage=6 derivative_s=0.000328400 first_order_s=0.000147900 second_order_s=0.000138800 algebra_s=0.000855400 kkt_assembly_s=0.000158600 factor_s=0.002856600 solve_s=0.001349000 update_s=0.000112300 K_nnz=5269 rhs_cols=1 Vxx_nnz=2601
FILTERDDP_TIMING iteration=43 barrier_iteration=6 stage=5 derivative_s=0.000305700 first_order_s=0.000150000 second_order_s=0.000113700 algebra_s=0.000735000 kkt_assembly_s=0.000145900 factor_s=0.002346800 solve_s=0.001446600 update_s=0.000118400 K_nnz=5269 rhs_cols=1 Vxx_nnz=2601
FILTERDDP_TIMING iteration=43 barrier_iteration=6 stage=4 derivative_s=0.000306100 first_order_s=0.000146600 second_order_s=0.000115400 algebra_s=0.000639800 kkt_assembly_s=0.000142900 factor_s=0.002262000 solve_s=0.001763500 update_s=0.000138300 K_nnz=5269 rhs_cols=1 Vxx_nnz=2601
FILTERDDP_TIMING iteration=43 barrier_iteration=6 stage=3 derivative_s=0.000463300 first_order_s=0.000236300 second_order_s=0.000143300 algebra_s=0.000746400 kkt_assembly_s=0.000145200 factor_s=0.002197500 solve_s=0.000991600 update_s=0.000127800 K_nnz=5269 rhs_cols=1 Vxx_nnz=2601
FILTERDDP_TIMING iteration=43 barrier_iteration=6 stage=2 derivative_s=0.000380200 first_order_s=0.000200200 second_order_s=0.000130000 algebra_s=0.000907600 kkt_assembly_s=0.000309000 factor_s=0.002366500 solve_s=0.001093600 update_s=0.000102000 K_nnz=5269 rhs_cols=1 Vxx_nnz=2601
FILTERDDP_TIMING iteration=43 barrier_iteration=6 stage=1 derivative_s=0.000258600 first_order_s=0.000131100 second_order_s=0.000092300 algebra_s=0.000662200 kkt_assembly_s=0.000155300 factor_s=0.002206900 solve_s=0.010325100 update_s=0.000072200 K_nnz=5269 rhs_cols=1 Vxx_nnz=2601
FILTERDDP_FEASIBILITY iteration=43 barrier_iteration=6 equality_count=3372 equality_rms=2.347516157428e-04 equality_max=4.340541997326e-03 equality_worst_stage=5 equality_worst_index=509 dynamics_count=255 dynamics_rms=0.000000000000e+00 dynamics_max=0.000000000000e+00 dynamics_worst_stage=0 dynamics_worst_index=0 bound_count=4902 bound_rms=0.000000000000e+00 bound_max=0.000000000000e+00 bound_worst_stage=0 bound_worst_index=0 bound_worst_kind=none
    43   3.14338778e+03   4.3405e-03   7.5837e-07   1.5370e-08   -4.19      -     5.0000e-01   0
FILTERDDP_ITER_TIMING iteration=43 barrier_iteration=6 backward_s=0.039965800 forward_s=0.001369100 total_s=0.041334900 outcome=accepted step_size=5.000000000e-01 backtracks=0 mu=6.400000000e-05
FILTERDDP_TIMING iteration=44 barrier_iteration=6 stage=6 derivative_s=0.000160300 first_order_s=0.000066500 second_order_s=0.000071700 algebra_s=0.000361800 kkt_assembly_s=0.000095600 factor_s=0.001172900 solve_s=0.000997800 update_s=0.000113200 K_nnz=5269 rhs_cols=1 Vxx_nnz=2601
FILTERDDP_TIMING iteration=44 barrier_iteration=6 stage=5 derivative_s=0.000302300 first_order_s=0.000151400 second_order_s=0.000109600 algebra_s=0.000766200 kkt_assembly_s=0.000145800 factor_s=0.002395700 solve_s=0.001371800 update_s=0.000108800 K_nnz=5269 rhs_cols=1 Vxx_nnz=2601
FILTERDDP_TIMING iteration=44 barrier_iteration=6 stage=4 derivative_s=0.000300100 first_order_s=0.000148700 second_order_s=0.000110400 algebra_s=0.000781500 kkt_assembly_s=0.000148400 factor_s=0.002500100 solve_s=0.001329400 update_s=0.000105100 K_nnz=5269 rhs_cols=1 Vxx_nnz=2601
FILTERDDP_TIMING iteration=44 barrier_iteration=6 stage=3 derivative_s=0.000293900 first_order_s=0.000145400 second_order_s=0.000109000 algebra_s=0.000741300 kkt_assembly_s=0.000184700 factor_s=0.002851600 solve_s=0.001379500 update_s=0.000115000 K_nnz=5269 rhs_cols=1 Vxx_nnz=2601
FILTERDDP_TIMING iteration=44 barrier_iteration=6 stage=2 derivative_s=0.000402100 first_order_s=0.000240000 second_order_s=0.000115900 algebra_s=0.001035300 kkt_assembly_s=0.000153800 factor_s=0.002618800 solve_s=0.001326900 update_s=0.000114100 K_nnz=5269 rhs_cols=1 Vxx_nnz=2601
FILTERDDP_TIMING iteration=44 barrier_iteration=6 stage=1 derivative_s=0.000308600 first_order_s=0.000155300 second_order_s=0.000112700 algebra_s=0.000746700 kkt_assembly_s=0.000145000 factor_s=0.003014800 solve_s=0.001418800 update_s=0.000114500 K_nnz=5269 rhs_cols=1 Vxx_nnz=2601
FILTERDDP_FEASIBILITY iteration=44 barrier_iteration=6 equality_count=3372 equality_rms=1.644583881628e-04 equality_max=3.068090538972e-03 equality_worst_stage=5 equality_worst_index=509 dynamics_count=255 dynamics_rms=0.000000000000e+00 dynamics_max=0.000000000000e+00 dynamics_worst_stage=0 dynamics_worst_index=0 bound_count=4902 bound_rms=0.000000000000e+00 bound_max=0.000000000000e+00 bound_worst_stage=0 bound_worst_index=0 bound_worst_kind=none
    44   3.14329129e+03   3.0681e-03   5.4858e-07   7.8966e-09   -4.19      -     5.0000e-01   0
FILTERDDP_ITER_TIMING iteration=44 barrier_iteration=6 backward_s=0.030608300 forward_s=0.002883100 total_s=0.033491400 outcome=accepted step_size=5.000000000e-01 backtracks=0 mu=6.400000000e-05
FILTERDDP_TIMING iteration=45 barrier_iteration=6 stage=6 derivative_s=0.000298700 first_order_s=0.000114000 second_order_s=0.000117100 algebra_s=0.000674300 kkt_assembly_s=0.000127700 factor_s=0.002326200 solve_s=0.001284700 update_s=0.000109400 K_nnz=5269 rhs_cols=1 Vxx_nnz=2601
FILTERDDP_TIMING iteration=45 barrier_iteration=6 stage=5 derivative_s=0.000298900 first_order_s=0.000149400 second_order_s=0.000109400 algebra_s=0.000750300 kkt_assembly_s=0.000166500 factor_s=0.002412000 solve_s=0.001392300 update_s=0.000095000 K_nnz=5269 rhs_cols=1 Vxx_nnz=2601
FILTERDDP_TIMING iteration=45 barrier_iteration=6 stage=4 derivative_s=0.000232600 first_order_s=0.000117600 second_order_s=0.000084500 algebra_s=0.000499400 kkt_assembly_s=0.000109800 factor_s=0.002122600 solve_s=0.001507100 update_s=0.000119300 K_nnz=5269 rhs_cols=1 Vxx_nnz=2601
FILTERDDP_TIMING iteration=45 barrier_iteration=6 stage=3 derivative_s=0.000299800 first_order_s=0.000150000 second_order_s=0.000109700 algebra_s=0.000791900 kkt_assembly_s=0.000142800 factor_s=0.002621200 solve_s=0.001271900 update_s=0.000087400 K_nnz=5269 rhs_cols=1 Vxx_nnz=2601
FILTERDDP_TIMING iteration=45 barrier_iteration=6 stage=2 derivative_s=0.000229200 first_order_s=0.000120100 second_order_s=0.000080000 algebra_s=0.000450600 kkt_assembly_s=0.000101300 factor_s=0.001586800 solve_s=0.001373200 update_s=0.000091400 K_nnz=5269 rhs_cols=1 Vxx_nnz=2601
FILTERDDP_TIMING iteration=45 barrier_iteration=6 stage=1 derivative_s=0.000285400 first_order_s=0.000157500 second_order_s=0.000092500 algebra_s=0.000496100 kkt_assembly_s=0.000101100 factor_s=0.001729500 solve_s=0.001287200 update_s=0.000087100 K_nnz=5269 rhs_cols=1 Vxx_nnz=2601
FILTERDDP_FEASIBILITY iteration=45 barrier_iteration=6 equality_count=3372 equality_rms=9.566138362228e-05 equality_max=1.790133546079e-03 equality_worst_stage=5 equality_worst_index=509 dynamics_count=255 dynamics_rms=0.000000000000e+00 dynamics_max=0.000000000000e+00 dynamics_worst_stage=0 dynamics_worst_index=0 bound_count=4902 bound_rms=0.000000000000e+00 bound_max=0.000000000000e+00 bound_worst_stage=0 bound_worst_index=0 bound_worst_kind=none
    45   3.14324501e+03   1.7901e-03   2.8499e-07   3.9178e-09   -4.19      -     5.0000e-01   0
FILTERDDP_ITER_TIMING iteration=45 barrier_iteration=6 backward_s=0.027982600 forward_s=0.001969200 total_s=0.029951800 outcome=accepted step_size=5.000000000e-01 backtracks=0 mu=6.400000000e-05
FILTERDDP_TIMING iteration=46 barrier_iteration=6 stage=6 derivative_s=0.000196600 first_order_s=0.000080200 second_order_s=0.000089000 algebra_s=0.000484400 kkt_assembly_s=0.000098700 factor_s=0.001505800 solve_s=0.001261300 update_s=0.000088200 K_nnz=5269 rhs_cols=1 Vxx_nnz=2601
FILTERDDP_TIMING iteration=46 barrier_iteration=6 stage=5 derivative_s=0.000197000 first_order_s=0.000097300 second_order_s=0.000073000 algebra_s=0.000419700 kkt_assembly_s=0.000101900 factor_s=0.011239200 solve_s=0.001356200 update_s=0.000109900 K_nnz=5269 rhs_cols=1 Vxx_nnz=2601
FILTERDDP_TIMING iteration=46 barrier_iteration=6 stage=4 derivative_s=0.000299000 first_order_s=0.000149400 second_order_s=0.000108300 algebra_s=0.000739800 kkt_assembly_s=0.000140800 factor_s=0.002410900 solve_s=0.001297000 update_s=0.000105800 K_nnz=5269 rhs_cols=1 Vxx_nnz=2601
FILTERDDP_TIMING iteration=46 barrier_iteration=6 stage=3 derivative_s=0.000345900 first_order_s=0.000160000 second_order_s=0.000128000 algebra_s=0.000751800 kkt_assembly_s=0.000144700 factor_s=0.002419000 solve_s=0.001396800 update_s=0.000107500 K_nnz=5269 rhs_cols=1 Vxx_nnz=2601
FILTERDDP_TIMING iteration=46 barrier_iteration=6 stage=2 derivative_s=0.000296500 first_order_s=0.000146800 second_order_s=0.000109100 algebra_s=0.000763300 kkt_assembly_s=0.000140200 factor_s=0.002493400 solve_s=0.001414200 update_s=0.000114500 K_nnz=5269 rhs_cols=1 Vxx_nnz=2601
FILTERDDP_TIMING iteration=46 barrier_iteration=6 stage=1 derivative_s=0.000303000 first_order_s=0.000148700 second_order_s=0.000112700 algebra_s=0.000738900 kkt_assembly_s=0.000140000 factor_s=0.002371800 solve_s=0.001106300 update_s=0.000074800 K_nnz=5269 rhs_cols=1 Vxx_nnz=2601
FILTERDDP_FEASIBILITY iteration=46 barrier_iteration=6 equality_count=3372 equality_rms=5.152667809418e-05 equality_max=9.665598011956e-04 equality_worst_stage=5 equality_worst_index=509 dynamics_count=255 dynamics_rms=0.000000000000e+00 dynamics_max=0.000000000000e+00 dynamics_worst_stage=0 dynamics_worst_index=0 bound_count=4902 bound_rms=0.000000000000e+00 bound_max=0.000000000000e+00 bound_worst_stage=0 bound_worst_index=0 bound_worst_kind=none
    46   3.14322245e+03   9.6656e-04   1.1868e-07   1.9062e-09   -4.19      -     5.0000e-01   0
FILTERDDP_ITER_TIMING iteration=46 barrier_iteration=6 backward_s=0.037580100 forward_s=0.001314900 total_s=0.038895000 outcome=accepted step_size=5.000000000e-01 backtracks=0 mu=6.400000000e-05
FILTERDDP_TIMING iteration=47 barrier_iteration=6 stage=6 derivative_s=0.000198000 first_order_s=0.000073200 second_order_s=0.000101600 algebra_s=0.000396500 kkt_assembly_s=0.000084500 factor_s=0.001501600 solve_s=0.001437900 update_s=0.000084300 K_nnz=5269 rhs_cols=1 Vxx_nnz=2601
FILTERDDP_TIMING iteration=47 barrier_iteration=6 stage=5 derivative_s=0.000198400 first_order_s=0.000099100 second_order_s=0.000073500 algebra_s=0.000422000 kkt_assembly_s=0.000096000 factor_s=0.001544700 solve_s=0.001310200 update_s=0.000108400 K_nnz=5269 rhs_cols=1 Vxx_nnz=2601
FILTERDDP_TIMING iteration=47 barrier_iteration=6 stage=4 derivative_s=0.000300700 first_order_s=0.000151100 second_order_s=0.000109900 algebra_s=0.000737200 kkt_assembly_s=0.000140300 factor_s=0.002334800 solve_s=0.001148300 update_s=0.000115400 K_nnz=5269 rhs_cols=1 Vxx_nnz=2601
FILTERDDP_TIMING iteration=47 barrier_iteration=6 stage=3 derivative_s=0.000295600 first_order_s=0.000145600 second_order_s=0.000108700 algebra_s=0.000734800 kkt_assembly_s=0.000143400 factor_s=0.002413800 solve_s=0.001334600 update_s=0.000112400 K_nnz=5269 rhs_cols=1 Vxx_nnz=2601
FILTERDDP_TIMING iteration=47 barrier_iteration=6 stage=2 derivative_s=0.000323000 first_order_s=0.000155600 second_order_s=0.000112500 algebra_s=0.000786300 kkt_assembly_s=0.000154300 factor_s=0.002309500 solve_s=0.001205400 update_s=0.000112600 K_nnz=5269 rhs_cols=1 Vxx_nnz=2601
FILTERDDP_TIMING iteration=47 barrier_iteration=6 stage=1 derivative_s=0.000301600 first_order_s=0.000147400 second_order_s=0.000113400 algebra_s=0.000819800 kkt_assembly_s=0.000248600 factor_s=0.002724600 solve_s=0.001466700 update_s=0.000121600 K_nnz=5269 rhs_cols=1 Vxx_nnz=2601
FILTERDDP_FEASIBILITY iteration=47 barrier_iteration=6 equality_count=3372 equality_rms=2.675698437257e-05 equality_max=5.029540795594e-04 equality_worst_stage=5 equality_worst_index=509 dynamics_count=255 dynamics_rms=0.000000000000e+00 dynamics_max=0.000000000000e+00 dynamics_worst_stage=0 dynamics_worst_index=0 bound_count=4902 bound_rms=0.000000000000e+00 bound_max=0.000000000000e+00 bound_worst_stage=0 bound_worst_index=0 bound_worst_kind=none
FILTERDDP_ITER_TIMING iteration=47 barrier_iteration=6 backward_s=0.028345900 forward_s=0.000000000 total_s=0.028345900 outcome=barrier_update step_size=5.000000000e-01 backtracks=0 mu=6.400000000e-05
FILTERDDP_TIMING iteration=47 barrier_iteration=7 stage=6 derivative_s=0.000357300 first_order_s=0.000159400 second_order_s=0.000154600 algebra_s=0.000857100 kkt_assembly_s=0.000149500 factor_s=0.002396900 solve_s=0.001459700 update_s=0.000111900 K_nnz=5269 rhs_cols=1 Vxx_nnz=2601
FILTERDDP_TIMING iteration=47 barrier_iteration=7 stage=5 derivative_s=0.000302300 first_order_s=0.000150800 second_order_s=0.000110500 algebra_s=0.000740700 kkt_assembly_s=0.000388000 factor_s=0.002916300 solve_s=0.001429100 update_s=0.000111500 K_nnz=5269 rhs_cols=1 Vxx_nnz=2601
FILTERDDP_TIMING iteration=47 barrier_iteration=7 stage=4 derivative_s=0.000306400 first_order_s=0.000155100 second_order_s=0.000110600 algebra_s=0.010461300 kkt_assembly_s=0.000144400 factor_s=0.002463900 solve_s=0.001532000 update_s=0.000113000 K_nnz=5269 rhs_cols=1 Vxx_nnz=2601
FILTERDDP_TIMING iteration=47 barrier_iteration=7 stage=3 derivative_s=0.000304200 first_order_s=0.000150900 second_order_s=0.000112600 algebra_s=0.000788600 kkt_assembly_s=0.000147200 factor_s=0.002659400 solve_s=0.001390200 update_s=0.000110200 K_nnz=5269 rhs_cols=1 Vxx_nnz=2601
FILTERDDP_TIMING iteration=47 barrier_iteration=7 stage=2 derivative_s=0.000304900 first_order_s=0.000154400 second_order_s=0.000109500 algebra_s=0.000793200 kkt_assembly_s=0.000147900 factor_s=0.002490200 solve_s=0.001500600 update_s=0.000114000 K_nnz=5269 rhs_cols=1 Vxx_nnz=2601
FILTERDDP_TIMING iteration=47 barrier_iteration=7 stage=1 derivative_s=0.000431500 first_order_s=0.000219500 second_order_s=0.000150100 algebra_s=0.000861900 kkt_assembly_s=0.000179300 factor_s=0.002679900 solve_s=0.001649400 update_s=0.000145600 K_nnz=5269 rhs_cols=1 Vxx_nnz=2601
FILTERDDP_FEASIBILITY iteration=47 barrier_iteration=7 equality_count=3372 equality_rms=2.675698437257e-05 equality_max=5.029540795594e-04 equality_worst_stage=5 equality_worst_index=509 dynamics_count=255 dynamics_rms=0.000000000000e+00 dynamics_max=0.000000000000e+00 dynamics_worst_stage=0 dynamics_worst_index=0 bound_count=4902 bound_rms=0.000000000000e+00 bound_max=0.000000000000e+00 bound_worst_stage=0 bound_worst_index=0 bound_worst_kind=none
    47   3.14321133e+03   5.0295e-04   4.2505e-08   9.2292e-10   -5.03      -     5.0000e-01   0
FILTERDDP_ITER_TIMING iteration=47 barrier_iteration=7 backward_s=0.043465000 forward_s=0.003347200 total_s=0.046812200 outcome=accepted step_size=5.000000000e-01 backtracks=0 mu=9.277179695e-06
FILTERDDP_TIMING iteration=48 barrier_iteration=7 stage=6 derivative_s=0.000510400 first_order_s=0.000227900 second_order_s=0.000202700 algebra_s=0.001355700 kkt_assembly_s=0.000227600 factor_s=0.002644500 solve_s=0.001447100 update_s=0.000114900 K_nnz=5269 rhs_cols=1 Vxx_nnz=2601
FILTERDDP_TIMING iteration=48 barrier_iteration=7 stage=5 derivative_s=0.000354400 first_order_s=0.000173100 second_order_s=0.000124400 algebra_s=0.000770700 kkt_assembly_s=0.000151800 factor_s=0.002506800 solve_s=0.001534400 update_s=0.000129900 K_nnz=5269 rhs_cols=1 Vxx_nnz=2601
FILTERDDP_TIMING iteration=48 barrier_iteration=7 stage=4 derivative_s=0.000324300 first_order_s=0.000161200 second_order_s=0.000117300 algebra_s=0.000725700 kkt_assembly_s=0.000147600 factor_s=0.002401700 solve_s=0.001345700 update_s=0.000109400 K_nnz=5269 rhs_cols=1 Vxx_nnz=2601
FILTERDDP_TIMING iteration=48 barrier_iteration=7 stage=3 derivative_s=0.000304200 first_order_s=0.000151500 second_order_s=0.000111600 algebra_s=0.000735000 kkt_assembly_s=0.000144500 factor_s=0.002455800 solve_s=0.001454200 update_s=0.000112400 K_nnz=5269 rhs_cols=1 Vxx_nnz=2601
FILTERDDP_TIMING iteration=48 barrier_iteration=7 stage=2 derivative_s=0.000313600 first_order_s=0.000159400 second_order_s=0.000112800 algebra_s=0.000917000 kkt_assembly_s=0.000179500 factor_s=0.002440200 solve_s=0.001465700 update_s=0.000113500 K_nnz=5269 rhs_cols=1 Vxx_nnz=2601
FILTERDDP_TIMING iteration=48 barrier_iteration=7 stage=1 derivative_s=0.000303200 first_order_s=0.000148100 second_order_s=0.000113400 algebra_s=0.000728000 kkt_assembly_s=0.000142500 factor_s=0.002499300 solve_s=0.001352600 update_s=0.000109400 K_nnz=5269 rhs_cols=1 Vxx_nnz=2601
FILTERDDP_FEASIBILITY iteration=48 barrier_iteration=7 equality_count=3372 equality_rms=2.535072494433e-05 equality_max=4.860446264090e-04 equality_worst_stage=5 equality_worst_index=509 dynamics_count=255 dynamics_rms=0.000000000000e+00 dynamics_max=0.000000000000e+00 dynamics_worst_stage=0 dynamics_worst_index=0 bound_count=4902 bound_rms=0.000000000000e+00 bound_max=0.000000000000e+00 bound_worst_stage=0 bound_worst_index=0 bound_worst_kind=none
    48   3.14316872e+03   4.8604e-04   4.6575e-08   4.9771e-10   -5.03      -     5.0000e-01   0
FILTERDDP_ITER_TIMING iteration=48 barrier_iteration=7 backward_s=0.033103500 forward_s=0.002450900 total_s=0.035554400 outcome=accepted step_size=5.000000000e-01 backtracks=0 mu=9.277179695e-06
FILTERDDP_TIMING iteration=49 barrier_iteration=7 stage=6 derivative_s=0.000303600 first_order_s=0.000127100 second_order_s=0.000136300 algebra_s=0.000832400 kkt_assembly_s=0.000142000 factor_s=0.002737900 solve_s=0.001439900 update_s=0.000119700 K_nnz=5269 rhs_cols=1 Vxx_nnz=2601
FILTERDDP_TIMING iteration=49 barrier_iteration=7 stage=5 derivative_s=0.000378000 first_order_s=0.000173900 second_order_s=0.000138300 algebra_s=0.010712800 kkt_assembly_s=0.000197400 factor_s=0.002495300 solve_s=0.001464300 update_s=0.000115200 K_nnz=5269 rhs_cols=1 Vxx_nnz=2601
FILTERDDP_TIMING iteration=49 barrier_iteration=7 stage=4 derivative_s=0.000306200 first_order_s=0.000148500 second_order_s=0.000115600 algebra_s=0.000755200 kkt_assembly_s=0.000142900 factor_s=0.002466000 solve_s=0.001527400 update_s=0.000113700 K_nnz=5269 rhs_cols=1 Vxx_nnz=2601
FILTERDDP_TIMING iteration=49 barrier_iteration=7 stage=3 derivative_s=0.000307800 first_order_s=0.000152400 second_order_s=0.000111500 algebra_s=0.000746000 kkt_assembly_s=0.000189000 factor_s=0.002904000 solve_s=0.001674400 update_s=0.000124500 K_nnz=5269 rhs_cols=1 Vxx_nnz=2601
FILTERDDP_TIMING iteration=49 barrier_iteration=7 stage=2 derivative_s=0.000307100 first_order_s=0.000152700 second_order_s=0.000111600 algebra_s=0.000749700 kkt_assembly_s=0.000191000 factor_s=0.002733700 solve_s=0.001429200 update_s=0.000121400 K_nnz=5269 rhs_cols=1 Vxx_nnz=2601
FILTERDDP_TIMING iteration=49 barrier_iteration=7 stage=1 derivative_s=0.000307600 first_order_s=0.000152600 second_order_s=0.000112500 algebra_s=0.000736200 kkt_assembly_s=0.000143000 factor_s=0.002413000 solve_s=0.001290800 update_s=0.000115900 K_nnz=5269 rhs_cols=1 Vxx_nnz=2601
FILTERDDP_FEASIBILITY iteration=49 barrier_iteration=7 equality_count=3372 equality_rms=1.619322686498e-05 equality_max=3.151735314751e-04 equality_worst_stage=5 equality_worst_index=509 dynamics_count=255 dynamics_rms=0.000000000000e+00 dynamics_max=0.000000000000e+00 dynamics_worst_stage=0 dynamics_worst_index=0 bound_count=4902 bound_rms=0.000000000000e+00 bound_max=0.000000000000e+00 bound_worst_stage=0 bound_worst_index=0 bound_worst_kind=none
    49   3.14314801e+03   3.1517e-04   3.1253e-08   2.5931e-10   -5.03      -     5.0000e-01   0
FILTERDDP_ITER_TIMING iteration=49 barrier_iteration=7 backward_s=0.043249600 forward_s=0.002597700 total_s=0.045847300 outcome=accepted step_size=5.000000000e-01 backtracks=0 mu=9.277179695e-06
FILTERDDP_TIMING iteration=50 barrier_iteration=7 stage=6 derivative_s=0.000346600 first_order_s=0.000145000 second_order_s=0.000156200 algebra_s=0.000988300 kkt_assembly_s=0.000155100 factor_s=0.002540400 solve_s=0.001576700 update_s=0.000114600 K_nnz=5269 rhs_cols=1 Vxx_nnz=2601
FILTERDDP_TIMING iteration=50 barrier_iteration=7 stage=5 derivative_s=0.000517900 first_order_s=0.000310500 second_order_s=0.000141900 algebra_s=0.000744500 kkt_assembly_s=0.000153900 factor_s=0.002455800 solve_s=0.001262800 update_s=0.000107700 K_nnz=5269 rhs_cols=1 Vxx_nnz=2601
FILTERDDP_TIMING iteration=50 barrier_iteration=7 stage=4 derivative_s=0.000380500 first_order_s=0.000140100 second_order_s=0.000199000 algebra_s=0.000663300 kkt_assembly_s=0.000131500 factor_s=0.002173900 solve_s=0.001334000 update_s=0.000105200 K_nnz=5269 rhs_cols=1 Vxx_nnz=2601
FILTERDDP_TIMING iteration=50 barrier_iteration=7 stage=3 derivative_s=0.000367800 first_order_s=0.000186900 second_order_s=0.000128600 algebra_s=0.000779600 kkt_assembly_s=0.000123400 factor_s=0.001937500 solve_s=0.001300500 update_s=0.000114400 K_nnz=5269 rhs_cols=1 Vxx_nnz=2601
FILTERDDP_TIMING iteration=50 barrier_iteration=7 stage=2 derivative_s=0.000308200 first_order_s=0.000156700 second_order_s=0.000109800 algebra_s=0.000716300 kkt_assembly_s=0.000178100 factor_s=0.002410400 solve_s=0.001438800 update_s=0.000115500 K_nnz=5269 rhs_cols=1 Vxx_nnz=2601
FILTERDDP_TIMING iteration=50 barrier_iteration=7 stage=1 derivative_s=0.000306800 first_order_s=0.000150900 second_order_s=0.000115300 algebra_s=0.000731300 kkt_assembly_s=0.000143300 factor_s=0.002458200 solve_s=0.001266200 update_s=0.000110900 K_nnz=5269 rhs_cols=1 Vxx_nnz=2601
FILTERDDP_FEASIBILITY iteration=50 barrier_iteration=7 equality_count=3372 equality_rms=9.124782278171e-06 equality_max=1.795368734967e-04 equality_worst_stage=5 equality_worst_index=509 dynamics_count=255 dynamics_rms=0.000000000000e+00 dynamics_max=0.000000000000e+00 dynamics_worst_stage=0 dynamics_worst_index=0 bound_count=4902 bound_rms=0.000000000000e+00 bound_max=0.000000000000e+00 bound_worst_stage=0 bound_worst_index=0 bound_worst_kind=none
  iter     objective        pr_inf       du_inf       cs_inf     lg(μ)   lg(reg)    alpha     ls
    50   3.14313785e+03   1.7954e-04   1.6201e-08   1.2960e-10   -5.03      -     5.0000e-01   0
FILTERDDP_ITER_TIMING iteration=50 barrier_iteration=7 backward_s=0.031054700 forward_s=0.012532700 total_s=0.043587400 outcome=accepted step_size=5.000000000e-01 backtracks=0 mu=9.277179695e-06
FILTERDDP_TIMING iteration=51 barrier_iteration=7 stage=6 derivative_s=0.000306300 first_order_s=0.000126900 second_order_s=0.000136100 algebra_s=0.000879200 kkt_assembly_s=0.000144400 factor_s=0.002587300 solve_s=0.001529600 update_s=0.000113600 K_nnz=5269 rhs_cols=1 Vxx_nnz=2601
FILTERDDP_TIMING iteration=51 barrier_iteration=7 stage=5 derivative_s=0.000418900 first_order_s=0.000208200 second_order_s=0.000155100 algebra_s=0.001006000 kkt_assembly_s=0.000161600 factor_s=0.002507400 solve_s=0.001012100 update_s=0.000108700 K_nnz=5269 rhs_cols=1 Vxx_nnz=2601
FILTERDDP_TIMING iteration=51 barrier_iteration=7 stage=4 derivative_s=0.000301200 first_order_s=0.000153200 second_order_s=0.000108700 algebra_s=0.000732700 kkt_assembly_s=0.000140100 factor_s=0.002517100 solve_s=0.001424900 update_s=0.000113400 K_nnz=5269 rhs_cols=1 Vxx_nnz=2601
FILTERDDP_TIMING iteration=51 barrier_iteration=7 stage=3 derivative_s=0.000307600 first_order_s=0.000152900 second_order_s=0.000113800 algebra_s=0.000735900 kkt_assembly_s=0.000144700 factor_s=0.002495400 solve_s=0.001491400 update_s=0.000115000 K_nnz=5269 rhs_cols=1 Vxx_nnz=2601
FILTERDDP_TIMING iteration=51 barrier_iteration=7 stage=2 derivative_s=0.000308300 first_order_s=0.000151400 second_order_s=0.000116100 algebra_s=0.000767800 kkt_assembly_s=0.000147500 factor_s=0.002710700 solve_s=0.001408800 update_s=0.000112400 K_nnz=5269 rhs_cols=1 Vxx_nnz=2601
FILTERDDP_TIMING iteration=51 barrier_iteration=7 stage=1 derivative_s=0.000306400 first_order_s=0.000148100 second_order_s=0.000116900 algebra_s=0.000737100 kkt_assembly_s=0.000144700 factor_s=0.002340700 solve_s=0.001452100 update_s=0.000142800 K_nnz=5269 rhs_cols=1 Vxx_nnz=2601
FILTERDDP_FEASIBILITY iteration=51 barrier_iteration=7 equality_count=3372 equality_rms=4.853874887332e-06 equality_max=9.620343586619e-05 equality_worst_stage=5 equality_worst_index=509 dynamics_count=255 dynamics_rms=0.000000000000e+00 dynamics_max=0.000000000000e+00 dynamics_worst_stage=0 dynamics_worst_index=0 bound_count=4902 bound_rms=0.000000000000e+00 bound_max=0.000000000000e+00 bound_worst_stage=0 bound_worst_index=0 bound_worst_kind=none
    51   3.14313283e+03   9.6203e-05   7.3337e-09   6.2684e-11   -5.03      -     5.0000e-01   0
FILTERDDP_ITER_TIMING iteration=51 barrier_iteration=7 backward_s=0.032403400 forward_s=0.004351400 total_s=0.036754800 outcome=accepted step_size=2.500000000e-01 backtracks=0 mu=9.277179695e-06
FILTERDDP_TIMING iteration=52 barrier_iteration=7 stage=6 derivative_s=0.000430100 first_order_s=0.000190200 second_order_s=0.000179400 algebra_s=0.001208300 kkt_assembly_s=0.000198200 factor_s=0.004144100 solve_s=0.001391100 update_s=0.000118600 K_nnz=5269 rhs_cols=1 Vxx_nnz=2601
FILTERDDP_TIMING iteration=52 barrier_iteration=7 stage=5 derivative_s=0.000308800 first_order_s=0.000154500 second_order_s=0.000112400 algebra_s=0.000739600 kkt_assembly_s=0.000168200 factor_s=0.002475600 solve_s=0.001433700 update_s=0.000119200 K_nnz=5269 rhs_cols=1 Vxx_nnz=2601
FILTERDDP_TIMING iteration=52 barrier_iteration=7 stage=4 derivative_s=0.000320200 first_order_s=0.000161800 second_order_s=0.000117000 algebra_s=0.000776800 kkt_assembly_s=0.000142000 factor_s=0.002328300 solve_s=0.001286300 update_s=0.000106600 K_nnz=5269 rhs_cols=1 Vxx_nnz=2601
FILTERDDP_TIMING iteration=52 barrier_iteration=7 stage=3 derivative_s=0.000361600 first_order_s=0.000151600 second_order_s=0.000168700 algebra_s=0.000989100 kkt_assembly_s=0.000182200 factor_s=0.002599300 solve_s=0.001414100 update_s=0.000104900 K_nnz=5269 rhs_cols=1 Vxx_nnz=2601
FILTERDDP_TIMING iteration=52 barrier_iteration=7 stage=2 derivative_s=0.000303000 first_order_s=0.000156500 second_order_s=0.000107200 algebra_s=0.009772000 kkt_assembly_s=0.000148000 factor_s=0.002530500 solve_s=0.001472600 update_s=0.000110200 K_nnz=5269 rhs_cols=1 Vxx_nnz=2601
FILTERDDP_TIMING iteration=52 barrier_iteration=7 stage=1 derivative_s=0.000299000 first_order_s=0.000149100 second_order_s=0.000108900 algebra_s=0.000817200 kkt_assembly_s=0.000199300 factor_s=0.002556600 solve_s=0.001501100 update_s=0.000108000 K_nnz=5269 rhs_cols=1 Vxx_nnz=2601
FILTERDDP_FEASIBILITY iteration=52 barrier_iteration=7 equality_count=3372 equality_rms=3.660246947436e-06 equality_max=7.260372679202e-05 equality_worst_stage=5 equality_worst_index=509 dynamics_count=255 dynamics_rms=0.000000000000e+00 dynamics_max=0.000000000000e+00 dynamics_worst_stage=0 dynamics_worst_index=0 bound_count=4902 bound_rms=0.000000000000e+00 bound_max=0.000000000000e+00 bound_worst_stage=0 bound_worst_index=0 bound_worst_kind=none
FILTERDDP_ITER_TIMING iteration=52 barrier_iteration=7 backward_s=0.043648800 forward_s=0.000000000 total_s=0.043648800 outcome=barrier_update step_size=2.500000000e-01 backtracks=0 mu=9.277179695e-06
FILTERDDP_TIMING iteration=52 barrier_iteration=8 stage=6 derivative_s=0.000335900 first_order_s=0.000165100 second_order_s=0.000129700 algebra_s=0.000835900 kkt_assembly_s=0.000178200 factor_s=0.002486900 solve_s=0.001357200 update_s=0.000110600 K_nnz=5269 rhs_cols=1 Vxx_nnz=2601
FILTERDDP_TIMING iteration=52 barrier_iteration=8 stage=5 derivative_s=0.000346700 first_order_s=0.000162700 second_order_s=0.000128200 algebra_s=0.000761900 kkt_assembly_s=0.000151900 factor_s=0.002436000 solve_s=0.001398000 update_s=0.000138200 K_nnz=5269 rhs_cols=1 Vxx_nnz=2601
FILTERDDP_TIMING iteration=52 barrier_iteration=8 stage=4 derivative_s=0.000391300 first_order_s=0.000220100 second_order_s=0.000125600 algebra_s=0.000944200 kkt_assembly_s=0.000207900 factor_s=0.002503600 solve_s=0.001613900 update_s=0.000142900 K_nnz=5269 rhs_cols=1 Vxx_nnz=2601
FILTERDDP_TIMING iteration=52 barrier_iteration=8 stage=3 derivative_s=0.000467900 first_order_s=0.000235000 second_order_s=0.000151500 algebra_s=0.000831700 kkt_assembly_s=0.000160700 factor_s=0.002669200 solve_s=0.001310200 update_s=0.000115300 K_nnz=5269 rhs_cols=1 Vxx_nnz=2601
FILTERDDP_TIMING iteration=52 barrier_iteration=8 stage=2 derivative_s=0.000306200 first_order_s=0.000153100 second_order_s=0.000111700 algebra_s=0.000752500 kkt_assembly_s=0.000147200 factor_s=0.002622000 solve_s=0.001421200 update_s=0.000141300 K_nnz=5269 rhs_cols=1 Vxx_nnz=2601
FILTERDDP_TIMING iteration=52 barrier_iteration=8 stage=1 derivative_s=0.000446300 first_order_s=0.000227600 second_order_s=0.000145900 algebra_s=0.000756100 kkt_assembly_s=0.000146100 factor_s=0.002344300 solve_s=0.001349500 update_s=0.000118600 K_nnz=5269 rhs_cols=1 Vxx_nnz=2601
FILTERDDP_FEASIBILITY iteration=52 barrier_iteration=8 equality_count=3372 equality_rms=3.660246947436e-06 equality_max=7.260372679202e-05 equality_worst_stage=5 equality_worst_index=509 dynamics_count=255 dynamics_rms=0.000000000000e+00 dynamics_max=0.000000000000e+00 dynamics_worst_stage=0 dynamics_worst_index=0 bound_count=4902 bound_rms=0.000000000000e+00 bound_max=0.000000000000e+00 bound_worst_stage=0 bound_worst_index=0 bound_worst_kind=none
    52   3.14313158e+03   7.2604e-05   4.6615e-09   4.3379e-11   -6.04      -     2.5000e-01   0
FILTERDDP_ITER_TIMING iteration=52 barrier_iteration=8 backward_s=0.032966700 forward_s=0.003152600 total_s=0.036119300 outcome=accepted step_size=2.500000000e-01 backtracks=0 mu=9.139010210e-07
FILTERDDP_TIMING iteration=53 barrier_iteration=8 stage=6 derivative_s=0.000310300 first_order_s=0.000133400 second_order_s=0.000133200 algebra_s=0.000805300 kkt_assembly_s=0.000149300 factor_s=0.002738000 solve_s=0.001514800 update_s=0.000114800 K_nnz=5269 rhs_cols=1 Vxx_nnz=2601
FILTERDDP_TIMING iteration=53 barrier_iteration=8 stage=5 derivative_s=0.000440200 first_order_s=0.000230000 second_order_s=0.000147700 algebra_s=0.000917500 kkt_assembly_s=0.000149900 factor_s=0.002454000 solve_s=0.001255900 update_s=0.000118600 K_nnz=5269 rhs_cols=1 Vxx_nnz=2601
FILTERDDP_TIMING iteration=53 barrier_iteration=8 stage=4 derivative_s=0.000352500 first_order_s=0.000153200 second_order_s=0.000153200 algebra_s=0.000723900 kkt_assembly_s=0.000141400 factor_s=0.011886800 solve_s=0.001344400 update_s=0.000120800 K_nnz=5269 rhs_cols=1 Vxx_nnz=2601
FILTERDDP_TIMING iteration=53 barrier_iteration=8 stage=3 derivative_s=0.000419700 first_order_s=0.000221300 second_order_s=0.000139200 algebra_s=0.000972500 kkt_assembly_s=0.000155100 factor_s=0.002417600 solve_s=0.001403400 update_s=0.000111500 K_nnz=5269 rhs_cols=1 Vxx_nnz=2601
FILTERDDP_TIMING iteration=53 barrier_iteration=8 stage=2 derivative_s=0.000306900 first_order_s=0.000153500 second_order_s=0.000112800 algebra_s=0.000919600 kkt_assembly_s=0.000248900 factor_s=0.003914000 solve_s=0.001964100 update_s=0.000140300 K_nnz=5269 rhs_cols=1 Vxx_nnz=2601
FILTERDDP_TIMING iteration=53 barrier_iteration=8 stage=1 derivative_s=0.000650400 first_order_s=0.000247500 second_order_s=0.000343800 algebra_s=0.000834600 kkt_assembly_s=0.000145300 factor_s=0.002534100 solve_s=0.001633700 update_s=0.000138600 K_nnz=5269 rhs_cols=1 Vxx_nnz=2601
FILTERDDP_FEASIBILITY iteration=53 barrier_iteration=8 equality_count=3372 equality_rms=2.888163481144e-06 equality_max=5.761079874883e-05 equality_worst_stage=5 equality_worst_index=509 dynamics_count=255 dynamics_rms=0.000000000000e+00 dynamics_max=0.000000000000e+00 dynamics_worst_stage=0 dynamics_worst_index=0 bound_count=4902 bound_rms=0.000000000000e+00 bound_max=0.000000000000e+00 bound_worst_stage=0 bound_worst_index=0 bound_worst_kind=none
    53   3.14312794e+03   5.7611e-05   4.4999e-09   3.4989e-11   -6.04      -     2.5000e-01   0
FILTERDDP_ITER_TIMING iteration=53 barrier_iteration=8 backward_s=0.045114500 forward_s=0.004093200 total_s=0.049207700 outcome=accepted step_size=2.500000000e-01 backtracks=0 mu=9.139010210e-07
FILTERDDP_TIMING iteration=54 barrier_iteration=8 stage=6 derivative_s=0.000384800 first_order_s=0.000165100 second_order_s=0.000153500 algebra_s=0.000962800 kkt_assembly_s=0.000170300 factor_s=0.003284900 solve_s=0.001292100 update_s=0.000116500 K_nnz=5269 rhs_cols=1 Vxx_nnz=2601
FILTERDDP_TIMING iteration=54 barrier_iteration=8 stage=5 derivative_s=0.000315400 first_order_s=0.000155900 second_order_s=0.000117700 algebra_s=0.000940400 kkt_assembly_s=0.000258500 factor_s=0.002490800 solve_s=0.001381300 update_s=0.000109700 K_nnz=5269 rhs_cols=1 Vxx_nnz=2601
FILTERDDP_TIMING iteration=54 barrier_iteration=8 stage=4 derivative_s=0.000304800 first_order_s=0.000153100 second_order_s=0.000110900 algebra_s=0.000745800 kkt_assembly_s=0.000145000 factor_s=0.002572400 solve_s=0.001397900 update_s=0.000110800 K_nnz=5269 rhs_cols=1 Vxx_nnz=2601
FILTERDDP_TIMING iteration=54 barrier_iteration=8 stage=3 derivative_s=0.000305000 first_order_s=0.000155900 second_order_s=0.000108600 algebra_s=0.000728100 kkt_assembly_s=0.000143500 factor_s=0.002449500 solve_s=0.001401800 update_s=0.000118400 K_nnz=5269 rhs_cols=1 Vxx_nnz=2601
FILTERDDP_TIMING iteration=54 barrier_iteration=8 stage=2 derivative_s=0.000306000 first_order_s=0.000153200 second_order_s=0.000110900 algebra_s=0.000769200 kkt_assembly_s=0.000269700 factor_s=0.002399400 solve_s=0.001301200 update_s=0.000112800 K_nnz=5269 rhs_cols=1 Vxx_nnz=2601
FILTERDDP_TIMING iteration=54 barrier_iteration=8 stage=1 derivative_s=0.000300700 first_order_s=0.000149300 second_order_s=0.000110500 algebra_s=0.000734700 kkt_assembly_s=0.000144200 factor_s=0.002483200 solve_s=0.001631800 update_s=0.000114000 K_nnz=5269 rhs_cols=1 Vxx_nnz=2601
FILTERDDP_FEASIBILITY iteration=54 barrier_iteration=8 equality_count=3372 equality_rms=2.250304366237e-06 equality_max=4.511126493115e-05 equality_worst_stage=5 equality_worst_index=509 dynamics_count=255 dynamics_rms=0.000000000000e+00 dynamics_max=0.000000000000e+00 dynamics_worst_stage=0 dynamics_worst_index=0 bound_count=4902 bound_rms=0.000000000000e+00 bound_max=0.000000000000e+00 bound_worst_stage=0 bound_worst_index=0 bound_worst_kind=none
    54   3.14312521e+03   4.5111e-05   4.1383e-09   3.4793e-11   -6.04      -     2.5000e-01   0
FILTERDDP_ITER_TIMING iteration=54 barrier_iteration=8 backward_s=0.033170200 forward_s=0.003065000 total_s=0.036235200 outcome=accepted step_size=2.500000000e-01 backtracks=0 mu=9.139010210e-07
FILTERDDP_TIMING iteration=55 barrier_iteration=8 stage=6 derivative_s=0.000313100 first_order_s=0.000135200 second_order_s=0.000135100 algebra_s=0.000819200 kkt_assembly_s=0.000146500 factor_s=0.002314600 solve_s=0.001472700 update_s=0.000134600 K_nnz=5269 rhs_cols=1 Vxx_nnz=2601
FILTERDDP_TIMING iteration=55 barrier_iteration=8 stage=5 derivative_s=0.009775200 first_order_s=0.009581600 second_order_s=0.000139700 algebra_s=0.000775000 kkt_assembly_s=0.000149200 factor_s=0.002473500 solve_s=0.001598900 update_s=0.000114700 K_nnz=5269 rhs_cols=1 Vxx_nnz=2601
FILTERDDP_TIMING iteration=55 barrier_iteration=8 stage=4 derivative_s=0.000382200 first_order_s=0.000222600 second_order_s=0.000115400 algebra_s=0.000749000 kkt_assembly_s=0.000146700 factor_s=0.002848600 solve_s=0.001412900 update_s=0.000113800 K_nnz=5269 rhs_cols=1 Vxx_nnz=2601
FILTERDDP_TIMING iteration=55 barrier_iteration=8 stage=3 derivative_s=0.000375600 first_order_s=0.000220800 second_order_s=0.000111100 algebra_s=0.000760700 kkt_assembly_s=0.000147000 factor_s=0.002410600 solve_s=0.001608200 update_s=0.000116500 K_nnz=5269 rhs_cols=1 Vxx_nnz=2601
FILTERDDP_TIMING iteration=55 barrier_iteration=8 stage=2 derivative_s=0.000315000 first_order_s=0.000156800 second_order_s=0.000114600 algebra_s=0.000736700 kkt_assembly_s=0.000146000 factor_s=0.002602800 solve_s=0.001328200 update_s=0.000111400 K_nnz=5269 rhs_cols=1 Vxx_nnz=2601
FILTERDDP_TIMING iteration=55 barrier_iteration=8 stage=1 derivative_s=0.000305600 first_order_s=0.000150300 second_order_s=0.000114200 algebra_s=0.000743700 kkt_assembly_s=0.000146000 factor_s=0.002516000 solve_s=0.001312300 update_s=0.000118800 K_nnz=5269 rhs_cols=1 Vxx_nnz=2601
FILTERDDP_FEASIBILITY iteration=55 barrier_iteration=8 equality_count=3372 equality_rms=1.736834244362e-06 equality_max=3.497312514864e-05 equality_worst_stage=5 equality_worst_index=509 dynamics_count=255 dynamics_rms=0.000000000000e+00 dynamics_max=0.000000000000e+00 dynamics_worst_stage=0 dynamics_worst_index=0 bound_count=4902 bound_rms=0.000000000000e+00 bound_max=0.000000000000e+00 bound_worst_stage=0 bound_worst_index=0 bound_worst_kind=none
    55   3.14312318e+03   3.4973e-05   3.6884e-09   3.4606e-11   -6.04      -     2.5000e-01   0
FILTERDDP_ITER_TIMING iteration=55 barrier_iteration=8 backward_s=0.042117800 forward_s=0.004189100 total_s=0.046306900 outcome=accepted step_size=2.500000000e-01 backtracks=0 mu=9.139010210e-07
FILTERDDP_TIMING iteration=56 barrier_iteration=8 stage=6 derivative_s=0.000328100 first_order_s=0.000136700 second_order_s=0.000147800 algebra_s=0.000898000 kkt_assembly_s=0.000147100 factor_s=0.002728400 solve_s=0.001409500 update_s=0.000117400 K_nnz=5269 rhs_cols=1 Vxx_nnz=2601
FILTERDDP_TIMING iteration=56 barrier_iteration=8 stage=5 derivative_s=0.000304400 first_order_s=0.000151600 second_order_s=0.000111700 algebra_s=0.000779000 kkt_assembly_s=0.000151500 factor_s=0.002877100 solve_s=0.001332500 update_s=0.000109600 K_nnz=5269 rhs_cols=1 Vxx_nnz=2601
FILTERDDP_TIMING iteration=56 barrier_iteration=8 stage=4 derivative_s=0.000303900 first_order_s=0.000154600 second_order_s=0.000109400 algebra_s=0.000734900 kkt_assembly_s=0.000145800 factor_s=0.002426800 solve_s=0.001684700 update_s=0.000120900 K_nnz=5269 rhs_cols=1 Vxx_nnz=2601
FILTERDDP_TIMING iteration=56 barrier_iteration=8 stage=3 derivative_s=0.000322600 first_order_s=0.000160300 second_order_s=0.000119600 algebra_s=0.000854500 kkt_assembly_s=0.000149300 factor_s=0.002416700 solve_s=0.001439600 update_s=0.000113100 K_nnz=5269 rhs_cols=1 Vxx_nnz=2601
FILTERDDP_TIMING iteration=56 barrier_iteration=8 stage=2 derivative_s=0.000309000 first_order_s=0.000154600 second_order_s=0.000113800 algebra_s=0.000719400 kkt_assembly_s=0.000163200 factor_s=0.002405500 solve_s=0.001780100 update_s=0.000130000 K_nnz=5269 rhs_cols=1 Vxx_nnz=2601
FILTERDDP_TIMING iteration=56 barrier_iteration=8 stage=1 derivative_s=0.000417300 first_order_s=0.000263500 second_order_s=0.000112000 algebra_s=0.000707900 kkt_assembly_s=0.000144200 factor_s=0.012585600 solve_s=0.001372900 update_s=0.000123400 K_nnz=5269 rhs_cols=1 Vxx_nnz=2601
FILTERDDP_FEASIBILITY iteration=56 barrier_iteration=8 equality_count=3372 equality_rms=1.331009489838e-06 equality_max=2.690759530327e-05 equality_worst_stage=5 equality_worst_index=509 dynamics_count=255 dynamics_rms=0.000000000000e+00 dynamics_max=0.000000000000e+00 dynamics_worst_stage=0 dynamics_worst_index=0 bound_count=4902 bound_rms=0.000000000000e+00 bound_max=0.000000000000e+00 bound_worst_stage=0 bound_worst_index=0 bound_worst_kind=none
    56   3.14312166e+03   2.6908e-05   3.2018e-09   3.4326e-11   -6.04      -     2.5000e-01   0
FILTERDDP_ITER_TIMING iteration=56 barrier_iteration=8 backward_s=0.043334200 forward_s=0.002925500 total_s=0.046259700 outcome=accepted step_size=2.500000000e-01 backtracks=0 mu=9.139010210e-07
FILTERDDP_TIMING iteration=57 barrier_iteration=8 stage=6 derivative_s=0.000354400 first_order_s=0.000162300 second_order_s=0.000141400 algebra_s=0.000899200 kkt_assembly_s=0.000155800 factor_s=0.002757200 solve_s=0.001460300 update_s=0.000110300 K_nnz=5269 rhs_cols=1 Vxx_nnz=2601
FILTERDDP_TIMING iteration=57 barrier_iteration=8 stage=5 derivative_s=0.000313000 first_order_s=0.000156800 second_order_s=0.000114200 algebra_s=0.000733700 kkt_assembly_s=0.000145300 factor_s=0.002418500 solve_s=0.001346800 update_s=0.000146000 K_nnz=5269 rhs_cols=1 Vxx_nnz=2601
FILTERDDP_TIMING iteration=57 barrier_iteration=8 stage=4 derivative_s=0.000350800 first_order_s=0.000170600 second_order_s=0.000131900 algebra_s=0.000765100 kkt_assembly_s=0.000151300 factor_s=0.002999900 solve_s=0.001720700 update_s=0.000125700 K_nnz=5269 rhs_cols=1 Vxx_nnz=2601
FILTERDDP_TIMING iteration=57 barrier_iteration=8 stage=3 derivative_s=0.000315300 first_order_s=0.000158400 second_order_s=0.000112800 algebra_s=0.000726400 kkt_assembly_s=0.000186200 factor_s=0.002479200 solve_s=0.001393500 update_s=0.000115300 K_nnz=5269 rhs_cols=1 Vxx_nnz=2601
FILTERDDP_TIMING iteration=57 barrier_iteration=8 stage=2 derivative_s=0.000313600 first_order_s=0.000157100 second_order_s=0.000113700 algebra_s=0.000747200 kkt_assembly_s=0.000150200 factor_s=0.002446800 solve_s=0.001518000 update_s=0.000131900 K_nnz=5269 rhs_cols=1 Vxx_nnz=2601
FILTERDDP_TIMING iteration=57 barrier_iteration=8 stage=1 derivative_s=0.000442500 first_order_s=0.000212800 second_order_s=0.000164300 algebra_s=0.000962800 kkt_assembly_s=0.000155800 factor_s=0.002777500 solve_s=0.001531400 update_s=0.000114300 K_nnz=5269 rhs_cols=1 Vxx_nnz=2601
FILTERDDP_FEASIBILITY iteration=57 barrier_iteration=8 equality_count=3372 equality_rms=1.014533900722e-06 equality_max=2.058079153805e-05 equality_worst_stage=5 equality_worst_index=509 dynamics_count=255 dynamics_rms=0.000000000000e+00 dynamics_max=0.000000000000e+00 dynamics_worst_stage=0 dynamics_worst_index=0 bound_count=4902 bound_rms=0.000000000000e+00 bound_max=0.000000000000e+00 bound_worst_stage=0 bound_worst_index=0 bound_worst_kind=none
    57   3.14312053e+03   2.0581e-05   2.7294e-09   3.4060e-11   -6.04      -     2.5000e-01   0
FILTERDDP_ITER_TIMING iteration=57 barrier_iteration=8 backward_s=0.033994300 forward_s=0.002899200 total_s=0.036893500 outcome=accepted step_size=2.500000000e-01 backtracks=0 mu=9.139010210e-07
FILTERDDP_TIMING iteration=58 barrier_iteration=8 stage=6 derivative_s=0.000456300 first_order_s=0.000228800 second_order_s=0.000178700 algebra_s=0.000819500 kkt_assembly_s=0.000150300 factor_s=0.002663100 solve_s=0.001640500 update_s=0.000112400 K_nnz=5269 rhs_cols=1 Vxx_nnz=2601
FILTERDDP_TIMING iteration=58 barrier_iteration=8 stage=5 derivative_s=0.000312600 first_order_s=0.000155100 second_order_s=0.000114700 algebra_s=0.000755600 kkt_assembly_s=0.000151400 factor_s=0.002463500 solve_s=0.001300900 update_s=0.000117000 K_nnz=5269 rhs_cols=1 Vxx_nnz=2601
FILTERDDP_TIMING iteration=58 barrier_iteration=8 stage=4 derivative_s=0.000366000 first_order_s=0.000182000 second_order_s=0.000126300 algebra_s=0.000951100 kkt_assembly_s=0.000217200 factor_s=0.003526000 solve_s=0.001505300 update_s=0.000116900 K_nnz=5269 rhs_cols=1 Vxx_nnz=2601
FILTERDDP_TIMING iteration=58 barrier_iteration=8 stage=3 derivative_s=0.000385500 first_order_s=0.000194100 second_order_s=0.000132000 algebra_s=0.000920000 kkt_assembly_s=0.000210400 factor_s=0.002462200 solve_s=0.001400500 update_s=0.000107300 K_nnz=5269 rhs_cols=1 Vxx_nnz=2601
FILTERDDP_TIMING iteration=58 barrier_iteration=8 stage=2 derivative_s=0.000286400 first_order_s=0.000140800 second_order_s=0.000106100 algebra_s=0.001235400 kkt_assembly_s=0.000131700 factor_s=0.012174700 solve_s=0.001470300 update_s=0.000091500 K_nnz=5269 rhs_cols=1 Vxx_nnz=2601
FILTERDDP_TIMING iteration=58 barrier_iteration=8 stage=1 derivative_s=0.000230400 first_order_s=0.000114200 second_order_s=0.000084400 algebra_s=0.000481900 kkt_assembly_s=0.000111100 factor_s=0.001837700 solve_s=0.001390800 update_s=0.000111400 K_nnz=5269 rhs_cols=1 Vxx_nnz=2601
FILTERDDP_FEASIBILITY iteration=58 barrier_iteration=8 equality_count=3372 equality_rms=7.701790884141e-07 equality_max=1.567001132941e-05 equality_worst_stage=5 equality_worst_index=509 dynamics_count=255 dynamics_rms=0.000000000000e+00 dynamics_max=0.000000000000e+00 dynamics_worst_stage=0 dynamics_worst_index=0 bound_count=4902 bound_rms=0.000000000000e+00 bound_max=0.000000000000e+00 bound_worst_stage=0 bound_worst_index=0 bound_worst_kind=none
    58   3.14311968e+03   1.5670e-05   2.2925e-09   3.3806e-11   -6.04      -     2.5000e-01   0
FILTERDDP_ITER_TIMING iteration=58 barrier_iteration=8 backward_s=0.043229700 forward_s=0.002988900 total_s=0.046218600 outcome=accepted step_size=2.500000000e-01 backtracks=0 mu=9.139010210e-07
FILTERDDP_TIMING iteration=59 barrier_iteration=8 stage=6 derivative_s=0.000339700 first_order_s=0.000160000 second_order_s=0.000136300 algebra_s=0.000827000 kkt_assembly_s=0.000144600 factor_s=0.002557800 solve_s=0.001430900 update_s=0.000112700 K_nnz=5269 rhs_cols=1 Vxx_nnz=2601
FILTERDDP_TIMING iteration=59 barrier_iteration=8 stage=5 derivative_s=0.000306300 first_order_s=0.000151700 second_order_s=0.000112900 algebra_s=0.000738000 kkt_assembly_s=0.000146400 factor_s=0.002485900 solve_s=0.001141600 update_s=0.000113200 K_nnz=5269 rhs_cols=1 Vxx_nnz=2601
FILTERDDP_TIMING iteration=59 barrier_iteration=8 stage=4 derivative_s=0.000309100 first_order_s=0.000155600 second_order_s=0.000111200 algebra_s=0.000737400 kkt_assembly_s=0.000145400 factor_s=0.002444500 solve_s=0.001156800 update_s=0.000094800 K_nnz=5269 rhs_cols=1 Vxx_nnz=2601
FILTERDDP_TIMING iteration=59 barrier_iteration=8 stage=3 derivative_s=0.000243900 first_order_s=0.000115500 second_order_s=0.000096400 algebra_s=0.000504100 kkt_assembly_s=0.000113500 factor_s=0.001920100 solve_s=0.001131300 update_s=0.000093900 K_nnz=5269 rhs_cols=1 Vxx_nnz=2601
FILTERDDP_TIMING iteration=59 barrier_iteration=8 stage=2 derivative_s=0.000226400 first_order_s=0.000112400 second_order_s=0.000083100 algebra_s=0.000483300 kkt_assembly_s=0.000110000 factor_s=0.001800300 solve_s=0.001369100 update_s=0.000111500 K_nnz=5269 rhs_cols=1 Vxx_nnz=2601
FILTERDDP_TIMING iteration=59 barrier_iteration=8 stage=1 derivative_s=0.000315000 first_order_s=0.000159100 second_order_s=0.000114000 algebra_s=0.000727400 kkt_assembly_s=0.000141200 factor_s=0.002569000 solve_s=0.001223400 update_s=0.000095300 K_nnz=5269 rhs_cols=1 Vxx_nnz=2601
FILTERDDP_FEASIBILITY iteration=59 barrier_iteration=8 equality_count=3372 equality_rms=5.829027207866e-07 equality_max=1.188884648358e-05 equality_worst_stage=5 equality_worst_index=509 dynamics_count=255 dynamics_rms=0.000000000000e+00 dynamics_max=0.000000000000e+00 dynamics_worst_stage=0 dynamics_worst_index=0 bound_count=4902 bound_rms=0.000000000000e+00 bound_max=0.000000000000e+00 bound_worst_stage=0 bound_worst_index=0 bound_worst_kind=none
    59   3.14311904e+03   1.1889e-05   1.8914e-09   2.1830e-11   -6.04      -     2.5000e-01   0
FILTERDDP_ITER_TIMING iteration=59 barrier_iteration=8 backward_s=0.028832500 forward_s=0.002558200 total_s=0.031390700 outcome=accepted step_size=2.500000000e-01 backtracks=0 mu=9.139010210e-07
FILTERDDP_TIMING iteration=60 barrier_iteration=8 stage=6 derivative_s=0.000300800 first_order_s=0.000119800 second_order_s=0.000132400 algebra_s=0.000710000 kkt_assembly_s=0.000125400 factor_s=0.002213400 solve_s=0.001356600 update_s=0.000118000 K_nnz=5269 rhs_cols=1 Vxx_nnz=2601
FILTERDDP_TIMING iteration=60 barrier_iteration=8 stage=5 derivative_s=0.000303300 first_order_s=0.000152700 second_order_s=0.000108900 algebra_s=0.000739400 kkt_assembly_s=0.000163300 factor_s=0.002424500 solve_s=0.001475200 update_s=0.000109100 K_nnz=5269 rhs_cols=1 Vxx_nnz=2601
FILTERDDP_TIMING iteration=60 barrier_iteration=8 stage=4 derivative_s=0.000285900 first_order_s=0.000143300 second_order_s=0.000104600 algebra_s=0.000646800 kkt_assembly_s=0.000150400 factor_s=0.002199400 solve_s=0.001266000 update_s=0.000110300 K_nnz=5269 rhs_cols=1 Vxx_nnz=2601
FILTERDDP_TIMING iteration=60 barrier_iteration=8 stage=3 derivative_s=0.009859200 first_order_s=0.000156900 second_order_s=0.009624100 algebra_s=0.000801600 kkt_assembly_s=0.000149500 factor_s=0.002792200 solve_s=0.001486400 update_s=0.000116800 K_nnz=5269 rhs_cols=1 Vxx_nnz=2601
FILTERDDP_TIMING iteration=60 barrier_iteration=8 stage=2 derivative_s=0.000310200 first_order_s=0.000156000 second_order_s=0.000111000 algebra_s=0.000724000 kkt_assembly_s=0.000149000 factor_s=0.002983900 solve_s=0.001409200 update_s=0.000122300 K_nnz=5269 rhs_cols=1 Vxx_nnz=2601
FILTERDDP_TIMING iteration=60 barrier_iteration=8 stage=1 derivative_s=0.000376100 first_order_s=0.000208400 second_order_s=0.000121600 algebra_s=0.000783600 kkt_assembly_s=0.000148100 factor_s=0.002444600 solve_s=0.001528600 update_s=0.000113000 K_nnz=5269 rhs_cols=1 Vxx_nnz=2601
FILTERDDP_FEASIBILITY iteration=60 barrier_iteration=8 equality_count=3372 equality_rms=4.401609147863e-07 equality_max=8.995383264092e-06 equality_worst_stage=5 equality_worst_index=509 dynamics_count=255 dynamics_rms=0.000000000000e+00 dynamics_max=0.000000000000e+00 dynamics_worst_stage=0 dynamics_worst_index=0 bound_count=4902 bound_rms=0.000000000000e+00 bound_max=0.000000000000e+00 bound_worst_stage=0 bound_worst_index=0 bound_worst_kind=none
FILTERDDP_ITER_TIMING iteration=60 barrier_iteration=8 backward_s=0.041531700 forward_s=0.000000000 total_s=0.041531700 outcome=barrier_update step_size=2.500000000e-01 backtracks=0 mu=9.139010210e-07
FILTERDDP_TIMING iteration=60 barrier_iteration=9 stage=6 derivative_s=0.000334200 first_order_s=0.000144300 second_order_s=0.000132100 algebra_s=0.000810000 kkt_assembly_s=0.000183600 factor_s=0.002452200 solve_s=0.001306200 update_s=0.000111100 K_nnz=5269 rhs_cols=1 Vxx_nnz=2601
FILTERDDP_TIMING iteration=60 barrier_iteration=9 stage=5 derivative_s=0.000458200 first_order_s=0.000258900 second_order_s=0.000143500 algebra_s=0.000892700 kkt_assembly_s=0.000151000 factor_s=0.002671700 solve_s=0.001527700 update_s=0.000113400 K_nnz=5269 rhs_cols=1 Vxx_nnz=2601
FILTERDDP_TIMING iteration=60 barrier_iteration=9 stage=4 derivative_s=0.000302100 first_order_s=0.000150700 second_order_s=0.000111200 algebra_s=0.000737200 kkt_assembly_s=0.000145000 factor_s=0.002430800 solve_s=0.001280600 update_s=0.000111800 K_nnz=5269 rhs_cols=1 Vxx_nnz=2601
FILTERDDP_TIMING iteration=60 barrier_iteration=9 stage=3 derivative_s=0.000309800 first_order_s=0.000155600 second_order_s=0.000112900 algebra_s=0.000743800 kkt_assembly_s=0.000146600 factor_s=0.002445900 solve_s=0.001429700 update_s=0.000113700 K_nnz=5269 rhs_cols=1 Vxx_nnz=2601
FILTERDDP_TIMING iteration=60 barrier_iteration=9 stage=2 derivative_s=0.000299100 first_order_s=0.000149500 second_order_s=0.000108500 algebra_s=0.000740700 kkt_assembly_s=0.000144900 factor_s=0.002942500 solve_s=0.001353100 update_s=0.000148700 K_nnz=5269 rhs_cols=1 Vxx_nnz=2601
FILTERDDP_TIMING iteration=60 barrier_iteration=9 stage=1 derivative_s=0.000469000 first_order_s=0.000239800 second_order_s=0.000149900 algebra_s=0.000800400 kkt_assembly_s=0.000152400 factor_s=0.002456800 solve_s=0.001467000 update_s=0.000117000 K_nnz=5269 rhs_cols=1 Vxx_nnz=2601
FILTERDDP_FEASIBILITY iteration=60 barrier_iteration=9 equality_count=3372 equality_rms=4.401609147863e-07 equality_max=8.995383264092e-06 equality_worst_stage=5 equality_worst_index=509 dynamics_count=255 dynamics_rms=0.000000000000e+00 dynamics_max=0.000000000000e+00 dynamics_worst_stage=0 dynamics_worst_index=0 bound_count=4902 bound_rms=0.000000000000e+00 bound_max=0.000000000000e+00 bound_worst_stage=0 bound_worst_index=0 bound_worst_kind=none
  iter     objective        pr_inf       du_inf       cs_inf     lg(μ)   lg(reg)    alpha     ls
    60   3.14311856e+03   8.9954e-06   1.5405e-09   2.1712e-11   -7.25      -     2.5000e-01   0
FILTERDDP_ITER_TIMING iteration=60 barrier_iteration=9 backward_s=0.032798100 forward_s=0.002927000 total_s=0.035725100 outcome=accepted step_size=2.500000000e-01 backtracks=0 mu=5.663422933e-08
FILTERDDP_TIMING iteration=61 barrier_iteration=9 stage=6 derivative_s=0.000344400 first_order_s=0.000132400 second_order_s=0.000169000 algebra_s=0.000856300 kkt_assembly_s=0.000147100 factor_s=0.002612600 solve_s=0.001698500 update_s=0.000110100 K_nnz=5269 rhs_cols=1 Vxx_nnz=2601
FILTERDDP_TIMING iteration=61 barrier_iteration=9 stage=5 derivative_s=0.000304400 first_order_s=0.000151800 second_order_s=0.000112400 algebra_s=0.000737600 kkt_assembly_s=0.000144200 factor_s=0.002473700 solve_s=0.001673200 update_s=0.000121500 K_nnz=5269 rhs_cols=1 Vxx_nnz=2601
FILTERDDP_TIMING iteration=61 barrier_iteration=9 stage=4 derivative_s=0.010264200 first_order_s=0.000164100 second_order_s=0.010006700 algebra_s=0.000983500 kkt_assembly_s=0.000178600 factor_s=0.003136400 solve_s=0.001454600 update_s=0.000114700 K_nnz=5269 rhs_cols=1 Vxx_nnz=2601
FILTERDDP_TIMING iteration=61 barrier_iteration=9 stage=3 derivative_s=0.000311600 first_order_s=0.000156300 second_order_s=0.000111200 algebra_s=0.000739300 kkt_assembly_s=0.000163100 factor_s=0.002621000 solve_s=0.001445400 update_s=0.000113000 K_nnz=5269 rhs_cols=1 Vxx_nnz=2601
FILTERDDP_TIMING iteration=61 barrier_iteration=9 stage=2 derivative_s=0.000326800 first_order_s=0.000172700 second_order_s=0.000110800 algebra_s=0.000737500 kkt_assembly_s=0.000148700 factor_s=0.002812000 solve_s=0.001487600 update_s=0.000136700 K_nnz=5269 rhs_cols=1 Vxx_nnz=2601
FILTERDDP_TIMING iteration=61 barrier_iteration=9 stage=1 derivative_s=0.000400700 first_order_s=0.000219700 second_order_s=0.000132200 algebra_s=0.000755500 kkt_assembly_s=0.000181200 factor_s=0.002439800 solve_s=0.001331800 update_s=0.000112900 K_nnz=5269 rhs_cols=1 Vxx_nnz=2601
FILTERDDP_FEASIBILITY iteration=61 barrier_iteration=9 equality_count=3372 equality_rms=3.351703639334e-07 equality_max=6.878758731038e-06 equality_worst_stage=5 equality_worst_index=509 dynamics_count=255 dynamics_rms=0.000000000000e+00 dynamics_max=0.000000000000e+00 dynamics_worst_stage=0 dynamics_worst_index=0 bound_count=4902 bound_rms=0.000000000000e+00 bound_max=0.000000000000e+00 bound_worst_stage=0 bound_worst_index=0 bound_worst_kind=none
    61   3.14311794e+03   6.8788e-06   1.3661e-09   2.1705e-11   -7.25      -     2.5000e-01   0
FILTERDDP_ITER_TIMING iteration=61 barrier_iteration=9 backward_s=0.044138600 forward_s=0.003013900 total_s=0.047152500 outcome=accepted step_size=2.500000000e-01 backtracks=0 mu=5.663422933e-08
FILTERDDP_TIMING iteration=62 barrier_iteration=9 stage=6 derivative_s=0.000315000 first_order_s=0.000133500 second_order_s=0.000138200 algebra_s=0.000807700 kkt_assembly_s=0.000150200 factor_s=0.002792100 solve_s=0.001420100 update_s=0.000109300 K_nnz=5269 rhs_cols=1 Vxx_nnz=2601
FILTERDDP_TIMING iteration=62 barrier_iteration=9 stage=5 derivative_s=0.000306700 first_order_s=0.000152600 second_order_s=0.000111300 algebra_s=0.000739600 kkt_assembly_s=0.000145800 factor_s=0.002672100 solve_s=0.001373500 update_s=0.000117300 K_nnz=5269 rhs_cols=1 Vxx_nnz=2601
FILTERDDP_TIMING iteration=62 barrier_iteration=9 stage=4 derivative_s=0.000354800 first_order_s=0.000164400 second_order_s=0.000135700 algebra_s=0.000905200 kkt_assembly_s=0.000181100 factor_s=0.002574800 solve_s=0.001479800 update_s=0.000111600 K_nnz=5269 rhs_cols=1 Vxx_nnz=2601
FILTERDDP_TIMING iteration=62 barrier_iteration=9 stage=3 derivative_s=0.000297300 first_order_s=0.000148700 second_order_s=0.000107900 algebra_s=0.000737600 kkt_assembly_s=0.000146800 factor_s=0.003076100 solve_s=0.001302500 update_s=0.000115800 K_nnz=5269 rhs_cols=1 Vxx_nnz=2601
FILTERDDP_TIMING iteration=62 barrier_iteration=9 stage=2 derivative_s=0.000307100 first_order_s=0.000152900 second_order_s=0.000112000 algebra_s=0.000742900 kkt_assembly_s=0.000146200 factor_s=0.002687500 solve_s=0.001247800 update_s=0.000111300 K_nnz=5269 rhs_cols=1 Vxx_nnz=2601
FILTERDDP_TIMING iteration=62 barrier_iteration=9 stage=1 derivative_s=0.000408000 first_order_s=0.000218800 second_order_s=0.000140500 algebra_s=0.000741300 kkt_assembly_s=0.000140200 factor_s=0.002505100 solve_s=0.001268600 update_s=0.000118700 K_nnz=5269 rhs_cols=1 Vxx_nnz=2601
FILTERDDP_FEASIBILITY iteration=62 barrier_iteration=9 equality_count=3372 equality_rms=2.542343091961e-07 equality_max=5.235287600755e-06 equality_worst_stage=5 equality_worst_index=509 dynamics_count=255 dynamics_rms=0.000000000000e+00 dynamics_max=0.000000000000e+00 dynamics_worst_stage=0 dynamics_worst_index=0 bound_count=4902 bound_rms=0.000000000000e+00 bound_max=0.000000000000e+00 bound_worst_stage=0 bound_worst_index=0 bound_worst_kind=none
    62   3.14311747e+03   5.2353e-06   1.1866e-09   2.1698e-11   -7.25      -     2.5000e-01   0
FILTERDDP_ITER_TIMING iteration=62 barrier_iteration=9 backward_s=0.033141300 forward_s=0.002813800 total_s=0.035955100 outcome=accepted step_size=2.500000000e-01 backtracks=0 mu=5.663422933e-08
FILTERDDP_TIMING iteration=63 barrier_iteration=9 stage=6 derivative_s=0.000363000 first_order_s=0.000182200 second_order_s=0.000137400 algebra_s=0.078359700 kkt_assembly_s=0.000081100 factor_s=0.001141700 solve_s=0.001392500 update_s=0.000123900 K_nnz=5269 rhs_cols=1 Vxx_nnz=2601
FILTERDDP_TIMING iteration=63 barrier_iteration=9 stage=5 derivative_s=0.000310400 first_order_s=0.000153000 second_order_s=0.000108500 algebra_s=0.000728200 kkt_assembly_s=0.000144300 factor_s=0.002634700 solve_s=0.001288200 update_s=0.000101500 K_nnz=5269 rhs_cols=1 Vxx_nnz=2601
FILTERDDP_TIMING iteration=63 barrier_iteration=9 stage=4 derivative_s=0.000306700 first_order_s=0.000152500 second_order_s=0.000107900 algebra_s=0.000753800 kkt_assembly_s=0.000157000 factor_s=0.002567300 solve_s=0.001245200 update_s=0.000100000 K_nnz=5269 rhs_cols=1 Vxx_nnz=2601
FILTERDDP_TIMING iteration=63 barrier_iteration=9 stage=3 derivative_s=0.000294700 first_order_s=0.000147300 second_order_s=0.000104800 algebra_s=0.000799700 kkt_assembly_s=0.000139000 factor_s=0.002579300 solve_s=0.001257400 update_s=0.000099100 K_nnz=5269 rhs_cols=1 Vxx_nnz=2601
FILTERDDP_TIMING iteration=63 barrier_iteration=9 stage=2 derivative_s=0.000287800 first_order_s=0.000143400 second_order_s=0.000102900 algebra_s=0.000725900 kkt_assembly_s=0.000135300 factor_s=0.002420100 solve_s=0.001307200 update_s=0.000096900 K_nnz=5269 rhs_cols=1 Vxx_nnz=2601
FILTERDDP_TIMING iteration=63 barrier_iteration=9 stage=1 derivative_s=0.000316900 first_order_s=0.000170800 second_order_s=0.000103600 algebra_s=0.000728300 kkt_assembly_s=0.000133200 factor_s=0.002327100 solve_s=0.001125700 update_s=0.000096900 K_nnz=5269 rhs_cols=1 Vxx_nnz=2601
FILTERDDP_FEASIBILITY iteration=63 barrier_iteration=9 equality_count=3372 equality_rms=1.922889222476e-07 equality_max=3.970013388359e-06 equality_worst_stage=5 equality_worst_index=509 dynamics_count=255 dynamics_rms=0.000000000000e+00 dynamics_max=0.000000000000e+00 dynamics_worst_stage=0 dynamics_worst_index=0 bound_count=4902 bound_rms=0.000000000000e+00 bound_max=0.000000000000e+00 bound_worst_stage=0 bound_worst_index=0 bound_worst_kind=none
    63   3.14311711e+03   3.9700e-06   1.0137e-09   2.1691e-11   -7.25      -     2.5000e-01   0
FILTERDDP_ITER_TIMING iteration=63 barrier_iteration=9 backward_s=0.107128700 forward_s=0.003256800 total_s=0.110385500 outcome=accepted step_size=2.500000000e-01 backtracks=0 mu=5.663422933e-08
FILTERDDP_TIMING iteration=64 barrier_iteration=9 stage=6 derivative_s=0.000294600 first_order_s=0.000127700 second_order_s=0.000124100 algebra_s=0.001002400 kkt_assembly_s=0.000187500 factor_s=0.003104700 solve_s=0.001294400 update_s=0.000121500 K_nnz=5269 rhs_cols=1 Vxx_nnz=2601
FILTERDDP_TIMING iteration=64 barrier_iteration=9 stage=5 derivative_s=0.000373400 first_order_s=0.000199100 second_order_s=0.000128900 algebra_s=0.000869000 kkt_assembly_s=0.000168000 factor_s=0.003083800 solve_s=0.001163700 update_s=0.000092900 K_nnz=5269 rhs_cols=1 Vxx_nnz=2601
FILTERDDP_TIMING iteration=64 barrier_iteration=9 stage=4 derivative_s=0.000430200 first_order_s=0.000227800 second_order_s=0.000142100 algebra_s=0.000813900 kkt_assembly_s=0.000200800 factor_s=0.002389400 solve_s=0.001216400 update_s=0.000093000 K_nnz=5269 rhs_cols=1 Vxx_nnz=2601
FILTERDDP_TIMING iteration=64 barrier_iteration=9 stage=3 derivative_s=0.000282000 first_order_s=0.000141700 second_order_s=0.000102900 algebra_s=0.000794800 kkt_assembly_s=0.000131100 factor_s=0.002272400 solve_s=0.001245900 update_s=0.000094700 K_nnz=5269 rhs_cols=1 Vxx_nnz=2601
FILTERDDP_TIMING iteration=64 barrier_iteration=9 stage=2 derivative_s=0.000281500 first_order_s=0.000140300 second_order_s=0.000104300 algebra_s=0.000701400 kkt_assembly_s=0.000130600 factor_s=0.002387900 solve_s=0.001178700 update_s=0.000095700 K_nnz=5269 rhs_cols=1 Vxx_nnz=2601
FILTERDDP_TIMING iteration=64 barrier_iteration=9 stage=1 derivative_s=0.363352400 first_order_s=0.000079200 second_order_s=0.363228300 algebra_s=0.000286500 kkt_assembly_s=0.000073100 factor_s=0.000936300 solve_s=0.000643600 update_s=0.000066000 K_nnz=5269 rhs_cols=1 Vxx_nnz=2601
FILTERDDP_FEASIBILITY iteration=64 barrier_iteration=9 equality_count=3372 equality_rms=1.451266844261e-07 equality_max=3.002150561565e-06 equality_worst_stage=5 equality_worst_index=509 dynamics_count=255 dynamics_rms=0.000000000000e+00 dynamics_max=0.000000000000e+00 dynamics_worst_stage=0 dynamics_worst_index=0 bound_count=4902 bound_rms=0.000000000000e+00 bound_max=0.000000000000e+00 bound_worst_stage=0 bound_worst_index=0 bound_worst_kind=none
    64   3.14311685e+03   3.0022e-06   8.5448e-10   2.1684e-11   -7.25      -     2.5000e-01   0
FILTERDDP_ITER_TIMING iteration=64 barrier_iteration=9 backward_s=0.392247000 forward_s=0.001389100 total_s=0.393636100 outcome=accepted step_size=2.500000000e-01 backtracks=0 mu=5.663422933e-08
FILTERDDP_TIMING iteration=65 barrier_iteration=9 stage=6 derivative_s=0.000172400 first_order_s=0.000080200 second_order_s=0.000067600 algebra_s=0.000396900 kkt_assembly_s=0.000078300 factor_s=0.001519000 solve_s=0.001145000 update_s=0.000099600 K_nnz=5269 rhs_cols=1 Vxx_nnz=2601
FILTERDDP_TIMING iteration=65 barrier_iteration=9 stage=5 derivative_s=0.000289300 first_order_s=0.000145200 second_order_s=0.000103600 algebra_s=0.000694100 kkt_assembly_s=0.000134500 factor_s=0.002263100 solve_s=0.001084100 update_s=0.000095100 K_nnz=5269 rhs_cols=1 Vxx_nnz=2601
FILTERDDP_TIMING iteration=65 barrier_iteration=9 stage=4 derivative_s=0.000281400 first_order_s=0.000139000 second_order_s=0.000102700 algebra_s=0.000939600 kkt_assembly_s=0.000246000 factor_s=0.002355700 solve_s=0.001263000 update_s=0.000094400 K_nnz=5269 rhs_cols=1 Vxx_nnz=2601
FILTERDDP_TIMING iteration=65 barrier_iteration=9 stage=3 derivative_s=0.000282500 first_order_s=0.000140600 second_order_s=0.000101700 algebra_s=0.000701000 kkt_assembly_s=0.000129300 factor_s=0.002269800 solve_s=0.001164700 update_s=0.000094800 K_nnz=5269 rhs_cols=1 Vxx_nnz=2601
FILTERDDP_TIMING iteration=65 barrier_iteration=9 stage=2 derivative_s=0.000279400 first_order_s=0.000135600 second_order_s=0.000104500 algebra_s=0.000697600 kkt_assembly_s=0.000127600 factor_s=0.002305200 solve_s=0.001054800 update_s=0.000093800 K_nnz=5269 rhs_cols=1 Vxx_nnz=2601
FILTERDDP_TIMING iteration=65 barrier_iteration=9 stage=1 derivative_s=0.000273000 first_order_s=0.000137700 second_order_s=0.000098400 algebra_s=0.000699500 kkt_assembly_s=0.000124400 factor_s=0.002267600 solve_s=0.001250700 update_s=0.000100100 K_nnz=5269 rhs_cols=1 Vxx_nnz=2601
FILTERDDP_FEASIBILITY iteration=65 barrier_iteration=9 equality_count=3372 equality_rms=1.093578635595e-07 equality_max=2.265398924482e-06 equality_worst_stage=5 equality_worst_index=509 dynamics_count=255 dynamics_rms=0.000000000000e+00 dynamics_max=0.000000000000e+00 dynamics_worst_stage=0 dynamics_worst_index=0 bound_count=4902 bound_rms=0.000000000000e+00 bound_max=0.000000000000e+00 bound_worst_stage=0 bound_worst_index=0 bound_worst_kind=none
    65   3.14311665e+03   2.2654e-06   7.1218e-10   2.1677e-11   -7.25      -     2.5000e-01   0
FILTERDDP_ITER_TIMING iteration=65 barrier_iteration=9 backward_s=0.027458200 forward_s=0.002455400 total_s=0.029913600 outcome=accepted step_size=2.500000000e-01 backtracks=0 mu=5.663422933e-08
FILTERDDP_TIMING iteration=66 barrier_iteration=9 stage=6 derivative_s=0.000359900 first_order_s=0.000161000 second_order_s=0.000149200 algebra_s=0.000929200 kkt_assembly_s=0.000141200 factor_s=0.002675900 solve_s=0.001360600 update_s=0.000142900 K_nnz=5269 rhs_cols=1 Vxx_nnz=2601
FILTERDDP_TIMING iteration=66 barrier_iteration=9 stage=5 derivative_s=0.000464000 first_order_s=0.000233000 second_order_s=0.000164600 algebra_s=0.001121800 kkt_assembly_s=0.000224700 factor_s=0.003642200 solve_s=0.001381500 update_s=0.000101800 K_nnz=5269 rhs_cols=1 Vxx_nnz=2601
FILTERDDP_TIMING iteration=66 barrier_iteration=9 stage=4 derivative_s=0.000307900 first_order_s=0.000159600 second_order_s=0.000106600 algebra_s=0.000717300 kkt_assembly_s=0.000129100 factor_s=0.002330900 solve_s=0.001199500 update_s=0.000093800 K_nnz=5269 rhs_cols=1 Vxx_nnz=2601
FILTERDDP_TIMING iteration=66 barrier_iteration=9 stage=3 derivative_s=0.000276400 first_order_s=0.000137600 second_order_s=0.000101100 algebra_s=0.000702800 kkt_assembly_s=0.000149800 factor_s=0.002649700 solve_s=0.001124200 update_s=0.000089800 K_nnz=5269 rhs_cols=1 Vxx_nnz=2601
FILTERDDP_TIMING iteration=66 barrier_iteration=9 stage=2 derivative_s=0.000275700 first_order_s=0.000139300 second_order_s=0.000100100 algebra_s=0.000693500 kkt_assembly_s=0.000123900 factor_s=0.002550800 solve_s=0.001092300 update_s=0.000091100 K_nnz=5269 rhs_cols=1 Vxx_nnz=2601
FILTERDDP_TIMING iteration=66 barrier_iteration=9 stage=1 derivative_s=0.000272300 first_order_s=0.000137100 second_order_s=0.000098400 algebra_s=0.000701100 kkt_assembly_s=0.000125500 factor_s=0.002274500 solve_s=0.001166200 update_s=0.000091900 K_nnz=5269 rhs_cols=1 Vxx_nnz=2601
FILTERDDP_FEASIBILITY iteration=66 barrier_iteration=9 equality_count=3372 equality_rms=8.230709464742e-08 equality_max=1.706659364624e-06 equality_worst_stage=5 equality_worst_index=509 dynamics_count=255 dynamics_rms=0.000000000000e+00 dynamics_max=0.000000000000e+00 dynamics_worst_stage=0 dynamics_worst_index=0 bound_count=4902 bound_rms=0.000000000000e+00 bound_max=0.000000000000e+00 bound_worst_stage=0 bound_worst_index=0 bound_worst_kind=none
    66   3.14311650e+03   1.7067e-06   5.8799e-10   2.1670e-11   -7.25      -     2.5000e-01   0
FILTERDDP_ITER_TIMING iteration=66 barrier_iteration=9 backward_s=0.032254500 forward_s=0.002791900 total_s=0.035046400 outcome=accepted step_size=2.500000000e-01 backtracks=0 mu=5.663422933e-08
FILTERDDP_TIMING iteration=67 barrier_iteration=9 stage=6 derivative_s=0.000289100 first_order_s=0.000128400 second_order_s=0.000123800 algebra_s=0.000822100 kkt_assembly_s=0.000144500 factor_s=0.002014500 solve_s=0.001267100 update_s=0.000091800 K_nnz=5269 rhs_cols=1 Vxx_nnz=2601
FILTERDDP_TIMING iteration=67 barrier_iteration=9 stage=5 derivative_s=0.000268300 first_order_s=0.000134800 second_order_s=0.000097300 algebra_s=0.000761700 kkt_assembly_s=0.000146600 factor_s=0.002424100 solve_s=0.001173500 update_s=0.000115800 K_nnz=5269 rhs_cols=1 Vxx_nnz=2601
FILTERDDP_TIMING iteration=67 barrier_iteration=9 stage=4 derivative_s=0.000270600 first_order_s=0.000135500 second_order_s=0.000099300 algebra_s=0.000736300 kkt_assembly_s=0.000125900 factor_s=0.002299200 solve_s=0.001122300 update_s=0.000091000 K_nnz=5269 rhs_cols=1 Vxx_nnz=2601
FILTERDDP_TIMING iteration=67 barrier_iteration=9 stage=3 derivative_s=0.000298000 first_order_s=0.000141000 second_order_s=0.000119200 algebra_s=0.000715300 kkt_assembly_s=0.000128500 factor_s=0.002404900 solve_s=0.001325600 update_s=0.000092000 K_nnz=5269 rhs_cols=1 Vxx_nnz=2601
FILTERDDP_TIMING iteration=67 barrier_iteration=9 stage=2 derivative_s=0.000266700 first_order_s=0.000133500 second_order_s=0.000097300 algebra_s=0.000730300 kkt_assembly_s=0.000124300 factor_s=0.002261900 solve_s=0.001141700 update_s=0.000085500 K_nnz=5269 rhs_cols=1 Vxx_nnz=2601
FILTERDDP_TIMING iteration=67 barrier_iteration=9 stage=1 derivative_s=0.000271900 first_order_s=0.000145700 second_order_s=0.000092400 algebra_s=0.000653800 kkt_assembly_s=0.000114300 factor_s=0.002175000 solve_s=0.001386700 update_s=0.000117500 K_nnz=5269 rhs_cols=1 Vxx_nnz=2601
FILTERDDP_FEASIBILITY iteration=67 barrier_iteration=9 equality_count=3372 equality_rms=6.189257350288e-08 equality_max=1.284131348444e-06 equality_worst_stage=5 equality_worst_index=509 dynamics_count=255 dynamics_rms=0.000000000000e+00 dynamics_max=0.000000000000e+00 dynamics_worst_stage=0 dynamics_worst_index=0 bound_count=4902 bound_rms=0.000000000000e+00 bound_max=0.000000000000e+00 bound_worst_stage=0 bound_worst_index=0 bound_worst_kind=none
    67   3.14311639e+03   1.2841e-06   4.8154e-10   2.1663e-11   -7.25      -     2.5000e-01   0
FILTERDDP_ITER_TIMING iteration=67 barrier_iteration=9 backward_s=0.028873900 forward_s=0.004021700 total_s=0.032895600 outcome=accepted step_size=2.500000000e-01 backtracks=0 mu=5.663422933e-08
FILTERDDP_TIMING iteration=68 barrier_iteration=9 stage=6 derivative_s=0.000375600 first_order_s=0.000168700 second_order_s=0.000162500 algebra_s=0.000861300 kkt_assembly_s=0.000156200 factor_s=0.001909300 solve_s=0.001205800 update_s=0.000091500 K_nnz=5269 rhs_cols=1 Vxx_nnz=2601
FILTERDDP_TIMING iteration=68 barrier_iteration=9 stage=5 derivative_s=0.000258100 first_order_s=0.000128700 second_order_s=0.000093000 algebra_s=0.000679900 kkt_assembly_s=0.000120600 factor_s=0.002165500 solve_s=0.001265900 update_s=0.000127700 K_nnz=5269 rhs_cols=1 Vxx_nnz=2601
FILTERDDP_TIMING iteration=68 barrier_iteration=9 stage=4 derivative_s=0.000301300 first_order_s=0.000153900 second_order_s=0.000111700 algebra_s=0.000670800 kkt_assembly_s=0.000120800 factor_s=0.002223400 solve_s=0.001167400 update_s=0.000093900 K_nnz=5269 rhs_cols=1 Vxx_nnz=2601
FILTERDDP_TIMING iteration=68 barrier_iteration=9 stage=3 derivative_s=0.000281400 first_order_s=0.000141400 second_order_s=0.000102100 algebra_s=0.000731700 kkt_assembly_s=0.000153600 factor_s=0.002384300 solve_s=0.001245200 update_s=0.000088100 K_nnz=5269 rhs_cols=1 Vxx_nnz=2601
FILTERDDP_TIMING iteration=68 barrier_iteration=9 stage=2 derivative_s=0.000698700 first_order_s=0.000471300 second_order_s=0.000170100 algebra_s=0.000705500 kkt_assembly_s=0.000155600 factor_s=0.002360400 solve_s=0.001128100 update_s=0.000089400 K_nnz=5269 rhs_cols=1 Vxx_nnz=2601
FILTERDDP_TIMING iteration=68 barrier_iteration=9 stage=1 derivative_s=0.000292200 first_order_s=0.000135500 second_order_s=0.000122900 algebra_s=0.000580100 kkt_assembly_s=0.000127100 factor_s=0.002357700 solve_s=0.001365600 update_s=0.000118000 K_nnz=5269 rhs_cols=1 Vxx_nnz=2601
FILTERDDP_FEASIBILITY iteration=68 barrier_iteration=9 equality_count=3372 equality_rms=4.651045485950e-08 equality_max=9.653123117983e-07 equality_worst_stage=5 equality_worst_index=509 dynamics_count=255 dynamics_rms=0.000000000000e+00 dynamics_max=0.000000000000e+00 dynamics_worst_stage=0 dynamics_worst_index=0 bound_count=4902 bound_rms=0.000000000000e+00 bound_max=0.000000000000e+00 bound_worst_stage=0 bound_worst_index=0 bound_worst_kind=none
FILTERDDP_ITER_TIMING iteration=68 barrier_iteration=9 backward_s=0.029101000 forward_s=0.000000000 total_s=0.029101000 outcome=near_optimal step_size=2.500000000e-01 backtracks=0 mu=5.663422933e-08
    68   3.14311631e+03   9.6531e-07   3.9163e-10   2.1657e-11   -7.25      -     2.5000e-01   0
FILTERDDP_NEAR_OPT iteration=68 elapsed_s=23.641 objective=3143.116309921633 reference=3143.115906497067 rel_gap=1.284e-07 primal_inf=9.653e-07 dual_inf=3.916e-10 mu=5.663e-08
    68   3.14311631e+03   9.6531e-07   3.9163e-10   2.1657e-11   -7.25      -     2.5000e-01   0


EXIT: Near-optimal: feasible and within the gap of the centralized reference.

solve complete: 25.884 s, iterations=68, status=9
final residuals: primal=9.653123117983e-07 dual=3.916286170367e-10 complementarity=2.165652754043e-11
saved_solution=C:\Users\Aryan Ritwajeet Jha\Documents\documents_general\MultiPeriodDistOPF\.claude\worktrees\new-session-a7b7a2\ddp\results\network_filterddp\filterddp_solution_ieee123C_1ph_T6_periodic_CBsystem.jls
FilterDDP objective=3143.116309921633 max_equality_residual=9.653e-07
Ipopt objective=2973.553340644326 objective_gap=1.696e+02
max_abs_diff[P_Subs]=3.804e-01
max_abs_diff[Q_Subs]=4.004e-02
max_abs_diff[P]=3.804e-01
max_abs_diff[Q]=4.004e-02
max_abs_diff[v]=1.972e-02
max_abs_diff[ell]=5.779e-01
max_abs_diff[P_B]=1.058e-02
max_abs_diff[B]=2.773e-02
max_abs_diff[q_D]=3.503e-03
wrote ddp/results/kkt_ordering/fullrun_blocked/trace_ieee123C_1ph_T6_diag_tableII_cbsys_typed_tree2_blocked_w16_r1.csv (69 unique iterations)
