QUIET_WAIT waited_s=18 other_cores=0.61 timed_out=0
PIPELINE_ENV system=ieee2522C_1ph T=6 arm=diag variant=blocked_w16 repeat=1 cb=system blocked_solve=16 direct_diag=1 triplet=1 kkt_pattern_cache=1 factor_backed=1 typed_equations=1 structured_dynamics=1 tree_kkt=1 blas_threads=10 julia_threads=8 near_opt_reference=9534.298086597722 near_opt_primal=1e-5 started=2026-10-01T03:23:21
C_B OVERRIDE: 0.0019
ieee2522C_1ph T=6: nx=249, nu=13355, nc=10336, dense nu^2=178356025, reduced=3019
TERMINAL_SOC soft=1 gamma=3.290000e+04
build complete: 2.896 s, nc=10336
constructing dynamic Solver storage...
optimality_tolerance=1.000e-07 max_iterations=400
Solver construction complete: 0.321 s
entering solve! ...
[31;1m   
 _____ _ _ _            ____  ____  ____  
|  ___(_) | |_ ___ _ __|  _ \|  _ \|  _ \ 
| |_  | | | __/ _ \ '__| | | | | | | |_) |
|  _| | | | ||  __/ |  | |_| | |_| |  __/ 
|_|   |_|_|\__\___|_|  |____/|____/|_|                 
    
[0mTREE_KKT layout: nodes=2522 feeders=1 nE=498 groups=1 max_own=10 max_iface=3
FILTERDDP_TIMING iteration=0 barrier_iteration=0 stage=6 derivative_s=0.251396000 first_order_s=0.061213800 second_order_s=0.093818800 algebra_s=1.384265000 kkt_assembly_s=1.368913700 factor_s=4.297688400 solve_s=1.306718600 update_s=0.374484200 K_nnz=96025 rhs_cols=1 Vxx_nnz=62001
FILTERDDP_TIMING iteration=0 barrier_iteration=0 stage=5 derivative_s=0.035794500 first_order_s=0.023214900 second_order_s=0.012460100 algebra_s=0.016002400 kkt_assembly_s=0.121790200 factor_s=0.029185500 solve_s=0.014003900 update_s=0.001874000 K_nnz=96025 rhs_cols=1 Vxx_nnz=62001
FILTERDDP_TIMING iteration=0 barrier_iteration=0 stage=4 derivative_s=0.006264800 first_order_s=0.002872600 second_order_s=0.003099000 algebra_s=0.022176800 kkt_assembly_s=0.023855100 factor_s=0.054076600 solve_s=0.013449900 update_s=0.001769800 K_nnz=96025 rhs_cols=1 Vxx_nnz=62001
FILTERDDP_TIMING iteration=0 barrier_iteration=0 stage=3 derivative_s=0.001474600 first_order_s=0.000808100 second_order_s=0.000547200 algebra_s=0.020282300 kkt_assembly_s=0.042936500 factor_s=0.035588500 solve_s=0.012226500 update_s=0.001782700 K_nnz=96025 rhs_cols=1 Vxx_nnz=62001
FILTERDDP_TIMING iteration=0 barrier_iteration=0 stage=2 derivative_s=0.003369700 first_order_s=0.001698200 second_order_s=0.001406500 algebra_s=0.026167700 kkt_assembly_s=0.026189200 factor_s=0.059580400 solve_s=0.012403100 update_s=0.001223100 K_nnz=96025 rhs_cols=1 Vxx_nnz=62001
FILTERDDP_TIMING iteration=0 barrier_iteration=0 stage=1 derivative_s=0.001798700 first_order_s=0.000902600 second_order_s=0.000755900 algebra_s=0.094223800 kkt_assembly_s=0.013905600 factor_s=0.021164700 solve_s=0.012646500 update_s=0.001484500 K_nnz=96025 rhs_cols=1 Vxx_nnz=62001
FILTERDDP_FEASIBILITY iteration=0 barrier_iteration=0 equality_count=62016 equality_rms=9.945813623256e-03 equality_max=1.000000000000e+00 equality_worst_stage=6 equality_worst_index=1 dynamics_count=1245 dynamics_rms=0.000000000000e+00 dynamics_max=0.000000000000e+00 dynamics_worst_stage=0 dynamics_worst_index=0 bound_count=69486 bound_rms=0.000000000000e+00 bound_max=0.000000000000e+00 bound_worst_stage=0 bound_worst_index=0 bound_worst_kind=none
  iter     objective        pr_inf       du_inf       cs_inf     lg(μ)   lg(reg)    alpha     ls
     0   3.36000000e+03   1.0000e+00   7.6685e+02   1.0000e+00    0.00      -     0.0000e+00   0
FILTERDDP_ITER_TIMING iteration=0 barrier_iteration=0 backward_s=18.722204300 forward_s=0.978747700 total_s=19.700952000 outcome=accepted step_size=6.250000000e-02 backtracks=0 mu=1.000000000e+00
FILTERDDP_TIMING iteration=1 barrier_iteration=0 stage=6 derivative_s=0.002852200 first_order_s=0.001379800 second_order_s=0.001354900 algebra_s=0.011690900 kkt_assembly_s=0.024361200 factor_s=0.024242600 solve_s=0.013283500 update_s=0.002630100 K_nnz=96025 rhs_cols=1 Vxx_nnz=62001
FILTERDDP_TIMING iteration=1 barrier_iteration=0 stage=5 derivative_s=0.005933100 first_order_s=0.002428400 second_order_s=0.003224400 algebra_s=0.030811200 kkt_assembly_s=0.000965900 factor_s=0.024984900 solve_s=0.012298500 update_s=0.001636900 K_nnz=96025 rhs_cols=1 Vxx_nnz=62001
FILTERDDP_TIMING iteration=1 barrier_iteration=0 stage=4 derivative_s=0.003462300 first_order_s=0.001798500 second_order_s=0.001399800 algebra_s=0.010517500 kkt_assembly_s=0.000803900 factor_s=0.032823500 solve_s=0.011535300 update_s=0.001942300 K_nnz=96025 rhs_cols=1 Vxx_nnz=62001
FILTERDDP_TIMING iteration=1 barrier_iteration=0 stage=3 derivative_s=0.003397500 first_order_s=0.001657100 second_order_s=0.001430500 algebra_s=0.010511300 kkt_assembly_s=0.000832400 factor_s=0.057365800 solve_s=0.011939400 update_s=0.001544200 K_nnz=96025 rhs_cols=1 Vxx_nnz=62001
FILTERDDP_TIMING iteration=1 barrier_iteration=0 stage=2 derivative_s=0.003402200 first_order_s=0.001689100 second_order_s=0.001447400 algebra_s=0.009912700 kkt_assembly_s=0.001794400 factor_s=0.112157700 solve_s=0.013125200 update_s=0.001667000 K_nnz=96025 rhs_cols=1 Vxx_nnz=62001
FILTERDDP_TIMING iteration=1 barrier_iteration=0 stage=1 derivative_s=0.003279500 first_order_s=0.001700900 second_order_s=0.001314100 algebra_s=0.011422500 kkt_assembly_s=0.000911900 factor_s=0.024790700 solve_s=0.014007600 update_s=0.002281400 K_nnz=96025 rhs_cols=1 Vxx_nnz=62001
FILTERDDP_FEASIBILITY iteration=1 barrier_iteration=0 equality_count=62016 equality_rms=1.973162080417e-02 equality_max=9.375000000000e-01 equality_worst_stage=5 equality_worst_index=1 dynamics_count=1245 dynamics_rms=0.000000000000e+00 dynamics_max=0.000000000000e+00 dynamics_worst_stage=0 dynamics_worst_index=0 bound_count=69486 bound_rms=0.000000000000e+00 bound_max=0.000000000000e+00 bound_worst_stage=0 bound_worst_index=0 bound_worst_kind=none
     1   4.49647452e+03   9.3750e-01   7.1892e+02   9.9991e-01    0.00      -     6.2500e-02   0
FILTERDDP_ITER_TIMING iteration=1 barrier_iteration=0 backward_s=0.502217600 forward_s=0.145197500 total_s=0.647415100 outcome=accepted step_size=1.562500000e-02 backtracks=0 mu=1.000000000e+00
FILTERDDP_TIMING iteration=2 barrier_iteration=0 stage=6 derivative_s=0.003437500 first_order_s=0.001581000 second_order_s=0.001591300 algebra_s=0.006140300 kkt_assembly_s=0.000837400 factor_s=0.023898300 solve_s=0.012477600 update_s=0.001614900 K_nnz=96025 rhs_cols=1 Vxx_nnz=62001
FILTERDDP_TIMING iteration=2 barrier_iteration=0 stage=5 derivative_s=0.003591400 first_order_s=0.001890800 second_order_s=0.001429900 algebra_s=0.010604100 kkt_assembly_s=0.001370800 factor_s=0.046243900 solve_s=0.012436700 update_s=0.001631500 K_nnz=96025 rhs_cols=1 Vxx_nnz=62001
FILTERDDP_TIMING iteration=2 barrier_iteration=0 stage=4 derivative_s=0.003217000 first_order_s=0.001650100 second_order_s=0.001302600 algebra_s=0.013098800 kkt_assembly_s=0.001265700 factor_s=0.029257700 solve_s=0.012271900 update_s=0.001642500 K_nnz=96025 rhs_cols=1 Vxx_nnz=62001
FILTERDDP_TIMING iteration=2 barrier_iteration=0 stage=3 derivative_s=0.003459400 first_order_s=0.001979200 second_order_s=0.001212900 algebra_s=0.009506000 kkt_assembly_s=0.001662600 factor_s=0.063506800 solve_s=0.013088600 update_s=0.001713800 K_nnz=96025 rhs_cols=1 Vxx_nnz=62001
FILTERDDP_TIMING iteration=2 barrier_iteration=0 stage=2 derivative_s=0.003344400 first_order_s=0.001751400 second_order_s=0.001327300 algebra_s=0.009515400 kkt_assembly_s=0.000621700 factor_s=0.115609800 solve_s=0.012576600 update_s=0.001589100 K_nnz=96025 rhs_cols=1 Vxx_nnz=62001
FILTERDDP_TIMING iteration=2 barrier_iteration=0 stage=1 derivative_s=0.003653000 first_order_s=0.002024900 second_order_s=0.001363800 algebra_s=0.008994600 kkt_assembly_s=0.000825200 factor_s=0.021133900 solve_s=0.012532600 update_s=0.001344600 K_nnz=96025 rhs_cols=1 Vxx_nnz=62001
FILTERDDP_FEASIBILITY iteration=2 barrier_iteration=0 equality_count=62016 equality_rms=1.970890485335e-02 equality_max=9.228515625000e-01 equality_worst_stage=5 equality_worst_index=1 dynamics_count=1245 dynamics_rms=0.000000000000e+00 dynamics_max=0.000000000000e+00 dynamics_worst_stage=0 dynamics_worst_index=0 bound_count=69486 bound_rms=0.000000000000e+00 bound_max=0.000000000000e+00 bound_worst_stage=0 bound_worst_index=0 bound_worst_kind=none
     2   4.74989784e+03   9.2285e-01   7.0769e+02   9.9986e-01    0.00      -     1.5625e-02   0
FILTERDDP_ITER_TIMING iteration=2 barrier_iteration=0 backward_s=0.470679900 forward_s=0.090735600 total_s=0.561415500 outcome=accepted step_size=1.562500000e-02 backtracks=0 mu=1.000000000e+00
FILTERDDP_TIMING iteration=3 barrier_iteration=0 stage=6 derivative_s=0.007527500 first_order_s=0.002689300 second_order_s=0.004561700 algebra_s=0.033958800 kkt_assembly_s=0.000929100 factor_s=0.023713100 solve_s=0.012017800 update_s=0.001828100 K_nnz=96025 rhs_cols=1 Vxx_nnz=62001
FILTERDDP_TIMING iteration=3 barrier_iteration=0 stage=5 derivative_s=0.003393500 first_order_s=0.001622200 second_order_s=0.001465900 algebra_s=0.009678900 kkt_assembly_s=0.001426600 factor_s=0.054078700 solve_s=0.015089900 update_s=0.001443600 K_nnz=96025 rhs_cols=1 Vxx_nnz=62001
FILTERDDP_TIMING iteration=3 barrier_iteration=0 stage=4 derivative_s=0.012293100 first_order_s=0.011376600 second_order_s=0.000797900 algebra_s=0.007623600 kkt_assembly_s=0.001499000 factor_s=0.037628100 solve_s=0.012406800 update_s=0.001910100 K_nnz=96025 rhs_cols=1 Vxx_nnz=62001
FILTERDDP_TIMING iteration=3 barrier_iteration=0 stage=3 derivative_s=0.003355400 first_order_s=0.001767700 second_order_s=0.001321500 algebra_s=0.011898100 kkt_assembly_s=0.001397400 factor_s=0.046589600 solve_s=0.012810300 update_s=0.001798900 K_nnz=96025 rhs_cols=1 Vxx_nnz=62001
FILTERDDP_TIMING iteration=3 barrier_iteration=0 stage=2 derivative_s=0.003726700 first_order_s=0.002082600 second_order_s=0.001301400 algebra_s=0.013404900 kkt_assembly_s=0.001417500 factor_s=0.058352600 solve_s=0.011933700 update_s=0.001650000 K_nnz=96025 rhs_cols=1 Vxx_nnz=62001
FILTERDDP_TIMING iteration=3 barrier_iteration=0 stage=1 derivative_s=0.003279000 first_order_s=0.001688100 second_order_s=0.001319200 algebra_s=0.009793600 kkt_assembly_s=0.001272000 factor_s=0.143985100 solve_s=0.012598100 update_s=0.001690100 K_nnz=96025 rhs_cols=1 Vxx_nnz=62001
FILTERDDP_FEASIBILITY iteration=3 barrier_iteration=0 equality_count=62016 equality_rms=1.972659433051e-02 equality_max=9.084320068359e-01 equality_worst_stage=5 equality_worst_index=1 dynamics_count=1245 dynamics_rms=0.000000000000e+00 dynamics_max=0.000000000000e+00 dynamics_worst_stage=0 dynamics_worst_index=0 bound_count=69486 bound_rms=0.000000000000e+00 bound_max=0.000000000000e+00 bound_worst_stage=0 bound_worst_index=0 bound_worst_kind=none
     3   4.97795843e+03   9.0843e-01   6.9663e+02   9.9984e-01    0.00      -     1.5625e-02   0
FILTERDDP_ITER_TIMING iteration=3 barrier_iteration=0 backward_s=0.580617200 forward_s=0.066177600 total_s=0.646794800 outcome=accepted step_size=3.125000000e-02 backtracks=0 mu=1.000000000e+00
FILTERDDP_TIMING iteration=4 barrier_iteration=0 stage=6 derivative_s=0.003699500 first_order_s=0.001691500 second_order_s=0.001751600 algebra_s=0.018936200 kkt_assembly_s=0.002236900 factor_s=0.039488500 solve_s=0.013841900 update_s=0.001583400 K_nnz=96025 rhs_cols=1 Vxx_nnz=62001
FILTERDDP_TIMING iteration=4 barrier_iteration=0 stage=5 derivative_s=0.006512200 first_order_s=0.002873300 second_order_s=0.003215100 algebra_s=0.010470500 kkt_assembly_s=0.001037100 factor_s=0.033379200 solve_s=0.011736700 update_s=0.001789100 K_nnz=96025 rhs_cols=1 Vxx_nnz=62001
FILTERDDP_TIMING iteration=4 barrier_iteration=0 stage=4 derivative_s=0.003323100 first_order_s=0.001636100 second_order_s=0.001423100 algebra_s=0.009744000 kkt_assembly_s=0.000803800 factor_s=0.021152400 solve_s=0.011941100 update_s=0.001737700 K_nnz=96025 rhs_cols=1 Vxx_nnz=62001
FILTERDDP_TIMING iteration=4 barrier_iteration=0 stage=3 derivative_s=0.003734300 first_order_s=0.002165600 second_order_s=0.001298700 algebra_s=0.009110000 kkt_assembly_s=0.000864800 factor_s=0.030527500 solve_s=0.011960400 update_s=0.001626700 K_nnz=96025 rhs_cols=1 Vxx_nnz=62001
FILTERDDP_TIMING iteration=4 barrier_iteration=0 stage=2 derivative_s=0.003286600 first_order_s=0.001676500 second_order_s=0.001345500 algebra_s=0.009524400 kkt_assembly_s=0.000648200 factor_s=0.020711000 solve_s=0.012108300 update_s=0.001816600 K_nnz=96025 rhs_cols=1 Vxx_nnz=62001
FILTERDDP_TIMING iteration=4 barrier_iteration=0 stage=1 derivative_s=0.004046000 first_order_s=0.001734400 second_order_s=0.002037900 algebra_s=0.042632700 kkt_assembly_s=0.000559800 factor_s=0.020872000 solve_s=0.012450400 update_s=0.001621500 K_nnz=96025 rhs_cols=1 Vxx_nnz=62001
FILTERDDP_FEASIBILITY iteration=4 barrier_iteration=0 equality_count=62016 equality_rms=2.055341855707e-02 equality_max=8.800435066223e-01 equality_worst_stage=5 equality_worst_index=1 dynamics_count=1245 dynamics_rms=0.000000000000e+00 dynamics_max=0.000000000000e+00 dynamics_worst_stage=0 dynamics_worst_index=0 bound_count=69486 bound_rms=0.000000000000e+00 bound_max=0.000000000000e+00 bound_worst_stage=0 bound_worst_index=0 bound_worst_kind=none
     4   5.41393112e+03   8.8004e-01   6.7486e+02   9.9977e-01    0.00      -     3.1250e-02   0
FILTERDDP_ITER_TIMING iteration=4 barrier_iteration=0 backward_s=0.382494600 forward_s=0.185794900 total_s=0.568289500 outcome=accepted step_size=6.250000000e-02 backtracks=0 mu=1.000000000e+00
FILTERDDP_TIMING iteration=5 barrier_iteration=0 stage=6 derivative_s=0.001919000 first_order_s=0.000857400 second_order_s=0.000922800 algebra_s=0.009153200 kkt_assembly_s=0.000723600 factor_s=0.024180300 solve_s=0.012446500 update_s=0.001884500 K_nnz=96025 rhs_cols=1 Vxx_nnz=62001
FILTERDDP_TIMING iteration=5 barrier_iteration=0 stage=5 derivative_s=0.003376600 first_order_s=0.001811300 second_order_s=0.001297800 algebra_s=0.010922400 kkt_assembly_s=0.000748400 factor_s=0.020763400 solve_s=0.014064500 update_s=0.002696500 K_nnz=96025 rhs_cols=1 Vxx_nnz=62001
FILTERDDP_TIMING iteration=5 barrier_iteration=0 stage=4 derivative_s=0.006868300 first_order_s=0.002669600 second_order_s=0.003639700 algebra_s=0.019083200 kkt_assembly_s=0.001885300 factor_s=0.024247000 solve_s=0.012205200 update_s=0.001536500 K_nnz=96025 rhs_cols=1 Vxx_nnz=62001
FILTERDDP_TIMING iteration=5 barrier_iteration=0 stage=3 derivative_s=0.003461600 first_order_s=0.001849800 second_order_s=0.001345200 algebra_s=0.009009500 kkt_assembly_s=0.000881000 factor_s=0.020860600 solve_s=0.013017600 update_s=0.001691700 K_nnz=96025 rhs_cols=1 Vxx_nnz=62001
FILTERDDP_TIMING iteration=5 barrier_iteration=0 stage=2 derivative_s=0.003201100 first_order_s=0.001640800 second_order_s=0.001290200 algebra_s=0.021296100 kkt_assembly_s=0.001320400 factor_s=0.022530300 solve_s=0.012009900 update_s=0.001681700 K_nnz=96025 rhs_cols=1 Vxx_nnz=62001
FILTERDDP_TIMING iteration=5 barrier_iteration=0 stage=1 derivative_s=0.003501000 first_order_s=0.001757700 second_order_s=0.001403400 algebra_s=0.007496900 kkt_assembly_s=0.000719800 factor_s=0.059036900 solve_s=0.012963600 update_s=0.001774600 K_nnz=96025 rhs_cols=1 Vxx_nnz=62001
FILTERDDP_FEASIBILITY iteration=5 barrier_iteration=0 equality_count=62016 equality_rms=2.514436005990e-02 equality_max=8.250407874584e-01 equality_worst_stage=5 equality_worst_index=1 dynamics_count=1245 dynamics_rms=0.000000000000e+00 dynamics_max=0.000000000000e+00 dynamics_worst_stage=0 dynamics_worst_index=0 bound_count=69486 bound_rms=0.000000000000e+00 bound_max=0.000000000000e+00 bound_worst_stage=0 bound_worst_index=0 bound_worst_kind=none
     5   6.21080196e+03   8.2504e-01   6.3268e+02   9.9953e-01    0.00      -     6.2500e-02   0
FILTERDDP_ITER_TIMING iteration=5 barrier_iteration=0 backward_s=0.366046600 forward_s=0.059795600 total_s=0.425842200 outcome=accepted step_size=1.250000000e-01 backtracks=0 mu=1.000000000e+00
FILTERDDP_TIMING iteration=6 barrier_iteration=0 stage=6 derivative_s=0.003578600 first_order_s=0.001634300 second_order_s=0.001687600 algebra_s=0.012965900 kkt_assembly_s=0.002019400 factor_s=0.131699900 solve_s=0.012742500 update_s=0.001620100 K_nnz=96025 rhs_cols=1 Vxx_nnz=62001
FILTERDDP_TIMING iteration=6 barrier_iteration=0 stage=5 derivative_s=0.003754500 first_order_s=0.002151600 second_order_s=0.001336800 algebra_s=0.009211400 kkt_assembly_s=0.001129300 factor_s=0.033531800 solve_s=0.014446800 update_s=0.001613300 K_nnz=96025 rhs_cols=1 Vxx_nnz=62001
FILTERDDP_TIMING iteration=6 barrier_iteration=0 stage=4 derivative_s=0.003621100 first_order_s=0.001951400 second_order_s=0.001402500 algebra_s=0.012106500 kkt_assembly_s=0.000832400 factor_s=0.021415300 solve_s=0.014314400 update_s=0.002208600 K_nnz=96025 rhs_cols=1 Vxx_nnz=62001
FILTERDDP_TIMING iteration=6 barrier_iteration=0 stage=3 derivative_s=0.005498200 first_order_s=0.002533900 second_order_s=0.002682600 algebra_s=0.010408500 kkt_assembly_s=0.000848400 factor_s=0.036293500 solve_s=0.015618200 update_s=0.001646300 K_nnz=96025 rhs_cols=1 Vxx_nnz=62001
FILTERDDP_TIMING iteration=6 barrier_iteration=0 stage=2 derivative_s=0.003389800 first_order_s=0.001738900 second_order_s=0.001312000 algebra_s=0.009100800 kkt_assembly_s=0.000866500 factor_s=0.022391700 solve_s=0.012301100 update_s=0.001591500 K_nnz=96025 rhs_cols=1 Vxx_nnz=62001
FILTERDDP_TIMING iteration=6 barrier_iteration=0 stage=1 derivative_s=0.003659200 first_order_s=0.001808000 second_order_s=0.001437000 algebra_s=0.009376900 kkt_assembly_s=0.000687100 factor_s=0.021258100 solve_s=0.012837300 update_s=0.014598900 K_nnz=96025 rhs_cols=1 Vxx_nnz=62001
FILTERDDP_FEASIBILITY iteration=6 barrier_iteration=0 equality_count=62016 equality_rms=4.135319046835e-02 equality_max=7.219106890261e-01 equality_worst_stage=2 equality_worst_index=1 dynamics_count=1245 dynamics_rms=0.000000000000e+00 dynamics_max=0.000000000000e+00 dynamics_worst_stage=0 dynamics_worst_index=0 bound_count=69486 bound_rms=0.000000000000e+00 bound_max=0.000000000000e+00 bound_worst_stage=0 bound_worst_index=0 bound_worst_kind=none
     6   7.56676559e+03   7.2191e-01   4.2428e+02   9.9846e-01    0.00      -     1.2500e-01   0
FILTERDDP_ITER_TIMING iteration=6 barrier_iteration=0 backward_s=0.466201800 forward_s=0.075607300 total_s=0.541809100 outcome=accepted step_size=1.250000000e-01 backtracks=0 mu=1.000000000e+00
FILTERDDP_TIMING iteration=7 barrier_iteration=0 stage=6 derivative_s=0.003654600 first_order_s=0.001629800 second_order_s=0.001769400 algebra_s=0.010779600 kkt_assembly_s=0.001547200 factor_s=0.043322700 solve_s=0.013750400 update_s=0.002581100 K_nnz=96025 rhs_cols=1 Vxx_nnz=62001
FILTERDDP_TIMING iteration=7 barrier_iteration=0 stage=5 derivative_s=0.046994800 first_order_s=0.000929600 second_order_s=0.045957300 algebra_s=0.006702800 kkt_assembly_s=0.001267600 factor_s=0.021024500 solve_s=0.012600000 update_s=0.001596400 K_nnz=96025 rhs_cols=1 Vxx_nnz=62001
FILTERDDP_TIMING iteration=7 barrier_iteration=0 stage=4 derivative_s=0.003163100 first_order_s=0.001627100 second_order_s=0.001270300 algebra_s=0.009673900 kkt_assembly_s=0.000555000 factor_s=0.116287400 solve_s=0.011813100 update_s=0.001529100 K_nnz=96025 rhs_cols=1 Vxx_nnz=62001
FILTERDDP_TIMING iteration=7 barrier_iteration=0 stage=3 derivative_s=0.003074000 first_order_s=0.001535200 second_order_s=0.001273800 algebra_s=0.011255900 kkt_assembly_s=0.000865400 factor_s=0.020653800 solve_s=0.011327400 update_s=0.001534000 K_nnz=96025 rhs_cols=1 Vxx_nnz=62001
FILTERDDP_TIMING iteration=7 barrier_iteration=0 stage=2 derivative_s=0.003196500 first_order_s=0.001645000 second_order_s=0.001284100 algebra_s=0.009827100 kkt_assembly_s=0.000574500 factor_s=0.021236700 solve_s=0.013573900 update_s=0.002539200 K_nnz=96025 rhs_cols=1 Vxx_nnz=62001
FILTERDDP_TIMING iteration=7 barrier_iteration=0 stage=1 derivative_s=0.005819100 first_order_s=0.002467200 second_order_s=0.003072700 algebra_s=0.012500100 kkt_assembly_s=0.002324100 factor_s=0.048211700 solve_s=0.012379300 update_s=0.001770400 K_nnz=96025 rhs_cols=1 Vxx_nnz=62001
FILTERDDP_FEASIBILITY iteration=7 barrier_iteration=0 equality_count=62016 equality_rms=4.646914291040e-02 equality_max=7.736789987181e-01 equality_worst_stage=5 equality_worst_index=7568 dynamics_count=1245 dynamics_rms=0.000000000000e+00 dynamics_max=0.000000000000e+00 dynamics_worst_stage=0 dynamics_worst_index=0 bound_count=69486 bound_rms=0.000000000000e+00 bound_max=0.000000000000e+00 bound_worst_stage=0 bound_worst_index=0 bound_worst_kind=none
     7   8.53709009e+03   7.7368e-01   2.4710e+02   9.9712e-01    0.00      -     1.2500e-01   0
FILTERDDP_ITER_TIMING iteration=7 barrier_iteration=0 backward_s=0.492412900 forward_s=0.111193100 total_s=0.603606000 outcome=accepted step_size=1.250000000e-01 backtracks=1 mu=1.000000000e+00
FILTERDDP_TIMING iteration=8 barrier_iteration=0 stage=6 derivative_s=0.003744600 first_order_s=0.001669000 second_order_s=0.001802700 algebra_s=0.013101400 kkt_assembly_s=0.001315000 factor_s=0.038847700 solve_s=0.014664400 update_s=0.003020100 K_nnz=96025 rhs_cols=1 Vxx_nnz=62001
FILTERDDP_TIMING iteration=8 barrier_iteration=0 stage=5 derivative_s=0.014904200 first_order_s=0.000959700 second_order_s=0.013835000 algebra_s=0.007754900 kkt_assembly_s=0.001388800 factor_s=0.021821000 solve_s=0.012120400 update_s=0.001566300 K_nnz=96025 rhs_cols=1 Vxx_nnz=62001
FILTERDDP_TIMING iteration=8 barrier_iteration=0 stage=4 derivative_s=0.003666900 first_order_s=0.001941800 second_order_s=0.001457600 algebra_s=0.009147100 kkt_assembly_s=0.000922300 factor_s=0.020737200 solve_s=0.050993500 update_s=0.001622800 K_nnz=96025 rhs_cols=1 Vxx_nnz=62001
FILTERDDP_TIMING iteration=8 barrier_iteration=0 stage=3 derivative_s=0.003472000 first_order_s=0.001735600 second_order_s=0.001362400 algebra_s=0.010791200 kkt_assembly_s=0.000915400 factor_s=0.024028100 solve_s=0.012016100 update_s=0.001608200 K_nnz=96025 rhs_cols=1 Vxx_nnz=62001
FILTERDDP_TIMING iteration=8 barrier_iteration=0 stage=2 derivative_s=0.003531000 first_order_s=0.001807800 second_order_s=0.001318200 algebra_s=0.009338400 kkt_assembly_s=0.001015500 factor_s=0.117991200 solve_s=0.012193600 update_s=0.001630500 K_nnz=96025 rhs_cols=1 Vxx_nnz=62001
FILTERDDP_TIMING iteration=8 barrier_iteration=0 stage=1 derivative_s=0.003263800 first_order_s=0.001634900 second_order_s=0.001362000 algebra_s=0.009488900 kkt_assembly_s=0.000954600 factor_s=0.020461000 solve_s=0.012201000 update_s=0.001580000 K_nnz=96025 rhs_cols=1 Vxx_nnz=62001
FILTERDDP_FEASIBILITY iteration=8 barrier_iteration=0 equality_count=62016 equality_rms=4.579750937034e-02 equality_max=7.561293013770e-01 equality_worst_stage=5 equality_worst_index=7568 dynamics_count=1245 dynamics_rms=0.000000000000e+00 dynamics_max=0.000000000000e+00 dynamics_worst_stage=0 dynamics_worst_index=0 bound_count=69486 bound_rms=0.000000000000e+00 bound_max=0.000000000000e+00 bound_worst_stage=0 bound_worst_index=0 bound_worst_kind=none
     8   9.21661104e+03   7.5613e-01   1.5428e+02   9.9580e-01    0.00      -     1.2500e-01   1
FILTERDDP_ITER_TIMING iteration=8 barrier_iteration=0 backward_s=0.468775300 forward_s=0.056816400 total_s=0.525591700 outcome=accepted step_size=2.500000000e-01 backtracks=0 mu=1.000000000e+00
FILTERDDP_TIMING iteration=9 barrier_iteration=0 stage=6 derivative_s=0.004904300 first_order_s=0.002216700 second_order_s=0.002260700 algebra_s=0.018448100 kkt_assembly_s=0.002238500 factor_s=0.042549300 solve_s=0.013836800 update_s=0.002903700 K_nnz=96025 rhs_cols=1 Vxx_nnz=62001
FILTERDDP_TIMING iteration=9 barrier_iteration=0 stage=5 derivative_s=0.006260700 first_order_s=0.002939500 second_order_s=0.003051900 algebra_s=0.027944100 kkt_assembly_s=0.001193800 factor_s=0.026837700 solve_s=0.012355300 update_s=0.001589700 K_nnz=96025 rhs_cols=1 Vxx_nnz=62001
FILTERDDP_TIMING iteration=9 barrier_iteration=0 stage=4 derivative_s=0.003200700 first_order_s=0.001623400 second_order_s=0.001308100 algebra_s=0.009515300 kkt_assembly_s=0.001007900 factor_s=0.020979500 solve_s=0.011766500 update_s=0.001651600 K_nnz=96025 rhs_cols=1 Vxx_nnz=62001
FILTERDDP_TIMING iteration=9 barrier_iteration=0 stage=3 derivative_s=0.003645400 first_order_s=0.001760800 second_order_s=0.001548100 algebra_s=0.009504400 kkt_assembly_s=0.000871100 factor_s=0.027722100 solve_s=0.024910900 update_s=0.001587700 K_nnz=96025 rhs_cols=1 Vxx_nnz=62001
FILTERDDP_TIMING iteration=9 barrier_iteration=0 stage=2 derivative_s=0.003427400 first_order_s=0.001766200 second_order_s=0.001395500 algebra_s=0.009469500 kkt_assembly_s=0.000988900 factor_s=0.020724300 solve_s=0.012619000 update_s=0.001570200 K_nnz=96025 rhs_cols=1 Vxx_nnz=62001
FILTERDDP_TIMING iteration=9 barrier_iteration=0 stage=1 derivative_s=0.003347700 first_order_s=0.001598600 second_order_s=0.001420100 algebra_s=0.010714600 kkt_assembly_s=0.001190000 factor_s=0.021190800 solve_s=0.051331400 update_s=0.001846700 K_nnz=96025 rhs_cols=1 Vxx_nnz=62001
FILTERDDP_FEASIBILITY iteration=9 barrier_iteration=0 equality_count=62016 equality_rms=4.562637655481e-02 equality_max=7.381867021694e-01 equality_worst_stage=5 equality_worst_index=7568 dynamics_count=1245 dynamics_rms=0.000000000000e+00 dynamics_max=0.000000000000e+00 dynamics_worst_stage=0 dynamics_worst_index=0 bound_count=69486 bound_rms=0.000000000000e+00 bound_max=0.000000000000e+00 bound_worst_stage=0 bound_worst_index=0 bound_worst_kind=none
     9   1.02018481e+04   7.3819e-01   7.0240e+01   9.9014e-01    0.00      -     2.5000e-01   0
FILTERDDP_ITER_TIMING iteration=9 barrier_iteration=0 backward_s=0.416867000 forward_s=0.054067900 total_s=0.470934900 outcome=accepted step_size=5.000000000e-01 backtracks=0 mu=1.000000000e+00
FILTERDDP_TIMING iteration=10 barrier_iteration=0 stage=6 derivative_s=0.003826500 first_order_s=0.001714200 second_order_s=0.001839700 algebra_s=0.009263500 kkt_assembly_s=0.001360700 factor_s=0.035799600 solve_s=0.013278500 update_s=0.002522200 K_nnz=96025 rhs_cols=1 Vxx_nnz=62001
FILTERDDP_TIMING iteration=10 barrier_iteration=0 stage=5 derivative_s=0.006729000 first_order_s=0.003484700 second_order_s=0.003089300 algebra_s=0.102464500 kkt_assembly_s=0.000793200 factor_s=0.021042100 solve_s=0.011732200 update_s=0.001528500 K_nnz=96025 rhs_cols=1 Vxx_nnz=62001
FILTERDDP_TIMING iteration=10 barrier_iteration=0 stage=4 derivative_s=0.003266500 first_order_s=0.001675200 second_order_s=0.001327400 algebra_s=0.009867000 kkt_assembly_s=0.000688000 factor_s=0.022663600 solve_s=0.024243500 update_s=0.001621700 K_nnz=96025 rhs_cols=1 Vxx_nnz=62001
FILTERDDP_TIMING iteration=10 barrier_iteration=0 stage=3 derivative_s=0.003715300 first_order_s=0.002099000 second_order_s=0.001348900 algebra_s=0.009064600 kkt_assembly_s=0.001020600 factor_s=0.029629000 solve_s=0.013334500 update_s=0.002483000 K_nnz=96025 rhs_cols=1 Vxx_nnz=62001
FILTERDDP_TIMING iteration=10 barrier_iteration=0 stage=2 derivative_s=0.005618600 first_order_s=0.002617300 second_order_s=0.002721800 algebra_s=0.010588600 kkt_assembly_s=0.000809800 factor_s=0.040647600 solve_s=0.012202900 update_s=0.001772200 K_nnz=96025 rhs_cols=1 Vxx_nnz=62001
FILTERDDP_TIMING iteration=10 barrier_iteration=0 stage=1 derivative_s=0.003343100 first_order_s=0.001708500 second_order_s=0.001372000 algebra_s=0.010249700 kkt_assembly_s=0.001303200 factor_s=0.021890000 solve_s=0.012508600 update_s=0.001725900 K_nnz=96025 rhs_cols=1 Vxx_nnz=62001
FILTERDDP_FEASIBILITY iteration=10 barrier_iteration=0 equality_count=62016 equality_rms=3.871517564813e-02 equality_max=6.023853703391e-01 equality_worst_stage=5 equality_worst_index=7576 dynamics_count=1245 dynamics_rms=0.000000000000e+00 dynamics_max=0.000000000000e+00 dynamics_worst_stage=0 dynamics_worst_index=0 bound_count=69486 bound_rms=0.000000000000e+00 bound_max=0.000000000000e+00 bound_worst_stage=0 bound_worst_index=0 bound_worst_kind=none
  iter     objective        pr_inf       du_inf       cs_inf     lg(μ)   lg(reg)    alpha     ls
    10   1.13037063e+04   6.0239e-01   1.8504e+01   9.8393e-01    0.00      -     5.0000e-01   0
FILTERDDP_ITER_TIMING iteration=10 barrier_iteration=0 backward_s=0.455545500 forward_s=0.048094200 total_s=0.503639700 outcome=accepted step_size=5.000000000e-01 backtracks=0 mu=1.000000000e+00
FILTERDDP_TIMING iteration=11 barrier_iteration=0 stage=6 derivative_s=0.003632400 first_order_s=0.001594600 second_order_s=0.001760100 algebra_s=0.010662400 kkt_assembly_s=0.001030900 factor_s=0.041683500 solve_s=0.012380600 update_s=0.001812900 K_nnz=96025 rhs_cols=1 Vxx_nnz=62001
FILTERDDP_TIMING iteration=11 barrier_iteration=0 stage=5 derivative_s=0.003230800 first_order_s=0.001627000 second_order_s=0.001340800 algebra_s=0.009576200 kkt_assembly_s=0.000911500 factor_s=0.021343800 solve_s=0.012919300 update_s=0.001551100 K_nnz=96025 rhs_cols=1 Vxx_nnz=62001
FILTERDDP_TIMING iteration=11 barrier_iteration=0 stage=4 derivative_s=0.003222800 first_order_s=0.001630400 second_order_s=0.001325900 algebra_s=0.011417000 kkt_assembly_s=0.000935200 factor_s=0.020513100 solve_s=0.051182300 update_s=0.001594500 K_nnz=96025 rhs_cols=1 Vxx_nnz=62001
FILTERDDP_TIMING iteration=11 barrier_iteration=0 stage=3 derivative_s=0.003320100 first_order_s=0.001644200 second_order_s=0.001409800 algebra_s=0.009596400 kkt_assembly_s=0.000879600 factor_s=0.021007700 solve_s=0.012298900 update_s=0.001345500 K_nnz=96025 rhs_cols=1 Vxx_nnz=62001
FILTERDDP_TIMING iteration=11 barrier_iteration=0 stage=2 derivative_s=0.003329300 first_order_s=0.001724400 second_order_s=0.001338100 algebra_s=0.009728500 kkt_assembly_s=0.000833900 factor_s=0.116424100 solve_s=0.011371800 update_s=0.001178800 K_nnz=96025 rhs_cols=1 Vxx_nnz=62001
FILTERDDP_TIMING iteration=11 barrier_iteration=0 stage=1 derivative_s=0.003240400 first_order_s=0.001623600 second_order_s=0.001353500 algebra_s=0.009571800 kkt_assembly_s=0.000912600 factor_s=0.020463600 solve_s=0.012316600 update_s=0.001424000 K_nnz=96025 rhs_cols=1 Vxx_nnz=62001
FILTERDDP_FEASIBILITY iteration=11 barrier_iteration=0 equality_count=62016 equality_rms=2.155798505270e-02 equality_max=3.294475083627e-01 equality_worst_stage=5 equality_worst_index=7576 dynamics_count=1245 dynamics_rms=0.000000000000e+00 dynamics_max=0.000000000000e+00 dynamics_worst_stage=0 dynamics_worst_index=0 bound_count=69486 bound_rms=0.000000000000e+00 bound_max=0.000000000000e+00 bound_worst_stage=0 bound_worst_index=0 bound_worst_kind=none
    11   1.16702555e+04   3.2945e-01   1.8176e+01   9.9198e-01    0.00      -     5.0000e-01   0
FILTERDDP_ITER_TIMING iteration=11 barrier_iteration=0 backward_s=0.449740000 forward_s=0.049462800 total_s=0.499202800 outcome=accepted step_size=5.000000000e-01 backtracks=0 mu=1.000000000e+00
FILTERDDP_TIMING iteration=12 barrier_iteration=0 stage=6 derivative_s=0.003917100 first_order_s=0.001735300 second_order_s=0.001774300 algebra_s=0.015310600 kkt_assembly_s=0.002212200 factor_s=0.041011800 solve_s=0.013735500 update_s=0.003007000 K_nnz=96025 rhs_cols=1 Vxx_nnz=62001
FILTERDDP_TIMING iteration=12 barrier_iteration=0 stage=5 derivative_s=0.006573800 first_order_s=0.002979500 second_order_s=0.003281700 algebra_s=0.012478800 kkt_assembly_s=0.002168500 factor_s=0.036163000 solve_s=0.012868300 update_s=0.015304100 K_nnz=96025 rhs_cols=1 Vxx_nnz=62001
FILTERDDP_TIMING iteration=12 barrier_iteration=0 stage=4 derivative_s=0.003476800 first_order_s=0.001828600 second_order_s=0.001351500 algebra_s=0.011752400 kkt_assembly_s=0.001460700 factor_s=0.038584200 solve_s=0.012376300 update_s=0.002206700 K_nnz=96025 rhs_cols=1 Vxx_nnz=62001
FILTERDDP_TIMING iteration=12 barrier_iteration=0 stage=3 derivative_s=0.003465400 first_order_s=0.001908500 second_order_s=0.001292300 algebra_s=0.009128100 kkt_assembly_s=0.001002500 factor_s=0.020996700 solve_s=0.012385600 update_s=0.001559100 K_nnz=96025 rhs_cols=1 Vxx_nnz=62001
FILTERDDP_TIMING iteration=12 barrier_iteration=0 stage=2 derivative_s=0.003394900 first_order_s=0.001682300 second_order_s=0.001449400 algebra_s=0.009208200 kkt_assembly_s=0.000966900 factor_s=0.032033600 solve_s=0.012000600 update_s=0.001557800 K_nnz=96025 rhs_cols=1 Vxx_nnz=62001
FILTERDDP_TIMING iteration=12 barrier_iteration=0 stage=1 derivative_s=0.003294400 first_order_s=0.001648400 second_order_s=0.001381500 algebra_s=0.009628100 kkt_assembly_s=0.001458400 factor_s=0.045024300 solve_s=0.012312900 update_s=0.001742300 K_nnz=96025 rhs_cols=1 Vxx_nnz=62001
FILTERDDP_FEASIBILITY iteration=12 barrier_iteration=0 equality_count=62016 equality_rms=1.120849180935e-02 equality_max=1.713041802307e-01 equality_worst_stage=1 equality_worst_index=7576 dynamics_count=1245 dynamics_rms=0.000000000000e+00 dynamics_max=0.000000000000e+00 dynamics_worst_stage=0 dynamics_worst_index=0 bound_count=69486 bound_rms=0.000000000000e+00 bound_max=0.000000000000e+00 bound_worst_stage=0 bound_worst_index=0 bound_worst_kind=none
    12   1.18456001e+04   1.7130e-01   1.4150e+01   9.9599e-01    0.00      -     5.0000e-01   0
FILTERDDP_ITER_TIMING iteration=12 barrier_iteration=0 backward_s=0.416705600 forward_s=0.055101100 total_s=0.471806700 outcome=accepted step_size=5.000000000e-01 backtracks=0 mu=1.000000000e+00
FILTERDDP_TIMING iteration=13 barrier_iteration=0 stage=6 derivative_s=0.003494600 first_order_s=0.001635900 second_order_s=0.001601100 algebra_s=0.018871400 kkt_assembly_s=0.002067200 factor_s=0.064393800 solve_s=0.012178700 update_s=0.001615200 K_nnz=96025 rhs_cols=1 Vxx_nnz=62001
FILTERDDP_TIMING iteration=13 barrier_iteration=0 stage=5 derivative_s=0.003615900 first_order_s=0.001822500 second_order_s=0.001438100 algebra_s=0.009223700 kkt_assembly_s=0.000941200 factor_s=0.020577000 solve_s=0.012291600 update_s=0.001617300 K_nnz=96025 rhs_cols=1 Vxx_nnz=62001
FILTERDDP_TIMING iteration=13 barrier_iteration=0 stage=4 derivative_s=0.003220100 first_order_s=0.001644600 second_order_s=0.001307900 algebra_s=0.104458800 kkt_assembly_s=0.000618700 factor_s=0.020477900 solve_s=0.011928700 update_s=0.001380900 K_nnz=96025 rhs_cols=1 Vxx_nnz=62001
FILTERDDP_TIMING iteration=13 barrier_iteration=0 stage=3 derivative_s=0.001292500 first_order_s=0.000664300 second_order_s=0.000516100 algebra_s=0.008437100 kkt_assembly_s=0.000558500 factor_s=0.020529700 solve_s=0.011931200 update_s=0.001527400 K_nnz=96025 rhs_cols=1 Vxx_nnz=62001
FILTERDDP_TIMING iteration=13 barrier_iteration=0 stage=2 derivative_s=0.003731000 first_order_s=0.002098500 second_order_s=0.001367600 algebra_s=0.009307600 kkt_assembly_s=0.000929200 factor_s=0.020204700 solve_s=0.012660000 update_s=0.002281700 K_nnz=96025 rhs_cols=1 Vxx_nnz=62001
FILTERDDP_TIMING iteration=13 barrier_iteration=0 stage=1 derivative_s=0.006569800 first_order_s=0.003140200 second_order_s=0.003063600 algebra_s=0.017611800 kkt_assembly_s=0.002015600 factor_s=0.038286700 solve_s=0.013346300 update_s=0.003285800 K_nnz=96025 rhs_cols=1 Vxx_nnz=62001
FILTERDDP_FEASIBILITY iteration=13 barrier_iteration=0 equality_count=62016 equality_rms=5.645985331755e-03 equality_max=8.751910257215e-02 equality_worst_stage=1 equality_worst_index=7576 dynamics_count=1245 dynamics_rms=0.000000000000e+00 dynamics_max=0.000000000000e+00 dynamics_worst_stage=0 dynamics_worst_index=0 bound_count=69486 bound_rms=0.000000000000e+00 bound_max=0.000000000000e+00 bound_worst_stage=0 bound_worst_index=0 bound_worst_kind=none
    13   1.19323384e+04   8.7519e-02   1.0723e+01   9.9800e-01    0.00      -     5.0000e-01   0
FILTERDDP_ITER_TIMING iteration=13 barrier_iteration=0 backward_s=0.468356200 forward_s=0.083288300 total_s=0.551644500 outcome=accepted step_size=5.000000000e-01 backtracks=0 mu=1.000000000e+00
FILTERDDP_TIMING iteration=14 barrier_iteration=0 stage=6 derivative_s=0.003724900 first_order_s=0.001640900 second_order_s=0.001824700 algebra_s=0.009097300 kkt_assembly_s=0.000969100 factor_s=0.021662800 solve_s=0.013087000 update_s=0.001679800 K_nnz=96025 rhs_cols=1 Vxx_nnz=62001
FILTERDDP_TIMING iteration=14 barrier_iteration=0 stage=5 derivative_s=0.003221100 first_order_s=0.001621300 second_order_s=0.001333300 algebra_s=0.011868700 kkt_assembly_s=0.000870500 factor_s=0.021290600 solve_s=0.012403800 update_s=0.001517400 K_nnz=96025 rhs_cols=1 Vxx_nnz=62001
FILTERDDP_TIMING iteration=14 barrier_iteration=0 stage=4 derivative_s=0.003272700 first_order_s=0.001731200 second_order_s=0.001272000 algebra_s=0.009368200 kkt_assembly_s=0.001154800 factor_s=0.044900400 solve_s=0.012061500 update_s=0.001472200 K_nnz=96025 rhs_cols=1 Vxx_nnz=62001
FILTERDDP_TIMING iteration=14 barrier_iteration=0 stage=3 derivative_s=0.003218400 first_order_s=0.001602300 second_order_s=0.001352200 algebra_s=0.010467200 kkt_assembly_s=0.000915800 factor_s=0.020257100 solve_s=0.012403700 update_s=0.001607800 K_nnz=96025 rhs_cols=1 Vxx_nnz=62001
FILTERDDP_TIMING iteration=14 barrier_iteration=0 stage=2 derivative_s=0.003267100 first_order_s=0.001654200 second_order_s=0.001350500 algebra_s=0.010333300 kkt_assembly_s=0.001343700 factor_s=0.021459500 solve_s=0.011898500 update_s=0.041669100 K_nnz=96025 rhs_cols=1 Vxx_nnz=62001
FILTERDDP_TIMING iteration=14 barrier_iteration=0 stage=1 derivative_s=0.003353700 first_order_s=0.001684700 second_order_s=0.001404100 algebra_s=0.009496800 kkt_assembly_s=0.000904700 factor_s=0.021291700 solve_s=0.012757000 update_s=0.001585300 K_nnz=96025 rhs_cols=1 Vxx_nnz=62001
FILTERDDP_FEASIBILITY iteration=14 barrier_iteration=0 equality_count=62016 equality_rms=2.811770792329e-03 equality_max=4.424091975605e-02 equality_worst_stage=1 equality_worst_index=7576 dynamics_count=1245 dynamics_rms=0.000000000000e+00 dynamics_max=0.000000000000e+00 dynamics_worst_stage=0 dynamics_worst_index=0 bound_count=69486 bound_rms=0.000000000000e+00 bound_max=0.000000000000e+00 bound_worst_stage=0 bound_worst_index=0 bound_worst_kind=none
FILTERDDP_ITER_TIMING iteration=14 barrier_iteration=0 backward_s=0.362841600 forward_s=0.000000000 total_s=0.362841600 outcome=barrier_update step_size=5.000000000e-01 backtracks=0 mu=1.000000000e+00
FILTERDDP_TIMING iteration=14 barrier_iteration=1 stage=6 derivative_s=0.001366900 first_order_s=0.000622800 second_order_s=0.000620400 algebra_s=0.007912600 kkt_assembly_s=0.001281900 factor_s=0.042428500 solve_s=0.105515700 update_s=0.000977100 K_nnz=96025 rhs_cols=1 Vxx_nnz=62001
FILTERDDP_TIMING iteration=14 barrier_iteration=1 stage=5 derivative_s=0.001489200 first_order_s=0.000776500 second_order_s=0.000596200 algebra_s=0.005323500 kkt_assembly_s=0.000818900 factor_s=0.021491100 solve_s=0.011861900 update_s=0.001398500 K_nnz=96025 rhs_cols=1 Vxx_nnz=62001
FILTERDDP_TIMING iteration=14 barrier_iteration=1 stage=4 derivative_s=0.003268700 first_order_s=0.001666300 second_order_s=0.001336200 algebra_s=0.009520000 kkt_assembly_s=0.000951800 factor_s=0.020602300 solve_s=0.011600000 update_s=0.001598300 K_nnz=96025 rhs_cols=1 Vxx_nnz=62001
FILTERDDP_TIMING iteration=14 barrier_iteration=1 stage=3 derivative_s=0.004362500 first_order_s=0.002547600 second_order_s=0.001490200 algebra_s=0.009410300 kkt_assembly_s=0.000735900 factor_s=0.030263900 solve_s=0.013156800 update_s=0.002907700 K_nnz=96025 rhs_cols=1 Vxx_nnz=62001
FILTERDDP_TIMING iteration=14 barrier_iteration=1 stage=2 derivative_s=0.006471100 first_order_s=0.002909800 second_order_s=0.003276600 algebra_s=0.010839300 kkt_assembly_s=0.000922400 factor_s=0.022705800 solve_s=0.013197400 update_s=0.023567800 K_nnz=96025 rhs_cols=1 Vxx_nnz=62001
FILTERDDP_TIMING iteration=14 barrier_iteration=1 stage=1 derivative_s=0.003270000 first_order_s=0.001634200 second_order_s=0.001371900 algebra_s=0.010138100 kkt_assembly_s=0.000584600 factor_s=0.020613400 solve_s=0.012326100 update_s=0.001871000 K_nnz=96025 rhs_cols=1 Vxx_nnz=62001
FILTERDDP_FEASIBILITY iteration=14 barrier_iteration=1 equality_count=62016 equality_rms=2.811770792329e-03 equality_max=4.424091975605e-02 equality_worst_stage=1 equality_worst_index=7576 dynamics_count=1245 dynamics_rms=0.000000000000e+00 dynamics_max=0.000000000000e+00 dynamics_worst_stage=0 dynamics_worst_index=0 bound_count=69486 bound_rms=0.000000000000e+00 bound_max=0.000000000000e+00 bound_worst_stage=0 bound_worst_index=0 bound_worst_kind=none
    14   1.19781480e+04   4.4241e-02   7.1857e+00   9.9900e-01   -0.70      -     5.0000e-01   0
FILTERDDP_ITER_TIMING iteration=14 barrier_iteration=1 backward_s=0.437595900 forward_s=0.046657100 total_s=0.484253000 outcome=accepted step_size=5.000000000e-01 backtracks=0 mu=2.000000000e-01
FILTERDDP_TIMING iteration=15 barrier_iteration=1 stage=6 derivative_s=0.003712500 first_order_s=0.001582600 second_order_s=0.001856100 algebra_s=0.012825300 kkt_assembly_s=0.001450900 factor_s=0.038504000 solve_s=0.012329000 update_s=0.001556700 K_nnz=96025 rhs_cols=1 Vxx_nnz=62001
FILTERDDP_TIMING iteration=15 barrier_iteration=1 stage=5 derivative_s=0.003209500 first_order_s=0.001646900 second_order_s=0.001299100 algebra_s=0.010518900 kkt_assembly_s=0.000774800 factor_s=0.038273300 solve_s=0.014005500 update_s=0.001715700 K_nnz=96025 rhs_cols=1 Vxx_nnz=62001
FILTERDDP_TIMING iteration=15 barrier_iteration=1 stage=4 derivative_s=0.003220900 first_order_s=0.001629200 second_order_s=0.001328500 algebra_s=0.009974900 kkt_assembly_s=0.001083600 factor_s=0.028924200 solve_s=0.011908400 update_s=0.001576700 K_nnz=96025 rhs_cols=1 Vxx_nnz=62001
FILTERDDP_TIMING iteration=15 barrier_iteration=1 stage=3 derivative_s=0.003907100 first_order_s=0.002288300 second_order_s=0.001352000 algebra_s=0.009395200 kkt_assembly_s=0.000554900 factor_s=0.020847700 solve_s=0.012242900 update_s=0.001551700 K_nnz=96025 rhs_cols=1 Vxx_nnz=62001
FILTERDDP_TIMING iteration=15 barrier_iteration=1 stage=2 derivative_s=0.041606600 first_order_s=0.000699900 second_order_s=0.040793000 algebra_s=0.005258200 kkt_assembly_s=0.000557100 factor_s=0.021359800 solve_s=0.012291000 update_s=0.001703300 K_nnz=96025 rhs_cols=1 Vxx_nnz=62001
FILTERDDP_TIMING iteration=15 barrier_iteration=1 stage=1 derivative_s=0.003223200 first_order_s=0.001624300 second_order_s=0.001331200 algebra_s=0.009413500 kkt_assembly_s=0.000937900 factor_s=0.022302400 solve_s=0.011855800 update_s=0.001606800 K_nnz=96025 rhs_cols=1 Vxx_nnz=62001
FILTERDDP_FEASIBILITY iteration=15 barrier_iteration=1 equality_count=62016 equality_rms=1.415571771788e-03 equality_max=2.237229145656e-02 equality_worst_stage=1 equality_worst_index=7568 dynamics_count=1245 dynamics_rms=0.000000000000e+00 dynamics_max=0.000000000000e+00 dynamics_worst_stage=0 dynamics_worst_index=0 bound_count=69486 bound_rms=0.000000000000e+00 bound_max=0.000000000000e+00 bound_worst_stage=0 bound_worst_index=0 bound_worst_kind=none
    15   1.19236682e+04   2.2372e-02   6.4779e+00   6.3036e-01   -0.70      -     5.0000e-01   0
FILTERDDP_ITER_TIMING iteration=15 barrier_iteration=1 backward_s=0.377215200 forward_s=0.140734200 total_s=0.517949400 outcome=accepted step_size=5.000000000e-01 backtracks=0 mu=2.000000000e-01
FILTERDDP_TIMING iteration=16 barrier_iteration=1 stage=6 derivative_s=0.001416800 first_order_s=0.000619800 second_order_s=0.000701000 algebra_s=0.009154900 kkt_assembly_s=0.001209200 factor_s=0.021777600 solve_s=0.011895700 update_s=0.001696600 K_nnz=96025 rhs_cols=1 Vxx_nnz=62001
FILTERDDP_TIMING iteration=16 barrier_iteration=1 stage=5 derivative_s=0.003236800 first_order_s=0.001604600 second_order_s=0.001362600 algebra_s=0.009986800 kkt_assembly_s=0.000575300 factor_s=0.020498200 solve_s=0.011944300 update_s=0.001445800 K_nnz=96025 rhs_cols=1 Vxx_nnz=62001
FILTERDDP_TIMING iteration=16 barrier_iteration=1 stage=4 derivative_s=0.003239700 first_order_s=0.001659300 second_order_s=0.001314800 algebra_s=0.010425200 kkt_assembly_s=0.000957300 factor_s=0.024363200 solve_s=0.014230900 update_s=0.002711600 K_nnz=96025 rhs_cols=1 Vxx_nnz=62001
FILTERDDP_TIMING iteration=16 barrier_iteration=1 stage=3 derivative_s=0.004844600 first_order_s=0.002104500 second_order_s=0.002522900 algebra_s=0.011554100 kkt_assembly_s=0.000761100 factor_s=0.033334400 solve_s=0.011396500 update_s=0.001519200 K_nnz=96025 rhs_cols=1 Vxx_nnz=62001
FILTERDDP_TIMING iteration=16 barrier_iteration=1 stage=2 derivative_s=0.003253000 first_order_s=0.001633300 second_order_s=0.001356100 algebra_s=0.009474400 kkt_assembly_s=0.000827300 factor_s=0.020676600 solve_s=0.011721200 update_s=0.001535900 K_nnz=96025 rhs_cols=1 Vxx_nnz=62001
FILTERDDP_TIMING iteration=16 barrier_iteration=1 stage=1 derivative_s=0.003266700 first_order_s=0.001614000 second_order_s=0.001384100 algebra_s=0.009632600 kkt_assembly_s=0.000973000 factor_s=0.020645900 solve_s=0.011926900 update_s=0.001582500 K_nnz=96025 rhs_cols=1 Vxx_nnz=62001
FILTERDDP_FEASIBILITY iteration=16 barrier_iteration=1 equality_count=62016 equality_rms=7.190806768854e-04 equality_max=1.184928761891e-02 equality_worst_stage=2 equality_worst_index=7568 dynamics_count=1245 dynamics_rms=0.000000000000e+00 dynamics_max=0.000000000000e+00 dynamics_worst_stage=0 dynamics_worst_index=0 bound_count=69486 bound_rms=0.000000000000e+00 bound_max=0.000000000000e+00 bound_worst_stage=0 bound_worst_index=0 bound_worst_kind=none
    16   1.18422322e+04   1.1849e-02   4.0870e+00   4.3346e-01   -0.70      -     5.0000e-01   0
FILTERDDP_ITER_TIMING iteration=16 barrier_iteration=1 backward_s=0.310555400 forward_s=0.046451800 total_s=0.357007200 outcome=accepted step_size=5.000000000e-01 backtracks=0 mu=2.000000000e-01
FILTERDDP_TIMING iteration=17 barrier_iteration=1 stage=6 derivative_s=0.005846100 first_order_s=0.002382700 second_order_s=0.003302900 algebra_s=0.043777600 kkt_assembly_s=0.002181200 factor_s=0.035486900 solve_s=0.015357300 update_s=0.003009800 K_nnz=96025 rhs_cols=1 Vxx_nnz=62001
FILTERDDP_TIMING iteration=17 barrier_iteration=1 stage=5 derivative_s=0.007292900 first_order_s=0.003259600 second_order_s=0.003517800 algebra_s=0.018971500 kkt_assembly_s=0.002173500 factor_s=0.035862600 solve_s=0.013792900 update_s=0.001526400 K_nnz=96025 rhs_cols=1 Vxx_nnz=62001
FILTERDDP_TIMING iteration=17 barrier_iteration=1 stage=4 derivative_s=0.006378300 first_order_s=0.002768300 second_order_s=0.003330400 algebra_s=0.010094600 kkt_assembly_s=0.000794400 factor_s=0.061303500 solve_s=0.012082300 update_s=0.001949900 K_nnz=96025 rhs_cols=1 Vxx_nnz=62001
FILTERDDP_TIMING iteration=17 barrier_iteration=1 stage=3 derivative_s=0.003221500 first_order_s=0.001584300 second_order_s=0.001372100 algebra_s=0.009495000 kkt_assembly_s=0.000942800 factor_s=0.021716200 solve_s=0.011965000 update_s=0.001633000 K_nnz=96025 rhs_cols=1 Vxx_nnz=62001
FILTERDDP_TIMING iteration=17 barrier_iteration=1 stage=2 derivative_s=0.003668800 first_order_s=0.001767100 second_order_s=0.001634900 algebra_s=0.009715500 kkt_assembly_s=0.001680700 factor_s=0.126299800 solve_s=0.014331900 update_s=0.002655700 K_nnz=96025 rhs_cols=1 Vxx_nnz=62001
FILTERDDP_TIMING iteration=17 barrier_iteration=1 stage=1 derivative_s=0.003109300 first_order_s=0.001306100 second_order_s=0.001657100 algebra_s=0.011228800 kkt_assembly_s=0.000790700 factor_s=0.021380800 solve_s=0.014144300 update_s=0.002525200 K_nnz=96025 rhs_cols=1 Vxx_nnz=62001
FILTERDDP_FEASIBILITY iteration=17 barrier_iteration=1 equality_count=62016 equality_rms=3.774412087679e-04 equality_max=6.938985836062e-03 equality_worst_stage=2 equality_worst_index=7568 dynamics_count=1245 dynamics_rms=0.000000000000e+00 dynamics_max=0.000000000000e+00 dynamics_worst_stage=0 dynamics_worst_index=0 bound_count=69486 bound_rms=0.000000000000e+00 bound_max=0.000000000000e+00 bound_worst_stage=0 bound_worst_index=0 bound_worst_kind=none
    17   1.17489466e+04   6.9390e-03   6.2936e+00   3.2404e-01   -0.70      -     5.0000e-01   0
FILTERDDP_ITER_TIMING iteration=17 barrier_iteration=1 backward_s=0.539297800 forward_s=0.061675000 total_s=0.600972800 outcome=accepted step_size=5.000000000e-01 backtracks=0 mu=2.000000000e-01
FILTERDDP_TIMING iteration=18 barrier_iteration=1 stage=6 derivative_s=0.007040200 first_order_s=0.002609900 second_order_s=0.004156300 algebra_s=0.017533200 kkt_assembly_s=0.001567900 factor_s=0.029820700 solve_s=0.013804400 update_s=0.003088500 K_nnz=96025 rhs_cols=1 Vxx_nnz=62001
FILTERDDP_TIMING iteration=18 barrier_iteration=1 stage=5 derivative_s=0.006373800 first_order_s=0.002593500 second_order_s=0.003654100 algebra_s=0.011075700 kkt_assembly_s=0.000793900 factor_s=0.022577400 solve_s=0.013982500 update_s=0.002714900 K_nnz=96025 rhs_cols=1 Vxx_nnz=62001
FILTERDDP_TIMING iteration=18 barrier_iteration=1 stage=4 derivative_s=0.006316100 first_order_s=0.002719600 second_order_s=0.003390600 algebra_s=0.011137700 kkt_assembly_s=0.000820400 factor_s=0.037734200 solve_s=0.012504700 update_s=0.001495000 K_nnz=96025 rhs_cols=1 Vxx_nnz=62001
FILTERDDP_TIMING iteration=18 barrier_iteration=1 stage=3 derivative_s=0.003278100 first_order_s=0.001638100 second_order_s=0.001374300 algebra_s=0.009615300 kkt_assembly_s=0.000850400 factor_s=0.020802700 solve_s=0.012482700 update_s=0.001669200 K_nnz=96025 rhs_cols=1 Vxx_nnz=62001
FILTERDDP_TIMING iteration=18 barrier_iteration=1 stage=2 derivative_s=0.003510200 first_order_s=0.001943200 second_order_s=0.001300200 algebra_s=0.009983700 kkt_assembly_s=0.000572400 factor_s=0.020324600 solve_s=0.011637900 update_s=0.001485800 K_nnz=96025 rhs_cols=1 Vxx_nnz=62001
FILTERDDP_TIMING iteration=18 barrier_iteration=1 stage=1 derivative_s=0.003426600 first_order_s=0.001831300 second_order_s=0.001271500 algebra_s=0.010870500 kkt_assembly_s=0.001338000 factor_s=0.067868000 solve_s=0.012115100 update_s=0.001659700 K_nnz=96025 rhs_cols=1 Vxx_nnz=62001
FILTERDDP_FEASIBILITY iteration=18 barrier_iteration=1 equality_count=62016 equality_rms=2.092354586007e-04 equality_max=5.248526839630e-03 equality_worst_stage=6 equality_worst_index=9917 dynamics_count=1245 dynamics_rms=0.000000000000e+00 dynamics_max=0.000000000000e+00 dynamics_worst_stage=0 dynamics_worst_index=0 bound_count=69486 bound_rms=0.000000000000e+00 bound_max=0.000000000000e+00 bound_worst_stage=0 bound_worst_index=0 bound_worst_kind=none
    18   1.16662107e+04   5.2485e-03   8.3665e+00   2.6447e-01   -0.70      -     5.0000e-01   0
FILTERDDP_ITER_TIMING iteration=18 barrier_iteration=1 backward_s=0.395100100 forward_s=0.050315800 total_s=0.445415900 outcome=accepted step_size=5.000000000e-01 backtracks=0 mu=2.000000000e-01
FILTERDDP_TIMING iteration=19 barrier_iteration=1 stage=6 derivative_s=0.003920300 first_order_s=0.001902000 second_order_s=0.001758500 algebra_s=0.013428400 kkt_assembly_s=0.001532700 factor_s=0.039446300 solve_s=0.012679300 update_s=0.001583800 K_nnz=96025 rhs_cols=1 Vxx_nnz=62001
FILTERDDP_TIMING iteration=19 barrier_iteration=1 stage=5 derivative_s=0.003493600 first_order_s=0.001759200 second_order_s=0.001468600 algebra_s=0.010411200 kkt_assembly_s=0.001037000 factor_s=0.021400500 solve_s=0.108303800 update_s=0.001742600 K_nnz=96025 rhs_cols=1 Vxx_nnz=62001
FILTERDDP_TIMING iteration=19 barrier_iteration=1 stage=4 derivative_s=0.003263600 first_order_s=0.001643600 second_order_s=0.001360200 algebra_s=0.009502800 kkt_assembly_s=0.000952200 factor_s=0.020390000 solve_s=0.011935500 update_s=0.001630100 K_nnz=96025 rhs_cols=1 Vxx_nnz=62001
FILTERDDP_TIMING iteration=19 barrier_iteration=1 stage=3 derivative_s=0.003247400 first_order_s=0.001660900 second_order_s=0.001321800 algebra_s=0.009352600 kkt_assembly_s=0.001211300 factor_s=0.020765400 solve_s=0.012600700 update_s=0.001624600 K_nnz=96025 rhs_cols=1 Vxx_nnz=62001
FILTERDDP_TIMING iteration=19 barrier_iteration=1 stage=2 derivative_s=0.003269300 first_order_s=0.001601300 second_order_s=0.001402200 algebra_s=0.009428400 kkt_assembly_s=0.000987200 factor_s=0.021067300 solve_s=0.013202100 update_s=0.002011400 K_nnz=96025 rhs_cols=1 Vxx_nnz=62001
FILTERDDP_TIMING iteration=19 barrier_iteration=1 stage=1 derivative_s=0.005472800 first_order_s=0.002493000 second_order_s=0.002701300 algebra_s=0.010299300 kkt_assembly_s=0.000820300 factor_s=0.021975700 solve_s=0.013752800 update_s=0.002981200 K_nnz=96025 rhs_cols=1 Vxx_nnz=62001
FILTERDDP_FEASIBILITY iteration=19 barrier_iteration=1 equality_count=62016 equality_rms=1.197641839744e-04 equality_max=4.684561553631e-03 equality_worst_stage=6 equality_worst_index=9917 dynamics_count=1245 dynamics_rms=0.000000000000e+00 dynamics_max=0.000000000000e+00 dynamics_worst_stage=0 dynamics_worst_index=0 bound_count=69486 bound_rms=0.000000000000e+00 bound_max=0.000000000000e+00 bound_worst_stage=0 bound_worst_index=0 bound_worst_kind=none
    19   1.16083049e+04   4.6846e-03   8.2315e+00   2.3298e-01   -0.70      -     5.0000e-01   0
FILTERDDP_ITER_TIMING iteration=19 barrier_iteration=1 backward_s=0.421697400 forward_s=0.075349600 total_s=0.497047000 outcome=accepted step_size=5.000000000e-01 backtracks=0 mu=2.000000000e-01
FILTERDDP_TIMING iteration=20 barrier_iteration=1 stage=6 derivative_s=0.003523000 first_order_s=0.001628400 second_order_s=0.001624100 algebra_s=0.011893700 kkt_assembly_s=0.001610900 factor_s=0.037078100 solve_s=0.012039600 update_s=0.001588300 K_nnz=96025 rhs_cols=1 Vxx_nnz=62001
FILTERDDP_TIMING iteration=20 barrier_iteration=1 stage=5 derivative_s=0.003305700 first_order_s=0.001727200 second_order_s=0.001312400 algebra_s=0.009849700 kkt_assembly_s=0.000711500 factor_s=0.020589400 solve_s=0.019550700 update_s=0.001629200 K_nnz=96025 rhs_cols=1 Vxx_nnz=62001
FILTERDDP_TIMING iteration=20 barrier_iteration=1 stage=4 derivative_s=0.003135400 first_order_s=0.001654000 second_order_s=0.001216700 algebra_s=0.009441700 kkt_assembly_s=0.001056700 factor_s=0.020811600 solve_s=0.024854700 update_s=0.001533900 K_nnz=96025 rhs_cols=1 Vxx_nnz=62001
FILTERDDP_TIMING iteration=20 barrier_iteration=1 stage=3 derivative_s=0.003570700 first_order_s=0.001931300 second_order_s=0.001368900 algebra_s=0.009512400 kkt_assembly_s=0.000869300 factor_s=0.020975900 solve_s=0.012643300 update_s=0.001861600 K_nnz=96025 rhs_cols=1 Vxx_nnz=62001
FILTERDDP_TIMING iteration=20 barrier_iteration=1 stage=2 derivative_s=0.004602500 first_order_s=0.002517400 second_order_s=0.001784600 algebra_s=0.008451200 kkt_assembly_s=0.001930000 factor_s=0.021755900 solve_s=0.011837300 update_s=0.001826600 K_nnz=96025 rhs_cols=1 Vxx_nnz=62001
FILTERDDP_TIMING iteration=20 barrier_iteration=1 stage=1 derivative_s=0.003205700 first_order_s=0.001637600 second_order_s=0.001303400 algebra_s=0.010466000 kkt_assembly_s=0.000802000 factor_s=0.063286500 solve_s=0.012015900 update_s=0.001544200 K_nnz=96025 rhs_cols=1 Vxx_nnz=62001
FILTERDDP_FEASIBILITY iteration=20 barrier_iteration=1 equality_count=62016 equality_rms=6.724560846367e-05 equality_max=3.306202870967e-03 equality_worst_stage=6 equality_worst_index=9917 dynamics_count=1245 dynamics_rms=0.000000000000e+00 dynamics_max=0.000000000000e+00 dynamics_worst_stage=0 dynamics_worst_index=0 bound_count=69486 bound_rms=0.000000000000e+00 bound_max=0.000000000000e+00 bound_worst_stage=0 bound_worst_index=0 bound_worst_kind=none
  iter     objective        pr_inf       du_inf       cs_inf     lg(μ)   lg(reg)    alpha     ls
    20   1.15735632e+04   3.3062e-03   5.8962e+00   2.1670e-01   -0.70      -     5.0000e-01   0
FILTERDDP_ITER_TIMING iteration=20 barrier_iteration=1 backward_s=0.376314400 forward_s=0.053192900 total_s=0.429507300 outcome=accepted step_size=5.000000000e-01 backtracks=0 mu=2.000000000e-01
FILTERDDP_TIMING iteration=21 barrier_iteration=1 stage=6 derivative_s=0.003561600 first_order_s=0.001666400 second_order_s=0.001620600 algebra_s=0.014751200 kkt_assembly_s=0.001358900 factor_s=0.039283900 solve_s=0.012273500 update_s=0.001687200 K_nnz=96025 rhs_cols=1 Vxx_nnz=62001
FILTERDDP_TIMING iteration=21 barrier_iteration=1 stage=5 derivative_s=0.003302000 first_order_s=0.001631700 second_order_s=0.001405800 algebra_s=0.010420300 kkt_assembly_s=0.000790400 factor_s=0.141188200 solve_s=0.013772600 update_s=0.001637100 K_nnz=96025 rhs_cols=1 Vxx_nnz=62001
FILTERDDP_TIMING iteration=21 barrier_iteration=1 stage=4 derivative_s=0.006834500 first_order_s=0.002971500 second_order_s=0.003553000 algebra_s=0.006639900 kkt_assembly_s=0.000983200 factor_s=0.028150800 solve_s=0.014772400 update_s=0.002882900 K_nnz=96025 rhs_cols=1 Vxx_nnz=62001
FILTERDDP_TIMING iteration=21 barrier_iteration=1 stage=3 derivative_s=0.002875100 first_order_s=0.001332100 second_order_s=0.001381800 algebra_s=0.012307000 kkt_assembly_s=0.002768500 factor_s=0.025704200 solve_s=0.013571200 update_s=0.002088600 K_nnz=96025 rhs_cols=1 Vxx_nnz=62001
FILTERDDP_TIMING iteration=21 barrier_iteration=1 stage=2 derivative_s=0.006138300 first_order_s=0.002849700 second_order_s=0.003007200 algebra_s=0.010397000 kkt_assembly_s=0.000763000 factor_s=0.023770100 solve_s=0.013597700 update_s=0.002866100 K_nnz=96025 rhs_cols=1 Vxx_nnz=62001
FILTERDDP_TIMING iteration=21 barrier_iteration=1 stage=1 derivative_s=0.008656500 first_order_s=0.004337200 second_order_s=0.003854500 algebra_s=0.021668300 kkt_assembly_s=0.001096000 factor_s=0.027226900 solve_s=0.013547700 update_s=0.003191000 K_nnz=96025 rhs_cols=1 Vxx_nnz=62001
FILTERDDP_FEASIBILITY iteration=21 barrier_iteration=1 equality_count=62016 equality_rms=3.626245751429e-05 equality_max=1.994256432063e-03 equality_worst_stage=6 equality_worst_index=9917 dynamics_count=1245 dynamics_rms=0.000000000000e+00 dynamics_max=0.000000000000e+00 dynamics_worst_stage=0 dynamics_worst_index=0 bound_count=69486 bound_rms=0.000000000000e+00 bound_max=0.000000000000e+00 bound_worst_stage=0 bound_worst_index=0 bound_worst_kind=none
    21   1.15545259e+04   1.9943e-03   3.4823e+00   2.0841e-01   -0.70      -     5.0000e-01   0
FILTERDDP_ITER_TIMING iteration=21 barrier_iteration=1 backward_s=0.497412200 forward_s=0.068552600 total_s=0.565964800 outcome=accepted step_size=5.000000000e-01 backtracks=0 mu=2.000000000e-01
FILTERDDP_TIMING iteration=22 barrier_iteration=1 stage=6 derivative_s=0.003177000 first_order_s=0.001696300 second_order_s=0.001281400 algebra_s=0.008176400 kkt_assembly_s=0.001491700 factor_s=0.038274900 solve_s=0.012452900 update_s=0.001685800 K_nnz=96025 rhs_cols=1 Vxx_nnz=62001
FILTERDDP_TIMING iteration=22 barrier_iteration=1 stage=5 derivative_s=0.003350100 first_order_s=0.001760700 second_order_s=0.001324300 algebra_s=0.009368600 kkt_assembly_s=0.000788200 factor_s=0.034116600 solve_s=0.012417600 update_s=0.001603900 K_nnz=96025 rhs_cols=1 Vxx_nnz=62001
FILTERDDP_TIMING iteration=22 barrier_iteration=1 stage=4 derivative_s=0.005618300 first_order_s=0.003127100 second_order_s=0.001843800 algebra_s=0.008198800 kkt_assembly_s=0.000960200 factor_s=0.022284500 solve_s=0.025256900 update_s=0.001860800 K_nnz=96025 rhs_cols=1 Vxx_nnz=62001
FILTERDDP_TIMING iteration=22 barrier_iteration=1 stage=3 derivative_s=0.005435800 first_order_s=0.003180900 second_order_s=0.001808400 algebra_s=0.010686600 kkt_assembly_s=0.001027900 factor_s=0.025996200 solve_s=0.012500200 update_s=0.001638400 K_nnz=96025 rhs_cols=1 Vxx_nnz=62001
FILTERDDP_TIMING iteration=22 barrier_iteration=1 stage=2 derivative_s=0.003265500 first_order_s=0.001668300 second_order_s=0.001332600 algebra_s=0.009512800 kkt_assembly_s=0.000989700 factor_s=0.021179000 solve_s=0.012179500 update_s=0.001669300 K_nnz=96025 rhs_cols=1 Vxx_nnz=62001
FILTERDDP_TIMING iteration=22 barrier_iteration=1 stage=1 derivative_s=0.003766000 first_order_s=0.001933700 second_order_s=0.001559200 algebra_s=0.009589400 kkt_assembly_s=0.000722900 factor_s=0.059983800 solve_s=0.012916600 update_s=0.001579600 K_nnz=96025 rhs_cols=1 Vxx_nnz=62001
FILTERDDP_FEASIBILITY iteration=22 barrier_iteration=1 equality_count=62016 equality_rms=1.891854295946e-05 equality_max=1.098519339706e-03 equality_worst_stage=6 equality_worst_index=9917 dynamics_count=1245 dynamics_rms=0.000000000000e+00 dynamics_max=0.000000000000e+00 dynamics_worst_stage=0 dynamics_worst_index=0 bound_count=69486 bound_rms=0.000000000000e+00 bound_max=0.000000000000e+00 bound_worst_stage=0 bound_worst_index=0 bound_worst_kind=none
FILTERDDP_ITER_TIMING iteration=22 barrier_iteration=1 backward_s=0.386705400 forward_s=0.000000000 total_s=0.386705400 outcome=barrier_update step_size=5.000000000e-01 backtracks=0 mu=2.000000000e-01
FILTERDDP_TIMING iteration=22 barrier_iteration=2 stage=6 derivative_s=0.003474500 first_order_s=0.001591500 second_order_s=0.001621600 algebra_s=0.009133800 kkt_assembly_s=0.001058900 factor_s=0.021030800 solve_s=0.013200500 update_s=0.001682100 K_nnz=96025 rhs_cols=1 Vxx_nnz=62001
FILTERDDP_TIMING iteration=22 barrier_iteration=2 stage=5 derivative_s=0.003971200 first_order_s=0.002221200 second_order_s=0.001453100 algebra_s=0.009796400 kkt_assembly_s=0.001293700 factor_s=0.022725500 solve_s=0.105853800 update_s=0.001621200 K_nnz=96025 rhs_cols=1 Vxx_nnz=62001
FILTERDDP_TIMING iteration=22 barrier_iteration=2 stage=4 derivative_s=0.003748700 first_order_s=0.002033400 second_order_s=0.001447900 algebra_s=0.009220300 kkt_assembly_s=0.000782600 factor_s=0.021440000 solve_s=0.011843400 update_s=0.001827900 K_nnz=96025 rhs_cols=1 Vxx_nnz=62001
FILTERDDP_TIMING iteration=22 barrier_iteration=2 stage=3 derivative_s=0.005501700 first_order_s=0.003173900 second_order_s=0.001841800 algebra_s=0.011209300 kkt_assembly_s=0.000941800 factor_s=0.021781400 solve_s=0.015670100 update_s=0.001488900 K_nnz=96025 rhs_cols=1 Vxx_nnz=62001
FILTERDDP_TIMING iteration=22 barrier_iteration=2 stage=2 derivative_s=0.002239400 first_order_s=0.001189800 second_order_s=0.000883800 algebra_s=0.009092500 kkt_assembly_s=0.000840100 factor_s=0.023690100 solve_s=0.013448200 update_s=0.002516800 K_nnz=96025 rhs_cols=1 Vxx_nnz=62001
FILTERDDP_TIMING iteration=22 barrier_iteration=2 stage=1 derivative_s=0.005636200 first_order_s=0.002480400 second_order_s=0.002877200 algebra_s=0.010408300 kkt_assembly_s=0.000878400 factor_s=0.022500000 solve_s=0.013402800 update_s=0.002809500 K_nnz=96025 rhs_cols=1 Vxx_nnz=62001
FILTERDDP_FEASIBILITY iteration=22 barrier_iteration=2 equality_count=62016 equality_rms=1.891854295946e-05 equality_max=1.098519339706e-03 equality_worst_stage=6 equality_worst_index=9917 dynamics_count=1245 dynamics_rms=0.000000000000e+00 dynamics_max=0.000000000000e+00 dynamics_worst_stage=0 dynamics_worst_index=0 bound_count=69486 bound_rms=0.000000000000e+00 bound_max=0.000000000000e+00 bound_worst_stage=0 bound_worst_index=0 bound_worst_kind=none
    22   1.15446040e+04   1.0985e-03   1.8551e+00   2.0422e-01   -1.40      -     5.0000e-01   0
FILTERDDP_ITER_TIMING iteration=22 barrier_iteration=2 backward_s=0.408678600 forward_s=0.071855800 total_s=0.480534400 outcome=accepted step_size=5.000000000e-01 backtracks=0 mu=4.000000000e-02
FILTERDDP_TIMING iteration=23 barrier_iteration=2 stage=6 derivative_s=0.003756900 first_order_s=0.001854600 second_order_s=0.001623900 algebra_s=0.008863500 kkt_assembly_s=0.001344600 factor_s=0.033589300 solve_s=0.012672000 update_s=0.001612800 K_nnz=96025 rhs_cols=1 Vxx_nnz=62001
FILTERDDP_TIMING iteration=23 barrier_iteration=2 stage=5 derivative_s=0.003365800 first_order_s=0.001721300 second_order_s=0.001379900 algebra_s=0.012137600 kkt_assembly_s=0.001462300 factor_s=0.040008200 solve_s=0.011963100 update_s=0.001778100 K_nnz=96025 rhs_cols=1 Vxx_nnz=62001
FILTERDDP_TIMING iteration=23 barrier_iteration=2 stage=4 derivative_s=0.003209300 first_order_s=0.001629600 second_order_s=0.001313800 algebra_s=0.009582700 kkt_assembly_s=0.000900300 factor_s=0.021091300 solve_s=0.011934500 update_s=0.013722300 K_nnz=96025 rhs_cols=1 Vxx_nnz=62001
FILTERDDP_TIMING iteration=23 barrier_iteration=2 stage=3 derivative_s=0.004848500 first_order_s=0.002807700 second_order_s=0.001752900 algebra_s=0.008350000 kkt_assembly_s=0.001480900 factor_s=0.021458400 solve_s=0.012306300 update_s=0.001739400 K_nnz=96025 rhs_cols=1 Vxx_nnz=62001
FILTERDDP_TIMING iteration=23 barrier_iteration=2 stage=2 derivative_s=0.003786100 first_order_s=0.002126800 second_order_s=0.001395300 algebra_s=0.009746000 kkt_assembly_s=0.000559700 factor_s=0.021217300 solve_s=0.012793600 update_s=0.001549100 K_nnz=96025 rhs_cols=1 Vxx_nnz=62001
FILTERDDP_TIMING iteration=23 barrier_iteration=2 stage=1 derivative_s=0.003418000 first_order_s=0.001616400 second_order_s=0.001489700 algebra_s=0.009626100 kkt_assembly_s=0.000982500 factor_s=0.059857100 solve_s=0.012889600 update_s=0.001679700 K_nnz=96025 rhs_cols=1 Vxx_nnz=62001
FILTERDDP_FEASIBILITY iteration=23 barrier_iteration=2 equality_count=62016 equality_rms=2.543246249050e-04 equality_max=9.447707675296e-03 equality_worst_stage=2 equality_worst_index=7582 dynamics_count=1245 dynamics_rms=0.000000000000e+00 dynamics_max=0.000000000000e+00 dynamics_worst_stage=0 dynamics_worst_index=0 bound_count=69486 bound_rms=0.000000000000e+00 bound_max=0.000000000000e+00 bound_worst_stage=0 bound_worst_index=0 bound_worst_kind=none
    23   1.13595069e+04   9.4477e-03   3.3395e+01   1.3028e-01   -1.40      -     5.0000e-01   0
FILTERDDP_ITER_TIMING iteration=23 barrier_iteration=2 backward_s=0.382263700 forward_s=0.070975700 total_s=0.453239400 outcome=accepted step_size=2.500000000e-01 backtracks=0 mu=4.000000000e-02
FILTERDDP_TIMING iteration=24 barrier_iteration=2 stage=6 derivative_s=0.003914400 first_order_s=0.001981400 second_order_s=0.001673800 algebra_s=0.013072500 kkt_assembly_s=0.001472100 factor_s=0.038844200 solve_s=0.013522500 update_s=0.001594900 K_nnz=96025 rhs_cols=1 Vxx_nnz=62001
FILTERDDP_TIMING iteration=24 barrier_iteration=2 stage=5 derivative_s=0.004521400 first_order_s=0.002861800 second_order_s=0.001363700 algebra_s=0.099554500 kkt_assembly_s=0.000686800 factor_s=0.027310800 solve_s=0.012163700 update_s=0.000826200 K_nnz=96025 rhs_cols=1 Vxx_nnz=62001
FILTERDDP_TIMING iteration=24 barrier_iteration=2 stage=4 derivative_s=0.001436100 first_order_s=0.000819700 second_order_s=0.000504600 algebra_s=0.003995100 kkt_assembly_s=0.000581600 factor_s=0.021467900 solve_s=0.012808000 update_s=0.000766200 K_nnz=96025 rhs_cols=1 Vxx_nnz=62001
FILTERDDP_TIMING iteration=24 barrier_iteration=2 stage=3 derivative_s=0.001392300 first_order_s=0.000686800 second_order_s=0.000520700 algebra_s=0.004185000 kkt_assembly_s=0.000586800 factor_s=0.025115700 solve_s=0.011988100 update_s=0.000915900 K_nnz=96025 rhs_cols=1 Vxx_nnz=62001
FILTERDDP_TIMING iteration=24 barrier_iteration=2 stage=2 derivative_s=0.002697100 first_order_s=0.001327600 second_order_s=0.001156200 algebra_s=0.006725700 kkt_assembly_s=0.000922800 factor_s=0.024680900 solve_s=0.013564700 update_s=0.002584300 K_nnz=96025 rhs_cols=1 Vxx_nnz=62001
FILTERDDP_TIMING iteration=24 barrier_iteration=2 stage=1 derivative_s=0.005427800 first_order_s=0.002443900 second_order_s=0.002711000 algebra_s=0.014903100 kkt_assembly_s=0.001084200 factor_s=0.036148100 solve_s=0.012419600 update_s=0.001047100 K_nnz=96025 rhs_cols=1 Vxx_nnz=62001
FILTERDDP_FEASIBILITY iteration=24 barrier_iteration=2 equality_count=62016 equality_rms=3.278850340743e-04 equality_max=1.122714539353e-02 equality_worst_stage=3 equality_worst_index=7582 dynamics_count=1245 dynamics_rms=0.000000000000e+00 dynamics_max=0.000000000000e+00 dynamics_worst_stage=0 dynamics_worst_index=0 bound_count=69486 bound_rms=0.000000000000e+00 bound_max=0.000000000000e+00 bound_worst_stage=0 bound_worst_index=0 bound_worst_kind=none
    24   1.12445067e+04   1.1227e-02   6.0649e+01   1.0860e-01   -1.40      -     2.5000e-01   0
FILTERDDP_ITER_TIMING iteration=24 barrier_iteration=2 backward_s=0.425717000 forward_s=0.063548400 total_s=0.489265400 outcome=accepted step_size=2.500000000e-01 backtracks=0 mu=4.000000000e-02
FILTERDDP_TIMING iteration=25 barrier_iteration=2 stage=6 derivative_s=0.003239300 first_order_s=0.001507900 second_order_s=0.001470500 algebra_s=0.009132300 kkt_assembly_s=0.000990500 factor_s=0.024622400 solve_s=0.012112100 update_s=0.001688500 K_nnz=96025 rhs_cols=1 Vxx_nnz=62001
FILTERDDP_TIMING iteration=25 barrier_iteration=2 stage=5 derivative_s=0.003661600 first_order_s=0.001862900 second_order_s=0.001525500 algebra_s=0.009241100 kkt_assembly_s=0.000785100 factor_s=0.021395800 solve_s=0.012255800 update_s=0.001641200 K_nnz=96025 rhs_cols=1 Vxx_nnz=62001
FILTERDDP_TIMING iteration=25 barrier_iteration=2 stage=4 derivative_s=0.005147100 first_order_s=0.002243100 second_order_s=0.002623400 algebra_s=0.010552900 kkt_assembly_s=0.041067500 factor_s=0.021131700 solve_s=0.012464300 update_s=0.001420000 K_nnz=96025 rhs_cols=1 Vxx_nnz=62001
FILTERDDP_TIMING iteration=25 barrier_iteration=2 stage=3 derivative_s=0.003494900 first_order_s=0.001680300 second_order_s=0.001514900 algebra_s=0.008908100 kkt_assembly_s=0.000818600 factor_s=0.021711500 solve_s=0.012559400 update_s=0.001606600 K_nnz=96025 rhs_cols=1 Vxx_nnz=62001
FILTERDDP_TIMING iteration=25 barrier_iteration=2 stage=2 derivative_s=0.003431700 first_order_s=0.001815700 second_order_s=0.001348500 algebra_s=0.009235100 kkt_assembly_s=0.000732800 factor_s=0.021568500 solve_s=0.012674700 update_s=0.001313500 K_nnz=96025 rhs_cols=1 Vxx_nnz=62001
FILTERDDP_TIMING iteration=25 barrier_iteration=2 stage=1 derivative_s=0.095158800 first_order_s=0.000688300 second_order_s=0.094358400 algebra_s=0.007650200 kkt_assembly_s=0.001429200 factor_s=0.023763700 solve_s=0.012098400 update_s=0.001031900 K_nnz=96025 rhs_cols=1 Vxx_nnz=62001
FILTERDDP_FEASIBILITY iteration=25 barrier_iteration=2 equality_count=62016 equality_rms=4.250148204695e-04 equality_max=1.428080884468e-02 equality_worst_stage=3 equality_worst_index=7582 dynamics_count=1245 dynamics_rms=0.000000000000e+00 dynamics_max=0.000000000000e+00 dynamics_worst_stage=0 dynamics_worst_index=0 bound_count=69486 bound_rms=0.000000000000e+00 bound_max=0.000000000000e+00 bound_worst_stage=0 bound_worst_index=0 bound_worst_kind=none
    25   1.11264261e+04   1.4281e-02   9.8302e+01   9.2064e-02   -1.40      -     2.5000e-01   0
FILTERDDP_ITER_TIMING iteration=25 barrier_iteration=2 backward_s=0.432655300 forward_s=0.077138000 total_s=0.509793300 outcome=accepted step_size=2.500000000e-01 backtracks=0 mu=4.000000000e-02
FILTERDDP_TIMING iteration=26 barrier_iteration=2 stage=6 derivative_s=0.003999200 first_order_s=0.002320300 second_order_s=0.001396100 algebra_s=0.014468700 kkt_assembly_s=0.001375200 factor_s=0.043067200 solve_s=0.012838600 update_s=0.001691400 K_nnz=96025 rhs_cols=1 Vxx_nnz=62001
FILTERDDP_TIMING iteration=26 barrier_iteration=2 stage=5 derivative_s=0.003513800 first_order_s=0.001621600 second_order_s=0.001609300 algebra_s=0.013571500 kkt_assembly_s=0.000996500 factor_s=0.034274400 solve_s=0.016708100 update_s=0.001548700 K_nnz=96025 rhs_cols=1 Vxx_nnz=62001
FILTERDDP_TIMING iteration=26 barrier_iteration=2 stage=4 derivative_s=0.006387000 first_order_s=0.002743900 second_order_s=0.003361600 algebra_s=0.018218900 kkt_assembly_s=0.002278500 factor_s=0.044349100 solve_s=0.025863900 update_s=0.001627700 K_nnz=96025 rhs_cols=1 Vxx_nnz=62001
FILTERDDP_TIMING iteration=26 barrier_iteration=2 stage=3 derivative_s=0.003388300 first_order_s=0.001746100 second_order_s=0.001373300 algebra_s=0.011438400 kkt_assembly_s=0.001118300 factor_s=0.021239900 solve_s=0.012344000 update_s=0.001524100 K_nnz=96025 rhs_cols=1 Vxx_nnz=62001
FILTERDDP_TIMING iteration=26 barrier_iteration=2 stage=2 derivative_s=0.003762400 first_order_s=0.002123700 second_order_s=0.001368500 algebra_s=0.009346300 kkt_assembly_s=0.000611000 factor_s=0.022954100 solve_s=0.012884200 update_s=0.001607200 K_nnz=96025 rhs_cols=1 Vxx_nnz=62001
FILTERDDP_TIMING iteration=26 barrier_iteration=2 stage=1 derivative_s=0.003824600 first_order_s=0.001947200 second_order_s=0.001552100 algebra_s=0.009687700 kkt_assembly_s=0.000696600 factor_s=0.032462000 solve_s=0.012287500 update_s=0.001467700 K_nnz=96025 rhs_cols=1 Vxx_nnz=62001
FILTERDDP_FEASIBILITY iteration=26 barrier_iteration=2 equality_count=62016 equality_rms=5.336891137478e-04 equality_max=1.773350557171e-02 equality_worst_stage=3 equality_worst_index=7582 dynamics_count=1245 dynamics_rms=0.000000000000e+00 dynamics_max=0.000000000000e+00 dynamics_worst_stage=0 dynamics_worst_index=0 bound_count=69486 bound_rms=0.000000000000e+00 bound_max=0.000000000000e+00 bound_worst_stage=0 bound_worst_index=0 bound_worst_kind=none
    26   1.10102734e+04   1.7734e-02   1.5301e+02   7.9437e-02   -1.40      -     2.5000e-01   0
FILTERDDP_ITER_TIMING iteration=26 barrier_iteration=2 backward_s=0.410389600 forward_s=0.114721800 total_s=0.525111400 outcome=accepted step_size=2.500000000e-01 backtracks=0 mu=4.000000000e-02
FILTERDDP_TIMING iteration=27 barrier_iteration=2 stage=6 derivative_s=0.003565800 first_order_s=0.001626200 second_order_s=0.001663100 algebra_s=0.009356200 kkt_assembly_s=0.000838900 factor_s=0.023012200 solve_s=0.012157600 update_s=0.001709400 K_nnz=96025 rhs_cols=1 Vxx_nnz=62001
FILTERDDP_TIMING iteration=27 barrier_iteration=2 stage=5 derivative_s=0.003255100 first_order_s=0.001664400 second_order_s=0.001326500 algebra_s=0.011885500 kkt_assembly_s=0.001449500 factor_s=0.047236500 solve_s=0.012552700 update_s=0.001562600 K_nnz=96025 rhs_cols=1 Vxx_nnz=62001
FILTERDDP_TIMING iteration=27 barrier_iteration=2 stage=4 derivative_s=0.003229200 first_order_s=0.001680900 second_order_s=0.001255000 algebra_s=0.097320300 kkt_assembly_s=0.001482600 factor_s=0.023285700 solve_s=0.011993300 update_s=0.001243700 K_nnz=96025 rhs_cols=1 Vxx_nnz=62001
FILTERDDP_TIMING iteration=27 barrier_iteration=2 stage=3 derivative_s=0.003212400 first_order_s=0.001644000 second_order_s=0.001300000 algebra_s=0.009302400 kkt_assembly_s=0.000854800 factor_s=0.020200600 solve_s=0.012888300 update_s=0.001998300 K_nnz=96025 rhs_cols=1 Vxx_nnz=62001
FILTERDDP_TIMING iteration=27 barrier_iteration=2 stage=2 derivative_s=0.003257500 first_order_s=0.001671200 second_order_s=0.001320600 algebra_s=0.009822400 kkt_assembly_s=0.000744800 factor_s=0.020703100 solve_s=0.011896100 update_s=0.001529400 K_nnz=96025 rhs_cols=1 Vxx_nnz=62001
FILTERDDP_TIMING iteration=27 barrier_iteration=2 stage=1 derivative_s=0.003173300 first_order_s=0.001623200 second_order_s=0.001236900 algebra_s=0.011167600 kkt_assembly_s=0.000767700 factor_s=0.022443700 solve_s=0.013272500 update_s=0.002680400 K_nnz=96025 rhs_cols=1 Vxx_nnz=62001
FILTERDDP_FEASIBILITY iteration=27 barrier_iteration=2 equality_count=62016 equality_rms=6.185678454802e-04 equality_max=2.033989541453e-02 equality_worst_stage=3 equality_worst_index=7582 dynamics_count=1245 dynamics_rms=0.000000000000e+00 dynamics_max=0.000000000000e+00 dynamics_worst_stage=0 dynamics_worst_index=0 bound_count=69486 bound_rms=0.000000000000e+00 bound_max=0.000000000000e+00 bound_worst_stage=0 bound_worst_index=0 bound_worst_kind=none
    27   1.09031226e+04   2.0340e-02   2.3709e+02   6.9825e-02   -1.40      -     2.5000e-01   0
FILTERDDP_ITER_TIMING iteration=27 barrier_iteration=2 backward_s=0.418054500 forward_s=0.079569900 total_s=0.497624400 outcome=accepted step_size=2.500000000e-01 backtracks=0 mu=4.000000000e-02
FILTERDDP_TIMING iteration=28 barrier_iteration=2 stage=6 derivative_s=0.030012100 first_order_s=0.025937900 second_order_s=0.003800500 algebra_s=0.009288600 kkt_assembly_s=0.001370300 factor_s=0.036699500 solve_s=0.012799300 update_s=0.001495900 K_nnz=96025 rhs_cols=1 Vxx_nnz=62001
FILTERDDP_TIMING iteration=28 barrier_iteration=2 stage=5 derivative_s=0.003343500 first_order_s=0.001713500 second_order_s=0.001365800 algebra_s=0.009366700 kkt_assembly_s=0.000910700 factor_s=0.024035600 solve_s=0.011911900 update_s=0.001750300 K_nnz=96025 rhs_cols=1 Vxx_nnz=62001
FILTERDDP_TIMING iteration=28 barrier_iteration=2 stage=4 derivative_s=0.003387300 first_order_s=0.001712100 second_order_s=0.001315300 algebra_s=0.009611900 kkt_assembly_s=0.000576000 factor_s=0.020555700 solve_s=0.012018100 update_s=0.001560100 K_nnz=96025 rhs_cols=1 Vxx_nnz=62001
FILTERDDP_TIMING iteration=28 barrier_iteration=2 stage=3 derivative_s=0.003233100 first_order_s=0.001682300 second_order_s=0.001284500 algebra_s=0.009254900 kkt_assembly_s=0.048957100 factor_s=0.020955300 solve_s=0.012324600 update_s=0.001582800 K_nnz=96025 rhs_cols=1 Vxx_nnz=62001
FILTERDDP_TIMING iteration=28 barrier_iteration=2 stage=2 derivative_s=0.001334100 first_order_s=0.000706100 second_order_s=0.000522700 algebra_s=0.008453800 kkt_assembly_s=0.001602700 factor_s=0.028640300 solve_s=0.013436600 update_s=0.001983900 K_nnz=96025 rhs_cols=1 Vxx_nnz=62001
FILTERDDP_TIMING iteration=28 barrier_iteration=2 stage=1 derivative_s=0.003180000 first_order_s=0.001623000 second_order_s=0.001289300 algebra_s=0.009980400 kkt_assembly_s=0.000717600 factor_s=0.021732700 solve_s=0.012469400 update_s=0.001857100 K_nnz=96025 rhs_cols=1 Vxx_nnz=62001
FILTERDDP_FEASIBILITY iteration=28 barrier_iteration=2 equality_count=62016 equality_rms=5.395257270946e-04 equality_max=1.569739787810e-02 equality_worst_stage=3 equality_worst_index=7582 dynamics_count=1245 dynamics_rms=0.000000000000e+00 dynamics_max=0.000000000000e+00 dynamics_worst_stage=0 dynamics_worst_index=0 bound_count=69486 bound_rms=0.000000000000e+00 bound_max=0.000000000000e+00 bound_worst_stage=0 bound_worst_index=0 bound_worst_kind=none
    28   1.08294686e+04   1.5697e-02   8.8829e+01   6.2551e-02   -1.40      -     2.5000e-01   0
FILTERDDP_ITER_TIMING iteration=28 barrier_iteration=2 backward_s=0.393555100 forward_s=0.154401400 total_s=0.547956500 outcome=accepted step_size=5.000000000e-01 backtracks=0 mu=4.000000000e-02
FILTERDDP_TIMING iteration=29 barrier_iteration=2 stage=6 derivative_s=0.003797600 first_order_s=0.001854600 second_order_s=0.001684000 algebra_s=0.008620500 kkt_assembly_s=0.000842900 factor_s=0.021599200 solve_s=0.011720100 update_s=0.001598000 K_nnz=96025 rhs_cols=1 Vxx_nnz=62001
FILTERDDP_TIMING iteration=29 barrier_iteration=2 stage=5 derivative_s=0.003358900 first_order_s=0.001692200 second_order_s=0.001397500 algebra_s=0.009212300 kkt_assembly_s=0.000852000 factor_s=0.020804500 solve_s=0.011961600 update_s=0.001600800 K_nnz=96025 rhs_cols=1 Vxx_nnz=62001
FILTERDDP_TIMING iteration=29 barrier_iteration=2 stage=4 derivative_s=0.003367600 first_order_s=0.001683800 second_order_s=0.001417300 algebra_s=0.009295900 kkt_assembly_s=0.000835100 factor_s=0.020231300 solve_s=0.012974900 update_s=0.002068000 K_nnz=96025 rhs_cols=1 Vxx_nnz=62001
FILTERDDP_TIMING iteration=29 barrier_iteration=2 stage=3 derivative_s=0.005451100 first_order_s=0.002197600 second_order_s=0.002975000 algebra_s=0.010334800 kkt_assembly_s=0.000779800 factor_s=0.022869800 solve_s=0.013034000 update_s=0.001687600 K_nnz=96025 rhs_cols=1 Vxx_nnz=62001
FILTERDDP_TIMING iteration=29 barrier_iteration=2 stage=2 derivative_s=0.006232100 first_order_s=0.002626500 second_order_s=0.003479200 algebra_s=0.011882200 kkt_assembly_s=0.000777800 factor_s=0.036152000 solve_s=0.011838100 update_s=0.001623500 K_nnz=96025 rhs_cols=1 Vxx_nnz=62001
FILTERDDP_TIMING iteration=29 barrier_iteration=2 stage=1 derivative_s=0.003529300 first_order_s=0.001879500 second_order_s=0.001386000 algebra_s=0.009978700 kkt_assembly_s=0.001350300 factor_s=0.021073700 solve_s=0.012552200 update_s=0.001728900 K_nnz=96025 rhs_cols=1 Vxx_nnz=62001
FILTERDDP_FEASIBILITY iteration=29 barrier_iteration=2 equality_count=62016 equality_rms=5.842041135816e-04 equality_max=1.631640785319e-02 equality_worst_stage=2 equality_worst_index=9917 dynamics_count=1245 dynamics_rms=0.000000000000e+00 dynamics_max=0.000000000000e+00 dynamics_worst_stage=0 dynamics_worst_index=0 bound_count=69486 bound_rms=0.000000000000e+00 bound_max=0.000000000000e+00 bound_worst_stage=0 bound_worst_index=0 bound_worst_kind=none
    29   1.06820108e+04   1.6316e-02   6.3411e+01   5.1782e-02   -1.40      -     5.0000e-01   0
FILTERDDP_ITER_TIMING iteration=29 barrier_iteration=2 backward_s=0.318564500 forward_s=0.052486000 total_s=0.371050500 outcome=accepted step_size=5.000000000e-01 backtracks=0 mu=4.000000000e-02
FILTERDDP_TIMING iteration=30 barrier_iteration=2 stage=6 derivative_s=0.003887800 first_order_s=0.001680500 second_order_s=0.001800100 algebra_s=0.011222700 kkt_assembly_s=0.001230100 factor_s=0.032287700 solve_s=0.013294400 update_s=0.001610600 K_nnz=96025 rhs_cols=1 Vxx_nnz=62001
FILTERDDP_TIMING iteration=30 barrier_iteration=2 stage=5 derivative_s=0.003229900 first_order_s=0.001684000 second_order_s=0.001281200 algebra_s=0.011767500 kkt_assembly_s=0.001397200 factor_s=0.080649300 solve_s=0.011909800 update_s=0.001547100 K_nnz=96025 rhs_cols=1 Vxx_nnz=62001
FILTERDDP_TIMING iteration=30 barrier_iteration=2 stage=4 derivative_s=0.003329600 first_order_s=0.001728800 second_order_s=0.001334400 algebra_s=0.009674100 kkt_assembly_s=0.000586900 factor_s=0.020814400 solve_s=0.013039700 update_s=0.001669500 K_nnz=96025 rhs_cols=1 Vxx_nnz=62001
FILTERDDP_TIMING iteration=30 barrier_iteration=2 stage=3 derivative_s=0.003188200 first_order_s=0.001645300 second_order_s=0.001277400 algebra_s=0.009448800 kkt_assembly_s=0.000808000 factor_s=0.021078700 solve_s=0.012001700 update_s=0.001684100 K_nnz=96025 rhs_cols=1 Vxx_nnz=62001
FILTERDDP_TIMING iteration=30 barrier_iteration=2 stage=2 derivative_s=0.003180500 first_order_s=0.001630800 second_order_s=0.001287200 algebra_s=0.009405800 kkt_assembly_s=0.000866500 factor_s=0.116334200 solve_s=0.012695700 update_s=0.001008500 K_nnz=96025 rhs_cols=1 Vxx_nnz=62001
FILTERDDP_TIMING iteration=30 barrier_iteration=2 stage=1 derivative_s=0.003297900 first_order_s=0.001680400 second_order_s=0.001305800 algebra_s=0.006464900 kkt_assembly_s=0.000719400 factor_s=0.022700700 solve_s=0.012363700 update_s=0.001630300 K_nnz=96025 rhs_cols=1 Vxx_nnz=62001
FILTERDDP_FEASIBILITY iteration=30 barrier_iteration=2 equality_count=62016 equality_rms=4.452493325870e-04 equality_max=1.184936815324e-02 equality_worst_stage=2 equality_worst_index=7582 dynamics_count=1245 dynamics_rms=0.000000000000e+00 dynamics_max=0.000000000000e+00 dynamics_worst_stage=0 dynamics_worst_index=0 bound_count=69486 bound_rms=0.000000000000e+00 bound_max=0.000000000000e+00 bound_worst_stage=0 bound_worst_index=0 bound_worst_kind=none
  iter     objective        pr_inf       du_inf       cs_inf     lg(μ)   lg(reg)    alpha     ls
    30   1.05969870e+04   1.1849e-02   6.0595e+01   4.6040e-02   -1.40      -     5.0000e-01   0
FILTERDDP_ITER_TIMING iteration=30 barrier_iteration=2 backward_s=0.462970900 forward_s=0.047527300 total_s=0.510498200 outcome=accepted step_size=5.000000000e-01 backtracks=0 mu=4.000000000e-02
FILTERDDP_TIMING iteration=31 barrier_iteration=2 stage=6 derivative_s=0.003743900 first_order_s=0.001867300 second_order_s=0.001616800 algebra_s=0.012657800 kkt_assembly_s=0.001311700 factor_s=0.037361800 solve_s=0.012243900 update_s=0.001707300 K_nnz=96025 rhs_cols=1 Vxx_nnz=62001
FILTERDDP_TIMING iteration=31 barrier_iteration=2 stage=5 derivative_s=0.003336300 first_order_s=0.001747300 second_order_s=0.001325400 algebra_s=0.010600400 kkt_assembly_s=0.000776900 factor_s=0.022332500 solve_s=0.013222300 update_s=0.003260800 K_nnz=96025 rhs_cols=1 Vxx_nnz=62001
FILTERDDP_TIMING iteration=31 barrier_iteration=2 stage=4 derivative_s=0.005943900 first_order_s=0.002533200 second_order_s=0.003090300 algebra_s=0.010649600 kkt_assembly_s=0.000797600 factor_s=0.037762600 solve_s=0.012391800 update_s=0.001588700 K_nnz=96025 rhs_cols=1 Vxx_nnz=62001
FILTERDDP_TIMING iteration=31 barrier_iteration=2 stage=3 derivative_s=0.003199700 first_order_s=0.001626300 second_order_s=0.001307400 algebra_s=0.009429700 kkt_assembly_s=0.000770800 factor_s=0.020781900 solve_s=0.012373400 update_s=0.001721500 K_nnz=96025 rhs_cols=1 Vxx_nnz=62001
FILTERDDP_TIMING iteration=31 barrier_iteration=2 stage=2 derivative_s=0.003217200 first_order_s=0.001650900 second_order_s=0.001301900 algebra_s=0.009837900 kkt_assembly_s=0.000557200 factor_s=0.020640500 solve_s=0.012674900 update_s=0.001704400 K_nnz=96025 rhs_cols=1 Vxx_nnz=62001
FILTERDDP_TIMING iteration=31 barrier_iteration=2 stage=1 derivative_s=0.003212100 first_order_s=0.001673700 second_order_s=0.001274500 algebra_s=0.009727200 kkt_assembly_s=0.000580600 factor_s=0.020757100 solve_s=0.012285000 update_s=0.001374000 K_nnz=96025 rhs_cols=1 Vxx_nnz=62001
FILTERDDP_FEASIBILITY iteration=31 barrier_iteration=2 equality_count=62016 equality_rms=2.711265928452e-04 equality_max=7.288972532992e-03 equality_worst_stage=2 equality_worst_index=7582 dynamics_count=1245 dynamics_rms=0.000000000000e+00 dynamics_max=0.000000000000e+00 dynamics_worst_stage=0 dynamics_worst_index=0 bound_count=69486 bound_rms=0.000000000000e+00 bound_max=0.000000000000e+00 bound_worst_stage=0 bound_worst_index=0 bound_worst_kind=none
    31   1.05448609e+04   7.2890e-03   3.3712e+01   4.3069e-02   -1.40      -     5.0000e-01   0
FILTERDDP_ITER_TIMING iteration=31 barrier_iteration=2 backward_s=0.337440900 forward_s=0.085227200 total_s=0.422668100 outcome=accepted step_size=5.000000000e-01 backtracks=0 mu=4.000000000e-02
FILTERDDP_TIMING iteration=32 barrier_iteration=2 stage=6 derivative_s=0.001441200 first_order_s=0.000654500 second_order_s=0.000683700 algebra_s=0.004906900 kkt_assembly_s=0.000612300 factor_s=0.020843000 solve_s=0.012567000 update_s=0.001567000 K_nnz=96025 rhs_cols=1 Vxx_nnz=62001
FILTERDDP_TIMING iteration=32 barrier_iteration=2 stage=5 derivative_s=0.003292300 first_order_s=0.001659200 second_order_s=0.001353600 algebra_s=0.009767800 kkt_assembly_s=0.000583500 factor_s=0.021050400 solve_s=0.012559800 update_s=0.001584400 K_nnz=96025 rhs_cols=1 Vxx_nnz=62001
FILTERDDP_TIMING iteration=32 barrier_iteration=2 stage=4 derivative_s=0.003306200 first_order_s=0.001681600 second_order_s=0.001359100 algebra_s=0.012109500 kkt_assembly_s=0.001723500 factor_s=0.117797300 solve_s=0.012310700 update_s=0.001568800 K_nnz=96025 rhs_cols=1 Vxx_nnz=62001
FILTERDDP_TIMING iteration=32 barrier_iteration=2 stage=3 derivative_s=0.003192100 first_order_s=0.001614900 second_order_s=0.001311500 algebra_s=0.009362800 kkt_assembly_s=0.001372700 factor_s=0.021044100 solve_s=0.011880100 update_s=0.001577600 K_nnz=96025 rhs_cols=1 Vxx_nnz=62001
FILTERDDP_TIMING iteration=32 barrier_iteration=2 stage=2 derivative_s=0.003543900 first_order_s=0.001731800 second_order_s=0.001507600 algebra_s=0.008896800 kkt_assembly_s=0.000832800 factor_s=0.020386400 solve_s=0.012152700 update_s=0.001624900 K_nnz=96025 rhs_cols=1 Vxx_nnz=62001
FILTERDDP_TIMING iteration=32 barrier_iteration=2 stage=1 derivative_s=0.003326000 first_order_s=0.001808700 second_order_s=0.001251500 algebra_s=0.009151000 kkt_assembly_s=0.001002100 factor_s=0.022547500 solve_s=0.013576400 update_s=0.002761200 K_nnz=96025 rhs_cols=1 Vxx_nnz=62001
FILTERDDP_FEASIBILITY iteration=32 barrier_iteration=2 equality_count=62016 equality_rms=1.564748086907e-04 equality_max=4.363037648115e-03 equality_worst_stage=2 equality_worst_index=7582 dynamics_count=1245 dynamics_rms=0.000000000000e+00 dynamics_max=0.000000000000e+00 dynamics_worst_stage=0 dynamics_worst_index=0 bound_count=69486 bound_rms=0.000000000000e+00 bound_max=0.000000000000e+00 bound_worst_stage=0 bound_worst_index=0 bound_worst_kind=none
    32   1.05194374e+04   4.3630e-03   2.1430e+01   4.1548e-02   -1.40      -     5.0000e-01   0
FILTERDDP_ITER_TIMING iteration=32 barrier_iteration=2 backward_s=0.388695400 forward_s=0.060434200 total_s=0.449129600 outcome=accepted step_size=5.000000000e-01 backtracks=0 mu=4.000000000e-02
FILTERDDP_TIMING iteration=33 barrier_iteration=2 stage=6 derivative_s=0.004864900 first_order_s=0.001850400 second_order_s=0.002891400 algebra_s=0.013158900 kkt_assembly_s=0.002124700 factor_s=0.040358300 solve_s=0.011873200 update_s=0.001651700 K_nnz=96025 rhs_cols=1 Vxx_nnz=62001
FILTERDDP_TIMING iteration=33 barrier_iteration=2 stage=5 derivative_s=0.003666000 first_order_s=0.001821600 second_order_s=0.001579600 algebra_s=0.009997500 kkt_assembly_s=0.000913200 factor_s=0.020744200 solve_s=0.012032700 update_s=0.001777200 K_nnz=96025 rhs_cols=1 Vxx_nnz=62001
FILTERDDP_TIMING iteration=33 barrier_iteration=2 stage=4 derivative_s=0.003433800 first_order_s=0.001756600 second_order_s=0.001410800 algebra_s=0.009440900 kkt_assembly_s=0.000802000 factor_s=0.022063400 solve_s=0.011694400 update_s=0.001590800 K_nnz=96025 rhs_cols=1 Vxx_nnz=62001
FILTERDDP_TIMING iteration=33 barrier_iteration=2 stage=3 derivative_s=0.003296100 first_order_s=0.001724900 second_order_s=0.001303400 algebra_s=0.009421300 kkt_assembly_s=0.000564500 factor_s=0.020497700 solve_s=0.012463800 update_s=0.001671100 K_nnz=96025 rhs_cols=1 Vxx_nnz=62001
FILTERDDP_TIMING iteration=33 barrier_iteration=2 stage=2 derivative_s=0.003246700 first_order_s=0.001669300 second_order_s=0.001313000 algebra_s=0.051893300 kkt_assembly_s=0.001302400 factor_s=0.035920700 solve_s=0.012142800 update_s=0.001650800 K_nnz=96025 rhs_cols=1 Vxx_nnz=62001
FILTERDDP_TIMING iteration=33 barrier_iteration=2 stage=1 derivative_s=0.003302000 first_order_s=0.001729300 second_order_s=0.001306300 algebra_s=0.010647900 kkt_assembly_s=0.001304600 factor_s=0.039568100 solve_s=0.012013100 update_s=0.001590600 K_nnz=96025 rhs_cols=1 Vxx_nnz=62001
FILTERDDP_FEASIBILITY iteration=33 barrier_iteration=2 equality_count=62016 equality_rms=8.274605456132e-05 equality_max=2.323703122782e-03 equality_worst_stage=2 equality_worst_index=7582 dynamics_count=1245 dynamics_rms=0.000000000000e+00 dynamics_max=0.000000000000e+00 dynamics_worst_stage=0 dynamics_worst_index=0 bound_count=69486 bound_rms=0.000000000000e+00 bound_max=0.000000000000e+00 bound_worst_stage=0 bound_worst_index=0 bound_worst_kind=none
    33   1.05053420e+04   2.3237e-03   1.0182e+01   4.0778e-02   -1.40      -     5.0000e-01   0
FILTERDDP_ITER_TIMING iteration=33 barrier_iteration=2 backward_s=0.395879300 forward_s=0.047229400 total_s=0.443108700 outcome=accepted step_size=5.000000000e-01 backtracks=0 mu=4.000000000e-02
FILTERDDP_TIMING iteration=34 barrier_iteration=2 stage=6 derivative_s=0.003442400 first_order_s=0.001579900 second_order_s=0.001584600 algebra_s=0.012105600 kkt_assembly_s=0.001282000 factor_s=0.140396600 solve_s=0.012736300 update_s=0.001560300 K_nnz=96025 rhs_cols=1 Vxx_nnz=62001
FILTERDDP_TIMING iteration=34 barrier_iteration=2 stage=5 derivative_s=0.003440400 first_order_s=0.001770100 second_order_s=0.001404500 algebra_s=0.009578800 kkt_assembly_s=0.001415900 factor_s=0.021141700 solve_s=0.012241400 update_s=0.001717200 K_nnz=96025 rhs_cols=1 Vxx_nnz=62001
FILTERDDP_TIMING iteration=34 barrier_iteration=2 stage=4 derivative_s=0.003390100 first_order_s=0.001712200 second_order_s=0.001412200 algebra_s=0.009569700 kkt_assembly_s=0.001407200 factor_s=0.021012000 solve_s=0.012905900 update_s=0.001683900 K_nnz=96025 rhs_cols=1 Vxx_nnz=62001
FILTERDDP_TIMING iteration=34 barrier_iteration=2 stage=3 derivative_s=0.003484200 first_order_s=0.001734600 second_order_s=0.001456900 algebra_s=0.008979900 kkt_assembly_s=0.000932400 factor_s=0.021040100 solve_s=0.012807300 update_s=0.001698000 K_nnz=96025 rhs_cols=1 Vxx_nnz=62001
FILTERDDP_TIMING iteration=34 barrier_iteration=2 stage=2 derivative_s=0.005652000 first_order_s=0.002442400 second_order_s=0.002844600 algebra_s=0.010115400 kkt_assembly_s=0.000790100 factor_s=0.022310700 solve_s=0.013293100 update_s=0.002647000 K_nnz=96025 rhs_cols=1 Vxx_nnz=62001
FILTERDDP_TIMING iteration=34 barrier_iteration=2 stage=1 derivative_s=0.006753400 first_order_s=0.003151200 second_order_s=0.003323600 algebra_s=0.019099500 kkt_assembly_s=0.000884700 factor_s=0.039301900 solve_s=0.012409800 update_s=0.001699200 K_nnz=96025 rhs_cols=1 Vxx_nnz=62001
FILTERDDP_FEASIBILITY iteration=34 barrier_iteration=2 equality_count=62016 equality_rms=4.356346587199e-05 equality_max=1.240801874031e-03 equality_worst_stage=2 equality_worst_index=7582 dynamics_count=1245 dynamics_rms=0.000000000000e+00 dynamics_max=0.000000000000e+00 dynamics_worst_stage=0 dynamics_worst_index=0 bound_count=69486 bound_rms=0.000000000000e+00 bound_max=0.000000000000e+00 bound_worst_stage=0 bound_worst_index=0 bound_worst_kind=none
    34   1.04986800e+04   1.2408e-03   4.9276e+00   2.2000e-02   -1.40      -     5.0000e-01   0
FILTERDDP_ITER_TIMING iteration=34 barrier_iteration=2 backward_s=0.455855100 forward_s=0.049763100 total_s=0.505618200 outcome=accepted step_size=5.000000000e-01 backtracks=0 mu=4.000000000e-02
FILTERDDP_TIMING iteration=35 barrier_iteration=2 stage=6 derivative_s=0.004180200 first_order_s=0.002210700 second_order_s=0.001710100 algebra_s=0.013118700 kkt_assembly_s=0.001351200 factor_s=0.035456900 solve_s=0.012062900 update_s=0.001292200 K_nnz=96025 rhs_cols=1 Vxx_nnz=62001
FILTERDDP_TIMING iteration=35 barrier_iteration=2 stage=5 derivative_s=0.003459700 first_order_s=0.001816800 second_order_s=0.001377000 algebra_s=0.009554100 kkt_assembly_s=0.000602400 factor_s=0.021649200 solve_s=0.012292600 update_s=0.001590600 K_nnz=96025 rhs_cols=1 Vxx_nnz=62001
FILTERDDP_TIMING iteration=35 barrier_iteration=2 stage=4 derivative_s=0.003428900 first_order_s=0.001746600 second_order_s=0.001414300 algebra_s=0.009468700 kkt_assembly_s=0.000793900 factor_s=0.074717700 solve_s=0.014321200 update_s=0.002740900 K_nnz=96025 rhs_cols=1 Vxx_nnz=62001
FILTERDDP_TIMING iteration=35 barrier_iteration=2 stage=3 derivative_s=0.006052500 first_order_s=0.002679000 second_order_s=0.003091800 algebra_s=0.010466800 kkt_assembly_s=0.000814500 factor_s=0.034657600 solve_s=0.017889900 update_s=0.002844000 K_nnz=96025 rhs_cols=1 Vxx_nnz=62001
FILTERDDP_TIMING iteration=35 barrier_iteration=2 stage=2 derivative_s=0.006033800 first_order_s=0.002706600 second_order_s=0.003047800 algebra_s=0.010505800 kkt_assembly_s=0.000887900 factor_s=0.023527000 solve_s=0.015248800 update_s=0.002384900 K_nnz=96025 rhs_cols=1 Vxx_nnz=62001
FILTERDDP_TIMING iteration=35 barrier_iteration=2 stage=1 derivative_s=0.006291300 first_order_s=0.003058000 second_order_s=0.003113700 algebra_s=0.006601200 kkt_assembly_s=0.001004200 factor_s=0.132204400 solve_s=0.014064400 update_s=0.002705300 K_nnz=96025 rhs_cols=1 Vxx_nnz=62001
FILTERDDP_FEASIBILITY iteration=35 barrier_iteration=2 equality_count=62016 equality_rms=2.223153913672e-05 equality_max=6.362512432627e-04 equality_worst_stage=2 equality_worst_index=7582 dynamics_count=1245 dynamics_rms=0.000000000000e+00 dynamics_max=0.000000000000e+00 dynamics_worst_stage=0 dynamics_worst_index=0 bound_count=69486 bound_rms=0.000000000000e+00 bound_max=0.000000000000e+00 bound_worst_stage=0 bound_worst_index=0 bound_worst_kind=none
    35   1.04949951e+04   6.3625e-04   1.8727e+00   1.1068e-02   -1.40      -     5.0000e-01   0
FILTERDDP_ITER_TIMING iteration=35 barrier_iteration=2 backward_s=0.517157700 forward_s=0.049928200 total_s=0.567085900 outcome=accepted step_size=5.000000000e-01 backtracks=0 mu=4.000000000e-02
FILTERDDP_TIMING iteration=36 barrier_iteration=2 stage=6 derivative_s=0.008322300 first_order_s=0.002995100 second_order_s=0.005053600 algebra_s=0.019695600 kkt_assembly_s=0.001567800 factor_s=0.040385600 solve_s=0.015417100 update_s=0.002574400 K_nnz=96025 rhs_cols=1 Vxx_nnz=62001
FILTERDDP_TIMING iteration=36 barrier_iteration=2 stage=5 derivative_s=0.005896200 first_order_s=0.002456200 second_order_s=0.003155400 algebra_s=0.010635100 kkt_assembly_s=0.000820900 factor_s=0.022569100 solve_s=0.013658300 update_s=0.002727200 K_nnz=96025 rhs_cols=1 Vxx_nnz=62001
FILTERDDP_TIMING iteration=36 barrier_iteration=2 stage=4 derivative_s=0.005916800 first_order_s=0.002667800 second_order_s=0.002967300 algebra_s=0.010147700 kkt_assembly_s=0.000909400 factor_s=0.023110700 solve_s=0.013006400 update_s=0.002701900 K_nnz=96025 rhs_cols=1 Vxx_nnz=62001
FILTERDDP_TIMING iteration=36 barrier_iteration=2 stage=3 derivative_s=0.006321200 first_order_s=0.002870000 second_order_s=0.003167300 algebra_s=0.013512500 kkt_assembly_s=0.000890600 factor_s=0.038362600 solve_s=0.011742300 update_s=0.001631500 K_nnz=96025 rhs_cols=1 Vxx_nnz=62001
FILTERDDP_TIMING iteration=36 barrier_iteration=2 stage=2 derivative_s=0.003310700 first_order_s=0.001699800 second_order_s=0.001349000 algebra_s=0.009983000 kkt_assembly_s=0.000567900 factor_s=0.020400600 solve_s=0.012381200 update_s=0.001668100 K_nnz=96025 rhs_cols=1 Vxx_nnz=62001
FILTERDDP_TIMING iteration=36 barrier_iteration=2 stage=1 derivative_s=0.003374600 first_order_s=0.001772500 second_order_s=0.001332500 algebra_s=0.009345900 kkt_assembly_s=0.000719600 factor_s=0.021039900 solve_s=0.011790900 update_s=0.001622100 K_nnz=96025 rhs_cols=1 Vxx_nnz=62001
FILTERDDP_FEASIBILITY iteration=36 barrier_iteration=2 equality_count=62016 equality_rms=1.135365359160e-05 equality_max=3.269950067883e-04 equality_worst_stage=2 equality_worst_index=7582 dynamics_count=1245 dynamics_rms=0.000000000000e+00 dynamics_max=0.000000000000e+00 dynamics_worst_stage=0 dynamics_worst_index=0 bound_count=69486 bound_rms=0.000000000000e+00 bound_max=0.000000000000e+00 bound_worst_stage=0 bound_worst_index=0 bound_worst_kind=none
    36   1.04932625e+04   3.2700e-04   7.2165e-01   5.5509e-03   -1.40      -     5.0000e-01   0
FILTERDDP_ITER_TIMING iteration=36 barrier_iteration=2 backward_s=0.369975100 forward_s=0.046861200 total_s=0.416836300 outcome=accepted step_size=5.000000000e-01 backtracks=0 mu=4.000000000e-02
FILTERDDP_TIMING iteration=37 barrier_iteration=2 stage=6 derivative_s=0.003830200 first_order_s=0.001816700 second_order_s=0.001590600 algebra_s=0.010576800 kkt_assembly_s=0.001349000 factor_s=0.081235800 solve_s=0.014463600 update_s=0.001811000 K_nnz=96025 rhs_cols=1 Vxx_nnz=62001
FILTERDDP_TIMING iteration=37 barrier_iteration=2 stage=5 derivative_s=0.002250800 first_order_s=0.001150900 second_order_s=0.000932300 algebra_s=0.009715100 kkt_assembly_s=0.000581500 factor_s=0.020900800 solve_s=0.011711100 update_s=0.001365400 K_nnz=96025 rhs_cols=1 Vxx_nnz=62001
FILTERDDP_TIMING iteration=37 barrier_iteration=2 stage=4 derivative_s=0.003452400 first_order_s=0.001719000 second_order_s=0.001349500 algebra_s=0.010429700 kkt_assembly_s=0.000782300 factor_s=0.021028000 solve_s=0.012162400 update_s=0.001587300 K_nnz=96025 rhs_cols=1 Vxx_nnz=62001
FILTERDDP_TIMING iteration=37 barrier_iteration=2 stage=3 derivative_s=0.003225800 first_order_s=0.001661500 second_order_s=0.001299600 algebra_s=0.010830500 kkt_assembly_s=0.001509400 factor_s=0.127351600 solve_s=0.012611800 update_s=0.001512000 K_nnz=96025 rhs_cols=1 Vxx_nnz=62001
FILTERDDP_TIMING iteration=37 barrier_iteration=2 stage=2 derivative_s=0.003245200 first_order_s=0.001664200 second_order_s=0.001316600 algebra_s=0.010608500 kkt_assembly_s=0.000772000 factor_s=0.021138700 solve_s=0.013078000 update_s=0.001875900 K_nnz=96025 rhs_cols=1 Vxx_nnz=62001
FILTERDDP_TIMING iteration=37 barrier_iteration=2 stage=1 derivative_s=0.003220900 first_order_s=0.001662700 second_order_s=0.001291400 algebra_s=0.009443100 kkt_assembly_s=0.000877100 factor_s=0.021269500 solve_s=0.012414600 update_s=0.001576500 K_nnz=96025 rhs_cols=1 Vxx_nnz=62001
FILTERDDP_FEASIBILITY iteration=37 barrier_iteration=2 equality_count=62016 equality_rms=5.728560803384e-06 equality_max=1.654620082427e-04 equality_worst_stage=2 equality_worst_index=7582 dynamics_count=1245 dynamics_rms=0.000000000000e+00 dynamics_max=0.000000000000e+00 dynamics_worst_stage=0 dynamics_worst_index=0 bound_count=69486 bound_rms=0.000000000000e+00 bound_max=0.000000000000e+00 bound_worst_stage=0 bound_worst_index=0 bound_worst_kind=none
FILTERDDP_ITER_TIMING iteration=37 barrier_iteration=2 backward_s=0.466723100 forward_s=0.000000000 total_s=0.466723100 outcome=barrier_update step_size=5.000000000e-01 backtracks=0 mu=4.000000000e-02
FILTERDDP_TIMING iteration=37 barrier_iteration=3 stage=6 derivative_s=0.003477600 first_order_s=0.001631000 second_order_s=0.001587300 algebra_s=0.010406100 kkt_assembly_s=0.000881500 factor_s=0.021061500 solve_s=0.012619300 update_s=0.002435100 K_nnz=96025 rhs_cols=1 Vxx_nnz=62001
FILTERDDP_TIMING iteration=37 barrier_iteration=3 stage=5 derivative_s=0.005773000 first_order_s=0.002580000 second_order_s=0.002892300 algebra_s=0.010555600 kkt_assembly_s=0.000793400 factor_s=0.022677200 solve_s=0.013666600 update_s=0.002874800 K_nnz=96025 rhs_cols=1 Vxx_nnz=62001
FILTERDDP_TIMING iteration=37 barrier_iteration=3 stage=4 derivative_s=0.005717200 first_order_s=0.002563800 second_order_s=0.002872500 algebra_s=0.021319700 kkt_assembly_s=0.001298800 factor_s=0.040093900 solve_s=0.012301500 update_s=0.001574800 K_nnz=96025 rhs_cols=1 Vxx_nnz=62001
FILTERDDP_TIMING iteration=37 barrier_iteration=3 stage=3 derivative_s=0.003420500 first_order_s=0.001726300 second_order_s=0.001428400 algebra_s=0.012595500 kkt_assembly_s=0.001406900 factor_s=0.041292200 solve_s=0.011830500 update_s=0.001572300 K_nnz=96025 rhs_cols=1 Vxx_nnz=62001
FILTERDDP_TIMING iteration=37 barrier_iteration=3 stage=2 derivative_s=0.003211500 first_order_s=0.001653000 second_order_s=0.001293500 algebra_s=0.009409600 kkt_assembly_s=0.000815300 factor_s=0.020468100 solve_s=0.012149500 update_s=0.001724100 K_nnz=96025 rhs_cols=1 Vxx_nnz=62001
FILTERDDP_TIMING iteration=37 barrier_iteration=3 stage=1 derivative_s=0.003184300 first_order_s=0.001625300 second_order_s=0.001294600 algebra_s=0.009481100 kkt_assembly_s=0.000775200 factor_s=0.061895000 solve_s=0.012590200 update_s=0.001616200 K_nnz=96025 rhs_cols=1 Vxx_nnz=62001
FILTERDDP_FEASIBILITY iteration=37 barrier_iteration=3 equality_count=62016 equality_rms=5.728560803384e-06 equality_max=1.654620082427e-04 equality_worst_stage=2 equality_worst_index=7582 dynamics_count=1245 dynamics_rms=0.000000000000e+00 dynamics_max=0.000000000000e+00 dynamics_worst_stage=0 dynamics_worst_index=0 bound_count=69486 bound_rms=0.000000000000e+00 bound_max=0.000000000000e+00 bound_worst_stage=0 bound_worst_index=0 bound_worst_kind=none
    37   1.04922869e+04   1.6546e-04   2.4095e-01   2.7797e-03   -2.10      -     5.0000e-01   0
FILTERDDP_ITER_TIMING iteration=37 barrier_iteration=3 backward_s=0.399899700 forward_s=0.057361000 total_s=0.457260700 outcome=accepted step_size=2.500000000e-01 backtracks=0 mu=8.000000000e-03
FILTERDDP_TIMING iteration=38 barrier_iteration=3 stage=6 derivative_s=0.003845400 first_order_s=0.001654400 second_order_s=0.001770200 algebra_s=0.010394900 kkt_assembly_s=0.001402200 factor_s=0.037759300 solve_s=0.012636100 update_s=0.001588800 K_nnz=96025 rhs_cols=1 Vxx_nnz=62001
FILTERDDP_TIMING iteration=38 barrier_iteration=3 stage=5 derivative_s=0.003368500 first_order_s=0.001837000 second_order_s=0.001264200 algebra_s=0.009176200 kkt_assembly_s=0.000988500 factor_s=0.119793300 solve_s=0.012565200 update_s=0.001022100 K_nnz=96025 rhs_cols=1 Vxx_nnz=62001
FILTERDDP_TIMING iteration=38 barrier_iteration=3 stage=4 derivative_s=0.001938900 first_order_s=0.001001700 second_order_s=0.000778400 algebra_s=0.009073700 kkt_assembly_s=0.000770500 factor_s=0.020751400 solve_s=0.012266800 update_s=0.001581000 K_nnz=96025 rhs_cols=1 Vxx_nnz=62001
FILTERDDP_TIMING iteration=38 barrier_iteration=3 stage=3 derivative_s=0.003038200 first_order_s=0.001557500 second_order_s=0.001233600 algebra_s=0.009620400 kkt_assembly_s=0.000786800 factor_s=0.020660600 solve_s=0.012058000 update_s=0.001655900 K_nnz=96025 rhs_cols=1 Vxx_nnz=62001
FILTERDDP_TIMING iteration=38 barrier_iteration=3 stage=2 derivative_s=0.003232500 first_order_s=0.001713700 second_order_s=0.001256000 algebra_s=0.009387200 kkt_assembly_s=0.000780200 factor_s=0.020478500 solve_s=0.012903700 update_s=0.002165200 K_nnz=96025 rhs_cols=1 Vxx_nnz=62001
FILTERDDP_TIMING iteration=38 barrier_iteration=3 stage=1 derivative_s=0.006324000 first_order_s=0.003295700 second_order_s=0.002583600 algebra_s=0.010056500 kkt_assembly_s=0.000795200 factor_s=0.022880200 solve_s=0.013545500 update_s=0.002809800 K_nnz=96025 rhs_cols=1 Vxx_nnz=62001
FILTERDDP_FEASIBILITY iteration=38 barrier_iteration=3 equality_count=62016 equality_rms=5.382016304473e-04 equality_max=1.595518948359e-02 equality_worst_stage=3 equality_worst_index=7660 dynamics_count=1245 dynamics_rms=0.000000000000e+00 dynamics_max=0.000000000000e+00 dynamics_worst_stage=0 dynamics_worst_index=0 bound_count=69486 bound_rms=0.000000000000e+00 bound_max=0.000000000000e+00 bound_worst_stage=0 bound_worst_index=0 bound_worst_kind=none
    38   1.03420167e+04   1.5955e-02   5.2534e+00   2.0474e-03   -2.10      -     2.5000e-01   0
FILTERDDP_ITER_TIMING iteration=38 barrier_iteration=3 backward_s=0.414986900 forward_s=0.071809400 total_s=0.486796300 outcome=accepted step_size=1.250000000e-01 backtracks=0 mu=8.000000000e-03
FILTERDDP_TIMING iteration=39 barrier_iteration=3 stage=6 derivative_s=0.031922300 first_order_s=0.028680900 second_order_s=0.003088600 algebra_s=0.007511100 kkt_assembly_s=0.000626000 factor_s=0.021146800 solve_s=0.011344000 update_s=0.001571300 K_nnz=96025 rhs_cols=1 Vxx_nnz=62001
FILTERDDP_TIMING iteration=39 barrier_iteration=3 stage=5 derivative_s=0.003800200 first_order_s=0.002101400 second_order_s=0.001430200 algebra_s=0.008976100 kkt_assembly_s=0.000830300 factor_s=0.020679800 solve_s=0.011472500 update_s=0.001726300 K_nnz=96025 rhs_cols=1 Vxx_nnz=62001
FILTERDDP_TIMING iteration=39 barrier_iteration=3 stage=4 derivative_s=0.004109400 first_order_s=0.002552100 second_order_s=0.001276600 algebra_s=0.008684400 kkt_assembly_s=0.000880200 factor_s=0.020750200 solve_s=0.011671100 update_s=0.001544500 K_nnz=96025 rhs_cols=1 Vxx_nnz=62001
FILTERDDP_TIMING iteration=39 barrier_iteration=3 stage=3 derivative_s=0.003322700 first_order_s=0.001622000 second_order_s=0.001432800 algebra_s=0.009080400 kkt_assembly_s=0.000882500 factor_s=0.062124800 solve_s=0.012939500 update_s=0.001582300 K_nnz=96025 rhs_cols=1 Vxx_nnz=62001
FILTERDDP_TIMING iteration=39 barrier_iteration=3 stage=2 derivative_s=0.003237500 first_order_s=0.001677200 second_order_s=0.001294600 algebra_s=0.009087900 kkt_assembly_s=0.000883100 factor_s=0.020936800 solve_s=0.012172000 update_s=0.001719100 K_nnz=96025 rhs_cols=1 Vxx_nnz=62001
FILTERDDP_TIMING iteration=39 barrier_iteration=3 stage=1 derivative_s=0.003185000 first_order_s=0.001619300 second_order_s=0.001301700 algebra_s=0.010686600 kkt_assembly_s=0.000880100 factor_s=0.021270200 solve_s=0.011856400 update_s=0.001609200 K_nnz=96025 rhs_cols=1 Vxx_nnz=62001
FILTERDDP_FEASIBILITY iteration=39 barrier_iteration=3 equality_count=62016 equality_rms=5.276205423569e-04 equality_max=1.531496784284e-02 equality_worst_stage=3 equality_worst_index=7660 dynamics_count=1245 dynamics_rms=0.000000000000e+00 dynamics_max=0.000000000000e+00 dynamics_worst_stage=0 dynamics_worst_index=0 bound_count=69486 bound_rms=0.000000000000e+00 bound_max=0.000000000000e+00 bound_worst_stage=0 bound_worst_index=0 bound_worst_kind=none
    39   1.02804892e+04   1.5315e-02   6.0754e+00   1.7532e-03   -2.10      -     1.2500e-01   0
FILTERDDP_ITER_TIMING iteration=39 barrier_iteration=3 backward_s=0.357861900 forward_s=0.168647400 total_s=0.526509300 outcome=accepted step_size=2.500000000e-01 backtracks=0 mu=8.000000000e-03
FILTERDDP_TIMING iteration=40 barrier_iteration=3 stage=6 derivative_s=0.004621700 first_order_s=0.001785500 second_order_s=0.002731300 algebra_s=0.010640900 kkt_assembly_s=0.000839100 factor_s=0.021870700 solve_s=0.013658100 update_s=0.001582000 K_nnz=96025 rhs_cols=1 Vxx_nnz=62001
FILTERDDP_TIMING iteration=40 barrier_iteration=3 stage=5 derivative_s=0.006182400 first_order_s=0.002442400 second_order_s=0.003544700 algebra_s=0.010183400 kkt_assembly_s=0.000789800 factor_s=0.021810000 solve_s=0.015844200 update_s=0.003033200 K_nnz=96025 rhs_cols=1 Vxx_nnz=62001
FILTERDDP_TIMING iteration=40 barrier_iteration=3 stage=4 derivative_s=0.006122000 first_order_s=0.002552900 second_order_s=0.003156200 algebra_s=0.010307700 kkt_assembly_s=0.000796500 factor_s=0.023629700 solve_s=0.013228700 update_s=0.001855700 K_nnz=96025 rhs_cols=1 Vxx_nnz=62001
FILTERDDP_TIMING iteration=40 barrier_iteration=3 stage=3 derivative_s=0.005975000 first_order_s=0.002577200 second_order_s=0.003047500 algebra_s=0.013449500 kkt_assembly_s=0.001069200 factor_s=0.023656900 solve_s=0.012712100 update_s=0.001856300 K_nnz=96025 rhs_cols=1 Vxx_nnz=62001
FILTERDDP_TIMING iteration=40 barrier_iteration=3 stage=2 derivative_s=0.005986400 first_order_s=0.002587200 second_order_s=0.003104500 algebra_s=0.008013600 kkt_assembly_s=0.001883600 factor_s=0.038316200 solve_s=0.011870200 update_s=0.001690200 K_nnz=96025 rhs_cols=1 Vxx_nnz=62001
FILTERDDP_TIMING iteration=40 barrier_iteration=3 stage=1 derivative_s=0.003389400 first_order_s=0.001762300 second_order_s=0.001347400 algebra_s=0.009660100 kkt_assembly_s=0.000597700 factor_s=0.020654900 solve_s=0.011997300 update_s=0.001762700 K_nnz=96025 rhs_cols=1 Vxx_nnz=62001
FILTERDDP_FEASIBILITY iteration=40 barrier_iteration=3 equality_count=62016 equality_rms=5.469974420437e-04 equality_max=1.549138701566e-02 equality_worst_stage=3 equality_worst_index=9415 dynamics_count=1245 dynamics_rms=0.000000000000e+00 dynamics_max=0.000000000000e+00 dynamics_worst_stage=0 dynamics_worst_index=0 bound_count=69486 bound_rms=0.000000000000e+00 bound_max=0.000000000000e+00 bound_worst_stage=0 bound_worst_index=0 bound_worst_kind=none
  iter     objective        pr_inf       du_inf       cs_inf     lg(μ)   lg(reg)    alpha     ls
    40   1.01689990e+04   1.5491e-02   4.3457e+00   1.2815e-03   -2.10      -     2.5000e-01   0
FILTERDDP_ITER_TIMING iteration=40 barrier_iteration=3 backward_s=0.342830600 forward_s=0.091575500 total_s=0.434406100 outcome=accepted step_size=2.500000000e-01 backtracks=0 mu=8.000000000e-03
FILTERDDP_TIMING iteration=41 barrier_iteration=3 stage=6 derivative_s=0.003825700 first_order_s=0.001728900 second_order_s=0.001809500 algebra_s=0.013575500 kkt_assembly_s=0.001382700 factor_s=0.037426100 solve_s=0.012308700 update_s=0.002711700 K_nnz=96025 rhs_cols=1 Vxx_nnz=62001
FILTERDDP_TIMING iteration=41 barrier_iteration=3 stage=5 derivative_s=0.005953200 first_order_s=0.002699600 second_order_s=0.002971900 algebra_s=0.010308400 kkt_assembly_s=0.000841900 factor_s=0.062550000 solve_s=0.012032800 update_s=0.001567400 K_nnz=96025 rhs_cols=1 Vxx_nnz=62001
FILTERDDP_TIMING iteration=41 barrier_iteration=3 stage=4 derivative_s=0.003562400 first_order_s=0.001705200 second_order_s=0.001588700 algebra_s=0.009700600 kkt_assembly_s=0.000778000 factor_s=0.021395300 solve_s=0.012453700 update_s=0.001714800 K_nnz=96025 rhs_cols=1 Vxx_nnz=62001
FILTERDDP_TIMING iteration=41 barrier_iteration=3 stage=3 derivative_s=0.003171600 first_order_s=0.001618400 second_order_s=0.001286000 algebra_s=0.009498700 kkt_assembly_s=0.000850900 factor_s=0.021052000 solve_s=0.012777300 update_s=0.001712800 K_nnz=96025 rhs_cols=1 Vxx_nnz=62001
FILTERDDP_TIMING iteration=41 barrier_iteration=3 stage=2 derivative_s=0.004902500 first_order_s=0.002822900 second_order_s=0.001655200 algebra_s=0.106923200 kkt_assembly_s=0.000604900 factor_s=0.020748100 solve_s=0.011952000 update_s=0.001618700 K_nnz=96025 rhs_cols=1 Vxx_nnz=62001
FILTERDDP_TIMING iteration=41 barrier_iteration=3 stage=1 derivative_s=0.003313500 first_order_s=0.001681400 second_order_s=0.001349300 algebra_s=0.008429100 kkt_assembly_s=0.001179300 factor_s=0.033758200 solve_s=0.012007800 update_s=0.001705700 K_nnz=96025 rhs_cols=1 Vxx_nnz=62001
FILTERDDP_FEASIBILITY iteration=41 barrier_iteration=3 equality_count=62016 equality_rms=5.282026326964e-04 equality_max=1.560413167653e-02 equality_worst_stage=6 equality_worst_index=9415 dynamics_count=1245 dynamics_rms=0.000000000000e+00 dynamics_max=0.000000000000e+00 dynamics_worst_stage=0 dynamics_worst_index=0 bound_count=69486 bound_rms=0.000000000000e+00 bound_max=0.000000000000e+00 bound_worst_stage=0 bound_worst_index=0 bound_worst_kind=none
    41   1.00769252e+04   1.5604e-02   2.3046e+00   9.3221e-04   -2.10      -     2.5000e-01   0
FILTERDDP_ITER_TIMING iteration=41 barrier_iteration=3 backward_s=0.471240500 forward_s=0.092980800 total_s=0.564221300 outcome=accepted step_size=2.500000000e-01 backtracks=0 mu=8.000000000e-03
FILTERDDP_TIMING iteration=42 barrier_iteration=3 stage=6 derivative_s=0.003544700 first_order_s=0.001617900 second_order_s=0.001652500 algebra_s=0.012551900 kkt_assembly_s=0.001433500 factor_s=0.042982500 solve_s=0.013683200 update_s=0.002539500 K_nnz=96025 rhs_cols=1 Vxx_nnz=62001
FILTERDDP_TIMING iteration=42 barrier_iteration=3 stage=5 derivative_s=0.005984200 first_order_s=0.002770500 second_order_s=0.002931200 algebra_s=0.010405500 kkt_assembly_s=0.000767900 factor_s=0.023311200 solve_s=0.013244500 update_s=0.002635100 K_nnz=96025 rhs_cols=1 Vxx_nnz=62001
FILTERDDP_TIMING iteration=42 barrier_iteration=3 stage=4 derivative_s=0.005903700 first_order_s=0.002545500 second_order_s=0.003039700 algebra_s=0.024672700 kkt_assembly_s=0.001425900 factor_s=0.042188200 solve_s=0.012521100 update_s=0.001668000 K_nnz=96025 rhs_cols=1 Vxx_nnz=62001
FILTERDDP_TIMING iteration=42 barrier_iteration=3 stage=3 derivative_s=0.003240100 first_order_s=0.001662900 second_order_s=0.001312100 algebra_s=0.010856200 kkt_assembly_s=0.001374000 factor_s=0.043345300 solve_s=0.011921400 update_s=0.001657900 K_nnz=96025 rhs_cols=1 Vxx_nnz=62001
FILTERDDP_TIMING iteration=42 barrier_iteration=3 stage=2 derivative_s=0.003367800 first_order_s=0.001735900 second_order_s=0.001365700 algebra_s=0.009362300 kkt_assembly_s=0.000837900 factor_s=0.020803400 solve_s=0.011771800 update_s=0.001876300 K_nnz=96025 rhs_cols=1 Vxx_nnz=62001
FILTERDDP_TIMING iteration=42 barrier_iteration=3 stage=1 derivative_s=0.003185700 first_order_s=0.001656200 second_order_s=0.001265300 algebra_s=0.009513100 kkt_assembly_s=0.000714000 factor_s=0.062611400 solve_s=0.012403200 update_s=0.001793000 K_nnz=96025 rhs_cols=1 Vxx_nnz=62001
FILTERDDP_FEASIBILITY iteration=42 barrier_iteration=3 equality_count=62016 equality_rms=4.858224103355e-04 equality_max=1.553556860531e-02 equality_worst_stage=6 equality_worst_index=9415 dynamics_count=1245 dynamics_rms=0.000000000000e+00 dynamics_max=0.000000000000e+00 dynamics_worst_stage=0 dynamics_worst_index=0 bound_count=69486 bound_rms=0.000000000000e+00 bound_max=0.000000000000e+00 bound_worst_stage=0 bound_worst_index=0 bound_worst_kind=none
    42   1.00028586e+04   1.5536e-02   1.1318e+00   6.7578e-04   -2.10      -     2.5000e-01   0
FILTERDDP_ITER_TIMING iteration=42 barrier_iteration=3 backward_s=0.433037800 forward_s=0.082812100 total_s=0.515849900 outcome=accepted step_size=2.500000000e-01 backtracks=0 mu=8.000000000e-03
FILTERDDP_TIMING iteration=43 barrier_iteration=3 stage=6 derivative_s=0.003696900 first_order_s=0.001597100 second_order_s=0.001829800 algebra_s=0.013251400 kkt_assembly_s=0.001647700 factor_s=0.034698500 solve_s=0.012805900 update_s=0.001766600 K_nnz=96025 rhs_cols=1 Vxx_nnz=62001
FILTERDDP_TIMING iteration=43 barrier_iteration=3 stage=5 derivative_s=0.003414700 first_order_s=0.001743400 second_order_s=0.001407200 algebra_s=0.013225500 kkt_assembly_s=0.000776800 factor_s=0.120040500 solve_s=0.012449200 update_s=0.001684900 K_nnz=96025 rhs_cols=1 Vxx_nnz=62001
FILTERDDP_TIMING iteration=43 barrier_iteration=3 stage=4 derivative_s=0.003506000 first_order_s=0.001665600 second_order_s=0.001547900 algebra_s=0.006368100 kkt_assembly_s=0.000585500 factor_s=0.027080600 solve_s=0.013180300 update_s=0.001716400 K_nnz=96025 rhs_cols=1 Vxx_nnz=62001
FILTERDDP_TIMING iteration=43 barrier_iteration=3 stage=3 derivative_s=0.003222200 first_order_s=0.001666200 second_order_s=0.001289500 algebra_s=0.009283300 kkt_assembly_s=0.000830100 factor_s=0.020718700 solve_s=0.012675900 update_s=0.001533900 K_nnz=96025 rhs_cols=1 Vxx_nnz=62001
FILTERDDP_TIMING iteration=43 barrier_iteration=3 stage=2 derivative_s=0.003470500 first_order_s=0.001817600 second_order_s=0.001384500 algebra_s=0.008937700 kkt_assembly_s=0.000869400 factor_s=0.020616600 solve_s=0.011681700 update_s=0.001598900 K_nnz=96025 rhs_cols=1 Vxx_nnz=62001
FILTERDDP_TIMING iteration=43 barrier_iteration=3 stage=1 derivative_s=0.005988200 first_order_s=0.002890900 second_order_s=0.002810800 algebra_s=0.010150200 kkt_assembly_s=0.000755600 factor_s=0.022094800 solve_s=0.013396800 update_s=0.002718900 K_nnz=96025 rhs_cols=1 Vxx_nnz=62001
FILTERDDP_FEASIBILITY iteration=43 barrier_iteration=3 equality_count=62016 equality_rms=4.243853081539e-04 equality_max=1.391737202962e-02 equality_worst_stage=6 equality_worst_index=9415 dynamics_count=1245 dynamics_rms=0.000000000000e+00 dynamics_max=0.000000000000e+00 dynamics_worst_stage=0 dynamics_worst_index=0 bound_count=69486 bound_rms=0.000000000000e+00 bound_max=0.000000000000e+00 bound_worst_stage=0 bound_worst_index=0 bound_worst_kind=none
    43   9.94472507e+03   1.3917e-02   7.1815e-01   4.8907e-04   -2.10      -     2.5000e-01   0
FILTERDDP_ITER_TIMING iteration=43 barrier_iteration=3 backward_s=0.423414100 forward_s=0.057102500 total_s=0.480516600 outcome=accepted step_size=5.000000000e-01 backtracks=0 mu=8.000000000e-03
FILTERDDP_TIMING iteration=44 barrier_iteration=3 stage=6 derivative_s=0.006592800 first_order_s=0.002454300 second_order_s=0.003936100 algebra_s=0.030719900 kkt_assembly_s=0.001323000 factor_s=0.038365300 solve_s=0.012122500 update_s=0.001711200 K_nnz=96025 rhs_cols=1 Vxx_nnz=62001
FILTERDDP_TIMING iteration=44 barrier_iteration=3 stage=5 derivative_s=0.003674900 first_order_s=0.001993800 second_order_s=0.001402300 algebra_s=0.011505800 kkt_assembly_s=0.001520200 factor_s=0.039003400 solve_s=0.012548700 update_s=0.001664500 K_nnz=96025 rhs_cols=1 Vxx_nnz=62001
FILTERDDP_TIMING iteration=44 barrier_iteration=3 stage=4 derivative_s=0.002162400 first_order_s=0.001083400 second_order_s=0.000904300 algebra_s=0.009600800 kkt_assembly_s=0.001378800 factor_s=0.042581600 solve_s=0.012648900 update_s=0.001713100 K_nnz=96025 rhs_cols=1 Vxx_nnz=62001
FILTERDDP_TIMING iteration=44 barrier_iteration=3 stage=3 derivative_s=0.003404400 first_order_s=0.001729300 second_order_s=0.001353800 algebra_s=0.011487100 kkt_assembly_s=0.001404000 factor_s=0.077362800 solve_s=0.012231800 update_s=0.001906300 K_nnz=96025 rhs_cols=1 Vxx_nnz=62001
FILTERDDP_TIMING iteration=44 barrier_iteration=3 stage=2 derivative_s=0.003569800 first_order_s=0.001638800 second_order_s=0.001501200 algebra_s=0.009725800 kkt_assembly_s=0.001186500 factor_s=0.021037600 solve_s=0.012606600 update_s=0.001591300 K_nnz=96025 rhs_cols=1 Vxx_nnz=62001
FILTERDDP_TIMING iteration=44 barrier_iteration=3 stage=1 derivative_s=0.003495400 first_order_s=0.001841300 second_order_s=0.001386800 algebra_s=0.009879600 kkt_assembly_s=0.001323300 factor_s=0.037912700 solve_s=0.012269000 update_s=0.001661700 K_nnz=96025 rhs_cols=1 Vxx_nnz=62001
FILTERDDP_FEASIBILITY iteration=44 barrier_iteration=3 equality_count=62016 equality_rms=3.646989992467e-04 equality_max=1.179298586528e-02 equality_worst_stage=6 equality_worst_index=9415 dynamics_count=1245 dynamics_rms=0.000000000000e+00 dynamics_max=0.000000000000e+00 dynamics_worst_stage=0 dynamics_worst_index=0 bound_count=69486 bound_rms=0.000000000000e+00 bound_max=0.000000000000e+00 bound_worst_stage=0 bound_worst_index=0 bound_worst_kind=none
    44   9.85497156e+03   1.1793e-02   4.0157e-01   2.6298e-04   -2.10      -     5.0000e-01   0
FILTERDDP_ITER_TIMING iteration=44 barrier_iteration=3 backward_s=0.456132200 forward_s=0.051305000 total_s=0.507437200 outcome=accepted step_size=5.000000000e-01 backtracks=0 mu=8.000000000e-03
FILTERDDP_TIMING iteration=45 barrier_iteration=3 stage=6 derivative_s=0.104719900 first_order_s=0.000686900 second_order_s=0.103927800 algebra_s=0.008353800 kkt_assembly_s=0.000769300 factor_s=0.020931200 solve_s=0.012629000 update_s=0.001563800 K_nnz=96025 rhs_cols=1 Vxx_nnz=62001
FILTERDDP_TIMING iteration=45 barrier_iteration=3 stage=5 derivative_s=0.003604300 first_order_s=0.001827500 second_order_s=0.001336400 algebra_s=0.009299300 kkt_assembly_s=0.000770500 factor_s=0.021078400 solve_s=0.011970300 update_s=0.001640100 K_nnz=96025 rhs_cols=1 Vxx_nnz=62001
FILTERDDP_TIMING iteration=45 barrier_iteration=3 stage=4 derivative_s=0.003416100 first_order_s=0.001753800 second_order_s=0.001305100 algebra_s=0.009381100 kkt_assembly_s=0.000828500 factor_s=0.021303400 solve_s=0.012202600 update_s=0.001679500 K_nnz=96025 rhs_cols=1 Vxx_nnz=62001
FILTERDDP_TIMING iteration=45 barrier_iteration=3 stage=3 derivative_s=0.003556000 first_order_s=0.001938000 second_order_s=0.001350500 algebra_s=0.010114800 kkt_assembly_s=0.000825600 factor_s=0.022436200 solve_s=0.013545300 update_s=0.002549200 K_nnz=96025 rhs_cols=1 Vxx_nnz=62001
FILTERDDP_TIMING iteration=45 barrier_iteration=3 stage=2 derivative_s=0.005580500 first_order_s=0.002457400 second_order_s=0.002790200 algebra_s=0.010587800 kkt_assembly_s=0.000885400 factor_s=0.035350600 solve_s=0.012177800 update_s=0.001752400 K_nnz=96025 rhs_cols=1 Vxx_nnz=62001
FILTERDDP_TIMING iteration=45 barrier_iteration=3 stage=1 derivative_s=0.003930600 first_order_s=0.002131100 second_order_s=0.001506000 algebra_s=0.009027200 kkt_assembly_s=0.000719100 factor_s=0.020607300 solve_s=0.012746000 update_s=0.001620000 K_nnz=96025 rhs_cols=1 Vxx_nnz=62001
FILTERDDP_FEASIBILITY iteration=45 barrier_iteration=3 equality_count=62016 equality_rms=2.244227969991e-04 equality_max=6.526610337979e-03 equality_worst_stage=6 equality_worst_index=9415 dynamics_count=1245 dynamics_rms=0.000000000000e+00 dynamics_max=0.000000000000e+00 dynamics_worst_stage=0 dynamics_worst_index=0 bound_count=69486 bound_rms=0.000000000000e+00 bound_max=0.000000000000e+00 bound_worst_stage=0 bound_worst_index=0 bound_worst_kind=none
    45   9.80788543e+03   6.5266e-03   1.5474e-01   1.3750e-04   -2.10      -     5.0000e-01   0
FILTERDDP_ITER_TIMING iteration=45 barrier_iteration=3 backward_s=0.415112800 forward_s=0.047338000 total_s=0.462450800 outcome=accepted step_size=5.000000000e-01 backtracks=0 mu=8.000000000e-03
FILTERDDP_TIMING iteration=46 barrier_iteration=3 stage=6 derivative_s=0.003798200 first_order_s=0.001774200 second_order_s=0.001766100 algebra_s=0.010527500 kkt_assembly_s=0.001338000 factor_s=0.035694300 solve_s=0.012532900 update_s=0.001648900 K_nnz=96025 rhs_cols=1 Vxx_nnz=62001
FILTERDDP_TIMING iteration=46 barrier_iteration=3 stage=5 derivative_s=0.003498200 first_order_s=0.001701800 second_order_s=0.001453800 algebra_s=0.012167300 kkt_assembly_s=0.001427100 factor_s=0.042477200 solve_s=0.054355000 update_s=0.001872600 K_nnz=96025 rhs_cols=1 Vxx_nnz=62001
FILTERDDP_TIMING iteration=46 barrier_iteration=3 stage=4 derivative_s=0.003313300 first_order_s=0.001692500 second_order_s=0.001357500 algebra_s=0.009882000 kkt_assembly_s=0.001799300 factor_s=0.022062100 solve_s=0.013140500 update_s=0.001641900 K_nnz=96025 rhs_cols=1 Vxx_nnz=62001
FILTERDDP_TIMING iteration=46 barrier_iteration=3 stage=3 derivative_s=0.003305400 first_order_s=0.001687700 second_order_s=0.001353600 algebra_s=0.009425900 kkt_assembly_s=0.000821900 factor_s=0.021182700 solve_s=0.025564800 update_s=0.001675900 K_nnz=96025 rhs_cols=1 Vxx_nnz=62001
FILTERDDP_TIMING iteration=46 barrier_iteration=3 stage=2 derivative_s=0.003274900 first_order_s=0.001697000 second_order_s=0.001313100 algebra_s=0.009491600 kkt_assembly_s=0.000859300 factor_s=0.122242800 solve_s=0.012541400 update_s=0.001329100 K_nnz=96025 rhs_cols=1 Vxx_nnz=62001
FILTERDDP_TIMING iteration=46 barrier_iteration=3 stage=1 derivative_s=0.002179500 first_order_s=0.001101200 second_order_s=0.000881800 algebra_s=0.009522700 kkt_assembly_s=0.000768400 factor_s=0.021295400 solve_s=0.012985100 update_s=0.001579700 K_nnz=96025 rhs_cols=1 Vxx_nnz=62001
FILTERDDP_FEASIBILITY iteration=46 barrier_iteration=3 equality_count=62016 equality_rms=1.226019546474e-04 equality_max=3.459369463972e-03 equality_worst_stage=5 equality_worst_index=9415 dynamics_count=1245 dynamics_rms=0.000000000000e+00 dynamics_max=0.000000000000e+00 dynamics_worst_stage=0 dynamics_worst_index=0 bound_count=69486 bound_rms=0.000000000000e+00 bound_max=0.000000000000e+00 bound_worst_stage=0 bound_worst_index=0 bound_worst_kind=none
FILTERDDP_ITER_TIMING iteration=46 barrier_iteration=3 backward_s=0.494127700 forward_s=0.000000000 total_s=0.494127700 outcome=barrier_update step_size=5.000000000e-01 backtracks=0 mu=8.000000000e-03
FILTERDDP_TIMING iteration=46 barrier_iteration=4 stage=6 derivative_s=0.003521300 first_order_s=0.001651200 second_order_s=0.001609500 algebra_s=0.009494100 kkt_assembly_s=0.000809300 factor_s=0.020808300 solve_s=0.012483300 update_s=0.001546300 K_nnz=96025 rhs_cols=1 Vxx_nnz=62001
FILTERDDP_TIMING iteration=46 barrier_iteration=4 stage=5 derivative_s=0.003248100 first_order_s=0.001612000 second_order_s=0.001373800 algebra_s=0.010303800 kkt_assembly_s=0.000669200 factor_s=0.027775500 solve_s=0.012495300 update_s=0.002081800 K_nnz=96025 rhs_cols=1 Vxx_nnz=62001
FILTERDDP_TIMING iteration=46 barrier_iteration=4 stage=4 derivative_s=0.005656100 first_order_s=0.002574900 second_order_s=0.002795900 algebra_s=0.011353900 kkt_assembly_s=0.000774800 factor_s=0.022142500 solve_s=0.013703100 update_s=0.002870300 K_nnz=96025 rhs_cols=1 Vxx_nnz=62001
FILTERDDP_TIMING iteration=46 barrier_iteration=4 stage=3 derivative_s=0.005870900 first_order_s=0.002724200 second_order_s=0.002867600 algebra_s=0.010195600 kkt_assembly_s=0.000781000 factor_s=0.036334900 solve_s=0.011589200 update_s=0.001612200 K_nnz=96025 rhs_cols=1 Vxx_nnz=62001
FILTERDDP_TIMING iteration=46 barrier_iteration=4 stage=2 derivative_s=0.003289900 first_order_s=0.001715600 second_order_s=0.001293300 algebra_s=0.009256500 kkt_assembly_s=0.001435000 factor_s=0.043026600 solve_s=0.012544300 update_s=0.001742400 K_nnz=96025 rhs_cols=1 Vxx_nnz=62001
FILTERDDP_TIMING iteration=46 barrier_iteration=4 stage=1 derivative_s=0.003200100 first_order_s=0.001617100 second_order_s=0.001257700 algebra_s=0.010170100 kkt_assembly_s=0.001085700 factor_s=0.036926300 solve_s=0.012043400 update_s=0.001632700 K_nnz=96025 rhs_cols=1 Vxx_nnz=62001
FILTERDDP_FEASIBILITY iteration=46 barrier_iteration=4 equality_count=62016 equality_rms=1.226019546474e-04 equality_max=3.459369463972e-03 equality_worst_stage=5 equality_worst_index=9415 dynamics_count=1245 dynamics_rms=0.000000000000e+00 dynamics_max=0.000000000000e+00 dynamics_worst_stage=0 dynamics_worst_index=0 bound_count=69486 bound_rms=0.000000000000e+00 bound_max=0.000000000000e+00 bound_worst_stage=0 bound_worst_index=0 bound_worst_kind=none
    46   9.78394360e+03   3.4594e-03   5.0258e-02   7.0455e-05   -2.80      -     5.0000e-01   0
FILTERDDP_ITER_TIMING iteration=46 barrier_iteration=4 backward_s=0.365407300 forward_s=0.046393900 total_s=0.411801200 outcome=accepted step_size=5.000000000e-01 backtracks=0 mu=1.600000000e-03
FILTERDDP_TIMING iteration=47 barrier_iteration=4 stage=6 derivative_s=0.003705300 first_order_s=0.001645100 second_order_s=0.001802200 algebra_s=0.012112600 kkt_assembly_s=0.001169500 factor_s=0.078247300 solve_s=0.012820700 update_s=0.001734800 K_nnz=96025 rhs_cols=1 Vxx_nnz=62001
FILTERDDP_TIMING iteration=47 barrier_iteration=4 stage=5 derivative_s=0.003349300 first_order_s=0.001712600 second_order_s=0.001372000 algebra_s=0.010663000 kkt_assembly_s=0.000751900 factor_s=0.020349700 solve_s=0.012278500 update_s=0.001711000 K_nnz=96025 rhs_cols=1 Vxx_nnz=62001
FILTERDDP_TIMING iteration=47 barrier_iteration=4 stage=4 derivative_s=0.003345400 first_order_s=0.001751300 second_order_s=0.001326700 algebra_s=0.009157400 kkt_assembly_s=0.000889400 factor_s=0.024219000 solve_s=0.013051700 update_s=0.001761700 K_nnz=96025 rhs_cols=1 Vxx_nnz=62001
FILTERDDP_TIMING iteration=47 barrier_iteration=4 stage=3 derivative_s=0.003411200 first_order_s=0.001679100 second_order_s=0.001463800 algebra_s=0.008965000 kkt_assembly_s=0.001349400 factor_s=0.134286800 solve_s=0.014291100 update_s=0.001505500 K_nnz=96025 rhs_cols=1 Vxx_nnz=62001
FILTERDDP_TIMING iteration=47 barrier_iteration=4 stage=2 derivative_s=0.003928500 first_order_s=0.002126700 second_order_s=0.001532200 algebra_s=0.009841500 kkt_assembly_s=0.001762800 factor_s=0.041156500 solve_s=0.012345700 update_s=0.001603900 K_nnz=96025 rhs_cols=1 Vxx_nnz=62001
FILTERDDP_TIMING iteration=47 barrier_iteration=4 stage=1 derivative_s=0.003373200 first_order_s=0.001664700 second_order_s=0.001441200 algebra_s=0.006787400 kkt_assembly_s=0.000743000 factor_s=0.021064800 solve_s=0.012269300 update_s=0.001708900 K_nnz=96025 rhs_cols=1 Vxx_nnz=62001
FILTERDDP_FEASIBILITY iteration=47 barrier_iteration=4 equality_count=62016 equality_rms=2.267580840492e-04 equality_max=8.160071955585e-03 equality_worst_stage=5 equality_worst_index=9415 dynamics_count=1245 dynamics_rms=0.000000000000e+00 dynamics_max=0.000000000000e+00 dynamics_worst_stage=0 dynamics_worst_index=0 bound_count=69486 bound_rms=0.000000000000e+00 bound_max=0.000000000000e+00 bound_worst_stage=0 bound_worst_index=0 bound_worst_kind=none
    47   9.68358783e+03   8.1601e-03   2.9254e-02   3.7895e-05   -2.80      -     5.0000e-01   0
FILTERDDP_ITER_TIMING iteration=47 barrier_iteration=4 backward_s=0.492683100 forward_s=0.049892300 total_s=0.542575400 outcome=accepted step_size=5.000000000e-01 backtracks=0 mu=1.600000000e-03
FILTERDDP_TIMING iteration=48 barrier_iteration=4 stage=6 derivative_s=0.003518600 first_order_s=0.001599200 second_order_s=0.001590400 algebra_s=0.012222900 kkt_assembly_s=0.001427700 factor_s=0.041501400 solve_s=0.016350000 update_s=0.002803900 K_nnz=96025 rhs_cols=1 Vxx_nnz=62001
FILTERDDP_TIMING iteration=48 barrier_iteration=4 stage=5 derivative_s=0.005881800 first_order_s=0.002578600 second_order_s=0.003026900 algebra_s=0.010167300 kkt_assembly_s=0.000851700 factor_s=0.023116900 solve_s=0.027553900 update_s=0.001317200 K_nnz=96025 rhs_cols=1 Vxx_nnz=62001
FILTERDDP_TIMING iteration=48 barrier_iteration=4 stage=4 derivative_s=0.003415200 first_order_s=0.001791000 second_order_s=0.001358000 algebra_s=0.009442200 kkt_assembly_s=0.000714200 factor_s=0.020687600 solve_s=0.012315600 update_s=0.001613600 K_nnz=96025 rhs_cols=1 Vxx_nnz=62001
FILTERDDP_TIMING iteration=48 barrier_iteration=4 stage=3 derivative_s=0.003360100 first_order_s=0.001652400 second_order_s=0.001443500 algebra_s=0.009254300 kkt_assembly_s=0.000809200 factor_s=0.020519900 solve_s=0.011705200 update_s=0.001463600 K_nnz=96025 rhs_cols=1 Vxx_nnz=62001
FILTERDDP_TIMING iteration=48 barrier_iteration=4 stage=2 derivative_s=0.003180300 first_order_s=0.001622300 second_order_s=0.001290400 algebra_s=0.009979100 kkt_assembly_s=0.001391300 factor_s=0.020927400 solve_s=0.012331700 update_s=0.001663300 K_nnz=96025 rhs_cols=1 Vxx_nnz=62001
FILTERDDP_TIMING iteration=48 barrier_iteration=4 stage=1 derivative_s=0.003403700 first_order_s=0.001650500 second_order_s=0.001483000 algebra_s=0.010192400 kkt_assembly_s=0.001034100 factor_s=0.064109600 solve_s=0.012342400 update_s=0.001700900 K_nnz=96025 rhs_cols=1 Vxx_nnz=62001
FILTERDDP_FEASIBILITY iteration=48 barrier_iteration=4 equality_count=62016 equality_rms=1.664646754096e-04 equality_max=5.555141830720e-03 equality_worst_stage=3 equality_worst_index=9415 dynamics_count=1245 dynamics_rms=0.000000000000e+00 dynamics_max=0.000000000000e+00 dynamics_worst_stage=0 dynamics_worst_index=0 bound_count=69486 bound_rms=0.000000000000e+00 bound_max=0.000000000000e+00 bound_worst_stage=0 bound_worst_index=0 bound_worst_kind=none
FILTERDDP_ITER_TIMING iteration=48 barrier_iteration=4 backward_s=0.385190700 forward_s=0.000000000 total_s=0.385190700 outcome=barrier_update step_size=5.000000000e-01 backtracks=0 mu=1.600000000e-03
FILTERDDP_TIMING iteration=48 barrier_iteration=5 stage=6 derivative_s=0.003566600 first_order_s=0.001750900 second_order_s=0.001556000 algebra_s=0.009218600 kkt_assembly_s=0.000818700 factor_s=0.020478700 solve_s=0.012201900 update_s=0.001611100 K_nnz=96025 rhs_cols=1 Vxx_nnz=62001
FILTERDDP_TIMING iteration=48 barrier_iteration=5 stage=5 derivative_s=0.003170700 first_order_s=0.001630900 second_order_s=0.001276000 algebra_s=0.009252000 kkt_assembly_s=0.000871600 factor_s=0.020996800 solve_s=0.012440100 update_s=0.001567200 K_nnz=96025 rhs_cols=1 Vxx_nnz=62001
FILTERDDP_TIMING iteration=48 barrier_iteration=5 stage=4 derivative_s=0.003302800 first_order_s=0.001789500 second_order_s=0.001247300 algebra_s=0.011249100 kkt_assembly_s=0.000844400 factor_s=0.115753200 solve_s=0.012141800 update_s=0.001676400 K_nnz=96025 rhs_cols=1 Vxx_nnz=62001
FILTERDDP_TIMING iteration=48 barrier_iteration=5 stage=3 derivative_s=0.003302100 first_order_s=0.001640100 second_order_s=0.001397300 algebra_s=0.009330200 kkt_assembly_s=0.000984400 factor_s=0.028329100 solve_s=0.012535900 update_s=0.001697400 K_nnz=96025 rhs_cols=1 Vxx_nnz=62001
FILTERDDP_TIMING iteration=48 barrier_iteration=5 stage=2 derivative_s=0.003269400 first_order_s=0.001705900 second_order_s=0.001296000 algebra_s=0.010315100 kkt_assembly_s=0.001174700 factor_s=0.039705800 solve_s=0.012301500 update_s=0.001802000 K_nnz=96025 rhs_cols=1 Vxx_nnz=62001
FILTERDDP_TIMING iteration=48 barrier_iteration=5 stage=1 derivative_s=0.003407200 first_order_s=0.001743500 second_order_s=0.001394500 algebra_s=0.009622500 kkt_assembly_s=0.000843100 factor_s=0.021763100 solve_s=0.013079500 update_s=0.002114500 K_nnz=96025 rhs_cols=1 Vxx_nnz=62001
FILTERDDP_FEASIBILITY iteration=48 barrier_iteration=5 equality_count=62016 equality_rms=1.664646754096e-04 equality_max=5.555141830720e-03 equality_worst_stage=3 equality_worst_index=9415 dynamics_count=1245 dynamics_rms=0.000000000000e+00 dynamics_max=0.000000000000e+00 dynamics_worst_stage=0 dynamics_worst_index=0 bound_count=69486 bound_rms=0.000000000000e+00 bound_max=0.000000000000e+00 bound_worst_stage=0 bound_worst_index=0 bound_worst_kind=none
    48   9.63155654e+03   5.5551e-03   1.2667e-02   1.9647e-05   -3.49      -     5.0000e-01   0
FILTERDDP_ITER_TIMING iteration=48 barrier_iteration=5 backward_s=0.417811900 forward_s=0.068611000 total_s=0.486422900 outcome=accepted step_size=2.500000000e-01 backtracks=0 mu=3.200000000e-04
FILTERDDP_TIMING iteration=49 barrier_iteration=5 stage=6 derivative_s=0.004004600 first_order_s=0.001980400 second_order_s=0.001916700 algebra_s=0.006725300 kkt_assembly_s=0.000923200 factor_s=0.038594900 solve_s=0.012212400 update_s=0.001095500 K_nnz=96025 rhs_cols=1 Vxx_nnz=62001
FILTERDDP_TIMING iteration=49 barrier_iteration=5 stage=5 derivative_s=0.001288500 first_order_s=0.000653600 second_order_s=0.000526300 algebra_s=0.006804000 kkt_assembly_s=0.001119100 factor_s=0.021416800 solve_s=0.012006900 update_s=0.001576200 K_nnz=96025 rhs_cols=1 Vxx_nnz=62001
FILTERDDP_TIMING iteration=49 barrier_iteration=5 stage=4 derivative_s=0.001277600 first_order_s=0.000659300 second_order_s=0.000510300 algebra_s=0.007827700 kkt_assembly_s=0.000820300 factor_s=0.020834200 solve_s=0.011695100 update_s=0.001622200 K_nnz=96025 rhs_cols=1 Vxx_nnz=62001
FILTERDDP_TIMING iteration=49 barrier_iteration=5 stage=3 derivative_s=0.003241800 first_order_s=0.001654700 second_order_s=0.001323200 algebra_s=0.009253600 kkt_assembly_s=0.000822600 factor_s=0.020875500 solve_s=0.012167100 update_s=0.001495800 K_nnz=96025 rhs_cols=1 Vxx_nnz=62001
FILTERDDP_TIMING iteration=49 barrier_iteration=5 stage=2 derivative_s=0.003512100 first_order_s=0.001892700 second_order_s=0.001302900 algebra_s=0.046793900 kkt_assembly_s=0.000647700 factor_s=0.020495900 solve_s=0.012876000 update_s=0.001639400 K_nnz=96025 rhs_cols=1 Vxx_nnz=62001
FILTERDDP_TIMING iteration=49 barrier_iteration=5 stage=1 derivative_s=0.003227800 first_order_s=0.001655200 second_order_s=0.001305800 algebra_s=0.009426600 kkt_assembly_s=0.000704700 factor_s=0.020758500 solve_s=0.012339100 update_s=0.001646300 K_nnz=96025 rhs_cols=1 Vxx_nnz=62001
FILTERDDP_FEASIBILITY iteration=49 barrier_iteration=5 equality_count=62016 equality_rms=1.402234534623e-04 equality_max=4.705475533843e-03 equality_worst_stage=3 equality_worst_index=9415 dynamics_count=1245 dynamics_rms=0.000000000000e+00 dynamics_max=0.000000000000e+00 dynamics_worst_stage=0 dynamics_worst_index=0 bound_count=69486 bound_rms=0.000000000000e+00 bound_max=0.000000000000e+00 bound_worst_stage=0 bound_worst_index=0 bound_worst_kind=none
    49   9.60922877e+03   4.7055e-03   9.3763e-03   1.4706e-05   -3.49      -     2.5000e-01   0
FILTERDDP_ITER_TIMING iteration=49 barrier_iteration=5 backward_s=0.334825500 forward_s=0.078223700 total_s=0.413049200 outcome=accepted step_size=2.500000000e-01 backtracks=0 mu=3.200000000e-04
FILTERDDP_TIMING iteration=50 barrier_iteration=5 stage=6 derivative_s=0.003514500 first_order_s=0.001615000 second_order_s=0.001620300 algebra_s=0.013213700 kkt_assembly_s=0.105912000 factor_s=0.020632700 solve_s=0.011977600 update_s=0.000903700 K_nnz=96025 rhs_cols=1 Vxx_nnz=62001
FILTERDDP_TIMING iteration=50 barrier_iteration=5 stage=5 derivative_s=0.003442100 first_order_s=0.001850900 second_order_s=0.001324000 algebra_s=0.009443200 kkt_assembly_s=0.001068300 factor_s=0.031655800 solve_s=0.012317500 update_s=0.001597600 K_nnz=96025 rhs_cols=1 Vxx_nnz=62001
FILTERDDP_TIMING iteration=50 barrier_iteration=5 stage=4 derivative_s=0.003610000 first_order_s=0.001695900 second_order_s=0.001518300 algebra_s=0.009423400 kkt_assembly_s=0.000880300 factor_s=0.020800300 solve_s=0.012012000 update_s=0.001593500 K_nnz=96025 rhs_cols=1 Vxx_nnz=62001
FILTERDDP_TIMING iteration=50 barrier_iteration=5 stage=3 derivative_s=0.003214800 first_order_s=0.001643600 second_order_s=0.001308100 algebra_s=0.009502300 kkt_assembly_s=0.000571400 factor_s=0.020253000 solve_s=0.013794600 update_s=0.002057600 K_nnz=96025 rhs_cols=1 Vxx_nnz=62001
FILTERDDP_TIMING iteration=50 barrier_iteration=5 stage=2 derivative_s=0.005538500 first_order_s=0.002423200 second_order_s=0.002750100 algebra_s=0.010485900 kkt_assembly_s=0.000757400 factor_s=0.022220300 solve_s=0.013149800 update_s=0.002749800 K_nnz=96025 rhs_cols=1 Vxx_nnz=62001
FILTERDDP_TIMING iteration=50 barrier_iteration=5 stage=1 derivative_s=0.006315800 first_order_s=0.002446100 second_order_s=0.003750900 algebra_s=0.029761500 kkt_assembly_s=0.001189300 factor_s=0.028783100 solve_s=0.011869000 update_s=0.001735100 K_nnz=96025 rhs_cols=1 Vxx_nnz=62001
FILTERDDP_FEASIBILITY iteration=50 barrier_iteration=5 equality_count=62016 equality_rms=1.182587540793e-04 equality_max=3.886624375202e-03 equality_worst_stage=3 equality_worst_index=9415 dynamics_count=1245 dynamics_rms=0.000000000000e+00 dynamics_max=0.000000000000e+00 dynamics_worst_stage=0 dynamics_worst_index=0 bound_count=69486 bound_rms=0.000000000000e+00 bound_max=0.000000000000e+00 bound_worst_stage=0 bound_worst_index=0 bound_worst_kind=none
  iter     objective        pr_inf       du_inf       cs_inf     lg(μ)   lg(reg)    alpha     ls
    50   9.59243974e+03   3.8866e-03   6.7910e-03   1.0946e-05   -3.49      -     2.5000e-01   0
FILTERDDP_ITER_TIMING iteration=50 barrier_iteration=5 backward_s=0.457101100 forward_s=0.090626300 total_s=0.547727400 outcome=accepted step_size=1.250000000e-01 backtracks=0 mu=3.200000000e-04
FILTERDDP_TIMING iteration=51 barrier_iteration=5 stage=6 derivative_s=0.005818800 first_order_s=0.003165200 second_order_s=0.002291100 algebra_s=0.014818000 kkt_assembly_s=0.001480300 factor_s=0.043893800 solve_s=0.012522300 update_s=0.001710100 K_nnz=96025 rhs_cols=1 Vxx_nnz=62001
FILTERDDP_TIMING iteration=51 barrier_iteration=5 stage=5 derivative_s=0.003387500 first_order_s=0.001732200 second_order_s=0.001388900 algebra_s=0.012958100 kkt_assembly_s=0.000608300 factor_s=0.021433700 solve_s=0.011616400 update_s=0.000985400 K_nnz=96025 rhs_cols=1 Vxx_nnz=62001
FILTERDDP_TIMING iteration=51 barrier_iteration=5 stage=4 derivative_s=0.003329400 first_order_s=0.001772700 second_order_s=0.001292100 algebra_s=0.051642500 kkt_assembly_s=0.000730000 factor_s=0.028630300 solve_s=0.012890500 update_s=0.001611200 K_nnz=96025 rhs_cols=1 Vxx_nnz=62001
FILTERDDP_TIMING iteration=51 barrier_iteration=5 stage=3 derivative_s=0.003261700 first_order_s=0.001645900 second_order_s=0.001347600 algebra_s=0.009325500 kkt_assembly_s=0.001418800 factor_s=0.037689700 solve_s=0.011831500 update_s=0.001652500 K_nnz=96025 rhs_cols=1 Vxx_nnz=62001
FILTERDDP_TIMING iteration=51 barrier_iteration=5 stage=2 derivative_s=0.003330900 first_order_s=0.001622500 second_order_s=0.001441100 algebra_s=0.011796200 kkt_assembly_s=0.000591200 factor_s=0.021753400 solve_s=0.015888200 update_s=0.001630300 K_nnz=96025 rhs_cols=1 Vxx_nnz=62001
FILTERDDP_TIMING iteration=51 barrier_iteration=5 stage=1 derivative_s=0.003196800 first_order_s=0.001635000 second_order_s=0.001293700 algebra_s=0.117389400 kkt_assembly_s=0.000815900 factor_s=0.022046000 solve_s=0.014002800 update_s=0.003102800 K_nnz=96025 rhs_cols=1 Vxx_nnz=62001
FILTERDDP_FEASIBILITY iteration=51 barrier_iteration=5 equality_count=62016 equality_rms=1.061508005941e-04 equality_max=3.459045532398e-03 equality_worst_stage=3 equality_worst_index=9415 dynamics_count=1245 dynamics_rms=0.000000000000e+00 dynamics_max=0.000000000000e+00 dynamics_worst_stage=0 dynamics_worst_index=0 bound_count=69486 bound_rms=0.000000000000e+00 bound_max=0.000000000000e+00 bound_worst_stage=0 bound_worst_index=0 bound_worst_kind=none
    51   9.58614578e+03   3.4590e-03   5.7677e-03   9.4434e-06   -3.49      -     1.2500e-01   0
FILTERDDP_ITER_TIMING iteration=51 barrier_iteration=5 backward_s=0.511838100 forward_s=0.104609900 total_s=0.616448000 outcome=accepted step_size=1.250000000e-01 backtracks=0 mu=3.200000000e-04
FILTERDDP_TIMING iteration=52 barrier_iteration=5 stage=6 derivative_s=0.007518900 first_order_s=0.002936900 second_order_s=0.004306500 algebra_s=0.018883700 kkt_assembly_s=0.001290600 factor_s=0.026525400 solve_s=0.013712200 update_s=0.002713600 K_nnz=96025 rhs_cols=1 Vxx_nnz=62001
FILTERDDP_TIMING iteration=52 barrier_iteration=5 stage=5 derivative_s=0.005835000 first_order_s=0.002799100 second_order_s=0.002755000 algebra_s=0.010075700 kkt_assembly_s=0.000858700 factor_s=0.023674100 solve_s=0.013185900 update_s=0.002721900 K_nnz=96025 rhs_cols=1 Vxx_nnz=62001
FILTERDDP_TIMING iteration=52 barrier_iteration=5 stage=4 derivative_s=0.006721800 first_order_s=0.002799100 second_order_s=0.003562600 algebra_s=0.008037800 kkt_assembly_s=0.000839300 factor_s=0.023475900 solve_s=0.013110900 update_s=0.002722800 K_nnz=96025 rhs_cols=1 Vxx_nnz=62001
FILTERDDP_TIMING iteration=52 barrier_iteration=5 stage=3 derivative_s=0.005967800 first_order_s=0.002616300 second_order_s=0.003085100 algebra_s=0.021996200 kkt_assembly_s=0.001447200 factor_s=0.035794400 solve_s=0.011912500 update_s=0.001734400 K_nnz=96025 rhs_cols=1 Vxx_nnz=62001
FILTERDDP_TIMING iteration=52 barrier_iteration=5 stage=2 derivative_s=0.003380400 first_order_s=0.001710000 second_order_s=0.001405800 algebra_s=0.011290700 kkt_assembly_s=0.001381700 factor_s=0.039429800 solve_s=0.013230500 update_s=0.001719400 K_nnz=96025 rhs_cols=1 Vxx_nnz=62001
FILTERDDP_TIMING iteration=52 barrier_iteration=5 stage=1 derivative_s=0.003875100 first_order_s=0.001980900 second_order_s=0.001434700 algebra_s=0.009334600 kkt_assembly_s=0.000695100 factor_s=0.020939800 solve_s=0.011750500 update_s=0.001661800 K_nnz=96025 rhs_cols=1 Vxx_nnz=62001
FILTERDDP_FEASIBILITY iteration=52 barrier_iteration=5 equality_count=62016 equality_rms=9.527890701196e-05 equality_max=3.073998174090e-03 equality_worst_stage=3 equality_worst_index=9415 dynamics_count=1245 dynamics_rms=0.000000000000e+00 dynamics_max=0.000000000000e+00 dynamics_worst_stage=0 dynamics_worst_index=0 bound_count=69486 bound_rms=0.000000000000e+00 bound_max=0.000000000000e+00 bound_worst_stage=0 bound_worst_index=0 bound_worst_kind=none
    52   9.58064266e+03   3.0740e-03   4.8762e-03   8.1336e-06   -3.49      -     1.2500e-01   0
FILTERDDP_ITER_TIMING iteration=52 barrier_iteration=5 backward_s=0.380692800 forward_s=0.052720100 total_s=0.433412900 outcome=accepted step_size=2.500000000e-01 backtracks=0 mu=3.200000000e-04
FILTERDDP_TIMING iteration=53 barrier_iteration=5 stage=6 derivative_s=0.054412300 first_order_s=0.001677000 second_order_s=0.052604500 algebra_s=0.006739300 kkt_assembly_s=0.000605600 factor_s=0.021372200 solve_s=0.012669500 update_s=0.001390300 K_nnz=96025 rhs_cols=1 Vxx_nnz=62001
FILTERDDP_TIMING iteration=53 barrier_iteration=5 stage=5 derivative_s=0.003431600 first_order_s=0.001678600 second_order_s=0.001450500 algebra_s=0.009276700 kkt_assembly_s=0.000800800 factor_s=0.021354400 solve_s=0.012454100 update_s=0.001500100 K_nnz=96025 rhs_cols=1 Vxx_nnz=62001
FILTERDDP_TIMING iteration=53 barrier_iteration=5 stage=4 derivative_s=0.003827900 first_order_s=0.002229900 second_order_s=0.001282500 algebra_s=0.012099200 kkt_assembly_s=0.000830300 factor_s=0.021268300 solve_s=0.098195500 update_s=0.001140400 K_nnz=96025 rhs_cols=1 Vxx_nnz=62001
FILTERDDP_TIMING iteration=53 barrier_iteration=5 stage=3 derivative_s=0.003312900 first_order_s=0.001711100 second_order_s=0.001343100 algebra_s=0.009418600 kkt_assembly_s=0.000787400 factor_s=0.021141700 solve_s=0.011939500 update_s=0.001635900 K_nnz=96025 rhs_cols=1 Vxx_nnz=62001
FILTERDDP_TIMING iteration=53 barrier_iteration=5 stage=2 derivative_s=0.003499300 first_order_s=0.001704000 second_order_s=0.001528800 algebra_s=0.009690600 kkt_assembly_s=0.000804300 factor_s=0.020486500 solve_s=0.012415900 update_s=0.001673500 K_nnz=96025 rhs_cols=1 Vxx_nnz=62001
FILTERDDP_TIMING iteration=53 barrier_iteration=5 stage=1 derivative_s=0.003387000 first_order_s=0.001796900 second_order_s=0.001323100 algebra_s=0.009510000 kkt_assembly_s=0.001642800 factor_s=0.021878500 solve_s=0.012658700 update_s=0.001622500 K_nnz=96025 rhs_cols=1 Vxx_nnz=62001
FILTERDDP_FEASIBILITY iteration=53 barrier_iteration=5 equality_count=62016 equality_rms=8.033135811966e-05 equality_max=2.458828886027e-03 equality_worst_stage=3 equality_worst_index=9415 dynamics_count=1245 dynamics_rms=0.000000000000e+00 dynamics_max=0.000000000000e+00 dynamics_worst_stage=0 dynamics_worst_index=0 bound_count=69486 bound_rms=0.000000000000e+00 bound_max=0.000000000000e+00 bound_worst_stage=0 bound_worst_index=0 bound_worst_kind=none
    53   9.57102400e+03   2.4588e-03   3.3938e-03   5.9926e-06   -3.49      -     2.5000e-01   0
FILTERDDP_ITER_TIMING iteration=53 barrier_iteration=5 backward_s=0.431901200 forward_s=0.063465900 total_s=0.495367100 outcome=accepted step_size=2.500000000e-01 backtracks=0 mu=3.200000000e-04
FILTERDDP_TIMING iteration=54 barrier_iteration=5 stage=6 derivative_s=0.006237100 first_order_s=0.002748000 second_order_s=0.003302400 algebra_s=0.017205300 kkt_assembly_s=0.001485500 factor_s=0.027463400 solve_s=0.013053600 update_s=0.002701000 K_nnz=96025 rhs_cols=1 Vxx_nnz=62001
FILTERDDP_TIMING iteration=54 barrier_iteration=5 stage=5 derivative_s=0.006201100 first_order_s=0.002826900 second_order_s=0.003088900 algebra_s=0.021605400 kkt_assembly_s=0.000777300 factor_s=0.020699100 solve_s=0.012015100 update_s=0.001683100 K_nnz=96025 rhs_cols=1 Vxx_nnz=62001
FILTERDDP_TIMING iteration=54 barrier_iteration=5 stage=4 derivative_s=0.003419800 first_order_s=0.001756000 second_order_s=0.001397900 algebra_s=0.009326900 kkt_assembly_s=0.000790200 factor_s=0.020844200 solve_s=0.011917800 update_s=0.001608400 K_nnz=96025 rhs_cols=1 Vxx_nnz=62001
FILTERDDP_TIMING iteration=54 barrier_iteration=5 stage=3 derivative_s=0.003284300 first_order_s=0.001709900 second_order_s=0.001307300 algebra_s=0.009412400 kkt_assembly_s=0.000785700 factor_s=0.020618700 solve_s=0.012245400 update_s=0.001582600 K_nnz=96025 rhs_cols=1 Vxx_nnz=62001
FILTERDDP_TIMING iteration=54 barrier_iteration=5 stage=2 derivative_s=0.003228500 first_order_s=0.001669900 second_order_s=0.001296400 algebra_s=0.008990300 kkt_assembly_s=0.001426200 factor_s=0.061799400 solve_s=0.012230400 update_s=0.001604600 K_nnz=96025 rhs_cols=1 Vxx_nnz=62001
FILTERDDP_TIMING iteration=54 barrier_iteration=5 stage=1 derivative_s=0.003264200 first_order_s=0.001640400 second_order_s=0.001358200 algebra_s=0.009350800 kkt_assembly_s=0.000836300 factor_s=0.020571800 solve_s=0.012692100 update_s=0.001767400 K_nnz=96025 rhs_cols=1 Vxx_nnz=62001
FILTERDDP_FEASIBILITY iteration=54 barrier_iteration=5 equality_count=62016 equality_rms=6.705792497232e-05 equality_max=1.940985626391e-03 equality_worst_stage=3 equality_worst_index=9415 dynamics_count=1245 dynamics_rms=0.000000000000e+00 dynamics_max=0.000000000000e+00 dynamics_worst_stage=0 dynamics_worst_index=0 bound_count=69486 bound_rms=0.000000000000e+00 bound_max=0.000000000000e+00 bound_worst_stage=0 bound_worst_index=0 bound_worst_kind=none
FILTERDDP_ITER_TIMING iteration=54 barrier_iteration=5 backward_s=0.366049100 forward_s=0.000000000 total_s=0.366049100 outcome=barrier_update step_size=2.500000000e-01 backtracks=0 mu=3.200000000e-04
FILTERDDP_TIMING iteration=54 barrier_iteration=6 stage=6 derivative_s=0.003535000 first_order_s=0.001680600 second_order_s=0.001591000 algebra_s=0.009200100 kkt_assembly_s=0.000803700 factor_s=0.021662100 solve_s=0.012341200 update_s=0.001537100 K_nnz=96025 rhs_cols=1 Vxx_nnz=62001
FILTERDDP_TIMING iteration=54 barrier_iteration=6 stage=5 derivative_s=0.003297000 first_order_s=0.001751400 second_order_s=0.001277700 algebra_s=0.009978600 kkt_assembly_s=0.000553700 factor_s=0.113430300 solve_s=0.013300300 update_s=0.001562200 K_nnz=96025 rhs_cols=1 Vxx_nnz=62001
FILTERDDP_TIMING iteration=54 barrier_iteration=6 stage=4 derivative_s=0.003317800 first_order_s=0.001695700 second_order_s=0.001349500 algebra_s=0.009383300 kkt_assembly_s=0.001700600 factor_s=0.023159400 solve_s=0.011910800 update_s=0.001632700 K_nnz=96025 rhs_cols=1 Vxx_nnz=62001
FILTERDDP_TIMING iteration=54 barrier_iteration=6 stage=3 derivative_s=0.001334700 first_order_s=0.000687100 second_order_s=0.000531700 algebra_s=0.007953500 kkt_assembly_s=0.000832200 factor_s=0.021367400 solve_s=0.011484600 update_s=0.001186700 K_nnz=96025 rhs_cols=1 Vxx_nnz=62001
FILTERDDP_TIMING iteration=54 barrier_iteration=6 stage=2 derivative_s=0.003388300 first_order_s=0.001854000 second_order_s=0.001266600 algebra_s=0.009114700 kkt_assembly_s=0.001406100 factor_s=0.042239300 solve_s=0.011893500 update_s=0.001503200 K_nnz=96025 rhs_cols=1 Vxx_nnz=62001
FILTERDDP_TIMING iteration=54 barrier_iteration=6 stage=1 derivative_s=0.004657900 first_order_s=0.002159200 second_order_s=0.002226000 algebra_s=0.009311400 kkt_assembly_s=0.001191200 factor_s=0.024059500 solve_s=0.013721900 update_s=0.002506600 K_nnz=96025 rhs_cols=1 Vxx_nnz=62001
FILTERDDP_FEASIBILITY iteration=54 barrier_iteration=6 equality_count=62016 equality_rms=6.705792497232e-05 equality_max=1.940985626391e-03 equality_worst_stage=3 equality_worst_index=9415 dynamics_count=1245 dynamics_rms=0.000000000000e+00 dynamics_max=0.000000000000e+00 dynamics_worst_stage=0 dynamics_worst_index=0 bound_count=69486 bound_rms=0.000000000000e+00 bound_max=0.000000000000e+00 bound_worst_stage=0 bound_worst_index=0 bound_worst_kind=none
    54   9.56384450e+03   1.9410e-03   2.3116e-03   4.3921e-06   -4.19      -     2.5000e-01   0
FILTERDDP_ITER_TIMING iteration=54 barrier_iteration=6 backward_s=0.412379800 forward_s=0.059441600 total_s=0.471821400 outcome=accepted step_size=2.500000000e-01 backtracks=0 mu=6.400000000e-05
FILTERDDP_TIMING iteration=55 barrier_iteration=6 stage=6 derivative_s=0.003621800 first_order_s=0.001708100 second_order_s=0.001670100 algebra_s=0.008801500 kkt_assembly_s=0.001007900 factor_s=0.023735500 solve_s=0.012417700 update_s=0.001335300 K_nnz=96025 rhs_cols=1 Vxx_nnz=62001
FILTERDDP_TIMING iteration=55 barrier_iteration=6 stage=5 derivative_s=0.003358600 first_order_s=0.001722700 second_order_s=0.001373300 algebra_s=0.006875000 kkt_assembly_s=0.000635300 factor_s=0.021211700 solve_s=0.013198600 update_s=0.001505900 K_nnz=96025 rhs_cols=1 Vxx_nnz=62001
FILTERDDP_TIMING iteration=55 barrier_iteration=6 stage=4 derivative_s=0.003278000 first_order_s=0.001664100 second_order_s=0.001346600 algebra_s=0.010856900 kkt_assembly_s=0.001016000 factor_s=0.021268700 solve_s=0.052792000 update_s=0.001181700 K_nnz=96025 rhs_cols=1 Vxx_nnz=62001
FILTERDDP_TIMING iteration=55 barrier_iteration=6 stage=3 derivative_s=0.003363500 first_order_s=0.001712900 second_order_s=0.001381600 algebra_s=0.009723600 kkt_assembly_s=0.001361800 factor_s=0.021007600 solve_s=0.012943300 update_s=0.001544100 K_nnz=96025 rhs_cols=1 Vxx_nnz=62001
FILTERDDP_TIMING iteration=55 barrier_iteration=6 stage=2 derivative_s=0.003668000 first_order_s=0.001843500 second_order_s=0.001487100 algebra_s=0.009396800 kkt_assembly_s=0.000616500 factor_s=0.021143800 solve_s=0.012807100 update_s=0.001552000 K_nnz=96025 rhs_cols=1 Vxx_nnz=62001
FILTERDDP_TIMING iteration=55 barrier_iteration=6 stage=1 derivative_s=0.003207500 first_order_s=0.001639300 second_order_s=0.001299600 algebra_s=0.009752200 kkt_assembly_s=0.000556700 factor_s=0.126367600 solve_s=0.012903500 update_s=0.001022000 K_nnz=96025 rhs_cols=1 Vxx_nnz=62001
FILTERDDP_FEASIBILITY iteration=55 barrier_iteration=6 equality_count=62016 equality_rms=5.798600478580e-05 equality_max=1.562241386925e-03 equality_worst_stage=3 equality_worst_index=9415 dynamics_count=1245 dynamics_rms=0.000000000000e+00 dynamics_max=0.000000000000e+00 dynamics_worst_stage=0 dynamics_worst_index=0 bound_count=69486 bound_rms=0.000000000000e+00 bound_max=0.000000000000e+00 bound_worst_stage=0 bound_worst_index=0 bound_worst_kind=none
    55   9.55667426e+03   1.5622e-03   1.6994e-03   3.3253e-06   -4.19      -     2.5000e-01   0
FILTERDDP_ITER_TIMING iteration=55 barrier_iteration=6 backward_s=0.441919800 forward_s=0.042922200 total_s=0.484842000 outcome=accepted step_size=2.500000000e-01 backtracks=0 mu=6.400000000e-05
FILTERDDP_TIMING iteration=56 barrier_iteration=6 stage=6 derivative_s=0.003888100 first_order_s=0.001796400 second_order_s=0.001802200 algebra_s=0.005837200 kkt_assembly_s=0.000707200 factor_s=0.037215000 solve_s=0.028376200 update_s=0.001944900 K_nnz=96025 rhs_cols=1 Vxx_nnz=62001
FILTERDDP_TIMING iteration=56 barrier_iteration=6 stage=5 derivative_s=0.005453400 first_order_s=0.003028200 second_order_s=0.001962200 algebra_s=0.013803400 kkt_assembly_s=0.001823100 factor_s=0.058332700 solve_s=0.014278800 update_s=0.001716500 K_nnz=96025 rhs_cols=1 Vxx_nnz=62001
FILTERDDP_TIMING iteration=56 barrier_iteration=6 stage=4 derivative_s=0.003345400 first_order_s=0.001698000 second_order_s=0.001379600 algebra_s=0.009557200 kkt_assembly_s=0.001282800 factor_s=0.033434300 solve_s=0.016072400 update_s=0.002673100 K_nnz=96025 rhs_cols=1 Vxx_nnz=62001
FILTERDDP_TIMING iteration=56 barrier_iteration=6 stage=3 derivative_s=0.003039900 first_order_s=0.001569400 second_order_s=0.001321500 algebra_s=0.013967600 kkt_assembly_s=0.002240700 factor_s=0.044917500 solve_s=0.012711100 update_s=0.001339800 K_nnz=96025 rhs_cols=1 Vxx_nnz=62001
FILTERDDP_TIMING iteration=56 barrier_iteration=6 stage=2 derivative_s=0.002421900 first_order_s=0.001018500 second_order_s=0.001294500 algebra_s=0.011461200 kkt_assembly_s=0.015443100 factor_s=0.021220100 solve_s=0.012930100 update_s=0.001699800 K_nnz=96025 rhs_cols=1 Vxx_nnz=62001
FILTERDDP_TIMING iteration=56 barrier_iteration=6 stage=1 derivative_s=0.003309400 first_order_s=0.001664500 second_order_s=0.001375300 algebra_s=0.009301900 kkt_assembly_s=0.000664800 factor_s=0.021347500 solve_s=0.012333500 update_s=0.001719000 K_nnz=96025 rhs_cols=1 Vxx_nnz=62001
FILTERDDP_FEASIBILITY iteration=56 barrier_iteration=6 equality_count=62016 equality_rms=4.915257665711e-05 equality_max=1.238925008850e-03 equality_worst_stage=3 equality_worst_index=9415 dynamics_count=1245 dynamics_rms=0.000000000000e+00 dynamics_max=0.000000000000e+00 dynamics_worst_stage=0 dynamics_worst_index=0 bound_count=69486 bound_rms=0.000000000000e+00 bound_max=0.000000000000e+00 bound_worst_stage=0 bound_worst_index=0 bound_worst_kind=none
    56   9.55133998e+03   1.2389e-03   1.2356e-03   2.5085e-06   -4.19      -     2.5000e-01   0
FILTERDDP_ITER_TIMING iteration=56 barrier_iteration=6 backward_s=0.432717000 forward_s=0.066521600 total_s=0.499238600 outcome=accepted step_size=1.250000000e-01 backtracks=0 mu=6.400000000e-05
FILTERDDP_TIMING iteration=57 barrier_iteration=6 stage=6 derivative_s=0.003381400 first_order_s=0.001637400 second_order_s=0.001514600 algebra_s=0.012071900 kkt_assembly_s=0.001293100 factor_s=0.038071000 solve_s=0.013203000 update_s=0.001425700 K_nnz=96025 rhs_cols=1 Vxx_nnz=62001
FILTERDDP_TIMING iteration=57 barrier_iteration=6 stage=5 derivative_s=0.002362600 first_order_s=0.001371800 second_order_s=0.000751000 algebra_s=0.010024300 kkt_assembly_s=0.001775000 factor_s=0.066814900 solve_s=0.012390800 update_s=0.000794800 K_nnz=96025 rhs_cols=1 Vxx_nnz=62001
FILTERDDP_TIMING iteration=57 barrier_iteration=6 stage=4 derivative_s=0.001254600 first_order_s=0.000648400 second_order_s=0.000498500 algebra_s=0.005094200 kkt_assembly_s=0.000813300 factor_s=0.022121700 solve_s=0.012305800 update_s=0.001488300 K_nnz=96025 rhs_cols=1 Vxx_nnz=62001
FILTERDDP_TIMING iteration=57 barrier_iteration=6 stage=3 derivative_s=0.002718300 first_order_s=0.001382200 second_order_s=0.001103200 algebra_s=0.009161400 kkt_assembly_s=0.001617900 factor_s=0.021525100 solve_s=0.011816800 update_s=0.001527300 K_nnz=96025 rhs_cols=1 Vxx_nnz=62001
FILTERDDP_TIMING iteration=57 barrier_iteration=6 stage=2 derivative_s=0.003467200 first_order_s=0.001638600 second_order_s=0.001403800 algebra_s=0.009129900 kkt_assembly_s=0.000864200 factor_s=0.111723800 solve_s=0.012939000 update_s=0.001584600 K_nnz=96025 rhs_cols=1 Vxx_nnz=62001
FILTERDDP_TIMING iteration=57 barrier_iteration=6 stage=1 derivative_s=0.003236800 first_order_s=0.001661500 second_order_s=0.001309200 algebra_s=0.009513600 kkt_assembly_s=0.000897600 factor_s=0.020859900 solve_s=0.012617600 update_s=0.001516200 K_nnz=96025 rhs_cols=1 Vxx_nnz=62001
FILTERDDP_FEASIBILITY iteration=57 barrier_iteration=6 equality_count=62016 equality_rms=4.407299176946e-05 equality_max=1.094556500012e-03 equality_worst_stage=3 equality_worst_index=9415 dynamics_count=1245 dynamics_rms=0.000000000000e+00 dynamics_max=0.000000000000e+00 dynamics_worst_stage=0 dynamics_worst_index=0 bound_count=69486 bound_rms=0.000000000000e+00 bound_max=0.000000000000e+00 bound_worst_stage=0 bound_worst_index=0 bound_worst_kind=none
    57   9.54935564e+03   1.0946e-03   1.0701e-03   2.1819e-06   -4.19      -     1.2500e-01   0
FILTERDDP_ITER_TIMING iteration=57 barrier_iteration=6 backward_s=0.444287500 forward_s=0.062788000 total_s=0.507075500 outcome=accepted step_size=1.250000000e-01 backtracks=0 mu=6.400000000e-05
FILTERDDP_TIMING iteration=58 barrier_iteration=6 stage=6 derivative_s=0.003759000 first_order_s=0.001649100 second_order_s=0.001676000 algebra_s=0.012380800 kkt_assembly_s=0.001505500 factor_s=0.038195200 solve_s=0.012900900 update_s=0.001863500 K_nnz=96025 rhs_cols=1 Vxx_nnz=62001
FILTERDDP_TIMING iteration=58 barrier_iteration=6 stage=5 derivative_s=0.005341400 first_order_s=0.003172200 second_order_s=0.001694800 algebra_s=0.010861200 kkt_assembly_s=0.000820600 factor_s=0.022384900 solve_s=0.013506900 update_s=0.002712200 K_nnz=96025 rhs_cols=1 Vxx_nnz=62001
FILTERDDP_TIMING iteration=58 barrier_iteration=6 stage=4 derivative_s=0.005908900 first_order_s=0.002635300 second_order_s=0.002995300 algebra_s=0.010929400 kkt_assembly_s=0.013477900 factor_s=0.020733700 solve_s=0.013149000 update_s=0.001734200 K_nnz=96025 rhs_cols=1 Vxx_nnz=62001
FILTERDDP_TIMING iteration=58 barrier_iteration=6 stage=3 derivative_s=0.003747200 first_order_s=0.001772400 second_order_s=0.001570100 algebra_s=0.010506600 kkt_assembly_s=0.001480400 factor_s=0.040921800 solve_s=0.011707800 update_s=0.001108300 K_nnz=96025 rhs_cols=1 Vxx_nnz=62001
FILTERDDP_TIMING iteration=58 barrier_iteration=6 stage=2 derivative_s=0.002916300 first_order_s=0.001461000 second_order_s=0.001219100 algebra_s=0.007366100 kkt_assembly_s=0.001011800 factor_s=0.021759900 solve_s=0.011351000 update_s=0.000973000 K_nnz=96025 rhs_cols=1 Vxx_nnz=62001
FILTERDDP_TIMING iteration=58 barrier_iteration=6 stage=1 derivative_s=0.003204100 first_order_s=0.001645800 second_order_s=0.001295800 algebra_s=0.009263200 kkt_assembly_s=0.001476000 factor_s=0.021091000 solve_s=0.053200600 update_s=0.001550100 K_nnz=96025 rhs_cols=1 Vxx_nnz=62001
FILTERDDP_FEASIBILITY iteration=58 barrier_iteration=6 equality_count=62016 equality_rms=3.951719856555e-05 equality_max=9.661235994089e-04 equality_worst_stage=3 equality_worst_index=9415 dynamics_count=1245 dynamics_rms=0.000000000000e+00 dynamics_max=0.000000000000e+00 dynamics_worst_stage=0 dynamics_worst_index=0 bound_count=69486 bound_rms=0.000000000000e+00 bound_max=0.000000000000e+00 bound_worst_stage=0 bound_worst_index=0 bound_worst_kind=none
    58   9.54762541e+03   9.6612e-04   9.4192e-04   1.8956e-06   -4.19      -     1.2500e-01   0
FILTERDDP_ITER_TIMING iteration=58 barrier_iteration=6 backward_s=0.397756100 forward_s=0.053513700 total_s=0.451269800 outcome=accepted step_size=2.500000000e-01 backtracks=0 mu=6.400000000e-05
FILTERDDP_TIMING iteration=59 barrier_iteration=6 stage=6 derivative_s=0.003726500 first_order_s=0.001746200 second_order_s=0.001719000 algebra_s=0.011523000 kkt_assembly_s=0.001344800 factor_s=0.036638500 solve_s=0.012558900 update_s=0.001698200 K_nnz=96025 rhs_cols=1 Vxx_nnz=62001
FILTERDDP_TIMING iteration=59 barrier_iteration=6 stage=5 derivative_s=0.003412200 first_order_s=0.001804800 second_order_s=0.001341300 algebra_s=0.010645600 kkt_assembly_s=0.000764200 factor_s=0.022241700 solve_s=0.012325900 update_s=0.001403100 K_nnz=96025 rhs_cols=1 Vxx_nnz=62001
FILTERDDP_TIMING iteration=59 barrier_iteration=6 stage=4 derivative_s=0.003431000 first_order_s=0.001705100 second_order_s=0.001459600 algebra_s=0.101448700 kkt_assembly_s=0.000713100 factor_s=0.020779200 solve_s=0.012676200 update_s=0.001491800 K_nnz=96025 rhs_cols=1 Vxx_nnz=62001
FILTERDDP_TIMING iteration=59 barrier_iteration=6 stage=3 derivative_s=0.003968400 first_order_s=0.002089900 second_order_s=0.001546900 algebra_s=0.008710400 kkt_assembly_s=0.000870300 factor_s=0.021041300 solve_s=0.011570200 update_s=0.001671500 K_nnz=96025 rhs_cols=1 Vxx_nnz=62001
FILTERDDP_TIMING iteration=59 barrier_iteration=6 stage=2 derivative_s=0.003230400 first_order_s=0.001652200 second_order_s=0.001313000 algebra_s=0.012304900 kkt_assembly_s=0.001318700 factor_s=0.043131900 solve_s=0.011637500 update_s=0.001630500 K_nnz=96025 rhs_cols=1 Vxx_nnz=62001
FILTERDDP_TIMING iteration=59 barrier_iteration=6 stage=1 derivative_s=0.003544400 first_order_s=0.001901400 second_order_s=0.001333400 algebra_s=0.011495300 kkt_assembly_s=0.001393000 factor_s=0.038316100 solve_s=0.012897300 update_s=0.002746500 K_nnz=96025 rhs_cols=1 Vxx_nnz=62001
FILTERDDP_FEASIBILITY iteration=59 barrier_iteration=6 equality_count=62016 equality_rms=3.303451304299e-05 equality_max=7.513366513829e-04 equality_worst_stage=3 equality_worst_index=9415 dynamics_count=1245 dynamics_rms=0.000000000000e+00 dynamics_max=0.000000000000e+00 dynamics_worst_stage=0 dynamics_worst_index=0 bound_count=69486 bound_rms=0.000000000000e+00 bound_max=0.000000000000e+00 bound_worst_stage=0 bound_worst_index=0 bound_worst_kind=none
    59   9.54460964e+03   7.5134e-04   7.1632e-04   1.4175e-06   -4.19      -     2.5000e-01   0
FILTERDDP_ITER_TIMING iteration=59 barrier_iteration=6 backward_s=0.451261500 forward_s=0.105707900 total_s=0.556969400 outcome=accepted step_size=2.500000000e-01 backtracks=0 mu=6.400000000e-05
FILTERDDP_TIMING iteration=60 barrier_iteration=6 stage=6 derivative_s=0.006766100 first_order_s=0.002718600 second_order_s=0.003819500 algebra_s=0.030209700 kkt_assembly_s=0.001340800 factor_s=0.034167400 solve_s=0.012174300 update_s=0.001611700 K_nnz=96025 rhs_cols=1 Vxx_nnz=62001
FILTERDDP_TIMING iteration=60 barrier_iteration=6 stage=5 derivative_s=0.003306300 first_order_s=0.001641500 second_order_s=0.001397300 algebra_s=0.011577700 kkt_assembly_s=0.001400300 factor_s=0.039467300 solve_s=0.011790200 update_s=0.001715200 K_nnz=96025 rhs_cols=1 Vxx_nnz=62001
FILTERDDP_TIMING iteration=60 barrier_iteration=6 stage=4 derivative_s=0.003647200 first_order_s=0.001998900 second_order_s=0.001378800 algebra_s=0.009623000 kkt_assembly_s=0.001240300 factor_s=0.021209500 solve_s=0.011572800 update_s=0.001517600 K_nnz=96025 rhs_cols=1 Vxx_nnz=62001
FILTERDDP_TIMING iteration=60 barrier_iteration=6 stage=3 derivative_s=0.003354400 first_order_s=0.001796000 second_order_s=0.001291100 algebra_s=0.010420500 kkt_assembly_s=0.000808100 factor_s=0.062089600 solve_s=0.012604600 update_s=0.001644100 K_nnz=96025 rhs_cols=1 Vxx_nnz=62001
FILTERDDP_TIMING iteration=60 barrier_iteration=6 stage=2 derivative_s=0.003726500 first_order_s=0.001940900 second_order_s=0.001484800 algebra_s=0.010521400 kkt_assembly_s=0.000638500 factor_s=0.020886000 solve_s=0.012046800 update_s=0.001658800 K_nnz=96025 rhs_cols=1 Vxx_nnz=62001
FILTERDDP_TIMING iteration=60 barrier_iteration=6 stage=1 derivative_s=0.003270300 first_order_s=0.001680200 second_order_s=0.001321000 algebra_s=0.009074200 kkt_assembly_s=0.000878700 factor_s=0.021168100 solve_s=0.012308900 update_s=0.001678000 K_nnz=96025 rhs_cols=1 Vxx_nnz=62001
FILTERDDP_FEASIBILITY iteration=60 barrier_iteration=6 equality_count=62016 equality_rms=2.740570285270e-05 equality_max=5.798734441811e-04 equality_worst_stage=3 equality_worst_index=9415 dynamics_count=1245 dynamics_rms=0.000000000000e+00 dynamics_max=0.000000000000e+00 dynamics_worst_stage=0 dynamics_worst_index=0 bound_count=69486 bound_rms=0.000000000000e+00 bound_max=0.000000000000e+00 bound_worst_stage=0 bound_worst_index=0 bound_worst_kind=none
FILTERDDP_ITER_TIMING iteration=60 barrier_iteration=6 backward_s=0.394309500 forward_s=0.000000000 total_s=0.394309500 outcome=barrier_update step_size=2.500000000e-01 backtracks=0 mu=6.400000000e-05
FILTERDDP_TIMING iteration=60 barrier_iteration=7 stage=6 derivative_s=0.003507800 first_order_s=0.001647500 second_order_s=0.001585800 algebra_s=0.008992400 kkt_assembly_s=0.100597300 factor_s=0.020880300 solve_s=0.011885000 update_s=0.001392300 K_nnz=96025 rhs_cols=1 Vxx_nnz=62001
FILTERDDP_TIMING iteration=60 barrier_iteration=7 stage=5 derivative_s=0.003009400 first_order_s=0.001558700 second_order_s=0.001204200 algebra_s=0.005673600 kkt_assembly_s=0.000577700 factor_s=0.020807700 solve_s=0.012229100 update_s=0.001683900 K_nnz=96025 rhs_cols=1 Vxx_nnz=62001
FILTERDDP_TIMING iteration=60 barrier_iteration=7 stage=4 derivative_s=0.003298400 first_order_s=0.001663000 second_order_s=0.001366700 algebra_s=0.009851300 kkt_assembly_s=0.001778100 factor_s=0.024022300 solve_s=0.012420600 update_s=0.001666700 K_nnz=96025 rhs_cols=1 Vxx_nnz=62001
FILTERDDP_TIMING iteration=60 barrier_iteration=7 stage=3 derivative_s=0.003324800 first_order_s=0.001717500 second_order_s=0.001267700 algebra_s=0.009122400 kkt_assembly_s=0.000780100 factor_s=0.020267600 solve_s=0.011985200 update_s=0.001543000 K_nnz=96025 rhs_cols=1 Vxx_nnz=62001
FILTERDDP_TIMING iteration=60 barrier_iteration=7 stage=2 derivative_s=0.004646800 first_order_s=0.001937500 second_order_s=0.002363400 algebra_s=0.011367300 kkt_assembly_s=0.000796000 factor_s=0.023770800 solve_s=0.013543000 update_s=0.002613200 K_nnz=96025 rhs_cols=1 Vxx_nnz=62001
FILTERDDP_TIMING iteration=60 barrier_iteration=7 stage=1 derivative_s=0.006127200 first_order_s=0.002508100 second_order_s=0.003349300 algebra_s=0.022115700 kkt_assembly_s=0.001323500 factor_s=0.037122900 solve_s=0.011795400 update_s=0.001605200 K_nnz=96025 rhs_cols=1 Vxx_nnz=62001
FILTERDDP_FEASIBILITY iteration=60 barrier_iteration=7 equality_count=62016 equality_rms=2.740570285270e-05 equality_max=5.798734441811e-04 equality_worst_stage=3 equality_worst_index=9415 dynamics_count=1245 dynamics_rms=0.000000000000e+00 dynamics_max=0.000000000000e+00 dynamics_worst_stage=0 dynamics_worst_index=0 bound_count=69486 bound_rms=0.000000000000e+00 bound_max=0.000000000000e+00 bound_worst_stage=0 bound_worst_index=0 bound_worst_kind=none
  iter     objective        pr_inf       du_inf       cs_inf     lg(μ)   lg(reg)    alpha     ls
    60   9.54236903e+03   5.7987e-04   5.3551e-04   1.0545e-06   -5.03      -     2.5000e-01   0
FILTERDDP_ITER_TIMING iteration=60 barrier_iteration=7 backward_s=0.429074200 forward_s=0.088845800 total_s=0.517920000 outcome=accepted step_size=2.500000000e-01 backtracks=0 mu=9.277179695e-06
FILTERDDP_TIMING iteration=61 barrier_iteration=7 stage=6 derivative_s=0.003703900 first_order_s=0.001752000 second_order_s=0.001693800 algebra_s=0.013363200 kkt_assembly_s=0.001334800 factor_s=0.037147800 solve_s=0.012143300 update_s=0.001528200 K_nnz=96025 rhs_cols=1 Vxx_nnz=62001
FILTERDDP_TIMING iteration=61 barrier_iteration=7 stage=5 derivative_s=0.003580700 first_order_s=0.001677900 second_order_s=0.001608200 algebra_s=0.010742900 kkt_assembly_s=0.000572800 factor_s=0.020746400 solve_s=0.011923000 update_s=0.001704100 K_nnz=96025 rhs_cols=1 Vxx_nnz=62001
FILTERDDP_TIMING iteration=61 barrier_iteration=7 stage=4 derivative_s=0.044625100 first_order_s=0.000799300 second_order_s=0.043715000 algebra_s=0.008727500 kkt_assembly_s=0.001383700 factor_s=0.036205400 solve_s=0.012348500 update_s=0.001652900 K_nnz=96025 rhs_cols=1 Vxx_nnz=62001
FILTERDDP_TIMING iteration=61 barrier_iteration=7 stage=3 derivative_s=0.003344700 first_order_s=0.001731400 second_order_s=0.001345800 algebra_s=0.010554200 kkt_assembly_s=0.001320300 factor_s=0.040976900 solve_s=0.013411800 update_s=0.001823200 K_nnz=96025 rhs_cols=1 Vxx_nnz=62001
FILTERDDP_TIMING iteration=61 barrier_iteration=7 stage=2 derivative_s=0.003541200 first_order_s=0.001867700 second_order_s=0.001362500 algebra_s=0.010915100 kkt_assembly_s=0.001535300 factor_s=0.023148300 solve_s=0.102392500 update_s=0.000924600 K_nnz=96025 rhs_cols=1 Vxx_nnz=62001
FILTERDDP_TIMING iteration=61 barrier_iteration=7 stage=1 derivative_s=0.001277400 first_order_s=0.000653200 second_order_s=0.000523400 algebra_s=0.004003500 kkt_assembly_s=0.000572900 factor_s=0.020963800 solve_s=0.012275200 update_s=0.001569800 K_nnz=96025 rhs_cols=1 Vxx_nnz=62001
FILTERDDP_FEASIBILITY iteration=61 barrier_iteration=7 equality_count=62016 equality_rms=2.287256493870e-05 equality_max=4.494781497423e-04 equality_worst_stage=3 equality_worst_index=9415 dynamics_count=1245 dynamics_rms=0.000000000000e+00 dynamics_max=0.000000000000e+00 dynamics_worst_stage=0 dynamics_worst_index=0 bound_count=69486 bound_rms=0.000000000000e+00 bound_max=0.000000000000e+00 bound_worst_stage=0 bound_worst_index=0 bound_worst_kind=none
    61   9.54032945e+03   4.4948e-04   4.2688e-04   8.0143e-07   -5.03      -     2.5000e-01   0
FILTERDDP_ITER_TIMING iteration=61 barrier_iteration=7 backward_s=0.478895700 forward_s=0.049445600 total_s=0.528341300 outcome=accepted step_size=5.000000000e-01 backtracks=0 mu=9.277179695e-06
FILTERDDP_TIMING iteration=62 barrier_iteration=7 stage=6 derivative_s=0.004051400 first_order_s=0.001691100 second_order_s=0.002099900 algebra_s=0.008444700 kkt_assembly_s=0.001338400 factor_s=0.036950900 solve_s=0.012338200 update_s=0.001719800 K_nnz=96025 rhs_cols=1 Vxx_nnz=62001
FILTERDDP_TIMING iteration=62 barrier_iteration=7 stage=5 derivative_s=0.005255600 first_order_s=0.002960100 second_order_s=0.001855800 algebra_s=0.012087200 kkt_assembly_s=0.000601800 factor_s=0.020690300 solve_s=0.013214800 update_s=0.002013700 K_nnz=96025 rhs_cols=1 Vxx_nnz=62001
FILTERDDP_TIMING iteration=62 barrier_iteration=7 stage=4 derivative_s=0.005308000 first_order_s=0.002226500 second_order_s=0.002801000 algebra_s=0.018973400 kkt_assembly_s=0.002492900 factor_s=0.036053200 solve_s=0.013851300 update_s=0.002450100 K_nnz=96025 rhs_cols=1 Vxx_nnz=62001
FILTERDDP_TIMING iteration=62 barrier_iteration=7 stage=3 derivative_s=0.006417600 first_order_s=0.002596400 second_order_s=0.003695900 algebra_s=0.019881700 kkt_assembly_s=0.001344400 factor_s=0.039509800 solve_s=0.012938400 update_s=0.001524700 K_nnz=96025 rhs_cols=1 Vxx_nnz=62001
FILTERDDP_TIMING iteration=62 barrier_iteration=7 stage=2 derivative_s=0.003411500 first_order_s=0.001785900 second_order_s=0.001360200 algebra_s=0.010116900 kkt_assembly_s=0.001434600 factor_s=0.041821900 solve_s=0.012228000 update_s=0.001688900 K_nnz=96025 rhs_cols=1 Vxx_nnz=62001
FILTERDDP_TIMING iteration=62 barrier_iteration=7 stage=1 derivative_s=0.003205100 first_order_s=0.001655500 second_order_s=0.001276300 algebra_s=0.014447600 kkt_assembly_s=0.001625600 factor_s=0.042786600 solve_s=0.011847800 update_s=0.001741000 K_nnz=96025 rhs_cols=1 Vxx_nnz=62001
FILTERDDP_FEASIBILITY iteration=62 barrier_iteration=7 equality_count=62016 equality_rms=1.778807548591e-05 equality_max=2.995866972048e-04 equality_worst_stage=6 equality_worst_index=9415 dynamics_count=1245 dynamics_rms=0.000000000000e+00 dynamics_max=0.000000000000e+00 dynamics_worst_stage=0 dynamics_worst_index=0 bound_count=69486 bound_rms=0.000000000000e+00 bound_max=0.000000000000e+00 bound_worst_stage=0 bound_worst_index=0 bound_worst_kind=none
    62   9.53730631e+03   2.9959e-04   2.4986e-04   4.4481e-07   -5.03      -     5.0000e-01   0
FILTERDDP_ITER_TIMING iteration=62 barrier_iteration=7 backward_s=0.426782600 forward_s=0.131677100 total_s=0.558459700 outcome=accepted step_size=2.500000000e-01 backtracks=0 mu=9.277179695e-06
FILTERDDP_TIMING iteration=63 barrier_iteration=7 stage=6 derivative_s=0.003622400 first_order_s=0.001626600 second_order_s=0.001713900 algebra_s=0.009132500 kkt_assembly_s=0.001398700 factor_s=0.035630800 solve_s=0.012589700 update_s=0.001667500 K_nnz=96025 rhs_cols=1 Vxx_nnz=62001
FILTERDDP_TIMING iteration=63 barrier_iteration=7 stage=5 derivative_s=0.004415100 first_order_s=0.002674200 second_order_s=0.001447200 algebra_s=0.012585600 kkt_assembly_s=0.001346000 factor_s=0.041829000 solve_s=0.013545700 update_s=0.001733700 K_nnz=96025 rhs_cols=1 Vxx_nnz=62001
FILTERDDP_TIMING iteration=63 barrier_iteration=7 stage=4 derivative_s=0.003247000 first_order_s=0.001661900 second_order_s=0.001315300 algebra_s=0.009377900 kkt_assembly_s=0.000862700 factor_s=0.118213300 solve_s=0.012609100 update_s=0.001532700 K_nnz=96025 rhs_cols=1 Vxx_nnz=62001
FILTERDDP_TIMING iteration=63 barrier_iteration=7 stage=3 derivative_s=0.003302500 first_order_s=0.001718900 second_order_s=0.001303600 algebra_s=0.009323600 kkt_assembly_s=0.000850200 factor_s=0.020958600 solve_s=0.012256300 update_s=0.001487100 K_nnz=96025 rhs_cols=1 Vxx_nnz=62001
FILTERDDP_TIMING iteration=63 barrier_iteration=7 stage=2 derivative_s=0.002714600 first_order_s=0.001444900 second_order_s=0.001050600 algebra_s=0.010208000 kkt_assembly_s=0.000560800 factor_s=0.020377600 solve_s=0.011844500 update_s=0.001442900 K_nnz=96025 rhs_cols=1 Vxx_nnz=62001
FILTERDDP_TIMING iteration=63 barrier_iteration=7 stage=1 derivative_s=0.003152200 first_order_s=0.001610000 second_order_s=0.001277800 algebra_s=0.010156900 kkt_assembly_s=0.000702500 factor_s=0.020610000 solve_s=0.012128800 update_s=0.001632200 K_nnz=96025 rhs_cols=1 Vxx_nnz=62001
FILTERDDP_FEASIBILITY iteration=63 barrier_iteration=7 equality_count=62016 equality_rms=1.392022100030e-05 equality_max=2.306883072468e-04 equality_worst_stage=6 equality_worst_index=9415 dynamics_count=1245 dynamics_rms=0.000000000000e+00 dynamics_max=0.000000000000e+00 dynamics_worst_stage=0 dynamics_worst_index=0 bound_count=69486 bound_rms=0.000000000000e+00 bound_max=0.000000000000e+00 bound_worst_stage=0 bound_worst_index=0 bound_worst_kind=none
    63   9.53657741e+03   2.3069e-04   1.9205e-04   3.3536e-07   -5.03      -     2.5000e-01   0
FILTERDDP_ITER_TIMING iteration=63 barrier_iteration=7 backward_s=0.429978200 forward_s=0.052386500 total_s=0.482364700 outcome=accepted step_size=5.000000000e-01 backtracks=0 mu=9.277179695e-06
FILTERDDP_TIMING iteration=64 barrier_iteration=7 stage=6 derivative_s=0.006797800 first_order_s=0.002789300 second_order_s=0.003752800 algebra_s=0.019409100 kkt_assembly_s=0.001882000 factor_s=0.033338600 solve_s=0.028860600 update_s=0.001298900 K_nnz=96025 rhs_cols=1 Vxx_nnz=62001
FILTERDDP_TIMING iteration=64 barrier_iteration=7 stage=5 derivative_s=0.003724600 first_order_s=0.002033100 second_order_s=0.001424100 algebra_s=0.009119800 kkt_assembly_s=0.000702300 factor_s=0.021095600 solve_s=0.012081500 update_s=0.001538000 K_nnz=96025 rhs_cols=1 Vxx_nnz=62001
FILTERDDP_TIMING iteration=64 barrier_iteration=7 stage=4 derivative_s=0.003343700 first_order_s=0.001706600 second_order_s=0.001371100 algebra_s=0.009191600 kkt_assembly_s=0.001556300 factor_s=0.042520100 solve_s=0.011979300 update_s=0.001903600 K_nnz=96025 rhs_cols=1 Vxx_nnz=62001
FILTERDDP_TIMING iteration=64 barrier_iteration=7 stage=3 derivative_s=0.003223600 first_order_s=0.001642900 second_order_s=0.001313600 algebra_s=0.011958900 kkt_assembly_s=0.001407800 factor_s=0.041038200 solve_s=0.012203300 update_s=0.001660200 K_nnz=96025 rhs_cols=1 Vxx_nnz=62001
FILTERDDP_TIMING iteration=64 barrier_iteration=7 stage=2 derivative_s=0.003842400 first_order_s=0.002289100 second_order_s=0.001284600 algebra_s=0.011950900 kkt_assembly_s=0.000523000 factor_s=0.062039500 solve_s=0.012375900 update_s=0.001596900 K_nnz=96025 rhs_cols=1 Vxx_nnz=62001
FILTERDDP_TIMING iteration=64 barrier_iteration=7 stage=1 derivative_s=0.003423300 first_order_s=0.001660200 second_order_s=0.001340300 algebra_s=0.009122900 kkt_assembly_s=0.000838900 factor_s=0.020574200 solve_s=0.011840700 update_s=0.001503200 K_nnz=96025 rhs_cols=1 Vxx_nnz=62001
FILTERDDP_FEASIBILITY iteration=64 barrier_iteration=7 equality_count=62016 equality_rms=8.392267083060e-06 equality_max=1.293717358502e-04 equality_worst_stage=6 equality_worst_index=9415 dynamics_count=1245 dynamics_rms=0.000000000000e+00 dynamics_max=0.000000000000e+00 dynamics_worst_stage=0 dynamics_worst_index=0 bound_count=69486 bound_rms=0.000000000000e+00 bound_max=0.000000000000e+00 bound_worst_stage=0 bound_worst_index=0 bound_worst_kind=none
    64   9.53549901e+03   1.2937e-04   1.0478e-04   1.8230e-07   -5.03      -     5.0000e-01   0
FILTERDDP_ITER_TIMING iteration=64 barrier_iteration=7 backward_s=0.422654000 forward_s=0.048005400 total_s=0.470659400 outcome=accepted step_size=5.000000000e-01 backtracks=0 mu=9.277179695e-06
FILTERDDP_TIMING iteration=65 barrier_iteration=7 stage=6 derivative_s=0.003500100 first_order_s=0.001603100 second_order_s=0.001618200 algebra_s=0.010599300 kkt_assembly_s=0.001039300 factor_s=0.037232100 solve_s=0.110023200 update_s=0.001720600 K_nnz=96025 rhs_cols=1 Vxx_nnz=62001
FILTERDDP_TIMING iteration=65 barrier_iteration=7 stage=5 derivative_s=0.001344300 first_order_s=0.000706400 second_order_s=0.000531100 algebra_s=0.008181800 kkt_assembly_s=0.000581500 factor_s=0.021076900 solve_s=0.012666300 update_s=0.001652500 K_nnz=96025 rhs_cols=1 Vxx_nnz=62001
FILTERDDP_TIMING iteration=65 barrier_iteration=7 stage=4 derivative_s=0.003540700 first_order_s=0.001730600 second_order_s=0.001387100 algebra_s=0.009352100 kkt_assembly_s=0.001721600 factor_s=0.049512500 solve_s=0.013065400 update_s=0.001620100 K_nnz=96025 rhs_cols=1 Vxx_nnz=62001
FILTERDDP_TIMING iteration=65 barrier_iteration=7 stage=3 derivative_s=0.003369900 first_order_s=0.001743200 second_order_s=0.001360800 algebra_s=0.009517500 kkt_assembly_s=0.001475300 factor_s=0.035376700 solve_s=0.012516000 update_s=0.001504000 K_nnz=96025 rhs_cols=1 Vxx_nnz=62001
FILTERDDP_TIMING iteration=65 barrier_iteration=7 stage=2 derivative_s=0.002294100 first_order_s=0.001261500 second_order_s=0.000852700 algebra_s=0.009092100 kkt_assembly_s=0.000882600 factor_s=0.021897100 solve_s=0.012749000 update_s=0.002921500 K_nnz=96025 rhs_cols=1 Vxx_nnz=62001
FILTERDDP_TIMING iteration=65 barrier_iteration=7 stage=1 derivative_s=0.005839800 first_order_s=0.003007700 second_order_s=0.002545200 algebra_s=0.011624300 kkt_assembly_s=0.002495900 factor_s=0.055489200 solve_s=0.012219300 update_s=0.001684700 K_nnz=96025 rhs_cols=1 Vxx_nnz=62001
FILTERDDP_FEASIBILITY iteration=65 barrier_iteration=7 equality_count=62016 equality_rms=4.634102999027e-06 equality_max=6.849782682459e-05 equality_worst_stage=6 equality_worst_index=9415 dynamics_count=1245 dynamics_rms=0.000000000000e+00 dynamics_max=0.000000000000e+00 dynamics_worst_stage=0 dynamics_worst_index=0 bound_count=69486 bound_rms=0.000000000000e+00 bound_max=0.000000000000e+00 bound_worst_stage=0 bound_worst_index=0 bound_worst_kind=none
FILTERDDP_ITER_TIMING iteration=65 barrier_iteration=7 backward_s=0.492246400 forward_s=0.000000000 total_s=0.492246400 outcome=barrier_update step_size=5.000000000e-01 backtracks=0 mu=9.277179695e-06
FILTERDDP_TIMING iteration=65 barrier_iteration=8 stage=6 derivative_s=0.004320900 first_order_s=0.001782500 second_order_s=0.001977500 algebra_s=0.011967000 kkt_assembly_s=0.001515600 factor_s=0.038719500 solve_s=0.012217200 update_s=0.001720700 K_nnz=96025 rhs_cols=1 Vxx_nnz=62001
FILTERDDP_TIMING iteration=65 barrier_iteration=8 stage=5 derivative_s=0.003452700 first_order_s=0.001802100 second_order_s=0.001383400 algebra_s=0.011414200 kkt_assembly_s=0.000599200 factor_s=0.021163500 solve_s=0.011921500 update_s=0.001527300 K_nnz=96025 rhs_cols=1 Vxx_nnz=62001
FILTERDDP_TIMING iteration=65 barrier_iteration=8 stage=4 derivative_s=0.003395100 first_order_s=0.001671200 second_order_s=0.001458800 algebra_s=0.009939900 kkt_assembly_s=0.000755600 factor_s=0.021379600 solve_s=0.012063500 update_s=0.001605200 K_nnz=96025 rhs_cols=1 Vxx_nnz=62001
FILTERDDP_TIMING iteration=65 barrier_iteration=8 stage=3 derivative_s=0.003325700 first_order_s=0.001756000 second_order_s=0.001304100 algebra_s=0.050022700 kkt_assembly_s=0.001355500 factor_s=0.035402700 solve_s=0.011900200 update_s=0.001102900 K_nnz=96025 rhs_cols=1 Vxx_nnz=62001
FILTERDDP_TIMING iteration=65 barrier_iteration=8 stage=2 derivative_s=0.003310100 first_order_s=0.001703100 second_order_s=0.001339500 algebra_s=0.009658200 kkt_assembly_s=0.001454100 factor_s=0.021181300 solve_s=0.011298800 update_s=0.001111700 K_nnz=96025 rhs_cols=1 Vxx_nnz=62001
FILTERDDP_TIMING iteration=65 barrier_iteration=8 stage=1 derivative_s=0.003225600 first_order_s=0.001628300 second_order_s=0.001331200 algebra_s=0.011725700 kkt_assembly_s=0.000857800 factor_s=0.020741000 solve_s=0.012310800 update_s=0.001801900 K_nnz=96025 rhs_cols=1 Vxx_nnz=62001
FILTERDDP_FEASIBILITY iteration=65 barrier_iteration=8 equality_count=62016 equality_rms=4.634102999027e-06 equality_max=6.849782682459e-05 equality_worst_stage=6 equality_worst_index=9415 dynamics_count=1245 dynamics_rms=0.000000000000e+00 dynamics_max=0.000000000000e+00 dynamics_worst_stage=0 dynamics_worst_index=0 bound_count=69486 bound_rms=0.000000000000e+00 bound_max=0.000000000000e+00 bound_worst_stage=0 bound_worst_index=0 bound_worst_kind=none
    65   9.53498123e+03   6.8498e-05   5.5120e-05   9.5254e-08   -6.04      -     5.0000e-01   0
FILTERDDP_ITER_TIMING iteration=65 barrier_iteration=8 backward_s=0.372437200 forward_s=0.138469900 total_s=0.510907100 outcome=accepted step_size=5.000000000e-01 backtracks=0 mu=9.139010210e-07
FILTERDDP_TIMING iteration=66 barrier_iteration=8 stage=6 derivative_s=0.002125000 first_order_s=0.000939400 second_order_s=0.001035800 algebra_s=0.005998200 kkt_assembly_s=0.000740300 factor_s=0.022261400 solve_s=0.012163400 update_s=0.001628000 K_nnz=96025 rhs_cols=1 Vxx_nnz=62001
FILTERDDP_TIMING iteration=66 barrier_iteration=8 stage=5 derivative_s=0.003767400 first_order_s=0.001872200 second_order_s=0.001625100 algebra_s=0.008960300 kkt_assembly_s=0.000840400 factor_s=0.020963200 solve_s=0.012357300 update_s=0.001755500 K_nnz=96025 rhs_cols=1 Vxx_nnz=62001
FILTERDDP_TIMING iteration=66 barrier_iteration=8 stage=4 derivative_s=0.003421300 first_order_s=0.001823200 second_order_s=0.001333000 algebra_s=0.012711700 kkt_assembly_s=0.001695200 factor_s=0.024181900 solve_s=0.012203400 update_s=0.001533100 K_nnz=96025 rhs_cols=1 Vxx_nnz=62001
FILTERDDP_TIMING iteration=66 barrier_iteration=8 stage=3 derivative_s=0.003760100 first_order_s=0.001914300 second_order_s=0.001365500 algebra_s=0.010835900 kkt_assembly_s=0.001740300 factor_s=0.045465500 solve_s=0.013608600 update_s=0.002595300 K_nnz=96025 rhs_cols=1 Vxx_nnz=62001
FILTERDDP_TIMING iteration=66 barrier_iteration=8 stage=2 derivative_s=0.006004200 first_order_s=0.002776000 second_order_s=0.002927300 algebra_s=0.018427300 kkt_assembly_s=0.001653800 factor_s=0.037741100 solve_s=0.013971800 update_s=0.001759400 K_nnz=96025 rhs_cols=1 Vxx_nnz=62001
FILTERDDP_TIMING iteration=66 barrier_iteration=8 stage=1 derivative_s=0.003377400 first_order_s=0.001791000 second_order_s=0.001305800 algebra_s=0.012720500 kkt_assembly_s=0.001282600 factor_s=0.021577700 solve_s=0.012300300 update_s=0.001527700 K_nnz=96025 rhs_cols=1 Vxx_nnz=62001
FILTERDDP_FEASIBILITY iteration=66 barrier_iteration=8 equality_count=62016 equality_rms=2.496648494417e-06 equality_max=3.698298772474e-05 equality_worst_stage=5 equality_worst_index=8548 dynamics_count=1245 dynamics_rms=0.000000000000e+00 dynamics_max=0.000000000000e+00 dynamics_worst_stage=0 dynamics_worst_index=0 bound_count=69486 bound_rms=0.000000000000e+00 bound_max=0.000000000000e+00 bound_worst_stage=0 bound_worst_index=0 bound_worst_kind=none
    66   9.53462770e+03   3.6983e-05   3.3360e-05   5.1609e-08   -6.04      -     5.0000e-01   0
FILTERDDP_ITER_TIMING iteration=66 barrier_iteration=8 backward_s=0.360632900 forward_s=0.050022500 total_s=0.410655400 outcome=accepted step_size=5.000000000e-01 backtracks=0 mu=9.139010210e-07
FILTERDDP_TIMING iteration=67 barrier_iteration=8 stage=6 derivative_s=0.003504600 first_order_s=0.001634900 second_order_s=0.001589200 algebra_s=0.011070300 kkt_assembly_s=0.001401700 factor_s=0.036423500 solve_s=0.013040500 update_s=0.001966400 K_nnz=96025 rhs_cols=1 Vxx_nnz=62001
FILTERDDP_TIMING iteration=67 barrier_iteration=8 stage=5 derivative_s=0.003235400 first_order_s=0.001631800 second_order_s=0.001337100 algebra_s=0.047218500 kkt_assembly_s=0.000580300 factor_s=0.020873700 solve_s=0.012056500 update_s=0.002021700 K_nnz=96025 rhs_cols=1 Vxx_nnz=62001
FILTERDDP_TIMING iteration=67 barrier_iteration=8 stage=4 derivative_s=0.003363200 first_order_s=0.001709000 second_order_s=0.001383500 algebra_s=0.010505800 kkt_assembly_s=0.000810100 factor_s=0.021722700 solve_s=0.012276100 update_s=0.001237000 K_nnz=96025 rhs_cols=1 Vxx_nnz=62001
FILTERDDP_TIMING iteration=67 barrier_iteration=8 stage=3 derivative_s=0.003195500 first_order_s=0.001633800 second_order_s=0.001295100 algebra_s=0.010657300 kkt_assembly_s=0.001517500 factor_s=0.025200200 solve_s=0.012104600 update_s=0.001519500 K_nnz=96025 rhs_cols=1 Vxx_nnz=62001
FILTERDDP_TIMING iteration=67 barrier_iteration=8 stage=2 derivative_s=0.003329000 first_order_s=0.001790200 second_order_s=0.001269300 algebra_s=0.098365400 kkt_assembly_s=0.000863000 factor_s=0.022148600 solve_s=0.012593800 update_s=0.001362400 K_nnz=96025 rhs_cols=1 Vxx_nnz=62001
FILTERDDP_TIMING iteration=67 barrier_iteration=8 stage=1 derivative_s=0.003399300 first_order_s=0.001741200 second_order_s=0.001378800 algebra_s=0.009898500 kkt_assembly_s=0.001313000 factor_s=0.021024500 solve_s=0.012152800 update_s=0.001743100 K_nnz=96025 rhs_cols=1 Vxx_nnz=62001
FILTERDDP_FEASIBILITY iteration=67 barrier_iteration=8 equality_count=62016 equality_rms=1.297784643141e-06 equality_max=1.926724937809e-05 equality_worst_stage=5 equality_worst_index=8548 dynamics_count=1245 dynamics_rms=0.000000000000e+00 dynamics_max=0.000000000000e+00 dynamics_worst_stage=0 dynamics_worst_index=0 bound_count=69486 bound_rms=0.000000000000e+00 bound_max=0.000000000000e+00 bound_worst_stage=0 bound_worst_index=0 bound_worst_kind=none
    67   9.53446082e+03   1.9267e-05   1.9893e-05   2.7648e-08   -6.04      -     5.0000e-01   0
FILTERDDP_ITER_TIMING iteration=67 barrier_iteration=8 backward_s=0.446653800 forward_s=0.050878100 total_s=0.497531900 outcome=accepted step_size=5.000000000e-01 backtracks=0 mu=9.139010210e-07
FILTERDDP_TIMING iteration=68 barrier_iteration=8 stage=6 derivative_s=0.004215500 first_order_s=0.002283400 second_order_s=0.001665300 algebra_s=0.013708200 kkt_assembly_s=0.000568000 factor_s=0.021425700 solve_s=0.011769500 update_s=0.001648900 K_nnz=96025 rhs_cols=1 Vxx_nnz=62001
FILTERDDP_TIMING iteration=68 barrier_iteration=8 stage=5 derivative_s=0.003344600 first_order_s=0.001813500 second_order_s=0.001267200 algebra_s=0.010780000 kkt_assembly_s=0.000789500 factor_s=0.022118500 solve_s=0.013494100 update_s=0.002613000 K_nnz=96025 rhs_cols=1 Vxx_nnz=62001
FILTERDDP_TIMING iteration=68 barrier_iteration=8 stage=4 derivative_s=0.006041400 first_order_s=0.002601700 second_order_s=0.003126000 algebra_s=0.011098300 kkt_assembly_s=0.000760400 factor_s=0.050775800 solve_s=0.013689800 update_s=0.002795700 K_nnz=96025 rhs_cols=1 Vxx_nnz=62001
FILTERDDP_TIMING iteration=68 barrier_iteration=8 stage=3 derivative_s=0.006539100 first_order_s=0.002994500 second_order_s=0.003263600 algebra_s=0.009996100 kkt_assembly_s=0.001771900 factor_s=0.023028100 solve_s=0.013474700 update_s=0.002869500 K_nnz=96025 rhs_cols=1 Vxx_nnz=62001
FILTERDDP_TIMING iteration=68 barrier_iteration=8 stage=2 derivative_s=0.005867600 first_order_s=0.002860900 second_order_s=0.002728100 algebra_s=0.013175100 kkt_assembly_s=0.001407700 factor_s=0.023266300 solve_s=0.014257800 update_s=0.002836900 K_nnz=96025 rhs_cols=1 Vxx_nnz=62001
FILTERDDP_TIMING iteration=68 barrier_iteration=8 stage=1 derivative_s=0.005859300 first_order_s=0.002623500 second_order_s=0.002956500 algebra_s=0.010160400 kkt_assembly_s=0.000777900 factor_s=0.024187800 solve_s=0.054279100 update_s=0.001624400 K_nnz=96025 rhs_cols=1 Vxx_nnz=62001
FILTERDDP_FEASIBILITY iteration=68 barrier_iteration=8 equality_count=62016 equality_rms=6.620847881799e-07 equality_max=9.837516069218e-06 equality_worst_stage=5 equality_worst_index=8548 dynamics_count=1245 dynamics_rms=0.000000000000e+00 dynamics_max=0.000000000000e+00 dynamics_worst_stage=0 dynamics_worst_index=0 bound_count=69486 bound_rms=0.000000000000e+00 bound_max=0.000000000000e+00 bound_worst_stage=0 bound_worst_index=0 bound_worst_kind=none
FILTERDDP_ITER_TIMING iteration=68 barrier_iteration=8 backward_s=0.407951900 forward_s=0.000000000 total_s=0.407951900 outcome=near_optimal step_size=5.000000000e-01 backtracks=0 mu=9.139010210e-07
    68   9.53438295e+03   9.8375e-06   1.1268e-05   1.4642e-08   -6.04      -     5.0000e-01   0
FILTERDDP_NEAR_OPT iteration=68 elapsed_s=57.498 objective=9534.382953664628 reference=9534.298086597722 rel_gap=8.901e-06 primal_inf=9.838e-06 dual_inf=1.127e-05 mu=9.139e-07
    68   9.53438295e+03   9.8375e-06   1.1268e-05   1.4642e-08   -6.04      -     5.0000e-01   0


EXIT: Near-optimal: feasible and within the gap of the centralized reference.

solve complete: 59.737 s, iterations=68, status=9
final residuals: primal=9.837516069218e-06 dual=1.126804684790e-05 complementarity=1.464171088258e-08
saved_solution=C:\Users\Aryan Ritwajeet Jha\Documents\documents_general\MultiPeriodDistOPF\.claude\worktrees\new-session-a7b7a2\ddp\results\network_filterddp\filterddp_solution_ieee2522C_1ph_T6_periodic_CBsystem.jls
FilterDDP objective=9534.382953664639 max_equality_residual=9.838e-06
Ipopt objective=9040.012996520505 objective_gap=4.944e+02
max_abs_diff[P_Subs]=1.096e+00
max_abs_diff[Q_Subs]=5.476e-02
max_abs_diff[P]=1.096e+00
max_abs_diff[Q]=1.363e-01
max_abs_diff[v]=5.538e-02
max_abs_diff[ell]=5.024e+00
max_abs_diff[P_B]=5.165e-03
max_abs_diff[B]=1.404e-02
max_abs_diff[q_D]=1.149e-02
wrote ddp/results/kkt_ordering/fullrun_blocked/trace_ieee2522C_1ph_T6_diag_tableII_jt8_cbsys_typed_tree3_blocked_w16_r1.csv (69 unique iterations)
