QUIET_WAIT waited_s=18 other_cores=0.91 timed_out=0
PIPELINE_ENV system=ieee123C_1ph T=6 arm=diag variant=blocked_w16 repeat=1 cb=system blocked_solve=16 direct_diag=1 triplet=1 kkt_pattern_cache=1 factor_backed=1 typed_equations=1 structured_dynamics=1 tree_kkt=1 blas_threads=10 julia_threads=1 near_opt_reference=3143.115906497067 near_opt_primal=1e-6 started=2026-10-01T03:22:05
C_B OVERRIDE: 0.001
ieee123C_1ph T=6: nx=51, nu=791, nc=562, dense nu^2=625681, reduced=229
TERMINAL_SOC soft=1 gamma=1.750000e+04
build complete: 2.172 s, nc=562
constructing dynamic Solver storage...
optimality_tolerance=1.000e-07 max_iterations=400
Solver construction complete: 0.322 s
entering solve! ...
[31;1m   
 _____ _ _ _            ____  ____  ____  
|  ___(_) | |_ ___ _ __|  _ \|  _ \|  _ \ 
| |_  | | | __/ _ \ '__| | | | | | | |_) |
|  _| | | | ||  __/ |  | |_| | |_| |  __/ 
|_|   |_|_|\__\___|_|  |____/|____/|_|                 
    
[0mTREE_KKT layout: nodes=128 feeders=1 nE=102 groups=1 max_own=10 max_iface=3
FILTERDDP_TIMING iteration=0 barrier_iteration=0 stage=6 derivative_s=0.246634700 first_order_s=0.060728600 second_order_s=0.091336000 algebra_s=1.441138500 kkt_assembly_s=1.373570200 factor_s=4.386289600 solve_s=1.337101100 update_s=0.387270700 K_nnz=5269 rhs_cols=1 Vxx_nnz=2601
FILTERDDP_TIMING iteration=0 barrier_iteration=0 stage=5 derivative_s=0.033445100 first_order_s=0.021991300 second_order_s=0.011401700 algebra_s=0.000290200 kkt_assembly_s=0.000651000 factor_s=0.005652600 solve_s=0.000723100 update_s=0.000137900 K_nnz=5269 rhs_cols=1 Vxx_nnz=2601
FILTERDDP_TIMING iteration=0 barrier_iteration=0 stage=4 derivative_s=0.000354300 first_order_s=0.000190100 second_order_s=0.000114000 algebra_s=0.000753400 kkt_assembly_s=0.001929900 factor_s=0.001978500 solve_s=0.001418500 update_s=0.000125400 K_nnz=5269 rhs_cols=1 Vxx_nnz=2601
FILTERDDP_TIMING iteration=0 barrier_iteration=0 stage=3 derivative_s=0.000308900 first_order_s=0.000156800 second_order_s=0.000105900 algebra_s=0.000747300 kkt_assembly_s=0.001847500 factor_s=0.001770300 solve_s=0.001458200 update_s=0.000107600 K_nnz=5269 rhs_cols=1 Vxx_nnz=2601
FILTERDDP_TIMING iteration=0 barrier_iteration=0 stage=2 derivative_s=0.000373900 first_order_s=0.000206900 second_order_s=0.000126500 algebra_s=0.000815500 kkt_assembly_s=0.001880200 factor_s=0.001854400 solve_s=0.001875100 update_s=0.000097000 K_nnz=5269 rhs_cols=1 Vxx_nnz=2601
FILTERDDP_TIMING iteration=0 barrier_iteration=0 stage=1 derivative_s=0.000267700 first_order_s=0.000138800 second_order_s=0.000092100 algebra_s=0.000733200 kkt_assembly_s=0.002156800 factor_s=0.002885600 solve_s=0.002186700 update_s=0.000142700 K_nnz=5269 rhs_cols=1 Vxx_nnz=2601
FILTERDDP_FEASIBILITY iteration=0 barrier_iteration=0 equality_count=3372 equality_rms=4.305296482273e-02 equality_max=1.000000000000e+00 equality_worst_stage=6 equality_worst_index=1 dynamics_count=255 dynamics_rms=0.000000000000e+00 dynamics_max=0.000000000000e+00 dynamics_worst_stage=0 dynamics_worst_index=0 bound_count=4902 bound_rms=0.000000000000e+00 bound_max=0.000000000000e+00 bound_worst_stage=0 bound_worst_index=0 bound_worst_kind=none
  iter     objective        pr_inf       du_inf       cs_inf     lg(μ)   lg(reg)    alpha     ls
     0   3.36000000e+03   1.0000e+00   7.6685e+02   1.0000e+00    0.00      -     0.0000e+00   0
FILTERDDP_ITER_TIMING iteration=0 barrier_iteration=0 backward_s=18.260985600 forward_s=0.878331900 total_s=19.139317500 outcome=accepted step_size=6.250000000e-02 backtracks=0 mu=1.000000000e+00
FILTERDDP_TIMING iteration=1 barrier_iteration=0 stage=6 derivative_s=0.000167500 first_order_s=0.000079200 second_order_s=0.000053100 algebra_s=0.000297500 kkt_assembly_s=0.009557500 factor_s=0.000770800 solve_s=0.000600800 update_s=0.000083600 K_nnz=5269 rhs_cols=1 Vxx_nnz=2601
FILTERDDP_TIMING iteration=1 barrier_iteration=0 stage=5 derivative_s=0.000168500 first_order_s=0.000083700 second_order_s=0.000056900 algebra_s=0.000283800 kkt_assembly_s=0.000086200 factor_s=0.000779400 solve_s=0.000603400 update_s=0.000068600 K_nnz=5269 rhs_cols=1 Vxx_nnz=2601
FILTERDDP_TIMING iteration=1 barrier_iteration=0 stage=4 derivative_s=0.000212300 first_order_s=0.000099200 second_order_s=0.000083000 algebra_s=0.000433100 kkt_assembly_s=0.000089400 factor_s=0.001124900 solve_s=0.000996900 update_s=0.000123100 K_nnz=5269 rhs_cols=1 Vxx_nnz=2601
FILTERDDP_TIMING iteration=1 barrier_iteration=0 stage=3 derivative_s=0.000330300 first_order_s=0.000171000 second_order_s=0.000116500 algebra_s=0.000677900 kkt_assembly_s=0.000124900 factor_s=0.001865900 solve_s=0.001653200 update_s=0.000095900 K_nnz=5269 rhs_cols=1 Vxx_nnz=2601
FILTERDDP_TIMING iteration=1 barrier_iteration=0 stage=2 derivative_s=0.000310600 first_order_s=0.000137100 second_order_s=0.000135300 algebra_s=0.000820400 kkt_assembly_s=0.000197200 factor_s=0.001990500 solve_s=0.001724000 update_s=0.000146300 K_nnz=5269 rhs_cols=1 Vxx_nnz=2601
FILTERDDP_TIMING iteration=1 barrier_iteration=0 stage=1 derivative_s=0.000458400 first_order_s=0.000211000 second_order_s=0.000193800 algebra_s=0.000751300 kkt_assembly_s=0.000155700 factor_s=0.001854100 solve_s=0.001588000 update_s=0.000141700 K_nnz=5269 rhs_cols=1 Vxx_nnz=2601
FILTERDDP_FEASIBILITY iteration=1 barrier_iteration=0 equality_count=3372 equality_rms=4.045265184342e-02 equality_max=9.375000000000e-01 equality_worst_stage=1 equality_worst_index=1 dynamics_count=255 dynamics_rms=0.000000000000e+00 dynamics_max=0.000000000000e+00 dynamics_worst_stage=0 dynamics_worst_index=0 bound_count=4902 bound_rms=0.000000000000e+00 bound_max=0.000000000000e+00 bound_worst_stage=0 bound_worst_index=0 bound_worst_kind=none
     1   3.51197761e+03   9.3750e-01   7.1892e+02   1.0000e+00    0.00      -     6.2500e-02   0
FILTERDDP_ITER_TIMING iteration=1 barrier_iteration=0 backward_s=0.031813100 forward_s=0.004756600 total_s=0.036569700 outcome=accepted step_size=1.250000000e-01 backtracks=0 mu=1.000000000e+00
FILTERDDP_TIMING iteration=2 barrier_iteration=0 stage=6 derivative_s=0.000460500 first_order_s=0.000165300 second_order_s=0.000273400 algebra_s=0.000427800 kkt_assembly_s=0.000063700 factor_s=0.000635900 solve_s=0.000634600 update_s=0.000066500 K_nnz=5269 rhs_cols=1 Vxx_nnz=2601
FILTERDDP_TIMING iteration=2 barrier_iteration=0 stage=5 derivative_s=0.000192800 first_order_s=0.000083200 second_order_s=0.000085800 algebra_s=0.000745500 kkt_assembly_s=0.000089000 factor_s=0.000981200 solve_s=0.000997300 update_s=0.000150800 K_nnz=5269 rhs_cols=1 Vxx_nnz=2601
FILTERDDP_TIMING iteration=2 barrier_iteration=0 stage=4 derivative_s=0.000456900 first_order_s=0.000231800 second_order_s=0.000187200 algebra_s=0.001066600 kkt_assembly_s=0.000394700 factor_s=0.001906600 solve_s=0.001593600 update_s=0.000157200 K_nnz=5269 rhs_cols=1 Vxx_nnz=2601
FILTERDDP_TIMING iteration=2 barrier_iteration=0 stage=3 derivative_s=0.000388100 first_order_s=0.000180400 second_order_s=0.000171100 algebra_s=0.001360900 kkt_assembly_s=0.000194700 factor_s=0.002063400 solve_s=0.001799800 update_s=0.000165400 K_nnz=5269 rhs_cols=1 Vxx_nnz=2601
FILTERDDP_TIMING iteration=2 barrier_iteration=0 stage=2 derivative_s=0.000635700 first_order_s=0.000399300 second_order_s=0.000199700 algebra_s=0.001255000 kkt_assembly_s=0.000198600 factor_s=0.002025400 solve_s=0.001727200 update_s=0.000154700 K_nnz=5269 rhs_cols=1 Vxx_nnz=2601
FILTERDDP_TIMING iteration=2 barrier_iteration=0 stage=1 derivative_s=0.000453800 first_order_s=0.000246600 second_order_s=0.000171400 algebra_s=0.001032100 kkt_assembly_s=0.000137200 factor_s=0.001854400 solve_s=0.001424200 update_s=0.000117400 K_nnz=5269 rhs_cols=1 Vxx_nnz=2601
FILTERDDP_FEASIBILITY iteration=2 barrier_iteration=0 equality_count=3372 equality_rms=3.615947602929e-02 equality_max=8.203125000000e-01 equality_worst_stage=1 equality_worst_index=1 dynamics_count=255 dynamics_rms=0.000000000000e+00 dynamics_max=0.000000000000e+00 dynamics_worst_stage=0 dynamics_worst_index=0 bound_count=4902 bound_rms=0.000000000000e+00 bound_max=0.000000000000e+00 bound_worst_stage=0 bound_worst_index=0 bound_worst_kind=none
     2   3.76919425e+03   8.2031e-01   6.2905e+02   1.0000e+00    0.00      -     1.2500e-01   0
FILTERDDP_ITER_TIMING iteration=2 barrier_iteration=0 backward_s=0.028393300 forward_s=0.004596900 total_s=0.032990200 outcome=accepted step_size=2.500000000e-01 backtracks=0 mu=1.000000000e+00
FILTERDDP_TIMING iteration=3 barrier_iteration=0 stage=6 derivative_s=0.000374400 first_order_s=0.000165900 second_order_s=0.000172900 algebra_s=0.000900400 kkt_assembly_s=0.000103200 factor_s=0.001028500 solve_s=0.001031000 update_s=0.000133700 K_nnz=5269 rhs_cols=1 Vxx_nnz=2601
FILTERDDP_TIMING iteration=3 barrier_iteration=0 stage=5 derivative_s=0.000649100 first_order_s=0.000419600 second_order_s=0.000177200 algebra_s=0.001426900 kkt_assembly_s=0.000176000 factor_s=0.002116900 solve_s=0.001947200 update_s=0.000155800 K_nnz=5269 rhs_cols=1 Vxx_nnz=2601
FILTERDDP_TIMING iteration=3 barrier_iteration=0 stage=4 derivative_s=0.000440100 first_order_s=0.000202700 second_order_s=0.000199500 algebra_s=0.001160500 kkt_assembly_s=0.000165900 factor_s=0.002043800 solve_s=0.001656300 update_s=0.000127500 K_nnz=5269 rhs_cols=1 Vxx_nnz=2601
FILTERDDP_TIMING iteration=3 barrier_iteration=0 stage=3 derivative_s=0.000323100 first_order_s=0.000156600 second_order_s=0.000129400 algebra_s=0.001009500 kkt_assembly_s=0.000175500 factor_s=0.001940400 solve_s=0.001798700 update_s=0.000113600 K_nnz=5269 rhs_cols=1 Vxx_nnz=2601
FILTERDDP_TIMING iteration=3 barrier_iteration=0 stage=2 derivative_s=0.000293200 first_order_s=0.000142900 second_order_s=0.000113800 algebra_s=0.001286000 kkt_assembly_s=0.000437600 factor_s=0.001894600 solve_s=0.001782900 update_s=0.000154500 K_nnz=5269 rhs_cols=1 Vxx_nnz=2601
FILTERDDP_TIMING iteration=3 barrier_iteration=0 stage=1 derivative_s=0.000316100 first_order_s=0.000141400 second_order_s=0.000137400 algebra_s=0.001418100 kkt_assembly_s=0.000252500 factor_s=0.002033300 solve_s=0.001618100 update_s=0.000144200 K_nnz=5269 rhs_cols=1 Vxx_nnz=2601
FILTERDDP_FEASIBILITY iteration=3 barrier_iteration=0 equality_count=3372 equality_rms=3.137346529022e-02 equality_max=6.152343750000e-01 equality_worst_stage=1 equality_worst_index=1 dynamics_count=255 dynamics_rms=0.000000000000e+00 dynamics_max=0.000000000000e+00 dynamics_worst_stage=0 dynamics_worst_index=0 bound_count=4902 bound_rms=0.000000000000e+00 bound_max=0.000000000000e+00 bound_worst_stage=0 bound_worst_index=0 bound_worst_kind=none
     3   3.99149838e+03   6.1523e-01   4.7179e+02   9.9998e-01    0.00      -     2.5000e-01   0
FILTERDDP_ITER_TIMING iteration=3 barrier_iteration=0 backward_s=0.033024400 forward_s=0.004645000 total_s=0.037669400 outcome=accepted step_size=2.500000000e-01 backtracks=0 mu=1.000000000e+00
FILTERDDP_TIMING iteration=4 barrier_iteration=0 stage=6 derivative_s=0.000371800 first_order_s=0.000150800 second_order_s=0.000184900 algebra_s=0.001057700 kkt_assembly_s=0.000159300 factor_s=0.001823500 solve_s=0.001769800 update_s=0.000134100 K_nnz=5269 rhs_cols=1 Vxx_nnz=2601
FILTERDDP_TIMING iteration=4 barrier_iteration=0 stage=5 derivative_s=0.000271800 first_order_s=0.000136100 second_order_s=0.000096700 algebra_s=0.001049300 kkt_assembly_s=0.000359500 factor_s=0.001914200 solve_s=0.001428900 update_s=0.000109500 K_nnz=5269 rhs_cols=1 Vxx_nnz=2601
FILTERDDP_TIMING iteration=4 barrier_iteration=0 stage=4 derivative_s=0.000408600 first_order_s=0.000197100 second_order_s=0.000173400 algebra_s=0.001282100 kkt_assembly_s=0.000255400 factor_s=0.001995900 solve_s=0.001707400 update_s=0.000251200 K_nnz=5269 rhs_cols=1 Vxx_nnz=2601
FILTERDDP_TIMING iteration=4 barrier_iteration=0 stage=3 derivative_s=0.000610400 first_order_s=0.000373400 second_order_s=0.000197600 algebra_s=0.001137700 kkt_assembly_s=0.000138200 factor_s=0.001895200 solve_s=0.001591500 update_s=0.000165100 K_nnz=5269 rhs_cols=1 Vxx_nnz=2601
FILTERDDP_TIMING iteration=4 barrier_iteration=0 stage=2 derivative_s=0.000616000 first_order_s=0.000399400 second_order_s=0.000178500 algebra_s=0.001199200 kkt_assembly_s=0.000182700 factor_s=0.001997800 solve_s=0.001757100 update_s=0.000176000 K_nnz=5269 rhs_cols=1 Vxx_nnz=2601
FILTERDDP_TIMING iteration=4 barrier_iteration=0 stage=1 derivative_s=0.000413300 first_order_s=0.000182900 second_order_s=0.000192800 algebra_s=0.001410300 kkt_assembly_s=0.000195800 factor_s=0.002521000 solve_s=0.002414400 update_s=0.000198100 K_nnz=5269 rhs_cols=1 Vxx_nnz=2601
FILTERDDP_FEASIBILITY iteration=4 barrier_iteration=0 equality_count=3372 equality_rms=2.589450168372e-02 equality_max=4.614257812500e-01 equality_worst_stage=1 equality_worst_index=1 dynamics_count=255 dynamics_rms=0.000000000000e+00 dynamics_max=0.000000000000e+00 dynamics_worst_stage=0 dynamics_worst_index=0 bound_count=4902 bound_rms=0.000000000000e+00 bound_max=0.000000000000e+00 bound_worst_stage=0 bound_worst_index=0 bound_worst_kind=none
     4   4.09079774e+03   4.6143e-01   3.5384e+02   9.9997e-01    0.00      -     2.5000e-01   0
FILTERDDP_ITER_TIMING iteration=4 barrier_iteration=0 backward_s=0.035372400 forward_s=0.038073600 total_s=0.073446000 outcome=accepted step_size=5.000000000e-01 backtracks=0 mu=1.000000000e+00
FILTERDDP_TIMING iteration=5 barrier_iteration=0 stage=6 derivative_s=0.000185200 first_order_s=0.000077400 second_order_s=0.000080400 algebra_s=0.000399400 kkt_assembly_s=0.000079700 factor_s=0.001068600 solve_s=0.000994800 update_s=0.000103900 K_nnz=5269 rhs_cols=1 Vxx_nnz=2601
FILTERDDP_TIMING iteration=5 barrier_iteration=0 stage=5 derivative_s=0.000487300 first_order_s=0.000145600 second_order_s=0.000288100 algebra_s=0.000770300 kkt_assembly_s=0.000133700 factor_s=0.001835700 solve_s=0.001492700 update_s=0.000098200 K_nnz=5269 rhs_cols=1 Vxx_nnz=2601
FILTERDDP_TIMING iteration=5 barrier_iteration=0 stage=4 derivative_s=0.000328800 first_order_s=0.000136500 second_order_s=0.000151600 algebra_s=0.000705200 kkt_assembly_s=0.000133200 factor_s=0.002285900 solve_s=0.001556500 update_s=0.000095900 K_nnz=5269 rhs_cols=1 Vxx_nnz=2601
FILTERDDP_TIMING iteration=5 barrier_iteration=0 stage=3 derivative_s=0.000334100 first_order_s=0.000139800 second_order_s=0.000153600 algebra_s=0.000862700 kkt_assembly_s=0.000144900 factor_s=0.001880600 solve_s=0.001453200 update_s=0.000102000 K_nnz=5269 rhs_cols=1 Vxx_nnz=2601
FILTERDDP_TIMING iteration=5 barrier_iteration=0 stage=2 derivative_s=0.000278600 first_order_s=0.000138900 second_order_s=0.000102400 algebra_s=0.000703500 kkt_assembly_s=0.000130500 factor_s=0.001862000 solve_s=0.001580800 update_s=0.000094500 K_nnz=5269 rhs_cols=1 Vxx_nnz=2601
FILTERDDP_TIMING iteration=5 barrier_iteration=0 stage=1 derivative_s=0.000292100 first_order_s=0.000154300 second_order_s=0.000100400 algebra_s=0.000732900 kkt_assembly_s=0.000130900 factor_s=0.001878000 solve_s=0.001592900 update_s=0.000098300 K_nnz=5269 rhs_cols=1 Vxx_nnz=2601
FILTERDDP_FEASIBILITY iteration=5 barrier_iteration=0 equality_count=3372 equality_rms=1.936354786625e-02 equality_max=2.307128906250e-01 equality_worst_stage=1 equality_worst_index=1 dynamics_count=255 dynamics_rms=0.000000000000e+00 dynamics_max=0.000000000000e+00 dynamics_worst_stage=0 dynamics_worst_index=0 bound_count=4902 bound_rms=0.000000000000e+00 bound_max=0.000000000000e+00 bound_worst_stage=0 bound_worst_index=0 bound_worst_kind=none
     5   4.22204307e+03   2.3071e-01   1.7692e+02   9.9996e-01    0.00      -     5.0000e-01   0
FILTERDDP_ITER_TIMING iteration=5 barrier_iteration=0 backward_s=0.027322500 forward_s=0.004139100 total_s=0.031461600 outcome=accepted step_size=5.000000000e-01 backtracks=0 mu=1.000000000e+00
FILTERDDP_TIMING iteration=6 barrier_iteration=0 stage=6 derivative_s=0.000301300 first_order_s=0.000126400 second_order_s=0.000134700 algebra_s=0.000948300 kkt_assembly_s=0.000078800 factor_s=0.000687400 solve_s=0.000751100 update_s=0.000093200 K_nnz=5269 rhs_cols=1 Vxx_nnz=2601
FILTERDDP_TIMING iteration=6 barrier_iteration=0 stage=5 derivative_s=0.000331900 first_order_s=0.000139800 second_order_s=0.000152900 algebra_s=0.000700500 kkt_assembly_s=0.000130800 factor_s=0.001957200 solve_s=0.001471100 update_s=0.000096500 K_nnz=5269 rhs_cols=1 Vxx_nnz=2601
FILTERDDP_TIMING iteration=6 barrier_iteration=0 stage=4 derivative_s=0.000280100 first_order_s=0.000139900 second_order_s=0.000103000 algebra_s=0.000695700 kkt_assembly_s=0.000131100 factor_s=0.002391300 solve_s=0.001492500 update_s=0.000101800 K_nnz=5269 rhs_cols=1 Vxx_nnz=2601
FILTERDDP_TIMING iteration=6 barrier_iteration=0 stage=3 derivative_s=0.000274800 first_order_s=0.000136700 second_order_s=0.000100300 algebra_s=0.000703000 kkt_assembly_s=0.000131700 factor_s=0.002098700 solve_s=0.001798200 update_s=0.000183400 K_nnz=5269 rhs_cols=1 Vxx_nnz=2601
FILTERDDP_TIMING iteration=6 barrier_iteration=0 stage=2 derivative_s=0.000511000 first_order_s=0.000242100 second_order_s=0.000170400 algebra_s=0.001019000 kkt_assembly_s=0.000188400 factor_s=0.002979300 solve_s=0.002304600 update_s=0.000138400 K_nnz=5269 rhs_cols=1 Vxx_nnz=2601
FILTERDDP_TIMING iteration=6 barrier_iteration=0 stage=1 derivative_s=0.000455800 first_order_s=0.000243500 second_order_s=0.000149000 algebra_s=0.001114500 kkt_assembly_s=0.000208300 factor_s=0.002902600 solve_s=0.001952700 update_s=0.000164800 K_nnz=5269 rhs_cols=1 Vxx_nnz=2601
FILTERDDP_FEASIBILITY iteration=6 barrier_iteration=0 equality_count=3372 equality_rms=1.118963786184e-02 equality_max=1.345555752301e-01 equality_worst_stage=5 equality_worst_index=385 dynamics_count=255 dynamics_rms=0.000000000000e+00 dynamics_max=0.000000000000e+00 dynamics_worst_stage=0 dynamics_worst_index=0 bound_count=4902 bound_rms=0.000000000000e+00 bound_max=0.000000000000e+00 bound_worst_stage=0 bound_worst_index=0 bound_worst_kind=none
     6   4.28099843e+03   1.3456e-01   8.8461e+01   9.9998e-01    0.00      -     5.0000e-01   0
FILTERDDP_ITER_TIMING iteration=6 barrier_iteration=0 backward_s=0.032483000 forward_s=0.003939700 total_s=0.036422700 outcome=accepted step_size=5.000000000e-01 backtracks=0 mu=1.000000000e+00
FILTERDDP_TIMING iteration=7 barrier_iteration=0 stage=6 derivative_s=0.000483000 first_order_s=0.000207200 second_order_s=0.000215200 algebra_s=0.001032400 kkt_assembly_s=0.000210200 factor_s=0.002744300 solve_s=0.001807200 update_s=0.000107400 K_nnz=5269 rhs_cols=1 Vxx_nnz=2601
FILTERDDP_TIMING iteration=7 barrier_iteration=0 stage=5 derivative_s=0.000292800 first_order_s=0.000147000 second_order_s=0.000104900 algebra_s=0.000901900 kkt_assembly_s=0.000330100 factor_s=0.001869700 solve_s=0.001597000 update_s=0.000109500 K_nnz=5269 rhs_cols=1 Vxx_nnz=2601
FILTERDDP_TIMING iteration=7 barrier_iteration=0 stage=4 derivative_s=0.000290900 first_order_s=0.000145300 second_order_s=0.000104100 algebra_s=0.000801100 kkt_assembly_s=0.000164000 factor_s=0.001967700 solve_s=0.001616900 update_s=0.000106500 K_nnz=5269 rhs_cols=1 Vxx_nnz=2601
FILTERDDP_TIMING iteration=7 barrier_iteration=0 stage=3 derivative_s=0.000290700 first_order_s=0.000144000 second_order_s=0.000106300 algebra_s=0.000765000 kkt_assembly_s=0.000136000 factor_s=0.001846500 solve_s=0.001629800 update_s=0.000106900 K_nnz=5269 rhs_cols=1 Vxx_nnz=2601
FILTERDDP_TIMING iteration=7 barrier_iteration=0 stage=2 derivative_s=0.000332400 first_order_s=0.000165300 second_order_s=0.000126100 algebra_s=0.000749500 kkt_assembly_s=0.000135000 factor_s=0.001946600 solve_s=0.001609100 update_s=0.000134500 K_nnz=5269 rhs_cols=1 Vxx_nnz=2601
FILTERDDP_TIMING iteration=7 barrier_iteration=0 stage=1 derivative_s=0.000455000 first_order_s=0.000201500 second_order_s=0.000200500 algebra_s=0.000718200 kkt_assembly_s=0.000144700 factor_s=0.001819600 solve_s=0.001554100 update_s=0.000103700 K_nnz=5269 rhs_cols=1 Vxx_nnz=2601
FILTERDDP_FEASIBILITY iteration=7 barrier_iteration=0 equality_count=3372 equality_rms=5.946516239230e-03 equality_max=7.350693785652e-02 equality_worst_stage=5 equality_worst_index=385 dynamics_count=255 dynamics_rms=0.000000000000e+00 dynamics_max=0.000000000000e+00 dynamics_worst_stage=0 dynamics_worst_index=0 bound_count=4902 bound_rms=0.000000000000e+00 bound_max=0.000000000000e+00 bound_worst_stage=0 bound_worst_index=0 bound_worst_kind=none
     7   4.31155457e+03   7.3507e-02   4.4230e+01   9.9999e-01    0.00      -     5.0000e-01   0
FILTERDDP_ITER_TIMING iteration=7 barrier_iteration=0 backward_s=0.031362200 forward_s=0.004007800 total_s=0.035370000 outcome=accepted step_size=5.000000000e-01 backtracks=0 mu=1.000000000e+00
FILTERDDP_TIMING iteration=8 barrier_iteration=0 stage=6 derivative_s=0.000331700 first_order_s=0.000162200 second_order_s=0.000128800 algebra_s=0.000955200 kkt_assembly_s=0.000168700 factor_s=0.001823200 solve_s=0.001562900 update_s=0.000108100 K_nnz=5269 rhs_cols=1 Vxx_nnz=2601
FILTERDDP_TIMING iteration=8 barrier_iteration=0 stage=5 derivative_s=0.000289100 first_order_s=0.000145600 second_order_s=0.000103700 algebra_s=0.000883400 kkt_assembly_s=0.000345200 factor_s=0.002154900 solve_s=0.001525400 update_s=0.000109400 K_nnz=5269 rhs_cols=1 Vxx_nnz=2601
FILTERDDP_TIMING iteration=8 barrier_iteration=0 stage=4 derivative_s=0.000288800 first_order_s=0.000143800 second_order_s=0.000105000 algebra_s=0.000738500 kkt_assembly_s=0.000136600 factor_s=0.001816700 solve_s=0.001529700 update_s=0.000121700 K_nnz=5269 rhs_cols=1 Vxx_nnz=2601
FILTERDDP_TIMING iteration=8 barrier_iteration=0 stage=3 derivative_s=0.000291800 first_order_s=0.000143300 second_order_s=0.000109400 algebra_s=0.000737100 kkt_assembly_s=0.000135900 factor_s=0.002008800 solve_s=0.001612800 update_s=0.000109800 K_nnz=5269 rhs_cols=1 Vxx_nnz=2601
FILTERDDP_TIMING iteration=8 barrier_iteration=0 stage=2 derivative_s=0.000318200 first_order_s=0.000147600 second_order_s=0.000129600 algebra_s=0.000707100 kkt_assembly_s=0.000140100 factor_s=0.001927500 solve_s=0.001656400 update_s=0.000106400 K_nnz=5269 rhs_cols=1 Vxx_nnz=2601
FILTERDDP_TIMING iteration=8 barrier_iteration=0 stage=1 derivative_s=0.000313200 first_order_s=0.000166000 second_order_s=0.000107100 algebra_s=0.000759100 kkt_assembly_s=0.000138600 factor_s=0.001839200 solve_s=0.001664500 update_s=0.000117600 K_nnz=5269 rhs_cols=1 Vxx_nnz=2601
FILTERDDP_FEASIBILITY iteration=8 barrier_iteration=0 equality_count=3372 equality_rms=3.388755221532e-03 equality_max=3.831648326690e-02 equality_worst_stage=5 equality_worst_index=385 dynamics_count=255 dynamics_rms=0.000000000000e+00 dynamics_max=0.000000000000e+00 dynamics_worst_stage=0 dynamics_worst_index=0 bound_count=4902 bound_rms=0.000000000000e+00 bound_max=0.000000000000e+00 bound_worst_stage=0 bound_worst_index=0 bound_worst_kind=none
     8   4.32763726e+03   3.8316e-02   2.2115e+01   9.9999e-01    0.00      -     5.0000e-01   0
FILTERDDP_ITER_TIMING iteration=8 barrier_iteration=0 backward_s=0.029934900 forward_s=0.004034800 total_s=0.033969700 outcome=accepted step_size=5.000000000e-01 backtracks=0 mu=1.000000000e+00
FILTERDDP_TIMING iteration=9 barrier_iteration=0 stage=6 derivative_s=0.000319100 first_order_s=0.000145200 second_order_s=0.000133900 algebra_s=0.000965800 kkt_assembly_s=0.000195100 factor_s=0.001887600 solve_s=0.001635400 update_s=0.000134400 K_nnz=5269 rhs_cols=1 Vxx_nnz=2601
FILTERDDP_TIMING iteration=9 barrier_iteration=0 stage=5 derivative_s=0.000380400 first_order_s=0.000215600 second_order_s=0.000120600 algebra_s=0.000764900 kkt_assembly_s=0.000140200 factor_s=0.002131900 solve_s=0.001487000 update_s=0.000111500 K_nnz=5269 rhs_cols=1 Vxx_nnz=2601
FILTERDDP_TIMING iteration=9 barrier_iteration=0 stage=4 derivative_s=0.000305700 first_order_s=0.000151500 second_order_s=0.000111500 algebra_s=0.000746500 kkt_assembly_s=0.000143400 factor_s=0.002069600 solve_s=0.001762200 update_s=0.000142200 K_nnz=5269 rhs_cols=1 Vxx_nnz=2601
FILTERDDP_TIMING iteration=9 barrier_iteration=0 stage=3 derivative_s=0.000321500 first_order_s=0.000154300 second_order_s=0.000125300 algebra_s=0.000893500 kkt_assembly_s=0.000218000 factor_s=0.002008900 solve_s=0.001847600 update_s=0.000153800 K_nnz=5269 rhs_cols=1 Vxx_nnz=2601
FILTERDDP_TIMING iteration=9 barrier_iteration=0 stage=2 derivative_s=0.000352900 first_order_s=0.000189800 second_order_s=0.000118500 algebra_s=0.001172500 kkt_assembly_s=0.000223200 factor_s=0.002298600 solve_s=0.001960200 update_s=0.000163700 K_nnz=5269 rhs_cols=1 Vxx_nnz=2601
FILTERDDP_TIMING iteration=9 barrier_iteration=0 stage=1 derivative_s=0.000464900 first_order_s=0.000217500 second_order_s=0.000204600 algebra_s=0.001654500 kkt_assembly_s=0.000218000 factor_s=0.002082000 solve_s=0.002279300 update_s=0.000172100 K_nnz=5269 rhs_cols=1 Vxx_nnz=2601
FILTERDDP_FEASIBILITY iteration=9 barrier_iteration=0 equality_count=3372 equality_rms=2.579314125319e-03 equality_max=3.520739524415e-02 equality_worst_stage=3 equality_worst_index=384 dynamics_count=255 dynamics_rms=0.000000000000e+00 dynamics_max=0.000000000000e+00 dynamics_worst_stage=0 dynamics_worst_index=0 bound_count=4902 bound_rms=0.000000000000e+00 bound_max=0.000000000000e+00 bound_worst_stage=0 bound_worst_index=0 bound_worst_kind=none
     9   4.33639587e+03   3.5207e-02   1.1058e+01   1.0000e+00    0.00      -     5.0000e-01   0
FILTERDDP_ITER_TIMING iteration=9 barrier_iteration=0 backward_s=0.034308400 forward_s=0.004878700 total_s=0.039187100 outcome=accepted step_size=5.000000000e-01 backtracks=0 mu=1.000000000e+00
FILTERDDP_TIMING iteration=10 barrier_iteration=0 stage=6 derivative_s=0.000609600 first_order_s=0.000250500 second_order_s=0.000306800 algebra_s=0.001522400 kkt_assembly_s=0.000224400 factor_s=0.002236500 solve_s=0.001941500 update_s=0.000185400 K_nnz=5269 rhs_cols=1 Vxx_nnz=2601
FILTERDDP_TIMING iteration=10 barrier_iteration=0 stage=5 derivative_s=0.000495800 first_order_s=0.000207800 second_order_s=0.000227000 algebra_s=0.025147000 kkt_assembly_s=0.000133600 factor_s=0.001462700 solve_s=0.000952600 update_s=0.000090000 K_nnz=5269 rhs_cols=1 Vxx_nnz=2601
FILTERDDP_TIMING iteration=10 barrier_iteration=0 stage=4 derivative_s=0.000200400 first_order_s=0.000098400 second_order_s=0.000070100 algebra_s=0.000405100 kkt_assembly_s=0.000095500 factor_s=0.001071300 solve_s=0.001050600 update_s=0.000109100 K_nnz=5269 rhs_cols=1 Vxx_nnz=2601
FILTERDDP_TIMING iteration=10 barrier_iteration=0 stage=3 derivative_s=0.000301600 first_order_s=0.000150000 second_order_s=0.000108600 algebra_s=0.000828900 kkt_assembly_s=0.000141400 factor_s=0.001885900 solve_s=0.001626200 update_s=0.000124400 K_nnz=5269 rhs_cols=1 Vxx_nnz=2601
FILTERDDP_TIMING iteration=10 barrier_iteration=0 stage=2 derivative_s=0.000306300 first_order_s=0.000153900 second_order_s=0.000108700 algebra_s=0.000909600 kkt_assembly_s=0.000240600 factor_s=0.001974900 solve_s=0.001444500 update_s=0.000110400 K_nnz=5269 rhs_cols=1 Vxx_nnz=2601
FILTERDDP_TIMING iteration=10 barrier_iteration=0 stage=1 derivative_s=0.000357700 first_order_s=0.000157800 second_order_s=0.000145000 algebra_s=0.000947800 kkt_assembly_s=0.000230900 factor_s=0.001997100 solve_s=0.001754100 update_s=0.000108100 K_nnz=5269 rhs_cols=1 Vxx_nnz=2601
FILTERDDP_FEASIBILITY iteration=10 barrier_iteration=0 equality_count=3372 equality_rms=2.496522616626e-03 equality_max=4.160169151857e-02 equality_worst_stage=3 equality_worst_index=384 dynamics_count=255 dynamics_rms=0.000000000000e+00 dynamics_max=0.000000000000e+00 dynamics_worst_stage=0 dynamics_worst_index=0 bound_count=4902 bound_rms=0.000000000000e+00 bound_max=0.000000000000e+00 bound_worst_stage=0 bound_worst_index=0 bound_worst_kind=none
FILTERDDP_ITER_TIMING iteration=10 barrier_iteration=0 backward_s=0.053855000 forward_s=0.000000000 total_s=0.053855000 outcome=barrier_update step_size=5.000000000e-01 backtracks=0 mu=1.000000000e+00
FILTERDDP_TIMING iteration=10 barrier_iteration=1 stage=6 derivative_s=0.000176100 first_order_s=0.000069300 second_order_s=0.000062500 algebra_s=0.000295600 kkt_assembly_s=0.000076300 factor_s=0.000752100 solve_s=0.000649300 update_s=0.000131000 K_nnz=5269 rhs_cols=1 Vxx_nnz=2601
FILTERDDP_TIMING iteration=10 barrier_iteration=1 stage=5 derivative_s=0.000295300 first_order_s=0.000150700 second_order_s=0.000100500 algebra_s=0.000720800 kkt_assembly_s=0.000137200 factor_s=0.002126100 solve_s=0.001576500 update_s=0.000119200 K_nnz=5269 rhs_cols=1 Vxx_nnz=2601
FILTERDDP_TIMING iteration=10 barrier_iteration=1 stage=4 derivative_s=0.000284800 first_order_s=0.000141400 second_order_s=0.000100500 algebra_s=0.000713900 kkt_assembly_s=0.000135500 factor_s=0.002051300 solve_s=0.001518800 update_s=0.000110500 K_nnz=5269 rhs_cols=1 Vxx_nnz=2601
FILTERDDP_TIMING iteration=10 barrier_iteration=1 stage=3 derivative_s=0.000276400 first_order_s=0.000139800 second_order_s=0.000096800 algebra_s=0.000716500 kkt_assembly_s=0.000133400 factor_s=0.001828900 solve_s=0.001554000 update_s=0.000123500 K_nnz=5269 rhs_cols=1 Vxx_nnz=2601
FILTERDDP_TIMING iteration=10 barrier_iteration=1 stage=2 derivative_s=0.000378200 first_order_s=0.000199000 second_order_s=0.000123300 algebra_s=0.000776600 kkt_assembly_s=0.000135700 factor_s=0.002592200 solve_s=0.002211500 update_s=0.000097000 K_nnz=5269 rhs_cols=1 Vxx_nnz=2601
FILTERDDP_TIMING iteration=10 barrier_iteration=1 stage=1 derivative_s=0.000275300 first_order_s=0.000138600 second_order_s=0.000098400 algebra_s=0.000689500 kkt_assembly_s=0.000129800 factor_s=0.002503000 solve_s=0.001589200 update_s=0.000100500 K_nnz=5269 rhs_cols=1 Vxx_nnz=2601
FILTERDDP_FEASIBILITY iteration=10 barrier_iteration=1 equality_count=3372 equality_rms=2.496522616626e-03 equality_max=4.160169151857e-02 equality_worst_stage=3 equality_worst_index=384 dynamics_count=255 dynamics_rms=0.000000000000e+00 dynamics_max=0.000000000000e+00 dynamics_worst_stage=0 dynamics_worst_index=0 bound_count=4902 bound_rms=0.000000000000e+00 bound_max=0.000000000000e+00 bound_worst_stage=0 bound_worst_index=0 bound_worst_kind=none
  iter     objective        pr_inf       du_inf       cs_inf     lg(μ)   lg(reg)    alpha     ls
    10   4.34158721e+03   4.1602e-02   5.5288e+00   1.0000e+00   -0.70      -     5.0000e-01   0
FILTERDDP_ITER_TIMING iteration=10 barrier_iteration=1 backward_s=0.028434600 forward_s=0.003651200 total_s=0.032085800 outcome=accepted step_size=5.000000000e-01 backtracks=0 mu=2.000000000e-01
FILTERDDP_TIMING iteration=11 barrier_iteration=1 stage=6 derivative_s=0.000283800 first_order_s=0.000125300 second_order_s=0.000118300 algebra_s=0.001037500 kkt_assembly_s=0.000143200 factor_s=0.000596500 solve_s=0.000719300 update_s=0.000090000 K_nnz=5269 rhs_cols=1 Vxx_nnz=2601
FILTERDDP_TIMING iteration=11 barrier_iteration=1 stage=5 derivative_s=0.000264000 first_order_s=0.000131500 second_order_s=0.000095900 algebra_s=0.000707600 kkt_assembly_s=0.000127800 factor_s=0.001905400 solve_s=0.001651000 update_s=0.000113200 K_nnz=5269 rhs_cols=1 Vxx_nnz=2601
FILTERDDP_TIMING iteration=11 barrier_iteration=1 stage=4 derivative_s=0.000311400 first_order_s=0.000143600 second_order_s=0.000114900 algebra_s=0.000733400 kkt_assembly_s=0.000158100 factor_s=0.001798600 solve_s=0.001487000 update_s=0.000093400 K_nnz=5269 rhs_cols=1 Vxx_nnz=2601
FILTERDDP_TIMING iteration=11 barrier_iteration=1 stage=3 derivative_s=0.000297200 first_order_s=0.000165500 second_order_s=0.000094200 algebra_s=0.000684100 kkt_assembly_s=0.000123100 factor_s=0.001756000 solve_s=0.001481800 update_s=0.000093100 K_nnz=5269 rhs_cols=1 Vxx_nnz=2601
FILTERDDP_TIMING iteration=11 barrier_iteration=1 stage=2 derivative_s=0.000281300 first_order_s=0.000141100 second_order_s=0.000102000 algebra_s=0.000798100 kkt_assembly_s=0.000130100 factor_s=0.001922500 solve_s=0.001918900 update_s=0.000113800 K_nnz=5269 rhs_cols=1 Vxx_nnz=2601
FILTERDDP_TIMING iteration=11 barrier_iteration=1 stage=1 derivative_s=0.000308400 first_order_s=0.000139100 second_order_s=0.000111400 algebra_s=0.000691900 kkt_assembly_s=0.000148000 factor_s=0.001764300 solve_s=0.001518900 update_s=0.000111400 K_nnz=5269 rhs_cols=1 Vxx_nnz=2601
FILTERDDP_FEASIBILITY iteration=11 barrier_iteration=1 equality_count=3372 equality_rms=1.304204683726e-02 equality_max=1.601535599473e-01 equality_worst_stage=3 equality_worst_index=509 dynamics_count=255 dynamics_rms=0.000000000000e+00 dynamics_max=0.000000000000e+00 dynamics_worst_stage=0 dynamics_worst_index=0 bound_count=4902 bound_rms=0.000000000000e+00 bound_max=0.000000000000e+00 bound_worst_stage=0 bound_worst_index=0 bound_worst_kind=none
    11   4.02464279e+03   1.6015e-01   2.7644e+00   6.3677e-01   -0.70      -     5.0000e-01   0
FILTERDDP_ITER_TIMING iteration=11 barrier_iteration=1 backward_s=0.026748600 forward_s=0.003618000 total_s=0.030366600 outcome=accepted step_size=5.000000000e-01 backtracks=0 mu=2.000000000e-01
FILTERDDP_TIMING iteration=12 barrier_iteration=1 stage=6 derivative_s=0.000270600 first_order_s=0.000117500 second_order_s=0.000116400 algebra_s=0.000829100 kkt_assembly_s=0.000127400 factor_s=0.001421200 solve_s=0.000972600 update_s=0.000113300 K_nnz=5269 rhs_cols=1 Vxx_nnz=2601
FILTERDDP_TIMING iteration=12 barrier_iteration=1 stage=5 derivative_s=0.000294600 first_order_s=0.000158300 second_order_s=0.000099600 algebra_s=0.000707600 kkt_assembly_s=0.000126000 factor_s=0.001948600 solve_s=0.001599300 update_s=0.000093000 K_nnz=5269 rhs_cols=1 Vxx_nnz=2601
FILTERDDP_TIMING iteration=12 barrier_iteration=1 stage=4 derivative_s=0.000285600 first_order_s=0.000132400 second_order_s=0.000116100 algebra_s=0.000711800 kkt_assembly_s=0.000124300 factor_s=0.001790300 solve_s=0.001536300 update_s=0.000094800 K_nnz=5269 rhs_cols=1 Vxx_nnz=2601
FILTERDDP_TIMING iteration=12 barrier_iteration=1 stage=3 derivative_s=0.000267500 first_order_s=0.000133800 second_order_s=0.000097100 algebra_s=0.000796800 kkt_assembly_s=0.000168700 factor_s=0.001853200 solve_s=0.001605500 update_s=0.000112300 K_nnz=5269 rhs_cols=1 Vxx_nnz=2601
FILTERDDP_TIMING iteration=12 barrier_iteration=1 stage=2 derivative_s=0.000275500 first_order_s=0.000139100 second_order_s=0.000097000 algebra_s=0.000694100 kkt_assembly_s=0.000161900 factor_s=0.001762200 solve_s=0.001427400 update_s=0.000091400 K_nnz=5269 rhs_cols=1 Vxx_nnz=2601
FILTERDDP_TIMING iteration=12 barrier_iteration=1 stage=1 derivative_s=0.000264500 first_order_s=0.000132100 second_order_s=0.000095400 algebra_s=0.000707100 kkt_assembly_s=0.000122500 factor_s=0.001938800 solve_s=0.001481400 update_s=0.000132000 K_nnz=5269 rhs_cols=1 Vxx_nnz=2601
FILTERDDP_FEASIBILITY iteration=12 barrier_iteration=1 equality_count=3372 equality_rms=2.964132888831e-02 equality_max=3.559441566926e-01 equality_worst_stage=3 equality_worst_index=509 dynamics_count=255 dynamics_rms=0.000000000000e+00 dynamics_max=0.000000000000e+00 dynamics_worst_stage=0 dynamics_worst_index=0 bound_count=4902 bound_rms=0.000000000000e+00 bound_max=0.000000000000e+00 bound_worst_stage=0 bound_worst_index=0 bound_worst_kind=none
FILTERDDP_ITER_TIMING iteration=12 barrier_iteration=1 backward_s=0.027301700 forward_s=0.000000000 total_s=0.027301700 outcome=barrier_update step_size=5.000000000e-01 backtracks=0 mu=2.000000000e-01
FILTERDDP_TIMING iteration=12 barrier_iteration=2 stage=6 derivative_s=0.000297700 first_order_s=0.000142900 second_order_s=0.000119000 algebra_s=0.000794300 kkt_assembly_s=0.000153200 factor_s=0.001797100 solve_s=0.001486900 update_s=0.000093400 K_nnz=5269 rhs_cols=1 Vxx_nnz=2601
FILTERDDP_TIMING iteration=12 barrier_iteration=2 stage=5 derivative_s=0.000284700 first_order_s=0.000134600 second_order_s=0.000113200 algebra_s=0.000744500 kkt_assembly_s=0.000127800 factor_s=0.001777400 solve_s=0.001479800 update_s=0.000091200 K_nnz=5269 rhs_cols=1 Vxx_nnz=2601
FILTERDDP_TIMING iteration=12 barrier_iteration=2 stage=4 derivative_s=0.000270400 first_order_s=0.000135000 second_order_s=0.000098300 algebra_s=0.000725600 kkt_assembly_s=0.000131900 factor_s=0.001904800 solve_s=0.001502600 update_s=0.000107600 K_nnz=5269 rhs_cols=1 Vxx_nnz=2601
FILTERDDP_TIMING iteration=12 barrier_iteration=2 stage=3 derivative_s=0.000307800 first_order_s=0.000152300 second_order_s=0.000118600 algebra_s=0.000738500 kkt_assembly_s=0.000166300 factor_s=0.001798700 solve_s=0.001495100 update_s=0.000094800 K_nnz=5269 rhs_cols=1 Vxx_nnz=2601
FILTERDDP_TIMING iteration=12 barrier_iteration=2 stage=2 derivative_s=0.000273700 first_order_s=0.000137500 second_order_s=0.000098400 algebra_s=0.000783700 kkt_assembly_s=0.000141700 factor_s=0.002028600 solve_s=0.001530400 update_s=0.000108000 K_nnz=5269 rhs_cols=1 Vxx_nnz=2601
FILTERDDP_TIMING iteration=12 barrier_iteration=2 stage=1 derivative_s=0.000282700 first_order_s=0.000147200 second_order_s=0.000099000 algebra_s=0.000706000 kkt_assembly_s=0.000125100 factor_s=0.001801500 solve_s=0.001463200 update_s=0.000094500 K_nnz=5269 rhs_cols=1 Vxx_nnz=2601
FILTERDDP_FEASIBILITY iteration=12 barrier_iteration=2 equality_count=3372 equality_rms=2.964132888831e-02 equality_max=3.559441566926e-01 equality_worst_stage=3 equality_worst_index=509 dynamics_count=255 dynamics_rms=0.000000000000e+00 dynamics_max=0.000000000000e+00 dynamics_worst_stage=0 dynamics_worst_index=0 bound_count=4902 bound_rms=0.000000000000e+00 bound_max=0.000000000000e+00 bound_worst_stage=0 bound_worst_index=0 bound_worst_kind=none
    12   3.77433415e+03   3.5594e-01   1.7755e+00   4.3609e-01   -1.40      -     5.0000e-01   0
FILTERDDP_ITER_TIMING iteration=12 barrier_iteration=2 backward_s=0.028093200 forward_s=0.004338200 total_s=0.032431400 outcome=accepted step_size=5.000000000e-01 backtracks=0 mu=4.000000000e-02
FILTERDDP_TIMING iteration=13 barrier_iteration=2 stage=6 derivative_s=0.000303700 first_order_s=0.000136700 second_order_s=0.000128500 algebra_s=0.021171000 kkt_assembly_s=0.000155700 factor_s=0.001653100 solve_s=0.001386300 update_s=0.000115300 K_nnz=5269 rhs_cols=1 Vxx_nnz=2601
FILTERDDP_TIMING iteration=13 barrier_iteration=2 stage=5 derivative_s=0.000294800 first_order_s=0.000145300 second_order_s=0.000103700 algebra_s=0.000742000 kkt_assembly_s=0.000145300 factor_s=0.001949900 solve_s=0.001509200 update_s=0.000101500 K_nnz=5269 rhs_cols=1 Vxx_nnz=2601
FILTERDDP_TIMING iteration=13 barrier_iteration=2 stage=4 derivative_s=0.000295100 first_order_s=0.000151000 second_order_s=0.000101600 algebra_s=0.000707800 kkt_assembly_s=0.000135500 factor_s=0.002362000 solve_s=0.001534500 update_s=0.000099500 K_nnz=5269 rhs_cols=1 Vxx_nnz=2601
FILTERDDP_TIMING iteration=13 barrier_iteration=2 stage=3 derivative_s=0.000285500 first_order_s=0.000141900 second_order_s=0.000102800 algebra_s=0.000703600 kkt_assembly_s=0.000135500 factor_s=0.002436200 solve_s=0.001478700 update_s=0.000099100 K_nnz=5269 rhs_cols=1 Vxx_nnz=2601
FILTERDDP_TIMING iteration=13 barrier_iteration=2 stage=2 derivative_s=0.000281500 first_order_s=0.000140700 second_order_s=0.000100200 algebra_s=0.000705900 kkt_assembly_s=0.000132400 factor_s=0.001822400 solve_s=0.001532900 update_s=0.000100800 K_nnz=5269 rhs_cols=1 Vxx_nnz=2601
FILTERDDP_TIMING iteration=13 barrier_iteration=2 stage=1 derivative_s=0.000279000 first_order_s=0.000139100 second_order_s=0.000101200 algebra_s=0.000712200 kkt_assembly_s=0.000129900 factor_s=0.001972600 solve_s=0.001549300 update_s=0.000101600 K_nnz=5269 rhs_cols=1 Vxx_nnz=2601
FILTERDDP_FEASIBILITY iteration=13 barrier_iteration=2 equality_count=3372 equality_rms=2.466709257829e-02 equality_max=2.958933729282e-01 equality_worst_stage=6 equality_worst_index=509 dynamics_count=255 dynamics_rms=0.000000000000e+00 dynamics_max=0.000000000000e+00 dynamics_worst_stage=0 dynamics_worst_index=0 bound_count=4902 bound_rms=0.000000000000e+00 bound_max=0.000000000000e+00 bound_worst_stage=0 bound_worst_index=0 bound_worst_kind=none
    13   3.51567062e+03   2.9589e-01   1.8766e+00   2.6052e-01   -1.40      -     5.0000e-01   0
FILTERDDP_ITER_TIMING iteration=13 barrier_iteration=2 backward_s=0.049550800 forward_s=0.003604300 total_s=0.053155100 outcome=accepted step_size=5.000000000e-01 backtracks=0 mu=4.000000000e-02
FILTERDDP_TIMING iteration=14 barrier_iteration=2 stage=6 derivative_s=0.000282700 first_order_s=0.000121400 second_order_s=0.000122300 algebra_s=0.000773600 kkt_assembly_s=0.000131800 factor_s=0.002066100 solve_s=0.001685000 update_s=0.000099500 K_nnz=5269 rhs_cols=1 Vxx_nnz=2601
FILTERDDP_TIMING iteration=14 barrier_iteration=2 stage=5 derivative_s=0.000276600 first_order_s=0.000136200 second_order_s=0.000100400 algebra_s=0.000694700 kkt_assembly_s=0.000130100 factor_s=0.001803600 solve_s=0.001552800 update_s=0.000102400 K_nnz=5269 rhs_cols=1 Vxx_nnz=2601
FILTERDDP_TIMING iteration=14 barrier_iteration=2 stage=4 derivative_s=0.000380900 first_order_s=0.000140200 second_order_s=0.000200600 algebra_s=0.000708100 kkt_assembly_s=0.000130100 factor_s=0.001801400 solve_s=0.001571300 update_s=0.000096200 K_nnz=5269 rhs_cols=1 Vxx_nnz=2601
FILTERDDP_TIMING iteration=14 barrier_iteration=2 stage=3 derivative_s=0.000277300 first_order_s=0.000137300 second_order_s=0.000101000 algebra_s=0.000685600 kkt_assembly_s=0.000151000 factor_s=0.001792500 solve_s=0.001620700 update_s=0.000098600 K_nnz=5269 rhs_cols=1 Vxx_nnz=2601
FILTERDDP_TIMING iteration=14 barrier_iteration=2 stage=2 derivative_s=0.000277900 first_order_s=0.000139900 second_order_s=0.000099900 algebra_s=0.000732200 kkt_assembly_s=0.000131200 factor_s=0.001830900 solve_s=0.001461700 update_s=0.000102900 K_nnz=5269 rhs_cols=1 Vxx_nnz=2601
FILTERDDP_TIMING iteration=14 barrier_iteration=2 stage=1 derivative_s=0.000371600 first_order_s=0.000143600 second_order_s=0.000173400 algebra_s=0.000751500 kkt_assembly_s=0.000131400 factor_s=0.001795000 solve_s=0.001507900 update_s=0.000098900 K_nnz=5269 rhs_cols=1 Vxx_nnz=2601
FILTERDDP_FEASIBILITY iteration=14 barrier_iteration=2 equality_count=3372 equality_rms=2.661129726313e-02 equality_max=3.440313466205e-01 equality_worst_stage=6 equality_worst_index=509 dynamics_count=255 dynamics_rms=0.000000000000e+00 dynamics_max=0.000000000000e+00 dynamics_worst_stage=0 dynamics_worst_index=0 bound_count=4902 bound_rms=0.000000000000e+00 bound_max=0.000000000000e+00 bound_worst_stage=0 bound_worst_index=0 bound_worst_kind=none
    14   3.36633535e+03   3.4403e-01   1.5136e+00   1.6147e-01   -1.40      -     5.0000e-01   0
FILTERDDP_ITER_TIMING iteration=14 barrier_iteration=2 backward_s=0.028523800 forward_s=0.003948000 total_s=0.032471800 outcome=accepted step_size=5.000000000e-01 backtracks=0 mu=4.000000000e-02
FILTERDDP_TIMING iteration=15 barrier_iteration=2 stage=6 derivative_s=0.000316900 first_order_s=0.000120500 second_order_s=0.000157700 algebra_s=0.000888700 kkt_assembly_s=0.000245100 factor_s=0.001913400 solve_s=0.001556900 update_s=0.000102700 K_nnz=5269 rhs_cols=1 Vxx_nnz=2601
FILTERDDP_TIMING iteration=15 barrier_iteration=2 stage=5 derivative_s=0.000361300 first_order_s=0.000218100 second_order_s=0.000103700 algebra_s=0.000741000 kkt_assembly_s=0.000130000 factor_s=0.001847700 solve_s=0.001741400 update_s=0.000101100 K_nnz=5269 rhs_cols=1 Vxx_nnz=2601
FILTERDDP_TIMING iteration=15 barrier_iteration=2 stage=4 derivative_s=0.000283800 first_order_s=0.000141700 second_order_s=0.000102100 algebra_s=0.000711400 kkt_assembly_s=0.000147600 factor_s=0.001914800 solve_s=0.001525600 update_s=0.000128900 K_nnz=5269 rhs_cols=1 Vxx_nnz=2601
FILTERDDP_TIMING iteration=15 barrier_iteration=2 stage=3 derivative_s=0.000342600 first_order_s=0.000198000 second_order_s=0.000104000 algebra_s=0.000723500 kkt_assembly_s=0.000133100 factor_s=0.001825100 solve_s=0.001546900 update_s=0.000128100 K_nnz=5269 rhs_cols=1 Vxx_nnz=2601
FILTERDDP_TIMING iteration=15 barrier_iteration=2 stage=2 derivative_s=0.000374200 first_order_s=0.000183500 second_order_s=0.000145100 algebra_s=0.000729800 kkt_assembly_s=0.000136500 factor_s=0.001984800 solve_s=0.001490200 update_s=0.000101400 K_nnz=5269 rhs_cols=1 Vxx_nnz=2601
FILTERDDP_TIMING iteration=15 barrier_iteration=2 stage=1 derivative_s=0.000273600 first_order_s=0.000134400 second_order_s=0.000101300 algebra_s=0.000723400 kkt_assembly_s=0.000136700 factor_s=0.001793400 solve_s=0.001538900 update_s=0.000103700 K_nnz=5269 rhs_cols=1 Vxx_nnz=2601
FILTERDDP_FEASIBILITY iteration=15 barrier_iteration=2 equality_count=3372 equality_rms=3.267281614367e-02 equality_max=4.382907771961e-01 equality_worst_stage=5 equality_worst_index=509 dynamics_count=255 dynamics_rms=0.000000000000e+00 dynamics_max=0.000000000000e+00 dynamics_worst_stage=0 dynamics_worst_index=0 bound_count=4902 bound_rms=0.000000000000e+00 bound_max=0.000000000000e+00 bound_worst_stage=0 bound_worst_index=0 bound_worst_kind=none
    15   3.28876702e+03   4.3829e-01   1.0980e+00   1.0613e-01   -1.40      -     5.0000e-01   0
FILTERDDP_ITER_TIMING iteration=15 barrier_iteration=2 backward_s=0.029170000 forward_s=0.004042100 total_s=0.033212100 outcome=accepted step_size=5.000000000e-01 backtracks=0 mu=4.000000000e-02
FILTERDDP_TIMING iteration=16 barrier_iteration=2 stage=6 derivative_s=0.000296900 first_order_s=0.000127000 second_order_s=0.000130300 algebra_s=0.000832200 kkt_assembly_s=0.000345600 factor_s=0.001856700 solve_s=0.001476600 update_s=0.000111100 K_nnz=5269 rhs_cols=1 Vxx_nnz=2601
FILTERDDP_TIMING iteration=16 barrier_iteration=2 stage=5 derivative_s=0.000325400 first_order_s=0.000144500 second_order_s=0.000140400 algebra_s=0.000932000 kkt_assembly_s=0.000197300 factor_s=0.001935200 solve_s=0.002071700 update_s=0.000141900 K_nnz=5269 rhs_cols=1 Vxx_nnz=2601
FILTERDDP_TIMING iteration=16 barrier_iteration=2 stage=4 derivative_s=0.000435300 first_order_s=0.000228800 second_order_s=0.000143500 algebra_s=0.000846400 kkt_assembly_s=0.000574300 factor_s=0.002428800 solve_s=0.002461600 update_s=0.000085800 K_nnz=5269 rhs_cols=1 Vxx_nnz=2601
FILTERDDP_TIMING iteration=16 barrier_iteration=2 stage=3 derivative_s=0.000225200 first_order_s=0.000120400 second_order_s=0.000074800 algebra_s=0.000566100 kkt_assembly_s=0.000103600 factor_s=0.001162400 solve_s=0.001159400 update_s=0.000112800 K_nnz=5269 rhs_cols=1 Vxx_nnz=2601
FILTERDDP_TIMING iteration=16 barrier_iteration=2 stage=2 derivative_s=0.000323400 first_order_s=0.000175500 second_order_s=0.000105700 algebra_s=0.000740800 kkt_assembly_s=0.000141400 factor_s=0.001916500 solve_s=0.001916700 update_s=0.000116700 K_nnz=5269 rhs_cols=1 Vxx_nnz=2601
FILTERDDP_TIMING iteration=16 barrier_iteration=2 stage=1 derivative_s=0.000301800 first_order_s=0.000146300 second_order_s=0.000107300 algebra_s=0.000741100 kkt_assembly_s=0.000138100 factor_s=0.001952900 solve_s=0.001625500 update_s=0.000113700 K_nnz=5269 rhs_cols=1 Vxx_nnz=2601
FILTERDDP_FEASIBILITY iteration=16 barrier_iteration=2 equality_count=3372 equality_rms=4.089812334040e-02 equality_max=5.694184807245e-01 equality_worst_stage=5 equality_worst_index=509 dynamics_count=255 dynamics_rms=0.000000000000e+00 dynamics_max=0.000000000000e+00 dynamics_worst_stage=0 dynamics_worst_index=0 bound_count=4902 bound_rms=0.000000000000e+00 bound_max=0.000000000000e+00 bound_worst_stage=0 bound_worst_index=0 bound_worst_kind=none
    16   3.24958503e+03   5.6942e-01   7.4638e-01   7.5289e-02   -1.40      -     5.0000e-01   0
FILTERDDP_ITER_TIMING iteration=16 barrier_iteration=2 backward_s=0.031205900 forward_s=0.003246500 total_s=0.034452400 outcome=accepted step_size=5.000000000e-01 backtracks=0 mu=4.000000000e-02
FILTERDDP_TIMING iteration=17 barrier_iteration=2 stage=6 derivative_s=0.000236600 first_order_s=0.000099900 second_order_s=0.000102300 algebra_s=0.000606400 kkt_assembly_s=0.000113600 factor_s=0.001630100 solve_s=0.001574600 update_s=0.000124600 K_nnz=5269 rhs_cols=1 Vxx_nnz=2601
FILTERDDP_TIMING iteration=17 barrier_iteration=2 stage=5 derivative_s=0.000408500 first_order_s=0.000212400 second_order_s=0.000138600 algebra_s=0.001030900 kkt_assembly_s=0.000174100 factor_s=0.001911200 solve_s=0.001543600 update_s=0.000110500 K_nnz=5269 rhs_cols=1 Vxx_nnz=2601
FILTERDDP_TIMING iteration=17 barrier_iteration=2 stage=4 derivative_s=0.000306000 first_order_s=0.000150400 second_order_s=0.000108000 algebra_s=0.000752800 kkt_assembly_s=0.000137400 factor_s=0.002331500 solve_s=0.001593700 update_s=0.021034700 K_nnz=5269 rhs_cols=1 Vxx_nnz=2601
FILTERDDP_TIMING iteration=17 barrier_iteration=2 stage=3 derivative_s=0.000326900 first_order_s=0.000162600 second_order_s=0.000117900 algebra_s=0.000738500 kkt_assembly_s=0.000138200 factor_s=0.001958400 solve_s=0.001394600 update_s=0.000107800 K_nnz=5269 rhs_cols=1 Vxx_nnz=2601
FILTERDDP_TIMING iteration=17 barrier_iteration=2 stage=2 derivative_s=0.000276100 first_order_s=0.000137700 second_order_s=0.000099400 algebra_s=0.000785400 kkt_assembly_s=0.000179000 factor_s=0.002032900 solve_s=0.001592800 update_s=0.000132900 K_nnz=5269 rhs_cols=1 Vxx_nnz=2601
FILTERDDP_TIMING iteration=17 barrier_iteration=2 stage=1 derivative_s=0.000457900 first_order_s=0.000235700 second_order_s=0.000159600 algebra_s=0.000709500 kkt_assembly_s=0.000136500 factor_s=0.001942900 solve_s=0.001571600 update_s=0.000108800 K_nnz=5269 rhs_cols=1 Vxx_nnz=2601
FILTERDDP_FEASIBILITY iteration=17 barrier_iteration=2 equality_count=3372 equality_rms=4.588756181386e-02 equality_max=6.597516655537e-01 equality_worst_stage=5 equality_worst_index=509 dynamics_count=255 dynamics_rms=0.000000000000e+00 dynamics_max=0.000000000000e+00 dynamics_worst_stage=0 dynamics_worst_index=0 bound_count=4902 bound_rms=0.000000000000e+00 bound_max=0.000000000000e+00 bound_worst_stage=0 bound_worst_index=0 bound_worst_kind=none
    17   3.23016855e+03   6.5975e-01   4.8226e-01   5.8423e-02   -1.40      -     5.0000e-01   0
FILTERDDP_ITER_TIMING iteration=17 barrier_iteration=2 backward_s=0.050723100 forward_s=0.003793700 total_s=0.054516800 outcome=accepted step_size=5.000000000e-01 backtracks=0 mu=4.000000000e-02
FILTERDDP_TIMING iteration=18 barrier_iteration=2 stage=6 derivative_s=0.000345000 first_order_s=0.000140000 second_order_s=0.000147200 algebra_s=0.000811500 kkt_assembly_s=0.000142700 factor_s=0.001647900 solve_s=0.001280200 update_s=0.000111800 K_nnz=5269 rhs_cols=1 Vxx_nnz=2601
FILTERDDP_TIMING iteration=18 barrier_iteration=2 stage=5 derivative_s=0.000295500 first_order_s=0.000145800 second_order_s=0.000109000 algebra_s=0.000734300 kkt_assembly_s=0.000146100 factor_s=0.002027100 solve_s=0.001573300 update_s=0.000111800 K_nnz=5269 rhs_cols=1 Vxx_nnz=2601
FILTERDDP_TIMING iteration=18 barrier_iteration=2 stage=4 derivative_s=0.000395200 first_order_s=0.000205000 second_order_s=0.000130400 algebra_s=0.000730100 kkt_assembly_s=0.000138100 factor_s=0.001852500 solve_s=0.001595600 update_s=0.000119400 K_nnz=5269 rhs_cols=1 Vxx_nnz=2601
FILTERDDP_TIMING iteration=18 barrier_iteration=2 stage=3 derivative_s=0.000302100 first_order_s=0.000155700 second_order_s=0.000104200 algebra_s=0.000721200 kkt_assembly_s=0.000142600 factor_s=0.002038300 solve_s=0.001763400 update_s=0.000118700 K_nnz=5269 rhs_cols=1 Vxx_nnz=2601
FILTERDDP_TIMING iteration=18 barrier_iteration=2 stage=2 derivative_s=0.000309700 first_order_s=0.000157000 second_order_s=0.000108800 algebra_s=0.000723300 kkt_assembly_s=0.000143800 factor_s=0.001889100 solve_s=0.001656300 update_s=0.000118100 K_nnz=5269 rhs_cols=1 Vxx_nnz=2601
FILTERDDP_TIMING iteration=18 barrier_iteration=2 stage=1 derivative_s=0.000297200 first_order_s=0.000150300 second_order_s=0.000105700 algebra_s=0.000719100 kkt_assembly_s=0.000157300 factor_s=0.001877000 solve_s=0.001976500 update_s=0.000121700 K_nnz=5269 rhs_cols=1 Vxx_nnz=2601
FILTERDDP_FEASIBILITY iteration=18 barrier_iteration=2 equality_count=3372 equality_rms=4.318827926200e-02 equality_max=6.442018838310e-01 equality_worst_stage=5 equality_worst_index=509 dynamics_count=255 dynamics_rms=0.000000000000e+00 dynamics_max=0.000000000000e+00 dynamics_worst_stage=0 dynamics_worst_index=0 bound_count=4902 bound_rms=0.000000000000e+00 bound_max=0.000000000000e+00 bound_worst_stage=0 bound_worst_index=0 bound_worst_kind=none
    18   3.22082425e+03   6.4420e-01   3.0532e-01   4.9446e-02   -1.40      -     5.0000e-01   0
FILTERDDP_ITER_TIMING iteration=18 barrier_iteration=2 backward_s=0.029614300 forward_s=0.004225000 total_s=0.033839300 outcome=accepted step_size=5.000000000e-01 backtracks=0 mu=4.000000000e-02
FILTERDDP_TIMING iteration=19 barrier_iteration=2 stage=6 derivative_s=0.000313700 first_order_s=0.000136900 second_order_s=0.000132600 algebra_s=0.000975500 kkt_assembly_s=0.000194600 factor_s=0.001903200 solve_s=0.001882500 update_s=0.000114200 K_nnz=5269 rhs_cols=1 Vxx_nnz=2601
FILTERDDP_TIMING iteration=19 barrier_iteration=2 stage=5 derivative_s=0.000414900 first_order_s=0.000242900 second_order_s=0.000112900 algebra_s=0.000740200 kkt_assembly_s=0.000146400 factor_s=0.001883000 solve_s=0.001668500 update_s=0.000128700 K_nnz=5269 rhs_cols=1 Vxx_nnz=2601
FILTERDDP_TIMING iteration=19 barrier_iteration=2 stage=4 derivative_s=0.000305800 first_order_s=0.000150200 second_order_s=0.000112300 algebra_s=0.000811200 kkt_assembly_s=0.000187500 factor_s=0.002081400 solve_s=0.001614700 update_s=0.000140500 K_nnz=5269 rhs_cols=1 Vxx_nnz=2601
FILTERDDP_TIMING iteration=19 barrier_iteration=2 stage=3 derivative_s=0.000302800 first_order_s=0.000152500 second_order_s=0.000107300 algebra_s=0.000845200 kkt_assembly_s=0.000143300 factor_s=0.001869500 solve_s=0.001540200 update_s=0.000113100 K_nnz=5269 rhs_cols=1 Vxx_nnz=2601
FILTERDDP_TIMING iteration=19 barrier_iteration=2 stage=2 derivative_s=0.000324500 first_order_s=0.000176300 second_order_s=0.000106200 algebra_s=0.000731900 kkt_assembly_s=0.000142800 factor_s=0.001861300 solve_s=0.001588700 update_s=0.000113500 K_nnz=5269 rhs_cols=1 Vxx_nnz=2601
FILTERDDP_TIMING iteration=19 barrier_iteration=2 stage=1 derivative_s=0.000295000 first_order_s=0.000149500 second_order_s=0.000104200 algebra_s=0.000763100 kkt_assembly_s=0.000142100 factor_s=0.001941600 solve_s=0.001637900 update_s=0.000146100 K_nnz=5269 rhs_cols=1 Vxx_nnz=2601
FILTERDDP_FEASIBILITY iteration=19 barrier_iteration=2 equality_count=3372 equality_rms=3.373140200762e-02 equality_max=5.206065880179e-01 equality_worst_stage=5 equality_worst_index=509 dynamics_count=255 dynamics_rms=0.000000000000e+00 dynamics_max=0.000000000000e+00 dynamics_worst_stage=0 dynamics_worst_index=0 bound_count=4902 bound_rms=0.000000000000e+00 bound_max=0.000000000000e+00 bound_worst_stage=0 bound_worst_index=0 bound_worst_kind=none
    19   3.21650880e+03   5.2061e-01   1.7412e-01   4.4787e-02   -1.40      -     5.0000e-01   0
FILTERDDP_ITER_TIMING iteration=19 barrier_iteration=2 backward_s=0.030507100 forward_s=0.004306000 total_s=0.034813100 outcome=accepted step_size=5.000000000e-01 backtracks=0 mu=4.000000000e-02
FILTERDDP_TIMING iteration=20 barrier_iteration=2 stage=6 derivative_s=0.000383800 first_order_s=0.000143500 second_order_s=0.000194700 algebra_s=0.000838600 kkt_assembly_s=0.000327900 factor_s=0.001970200 solve_s=0.001527500 update_s=0.000101500 K_nnz=5269 rhs_cols=1 Vxx_nnz=2601
FILTERDDP_TIMING iteration=20 barrier_iteration=2 stage=5 derivative_s=0.000297400 first_order_s=0.000143900 second_order_s=0.000104500 algebra_s=0.000682800 kkt_assembly_s=0.000152100 factor_s=0.001760500 solve_s=0.001572200 update_s=0.000137300 K_nnz=5269 rhs_cols=1 Vxx_nnz=2601
FILTERDDP_TIMING iteration=20 barrier_iteration=2 stage=4 derivative_s=0.000316000 first_order_s=0.000156300 second_order_s=0.000114600 algebra_s=0.000732200 kkt_assembly_s=0.000155500 factor_s=0.001878100 solve_s=0.001493300 update_s=0.000131200 K_nnz=5269 rhs_cols=1 Vxx_nnz=2601
FILTERDDP_TIMING iteration=20 barrier_iteration=2 stage=3 derivative_s=0.000298000 first_order_s=0.000149200 second_order_s=0.000106900 algebra_s=0.000720500 kkt_assembly_s=0.000164000 factor_s=0.001841000 solve_s=0.001578600 update_s=0.000097600 K_nnz=5269 rhs_cols=1 Vxx_nnz=2601
FILTERDDP_TIMING iteration=20 barrier_iteration=2 stage=2 derivative_s=0.000336400 first_order_s=0.000189900 second_order_s=0.000111700 algebra_s=0.000569500 kkt_assembly_s=0.000112400 factor_s=0.001555100 solve_s=0.001140100 update_s=0.000117400 K_nnz=5269 rhs_cols=1 Vxx_nnz=2601
FILTERDDP_TIMING iteration=20 barrier_iteration=2 stage=1 derivative_s=0.000300300 first_order_s=0.000149800 second_order_s=0.000109000 algebra_s=0.000774400 kkt_assembly_s=0.000191300 factor_s=0.002255400 solve_s=0.001552600 update_s=0.000115900 K_nnz=5269 rhs_cols=1 Vxx_nnz=2601
FILTERDDP_FEASIBILITY iteration=20 barrier_iteration=2 equality_count=3372 equality_rms=2.236795325417e-02 equality_max=3.537776196515e-01 equality_worst_stage=5 equality_worst_index=509 dynamics_count=255 dynamics_rms=0.000000000000e+00 dynamics_max=0.000000000000e+00 dynamics_worst_stage=0 dynamics_worst_index=0 bound_count=4902 bound_rms=0.000000000000e+00 bound_max=0.000000000000e+00 bound_worst_stage=0 bound_worst_index=0 bound_worst_kind=none
FILTERDDP_ITER_TIMING iteration=20 barrier_iteration=2 backward_s=0.028654700 forward_s=0.000000000 total_s=0.028654700 outcome=barrier_update step_size=5.000000000e-01 backtracks=0 mu=4.000000000e-02
FILTERDDP_TIMING iteration=20 barrier_iteration=3 stage=6 derivative_s=0.000339100 first_order_s=0.000144000 second_order_s=0.000137700 algebra_s=0.000806500 kkt_assembly_s=0.000214900 factor_s=0.001843600 solve_s=0.001618100 update_s=0.000116900 K_nnz=5269 rhs_cols=1 Vxx_nnz=2601
FILTERDDP_TIMING iteration=20 barrier_iteration=3 stage=5 derivative_s=0.000329700 first_order_s=0.000175200 second_order_s=0.000111200 algebra_s=0.000766400 kkt_assembly_s=0.000144700 factor_s=0.001946000 solve_s=0.001538400 update_s=0.000100300 K_nnz=5269 rhs_cols=1 Vxx_nnz=2601
FILTERDDP_TIMING iteration=20 barrier_iteration=3 stage=4 derivative_s=0.000266700 first_order_s=0.000108500 second_order_s=0.000129300 algebra_s=0.000432400 kkt_assembly_s=0.000098800 factor_s=0.001139100 solve_s=0.000976400 update_s=0.000116000 K_nnz=5269 rhs_cols=1 Vxx_nnz=2601
FILTERDDP_TIMING iteration=20 barrier_iteration=3 stage=3 derivative_s=0.000333300 first_order_s=0.000171900 second_order_s=0.000118600 algebra_s=0.000734200 kkt_assembly_s=0.000145300 factor_s=0.001853800 solve_s=0.001517900 update_s=0.000121500 K_nnz=5269 rhs_cols=1 Vxx_nnz=2601
FILTERDDP_TIMING iteration=20 barrier_iteration=3 stage=2 derivative_s=0.000299900 first_order_s=0.000151600 second_order_s=0.000106900 algebra_s=0.000736000 kkt_assembly_s=0.000143700 factor_s=0.001848000 solve_s=0.001566700 update_s=0.000087000 K_nnz=5269 rhs_cols=1 Vxx_nnz=2601
FILTERDDP_TIMING iteration=20 barrier_iteration=3 stage=1 derivative_s=0.000200200 first_order_s=0.000101100 second_order_s=0.000071800 algebra_s=0.000464600 kkt_assembly_s=0.000104800 factor_s=0.014537300 solve_s=0.001614400 update_s=0.000137800 K_nnz=5269 rhs_cols=1 Vxx_nnz=2601
FILTERDDP_FEASIBILITY iteration=20 barrier_iteration=3 equality_count=3372 equality_rms=2.236795325417e-02 equality_max=3.537776196515e-01 equality_worst_stage=5 equality_worst_index=509 dynamics_count=255 dynamics_rms=0.000000000000e+00 dynamics_max=0.000000000000e+00 dynamics_worst_stage=0 dynamics_worst_index=0 bound_count=4902 bound_rms=0.000000000000e+00 bound_max=0.000000000000e+00 bound_worst_stage=0 bound_worst_index=0 bound_worst_kind=none
  iter     objective        pr_inf       du_inf       cs_inf     lg(μ)   lg(reg)    alpha     ls
    20   3.21459786e+03   3.5378e-01   7.4596e-02   4.2410e-02   -2.10      -     5.0000e-01   0
FILTERDDP_ITER_TIMING iteration=20 barrier_iteration=3 backward_s=0.039691300 forward_s=0.004562800 total_s=0.044254100 outcome=accepted step_size=5.000000000e-01 backtracks=0 mu=8.000000000e-03
FILTERDDP_TIMING iteration=21 barrier_iteration=3 stage=6 derivative_s=0.000323600 first_order_s=0.000136100 second_order_s=0.000137000 algebra_s=0.000604600 kkt_assembly_s=0.000090200 factor_s=0.000839800 solve_s=0.000800500 update_s=0.000113400 K_nnz=5269 rhs_cols=1 Vxx_nnz=2601
FILTERDDP_TIMING iteration=21 barrier_iteration=3 stage=5 derivative_s=0.000341600 first_order_s=0.000162700 second_order_s=0.000120600 algebra_s=0.000829200 kkt_assembly_s=0.000150300 factor_s=0.001975100 solve_s=0.002078900 update_s=0.000115700 K_nnz=5269 rhs_cols=1 Vxx_nnz=2601
FILTERDDP_TIMING iteration=21 barrier_iteration=3 stage=4 derivative_s=0.000280600 first_order_s=0.000139300 second_order_s=0.000100500 algebra_s=0.000668200 kkt_assembly_s=0.000152600 factor_s=0.001846700 solve_s=0.001374700 update_s=0.000061900 K_nnz=5269 rhs_cols=1 Vxx_nnz=2601
FILTERDDP_TIMING iteration=21 barrier_iteration=3 stage=3 derivative_s=0.000138100 first_order_s=0.000068900 second_order_s=0.000050300 algebra_s=0.000260100 kkt_assembly_s=0.000068700 factor_s=0.000709900 solve_s=0.000716500 update_s=0.000107600 K_nnz=5269 rhs_cols=1 Vxx_nnz=2601
FILTERDDP_TIMING iteration=21 barrier_iteration=3 stage=2 derivative_s=0.000285900 first_order_s=0.000141600 second_order_s=0.000105100 algebra_s=0.000907900 kkt_assembly_s=0.000140600 factor_s=0.001897200 solve_s=0.001757900 update_s=0.000098800 K_nnz=5269 rhs_cols=1 Vxx_nnz=2601
FILTERDDP_TIMING iteration=21 barrier_iteration=3 stage=1 derivative_s=0.000277400 first_order_s=0.000137500 second_order_s=0.000101800 algebra_s=0.000686400 kkt_assembly_s=0.000133000 factor_s=0.001789600 solve_s=0.001548800 update_s=0.000105900 K_nnz=5269 rhs_cols=1 Vxx_nnz=2601
FILTERDDP_FEASIBILITY iteration=21 barrier_iteration=3 equality_count=3372 equality_rms=1.027178975047e-01 equality_max=1.561401620570e+00 equality_worst_stage=5 equality_worst_index=509 dynamics_count=255 dynamics_rms=0.000000000000e+00 dynamics_max=0.000000000000e+00 dynamics_worst_stage=0 dynamics_worst_index=0 bound_count=4902 bound_rms=0.000000000000e+00 bound_max=0.000000000000e+00 bound_worst_stage=0 bound_worst_index=0 bound_worst_kind=none
    21   3.18587303e+03   1.5614e+00   1.5633e-01   2.6826e-02   -2.10      -     5.0000e-01   0
FILTERDDP_ITER_TIMING iteration=21 barrier_iteration=3 backward_s=0.024715100 forward_s=0.003775900 total_s=0.028491000 outcome=accepted step_size=5.000000000e-01 backtracks=0 mu=8.000000000e-03
FILTERDDP_TIMING iteration=22 barrier_iteration=3 stage=6 derivative_s=0.000286000 first_order_s=0.000121800 second_order_s=0.000125400 algebra_s=0.000796800 kkt_assembly_s=0.000135600 factor_s=0.000977400 solve_s=0.000756300 update_s=0.000100700 K_nnz=5269 rhs_cols=1 Vxx_nnz=2601
FILTERDDP_TIMING iteration=22 barrier_iteration=3 stage=5 derivative_s=0.000272100 first_order_s=0.000139000 second_order_s=0.000096900 algebra_s=0.000697200 kkt_assembly_s=0.000130500 factor_s=0.001803400 solve_s=0.001638100 update_s=0.000101300 K_nnz=5269 rhs_cols=1 Vxx_nnz=2601
FILTERDDP_TIMING iteration=22 barrier_iteration=3 stage=4 derivative_s=0.000328600 first_order_s=0.000173900 second_order_s=0.000112600 algebra_s=0.000644100 kkt_assembly_s=0.000109800 factor_s=0.001485200 solve_s=0.001206900 update_s=0.000063000 K_nnz=5269 rhs_cols=1 Vxx_nnz=2601
FILTERDDP_TIMING iteration=22 barrier_iteration=3 stage=3 derivative_s=0.000167800 first_order_s=0.000090400 second_order_s=0.000055900 algebra_s=0.000345700 kkt_assembly_s=0.000075400 factor_s=0.000949500 solve_s=0.001167500 update_s=0.000102500 K_nnz=5269 rhs_cols=1 Vxx_nnz=2601
FILTERDDP_TIMING iteration=22 barrier_iteration=3 stage=2 derivative_s=0.000283600 first_order_s=0.000144200 second_order_s=0.000100200 algebra_s=0.000761000 kkt_assembly_s=0.000175600 factor_s=0.002095200 solve_s=0.001517300 update_s=0.000074700 K_nnz=5269 rhs_cols=1 Vxx_nnz=2601
FILTERDDP_TIMING iteration=22 barrier_iteration=3 stage=1 derivative_s=0.000198100 first_order_s=0.000097200 second_order_s=0.000073200 algebra_s=0.000493500 kkt_assembly_s=0.000096700 factor_s=0.001239200 solve_s=0.001181300 update_s=0.000100700 K_nnz=5269 rhs_cols=1 Vxx_nnz=2601
FILTERDDP_FEASIBILITY iteration=22 barrier_iteration=3 equality_count=3372 equality_rms=1.060774232764e-01 equality_max=1.665944489308e+00 equality_worst_stage=5 equality_worst_index=509 dynamics_count=255 dynamics_rms=0.000000000000e+00 dynamics_max=0.000000000000e+00 dynamics_worst_stage=0 dynamics_worst_index=0 bound_count=4902 bound_rms=0.000000000000e+00 bound_max=0.000000000000e+00 bound_worst_stage=0 bound_worst_index=0 bound_worst_kind=none
    22   3.17128860e+03   1.6659e+00   1.3354e-01   1.8175e-02   -2.10      -     5.0000e-01   0
FILTERDDP_ITER_TIMING iteration=22 barrier_iteration=3 backward_s=0.022936300 forward_s=0.003936500 total_s=0.026872800 outcome=accepted step_size=5.000000000e-01 backtracks=0 mu=8.000000000e-03
FILTERDDP_TIMING iteration=23 barrier_iteration=3 stage=6 derivative_s=0.000278900 first_order_s=0.000118400 second_order_s=0.000123700 algebra_s=0.000779300 kkt_assembly_s=0.000146300 factor_s=0.001880200 solve_s=0.001569100 update_s=0.000104000 K_nnz=5269 rhs_cols=1 Vxx_nnz=2601
FILTERDDP_TIMING iteration=23 barrier_iteration=3 stage=5 derivative_s=0.000283100 first_order_s=0.000141900 second_order_s=0.000101600 algebra_s=0.000711500 kkt_assembly_s=0.000132200 factor_s=0.001797000 solve_s=0.001681400 update_s=0.000108400 K_nnz=5269 rhs_cols=1 Vxx_nnz=2601
FILTERDDP_TIMING iteration=23 barrier_iteration=3 stage=4 derivative_s=0.000298800 first_order_s=0.000137400 second_order_s=0.000122400 algebra_s=0.000717800 kkt_assembly_s=0.000131600 factor_s=0.001910900 solve_s=0.001568000 update_s=0.000105800 K_nnz=5269 rhs_cols=1 Vxx_nnz=2601
FILTERDDP_TIMING iteration=23 barrier_iteration=3 stage=3 derivative_s=0.000406700 first_order_s=0.000188400 second_order_s=0.000155700 algebra_s=0.000777800 kkt_assembly_s=0.000141600 factor_s=0.001873900 solve_s=0.001536600 update_s=0.000103600 K_nnz=5269 rhs_cols=1 Vxx_nnz=2601
FILTERDDP_TIMING iteration=23 barrier_iteration=3 stage=2 derivative_s=0.000286500 first_order_s=0.000142200 second_order_s=0.000105900 algebra_s=0.000724100 kkt_assembly_s=0.000135900 factor_s=0.001914100 solve_s=0.001494900 update_s=0.000101900 K_nnz=5269 rhs_cols=1 Vxx_nnz=2601
FILTERDDP_TIMING iteration=23 barrier_iteration=3 stage=1 derivative_s=0.000269300 first_order_s=0.000132800 second_order_s=0.000098300 algebra_s=0.000682200 kkt_assembly_s=0.000125100 factor_s=0.001855300 solve_s=0.001509600 update_s=0.000132500 K_nnz=5269 rhs_cols=1 Vxx_nnz=2601
FILTERDDP_FEASIBILITY iteration=23 barrier_iteration=3 equality_count=3372 equality_rms=7.454452683010e-02 equality_max=1.191192628629e+00 equality_worst_stage=5 equality_worst_index=509 dynamics_count=255 dynamics_rms=0.000000000000e+00 dynamics_max=0.000000000000e+00 dynamics_worst_stage=0 dynamics_worst_index=0 bound_count=4902 bound_rms=0.000000000000e+00 bound_max=0.000000000000e+00 bound_worst_stage=0 bound_worst_index=0 bound_worst_kind=none
    23   3.16396521e+03   1.1912e+00   8.4238e-02   1.2204e-02   -2.10      -     5.0000e-01   0
FILTERDDP_ITER_TIMING iteration=23 barrier_iteration=3 backward_s=0.028817300 forward_s=0.004291500 total_s=0.033108800 outcome=accepted step_size=5.000000000e-01 backtracks=0 mu=8.000000000e-03
FILTERDDP_TIMING iteration=24 barrier_iteration=3 stage=6 derivative_s=0.000488000 first_order_s=0.000217400 second_order_s=0.000203700 algebra_s=0.001156100 kkt_assembly_s=0.000139700 factor_s=0.001858300 solve_s=0.001587900 update_s=0.000139800 K_nnz=5269 rhs_cols=1 Vxx_nnz=2601
FILTERDDP_TIMING iteration=24 barrier_iteration=3 stage=5 derivative_s=0.090399100 first_order_s=0.000135000 second_order_s=0.090202100 algebra_s=0.000289100 kkt_assembly_s=0.000076400 factor_s=0.000784500 solve_s=0.000795200 update_s=0.000114500 K_nnz=5269 rhs_cols=1 Vxx_nnz=2601
FILTERDDP_TIMING iteration=24 barrier_iteration=3 stage=4 derivative_s=0.000346800 first_order_s=0.000156900 second_order_s=0.000135600 algebra_s=0.000781800 kkt_assembly_s=0.000141800 factor_s=0.002152400 solve_s=0.001517500 update_s=0.000103300 K_nnz=5269 rhs_cols=1 Vxx_nnz=2601
FILTERDDP_TIMING iteration=24 barrier_iteration=3 stage=3 derivative_s=0.000292800 first_order_s=0.000146400 second_order_s=0.000104900 algebra_s=0.000698400 kkt_assembly_s=0.000136400 factor_s=0.001826200 solve_s=0.001557500 update_s=0.000123900 K_nnz=5269 rhs_cols=1 Vxx_nnz=2601
FILTERDDP_TIMING iteration=24 barrier_iteration=3 stage=2 derivative_s=0.000323900 first_order_s=0.000149300 second_order_s=0.000113700 algebra_s=0.000739900 kkt_assembly_s=0.000167800 factor_s=0.001912200 solve_s=0.001464300 update_s=0.000091800 K_nnz=5269 rhs_cols=1 Vxx_nnz=2601
FILTERDDP_TIMING iteration=24 barrier_iteration=3 stage=1 derivative_s=0.000273500 first_order_s=0.000137000 second_order_s=0.000099000 algebra_s=0.000684000 kkt_assembly_s=0.000127300 factor_s=0.001762800 solve_s=0.001499400 update_s=0.000096000 K_nnz=5269 rhs_cols=1 Vxx_nnz=2601
FILTERDDP_FEASIBILITY iteration=24 barrier_iteration=3 equality_count=3372 equality_rms=4.449922934807e-02 equality_max=7.176106887849e-01 equality_worst_stage=5 equality_worst_index=509 dynamics_count=255 dynamics_rms=0.000000000000e+00 dynamics_max=0.000000000000e+00 dynamics_worst_stage=0 dynamics_worst_index=0 bound_count=4902 bound_rms=0.000000000000e+00 bound_max=0.000000000000e+00 bound_worst_stage=0 bound_worst_index=0 bound_worst_kind=none
    24   3.16031456e+03   7.1761e-01   4.2712e-02   6.6146e-03   -2.10      -     5.0000e-01   0
FILTERDDP_ITER_TIMING iteration=24 barrier_iteration=3 backward_s=0.117123300 forward_s=0.003881900 total_s=0.121005200 outcome=accepted step_size=5.000000000e-01 backtracks=0 mu=8.000000000e-03
FILTERDDP_TIMING iteration=25 barrier_iteration=3 stage=6 derivative_s=0.000367100 first_order_s=0.000169900 second_order_s=0.000144800 algebra_s=0.000874600 kkt_assembly_s=0.000244700 factor_s=0.001776100 solve_s=0.000667700 update_s=0.000091900 K_nnz=5269 rhs_cols=1 Vxx_nnz=2601
FILTERDDP_TIMING iteration=25 barrier_iteration=3 stage=5 derivative_s=0.000271300 first_order_s=0.000133600 second_order_s=0.000099400 algebra_s=0.000692500 kkt_assembly_s=0.000124500 factor_s=0.001892300 solve_s=0.001517600 update_s=0.000094100 K_nnz=5269 rhs_cols=1 Vxx_nnz=2601
FILTERDDP_TIMING iteration=25 barrier_iteration=3 stage=4 derivative_s=0.000272100 first_order_s=0.000137700 second_order_s=0.000097000 algebra_s=0.000685600 kkt_assembly_s=0.000122900 factor_s=0.001764900 solve_s=0.001488700 update_s=0.000090400 K_nnz=5269 rhs_cols=1 Vxx_nnz=2601
FILTERDDP_TIMING iteration=25 barrier_iteration=3 stage=3 derivative_s=0.000266400 first_order_s=0.000131200 second_order_s=0.000099100 algebra_s=0.000690000 kkt_assembly_s=0.000121300 factor_s=0.001886900 solve_s=0.001554600 update_s=0.000097700 K_nnz=5269 rhs_cols=1 Vxx_nnz=2601
FILTERDDP_TIMING iteration=25 barrier_iteration=3 stage=2 derivative_s=0.000264100 first_order_s=0.000131800 second_order_s=0.000095600 algebra_s=0.000681700 kkt_assembly_s=0.000124400 factor_s=0.001855800 solve_s=0.001407900 update_s=0.000093500 K_nnz=5269 rhs_cols=1 Vxx_nnz=2601
FILTERDDP_TIMING iteration=25 barrier_iteration=3 stage=1 derivative_s=0.000270700 first_order_s=0.000134100 second_order_s=0.000099200 algebra_s=0.000687300 kkt_assembly_s=0.000124400 factor_s=0.001876500 solve_s=0.001458000 update_s=0.000098100 K_nnz=5269 rhs_cols=1 Vxx_nnz=2601
FILTERDDP_FEASIBILITY iteration=25 barrier_iteration=3 equality_count=3372 equality_rms=2.441167704856e-02 equality_max=3.954908946205e-01 equality_worst_stage=5 equality_worst_index=509 dynamics_count=255 dynamics_rms=0.000000000000e+00 dynamics_max=0.000000000000e+00 dynamics_worst_stage=0 dynamics_worst_index=0 bound_count=4902 bound_rms=0.000000000000e+00 bound_max=0.000000000000e+00 bound_worst_stage=0 bound_worst_index=0 bound_worst_kind=none
    25   3.15849975e+03   3.9549e-01   1.8871e-02   3.4765e-03   -2.10      -     5.0000e-01   0
FILTERDDP_ITER_TIMING iteration=25 barrier_iteration=3 backward_s=0.027236500 forward_s=0.003835200 total_s=0.031071700 outcome=accepted step_size=5.000000000e-01 backtracks=0 mu=8.000000000e-03
FILTERDDP_TIMING iteration=26 barrier_iteration=3 stage=6 derivative_s=0.000312300 first_order_s=0.000126200 second_order_s=0.000135700 algebra_s=0.000909500 kkt_assembly_s=0.000103400 factor_s=0.000902000 solve_s=0.000818600 update_s=0.000095700 K_nnz=5269 rhs_cols=1 Vxx_nnz=2601
FILTERDDP_TIMING iteration=26 barrier_iteration=3 stage=5 derivative_s=0.000297900 first_order_s=0.000134400 second_order_s=0.000125700 algebra_s=0.000716600 kkt_assembly_s=0.000124600 factor_s=0.001918900 solve_s=0.001460800 update_s=0.000095200 K_nnz=5269 rhs_cols=1 Vxx_nnz=2601
FILTERDDP_TIMING iteration=26 barrier_iteration=3 stage=4 derivative_s=0.000282100 first_order_s=0.000132000 second_order_s=0.000114000 algebra_s=0.000723700 kkt_assembly_s=0.000126400 factor_s=0.001771500 solve_s=0.001555200 update_s=0.000097200 K_nnz=5269 rhs_cols=1 Vxx_nnz=2601
FILTERDDP_TIMING iteration=26 barrier_iteration=3 stage=3 derivative_s=0.000269500 first_order_s=0.000137300 second_order_s=0.000095400 algebra_s=0.000715600 kkt_assembly_s=0.000139200 factor_s=0.002010300 solve_s=0.001530100 update_s=0.000096000 K_nnz=5269 rhs_cols=1 Vxx_nnz=2601
FILTERDDP_TIMING iteration=26 barrier_iteration=3 stage=2 derivative_s=0.000276900 first_order_s=0.000139600 second_order_s=0.000100500 algebra_s=0.000762600 kkt_assembly_s=0.000125800 factor_s=0.001857500 solve_s=0.001533500 update_s=0.000097800 K_nnz=5269 rhs_cols=1 Vxx_nnz=2601
FILTERDDP_TIMING iteration=26 barrier_iteration=3 stage=1 derivative_s=0.000299200 first_order_s=0.000165200 second_order_s=0.000096500 algebra_s=0.000703900 kkt_assembly_s=0.000124500 factor_s=0.001817700 solve_s=0.001681500 update_s=0.000094500 K_nnz=5269 rhs_cols=1 Vxx_nnz=2601
FILTERDDP_FEASIBILITY iteration=26 barrier_iteration=3 equality_count=3372 equality_rms=1.280139638260e-02 equality_max=2.078521644402e-01 equality_worst_stage=5 equality_worst_index=509 dynamics_count=255 dynamics_rms=0.000000000000e+00 dynamics_max=0.000000000000e+00 dynamics_worst_stage=0 dynamics_worst_index=0 bound_count=4902 bound_rms=0.000000000000e+00 bound_max=0.000000000000e+00 bound_worst_stage=0 bound_worst_index=0 bound_worst_kind=none
    26   3.15759801e+03   2.0785e-01   7.5294e-03   1.7876e-03   -2.10      -     5.0000e-01   0
FILTERDDP_ITER_TIMING iteration=26 barrier_iteration=3 backward_s=0.026841700 forward_s=0.390700400 total_s=0.417542100 outcome=accepted step_size=5.000000000e-01 backtracks=0 mu=8.000000000e-03
FILTERDDP_TIMING iteration=27 barrier_iteration=3 stage=6 derivative_s=0.000179300 first_order_s=0.000067700 second_order_s=0.000086800 algebra_s=0.000346900 kkt_assembly_s=0.000090800 factor_s=0.000693000 solve_s=0.000824800 update_s=0.000153700 K_nnz=5269 rhs_cols=1 Vxx_nnz=2601
FILTERDDP_TIMING iteration=27 barrier_iteration=3 stage=5 derivative_s=0.000410300 first_order_s=0.000183700 second_order_s=0.000183400 algebra_s=0.000966400 kkt_assembly_s=0.000174700 factor_s=0.001992300 solve_s=0.001539400 update_s=0.000066400 K_nnz=5269 rhs_cols=1 Vxx_nnz=2601
FILTERDDP_TIMING iteration=27 barrier_iteration=3 stage=4 derivative_s=0.000159300 first_order_s=0.000073000 second_order_s=0.000068000 algebra_s=0.000327300 kkt_assembly_s=0.000106100 factor_s=0.000641500 solve_s=0.000860000 update_s=0.000142300 K_nnz=5269 rhs_cols=1 Vxx_nnz=2601
FILTERDDP_TIMING iteration=27 barrier_iteration=3 stage=3 derivative_s=0.000379000 first_order_s=0.000174400 second_order_s=0.000165100 algebra_s=0.000924500 kkt_assembly_s=0.000160600 factor_s=0.002136900 solve_s=0.001774800 update_s=0.000150500 K_nnz=5269 rhs_cols=1 Vxx_nnz=2601
FILTERDDP_TIMING iteration=27 barrier_iteration=3 stage=2 derivative_s=0.000375700 first_order_s=0.000165100 second_order_s=0.000171400 algebra_s=0.000925600 kkt_assembly_s=0.000159100 factor_s=0.002001400 solve_s=0.001645000 update_s=0.000139100 K_nnz=5269 rhs_cols=1 Vxx_nnz=2601
FILTERDDP_TIMING iteration=27 barrier_iteration=3 stage=1 derivative_s=0.000381800 first_order_s=0.000170300 second_order_s=0.000173700 algebra_s=0.000885200 kkt_assembly_s=0.000198400 factor_s=0.001941400 solve_s=0.001719200 update_s=0.000141100 K_nnz=5269 rhs_cols=1 Vxx_nnz=2601
FILTERDDP_FEASIBILITY iteration=27 barrier_iteration=3 equality_count=3372 equality_rms=6.556049015675e-03 equality_max=1.065549831922e-01 equality_worst_stage=5 equality_worst_index=509 dynamics_count=255 dynamics_rms=0.000000000000e+00 dynamics_max=0.000000000000e+00 dynamics_worst_stage=0 dynamics_worst_index=0 bound_count=4902 bound_rms=0.000000000000e+00 bound_max=0.000000000000e+00 bound_worst_stage=0 bound_worst_index=0 bound_worst_kind=none
    27   3.15714993e+03   1.0655e-01   2.6179e-03   9.0719e-04   -2.10      -     5.0000e-01   0
FILTERDDP_ITER_TIMING iteration=27 barrier_iteration=3 backward_s=0.026101000 forward_s=0.003757500 total_s=0.029858500 outcome=accepted step_size=5.000000000e-01 backtracks=0 mu=8.000000000e-03
FILTERDDP_TIMING iteration=28 barrier_iteration=3 stage=6 derivative_s=0.000431800 first_order_s=0.000155800 second_order_s=0.000237800 algebra_s=0.000953700 kkt_assembly_s=0.000076200 factor_s=0.000586500 solve_s=0.000993600 update_s=0.000138000 K_nnz=5269 rhs_cols=1 Vxx_nnz=2601
FILTERDDP_TIMING iteration=28 barrier_iteration=3 stage=5 derivative_s=0.000396300 first_order_s=0.000180000 second_order_s=0.000178300 algebra_s=0.000945200 kkt_assembly_s=0.000150700 factor_s=0.002098700 solve_s=0.001803100 update_s=0.000131500 K_nnz=5269 rhs_cols=1 Vxx_nnz=2601
FILTERDDP_TIMING iteration=28 barrier_iteration=3 stage=4 derivative_s=0.000426100 first_order_s=0.000176100 second_order_s=0.000207600 algebra_s=0.000892500 kkt_assembly_s=0.000162600 factor_s=0.001930200 solve_s=0.001778900 update_s=0.000139400 K_nnz=5269 rhs_cols=1 Vxx_nnz=2601
FILTERDDP_TIMING iteration=28 barrier_iteration=3 stage=3 derivative_s=0.000386600 first_order_s=0.000179300 second_order_s=0.000169400 algebra_s=0.000879000 kkt_assembly_s=0.000161500 factor_s=0.001871700 solve_s=0.001785100 update_s=0.000142300 K_nnz=5269 rhs_cols=1 Vxx_nnz=2601
FILTERDDP_TIMING iteration=28 barrier_iteration=3 stage=2 derivative_s=0.000373500 first_order_s=0.000175900 second_order_s=0.000159400 algebra_s=0.000791800 kkt_assembly_s=0.000189100 factor_s=0.001880600 solve_s=0.001755600 update_s=0.000154100 K_nnz=5269 rhs_cols=1 Vxx_nnz=2601
FILTERDDP_TIMING iteration=28 barrier_iteration=3 stage=1 derivative_s=0.000368000 first_order_s=0.000169500 second_order_s=0.000160900 algebra_s=0.000953300 kkt_assembly_s=0.000169400 factor_s=0.001993200 solve_s=0.001836600 update_s=0.000135300 K_nnz=5269 rhs_cols=1 Vxx_nnz=2601
FILTERDDP_FEASIBILITY iteration=28 barrier_iteration=3 equality_count=3372 equality_rms=3.317225624245e-03 equality_max=5.393777570669e-02 equality_worst_stage=5 equality_worst_index=509 dynamics_count=255 dynamics_rms=0.000000000000e+00 dynamics_max=0.000000000000e+00 dynamics_worst_stage=0 dynamics_worst_index=0 bound_count=4902 bound_rms=0.000000000000e+00 bound_max=0.000000000000e+00 bound_worst_stage=0 bound_worst_index=0 bound_worst_kind=none
FILTERDDP_ITER_TIMING iteration=28 barrier_iteration=3 backward_s=0.030278100 forward_s=0.000000000 total_s=0.030278100 outcome=barrier_update step_size=5.000000000e-01 backtracks=0 mu=8.000000000e-03
FILTERDDP_TIMING iteration=28 barrier_iteration=4 stage=6 derivative_s=0.000451800 first_order_s=0.000180000 second_order_s=0.000235500 algebra_s=0.001397800 kkt_assembly_s=0.000406100 factor_s=0.002047800 solve_s=0.001692000 update_s=0.000153500 K_nnz=5269 rhs_cols=1 Vxx_nnz=2601
FILTERDDP_TIMING iteration=28 barrier_iteration=4 stage=5 derivative_s=0.000422500 first_order_s=0.000192500 second_order_s=0.000193000 algebra_s=0.001273800 kkt_assembly_s=0.000230000 factor_s=0.001935300 solve_s=0.001723900 update_s=0.000114200 K_nnz=5269 rhs_cols=1 Vxx_nnz=2601
FILTERDDP_TIMING iteration=28 barrier_iteration=4 stage=4 derivative_s=0.000647700 first_order_s=0.000384900 second_order_s=0.000224200 algebra_s=0.001208200 kkt_assembly_s=0.000168700 factor_s=0.001921500 solve_s=0.001833000 update_s=0.000162700 K_nnz=5269 rhs_cols=1 Vxx_nnz=2601
FILTERDDP_TIMING iteration=28 barrier_iteration=4 stage=3 derivative_s=0.000598400 first_order_s=0.000398000 second_order_s=0.000161200 algebra_s=0.001101400 kkt_assembly_s=0.000195000 factor_s=0.001937100 solve_s=0.001719200 update_s=0.000191900 K_nnz=5269 rhs_cols=1 Vxx_nnz=2601
FILTERDDP_TIMING iteration=28 barrier_iteration=4 stage=2 derivative_s=0.000603600 first_order_s=0.000346700 second_order_s=0.000213100 algebra_s=0.001816500 kkt_assembly_s=0.000173300 factor_s=0.001932100 solve_s=0.001919300 update_s=0.000152100 K_nnz=5269 rhs_cols=1 Vxx_nnz=2601
FILTERDDP_TIMING iteration=28 barrier_iteration=4 stage=1 derivative_s=0.000373300 first_order_s=0.000176100 second_order_s=0.000160200 algebra_s=0.001103000 kkt_assembly_s=0.000156800 factor_s=0.002224400 solve_s=0.001764700 update_s=0.000347800 K_nnz=5269 rhs_cols=1 Vxx_nnz=2601
FILTERDDP_FEASIBILITY iteration=28 barrier_iteration=4 equality_count=3372 equality_rms=3.317225624245e-03 equality_max=5.393777570669e-02 equality_worst_stage=5 equality_worst_index=509 dynamics_count=255 dynamics_rms=0.000000000000e+00 dynamics_max=0.000000000000e+00 dynamics_worst_stage=0 dynamics_worst_index=0 bound_count=4902 bound_rms=0.000000000000e+00 bound_max=0.000000000000e+00 bound_worst_stage=0 bound_worst_index=0 bound_worst_kind=none
    28   3.15692728e+03   5.3938e-02   8.3047e-04   4.5707e-04   -2.80      -     5.0000e-01   0
FILTERDDP_ITER_TIMING iteration=28 barrier_iteration=4 backward_s=0.036524100 forward_s=0.004583800 total_s=0.041107900 outcome=accepted step_size=5.000000000e-01 backtracks=0 mu=1.600000000e-03
FILTERDDP_TIMING iteration=29 barrier_iteration=4 stage=6 derivative_s=0.000616200 first_order_s=0.000297300 second_order_s=0.000265000 algebra_s=0.001287100 kkt_assembly_s=0.000217800 factor_s=0.001956300 solve_s=0.001853700 update_s=0.000496700 K_nnz=5269 rhs_cols=1 Vxx_nnz=2601
FILTERDDP_TIMING iteration=29 barrier_iteration=4 stage=5 derivative_s=0.000591300 first_order_s=0.000278400 second_order_s=0.000270300 algebra_s=0.001464000 kkt_assembly_s=0.000232000 factor_s=0.002081900 solve_s=0.002077800 update_s=0.000283300 K_nnz=5269 rhs_cols=1 Vxx_nnz=2601
FILTERDDP_TIMING iteration=29 barrier_iteration=4 stage=4 derivative_s=0.000601000 first_order_s=0.000185000 second_order_s=0.000378100 algebra_s=0.001236800 kkt_assembly_s=0.000171200 factor_s=0.002160100 solve_s=0.001873700 update_s=0.000117800 K_nnz=5269 rhs_cols=1 Vxx_nnz=2601
FILTERDDP_TIMING iteration=29 barrier_iteration=4 stage=3 derivative_s=0.000565700 first_order_s=0.000188000 second_order_s=0.000340100 algebra_s=0.001430200 kkt_assembly_s=0.000181300 factor_s=0.001930500 solve_s=0.001725200 update_s=0.000162900 K_nnz=5269 rhs_cols=1 Vxx_nnz=2601
FILTERDDP_TIMING iteration=29 barrier_iteration=4 stage=2 derivative_s=0.000428500 first_order_s=0.000208000 second_order_s=0.000182400 algebra_s=0.001434900 kkt_assembly_s=0.000190200 factor_s=0.002113600 solve_s=0.001912800 update_s=0.000162000 K_nnz=5269 rhs_cols=1 Vxx_nnz=2601
FILTERDDP_TIMING iteration=29 barrier_iteration=4 stage=1 derivative_s=0.000426300 first_order_s=0.000192900 second_order_s=0.000194200 algebra_s=0.001083300 kkt_assembly_s=0.000172700 factor_s=0.002267600 solve_s=0.002171300 update_s=0.000340200 K_nnz=5269 rhs_cols=1 Vxx_nnz=2601
FILTERDDP_FEASIBILITY iteration=29 barrier_iteration=4 equality_count=3372 equality_rms=2.459035587776e-02 equality_max=4.248759384300e-01 equality_worst_stage=5 equality_worst_index=509 dynamics_count=255 dynamics_rms=0.000000000000e+00 dynamics_max=0.000000000000e+00 dynamics_worst_stage=0 dynamics_worst_index=0 bound_count=4902 bound_rms=0.000000000000e+00 bound_max=0.000000000000e+00 bound_worst_stage=0 bound_worst_index=0 bound_worst_kind=none
    29   3.15114111e+03   4.2488e-01   2.6105e-03   2.4532e-04   -2.80      -     5.0000e-01   0
FILTERDDP_ITER_TIMING iteration=29 barrier_iteration=4 backward_s=0.038444000 forward_s=0.005561400 total_s=0.044005400 outcome=accepted step_size=5.000000000e-01 backtracks=0 mu=1.600000000e-03
FILTERDDP_TIMING iteration=30 barrier_iteration=4 stage=6 derivative_s=0.000460800 first_order_s=0.000171300 second_order_s=0.000251800 algebra_s=0.001308800 kkt_assembly_s=0.000186500 factor_s=0.002025900 solve_s=0.002107300 update_s=0.000170100 K_nnz=5269 rhs_cols=1 Vxx_nnz=2601
FILTERDDP_TIMING iteration=30 barrier_iteration=4 stage=5 derivative_s=0.000483100 first_order_s=0.000210500 second_order_s=0.000216200 algebra_s=0.001220700 kkt_assembly_s=0.000172300 factor_s=0.002001400 solve_s=0.002345500 update_s=0.000193700 K_nnz=5269 rhs_cols=1 Vxx_nnz=2601
FILTERDDP_TIMING iteration=30 barrier_iteration=4 stage=4 derivative_s=0.000647800 first_order_s=0.000217700 second_order_s=0.000390500 algebra_s=0.001206100 kkt_assembly_s=0.000179800 factor_s=0.001941700 solve_s=0.001642900 update_s=0.000176500 K_nnz=5269 rhs_cols=1 Vxx_nnz=2601
FILTERDDP_TIMING iteration=30 barrier_iteration=4 stage=3 derivative_s=0.000614900 first_order_s=0.000196200 second_order_s=0.000380400 algebra_s=0.001217500 kkt_assembly_s=0.000193100 factor_s=0.002263100 solve_s=0.002152200 update_s=0.000165700 K_nnz=5269 rhs_cols=1 Vxx_nnz=2601
FILTERDDP_TIMING iteration=30 barrier_iteration=4 stage=2 derivative_s=0.000407100 first_order_s=0.000189300 second_order_s=0.000179300 algebra_s=0.001407900 kkt_assembly_s=0.000200000 factor_s=0.001957000 solve_s=0.001624600 update_s=0.000112400 K_nnz=5269 rhs_cols=1 Vxx_nnz=2601
FILTERDDP_TIMING iteration=30 barrier_iteration=4 stage=1 derivative_s=0.000394400 first_order_s=0.000190400 second_order_s=0.000166200 algebra_s=0.001417700 kkt_assembly_s=0.000197900 factor_s=0.001950100 solve_s=0.001773400 update_s=0.000360400 K_nnz=5269 rhs_cols=1 Vxx_nnz=2601
FILTERDDP_FEASIBILITY iteration=30 barrier_iteration=4 equality_count=3372 equality_rms=2.009019621713e-02 equality_max=3.478750970146e-01 equality_worst_stage=5 equality_worst_index=509 dynamics_count=255 dynamics_rms=0.000000000000e+00 dynamics_max=0.000000000000e+00 dynamics_worst_stage=0 dynamics_worst_index=0 bound_count=4902 bound_rms=0.000000000000e+00 bound_max=0.000000000000e+00 bound_worst_stage=0 bound_worst_index=0 bound_worst_kind=none
  iter     objective        pr_inf       du_inf       cs_inf     lg(μ)   lg(reg)    alpha     ls
    30   3.14831113e+03   3.4788e-01   2.1179e-03   1.2659e-04   -2.80      -     5.0000e-01   0
FILTERDDP_ITER_TIMING iteration=30 barrier_iteration=4 backward_s=0.037320500 forward_s=0.004705800 total_s=0.042026300 outcome=accepted step_size=5.000000000e-01 backtracks=0 mu=1.600000000e-03
FILTERDDP_TIMING iteration=31 barrier_iteration=4 stage=6 derivative_s=0.000680700 first_order_s=0.000209000 second_order_s=0.000424100 algebra_s=0.001398900 kkt_assembly_s=0.000262700 factor_s=0.003127600 solve_s=0.002492100 update_s=0.000361500 K_nnz=5269 rhs_cols=1 Vxx_nnz=2601
FILTERDDP_TIMING iteration=31 barrier_iteration=4 stage=5 derivative_s=0.000492600 first_order_s=0.000225900 second_order_s=0.000224400 algebra_s=0.001637700 kkt_assembly_s=0.000234500 factor_s=0.002037300 solve_s=0.002234900 update_s=0.000346900 K_nnz=5269 rhs_cols=1 Vxx_nnz=2601
FILTERDDP_TIMING iteration=31 barrier_iteration=4 stage=4 derivative_s=0.000877100 first_order_s=0.000469500 second_order_s=0.000361100 algebra_s=0.001878300 kkt_assembly_s=0.000298100 factor_s=0.002246300 solve_s=0.001721800 update_s=0.000165800 K_nnz=5269 rhs_cols=1 Vxx_nnz=2601
FILTERDDP_TIMING iteration=31 barrier_iteration=4 stage=3 derivative_s=0.000424700 first_order_s=0.000197500 second_order_s=0.000186200 algebra_s=0.001405900 kkt_assembly_s=0.000195600 factor_s=0.001935400 solve_s=0.001753600 update_s=0.000179600 K_nnz=5269 rhs_cols=1 Vxx_nnz=2601
FILTERDDP_TIMING iteration=31 barrier_iteration=4 stage=2 derivative_s=0.000447000 first_order_s=0.000203800 second_order_s=0.000187200 algebra_s=0.001230500 kkt_assembly_s=0.000427900 factor_s=0.001990300 solve_s=0.002062700 update_s=0.000292700 K_nnz=5269 rhs_cols=1 Vxx_nnz=2601
FILTERDDP_TIMING iteration=31 barrier_iteration=4 stage=1 derivative_s=0.000459600 first_order_s=0.000210700 second_order_s=0.000207000 algebra_s=0.001393600 kkt_assembly_s=0.000189100 factor_s=0.002052200 solve_s=0.001998200 update_s=0.000367800 K_nnz=5269 rhs_cols=1 Vxx_nnz=2601
FILTERDDP_FEASIBILITY iteration=31 barrier_iteration=4 equality_count=3372 equality_rms=1.253597399147e-02 equality_max=2.172966330421e-01 equality_worst_stage=5 equality_worst_index=509 dynamics_count=255 dynamics_rms=0.000000000000e+00 dynamics_max=0.000000000000e+00 dynamics_worst_stage=0 dynamics_worst_index=0 bound_count=4902 bound_rms=0.000000000000e+00 bound_max=0.000000000000e+00 bound_worst_stage=0 bound_worst_index=0 bound_worst_kind=none
    31   3.14693079e+03   2.1730e-01   1.1608e-03   6.3060e-05   -2.80      -     5.0000e-01   0
FILTERDDP_ITER_TIMING iteration=31 barrier_iteration=4 backward_s=0.041798300 forward_s=0.004807200 total_s=0.046605500 outcome=accepted step_size=5.000000000e-01 backtracks=0 mu=1.600000000e-03
FILTERDDP_TIMING iteration=32 barrier_iteration=4 stage=6 derivative_s=0.000524300 first_order_s=0.000193600 second_order_s=0.000279300 algebra_s=0.001325800 kkt_assembly_s=0.000193300 factor_s=0.002296600 solve_s=0.001957200 update_s=0.000399100 K_nnz=5269 rhs_cols=1 Vxx_nnz=2601
FILTERDDP_TIMING iteration=32 barrier_iteration=4 stage=5 derivative_s=0.000641200 first_order_s=0.000299600 second_order_s=0.000275300 algebra_s=0.001354900 kkt_assembly_s=0.000205700 factor_s=0.002232700 solve_s=0.002059100 update_s=0.000214600 K_nnz=5269 rhs_cols=1 Vxx_nnz=2601
FILTERDDP_TIMING iteration=32 barrier_iteration=4 stage=4 derivative_s=0.000739500 first_order_s=0.000268500 second_order_s=0.000410900 algebra_s=0.001277500 kkt_assembly_s=0.000213200 factor_s=0.002148900 solve_s=0.002355200 update_s=0.000191500 K_nnz=5269 rhs_cols=1 Vxx_nnz=2601
FILTERDDP_TIMING iteration=32 barrier_iteration=4 stage=3 derivative_s=0.000771600 first_order_s=0.000237700 second_order_s=0.000197500 algebra_s=0.001858500 kkt_assembly_s=0.000300300 factor_s=0.002774700 solve_s=0.001935600 update_s=0.000186700 K_nnz=5269 rhs_cols=1 Vxx_nnz=2601
FILTERDDP_TIMING iteration=32 barrier_iteration=4 stage=2 derivative_s=0.000435900 first_order_s=0.000211500 second_order_s=0.000180200 algebra_s=0.001408500 kkt_assembly_s=0.000409000 factor_s=0.002024200 solve_s=0.002049100 update_s=0.000238200 K_nnz=5269 rhs_cols=1 Vxx_nnz=2601
FILTERDDP_TIMING iteration=32 barrier_iteration=4 stage=1 derivative_s=0.000597100 first_order_s=0.000285800 second_order_s=0.000254300 algebra_s=0.001785900 kkt_assembly_s=0.000276000 factor_s=0.003100600 solve_s=0.002373300 update_s=0.000146000 K_nnz=5269 rhs_cols=1 Vxx_nnz=2601
FILTERDDP_FEASIBILITY iteration=32 barrier_iteration=4 equality_count=3372 equality_rms=7.015416611226e-03 equality_max=1.216942697160e-01 equality_worst_stage=5 equality_worst_index=509 dynamics_count=255 dynamics_rms=0.000000000000e+00 dynamics_max=0.000000000000e+00 dynamics_worst_stage=0 dynamics_worst_index=0 bound_count=4902 bound_rms=0.000000000000e+00 bound_max=0.000000000000e+00 bound_worst_stage=0 bound_worst_index=0 bound_worst_kind=none
    32   3.14625719e+03   1.2169e-01   4.9825e-04   3.0819e-05   -2.80      -     5.0000e-01   0
FILTERDDP_ITER_TIMING iteration=32 barrier_iteration=4 backward_s=0.043755800 forward_s=0.004019200 total_s=0.047775000 outcome=accepted step_size=5.000000000e-01 backtracks=0 mu=1.600000000e-03
FILTERDDP_TIMING iteration=33 barrier_iteration=4 stage=6 derivative_s=0.000391400 first_order_s=0.000159500 second_order_s=0.000197700 algebra_s=0.000968300 kkt_assembly_s=0.000243300 factor_s=0.002975900 solve_s=0.001602800 update_s=0.000194300 K_nnz=5269 rhs_cols=1 Vxx_nnz=2601
FILTERDDP_TIMING iteration=33 barrier_iteration=4 stage=5 derivative_s=0.000679800 first_order_s=0.000215000 second_order_s=0.000418500 algebra_s=0.001274800 kkt_assembly_s=0.000194300 factor_s=0.002056700 solve_s=0.002061900 update_s=0.000174500 K_nnz=5269 rhs_cols=1 Vxx_nnz=2601
FILTERDDP_TIMING iteration=33 barrier_iteration=4 stage=4 derivative_s=0.000737200 first_order_s=0.000272700 second_order_s=0.000418300 algebra_s=0.001340900 kkt_assembly_s=0.000200800 factor_s=0.002137300 solve_s=0.001877500 update_s=0.000180900 K_nnz=5269 rhs_cols=1 Vxx_nnz=2601
FILTERDDP_TIMING iteration=33 barrier_iteration=4 stage=3 derivative_s=0.000488800 first_order_s=0.000204500 second_order_s=0.000194800 algebra_s=0.001428200 kkt_assembly_s=0.000196500 factor_s=0.002089100 solve_s=0.001934300 update_s=0.000175500 K_nnz=5269 rhs_cols=1 Vxx_nnz=2601
FILTERDDP_TIMING iteration=33 barrier_iteration=4 stage=2 derivative_s=0.000319100 first_order_s=0.000150400 second_order_s=0.000136100 algebra_s=0.000856900 kkt_assembly_s=0.000210300 factor_s=0.001329900 solve_s=0.001362300 update_s=0.000383900 K_nnz=5269 rhs_cols=1 Vxx_nnz=2601
FILTERDDP_TIMING iteration=33 barrier_iteration=4 stage=1 derivative_s=0.000489000 first_order_s=0.000236100 second_order_s=0.000208700 algebra_s=0.001283100 kkt_assembly_s=0.000207900 factor_s=0.002057500 solve_s=0.002090800 update_s=0.000132400 K_nnz=5269 rhs_cols=1 Vxx_nnz=2601
FILTERDDP_FEASIBILITY iteration=33 barrier_iteration=4 equality_count=3372 equality_rms=3.718874195232e-03 equality_max=6.454394467467e-02 equality_worst_stage=5 equality_worst_index=509 dynamics_count=255 dynamics_rms=0.000000000000e+00 dynamics_max=0.000000000000e+00 dynamics_worst_stage=0 dynamics_worst_index=0 bound_count=4902 bound_rms=0.000000000000e+00 bound_max=0.000000000000e+00 bound_worst_stage=0 bound_worst_index=0 bound_worst_kind=none
    33   3.14592696e+03   6.4544e-02   1.8145e-04   1.5031e-05   -2.80      -     5.0000e-01   0
FILTERDDP_ITER_TIMING iteration=33 barrier_iteration=4 backward_s=0.036790200 forward_s=0.003350700 total_s=0.040140900 outcome=accepted step_size=5.000000000e-01 backtracks=0 mu=1.600000000e-03
FILTERDDP_TIMING iteration=34 barrier_iteration=4 stage=6 derivative_s=0.000318000 first_order_s=0.000119900 second_order_s=0.000167000 algebra_s=0.000734000 kkt_assembly_s=0.000135000 factor_s=0.001870500 solve_s=0.001933100 update_s=0.000183500 K_nnz=5269 rhs_cols=1 Vxx_nnz=2601
FILTERDDP_TIMING iteration=34 barrier_iteration=4 stage=5 derivative_s=0.000709900 first_order_s=0.000228400 second_order_s=0.000415500 algebra_s=0.001319300 kkt_assembly_s=0.000215800 factor_s=0.002314200 solve_s=0.002093400 update_s=0.000185600 K_nnz=5269 rhs_cols=1 Vxx_nnz=2601
FILTERDDP_TIMING iteration=34 barrier_iteration=4 stage=4 derivative_s=0.000665900 first_order_s=0.000203300 second_order_s=0.000401700 algebra_s=0.001294500 kkt_assembly_s=0.000209600 factor_s=0.002148900 solve_s=0.002198400 update_s=0.000178500 K_nnz=5269 rhs_cols=1 Vxx_nnz=2601
FILTERDDP_TIMING iteration=34 barrier_iteration=4 stage=3 derivative_s=0.000428500 first_order_s=0.000199300 second_order_s=0.000187900 algebra_s=0.001429400 kkt_assembly_s=0.000246300 factor_s=0.002273400 solve_s=0.001887900 update_s=0.000147300 K_nnz=5269 rhs_cols=1 Vxx_nnz=2601
FILTERDDP_TIMING iteration=34 barrier_iteration=4 stage=2 derivative_s=0.000366700 first_order_s=0.000154300 second_order_s=0.000173300 algebra_s=0.001144400 kkt_assembly_s=0.000155700 factor_s=0.001508100 solve_s=0.001356700 update_s=0.000282700 K_nnz=5269 rhs_cols=1 Vxx_nnz=2601
FILTERDDP_TIMING iteration=34 barrier_iteration=4 stage=1 derivative_s=0.000381400 first_order_s=0.000171800 second_order_s=0.000163200 algebra_s=0.001007800 kkt_assembly_s=0.000154400 factor_s=0.001641800 solve_s=0.001489800 update_s=0.000189100 K_nnz=5269 rhs_cols=1 Vxx_nnz=2601
FILTERDDP_FEASIBILITY iteration=34 barrier_iteration=4 equality_count=3372 equality_rms=1.916165639268e-03 equality_max=3.326727848290e-02 equality_worst_stage=5 equality_worst_index=509 dynamics_count=255 dynamics_rms=0.000000000000e+00 dynamics_max=0.000000000000e+00 dynamics_worst_stage=0 dynamics_worst_index=0 bound_count=4902 bound_rms=0.000000000000e+00 bound_max=0.000000000000e+00 bound_worst_stage=0 bound_worst_index=0 bound_worst_kind=none
    34   3.14576410e+03   3.3267e-02   5.9348e-05   7.3776e-06   -2.80      -     5.0000e-01   0
FILTERDDP_ITER_TIMING iteration=34 barrier_iteration=4 backward_s=0.035254100 forward_s=0.005727500 total_s=0.040981600 outcome=accepted step_size=5.000000000e-01 backtracks=0 mu=1.600000000e-03
FILTERDDP_TIMING iteration=35 barrier_iteration=4 stage=6 derivative_s=0.000842200 first_order_s=0.000298600 second_order_s=0.000481200 algebra_s=0.002176700 kkt_assembly_s=0.000301400 factor_s=0.001478400 solve_s=0.001245800 update_s=0.000186000 K_nnz=5269 rhs_cols=1 Vxx_nnz=2601
FILTERDDP_TIMING iteration=35 barrier_iteration=4 stage=5 derivative_s=0.000648100 first_order_s=0.000188400 second_order_s=0.000402200 algebra_s=0.001326500 kkt_assembly_s=0.000182000 factor_s=0.002020200 solve_s=0.001995800 update_s=0.000155000 K_nnz=5269 rhs_cols=1 Vxx_nnz=2601
FILTERDDP_TIMING iteration=35 barrier_iteration=4 stage=4 derivative_s=0.000375300 first_order_s=0.000179600 second_order_s=0.000161100 algebra_s=0.001300800 kkt_assembly_s=0.000174600 factor_s=0.001698800 solve_s=0.001468600 update_s=0.000176800 K_nnz=5269 rhs_cols=1 Vxx_nnz=2601
FILTERDDP_TIMING iteration=35 barrier_iteration=4 stage=3 derivative_s=0.000417700 first_order_s=0.000198700 second_order_s=0.000181400 algebra_s=0.001554600 kkt_assembly_s=0.000180900 factor_s=0.001840900 solve_s=0.001774000 update_s=0.000083600 K_nnz=5269 rhs_cols=1 Vxx_nnz=2601
FILTERDDP_TIMING iteration=35 barrier_iteration=4 stage=2 derivative_s=0.000305700 first_order_s=0.000199800 second_order_s=0.000086800 algebra_s=0.000623900 kkt_assembly_s=0.000097900 factor_s=0.000973400 solve_s=0.000812700 update_s=0.000177800 K_nnz=5269 rhs_cols=1 Vxx_nnz=2601
FILTERDDP_TIMING iteration=35 barrier_iteration=4 stage=1 derivative_s=0.000210000 first_order_s=0.000098100 second_order_s=0.000092500 algebra_s=0.000564500 kkt_assembly_s=0.000091900 factor_s=0.001012400 solve_s=0.000968500 update_s=0.000175800 K_nnz=5269 rhs_cols=1 Vxx_nnz=2601
FILTERDDP_FEASIBILITY iteration=35 barrier_iteration=4 equality_count=3372 equality_rms=9.727814904037e-04 equality_max=1.689173718746e-02 equality_worst_stage=5 equality_worst_index=509 dynamics_count=255 dynamics_rms=0.000000000000e+00 dynamics_max=0.000000000000e+00 dynamics_worst_stage=0 dynamics_worst_index=0 bound_count=4902 bound_rms=0.000000000000e+00 bound_max=0.000000000000e+00 bound_worst_stage=0 bound_worst_index=0 bound_worst_kind=none
    35   3.14568341e+03   1.6892e-02   1.8121e-05   3.6468e-06   -2.80      -     5.0000e-01   0
FILTERDDP_ITER_TIMING iteration=35 barrier_iteration=4 backward_s=0.030056600 forward_s=0.005278800 total_s=0.035335400 outcome=accepted step_size=5.000000000e-01 backtracks=0 mu=1.600000000e-03
FILTERDDP_TIMING iteration=36 barrier_iteration=4 stage=6 derivative_s=0.000367600 first_order_s=0.000142200 second_order_s=0.000189800 algebra_s=0.000833600 kkt_assembly_s=0.000124900 factor_s=0.001202900 solve_s=0.001244800 update_s=0.000269200 K_nnz=5269 rhs_cols=1 Vxx_nnz=2601
FILTERDDP_TIMING iteration=36 barrier_iteration=4 stage=5 derivative_s=0.000612800 first_order_s=0.000199000 second_order_s=0.000374500 algebra_s=0.001320500 kkt_assembly_s=0.000181700 factor_s=0.002187900 solve_s=0.001776800 update_s=0.000180900 K_nnz=5269 rhs_cols=1 Vxx_nnz=2601
FILTERDDP_TIMING iteration=36 barrier_iteration=4 stage=4 derivative_s=0.000444400 first_order_s=0.000192200 second_order_s=0.000197500 algebra_s=0.001527200 kkt_assembly_s=0.000285200 factor_s=0.002002200 solve_s=0.001834900 update_s=0.000167500 K_nnz=5269 rhs_cols=1 Vxx_nnz=2601
FILTERDDP_TIMING iteration=36 barrier_iteration=4 stage=3 derivative_s=0.000399400 first_order_s=0.000181400 second_order_s=0.000181000 algebra_s=0.001219200 kkt_assembly_s=0.000354200 factor_s=0.001832700 solve_s=0.001585000 update_s=0.000179700 K_nnz=5269 rhs_cols=1 Vxx_nnz=2601
FILTERDDP_TIMING iteration=36 barrier_iteration=4 stage=2 derivative_s=0.000451000 first_order_s=0.000209700 second_order_s=0.000185500 algebra_s=0.001546400 kkt_assembly_s=0.000197500 factor_s=0.002089400 solve_s=0.001840600 update_s=0.000134200 K_nnz=5269 rhs_cols=1 Vxx_nnz=2601
FILTERDDP_TIMING iteration=36 barrier_iteration=4 stage=1 derivative_s=0.000822000 first_order_s=0.000567300 second_order_s=0.000208300 algebra_s=0.001450000 kkt_assembly_s=0.000230600 factor_s=0.002039000 solve_s=0.002381400 update_s=0.000204100 K_nnz=5269 rhs_cols=1 Vxx_nnz=2601
FILTERDDP_FEASIBILITY iteration=36 barrier_iteration=4 equality_count=3372 equality_rms=4.901134293669e-04 equality_max=8.511204909716e-03 equality_worst_stage=5 equality_worst_index=509 dynamics_count=255 dynamics_rms=0.000000000000e+00 dynamics_max=0.000000000000e+00 dynamics_worst_stage=0 dynamics_worst_index=0 bound_count=4902 bound_rms=0.000000000000e+00 bound_max=0.000000000000e+00 bound_worst_stage=0 bound_worst_index=0 bound_worst_kind=none
FILTERDDP_ITER_TIMING iteration=36 barrier_iteration=4 backward_s=0.035933000 forward_s=0.000000000 total_s=0.035933000 outcome=barrier_update step_size=5.000000000e-01 backtracks=0 mu=1.600000000e-03
FILTERDDP_TIMING iteration=36 barrier_iteration=5 stage=6 derivative_s=0.001064900 first_order_s=0.000579100 second_order_s=0.000432000 algebra_s=0.001815700 kkt_assembly_s=0.000307800 factor_s=0.001992000 solve_s=0.001685000 update_s=0.000185400 K_nnz=5269 rhs_cols=1 Vxx_nnz=2601
FILTERDDP_TIMING iteration=36 barrier_iteration=5 stage=5 derivative_s=0.000489500 first_order_s=0.000207500 second_order_s=0.000225700 algebra_s=0.001632900 kkt_assembly_s=0.000253200 factor_s=0.002216100 solve_s=0.001883700 update_s=0.000177000 K_nnz=5269 rhs_cols=1 Vxx_nnz=2601
FILTERDDP_TIMING iteration=36 barrier_iteration=5 stage=4 derivative_s=0.000460100 first_order_s=0.000215300 second_order_s=0.000189100 algebra_s=0.001273200 kkt_assembly_s=0.000184800 factor_s=0.002112900 solve_s=0.001736400 update_s=0.000265500 K_nnz=5269 rhs_cols=1 Vxx_nnz=2601
FILTERDDP_TIMING iteration=36 barrier_iteration=5 stage=3 derivative_s=0.000329700 first_order_s=0.000149100 second_order_s=0.000150600 algebra_s=0.001034800 kkt_assembly_s=0.000142500 factor_s=0.001385500 solve_s=0.001443200 update_s=0.000176000 K_nnz=5269 rhs_cols=1 Vxx_nnz=2601
FILTERDDP_TIMING iteration=36 barrier_iteration=5 stage=2 derivative_s=0.000634900 first_order_s=0.000197600 second_order_s=0.000396600 algebra_s=0.001248300 kkt_assembly_s=0.000192800 factor_s=0.002023000 solve_s=0.002048300 update_s=0.000131600 K_nnz=5269 rhs_cols=1 Vxx_nnz=2601
FILTERDDP_TIMING iteration=36 barrier_iteration=5 stage=1 derivative_s=0.000450000 first_order_s=0.000144300 second_order_s=0.000274500 algebra_s=0.000849200 kkt_assembly_s=0.000193900 factor_s=0.001530600 solve_s=0.001647000 update_s=0.000178100 K_nnz=5269 rhs_cols=1 Vxx_nnz=2601
FILTERDDP_FEASIBILITY iteration=36 barrier_iteration=5 equality_count=3372 equality_rms=4.901134293669e-04 equality_max=8.511204909716e-03 equality_worst_stage=5 equality_worst_index=509 dynamics_count=255 dynamics_rms=0.000000000000e+00 dynamics_max=0.000000000000e+00 dynamics_worst_stage=0 dynamics_worst_index=0 bound_count=4902 bound_rms=0.000000000000e+00 bound_max=0.000000000000e+00 bound_worst_stage=0 bound_worst_index=0 bound_worst_kind=none
    36   3.14564331e+03   8.5112e-03   5.2917e-06   1.8118e-06   -3.49      -     5.0000e-01   0
FILTERDDP_ITER_TIMING iteration=36 barrier_iteration=5 backward_s=0.035855500 forward_s=0.005123300 total_s=0.040978800 outcome=accepted step_size=5.000000000e-01 backtracks=0 mu=3.200000000e-04
FILTERDDP_TIMING iteration=37 barrier_iteration=5 stage=6 derivative_s=0.000689300 first_order_s=0.000369500 second_order_s=0.000279900 algebra_s=0.001711300 kkt_assembly_s=0.000252100 factor_s=0.001999400 solve_s=0.002219600 update_s=0.000182200 K_nnz=5269 rhs_cols=1 Vxx_nnz=2601
FILTERDDP_TIMING iteration=37 barrier_iteration=5 stage=5 derivative_s=0.000485700 first_order_s=0.000212600 second_order_s=0.000215100 algebra_s=0.001490100 kkt_assembly_s=0.000206900 factor_s=0.002299700 solve_s=0.002048600 update_s=0.000177900 K_nnz=5269 rhs_cols=1 Vxx_nnz=2601
FILTERDDP_TIMING iteration=37 barrier_iteration=5 stage=4 derivative_s=0.000484800 first_order_s=0.000223300 second_order_s=0.000216400 algebra_s=0.001276300 kkt_assembly_s=0.000200200 factor_s=0.002283600 solve_s=0.002113600 update_s=0.000362500 K_nnz=5269 rhs_cols=1 Vxx_nnz=2601
FILTERDDP_TIMING iteration=37 barrier_iteration=5 stage=3 derivative_s=0.000493500 first_order_s=0.000233800 second_order_s=0.000218400 algebra_s=0.001509600 kkt_assembly_s=0.000195400 factor_s=0.002153500 solve_s=0.002083800 update_s=0.000295600 K_nnz=5269 rhs_cols=1 Vxx_nnz=2601
FILTERDDP_TIMING iteration=37 barrier_iteration=5 stage=2 derivative_s=0.000911600 first_order_s=0.000411500 second_order_s=0.000455900 algebra_s=0.001294500 kkt_assembly_s=0.000197100 factor_s=0.002166900 solve_s=0.002430600 update_s=0.000187100 K_nnz=5269 rhs_cols=1 Vxx_nnz=2601
FILTERDDP_TIMING iteration=37 barrier_iteration=5 stage=1 derivative_s=0.000555000 first_order_s=0.000230600 second_order_s=0.000280600 algebra_s=0.002053300 kkt_assembly_s=0.000269000 factor_s=0.002158000 solve_s=0.002293900 update_s=0.000273300 K_nnz=5269 rhs_cols=1 Vxx_nnz=2601
FILTERDDP_FEASIBILITY iteration=37 barrier_iteration=5 equality_count=3372 equality_rms=2.203670439955e-03 equality_max=3.883798750604e-02 equality_worst_stage=5 equality_worst_index=509 dynamics_count=255 dynamics_rms=0.000000000000e+00 dynamics_max=0.000000000000e+00 dynamics_worst_stage=0 dynamics_worst_index=0 bound_count=4902 bound_rms=0.000000000000e+00 bound_max=0.000000000000e+00 bound_worst_stage=0 bound_worst_index=0 bound_worst_kind=none
    37   3.14455743e+03   3.8838e-02   1.7675e-05   9.6613e-07   -3.49      -     5.0000e-01   0
FILTERDDP_ITER_TIMING iteration=37 barrier_iteration=5 backward_s=0.042535500 forward_s=0.005749200 total_s=0.048284700 outcome=accepted step_size=5.000000000e-01 backtracks=0 mu=3.200000000e-04
FILTERDDP_TIMING iteration=38 barrier_iteration=5 stage=6 derivative_s=0.000926900 first_order_s=0.000208900 second_order_s=0.000658300 algebra_s=0.001443500 kkt_assembly_s=0.000213600 factor_s=0.002274200 solve_s=0.001882100 update_s=0.000197100 K_nnz=5269 rhs_cols=1 Vxx_nnz=2601
FILTERDDP_TIMING iteration=38 barrier_iteration=5 stage=5 derivative_s=0.000465700 first_order_s=0.000215600 second_order_s=0.000205900 algebra_s=0.001487500 kkt_assembly_s=0.000191600 factor_s=0.002158200 solve_s=0.002435300 update_s=0.000196900 K_nnz=5269 rhs_cols=1 Vxx_nnz=2601
FILTERDDP_TIMING iteration=38 barrier_iteration=5 stage=4 derivative_s=0.000740700 first_order_s=0.000480000 second_order_s=0.000216400 algebra_s=0.001332900 kkt_assembly_s=0.000206600 factor_s=0.002693900 solve_s=0.002319200 update_s=0.000376800 K_nnz=5269 rhs_cols=1 Vxx_nnz=2601
FILTERDDP_TIMING iteration=38 barrier_iteration=5 stage=3 derivative_s=0.000583500 first_order_s=0.000250300 second_order_s=0.000289500 algebra_s=0.001954200 kkt_assembly_s=0.000237700 factor_s=0.002065100 solve_s=0.002126900 update_s=0.000192500 K_nnz=5269 rhs_cols=1 Vxx_nnz=2601
FILTERDDP_TIMING iteration=38 barrier_iteration=5 stage=2 derivative_s=0.000667800 first_order_s=0.000213500 second_order_s=0.000394300 algebra_s=0.001802400 kkt_assembly_s=0.000209000 factor_s=0.002242300 solve_s=0.002212100 update_s=0.000196200 K_nnz=5269 rhs_cols=1 Vxx_nnz=2601
FILTERDDP_TIMING iteration=38 barrier_iteration=5 stage=1 derivative_s=0.000489600 first_order_s=0.000222700 second_order_s=0.000206600 algebra_s=0.001490400 kkt_assembly_s=0.000206600 factor_s=0.002105000 solve_s=0.002186200 update_s=0.000182800 K_nnz=5269 rhs_cols=1 Vxx_nnz=2601
FILTERDDP_FEASIBILITY iteration=38 barrier_iteration=5 equality_count=3372 equality_rms=1.728986151387e-03 equality_max=3.062630408677e-02 equality_worst_stage=5 equality_worst_index=509 dynamics_count=255 dynamics_rms=0.000000000000e+00 dynamics_max=0.000000000000e+00 dynamics_worst_stage=0 dynamics_worst_index=0 bound_count=4902 bound_rms=0.000000000000e+00 bound_max=0.000000000000e+00 bound_worst_stage=0 bound_worst_index=0 bound_worst_kind=none
    38   3.14404113e+03   3.0626e-02   1.4689e-05   4.9671e-07   -3.49      -     5.0000e-01   0
FILTERDDP_ITER_TIMING iteration=38 barrier_iteration=5 backward_s=0.043232200 forward_s=0.005629600 total_s=0.048861800 outcome=accepted step_size=5.000000000e-01 backtracks=0 mu=3.200000000e-04
FILTERDDP_TIMING iteration=39 barrier_iteration=5 stage=6 derivative_s=0.000528900 first_order_s=0.000198800 second_order_s=0.000272900 algebra_s=0.030450400 kkt_assembly_s=0.000091500 factor_s=0.001209300 solve_s=0.000919300 update_s=0.000119700 K_nnz=5269 rhs_cols=1 Vxx_nnz=2601
FILTERDDP_TIMING iteration=39 barrier_iteration=5 stage=5 derivative_s=0.000302500 first_order_s=0.000150300 second_order_s=0.000107800 algebra_s=0.000684600 kkt_assembly_s=0.000150600 factor_s=0.001933300 solve_s=0.001609700 update_s=0.000148500 K_nnz=5269 rhs_cols=1 Vxx_nnz=2601
FILTERDDP_TIMING iteration=39 barrier_iteration=5 stage=4 derivative_s=0.000297100 first_order_s=0.000147700 second_order_s=0.000107600 algebra_s=0.000722700 kkt_assembly_s=0.000144000 factor_s=0.001848100 solve_s=0.001823000 update_s=0.000110600 K_nnz=5269 rhs_cols=1 Vxx_nnz=2601
FILTERDDP_TIMING iteration=39 barrier_iteration=5 stage=3 derivative_s=0.000291800 first_order_s=0.000145600 second_order_s=0.000104600 algebra_s=0.000736600 kkt_assembly_s=0.000137700 factor_s=0.001893300 solve_s=0.001522400 update_s=0.000110200 K_nnz=5269 rhs_cols=1 Vxx_nnz=2601
FILTERDDP_TIMING iteration=39 barrier_iteration=5 stage=2 derivative_s=0.000332800 first_order_s=0.000150900 second_order_s=0.000140700 algebra_s=0.001123000 kkt_assembly_s=0.000147600 factor_s=0.001853500 solve_s=0.001621500 update_s=0.000116700 K_nnz=5269 rhs_cols=1 Vxx_nnz=2601
FILTERDDP_TIMING iteration=39 barrier_iteration=5 stage=1 derivative_s=0.000322200 first_order_s=0.000171100 second_order_s=0.000108300 algebra_s=0.001121200 kkt_assembly_s=0.000163400 factor_s=0.001874500 solve_s=0.001592200 update_s=0.000112200 K_nnz=5269 rhs_cols=1 Vxx_nnz=2601
FILTERDDP_FEASIBILITY iteration=39 barrier_iteration=5 equality_count=3372 equality_rms=1.055912621848e-03 equality_max=1.880371873525e-02 equality_worst_stage=5 equality_worst_index=509 dynamics_count=255 dynamics_rms=0.000000000000e+00 dynamics_max=0.000000000000e+00 dynamics_worst_stage=0 dynamics_worst_index=0 bound_count=4902 bound_rms=0.000000000000e+00 bound_max=0.000000000000e+00 bound_worst_stage=0 bound_worst_index=0 bound_worst_kind=none
    39   3.14379553e+03   1.8804e-02   8.3827e-06   2.4691e-07   -3.49      -     5.0000e-01   0
FILTERDDP_ITER_TIMING iteration=39 barrier_iteration=5 backward_s=0.058677300 forward_s=0.003711600 total_s=0.062388900 outcome=accepted step_size=5.000000000e-01 backtracks=0 mu=3.200000000e-04
FILTERDDP_TIMING iteration=40 barrier_iteration=5 stage=6 derivative_s=0.000299100 first_order_s=0.000126800 second_order_s=0.000131100 algebra_s=0.000798700 kkt_assembly_s=0.000140100 factor_s=0.000999100 solve_s=0.000789200 update_s=0.000161100 K_nnz=5269 rhs_cols=1 Vxx_nnz=2601
FILTERDDP_TIMING iteration=40 barrier_iteration=5 stage=5 derivative_s=0.000451200 first_order_s=0.000232400 second_order_s=0.000139600 algebra_s=0.000761100 kkt_assembly_s=0.000170200 factor_s=0.001846200 solve_s=0.001617200 update_s=0.000107700 K_nnz=5269 rhs_cols=1 Vxx_nnz=2601
FILTERDDP_TIMING iteration=40 barrier_iteration=5 stage=4 derivative_s=0.000333100 first_order_s=0.000172100 second_order_s=0.000111000 algebra_s=0.000717400 kkt_assembly_s=0.000122100 factor_s=0.001620200 solve_s=0.001456000 update_s=0.000121200 K_nnz=5269 rhs_cols=1 Vxx_nnz=2601
FILTERDDP_TIMING iteration=40 barrier_iteration=5 stage=3 derivative_s=0.000366500 first_order_s=0.000181400 second_order_s=0.000136700 algebra_s=0.000746600 kkt_assembly_s=0.000135400 factor_s=0.002396100 solve_s=0.001759100 update_s=0.000104300 K_nnz=5269 rhs_cols=1 Vxx_nnz=2601
FILTERDDP_TIMING iteration=40 barrier_iteration=5 stage=2 derivative_s=0.000292300 first_order_s=0.000141600 second_order_s=0.000112600 algebra_s=0.000662700 kkt_assembly_s=0.000126300 factor_s=0.001830300 solve_s=0.001487400 update_s=0.000096600 K_nnz=5269 rhs_cols=1 Vxx_nnz=2601
FILTERDDP_TIMING iteration=40 barrier_iteration=5 stage=1 derivative_s=0.000264900 first_order_s=0.000131200 second_order_s=0.000097200 algebra_s=0.000680600 kkt_assembly_s=0.000126400 factor_s=0.001699900 solve_s=0.001677800 update_s=0.000102100 K_nnz=5269 rhs_cols=1 Vxx_nnz=2601
FILTERDDP_FEASIBILITY iteration=40 barrier_iteration=5 equality_count=3372 equality_rms=5.833635710567e-04 equality_max=1.043429868529e-02 equality_worst_stage=5 equality_worst_index=509 dynamics_count=255 dynamics_rms=0.000000000000e+00 dynamics_max=0.000000000000e+00 dynamics_worst_stage=0 dynamics_worst_index=0 bound_count=4902 bound_rms=0.000000000000e+00 bound_max=0.000000000000e+00 bound_worst_stage=0 bound_worst_index=0 bound_worst_kind=none
  iter     objective        pr_inf       du_inf       cs_inf     lg(μ)   lg(reg)    alpha     ls
    40   3.14367755e+03   1.0434e-02   3.7787e-06   1.2053e-07   -3.49      -     5.0000e-01   0
FILTERDDP_ITER_TIMING iteration=40 barrier_iteration=5 backward_s=0.027524800 forward_s=0.003743800 total_s=0.031268600 outcome=accepted step_size=5.000000000e-01 backtracks=0 mu=3.200000000e-04
FILTERDDP_TIMING iteration=41 barrier_iteration=5 stage=6 derivative_s=0.000318200 first_order_s=0.000124200 second_order_s=0.000154700 algebra_s=0.000880600 kkt_assembly_s=0.000136400 factor_s=0.001190000 solve_s=0.000908800 update_s=0.000105100 K_nnz=5269 rhs_cols=1 Vxx_nnz=2601
FILTERDDP_TIMING iteration=41 barrier_iteration=5 stage=5 derivative_s=0.000280700 first_order_s=0.000142000 second_order_s=0.000100100 algebra_s=0.000760700 kkt_assembly_s=0.000139000 factor_s=0.001881900 solve_s=0.001646000 update_s=0.000163700 K_nnz=5269 rhs_cols=1 Vxx_nnz=2601
FILTERDDP_TIMING iteration=41 barrier_iteration=5 stage=4 derivative_s=0.000464000 first_order_s=0.000247400 second_order_s=0.000143800 algebra_s=0.001001200 kkt_assembly_s=0.000183000 factor_s=0.002784400 solve_s=0.002078600 update_s=0.000107000 K_nnz=5269 rhs_cols=1 Vxx_nnz=2601
FILTERDDP_TIMING iteration=41 barrier_iteration=5 stage=3 derivative_s=0.000326200 first_order_s=0.000141400 second_order_s=0.000143600 algebra_s=0.000739200 kkt_assembly_s=0.000132700 factor_s=0.001921200 solve_s=0.001559700 update_s=0.000127300 K_nnz=5269 rhs_cols=1 Vxx_nnz=2601
FILTERDDP_TIMING iteration=41 barrier_iteration=5 stage=2 derivative_s=0.000307300 first_order_s=0.000144800 second_order_s=0.000124100 algebra_s=0.000792300 kkt_assembly_s=0.000133200 factor_s=0.001985600 solve_s=0.001505700 update_s=0.000104000 K_nnz=5269 rhs_cols=1 Vxx_nnz=2601
FILTERDDP_TIMING iteration=41 barrier_iteration=5 stage=1 derivative_s=0.000282100 first_order_s=0.000140900 second_order_s=0.000102400 algebra_s=0.000769100 kkt_assembly_s=0.000163100 factor_s=0.001828500 solve_s=0.001829800 update_s=0.000113600 K_nnz=5269 rhs_cols=1 Vxx_nnz=2601
FILTERDDP_FEASIBILITY iteration=41 barrier_iteration=5 equality_count=3372 equality_rms=3.069537399952e-04 equality_max=5.506014537090e-03 equality_worst_stage=5 equality_worst_index=509 dynamics_count=255 dynamics_rms=0.000000000000e+00 dynamics_max=0.000000000000e+00 dynamics_worst_stage=0 dynamics_worst_index=0 bound_count=4902 bound_rms=0.000000000000e+00 bound_max=0.000000000000e+00 bound_worst_stage=0 bound_worst_index=0 bound_worst_kind=none
    41   3.14362014e+03   5.5060e-03   1.4466e-06   5.8756e-08   -3.49      -     5.0000e-01   0
FILTERDDP_ITER_TIMING iteration=41 barrier_iteration=5 backward_s=0.030127800 forward_s=0.004377200 total_s=0.034505000 outcome=accepted step_size=5.000000000e-01 backtracks=0 mu=3.200000000e-04
FILTERDDP_TIMING iteration=42 barrier_iteration=5 stage=6 derivative_s=0.000293700 first_order_s=0.000137000 second_order_s=0.000106500 algebra_s=0.000870900 kkt_assembly_s=0.000275500 factor_s=0.002349200 solve_s=0.001745200 update_s=0.000125100 K_nnz=5269 rhs_cols=1 Vxx_nnz=2601
FILTERDDP_TIMING iteration=42 barrier_iteration=5 stage=5 derivative_s=0.000338000 first_order_s=0.000154800 second_order_s=0.000128100 algebra_s=0.000774400 kkt_assembly_s=0.000136900 factor_s=0.001840600 solve_s=0.001450500 update_s=0.000120800 K_nnz=5269 rhs_cols=1 Vxx_nnz=2601
FILTERDDP_TIMING iteration=42 barrier_iteration=5 stage=4 derivative_s=0.000305400 first_order_s=0.000143100 second_order_s=0.000121800 algebra_s=0.000740800 kkt_assembly_s=0.000134400 factor_s=0.001834900 solve_s=0.001471800 update_s=0.000099700 K_nnz=5269 rhs_cols=1 Vxx_nnz=2601
FILTERDDP_TIMING iteration=42 barrier_iteration=5 stage=3 derivative_s=0.000299300 first_order_s=0.000161800 second_order_s=0.000098500 algebra_s=0.000732100 kkt_assembly_s=0.000180400 factor_s=0.001903800 solve_s=0.001459600 update_s=0.000098200 K_nnz=5269 rhs_cols=1 Vxx_nnz=2601
FILTERDDP_TIMING iteration=42 barrier_iteration=5 stage=2 derivative_s=0.000290900 first_order_s=0.000138900 second_order_s=0.000112100 algebra_s=0.000765100 kkt_assembly_s=0.000124100 factor_s=0.001683100 solve_s=0.001357100 update_s=0.000097400 K_nnz=5269 rhs_cols=1 Vxx_nnz=2601
FILTERDDP_TIMING iteration=42 barrier_iteration=5 stage=1 derivative_s=0.000263700 first_order_s=0.000132100 second_order_s=0.000095300 algebra_s=0.000696100 kkt_assembly_s=0.000131700 factor_s=0.001766400 solve_s=0.001488800 update_s=0.000151300 K_nnz=5269 rhs_cols=1 Vxx_nnz=2601
FILTERDDP_FEASIBILITY iteration=42 barrier_iteration=5 equality_count=3372 equality_rms=1.575212879161e-04 equality_max=2.830093371049e-03 equality_worst_stage=5 equality_worst_index=509 dynamics_count=255 dynamics_rms=0.000000000000e+00 dynamics_max=0.000000000000e+00 dynamics_worst_stage=0 dynamics_worst_index=0 bound_count=4902 bound_rms=0.000000000000e+00 bound_max=0.000000000000e+00 bound_worst_stage=0 bound_worst_index=0 bound_worst_kind=none
FILTERDDP_ITER_TIMING iteration=42 barrier_iteration=5 backward_s=0.028813300 forward_s=0.000000000 total_s=0.028813300 outcome=barrier_update step_size=5.000000000e-01 backtracks=0 mu=3.200000000e-04
FILTERDDP_TIMING iteration=42 barrier_iteration=6 stage=6 derivative_s=0.000313900 first_order_s=0.000154900 second_order_s=0.000121400 algebra_s=0.000790600 kkt_assembly_s=0.000164500 factor_s=0.001892900 solve_s=0.001567800 update_s=0.000101500 K_nnz=5269 rhs_cols=1 Vxx_nnz=2601
FILTERDDP_TIMING iteration=42 barrier_iteration=6 stage=5 derivative_s=0.000299700 first_order_s=0.000139800 second_order_s=0.000119800 algebra_s=0.000736100 kkt_assembly_s=0.000132000 factor_s=0.001901500 solve_s=0.001556700 update_s=0.000107000 K_nnz=5269 rhs_cols=1 Vxx_nnz=2601
FILTERDDP_TIMING iteration=42 barrier_iteration=6 stage=4 derivative_s=0.000305200 first_order_s=0.000142100 second_order_s=0.000119600 algebra_s=0.000715200 kkt_assembly_s=0.000130500 factor_s=0.001861600 solve_s=0.001906200 update_s=0.000124800 K_nnz=5269 rhs_cols=1 Vxx_nnz=2601
FILTERDDP_TIMING iteration=42 barrier_iteration=6 stage=3 derivative_s=0.000386800 first_order_s=0.000204200 second_order_s=0.000127000 algebra_s=0.000782000 kkt_assembly_s=0.000153300 factor_s=0.001848500 solve_s=0.001392200 update_s=0.000092200 K_nnz=5269 rhs_cols=1 Vxx_nnz=2601
FILTERDDP_TIMING iteration=42 barrier_iteration=6 stage=2 derivative_s=0.000262500 first_order_s=0.000132200 second_order_s=0.000093600 algebra_s=0.000682000 kkt_assembly_s=0.000122500 factor_s=0.001740400 solve_s=0.001256400 update_s=0.000102000 K_nnz=5269 rhs_cols=1 Vxx_nnz=2601
FILTERDDP_TIMING iteration=42 barrier_iteration=6 stage=1 derivative_s=0.000244100 first_order_s=0.000122800 second_order_s=0.000088000 algebra_s=0.000635200 kkt_assembly_s=0.000113600 factor_s=0.001557600 solve_s=0.001360900 update_s=0.000198900 K_nnz=5269 rhs_cols=1 Vxx_nnz=2601
FILTERDDP_FEASIBILITY iteration=42 barrier_iteration=6 equality_count=3372 equality_rms=1.575212879161e-04 equality_max=2.830093371049e-03 equality_worst_stage=5 equality_worst_index=509 dynamics_count=255 dynamics_rms=0.000000000000e+00 dynamics_max=0.000000000000e+00 dynamics_worst_stage=0 dynamics_worst_index=0 bound_count=4902 bound_rms=0.000000000000e+00 bound_max=0.000000000000e+00 bound_worst_stage=0 bound_worst_index=0 bound_worst_kind=none
    42   3.14359189e+03   2.8301e-03   4.9570e-07   2.8830e-08   -4.19      -     5.0000e-01   0
FILTERDDP_ITER_TIMING iteration=42 barrier_iteration=6 backward_s=0.027948400 forward_s=0.003036300 total_s=0.030984700 outcome=accepted step_size=5.000000000e-01 backtracks=0 mu=6.400000000e-05
FILTERDDP_TIMING iteration=43 barrier_iteration=6 stage=6 derivative_s=0.000351800 first_order_s=0.000180500 second_order_s=0.000131600 algebra_s=0.000680700 kkt_assembly_s=0.000141200 factor_s=0.002293300 solve_s=0.002121000 update_s=0.000155900 K_nnz=5269 rhs_cols=1 Vxx_nnz=2601
FILTERDDP_TIMING iteration=43 barrier_iteration=6 stage=5 derivative_s=0.000517000 first_order_s=0.000214700 second_order_s=0.000229800 algebra_s=0.001027100 kkt_assembly_s=0.000161200 factor_s=0.002024400 solve_s=0.001462800 update_s=0.000104100 K_nnz=5269 rhs_cols=1 Vxx_nnz=2601
FILTERDDP_TIMING iteration=43 barrier_iteration=6 stage=4 derivative_s=0.000347000 first_order_s=0.000150400 second_order_s=0.000154100 algebra_s=0.000780300 kkt_assembly_s=0.000134900 factor_s=0.001842300 solve_s=0.001474200 update_s=0.000080000 K_nnz=5269 rhs_cols=1 Vxx_nnz=2601
FILTERDDP_TIMING iteration=43 barrier_iteration=6 stage=3 derivative_s=0.000193500 first_order_s=0.000098100 second_order_s=0.000068900 algebra_s=0.000494400 kkt_assembly_s=0.000088600 factor_s=0.001095600 solve_s=0.000966900 update_s=0.000107100 K_nnz=5269 rhs_cols=1 Vxx_nnz=2601
FILTERDDP_TIMING iteration=43 barrier_iteration=6 stage=2 derivative_s=0.000285700 first_order_s=0.000142400 second_order_s=0.000103700 algebra_s=0.000771800 kkt_assembly_s=0.000157900 factor_s=0.001856700 solve_s=0.001408800 update_s=0.000123900 K_nnz=5269 rhs_cols=1 Vxx_nnz=2601
FILTERDDP_TIMING iteration=43 barrier_iteration=6 stage=1 derivative_s=0.000202800 first_order_s=0.000099400 second_order_s=0.000078000 algebra_s=0.000479000 kkt_assembly_s=0.000092200 factor_s=0.001075600 solve_s=0.001001600 update_s=0.000098000 K_nnz=5269 rhs_cols=1 Vxx_nnz=2601
FILTERDDP_FEASIBILITY iteration=43 barrier_iteration=6 equality_count=3372 equality_rms=2.347516157428e-04 equality_max=4.340541997326e-03 equality_worst_stage=5 equality_worst_index=509 dynamics_count=255 dynamics_rms=0.000000000000e+00 dynamics_max=0.000000000000e+00 dynamics_worst_stage=0 dynamics_worst_index=0 bound_count=4902 bound_rms=0.000000000000e+00 bound_max=0.000000000000e+00 bound_worst_stage=0 bound_worst_index=0 bound_worst_kind=none
    43   3.14338778e+03   4.3405e-03   7.5837e-07   1.5370e-08   -4.19      -     5.0000e-01   0
FILTERDDP_ITER_TIMING iteration=43 barrier_iteration=6 backward_s=0.026567600 forward_s=0.002321800 total_s=0.028889400 outcome=accepted step_size=5.000000000e-01 backtracks=0 mu=6.400000000e-05
FILTERDDP_TIMING iteration=44 barrier_iteration=6 stage=6 derivative_s=0.000193700 first_order_s=0.000080900 second_order_s=0.000087800 algebra_s=0.000475900 kkt_assembly_s=0.000086100 factor_s=0.001075900 solve_s=0.001082400 update_s=0.000079100 K_nnz=5269 rhs_cols=1 Vxx_nnz=2601
FILTERDDP_TIMING iteration=44 barrier_iteration=6 stage=5 derivative_s=0.000199000 first_order_s=0.000094100 second_order_s=0.000079200 algebra_s=0.000432700 kkt_assembly_s=0.000095600 factor_s=0.001111600 solve_s=0.000970600 update_s=0.000104300 K_nnz=5269 rhs_cols=1 Vxx_nnz=2601
FILTERDDP_TIMING iteration=44 barrier_iteration=6 stage=4 derivative_s=0.000311200 first_order_s=0.000142800 second_order_s=0.000129600 algebra_s=0.000893000 kkt_assembly_s=0.000218000 factor_s=0.001902200 solve_s=0.002016700 update_s=0.000108300 K_nnz=5269 rhs_cols=1 Vxx_nnz=2601
FILTERDDP_TIMING iteration=44 barrier_iteration=6 stage=3 derivative_s=0.000335400 first_order_s=0.000155800 second_order_s=0.000124000 algebra_s=0.001036400 kkt_assembly_s=0.000178700 factor_s=0.002023600 solve_s=0.001572500 update_s=0.000097900 K_nnz=5269 rhs_cols=1 Vxx_nnz=2601
FILTERDDP_TIMING iteration=44 barrier_iteration=6 stage=2 derivative_s=0.000277600 first_order_s=0.000139600 second_order_s=0.000099900 algebra_s=0.000794100 kkt_assembly_s=0.000131200 factor_s=0.001826600 solve_s=0.001566600 update_s=0.000108600 K_nnz=5269 rhs_cols=1 Vxx_nnz=2601
FILTERDDP_TIMING iteration=44 barrier_iteration=6 stage=1 derivative_s=0.000233100 first_order_s=0.000120600 second_order_s=0.000081200 algebra_s=0.000559800 kkt_assembly_s=0.000108400 factor_s=0.001624100 solve_s=0.001573300 update_s=0.000145200 K_nnz=5269 rhs_cols=1 Vxx_nnz=2601
FILTERDDP_FEASIBILITY iteration=44 barrier_iteration=6 equality_count=3372 equality_rms=1.644583881628e-04 equality_max=3.068090538972e-03 equality_worst_stage=5 equality_worst_index=509 dynamics_count=255 dynamics_rms=0.000000000000e+00 dynamics_max=0.000000000000e+00 dynamics_worst_stage=0 dynamics_worst_index=0 bound_count=4902 bound_rms=0.000000000000e+00 bound_max=0.000000000000e+00 bound_worst_stage=0 bound_worst_index=0 bound_worst_kind=none
    44   3.14329129e+03   3.0681e-03   5.4858e-07   7.8966e-09   -4.19      -     5.0000e-01   0
FILTERDDP_ITER_TIMING iteration=44 barrier_iteration=6 backward_s=0.025951500 forward_s=0.003887700 total_s=0.029839200 outcome=accepted step_size=5.000000000e-01 backtracks=0 mu=6.400000000e-05
FILTERDDP_TIMING iteration=45 barrier_iteration=6 stage=6 derivative_s=0.000298500 first_order_s=0.000128000 second_order_s=0.000131600 algebra_s=0.000778400 kkt_assembly_s=0.000282000 factor_s=0.001858200 solve_s=0.001480400 update_s=0.000098800 K_nnz=5269 rhs_cols=1 Vxx_nnz=2601
FILTERDDP_TIMING iteration=45 barrier_iteration=6 stage=5 derivative_s=0.000306800 first_order_s=0.000139400 second_order_s=0.000128600 algebra_s=0.000725100 kkt_assembly_s=0.000130000 factor_s=0.001996600 solve_s=0.001508600 update_s=0.000121600 K_nnz=5269 rhs_cols=1 Vxx_nnz=2601
FILTERDDP_TIMING iteration=45 barrier_iteration=6 stage=4 derivative_s=0.000293600 first_order_s=0.000138100 second_order_s=0.000117200 algebra_s=0.000746900 kkt_assembly_s=0.000130800 factor_s=0.001819100 solve_s=0.001504300 update_s=0.000111200 K_nnz=5269 rhs_cols=1 Vxx_nnz=2601
FILTERDDP_TIMING iteration=45 barrier_iteration=6 stage=3 derivative_s=0.000290100 first_order_s=0.000138400 second_order_s=0.000112600 algebra_s=0.000736300 kkt_assembly_s=0.000144400 factor_s=0.001836200 solve_s=0.001820300 update_s=0.000096700 K_nnz=5269 rhs_cols=1 Vxx_nnz=2601
FILTERDDP_TIMING iteration=45 barrier_iteration=6 stage=2 derivative_s=0.000286700 first_order_s=0.000136600 second_order_s=0.000112400 algebra_s=0.000732200 kkt_assembly_s=0.000153900 factor_s=0.001822500 solve_s=0.001740600 update_s=0.000096000 K_nnz=5269 rhs_cols=1 Vxx_nnz=2601
FILTERDDP_TIMING iteration=45 barrier_iteration=6 stage=1 derivative_s=0.000313800 first_order_s=0.000162900 second_order_s=0.000111800 algebra_s=0.000746300 kkt_assembly_s=0.000126900 factor_s=0.001801000 solve_s=0.001585400 update_s=0.000124700 K_nnz=5269 rhs_cols=1 Vxx_nnz=2601
FILTERDDP_FEASIBILITY iteration=45 barrier_iteration=6 equality_count=3372 equality_rms=9.566138362228e-05 equality_max=1.790133546079e-03 equality_worst_stage=5 equality_worst_index=509 dynamics_count=255 dynamics_rms=0.000000000000e+00 dynamics_max=0.000000000000e+00 dynamics_worst_stage=0 dynamics_worst_index=0 bound_count=4902 bound_rms=0.000000000000e+00 bound_max=0.000000000000e+00 bound_worst_stage=0 bound_worst_index=0 bound_worst_kind=none
    45   3.14324501e+03   1.7901e-03   2.8499e-07   3.9178e-09   -4.19      -     5.0000e-01   0
FILTERDDP_ITER_TIMING iteration=45 barrier_iteration=6 backward_s=0.029152300 forward_s=0.003775000 total_s=0.032927300 outcome=accepted step_size=5.000000000e-01 backtracks=0 mu=6.400000000e-05
FILTERDDP_TIMING iteration=46 barrier_iteration=6 stage=6 derivative_s=0.000325500 first_order_s=0.000122100 second_order_s=0.000165000 algebra_s=0.000801200 kkt_assembly_s=0.000128100 factor_s=0.002129400 solve_s=0.001492700 update_s=0.000095300 K_nnz=5269 rhs_cols=1 Vxx_nnz=2601
FILTERDDP_TIMING iteration=46 barrier_iteration=6 stage=5 derivative_s=0.000349900 first_order_s=0.000159100 second_order_s=0.000103600 algebra_s=0.000736800 kkt_assembly_s=0.000128300 factor_s=0.002154200 solve_s=0.001886700 update_s=0.000098300 K_nnz=5269 rhs_cols=1 Vxx_nnz=2601
FILTERDDP_TIMING iteration=46 barrier_iteration=6 stage=4 derivative_s=0.000275500 first_order_s=0.000135300 second_order_s=0.000102600 algebra_s=0.017914400 kkt_assembly_s=0.000174300 factor_s=0.001897100 solve_s=0.001525700 update_s=0.000106300 K_nnz=5269 rhs_cols=1 Vxx_nnz=2601
FILTERDDP_TIMING iteration=46 barrier_iteration=6 stage=3 derivative_s=0.000282700 first_order_s=0.000140100 second_order_s=0.000100800 algebra_s=0.000907800 kkt_assembly_s=0.000180600 factor_s=0.002488000 solve_s=0.002229600 update_s=0.000119700 K_nnz=5269 rhs_cols=1 Vxx_nnz=2601
FILTERDDP_TIMING iteration=46 barrier_iteration=6 stage=2 derivative_s=0.000281700 first_order_s=0.000141900 second_order_s=0.000098800 algebra_s=0.000719500 kkt_assembly_s=0.000131400 factor_s=0.001836700 solve_s=0.001700000 update_s=0.000112000 K_nnz=5269 rhs_cols=1 Vxx_nnz=2601
FILTERDDP_TIMING iteration=46 barrier_iteration=6 stage=1 derivative_s=0.000283600 first_order_s=0.000140500 second_order_s=0.000102400 algebra_s=0.000791700 kkt_assembly_s=0.000143200 factor_s=0.001807800 solve_s=0.001813400 update_s=0.000099600 K_nnz=5269 rhs_cols=1 Vxx_nnz=2601
FILTERDDP_FEASIBILITY iteration=46 barrier_iteration=6 equality_count=3372 equality_rms=5.152667809418e-05 equality_max=9.665598011956e-04 equality_worst_stage=5 equality_worst_index=509 dynamics_count=255 dynamics_rms=0.000000000000e+00 dynamics_max=0.000000000000e+00 dynamics_worst_stage=0 dynamics_worst_index=0 bound_count=4902 bound_rms=0.000000000000e+00 bound_max=0.000000000000e+00 bound_worst_stage=0 bound_worst_index=0 bound_worst_kind=none
    46   3.14322245e+03   9.6656e-04   1.1868e-07   1.9062e-09   -4.19      -     5.0000e-01   0
FILTERDDP_ITER_TIMING iteration=46 barrier_iteration=6 backward_s=0.048570800 forward_s=0.003553700 total_s=0.052124500 outcome=accepted step_size=5.000000000e-01 backtracks=0 mu=6.400000000e-05
FILTERDDP_TIMING iteration=47 barrier_iteration=6 stage=6 derivative_s=0.000282500 first_order_s=0.000122200 second_order_s=0.000121700 algebra_s=0.000776400 kkt_assembly_s=0.000132600 factor_s=0.002160800 solve_s=0.001533900 update_s=0.000477300 K_nnz=5269 rhs_cols=1 Vxx_nnz=2601
FILTERDDP_TIMING iteration=47 barrier_iteration=6 stage=5 derivative_s=0.000295600 first_order_s=0.000142900 second_order_s=0.000112000 algebra_s=0.000792100 kkt_assembly_s=0.000135300 factor_s=0.001819100 solve_s=0.001484200 update_s=0.000099400 K_nnz=5269 rhs_cols=1 Vxx_nnz=2601
FILTERDDP_TIMING iteration=47 barrier_iteration=6 stage=4 derivative_s=0.000282600 first_order_s=0.000142300 second_order_s=0.000101000 algebra_s=0.000745000 kkt_assembly_s=0.000148300 factor_s=0.002507100 solve_s=0.001478000 update_s=0.000102900 K_nnz=5269 rhs_cols=1 Vxx_nnz=2601
FILTERDDP_TIMING iteration=47 barrier_iteration=6 stage=3 derivative_s=0.000322700 first_order_s=0.000176500 second_order_s=0.000105500 algebra_s=0.000787200 kkt_assembly_s=0.000138300 factor_s=0.001970500 solve_s=0.001567400 update_s=0.000101500 K_nnz=5269 rhs_cols=1 Vxx_nnz=2601
FILTERDDP_TIMING iteration=47 barrier_iteration=6 stage=2 derivative_s=0.000362300 first_order_s=0.000199600 second_order_s=0.000103600 algebra_s=0.000700200 kkt_assembly_s=0.000135800 factor_s=0.001889700 solve_s=0.001557200 update_s=0.000105000 K_nnz=5269 rhs_cols=1 Vxx_nnz=2601
FILTERDDP_TIMING iteration=47 barrier_iteration=6 stage=1 derivative_s=0.000283900 first_order_s=0.000141900 second_order_s=0.000101600 algebra_s=0.000701000 kkt_assembly_s=0.000130400 factor_s=0.001867900 solve_s=0.001519900 update_s=0.000106000 K_nnz=5269 rhs_cols=1 Vxx_nnz=2601
FILTERDDP_FEASIBILITY iteration=47 barrier_iteration=6 equality_count=3372 equality_rms=2.675698437257e-05 equality_max=5.029540795594e-04 equality_worst_stage=5 equality_worst_index=509 dynamics_count=255 dynamics_rms=0.000000000000e+00 dynamics_max=0.000000000000e+00 dynamics_worst_stage=0 dynamics_worst_index=0 bound_count=4902 bound_rms=0.000000000000e+00 bound_max=0.000000000000e+00 bound_worst_stage=0 bound_worst_index=0 bound_worst_kind=none
FILTERDDP_ITER_TIMING iteration=47 barrier_iteration=6 backward_s=0.029939800 forward_s=0.000000000 total_s=0.029939800 outcome=barrier_update step_size=5.000000000e-01 backtracks=0 mu=6.400000000e-05
FILTERDDP_TIMING iteration=47 barrier_iteration=7 stage=6 derivative_s=0.000320200 first_order_s=0.000136600 second_order_s=0.000144200 algebra_s=0.000792300 kkt_assembly_s=0.000176100 factor_s=0.002307500 solve_s=0.001593700 update_s=0.000111700 K_nnz=5269 rhs_cols=1 Vxx_nnz=2601
FILTERDDP_TIMING iteration=47 barrier_iteration=7 stage=5 derivative_s=0.000294400 first_order_s=0.000147500 second_order_s=0.000106100 algebra_s=0.000728700 kkt_assembly_s=0.000136800 factor_s=0.002324300 solve_s=0.001538700 update_s=0.000109700 K_nnz=5269 rhs_cols=1 Vxx_nnz=2601
FILTERDDP_TIMING iteration=47 barrier_iteration=7 stage=4 derivative_s=0.000288600 first_order_s=0.000145300 second_order_s=0.000103100 algebra_s=0.000712800 kkt_assembly_s=0.000134100 factor_s=0.001965800 solve_s=0.001555100 update_s=0.000111900 K_nnz=5269 rhs_cols=1 Vxx_nnz=2601
FILTERDDP_TIMING iteration=47 barrier_iteration=7 stage=3 derivative_s=0.000304700 first_order_s=0.000155400 second_order_s=0.000105800 algebra_s=0.001241800 kkt_assembly_s=0.000197800 factor_s=0.001971900 solve_s=0.001784000 update_s=0.000107100 K_nnz=5269 rhs_cols=1 Vxx_nnz=2601
FILTERDDP_TIMING iteration=47 barrier_iteration=7 stage=2 derivative_s=0.000298900 first_order_s=0.000148100 second_order_s=0.000109800 algebra_s=0.000697400 kkt_assembly_s=0.000179800 factor_s=0.001858000 solve_s=0.001670700 update_s=0.000120700 K_nnz=5269 rhs_cols=1 Vxx_nnz=2601
FILTERDDP_TIMING iteration=47 barrier_iteration=7 stage=1 derivative_s=0.000336200 first_order_s=0.000163000 second_order_s=0.000124000 algebra_s=0.000727700 kkt_assembly_s=0.000139800 factor_s=0.001924600 solve_s=0.001658000 update_s=0.000116100 K_nnz=5269 rhs_cols=1 Vxx_nnz=2601
FILTERDDP_FEASIBILITY iteration=47 barrier_iteration=7 equality_count=3372 equality_rms=2.675698437257e-05 equality_max=5.029540795594e-04 equality_worst_stage=5 equality_worst_index=509 dynamics_count=255 dynamics_rms=0.000000000000e+00 dynamics_max=0.000000000000e+00 dynamics_worst_stage=0 dynamics_worst_index=0 bound_count=4902 bound_rms=0.000000000000e+00 bound_max=0.000000000000e+00 bound_worst_stage=0 bound_worst_index=0 bound_worst_kind=none
    47   3.14321133e+03   5.0295e-04   4.2505e-08   9.2292e-10   -5.03      -     5.0000e-01   0
FILTERDDP_ITER_TIMING iteration=47 barrier_iteration=7 backward_s=0.030985300 forward_s=0.004070800 total_s=0.035056100 outcome=accepted step_size=5.000000000e-01 backtracks=0 mu=9.277179695e-06
FILTERDDP_TIMING iteration=48 barrier_iteration=7 stage=6 derivative_s=0.000304500 first_order_s=0.000131200 second_order_s=0.000130700 algebra_s=0.001017800 kkt_assembly_s=0.000171900 factor_s=0.001969200 solve_s=0.001681000 update_s=0.000117600 K_nnz=5269 rhs_cols=1 Vxx_nnz=2601
FILTERDDP_TIMING iteration=48 barrier_iteration=7 stage=5 derivative_s=0.000300300 first_order_s=0.000149700 second_order_s=0.000108600 algebra_s=0.000755000 kkt_assembly_s=0.000189100 factor_s=0.001974700 solve_s=0.001553000 update_s=0.000113300 K_nnz=5269 rhs_cols=1 Vxx_nnz=2601
FILTERDDP_TIMING iteration=48 barrier_iteration=7 stage=4 derivative_s=0.000351700 first_order_s=0.000148700 second_order_s=0.000155100 algebra_s=0.000753200 kkt_assembly_s=0.000140700 factor_s=0.001846200 solve_s=0.001550200 update_s=0.000113200 K_nnz=5269 rhs_cols=1 Vxx_nnz=2601
FILTERDDP_TIMING iteration=48 barrier_iteration=7 stage=3 derivative_s=0.000327100 first_order_s=0.000148900 second_order_s=0.000135900 algebra_s=0.000710700 kkt_assembly_s=0.000130900 factor_s=0.002145500 solve_s=0.001457900 update_s=0.000110200 K_nnz=5269 rhs_cols=1 Vxx_nnz=2601
FILTERDDP_TIMING iteration=48 barrier_iteration=7 stage=2 derivative_s=0.000305700 first_order_s=0.000140500 second_order_s=0.000126100 algebra_s=0.000699000 kkt_assembly_s=0.000134100 factor_s=0.001723500 solve_s=0.001524700 update_s=0.000107600 K_nnz=5269 rhs_cols=1 Vxx_nnz=2601
FILTERDDP_TIMING iteration=48 barrier_iteration=7 stage=1 derivative_s=0.000281600 first_order_s=0.000141600 second_order_s=0.000100500 algebra_s=0.000670300 kkt_assembly_s=0.000105000 factor_s=0.001557800 solve_s=0.001097000 update_s=0.000102400 K_nnz=5269 rhs_cols=1 Vxx_nnz=2601
FILTERDDP_FEASIBILITY iteration=48 barrier_iteration=7 equality_count=3372 equality_rms=2.535072494433e-05 equality_max=4.860446264090e-04 equality_worst_stage=5 equality_worst_index=509 dynamics_count=255 dynamics_rms=0.000000000000e+00 dynamics_max=0.000000000000e+00 dynamics_worst_stage=0 dynamics_worst_index=0 bound_count=4902 bound_rms=0.000000000000e+00 bound_max=0.000000000000e+00 bound_worst_stage=0 bound_worst_index=0 bound_worst_kind=none
    48   3.14316872e+03   4.8604e-04   4.6575e-08   4.9771e-10   -5.03      -     5.0000e-01   0
FILTERDDP_ITER_TIMING iteration=48 barrier_iteration=7 backward_s=0.028539700 forward_s=0.003435800 total_s=0.031975500 outcome=accepted step_size=5.000000000e-01 backtracks=0 mu=9.277179695e-06
FILTERDDP_TIMING iteration=49 barrier_iteration=7 stage=6 derivative_s=0.000238300 first_order_s=0.000102500 second_order_s=0.000101900 algebra_s=0.000646800 kkt_assembly_s=0.000111000 factor_s=0.001779200 solve_s=0.001682400 update_s=0.000131600 K_nnz=5269 rhs_cols=1 Vxx_nnz=2601
FILTERDDP_TIMING iteration=49 barrier_iteration=7 stage=5 derivative_s=0.000323700 first_order_s=0.000170400 second_order_s=0.000107000 algebra_s=0.000670200 kkt_assembly_s=0.000125800 factor_s=0.001541400 solve_s=0.001223100 update_s=0.000106600 K_nnz=5269 rhs_cols=1 Vxx_nnz=2601
FILTERDDP_TIMING iteration=49 barrier_iteration=7 stage=4 derivative_s=0.000175900 first_order_s=0.000088900 second_order_s=0.000062000 algebra_s=0.000390600 kkt_assembly_s=0.000084400 factor_s=0.001070000 solve_s=0.000832600 update_s=0.000075700 K_nnz=5269 rhs_cols=1 Vxx_nnz=2601
FILTERDDP_TIMING iteration=49 barrier_iteration=7 stage=3 derivative_s=0.000195800 first_order_s=0.000087500 second_order_s=0.000083200 algebra_s=0.000385000 kkt_assembly_s=0.000083100 factor_s=0.001009100 solve_s=0.000840800 update_s=0.000114700 K_nnz=5269 rhs_cols=1 Vxx_nnz=2601
FILTERDDP_TIMING iteration=49 barrier_iteration=7 stage=2 derivative_s=0.000298200 first_order_s=0.000148400 second_order_s=0.000107100 algebra_s=0.000843100 kkt_assembly_s=0.000144300 factor_s=0.001960800 solve_s=0.001579800 update_s=0.000129200 K_nnz=5269 rhs_cols=1 Vxx_nnz=2601
FILTERDDP_TIMING iteration=49 barrier_iteration=7 stage=1 derivative_s=0.000288400 first_order_s=0.000144300 second_order_s=0.000102600 algebra_s=0.000735800 kkt_assembly_s=0.000150200 factor_s=0.001864900 solve_s=0.001614800 update_s=0.000115800 K_nnz=5269 rhs_cols=1 Vxx_nnz=2601
FILTERDDP_FEASIBILITY iteration=49 barrier_iteration=7 equality_count=3372 equality_rms=1.619322686498e-05 equality_max=3.151735314751e-04 equality_worst_stage=5 equality_worst_index=509 dynamics_count=255 dynamics_rms=0.000000000000e+00 dynamics_max=0.000000000000e+00 dynamics_worst_stage=0 dynamics_worst_index=0 bound_count=4902 bound_rms=0.000000000000e+00 bound_max=0.000000000000e+00 bound_worst_stage=0 bound_worst_index=0 bound_worst_kind=none
    49   3.14314801e+03   3.1517e-04   3.1253e-08   2.5931e-10   -5.03      -     5.0000e-01   0
FILTERDDP_ITER_TIMING iteration=49 barrier_iteration=7 backward_s=0.023994500 forward_s=0.004124400 total_s=0.028118900 outcome=accepted step_size=5.000000000e-01 backtracks=0 mu=9.277179695e-06
FILTERDDP_TIMING iteration=50 barrier_iteration=7 stage=6 derivative_s=0.000337200 first_order_s=0.000130800 second_order_s=0.000164700 algebra_s=0.000990200 kkt_assembly_s=0.000205800 factor_s=0.001821800 solve_s=0.001810900 update_s=0.000108700 K_nnz=5269 rhs_cols=1 Vxx_nnz=2601
FILTERDDP_TIMING iteration=50 barrier_iteration=7 stage=5 derivative_s=0.000291300 first_order_s=0.000144700 second_order_s=0.000106200 algebra_s=0.000739200 kkt_assembly_s=0.000137400 factor_s=0.001949600 solve_s=0.001530500 update_s=0.000093000 K_nnz=5269 rhs_cols=1 Vxx_nnz=2601
FILTERDDP_TIMING iteration=50 barrier_iteration=7 stage=4 derivative_s=0.000179800 first_order_s=0.000088600 second_order_s=0.000066300 algebra_s=0.000460500 kkt_assembly_s=0.000094500 factor_s=0.001392100 solve_s=0.001318700 update_s=0.000141300 K_nnz=5269 rhs_cols=1 Vxx_nnz=2601
FILTERDDP_TIMING iteration=50 barrier_iteration=7 stage=3 derivative_s=0.000330100 first_order_s=0.000155000 second_order_s=0.000130000 algebra_s=0.000937200 kkt_assembly_s=0.000225800 factor_s=0.002288200 solve_s=0.001536500 update_s=0.000082200 K_nnz=5269 rhs_cols=1 Vxx_nnz=2601
FILTERDDP_TIMING iteration=50 barrier_iteration=7 stage=2 derivative_s=0.000207500 first_order_s=0.000100300 second_order_s=0.000079500 algebra_s=0.000454600 kkt_assembly_s=0.000095600 factor_s=0.001165100 solve_s=0.000975200 update_s=0.000117700 K_nnz=5269 rhs_cols=1 Vxx_nnz=2601
FILTERDDP_TIMING iteration=50 barrier_iteration=7 stage=1 derivative_s=0.000296700 first_order_s=0.000147800 second_order_s=0.000106600 algebra_s=0.000750800 kkt_assembly_s=0.000155000 factor_s=0.002228200 solve_s=0.001532400 update_s=0.000114000 K_nnz=5269 rhs_cols=1 Vxx_nnz=2601
FILTERDDP_FEASIBILITY iteration=50 barrier_iteration=7 equality_count=3372 equality_rms=9.124782278171e-06 equality_max=1.795368734967e-04 equality_worst_stage=5 equality_worst_index=509 dynamics_count=255 dynamics_rms=0.000000000000e+00 dynamics_max=0.000000000000e+00 dynamics_worst_stage=0 dynamics_worst_index=0 bound_count=4902 bound_rms=0.000000000000e+00 bound_max=0.000000000000e+00 bound_worst_stage=0 bound_worst_index=0 bound_worst_kind=none
  iter     objective        pr_inf       du_inf       cs_inf     lg(μ)   lg(reg)    alpha     ls
    50   3.14313785e+03   1.7954e-04   1.6201e-08   1.2960e-10   -5.03      -     5.0000e-01   0
FILTERDDP_ITER_TIMING iteration=50 barrier_iteration=7 backward_s=0.027539600 forward_s=0.004104800 total_s=0.031644400 outcome=accepted step_size=5.000000000e-01 backtracks=0 mu=9.277179695e-06
FILTERDDP_TIMING iteration=51 barrier_iteration=7 stage=6 derivative_s=0.000300400 first_order_s=0.000128500 second_order_s=0.000129700 algebra_s=0.001022300 kkt_assembly_s=0.000196000 factor_s=0.001826000 solve_s=0.001573600 update_s=0.000121100 K_nnz=5269 rhs_cols=1 Vxx_nnz=2601
FILTERDDP_TIMING iteration=51 barrier_iteration=7 stage=5 derivative_s=0.000277800 first_order_s=0.000138900 second_order_s=0.000100200 algebra_s=0.000703200 kkt_assembly_s=0.000132200 factor_s=0.001730600 solve_s=0.001779000 update_s=0.000130200 K_nnz=5269 rhs_cols=1 Vxx_nnz=2601
FILTERDDP_TIMING iteration=51 barrier_iteration=7 stage=4 derivative_s=0.000318300 first_order_s=0.000168100 second_order_s=0.000107400 algebra_s=0.000808800 kkt_assembly_s=0.000138200 factor_s=0.001847500 solve_s=0.001622300 update_s=0.000141500 K_nnz=5269 rhs_cols=1 Vxx_nnz=2601
FILTERDDP_TIMING iteration=51 barrier_iteration=7 stage=3 derivative_s=0.000374200 first_order_s=0.000215100 second_order_s=0.000113700 algebra_s=0.000745100 kkt_assembly_s=0.000138500 factor_s=0.001865800 solve_s=0.001681300 update_s=0.000145200 K_nnz=5269 rhs_cols=1 Vxx_nnz=2601
FILTERDDP_TIMING iteration=51 barrier_iteration=7 stage=2 derivative_s=0.000303600 first_order_s=0.000149700 second_order_s=0.000110600 algebra_s=0.000785800 kkt_assembly_s=0.000146200 factor_s=0.001857400 solve_s=0.001799600 update_s=0.000166900 K_nnz=5269 rhs_cols=1 Vxx_nnz=2601
FILTERDDP_TIMING iteration=51 barrier_iteration=7 stage=1 derivative_s=0.000308700 first_order_s=0.000154100 second_order_s=0.000110600 algebra_s=0.000759700 kkt_assembly_s=0.000144700 factor_s=0.001926000 solve_s=0.015996400 update_s=0.000119700 K_nnz=5269 rhs_cols=1 Vxx_nnz=2601
FILTERDDP_FEASIBILITY iteration=51 barrier_iteration=7 equality_count=3372 equality_rms=4.853874887332e-06 equality_max=9.620343586619e-05 equality_worst_stage=5 equality_worst_index=509 dynamics_count=255 dynamics_rms=0.000000000000e+00 dynamics_max=0.000000000000e+00 dynamics_worst_stage=0 dynamics_worst_index=0 bound_count=4902 bound_rms=0.000000000000e+00 bound_max=0.000000000000e+00 bound_worst_stage=0 bound_worst_index=0 bound_worst_kind=none
    51   3.14313283e+03   9.6203e-05   7.3337e-09   6.2684e-11   -5.03      -     5.0000e-01   0
FILTERDDP_ITER_TIMING iteration=51 barrier_iteration=7 backward_s=0.044431400 forward_s=0.004292600 total_s=0.048724000 outcome=accepted step_size=2.500000000e-01 backtracks=0 mu=9.277179695e-06
FILTERDDP_TIMING iteration=52 barrier_iteration=7 stage=6 derivative_s=0.000314600 first_order_s=0.000132200 second_order_s=0.000137900 algebra_s=0.000856100 kkt_assembly_s=0.000136300 factor_s=0.001349600 solve_s=0.000983700 update_s=0.000115200 K_nnz=5269 rhs_cols=1 Vxx_nnz=2601
FILTERDDP_TIMING iteration=52 barrier_iteration=7 stage=5 derivative_s=0.000300600 first_order_s=0.000152000 second_order_s=0.000105500 algebra_s=0.000740100 kkt_assembly_s=0.000147600 factor_s=0.002024900 solve_s=0.001641400 update_s=0.000118300 K_nnz=5269 rhs_cols=1 Vxx_nnz=2601
FILTERDDP_TIMING iteration=52 barrier_iteration=7 stage=4 derivative_s=0.000297900 first_order_s=0.000147900 second_order_s=0.000108600 algebra_s=0.000746600 kkt_assembly_s=0.000140100 factor_s=0.001978500 solve_s=0.001587900 update_s=0.000111000 K_nnz=5269 rhs_cols=1 Vxx_nnz=2601
FILTERDDP_TIMING iteration=52 barrier_iteration=7 stage=3 derivative_s=0.000300100 first_order_s=0.000150700 second_order_s=0.000106700 algebra_s=0.000726400 kkt_assembly_s=0.000140000 factor_s=0.001922600 solve_s=0.001596700 update_s=0.000121600 K_nnz=5269 rhs_cols=1 Vxx_nnz=2601
FILTERDDP_TIMING iteration=52 barrier_iteration=7 stage=2 derivative_s=0.000312900 first_order_s=0.000152900 second_order_s=0.000115700 algebra_s=0.000730200 kkt_assembly_s=0.000145200 factor_s=0.001929300 solve_s=0.001568400 update_s=0.000115400 K_nnz=5269 rhs_cols=1 Vxx_nnz=2601
FILTERDDP_TIMING iteration=52 barrier_iteration=7 stage=1 derivative_s=0.000532500 first_order_s=0.000175400 second_order_s=0.000308700 algebra_s=0.001088800 kkt_assembly_s=0.000146400 factor_s=0.002375000 solve_s=0.001581500 update_s=0.000118000 K_nnz=5269 rhs_cols=1 Vxx_nnz=2601
FILTERDDP_FEASIBILITY iteration=52 barrier_iteration=7 equality_count=3372 equality_rms=3.660246947436e-06 equality_max=7.260372679202e-05 equality_worst_stage=5 equality_worst_index=509 dynamics_count=255 dynamics_rms=0.000000000000e+00 dynamics_max=0.000000000000e+00 dynamics_worst_stage=0 dynamics_worst_index=0 bound_count=4902 bound_rms=0.000000000000e+00 bound_max=0.000000000000e+00 bound_worst_stage=0 bound_worst_index=0 bound_worst_kind=none
FILTERDDP_ITER_TIMING iteration=52 barrier_iteration=7 backward_s=0.029515400 forward_s=0.000000000 total_s=0.029515400 outcome=barrier_update step_size=2.500000000e-01 backtracks=0 mu=9.277179695e-06
FILTERDDP_TIMING iteration=52 barrier_iteration=8 stage=6 derivative_s=0.000350100 first_order_s=0.000155700 second_order_s=0.000136900 algebra_s=0.000787200 kkt_assembly_s=0.000189700 factor_s=0.002124600 solve_s=0.001666100 update_s=0.000115000 K_nnz=5269 rhs_cols=1 Vxx_nnz=2601
FILTERDDP_TIMING iteration=52 barrier_iteration=8 stage=5 derivative_s=0.000391700 first_order_s=0.000208200 second_order_s=0.000114700 algebra_s=0.000816300 kkt_assembly_s=0.000189700 factor_s=0.001832500 solve_s=0.001596400 update_s=0.000124500 K_nnz=5269 rhs_cols=1 Vxx_nnz=2601
FILTERDDP_TIMING iteration=52 barrier_iteration=8 stage=4 derivative_s=0.000303400 first_order_s=0.000151800 second_order_s=0.000108900 algebra_s=0.000746300 kkt_assembly_s=0.000145000 factor_s=0.001882000 solve_s=0.001585700 update_s=0.000123300 K_nnz=5269 rhs_cols=1 Vxx_nnz=2601
FILTERDDP_TIMING iteration=52 barrier_iteration=8 stage=3 derivative_s=0.000307400 first_order_s=0.000150700 second_order_s=0.000113600 algebra_s=0.000931000 kkt_assembly_s=0.000198800 factor_s=0.002237900 solve_s=0.001620000 update_s=0.000114000 K_nnz=5269 rhs_cols=1 Vxx_nnz=2601
FILTERDDP_TIMING iteration=52 barrier_iteration=8 stage=2 derivative_s=0.000299000 first_order_s=0.000151700 second_order_s=0.000106200 algebra_s=0.000721300 kkt_assembly_s=0.000140900 factor_s=0.001873100 solve_s=0.001648600 update_s=0.000111400 K_nnz=5269 rhs_cols=1 Vxx_nnz=2601
FILTERDDP_TIMING iteration=52 barrier_iteration=8 stage=1 derivative_s=0.000327100 first_order_s=0.000175500 second_order_s=0.000109600 algebra_s=0.000717000 kkt_assembly_s=0.000158800 factor_s=0.001843900 solve_s=0.001631200 update_s=0.000113700 K_nnz=5269 rhs_cols=1 Vxx_nnz=2601
FILTERDDP_FEASIBILITY iteration=52 barrier_iteration=8 equality_count=3372 equality_rms=3.660246947436e-06 equality_max=7.260372679202e-05 equality_worst_stage=5 equality_worst_index=509 dynamics_count=255 dynamics_rms=0.000000000000e+00 dynamics_max=0.000000000000e+00 dynamics_worst_stage=0 dynamics_worst_index=0 bound_count=4902 bound_rms=0.000000000000e+00 bound_max=0.000000000000e+00 bound_worst_stage=0 bound_worst_index=0 bound_worst_kind=none
    52   3.14313158e+03   7.2604e-05   4.6615e-09   4.3379e-11   -6.04      -     2.5000e-01   0
FILTERDDP_ITER_TIMING iteration=52 barrier_iteration=8 backward_s=0.030439600 forward_s=0.004601300 total_s=0.035040900 outcome=accepted step_size=2.500000000e-01 backtracks=0 mu=9.139010210e-07
FILTERDDP_TIMING iteration=53 barrier_iteration=8 stage=6 derivative_s=0.000306100 first_order_s=0.000129100 second_order_s=0.000134300 algebra_s=0.000991400 kkt_assembly_s=0.000178500 factor_s=0.001927700 solve_s=0.001609600 update_s=0.000112000 K_nnz=5269 rhs_cols=1 Vxx_nnz=2601
FILTERDDP_TIMING iteration=53 barrier_iteration=8 stage=5 derivative_s=0.000302900 first_order_s=0.000150200 second_order_s=0.000109000 algebra_s=0.000748500 kkt_assembly_s=0.000169000 factor_s=0.001861200 solve_s=0.001655500 update_s=0.000217700 K_nnz=5269 rhs_cols=1 Vxx_nnz=2601
FILTERDDP_TIMING iteration=53 barrier_iteration=8 stage=4 derivative_s=0.000304500 first_order_s=0.000154000 second_order_s=0.000107200 algebra_s=0.000724000 kkt_assembly_s=0.000154200 factor_s=0.001991000 solve_s=0.001773700 update_s=0.000124300 K_nnz=5269 rhs_cols=1 Vxx_nnz=2601
FILTERDDP_TIMING iteration=53 barrier_iteration=8 stage=3 derivative_s=0.000308400 first_order_s=0.000152900 second_order_s=0.000112500 algebra_s=0.000775500 kkt_assembly_s=0.000141900 factor_s=0.001912800 solve_s=0.001563600 update_s=0.000121700 K_nnz=5269 rhs_cols=1 Vxx_nnz=2601
FILTERDDP_TIMING iteration=53 barrier_iteration=8 stage=2 derivative_s=0.000303700 first_order_s=0.000151800 second_order_s=0.000108800 algebra_s=0.000860300 kkt_assembly_s=0.000162100 factor_s=0.001908400 solve_s=0.001519800 update_s=0.000115500 K_nnz=5269 rhs_cols=1 Vxx_nnz=2601
FILTERDDP_TIMING iteration=53 barrier_iteration=8 stage=1 derivative_s=0.000301800 first_order_s=0.000150500 second_order_s=0.000107700 algebra_s=0.000948700 kkt_assembly_s=0.000283600 factor_s=0.001806200 solve_s=0.001794800 update_s=0.000112500 K_nnz=5269 rhs_cols=1 Vxx_nnz=2601
FILTERDDP_FEASIBILITY iteration=53 barrier_iteration=8 equality_count=3372 equality_rms=2.888163481144e-06 equality_max=5.761079874883e-05 equality_worst_stage=5 equality_worst_index=509 dynamics_count=255 dynamics_rms=0.000000000000e+00 dynamics_max=0.000000000000e+00 dynamics_worst_stage=0 dynamics_worst_index=0 bound_count=4902 bound_rms=0.000000000000e+00 bound_max=0.000000000000e+00 bound_worst_stage=0 bound_worst_index=0 bound_worst_kind=none
    53   3.14312794e+03   5.7611e-05   4.4999e-09   3.4989e-11   -6.04      -     2.5000e-01   0
FILTERDDP_ITER_TIMING iteration=53 barrier_iteration=8 backward_s=0.030575300 forward_s=0.004474000 total_s=0.035049300 outcome=accepted step_size=2.500000000e-01 backtracks=0 mu=9.139010210e-07
FILTERDDP_TIMING iteration=54 barrier_iteration=8 stage=6 derivative_s=0.000352300 first_order_s=0.000152200 second_order_s=0.000157000 algebra_s=0.001045700 kkt_assembly_s=0.000146400 factor_s=0.001861500 solve_s=0.001842100 update_s=0.000145100 K_nnz=5269 rhs_cols=1 Vxx_nnz=2601
FILTERDDP_TIMING iteration=54 barrier_iteration=8 stage=5 derivative_s=0.000326900 first_order_s=0.000171300 second_order_s=0.000110100 algebra_s=0.000851600 kkt_assembly_s=0.000177300 factor_s=0.001838800 solve_s=0.001893800 update_s=0.000116400 K_nnz=5269 rhs_cols=1 Vxx_nnz=2601
FILTERDDP_TIMING iteration=54 barrier_iteration=8 stage=4 derivative_s=0.000307600 first_order_s=0.000152500 second_order_s=0.000110900 algebra_s=0.000833800 kkt_assembly_s=0.000173700 factor_s=0.001867300 solve_s=0.001576800 update_s=0.000148900 K_nnz=5269 rhs_cols=1 Vxx_nnz=2601
FILTERDDP_TIMING iteration=54 barrier_iteration=8 stage=3 derivative_s=0.000336300 first_order_s=0.000182100 second_order_s=0.000111200 algebra_s=0.000791400 kkt_assembly_s=0.000139900 factor_s=0.001850900 solve_s=0.001552800 update_s=0.000117100 K_nnz=5269 rhs_cols=1 Vxx_nnz=2601
FILTERDDP_TIMING iteration=54 barrier_iteration=8 stage=2 derivative_s=0.000330100 first_order_s=0.000151800 second_order_s=0.000136300 algebra_s=0.000752400 kkt_assembly_s=0.000143500 factor_s=0.001874500 solve_s=0.001563600 update_s=0.000135300 K_nnz=5269 rhs_cols=1 Vxx_nnz=2601
FILTERDDP_TIMING iteration=54 barrier_iteration=8 stage=1 derivative_s=0.000407800 first_order_s=0.000151100 second_order_s=0.000130500 algebra_s=0.000847500 kkt_assembly_s=0.000499900 factor_s=0.001881200 solve_s=0.001536000 update_s=0.000115600 K_nnz=5269 rhs_cols=1 Vxx_nnz=2601
FILTERDDP_FEASIBILITY iteration=54 barrier_iteration=8 equality_count=3372 equality_rms=2.250304366237e-06 equality_max=4.511126493115e-05 equality_worst_stage=5 equality_worst_index=509 dynamics_count=255 dynamics_rms=0.000000000000e+00 dynamics_max=0.000000000000e+00 dynamics_worst_stage=0 dynamics_worst_index=0 bound_count=4902 bound_rms=0.000000000000e+00 bound_max=0.000000000000e+00 bound_worst_stage=0 bound_worst_index=0 bound_worst_kind=none
    54   3.14312521e+03   4.5111e-05   4.1383e-09   3.4793e-11   -6.04      -     2.5000e-01   0
FILTERDDP_ITER_TIMING iteration=54 barrier_iteration=8 backward_s=0.030863500 forward_s=0.004432900 total_s=0.035296400 outcome=accepted step_size=2.500000000e-01 backtracks=0 mu=9.139010210e-07
FILTERDDP_TIMING iteration=55 barrier_iteration=8 stage=6 derivative_s=0.000309300 first_order_s=0.000132400 second_order_s=0.000133100 algebra_s=0.000971400 kkt_assembly_s=0.000177000 factor_s=0.001920000 solve_s=0.001642400 update_s=0.000162200 K_nnz=5269 rhs_cols=1 Vxx_nnz=2601
FILTERDDP_TIMING iteration=55 barrier_iteration=8 stage=5 derivative_s=0.000663600 first_order_s=0.000361600 second_order_s=0.000194500 algebra_s=0.001026300 kkt_assembly_s=0.000200300 factor_s=0.003039100 solve_s=0.002089400 update_s=0.000116900 K_nnz=5269 rhs_cols=1 Vxx_nnz=2601
FILTERDDP_TIMING iteration=55 barrier_iteration=8 stage=4 derivative_s=0.000331800 first_order_s=0.000145100 second_order_s=0.000144000 algebra_s=0.000749200 kkt_assembly_s=0.000149700 factor_s=0.002227900 solve_s=0.001691200 update_s=0.000121000 K_nnz=5269 rhs_cols=1 Vxx_nnz=2601
FILTERDDP_TIMING iteration=55 barrier_iteration=8 stage=3 derivative_s=0.000308100 first_order_s=0.000152700 second_order_s=0.000112400 algebra_s=0.000771500 kkt_assembly_s=0.000144900 factor_s=0.001989200 solve_s=0.001860100 update_s=0.000144400 K_nnz=5269 rhs_cols=1 Vxx_nnz=2601
FILTERDDP_TIMING iteration=55 barrier_iteration=8 stage=2 derivative_s=0.000445500 first_order_s=0.000248600 second_order_s=0.000138600 algebra_s=0.000996500 kkt_assembly_s=0.000192900 factor_s=0.003057600 solve_s=0.002227600 update_s=0.000143400 K_nnz=5269 rhs_cols=1 Vxx_nnz=2601
FILTERDDP_TIMING iteration=55 barrier_iteration=8 stage=1 derivative_s=0.000304800 first_order_s=0.000152400 second_order_s=0.000109900 algebra_s=0.000804200 kkt_assembly_s=0.000177200 factor_s=0.002373500 solve_s=0.001524500 update_s=0.000127000 K_nnz=5269 rhs_cols=1 Vxx_nnz=2601
FILTERDDP_FEASIBILITY iteration=55 barrier_iteration=8 equality_count=3372 equality_rms=1.736834244362e-06 equality_max=3.497312514864e-05 equality_worst_stage=5 equality_worst_index=509 dynamics_count=255 dynamics_rms=0.000000000000e+00 dynamics_max=0.000000000000e+00 dynamics_worst_stage=0 dynamics_worst_index=0 bound_count=4902 bound_rms=0.000000000000e+00 bound_max=0.000000000000e+00 bound_worst_stage=0 bound_worst_index=0 bound_worst_kind=none
    55   3.14312318e+03   3.4973e-05   3.6884e-09   3.4606e-11   -6.04      -     2.5000e-01   0
FILTERDDP_ITER_TIMING iteration=55 barrier_iteration=8 backward_s=0.035899300 forward_s=0.007874300 total_s=0.043773600 outcome=accepted step_size=2.500000000e-01 backtracks=0 mu=9.139010210e-07
FILTERDDP_TIMING iteration=56 barrier_iteration=8 stage=6 derivative_s=0.000276200 first_order_s=0.000128100 second_order_s=0.000109300 algebra_s=0.014242200 kkt_assembly_s=0.000161800 factor_s=0.002004200 solve_s=0.001532200 update_s=0.000085300 K_nnz=5269 rhs_cols=1 Vxx_nnz=2601
FILTERDDP_TIMING iteration=56 barrier_iteration=8 stage=5 derivative_s=0.000178000 first_order_s=0.000090700 second_order_s=0.000060200 algebra_s=0.000309900 kkt_assembly_s=0.000098800 factor_s=0.000761500 solve_s=0.000874100 update_s=0.000118200 K_nnz=5269 rhs_cols=1 Vxx_nnz=2601
FILTERDDP_TIMING iteration=56 barrier_iteration=8 stage=4 derivative_s=0.000314000 first_order_s=0.000151500 second_order_s=0.000117600 algebra_s=0.000742100 kkt_assembly_s=0.000150800 factor_s=0.001888400 solve_s=0.001467900 update_s=0.000079100 K_nnz=5269 rhs_cols=1 Vxx_nnz=2601
FILTERDDP_TIMING iteration=56 barrier_iteration=8 stage=3 derivative_s=0.000253800 first_order_s=0.000145800 second_order_s=0.000073600 algebra_s=0.000450700 kkt_assembly_s=0.000092400 factor_s=0.001246500 solve_s=0.001107500 update_s=0.000107900 K_nnz=5269 rhs_cols=1 Vxx_nnz=2601
FILTERDDP_TIMING iteration=56 barrier_iteration=8 stage=2 derivative_s=0.000288500 first_order_s=0.000144200 second_order_s=0.000103600 algebra_s=0.000710100 kkt_assembly_s=0.000142300 factor_s=0.001922400 solve_s=0.001372300 update_s=0.000082800 K_nnz=5269 rhs_cols=1 Vxx_nnz=2601
FILTERDDP_TIMING iteration=56 barrier_iteration=8 stage=1 derivative_s=0.000232900 first_order_s=0.000120300 second_order_s=0.000082300 algebra_s=0.000453800 kkt_assembly_s=0.000101200 factor_s=0.001156200 solve_s=0.001081000 update_s=0.000111300 K_nnz=5269 rhs_cols=1 Vxx_nnz=2601
FILTERDDP_FEASIBILITY iteration=56 barrier_iteration=8 equality_count=3372 equality_rms=1.331009489838e-06 equality_max=2.690759530327e-05 equality_worst_stage=5 equality_worst_index=509 dynamics_count=255 dynamics_rms=0.000000000000e+00 dynamics_max=0.000000000000e+00 dynamics_worst_stage=0 dynamics_worst_index=0 bound_count=4902 bound_rms=0.000000000000e+00 bound_max=0.000000000000e+00 bound_worst_stage=0 bound_worst_index=0 bound_worst_kind=none
    56   3.14312166e+03   2.6908e-05   3.2018e-09   3.4326e-11   -6.04      -     2.5000e-01   0
FILTERDDP_ITER_TIMING iteration=56 barrier_iteration=8 backward_s=0.036632000 forward_s=0.004178200 total_s=0.040810200 outcome=accepted step_size=2.500000000e-01 backtracks=0 mu=9.139010210e-07
FILTERDDP_TIMING iteration=57 barrier_iteration=8 stage=6 derivative_s=0.000329800 first_order_s=0.000128500 second_order_s=0.000159300 algebra_s=0.001036100 kkt_assembly_s=0.000203600 factor_s=0.001828200 solve_s=0.001630600 update_s=0.000112900 K_nnz=5269 rhs_cols=1 Vxx_nnz=2601
FILTERDDP_TIMING iteration=57 barrier_iteration=8 stage=5 derivative_s=0.000309000 first_order_s=0.000144600 second_order_s=0.000123100 algebra_s=0.000763700 kkt_assembly_s=0.000136700 factor_s=0.001843600 solve_s=0.001451300 update_s=0.000100300 K_nnz=5269 rhs_cols=1 Vxx_nnz=2601
FILTERDDP_TIMING iteration=57 barrier_iteration=8 stage=4 derivative_s=0.000257600 first_order_s=0.000128600 second_order_s=0.000093400 algebra_s=0.000602000 kkt_assembly_s=0.000123100 factor_s=0.001593500 solve_s=0.001219000 update_s=0.000074200 K_nnz=5269 rhs_cols=1 Vxx_nnz=2601
FILTERDDP_TIMING iteration=57 barrier_iteration=8 stage=3 derivative_s=0.000195400 first_order_s=0.000095600 second_order_s=0.000072400 algebra_s=0.000506000 kkt_assembly_s=0.000123500 factor_s=0.001207900 solve_s=0.000979400 update_s=0.000075000 K_nnz=5269 rhs_cols=1 Vxx_nnz=2601
FILTERDDP_TIMING iteration=57 barrier_iteration=8 stage=2 derivative_s=0.000191600 first_order_s=0.000097000 second_order_s=0.000067900 algebra_s=0.000440000 kkt_assembly_s=0.000104800 factor_s=0.001148700 solve_s=0.000954200 update_s=0.000093500 K_nnz=5269 rhs_cols=1 Vxx_nnz=2601
FILTERDDP_TIMING iteration=57 barrier_iteration=8 stage=1 derivative_s=0.000281400 first_order_s=0.000153500 second_order_s=0.000093600 algebra_s=0.000600500 kkt_assembly_s=0.000107200 factor_s=0.001465000 solve_s=0.001269700 update_s=0.000072100 K_nnz=5269 rhs_cols=1 Vxx_nnz=2601
FILTERDDP_FEASIBILITY iteration=57 barrier_iteration=8 equality_count=3372 equality_rms=1.014533900722e-06 equality_max=2.058079153805e-05 equality_worst_stage=5 equality_worst_index=509 dynamics_count=255 dynamics_rms=0.000000000000e+00 dynamics_max=0.000000000000e+00 dynamics_worst_stage=0 dynamics_worst_index=0 bound_count=4902 bound_rms=0.000000000000e+00 bound_max=0.000000000000e+00 bound_worst_stage=0 bound_worst_index=0 bound_worst_kind=none
    57   3.14312053e+03   2.0581e-05   2.7294e-09   3.4060e-11   -6.04      -     2.5000e-01   0
FILTERDDP_ITER_TIMING iteration=57 barrier_iteration=8 backward_s=0.023797000 forward_s=0.002524000 total_s=0.026321000 outcome=accepted step_size=2.500000000e-01 backtracks=0 mu=9.139010210e-07
FILTERDDP_TIMING iteration=58 barrier_iteration=8 stage=6 derivative_s=0.000172100 first_order_s=0.000072800 second_order_s=0.000076100 algebra_s=0.000401900 kkt_assembly_s=0.000085100 factor_s=0.001103300 solve_s=0.001176000 update_s=0.000098400 K_nnz=5269 rhs_cols=1 Vxx_nnz=2601
FILTERDDP_TIMING iteration=58 barrier_iteration=8 stage=5 derivative_s=0.000262900 first_order_s=0.000131100 second_order_s=0.000095000 algebra_s=0.000656900 kkt_assembly_s=0.000149200 factor_s=0.001763400 solve_s=0.001398000 update_s=0.000073200 K_nnz=5269 rhs_cols=1 Vxx_nnz=2601
FILTERDDP_TIMING iteration=58 barrier_iteration=8 stage=4 derivative_s=0.000192200 first_order_s=0.000095000 second_order_s=0.000071100 algebra_s=0.000483400 kkt_assembly_s=0.000091600 factor_s=0.001300900 solve_s=0.001227900 update_s=0.000100900 K_nnz=5269 rhs_cols=1 Vxx_nnz=2601
FILTERDDP_TIMING iteration=58 barrier_iteration=8 stage=3 derivative_s=0.000310500 first_order_s=0.000173500 second_order_s=0.000098700 algebra_s=0.000761000 kkt_assembly_s=0.000129700 factor_s=0.001809400 solve_s=0.001400300 update_s=0.000095700 K_nnz=5269 rhs_cols=1 Vxx_nnz=2601
FILTERDDP_TIMING iteration=58 barrier_iteration=8 stage=2 derivative_s=0.000273600 first_order_s=0.000136200 second_order_s=0.000099500 algebra_s=0.000831100 kkt_assembly_s=0.000166200 factor_s=0.002047400 solve_s=0.001529200 update_s=0.000096100 K_nnz=5269 rhs_cols=1 Vxx_nnz=2601
FILTERDDP_TIMING iteration=58 barrier_iteration=8 stage=1 derivative_s=0.000576700 first_order_s=0.000371200 second_order_s=0.000141400 algebra_s=0.000956800 kkt_assembly_s=0.000202600 factor_s=0.002151600 solve_s=0.001497600 update_s=0.000118700 K_nnz=5269 rhs_cols=1 Vxx_nnz=2601
FILTERDDP_FEASIBILITY iteration=58 barrier_iteration=8 equality_count=3372 equality_rms=7.701790884141e-07 equality_max=1.567001132941e-05 equality_worst_stage=5 equality_worst_index=509 dynamics_count=255 dynamics_rms=0.000000000000e+00 dynamics_max=0.000000000000e+00 dynamics_worst_stage=0 dynamics_worst_index=0 bound_count=4902 bound_rms=0.000000000000e+00 bound_max=0.000000000000e+00 bound_worst_stage=0 bound_worst_index=0 bound_worst_kind=none
    58   3.14311968e+03   1.5670e-05   2.2925e-09   3.3806e-11   -6.04      -     2.5000e-01   0
FILTERDDP_ITER_TIMING iteration=58 barrier_iteration=8 backward_s=0.026052900 forward_s=0.004127600 total_s=0.030180500 outcome=accepted step_size=2.500000000e-01 backtracks=0 mu=9.139010210e-07
FILTERDDP_TIMING iteration=59 barrier_iteration=8 stage=6 derivative_s=0.000296400 first_order_s=0.000139400 second_order_s=0.000119600 algebra_s=0.000825300 kkt_assembly_s=0.000150200 factor_s=0.000877300 solve_s=0.000850600 update_s=0.000094400 K_nnz=5269 rhs_cols=1 Vxx_nnz=2601
FILTERDDP_TIMING iteration=59 barrier_iteration=8 stage=5 derivative_s=0.000273100 first_order_s=0.000136500 second_order_s=0.000097000 algebra_s=0.000727900 kkt_assembly_s=0.000128300 factor_s=0.002004900 solve_s=0.001534900 update_s=0.000113900 K_nnz=5269 rhs_cols=1 Vxx_nnz=2601
FILTERDDP_TIMING iteration=59 barrier_iteration=8 stage=4 derivative_s=0.000274400 first_order_s=0.000138100 second_order_s=0.000098100 algebra_s=0.000708200 kkt_assembly_s=0.000127500 factor_s=0.001861100 solve_s=0.001590000 update_s=0.000123400 K_nnz=5269 rhs_cols=1 Vxx_nnz=2601
FILTERDDP_TIMING iteration=59 barrier_iteration=8 stage=3 derivative_s=0.000279800 first_order_s=0.000139400 second_order_s=0.000101600 algebra_s=0.000836200 kkt_assembly_s=0.000177900 factor_s=0.002048400 solve_s=0.001707000 update_s=0.000098400 K_nnz=5269 rhs_cols=1 Vxx_nnz=2601
FILTERDDP_TIMING iteration=59 barrier_iteration=8 stage=2 derivative_s=0.000300900 first_order_s=0.000139000 second_order_s=0.000122900 algebra_s=0.000707000 kkt_assembly_s=0.000130000 factor_s=0.001910400 solve_s=0.001578700 update_s=0.000102600 K_nnz=5269 rhs_cols=1 Vxx_nnz=2601
FILTERDDP_TIMING iteration=59 barrier_iteration=8 stage=1 derivative_s=0.000283600 first_order_s=0.000139700 second_order_s=0.000105200 algebra_s=0.000735100 kkt_assembly_s=0.000131000 factor_s=0.001815900 solve_s=0.001546600 update_s=0.000101400 K_nnz=5269 rhs_cols=1 Vxx_nnz=2601
FILTERDDP_FEASIBILITY iteration=59 barrier_iteration=8 equality_count=3372 equality_rms=5.829027207866e-07 equality_max=1.188884648358e-05 equality_worst_stage=5 equality_worst_index=509 dynamics_count=255 dynamics_rms=0.000000000000e+00 dynamics_max=0.000000000000e+00 dynamics_worst_stage=0 dynamics_worst_index=0 bound_count=4902 bound_rms=0.000000000000e+00 bound_max=0.000000000000e+00 bound_worst_stage=0 bound_worst_index=0 bound_worst_kind=none
    59   3.14311904e+03   1.1889e-05   1.8914e-09   2.1830e-11   -6.04      -     2.5000e-01   0
FILTERDDP_ITER_TIMING iteration=59 barrier_iteration=8 backward_s=0.027449700 forward_s=0.004534000 total_s=0.031983700 outcome=accepted step_size=2.500000000e-01 backtracks=0 mu=9.139010210e-07
FILTERDDP_TIMING iteration=60 barrier_iteration=8 stage=6 derivative_s=0.000309600 first_order_s=0.000123600 second_order_s=0.000146600 algebra_s=0.000774300 kkt_assembly_s=0.000133500 factor_s=0.001976500 solve_s=0.001622800 update_s=0.000104000 K_nnz=5269 rhs_cols=1 Vxx_nnz=2601
FILTERDDP_TIMING iteration=60 barrier_iteration=8 stage=5 derivative_s=0.011918600 first_order_s=0.011720200 second_order_s=0.000146100 algebra_s=0.000763700 kkt_assembly_s=0.000139100 factor_s=0.001887200 solve_s=0.001779100 update_s=0.000141900 K_nnz=5269 rhs_cols=1 Vxx_nnz=2601
FILTERDDP_TIMING iteration=60 barrier_iteration=8 stage=4 derivative_s=0.000536400 first_order_s=0.000294800 second_order_s=0.000165700 algebra_s=0.000882200 kkt_assembly_s=0.000196200 factor_s=0.002906000 solve_s=0.001764000 update_s=0.000130900 K_nnz=5269 rhs_cols=1 Vxx_nnz=2601
FILTERDDP_TIMING iteration=60 barrier_iteration=8 stage=3 derivative_s=0.000413400 first_order_s=0.000236000 second_order_s=0.000131300 algebra_s=0.000708400 kkt_assembly_s=0.000137400 factor_s=0.001866200 solve_s=0.001601700 update_s=0.000109600 K_nnz=5269 rhs_cols=1 Vxx_nnz=2601
FILTERDDP_TIMING iteration=60 barrier_iteration=8 stage=2 derivative_s=0.000291600 first_order_s=0.000144800 second_order_s=0.000105400 algebra_s=0.000730600 kkt_assembly_s=0.000137700 factor_s=0.001939200 solve_s=0.001619500 update_s=0.000112600 K_nnz=5269 rhs_cols=1 Vxx_nnz=2601
FILTERDDP_TIMING iteration=60 barrier_iteration=8 stage=1 derivative_s=0.000295600 first_order_s=0.000148700 second_order_s=0.000105500 algebra_s=0.000720500 kkt_assembly_s=0.000139300 factor_s=0.001866900 solve_s=0.001597200 update_s=0.000111700 K_nnz=5269 rhs_cols=1 Vxx_nnz=2601
FILTERDDP_FEASIBILITY iteration=60 barrier_iteration=8 equality_count=3372 equality_rms=4.401609147863e-07 equality_max=8.995383264092e-06 equality_worst_stage=5 equality_worst_index=509 dynamics_count=255 dynamics_rms=0.000000000000e+00 dynamics_max=0.000000000000e+00 dynamics_worst_stage=0 dynamics_worst_index=0 bound_count=4902 bound_rms=0.000000000000e+00 bound_max=0.000000000000e+00 bound_worst_stage=0 bound_worst_index=0 bound_worst_kind=none
FILTERDDP_ITER_TIMING iteration=60 barrier_iteration=8 backward_s=0.042975200 forward_s=0.000000000 total_s=0.042975200 outcome=barrier_update step_size=2.500000000e-01 backtracks=0 mu=9.139010210e-07
FILTERDDP_TIMING iteration=60 barrier_iteration=9 stage=6 derivative_s=0.000370400 first_order_s=0.000192100 second_order_s=0.000122700 algebra_s=0.000722200 kkt_assembly_s=0.000164700 factor_s=0.001686600 solve_s=0.001428700 update_s=0.000105700 K_nnz=5269 rhs_cols=1 Vxx_nnz=2601
FILTERDDP_TIMING iteration=60 barrier_iteration=9 stage=5 derivative_s=0.000295900 first_order_s=0.000137000 second_order_s=0.000120000 algebra_s=0.000686100 kkt_assembly_s=0.000136400 factor_s=0.001755100 solve_s=0.001557800 update_s=0.000112900 K_nnz=5269 rhs_cols=1 Vxx_nnz=2601
FILTERDDP_TIMING iteration=60 barrier_iteration=9 stage=4 derivative_s=0.000296900 first_order_s=0.000148700 second_order_s=0.000105200 algebra_s=0.000718700 kkt_assembly_s=0.000142700 factor_s=0.001874600 solve_s=0.001540200 update_s=0.000120500 K_nnz=5269 rhs_cols=1 Vxx_nnz=2601
FILTERDDP_TIMING iteration=60 barrier_iteration=9 stage=3 derivative_s=0.000421700 first_order_s=0.000234700 second_order_s=0.000124100 algebra_s=0.000750000 kkt_assembly_s=0.000146300 factor_s=0.002032600 solve_s=0.001584100 update_s=0.000120200 K_nnz=5269 rhs_cols=1 Vxx_nnz=2601
FILTERDDP_TIMING iteration=60 barrier_iteration=9 stage=2 derivative_s=0.000311200 first_order_s=0.000152800 second_order_s=0.000114700 algebra_s=0.000718900 kkt_assembly_s=0.000268100 factor_s=0.002229900 solve_s=0.001855400 update_s=0.000178400 K_nnz=5269 rhs_cols=1 Vxx_nnz=2601
FILTERDDP_TIMING iteration=60 barrier_iteration=9 stage=1 derivative_s=0.000406400 first_order_s=0.000186600 second_order_s=0.000158400 algebra_s=0.000732900 kkt_assembly_s=0.000143000 factor_s=0.001927700 solve_s=0.001655100 update_s=0.000118200 K_nnz=5269 rhs_cols=1 Vxx_nnz=2601
FILTERDDP_FEASIBILITY iteration=60 barrier_iteration=9 equality_count=3372 equality_rms=4.401609147863e-07 equality_max=8.995383264092e-06 equality_worst_stage=5 equality_worst_index=509 dynamics_count=255 dynamics_rms=0.000000000000e+00 dynamics_max=0.000000000000e+00 dynamics_worst_stage=0 dynamics_worst_index=0 bound_count=4902 bound_rms=0.000000000000e+00 bound_max=0.000000000000e+00 bound_worst_stage=0 bound_worst_index=0 bound_worst_kind=none
  iter     objective        pr_inf       du_inf       cs_inf     lg(μ)   lg(reg)    alpha     ls
    60   3.14311856e+03   8.9954e-06   1.5405e-09   2.1712e-11   -7.25      -     2.5000e-01   0
FILTERDDP_ITER_TIMING iteration=60 barrier_iteration=9 backward_s=0.029945400 forward_s=0.004597900 total_s=0.034543300 outcome=accepted step_size=2.500000000e-01 backtracks=0 mu=5.663422933e-08
FILTERDDP_TIMING iteration=61 barrier_iteration=9 stage=6 derivative_s=0.000309500 first_order_s=0.000130800 second_order_s=0.000134600 algebra_s=0.001013000 kkt_assembly_s=0.000147100 factor_s=0.001854100 solve_s=0.001639600 update_s=0.000120700 K_nnz=5269 rhs_cols=1 Vxx_nnz=2601
FILTERDDP_TIMING iteration=61 barrier_iteration=9 stage=5 derivative_s=0.000306800 first_order_s=0.000150600 second_order_s=0.000112500 algebra_s=0.000722000 kkt_assembly_s=0.000165400 factor_s=0.002335000 solve_s=0.001631100 update_s=0.000113700 K_nnz=5269 rhs_cols=1 Vxx_nnz=2601
FILTERDDP_TIMING iteration=61 barrier_iteration=9 stage=4 derivative_s=0.000296700 first_order_s=0.000148600 second_order_s=0.000106700 algebra_s=0.000706500 kkt_assembly_s=0.000142100 factor_s=0.001875800 solve_s=0.001524700 update_s=0.000110700 K_nnz=5269 rhs_cols=1 Vxx_nnz=2601
FILTERDDP_TIMING iteration=61 barrier_iteration=9 stage=3 derivative_s=0.000297900 first_order_s=0.000151300 second_order_s=0.000104600 algebra_s=0.000724600 kkt_assembly_s=0.000161000 factor_s=0.001867500 solve_s=0.001828300 update_s=0.000114800 K_nnz=5269 rhs_cols=1 Vxx_nnz=2601
FILTERDDP_TIMING iteration=61 barrier_iteration=9 stage=2 derivative_s=0.000376700 first_order_s=0.000222400 second_order_s=0.000110500 algebra_s=0.000721500 kkt_assembly_s=0.000142600 factor_s=0.001849500 solve_s=0.001513200 update_s=0.000112400 K_nnz=5269 rhs_cols=1 Vxx_nnz=2601
FILTERDDP_TIMING iteration=61 barrier_iteration=9 stage=1 derivative_s=0.000296200 first_order_s=0.000149200 second_order_s=0.000105700 algebra_s=0.000776800 kkt_assembly_s=0.000145900 factor_s=0.001864400 solve_s=0.001715700 update_s=0.000124900 K_nnz=5269 rhs_cols=1 Vxx_nnz=2601
FILTERDDP_FEASIBILITY iteration=61 barrier_iteration=9 equality_count=3372 equality_rms=3.351703639334e-07 equality_max=6.878758731038e-06 equality_worst_stage=5 equality_worst_index=509 dynamics_count=255 dynamics_rms=0.000000000000e+00 dynamics_max=0.000000000000e+00 dynamics_worst_stage=0 dynamics_worst_index=0 bound_count=4902 bound_rms=0.000000000000e+00 bound_max=0.000000000000e+00 bound_worst_stage=0 bound_worst_index=0 bound_worst_kind=none
    61   3.14311794e+03   6.8788e-06   1.3661e-09   2.1705e-11   -7.25      -     2.5000e-01   0
FILTERDDP_ITER_TIMING iteration=61 barrier_iteration=9 backward_s=0.030136000 forward_s=0.006823000 total_s=0.036959000 outcome=accepted step_size=2.500000000e-01 backtracks=0 mu=5.663422933e-08
FILTERDDP_TIMING iteration=62 barrier_iteration=9 stage=6 derivative_s=0.000339300 first_order_s=0.000163400 second_order_s=0.000132000 algebra_s=0.000820600 kkt_assembly_s=0.000142200 factor_s=0.002010000 solve_s=0.002055000 update_s=0.000121100 K_nnz=5269 rhs_cols=1 Vxx_nnz=2601
FILTERDDP_TIMING iteration=62 barrier_iteration=9 stage=5 derivative_s=0.000442100 first_order_s=0.000213900 second_order_s=0.000165400 algebra_s=0.000744800 kkt_assembly_s=0.000145800 factor_s=0.002626300 solve_s=0.001614300 update_s=0.000228800 K_nnz=5269 rhs_cols=1 Vxx_nnz=2601
FILTERDDP_TIMING iteration=62 barrier_iteration=9 stage=4 derivative_s=0.000318800 first_order_s=0.000142800 second_order_s=0.000121600 algebra_s=0.000865100 kkt_assembly_s=0.000191500 factor_s=0.002008900 solve_s=0.001541700 update_s=0.000175100 K_nnz=5269 rhs_cols=1 Vxx_nnz=2601
FILTERDDP_TIMING iteration=62 barrier_iteration=9 stage=3 derivative_s=0.000423400 first_order_s=0.000229000 second_order_s=0.000129000 algebra_s=0.000736200 kkt_assembly_s=0.000192400 factor_s=0.001824000 solve_s=0.001596300 update_s=0.000112700 K_nnz=5269 rhs_cols=1 Vxx_nnz=2601
FILTERDDP_TIMING iteration=62 barrier_iteration=9 stage=2 derivative_s=0.000299900 first_order_s=0.000152000 second_order_s=0.000105500 algebra_s=0.000765700 kkt_assembly_s=0.011731000 factor_s=0.001897000 solve_s=0.001625800 update_s=0.000114300 K_nnz=5269 rhs_cols=1 Vxx_nnz=2601
FILTERDDP_TIMING iteration=62 barrier_iteration=9 stage=1 derivative_s=0.000382000 first_order_s=0.000197700 second_order_s=0.000123100 algebra_s=0.000943100 kkt_assembly_s=0.000242000 factor_s=0.002014600 solve_s=0.001772200 update_s=0.000155600 K_nnz=5269 rhs_cols=1 Vxx_nnz=2601
FILTERDDP_FEASIBILITY iteration=62 barrier_iteration=9 equality_count=3372 equality_rms=2.542343091961e-07 equality_max=5.235287600755e-06 equality_worst_stage=5 equality_worst_index=509 dynamics_count=255 dynamics_rms=0.000000000000e+00 dynamics_max=0.000000000000e+00 dynamics_worst_stage=0 dynamics_worst_index=0 bound_count=4902 bound_rms=0.000000000000e+00 bound_max=0.000000000000e+00 bound_worst_stage=0 bound_worst_index=0 bound_worst_kind=none
    62   3.14311747e+03   5.2353e-06   1.1866e-09   2.1698e-11   -7.25      -     2.5000e-01   0
FILTERDDP_ITER_TIMING iteration=62 barrier_iteration=9 backward_s=0.043763400 forward_s=0.004314400 total_s=0.048077800 outcome=accepted step_size=2.500000000e-01 backtracks=0 mu=5.663422933e-08
FILTERDDP_TIMING iteration=63 barrier_iteration=9 stage=6 derivative_s=0.000313300 first_order_s=0.000133500 second_order_s=0.000135300 algebra_s=0.001022400 kkt_assembly_s=0.000165600 factor_s=0.001884900 solve_s=0.001655400 update_s=0.000115100 K_nnz=5269 rhs_cols=1 Vxx_nnz=2601
FILTERDDP_TIMING iteration=63 barrier_iteration=9 stage=5 derivative_s=0.000289600 first_order_s=0.000143500 second_order_s=0.000105500 algebra_s=0.000684700 kkt_assembly_s=0.000139400 factor_s=0.002544200 solve_s=0.001632200 update_s=0.000116300 K_nnz=5269 rhs_cols=1 Vxx_nnz=2601
FILTERDDP_TIMING iteration=63 barrier_iteration=9 stage=4 derivative_s=0.000301100 first_order_s=0.000149100 second_order_s=0.000109700 algebra_s=0.000763900 kkt_assembly_s=0.000143300 factor_s=0.001954800 solve_s=0.001787800 update_s=0.000122100 K_nnz=5269 rhs_cols=1 Vxx_nnz=2601
FILTERDDP_TIMING iteration=63 barrier_iteration=9 stage=3 derivative_s=0.000314200 first_order_s=0.000154200 second_order_s=0.000115500 algebra_s=0.001334400 kkt_assembly_s=0.000152300 factor_s=0.001892700 solve_s=0.001620700 update_s=0.000126600 K_nnz=5269 rhs_cols=1 Vxx_nnz=2601
FILTERDDP_TIMING iteration=63 barrier_iteration=9 stage=2 derivative_s=0.000306800 first_order_s=0.000152600 second_order_s=0.000109300 algebra_s=0.000742700 kkt_assembly_s=0.000144600 factor_s=0.002419600 solve_s=0.001785200 update_s=0.000119700 K_nnz=5269 rhs_cols=1 Vxx_nnz=2601
FILTERDDP_TIMING iteration=63 barrier_iteration=9 stage=1 derivative_s=0.000307300 first_order_s=0.000152600 second_order_s=0.000110500 algebra_s=0.000733300 kkt_assembly_s=0.000144800 factor_s=0.002024300 solve_s=0.001566700 update_s=0.000114000 K_nnz=5269 rhs_cols=1 Vxx_nnz=2601
FILTERDDP_FEASIBILITY iteration=63 barrier_iteration=9 equality_count=3372 equality_rms=1.922889222476e-07 equality_max=3.970013388359e-06 equality_worst_stage=5 equality_worst_index=509 dynamics_count=255 dynamics_rms=0.000000000000e+00 dynamics_max=0.000000000000e+00 dynamics_worst_stage=0 dynamics_worst_index=0 bound_count=4902 bound_rms=0.000000000000e+00 bound_max=0.000000000000e+00 bound_worst_stage=0 bound_worst_index=0 bound_worst_kind=none
    63   3.14311711e+03   3.9700e-06   1.0137e-09   2.1691e-11   -7.25      -     2.5000e-01   0
FILTERDDP_ITER_TIMING iteration=63 barrier_iteration=9 backward_s=0.031990600 forward_s=0.004318800 total_s=0.036309400 outcome=accepted step_size=2.500000000e-01 backtracks=0 mu=5.663422933e-08
FILTERDDP_TIMING iteration=64 barrier_iteration=9 stage=6 derivative_s=0.000296100 first_order_s=0.000126600 second_order_s=0.000126700 algebra_s=0.001121600 kkt_assembly_s=0.000292200 factor_s=0.001833500 solve_s=0.001536400 update_s=0.000109200 K_nnz=5269 rhs_cols=1 Vxx_nnz=2601
FILTERDDP_TIMING iteration=64 barrier_iteration=9 stage=5 derivative_s=0.000295100 first_order_s=0.000146800 second_order_s=0.000106200 algebra_s=0.000712400 kkt_assembly_s=0.000140900 factor_s=0.001974100 solve_s=0.001639800 update_s=0.000113600 K_nnz=5269 rhs_cols=1 Vxx_nnz=2601
FILTERDDP_TIMING iteration=64 barrier_iteration=9 stage=4 derivative_s=0.000293500 first_order_s=0.000147500 second_order_s=0.000104900 algebra_s=0.000732300 kkt_assembly_s=0.000142700 factor_s=0.001987700 solve_s=0.001666500 update_s=0.000117500 K_nnz=5269 rhs_cols=1 Vxx_nnz=2601
FILTERDDP_TIMING iteration=64 barrier_iteration=9 stage=3 derivative_s=0.000322900 first_order_s=0.000171400 second_order_s=0.000108500 algebra_s=0.000697000 kkt_assembly_s=0.000142400 factor_s=0.002094000 solve_s=0.001641600 update_s=0.000118500 K_nnz=5269 rhs_cols=1 Vxx_nnz=2601
FILTERDDP_TIMING iteration=64 barrier_iteration=9 stage=2 derivative_s=0.000312900 first_order_s=0.000152100 second_order_s=0.000113800 algebra_s=0.000728400 kkt_assembly_s=0.000147500 factor_s=0.001880000 solve_s=0.001812800 update_s=0.000121000 K_nnz=5269 rhs_cols=1 Vxx_nnz=2601
FILTERDDP_TIMING iteration=64 barrier_iteration=9 stage=1 derivative_s=0.000326600 first_order_s=0.000175100 second_order_s=0.000108200 algebra_s=0.000720400 kkt_assembly_s=0.000144400 factor_s=0.002071000 solve_s=0.001772900 update_s=0.000122500 K_nnz=5269 rhs_cols=1 Vxx_nnz=2601
FILTERDDP_FEASIBILITY iteration=64 barrier_iteration=9 equality_count=3372 equality_rms=1.451266844261e-07 equality_max=3.002150561565e-06 equality_worst_stage=5 equality_worst_index=509 dynamics_count=255 dynamics_rms=0.000000000000e+00 dynamics_max=0.000000000000e+00 dynamics_worst_stage=0 dynamics_worst_index=0 bound_count=4902 bound_rms=0.000000000000e+00 bound_max=0.000000000000e+00 bound_worst_stage=0 bound_worst_index=0 bound_worst_kind=none
    64   3.14311685e+03   3.0022e-06   8.5448e-10   2.1684e-11   -7.25      -     2.5000e-01   0
FILTERDDP_ITER_TIMING iteration=64 barrier_iteration=9 backward_s=0.030701200 forward_s=0.004221100 total_s=0.034922300 outcome=accepted step_size=2.500000000e-01 backtracks=0 mu=5.663422933e-08
FILTERDDP_TIMING iteration=65 barrier_iteration=9 stage=6 derivative_s=0.000390800 first_order_s=0.000166600 second_order_s=0.000174000 algebra_s=0.000956400 kkt_assembly_s=0.000147000 factor_s=0.001942400 solve_s=0.001710100 update_s=0.000125400 K_nnz=5269 rhs_cols=1 Vxx_nnz=2601
FILTERDDP_TIMING iteration=65 barrier_iteration=9 stage=5 derivative_s=0.000364900 first_order_s=0.000169600 second_order_s=0.000150000 algebra_s=0.000739600 kkt_assembly_s=0.000141200 factor_s=0.001867700 solve_s=0.001558100 update_s=0.000116400 K_nnz=5269 rhs_cols=1 Vxx_nnz=2601
FILTERDDP_TIMING iteration=65 barrier_iteration=9 stage=4 derivative_s=0.000330700 first_order_s=0.000149300 second_order_s=0.000139700 algebra_s=0.000742600 kkt_assembly_s=0.000142800 factor_s=0.002165200 solve_s=0.001596400 update_s=0.000112800 K_nnz=5269 rhs_cols=1 Vxx_nnz=2601
FILTERDDP_TIMING iteration=65 barrier_iteration=9 stage=3 derivative_s=0.000296700 first_order_s=0.000148800 second_order_s=0.000106600 algebra_s=0.000765900 kkt_assembly_s=0.000142900 factor_s=0.001869500 solve_s=0.011649700 update_s=0.000113400 K_nnz=5269 rhs_cols=1 Vxx_nnz=2601
FILTERDDP_TIMING iteration=65 barrier_iteration=9 stage=2 derivative_s=0.000243300 first_order_s=0.000121700 second_order_s=0.000087100 algebra_s=0.000641500 kkt_assembly_s=0.000142400 factor_s=0.002001300 solve_s=0.001729500 update_s=0.000107200 K_nnz=5269 rhs_cols=1 Vxx_nnz=2601
FILTERDDP_TIMING iteration=65 barrier_iteration=9 stage=1 derivative_s=0.000275100 first_order_s=0.000135900 second_order_s=0.000101500 algebra_s=0.000592600 kkt_assembly_s=0.000126800 factor_s=0.001650300 solve_s=0.001396400 update_s=0.000143500 K_nnz=5269 rhs_cols=1 Vxx_nnz=2601
FILTERDDP_FEASIBILITY iteration=65 barrier_iteration=9 equality_count=3372 equality_rms=1.093578635595e-07 equality_max=2.265398924482e-06 equality_worst_stage=5 equality_worst_index=509 dynamics_count=255 dynamics_rms=0.000000000000e+00 dynamics_max=0.000000000000e+00 dynamics_worst_stage=0 dynamics_worst_index=0 bound_count=4902 bound_rms=0.000000000000e+00 bound_max=0.000000000000e+00 bound_worst_stage=0 bound_worst_index=0 bound_worst_kind=none
    65   3.14311665e+03   2.2654e-06   7.1218e-10   2.1677e-11   -7.25      -     2.5000e-01   0
FILTERDDP_ITER_TIMING iteration=65 barrier_iteration=9 backward_s=0.039849300 forward_s=0.004488300 total_s=0.044337600 outcome=accepted step_size=2.500000000e-01 backtracks=0 mu=5.663422933e-08
FILTERDDP_TIMING iteration=66 barrier_iteration=9 stage=6 derivative_s=0.000319700 first_order_s=0.000136600 second_order_s=0.000139500 algebra_s=0.001079900 kkt_assembly_s=0.000162400 factor_s=0.001942000 solve_s=0.001653900 update_s=0.000087000 K_nnz=5269 rhs_cols=1 Vxx_nnz=2601
FILTERDDP_TIMING iteration=66 barrier_iteration=9 stage=5 derivative_s=0.000249800 first_order_s=0.000120800 second_order_s=0.000089900 algebra_s=0.000601100 kkt_assembly_s=0.000108900 factor_s=0.001428700 solve_s=0.001180400 update_s=0.000116300 K_nnz=5269 rhs_cols=1 Vxx_nnz=2601
FILTERDDP_TIMING iteration=66 barrier_iteration=9 stage=4 derivative_s=0.000319600 first_order_s=0.000157700 second_order_s=0.000118200 algebra_s=0.000738600 kkt_assembly_s=0.000145300 factor_s=0.001908000 solve_s=0.001508300 update_s=0.000115900 K_nnz=5269 rhs_cols=1 Vxx_nnz=2601
FILTERDDP_TIMING iteration=66 barrier_iteration=9 stage=3 derivative_s=0.000308500 first_order_s=0.000154500 second_order_s=0.000110800 algebra_s=0.000788200 kkt_assembly_s=0.000143600 factor_s=0.001853700 solve_s=0.001726700 update_s=0.000144100 K_nnz=5269 rhs_cols=1 Vxx_nnz=2601
FILTERDDP_TIMING iteration=66 barrier_iteration=9 stage=2 derivative_s=0.000359000 first_order_s=0.000197200 second_order_s=0.000116900 algebra_s=0.000750300 kkt_assembly_s=0.000182700 factor_s=0.002285900 solve_s=0.001839200 update_s=0.000130500 K_nnz=5269 rhs_cols=1 Vxx_nnz=2601
FILTERDDP_TIMING iteration=66 barrier_iteration=9 stage=1 derivative_s=0.000324600 first_order_s=0.000169000 second_order_s=0.000110900 algebra_s=0.000762200 kkt_assembly_s=0.000199300 factor_s=0.002014400 solve_s=0.001882900 update_s=0.000143100 K_nnz=5269 rhs_cols=1 Vxx_nnz=2601
FILTERDDP_FEASIBILITY iteration=66 barrier_iteration=9 equality_count=3372 equality_rms=8.230709464742e-08 equality_max=1.706659364624e-06 equality_worst_stage=5 equality_worst_index=509 dynamics_count=255 dynamics_rms=0.000000000000e+00 dynamics_max=0.000000000000e+00 dynamics_worst_stage=0 dynamics_worst_index=0 bound_count=4902 bound_rms=0.000000000000e+00 bound_max=0.000000000000e+00 bound_worst_stage=0 bound_worst_index=0 bound_worst_kind=none
    66   3.14311650e+03   1.7067e-06   5.8799e-10   2.1670e-11   -7.25      -     2.5000e-01   0
FILTERDDP_ITER_TIMING iteration=66 barrier_iteration=9 backward_s=0.030034600 forward_s=0.006653600 total_s=0.036688200 outcome=accepted step_size=2.500000000e-01 backtracks=0 mu=5.663422933e-08
FILTERDDP_TIMING iteration=67 barrier_iteration=9 stage=6 derivative_s=0.000408300 first_order_s=0.000239800 second_order_s=0.000129000 algebra_s=0.000886700 kkt_assembly_s=0.000175400 factor_s=0.001919200 solve_s=0.001633800 update_s=0.000121000 K_nnz=5269 rhs_cols=1 Vxx_nnz=2601
FILTERDDP_TIMING iteration=67 barrier_iteration=9 stage=5 derivative_s=0.000317000 first_order_s=0.000155800 second_order_s=0.000113800 algebra_s=0.000725700 kkt_assembly_s=0.000152700 factor_s=0.001892400 solve_s=0.001549000 update_s=0.000122700 K_nnz=5269 rhs_cols=1 Vxx_nnz=2601
FILTERDDP_TIMING iteration=67 barrier_iteration=9 stage=4 derivative_s=0.000317200 first_order_s=0.000159500 second_order_s=0.000112200 algebra_s=0.000742900 kkt_assembly_s=0.000146200 factor_s=0.002119900 solve_s=0.001759100 update_s=0.000118600 K_nnz=5269 rhs_cols=1 Vxx_nnz=2601
FILTERDDP_TIMING iteration=67 barrier_iteration=9 stage=3 derivative_s=0.000377800 first_order_s=0.000191400 second_order_s=0.000125600 algebra_s=0.000729400 kkt_assembly_s=0.000141700 factor_s=0.001852600 solve_s=0.001519100 update_s=0.000111600 K_nnz=5269 rhs_cols=1 Vxx_nnz=2601
FILTERDDP_TIMING iteration=67 barrier_iteration=9 stage=2 derivative_s=0.000428500 first_order_s=0.000275800 second_order_s=0.000108600 algebra_s=0.000728800 kkt_assembly_s=0.000154300 factor_s=0.001927700 solve_s=0.001766800 update_s=0.000117800 K_nnz=5269 rhs_cols=1 Vxx_nnz=2601
FILTERDDP_TIMING iteration=67 barrier_iteration=9 stage=1 derivative_s=0.000306800 first_order_s=0.000154700 second_order_s=0.000107700 algebra_s=0.000771200 kkt_assembly_s=0.000144900 factor_s=0.001872500 solve_s=0.001593900 update_s=0.000114500 K_nnz=5269 rhs_cols=1 Vxx_nnz=2601
FILTERDDP_FEASIBILITY iteration=67 barrier_iteration=9 equality_count=3372 equality_rms=6.189257350288e-08 equality_max=1.284131348444e-06 equality_worst_stage=5 equality_worst_index=509 dynamics_count=255 dynamics_rms=0.000000000000e+00 dynamics_max=0.000000000000e+00 dynamics_worst_stage=0 dynamics_worst_index=0 bound_count=4902 bound_rms=0.000000000000e+00 bound_max=0.000000000000e+00 bound_worst_stage=0 bound_worst_index=0 bound_worst_kind=none
    67   3.14311639e+03   1.2841e-06   4.8154e-10   2.1663e-11   -7.25      -     2.5000e-01   0
FILTERDDP_ITER_TIMING iteration=67 barrier_iteration=9 backward_s=0.030259400 forward_s=0.004478800 total_s=0.034738200 outcome=accepted step_size=2.500000000e-01 backtracks=0 mu=5.663422933e-08
FILTERDDP_TIMING iteration=68 barrier_iteration=9 stage=6 derivative_s=0.000307900 first_order_s=0.000134300 second_order_s=0.000130100 algebra_s=0.001052000 kkt_assembly_s=0.000154600 factor_s=0.001861900 solve_s=0.012093000 update_s=0.000126200 K_nnz=5269 rhs_cols=1 Vxx_nnz=2601
FILTERDDP_TIMING iteration=68 barrier_iteration=9 stage=5 derivative_s=0.000458700 first_order_s=0.000295100 second_order_s=0.000118200 algebra_s=0.000846400 kkt_assembly_s=0.000185800 factor_s=0.002244200 solve_s=0.001593200 update_s=0.000125000 K_nnz=5269 rhs_cols=1 Vxx_nnz=2601
FILTERDDP_TIMING iteration=68 barrier_iteration=9 stage=4 derivative_s=0.000314500 first_order_s=0.000158000 second_order_s=0.000111800 algebra_s=0.000760500 kkt_assembly_s=0.000147500 factor_s=0.002006600 solve_s=0.001705900 update_s=0.000127100 K_nnz=5269 rhs_cols=1 Vxx_nnz=2601
FILTERDDP_TIMING iteration=68 barrier_iteration=9 stage=3 derivative_s=0.000324500 first_order_s=0.000156300 second_order_s=0.000120300 algebra_s=0.000764800 kkt_assembly_s=0.000144600 factor_s=0.001894200 solve_s=0.001643900 update_s=0.000118200 K_nnz=5269 rhs_cols=1 Vxx_nnz=2601
FILTERDDP_TIMING iteration=68 barrier_iteration=9 stage=2 derivative_s=0.000299500 first_order_s=0.000149600 second_order_s=0.000106500 algebra_s=0.000721600 kkt_assembly_s=0.000144200 factor_s=0.001865900 solve_s=0.001702400 update_s=0.000138100 K_nnz=5269 rhs_cols=1 Vxx_nnz=2601
FILTERDDP_TIMING iteration=68 barrier_iteration=9 stage=1 derivative_s=0.000440100 first_order_s=0.000228600 second_order_s=0.000154600 algebra_s=0.000785400 kkt_assembly_s=0.000182300 factor_s=0.001819400 solve_s=0.001618100 update_s=0.000118600 K_nnz=5269 rhs_cols=1 Vxx_nnz=2601
FILTERDDP_FEASIBILITY iteration=68 barrier_iteration=9 equality_count=3372 equality_rms=4.651045485950e-08 equality_max=9.653123117983e-07 equality_worst_stage=5 equality_worst_index=509 dynamics_count=255 dynamics_rms=0.000000000000e+00 dynamics_max=0.000000000000e+00 dynamics_worst_stage=0 dynamics_worst_index=0 bound_count=4902 bound_rms=0.000000000000e+00 bound_max=0.000000000000e+00 bound_worst_stage=0 bound_worst_index=0 bound_worst_kind=none
FILTERDDP_ITER_TIMING iteration=68 barrier_iteration=9 backward_s=0.041362400 forward_s=0.000000000 total_s=0.041362400 outcome=near_optimal step_size=2.500000000e-01 backtracks=0 mu=5.663422933e-08
    68   3.14311631e+03   9.6531e-07   3.9163e-10   2.1657e-11   -7.25      -     2.5000e-01   0
FILTERDDP_NEAR_OPT iteration=68 elapsed_s=23.190 objective=3143.116309921633 reference=3143.115906497067 rel_gap=1.284e-07 primal_inf=9.653e-07 dual_inf=3.916e-10 mu=5.663e-08
    68   3.14311631e+03   9.6531e-07   3.9163e-10   2.1657e-11   -7.25      -     2.5000e-01   0


EXIT: Near-optimal: feasible and within the gap of the centralized reference.

solve complete: 25.369 s, iterations=68, status=9
final residuals: primal=9.653123117983e-07 dual=3.916286170367e-10 complementarity=2.165652754043e-11
saved_solution=C:\Users\Aryan Ritwajeet Jha\Documents\documents_general\MultiPeriodDistOPF\.claude\worktrees\new-session-a7b7a2\ddp\results\network_filterddp\filterddp_solution_ieee123C_1ph_T6_periodic_CBsystem.jls
FilterDDP objective=3143.116309921633 max_equality_residual=9.653e-07
Ipopt objective=2973.553340644326 objective_gap=1.696e+02
max_abs_diff[P_Subs]=3.804e-01
max_abs_diff[Q_Subs]=4.004e-02
max_abs_diff[P]=3.804e-01
max_abs_diff[Q]=4.004e-02
max_abs_diff[v]=1.972e-02
max_abs_diff[ell]=5.779e-01
max_abs_diff[P_B]=1.058e-02
max_abs_diff[B]=2.773e-02
max_abs_diff[q_D]=3.503e-03
wrote ddp/results/kkt_ordering/fullrun_blocked/trace_ieee123C_1ph_T6_diag_tableII_cbsys_typed_tree3_blocked_w16_r1.csv (69 unique iterations)
