QUIET_WAIT waited_s=18 other_cores=0.80 timed_out=0
PIPELINE_ENV system=ieee123C_1ph T=6 arm=diag variant=blocked_w16 repeat=1 blocked_solve=16 direct_diag=1 triplet=1 kkt_pattern_cache=1 factor_backed=1 blas_threads=10 julia_threads=8 near_opt_reference=3143.115906497067 near_opt_primal=1e-6 started=2026-09-25T19:24:39
C_B OVERRIDE: 0.001
ieee123C_1ph T=6: nx=51, nu=791, nc=562, dense nu^2=625681, reduced=229
TERMINAL_SOC soft=1 gamma=1.750000e+04
build complete: 2.508 s, nc=562
constructing dynamic Solver storage...
optimality_tolerance=1.000e-07 max_iterations=400
Solver construction complete: 0.338 s
entering solve! ...
[31;1m   
 _____ _ _ _            ____  ____  ____  
|  ___(_) | |_ ___ _ __|  _ \|  _ \|  _ \ 
| |_  | | | __/ _ \ '__| | | | | | | |_) |
|  _| | | | ||  __/ |  | |_| | |_| |  __/ 
|_|   |_|_|\__\___|_|  |____/|____/|_|                 
    
[0mFILTERDDP_TIMING iteration=0 barrier_iteration=0 stage=6 derivative_s=0.281516900 first_order_s=0.083561700 second_order_s=0.094668400 algebra_s=1.307399500 kkt_assembly_s=1.917878300 factor_s=0.444173700 solve_s=0.704903800 update_s=0.587436800 K_nnz=5269 rhs_cols=52 Vxx_nnz=2601
FILTERDDP_TIMING iteration=0 barrier_iteration=0 stage=5 derivative_s=0.034599800 first_order_s=0.022379900 second_order_s=0.012167800 algebra_s=0.000410700 kkt_assembly_s=0.061606300 factor_s=0.002262900 solve_s=0.001280700 update_s=0.439414800 K_nnz=5269 rhs_cols=52 Vxx_nnz=2601
FILTERDDP_TIMING iteration=0 barrier_iteration=0 stage=4 derivative_s=0.001673200 first_order_s=0.001466700 second_order_s=0.000145100 algebra_s=0.000815400 kkt_assembly_s=0.002651400 factor_s=0.006209500 solve_s=0.001168600 update_s=0.000335300 K_nnz=5269 rhs_cols=52 Vxx_nnz=2601
FILTERDDP_TIMING iteration=0 barrier_iteration=0 stage=3 derivative_s=0.001069500 first_order_s=0.000890900 second_order_s=0.000142700 algebra_s=0.000928300 kkt_assembly_s=0.002349300 factor_s=0.004321200 solve_s=0.019257300 update_s=0.000457100 K_nnz=5269 rhs_cols=52 Vxx_nnz=2601
FILTERDDP_TIMING iteration=0 barrier_iteration=0 stage=2 derivative_s=0.001580900 first_order_s=0.001370900 second_order_s=0.000170200 algebra_s=0.000837200 kkt_assembly_s=0.002483900 factor_s=0.006718500 solve_s=0.000981700 update_s=0.000373100 K_nnz=5269 rhs_cols=52 Vxx_nnz=2601
FILTERDDP_TIMING iteration=0 barrier_iteration=0 stage=1 derivative_s=0.001606700 first_order_s=0.001434800 second_order_s=0.000139500 algebra_s=0.000636800 kkt_assembly_s=0.001622500 factor_s=0.004367500 solve_s=0.000987900 update_s=0.000429800 K_nnz=5269 rhs_cols=52 Vxx_nnz=2601
FILTERDDP_FEASIBILITY iteration=0 barrier_iteration=0 equality_count=3372 equality_rms=4.305296482273e-02 equality_max=1.000000000000e+00 equality_worst_stage=6 equality_worst_index=1 dynamics_count=255 dynamics_rms=0.000000000000e+00 dynamics_max=0.000000000000e+00 dynamics_worst_stage=0 dynamics_worst_index=0 bound_count=4902 bound_rms=0.000000000000e+00 bound_max=0.000000000000e+00 bound_worst_stage=0 bound_worst_index=0 bound_worst_kind=none
  iter     objective        pr_inf       du_inf       cs_inf     lg(μ)   lg(reg)    alpha     ls
     0   3.36000000e+03   1.0000e+00   7.6685e+02   1.0000e+00    0.00      -     0.0000e+00   0
FILTERDDP_ITER_TIMING iteration=0 barrier_iteration=0 backward_s=15.326247500 forward_s=1.196568800 total_s=16.522816300 outcome=accepted step_size=6.250000000e-02 backtracks=0 mu=1.000000000e+00
FILTERDDP_TIMING iteration=1 barrier_iteration=0 stage=6 derivative_s=0.000602600 first_order_s=0.000517900 second_order_s=0.000048600 algebra_s=0.002274500 kkt_assembly_s=0.024714600 factor_s=0.004057500 solve_s=0.000722400 update_s=0.001085400 K_nnz=5269 rhs_cols=52 Vxx_nnz=2601
FILTERDDP_TIMING iteration=1 barrier_iteration=0 stage=5 derivative_s=0.001544900 first_order_s=0.001380000 second_order_s=0.000112000 algebra_s=0.001115900 kkt_assembly_s=0.000507900 factor_s=0.008141500 solve_s=0.001201600 update_s=0.000378600 K_nnz=5269 rhs_cols=52 Vxx_nnz=2601
FILTERDDP_TIMING iteration=1 barrier_iteration=0 stage=4 derivative_s=0.002129000 first_order_s=0.001882600 second_order_s=0.000178100 algebra_s=0.001100800 kkt_assembly_s=0.000776600 factor_s=0.006926400 solve_s=0.001461000 update_s=0.000412600 K_nnz=5269 rhs_cols=52 Vxx_nnz=2601
FILTERDDP_TIMING iteration=1 barrier_iteration=0 stage=3 derivative_s=0.002274300 first_order_s=0.002044500 second_order_s=0.000178500 algebra_s=0.000896700 kkt_assembly_s=0.000608700 factor_s=0.006488000 solve_s=0.001069700 update_s=0.000343200 K_nnz=5269 rhs_cols=52 Vxx_nnz=2601
FILTERDDP_TIMING iteration=1 barrier_iteration=0 stage=2 derivative_s=0.001511300 first_order_s=0.001296900 second_order_s=0.000171000 algebra_s=0.000901400 kkt_assembly_s=0.000472500 factor_s=0.006046400 solve_s=0.001292200 update_s=0.000371700 K_nnz=5269 rhs_cols=52 Vxx_nnz=2601
FILTERDDP_TIMING iteration=1 barrier_iteration=0 stage=1 derivative_s=0.001527800 first_order_s=0.001341700 second_order_s=0.000142000 algebra_s=0.000926600 kkt_assembly_s=0.000640400 factor_s=0.005921100 solve_s=0.000976100 update_s=0.089113200 K_nnz=5269 rhs_cols=52 Vxx_nnz=2601
FILTERDDP_FEASIBILITY iteration=1 barrier_iteration=0 equality_count=3372 equality_rms=4.045265184342e-02 equality_max=9.375000000000e-01 equality_worst_stage=1 equality_worst_index=1 dynamics_count=255 dynamics_rms=0.000000000000e+00 dynamics_max=0.000000000000e+00 dynamics_worst_stage=0 dynamics_worst_index=0 bound_count=4902 bound_rms=0.000000000000e+00 bound_max=0.000000000000e+00 bound_worst_stage=0 bound_worst_index=0 bound_worst_kind=none
     1   3.51197761e+03   9.3750e-01   7.1892e+02   1.0000e+00    0.00      -     6.2500e-02   0
FILTERDDP_ITER_TIMING iteration=1 barrier_iteration=0 backward_s=0.181792200 forward_s=0.004962200 total_s=0.186754400 outcome=accepted step_size=1.250000000e-01 backtracks=0 mu=1.000000000e+00
FILTERDDP_TIMING iteration=2 barrier_iteration=0 stage=6 derivative_s=0.000526800 first_order_s=0.000406600 second_order_s=0.000088900 algebra_s=0.001174100 kkt_assembly_s=0.000388700 factor_s=0.002330900 solve_s=0.000990900 update_s=0.001052200 K_nnz=5269 rhs_cols=52 Vxx_nnz=2601
FILTERDDP_TIMING iteration=2 barrier_iteration=0 stage=5 derivative_s=0.001569500 first_order_s=0.001353900 second_order_s=0.000174600 algebra_s=0.000952100 kkt_assembly_s=0.000506000 factor_s=0.006571700 solve_s=0.001236900 update_s=0.000423200 K_nnz=5269 rhs_cols=52 Vxx_nnz=2601
FILTERDDP_TIMING iteration=2 barrier_iteration=0 stage=4 derivative_s=0.001552200 first_order_s=0.001340200 second_order_s=0.000173400 algebra_s=0.000950600 kkt_assembly_s=0.000502200 factor_s=0.006011500 solve_s=0.000683800 update_s=0.000181200 K_nnz=5269 rhs_cols=52 Vxx_nnz=2601
FILTERDDP_TIMING iteration=2 barrier_iteration=0 stage=3 derivative_s=0.000581500 first_order_s=0.000494900 second_order_s=0.000069900 algebra_s=0.000369300 kkt_assembly_s=0.000186400 factor_s=0.002191100 solve_s=0.000796000 update_s=0.000329300 K_nnz=5269 rhs_cols=52 Vxx_nnz=2601
FILTERDDP_TIMING iteration=2 barrier_iteration=0 stage=2 derivative_s=0.001250500 first_order_s=0.001062600 second_order_s=0.000155700 algebra_s=0.000762000 kkt_assembly_s=0.000440300 factor_s=0.004862800 solve_s=0.000906800 update_s=0.000176100 K_nnz=5269 rhs_cols=52 Vxx_nnz=2601
FILTERDDP_TIMING iteration=2 barrier_iteration=0 stage=1 derivative_s=0.000685200 first_order_s=0.000502900 second_order_s=0.000167200 algebra_s=0.000541400 kkt_assembly_s=0.000196700 factor_s=0.002743600 solve_s=0.000591900 update_s=0.000228400 K_nnz=5269 rhs_cols=52 Vxx_nnz=2601
FILTERDDP_FEASIBILITY iteration=2 barrier_iteration=0 equality_count=3372 equality_rms=3.615947602929e-02 equality_max=8.203125000000e-01 equality_worst_stage=3 equality_worst_index=1 dynamics_count=255 dynamics_rms=0.000000000000e+00 dynamics_max=0.000000000000e+00 dynamics_worst_stage=0 dynamics_worst_index=0 bound_count=4902 bound_rms=0.000000000000e+00 bound_max=0.000000000000e+00 bound_worst_stage=0 bound_worst_index=0 bound_worst_kind=none
     2   3.76919425e+03   8.2031e-01   6.2905e+02   1.0000e+00    0.00      -     1.2500e-01   0
FILTERDDP_ITER_TIMING iteration=2 barrier_iteration=0 backward_s=0.046300100 forward_s=0.008047900 total_s=0.054348000 outcome=accepted step_size=2.500000000e-01 backtracks=0 mu=1.000000000e+00
FILTERDDP_TIMING iteration=3 barrier_iteration=0 stage=6 derivative_s=0.000865200 first_order_s=0.000702700 second_order_s=0.000140000 algebra_s=0.002647200 kkt_assembly_s=0.001098600 factor_s=0.006945200 solve_s=0.001379900 update_s=0.001038000 K_nnz=5269 rhs_cols=52 Vxx_nnz=2601
FILTERDDP_TIMING iteration=3 barrier_iteration=0 stage=5 derivative_s=0.001796000 first_order_s=0.001411200 second_order_s=0.000347300 algebra_s=0.001066100 kkt_assembly_s=0.000510900 factor_s=0.007665000 solve_s=0.001388100 update_s=0.000278800 K_nnz=5269 rhs_cols=52 Vxx_nnz=2601
FILTERDDP_TIMING iteration=3 barrier_iteration=0 stage=4 derivative_s=0.001410800 first_order_s=0.001177700 second_order_s=0.000147300 algebra_s=0.001006600 kkt_assembly_s=0.000449700 factor_s=0.005386200 solve_s=0.001160300 update_s=0.000429700 K_nnz=5269 rhs_cols=52 Vxx_nnz=2601
FILTERDDP_TIMING iteration=3 barrier_iteration=0 stage=3 derivative_s=0.001946800 first_order_s=0.001703400 second_order_s=0.000201900 algebra_s=0.001388500 kkt_assembly_s=0.000547600 factor_s=0.006862800 solve_s=0.001470000 update_s=0.000394800 K_nnz=5269 rhs_cols=52 Vxx_nnz=2601
FILTERDDP_TIMING iteration=3 barrier_iteration=0 stage=2 derivative_s=0.001462900 first_order_s=0.001315900 second_order_s=0.000107800 algebra_s=0.000911600 kkt_assembly_s=0.000505900 factor_s=0.006909000 solve_s=0.001175600 update_s=0.000357600 K_nnz=5269 rhs_cols=52 Vxx_nnz=2601
FILTERDDP_TIMING iteration=3 barrier_iteration=0 stage=1 derivative_s=0.001591500 first_order_s=0.001360100 second_order_s=0.000183700 algebra_s=0.000799800 kkt_assembly_s=0.000448600 factor_s=0.006316300 solve_s=0.001232100 update_s=0.000321200 K_nnz=5269 rhs_cols=52 Vxx_nnz=2601
FILTERDDP_FEASIBILITY iteration=3 barrier_iteration=0 equality_count=3372 equality_rms=3.137346529022e-02 equality_max=6.152343750000e-01 equality_worst_stage=3 equality_worst_index=1 dynamics_count=255 dynamics_rms=0.000000000000e+00 dynamics_max=0.000000000000e+00 dynamics_worst_stage=0 dynamics_worst_index=0 bound_count=4902 bound_rms=0.000000000000e+00 bound_max=0.000000000000e+00 bound_worst_stage=0 bound_worst_index=0 bound_worst_kind=none
     3   3.99149838e+03   6.1523e-01   4.7179e+02   9.9998e-01    0.00      -     2.5000e-01   0
FILTERDDP_ITER_TIMING iteration=3 barrier_iteration=0 backward_s=0.072280200 forward_s=0.007263400 total_s=0.079543600 outcome=accepted step_size=2.500000000e-01 backtracks=0 mu=1.000000000e+00
FILTERDDP_TIMING iteration=4 barrier_iteration=0 stage=6 derivative_s=0.000845800 first_order_s=0.000715600 second_order_s=0.000106700 algebra_s=0.001836000 kkt_assembly_s=0.000327800 factor_s=0.017298900 solve_s=0.001183900 update_s=0.001156700 K_nnz=5269 rhs_cols=52 Vxx_nnz=2601
FILTERDDP_TIMING iteration=4 barrier_iteration=0 stage=5 derivative_s=0.001718300 first_order_s=0.001477300 second_order_s=0.000195900 algebra_s=0.000968100 kkt_assembly_s=0.000535200 factor_s=0.007038800 solve_s=0.001503200 update_s=0.000449800 K_nnz=5269 rhs_cols=52 Vxx_nnz=2601
FILTERDDP_TIMING iteration=4 barrier_iteration=0 stage=4 derivative_s=0.001616600 first_order_s=0.001382000 second_order_s=0.000193200 algebra_s=0.000978700 kkt_assembly_s=0.000722800 factor_s=0.006666500 solve_s=0.001365300 update_s=0.000451000 K_nnz=5269 rhs_cols=52 Vxx_nnz=2601
FILTERDDP_TIMING iteration=4 barrier_iteration=0 stage=3 derivative_s=0.002115700 first_order_s=0.001876500 second_order_s=0.000194600 algebra_s=0.000979700 kkt_assembly_s=0.000553300 factor_s=0.007490800 solve_s=0.001356100 update_s=0.000417700 K_nnz=5269 rhs_cols=52 Vxx_nnz=2601
FILTERDDP_TIMING iteration=4 barrier_iteration=0 stage=2 derivative_s=0.001636000 first_order_s=0.001398800 second_order_s=0.000197100 algebra_s=0.000991100 kkt_assembly_s=0.000539600 factor_s=0.005696200 solve_s=0.001658200 update_s=0.000404400 K_nnz=5269 rhs_cols=52 Vxx_nnz=2601
FILTERDDP_TIMING iteration=4 barrier_iteration=0 stage=1 derivative_s=0.001597300 first_order_s=0.001376100 second_order_s=0.000181000 algebra_s=0.000948900 kkt_assembly_s=0.000507200 factor_s=0.006818100 solve_s=0.001307100 update_s=0.000451600 K_nnz=5269 rhs_cols=52 Vxx_nnz=2601
FILTERDDP_FEASIBILITY iteration=4 barrier_iteration=0 equality_count=3372 equality_rms=2.589450168372e-02 equality_max=4.614257812500e-01 equality_worst_stage=3 equality_worst_index=1 dynamics_count=255 dynamics_rms=0.000000000000e+00 dynamics_max=0.000000000000e+00 dynamics_worst_stage=0 dynamics_worst_index=0 bound_count=4902 bound_rms=0.000000000000e+00 bound_max=0.000000000000e+00 bound_worst_stage=0 bound_worst_index=0 bound_worst_kind=none
     4   4.09079774e+03   4.6143e-01   3.5384e+02   9.9997e-01    0.00      -     2.5000e-01   0
FILTERDDP_ITER_TIMING iteration=4 barrier_iteration=0 backward_s=0.083603900 forward_s=0.010680000 total_s=0.094283900 outcome=accepted step_size=5.000000000e-01 backtracks=0 mu=1.000000000e+00
FILTERDDP_TIMING iteration=5 barrier_iteration=0 stage=6 derivative_s=0.001509200 first_order_s=0.001234400 second_order_s=0.000237600 algebra_s=0.003076100 kkt_assembly_s=0.001008600 factor_s=0.006175100 solve_s=0.001425200 update_s=0.001274500 K_nnz=5269 rhs_cols=52 Vxx_nnz=2601
FILTERDDP_TIMING iteration=5 barrier_iteration=0 stage=5 derivative_s=0.001788800 first_order_s=0.001558300 second_order_s=0.000186000 algebra_s=0.000986600 kkt_assembly_s=0.000542700 factor_s=0.006871300 solve_s=0.001526200 update_s=0.000392700 K_nnz=5269 rhs_cols=52 Vxx_nnz=2601
FILTERDDP_TIMING iteration=5 barrier_iteration=0 stage=4 derivative_s=0.001611300 first_order_s=0.001378200 second_order_s=0.000190300 algebra_s=0.001262900 kkt_assembly_s=0.000575000 factor_s=0.007721200 solve_s=0.001767500 update_s=0.000392900 K_nnz=5269 rhs_cols=52 Vxx_nnz=2601
FILTERDDP_TIMING iteration=5 barrier_iteration=0 stage=3 derivative_s=0.001723200 first_order_s=0.001257000 second_order_s=0.000408600 algebra_s=0.000972200 kkt_assembly_s=0.000508200 factor_s=0.006572000 solve_s=0.001540400 update_s=0.000332700 K_nnz=5269 rhs_cols=52 Vxx_nnz=2601
FILTERDDP_TIMING iteration=5 barrier_iteration=0 stage=2 derivative_s=0.001842200 first_order_s=0.001597800 second_order_s=0.000199300 algebra_s=0.001112300 kkt_assembly_s=0.000620500 factor_s=0.026038900 solve_s=0.001897800 update_s=0.000490900 K_nnz=5269 rhs_cols=52 Vxx_nnz=2601
FILTERDDP_TIMING iteration=5 barrier_iteration=0 stage=1 derivative_s=0.001358600 first_order_s=0.001150900 second_order_s=0.000161700 algebra_s=0.000774600 kkt_assembly_s=0.000445500 factor_s=0.006394400 solve_s=0.001585000 update_s=0.000476100 K_nnz=5269 rhs_cols=52 Vxx_nnz=2601
FILTERDDP_FEASIBILITY iteration=5 barrier_iteration=0 equality_count=3372 equality_rms=1.936354786625e-02 equality_max=2.307128906250e-01 equality_worst_stage=3 equality_worst_index=1 dynamics_count=255 dynamics_rms=0.000000000000e+00 dynamics_max=0.000000000000e+00 dynamics_worst_stage=0 dynamics_worst_index=0 bound_count=4902 bound_rms=0.000000000000e+00 bound_max=0.000000000000e+00 bound_worst_stage=0 bound_worst_index=0 bound_worst_kind=none
     5   4.22204307e+03   2.3071e-01   1.7692e+02   9.9996e-01    0.00      -     5.0000e-01   0
FILTERDDP_ITER_TIMING iteration=5 barrier_iteration=0 backward_s=0.095956300 forward_s=0.011612800 total_s=0.107569100 outcome=accepted step_size=5.000000000e-01 backtracks=0 mu=1.000000000e+00
FILTERDDP_TIMING iteration=6 barrier_iteration=0 stage=6 derivative_s=0.001747500 first_order_s=0.001349500 second_order_s=0.000343300 algebra_s=0.002837900 kkt_assembly_s=0.000739000 factor_s=0.004811200 solve_s=0.001144900 update_s=0.001238200 K_nnz=5269 rhs_cols=52 Vxx_nnz=2601
FILTERDDP_TIMING iteration=6 barrier_iteration=0 stage=5 derivative_s=0.001693000 first_order_s=0.001456300 second_order_s=0.000189500 algebra_s=0.001001600 kkt_assembly_s=0.000538800 factor_s=0.006714800 solve_s=0.001228400 update_s=0.000262300 K_nnz=5269 rhs_cols=52 Vxx_nnz=2601
FILTERDDP_TIMING iteration=6 barrier_iteration=0 stage=4 derivative_s=0.000794800 first_order_s=0.000666300 second_order_s=0.000091400 algebra_s=0.000432300 kkt_assembly_s=0.000260900 factor_s=0.002853900 solve_s=0.000818400 update_s=0.000276600 K_nnz=5269 rhs_cols=52 Vxx_nnz=2601
FILTERDDP_TIMING iteration=6 barrier_iteration=0 stage=3 derivative_s=0.001159100 first_order_s=0.000984000 second_order_s=0.000137300 algebra_s=0.000781500 kkt_assembly_s=0.000432500 factor_s=0.005514100 solve_s=0.000903600 update_s=0.000203200 K_nnz=5269 rhs_cols=52 Vxx_nnz=2601
FILTERDDP_TIMING iteration=6 barrier_iteration=0 stage=2 derivative_s=0.000590700 first_order_s=0.000488700 second_order_s=0.000083100 algebra_s=0.000359100 kkt_assembly_s=0.000209800 factor_s=0.002388200 solve_s=0.000865500 update_s=0.000319400 K_nnz=5269 rhs_cols=52 Vxx_nnz=2601
FILTERDDP_TIMING iteration=6 barrier_iteration=0 stage=1 derivative_s=0.001710800 first_order_s=0.001526300 second_order_s=0.000127100 algebra_s=0.000966900 kkt_assembly_s=0.000552100 factor_s=0.006721900 solve_s=0.001280300 update_s=0.000358800 K_nnz=5269 rhs_cols=52 Vxx_nnz=2601
FILTERDDP_FEASIBILITY iteration=6 barrier_iteration=0 equality_count=3372 equality_rms=1.118963786184e-02 equality_max=1.345555752300e-01 equality_worst_stage=5 equality_worst_index=385 dynamics_count=255 dynamics_rms=0.000000000000e+00 dynamics_max=0.000000000000e+00 dynamics_worst_stage=0 dynamics_worst_index=0 bound_count=4902 bound_rms=0.000000000000e+00 bound_max=0.000000000000e+00 bound_worst_stage=0 bound_worst_index=0 bound_worst_kind=none
     6   4.28099843e+03   1.3456e-01   8.8461e+01   9.9998e-01    0.00      -     5.0000e-01   0
FILTERDDP_ITER_TIMING iteration=6 barrier_iteration=0 backward_s=0.055906300 forward_s=0.011088700 total_s=0.066995000 outcome=accepted step_size=5.000000000e-01 backtracks=0 mu=1.000000000e+00
FILTERDDP_TIMING iteration=7 barrier_iteration=0 stage=6 derivative_s=0.015359600 first_order_s=0.001201100 second_order_s=0.014109900 algebra_s=0.003167300 kkt_assembly_s=0.001016200 factor_s=0.007870000 solve_s=0.001972000 update_s=0.001295900 K_nnz=5269 rhs_cols=52 Vxx_nnz=2601
FILTERDDP_TIMING iteration=7 barrier_iteration=0 stage=5 derivative_s=0.001623200 first_order_s=0.001400000 second_order_s=0.000178500 algebra_s=0.000974900 kkt_assembly_s=0.000519100 factor_s=0.007190000 solve_s=0.001536100 update_s=0.000457300 K_nnz=5269 rhs_cols=52 Vxx_nnz=2601
FILTERDDP_TIMING iteration=7 barrier_iteration=0 stage=4 derivative_s=0.001634900 first_order_s=0.001400100 second_order_s=0.000174900 algebra_s=0.000970100 kkt_assembly_s=0.000553100 factor_s=0.006740200 solve_s=0.001250700 update_s=0.000432200 K_nnz=5269 rhs_cols=52 Vxx_nnz=2601
FILTERDDP_TIMING iteration=7 barrier_iteration=0 stage=3 derivative_s=0.001704300 first_order_s=0.001427000 second_order_s=0.000225000 algebra_s=0.001349000 kkt_assembly_s=0.000481500 factor_s=0.004901000 solve_s=0.001527100 update_s=0.000477500 K_nnz=5269 rhs_cols=52 Vxx_nnz=2601
FILTERDDP_TIMING iteration=7 barrier_iteration=0 stage=2 derivative_s=0.001670900 first_order_s=0.001405100 second_order_s=0.000222700 algebra_s=0.001095200 kkt_assembly_s=0.000523100 factor_s=0.007202900 solve_s=0.001944100 update_s=0.000499000 K_nnz=5269 rhs_cols=52 Vxx_nnz=2601
FILTERDDP_TIMING iteration=7 barrier_iteration=0 stage=1 derivative_s=0.002213500 first_order_s=0.001945800 second_order_s=0.000205100 algebra_s=0.001133900 kkt_assembly_s=0.000553300 factor_s=0.008172400 solve_s=0.001279200 update_s=0.000302400 K_nnz=5269 rhs_cols=52 Vxx_nnz=2601
FILTERDDP_FEASIBILITY iteration=7 barrier_iteration=0 equality_count=3372 equality_rms=5.946516239230e-03 equality_max=7.350693785650e-02 equality_worst_stage=5 equality_worst_index=385 dynamics_count=255 dynamics_rms=0.000000000000e+00 dynamics_max=0.000000000000e+00 dynamics_worst_stage=0 dynamics_worst_index=0 bound_count=4902 bound_rms=0.000000000000e+00 bound_max=0.000000000000e+00 bound_worst_stage=0 bound_worst_index=0 bound_worst_kind=none
     7   4.31155457e+03   7.3507e-02   4.4230e+01   9.9999e-01    0.00      -     5.0000e-01   0
FILTERDDP_ITER_TIMING iteration=7 barrier_iteration=0 backward_s=0.092820100 forward_s=0.013275800 total_s=0.106095900 outcome=accepted step_size=5.000000000e-01 backtracks=0 mu=1.000000000e+00
FILTERDDP_TIMING iteration=8 barrier_iteration=0 stage=6 derivative_s=0.000903300 first_order_s=0.000734200 second_order_s=0.000141400 algebra_s=0.002559800 kkt_assembly_s=0.000980300 factor_s=0.007369700 solve_s=0.001281800 update_s=0.000862600 K_nnz=5269 rhs_cols=52 Vxx_nnz=2601
FILTERDDP_TIMING iteration=8 barrier_iteration=0 stage=5 derivative_s=0.001645400 first_order_s=0.001420400 second_order_s=0.000179000 algebra_s=0.000969300 kkt_assembly_s=0.000544800 factor_s=0.006746300 solve_s=0.001438200 update_s=0.000449700 K_nnz=5269 rhs_cols=52 Vxx_nnz=2601
FILTERDDP_TIMING iteration=8 barrier_iteration=0 stage=4 derivative_s=0.001722500 first_order_s=0.001488100 second_order_s=0.000188200 algebra_s=0.000985800 kkt_assembly_s=0.000603500 factor_s=0.007246100 solve_s=0.001167700 update_s=0.000452500 K_nnz=5269 rhs_cols=52 Vxx_nnz=2601
FILTERDDP_TIMING iteration=8 barrier_iteration=0 stage=3 derivative_s=0.001631600 first_order_s=0.001395600 second_order_s=0.000191500 algebra_s=0.000977500 kkt_assembly_s=0.000567100 factor_s=0.007687700 solve_s=0.001480200 update_s=0.000525400 K_nnz=5269 rhs_cols=52 Vxx_nnz=2601
FILTERDDP_TIMING iteration=8 barrier_iteration=0 stage=2 derivative_s=0.001676400 first_order_s=0.001421200 second_order_s=0.000193900 algebra_s=0.000952900 kkt_assembly_s=0.000576100 factor_s=0.007254400 solve_s=0.006919400 update_s=0.000344500 K_nnz=5269 rhs_cols=52 Vxx_nnz=2601
FILTERDDP_TIMING iteration=8 barrier_iteration=0 stage=1 derivative_s=0.001539900 first_order_s=0.001364300 second_order_s=0.000105500 algebra_s=0.000785500 kkt_assembly_s=0.000514700 factor_s=0.007413300 solve_s=0.000979000 update_s=0.000327200 K_nnz=5269 rhs_cols=52 Vxx_nnz=2601
FILTERDDP_FEASIBILITY iteration=8 barrier_iteration=0 equality_count=3372 equality_rms=3.388755221532e-03 equality_max=3.831648326689e-02 equality_worst_stage=5 equality_worst_index=385 dynamics_count=255 dynamics_rms=0.000000000000e+00 dynamics_max=0.000000000000e+00 dynamics_worst_stage=0 dynamics_worst_index=0 bound_count=4902 bound_rms=0.000000000000e+00 bound_max=0.000000000000e+00 bound_worst_stage=0 bound_worst_index=0 bound_worst_kind=none
     8   4.32763726e+03   3.8316e-02   2.2115e+01   9.9999e-01    0.00      -     5.0000e-01   0
FILTERDDP_ITER_TIMING iteration=8 barrier_iteration=0 backward_s=0.081464600 forward_s=0.008999600 total_s=0.090464200 outcome=accepted step_size=5.000000000e-01 backtracks=0 mu=1.000000000e+00
FILTERDDP_TIMING iteration=9 barrier_iteration=0 stage=6 derivative_s=0.001131400 first_order_s=0.000977500 second_order_s=0.000101100 algebra_s=0.002221800 kkt_assembly_s=0.000651800 factor_s=0.003506500 solve_s=0.001046700 update_s=0.000882400 K_nnz=5269 rhs_cols=52 Vxx_nnz=2601
FILTERDDP_TIMING iteration=9 barrier_iteration=0 stage=5 derivative_s=0.000790600 first_order_s=0.000683500 second_order_s=0.000062500 algebra_s=0.000652200 kkt_assembly_s=0.000310900 factor_s=0.003258100 solve_s=0.000727100 update_s=0.000283700 K_nnz=5269 rhs_cols=52 Vxx_nnz=2601
FILTERDDP_TIMING iteration=9 barrier_iteration=0 stage=4 derivative_s=0.001406500 first_order_s=0.001219900 second_order_s=0.000143100 algebra_s=0.000734300 kkt_assembly_s=0.000471200 factor_s=0.010490700 solve_s=0.001021200 update_s=0.000297000 K_nnz=5269 rhs_cols=52 Vxx_nnz=2601
FILTERDDP_TIMING iteration=9 barrier_iteration=0 stage=3 derivative_s=0.001499900 first_order_s=0.001334100 second_order_s=0.000118400 algebra_s=0.000749600 kkt_assembly_s=0.000514900 factor_s=0.004927500 solve_s=0.000624100 update_s=0.000169600 K_nnz=5269 rhs_cols=52 Vxx_nnz=2601
FILTERDDP_TIMING iteration=9 barrier_iteration=0 stage=2 derivative_s=0.000581700 first_order_s=0.000508900 second_order_s=0.000049100 algebra_s=0.000299900 kkt_assembly_s=0.000217500 factor_s=0.002113200 solve_s=0.000634200 update_s=0.000215700 K_nnz=5269 rhs_cols=52 Vxx_nnz=2601
FILTERDDP_TIMING iteration=9 barrier_iteration=0 stage=1 derivative_s=0.001072800 first_order_s=0.000969400 second_order_s=0.000062600 algebra_s=0.000540100 kkt_assembly_s=0.000343400 factor_s=0.004873200 solve_s=0.001007200 update_s=0.000164200 K_nnz=5269 rhs_cols=52 Vxx_nnz=2601
FILTERDDP_FEASIBILITY iteration=9 barrier_iteration=0 equality_count=3372 equality_rms=2.579314125319e-03 equality_max=3.520739524415e-02 equality_worst_stage=3 equality_worst_index=384 dynamics_count=255 dynamics_rms=0.000000000000e+00 dynamics_max=0.000000000000e+00 dynamics_worst_stage=0 dynamics_worst_index=0 bound_count=4902 bound_rms=0.000000000000e+00 bound_max=0.000000000000e+00 bound_worst_stage=0 bound_worst_index=0 bound_worst_kind=none
     9   4.33639587e+03   3.5207e-02   1.1058e+01   1.0000e+00    0.00      -     5.0000e-01   0
FILTERDDP_ITER_TIMING iteration=9 barrier_iteration=0 backward_s=0.051305200 forward_s=0.004329100 total_s=0.055634300 outcome=accepted step_size=5.000000000e-01 backtracks=0 mu=1.000000000e+00
FILTERDDP_TIMING iteration=10 barrier_iteration=0 stage=6 derivative_s=0.000607400 first_order_s=0.000518800 second_order_s=0.000065900 algebra_s=0.001489300 kkt_assembly_s=0.003000000 factor_s=0.002621300 solve_s=0.000761600 update_s=0.000844900 K_nnz=5269 rhs_cols=52 Vxx_nnz=2601
FILTERDDP_TIMING iteration=10 barrier_iteration=0 stage=5 derivative_s=0.000533100 first_order_s=0.000462300 second_order_s=0.000052400 algebra_s=0.000308800 kkt_assembly_s=0.000199100 factor_s=0.002131500 solve_s=0.000595000 update_s=0.000229500 K_nnz=5269 rhs_cols=52 Vxx_nnz=2601
FILTERDDP_TIMING iteration=10 barrier_iteration=0 stage=4 derivative_s=0.001213300 first_order_s=0.001103600 second_order_s=0.000075600 algebra_s=0.000627300 kkt_assembly_s=0.000363100 factor_s=0.005313700 solve_s=0.000891300 update_s=0.000206300 K_nnz=5269 rhs_cols=52 Vxx_nnz=2601
FILTERDDP_TIMING iteration=10 barrier_iteration=0 stage=3 derivative_s=0.000955800 first_order_s=0.000858700 second_order_s=0.000069900 algebra_s=0.000554200 kkt_assembly_s=0.000318800 factor_s=0.004519100 solve_s=0.000916800 update_s=0.000285900 K_nnz=5269 rhs_cols=52 Vxx_nnz=2601
FILTERDDP_TIMING iteration=10 barrier_iteration=0 stage=2 derivative_s=0.001445900 first_order_s=0.001261100 second_order_s=0.000143600 algebra_s=0.004876800 kkt_assembly_s=0.000476100 factor_s=0.006144100 solve_s=0.000938500 update_s=0.000230600 K_nnz=5269 rhs_cols=52 Vxx_nnz=2601
FILTERDDP_TIMING iteration=10 barrier_iteration=0 stage=1 derivative_s=0.001261100 first_order_s=0.001148000 second_order_s=0.000079000 algebra_s=0.000650700 kkt_assembly_s=0.000378200 factor_s=0.005049600 solve_s=0.000963000 update_s=0.000315400 K_nnz=5269 rhs_cols=52 Vxx_nnz=2601
FILTERDDP_FEASIBILITY iteration=10 barrier_iteration=0 equality_count=3372 equality_rms=2.496522616626e-03 equality_max=4.160169151857e-02 equality_worst_stage=3 equality_worst_index=384 dynamics_count=255 dynamics_rms=0.000000000000e+00 dynamics_max=0.000000000000e+00 dynamics_worst_stage=0 dynamics_worst_index=0 bound_count=4902 bound_rms=0.000000000000e+00 bound_max=0.000000000000e+00 bound_worst_stage=0 bound_worst_index=0 bound_worst_kind=none
FILTERDDP_ITER_TIMING iteration=10 barrier_iteration=0 backward_s=0.053203700 forward_s=0.000000000 total_s=0.053203700 outcome=barrier_update step_size=5.000000000e-01 backtracks=0 mu=1.000000000e+00
FILTERDDP_TIMING iteration=10 barrier_iteration=1 stage=6 derivative_s=0.000582800 first_order_s=0.000501600 second_order_s=0.000048000 algebra_s=0.001103800 kkt_assembly_s=0.000348100 factor_s=0.001912600 solve_s=0.000862300 update_s=0.000997300 K_nnz=5269 rhs_cols=52 Vxx_nnz=2601
FILTERDDP_TIMING iteration=10 barrier_iteration=1 stage=5 derivative_s=0.001507500 first_order_s=0.001347700 second_order_s=0.000113800 algebra_s=0.000739900 kkt_assembly_s=0.000525900 factor_s=0.013952900 solve_s=0.000917600 update_s=0.000281200 K_nnz=5269 rhs_cols=52 Vxx_nnz=2601
FILTERDDP_TIMING iteration=10 barrier_iteration=1 stage=4 derivative_s=0.001505500 first_order_s=0.001349700 second_order_s=0.000109500 algebra_s=0.000739100 kkt_assembly_s=0.000476900 factor_s=0.006024800 solve_s=0.000867400 update_s=0.000252700 K_nnz=5269 rhs_cols=52 Vxx_nnz=2601
FILTERDDP_TIMING iteration=10 barrier_iteration=1 stage=3 derivative_s=0.001509900 first_order_s=0.001341400 second_order_s=0.000124500 algebra_s=0.000737600 kkt_assembly_s=0.000471200 factor_s=0.005948200 solve_s=0.001009600 update_s=0.000293400 K_nnz=5269 rhs_cols=52 Vxx_nnz=2601
FILTERDDP_TIMING iteration=10 barrier_iteration=1 stage=2 derivative_s=0.001608400 first_order_s=0.001461200 second_order_s=0.000106400 algebra_s=0.000767100 kkt_assembly_s=0.000469000 factor_s=0.006035000 solve_s=0.000884400 update_s=0.000210600 K_nnz=5269 rhs_cols=52 Vxx_nnz=2601
FILTERDDP_TIMING iteration=10 barrier_iteration=1 stage=1 derivative_s=0.001070000 first_order_s=0.000961900 second_order_s=0.000079800 algebra_s=0.000559400 kkt_assembly_s=0.000327200 factor_s=0.004475700 solve_s=0.000974300 update_s=0.000412200 K_nnz=5269 rhs_cols=52 Vxx_nnz=2601
FILTERDDP_FEASIBILITY iteration=10 barrier_iteration=1 equality_count=3372 equality_rms=2.496522616626e-03 equality_max=4.160169151857e-02 equality_worst_stage=3 equality_worst_index=384 dynamics_count=255 dynamics_rms=0.000000000000e+00 dynamics_max=0.000000000000e+00 dynamics_worst_stage=0 dynamics_worst_index=0 bound_count=4902 bound_rms=0.000000000000e+00 bound_max=0.000000000000e+00 bound_worst_stage=0 bound_worst_index=0 bound_worst_kind=none
  iter     objective        pr_inf       du_inf       cs_inf     lg(μ)   lg(reg)    alpha     ls
    10   4.34158721e+03   4.1602e-02   5.5288e+00   1.0000e+00   -0.70      -     5.0000e-01   0
FILTERDDP_ITER_TIMING iteration=10 barrier_iteration=1 backward_s=0.062478000 forward_s=0.010366900 total_s=0.072844900 outcome=accepted step_size=5.000000000e-01 backtracks=0 mu=2.000000000e-01
FILTERDDP_TIMING iteration=11 barrier_iteration=1 stage=6 derivative_s=0.001564400 first_order_s=0.001285800 second_order_s=0.000240500 algebra_s=0.002799800 kkt_assembly_s=0.001010400 factor_s=0.006664200 solve_s=0.001072700 update_s=0.001539400 K_nnz=5269 rhs_cols=52 Vxx_nnz=2601
FILTERDDP_TIMING iteration=11 barrier_iteration=1 stage=5 derivative_s=0.001635200 first_order_s=0.001438500 second_order_s=0.000155600 algebra_s=0.001124300 kkt_assembly_s=0.000655900 factor_s=0.007420000 solve_s=0.001563500 update_s=0.000527100 K_nnz=5269 rhs_cols=52 Vxx_nnz=2601
FILTERDDP_TIMING iteration=11 barrier_iteration=1 stage=4 derivative_s=0.001639300 first_order_s=0.001405500 second_order_s=0.000192600 algebra_s=0.001259400 kkt_assembly_s=0.000512800 factor_s=0.007459100 solve_s=0.001278600 update_s=0.000369900 K_nnz=5269 rhs_cols=52 Vxx_nnz=2601
FILTERDDP_TIMING iteration=11 barrier_iteration=1 stage=3 derivative_s=0.001641400 first_order_s=0.001383600 second_order_s=0.000203800 algebra_s=0.014582700 kkt_assembly_s=0.000491200 factor_s=0.006511500 solve_s=0.000972500 update_s=0.000267900 K_nnz=5269 rhs_cols=52 Vxx_nnz=2601
FILTERDDP_TIMING iteration=11 barrier_iteration=1 stage=2 derivative_s=0.001519700 first_order_s=0.001369200 second_order_s=0.000108700 algebra_s=0.000740900 kkt_assembly_s=0.000459300 factor_s=0.004818300 solve_s=0.001025900 update_s=0.000227200 K_nnz=5269 rhs_cols=52 Vxx_nnz=2601
FILTERDDP_TIMING iteration=11 barrier_iteration=1 stage=1 derivative_s=0.001213100 first_order_s=0.001077700 second_order_s=0.000089400 algebra_s=0.000631900 kkt_assembly_s=0.000367600 factor_s=0.003659400 solve_s=0.000931000 update_s=0.000275200 K_nnz=5269 rhs_cols=52 Vxx_nnz=2601
FILTERDDP_FEASIBILITY iteration=11 barrier_iteration=1 equality_count=3372 equality_rms=1.304204683726e-02 equality_max=1.601535599473e-01 equality_worst_stage=3 equality_worst_index=509 dynamics_count=255 dynamics_rms=0.000000000000e+00 dynamics_max=0.000000000000e+00 dynamics_worst_stage=0 dynamics_worst_index=0 bound_count=4902 bound_rms=0.000000000000e+00 bound_max=0.000000000000e+00 bound_worst_stage=0 bound_worst_index=0 bound_worst_kind=none
    11   4.02464279e+03   1.6015e-01   2.7644e+00   6.3677e-01   -0.70      -     5.0000e-01   0
FILTERDDP_ITER_TIMING iteration=11 barrier_iteration=1 backward_s=0.081483700 forward_s=0.010749800 total_s=0.092233500 outcome=accepted step_size=5.000000000e-01 backtracks=0 mu=2.000000000e-01
FILTERDDP_TIMING iteration=12 barrier_iteration=1 stage=6 derivative_s=0.001427700 first_order_s=0.001259800 second_order_s=0.000127900 algebra_s=0.002676900 kkt_assembly_s=0.000527900 factor_s=0.005274300 solve_s=0.000969000 update_s=0.001103700 K_nnz=5269 rhs_cols=52 Vxx_nnz=2601
FILTERDDP_TIMING iteration=12 barrier_iteration=1 stage=5 derivative_s=0.001147200 first_order_s=0.001032600 second_order_s=0.000079500 algebra_s=0.000655000 kkt_assembly_s=0.000383200 factor_s=0.004360300 solve_s=0.000914300 update_s=0.000218700 K_nnz=5269 rhs_cols=52 Vxx_nnz=2601
FILTERDDP_TIMING iteration=12 barrier_iteration=1 stage=4 derivative_s=0.000978900 first_order_s=0.000852500 second_order_s=0.000098100 algebra_s=0.000539500 kkt_assembly_s=0.000313500 factor_s=0.004339600 solve_s=0.000959200 update_s=0.000211200 K_nnz=5269 rhs_cols=52 Vxx_nnz=2601
FILTERDDP_TIMING iteration=12 barrier_iteration=1 stage=3 derivative_s=0.000869600 first_order_s=0.000769500 second_order_s=0.000075300 algebra_s=0.000519300 kkt_assembly_s=0.000303900 factor_s=0.003954900 solve_s=0.000933400 update_s=0.000198800 K_nnz=5269 rhs_cols=52 Vxx_nnz=2601
FILTERDDP_TIMING iteration=12 barrier_iteration=1 stage=2 derivative_s=0.000874100 first_order_s=0.000771600 second_order_s=0.000077300 algebra_s=0.000472800 kkt_assembly_s=0.000317200 factor_s=0.003032000 solve_s=0.000940200 update_s=0.000342100 K_nnz=5269 rhs_cols=52 Vxx_nnz=2601
FILTERDDP_TIMING iteration=12 barrier_iteration=1 stage=1 derivative_s=0.001559200 first_order_s=0.001386400 second_order_s=0.000131800 algebra_s=0.000907000 kkt_assembly_s=0.000531200 factor_s=0.023035800 solve_s=0.001153300 update_s=0.000288400 K_nnz=5269 rhs_cols=52 Vxx_nnz=2601
FILTERDDP_FEASIBILITY iteration=12 barrier_iteration=1 equality_count=3372 equality_rms=2.964132888831e-02 equality_max=3.559441566926e-01 equality_worst_stage=3 equality_worst_index=509 dynamics_count=255 dynamics_rms=0.000000000000e+00 dynamics_max=0.000000000000e+00 dynamics_worst_stage=0 dynamics_worst_index=0 bound_count=4902 bound_rms=0.000000000000e+00 bound_max=0.000000000000e+00 bound_worst_stage=0 bound_worst_index=0 bound_worst_kind=none
FILTERDDP_ITER_TIMING iteration=12 barrier_iteration=1 backward_s=0.068125000 forward_s=0.000000000 total_s=0.068125000 outcome=barrier_update step_size=5.000000000e-01 backtracks=0 mu=2.000000000e-01
FILTERDDP_TIMING iteration=12 barrier_iteration=2 stage=6 derivative_s=0.000903800 first_order_s=0.000740200 second_order_s=0.000139500 algebra_s=0.002907700 kkt_assembly_s=0.001334500 factor_s=0.007987200 solve_s=0.001528700 update_s=0.001076500 K_nnz=5269 rhs_cols=52 Vxx_nnz=2601
FILTERDDP_TIMING iteration=12 barrier_iteration=2 stage=5 derivative_s=0.001728000 first_order_s=0.001464900 second_order_s=0.000215500 algebra_s=0.001100300 kkt_assembly_s=0.000431200 factor_s=0.007088100 solve_s=0.001436200 update_s=0.000505600 K_nnz=5269 rhs_cols=52 Vxx_nnz=2601
FILTERDDP_TIMING iteration=12 barrier_iteration=2 stage=4 derivative_s=0.001707800 first_order_s=0.001443800 second_order_s=0.000217400 algebra_s=0.001013500 kkt_assembly_s=0.000609000 factor_s=0.006911100 solve_s=0.001351800 update_s=0.000547800 K_nnz=5269 rhs_cols=52 Vxx_nnz=2601
FILTERDDP_TIMING iteration=12 barrier_iteration=2 stage=3 derivative_s=0.001869400 first_order_s=0.001582700 second_order_s=0.000238000 algebra_s=0.001028300 kkt_assembly_s=0.000552800 factor_s=0.007090100 solve_s=0.001601600 update_s=0.000459600 K_nnz=5269 rhs_cols=52 Vxx_nnz=2601
FILTERDDP_TIMING iteration=12 barrier_iteration=2 stage=2 derivative_s=0.001690200 first_order_s=0.001444600 second_order_s=0.000200200 algebra_s=0.001007900 kkt_assembly_s=0.000562200 factor_s=0.006873800 solve_s=0.001672200 update_s=0.000461600 K_nnz=5269 rhs_cols=52 Vxx_nnz=2601
FILTERDDP_TIMING iteration=12 barrier_iteration=2 stage=1 derivative_s=0.001922600 first_order_s=0.001653200 second_order_s=0.000220600 algebra_s=0.011870600 kkt_assembly_s=0.000510300 factor_s=0.007782700 solve_s=0.001765500 update_s=0.000525800 K_nnz=5269 rhs_cols=52 Vxx_nnz=2601
FILTERDDP_FEASIBILITY iteration=12 barrier_iteration=2 equality_count=3372 equality_rms=2.964132888831e-02 equality_max=3.559441566926e-01 equality_worst_stage=3 equality_worst_index=509 dynamics_count=255 dynamics_rms=0.000000000000e+00 dynamics_max=0.000000000000e+00 dynamics_worst_stage=0 dynamics_worst_index=0 bound_count=4902 bound_rms=0.000000000000e+00 bound_max=0.000000000000e+00 bound_worst_stage=0 bound_worst_index=0 bound_worst_kind=none
    12   3.77433415e+03   3.5594e-01   1.7755e+00   4.3609e-01   -1.40      -     5.0000e-01   0
FILTERDDP_ITER_TIMING iteration=12 barrier_iteration=2 backward_s=0.090742300 forward_s=0.010938700 total_s=0.101681000 outcome=accepted step_size=5.000000000e-01 backtracks=0 mu=4.000000000e-02
FILTERDDP_TIMING iteration=13 barrier_iteration=2 stage=6 derivative_s=0.001548400 first_order_s=0.001264800 second_order_s=0.000239800 algebra_s=0.003401500 kkt_assembly_s=0.000936500 factor_s=0.007270700 solve_s=0.001507100 update_s=0.001131100 K_nnz=5269 rhs_cols=52 Vxx_nnz=2601
FILTERDDP_TIMING iteration=13 barrier_iteration=2 stage=5 derivative_s=0.001648100 first_order_s=0.001408600 second_order_s=0.000192100 algebra_s=0.000930900 kkt_assembly_s=0.000532400 factor_s=0.006454900 solve_s=0.001634900 update_s=0.000488700 K_nnz=5269 rhs_cols=52 Vxx_nnz=2601
FILTERDDP_TIMING iteration=13 barrier_iteration=2 stage=4 derivative_s=0.001843800 first_order_s=0.001581500 second_order_s=0.000212700 algebra_s=0.000964100 kkt_assembly_s=0.000567200 factor_s=0.006428600 solve_s=0.001510300 update_s=0.000520800 K_nnz=5269 rhs_cols=52 Vxx_nnz=2601
FILTERDDP_TIMING iteration=13 barrier_iteration=2 stage=3 derivative_s=0.001733600 first_order_s=0.001463200 second_order_s=0.000220900 algebra_s=0.006281500 kkt_assembly_s=0.000523600 factor_s=0.006172100 solve_s=0.001433300 update_s=0.000400500 K_nnz=5269 rhs_cols=52 Vxx_nnz=2601
FILTERDDP_TIMING iteration=13 barrier_iteration=2 stage=2 derivative_s=0.002309700 first_order_s=0.002113100 second_order_s=0.000128500 algebra_s=0.000905000 kkt_assembly_s=0.000572700 factor_s=0.006988100 solve_s=0.001242400 update_s=0.000326900 K_nnz=5269 rhs_cols=52 Vxx_nnz=2601
FILTERDDP_TIMING iteration=13 barrier_iteration=2 stage=1 derivative_s=0.001472800 first_order_s=0.001315900 second_order_s=0.000110100 algebra_s=0.000672500 kkt_assembly_s=0.000430300 factor_s=0.005289300 solve_s=0.001260800 update_s=0.000429600 K_nnz=5269 rhs_cols=52 Vxx_nnz=2601
FILTERDDP_FEASIBILITY iteration=13 barrier_iteration=2 equality_count=3372 equality_rms=2.466709257829e-02 equality_max=2.958933729282e-01 equality_worst_stage=6 equality_worst_index=509 dynamics_count=255 dynamics_rms=0.000000000000e+00 dynamics_max=0.000000000000e+00 dynamics_worst_stage=0 dynamics_worst_index=0 bound_count=4902 bound_rms=0.000000000000e+00 bound_max=0.000000000000e+00 bound_worst_stage=0 bound_worst_index=0 bound_worst_kind=none
    13   3.51567062e+03   2.9589e-01   1.8766e+00   2.6052e-01   -1.40      -     5.0000e-01   0
FILTERDDP_ITER_TIMING iteration=13 barrier_iteration=2 backward_s=0.079181500 forward_s=0.011272600 total_s=0.090454100 outcome=accepted step_size=5.000000000e-01 backtracks=0 mu=4.000000000e-02
FILTERDDP_TIMING iteration=14 barrier_iteration=2 stage=6 derivative_s=0.001368000 first_order_s=0.001159400 second_order_s=0.000165400 algebra_s=0.002932400 kkt_assembly_s=0.000544900 factor_s=0.005361200 solve_s=0.005217700 update_s=0.001175000 K_nnz=5269 rhs_cols=52 Vxx_nnz=2601
FILTERDDP_TIMING iteration=14 barrier_iteration=2 stage=5 derivative_s=0.001518700 first_order_s=0.001305800 second_order_s=0.000165200 algebra_s=0.001092500 kkt_assembly_s=0.000519700 factor_s=0.006638800 solve_s=0.001156700 update_s=0.000337300 K_nnz=5269 rhs_cols=52 Vxx_nnz=2601
FILTERDDP_TIMING iteration=14 barrier_iteration=2 stage=4 derivative_s=0.002145300 first_order_s=0.001463900 second_order_s=0.000630000 algebra_s=0.000811700 kkt_assembly_s=0.000550700 factor_s=0.007646800 solve_s=0.001117600 update_s=0.000317100 K_nnz=5269 rhs_cols=52 Vxx_nnz=2601
FILTERDDP_TIMING iteration=14 barrier_iteration=2 stage=3 derivative_s=0.001517800 first_order_s=0.001352500 second_order_s=0.000103800 algebra_s=0.000800800 kkt_assembly_s=0.000507000 factor_s=0.006333000 solve_s=0.001380400 update_s=0.000331500 K_nnz=5269 rhs_cols=52 Vxx_nnz=2601
FILTERDDP_TIMING iteration=14 barrier_iteration=2 stage=2 derivative_s=0.001153700 first_order_s=0.001026600 second_order_s=0.000088800 algebra_s=0.000698700 kkt_assembly_s=0.000436100 factor_s=0.005410500 solve_s=0.006285600 update_s=0.000344900 K_nnz=5269 rhs_cols=52 Vxx_nnz=2601
FILTERDDP_TIMING iteration=14 barrier_iteration=2 stage=1 derivative_s=0.001586000 first_order_s=0.001423900 second_order_s=0.000103300 algebra_s=0.000834300 kkt_assembly_s=0.000545800 factor_s=0.007082000 solve_s=0.001095300 update_s=0.000346100 K_nnz=5269 rhs_cols=52 Vxx_nnz=2601
FILTERDDP_FEASIBILITY iteration=14 barrier_iteration=2 equality_count=3372 equality_rms=2.661129726313e-02 equality_max=3.440313466206e-01 equality_worst_stage=6 equality_worst_index=509 dynamics_count=255 dynamics_rms=0.000000000000e+00 dynamics_max=0.000000000000e+00 dynamics_worst_stage=0 dynamics_worst_index=0 bound_count=4902 bound_rms=0.000000000000e+00 bound_max=0.000000000000e+00 bound_worst_stage=0 bound_worst_index=0 bound_worst_kind=none
    14   3.36633535e+03   3.4403e-01   1.5136e+00   1.6147e-01   -1.40      -     5.0000e-01   0
FILTERDDP_ITER_TIMING iteration=14 barrier_iteration=2 backward_s=0.078503300 forward_s=0.013983600 total_s=0.092486900 outcome=accepted step_size=5.000000000e-01 backtracks=0 mu=4.000000000e-02
FILTERDDP_TIMING iteration=15 barrier_iteration=2 stage=6 derivative_s=0.001253200 first_order_s=0.001091900 second_order_s=0.000115500 algebra_s=0.003112100 kkt_assembly_s=0.000512500 factor_s=0.004752300 solve_s=0.001070900 update_s=0.001097400 K_nnz=5269 rhs_cols=52 Vxx_nnz=2601
FILTERDDP_TIMING iteration=15 barrier_iteration=2 stage=5 derivative_s=0.001424900 first_order_s=0.001258900 second_order_s=0.000119200 algebra_s=0.000730000 kkt_assembly_s=0.000530800 factor_s=0.006670100 solve_s=0.001289200 update_s=0.000629900 K_nnz=5269 rhs_cols=52 Vxx_nnz=2601
FILTERDDP_TIMING iteration=15 barrier_iteration=2 stage=4 derivative_s=0.001569400 first_order_s=0.001327500 second_order_s=0.000191000 algebra_s=0.000845300 kkt_assembly_s=0.000613800 factor_s=0.010417800 solve_s=0.000945600 update_s=0.000335400 K_nnz=5269 rhs_cols=52 Vxx_nnz=2601
FILTERDDP_TIMING iteration=15 barrier_iteration=2 stage=3 derivative_s=0.001527200 first_order_s=0.001352500 second_order_s=0.000124800 algebra_s=0.000777200 kkt_assembly_s=0.000539200 factor_s=0.006280400 solve_s=0.001080300 update_s=0.000308400 K_nnz=5269 rhs_cols=52 Vxx_nnz=2601
FILTERDDP_TIMING iteration=15 barrier_iteration=2 stage=2 derivative_s=0.001526000 first_order_s=0.001357000 second_order_s=0.000122200 algebra_s=0.000779900 kkt_assembly_s=0.000531600 factor_s=0.006263800 solve_s=0.001102400 update_s=0.000328000 K_nnz=5269 rhs_cols=52 Vxx_nnz=2601
FILTERDDP_TIMING iteration=15 barrier_iteration=2 stage=1 derivative_s=0.001566400 first_order_s=0.001398600 second_order_s=0.000121700 algebra_s=0.000763700 kkt_assembly_s=0.000512500 factor_s=0.006750900 solve_s=0.001380700 update_s=0.000487200 K_nnz=5269 rhs_cols=52 Vxx_nnz=2601
FILTERDDP_FEASIBILITY iteration=15 barrier_iteration=2 equality_count=3372 equality_rms=3.267281614367e-02 equality_max=4.382907771961e-01 equality_worst_stage=5 equality_worst_index=509 dynamics_count=255 dynamics_rms=0.000000000000e+00 dynamics_max=0.000000000000e+00 dynamics_worst_stage=0 dynamics_worst_index=0 bound_count=4902 bound_rms=0.000000000000e+00 bound_max=0.000000000000e+00 bound_worst_stage=0 bound_worst_index=0 bound_worst_kind=none
    15   3.28876702e+03   4.3829e-01   1.0980e+00   1.0613e-01   -1.40      -     5.0000e-01   0
FILTERDDP_ITER_TIMING iteration=15 barrier_iteration=2 backward_s=0.076920500 forward_s=0.011393400 total_s=0.088313900 outcome=accepted step_size=5.000000000e-01 backtracks=0 mu=4.000000000e-02
FILTERDDP_TIMING iteration=16 barrier_iteration=2 stage=6 derivative_s=0.001490000 first_order_s=0.001303600 second_order_s=0.000139600 algebra_s=0.002891300 kkt_assembly_s=0.005624600 factor_s=0.005314700 solve_s=0.000946900 update_s=0.001075100 K_nnz=5269 rhs_cols=52 Vxx_nnz=2601
FILTERDDP_TIMING iteration=16 barrier_iteration=2 stage=5 derivative_s=0.001357200 first_order_s=0.001182900 second_order_s=0.000119100 algebra_s=0.000566100 kkt_assembly_s=0.000376900 factor_s=0.003040600 solve_s=0.000895400 update_s=0.000227300 K_nnz=5269 rhs_cols=52 Vxx_nnz=2601
FILTERDDP_TIMING iteration=16 barrier_iteration=2 stage=4 derivative_s=0.000760600 first_order_s=0.000645000 second_order_s=0.000082400 algebra_s=0.000515100 kkt_assembly_s=0.000359000 factor_s=0.003280200 solve_s=0.000894800 update_s=0.000307200 K_nnz=5269 rhs_cols=52 Vxx_nnz=2601
FILTERDDP_TIMING iteration=16 barrier_iteration=2 stage=3 derivative_s=0.001494300 first_order_s=0.001332700 second_order_s=0.000117100 algebra_s=0.000749300 kkt_assembly_s=0.000497100 factor_s=0.007063100 solve_s=0.001114300 update_s=0.000346200 K_nnz=5269 rhs_cols=52 Vxx_nnz=2601
FILTERDDP_TIMING iteration=16 barrier_iteration=2 stage=2 derivative_s=0.001687600 first_order_s=0.001502100 second_order_s=0.000137400 algebra_s=0.000893200 kkt_assembly_s=0.000497800 factor_s=0.010268600 solve_s=0.000761800 update_s=0.000416800 K_nnz=5269 rhs_cols=52 Vxx_nnz=2601
FILTERDDP_TIMING iteration=16 barrier_iteration=2 stage=1 derivative_s=0.001810300 first_order_s=0.001631400 second_order_s=0.000130200 algebra_s=0.000885600 kkt_assembly_s=0.000685200 factor_s=0.006055900 solve_s=0.001132100 update_s=0.000278900 K_nnz=5269 rhs_cols=52 Vxx_nnz=2601
FILTERDDP_FEASIBILITY iteration=16 barrier_iteration=2 equality_count=3372 equality_rms=4.089812334040e-02 equality_max=5.694184807246e-01 equality_worst_stage=5 equality_worst_index=509 dynamics_count=255 dynamics_rms=0.000000000000e+00 dynamics_max=0.000000000000e+00 dynamics_worst_stage=0 dynamics_worst_index=0 bound_count=4902 bound_rms=0.000000000000e+00 bound_max=0.000000000000e+00 bound_worst_stage=0 bound_worst_index=0 bound_worst_kind=none
    16   3.24958503e+03   5.6942e-01   7.4638e-01   7.5289e-02   -1.40      -     5.0000e-01   0
FILTERDDP_ITER_TIMING iteration=16 barrier_iteration=2 backward_s=0.067766900 forward_s=0.008869100 total_s=0.076636000 outcome=accepted step_size=5.000000000e-01 backtracks=0 mu=4.000000000e-02
FILTERDDP_TIMING iteration=17 barrier_iteration=2 stage=6 derivative_s=0.001074600 first_order_s=0.000938000 second_order_s=0.000098400 algebra_s=0.001716400 kkt_assembly_s=0.000301900 factor_s=0.002917500 solve_s=0.000821200 update_s=0.001048300 K_nnz=5269 rhs_cols=52 Vxx_nnz=2601
FILTERDDP_TIMING iteration=17 barrier_iteration=2 stage=5 derivative_s=0.000751400 first_order_s=0.000646500 second_order_s=0.000063000 algebra_s=0.000426500 kkt_assembly_s=0.000267500 factor_s=0.003156700 solve_s=0.001040500 update_s=0.000384800 K_nnz=5269 rhs_cols=52 Vxx_nnz=2601
FILTERDDP_TIMING iteration=17 barrier_iteration=2 stage=4 derivative_s=0.005978300 first_order_s=0.001081200 second_order_s=0.004838500 algebra_s=0.000926400 kkt_assembly_s=0.000553400 factor_s=0.005618200 solve_s=0.000943900 update_s=0.000282800 K_nnz=5269 rhs_cols=52 Vxx_nnz=2601
FILTERDDP_TIMING iteration=17 barrier_iteration=2 stage=3 derivative_s=0.001518400 first_order_s=0.001361400 second_order_s=0.000113000 algebra_s=0.000764600 kkt_assembly_s=0.000513500 factor_s=0.006683100 solve_s=0.000860500 update_s=0.000197200 K_nnz=5269 rhs_cols=52 Vxx_nnz=2601
FILTERDDP_TIMING iteration=17 barrier_iteration=2 stage=2 derivative_s=0.000793600 first_order_s=0.000697400 second_order_s=0.000059100 algebra_s=0.000411500 kkt_assembly_s=0.000285000 factor_s=0.003396200 solve_s=0.000699400 update_s=0.000363800 K_nnz=5269 rhs_cols=52 Vxx_nnz=2601
FILTERDDP_TIMING iteration=17 barrier_iteration=2 stage=1 derivative_s=0.001508200 first_order_s=0.001347400 second_order_s=0.000116700 algebra_s=0.000739300 kkt_assembly_s=0.000476700 factor_s=0.006733500 solve_s=0.000950400 update_s=0.000320500 K_nnz=5269 rhs_cols=52 Vxx_nnz=2601
FILTERDDP_FEASIBILITY iteration=17 barrier_iteration=2 equality_count=3372 equality_rms=4.588756181386e-02 equality_max=6.597516655537e-01 equality_worst_stage=5 equality_worst_index=509 dynamics_count=255 dynamics_rms=0.000000000000e+00 dynamics_max=0.000000000000e+00 dynamics_worst_stage=0 dynamics_worst_index=0 bound_count=4902 bound_rms=0.000000000000e+00 bound_max=0.000000000000e+00 bound_worst_stage=0 bound_worst_index=0 bound_worst_kind=none
    17   3.23016855e+03   6.5975e-01   4.8226e-01   5.8423e-02   -1.40      -     5.0000e-01   0
FILTERDDP_ITER_TIMING iteration=17 barrier_iteration=2 backward_s=0.056645100 forward_s=0.014945700 total_s=0.071590800 outcome=accepted step_size=5.000000000e-01 backtracks=0 mu=4.000000000e-02
FILTERDDP_TIMING iteration=18 barrier_iteration=2 stage=6 derivative_s=0.001791100 first_order_s=0.001617500 second_order_s=0.000131700 algebra_s=0.002513500 kkt_assembly_s=0.000427200 factor_s=0.005475500 solve_s=0.000953600 update_s=0.000988100 K_nnz=5269 rhs_cols=52 Vxx_nnz=2601
FILTERDDP_TIMING iteration=18 barrier_iteration=2 stage=5 derivative_s=0.001072400 first_order_s=0.000970400 second_order_s=0.000077200 algebra_s=0.000411900 kkt_assembly_s=0.000304300 factor_s=0.003292000 solve_s=0.000903000 update_s=0.000270000 K_nnz=5269 rhs_cols=52 Vxx_nnz=2601
FILTERDDP_TIMING iteration=18 barrier_iteration=2 stage=4 derivative_s=0.001530600 first_order_s=0.001378500 second_order_s=0.000110100 algebra_s=0.000767200 kkt_assembly_s=0.000485500 factor_s=0.005800900 solve_s=0.000842800 update_s=0.000299700 K_nnz=5269 rhs_cols=52 Vxx_nnz=2601
FILTERDDP_TIMING iteration=18 barrier_iteration=2 stage=3 derivative_s=0.001590200 first_order_s=0.001435700 second_order_s=0.000111300 algebra_s=0.000775600 kkt_assembly_s=0.000477500 factor_s=0.006243000 solve_s=0.005818600 update_s=0.000277500 K_nnz=5269 rhs_cols=52 Vxx_nnz=2601
FILTERDDP_TIMING iteration=18 barrier_iteration=2 stage=2 derivative_s=0.001443000 first_order_s=0.001291400 second_order_s=0.000110800 algebra_s=0.000754000 kkt_assembly_s=0.000470000 factor_s=0.006088400 solve_s=0.000963000 update_s=0.000368800 K_nnz=5269 rhs_cols=52 Vxx_nnz=2601
FILTERDDP_TIMING iteration=18 barrier_iteration=2 stage=1 derivative_s=0.001787900 first_order_s=0.001631200 second_order_s=0.000114000 algebra_s=0.000745000 kkt_assembly_s=0.000473900 factor_s=0.007076700 solve_s=0.001217700 update_s=0.000307200 K_nnz=5269 rhs_cols=52 Vxx_nnz=2601
FILTERDDP_FEASIBILITY iteration=18 barrier_iteration=2 equality_count=3372 equality_rms=4.318827926200e-02 equality_max=6.442018838309e-01 equality_worst_stage=5 equality_worst_index=509 dynamics_count=255 dynamics_rms=0.000000000000e+00 dynamics_max=0.000000000000e+00 dynamics_worst_stage=0 dynamics_worst_index=0 bound_count=4902 bound_rms=0.000000000000e+00 bound_max=0.000000000000e+00 bound_worst_stage=0 bound_worst_index=0 bound_worst_kind=none
    18   3.22082425e+03   6.4420e-01   3.0532e-01   4.9446e-02   -1.40      -     5.0000e-01   0
FILTERDDP_ITER_TIMING iteration=18 barrier_iteration=2 backward_s=0.066131500 forward_s=0.011595000 total_s=0.077726500 outcome=accepted step_size=5.000000000e-01 backtracks=0 mu=4.000000000e-02
FILTERDDP_TIMING iteration=19 barrier_iteration=2 stage=6 derivative_s=0.001467000 first_order_s=0.001264100 second_order_s=0.000155000 algebra_s=0.002888500 kkt_assembly_s=0.000741100 factor_s=0.005627300 solve_s=0.000999500 update_s=0.001270300 K_nnz=5269 rhs_cols=52 Vxx_nnz=2601
FILTERDDP_TIMING iteration=19 barrier_iteration=2 stage=5 derivative_s=0.001500500 first_order_s=0.001300700 second_order_s=0.000118400 algebra_s=0.000749500 kkt_assembly_s=0.000490500 factor_s=0.011402300 solve_s=0.001211600 update_s=0.000269300 K_nnz=5269 rhs_cols=52 Vxx_nnz=2601
FILTERDDP_TIMING iteration=19 barrier_iteration=2 stage=4 derivative_s=0.000811600 first_order_s=0.000690700 second_order_s=0.000081000 algebra_s=0.000417900 kkt_assembly_s=0.000312000 factor_s=0.003430000 solve_s=0.000829500 update_s=0.000296700 K_nnz=5269 rhs_cols=52 Vxx_nnz=2601
FILTERDDP_TIMING iteration=19 barrier_iteration=2 stage=3 derivative_s=0.001504800 first_order_s=0.001338100 second_order_s=0.000122900 algebra_s=0.000789600 kkt_assembly_s=0.000495400 factor_s=0.006537500 solve_s=0.001053900 update_s=0.000298600 K_nnz=5269 rhs_cols=52 Vxx_nnz=2601
FILTERDDP_TIMING iteration=19 barrier_iteration=2 stage=2 derivative_s=0.001519700 first_order_s=0.001352600 second_order_s=0.000120900 algebra_s=0.000755700 kkt_assembly_s=0.000497500 factor_s=0.006489800 solve_s=0.001321700 update_s=0.000356600 K_nnz=5269 rhs_cols=52 Vxx_nnz=2601
FILTERDDP_TIMING iteration=19 barrier_iteration=2 stage=1 derivative_s=0.001527100 first_order_s=0.001359900 second_order_s=0.000121800 algebra_s=0.000810300 kkt_assembly_s=0.000499000 factor_s=0.006541400 solve_s=0.001449800 update_s=0.005621300 K_nnz=5269 rhs_cols=52 Vxx_nnz=2601
FILTERDDP_FEASIBILITY iteration=19 barrier_iteration=2 equality_count=3372 equality_rms=3.373140200763e-02 equality_max=5.206065880178e-01 equality_worst_stage=5 equality_worst_index=509 dynamics_count=255 dynamics_rms=0.000000000000e+00 dynamics_max=0.000000000000e+00 dynamics_worst_stage=0 dynamics_worst_index=0 bound_count=4902 bound_rms=0.000000000000e+00 bound_max=0.000000000000e+00 bound_worst_stage=0 bound_worst_index=0 bound_worst_kind=none
    19   3.21650880e+03   5.2061e-01   1.7412e-01   4.4787e-02   -1.40      -     5.0000e-01   0
FILTERDDP_ITER_TIMING iteration=19 barrier_iteration=2 backward_s=0.074102800 forward_s=0.011081300 total_s=0.085184100 outcome=accepted step_size=5.000000000e-01 backtracks=0 mu=4.000000000e-02
FILTERDDP_TIMING iteration=20 barrier_iteration=2 stage=6 derivative_s=0.001497400 first_order_s=0.001310000 second_order_s=0.000143900 algebra_s=0.003343700 kkt_assembly_s=0.000612700 factor_s=0.006664400 solve_s=0.001024900 update_s=0.001305500 K_nnz=5269 rhs_cols=52 Vxx_nnz=2601
FILTERDDP_TIMING iteration=20 barrier_iteration=2 stage=5 derivative_s=0.001187300 first_order_s=0.001040400 second_order_s=0.000105200 algebra_s=0.000699400 kkt_assembly_s=0.000457200 factor_s=0.004836900 solve_s=0.001007800 update_s=0.000328200 K_nnz=5269 rhs_cols=52 Vxx_nnz=2601
FILTERDDP_TIMING iteration=20 barrier_iteration=2 stage=4 derivative_s=0.001725800 first_order_s=0.001547700 second_order_s=0.000128700 algebra_s=0.000861800 kkt_assembly_s=0.000609700 factor_s=0.006337500 solve_s=0.001072100 update_s=0.000294500 K_nnz=5269 rhs_cols=52 Vxx_nnz=2601
FILTERDDP_TIMING iteration=20 barrier_iteration=2 stage=3 derivative_s=0.002235200 first_order_s=0.002014700 second_order_s=0.000153600 algebra_s=0.001120700 kkt_assembly_s=0.000592900 factor_s=0.007620500 solve_s=0.055320200 update_s=0.000213200 K_nnz=5269 rhs_cols=52 Vxx_nnz=2601
FILTERDDP_TIMING iteration=20 barrier_iteration=2 stage=2 derivative_s=0.000778900 first_order_s=0.000671800 second_order_s=0.000072900 algebra_s=0.000410000 kkt_assembly_s=0.000288300 factor_s=0.002899300 solve_s=0.000711700 update_s=0.000299700 K_nnz=5269 rhs_cols=52 Vxx_nnz=2601
FILTERDDP_TIMING iteration=20 barrier_iteration=2 stage=1 derivative_s=0.001524400 first_order_s=0.001363100 second_order_s=0.000115400 algebra_s=0.000754100 kkt_assembly_s=0.000497600 factor_s=0.007245500 solve_s=0.000859200 update_s=0.000272100 K_nnz=5269 rhs_cols=52 Vxx_nnz=2601
FILTERDDP_FEASIBILITY iteration=20 barrier_iteration=2 equality_count=3372 equality_rms=2.236795325417e-02 equality_max=3.537776196515e-01 equality_worst_stage=5 equality_worst_index=509 dynamics_count=255 dynamics_rms=0.000000000000e+00 dynamics_max=0.000000000000e+00 dynamics_worst_stage=0 dynamics_worst_index=0 bound_count=4902 bound_rms=0.000000000000e+00 bound_max=0.000000000000e+00 bound_worst_stage=0 bound_worst_index=0 bound_worst_kind=none
FILTERDDP_ITER_TIMING iteration=20 barrier_iteration=2 backward_s=0.118642800 forward_s=0.000000000 total_s=0.118642800 outcome=barrier_update step_size=5.000000000e-01 backtracks=0 mu=4.000000000e-02
FILTERDDP_TIMING iteration=20 barrier_iteration=3 stage=6 derivative_s=0.001398800 first_order_s=0.001228800 second_order_s=0.000131200 algebra_s=0.001818500 kkt_assembly_s=0.000289600 factor_s=0.004371500 solve_s=0.000998800 update_s=0.000877000 K_nnz=5269 rhs_cols=52 Vxx_nnz=2601
FILTERDDP_TIMING iteration=20 barrier_iteration=3 stage=5 derivative_s=0.000577800 first_order_s=0.000500500 second_order_s=0.000055800 algebra_s=0.000297200 kkt_assembly_s=0.000198900 factor_s=0.002465200 solve_s=0.077358700 update_s=0.000258000 K_nnz=5269 rhs_cols=52 Vxx_nnz=2601
FILTERDDP_TIMING iteration=20 barrier_iteration=3 stage=4 derivative_s=0.000766600 first_order_s=0.000631600 second_order_s=0.000092500 algebra_s=0.000532600 kkt_assembly_s=0.000307700 factor_s=0.003596700 solve_s=0.000556800 update_s=0.000201200 K_nnz=5269 rhs_cols=52 Vxx_nnz=2601
FILTERDDP_TIMING iteration=20 barrier_iteration=3 stage=3 derivative_s=0.000618900 first_order_s=0.000520100 second_order_s=0.000066700 algebra_s=0.000377400 kkt_assembly_s=0.000187900 factor_s=0.002193800 solve_s=0.000510100 update_s=0.000175400 K_nnz=5269 rhs_cols=52 Vxx_nnz=2601
FILTERDDP_TIMING iteration=20 barrier_iteration=3 stage=2 derivative_s=0.000573100 first_order_s=0.000488100 second_order_s=0.000067300 algebra_s=0.000377800 kkt_assembly_s=0.000187600 factor_s=0.002178700 solve_s=0.000496700 update_s=0.000176100 K_nnz=5269 rhs_cols=52 Vxx_nnz=2601
FILTERDDP_TIMING iteration=20 barrier_iteration=3 stage=1 derivative_s=0.000543200 first_order_s=0.000464800 second_order_s=0.000061100 algebra_s=0.000389000 kkt_assembly_s=0.000216800 factor_s=0.002213000 solve_s=0.000446500 update_s=0.000177800 K_nnz=5269 rhs_cols=52 Vxx_nnz=2601
FILTERDDP_FEASIBILITY iteration=20 barrier_iteration=3 equality_count=3372 equality_rms=2.236795325417e-02 equality_max=3.537776196515e-01 equality_worst_stage=5 equality_worst_index=509 dynamics_count=255 dynamics_rms=0.000000000000e+00 dynamics_max=0.000000000000e+00 dynamics_worst_stage=0 dynamics_worst_index=0 bound_count=4902 bound_rms=0.000000000000e+00 bound_max=0.000000000000e+00 bound_worst_stage=0 bound_worst_index=0 bound_worst_kind=none
  iter     objective        pr_inf       du_inf       cs_inf     lg(μ)   lg(reg)    alpha     ls
    20   3.21459786e+03   3.5378e-01   7.4596e-02   4.2410e-02   -2.10      -     5.0000e-01   0
FILTERDDP_ITER_TIMING iteration=20 barrier_iteration=3 backward_s=0.109584200 forward_s=0.003536700 total_s=0.113120900 outcome=accepted step_size=5.000000000e-01 backtracks=0 mu=8.000000000e-03
FILTERDDP_TIMING iteration=21 barrier_iteration=3 stage=6 derivative_s=0.000512500 first_order_s=0.000406400 second_order_s=0.000082600 algebra_s=0.001086900 kkt_assembly_s=0.000348600 factor_s=0.002231300 solve_s=0.000543600 update_s=0.000442400 K_nnz=5269 rhs_cols=52 Vxx_nnz=2601
FILTERDDP_TIMING iteration=21 barrier_iteration=3 stage=5 derivative_s=0.000532000 first_order_s=0.000459700 second_order_s=0.000057300 algebra_s=0.000366900 kkt_assembly_s=0.000182300 factor_s=0.002236100 solve_s=0.000611600 update_s=0.000195500 K_nnz=5269 rhs_cols=52 Vxx_nnz=2601
FILTERDDP_TIMING iteration=21 barrier_iteration=3 stage=4 derivative_s=0.000646500 first_order_s=0.000552300 second_order_s=0.000078500 algebra_s=0.000424300 kkt_assembly_s=0.000222500 factor_s=0.002308300 solve_s=0.000591400 update_s=0.000173800 K_nnz=5269 rhs_cols=52 Vxx_nnz=2601
FILTERDDP_TIMING iteration=21 barrier_iteration=3 stage=3 derivative_s=0.000603800 first_order_s=0.000518400 second_order_s=0.000068700 algebra_s=0.000579800 kkt_assembly_s=0.000186100 factor_s=0.002496700 solve_s=0.000587600 update_s=0.000153100 K_nnz=5269 rhs_cols=52 Vxx_nnz=2601
FILTERDDP_TIMING iteration=21 barrier_iteration=3 stage=2 derivative_s=0.000571100 first_order_s=0.000482200 second_order_s=0.000074500 algebra_s=0.000523400 kkt_assembly_s=0.000256300 factor_s=0.002520900 solve_s=0.000533800 update_s=0.000163400 K_nnz=5269 rhs_cols=52 Vxx_nnz=2601
FILTERDDP_TIMING iteration=21 barrier_iteration=3 stage=1 derivative_s=0.000534200 first_order_s=0.000456100 second_order_s=0.000064100 algebra_s=0.000497500 kkt_assembly_s=0.000208300 factor_s=0.002344000 solve_s=0.000661400 update_s=0.000305100 K_nnz=5269 rhs_cols=52 Vxx_nnz=2601
FILTERDDP_FEASIBILITY iteration=21 barrier_iteration=3 equality_count=3372 equality_rms=1.027178975047e-01 equality_max=1.561401620570e+00 equality_worst_stage=5 equality_worst_index=509 dynamics_count=255 dynamics_rms=0.000000000000e+00 dynamics_max=0.000000000000e+00 dynamics_worst_stage=0 dynamics_worst_index=0 bound_count=4902 bound_rms=0.000000000000e+00 bound_max=0.000000000000e+00 bound_worst_stage=0 bound_worst_index=0 bound_worst_kind=none
    21   3.18587303e+03   1.5614e+00   1.5633e-01   2.6826e-02   -2.10      -     5.0000e-01   0
FILTERDDP_ITER_TIMING iteration=21 barrier_iteration=3 backward_s=0.027941800 forward_s=0.008900400 total_s=0.036842200 outcome=accepted step_size=5.000000000e-01 backtracks=0 mu=8.000000000e-03
FILTERDDP_TIMING iteration=22 barrier_iteration=3 stage=6 derivative_s=0.001501800 first_order_s=0.001237000 second_order_s=0.000230600 algebra_s=0.002072200 kkt_assembly_s=0.000233200 factor_s=0.003165800 solve_s=0.000764200 update_s=0.000751300 K_nnz=5269 rhs_cols=52 Vxx_nnz=2601
FILTERDDP_TIMING iteration=22 barrier_iteration=3 stage=5 derivative_s=0.000808000 first_order_s=0.000686400 second_order_s=0.000100300 algebra_s=0.000449200 kkt_assembly_s=0.000256200 factor_s=0.003748500 solve_s=0.001220400 update_s=0.000258900 K_nnz=5269 rhs_cols=52 Vxx_nnz=2601
FILTERDDP_TIMING iteration=22 barrier_iteration=3 stage=4 derivative_s=0.001523700 first_order_s=0.001305700 second_order_s=0.000181600 algebra_s=0.000987400 kkt_assembly_s=0.000468100 factor_s=0.006797200 solve_s=0.001182200 update_s=0.000278800 K_nnz=5269 rhs_cols=52 Vxx_nnz=2601
FILTERDDP_TIMING iteration=22 barrier_iteration=3 stage=3 derivative_s=0.001671500 first_order_s=0.001462000 second_order_s=0.000157700 algebra_s=0.000967400 kkt_assembly_s=0.000474800 factor_s=0.006142200 solve_s=0.000954800 update_s=0.000311700 K_nnz=5269 rhs_cols=52 Vxx_nnz=2601
FILTERDDP_TIMING iteration=22 barrier_iteration=3 stage=2 derivative_s=0.001743600 first_order_s=0.001521500 second_order_s=0.000180000 algebra_s=0.000780000 kkt_assembly_s=0.000463800 factor_s=0.008095300 solve_s=0.001302300 update_s=0.000481900 K_nnz=5269 rhs_cols=52 Vxx_nnz=2601
FILTERDDP_TIMING iteration=22 barrier_iteration=3 stage=1 derivative_s=0.001830900 first_order_s=0.001499000 second_order_s=0.000290400 algebra_s=0.001338800 kkt_assembly_s=0.000559200 factor_s=0.007177100 solve_s=0.001339400 update_s=0.000389100 K_nnz=5269 rhs_cols=52 Vxx_nnz=2601
FILTERDDP_FEASIBILITY iteration=22 barrier_iteration=3 equality_count=3372 equality_rms=1.060774232764e-01 equality_max=1.665944489308e+00 equality_worst_stage=5 equality_worst_index=509 dynamics_count=255 dynamics_rms=0.000000000000e+00 dynamics_max=0.000000000000e+00 dynamics_worst_stage=0 dynamics_worst_index=0 bound_count=4902 bound_rms=0.000000000000e+00 bound_max=0.000000000000e+00 bound_worst_stage=0 bound_worst_index=0 bound_worst_kind=none
    22   3.17128860e+03   1.6659e+00   1.3354e-01   1.8175e-02   -2.10      -     5.0000e-01   0
FILTERDDP_ITER_TIMING iteration=22 barrier_iteration=3 backward_s=0.063345300 forward_s=0.009246600 total_s=0.072591900 outcome=accepted step_size=5.000000000e-01 backtracks=0 mu=8.000000000e-03
FILTERDDP_TIMING iteration=23 barrier_iteration=3 stage=6 derivative_s=0.002051300 first_order_s=0.001477700 second_order_s=0.000531600 algebra_s=0.003157700 kkt_assembly_s=0.000523000 factor_s=0.006488500 solve_s=0.001171800 update_s=0.001265300 K_nnz=5269 rhs_cols=52 Vxx_nnz=2601
FILTERDDP_TIMING iteration=23 barrier_iteration=3 stage=5 derivative_s=0.001605600 first_order_s=0.001344300 second_order_s=0.000218700 algebra_s=0.001094700 kkt_assembly_s=0.000524600 factor_s=0.007233600 solve_s=0.001218200 update_s=0.000419200 K_nnz=5269 rhs_cols=52 Vxx_nnz=2601
FILTERDDP_TIMING iteration=23 barrier_iteration=3 stage=4 derivative_s=0.001639100 first_order_s=0.001453900 second_order_s=0.000142200 algebra_s=0.000793300 kkt_assembly_s=0.000574000 factor_s=0.007722900 solve_s=0.001018300 update_s=0.000310900 K_nnz=5269 rhs_cols=52 Vxx_nnz=2601
FILTERDDP_TIMING iteration=23 barrier_iteration=3 stage=3 derivative_s=0.001467200 first_order_s=0.001315500 second_order_s=0.000110800 algebra_s=0.000834300 kkt_assembly_s=0.000488600 factor_s=0.006772200 solve_s=0.001105400 update_s=0.000301800 K_nnz=5269 rhs_cols=52 Vxx_nnz=2601
FILTERDDP_TIMING iteration=23 barrier_iteration=3 stage=2 derivative_s=0.001621500 first_order_s=0.001410800 second_order_s=0.000169900 algebra_s=0.001168400 kkt_assembly_s=0.000560900 factor_s=0.008083600 solve_s=0.001030300 update_s=0.000355500 K_nnz=5269 rhs_cols=52 Vxx_nnz=2601
FILTERDDP_TIMING iteration=23 barrier_iteration=3 stage=1 derivative_s=0.001820700 first_order_s=0.001395200 second_order_s=0.000364600 algebra_s=0.001303100 kkt_assembly_s=0.000533200 factor_s=0.006295500 solve_s=0.001130100 update_s=0.000737000 K_nnz=5269 rhs_cols=52 Vxx_nnz=2601
FILTERDDP_FEASIBILITY iteration=23 barrier_iteration=3 equality_count=3372 equality_rms=7.454452683011e-02 equality_max=1.191192628629e+00 equality_worst_stage=5 equality_worst_index=509 dynamics_count=255 dynamics_rms=0.000000000000e+00 dynamics_max=0.000000000000e+00 dynamics_worst_stage=0 dynamics_worst_index=0 bound_count=4902 bound_rms=0.000000000000e+00 bound_max=0.000000000000e+00 bound_worst_stage=0 bound_worst_index=0 bound_worst_kind=none
    23   3.16396521e+03   1.1912e+00   8.4238e-02   1.2204e-02   -2.10      -     5.0000e-01   0
FILTERDDP_ITER_TIMING iteration=23 barrier_iteration=3 backward_s=0.075690600 forward_s=0.011644600 total_s=0.087335200 outcome=accepted step_size=5.000000000e-01 backtracks=0 mu=8.000000000e-03
FILTERDDP_TIMING iteration=24 barrier_iteration=3 stage=6 derivative_s=0.001732200 first_order_s=0.001315400 second_order_s=0.000373600 algebra_s=0.003742900 kkt_assembly_s=0.001146800 factor_s=0.006057900 solve_s=0.001211100 update_s=0.001452000 K_nnz=5269 rhs_cols=52 Vxx_nnz=2601
FILTERDDP_TIMING iteration=24 barrier_iteration=3 stage=5 derivative_s=0.001597400 first_order_s=0.001411500 second_order_s=0.000137100 algebra_s=0.001126800 kkt_assembly_s=0.000598200 factor_s=0.008259600 solve_s=0.001147800 update_s=0.000375500 K_nnz=5269 rhs_cols=52 Vxx_nnz=2601
FILTERDDP_TIMING iteration=24 barrier_iteration=3 stage=4 derivative_s=0.001582900 first_order_s=0.001394800 second_order_s=0.000139600 algebra_s=0.001179000 kkt_assembly_s=0.000541900 factor_s=0.008292900 solve_s=0.000972700 update_s=0.000373000 K_nnz=5269 rhs_cols=52 Vxx_nnz=2601
FILTERDDP_TIMING iteration=24 barrier_iteration=3 stage=3 derivative_s=0.001558100 first_order_s=0.001398100 second_order_s=0.000113300 algebra_s=0.029325900 kkt_assembly_s=0.000256800 factor_s=0.002735500 solve_s=0.001198700 update_s=0.000535300 K_nnz=5269 rhs_cols=52 Vxx_nnz=2601
FILTERDDP_TIMING iteration=24 barrier_iteration=3 stage=2 derivative_s=0.001665800 first_order_s=0.001432300 second_order_s=0.000183200 algebra_s=0.000949600 kkt_assembly_s=0.000563100 factor_s=0.007007300 solve_s=0.001776600 update_s=0.000478800 K_nnz=5269 rhs_cols=52 Vxx_nnz=2601
FILTERDDP_TIMING iteration=24 barrier_iteration=3 stage=1 derivative_s=0.001677700 first_order_s=0.001433800 second_order_s=0.000197800 algebra_s=0.000978300 kkt_assembly_s=0.000564100 factor_s=0.006656600 solve_s=0.001247900 update_s=0.000418200 K_nnz=5269 rhs_cols=52 Vxx_nnz=2601
FILTERDDP_FEASIBILITY iteration=24 barrier_iteration=3 equality_count=3372 equality_rms=4.449922934807e-02 equality_max=7.176106887848e-01 equality_worst_stage=5 equality_worst_index=509 dynamics_count=255 dynamics_rms=0.000000000000e+00 dynamics_max=0.000000000000e+00 dynamics_worst_stage=0 dynamics_worst_index=0 bound_count=4902 bound_rms=0.000000000000e+00 bound_max=0.000000000000e+00 bound_worst_stage=0 bound_worst_index=0 bound_worst_kind=none
    24   3.16031456e+03   7.1761e-01   4.2712e-02   6.6146e-03   -2.10      -     5.0000e-01   0
FILTERDDP_ITER_TIMING iteration=24 barrier_iteration=3 backward_s=0.102295900 forward_s=0.009153500 total_s=0.111449400 outcome=accepted step_size=5.000000000e-01 backtracks=0 mu=8.000000000e-03
FILTERDDP_TIMING iteration=25 barrier_iteration=3 stage=6 derivative_s=0.001140800 first_order_s=0.000916200 second_order_s=0.000193400 algebra_s=0.002343500 kkt_assembly_s=0.000838200 factor_s=0.004032900 solve_s=0.001120900 update_s=0.001086400 K_nnz=5269 rhs_cols=52 Vxx_nnz=2601
FILTERDDP_TIMING iteration=25 barrier_iteration=3 stage=5 derivative_s=0.001612400 first_order_s=0.001361900 second_order_s=0.000207000 algebra_s=0.000961400 kkt_assembly_s=0.000642800 factor_s=0.006537800 solve_s=0.001538900 update_s=0.000366700 K_nnz=5269 rhs_cols=52 Vxx_nnz=2601
FILTERDDP_TIMING iteration=25 barrier_iteration=3 stage=4 derivative_s=0.001310400 first_order_s=0.001097200 second_order_s=0.000149400 algebra_s=0.000810500 kkt_assembly_s=0.000429300 factor_s=0.006107000 solve_s=0.001511100 update_s=0.000412900 K_nnz=5269 rhs_cols=52 Vxx_nnz=2601
FILTERDDP_TIMING iteration=25 barrier_iteration=3 stage=3 derivative_s=0.001601100 first_order_s=0.001382100 second_order_s=0.000176800 algebra_s=0.000927800 kkt_assembly_s=0.000534500 factor_s=0.007222000 solve_s=0.001871200 update_s=0.000528900 K_nnz=5269 rhs_cols=52 Vxx_nnz=2601
FILTERDDP_TIMING iteration=25 barrier_iteration=3 stage=2 derivative_s=0.002165400 first_order_s=0.001927200 second_order_s=0.000194400 algebra_s=0.000974900 kkt_assembly_s=0.000529000 factor_s=0.007125000 solve_s=0.001372500 update_s=0.000381600 K_nnz=5269 rhs_cols=52 Vxx_nnz=2601
FILTERDDP_TIMING iteration=25 barrier_iteration=3 stage=1 derivative_s=0.001624800 first_order_s=0.001404400 second_order_s=0.000177500 algebra_s=0.000941100 kkt_assembly_s=0.000899300 factor_s=0.008088600 solve_s=0.001642700 update_s=0.000399800 K_nnz=5269 rhs_cols=52 Vxx_nnz=2601
FILTERDDP_FEASIBILITY iteration=25 barrier_iteration=3 equality_count=3372 equality_rms=2.441167704855e-02 equality_max=3.954908946205e-01 equality_worst_stage=5 equality_worst_index=509 dynamics_count=255 dynamics_rms=0.000000000000e+00 dynamics_max=0.000000000000e+00 dynamics_worst_stage=0 dynamics_worst_index=0 bound_count=4902 bound_rms=0.000000000000e+00 bound_max=0.000000000000e+00 bound_worst_stage=0 bound_worst_index=0 bound_worst_kind=none
    25   3.15849975e+03   3.9549e-01   1.8871e-02   3.4765e-03   -2.10      -     5.0000e-01   0
FILTERDDP_ITER_TIMING iteration=25 barrier_iteration=3 backward_s=0.072887900 forward_s=0.011924000 total_s=0.084811900 outcome=accepted step_size=5.000000000e-01 backtracks=0 mu=8.000000000e-03
FILTERDDP_TIMING iteration=26 barrier_iteration=3 stage=6 derivative_s=0.002606500 first_order_s=0.002297300 second_order_s=0.000257800 algebra_s=0.003052300 kkt_assembly_s=0.001439000 factor_s=0.007035000 solve_s=0.001662100 update_s=0.001321000 K_nnz=5269 rhs_cols=52 Vxx_nnz=2601
FILTERDDP_TIMING iteration=26 barrier_iteration=3 stage=5 derivative_s=0.002075200 first_order_s=0.001802300 second_order_s=0.000221300 algebra_s=0.001244300 kkt_assembly_s=0.000621400 factor_s=0.006332100 solve_s=0.001611400 update_s=0.000470300 K_nnz=5269 rhs_cols=52 Vxx_nnz=2601
FILTERDDP_TIMING iteration=26 barrier_iteration=3 stage=4 derivative_s=0.001981200 first_order_s=0.001709000 second_order_s=0.000221400 algebra_s=0.001603300 kkt_assembly_s=0.000554400 factor_s=0.018697600 solve_s=0.001400600 update_s=0.000308500 K_nnz=5269 rhs_cols=52 Vxx_nnz=2601
FILTERDDP_TIMING iteration=26 barrier_iteration=3 stage=3 derivative_s=0.001538100 first_order_s=0.001367500 second_order_s=0.000122800 algebra_s=0.000771200 kkt_assembly_s=0.000508300 factor_s=0.006795400 solve_s=0.001105100 update_s=0.000322500 K_nnz=5269 rhs_cols=52 Vxx_nnz=2601
FILTERDDP_TIMING iteration=26 barrier_iteration=3 stage=2 derivative_s=0.001674500 first_order_s=0.001459600 second_order_s=0.000166600 algebra_s=0.000826100 kkt_assembly_s=0.000516100 factor_s=0.006258500 solve_s=0.001199500 update_s=0.000532400 K_nnz=5269 rhs_cols=52 Vxx_nnz=2601
FILTERDDP_TIMING iteration=26 barrier_iteration=3 stage=1 derivative_s=0.001960500 first_order_s=0.001763800 second_order_s=0.000146500 algebra_s=0.000813500 kkt_assembly_s=0.000626500 factor_s=0.006958100 solve_s=0.001241300 update_s=0.000483800 K_nnz=5269 rhs_cols=52 Vxx_nnz=2601
FILTERDDP_FEASIBILITY iteration=26 barrier_iteration=3 equality_count=3372 equality_rms=1.280139638259e-02 equality_max=2.078521644402e-01 equality_worst_stage=5 equality_worst_index=509 dynamics_count=255 dynamics_rms=0.000000000000e+00 dynamics_max=0.000000000000e+00 dynamics_worst_stage=0 dynamics_worst_index=0 bound_count=4902 bound_rms=0.000000000000e+00 bound_max=0.000000000000e+00 bound_worst_stage=0 bound_worst_index=0 bound_worst_kind=none
    26   3.15759801e+03   2.0785e-01   7.5294e-03   1.7876e-03   -2.10      -     5.0000e-01   0
FILTERDDP_ITER_TIMING iteration=26 barrier_iteration=3 backward_s=0.089480000 forward_s=0.011388300 total_s=0.100868300 outcome=accepted step_size=5.000000000e-01 backtracks=0 mu=8.000000000e-03
FILTERDDP_TIMING iteration=27 barrier_iteration=3 stage=6 derivative_s=0.001559600 first_order_s=0.001348100 second_order_s=0.000139800 algebra_s=0.003016100 kkt_assembly_s=0.000607800 factor_s=0.006170800 solve_s=0.001411200 update_s=0.001253000 K_nnz=5269 rhs_cols=52 Vxx_nnz=2601
FILTERDDP_TIMING iteration=27 barrier_iteration=3 stage=5 derivative_s=0.001288800 first_order_s=0.001152300 second_order_s=0.000094800 algebra_s=0.000768500 kkt_assembly_s=0.000454200 factor_s=0.005856400 solve_s=0.001213200 update_s=0.000323400 K_nnz=5269 rhs_cols=52 Vxx_nnz=2601
FILTERDDP_TIMING iteration=27 barrier_iteration=3 stage=4 derivative_s=0.001539400 first_order_s=0.001369600 second_order_s=0.000122800 algebra_s=0.000793200 kkt_assembly_s=0.000518600 factor_s=0.006599300 solve_s=0.001076700 update_s=0.000385200 K_nnz=5269 rhs_cols=52 Vxx_nnz=2601
FILTERDDP_TIMING iteration=27 barrier_iteration=3 stage=3 derivative_s=0.001498600 first_order_s=0.001330000 second_order_s=0.000122200 algebra_s=0.000825400 kkt_assembly_s=0.000535600 factor_s=0.006355900 solve_s=0.001226200 update_s=0.000307600 K_nnz=5269 rhs_cols=52 Vxx_nnz=2601
FILTERDDP_TIMING iteration=27 barrier_iteration=3 stage=2 derivative_s=0.001511600 first_order_s=0.001346100 second_order_s=0.000119700 algebra_s=0.000791000 kkt_assembly_s=0.000519400 factor_s=0.006255200 solve_s=0.000987800 update_s=0.000386300 K_nnz=5269 rhs_cols=52 Vxx_nnz=2601
FILTERDDP_TIMING iteration=27 barrier_iteration=3 stage=1 derivative_s=0.001568700 first_order_s=0.001340100 second_order_s=0.000182700 algebra_s=0.000949600 kkt_assembly_s=0.001165000 factor_s=0.007137200 solve_s=0.001212700 update_s=0.000537500 K_nnz=5269 rhs_cols=52 Vxx_nnz=2601
FILTERDDP_FEASIBILITY iteration=27 barrier_iteration=3 equality_count=3372 equality_rms=6.556049015674e-03 equality_max=1.065549831921e-01 equality_worst_stage=5 equality_worst_index=509 dynamics_count=255 dynamics_rms=0.000000000000e+00 dynamics_max=0.000000000000e+00 dynamics_worst_stage=0 dynamics_worst_index=0 bound_count=4902 bound_rms=0.000000000000e+00 bound_max=0.000000000000e+00 bound_worst_stage=0 bound_worst_index=0 bound_worst_kind=none
    27   3.15714993e+03   1.0655e-01   2.6179e-03   9.0719e-04   -2.10      -     5.0000e-01   0
FILTERDDP_ITER_TIMING iteration=27 barrier_iteration=3 backward_s=0.069951200 forward_s=0.024257800 total_s=0.094209000 outcome=accepted step_size=5.000000000e-01 backtracks=0 mu=8.000000000e-03
FILTERDDP_TIMING iteration=28 barrier_iteration=3 stage=6 derivative_s=0.000613700 first_order_s=0.000468800 second_order_s=0.000108800 algebra_s=0.001620700 kkt_assembly_s=0.000393800 factor_s=0.002564500 solve_s=0.001318000 update_s=0.001116000 K_nnz=5269 rhs_cols=52 Vxx_nnz=2601
FILTERDDP_TIMING iteration=28 barrier_iteration=3 stage=5 derivative_s=0.001617300 first_order_s=0.001392800 second_order_s=0.000180500 algebra_s=0.001020300 kkt_assembly_s=0.000531500 factor_s=0.006779200 solve_s=0.001249800 update_s=0.000453500 K_nnz=5269 rhs_cols=52 Vxx_nnz=2601
FILTERDDP_TIMING iteration=28 barrier_iteration=3 stage=4 derivative_s=0.001626300 first_order_s=0.001395500 second_order_s=0.000188900 algebra_s=0.000929400 kkt_assembly_s=0.000552200 factor_s=0.006478000 solve_s=0.001131300 update_s=0.000406400 K_nnz=5269 rhs_cols=52 Vxx_nnz=2601
FILTERDDP_TIMING iteration=28 barrier_iteration=3 stage=3 derivative_s=0.001611000 first_order_s=0.001373100 second_order_s=0.000195100 algebra_s=0.000948100 kkt_assembly_s=0.000533100 factor_s=0.006709900 solve_s=0.001558000 update_s=0.000559800 K_nnz=5269 rhs_cols=52 Vxx_nnz=2601
FILTERDDP_TIMING iteration=28 barrier_iteration=3 stage=2 derivative_s=0.002428500 first_order_s=0.002140300 second_order_s=0.000229100 algebra_s=0.000980300 kkt_assembly_s=0.000516900 factor_s=0.006212500 solve_s=0.001375800 update_s=0.000416700 K_nnz=5269 rhs_cols=52 Vxx_nnz=2601
FILTERDDP_TIMING iteration=28 barrier_iteration=3 stage=1 derivative_s=0.001659500 first_order_s=0.001441900 second_order_s=0.000176400 algebra_s=0.000935200 kkt_assembly_s=0.000540100 factor_s=0.006857800 solve_s=0.001589200 update_s=0.000487800 K_nnz=5269 rhs_cols=52 Vxx_nnz=2601
FILTERDDP_FEASIBILITY iteration=28 barrier_iteration=3 equality_count=3372 equality_rms=3.317225624245e-03 equality_max=5.393777570669e-02 equality_worst_stage=5 equality_worst_index=509 dynamics_count=255 dynamics_rms=0.000000000000e+00 dynamics_max=0.000000000000e+00 dynamics_worst_stage=0 dynamics_worst_index=0 bound_count=4902 bound_rms=0.000000000000e+00 bound_max=0.000000000000e+00 bound_worst_stage=0 bound_worst_index=0 bound_worst_kind=none
FILTERDDP_ITER_TIMING iteration=28 barrier_iteration=3 backward_s=0.067724700 forward_s=0.000000000 total_s=0.067724700 outcome=barrier_update step_size=5.000000000e-01 backtracks=0 mu=8.000000000e-03
FILTERDDP_TIMING iteration=28 barrier_iteration=4 stage=6 derivative_s=0.001735600 first_order_s=0.001430700 second_order_s=0.000263700 algebra_s=0.003578900 kkt_assembly_s=0.001088100 factor_s=0.007063100 solve_s=0.001467000 update_s=0.001207900 K_nnz=5269 rhs_cols=52 Vxx_nnz=2601
FILTERDDP_TIMING iteration=28 barrier_iteration=4 stage=5 derivative_s=0.009815700 first_order_s=0.001159500 second_order_s=0.008617600 algebra_s=0.000681400 kkt_assembly_s=0.000360300 factor_s=0.004872600 solve_s=0.000926000 update_s=0.000284600 K_nnz=5269 rhs_cols=52 Vxx_nnz=2601
FILTERDDP_TIMING iteration=28 barrier_iteration=4 stage=4 derivative_s=0.001494300 first_order_s=0.001334000 second_order_s=0.000116500 algebra_s=0.000742400 kkt_assembly_s=0.000485300 factor_s=0.007513600 solve_s=0.001093300 update_s=0.000329700 K_nnz=5269 rhs_cols=52 Vxx_nnz=2601
FILTERDDP_TIMING iteration=28 barrier_iteration=4 stage=3 derivative_s=0.001491300 first_order_s=0.001334900 second_order_s=0.000112300 algebra_s=0.000754900 kkt_assembly_s=0.000544500 factor_s=0.006570500 solve_s=0.000941400 update_s=0.000302800 K_nnz=5269 rhs_cols=52 Vxx_nnz=2601
FILTERDDP_TIMING iteration=28 barrier_iteration=4 stage=2 derivative_s=0.001643000 first_order_s=0.001479600 second_order_s=0.000105900 algebra_s=0.000777200 kkt_assembly_s=0.000461200 factor_s=0.006457000 solve_s=0.001089600 update_s=0.000386100 K_nnz=5269 rhs_cols=52 Vxx_nnz=2601
FILTERDDP_TIMING iteration=28 barrier_iteration=4 stage=1 derivative_s=0.001600000 first_order_s=0.001439100 second_order_s=0.000116700 algebra_s=0.000743200 kkt_assembly_s=0.000504300 factor_s=0.006346400 solve_s=0.001118200 update_s=0.000353700 K_nnz=5269 rhs_cols=52 Vxx_nnz=2601
FILTERDDP_FEASIBILITY iteration=28 barrier_iteration=4 equality_count=3372 equality_rms=3.317225624245e-03 equality_max=5.393777570669e-02 equality_worst_stage=5 equality_worst_index=509 dynamics_count=255 dynamics_rms=0.000000000000e+00 dynamics_max=0.000000000000e+00 dynamics_worst_stage=0 dynamics_worst_index=0 bound_count=4902 bound_rms=0.000000000000e+00 bound_max=0.000000000000e+00 bound_worst_stage=0 bound_worst_index=0 bound_worst_kind=none
    28   3.15692728e+03   5.3938e-02   8.3047e-04   4.5707e-04   -2.80      -     5.0000e-01   0
FILTERDDP_ITER_TIMING iteration=28 barrier_iteration=4 backward_s=0.077949700 forward_s=0.011924900 total_s=0.089874600 outcome=accepted step_size=5.000000000e-01 backtracks=0 mu=1.600000000e-03
FILTERDDP_TIMING iteration=29 barrier_iteration=4 stage=6 derivative_s=0.001585100 first_order_s=0.001389500 second_order_s=0.000147900 algebra_s=0.002885200 kkt_assembly_s=0.000963800 factor_s=0.006021500 solve_s=0.001182800 update_s=0.001346300 K_nnz=5269 rhs_cols=52 Vxx_nnz=2601
FILTERDDP_TIMING iteration=29 barrier_iteration=4 stage=5 derivative_s=0.010924100 first_order_s=0.001736300 second_order_s=0.009123500 algebra_s=0.000501100 kkt_assembly_s=0.000280900 factor_s=0.003082800 solve_s=0.000820800 update_s=0.000313100 K_nnz=5269 rhs_cols=52 Vxx_nnz=2601
FILTERDDP_TIMING iteration=29 barrier_iteration=4 stage=4 derivative_s=0.001799300 first_order_s=0.001660000 second_order_s=0.000100200 algebra_s=0.000468300 kkt_assembly_s=0.000346600 factor_s=0.004285100 solve_s=0.000910900 update_s=0.000314300 K_nnz=5269 rhs_cols=52 Vxx_nnz=2601
FILTERDDP_TIMING iteration=29 barrier_iteration=4 stage=3 derivative_s=0.001541900 first_order_s=0.001371900 second_order_s=0.000120400 algebra_s=0.000814300 kkt_assembly_s=0.000504800 factor_s=0.005899100 solve_s=0.000850100 update_s=0.000265000 K_nnz=5269 rhs_cols=52 Vxx_nnz=2601
FILTERDDP_TIMING iteration=29 barrier_iteration=4 stage=2 derivative_s=0.001277500 first_order_s=0.001115400 second_order_s=0.000098800 algebra_s=0.000703300 kkt_assembly_s=0.000418700 factor_s=0.004565700 solve_s=0.000880600 update_s=0.000297300 K_nnz=5269 rhs_cols=52 Vxx_nnz=2601
FILTERDDP_TIMING iteration=29 barrier_iteration=4 stage=1 derivative_s=0.001827300 first_order_s=0.001618300 second_order_s=0.000144800 algebra_s=0.000794500 kkt_assembly_s=0.000508600 factor_s=0.006447600 solve_s=0.000912300 update_s=0.000205400 K_nnz=5269 rhs_cols=52 Vxx_nnz=2601
FILTERDDP_FEASIBILITY iteration=29 barrier_iteration=4 equality_count=3372 equality_rms=2.459035587775e-02 equality_max=4.248759384299e-01 equality_worst_stage=5 equality_worst_index=509 dynamics_count=255 dynamics_rms=0.000000000000e+00 dynamics_max=0.000000000000e+00 dynamics_worst_stage=0 dynamics_worst_index=0 bound_count=4902 bound_rms=0.000000000000e+00 bound_max=0.000000000000e+00 bound_worst_stage=0 bound_worst_index=0 bound_worst_kind=none
    29   3.15114111e+03   4.2488e-01   2.6105e-03   2.4532e-04   -2.80      -     5.0000e-01   0
FILTERDDP_ITER_TIMING iteration=29 barrier_iteration=4 backward_s=0.067960200 forward_s=0.009823300 total_s=0.077783500 outcome=accepted step_size=5.000000000e-01 backtracks=0 mu=1.600000000e-03
FILTERDDP_TIMING iteration=30 barrier_iteration=4 stage=6 derivative_s=0.001348700 first_order_s=0.001170600 second_order_s=0.000135700 algebra_s=0.007116600 kkt_assembly_s=0.000465600 factor_s=0.003998600 solve_s=0.000786400 update_s=0.000942300 K_nnz=5269 rhs_cols=52 Vxx_nnz=2601
FILTERDDP_TIMING iteration=30 barrier_iteration=4 stage=5 derivative_s=0.000992900 first_order_s=0.000876000 second_order_s=0.000085500 algebra_s=0.000503400 kkt_assembly_s=0.000327400 factor_s=0.002841900 solve_s=0.000907500 update_s=0.000302200 K_nnz=5269 rhs_cols=52 Vxx_nnz=2601
FILTERDDP_TIMING iteration=30 barrier_iteration=4 stage=4 derivative_s=0.001479600 first_order_s=0.001321500 second_order_s=0.000115200 algebra_s=0.000749100 kkt_assembly_s=0.000498400 factor_s=0.006378800 solve_s=0.000875700 update_s=0.000161300 K_nnz=5269 rhs_cols=52 Vxx_nnz=2601
FILTERDDP_TIMING iteration=30 barrier_iteration=4 stage=3 derivative_s=0.000549300 first_order_s=0.000479600 second_order_s=0.000049300 algebra_s=0.000360100 kkt_assembly_s=0.000225800 factor_s=0.002014300 solve_s=0.000831000 update_s=0.000273500 K_nnz=5269 rhs_cols=52 Vxx_nnz=2601
FILTERDDP_TIMING iteration=30 barrier_iteration=4 stage=2 derivative_s=0.001474100 first_order_s=0.001318200 second_order_s=0.000113600 algebra_s=0.000744000 kkt_assembly_s=0.000484300 factor_s=0.006162500 solve_s=0.001056600 update_s=0.005108400 K_nnz=5269 rhs_cols=52 Vxx_nnz=2601
FILTERDDP_TIMING iteration=30 barrier_iteration=4 stage=1 derivative_s=0.001443800 first_order_s=0.001294300 second_order_s=0.000110100 algebra_s=0.000739200 kkt_assembly_s=0.000502400 factor_s=0.006175900 solve_s=0.000950400 update_s=0.000280800 K_nnz=5269 rhs_cols=52 Vxx_nnz=2601
FILTERDDP_FEASIBILITY iteration=30 barrier_iteration=4 equality_count=3372 equality_rms=2.009019621712e-02 equality_max=3.478750970146e-01 equality_worst_stage=5 equality_worst_index=509 dynamics_count=255 dynamics_rms=0.000000000000e+00 dynamics_max=0.000000000000e+00 dynamics_worst_stage=0 dynamics_worst_index=0 bound_count=4902 bound_rms=0.000000000000e+00 bound_max=0.000000000000e+00 bound_worst_stage=0 bound_worst_index=0 bound_worst_kind=none
  iter     objective        pr_inf       du_inf       cs_inf     lg(μ)   lg(reg)    alpha     ls
    30   3.14831113e+03   3.4788e-01   2.1179e-03   1.2659e-04   -2.80      -     5.0000e-01   0
FILTERDDP_ITER_TIMING iteration=30 barrier_iteration=4 backward_s=0.061258200 forward_s=0.011944000 total_s=0.073202200 outcome=accepted step_size=5.000000000e-01 backtracks=0 mu=1.600000000e-03
FILTERDDP_TIMING iteration=31 barrier_iteration=4 stage=6 derivative_s=0.001882100 first_order_s=0.001653800 second_order_s=0.000174100 algebra_s=0.002901500 kkt_assembly_s=0.000984800 factor_s=0.004455200 solve_s=0.000945500 update_s=0.001150800 K_nnz=5269 rhs_cols=52 Vxx_nnz=2601
FILTERDDP_TIMING iteration=31 barrier_iteration=4 stage=5 derivative_s=0.001095800 first_order_s=0.000953600 second_order_s=0.000093300 algebra_s=0.000589800 kkt_assembly_s=0.000366500 factor_s=0.003786100 solve_s=0.000803600 update_s=0.000283700 K_nnz=5269 rhs_cols=52 Vxx_nnz=2601
FILTERDDP_TIMING iteration=31 barrier_iteration=4 stage=4 derivative_s=0.001479800 first_order_s=0.001317300 second_order_s=0.000120800 algebra_s=0.000826800 kkt_assembly_s=0.000669600 factor_s=0.006161000 solve_s=0.006134800 update_s=0.000302600 K_nnz=5269 rhs_cols=52 Vxx_nnz=2601
FILTERDDP_TIMING iteration=31 barrier_iteration=4 stage=3 derivative_s=0.001542900 first_order_s=0.001375500 second_order_s=0.000124000 algebra_s=0.000753100 kkt_assembly_s=0.000492500 factor_s=0.005973400 solve_s=0.001077500 update_s=0.000281300 K_nnz=5269 rhs_cols=52 Vxx_nnz=2601
FILTERDDP_TIMING iteration=31 barrier_iteration=4 stage=2 derivative_s=0.001519600 first_order_s=0.001353000 second_order_s=0.000123100 algebra_s=0.000749900 kkt_assembly_s=0.000506800 factor_s=0.006790000 solve_s=0.001139100 update_s=0.000346700 K_nnz=5269 rhs_cols=52 Vxx_nnz=2601
FILTERDDP_TIMING iteration=31 barrier_iteration=4 stage=1 derivative_s=0.001593600 first_order_s=0.001444500 second_order_s=0.000103500 algebra_s=0.000610000 kkt_assembly_s=0.000372000 factor_s=0.004460700 solve_s=0.001178600 update_s=0.000285200 K_nnz=5269 rhs_cols=52 Vxx_nnz=2601
FILTERDDP_FEASIBILITY iteration=31 barrier_iteration=4 equality_count=3372 equality_rms=1.253597399147e-02 equality_max=2.172966330421e-01 equality_worst_stage=5 equality_worst_index=509 dynamics_count=255 dynamics_rms=0.000000000000e+00 dynamics_max=0.000000000000e+00 dynamics_worst_stage=0 dynamics_worst_index=0 bound_count=4902 bound_rms=0.000000000000e+00 bound_max=0.000000000000e+00 bound_worst_stage=0 bound_worst_index=0 bound_worst_kind=none
    31   3.14693079e+03   2.1730e-01   1.1608e-03   6.3060e-05   -2.80      -     5.0000e-01   0
FILTERDDP_ITER_TIMING iteration=31 barrier_iteration=4 backward_s=0.065796900 forward_s=0.010914600 total_s=0.076711500 outcome=accepted step_size=5.000000000e-01 backtracks=0 mu=1.600000000e-03
FILTERDDP_TIMING iteration=32 barrier_iteration=4 stage=6 derivative_s=0.002070400 first_order_s=0.001832600 second_order_s=0.000191000 algebra_s=0.002824600 kkt_assembly_s=0.000811100 factor_s=0.007481600 solve_s=0.000940500 update_s=0.001141200 K_nnz=5269 rhs_cols=52 Vxx_nnz=2601
FILTERDDP_TIMING iteration=32 barrier_iteration=4 stage=5 derivative_s=0.001489300 first_order_s=0.001326800 second_order_s=0.000117000 algebra_s=0.000759400 kkt_assembly_s=0.000704300 factor_s=0.006318200 solve_s=0.000993000 update_s=0.000295100 K_nnz=5269 rhs_cols=52 Vxx_nnz=2601
FILTERDDP_TIMING iteration=32 barrier_iteration=4 stage=4 derivative_s=0.001489900 first_order_s=0.001326700 second_order_s=0.000120700 algebra_s=0.000753800 kkt_assembly_s=0.000495900 factor_s=0.005138800 solve_s=0.000922900 update_s=0.000343400 K_nnz=5269 rhs_cols=52 Vxx_nnz=2601
FILTERDDP_TIMING iteration=32 barrier_iteration=4 stage=3 derivative_s=0.001561000 first_order_s=0.001388700 second_order_s=0.000128100 algebra_s=0.000747200 kkt_assembly_s=0.000492100 factor_s=0.006133100 solve_s=0.000906900 update_s=0.000265000 K_nnz=5269 rhs_cols=52 Vxx_nnz=2601
FILTERDDP_TIMING iteration=32 barrier_iteration=4 stage=2 derivative_s=0.001806300 first_order_s=0.001647900 second_order_s=0.000113800 algebra_s=0.000749200 kkt_assembly_s=0.000482500 factor_s=0.009578900 solve_s=0.001038800 update_s=0.000314400 K_nnz=5269 rhs_cols=52 Vxx_nnz=2601
FILTERDDP_TIMING iteration=32 barrier_iteration=4 stage=1 derivative_s=0.001278700 first_order_s=0.001135100 second_order_s=0.000094900 algebra_s=0.000433300 kkt_assembly_s=0.000276000 factor_s=0.003362900 solve_s=0.000801200 update_s=0.000287100 K_nnz=5269 rhs_cols=52 Vxx_nnz=2601
FILTERDDP_FEASIBILITY iteration=32 barrier_iteration=4 equality_count=3372 equality_rms=7.015416611227e-03 equality_max=1.216942697160e-01 equality_worst_stage=5 equality_worst_index=509 dynamics_count=255 dynamics_rms=0.000000000000e+00 dynamics_max=0.000000000000e+00 dynamics_worst_stage=0 dynamics_worst_index=0 bound_count=4902 bound_rms=0.000000000000e+00 bound_max=0.000000000000e+00 bound_worst_stage=0 bound_worst_index=0 bound_worst_kind=none
    32   3.14625719e+03   1.2169e-01   4.9825e-04   3.0819e-05   -2.80      -     5.0000e-01   0
FILTERDDP_ITER_TIMING iteration=32 barrier_iteration=4 backward_s=0.066746700 forward_s=0.010822200 total_s=0.077568900 outcome=accepted step_size=5.000000000e-01 backtracks=0 mu=1.600000000e-03
FILTERDDP_TIMING iteration=33 barrier_iteration=4 stage=6 derivative_s=0.001223200 first_order_s=0.001055600 second_order_s=0.000129800 algebra_s=0.002737100 kkt_assembly_s=0.001029400 factor_s=0.006478100 solve_s=0.001109900 update_s=0.001302900 K_nnz=5269 rhs_cols=52 Vxx_nnz=2601
FILTERDDP_TIMING iteration=33 barrier_iteration=4 stage=5 derivative_s=0.001637200 first_order_s=0.001445200 second_order_s=0.000142900 algebra_s=0.000784000 kkt_assembly_s=0.000534000 factor_s=0.006715400 solve_s=0.006949400 update_s=0.000348500 K_nnz=5269 rhs_cols=52 Vxx_nnz=2601
FILTERDDP_TIMING iteration=33 barrier_iteration=4 stage=4 derivative_s=0.001773100 first_order_s=0.001586400 second_order_s=0.000128500 algebra_s=0.000784300 kkt_assembly_s=0.000806700 factor_s=0.008024600 solve_s=0.001438500 update_s=0.000315200 K_nnz=5269 rhs_cols=52 Vxx_nnz=2601
FILTERDDP_TIMING iteration=33 barrier_iteration=4 stage=3 derivative_s=0.001052900 first_order_s=0.000928700 second_order_s=0.000085400 algebra_s=0.000596600 kkt_assembly_s=0.000411000 factor_s=0.004411800 solve_s=0.000910000 update_s=0.000327900 K_nnz=5269 rhs_cols=52 Vxx_nnz=2601
FILTERDDP_TIMING iteration=33 barrier_iteration=4 stage=2 derivative_s=0.001559500 first_order_s=0.001388800 second_order_s=0.000122300 algebra_s=0.000964000 kkt_assembly_s=0.000516000 factor_s=0.006155200 solve_s=0.001105500 update_s=0.000317000 K_nnz=5269 rhs_cols=52 Vxx_nnz=2601
FILTERDDP_TIMING iteration=33 barrier_iteration=4 stage=1 derivative_s=0.001548300 first_order_s=0.001385000 second_order_s=0.000118700 algebra_s=0.000760500 kkt_assembly_s=0.000499900 factor_s=0.007520200 solve_s=0.001142800 update_s=0.000338400 K_nnz=5269 rhs_cols=52 Vxx_nnz=2601
FILTERDDP_FEASIBILITY iteration=33 barrier_iteration=4 equality_count=3372 equality_rms=3.718874195232e-03 equality_max=6.454394467466e-02 equality_worst_stage=5 equality_worst_index=509 dynamics_count=255 dynamics_rms=0.000000000000e+00 dynamics_max=0.000000000000e+00 dynamics_worst_stage=0 dynamics_worst_index=0 bound_count=4902 bound_rms=0.000000000000e+00 bound_max=0.000000000000e+00 bound_worst_stage=0 bound_worst_index=0 bound_worst_kind=none
    33   3.14592696e+03   6.4544e-02   1.8145e-04   1.5031e-05   -2.80      -     5.0000e-01   0
FILTERDDP_ITER_TIMING iteration=33 barrier_iteration=4 backward_s=0.075462200 forward_s=0.014307900 total_s=0.089770100 outcome=accepted step_size=5.000000000e-01 backtracks=0 mu=1.600000000e-03
FILTERDDP_TIMING iteration=34 barrier_iteration=4 stage=6 derivative_s=0.001067000 first_order_s=0.000916000 second_order_s=0.000115700 algebra_s=0.003050400 kkt_assembly_s=0.000573900 factor_s=0.006044200 solve_s=0.001053000 update_s=0.001255500 K_nnz=5269 rhs_cols=52 Vxx_nnz=2601
FILTERDDP_TIMING iteration=34 barrier_iteration=4 stage=5 derivative_s=0.002044900 first_order_s=0.001834000 second_order_s=0.000160700 algebra_s=0.000783300 kkt_assembly_s=0.000521500 factor_s=0.006255500 solve_s=0.001055000 update_s=0.000331100 K_nnz=5269 rhs_cols=52 Vxx_nnz=2601
FILTERDDP_TIMING iteration=34 barrier_iteration=4 stage=4 derivative_s=0.001538200 first_order_s=0.001367100 second_order_s=0.000124400 algebra_s=0.000937800 kkt_assembly_s=0.000512700 factor_s=0.007399200 solve_s=0.001080800 update_s=0.000242500 K_nnz=5269 rhs_cols=52 Vxx_nnz=2601
FILTERDDP_TIMING iteration=34 barrier_iteration=4 stage=3 derivative_s=0.000917300 first_order_s=0.000799600 second_order_s=0.000087300 algebra_s=0.000498100 kkt_assembly_s=0.000313500 factor_s=0.007561500 solve_s=0.000896500 update_s=0.000309800 K_nnz=5269 rhs_cols=52 Vxx_nnz=2601
FILTERDDP_TIMING iteration=34 barrier_iteration=4 stage=2 derivative_s=0.001517300 first_order_s=0.001348400 second_order_s=0.000122900 algebra_s=0.000783000 kkt_assembly_s=0.000506000 factor_s=0.006560700 solve_s=0.001160600 update_s=0.000314200 K_nnz=5269 rhs_cols=52 Vxx_nnz=2601
FILTERDDP_TIMING iteration=34 barrier_iteration=4 stage=1 derivative_s=0.001412300 first_order_s=0.001255000 second_order_s=0.000114500 algebra_s=0.000712600 kkt_assembly_s=0.000476600 factor_s=0.005963100 solve_s=0.001143800 update_s=0.000301700 K_nnz=5269 rhs_cols=52 Vxx_nnz=2601
FILTERDDP_FEASIBILITY iteration=34 barrier_iteration=4 equality_count=3372 equality_rms=1.916165639268e-03 equality_max=3.326727848289e-02 equality_worst_stage=5 equality_worst_index=509 dynamics_count=255 dynamics_rms=0.000000000000e+00 dynamics_max=0.000000000000e+00 dynamics_worst_stage=0 dynamics_worst_index=0 bound_count=4902 bound_rms=0.000000000000e+00 bound_max=0.000000000000e+00 bound_worst_stage=0 bound_worst_index=0 bound_worst_kind=none
    34   3.14576410e+03   3.3267e-02   5.9348e-05   7.3776e-06   -2.80      -     5.0000e-01   0
FILTERDDP_ITER_TIMING iteration=34 barrier_iteration=4 backward_s=0.068376800 forward_s=0.010231600 total_s=0.078608400 outcome=accepted step_size=5.000000000e-01 backtracks=0 mu=1.600000000e-03
FILTERDDP_TIMING iteration=35 barrier_iteration=4 stage=6 derivative_s=0.001205800 first_order_s=0.001040000 second_order_s=0.000112300 algebra_s=0.002499400 kkt_assembly_s=0.000681500 factor_s=0.004684800 solve_s=0.001081900 update_s=0.001502400 K_nnz=5269 rhs_cols=52 Vxx_nnz=2601
FILTERDDP_TIMING iteration=35 barrier_iteration=4 stage=5 derivative_s=0.001630700 first_order_s=0.001458400 second_order_s=0.000123800 algebra_s=0.001283400 kkt_assembly_s=0.005549700 factor_s=0.006397400 solve_s=0.001060800 update_s=0.000355600 K_nnz=5269 rhs_cols=52 Vxx_nnz=2601
FILTERDDP_TIMING iteration=35 barrier_iteration=4 stage=4 derivative_s=0.001535200 first_order_s=0.001348500 second_order_s=0.000139800 algebra_s=0.000964900 kkt_assembly_s=0.000561000 factor_s=0.006648000 solve_s=0.000922100 update_s=0.000345900 K_nnz=5269 rhs_cols=52 Vxx_nnz=2601
FILTERDDP_TIMING iteration=35 barrier_iteration=4 stage=3 derivative_s=0.001518200 first_order_s=0.001342800 second_order_s=0.000130300 algebra_s=0.000778600 kkt_assembly_s=0.000522500 factor_s=0.006849700 solve_s=0.001278200 update_s=0.000321200 K_nnz=5269 rhs_cols=52 Vxx_nnz=2601
FILTERDDP_TIMING iteration=35 barrier_iteration=4 stage=2 derivative_s=0.001536600 first_order_s=0.001369600 second_order_s=0.000121400 algebra_s=0.000791700 kkt_assembly_s=0.000587600 factor_s=0.006182100 solve_s=0.001197700 update_s=0.000442800 K_nnz=5269 rhs_cols=52 Vxx_nnz=2601
FILTERDDP_TIMING iteration=35 barrier_iteration=4 stage=1 derivative_s=0.001806000 first_order_s=0.001636700 second_order_s=0.000120800 algebra_s=0.000870900 kkt_assembly_s=0.000537900 factor_s=0.012253700 solve_s=0.001222400 update_s=0.000374800 K_nnz=5269 rhs_cols=52 Vxx_nnz=2601
FILTERDDP_FEASIBILITY iteration=35 barrier_iteration=4 equality_count=3372 equality_rms=9.727814904036e-04 equality_max=1.689173718746e-02 equality_worst_stage=5 equality_worst_index=509 dynamics_count=255 dynamics_rms=0.000000000000e+00 dynamics_max=0.000000000000e+00 dynamics_worst_stage=0 dynamics_worst_index=0 bound_count=4902 bound_rms=0.000000000000e+00 bound_max=0.000000000000e+00 bound_worst_stage=0 bound_worst_index=0 bound_worst_kind=none
    35   3.14568341e+03   1.6892e-02   1.8121e-05   3.6468e-06   -2.80      -     5.0000e-01   0
FILTERDDP_ITER_TIMING iteration=35 barrier_iteration=4 backward_s=0.079394700 forward_s=0.008528500 total_s=0.087923200 outcome=accepted step_size=5.000000000e-01 backtracks=0 mu=1.600000000e-03
FILTERDDP_TIMING iteration=36 barrier_iteration=4 stage=6 derivative_s=0.001297700 first_order_s=0.001110900 second_order_s=0.000132200 algebra_s=0.003402300 kkt_assembly_s=0.000654300 factor_s=0.007629900 solve_s=0.001349100 update_s=0.001299800 K_nnz=5269 rhs_cols=52 Vxx_nnz=2601
FILTERDDP_TIMING iteration=36 barrier_iteration=4 stage=5 derivative_s=0.001566900 first_order_s=0.001322900 second_order_s=0.000183000 algebra_s=0.000930600 kkt_assembly_s=0.000515600 factor_s=0.007064300 solve_s=0.000950200 update_s=0.000305900 K_nnz=5269 rhs_cols=52 Vxx_nnz=2601
FILTERDDP_TIMING iteration=36 barrier_iteration=4 stage=4 derivative_s=0.001549800 first_order_s=0.001382700 second_order_s=0.000122300 algebra_s=0.000766100 kkt_assembly_s=0.000515400 factor_s=0.005841600 solve_s=0.001158000 update_s=0.000361900 K_nnz=5269 rhs_cols=52 Vxx_nnz=2601
FILTERDDP_TIMING iteration=36 barrier_iteration=4 stage=3 derivative_s=0.001593600 first_order_s=0.001421400 second_order_s=0.000124500 algebra_s=0.000941600 kkt_assembly_s=0.000550800 factor_s=0.012447700 solve_s=0.001158500 update_s=0.000304800 K_nnz=5269 rhs_cols=52 Vxx_nnz=2601
FILTERDDP_TIMING iteration=36 barrier_iteration=4 stage=2 derivative_s=0.002246700 first_order_s=0.002033700 second_order_s=0.000149900 algebra_s=0.001063900 kkt_assembly_s=0.000639700 factor_s=0.005635100 solve_s=0.001012200 update_s=0.000342700 K_nnz=5269 rhs_cols=52 Vxx_nnz=2601
FILTERDDP_TIMING iteration=36 barrier_iteration=4 stage=1 derivative_s=0.001521800 first_order_s=0.001356200 second_order_s=0.000120900 algebra_s=0.000764200 kkt_assembly_s=0.000514400 factor_s=0.006047500 solve_s=0.001163300 update_s=0.000365200 K_nnz=5269 rhs_cols=52 Vxx_nnz=2601
FILTERDDP_FEASIBILITY iteration=36 barrier_iteration=4 equality_count=3372 equality_rms=4.901134293671e-04 equality_max=8.511204909723e-03 equality_worst_stage=5 equality_worst_index=509 dynamics_count=255 dynamics_rms=0.000000000000e+00 dynamics_max=0.000000000000e+00 dynamics_worst_stage=0 dynamics_worst_index=0 bound_count=4902 bound_rms=0.000000000000e+00 bound_max=0.000000000000e+00 bound_worst_stage=0 bound_worst_index=0 bound_worst_kind=none
FILTERDDP_ITER_TIMING iteration=36 barrier_iteration=4 backward_s=0.076774800 forward_s=0.000000000 total_s=0.076774800 outcome=barrier_update step_size=5.000000000e-01 backtracks=0 mu=1.600000000e-03
FILTERDDP_TIMING iteration=36 barrier_iteration=5 stage=6 derivative_s=0.001541400 first_order_s=0.001354200 second_order_s=0.000142300 algebra_s=0.002960900 kkt_assembly_s=0.000591700 factor_s=0.007031200 solve_s=0.001257200 update_s=0.001211000 K_nnz=5269 rhs_cols=52 Vxx_nnz=2601
FILTERDDP_TIMING iteration=36 barrier_iteration=5 stage=5 derivative_s=0.002535100 first_order_s=0.002307500 second_order_s=0.000160700 algebra_s=0.001163500 kkt_assembly_s=0.000772200 factor_s=0.012458200 solve_s=0.001194800 update_s=0.000308600 K_nnz=5269 rhs_cols=52 Vxx_nnz=2601
FILTERDDP_TIMING iteration=36 barrier_iteration=5 stage=4 derivative_s=0.001511000 first_order_s=0.001354300 second_order_s=0.000104300 algebra_s=0.000600000 kkt_assembly_s=0.000391200 factor_s=0.004703700 solve_s=0.000945000 update_s=0.000401900 K_nnz=5269 rhs_cols=52 Vxx_nnz=2601
FILTERDDP_TIMING iteration=36 barrier_iteration=5 stage=3 derivative_s=0.001818100 first_order_s=0.001615100 second_order_s=0.000150200 algebra_s=0.000767100 kkt_assembly_s=0.000502900 factor_s=0.007053900 solve_s=0.000986600 update_s=0.000338500 K_nnz=5269 rhs_cols=52 Vxx_nnz=2601
FILTERDDP_TIMING iteration=36 barrier_iteration=5 stage=2 derivative_s=0.001520900 first_order_s=0.001355200 second_order_s=0.000121500 algebra_s=0.000762000 kkt_assembly_s=0.000506900 factor_s=0.007271200 solve_s=0.001290700 update_s=0.000328600 K_nnz=5269 rhs_cols=52 Vxx_nnz=2601
FILTERDDP_TIMING iteration=36 barrier_iteration=5 stage=1 derivative_s=0.001239900 first_order_s=0.001092300 second_order_s=0.000109000 algebra_s=0.000709200 kkt_assembly_s=0.000467100 factor_s=0.005198500 solve_s=0.001336900 update_s=0.000428200 K_nnz=5269 rhs_cols=52 Vxx_nnz=2601
FILTERDDP_FEASIBILITY iteration=36 barrier_iteration=5 equality_count=3372 equality_rms=4.901134293671e-04 equality_max=8.511204909723e-03 equality_worst_stage=5 equality_worst_index=509 dynamics_count=255 dynamics_rms=0.000000000000e+00 dynamics_max=0.000000000000e+00 dynamics_worst_stage=0 dynamics_worst_index=0 bound_count=4902 bound_rms=0.000000000000e+00 bound_max=0.000000000000e+00 bound_worst_stage=0 bound_worst_index=0 bound_worst_kind=none
    36   3.14564331e+03   8.5112e-03   5.2917e-06   1.8118e-06   -3.49      -     5.0000e-01   0
FILTERDDP_ITER_TIMING iteration=36 barrier_iteration=5 backward_s=0.075404000 forward_s=0.016202400 total_s=0.091606400 outcome=accepted step_size=5.000000000e-01 backtracks=0 mu=3.200000000e-04
FILTERDDP_TIMING iteration=37 barrier_iteration=5 stage=6 derivative_s=0.001264100 first_order_s=0.001095000 second_order_s=0.000113100 algebra_s=0.002318900 kkt_assembly_s=0.000377900 factor_s=0.004122700 solve_s=0.000922500 update_s=0.000922600 K_nnz=5269 rhs_cols=52 Vxx_nnz=2601
FILTERDDP_TIMING iteration=37 barrier_iteration=5 stage=5 derivative_s=0.001013300 first_order_s=0.000868000 second_order_s=0.000111100 algebra_s=0.000508000 kkt_assembly_s=0.000355200 factor_s=0.003980400 solve_s=0.001083000 update_s=0.000431800 K_nnz=5269 rhs_cols=52 Vxx_nnz=2601
FILTERDDP_TIMING iteration=37 barrier_iteration=5 stage=4 derivative_s=0.001160500 first_order_s=0.001014800 second_order_s=0.000111100 algebra_s=0.000545900 kkt_assembly_s=0.000336200 factor_s=0.004697900 solve_s=0.001030300 update_s=0.000320500 K_nnz=5269 rhs_cols=52 Vxx_nnz=2601
FILTERDDP_TIMING iteration=37 barrier_iteration=5 stage=3 derivative_s=0.001665100 first_order_s=0.001497700 second_order_s=0.000119600 algebra_s=0.000789500 kkt_assembly_s=0.000506400 factor_s=0.006505600 solve_s=0.007144100 update_s=0.000282700 K_nnz=5269 rhs_cols=52 Vxx_nnz=2601
FILTERDDP_TIMING iteration=37 barrier_iteration=5 stage=2 derivative_s=0.001462000 first_order_s=0.001305000 second_order_s=0.000114500 algebra_s=0.000734700 kkt_assembly_s=0.000477600 factor_s=0.005118800 solve_s=0.000802100 update_s=0.000269900 K_nnz=5269 rhs_cols=52 Vxx_nnz=2601
FILTERDDP_TIMING iteration=37 barrier_iteration=5 stage=1 derivative_s=0.001624700 first_order_s=0.001455800 second_order_s=0.000123900 algebra_s=0.000738800 kkt_assembly_s=0.000481000 factor_s=0.006266100 solve_s=0.000940000 update_s=0.000259500 K_nnz=5269 rhs_cols=52 Vxx_nnz=2601
FILTERDDP_FEASIBILITY iteration=37 barrier_iteration=5 equality_count=3372 equality_rms=2.203670439955e-03 equality_max=3.883798750604e-02 equality_worst_stage=5 equality_worst_index=509 dynamics_count=255 dynamics_rms=0.000000000000e+00 dynamics_max=0.000000000000e+00 dynamics_worst_stage=0 dynamics_worst_index=0 bound_count=4902 bound_rms=0.000000000000e+00 bound_max=0.000000000000e+00 bound_worst_stage=0 bound_worst_index=0 bound_worst_kind=none
    37   3.14455743e+03   3.8838e-02   1.7675e-05   9.6613e-07   -3.49      -     5.0000e-01   0
FILTERDDP_ITER_TIMING iteration=37 barrier_iteration=5 backward_s=0.062595600 forward_s=0.012044500 total_s=0.074640100 outcome=accepted step_size=5.000000000e-01 backtracks=0 mu=3.200000000e-04
FILTERDDP_TIMING iteration=38 barrier_iteration=5 stage=6 derivative_s=0.002118900 first_order_s=0.001945400 second_order_s=0.000126800 algebra_s=0.002739200 kkt_assembly_s=0.000546300 factor_s=0.006190100 solve_s=0.001213500 update_s=0.001186600 K_nnz=5269 rhs_cols=52 Vxx_nnz=2601
FILTERDDP_TIMING iteration=38 barrier_iteration=5 stage=5 derivative_s=0.001546800 first_order_s=0.001357000 second_order_s=0.000144800 algebra_s=0.000799900 kkt_assembly_s=0.000559100 factor_s=0.007161300 solve_s=0.005666200 update_s=0.000300300 K_nnz=5269 rhs_cols=52 Vxx_nnz=2601
FILTERDDP_TIMING iteration=38 barrier_iteration=5 stage=4 derivative_s=0.001462800 first_order_s=0.001306100 second_order_s=0.000115300 algebra_s=0.000800400 kkt_assembly_s=0.000499200 factor_s=0.006215700 solve_s=0.001071200 update_s=0.000304200 K_nnz=5269 rhs_cols=52 Vxx_nnz=2601
FILTERDDP_TIMING iteration=38 barrier_iteration=5 stage=3 derivative_s=0.001565500 first_order_s=0.001378500 second_order_s=0.000126000 algebra_s=0.000750100 kkt_assembly_s=0.000541900 factor_s=0.006696400 solve_s=0.001185500 update_s=0.000342800 K_nnz=5269 rhs_cols=52 Vxx_nnz=2601
FILTERDDP_TIMING iteration=38 barrier_iteration=5 stage=2 derivative_s=0.001632300 first_order_s=0.001469000 second_order_s=0.000117500 algebra_s=0.000781300 kkt_assembly_s=0.000507700 factor_s=0.006237000 solve_s=0.001280800 update_s=0.000310800 K_nnz=5269 rhs_cols=52 Vxx_nnz=2601
FILTERDDP_TIMING iteration=38 barrier_iteration=5 stage=1 derivative_s=0.001674600 first_order_s=0.001455000 second_order_s=0.000162000 algebra_s=0.000770800 kkt_assembly_s=0.000521800 factor_s=0.007132900 solve_s=0.001372400 update_s=0.000341500 K_nnz=5269 rhs_cols=52 Vxx_nnz=2601
FILTERDDP_FEASIBILITY iteration=38 barrier_iteration=5 equality_count=3372 equality_rms=1.728986151387e-03 equality_max=3.062630408677e-02 equality_worst_stage=5 equality_worst_index=509 dynamics_count=255 dynamics_rms=0.000000000000e+00 dynamics_max=0.000000000000e+00 dynamics_worst_stage=0 dynamics_worst_index=0 bound_count=4902 bound_rms=0.000000000000e+00 bound_max=0.000000000000e+00 bound_worst_stage=0 bound_worst_index=0 bound_worst_kind=none
    38   3.14404113e+03   3.0626e-02   1.4689e-05   4.9671e-07   -3.49      -     5.0000e-01   0
FILTERDDP_ITER_TIMING iteration=38 barrier_iteration=5 backward_s=0.075289800 forward_s=0.018842100 total_s=0.094131900 outcome=accepted step_size=5.000000000e-01 backtracks=0 mu=3.200000000e-04
FILTERDDP_TIMING iteration=39 barrier_iteration=5 stage=6 derivative_s=0.001452300 first_order_s=0.001258100 second_order_s=0.000147400 algebra_s=0.003036000 kkt_assembly_s=0.000578900 factor_s=0.005023700 solve_s=0.001084300 update_s=0.001255300 K_nnz=5269 rhs_cols=52 Vxx_nnz=2601
FILTERDDP_TIMING iteration=39 barrier_iteration=5 stage=5 derivative_s=0.001517800 first_order_s=0.001308400 second_order_s=0.000125700 algebra_s=0.000776800 kkt_assembly_s=0.000612800 factor_s=0.007059800 solve_s=0.001136500 update_s=0.000314400 K_nnz=5269 rhs_cols=52 Vxx_nnz=2601
FILTERDDP_TIMING iteration=39 barrier_iteration=5 stage=4 derivative_s=0.001522700 first_order_s=0.001350700 second_order_s=0.000126100 algebra_s=0.000771300 kkt_assembly_s=0.000568800 factor_s=0.006953900 solve_s=0.001031600 update_s=0.000315600 K_nnz=5269 rhs_cols=52 Vxx_nnz=2601
FILTERDDP_TIMING iteration=39 barrier_iteration=5 stage=3 derivative_s=0.001644300 first_order_s=0.001473600 second_order_s=0.000120500 algebra_s=0.000755300 kkt_assembly_s=0.000590600 factor_s=0.006516400 solve_s=0.000977000 update_s=0.000300800 K_nnz=5269 rhs_cols=52 Vxx_nnz=2601
FILTERDDP_TIMING iteration=39 barrier_iteration=5 stage=2 derivative_s=0.002105300 first_order_s=0.001914600 second_order_s=0.000147200 algebra_s=0.005857300 kkt_assembly_s=0.000463700 factor_s=0.004951400 solve_s=0.000911100 update_s=0.000312300 K_nnz=5269 rhs_cols=52 Vxx_nnz=2601
FILTERDDP_TIMING iteration=39 barrier_iteration=5 stage=1 derivative_s=0.001804800 first_order_s=0.001564000 second_order_s=0.000171900 algebra_s=0.000848800 kkt_assembly_s=0.000623600 factor_s=0.007151300 solve_s=0.001265300 update_s=0.000281800 K_nnz=5269 rhs_cols=52 Vxx_nnz=2601
FILTERDDP_FEASIBILITY iteration=39 barrier_iteration=5 equality_count=3372 equality_rms=1.055912621848e-03 equality_max=1.880371873525e-02 equality_worst_stage=5 equality_worst_index=509 dynamics_count=255 dynamics_rms=0.000000000000e+00 dynamics_max=0.000000000000e+00 dynamics_worst_stage=0 dynamics_worst_index=0 bound_count=4902 bound_rms=0.000000000000e+00 bound_max=0.000000000000e+00 bound_worst_stage=0 bound_worst_index=0 bound_worst_kind=none
    39   3.14379553e+03   1.8804e-02   8.3827e-06   2.4691e-07   -3.49      -     5.0000e-01   0
FILTERDDP_ITER_TIMING iteration=39 barrier_iteration=5 backward_s=0.073660500 forward_s=0.009889500 total_s=0.083550000 outcome=accepted step_size=5.000000000e-01 backtracks=0 mu=3.200000000e-04
FILTERDDP_TIMING iteration=40 barrier_iteration=5 stage=6 derivative_s=0.001187500 first_order_s=0.001037000 second_order_s=0.000111300 algebra_s=0.002858000 kkt_assembly_s=0.000634200 factor_s=0.006822100 solve_s=0.001007100 update_s=0.001085600 K_nnz=5269 rhs_cols=52 Vxx_nnz=2601
FILTERDDP_TIMING iteration=40 barrier_iteration=5 stage=5 derivative_s=0.000868500 first_order_s=0.000734000 second_order_s=0.000095700 algebra_s=0.000549100 kkt_assembly_s=0.000366900 factor_s=0.003958000 solve_s=0.000984400 update_s=0.000318500 K_nnz=5269 rhs_cols=52 Vxx_nnz=2601
FILTERDDP_TIMING iteration=40 barrier_iteration=5 stage=4 derivative_s=0.001562400 first_order_s=0.001350600 second_order_s=0.000164300 algebra_s=0.006251500 kkt_assembly_s=0.000597500 factor_s=0.006307100 solve_s=0.001079600 update_s=0.000347100 K_nnz=5269 rhs_cols=52 Vxx_nnz=2601
FILTERDDP_TIMING iteration=40 barrier_iteration=5 stage=3 derivative_s=0.001559000 first_order_s=0.001381400 second_order_s=0.000127800 algebra_s=0.000785300 kkt_assembly_s=0.000518700 factor_s=0.007007300 solve_s=0.001012100 update_s=0.000319300 K_nnz=5269 rhs_cols=52 Vxx_nnz=2601
FILTERDDP_TIMING iteration=40 barrier_iteration=5 stage=2 derivative_s=0.001563100 first_order_s=0.001389700 second_order_s=0.000125600 algebra_s=0.000766100 kkt_assembly_s=0.000514100 factor_s=0.006434900 solve_s=0.000905600 update_s=0.000426900 K_nnz=5269 rhs_cols=52 Vxx_nnz=2601
FILTERDDP_TIMING iteration=40 barrier_iteration=5 stage=1 derivative_s=0.001681300 first_order_s=0.001505500 second_order_s=0.000126200 algebra_s=0.000816200 kkt_assembly_s=0.000511200 factor_s=0.006545500 solve_s=0.001365600 update_s=0.000338600 K_nnz=5269 rhs_cols=52 Vxx_nnz=2601
FILTERDDP_FEASIBILITY iteration=40 barrier_iteration=5 equality_count=3372 equality_rms=5.833635710566e-04 equality_max=1.043429868529e-02 equality_worst_stage=5 equality_worst_index=509 dynamics_count=255 dynamics_rms=0.000000000000e+00 dynamics_max=0.000000000000e+00 dynamics_worst_stage=0 dynamics_worst_index=0 bound_count=4902 bound_rms=0.000000000000e+00 bound_max=0.000000000000e+00 bound_worst_stage=0 bound_worst_index=0 bound_worst_kind=none
  iter     objective        pr_inf       du_inf       cs_inf     lg(μ)   lg(reg)    alpha     ls
    40   3.14367755e+03   1.0434e-02   3.7786e-06   1.2053e-07   -3.49      -     5.0000e-01   0
FILTERDDP_ITER_TIMING iteration=40 barrier_iteration=5 backward_s=0.071247900 forward_s=0.011463600 total_s=0.082711500 outcome=accepted step_size=5.000000000e-01 backtracks=0 mu=3.200000000e-04
FILTERDDP_TIMING iteration=41 barrier_iteration=5 stage=6 derivative_s=0.001514500 first_order_s=0.001327100 second_order_s=0.000142400 algebra_s=0.002972200 kkt_assembly_s=0.000591200 factor_s=0.057936000 solve_s=0.000723700 update_s=0.000693200 K_nnz=5269 rhs_cols=52 Vxx_nnz=2601
FILTERDDP_TIMING iteration=41 barrier_iteration=5 stage=5 derivative_s=0.000665800 first_order_s=0.000571200 second_order_s=0.000053100 algebra_s=0.000317500 kkt_assembly_s=0.000206500 factor_s=0.001917600 solve_s=0.000896900 update_s=0.000282900 K_nnz=5269 rhs_cols=52 Vxx_nnz=2601
FILTERDDP_TIMING iteration=41 barrier_iteration=5 stage=4 derivative_s=0.001497500 first_order_s=0.001335800 second_order_s=0.000115900 algebra_s=0.000740100 kkt_assembly_s=0.000489700 factor_s=0.002633600 solve_s=0.000877100 update_s=0.000312200 K_nnz=5269 rhs_cols=52 Vxx_nnz=2601
FILTERDDP_TIMING iteration=41 barrier_iteration=5 stage=3 derivative_s=0.001485200 first_order_s=0.001327800 second_order_s=0.000113700 algebra_s=0.000739100 kkt_assembly_s=0.000490700 factor_s=0.006290700 solve_s=0.001101200 update_s=0.000305500 K_nnz=5269 rhs_cols=52 Vxx_nnz=2601
FILTERDDP_TIMING iteration=41 barrier_iteration=5 stage=2 derivative_s=0.001583300 first_order_s=0.001397300 second_order_s=0.000131100 algebra_s=0.000883300 kkt_assembly_s=0.000519300 factor_s=0.006076800 solve_s=0.085391400 update_s=0.000240800 K_nnz=5269 rhs_cols=52 Vxx_nnz=2601
FILTERDDP_TIMING iteration=41 barrier_iteration=5 stage=1 derivative_s=0.000664900 first_order_s=0.000563800 second_order_s=0.000065600 algebra_s=0.000369300 kkt_assembly_s=0.000253800 factor_s=0.002467500 solve_s=0.000554700 update_s=0.000196800 K_nnz=5269 rhs_cols=52 Vxx_nnz=2601
FILTERDDP_FEASIBILITY iteration=41 barrier_iteration=5 equality_count=3372 equality_rms=3.069537399952e-04 equality_max=5.506014537092e-03 equality_worst_stage=5 equality_worst_index=509 dynamics_count=255 dynamics_rms=0.000000000000e+00 dynamics_max=0.000000000000e+00 dynamics_worst_stage=0 dynamics_worst_index=0 bound_count=4902 bound_rms=0.000000000000e+00 bound_max=0.000000000000e+00 bound_worst_stage=0 bound_worst_index=0 bound_worst_kind=none
    41   3.14362014e+03   5.5060e-03   1.4466e-06   5.8755e-08   -3.49      -     5.0000e-01   0
FILTERDDP_ITER_TIMING iteration=41 barrier_iteration=5 backward_s=0.185829100 forward_s=0.003936800 total_s=0.189765900 outcome=accepted step_size=5.000000000e-01 backtracks=0 mu=3.200000000e-04
FILTERDDP_TIMING iteration=42 barrier_iteration=5 stage=6 derivative_s=0.000523500 first_order_s=0.000406200 second_order_s=0.000087600 algebra_s=0.001037800 kkt_assembly_s=0.000355400 factor_s=0.002179400 solve_s=0.000952500 update_s=0.001032500 K_nnz=5269 rhs_cols=52 Vxx_nnz=2601
FILTERDDP_TIMING iteration=42 barrier_iteration=5 stage=5 derivative_s=0.001741100 first_order_s=0.001512000 second_order_s=0.000185400 algebra_s=0.001125900 kkt_assembly_s=0.000518500 factor_s=0.006659800 solve_s=0.001187700 update_s=0.000212300 K_nnz=5269 rhs_cols=52 Vxx_nnz=2601
FILTERDDP_TIMING iteration=42 barrier_iteration=5 stage=4 derivative_s=0.000638100 first_order_s=0.000538000 second_order_s=0.000067100 algebra_s=0.000353600 kkt_assembly_s=0.000188600 factor_s=0.002279500 solve_s=0.000521900 update_s=0.000182000 K_nnz=5269 rhs_cols=52 Vxx_nnz=2601
FILTERDDP_TIMING iteration=42 barrier_iteration=5 stage=3 derivative_s=0.000665400 first_order_s=0.000538700 second_order_s=0.000101500 algebra_s=0.000359300 kkt_assembly_s=0.000186800 factor_s=0.002434400 solve_s=0.000843300 update_s=0.000178700 K_nnz=5269 rhs_cols=52 Vxx_nnz=2601
FILTERDDP_TIMING iteration=42 barrier_iteration=5 stage=2 derivative_s=0.000638300 first_order_s=0.000540300 second_order_s=0.000066200 algebra_s=0.000359300 kkt_assembly_s=0.000182600 factor_s=0.002409500 solve_s=0.000471100 update_s=0.000156500 K_nnz=5269 rhs_cols=52 Vxx_nnz=2601
FILTERDDP_TIMING iteration=42 barrier_iteration=5 stage=1 derivative_s=0.000572400 first_order_s=0.000491800 second_order_s=0.000064800 algebra_s=0.000383800 kkt_assembly_s=0.000200100 factor_s=0.002336900 solve_s=0.000563600 update_s=0.000201500 K_nnz=5269 rhs_cols=52 Vxx_nnz=2601
FILTERDDP_FEASIBILITY iteration=42 barrier_iteration=5 equality_count=3372 equality_rms=1.575212879161e-04 equality_max=2.830093371047e-03 equality_worst_stage=5 equality_worst_index=509 dynamics_count=255 dynamics_rms=0.000000000000e+00 dynamics_max=0.000000000000e+00 dynamics_worst_stage=0 dynamics_worst_index=0 bound_count=4902 bound_rms=0.000000000000e+00 bound_max=0.000000000000e+00 bound_worst_stage=0 bound_worst_index=0 bound_worst_kind=none
FILTERDDP_ITER_TIMING iteration=42 barrier_iteration=5 backward_s=0.035526600 forward_s=0.000000000 total_s=0.035526600 outcome=barrier_update step_size=5.000000000e-01 backtracks=0 mu=3.200000000e-04
FILTERDDP_TIMING iteration=42 barrier_iteration=6 stage=6 derivative_s=0.000571200 first_order_s=0.000477500 second_order_s=0.000078500 algebra_s=0.001403300 kkt_assembly_s=0.000396200 factor_s=0.002528200 solve_s=0.000788300 update_s=0.000607600 K_nnz=5269 rhs_cols=52 Vxx_nnz=2601
FILTERDDP_TIMING iteration=42 barrier_iteration=6 stage=5 derivative_s=0.000817500 first_order_s=0.000687300 second_order_s=0.000100000 algebra_s=0.000687600 kkt_assembly_s=0.000413100 factor_s=0.003706200 solve_s=0.000863900 update_s=0.000277500 K_nnz=5269 rhs_cols=52 Vxx_nnz=2601
FILTERDDP_TIMING iteration=42 barrier_iteration=6 stage=4 derivative_s=0.000942500 first_order_s=0.000813100 second_order_s=0.000105600 algebra_s=0.000734800 kkt_assembly_s=0.000305700 factor_s=0.004188300 solve_s=0.000790700 update_s=0.000324600 K_nnz=5269 rhs_cols=52 Vxx_nnz=2601
FILTERDDP_TIMING iteration=42 barrier_iteration=6 stage=3 derivative_s=0.001238500 first_order_s=0.001078000 second_order_s=0.000132900 algebra_s=0.000756400 kkt_assembly_s=0.000327700 factor_s=0.004627400 solve_s=0.000868300 update_s=0.000288100 K_nnz=5269 rhs_cols=52 Vxx_nnz=2601
FILTERDDP_TIMING iteration=42 barrier_iteration=6 stage=2 derivative_s=0.001118800 first_order_s=0.000967200 second_order_s=0.000126000 algebra_s=0.000665100 kkt_assembly_s=0.000251800 factor_s=0.003592400 solve_s=0.001096800 update_s=0.000196200 K_nnz=5269 rhs_cols=52 Vxx_nnz=2601
FILTERDDP_TIMING iteration=42 barrier_iteration=6 stage=1 derivative_s=0.000716600 first_order_s=0.000625400 second_order_s=0.000060800 algebra_s=0.000677100 kkt_assembly_s=0.000272000 factor_s=0.003056300 solve_s=0.000976600 update_s=0.000243100 K_nnz=5269 rhs_cols=52 Vxx_nnz=2601
FILTERDDP_FEASIBILITY iteration=42 barrier_iteration=6 equality_count=3372 equality_rms=1.575212879161e-04 equality_max=2.830093371047e-03 equality_worst_stage=5 equality_worst_index=509 dynamics_count=255 dynamics_rms=0.000000000000e+00 dynamics_max=0.000000000000e+00 dynamics_worst_stage=0 dynamics_worst_index=0 bound_count=4902 bound_rms=0.000000000000e+00 bound_max=0.000000000000e+00 bound_worst_stage=0 bound_worst_index=0 bound_worst_kind=none
    42   3.14359189e+03   2.8301e-03   4.9570e-07   2.8830e-08   -4.19      -     5.0000e-01   0
FILTERDDP_ITER_TIMING iteration=42 barrier_iteration=6 backward_s=0.042024900 forward_s=0.006039900 total_s=0.048064800 outcome=accepted step_size=5.000000000e-01 backtracks=0 mu=6.400000000e-05
FILTERDDP_TIMING iteration=43 barrier_iteration=6 stage=6 derivative_s=0.001038100 first_order_s=0.000851600 second_order_s=0.000158400 algebra_s=0.002472700 kkt_assembly_s=0.000229800 factor_s=0.002783600 solve_s=0.000991500 update_s=0.000699900 K_nnz=5269 rhs_cols=52 Vxx_nnz=2601
FILTERDDP_TIMING iteration=43 barrier_iteration=6 stage=5 derivative_s=0.000664900 first_order_s=0.000563900 second_order_s=0.000070900 algebra_s=0.000416700 kkt_assembly_s=0.000215600 factor_s=0.002749400 solve_s=0.000604200 update_s=0.000409000 K_nnz=5269 rhs_cols=52 Vxx_nnz=2601
FILTERDDP_TIMING iteration=43 barrier_iteration=6 stage=4 derivative_s=0.001566100 first_order_s=0.001359100 second_order_s=0.000167300 algebra_s=0.001033100 kkt_assembly_s=0.000722800 factor_s=0.006720900 solve_s=0.001242100 update_s=0.000404200 K_nnz=5269 rhs_cols=52 Vxx_nnz=2601
FILTERDDP_TIMING iteration=43 barrier_iteration=6 stage=3 derivative_s=0.001457400 first_order_s=0.001284900 second_order_s=0.000133700 algebra_s=0.000743800 kkt_assembly_s=0.000493300 factor_s=0.006582600 solve_s=0.001041600 update_s=0.000274300 K_nnz=5269 rhs_cols=52 Vxx_nnz=2601
FILTERDDP_TIMING iteration=43 barrier_iteration=6 stage=2 derivative_s=0.002101600 first_order_s=0.001829800 second_order_s=0.000212500 algebra_s=0.001740700 kkt_assembly_s=0.000761500 factor_s=0.007633300 solve_s=0.001240500 update_s=0.000247000 K_nnz=5269 rhs_cols=52 Vxx_nnz=2601
FILTERDDP_TIMING iteration=43 barrier_iteration=6 stage=1 derivative_s=0.000957700 first_order_s=0.000843800 second_order_s=0.000086700 algebra_s=0.000957600 kkt_assembly_s=0.000364800 factor_s=0.005584000 solve_s=0.001140400 update_s=0.000337700 K_nnz=5269 rhs_cols=52 Vxx_nnz=2601
FILTERDDP_FEASIBILITY iteration=43 barrier_iteration=6 equality_count=3372 equality_rms=2.347516157428e-04 equality_max=4.340541997325e-03 equality_worst_stage=5 equality_worst_index=509 dynamics_count=255 dynamics_rms=0.000000000000e+00 dynamics_max=0.000000000000e+00 dynamics_worst_stage=0 dynamics_worst_index=0 bound_count=4902 bound_rms=0.000000000000e+00 bound_max=0.000000000000e+00 bound_worst_stage=0 bound_worst_index=0 bound_worst_kind=none
    43   3.14338778e+03   4.3405e-03   7.5837e-07   1.5370e-08   -4.19      -     5.0000e-01   0
FILTERDDP_ITER_TIMING iteration=43 barrier_iteration=6 backward_s=0.059602200 forward_s=0.009077200 total_s=0.068679400 outcome=accepted step_size=5.000000000e-01 backtracks=0 mu=6.400000000e-05
FILTERDDP_TIMING iteration=44 barrier_iteration=6 stage=6 derivative_s=0.001048600 first_order_s=0.000884600 second_order_s=0.000119500 algebra_s=0.002185000 kkt_assembly_s=0.000987200 factor_s=0.005752200 solve_s=0.001065900 update_s=0.001000500 K_nnz=5269 rhs_cols=52 Vxx_nnz=2601
FILTERDDP_TIMING iteration=44 barrier_iteration=6 stage=5 derivative_s=0.001222100 first_order_s=0.000838200 second_order_s=0.000350000 algebra_s=0.000619200 kkt_assembly_s=0.000325300 factor_s=0.004571900 solve_s=0.000916800 update_s=0.000330300 K_nnz=5269 rhs_cols=52 Vxx_nnz=2601
FILTERDDP_TIMING iteration=44 barrier_iteration=6 stage=4 derivative_s=0.001501100 first_order_s=0.001329900 second_order_s=0.000129000 algebra_s=0.000941100 kkt_assembly_s=0.000528800 factor_s=0.007558800 solve_s=0.001161500 update_s=0.000419200 K_nnz=5269 rhs_cols=52 Vxx_nnz=2601
FILTERDDP_TIMING iteration=44 barrier_iteration=6 stage=3 derivative_s=0.001509300 first_order_s=0.001323700 second_order_s=0.000144700 algebra_s=0.000982000 kkt_assembly_s=0.000536200 factor_s=0.007716100 solve_s=0.001061800 update_s=0.000454000 K_nnz=5269 rhs_cols=52 Vxx_nnz=2601
FILTERDDP_TIMING iteration=44 barrier_iteration=6 stage=2 derivative_s=0.001706700 first_order_s=0.001424600 second_order_s=0.000227300 algebra_s=0.001545800 kkt_assembly_s=0.000694500 factor_s=0.007570900 solve_s=0.001111800 update_s=0.000371500 K_nnz=5269 rhs_cols=52 Vxx_nnz=2601
FILTERDDP_TIMING iteration=44 barrier_iteration=6 stage=1 derivative_s=0.001571000 first_order_s=0.001383300 second_order_s=0.000145700 algebra_s=0.001039500 kkt_assembly_s=0.000529300 factor_s=0.007680800 solve_s=0.000988300 update_s=0.000306900 K_nnz=5269 rhs_cols=52 Vxx_nnz=2601
FILTERDDP_FEASIBILITY iteration=44 barrier_iteration=6 equality_count=3372 equality_rms=1.644583881628e-04 equality_max=3.068090538972e-03 equality_worst_stage=5 equality_worst_index=509 dynamics_count=255 dynamics_rms=0.000000000000e+00 dynamics_max=0.000000000000e+00 dynamics_worst_stage=0 dynamics_worst_index=0 bound_count=4902 bound_rms=0.000000000000e+00 bound_max=0.000000000000e+00 bound_worst_stage=0 bound_worst_index=0 bound_worst_kind=none
    44   3.14329129e+03   3.0681e-03   5.4869e-07   7.8983e-09   -4.19      -     5.0000e-01   0
FILTERDDP_ITER_TIMING iteration=44 barrier_iteration=6 backward_s=0.070741700 forward_s=0.010853000 total_s=0.081594700 outcome=accepted step_size=5.000000000e-01 backtracks=0 mu=6.400000000e-05
FILTERDDP_TIMING iteration=45 barrier_iteration=6 stage=6 derivative_s=0.001480200 first_order_s=0.001216500 second_order_s=0.000209400 algebra_s=0.002319900 kkt_assembly_s=0.000601800 factor_s=0.004526400 solve_s=0.001327100 update_s=0.001160200 K_nnz=5269 rhs_cols=52 Vxx_nnz=2601
FILTERDDP_TIMING iteration=45 barrier_iteration=6 stage=5 derivative_s=0.001561900 first_order_s=0.001323600 second_order_s=0.000190600 algebra_s=0.001194600 kkt_assembly_s=0.000660100 factor_s=0.007771400 solve_s=0.001034600 update_s=0.000199900 K_nnz=5269 rhs_cols=52 Vxx_nnz=2601
FILTERDDP_TIMING iteration=45 barrier_iteration=6 stage=4 derivative_s=0.000638800 first_order_s=0.000527900 second_order_s=0.000076100 algebra_s=0.000648200 kkt_assembly_s=0.000290600 factor_s=0.002748600 solve_s=0.000799400 update_s=0.000376000 K_nnz=5269 rhs_cols=52 Vxx_nnz=2601
FILTERDDP_TIMING iteration=45 barrier_iteration=6 stage=3 derivative_s=0.001666800 first_order_s=0.001472400 second_order_s=0.000143800 algebra_s=0.001791300 kkt_assembly_s=0.000749000 factor_s=0.008688100 solve_s=0.001689800 update_s=0.000359400 K_nnz=5269 rhs_cols=52 Vxx_nnz=2601
FILTERDDP_TIMING iteration=45 barrier_iteration=6 stage=2 derivative_s=0.001582800 first_order_s=0.001398800 second_order_s=0.000136600 algebra_s=0.001091500 kkt_assembly_s=0.000514600 factor_s=0.007455200 solve_s=0.001207400 update_s=0.000322700 K_nnz=5269 rhs_cols=52 Vxx_nnz=2601
FILTERDDP_TIMING iteration=45 barrier_iteration=6 stage=1 derivative_s=0.001450400 first_order_s=0.001271600 second_order_s=0.000138400 algebra_s=0.001124800 kkt_assembly_s=0.000528600 factor_s=0.007962000 solve_s=0.001220900 update_s=0.000351000 K_nnz=5269 rhs_cols=52 Vxx_nnz=2601
FILTERDDP_FEASIBILITY iteration=45 barrier_iteration=6 equality_count=3372 equality_rms=9.566138362229e-05 equality_max=1.790133546079e-03 equality_worst_stage=5 equality_worst_index=509 dynamics_count=255 dynamics_rms=0.000000000000e+00 dynamics_max=0.000000000000e+00 dynamics_worst_stage=0 dynamics_worst_index=0 bound_count=4902 bound_rms=0.000000000000e+00 bound_max=0.000000000000e+00 bound_worst_stage=0 bound_worst_index=0 bound_worst_kind=none
    45   3.14324501e+03   1.7901e-03   2.8503e-07   3.9183e-09   -4.19      -     5.0000e-01   0
FILTERDDP_ITER_TIMING iteration=45 barrier_iteration=6 backward_s=0.070301600 forward_s=0.010284200 total_s=0.080585800 outcome=accepted step_size=5.000000000e-01 backtracks=0 mu=6.400000000e-05
FILTERDDP_TIMING iteration=46 barrier_iteration=6 stage=6 derivative_s=0.002542900 first_order_s=0.001986000 second_order_s=0.000487000 algebra_s=0.004028600 kkt_assembly_s=0.001115700 factor_s=0.008935400 solve_s=0.001163500 update_s=0.001274900 K_nnz=5269 rhs_cols=52 Vxx_nnz=2601
FILTERDDP_TIMING iteration=46 barrier_iteration=6 stage=5 derivative_s=0.002677200 first_order_s=0.002380300 second_order_s=0.000226900 algebra_s=0.001478000 kkt_assembly_s=0.000519600 factor_s=0.006945200 solve_s=0.001079800 update_s=0.000379900 K_nnz=5269 rhs_cols=52 Vxx_nnz=2601
FILTERDDP_TIMING iteration=46 barrier_iteration=6 stage=4 derivative_s=0.002118600 first_order_s=0.001856100 second_order_s=0.000188300 algebra_s=0.002527900 kkt_assembly_s=0.000703000 factor_s=0.005206100 solve_s=0.000836300 update_s=0.000371400 K_nnz=5269 rhs_cols=52 Vxx_nnz=2601
FILTERDDP_TIMING iteration=46 barrier_iteration=6 stage=3 derivative_s=0.001674900 first_order_s=0.001477100 second_order_s=0.000145400 algebra_s=0.001305400 kkt_assembly_s=0.000599900 factor_s=0.008594800 solve_s=0.001116100 update_s=0.000378700 K_nnz=5269 rhs_cols=52 Vxx_nnz=2601
FILTERDDP_TIMING iteration=46 barrier_iteration=6 stage=2 derivative_s=0.001805400 first_order_s=0.001553100 second_order_s=0.000201900 algebra_s=0.001298500 kkt_assembly_s=0.000593600 factor_s=0.006208800 solve_s=0.001011500 update_s=0.000341600 K_nnz=5269 rhs_cols=52 Vxx_nnz=2601
FILTERDDP_TIMING iteration=46 barrier_iteration=6 stage=1 derivative_s=0.002068000 first_order_s=0.001819800 second_order_s=0.000178700 algebra_s=0.001295600 kkt_assembly_s=0.000633700 factor_s=0.008149300 solve_s=0.001128800 update_s=0.000401700 K_nnz=5269 rhs_cols=52 Vxx_nnz=2601
FILTERDDP_FEASIBILITY iteration=46 barrier_iteration=6 equality_count=3372 equality_rms=5.152667809418e-05 equality_max=9.665598011952e-04 equality_worst_stage=5 equality_worst_index=509 dynamics_count=255 dynamics_rms=0.000000000000e+00 dynamics_max=0.000000000000e+00 dynamics_worst_stage=0 dynamics_worst_index=0 bound_count=4902 bound_rms=0.000000000000e+00 bound_max=0.000000000000e+00 bound_worst_stage=0 bound_worst_index=0 bound_worst_kind=none
    46   3.14322245e+03   9.6656e-04   1.1869e-07   1.9063e-09   -4.19      -     5.0000e-01   0
FILTERDDP_ITER_TIMING iteration=46 barrier_iteration=6 backward_s=0.083928900 forward_s=0.012521700 total_s=0.096450600 outcome=accepted step_size=5.000000000e-01 backtracks=0 mu=6.400000000e-05
FILTERDDP_TIMING iteration=47 barrier_iteration=6 stage=6 derivative_s=0.002241400 first_order_s=0.001870600 second_order_s=0.000319800 algebra_s=0.003985700 kkt_assembly_s=0.001004300 factor_s=0.031956800 solve_s=0.001055600 update_s=0.001271100 K_nnz=5269 rhs_cols=52 Vxx_nnz=2601
FILTERDDP_TIMING iteration=47 barrier_iteration=6 stage=5 derivative_s=0.001573800 first_order_s=0.001340200 second_order_s=0.000181100 algebra_s=0.000829600 kkt_assembly_s=0.000513200 factor_s=0.006931000 solve_s=0.001080500 update_s=0.000337300 K_nnz=5269 rhs_cols=52 Vxx_nnz=2601
FILTERDDP_TIMING iteration=47 barrier_iteration=6 stage=4 derivative_s=0.001606900 first_order_s=0.001435300 second_order_s=0.000119700 algebra_s=0.000788100 kkt_assembly_s=0.000571900 factor_s=0.006236500 solve_s=0.001076700 update_s=0.000339200 K_nnz=5269 rhs_cols=52 Vxx_nnz=2601
FILTERDDP_TIMING iteration=47 barrier_iteration=6 stage=3 derivative_s=0.001528400 first_order_s=0.001365800 second_order_s=0.000103300 algebra_s=0.000766000 kkt_assembly_s=0.000509500 factor_s=0.006863700 solve_s=0.001242000 update_s=0.000310600 K_nnz=5269 rhs_cols=52 Vxx_nnz=2601
FILTERDDP_TIMING iteration=47 barrier_iteration=6 stage=2 derivative_s=0.001551300 first_order_s=0.001367400 second_order_s=0.000136400 algebra_s=0.000886600 kkt_assembly_s=0.000557300 factor_s=0.006206100 solve_s=0.001487600 update_s=0.000353000 K_nnz=5269 rhs_cols=52 Vxx_nnz=2601
FILTERDDP_TIMING iteration=47 barrier_iteration=6 stage=1 derivative_s=0.001596500 first_order_s=0.001423600 second_order_s=0.000125300 algebra_s=0.000843100 kkt_assembly_s=0.000639700 factor_s=0.006564400 solve_s=0.000988500 update_s=0.000332500 K_nnz=5269 rhs_cols=52 Vxx_nnz=2601
FILTERDDP_FEASIBILITY iteration=47 barrier_iteration=6 equality_count=3372 equality_rms=2.675698437256e-05 equality_max=5.029540795594e-04 equality_worst_stage=5 equality_worst_index=509 dynamics_count=255 dynamics_rms=0.000000000000e+00 dynamics_max=0.000000000000e+00 dynamics_worst_stage=0 dynamics_worst_index=0 bound_count=4902 bound_rms=0.000000000000e+00 bound_max=0.000000000000e+00 bound_worst_stage=0 bound_worst_index=0 bound_worst_kind=none
FILTERDDP_ITER_TIMING iteration=47 barrier_iteration=6 backward_s=0.098167800 forward_s=0.000000000 total_s=0.098167800 outcome=barrier_update step_size=5.000000000e-01 backtracks=0 mu=6.400000000e-05
FILTERDDP_TIMING iteration=47 barrier_iteration=7 stage=6 derivative_s=0.001623400 first_order_s=0.001417400 second_order_s=0.000160600 algebra_s=0.002791600 kkt_assembly_s=0.000601700 factor_s=0.006022500 solve_s=0.001205700 update_s=0.001387200 K_nnz=5269 rhs_cols=52 Vxx_nnz=2601
FILTERDDP_TIMING iteration=47 barrier_iteration=7 stage=5 derivative_s=0.001520100 first_order_s=0.001312800 second_order_s=0.000160000 algebra_s=0.000785000 kkt_assembly_s=0.000543300 factor_s=0.005260400 solve_s=0.001141600 update_s=0.000309700 K_nnz=5269 rhs_cols=52 Vxx_nnz=2601
FILTERDDP_TIMING iteration=47 barrier_iteration=7 stage=4 derivative_s=0.001542300 first_order_s=0.001371100 second_order_s=0.000124200 algebra_s=0.000834900 kkt_assembly_s=0.000514700 factor_s=0.006449800 solve_s=0.001206500 update_s=0.000434800 K_nnz=5269 rhs_cols=52 Vxx_nnz=2601
FILTERDDP_TIMING iteration=47 barrier_iteration=7 stage=3 derivative_s=0.001800300 first_order_s=0.001622000 second_order_s=0.000129100 algebra_s=0.000795800 kkt_assembly_s=0.000565300 factor_s=0.006328800 solve_s=0.001188200 update_s=0.000340300 K_nnz=5269 rhs_cols=52 Vxx_nnz=2601
FILTERDDP_TIMING iteration=47 barrier_iteration=7 stage=2 derivative_s=0.001471300 first_order_s=0.001322200 second_order_s=0.000111100 algebra_s=0.000561500 kkt_assembly_s=0.000343200 factor_s=0.004027700 solve_s=0.000775600 update_s=0.000502100 K_nnz=5269 rhs_cols=52 Vxx_nnz=2601
FILTERDDP_TIMING iteration=47 barrier_iteration=7 stage=1 derivative_s=0.000960400 first_order_s=0.000840200 second_order_s=0.000088400 algebra_s=0.000510300 kkt_assembly_s=0.000303200 factor_s=0.003870600 solve_s=0.000738100 update_s=0.000330400 K_nnz=5269 rhs_cols=52 Vxx_nnz=2601
FILTERDDP_FEASIBILITY iteration=47 barrier_iteration=7 equality_count=3372 equality_rms=2.675698437256e-05 equality_max=5.029540795594e-04 equality_worst_stage=5 equality_worst_index=509 dynamics_count=255 dynamics_rms=0.000000000000e+00 dynamics_max=0.000000000000e+00 dynamics_worst_stage=0 dynamics_worst_index=0 bound_count=4902 bound_rms=0.000000000000e+00 bound_max=0.000000000000e+00 bound_worst_stage=0 bound_worst_index=0 bound_worst_kind=none
    47   3.14321133e+03   5.0295e-04   4.2443e-08   9.2158e-10   -5.03      -     5.0000e-01   0
FILTERDDP_ITER_TIMING iteration=47 barrier_iteration=7 backward_s=0.060974700 forward_s=0.011808200 total_s=0.072782900 outcome=accepted step_size=5.000000000e-01 backtracks=0 mu=9.277179695e-06
FILTERDDP_TIMING iteration=48 barrier_iteration=7 stage=6 derivative_s=0.001365300 first_order_s=0.001160200 second_order_s=0.000162300 algebra_s=0.002761300 kkt_assembly_s=0.000594600 factor_s=0.005669000 solve_s=0.000833300 update_s=0.001230800 K_nnz=5269 rhs_cols=52 Vxx_nnz=2601
FILTERDDP_TIMING iteration=48 barrier_iteration=7 stage=5 derivative_s=0.001630000 first_order_s=0.001370600 second_order_s=0.000210100 algebra_s=0.000831400 kkt_assembly_s=0.000530600 factor_s=0.006636400 solve_s=0.000955500 update_s=0.000244500 K_nnz=5269 rhs_cols=52 Vxx_nnz=2601
FILTERDDP_TIMING iteration=48 barrier_iteration=7 stage=4 derivative_s=0.000906900 first_order_s=0.000793700 second_order_s=0.000081200 algebra_s=0.000489000 kkt_assembly_s=0.000294200 factor_s=0.003376800 solve_s=0.000865800 update_s=0.000352700 K_nnz=5269 rhs_cols=52 Vxx_nnz=2601
FILTERDDP_TIMING iteration=48 barrier_iteration=7 stage=3 derivative_s=0.001469300 first_order_s=0.001271600 second_order_s=0.000153100 algebra_s=0.000780000 kkt_assembly_s=0.000599400 factor_s=0.005870000 solve_s=0.001175400 update_s=0.000356400 K_nnz=5269 rhs_cols=52 Vxx_nnz=2601
FILTERDDP_TIMING iteration=48 barrier_iteration=7 stage=2 derivative_s=0.001649400 first_order_s=0.001446100 second_order_s=0.000152500 algebra_s=0.000852600 kkt_assembly_s=0.000514900 factor_s=0.008108300 solve_s=0.016929800 update_s=0.000341800 K_nnz=5269 rhs_cols=52 Vxx_nnz=2601
FILTERDDP_TIMING iteration=48 barrier_iteration=7 stage=1 derivative_s=0.001579700 first_order_s=0.001399300 second_order_s=0.000126800 algebra_s=0.000778600 kkt_assembly_s=0.000474800 factor_s=0.006083700 solve_s=0.000899000 update_s=0.000315100 K_nnz=5269 rhs_cols=52 Vxx_nnz=2601
FILTERDDP_FEASIBILITY iteration=48 barrier_iteration=7 equality_count=3372 equality_rms=2.535072494434e-05 equality_max=4.860446264092e-04 equality_worst_stage=5 equality_worst_index=509 dynamics_count=255 dynamics_rms=0.000000000000e+00 dynamics_max=0.000000000000e+00 dynamics_worst_stage=0 dynamics_worst_index=0 bound_count=4902 bound_rms=0.000000000000e+00 bound_max=0.000000000000e+00 bound_worst_stage=0 bound_worst_index=0 bound_worst_kind=none
    48   3.14316872e+03   4.8604e-04   4.6515e-08   4.9707e-10   -5.03      -     5.0000e-01   0
FILTERDDP_ITER_TIMING iteration=48 barrier_iteration=7 backward_s=0.079640400 forward_s=0.011290700 total_s=0.090931100 outcome=accepted step_size=5.000000000e-01 backtracks=0 mu=9.277179695e-06
FILTERDDP_TIMING iteration=49 barrier_iteration=7 stage=6 derivative_s=0.001257000 first_order_s=0.001109500 second_order_s=0.000109100 algebra_s=0.002386400 kkt_assembly_s=0.000439400 factor_s=0.005099100 solve_s=0.000925700 update_s=0.000839900 K_nnz=5269 rhs_cols=52 Vxx_nnz=2601
FILTERDDP_TIMING iteration=49 barrier_iteration=7 stage=5 derivative_s=0.001306800 first_order_s=0.001150200 second_order_s=0.000101500 algebra_s=0.000665200 kkt_assembly_s=0.000434500 factor_s=0.005898100 solve_s=0.001028300 update_s=0.000330800 K_nnz=5269 rhs_cols=52 Vxx_nnz=2601
FILTERDDP_TIMING iteration=49 barrier_iteration=7 stage=4 derivative_s=0.001569900 first_order_s=0.001407100 second_order_s=0.000116100 algebra_s=0.000766200 kkt_assembly_s=0.000491500 factor_s=0.006162800 solve_s=0.001250300 update_s=0.000339000 K_nnz=5269 rhs_cols=52 Vxx_nnz=2601
FILTERDDP_TIMING iteration=49 barrier_iteration=7 stage=3 derivative_s=0.001633100 first_order_s=0.001457000 second_order_s=0.000130000 algebra_s=0.000749900 kkt_assembly_s=0.000486100 factor_s=0.006106100 solve_s=0.001150100 update_s=0.000292700 K_nnz=5269 rhs_cols=52 Vxx_nnz=2601
FILTERDDP_TIMING iteration=49 barrier_iteration=7 stage=2 derivative_s=0.001467500 first_order_s=0.001311600 second_order_s=0.000115200 algebra_s=0.000736300 kkt_assembly_s=0.000486300 factor_s=0.006337500 solve_s=0.001146100 update_s=0.000286800 K_nnz=5269 rhs_cols=52 Vxx_nnz=2601
FILTERDDP_TIMING iteration=49 barrier_iteration=7 stage=1 derivative_s=0.001492500 first_order_s=0.001331600 second_order_s=0.000118300 algebra_s=0.000909700 kkt_assembly_s=0.000492400 factor_s=0.006299900 solve_s=0.001106000 update_s=0.000335600 K_nnz=5269 rhs_cols=52 Vxx_nnz=2601
FILTERDDP_FEASIBILITY iteration=49 barrier_iteration=7 equality_count=3372 equality_rms=1.619322686498e-05 equality_max=3.151735314751e-04 equality_worst_stage=5 equality_worst_index=509 dynamics_count=255 dynamics_rms=0.000000000000e+00 dynamics_max=0.000000000000e+00 dynamics_worst_stage=0 dynamics_worst_index=0 bound_count=4902 bound_rms=0.000000000000e+00 bound_max=0.000000000000e+00 bound_worst_stage=0 bound_worst_index=0 bound_worst_kind=none
    49   3.14314801e+03   3.1517e-04   3.1220e-08   2.5904e-10   -5.03      -     5.0000e-01   0
FILTERDDP_ITER_TIMING iteration=49 barrier_iteration=7 backward_s=0.064111000 forward_s=0.011067100 total_s=0.075178100 outcome=accepted step_size=5.000000000e-01 backtracks=0 mu=9.277179695e-06
FILTERDDP_TIMING iteration=50 barrier_iteration=7 stage=6 derivative_s=0.001569700 first_order_s=0.001389200 second_order_s=0.000135700 algebra_s=0.003001700 kkt_assembly_s=0.000639700 factor_s=0.005310500 solve_s=0.000993300 update_s=0.001163900 K_nnz=5269 rhs_cols=52 Vxx_nnz=2601
FILTERDDP_TIMING iteration=50 barrier_iteration=7 stage=5 derivative_s=0.001535700 first_order_s=0.001318000 second_order_s=0.000167600 algebra_s=0.000779500 kkt_assembly_s=0.000526100 factor_s=0.006330200 solve_s=0.001012500 update_s=0.000306600 K_nnz=5269 rhs_cols=52 Vxx_nnz=2601
FILTERDDP_TIMING iteration=50 barrier_iteration=7 stage=4 derivative_s=0.001520400 first_order_s=0.001348600 second_order_s=0.000125900 algebra_s=0.000775700 kkt_assembly_s=0.000502400 factor_s=0.006260200 solve_s=0.001129900 update_s=0.000308800 K_nnz=5269 rhs_cols=52 Vxx_nnz=2601
FILTERDDP_TIMING iteration=50 barrier_iteration=7 stage=3 derivative_s=0.001512500 first_order_s=0.001348000 second_order_s=0.000118100 algebra_s=0.000892100 kkt_assembly_s=0.000533400 factor_s=0.006398000 solve_s=0.001145900 update_s=0.000346000 K_nnz=5269 rhs_cols=52 Vxx_nnz=2601
FILTERDDP_TIMING iteration=50 barrier_iteration=7 stage=2 derivative_s=0.001794000 first_order_s=0.001611900 second_order_s=0.000125000 algebra_s=0.000851100 kkt_assembly_s=0.000546500 factor_s=0.007148400 solve_s=0.014410400 update_s=0.000285000 K_nnz=5269 rhs_cols=52 Vxx_nnz=2601
FILTERDDP_TIMING iteration=50 barrier_iteration=7 stage=1 derivative_s=0.001357400 first_order_s=0.001185400 second_order_s=0.000089600 algebra_s=0.000623800 kkt_assembly_s=0.000417300 factor_s=0.004788100 solve_s=0.000838700 update_s=0.000268200 K_nnz=5269 rhs_cols=52 Vxx_nnz=2601
FILTERDDP_FEASIBILITY iteration=50 barrier_iteration=7 equality_count=3372 equality_rms=9.124782278172e-06 equality_max=1.795368734968e-04 equality_worst_stage=5 equality_worst_index=509 dynamics_count=255 dynamics_rms=0.000000000000e+00 dynamics_max=0.000000000000e+00 dynamics_worst_stage=0 dynamics_worst_index=0 bound_count=4902 bound_rms=0.000000000000e+00 bound_max=0.000000000000e+00 bound_worst_stage=0 bound_worst_index=0 bound_worst_kind=none
  iter     objective        pr_inf       du_inf       cs_inf     lg(μ)   lg(reg)    alpha     ls
    50   3.14313785e+03   1.7954e-04   1.6188e-08   1.2950e-10   -5.03      -     5.0000e-01   0
FILTERDDP_ITER_TIMING iteration=50 barrier_iteration=7 backward_s=0.079154900 forward_s=0.009611000 total_s=0.088765900 outcome=accepted step_size=5.000000000e-01 backtracks=0 mu=9.277179695e-06
FILTERDDP_TIMING iteration=51 barrier_iteration=7 stage=6 derivative_s=0.001622500 first_order_s=0.001395400 second_order_s=0.000165300 algebra_s=0.002737500 kkt_assembly_s=0.000581000 factor_s=0.006221600 solve_s=0.001051600 update_s=0.001493000 K_nnz=5269 rhs_cols=52 Vxx_nnz=2601
FILTERDDP_TIMING iteration=51 barrier_iteration=7 stage=5 derivative_s=0.002514400 first_order_s=0.002291300 second_order_s=0.000156700 algebra_s=0.000764500 kkt_assembly_s=0.000527200 factor_s=0.006174200 solve_s=0.001106700 update_s=0.000312700 K_nnz=5269 rhs_cols=52 Vxx_nnz=2601
FILTERDDP_TIMING iteration=51 barrier_iteration=7 stage=4 derivative_s=0.001485900 first_order_s=0.001328700 second_order_s=0.000113300 algebra_s=0.000812400 kkt_assembly_s=0.000731200 factor_s=0.006249400 solve_s=0.000944000 update_s=0.000293000 K_nnz=5269 rhs_cols=52 Vxx_nnz=2601
FILTERDDP_TIMING iteration=51 barrier_iteration=7 stage=3 derivative_s=0.001470500 first_order_s=0.001313500 second_order_s=0.000115400 algebra_s=0.000824500 kkt_assembly_s=0.000485400 factor_s=0.006201700 solve_s=0.001220000 update_s=0.000297200 K_nnz=5269 rhs_cols=52 Vxx_nnz=2601
FILTERDDP_TIMING iteration=51 barrier_iteration=7 stage=2 derivative_s=0.001460200 first_order_s=0.001305500 second_order_s=0.000112100 algebra_s=0.000732500 kkt_assembly_s=0.000484300 factor_s=0.006131200 solve_s=0.001060000 update_s=0.000266700 K_nnz=5269 rhs_cols=52 Vxx_nnz=2601
FILTERDDP_TIMING iteration=51 barrier_iteration=7 stage=1 derivative_s=0.001346100 first_order_s=0.001208400 second_order_s=0.000106200 algebra_s=0.000658900 kkt_assembly_s=0.000355900 factor_s=0.004826300 solve_s=0.000959700 update_s=0.000270200 K_nnz=5269 rhs_cols=52 Vxx_nnz=2601
FILTERDDP_FEASIBILITY iteration=51 barrier_iteration=7 equality_count=3372 equality_rms=4.853874887334e-06 equality_max=9.620343586619e-05 equality_worst_stage=5 equality_worst_index=509 dynamics_count=255 dynamics_rms=0.000000000000e+00 dynamics_max=0.000000000000e+00 dynamics_worst_stage=0 dynamics_worst_index=0 bound_count=4902 bound_rms=0.000000000000e+00 bound_max=0.000000000000e+00 bound_worst_stage=0 bound_worst_index=0 bound_worst_kind=none
    51   3.14313283e+03   9.6203e-05   7.3301e-09   6.2652e-11   -5.03      -     5.0000e-01   0
FILTERDDP_ITER_TIMING iteration=51 barrier_iteration=7 backward_s=0.066056500 forward_s=0.011033200 total_s=0.077089700 outcome=accepted step_size=5.000000000e-01 backtracks=0 mu=9.277179695e-06
FILTERDDP_TIMING iteration=52 barrier_iteration=7 stage=6 derivative_s=0.001371800 first_order_s=0.001205900 second_order_s=0.000126300 algebra_s=0.002457700 kkt_assembly_s=0.000455900 factor_s=0.005286800 solve_s=0.001102900 update_s=0.001150100 K_nnz=5269 rhs_cols=52 Vxx_nnz=2601
FILTERDDP_TIMING iteration=52 barrier_iteration=7 stage=5 derivative_s=0.001497300 first_order_s=0.001321700 second_order_s=0.000118800 algebra_s=0.000830100 kkt_assembly_s=0.000514900 factor_s=0.006056800 solve_s=0.001044500 update_s=0.000270400 K_nnz=5269 rhs_cols=52 Vxx_nnz=2601
FILTERDDP_TIMING iteration=52 barrier_iteration=7 stage=4 derivative_s=0.001555600 first_order_s=0.001402300 second_order_s=0.000112200 algebra_s=0.000782000 kkt_assembly_s=0.000529500 factor_s=0.017006300 solve_s=0.001196100 update_s=0.000235600 K_nnz=5269 rhs_cols=52 Vxx_nnz=2601
FILTERDDP_TIMING iteration=52 barrier_iteration=7 stage=3 derivative_s=0.001058100 first_order_s=0.000950600 second_order_s=0.000074900 algebra_s=0.000624000 kkt_assembly_s=0.000448200 factor_s=0.005562800 solve_s=0.000992000 update_s=0.000282300 K_nnz=5269 rhs_cols=52 Vxx_nnz=2601
FILTERDDP_TIMING iteration=52 barrier_iteration=7 stage=2 derivative_s=0.001569300 first_order_s=0.001375800 second_order_s=0.000147900 algebra_s=0.000831200 kkt_assembly_s=0.000485000 factor_s=0.006086700 solve_s=0.001275600 update_s=0.000277100 K_nnz=5269 rhs_cols=52 Vxx_nnz=2601
FILTERDDP_TIMING iteration=52 barrier_iteration=7 stage=1 derivative_s=0.001636800 first_order_s=0.001468100 second_order_s=0.000117700 algebra_s=0.000780500 kkt_assembly_s=0.000482200 factor_s=0.006415600 solve_s=0.001112400 update_s=0.000282100 K_nnz=5269 rhs_cols=52 Vxx_nnz=2601
FILTERDDP_FEASIBILITY iteration=52 barrier_iteration=7 equality_count=3372 equality_rms=2.506333987927e-06 equality_max=4.990631750240e-05 equality_worst_stage=5 equality_worst_index=509 dynamics_count=255 dynamics_rms=0.000000000000e+00 dynamics_max=0.000000000000e+00 dynamics_worst_stage=0 dynamics_worst_index=0 bound_count=4902 bound_rms=0.000000000000e+00 bound_max=0.000000000000e+00 bound_worst_stage=0 bound_worst_index=0 bound_worst_kind=none
FILTERDDP_ITER_TIMING iteration=52 barrier_iteration=7 backward_s=0.074751600 forward_s=0.000000000 total_s=0.074751600 outcome=barrier_update step_size=5.000000000e-01 backtracks=0 mu=9.277179695e-06
FILTERDDP_TIMING iteration=52 barrier_iteration=8 stage=6 derivative_s=0.001507000 first_order_s=0.001333000 second_order_s=0.000132100 algebra_s=0.002198400 kkt_assembly_s=0.000347500 factor_s=0.004296800 solve_s=0.001124900 update_s=0.001125800 K_nnz=5269 rhs_cols=52 Vxx_nnz=2601
FILTERDDP_TIMING iteration=52 barrier_iteration=8 stage=5 derivative_s=0.001502900 first_order_s=0.001309800 second_order_s=0.000114800 algebra_s=0.000819000 kkt_assembly_s=0.000492600 factor_s=0.006337500 solve_s=0.000972000 update_s=0.000381500 K_nnz=5269 rhs_cols=52 Vxx_nnz=2601
FILTERDDP_TIMING iteration=52 barrier_iteration=8 stage=4 derivative_s=0.001586500 first_order_s=0.001413800 second_order_s=0.000127600 algebra_s=0.000735600 kkt_assembly_s=0.000500500 factor_s=0.005738800 solve_s=0.000983200 update_s=0.000446700 K_nnz=5269 rhs_cols=52 Vxx_nnz=2601
FILTERDDP_TIMING iteration=52 barrier_iteration=8 stage=3 derivative_s=0.001109800 first_order_s=0.000983700 second_order_s=0.000079800 algebra_s=0.000599000 kkt_assembly_s=0.000444400 factor_s=0.004746200 solve_s=0.000959400 update_s=0.000266300 K_nnz=5269 rhs_cols=52 Vxx_nnz=2601
FILTERDDP_TIMING iteration=52 barrier_iteration=8 stage=2 derivative_s=0.000804700 first_order_s=0.000696400 second_order_s=0.000078700 algebra_s=0.000396500 kkt_assembly_s=0.000285300 factor_s=0.002723100 solve_s=0.000778000 update_s=0.000301400 K_nnz=5269 rhs_cols=52 Vxx_nnz=2601
FILTERDDP_TIMING iteration=52 barrier_iteration=8 stage=1 derivative_s=0.001535300 first_order_s=0.001369900 second_order_s=0.000120800 algebra_s=0.000789200 kkt_assembly_s=0.000511400 factor_s=0.012715100 solve_s=0.000947000 update_s=0.000270900 K_nnz=5269 rhs_cols=52 Vxx_nnz=2601
FILTERDDP_FEASIBILITY iteration=52 barrier_iteration=8 equality_count=3372 equality_rms=2.506333987927e-06 equality_max=4.990631750240e-05 equality_worst_stage=5 equality_worst_index=509 dynamics_count=255 dynamics_rms=0.000000000000e+00 dynamics_max=0.000000000000e+00 dynamics_worst_stage=0 dynamics_worst_index=0 bound_count=4902 bound_rms=0.000000000000e+00 bound_max=0.000000000000e+00 bound_worst_stage=0 bound_worst_index=0 bound_worst_kind=none
    52   3.14313034e+03   4.9906e-05   3.1785e-09   3.3406e-11   -6.04      -     5.0000e-01   0
FILTERDDP_ITER_TIMING iteration=52 barrier_iteration=8 backward_s=0.062436400 forward_s=0.007296300 total_s=0.069732700 outcome=accepted step_size=2.500000000e-01 backtracks=0 mu=9.139010210e-07
FILTERDDP_TIMING iteration=53 barrier_iteration=8 stage=6 derivative_s=0.000788600 first_order_s=0.000641800 second_order_s=0.000100600 algebra_s=0.001587700 kkt_assembly_s=0.000404900 factor_s=0.002504000 solve_s=0.000745200 update_s=0.001050500 K_nnz=5269 rhs_cols=52 Vxx_nnz=2601
FILTERDDP_TIMING iteration=53 barrier_iteration=8 stage=5 derivative_s=0.001199300 first_order_s=0.001064200 second_order_s=0.000084200 algebra_s=0.000454900 kkt_assembly_s=0.000287500 factor_s=0.002391000 solve_s=0.000518700 update_s=0.000186800 K_nnz=5269 rhs_cols=52 Vxx_nnz=2601
FILTERDDP_TIMING iteration=53 barrier_iteration=8 stage=4 derivative_s=0.000670600 first_order_s=0.000590500 second_order_s=0.000053400 algebra_s=0.000335700 kkt_assembly_s=0.000216100 factor_s=0.002229700 solve_s=0.000759800 update_s=0.000327800 K_nnz=5269 rhs_cols=52 Vxx_nnz=2601
FILTERDDP_TIMING iteration=53 barrier_iteration=8 stage=3 derivative_s=0.001441500 first_order_s=0.001324000 second_order_s=0.000085100 algebra_s=0.000330300 kkt_assembly_s=0.000224400 factor_s=0.002982200 solve_s=0.000436100 update_s=0.000199700 K_nnz=5269 rhs_cols=52 Vxx_nnz=2601
FILTERDDP_TIMING iteration=53 barrier_iteration=8 stage=2 derivative_s=0.000926500 first_order_s=0.000850800 second_order_s=0.000049800 algebra_s=0.000322600 kkt_assembly_s=0.000253200 factor_s=0.002578600 solve_s=0.000399500 update_s=0.000166100 K_nnz=5269 rhs_cols=52 Vxx_nnz=2601
FILTERDDP_TIMING iteration=53 barrier_iteration=8 stage=1 derivative_s=0.000616800 first_order_s=0.000545100 second_order_s=0.000049400 algebra_s=0.000334600 kkt_assembly_s=0.000231900 factor_s=0.002131400 solve_s=0.000388500 update_s=0.006385200 K_nnz=5269 rhs_cols=52 Vxx_nnz=2601
FILTERDDP_FEASIBILITY iteration=53 barrier_iteration=8 equality_count=3372 equality_rms=1.999492386396e-06 equality_max=4.008599523353e-05 equality_worst_stage=5 equality_worst_index=509 dynamics_count=255 dynamics_rms=0.000000000000e+00 dynamics_max=0.000000000000e+00 dynamics_worst_stage=0 dynamics_worst_index=0 bound_count=4902 bound_rms=0.000000000000e+00 bound_max=0.000000000000e+00 bound_worst_stage=0 bound_worst_index=0 bound_worst_kind=none
    53   3.14312701e+03   4.0086e-05   3.1506e-09   2.5235e-11   -6.04      -     2.5000e-01   0
FILTERDDP_ITER_TIMING iteration=53 barrier_iteration=8 backward_s=0.037940100 forward_s=0.004470700 total_s=0.042410800 outcome=accepted step_size=2.500000000e-01 backtracks=0 mu=9.139010210e-07
FILTERDDP_TIMING iteration=54 barrier_iteration=8 stage=6 derivative_s=0.000530500 first_order_s=0.000451000 second_order_s=0.000055800 algebra_s=0.001312200 kkt_assembly_s=0.000224000 factor_s=0.002157000 solve_s=0.000538400 update_s=0.000494000 K_nnz=5269 rhs_cols=52 Vxx_nnz=2601
FILTERDDP_TIMING iteration=54 barrier_iteration=8 stage=5 derivative_s=0.000656100 first_order_s=0.000566100 second_order_s=0.000054000 algebra_s=0.000309400 kkt_assembly_s=0.000299000 factor_s=0.002166500 solve_s=0.000420600 update_s=0.000166800 K_nnz=5269 rhs_cols=52 Vxx_nnz=2601
FILTERDDP_TIMING iteration=54 barrier_iteration=8 stage=4 derivative_s=0.000704400 first_order_s=0.000620400 second_order_s=0.000047000 algebra_s=0.000328800 kkt_assembly_s=0.000194300 factor_s=0.002008700 solve_s=0.000460400 update_s=0.000143600 K_nnz=5269 rhs_cols=52 Vxx_nnz=2601
FILTERDDP_TIMING iteration=54 barrier_iteration=8 stage=3 derivative_s=0.000582600 first_order_s=0.000515600 second_order_s=0.000046400 algebra_s=0.000353900 kkt_assembly_s=0.000194900 factor_s=0.002058200 solve_s=0.000374700 update_s=0.000137800 K_nnz=5269 rhs_cols=52 Vxx_nnz=2601
FILTERDDP_TIMING iteration=54 barrier_iteration=8 stage=2 derivative_s=0.000596700 first_order_s=0.000531700 second_order_s=0.000045500 algebra_s=0.000329200 kkt_assembly_s=0.000197100 factor_s=0.001976600 solve_s=0.000371300 update_s=0.000148400 K_nnz=5269 rhs_cols=52 Vxx_nnz=2601
FILTERDDP_TIMING iteration=54 barrier_iteration=8 stage=1 derivative_s=0.000558500 first_order_s=0.000493500 second_order_s=0.000045000 algebra_s=0.000335000 kkt_assembly_s=0.000190200 factor_s=0.005924800 solve_s=0.000431000 update_s=0.000179200 K_nnz=5269 rhs_cols=52 Vxx_nnz=2601
FILTERDDP_FEASIBILITY iteration=54 barrier_iteration=8 equality_count=3372 equality_rms=1.569884341613e-06 equality_max=3.166056087286e-05 equality_worst_stage=5 equality_worst_index=509 dynamics_count=255 dynamics_rms=0.000000000000e+00 dynamics_max=0.000000000000e+00 dynamics_worst_stage=0 dynamics_worst_index=0 bound_count=4902 bound_rms=0.000000000000e+00 bound_max=0.000000000000e+00 bound_worst_stage=0 bound_worst_index=0 bound_worst_kind=none
    54   3.14312452e+03   3.1661e-05   2.9435e-09   1.9202e-11   -6.04      -     2.5000e-01   0
FILTERDDP_ITER_TIMING iteration=54 barrier_iteration=8 backward_s=0.028660100 forward_s=0.004594000 total_s=0.033254100 outcome=accepted step_size=2.500000000e-01 backtracks=0 mu=9.139010210e-07
FILTERDDP_TIMING iteration=55 barrier_iteration=8 stage=6 derivative_s=0.000477000 first_order_s=0.000390600 second_order_s=0.000054500 algebra_s=0.001032100 kkt_assembly_s=0.000224300 factor_s=0.001974100 solve_s=0.000474500 update_s=0.000482800 K_nnz=5269 rhs_cols=52 Vxx_nnz=2601
FILTERDDP_TIMING iteration=55 barrier_iteration=8 stage=5 derivative_s=0.000651800 first_order_s=0.000574400 second_order_s=0.000045400 algebra_s=0.000307100 kkt_assembly_s=0.000227100 factor_s=0.002134900 solve_s=0.000391600 update_s=0.000139100 K_nnz=5269 rhs_cols=52 Vxx_nnz=2601
FILTERDDP_TIMING iteration=55 barrier_iteration=8 stage=4 derivative_s=0.000542100 first_order_s=0.000474600 second_order_s=0.000046600 algebra_s=0.000280000 kkt_assembly_s=0.000182900 factor_s=0.001943800 solve_s=0.000437300 update_s=0.000132800 K_nnz=5269 rhs_cols=52 Vxx_nnz=2601
FILTERDDP_TIMING iteration=55 barrier_iteration=8 stage=3 derivative_s=0.000547400 first_order_s=0.000486200 second_order_s=0.000044200 algebra_s=0.000312200 kkt_assembly_s=0.000251800 factor_s=0.001966700 solve_s=0.000403100 update_s=0.000123100 K_nnz=5269 rhs_cols=52 Vxx_nnz=2601
FILTERDDP_TIMING iteration=55 barrier_iteration=8 stage=2 derivative_s=0.000507600 first_order_s=0.000450400 second_order_s=0.000041800 algebra_s=0.004705600 kkt_assembly_s=0.000171100 factor_s=0.001869200 solve_s=0.000481400 update_s=0.000127600 K_nnz=5269 rhs_cols=52 Vxx_nnz=2601
FILTERDDP_TIMING iteration=55 barrier_iteration=8 stage=1 derivative_s=0.000590300 first_order_s=0.000525000 second_order_s=0.000047300 algebra_s=0.000286100 kkt_assembly_s=0.000188300 factor_s=0.002140600 solve_s=0.000430400 update_s=0.000125100 K_nnz=5269 rhs_cols=52 Vxx_nnz=2601
FILTERDDP_FEASIBILITY iteration=55 barrier_iteration=8 equality_count=3372 equality_rms=1.218264496726e-06 equality_max=2.469820127546e-05 equality_worst_stage=5 equality_worst_index=509 dynamics_count=255 dynamics_rms=0.000000000000e+00 dynamics_max=0.000000000000e+00 dynamics_worst_stage=0 dynamics_worst_index=0 bound_count=4902 bound_rms=0.000000000000e+00 bound_max=0.000000000000e+00 bound_worst_stage=0 bound_worst_index=0 bound_worst_kind=none
    55   3.14312266e+03   2.4698e-05   2.6454e-09   1.8141e-11   -6.04      -     2.5000e-01   0
FILTERDDP_ITER_TIMING iteration=55 barrier_iteration=8 backward_s=0.027804000 forward_s=0.004171700 total_s=0.031975700 outcome=accepted step_size=2.500000000e-01 backtracks=0 mu=9.139010210e-07
FILTERDDP_TIMING iteration=56 barrier_iteration=8 stage=6 derivative_s=0.000477100 first_order_s=0.000401700 second_order_s=0.000049100 algebra_s=0.001103400 kkt_assembly_s=0.000225600 factor_s=0.002045800 solve_s=0.000526300 update_s=0.000440600 K_nnz=5269 rhs_cols=52 Vxx_nnz=2601
FILTERDDP_TIMING iteration=56 barrier_iteration=8 stage=5 derivative_s=0.000554400 first_order_s=0.000497800 second_order_s=0.000041500 algebra_s=0.000309500 kkt_assembly_s=0.000184600 factor_s=0.001930900 solve_s=0.000456300 update_s=0.000114600 K_nnz=5269 rhs_cols=52 Vxx_nnz=2601
FILTERDDP_TIMING iteration=56 barrier_iteration=8 stage=4 derivative_s=0.000495800 first_order_s=0.000438000 second_order_s=0.000043500 algebra_s=0.002294200 kkt_assembly_s=0.000173500 factor_s=0.001887600 solve_s=0.000479900 update_s=0.000164400 K_nnz=5269 rhs_cols=52 Vxx_nnz=2601
FILTERDDP_TIMING iteration=56 barrier_iteration=8 stage=3 derivative_s=0.000596800 first_order_s=0.000532900 second_order_s=0.000046500 algebra_s=0.000367500 kkt_assembly_s=0.000200000 factor_s=0.002551300 solve_s=0.000479100 update_s=0.000131700 K_nnz=5269 rhs_cols=52 Vxx_nnz=2601
FILTERDDP_TIMING iteration=56 barrier_iteration=8 stage=2 derivative_s=0.000598700 first_order_s=0.000538300 second_order_s=0.000044000 algebra_s=0.000376100 kkt_assembly_s=0.000201200 factor_s=0.002692000 solve_s=0.000546300 update_s=0.000263500 K_nnz=5269 rhs_cols=52 Vxx_nnz=2601
FILTERDDP_TIMING iteration=56 barrier_iteration=8 stage=1 derivative_s=0.001417100 first_order_s=0.001241000 second_order_s=0.000138800 algebra_s=0.000731200 kkt_assembly_s=0.000472500 factor_s=0.006073400 solve_s=0.000818700 update_s=0.000264400 K_nnz=5269 rhs_cols=52 Vxx_nnz=2601
FILTERDDP_FEASIBILITY iteration=56 barrier_iteration=8 equality_count=3372 equality_rms=9.372407174922e-07 equality_max=1.908841246356e-05 equality_worst_stage=5 equality_worst_index=509 dynamics_count=255 dynamics_rms=0.000000000000e+00 dynamics_max=0.000000000000e+00 dynamics_worst_stage=0 dynamics_worst_index=0 bound_count=4902 bound_rms=0.000000000000e+00 bound_max=0.000000000000e+00 bound_worst_stage=0 bound_worst_index=0 bound_worst_kind=none
    56   3.14312127e+03   1.9088e-05   2.3126e-09   1.8141e-11   -6.04      -     2.5000e-01   0
FILTERDDP_ITER_TIMING iteration=56 barrier_iteration=8 backward_s=0.033406600 forward_s=0.011204700 total_s=0.044611300 outcome=accepted step_size=2.500000000e-01 backtracks=0 mu=9.139010210e-07
FILTERDDP_TIMING iteration=57 barrier_iteration=8 stage=6 derivative_s=0.000918700 first_order_s=0.000797700 second_order_s=0.000092300 algebra_s=0.005134400 kkt_assembly_s=0.000347300 factor_s=0.003680000 solve_s=0.000577000 update_s=0.000923500 K_nnz=5269 rhs_cols=52 Vxx_nnz=2601
FILTERDDP_TIMING iteration=57 barrier_iteration=8 stage=5 derivative_s=0.001320200 first_order_s=0.001210500 second_order_s=0.000079700 algebra_s=0.000458700 kkt_assembly_s=0.000279900 factor_s=0.003449400 solve_s=0.000636300 update_s=0.000175600 K_nnz=5269 rhs_cols=52 Vxx_nnz=2601
FILTERDDP_TIMING iteration=57 barrier_iteration=8 stage=4 derivative_s=0.000858600 first_order_s=0.000762900 second_order_s=0.000058500 algebra_s=0.000452100 kkt_assembly_s=0.000289700 factor_s=0.003264700 solve_s=0.000825200 update_s=0.000258500 K_nnz=5269 rhs_cols=52 Vxx_nnz=2601
FILTERDDP_TIMING iteration=57 barrier_iteration=8 stage=3 derivative_s=0.001261200 first_order_s=0.001151800 second_order_s=0.000074800 algebra_s=0.000633600 kkt_assembly_s=0.000365600 factor_s=0.005199600 solve_s=0.000846300 update_s=0.000134200 K_nnz=5269 rhs_cols=52 Vxx_nnz=2601
FILTERDDP_TIMING iteration=57 barrier_iteration=8 stage=2 derivative_s=0.000598900 first_order_s=0.000534200 second_order_s=0.000045300 algebra_s=0.000310500 kkt_assembly_s=0.000172500 factor_s=0.006884200 solve_s=0.000952500 update_s=0.000270700 K_nnz=5269 rhs_cols=52 Vxx_nnz=2601
FILTERDDP_TIMING iteration=57 barrier_iteration=8 stage=1 derivative_s=0.001460600 first_order_s=0.001312800 second_order_s=0.000107200 algebra_s=0.000729300 kkt_assembly_s=0.000465900 factor_s=0.006048200 solve_s=0.000843200 update_s=0.000287400 K_nnz=5269 rhs_cols=52 Vxx_nnz=2601
FILTERDDP_FEASIBILITY iteration=57 barrier_iteration=8 equality_count=3372 equality_rms=7.163993354540e-07 equality_max=1.464860570416e-05 equality_worst_stage=5 equality_worst_index=509 dynamics_count=255 dynamics_rms=0.000000000000e+00 dynamics_max=0.000000000000e+00 dynamics_worst_stage=0 dynamics_worst_index=0 bound_count=4902 bound_rms=0.000000000000e+00 bound_max=0.000000000000e+00 bound_worst_stage=0 bound_worst_index=0 bound_worst_kind=none
    57   3.14312024e+03   1.4649e-05   1.9797e-09   1.8141e-11   -6.04      -     2.5000e-01   0
FILTERDDP_ITER_TIMING iteration=57 barrier_iteration=8 backward_s=0.052320400 forward_s=0.012330100 total_s=0.064650500 outcome=accepted step_size=2.500000000e-01 backtracks=0 mu=9.139010210e-07
FILTERDDP_TIMING iteration=58 barrier_iteration=8 stage=6 derivative_s=0.001936800 first_order_s=0.001767600 second_order_s=0.000126400 algebra_s=0.002707900 kkt_assembly_s=0.000561200 factor_s=0.006567200 solve_s=0.001027500 update_s=0.000996800 K_nnz=5269 rhs_cols=52 Vxx_nnz=2601
FILTERDDP_TIMING iteration=58 barrier_iteration=8 stage=5 derivative_s=0.001511100 first_order_s=0.001360300 second_order_s=0.000106700 algebra_s=0.000750600 kkt_assembly_s=0.000488400 factor_s=0.006672800 solve_s=0.001071200 update_s=0.000292200 K_nnz=5269 rhs_cols=52 Vxx_nnz=2601
FILTERDDP_TIMING iteration=58 barrier_iteration=8 stage=4 derivative_s=0.001697100 first_order_s=0.001527200 second_order_s=0.000122500 algebra_s=0.000666700 kkt_assembly_s=0.000420100 factor_s=0.009052400 solve_s=0.000984000 update_s=0.000285800 K_nnz=5269 rhs_cols=52 Vxx_nnz=2601
FILTERDDP_TIMING iteration=58 barrier_iteration=8 stage=3 derivative_s=0.001647400 first_order_s=0.001488900 second_order_s=0.000114100 algebra_s=0.000729400 kkt_assembly_s=0.000476200 factor_s=0.006048200 solve_s=0.000927900 update_s=0.000262500 K_nnz=5269 rhs_cols=52 Vxx_nnz=2601
FILTERDDP_TIMING iteration=58 barrier_iteration=8 stage=2 derivative_s=0.001475900 first_order_s=0.001323600 second_order_s=0.000110100 algebra_s=0.000722100 kkt_assembly_s=0.000472300 factor_s=0.006123900 solve_s=0.001022100 update_s=0.000257600 K_nnz=5269 rhs_cols=52 Vxx_nnz=2601
FILTERDDP_TIMING iteration=58 barrier_iteration=8 stage=1 derivative_s=0.001450600 first_order_s=0.001272500 second_order_s=0.000138400 algebra_s=0.000724800 kkt_assembly_s=0.000466600 factor_s=0.006077600 solve_s=0.000884400 update_s=0.000272600 K_nnz=5269 rhs_cols=52 Vxx_nnz=2601
FILTERDDP_FEASIBILITY iteration=58 barrier_iteration=8 equality_count=3372 equality_rms=5.449646110174e-07 equality_max=1.118052288931e-05 equality_worst_stage=5 equality_worst_index=509 dynamics_count=255 dynamics_rms=0.000000000000e+00 dynamics_max=0.000000000000e+00 dynamics_worst_stage=0 dynamics_worst_index=0 bound_count=4902 bound_rms=0.000000000000e+00 bound_max=0.000000000000e+00 bound_worst_stage=0 bound_worst_index=0 bound_worst_kind=none
    58   3.14311946e+03   1.1181e-05   1.6667e-09   1.8141e-11   -6.04      -     2.5000e-01   0
FILTERDDP_ITER_TIMING iteration=58 barrier_iteration=8 backward_s=0.068914600 forward_s=0.018356900 total_s=0.087271500 outcome=accepted step_size=2.500000000e-01 backtracks=0 mu=9.139010210e-07
FILTERDDP_TIMING iteration=59 barrier_iteration=8 stage=6 derivative_s=0.002235300 first_order_s=0.002027300 second_order_s=0.000154900 algebra_s=0.002706500 kkt_assembly_s=0.000798000 factor_s=0.012864800 solve_s=0.001083400 update_s=0.001098000 K_nnz=5269 rhs_cols=52 Vxx_nnz=2601
FILTERDDP_TIMING iteration=59 barrier_iteration=8 stage=5 derivative_s=0.001546900 first_order_s=0.001280200 second_order_s=0.000220200 algebra_s=0.000738400 kkt_assembly_s=0.000478100 factor_s=0.006026600 solve_s=0.001021700 update_s=0.000314700 K_nnz=5269 rhs_cols=52 Vxx_nnz=2601
FILTERDDP_TIMING iteration=59 barrier_iteration=8 stage=4 derivative_s=0.001479400 first_order_s=0.001326300 second_order_s=0.000110300 algebra_s=0.000731300 kkt_assembly_s=0.000472600 factor_s=0.006027800 solve_s=0.000916900 update_s=0.000282100 K_nnz=5269 rhs_cols=52 Vxx_nnz=2601
FILTERDDP_TIMING iteration=59 barrier_iteration=8 stage=3 derivative_s=0.001518000 first_order_s=0.001363300 second_order_s=0.000112300 algebra_s=0.000726900 kkt_assembly_s=0.000472400 factor_s=0.007899900 solve_s=0.001056000 update_s=0.000288500 K_nnz=5269 rhs_cols=52 Vxx_nnz=2601
FILTERDDP_TIMING iteration=59 barrier_iteration=8 stage=2 derivative_s=0.001544700 first_order_s=0.001396500 second_order_s=0.000106700 algebra_s=0.000825300 kkt_assembly_s=0.000475600 factor_s=0.006376900 solve_s=0.001115200 update_s=0.000326800 K_nnz=5269 rhs_cols=52 Vxx_nnz=2601
FILTERDDP_TIMING iteration=59 barrier_iteration=8 stage=1 derivative_s=0.001518100 first_order_s=0.001366000 second_order_s=0.000109400 algebra_s=0.000724700 kkt_assembly_s=0.000469500 factor_s=0.006151000 solve_s=0.005953400 update_s=0.000280800 K_nnz=5269 rhs_cols=52 Vxx_nnz=2601
FILTERDDP_FEASIBILITY iteration=59 barrier_iteration=8 equality_count=3372 equality_rms=4.130706508281e-07 equality_max=8.497923111653e-06 equality_worst_stage=5 equality_worst_index=509 dynamics_count=255 dynamics_rms=0.000000000000e+00 dynamics_max=0.000000000000e+00 dynamics_worst_stage=0 dynamics_worst_index=0 bound_count=4902 bound_rms=0.000000000000e+00 bound_max=0.000000000000e+00 bound_worst_stage=0 bound_worst_index=0 bound_worst_kind=none
FILTERDDP_ITER_TIMING iteration=59 barrier_iteration=8 backward_s=0.079702300 forward_s=0.000000000 total_s=0.079702300 outcome=barrier_update step_size=2.500000000e-01 backtracks=0 mu=9.139010210e-07
FILTERDDP_TIMING iteration=59 barrier_iteration=9 stage=6 derivative_s=0.001638500 first_order_s=0.001451500 second_order_s=0.000146500 algebra_s=0.002849000 kkt_assembly_s=0.000550200 factor_s=0.006053600 solve_s=0.000979300 update_s=0.001024700 K_nnz=5269 rhs_cols=52 Vxx_nnz=2601
FILTERDDP_TIMING iteration=59 barrier_iteration=9 stage=5 derivative_s=0.001536800 first_order_s=0.001387100 second_order_s=0.000108600 algebra_s=0.000726700 kkt_assembly_s=0.000603900 factor_s=0.006168300 solve_s=0.000930600 update_s=0.000275900 K_nnz=5269 rhs_cols=52 Vxx_nnz=2601
FILTERDDP_TIMING iteration=59 barrier_iteration=9 stage=4 derivative_s=0.001520100 first_order_s=0.001371300 second_order_s=0.000108500 algebra_s=0.000846500 kkt_assembly_s=0.000584300 factor_s=0.006622700 solve_s=0.001059800 update_s=0.000397900 K_nnz=5269 rhs_cols=52 Vxx_nnz=2601
FILTERDDP_TIMING iteration=59 barrier_iteration=9 stage=3 derivative_s=0.001648300 first_order_s=0.001479300 second_order_s=0.000110000 algebra_s=0.000738200 kkt_assembly_s=0.000470100 factor_s=0.006798000 solve_s=0.001116000 update_s=0.000283000 K_nnz=5269 rhs_cols=52 Vxx_nnz=2601
FILTERDDP_TIMING iteration=59 barrier_iteration=9 stage=2 derivative_s=0.001479500 first_order_s=0.001326800 second_order_s=0.000112400 algebra_s=0.000868500 kkt_assembly_s=0.000506500 factor_s=0.006228800 solve_s=0.001205300 update_s=0.000286700 K_nnz=5269 rhs_cols=52 Vxx_nnz=2601
FILTERDDP_TIMING iteration=59 barrier_iteration=9 stage=1 derivative_s=0.006434500 first_order_s=0.001415400 second_order_s=0.004959000 algebra_s=0.000752000 kkt_assembly_s=0.000572300 factor_s=0.006606400 solve_s=0.001142500 update_s=0.000300900 K_nnz=5269 rhs_cols=52 Vxx_nnz=2601
FILTERDDP_FEASIBILITY iteration=59 barrier_iteration=9 equality_count=3372 equality_rms=4.130706508281e-07 equality_max=8.497923111653e-06 equality_worst_stage=5 equality_worst_index=509 dynamics_count=255 dynamics_rms=0.000000000000e+00 dynamics_max=0.000000000000e+00 dynamics_worst_stage=0 dynamics_worst_index=0 bound_count=4902 bound_rms=0.000000000000e+00 bound_max=0.000000000000e+00 bound_worst_stage=0 bound_worst_index=0 bound_worst_kind=none
    59   3.14311888e+03   8.4979e-06   1.3841e-09   1.8141e-11   -7.25      -     2.5000e-01   0
FILTERDDP_ITER_TIMING iteration=59 barrier_iteration=9 backward_s=0.073135800 forward_s=0.012641400 total_s=0.085777200 outcome=accepted step_size=2.500000000e-01 backtracks=0 mu=5.663422933e-08
FILTERDDP_TIMING iteration=60 barrier_iteration=9 stage=6 derivative_s=0.001461000 first_order_s=0.001277700 second_order_s=0.000139800 algebra_s=0.002841700 kkt_assembly_s=0.000568800 factor_s=0.006254800 solve_s=0.001153400 update_s=0.001241200 K_nnz=5269 rhs_cols=52 Vxx_nnz=2601
FILTERDDP_TIMING iteration=60 barrier_iteration=9 stage=5 derivative_s=0.001493000 first_order_s=0.001291800 second_order_s=0.000122000 algebra_s=0.000785900 kkt_assembly_s=0.000550900 factor_s=0.006287400 solve_s=0.001290800 update_s=0.000330600 K_nnz=5269 rhs_cols=52 Vxx_nnz=2601
FILTERDDP_TIMING iteration=60 barrier_iteration=9 stage=4 derivative_s=0.001991900 first_order_s=0.001530800 second_order_s=0.000409800 algebra_s=0.000807100 kkt_assembly_s=0.000542600 factor_s=0.006883400 solve_s=0.001084900 update_s=0.000327500 K_nnz=5269 rhs_cols=52 Vxx_nnz=2601
FILTERDDP_TIMING iteration=60 barrier_iteration=9 stage=3 derivative_s=0.001537400 first_order_s=0.001367600 second_order_s=0.000124300 algebra_s=0.000765900 kkt_assembly_s=0.000657700 factor_s=0.006669600 solve_s=0.014262600 update_s=0.000366100 K_nnz=5269 rhs_cols=52 Vxx_nnz=2601
FILTERDDP_TIMING iteration=60 barrier_iteration=9 stage=2 derivative_s=0.001687900 first_order_s=0.001502000 second_order_s=0.000135700 algebra_s=0.000764500 kkt_assembly_s=0.000501400 factor_s=0.006205100 solve_s=0.001277300 update_s=0.000340700 K_nnz=5269 rhs_cols=52 Vxx_nnz=2601
FILTERDDP_TIMING iteration=60 barrier_iteration=9 stage=1 derivative_s=0.001557000 first_order_s=0.001385400 second_order_s=0.000109800 algebra_s=0.000848500 kkt_assembly_s=0.000530800 factor_s=0.006704300 solve_s=0.001225300 update_s=0.000311400 K_nnz=5269 rhs_cols=52 Vxx_nnz=2601
FILTERDDP_FEASIBILITY iteration=60 barrier_iteration=9 equality_count=3372 equality_rms=3.161342561424e-07 equality_max=6.537318118387e-06 equality_worst_stage=5 equality_worst_index=509 dynamics_count=255 dynamics_rms=0.000000000000e+00 dynamics_max=0.000000000000e+00 dynamics_worst_stage=0 dynamics_worst_index=0 bound_count=4902 bound_rms=0.000000000000e+00 bound_max=0.000000000000e+00 bound_worst_stage=0 bound_worst_index=0 bound_worst_kind=none
  iter     objective        pr_inf       du_inf       cs_inf     lg(μ)   lg(reg)    alpha     ls
    60   3.14311817e+03   6.5373e-06   1.2379e-09   1.8141e-11   -7.25      -     2.5000e-01   0
FILTERDDP_ITER_TIMING iteration=60 barrier_iteration=9 backward_s=0.083452600 forward_s=0.010983900 total_s=0.094436500 outcome=accepted step_size=2.500000000e-01 backtracks=0 mu=5.663422933e-08
FILTERDDP_TIMING iteration=61 barrier_iteration=9 stage=6 derivative_s=0.001192800 first_order_s=0.000995800 second_order_s=0.000142600 algebra_s=0.001904500 kkt_assembly_s=0.000350000 factor_s=0.003217400 solve_s=0.000895000 update_s=0.001312500 K_nnz=5269 rhs_cols=52 Vxx_nnz=2601
FILTERDDP_TIMING iteration=61 barrier_iteration=9 stage=5 derivative_s=0.001507700 first_order_s=0.001342700 second_order_s=0.000120400 algebra_s=0.000802900 kkt_assembly_s=0.000502100 factor_s=0.006293300 solve_s=0.001172300 update_s=0.000272800 K_nnz=5269 rhs_cols=52 Vxx_nnz=2601
FILTERDDP_TIMING iteration=61 barrier_iteration=9 stage=4 derivative_s=0.000589200 first_order_s=0.000506200 second_order_s=0.000059500 algebra_s=0.000345300 kkt_assembly_s=0.000227100 factor_s=0.006472000 solve_s=0.000815200 update_s=0.000273000 K_nnz=5269 rhs_cols=52 Vxx_nnz=2601
FILTERDDP_TIMING iteration=61 barrier_iteration=9 stage=3 derivative_s=0.001379600 first_order_s=0.001194000 second_order_s=0.000144800 algebra_s=0.000696300 kkt_assembly_s=0.000453400 factor_s=0.006511800 solve_s=0.000964300 update_s=0.000285800 K_nnz=5269 rhs_cols=52 Vxx_nnz=2601
FILTERDDP_TIMING iteration=61 barrier_iteration=9 stage=2 derivative_s=0.001487400 first_order_s=0.001328200 second_order_s=0.000115400 algebra_s=0.000749900 kkt_assembly_s=0.000488200 factor_s=0.006216000 solve_s=0.000955300 update_s=0.000289400 K_nnz=5269 rhs_cols=52 Vxx_nnz=2601
FILTERDDP_TIMING iteration=61 barrier_iteration=9 stage=1 derivative_s=0.001512500 first_order_s=0.001358500 second_order_s=0.000111800 algebra_s=0.000740800 kkt_assembly_s=0.000476100 factor_s=0.006153200 solve_s=0.000940500 update_s=0.000269700 K_nnz=5269 rhs_cols=52 Vxx_nnz=2601
FILTERDDP_FEASIBILITY iteration=61 barrier_iteration=9 equality_count=3372 equality_rms=2.406852271037e-07 equality_max=4.997761320930e-06 equality_worst_stage=5 equality_worst_index=509 dynamics_count=255 dynamics_rms=0.000000000000e+00 dynamics_max=0.000000000000e+00 dynamics_worst_stage=0 dynamics_worst_index=0 bound_count=4902 bound_rms=0.000000000000e+00 bound_max=0.000000000000e+00 bound_worst_stage=0 bound_worst_index=0 bound_worst_kind=none
    61   3.14311764e+03   4.9978e-06   1.0824e-09   1.8141e-11   -7.25      -     2.5000e-01   0
FILTERDDP_ITER_TIMING iteration=61 barrier_iteration=9 backward_s=0.059985200 forward_s=0.013336800 total_s=0.073322000 outcome=accepted step_size=2.500000000e-01 backtracks=0 mu=5.663422933e-08
FILTERDDP_TIMING iteration=62 barrier_iteration=9 stage=6 derivative_s=0.001074200 first_order_s=0.000931100 second_order_s=0.000108000 algebra_s=0.002085900 kkt_assembly_s=0.000389700 factor_s=0.005811200 solve_s=0.000875900 update_s=0.001179100 K_nnz=5269 rhs_cols=52 Vxx_nnz=2601
FILTERDDP_TIMING iteration=62 barrier_iteration=9 stage=5 derivative_s=0.001644800 first_order_s=0.001475400 second_order_s=0.000122300 algebra_s=0.010215400 kkt_assembly_s=0.000458400 factor_s=0.006660300 solve_s=0.001038100 update_s=0.000301600 K_nnz=5269 rhs_cols=52 Vxx_nnz=2601
FILTERDDP_TIMING iteration=62 barrier_iteration=9 stage=4 derivative_s=0.001534300 first_order_s=0.001361300 second_order_s=0.000128300 algebra_s=0.000843500 kkt_assembly_s=0.000517000 factor_s=0.006087800 solve_s=0.001166700 update_s=0.000347800 K_nnz=5269 rhs_cols=52 Vxx_nnz=2601
FILTERDDP_TIMING iteration=62 barrier_iteration=9 stage=3 derivative_s=0.001363100 first_order_s=0.001149400 second_order_s=0.000148100 algebra_s=0.000693100 kkt_assembly_s=0.000427500 factor_s=0.005226500 solve_s=0.001044400 update_s=0.000297800 K_nnz=5269 rhs_cols=52 Vxx_nnz=2601
FILTERDDP_TIMING iteration=62 barrier_iteration=9 stage=2 derivative_s=0.001736900 first_order_s=0.001578800 second_order_s=0.000113300 algebra_s=0.000745200 kkt_assembly_s=0.000478200 factor_s=0.006834100 solve_s=0.001054800 update_s=0.000270300 K_nnz=5269 rhs_cols=52 Vxx_nnz=2601
FILTERDDP_TIMING iteration=62 barrier_iteration=9 stage=1 derivative_s=0.001469800 first_order_s=0.001284500 second_order_s=0.000143900 algebra_s=0.000775500 kkt_assembly_s=0.000479500 factor_s=0.006889800 solve_s=0.000859000 update_s=0.000333900 K_nnz=5269 rhs_cols=52 Vxx_nnz=2601
FILTERDDP_FEASIBILITY iteration=62 barrier_iteration=9 equality_count=3372 equality_rms=1.825393939991e-07 equality_max=3.802657199247e-06 equality_worst_stage=5 equality_worst_index=509 dynamics_count=255 dynamics_rms=0.000000000000e+00 dynamics_max=0.000000000000e+00 dynamics_worst_stage=0 dynamics_worst_index=0 bound_count=4902 bound_rms=0.000000000000e+00 bound_max=0.000000000000e+00 bound_worst_stage=0 bound_worst_index=0 bound_worst_kind=none
    62   3.14311724e+03   3.8027e-06   9.2989e-10   1.8141e-11   -7.25      -     2.5000e-01   0
FILTERDDP_ITER_TIMING iteration=62 barrier_iteration=9 backward_s=0.074506700 forward_s=0.016687900 total_s=0.091194600 outcome=accepted step_size=2.500000000e-01 backtracks=0 mu=5.663422933e-08
FILTERDDP_TIMING iteration=63 barrier_iteration=9 stage=6 derivative_s=0.001247000 first_order_s=0.001093700 second_order_s=0.000101300 algebra_s=0.002431300 kkt_assembly_s=0.000449400 factor_s=0.004828000 solve_s=0.000852900 update_s=0.001194500 K_nnz=5269 rhs_cols=52 Vxx_nnz=2601
FILTERDDP_TIMING iteration=63 barrier_iteration=9 stage=5 derivative_s=0.001530400 first_order_s=0.001322700 second_order_s=0.000159900 algebra_s=0.000789100 kkt_assembly_s=0.000638100 factor_s=0.007456200 solve_s=0.001027300 update_s=0.000311200 K_nnz=5269 rhs_cols=52 Vxx_nnz=2601
FILTERDDP_TIMING iteration=63 barrier_iteration=9 stage=4 derivative_s=0.001514600 first_order_s=0.001349100 second_order_s=0.000119500 algebra_s=0.000777200 kkt_assembly_s=0.000506900 factor_s=0.006631500 solve_s=0.000968900 update_s=0.000282700 K_nnz=5269 rhs_cols=52 Vxx_nnz=2601
FILTERDDP_TIMING iteration=63 barrier_iteration=9 stage=3 derivative_s=0.001494600 first_order_s=0.001334200 second_order_s=0.000116700 algebra_s=0.000746500 kkt_assembly_s=0.000485700 factor_s=0.006864700 solve_s=0.001086900 update_s=0.000284000 K_nnz=5269 rhs_cols=52 Vxx_nnz=2601
FILTERDDP_TIMING iteration=63 barrier_iteration=9 stage=2 derivative_s=0.001487600 first_order_s=0.001327500 second_order_s=0.000115800 algebra_s=0.000751600 kkt_assembly_s=0.000593600 factor_s=0.006666500 solve_s=0.001181300 update_s=0.000281600 K_nnz=5269 rhs_cols=52 Vxx_nnz=2601
FILTERDDP_TIMING iteration=63 barrier_iteration=9 stage=1 derivative_s=0.001671900 first_order_s=0.001444500 second_order_s=0.000153500 algebra_s=0.006403000 kkt_assembly_s=0.000491000 factor_s=0.006515500 solve_s=0.001231800 update_s=0.000388100 K_nnz=5269 rhs_cols=52 Vxx_nnz=2601
FILTERDDP_FEASIBILITY iteration=63 barrier_iteration=9 equality_count=3372 equality_rms=1.380475554196e-07 equality_max=2.882858073434e-06 equality_worst_stage=5 equality_worst_index=509 dynamics_count=255 dynamics_rms=0.000000000000e+00 dynamics_max=0.000000000000e+00 dynamics_worst_stage=0 dynamics_worst_index=0 bound_count=4902 bound_rms=0.000000000000e+00 bound_max=0.000000000000e+00 bound_worst_stage=0 bound_worst_index=0 bound_worst_kind=none
    63   3.14311695e+03   2.8829e-06   7.8740e-10   1.8141e-11   -7.25      -     2.5000e-01   0
FILTERDDP_ITER_TIMING iteration=63 barrier_iteration=9 backward_s=0.073401500 forward_s=0.013092100 total_s=0.086493600 outcome=accepted step_size=2.500000000e-01 backtracks=0 mu=5.663422933e-08
FILTERDDP_TIMING iteration=64 barrier_iteration=9 stage=6 derivative_s=0.001457400 first_order_s=0.001277300 second_order_s=0.000136500 algebra_s=0.003124900 kkt_assembly_s=0.000500300 factor_s=0.005379000 solve_s=0.001093600 update_s=0.001188900 K_nnz=5269 rhs_cols=52 Vxx_nnz=2601
FILTERDDP_TIMING iteration=64 barrier_iteration=9 stage=5 derivative_s=0.001577900 first_order_s=0.001404500 second_order_s=0.000122900 algebra_s=0.000808300 kkt_assembly_s=0.000556700 factor_s=0.006286800 solve_s=0.001242600 update_s=0.000342800 K_nnz=5269 rhs_cols=52 Vxx_nnz=2601
FILTERDDP_TIMING iteration=64 barrier_iteration=9 stage=4 derivative_s=0.001581400 first_order_s=0.001391400 second_order_s=0.000139800 algebra_s=0.000785700 kkt_assembly_s=0.000505400 factor_s=0.006274400 solve_s=0.001169800 update_s=0.000401000 K_nnz=5269 rhs_cols=52 Vxx_nnz=2601
FILTERDDP_TIMING iteration=64 barrier_iteration=9 stage=3 derivative_s=0.001693400 first_order_s=0.001494800 second_order_s=0.000143000 algebra_s=0.000824500 kkt_assembly_s=0.000535300 factor_s=0.007098800 solve_s=0.001124900 update_s=0.000325700 K_nnz=5269 rhs_cols=52 Vxx_nnz=2601
FILTERDDP_TIMING iteration=64 barrier_iteration=9 stage=2 derivative_s=0.001560500 first_order_s=0.001389600 second_order_s=0.000121200 algebra_s=0.007229400 kkt_assembly_s=0.000544900 factor_s=0.006112300 solve_s=0.001457100 update_s=0.000367700 K_nnz=5269 rhs_cols=52 Vxx_nnz=2601
FILTERDDP_TIMING iteration=64 barrier_iteration=9 stage=1 derivative_s=0.001588800 first_order_s=0.001417500 second_order_s=0.000122000 algebra_s=0.000952300 kkt_assembly_s=0.000545700 factor_s=0.006240900 solve_s=0.000913600 update_s=0.000291400 K_nnz=5269 rhs_cols=52 Vxx_nnz=2601
FILTERDDP_FEASIBILITY iteration=64 barrier_iteration=9 equality_count=3372 equality_rms=1.041800797362e-07 equality_max=2.179492547412e-06 equality_worst_stage=5 equality_worst_index=509 dynamics_count=255 dynamics_rms=0.000000000000e+00 dynamics_max=0.000000000000e+00 dynamics_worst_stage=0 dynamics_worst_index=0 bound_count=4902 bound_rms=0.000000000000e+00 bound_max=0.000000000000e+00 bound_worst_stage=0 bound_worst_index=0 bound_worst_kind=none
    64   3.14311673e+03   2.1795e-06   6.5883e-10   1.8141e-11   -7.25      -     2.5000e-01   0
FILTERDDP_ITER_TIMING iteration=64 barrier_iteration=9 backward_s=0.075109200 forward_s=0.011362400 total_s=0.086471600 outcome=accepted step_size=2.500000000e-01 backtracks=0 mu=5.663422933e-08
FILTERDDP_TIMING iteration=65 barrier_iteration=9 stage=6 derivative_s=0.001244700 first_order_s=0.001095900 second_order_s=0.000105400 algebra_s=0.002167900 kkt_assembly_s=0.000438800 factor_s=0.004165100 solve_s=0.000911000 update_s=0.000656300 K_nnz=5269 rhs_cols=52 Vxx_nnz=2601
FILTERDDP_TIMING iteration=65 barrier_iteration=9 stage=5 derivative_s=0.000646400 first_order_s=0.000553000 second_order_s=0.000055000 algebra_s=0.000373300 kkt_assembly_s=0.000217400 factor_s=0.003260200 solve_s=0.001386700 update_s=0.000323600 K_nnz=5269 rhs_cols=52 Vxx_nnz=2601
FILTERDDP_TIMING iteration=65 barrier_iteration=9 stage=4 derivative_s=0.001629100 first_order_s=0.001480500 second_order_s=0.000103300 algebra_s=0.000557400 kkt_assembly_s=0.000368300 factor_s=0.004593000 solve_s=0.001028600 update_s=0.000242700 K_nnz=5269 rhs_cols=52 Vxx_nnz=2601
FILTERDDP_TIMING iteration=65 barrier_iteration=9 stage=3 derivative_s=0.001313100 first_order_s=0.001166900 second_order_s=0.000085700 algebra_s=0.000655700 kkt_assembly_s=0.000447400 factor_s=0.010160400 solve_s=0.000615200 update_s=0.000302400 K_nnz=5269 rhs_cols=52 Vxx_nnz=2601
FILTERDDP_TIMING iteration=65 barrier_iteration=9 stage=2 derivative_s=0.001357300 first_order_s=0.001199400 second_order_s=0.000112300 algebra_s=0.000712000 kkt_assembly_s=0.000488200 factor_s=0.005273900 solve_s=0.000736500 update_s=0.000291500 K_nnz=5269 rhs_cols=52 Vxx_nnz=2601
FILTERDDP_TIMING iteration=65 barrier_iteration=9 stage=1 derivative_s=0.001232800 first_order_s=0.001105400 second_order_s=0.000077000 algebra_s=0.000464200 kkt_assembly_s=0.000276700 factor_s=0.003292200 solve_s=0.000564200 update_s=0.000203500 K_nnz=5269 rhs_cols=52 Vxx_nnz=2601
FILTERDDP_FEASIBILITY iteration=65 barrier_iteration=9 equality_count=3372 equality_rms=7.849800795420e-08 equality_max=1.644249875622e-06 equality_worst_stage=5 equality_worst_index=509 dynamics_count=255 dynamics_rms=0.000000000000e+00 dynamics_max=0.000000000000e+00 dynamics_worst_stage=0 dynamics_worst_index=0 bound_count=4902 bound_rms=0.000000000000e+00 bound_max=0.000000000000e+00 bound_worst_stage=0 bound_worst_index=0 bound_worst_kind=none
    65   3.14311656e+03   1.6442e-06   5.4576e-10   1.8141e-11   -7.25      -     2.5000e-01   0
FILTERDDP_ITER_TIMING iteration=65 barrier_iteration=9 backward_s=0.053614300 forward_s=0.006383500 total_s=0.059997800 outcome=accepted step_size=2.500000000e-01 backtracks=0 mu=5.663422933e-08
FILTERDDP_TIMING iteration=66 barrier_iteration=9 stage=6 derivative_s=0.000487200 first_order_s=0.000388200 second_order_s=0.000066800 algebra_s=0.001120100 kkt_assembly_s=0.000212100 factor_s=0.002008100 solve_s=0.000435400 update_s=0.000518100 K_nnz=5269 rhs_cols=52 Vxx_nnz=2601
FILTERDDP_TIMING iteration=66 barrier_iteration=9 stage=5 derivative_s=0.000559100 first_order_s=0.000482500 second_order_s=0.000055200 algebra_s=0.000300200 kkt_assembly_s=0.000192300 factor_s=0.002212900 solve_s=0.000429300 update_s=0.000153500 K_nnz=5269 rhs_cols=52 Vxx_nnz=2601
FILTERDDP_TIMING iteration=66 barrier_iteration=9 stage=4 derivative_s=0.000562100 first_order_s=0.000491700 second_order_s=0.000051400 algebra_s=0.000293500 kkt_assembly_s=0.000215600 factor_s=0.038301300 solve_s=0.000514200 update_s=0.000368700 K_nnz=5269 rhs_cols=52 Vxx_nnz=2601
FILTERDDP_TIMING iteration=66 barrier_iteration=9 stage=3 derivative_s=0.001407000 first_order_s=0.001255200 second_order_s=0.000108600 algebra_s=0.000690300 kkt_assembly_s=0.000448500 factor_s=0.005597700 solve_s=0.000835500 update_s=0.000235700 K_nnz=5269 rhs_cols=52 Vxx_nnz=2601
FILTERDDP_TIMING iteration=66 barrier_iteration=9 stage=2 derivative_s=0.001118000 first_order_s=0.000996800 second_order_s=0.000087400 algebra_s=0.000618700 kkt_assembly_s=0.000354000 factor_s=0.004590800 solve_s=0.000654500 update_s=0.000278300 K_nnz=5269 rhs_cols=52 Vxx_nnz=2601
FILTERDDP_TIMING iteration=66 barrier_iteration=9 stage=1 derivative_s=0.001531400 first_order_s=0.001375100 second_order_s=0.000113600 algebra_s=0.000763300 kkt_assembly_s=0.000468700 factor_s=0.006053100 solve_s=0.000799300 update_s=0.000257700 K_nnz=5269 rhs_cols=52 Vxx_nnz=2601
FILTERDDP_FEASIBILITY iteration=66 barrier_iteration=9 equality_count=3372 equality_rms=5.907763411033e-08 equality_max=1.238455240631e-06 equality_worst_stage=5 equality_worst_index=509 dynamics_count=255 dynamics_rms=0.000000000000e+00 dynamics_max=0.000000000000e+00 dynamics_worst_stage=0 dynamics_worst_index=0 bound_count=4902 bound_rms=0.000000000000e+00 bound_max=0.000000000000e+00 bound_worst_stage=0 bound_worst_index=0 bound_worst_kind=none
    66   3.14311643e+03   1.2385e-06   4.4826e-10   1.8141e-11   -7.25      -     2.5000e-01   0
FILTERDDP_ITER_TIMING iteration=66 barrier_iteration=9 backward_s=0.076573300 forward_s=0.011624800 total_s=0.088198100 outcome=accepted step_size=2.500000000e-01 backtracks=0 mu=5.663422933e-08
FILTERDDP_TIMING iteration=67 barrier_iteration=9 stage=6 derivative_s=0.001343900 first_order_s=0.001186500 second_order_s=0.000120300 algebra_s=0.002191200 kkt_assembly_s=0.000464900 factor_s=0.075536700 solve_s=0.000480000 update_s=0.000486000 K_nnz=5269 rhs_cols=52 Vxx_nnz=2601
FILTERDDP_TIMING iteration=67 barrier_iteration=9 stage=5 derivative_s=0.000580200 first_order_s=0.000504600 second_order_s=0.000053200 algebra_s=0.000293900 kkt_assembly_s=0.000196800 factor_s=0.001975300 solve_s=0.000349200 update_s=0.000139600 K_nnz=5269 rhs_cols=52 Vxx_nnz=2601
FILTERDDP_TIMING iteration=67 barrier_iteration=9 stage=4 derivative_s=0.000668800 first_order_s=0.000592600 second_order_s=0.000052200 algebra_s=0.000382700 kkt_assembly_s=0.000187000 factor_s=0.002008500 solve_s=0.000355400 update_s=0.000147600 K_nnz=5269 rhs_cols=52 Vxx_nnz=2601
FILTERDDP_TIMING iteration=67 barrier_iteration=9 stage=3 derivative_s=0.000517300 first_order_s=0.000457400 second_order_s=0.000041300 algebra_s=0.000281700 kkt_assembly_s=0.000169500 factor_s=0.001914700 solve_s=0.000341500 update_s=0.000128800 K_nnz=5269 rhs_cols=52 Vxx_nnz=2601
FILTERDDP_TIMING iteration=67 barrier_iteration=9 stage=2 derivative_s=0.000506600 first_order_s=0.000450500 second_order_s=0.000040400 algebra_s=0.000258400 kkt_assembly_s=0.000169400 factor_s=0.001906100 solve_s=0.000365700 update_s=0.000121200 K_nnz=5269 rhs_cols=52 Vxx_nnz=2601
FILTERDDP_TIMING iteration=67 barrier_iteration=9 stage=1 derivative_s=0.000501300 first_order_s=0.000447200 second_order_s=0.000039100 algebra_s=0.000261100 kkt_assembly_s=0.000166200 factor_s=0.001936900 solve_s=0.000350900 update_s=0.000116900 K_nnz=5269 rhs_cols=52 Vxx_nnz=2601
FILTERDDP_FEASIBILITY iteration=67 barrier_iteration=9 equality_count=3372 equality_rms=4.442282411313e-08 equality_max=9.316775226699e-07 equality_worst_stage=5 equality_worst_index=509 dynamics_count=255 dynamics_rms=0.000000000000e+00 dynamics_max=0.000000000000e+00 dynamics_worst_stage=0 dynamics_worst_index=0 bound_count=4902 bound_rms=0.000000000000e+00 bound_max=0.000000000000e+00 bound_worst_stage=0 bound_worst_index=0 bound_worst_kind=none
FILTERDDP_ITER_TIMING iteration=67 barrier_iteration=9 backward_s=0.098380100 forward_s=0.000000000 total_s=0.098380100 outcome=near_optimal step_size=2.500000000e-01 backtracks=0 mu=5.663422933e-08
    67   3.14311634e+03   9.3168e-07   3.6550e-10   1.8141e-11   -7.25      -     2.5000e-01   0
FILTERDDP_NEAR_OPT iteration=67 elapsed_s=23.620 objective=3143.116340896885 reference=3143.115906497067 rel_gap=1.382e-07 primal_inf=9.317e-07 dual_inf=3.655e-10 mu=5.663e-08
    67   3.14311634e+03   9.3168e-07   3.6550e-10   1.8141e-11   -7.25      -     2.5000e-01   0


EXIT: Near-optimal: feasible and within the gap of the centralized reference.

solve complete: 26.434 s, iterations=67, status=9
final residuals: primal=9.316775226699e-07 dual=3.654972450518e-10 complementarity=1.814104341230e-11
saved_solution=C:\Users\Aryan Ritwajeet Jha\Documents\documents_general\MultiPeriodDistOPF\.claude\worktrees\new-session-a7b7a2\ddp\results\network_filterddp\filterddp_solution_ieee123C_1ph_T6_periodic_CB1e-3.jls
FilterDDP objective=3143.116340896883 max_equality_residual=9.317e-07
Ipopt objective=2973.553340644326 objective_gap=1.696e+02
max_abs_diff[P_Subs]=3.804e-01
max_abs_diff[Q_Subs]=4.004e-02
max_abs_diff[P]=3.804e-01
max_abs_diff[Q]=4.004e-02
max_abs_diff[v]=1.972e-02
max_abs_diff[ell]=5.782e-01
max_abs_diff[P_B]=1.058e-02
max_abs_diff[B]=2.773e-02
max_abs_diff[q_D]=3.502e-03
wrote ddp/results/kkt_ordering/fullrun_blocked/trace_ieee123C_1ph_T6_diag_tableII_jt8_blocked_w16_r1.csv (68 unique iterations)
