QUIET_WAIT waited_s=18 other_cores=0.67 timed_out=0
PIPELINE_ENV system=large10kC_1ph T=6 arm=exact variant=blocked_w16 repeat=1 cb=system blocked_solve=16 direct_diag=1 triplet=1 kkt_pattern_cache=1 factor_backed=1 typed_equations=1 structured_dynamics=1 tree_kkt=1 blas_threads=10 julia_threads=8 near_opt_reference=3114759.071611338295 near_opt_primal=1e-4 started=2026-10-05T00:27:40
C_B OVERRIDE: 2.4e-05
large10kC_1ph T=6: nx=1020, nu=54665, nc=42303, dense nu^2=2988262225, reduced=12362
TERMINAL_SOC soft=1 gamma=4.200000e+02
build complete: 22.893 s, nc=42303
constructing dynamic Solver storage...
optimality_tolerance=1.000e-07 max_iterations=400
Solver construction complete: 0.334 s
entering solve! ...
[31;1m   
 _____ _ _ _            ____  ____  ____  
|  ___(_) | |_ ___ _ __|  _ \|  _ \|  _ \ 
| |_  | | | __/ _ \ '__| | | | | | | |_) |
|  _| | | | ||  __/ |  | |_| | |_| |  __/ 
|_|   |_|_|\__\___|_|  |____/|____/|_|                 
    
[0mTREE_KKT layout: nodes=10321 feeders=102 nE=2040 groups=102 max_own=10 max_iface=3
FILTERDDP_TIMING iteration=0 barrier_iteration=0 stage=6 derivative_s=0.303810100 first_order_s=0.065755700 second_order_s=0.138922300 algebra_s=1.374176700 kkt_assembly_s=1.391784000 factor_s=5.330314200 solve_s=1.569646800 update_s=0.450906000 K_nnz=413715 rhs_cols=1 Vxx_nnz=1040400
FILTERDDP_TIMING iteration=0 barrier_iteration=0 stage=5 derivative_s=0.069618000 first_order_s=0.032809900 second_order_s=0.036168400 algebra_s=0.072906300 kkt_assembly_s=0.133944700 factor_s=0.270586200 solve_s=0.151145700 update_s=0.007800400 K_nnz=413715 rhs_cols=1 Vxx_nnz=1040400
FILTERDDP_TIMING iteration=0 barrier_iteration=0 stage=4 derivative_s=0.021709600 first_order_s=0.005010600 second_order_s=0.016335700 algebra_s=0.172150300 kkt_assembly_s=0.095905600 factor_s=0.173320200 solve_s=0.138180100 update_s=0.006843200 K_nnz=413715 rhs_cols=1 Vxx_nnz=1040400
FILTERDDP_TIMING iteration=0 barrier_iteration=0 stage=3 derivative_s=0.054898400 first_order_s=0.005047500 second_order_s=0.049538400 algebra_s=0.142965400 kkt_assembly_s=0.099920400 factor_s=0.153669400 solve_s=0.192674300 update_s=0.008766200 K_nnz=413715 rhs_cols=1 Vxx_nnz=1040400
FILTERDDP_TIMING iteration=0 barrier_iteration=0 stage=2 derivative_s=0.014965000 first_order_s=0.004984600 second_order_s=0.009663500 algebra_s=0.137521700 kkt_assembly_s=0.105348200 factor_s=0.174106700 solve_s=0.270932800 update_s=0.008604700 K_nnz=413715 rhs_cols=1 Vxx_nnz=1040400
FILTERDDP_TIMING iteration=0 barrier_iteration=0 stage=1 derivative_s=0.014501100 first_order_s=0.005053600 second_order_s=0.009133700 algebra_s=0.042301400 kkt_assembly_s=0.105434900 factor_s=0.188597600 solve_s=0.187277800 update_s=0.009168000 K_nnz=413715 rhs_cols=1 Vxx_nnz=1040400
FILTERDDP_FEASIBILITY iteration=0 barrier_iteration=0 equality_count=253818 equality_rms=4.507823244346e-02 equality_max=1.000000000000e+00 equality_worst_stage=6 equality_worst_index=1 dynamics_count=5100 dynamics_rms=0.000000000000e+00 dynamics_max=0.000000000000e+00 dynamics_worst_stage=0 dynamics_worst_index=0 bound_count=284442 bound_rms=0.000000000000e+00 bound_max=0.000000000000e+00 bound_worst_stage=0 bound_worst_index=0 bound_worst_kind=none
  iter     objective        pr_inf       du_inf       cs_inf     lg(μ)   lg(reg)    alpha     ls
     0   3.36000000e+03   1.0000e+00   7.6685e+02   1.0000e+00    0.00      -     0.0000e+00   0
FILTERDDP_ITER_TIMING iteration=0 barrier_iteration=0 backward_s=22.372538600 forward_s=1.527119000 total_s=23.899657600 outcome=accepted step_size=4.882812500e-04 backtracks=0 mu=1.000000000e+00
FILTERDDP_TIMING iteration=1 barrier_iteration=0 stage=6 derivative_s=0.017205400 first_order_s=0.005042100 second_order_s=0.011857100 algebra_s=0.055084000 kkt_assembly_s=0.011469800 factor_s=0.190086200 solve_s=0.186477700 update_s=0.009620500 K_nnz=413715 rhs_cols=1 Vxx_nnz=1040400
FILTERDDP_TIMING iteration=1 barrier_iteration=0 stage=5 derivative_s=0.020314000 first_order_s=0.008142900 second_order_s=0.011664000 algebra_s=0.150216100 kkt_assembly_s=0.003276800 factor_s=0.129480900 solve_s=0.129543600 update_s=0.008893800 K_nnz=413715 rhs_cols=1 Vxx_nnz=1040400
FILTERDDP_TIMING iteration=1 barrier_iteration=0 stage=4 derivative_s=0.014721800 first_order_s=0.005043600 second_order_s=0.009361200 algebra_s=0.083148700 kkt_assembly_s=0.002676000 factor_s=0.282703000 solve_s=0.132907900 update_s=0.007665600 K_nnz=413715 rhs_cols=1 Vxx_nnz=1040400
FILTERDDP_TIMING iteration=1 barrier_iteration=0 stage=3 derivative_s=0.027718800 first_order_s=0.005080700 second_order_s=0.022334100 algebra_s=0.037769700 kkt_assembly_s=0.003438400 factor_s=0.182019200 solve_s=0.184264800 update_s=0.009492100 K_nnz=413715 rhs_cols=1 Vxx_nnz=1040400
FILTERDDP_TIMING iteration=1 barrier_iteration=0 stage=2 derivative_s=0.022639700 first_order_s=0.008330900 second_order_s=0.013734400 algebra_s=0.157442400 kkt_assembly_s=0.002677300 factor_s=0.157843600 solve_s=0.153167800 update_s=0.008802400 K_nnz=413715 rhs_cols=1 Vxx_nnz=1040400
FILTERDDP_TIMING iteration=1 barrier_iteration=0 stage=1 derivative_s=0.015417700 first_order_s=0.005587600 second_order_s=0.009502300 algebra_s=0.050611700 kkt_assembly_s=0.003061100 factor_s=0.190594700 solve_s=0.129429600 update_s=0.006502800 K_nnz=413715 rhs_cols=1 Vxx_nnz=1040400
FILTERDDP_FEASIBILITY iteration=1 barrier_iteration=0 equality_count=253818 equality_rms=4.505622165892e-02 equality_max=9.995117187500e-01 equality_worst_stage=4 equality_worst_index=1 dynamics_count=5100 dynamics_rms=0.000000000000e+00 dynamics_max=0.000000000000e+00 dynamics_worst_stage=0 dynamics_worst_index=0 bound_count=284442 bound_rms=0.000000000000e+00 bound_max=0.000000000000e+00 bound_worst_stage=0 bound_worst_index=0 bound_worst_kind=none
     1   4.79868047e+03   9.9951e-01   7.6647e+02   1.0000e+00    0.00      -     4.8828e-04   0
FILTERDDP_ITER_TIMING iteration=1 barrier_iteration=0 backward_s=2.784463200 forward_s=0.524017000 total_s=3.308480200 outcome=accepted step_size=9.765625000e-04 backtracks=0 mu=1.000000000e+00
FILTERDDP_TIMING iteration=2 barrier_iteration=0 stage=6 derivative_s=0.028650100 first_order_s=0.005391700 second_order_s=0.022959900 algebra_s=0.048182700 kkt_assembly_s=0.002920700 factor_s=0.165903800 solve_s=0.162808100 update_s=0.055573500 K_nnz=413715 rhs_cols=1 Vxx_nnz=1040400
FILTERDDP_TIMING iteration=2 barrier_iteration=0 stage=5 derivative_s=0.015210500 first_order_s=0.005107400 second_order_s=0.009713300 algebra_s=0.150725300 kkt_assembly_s=0.002660800 factor_s=0.157774000 solve_s=0.125110800 update_s=0.007775000 K_nnz=413715 rhs_cols=1 Vxx_nnz=1040400
FILTERDDP_TIMING iteration=2 barrier_iteration=0 stage=4 derivative_s=0.036107100 first_order_s=0.005039200 second_order_s=0.030745100 algebra_s=0.036117000 kkt_assembly_s=0.004847200 factor_s=0.235496000 solve_s=0.135223900 update_s=0.009893500 K_nnz=413715 rhs_cols=1 Vxx_nnz=1040400
FILTERDDP_TIMING iteration=2 barrier_iteration=0 stage=3 derivative_s=0.133283000 first_order_s=0.005322700 second_order_s=0.127654700 algebra_s=0.036382200 kkt_assembly_s=0.002817600 factor_s=0.146723600 solve_s=0.138353100 update_s=0.006506700 K_nnz=413715 rhs_cols=1 Vxx_nnz=1040400
FILTERDDP_TIMING iteration=2 barrier_iteration=0 stage=2 derivative_s=0.012071800 first_order_s=0.004883600 second_order_s=0.006871400 algebra_s=0.083811900 kkt_assembly_s=0.003120000 factor_s=0.260597700 solve_s=0.124085100 update_s=0.008168700 K_nnz=413715 rhs_cols=1 Vxx_nnz=1040400
FILTERDDP_TIMING iteration=2 barrier_iteration=0 stage=1 derivative_s=0.015682400 first_order_s=0.007284100 second_order_s=0.007941100 algebra_s=0.066711200 kkt_assembly_s=0.005251500 factor_s=0.170066400 solve_s=0.160677300 update_s=0.007052000 K_nnz=413715 rhs_cols=1 Vxx_nnz=1040400
FILTERDDP_FEASIBILITY iteration=2 barrier_iteration=0 equality_count=253818 equality_rms=4.501222378129e-02 equality_max=9.985356330872e-01 equality_worst_stage=5 equality_worst_index=1 dynamics_count=5100 dynamics_rms=0.000000000000e+00 dynamics_max=0.000000000000e+00 dynamics_worst_stage=0 dynamics_worst_index=0 bound_count=284442 bound_rms=0.000000000000e+00 bound_max=0.000000000000e+00 bound_worst_stage=0 bound_worst_index=0 bound_worst_kind=none
     2   7.53525270e+03   9.9854e-01   7.6572e+02   1.0000e+00    0.00      -     9.7656e-04   0
FILTERDDP_ITER_TIMING iteration=2 barrier_iteration=0 backward_s=2.769165300 forward_s=0.544885600 total_s=3.314050900 outcome=accepted step_size=9.765625000e-04 backtracks=0 mu=1.000000000e+00
FILTERDDP_TIMING iteration=3 barrier_iteration=0 stage=6 derivative_s=0.141493800 first_order_s=0.005259600 second_order_s=0.135923100 algebra_s=0.040227700 kkt_assembly_s=0.002647900 factor_s=0.153730000 solve_s=0.134291200 update_s=0.008121000 K_nnz=413715 rhs_cols=1 Vxx_nnz=1040400
FILTERDDP_TIMING iteration=3 barrier_iteration=0 stage=5 derivative_s=0.019512500 first_order_s=0.005246500 second_order_s=0.013959300 algebra_s=0.085546000 kkt_assembly_s=0.003030900 factor_s=0.163314600 solve_s=0.243572300 update_s=0.006524600 K_nnz=413715 rhs_cols=1 Vxx_nnz=1040400
FILTERDDP_TIMING iteration=3 barrier_iteration=0 stage=4 derivative_s=0.012863800 first_order_s=0.005217100 second_order_s=0.007335900 algebra_s=0.035938800 kkt_assembly_s=0.002628600 factor_s=0.171137700 solve_s=0.129533400 update_s=0.009506700 K_nnz=413715 rhs_cols=1 Vxx_nnz=1040400
FILTERDDP_TIMING iteration=3 barrier_iteration=0 stage=3 derivative_s=0.015098900 first_order_s=0.004977100 second_order_s=0.009810900 algebra_s=0.091936500 kkt_assembly_s=0.003126700 factor_s=0.170834900 solve_s=0.243919700 update_s=0.009209100 K_nnz=413715 rhs_cols=1 Vxx_nnz=1040400
FILTERDDP_TIMING iteration=3 barrier_iteration=0 stage=2 derivative_s=0.014209900 first_order_s=0.005002200 second_order_s=0.008876100 algebra_s=0.036187400 kkt_assembly_s=0.002732400 factor_s=0.181173200 solve_s=0.116841000 update_s=0.008741400 K_nnz=413715 rhs_cols=1 Vxx_nnz=1040400
FILTERDDP_TIMING iteration=3 barrier_iteration=0 stage=1 derivative_s=0.015124500 first_order_s=0.004891200 second_order_s=0.009918300 algebra_s=0.086534200 kkt_assembly_s=0.002727300 factor_s=0.260848900 solve_s=0.139751900 update_s=0.011407600 K_nnz=413715 rhs_cols=1 Vxx_nnz=1040400
FILTERDDP_FEASIBILITY iteration=3 barrier_iteration=0 equality_count=253818 equality_rms=4.496827470865e-02 equality_max=9.975605006330e-01 equality_worst_stage=5 equality_worst_index=1 dynamics_count=5100 dynamics_rms=0.000000000000e+00 dynamics_max=0.000000000000e+00 dynamics_worst_stage=0 dynamics_worst_index=0 bound_count=284442 bound_rms=0.000000000000e+00 bound_max=0.000000000000e+00 bound_worst_stage=0 bound_worst_index=0 bound_worst_kind=none
     3   1.00837202e+04   9.9756e-01   7.6498e+02   1.0000e+00    0.00      -     9.7656e-04   0
FILTERDDP_ITER_TIMING iteration=3 barrier_iteration=0 backward_s=2.780965600 forward_s=0.409187300 total_s=3.190152900 outcome=accepted step_size=1.953125000e-03 backtracks=0 mu=1.000000000e+00
FILTERDDP_TIMING iteration=4 barrier_iteration=0 stage=6 derivative_s=0.024866300 first_order_s=0.006315500 second_order_s=0.018120800 algebra_s=0.046206200 kkt_assembly_s=0.002662500 factor_s=0.168725600 solve_s=0.188578300 update_s=0.008871000 K_nnz=413715 rhs_cols=1 Vxx_nnz=1040400
FILTERDDP_TIMING iteration=4 barrier_iteration=0 stage=5 derivative_s=0.015271300 first_order_s=0.005156100 second_order_s=0.009822700 algebra_s=0.151002000 kkt_assembly_s=0.003515400 factor_s=0.168464600 solve_s=0.136476100 update_s=0.009052000 K_nnz=413715 rhs_cols=1 Vxx_nnz=1040400
FILTERDDP_TIMING iteration=4 barrier_iteration=0 stage=4 derivative_s=0.038657400 first_order_s=0.004751100 second_order_s=0.033591200 algebra_s=0.037750700 kkt_assembly_s=0.004819000 factor_s=0.237713400 solve_s=0.130193000 update_s=0.013318000 K_nnz=413715 rhs_cols=1 Vxx_nnz=1040400
FILTERDDP_TIMING iteration=4 barrier_iteration=0 stage=3 derivative_s=0.013147800 first_order_s=0.005553200 second_order_s=0.007290600 algebra_s=0.147656200 kkt_assembly_s=0.002544600 factor_s=0.163306000 solve_s=0.161114000 update_s=0.008344700 K_nnz=413715 rhs_cols=1 Vxx_nnz=1040400
FILTERDDP_TIMING iteration=4 barrier_iteration=0 stage=2 derivative_s=0.015216300 first_order_s=0.005008400 second_order_s=0.009817800 algebra_s=0.037030600 kkt_assembly_s=0.002801200 factor_s=0.217169200 solve_s=0.136800900 update_s=0.007404300 K_nnz=413715 rhs_cols=1 Vxx_nnz=1040400
FILTERDDP_TIMING iteration=4 barrier_iteration=0 stage=1 derivative_s=0.128874500 first_order_s=0.005150600 second_order_s=0.123415700 algebra_s=0.033859800 kkt_assembly_s=0.002964400 factor_s=0.163512600 solve_s=0.170497800 update_s=0.007911000 K_nnz=413715 rhs_cols=1 Vxx_nnz=1040400
FILTERDDP_FEASIBILITY iteration=4 barrier_iteration=0 equality_count=253818 equality_rms=4.488053668245e-02 equality_max=9.956121402802e-01 equality_worst_stage=5 equality_worst_index=1 dynamics_count=5100 dynamics_rms=0.000000000000e+00 dynamics_max=0.000000000000e+00 dynamics_worst_stage=0 dynamics_worst_index=0 bound_count=284442 bound_rms=0.000000000000e+00 bound_max=0.000000000000e+00 bound_worst_stage=0 bound_worst_index=0 bound_worst_kind=none
     4   1.51653103e+04   9.9561e-01   7.6348e+02   1.0000e+00    0.00      -     1.9531e-03   0
FILTERDDP_ITER_TIMING iteration=4 barrier_iteration=0 backward_s=2.814720100 forward_s=0.359542900 total_s=3.174263000 outcome=accepted step_size=3.906250000e-03 backtracks=0 mu=1.000000000e+00
FILTERDDP_TIMING iteration=5 barrier_iteration=0 stage=6 derivative_s=0.015918500 first_order_s=0.004832200 second_order_s=0.010798100 algebra_s=0.143329500 kkt_assembly_s=0.002670400 factor_s=0.160748900 solve_s=0.143667500 update_s=0.008885000 K_nnz=413715 rhs_cols=1 Vxx_nnz=1040400
FILTERDDP_TIMING iteration=5 barrier_iteration=0 stage=5 derivative_s=0.015144500 first_order_s=0.004782100 second_order_s=0.010063500 algebra_s=0.056002400 kkt_assembly_s=0.004537200 factor_s=0.180221400 solve_s=0.189050400 update_s=0.007506000 K_nnz=413715 rhs_cols=1 Vxx_nnz=1040400
FILTERDDP_TIMING iteration=5 barrier_iteration=0 stage=4 derivative_s=0.013150700 first_order_s=0.005245900 second_order_s=0.007597600 algebra_s=0.160118300 kkt_assembly_s=0.002936300 factor_s=0.150995500 solve_s=0.140933600 update_s=0.009359500 K_nnz=413715 rhs_cols=1 Vxx_nnz=1040400
FILTERDDP_TIMING iteration=5 barrier_iteration=0 stage=3 derivative_s=0.012155500 first_order_s=0.004906400 second_order_s=0.006932300 algebra_s=0.086527300 kkt_assembly_s=0.003387300 factor_s=0.183652000 solve_s=0.208173800 update_s=0.009570800 K_nnz=413715 rhs_cols=1 Vxx_nnz=1040400
FILTERDDP_TIMING iteration=5 barrier_iteration=0 stage=2 derivative_s=0.015109500 first_order_s=0.005030500 second_order_s=0.009788800 algebra_s=0.148161500 kkt_assembly_s=0.002608200 factor_s=0.147154200 solve_s=0.137961400 update_s=0.007333700 K_nnz=413715 rhs_cols=1 Vxx_nnz=1040400
FILTERDDP_TIMING iteration=5 barrier_iteration=0 stage=1 derivative_s=0.015167100 first_order_s=0.005073300 second_order_s=0.009780500 algebra_s=0.059413400 kkt_assembly_s=0.005292700 factor_s=0.178016900 solve_s=0.189787900 update_s=0.007076900 K_nnz=413715 rhs_cols=1 Vxx_nnz=1040400
FILTERDDP_FEASIBILITY iteration=5 barrier_iteration=0 equality_count=253818 equality_rms=4.470635884620e-02 equality_max=9.917230303572e-01 equality_worst_stage=6 equality_worst_index=1 dynamics_count=5100 dynamics_rms=0.000000000000e+00 dynamics_max=0.000000000000e+00 dynamics_worst_stage=0 dynamics_worst_index=0 bound_count=284442 bound_rms=0.000000000000e+00 bound_max=0.000000000000e+00 bound_worst_stage=0 bound_worst_index=0 bound_worst_kind=none
     5   2.54789617e+04   9.9172e-01   7.6050e+02   1.0000e+00    0.00      -     3.9062e-03   0
FILTERDDP_ITER_TIMING iteration=5 barrier_iteration=0 backward_s=2.890735000 forward_s=0.454083100 total_s=3.344818100 outcome=accepted step_size=7.812500000e-03 backtracks=0 mu=1.000000000e+00
FILTERDDP_TIMING iteration=6 barrier_iteration=0 stage=6 derivative_s=0.016494700 first_order_s=0.004879400 second_order_s=0.011304200 algebra_s=0.040577500 kkt_assembly_s=0.005758600 factor_s=0.209589000 solve_s=0.145120200 update_s=0.007115000 K_nnz=413715 rhs_cols=1 Vxx_nnz=1040400
FILTERDDP_TIMING iteration=6 barrier_iteration=0 stage=5 derivative_s=0.012547700 first_order_s=0.005232700 second_order_s=0.006982500 algebra_s=0.047866300 kkt_assembly_s=0.002746100 factor_s=0.170573100 solve_s=0.204489700 update_s=0.006554700 K_nnz=413715 rhs_cols=1 Vxx_nnz=1040400
FILTERDDP_TIMING iteration=6 barrier_iteration=0 stage=4 derivative_s=0.012007600 first_order_s=0.005048100 second_order_s=0.006635000 algebra_s=0.145933300 kkt_assembly_s=0.003675100 factor_s=0.140580900 solve_s=0.148592800 update_s=0.015232800 K_nnz=413715 rhs_cols=1 Vxx_nnz=1040400
FILTERDDP_TIMING iteration=6 barrier_iteration=0 stage=3 derivative_s=0.014609600 first_order_s=0.004848200 second_order_s=0.009473600 algebra_s=0.037266600 kkt_assembly_s=0.002674400 factor_s=0.217144800 solve_s=0.146342300 update_s=0.006681200 K_nnz=413715 rhs_cols=1 Vxx_nnz=1040400
FILTERDDP_TIMING iteration=6 barrier_iteration=0 stage=2 derivative_s=0.012029300 first_order_s=0.004917400 second_order_s=0.006811000 algebra_s=0.158875300 kkt_assembly_s=0.003556500 factor_s=0.152812200 solve_s=0.130042800 update_s=0.037277100 K_nnz=413715 rhs_cols=1 Vxx_nnz=1040400
FILTERDDP_TIMING iteration=6 barrier_iteration=0 stage=1 derivative_s=0.015264300 first_order_s=0.005275400 second_order_s=0.009689200 algebra_s=0.036381000 kkt_assembly_s=0.002622600 factor_s=0.216144100 solve_s=0.138770100 update_s=0.009051600 K_nnz=413715 rhs_cols=1 Vxx_nnz=1040400
FILTERDDP_FEASIBILITY iteration=6 barrier_iteration=0 equality_count=253818 equality_rms=4.437074844467e-02 equality_max=9.839751941825e-01 equality_worst_stage=1 equality_worst_index=1 dynamics_count=5100 dynamics_rms=0.000000000000e+00 dynamics_max=0.000000000000e+00 dynamics_worst_stage=0 dynamics_worst_index=0 bound_count=284442 bound_rms=0.000000000000e+00 bound_max=0.000000000000e+00 bound_worst_stage=0 bound_worst_index=0 bound_worst_kind=none
     6   4.68029687e+04   9.8398e-01   7.5456e+02   1.0000e+00    0.00      -     7.8125e-03   0
FILTERDDP_ITER_TIMING iteration=6 barrier_iteration=0 backward_s=2.678839600 forward_s=0.492016900 total_s=3.170856500 outcome=accepted step_size=7.812500000e-03 backtracks=0 mu=1.000000000e+00
FILTERDDP_TIMING iteration=7 barrier_iteration=0 stage=6 derivative_s=0.019513600 first_order_s=0.005750400 second_order_s=0.013452900 algebra_s=0.050743500 kkt_assembly_s=0.012451900 factor_s=0.164649100 solve_s=0.133414400 update_s=0.026073100 K_nnz=413715 rhs_cols=1 Vxx_nnz=1040400
FILTERDDP_TIMING iteration=7 barrier_iteration=0 stage=5 derivative_s=0.016226500 first_order_s=0.004990800 second_order_s=0.010922200 algebra_s=0.035657400 kkt_assembly_s=0.002726600 factor_s=0.188831500 solve_s=0.182112400 update_s=0.008870500 K_nnz=413715 rhs_cols=1 Vxx_nnz=1040400
FILTERDDP_TIMING iteration=7 barrier_iteration=0 stage=4 derivative_s=0.014937500 first_order_s=0.005017000 second_order_s=0.009616100 algebra_s=0.039513600 kkt_assembly_s=0.004547900 factor_s=0.299336400 solve_s=0.144786100 update_s=0.008557400 K_nnz=413715 rhs_cols=1 Vxx_nnz=1040400
FILTERDDP_TIMING iteration=7 barrier_iteration=0 stage=3 derivative_s=0.017150200 first_order_s=0.005059100 second_order_s=0.011786800 algebra_s=0.057684300 kkt_assembly_s=0.003478100 factor_s=0.163000300 solve_s=0.175608100 update_s=0.007589600 K_nnz=413715 rhs_cols=1 Vxx_nnz=1040400
FILTERDDP_TIMING iteration=7 barrier_iteration=0 stage=2 derivative_s=0.017833100 first_order_s=0.006074700 second_order_s=0.011377300 algebra_s=0.035086400 kkt_assembly_s=0.002660400 factor_s=0.275231800 solve_s=0.112238600 update_s=0.006749100 K_nnz=413715 rhs_cols=1 Vxx_nnz=1040400
FILTERDDP_TIMING iteration=7 barrier_iteration=0 stage=1 derivative_s=0.013668000 first_order_s=0.005001100 second_order_s=0.008352800 algebra_s=0.049187500 kkt_assembly_s=0.002979800 factor_s=0.148165900 solve_s=0.154969700 update_s=0.061486100 K_nnz=413715 rhs_cols=1 Vxx_nnz=1040400
FILTERDDP_FEASIBILITY iteration=7 barrier_iteration=0 equality_count=253818 equality_rms=4.404898029857e-02 equality_max=9.762878879780e-01 equality_worst_stage=6 equality_worst_index=1 dynamics_count=5100 dynamics_rms=0.000000000000e+00 dynamics_max=0.000000000000e+00 dynamics_worst_stage=0 dynamics_worst_index=0 bound_count=284442 bound_rms=0.000000000000e+00 bound_max=0.000000000000e+00 bound_worst_stage=0 bound_worst_index=0 bound_worst_kind=none
     7   6.85706174e+04   9.7629e-01   7.4866e+02   1.0000e+00    0.00      -     7.8125e-03   0
FILTERDDP_ITER_TIMING iteration=7 barrier_iteration=0 backward_s=2.665323800 forward_s=0.647739100 total_s=3.313062900 outcome=accepted step_size=7.812500000e-03 backtracks=1 mu=1.000000000e+00
FILTERDDP_TIMING iteration=8 barrier_iteration=0 stage=6 derivative_s=0.017561200 first_order_s=0.004838000 second_order_s=0.012428700 algebra_s=0.038434500 kkt_assembly_s=0.002698900 factor_s=0.188924900 solve_s=0.139952200 update_s=0.007425300 K_nnz=413715 rhs_cols=1 Vxx_nnz=1040400
FILTERDDP_TIMING iteration=8 barrier_iteration=0 stage=5 derivative_s=0.016897400 first_order_s=0.005543600 second_order_s=0.011017600 algebra_s=0.051743100 kkt_assembly_s=0.003792100 factor_s=0.171435500 solve_s=0.190923000 update_s=0.008881600 K_nnz=413715 rhs_cols=1 Vxx_nnz=1040400
FILTERDDP_TIMING iteration=8 barrier_iteration=0 stage=4 derivative_s=0.015138500 first_order_s=0.005106700 second_order_s=0.009708200 algebra_s=0.159282800 kkt_assembly_s=0.002512200 factor_s=0.171311300 solve_s=0.130515800 update_s=0.008781000 K_nnz=413715 rhs_cols=1 Vxx_nnz=1040400
FILTERDDP_TIMING iteration=8 barrier_iteration=0 stage=3 derivative_s=0.011944400 first_order_s=0.004904100 second_order_s=0.006734700 algebra_s=0.057424700 kkt_assembly_s=0.003396400 factor_s=0.170503800 solve_s=0.183273400 update_s=0.009207600 K_nnz=413715 rhs_cols=1 Vxx_nnz=1040400
FILTERDDP_TIMING iteration=8 barrier_iteration=0 stage=2 derivative_s=0.015332300 first_order_s=0.005249400 second_order_s=0.009766400 algebra_s=0.155326700 kkt_assembly_s=0.002777200 factor_s=0.161548700 solve_s=0.138703700 update_s=0.008844000 K_nnz=413715 rhs_cols=1 Vxx_nnz=1040400
FILTERDDP_TIMING iteration=8 barrier_iteration=0 stage=1 derivative_s=0.015117200 first_order_s=0.005016600 second_order_s=0.009784700 algebra_s=0.058406000 kkt_assembly_s=0.002619200 factor_s=0.161156300 solve_s=0.213592900 update_s=0.009505600 K_nnz=413715 rhs_cols=1 Vxx_nnz=1040400
FILTERDDP_FEASIBILITY iteration=8 barrier_iteration=0 equality_count=253818 equality_rms=4.374119448409e-02 equality_max=9.686606388532e-01 equality_worst_stage=5 equality_worst_index=1 dynamics_count=5100 dynamics_rms=0.000000000000e+00 dynamics_max=0.000000000000e+00 dynamics_worst_stage=0 dynamics_worst_index=0 bound_count=284442 bound_rms=0.000000000000e+00 bound_max=0.000000000000e+00 bound_worst_stage=0 bound_worst_index=0 bound_worst_kind=none
     8   9.01796989e+04   9.6866e-01   7.4281e+02   1.0000e+00    0.00      -     7.8125e-03   1
FILTERDDP_ITER_TIMING iteration=8 barrier_iteration=0 backward_s=2.713216200 forward_s=0.703429100 total_s=3.416645300 outcome=accepted step_size=7.812500000e-03 backtracks=2 mu=1.000000000e+00
FILTERDDP_TIMING iteration=9 barrier_iteration=0 stage=6 derivative_s=0.017013700 first_order_s=0.005280900 second_order_s=0.011439900 algebra_s=0.049290800 kkt_assembly_s=0.002598900 factor_s=0.164962000 solve_s=0.144759000 update_s=0.010319000 K_nnz=413715 rhs_cols=1 Vxx_nnz=1040400
FILTERDDP_TIMING iteration=9 barrier_iteration=0 stage=5 derivative_s=0.017287200 first_order_s=0.006526700 second_order_s=0.010433500 algebra_s=0.101011200 kkt_assembly_s=0.002617500 factor_s=0.160385700 solve_s=0.232528400 update_s=0.006875000 K_nnz=413715 rhs_cols=1 Vxx_nnz=1040400
FILTERDDP_TIMING iteration=9 barrier_iteration=0 stage=4 derivative_s=0.015411200 first_order_s=0.005073700 second_order_s=0.010033000 algebra_s=0.035501400 kkt_assembly_s=0.002662100 factor_s=0.172116500 solve_s=0.156249700 update_s=0.006391500 K_nnz=413715 rhs_cols=1 Vxx_nnz=1040400
FILTERDDP_TIMING iteration=9 barrier_iteration=0 stage=3 derivative_s=0.012016000 first_order_s=0.005052200 second_order_s=0.006657400 algebra_s=0.037456400 kkt_assembly_s=0.002709000 factor_s=0.227300100 solve_s=0.140864500 update_s=0.010135600 K_nnz=413715 rhs_cols=1 Vxx_nnz=1040400
FILTERDDP_TIMING iteration=9 barrier_iteration=0 stage=2 derivative_s=0.125059100 first_order_s=0.004979500 second_order_s=0.119763500 algebra_s=0.036187300 kkt_assembly_s=0.002626400 factor_s=0.166539000 solve_s=0.146791600 update_s=0.008960000 K_nnz=413715 rhs_cols=1 Vxx_nnz=1040400
FILTERDDP_TIMING iteration=9 barrier_iteration=0 stage=1 derivative_s=0.015329600 first_order_s=0.005035100 second_order_s=0.009987900 algebra_s=0.086620400 kkt_assembly_s=0.002673300 factor_s=0.159598400 solve_s=0.227620000 update_s=0.006548100 K_nnz=413715 rhs_cols=1 Vxx_nnz=1040400
FILTERDDP_FEASIBILITY iteration=9 barrier_iteration=0 equality_count=253818 equality_rms=4.344701781492e-02 equality_max=9.610929776121e-01 equality_worst_stage=1 equality_worst_index=1 dynamics_count=5100 dynamics_rms=0.000000000000e+00 dynamics_max=0.000000000000e+00 dynamics_worst_stage=0 dynamics_worst_index=0 bound_count=284442 bound_rms=0.000000000000e+00 bound_max=0.000000000000e+00 bound_worst_stage=0 bound_worst_index=0 bound_worst_kind=none
     9   1.11604489e+05   9.6109e-01   7.3701e+02   1.0000e+00    0.00      -     7.8125e-03   2
FILTERDDP_ITER_TIMING iteration=9 barrier_iteration=0 backward_s=2.720239100 forward_s=0.636486000 total_s=3.356725100 outcome=accepted step_size=7.812500000e-03 backtracks=2 mu=1.000000000e+00
FILTERDDP_TIMING iteration=10 barrier_iteration=0 stage=6 derivative_s=0.045425500 first_order_s=0.005139800 second_order_s=0.039977000 algebra_s=0.039273300 kkt_assembly_s=0.002686700 factor_s=0.192231100 solve_s=0.126059800 update_s=0.008647600 K_nnz=413715 rhs_cols=1 Vxx_nnz=1040400
FILTERDDP_TIMING iteration=10 barrier_iteration=0 stage=5 derivative_s=0.012095800 first_order_s=0.005123000 second_order_s=0.006642500 algebra_s=0.142629200 kkt_assembly_s=0.003305700 factor_s=0.170581700 solve_s=0.173345200 update_s=0.008894000 K_nnz=413715 rhs_cols=1 Vxx_nnz=1040400
FILTERDDP_TIMING iteration=10 barrier_iteration=0 stage=4 derivative_s=0.015477300 first_order_s=0.005191900 second_order_s=0.009964500 algebra_s=0.037404600 kkt_assembly_s=0.002683400 factor_s=0.217613000 solve_s=0.125589800 update_s=0.008914400 K_nnz=413715 rhs_cols=1 Vxx_nnz=1040400
FILTERDDP_TIMING iteration=10 barrier_iteration=0 stage=3 derivative_s=0.127395900 first_order_s=0.116862300 second_order_s=0.010216100 algebra_s=0.036396700 kkt_assembly_s=0.002693000 factor_s=0.173819300 solve_s=0.165101300 update_s=0.008868100 K_nnz=413715 rhs_cols=1 Vxx_nnz=1040400
FILTERDDP_TIMING iteration=10 barrier_iteration=0 stage=2 derivative_s=0.015363400 first_order_s=0.005130400 second_order_s=0.009894700 algebra_s=0.052023100 kkt_assembly_s=0.003332700 factor_s=0.221733400 solve_s=0.232483800 update_s=0.008580600 K_nnz=413715 rhs_cols=1 Vxx_nnz=1040400
FILTERDDP_TIMING iteration=10 barrier_iteration=0 stage=1 derivative_s=0.015013300 first_order_s=0.004948100 second_order_s=0.009752700 algebra_s=0.036555700 kkt_assembly_s=0.002720000 factor_s=0.160714200 solve_s=0.161561100 update_s=0.008937200 K_nnz=413715 rhs_cols=1 Vxx_nnz=1040400
FILTERDDP_FEASIBILITY iteration=10 barrier_iteration=0 equality_count=253818 equality_rms=4.316583109891e-02 equality_max=9.535844387245e-01 equality_worst_stage=5 equality_worst_index=1 dynamics_count=5100 dynamics_rms=0.000000000000e+00 dynamics_max=0.000000000000e+00 dynamics_worst_stage=0 dynamics_worst_index=0 bound_count=284442 bound_rms=0.000000000000e+00 bound_max=0.000000000000e+00 bound_worst_stage=0 bound_worst_index=0 bound_worst_kind=none
  iter     objective        pr_inf       du_inf       cs_inf     lg(μ)   lg(reg)    alpha     ls
    10   1.32863536e+05   9.5358e-01   7.3125e+02   1.0000e+00    0.00      -     7.8125e-03   2
FILTERDDP_ITER_TIMING iteration=10 barrier_iteration=0 backward_s=2.773340500 forward_s=0.679493600 total_s=3.452834100 outcome=accepted step_size=7.812500000e-03 backtracks=2 mu=1.000000000e+00
FILTERDDP_TIMING iteration=11 barrier_iteration=0 stage=6 derivative_s=0.018938600 first_order_s=0.005726700 second_order_s=0.012903000 algebra_s=0.164731200 kkt_assembly_s=0.002630300 factor_s=0.161407200 solve_s=0.159545900 update_s=0.008624700 K_nnz=413715 rhs_cols=1 Vxx_nnz=1040400
FILTERDDP_TIMING iteration=11 barrier_iteration=0 stage=5 derivative_s=0.016312300 first_order_s=0.005022300 second_order_s=0.010975900 algebra_s=0.036327900 kkt_assembly_s=0.003595300 factor_s=0.220297200 solve_s=0.133804100 update_s=0.009276800 K_nnz=413715 rhs_cols=1 Vxx_nnz=1040400
FILTERDDP_TIMING iteration=11 barrier_iteration=0 stage=4 derivative_s=0.015294300 first_order_s=0.005093800 second_order_s=0.009884800 algebra_s=0.151663100 kkt_assembly_s=0.002918700 factor_s=0.173249600 solve_s=0.149519800 update_s=0.030880600 K_nnz=413715 rhs_cols=1 Vxx_nnz=1040400
FILTERDDP_TIMING iteration=11 barrier_iteration=0 stage=3 derivative_s=0.014578100 first_order_s=0.005113900 second_order_s=0.009089900 algebra_s=0.036035900 kkt_assembly_s=0.002673700 factor_s=0.189359500 solve_s=0.130392000 update_s=0.008899500 K_nnz=413715 rhs_cols=1 Vxx_nnz=1040400
FILTERDDP_TIMING iteration=11 barrier_iteration=0 stage=2 derivative_s=0.014630400 first_order_s=0.004941700 second_order_s=0.009378500 algebra_s=0.161315200 kkt_assembly_s=0.003027500 factor_s=0.167145100 solve_s=0.135495400 update_s=0.034668200 K_nnz=413715 rhs_cols=1 Vxx_nnz=1040400
FILTERDDP_TIMING iteration=11 barrier_iteration=0 stage=1 derivative_s=0.014510300 first_order_s=0.005123100 second_order_s=0.009074700 algebra_s=0.036528200 kkt_assembly_s=0.002623000 factor_s=0.217576000 solve_s=0.143229000 update_s=0.007990400 K_nnz=413715 rhs_cols=1 Vxx_nnz=1040400
FILTERDDP_FEASIBILITY iteration=11 barrier_iteration=0 equality_count=253818 equality_rms=4.289687476832e-02 equality_max=9.461345602970e-01 equality_worst_stage=1 equality_worst_index=1 dynamics_count=5100 dynamics_rms=0.000000000000e+00 dynamics_max=0.000000000000e+00 dynamics_worst_stage=0 dynamics_worst_index=0 bound_count=284442 bound_rms=0.000000000000e+00 bound_max=0.000000000000e+00 bound_worst_stage=0 bound_worst_index=0 bound_worst_kind=none
    11   1.53978728e+05   9.4613e-01   7.2554e+02   1.0000e+00    0.00      -     7.8125e-03   2
FILTERDDP_ITER_TIMING iteration=11 barrier_iteration=0 backward_s=2.787055800 forward_s=0.861005400 total_s=3.648061200 outcome=accepted step_size=7.812500000e-03 backtracks=3 mu=1.000000000e+00
FILTERDDP_TIMING iteration=12 barrier_iteration=0 stage=6 derivative_s=0.035766500 first_order_s=0.005610700 second_order_s=0.029743400 algebra_s=0.040097700 kkt_assembly_s=0.005016400 factor_s=0.200929500 solve_s=0.140578800 update_s=0.007179400 K_nnz=413715 rhs_cols=1 Vxx_nnz=1040400
FILTERDDP_TIMING iteration=12 barrier_iteration=0 stage=5 derivative_s=0.027407100 first_order_s=0.004853700 second_order_s=0.022242500 algebra_s=0.037244800 kkt_assembly_s=0.002730400 factor_s=0.210231600 solve_s=0.254975500 update_s=0.006769200 K_nnz=413715 rhs_cols=1 Vxx_nnz=1040400
FILTERDDP_TIMING iteration=12 barrier_iteration=0 stage=4 derivative_s=0.012199500 first_order_s=0.004923100 second_order_s=0.006968200 algebra_s=0.037721200 kkt_assembly_s=0.002681900 factor_s=0.153106000 solve_s=0.134078300 update_s=0.006676300 K_nnz=413715 rhs_cols=1 Vxx_nnz=1040400
FILTERDDP_TIMING iteration=12 barrier_iteration=0 stage=3 derivative_s=0.012341300 first_order_s=0.005139400 second_order_s=0.006896700 algebra_s=0.036532000 kkt_assembly_s=0.003271100 factor_s=0.212989700 solve_s=0.155159800 update_s=0.008215200 K_nnz=413715 rhs_cols=1 Vxx_nnz=1040400
FILTERDDP_TIMING iteration=12 barrier_iteration=0 stage=2 derivative_s=0.128103200 first_order_s=0.007464400 second_order_s=0.120314900 algebra_s=0.035251700 kkt_assembly_s=0.003202300 factor_s=0.151180200 solve_s=0.138447000 update_s=0.008492500 K_nnz=413715 rhs_cols=1 Vxx_nnz=1040400
FILTERDDP_TIMING iteration=12 barrier_iteration=0 stage=1 derivative_s=0.015069700 first_order_s=0.005021600 second_order_s=0.009734200 algebra_s=0.091228100 kkt_assembly_s=0.002529100 factor_s=0.165894600 solve_s=0.231422200 update_s=0.008891800 K_nnz=413715 rhs_cols=1 Vxx_nnz=1040400
FILTERDDP_FEASIBILITY iteration=12 barrier_iteration=0 equality_count=253818 equality_rms=4.263933013555e-02 equality_max=9.387428840447e-01 equality_worst_stage=3 equality_worst_index=1 dynamics_count=5100 dynamics_rms=0.000000000000e+00 dynamics_max=0.000000000000e+00 dynamics_worst_stage=0 dynamics_worst_index=0 bound_count=284442 bound_rms=0.000000000000e+00 bound_max=0.000000000000e+00 bound_worst_stage=0 bound_worst_index=0 bound_worst_kind=none
    12   1.74967581e+05   9.3874e-01   7.1987e+02   1.0000e+00    0.00      -     7.8125e-03   3
FILTERDDP_ITER_TIMING iteration=12 barrier_iteration=0 backward_s=2.730608900 forward_s=0.793324700 total_s=3.523933600 outcome=accepted step_size=7.812500000e-03 backtracks=3 mu=1.000000000e+00
FILTERDDP_TIMING iteration=13 barrier_iteration=0 stage=6 derivative_s=0.016126900 first_order_s=0.004926300 second_order_s=0.010901500 algebra_s=0.058012400 kkt_assembly_s=0.003602000 factor_s=0.171429000 solve_s=0.178824500 update_s=0.006563300 K_nnz=413715 rhs_cols=1 Vxx_nnz=1040400
FILTERDDP_TIMING iteration=13 barrier_iteration=0 stage=5 derivative_s=0.013326700 first_order_s=0.005093500 second_order_s=0.007922600 algebra_s=0.154786600 kkt_assembly_s=0.003129800 factor_s=0.127569000 solve_s=0.117305600 update_s=0.009052200 K_nnz=413715 rhs_cols=1 Vxx_nnz=1040400
FILTERDDP_TIMING iteration=13 barrier_iteration=0 stage=4 derivative_s=0.048636900 first_order_s=0.009497800 second_order_s=0.038262600 algebra_s=0.035820900 kkt_assembly_s=0.002947500 factor_s=0.171408400 solve_s=0.199844300 update_s=0.008858700 K_nnz=413715 rhs_cols=1 Vxx_nnz=1040400
FILTERDDP_TIMING iteration=13 barrier_iteration=0 stage=3 derivative_s=0.016562700 first_order_s=0.005303900 second_order_s=0.010942000 algebra_s=0.147354400 kkt_assembly_s=0.003141900 factor_s=0.164262000 solve_s=0.119516300 update_s=0.028347400 K_nnz=413715 rhs_cols=1 Vxx_nnz=1040400
FILTERDDP_TIMING iteration=13 barrier_iteration=0 stage=2 derivative_s=0.015863900 first_order_s=0.005180200 second_order_s=0.010365500 algebra_s=0.036805700 kkt_assembly_s=0.002606500 factor_s=0.142405600 solve_s=0.141296100 update_s=0.008934700 K_nnz=413715 rhs_cols=1 Vxx_nnz=1040400
FILTERDDP_TIMING iteration=13 barrier_iteration=0 stage=1 derivative_s=0.016200500 first_order_s=0.005826900 second_order_s=0.010060100 algebra_s=0.090729100 kkt_assembly_s=0.003898900 factor_s=0.292715900 solve_s=0.126210600 update_s=0.012851100 K_nnz=413715 rhs_cols=1 Vxx_nnz=1040400
FILTERDDP_FEASIBILITY iteration=13 barrier_iteration=0 equality_count=253818 equality_rms=4.239236209772e-02 equality_max=9.314089552631e-01 equality_worst_stage=3 equality_worst_index=1 dynamics_count=5100 dynamics_rms=0.000000000000e+00 dynamics_max=0.000000000000e+00 dynamics_worst_stage=0 dynamics_worst_index=0 bound_count=284442 bound_rms=0.000000000000e+00 bound_max=0.000000000000e+00 bound_worst_stage=0 bound_worst_index=0 bound_worst_kind=none
    13   1.95843306e+05   9.3141e-01   7.1425e+02   1.0000e+00    0.00      -     7.8125e-03   3
FILTERDDP_ITER_TIMING iteration=13 barrier_iteration=0 backward_s=2.705080500 forward_s=0.767351500 total_s=3.472432000 outcome=accepted step_size=7.812500000e-03 backtracks=3 mu=1.000000000e+00
FILTERDDP_TIMING iteration=14 barrier_iteration=0 stage=6 derivative_s=0.020863700 first_order_s=0.006259200 second_order_s=0.014210800 algebra_s=0.051859900 kkt_assembly_s=0.002782700 factor_s=0.198045100 solve_s=0.123288600 update_s=0.009256500 K_nnz=413715 rhs_cols=1 Vxx_nnz=1040400
FILTERDDP_TIMING iteration=14 barrier_iteration=0 stage=5 derivative_s=0.130756300 first_order_s=0.004949700 second_order_s=0.125379300 algebra_s=0.035703600 kkt_assembly_s=0.003577800 factor_s=0.163779700 solve_s=0.171211900 update_s=0.009181800 K_nnz=413715 rhs_cols=1 Vxx_nnz=1040400
FILTERDDP_TIMING iteration=14 barrier_iteration=0 stage=4 derivative_s=0.016331900 first_order_s=0.005255900 second_order_s=0.010768800 algebra_s=0.035711900 kkt_assembly_s=0.004745800 factor_s=0.231767900 solve_s=0.129874400 update_s=0.006321600 K_nnz=413715 rhs_cols=1 Vxx_nnz=1040400
FILTERDDP_TIMING iteration=14 barrier_iteration=0 stage=3 derivative_s=0.126440300 first_order_s=0.118059000 second_order_s=0.008054300 algebra_s=0.037105200 kkt_assembly_s=0.003026800 factor_s=0.169548600 solve_s=0.149970700 update_s=0.009529300 K_nnz=413715 rhs_cols=1 Vxx_nnz=1040400
FILTERDDP_TIMING iteration=14 barrier_iteration=0 stage=2 derivative_s=0.014030100 first_order_s=0.004773700 second_order_s=0.008929900 algebra_s=0.036407500 kkt_assembly_s=0.002666000 factor_s=0.235335300 solve_s=0.256250200 update_s=0.008618500 K_nnz=413715 rhs_cols=1 Vxx_nnz=1040400
FILTERDDP_TIMING iteration=14 barrier_iteration=0 stage=1 derivative_s=0.014955100 first_order_s=0.004966900 second_order_s=0.009677000 algebra_s=0.036513600 kkt_assembly_s=0.005420300 factor_s=0.169469900 solve_s=0.165380700 update_s=0.008966100 K_nnz=413715 rhs_cols=1 Vxx_nnz=1040400
FILTERDDP_FEASIBILITY iteration=14 barrier_iteration=0 equality_count=253818 equality_rms=4.215514232994e-02 equality_max=9.241323228001e-01 equality_worst_stage=5 equality_worst_index=1 dynamics_count=5100 dynamics_rms=0.000000000000e+00 dynamics_max=0.000000000000e+00 dynamics_worst_stage=0 dynamics_worst_index=0 bound_count=284442 bound_rms=0.000000000000e+00 bound_max=0.000000000000e+00 bound_worst_stage=0 bound_worst_index=0 bound_worst_kind=none
    14   2.16615932e+05   9.2413e-01   7.0867e+02   1.0000e+00    0.00      -     7.8125e-03   3
FILTERDDP_ITER_TIMING iteration=14 barrier_iteration=0 backward_s=2.802144600 forward_s=0.821156800 total_s=3.623301400 outcome=accepted step_size=7.812500000e-03 backtracks=3 mu=1.000000000e+00
FILTERDDP_TIMING iteration=15 barrier_iteration=0 stage=6 derivative_s=0.136870000 first_order_s=0.005238500 second_order_s=0.131324000 algebra_s=0.038818800 kkt_assembly_s=0.002917800 factor_s=0.163694500 solve_s=0.152059100 update_s=0.008618000 K_nnz=413715 rhs_cols=1 Vxx_nnz=1040400
FILTERDDP_TIMING iteration=15 barrier_iteration=0 stage=5 derivative_s=0.015001900 first_order_s=0.004927600 second_order_s=0.009769300 algebra_s=0.059570800 kkt_assembly_s=0.002836000 factor_s=0.158063400 solve_s=0.175630900 update_s=0.009710800 K_nnz=413715 rhs_cols=1 Vxx_nnz=1040400
FILTERDDP_TIMING iteration=15 barrier_iteration=0 stage=4 derivative_s=0.013628500 first_order_s=0.005559900 second_order_s=0.007750600 algebra_s=0.156216700 kkt_assembly_s=0.004027500 factor_s=0.168711100 solve_s=0.125719300 update_s=0.008717500 K_nnz=413715 rhs_cols=1 Vxx_nnz=1040400
FILTERDDP_TIMING iteration=15 barrier_iteration=0 stage=3 derivative_s=0.012129800 first_order_s=0.005144400 second_order_s=0.006679800 algebra_s=0.056630800 kkt_assembly_s=0.002711500 factor_s=0.178902500 solve_s=0.171773800 update_s=0.008980300 K_nnz=413715 rhs_cols=1 Vxx_nnz=1040400
FILTERDDP_TIMING iteration=15 barrier_iteration=0 stage=2 derivative_s=0.015381900 first_order_s=0.005149900 second_order_s=0.009928600 algebra_s=0.035999100 kkt_assembly_s=0.002706500 factor_s=0.291238800 solve_s=0.145031500 update_s=0.008831500 K_nnz=413715 rhs_cols=1 Vxx_nnz=1040400
FILTERDDP_TIMING iteration=15 barrier_iteration=0 stage=1 derivative_s=0.014929100 first_order_s=0.005041200 second_order_s=0.009598000 algebra_s=0.057990400 kkt_assembly_s=0.002654400 factor_s=0.167376700 solve_s=0.183429900 update_s=0.009392300 K_nnz=413715 rhs_cols=1 Vxx_nnz=1040400
FILTERDDP_FEASIBILITY iteration=15 barrier_iteration=0 equality_count=253818 equality_rms=4.192686450917e-02 equality_max=9.169125390282e-01 equality_worst_stage=6 equality_worst_index=1 dynamics_count=5100 dynamics_rms=0.000000000000e+00 dynamics_max=0.000000000000e+00 dynamics_worst_stage=0 dynamics_worst_index=0 bound_count=284442 bound_rms=0.000000000000e+00 bound_max=0.000000000000e+00 bound_worst_stage=0 bound_worst_index=0 bound_worst_kind=none
    15   2.37293175e+05   9.1691e-01   7.0313e+02   1.0000e+00    0.00      -     7.8125e-03   3
FILTERDDP_ITER_TIMING iteration=15 barrier_iteration=0 backward_s=2.774401000 forward_s=0.830955500 total_s=3.605356500 outcome=accepted step_size=7.812500000e-03 backtracks=3 mu=1.000000000e+00
FILTERDDP_TIMING iteration=16 barrier_iteration=0 stage=6 derivative_s=0.017572400 first_order_s=0.005266900 second_order_s=0.011998900 algebra_s=0.053758400 kkt_assembly_s=0.004558100 factor_s=0.137141100 solve_s=0.134619400 update_s=0.007614000 K_nnz=413715 rhs_cols=1 Vxx_nnz=1040400
FILTERDDP_TIMING iteration=16 barrier_iteration=0 stage=5 derivative_s=0.023399200 first_order_s=0.008822900 second_order_s=0.014257400 algebra_s=0.090323400 kkt_assembly_s=0.003423900 factor_s=0.281276000 solve_s=0.140193500 update_s=0.007002300 K_nnz=413715 rhs_cols=1 Vxx_nnz=1040400
FILTERDDP_TIMING iteration=16 barrier_iteration=0 stage=4 derivative_s=0.015025400 first_order_s=0.004965800 second_order_s=0.009756100 algebra_s=0.035726700 kkt_assembly_s=0.002563100 factor_s=0.196749500 solve_s=0.144189700 update_s=0.009242200 K_nnz=413715 rhs_cols=1 Vxx_nnz=1040400
FILTERDDP_TIMING iteration=16 barrier_iteration=0 stage=3 derivative_s=0.014995600 first_order_s=0.005016800 second_order_s=0.009665900 algebra_s=0.088007900 kkt_assembly_s=0.002559600 factor_s=0.170264500 solve_s=0.238652200 update_s=0.006614800 K_nnz=413715 rhs_cols=1 Vxx_nnz=1040400
FILTERDDP_TIMING iteration=16 barrier_iteration=0 stage=2 derivative_s=0.014298900 first_order_s=0.004925100 second_order_s=0.008975500 algebra_s=0.036163300 kkt_assembly_s=0.004784800 factor_s=0.176050800 solve_s=0.154366700 update_s=0.009707100 K_nnz=413715 rhs_cols=1 Vxx_nnz=1040400
FILTERDDP_TIMING iteration=16 barrier_iteration=0 stage=1 derivative_s=0.015709600 first_order_s=0.005460400 second_order_s=0.009931600 algebra_s=0.100383400 kkt_assembly_s=0.003440500 factor_s=0.145195600 solve_s=0.237768800 update_s=0.009280100 K_nnz=413715 rhs_cols=1 Vxx_nnz=1040400
FILTERDDP_FEASIBILITY iteration=16 barrier_iteration=0 equality_count=253818 equality_rms=4.170675598904e-02 equality_max=9.097491598171e-01 equality_worst_stage=5 equality_worst_index=1 dynamics_count=5100 dynamics_rms=0.000000000000e+00 dynamics_max=0.000000000000e+00 dynamics_worst_stage=0 dynamics_worst_index=0 bound_count=284442 bound_rms=0.000000000000e+00 bound_max=0.000000000000e+00 bound_worst_stage=0 bound_worst_index=0 bound_worst_kind=none
    16   2.57880975e+05   9.0975e-01   6.9764e+02   1.0000e+00    0.00      -     7.8125e-03   3
FILTERDDP_ITER_TIMING iteration=16 barrier_iteration=0 backward_s=2.740438900 forward_s=0.821365800 total_s=3.561804700 outcome=accepted step_size=7.812500000e-03 backtracks=3 mu=1.000000000e+00
FILTERDDP_TIMING iteration=17 barrier_iteration=0 stage=6 derivative_s=0.018261100 first_order_s=0.005969500 second_order_s=0.011981100 algebra_s=0.044898000 kkt_assembly_s=0.003042300 factor_s=0.154914200 solve_s=0.176705000 update_s=0.008981700 K_nnz=413715 rhs_cols=1 Vxx_nnz=1040400
FILTERDDP_TIMING iteration=17 barrier_iteration=0 stage=5 derivative_s=0.015101200 first_order_s=0.005006000 second_order_s=0.009771500 algebra_s=0.147419600 kkt_assembly_s=0.003016300 factor_s=0.169107800 solve_s=0.141780400 update_s=0.008855700 K_nnz=413715 rhs_cols=1 Vxx_nnz=1040400
FILTERDDP_TIMING iteration=17 barrier_iteration=0 stage=4 derivative_s=0.039501700 first_order_s=0.005154700 second_order_s=0.034041100 algebra_s=0.036991600 kkt_assembly_s=0.003319600 factor_s=0.206135000 solve_s=0.127165900 update_s=0.008870300 K_nnz=413715 rhs_cols=1 Vxx_nnz=1040400
FILTERDDP_TIMING iteration=17 barrier_iteration=0 stage=3 derivative_s=0.018077800 first_order_s=0.006346900 second_order_s=0.011339200 algebra_s=0.156982600 kkt_assembly_s=0.002630200 factor_s=0.164308700 solve_s=0.148508700 update_s=0.029081500 K_nnz=413715 rhs_cols=1 Vxx_nnz=1040400
FILTERDDP_TIMING iteration=17 barrier_iteration=0 stage=2 derivative_s=0.023658600 first_order_s=0.010112500 second_order_s=0.012797200 algebra_s=0.048823300 kkt_assembly_s=0.003318300 factor_s=0.249143500 solve_s=0.143578200 update_s=0.009464400 K_nnz=413715 rhs_cols=1 Vxx_nnz=1040400
FILTERDDP_TIMING iteration=17 barrier_iteration=0 stage=1 derivative_s=0.016967000 first_order_s=0.008018500 second_order_s=0.008453900 algebra_s=0.166254800 kkt_assembly_s=0.002981200 factor_s=0.179972100 solve_s=0.131673400 update_s=0.027627200 K_nnz=413715 rhs_cols=1 Vxx_nnz=1040400
FILTERDDP_FEASIBILITY iteration=17 barrier_iteration=0 equality_count=253818 equality_rms=4.149408725331e-02 equality_max=9.026417445060e-01 equality_worst_stage=1 equality_worst_index=1 dynamics_count=5100 dynamics_rms=0.000000000000e+00 dynamics_max=0.000000000000e+00 dynamics_worst_stage=0 dynamics_worst_index=0 bound_count=284442 bound_rms=0.000000000000e+00 bound_max=0.000000000000e+00 bound_worst_stage=0 bound_worst_index=0 bound_worst_kind=none
    17   2.78383811e+05   9.0264e-01   6.9219e+02   1.0000e+00    0.00      -     7.8125e-03   3
FILTERDDP_ITER_TIMING iteration=17 barrier_iteration=0 backward_s=2.845782500 forward_s=0.823183600 total_s=3.668966100 outcome=accepted step_size=7.812500000e-03 backtracks=3 mu=1.000000000e+00
FILTERDDP_TIMING iteration=18 barrier_iteration=0 stage=6 derivative_s=0.016973500 first_order_s=0.005160700 second_order_s=0.011507800 algebra_s=0.160927400 kkt_assembly_s=0.003368100 factor_s=0.153154900 solve_s=0.136696300 update_s=0.029188600 K_nnz=413715 rhs_cols=1 Vxx_nnz=1040400
FILTERDDP_TIMING iteration=18 barrier_iteration=0 stage=5 derivative_s=0.016742500 first_order_s=0.005054500 second_order_s=0.011394100 algebra_s=0.035957400 kkt_assembly_s=0.002751100 factor_s=0.210875500 solve_s=0.130476100 update_s=0.008944300 K_nnz=413715 rhs_cols=1 Vxx_nnz=1040400
FILTERDDP_TIMING iteration=18 barrier_iteration=0 stage=4 derivative_s=0.013267300 first_order_s=0.005158800 second_order_s=0.007794400 algebra_s=0.147960700 kkt_assembly_s=0.003066500 factor_s=0.162060200 solve_s=0.132117200 update_s=0.030470100 K_nnz=413715 rhs_cols=1 Vxx_nnz=1040400
FILTERDDP_TIMING iteration=18 barrier_iteration=0 stage=3 derivative_s=0.017089200 first_order_s=0.006058800 second_order_s=0.010654300 algebra_s=0.037083200 kkt_assembly_s=0.002731900 factor_s=0.215673600 solve_s=0.138226600 update_s=0.008722800 K_nnz=413715 rhs_cols=1 Vxx_nnz=1040400
FILTERDDP_TIMING iteration=18 barrier_iteration=0 stage=2 derivative_s=0.017787900 first_order_s=0.005097000 second_order_s=0.012369900 algebra_s=0.160901000 kkt_assembly_s=0.002553500 factor_s=0.166812400 solve_s=0.128900100 update_s=0.028512500 K_nnz=413715 rhs_cols=1 Vxx_nnz=1040400
FILTERDDP_TIMING iteration=18 barrier_iteration=0 stage=1 derivative_s=0.013214100 first_order_s=0.005533500 second_order_s=0.007361900 algebra_s=0.035042300 kkt_assembly_s=0.002663000 factor_s=0.183488300 solve_s=0.127781600 update_s=0.007396300 K_nnz=413715 rhs_cols=1 Vxx_nnz=1040400
FILTERDDP_FEASIBILITY iteration=18 barrier_iteration=0 equality_count=253818 equality_rms=4.128817938720e-02 equality_max=8.955898558771e-01 equality_worst_stage=5 equality_worst_index=1 dynamics_count=5100 dynamics_rms=0.000000000000e+00 dynamics_max=0.000000000000e+00 dynamics_worst_stage=0 dynamics_worst_index=0 bound_count=284442 bound_rms=0.000000000000e+00 bound_max=0.000000000000e+00 bound_worst_stage=0 bound_worst_index=0 bound_worst_kind=none
    18   2.98804905e+05   8.9559e-01   6.8678e+02   1.0000e+00    0.00      -     7.8125e-03   3
FILTERDDP_ITER_TIMING iteration=18 barrier_iteration=0 backward_s=2.696633300 forward_s=0.874984600 total_s=3.571617900 outcome=accepted step_size=7.812500000e-03 backtracks=3 mu=1.000000000e+00
FILTERDDP_TIMING iteration=19 barrier_iteration=0 stage=6 derivative_s=0.023332600 first_order_s=0.006871100 second_order_s=0.016090800 algebra_s=0.041575800 kkt_assembly_s=0.005289200 factor_s=0.200491800 solve_s=0.160015700 update_s=0.008917900 K_nnz=413715 rhs_cols=1 Vxx_nnz=1040400
FILTERDDP_TIMING iteration=19 barrier_iteration=0 stage=5 derivative_s=0.031011200 first_order_s=0.004870000 second_order_s=0.025846900 algebra_s=0.033704600 kkt_assembly_s=0.002611300 factor_s=0.201374400 solve_s=0.121401800 update_s=0.009781200 K_nnz=413715 rhs_cols=1 Vxx_nnz=1040400
FILTERDDP_TIMING iteration=19 barrier_iteration=0 stage=4 derivative_s=0.126927400 first_order_s=0.119419900 second_order_s=0.007073000 algebra_s=0.040627900 kkt_assembly_s=0.002690100 factor_s=0.154355800 solve_s=0.152872400 update_s=0.008781300 K_nnz=413715 rhs_cols=1 Vxx_nnz=1040400
FILTERDDP_TIMING iteration=19 barrier_iteration=0 stage=3 derivative_s=0.014697700 first_order_s=0.005122900 second_order_s=0.009258400 algebra_s=0.036438500 kkt_assembly_s=0.002607800 factor_s=0.211082500 solve_s=0.240109600 update_s=0.008707900 K_nnz=413715 rhs_cols=1 Vxx_nnz=1040400
FILTERDDP_TIMING iteration=19 barrier_iteration=0 stage=2 derivative_s=0.015964100 first_order_s=0.007127300 second_order_s=0.008380700 algebra_s=0.037274800 kkt_assembly_s=0.003151300 factor_s=0.172492700 solve_s=0.145350000 update_s=0.011552800 K_nnz=413715 rhs_cols=1 Vxx_nnz=1040400
FILTERDDP_TIMING iteration=19 barrier_iteration=0 stage=1 derivative_s=0.023635400 first_order_s=0.008346400 second_order_s=0.014776800 algebra_s=0.041630600 kkt_assembly_s=0.003656700 factor_s=0.204698300 solve_s=0.237256100 update_s=0.008011700 K_nnz=413715 rhs_cols=1 Vxx_nnz=1040400
FILTERDDP_FEASIBILITY iteration=19 barrier_iteration=0 equality_count=253818 equality_rms=4.108840948547e-02 equality_max=8.885930601280e-01 equality_worst_stage=3 equality_worst_index=1 dynamics_count=5100 dynamics_rms=0.000000000000e+00 dynamics_max=0.000000000000e+00 dynamics_worst_stage=0 dynamics_worst_index=0 bound_count=284442 bound_rms=0.000000000000e+00 bound_max=0.000000000000e+00 bound_worst_stage=0 bound_worst_index=0 bound_worst_kind=none
    19   3.19146353e+05   8.8859e-01   6.8141e+02   1.0000e+00    0.00      -     7.8125e-03   3
FILTERDDP_ITER_TIMING iteration=19 barrier_iteration=0 backward_s=2.751856700 forward_s=0.846033200 total_s=3.597889900 outcome=accepted step_size=7.812500000e-03 backtracks=3 mu=1.000000000e+00
FILTERDDP_TIMING iteration=20 barrier_iteration=0 stage=6 derivative_s=0.025377900 first_order_s=0.005242600 second_order_s=0.019826800 algebra_s=0.072057400 kkt_assembly_s=0.005484000 factor_s=0.172754800 solve_s=0.183640300 update_s=0.007773800 K_nnz=413715 rhs_cols=1 Vxx_nnz=1040400
FILTERDDP_TIMING iteration=20 barrier_iteration=0 stage=5 derivative_s=0.014329400 first_order_s=0.004926400 second_order_s=0.009092700 algebra_s=0.166117000 kkt_assembly_s=0.002902700 factor_s=0.166070900 solve_s=0.138376900 update_s=0.008374000 K_nnz=413715 rhs_cols=1 Vxx_nnz=1040400
FILTERDDP_TIMING iteration=20 barrier_iteration=0 stage=4 derivative_s=0.035341400 first_order_s=0.005066100 second_order_s=0.029850700 algebra_s=0.037301000 kkt_assembly_s=0.004981900 factor_s=0.233209800 solve_s=0.140971500 update_s=0.007940200 K_nnz=413715 rhs_cols=1 Vxx_nnz=1040400
FILTERDDP_TIMING iteration=20 barrier_iteration=0 stage=3 derivative_s=0.015234400 first_order_s=0.005275900 second_order_s=0.009574000 algebra_s=0.159366000 kkt_assembly_s=0.002877000 factor_s=0.153783600 solve_s=0.133264200 update_s=0.028050300 K_nnz=413715 rhs_cols=1 Vxx_nnz=1040400
FILTERDDP_TIMING iteration=20 barrier_iteration=0 stage=2 derivative_s=0.015361700 first_order_s=0.005172600 second_order_s=0.009872300 algebra_s=0.036977400 kkt_assembly_s=0.002573200 factor_s=0.198558500 solve_s=0.128400600 update_s=0.009312300 K_nnz=413715 rhs_cols=1 Vxx_nnz=1040400
FILTERDDP_TIMING iteration=20 barrier_iteration=0 stage=1 derivative_s=0.016604100 first_order_s=0.005149000 second_order_s=0.011133300 algebra_s=0.142126400 kkt_assembly_s=0.002889900 factor_s=0.164048500 solve_s=0.146661600 update_s=0.045829100 K_nnz=413715 rhs_cols=1 Vxx_nnz=1040400
FILTERDDP_FEASIBILITY iteration=20 barrier_iteration=0 equality_count=253818 equality_rms=4.089421388307e-02 equality_max=8.816509268458e-01 equality_worst_stage=6 equality_worst_index=1 dynamics_count=5100 dynamics_rms=0.000000000000e+00 dynamics_max=0.000000000000e+00 dynamics_worst_stage=0 dynamics_worst_index=0 bound_count=284442 bound_rms=0.000000000000e+00 bound_max=0.000000000000e+00 bound_worst_stage=0 bound_worst_index=0 bound_worst_kind=none
  iter     objective        pr_inf       du_inf       cs_inf     lg(μ)   lg(reg)    alpha     ls
    20   3.39409231e+05   8.8165e-01   6.7609e+02   1.0000e+00    0.00      -     7.8125e-03   3
FILTERDDP_ITER_TIMING iteration=20 barrier_iteration=0 backward_s=2.832075400 forward_s=0.822937600 total_s=3.655013000 outcome=accepted step_size=7.812500000e-03 backtracks=3 mu=1.000000000e+00
FILTERDDP_TIMING iteration=21 barrier_iteration=0 stage=6 derivative_s=0.138994300 first_order_s=0.005130200 second_order_s=0.133558800 algebra_s=0.038398600 kkt_assembly_s=0.003370900 factor_s=0.179102200 solve_s=0.154649200 update_s=0.008005400 K_nnz=413715 rhs_cols=1 Vxx_nnz=1040400
FILTERDDP_TIMING iteration=21 barrier_iteration=0 stage=5 derivative_s=0.015383700 first_order_s=0.005146600 second_order_s=0.009921900 algebra_s=0.036354100 kkt_assembly_s=0.002952500 factor_s=0.213666500 solve_s=0.121066700 update_s=0.008980000 K_nnz=413715 rhs_cols=1 Vxx_nnz=1040400
FILTERDDP_TIMING iteration=21 barrier_iteration=0 stage=4 derivative_s=0.124580700 first_order_s=0.005342500 second_order_s=0.118925100 algebra_s=0.038471700 kkt_assembly_s=0.002781700 factor_s=0.148563600 solve_s=0.134772600 update_s=0.007428100 K_nnz=413715 rhs_cols=1 Vxx_nnz=1040400
FILTERDDP_TIMING iteration=21 barrier_iteration=0 stage=3 derivative_s=0.012359000 first_order_s=0.005124800 second_order_s=0.006905900 algebra_s=0.037236400 kkt_assembly_s=0.002686100 factor_s=0.215774000 solve_s=0.127809400 update_s=0.007917300 K_nnz=413715 rhs_cols=1 Vxx_nnz=1040400
FILTERDDP_TIMING iteration=21 barrier_iteration=0 stage=2 derivative_s=0.122153600 first_order_s=0.005239600 second_order_s=0.116589700 algebra_s=0.034180500 kkt_assembly_s=0.002960400 factor_s=0.185777000 solve_s=0.166555600 update_s=0.008846000 K_nnz=413715 rhs_cols=1 Vxx_nnz=1040400
FILTERDDP_TIMING iteration=21 barrier_iteration=0 stage=1 derivative_s=0.012671700 first_order_s=0.005439200 second_order_s=0.006885200 algebra_s=0.038758800 kkt_assembly_s=0.004410300 factor_s=0.250605900 solve_s=0.138044100 update_s=0.007422500 K_nnz=413715 rhs_cols=1 Vxx_nnz=1040400
FILTERDDP_FEASIBILITY iteration=21 barrier_iteration=0 equality_count=253818 equality_rms=4.070508917320e-02 equality_max=8.747630289798e-01 equality_worst_stage=5 equality_worst_index=1 dynamics_count=5100 dynamics_rms=0.000000000000e+00 dynamics_max=0.000000000000e+00 dynamics_worst_stage=0 dynamics_worst_index=0 bound_count=284442 bound_rms=0.000000000000e+00 bound_max=0.000000000000e+00 bound_worst_stage=0 bound_worst_index=0 bound_worst_kind=none
    21   3.59593696e+05   8.7476e-01   6.7081e+02   1.0000e+00    0.00      -     7.8125e-03   3
FILTERDDP_ITER_TIMING iteration=21 barrier_iteration=0 backward_s=2.760925400 forward_s=0.921779200 total_s=3.682704600 outcome=accepted step_size=7.812500000e-03 backtracks=3 mu=1.000000000e+00
FILTERDDP_TIMING iteration=22 barrier_iteration=0 stage=6 derivative_s=0.016215100 first_order_s=0.005081400 second_order_s=0.010670900 algebra_s=0.045601700 kkt_assembly_s=0.004893100 factor_s=0.156034200 solve_s=0.160017400 update_s=0.006657000 K_nnz=413715 rhs_cols=1 Vxx_nnz=1040400
FILTERDDP_TIMING iteration=22 barrier_iteration=0 stage=5 derivative_s=0.014421000 first_order_s=0.004902500 second_order_s=0.009226700 algebra_s=0.086149700 kkt_assembly_s=0.003652700 factor_s=0.281618900 solve_s=0.133676900 update_s=0.007369900 K_nnz=413715 rhs_cols=1 Vxx_nnz=1040400
FILTERDDP_TIMING iteration=22 barrier_iteration=0 stage=4 derivative_s=0.013692100 first_order_s=0.004897400 second_order_s=0.008448400 algebra_s=0.036344400 kkt_assembly_s=0.002702900 factor_s=0.192446700 solve_s=0.124724700 update_s=0.006912600 K_nnz=413715 rhs_cols=1 Vxx_nnz=1040400
FILTERDDP_TIMING iteration=22 barrier_iteration=0 stage=3 derivative_s=0.062386800 first_order_s=0.005257500 second_order_s=0.056823800 algebra_s=0.036516400 kkt_assembly_s=0.002785700 factor_s=0.277040700 solve_s=0.142690100 update_s=0.008175700 K_nnz=413715 rhs_cols=1 Vxx_nnz=1040400
FILTERDDP_TIMING iteration=22 barrier_iteration=0 stage=2 derivative_s=0.012272800 first_order_s=0.005053700 second_order_s=0.006909400 algebra_s=0.036428800 kkt_assembly_s=0.019500400 factor_s=0.163110100 solve_s=0.137236800 update_s=0.006630000 K_nnz=413715 rhs_cols=1 Vxx_nnz=1040400
FILTERDDP_TIMING iteration=22 barrier_iteration=0 stage=1 derivative_s=0.065783900 first_order_s=0.005032700 second_order_s=0.060432600 algebra_s=0.036149100 kkt_assembly_s=0.002568900 factor_s=0.285077200 solve_s=0.148452200 update_s=0.008710200 K_nnz=413715 rhs_cols=1 Vxx_nnz=1040400
FILTERDDP_FEASIBILITY iteration=22 barrier_iteration=0 equality_count=253818 equality_rms=4.052059109905e-02 equality_max=8.679289428159e-01 equality_worst_stage=1 equality_worst_index=1 dynamics_count=5100 dynamics_rms=0.000000000000e+00 dynamics_max=0.000000000000e+00 dynamics_worst_stage=0 dynamics_worst_index=0 bound_count=284442 bound_rms=0.000000000000e+00 bound_max=0.000000000000e+00 bound_worst_stage=0 bound_worst_index=0 bound_worst_kind=none
    22   3.79699079e+05   8.6793e-01   6.6557e+02   1.0000e+00    0.00      -     7.8125e-03   3
FILTERDDP_ITER_TIMING iteration=22 barrier_iteration=0 backward_s=2.752297200 forward_s=0.825627300 total_s=3.577924500 outcome=accepted step_size=7.812500000e-03 backtracks=3 mu=1.000000000e+00
FILTERDDP_TIMING iteration=23 barrier_iteration=0 stage=6 derivative_s=0.026182300 first_order_s=0.005218800 second_order_s=0.020654800 algebra_s=0.040049100 kkt_assembly_s=0.002708300 factor_s=0.210381000 solve_s=0.130245500 update_s=0.006926100 K_nnz=413715 rhs_cols=1 Vxx_nnz=1040400
FILTERDDP_TIMING iteration=23 barrier_iteration=0 stage=5 derivative_s=0.131077700 first_order_s=0.004774000 second_order_s=0.125989500 algebra_s=0.034813900 kkt_assembly_s=0.004160600 factor_s=0.169813100 solve_s=0.161123300 update_s=0.009185500 K_nnz=413715 rhs_cols=1 Vxx_nnz=1040400
FILTERDDP_TIMING iteration=23 barrier_iteration=0 stage=4 derivative_s=0.015740300 first_order_s=0.005410700 second_order_s=0.010021900 algebra_s=0.035733600 kkt_assembly_s=0.002661900 factor_s=0.216231600 solve_s=0.128005500 update_s=0.007274100 K_nnz=413715 rhs_cols=1 Vxx_nnz=1040400
FILTERDDP_TIMING iteration=23 barrier_iteration=0 stage=3 derivative_s=0.124256100 first_order_s=0.006608200 second_order_s=0.117298000 algebra_s=0.035533000 kkt_assembly_s=0.003531200 factor_s=0.147153800 solve_s=0.174250100 update_s=0.007875600 K_nnz=413715 rhs_cols=1 Vxx_nnz=1040400
FILTERDDP_TIMING iteration=23 barrier_iteration=0 stage=2 derivative_s=0.016382200 first_order_s=0.005517200 second_order_s=0.010353000 algebra_s=0.036739900 kkt_assembly_s=0.054194200 factor_s=0.166474600 solve_s=0.243940400 update_s=0.006407400 K_nnz=413715 rhs_cols=1 Vxx_nnz=1040400
FILTERDDP_TIMING iteration=23 barrier_iteration=0 stage=1 derivative_s=0.015597800 first_order_s=0.005413300 second_order_s=0.009875700 algebra_s=0.035936400 kkt_assembly_s=0.002608100 factor_s=0.164373100 solve_s=0.166385900 update_s=0.008753200 K_nnz=413715 rhs_cols=1 Vxx_nnz=1040400
FILTERDDP_FEASIBILITY iteration=23 barrier_iteration=0 equality_count=253818 equality_rms=4.034033153482e-02 equality_max=8.611482479501e-01 equality_worst_stage=4 equality_worst_index=1 dynamics_count=5100 dynamics_rms=0.000000000000e+00 dynamics_max=0.000000000000e+00 dynamics_worst_stage=0 dynamics_worst_index=0 bound_count=284442 bound_rms=0.000000000000e+00 bound_max=0.000000000000e+00 bound_worst_stage=0 bound_worst_index=0 bound_worst_kind=none
    23   3.99723992e+05   8.6115e-01   6.6037e+02   1.0000e+00    0.00      -     7.8125e-03   3
FILTERDDP_ITER_TIMING iteration=23 barrier_iteration=0 backward_s=2.749305300 forward_s=0.809824900 total_s=3.559130200 outcome=accepted step_size=7.812500000e-03 backtracks=3 mu=1.000000000e+00
FILTERDDP_TIMING iteration=24 barrier_iteration=0 stage=6 derivative_s=0.129464800 first_order_s=0.005471400 second_order_s=0.123684300 algebra_s=0.037829600 kkt_assembly_s=0.002675200 factor_s=0.184733500 solve_s=0.153329500 update_s=0.008737300 K_nnz=413715 rhs_cols=1 Vxx_nnz=1040400
FILTERDDP_TIMING iteration=24 barrier_iteration=0 stage=5 derivative_s=0.015228200 first_order_s=0.005142100 second_order_s=0.009770500 algebra_s=0.052062400 kkt_assembly_s=0.003405900 factor_s=0.173190700 solve_s=0.178739000 update_s=0.007678400 K_nnz=413715 rhs_cols=1 Vxx_nnz=1040400
FILTERDDP_TIMING iteration=24 barrier_iteration=0 stage=4 derivative_s=0.013055200 first_order_s=0.005356800 second_order_s=0.007338700 algebra_s=0.152161100 kkt_assembly_s=0.002665600 factor_s=0.162499200 solve_s=0.134586200 update_s=0.006694700 K_nnz=413715 rhs_cols=1 Vxx_nnz=1040400
FILTERDDP_TIMING iteration=24 barrier_iteration=0 stage=3 derivative_s=0.032484300 first_order_s=0.004963900 second_order_s=0.027200600 algebra_s=0.036362000 kkt_assembly_s=0.002665800 factor_s=0.216187000 solve_s=0.148817300 update_s=0.009044500 K_nnz=413715 rhs_cols=1 Vxx_nnz=1040400
FILTERDDP_TIMING iteration=24 barrier_iteration=0 stage=2 derivative_s=0.015369800 first_order_s=0.005263100 second_order_s=0.009791500 algebra_s=0.152781500 kkt_assembly_s=0.002563500 factor_s=0.159477200 solve_s=0.156046800 update_s=0.029447000 K_nnz=413715 rhs_cols=1 Vxx_nnz=1040400
FILTERDDP_TIMING iteration=24 barrier_iteration=0 stage=1 derivative_s=0.013511800 first_order_s=0.005578900 second_order_s=0.007598800 algebra_s=0.035739500 kkt_assembly_s=0.003012400 factor_s=0.211728100 solve_s=0.144657900 update_s=0.007401600 K_nnz=413715 rhs_cols=1 Vxx_nnz=1040400
FILTERDDP_FEASIBILITY iteration=24 barrier_iteration=0 equality_count=253818 equality_rms=4.016397388863e-02 equality_max=8.544205272630e-01 equality_worst_stage=5 equality_worst_index=1 dynamics_count=5100 dynamics_rms=0.000000000000e+00 dynamics_max=0.000000000000e+00 dynamics_worst_stage=0 dynamics_worst_index=0 bound_count=284442 bound_rms=0.000000000000e+00 bound_max=0.000000000000e+00 bound_worst_stage=0 bound_worst_index=0 bound_worst_kind=none
    24   4.19666440e+05   8.5442e-01   6.5521e+02   1.0000e+00    0.00      -     7.8125e-03   3
FILTERDDP_ITER_TIMING iteration=24 barrier_iteration=0 backward_s=2.804620800 forward_s=0.930126100 total_s=3.734746900 outcome=accepted step_size=7.812500000e-03 backtracks=3 mu=1.000000000e+00
FILTERDDP_TIMING iteration=25 barrier_iteration=0 stage=6 derivative_s=0.017139100 first_order_s=0.005383400 second_order_s=0.011457400 algebra_s=0.039213100 kkt_assembly_s=0.002736500 factor_s=0.180069900 solve_s=0.151772700 update_s=0.009960400 K_nnz=413715 rhs_cols=1 Vxx_nnz=1040400
FILTERDDP_TIMING iteration=25 barrier_iteration=0 stage=5 derivative_s=0.012044200 first_order_s=0.005120800 second_order_s=0.006621100 algebra_s=0.085614700 kkt_assembly_s=0.002582100 factor_s=0.159082300 solve_s=0.233149600 update_s=0.008524400 K_nnz=413715 rhs_cols=1 Vxx_nnz=1040400
FILTERDDP_TIMING iteration=25 barrier_iteration=0 stage=4 derivative_s=0.014722800 first_order_s=0.004790500 second_order_s=0.009632100 algebra_s=0.036559800 kkt_assembly_s=0.003539300 factor_s=0.170032900 solve_s=0.155594700 update_s=0.013885900 K_nnz=413715 rhs_cols=1 Vxx_nnz=1040400
FILTERDDP_TIMING iteration=25 barrier_iteration=0 stage=3 derivative_s=0.015682300 first_order_s=0.005357000 second_order_s=0.010007900 algebra_s=0.037129300 kkt_assembly_s=0.055333600 factor_s=0.168113800 solve_s=0.251434300 update_s=0.009093800 K_nnz=413715 rhs_cols=1 Vxx_nnz=1040400
FILTERDDP_TIMING iteration=25 barrier_iteration=0 stage=2 derivative_s=0.016219200 first_order_s=0.005891100 second_order_s=0.009712300 algebra_s=0.041521700 kkt_assembly_s=0.004515000 factor_s=0.168080000 solve_s=0.169656000 update_s=0.009195400 K_nnz=413715 rhs_cols=1 Vxx_nnz=1040400
FILTERDDP_TIMING iteration=25 barrier_iteration=0 stage=1 derivative_s=0.013418500 first_order_s=0.005480500 second_order_s=0.007620300 algebra_s=0.036262200 kkt_assembly_s=0.002654200 factor_s=0.212901200 solve_s=0.256187600 update_s=0.006214200 K_nnz=413715 rhs_cols=1 Vxx_nnz=1040400
FILTERDDP_FEASIBILITY iteration=25 barrier_iteration=0 equality_count=253818 equality_rms=3.999122734805e-02 equality_max=8.477453668938e-01 equality_worst_stage=1 equality_worst_index=1 dynamics_count=5100 dynamics_rms=0.000000000000e+00 dynamics_max=0.000000000000e+00 dynamics_worst_stage=0 dynamics_worst_index=0 bound_count=284442 bound_rms=0.000000000000e+00 bound_max=0.000000000000e+00 bound_worst_stage=0 bound_worst_index=0 bound_worst_kind=none
    25   4.39523939e+05   8.4775e-01   6.5009e+02   1.0000e+00    0.00      -     7.8125e-03   3
FILTERDDP_ITER_TIMING iteration=25 barrier_iteration=0 backward_s=2.796555900 forward_s=0.911172000 total_s=3.707727900 outcome=accepted step_size=7.812500000e-03 backtracks=3 mu=1.000000000e+00
FILTERDDP_TIMING iteration=26 barrier_iteration=0 stage=6 derivative_s=0.018256900 first_order_s=0.005584800 second_order_s=0.012375800 algebra_s=0.048136800 kkt_assembly_s=0.003071900 factor_s=0.166105800 solve_s=0.169135900 update_s=0.009599200 K_nnz=413715 rhs_cols=1 Vxx_nnz=1040400
FILTERDDP_TIMING iteration=26 barrier_iteration=0 stage=5 derivative_s=0.017074600 first_order_s=0.005169800 second_order_s=0.011558700 algebra_s=0.164672400 kkt_assembly_s=0.002863900 factor_s=0.163758200 solve_s=0.141071000 update_s=0.031669600 K_nnz=413715 rhs_cols=1 Vxx_nnz=1040400
FILTERDDP_TIMING iteration=26 barrier_iteration=0 stage=4 derivative_s=0.016475000 first_order_s=0.005434400 second_order_s=0.010662300 algebra_s=0.038172600 kkt_assembly_s=0.002731200 factor_s=0.155162200 solve_s=0.146215800 update_s=0.009841100 K_nnz=413715 rhs_cols=1 Vxx_nnz=1040400
FILTERDDP_TIMING iteration=26 barrier_iteration=0 stage=3 derivative_s=0.015792500 first_order_s=0.005652300 second_order_s=0.009774200 algebra_s=0.091040400 kkt_assembly_s=0.004767300 factor_s=0.280638800 solve_s=0.130561200 update_s=0.007883600 K_nnz=413715 rhs_cols=1 Vxx_nnz=1040400
FILTERDDP_TIMING iteration=26 barrier_iteration=0 stage=2 derivative_s=0.015808900 first_order_s=0.005523200 second_order_s=0.009962700 algebra_s=0.041365200 kkt_assembly_s=0.005168400 factor_s=0.200067600 solve_s=0.120787500 update_s=0.008889100 K_nnz=413715 rhs_cols=1 Vxx_nnz=1040400
FILTERDDP_TIMING iteration=26 barrier_iteration=0 stage=1 derivative_s=0.012984500 first_order_s=0.005193100 second_order_s=0.007468400 algebra_s=0.087241500 kkt_assembly_s=0.002707300 factor_s=0.167375400 solve_s=0.240380000 update_s=0.008484400 K_nnz=413715 rhs_cols=1 Vxx_nnz=1040400
FILTERDDP_FEASIBILITY iteration=26 barrier_iteration=0 equality_count=253818 equality_rms=3.982184043671e-02 equality_max=8.411223562149e-01 equality_worst_stage=6 equality_worst_index=1 dynamics_count=5100 dynamics_rms=0.000000000000e+00 dynamics_max=0.000000000000e+00 dynamics_worst_stage=0 dynamics_worst_index=0 bound_count=284442 bound_rms=0.000000000000e+00 bound_max=0.000000000000e+00 bound_worst_stage=0 bound_worst_index=0 bound_worst_kind=none
    26   4.59293642e+05   8.4112e-01   6.4501e+02   1.0000e+00    0.00      -     7.8125e-03   3
FILTERDDP_ITER_TIMING iteration=26 barrier_iteration=0 backward_s=2.753529800 forward_s=0.919207800 total_s=3.672737600 outcome=accepted step_size=7.812500000e-03 backtracks=3 mu=1.000000000e+00
FILTERDDP_TIMING iteration=27 barrier_iteration=0 stage=6 derivative_s=0.027845800 first_order_s=0.005924100 second_order_s=0.021609900 algebra_s=0.040000300 kkt_assembly_s=0.002751300 factor_s=0.194546100 solve_s=0.132757500 update_s=0.116976800 K_nnz=413715 rhs_cols=1 Vxx_nnz=1040400
FILTERDDP_TIMING iteration=27 barrier_iteration=0 stage=5 derivative_s=0.015202900 first_order_s=0.005080100 second_order_s=0.009818700 algebra_s=0.036187300 kkt_assembly_s=0.002657000 factor_s=0.167603300 solve_s=0.156329100 update_s=0.006693800 K_nnz=413715 rhs_cols=1 Vxx_nnz=1040400
FILTERDDP_TIMING iteration=27 barrier_iteration=0 stage=4 derivative_s=0.015206500 first_order_s=0.005130900 second_order_s=0.009705300 algebra_s=0.091263300 kkt_assembly_s=0.003646700 factor_s=0.169905200 solve_s=0.242036400 update_s=0.008912400 K_nnz=413715 rhs_cols=1 Vxx_nnz=1040400
FILTERDDP_TIMING iteration=27 barrier_iteration=0 stage=3 derivative_s=0.014545900 first_order_s=0.005109900 second_order_s=0.009126400 algebra_s=0.036845300 kkt_assembly_s=0.002592700 factor_s=0.164623400 solve_s=0.169749300 update_s=0.007636500 K_nnz=413715 rhs_cols=1 Vxx_nnz=1040400
FILTERDDP_TIMING iteration=27 barrier_iteration=0 stage=2 derivative_s=0.016176800 first_order_s=0.005150900 second_order_s=0.010713200 algebra_s=0.085563100 kkt_assembly_s=0.002591000 factor_s=0.161601000 solve_s=0.217789000 update_s=0.006529500 K_nnz=413715 rhs_cols=1 Vxx_nnz=1040400
FILTERDDP_TIMING iteration=27 barrier_iteration=0 stage=1 derivative_s=0.015422600 first_order_s=0.005267500 second_order_s=0.009849700 algebra_s=0.039405900 kkt_assembly_s=0.002777300 factor_s=0.187544500 solve_s=0.142664300 update_s=0.007404800 K_nnz=413715 rhs_cols=1 Vxx_nnz=1040400
FILTERDDP_FEASIBILITY iteration=27 barrier_iteration=0 equality_count=253818 equality_rms=3.965559435063e-02 equality_max=8.345510878070e-01 equality_worst_stage=5 equality_worst_index=1 dynamics_count=5100 dynamics_rms=0.000000000000e+00 dynamics_max=0.000000000000e+00 dynamics_worst_stage=0 dynamics_worst_index=0 bound_count=284442 bound_rms=0.000000000000e+00 bound_max=0.000000000000e+00 bound_worst_stage=0 bound_worst_index=0 bound_worst_kind=none
    27   4.78972459e+05   8.3455e-01   6.3997e+02   1.0000e+00    0.00      -     7.8125e-03   3
FILTERDDP_ITER_TIMING iteration=27 barrier_iteration=0 backward_s=2.721455100 forward_s=0.718235300 total_s=3.439690400 outcome=accepted step_size=1.562500000e-02 backtracks=2 mu=1.000000000e+00
FILTERDDP_TIMING iteration=28 barrier_iteration=0 stage=6 derivative_s=0.150281200 first_order_s=0.006441300 second_order_s=0.143530100 algebra_s=0.040018700 kkt_assembly_s=0.002872000 factor_s=0.147948300 solve_s=0.145750300 update_s=0.009001900 K_nnz=413715 rhs_cols=1 Vxx_nnz=1040400
FILTERDDP_TIMING iteration=28 barrier_iteration=0 stage=5 derivative_s=0.012170100 first_order_s=0.005069700 second_order_s=0.006780300 algebra_s=0.052194300 kkt_assembly_s=0.003358000 factor_s=0.166260100 solve_s=0.190457800 update_s=0.008728700 K_nnz=413715 rhs_cols=1 Vxx_nnz=1040400
FILTERDDP_TIMING iteration=28 barrier_iteration=0 stage=4 derivative_s=0.015605800 first_order_s=0.005192700 second_order_s=0.010042300 algebra_s=0.155762000 kkt_assembly_s=0.002791000 factor_s=0.165353600 solve_s=0.134295000 update_s=0.010060200 K_nnz=413715 rhs_cols=1 Vxx_nnz=1040400
FILTERDDP_TIMING iteration=28 barrier_iteration=0 stage=3 derivative_s=0.036890300 first_order_s=0.005010200 second_order_s=0.031558500 algebra_s=0.036918000 kkt_assembly_s=0.002620800 factor_s=0.163712300 solve_s=0.179632500 update_s=0.007112500 K_nnz=413715 rhs_cols=1 Vxx_nnz=1040400
FILTERDDP_TIMING iteration=28 barrier_iteration=0 stage=2 derivative_s=0.015424000 first_order_s=0.005185900 second_order_s=0.009917600 algebra_s=0.162671300 kkt_assembly_s=0.002735200 factor_s=0.166438100 solve_s=0.134618400 update_s=0.006851700 K_nnz=413715 rhs_cols=1 Vxx_nnz=1040400
FILTERDDP_TIMING iteration=28 barrier_iteration=0 stage=1 derivative_s=0.032014900 first_order_s=0.004893100 second_order_s=0.026799800 algebra_s=0.035729500 kkt_assembly_s=0.002608500 factor_s=0.163216900 solve_s=0.182393700 update_s=0.008981400 K_nnz=413715 rhs_cols=1 Vxx_nnz=1040400
FILTERDDP_FEASIBILITY iteration=28 barrier_iteration=0 equality_count=253818 equality_rms=3.965184540508e-02 equality_max=8.215112270601e-01 equality_worst_stage=1 equality_worst_index=1 dynamics_count=5100 dynamics_rms=0.000000000000e+00 dynamics_max=0.000000000000e+00 dynamics_worst_stage=0 dynamics_worst_index=0 bound_count=284442 bound_rms=0.000000000000e+00 bound_max=0.000000000000e+00 bound_worst_stage=0 bound_worst_index=0 bound_worst_kind=none
    28   5.18145045e+05   8.2151e-01   6.2997e+02   1.0000e+00    0.00      -     1.5625e-02   2
FILTERDDP_ITER_TIMING iteration=28 barrier_iteration=0 backward_s=2.762468100 forward_s=0.815403000 total_s=3.577871100 outcome=accepted step_size=1.562500000e-02 backtracks=3 mu=1.000000000e+00
FILTERDDP_TIMING iteration=29 barrier_iteration=0 stage=6 derivative_s=0.031580400 first_order_s=0.005427200 second_order_s=0.025844600 algebra_s=0.040362800 kkt_assembly_s=0.002692400 factor_s=0.176909600 solve_s=0.153992100 update_s=0.008923800 K_nnz=413715 rhs_cols=1 Vxx_nnz=1040400
FILTERDDP_TIMING iteration=29 barrier_iteration=0 stage=5 derivative_s=0.011880400 first_order_s=0.005188000 second_order_s=0.006349800 algebra_s=0.088682000 kkt_assembly_s=0.002766500 factor_s=0.273831900 solve_s=0.132722100 update_s=0.008753900 K_nnz=413715 rhs_cols=1 Vxx_nnz=1040400
FILTERDDP_TIMING iteration=29 barrier_iteration=0 stage=4 derivative_s=0.012307100 first_order_s=0.005160500 second_order_s=0.006831500 algebra_s=0.035701200 kkt_assembly_s=0.002718400 factor_s=0.183378800 solve_s=0.146817200 update_s=0.007876700 K_nnz=413715 rhs_cols=1 Vxx_nnz=1040400
FILTERDDP_TIMING iteration=29 barrier_iteration=0 stage=3 derivative_s=0.014975200 first_order_s=0.005161300 second_order_s=0.009501800 algebra_s=0.087257400 kkt_assembly_s=0.003011300 factor_s=0.160290900 solve_s=0.240760200 update_s=0.007336500 K_nnz=413715 rhs_cols=1 Vxx_nnz=1040400
FILTERDDP_TIMING iteration=29 barrier_iteration=0 stage=2 derivative_s=0.014685800 first_order_s=0.004948500 second_order_s=0.009421600 algebra_s=0.036207800 kkt_assembly_s=0.003007300 factor_s=0.171073800 solve_s=0.160962300 update_s=0.008285400 K_nnz=413715 rhs_cols=1 Vxx_nnz=1040400
FILTERDDP_TIMING iteration=29 barrier_iteration=0 stage=1 derivative_s=0.015518600 first_order_s=0.005096400 second_order_s=0.010106200 algebra_s=0.084889900 kkt_assembly_s=0.004690200 factor_s=0.178253900 solve_s=0.240096300 update_s=0.008826300 K_nnz=413715 rhs_cols=1 Vxx_nnz=1040400
FILTERDDP_FEASIBILITY iteration=29 barrier_iteration=0 equality_count=253818 equality_rms=3.969424441755e-02 equality_max=8.086751141373e-01 equality_worst_stage=5 equality_worst_index=1 dynamics_count=5100 dynamics_rms=0.000000000000e+00 dynamics_max=0.000000000000e+00 dynamics_worst_stage=0 dynamics_worst_index=0 bound_count=284442 bound_rms=0.000000000000e+00 bound_max=0.000000000000e+00 bound_worst_stage=0 bound_worst_index=0 bound_worst_kind=none
    29   5.56923277e+05   8.0868e-01   6.2013e+02   1.0000e+00    0.00      -     1.5625e-02   3
FILTERDDP_ITER_TIMING iteration=29 barrier_iteration=0 backward_s=2.768598500 forward_s=0.736965400 total_s=3.505563900 outcome=accepted step_size=1.562500000e-02 backtracks=3 mu=1.000000000e+00
FILTERDDP_TIMING iteration=30 barrier_iteration=0 stage=6 derivative_s=0.016097500 first_order_s=0.005168800 second_order_s=0.010619600 algebra_s=0.077429600 kkt_assembly_s=0.002682100 factor_s=0.165257600 solve_s=0.248208300 update_s=0.008837500 K_nnz=413715 rhs_cols=1 Vxx_nnz=1040400
FILTERDDP_TIMING iteration=30 barrier_iteration=0 stage=5 derivative_s=0.012769400 first_order_s=0.005466800 second_order_s=0.006982400 algebra_s=0.036414800 kkt_assembly_s=0.004211900 factor_s=0.178735500 solve_s=0.161938600 update_s=0.008874000 K_nnz=413715 rhs_cols=1 Vxx_nnz=1040400
FILTERDDP_TIMING iteration=30 barrier_iteration=0 stage=4 derivative_s=0.012148800 first_order_s=0.005029800 second_order_s=0.006806200 algebra_s=0.036897300 kkt_assembly_s=0.003487600 factor_s=0.219641900 solve_s=0.128633800 update_s=0.006588000 K_nnz=413715 rhs_cols=1 Vxx_nnz=1040400
FILTERDDP_TIMING iteration=30 barrier_iteration=0 stage=3 derivative_s=0.130603400 first_order_s=0.005237200 second_order_s=0.125035600 algebra_s=0.036714200 kkt_assembly_s=0.002653900 factor_s=0.154647200 solve_s=0.146478100 update_s=0.006677900 K_nnz=413715 rhs_cols=1 Vxx_nnz=1040400
FILTERDDP_TIMING iteration=30 barrier_iteration=0 stage=2 derivative_s=0.012703400 first_order_s=0.005232700 second_order_s=0.007144900 algebra_s=0.037914000 kkt_assembly_s=0.003610700 factor_s=0.236357800 solve_s=0.126464900 update_s=0.009326100 K_nnz=413715 rhs_cols=1 Vxx_nnz=1040400
FILTERDDP_TIMING iteration=30 barrier_iteration=0 stage=1 derivative_s=0.132698300 first_order_s=0.006199900 second_order_s=0.126177700 algebra_s=0.037546600 kkt_assembly_s=0.002990200 factor_s=0.157485600 solve_s=0.150980100 update_s=0.007953100 K_nnz=413715 rhs_cols=1 Vxx_nnz=1040400
FILTERDDP_FEASIBILITY iteration=30 barrier_iteration=0 equality_count=253818 equality_rms=3.977429826833e-02 equality_max=7.960395654789e-01 equality_worst_stage=1 equality_worst_index=1 dynamics_count=5100 dynamics_rms=0.000000000000e+00 dynamics_max=0.000000000000e+00 dynamics_worst_stage=0 dynamics_worst_index=0 bound_count=284442 bound_rms=0.000000000000e+00 bound_max=0.000000000000e+00 bound_worst_stage=0 bound_worst_index=0 bound_worst_kind=none
  iter     objective        pr_inf       du_inf       cs_inf     lg(μ)   lg(reg)    alpha     ls
    30   5.95282622e+05   7.9604e-01   6.1044e+02   1.0000e+00    0.00      -     1.5625e-02   3
FILTERDDP_ITER_TIMING iteration=30 barrier_iteration=0 backward_s=2.729638000 forward_s=0.754210100 total_s=3.483848100 outcome=accepted step_size=1.562500000e-02 backtracks=3 mu=1.000000000e+00
FILTERDDP_TIMING iteration=31 barrier_iteration=0 stage=6 derivative_s=0.130141300 first_order_s=0.005316700 second_order_s=0.124522100 algebra_s=0.038278200 kkt_assembly_s=0.002814100 factor_s=0.141461400 solve_s=0.149265100 update_s=0.008677900 K_nnz=413715 rhs_cols=1 Vxx_nnz=1040400
FILTERDDP_TIMING iteration=31 barrier_iteration=0 stage=5 derivative_s=0.018128400 first_order_s=0.004962100 second_order_s=0.012839300 algebra_s=0.035526300 kkt_assembly_s=0.002758100 factor_s=0.215910800 solve_s=0.142332700 update_s=0.008882000 K_nnz=413715 rhs_cols=1 Vxx_nnz=1040400
FILTERDDP_TIMING iteration=31 barrier_iteration=0 stage=4 derivative_s=0.118495300 first_order_s=0.005095800 second_order_s=0.113080000 algebra_s=0.036762900 kkt_assembly_s=0.003479200 factor_s=0.164642100 solve_s=0.161912600 update_s=0.009129700 K_nnz=413715 rhs_cols=1 Vxx_nnz=1040400
FILTERDDP_TIMING iteration=31 barrier_iteration=0 stage=3 derivative_s=0.015335200 first_order_s=0.005258500 second_order_s=0.009774000 algebra_s=0.036008100 kkt_assembly_s=0.003183600 factor_s=0.227603900 solve_s=0.142652500 update_s=0.008646700 K_nnz=413715 rhs_cols=1 Vxx_nnz=1040400
FILTERDDP_TIMING iteration=31 barrier_iteration=0 stage=2 derivative_s=0.124158900 first_order_s=0.005063100 second_order_s=0.118782700 algebra_s=0.034692500 kkt_assembly_s=0.003158400 factor_s=0.167096600 solve_s=0.154051300 update_s=0.008564400 K_nnz=413715 rhs_cols=1 Vxx_nnz=1040400
FILTERDDP_TIMING iteration=31 barrier_iteration=0 stage=1 derivative_s=0.015427700 first_order_s=0.005290200 second_order_s=0.009821100 algebra_s=0.037511200 kkt_assembly_s=0.004802100 factor_s=0.236892600 solve_s=0.127879700 update_s=0.006504800 K_nnz=413715 rhs_cols=1 Vxx_nnz=1040400
FILTERDDP_FEASIBILITY iteration=31 barrier_iteration=0 equality_count=253818 equality_rms=3.988454396766e-02 equality_max=7.836014472682e-01 equality_worst_stage=1 equality_worst_index=1 dynamics_count=5100 dynamics_rms=0.000000000000e+00 dynamics_max=0.000000000000e+00 dynamics_worst_stage=0 dynamics_worst_index=0 bound_count=284442 bound_rms=0.000000000000e+00 bound_max=0.000000000000e+00 bound_worst_stage=0 bound_worst_index=0 bound_worst_kind=none
    31   6.33201709e+05   7.8360e-01   6.0090e+02   1.0000e+00    0.00      -     1.5625e-02   3
FILTERDDP_ITER_TIMING iteration=31 barrier_iteration=0 backward_s=2.749823300 forward_s=0.764363500 total_s=3.514186800 outcome=accepted step_size=1.562500000e-02 backtracks=2 mu=1.000000000e+00
FILTERDDP_TIMING iteration=32 barrier_iteration=0 stage=6 derivative_s=0.016026300 first_order_s=0.004886000 second_order_s=0.010824100 algebra_s=0.039847100 kkt_assembly_s=0.005244900 factor_s=0.192687200 solve_s=0.143146900 update_s=0.008415000 K_nnz=413715 rhs_cols=1 Vxx_nnz=1040400
FILTERDDP_TIMING iteration=32 barrier_iteration=0 stage=5 derivative_s=0.014528200 first_order_s=0.005068400 second_order_s=0.009136300 algebra_s=0.036433000 kkt_assembly_s=0.002772900 factor_s=0.200146000 solve_s=0.219077100 update_s=0.008292500 K_nnz=413715 rhs_cols=1 Vxx_nnz=1040400
FILTERDDP_TIMING iteration=32 barrier_iteration=0 stage=4 derivative_s=0.020161900 first_order_s=0.005032600 second_order_s=0.014815800 algebra_s=0.037047800 kkt_assembly_s=0.003978500 factor_s=0.167760000 solve_s=0.165214100 update_s=0.007890100 K_nnz=413715 rhs_cols=1 Vxx_nnz=1040400
FILTERDDP_TIMING iteration=32 barrier_iteration=0 stage=3 derivative_s=0.012222500 first_order_s=0.004937700 second_order_s=0.006961600 algebra_s=0.035645700 kkt_assembly_s=0.065400400 factor_s=0.157171500 solve_s=0.228379800 update_s=0.008475100 K_nnz=413715 rhs_cols=1 Vxx_nnz=1040400
FILTERDDP_TIMING iteration=32 barrier_iteration=0 stage=2 derivative_s=0.015076400 first_order_s=0.005010600 second_order_s=0.009753900 algebra_s=0.035543300 kkt_assembly_s=0.002773900 factor_s=0.156862900 solve_s=0.153405100 update_s=0.009314100 K_nnz=413715 rhs_cols=1 Vxx_nnz=1040400
FILTERDDP_TIMING iteration=32 barrier_iteration=0 stage=1 derivative_s=0.015545900 first_order_s=0.005122000 second_order_s=0.010105100 algebra_s=0.090070600 kkt_assembly_s=0.002580500 factor_s=0.165452100 solve_s=0.235714400 update_s=0.008682700 K_nnz=413715 rhs_cols=1 Vxx_nnz=1040400
FILTERDDP_FEASIBILITY iteration=32 barrier_iteration=0 equality_count=253818 equality_rms=4.001829773937e-02 equality_max=7.713576746548e-01 equality_worst_stage=6 equality_worst_index=1 dynamics_count=5100 dynamics_rms=0.000000000000e+00 dynamics_max=0.000000000000e+00 dynamics_worst_stage=0 dynamics_worst_index=0 bound_count=284442 bound_rms=0.000000000000e+00 bound_max=0.000000000000e+00 bound_worst_stage=0 bound_worst_index=0 bound_worst_kind=none
    32   6.70663359e+05   7.7136e-01   5.9151e+02   1.0000e+00    0.00      -     1.5625e-02   2
FILTERDDP_ITER_TIMING iteration=32 barrier_iteration=0 backward_s=2.710837100 forward_s=0.659919100 total_s=3.370756200 outcome=accepted step_size=1.562500000e-02 backtracks=2 mu=1.000000000e+00
FILTERDDP_TIMING iteration=33 barrier_iteration=0 stage=6 derivative_s=0.015928100 first_order_s=0.004773100 second_order_s=0.010848600 algebra_s=0.039275300 kkt_assembly_s=0.004840500 factor_s=0.188308700 solve_s=0.180052800 update_s=0.009800200 K_nnz=413715 rhs_cols=1 Vxx_nnz=1040400
FILTERDDP_TIMING iteration=33 barrier_iteration=0 stage=5 derivative_s=0.014869600 first_order_s=0.004988100 second_order_s=0.009564900 algebra_s=0.153766700 kkt_assembly_s=0.004227500 factor_s=0.174021000 solve_s=0.140158500 update_s=0.006760800 K_nnz=413715 rhs_cols=1 Vxx_nnz=1040400
FILTERDDP_TIMING iteration=33 barrier_iteration=0 stage=4 derivative_s=0.015219000 first_order_s=0.005137000 second_order_s=0.009760300 algebra_s=0.058106200 kkt_assembly_s=0.002599200 factor_s=0.171415100 solve_s=0.195220500 update_s=0.008719700 K_nnz=413715 rhs_cols=1 Vxx_nnz=1040400
FILTERDDP_TIMING iteration=33 barrier_iteration=0 stage=3 derivative_s=0.013721300 first_order_s=0.005500700 second_order_s=0.007899800 algebra_s=0.174172900 kkt_assembly_s=0.002620500 factor_s=0.161156600 solve_s=0.142291000 update_s=0.008455000 K_nnz=413715 rhs_cols=1 Vxx_nnz=1040400
FILTERDDP_TIMING iteration=33 barrier_iteration=0 stage=2 derivative_s=0.014768800 first_order_s=0.004942000 second_order_s=0.009532300 algebra_s=0.058600300 kkt_assembly_s=0.002657500 factor_s=0.172650700 solve_s=0.186000300 update_s=0.007177900 K_nnz=413715 rhs_cols=1 Vxx_nnz=1040400
FILTERDDP_TIMING iteration=33 barrier_iteration=0 stage=1 derivative_s=0.013504200 first_order_s=0.006131600 second_order_s=0.007067200 algebra_s=0.036839600 kkt_assembly_s=0.125490900 factor_s=0.162679700 solve_s=0.126185300 update_s=0.008164700 K_nnz=413715 rhs_cols=1 Vxx_nnz=1040400
FILTERDDP_FEASIBILITY iteration=33 barrier_iteration=0 equality_count=253818 equality_rms=4.016952275447e-02 equality_max=7.593052109883e-01 equality_worst_stage=5 equality_worst_index=1 dynamics_count=5100 dynamics_rms=0.000000000000e+00 dynamics_max=0.000000000000e+00 dynamics_worst_stage=0 dynamics_worst_index=0 bound_count=284442 bound_rms=0.000000000000e+00 bound_max=0.000000000000e+00 bound_worst_stage=0 bound_worst_index=0 bound_worst_kind=none
    33   7.07654765e+05   7.5931e-01   5.8227e+02   1.0000e+00    0.00      -     1.5625e-02   2
FILTERDDP_ITER_TIMING iteration=33 barrier_iteration=0 backward_s=2.809044500 forward_s=0.780777700 total_s=3.589822200 outcome=accepted step_size=1.562500000e-02 backtracks=3 mu=1.000000000e+00
FILTERDDP_TIMING iteration=34 barrier_iteration=0 stage=6 derivative_s=0.016316300 first_order_s=0.005063100 second_order_s=0.010928300 algebra_s=0.155254000 kkt_assembly_s=0.003848600 factor_s=0.165743300 solve_s=0.138068200 update_s=0.012219600 K_nnz=413715 rhs_cols=1 Vxx_nnz=1040400
FILTERDDP_TIMING iteration=34 barrier_iteration=0 stage=5 derivative_s=0.015383300 first_order_s=0.005744900 second_order_s=0.009265000 algebra_s=0.058333900 kkt_assembly_s=0.002709900 factor_s=0.159151500 solve_s=0.176504300 update_s=0.008920300 K_nnz=413715 rhs_cols=1 Vxx_nnz=1040400
FILTERDDP_TIMING iteration=34 barrier_iteration=0 stage=4 derivative_s=0.015415500 first_order_s=0.005233500 second_order_s=0.009881600 algebra_s=0.037047200 kkt_assembly_s=0.003019000 factor_s=0.294701100 solve_s=0.117522700 update_s=0.007229100 K_nnz=413715 rhs_cols=1 Vxx_nnz=1040400
FILTERDDP_TIMING iteration=34 barrier_iteration=0 stage=3 derivative_s=0.015187200 first_order_s=0.005057400 second_order_s=0.009827200 algebra_s=0.055985200 kkt_assembly_s=0.003006900 factor_s=0.170195500 solve_s=0.188916400 update_s=0.008611200 K_nnz=413715 rhs_cols=1 Vxx_nnz=1040400
FILTERDDP_TIMING iteration=34 barrier_iteration=0 stage=2 derivative_s=0.015410800 first_order_s=0.004966800 second_order_s=0.010139100 algebra_s=0.036603900 kkt_assembly_s=0.002632100 factor_s=0.301094700 solve_s=0.149134800 update_s=0.008883500 K_nnz=413715 rhs_cols=1 Vxx_nnz=1040400
FILTERDDP_TIMING iteration=34 barrier_iteration=0 stage=1 derivative_s=0.015753100 first_order_s=0.005202100 second_order_s=0.010234900 algebra_s=0.052725000 kkt_assembly_s=0.004264200 factor_s=0.164859300 solve_s=0.134101400 update_s=0.056878800 K_nnz=413715 rhs_cols=1 Vxx_nnz=1040400
FILTERDDP_FEASIBILITY iteration=34 barrier_iteration=0 equality_count=253818 equality_rms=4.033276864669e-02 equality_max=7.474410670667e-01 equality_worst_stage=1 equality_worst_index=1 dynamics_count=5100 dynamics_rms=0.000000000000e+00 dynamics_max=0.000000000000e+00 dynamics_worst_stage=0 dynamics_worst_index=0 bound_count=284442 bound_rms=0.000000000000e+00 bound_max=0.000000000000e+00 bound_worst_stage=0 bound_worst_index=0 bound_worst_kind=none
    34   7.44167140e+05   7.4744e-01   5.7317e+02   1.0000e+00    0.00      -     1.5625e-02   3
FILTERDDP_ITER_TIMING iteration=34 barrier_iteration=0 backward_s=2.779723100 forward_s=0.869453100 total_s=3.649176200 outcome=accepted step_size=1.562500000e-02 backtracks=3 mu=1.000000000e+00
FILTERDDP_TIMING iteration=35 barrier_iteration=0 stage=6 derivative_s=0.016957700 first_order_s=0.005193800 second_order_s=0.011456400 algebra_s=0.053069700 kkt_assembly_s=0.002647600 factor_s=0.145968900 solve_s=0.117573800 update_s=0.038121400 K_nnz=413715 rhs_cols=1 Vxx_nnz=1040400
FILTERDDP_TIMING iteration=35 barrier_iteration=0 stage=5 derivative_s=0.014049600 first_order_s=0.005051600 second_order_s=0.008674100 algebra_s=0.036681600 kkt_assembly_s=0.003459200 factor_s=0.218995000 solve_s=0.121824700 update_s=0.009137100 K_nnz=413715 rhs_cols=1 Vxx_nnz=1040400
FILTERDDP_TIMING iteration=35 barrier_iteration=0 stage=4 derivative_s=0.130981600 first_order_s=0.005635000 second_order_s=0.125023600 algebra_s=0.040214600 kkt_assembly_s=0.004232000 factor_s=0.176690000 solve_s=0.149033700 update_s=0.008581200 K_nnz=413715 rhs_cols=1 Vxx_nnz=1040400
FILTERDDP_TIMING iteration=35 barrier_iteration=0 stage=3 derivative_s=0.012412800 first_order_s=0.005120800 second_order_s=0.006933600 algebra_s=0.036916900 kkt_assembly_s=0.002739700 factor_s=0.215563600 solve_s=0.123590100 update_s=0.006985200 K_nnz=413715 rhs_cols=1 Vxx_nnz=1040400
FILTERDDP_TIMING iteration=35 barrier_iteration=0 stage=2 derivative_s=0.122572300 first_order_s=0.004937700 second_order_s=0.117303800 algebra_s=0.035414900 kkt_assembly_s=0.004141000 factor_s=0.159853700 solve_s=0.151187200 update_s=0.009366100 K_nnz=413715 rhs_cols=1 Vxx_nnz=1040400
FILTERDDP_TIMING iteration=35 barrier_iteration=0 stage=1 derivative_s=0.019881500 first_order_s=0.005095700 second_order_s=0.014455200 algebra_s=0.035522600 kkt_assembly_s=0.002670100 factor_s=0.186110100 solve_s=0.127606400 update_s=0.006400900 K_nnz=413715 rhs_cols=1 Vxx_nnz=1040400
FILTERDDP_FEASIBILITY iteration=35 barrier_iteration=0 equality_count=253818 equality_rms=4.050314390083e-02 equality_max=7.357623003937e-01 equality_worst_stage=1 equality_worst_index=1 dynamics_count=5100 dynamics_rms=0.000000000000e+00 dynamics_max=0.000000000000e+00 dynamics_worst_stage=0 dynamics_worst_index=0 bound_count=284442 bound_rms=0.000000000000e+00 bound_max=0.000000000000e+00 bound_worst_stage=0 bound_worst_index=0 bound_worst_kind=none
    35   7.80195120e+05   7.3576e-01   5.6422e+02   1.0000e+00    0.00      -     1.5625e-02   3
FILTERDDP_ITER_TIMING iteration=35 barrier_iteration=0 backward_s=2.553849000 forward_s=0.872726300 total_s=3.426575300 outcome=accepted step_size=1.562500000e-02 backtracks=3 mu=1.000000000e+00
FILTERDDP_TIMING iteration=36 barrier_iteration=0 stage=6 derivative_s=0.016289000 first_order_s=0.004953800 second_order_s=0.011039200 algebra_s=0.045258300 kkt_assembly_s=0.002578600 factor_s=0.160672000 solve_s=0.154363700 update_s=0.008681200 K_nnz=413715 rhs_cols=1 Vxx_nnz=1040400
FILTERDDP_TIMING iteration=36 barrier_iteration=0 stage=5 derivative_s=0.014421200 first_order_s=0.004986400 second_order_s=0.009113000 algebra_s=0.084258200 kkt_assembly_s=0.002843100 factor_s=0.167278100 solve_s=0.238331700 update_s=0.007323100 K_nnz=413715 rhs_cols=1 Vxx_nnz=1040400
FILTERDDP_TIMING iteration=36 barrier_iteration=0 stage=4 derivative_s=0.014812500 first_order_s=0.005519500 second_order_s=0.008956300 algebra_s=0.037197200 kkt_assembly_s=0.002706100 factor_s=0.161613000 solve_s=0.162242300 update_s=0.008443900 K_nnz=413715 rhs_cols=1 Vxx_nnz=1040400
FILTERDDP_TIMING iteration=36 barrier_iteration=0 stage=3 derivative_s=0.014405200 first_order_s=0.005421900 second_order_s=0.008666200 algebra_s=0.036247800 kkt_assembly_s=0.002613900 factor_s=0.224428100 solve_s=0.251060400 update_s=0.006505700 K_nnz=413715 rhs_cols=1 Vxx_nnz=1040400
FILTERDDP_TIMING iteration=36 barrier_iteration=0 stage=2 derivative_s=0.015120700 first_order_s=0.005010900 second_order_s=0.009745900 algebra_s=0.040976300 kkt_assembly_s=0.005350700 factor_s=0.176580800 solve_s=0.136765200 update_s=0.006604800 K_nnz=413715 rhs_cols=1 Vxx_nnz=1040400
FILTERDDP_TIMING iteration=36 barrier_iteration=0 stage=1 derivative_s=0.015213700 first_order_s=0.005094200 second_order_s=0.009807400 algebra_s=0.036366000 kkt_assembly_s=0.002567400 factor_s=0.211835000 solve_s=0.137696800 update_s=0.118976600 K_nnz=413715 rhs_cols=1 Vxx_nnz=1040400
FILTERDDP_FEASIBILITY iteration=36 barrier_iteration=0 equality_count=253818 equality_rms=4.067629781462e-02 equality_max=7.242660144501e-01 equality_worst_stage=5 equality_worst_index=1 dynamics_count=5100 dynamics_rms=0.000000000000e+00 dynamics_max=0.000000000000e+00 dynamics_worst_stage=0 dynamics_worst_index=0 bound_count=284442 bound_rms=0.000000000000e+00 bound_max=0.000000000000e+00 bound_worst_stage=0 bound_worst_index=0 bound_worst_kind=none
    36   8.15736116e+05   7.2427e-01   5.5540e+02   1.0000e+00    0.00      -     1.5625e-02   3
FILTERDDP_ITER_TIMING iteration=36 barrier_iteration=0 backward_s=2.736308500 forward_s=0.733863200 total_s=3.470171700 outcome=accepted step_size=1.562500000e-02 backtracks=3 mu=1.000000000e+00
FILTERDDP_TIMING iteration=37 barrier_iteration=0 stage=6 derivative_s=0.033207500 first_order_s=0.008143300 second_order_s=0.024590000 algebra_s=0.045306800 kkt_assembly_s=0.002605400 factor_s=0.166736100 solve_s=0.145213200 update_s=0.006617500 K_nnz=413715 rhs_cols=1 Vxx_nnz=1040400
FILTERDDP_TIMING iteration=37 barrier_iteration=0 stage=5 derivative_s=0.015071000 first_order_s=0.005140600 second_order_s=0.009611500 algebra_s=0.086235400 kkt_assembly_s=0.002711900 factor_s=0.154147600 solve_s=0.238739700 update_s=0.009394200 K_nnz=413715 rhs_cols=1 Vxx_nnz=1040400
FILTERDDP_TIMING iteration=37 barrier_iteration=0 stage=4 derivative_s=0.013587200 first_order_s=0.005538600 second_order_s=0.007730800 algebra_s=0.036654000 kkt_assembly_s=0.002667300 factor_s=0.184783100 solve_s=0.154788700 update_s=0.009236400 K_nnz=413715 rhs_cols=1 Vxx_nnz=1040400
FILTERDDP_TIMING iteration=37 barrier_iteration=0 stage=3 derivative_s=0.015142200 first_order_s=0.005053000 second_order_s=0.009776900 algebra_s=0.087496000 kkt_assembly_s=0.002537500 factor_s=0.154328000 solve_s=0.221093400 update_s=0.006321700 K_nnz=413715 rhs_cols=1 Vxx_nnz=1040400
FILTERDDP_TIMING iteration=37 barrier_iteration=0 stage=2 derivative_s=0.012392000 first_order_s=0.005016400 second_order_s=0.007051300 algebra_s=0.036092100 kkt_assembly_s=0.002692100 factor_s=0.158572900 solve_s=0.169270500 update_s=0.007842400 K_nnz=413715 rhs_cols=1 Vxx_nnz=1040400
FILTERDDP_TIMING iteration=37 barrier_iteration=0 stage=1 derivative_s=0.021903800 first_order_s=0.008240200 second_order_s=0.013308900 algebra_s=0.084847500 kkt_assembly_s=0.002973800 factor_s=0.168262500 solve_s=0.238262000 update_s=0.008413100 K_nnz=413715 rhs_cols=1 Vxx_nnz=1040400
FILTERDDP_FEASIBILITY iteration=37 barrier_iteration=0 equality_count=253818 equality_rms=4.084840157727e-02 equality_max=7.129493579743e-01 equality_worst_stage=5 equality_worst_index=1 dynamics_count=5100 dynamics_rms=0.000000000000e+00 dynamics_max=0.000000000000e+00 dynamics_worst_stage=0 dynamics_worst_index=0 bound_count=284442 bound_rms=0.000000000000e+00 bound_max=0.000000000000e+00 bound_worst_stage=0 bound_worst_index=0 bound_worst_kind=none
    37   8.50789724e+05   7.1295e-01   5.4672e+02   1.0000e+00    0.00      -     1.5625e-02   3
FILTERDDP_ITER_TIMING iteration=37 barrier_iteration=0 backward_s=2.714032000 forward_s=0.723880100 total_s=3.437912100 outcome=accepted step_size=1.562500000e-02 backtracks=3 mu=1.000000000e+00
FILTERDDP_TIMING iteration=38 barrier_iteration=0 stage=6 derivative_s=0.016521700 first_order_s=0.005210800 second_order_s=0.010972900 algebra_s=0.047235000 kkt_assembly_s=0.004697200 factor_s=0.159357800 solve_s=0.177483700 update_s=0.008103900 K_nnz=413715 rhs_cols=1 Vxx_nnz=1040400
FILTERDDP_TIMING iteration=38 barrier_iteration=0 stage=5 derivative_s=0.015237000 first_order_s=0.004952100 second_order_s=0.009970500 algebra_s=0.157927400 kkt_assembly_s=0.002726000 factor_s=0.163982000 solve_s=0.149185300 update_s=0.008535900 K_nnz=413715 rhs_cols=1 Vxx_nnz=1040400
FILTERDDP_TIMING iteration=38 barrier_iteration=0 stage=4 derivative_s=0.034215100 first_order_s=0.004971200 second_order_s=0.028919400 algebra_s=0.037420300 kkt_assembly_s=0.002620200 factor_s=0.182745000 solve_s=0.130345100 update_s=0.009333000 K_nnz=413715 rhs_cols=1 Vxx_nnz=1040400
FILTERDDP_TIMING iteration=38 barrier_iteration=0 stage=3 derivative_s=0.015697600 first_order_s=0.005158200 second_order_s=0.010235100 algebra_s=0.164592000 kkt_assembly_s=0.002913800 factor_s=0.157243200 solve_s=0.123967200 update_s=0.028666100 K_nnz=413715 rhs_cols=1 Vxx_nnz=1040400
FILTERDDP_TIMING iteration=38 barrier_iteration=0 stage=2 derivative_s=0.014835200 first_order_s=0.004657400 second_order_s=0.009886200 algebra_s=0.037458300 kkt_assembly_s=0.002837500 factor_s=0.202424600 solve_s=0.139826900 update_s=0.008847100 K_nnz=413715 rhs_cols=1 Vxx_nnz=1040400
FILTERDDP_TIMING iteration=38 barrier_iteration=0 stage=1 derivative_s=0.015215500 first_order_s=0.005123200 second_order_s=0.009791500 algebra_s=0.087125000 kkt_assembly_s=0.002882700 factor_s=0.169579600 solve_s=0.250452400 update_s=0.009503500 K_nnz=413715 rhs_cols=1 Vxx_nnz=1040400
FILTERDDP_FEASIBILITY iteration=38 barrier_iteration=0 equality_count=253818 equality_rms=4.101612523983e-02 equality_max=7.018095242558e-01 equality_worst_stage=6 equality_worst_index=1 dynamics_count=5100 dynamics_rms=0.000000000000e+00 dynamics_max=0.000000000000e+00 dynamics_worst_stage=0 dynamics_worst_index=0 bound_count=284442 bound_rms=0.000000000000e+00 bound_max=0.000000000000e+00 bound_worst_stage=0 bound_worst_index=0 bound_worst_kind=none
    38   8.85357218e+05   7.0181e-01   5.3818e+02   1.0000e+00    0.00      -     1.5625e-02   3
FILTERDDP_ITER_TIMING iteration=38 barrier_iteration=0 backward_s=2.750208900 forward_s=0.720494300 total_s=3.470703200 outcome=accepted step_size=1.562500000e-02 backtracks=3 mu=1.000000000e+00
FILTERDDP_TIMING iteration=39 barrier_iteration=0 stage=6 derivative_s=0.017048700 first_order_s=0.005347000 second_order_s=0.011393300 algebra_s=0.048049700 kkt_assembly_s=0.003666200 factor_s=0.240414700 solve_s=0.133737000 update_s=0.008910400 K_nnz=413715 rhs_cols=1 Vxx_nnz=1040400
FILTERDDP_TIMING iteration=39 barrier_iteration=0 stage=5 derivative_s=0.129967300 first_order_s=0.005216000 second_order_s=0.124434800 algebra_s=0.036864700 kkt_assembly_s=0.002886000 factor_s=0.163911200 solve_s=0.175642800 update_s=0.009203600 K_nnz=413715 rhs_cols=1 Vxx_nnz=1040400
FILTERDDP_TIMING iteration=39 barrier_iteration=0 stage=4 derivative_s=0.015632500 first_order_s=0.005198700 second_order_s=0.010119800 algebra_s=0.036183100 kkt_assembly_s=0.002718600 factor_s=0.223050600 solve_s=0.119196300 update_s=0.006495100 K_nnz=413715 rhs_cols=1 Vxx_nnz=1040400
FILTERDDP_TIMING iteration=39 barrier_iteration=0 stage=3 derivative_s=0.146999800 first_order_s=0.005031900 second_order_s=0.141663000 algebra_s=0.037110800 kkt_assembly_s=0.002656000 factor_s=0.154340200 solve_s=0.155012200 update_s=0.007583400 K_nnz=413715 rhs_cols=1 Vxx_nnz=1040400
FILTERDDP_TIMING iteration=39 barrier_iteration=0 stage=2 derivative_s=0.014516700 first_order_s=0.006945000 second_order_s=0.007245000 algebra_s=0.035139800 kkt_assembly_s=0.002705000 factor_s=0.207044700 solve_s=0.126613000 update_s=0.009787500 K_nnz=413715 rhs_cols=1 Vxx_nnz=1040400
FILTERDDP_TIMING iteration=39 barrier_iteration=0 stage=1 derivative_s=0.015044800 first_order_s=0.004898200 second_order_s=0.009787000 algebra_s=0.157195300 kkt_assembly_s=0.002574900 factor_s=0.157031500 solve_s=0.127341000 update_s=0.030728900 K_nnz=413715 rhs_cols=1 Vxx_nnz=1040400
FILTERDDP_FEASIBILITY iteration=39 barrier_iteration=0 equality_count=253818 equality_rms=4.117661038801e-02 equality_max=6.908437504393e-01 equality_worst_stage=6 equality_worst_index=1 dynamics_count=5100 dynamics_rms=0.000000000000e+00 dynamics_max=0.000000000000e+00 dynamics_worst_stage=0 dynamics_worst_index=0 bound_count=284442 bound_rms=0.000000000000e+00 bound_max=0.000000000000e+00 bound_worst_stage=0 bound_worst_index=0 bound_worst_kind=none
    39   9.19441138e+05   6.9084e-01   5.2977e+02   1.0000e+00    0.00      -     1.5625e-02   3
FILTERDDP_ITER_TIMING iteration=39 barrier_iteration=0 backward_s=2.769682900 forward_s=0.869305800 total_s=3.638988700 outcome=accepted step_size=1.562500000e-02 backtracks=3 mu=1.000000000e+00
FILTERDDP_TIMING iteration=40 barrier_iteration=0 stage=6 derivative_s=0.023654100 first_order_s=0.005971900 second_order_s=0.017354900 algebra_s=0.159729000 kkt_assembly_s=0.003090200 factor_s=0.151254900 solve_s=0.121228900 update_s=0.029741800 K_nnz=413715 rhs_cols=1 Vxx_nnz=1040400
FILTERDDP_TIMING iteration=40 barrier_iteration=0 stage=5 derivative_s=0.015624800 first_order_s=0.005058000 second_order_s=0.010276100 algebra_s=0.037073300 kkt_assembly_s=0.003214600 factor_s=0.210092200 solve_s=0.151380800 update_s=0.008837300 K_nnz=413715 rhs_cols=1 Vxx_nnz=1040400
FILTERDDP_TIMING iteration=40 barrier_iteration=0 stage=4 derivative_s=0.015224400 first_order_s=0.005056900 second_order_s=0.009817300 algebra_s=0.152868000 kkt_assembly_s=0.002813200 factor_s=0.161300200 solve_s=0.151700000 update_s=0.031327800 K_nnz=413715 rhs_cols=1 Vxx_nnz=1040400
FILTERDDP_TIMING iteration=40 barrier_iteration=0 stage=3 derivative_s=0.015233300 first_order_s=0.005113300 second_order_s=0.009829500 algebra_s=0.038495800 kkt_assembly_s=0.005078700 factor_s=0.226858800 solve_s=0.139015500 update_s=0.008363800 K_nnz=413715 rhs_cols=1 Vxx_nnz=1040400
FILTERDDP_TIMING iteration=40 barrier_iteration=0 stage=2 derivative_s=0.015368600 first_order_s=0.005285900 second_order_s=0.009780700 algebra_s=0.151703400 kkt_assembly_s=0.002632000 factor_s=0.169995000 solve_s=0.135728300 update_s=0.028925600 K_nnz=413715 rhs_cols=1 Vxx_nnz=1040400
FILTERDDP_TIMING iteration=40 barrier_iteration=0 stage=1 derivative_s=0.015087900 first_order_s=0.005003400 second_order_s=0.009760900 algebra_s=0.034777900 kkt_assembly_s=0.002945300 factor_s=0.215628200 solve_s=0.141786500 update_s=0.009529300 K_nnz=413715 rhs_cols=1 Vxx_nnz=1040400
FILTERDDP_FEASIBILITY iteration=40 barrier_iteration=0 equality_count=253818 equality_rms=4.132743934032e-02 equality_max=6.800493168388e-01 equality_worst_stage=1 equality_worst_index=1 dynamics_count=5100 dynamics_rms=0.000000000000e+00 dynamics_max=0.000000000000e+00 dynamics_worst_stage=0 dynamics_worst_index=0 bound_count=284442 bound_rms=0.000000000000e+00 bound_max=0.000000000000e+00 bound_worst_stage=0 bound_worst_index=0 bound_worst_kind=none
  iter     objective        pr_inf       du_inf       cs_inf     lg(μ)   lg(reg)    alpha     ls
    40   9.53044968e+05   6.8005e-01   5.2149e+02   1.0000e+00    0.00      -     1.5625e-02   3
FILTERDDP_ITER_TIMING iteration=40 barrier_iteration=0 backward_s=2.796149300 forward_s=0.827348800 total_s=3.623498100 outcome=accepted step_size=1.562500000e-02 backtracks=3 mu=1.000000000e+00
FILTERDDP_TIMING iteration=41 barrier_iteration=0 stage=6 derivative_s=0.034416000 first_order_s=0.005206600 second_order_s=0.028926800 algebra_s=0.039668400 kkt_assembly_s=0.004285800 factor_s=0.189357900 solve_s=0.129415700 update_s=0.007177800 K_nnz=413715 rhs_cols=1 Vxx_nnz=1040400
FILTERDDP_TIMING iteration=41 barrier_iteration=0 stage=5 derivative_s=0.014024600 first_order_s=0.004788000 second_order_s=0.008922000 algebra_s=0.049389900 kkt_assembly_s=0.002736700 factor_s=0.211552300 solve_s=0.130454600 update_s=0.008124000 K_nnz=413715 rhs_cols=1 Vxx_nnz=1040400
FILTERDDP_TIMING iteration=41 barrier_iteration=0 stage=4 derivative_s=0.124613900 first_order_s=0.004977200 second_order_s=0.119310700 algebra_s=0.034616000 kkt_assembly_s=0.003142000 factor_s=0.163191300 solve_s=0.151742500 update_s=0.007015700 K_nnz=413715 rhs_cols=1 Vxx_nnz=1040400
FILTERDDP_TIMING iteration=41 barrier_iteration=0 stage=3 derivative_s=0.014439800 first_order_s=0.004964500 second_order_s=0.009177100 algebra_s=0.035840700 kkt_assembly_s=0.004718100 factor_s=0.218639400 solve_s=0.146208900 update_s=0.008897700 K_nnz=413715 rhs_cols=1 Vxx_nnz=1040400
FILTERDDP_TIMING iteration=41 barrier_iteration=0 stage=2 derivative_s=0.129473300 first_order_s=0.005070700 second_order_s=0.124078800 algebra_s=0.033721100 kkt_assembly_s=0.002560800 factor_s=0.162610600 solve_s=0.156909000 update_s=0.008105200 K_nnz=413715 rhs_cols=1 Vxx_nnz=1040400
FILTERDDP_TIMING iteration=41 barrier_iteration=0 stage=1 derivative_s=0.015045600 first_order_s=0.004951900 second_order_s=0.009789600 algebra_s=0.037641600 kkt_assembly_s=0.002872300 factor_s=0.226290200 solve_s=0.251922600 update_s=0.006613300 K_nnz=413715 rhs_cols=1 Vxx_nnz=1040400
FILTERDDP_FEASIBILITY iteration=41 barrier_iteration=0 equality_count=253818 equality_rms=4.146660197756e-02 equality_max=6.694235462631e-01 equality_worst_stage=4 equality_worst_index=1 dynamics_count=5100 dynamics_rms=0.000000000000e+00 dynamics_max=0.000000000000e+00 dynamics_worst_stage=0 dynamics_worst_index=0 bound_count=284442 bound_rms=0.000000000000e+00 bound_max=0.000000000000e+00 bound_worst_stage=0 bound_worst_index=0 bound_worst_kind=none
    41   9.86172877e+05   6.6942e-01   5.1334e+02   1.0000e+00    0.00      -     1.5625e-02   3
FILTERDDP_ITER_TIMING iteration=41 barrier_iteration=0 backward_s=2.775042900 forward_s=0.726749000 total_s=3.501791900 outcome=accepted step_size=1.562500000e-02 backtracks=3 mu=1.000000000e+00
FILTERDDP_TIMING iteration=42 barrier_iteration=0 stage=6 derivative_s=0.040998100 first_order_s=0.005272000 second_order_s=0.035437300 algebra_s=0.037569800 kkt_assembly_s=0.002702800 factor_s=0.170337300 solve_s=0.129469400 update_s=0.008896900 K_nnz=413715 rhs_cols=1 Vxx_nnz=1040400
FILTERDDP_TIMING iteration=42 barrier_iteration=0 stage=5 derivative_s=0.073407800 first_order_s=0.005536800 second_order_s=0.067455100 algebra_s=0.035557400 kkt_assembly_s=0.002669400 factor_s=0.287410700 solve_s=0.138109500 update_s=0.009605900 K_nnz=413715 rhs_cols=1 Vxx_nnz=1040400
FILTERDDP_TIMING iteration=42 barrier_iteration=0 stage=4 derivative_s=0.015115800 first_order_s=0.004912200 second_order_s=0.009885400 algebra_s=0.051859800 kkt_assembly_s=0.004341800 factor_s=0.166532000 solve_s=0.178047600 update_s=0.010141600 K_nnz=413715 rhs_cols=1 Vxx_nnz=1040400
FILTERDDP_TIMING iteration=42 barrier_iteration=0 stage=3 derivative_s=0.026238700 first_order_s=0.009692400 second_order_s=0.015970700 algebra_s=0.041008000 kkt_assembly_s=0.003646800 factor_s=0.297996800 solve_s=0.133320500 update_s=0.008636400 K_nnz=413715 rhs_cols=1 Vxx_nnz=1040400
FILTERDDP_TIMING iteration=42 barrier_iteration=0 stage=2 derivative_s=0.015341300 first_order_s=0.005217000 second_order_s=0.009807000 algebra_s=0.052698600 kkt_assembly_s=0.004673700 factor_s=0.167767000 solve_s=0.173383700 update_s=0.008724600 K_nnz=413715 rhs_cols=1 Vxx_nnz=1040400
FILTERDDP_TIMING iteration=42 barrier_iteration=0 stage=1 derivative_s=0.015117600 first_order_s=0.005000400 second_order_s=0.009805700 algebra_s=0.036116400 kkt_assembly_s=0.002625500 factor_s=0.285556600 solve_s=0.141761200 update_s=0.007767600 K_nnz=413715 rhs_cols=1 Vxx_nnz=1040400
FILTERDDP_FEASIBILITY iteration=42 barrier_iteration=0 equality_count=253818 equality_rms=4.159246131924e-02 equality_max=6.589638033528e-01 equality_worst_stage=5 equality_worst_index=1 dynamics_count=5100 dynamics_rms=0.000000000000e+00 dynamics_max=0.000000000000e+00 dynamics_worst_stage=0 dynamics_worst_index=0 bound_count=284442 bound_rms=0.000000000000e+00 bound_max=0.000000000000e+00 bound_worst_stage=0 bound_worst_index=0 bound_worst_kind=none
    42   1.01882952e+06   6.5896e-01   5.0532e+02   1.0000e+00    0.00      -     1.5625e-02   3
FILTERDDP_ITER_TIMING iteration=42 barrier_iteration=0 backward_s=2.793045200 forward_s=0.791242900 total_s=3.584288100 outcome=accepted step_size=1.562500000e-02 backtracks=3 mu=1.000000000e+00
FILTERDDP_TIMING iteration=43 barrier_iteration=0 stage=6 derivative_s=0.059663000 first_order_s=0.005318000 second_order_s=0.054036900 algebra_s=0.038434800 kkt_assembly_s=0.005014900 factor_s=0.289621500 solve_s=0.137271800 update_s=0.008036000 K_nnz=413715 rhs_cols=1 Vxx_nnz=1040400
FILTERDDP_TIMING iteration=43 barrier_iteration=0 stage=5 derivative_s=0.015158500 first_order_s=0.005013300 second_order_s=0.009836600 algebra_s=0.036643300 kkt_assembly_s=0.019791900 factor_s=0.154586300 solve_s=0.122861100 update_s=0.006505600 K_nnz=413715 rhs_cols=1 Vxx_nnz=1040400
FILTERDDP_TIMING iteration=43 barrier_iteration=0 stage=4 derivative_s=0.063760800 first_order_s=0.056484800 second_order_s=0.006953800 algebra_s=0.036408200 kkt_assembly_s=0.002539800 factor_s=0.272723500 solve_s=0.129137200 update_s=0.007373300 K_nnz=413715 rhs_cols=1 Vxx_nnz=1040400
FILTERDDP_TIMING iteration=43 barrier_iteration=0 stage=3 derivative_s=0.016559500 first_order_s=0.004996800 second_order_s=0.011256800 algebra_s=0.035428900 kkt_assembly_s=0.004713100 factor_s=0.208661800 solve_s=0.121579800 update_s=0.006726700 K_nnz=413715 rhs_cols=1 Vxx_nnz=1040400
FILTERDDP_TIMING iteration=43 barrier_iteration=0 stage=2 derivative_s=0.014952800 first_order_s=0.004990700 second_order_s=0.009655000 algebra_s=0.083752200 kkt_assembly_s=0.002767600 factor_s=0.155836500 solve_s=0.240509600 update_s=0.011970400 K_nnz=413715 rhs_cols=1 Vxx_nnz=1040400
FILTERDDP_TIMING iteration=43 barrier_iteration=0 stage=1 derivative_s=0.018653100 first_order_s=0.006446600 second_order_s=0.011838700 algebra_s=0.036897000 kkt_assembly_s=0.002638900 factor_s=0.222874100 solve_s=0.150352100 update_s=0.008961400 K_nnz=413715 rhs_cols=1 Vxx_nnz=1040400
FILTERDDP_FEASIBILITY iteration=43 barrier_iteration=0 equality_count=253818 equality_rms=4.170371882579e-02 equality_max=6.486674939255e-01 equality_worst_stage=1 equality_worst_index=1 dynamics_count=5100 dynamics_rms=0.000000000000e+00 dynamics_max=0.000000000000e+00 dynamics_worst_stage=0 dynamics_worst_index=0 bound_count=284442 bound_rms=0.000000000000e+00 bound_max=0.000000000000e+00 bound_worst_stage=0 bound_worst_index=0 bound_worst_kind=none
    43   1.05101990e+06   6.4867e-01   4.9743e+02   1.0000e+00    0.00      -     1.5625e-02   3
FILTERDDP_ITER_TIMING iteration=43 barrier_iteration=0 backward_s=2.757199900 forward_s=0.896016000 total_s=3.653215900 outcome=accepted step_size=1.562500000e-02 backtracks=3 mu=1.000000000e+00
FILTERDDP_TIMING iteration=44 barrier_iteration=0 stage=6 derivative_s=0.016053400 first_order_s=0.004772000 second_order_s=0.010996600 algebra_s=0.039343300 kkt_assembly_s=0.004878400 factor_s=0.199565900 solve_s=0.125299500 update_s=0.006974600 K_nnz=413715 rhs_cols=1 Vxx_nnz=1040400
FILTERDDP_TIMING iteration=44 barrier_iteration=0 stage=5 derivative_s=0.018895500 first_order_s=0.008740100 second_order_s=0.009549500 algebra_s=0.052558700 kkt_assembly_s=0.002707200 factor_s=0.168655100 solve_s=0.194305500 update_s=0.008171400 K_nnz=413715 rhs_cols=1 Vxx_nnz=1040400
FILTERDDP_TIMING iteration=44 barrier_iteration=0 stage=4 derivative_s=0.014795400 first_order_s=0.005200200 second_order_s=0.009125000 algebra_s=0.162363600 kkt_assembly_s=0.003563300 factor_s=0.152888400 solve_s=0.128336900 update_s=0.031928000 K_nnz=413715 rhs_cols=1 Vxx_nnz=1040400
FILTERDDP_TIMING iteration=44 barrier_iteration=0 stage=3 derivative_s=0.016915600 first_order_s=0.005920400 second_order_s=0.010637900 algebra_s=0.037258500 kkt_assembly_s=0.002628800 factor_s=0.202339800 solve_s=0.129098100 update_s=0.009701600 K_nnz=413715 rhs_cols=1 Vxx_nnz=1040400
FILTERDDP_TIMING iteration=44 barrier_iteration=0 stage=2 derivative_s=0.016331600 first_order_s=0.007700900 second_order_s=0.008245600 algebra_s=0.154770300 kkt_assembly_s=0.003079400 factor_s=0.151684200 solve_s=0.115831800 update_s=0.027305000 K_nnz=413715 rhs_cols=1 Vxx_nnz=1040400
FILTERDDP_TIMING iteration=44 barrier_iteration=0 stage=1 derivative_s=0.013035600 first_order_s=0.005432800 second_order_s=0.007298100 algebra_s=0.038501300 kkt_assembly_s=0.003519400 factor_s=0.202176700 solve_s=0.134331700 update_s=0.008751900 K_nnz=413715 rhs_cols=1 Vxx_nnz=1040400
FILTERDDP_FEASIBILITY iteration=44 barrier_iteration=0 equality_count=253818 equality_rms=4.179938019138e-02 equality_max=6.385320643329e-01 equality_worst_stage=4 equality_worst_index=1 dynamics_count=5100 dynamics_rms=0.000000000000e+00 dynamics_max=0.000000000000e+00 dynamics_worst_stage=0 dynamics_worst_index=0 bound_count=284442 bound_rms=0.000000000000e+00 bound_max=0.000000000000e+00 bound_worst_stage=0 bound_worst_index=0 bound_worst_kind=none
    44   1.08274923e+06   6.3853e-01   4.8966e+02   1.0000e+00    0.00      -     1.5625e-02   3
FILTERDDP_ITER_TIMING iteration=44 barrier_iteration=0 backward_s=2.605584300 forward_s=0.841942200 total_s=3.447526500 outcome=accepted step_size=1.562500000e-02 backtracks=3 mu=1.000000000e+00
FILTERDDP_TIMING iteration=45 barrier_iteration=0 stage=6 derivative_s=0.029545100 first_order_s=0.005127200 second_order_s=0.024099000 algebra_s=0.040799900 kkt_assembly_s=0.005126900 factor_s=0.195181600 solve_s=0.145504500 update_s=0.008516000 K_nnz=413715 rhs_cols=1 Vxx_nnz=1040400
FILTERDDP_TIMING iteration=45 barrier_iteration=0 stage=5 derivative_s=0.026076000 first_order_s=0.004904400 second_order_s=0.020829800 algebra_s=0.036631600 kkt_assembly_s=0.003337400 factor_s=0.220430700 solve_s=0.235788300 update_s=0.006689300 K_nnz=413715 rhs_cols=1 Vxx_nnz=1040400
FILTERDDP_TIMING iteration=45 barrier_iteration=0 stage=4 derivative_s=0.015446400 first_order_s=0.005272300 second_order_s=0.009861800 algebra_s=0.040424600 kkt_assembly_s=0.003391900 factor_s=0.174416700 solve_s=0.160475000 update_s=0.007310500 K_nnz=413715 rhs_cols=1 Vxx_nnz=1040400
FILTERDDP_TIMING iteration=45 barrier_iteration=0 stage=3 derivative_s=0.018524700 first_order_s=0.006007900 second_order_s=0.011917400 algebra_s=0.096151100 kkt_assembly_s=0.002783500 factor_s=0.160971000 solve_s=0.256146400 update_s=0.008850200 K_nnz=413715 rhs_cols=1 Vxx_nnz=1040400
FILTERDDP_TIMING iteration=45 barrier_iteration=0 stage=2 derivative_s=0.015369400 first_order_s=0.005048100 second_order_s=0.010019600 algebra_s=0.036719800 kkt_assembly_s=0.002868900 factor_s=0.170533900 solve_s=0.172547600 update_s=0.006614400 K_nnz=413715 rhs_cols=1 Vxx_nnz=1040400
FILTERDDP_TIMING iteration=45 barrier_iteration=0 stage=1 derivative_s=0.015348000 first_order_s=0.004881700 second_order_s=0.010152400 algebra_s=0.086270700 kkt_assembly_s=0.003118500 factor_s=0.169565600 solve_s=0.243587700 update_s=0.009697000 K_nnz=413715 rhs_cols=1 Vxx_nnz=1040400
FILTERDDP_FEASIBILITY iteration=45 barrier_iteration=0 equality_count=253818 equality_rms=4.187872216640e-02 equality_max=6.285550008278e-01 equality_worst_stage=4 equality_worst_index=1 dynamics_count=5100 dynamics_rms=0.000000000000e+00 dynamics_max=0.000000000000e+00 dynamics_worst_stage=0 dynamics_worst_index=0 bound_count=284442 bound_rms=0.000000000000e+00 bound_max=0.000000000000e+00 bound_worst_stage=0 bound_worst_index=0 bound_worst_kind=none
    45   1.11402285e+06   6.2856e-01   4.8200e+02   1.0000e+00    0.00      -     1.5625e-02   3
FILTERDDP_ITER_TIMING iteration=45 barrier_iteration=0 backward_s=2.838057100 forward_s=0.733545400 total_s=3.571602500 outcome=accepted step_size=1.562500000e-02 backtracks=3 mu=1.000000000e+00
FILTERDDP_TIMING iteration=46 barrier_iteration=0 stage=6 derivative_s=0.016127000 first_order_s=0.005038200 second_order_s=0.010794300 algebra_s=0.078946000 kkt_assembly_s=0.005049300 factor_s=0.178366600 solve_s=0.226560400 update_s=0.008531400 K_nnz=413715 rhs_cols=1 Vxx_nnz=1040400
FILTERDDP_TIMING iteration=46 barrier_iteration=0 stage=5 derivative_s=0.016797700 first_order_s=0.005111600 second_order_s=0.011371200 algebra_s=0.036293500 kkt_assembly_s=0.002710600 factor_s=0.157157100 solve_s=0.158946100 update_s=0.009950100 K_nnz=413715 rhs_cols=1 Vxx_nnz=1040400
FILTERDDP_TIMING iteration=46 barrier_iteration=0 stage=4 derivative_s=0.016791900 first_order_s=0.005175700 second_order_s=0.011257300 algebra_s=0.085780400 kkt_assembly_s=0.002718700 factor_s=0.160082800 solve_s=0.245194100 update_s=0.006699800 K_nnz=413715 rhs_cols=1 Vxx_nnz=1040400
FILTERDDP_TIMING iteration=46 barrier_iteration=0 stage=3 derivative_s=0.015828500 first_order_s=0.005282400 second_order_s=0.010193400 algebra_s=0.040477400 kkt_assembly_s=0.002996100 factor_s=0.160484900 solve_s=0.170967300 update_s=0.007705800 K_nnz=413715 rhs_cols=1 Vxx_nnz=1040400
FILTERDDP_TIMING iteration=46 barrier_iteration=0 stage=2 derivative_s=0.015188800 first_order_s=0.005061300 second_order_s=0.009814100 algebra_s=0.085307900 kkt_assembly_s=0.003266000 factor_s=0.182649300 solve_s=0.250070500 update_s=0.008796900 K_nnz=413715 rhs_cols=1 Vxx_nnz=1040400
FILTERDDP_TIMING iteration=46 barrier_iteration=0 stage=1 derivative_s=0.015751700 first_order_s=0.005106100 second_order_s=0.010344000 algebra_s=0.036499900 kkt_assembly_s=0.002573700 factor_s=0.162095200 solve_s=0.144369600 update_s=0.008674900 K_nnz=413715 rhs_cols=1 Vxx_nnz=1040400
FILTERDDP_FEASIBILITY iteration=46 barrier_iteration=0 equality_count=253818 equality_rms=4.194126075455e-02 equality_max=6.187338289398e-01 equality_worst_stage=1 equality_worst_index=1 dynamics_count=5100 dynamics_rms=0.000000000000e+00 dynamics_max=0.000000000000e+00 dynamics_worst_stage=0 dynamics_worst_index=0 bound_count=284442 bound_rms=0.000000000000e+00 bound_max=0.000000000000e+00 bound_worst_stage=0 bound_worst_index=0 bound_worst_kind=none
    46   1.14484617e+06   6.1873e-01   4.7447e+02   1.0000e+00    0.00      -     1.5625e-02   3
FILTERDDP_ITER_TIMING iteration=46 barrier_iteration=0 backward_s=2.734616500 forward_s=0.809638000 total_s=3.544254500 outcome=accepted step_size=1.562500000e-02 backtracks=3 mu=1.000000000e+00
FILTERDDP_TIMING iteration=47 barrier_iteration=0 stage=6 derivative_s=0.016416600 first_order_s=0.005204700 second_order_s=0.010892700 algebra_s=0.045666200 kkt_assembly_s=0.002702800 factor_s=0.179963900 solve_s=0.137029100 update_s=0.008567900 K_nnz=413715 rhs_cols=1 Vxx_nnz=1040400
FILTERDDP_TIMING iteration=47 barrier_iteration=0 stage=5 derivative_s=0.014663900 first_order_s=0.004989500 second_order_s=0.009379900 algebra_s=0.051999500 kkt_assembly_s=0.002790900 factor_s=0.169201600 solve_s=0.194145600 update_s=0.009013000 K_nnz=413715 rhs_cols=1 Vxx_nnz=1040400
FILTERDDP_TIMING iteration=47 barrier_iteration=0 stage=4 derivative_s=0.015646100 first_order_s=0.005130500 second_order_s=0.010179600 algebra_s=0.159241100 kkt_assembly_s=0.003230800 factor_s=0.165563600 solve_s=0.150195800 update_s=0.009048600 K_nnz=413715 rhs_cols=1 Vxx_nnz=1040400
FILTERDDP_TIMING iteration=47 barrier_iteration=0 stage=3 derivative_s=0.035826700 first_order_s=0.005033400 second_order_s=0.030478500 algebra_s=0.037304800 kkt_assembly_s=0.002590300 factor_s=0.167561700 solve_s=0.197826500 update_s=0.006860600 K_nnz=413715 rhs_cols=1 Vxx_nnz=1040400
FILTERDDP_TIMING iteration=47 barrier_iteration=0 stage=2 derivative_s=0.018888100 first_order_s=0.007706600 second_order_s=0.010532800 algebra_s=0.158325900 kkt_assembly_s=0.002667400 factor_s=0.153567300 solve_s=0.128664400 update_s=0.009041200 K_nnz=413715 rhs_cols=1 Vxx_nnz=1040400
FILTERDDP_TIMING iteration=47 barrier_iteration=0 stage=1 derivative_s=0.045802200 first_order_s=0.007324500 second_order_s=0.037945900 algebra_s=0.038457200 kkt_assembly_s=0.003556700 factor_s=0.235617500 solve_s=0.121966500 update_s=0.008010600 K_nnz=413715 rhs_cols=1 Vxx_nnz=1040400
FILTERDDP_FEASIBILITY iteration=47 barrier_iteration=0 equality_count=253818 equality_rms=4.198672098804e-02 equality_max=6.090661128625e-01 equality_worst_stage=1 equality_worst_index=1 dynamics_count=5100 dynamics_rms=0.000000000000e+00 dynamics_max=0.000000000000e+00 dynamics_worst_stage=0 dynamics_worst_index=0 bound_count=284442 bound_rms=0.000000000000e+00 bound_max=0.000000000000e+00 bound_worst_stage=0 bound_worst_index=0 bound_worst_kind=none
    47   1.17522461e+06   6.0907e-01   4.6706e+02   1.0000e+00    0.00      -     1.5625e-02   3
FILTERDDP_ITER_TIMING iteration=47 barrier_iteration=0 backward_s=2.828578200 forward_s=0.816228600 total_s=3.644806800 outcome=accepted step_size=1.562500000e-02 backtracks=3 mu=1.000000000e+00
FILTERDDP_TIMING iteration=48 barrier_iteration=0 stage=6 derivative_s=0.030862400 first_order_s=0.005122800 second_order_s=0.025434200 algebra_s=0.036972200 kkt_assembly_s=0.002695600 factor_s=0.164986100 solve_s=0.131720300 update_s=0.006826500 K_nnz=413715 rhs_cols=1 Vxx_nnz=1040400
FILTERDDP_TIMING iteration=48 barrier_iteration=0 stage=5 derivative_s=0.015421200 first_order_s=0.005280700 second_order_s=0.009828900 algebra_s=0.049086700 kkt_assembly_s=0.003363700 factor_s=0.208405800 solve_s=0.132052700 update_s=0.009902700 K_nnz=413715 rhs_cols=1 Vxx_nnz=1040400
FILTERDDP_TIMING iteration=48 barrier_iteration=0 stage=4 derivative_s=0.133166300 first_order_s=0.004994500 second_order_s=0.127856200 algebra_s=0.037712300 kkt_assembly_s=0.002738200 factor_s=0.162462200 solve_s=0.154794600 update_s=0.007389900 K_nnz=413715 rhs_cols=1 Vxx_nnz=1040400
FILTERDDP_TIMING iteration=48 barrier_iteration=0 stage=3 derivative_s=0.012959100 first_order_s=0.005482100 second_order_s=0.007189100 algebra_s=0.040066100 kkt_assembly_s=0.002935300 factor_s=0.205136400 solve_s=0.138137600 update_s=0.006900600 K_nnz=413715 rhs_cols=1 Vxx_nnz=1040400
FILTERDDP_TIMING iteration=48 barrier_iteration=0 stage=2 derivative_s=0.121105000 first_order_s=0.113212300 second_order_s=0.007525700 algebra_s=0.036567800 kkt_assembly_s=0.006207200 factor_s=0.166706500 solve_s=0.148574100 update_s=0.008581900 K_nnz=413715 rhs_cols=1 Vxx_nnz=1040400
FILTERDDP_TIMING iteration=48 barrier_iteration=0 stage=1 derivative_s=0.012022800 first_order_s=0.005215100 second_order_s=0.006502300 algebra_s=0.038026200 kkt_assembly_s=0.005674900 factor_s=0.230214900 solve_s=0.229390200 update_s=0.006580800 K_nnz=413715 rhs_cols=1 Vxx_nnz=1040400
FILTERDDP_FEASIBILITY iteration=48 barrier_iteration=0 equality_count=253818 equality_rms=4.201500839556e-02 equality_max=5.995494548491e-01 equality_worst_stage=6 equality_worst_index=1 dynamics_count=5100 dynamics_rms=0.000000000000e+00 dynamics_max=0.000000000000e+00 dynamics_worst_stage=0 dynamics_worst_index=0 bound_count=284442 bound_rms=0.000000000000e+00 bound_max=0.000000000000e+00 bound_worst_stage=0 bound_worst_index=0 bound_worst_kind=none
    48   1.20516355e+06   5.9955e-01   4.5976e+02   1.0000e+00    0.00      -     1.5625e-02   3
FILTERDDP_ITER_TIMING iteration=48 barrier_iteration=0 backward_s=2.713424800 forward_s=0.758720100 total_s=3.472144900 outcome=accepted step_size=1.562500000e-02 backtracks=3 mu=1.000000000e+00
FILTERDDP_TIMING iteration=49 barrier_iteration=0 stage=6 derivative_s=0.016908200 first_order_s=0.005036000 second_order_s=0.011549800 algebra_s=0.038547200 kkt_assembly_s=0.002774900 factor_s=0.168552900 solve_s=0.199390700 update_s=0.008381900 K_nnz=413715 rhs_cols=1 Vxx_nnz=1040400
FILTERDDP_TIMING iteration=49 barrier_iteration=0 stage=5 derivative_s=0.012428600 first_order_s=0.005211400 second_order_s=0.006892800 algebra_s=0.151292800 kkt_assembly_s=0.003825400 factor_s=0.157726900 solve_s=0.140171100 update_s=0.008836100 K_nnz=413715 rhs_cols=1 Vxx_nnz=1040400
FILTERDDP_TIMING iteration=49 barrier_iteration=0 stage=4 derivative_s=0.046272200 first_order_s=0.005017800 second_order_s=0.040926900 algebra_s=0.037601400 kkt_assembly_s=0.002976200 factor_s=0.172135700 solve_s=0.180887000 update_s=0.009823300 K_nnz=413715 rhs_cols=1 Vxx_nnz=1040400
FILTERDDP_TIMING iteration=49 barrier_iteration=0 stage=3 derivative_s=0.015768400 first_order_s=0.005143100 second_order_s=0.010252700 algebra_s=0.143700400 kkt_assembly_s=0.003355500 factor_s=0.164412000 solve_s=0.130389300 update_s=0.029934900 K_nnz=413715 rhs_cols=1 Vxx_nnz=1040400
FILTERDDP_TIMING iteration=49 barrier_iteration=0 stage=2 derivative_s=0.015551700 first_order_s=0.005183800 second_order_s=0.010052400 algebra_s=0.039257000 kkt_assembly_s=0.002670400 factor_s=0.200486500 solve_s=0.148649900 update_s=0.009486500 K_nnz=413715 rhs_cols=1 Vxx_nnz=1040400
FILTERDDP_TIMING iteration=49 barrier_iteration=0 stage=1 derivative_s=0.015156400 first_order_s=0.005153300 second_order_s=0.009668800 algebra_s=0.151451400 kkt_assembly_s=0.002634000 factor_s=0.162490700 solve_s=0.133679600 update_s=0.029614300 K_nnz=413715 rhs_cols=1 Vxx_nnz=1040400
FILTERDDP_FEASIBILITY iteration=49 barrier_iteration=0 equality_count=253818 equality_rms=4.202618223335e-02 equality_max=5.901814946170e-01 equality_worst_stage=6 equality_worst_index=1 dynamics_count=5100 dynamics_rms=0.000000000000e+00 dynamics_max=0.000000000000e+00 dynamics_worst_stage=0 dynamics_worst_index=0 bound_count=284442 bound_rms=0.000000000000e+00 bound_max=0.000000000000e+00 bound_worst_stage=0 bound_worst_index=0 bound_worst_kind=none
    49   1.23466833e+06   5.9018e-01   4.5258e+02   1.0000e+00    0.00      -     1.5625e-02   3
FILTERDDP_ITER_TIMING iteration=49 barrier_iteration=0 backward_s=2.764180200 forward_s=0.741200100 total_s=3.505380300 outcome=accepted step_size=1.562500000e-02 backtracks=3 mu=1.000000000e+00
FILTERDDP_TIMING iteration=50 barrier_iteration=0 stage=6 derivative_s=0.016398100 first_order_s=0.005007400 second_order_s=0.011097600 algebra_s=0.160621700 kkt_assembly_s=0.003122400 factor_s=0.156428000 solve_s=0.131750300 update_s=0.031612000 K_nnz=413715 rhs_cols=1 Vxx_nnz=1040400
FILTERDDP_TIMING iteration=50 barrier_iteration=0 stage=5 derivative_s=0.015204700 first_order_s=0.005073900 second_order_s=0.009827800 algebra_s=0.036187900 kkt_assembly_s=0.002648300 factor_s=0.219146900 solve_s=0.150058300 update_s=0.008695400 K_nnz=413715 rhs_cols=1 Vxx_nnz=1040400
FILTERDDP_TIMING iteration=50 barrier_iteration=0 stage=4 derivative_s=0.015204800 first_order_s=0.005063500 second_order_s=0.009833300 algebra_s=0.151236600 kkt_assembly_s=0.002605900 factor_s=0.162773600 solve_s=0.135546000 update_s=0.029465100 K_nnz=413715 rhs_cols=1 Vxx_nnz=1040400
FILTERDDP_TIMING iteration=50 barrier_iteration=0 stage=3 derivative_s=0.017591400 first_order_s=0.006215800 second_order_s=0.011052700 algebra_s=0.035937300 kkt_assembly_s=0.002589500 factor_s=0.203998900 solve_s=0.142903700 update_s=0.009915900 K_nnz=413715 rhs_cols=1 Vxx_nnz=1040400
FILTERDDP_TIMING iteration=50 barrier_iteration=0 stage=2 derivative_s=0.015454000 first_order_s=0.005046900 second_order_s=0.010052500 algebra_s=0.148990100 kkt_assembly_s=0.002853500 factor_s=0.162227100 solve_s=0.143957300 update_s=0.028165200 K_nnz=413715 rhs_cols=1 Vxx_nnz=1040400
FILTERDDP_TIMING iteration=50 barrier_iteration=0 stage=1 derivative_s=0.016357400 first_order_s=0.006195400 second_order_s=0.009842000 algebra_s=0.036397700 kkt_assembly_s=0.002736700 factor_s=0.217699500 solve_s=0.135355900 update_s=0.006607500 K_nnz=413715 rhs_cols=1 Vxx_nnz=1040400
FILTERDDP_FEASIBILITY iteration=50 barrier_iteration=0 equality_count=253818 equality_rms=4.202043053840e-02 equality_max=5.809599087637e-01 equality_worst_stage=1 equality_worst_index=1 dynamics_count=5100 dynamics_rms=0.000000000000e+00 dynamics_max=0.000000000000e+00 dynamics_worst_stage=0 dynamics_worst_index=0 bound_count=284442 bound_rms=0.000000000000e+00 bound_max=0.000000000000e+00 bound_worst_stage=0 bound_worst_index=0 bound_worst_kind=none
  iter     objective        pr_inf       du_inf       cs_inf     lg(μ)   lg(reg)    alpha     ls
    50   1.26374422e+06   5.8096e-01   4.4551e+02   1.0000e+00    0.00      -     1.5625e-02   3
FILTERDDP_ITER_TIMING iteration=50 barrier_iteration=0 backward_s=2.766584800 forward_s=0.649769800 total_s=3.416354600 outcome=accepted step_size=3.125000000e-02 backtracks=2 mu=1.000000000e+00
FILTERDDP_TIMING iteration=51 barrier_iteration=0 stage=6 derivative_s=0.017572000 first_order_s=0.005283100 second_order_s=0.011983100 algebra_s=0.061489200 kkt_assembly_s=0.005508400 factor_s=0.179253000 solve_s=0.151028400 update_s=0.011389100 K_nnz=413715 rhs_cols=1 Vxx_nnz=1040400
FILTERDDP_TIMING iteration=51 barrier_iteration=0 stage=5 derivative_s=0.015922000 first_order_s=0.005172800 second_order_s=0.010434200 algebra_s=0.088174600 kkt_assembly_s=0.003596600 factor_s=0.161477700 solve_s=0.262334700 update_s=0.008169400 K_nnz=413715 rhs_cols=1 Vxx_nnz=1040400
FILTERDDP_TIMING iteration=51 barrier_iteration=0 stage=4 derivative_s=0.015311000 first_order_s=0.005016400 second_order_s=0.009975300 algebra_s=0.037161500 kkt_assembly_s=0.002731200 factor_s=0.161230400 solve_s=0.153969000 update_s=0.007243200 K_nnz=413715 rhs_cols=1 Vxx_nnz=1040400
FILTERDDP_TIMING iteration=51 barrier_iteration=0 stage=3 derivative_s=0.015902300 first_order_s=0.005491500 second_order_s=0.010095800 algebra_s=0.092915800 kkt_assembly_s=0.003197100 factor_s=0.163094200 solve_s=0.253570800 update_s=0.008963800 K_nnz=413715 rhs_cols=1 Vxx_nnz=1040400
FILTERDDP_TIMING iteration=51 barrier_iteration=0 stage=2 derivative_s=0.025934900 first_order_s=0.008289300 second_order_s=0.017317900 algebra_s=0.036523600 kkt_assembly_s=0.002697600 factor_s=0.172548600 solve_s=0.161465600 update_s=0.008532400 K_nnz=413715 rhs_cols=1 Vxx_nnz=1040400
FILTERDDP_TIMING iteration=51 barrier_iteration=0 stage=1 derivative_s=0.016786200 first_order_s=0.006026800 second_order_s=0.010443400 algebra_s=0.087565900 kkt_assembly_s=0.002652100 factor_s=0.161261900 solve_s=0.249302400 update_s=0.006956600 K_nnz=413715 rhs_cols=1 Vxx_nnz=1040400
FILTERDDP_FEASIBILITY iteration=51 barrier_iteration=0 equality_count=253818 equality_rms=4.328253608870e-02 equality_max=5.628049116148e-01 equality_worst_stage=6 equality_worst_index=1 dynamics_count=5100 dynamics_rms=0.000000000000e+00 dynamics_max=0.000000000000e+00 dynamics_worst_stage=0 dynamics_worst_index=0 bound_count=284442 bound_rms=0.000000000000e+00 bound_max=0.000000000000e+00 bound_worst_stage=0 bound_worst_index=0 bound_worst_kind=none
    51   1.32105049e+06   5.6280e-01   4.3158e+02   1.0000e+00    0.00      -     3.1250e-02   2
FILTERDDP_ITER_TIMING iteration=51 barrier_iteration=0 backward_s=2.820889700 forward_s=1.044029600 total_s=3.864919300 outcome=accepted step_size=3.125000000e-02 backtracks=3 mu=1.000000000e+00
FILTERDDP_TIMING iteration=52 barrier_iteration=0 stage=6 derivative_s=0.021258100 first_order_s=0.006017600 second_order_s=0.014834200 algebra_s=0.052124000 kkt_assembly_s=0.002732100 factor_s=0.159376000 solve_s=0.187157200 update_s=0.009163500 K_nnz=413715 rhs_cols=1 Vxx_nnz=1040400
FILTERDDP_TIMING iteration=52 barrier_iteration=0 stage=5 derivative_s=0.015193800 first_order_s=0.004974400 second_order_s=0.009912200 algebra_s=0.160927900 kkt_assembly_s=0.003849600 factor_s=0.164725600 solve_s=0.146037000 update_s=0.008937300 K_nnz=413715 rhs_cols=1 Vxx_nnz=1040400
FILTERDDP_TIMING iteration=52 barrier_iteration=0 stage=4 derivative_s=0.015345100 first_order_s=0.005249300 second_order_s=0.009794100 algebra_s=0.056932400 kkt_assembly_s=0.002703200 factor_s=0.165727300 solve_s=0.189296400 update_s=0.007965700 K_nnz=413715 rhs_cols=1 Vxx_nnz=1040400
FILTERDDP_TIMING iteration=52 barrier_iteration=0 stage=3 derivative_s=0.014400900 first_order_s=0.005035700 second_order_s=0.009012200 algebra_s=0.161006100 kkt_assembly_s=0.002603300 factor_s=0.166003100 solve_s=0.132173700 update_s=0.008896700 K_nnz=413715 rhs_cols=1 Vxx_nnz=1040400
FILTERDDP_TIMING iteration=52 barrier_iteration=0 stage=2 derivative_s=0.038062600 first_order_s=0.004891100 second_order_s=0.032865700 algebra_s=0.044865800 kkt_assembly_s=0.003399000 factor_s=0.169440100 solve_s=0.178203000 update_s=0.008950600 K_nnz=413715 rhs_cols=1 Vxx_nnz=1040400
FILTERDDP_TIMING iteration=52 barrier_iteration=0 stage=1 derivative_s=0.014573400 first_order_s=0.005121000 second_order_s=0.009136500 algebra_s=0.169284800 kkt_assembly_s=0.003573600 factor_s=0.149709500 solve_s=0.140821100 update_s=0.008639600 K_nnz=413715 rhs_cols=1 Vxx_nnz=1040400
FILTERDDP_FEASIBILITY iteration=52 barrier_iteration=0 equality_count=253818 equality_rms=4.440737034437e-02 equality_max=5.452172581269e-01 equality_worst_stage=4 equality_worst_index=1 dynamics_count=5100 dynamics_rms=0.000000000000e+00 dynamics_max=0.000000000000e+00 dynamics_worst_stage=0 dynamics_worst_index=0 bound_count=284442 bound_rms=0.000000000000e+00 bound_max=0.000000000000e+00 bound_worst_stage=0 bound_worst_index=0 bound_worst_kind=none
    52   1.37668050e+06   5.4522e-01   4.1810e+02   1.0000e+00    0.00      -     3.1250e-02   3
FILTERDDP_ITER_TIMING iteration=52 barrier_iteration=0 backward_s=2.792203600 forward_s=0.721391100 total_s=3.513594700 outcome=accepted step_size=3.125000000e-02 backtracks=3 mu=1.000000000e+00
FILTERDDP_TIMING iteration=53 barrier_iteration=0 stage=6 derivative_s=0.016300700 first_order_s=0.005286700 second_order_s=0.010696300 algebra_s=0.077681600 kkt_assembly_s=0.002708700 factor_s=0.163478200 solve_s=0.248729700 update_s=0.007909000 K_nnz=413715 rhs_cols=1 Vxx_nnz=1040400
FILTERDDP_TIMING iteration=53 barrier_iteration=0 stage=5 derivative_s=0.015337500 first_order_s=0.005159600 second_order_s=0.009870400 algebra_s=0.037039900 kkt_assembly_s=0.004407100 factor_s=0.180637600 solve_s=0.141925900 update_s=0.008691600 K_nnz=413715 rhs_cols=1 Vxx_nnz=1040400
FILTERDDP_TIMING iteration=53 barrier_iteration=0 stage=4 derivative_s=0.012262000 first_order_s=0.005017900 second_order_s=0.006938800 algebra_s=0.087278600 kkt_assembly_s=0.003609800 factor_s=0.161958800 solve_s=0.253425400 update_s=0.008345800 K_nnz=413715 rhs_cols=1 Vxx_nnz=1040400
FILTERDDP_TIMING iteration=53 barrier_iteration=0 stage=3 derivative_s=0.015908100 first_order_s=0.005353800 second_order_s=0.010247300 algebra_s=0.039662800 kkt_assembly_s=0.002675900 factor_s=0.159943800 solve_s=0.149282000 update_s=0.007008200 K_nnz=413715 rhs_cols=1 Vxx_nnz=1040400
FILTERDDP_TIMING iteration=53 barrier_iteration=0 stage=2 derivative_s=0.012821200 first_order_s=0.005188400 second_order_s=0.007314200 algebra_s=0.086351200 kkt_assembly_s=0.002686100 factor_s=0.155248500 solve_s=0.221793200 update_s=0.010487100 K_nnz=413715 rhs_cols=1 Vxx_nnz=1040400
FILTERDDP_TIMING iteration=53 barrier_iteration=0 stage=1 derivative_s=0.022424100 first_order_s=0.008219200 second_order_s=0.013869800 algebra_s=0.038126900 kkt_assembly_s=0.004798500 factor_s=0.221804400 solve_s=0.123824300 update_s=0.008368700 K_nnz=413715 rhs_cols=1 Vxx_nnz=1040400
FILTERDDP_FEASIBILITY iteration=53 barrier_iteration=0 equality_count=253818 equality_rms=4.538904021805e-02 equality_max=5.349619691916e-01 equality_worst_stage=1 equality_worst_index=31063 dynamics_count=5100 dynamics_rms=0.000000000000e+00 dynamics_max=0.000000000000e+00 dynamics_worst_stage=0 dynamics_worst_index=0 bound_count=284442 bound_rms=0.000000000000e+00 bound_max=0.000000000000e+00 bound_worst_stage=0 bound_worst_index=0 bound_worst_kind=none
    53   1.43067483e+06   5.3496e-01   4.0503e+02   1.0000e+00    0.00      -     3.1250e-02   3
FILTERDDP_ITER_TIMING iteration=53 barrier_iteration=0 backward_s=2.722777300 forward_s=0.859257600 total_s=3.582034900 outcome=accepted step_size=3.125000000e-02 backtracks=3 mu=1.000000000e+00
FILTERDDP_TIMING iteration=54 barrier_iteration=0 stage=6 derivative_s=0.016450200 first_order_s=0.005136500 second_order_s=0.011006000 algebra_s=0.037952800 kkt_assembly_s=0.003307400 factor_s=0.176973800 solve_s=0.132079200 update_s=0.007680600 K_nnz=413715 rhs_cols=1 Vxx_nnz=1040400
FILTERDDP_TIMING iteration=54 barrier_iteration=0 stage=5 derivative_s=0.014353900 first_order_s=0.005037700 second_order_s=0.008997400 algebra_s=0.053063900 kkt_assembly_s=0.004936500 factor_s=0.171792500 solve_s=0.170497300 update_s=0.007037600 K_nnz=413715 rhs_cols=1 Vxx_nnz=1040400
FILTERDDP_TIMING iteration=54 barrier_iteration=0 stage=4 derivative_s=0.015366500 first_order_s=0.004970700 second_order_s=0.010076200 algebra_s=0.130484300 kkt_assembly_s=0.003256300 factor_s=0.162517600 solve_s=0.152360500 update_s=0.007116900 K_nnz=413715 rhs_cols=1 Vxx_nnz=1040400
FILTERDDP_TIMING iteration=54 barrier_iteration=0 stage=3 derivative_s=0.015370000 first_order_s=0.005593500 second_order_s=0.009462400 algebra_s=0.037410300 kkt_assembly_s=0.002735800 factor_s=0.210546200 solve_s=0.120478900 update_s=0.006427000 K_nnz=413715 rhs_cols=1 Vxx_nnz=1040400
FILTERDDP_TIMING iteration=54 barrier_iteration=0 stage=2 derivative_s=0.013309600 first_order_s=0.005567900 second_order_s=0.007421000 algebra_s=0.142367600 kkt_assembly_s=0.003040400 factor_s=0.160035600 solve_s=0.168873200 update_s=0.009007700 K_nnz=413715 rhs_cols=1 Vxx_nnz=1040400
FILTERDDP_TIMING iteration=54 barrier_iteration=0 stage=1 derivative_s=0.015026200 first_order_s=0.005026600 second_order_s=0.009680200 algebra_s=0.036904600 kkt_assembly_s=0.002582900 factor_s=0.213592800 solve_s=0.136354300 update_s=0.009731300 K_nnz=413715 rhs_cols=1 Vxx_nnz=1040400
FILTERDDP_FEASIBILITY iteration=54 barrier_iteration=0 equality_count=253818 equality_rms=4.622782441090e-02 equality_max=5.583434629261e-01 equality_worst_stage=1 equality_worst_index=31063 dynamics_count=5100 dynamics_rms=0.000000000000e+00 dynamics_max=0.000000000000e+00 dynamics_worst_stage=0 dynamics_worst_index=0 bound_count=284442 bound_rms=0.000000000000e+00 bound_max=0.000000000000e+00 bound_worst_stage=0 bound_worst_index=0 bound_worst_kind=none
    54   1.48307316e+06   5.5834e-01   3.9237e+02   1.0000e+00    0.00      -     3.1250e-02   3
FILTERDDP_ITER_TIMING iteration=54 barrier_iteration=0 backward_s=2.576784800 forward_s=0.828632600 total_s=3.405417400 outcome=accepted step_size=3.125000000e-02 backtracks=3 mu=1.000000000e+00
FILTERDDP_TIMING iteration=55 barrier_iteration=0 stage=6 derivative_s=0.016865700 first_order_s=0.005149200 second_order_s=0.011392800 algebra_s=0.038143100 kkt_assembly_s=0.003716600 factor_s=0.188358600 solve_s=0.120190200 update_s=0.007062000 K_nnz=413715 rhs_cols=1 Vxx_nnz=1040400
FILTERDDP_TIMING iteration=55 barrier_iteration=0 stage=5 derivative_s=0.027002500 first_order_s=0.004983200 second_order_s=0.021701400 algebra_s=0.034682500 kkt_assembly_s=0.002679600 factor_s=0.203024900 solve_s=0.230763300 update_s=0.006739300 K_nnz=413715 rhs_cols=1 Vxx_nnz=1040400
FILTERDDP_TIMING iteration=55 barrier_iteration=0 stage=4 derivative_s=0.012454600 first_order_s=0.005150400 second_order_s=0.006984400 algebra_s=0.039023800 kkt_assembly_s=0.005002200 factor_s=0.160606200 solve_s=0.129906000 update_s=0.007398400 K_nnz=413715 rhs_cols=1 Vxx_nnz=1040400
FILTERDDP_TIMING iteration=55 barrier_iteration=0 stage=3 derivative_s=0.015573400 first_order_s=0.006173600 second_order_s=0.009059800 algebra_s=0.039932900 kkt_assembly_s=0.004014900 factor_s=0.214584100 solve_s=0.098537400 update_s=0.006950500 K_nnz=413715 rhs_cols=1 Vxx_nnz=1040400
FILTERDDP_TIMING iteration=55 barrier_iteration=0 stage=2 derivative_s=0.014163800 first_order_s=0.006285700 second_order_s=0.007433700 algebra_s=0.148183000 kkt_assembly_s=0.002730100 factor_s=0.149159700 solve_s=0.147888500 update_s=0.006747100 K_nnz=413715 rhs_cols=1 Vxx_nnz=1040400
FILTERDDP_TIMING iteration=55 barrier_iteration=0 stage=1 derivative_s=0.012709600 first_order_s=0.005405600 second_order_s=0.006984300 algebra_s=0.036214300 kkt_assembly_s=0.003173400 factor_s=0.194265100 solve_s=0.111444000 update_s=0.007516800 K_nnz=413715 rhs_cols=1 Vxx_nnz=1040400
FILTERDDP_FEASIBILITY iteration=55 barrier_iteration=0 equality_count=253818 equality_rms=4.692766902967e-02 equality_max=5.780703275921e-01 equality_worst_stage=1 equality_worst_index=31063 dynamics_count=5100 dynamics_rms=0.000000000000e+00 dynamics_max=0.000000000000e+00 dynamics_worst_stage=0 dynamics_worst_index=0 bound_count=284442 bound_rms=0.000000000000e+00 bound_max=0.000000000000e+00 bound_worst_stage=0 bound_worst_index=0 bound_worst_kind=none
    55   1.53391471e+06   5.7807e-01   3.8011e+02   1.0000e+00    0.00      -     3.1250e-02   3
FILTERDDP_ITER_TIMING iteration=55 barrier_iteration=0 backward_s=2.488992800 forward_s=0.890830300 total_s=3.379823100 outcome=accepted step_size=3.125000000e-02 backtracks=3 mu=1.000000000e+00
FILTERDDP_TIMING iteration=56 barrier_iteration=0 stage=6 derivative_s=0.022125700 first_order_s=0.005461800 second_order_s=0.016345600 algebra_s=0.052741300 kkt_assembly_s=0.002746400 factor_s=0.154962300 solve_s=0.147837400 update_s=0.011893500 K_nnz=413715 rhs_cols=1 Vxx_nnz=1040400
FILTERDDP_TIMING iteration=56 barrier_iteration=0 stage=5 derivative_s=0.019301800 first_order_s=0.005748600 second_order_s=0.013226300 algebra_s=0.097396700 kkt_assembly_s=0.002818000 factor_s=0.166005200 solve_s=0.236372100 update_s=0.009006200 K_nnz=413715 rhs_cols=1 Vxx_nnz=1040400
FILTERDDP_TIMING iteration=56 barrier_iteration=0 stage=4 derivative_s=0.015081100 first_order_s=0.004995100 second_order_s=0.009775000 algebra_s=0.035078300 kkt_assembly_s=0.002775100 factor_s=0.155990600 solve_s=0.139482200 update_s=0.008370100 K_nnz=413715 rhs_cols=1 Vxx_nnz=1040400
FILTERDDP_TIMING iteration=56 barrier_iteration=0 stage=3 derivative_s=0.013618300 first_order_s=0.004768200 second_order_s=0.008532500 algebra_s=0.037412700 kkt_assembly_s=0.005132200 factor_s=0.225975700 solve_s=0.149301100 update_s=0.011223900 K_nnz=413715 rhs_cols=1 Vxx_nnz=1040400
FILTERDDP_TIMING iteration=56 barrier_iteration=0 stage=2 derivative_s=0.131490300 first_order_s=0.005085300 second_order_s=0.126071500 algebra_s=0.036230800 kkt_assembly_s=0.002622900 factor_s=0.151626800 solve_s=0.144308000 update_s=0.006968300 K_nnz=413715 rhs_cols=1 Vxx_nnz=1040400
FILTERDDP_TIMING iteration=56 barrier_iteration=0 stage=1 derivative_s=0.015315200 first_order_s=0.004999400 second_order_s=0.009999600 algebra_s=0.035968000 kkt_assembly_s=0.002629200 factor_s=0.219755000 solve_s=0.128189000 update_s=0.007795600 K_nnz=413715 rhs_cols=1 Vxx_nnz=1040400
FILTERDDP_FEASIBILITY iteration=56 barrier_iteration=0 equality_count=253818 equality_rms=4.749458185126e-02 equality_max=5.943982148673e-01 equality_worst_stage=1 equality_worst_index=31063 dynamics_count=5100 dynamics_rms=0.000000000000e+00 dynamics_max=0.000000000000e+00 dynamics_worst_stage=0 dynamics_worst_index=0 bound_count=284442 bound_rms=0.000000000000e+00 bound_max=0.000000000000e+00 bound_worst_stage=0 bound_worst_index=0 bound_worst_kind=none
    56   1.58323850e+06   5.9440e-01   3.6823e+02   1.0000e+00    0.00      -     3.1250e-02   3
FILTERDDP_ITER_TIMING iteration=56 barrier_iteration=0 backward_s=2.613930200 forward_s=0.842511100 total_s=3.456441300 outcome=accepted step_size=3.125000000e-02 backtracks=3 mu=1.000000000e+00
FILTERDDP_TIMING iteration=57 barrier_iteration=0 stage=6 derivative_s=0.017144500 first_order_s=0.005415900 second_order_s=0.011422600 algebra_s=0.039185100 kkt_assembly_s=0.005000800 factor_s=0.191312000 solve_s=0.138683400 update_s=0.007260800 K_nnz=413715 rhs_cols=1 Vxx_nnz=1040400
FILTERDDP_TIMING iteration=57 barrier_iteration=0 stage=5 derivative_s=0.012034500 first_order_s=0.004989600 second_order_s=0.006732100 algebra_s=0.092816600 kkt_assembly_s=0.003257100 factor_s=0.148790400 solve_s=0.261731100 update_s=0.009134400 K_nnz=413715 rhs_cols=1 Vxx_nnz=1040400
FILTERDDP_TIMING iteration=57 barrier_iteration=0 stage=4 derivative_s=0.015242200 first_order_s=0.005047300 second_order_s=0.009876000 algebra_s=0.038595200 kkt_assembly_s=0.005442800 factor_s=0.166483000 solve_s=0.162285300 update_s=0.006870000 K_nnz=413715 rhs_cols=1 Vxx_nnz=1040400
FILTERDDP_TIMING iteration=57 barrier_iteration=0 stage=3 derivative_s=0.014803300 first_order_s=0.005558400 second_order_s=0.008932100 algebra_s=0.036513500 kkt_assembly_s=0.005492700 factor_s=0.207200900 solve_s=0.117570500 update_s=0.006256500 K_nnz=413715 rhs_cols=1 Vxx_nnz=1040400
FILTERDDP_TIMING iteration=57 barrier_iteration=0 stage=2 derivative_s=0.135673700 first_order_s=0.005027400 second_order_s=0.130334100 algebra_s=0.036473900 kkt_assembly_s=0.003066800 factor_s=0.171363100 solve_s=0.160891200 update_s=0.008688300 K_nnz=413715 rhs_cols=1 Vxx_nnz=1040400
FILTERDDP_TIMING iteration=57 barrier_iteration=0 stage=1 derivative_s=0.015848100 first_order_s=0.005736700 second_order_s=0.009788500 algebra_s=0.034552600 kkt_assembly_s=0.002742800 factor_s=0.206756700 solve_s=0.130546900 update_s=0.008533300 K_nnz=413715 rhs_cols=1 Vxx_nnz=1040400
FILTERDDP_FEASIBILITY iteration=57 barrier_iteration=0 equality_count=253818 equality_rms=4.793564844188e-02 equality_max=6.075655257752e-01 equality_worst_stage=1 equality_worst_index=31063 dynamics_count=5100 dynamics_rms=0.000000000000e+00 dynamics_max=0.000000000000e+00 dynamics_worst_stage=0 dynamics_worst_index=0 bound_count=284442 bound_rms=0.000000000000e+00 bound_max=0.000000000000e+00 bound_worst_stage=0 bound_worst_index=0 bound_worst_kind=none
    57   1.63108357e+06   6.0757e-01   3.5673e+02   1.0000e+00    0.00      -     3.1250e-02   3
FILTERDDP_ITER_TIMING iteration=57 barrier_iteration=0 backward_s=2.633412300 forward_s=0.815317900 total_s=3.448730200 outcome=accepted step_size=3.125000000e-02 backtracks=3 mu=1.000000000e+00
FILTERDDP_TIMING iteration=58 barrier_iteration=0 stage=6 derivative_s=0.016694600 first_order_s=0.004881700 second_order_s=0.011505700 algebra_s=0.039123400 kkt_assembly_s=0.005014000 factor_s=0.197573400 solve_s=0.139268300 update_s=0.007611700 K_nnz=413715 rhs_cols=1 Vxx_nnz=1040400
FILTERDDP_TIMING iteration=58 barrier_iteration=0 stage=5 derivative_s=0.031947500 first_order_s=0.022232700 second_order_s=0.009402100 algebra_s=0.034576000 kkt_assembly_s=0.003434700 factor_s=0.201876800 solve_s=0.239096100 update_s=0.008745000 K_nnz=413715 rhs_cols=1 Vxx_nnz=1040400
FILTERDDP_TIMING iteration=58 barrier_iteration=0 stage=4 derivative_s=0.014748100 first_order_s=0.005016800 second_order_s=0.009403800 algebra_s=0.035371200 kkt_assembly_s=0.003655700 factor_s=0.151658000 solve_s=0.151379300 update_s=0.007383900 K_nnz=413715 rhs_cols=1 Vxx_nnz=1040400
FILTERDDP_TIMING iteration=58 barrier_iteration=0 stage=3 derivative_s=0.014580100 first_order_s=0.006802700 second_order_s=0.007458000 algebra_s=0.041108700 kkt_assembly_s=0.003924300 factor_s=0.214388100 solve_s=0.127984400 update_s=0.007887200 K_nnz=413715 rhs_cols=1 Vxx_nnz=1040400
FILTERDDP_TIMING iteration=58 barrier_iteration=0 stage=2 derivative_s=0.123148000 first_order_s=0.005096200 second_order_s=0.117722200 algebra_s=0.038606800 kkt_assembly_s=0.002562100 factor_s=0.163585100 solve_s=0.151210600 update_s=0.009024000 K_nnz=413715 rhs_cols=1 Vxx_nnz=1040400
FILTERDDP_TIMING iteration=58 barrier_iteration=0 stage=1 derivative_s=0.015002600 first_order_s=0.005021100 second_order_s=0.009667500 algebra_s=0.084941800 kkt_assembly_s=0.002683000 factor_s=0.151819600 solve_s=0.231742100 update_s=0.011873500 K_nnz=413715 rhs_cols=1 Vxx_nnz=1040400
FILTERDDP_FEASIBILITY iteration=58 barrier_iteration=0 equality_count=253818 equality_rms=4.825845316601e-02 equality_max=6.178003626169e-01 equality_worst_stage=1 equality_worst_index=31063 dynamics_count=5100 dynamics_rms=0.000000000000e+00 dynamics_max=0.000000000000e+00 dynamics_worst_stage=0 dynamics_worst_index=0 bound_count=284442 bound_rms=0.000000000000e+00 bound_max=0.000000000000e+00 bound_worst_stage=0 bound_worst_index=0 bound_worst_kind=none
    58   1.67748901e+06   6.1780e-01   3.4558e+02   1.0000e+00    0.00      -     3.1250e-02   3
FILTERDDP_ITER_TIMING iteration=58 barrier_iteration=0 backward_s=2.706590700 forward_s=0.680926300 total_s=3.387517000 outcome=accepted step_size=3.125000000e-02 backtracks=3 mu=1.000000000e+00
FILTERDDP_TIMING iteration=59 barrier_iteration=0 stage=6 derivative_s=0.016576200 first_order_s=0.005055700 second_order_s=0.011213600 algebra_s=0.038635700 kkt_assembly_s=0.003114100 factor_s=0.208224800 solve_s=0.136257500 update_s=0.009763600 K_nnz=413715 rhs_cols=1 Vxx_nnz=1040400
FILTERDDP_TIMING iteration=59 barrier_iteration=0 stage=5 derivative_s=0.128713700 first_order_s=0.004840700 second_order_s=0.123558000 algebra_s=0.037564500 kkt_assembly_s=0.002783000 factor_s=0.168405500 solve_s=0.176844500 update_s=0.009009100 K_nnz=413715 rhs_cols=1 Vxx_nnz=1040400
FILTERDDP_TIMING iteration=59 barrier_iteration=0 stage=4 derivative_s=0.015247200 first_order_s=0.005121700 second_order_s=0.009814300 algebra_s=0.036693900 kkt_assembly_s=0.002633800 factor_s=0.220449000 solve_s=0.145396300 update_s=0.007156600 K_nnz=413715 rhs_cols=1 Vxx_nnz=1040400
FILTERDDP_TIMING iteration=59 barrier_iteration=0 stage=3 derivative_s=0.133162600 first_order_s=0.005202600 second_order_s=0.127641600 algebra_s=0.033823300 kkt_assembly_s=0.002809800 factor_s=0.166597100 solve_s=0.169243900 update_s=0.008433500 K_nnz=413715 rhs_cols=1 Vxx_nnz=1040400
FILTERDDP_TIMING iteration=59 barrier_iteration=0 stage=2 derivative_s=0.015304800 first_order_s=0.005159600 second_order_s=0.009831900 algebra_s=0.040328000 kkt_assembly_s=0.002860100 factor_s=0.213351500 solve_s=0.145951600 update_s=0.008707000 K_nnz=413715 rhs_cols=1 Vxx_nnz=1040400
FILTERDDP_TIMING iteration=59 barrier_iteration=0 stage=1 derivative_s=0.130928700 first_order_s=0.004839300 second_order_s=0.125771900 algebra_s=0.038883700 kkt_assembly_s=0.004514100 factor_s=0.166011300 solve_s=0.152746300 update_s=0.009167900 K_nnz=413715 rhs_cols=1 Vxx_nnz=1040400
FILTERDDP_FEASIBILITY iteration=59 barrier_iteration=0 equality_count=253818 equality_rms=4.847074677792e-02 equality_max=6.253277160804e-01 equality_worst_stage=1 equality_worst_index=31063 dynamics_count=5100 dynamics_rms=0.000000000000e+00 dynamics_max=0.000000000000e+00 dynamics_worst_stage=0 dynamics_worst_index=0 bound_count=284442 bound_rms=0.000000000000e+00 bound_max=0.000000000000e+00 bound_worst_stage=0 bound_worst_index=0 bound_worst_kind=none
    59   1.72249389e+06   6.2533e-01   3.3478e+02   1.0000e+00    0.00      -     3.1250e-02   3
FILTERDDP_ITER_TIMING iteration=59 barrier_iteration=0 backward_s=2.843782200 forward_s=0.745963300 total_s=3.589745500 outcome=accepted step_size=3.125000000e-02 backtracks=3 mu=1.000000000e+00
FILTERDDP_TIMING iteration=60 barrier_iteration=0 stage=6 derivative_s=0.016030500 first_order_s=0.004906600 second_order_s=0.010814200 algebra_s=0.146844600 kkt_assembly_s=0.002901400 factor_s=0.166108200 solve_s=0.155219800 update_s=0.006508100 K_nnz=413715 rhs_cols=1 Vxx_nnz=1040400
FILTERDDP_TIMING iteration=60 barrier_iteration=0 stage=5 derivative_s=0.012652700 first_order_s=0.005400100 second_order_s=0.006921000 algebra_s=0.038983500 kkt_assembly_s=0.003212800 factor_s=0.212243400 solve_s=0.122968300 update_s=0.006663800 K_nnz=413715 rhs_cols=1 Vxx_nnz=1040400
FILTERDDP_TIMING iteration=60 barrier_iteration=0 stage=4 derivative_s=0.134537500 first_order_s=0.120231300 second_order_s=0.013980700 algebra_s=0.035295300 kkt_assembly_s=0.003121600 factor_s=0.169653000 solve_s=0.151489300 update_s=0.009668900 K_nnz=413715 rhs_cols=1 Vxx_nnz=1040400
FILTERDDP_TIMING iteration=60 barrier_iteration=0 stage=3 derivative_s=0.015870300 first_order_s=0.005229600 second_order_s=0.010333500 algebra_s=0.036766800 kkt_assembly_s=0.004841800 factor_s=0.232625500 solve_s=0.135593400 update_s=0.009230100 K_nnz=413715 rhs_cols=1 Vxx_nnz=1040400
FILTERDDP_TIMING iteration=60 barrier_iteration=0 stage=2 derivative_s=0.129119400 first_order_s=0.005077000 second_order_s=0.123724000 algebra_s=0.036602600 kkt_assembly_s=0.002588900 factor_s=0.169425600 solve_s=0.151107700 update_s=0.007145500 K_nnz=413715 rhs_cols=1 Vxx_nnz=1040400
FILTERDDP_TIMING iteration=60 barrier_iteration=0 stage=1 derivative_s=0.015724800 first_order_s=0.005313600 second_order_s=0.010087700 algebra_s=0.036206800 kkt_assembly_s=0.002616500 factor_s=0.202334500 solve_s=0.126793600 update_s=0.009011100 K_nnz=413715 rhs_cols=1 Vxx_nnz=1040400
FILTERDDP_FEASIBILITY iteration=60 barrier_iteration=0 equality_count=253818 equality_rms=4.858025490299e-02 equality_max=6.303751736222e-01 equality_worst_stage=1 equality_worst_index=31063 dynamics_count=5100 dynamics_rms=0.000000000000e+00 dynamics_max=0.000000000000e+00 dynamics_worst_stage=0 dynamics_worst_index=0 bound_count=284442 bound_rms=0.000000000000e+00 bound_max=0.000000000000e+00 bound_worst_stage=0 bound_worst_index=0 bound_worst_kind=none
  iter     objective        pr_inf       du_inf       cs_inf     lg(μ)   lg(reg)    alpha     ls
    60   1.76613711e+06   6.3038e-01   3.2432e+02   1.0000e+00    0.00      -     3.1250e-02   3
FILTERDDP_ITER_TIMING iteration=60 barrier_iteration=0 backward_s=2.726429700 forward_s=0.783972700 total_s=3.510402400 outcome=accepted step_size=3.125000000e-02 backtracks=3 mu=1.000000000e+00
FILTERDDP_TIMING iteration=61 barrier_iteration=0 stage=6 derivative_s=0.016644900 first_order_s=0.005120800 second_order_s=0.011215500 algebra_s=0.036968200 kkt_assembly_s=0.002816400 factor_s=0.180978000 solve_s=0.150923900 update_s=0.007846000 K_nnz=413715 rhs_cols=1 Vxx_nnz=1040400
FILTERDDP_TIMING iteration=61 barrier_iteration=0 stage=5 derivative_s=0.031883400 first_order_s=0.020807200 second_order_s=0.010534000 algebra_s=0.036815500 kkt_assembly_s=0.002780000 factor_s=0.218775800 solve_s=0.150524800 update_s=0.117289400 K_nnz=413715 rhs_cols=1 Vxx_nnz=1040400
FILTERDDP_TIMING iteration=61 barrier_iteration=0 stage=4 derivative_s=0.012503400 first_order_s=0.005174700 second_order_s=0.007012200 algebra_s=0.037260400 kkt_assembly_s=0.002677300 factor_s=0.167730500 solve_s=0.153924500 update_s=0.006709100 K_nnz=413715 rhs_cols=1 Vxx_nnz=1040400
FILTERDDP_TIMING iteration=61 barrier_iteration=0 stage=3 derivative_s=0.015263800 first_order_s=0.005131900 second_order_s=0.009818500 algebra_s=0.036607300 kkt_assembly_s=0.002642600 factor_s=0.202670500 solve_s=0.130850700 update_s=0.008734600 K_nnz=413715 rhs_cols=1 Vxx_nnz=1040400
FILTERDDP_TIMING iteration=61 barrier_iteration=0 stage=2 derivative_s=0.132620800 first_order_s=0.005074400 second_order_s=0.127224100 algebra_s=0.035218400 kkt_assembly_s=0.002754700 factor_s=0.142993600 solve_s=0.139072600 update_s=0.008959300 K_nnz=413715 rhs_cols=1 Vxx_nnz=1040400
FILTERDDP_TIMING iteration=61 barrier_iteration=0 stage=1 derivative_s=0.015545700 first_order_s=0.005319800 second_order_s=0.009913200 algebra_s=0.036584300 kkt_assembly_s=0.052251600 factor_s=0.165011200 solve_s=0.234051400 update_s=0.006491200 K_nnz=413715 rhs_cols=1 Vxx_nnz=1040400
FILTERDDP_FEASIBILITY iteration=61 barrier_iteration=0 equality_count=253818 equality_rms=4.859456304431e-02 equality_max=6.331754422736e-01 equality_worst_stage=1 equality_worst_index=31063 dynamics_count=5100 dynamics_rms=0.000000000000e+00 dynamics_max=0.000000000000e+00 dynamics_worst_stage=0 dynamics_worst_index=0 bound_count=284442 bound_rms=0.000000000000e+00 bound_max=0.000000000000e+00 bound_worst_stage=0 bound_worst_index=0 bound_worst_kind=none
    61   1.80845725e+06   6.3318e-01   3.1418e+02   1.0000e+00    0.00      -     3.1250e-02   3
FILTERDDP_ITER_TIMING iteration=61 barrier_iteration=0 backward_s=2.727682700 forward_s=0.681539900 total_s=3.409222600 outcome=accepted step_size=3.125000000e-02 backtracks=3 mu=1.000000000e+00
FILTERDDP_TIMING iteration=62 barrier_iteration=0 stage=6 derivative_s=0.016491200 first_order_s=0.005160900 second_order_s=0.011010500 algebra_s=0.039547600 kkt_assembly_s=0.004894900 factor_s=0.185355000 solve_s=0.136163900 update_s=0.009022100 K_nnz=413715 rhs_cols=1 Vxx_nnz=1040400
FILTERDDP_TIMING iteration=62 barrier_iteration=0 stage=5 derivative_s=0.067462100 first_order_s=0.005025000 second_order_s=0.062121100 algebra_s=0.036372100 kkt_assembly_s=0.002731400 factor_s=0.299946500 solve_s=0.107185600 update_s=0.009000200 K_nnz=413715 rhs_cols=1 Vxx_nnz=1040400
FILTERDDP_TIMING iteration=62 barrier_iteration=0 stage=4 derivative_s=0.015070700 first_order_s=0.005035200 second_order_s=0.009657800 algebra_s=0.053774900 kkt_assembly_s=0.004846600 factor_s=0.168496800 solve_s=0.134265300 update_s=0.062708500 K_nnz=413715 rhs_cols=1 Vxx_nnz=1040400
FILTERDDP_TIMING iteration=62 barrier_iteration=0 stage=3 derivative_s=0.026054300 first_order_s=0.010053600 second_order_s=0.015361900 algebra_s=0.039407000 kkt_assembly_s=0.002633400 factor_s=0.280396100 solve_s=0.143028600 update_s=0.008673000 K_nnz=413715 rhs_cols=1 Vxx_nnz=1040400
FILTERDDP_TIMING iteration=62 barrier_iteration=0 stage=2 derivative_s=0.015576300 first_order_s=0.005354300 second_order_s=0.009890800 algebra_s=0.054285400 kkt_assembly_s=0.004025700 factor_s=0.165548600 solve_s=0.127352100 update_s=0.058728800 K_nnz=413715 rhs_cols=1 Vxx_nnz=1040400
FILTERDDP_TIMING iteration=62 barrier_iteration=0 stage=1 derivative_s=0.016162300 first_order_s=0.005274600 second_order_s=0.010582300 algebra_s=0.036363200 kkt_assembly_s=0.002715900 factor_s=0.280575000 solve_s=0.138569900 update_s=0.008654400 K_nnz=413715 rhs_cols=1 Vxx_nnz=1040400
FILTERDDP_FEASIBILITY iteration=62 barrier_iteration=0 equality_count=253818 equality_rms=4.852104248896e-02 equality_max=6.339647373128e-01 equality_worst_stage=1 equality_worst_index=31063 dynamics_count=5100 dynamics_rms=0.000000000000e+00 dynamics_max=0.000000000000e+00 dynamics_worst_stage=0 dynamics_worst_index=0 bound_count=284442 bound_rms=0.000000000000e+00 bound_max=0.000000000000e+00 bound_worst_stage=0 bound_worst_index=0 bound_worst_kind=none
    62   1.84949244e+06   6.3396e-01   3.0437e+02   1.0000e+00    0.00      -     3.1250e-02   3
FILTERDDP_ITER_TIMING iteration=62 barrier_iteration=0 backward_s=2.800332200 forward_s=0.558348300 total_s=3.358680500 outcome=accepted step_size=6.250000000e-02 backtracks=2 mu=1.000000000e+00
FILTERDDP_TIMING iteration=63 barrier_iteration=0 stage=6 derivative_s=0.016872500 first_order_s=0.005048900 second_order_s=0.011512400 algebra_s=0.046350900 kkt_assembly_s=0.002841700 factor_s=0.150286600 solve_s=0.181353600 update_s=0.013410400 K_nnz=413715 rhs_cols=1 Vxx_nnz=1040400
FILTERDDP_TIMING iteration=63 barrier_iteration=0 stage=5 derivative_s=0.030103700 first_order_s=0.010693600 second_order_s=0.018728300 algebra_s=0.166753300 kkt_assembly_s=0.002706400 factor_s=0.151214200 solve_s=0.126494300 update_s=0.008720000 K_nnz=413715 rhs_cols=1 Vxx_nnz=1040400
FILTERDDP_TIMING iteration=63 barrier_iteration=0 stage=4 derivative_s=0.039481800 first_order_s=0.005061900 second_order_s=0.034094300 algebra_s=0.036670700 kkt_assembly_s=0.002854200 factor_s=0.162097200 solve_s=0.185472600 update_s=0.008635200 K_nnz=413715 rhs_cols=1 Vxx_nnz=1040400
FILTERDDP_TIMING iteration=63 barrier_iteration=0 stage=3 derivative_s=0.014944300 first_order_s=0.005038300 second_order_s=0.009591000 algebra_s=0.160330300 kkt_assembly_s=0.003973400 factor_s=0.136857100 solve_s=0.124399600 update_s=0.009013500 K_nnz=413715 rhs_cols=1 Vxx_nnz=1040400
FILTERDDP_TIMING iteration=63 barrier_iteration=0 stage=2 derivative_s=0.037098700 first_order_s=0.004958400 second_order_s=0.031839200 algebra_s=0.036614000 kkt_assembly_s=0.005100200 factor_s=0.168520700 solve_s=0.184054100 update_s=0.008782400 K_nnz=413715 rhs_cols=1 Vxx_nnz=1040400
FILTERDDP_TIMING iteration=63 barrier_iteration=0 stage=1 derivative_s=0.015882100 first_order_s=0.005445500 second_order_s=0.010121200 algebra_s=0.152526600 kkt_assembly_s=0.003069800 factor_s=0.160305900 solve_s=0.123464400 update_s=0.006664800 K_nnz=413715 rhs_cols=1 Vxx_nnz=1040400
FILTERDDP_FEASIBILITY iteration=63 barrier_iteration=0 equality_count=253818 equality_rms=5.098137715205e-02 equality_max=6.696386798177e-01 equality_worst_stage=1 equality_worst_index=31063 dynamics_count=5100 dynamics_rms=0.000000000000e+00 dynamics_max=0.000000000000e+00 dynamics_worst_stage=0 dynamics_worst_index=0 bound_count=284442 bound_rms=0.000000000000e+00 bound_max=0.000000000000e+00 bound_worst_stage=0 bound_worst_index=0 bound_worst_kind=none
    63   1.92906913e+06   6.6964e-01   2.8534e+02   1.0000e+00    0.00      -     6.2500e-02   2
FILTERDDP_ITER_TIMING iteration=63 barrier_iteration=0 backward_s=2.692128300 forward_s=0.535469200 total_s=3.227597500 outcome=accepted step_size=6.250000000e-02 backtracks=2 mu=1.000000000e+00
FILTERDDP_TIMING iteration=64 barrier_iteration=0 stage=6 derivative_s=0.067345600 first_order_s=0.005601600 second_order_s=0.061437400 algebra_s=0.039733300 kkt_assembly_s=0.002540500 factor_s=0.271882300 solve_s=0.130509000 update_s=0.008825100 K_nnz=413715 rhs_cols=1 Vxx_nnz=1040400
FILTERDDP_TIMING iteration=64 barrier_iteration=0 stage=5 derivative_s=0.012853400 first_order_s=0.005539800 second_order_s=0.006984400 algebra_s=0.037617800 kkt_assembly_s=0.002883200 factor_s=0.167056100 solve_s=0.101275800 update_s=0.006590300 K_nnz=413715 rhs_cols=1 Vxx_nnz=1040400
FILTERDDP_TIMING iteration=64 barrier_iteration=0 stage=4 derivative_s=0.013722400 first_order_s=0.005309400 second_order_s=0.008089100 algebra_s=0.087651400 kkt_assembly_s=0.003149600 factor_s=0.160183300 solve_s=0.244210000 update_s=0.006738500 K_nnz=413715 rhs_cols=1 Vxx_nnz=1040400
FILTERDDP_TIMING iteration=64 barrier_iteration=0 stage=3 derivative_s=0.015078600 first_order_s=0.005062900 second_order_s=0.009712300 algebra_s=0.036249100 kkt_assembly_s=0.002913200 factor_s=0.180354500 solve_s=0.120297000 update_s=0.008595000 K_nnz=413715 rhs_cols=1 Vxx_nnz=1040400
FILTERDDP_TIMING iteration=64 barrier_iteration=0 stage=2 derivative_s=0.015569800 first_order_s=0.006007000 second_order_s=0.009258400 algebra_s=0.089730700 kkt_assembly_s=0.003122200 factor_s=0.166157700 solve_s=0.242059300 update_s=0.012132500 K_nnz=413715 rhs_cols=1 Vxx_nnz=1040400
FILTERDDP_TIMING iteration=64 barrier_iteration=0 stage=1 derivative_s=0.015644400 first_order_s=0.005193000 second_order_s=0.010148200 algebra_s=0.036554400 kkt_assembly_s=0.002712900 factor_s=0.144414500 solve_s=0.157196300 update_s=0.009164700 K_nnz=413715 rhs_cols=1 Vxx_nnz=1040400
FILTERDDP_FEASIBILITY iteration=64 barrier_iteration=0 equality_count=253818 equality_rms=5.269367433994e-02 equality_max=6.969618050038e-01 equality_worst_stage=4 equality_worst_index=31063 dynamics_count=5100 dynamics_rms=0.000000000000e+00 dynamics_max=0.000000000000e+00 dynamics_worst_stage=0 dynamics_worst_index=0 bound_count=284442 bound_rms=0.000000000000e+00 bound_max=0.000000000000e+00 bound_worst_stage=0 bound_worst_index=0 bound_worst_kind=none
    64   2.00380151e+06   6.9696e-01   2.6751e+02   1.0000e+00    0.00      -     6.2500e-02   2
FILTERDDP_ITER_TIMING iteration=64 barrier_iteration=0 backward_s=2.631641800 forward_s=0.571338500 total_s=3.202980300 outcome=accepted step_size=6.250000000e-02 backtracks=2 mu=1.000000000e+00
FILTERDDP_TIMING iteration=65 barrier_iteration=0 stage=6 derivative_s=0.016081800 first_order_s=0.004956300 second_order_s=0.010819500 algebra_s=0.162874400 kkt_assembly_s=0.002743100 factor_s=0.170124000 solve_s=0.154226600 update_s=0.008226800 K_nnz=413715 rhs_cols=1 Vxx_nnz=1040400
FILTERDDP_TIMING iteration=65 barrier_iteration=0 stage=5 derivative_s=0.019157000 first_order_s=0.007094100 second_order_s=0.011605300 algebra_s=0.039546600 kkt_assembly_s=0.003064400 factor_s=0.224226200 solve_s=0.141656300 update_s=0.008124800 K_nnz=413715 rhs_cols=1 Vxx_nnz=1040400
FILTERDDP_TIMING iteration=65 barrier_iteration=0 stage=4 derivative_s=0.014701600 first_order_s=0.005075800 second_order_s=0.009310700 algebra_s=0.150492300 kkt_assembly_s=0.002849000 factor_s=0.164148800 solve_s=0.143882700 update_s=0.029598200 K_nnz=413715 rhs_cols=1 Vxx_nnz=1040400
FILTERDDP_TIMING iteration=65 barrier_iteration=0 stage=3 derivative_s=0.012376400 first_order_s=0.005261000 second_order_s=0.006801200 algebra_s=0.034479900 kkt_assembly_s=0.002896200 factor_s=0.206915700 solve_s=0.146788200 update_s=0.008787400 K_nnz=413715 rhs_cols=1 Vxx_nnz=1040400
FILTERDDP_TIMING iteration=65 barrier_iteration=0 stage=2 derivative_s=0.015591000 first_order_s=0.005094900 second_order_s=0.010186200 algebra_s=0.156841800 kkt_assembly_s=0.003295500 factor_s=0.162975500 solve_s=0.122827200 update_s=0.027388000 K_nnz=413715 rhs_cols=1 Vxx_nnz=1040400
FILTERDDP_TIMING iteration=65 barrier_iteration=0 stage=1 derivative_s=0.019743700 first_order_s=0.007720200 second_order_s=0.011562900 algebra_s=0.037272900 kkt_assembly_s=0.003798600 factor_s=0.219645300 solve_s=0.112690800 update_s=0.008071600 K_nnz=413715 rhs_cols=1 Vxx_nnz=1040400
FILTERDDP_FEASIBILITY iteration=65 barrier_iteration=0 equality_count=253818 equality_rms=5.375072776134e-02 equality_max=7.200336151890e-01 equality_worst_stage=4 equality_worst_index=31063 dynamics_count=5100 dynamics_rms=0.000000000000e+00 dynamics_max=0.000000000000e+00 dynamics_worst_stage=0 dynamics_worst_index=0 bound_count=284442 bound_rms=0.000000000000e+00 bound_max=0.000000000000e+00 bound_worst_stage=0 bound_worst_index=0 bound_worst_kind=none
    65   2.07398018e+06   7.2003e-01   2.5079e+02   1.0000e+00    0.00      -     6.2500e-02   2
FILTERDDP_ITER_TIMING iteration=65 barrier_iteration=0 backward_s=2.766215700 forward_s=0.618012900 total_s=3.384228600 outcome=accepted step_size=6.250000000e-02 backtracks=2 mu=1.000000000e+00
FILTERDDP_TIMING iteration=66 barrier_iteration=0 stage=6 derivative_s=0.016958300 first_order_s=0.005181200 second_order_s=0.011482800 algebra_s=0.049423600 kkt_assembly_s=0.002699900 factor_s=0.167998500 solve_s=0.170318400 update_s=0.009089800 K_nnz=413715 rhs_cols=1 Vxx_nnz=1040400
FILTERDDP_TIMING iteration=66 barrier_iteration=0 stage=5 derivative_s=0.015052000 first_order_s=0.005133500 second_order_s=0.009598300 algebra_s=0.038518800 kkt_assembly_s=0.005623100 factor_s=0.230365900 solve_s=0.249424900 update_s=0.009472800 K_nnz=413715 rhs_cols=1 Vxx_nnz=1040400
FILTERDDP_TIMING iteration=66 barrier_iteration=0 stage=4 derivative_s=0.016358600 first_order_s=0.005863000 second_order_s=0.010190300 algebra_s=0.044252300 kkt_assembly_s=0.003276900 factor_s=0.125350400 solve_s=0.151026100 update_s=0.009233800 K_nnz=413715 rhs_cols=1 Vxx_nnz=1040400
FILTERDDP_TIMING iteration=66 barrier_iteration=0 stage=3 derivative_s=0.015521600 first_order_s=0.005455400 second_order_s=0.009748600 algebra_s=0.036783300 kkt_assembly_s=0.002691000 factor_s=0.217287800 solve_s=0.139014700 update_s=0.008920200 K_nnz=413715 rhs_cols=1 Vxx_nnz=1040400
FILTERDDP_TIMING iteration=66 barrier_iteration=0 stage=2 derivative_s=0.016351200 first_order_s=0.005467000 second_order_s=0.010553500 algebra_s=0.156825300 kkt_assembly_s=0.002633900 factor_s=0.174382200 solve_s=0.145885100 update_s=0.009014900 K_nnz=413715 rhs_cols=1 Vxx_nnz=1040400
FILTERDDP_TIMING iteration=66 barrier_iteration=0 stage=1 derivative_s=0.013171400 first_order_s=0.005187700 second_order_s=0.007657900 algebra_s=0.036637300 kkt_assembly_s=0.003380800 factor_s=0.223442400 solve_s=0.142644100 update_s=0.009294700 K_nnz=413715 rhs_cols=1 Vxx_nnz=1040400
FILTERDDP_FEASIBILITY iteration=66 barrier_iteration=0 equality_count=253818 equality_rms=5.424549796558e-02 equality_max=7.334324245686e-01 equality_worst_stage=4 equality_worst_index=31063 dynamics_count=5100 dynamics_rms=0.000000000000e+00 dynamics_max=0.000000000000e+00 dynamics_worst_stage=0 dynamics_worst_index=0 bound_count=284442 bound_rms=0.000000000000e+00 bound_max=0.000000000000e+00 bound_worst_stage=0 bound_worst_index=0 bound_worst_kind=none
    66   2.13988180e+06   7.3343e-01   2.3511e+02   1.0000e+00    0.00      -     6.2500e-02   2
FILTERDDP_ITER_TIMING iteration=66 barrier_iteration=0 backward_s=2.675812900 forward_s=0.805018900 total_s=3.480831800 outcome=accepted step_size=6.250000000e-02 backtracks=3 mu=1.000000000e+00
FILTERDDP_TIMING iteration=67 barrier_iteration=0 stage=6 derivative_s=0.029288900 first_order_s=0.017464000 second_order_s=0.011533700 algebra_s=0.039411000 kkt_assembly_s=0.004905700 factor_s=0.194988100 solve_s=0.145710300 update_s=0.010096600 K_nnz=413715 rhs_cols=1 Vxx_nnz=1040400
FILTERDDP_TIMING iteration=67 barrier_iteration=0 stage=5 derivative_s=0.015058700 first_order_s=0.004942000 second_order_s=0.009797900 algebra_s=0.090522000 kkt_assembly_s=0.002810300 factor_s=0.283415900 solve_s=0.134507500 update_s=0.008851700 K_nnz=413715 rhs_cols=1 Vxx_nnz=1040400
FILTERDDP_TIMING iteration=67 barrier_iteration=0 stage=4 derivative_s=0.014685500 first_order_s=0.005048400 second_order_s=0.009320700 algebra_s=0.036136300 kkt_assembly_s=0.002734900 factor_s=0.188915500 solve_s=0.136351400 update_s=0.007472900 K_nnz=413715 rhs_cols=1 Vxx_nnz=1040400
FILTERDDP_TIMING iteration=67 barrier_iteration=0 stage=3 derivative_s=0.013359700 first_order_s=0.005246000 second_order_s=0.007800300 algebra_s=0.087301900 kkt_assembly_s=0.004879200 factor_s=0.181534300 solve_s=0.234459900 update_s=0.006908600 K_nnz=413715 rhs_cols=1 Vxx_nnz=1040400
FILTERDDP_TIMING iteration=67 barrier_iteration=0 stage=2 derivative_s=0.015425700 first_order_s=0.004986400 second_order_s=0.010128400 algebra_s=0.036752000 kkt_assembly_s=0.002568500 factor_s=0.165085300 solve_s=0.164980400 update_s=0.008960200 K_nnz=413715 rhs_cols=1 Vxx_nnz=1040400
FILTERDDP_TIMING iteration=67 barrier_iteration=0 stage=1 derivative_s=0.015463900 first_order_s=0.005193300 second_order_s=0.009949900 algebra_s=0.087807500 kkt_assembly_s=0.002581400 factor_s=0.163328300 solve_s=0.238529900 update_s=0.008674900 K_nnz=413715 rhs_cols=1 Vxx_nnz=1040400
FILTERDDP_FEASIBILITY iteration=67 barrier_iteration=0 equality_count=253818 equality_rms=5.426498301114e-02 equality_max=7.388103379901e-01 equality_worst_stage=4 equality_worst_index=31063 dynamics_count=5100 dynamics_rms=0.000000000000e+00 dynamics_max=0.000000000000e+00 dynamics_worst_stage=0 dynamics_worst_index=0 bound_count=284442 bound_rms=0.000000000000e+00 bound_max=0.000000000000e+00 bound_worst_stage=0 bound_worst_index=0 bound_worst_kind=none
    67   2.20176862e+06   7.3881e-01   2.2042e+02   1.0000e+00    0.00      -     6.2500e-02   3
FILTERDDP_ITER_TIMING iteration=67 barrier_iteration=0 backward_s=2.791617400 forward_s=0.759379800 total_s=3.550997200 outcome=accepted step_size=6.250000000e-02 backtracks=3 mu=1.000000000e+00
FILTERDDP_TIMING iteration=68 barrier_iteration=0 stage=6 derivative_s=0.025018400 first_order_s=0.007316900 second_order_s=0.017258300 algebra_s=0.050540800 kkt_assembly_s=0.049206500 factor_s=0.148952600 solve_s=0.229441200 update_s=0.008963400 K_nnz=413715 rhs_cols=1 Vxx_nnz=1040400
FILTERDDP_TIMING iteration=68 barrier_iteration=0 stage=5 derivative_s=0.015442400 first_order_s=0.005198900 second_order_s=0.009931100 algebra_s=0.036162900 kkt_assembly_s=0.002751500 factor_s=0.164660100 solve_s=0.175464000 update_s=0.008359000 K_nnz=413715 rhs_cols=1 Vxx_nnz=1040400
FILTERDDP_TIMING iteration=68 barrier_iteration=0 stage=4 derivative_s=0.015018200 first_order_s=0.005079700 second_order_s=0.009624100 algebra_s=0.036673000 kkt_assembly_s=0.002929800 factor_s=0.204720700 solve_s=0.146061800 update_s=0.011312900 K_nnz=413715 rhs_cols=1 Vxx_nnz=1040400
FILTERDDP_TIMING iteration=68 barrier_iteration=0 stage=3 derivative_s=0.136251300 first_order_s=0.005797600 second_order_s=0.130133200 algebra_s=0.036501300 kkt_assembly_s=0.002670400 factor_s=0.172992100 solve_s=0.154547900 update_s=0.008909800 K_nnz=413715 rhs_cols=1 Vxx_nnz=1040400
FILTERDDP_TIMING iteration=68 barrier_iteration=0 stage=2 derivative_s=0.012515300 first_order_s=0.005263200 second_order_s=0.006938300 algebra_s=0.097114300 kkt_assembly_s=0.002613000 factor_s=0.165799600 solve_s=0.214307200 update_s=0.008327600 K_nnz=413715 rhs_cols=1 Vxx_nnz=1040400
FILTERDDP_TIMING iteration=68 barrier_iteration=0 stage=1 derivative_s=0.015301700 first_order_s=0.005218800 second_order_s=0.009769700 algebra_s=0.034198800 kkt_assembly_s=0.003065100 factor_s=0.160847000 solve_s=0.154700000 update_s=0.006608200 K_nnz=413715 rhs_cols=1 Vxx_nnz=1040400
FILTERDDP_FEASIBILITY iteration=68 barrier_iteration=0 equality_count=253818 equality_rms=5.388791597631e-02 equality_max=7.375807096420e-01 equality_worst_stage=4 equality_worst_index=31063 dynamics_count=5100 dynamics_rms=0.000000000000e+00 dynamics_max=0.000000000000e+00 dynamics_worst_stage=0 dynamics_worst_index=0 bound_count=284442 bound_rms=0.000000000000e+00 bound_max=0.000000000000e+00 bound_worst_stage=0 bound_worst_index=0 bound_worst_kind=none
    68   2.25988853e+06   7.3758e-01   2.0664e+02   1.0000e+00    0.00      -     6.2500e-02   3
FILTERDDP_ITER_TIMING iteration=68 barrier_iteration=0 backward_s=2.728574500 forward_s=0.550388200 total_s=3.278962700 outcome=accepted step_size=1.250000000e-01 backtracks=2 mu=1.000000000e+00
FILTERDDP_TIMING iteration=69 barrier_iteration=0 stage=6 derivative_s=0.016095300 first_order_s=0.005212400 second_order_s=0.010576900 algebra_s=0.161073200 kkt_assembly_s=0.003097300 factor_s=0.165728700 solve_s=0.135604300 update_s=0.029690600 K_nnz=413715 rhs_cols=1 Vxx_nnz=1040400
FILTERDDP_TIMING iteration=69 barrier_iteration=0 stage=5 derivative_s=0.021348700 first_order_s=0.008392700 second_order_s=0.012638600 algebra_s=0.037514700 kkt_assembly_s=0.005517600 factor_s=0.199872000 solve_s=0.121901500 update_s=0.007696700 K_nnz=413715 rhs_cols=1 Vxx_nnz=1040400
FILTERDDP_TIMING iteration=69 barrier_iteration=0 stage=4 derivative_s=0.014344900 first_order_s=0.005128900 second_order_s=0.008891500 algebra_s=0.085377300 kkt_assembly_s=0.002695600 factor_s=0.289456200 solve_s=0.141339100 update_s=0.007070800 K_nnz=413715 rhs_cols=1 Vxx_nnz=1040400
FILTERDDP_TIMING iteration=69 barrier_iteration=0 stage=3 derivative_s=0.014866800 first_order_s=0.004783700 second_order_s=0.009776300 algebra_s=0.036189900 kkt_assembly_s=0.003979400 factor_s=0.197160800 solve_s=0.134155200 update_s=0.006630800 K_nnz=413715 rhs_cols=1 Vxx_nnz=1040400
FILTERDDP_TIMING iteration=69 barrier_iteration=0 stage=2 derivative_s=0.011914400 first_order_s=0.004990500 second_order_s=0.006611200 algebra_s=0.085877000 kkt_assembly_s=0.002638700 factor_s=0.164933600 solve_s=0.250317200 update_s=0.007579700 K_nnz=413715 rhs_cols=1 Vxx_nnz=1040400
FILTERDDP_TIMING iteration=69 barrier_iteration=0 stage=1 derivative_s=0.016267700 first_order_s=0.005059600 second_order_s=0.010856200 algebra_s=0.036553800 kkt_assembly_s=0.002910900 factor_s=0.191773300 solve_s=0.136041700 update_s=0.007082500 K_nnz=413715 rhs_cols=1 Vxx_nnz=1040400
FILTERDDP_FEASIBILITY iteration=69 barrier_iteration=0 equality_count=253818 equality_rms=5.786389502831e-02 equality_max=8.032498918516e-01 equality_worst_stage=4 equality_worst_index=31063 dynamics_count=5100 dynamics_rms=0.000000000000e+00 dynamics_max=0.000000000000e+00 dynamics_worst_stage=0 dynamics_worst_index=0 bound_count=284442 bound_rms=0.000000000000e+00 bound_max=0.000000000000e+00 bound_worst_stage=0 bound_worst_index=0 bound_worst_kind=none
    69   2.36906380e+06   8.0325e-01   1.8081e+02   1.0000e+00    0.00      -     1.2500e-01   2
FILTERDDP_ITER_TIMING iteration=69 barrier_iteration=0 backward_s=2.760137100 forward_s=0.531503200 total_s=3.291640300 outcome=accepted step_size=1.250000000e-01 backtracks=2 mu=1.000000000e+00
FILTERDDP_TIMING iteration=70 barrier_iteration=0 stage=6 derivative_s=0.015893200 first_order_s=0.004696300 second_order_s=0.010905500 algebra_s=0.161621500 kkt_assembly_s=0.002663500 factor_s=0.162609600 solve_s=0.120290200 update_s=0.028286900 K_nnz=413715 rhs_cols=1 Vxx_nnz=1040400
FILTERDDP_TIMING iteration=70 barrier_iteration=0 stage=5 derivative_s=0.015832500 first_order_s=0.005177700 second_order_s=0.010287000 algebra_s=0.037180500 kkt_assembly_s=0.002756100 factor_s=0.219697000 solve_s=0.128940100 update_s=0.006432300 K_nnz=413715 rhs_cols=1 Vxx_nnz=1040400
FILTERDDP_TIMING iteration=70 barrier_iteration=0 stage=4 derivative_s=0.012441800 first_order_s=0.005118700 second_order_s=0.006972600 algebra_s=0.155776100 kkt_assembly_s=0.002733800 factor_s=0.161696400 solve_s=0.148350700 update_s=0.008803700 K_nnz=413715 rhs_cols=1 Vxx_nnz=1040400
FILTERDDP_TIMING iteration=70 barrier_iteration=0 stage=3 derivative_s=0.055503400 first_order_s=0.006330800 second_order_s=0.048745500 algebra_s=0.037175800 kkt_assembly_s=0.004762400 factor_s=0.257605000 solve_s=0.123289900 update_s=0.006887600 K_nnz=413715 rhs_cols=1 Vxx_nnz=1040400
FILTERDDP_TIMING iteration=70 barrier_iteration=0 stage=2 derivative_s=0.016370100 first_order_s=0.005590900 second_order_s=0.010456700 algebra_s=0.156567000 kkt_assembly_s=0.002690000 factor_s=0.166226900 solve_s=0.120762800 update_s=0.008538200 K_nnz=413715 rhs_cols=1 Vxx_nnz=1040400
FILTERDDP_TIMING iteration=70 barrier_iteration=0 stage=1 derivative_s=0.043577100 first_order_s=0.004964700 second_order_s=0.038295100 algebra_s=0.035793600 kkt_assembly_s=0.003370700 factor_s=0.228201300 solve_s=0.130692500 update_s=0.008996700 K_nnz=413715 rhs_cols=1 Vxx_nnz=1040400
FILTERDDP_FEASIBILITY iteration=70 barrier_iteration=0 equality_count=253818 equality_rms=5.895637476830e-02 equality_max=8.236670910359e-01 equality_worst_stage=4 equality_worst_index=31063 dynamics_count=5100 dynamics_rms=0.000000000000e+00 dynamics_max=0.000000000000e+00 dynamics_worst_stage=0 dynamics_worst_index=0 bound_count=284442 bound_rms=0.000000000000e+00 bound_max=0.000000000000e+00 bound_worst_stage=0 bound_worst_index=0 bound_worst_kind=none
  iter     objective        pr_inf       du_inf       cs_inf     lg(μ)   lg(reg)    alpha     ls
    70   2.46499287e+06   8.2367e-01   1.5821e+02   1.0000e+00    0.00      -     1.2500e-01   2
FILTERDDP_ITER_TIMING iteration=70 barrier_iteration=0 backward_s=2.806819200 forward_s=0.654377200 total_s=3.461196400 outcome=accepted step_size=1.250000000e-01 backtracks=2 mu=1.000000000e+00
FILTERDDP_TIMING iteration=71 barrier_iteration=0 stage=6 derivative_s=0.019302900 first_order_s=0.005670700 second_order_s=0.013296600 algebra_s=0.055815400 kkt_assembly_s=0.002665100 factor_s=0.165499600 solve_s=0.154691900 update_s=0.006725200 K_nnz=413715 rhs_cols=1 Vxx_nnz=1040400
FILTERDDP_TIMING iteration=71 barrier_iteration=0 stage=5 derivative_s=0.015318200 first_order_s=0.005008500 second_order_s=0.009986500 algebra_s=0.037356600 kkt_assembly_s=0.003517900 factor_s=0.222455900 solve_s=0.246594200 update_s=0.008842000 K_nnz=413715 rhs_cols=1 Vxx_nnz=1040400
FILTERDDP_TIMING iteration=71 barrier_iteration=0 stage=4 derivative_s=0.012963000 first_order_s=0.005547800 second_order_s=0.007103500 algebra_s=0.036085100 kkt_assembly_s=0.002550600 factor_s=0.167290300 solve_s=0.159623300 update_s=0.009138000 K_nnz=413715 rhs_cols=1 Vxx_nnz=1040400
FILTERDDP_TIMING iteration=71 barrier_iteration=0 stage=3 derivative_s=0.017553100 first_order_s=0.005242500 second_order_s=0.012004500 algebra_s=0.037293100 kkt_assembly_s=0.002698900 factor_s=0.233600800 solve_s=0.141274400 update_s=0.009354100 K_nnz=413715 rhs_cols=1 Vxx_nnz=1040400
FILTERDDP_TIMING iteration=71 barrier_iteration=0 stage=2 derivative_s=0.015154000 first_order_s=0.005012200 second_order_s=0.009825300 algebra_s=0.154534300 kkt_assembly_s=0.002817400 factor_s=0.167285400 solve_s=0.147313000 update_s=0.008536600 K_nnz=413715 rhs_cols=1 Vxx_nnz=1040400
FILTERDDP_TIMING iteration=71 barrier_iteration=0 stage=1 derivative_s=0.016169200 first_order_s=0.005132000 second_order_s=0.010656700 algebra_s=0.036753800 kkt_assembly_s=0.002944300 factor_s=0.197664800 solve_s=0.123886900 update_s=0.008986000 K_nnz=413715 rhs_cols=1 Vxx_nnz=1040400
FILTERDDP_FEASIBILITY iteration=71 barrier_iteration=0 equality_count=253818 equality_rms=5.806060115727e-02 equality_max=8.133885535713e-01 equality_worst_stage=4 equality_worst_index=31063 dynamics_count=5100 dynamics_rms=0.000000000000e+00 dynamics_max=0.000000000000e+00 dynamics_worst_stage=0 dynamics_worst_index=0 bound_count=284442 bound_rms=0.000000000000e+00 bound_max=0.000000000000e+00 bound_worst_stage=0 bound_worst_index=0 bound_worst_kind=none
    71   2.54933912e+06   8.1339e-01   1.3407e+02   1.0000e+00    0.00      -     1.2500e-01   2
FILTERDDP_ITER_TIMING iteration=71 barrier_iteration=0 backward_s=2.657729100 forward_s=0.600648500 total_s=3.258377600 outcome=accepted step_size=1.250000000e-01 backtracks=2 mu=1.000000000e+00
FILTERDDP_TIMING iteration=72 barrier_iteration=0 stage=6 derivative_s=0.016923400 first_order_s=0.005120200 second_order_s=0.011506600 algebra_s=0.050982600 kkt_assembly_s=0.005798500 factor_s=0.166718700 solve_s=0.146277500 update_s=0.008759400 K_nnz=413715 rhs_cols=1 Vxx_nnz=1040400
FILTERDDP_TIMING iteration=72 barrier_iteration=0 stage=5 derivative_s=0.015183600 first_order_s=0.004921900 second_order_s=0.009949600 algebra_s=0.083751700 kkt_assembly_s=0.002683500 factor_s=0.277444500 solve_s=0.134238000 update_s=0.007768400 K_nnz=413715 rhs_cols=1 Vxx_nnz=1040400
FILTERDDP_TIMING iteration=72 barrier_iteration=0 stage=4 derivative_s=0.013592700 first_order_s=0.004957900 second_order_s=0.008321200 algebra_s=0.036761100 kkt_assembly_s=0.002774600 factor_s=0.190190900 solve_s=0.135157400 update_s=0.009158200 K_nnz=413715 rhs_cols=1 Vxx_nnz=1040400
FILTERDDP_TIMING iteration=72 barrier_iteration=0 stage=3 derivative_s=0.014798100 first_order_s=0.004977600 second_order_s=0.009506100 algebra_s=0.088847300 kkt_assembly_s=0.004773600 factor_s=0.173285400 solve_s=0.243679500 update_s=0.007647200 K_nnz=413715 rhs_cols=1 Vxx_nnz=1040400
FILTERDDP_TIMING iteration=72 barrier_iteration=0 stage=2 derivative_s=0.015494800 first_order_s=0.004941000 second_order_s=0.010237100 algebra_s=0.036704800 kkt_assembly_s=0.003459700 factor_s=0.165912900 solve_s=0.146344100 update_s=0.006318700 K_nnz=413715 rhs_cols=1 Vxx_nnz=1040400
FILTERDDP_TIMING iteration=72 barrier_iteration=0 stage=1 derivative_s=0.012914800 first_order_s=0.005791800 second_order_s=0.006802700 algebra_s=0.092762900 kkt_assembly_s=0.002644700 factor_s=0.156081100 solve_s=0.225913900 update_s=0.006768000 K_nnz=413715 rhs_cols=1 Vxx_nnz=1040400
FILTERDDP_FEASIBILITY iteration=72 barrier_iteration=0 equality_count=253818 equality_rms=5.585571199024e-02 equality_max=7.829511987944e-01 equality_worst_stage=4 equality_worst_index=31063 dynamics_count=5100 dynamics_rms=0.000000000000e+00 dynamics_max=0.000000000000e+00 dynamics_worst_stage=0 dynamics_worst_index=0 bound_count=284442 bound_rms=0.000000000000e+00 bound_max=0.000000000000e+00 bound_worst_stage=0 bound_worst_index=0 bound_worst_kind=none
    72   2.62356622e+06   7.8295e-01   1.1087e+02   1.0000e+00    0.00      -     1.2500e-01   2
FILTERDDP_ITER_TIMING iteration=72 barrier_iteration=0 backward_s=2.715425200 forward_s=0.449978500 total_s=3.165403700 outcome=accepted step_size=2.500000000e-01 backtracks=1 mu=1.000000000e+00
FILTERDDP_TIMING iteration=73 barrier_iteration=0 stage=6 derivative_s=0.018350600 first_order_s=0.005459100 second_order_s=0.012584600 algebra_s=0.062398100 kkt_assembly_s=0.005210000 factor_s=0.154451000 solve_s=0.180605700 update_s=0.008778300 K_nnz=413715 rhs_cols=1 Vxx_nnz=1040400
FILTERDDP_TIMING iteration=73 barrier_iteration=0 stage=5 derivative_s=0.015097600 first_order_s=0.005062100 second_order_s=0.009724700 algebra_s=0.035935300 kkt_assembly_s=0.002917400 factor_s=0.291572900 solve_s=0.137241400 update_s=0.008820100 K_nnz=413715 rhs_cols=1 Vxx_nnz=1040400
FILTERDDP_TIMING iteration=73 barrier_iteration=0 stage=4 derivative_s=0.014931000 first_order_s=0.005009500 second_order_s=0.009614100 algebra_s=0.054320500 kkt_assembly_s=0.003144200 factor_s=0.141045200 solve_s=0.179844200 update_s=0.009094100 K_nnz=413715 rhs_cols=1 Vxx_nnz=1040400
FILTERDDP_TIMING iteration=73 barrier_iteration=0 stage=3 derivative_s=0.015518100 first_order_s=0.005243200 second_order_s=0.009948500 algebra_s=0.036116200 kkt_assembly_s=0.002583400 factor_s=0.301494900 solve_s=0.135791800 update_s=0.007889400 K_nnz=413715 rhs_cols=1 Vxx_nnz=1040400
FILTERDDP_TIMING iteration=73 barrier_iteration=0 stage=2 derivative_s=0.015136000 first_order_s=0.005042200 second_order_s=0.009792700 algebra_s=0.055382100 kkt_assembly_s=0.004823600 factor_s=0.172723100 solve_s=0.146369700 update_s=0.008748600 K_nnz=413715 rhs_cols=1 Vxx_nnz=1040400
FILTERDDP_TIMING iteration=73 barrier_iteration=0 stage=1 derivative_s=0.064358900 first_order_s=0.005093400 second_order_s=0.058943800 algebra_s=0.037030000 kkt_assembly_s=0.004122600 factor_s=0.294989800 solve_s=0.133489300 update_s=0.007821400 K_nnz=413715 rhs_cols=1 Vxx_nnz=1040400
FILTERDDP_FEASIBILITY iteration=73 barrier_iteration=0 equality_count=253818 equality_rms=5.780295354519e-02 equality_max=8.066576629952e-01 equality_worst_stage=4 equality_worst_index=31063 dynamics_count=5100 dynamics_rms=0.000000000000e+00 dynamics_max=0.000000000000e+00 dynamics_worst_stage=0 dynamics_worst_index=0 bound_count=284442 bound_rms=0.000000000000e+00 bound_max=0.000000000000e+00 bound_worst_stage=0 bound_worst_index=0 bound_worst_kind=none
    73   2.75435497e+06   8.0666e-01   7.5192e+01   1.0000e+00    0.00      -     2.5000e-01   1
FILTERDDP_ITER_TIMING iteration=73 barrier_iteration=0 backward_s=2.774817600 forward_s=0.342926800 total_s=3.117744400 outcome=accepted step_size=2.500000000e-01 backtracks=1 mu=1.000000000e+00
FILTERDDP_TIMING iteration=74 barrier_iteration=0 stage=6 derivative_s=0.035212400 first_order_s=0.005422000 second_order_s=0.029503300 algebra_s=0.037570900 kkt_assembly_s=0.002692100 factor_s=0.188090400 solve_s=0.120388700 update_s=0.008975900 K_nnz=413715 rhs_cols=1 Vxx_nnz=1040400
FILTERDDP_TIMING iteration=74 barrier_iteration=0 stage=5 derivative_s=0.015702100 first_order_s=0.005068100 second_order_s=0.010318400 algebra_s=0.084516200 kkt_assembly_s=0.002860300 factor_s=0.161627000 solve_s=0.230069300 update_s=0.009958700 K_nnz=413715 rhs_cols=1 Vxx_nnz=1040400
FILTERDDP_TIMING iteration=74 barrier_iteration=0 stage=4 derivative_s=0.015267700 first_order_s=0.005053500 second_order_s=0.009884600 algebra_s=0.037016100 kkt_assembly_s=0.004793400 factor_s=0.200190900 solve_s=0.114648700 update_s=0.006496000 K_nnz=413715 rhs_cols=1 Vxx_nnz=1040400
FILTERDDP_TIMING iteration=74 barrier_iteration=0 stage=3 derivative_s=0.012155900 first_order_s=0.005233500 second_order_s=0.006605000 algebra_s=0.088163200 kkt_assembly_s=0.004842300 factor_s=0.157059300 solve_s=0.233110400 update_s=0.006500800 K_nnz=413715 rhs_cols=1 Vxx_nnz=1040400
FILTERDDP_TIMING iteration=74 barrier_iteration=0 stage=2 derivative_s=0.012350900 first_order_s=0.004869900 second_order_s=0.007156700 algebra_s=0.035370700 kkt_assembly_s=0.003001700 factor_s=0.191707200 solve_s=0.136913400 update_s=0.009029100 K_nnz=413715 rhs_cols=1 Vxx_nnz=1040400
FILTERDDP_TIMING iteration=74 barrier_iteration=0 stage=1 derivative_s=0.015277900 first_order_s=0.005183800 second_order_s=0.009788300 algebra_s=0.085609600 kkt_assembly_s=0.002606100 factor_s=0.164761200 solve_s=0.230116900 update_s=0.008904500 K_nnz=413715 rhs_cols=1 Vxx_nnz=1040400
FILTERDDP_FEASIBILITY iteration=74 barrier_iteration=0 equality_count=253818 equality_rms=5.310066028607e-02 equality_max=7.308777569242e-01 equality_worst_stage=4 equality_worst_index=31063 dynamics_count=5100 dynamics_rms=0.000000000000e+00 dynamics_max=0.000000000000e+00 dynamics_worst_stage=0 dynamics_worst_index=0 bound_count=284442 bound_rms=0.000000000000e+00 bound_max=0.000000000000e+00 bound_worst_stage=0 bound_worst_index=0 bound_worst_kind=none
    74   2.85441461e+06   7.3088e-01   5.4952e+01   9.9999e-01    0.00      -     2.5000e-01   1
FILTERDDP_ITER_TIMING iteration=74 barrier_iteration=0 backward_s=2.681098100 forward_s=0.191044900 total_s=2.872143000 outcome=accepted step_size=5.000000000e-01 backtracks=0 mu=1.000000000e+00
FILTERDDP_TIMING iteration=75 barrier_iteration=0 stage=6 derivative_s=0.022084200 first_order_s=0.006748600 second_order_s=0.014931900 algebra_s=0.042518500 kkt_assembly_s=0.035428700 factor_s=0.165683700 solve_s=0.139949500 update_s=0.060139800 K_nnz=413715 rhs_cols=1 Vxx_nnz=1040400
FILTERDDP_TIMING iteration=75 barrier_iteration=0 stage=5 derivative_s=0.014872900 first_order_s=0.005023600 second_order_s=0.009526300 algebra_s=0.035894000 kkt_assembly_s=0.003111600 factor_s=0.280253500 solve_s=0.126519100 update_s=0.009464200 K_nnz=413715 rhs_cols=1 Vxx_nnz=1040400
FILTERDDP_TIMING iteration=75 barrier_iteration=0 stage=4 derivative_s=0.015629900 first_order_s=0.005340500 second_order_s=0.009966900 algebra_s=0.054056900 kkt_assembly_s=0.005133000 factor_s=0.166157800 solve_s=0.132415700 update_s=0.008704100 K_nnz=413715 rhs_cols=1 Vxx_nnz=1040400
FILTERDDP_TIMING iteration=75 barrier_iteration=0 stage=3 derivative_s=0.065994100 first_order_s=0.005218800 second_order_s=0.060453500 algebra_s=0.037338000 kkt_assembly_s=0.002601700 factor_s=0.286216900 solve_s=0.119918100 update_s=0.006957200 K_nnz=413715 rhs_cols=1 Vxx_nnz=1040400
FILTERDDP_TIMING iteration=75 barrier_iteration=0 stage=2 derivative_s=0.015015600 first_order_s=0.006674000 second_order_s=0.008001200 algebra_s=0.043177000 kkt_assembly_s=0.003306800 factor_s=0.154900400 solve_s=0.143658100 update_s=0.006759800 K_nnz=413715 rhs_cols=1 Vxx_nnz=1040400
FILTERDDP_TIMING iteration=75 barrier_iteration=0 stage=1 derivative_s=0.012904600 first_order_s=0.005382400 second_order_s=0.007166600 algebra_s=0.095666000 kkt_assembly_s=0.003552300 factor_s=0.122751000 solve_s=0.217215500 update_s=0.007080000 K_nnz=413715 rhs_cols=1 Vxx_nnz=1040400
FILTERDDP_FEASIBILITY iteration=75 barrier_iteration=0 equality_count=253818 equality_rms=5.177710217251e-02 equality_max=6.593680381318e-01 equality_worst_stage=3 equality_worst_index=31063 dynamics_count=5100 dynamics_rms=0.000000000000e+00 dynamics_max=0.000000000000e+00 dynamics_worst_stage=0 dynamics_worst_index=0 bound_count=284442 bound_rms=0.000000000000e+00 bound_max=0.000000000000e+00 bound_worst_stage=0 bound_worst_index=0 bound_worst_kind=none
    75   3.00888581e+06   6.5937e-01   5.3832e+01   9.9998e-01    0.00      -     5.0000e-01   0
FILTERDDP_ITER_TIMING iteration=75 barrier_iteration=0 backward_s=2.671802700 forward_s=0.163040700 total_s=2.834843400 outcome=accepted step_size=5.000000000e-01 backtracks=0 mu=1.000000000e+00
FILTERDDP_TIMING iteration=76 barrier_iteration=0 stage=6 derivative_s=0.017318700 first_order_s=0.005301800 second_order_s=0.011628800 algebra_s=0.057193700 kkt_assembly_s=0.002800700 factor_s=0.125193900 solve_s=0.154706700 update_s=0.006863700 K_nnz=413715 rhs_cols=1 Vxx_nnz=1040400
FILTERDDP_TIMING iteration=76 barrier_iteration=0 stage=5 derivative_s=0.014933300 first_order_s=0.006666200 second_order_s=0.007950900 algebra_s=0.034029500 kkt_assembly_s=0.002816100 factor_s=0.307762400 solve_s=0.137836200 update_s=0.007888100 K_nnz=413715 rhs_cols=1 Vxx_nnz=1040400
FILTERDDP_TIMING iteration=76 barrier_iteration=0 stage=4 derivative_s=0.019749700 first_order_s=0.005774400 second_order_s=0.013438600 algebra_s=0.056436300 kkt_assembly_s=0.003529100 factor_s=0.167785400 solve_s=0.152262500 update_s=0.058971500 K_nnz=413715 rhs_cols=1 Vxx_nnz=1040400
FILTERDDP_TIMING iteration=76 barrier_iteration=0 stage=3 derivative_s=0.014838200 first_order_s=0.005114000 second_order_s=0.009429900 algebra_s=0.036369600 kkt_assembly_s=0.002646300 factor_s=0.260226100 solve_s=0.138378500 update_s=0.008593700 K_nnz=413715 rhs_cols=1 Vxx_nnz=1040400
FILTERDDP_TIMING iteration=76 barrier_iteration=0 stage=2 derivative_s=0.017418100 first_order_s=0.005310800 second_order_s=0.011792200 algebra_s=0.052922900 kkt_assembly_s=0.002860600 factor_s=0.165741200 solve_s=0.138501300 update_s=0.008921600 K_nnz=413715 rhs_cols=1 Vxx_nnz=1040400
FILTERDDP_TIMING iteration=76 barrier_iteration=0 stage=1 derivative_s=0.060789200 first_order_s=0.005132700 second_order_s=0.055335400 algebra_s=0.036316500 kkt_assembly_s=0.002718000 factor_s=0.284129400 solve_s=0.129707300 update_s=0.009112700 K_nnz=413715 rhs_cols=1 Vxx_nnz=1040400
FILTERDDP_FEASIBILITY iteration=76 barrier_iteration=0 equality_count=253818 equality_rms=3.705791607708e-02 equality_max=4.211947024821e-01 equality_worst_stage=3 equality_worst_index=31164 dynamics_count=5100 dynamics_rms=0.000000000000e+00 dynamics_max=0.000000000000e+00 dynamics_worst_stage=0 dynamics_worst_index=0 bound_count=284442 bound_rms=0.000000000000e+00 bound_max=0.000000000000e+00 bound_worst_stage=0 bound_worst_index=0 bound_worst_kind=none
    76   3.09667413e+06   4.2119e-01   3.8195e+01   9.9998e-01    0.00      -     5.0000e-01   0
FILTERDDP_ITER_TIMING iteration=76 barrier_iteration=0 backward_s=2.704492500 forward_s=0.198735100 total_s=2.903227600 outcome=accepted step_size=5.000000000e-01 backtracks=0 mu=1.000000000e+00
FILTERDDP_TIMING iteration=77 barrier_iteration=0 stage=6 derivative_s=0.024688200 first_order_s=0.005447000 second_order_s=0.018913200 algebra_s=0.062019700 kkt_assembly_s=0.002822600 factor_s=0.192209800 solve_s=0.177427800 update_s=0.010565300 K_nnz=413715 rhs_cols=1 Vxx_nnz=1040400
FILTERDDP_TIMING iteration=77 barrier_iteration=0 stage=5 derivative_s=0.023830400 first_order_s=0.008917200 second_order_s=0.014418000 algebra_s=0.039212600 kkt_assembly_s=0.002697200 factor_s=0.291189600 solve_s=0.129976400 update_s=0.007869600 K_nnz=413715 rhs_cols=1 Vxx_nnz=1040400
FILTERDDP_TIMING iteration=77 barrier_iteration=0 stage=4 derivative_s=0.015829200 first_order_s=0.005668100 second_order_s=0.009836500 algebra_s=0.053058600 kkt_assembly_s=0.004720300 factor_s=0.166424500 solve_s=0.157986600 update_s=0.008537000 K_nnz=413715 rhs_cols=1 Vxx_nnz=1040400
FILTERDDP_TIMING iteration=77 barrier_iteration=0 stage=3 derivative_s=0.061766100 first_order_s=0.004847800 second_order_s=0.056600700 algebra_s=0.036301100 kkt_assembly_s=0.002671100 factor_s=0.271849300 solve_s=0.146167500 update_s=0.008868500 K_nnz=413715 rhs_cols=1 Vxx_nnz=1040400
FILTERDDP_TIMING iteration=77 barrier_iteration=0 stage=2 derivative_s=0.012336600 first_order_s=0.005161000 second_order_s=0.006844500 algebra_s=0.035133700 kkt_assembly_s=0.004180000 factor_s=0.198224800 solve_s=0.129306800 update_s=0.008422600 K_nnz=413715 rhs_cols=1 Vxx_nnz=1040400
FILTERDDP_TIMING iteration=77 barrier_iteration=0 stage=1 derivative_s=0.014383800 first_order_s=0.004895400 second_order_s=0.009169500 algebra_s=0.085716400 kkt_assembly_s=0.002613100 factor_s=0.170563700 solve_s=0.229730300 update_s=0.007232800 K_nnz=413715 rhs_cols=1 Vxx_nnz=1040400
FILTERDDP_FEASIBILITY iteration=77 barrier_iteration=0 equality_count=253818 equality_rms=2.369633801060e-02 equality_max=2.399206137175e-01 equality_worst_stage=3 equality_worst_index=31164 dynamics_count=5100 dynamics_rms=0.000000000000e+00 dynamics_max=0.000000000000e+00 dynamics_worst_stage=0 dynamics_worst_index=0 bound_count=284442 bound_rms=0.000000000000e+00 bound_max=0.000000000000e+00 bound_worst_stage=0 bound_worst_index=0 bound_worst_kind=none
    77   3.15114958e+06   2.3992e-01   2.7160e+01   9.9998e-01    0.00      -     5.0000e-01   0
FILTERDDP_ITER_TIMING iteration=77 barrier_iteration=0 backward_s=2.805379300 forward_s=0.170452700 total_s=2.975832000 outcome=accepted step_size=5.000000000e-01 backtracks=0 mu=1.000000000e+00
FILTERDDP_TIMING iteration=78 barrier_iteration=0 stage=6 derivative_s=0.016305200 first_order_s=0.004799200 second_order_s=0.011191800 algebra_s=0.058802300 kkt_assembly_s=0.004824800 factor_s=0.170376200 solve_s=0.140550000 update_s=0.055897300 K_nnz=413715 rhs_cols=1 Vxx_nnz=1040400
FILTERDDP_TIMING iteration=78 barrier_iteration=0 stage=5 derivative_s=0.015108400 first_order_s=0.004941500 second_order_s=0.009848800 algebra_s=0.041406000 kkt_assembly_s=0.004453600 factor_s=0.274520800 solve_s=0.128174300 update_s=0.008052400 K_nnz=413715 rhs_cols=1 Vxx_nnz=1040400
FILTERDDP_TIMING iteration=78 barrier_iteration=0 stage=4 derivative_s=0.015124100 first_order_s=0.005129500 second_order_s=0.009670500 algebra_s=0.062642100 kkt_assembly_s=0.002868900 factor_s=0.144737300 solve_s=0.134187400 update_s=0.007535900 K_nnz=413715 rhs_cols=1 Vxx_nnz=1040400
FILTERDDP_TIMING iteration=78 barrier_iteration=0 stage=3 derivative_s=0.076914000 first_order_s=0.007385300 second_order_s=0.069202600 algebra_s=0.041516500 kkt_assembly_s=0.004430200 factor_s=0.304607300 solve_s=0.130717100 update_s=0.009137200 K_nnz=413715 rhs_cols=1 Vxx_nnz=1040400
FILTERDDP_TIMING iteration=78 barrier_iteration=0 stage=2 derivative_s=0.013076200 first_order_s=0.005503900 second_order_s=0.007249400 algebra_s=0.036905400 kkt_assembly_s=0.002648500 factor_s=0.187634500 solve_s=0.128618800 update_s=0.009409700 K_nnz=413715 rhs_cols=1 Vxx_nnz=1040400
FILTERDDP_TIMING iteration=78 barrier_iteration=0 stage=1 derivative_s=0.017149800 first_order_s=0.005974900 second_order_s=0.010678100 algebra_s=0.086479300 kkt_assembly_s=0.002648900 factor_s=0.163071800 solve_s=0.243118400 update_s=0.008586400 K_nnz=413715 rhs_cols=1 Vxx_nnz=1040400
FILTERDDP_FEASIBILITY iteration=78 barrier_iteration=0 equality_count=253818 equality_rms=1.384061030721e-02 equality_max=1.432542471342e-01 equality_worst_stage=5 equality_worst_index=31164 dynamics_count=5100 dynamics_rms=0.000000000000e+00 dynamics_max=0.000000000000e+00 dynamics_worst_stage=0 dynamics_worst_index=0 bound_count=284442 bound_rms=0.000000000000e+00 bound_max=0.000000000000e+00 bound_worst_stage=0 bound_worst_index=0 bound_worst_kind=none
    78   3.18634880e+06   1.4325e-01   1.9264e+01   9.9999e-01    0.00      -     5.0000e-01   0
FILTERDDP_ITER_TIMING iteration=78 barrier_iteration=0 backward_s=2.760439600 forward_s=0.174576000 total_s=2.935015600 outcome=accepted step_size=5.000000000e-01 backtracks=0 mu=1.000000000e+00
FILTERDDP_TIMING iteration=79 barrier_iteration=0 stage=6 derivative_s=0.032521200 first_order_s=0.011185900 second_order_s=0.020465900 algebra_s=0.067566800 kkt_assembly_s=0.003212400 factor_s=0.146706300 solve_s=0.123542500 update_s=0.057167000 K_nnz=413715 rhs_cols=1 Vxx_nnz=1040400
FILTERDDP_TIMING iteration=79 barrier_iteration=0 stage=5 derivative_s=0.015490500 first_order_s=0.005146500 second_order_s=0.010027400 algebra_s=0.037182100 kkt_assembly_s=0.002749200 factor_s=0.282032100 solve_s=0.148555600 update_s=0.008749000 K_nnz=413715 rhs_cols=1 Vxx_nnz=1040400
FILTERDDP_TIMING iteration=79 barrier_iteration=0 stage=4 derivative_s=0.015828000 first_order_s=0.005310400 second_order_s=0.010209700 algebra_s=0.054883400 kkt_assembly_s=0.004967700 factor_s=0.177826000 solve_s=0.119722300 update_s=0.008677200 K_nnz=413715 rhs_cols=1 Vxx_nnz=1040400
FILTERDDP_TIMING iteration=79 barrier_iteration=0 stage=3 derivative_s=0.068523300 first_order_s=0.005222500 second_order_s=0.062996700 algebra_s=0.036126000 kkt_assembly_s=0.002656100 factor_s=0.281911600 solve_s=0.137072300 update_s=0.008216700 K_nnz=413715 rhs_cols=1 Vxx_nnz=1040400
FILTERDDP_TIMING iteration=79 barrier_iteration=0 stage=2 derivative_s=0.015090400 first_order_s=0.005075500 second_order_s=0.009704500 algebra_s=0.036767200 kkt_assembly_s=0.002789900 factor_s=0.190085700 solve_s=0.140277900 update_s=0.010127100 K_nnz=413715 rhs_cols=1 Vxx_nnz=1040400
FILTERDDP_TIMING iteration=79 barrier_iteration=0 stage=1 derivative_s=0.015320800 first_order_s=0.005086200 second_order_s=0.009915400 algebra_s=0.086814000 kkt_assembly_s=0.002552300 factor_s=0.163134700 solve_s=0.257293000 update_s=0.007038000 K_nnz=413715 rhs_cols=1 Vxx_nnz=1040400
FILTERDDP_FEASIBILITY iteration=79 barrier_iteration=0 equality_count=253818 equality_rms=7.559095706263e-03 equality_max=8.291840550526e-02 equality_worst_stage=5 equality_worst_index=31164 dynamics_count=5100 dynamics_rms=0.000000000000e+00 dynamics_max=0.000000000000e+00 dynamics_worst_stage=0 dynamics_worst_index=0 bound_count=284442 bound_rms=0.000000000000e+00 bound_max=0.000000000000e+00 bound_worst_stage=0 bound_worst_index=0 bound_worst_kind=none
FILTERDDP_ITER_TIMING iteration=79 barrier_iteration=0 backward_s=2.777521400 forward_s=0.000000000 total_s=2.777521400 outcome=barrier_update step_size=5.000000000e-01 backtracks=0 mu=1.000000000e+00
FILTERDDP_TIMING iteration=79 barrier_iteration=1 stage=6 derivative_s=0.015943800 first_order_s=0.004968800 second_order_s=0.010679100 algebra_s=0.039872600 kkt_assembly_s=0.002621800 factor_s=0.170477700 solve_s=0.125221700 update_s=0.008139900 K_nnz=413715 rhs_cols=1 Vxx_nnz=1040400
FILTERDDP_TIMING iteration=79 barrier_iteration=1 stage=5 derivative_s=0.015117100 first_order_s=0.005099500 second_order_s=0.009700400 algebra_s=0.088506100 kkt_assembly_s=0.002747200 factor_s=0.162920500 solve_s=0.229168100 update_s=0.008849800 K_nnz=413715 rhs_cols=1 Vxx_nnz=1040400
FILTERDDP_TIMING iteration=79 barrier_iteration=1 stage=4 derivative_s=0.014915500 first_order_s=0.004967800 second_order_s=0.009646200 algebra_s=0.036584000 kkt_assembly_s=0.004362900 factor_s=0.168902900 solve_s=0.157157200 update_s=0.006863400 K_nnz=413715 rhs_cols=1 Vxx_nnz=1040400
FILTERDDP_TIMING iteration=79 barrier_iteration=1 stage=3 derivative_s=0.013795100 first_order_s=0.005101800 second_order_s=0.008378700 algebra_s=0.086851200 kkt_assembly_s=0.002739100 factor_s=0.167934800 solve_s=0.254698400 update_s=0.007591000 K_nnz=413715 rhs_cols=1 Vxx_nnz=1040400
FILTERDDP_TIMING iteration=79 barrier_iteration=1 stage=2 derivative_s=0.012661600 first_order_s=0.004897800 second_order_s=0.007439700 algebra_s=0.040196000 kkt_assembly_s=0.002652300 factor_s=0.150859500 solve_s=0.135684400 update_s=0.008909500 K_nnz=413715 rhs_cols=1 Vxx_nnz=1040400
FILTERDDP_TIMING iteration=79 barrier_iteration=1 stage=1 derivative_s=0.015574200 first_order_s=0.005389500 second_order_s=0.009873600 algebra_s=0.037672900 kkt_assembly_s=0.003609900 factor_s=0.221042800 solve_s=0.135904100 update_s=0.116063800 K_nnz=413715 rhs_cols=1 Vxx_nnz=1040400
FILTERDDP_FEASIBILITY iteration=79 barrier_iteration=1 equality_count=253818 equality_rms=7.559095706263e-03 equality_max=8.291840550526e-02 equality_worst_stage=5 equality_worst_index=31164 dynamics_count=5100 dynamics_rms=0.000000000000e+00 dynamics_max=0.000000000000e+00 dynamics_worst_stage=0 dynamics_worst_index=0 bound_count=284442 bound_rms=0.000000000000e+00 bound_max=0.000000000000e+00 bound_worst_stage=0 bound_worst_index=0 bound_worst_kind=none
    79   3.20839300e+06   8.2918e-02   9.6083e+00   9.9999e-01   -0.70      -     5.0000e-01   0
FILTERDDP_ITER_TIMING iteration=79 barrier_iteration=1 backward_s=2.678969100 forward_s=0.168140900 total_s=2.847110000 outcome=accepted step_size=5.000000000e-01 backtracks=0 mu=2.000000000e-01
FILTERDDP_TIMING iteration=80 barrier_iteration=1 stage=6 derivative_s=0.015988100 first_order_s=0.004967700 second_order_s=0.010726500 algebra_s=0.040434800 kkt_assembly_s=0.005379600 factor_s=0.204089500 solve_s=0.150812300 update_s=0.007305800 K_nnz=413715 rhs_cols=1 Vxx_nnz=1040400
FILTERDDP_TIMING iteration=80 barrier_iteration=1 stage=5 derivative_s=0.015208400 first_order_s=0.005275800 second_order_s=0.009626600 algebra_s=0.051901400 kkt_assembly_s=0.005468100 factor_s=0.166072700 solve_s=0.190813900 update_s=0.006835500 K_nnz=413715 rhs_cols=1 Vxx_nnz=1040400
FILTERDDP_TIMING iteration=80 barrier_iteration=1 stage=4 derivative_s=0.015534500 first_order_s=0.005196100 second_order_s=0.010030700 algebra_s=0.163568600 kkt_assembly_s=0.002672200 factor_s=0.166665400 solve_s=0.133926600 update_s=0.030992400 K_nnz=413715 rhs_cols=1 Vxx_nnz=1040400
FILTERDDP_TIMING iteration=80 barrier_iteration=1 stage=3 derivative_s=0.014676600 first_order_s=0.004980000 second_order_s=0.009372100 algebra_s=0.035647300 kkt_assembly_s=0.002689900 factor_s=0.205825800 solve_s=0.142793000 update_s=0.008966300 K_nnz=413715 rhs_cols=1 Vxx_nnz=1040400
FILTERDDP_TIMING iteration=80 barrier_iteration=1 stage=2 derivative_s=0.014917100 first_order_s=0.004995400 second_order_s=0.009618000 algebra_s=0.161398200 kkt_assembly_s=0.002654700 factor_s=0.164158000 solve_s=0.146625800 update_s=0.009003700 K_nnz=413715 rhs_cols=1 Vxx_nnz=1040400
FILTERDDP_TIMING iteration=80 barrier_iteration=1 stage=1 derivative_s=0.038076300 first_order_s=0.005003300 second_order_s=0.032702600 algebra_s=0.038064800 kkt_assembly_s=0.002659100 factor_s=0.167687300 solve_s=0.174269500 update_s=0.007415400 K_nnz=413715 rhs_cols=1 Vxx_nnz=1040400
FILTERDDP_FEASIBILITY iteration=80 barrier_iteration=1 equality_count=253818 equality_rms=1.060498705064e-02 equality_max=9.470476355748e-02 equality_worst_stage=5 equality_worst_index=31783 dynamics_count=5100 dynamics_rms=0.000000000000e+00 dynamics_max=0.000000000000e+00 dynamics_worst_stage=0 dynamics_worst_index=0 bound_count=284442 bound_rms=0.000000000000e+00 bound_max=0.000000000000e+00 bound_worst_stage=0 bound_worst_index=0 bound_worst_kind=none
  iter     objective        pr_inf       du_inf       cs_inf     lg(μ)   lg(reg)    alpha     ls
    80   3.17503777e+06   9.4705e-02   6.0427e+00   6.3278e-01   -0.70      -     5.0000e-01   0
FILTERDDP_ITER_TIMING iteration=80 barrier_iteration=1 backward_s=2.720020800 forward_s=0.170766200 total_s=2.890787000 outcome=accepted step_size=5.000000000e-01 backtracks=0 mu=2.000000000e-01
FILTERDDP_TIMING iteration=81 barrier_iteration=1 stage=6 derivative_s=0.153565600 first_order_s=0.005178000 second_order_s=0.148058400 algebra_s=0.042898500 kkt_assembly_s=0.002742600 factor_s=0.162352700 solve_s=0.158254400 update_s=0.007589000 K_nnz=413715 rhs_cols=1 Vxx_nnz=1040400
FILTERDDP_TIMING iteration=81 barrier_iteration=1 stage=5 derivative_s=0.014970200 first_order_s=0.005229900 second_order_s=0.009430900 algebra_s=0.035638700 kkt_assembly_s=0.002895100 factor_s=0.212641100 solve_s=0.141651400 update_s=0.008821300 K_nnz=413715 rhs_cols=1 Vxx_nnz=1040400
FILTERDDP_TIMING iteration=81 barrier_iteration=1 stage=4 derivative_s=0.126651200 first_order_s=0.005018800 second_order_s=0.121317600 algebra_s=0.037192500 kkt_assembly_s=0.002716500 factor_s=0.162139600 solve_s=0.163281900 update_s=0.008260200 K_nnz=413715 rhs_cols=1 Vxx_nnz=1040400
FILTERDDP_TIMING iteration=81 barrier_iteration=1 stage=3 derivative_s=0.015940600 first_order_s=0.005409600 second_order_s=0.010182800 algebra_s=0.038697800 kkt_assembly_s=0.002858100 factor_s=0.230325200 solve_s=0.125239200 update_s=0.008725800 K_nnz=413715 rhs_cols=1 Vxx_nnz=1040400
FILTERDDP_TIMING iteration=81 barrier_iteration=1 stage=2 derivative_s=0.023504100 first_order_s=0.007442800 second_order_s=0.015757600 algebra_s=0.156689200 kkt_assembly_s=0.002679300 factor_s=0.162310800 solve_s=0.129614600 update_s=0.030310700 K_nnz=413715 rhs_cols=1 Vxx_nnz=1040400
FILTERDDP_TIMING iteration=81 barrier_iteration=1 stage=1 derivative_s=0.015515100 first_order_s=0.005004300 second_order_s=0.010191700 algebra_s=0.038140200 kkt_assembly_s=0.002678500 factor_s=0.211921100 solve_s=0.127908600 update_s=0.008682200 K_nnz=413715 rhs_cols=1 Vxx_nnz=1040400
FILTERDDP_FEASIBILITY iteration=81 barrier_iteration=1 equality_count=253818 equality_rms=1.070515190487e-02 equality_max=9.244087070986e-02 equality_worst_stage=5 equality_worst_index=34783 dynamics_count=5100 dynamics_rms=0.000000000000e+00 dynamics_max=0.000000000000e+00 dynamics_worst_stage=0 dynamics_worst_index=0 bound_count=284442 bound_rms=0.000000000000e+00 bound_max=0.000000000000e+00 bound_worst_stage=0 bound_worst_index=0 bound_worst_kind=none
    81   3.15647498e+06   9.2441e-02   3.2863e+00   4.3287e-01   -0.70      -     5.0000e-01   0
FILTERDDP_ITER_TIMING iteration=81 barrier_iteration=1 backward_s=2.784104200 forward_s=0.183022900 total_s=2.967127100 outcome=accepted step_size=5.000000000e-01 backtracks=0 mu=2.000000000e-01
FILTERDDP_TIMING iteration=82 barrier_iteration=1 stage=6 derivative_s=0.145684400 first_order_s=0.007793200 second_order_s=0.137229800 algebra_s=0.041369700 kkt_assembly_s=0.002587000 factor_s=0.169674900 solve_s=0.144857200 update_s=0.008240500 K_nnz=413715 rhs_cols=1 Vxx_nnz=1040400
FILTERDDP_TIMING iteration=82 barrier_iteration=1 stage=5 derivative_s=0.015198700 first_order_s=0.005057600 second_order_s=0.009802400 algebra_s=0.070911500 kkt_assembly_s=0.002633300 factor_s=0.163360300 solve_s=0.185048600 update_s=0.006648200 K_nnz=413715 rhs_cols=1 Vxx_nnz=1040400
FILTERDDP_TIMING iteration=82 barrier_iteration=1 stage=4 derivative_s=0.015645600 first_order_s=0.004973100 second_order_s=0.010362200 algebra_s=0.036293300 kkt_assembly_s=0.002811000 factor_s=0.289747300 solve_s=0.135026500 update_s=0.008937800 K_nnz=413715 rhs_cols=1 Vxx_nnz=1040400
FILTERDDP_TIMING iteration=82 barrier_iteration=1 stage=3 derivative_s=0.015544200 first_order_s=0.005324500 second_order_s=0.009877300 algebra_s=0.058366900 kkt_assembly_s=0.002752300 factor_s=0.164480300 solve_s=0.167366000 update_s=0.008898200 K_nnz=413715 rhs_cols=1 Vxx_nnz=1040400
FILTERDDP_TIMING iteration=82 barrier_iteration=1 stage=2 derivative_s=0.015179800 first_order_s=0.005207500 second_order_s=0.009659800 algebra_s=0.037145000 kkt_assembly_s=0.002531200 factor_s=0.280143100 solve_s=0.132049900 update_s=0.008573500 K_nnz=413715 rhs_cols=1 Vxx_nnz=1040400
FILTERDDP_TIMING iteration=82 barrier_iteration=1 stage=1 derivative_s=0.015226700 first_order_s=0.005097300 second_order_s=0.009806900 algebra_s=0.054485200 kkt_assembly_s=0.002890200 factor_s=0.146022700 solve_s=0.115933100 update_s=0.062699300 K_nnz=413715 rhs_cols=1 Vxx_nnz=1040400
FILTERDDP_FEASIBILITY iteration=82 barrier_iteration=1 equality_count=253818 equality_rms=8.279197743883e-03 equality_max=7.454625299772e-02 equality_worst_stage=5 equality_worst_index=34783 dynamics_count=5100 dynamics_rms=0.000000000000e+00 dynamics_max=0.000000000000e+00 dynamics_worst_stage=0 dynamics_worst_index=0 bound_count=284442 bound_rms=0.000000000000e+00 bound_max=0.000000000000e+00 bound_worst_stage=0 bound_worst_index=0 bound_worst_kind=none
FILTERDDP_ITER_TIMING iteration=82 barrier_iteration=1 backward_s=2.742880600 forward_s=0.000000000 total_s=2.742880600 outcome=barrier_update step_size=5.000000000e-01 backtracks=0 mu=2.000000000e-01
FILTERDDP_TIMING iteration=82 barrier_iteration=2 stage=6 derivative_s=0.018103000 first_order_s=0.005097800 second_order_s=0.012621800 algebra_s=0.038813500 kkt_assembly_s=0.003093500 factor_s=0.268859900 solve_s=0.160144200 update_s=0.008900700 K_nnz=413715 rhs_cols=1 Vxx_nnz=1040400
FILTERDDP_TIMING iteration=82 barrier_iteration=2 stage=5 derivative_s=0.026989500 first_order_s=0.010602500 second_order_s=0.015663600 algebra_s=0.060798100 kkt_assembly_s=0.005187100 factor_s=0.150750400 solve_s=0.131336200 update_s=0.008896500 K_nnz=413715 rhs_cols=1 Vxx_nnz=1040400
FILTERDDP_TIMING iteration=82 barrier_iteration=2 stage=4 derivative_s=0.065032100 first_order_s=0.005011300 second_order_s=0.059703900 algebra_s=0.037800400 kkt_assembly_s=0.002754100 factor_s=0.287240900 solve_s=0.139749300 update_s=0.008936100 K_nnz=413715 rhs_cols=1 Vxx_nnz=1040400
FILTERDDP_TIMING iteration=82 barrier_iteration=2 stage=3 derivative_s=0.016791100 first_order_s=0.005147400 second_order_s=0.011337800 algebra_s=0.036828000 kkt_assembly_s=0.002628300 factor_s=0.199595700 solve_s=0.143940100 update_s=0.008861600 K_nnz=413715 rhs_cols=1 Vxx_nnz=1040400
FILTERDDP_TIMING iteration=82 barrier_iteration=2 stage=2 derivative_s=0.015071700 first_order_s=0.005028400 second_order_s=0.009742100 algebra_s=0.086947600 kkt_assembly_s=0.004892200 factor_s=0.163682800 solve_s=0.247745300 update_s=0.007415600 K_nnz=413715 rhs_cols=1 Vxx_nnz=1040400
FILTERDDP_TIMING iteration=82 barrier_iteration=2 stage=1 derivative_s=0.016406900 first_order_s=0.005509900 second_order_s=0.010582000 algebra_s=0.036361500 kkt_assembly_s=0.002777600 factor_s=0.170272000 solve_s=0.152434200 update_s=0.008983000 K_nnz=413715 rhs_cols=1 Vxx_nnz=1040400
FILTERDDP_FEASIBILITY iteration=82 barrier_iteration=2 equality_count=253818 equality_rms=8.279197743883e-03 equality_max=7.454625299772e-02 equality_worst_stage=5 equality_worst_index=34783 dynamics_count=5100 dynamics_rms=0.000000000000e+00 dynamics_max=0.000000000000e+00 dynamics_worst_stage=0 dynamics_worst_index=0 bound_count=284442 bound_rms=0.000000000000e+00 bound_max=0.000000000000e+00 bound_worst_stage=0 bound_worst_index=0 bound_worst_kind=none
    82   3.14675451e+06   7.4546e-02   1.5111e+00   3.2258e-01   -1.40      -     5.0000e-01   0
FILTERDDP_ITER_TIMING iteration=82 barrier_iteration=2 backward_s=2.752622700 forward_s=0.181128600 total_s=2.933751300 outcome=accepted step_size=5.000000000e-01 backtracks=0 mu=4.000000000e-02
FILTERDDP_TIMING iteration=83 barrier_iteration=2 stage=6 derivative_s=0.068524700 first_order_s=0.005024600 second_order_s=0.063194500 algebra_s=0.038096500 kkt_assembly_s=0.003243400 factor_s=0.261982100 solve_s=0.126065400 update_s=0.006762700 K_nnz=413715 rhs_cols=1 Vxx_nnz=1040400
FILTERDDP_TIMING iteration=83 barrier_iteration=2 stage=5 derivative_s=0.012655800 first_order_s=0.005034300 second_order_s=0.007310800 algebra_s=0.036009500 kkt_assembly_s=0.002703100 factor_s=0.191068800 solve_s=0.146126600 update_s=0.008453200 K_nnz=413715 rhs_cols=1 Vxx_nnz=1040400
FILTERDDP_TIMING iteration=83 barrier_iteration=2 stage=4 derivative_s=0.014668100 first_order_s=0.004910700 second_order_s=0.009453000 algebra_s=0.089181300 kkt_assembly_s=0.003119600 factor_s=0.147305000 solve_s=0.230634700 update_s=0.009043600 K_nnz=413715 rhs_cols=1 Vxx_nnz=1040400
FILTERDDP_TIMING iteration=83 barrier_iteration=2 stage=3 derivative_s=0.015121900 first_order_s=0.005112900 second_order_s=0.009683200 algebra_s=0.036732400 kkt_assembly_s=0.002781200 factor_s=0.184404000 solve_s=0.124927700 update_s=0.006774800 K_nnz=413715 rhs_cols=1 Vxx_nnz=1040400
FILTERDDP_TIMING iteration=83 barrier_iteration=2 stage=2 derivative_s=0.013766600 first_order_s=0.005384000 second_order_s=0.008072500 algebra_s=0.085116900 kkt_assembly_s=0.002682700 factor_s=0.168545600 solve_s=0.241693000 update_s=0.007027800 K_nnz=413715 rhs_cols=1 Vxx_nnz=1040400
FILTERDDP_TIMING iteration=83 barrier_iteration=2 stage=1 derivative_s=0.014699200 first_order_s=0.005072200 second_order_s=0.009309200 algebra_s=0.036377400 kkt_assembly_s=0.002803000 factor_s=0.172970500 solve_s=0.164782300 update_s=0.010878400 K_nnz=413715 rhs_cols=1 Vxx_nnz=1040400
FILTERDDP_FEASIBILITY iteration=83 barrier_iteration=2 equality_count=253818 equality_rms=1.033120120821e-02 equality_max=1.004518891092e-01 equality_worst_stage=5 equality_worst_index=34783 dynamics_count=5100 dynamics_rms=0.000000000000e+00 dynamics_max=0.000000000000e+00 dynamics_worst_stage=0 dynamics_worst_index=0 bound_count=284442 bound_rms=0.000000000000e+00 bound_max=0.000000000000e+00 bound_worst_stage=0 bound_worst_index=0 bound_worst_kind=none
    83   3.13225003e+06   1.0045e-01   8.3963e-01   1.9503e-01   -1.40      -     5.0000e-01   0
FILTERDDP_ITER_TIMING iteration=83 barrier_iteration=2 backward_s=2.695445200 forward_s=0.175241100 total_s=2.870686300 outcome=accepted step_size=5.000000000e-01 backtracks=0 mu=4.000000000e-02
FILTERDDP_TIMING iteration=84 barrier_iteration=2 stage=6 derivative_s=0.079077900 first_order_s=0.005092700 second_order_s=0.073674000 algebra_s=0.037650200 kkt_assembly_s=0.002613400 factor_s=0.271837000 solve_s=0.135118000 update_s=0.007747100 K_nnz=413715 rhs_cols=1 Vxx_nnz=1040400
FILTERDDP_TIMING iteration=84 barrier_iteration=2 stage=5 derivative_s=0.015347100 first_order_s=0.005141700 second_order_s=0.009888100 algebra_s=0.036047300 kkt_assembly_s=0.002680700 factor_s=0.188279400 solve_s=0.127165400 update_s=0.009083900 K_nnz=413715 rhs_cols=1 Vxx_nnz=1040400
FILTERDDP_TIMING iteration=84 barrier_iteration=2 stage=4 derivative_s=0.015448600 first_order_s=0.005161600 second_order_s=0.009983900 algebra_s=0.087029900 kkt_assembly_s=0.005220100 factor_s=0.171727700 solve_s=0.261406700 update_s=0.009763600 K_nnz=413715 rhs_cols=1 Vxx_nnz=1040400
FILTERDDP_TIMING iteration=84 barrier_iteration=2 stage=3 derivative_s=0.014975200 first_order_s=0.005071300 second_order_s=0.009593500 algebra_s=0.036672900 kkt_assembly_s=0.005439200 factor_s=0.194555900 solve_s=0.151679800 update_s=0.006802800 K_nnz=413715 rhs_cols=1 Vxx_nnz=1040400
FILTERDDP_TIMING iteration=84 barrier_iteration=2 stage=2 derivative_s=0.015130400 first_order_s=0.005037900 second_order_s=0.009785500 algebra_s=0.088471200 kkt_assembly_s=0.002648700 factor_s=0.171772200 solve_s=0.256389900 update_s=0.006279500 K_nnz=413715 rhs_cols=1 Vxx_nnz=1040400
FILTERDDP_TIMING iteration=84 barrier_iteration=2 stage=1 derivative_s=0.012236500 first_order_s=0.004983200 second_order_s=0.006923800 algebra_s=0.036938900 kkt_assembly_s=0.002613700 factor_s=0.163826300 solve_s=0.171038100 update_s=0.008570900 K_nnz=413715 rhs_cols=1 Vxx_nnz=1040400
FILTERDDP_FEASIBILITY iteration=84 barrier_iteration=2 equality_count=253818 equality_rms=8.246331695164e-03 equality_max=8.548125637283e-02 equality_worst_stage=5 equality_worst_index=34783 dynamics_count=5100 dynamics_rms=0.000000000000e+00 dynamics_max=0.000000000000e+00 dynamics_worst_stage=0 dynamics_worst_index=0 bound_count=284442 bound_rms=0.000000000000e+00 bound_max=0.000000000000e+00 bound_worst_stage=0 bound_worst_index=0 bound_worst_kind=none
    84   3.12514391e+06   8.5481e-02   4.0655e-01   1.2333e-01   -1.40      -     5.0000e-01   0
FILTERDDP_ITER_TIMING iteration=84 barrier_iteration=2 backward_s=2.818152800 forward_s=0.172877500 total_s=2.991030300 outcome=accepted step_size=5.000000000e-01 backtracks=0 mu=4.000000000e-02
FILTERDDP_TIMING iteration=85 barrier_iteration=2 stage=6 derivative_s=0.071299600 first_order_s=0.005317500 second_order_s=0.065674300 algebra_s=0.039600800 kkt_assembly_s=0.004894600 factor_s=0.273840400 solve_s=0.149899100 update_s=0.008419500 K_nnz=413715 rhs_cols=1 Vxx_nnz=1040400
FILTERDDP_TIMING iteration=85 barrier_iteration=2 stage=5 derivative_s=0.015481600 first_order_s=0.005235900 second_order_s=0.009926000 algebra_s=0.039308700 kkt_assembly_s=0.003609000 factor_s=0.187938800 solve_s=0.136960500 update_s=0.009095200 K_nnz=413715 rhs_cols=1 Vxx_nnz=1040400
FILTERDDP_TIMING iteration=85 barrier_iteration=2 stage=4 derivative_s=0.015440300 first_order_s=0.005159200 second_order_s=0.009977000 algebra_s=0.085848200 kkt_assembly_s=0.002719500 factor_s=0.165663500 solve_s=0.241705200 update_s=0.008316200 K_nnz=413715 rhs_cols=1 Vxx_nnz=1040400
FILTERDDP_TIMING iteration=85 barrier_iteration=2 stage=3 derivative_s=0.014979800 first_order_s=0.004952700 second_order_s=0.009717200 algebra_s=0.037236000 kkt_assembly_s=0.003446700 factor_s=0.193008100 solve_s=0.136693200 update_s=0.008974000 K_nnz=413715 rhs_cols=1 Vxx_nnz=1040400
FILTERDDP_TIMING iteration=85 barrier_iteration=2 stage=2 derivative_s=0.015456800 first_order_s=0.005183700 second_order_s=0.009964800 algebra_s=0.087846400 kkt_assembly_s=0.004873800 factor_s=0.181815200 solve_s=0.254198100 update_s=0.008464500 K_nnz=413715 rhs_cols=1 Vxx_nnz=1040400
FILTERDDP_TIMING iteration=85 barrier_iteration=2 stage=1 derivative_s=0.015083500 first_order_s=0.005057900 second_order_s=0.009714400 algebra_s=0.036218400 kkt_assembly_s=0.002556500 factor_s=0.167385000 solve_s=0.163676400 update_s=0.007919800 K_nnz=413715 rhs_cols=1 Vxx_nnz=1040400
FILTERDDP_FEASIBILITY iteration=85 barrier_iteration=2 equality_count=253818 equality_rms=5.289819531171e-03 equality_max=5.734893368252e-02 equality_worst_stage=5 equality_worst_index=34783 dynamics_count=5100 dynamics_rms=0.000000000000e+00 dynamics_max=0.000000000000e+00 dynamics_worst_stage=0 dynamics_worst_index=0 bound_count=284442 bound_rms=0.000000000000e+00 bound_max=0.000000000000e+00 bound_worst_stage=0 bound_worst_index=0 bound_worst_kind=none
FILTERDDP_ITER_TIMING iteration=85 barrier_iteration=2 backward_s=2.808178900 forward_s=0.000000000 total_s=2.808178900 outcome=barrier_update step_size=5.000000000e-01 backtracks=0 mu=4.000000000e-02
FILTERDDP_TIMING iteration=85 barrier_iteration=3 stage=6 derivative_s=0.017298200 first_order_s=0.005017800 second_order_s=0.011973400 algebra_s=0.098139700 kkt_assembly_s=0.003908500 factor_s=0.163809300 solve_s=0.251524400 update_s=0.010320200 K_nnz=413715 rhs_cols=1 Vxx_nnz=1040400
FILTERDDP_TIMING iteration=85 barrier_iteration=3 stage=5 derivative_s=0.014998500 first_order_s=0.005141500 second_order_s=0.009525300 algebra_s=0.038188600 kkt_assembly_s=0.002796100 factor_s=0.131213400 solve_s=0.145058800 update_s=0.008934000 K_nnz=413715 rhs_cols=1 Vxx_nnz=1040400
FILTERDDP_TIMING iteration=85 barrier_iteration=3 stage=4 derivative_s=0.018565000 first_order_s=0.006640800 second_order_s=0.011528600 algebra_s=0.038334300 kkt_assembly_s=0.002666200 factor_s=0.235278500 solve_s=0.248670800 update_s=0.006406900 K_nnz=413715 rhs_cols=1 Vxx_nnz=1040400
FILTERDDP_TIMING iteration=85 barrier_iteration=3 stage=3 derivative_s=0.014636100 first_order_s=0.004941100 second_order_s=0.009383800 algebra_s=0.036572700 kkt_assembly_s=0.003653800 factor_s=0.170635200 solve_s=0.167933600 update_s=0.009026000 K_nnz=413715 rhs_cols=1 Vxx_nnz=1040400
FILTERDDP_TIMING iteration=85 barrier_iteration=3 stage=2 derivative_s=0.015725800 first_order_s=0.005475900 second_order_s=0.009944500 algebra_s=0.040436700 kkt_assembly_s=0.002559400 factor_s=0.224434400 solve_s=0.149266200 update_s=0.009601800 K_nnz=413715 rhs_cols=1 Vxx_nnz=1040400
FILTERDDP_TIMING iteration=85 barrier_iteration=3 stage=1 derivative_s=0.127285000 first_order_s=0.005480500 second_order_s=0.121465100 algebra_s=0.038402500 kkt_assembly_s=0.004057000 factor_s=0.175598300 solve_s=0.139855200 update_s=0.007833000 K_nnz=413715 rhs_cols=1 Vxx_nnz=1040400
FILTERDDP_FEASIBILITY iteration=85 barrier_iteration=3 equality_count=253818 equality_rms=5.289819531171e-03 equality_max=5.734893368252e-02 equality_worst_stage=5 equality_worst_index=34783 dynamics_count=5100 dynamics_rms=0.000000000000e+00 dynamics_max=0.000000000000e+00 dynamics_worst_stage=0 dynamics_worst_index=0 bound_count=284442 bound_rms=0.000000000000e+00 bound_max=0.000000000000e+00 bound_worst_stage=0 bound_worst_index=0 bound_worst_kind=none
    85   3.12172196e+06   5.7349e-02   1.8892e-01   8.3762e-02   -2.10      -     5.0000e-01   0
FILTERDDP_ITER_TIMING iteration=85 barrier_iteration=3 backward_s=2.781432200 forward_s=0.170810800 total_s=2.952243000 outcome=accepted step_size=5.000000000e-01 backtracks=0 mu=8.000000000e-03
FILTERDDP_TIMING iteration=86 barrier_iteration=3 stage=6 derivative_s=0.016327600 first_order_s=0.005186900 second_order_s=0.010831400 algebra_s=0.093936800 kkt_assembly_s=0.004939500 factor_s=0.179311600 solve_s=0.244266100 update_s=0.009035200 K_nnz=413715 rhs_cols=1 Vxx_nnz=1040400
FILTERDDP_TIMING iteration=86 barrier_iteration=3 stage=5 derivative_s=0.015127000 first_order_s=0.004948300 second_order_s=0.009868900 algebra_s=0.037013400 kkt_assembly_s=0.002797100 factor_s=0.157981400 solve_s=0.169571700 update_s=0.009092900 K_nnz=413715 rhs_cols=1 Vxx_nnz=1040400
FILTERDDP_TIMING iteration=86 barrier_iteration=3 stage=4 derivative_s=0.016185200 first_order_s=0.005816200 second_order_s=0.010031900 algebra_s=0.102606300 kkt_assembly_s=0.002725400 factor_s=0.169369800 solve_s=0.238741800 update_s=0.006580700 K_nnz=413715 rhs_cols=1 Vxx_nnz=1040400
FILTERDDP_TIMING iteration=86 barrier_iteration=3 stage=3 derivative_s=0.013031500 first_order_s=0.005547800 second_order_s=0.007172300 algebra_s=0.036855900 kkt_assembly_s=0.002775900 factor_s=0.161026100 solve_s=0.132451500 update_s=0.006858500 K_nnz=413715 rhs_cols=1 Vxx_nnz=1040400
FILTERDDP_TIMING iteration=86 barrier_iteration=3 stage=2 derivative_s=0.014781900 first_order_s=0.006348100 second_order_s=0.008092000 algebra_s=0.037292400 kkt_assembly_s=0.002992500 factor_s=0.248817900 solve_s=0.259563600 update_s=0.006606300 K_nnz=413715 rhs_cols=1 Vxx_nnz=1040400
FILTERDDP_TIMING iteration=86 barrier_iteration=3 stage=1 derivative_s=0.013573600 first_order_s=0.005271900 second_order_s=0.007956600 algebra_s=0.036032300 kkt_assembly_s=0.002549600 factor_s=0.157213200 solve_s=0.158534500 update_s=0.008615300 K_nnz=413715 rhs_cols=1 Vxx_nnz=1040400
FILTERDDP_FEASIBILITY iteration=86 barrier_iteration=3 equality_count=253818 equality_rms=3.821678299039e-03 equality_max=4.393837866632e-02 equality_worst_stage=5 equality_worst_index=34783 dynamics_count=5100 dynamics_rms=0.000000000000e+00 dynamics_max=0.000000000000e+00 dynamics_worst_stage=0 dynamics_worst_index=0 bound_count=284442 bound_rms=0.000000000000e+00 bound_max=0.000000000000e+00 bound_worst_stage=0 bound_worst_index=0 bound_worst_kind=none
    86   3.11829395e+06   4.3938e-02   1.1121e-01   4.8970e-02   -2.10      -     5.0000e-01   0
FILTERDDP_ITER_TIMING iteration=86 barrier_iteration=3 backward_s=2.782541700 forward_s=0.166975200 total_s=2.949516900 outcome=accepted step_size=5.000000000e-01 backtracks=0 mu=8.000000000e-03
FILTERDDP_TIMING iteration=87 barrier_iteration=3 stage=6 derivative_s=0.016214100 first_order_s=0.005014400 second_order_s=0.010886500 algebra_s=0.113128500 kkt_assembly_s=0.003154900 factor_s=0.176417500 solve_s=0.251202900 update_s=0.009285400 K_nnz=413715 rhs_cols=1 Vxx_nnz=1040400
FILTERDDP_TIMING iteration=87 barrier_iteration=3 stage=5 derivative_s=0.015053700 first_order_s=0.006173400 second_order_s=0.008365000 algebra_s=0.058912100 kkt_assembly_s=0.003131300 factor_s=0.184067900 solve_s=0.127511900 update_s=0.011573400 K_nnz=413715 rhs_cols=1 Vxx_nnz=1040400
FILTERDDP_TIMING iteration=87 barrier_iteration=3 stage=4 derivative_s=0.018601900 first_order_s=0.007854600 second_order_s=0.010410200 algebra_s=0.088103900 kkt_assembly_s=0.005509200 factor_s=0.171212800 solve_s=0.252720200 update_s=0.008945000 K_nnz=413715 rhs_cols=1 Vxx_nnz=1040400
FILTERDDP_TIMING iteration=87 barrier_iteration=3 stage=3 derivative_s=0.015254900 first_order_s=0.005294200 second_order_s=0.009655200 algebra_s=0.036544800 kkt_assembly_s=0.002776200 factor_s=0.164130300 solve_s=0.153416500 update_s=0.008943400 K_nnz=413715 rhs_cols=1 Vxx_nnz=1040400
FILTERDDP_TIMING iteration=87 barrier_iteration=3 stage=2 derivative_s=0.015345400 first_order_s=0.004922000 second_order_s=0.010107500 algebra_s=0.036123500 kkt_assembly_s=0.054441600 factor_s=0.168038100 solve_s=0.240178600 update_s=0.006810500 K_nnz=413715 rhs_cols=1 Vxx_nnz=1040400
FILTERDDP_TIMING iteration=87 barrier_iteration=3 stage=1 derivative_s=0.015903200 first_order_s=0.005185300 second_order_s=0.010409100 algebra_s=0.037669500 kkt_assembly_s=0.002653900 factor_s=0.163545600 solve_s=0.162784600 update_s=0.006690500 K_nnz=413715 rhs_cols=1 Vxx_nnz=1040400
FILTERDDP_FEASIBILITY iteration=87 barrier_iteration=3 equality_count=253818 equality_rms=2.315300269648e-03 equality_max=2.768094066213e-02 equality_worst_stage=5 equality_worst_index=34783 dynamics_count=5100 dynamics_rms=0.000000000000e+00 dynamics_max=0.000000000000e+00 dynamics_worst_stage=0 dynamics_worst_index=0 bound_count=284442 bound_rms=0.000000000000e+00 bound_max=0.000000000000e+00 bound_worst_stage=0 bound_worst_index=0 bound_worst_kind=none
FILTERDDP_ITER_TIMING iteration=87 barrier_iteration=3 backward_s=2.813454800 forward_s=0.000000000 total_s=2.813454800 outcome=barrier_update step_size=5.000000000e-01 backtracks=0 mu=8.000000000e-03
FILTERDDP_TIMING iteration=87 barrier_iteration=4 stage=6 derivative_s=0.017167300 first_order_s=0.004858500 second_order_s=0.011997800 algebra_s=0.093263200 kkt_assembly_s=0.002642600 factor_s=0.159656300 solve_s=0.259266100 update_s=0.009184800 K_nnz=413715 rhs_cols=1 Vxx_nnz=1040400
FILTERDDP_TIMING iteration=87 barrier_iteration=4 stage=5 derivative_s=0.015165700 first_order_s=0.005094300 second_order_s=0.009754000 algebra_s=0.036702200 kkt_assembly_s=0.002647900 factor_s=0.160701600 solve_s=0.168169200 update_s=0.009180800 K_nnz=413715 rhs_cols=1 Vxx_nnz=1040400
FILTERDDP_TIMING iteration=87 barrier_iteration=4 stage=4 derivative_s=0.015857300 first_order_s=0.005469000 second_order_s=0.010072100 algebra_s=0.036777000 kkt_assembly_s=0.002638400 factor_s=0.218202300 solve_s=0.145430400 update_s=0.007564100 K_nnz=413715 rhs_cols=1 Vxx_nnz=1040400
FILTERDDP_TIMING iteration=87 barrier_iteration=4 stage=3 derivative_s=0.128376900 first_order_s=0.005320300 second_order_s=0.122740800 algebra_s=0.036863000 kkt_assembly_s=0.003139500 factor_s=0.169899500 solve_s=0.159500000 update_s=0.009060500 K_nnz=413715 rhs_cols=1 Vxx_nnz=1040400
FILTERDDP_TIMING iteration=87 barrier_iteration=4 stage=2 derivative_s=0.015096300 first_order_s=0.005305400 second_order_s=0.009484300 algebra_s=0.036096300 kkt_assembly_s=0.002664400 factor_s=0.215257100 solve_s=0.139178500 update_s=0.008928800 K_nnz=413715 rhs_cols=1 Vxx_nnz=1040400
FILTERDDP_TIMING iteration=87 barrier_iteration=4 stage=1 derivative_s=0.128092500 first_order_s=0.005045100 second_order_s=0.122724200 algebra_s=0.040369800 kkt_assembly_s=0.002597800 factor_s=0.165654500 solve_s=0.177265100 update_s=0.008689500 K_nnz=413715 rhs_cols=1 Vxx_nnz=1040400
FILTERDDP_FEASIBILITY iteration=87 barrier_iteration=4 equality_count=253818 equality_rms=2.315300269648e-03 equality_max=2.768094066213e-02 equality_worst_stage=5 equality_worst_index=34783 dynamics_count=5100 dynamics_rms=0.000000000000e+00 dynamics_max=0.000000000000e+00 dynamics_worst_stage=0 dynamics_worst_index=0 bound_count=284442 bound_rms=0.000000000000e+00 bound_max=0.000000000000e+00 bound_worst_stage=0 bound_worst_index=0 bound_worst_kind=none
    87   3.11672375e+06   2.7681e-02   6.9141e-02   2.9781e-02   -2.80      -     5.0000e-01   0
FILTERDDP_ITER_TIMING iteration=87 barrier_iteration=4 backward_s=2.813369100 forward_s=0.167246500 total_s=2.980615600 outcome=accepted step_size=5.000000000e-01 backtracks=0 mu=1.600000000e-03
FILTERDDP_TIMING iteration=88 barrier_iteration=4 stage=6 derivative_s=0.016404900 first_order_s=0.004989400 second_order_s=0.011108900 algebra_s=0.092665800 kkt_assembly_s=0.002825400 factor_s=0.174798900 solve_s=0.239579400 update_s=0.008508000 K_nnz=413715 rhs_cols=1 Vxx_nnz=1040400
FILTERDDP_TIMING iteration=88 barrier_iteration=4 stage=5 derivative_s=0.015371300 first_order_s=0.005009700 second_order_s=0.010039900 algebra_s=0.036030100 kkt_assembly_s=0.002680900 factor_s=0.162666000 solve_s=0.178884500 update_s=0.013478600 K_nnz=413715 rhs_cols=1 Vxx_nnz=1040400
FILTERDDP_TIMING iteration=88 barrier_iteration=4 stage=4 derivative_s=0.016422900 first_order_s=0.005726000 second_order_s=0.010386500 algebra_s=0.037103300 kkt_assembly_s=0.002709900 factor_s=0.227679300 solve_s=0.237554300 update_s=0.008361800 K_nnz=413715 rhs_cols=1 Vxx_nnz=1040400
FILTERDDP_TIMING iteration=88 barrier_iteration=4 stage=3 derivative_s=0.016045100 first_order_s=0.005192600 second_order_s=0.010542300 algebra_s=0.036398100 kkt_assembly_s=0.002586000 factor_s=0.165573200 solve_s=0.155962600 update_s=0.008745600 K_nnz=413715 rhs_cols=1 Vxx_nnz=1040400
FILTERDDP_TIMING iteration=88 barrier_iteration=4 stage=2 derivative_s=0.015215700 first_order_s=0.005037000 second_order_s=0.009861900 algebra_s=0.036571700 kkt_assembly_s=0.002714600 factor_s=0.225687900 solve_s=0.147064600 update_s=0.006725400 K_nnz=413715 rhs_cols=1 Vxx_nnz=1040400
FILTERDDP_TIMING iteration=88 barrier_iteration=4 stage=1 derivative_s=0.121787000 first_order_s=0.005012300 second_order_s=0.116448300 algebra_s=0.037526200 kkt_assembly_s=0.002662600 factor_s=0.160266200 solve_s=0.123463500 update_s=0.007182500 K_nnz=413715 rhs_cols=1 Vxx_nnz=1040400
FILTERDDP_FEASIBILITY iteration=88 barrier_iteration=4 equality_count=253818 equality_rms=1.375955423324e-03 equality_max=1.711579878195e-02 equality_worst_stage=5 equality_worst_index=35083 dynamics_count=5100 dynamics_rms=0.000000000000e+00 dynamics_max=0.000000000000e+00 dynamics_worst_stage=0 dynamics_worst_index=0 bound_count=284442 bound_rms=0.000000000000e+00 bound_max=0.000000000000e+00 bound_worst_stage=0 bound_worst_index=0 bound_worst_kind=none
    88   3.11569252e+06   1.7116e-02   6.3629e-02   1.6695e-02   -2.80      -     5.0000e-01   0
FILTERDDP_ITER_TIMING iteration=88 barrier_iteration=4 backward_s=2.754500300 forward_s=0.196525800 total_s=2.951026100 outcome=accepted step_size=5.000000000e-01 backtracks=0 mu=1.600000000e-03
FILTERDDP_TIMING iteration=89 barrier_iteration=4 stage=6 derivative_s=0.037488600 first_order_s=0.009381400 second_order_s=0.027462400 algebra_s=0.094471300 kkt_assembly_s=0.002769900 factor_s=0.274425000 solve_s=0.128976500 update_s=0.008866000 K_nnz=413715 rhs_cols=1 Vxx_nnz=1040400
FILTERDDP_TIMING iteration=89 barrier_iteration=4 stage=5 derivative_s=0.012086400 first_order_s=0.005004500 second_order_s=0.006768800 algebra_s=0.036432700 kkt_assembly_s=0.002783500 factor_s=0.190616400 solve_s=0.147544200 update_s=0.006570000 K_nnz=413715 rhs_cols=1 Vxx_nnz=1040400
FILTERDDP_TIMING iteration=89 barrier_iteration=4 stage=4 derivative_s=0.012615600 first_order_s=0.005216300 second_order_s=0.007087200 algebra_s=0.087732500 kkt_assembly_s=0.002631800 factor_s=0.162689100 solve_s=0.239503300 update_s=0.009687300 K_nnz=413715 rhs_cols=1 Vxx_nnz=1040400
FILTERDDP_TIMING iteration=89 barrier_iteration=4 stage=3 derivative_s=0.016728400 first_order_s=0.005113200 second_order_s=0.011302700 algebra_s=0.037214000 kkt_assembly_s=0.005234400 factor_s=0.180912700 solve_s=0.160257400 update_s=0.007829000 K_nnz=413715 rhs_cols=1 Vxx_nnz=1040400
FILTERDDP_TIMING iteration=89 barrier_iteration=4 stage=2 derivative_s=0.015481500 first_order_s=0.005110900 second_order_s=0.010052000 algebra_s=0.087288600 kkt_assembly_s=0.002584200 factor_s=0.167481700 solve_s=0.244046700 update_s=0.008004100 K_nnz=413715 rhs_cols=1 Vxx_nnz=1040400
FILTERDDP_TIMING iteration=89 barrier_iteration=4 stage=1 derivative_s=0.018000300 first_order_s=0.004928000 second_order_s=0.012758700 algebra_s=0.037118900 kkt_assembly_s=0.002646400 factor_s=0.163987400 solve_s=0.149627400 update_s=0.008788600 K_nnz=413715 rhs_cols=1 Vxx_nnz=1040400
FILTERDDP_FEASIBILITY iteration=89 barrier_iteration=4 equality_count=253818 equality_rms=7.530986144338e-04 equality_max=9.647527338757e-03 equality_worst_stage=5 equality_worst_index=31102 dynamics_count=5100 dynamics_rms=0.000000000000e+00 dynamics_max=0.000000000000e+00 dynamics_worst_stage=0 dynamics_worst_index=0 bound_count=284442 bound_rms=0.000000000000e+00 bound_max=0.000000000000e+00 bound_worst_stage=0 bound_worst_index=0 bound_worst_kind=none
    89   3.11524143e+06   9.6475e-03   6.1247e-02   9.5489e-03   -2.80      -     5.0000e-01   0
FILTERDDP_ITER_TIMING iteration=89 barrier_iteration=4 backward_s=2.779934000 forward_s=0.169758900 total_s=2.949692900 outcome=accepted step_size=5.000000000e-01 backtracks=0 mu=1.600000000e-03
FILTERDDP_TIMING iteration=90 barrier_iteration=4 stage=6 derivative_s=0.018017400 first_order_s=0.005016000 second_order_s=0.012686600 algebra_s=0.087816100 kkt_assembly_s=0.002674100 factor_s=0.167721000 solve_s=0.244713200 update_s=0.007240700 K_nnz=413715 rhs_cols=1 Vxx_nnz=1040400
FILTERDDP_TIMING iteration=90 barrier_iteration=4 stage=5 derivative_s=0.012411100 first_order_s=0.004982000 second_order_s=0.007127900 algebra_s=0.037526500 kkt_assembly_s=0.002860200 factor_s=0.196427500 solve_s=0.140406300 update_s=0.008807800 K_nnz=413715 rhs_cols=1 Vxx_nnz=1040400
FILTERDDP_TIMING iteration=90 barrier_iteration=4 stage=4 derivative_s=0.012151700 first_order_s=0.005139100 second_order_s=0.006703700 algebra_s=0.085677500 kkt_assembly_s=0.002750900 factor_s=0.160848500 solve_s=0.261248100 update_s=0.008983800 K_nnz=413715 rhs_cols=1 Vxx_nnz=1040400
FILTERDDP_TIMING iteration=90 barrier_iteration=4 stage=3 derivative_s=0.015694500 first_order_s=0.005296800 second_order_s=0.010003400 algebra_s=0.036922900 kkt_assembly_s=0.002696000 factor_s=0.200960400 solve_s=0.120715000 update_s=0.008891700 K_nnz=413715 rhs_cols=1 Vxx_nnz=1040400
FILTERDDP_TIMING iteration=90 barrier_iteration=4 stage=2 derivative_s=0.015160600 first_order_s=0.004943700 second_order_s=0.009883800 algebra_s=0.099554200 kkt_assembly_s=0.003222600 factor_s=0.177976500 solve_s=0.244945000 update_s=0.007383200 K_nnz=413715 rhs_cols=1 Vxx_nnz=1040400
FILTERDDP_TIMING iteration=90 barrier_iteration=4 stage=1 derivative_s=0.015681300 first_order_s=0.004882900 second_order_s=0.010480900 algebra_s=0.036736600 kkt_assembly_s=0.002663600 factor_s=0.149824900 solve_s=0.167142100 update_s=0.007661600 K_nnz=413715 rhs_cols=1 Vxx_nnz=1040400
FILTERDDP_FEASIBILITY iteration=90 barrier_iteration=4 equality_count=253818 equality_rms=3.956728256370e-04 equality_max=5.201067253793e-03 equality_worst_stage=5 equality_worst_index=31102 dynamics_count=5100 dynamics_rms=0.000000000000e+00 dynamics_max=0.000000000000e+00 dynamics_worst_stage=0 dynamics_worst_index=0 bound_count=284442 bound_rms=0.000000000000e+00 bound_max=0.000000000000e+00 bound_worst_stage=0 bound_worst_index=0 bound_worst_kind=none
  iter     objective        pr_inf       du_inf       cs_inf     lg(μ)   lg(reg)    alpha     ls
    90   3.11504318e+06   5.2011e-03   5.2433e-02   5.7151e-03   -2.80      -     5.0000e-01   0
FILTERDDP_ITER_TIMING iteration=90 barrier_iteration=4 backward_s=2.780429000 forward_s=0.182626700 total_s=2.963055700 outcome=accepted step_size=5.000000000e-01 backtracks=0 mu=1.600000000e-03
FILTERDDP_TIMING iteration=91 barrier_iteration=4 stage=6 derivative_s=0.016133300 first_order_s=0.004754600 second_order_s=0.011090900 algebra_s=0.088669400 kkt_assembly_s=0.002794400 factor_s=0.256137900 solve_s=0.116917400 update_s=0.010182000 K_nnz=413715 rhs_cols=1 Vxx_nnz=1040400
FILTERDDP_TIMING iteration=91 barrier_iteration=4 stage=5 derivative_s=0.012052600 first_order_s=0.005162200 second_order_s=0.006577100 algebra_s=0.037679600 kkt_assembly_s=0.003157600 factor_s=0.175237400 solve_s=0.136862700 update_s=0.007630500 K_nnz=413715 rhs_cols=1 Vxx_nnz=1040400
FILTERDDP_TIMING iteration=91 barrier_iteration=4 stage=4 derivative_s=0.066594100 first_order_s=0.058857700 second_order_s=0.007413900 algebra_s=0.037107200 kkt_assembly_s=0.002807000 factor_s=0.271071800 solve_s=0.131568300 update_s=0.009025300 K_nnz=413715 rhs_cols=1 Vxx_nnz=1040400
FILTERDDP_TIMING iteration=91 barrier_iteration=4 stage=3 derivative_s=0.015130300 first_order_s=0.005218400 second_order_s=0.009608700 algebra_s=0.036839900 kkt_assembly_s=0.002656900 factor_s=0.183319800 solve_s=0.124748600 update_s=0.007224300 K_nnz=413715 rhs_cols=1 Vxx_nnz=1040400
FILTERDDP_TIMING iteration=91 barrier_iteration=4 stage=2 derivative_s=0.014680500 first_order_s=0.005044700 second_order_s=0.009319800 algebra_s=0.086307100 kkt_assembly_s=0.002627000 factor_s=0.166034400 solve_s=0.232393400 update_s=0.008689600 K_nnz=413715 rhs_cols=1 Vxx_nnz=1040400
FILTERDDP_TIMING iteration=91 barrier_iteration=4 stage=1 derivative_s=0.012614800 first_order_s=0.005175600 second_order_s=0.007129300 algebra_s=0.036853400 kkt_assembly_s=0.002638300 factor_s=0.206406900 solve_s=0.110812200 update_s=0.006206800 K_nnz=413715 rhs_cols=1 Vxx_nnz=1040400
FILTERDDP_FEASIBILITY iteration=91 barrier_iteration=4 equality_count=253818 equality_rms=2.036282622990e-04 equality_max=2.732450902542e-03 equality_worst_stage=5 equality_worst_index=31102 dynamics_count=5100 dynamics_rms=0.000000000000e+00 dynamics_max=0.000000000000e+00 dynamics_worst_stage=0 dynamics_worst_index=0 bound_count=284442 bound_rms=0.000000000000e+00 bound_max=0.000000000000e+00 bound_worst_stage=0 bound_worst_index=0 bound_worst_kind=none
    91   3.11495415e+06   2.7325e-03   3.7685e-02   3.7041e-03   -2.80      -     5.0000e-01   0
FILTERDDP_ITER_TIMING iteration=91 barrier_iteration=4 backward_s=2.644855700 forward_s=0.164990700 total_s=2.809846400 outcome=accepted step_size=5.000000000e-01 backtracks=0 mu=1.600000000e-03
FILTERDDP_TIMING iteration=92 barrier_iteration=4 stage=6 derivative_s=0.072655900 first_order_s=0.004993500 second_order_s=0.067359700 algebra_s=0.037095300 kkt_assembly_s=0.002681000 factor_s=0.297293800 solve_s=0.148192600 update_s=0.008946900 K_nnz=413715 rhs_cols=1 Vxx_nnz=1040400
FILTERDDP_TIMING iteration=92 barrier_iteration=4 stage=5 derivative_s=0.012264700 first_order_s=0.004983400 second_order_s=0.006980700 algebra_s=0.036532000 kkt_assembly_s=0.004365100 factor_s=0.194771200 solve_s=0.123975500 update_s=0.008703800 K_nnz=413715 rhs_cols=1 Vxx_nnz=1040400
FILTERDDP_TIMING iteration=92 barrier_iteration=4 stage=4 derivative_s=0.011823600 first_order_s=0.004981400 second_order_s=0.006537700 algebra_s=0.088092900 kkt_assembly_s=0.002589700 factor_s=0.158229900 solve_s=0.257656800 update_s=0.008197000 K_nnz=413715 rhs_cols=1 Vxx_nnz=1040400
FILTERDDP_TIMING iteration=92 barrier_iteration=4 stage=3 derivative_s=0.016794300 first_order_s=0.005100700 second_order_s=0.011376200 algebra_s=0.036853200 kkt_assembly_s=0.002780900 factor_s=0.161697800 solve_s=0.169678000 update_s=0.006721300 K_nnz=413715 rhs_cols=1 Vxx_nnz=1040400
FILTERDDP_TIMING iteration=92 barrier_iteration=4 stage=2 derivative_s=0.011953600 first_order_s=0.004998400 second_order_s=0.006648200 algebra_s=0.036765400 kkt_assembly_s=0.005503600 factor_s=0.215334300 solve_s=0.154100000 update_s=0.008380100 K_nnz=413715 rhs_cols=1 Vxx_nnz=1040400
FILTERDDP_TIMING iteration=92 barrier_iteration=4 stage=1 derivative_s=0.127150000 first_order_s=0.116945000 second_order_s=0.009863600 algebra_s=0.036801800 kkt_assembly_s=0.002727200 factor_s=0.154039500 solve_s=0.142812200 update_s=0.007316600 K_nnz=413715 rhs_cols=1 Vxx_nnz=1040400
FILTERDDP_FEASIBILITY iteration=92 barrier_iteration=4 equality_count=253818 equality_rms=1.035590042075e-04 equality_max=1.410569725593e-03 equality_worst_stage=5 equality_worst_index=31102 dynamics_count=5100 dynamics_rms=0.000000000000e+00 dynamics_max=0.000000000000e+00 dynamics_worst_stage=0 dynamics_worst_index=0 bound_count=284442 bound_rms=0.000000000000e+00 bound_max=0.000000000000e+00 bound_worst_stage=0 bound_worst_index=0 bound_worst_kind=none
    92   3.11491302e+06   1.4106e-03   2.2992e-02   2.6666e-03   -2.80      -     5.0000e-01   0
FILTERDDP_ITER_TIMING iteration=92 barrier_iteration=4 backward_s=2.778930500 forward_s=0.246477000 total_s=3.025407500 outcome=accepted step_size=5.000000000e-01 backtracks=0 mu=1.600000000e-03
FILTERDDP_TIMING iteration=93 barrier_iteration=4 stage=6 derivative_s=0.019116500 first_order_s=0.005850100 second_order_s=0.012939900 algebra_s=0.095074700 kkt_assembly_s=0.002978500 factor_s=0.162828500 solve_s=0.220618400 update_s=0.006761400 K_nnz=413715 rhs_cols=1 Vxx_nnz=1040400
FILTERDDP_TIMING iteration=93 barrier_iteration=4 stage=5 derivative_s=0.018561100 first_order_s=0.006505800 second_order_s=0.011737600 algebra_s=0.037766100 kkt_assembly_s=0.002801100 factor_s=0.176899600 solve_s=0.129501900 update_s=0.007212200 K_nnz=413715 rhs_cols=1 Vxx_nnz=1040400
FILTERDDP_TIMING iteration=93 barrier_iteration=4 stage=4 derivative_s=0.015294500 first_order_s=0.005237700 second_order_s=0.009740900 algebra_s=0.090750700 kkt_assembly_s=0.003066100 factor_s=0.149687200 solve_s=0.223959500 update_s=0.008783400 K_nnz=413715 rhs_cols=1 Vxx_nnz=1040400
FILTERDDP_TIMING iteration=93 barrier_iteration=4 stage=3 derivative_s=0.015097300 first_order_s=0.005003900 second_order_s=0.009781300 algebra_s=0.036423000 kkt_assembly_s=0.002638200 factor_s=0.166687000 solve_s=0.159135600 update_s=0.009621300 K_nnz=413715 rhs_cols=1 Vxx_nnz=1040400
FILTERDDP_TIMING iteration=93 barrier_iteration=4 stage=2 derivative_s=0.016588500 first_order_s=0.005537100 second_order_s=0.010718300 algebra_s=0.084338400 kkt_assembly_s=0.003451400 factor_s=0.158373900 solve_s=0.249171800 update_s=0.008413200 K_nnz=413715 rhs_cols=1 Vxx_nnz=1040400
FILTERDDP_TIMING iteration=93 barrier_iteration=4 stage=1 derivative_s=0.014158300 first_order_s=0.005023200 second_order_s=0.008816500 algebra_s=0.036948100 kkt_assembly_s=0.002626900 factor_s=0.164047800 solve_s=0.172766800 update_s=0.007344700 K_nnz=413715 rhs_cols=1 Vxx_nnz=1040400
FILTERDDP_FEASIBILITY iteration=93 barrier_iteration=4 equality_count=253818 equality_rms=5.228202615461e-05 equality_max=7.189514264212e-04 equality_worst_stage=5 equality_worst_index=31102 dynamics_count=5100 dynamics_rms=0.000000000000e+00 dynamics_max=0.000000000000e+00 dynamics_worst_stage=0 dynamics_worst_index=0 bound_count=284442 bound_rms=0.000000000000e+00 bound_max=0.000000000000e+00 bound_worst_stage=0 bound_worst_index=0 bound_worst_kind=none
FILTERDDP_ITER_TIMING iteration=93 barrier_iteration=4 backward_s=2.687910800 forward_s=0.000000000 total_s=2.687910800 outcome=barrier_update step_size=5.000000000e-01 backtracks=0 mu=1.600000000e-03
FILTERDDP_TIMING iteration=93 barrier_iteration=5 stage=6 derivative_s=0.016996600 first_order_s=0.005035600 second_order_s=0.011583400 algebra_s=0.095589400 kkt_assembly_s=0.004710400 factor_s=0.179382000 solve_s=0.242589300 update_s=0.008454800 K_nnz=413715 rhs_cols=1 Vxx_nnz=1040400
FILTERDDP_TIMING iteration=93 barrier_iteration=5 stage=5 derivative_s=0.011847500 first_order_s=0.004920500 second_order_s=0.006612200 algebra_s=0.036717200 kkt_assembly_s=0.003948000 factor_s=0.177609800 solve_s=0.166739500 update_s=0.008824800 K_nnz=413715 rhs_cols=1 Vxx_nnz=1040400
FILTERDDP_TIMING iteration=93 barrier_iteration=5 stage=4 derivative_s=0.015706200 first_order_s=0.005345100 second_order_s=0.010057000 algebra_s=0.087131200 kkt_assembly_s=0.004684000 factor_s=0.178043500 solve_s=0.252790000 update_s=0.007784200 K_nnz=413715 rhs_cols=1 Vxx_nnz=1040400
FILTERDDP_TIMING iteration=93 barrier_iteration=5 stage=3 derivative_s=0.015095700 first_order_s=0.004978200 second_order_s=0.009801400 algebra_s=0.036336000 kkt_assembly_s=0.002694100 factor_s=0.130821900 solve_s=0.143366300 update_s=0.007235100 K_nnz=413715 rhs_cols=1 Vxx_nnz=1040400
FILTERDDP_TIMING iteration=93 barrier_iteration=5 stage=2 derivative_s=0.015560000 first_order_s=0.005163900 second_order_s=0.010067100 algebra_s=0.089424700 kkt_assembly_s=0.002694900 factor_s=0.162213200 solve_s=0.258556500 update_s=0.012853700 K_nnz=413715 rhs_cols=1 Vxx_nnz=1040400
FILTERDDP_TIMING iteration=93 barrier_iteration=5 stage=1 derivative_s=0.015267500 first_order_s=0.005115900 second_order_s=0.009841400 algebra_s=0.036523000 kkt_assembly_s=0.002709000 factor_s=0.160127000 solve_s=0.162875700 update_s=0.006617200 K_nnz=413715 rhs_cols=1 Vxx_nnz=1040400
FILTERDDP_FEASIBILITY iteration=93 barrier_iteration=5 equality_count=253818 equality_rms=5.228202615461e-05 equality_max=7.189514264212e-04 equality_worst_stage=5 equality_worst_index=31102 dynamics_count=5100 dynamics_rms=0.000000000000e+00 dynamics_max=0.000000000000e+00 dynamics_worst_stage=0 dynamics_worst_index=0 bound_count=284442 bound_rms=0.000000000000e+00 bound_max=0.000000000000e+00 bound_worst_stage=0 bound_worst_index=0 bound_worst_kind=none
    93   3.11489350e+06   7.1895e-04   1.2676e-02   2.1375e-03   -3.49      -     5.0000e-01   0
FILTERDDP_ITER_TIMING iteration=93 barrier_iteration=5 backward_s=2.767308200 forward_s=0.185253000 total_s=2.952561200 outcome=accepted step_size=5.000000000e-01 backtracks=0 mu=3.200000000e-04
FILTERDDP_TIMING iteration=94 barrier_iteration=5 stage=6 derivative_s=0.016840200 first_order_s=0.005036100 second_order_s=0.011507600 algebra_s=0.092883900 kkt_assembly_s=0.004808100 factor_s=0.293622200 solve_s=0.119496100 update_s=0.008090900 K_nnz=413715 rhs_cols=1 Vxx_nnz=1040400
FILTERDDP_TIMING iteration=94 barrier_iteration=5 stage=5 derivative_s=0.014968300 first_order_s=0.004984400 second_order_s=0.009668100 algebra_s=0.033289400 kkt_assembly_s=0.002709500 factor_s=0.177190100 solve_s=0.136774000 update_s=0.007933800 K_nnz=413715 rhs_cols=1 Vxx_nnz=1040400
FILTERDDP_TIMING iteration=94 barrier_iteration=5 stage=4 derivative_s=0.016350400 first_order_s=0.005471800 second_order_s=0.010090500 algebra_s=0.088018400 kkt_assembly_s=0.005174600 factor_s=0.188007000 solve_s=0.245967700 update_s=0.008784300 K_nnz=413715 rhs_cols=1 Vxx_nnz=1040400
FILTERDDP_TIMING iteration=94 barrier_iteration=5 stage=3 derivative_s=0.019098700 first_order_s=0.006702300 second_order_s=0.011984900 algebra_s=0.038151800 kkt_assembly_s=0.004173600 factor_s=0.171101900 solve_s=0.166588900 update_s=0.008969600 K_nnz=413715 rhs_cols=1 Vxx_nnz=1040400
FILTERDDP_TIMING iteration=94 barrier_iteration=5 stage=2 derivative_s=0.014204000 first_order_s=0.004850700 second_order_s=0.009048600 algebra_s=0.086079300 kkt_assembly_s=0.002586200 factor_s=0.163893600 solve_s=0.261905800 update_s=0.008769800 K_nnz=413715 rhs_cols=1 Vxx_nnz=1040400
FILTERDDP_TIMING iteration=94 barrier_iteration=5 stage=1 derivative_s=0.014038100 first_order_s=0.004919400 second_order_s=0.008789700 algebra_s=0.037032700 kkt_assembly_s=0.002863900 factor_s=0.168594200 solve_s=0.162027400 update_s=0.008039300 K_nnz=413715 rhs_cols=1 Vxx_nnz=1040400
FILTERDDP_FEASIBILITY iteration=94 barrier_iteration=5 equality_count=253818 equality_rms=2.806924880708e-05 equality_max=4.086632159499e-04 equality_worst_stage=5 equality_worst_index=31102 dynamics_count=5100 dynamics_rms=0.000000000000e+00 dynamics_max=0.000000000000e+00 dynamics_worst_stage=0 dynamics_worst_index=0 bound_count=284442 bound_rms=0.000000000000e+00 bound_max=0.000000000000e+00 bound_worst_stage=0 bound_worst_index=0 bound_worst_kind=none
    94   3.11483444e+06   4.0866e-04   1.2897e-02   1.2934e-03   -3.49      -     5.0000e-01   0
FILTERDDP_ITER_TIMING iteration=94 barrier_iteration=5 backward_s=2.806956500 forward_s=0.173038200 total_s=2.979994700 outcome=accepted step_size=5.000000000e-01 backtracks=0 mu=3.200000000e-04
FILTERDDP_TIMING iteration=95 barrier_iteration=5 stage=6 derivative_s=0.015969400 first_order_s=0.004819200 second_order_s=0.010840500 algebra_s=0.101418400 kkt_assembly_s=0.004413700 factor_s=0.158558100 solve_s=0.225123200 update_s=0.008664400 K_nnz=413715 rhs_cols=1 Vxx_nnz=1040400
FILTERDDP_TIMING iteration=95 barrier_iteration=5 stage=5 derivative_s=0.012815400 first_order_s=0.005175600 second_order_s=0.007282700 algebra_s=0.036832100 kkt_assembly_s=0.002776200 factor_s=0.170579100 solve_s=0.136236800 update_s=0.007174700 K_nnz=413715 rhs_cols=1 Vxx_nnz=1040400
FILTERDDP_TIMING iteration=95 barrier_iteration=5 stage=4 derivative_s=0.015046700 first_order_s=0.005248200 second_order_s=0.009485900 algebra_s=0.086225500 kkt_assembly_s=0.003946500 factor_s=0.159502700 solve_s=0.250216800 update_s=0.008959300 K_nnz=413715 rhs_cols=1 Vxx_nnz=1040400
FILTERDDP_TIMING iteration=95 barrier_iteration=5 stage=3 derivative_s=0.015895300 first_order_s=0.005482400 second_order_s=0.010087900 algebra_s=0.036917700 kkt_assembly_s=0.002775300 factor_s=0.147137400 solve_s=0.168744500 update_s=0.007759800 K_nnz=413715 rhs_cols=1 Vxx_nnz=1040400
FILTERDDP_TIMING iteration=95 barrier_iteration=5 stage=2 derivative_s=0.015313900 first_order_s=0.005138600 second_order_s=0.009856000 algebra_s=0.035335600 kkt_assembly_s=0.004298600 factor_s=0.219442800 solve_s=0.123317500 update_s=0.143215600 K_nnz=413715 rhs_cols=1 Vxx_nnz=1040400
FILTERDDP_TIMING iteration=95 barrier_iteration=5 stage=1 derivative_s=0.017321700 first_order_s=0.008685700 second_order_s=0.008262400 algebra_s=0.039377800 kkt_assembly_s=0.002584600 factor_s=0.148907700 solve_s=0.175497800 update_s=0.009377400 K_nnz=413715 rhs_cols=1 Vxx_nnz=1040400
FILTERDDP_FEASIBILITY iteration=95 barrier_iteration=5 equality_count=253818 equality_rms=1.463753776511e-05 equality_max=2.208920717308e-04 equality_worst_stage=5 equality_worst_index=31102 dynamics_count=5100 dynamics_rms=0.000000000000e+00 dynamics_max=0.000000000000e+00 dynamics_worst_stage=0 dynamics_worst_index=0 bound_count=284442 bound_rms=0.000000000000e+00 bound_max=0.000000000000e+00 bound_worst_stage=0 bound_worst_index=0 bound_worst_kind=none
    95   3.11480669e+06   2.2089e-04   9.3593e-03   8.3999e-04   -3.49      -     5.0000e-01   0
FILTERDDP_ITER_TIMING iteration=95 barrier_iteration=5 backward_s=2.725459900 forward_s=0.214123800 total_s=2.939583700 outcome=accepted step_size=5.000000000e-01 backtracks=0 mu=3.200000000e-04
FILTERDDP_TIMING iteration=96 barrier_iteration=5 stage=6 derivative_s=0.067489400 first_order_s=0.005180900 second_order_s=0.061963200 algebra_s=0.039221100 kkt_assembly_s=0.002786500 factor_s=0.265768800 solve_s=0.143932800 update_s=0.008446500 K_nnz=413715 rhs_cols=1 Vxx_nnz=1040400
FILTERDDP_TIMING iteration=96 barrier_iteration=5 stage=5 derivative_s=0.014332600 first_order_s=0.005021500 second_order_s=0.008938700 algebra_s=0.036416000 kkt_assembly_s=0.002713800 factor_s=0.203070300 solve_s=0.152401500 update_s=0.008790100 K_nnz=413715 rhs_cols=1 Vxx_nnz=1040400
FILTERDDP_TIMING iteration=96 barrier_iteration=5 stage=4 derivative_s=0.015668800 first_order_s=0.005261600 second_order_s=0.010091300 algebra_s=0.086679000 kkt_assembly_s=0.002932700 factor_s=0.161363700 solve_s=0.241148900 update_s=0.009158500 K_nnz=413715 rhs_cols=1 Vxx_nnz=1040400
FILTERDDP_TIMING iteration=96 barrier_iteration=5 stage=3 derivative_s=0.015207300 first_order_s=0.005094500 second_order_s=0.009782300 algebra_s=0.036707700 kkt_assembly_s=0.002852800 factor_s=0.186496100 solve_s=0.138385100 update_s=0.007825200 K_nnz=413715 rhs_cols=1 Vxx_nnz=1040400
FILTERDDP_TIMING iteration=96 barrier_iteration=5 stage=2 derivative_s=0.014811800 first_order_s=0.005332900 second_order_s=0.009161500 algebra_s=0.088889300 kkt_assembly_s=0.004322900 factor_s=0.165068300 solve_s=0.242332000 update_s=0.008484100 K_nnz=413715 rhs_cols=1 Vxx_nnz=1040400
FILTERDDP_TIMING iteration=96 barrier_iteration=5 stage=1 derivative_s=0.012409200 first_order_s=0.005206600 second_order_s=0.006884600 algebra_s=0.036186700 kkt_assembly_s=0.002636800 factor_s=0.166899600 solve_s=0.159520100 update_s=0.009816900 K_nnz=413715 rhs_cols=1 Vxx_nnz=1040400
FILTERDDP_FEASIBILITY iteration=96 barrier_iteration=5 equality_count=253818 equality_rms=7.494865530974e-06 equality_max=1.154693271310e-04 equality_worst_stage=5 equality_worst_index=31102 dynamics_count=5100 dynamics_rms=0.000000000000e+00 dynamics_max=0.000000000000e+00 dynamics_worst_stage=0 dynamics_worst_index=0 bound_count=284442 bound_rms=0.000000000000e+00 bound_max=0.000000000000e+00 bound_worst_stage=0 bound_worst_index=0 bound_worst_kind=none
    96   3.11479344e+06   1.1547e-04   5.6207e-03   5.9220e-04   -3.49      -     5.0000e-01   0
FILTERDDP_ITER_TIMING iteration=96 barrier_iteration=5 backward_s=2.769010900 forward_s=0.185097100 total_s=2.954108000 outcome=accepted step_size=5.000000000e-01 backtracks=0 mu=3.200000000e-04
FILTERDDP_TIMING iteration=97 barrier_iteration=5 stage=6 derivative_s=0.016073400 first_order_s=0.004897300 second_order_s=0.010869500 algebra_s=0.091675900 kkt_assembly_s=0.002612400 factor_s=0.162570200 solve_s=0.244972700 update_s=0.008115300 K_nnz=413715 rhs_cols=1 Vxx_nnz=1040400
FILTERDDP_TIMING iteration=97 barrier_iteration=5 stage=5 derivative_s=0.014504700 first_order_s=0.004865400 second_order_s=0.009325700 algebra_s=0.037103200 kkt_assembly_s=0.002698300 factor_s=0.185057100 solve_s=0.141763800 update_s=0.009928500 K_nnz=413715 rhs_cols=1 Vxx_nnz=1040400
FILTERDDP_TIMING iteration=97 barrier_iteration=5 stage=4 derivative_s=0.015792400 first_order_s=0.005185100 second_order_s=0.010286700 algebra_s=0.084883500 kkt_assembly_s=0.002703700 factor_s=0.176212600 solve_s=0.238846400 update_s=0.008476200 K_nnz=413715 rhs_cols=1 Vxx_nnz=1040400
FILTERDDP_TIMING iteration=97 barrier_iteration=5 stage=3 derivative_s=0.012784500 first_order_s=0.005239400 second_order_s=0.007230200 algebra_s=0.036075500 kkt_assembly_s=0.003721300 factor_s=0.190252300 solve_s=0.117063400 update_s=0.007602900 K_nnz=413715 rhs_cols=1 Vxx_nnz=1040400
FILTERDDP_TIMING iteration=97 barrier_iteration=5 stage=2 derivative_s=0.014691700 first_order_s=0.004943000 second_order_s=0.009433500 algebra_s=0.094299300 kkt_assembly_s=0.002587100 factor_s=0.160302700 solve_s=0.250132100 update_s=0.011152900 K_nnz=413715 rhs_cols=1 Vxx_nnz=1040400
FILTERDDP_TIMING iteration=97 barrier_iteration=5 stage=1 derivative_s=0.014581500 first_order_s=0.005072500 second_order_s=0.009193100 algebra_s=0.036175400 kkt_assembly_s=0.002714500 factor_s=0.163878200 solve_s=0.157400800 update_s=0.007386200 K_nnz=413715 rhs_cols=1 Vxx_nnz=1040400
FILTERDDP_FEASIBILITY iteration=97 barrier_iteration=5 equality_count=253818 equality_rms=3.795792674200e-06 equality_max=5.913923989453e-05 equality_worst_stage=5 equality_worst_index=31102 dynamics_count=5100 dynamics_rms=0.000000000000e+00 dynamics_max=0.000000000000e+00 dynamics_worst_stage=0 dynamics_worst_index=0 bound_count=284442 bound_rms=0.000000000000e+00 bound_max=0.000000000000e+00 bound_worst_stage=0 bound_worst_index=0 bound_worst_kind=none
FILTERDDP_ITER_TIMING iteration=97 barrier_iteration=5 backward_s=2.734639600 forward_s=0.000000000 total_s=2.734639600 outcome=near_optimal step_size=5.000000000e-01 backtracks=0 mu=3.200000000e-04
    97   3.11478702e+06   5.9139e-05   3.0495e-03   4.6001e-04   -3.49      -     5.0000e-01   0
FILTERDDP_NEAR_OPT iteration=97 elapsed_s=362.278 objective=3114787.021888127550 reference=3114759.071611338295 rel_gap=8.973e-06 primal_inf=5.914e-05 dual_inf=3.050e-03 mu=3.200e-04
    97   3.11478702e+06   5.9139e-05   3.0495e-03   4.6001e-04   -3.49      -     5.0000e-01   0


EXIT: Near-optimal: feasible and within the gap of the centralized reference.

solve complete: 364.631 s, iterations=97, status=9
FILTERDDP_MEMORY_PEAK maxrss_mib=1952.2
final residuals: primal=5.913923989453e-05 dual=3.049526567338e-03 complementarity=4.600120784170e-04
saved_solution=C:\Users\Aryan Ritwajeet Jha\Documents\documents_general\MultiPeriodDistOPF\.claude\worktrees\new-session-a7b7a2\ddp\results\network_filterddp\filterddp_solution_large10kC_1ph_T6_periodic_CBsystem.jls
FilterDDP objective=3114787.021888130344 max_equality_residual=5.914e-05
Ipopt objective=2944457.008670624811 objective_gap=1.703e+05
max_abs_diff[P_Subs]=3.116e+02
max_abs_diff[Q_Subs]=9.656e-01
max_abs_diff[P]=3.192e+00
max_abs_diff[Q]=2.714e-02
max_abs_diff[v]=3.017e-02
max_abs_diff[ell]=5.971e+01
max_abs_diff[P_B]=3.981e-01
max_abs_diff[B]=1.061e+00
max_abs_diff[q_D]=1.262e-02
wrote ddp/results/kkt_ordering/fullrun_blocked/trace_large10kC_1ph_T6_exact_tableII_jt8_cbsys_typed_tree4_blocked_w16_r1.csv (98 unique iterations)
