QUIET_WAIT waited_s=18 other_cores=0.71 timed_out=0
PIPELINE_ENV system=ieee2522C_1ph T=6 arm=diag variant=blocked_w16 repeat=2 cb=system blocked_solve=16 direct_diag=1 triplet=1 kkt_pattern_cache=1 factor_backed=1 typed_equations=1 structured_dynamics=1 tree_kkt=1 blas_threads=10 julia_threads=8 near_opt_reference=9534.298086597722 near_opt_primal=1e-5 started=2026-10-01T16:24:34
C_B OVERRIDE: 0.0019
ieee2522C_1ph T=6: nx=249, nu=13355, nc=10336, dense nu^2=178356025, reduced=3019
TERMINAL_SOC soft=1 gamma=3.290000e+04
build complete: 2.908 s, nc=10336
constructing dynamic Solver storage...
optimality_tolerance=1.000e-07 max_iterations=400
Solver construction complete: 0.311 s
entering solve! ...
[31;1m   
 _____ _ _ _            ____  ____  ____  
|  ___(_) | |_ ___ _ __|  _ \|  _ \|  _ \ 
| |_  | | | __/ _ \ '__| | | | | | | |_) |
|  _| | | | ||  __/ |  | |_| | |_| |  __/ 
|_|   |_|_|\__\___|_|  |____/|____/|_|                 
    
[0mTREE_KKT layout: nodes=2522 feeders=1 nE=498 groups=1 max_own=10 max_iface=3
FILTERDDP_TIMING iteration=0 barrier_iteration=0 stage=6 derivative_s=0.257241100 first_order_s=0.061772100 second_order_s=0.094927300 algebra_s=1.433740400 kkt_assembly_s=1.511320200 factor_s=4.496869700 solve_s=1.356645800 update_s=0.368313200 K_nnz=96025 rhs_cols=1 Vxx_nnz=62001
FILTERDDP_TIMING iteration=0 barrier_iteration=0 stage=5 derivative_s=0.085944200 first_order_s=0.022480900 second_order_s=0.063302500 algebra_s=0.012539300 kkt_assembly_s=0.015702000 factor_s=0.122960700 solve_s=0.012326500 update_s=0.001766400 K_nnz=96025 rhs_cols=1 Vxx_nnz=62001
FILTERDDP_TIMING iteration=0 barrier_iteration=0 stage=4 derivative_s=0.003986800 first_order_s=0.001768400 second_order_s=0.001945800 algebra_s=0.013171200 kkt_assembly_s=0.016026600 factor_s=0.021419000 solve_s=0.013618600 update_s=0.002443100 K_nnz=96025 rhs_cols=1 Vxx_nnz=62001
FILTERDDP_TIMING iteration=0 barrier_iteration=0 stage=3 derivative_s=0.005835700 first_order_s=0.002680800 second_order_s=0.002878300 algebra_s=0.047556500 kkt_assembly_s=0.028909300 factor_s=0.021632600 solve_s=0.014492800 update_s=0.002740800 K_nnz=96025 rhs_cols=1 Vxx_nnz=62001
FILTERDDP_TIMING iteration=0 barrier_iteration=0 stage=2 derivative_s=0.007224700 first_order_s=0.003046900 second_order_s=0.003930700 algebra_s=0.035635600 kkt_assembly_s=0.021173800 factor_s=0.020595300 solve_s=0.049436600 update_s=0.001636500 K_nnz=96025 rhs_cols=1 Vxx_nnz=62001
FILTERDDP_TIMING iteration=0 barrier_iteration=0 stage=1 derivative_s=0.003372100 first_order_s=0.001700000 second_order_s=0.001429300 algebra_s=0.019999200 kkt_assembly_s=0.106862800 factor_s=0.020920900 solve_s=0.012744400 update_s=0.001803000 K_nnz=96025 rhs_cols=1 Vxx_nnz=62001
FILTERDDP_FEASIBILITY iteration=0 barrier_iteration=0 equality_count=62016 equality_rms=9.945813623256e-03 equality_max=1.000000000000e+00 equality_worst_stage=6 equality_worst_index=1 dynamics_count=1245 dynamics_rms=0.000000000000e+00 dynamics_max=0.000000000000e+00 dynamics_worst_stage=0 dynamics_worst_index=0 bound_count=69486 bound_rms=0.000000000000e+00 bound_max=0.000000000000e+00 bound_worst_stage=0 bound_worst_index=0 bound_worst_kind=none
  iter     objective        pr_inf       du_inf       cs_inf     lg(μ)   lg(reg)    alpha     ls
     0   3.36000000e+03   1.0000e+00   7.6685e+02   1.0000e+00    0.00      -     0.0000e+00   0
FILTERDDP_ITER_TIMING iteration=0 barrier_iteration=0 backward_s=19.426430600 forward_s=0.990157200 total_s=20.416587800 outcome=accepted step_size=6.250000000e-02 backtracks=0 mu=1.000000000e+00
FILTERDDP_TIMING iteration=1 barrier_iteration=0 stage=6 derivative_s=0.001595700 first_order_s=0.000795500 second_order_s=0.000698200 algebra_s=0.012051400 kkt_assembly_s=0.024290700 factor_s=0.051438000 solve_s=0.013664200 update_s=0.001964600 K_nnz=96025 rhs_cols=1 Vxx_nnz=62001
FILTERDDP_TIMING iteration=1 barrier_iteration=0 stage=5 derivative_s=0.005281200 first_order_s=0.002210000 second_order_s=0.002865700 algebra_s=0.010014100 kkt_assembly_s=0.000770600 factor_s=0.024884000 solve_s=0.026045900 update_s=0.001641100 K_nnz=96025 rhs_cols=1 Vxx_nnz=62001
FILTERDDP_TIMING iteration=1 barrier_iteration=0 stage=4 derivative_s=0.003319600 first_order_s=0.001750100 second_order_s=0.001326000 algebra_s=0.010024200 kkt_assembly_s=0.000607400 factor_s=0.021154800 solve_s=0.013071200 update_s=0.002557600 K_nnz=96025 rhs_cols=1 Vxx_nnz=62001
FILTERDDP_TIMING iteration=1 barrier_iteration=0 stage=3 derivative_s=0.005729600 first_order_s=0.002450200 second_order_s=0.003022400 algebra_s=0.013042100 kkt_assembly_s=0.000573000 factor_s=0.020917300 solve_s=0.012100300 update_s=0.001529100 K_nnz=96025 rhs_cols=1 Vxx_nnz=62001
FILTERDDP_TIMING iteration=1 barrier_iteration=0 stage=2 derivative_s=0.003568100 first_order_s=0.001830000 second_order_s=0.001434200 algebra_s=0.046607300 kkt_assembly_s=0.001521500 factor_s=0.021156300 solve_s=0.012905600 update_s=0.001856300 K_nnz=96025 rhs_cols=1 Vxx_nnz=62001
FILTERDDP_TIMING iteration=1 barrier_iteration=0 stage=1 derivative_s=0.103763600 first_order_s=0.102360400 second_order_s=0.001281100 algebra_s=0.010348500 kkt_assembly_s=0.000778900 factor_s=0.021734800 solve_s=0.012054300 update_s=0.001463000 K_nnz=96025 rhs_cols=1 Vxx_nnz=62001
FILTERDDP_FEASIBILITY iteration=1 barrier_iteration=0 equality_count=62016 equality_rms=1.973162080417e-02 equality_max=9.375000000000e-01 equality_worst_stage=5 equality_worst_index=1 dynamics_count=1245 dynamics_rms=0.000000000000e+00 dynamics_max=0.000000000000e+00 dynamics_worst_stage=0 dynamics_worst_index=0 bound_count=69486 bound_rms=0.000000000000e+00 bound_max=0.000000000000e+00 bound_worst_stage=0 bound_worst_index=0 bound_worst_kind=none
     1   4.49647452e+03   9.3750e-01   7.1892e+02   9.9991e-01    0.00      -     6.2500e-02   0
FILTERDDP_ITER_TIMING iteration=1 barrier_iteration=0 backward_s=0.517032300 forward_s=0.129858600 total_s=0.646890900 outcome=accepted step_size=1.562500000e-02 backtracks=0 mu=1.000000000e+00
FILTERDDP_TIMING iteration=2 barrier_iteration=0 stage=6 derivative_s=0.007970300 first_order_s=0.003030700 second_order_s=0.004681500 algebra_s=0.030852500 kkt_assembly_s=0.001951600 factor_s=0.028494200 solve_s=0.013443700 update_s=0.001755300 K_nnz=96025 rhs_cols=1 Vxx_nnz=62001
FILTERDDP_TIMING iteration=2 barrier_iteration=0 stage=5 derivative_s=0.003343300 first_order_s=0.001771600 second_order_s=0.001323100 algebra_s=0.011675400 kkt_assembly_s=0.001391100 factor_s=0.052009000 solve_s=0.013352800 update_s=0.001514200 K_nnz=96025 rhs_cols=1 Vxx_nnz=62001
FILTERDDP_TIMING iteration=2 barrier_iteration=0 stage=4 derivative_s=0.003678600 first_order_s=0.001916000 second_order_s=0.001513800 algebra_s=0.012499700 kkt_assembly_s=0.001339000 factor_s=0.023936400 solve_s=0.012294000 update_s=0.001724200 K_nnz=96025 rhs_cols=1 Vxx_nnz=62001
FILTERDDP_TIMING iteration=2 barrier_iteration=0 stage=3 derivative_s=0.015609500 first_order_s=0.001810400 second_order_s=0.013548000 algebra_s=0.012492800 kkt_assembly_s=0.001458600 factor_s=0.034687100 solve_s=0.012215400 update_s=0.001571200 K_nnz=96025 rhs_cols=1 Vxx_nnz=62001
FILTERDDP_TIMING iteration=2 barrier_iteration=0 stage=2 derivative_s=0.051868600 first_order_s=0.001754100 second_order_s=0.049850600 algebra_s=0.008843800 kkt_assembly_s=0.000813900 factor_s=0.029466600 solve_s=0.012175600 update_s=0.001770800 K_nnz=96025 rhs_cols=1 Vxx_nnz=62001
FILTERDDP_TIMING iteration=2 barrier_iteration=0 stage=1 derivative_s=0.102700800 first_order_s=0.002264500 second_order_s=0.100315800 algebra_s=0.005897400 kkt_assembly_s=0.000877000 factor_s=0.021286300 solve_s=0.012231100 update_s=0.001807600 K_nnz=96025 rhs_cols=1 Vxx_nnz=62001
FILTERDDP_FEASIBILITY iteration=2 barrier_iteration=0 equality_count=62016 equality_rms=1.970890485335e-02 equality_max=9.228515625000e-01 equality_worst_stage=5 equality_worst_index=1 dynamics_count=1245 dynamics_rms=0.000000000000e+00 dynamics_max=0.000000000000e+00 dynamics_worst_stage=0 dynamics_worst_index=0 bound_count=69486 bound_rms=0.000000000000e+00 bound_max=0.000000000000e+00 bound_worst_stage=0 bound_worst_index=0 bound_worst_kind=none
     2   4.74989784e+03   9.2285e-01   7.0769e+02   9.9986e-01    0.00      -     1.5625e-02   0
FILTERDDP_ITER_TIMING iteration=2 barrier_iteration=0 backward_s=0.552253400 forward_s=0.087177400 total_s=0.639430800 outcome=accepted step_size=1.562500000e-02 backtracks=0 mu=1.000000000e+00
FILTERDDP_TIMING iteration=3 barrier_iteration=0 stage=6 derivative_s=0.006745600 first_order_s=0.002713300 second_order_s=0.003780200 algebra_s=0.020558600 kkt_assembly_s=0.002455400 factor_s=0.045125000 solve_s=0.012136100 update_s=0.002067500 K_nnz=96025 rhs_cols=1 Vxx_nnz=62001
FILTERDDP_TIMING iteration=3 barrier_iteration=0 stage=5 derivative_s=0.003966100 first_order_s=0.002367700 second_order_s=0.001345900 algebra_s=0.010650300 kkt_assembly_s=0.001616700 factor_s=0.021309000 solve_s=0.012383100 update_s=0.001632700 K_nnz=96025 rhs_cols=1 Vxx_nnz=62001
FILTERDDP_TIMING iteration=3 barrier_iteration=0 stage=4 derivative_s=0.003369500 first_order_s=0.001808900 second_order_s=0.001315800 algebra_s=0.012095700 kkt_assembly_s=0.010371400 factor_s=0.021095500 solve_s=0.012524900 update_s=0.001582000 K_nnz=96025 rhs_cols=1 Vxx_nnz=62001
FILTERDDP_TIMING iteration=3 barrier_iteration=0 stage=3 derivative_s=0.003412500 first_order_s=0.001747600 second_order_s=0.001387300 algebra_s=0.009515700 kkt_assembly_s=0.000610700 factor_s=0.030351500 solve_s=0.012047000 update_s=0.001605600 K_nnz=96025 rhs_cols=1 Vxx_nnz=62001
FILTERDDP_TIMING iteration=3 barrier_iteration=0 stage=2 derivative_s=0.003346500 first_order_s=0.001775800 second_order_s=0.001322800 algebra_s=0.006287100 kkt_assembly_s=0.001477200 factor_s=0.024786500 solve_s=0.050155200 update_s=0.001079900 K_nnz=96025 rhs_cols=1 Vxx_nnz=62001
FILTERDDP_TIMING iteration=3 barrier_iteration=0 stage=1 derivative_s=0.003317100 first_order_s=0.001763700 second_order_s=0.001304500 algebra_s=0.009700500 kkt_assembly_s=0.000759600 factor_s=0.027196200 solve_s=0.011617300 update_s=0.001577900 K_nnz=96025 rhs_cols=1 Vxx_nnz=62001
FILTERDDP_FEASIBILITY iteration=3 barrier_iteration=0 equality_count=62016 equality_rms=1.972659433051e-02 equality_max=9.084320068359e-01 equality_worst_stage=5 equality_worst_index=1 dynamics_count=1245 dynamics_rms=0.000000000000e+00 dynamics_max=0.000000000000e+00 dynamics_worst_stage=0 dynamics_worst_index=0 bound_count=69486 bound_rms=0.000000000000e+00 bound_max=0.000000000000e+00 bound_worst_stage=0 bound_worst_index=0 bound_worst_kind=none
     3   4.97795843e+03   9.0843e-01   6.9663e+02   9.9984e-01    0.00      -     1.5625e-02   0
FILTERDDP_ITER_TIMING iteration=3 barrier_iteration=0 backward_s=0.401657100 forward_s=0.188600900 total_s=0.590258000 outcome=accepted step_size=3.125000000e-02 backtracks=0 mu=1.000000000e+00
FILTERDDP_TIMING iteration=4 barrier_iteration=0 stage=6 derivative_s=0.008377800 first_order_s=0.003234400 second_order_s=0.004883300 algebra_s=0.012360000 kkt_assembly_s=0.001185500 factor_s=0.024225200 solve_s=0.012670900 update_s=0.002840400 K_nnz=96025 rhs_cols=1 Vxx_nnz=62001
FILTERDDP_TIMING iteration=4 barrier_iteration=0 stage=5 derivative_s=0.006059500 first_order_s=0.002712600 second_order_s=0.003086600 algebra_s=0.010668900 kkt_assembly_s=0.000875400 factor_s=0.025328100 solve_s=0.021938300 update_s=0.001778200 K_nnz=96025 rhs_cols=1 Vxx_nnz=62001
FILTERDDP_TIMING iteration=4 barrier_iteration=0 stage=4 derivative_s=0.003341200 first_order_s=0.001773300 second_order_s=0.001323000 algebra_s=0.011361400 kkt_assembly_s=0.000964400 factor_s=0.020131900 solve_s=0.011458400 update_s=0.001943900 K_nnz=96025 rhs_cols=1 Vxx_nnz=62001
FILTERDDP_TIMING iteration=4 barrier_iteration=0 stage=3 derivative_s=0.004363200 first_order_s=0.002700000 second_order_s=0.001383400 algebra_s=0.010369300 kkt_assembly_s=0.000575900 factor_s=0.031323200 solve_s=0.011465000 update_s=0.001656200 K_nnz=96025 rhs_cols=1 Vxx_nnz=62001
FILTERDDP_TIMING iteration=4 barrier_iteration=0 stage=2 derivative_s=0.003428500 first_order_s=0.001773000 second_order_s=0.001410000 algebra_s=0.009562700 kkt_assembly_s=0.000563100 factor_s=0.020201600 solve_s=0.012643500 update_s=0.001738100 K_nnz=96025 rhs_cols=1 Vxx_nnz=62001
FILTERDDP_TIMING iteration=4 barrier_iteration=0 stage=1 derivative_s=0.003616600 first_order_s=0.001933200 second_order_s=0.001373700 algebra_s=0.018100100 kkt_assembly_s=0.001318500 factor_s=0.038948400 solve_s=0.011715100 update_s=0.001664600 K_nnz=96025 rhs_cols=1 Vxx_nnz=62001
FILTERDDP_FEASIBILITY iteration=4 barrier_iteration=0 equality_count=62016 equality_rms=2.055341855707e-02 equality_max=8.800435066223e-01 equality_worst_stage=5 equality_worst_index=1 dynamics_count=1245 dynamics_rms=0.000000000000e+00 dynamics_max=0.000000000000e+00 dynamics_worst_stage=0 dynamics_worst_index=0 bound_count=69486 bound_rms=0.000000000000e+00 bound_max=0.000000000000e+00 bound_worst_stage=0 bound_worst_index=0 bound_worst_kind=none
     4   5.41393112e+03   8.8004e-01   6.7486e+02   9.9977e-01    0.00      -     3.1250e-02   0
FILTERDDP_ITER_TIMING iteration=4 barrier_iteration=0 backward_s=0.361960400 forward_s=0.135140600 total_s=0.497101000 outcome=accepted step_size=6.250000000e-02 backtracks=0 mu=1.000000000e+00
FILTERDDP_TIMING iteration=5 barrier_iteration=0 stage=6 derivative_s=0.003614400 first_order_s=0.001733300 second_order_s=0.001628900 algebra_s=0.008726000 kkt_assembly_s=0.001403500 factor_s=0.125549800 solve_s=0.012038200 update_s=0.001649000 K_nnz=96025 rhs_cols=1 Vxx_nnz=62001
FILTERDDP_TIMING iteration=5 barrier_iteration=0 stage=5 derivative_s=0.003634600 first_order_s=0.001900400 second_order_s=0.001445300 algebra_s=0.005891400 kkt_assembly_s=0.000606900 factor_s=0.021705900 solve_s=0.012923500 update_s=0.001660500 K_nnz=96025 rhs_cols=1 Vxx_nnz=62001
FILTERDDP_TIMING iteration=5 barrier_iteration=0 stage=4 derivative_s=0.003398800 first_order_s=0.001708200 second_order_s=0.001442600 algebra_s=0.009331900 kkt_assembly_s=0.001498000 factor_s=0.022488800 solve_s=0.013203800 update_s=0.002415700 K_nnz=96025 rhs_cols=1 Vxx_nnz=62001
FILTERDDP_TIMING iteration=5 barrier_iteration=0 stage=3 derivative_s=0.005435800 first_order_s=0.002476300 second_order_s=0.002716600 algebra_s=0.012086300 kkt_assembly_s=0.000890500 factor_s=0.032169400 solve_s=0.012509900 update_s=0.001776700 K_nnz=96025 rhs_cols=1 Vxx_nnz=62001
FILTERDDP_TIMING iteration=5 barrier_iteration=0 stage=2 derivative_s=0.003218700 first_order_s=0.001684300 second_order_s=0.001287700 algebra_s=0.010011800 kkt_assembly_s=0.001408200 factor_s=0.027290200 solve_s=0.012199100 update_s=0.001741800 K_nnz=96025 rhs_cols=1 Vxx_nnz=62001
FILTERDDP_TIMING iteration=5 barrier_iteration=0 stage=1 derivative_s=0.003502000 first_order_s=0.001999000 second_order_s=0.001255700 algebra_s=0.009473600 kkt_assembly_s=0.000596100 factor_s=0.030879600 solve_s=0.011861700 update_s=0.001538200 K_nnz=96025 rhs_cols=1 Vxx_nnz=62001
FILTERDDP_FEASIBILITY iteration=5 barrier_iteration=0 equality_count=62016 equality_rms=2.514436005990e-02 equality_max=8.250407874584e-01 equality_worst_stage=5 equality_worst_index=1 dynamics_count=1245 dynamics_rms=0.000000000000e+00 dynamics_max=0.000000000000e+00 dynamics_worst_stage=0 dynamics_worst_index=0 bound_count=69486 bound_rms=0.000000000000e+00 bound_max=0.000000000000e+00 bound_worst_stage=0 bound_worst_index=0 bound_worst_kind=none
     5   6.21080196e+03   8.2504e-01   6.3268e+02   9.9953e-01    0.00      -     6.2500e-02   0
FILTERDDP_ITER_TIMING iteration=5 barrier_iteration=0 backward_s=0.431270800 forward_s=0.065042500 total_s=0.496313300 outcome=accepted step_size=1.250000000e-01 backtracks=0 mu=1.000000000e+00
FILTERDDP_TIMING iteration=6 barrier_iteration=0 stage=6 derivative_s=0.001965000 first_order_s=0.000903800 second_order_s=0.000931400 algebra_s=0.010997000 kkt_assembly_s=0.001329600 factor_s=0.075531600 solve_s=0.012386500 update_s=0.001689400 K_nnz=96025 rhs_cols=1 Vxx_nnz=62001
FILTERDDP_TIMING iteration=6 barrier_iteration=0 stage=5 derivative_s=0.003194900 first_order_s=0.001676100 second_order_s=0.001272300 algebra_s=0.009649800 kkt_assembly_s=0.001743200 factor_s=0.023693200 solve_s=0.012345400 update_s=0.093055100 K_nnz=96025 rhs_cols=1 Vxx_nnz=62001
FILTERDDP_TIMING iteration=6 barrier_iteration=0 stage=4 derivative_s=0.003575200 first_order_s=0.001913100 second_order_s=0.001366200 algebra_s=0.008740600 kkt_assembly_s=0.001152600 factor_s=0.020780800 solve_s=0.012099000 update_s=0.001686300 K_nnz=96025 rhs_cols=1 Vxx_nnz=62001
FILTERDDP_TIMING iteration=6 barrier_iteration=0 stage=3 derivative_s=0.003263600 first_order_s=0.001691500 second_order_s=0.001298100 algebra_s=0.009855700 kkt_assembly_s=0.000555800 factor_s=0.020536400 solve_s=0.013515200 update_s=0.002163000 K_nnz=96025 rhs_cols=1 Vxx_nnz=62001
FILTERDDP_TIMING iteration=6 barrier_iteration=0 stage=2 derivative_s=0.005628100 first_order_s=0.002694000 second_order_s=0.002630200 algebra_s=0.010271100 kkt_assembly_s=0.000770400 factor_s=0.022539900 solve_s=0.013182900 update_s=0.015206300 K_nnz=96025 rhs_cols=1 Vxx_nnz=62001
FILTERDDP_TIMING iteration=6 barrier_iteration=0 stage=1 derivative_s=0.003188300 first_order_s=0.001652700 second_order_s=0.001304000 algebra_s=0.009981900 kkt_assembly_s=0.000559400 factor_s=0.020414100 solve_s=0.011866500 update_s=0.001836800 K_nnz=96025 rhs_cols=1 Vxx_nnz=62001
FILTERDDP_FEASIBILITY iteration=6 barrier_iteration=0 equality_count=62016 equality_rms=4.135319046835e-02 equality_max=7.219106890261e-01 equality_worst_stage=2 equality_worst_index=1 dynamics_count=1245 dynamics_rms=0.000000000000e+00 dynamics_max=0.000000000000e+00 dynamics_worst_stage=0 dynamics_worst_index=0 bound_count=69486 bound_rms=0.000000000000e+00 bound_max=0.000000000000e+00 bound_worst_stage=0 bound_worst_index=0 bound_worst_kind=none
     6   7.56676559e+03   7.2191e-01   4.2428e+02   9.9846e-01    0.00      -     1.2500e-01   0
FILTERDDP_ITER_TIMING iteration=6 barrier_iteration=0 backward_s=0.462055600 forward_s=0.087874100 total_s=0.549929700 outcome=accepted step_size=1.250000000e-01 backtracks=0 mu=1.000000000e+00
FILTERDDP_TIMING iteration=7 barrier_iteration=0 stage=6 derivative_s=0.003653800 first_order_s=0.001650300 second_order_s=0.001766800 algebra_s=0.015648800 kkt_assembly_s=0.017479800 factor_s=0.034166100 solve_s=0.012943900 update_s=0.001737800 K_nnz=96025 rhs_cols=1 Vxx_nnz=62001
FILTERDDP_TIMING iteration=7 barrier_iteration=0 stage=5 derivative_s=0.003258000 first_order_s=0.001695700 second_order_s=0.001313500 algebra_s=0.009547100 kkt_assembly_s=0.000823000 factor_s=0.025541000 solve_s=0.012193100 update_s=0.001733100 K_nnz=96025 rhs_cols=1 Vxx_nnz=62001
FILTERDDP_TIMING iteration=7 barrier_iteration=0 stage=4 derivative_s=0.003459700 first_order_s=0.001923500 second_order_s=0.001288900 algebra_s=0.018889800 kkt_assembly_s=0.000655200 factor_s=0.021103900 solve_s=0.011784300 update_s=0.001257800 K_nnz=96025 rhs_cols=1 Vxx_nnz=62001
FILTERDDP_TIMING iteration=7 barrier_iteration=0 stage=3 derivative_s=0.002328800 first_order_s=0.001196100 second_order_s=0.000945000 algebra_s=0.009413200 kkt_assembly_s=0.000664400 factor_s=0.058745100 solve_s=0.011798700 update_s=0.001679600 K_nnz=96025 rhs_cols=1 Vxx_nnz=62001
FILTERDDP_TIMING iteration=7 barrier_iteration=0 stage=2 derivative_s=0.003414100 first_order_s=0.001746600 second_order_s=0.001419000 algebra_s=0.009643800 kkt_assembly_s=0.000558000 factor_s=0.021868900 solve_s=0.012543600 update_s=0.001787200 K_nnz=96025 rhs_cols=1 Vxx_nnz=62001
FILTERDDP_TIMING iteration=7 barrier_iteration=0 stage=1 derivative_s=0.104308900 first_order_s=0.001698000 second_order_s=0.102366300 algebra_s=0.008172600 kkt_assembly_s=0.000589900 factor_s=0.020881200 solve_s=0.012517000 update_s=0.001578400 K_nnz=96025 rhs_cols=1 Vxx_nnz=62001
FILTERDDP_FEASIBILITY iteration=7 barrier_iteration=0 equality_count=62016 equality_rms=4.646914291040e-02 equality_max=7.736789987181e-01 equality_worst_stage=5 equality_worst_index=7568 dynamics_count=1245 dynamics_rms=0.000000000000e+00 dynamics_max=0.000000000000e+00 dynamics_worst_stage=0 dynamics_worst_index=0 bound_count=69486 bound_rms=0.000000000000e+00 bound_max=0.000000000000e+00 bound_worst_stage=0 bound_worst_index=0 bound_worst_kind=none
     7   8.53709009e+03   7.7368e-01   2.4710e+02   9.9712e-01    0.00      -     1.2500e-01   0
FILTERDDP_ITER_TIMING iteration=7 barrier_iteration=0 backward_s=0.479322800 forward_s=0.104340300 total_s=0.583663100 outcome=accepted step_size=1.250000000e-01 backtracks=1 mu=1.000000000e+00
FILTERDDP_TIMING iteration=8 barrier_iteration=0 stage=6 derivative_s=0.007338300 first_order_s=0.002999000 second_order_s=0.003974000 algebra_s=0.021263100 kkt_assembly_s=0.002168400 factor_s=0.034358000 solve_s=0.013718300 update_s=0.002703800 K_nnz=96025 rhs_cols=1 Vxx_nnz=62001
FILTERDDP_TIMING iteration=8 barrier_iteration=0 stage=5 derivative_s=0.007670400 first_order_s=0.002845700 second_order_s=0.004560300 algebra_s=0.010957300 kkt_assembly_s=0.000785200 factor_s=0.033274900 solve_s=0.012181400 update_s=0.001648800 K_nnz=96025 rhs_cols=1 Vxx_nnz=62001
FILTERDDP_TIMING iteration=8 barrier_iteration=0 stage=4 derivative_s=0.003251700 first_order_s=0.001692800 second_order_s=0.001314900 algebra_s=0.009596200 kkt_assembly_s=0.001339000 factor_s=0.021324300 solve_s=0.012072600 update_s=0.001513200 K_nnz=96025 rhs_cols=1 Vxx_nnz=62001
FILTERDDP_TIMING iteration=8 barrier_iteration=0 stage=3 derivative_s=0.003312900 first_order_s=0.001690000 second_order_s=0.001378000 algebra_s=0.011865800 kkt_assembly_s=0.001456600 factor_s=0.051031200 solve_s=0.011837800 update_s=0.001609900 K_nnz=96025 rhs_cols=1 Vxx_nnz=62001
FILTERDDP_TIMING iteration=8 barrier_iteration=0 stage=2 derivative_s=0.003597800 first_order_s=0.001852800 second_order_s=0.001361000 algebra_s=0.010923900 kkt_assembly_s=0.001160300 factor_s=0.031438000 solve_s=0.011889400 update_s=0.001593400 K_nnz=96025 rhs_cols=1 Vxx_nnz=62001
FILTERDDP_TIMING iteration=8 barrier_iteration=0 stage=1 derivative_s=0.003860400 first_order_s=0.002273400 second_order_s=0.001340100 algebra_s=0.009850800 kkt_assembly_s=0.000556700 factor_s=0.058755600 solve_s=0.011849200 update_s=0.001627700 K_nnz=96025 rhs_cols=1 Vxx_nnz=62001
FILTERDDP_FEASIBILITY iteration=8 barrier_iteration=0 equality_count=62016 equality_rms=4.579750937034e-02 equality_max=7.561293013770e-01 equality_worst_stage=5 equality_worst_index=7568 dynamics_count=1245 dynamics_rms=0.000000000000e+00 dynamics_max=0.000000000000e+00 dynamics_worst_stage=0 dynamics_worst_index=0 bound_count=69486 bound_rms=0.000000000000e+00 bound_max=0.000000000000e+00 bound_worst_stage=0 bound_worst_index=0 bound_worst_kind=none
     8   9.21661104e+03   7.5613e-01   1.5428e+02   9.9580e-01    0.00      -     1.2500e-01   1
FILTERDDP_ITER_TIMING iteration=8 barrier_iteration=0 backward_s=0.426821100 forward_s=0.050369300 total_s=0.477190400 outcome=accepted step_size=2.500000000e-01 backtracks=0 mu=1.000000000e+00
FILTERDDP_TIMING iteration=9 barrier_iteration=0 stage=6 derivative_s=0.003618900 first_order_s=0.001672800 second_order_s=0.001689500 algebra_s=0.011207900 kkt_assembly_s=0.001299800 factor_s=0.130803300 solve_s=0.011834900 update_s=0.001330600 K_nnz=96025 rhs_cols=1 Vxx_nnz=62001
FILTERDDP_TIMING iteration=9 barrier_iteration=0 stage=5 derivative_s=0.003279300 first_order_s=0.001715500 second_order_s=0.001320200 algebra_s=0.006542900 kkt_assembly_s=0.000725600 factor_s=0.021761000 solve_s=0.012214600 update_s=0.001693700 K_nnz=96025 rhs_cols=1 Vxx_nnz=62001
FILTERDDP_TIMING iteration=9 barrier_iteration=0 stage=4 derivative_s=0.003321700 first_order_s=0.001717700 second_order_s=0.001361100 algebra_s=0.009618100 kkt_assembly_s=0.000611200 factor_s=0.020907200 solve_s=0.013887900 update_s=0.002114300 K_nnz=96025 rhs_cols=1 Vxx_nnz=62001
FILTERDDP_TIMING iteration=9 barrier_iteration=0 stage=3 derivative_s=0.006269100 first_order_s=0.003030700 second_order_s=0.002974200 algebra_s=0.010640100 kkt_assembly_s=0.000840600 factor_s=0.021677300 solve_s=0.013748600 update_s=0.003056600 K_nnz=96025 rhs_cols=1 Vxx_nnz=62001
FILTERDDP_TIMING iteration=9 barrier_iteration=0 stage=2 derivative_s=0.005778000 first_order_s=0.002745500 second_order_s=0.002772300 algebra_s=0.020870200 kkt_assembly_s=0.000592800 factor_s=0.020376000 solve_s=0.012449100 update_s=0.001543300 K_nnz=96025 rhs_cols=1 Vxx_nnz=62001
FILTERDDP_TIMING iteration=9 barrier_iteration=0 stage=1 derivative_s=0.003473000 first_order_s=0.001785300 second_order_s=0.001442300 algebra_s=0.010123200 kkt_assembly_s=0.001411700 factor_s=0.021690900 solve_s=0.012271700 update_s=0.001550300 K_nnz=96025 rhs_cols=1 Vxx_nnz=62001
FILTERDDP_FEASIBILITY iteration=9 barrier_iteration=0 equality_count=62016 equality_rms=4.562637655481e-02 equality_max=7.381867021694e-01 equality_worst_stage=5 equality_worst_index=7568 dynamics_count=1245 dynamics_rms=0.000000000000e+00 dynamics_max=0.000000000000e+00 dynamics_worst_stage=0 dynamics_worst_index=0 bound_count=69486 bound_rms=0.000000000000e+00 bound_max=0.000000000000e+00 bound_worst_stage=0 bound_worst_index=0 bound_worst_kind=none
     9   1.02018481e+04   7.3819e-01   7.0240e+01   9.9014e-01    0.00      -     2.5000e-01   0
FILTERDDP_ITER_TIMING iteration=9 barrier_iteration=0 backward_s=0.426070500 forward_s=0.051996300 total_s=0.478066800 outcome=accepted step_size=5.000000000e-01 backtracks=0 mu=1.000000000e+00
FILTERDDP_TIMING iteration=10 barrier_iteration=0 stage=6 derivative_s=0.003592300 first_order_s=0.001658400 second_order_s=0.001646300 algebra_s=0.026691800 kkt_assembly_s=0.001033800 factor_s=0.024117000 solve_s=0.012521200 update_s=0.001586100 K_nnz=96025 rhs_cols=1 Vxx_nnz=62001
FILTERDDP_TIMING iteration=10 barrier_iteration=0 stage=5 derivative_s=0.003464600 first_order_s=0.001874300 second_order_s=0.001313300 algebra_s=0.009624300 kkt_assembly_s=0.000585900 factor_s=0.021822100 solve_s=0.012573600 update_s=0.001664000 K_nnz=96025 rhs_cols=1 Vxx_nnz=62001
FILTERDDP_TIMING iteration=10 barrier_iteration=0 stage=4 derivative_s=0.003980900 first_order_s=0.002150000 second_order_s=0.001583800 algebra_s=0.045360700 kkt_assembly_s=0.000589400 factor_s=0.021358600 solve_s=0.012138000 update_s=0.001746300 K_nnz=96025 rhs_cols=1 Vxx_nnz=62001
FILTERDDP_TIMING iteration=10 barrier_iteration=0 stage=3 derivative_s=0.003315700 first_order_s=0.001741800 second_order_s=0.001312000 algebra_s=0.009433400 kkt_assembly_s=0.000744500 factor_s=0.020662900 solve_s=0.012064100 update_s=0.001602000 K_nnz=96025 rhs_cols=1 Vxx_nnz=62001
FILTERDDP_TIMING iteration=10 barrier_iteration=0 stage=2 derivative_s=0.004044300 first_order_s=0.001914200 second_order_s=0.001863900 algebra_s=0.105017100 kkt_assembly_s=0.000609400 factor_s=0.021622200 solve_s=0.012201800 update_s=0.001198300 K_nnz=96025 rhs_cols=1 Vxx_nnz=62001
FILTERDDP_TIMING iteration=10 barrier_iteration=0 stage=1 derivative_s=0.003913000 first_order_s=0.002414100 second_order_s=0.001314500 algebra_s=0.008710900 kkt_assembly_s=0.000790200 factor_s=0.020380900 solve_s=0.011487300 update_s=0.001622200 K_nnz=96025 rhs_cols=1 Vxx_nnz=62001
FILTERDDP_FEASIBILITY iteration=10 barrier_iteration=0 equality_count=62016 equality_rms=3.871517564813e-02 equality_max=6.023853703391e-01 equality_worst_stage=5 equality_worst_index=7576 dynamics_count=1245 dynamics_rms=0.000000000000e+00 dynamics_max=0.000000000000e+00 dynamics_worst_stage=0 dynamics_worst_index=0 bound_count=69486 bound_rms=0.000000000000e+00 bound_max=0.000000000000e+00 bound_worst_stage=0 bound_worst_index=0 bound_worst_kind=none
  iter     objective        pr_inf       du_inf       cs_inf     lg(μ)   lg(reg)    alpha     ls
    10   1.13037063e+04   6.0239e-01   1.8504e+01   9.8393e-01    0.00      -     5.0000e-01   0
FILTERDDP_ITER_TIMING iteration=10 barrier_iteration=0 backward_s=0.444820200 forward_s=0.053917600 total_s=0.498737800 outcome=accepted step_size=5.000000000e-01 backtracks=0 mu=1.000000000e+00
FILTERDDP_TIMING iteration=11 barrier_iteration=0 stage=6 derivative_s=0.006831400 first_order_s=0.002605400 second_order_s=0.004025000 algebra_s=0.019442800 kkt_assembly_s=0.002390400 factor_s=0.039905100 solve_s=0.014478000 update_s=0.002700500 K_nnz=96025 rhs_cols=1 Vxx_nnz=62001
FILTERDDP_TIMING iteration=11 barrier_iteration=0 stage=5 derivative_s=0.006848800 first_order_s=0.002889500 second_order_s=0.003484100 algebra_s=0.037173600 kkt_assembly_s=0.001470300 factor_s=0.032802400 solve_s=0.012204800 update_s=0.001577700 K_nnz=96025 rhs_cols=1 Vxx_nnz=62001
FILTERDDP_TIMING iteration=11 barrier_iteration=0 stage=4 derivative_s=0.003367700 first_order_s=0.001799400 second_order_s=0.001322500 algebra_s=0.009552200 kkt_assembly_s=0.000604800 factor_s=0.021309900 solve_s=0.012399700 update_s=0.001640600 K_nnz=96025 rhs_cols=1 Vxx_nnz=62001
FILTERDDP_TIMING iteration=11 barrier_iteration=0 stage=3 derivative_s=0.003260200 first_order_s=0.001681400 second_order_s=0.001330400 algebra_s=0.011376600 kkt_assembly_s=0.000792400 factor_s=0.021329100 solve_s=0.029270500 update_s=0.001545900 K_nnz=96025 rhs_cols=1 Vxx_nnz=62001
FILTERDDP_TIMING iteration=11 barrier_iteration=0 stage=2 derivative_s=0.003129200 first_order_s=0.001643600 second_order_s=0.001256400 algebra_s=0.009992500 kkt_assembly_s=0.000679000 factor_s=0.021705900 solve_s=0.012938500 update_s=0.002001200 K_nnz=96025 rhs_cols=1 Vxx_nnz=62001
FILTERDDP_TIMING iteration=11 barrier_iteration=0 stage=1 derivative_s=0.003388700 first_order_s=0.001805200 second_order_s=0.001334200 algebra_s=0.009869500 kkt_assembly_s=0.000585400 factor_s=0.021327700 solve_s=0.013752900 update_s=0.002008100 K_nnz=96025 rhs_cols=1 Vxx_nnz=62001
FILTERDDP_FEASIBILITY iteration=11 barrier_iteration=0 equality_count=62016 equality_rms=2.155798505270e-02 equality_max=3.294475083627e-01 equality_worst_stage=5 equality_worst_index=7576 dynamics_count=1245 dynamics_rms=0.000000000000e+00 dynamics_max=0.000000000000e+00 dynamics_worst_stage=0 dynamics_worst_index=0 bound_count=69486 bound_rms=0.000000000000e+00 bound_max=0.000000000000e+00 bound_worst_stage=0 bound_worst_index=0 bound_worst_kind=none
    11   1.16702555e+04   3.2945e-01   1.8176e+01   9.9198e-01    0.00      -     5.0000e-01   0
FILTERDDP_ITER_TIMING iteration=11 barrier_iteration=0 backward_s=0.396782100 forward_s=0.098144000 total_s=0.494926100 outcome=accepted step_size=5.000000000e-01 backtracks=0 mu=1.000000000e+00
FILTERDDP_TIMING iteration=12 barrier_iteration=0 stage=6 derivative_s=0.004798200 first_order_s=0.002429400 second_order_s=0.001989700 algebra_s=0.016850900 kkt_assembly_s=0.000721000 factor_s=0.021544000 solve_s=0.012740400 update_s=0.001550600 K_nnz=96025 rhs_cols=1 Vxx_nnz=62001
FILTERDDP_TIMING iteration=12 barrier_iteration=0 stage=5 derivative_s=0.003296800 first_order_s=0.001747900 second_order_s=0.001300300 algebra_s=0.009753200 kkt_assembly_s=0.001255000 factor_s=0.124074500 solve_s=0.012283000 update_s=0.001665000 K_nnz=96025 rhs_cols=1 Vxx_nnz=62001
FILTERDDP_TIMING iteration=12 barrier_iteration=0 stage=4 derivative_s=0.001302100 first_order_s=0.000663100 second_order_s=0.000528400 algebra_s=0.004332800 kkt_assembly_s=0.000588100 factor_s=0.020600200 solve_s=0.012279200 update_s=0.001521500 K_nnz=96025 rhs_cols=1 Vxx_nnz=62001
FILTERDDP_TIMING iteration=12 barrier_iteration=0 stage=3 derivative_s=0.003223900 first_order_s=0.001686600 second_order_s=0.001292600 algebra_s=0.010552400 kkt_assembly_s=0.000620400 factor_s=0.020488800 solve_s=0.012972000 update_s=0.002530800 K_nnz=96025 rhs_cols=1 Vxx_nnz=62001
FILTERDDP_TIMING iteration=12 barrier_iteration=0 stage=2 derivative_s=0.005604000 first_order_s=0.002518500 second_order_s=0.002825900 algebra_s=0.010236400 kkt_assembly_s=0.000762300 factor_s=0.021913000 solve_s=0.012857300 update_s=0.002559600 K_nnz=96025 rhs_cols=1 Vxx_nnz=62001
FILTERDDP_TIMING iteration=12 barrier_iteration=0 stage=1 derivative_s=0.005827700 first_order_s=0.002922300 second_order_s=0.002642500 algebra_s=0.022438900 kkt_assembly_s=0.000565800 factor_s=0.020334900 solve_s=0.013076300 update_s=0.001506400 K_nnz=96025 rhs_cols=1 Vxx_nnz=62001
FILTERDDP_FEASIBILITY iteration=12 barrier_iteration=0 equality_count=62016 equality_rms=1.120849180935e-02 equality_max=1.713041802307e-01 equality_worst_stage=1 equality_worst_index=7576 dynamics_count=1245 dynamics_rms=0.000000000000e+00 dynamics_max=0.000000000000e+00 dynamics_worst_stage=0 dynamics_worst_index=0 bound_count=69486 bound_rms=0.000000000000e+00 bound_max=0.000000000000e+00 bound_worst_stage=0 bound_worst_index=0 bound_worst_kind=none
    12   1.18456001e+04   1.7130e-01   1.4150e+01   9.9599e-01    0.00      -     5.0000e-01   0
FILTERDDP_ITER_TIMING iteration=12 barrier_iteration=0 backward_s=0.420128600 forward_s=0.048910200 total_s=0.469038800 outcome=accepted step_size=5.000000000e-01 backtracks=0 mu=1.000000000e+00
FILTERDDP_TIMING iteration=13 barrier_iteration=0 stage=6 derivative_s=0.003557000 first_order_s=0.001675500 second_order_s=0.001644100 algebra_s=0.009964700 kkt_assembly_s=0.001335300 factor_s=0.039641200 solve_s=0.011906000 update_s=0.001623000 K_nnz=96025 rhs_cols=1 Vxx_nnz=62001
FILTERDDP_TIMING iteration=13 barrier_iteration=0 stage=5 derivative_s=0.003377500 first_order_s=0.001749800 second_order_s=0.001382100 algebra_s=0.011832300 kkt_assembly_s=0.001442100 factor_s=0.050740200 solve_s=0.012076000 update_s=0.001671700 K_nnz=96025 rhs_cols=1 Vxx_nnz=62001
FILTERDDP_TIMING iteration=13 barrier_iteration=0 stage=4 derivative_s=0.003352100 first_order_s=0.001753900 second_order_s=0.001347100 algebra_s=0.012963900 kkt_assembly_s=0.001358100 factor_s=0.040230600 solve_s=0.012145300 update_s=0.001702100 K_nnz=96025 rhs_cols=1 Vxx_nnz=62001
FILTERDDP_TIMING iteration=13 barrier_iteration=0 stage=3 derivative_s=0.003306200 first_order_s=0.001730400 second_order_s=0.001329100 algebra_s=0.010990300 kkt_assembly_s=0.000846300 factor_s=0.030362900 solve_s=0.012399500 update_s=0.041966400 K_nnz=96025 rhs_cols=1 Vxx_nnz=62001
FILTERDDP_TIMING iteration=13 barrier_iteration=0 stage=2 derivative_s=0.003618400 first_order_s=0.001868200 second_order_s=0.001390900 algebra_s=0.009489800 kkt_assembly_s=0.000587600 factor_s=0.022718600 solve_s=0.012559000 update_s=0.001736400 K_nnz=96025 rhs_cols=1 Vxx_nnz=62001
FILTERDDP_TIMING iteration=13 barrier_iteration=0 stage=1 derivative_s=0.003454400 first_order_s=0.001834600 second_order_s=0.001315800 algebra_s=0.009744100 kkt_assembly_s=0.000701900 factor_s=0.043354500 solve_s=0.014062600 update_s=0.097863600 K_nnz=96025 rhs_cols=1 Vxx_nnz=62001
FILTERDDP_FEASIBILITY iteration=13 barrier_iteration=0 equality_count=62016 equality_rms=5.645985331755e-03 equality_max=8.751910257215e-02 equality_worst_stage=1 equality_worst_index=7576 dynamics_count=1245 dynamics_rms=0.000000000000e+00 dynamics_max=0.000000000000e+00 dynamics_worst_stage=0 dynamics_worst_index=0 bound_count=69486 bound_rms=0.000000000000e+00 bound_max=0.000000000000e+00 bound_worst_stage=0 bound_worst_index=0 bound_worst_kind=none
    13   1.19323384e+04   8.7519e-02   1.0723e+01   9.9800e-01    0.00      -     5.0000e-01   0
FILTERDDP_ITER_TIMING iteration=13 barrier_iteration=0 backward_s=0.541691700 forward_s=0.053939400 total_s=0.595631100 outcome=accepted step_size=5.000000000e-01 backtracks=0 mu=1.000000000e+00
FILTERDDP_TIMING iteration=14 barrier_iteration=0 stage=6 derivative_s=0.003737500 first_order_s=0.001766300 second_order_s=0.001735900 algebra_s=0.011344900 kkt_assembly_s=0.001315100 factor_s=0.038387600 solve_s=0.012111500 update_s=0.001660400 K_nnz=96025 rhs_cols=1 Vxx_nnz=62001
FILTERDDP_TIMING iteration=14 barrier_iteration=0 stage=5 derivative_s=0.003395200 first_order_s=0.001820100 second_order_s=0.001330700 algebra_s=0.009535000 kkt_assembly_s=0.000563400 factor_s=0.025465700 solve_s=0.027133700 update_s=0.003075400 K_nnz=96025 rhs_cols=1 Vxx_nnz=62001
FILTERDDP_TIMING iteration=14 barrier_iteration=0 stage=4 derivative_s=0.006767100 first_order_s=0.002973900 second_order_s=0.003526600 algebra_s=0.012903000 kkt_assembly_s=0.001370700 factor_s=0.038888300 solve_s=0.014199300 update_s=0.002895800 K_nnz=96025 rhs_cols=1 Vxx_nnz=62001
FILTERDDP_TIMING iteration=14 barrier_iteration=0 stage=3 derivative_s=0.006503800 first_order_s=0.002751300 second_order_s=0.003491400 algebra_s=0.024926200 kkt_assembly_s=0.000612200 factor_s=0.020158900 solve_s=0.011506300 update_s=0.001792400 K_nnz=96025 rhs_cols=1 Vxx_nnz=62001
FILTERDDP_TIMING iteration=14 barrier_iteration=0 stage=2 derivative_s=0.003399700 first_order_s=0.001842900 second_order_s=0.001307500 algebra_s=0.010134000 kkt_assembly_s=0.001458400 factor_s=0.020155700 solve_s=0.012057300 update_s=0.001256200 K_nnz=96025 rhs_cols=1 Vxx_nnz=62001
FILTERDDP_TIMING iteration=14 barrier_iteration=0 stage=1 derivative_s=0.003319700 first_order_s=0.001717000 second_order_s=0.001318100 algebra_s=0.009351700 kkt_assembly_s=0.000702300 factor_s=0.021127000 solve_s=0.012300500 update_s=0.001699800 K_nnz=96025 rhs_cols=1 Vxx_nnz=62001
FILTERDDP_FEASIBILITY iteration=14 barrier_iteration=0 equality_count=62016 equality_rms=2.811770792329e-03 equality_max=4.424091975605e-02 equality_worst_stage=1 equality_worst_index=7576 dynamics_count=1245 dynamics_rms=0.000000000000e+00 dynamics_max=0.000000000000e+00 dynamics_worst_stage=0 dynamics_worst_index=0 bound_count=69486 bound_rms=0.000000000000e+00 bound_max=0.000000000000e+00 bound_worst_stage=0 bound_worst_index=0 bound_worst_kind=none
FILTERDDP_ITER_TIMING iteration=14 barrier_iteration=0 backward_s=0.378161700 forward_s=0.000000000 total_s=0.378161700 outcome=barrier_update step_size=5.000000000e-01 backtracks=0 mu=1.000000000e+00
FILTERDDP_TIMING iteration=14 barrier_iteration=1 stage=6 derivative_s=0.018595700 first_order_s=0.000630300 second_order_s=0.017850500 algebra_s=0.008371500 kkt_assembly_s=0.001366900 factor_s=0.038106200 solve_s=0.011706300 update_s=0.001569000 K_nnz=96025 rhs_cols=1 Vxx_nnz=62001
FILTERDDP_TIMING iteration=14 barrier_iteration=1 stage=5 derivative_s=0.003293900 first_order_s=0.001692800 second_order_s=0.001293100 algebra_s=0.010661100 kkt_assembly_s=0.001023500 factor_s=0.036574700 solve_s=0.013207600 update_s=0.001533700 K_nnz=96025 rhs_cols=1 Vxx_nnz=62001
FILTERDDP_TIMING iteration=14 barrier_iteration=1 stage=4 derivative_s=0.003251700 first_order_s=0.001656200 second_order_s=0.001325300 algebra_s=0.010662700 kkt_assembly_s=0.000809900 factor_s=0.060854500 solve_s=0.011419000 update_s=0.001673200 K_nnz=96025 rhs_cols=1 Vxx_nnz=62001
FILTERDDP_TIMING iteration=14 barrier_iteration=1 stage=3 derivative_s=0.003398500 first_order_s=0.001749300 second_order_s=0.001398800 algebra_s=0.009359300 kkt_assembly_s=0.000724300 factor_s=0.020571200 solve_s=0.012310500 update_s=0.001554200 K_nnz=96025 rhs_cols=1 Vxx_nnz=62001
FILTERDDP_TIMING iteration=14 barrier_iteration=1 stage=2 derivative_s=0.003361600 first_order_s=0.001755200 second_order_s=0.001335500 algebra_s=0.009455000 kkt_assembly_s=0.000639700 factor_s=0.126274000 solve_s=0.012316000 update_s=0.001708600 K_nnz=96025 rhs_cols=1 Vxx_nnz=62001
FILTERDDP_TIMING iteration=14 barrier_iteration=1 stage=1 derivative_s=0.003534600 first_order_s=0.001764900 second_order_s=0.001517200 algebra_s=0.009609400 kkt_assembly_s=0.000617300 factor_s=0.020973100 solve_s=0.011792200 update_s=0.001622100 K_nnz=96025 rhs_cols=1 Vxx_nnz=62001
FILTERDDP_FEASIBILITY iteration=14 barrier_iteration=1 equality_count=62016 equality_rms=2.811770792329e-03 equality_max=4.424091975605e-02 equality_worst_stage=1 equality_worst_index=7576 dynamics_count=1245 dynamics_rms=0.000000000000e+00 dynamics_max=0.000000000000e+00 dynamics_worst_stage=0 dynamics_worst_index=0 bound_count=69486 bound_rms=0.000000000000e+00 bound_max=0.000000000000e+00 bound_worst_stage=0 bound_worst_index=0 bound_worst_kind=none
    14   1.19781480e+04   4.4241e-02   7.1857e+00   9.9900e-01   -0.70      -     5.0000e-01   0
FILTERDDP_ITER_TIMING iteration=14 barrier_iteration=1 backward_s=0.485470400 forward_s=0.049469100 total_s=0.534939500 outcome=accepted step_size=5.000000000e-01 backtracks=0 mu=2.000000000e-01
FILTERDDP_TIMING iteration=15 barrier_iteration=1 stage=6 derivative_s=0.003576000 first_order_s=0.001657200 second_order_s=0.001659700 algebra_s=0.011225600 kkt_assembly_s=0.002462200 factor_s=0.038076500 solve_s=0.013406300 update_s=0.002502100 K_nnz=96025 rhs_cols=1 Vxx_nnz=62001
FILTERDDP_TIMING iteration=15 barrier_iteration=1 stage=5 derivative_s=0.005952000 first_order_s=0.002825800 second_order_s=0.002880300 algebra_s=0.011576700 kkt_assembly_s=0.000790400 factor_s=0.022926300 solve_s=0.013627300 update_s=0.002706200 K_nnz=96025 rhs_cols=1 Vxx_nnz=62001
FILTERDDP_TIMING iteration=15 barrier_iteration=1 stage=4 derivative_s=0.005964000 first_order_s=0.002462900 second_order_s=0.003236000 algebra_s=0.010285100 kkt_assembly_s=0.000750300 factor_s=0.037117000 solve_s=0.011456100 update_s=0.001653200 K_nnz=96025 rhs_cols=1 Vxx_nnz=62001
FILTERDDP_TIMING iteration=15 barrier_iteration=1 stage=3 derivative_s=0.003334800 first_order_s=0.001803600 second_order_s=0.001283800 algebra_s=0.009572300 kkt_assembly_s=0.000564400 factor_s=0.020990800 solve_s=0.012143600 update_s=0.001569900 K_nnz=96025 rhs_cols=1 Vxx_nnz=62001
FILTERDDP_TIMING iteration=15 barrier_iteration=1 stage=2 derivative_s=0.003342900 first_order_s=0.001707800 second_order_s=0.001370000 algebra_s=0.009744600 kkt_assembly_s=0.001292700 factor_s=0.021040700 solve_s=0.012349500 update_s=0.002033800 K_nnz=96025 rhs_cols=1 Vxx_nnz=62001
FILTERDDP_TIMING iteration=15 barrier_iteration=1 stage=1 derivative_s=0.003237800 first_order_s=0.001681500 second_order_s=0.001282100 algebra_s=0.011106300 kkt_assembly_s=0.000808200 factor_s=0.060746600 solve_s=0.012044700 update_s=0.001725100 K_nnz=96025 rhs_cols=1 Vxx_nnz=62001
FILTERDDP_FEASIBILITY iteration=15 barrier_iteration=1 equality_count=62016 equality_rms=1.415571771788e-03 equality_max=2.237229145656e-02 equality_worst_stage=1 equality_worst_index=7568 dynamics_count=1245 dynamics_rms=0.000000000000e+00 dynamics_max=0.000000000000e+00 dynamics_worst_stage=0 dynamics_worst_index=0 bound_count=69486 bound_rms=0.000000000000e+00 bound_max=0.000000000000e+00 bound_worst_stage=0 bound_worst_index=0 bound_worst_kind=none
    15   1.19236682e+04   2.2372e-02   6.4779e+00   6.3036e-01   -0.70      -     5.0000e-01   0
FILTERDDP_ITER_TIMING iteration=15 barrier_iteration=1 backward_s=0.384731300 forward_s=0.046649100 total_s=0.431380400 outcome=accepted step_size=5.000000000e-01 backtracks=0 mu=2.000000000e-01
FILTERDDP_TIMING iteration=16 barrier_iteration=1 stage=6 derivative_s=0.003480100 first_order_s=0.001636800 second_order_s=0.001608200 algebra_s=0.009598000 kkt_assembly_s=0.001363900 factor_s=0.039901500 solve_s=0.012461900 update_s=0.001709200 K_nnz=96025 rhs_cols=1 Vxx_nnz=62001
FILTERDDP_TIMING iteration=16 barrier_iteration=1 stage=5 derivative_s=0.003224600 first_order_s=0.001699800 second_order_s=0.001280800 algebra_s=0.012579300 kkt_assembly_s=0.001749800 factor_s=0.134808600 solve_s=0.012092800 update_s=0.001664500 K_nnz=96025 rhs_cols=1 Vxx_nnz=62001
FILTERDDP_TIMING iteration=16 barrier_iteration=1 stage=4 derivative_s=0.003558300 first_order_s=0.001905500 second_order_s=0.001406700 algebra_s=0.008793100 kkt_assembly_s=0.000966900 factor_s=0.021012600 solve_s=0.017287600 update_s=0.002152800 K_nnz=96025 rhs_cols=1 Vxx_nnz=62001
FILTERDDP_TIMING iteration=16 barrier_iteration=1 stage=3 derivative_s=0.005072300 first_order_s=0.002940000 second_order_s=0.001663200 algebra_s=0.013970200 kkt_assembly_s=0.001301900 factor_s=0.031087900 solve_s=0.011190900 update_s=0.000933500 K_nnz=96025 rhs_cols=1 Vxx_nnz=62001
FILTERDDP_TIMING iteration=16 barrier_iteration=1 stage=2 derivative_s=0.001239300 first_order_s=0.000642000 second_order_s=0.000494100 algebra_s=0.005615100 kkt_assembly_s=0.000827700 factor_s=0.023997900 solve_s=0.012645900 update_s=0.001464300 K_nnz=96025 rhs_cols=1 Vxx_nnz=62001
FILTERDDP_TIMING iteration=16 barrier_iteration=1 stage=1 derivative_s=0.002684300 first_order_s=0.001222200 second_order_s=0.001332700 algebra_s=0.011062800 kkt_assembly_s=0.000825500 factor_s=0.051052000 solve_s=0.014488300 update_s=0.003012500 K_nnz=96025 rhs_cols=1 Vxx_nnz=62001
FILTERDDP_FEASIBILITY iteration=16 barrier_iteration=1 equality_count=62016 equality_rms=7.190806768854e-04 equality_max=1.184928761891e-02 equality_worst_stage=2 equality_worst_index=7568 dynamics_count=1245 dynamics_rms=0.000000000000e+00 dynamics_max=0.000000000000e+00 dynamics_worst_stage=0 dynamics_worst_index=0 bound_count=69486 bound_rms=0.000000000000e+00 bound_max=0.000000000000e+00 bound_worst_stage=0 bound_worst_index=0 bound_worst_kind=none
    16   1.18422322e+04   1.1849e-02   4.0870e+00   4.3346e-01   -0.70      -     5.0000e-01   0
FILTERDDP_ITER_TIMING iteration=16 barrier_iteration=1 backward_s=0.481734700 forward_s=0.060131300 total_s=0.541866000 outcome=accepted step_size=5.000000000e-01 backtracks=0 mu=2.000000000e-01
FILTERDDP_TIMING iteration=17 barrier_iteration=1 stage=6 derivative_s=0.008762600 first_order_s=0.003367200 second_order_s=0.005130100 algebra_s=0.020310200 kkt_assembly_s=0.002242100 factor_s=0.028922800 solve_s=0.012229900 update_s=0.002788400 K_nnz=96025 rhs_cols=1 Vxx_nnz=62001
FILTERDDP_TIMING iteration=17 barrier_iteration=1 stage=5 derivative_s=0.006525200 first_order_s=0.002886900 second_order_s=0.003254200 algebra_s=0.013451400 kkt_assembly_s=0.002227800 factor_s=0.037492200 solve_s=0.013675900 update_s=0.002973200 K_nnz=96025 rhs_cols=1 Vxx_nnz=62001
FILTERDDP_TIMING iteration=17 barrier_iteration=1 stage=4 derivative_s=0.006634100 first_order_s=0.002848300 second_order_s=0.003396700 algebra_s=0.017626300 kkt_assembly_s=0.042910600 factor_s=0.020881400 solve_s=0.011543700 update_s=0.001794100 K_nnz=96025 rhs_cols=1 Vxx_nnz=62001
FILTERDDP_TIMING iteration=17 barrier_iteration=1 stage=3 derivative_s=0.003268300 first_order_s=0.001704900 second_order_s=0.001317100 algebra_s=0.010351700 kkt_assembly_s=0.001188300 factor_s=0.041026000 solve_s=0.012390800 update_s=0.001784000 K_nnz=96025 rhs_cols=1 Vxx_nnz=62001
FILTERDDP_TIMING iteration=17 barrier_iteration=1 stage=2 derivative_s=0.003342200 first_order_s=0.001736200 second_order_s=0.001358400 algebra_s=0.009602100 kkt_assembly_s=0.000608500 factor_s=0.023568300 solve_s=0.127938800 update_s=0.001598300 K_nnz=96025 rhs_cols=1 Vxx_nnz=62001
FILTERDDP_TIMING iteration=17 barrier_iteration=1 stage=1 derivative_s=0.003813400 first_order_s=0.001589700 second_order_s=0.002076400 algebra_s=0.008386200 kkt_assembly_s=0.000875400 factor_s=0.021686300 solve_s=0.012731400 update_s=0.001625200 K_nnz=96025 rhs_cols=1 Vxx_nnz=62001
FILTERDDP_FEASIBILITY iteration=17 barrier_iteration=1 equality_count=62016 equality_rms=3.774412087679e-04 equality_max=6.938985836062e-03 equality_worst_stage=2 equality_worst_index=7568 dynamics_count=1245 dynamics_rms=0.000000000000e+00 dynamics_max=0.000000000000e+00 dynamics_worst_stage=0 dynamics_worst_index=0 bound_count=69486 bound_rms=0.000000000000e+00 bound_max=0.000000000000e+00 bound_worst_stage=0 bound_worst_index=0 bound_worst_kind=none
    17   1.17489466e+04   6.9390e-03   6.2936e+00   3.2404e-01   -0.70      -     5.0000e-01   0
FILTERDDP_ITER_TIMING iteration=17 barrier_iteration=1 backward_s=0.539901600 forward_s=0.050787100 total_s=0.590688700 outcome=accepted step_size=5.000000000e-01 backtracks=0 mu=2.000000000e-01
FILTERDDP_TIMING iteration=18 barrier_iteration=1 stage=6 derivative_s=0.005762000 first_order_s=0.002443900 second_order_s=0.003173300 algebra_s=0.013657200 kkt_assembly_s=0.001576400 factor_s=0.028859400 solve_s=0.013960200 update_s=0.002768600 K_nnz=96025 rhs_cols=1 Vxx_nnz=62001
FILTERDDP_TIMING iteration=18 barrier_iteration=1 stage=5 derivative_s=0.005863400 first_order_s=0.002652800 second_order_s=0.002953900 algebra_s=0.010525400 kkt_assembly_s=0.001057200 factor_s=0.023132500 solve_s=0.012119400 update_s=0.001499600 K_nnz=96025 rhs_cols=1 Vxx_nnz=62001
FILTERDDP_TIMING iteration=18 barrier_iteration=1 stage=4 derivative_s=0.006012500 first_order_s=0.002506500 second_order_s=0.003307200 algebra_s=0.011033600 kkt_assembly_s=0.000783800 factor_s=0.038695700 solve_s=0.012371800 update_s=0.001981600 K_nnz=96025 rhs_cols=1 Vxx_nnz=62001
FILTERDDP_TIMING iteration=18 barrier_iteration=1 stage=3 derivative_s=0.003163200 first_order_s=0.001645000 second_order_s=0.001287500 algebra_s=0.009980900 kkt_assembly_s=0.001393100 factor_s=0.021013400 solve_s=0.011657800 update_s=0.001653700 K_nnz=96025 rhs_cols=1 Vxx_nnz=62001
FILTERDDP_TIMING iteration=18 barrier_iteration=1 stage=2 derivative_s=0.003311900 first_order_s=0.001707200 second_order_s=0.001359200 algebra_s=0.011012400 kkt_assembly_s=0.001880900 factor_s=0.055671400 solve_s=0.012642000 update_s=0.001605800 K_nnz=96025 rhs_cols=1 Vxx_nnz=62001
FILTERDDP_TIMING iteration=18 barrier_iteration=1 stage=1 derivative_s=0.002461600 first_order_s=0.001206800 second_order_s=0.001066900 algebra_s=0.010412300 kkt_assembly_s=0.001379700 factor_s=0.022380100 solve_s=0.058900600 update_s=0.001563200 K_nnz=96025 rhs_cols=1 Vxx_nnz=62001
FILTERDDP_FEASIBILITY iteration=18 barrier_iteration=1 equality_count=62016 equality_rms=2.092354586007e-04 equality_max=5.248526839630e-03 equality_worst_stage=6 equality_worst_index=9917 dynamics_count=1245 dynamics_rms=0.000000000000e+00 dynamics_max=0.000000000000e+00 dynamics_worst_stage=0 dynamics_worst_index=0 bound_count=69486 bound_rms=0.000000000000e+00 bound_max=0.000000000000e+00 bound_worst_stage=0 bound_worst_index=0 bound_worst_kind=none
    18   1.16662107e+04   5.2485e-03   8.3665e+00   2.6447e-01   -0.70      -     5.0000e-01   0
FILTERDDP_ITER_TIMING iteration=18 barrier_iteration=1 backward_s=0.424993500 forward_s=0.045485700 total_s=0.470479200 outcome=accepted step_size=5.000000000e-01 backtracks=0 mu=2.000000000e-01
FILTERDDP_TIMING iteration=19 barrier_iteration=1 stage=6 derivative_s=0.003702600 first_order_s=0.001717700 second_order_s=0.001749800 algebra_s=0.011265400 kkt_assembly_s=0.001463300 factor_s=0.043025100 solve_s=0.012856600 update_s=0.001716200 K_nnz=96025 rhs_cols=1 Vxx_nnz=62001
FILTERDDP_TIMING iteration=19 barrier_iteration=1 stage=5 derivative_s=0.003735300 first_order_s=0.002117400 second_order_s=0.001371300 algebra_s=0.012578900 kkt_assembly_s=0.001463100 factor_s=0.040185700 solve_s=0.013459900 update_s=0.002354000 K_nnz=96025 rhs_cols=1 Vxx_nnz=62001
FILTERDDP_TIMING iteration=19 barrier_iteration=1 stage=4 derivative_s=0.005784600 first_order_s=0.002728100 second_order_s=0.002791300 algebra_s=0.105059200 kkt_assembly_s=0.001490600 factor_s=0.020728300 solve_s=0.012541700 update_s=0.001587500 K_nnz=96025 rhs_cols=1 Vxx_nnz=62001
FILTERDDP_TIMING iteration=19 barrier_iteration=1 stage=3 derivative_s=0.003244000 first_order_s=0.001675900 second_order_s=0.001323300 algebra_s=0.010889800 kkt_assembly_s=0.000660800 factor_s=0.024785500 solve_s=0.020454900 update_s=0.001607500 K_nnz=96025 rhs_cols=1 Vxx_nnz=62001
FILTERDDP_TIMING iteration=19 barrier_iteration=1 stage=2 derivative_s=0.003498600 first_order_s=0.001718500 second_order_s=0.001478600 algebra_s=0.009994400 kkt_assembly_s=0.000807800 factor_s=0.029466200 solve_s=0.012252500 update_s=0.001658300 K_nnz=96025 rhs_cols=1 Vxx_nnz=62001
FILTERDDP_TIMING iteration=19 barrier_iteration=1 stage=1 derivative_s=0.005846300 first_order_s=0.002683400 second_order_s=0.002899300 algebra_s=0.019864400 kkt_assembly_s=0.002204900 factor_s=0.036732400 solve_s=0.013745000 update_s=0.001735700 K_nnz=96025 rhs_cols=1 Vxx_nnz=62001
FILTERDDP_FEASIBILITY iteration=19 barrier_iteration=1 equality_count=62016 equality_rms=1.197641839744e-04 equality_max=4.684561553631e-03 equality_worst_stage=6 equality_worst_index=9917 dynamics_count=1245 dynamics_rms=0.000000000000e+00 dynamics_max=0.000000000000e+00 dynamics_worst_stage=0 dynamics_worst_index=0 bound_count=69486 bound_rms=0.000000000000e+00 bound_max=0.000000000000e+00 bound_worst_stage=0 bound_worst_index=0 bound_worst_kind=none
    19   1.16083049e+04   4.6846e-03   8.2315e+00   2.3298e-01   -0.70      -     5.0000e-01   0
FILTERDDP_ITER_TIMING iteration=19 barrier_iteration=1 backward_s=0.495436000 forward_s=0.064962600 total_s=0.560398600 outcome=accepted step_size=5.000000000e-01 backtracks=0 mu=2.000000000e-01
FILTERDDP_TIMING iteration=20 barrier_iteration=1 stage=6 derivative_s=0.004498800 first_order_s=0.002452400 second_order_s=0.001670200 algebra_s=0.008496000 kkt_assembly_s=0.000582900 factor_s=0.020262900 solve_s=0.012312200 update_s=0.001682100 K_nnz=96025 rhs_cols=1 Vxx_nnz=62001
FILTERDDP_TIMING iteration=20 barrier_iteration=1 stage=5 derivative_s=0.003320800 first_order_s=0.001754900 second_order_s=0.001321300 algebra_s=0.012002500 kkt_assembly_s=0.000620600 factor_s=0.020948200 solve_s=0.011900100 update_s=0.001595600 K_nnz=96025 rhs_cols=1 Vxx_nnz=62001
FILTERDDP_TIMING iteration=20 barrier_iteration=1 stage=4 derivative_s=0.003246900 first_order_s=0.001698700 second_order_s=0.001304500 algebra_s=0.009900900 kkt_assembly_s=0.001022900 factor_s=0.021179100 solve_s=0.059264900 update_s=0.001543200 K_nnz=96025 rhs_cols=1 Vxx_nnz=62001
FILTERDDP_TIMING iteration=20 barrier_iteration=1 stage=3 derivative_s=0.003592600 first_order_s=0.001886700 second_order_s=0.001458500 algebra_s=0.010346600 kkt_assembly_s=0.000636900 factor_s=0.021221000 solve_s=0.012553600 update_s=0.001570700 K_nnz=96025 rhs_cols=1 Vxx_nnz=62001
FILTERDDP_TIMING iteration=20 barrier_iteration=1 stage=2 derivative_s=0.003250600 first_order_s=0.001687100 second_order_s=0.001316600 algebra_s=0.009654900 kkt_assembly_s=0.000588100 factor_s=0.021156900 solve_s=0.011976900 update_s=0.001601100 K_nnz=96025 rhs_cols=1 Vxx_nnz=62001
FILTERDDP_TIMING iteration=20 barrier_iteration=1 stage=1 derivative_s=0.003248700 first_order_s=0.001681100 second_order_s=0.001325300 algebra_s=0.011702900 kkt_assembly_s=0.001330500 factor_s=0.129435900 solve_s=0.012536300 update_s=0.001771700 K_nnz=96025 rhs_cols=1 Vxx_nnz=62001
FILTERDDP_FEASIBILITY iteration=20 barrier_iteration=1 equality_count=62016 equality_rms=6.724560846367e-05 equality_max=3.306202870967e-03 equality_worst_stage=6 equality_worst_index=9917 dynamics_count=1245 dynamics_rms=0.000000000000e+00 dynamics_max=0.000000000000e+00 dynamics_worst_stage=0 dynamics_worst_index=0 bound_count=69486 bound_rms=0.000000000000e+00 bound_max=0.000000000000e+00 bound_worst_stage=0 bound_worst_index=0 bound_worst_kind=none
  iter     objective        pr_inf       du_inf       cs_inf     lg(μ)   lg(reg)    alpha     ls
    20   1.15735632e+04   3.3062e-03   5.8962e+00   2.1670e-01   -0.70      -     5.0000e-01   0
FILTERDDP_ITER_TIMING iteration=20 barrier_iteration=1 backward_s=0.453609600 forward_s=0.040690900 total_s=0.494300500 outcome=accepted step_size=5.000000000e-01 backtracks=0 mu=2.000000000e-01
FILTERDDP_TIMING iteration=21 barrier_iteration=1 stage=6 derivative_s=0.003654700 first_order_s=0.001711600 second_order_s=0.001708100 algebra_s=0.009973200 kkt_assembly_s=0.001036600 factor_s=0.027996700 solve_s=0.011752300 update_s=0.001720600 K_nnz=96025 rhs_cols=1 Vxx_nnz=62001
FILTERDDP_TIMING iteration=21 barrier_iteration=1 stage=5 derivative_s=0.003950000 first_order_s=0.002004700 second_order_s=0.001694900 algebra_s=0.010688300 kkt_assembly_s=0.000684700 factor_s=0.020230000 solve_s=0.012632800 update_s=0.001770100 K_nnz=96025 rhs_cols=1 Vxx_nnz=62001
FILTERDDP_TIMING iteration=21 barrier_iteration=1 stage=4 derivative_s=0.005702400 first_order_s=0.002307600 second_order_s=0.003133800 algebra_s=0.010242700 kkt_assembly_s=0.000739800 factor_s=0.022488500 solve_s=0.013845500 update_s=0.002694100 K_nnz=96025 rhs_cols=1 Vxx_nnz=62001
FILTERDDP_TIMING iteration=21 barrier_iteration=1 stage=3 derivative_s=0.006239300 first_order_s=0.002495400 second_order_s=0.003615100 algebra_s=0.010234200 kkt_assembly_s=0.000837100 factor_s=0.034354100 solve_s=0.011966000 update_s=0.001742900 K_nnz=96025 rhs_cols=1 Vxx_nnz=62001
FILTERDDP_TIMING iteration=21 barrier_iteration=1 stage=2 derivative_s=0.003436200 first_order_s=0.001771100 second_order_s=0.001420500 algebra_s=0.009768900 kkt_assembly_s=0.000624800 factor_s=0.020802900 solve_s=0.012041500 update_s=0.001652900 K_nnz=96025 rhs_cols=1 Vxx_nnz=62001
FILTERDDP_TIMING iteration=21 barrier_iteration=1 stage=1 derivative_s=0.003334300 first_order_s=0.001813900 second_order_s=0.001270900 algebra_s=0.009711600 kkt_assembly_s=0.001308500 factor_s=0.020631200 solve_s=0.011550800 update_s=0.001714900 K_nnz=96025 rhs_cols=1 Vxx_nnz=62001
FILTERDDP_FEASIBILITY iteration=21 barrier_iteration=1 equality_count=62016 equality_rms=3.626245751429e-05 equality_max=1.994256432063e-03 equality_worst_stage=6 equality_worst_index=9917 dynamics_count=1245 dynamics_rms=0.000000000000e+00 dynamics_max=0.000000000000e+00 dynamics_worst_stage=0 dynamics_worst_index=0 bound_count=69486 bound_rms=0.000000000000e+00 bound_max=0.000000000000e+00 bound_worst_stage=0 bound_worst_index=0 bound_worst_kind=none
    21   1.15545259e+04   1.9943e-03   3.4823e+00   2.0841e-01   -0.70      -     5.0000e-01   0
FILTERDDP_ITER_TIMING iteration=21 barrier_iteration=1 backward_s=0.324685600 forward_s=0.048136800 total_s=0.372822400 outcome=accepted step_size=5.000000000e-01 backtracks=0 mu=2.000000000e-01
FILTERDDP_TIMING iteration=22 barrier_iteration=1 stage=6 derivative_s=0.003559600 first_order_s=0.001692900 second_order_s=0.001611300 algebra_s=0.056637300 kkt_assembly_s=0.001377500 factor_s=0.035573800 solve_s=0.012608600 update_s=0.001551500 K_nnz=96025 rhs_cols=1 Vxx_nnz=62001
FILTERDDP_TIMING iteration=22 barrier_iteration=1 stage=5 derivative_s=0.003360200 first_order_s=0.001713100 second_order_s=0.001402200 algebra_s=0.009974000 kkt_assembly_s=0.001308100 factor_s=0.021023300 solve_s=0.012169500 update_s=0.001450900 K_nnz=96025 rhs_cols=1 Vxx_nnz=62001
FILTERDDP_TIMING iteration=22 barrier_iteration=1 stage=4 derivative_s=0.003298200 first_order_s=0.001713900 second_order_s=0.001293400 algebra_s=0.009388400 kkt_assembly_s=0.000739700 factor_s=0.019872000 solve_s=0.116315300 update_s=0.001445200 K_nnz=96025 rhs_cols=1 Vxx_nnz=62001
FILTERDDP_TIMING iteration=22 barrier_iteration=1 stage=3 derivative_s=0.003536100 first_order_s=0.001750700 second_order_s=0.001539000 algebra_s=0.009157200 kkt_assembly_s=0.000609100 factor_s=0.020933300 solve_s=0.012376700 update_s=0.000983900 K_nnz=96025 rhs_cols=1 Vxx_nnz=62001
FILTERDDP_TIMING iteration=22 barrier_iteration=1 stage=2 derivative_s=0.001879900 first_order_s=0.000971500 second_order_s=0.000750700 algebra_s=0.006572900 kkt_assembly_s=0.000818500 factor_s=0.030393600 solve_s=0.012051900 update_s=0.001077100 K_nnz=96025 rhs_cols=1 Vxx_nnz=62001
FILTERDDP_TIMING iteration=22 barrier_iteration=1 stage=1 derivative_s=0.003225800 first_order_s=0.001704400 second_order_s=0.001272800 algebra_s=0.006252700 kkt_assembly_s=0.000645500 factor_s=0.021764600 solve_s=0.012427500 update_s=0.001005900 K_nnz=96025 rhs_cols=1 Vxx_nnz=62001
FILTERDDP_FEASIBILITY iteration=22 barrier_iteration=1 equality_count=62016 equality_rms=1.891854295946e-05 equality_max=1.098519339706e-03 equality_worst_stage=6 equality_worst_index=9917 dynamics_count=1245 dynamics_rms=0.000000000000e+00 dynamics_max=0.000000000000e+00 dynamics_worst_stage=0 dynamics_worst_index=0 bound_count=69486 bound_rms=0.000000000000e+00 bound_max=0.000000000000e+00 bound_worst_stage=0 bound_worst_index=0 bound_worst_kind=none
FILTERDDP_ITER_TIMING iteration=22 barrier_iteration=1 backward_s=0.458187800 forward_s=0.000000000 total_s=0.458187800 outcome=barrier_update step_size=5.000000000e-01 backtracks=0 mu=2.000000000e-01
FILTERDDP_TIMING iteration=22 barrier_iteration=2 stage=6 derivative_s=0.002295400 first_order_s=0.000889700 second_order_s=0.001307000 algebra_s=0.011235400 kkt_assembly_s=0.000829600 factor_s=0.023177000 solve_s=0.013493300 update_s=0.002717800 K_nnz=96025 rhs_cols=1 Vxx_nnz=62001
FILTERDDP_TIMING iteration=22 barrier_iteration=2 stage=5 derivative_s=0.002908500 first_order_s=0.001268500 second_order_s=0.001510800 algebra_s=0.014949100 kkt_assembly_s=0.000856500 factor_s=0.036478700 solve_s=0.012261700 update_s=0.001592600 K_nnz=96025 rhs_cols=1 Vxx_nnz=62001
FILTERDDP_TIMING iteration=22 barrier_iteration=2 stage=4 derivative_s=0.003164100 first_order_s=0.001684000 second_order_s=0.001232500 algebra_s=0.011941600 kkt_assembly_s=0.001787900 factor_s=0.027677900 solve_s=0.012304300 update_s=0.001315400 K_nnz=96025 rhs_cols=1 Vxx_nnz=62001
FILTERDDP_TIMING iteration=22 barrier_iteration=2 stage=3 derivative_s=0.001454000 first_order_s=0.000741000 second_order_s=0.000596400 algebra_s=0.005617500 kkt_assembly_s=0.000705600 factor_s=0.022151900 solve_s=0.012462400 update_s=0.001600800 K_nnz=96025 rhs_cols=1 Vxx_nnz=62001
FILTERDDP_TIMING iteration=22 barrier_iteration=2 stage=2 derivative_s=0.003367500 first_order_s=0.001824600 second_order_s=0.001294800 algebra_s=0.010709900 kkt_assembly_s=0.001302100 factor_s=0.032590300 solve_s=0.062014100 update_s=0.001385700 K_nnz=96025 rhs_cols=1 Vxx_nnz=62001
FILTERDDP_TIMING iteration=22 barrier_iteration=2 stage=1 derivative_s=0.003408600 first_order_s=0.001750700 second_order_s=0.001409800 algebra_s=0.009311900 kkt_assembly_s=0.000850300 factor_s=0.021175400 solve_s=0.012356100 update_s=0.001673100 K_nnz=96025 rhs_cols=1 Vxx_nnz=62001
FILTERDDP_FEASIBILITY iteration=22 barrier_iteration=2 equality_count=62016 equality_rms=1.891854295946e-05 equality_max=1.098519339706e-03 equality_worst_stage=6 equality_worst_index=9917 dynamics_count=1245 dynamics_rms=0.000000000000e+00 dynamics_max=0.000000000000e+00 dynamics_worst_stage=0 dynamics_worst_index=0 bound_count=69486 bound_rms=0.000000000000e+00 bound_max=0.000000000000e+00 bound_worst_stage=0 bound_worst_index=0 bound_worst_kind=none
    22   1.15446040e+04   1.0985e-03   1.8551e+00   2.0422e-01   -1.40      -     5.0000e-01   0
FILTERDDP_ITER_TIMING iteration=22 barrier_iteration=2 backward_s=0.385972100 forward_s=0.044351000 total_s=0.430323100 outcome=accepted step_size=5.000000000e-01 backtracks=0 mu=4.000000000e-02
FILTERDDP_TIMING iteration=23 barrier_iteration=2 stage=6 derivative_s=0.002204500 first_order_s=0.000849500 second_order_s=0.001220500 algebra_s=0.007376300 kkt_assembly_s=0.001327600 factor_s=0.021133800 solve_s=0.013183000 update_s=0.002103600 K_nnz=96025 rhs_cols=1 Vxx_nnz=62001
FILTERDDP_TIMING iteration=23 barrier_iteration=2 stage=5 derivative_s=0.005775800 first_order_s=0.002390600 second_order_s=0.003192000 algebra_s=0.102650500 kkt_assembly_s=0.000602200 factor_s=0.021170700 solve_s=0.012890200 update_s=0.001504700 K_nnz=96025 rhs_cols=1 Vxx_nnz=62001
FILTERDDP_TIMING iteration=23 barrier_iteration=2 stage=4 derivative_s=0.002362300 first_order_s=0.001223600 second_order_s=0.000957800 algebra_s=0.009507200 kkt_assembly_s=0.001463000 factor_s=0.021424800 solve_s=0.013204900 update_s=0.001661000 K_nnz=96025 rhs_cols=1 Vxx_nnz=62001
FILTERDDP_TIMING iteration=23 barrier_iteration=2 stage=3 derivative_s=0.003319600 first_order_s=0.001807100 second_order_s=0.001265000 algebra_s=0.009406500 kkt_assembly_s=0.001310800 factor_s=0.026781200 solve_s=0.012282400 update_s=0.001523300 K_nnz=96025 rhs_cols=1 Vxx_nnz=62001
FILTERDDP_TIMING iteration=23 barrier_iteration=2 stage=2 derivative_s=0.003500500 first_order_s=0.001809000 second_order_s=0.001441000 algebra_s=0.012614300 kkt_assembly_s=0.001713900 factor_s=0.032615200 solve_s=0.024801900 update_s=0.002681200 K_nnz=96025 rhs_cols=1 Vxx_nnz=62001
FILTERDDP_TIMING iteration=23 barrier_iteration=2 stage=1 derivative_s=0.006450400 first_order_s=0.002846600 second_order_s=0.003340900 algebra_s=0.015077700 kkt_assembly_s=0.000819400 factor_s=0.054709400 solve_s=0.013873500 update_s=0.001743500 K_nnz=96025 rhs_cols=1 Vxx_nnz=62001
FILTERDDP_FEASIBILITY iteration=23 barrier_iteration=2 equality_count=62016 equality_rms=2.543246249050e-04 equality_max=9.447707675296e-03 equality_worst_stage=2 equality_worst_index=7582 dynamics_count=1245 dynamics_rms=0.000000000000e+00 dynamics_max=0.000000000000e+00 dynamics_worst_stage=0 dynamics_worst_index=0 bound_count=69486 bound_rms=0.000000000000e+00 bound_max=0.000000000000e+00 bound_worst_stage=0 bound_worst_index=0 bound_worst_kind=none
    23   1.13595069e+04   9.4477e-03   3.3395e+01   1.3028e-01   -1.40      -     5.0000e-01   0
FILTERDDP_ITER_TIMING iteration=23 barrier_iteration=2 backward_s=0.467693000 forward_s=0.064380600 total_s=0.532073600 outcome=accepted step_size=2.500000000e-01 backtracks=0 mu=4.000000000e-02
FILTERDDP_TIMING iteration=24 barrier_iteration=2 stage=6 derivative_s=0.003765500 first_order_s=0.001719400 second_order_s=0.001820900 algebra_s=0.009724800 kkt_assembly_s=0.000789400 factor_s=0.032703700 solve_s=0.012782600 update_s=0.001819500 K_nnz=96025 rhs_cols=1 Vxx_nnz=62001
FILTERDDP_TIMING iteration=24 barrier_iteration=2 stage=5 derivative_s=0.004178200 first_order_s=0.002370700 second_order_s=0.001530000 algebra_s=0.012956000 kkt_assembly_s=0.002032000 factor_s=0.023946100 solve_s=0.012809100 update_s=0.001432400 K_nnz=96025 rhs_cols=1 Vxx_nnz=62001
FILTERDDP_TIMING iteration=24 barrier_iteration=2 stage=4 derivative_s=0.005058700 first_order_s=0.002374700 second_order_s=0.002476300 algebra_s=0.058760400 kkt_assembly_s=0.000645500 factor_s=0.021014500 solve_s=0.011866900 update_s=0.001798900 K_nnz=96025 rhs_cols=1 Vxx_nnz=62001
FILTERDDP_TIMING iteration=24 barrier_iteration=2 stage=3 derivative_s=0.003259600 first_order_s=0.001704500 second_order_s=0.001309300 algebra_s=0.009800900 kkt_assembly_s=0.001525600 factor_s=0.022688000 solve_s=0.012989800 update_s=0.001557600 K_nnz=96025 rhs_cols=1 Vxx_nnz=62001
FILTERDDP_TIMING iteration=24 barrier_iteration=2 stage=2 derivative_s=0.003722400 first_order_s=0.002048300 second_order_s=0.001426600 algebra_s=0.012829400 kkt_assembly_s=0.001231600 factor_s=0.022233600 solve_s=0.012470800 update_s=0.092347700 K_nnz=96025 rhs_cols=1 Vxx_nnz=62001
FILTERDDP_TIMING iteration=24 barrier_iteration=2 stage=1 derivative_s=0.003706900 first_order_s=0.002025700 second_order_s=0.001434000 algebra_s=0.009931800 kkt_assembly_s=0.000560800 factor_s=0.027646700 solve_s=0.011869700 update_s=0.001148300 K_nnz=96025 rhs_cols=1 Vxx_nnz=62001
FILTERDDP_FEASIBILITY iteration=24 barrier_iteration=2 equality_count=62016 equality_rms=3.278850340743e-04 equality_max=1.122714539353e-02 equality_worst_stage=3 equality_worst_index=7582 dynamics_count=1245 dynamics_rms=0.000000000000e+00 dynamics_max=0.000000000000e+00 dynamics_worst_stage=0 dynamics_worst_index=0 bound_count=69486 bound_rms=0.000000000000e+00 bound_max=0.000000000000e+00 bound_worst_stage=0 bound_worst_index=0 bound_worst_kind=none
    24   1.12445067e+04   1.1227e-02   6.0649e+01   1.0860e-01   -1.40      -     2.5000e-01   0
FILTERDDP_ITER_TIMING iteration=24 barrier_iteration=2 backward_s=0.470539600 forward_s=0.067921200 total_s=0.538460800 outcome=accepted step_size=2.500000000e-01 backtracks=0 mu=4.000000000e-02
FILTERDDP_TIMING iteration=25 barrier_iteration=2 stage=6 derivative_s=0.002401800 first_order_s=0.001123500 second_order_s=0.001119600 algebra_s=0.012428800 kkt_assembly_s=0.001433500 factor_s=0.038529100 solve_s=0.012254600 update_s=0.001659200 K_nnz=96025 rhs_cols=1 Vxx_nnz=62001
FILTERDDP_TIMING iteration=25 barrier_iteration=2 stage=5 derivative_s=0.003296000 first_order_s=0.001729400 second_order_s=0.001320300 algebra_s=0.011399100 kkt_assembly_s=0.000888600 factor_s=0.022641900 solve_s=0.013197200 update_s=0.002581600 K_nnz=96025 rhs_cols=1 Vxx_nnz=62001
FILTERDDP_TIMING iteration=25 barrier_iteration=2 stage=4 derivative_s=0.005942100 first_order_s=0.002735600 second_order_s=0.002945700 algebra_s=0.010994100 kkt_assembly_s=0.000824000 factor_s=0.036797300 solve_s=0.011961800 update_s=0.001579300 K_nnz=96025 rhs_cols=1 Vxx_nnz=62001
FILTERDDP_TIMING iteration=25 barrier_iteration=2 stage=3 derivative_s=0.003422900 first_order_s=0.001794200 second_order_s=0.001338500 algebra_s=0.010598300 kkt_assembly_s=0.000618600 factor_s=0.020346100 solve_s=0.011947500 update_s=0.001612500 K_nnz=96025 rhs_cols=1 Vxx_nnz=62001
FILTERDDP_TIMING iteration=25 barrier_iteration=2 stage=2 derivative_s=0.003528500 first_order_s=0.001754900 second_order_s=0.001527700 algebra_s=0.009828300 kkt_assembly_s=0.001160600 factor_s=0.019724900 solve_s=0.011918600 update_s=0.001696100 K_nnz=96025 rhs_cols=1 Vxx_nnz=62001
FILTERDDP_TIMING iteration=25 barrier_iteration=2 stage=1 derivative_s=0.003480100 first_order_s=0.001859200 second_order_s=0.001373600 algebra_s=0.009789200 kkt_assembly_s=0.000712300 factor_s=0.020962200 solve_s=0.011616900 update_s=0.001691400 K_nnz=96025 rhs_cols=1 Vxx_nnz=62001
FILTERDDP_FEASIBILITY iteration=25 barrier_iteration=2 equality_count=62016 equality_rms=4.250148204695e-04 equality_max=1.428080884468e-02 equality_worst_stage=3 equality_worst_index=7582 dynamics_count=1245 dynamics_rms=0.000000000000e+00 dynamics_max=0.000000000000e+00 dynamics_worst_stage=0 dynamics_worst_index=0 bound_count=69486 bound_rms=0.000000000000e+00 bound_max=0.000000000000e+00 bound_worst_stage=0 bound_worst_index=0 bound_worst_kind=none
    25   1.11264261e+04   1.4281e-02   9.8302e+01   9.2064e-02   -1.40      -     2.5000e-01   0
FILTERDDP_ITER_TIMING iteration=25 barrier_iteration=2 backward_s=0.336396600 forward_s=0.108963800 total_s=0.445360400 outcome=accepted step_size=2.500000000e-01 backtracks=0 mu=4.000000000e-02
FILTERDDP_TIMING iteration=26 barrier_iteration=2 stage=6 derivative_s=0.003801600 first_order_s=0.001699800 second_order_s=0.001863900 algebra_s=0.010876500 kkt_assembly_s=0.001255000 factor_s=0.035331800 solve_s=0.012861100 update_s=0.001681100 K_nnz=96025 rhs_cols=1 Vxx_nnz=62001
FILTERDDP_TIMING iteration=26 barrier_iteration=2 stage=5 derivative_s=0.001623000 first_order_s=0.000855400 second_order_s=0.000642900 algebra_s=0.005663900 kkt_assembly_s=0.000729500 factor_s=0.021674800 solve_s=0.011905300 update_s=0.001461800 K_nnz=96025 rhs_cols=1 Vxx_nnz=62001
FILTERDDP_TIMING iteration=26 barrier_iteration=2 stage=4 derivative_s=0.004356700 first_order_s=0.002068800 second_order_s=0.001828800 algebra_s=0.106559800 kkt_assembly_s=0.000593600 factor_s=0.020798700 solve_s=0.012251600 update_s=0.001647800 K_nnz=96025 rhs_cols=1 Vxx_nnz=62001
FILTERDDP_TIMING iteration=26 barrier_iteration=2 stage=3 derivative_s=0.001267100 first_order_s=0.000660500 second_order_s=0.000502800 algebra_s=0.008372100 kkt_assembly_s=0.000746300 factor_s=0.020774400 solve_s=0.011756300 update_s=0.001592400 K_nnz=96025 rhs_cols=1 Vxx_nnz=62001
FILTERDDP_TIMING iteration=26 barrier_iteration=2 stage=2 derivative_s=0.003647600 first_order_s=0.001897000 second_order_s=0.001465700 algebra_s=0.009104000 kkt_assembly_s=0.000543000 factor_s=0.020419800 solve_s=0.011723600 update_s=0.002089400 K_nnz=96025 rhs_cols=1 Vxx_nnz=62001
FILTERDDP_TIMING iteration=26 barrier_iteration=2 stage=1 derivative_s=0.005592200 first_order_s=0.002705000 second_order_s=0.002625100 algebra_s=0.010904500 kkt_assembly_s=0.000824100 factor_s=0.021749500 solve_s=0.013051600 update_s=0.002559500 K_nnz=96025 rhs_cols=1 Vxx_nnz=62001
FILTERDDP_FEASIBILITY iteration=26 barrier_iteration=2 equality_count=62016 equality_rms=5.336891137478e-04 equality_max=1.773350557171e-02 equality_worst_stage=3 equality_worst_index=7582 dynamics_count=1245 dynamics_rms=0.000000000000e+00 dynamics_max=0.000000000000e+00 dynamics_worst_stage=0 dynamics_worst_index=0 bound_count=69486 bound_rms=0.000000000000e+00 bound_max=0.000000000000e+00 bound_worst_stage=0 bound_worst_index=0 bound_worst_kind=none
    26   1.10102734e+04   1.7734e-02   1.5301e+02   7.9437e-02   -1.40      -     2.5000e-01   0
FILTERDDP_ITER_TIMING iteration=26 barrier_iteration=2 backward_s=0.402730200 forward_s=0.105609400 total_s=0.508339600 outcome=accepted step_size=2.500000000e-01 backtracks=0 mu=4.000000000e-02
FILTERDDP_TIMING iteration=27 barrier_iteration=2 stage=6 derivative_s=0.030256800 first_order_s=0.002482000 second_order_s=0.027590800 algebra_s=0.009787700 kkt_assembly_s=0.000706900 factor_s=0.020793400 solve_s=0.011792200 update_s=0.001578900 K_nnz=96025 rhs_cols=1 Vxx_nnz=62001
FILTERDDP_TIMING iteration=27 barrier_iteration=2 stage=5 derivative_s=0.003314200 first_order_s=0.001717600 second_order_s=0.001353200 algebra_s=0.009597200 kkt_assembly_s=0.000570300 factor_s=0.020059700 solve_s=0.012062700 update_s=0.001593800 K_nnz=96025 rhs_cols=1 Vxx_nnz=62001
FILTERDDP_TIMING iteration=27 barrier_iteration=2 stage=4 derivative_s=0.003176400 first_order_s=0.001663700 second_order_s=0.001269200 algebra_s=0.009627100 kkt_assembly_s=0.000598700 factor_s=0.020683000 solve_s=0.011997700 update_s=0.001521200 K_nnz=96025 rhs_cols=1 Vxx_nnz=62001
FILTERDDP_TIMING iteration=27 barrier_iteration=2 stage=3 derivative_s=0.003295800 first_order_s=0.001800200 second_order_s=0.001248900 algebra_s=0.009371200 kkt_assembly_s=0.000747600 factor_s=0.061155600 solve_s=0.012187100 update_s=0.001639600 K_nnz=96025 rhs_cols=1 Vxx_nnz=62001
FILTERDDP_TIMING iteration=27 barrier_iteration=2 stage=2 derivative_s=0.003409700 first_order_s=0.001761100 second_order_s=0.001403500 algebra_s=0.009528200 kkt_assembly_s=0.000660900 factor_s=0.020599400 solve_s=0.012259700 update_s=0.001821400 K_nnz=96025 rhs_cols=1 Vxx_nnz=62001
FILTERDDP_TIMING iteration=27 barrier_iteration=2 stage=1 derivative_s=0.003652900 first_order_s=0.001823000 second_order_s=0.001345600 algebra_s=0.010273000 kkt_assembly_s=0.001452500 factor_s=0.044041700 solve_s=0.012747000 update_s=0.001601100 K_nnz=96025 rhs_cols=1 Vxx_nnz=62001
FILTERDDP_FEASIBILITY iteration=27 barrier_iteration=2 equality_count=62016 equality_rms=6.185678454802e-04 equality_max=2.033989541453e-02 equality_worst_stage=3 equality_worst_index=7582 dynamics_count=1245 dynamics_rms=0.000000000000e+00 dynamics_max=0.000000000000e+00 dynamics_worst_stage=0 dynamics_worst_index=0 bound_count=69486 bound_rms=0.000000000000e+00 bound_max=0.000000000000e+00 bound_worst_stage=0 bound_worst_index=0 bound_worst_kind=none
    27   1.09031226e+04   2.0340e-02   2.3709e+02   6.9825e-02   -1.40      -     2.5000e-01   0
FILTERDDP_ITER_TIMING iteration=27 barrier_iteration=2 backward_s=0.381635200 forward_s=0.154169400 total_s=0.535804600 outcome=accepted step_size=2.500000000e-01 backtracks=0 mu=4.000000000e-02
FILTERDDP_TIMING iteration=28 barrier_iteration=2 stage=6 derivative_s=0.003219400 first_order_s=0.001573700 second_order_s=0.001441000 algebra_s=0.009890400 kkt_assembly_s=0.000565000 factor_s=0.020372100 solve_s=0.012235600 update_s=0.001437300 K_nnz=96025 rhs_cols=1 Vxx_nnz=62001
FILTERDDP_TIMING iteration=28 barrier_iteration=2 stage=5 derivative_s=0.003354000 first_order_s=0.001741100 second_order_s=0.001370000 algebra_s=0.010647000 kkt_assembly_s=0.001316200 factor_s=0.020820000 solve_s=0.012965300 update_s=0.001791300 K_nnz=96025 rhs_cols=1 Vxx_nnz=62001
FILTERDDP_TIMING iteration=28 barrier_iteration=2 stage=4 derivative_s=0.003354600 first_order_s=0.001783900 second_order_s=0.001325900 algebra_s=0.009963800 kkt_assembly_s=0.001912400 factor_s=0.021220700 solve_s=0.014484800 update_s=0.002326100 K_nnz=96025 rhs_cols=1 Vxx_nnz=62001
FILTERDDP_TIMING iteration=28 barrier_iteration=2 stage=3 derivative_s=0.005791900 first_order_s=0.002650300 second_order_s=0.002880200 algebra_s=0.010102100 kkt_assembly_s=0.000833900 factor_s=0.021920400 solve_s=0.013074700 update_s=0.002959400 K_nnz=96025 rhs_cols=1 Vxx_nnz=62001
FILTERDDP_TIMING iteration=28 barrier_iteration=2 stage=2 derivative_s=0.006067000 first_order_s=0.002557200 second_order_s=0.003270000 algebra_s=0.024145600 kkt_assembly_s=0.000616100 factor_s=0.020655500 solve_s=0.011840200 update_s=0.001519600 K_nnz=96025 rhs_cols=1 Vxx_nnz=62001
FILTERDDP_TIMING iteration=28 barrier_iteration=2 stage=1 derivative_s=0.003410600 first_order_s=0.001860400 second_order_s=0.001305600 algebra_s=0.009208500 kkt_assembly_s=0.000852300 factor_s=0.020488300 solve_s=0.012481700 update_s=0.001658900 K_nnz=96025 rhs_cols=1 Vxx_nnz=62001
FILTERDDP_FEASIBILITY iteration=28 barrier_iteration=2 equality_count=62016 equality_rms=5.395257270946e-04 equality_max=1.569739787810e-02 equality_worst_stage=3 equality_worst_index=7582 dynamics_count=1245 dynamics_rms=0.000000000000e+00 dynamics_max=0.000000000000e+00 dynamics_worst_stage=0 dynamics_worst_index=0 bound_count=69486 bound_rms=0.000000000000e+00 bound_max=0.000000000000e+00 bound_worst_stage=0 bound_worst_index=0 bound_worst_kind=none
    28   1.08294686e+04   1.5697e-02   8.8829e+01   6.2551e-02   -1.40      -     2.5000e-01   0
FILTERDDP_ITER_TIMING iteration=28 barrier_iteration=2 backward_s=0.320469600 forward_s=0.054150100 total_s=0.374619700 outcome=accepted step_size=5.000000000e-01 backtracks=0 mu=4.000000000e-02
FILTERDDP_TIMING iteration=29 barrier_iteration=2 stage=6 derivative_s=0.002499500 first_order_s=0.001160300 second_order_s=0.001159100 algebra_s=0.010847000 kkt_assembly_s=0.001784600 factor_s=0.043723500 solve_s=0.012287300 update_s=0.001634400 K_nnz=96025 rhs_cols=1 Vxx_nnz=62001
FILTERDDP_TIMING iteration=29 barrier_iteration=2 stage=5 derivative_s=0.003785000 first_order_s=0.002024100 second_order_s=0.001505600 algebra_s=0.012065600 kkt_assembly_s=0.048612400 factor_s=0.020448100 solve_s=0.011863900 update_s=0.001231600 K_nnz=96025 rhs_cols=1 Vxx_nnz=62001
FILTERDDP_TIMING iteration=29 barrier_iteration=2 stage=4 derivative_s=0.003590300 first_order_s=0.001837600 second_order_s=0.001477700 algebra_s=0.009645000 kkt_assembly_s=0.000549000 factor_s=0.020783500 solve_s=0.012040300 update_s=0.001656000 K_nnz=96025 rhs_cols=1 Vxx_nnz=62001
FILTERDDP_TIMING iteration=29 barrier_iteration=2 stage=3 derivative_s=0.003417100 first_order_s=0.001816100 second_order_s=0.001288200 algebra_s=0.009455400 kkt_assembly_s=0.001574600 factor_s=0.024361100 solve_s=0.013136300 update_s=0.001599600 K_nnz=96025 rhs_cols=1 Vxx_nnz=62001
FILTERDDP_TIMING iteration=29 barrier_iteration=2 stage=2 derivative_s=0.003523300 first_order_s=0.001820900 second_order_s=0.001317800 algebra_s=0.111266400 kkt_assembly_s=0.000629300 factor_s=0.020821700 solve_s=0.011979600 update_s=0.001578800 K_nnz=96025 rhs_cols=1 Vxx_nnz=62001
FILTERDDP_TIMING iteration=29 barrier_iteration=2 stage=1 derivative_s=0.003316000 first_order_s=0.001698400 second_order_s=0.001370500 algebra_s=0.009830400 kkt_assembly_s=0.000561200 factor_s=0.020632400 solve_s=0.011685800 update_s=0.001748000 K_nnz=96025 rhs_cols=1 Vxx_nnz=62001
FILTERDDP_FEASIBILITY iteration=29 barrier_iteration=2 equality_count=62016 equality_rms=5.842041135816e-04 equality_max=1.631640785319e-02 equality_worst_stage=2 equality_worst_index=9917 dynamics_count=1245 dynamics_rms=0.000000000000e+00 dynamics_max=0.000000000000e+00 dynamics_worst_stage=0 dynamics_worst_index=0 bound_count=69486 bound_rms=0.000000000000e+00 bound_max=0.000000000000e+00 bound_worst_stage=0 bound_worst_index=0 bound_worst_kind=none
    29   1.06820108e+04   1.6316e-02   6.3411e+01   5.1782e-02   -1.40      -     5.0000e-01   0
FILTERDDP_ITER_TIMING iteration=29 barrier_iteration=2 backward_s=0.471063700 forward_s=0.047965100 total_s=0.519028800 outcome=accepted step_size=5.000000000e-01 backtracks=0 mu=4.000000000e-02
FILTERDDP_TIMING iteration=30 barrier_iteration=2 stage=6 derivative_s=0.003660000 first_order_s=0.001786700 second_order_s=0.001637400 algebra_s=0.011210300 kkt_assembly_s=0.001676200 factor_s=0.034331400 solve_s=0.013382400 update_s=0.002336500 K_nnz=96025 rhs_cols=1 Vxx_nnz=62001
FILTERDDP_TIMING iteration=30 barrier_iteration=2 stage=5 derivative_s=0.005996700 first_order_s=0.002527100 second_order_s=0.003126300 algebra_s=0.019594600 kkt_assembly_s=0.002831300 factor_s=0.031566200 solve_s=0.012997100 update_s=0.002478700 K_nnz=96025 rhs_cols=1 Vxx_nnz=62001
FILTERDDP_TIMING iteration=30 barrier_iteration=2 stage=4 derivative_s=0.006535300 first_order_s=0.002884500 second_order_s=0.003385000 algebra_s=0.020616100 kkt_assembly_s=0.002535500 factor_s=0.050273100 solve_s=0.012142800 update_s=0.001616200 K_nnz=96025 rhs_cols=1 Vxx_nnz=62001
FILTERDDP_TIMING iteration=30 barrier_iteration=2 stage=3 derivative_s=0.003336900 first_order_s=0.001737400 second_order_s=0.001355300 algebra_s=0.012339700 kkt_assembly_s=0.000992700 factor_s=0.020726400 solve_s=0.012065100 update_s=0.001560500 K_nnz=96025 rhs_cols=1 Vxx_nnz=62001
FILTERDDP_TIMING iteration=30 barrier_iteration=2 stage=2 derivative_s=0.003350600 first_order_s=0.001752100 second_order_s=0.001353300 algebra_s=0.010669500 kkt_assembly_s=0.000569900 factor_s=0.020345900 solve_s=0.011859100 update_s=0.001640500 K_nnz=96025 rhs_cols=1 Vxx_nnz=62001
FILTERDDP_TIMING iteration=30 barrier_iteration=2 stage=1 derivative_s=0.004321300 first_order_s=0.002083500 second_order_s=0.001664300 algebra_s=0.008849500 kkt_assembly_s=0.000671700 factor_s=0.021959300 solve_s=0.013039900 update_s=0.001829500 K_nnz=96025 rhs_cols=1 Vxx_nnz=62001
FILTERDDP_FEASIBILITY iteration=30 barrier_iteration=2 equality_count=62016 equality_rms=4.452493325870e-04 equality_max=1.184936815324e-02 equality_worst_stage=2 equality_worst_index=7582 dynamics_count=1245 dynamics_rms=0.000000000000e+00 dynamics_max=0.000000000000e+00 dynamics_worst_stage=0 dynamics_worst_index=0 bound_count=69486 bound_rms=0.000000000000e+00 bound_max=0.000000000000e+00 bound_worst_stage=0 bound_worst_index=0 bound_worst_kind=none
  iter     objective        pr_inf       du_inf       cs_inf     lg(μ)   lg(reg)    alpha     ls
    30   1.05969870e+04   1.1849e-02   6.0595e+01   4.6040e-02   -1.40      -     5.0000e-01   0
FILTERDDP_ITER_TIMING iteration=30 barrier_iteration=2 backward_s=0.386885100 forward_s=0.095705800 total_s=0.482590900 outcome=accepted step_size=5.000000000e-01 backtracks=0 mu=4.000000000e-02
FILTERDDP_TIMING iteration=31 barrier_iteration=2 stage=6 derivative_s=0.003606800 first_order_s=0.001662300 second_order_s=0.001705700 algebra_s=0.009556500 kkt_assembly_s=0.000625100 factor_s=0.020066500 solve_s=0.012238800 update_s=0.001539300 K_nnz=96025 rhs_cols=1 Vxx_nnz=62001
FILTERDDP_TIMING iteration=31 barrier_iteration=2 stage=5 derivative_s=0.003315400 first_order_s=0.001743000 second_order_s=0.001326600 algebra_s=0.010003000 kkt_assembly_s=0.001312700 factor_s=0.043629900 solve_s=0.012377500 update_s=0.001705000 K_nnz=96025 rhs_cols=1 Vxx_nnz=62001
FILTERDDP_TIMING iteration=31 barrier_iteration=2 stage=4 derivative_s=0.003642100 first_order_s=0.001939600 second_order_s=0.001452700 algebra_s=0.012159000 kkt_assembly_s=0.001464000 factor_s=0.130940700 solve_s=0.013294100 update_s=0.001636200 K_nnz=96025 rhs_cols=1 Vxx_nnz=62001
FILTERDDP_TIMING iteration=31 barrier_iteration=2 stage=3 derivative_s=0.001293200 first_order_s=0.000652300 second_order_s=0.000538800 algebra_s=0.008023000 kkt_assembly_s=0.000590700 factor_s=0.021416100 solve_s=0.011321400 update_s=0.001196400 K_nnz=96025 rhs_cols=1 Vxx_nnz=62001
FILTERDDP_TIMING iteration=31 barrier_iteration=2 stage=2 derivative_s=0.003441000 first_order_s=0.001887100 second_order_s=0.001303100 algebra_s=0.009368100 kkt_assembly_s=0.001191200 factor_s=0.037403400 solve_s=0.012184600 update_s=0.001550600 K_nnz=96025 rhs_cols=1 Vxx_nnz=62001
FILTERDDP_TIMING iteration=31 barrier_iteration=2 stage=1 derivative_s=0.003459800 first_order_s=0.001751900 second_order_s=0.001326200 algebra_s=0.010109600 kkt_assembly_s=0.000988900 factor_s=0.032732600 solve_s=0.013460500 update_s=0.002751900 K_nnz=96025 rhs_cols=1 Vxx_nnz=62001
FILTERDDP_FEASIBILITY iteration=31 barrier_iteration=2 equality_count=62016 equality_rms=2.711265928452e-04 equality_max=7.288972532992e-03 equality_worst_stage=2 equality_worst_index=7582 dynamics_count=1245 dynamics_rms=0.000000000000e+00 dynamics_max=0.000000000000e+00 dynamics_worst_stage=0 dynamics_worst_index=0 bound_count=69486 bound_rms=0.000000000000e+00 bound_max=0.000000000000e+00 bound_worst_stage=0 bound_worst_index=0 bound_worst_kind=none
    31   1.05448609e+04   7.2890e-03   3.3712e+01   4.3069e-02   -1.40      -     5.0000e-01   0
FILTERDDP_ITER_TIMING iteration=31 barrier_iteration=2 backward_s=0.456667600 forward_s=0.059963500 total_s=0.516631100 outcome=accepted step_size=5.000000000e-01 backtracks=0 mu=4.000000000e-02
FILTERDDP_TIMING iteration=32 barrier_iteration=2 stage=6 derivative_s=0.006071300 first_order_s=0.002246900 second_order_s=0.003638300 algebra_s=0.017047400 kkt_assembly_s=0.001737800 factor_s=0.046740000 solve_s=0.011660700 update_s=0.001148600 K_nnz=96025 rhs_cols=1 Vxx_nnz=62001
FILTERDDP_TIMING iteration=32 barrier_iteration=2 stage=5 derivative_s=0.003326800 first_order_s=0.001732200 second_order_s=0.001347800 algebra_s=0.009648800 kkt_assembly_s=0.000698400 factor_s=0.021184300 solve_s=0.012095700 update_s=0.001574300 K_nnz=96025 rhs_cols=1 Vxx_nnz=62001
FILTERDDP_TIMING iteration=32 barrier_iteration=2 stage=4 derivative_s=0.003355200 first_order_s=0.001706700 second_order_s=0.001401500 algebra_s=0.006046100 kkt_assembly_s=0.000648000 factor_s=0.021191400 solve_s=0.012413900 update_s=0.001688800 K_nnz=96025 rhs_cols=1 Vxx_nnz=62001
FILTERDDP_TIMING iteration=32 barrier_iteration=2 stage=3 derivative_s=0.003611600 first_order_s=0.001921300 second_order_s=0.001320000 algebra_s=0.009610800 kkt_assembly_s=0.000585700 factor_s=0.020800500 solve_s=0.011742600 update_s=0.001621000 K_nnz=96025 rhs_cols=1 Vxx_nnz=62001
FILTERDDP_TIMING iteration=32 barrier_iteration=2 stage=2 derivative_s=0.003371600 first_order_s=0.001792700 second_order_s=0.001299200 algebra_s=0.058140900 kkt_assembly_s=0.000810200 factor_s=0.021340600 solve_s=0.011829000 update_s=0.001684400 K_nnz=96025 rhs_cols=1 Vxx_nnz=62001
FILTERDDP_TIMING iteration=32 barrier_iteration=2 stage=1 derivative_s=0.003473900 first_order_s=0.001940500 second_order_s=0.001287800 algebra_s=0.009541800 kkt_assembly_s=0.000538500 factor_s=0.020631000 solve_s=0.012006700 update_s=0.001566900 K_nnz=96025 rhs_cols=1 Vxx_nnz=62001
FILTERDDP_FEASIBILITY iteration=32 barrier_iteration=2 equality_count=62016 equality_rms=1.564748086907e-04 equality_max=4.363037648115e-03 equality_worst_stage=2 equality_worst_index=7582 dynamics_count=1245 dynamics_rms=0.000000000000e+00 dynamics_max=0.000000000000e+00 dynamics_worst_stage=0 dynamics_worst_index=0 bound_count=69486 bound_rms=0.000000000000e+00 bound_max=0.000000000000e+00 bound_worst_stage=0 bound_worst_index=0 bound_worst_kind=none
    32   1.05194374e+04   4.3630e-03   2.1430e+01   4.1548e-02   -1.40      -     5.0000e-01   0
FILTERDDP_ITER_TIMING iteration=32 barrier_iteration=2 backward_s=0.372370200 forward_s=0.048787700 total_s=0.421157900 outcome=accepted step_size=5.000000000e-01 backtracks=0 mu=4.000000000e-02
FILTERDDP_TIMING iteration=33 barrier_iteration=2 stage=6 derivative_s=0.003621800 first_order_s=0.001759100 second_order_s=0.001625700 algebra_s=0.012928800 kkt_assembly_s=0.001484200 factor_s=0.124689800 solve_s=0.012327300 update_s=0.001654100 K_nnz=96025 rhs_cols=1 Vxx_nnz=62001
FILTERDDP_TIMING iteration=33 barrier_iteration=2 stage=5 derivative_s=0.001323600 first_order_s=0.000681300 second_order_s=0.000536400 algebra_s=0.008048700 kkt_assembly_s=0.000646700 factor_s=0.020486100 solve_s=0.012346300 update_s=0.001431800 K_nnz=96025 rhs_cols=1 Vxx_nnz=62001
FILTERDDP_TIMING iteration=33 barrier_iteration=2 stage=4 derivative_s=0.003696100 first_order_s=0.002133700 second_order_s=0.001314800 algebra_s=0.009148100 kkt_assembly_s=0.000677600 factor_s=0.020738100 solve_s=0.011976700 update_s=0.001573900 K_nnz=96025 rhs_cols=1 Vxx_nnz=62001
FILTERDDP_TIMING iteration=33 barrier_iteration=2 stage=3 derivative_s=0.003501600 first_order_s=0.001772200 second_order_s=0.001481400 algebra_s=0.011959900 kkt_assembly_s=0.000728200 factor_s=0.020595000 solve_s=0.012700600 update_s=0.002020800 K_nnz=96025 rhs_cols=1 Vxx_nnz=62001
FILTERDDP_TIMING iteration=33 barrier_iteration=2 stage=2 derivative_s=0.005493400 first_order_s=0.002596500 second_order_s=0.002637500 algebra_s=0.010491100 kkt_assembly_s=0.000768400 factor_s=0.021926400 solve_s=0.013858500 update_s=0.002758600 K_nnz=96025 rhs_cols=1 Vxx_nnz=62001
FILTERDDP_TIMING iteration=33 barrier_iteration=2 stage=1 derivative_s=0.006163400 first_order_s=0.002720900 second_order_s=0.003248600 algebra_s=0.022288000 kkt_assembly_s=0.001326200 factor_s=0.038888400 solve_s=0.011515700 update_s=0.001718600 K_nnz=96025 rhs_cols=1 Vxx_nnz=62001
FILTERDDP_FEASIBILITY iteration=33 barrier_iteration=2 equality_count=62016 equality_rms=8.274605456132e-05 equality_max=2.323703122782e-03 equality_worst_stage=2 equality_worst_index=7582 dynamics_count=1245 dynamics_rms=0.000000000000e+00 dynamics_max=0.000000000000e+00 dynamics_worst_stage=0 dynamics_worst_index=0 bound_count=69486 bound_rms=0.000000000000e+00 bound_max=0.000000000000e+00 bound_worst_stage=0 bound_worst_index=0 bound_worst_kind=none
    33   1.05053420e+04   2.3237e-03   1.0182e+01   4.0778e-02   -1.40      -     5.0000e-01   0
FILTERDDP_ITER_TIMING iteration=33 barrier_iteration=2 backward_s=0.438391800 forward_s=0.050626400 total_s=0.489018200 outcome=accepted step_size=5.000000000e-01 backtracks=0 mu=4.000000000e-02
FILTERDDP_TIMING iteration=34 barrier_iteration=2 stage=6 derivative_s=0.003589100 first_order_s=0.001647500 second_order_s=0.001682500 algebra_s=0.014570900 kkt_assembly_s=0.001773800 factor_s=0.043418100 solve_s=0.012317900 update_s=0.001777600 K_nnz=96025 rhs_cols=1 Vxx_nnz=62001
FILTERDDP_TIMING iteration=34 barrier_iteration=2 stage=5 derivative_s=0.003539200 first_order_s=0.001883700 second_order_s=0.001395400 algebra_s=0.009280800 kkt_assembly_s=0.000745600 factor_s=0.020980800 solve_s=0.012260800 update_s=0.001721300 K_nnz=96025 rhs_cols=1 Vxx_nnz=62001
FILTERDDP_TIMING iteration=34 barrier_iteration=2 stage=4 derivative_s=0.003213300 first_order_s=0.001633700 second_order_s=0.001332900 algebra_s=0.056360300 kkt_assembly_s=0.000689000 factor_s=0.024896000 solve_s=0.013117400 update_s=0.001515300 K_nnz=96025 rhs_cols=1 Vxx_nnz=62001
FILTERDDP_TIMING iteration=34 barrier_iteration=2 stage=3 derivative_s=0.003557700 first_order_s=0.001885800 second_order_s=0.001422300 algebra_s=0.009280800 kkt_assembly_s=0.000711700 factor_s=0.021705500 solve_s=0.012809000 update_s=0.001727000 K_nnz=96025 rhs_cols=1 Vxx_nnz=62001
FILTERDDP_TIMING iteration=34 barrier_iteration=2 stage=2 derivative_s=0.003291500 first_order_s=0.001703200 second_order_s=0.001337400 algebra_s=0.011551400 kkt_assembly_s=0.000787600 factor_s=0.020965700 solve_s=0.012265500 update_s=0.107023600 K_nnz=96025 rhs_cols=1 Vxx_nnz=62001
FILTERDDP_TIMING iteration=34 barrier_iteration=2 stage=1 derivative_s=0.006958600 first_order_s=0.002886200 second_order_s=0.003761300 algebra_s=0.012340300 kkt_assembly_s=0.000825900 factor_s=0.021308900 solve_s=0.014298000 update_s=0.002566300 K_nnz=96025 rhs_cols=1 Vxx_nnz=62001
FILTERDDP_FEASIBILITY iteration=34 barrier_iteration=2 equality_count=62016 equality_rms=4.356346587199e-05 equality_max=1.240801874031e-03 equality_worst_stage=2 equality_worst_index=7582 dynamics_count=1245 dynamics_rms=0.000000000000e+00 dynamics_max=0.000000000000e+00 dynamics_worst_stage=0 dynamics_worst_index=0 bound_count=69486 bound_rms=0.000000000000e+00 bound_max=0.000000000000e+00 bound_worst_stage=0 bound_worst_index=0 bound_worst_kind=none
    34   1.04986800e+04   1.2408e-03   4.9276e+00   2.2000e-02   -1.40      -     5.0000e-01   0
FILTERDDP_ITER_TIMING iteration=34 barrier_iteration=2 backward_s=0.490698200 forward_s=0.058404900 total_s=0.549103100 outcome=accepted step_size=5.000000000e-01 backtracks=0 mu=4.000000000e-02
FILTERDDP_TIMING iteration=35 barrier_iteration=2 stage=6 derivative_s=0.009792500 first_order_s=0.003864700 second_order_s=0.005457000 algebra_s=0.019403100 kkt_assembly_s=0.001867100 factor_s=0.037246000 solve_s=0.014588700 update_s=0.002949100 K_nnz=96025 rhs_cols=1 Vxx_nnz=62001
FILTERDDP_TIMING iteration=35 barrier_iteration=2 stage=5 derivative_s=0.005995500 first_order_s=0.002719400 second_order_s=0.003013200 algebra_s=0.011921000 kkt_assembly_s=0.000825300 factor_s=0.022469700 solve_s=0.013845000 update_s=0.003007400 K_nnz=96025 rhs_cols=1 Vxx_nnz=62001
FILTERDDP_TIMING iteration=35 barrier_iteration=2 stage=4 derivative_s=0.006661600 first_order_s=0.002802700 second_order_s=0.003608400 algebra_s=0.010283400 kkt_assembly_s=0.000819000 factor_s=0.022925800 solve_s=0.013784700 update_s=0.002751300 K_nnz=96025 rhs_cols=1 Vxx_nnz=62001
FILTERDDP_TIMING iteration=35 barrier_iteration=2 stage=3 derivative_s=0.019632000 first_order_s=0.002433300 second_order_s=0.017013400 algebra_s=0.008366500 kkt_assembly_s=0.001446000 factor_s=0.036003400 solve_s=0.011953000 update_s=0.001728700 K_nnz=96025 rhs_cols=1 Vxx_nnz=62001
FILTERDDP_TIMING iteration=35 barrier_iteration=2 stage=2 derivative_s=0.003361900 first_order_s=0.001796000 second_order_s=0.001319600 algebra_s=0.010685000 kkt_assembly_s=0.001200100 factor_s=0.040310800 solve_s=0.011958300 update_s=0.001669900 K_nnz=96025 rhs_cols=1 Vxx_nnz=62001
FILTERDDP_TIMING iteration=35 barrier_iteration=2 stage=1 derivative_s=0.003402600 first_order_s=0.001834100 second_order_s=0.001318200 algebra_s=0.009521000 kkt_assembly_s=0.000700900 factor_s=0.020236900 solve_s=0.011892500 update_s=0.001760800 K_nnz=96025 rhs_cols=1 Vxx_nnz=62001
FILTERDDP_FEASIBILITY iteration=35 barrier_iteration=2 equality_count=62016 equality_rms=2.223153913672e-05 equality_max=6.362512432627e-04 equality_worst_stage=2 equality_worst_index=7582 dynamics_count=1245 dynamics_rms=0.000000000000e+00 dynamics_max=0.000000000000e+00 dynamics_worst_stage=0 dynamics_worst_index=0 bound_count=69486 bound_rms=0.000000000000e+00 bound_max=0.000000000000e+00 bound_worst_stage=0 bound_worst_index=0 bound_worst_kind=none
    35   1.04949951e+04   6.3625e-04   1.8727e+00   1.1068e-02   -1.40      -     5.0000e-01   0
FILTERDDP_ITER_TIMING iteration=35 barrier_iteration=2 backward_s=0.398333400 forward_s=0.046704500 total_s=0.445037900 outcome=accepted step_size=5.000000000e-01 backtracks=0 mu=4.000000000e-02
FILTERDDP_TIMING iteration=36 barrier_iteration=2 stage=6 derivative_s=0.047743700 first_order_s=0.046323900 second_order_s=0.001310400 algebra_s=0.005590600 kkt_assembly_s=0.000604700 factor_s=0.020527000 solve_s=0.012109300 update_s=0.001605900 K_nnz=96025 rhs_cols=1 Vxx_nnz=62001
FILTERDDP_TIMING iteration=36 barrier_iteration=2 stage=5 derivative_s=0.004855300 first_order_s=0.002737700 second_order_s=0.001686700 algebra_s=0.011264300 kkt_assembly_s=0.000740100 factor_s=0.021911900 solve_s=0.012385200 update_s=0.001492800 K_nnz=96025 rhs_cols=1 Vxx_nnz=62001
FILTERDDP_TIMING iteration=36 barrier_iteration=2 stage=4 derivative_s=0.003176700 first_order_s=0.001674100 second_order_s=0.001257300 algebra_s=0.009640500 kkt_assembly_s=0.001552100 factor_s=0.128910500 solve_s=0.013388600 update_s=0.001588200 K_nnz=96025 rhs_cols=1 Vxx_nnz=62001
FILTERDDP_TIMING iteration=36 barrier_iteration=2 stage=3 derivative_s=0.001316600 first_order_s=0.000691700 second_order_s=0.000518200 algebra_s=0.008097800 kkt_assembly_s=0.001354100 factor_s=0.020914200 solve_s=0.012376600 update_s=0.001612000 K_nnz=96025 rhs_cols=1 Vxx_nnz=62001
FILTERDDP_TIMING iteration=36 barrier_iteration=2 stage=2 derivative_s=0.003717200 first_order_s=0.001940500 second_order_s=0.001505600 algebra_s=0.009613000 kkt_assembly_s=0.001048700 factor_s=0.020333500 solve_s=0.012188500 update_s=0.001617200 K_nnz=96025 rhs_cols=1 Vxx_nnz=62001
FILTERDDP_TIMING iteration=36 barrier_iteration=2 stage=1 derivative_s=0.004170100 first_order_s=0.002355900 second_order_s=0.001533700 algebra_s=0.008930100 kkt_assembly_s=0.000706500 factor_s=0.021320100 solve_s=0.013182800 update_s=0.002153900 K_nnz=96025 rhs_cols=1 Vxx_nnz=62001
FILTERDDP_FEASIBILITY iteration=36 barrier_iteration=2 equality_count=62016 equality_rms=1.135365359160e-05 equality_max=3.269950067883e-04 equality_worst_stage=2 equality_worst_index=7582 dynamics_count=1245 dynamics_rms=0.000000000000e+00 dynamics_max=0.000000000000e+00 dynamics_worst_stage=0 dynamics_worst_index=0 bound_count=69486 bound_rms=0.000000000000e+00 bound_max=0.000000000000e+00 bound_worst_stage=0 bound_worst_index=0 bound_worst_kind=none
    36   1.04932625e+04   3.2700e-04   7.2165e-01   5.5509e-03   -1.40      -     5.0000e-01   0
FILTERDDP_ITER_TIMING iteration=36 barrier_iteration=2 backward_s=0.444662900 forward_s=0.057621100 total_s=0.502284000 outcome=accepted step_size=5.000000000e-01 backtracks=0 mu=4.000000000e-02
FILTERDDP_TIMING iteration=37 barrier_iteration=2 stage=6 derivative_s=0.006860400 first_order_s=0.002613400 second_order_s=0.004056700 algebra_s=0.017165000 kkt_assembly_s=0.001565400 factor_s=0.028700700 solve_s=0.012901200 update_s=0.001769800 K_nnz=96025 rhs_cols=1 Vxx_nnz=62001
FILTERDDP_TIMING iteration=37 barrier_iteration=2 stage=5 derivative_s=0.006106600 first_order_s=0.002497100 second_order_s=0.003376300 algebra_s=0.010794800 kkt_assembly_s=0.000750900 factor_s=0.035873300 solve_s=0.012197800 update_s=0.001669900 K_nnz=96025 rhs_cols=1 Vxx_nnz=62001
FILTERDDP_TIMING iteration=37 barrier_iteration=2 stage=4 derivative_s=0.003538300 first_order_s=0.002002200 second_order_s=0.001290500 algebra_s=0.009328900 kkt_assembly_s=0.001816200 factor_s=0.023008100 solve_s=0.011234200 update_s=0.001731800 K_nnz=96025 rhs_cols=1 Vxx_nnz=62001
FILTERDDP_TIMING iteration=37 barrier_iteration=2 stage=3 derivative_s=0.003242200 first_order_s=0.001709900 second_order_s=0.001286700 algebra_s=0.012446500 kkt_assembly_s=0.000541300 factor_s=0.020115600 solve_s=0.011864100 update_s=0.001530600 K_nnz=96025 rhs_cols=1 Vxx_nnz=62001
FILTERDDP_TIMING iteration=37 barrier_iteration=2 stage=2 derivative_s=0.003149400 first_order_s=0.001661700 second_order_s=0.001244600 algebra_s=0.009606400 kkt_assembly_s=0.000710400 factor_s=0.020612300 solve_s=0.012180800 update_s=0.001564400 K_nnz=96025 rhs_cols=1 Vxx_nnz=62001
FILTERDDP_TIMING iteration=37 barrier_iteration=2 stage=1 derivative_s=0.046320100 first_order_s=0.045604700 second_order_s=0.000614500 algebra_s=0.008041900 kkt_assembly_s=0.000644300 factor_s=0.020895900 solve_s=0.012928500 update_s=0.001597500 K_nnz=96025 rhs_cols=1 Vxx_nnz=62001
FILTERDDP_FEASIBILITY iteration=37 barrier_iteration=2 equality_count=62016 equality_rms=5.728560803384e-06 equality_max=1.654620082427e-04 equality_worst_stage=2 equality_worst_index=7582 dynamics_count=1245 dynamics_rms=0.000000000000e+00 dynamics_max=0.000000000000e+00 dynamics_worst_stage=0 dynamics_worst_index=0 bound_count=69486 bound_rms=0.000000000000e+00 bound_max=0.000000000000e+00 bound_worst_stage=0 bound_worst_index=0 bound_worst_kind=none
FILTERDDP_ITER_TIMING iteration=37 barrier_iteration=2 backward_s=0.376254400 forward_s=0.000000000 total_s=0.376254400 outcome=barrier_update step_size=5.000000000e-01 backtracks=0 mu=4.000000000e-02
FILTERDDP_TIMING iteration=37 barrier_iteration=3 stage=6 derivative_s=0.004127500 first_order_s=0.002258500 second_order_s=0.001606900 algebra_s=0.009366000 kkt_assembly_s=0.001033000 factor_s=0.024166000 solve_s=0.014542500 update_s=0.001535400 K_nnz=96025 rhs_cols=1 Vxx_nnz=62001
FILTERDDP_TIMING iteration=37 barrier_iteration=3 stage=5 derivative_s=0.003246100 first_order_s=0.001689500 second_order_s=0.001313100 algebra_s=0.009547000 kkt_assembly_s=0.001125200 factor_s=0.020536400 solve_s=0.116121500 update_s=0.001302900 K_nnz=96025 rhs_cols=1 Vxx_nnz=62001
FILTERDDP_TIMING iteration=37 barrier_iteration=3 stage=4 derivative_s=0.003585200 first_order_s=0.001905500 second_order_s=0.001435400 algebra_s=0.009769500 kkt_assembly_s=0.000590800 factor_s=0.026786600 solve_s=0.011722400 update_s=0.001676800 K_nnz=96025 rhs_cols=1 Vxx_nnz=62001
FILTERDDP_TIMING iteration=37 barrier_iteration=3 stage=3 derivative_s=0.002003800 first_order_s=0.000979900 second_order_s=0.000832600 algebra_s=0.009953700 kkt_assembly_s=0.000575900 factor_s=0.020495600 solve_s=0.011799600 update_s=0.001729600 K_nnz=96025 rhs_cols=1 Vxx_nnz=62001
FILTERDDP_TIMING iteration=37 barrier_iteration=3 stage=2 derivative_s=0.003377900 first_order_s=0.001743900 second_order_s=0.001384400 algebra_s=0.009529700 kkt_assembly_s=0.000553600 factor_s=0.021258500 solve_s=0.012490100 update_s=0.001618400 K_nnz=96025 rhs_cols=1 Vxx_nnz=62001
FILTERDDP_TIMING iteration=37 barrier_iteration=3 stage=1 derivative_s=0.003291400 first_order_s=0.001777200 second_order_s=0.001267300 algebra_s=0.011451700 kkt_assembly_s=0.000826900 factor_s=0.022876600 solve_s=0.013652200 update_s=0.002793600 K_nnz=96025 rhs_cols=1 Vxx_nnz=62001
FILTERDDP_FEASIBILITY iteration=37 barrier_iteration=3 equality_count=62016 equality_rms=5.728560803384e-06 equality_max=1.654620082427e-04 equality_worst_stage=2 equality_worst_index=7582 dynamics_count=1245 dynamics_rms=0.000000000000e+00 dynamics_max=0.000000000000e+00 dynamics_worst_stage=0 dynamics_worst_index=0 bound_count=69486 bound_rms=0.000000000000e+00 bound_max=0.000000000000e+00 bound_worst_stage=0 bound_worst_index=0 bound_worst_kind=none
    37   1.04922869e+04   1.6546e-04   2.4095e-01   2.7797e-03   -2.10      -     5.0000e-01   0
FILTERDDP_ITER_TIMING iteration=37 barrier_iteration=3 backward_s=0.411976300 forward_s=0.063189300 total_s=0.475165600 outcome=accepted step_size=2.500000000e-01 backtracks=0 mu=8.000000000e-03
FILTERDDP_TIMING iteration=38 barrier_iteration=3 stage=6 derivative_s=0.006417900 first_order_s=0.002775800 second_order_s=0.003417500 algebra_s=0.038593200 kkt_assembly_s=0.000928900 factor_s=0.023945100 solve_s=0.011874400 update_s=0.001614800 K_nnz=96025 rhs_cols=1 Vxx_nnz=62001
FILTERDDP_TIMING iteration=38 barrier_iteration=3 stage=5 derivative_s=0.003549000 first_order_s=0.001957300 second_order_s=0.001343200 algebra_s=0.011905100 kkt_assembly_s=0.001469200 factor_s=0.039228300 solve_s=0.012196300 update_s=0.001572800 K_nnz=96025 rhs_cols=1 Vxx_nnz=62001
FILTERDDP_TIMING iteration=38 barrier_iteration=3 stage=4 derivative_s=0.003210100 first_order_s=0.001685000 second_order_s=0.001278500 algebra_s=0.009854000 kkt_assembly_s=0.000946300 factor_s=0.020255200 solve_s=0.011791700 update_s=0.001654800 K_nnz=96025 rhs_cols=1 Vxx_nnz=62001
FILTERDDP_TIMING iteration=38 barrier_iteration=3 stage=3 derivative_s=0.003697800 first_order_s=0.001882400 second_order_s=0.001522100 algebra_s=0.009252400 kkt_assembly_s=0.000719300 factor_s=0.020818700 solve_s=0.056137800 update_s=0.001225500 K_nnz=96025 rhs_cols=1 Vxx_nnz=62001
FILTERDDP_TIMING iteration=38 barrier_iteration=3 stage=2 derivative_s=0.003447000 first_order_s=0.001754200 second_order_s=0.001444200 algebra_s=0.009972800 kkt_assembly_s=0.000579100 factor_s=0.020854300 solve_s=0.012306900 update_s=0.001808600 K_nnz=96025 rhs_cols=1 Vxx_nnz=62001
FILTERDDP_TIMING iteration=38 barrier_iteration=3 stage=1 derivative_s=0.003331600 first_order_s=0.001726800 second_order_s=0.001358800 algebra_s=0.009643100 kkt_assembly_s=0.000564900 factor_s=0.020685600 solve_s=0.012510700 update_s=0.001582400 K_nnz=96025 rhs_cols=1 Vxx_nnz=62001
FILTERDDP_FEASIBILITY iteration=38 barrier_iteration=3 equality_count=62016 equality_rms=5.382016304473e-04 equality_max=1.595518948359e-02 equality_worst_stage=3 equality_worst_index=7660 dynamics_count=1245 dynamics_rms=0.000000000000e+00 dynamics_max=0.000000000000e+00 dynamics_worst_stage=0 dynamics_worst_index=0 bound_count=69486 bound_rms=0.000000000000e+00 bound_max=0.000000000000e+00 bound_worst_stage=0 bound_worst_index=0 bound_worst_kind=none
    38   1.03420167e+04   1.5955e-02   5.2534e+00   2.0474e-03   -2.10      -     2.5000e-01   0
FILTERDDP_ITER_TIMING iteration=38 barrier_iteration=3 backward_s=0.391406400 forward_s=0.059777400 total_s=0.451183800 outcome=accepted step_size=1.250000000e-01 backtracks=0 mu=8.000000000e-03
FILTERDDP_TIMING iteration=39 barrier_iteration=3 stage=6 derivative_s=0.003918500 first_order_s=0.001879800 second_order_s=0.001662200 algebra_s=0.018712200 kkt_assembly_s=0.103011800 factor_s=0.020395800 solve_s=0.011812000 update_s=0.001448100 K_nnz=96025 rhs_cols=1 Vxx_nnz=62001
FILTERDDP_TIMING iteration=39 barrier_iteration=3 stage=5 derivative_s=0.003411400 first_order_s=0.001794800 second_order_s=0.001371500 algebra_s=0.008665000 kkt_assembly_s=0.001120000 factor_s=0.020232800 solve_s=0.012343100 update_s=0.001580000 K_nnz=96025 rhs_cols=1 Vxx_nnz=62001
FILTERDDP_TIMING iteration=39 barrier_iteration=3 stage=4 derivative_s=0.003301800 first_order_s=0.001707700 second_order_s=0.001328800 algebra_s=0.009521600 kkt_assembly_s=0.000697400 factor_s=0.020745700 solve_s=0.012001700 update_s=0.001652100 K_nnz=96025 rhs_cols=1 Vxx_nnz=62001
FILTERDDP_TIMING iteration=39 barrier_iteration=3 stage=3 derivative_s=0.003430200 first_order_s=0.001901400 second_order_s=0.001283800 algebra_s=0.009306900 kkt_assembly_s=0.000809900 factor_s=0.020299400 solve_s=0.012114800 update_s=0.002058400 K_nnz=96025 rhs_cols=1 Vxx_nnz=62001
FILTERDDP_TIMING iteration=39 barrier_iteration=3 stage=2 derivative_s=0.005340400 first_order_s=0.002697600 second_order_s=0.002381600 algebra_s=0.011202300 kkt_assembly_s=0.000849800 factor_s=0.022770400 solve_s=0.013174000 update_s=0.002669900 K_nnz=96025 rhs_cols=1 Vxx_nnz=62001
FILTERDDP_TIMING iteration=39 barrier_iteration=3 stage=1 derivative_s=0.019237700 first_order_s=0.002752600 second_order_s=0.016202300 algebra_s=0.008211500 kkt_assembly_s=0.001322100 factor_s=0.030435200 solve_s=0.012298700 update_s=0.001628700 K_nnz=96025 rhs_cols=1 Vxx_nnz=62001
FILTERDDP_FEASIBILITY iteration=39 barrier_iteration=3 equality_count=62016 equality_rms=5.276205423569e-04 equality_max=1.531496784284e-02 equality_worst_stage=3 equality_worst_index=7660 dynamics_count=1245 dynamics_rms=0.000000000000e+00 dynamics_max=0.000000000000e+00 dynamics_worst_stage=0 dynamics_worst_index=0 bound_count=69486 bound_rms=0.000000000000e+00 bound_max=0.000000000000e+00 bound_worst_stage=0 bound_worst_index=0 bound_worst_kind=none
    39   1.02804892e+04   1.5315e-02   6.0754e+00   1.7532e-03   -2.10      -     1.2500e-01   0
FILTERDDP_ITER_TIMING iteration=39 barrier_iteration=3 backward_s=0.432640400 forward_s=0.058747900 total_s=0.491388300 outcome=accepted step_size=2.500000000e-01 backtracks=0 mu=8.000000000e-03
FILTERDDP_TIMING iteration=40 barrier_iteration=3 stage=6 derivative_s=0.003736700 first_order_s=0.001714400 second_order_s=0.001785200 algebra_s=0.013683000 kkt_assembly_s=0.001468700 factor_s=0.037680300 solve_s=0.012518200 update_s=0.001624300 K_nnz=96025 rhs_cols=1 Vxx_nnz=62001
FILTERDDP_TIMING iteration=40 barrier_iteration=3 stage=5 derivative_s=0.003475300 first_order_s=0.001764300 second_order_s=0.001450400 algebra_s=0.011953400 kkt_assembly_s=0.000729700 factor_s=0.020341400 solve_s=0.012175400 update_s=0.001650700 K_nnz=96025 rhs_cols=1 Vxx_nnz=62001
FILTERDDP_TIMING iteration=40 barrier_iteration=3 stage=4 derivative_s=0.003289600 first_order_s=0.001768400 second_order_s=0.001275700 algebra_s=0.051031700 kkt_assembly_s=0.001345000 factor_s=0.035550100 solve_s=0.012330600 update_s=0.001616600 K_nnz=96025 rhs_cols=1 Vxx_nnz=62001
FILTERDDP_TIMING iteration=40 barrier_iteration=3 stage=3 derivative_s=0.003389300 first_order_s=0.001724900 second_order_s=0.001415300 algebra_s=0.011284000 kkt_assembly_s=0.001296500 factor_s=0.041703700 solve_s=0.011878700 update_s=0.001519600 K_nnz=96025 rhs_cols=1 Vxx_nnz=62001
FILTERDDP_TIMING iteration=40 barrier_iteration=3 stage=2 derivative_s=0.003381800 first_order_s=0.001820700 second_order_s=0.001303200 algebra_s=0.009456000 kkt_assembly_s=0.001437000 factor_s=0.021095600 solve_s=0.012040200 update_s=0.001735300 K_nnz=96025 rhs_cols=1 Vxx_nnz=62001
FILTERDDP_TIMING iteration=40 barrier_iteration=3 stage=1 derivative_s=0.098403600 first_order_s=0.001757700 second_order_s=0.096324400 algebra_s=0.004183600 kkt_assembly_s=0.000624300 factor_s=0.021001000 solve_s=0.012129800 update_s=0.001587800 K_nnz=96025 rhs_cols=1 Vxx_nnz=62001
FILTERDDP_FEASIBILITY iteration=40 barrier_iteration=3 equality_count=62016 equality_rms=5.469974420437e-04 equality_max=1.549138701566e-02 equality_worst_stage=3 equality_worst_index=9415 dynamics_count=1245 dynamics_rms=0.000000000000e+00 dynamics_max=0.000000000000e+00 dynamics_worst_stage=0 dynamics_worst_index=0 bound_count=69486 bound_rms=0.000000000000e+00 bound_max=0.000000000000e+00 bound_worst_stage=0 bound_worst_index=0 bound_worst_kind=none
  iter     objective        pr_inf       du_inf       cs_inf     lg(μ)   lg(reg)    alpha     ls
    40   1.01689990e+04   1.5491e-02   4.3457e+00   1.2815e-03   -2.10      -     2.5000e-01   0
FILTERDDP_ITER_TIMING iteration=40 barrier_iteration=3 backward_s=0.485307600 forward_s=0.101025800 total_s=0.586333400 outcome=accepted step_size=2.500000000e-01 backtracks=0 mu=8.000000000e-03
FILTERDDP_TIMING iteration=41 barrier_iteration=3 stage=6 derivative_s=0.003537600 first_order_s=0.001631200 second_order_s=0.001652100 algebra_s=0.013359200 kkt_assembly_s=0.001424600 factor_s=0.039549100 solve_s=0.012603800 update_s=0.001838700 K_nnz=96025 rhs_cols=1 Vxx_nnz=62001
FILTERDDP_TIMING iteration=41 barrier_iteration=3 stage=5 derivative_s=0.003472600 first_order_s=0.001938700 second_order_s=0.001286800 algebra_s=0.012404900 kkt_assembly_s=0.000839200 factor_s=0.021957700 solve_s=0.013160700 update_s=0.002909700 K_nnz=96025 rhs_cols=1 Vxx_nnz=62001
FILTERDDP_TIMING iteration=41 barrier_iteration=3 stage=4 derivative_s=0.008534400 first_order_s=0.003909100 second_order_s=0.004196200 algebra_s=0.014691200 kkt_assembly_s=0.001256400 factor_s=0.027896200 solve_s=0.030373100 update_s=0.001262300 K_nnz=96025 rhs_cols=1 Vxx_nnz=62001
FILTERDDP_TIMING iteration=41 barrier_iteration=3 stage=3 derivative_s=0.003503200 first_order_s=0.001756500 second_order_s=0.001500500 algebra_s=0.009642200 kkt_assembly_s=0.000630400 factor_s=0.021665700 solve_s=0.012398200 update_s=0.001578800 K_nnz=96025 rhs_cols=1 Vxx_nnz=62001
FILTERDDP_TIMING iteration=41 barrier_iteration=3 stage=2 derivative_s=0.003355100 first_order_s=0.001804700 second_order_s=0.001304900 algebra_s=0.009583600 kkt_assembly_s=0.000645400 factor_s=0.021052700 solve_s=0.011763900 update_s=0.001609200 K_nnz=96025 rhs_cols=1 Vxx_nnz=62001
FILTERDDP_TIMING iteration=41 barrier_iteration=3 stage=1 derivative_s=0.003317400 first_order_s=0.001702400 second_order_s=0.001278200 algebra_s=0.009528300 kkt_assembly_s=0.000711100 factor_s=0.020657900 solve_s=0.011578400 update_s=0.001509800 K_nnz=96025 rhs_cols=1 Vxx_nnz=62001
FILTERDDP_FEASIBILITY iteration=41 barrier_iteration=3 equality_count=62016 equality_rms=5.282026326964e-04 equality_max=1.560413167653e-02 equality_worst_stage=6 equality_worst_index=9415 dynamics_count=1245 dynamics_rms=0.000000000000e+00 dynamics_max=0.000000000000e+00 dynamics_worst_stage=0 dynamics_worst_index=0 bound_count=69486 bound_rms=0.000000000000e+00 bound_max=0.000000000000e+00 bound_worst_stage=0 bound_worst_index=0 bound_worst_kind=none
    41   1.00769252e+04   1.5604e-02   2.3046e+00   9.3221e-04   -2.10      -     2.5000e-01   0
FILTERDDP_ITER_TIMING iteration=41 barrier_iteration=3 backward_s=0.356715900 forward_s=0.135566000 total_s=0.492281900 outcome=accepted step_size=2.500000000e-01 backtracks=0 mu=8.000000000e-03
FILTERDDP_TIMING iteration=42 barrier_iteration=3 stage=6 derivative_s=0.003779600 first_order_s=0.001778700 second_order_s=0.001765800 algebra_s=0.009046900 kkt_assembly_s=0.000604700 factor_s=0.020574000 solve_s=0.011684100 update_s=0.001719500 K_nnz=96025 rhs_cols=1 Vxx_nnz=62001
FILTERDDP_TIMING iteration=42 barrier_iteration=3 stage=5 derivative_s=0.003570800 first_order_s=0.001965500 second_order_s=0.001357400 algebra_s=0.009549300 kkt_assembly_s=0.000609500 factor_s=0.020610200 solve_s=0.012587500 update_s=0.001602000 K_nnz=96025 rhs_cols=1 Vxx_nnz=62001
FILTERDDP_TIMING iteration=42 barrier_iteration=3 stage=4 derivative_s=0.003199800 first_order_s=0.001658000 second_order_s=0.001293300 algebra_s=0.009817500 kkt_assembly_s=0.001920400 factor_s=0.113626300 solve_s=0.011311700 update_s=0.000814200 K_nnz=96025 rhs_cols=1 Vxx_nnz=62001
FILTERDDP_TIMING iteration=42 barrier_iteration=3 stage=3 derivative_s=0.002108900 first_order_s=0.001091200 second_order_s=0.000836500 algebra_s=0.005721000 kkt_assembly_s=0.000729700 factor_s=0.022036500 solve_s=0.012181900 update_s=0.001522200 K_nnz=96025 rhs_cols=1 Vxx_nnz=62001
FILTERDDP_TIMING iteration=42 barrier_iteration=3 stage=2 derivative_s=0.002810600 first_order_s=0.001464500 second_order_s=0.001126600 algebra_s=0.011067800 kkt_assembly_s=0.000595600 factor_s=0.020672200 solve_s=0.012236800 update_s=0.001698000 K_nnz=96025 rhs_cols=1 Vxx_nnz=62001
FILTERDDP_TIMING iteration=42 barrier_iteration=3 stage=1 derivative_s=0.003262900 first_order_s=0.001728900 second_order_s=0.001285100 algebra_s=0.009672000 kkt_assembly_s=0.001652600 factor_s=0.022638800 solve_s=0.012142300 update_s=0.001603900 K_nnz=96025 rhs_cols=1 Vxx_nnz=62001
FILTERDDP_FEASIBILITY iteration=42 barrier_iteration=3 equality_count=62016 equality_rms=4.858224103355e-04 equality_max=1.553556860531e-02 equality_worst_stage=6 equality_worst_index=9415 dynamics_count=1245 dynamics_rms=0.000000000000e+00 dynamics_max=0.000000000000e+00 dynamics_worst_stage=0 dynamics_worst_index=0 bound_count=69486 bound_rms=0.000000000000e+00 bound_max=0.000000000000e+00 bound_worst_stage=0 bound_worst_index=0 bound_worst_kind=none
    42   1.00028586e+04   1.5536e-02   1.1318e+00   6.7578e-04   -2.10      -     2.5000e-01   0
FILTERDDP_ITER_TIMING iteration=42 barrier_iteration=3 backward_s=0.381901500 forward_s=0.109319300 total_s=0.491220800 outcome=accepted step_size=2.500000000e-01 backtracks=0 mu=8.000000000e-03
FILTERDDP_TIMING iteration=43 barrier_iteration=3 stage=6 derivative_s=0.006707700 first_order_s=0.002533300 second_order_s=0.003986800 algebra_s=0.016664900 kkt_assembly_s=0.017440800 factor_s=0.020973300 solve_s=0.013301400 update_s=0.001913600 K_nnz=96025 rhs_cols=1 Vxx_nnz=62001
FILTERDDP_TIMING iteration=43 barrier_iteration=3 stage=5 derivative_s=0.003367500 first_order_s=0.001710100 second_order_s=0.001390000 algebra_s=0.010087800 kkt_assembly_s=0.001352000 factor_s=0.020658100 solve_s=0.012092600 update_s=0.001668900 K_nnz=96025 rhs_cols=1 Vxx_nnz=62001
FILTERDDP_TIMING iteration=43 barrier_iteration=3 stage=4 derivative_s=0.003203000 first_order_s=0.001665700 second_order_s=0.001294600 algebra_s=0.009698200 kkt_assembly_s=0.001381800 factor_s=0.021356400 solve_s=0.012427800 update_s=0.001657400 K_nnz=96025 rhs_cols=1 Vxx_nnz=62001
FILTERDDP_TIMING iteration=43 barrier_iteration=3 stage=3 derivative_s=0.003286100 first_order_s=0.001739200 second_order_s=0.001298400 algebra_s=0.009404200 kkt_assembly_s=0.000764900 factor_s=0.061566200 solve_s=0.012212700 update_s=0.001563800 K_nnz=96025 rhs_cols=1 Vxx_nnz=62001
FILTERDDP_TIMING iteration=43 barrier_iteration=3 stage=2 derivative_s=0.003375100 first_order_s=0.001766500 second_order_s=0.001362400 algebra_s=0.009720800 kkt_assembly_s=0.000602600 factor_s=0.021183100 solve_s=0.013287300 update_s=0.001748800 K_nnz=96025 rhs_cols=1 Vxx_nnz=62001
FILTERDDP_TIMING iteration=43 barrier_iteration=3 stage=1 derivative_s=0.003387500 first_order_s=0.001719800 second_order_s=0.001423000 algebra_s=0.009535800 kkt_assembly_s=0.000711900 factor_s=0.020848600 solve_s=0.012384500 update_s=0.001563200 K_nnz=96025 rhs_cols=1 Vxx_nnz=62001
FILTERDDP_FEASIBILITY iteration=43 barrier_iteration=3 equality_count=62016 equality_rms=4.243853081539e-04 equality_max=1.391737202962e-02 equality_worst_stage=6 equality_worst_index=9415 dynamics_count=1245 dynamics_rms=0.000000000000e+00 dynamics_max=0.000000000000e+00 dynamics_worst_stage=0 dynamics_worst_index=0 bound_count=69486 bound_rms=0.000000000000e+00 bound_max=0.000000000000e+00 bound_worst_stage=0 bound_worst_index=0 bound_worst_kind=none
    43   9.94472507e+03   1.3917e-02   7.1815e-01   4.8907e-04   -2.10      -     2.5000e-01   0
FILTERDDP_ITER_TIMING iteration=43 barrier_iteration=3 backward_s=0.364335100 forward_s=0.051043100 total_s=0.415378200 outcome=accepted step_size=5.000000000e-01 backtracks=0 mu=8.000000000e-03
FILTERDDP_TIMING iteration=44 barrier_iteration=3 stage=6 derivative_s=0.004144900 first_order_s=0.002065000 second_order_s=0.001839800 algebra_s=0.090776800 kkt_assembly_s=0.001396400 factor_s=0.021067700 solve_s=0.012864400 update_s=0.001482400 K_nnz=96025 rhs_cols=1 Vxx_nnz=62001
FILTERDDP_TIMING iteration=44 barrier_iteration=3 stage=5 derivative_s=0.001905500 first_order_s=0.000996600 second_order_s=0.000761400 algebra_s=0.009252100 kkt_assembly_s=0.000798000 factor_s=0.020643900 solve_s=0.012114400 update_s=0.001617400 K_nnz=96025 rhs_cols=1 Vxx_nnz=62001
FILTERDDP_TIMING iteration=44 barrier_iteration=3 stage=4 derivative_s=0.003517700 first_order_s=0.001762300 second_order_s=0.001509800 algebra_s=0.010178700 kkt_assembly_s=0.001133600 factor_s=0.021662900 solve_s=0.012890100 update_s=0.001892200 K_nnz=96025 rhs_cols=1 Vxx_nnz=62001
FILTERDDP_TIMING iteration=44 barrier_iteration=3 stage=3 derivative_s=0.003634400 first_order_s=0.001940900 second_order_s=0.001444100 algebra_s=0.005815700 kkt_assembly_s=0.001327600 factor_s=0.028237500 solve_s=0.013263000 update_s=0.002554100 K_nnz=96025 rhs_cols=1 Vxx_nnz=62001
FILTERDDP_TIMING iteration=44 barrier_iteration=3 stage=2 derivative_s=0.005463600 first_order_s=0.002533900 second_order_s=0.002670500 algebra_s=0.011697800 kkt_assembly_s=0.000831400 factor_s=0.034912500 solve_s=0.013051000 update_s=0.001182400 K_nnz=96025 rhs_cols=1 Vxx_nnz=62001
FILTERDDP_TIMING iteration=44 barrier_iteration=3 stage=1 derivative_s=0.003428200 first_order_s=0.001811800 second_order_s=0.001367100 algebra_s=0.008623600 kkt_assembly_s=0.001183800 factor_s=0.021069700 solve_s=0.012829600 update_s=0.001597600 K_nnz=96025 rhs_cols=1 Vxx_nnz=62001
FILTERDDP_FEASIBILITY iteration=44 barrier_iteration=3 equality_count=62016 equality_rms=3.646989992467e-04 equality_max=1.179298586528e-02 equality_worst_stage=6 equality_worst_index=9415 dynamics_count=1245 dynamics_rms=0.000000000000e+00 dynamics_max=0.000000000000e+00 dynamics_worst_stage=0 dynamics_worst_index=0 bound_count=69486 bound_rms=0.000000000000e+00 bound_max=0.000000000000e+00 bound_worst_stage=0 bound_worst_index=0 bound_worst_kind=none
    44   9.85497156e+03   1.1793e-02   4.0157e-01   2.6298e-04   -2.10      -     5.0000e-01   0
FILTERDDP_ITER_TIMING iteration=44 barrier_iteration=3 backward_s=0.400938400 forward_s=0.047540700 total_s=0.448479100 outcome=accepted step_size=5.000000000e-01 backtracks=0 mu=8.000000000e-03
FILTERDDP_TIMING iteration=45 barrier_iteration=3 stage=6 derivative_s=0.003569400 first_order_s=0.001641100 second_order_s=0.001676300 algebra_s=0.011064300 kkt_assembly_s=0.001334200 factor_s=0.035358600 solve_s=0.011922600 update_s=0.001582700 K_nnz=96025 rhs_cols=1 Vxx_nnz=62001
FILTERDDP_TIMING iteration=45 barrier_iteration=3 stage=5 derivative_s=0.003274100 first_order_s=0.001775700 second_order_s=0.001251100 algebra_s=0.009625300 kkt_assembly_s=0.000773600 factor_s=0.072914200 solve_s=0.012425900 update_s=0.001621700 K_nnz=96025 rhs_cols=1 Vxx_nnz=62001
FILTERDDP_TIMING iteration=45 barrier_iteration=3 stage=4 derivative_s=0.004078500 first_order_s=0.002407900 second_order_s=0.001390900 algebra_s=0.009445600 kkt_assembly_s=0.000704200 factor_s=0.021293600 solve_s=0.012330900 update_s=0.001592600 K_nnz=96025 rhs_cols=1 Vxx_nnz=62001
FILTERDDP_TIMING iteration=45 barrier_iteration=3 stage=3 derivative_s=0.003761900 first_order_s=0.001894300 second_order_s=0.001510900 algebra_s=0.009258400 kkt_assembly_s=0.001596400 factor_s=0.021323600 solve_s=0.012268300 update_s=0.001648500 K_nnz=96025 rhs_cols=1 Vxx_nnz=62001
FILTERDDP_TIMING iteration=45 barrier_iteration=3 stage=2 derivative_s=0.003330300 first_order_s=0.001755700 second_order_s=0.001330600 algebra_s=0.111929200 kkt_assembly_s=0.000619600 factor_s=0.020823400 solve_s=0.011958900 update_s=0.001600100 K_nnz=96025 rhs_cols=1 Vxx_nnz=62001
FILTERDDP_TIMING iteration=45 barrier_iteration=3 stage=1 derivative_s=0.003393700 first_order_s=0.001829600 second_order_s=0.001316200 algebra_s=0.009522100 kkt_assembly_s=0.000691700 factor_s=0.021111300 solve_s=0.011509800 update_s=0.001685800 K_nnz=96025 rhs_cols=1 Vxx_nnz=62001
FILTERDDP_FEASIBILITY iteration=45 barrier_iteration=3 equality_count=62016 equality_rms=2.244227969991e-04 equality_max=6.526610337979e-03 equality_worst_stage=6 equality_worst_index=9415 dynamics_count=1245 dynamics_rms=0.000000000000e+00 dynamics_max=0.000000000000e+00 dynamics_worst_stage=0 dynamics_worst_index=0 bound_count=69486 bound_rms=0.000000000000e+00 bound_max=0.000000000000e+00 bound_worst_stage=0 bound_worst_index=0 bound_worst_kind=none
    45   9.80788543e+03   6.5266e-03   1.5474e-01   1.3750e-04   -2.10      -     5.0000e-01   0
FILTERDDP_ITER_TIMING iteration=45 barrier_iteration=3 backward_s=0.463896400 forward_s=0.046784700 total_s=0.510681100 outcome=accepted step_size=5.000000000e-01 backtracks=0 mu=8.000000000e-03
FILTERDDP_TIMING iteration=46 barrier_iteration=3 stage=6 derivative_s=0.003600100 first_order_s=0.001745700 second_order_s=0.001619600 algebra_s=0.010354300 kkt_assembly_s=0.001039500 factor_s=0.032959700 solve_s=0.011861000 update_s=0.001704000 K_nnz=96025 rhs_cols=1 Vxx_nnz=62001
FILTERDDP_TIMING iteration=46 barrier_iteration=3 stage=5 derivative_s=0.003618800 first_order_s=0.001994400 second_order_s=0.001366200 algebra_s=0.010795000 kkt_assembly_s=0.000769900 factor_s=0.021508000 solve_s=0.012978100 update_s=0.003039600 K_nnz=96025 rhs_cols=1 Vxx_nnz=62001
FILTERDDP_TIMING iteration=46 barrier_iteration=3 stage=4 derivative_s=0.005774500 first_order_s=0.002496600 second_order_s=0.003016600 algebra_s=0.010974300 kkt_assembly_s=0.000817300 factor_s=0.036466000 solve_s=0.011972000 update_s=0.001678300 K_nnz=96025 rhs_cols=1 Vxx_nnz=62001
FILTERDDP_TIMING iteration=46 barrier_iteration=3 stage=3 derivative_s=0.003919300 first_order_s=0.001771000 second_order_s=0.001898400 algebra_s=0.010781200 kkt_assembly_s=0.001368300 factor_s=0.041876800 solve_s=0.011775100 update_s=0.001626200 K_nnz=96025 rhs_cols=1 Vxx_nnz=62001
FILTERDDP_TIMING iteration=46 barrier_iteration=3 stage=2 derivative_s=0.003513100 first_order_s=0.001846800 second_order_s=0.001419000 algebra_s=0.012305400 kkt_assembly_s=0.001349100 factor_s=0.039432400 solve_s=0.012283400 update_s=0.001680200 K_nnz=96025 rhs_cols=1 Vxx_nnz=62001
FILTERDDP_TIMING iteration=46 barrier_iteration=3 stage=1 derivative_s=0.003467100 first_order_s=0.001697900 second_order_s=0.001521100 algebra_s=0.009473600 kkt_assembly_s=0.000601300 factor_s=0.020417000 solve_s=0.012212700 update_s=0.001651400 K_nnz=96025 rhs_cols=1 Vxx_nnz=62001
FILTERDDP_FEASIBILITY iteration=46 barrier_iteration=3 equality_count=62016 equality_rms=1.226019546474e-04 equality_max=3.459369463972e-03 equality_worst_stage=5 equality_worst_index=9415 dynamics_count=1245 dynamics_rms=0.000000000000e+00 dynamics_max=0.000000000000e+00 dynamics_worst_stage=0 dynamics_worst_index=0 bound_count=69486 bound_rms=0.000000000000e+00 bound_max=0.000000000000e+00 bound_worst_stage=0 bound_worst_index=0 bound_worst_kind=none
FILTERDDP_ITER_TIMING iteration=46 barrier_iteration=3 backward_s=0.372638000 forward_s=0.000000000 total_s=0.372638000 outcome=barrier_update step_size=5.000000000e-01 backtracks=0 mu=8.000000000e-03
FILTERDDP_TIMING iteration=46 barrier_iteration=4 stage=6 derivative_s=0.003621100 first_order_s=0.001704200 second_order_s=0.001677700 algebra_s=0.049668000 kkt_assembly_s=0.000637300 factor_s=0.021495500 solve_s=0.011593200 update_s=0.001609000 K_nnz=96025 rhs_cols=1 Vxx_nnz=62001
FILTERDDP_TIMING iteration=46 barrier_iteration=4 stage=5 derivative_s=0.003351600 first_order_s=0.001708100 second_order_s=0.001394200 algebra_s=0.009860900 kkt_assembly_s=0.000617200 factor_s=0.020384300 solve_s=0.012039900 update_s=0.001567400 K_nnz=96025 rhs_cols=1 Vxx_nnz=62001
FILTERDDP_TIMING iteration=46 barrier_iteration=4 stage=4 derivative_s=0.003221000 first_order_s=0.001680500 second_order_s=0.001296000 algebra_s=0.010823100 kkt_assembly_s=0.000641900 factor_s=0.020051500 solve_s=0.012080900 update_s=0.001613500 K_nnz=96025 rhs_cols=1 Vxx_nnz=62001
FILTERDDP_TIMING iteration=46 barrier_iteration=4 stage=3 derivative_s=0.003469000 first_order_s=0.001940000 second_order_s=0.001287600 algebra_s=0.112697400 kkt_assembly_s=0.000603500 factor_s=0.020468700 solve_s=0.012185500 update_s=0.001457600 K_nnz=96025 rhs_cols=1 Vxx_nnz=62001
FILTERDDP_TIMING iteration=46 barrier_iteration=4 stage=2 derivative_s=0.001631100 first_order_s=0.000815300 second_order_s=0.000685100 algebra_s=0.008816600 kkt_assembly_s=0.000712200 factor_s=0.020751300 solve_s=0.011869000 update_s=0.001569800 K_nnz=96025 rhs_cols=1 Vxx_nnz=62001
FILTERDDP_TIMING iteration=46 barrier_iteration=4 stage=1 derivative_s=0.003235000 first_order_s=0.001695100 second_order_s=0.001293700 algebra_s=0.009633500 kkt_assembly_s=0.000692200 factor_s=0.020535500 solve_s=0.011360200 update_s=0.001728900 K_nnz=96025 rhs_cols=1 Vxx_nnz=62001
FILTERDDP_FEASIBILITY iteration=46 barrier_iteration=4 equality_count=62016 equality_rms=1.226019546474e-04 equality_max=3.459369463972e-03 equality_worst_stage=5 equality_worst_index=9415 dynamics_count=1245 dynamics_rms=0.000000000000e+00 dynamics_max=0.000000000000e+00 dynamics_worst_stage=0 dynamics_worst_index=0 bound_count=69486 bound_rms=0.000000000000e+00 bound_max=0.000000000000e+00 bound_worst_stage=0 bound_worst_index=0 bound_worst_kind=none
    46   9.78394360e+03   3.4594e-03   5.0258e-02   7.0455e-05   -2.80      -     5.0000e-01   0
FILTERDDP_ITER_TIMING iteration=46 barrier_iteration=4 backward_s=0.429252500 forward_s=0.047415300 total_s=0.476667800 outcome=accepted step_size=5.000000000e-01 backtracks=0 mu=1.600000000e-03
FILTERDDP_TIMING iteration=47 barrier_iteration=4 stage=6 derivative_s=0.005650900 first_order_s=0.002227200 second_order_s=0.003153600 algebra_s=0.014492400 kkt_assembly_s=0.001530100 factor_s=0.029423300 solve_s=0.013061500 update_s=0.003108800 K_nnz=96025 rhs_cols=1 Vxx_nnz=62001
FILTERDDP_TIMING iteration=47 barrier_iteration=4 stage=5 derivative_s=0.006481700 first_order_s=0.002725400 second_order_s=0.003630200 algebra_s=0.010473900 kkt_assembly_s=0.000831900 factor_s=0.038475300 solve_s=0.012046600 update_s=0.001650800 K_nnz=96025 rhs_cols=1 Vxx_nnz=62001
FILTERDDP_TIMING iteration=47 barrier_iteration=4 stage=4 derivative_s=0.003519800 first_order_s=0.001844500 second_order_s=0.001427200 algebra_s=0.010086100 kkt_assembly_s=0.001076400 factor_s=0.022139100 solve_s=0.015630100 update_s=0.001571000 K_nnz=96025 rhs_cols=1 Vxx_nnz=62001
FILTERDDP_TIMING iteration=47 barrier_iteration=4 stage=3 derivative_s=0.004910500 first_order_s=0.002903800 second_order_s=0.001658700 algebra_s=0.008730200 kkt_assembly_s=0.000607600 factor_s=0.021238600 solve_s=0.013057800 update_s=0.001703400 K_nnz=96025 rhs_cols=1 Vxx_nnz=62001
FILTERDDP_TIMING iteration=47 barrier_iteration=4 stage=2 derivative_s=0.003702000 first_order_s=0.001909200 second_order_s=0.001412700 algebra_s=0.009150300 kkt_assembly_s=0.000672400 factor_s=0.021550500 solve_s=0.011977200 update_s=0.001703800 K_nnz=96025 rhs_cols=1 Vxx_nnz=62001
FILTERDDP_TIMING iteration=47 barrier_iteration=4 stage=1 derivative_s=0.002684400 first_order_s=0.001340700 second_order_s=0.001130600 algebra_s=0.052915500 kkt_assembly_s=0.000632600 factor_s=0.020046300 solve_s=0.012352400 update_s=0.001832100 K_nnz=96025 rhs_cols=1 Vxx_nnz=62001
FILTERDDP_FEASIBILITY iteration=47 barrier_iteration=4 equality_count=62016 equality_rms=2.267580840492e-04 equality_max=8.160071955585e-03 equality_worst_stage=5 equality_worst_index=9415 dynamics_count=1245 dynamics_rms=0.000000000000e+00 dynamics_max=0.000000000000e+00 dynamics_worst_stage=0 dynamics_worst_index=0 bound_count=69486 bound_rms=0.000000000000e+00 bound_max=0.000000000000e+00 bound_worst_stage=0 bound_worst_index=0 bound_worst_kind=none
    47   9.68358783e+03   8.1601e-03   2.9254e-02   3.7895e-05   -2.80      -     5.0000e-01   0
FILTERDDP_ITER_TIMING iteration=47 barrier_iteration=4 backward_s=0.381641000 forward_s=0.048879300 total_s=0.430520300 outcome=accepted step_size=5.000000000e-01 backtracks=0 mu=1.600000000e-03
FILTERDDP_TIMING iteration=48 barrier_iteration=4 stage=6 derivative_s=0.004499600 first_order_s=0.001935700 second_order_s=0.002183700 algebra_s=0.011664600 kkt_assembly_s=0.001128800 factor_s=0.040040700 solve_s=0.012993600 update_s=0.001045000 K_nnz=96025 rhs_cols=1 Vxx_nnz=62001
FILTERDDP_TIMING iteration=48 barrier_iteration=4 stage=5 derivative_s=0.003288400 first_order_s=0.001710000 second_order_s=0.001332000 algebra_s=0.007190300 kkt_assembly_s=0.000873600 factor_s=0.021549100 solve_s=0.104413700 update_s=0.001698700 K_nnz=96025 rhs_cols=1 Vxx_nnz=62001
FILTERDDP_TIMING iteration=48 barrier_iteration=4 stage=4 derivative_s=0.003453000 first_order_s=0.001858200 second_order_s=0.001350200 algebra_s=0.009560800 kkt_assembly_s=0.000578000 factor_s=0.020921300 solve_s=0.012352500 update_s=0.001584500 K_nnz=96025 rhs_cols=1 Vxx_nnz=62001
FILTERDDP_TIMING iteration=48 barrier_iteration=4 stage=3 derivative_s=0.003252800 first_order_s=0.001705100 second_order_s=0.001303800 algebra_s=0.012245000 kkt_assembly_s=0.001298600 factor_s=0.020442600 solve_s=0.012322500 update_s=0.001565900 K_nnz=96025 rhs_cols=1 Vxx_nnz=62001
FILTERDDP_TIMING iteration=48 barrier_iteration=4 stage=2 derivative_s=0.003310200 first_order_s=0.001705900 second_order_s=0.001357300 algebra_s=0.009539000 kkt_assembly_s=0.000730700 factor_s=0.020258200 solve_s=0.011996700 update_s=0.001581000 K_nnz=96025 rhs_cols=1 Vxx_nnz=62001
FILTERDDP_TIMING iteration=48 barrier_iteration=4 stage=1 derivative_s=0.003196000 first_order_s=0.001685400 second_order_s=0.001261000 algebra_s=0.009979600 kkt_assembly_s=0.001701400 factor_s=0.022286100 solve_s=0.013235400 update_s=0.002675500 K_nnz=96025 rhs_cols=1 Vxx_nnz=62001
FILTERDDP_FEASIBILITY iteration=48 barrier_iteration=4 equality_count=62016 equality_rms=1.664646754096e-04 equality_max=5.555141830720e-03 equality_worst_stage=3 equality_worst_index=9415 dynamics_count=1245 dynamics_rms=0.000000000000e+00 dynamics_max=0.000000000000e+00 dynamics_worst_stage=0 dynamics_worst_index=0 bound_count=69486 bound_rms=0.000000000000e+00 bound_max=0.000000000000e+00 bound_worst_stage=0 bound_worst_index=0 bound_worst_kind=none
FILTERDDP_ITER_TIMING iteration=48 barrier_iteration=4 backward_s=0.411459700 forward_s=0.000000000 total_s=0.411459700 outcome=barrier_update step_size=5.000000000e-01 backtracks=0 mu=1.600000000e-03
FILTERDDP_TIMING iteration=48 barrier_iteration=5 stage=6 derivative_s=0.005719200 first_order_s=0.002456700 second_order_s=0.003007500 algebra_s=0.010571100 kkt_assembly_s=0.000835800 factor_s=0.034278300 solve_s=0.012388700 update_s=0.001842000 K_nnz=96025 rhs_cols=1 Vxx_nnz=62001
FILTERDDP_TIMING iteration=48 barrier_iteration=5 stage=5 derivative_s=0.003258000 first_order_s=0.001705400 second_order_s=0.001308000 algebra_s=0.009601800 kkt_assembly_s=0.000626100 factor_s=0.020639300 solve_s=0.011972200 update_s=0.001686100 K_nnz=96025 rhs_cols=1 Vxx_nnz=62001
FILTERDDP_TIMING iteration=48 barrier_iteration=5 stage=4 derivative_s=0.003246500 first_order_s=0.001689700 second_order_s=0.001308300 algebra_s=0.009579400 kkt_assembly_s=0.000626800 factor_s=0.020545300 solve_s=0.012421000 update_s=0.001508200 K_nnz=96025 rhs_cols=1 Vxx_nnz=62001
FILTERDDP_TIMING iteration=48 barrier_iteration=5 stage=3 derivative_s=0.003484000 first_order_s=0.001894900 second_order_s=0.001341100 algebra_s=0.009516400 kkt_assembly_s=0.000569900 factor_s=0.020389600 solve_s=0.012003600 update_s=0.001677400 K_nnz=96025 rhs_cols=1 Vxx_nnz=62001
FILTERDDP_TIMING iteration=48 barrier_iteration=5 stage=2 derivative_s=0.043456600 first_order_s=0.042425400 second_order_s=0.000907800 algebra_s=0.008082900 kkt_assembly_s=0.001378800 factor_s=0.039312000 solve_s=0.012900900 update_s=0.001581500 K_nnz=96025 rhs_cols=1 Vxx_nnz=62001
FILTERDDP_TIMING iteration=48 barrier_iteration=5 stage=1 derivative_s=0.003323000 first_order_s=0.001770300 second_order_s=0.001307400 algebra_s=0.011949800 kkt_assembly_s=0.001546500 factor_s=0.038552900 solve_s=0.013895800 update_s=0.001708300 K_nnz=96025 rhs_cols=1 Vxx_nnz=62001
FILTERDDP_FEASIBILITY iteration=48 barrier_iteration=5 equality_count=62016 equality_rms=1.664646754096e-04 equality_max=5.555141830720e-03 equality_worst_stage=3 equality_worst_index=9415 dynamics_count=1245 dynamics_rms=0.000000000000e+00 dynamics_max=0.000000000000e+00 dynamics_worst_stage=0 dynamics_worst_index=0 bound_count=69486 bound_rms=0.000000000000e+00 bound_max=0.000000000000e+00 bound_worst_stage=0 bound_worst_index=0 bound_worst_kind=none
    48   9.63155654e+03   5.5551e-03   1.2667e-02   1.9647e-05   -3.49      -     5.0000e-01   0
FILTERDDP_ITER_TIMING iteration=48 barrier_iteration=5 backward_s=0.387932200 forward_s=0.055263700 total_s=0.443195900 outcome=accepted step_size=2.500000000e-01 backtracks=0 mu=3.200000000e-04
FILTERDDP_TIMING iteration=49 barrier_iteration=5 stage=6 derivative_s=0.003808100 first_order_s=0.002214400 second_order_s=0.001381500 algebra_s=0.011725800 kkt_assembly_s=0.001389800 factor_s=0.111955500 solve_s=0.012961900 update_s=0.001564700 K_nnz=96025 rhs_cols=1 Vxx_nnz=62001
FILTERDDP_TIMING iteration=49 barrier_iteration=5 stage=5 derivative_s=0.003338000 first_order_s=0.001746200 second_order_s=0.001344100 algebra_s=0.009673000 kkt_assembly_s=0.000555500 factor_s=0.020464400 solve_s=0.012015600 update_s=0.001602500 K_nnz=96025 rhs_cols=1 Vxx_nnz=62001
FILTERDDP_TIMING iteration=49 barrier_iteration=5 stage=4 derivative_s=0.003634400 first_order_s=0.002084100 second_order_s=0.001302200 algebra_s=0.009634700 kkt_assembly_s=0.001677600 factor_s=0.033833500 solve_s=0.012229600 update_s=0.001494900 K_nnz=96025 rhs_cols=1 Vxx_nnz=62001
FILTERDDP_TIMING iteration=49 barrier_iteration=5 stage=3 derivative_s=0.003251100 first_order_s=0.001725800 second_order_s=0.001278100 algebra_s=0.007190700 kkt_assembly_s=0.000699200 factor_s=0.022848600 solve_s=0.012150200 update_s=0.001507700 K_nnz=96025 rhs_cols=1 Vxx_nnz=62001
FILTERDDP_TIMING iteration=49 barrier_iteration=5 stage=2 derivative_s=0.003188700 first_order_s=0.001684700 second_order_s=0.001258900 algebra_s=0.010322600 kkt_assembly_s=0.000815900 factor_s=0.022510900 solve_s=0.012849900 update_s=0.002891000 K_nnz=96025 rhs_cols=1 Vxx_nnz=62001
FILTERDDP_TIMING iteration=49 barrier_iteration=5 stage=1 derivative_s=0.021941700 first_order_s=0.002335300 second_order_s=0.019327500 algebra_s=0.011283300 kkt_assembly_s=0.000944800 factor_s=0.021466100 solve_s=0.011714500 update_s=0.001695300 K_nnz=96025 rhs_cols=1 Vxx_nnz=62001
FILTERDDP_FEASIBILITY iteration=49 barrier_iteration=5 equality_count=62016 equality_rms=1.402234534623e-04 equality_max=4.705475533843e-03 equality_worst_stage=3 equality_worst_index=9415 dynamics_count=1245 dynamics_rms=0.000000000000e+00 dynamics_max=0.000000000000e+00 dynamics_worst_stage=0 dynamics_worst_index=0 bound_count=69486 bound_rms=0.000000000000e+00 bound_max=0.000000000000e+00 bound_worst_stage=0 bound_worst_index=0 bound_worst_kind=none
    49   9.60922877e+03   4.7055e-03   9.3763e-03   1.4706e-05   -3.49      -     2.5000e-01   0
FILTERDDP_ITER_TIMING iteration=49 barrier_iteration=5 backward_s=0.423742500 forward_s=0.077017400 total_s=0.500759900 outcome=accepted step_size=2.500000000e-01 backtracks=0 mu=3.200000000e-04
FILTERDDP_TIMING iteration=50 barrier_iteration=5 stage=6 derivative_s=0.003555200 first_order_s=0.001656900 second_order_s=0.001637600 algebra_s=0.013508700 kkt_assembly_s=0.001379800 factor_s=0.038900100 solve_s=0.011734500 update_s=0.001834700 K_nnz=96025 rhs_cols=1 Vxx_nnz=62001
FILTERDDP_TIMING iteration=50 barrier_iteration=5 stage=5 derivative_s=0.003265700 first_order_s=0.001730400 second_order_s=0.001288500 algebra_s=0.009845400 kkt_assembly_s=0.000603700 factor_s=0.022199600 solve_s=0.055224500 update_s=0.001951800 K_nnz=96025 rhs_cols=1 Vxx_nnz=62001
FILTERDDP_TIMING iteration=50 barrier_iteration=5 stage=4 derivative_s=0.003571100 first_order_s=0.001975000 second_order_s=0.001342900 algebra_s=0.009776800 kkt_assembly_s=0.001453500 factor_s=0.039451400 solve_s=0.013510200 update_s=0.001539600 K_nnz=96025 rhs_cols=1 Vxx_nnz=62001
FILTERDDP_TIMING iteration=50 barrier_iteration=5 stage=3 derivative_s=0.001332800 first_order_s=0.000690500 second_order_s=0.000532500 algebra_s=0.008521100 kkt_assembly_s=0.000850800 factor_s=0.026532400 solve_s=0.013006600 update_s=0.001648900 K_nnz=96025 rhs_cols=1 Vxx_nnz=62001
FILTERDDP_TIMING iteration=50 barrier_iteration=5 stage=2 derivative_s=0.002618700 first_order_s=0.001360700 second_order_s=0.001056300 algebra_s=0.009646100 kkt_assembly_s=0.000697600 factor_s=0.020505000 solve_s=0.116914900 update_s=0.001601000 K_nnz=96025 rhs_cols=1 Vxx_nnz=62001
FILTERDDP_TIMING iteration=50 barrier_iteration=5 stage=1 derivative_s=0.003548300 first_order_s=0.001944300 second_order_s=0.001356000 algebra_s=0.009594500 kkt_assembly_s=0.000583600 factor_s=0.020858300 solve_s=0.012297300 update_s=0.001719000 K_nnz=96025 rhs_cols=1 Vxx_nnz=62001
FILTERDDP_FEASIBILITY iteration=50 barrier_iteration=5 equality_count=62016 equality_rms=1.182587540793e-04 equality_max=3.886624375202e-03 equality_worst_stage=3 equality_worst_index=9415 dynamics_count=1245 dynamics_rms=0.000000000000e+00 dynamics_max=0.000000000000e+00 dynamics_worst_stage=0 dynamics_worst_index=0 bound_count=69486 bound_rms=0.000000000000e+00 bound_max=0.000000000000e+00 bound_worst_stage=0 bound_worst_index=0 bound_worst_kind=none
  iter     objective        pr_inf       du_inf       cs_inf     lg(μ)   lg(reg)    alpha     ls
    50   9.59243974e+03   3.8866e-03   6.7910e-03   1.0946e-05   -3.49      -     2.5000e-01   0
FILTERDDP_ITER_TIMING iteration=50 barrier_iteration=5 backward_s=0.486696100 forward_s=0.087230200 total_s=0.573926300 outcome=accepted step_size=1.250000000e-01 backtracks=0 mu=3.200000000e-04
FILTERDDP_TIMING iteration=51 barrier_iteration=5 stage=6 derivative_s=0.003904600 first_order_s=0.001695400 second_order_s=0.001972000 algebra_s=0.013495700 kkt_assembly_s=0.001507100 factor_s=0.038776600 solve_s=0.011827700 update_s=0.001579300 K_nnz=96025 rhs_cols=1 Vxx_nnz=62001
FILTERDDP_TIMING iteration=51 barrier_iteration=5 stage=5 derivative_s=0.003399200 first_order_s=0.001817000 second_order_s=0.001334900 algebra_s=0.009716200 kkt_assembly_s=0.000628400 factor_s=0.021396900 solve_s=0.013223500 update_s=0.002735000 K_nnz=96025 rhs_cols=1 Vxx_nnz=62001
FILTERDDP_TIMING iteration=51 barrier_iteration=5 stage=4 derivative_s=0.005842000 first_order_s=0.002762100 second_order_s=0.002817200 algebra_s=0.012060900 kkt_assembly_s=0.002228200 factor_s=0.036208100 solve_s=0.014544500 update_s=0.002708900 K_nnz=96025 rhs_cols=1 Vxx_nnz=62001
FILTERDDP_TIMING iteration=51 barrier_iteration=5 stage=3 derivative_s=0.005960000 first_order_s=0.002657600 second_order_s=0.003053600 algebra_s=0.038661300 kkt_assembly_s=0.001244000 factor_s=0.021972600 solve_s=0.012217700 update_s=0.001674700 K_nnz=96025 rhs_cols=1 Vxx_nnz=62001
FILTERDDP_TIMING iteration=51 barrier_iteration=5 stage=2 derivative_s=0.005832200 first_order_s=0.002686900 second_order_s=0.002891100 algebra_s=0.008980500 kkt_assembly_s=0.001135600 factor_s=0.021979100 solve_s=0.013339700 update_s=0.002610200 K_nnz=96025 rhs_cols=1 Vxx_nnz=62001
FILTERDDP_TIMING iteration=51 barrier_iteration=5 stage=1 derivative_s=0.005946000 first_order_s=0.002660400 second_order_s=0.003021300 algebra_s=0.010401600 kkt_assembly_s=0.000774500 factor_s=0.022510800 solve_s=0.014153000 update_s=0.003223400 K_nnz=96025 rhs_cols=1 Vxx_nnz=62001
FILTERDDP_FEASIBILITY iteration=51 barrier_iteration=5 equality_count=62016 equality_rms=1.061508005941e-04 equality_max=3.459045532398e-03 equality_worst_stage=3 equality_worst_index=9415 dynamics_count=1245 dynamics_rms=0.000000000000e+00 dynamics_max=0.000000000000e+00 dynamics_worst_stage=0 dynamics_worst_index=0 bound_count=69486 bound_rms=0.000000000000e+00 bound_max=0.000000000000e+00 bound_worst_stage=0 bound_worst_index=0 bound_worst_kind=none
    51   9.58614578e+03   3.4590e-03   5.7677e-03   9.4434e-06   -3.49      -     1.2500e-01   0
FILTERDDP_ITER_TIMING iteration=51 barrier_iteration=5 backward_s=0.389318600 forward_s=0.151702400 total_s=0.541021000 outcome=accepted step_size=1.250000000e-01 backtracks=0 mu=3.200000000e-04
FILTERDDP_TIMING iteration=52 barrier_iteration=5 stage=6 derivative_s=0.001474500 first_order_s=0.000665100 second_order_s=0.000664100 algebra_s=0.008561800 kkt_assembly_s=0.001832300 factor_s=0.020761600 solve_s=0.012533500 update_s=0.001692900 K_nnz=96025 rhs_cols=1 Vxx_nnz=62001
FILTERDDP_TIMING iteration=52 barrier_iteration=5 stage=5 derivative_s=0.003464800 first_order_s=0.001844100 second_order_s=0.001371600 algebra_s=0.011091200 kkt_assembly_s=0.000595700 factor_s=0.021224800 solve_s=0.011724400 update_s=0.001679500 K_nnz=96025 rhs_cols=1 Vxx_nnz=62001
FILTERDDP_TIMING iteration=52 barrier_iteration=5 stage=4 derivative_s=0.003296600 first_order_s=0.001759800 second_order_s=0.001290600 algebra_s=0.010021500 kkt_assembly_s=0.000582400 factor_s=0.020548100 solve_s=0.126486200 update_s=0.002602000 K_nnz=96025 rhs_cols=1 Vxx_nnz=62001
FILTERDDP_TIMING iteration=52 barrier_iteration=5 stage=3 derivative_s=0.006029100 first_order_s=0.002694900 second_order_s=0.003076100 algebra_s=0.011228700 kkt_assembly_s=0.000848500 factor_s=0.021683000 solve_s=0.012840800 update_s=0.002774500 K_nnz=96025 rhs_cols=1 Vxx_nnz=62001
FILTERDDP_TIMING iteration=52 barrier_iteration=5 stage=2 derivative_s=0.006324500 first_order_s=0.002592600 second_order_s=0.003506600 algebra_s=0.010785300 kkt_assembly_s=0.000793300 factor_s=0.021292000 solve_s=0.014561100 update_s=0.002757200 K_nnz=96025 rhs_cols=1 Vxx_nnz=62001
FILTERDDP_TIMING iteration=52 barrier_iteration=5 stage=1 derivative_s=0.007796600 first_order_s=0.002809300 second_order_s=0.004521900 algebra_s=0.018025400 kkt_assembly_s=0.002018000 factor_s=0.039067500 solve_s=0.013040700 update_s=0.002706100 K_nnz=96025 rhs_cols=1 Vxx_nnz=62001
FILTERDDP_FEASIBILITY iteration=52 barrier_iteration=5 equality_count=62016 equality_rms=9.527890701196e-05 equality_max=3.073998174090e-03 equality_worst_stage=3 equality_worst_index=9415 dynamics_count=1245 dynamics_rms=0.000000000000e+00 dynamics_max=0.000000000000e+00 dynamics_worst_stage=0 dynamics_worst_index=0 bound_count=69486 bound_rms=0.000000000000e+00 bound_max=0.000000000000e+00 bound_worst_stage=0 bound_worst_index=0 bound_worst_kind=none
    52   9.58064266e+03   3.0740e-03   4.8762e-03   8.1336e-06   -3.49      -     1.2500e-01   0
FILTERDDP_ITER_TIMING iteration=52 barrier_iteration=5 backward_s=0.455686300 forward_s=0.075971000 total_s=0.531657300 outcome=accepted step_size=2.500000000e-01 backtracks=0 mu=3.200000000e-04
FILTERDDP_TIMING iteration=53 barrier_iteration=5 stage=6 derivative_s=0.008730700 first_order_s=0.003239200 second_order_s=0.005021500 algebra_s=0.024168300 kkt_assembly_s=0.002272100 factor_s=0.053589600 solve_s=0.022424600 update_s=0.002731600 K_nnz=96025 rhs_cols=1 Vxx_nnz=62001
FILTERDDP_TIMING iteration=53 barrier_iteration=5 stage=5 derivative_s=0.003755100 first_order_s=0.001596600 second_order_s=0.001989100 algebra_s=0.011254600 kkt_assembly_s=0.012108800 factor_s=0.021166500 solve_s=0.011757800 update_s=0.001251200 K_nnz=96025 rhs_cols=1 Vxx_nnz=62001
FILTERDDP_TIMING iteration=53 barrier_iteration=5 stage=4 derivative_s=0.003139400 first_order_s=0.001546700 second_order_s=0.001388100 algebra_s=0.009211400 kkt_assembly_s=0.000769300 factor_s=0.021018700 solve_s=0.011722100 update_s=0.001452700 K_nnz=96025 rhs_cols=1 Vxx_nnz=62001
FILTERDDP_TIMING iteration=53 barrier_iteration=5 stage=3 derivative_s=0.003402900 first_order_s=0.001719300 second_order_s=0.001437800 algebra_s=0.009704600 kkt_assembly_s=0.000569500 factor_s=0.021563300 solve_s=0.012256600 update_s=0.001646500 K_nnz=96025 rhs_cols=1 Vxx_nnz=62001
FILTERDDP_TIMING iteration=53 barrier_iteration=5 stage=2 derivative_s=0.001774200 first_order_s=0.000939400 second_order_s=0.000699900 algebra_s=0.009693600 kkt_assembly_s=0.001176200 factor_s=0.021768300 solve_s=0.057794900 update_s=0.001245000 K_nnz=96025 rhs_cols=1 Vxx_nnz=62001
FILTERDDP_TIMING iteration=53 barrier_iteration=5 stage=1 derivative_s=0.003468900 first_order_s=0.001803600 second_order_s=0.001418300 algebra_s=0.009539300 kkt_assembly_s=0.000704700 factor_s=0.021502300 solve_s=0.012215600 update_s=0.001479600 K_nnz=96025 rhs_cols=1 Vxx_nnz=62001
FILTERDDP_FEASIBILITY iteration=53 barrier_iteration=5 equality_count=62016 equality_rms=8.033135811966e-05 equality_max=2.458828886027e-03 equality_worst_stage=3 equality_worst_index=9415 dynamics_count=1245 dynamics_rms=0.000000000000e+00 dynamics_max=0.000000000000e+00 dynamics_worst_stage=0 dynamics_worst_index=0 bound_count=69486 bound_rms=0.000000000000e+00 bound_max=0.000000000000e+00 bound_worst_stage=0 bound_worst_index=0 bound_worst_kind=none
    53   9.57102400e+03   2.4588e-03   3.3938e-03   5.9926e-06   -3.49      -     2.5000e-01   0
FILTERDDP_ITER_TIMING iteration=53 barrier_iteration=5 backward_s=0.415221000 forward_s=0.045533800 total_s=0.460754800 outcome=accepted step_size=2.500000000e-01 backtracks=0 mu=3.200000000e-04
FILTERDDP_TIMING iteration=54 barrier_iteration=5 stage=6 derivative_s=0.002620600 first_order_s=0.001154400 second_order_s=0.001320400 algebra_s=0.007932400 kkt_assembly_s=0.000829500 factor_s=0.025579400 solve_s=0.013390800 update_s=0.001696500 K_nnz=96025 rhs_cols=1 Vxx_nnz=62001
FILTERDDP_TIMING iteration=54 barrier_iteration=5 stage=5 derivative_s=0.002780700 first_order_s=0.001426000 second_order_s=0.001136200 algebra_s=0.009930800 kkt_assembly_s=0.001454600 factor_s=0.112433800 solve_s=0.012118800 update_s=0.001359000 K_nnz=96025 rhs_cols=1 Vxx_nnz=62001
FILTERDDP_TIMING iteration=54 barrier_iteration=5 stage=4 derivative_s=0.003393600 first_order_s=0.001793900 second_order_s=0.001347100 algebra_s=0.009430200 kkt_assembly_s=0.000715300 factor_s=0.021019200 solve_s=0.012036800 update_s=0.001405000 K_nnz=96025 rhs_cols=1 Vxx_nnz=62001
FILTERDDP_TIMING iteration=54 barrier_iteration=5 stage=3 derivative_s=0.003294700 first_order_s=0.001786600 second_order_s=0.001261900 algebra_s=0.007178200 kkt_assembly_s=0.000988600 factor_s=0.028178000 solve_s=0.012516600 update_s=0.001631800 K_nnz=96025 rhs_cols=1 Vxx_nnz=62001
FILTERDDP_TIMING iteration=54 barrier_iteration=5 stage=2 derivative_s=0.003268500 first_order_s=0.001701100 second_order_s=0.001318200 algebra_s=0.009737100 kkt_assembly_s=0.000699100 factor_s=0.020987500 solve_s=0.012216500 update_s=0.001495900 K_nnz=96025 rhs_cols=1 Vxx_nnz=62001
FILTERDDP_TIMING iteration=54 barrier_iteration=5 stage=1 derivative_s=0.003345900 first_order_s=0.001760700 second_order_s=0.001334400 algebra_s=0.007226800 kkt_assembly_s=0.000865200 factor_s=0.027897300 solve_s=0.013427100 update_s=0.018170100 K_nnz=96025 rhs_cols=1 Vxx_nnz=62001
FILTERDDP_FEASIBILITY iteration=54 barrier_iteration=5 equality_count=62016 equality_rms=6.705792497232e-05 equality_max=1.940985626391e-03 equality_worst_stage=3 equality_worst_index=9415 dynamics_count=1245 dynamics_rms=0.000000000000e+00 dynamics_max=0.000000000000e+00 dynamics_worst_stage=0 dynamics_worst_index=0 bound_count=69486 bound_rms=0.000000000000e+00 bound_max=0.000000000000e+00 bound_worst_stage=0 bound_worst_index=0 bound_worst_kind=none
FILTERDDP_ITER_TIMING iteration=54 barrier_iteration=5 backward_s=0.414218200 forward_s=0.000000000 total_s=0.414218200 outcome=barrier_update step_size=2.500000000e-01 backtracks=0 mu=3.200000000e-04
FILTERDDP_TIMING iteration=54 barrier_iteration=6 stage=6 derivative_s=0.003687500 first_order_s=0.001743400 second_order_s=0.001702100 algebra_s=0.013465700 kkt_assembly_s=0.001464900 factor_s=0.033720400 solve_s=0.026229700 update_s=0.001611000 K_nnz=96025 rhs_cols=1 Vxx_nnz=62001
FILTERDDP_TIMING iteration=54 barrier_iteration=6 stage=5 derivative_s=0.003700200 first_order_s=0.001853300 second_order_s=0.001598800 algebra_s=0.011910500 kkt_assembly_s=0.001413300 factor_s=0.064654300 solve_s=0.014167900 update_s=0.001856200 K_nnz=96025 rhs_cols=1 Vxx_nnz=62001
FILTERDDP_TIMING iteration=54 barrier_iteration=6 stage=4 derivative_s=0.003397400 first_order_s=0.001722400 second_order_s=0.001424400 algebra_s=0.011333000 kkt_assembly_s=0.001431900 factor_s=0.038060700 solve_s=0.013824700 update_s=0.001626700 K_nnz=96025 rhs_cols=1 Vxx_nnz=62001
FILTERDDP_TIMING iteration=54 barrier_iteration=6 stage=3 derivative_s=0.003290300 first_order_s=0.001711500 second_order_s=0.001327200 algebra_s=0.010074600 kkt_assembly_s=0.000734100 factor_s=0.067627900 solve_s=0.012998000 update_s=0.001447600 K_nnz=96025 rhs_cols=1 Vxx_nnz=62001
FILTERDDP_TIMING iteration=54 barrier_iteration=6 stage=2 derivative_s=0.003180400 first_order_s=0.001847500 second_order_s=0.001083700 algebra_s=0.011259600 kkt_assembly_s=0.001206700 factor_s=0.041406100 solve_s=0.012545200 update_s=0.001829900 K_nnz=96025 rhs_cols=1 Vxx_nnz=62001
FILTERDDP_TIMING iteration=54 barrier_iteration=6 stage=1 derivative_s=0.003347100 first_order_s=0.001829300 second_order_s=0.001269500 algebra_s=0.010063700 kkt_assembly_s=0.000584900 factor_s=0.021768500 solve_s=0.012851300 update_s=0.001474700 K_nnz=96025 rhs_cols=1 Vxx_nnz=62001
FILTERDDP_FEASIBILITY iteration=54 barrier_iteration=6 equality_count=62016 equality_rms=6.705792497232e-05 equality_max=1.940985626391e-03 equality_worst_stage=3 equality_worst_index=9415 dynamics_count=1245 dynamics_rms=0.000000000000e+00 dynamics_max=0.000000000000e+00 dynamics_worst_stage=0 dynamics_worst_index=0 bound_count=69486 bound_rms=0.000000000000e+00 bound_max=0.000000000000e+00 bound_worst_stage=0 bound_worst_index=0 bound_worst_kind=none
    54   9.56384450e+03   1.9410e-03   2.3116e-03   4.3921e-06   -4.19      -     2.5000e-01   0
FILTERDDP_ITER_TIMING iteration=54 barrier_iteration=6 backward_s=0.466474200 forward_s=0.160990200 total_s=0.627464400 outcome=accepted step_size=2.500000000e-01 backtracks=0 mu=6.400000000e-05
FILTERDDP_TIMING iteration=55 barrier_iteration=6 stage=6 derivative_s=0.002592800 first_order_s=0.001024000 second_order_s=0.001476400 algebra_s=0.011822600 kkt_assembly_s=0.001325400 factor_s=0.029722200 solve_s=0.014568100 update_s=0.002859200 K_nnz=96025 rhs_cols=1 Vxx_nnz=62001
FILTERDDP_TIMING iteration=55 barrier_iteration=6 stage=5 derivative_s=0.005901100 first_order_s=0.002640500 second_order_s=0.003004200 algebra_s=0.011840700 kkt_assembly_s=0.000806700 factor_s=0.021496800 solve_s=0.013884100 update_s=0.002923600 K_nnz=96025 rhs_cols=1 Vxx_nnz=62001
FILTERDDP_TIMING iteration=55 barrier_iteration=6 stage=4 derivative_s=0.007255900 first_order_s=0.003096300 second_order_s=0.003833700 algebra_s=0.018297200 kkt_assembly_s=0.000864600 factor_s=0.023012500 solve_s=0.014492800 update_s=0.002938500 K_nnz=96025 rhs_cols=1 Vxx_nnz=62001
FILTERDDP_TIMING iteration=55 barrier_iteration=6 stage=3 derivative_s=0.005847800 first_order_s=0.002688300 second_order_s=0.002829900 algebra_s=0.010615100 kkt_assembly_s=0.000778300 factor_s=0.022370900 solve_s=0.014782600 update_s=0.002855900 K_nnz=96025 rhs_cols=1 Vxx_nnz=62001
FILTERDDP_TIMING iteration=55 barrier_iteration=6 stage=2 derivative_s=0.008187300 first_order_s=0.003991100 second_order_s=0.003787800 algebra_s=0.025171000 kkt_assembly_s=0.000633600 factor_s=0.020575900 solve_s=0.012056900 update_s=0.001722300 K_nnz=96025 rhs_cols=1 Vxx_nnz=62001
FILTERDDP_TIMING iteration=55 barrier_iteration=6 stage=1 derivative_s=0.003582400 first_order_s=0.001926300 second_order_s=0.001334300 algebra_s=0.009495800 kkt_assembly_s=0.000559000 factor_s=0.022993500 solve_s=0.011846800 update_s=0.001788400 K_nnz=96025 rhs_cols=1 Vxx_nnz=62001
FILTERDDP_FEASIBILITY iteration=55 barrier_iteration=6 equality_count=62016 equality_rms=5.798600478580e-05 equality_max=1.562241386925e-03 equality_worst_stage=3 equality_worst_index=9415 dynamics_count=1245 dynamics_rms=0.000000000000e+00 dynamics_max=0.000000000000e+00 dynamics_worst_stage=0 dynamics_worst_index=0 bound_count=69486 bound_rms=0.000000000000e+00 bound_max=0.000000000000e+00 bound_worst_stage=0 bound_worst_index=0 bound_worst_kind=none
    55   9.55667426e+03   1.5622e-03   1.6994e-03   3.3253e-06   -4.19      -     2.5000e-01   0
FILTERDDP_ITER_TIMING iteration=55 barrier_iteration=6 backward_s=0.363462600 forward_s=0.054874900 total_s=0.418337500 outcome=accepted step_size=2.500000000e-01 backtracks=0 mu=6.400000000e-05
FILTERDDP_TIMING iteration=56 barrier_iteration=6 stage=6 derivative_s=0.003764500 first_order_s=0.001823300 second_order_s=0.001702100 algebra_s=0.013217700 kkt_assembly_s=0.001314400 factor_s=0.036838000 solve_s=0.011364300 update_s=0.001333900 K_nnz=96025 rhs_cols=1 Vxx_nnz=62001
FILTERDDP_TIMING iteration=56 barrier_iteration=6 stage=5 derivative_s=0.044172800 first_order_s=0.001768100 second_order_s=0.042134800 algebra_s=0.008398200 kkt_assembly_s=0.000793600 factor_s=0.021007400 solve_s=0.012671300 update_s=0.001964400 K_nnz=96025 rhs_cols=1 Vxx_nnz=62001
FILTERDDP_TIMING iteration=56 barrier_iteration=6 stage=4 derivative_s=0.003445900 first_order_s=0.001812500 second_order_s=0.001382100 algebra_s=0.010117800 kkt_assembly_s=0.000574700 factor_s=0.021265500 solve_s=0.012962800 update_s=0.001670600 K_nnz=96025 rhs_cols=1 Vxx_nnz=62001
FILTERDDP_TIMING iteration=56 barrier_iteration=6 stage=3 derivative_s=0.003545100 first_order_s=0.001887100 second_order_s=0.001369300 algebra_s=0.009767400 kkt_assembly_s=0.000672500 factor_s=0.021311600 solve_s=0.106381200 update_s=0.001611500 K_nnz=96025 rhs_cols=1 Vxx_nnz=62001
FILTERDDP_TIMING iteration=56 barrier_iteration=6 stage=2 derivative_s=0.003815100 first_order_s=0.001869500 second_order_s=0.001629600 algebra_s=0.009420600 kkt_assembly_s=0.000583000 factor_s=0.021385000 solve_s=0.013193300 update_s=0.001677900 K_nnz=96025 rhs_cols=1 Vxx_nnz=62001
FILTERDDP_TIMING iteration=56 barrier_iteration=6 stage=1 derivative_s=0.003972800 first_order_s=0.002171800 second_order_s=0.001394000 algebra_s=0.012938400 kkt_assembly_s=0.000578900 factor_s=0.020726200 solve_s=0.012183600 update_s=0.001632400 K_nnz=96025 rhs_cols=1 Vxx_nnz=62001
FILTERDDP_FEASIBILITY iteration=56 barrier_iteration=6 equality_count=62016 equality_rms=4.915257665711e-05 equality_max=1.238925008850e-03 equality_worst_stage=3 equality_worst_index=9415 dynamics_count=1245 dynamics_rms=0.000000000000e+00 dynamics_max=0.000000000000e+00 dynamics_worst_stage=0 dynamics_worst_index=0 bound_count=69486 bound_rms=0.000000000000e+00 bound_max=0.000000000000e+00 bound_worst_stage=0 bound_worst_index=0 bound_worst_kind=none
    56   9.55133998e+03   1.2389e-03   1.2356e-03   2.5085e-06   -4.19      -     2.5000e-01   0
FILTERDDP_ITER_TIMING iteration=56 barrier_iteration=6 backward_s=0.453204500 forward_s=0.067914900 total_s=0.521119400 outcome=accepted step_size=1.250000000e-01 backtracks=0 mu=6.400000000e-05
FILTERDDP_TIMING iteration=57 barrier_iteration=6 stage=6 derivative_s=0.003922700 first_order_s=0.001829900 second_order_s=0.001853500 algebra_s=0.013421700 kkt_assembly_s=0.001517400 factor_s=0.036977300 solve_s=0.013302600 update_s=0.002428900 K_nnz=96025 rhs_cols=1 Vxx_nnz=62001
FILTERDDP_TIMING iteration=57 barrier_iteration=6 stage=5 derivative_s=0.005901900 first_order_s=0.002774800 second_order_s=0.002864000 algebra_s=0.010465400 kkt_assembly_s=0.000972200 factor_s=0.024959800 solve_s=0.013365300 update_s=0.002736200 K_nnz=96025 rhs_cols=1 Vxx_nnz=62001
FILTERDDP_TIMING iteration=57 barrier_iteration=6 stage=4 derivative_s=0.006966500 first_order_s=0.003165400 second_order_s=0.003519200 algebra_s=0.022032300 kkt_assembly_s=0.001368200 factor_s=0.035911900 solve_s=0.011835600 update_s=0.001699400 K_nnz=96025 rhs_cols=1 Vxx_nnz=62001
FILTERDDP_TIMING iteration=57 barrier_iteration=6 stage=3 derivative_s=0.003367000 first_order_s=0.001707200 second_order_s=0.001412000 algebra_s=0.012316000 kkt_assembly_s=0.001304700 factor_s=0.041291300 solve_s=0.012783700 update_s=0.001937200 K_nnz=96025 rhs_cols=1 Vxx_nnz=62001
FILTERDDP_TIMING iteration=57 barrier_iteration=6 stage=2 derivative_s=0.003774200 first_order_s=0.001779400 second_order_s=0.001734100 algebra_s=0.012969300 kkt_assembly_s=0.001637300 factor_s=0.041572900 solve_s=0.013154200 update_s=0.001682600 K_nnz=96025 rhs_cols=1 Vxx_nnz=62001
FILTERDDP_TIMING iteration=57 barrier_iteration=6 stage=1 derivative_s=0.004489300 first_order_s=0.002696900 second_order_s=0.001331300 algebra_s=0.014527700 kkt_assembly_s=0.001946400 factor_s=0.063022700 solve_s=0.014594800 update_s=0.001618600 K_nnz=96025 rhs_cols=1 Vxx_nnz=62001
FILTERDDP_FEASIBILITY iteration=57 barrier_iteration=6 equality_count=62016 equality_rms=4.407299176946e-05 equality_max=1.094556500012e-03 equality_worst_stage=3 equality_worst_index=9415 dynamics_count=1245 dynamics_rms=0.000000000000e+00 dynamics_max=0.000000000000e+00 dynamics_worst_stage=0 dynamics_worst_index=0 bound_count=69486 bound_rms=0.000000000000e+00 bound_max=0.000000000000e+00 bound_worst_stage=0 bound_worst_index=0 bound_worst_kind=none
    57   9.54935564e+03   1.0946e-03   1.0701e-03   2.1819e-06   -4.19      -     1.2500e-01   0
FILTERDDP_ITER_TIMING iteration=57 barrier_iteration=6 backward_s=0.458755200 forward_s=0.063375800 total_s=0.522131000 outcome=accepted step_size=1.250000000e-01 backtracks=0 mu=6.400000000e-05
FILTERDDP_TIMING iteration=58 barrier_iteration=6 stage=6 derivative_s=0.004446900 first_order_s=0.002232100 second_order_s=0.001971900 algebra_s=0.013105200 kkt_assembly_s=0.001399500 factor_s=0.043401500 solve_s=0.012034100 update_s=0.001691200 K_nnz=96025 rhs_cols=1 Vxx_nnz=62001
FILTERDDP_TIMING iteration=58 barrier_iteration=6 stage=5 derivative_s=0.003440300 first_order_s=0.001755500 second_order_s=0.001439100 algebra_s=0.009508000 kkt_assembly_s=0.000755800 factor_s=0.022263400 solve_s=0.114264900 update_s=0.001124500 K_nnz=96025 rhs_cols=1 Vxx_nnz=62001
FILTERDDP_TIMING iteration=58 barrier_iteration=6 stage=4 derivative_s=0.003284100 first_order_s=0.001708300 second_order_s=0.001329700 algebra_s=0.010487300 kkt_assembly_s=0.000858000 factor_s=0.020970100 solve_s=0.011816100 update_s=0.001381100 K_nnz=96025 rhs_cols=1 Vxx_nnz=62001
FILTERDDP_TIMING iteration=58 barrier_iteration=6 stage=3 derivative_s=0.003596600 first_order_s=0.001752900 second_order_s=0.001563300 algebra_s=0.009841800 kkt_assembly_s=0.001100200 factor_s=0.020457200 solve_s=0.011824600 update_s=0.001752700 K_nnz=96025 rhs_cols=1 Vxx_nnz=62001
FILTERDDP_TIMING iteration=58 barrier_iteration=6 stage=2 derivative_s=0.003569600 first_order_s=0.001861100 second_order_s=0.001461400 algebra_s=0.009866700 kkt_assembly_s=0.000635400 factor_s=0.020789300 solve_s=0.012045500 update_s=0.001683200 K_nnz=96025 rhs_cols=1 Vxx_nnz=62001
FILTERDDP_TIMING iteration=58 barrier_iteration=6 stage=1 derivative_s=0.003355800 first_order_s=0.001809600 second_order_s=0.001298000 algebra_s=0.009358600 kkt_assembly_s=0.000744300 factor_s=0.020374900 solve_s=0.012501700 update_s=0.002142100 K_nnz=96025 rhs_cols=1 Vxx_nnz=62001
FILTERDDP_FEASIBILITY iteration=58 barrier_iteration=6 equality_count=62016 equality_rms=3.951719856555e-05 equality_max=9.661235994089e-04 equality_worst_stage=3 equality_worst_index=9415 dynamics_count=1245 dynamics_rms=0.000000000000e+00 dynamics_max=0.000000000000e+00 dynamics_worst_stage=0 dynamics_worst_index=0 bound_count=69486 bound_rms=0.000000000000e+00 bound_max=0.000000000000e+00 bound_worst_stage=0 bound_worst_index=0 bound_worst_kind=none
    58   9.54762541e+03   9.6612e-04   9.4192e-04   1.8956e-06   -4.19      -     1.2500e-01   0
FILTERDDP_ITER_TIMING iteration=58 barrier_iteration=6 backward_s=0.422925100 forward_s=0.061110100 total_s=0.484035200 outcome=accepted step_size=2.500000000e-01 backtracks=0 mu=6.400000000e-05
FILTERDDP_TIMING iteration=59 barrier_iteration=6 stage=6 derivative_s=0.006532400 first_order_s=0.002584100 second_order_s=0.003775300 algebra_s=0.029222700 kkt_assembly_s=0.001380100 factor_s=0.030955400 solve_s=0.011885900 update_s=0.001522100 K_nnz=96025 rhs_cols=1 Vxx_nnz=62001
FILTERDDP_TIMING iteration=59 barrier_iteration=6 stage=5 derivative_s=0.003848900 first_order_s=0.001883700 second_order_s=0.001701200 algebra_s=0.011365900 kkt_assembly_s=0.001378100 factor_s=0.038723200 solve_s=0.012283100 update_s=0.001607400 K_nnz=96025 rhs_cols=1 Vxx_nnz=62001
FILTERDDP_TIMING iteration=59 barrier_iteration=6 stage=4 derivative_s=0.003477500 first_order_s=0.001851400 second_order_s=0.001378500 algebra_s=0.009394100 kkt_assembly_s=0.000701100 factor_s=0.020781400 solve_s=0.011394600 update_s=0.001645900 K_nnz=96025 rhs_cols=1 Vxx_nnz=62001
FILTERDDP_TIMING iteration=59 barrier_iteration=6 stage=3 derivative_s=0.003302300 first_order_s=0.001774900 second_order_s=0.001279600 algebra_s=0.009278500 kkt_assembly_s=0.000729600 factor_s=0.061799000 solve_s=0.012459000 update_s=0.001623700 K_nnz=96025 rhs_cols=1 Vxx_nnz=62001
FILTERDDP_TIMING iteration=59 barrier_iteration=6 stage=2 derivative_s=0.004082200 first_order_s=0.001941000 second_order_s=0.001680000 algebra_s=0.012167200 kkt_assembly_s=0.001740400 factor_s=0.022996400 solve_s=0.011872800 update_s=0.001834300 K_nnz=96025 rhs_cols=1 Vxx_nnz=62001
FILTERDDP_TIMING iteration=59 barrier_iteration=6 stage=1 derivative_s=0.003827300 first_order_s=0.001812600 second_order_s=0.001727300 algebra_s=0.009086800 kkt_assembly_s=0.000617100 factor_s=0.021293600 solve_s=0.013089100 update_s=0.001838800 K_nnz=96025 rhs_cols=1 Vxx_nnz=62001
FILTERDDP_FEASIBILITY iteration=59 barrier_iteration=6 equality_count=62016 equality_rms=3.303451304299e-05 equality_max=7.513366513829e-04 equality_worst_stage=3 equality_worst_index=9415 dynamics_count=1245 dynamics_rms=0.000000000000e+00 dynamics_max=0.000000000000e+00 dynamics_worst_stage=0 dynamics_worst_index=0 bound_count=69486 bound_rms=0.000000000000e+00 bound_max=0.000000000000e+00 bound_worst_stage=0 bound_worst_index=0 bound_worst_kind=none
    59   9.54460964e+03   7.5134e-04   7.1632e-04   1.4175e-06   -4.19      -     2.5000e-01   0
FILTERDDP_ITER_TIMING iteration=59 barrier_iteration=6 backward_s=0.393096800 forward_s=0.179658100 total_s=0.572754900 outcome=accepted step_size=2.500000000e-01 backtracks=0 mu=6.400000000e-05
FILTERDDP_TIMING iteration=60 barrier_iteration=6 stage=6 derivative_s=0.003646400 first_order_s=0.001641700 second_order_s=0.001768600 algebra_s=0.009229800 kkt_assembly_s=0.000586600 factor_s=0.020570900 solve_s=0.011979500 update_s=0.001848000 K_nnz=96025 rhs_cols=1 Vxx_nnz=62001
FILTERDDP_TIMING iteration=60 barrier_iteration=6 stage=5 derivative_s=0.003602900 first_order_s=0.001730200 second_order_s=0.001532400 algebra_s=0.009596700 kkt_assembly_s=0.000573000 factor_s=0.021774400 solve_s=0.013022900 update_s=0.001558800 K_nnz=96025 rhs_cols=1 Vxx_nnz=62001
FILTERDDP_TIMING iteration=60 barrier_iteration=6 stage=4 derivative_s=0.003420400 first_order_s=0.001783400 second_order_s=0.001390600 algebra_s=0.009491400 kkt_assembly_s=0.000567100 factor_s=0.044653300 solve_s=0.014048600 update_s=0.001591800 K_nnz=96025 rhs_cols=1 Vxx_nnz=62001
FILTERDDP_TIMING iteration=60 barrier_iteration=6 stage=3 derivative_s=0.001863400 first_order_s=0.000969100 second_order_s=0.000745600 algebra_s=0.009291000 kkt_assembly_s=0.000671900 factor_s=0.021196700 solve_s=0.013263100 update_s=0.002108100 K_nnz=96025 rhs_cols=1 Vxx_nnz=62001
FILTERDDP_TIMING iteration=60 barrier_iteration=6 stage=2 derivative_s=0.006746600 first_order_s=0.003062500 second_order_s=0.003271300 algebra_s=0.011499900 kkt_assembly_s=0.000887800 factor_s=0.032813000 solve_s=0.011957200 update_s=0.001660500 K_nnz=96025 rhs_cols=1 Vxx_nnz=62001
FILTERDDP_TIMING iteration=60 barrier_iteration=6 stage=1 derivative_s=0.003261000 first_order_s=0.001694600 second_order_s=0.001319600 algebra_s=0.012244500 kkt_assembly_s=0.001324400 factor_s=0.021001600 solve_s=0.011948200 update_s=0.001802300 K_nnz=96025 rhs_cols=1 Vxx_nnz=62001
FILTERDDP_FEASIBILITY iteration=60 barrier_iteration=6 equality_count=62016 equality_rms=2.740570285270e-05 equality_max=5.798734441811e-04 equality_worst_stage=3 equality_worst_index=9415 dynamics_count=1245 dynamics_rms=0.000000000000e+00 dynamics_max=0.000000000000e+00 dynamics_worst_stage=0 dynamics_worst_index=0 bound_count=69486 bound_rms=0.000000000000e+00 bound_max=0.000000000000e+00 bound_worst_stage=0 bound_worst_index=0 bound_worst_kind=none
FILTERDDP_ITER_TIMING iteration=60 barrier_iteration=6 backward_s=0.338242400 forward_s=0.000000000 total_s=0.338242400 outcome=barrier_update step_size=2.500000000e-01 backtracks=0 mu=6.400000000e-05
FILTERDDP_TIMING iteration=60 barrier_iteration=7 stage=6 derivative_s=0.003621500 first_order_s=0.001793800 second_order_s=0.001586000 algebra_s=0.009874800 kkt_assembly_s=0.000575300 factor_s=0.020643400 solve_s=0.011974900 update_s=0.001494500 K_nnz=96025 rhs_cols=1 Vxx_nnz=62001
FILTERDDP_TIMING iteration=60 barrier_iteration=7 stage=5 derivative_s=0.004008500 first_order_s=0.001790700 second_order_s=0.001712900 algebra_s=0.010306000 kkt_assembly_s=0.000706200 factor_s=0.020756800 solve_s=0.056951000 update_s=0.001306700 K_nnz=96025 rhs_cols=1 Vxx_nnz=62001
FILTERDDP_TIMING iteration=60 barrier_iteration=7 stage=4 derivative_s=0.003401900 first_order_s=0.001770600 second_order_s=0.001386500 algebra_s=0.009560400 kkt_assembly_s=0.000617900 factor_s=0.020766000 solve_s=0.016671800 update_s=0.001621300 K_nnz=96025 rhs_cols=1 Vxx_nnz=62001
FILTERDDP_TIMING iteration=60 barrier_iteration=7 stage=3 derivative_s=0.003422900 first_order_s=0.001737500 second_order_s=0.001435900 algebra_s=0.009492500 kkt_assembly_s=0.000683800 factor_s=0.020923000 solve_s=0.012008500 update_s=0.001511500 K_nnz=96025 rhs_cols=1 Vxx_nnz=62001
FILTERDDP_TIMING iteration=60 barrier_iteration=7 stage=2 derivative_s=0.003572100 first_order_s=0.001998500 second_order_s=0.001326000 algebra_s=0.014992400 kkt_assembly_s=0.001191000 factor_s=0.020709000 solve_s=0.113462200 update_s=0.001354700 K_nnz=96025 rhs_cols=1 Vxx_nnz=62001
FILTERDDP_TIMING iteration=60 barrier_iteration=7 stage=1 derivative_s=0.003803700 first_order_s=0.001910600 second_order_s=0.001516500 algebra_s=0.012536100 kkt_assembly_s=0.000628500 factor_s=0.021369700 solve_s=0.011368200 update_s=0.001186600 K_nnz=96025 rhs_cols=1 Vxx_nnz=62001
FILTERDDP_FEASIBILITY iteration=60 barrier_iteration=7 equality_count=62016 equality_rms=2.740570285270e-05 equality_max=5.798734441811e-04 equality_worst_stage=3 equality_worst_index=9415 dynamics_count=1245 dynamics_rms=0.000000000000e+00 dynamics_max=0.000000000000e+00 dynamics_worst_stage=0 dynamics_worst_index=0 bound_count=69486 bound_rms=0.000000000000e+00 bound_max=0.000000000000e+00 bound_worst_stage=0 bound_worst_index=0 bound_worst_kind=none
  iter     objective        pr_inf       du_inf       cs_inf     lg(μ)   lg(reg)    alpha     ls
    60   9.54236903e+03   5.7987e-04   5.3551e-04   1.0545e-06   -5.03      -     2.5000e-01   0
FILTERDDP_ITER_TIMING iteration=60 barrier_iteration=7 backward_s=0.450004800 forward_s=0.085502600 total_s=0.535507400 outcome=accepted step_size=2.500000000e-01 backtracks=0 mu=9.277179695e-06
FILTERDDP_TIMING iteration=61 barrier_iteration=7 stage=6 derivative_s=0.003532800 first_order_s=0.001643100 second_order_s=0.001633500 algebra_s=0.013410300 kkt_assembly_s=0.001416000 factor_s=0.036059900 solve_s=0.012198300 update_s=0.001621800 K_nnz=96025 rhs_cols=1 Vxx_nnz=62001
FILTERDDP_TIMING iteration=61 barrier_iteration=7 stage=5 derivative_s=0.004021800 first_order_s=0.001803900 second_order_s=0.001924000 algebra_s=0.009058000 kkt_assembly_s=0.000736000 factor_s=0.020400700 solve_s=0.013038000 update_s=0.002388900 K_nnz=96025 rhs_cols=1 Vxx_nnz=62001
FILTERDDP_TIMING iteration=61 barrier_iteration=7 stage=4 derivative_s=0.005823500 first_order_s=0.002525600 second_order_s=0.003035800 algebra_s=0.011229700 kkt_assembly_s=0.000755000 factor_s=0.022823000 solve_s=0.013725500 update_s=0.002755900 K_nnz=96025 rhs_cols=1 Vxx_nnz=62001
FILTERDDP_TIMING iteration=61 barrier_iteration=7 stage=3 derivative_s=0.005949900 first_order_s=0.002598200 second_order_s=0.003092000 algebra_s=0.022708300 kkt_assembly_s=0.001193700 factor_s=0.029019100 solve_s=0.011797800 update_s=0.001415300 K_nnz=96025 rhs_cols=1 Vxx_nnz=62001
FILTERDDP_TIMING iteration=61 barrier_iteration=7 stage=2 derivative_s=0.003614000 first_order_s=0.001830500 second_order_s=0.001535000 algebra_s=0.011718500 kkt_assembly_s=0.001573400 factor_s=0.039753400 solve_s=0.013937300 update_s=0.001584700 K_nnz=96025 rhs_cols=1 Vxx_nnz=62001
FILTERDDP_TIMING iteration=61 barrier_iteration=7 stage=1 derivative_s=0.003575500 first_order_s=0.001970200 second_order_s=0.001351400 algebra_s=0.009465700 kkt_assembly_s=0.000753000 factor_s=0.021192100 solve_s=0.011879900 update_s=0.001558000 K_nnz=96025 rhs_cols=1 Vxx_nnz=62001
FILTERDDP_FEASIBILITY iteration=61 barrier_iteration=7 equality_count=62016 equality_rms=2.287256493870e-05 equality_max=4.494781497423e-04 equality_worst_stage=3 equality_worst_index=9415 dynamics_count=1245 dynamics_rms=0.000000000000e+00 dynamics_max=0.000000000000e+00 dynamics_worst_stage=0 dynamics_worst_index=0 bound_count=69486 bound_rms=0.000000000000e+00 bound_max=0.000000000000e+00 bound_worst_stage=0 bound_worst_index=0 bound_worst_kind=none
    61   9.54032945e+03   4.4948e-04   4.2688e-04   8.0143e-07   -5.03      -     2.5000e-01   0
FILTERDDP_ITER_TIMING iteration=61 barrier_iteration=7 backward_s=0.368645400 forward_s=0.047379100 total_s=0.416024500 outcome=accepted step_size=5.000000000e-01 backtracks=0 mu=9.277179695e-06
FILTERDDP_TIMING iteration=62 barrier_iteration=7 stage=6 derivative_s=0.003510100 first_order_s=0.001612100 second_order_s=0.001657400 algebra_s=0.051992000 kkt_assembly_s=0.000632600 factor_s=0.020825600 solve_s=0.012409800 update_s=0.001617900 K_nnz=96025 rhs_cols=1 Vxx_nnz=62001
FILTERDDP_TIMING iteration=62 barrier_iteration=7 stage=5 derivative_s=0.003367200 first_order_s=0.001741600 second_order_s=0.001372700 algebra_s=0.009413700 kkt_assembly_s=0.000674600 factor_s=0.021002600 solve_s=0.011613500 update_s=0.001659000 K_nnz=96025 rhs_cols=1 Vxx_nnz=62001
FILTERDDP_TIMING iteration=62 barrier_iteration=7 stage=4 derivative_s=0.003415200 first_order_s=0.001813800 second_order_s=0.001342000 algebra_s=0.009570400 kkt_assembly_s=0.000550700 factor_s=0.020557900 solve_s=0.012458000 update_s=0.001615900 K_nnz=96025 rhs_cols=1 Vxx_nnz=62001
FILTERDDP_TIMING iteration=62 barrier_iteration=7 stage=3 derivative_s=0.102892400 first_order_s=0.001670300 second_order_s=0.100976900 algebra_s=0.008240100 kkt_assembly_s=0.000608400 factor_s=0.020824400 solve_s=0.012152300 update_s=0.001653500 K_nnz=96025 rhs_cols=1 Vxx_nnz=62001
FILTERDDP_TIMING iteration=62 barrier_iteration=7 stage=2 derivative_s=0.003301000 first_order_s=0.001740100 second_order_s=0.001312100 algebra_s=0.009612500 kkt_assembly_s=0.001065600 factor_s=0.020212600 solve_s=0.012762000 update_s=0.001869700 K_nnz=96025 rhs_cols=1 Vxx_nnz=62001
FILTERDDP_TIMING iteration=62 barrier_iteration=7 stage=1 derivative_s=0.003316100 first_order_s=0.001795900 second_order_s=0.001273600 algebra_s=0.009563100 kkt_assembly_s=0.000538800 factor_s=0.020304600 solve_s=0.012326100 update_s=0.001606800 K_nnz=96025 rhs_cols=1 Vxx_nnz=62001
FILTERDDP_FEASIBILITY iteration=62 barrier_iteration=7 equality_count=62016 equality_rms=1.778807548591e-05 equality_max=2.995866972048e-04 equality_worst_stage=6 equality_worst_index=9415 dynamics_count=1245 dynamics_rms=0.000000000000e+00 dynamics_max=0.000000000000e+00 dynamics_worst_stage=0 dynamics_worst_index=0 bound_count=69486 bound_rms=0.000000000000e+00 bound_max=0.000000000000e+00 bound_worst_stage=0 bound_worst_index=0 bound_worst_kind=none
    62   9.53730631e+03   2.9959e-04   2.4986e-04   4.4481e-07   -5.03      -     5.0000e-01   0
FILTERDDP_ITER_TIMING iteration=62 barrier_iteration=7 backward_s=0.430715100 forward_s=0.080066600 total_s=0.510781700 outcome=accepted step_size=2.500000000e-01 backtracks=0 mu=9.277179695e-06
FILTERDDP_TIMING iteration=63 barrier_iteration=7 stage=6 derivative_s=0.003447800 first_order_s=0.001590600 second_order_s=0.001599800 algebra_s=0.010850700 kkt_assembly_s=0.001349600 factor_s=0.047674300 solve_s=0.013498100 update_s=0.002570700 K_nnz=96025 rhs_cols=1 Vxx_nnz=62001
FILTERDDP_TIMING iteration=63 barrier_iteration=7 stage=5 derivative_s=0.006354300 first_order_s=0.002730900 second_order_s=0.003355300 algebra_s=0.034588800 kkt_assembly_s=0.000849300 factor_s=0.023114600 solve_s=0.012247300 update_s=0.001649600 K_nnz=96025 rhs_cols=1 Vxx_nnz=62001
FILTERDDP_TIMING iteration=63 barrier_iteration=7 stage=4 derivative_s=0.003592000 first_order_s=0.001930300 second_order_s=0.001332500 algebra_s=0.009497900 kkt_assembly_s=0.000573000 factor_s=0.020111700 solve_s=0.011867600 update_s=0.001793000 K_nnz=96025 rhs_cols=1 Vxx_nnz=62001
FILTERDDP_TIMING iteration=63 barrier_iteration=7 stage=3 derivative_s=0.003583700 first_order_s=0.001965800 second_order_s=0.001369300 algebra_s=0.009201700 kkt_assembly_s=0.000736300 factor_s=0.020568000 solve_s=0.011564300 update_s=0.001669800 K_nnz=96025 rhs_cols=1 Vxx_nnz=62001
FILTERDDP_TIMING iteration=63 barrier_iteration=7 stage=2 derivative_s=0.003361300 first_order_s=0.001827500 second_order_s=0.001282800 algebra_s=0.009360700 kkt_assembly_s=0.000732700 factor_s=0.060970800 solve_s=0.011731800 update_s=0.001175400 K_nnz=96025 rhs_cols=1 Vxx_nnz=62001
FILTERDDP_TIMING iteration=63 barrier_iteration=7 stage=1 derivative_s=0.003584600 first_order_s=0.001797700 second_order_s=0.001391200 algebra_s=0.009508800 kkt_assembly_s=0.000547000 factor_s=0.020566400 solve_s=0.013770300 update_s=0.001553900 K_nnz=96025 rhs_cols=1 Vxx_nnz=62001
FILTERDDP_FEASIBILITY iteration=63 barrier_iteration=7 equality_count=62016 equality_rms=1.392022100030e-05 equality_max=2.306883072468e-04 equality_worst_stage=6 equality_worst_index=9415 dynamics_count=1245 dynamics_rms=0.000000000000e+00 dynamics_max=0.000000000000e+00 dynamics_worst_stage=0 dynamics_worst_index=0 bound_count=69486 bound_rms=0.000000000000e+00 bound_max=0.000000000000e+00 bound_worst_stage=0 bound_worst_index=0 bound_worst_kind=none
    63   9.53657741e+03   2.3069e-04   1.9205e-04   3.3536e-07   -5.03      -     2.5000e-01   0
FILTERDDP_ITER_TIMING iteration=63 barrier_iteration=7 backward_s=0.390754900 forward_s=0.048977700 total_s=0.439732600 outcome=accepted step_size=5.000000000e-01 backtracks=0 mu=9.277179695e-06
FILTERDDP_TIMING iteration=64 barrier_iteration=7 stage=6 derivative_s=0.002962500 first_order_s=0.001431700 second_order_s=0.001324900 algebra_s=0.012782600 kkt_assembly_s=0.001166600 factor_s=0.041616200 solve_s=0.012775000 update_s=0.001583200 K_nnz=96025 rhs_cols=1 Vxx_nnz=62001
FILTERDDP_TIMING iteration=64 barrier_iteration=7 stage=5 derivative_s=0.003292200 first_order_s=0.001722900 second_order_s=0.001322400 algebra_s=0.115231300 kkt_assembly_s=0.000624500 factor_s=0.020912800 solve_s=0.012028900 update_s=0.001445900 K_nnz=96025 rhs_cols=1 Vxx_nnz=62001
FILTERDDP_TIMING iteration=64 barrier_iteration=7 stage=4 derivative_s=0.002248400 first_order_s=0.001150900 second_order_s=0.000922600 algebra_s=0.010270100 kkt_assembly_s=0.000699300 factor_s=0.026207700 solve_s=0.012371600 update_s=0.001570100 K_nnz=96025 rhs_cols=1 Vxx_nnz=62001
FILTERDDP_TIMING iteration=64 barrier_iteration=7 stage=3 derivative_s=0.003226300 first_order_s=0.001687600 second_order_s=0.001294900 algebra_s=0.009774300 kkt_assembly_s=0.000574200 factor_s=0.020347100 solve_s=0.012391600 update_s=0.001788700 K_nnz=96025 rhs_cols=1 Vxx_nnz=62001
FILTERDDP_TIMING iteration=64 barrier_iteration=7 stage=2 derivative_s=0.003592600 first_order_s=0.002029500 second_order_s=0.001316300 algebra_s=0.010170300 kkt_assembly_s=0.000637000 factor_s=0.020651300 solve_s=0.011584200 update_s=0.001630500 K_nnz=96025 rhs_cols=1 Vxx_nnz=62001
FILTERDDP_TIMING iteration=64 barrier_iteration=7 stage=1 derivative_s=0.003349000 first_order_s=0.001838200 second_order_s=0.001262300 algebra_s=0.011103000 kkt_assembly_s=0.000741100 factor_s=0.022012500 solve_s=0.011954000 update_s=0.001819600 K_nnz=96025 rhs_cols=1 Vxx_nnz=62001
FILTERDDP_FEASIBILITY iteration=64 barrier_iteration=7 equality_count=62016 equality_rms=8.392267083060e-06 equality_max=1.293717358502e-04 equality_worst_stage=6 equality_worst_index=9415 dynamics_count=1245 dynamics_rms=0.000000000000e+00 dynamics_max=0.000000000000e+00 dynamics_worst_stage=0 dynamics_worst_index=0 bound_count=69486 bound_rms=0.000000000000e+00 bound_max=0.000000000000e+00 bound_worst_stage=0 bound_worst_index=0 bound_worst_kind=none
    64   9.53549901e+03   1.2937e-04   1.0478e-04   1.8230e-07   -5.03      -     5.0000e-01   0
FILTERDDP_ITER_TIMING iteration=64 barrier_iteration=7 backward_s=0.428073900 forward_s=0.065549800 total_s=0.493623700 outcome=accepted step_size=5.000000000e-01 backtracks=0 mu=9.277179695e-06
FILTERDDP_TIMING iteration=65 barrier_iteration=7 stage=6 derivative_s=0.003594100 first_order_s=0.001658500 second_order_s=0.001676200 algebra_s=0.013692300 kkt_assembly_s=0.000672700 factor_s=0.025915900 solve_s=0.013049700 update_s=0.001799700 K_nnz=96025 rhs_cols=1 Vxx_nnz=62001
FILTERDDP_TIMING iteration=65 barrier_iteration=7 stage=5 derivative_s=0.003985000 first_order_s=0.002133600 second_order_s=0.001578800 algebra_s=0.013632900 kkt_assembly_s=0.001546800 factor_s=0.037637400 solve_s=0.012202800 update_s=0.001547600 K_nnz=96025 rhs_cols=1 Vxx_nnz=62001
FILTERDDP_TIMING iteration=65 barrier_iteration=7 stage=4 derivative_s=0.003241800 first_order_s=0.001702100 second_order_s=0.001293600 algebra_s=0.009685700 kkt_assembly_s=0.000656500 factor_s=0.020342700 solve_s=0.012675300 update_s=0.001875200 K_nnz=96025 rhs_cols=1 Vxx_nnz=62001
FILTERDDP_TIMING iteration=65 barrier_iteration=7 stage=3 derivative_s=0.003239200 first_order_s=0.001716400 second_order_s=0.001279800 algebra_s=0.047907000 kkt_assembly_s=0.000638300 factor_s=0.020504400 solve_s=0.012069000 update_s=0.001715500 K_nnz=96025 rhs_cols=1 Vxx_nnz=62001
FILTERDDP_TIMING iteration=65 barrier_iteration=7 stage=2 derivative_s=0.003585900 first_order_s=0.001819600 second_order_s=0.001516500 algebra_s=0.009319300 kkt_assembly_s=0.000988100 factor_s=0.022539400 solve_s=0.012115200 update_s=0.001573500 K_nnz=96025 rhs_cols=1 Vxx_nnz=62001
FILTERDDP_TIMING iteration=65 barrier_iteration=7 stage=1 derivative_s=0.003421000 first_order_s=0.001836200 second_order_s=0.001335200 algebra_s=0.009465400 kkt_assembly_s=0.000546300 factor_s=0.020733900 solve_s=0.012763200 update_s=0.001561100 K_nnz=96025 rhs_cols=1 Vxx_nnz=62001
FILTERDDP_FEASIBILITY iteration=65 barrier_iteration=7 equality_count=62016 equality_rms=4.634102999027e-06 equality_max=6.849782682459e-05 equality_worst_stage=6 equality_worst_index=9415 dynamics_count=1245 dynamics_rms=0.000000000000e+00 dynamics_max=0.000000000000e+00 dynamics_worst_stage=0 dynamics_worst_index=0 bound_count=69486 bound_rms=0.000000000000e+00 bound_max=0.000000000000e+00 bound_worst_stage=0 bound_worst_index=0 bound_worst_kind=none
FILTERDDP_ITER_TIMING iteration=65 barrier_iteration=7 backward_s=0.363459800 forward_s=0.000000000 total_s=0.363459800 outcome=barrier_update step_size=5.000000000e-01 backtracks=0 mu=9.277179695e-06
FILTERDDP_TIMING iteration=65 barrier_iteration=8 stage=6 derivative_s=0.003598500 first_order_s=0.001724500 second_order_s=0.001632800 algebra_s=0.101157900 kkt_assembly_s=0.000628900 factor_s=0.020868900 solve_s=0.011746400 update_s=0.001269400 K_nnz=96025 rhs_cols=1 Vxx_nnz=62001
FILTERDDP_TIMING iteration=65 barrier_iteration=8 stage=5 derivative_s=0.001625300 first_order_s=0.000828200 second_order_s=0.000671400 algebra_s=0.008572000 kkt_assembly_s=0.000578300 factor_s=0.021341500 solve_s=0.012522500 update_s=0.001605300 K_nnz=96025 rhs_cols=1 Vxx_nnz=62001
FILTERDDP_TIMING iteration=65 barrier_iteration=8 stage=4 derivative_s=0.003224900 first_order_s=0.001687300 second_order_s=0.001290200 algebra_s=0.009636400 kkt_assembly_s=0.000626500 factor_s=0.021480200 solve_s=0.014789800 update_s=0.001576600 K_nnz=96025 rhs_cols=1 Vxx_nnz=62001
FILTERDDP_TIMING iteration=65 barrier_iteration=8 stage=3 derivative_s=0.003214000 first_order_s=0.001677900 second_order_s=0.001286200 algebra_s=0.010412900 kkt_assembly_s=0.001374700 factor_s=0.033773900 solve_s=0.012372600 update_s=0.000800700 K_nnz=96025 rhs_cols=1 Vxx_nnz=62001
FILTERDDP_TIMING iteration=65 barrier_iteration=8 stage=2 derivative_s=0.001252300 first_order_s=0.000653600 second_order_s=0.000481100 algebra_s=0.006747200 kkt_assembly_s=0.001916800 factor_s=0.024905300 solve_s=0.026852800 update_s=0.001502600 K_nnz=96025 rhs_cols=1 Vxx_nnz=62001
FILTERDDP_TIMING iteration=65 barrier_iteration=8 stage=1 derivative_s=0.003587900 first_order_s=0.001874900 second_order_s=0.001376600 algebra_s=0.009515800 kkt_assembly_s=0.000601600 factor_s=0.020900100 solve_s=0.013210800 update_s=0.001611400 K_nnz=96025 rhs_cols=1 Vxx_nnz=62001
FILTERDDP_FEASIBILITY iteration=65 barrier_iteration=8 equality_count=62016 equality_rms=4.634102999027e-06 equality_max=6.849782682459e-05 equality_worst_stage=6 equality_worst_index=9415 dynamics_count=1245 dynamics_rms=0.000000000000e+00 dynamics_max=0.000000000000e+00 dynamics_worst_stage=0 dynamics_worst_index=0 bound_count=69486 bound_rms=0.000000000000e+00 bound_max=0.000000000000e+00 bound_worst_stage=0 bound_worst_index=0 bound_worst_kind=none
    65   9.53498123e+03   6.8498e-05   5.5120e-05   9.5254e-08   -6.04      -     5.0000e-01   0
FILTERDDP_ITER_TIMING iteration=65 barrier_iteration=8 backward_s=0.412269700 forward_s=0.051165900 total_s=0.463435600 outcome=accepted step_size=5.000000000e-01 backtracks=0 mu=9.139010210e-07
FILTERDDP_TIMING iteration=66 barrier_iteration=8 stage=6 derivative_s=0.005430000 first_order_s=0.003092200 second_order_s=0.001944700 algebra_s=0.016279800 kkt_assembly_s=0.001460800 factor_s=0.048347100 solve_s=0.013323500 update_s=0.001574100 K_nnz=96025 rhs_cols=1 Vxx_nnz=62001
FILTERDDP_TIMING iteration=66 barrier_iteration=8 stage=5 derivative_s=0.003413100 first_order_s=0.001790200 second_order_s=0.001355400 algebra_s=0.012447200 kkt_assembly_s=0.001303800 factor_s=0.042406000 solve_s=0.013247000 update_s=0.043974600 K_nnz=96025 rhs_cols=1 Vxx_nnz=62001
FILTERDDP_TIMING iteration=66 barrier_iteration=8 stage=4 derivative_s=0.003765300 first_order_s=0.002091000 second_order_s=0.001427500 algebra_s=0.010540900 kkt_assembly_s=0.000593400 factor_s=0.020384900 solve_s=0.012911000 update_s=0.001976300 K_nnz=96025 rhs_cols=1 Vxx_nnz=62001
FILTERDDP_TIMING iteration=66 barrier_iteration=8 stage=3 derivative_s=0.003383500 first_order_s=0.001762700 second_order_s=0.001374500 algebra_s=0.009701200 kkt_assembly_s=0.000600800 factor_s=0.020756200 solve_s=0.012405800 update_s=0.001806500 K_nnz=96025 rhs_cols=1 Vxx_nnz=62001
FILTERDDP_TIMING iteration=66 barrier_iteration=8 stage=2 derivative_s=0.003197700 first_order_s=0.001681100 second_order_s=0.001271900 algebra_s=0.009616900 kkt_assembly_s=0.000739700 factor_s=0.020405600 solve_s=0.108299000 update_s=0.001610000 K_nnz=96025 rhs_cols=1 Vxx_nnz=62001
FILTERDDP_TIMING iteration=66 barrier_iteration=8 stage=1 derivative_s=0.001768100 first_order_s=0.000915600 second_order_s=0.000721700 algebra_s=0.010260400 kkt_assembly_s=0.000579900 factor_s=0.020686900 solve_s=0.012666900 update_s=0.001674700 K_nnz=96025 rhs_cols=1 Vxx_nnz=62001
FILTERDDP_FEASIBILITY iteration=66 barrier_iteration=8 equality_count=62016 equality_rms=2.496648494417e-06 equality_max=3.698298772474e-05 equality_worst_stage=5 equality_worst_index=8548 dynamics_count=1245 dynamics_rms=0.000000000000e+00 dynamics_max=0.000000000000e+00 dynamics_worst_stage=0 dynamics_worst_index=0 bound_count=69486 bound_rms=0.000000000000e+00 bound_max=0.000000000000e+00 bound_worst_stage=0 bound_worst_index=0 bound_worst_kind=none
    66   9.53462770e+03   3.6983e-05   3.3360e-05   5.1609e-08   -6.04      -     5.0000e-01   0
FILTERDDP_ITER_TIMING iteration=66 barrier_iteration=8 backward_s=0.494464300 forward_s=0.047534500 total_s=0.541998800 outcome=accepted step_size=5.000000000e-01 backtracks=0 mu=9.139010210e-07
FILTERDDP_TIMING iteration=67 barrier_iteration=8 stage=6 derivative_s=0.003987100 first_order_s=0.002059000 second_order_s=0.001689100 algebra_s=0.010786900 kkt_assembly_s=0.001013900 factor_s=0.034480800 solve_s=0.012237600 update_s=0.001841300 K_nnz=96025 rhs_cols=1 Vxx_nnz=62001
FILTERDDP_TIMING iteration=67 barrier_iteration=8 stage=5 derivative_s=0.003599400 first_order_s=0.001878200 second_order_s=0.001454300 algebra_s=0.009744400 kkt_assembly_s=0.000637000 factor_s=0.020373100 solve_s=0.011597600 update_s=0.001626200 K_nnz=96025 rhs_cols=1 Vxx_nnz=62001
FILTERDDP_TIMING iteration=67 barrier_iteration=8 stage=4 derivative_s=0.003722900 first_order_s=0.002187000 second_order_s=0.001288100 algebra_s=0.010950300 kkt_assembly_s=0.000861100 factor_s=0.022684600 solve_s=0.013647600 update_s=0.002877000 K_nnz=96025 rhs_cols=1 Vxx_nnz=62001
FILTERDDP_TIMING iteration=67 barrier_iteration=8 stage=3 derivative_s=0.006010900 first_order_s=0.002526200 second_order_s=0.003220500 algebra_s=0.023875900 kkt_assembly_s=0.000631700 factor_s=0.020780900 solve_s=0.012375000 update_s=0.001709200 K_nnz=96025 rhs_cols=1 Vxx_nnz=62001
FILTERDDP_TIMING iteration=67 barrier_iteration=8 stage=2 derivative_s=0.003371400 first_order_s=0.001793300 second_order_s=0.001318000 algebra_s=0.012352600 kkt_assembly_s=0.000543400 factor_s=0.020933000 solve_s=0.011818200 update_s=0.001653700 K_nnz=96025 rhs_cols=1 Vxx_nnz=62001
FILTERDDP_TIMING iteration=67 barrier_iteration=8 stage=1 derivative_s=0.003684000 first_order_s=0.001909900 second_order_s=0.001486400 algebra_s=0.009262900 kkt_assembly_s=0.000744100 factor_s=0.020520300 solve_s=0.011898300 update_s=0.001636200 K_nnz=96025 rhs_cols=1 Vxx_nnz=62001
FILTERDDP_FEASIBILITY iteration=67 barrier_iteration=8 equality_count=62016 equality_rms=1.297784643141e-06 equality_max=1.926724937809e-05 equality_worst_stage=5 equality_worst_index=8548 dynamics_count=1245 dynamics_rms=0.000000000000e+00 dynamics_max=0.000000000000e+00 dynamics_worst_stage=0 dynamics_worst_index=0 bound_count=69486 bound_rms=0.000000000000e+00 bound_max=0.000000000000e+00 bound_worst_stage=0 bound_worst_index=0 bound_worst_kind=none
    67   9.53446082e+03   1.9267e-05   1.9893e-05   2.7648e-08   -6.04      -     5.0000e-01   0
FILTERDDP_ITER_TIMING iteration=67 barrier_iteration=8 backward_s=0.331410300 forward_s=0.050413300 total_s=0.381823600 outcome=accepted step_size=5.000000000e-01 backtracks=0 mu=9.139010210e-07
FILTERDDP_TIMING iteration=68 barrier_iteration=8 stage=6 derivative_s=0.001314800 first_order_s=0.000610200 second_order_s=0.000611400 algebra_s=0.009267300 kkt_assembly_s=0.001115800 factor_s=0.092965700 solve_s=0.014628800 update_s=0.002277100 K_nnz=96025 rhs_cols=1 Vxx_nnz=62001
FILTERDDP_TIMING iteration=68 barrier_iteration=8 stage=5 derivative_s=0.006326300 first_order_s=0.002274700 second_order_s=0.003785300 algebra_s=0.019593800 kkt_assembly_s=0.002057900 factor_s=0.032778300 solve_s=0.014256000 update_s=0.002738800 K_nnz=96025 rhs_cols=1 Vxx_nnz=62001
FILTERDDP_TIMING iteration=68 barrier_iteration=8 stage=4 derivative_s=0.005990000 first_order_s=0.002659300 second_order_s=0.003056100 algebra_s=0.010234900 kkt_assembly_s=0.000792800 factor_s=0.022351000 solve_s=0.014332900 update_s=0.001717900 K_nnz=96025 rhs_cols=1 Vxx_nnz=62001
FILTERDDP_TIMING iteration=68 barrier_iteration=8 stage=3 derivative_s=0.006050400 first_order_s=0.002778700 second_order_s=0.003009500 algebra_s=0.010172900 kkt_assembly_s=0.000761500 factor_s=0.131148200 solve_s=0.013879800 update_s=0.002863000 K_nnz=96025 rhs_cols=1 Vxx_nnz=62001
FILTERDDP_TIMING iteration=68 barrier_iteration=8 stage=2 derivative_s=0.005941000 first_order_s=0.002676200 second_order_s=0.003012500 algebra_s=0.013468500 kkt_assembly_s=0.002094500 factor_s=0.021365100 solve_s=0.014380100 update_s=0.003187500 K_nnz=96025 rhs_cols=1 Vxx_nnz=62001
FILTERDDP_TIMING iteration=68 barrier_iteration=8 stage=1 derivative_s=0.007709500 first_order_s=0.003215700 second_order_s=0.004108900 algebra_s=0.012234400 kkt_assembly_s=0.001948000 factor_s=0.035228900 solve_s=0.013819700 update_s=0.002454200 K_nnz=96025 rhs_cols=1 Vxx_nnz=62001
FILTERDDP_FEASIBILITY iteration=68 barrier_iteration=8 equality_count=62016 equality_rms=6.620847881799e-07 equality_max=9.837516069218e-06 equality_worst_stage=5 equality_worst_index=8548 dynamics_count=1245 dynamics_rms=0.000000000000e+00 dynamics_max=0.000000000000e+00 dynamics_worst_stage=0 dynamics_worst_index=0 bound_count=69486 bound_rms=0.000000000000e+00 bound_max=0.000000000000e+00 bound_worst_stage=0 bound_worst_index=0 bound_worst_kind=none
FILTERDDP_ITER_TIMING iteration=68 barrier_iteration=8 backward_s=0.554378000 forward_s=0.000000000 total_s=0.554378000 outcome=near_optimal step_size=5.000000000e-01 backtracks=0 mu=9.139010210e-07
    68   9.53438295e+03   9.8375e-06   1.1268e-05   1.4642e-08   -6.04      -     5.0000e-01   0
FILTERDDP_NEAR_OPT iteration=68 elapsed_s=58.266 objective=9534.382953664628 reference=9534.298086597722 rel_gap=8.901e-06 primal_inf=9.838e-06 dual_inf=1.127e-05 mu=9.139e-07
    68   9.53438295e+03   9.8375e-06   1.1268e-05   1.4642e-08   -6.04      -     5.0000e-01   0


EXIT: Near-optimal: feasible and within the gap of the centralized reference.

solve complete: 60.542 s, iterations=68, status=9
FILTERDDP_MEMORY_PEAK maxrss_mib=1117.1
final residuals: primal=9.837516069218e-06 dual=1.126804684790e-05 complementarity=1.464171088258e-08
saved_solution=C:\Users\Aryan Ritwajeet Jha\Documents\documents_general\MultiPeriodDistOPF\.claude\worktrees\new-session-a7b7a2\ddp\results\network_filterddp\filterddp_solution_ieee2522C_1ph_T6_periodic_CBsystem.jls
FilterDDP objective=9534.382953664639 max_equality_residual=9.838e-06
Ipopt objective=9040.012996520505 objective_gap=4.944e+02
max_abs_diff[P_Subs]=1.096e+00
max_abs_diff[Q_Subs]=5.476e-02
max_abs_diff[P]=1.096e+00
max_abs_diff[Q]=1.363e-01
max_abs_diff[v]=5.538e-02
max_abs_diff[ell]=5.024e+00
max_abs_diff[P_B]=5.165e-03
max_abs_diff[B]=1.404e-02
max_abs_diff[q_D]=1.149e-02
wrote ddp/results/kkt_ordering/fullrun_blocked/trace_ieee2522C_1ph_T6_diag_tableII_jt8_cbsys_typed_tree3_blocked_w16_r2.csv (69 unique iterations)
