iteration,subproblem,solve_time_sec,ipopt_iters
1,1,6.995000,19
1,2,5.741000,16
1,3,5.720000,17
1,4,4.040000,13
1,5,3.967000,13
1,6,4.708000,15
1,7,6.771000,15
1,8,5.535000,15
1,9,5.309000,15
1,10,4.909000,16
1,11,5.146000,16
1,12,5.049000,16
1,13,7.097000,16
1,14,5.869000,16
1,15,5.405000,16
1,16,5.172000,15
1,17,5.230000,15
1,18,4.173000,15
1,19,6.554000,15
1,20,5.984000,16
1,21,5.692000,16
1,22,5.376000,16
1,23,5.073000,16
1,24,3.417000,16
1,25,6.771000,16
1,26,5.731000,15
1,27,5.101000,15
1,28,4.402000,15
1,29,5.091000,15
1,30,4.608000,16
1,31,6.615000,15
1,32,6.300000,15
1,33,6.091000,17
1,34,5.315000,15
1,35,5.027000,15
1,36,4.188000,15
1,37,7.089000,15
1,38,6.304000,15
1,39,5.219000,18
1,40,13.173000,45
1,41,2.668000,50
1,42,0.252000,14
1,43,6.988000,19
1,44,5.054000,15
1,45,5.730000,16
1,46,5.822000,16
1,47,5.637000,16
1,48,4.559000,16
1,49,7.097000,16
1,50,6.574000,16
1,51,5.337000,16
1,52,5.965000,17
1,53,5.395000,16
1,54,3.385000,16
1,55,6.875000,16
1,56,6.668000,16
1,57,6.349000,16
1,58,5.208000,16
1,59,4.682000,15
1,60,4.129000,15
1,61,6.771000,15
1,62,5.740000,15
1,63,5.611000,15
1,64,4.577000,12
1,65,4.011000,12
1,66,4.090000,12
1,67,6.180000,13
1,68,5.092000,12
1,69,4.936000,13
1,70,3.601000,13
1,71,5.671000,16
1,72,5.233000,16
1,73,6.957000,16
1,74,6.520000,16
1,75,5.696000,16
1,76,6.059000,16
1,77,5.185000,16
1,78,3.732000,16
1,79,6.646000,16
1,80,6.751000,16
1,81,5.122000,16
1,82,5.561000,17
1,83,5.697000,16
1,84,2.104000,12
1,85,7.095000,15
1,86,6.297000,15
1,87,5.197000,16
1,88,5.196000,15
1,89,5.237000,15
1,90,4.956000,15
1,91,6.946000,16
1,92,6.301000,15
1,93,5.252000,15
1,94,5.147000,15
1,95,4.954000,15
1,96,4.996000,16
2,1,3.326000,10
2,2,3.008000,7
2,3,2.452000,7
2,4,2.178000,7
2,5,2.214000,7
2,6,2.011000,8
2,7,2.405000,7
2,8,2.323000,7
2,9,2.279000,7
2,10,2.109000,7
2,11,2.075000,7
2,12,1.989000,7
2,13,2.306000,7
2,14,3.088000,7
2,15,2.299000,7
2,16,2.470000,7
2,17,2.441000,7
2,18,2.280000,7
2,19,2.223000,7
2,20,2.121000,7
2,21,2.983000,7
2,22,3.444000,7
2,23,2.113000,7
2,24,2.152000,7
2,25,2.605000,7
2,26,2.259000,7
2,27,3.088000,7
2,28,2.969000,7
2,29,2.046000,7
2,30,1.823000,7
2,31,2.606000,7
2,32,1.893000,6
2,33,2.465000,7
2,34,2.271000,6
2,35,2.400000,7
2,36,1.758000,5
2,37,2.008000,5
2,38,1.438000,5
2,39,1.996000,6
2,40,2.805000,9
2,41,5.669000,28
2,42,0.097000,5
2,43,2.606000,7
2,44,6.955000,30
2,45,1.684000,5
2,46,1.510000,5
2,47,1.353000,5
2,48,0.416000,5
2,49,1.703000,5
2,50,1.449000,5
2,51,2.637000,5
2,52,2.375000,5
2,53,1.524000,5
2,54,1.490000,5
2,55,1.517000,5
2,56,1.671000,5
2,57,2.423000,5
2,58,1.492000,4
2,59,1.698000,5
2,60,1.509000,5
2,61,1.705000,5
2,62,2.111000,6
2,63,1.702000,5
2,64,2.092000,6
2,65,2.528000,6
2,66,2.333000,10
2,67,2.840000,8
2,68,3.186000,8
2,69,2.997000,8
2,70,2.479000,7
2,71,2.162000,7
2,72,1.446000,7
2,73,2.606000,7
2,74,2.220000,7
2,75,2.859000,7
2,76,2.518000,7
2,77,2.065000,7
2,78,2.381000,7
2,79,2.606000,7
2,80,2.624000,7
2,81,2.504000,7
2,82,2.701000,7
2,83,1.990000,7
2,84,1.984000,8
2,85,2.840000,7
2,86,2.980000,7
2,87,2.950000,7
2,88,2.665000,8
2,89,2.305000,8
2,90,1.396000,8
2,91,2.383000,7
2,92,2.671000,8
2,93,2.206000,7
2,94,1.974000,7
2,95,2.919000,7
2,96,1.830000,6
3,1,2.993000,12
3,2,2.618000,7
3,3,2.570000,7
3,4,2.530000,7
3,5,1.693000,7
3,6,2.076000,8
3,7,3.155000,7
3,8,2.858000,7
3,9,2.458000,7
3,10,2.244000,7
3,11,0.745000,7
3,12,0.160000,7
3,13,2.338000,7
3,14,2.710000,7
3,15,2.606000,7
3,16,2.166000,7
3,17,2.385000,7
3,18,2.001000,7
3,19,3.162000,7
3,20,2.659000,7
3,21,3.528000,7
3,22,1.888000,7
3,23,1.791000,7
3,24,1.717000,8
3,25,2.785000,7
3,26,2.331000,7
3,27,3.330000,7
3,28,2.663000,7
3,29,2.502000,7
3,30,1.128000,7
3,31,2.388000,7
3,32,2.393000,7
3,33,2.578000,7
3,34,2.157000,6
3,35,2.178000,6
3,36,2.324000,6
3,37,2.096000,6
3,38,1.651000,5
3,39,2.199000,6
3,40,3.341000,9
3,41,2.843000,11
3,42,1.718000,6
3,43,3.732000,11
3,44,3.505000,10
3,45,2.320000,6
3,46,1.481000,5
3,47,1.744000,5
3,48,1.333000,5
3,49,1.658000,5
3,50,1.896000,5
3,51,1.444000,5
3,52,1.753000,5
3,53,1.516000,5
3,54,1.908000,5
3,55,1.881000,5
3,56,1.260000,5
3,57,2.198000,5
3,58,1.751000,5
3,59,1.852000,5
3,60,1.391000,4
3,61,1.444000,5
3,62,1.681000,4
3,63,1.540000,4
3,64,1.965000,6
3,65,2.233000,6
3,66,2.079000,6
3,67,2.909000,8
3,68,2.855000,8
3,69,2.379000,7
3,70,2.491000,7
3,71,2.317000,7
3,72,1.623000,7
3,73,2.762000,7
3,74,2.232000,7
3,75,2.642000,7
3,76,2.491000,7
3,77,2.292000,7
3,78,1.884000,7
3,79,2.504000,7
3,80,2.475000,7
3,81,2.552000,7
3,82,2.344000,7
3,83,2.130000,7
3,84,0.793000,8
3,85,2.764000,7
3,86,2.109000,7
3,87,2.790000,7
3,88,2.462000,8
3,89,2.219000,7
3,90,1.780000,7
3,91,2.724000,7
3,92,3.106000,7
3,93,3.063000,7
3,94,2.712000,7
3,95,2.024000,7
3,96,1.134000,6
4,1,5.684000,26
4,2,2.893000,7
4,3,2.731000,7
4,4,2.393000,7
4,5,1.597000,7
4,6,0.235000,7
4,7,2.458000,7
4,8,3.192000,7
4,9,3.388000,7
4,10,2.471000,7
4,11,2.123000,7
4,12,1.581000,7
4,13,2.299000,7
4,14,1.918000,7
4,15,2.322000,7
4,16,2.489000,7
4,17,2.603000,7
4,18,2.167000,7
4,19,2.131000,7
4,20,2.324000,7
4,21,2.111000,7
4,22,2.452000,7
4,23,2.521000,7
4,24,2.068000,7
4,25,2.536000,7
4,26,2.895000,7
4,27,2.654000,7
4,28,2.939000,7
4,29,2.089000,7
4,30,1.417000,7
4,31,3.080000,7
4,32,2.918000,7
4,33,2.618000,7
4,34,2.594000,6
4,35,1.488000,6
4,36,1.832000,6
4,37,2.763000,6
4,38,1.937000,5
4,39,1.545000,5
4,40,3.613000,10
4,41,1.731000,9
4,42,0.851000,6
4,43,2.762000,8
4,44,2.606000,8
4,45,1.893000,6
4,46,1.936000,5
4,47,1.867000,5
4,48,1.683000,5
4,49,1.951000,6
4,50,1.621000,5
4,51,1.565000,5
4,52,1.831000,6
4,53,2.060000,5
4,54,1.787000,5
4,55,1.757000,5
4,56,1.587000,4
4,57,1.528000,4
4,58,1.905000,5
4,59,1.724000,5
4,60,1.569000,5
4,61,1.580000,5
4,62,1.626000,5
4,63,1.686000,5
4,64,2.238000,6
4,65,2.219000,6
4,66,2.337000,6
4,67,2.766000,8
4,68,3.057000,7
4,69,2.720000,7
4,70,2.638000,7
4,71,1.991000,7
4,72,1.780000,7
4,73,2.420000,7
4,74,2.364000,7
4,75,2.517000,7
4,76,2.844000,7
4,77,2.468000,7
4,78,1.686000,7
4,79,2.763000,7
4,80,2.839000,7
4,81,2.853000,7
4,82,2.752000,7
4,83,2.224000,7
4,84,1.615000,8
4,85,2.762000,7
4,86,3.146000,7
4,87,2.864000,7
4,88,2.956000,7
4,89,1.878000,7
4,90,1.668000,7
4,91,2.766000,7
4,92,3.139000,7
4,93,2.867000,7
4,94,3.011000,7
4,95,2.036000,8
4,96,1.397000,6
5,1,2.857000,11
5,2,1.763000,7
5,3,2.148000,7
5,4,2.211000,7
5,5,1.283000,7
5,6,1.062000,8
5,7,2.534000,7
5,8,1.998000,7
5,9,2.049000,7
5,10,1.685000,7
5,11,1.715000,7
5,12,0.960000,7
5,13,2.496000,7
5,14,2.513000,7
5,15,1.638000,7
5,16,1.494000,7
5,17,2.134000,7
5,18,1.484000,7
5,19,2.477000,7
5,20,2.209000,7
5,21,1.804000,7
5,22,2.327000,7
5,23,1.563000,7
5,24,1.014000,7
5,25,2.688000,7
5,26,2.405000,7
5,27,1.742000,7
5,28,2.197000,7
5,29,1.527000,7
5,30,1.275000,7
5,31,2.510000,7
5,32,2.375000,7
5,33,2.085000,7
5,34,1.374000,6
5,35,1.274000,6
5,36,1.324000,6
5,37,2.426000,6
5,38,1.895000,6
5,39,1.881000,6
5,40,2.398000,9
5,41,2.052000,10
5,42,1.654000,26
5,43,4.650000,19
5,44,2.193000,10
5,45,1.787000,5
5,46,0.850000,5
5,47,0.730000,5
5,48,0.974000,6
5,49,1.784000,5
5,50,1.512000,5
5,51,1.563000,5
5,52,1.307000,5
5,53,0.923000,5
5,54,1.468000,5
5,55,2.299000,5
5,56,1.942000,5
5,57,1.124000,5
5,58,1.148000,5
5,59,1.207000,5
5,60,1.192000,4
5,61,1.587000,4
5,62,1.111000,4
5,63,1.401000,5
5,64,1.647000,6
5,65,1.418000,6
5,66,1.862000,6
5,67,2.521000,7
5,68,2.521000,7
5,69,1.806000,8
5,70,2.478000,8
5,71,1.523000,7
5,72,0.820000,7
5,73,2.689000,7
5,74,2.495000,7
5,75,2.278000,7
5,76,1.431000,7
5,77,0.753000,7
5,78,0.163000,7
5,79,2.688000,7
5,80,1.858000,7
5,81,2.012000,7
5,82,2.032000,7
5,83,1.325000,7
5,84,1.307000,7
5,85,2.854000,7
5,86,2.267000,7
5,87,1.620000,7
5,88,2.215000,7
5,89,1.689000,7
5,90,1.323000,7
5,91,2.301000,7
5,92,2.201000,7
5,93,1.873000,7
5,94,1.801000,7
5,95,1.535000,8
5,96,0.469000,7
6,1,2.454000,10
6,2,1.739000,6
6,3,1.963000,7
6,4,1.817000,7
6,5,1.700000,7
6,6,1.364000,8
6,7,2.276000,7
6,8,1.715000,6
6,9,1.888000,6
6,10,2.598000,7
6,11,1.095000,6
6,12,1.088000,6
6,13,1.981000,7
6,14,2.617000,7
6,15,1.923000,7
6,16,1.916000,7
6,17,1.796000,6
6,18,1.008000,7
6,19,1.770000,6
6,20,1.543000,6
6,21,1.760000,7
6,22,1.502000,7
6,23,1.942000,6
6,24,1.551000,7
6,25,1.445000,7
6,26,2.278000,7
6,27,1.593000,6
6,28,1.725000,7
6,29,1.553000,7
6,30,1.820000,7
6,31,2.174000,7
6,32,1.718000,7
6,33,1.265000,7
6,34,1.870000,6
6,35,1.785000,6
6,36,1.292000,6
6,37,1.677000,5
6,38,1.992000,6
6,39,3.126000,9
6,40,2.173000,9
6,41,2.056000,12
6,42,0.718000,11
6,43,3.912000,20
6,44,2.675000,11
6,45,1.395000,5
6,46,1.399000,5
6,47,1.183000,6
6,48,0.925000,6
6,49,1.330000,5
6,50,1.785000,6
6,51,1.300000,5
6,52,1.853000,6
6,53,1.144000,5
6,54,1.295000,5
6,55,1.330000,5
6,56,1.427000,5
6,57,1.234000,5
6,58,1.482000,5
6,59,1.754000,5
6,60,1.717000,5
6,61,1.208000,5
6,62,1.787000,5
6,63,1.927000,5
6,64,2.212000,6
6,65,1.419000,6
6,66,1.046000,6
6,67,2.148000,7
6,68,1.940000,7
6,69,1.905000,8
6,70,2.450000,8
6,71,1.597000,7
6,72,1.198000,7
6,73,1.395000,6
6,74,1.731000,7
6,75,1.491000,7
6,76,2.430000,7
6,77,1.742000,7
6,78,1.339000,7
6,79,1.326000,7
6,80,1.788000,7
6,81,2.031000,7
6,82,1.674000,7
6,83,1.978000,7
6,84,1.370000,7
6,85,1.197000,6
6,86,1.540000,7
6,87,1.864000,7
6,88,1.999000,7
6,89,1.771000,6
6,90,1.196000,7
6,91,2.388000,6
6,92,1.580000,6
6,93,2.447000,7
6,94,1.644000,7
6,95,1.392000,7
6,96,0.754000,7
7,1,2.507000,10
7,2,1.780000,7
7,3,2.120000,7
7,4,2.587000,7
7,5,1.309000,7
7,6,0.935000,8
7,7,1.924000,7
7,8,1.991000,6
7,9,1.057000,6
7,10,1.588000,7
7,11,1.623000,6
7,12,1.845000,7
7,13,1.847000,6
7,14,1.464000,7
7,15,1.741000,6
7,16,2.292000,7
7,17,1.977000,7
7,18,1.384000,7
7,19,1.993000,7
7,20,1.220000,6
7,21,1.148000,6
7,22,1.953000,7
7,23,2.205000,6
7,24,1.617000,7
7,25,2.042000,7
7,26,1.874000,7
7,27,1.946000,6
7,28,1.850000,7
7,29,1.770000,6
7,30,1.381000,7
7,31,2.498000,7
7,32,1.705000,7
7,33,1.907000,7
7,34,1.469000,7
7,35,1.874000,6
7,36,1.469000,6
7,37,1.683000,5
7,38,1.307000,5
7,39,2.135000,9
7,40,2.668000,9
7,41,2.155000,11
7,42,1.406000,12
7,43,2.618000,11
7,44,2.216000,10
7,45,1.503000,6
7,46,1.373000,5
7,47,1.665000,6
7,48,1.270000,6
7,49,1.905000,6
7,50,2.004000,6
7,51,1.510000,6
7,52,1.886000,6
7,53,1.532000,6
7,54,0.881000,5
7,55,1.841000,5
7,56,1.189000,5
7,57,0.945000,5
7,58,1.411000,5
7,59,1.331000,5
7,60,1.979000,5
7,61,1.460000,5
7,62,0.976000,5
7,63,0.940000,5
7,64,1.758000,6
7,65,1.263000,6
7,66,1.643000,6
7,67,1.850000,6
7,68,1.714000,8
7,69,1.659000,8
7,70,2.299000,8
7,71,1.682000,7
7,72,1.217000,7
7,73,2.144000,7
7,74,1.630000,7
7,75,1.849000,7
7,76,1.750000,7
7,77,1.064000,7
7,78,0.229000,7
7,79,2.027000,7
7,80,1.884000,7
7,81,1.941000,7
7,82,1.828000,7
7,83,1.737000,7
7,84,1.342000,7
7,85,2.139000,6
7,86,1.775000,7
7,87,1.412000,7
7,88,1.980000,6
7,89,1.664000,6
7,90,1.283000,7
7,91,2.610000,6
7,92,1.179000,6
7,93,2.231000,7
7,94,1.779000,7
7,95,1.526000,7
7,96,0.847000,7
8,1,2.449000,10
8,2,2.010000,7
8,3,1.369000,7
8,4,1.411000,7
8,5,0.236000,7
8,6,0.116000,8
8,7,1.707000,7
8,8,1.824000,6
8,9,1.457000,6
8,10,1.660000,7
8,11,0.979000,6
8,12,1.539000,7
8,13,1.439000,7
8,14,1.811000,7
8,15,1.980000,6
8,16,2.113000,7
8,17,1.324000,7
8,18,1.260000,7
8,19,2.063000,6
8,20,1.604000,6
8,21,1.985000,7
8,22,1.869000,7
8,23,1.937000,7
8,24,0.926000,7
8,25,1.860000,7
8,26,1.477000,6
8,27,1.744000,7
8,28,1.780000,7
8,29,1.985000,6
8,30,1.492000,7
8,31,1.863000,7
8,32,1.964000,7
8,33,2.085000,7
8,34,1.451000,6
8,35,1.578000,6
8,36,1.130000,6
8,37,1.501000,5
8,38,1.504000,5
8,39,2.157000,10
8,40,2.178000,9
8,41,1.811000,11
8,42,0.448000,11
8,43,2.362000,10
8,44,2.959000,10
8,45,0.915000,5
8,46,1.561000,6
8,47,1.200000,6
8,48,0.903000,6
8,49,1.695000,6
8,50,1.387000,6
8,51,1.227000,6
8,52,1.851000,6
8,53,1.481000,6
8,54,1.425000,6
8,55,1.537000,5
8,56,1.260000,5
8,57,1.262000,5
8,58,1.300000,5
8,59,1.730000,5
8,60,1.236000,5
8,61,1.975000,5
8,62,1.886000,5
8,63,1.294000,5
8,64,1.385000,6
8,65,1.337000,6
8,66,1.210000,6
8,67,1.627000,6
8,68,2.592000,8
8,69,1.993000,7
8,70,2.334000,7
8,71,1.512000,7
8,72,0.578000,7
8,73,1.360000,7
8,74,1.833000,7
8,75,1.741000,7
8,76,1.833000,7
8,77,1.749000,7
8,78,1.589000,7
8,79,2.077000,7
8,80,2.473000,7
8,81,1.468000,7
8,82,1.986000,7
8,83,1.807000,7
8,84,0.724000,7
8,85,1.699000,6
8,86,1.639000,7
8,87,1.557000,6
8,88,0.959000,6
8,89,1.193000,6
8,90,1.205000,6
8,91,1.248000,6
8,92,1.530000,6
8,93,2.034000,7
8,94,2.142000,7
8,95,1.939000,7
8,96,1.422000,8
9,1,2.368000,10
9,2,1.467000,7
9,3,1.815000,7
9,4,2.224000,7
9,5,1.691000,7
9,6,1.233000,8
9,7,1.683000,7
9,8,1.953000,6
9,9,1.632000,6
9,10,1.761000,7
9,11,1.203000,6
9,12,1.854000,7
9,13,1.580000,7
9,14,1.995000,7
9,15,1.413000,6
9,16,1.833000,7
9,17,1.701000,6
9,18,1.761000,7
9,19,1.223000,7
9,20,1.642000,7
9,21,1.644000,6
9,22,1.524000,7
9,23,2.035000,6
9,24,1.575000,7
9,25,1.377000,7
9,26,1.163000,7
9,27,2.271000,7
9,28,1.894000,7
9,29,1.545000,6
9,30,1.072000,7
9,31,1.917000,7
9,32,1.724000,7
9,33,1.438000,7
9,34,1.514000,6
9,35,1.671000,6
9,36,1.400000,5
9,37,1.140000,5
9,38,1.275000,5
9,39,1.907000,9
9,40,2.146000,9
9,41,2.137000,10
9,42,1.800000,11
9,43,2.470000,10
9,44,2.454000,11
9,45,3.133000,18
9,46,1.194000,6
9,47,1.183000,6
9,48,0.505000,6
9,49,1.882000,6
9,50,1.671000,6
9,51,1.518000,6
9,52,1.363000,6
9,53,1.905000,6
9,54,1.418000,6
9,55,1.471000,5
9,56,1.634000,6
9,57,1.446000,5
9,58,1.497000,6
9,59,4.817000,28
9,60,0.283000,5
9,61,1.376000,5
9,62,1.380000,5
9,63,1.133000,5
9,64,1.351000,6
9,65,1.415000,6
9,66,1.996000,6
9,67,1.384000,6
9,68,1.758000,8
9,69,1.471000,7
9,70,1.359000,7
9,71,2.122000,7
9,72,2.062000,7
9,73,1.883000,6
9,74,1.895000,7
9,75,1.294000,7
9,76,2.125000,7
9,77,3.419000,7
9,78,0.354000,7
9,79,1.594000,7
9,80,2.464000,7
9,81,2.228000,7
9,82,1.504000,7
9,83,1.972000,7
9,84,0.585000,7
9,85,1.892000,6
9,86,2.172000,7
9,87,1.744000,6
9,88,1.913000,6
9,89,1.947000,6
9,90,0.951000,6
9,91,1.384000,6
9,92,1.847000,7
9,93,1.449000,7
9,94,1.284000,7
9,95,2.130000,7
9,96,2.134000,8
10,1,1.975000,10
10,2,1.938000,7
10,3,1.684000,7
10,4,1.833000,7
10,5,1.282000,7
10,6,1.877000,8
10,7,2.534000,7
10,8,1.679000,6
10,9,1.151000,6
10,10,1.888000,7
10,11,1.743000,6
10,12,1.093000,7
10,13,1.599000,7
10,14,1.467000,7
10,15,1.975000,7
10,16,1.522000,6
10,17,1.823000,7
10,18,1.588000,6
10,19,2.085000,7
10,20,1.829000,7
10,21,1.968000,7
10,22,1.766000,7
10,23,2.111000,7
10,24,1.010000,7
10,25,1.393000,7
10,26,1.582000,7
10,27,1.752000,7
10,28,1.759000,7
10,29,1.184000,6
10,30,1.360000,6
10,31,2.204000,7
10,32,1.869000,7
10,33,1.637000,7
10,34,3.443000,6
10,35,1.343000,7
10,36,0.426000,6
10,37,1.630000,6
10,38,0.940000,5
10,39,2.324000,6
10,40,2.217000,11
10,41,2.200000,11
10,42,1.435000,10
10,43,2.380000,10
10,44,3.799000,12
10,45,2.780000,16
10,46,1.388000,6
10,47,0.597000,26
10,48,0.095000,6
10,49,1.174000,6
10,50,1.626000,5
10,51,1.680000,6
10,52,1.348000,6
10,53,3.544000,27
10,54,0.517000,27
10,55,1.589000,6
10,56,4.314000,27
10,57,1.208000,5
10,58,1.189000,6
10,59,1.922000,10
10,60,0.608000,5
10,61,1.134000,5
10,62,1.725000,6
10,63,1.432000,5
10,64,1.269000,4
10,65,1.872000,6
10,66,1.303000,6
10,67,1.464000,6
10,68,1.260000,7
10,69,1.563000,7
10,70,2.243000,7
10,71,1.701000,7
10,72,1.921000,7
10,73,1.515000,6
10,74,1.890000,7
10,75,2.051000,7
10,76,1.509000,7
10,77,1.882000,7
10,78,1.381000,7
10,79,2.223000,7
10,80,1.690000,7
10,81,1.640000,7
10,82,1.459000,7
10,83,1.707000,7
10,84,1.409000,7
10,85,1.777000,7
10,86,1.491000,6
10,87,1.325000,6
10,88,2.151000,6
10,89,1.413000,6
10,90,1.458000,6
10,91,1.567000,6
10,92,1.385000,7
10,93,1.688000,7
10,94,1.833000,7
10,95,1.644000,7
10,96,1.705000,7
11,1,2.612000,12
11,2,1.739000,6
11,3,1.674000,6
11,4,1.911000,6
11,5,1.457000,7
11,6,1.637000,8
11,7,1.434000,7
11,8,1.750000,6
11,9,1.657000,6
11,10,2.388000,6
11,11,1.987000,6
11,12,1.473000,6
11,13,1.258000,6
11,14,1.918000,6
11,15,1.356000,6
11,16,1.765000,6
11,17,1.645000,6
11,18,1.272000,6
11,19,1.459000,6
11,20,1.906000,6
11,21,1.885000,6
11,22,1.346000,7
11,23,1.475000,6
11,24,1.633000,7
11,25,1.397000,6
11,26,1.558000,6
11,27,1.161000,6
11,28,1.854000,6
11,29,1.731000,6
11,30,2.365000,6
11,31,1.049000,6
11,32,1.632000,7
11,33,2.053000,6
11,34,1.632000,6
11,35,1.504000,6
11,36,1.496000,6
11,37,1.725000,6
11,38,1.440000,5
11,39,1.996000,8
11,40,2.880000,10
11,41,2.109000,11
11,42,0.440000,10
11,43,1.729000,8
11,44,2.515000,11
11,45,2.791000,15
11,46,1.984000,6
11,47,2.534000,16
11,48,0.387000,5
11,49,4.798000,26
11,50,5.099000,23
11,51,2.003000,21
11,52,0.759000,26
11,53,0.190000,11
11,54,0.155000,10
11,55,1.528000,6
11,56,2.211000,11
11,57,1.219000,6
11,58,1.617000,6
11,59,2.058000,11
11,60,3.237000,27
11,61,1.081000,5
11,62,0.972000,5
11,63,0.768000,4
11,64,1.411000,5
11,65,1.593000,5
11,66,1.698000,5
11,67,1.528000,6
11,68,1.868000,7
11,69,1.690000,7
11,70,1.935000,7
11,71,1.828000,7
11,72,1.451000,7
11,73,1.697000,6
11,74,1.332000,6
11,75,1.715000,6
11,76,1.484000,7
11,77,1.770000,7
11,78,1.599000,7
11,79,2.061000,7
11,80,2.046000,7
11,81,1.274000,7
11,82,1.832000,7
11,83,1.403000,7
11,84,2.102000,7
11,85,1.696000,7
11,86,1.492000,6
11,87,1.661000,6
11,88,1.752000,6
11,89,1.591000,6
11,90,1.670000,6
11,91,1.547000,6
11,92,1.591000,6
11,93,1.448000,7
11,94,2.152000,7
11,95,1.799000,7
11,96,2.076000,8
12,1,4.514000,12
12,2,1.951000,6
12,3,2.655000,6
12,4,2.480000,6
12,5,2.351000,7
12,6,2.389000,8
12,7,3.783000,7
12,8,3.014000,6
12,9,3.089000,6
12,10,2.033000,7
12,11,2.381000,6
12,12,1.726000,6
12,13,2.956000,6
12,14,1.934000,6
12,15,2.929000,6
12,16,2.510000,6
12,17,2.422000,6
12,18,1.978000,6
12,19,3.080000,6
12,20,2.720000,6
12,21,2.040000,6
12,22,3.162000,7
12,23,2.268000,6
12,24,3.032000,7
12,25,2.950000,6
12,26,2.331000,6
12,27,2.281000,6
12,28,2.768000,6
12,29,2.561000,6
12,30,2.067000,6
12,31,2.696000,6
12,32,3.665000,7
12,33,2.913000,6
12,34,2.561000,6
12,35,1.999000,6
12,36,2.082000,6
12,37,3.189000,6
12,38,2.263000,5
12,39,3.538000,8
12,40,3.745000,10
12,41,2.565000,11
12,42,1.700000,10
12,43,2.952000,8
12,44,2.942000,11
12,45,4.462000,15
12,46,5.672000,25
12,47,1.500000,16
12,48,0.843000,26
12,49,4.626000,17
12,50,5.248000,16
12,51,2.647000,10
12,52,3.698000,17
12,53,1.157000,11
12,54,0.530000,10
12,55,5.584000,24
12,56,3.995000,11
12,57,2.239000,6
12,58,5.084000,26
12,59,0.763000,11
12,60,0.511000,10
12,61,2.470000,5
12,62,1.688000,5
12,63,1.560000,4
12,64,2.659000,6
12,65,2.323000,6
12,66,2.061000,5
12,67,3.389000,6
12,68,2.712000,7
12,69,2.587000,7
12,70,2.135000,7
12,71,2.497000,7
12,72,1.355000,7
12,73,2.950000,6
12,74,2.068000,6
12,75,2.083000,6
12,76,3.706000,7
12,77,2.618000,7
12,78,1.563000,7
12,79,3.389000,7
12,80,3.442000,7
12,81,2.971000,7
12,82,2.277000,6
12,83,2.790000,7
12,84,1.763000,7
12,85,3.388000,7
12,86,3.094000,6
12,87,2.666000,6
12,88,2.563000,6
12,89,2.026000,6
12,90,2.010000,6
12,91,3.214000,6
12,92,2.405000,6
12,93,3.041000,7
12,94,2.780000,7
12,95,2.536000,7
12,96,1.871000,7
13,1,2.595000,11
13,2,1.734000,6
13,3,2.203000,6
13,4,2.309000,6
13,5,3.199000,7
13,6,2.650000,9
13,7,2.284000,7
13,8,2.038000,6
13,9,2.674000,6
13,10,1.829000,6
13,11,2.662000,6
13,12,1.975000,6
13,13,1.815000,6
13,14,1.696000,6
13,15,2.113000,6
13,16,2.672000,6
13,17,1.814000,6
13,18,0.707000,6
13,19,2.062000,6
13,20,2.119000,6
13,21,2.304000,6
13,22,2.632000,7
13,23,3.104000,6
13,24,2.270000,7
13,25,2.130000,6
13,26,1.498000,6
13,27,1.903000,6
13,28,2.623000,6
13,29,2.705000,6
13,30,2.392000,6
13,31,1.715000,6
13,32,2.035000,7
13,33,1.673000,6
13,34,2.656000,6
13,35,2.718000,6
13,36,2.675000,6
13,37,2.062000,6
13,38,1.498000,5
13,39,1.875000,6
13,40,3.230000,9
13,41,3.550000,11
13,42,2.745000,10
13,43,2.524000,8
13,44,2.381000,11
13,45,3.808000,15
13,46,4.276000,15
13,47,2.126000,16
13,48,0.774000,17
13,49,3.644000,17
13,50,3.852000,15
13,51,3.229000,11
13,52,3.978000,17
13,53,0.778000,11
13,54,0.479000,10
13,55,3.119000,15
13,56,3.461000,11
13,57,2.587000,6
13,58,3.555000,11
13,59,2.013000,11
13,60,0.601000,11
13,61,2.209000,6
13,62,1.504000,5
13,63,1.184000,4
13,64,2.015000,6
13,65,1.921000,6
13,66,2.423000,5
13,67,1.308000,5
13,68,1.736000,7
13,69,1.979000,7
13,70,2.477000,7
13,71,2.897000,7
13,72,2.626000,7
13,73,1.500000,6
13,74,1.848000,6
13,75,1.933000,6
13,76,2.908000,7
13,77,3.103000,7
13,78,2.667000,7
13,79,2.201000,7
13,80,2.197000,7
13,81,2.764000,7
13,82,2.600000,6
13,83,2.218000,7
13,84,2.268000,7
13,85,2.060000,6
13,86,1.749000,6
13,87,1.850000,6
13,88,2.444000,6
13,89,2.763000,6
13,90,2.028000,6
13,91,1.624000,6
13,92,1.564000,6
13,93,2.287000,7
13,94,3.410000,7
13,95,2.970000,7
13,96,2.286000,7
14,1,2.402000,11
14,2,2.198000,6
14,3,2.690000,6
14,4,2.478000,6
14,5,2.385000,7
14,6,2.139000,8
14,7,2.177000,7
14,8,1.922000,6
14,9,2.400000,6
14,10,2.374000,6
14,11,2.996000,6
14,12,2.411000,6
14,13,2.589000,6
14,14,2.567000,6
14,15,2.326000,6
14,16,3.043000,6
14,17,2.385000,6
14,18,1.984000,6
14,19,2.457000,6
14,20,2.360000,6
14,21,2.156000,6
14,22,2.565000,7
14,23,2.206000,6
14,24,1.754000,7
14,25,1.987000,6
14,26,2.252000,6
14,27,1.749000,6
14,28,2.376000,6
14,29,2.794000,6
14,30,2.492000,6
14,31,2.074000,6
14,32,1.971000,6
14,33,2.429000,6
14,34,2.486000,6
14,35,2.996000,6
14,36,2.230000,6
14,37,2.408000,6
14,38,1.727000,5
14,39,2.915000,8
14,40,3.020000,9
14,41,3.193000,12
14,42,0.985000,10
14,43,2.826000,9
14,44,3.253000,11
14,45,3.768000,15
14,46,2.838000,15
14,47,0.748000,16
14,48,0.276000,17
14,49,3.620000,17
14,50,4.567000,15
14,51,2.456000,10
14,52,3.784000,17
14,53,1.011000,11
14,54,0.490000,10
14,55,3.626000,15
14,56,3.438000,11
14,57,2.544000,6
14,58,3.167000,11
14,59,1.999000,11
14,60,0.529000,11
14,61,1.841000,6
14,62,2.274000,6
14,63,2.859000,7
14,64,2.354000,5
14,65,1.938000,5
14,66,2.173000,5
14,67,1.892000,5
14,68,2.665000,7
14,69,2.667000,7
14,70,2.413000,7
14,71,2.219000,7
14,72,2.363000,7
14,73,2.315000,6
14,74,2.852000,6
14,75,2.263000,6
14,76,1.891000,6
14,77,2.285000,7
14,78,2.476000,7
14,79,2.880000,7
14,80,2.493000,7
14,81,2.647000,7
14,82,2.768000,6
14,83,2.493000,7
14,84,1.799000,7
14,85,2.391000,6
14,86,2.789000,7
14,87,2.085000,6
14,88,1.813000,6
14,89,2.166000,6
14,90,2.257000,6
14,91,2.589000,6
14,92,2.565000,6
14,93,2.566000,7
14,94,2.535000,7
14,95,3.092000,7
14,96,1.563000,7
15,1,3.272000,11
15,2,1.967000,6
15,3,2.360000,6
15,4,2.753000,6
15,5,2.759000,7
15,6,2.714000,8
15,7,2.361000,7
15,8,2.714000,7
15,9,3.047000,7
15,10,2.675000,6
15,11,2.640000,6
15,12,1.948000,6
15,13,2.364000,6
15,14,2.603000,7
15,15,1.883000,6
15,16,2.350000,6
15,17,2.297000,6
15,18,2.482000,6
15,19,2.662000,7
15,20,2.542000,6
15,21,2.331000,6
15,22,2.935000,7
15,23,2.640000,6
15,24,2.396000,7
15,25,2.887000,6
15,26,2.386000,6
15,27,2.479000,6
15,28,2.510000,6
15,29,2.887000,6
15,30,2.173000,6
15,31,2.445000,6
15,32,2.545000,6
15,33,2.605000,6
15,34,2.696000,6
15,35,2.803000,7
15,36,1.371000,5
15,37,2.238000,6
15,38,2.192000,5
15,39,2.571000,8
15,40,3.269000,10
15,41,3.026000,10
15,42,2.313000,10
15,43,2.883000,9
15,44,3.080000,11
15,45,3.835000,15
15,46,3.867000,15
15,47,2.416000,16
15,48,0.622000,17
15,49,3.923000,17
15,50,4.218000,15
15,51,3.238000,11
15,52,4.033000,17
15,53,0.483000,11
15,54,0.318000,10
15,55,4.370000,15
15,56,2.781000,11
15,57,2.489000,6
15,58,3.026000,11
15,59,3.010000,11
15,60,0.669000,10
15,61,4.370000,19
15,62,2.149000,6
15,63,1.598000,5
15,64,2.032000,5
15,65,1.666000,5
15,66,2.843000,6
15,67,1.904000,5
15,68,2.130000,7
15,69,2.756000,7
15,70,2.316000,7
15,71,3.048000,7
15,72,1.928000,7
15,73,2.365000,6
15,74,2.357000,6
15,75,2.169000,6
15,76,2.414000,6
15,77,1.947000,6
15,78,2.643000,7
15,79,2.660000,7
15,80,2.920000,7
15,81,2.788000,7
15,82,2.589000,7
15,83,2.629000,7
15,84,2.204000,7
15,85,2.367000,6
15,86,3.243000,7
15,87,2.676000,6
15,88,1.754000,6
15,89,2.100000,6
15,90,1.543000,6
15,91,2.369000,6
15,92,2.621000,6
15,93,1.930000,7
15,94,2.679000,7
15,95,2.348000,7
15,96,2.769000,7
16,1,3.248000,11
16,2,2.238000,6
16,3,2.800000,6
16,4,2.945000,6
16,5,2.693000,7
16,6,1.356000,8
16,7,2.705000,7
16,8,1.852000,6
16,9,1.908000,6
16,10,2.065000,6
16,11,3.053000,6
16,12,2.446000,6
16,13,2.306000,6
16,14,2.276000,6
16,15,2.678000,6
16,16,2.697000,6
16,17,2.075000,6
16,18,2.154000,6
16,19,2.472000,6
16,20,2.446000,6
16,21,2.885000,6
16,22,2.501000,6
16,23,2.074000,6
16,24,2.219000,7
16,25,1.974000,6
16,26,2.544000,6
16,27,2.264000,6
16,28,2.007000,6
16,29,2.196000,6
16,30,2.153000,6
16,31,2.474000,6
16,32,2.192000,6
16,33,2.669000,6
16,34,2.756000,6
16,35,1.651000,5
16,36,2.149000,5
16,37,2.763000,5
16,38,1.740000,5
16,39,2.787000,6
16,40,3.568000,10
16,41,3.243000,11
16,42,1.745000,11
16,43,4.135000,15
16,44,3.027000,11
16,45,3.736000,15
16,46,3.774000,15
16,47,1.528000,16
16,48,0.790000,17
16,49,4.086000,17
16,50,3.755000,15
16,51,2.857000,8
16,52,4.152000,17
16,53,1.186000,11
16,54,0.726000,11
16,55,4.035000,15
16,56,3.432000,10
16,57,7.632000,24
16,58,1.074000,11
16,59,0.663000,11
16,60,0.240000,10
16,61,2.917000,9
16,62,2.913000,8
16,63,5.959000,28
16,64,2.571000,6
16,65,0.947000,5
16,66,0.549000,5
16,67,1.753000,5
16,68,1.757000,7
16,69,2.266000,7
16,70,2.827000,7
16,71,2.201000,6
16,72,2.833000,6
16,73,2.114000,6
16,74,2.804000,6
16,75,2.899000,6
16,76,2.032000,6
16,77,2.173000,6
16,78,2.691000,6
16,79,2.473000,6
16,80,2.203000,6
16,81,2.684000,6
16,82,3.152000,7
16,83,2.018000,6
16,84,2.179000,6
16,85,1.997000,6
16,86,2.294000,6
16,87,2.474000,6
16,88,2.071000,6
16,89,2.864000,6
16,90,2.602000,6
16,91,2.458000,6
16,92,2.446000,6
16,93,2.536000,6
16,94,2.740000,7
16,95,3.099000,7
16,96,1.444000,7
17,1,2.974000,11
17,2,2.266000,6
17,3,2.416000,6
17,4,2.314000,6
17,5,2.694000,7
17,6,1.986000,8
17,7,2.404000,7
17,8,2.224000,6
17,9,2.748000,6
17,10,2.377000,6
17,11,2.022000,6
17,12,2.050000,6
17,13,2.270000,6
17,14,2.492000,6
17,15,2.172000,6
17,16,1.836000,6
17,17,2.765000,6
17,18,2.217000,6
17,19,2.395000,6
17,20,2.465000,6
17,21,2.393000,6
17,22,2.528000,6
17,23,1.741000,6
17,24,2.476000,7
17,25,2.680000,6
17,26,2.851000,6
17,27,2.041000,6
17,28,2.703000,6
17,29,2.949000,6
17,30,1.816000,6
17,31,2.199000,6
17,32,2.222000,6
17,33,1.841000,6
17,34,2.062000,6
17,35,2.414000,6
17,36,2.265000,5
17,37,2.032000,6
17,38,1.785000,5
17,39,2.936000,8
17,40,2.564000,9
17,41,2.541000,8
17,42,2.697000,11
17,43,2.696000,8
17,44,3.872000,11
17,45,4.149000,15
17,46,3.501000,15
17,47,1.274000,16
17,48,0.550000,17
17,49,4.566000,17
17,50,3.680000,15
17,51,2.624000,8
17,52,3.904000,17
17,53,0.957000,11
17,54,0.484000,11
17,55,3.362000,15
17,56,2.574000,10
17,57,3.067000,11
17,58,2.930000,11
17,59,2.905000,11
17,60,0.858000,10
17,61,3.341000,9
17,62,2.199000,6
17,63,3.132000,10
17,64,1.685000,6
17,65,2.238000,5
17,66,1.567000,5
17,67,2.244000,5
17,68,2.777000,7
17,69,2.890000,7
17,70,2.277000,7
17,71,2.378000,6
17,72,2.314000,6
17,73,2.665000,7
17,74,2.598000,6
17,75,2.667000,6
17,76,2.478000,6
17,77,2.451000,6
17,78,1.907000,6
17,79,2.261000,6
17,80,2.610000,6
17,81,2.505000,6
17,82,2.519000,7
17,83,1.714000,6
17,84,2.445000,6
17,85,2.396000,6
17,86,2.466000,6
17,87,2.303000,6
17,88,2.638000,6
17,89,2.599000,6
17,90,2.158000,6
17,91,2.395000,6
17,92,2.635000,6
17,93,2.619000,6
17,94,2.509000,7
17,95,2.221000,7
17,96,0.903000,7
18,1,3.323000,11
18,2,2.057000,6
18,3,2.626000,6
18,4,2.509000,6
18,5,2.704000,7
18,6,1.656000,8
18,7,2.903000,7
18,8,2.305000,6
18,9,2.083000,6
18,10,1.810000,6
18,11,2.018000,6
18,12,3.221000,6
18,13,2.103000,6
18,14,1.977000,6
18,15,1.958000,6
18,16,2.687000,6
18,17,2.346000,6
18,18,2.426000,6
18,19,2.475000,6
18,20,2.560000,6
18,21,2.524000,6
18,22,2.038000,6
18,23,1.849000,6
18,24,2.990000,8
18,25,2.236000,6
18,26,2.609000,6
18,27,1.948000,6
18,28,2.370000,6
18,29,2.633000,6
18,30,2.399000,6
18,31,2.251000,6
18,32,2.257000,6
18,33,1.655000,6
18,34,2.174000,6
18,35,2.477000,6
18,36,1.982000,5
18,37,2.670000,6
18,38,1.859000,5
18,39,2.800000,8
18,40,3.176000,9
18,41,2.494000,8
18,42,1.849000,11
18,43,2.908000,8
18,44,3.510000,11
18,45,3.997000,15
18,46,3.577000,15
18,47,1.648000,16
18,48,0.511000,17
18,49,4.282000,17
18,50,4.400000,15
18,51,2.220000,8
18,52,3.770000,17
18,53,1.034000,11
18,54,0.411000,11
18,55,3.927000,15
18,56,2.670000,10
18,57,3.071000,11
18,58,3.269000,11
18,59,2.203000,11
18,60,0.652000,10
18,61,3.048000,9
18,62,2.623000,6
18,63,2.516000,10
18,64,2.237000,6
18,65,2.167000,5
18,66,1.732000,5
18,67,2.217000,5
18,68,3.193000,7
18,69,2.806000,7
18,70,2.803000,7
18,71,2.545000,6
18,72,1.034000,6
18,73,2.529000,7
18,74,2.698000,6
18,75,3.117000,6
18,76,2.102000,6
18,77,1.904000,6
18,78,2.063000,6
18,79,2.903000,6
18,80,2.762000,6
18,81,2.651000,6
18,82,2.652000,7
18,83,1.933000,6
18,84,1.863000,6
18,85,2.404000,6
18,86,2.354000,6
18,87,1.733000,6
18,88,2.128000,6
18,89,2.276000,6
18,90,2.205000,6
18,91,2.441000,6
18,92,2.555000,6
18,93,2.539000,6
18,94,2.638000,7
18,95,3.089000,7
18,96,2.006000,7
19,1,2.899000,11
19,2,2.674000,6
19,3,2.425000,6
19,4,2.229000,6
19,5,2.567000,7
19,6,1.905000,8
19,7,1.944000,7
19,8,1.652000,6
19,9,2.171000,6
19,10,2.250000,6
19,11,1.873000,6
19,12,2.522000,6
19,13,2.695000,6
19,14,2.230000,6
19,15,2.134000,6
19,16,2.639000,6
19,17,2.777000,6
19,18,1.963000,6
19,19,2.520000,6
19,20,2.895000,6
19,21,2.735000,6
19,22,2.469000,6
19,23,2.491000,6
19,24,1.848000,7
19,25,2.518000,6
19,26,2.207000,6
19,27,2.580000,6
19,28,3.202000,6
19,29,2.466000,6
19,30,1.643000,6
19,31,2.521000,6
19,32,3.052000,6
19,33,2.298000,6
19,34,2.899000,6
19,35,2.399000,6
19,36,1.734000,5
19,37,2.352000,6
19,38,2.021000,5
19,39,4.795000,20
19,40,3.488000,11
19,41,1.933000,8
19,42,0.774000,11
19,43,2.520000,8
19,44,3.062000,11
19,45,3.916000,15
19,46,3.812000,15
19,47,2.046000,16
19,48,0.565000,17
19,49,3.172000,17
19,50,3.746000,15
19,51,2.293000,8
19,52,3.845000,17
19,53,1.643000,11
19,54,0.517000,11
19,55,3.756000,15
19,56,2.673000,10
19,57,3.062000,11
19,58,2.943000,11
19,59,2.473000,11
19,60,0.794000,10
19,61,2.518000,9
19,62,2.607000,6
19,63,2.608000,10
19,64,1.820000,5
19,65,2.368000,5
19,66,1.334000,5
19,67,2.519000,6
19,68,2.894000,7
19,69,2.940000,7
19,70,2.228000,7
19,71,2.959000,6
19,72,1.567000,6
19,73,2.518000,7
19,74,2.481000,7
19,75,2.149000,6
19,76,2.563000,6
19,77,2.573000,6
19,78,2.078000,7
19,79,2.134000,6
19,80,1.336000,6
19,81,2.280000,6
19,82,3.187000,7
19,83,2.356000,6
19,84,2.202000,6
19,85,2.226000,6
19,86,2.200000,6
19,87,1.528000,5
19,88,2.486000,6
19,89,1.783000,6
19,90,2.644000,6
19,91,2.516000,6
19,92,2.331000,6
19,93,2.258000,6
19,94,2.728000,7
19,95,2.065000,7
19,96,2.141000,7
20,1,3.082000,11
20,2,1.877000,6
20,3,2.440000,6
20,4,2.401000,6
20,5,2.425000,7
20,6,2.313000,8
20,7,2.639000,7
20,8,2.560000,6
20,9,2.161000,6
20,10,1.922000,6
20,11,2.475000,6
20,12,2.014000,6
20,13,2.650000,6
20,14,2.215000,6
20,15,2.567000,6
20,16,2.227000,6
20,17,2.120000,6
20,18,2.177000,6
20,19,1.864000,6
20,20,2.408000,6
20,21,2.562000,7
20,22,2.458000,6
20,23,2.593000,6
20,24,1.963000,7
20,25,1.756000,6
20,26,2.463000,6
20,27,2.000000,6
20,28,2.374000,6
20,29,2.458000,6
20,30,2.454000,6
20,31,2.611000,6
20,32,2.035000,6
20,33,2.464000,6
20,34,1.954000,6
20,35,1.985000,6
20,36,1.694000,5
20,37,2.401000,6
20,38,2.171000,5
20,39,3.000000,9
20,40,3.640000,9
20,41,2.309000,8
20,42,1.604000,11
20,43,2.562000,8
20,44,3.192000,11
20,45,3.815000,15
20,46,3.394000,15
20,47,2.246000,16
20,48,0.606000,17
20,49,4.496000,17
20,50,3.910000,15
20,51,2.657000,8
20,52,3.869000,17
20,53,0.650000,11
20,54,0.174000,11
20,55,3.697000,15
20,56,2.690000,10
20,57,2.802000,11
20,58,2.859000,11
20,59,2.402000,11
20,60,0.735000,10
20,61,3.011000,9
20,62,1.710000,6
20,63,2.401000,10
20,64,1.980000,5
20,65,2.070000,6
20,66,1.608000,5
20,67,2.094000,6
20,68,2.727000,7
20,69,2.699000,7
20,70,2.979000,7
20,71,2.649000,6
20,72,1.344000,6
20,73,2.628000,7
20,74,2.558000,7
20,75,2.453000,6
20,76,2.604000,6
20,77,2.345000,6
20,78,1.968000,7
20,79,2.153000,6
20,80,2.391000,6
20,81,2.426000,6
20,82,2.979000,7
20,83,2.258000,6
20,84,1.757000,6
20,85,2.606000,6
20,86,2.583000,6
20,87,2.142000,5
20,88,2.509000,6
20,89,2.489000,6
20,90,1.873000,6
20,91,2.398000,6
20,92,1.885000,6
20,93,1.806000,6
20,94,2.246000,7
20,95,2.645000,7
20,96,2.395000,7
21,1,2.649000,10
21,2,2.734000,6
21,3,2.183000,6
21,4,1.700000,6
21,5,2.373000,6
21,6,2.593000,8
21,7,2.158000,7
21,8,1.912000,6
21,9,1.657000,6
21,10,1.981000,6
21,11,2.318000,6
21,12,1.891000,6
21,13,3.075000,6
21,14,2.263000,6
21,15,2.214000,6
21,16,2.181000,6
21,17,2.279000,6
21,18,1.930000,6
21,19,2.829000,6
21,20,1.866000,6
21,21,2.189000,6
21,22,2.325000,6
21,23,2.638000,6
21,24,2.590000,7
21,25,1.979000,6
21,26,2.080000,6
21,27,2.102000,6
21,28,1.943000,6
21,29,2.370000,6
21,30,2.608000,6
21,31,2.130000,6
21,32,2.340000,6
21,33,2.402000,6
21,34,2.463000,6
21,35,2.558000,6
21,36,1.913000,5
21,37,1.999000,5
21,38,3.287000,11
21,39,3.738000,10
21,40,3.253000,9
21,41,1.822000,8
21,42,1.346000,11
21,43,2.483000,8
21,44,3.227000,12
21,45,3.705000,15
21,46,3.798000,15
21,47,1.680000,17
21,48,0.301000,17
21,49,3.491000,17
21,50,4.193000,16
21,51,2.362000,8
21,52,2.859000,11
21,53,1.966000,11
21,54,0.776000,12
21,55,3.902000,16
21,56,3.100000,11
21,57,2.773000,10
21,58,3.106000,11
21,59,1.466000,10
21,60,0.731000,10
21,61,2.827000,9
21,62,3.250000,8
21,63,3.031000,10
21,64,2.045000,4
21,65,1.769000,5
21,66,1.468000,5
21,67,2.175000,6
21,68,2.322000,6
21,69,2.178000,7
21,70,2.620000,7
21,71,2.107000,6
21,72,2.554000,7
21,73,2.343000,6
21,74,2.092000,6
21,75,2.099000,6
21,76,1.928000,6
21,77,2.681000,7
21,78,2.422000,7
21,79,1.927000,7
21,80,2.779000,7
21,81,2.226000,6
21,82,2.367000,7
21,83,1.673000,6
21,84,0.796000,6
21,85,1.755000,6
21,86,2.663000,6
21,87,2.800000,6
21,88,2.380000,6
21,89,2.081000,5
21,90,2.096000,6
21,91,2.536000,6
21,92,2.735000,6
21,93,1.946000,6
21,94,2.619000,7
21,95,2.486000,7
21,96,1.893000,6
22,1,2.667000,10
22,2,2.400000,6
22,3,2.115000,6
22,4,2.416000,6
22,5,2.188000,6
22,6,2.153000,7
22,7,2.344000,7
22,8,2.462000,6
22,9,2.019000,6
22,10,2.186000,6
22,11,1.936000,6
22,12,1.881000,6
22,13,2.626000,6
22,14,2.687000,6
22,15,2.593000,6
22,16,2.792000,6
22,17,1.990000,6
22,18,1.963000,6
22,19,2.368000,6
22,20,2.962000,7
22,21,2.922000,7
22,22,2.235000,6
22,23,2.788000,6
22,24,1.973000,7
22,25,2.708000,6
22,26,2.408000,6
22,27,2.080000,6
22,28,2.483000,6
22,29,1.955000,6
22,30,1.336000,6
22,31,2.393000,6
22,32,2.483000,6
22,33,2.701000,6
22,34,1.953000,6
22,35,2.267000,6
22,36,2.422000,10
22,37,1.773000,5
22,38,2.681000,7
22,39,2.654000,9
22,40,2.811000,9
22,41,2.730000,8
22,42,2.486000,11
22,43,2.509000,8
22,44,3.134000,12
22,45,3.849000,15
22,46,3.474000,15
22,47,2.263000,17
22,48,0.734000,17
22,49,4.816000,17
22,50,4.199000,15
22,51,2.314000,8
22,52,3.289000,11
22,53,1.400000,11
22,54,0.656000,12
22,55,4.374000,16
22,56,2.810000,11
22,57,2.535000,10
22,58,3.606000,11
22,59,2.077000,10
22,60,0.975000,10
22,61,3.589000,9
22,62,2.220000,6
22,63,3.057000,10
22,64,1.800000,5
22,65,1.843000,5
22,66,1.891000,5
22,67,1.742000,5
22,68,2.461000,6
22,69,2.227000,7
22,70,2.620000,7
22,71,2.373000,6
22,72,2.623000,7
22,73,2.695000,6
22,74,2.667000,6
22,75,2.550000,6
22,76,2.351000,7
22,77,2.701000,7
22,78,2.414000,7
22,79,2.804000,7
22,80,2.697000,7
22,81,2.895000,6
22,82,2.767000,7
22,83,1.758000,6
22,84,1.660000,6
22,85,2.431000,6
22,86,2.639000,6
22,87,2.177000,6
22,88,1.817000,5
22,89,1.552000,6
22,90,2.015000,6
22,91,2.272000,6
22,92,2.787000,6
22,93,2.802000,6
22,94,2.714000,6
22,95,2.844000,7
22,96,3.120000,28
23,1,3.072000,10
23,2,2.601000,6
23,3,2.109000,6
23,4,1.993000,7
23,5,1.975000,6
23,6,1.054000,7
23,7,2.568000,7
23,8,2.501000,6
23,9,2.793000,6
23,10,2.510000,6
23,11,2.685000,6
23,12,2.002000,6
23,13,2.464000,6
23,14,2.735000,6
23,15,2.086000,6
23,16,1.990000,6
23,17,2.479000,7
23,18,2.033000,6
23,19,3.071000,6
23,20,2.711000,7
23,21,3.143000,7
23,22,2.480000,6
23,23,2.728000,7
23,24,1.278000,7
23,25,2.177000,6
23,26,2.377000,6
23,27,2.417000,6
23,28,2.811000,6
23,29,2.355000,6
23,30,2.625000,6
23,31,2.172000,6
23,32,2.395000,6
23,33,2.423000,6
23,34,2.150000,6
23,35,2.471000,6
23,36,2.834000,8
23,37,2.016000,5
23,38,6.297000,27
23,39,3.146000,10
23,40,2.578000,9
23,41,1.534000,8
23,42,0.869000,11
23,43,2.927000,8
23,44,3.491000,12
23,45,3.983000,16
23,46,3.628000,15
23,47,2.134000,17
23,48,0.580000,11
23,49,4.873000,17
23,50,3.940000,15
23,51,2.389000,8
23,52,3.082000,11
23,53,1.722000,11
23,54,0.708000,12
23,55,3.128000,11
23,56,2.988000,11
23,57,2.880000,10
23,58,2.852000,11
23,59,2.797000,10
23,60,1.098000,10
23,61,2.804000,9
23,62,2.446000,6
23,63,2.995000,10
23,64,2.757000,6
23,65,2.466000,5
23,66,1.864000,6
23,67,2.175000,5
23,68,2.271000,6
23,69,2.874000,7
23,70,2.277000,7
23,71,2.216000,6
23,72,2.095000,7
23,73,2.172000,6
23,74,2.203000,6
23,75,2.614000,7
23,76,2.355000,7
23,77,2.588000,7
23,78,2.496000,7
23,79,2.806000,7
23,80,2.603000,7
23,81,2.951000,7
23,82,2.649000,7
23,83,2.743000,6
23,84,1.592000,6
23,85,2.540000,6
23,86,2.399000,5
23,87,2.004000,6
23,88,1.973000,5
23,89,2.747000,6
23,90,2.176000,6
23,91,2.179000,6
23,92,2.515000,6
23,93,2.273000,6
23,94,2.004000,6
23,95,2.710000,7
23,96,3.949000,17
24,1,3.117000,10
24,2,2.487000,6
24,3,2.549000,6
24,4,2.421000,7
24,5,2.860000,6
24,6,1.870000,7
24,7,2.599000,7
24,8,2.630000,6
24,9,2.896000,6
24,10,2.173000,6
24,11,2.799000,6
24,12,1.886000,6
24,13,2.401000,6
24,14,2.364000,6
24,15,2.407000,6
24,16,2.213000,6
24,17,2.513000,6
24,18,1.797000,6
24,19,2.591000,6
24,20,2.372000,7
24,21,2.288000,7
24,22,2.529000,6
24,23,2.494000,7
24,24,2.227000,7
24,25,2.914000,6
24,26,3.040000,6
24,27,2.010000,6
24,28,2.590000,6
24,29,2.682000,6
24,30,1.585000,6
24,31,2.591000,6
24,32,1.966000,6
24,33,2.437000,6
24,34,2.056000,6
24,35,2.783000,6
24,36,2.909000,8
24,37,2.349000,5
24,38,3.255000,11
24,39,3.279000,9
24,40,3.089000,11
24,41,2.488000,8
24,42,1.294000,11
24,43,2.592000,8
24,44,3.206000,12
24,45,3.717000,15
24,46,3.961000,15
24,47,2.205000,11
24,48,0.486000,11
24,49,2.943000,11
24,50,4.500000,16
24,51,2.570000,8
24,52,2.997000,11
24,53,2.035000,11
24,54,0.319000,12
24,55,2.964000,11
24,56,3.152000,11
24,57,2.922000,10
24,58,3.214000,11
24,59,2.578000,10
24,60,0.916000,10
24,61,3.380000,9
24,62,2.246000,6
24,63,2.641000,10
24,64,2.198000,6
24,65,2.242000,5
24,66,1.587000,6
24,67,1.762000,5
24,68,2.133000,6
24,69,2.490000,7
24,70,2.427000,7
24,71,1.930000,6
24,72,2.686000,7
24,73,2.393000,6
24,74,3.206000,6
24,75,2.702000,7
24,76,2.481000,7
24,77,2.424000,7
24,78,1.765000,7
24,79,2.590000,7
24,80,2.945000,7
24,81,2.362000,7
24,82,2.070000,6
24,83,1.820000,6
24,84,1.387000,6
24,85,1.695000,5
24,86,2.355000,6
24,87,1.801000,5
24,88,2.257000,5
24,89,2.081000,6
24,90,1.973000,6
24,91,2.591000,6
24,92,2.128000,6
24,93,2.273000,6
24,94,1.842000,6
24,95,2.137000,7
24,96,3.434000,17
25,1,2.716000,10
25,2,2.292000,6
25,3,2.316000,6
25,4,2.717000,7
25,5,2.409000,6
25,6,2.464000,7
25,7,2.445000,7
25,8,2.214000,6
25,9,2.876000,6
25,10,2.550000,6
25,11,1.951000,6
25,12,2.439000,6
25,13,2.302000,6
25,14,2.302000,6
25,15,2.538000,6
25,16,2.382000,6
25,17,1.941000,6
25,18,2.322000,6
25,19,2.716000,6
25,20,2.081000,6
25,21,2.595000,6
25,22,2.707000,6
25,23,2.371000,7
25,24,2.276000,7
25,25,2.716000,6
25,26,2.466000,6
25,27,2.336000,6
25,28,2.398000,6
25,29,2.116000,6
25,30,2.280000,6
25,31,2.421000,6
25,32,2.152000,6
25,33,2.224000,6
25,34,2.491000,6
25,35,2.567000,6
25,36,2.719000,8
25,37,1.489000,5
25,38,3.058000,11
25,39,3.739000,9
25,40,2.914000,9
25,41,2.648000,8
25,42,1.926000,11
25,43,2.482000,8
25,44,3.808000,12
25,45,4.271000,16
25,46,3.621000,15
25,47,1.414000,11
25,48,0.533000,11
25,49,2.938000,11
25,50,4.391000,16
25,51,3.262000,8
25,52,2.975000,11
25,53,2.264000,12
25,54,0.541000,12
25,55,2.874000,11
25,56,2.873000,11
25,57,2.579000,10
25,58,3.466000,11
25,59,2.604000,10
25,60,1.412000,10
25,61,3.361000,9
25,62,2.303000,6
25,63,2.367000,10
25,64,2.144000,6
25,65,1.829000,5
25,66,1.922000,6
25,67,1.816000,5
25,68,3.132000,8
25,69,2.660000,7
25,70,2.479000,7
25,71,2.374000,7
25,72,0.451000,6
25,73,2.419000,6
25,74,2.118000,6
25,75,2.823000,7
25,76,2.657000,7
25,77,3.003000,7
25,78,2.339000,7
25,79,2.929000,7
25,80,3.050000,7
25,81,2.174000,7
25,82,3.070000,6
25,83,1.915000,6
25,84,1.826000,6
25,85,2.276000,5
25,86,2.254000,6
25,87,2.504000,5
25,88,1.956000,5
25,89,2.482000,6
25,90,2.354000,6
25,91,2.276000,6
25,92,2.389000,6
25,93,2.853000,6
25,94,2.239000,6
25,95,2.705000,7
25,96,3.115000,16
26,1,3.149000,10
26,2,2.260000,6
26,3,1.687000,6
26,4,1.734000,7
26,5,1.510000,6
26,6,2.009000,7
26,7,3.331000,7
26,8,2.143000,6
26,9,1.733000,6
26,10,1.444000,6
26,11,2.020000,6
26,12,1.616000,6
26,13,3.328000,6
26,14,2.134000,6
26,15,2.161000,6
26,16,1.246000,6
26,17,1.280000,6
26,18,1.567000,6
26,19,3.327000,6
26,20,1.802000,6
26,21,1.724000,6
26,22,1.551000,6
26,23,1.968000,7
26,24,1.634000,6
26,25,3.331000,6
26,26,2.430000,6
26,27,1.507000,6
26,28,2.058000,6
26,29,1.674000,6
26,30,1.507000,6
26,31,3.331000,6
26,32,2.320000,6
26,33,1.612000,6
26,34,1.645000,6
26,35,2.269000,6
26,36,1.566000,8
26,37,2.561000,5
26,38,2.616000,11
26,39,3.027000,11
26,40,1.842000,9
26,41,1.200000,8
26,42,0.473000,11
26,43,3.328000,8
26,44,2.708000,11
26,45,3.342000,16
26,46,2.752000,15
26,47,1.129000,11
26,48,0.447000,11
26,49,3.608000,11
26,50,4.039000,15
26,51,1.865000,8
26,52,2.554000,11
26,53,1.226000,11
26,54,0.447000,11
26,55,3.211000,10
26,56,2.683000,11
26,57,2.732000,10
26,58,2.266000,10
26,59,1.927000,10
26,60,0.543000,10
26,61,4.533000,11
26,62,1.754000,6
26,63,2.891000,10
26,64,1.325000,5
26,65,0.911000,5
26,66,0.900000,5
26,67,2.925000,5
26,68,2.229000,7
26,69,2.129000,6
26,70,2.367000,6
26,71,1.487000,6
26,72,1.427000,6
26,73,3.069000,7
26,74,1.673000,6
26,75,2.062000,6
26,76,1.695000,6
26,77,1.984000,6
26,78,1.763000,6
26,79,3.629000,6
26,80,2.290000,6
26,81,2.294000,7
26,82,1.309000,6
26,83,1.807000,6
26,84,1.223000,6
26,85,2.929000,5
26,86,1.940000,6
26,87,1.511000,5
26,88,2.090000,6
26,89,1.578000,5
26,90,1.816000,6
26,91,3.118000,6
26,92,2.071000,6
26,93,2.234000,6
26,94,1.907000,6
26,95,1.924000,7
26,96,1.925000,16
27,1,1.945000,10
27,2,1.637000,6
27,3,1.496000,6
27,4,1.626000,7
27,5,1.706000,6
27,6,1.590000,7
27,7,1.728000,7
27,8,2.155000,6
27,9,1.610000,6
27,10,1.719000,6
27,11,1.351000,6
27,12,1.694000,6
27,13,1.789000,6
27,14,1.960000,6
27,15,1.572000,6
27,16,1.914000,6
27,17,1.827000,6
27,18,1.428000,6
27,19,1.625000,6
27,20,1.637000,6
27,21,1.948000,6
27,22,1.252000,6
27,23,1.982000,7
27,24,1.564000,6
27,25,1.371000,6
27,26,1.545000,6
27,27,1.595000,6
27,28,1.414000,6
27,29,1.825000,6
27,30,1.767000,6
27,31,2.059000,6
27,32,2.015000,6
27,33,1.966000,6
27,34,1.990000,6
27,35,1.754000,6
27,36,1.257000,8
27,37,1.395000,5
27,38,2.503000,11
27,39,2.189000,9
27,40,2.626000,11
27,41,0.954000,8
27,42,0.499000,11
27,43,2.111000,8
27,44,2.632000,11
27,45,3.050000,16
27,46,2.309000,11
27,47,1.058000,11
27,48,0.409000,11
27,49,2.662000,11
27,50,3.472000,15
27,51,1.928000,8
27,52,2.149000,11
27,53,1.117000,11
27,54,0.467000,11
27,55,2.133000,10
27,56,2.831000,11
27,57,2.607000,10
27,58,2.063000,10
27,59,1.445000,10
27,60,0.582000,10
27,61,2.926000,9
27,62,2.307000,6
27,63,2.272000,10
27,64,1.454000,5
27,65,1.133000,6
27,66,0.906000,5
27,67,1.475000,5
27,68,2.136000,7
27,69,1.368000,6
27,70,1.295000,6
27,71,1.404000,6
27,72,1.765000,6
27,73,1.939000,7
27,74,1.750000,6
27,75,2.066000,6
27,76,1.362000,6
27,77,0.899000,6
27,78,0.865000,6
27,79,1.644000,6
27,80,1.879000,6
27,81,1.586000,6
27,82,1.666000,6
27,83,1.407000,6
27,84,1.859000,6
27,85,1.625000,7
27,86,2.267000,5
27,87,1.344000,5
27,88,1.572000,6
27,89,1.461000,5
27,90,1.192000,6
27,91,1.932000,6
27,92,1.629000,6
27,93,1.913000,6
27,94,1.414000,6
27,95,2.333000,7
27,96,1.882000,13
28,1,1.810000,10
28,2,1.832000,6
28,3,1.571000,6
28,4,1.505000,6
28,5,1.343000,6
28,6,1.450000,7
28,7,1.491000,7
28,8,1.286000,6
28,9,1.643000,6
28,10,1.469000,6
28,11,2.002000,6
28,12,1.300000,6
28,13,1.547000,6
28,14,1.426000,6
28,15,2.250000,6
28,16,1.719000,6
28,17,1.940000,6
28,18,1.054000,6
28,19,1.805000,6
28,20,1.567000,6
28,21,1.447000,6
28,22,1.408000,6
28,23,2.171000,8
28,24,1.296000,6
28,25,1.809000,6
28,26,1.795000,6
28,27,2.036000,6
28,28,2.010000,6
28,29,1.746000,6
28,30,0.809000,6
28,31,1.603000,6
28,32,1.615000,6
28,33,1.688000,6
28,34,1.533000,6
28,35,0.838000,6
28,36,0.389000,8
28,37,1.102000,5
28,38,2.872000,11
28,39,2.272000,9
28,40,1.804000,9
28,41,1.218000,8
28,42,1.009000,11
28,43,1.811000,8
28,44,2.012000,11
28,45,3.925000,16
28,46,1.784000,11
28,47,1.067000,11
28,48,0.332000,11
28,49,1.855000,11
28,50,2.683000,15
28,51,2.081000,8
28,52,1.843000,11
28,53,1.463000,11
28,54,1.052000,11
28,55,2.667000,10
28,56,2.804000,11
28,57,2.281000,10
28,58,2.184000,10
28,59,0.971000,10
28,60,0.395000,10
28,61,2.204000,9
28,62,2.005000,7
28,63,2.700000,10
28,64,1.306000,5
28,65,1.819000,7
28,66,0.557000,5
28,67,1.504000,5
28,68,1.697000,7
28,69,1.813000,6
28,70,2.158000,6
28,71,1.195000,6
28,72,1.312000,6
28,73,1.805000,6
28,74,1.284000,6
28,75,1.741000,6
28,76,1.625000,6
28,77,1.752000,6
28,78,1.152000,6
28,79,1.933000,6
28,80,1.496000,6
28,81,1.589000,6
28,82,1.434000,6
28,83,1.121000,6
28,84,1.178000,6
28,85,1.324000,6
28,86,1.639000,5
28,87,1.218000,5
28,88,1.011000,5
28,89,1.218000,5
28,90,1.437000,6
28,91,2.121000,6
28,92,1.467000,6
28,93,1.389000,6
28,94,1.975000,6
28,95,2.048000,7
28,96,1.573000,14
29,1,2.883000,10
29,2,1.201000,6
29,3,1.402000,6
29,4,1.357000,6
29,5,1.522000,6
29,6,1.765000,7
29,7,2.001000,7
29,8,1.579000,6
29,9,1.865000,6
29,10,1.727000,6
29,11,1.622000,6
29,12,1.249000,6
29,13,1.676000,6
29,14,1.410000,6
29,15,1.387000,6
29,16,1.542000,7
29,17,1.580000,6
29,18,2.052000,6
29,19,1.685000,6
29,20,1.824000,6
29,21,1.823000,6
29,22,1.180000,6
29,23,2.157000,7
29,24,1.410000,6
29,25,1.843000,6
29,26,1.872000,6
29,27,1.741000,6
29,28,2.062000,6
29,29,1.440000,6
29,30,1.534000,6
29,31,1.842000,6
29,32,1.473000,6
29,33,1.512000,6
29,34,2.271000,6
29,35,1.010000,6
29,36,0.816000,8
29,37,1.825000,5
29,38,2.521000,11
29,39,2.752000,11
29,40,2.152000,9
29,41,1.345000,8
29,42,0.606000,11
29,43,1.437000,8
29,44,3.098000,11
29,45,3.384000,16
29,46,1.933000,11
29,47,0.590000,11
29,48,0.295000,11
29,49,2.660000,11
29,50,2.855000,15
29,51,2.309000,8
29,52,2.528000,11
29,53,0.278000,11
29,54,0.199000,11
29,55,2.008000,10
29,56,2.420000,11
29,57,1.710000,10
29,58,2.054000,10
29,59,1.775000,10
29,60,1.119000,10
29,61,2.355000,10
29,62,1.422000,6
29,63,2.509000,10
29,64,1.291000,5
29,65,1.136000,5
29,66,1.008000,5
29,67,1.674000,6
29,68,2.364000,7
29,69,1.726000,6
29,70,1.417000,6
29,71,1.498000,6
29,72,1.498000,6
29,73,1.319000,6
29,74,2.091000,7
29,75,2.457000,6
29,76,1.352000,6
29,77,1.819000,6
29,78,1.123000,6
29,79,1.395000,6
29,80,1.472000,6
29,81,2.224000,6
29,82,1.893000,7
29,83,1.731000,6
29,84,1.413000,6
29,85,1.344000,6
29,86,1.402000,5
29,87,1.596000,5
29,88,1.494000,5
29,89,1.437000,5
29,90,1.198000,5
29,91,1.218000,5
29,92,1.445000,6
29,93,1.851000,5
29,94,2.059000,6
29,95,2.337000,7
29,96,1.950000,13
30,1,1.795000,10
30,2,1.231000,6
30,3,1.895000,6
30,4,1.645000,6
30,5,1.512000,6
30,6,1.549000,7
30,7,2.159000,7
30,8,1.593000,6
30,9,1.453000,6
30,10,1.614000,6
30,11,1.703000,6
30,12,1.525000,6
30,13,2.315000,6
30,14,1.407000,6
30,15,1.379000,6
30,16,1.214000,6
30,17,1.540000,6
30,18,1.928000,6
30,19,1.897000,6
30,20,1.874000,6
30,21,1.758000,6
30,22,1.750000,6
30,23,2.222000,7
30,24,0.926000,6
30,25,1.805000,6
30,26,1.648000,6
30,27,1.605000,6
30,28,1.204000,6
30,29,1.549000,6
30,30,1.361000,6
30,31,2.316000,6
30,32,1.655000,6
30,33,1.375000,6
30,34,1.578000,6
30,35,1.255000,6
30,36,2.078000,8
30,37,1.738000,5
30,38,2.214000,11
30,39,2.665000,9
30,40,1.853000,11
30,41,0.530000,8
30,42,0.166000,11
30,43,1.957000,8
30,44,2.838000,11
30,45,3.125000,16
30,46,2.221000,11
30,47,0.999000,11
30,48,0.430000,11
30,49,2.501000,11
30,50,3.745000,15
30,51,2.221000,8
30,52,2.234000,11
30,53,0.586000,11
30,54,0.430000,11
30,55,3.077000,10
30,56,2.750000,11
30,57,2.609000,10
30,58,2.097000,10
30,59,0.683000,10
30,60,0.414000,10
30,61,2.813000,9
30,62,1.957000,6
30,63,2.758000,10
30,64,0.883000,4
30,65,1.220000,5
30,66,1.002000,5
30,67,1.751000,7
30,68,1.812000,6
30,69,1.593000,6
30,70,1.661000,6
30,71,1.582000,6
30,72,1.635000,6
30,73,2.318000,6
30,74,2.047000,7
30,75,1.175000,6
30,76,1.753000,6
30,77,1.419000,6
30,78,1.502000,6
30,79,1.903000,6
30,80,1.643000,6
30,81,1.697000,6
30,82,1.540000,6
30,83,1.400000,6
30,84,1.634000,6
30,85,1.899000,6
30,86,1.317000,5
30,87,1.894000,6
30,88,1.887000,5
30,89,1.154000,5
30,90,0.486000,5
30,91,2.029000,6
30,92,2.336000,6
30,93,0.993000,5
30,94,2.337000,6
30,95,1.682000,7
30,96,0.948000,13
31,1,2.641000,9
31,2,1.834000,6
31,3,1.074000,6
31,4,1.762000,6
31,5,1.613000,6
31,6,1.360000,7
31,7,1.607000,6
31,8,2.149000,6
31,9,1.855000,6
31,10,1.676000,6
31,11,1.874000,6
31,12,0.996000,6
31,13,1.478000,6
31,14,1.485000,6
31,15,1.009000,6
31,16,1.867000,6
31,17,1.839000,6
31,18,1.472000,6
31,19,1.483000,6
31,20,1.219000,6
31,21,1.242000,6
31,22,1.304000,6
31,23,1.838000,6
31,24,1.541000,6
31,25,1.751000,6
31,26,1.850000,6
31,27,1.646000,6
31,28,1.884000,6
31,29,1.462000,6
31,30,0.920000,6
31,31,1.696000,6
31,32,1.489000,6
31,33,2.296000,6
31,34,1.568000,6
31,35,1.332000,6
31,36,1.663000,8
31,37,1.339000,6
31,38,2.307000,10
31,39,2.856000,9
31,40,2.923000,11
31,41,1.133000,8
31,42,0.468000,10
31,43,1.734000,8
31,44,2.766000,12
31,45,3.414000,16
31,46,2.374000,12
31,47,0.652000,12
31,48,0.239000,12
31,49,2.755000,12
31,50,3.470000,15
31,51,1.548000,8
31,52,2.076000,12
31,53,0.981000,12
31,54,0.435000,10
31,55,3.563000,13
31,56,2.323000,10
31,57,2.109000,10
31,58,1.551000,10
31,59,1.000000,10
31,60,0.502000,10
31,61,1.722000,9
31,62,1.760000,7
31,63,1.691000,7
31,64,0.774000,4
31,65,1.353000,5
31,66,1.838000,6
31,67,1.717000,6
31,68,1.588000,6
31,69,1.550000,7
31,70,2.024000,6
31,71,1.796000,6
31,72,1.367000,6
31,73,1.734000,6
31,74,1.161000,6
31,75,1.327000,6
31,76,2.425000,7
31,77,1.650000,7
31,78,0.998000,6
31,79,1.929000,6
31,80,1.696000,6
31,81,1.591000,6
31,82,1.109000,6
31,83,1.760000,7
31,84,1.126000,5
31,85,1.167000,5
31,86,1.594000,5
31,87,1.195000,5
31,88,1.413000,5
31,89,1.934000,6
31,90,1.941000,6
31,91,1.327000,6
31,92,1.833000,6
31,93,1.370000,5
31,94,1.625000,6
31,95,1.887000,7
31,96,1.943000,7
32,1,2.288000,10
32,2,1.393000,6
32,3,1.555000,6
32,4,1.543000,6
32,5,2.465000,6
32,6,3.722000,7
32,7,1.390000,6
32,8,1.580000,7
32,9,1.923000,6
32,10,2.094000,6
32,11,3.264000,6
32,12,2.845000,6
32,13,1.485000,6
32,14,1.542000,6
32,15,2.198000,6
32,16,2.233000,6
32,17,3.447000,6
32,18,2.451000,6
32,19,1.950000,6
32,20,1.369000,6
32,21,1.682000,6
32,22,2.558000,6
32,23,3.047000,6
32,24,2.960000,6
32,25,2.246000,6
32,26,1.680000,6
32,27,1.286000,6
32,28,1.782000,6
32,29,3.107000,6
32,30,2.874000,6
32,31,1.132000,6
32,32,1.538000,6
32,33,1.427000,6
32,34,1.288000,6
32,35,1.560000,6
32,36,4.031000,9
32,37,1.660000,5
32,38,2.260000,10
32,39,2.706000,11
32,40,4.518000,11
32,41,1.390000,8
32,42,0.959000,10
32,43,1.943000,8
32,44,2.505000,12
32,45,3.510000,16
32,46,4.567000,12
32,47,1.862000,12
32,48,1.129000,12
32,49,2.119000,12
32,50,2.674000,15
32,51,2.298000,8
32,52,4.213000,12
32,53,3.062000,12
32,54,0.856000,10
32,55,1.853000,10
32,56,2.911000,10
32,57,2.389000,10
32,58,3.492000,10
32,59,3.006000,10
32,60,1.108000,10
32,61,2.547000,10
32,62,1.716000,7
32,63,2.120000,7
32,64,2.180000,7
32,65,3.021000,6
32,66,1.284000,6
32,67,2.148000,7
32,68,1.498000,6
32,69,1.760000,6
32,70,2.060000,6
32,71,2.720000,6
32,72,2.717000,6
32,73,1.164000,6
32,74,1.963000,6
32,75,1.661000,6
32,76,1.577000,6
32,77,2.596000,6
32,78,3.589000,6
32,79,1.946000,7
32,80,1.670000,7
32,81,1.741000,7
32,82,2.024000,6
32,83,2.923000,6
32,84,2.332000,5
32,85,1.243000,6
32,86,1.877000,5
32,87,1.693000,5
32,88,1.296000,5
32,89,3.601000,6
32,90,1.269000,6
32,91,1.300000,5
32,92,1.241000,6
32,93,0.849000,5
32,94,1.830000,6
32,95,2.196000,7
32,96,2.657000,7
33,1,2.817000,10
33,2,2.682000,6
33,3,2.439000,6
33,4,2.570000,6
33,5,2.240000,6
33,6,2.076000,8
33,7,2.316000,6
33,8,2.603000,6
33,9,1.976000,6
33,10,1.823000,6
33,11,2.877000,6
33,12,2.561000,6
33,13,3.117000,6
33,14,1.856000,6
33,15,2.364000,6
33,16,2.749000,6
33,17,2.517000,6
33,18,2.366000,7
33,19,3.038000,6
33,20,2.092000,6
33,21,3.655000,6
33,22,2.467000,6
33,23,1.908000,6
33,24,1.479000,6
33,25,2.397000,6
33,26,2.576000,6
33,27,2.453000,6
33,28,2.787000,6
33,29,2.075000,6
33,30,1.788000,6
33,31,3.365000,6
33,32,2.610000,6
33,33,2.803000,6
33,34,2.670000,6
33,35,2.087000,6
33,36,1.654000,7
33,37,2.504000,5
33,38,2.996000,10
33,39,3.239000,11
33,40,3.214000,11
33,41,2.260000,8
33,42,1.512000,10
33,43,3.417000,8
33,44,3.419000,12
33,45,3.842000,16
33,46,3.320000,12
33,47,1.801000,12
33,48,0.475000,12
33,49,3.743000,12
33,50,4.003000,15
33,51,2.267000,8
33,52,3.594000,12
33,53,1.777000,10
33,54,0.731000,10
33,55,3.240000,12
33,56,3.199000,10
33,57,2.791000,10
33,58,3.315000,10
33,59,2.416000,10
33,60,0.652000,10
33,61,3.742000,9
33,62,2.356000,7
33,63,2.215000,7
33,64,2.141000,6
33,65,2.690000,6
33,66,1.793000,6
33,67,2.211000,5
33,68,2.042000,6
33,69,2.450000,6
33,70,2.017000,6
33,71,2.595000,6
33,72,2.310000,6
33,73,2.198000,6
33,74,2.107000,6
33,75,2.446000,6
33,76,2.319000,6
33,77,2.246000,6
33,78,2.537000,6
33,79,2.500000,6
33,80,2.293000,6
33,81,2.251000,6
33,82,2.352000,6
33,83,3.229000,7
33,84,2.022000,5
33,85,3.032000,6
33,86,2.788000,6
33,87,2.144000,5
33,88,2.288000,6
33,89,1.892000,6
33,90,1.333000,6
33,91,2.277000,5
33,92,1.739000,6
33,93,2.171000,5
33,94,2.387000,6
33,95,3.106000,7
33,96,2.126000,7
34,1,3.150000,9
34,2,2.847000,6
34,3,2.550000,6
34,4,2.542000,6
34,5,2.093000,6
34,6,2.212000,8
34,7,2.394000,6
34,8,2.729000,6
34,9,1.865000,6
34,10,2.680000,6
34,11,2.495000,6
34,12,2.315000,6
34,13,2.305000,6
34,14,2.700000,6
34,15,2.389000,6
34,16,2.425000,6
34,17,2.439000,6
34,18,1.979000,6
34,19,2.566000,6
34,20,2.268000,6
34,21,2.345000,6
34,22,2.774000,6
34,23,2.440000,6
34,24,2.317000,6
34,25,2.633000,6
34,26,2.667000,6
34,27,2.159000,6
34,28,2.643000,6
34,29,2.492000,6
34,30,2.025000,6
34,31,2.575000,6
34,32,1.845000,6
34,33,2.727000,6
34,34,2.290000,6
34,35,2.342000,6
34,36,2.419000,7
34,37,2.064000,5
34,38,2.805000,10
34,39,3.573000,11
34,40,3.639000,11
34,41,2.835000,8
34,42,0.988000,10
34,43,2.806000,8
34,44,3.791000,12
34,45,4.453000,16
34,46,3.590000,12
34,47,1.391000,12
34,48,0.483000,12
34,49,3.761000,12
34,50,3.939000,15
34,51,2.909000,8
34,52,3.276000,12
34,53,1.502000,10
34,54,0.789000,10
34,55,3.267000,12
34,56,2.448000,10
34,57,3.619000,10
34,58,3.081000,10
34,59,2.465000,10
34,60,1.175000,10
34,61,3.562000,9
34,62,2.880000,7
34,63,2.277000,7
34,64,2.645000,6
34,65,2.423000,6
34,66,1.409000,5
34,67,2.316000,5
34,68,2.599000,5
34,69,2.800000,6
34,70,2.544000,6
34,71,2.571000,6
34,72,1.755000,6
34,73,2.378000,6
34,74,2.416000,7
34,75,2.044000,6
34,76,2.410000,6
34,77,1.746000,6
34,78,0.453000,6
34,79,2.565000,6
34,80,1.831000,6
34,81,2.400000,6
34,82,2.440000,6
34,83,1.941000,6
34,84,2.423000,6
34,85,2.306000,5
34,86,2.374000,5
34,87,2.373000,6
34,88,2.814000,6
34,89,2.010000,5
34,90,2.617000,6
34,91,2.014000,5
34,92,2.048000,6
34,93,2.554000,5
34,94,2.016000,6
34,95,3.425000,7
34,96,2.551000,7
35,1,2.715000,10
35,2,1.900000,6
35,3,2.427000,6
35,4,2.364000,6
35,5,1.927000,6
35,6,2.602000,7
35,7,2.321000,6
35,8,2.525000,6
35,9,2.654000,6
35,10,2.469000,6
35,11,2.236000,6
35,12,1.995000,6
35,13,2.937000,6
35,14,2.724000,6
35,15,2.731000,6
35,16,2.752000,6
35,17,2.672000,6
35,18,1.179000,6
35,19,2.082000,6
35,20,2.730000,6
35,21,2.461000,6
35,22,2.392000,6
35,23,1.585000,6
35,24,2.800000,6
35,25,2.356000,6
35,26,2.402000,6
35,27,2.926000,6
35,28,2.291000,6
35,29,2.387000,6
35,30,1.755000,6
35,31,2.084000,6
35,32,1.763000,6
35,33,2.652000,6
35,34,2.047000,6
35,35,2.421000,6
35,36,2.870000,7
35,37,1.932000,5
35,38,3.310000,10
35,39,3.460000,11
35,40,2.978000,11
35,41,2.448000,8
35,42,1.055000,10
35,43,2.944000,8
35,44,3.598000,12
35,45,4.375000,17
35,46,3.294000,12
35,47,1.213000,12
35,48,0.456000,12
35,49,3.412000,12
35,50,4.324000,15
35,51,2.334000,8
35,52,3.139000,12
35,53,0.974000,10
35,54,0.511000,10
35,55,3.179000,12
35,56,2.947000,10
35,57,2.949000,10
35,58,3.018000,10
35,59,0.960000,10
35,60,0.392000,10
35,61,3.718000,11
35,62,2.294000,7
35,63,2.831000,7
35,64,1.974000,5
35,65,2.066000,6
35,66,2.508000,6
35,67,2.084000,5
35,68,2.639000,6
35,69,2.361000,6
35,70,2.301000,6
35,71,2.142000,6
35,72,2.807000,6
35,73,2.224000,6
35,74,2.677000,6
35,75,2.421000,6
35,76,2.261000,6
35,77,2.420000,6
35,78,1.945000,6
35,79,2.939000,6
35,80,2.548000,6
35,81,1.866000,6
35,82,2.274000,7
35,83,2.610000,6
35,84,2.037000,6
35,85,2.939000,6
35,86,2.518000,5
35,87,2.212000,6
35,88,2.232000,6
35,89,2.611000,6
35,90,1.885000,5
35,91,2.085000,5
35,92,1.827000,6
35,93,2.018000,5
35,94,2.231000,6
35,95,2.637000,7
35,96,2.472000,7
36,1,1.766000,7
36,2,1.939000,6
36,3,2.450000,6
36,4,2.782000,6
36,5,2.516000,6
36,6,2.407000,7
36,7,2.852000,6
36,8,2.216000,6
36,9,1.829000,6
36,10,2.545000,6
36,11,2.498000,6
36,12,1.801000,6
36,13,2.281000,6
36,14,2.708000,6
36,15,2.631000,6
36,16,2.383000,6
36,17,2.946000,6
36,18,1.673000,6
36,19,2.473000,6
36,20,2.418000,6
36,21,2.198000,6
36,22,1.954000,6
36,23,3.020000,6
36,24,2.426000,6
36,25,2.861000,6
36,26,2.549000,6
36,27,2.527000,6
36,28,2.597000,6
36,29,2.263000,6
36,30,1.448000,6
36,31,2.620000,6
36,32,2.224000,6
36,33,2.414000,5
36,34,2.525000,6
36,35,1.973000,5
36,36,2.339000,7
36,37,2.596000,7
36,38,2.546000,9
36,39,3.539000,11
36,40,3.826000,11
36,41,2.052000,8
36,42,0.791000,9
36,43,2.541000,8
36,44,2.917000,10
36,45,4.440000,17
36,46,2.580000,10
36,47,2.566000,10
36,48,0.748000,12
36,49,3.828000,12
36,50,4.197000,15
36,51,2.870000,8
36,52,2.632000,9
36,53,1.319000,9
36,54,0.525000,9
36,55,3.122000,10
36,56,3.125000,10
36,57,2.369000,7
36,58,3.328000,10
36,59,1.965000,7
36,60,1.315000,7
36,61,3.609000,9
36,62,2.074000,5
36,63,2.225000,7
36,64,2.130000,5
36,65,1.943000,5
36,66,2.298000,5
36,67,2.247000,6
36,68,2.507000,6
36,69,2.158000,6
36,70,2.242000,6
36,71,2.270000,6
36,72,2.173000,6
36,73,2.465000,6
36,74,2.974000,6
36,75,2.943000,7
36,76,2.432000,7
36,77,2.036000,7
36,78,0.397000,7
36,79,2.473000,6
36,80,2.657000,6
36,81,2.503000,6
36,82,2.283000,6
36,83,1.989000,5
36,84,1.793000,6
36,85,2.623000,6
36,86,2.155000,5
36,87,2.229000,6
36,88,1.555000,5
36,89,2.434000,5
36,90,2.228000,6
36,91,2.463000,5
36,92,2.971000,6
36,93,1.925000,6
36,94,2.543000,5
36,95,2.548000,7
36,96,1.765000,7
37,1,2.277000,7
37,2,2.679000,6
37,3,2.403000,6
37,4,1.892000,6
37,5,2.381000,6
37,6,2.577000,6
37,7,2.339000,6
37,8,2.283000,6
37,9,2.434000,6
37,10,2.124000,6
37,11,2.588000,6
37,12,3.028000,6
37,13,2.499000,6
37,14,2.232000,6
37,15,2.626000,6
37,16,2.762000,6
37,17,2.263000,6
37,18,2.399000,6
37,19,2.275000,6
37,20,2.179000,6
37,21,2.135000,6
37,22,2.516000,6
37,23,1.955000,6
37,24,2.614000,6
37,25,2.243000,6
37,26,2.010000,6
37,27,2.157000,6
37,28,2.642000,6
37,29,2.511000,6
37,30,2.590000,6
37,31,2.498000,5
37,32,2.964000,6
37,33,2.510000,6
37,34,2.404000,5
37,35,1.978000,5
37,36,1.926000,7
37,37,1.607000,5
37,38,2.016000,7
37,39,3.808000,11
37,40,3.512000,11
37,41,2.206000,8
37,42,1.761000,7
37,43,2.331000,8
37,44,2.695000,10
37,45,4.623000,17
37,46,3.369000,10
37,47,2.160000,10
37,48,0.515000,10
37,49,3.313000,12
37,50,4.078000,15
37,51,2.513000,8
37,52,2.330000,7
37,53,2.276000,7
37,54,0.843000,7
37,55,3.113000,10
37,56,3.075000,10
37,57,2.335000,7
37,58,2.995000,10
37,59,2.481000,7
37,60,1.060000,7
37,61,3.568000,10
37,62,2.355000,5
37,63,3.444000,12
37,64,2.274000,6
37,65,2.607000,6
37,66,0.443000,5
37,67,2.497000,6
37,68,2.757000,7
37,69,2.625000,7
37,70,2.370000,7
37,71,1.540000,6
37,72,0.462000,6
37,73,2.291000,6
37,74,2.157000,6
37,75,2.899000,6
37,76,1.906000,6
37,77,2.347000,6
37,78,2.824000,6
37,79,2.294000,6
37,80,2.644000,7
37,81,2.016000,6
37,82,2.513000,6
37,83,2.225000,5
37,84,2.228000,6
37,85,1.827000,5
37,86,2.434000,6
37,87,2.295000,6
37,88,2.623000,5
37,89,2.275000,5
37,90,2.406000,6
37,91,2.116000,5
37,92,1.978000,5
37,93,2.167000,6
37,94,2.503000,5
37,95,2.273000,7
37,96,2.324000,7
38,1,2.151000,7
38,2,2.449000,6
38,3,2.381000,6
38,4,1.402000,6
38,5,2.293000,6
38,6,2.756000,7
38,7,2.997000,7
38,8,2.441000,6
38,9,2.190000,6
38,10,2.461000,6
38,11,1.953000,6
38,12,1.957000,6
38,13,2.868000,6
38,14,2.359000,6
38,15,2.150000,6
38,16,2.493000,6
38,17,1.975000,6
38,18,0.797000,6
38,19,2.868000,6
38,20,2.269000,6
38,21,2.477000,6
38,22,2.826000,7
38,23,2.592000,6
38,24,1.526000,6
38,25,2.878000,7
38,26,2.703000,6
38,27,2.374000,6
38,28,1.631000,6
38,29,1.764000,6
38,30,2.032000,6
38,31,2.533000,5
38,32,3.296000,6
38,33,2.803000,6
38,34,2.180000,5
38,35,2.125000,6
38,36,1.445000,7
38,37,2.102000,5
38,38,2.643000,10
38,39,3.319000,11
38,40,3.896000,11
38,41,2.118000,8
38,42,1.167000,9
38,43,2.495000,8
38,44,3.556000,10
38,45,4.407000,17
38,46,2.702000,10
38,47,1.834000,10
38,48,0.397000,10
38,49,3.017000,10
38,50,4.018000,15
38,51,2.844000,8
38,52,2.540000,9
38,53,2.140000,10
38,54,0.801000,10
38,55,3.028000,10
38,56,2.526000,10
38,57,2.357000,7
38,58,2.923000,10
38,59,1.867000,7
38,60,1.705000,7
38,61,3.330000,9
38,62,3.145000,7
38,63,2.365000,7
38,64,2.613000,6
38,65,1.864000,5
38,66,1.363000,6
38,67,1.984000,6
38,68,2.381000,7
38,69,2.985000,8
38,70,2.525000,6
38,71,2.207000,6
38,72,1.668000,5
38,73,2.623000,6
38,74,2.466000,6
38,75,2.745000,6
38,76,2.559000,6
38,77,2.436000,6
38,78,1.684000,6
38,79,3.221000,7
38,80,2.388000,6
38,81,3.118000,6
38,82,2.296000,6
38,83,2.312000,6
38,84,1.456000,6
38,85,2.192000,6
38,86,2.611000,6
38,87,1.965000,6
38,88,2.406000,5
38,89,1.832000,5
38,90,2.150000,5
38,91,2.485000,5
38,92,1.891000,5
38,93,2.305000,6
38,94,1.715000,5
38,95,2.535000,7
38,96,2.365000,7
39,1,2.249000,7
39,2,1.859000,6
39,3,2.885000,6
39,4,2.765000,6
39,5,1.865000,6
39,6,2.258000,7
39,7,2.630000,7
39,8,2.693000,6
39,9,2.916000,6
39,10,2.584000,6
39,11,1.986000,6
39,12,2.013000,6
39,13,1.750000,6
39,14,2.492000,6
39,15,2.491000,6
39,16,2.300000,6
39,17,1.911000,6
39,18,2.131000,6
39,19,2.057000,6
39,20,2.403000,7
39,21,2.627000,6
39,22,3.408000,7
39,23,2.918000,6
39,24,1.776000,6
39,25,3.177000,7
39,26,2.296000,6
39,27,2.372000,6
39,28,2.289000,6
39,29,2.207000,6
39,30,2.168000,6
39,31,2.457000,6
39,32,2.836000,6
39,33,2.558000,6
39,34,2.146000,5
39,35,2.327000,6
39,36,2.665000,7
39,37,2.009000,6
39,38,2.205000,9
39,39,3.251000,11
39,40,3.394000,11
39,41,2.689000,8
39,42,1.783000,9
39,43,2.630000,8
39,44,3.020000,10
39,45,4.123000,17
39,46,2.540000,10
39,47,1.852000,10
39,48,0.350000,10
39,49,2.457000,10
39,50,3.787000,15
39,51,2.637000,8
39,52,2.375000,9
39,53,2.865000,9
39,54,1.280000,9
39,55,2.898000,10
39,56,2.822000,10
39,57,1.987000,7
39,58,2.758000,7
39,59,2.148000,7
39,60,1.696000,7
39,61,3.434000,11
39,62,1.866000,5
39,63,2.677000,7
39,64,1.770000,4
39,65,1.820000,5
39,66,2.140000,6
39,67,2.237000,6
39,68,2.544000,8
39,69,2.183000,7
39,70,2.304000,6
39,71,1.738000,5
39,72,2.451000,5
39,73,3.029000,6
39,74,2.371000,6
39,75,2.602000,6
39,76,2.727000,6
39,77,2.498000,6
39,78,1.877000,6
39,79,2.461000,6
39,80,2.146000,6
39,81,2.319000,6
39,82,2.826000,6
39,83,1.856000,6
39,84,0.496000,5
39,85,2.079000,6
39,86,2.085000,5
39,87,2.724000,6
39,88,2.099000,5
39,89,1.801000,5
39,90,2.576000,5
39,91,2.020000,5
39,92,2.421000,5
39,93,2.081000,6
39,94,2.449000,5
39,95,2.247000,7
39,96,3.294000,11
40,1,2.626000,7
40,2,3.065000,6
40,3,1.936000,6
40,4,2.078000,6
40,5,2.604000,7
40,6,2.154000,7
40,7,2.730000,6
40,8,2.876000,6
40,9,2.808000,6
40,10,2.588000,6
40,11,2.434000,6
40,12,1.669000,6
40,13,2.974000,6
40,14,2.510000,6
40,15,3.067000,6
40,16,2.157000,6
40,17,2.777000,6
40,18,1.771000,6
40,19,2.452000,6
40,20,2.423000,6
40,21,2.921000,7
40,22,2.979000,6
40,23,1.662000,6
40,24,0.680000,6
40,25,2.979000,7
40,26,2.303000,6
40,27,2.388000,6
40,28,2.050000,6
40,29,2.419000,6
40,30,2.084000,6
40,31,2.748000,6
40,32,2.543000,5
40,33,1.942000,6
40,34,2.104000,6
40,35,2.641000,6
40,36,2.190000,7
40,37,2.449000,6
40,38,2.136000,7
40,39,3.848000,11
40,40,3.475000,11
40,41,1.805000,8
40,42,0.687000,9
40,43,2.451000,8
40,44,2.974000,10
40,45,4.152000,18
40,46,2.619000,10
40,47,2.437000,10
40,48,1.156000,10
40,49,2.976000,10
40,50,4.648000,16
40,51,2.876000,8
40,52,2.758000,9
40,53,1.554000,7
40,54,0.642000,7
40,55,3.318000,10
40,56,2.943000,10
40,57,2.318000,7
40,58,2.549000,7
40,59,2.196000,7
40,60,1.610000,7
40,61,3.275000,9
40,62,2.141000,5
40,63,2.359000,7
40,64,2.459000,6
40,65,1.962000,6
40,66,2.213000,6
40,67,2.726000,7
40,68,3.263000,7
40,69,2.773000,7
40,70,2.228000,6
40,71,1.896000,5
40,72,1.898000,5
40,73,2.239000,6
40,74,2.922000,6
40,75,2.142000,6
40,76,2.431000,6
40,77,2.580000,6
40,78,1.865000,6
40,79,2.451000,6
40,80,2.679000,6
40,81,2.509000,6
40,82,2.358000,5
40,83,1.965000,6
40,84,2.064000,6
40,85,2.447000,5
40,86,2.426000,6
40,87,2.131000,6
40,88,1.840000,5
40,89,1.867000,5
40,90,2.731000,5
40,91,2.122000,5
40,92,2.396000,5
40,93,3.080000,6
40,94,2.580000,5
40,95,2.408000,7
40,96,2.620000,12
41,1,2.629000,7
41,2,2.125000,6
41,3,2.901000,6
41,4,1.924000,5
41,5,2.738000,6
41,6,1.914000,7
41,7,3.087000,6
41,8,2.087000,5
41,9,2.864000,6
41,10,1.956000,5
41,11,2.081000,5
41,12,1.710000,6
41,13,2.250000,5
41,14,2.856000,6
41,15,2.013000,5
41,16,2.383000,5
41,17,1.594000,5
41,18,2.292000,5
41,19,2.499000,6
41,20,2.870000,5
41,21,2.381000,6
41,22,2.576000,6
41,23,2.343000,5
41,24,1.487000,7
41,25,3.087000,6
41,26,2.183000,5
41,27,2.642000,5
41,28,2.200000,5
41,29,2.325000,5
41,30,1.717000,6
41,31,2.431000,5
41,32,1.896000,6
41,33,1.729000,5
41,34,1.860000,5
41,35,2.524000,6
41,36,3.018000,8
41,37,2.502000,6
41,38,2.014000,7
41,39,3.358000,12
41,40,4.209000,12
41,41,2.047000,8
41,42,0.396000,7
41,43,2.880000,8
41,44,2.518000,7
41,45,4.660000,18
41,46,1.931000,7
41,47,0.313000,7
41,48,0.128000,7
41,49,2.243000,7
41,50,3.880000,17
41,51,2.778000,8
41,52,2.566000,7
41,53,1.741000,7
41,54,0.627000,7
41,55,2.534000,7
41,56,2.052000,7
41,57,2.020000,7
41,58,2.328000,7
41,59,2.175000,7
41,60,2.277000,7
41,61,3.304000,10
41,62,1.945000,5
41,63,2.590000,7
41,64,2.146000,5
41,65,2.081000,5
41,66,1.477000,5
41,67,2.272000,5
41,68,2.485000,6
41,69,1.516000,6
41,70,1.594000,5
41,71,2.565000,6
41,72,2.748000,6
41,73,2.536000,5
41,74,2.223000,6
41,75,2.048000,5
41,76,1.850000,5
41,77,1.633000,5
41,78,1.463000,5
41,79,2.385000,5
41,80,1.951000,5
41,81,1.881000,5
41,82,1.623000,5
41,83,2.102000,5
41,84,1.726000,6
41,85,2.953000,6
41,86,1.916000,5
41,87,2.109000,5
41,88,2.091000,5
41,89,1.888000,5
41,90,1.669000,5
41,91,2.123000,5
41,92,1.561000,5
41,93,2.008000,5
41,94,1.939000,6
41,95,2.820000,7
41,96,2.991000,10
42,1,2.494000,7
42,2,2.711000,5
42,3,1.878000,5
42,4,1.924000,5
42,5,3.196000,6
42,6,2.193000,7
42,7,2.856000,7
42,8,2.432000,5
42,9,1.624000,5
42,10,1.943000,5
42,11,1.807000,5
42,12,2.635000,5
42,13,2.590000,5
42,14,2.157000,5
42,15,1.993000,5
42,16,2.093000,5
42,17,2.282000,5
42,18,1.855000,5
42,19,2.856000,6
42,20,2.092000,5
42,21,2.231000,6
42,22,2.138000,6
42,23,2.596000,6
42,24,2.085000,6
42,25,3.035000,6
42,26,2.226000,5
42,27,1.793000,5
42,28,2.253000,6
42,29,2.513000,5
42,30,2.098000,6
42,31,2.228000,5
42,32,2.801000,5
42,33,2.045000,5
42,34,1.858000,5
42,35,2.741000,6
42,36,2.466000,8
42,37,2.461000,6
42,38,2.362000,7
42,39,3.923000,12
42,40,3.525000,12
42,41,2.183000,8
42,42,0.482000,7
42,43,3.267000,8
42,44,2.344000,7
42,45,5.137000,18
42,46,1.507000,7
42,47,0.455000,7
42,48,0.159000,7
42,49,2.490000,7
42,50,2.987000,8
42,51,2.376000,7
42,52,2.489000,7
42,53,2.202000,7
42,54,1.122000,7
42,55,2.497000,7
42,56,3.003000,7
42,57,2.823000,7
42,58,1.746000,7
42,59,2.397000,7
42,60,1.821000,7
42,61,3.637000,10
42,62,2.433000,5
42,63,2.602000,7
42,64,2.466000,5
42,65,1.999000,5
42,66,1.033000,6
42,67,1.910000,5
42,68,1.934000,7
42,69,2.939000,7
42,70,2.836000,7
42,71,2.227000,6
42,72,1.001000,6
42,73,2.843000,6
42,74,2.319000,5
42,75,2.141000,6
42,76,1.998000,6
42,77,2.418000,6
42,78,2.131000,6
42,79,2.052000,5
42,80,2.497000,5
42,81,1.971000,5
42,82,2.045000,5
42,83,2.661000,5
42,84,2.198000,6
42,85,2.217000,5
42,86,2.320000,5
42,87,2.285000,5
42,88,2.215000,5
42,89,2.773000,5
42,90,1.877000,5
42,91,2.598000,5
42,92,2.148000,5
42,93,2.136000,5
42,94,2.216000,6
42,95,2.948000,7
42,96,2.307000,11
43,1,2.184000,7
43,2,2.095000,5
43,3,1.928000,5
43,4,1.883000,5
43,5,2.056000,6
43,6,2.487000,8
43,7,2.080000,6
43,8,2.032000,5
43,9,1.899000,5
43,10,1.912000,5
43,11,1.820000,5
43,12,1.701000,5
43,13,1.809000,6
43,14,1.597000,5
43,15,2.195000,6
43,16,2.441000,6
43,17,1.794000,5
43,18,2.001000,5
43,19,2.329000,6
43,20,2.552000,5
43,21,2.456000,6
43,22,2.206000,6
43,23,2.294000,6
43,24,1.478000,6
43,25,2.289000,5
43,26,2.304000,5
43,27,2.404000,6
43,28,1.974000,5
43,29,1.291000,5
43,30,0.865000,5
43,31,2.199000,6
43,32,2.380000,5
43,33,2.121000,5
43,34,2.176000,6
43,35,2.246000,5
43,36,1.658000,7
43,37,2.084000,6
43,38,1.970000,7
43,39,3.619000,12
43,40,3.503000,12
43,41,2.002000,8
43,42,1.154000,16
43,43,2.740000,8
43,44,2.126000,7
43,45,4.291000,19
43,46,1.755000,7
43,47,1.948000,7
43,48,1.057000,7
43,49,2.112000,7
43,50,2.300000,8
43,51,2.774000,7
43,52,1.969000,7
43,53,1.794000,7
43,54,1.959000,7
43,55,2.152000,7
43,56,2.604000,7
43,57,2.586000,7
43,58,1.856000,7
43,59,1.981000,7
43,60,1.720000,7
43,61,3.221000,10
43,62,1.788000,5
43,63,2.737000,7
43,64,1.647000,4
43,65,1.907000,4
43,66,1.688000,5
43,67,2.397000,6
43,68,2.190000,5
43,69,2.746000,6
43,70,2.705000,7
43,71,2.265000,6
43,72,1.515000,6
43,73,1.358000,5
43,74,1.659000,4
43,75,1.896000,5
43,76,1.835000,5
43,77,1.930000,5
43,78,2.117000,6
43,79,2.070000,6
43,80,1.954000,5
43,81,1.919000,5
43,82,2.094000,5
43,83,1.725000,5
43,84,2.447000,6
43,85,2.634000,6
43,86,2.208000,5
43,87,1.928000,5
43,88,1.962000,5
43,89,1.854000,5
43,90,1.836000,5
43,91,2.392000,5
43,92,2.486000,5
43,93,1.929000,5
43,94,2.360000,5
43,95,2.463000,7
43,96,1.783000,9
44,1,2.468000,7
44,2,2.218000,5
44,3,1.912000,5
44,4,2.496000,5
44,5,2.492000,6
44,6,1.986000,7
44,7,2.533000,6
44,8,2.385000,6
44,9,1.959000,5
44,10,2.242000,6
44,11,1.950000,5
44,12,1.819000,5
44,13,2.277000,6
44,14,1.912000,5
44,15,1.625000,5
44,16,2.552000,6
44,17,2.235000,5
44,18,1.225000,6
44,19,1.809000,5
44,20,1.578000,5
44,21,2.774000,6
44,22,2.800000,5
44,23,2.103000,6
44,24,0.581000,6
44,25,2.082000,5
44,26,2.136000,5
44,27,1.896000,5
44,28,2.082000,5
44,29,1.965000,5
44,30,1.866000,5
44,31,2.085000,5
44,32,2.431000,5
44,33,1.944000,5
44,34,2.464000,6
44,35,2.080000,5
44,36,2.092000,7
44,37,1.686000,5
44,38,2.193000,7
44,39,3.605000,12
44,40,3.792000,12
44,41,2.153000,8
44,42,0.867000,16
44,43,2.358000,8
44,44,2.289000,7
44,45,2.294000,8
44,46,2.884000,7
44,47,2.715000,7
44,48,1.404000,7
44,49,1.711000,7
44,50,2.930000,8
44,51,2.135000,7
44,52,1.938000,7
44,53,1.976000,7
44,54,1.840000,7
44,55,4.185000,16
44,56,2.644000,7
44,57,2.090000,7
44,58,2.254000,7
44,59,1.888000,7
44,60,0.733000,7
44,61,3.349000,10
44,62,1.691000,5
44,63,2.380000,7
44,64,1.664000,4
44,65,2.157000,5
44,66,1.666000,5
44,67,3.153000,6
44,68,1.954000,5
44,69,2.142000,5
44,70,2.533000,6
44,71,2.531000,6
44,72,1.612000,6
44,73,2.280000,6
44,74,2.805000,6
44,75,2.158000,6
44,76,1.856000,4
44,77,1.704000,4
44,78,1.925000,5
44,79,2.278000,5
44,80,2.431000,5
44,81,2.135000,6
44,82,2.267000,5
44,83,2.364000,5
44,84,2.184000,6
44,85,2.433000,6
44,86,2.657000,6
44,87,1.816000,5
44,88,1.883000,5
44,89,1.751000,5
44,90,2.215000,5
44,91,1.732000,5
44,92,1.812000,5
44,93,1.590000,5
44,94,2.309000,6
44,95,2.554000,7
44,96,3.611000,12
45,1,2.307000,7
45,2,1.291000,5
45,3,1.784000,6
45,4,2.600000,5
45,5,2.647000,5
45,6,3.186000,7
45,7,2.607000,7
45,8,2.041000,5
45,9,1.970000,5
45,10,2.550000,5
45,11,3.299000,5
45,12,1.809000,5
45,13,2.057000,6
45,14,1.610000,5
45,15,2.763000,5
45,16,1.853000,5
45,17,2.765000,5
45,18,1.986000,5
45,19,2.275000,5
45,20,1.971000,5
45,21,2.794000,6
45,22,2.418000,5
45,23,3.309000,6
45,24,1.833000,5
45,25,2.053000,5
45,26,2.145000,5
45,27,2.857000,5
45,28,2.683000,5
45,29,3.187000,6
45,30,2.043000,5
45,31,2.231000,5
45,32,2.420000,6
45,33,2.675000,6
45,34,2.433000,5
45,35,3.001000,6
45,36,1.929000,6
45,37,1.862000,5
45,38,3.287000,7
45,39,4.368000,12
45,40,4.220000,12
45,41,0.667000,8
45,42,0.334000,16
45,43,2.509000,8
45,44,2.684000,7
45,45,3.493000,8
45,46,2.684000,7
45,47,2.590000,7
45,48,1.330000,7
45,49,2.185000,7
45,50,2.493000,8
45,51,2.905000,7
45,52,2.435000,7
45,53,3.266000,7
45,54,1.844000,7
45,55,2.187000,7
45,56,2.012000,7
45,57,2.718000,7
45,58,2.278000,7
45,59,2.748000,7
45,60,2.164000,7
45,61,3.086000,10
45,62,1.877000,5
45,63,4.583000,14
45,64,1.984000,4
45,65,2.516000,5
45,66,1.322000,6
45,67,2.055000,5
45,68,2.911000,6
45,69,2.219000,6
45,70,3.278000,6
45,71,1.824000,6
45,72,0.300000,5
45,73,2.052000,6
45,74,1.697000,6
45,75,2.029000,6
45,76,2.337000,6
45,77,3.326000,6
45,78,1.683000,4
45,79,1.601000,4
45,80,1.782000,5
45,81,2.138000,6
45,82,2.841000,6
45,83,3.325000,5
45,84,2.515000,6
45,85,2.148000,6
45,86,2.046000,5
45,87,2.803000,5
45,88,2.931000,6
45,89,2.967000,5
45,90,1.566000,5
45,91,1.863000,5
45,92,1.670000,5
45,93,2.665000,6
45,94,2.208000,6
45,95,3.750000,7
45,96,2.420000,7
46,1,2.419000,7
46,2,3.855000,6
46,3,3.217000,6
46,4,2.539000,6
46,5,2.280000,5
46,6,1.611000,6
46,7,3.197000,7
46,8,2.698000,6
46,9,2.062000,6
46,10,2.316000,6
46,11,2.906000,6
46,12,2.114000,6
46,13,2.605000,6
46,14,3.730000,6
46,15,2.864000,6
46,16,2.616000,6
46,17,2.566000,6
46,18,0.913000,6
46,19,2.596000,6
46,20,3.270000,6
46,21,2.527000,6
46,22,2.134000,6
46,23,2.678000,6
46,24,2.216000,6
46,25,2.594000,6
46,26,3.444000,6
46,27,2.678000,6
46,28,3.183000,6
46,29,2.932000,6
46,30,1.314000,6
46,31,2.173000,6
46,32,2.542000,6
46,33,3.454000,6
46,34,2.579000,6
46,35,2.840000,6
46,36,2.495000,7
46,37,2.791000,6
46,38,3.202000,7
46,39,3.957000,11
46,40,3.311000,11
46,41,2.370000,8
46,42,0.654000,7
46,43,3.927000,8
46,44,2.824000,7
46,45,3.313000,8
46,46,2.582000,8
46,47,1.301000,8
46,48,0.491000,7
46,49,2.371000,7
46,50,3.564000,8
46,51,3.010000,8
46,52,4.548000,16
46,53,2.360000,7
46,54,0.786000,7
46,55,2.595000,7
46,56,3.214000,7
46,57,2.315000,7
46,58,2.767000,7
46,59,2.453000,7
46,60,1.821000,7
46,61,3.958000,11
46,62,2.800000,8
46,63,5.643000,14
46,64,2.759000,8
46,65,0.959000,5
46,66,0.602000,4
46,67,3.162000,7
46,68,2.650000,4
46,69,2.457000,6
46,70,2.345000,6
46,71,1.639000,4
46,72,1.704000,4
46,73,2.425000,5
46,74,2.611000,5
46,75,2.596000,6
46,76,2.577000,5
46,77,2.571000,5
46,78,2.066000,5
46,79,2.333000,5
46,80,2.082000,5
46,81,2.610000,6
46,82,3.175000,5
46,83,2.103000,5
46,84,2.180000,5
46,85,2.276000,5
46,86,2.246000,5
46,87,1.934000,5
46,88,2.339000,5
46,89,2.761000,5
46,90,2.104000,5
46,91,2.371000,5
46,92,2.157000,5
46,93,1.936000,5
46,94,2.406000,5
46,95,3.337000,7
46,96,3.055000,7
47,1,2.109000,7
47,2,1.709000,5
47,3,2.386000,5
47,4,2.541000,6
47,5,2.419000,6
47,6,1.908000,6
47,7,2.671000,6
47,8,2.583000,6
47,9,2.185000,6
47,10,2.589000,6
47,11,2.386000,6
47,12,1.338000,6
47,13,2.346000,6
47,14,1.527000,6
47,15,2.450000,6
47,16,2.364000,6
47,17,2.068000,6
47,18,2.260000,6
47,19,2.525000,6
47,20,2.500000,6
47,21,2.646000,6
47,22,1.766000,6
47,23,2.293000,6
47,24,2.095000,6
47,25,1.886000,5
47,26,2.343000,6
47,27,2.195000,6
47,28,2.690000,6
47,29,2.348000,6
47,30,1.379000,6
47,31,2.669000,6
47,32,2.368000,6
47,33,1.896000,6
47,34,2.519000,6
47,35,1.925000,6
47,36,2.208000,6
47,37,2.663000,6
47,38,1.994000,7
47,39,3.012000,11
47,40,2.948000,11
47,41,2.489000,8
47,42,1.096000,7
47,43,2.732000,7
47,44,2.726000,8
47,45,2.617000,7
47,46,2.086000,8
47,47,2.444000,8
47,48,1.578000,8
47,49,2.525000,8
47,50,2.723000,8
47,51,2.590000,8
47,52,2.160000,7
47,53,2.111000,7
47,54,1.407000,7
47,55,2.114000,7
47,56,2.713000,7
47,57,2.530000,7
47,58,2.033000,7
47,59,1.941000,7
47,60,1.765000,7
47,61,3.133000,11
47,62,2.025000,5
47,63,3.795000,14
47,64,2.019000,6
47,65,1.467000,4
47,66,1.906000,7
47,67,1.727000,5
47,68,2.294000,8
47,69,2.387000,8
47,70,1.785000,4
47,71,2.389000,6
47,72,2.195000,6
47,73,2.434000,6
47,74,2.362000,4
47,75,1.893000,5
47,76,2.422000,6
47,77,2.106000,6
47,78,1.995000,6
47,79,2.117000,5
47,80,1.588000,5
47,81,2.221000,5
47,82,2.332000,6
47,83,1.948000,5
47,84,1.292000,5
47,85,2.876000,5
47,86,2.106000,5
47,87,2.072000,5
47,88,2.101000,6
47,89,2.086000,5
47,90,1.804000,5
47,91,1.735000,5
47,92,1.994000,5
47,93,1.879000,5
47,94,2.444000,5
47,95,2.402000,7
47,96,2.483000,8
48,1,2.240000,7
48,2,2.373000,6
48,3,2.343000,6
48,4,2.163000,6
48,5,1.546000,6
48,6,2.724000,7
48,7,2.323000,6
48,8,2.437000,6
48,9,1.849000,6
48,10,1.998000,6
48,11,2.335000,6
48,12,2.042000,6
48,13,2.500000,6
48,14,2.405000,5
48,15,1.834000,6
48,16,2.100000,6
48,17,2.054000,6
48,18,2.406000,6
48,19,2.286000,6
48,20,2.938000,6
48,21,2.604000,6
48,22,2.506000,6
48,23,1.816000,6
48,24,1.834000,6
48,25,2.067000,6
48,26,2.118000,6
48,27,2.273000,6
48,28,2.275000,6
48,29,2.612000,6
48,30,2.304000,6
48,31,2.653000,6
48,32,2.554000,6
48,33,1.849000,7
48,34,2.053000,6
48,35,1.673000,6
48,36,1.832000,5
48,37,2.254000,6
48,38,2.421000,7
48,39,2.841000,11
48,40,3.284000,11
48,41,2.885000,8
48,42,0.661000,7
48,43,2.498000,7
48,44,2.947000,8
48,45,2.151000,7
48,46,2.323000,8
48,47,2.131000,8
48,48,1.997000,8
48,49,2.268000,8
48,50,2.507000,8
48,51,1.992000,7
48,52,2.011000,7
48,53,2.452000,7
48,54,2.132000,7
48,55,2.629000,8
48,56,2.586000,7
48,57,2.925000,7
48,58,2.070000,7
48,59,2.630000,7
48,60,1.399000,7
48,61,3.309000,11
48,62,2.578000,7
48,63,3.432000,14
48,64,2.645000,7
48,65,1.211000,8
48,66,0.167000,6
48,67,2.065000,5
48,68,1.943000,6
48,69,2.485000,8
48,70,2.374000,6
48,71,3.270000,7
48,72,1.961000,6
48,73,3.004000,7
48,74,2.203000,6
48,75,1.382000,4
48,76,1.341000,4
48,77,1.593000,4
48,78,2.527000,6
48,79,1.892000,5
48,80,1.909000,6
48,81,1.593000,5
48,82,2.040000,5
48,83,2.112000,5
48,84,1.487000,5
48,85,2.065000,5
48,86,1.640000,5
48,87,2.134000,6
48,88,2.170000,6
48,89,2.551000,6
48,90,1.923000,5
48,91,2.065000,5
48,92,2.293000,5
48,93,2.262000,5
48,94,2.138000,6
48,95,2.660000,8
48,96,2.661000,8
49,1,1.961000,7
49,2,1.681000,5
49,3,2.274000,5
49,4,2.439000,6
49,5,1.900000,6
49,6,2.467000,7
49,7,2.237000,6
49,8,2.311000,5
49,9,2.602000,6
49,10,1.919000,5
49,11,2.257000,6
49,12,1.402000,6
49,13,2.556000,6
49,14,2.059000,6
49,15,2.268000,6
49,16,2.092000,6
49,17,2.993000,6
49,18,1.939000,6
49,19,2.583000,6
49,20,2.024000,6
49,21,1.953000,5
49,22,2.305000,6
49,23,2.240000,6
49,24,2.184000,6
49,25,2.364000,6
49,26,2.338000,6
49,27,2.823000,6
49,28,2.277000,6
49,29,2.320000,6
49,30,1.856000,6
49,31,2.583000,6
49,32,1.964000,6
49,33,2.427000,6
49,34,2.743000,6
49,35,2.092000,6
49,36,1.741000,5
49,37,1.991000,5
49,38,2.258000,7
49,39,3.464000,11
49,40,3.410000,11
49,41,2.307000,8
49,42,1.387000,8
49,43,2.583000,7
49,44,2.349000,8
49,45,2.524000,7
49,46,2.393000,8
49,47,2.774000,8
49,48,0.511000,8
49,49,2.591000,8
49,50,3.044000,8
49,51,2.588000,7
49,52,2.343000,7
49,53,1.811000,7
49,54,1.940000,7
49,55,2.341000,7
49,56,2.326000,7
49,57,2.514000,7
49,58,2.630000,7
49,59,2.231000,7
49,60,2.268000,7
49,61,3.512000,11
49,62,2.536000,8
49,63,2.889000,12
49,64,2.213000,5
49,65,2.379000,7
49,66,1.136000,5
49,67,2.293000,6
49,68,1.974000,5
49,69,3.291000,9
49,70,3.231000,7
49,71,2.364000,6
49,72,1.450000,9
49,73,2.583000,6
49,74,2.591000,6
49,75,2.737000,6
49,76,2.926000,7
49,77,2.160000,7
49,78,1.509000,7
49,79,1.624000,4
49,80,1.600000,4
49,81,1.920000,4
49,82,2.422000,5
49,83,2.185000,5
49,84,1.663000,5
49,85,2.383000,5
49,86,2.028000,5
49,87,1.607000,5
49,88,1.918000,6
49,89,2.356000,6
49,90,1.938000,5
49,91,2.360000,5
49,92,2.225000,5
49,93,2.040000,5
49,94,1.983000,5
49,95,2.168000,8
49,96,1.813000,9
50,1,2.394000,7
50,2,2.911000,6
50,3,1.709000,5
50,4,2.168000,5
50,5,2.576000,6
50,6,2.402000,8
50,7,2.511000,6
50,8,2.790000,6
50,9,1.611000,5
50,10,1.941000,6
50,11,2.024000,6
50,12,1.576000,6
50,13,2.140000,5
50,14,2.429000,6
50,15,2.742000,6
50,16,2.255000,5
50,17,2.168000,6
50,18,1.648000,6
50,19,3.610000,6
50,20,2.906000,6
50,21,2.408000,6
50,22,2.005000,6
50,23,2.457000,6
50,24,1.184000,6
50,25,1.894000,6
50,26,2.102000,6
50,27,1.729000,6
50,28,2.434000,6
50,29,2.016000,6
50,30,2.577000,6
50,31,2.796000,6
50,32,2.159000,6
50,33,2.253000,6
50,34,2.443000,6
50,35,1.627000,6
50,36,0.640000,5
50,37,2.060000,5
50,38,2.505000,7
50,39,3.596000,11
50,40,3.508000,11
50,41,2.316000,8
50,42,0.560000,7
50,43,2.352000,7
50,44,2.603000,8
50,45,2.899000,7
50,46,2.890000,8
50,47,2.366000,8
50,48,1.305000,8
50,49,3.025000,8
50,50,2.749000,8
50,51,3.073000,7
50,52,2.211000,7
50,53,1.806000,7
50,54,1.060000,8
50,55,2.330000,7
50,56,2.629000,7
50,57,2.336000,7
50,58,2.681000,7
50,59,2.146000,7
50,60,1.920000,7
50,61,3.025000,11
50,62,2.592000,7
50,63,3.516000,12
50,64,1.556000,4
50,65,1.723000,5
50,66,1.423000,4
50,67,1.106000,4
50,68,2.147000,6
50,69,3.047000,6
50,70,1.936000,5
50,71,2.012000,6
50,72,1.897000,5
50,73,1.637000,5
50,74,2.084000,5
50,75,1.878000,5
50,76,3.220000,9
50,77,2.022000,6
50,78,2.427000,6
50,79,3.024000,6
50,80,2.579000,7
50,81,1.801000,4
50,82,1.545000,4
50,83,2.065000,6
50,84,1.371000,5
50,85,2.112000,5
50,86,2.682000,5
50,87,2.484000,5
50,88,2.634000,5
50,89,2.097000,6
50,90,1.572000,6
50,91,2.360000,5
50,92,2.243000,5
50,93,2.392000,5
50,94,2.068000,5
50,95,2.832000,7
50,96,1.966000,8
51,1,3.860000,13
51,2,2.222000,5
51,3,2.739000,6
51,4,2.129000,5
51,5,2.509000,6
51,6,1.364000,6
51,7,2.177000,6
51,8,2.695000,6
51,9,2.435000,6
51,10,1.622000,5
51,11,2.649000,6
51,12,2.562000,6
51,13,2.178000,5
51,14,2.622000,6
51,15,2.525000,6
51,16,1.838000,5
51,17,2.320000,6
51,18,2.447000,6
51,19,2.178000,6
51,20,2.892000,6
51,21,2.308000,6
51,22,1.902000,6
51,23,2.296000,5
51,24,2.632000,6
51,25,2.698000,6
51,26,2.928000,6
51,27,2.087000,6
51,28,2.409000,6
51,29,2.598000,5
51,30,1.305000,6
51,31,2.478000,6
51,32,2.461000,5
51,33,2.455000,5
51,34,2.854000,6
51,35,2.238000,6
51,36,2.181000,6
51,37,1.584000,4
51,38,4.065000,13
51,39,3.484000,11
51,40,3.115000,11
51,41,2.767000,8
51,42,0.929000,8
51,43,2.342000,7
51,44,3.567000,8
51,45,2.554000,7
51,46,3.383000,8
51,47,2.820000,8
51,48,1.162000,8
51,49,2.703000,8
51,50,5.056000,15
51,51,2.326000,7
51,52,3.045000,7
51,53,1.812000,7
51,54,0.923000,7
51,55,3.311000,13
51,56,3.357000,7
51,57,4.067000,14
51,58,2.476000,7
51,59,2.531000,7
51,60,0.281000,8
51,61,2.702000,11
51,62,3.677000,8
51,63,3.596000,11
51,64,1.882000,4
51,65,1.715000,4
51,66,1.460000,6
51,67,1.981000,5
51,68,1.424000,4
51,69,2.525000,5
51,70,2.277000,6
51,71,2.232000,5
51,72,5.169000,26
51,73,1.684000,4
51,74,1.459000,4
51,75,2.126000,5
51,76,1.822000,6
51,77,2.409000,6
51,78,3.007000,6
51,79,2.183000,6
51,80,2.725000,6
51,81,2.368000,6
51,82,1.668000,5
51,83,2.894000,6
51,84,2.254000,4
51,85,2.013000,5
51,86,3.271000,5
51,87,2.247000,5
51,88,2.809000,6
51,89,2.965000,5
51,90,1.211000,6
51,91,2.392000,5
51,92,2.800000,5
51,93,2.488000,5
51,94,2.803000,6
51,95,3.256000,8
51,96,1.906000,8
52,1,3.346000,13
52,2,1.844000,5
52,3,2.444000,5
52,4,2.774000,6
52,5,2.302000,5
52,6,1.951000,6
52,7,2.313000,6
52,8,2.904000,5
52,9,2.479000,6
52,10,2.672000,6
52,11,1.997000,5
52,12,2.014000,5
52,13,2.809000,6
52,14,2.691000,6
52,15,2.361000,6
52,16,2.750000,6
52,17,2.490000,6
52,18,1.951000,6
52,19,2.071000,5
52,20,2.873000,6
52,21,2.373000,6
52,22,2.548000,5
52,23,2.973000,6
52,24,2.157000,6
52,25,2.901000,6
52,26,2.462000,5
52,27,2.381000,5
52,28,2.348000,6
52,29,2.680000,6
52,30,1.690000,5
52,31,2.068000,5
52,32,2.598000,6
52,33,2.393000,6
52,34,2.203000,6
52,35,2.694000,6
52,36,2.016000,5
52,37,2.727000,7
52,38,4.371000,13
52,39,3.969000,11
52,40,3.378000,11
52,41,1.340000,8
52,42,0.466000,7
52,43,2.238000,7
52,44,5.130000,14
52,45,1.963000,7
52,46,3.433000,8
52,47,2.257000,8
52,48,0.847000,8
52,49,3.192000,8
52,50,4.187000,14
52,51,2.718000,7
52,52,2.818000,8
52,53,1.642000,7
52,54,0.956000,13
52,55,3.791000,13
52,56,4.165000,13
52,57,4.567000,14
52,58,2.073000,8
52,59,0.877000,14
52,60,0.173000,7
52,61,3.463000,9
52,62,2.187000,5
52,63,2.667000,7
52,64,2.083000,5
52,65,2.578000,6
52,66,2.018000,6
52,67,2.833000,6
52,68,2.498000,5
52,69,1.956000,5
52,70,1.805000,6
52,71,2.466000,6
52,72,1.539000,8
52,73,2.067000,6
52,74,2.572000,6
52,75,2.158000,5
52,76,6.653000,26
52,77,1.070000,4
52,78,0.494000,4
52,79,2.065000,5
52,80,2.295000,5
52,81,2.407000,6
52,82,2.330000,6
52,83,2.287000,5
52,84,2.120000,5
52,85,1.906000,5
52,86,1.935000,5
52,87,2.218000,5
52,88,2.501000,5
52,89,2.640000,6
52,90,1.532000,6
52,91,2.065000,6
52,92,2.880000,6
52,93,2.667000,5
52,94,2.170000,5
52,95,3.081000,7
52,96,2.308000,8
53,1,3.811000,13
53,2,1.882000,6
53,3,1.583000,5
53,4,2.852000,6
53,5,2.164000,6
53,6,1.320000,7
53,7,2.378000,6
53,8,2.769000,6
53,9,2.487000,5
53,10,1.924000,5
53,11,2.175000,6
53,12,1.783000,6
53,13,2.665000,6
53,14,2.325000,6
53,15,1.884000,6
53,16,2.324000,6
53,17,2.041000,6
53,18,1.844000,6
53,19,2.920000,6
53,20,2.561000,6
53,21,2.343000,6
53,22,2.005000,6
53,23,1.447000,5
53,24,2.189000,6
53,25,2.489000,6
53,26,2.309000,6
53,27,2.197000,6
53,28,2.604000,6
53,29,2.079000,6
53,30,1.609000,6
53,31,2.413000,6
53,32,1.811000,5
53,33,2.109000,5
53,34,2.069000,6
53,35,2.005000,6
53,36,2.481000,8
53,37,2.115000,5
53,38,3.564000,13
53,39,3.026000,11
53,40,3.547000,11
53,41,1.508000,8
53,42,0.829000,8
53,43,2.918000,7
53,44,4.798000,16
53,45,2.382000,7
53,46,1.939000,7
53,47,1.974000,7
53,48,0.653000,18
53,49,4.574000,16
53,50,3.649000,14
53,51,2.243000,7
53,52,2.030000,8
53,53,1.296000,17
53,54,0.464000,13
53,55,3.494000,14
53,56,3.853000,14
53,57,2.568000,8
53,58,1.860000,7
53,59,2.308000,12
53,60,0.766000,12
53,61,3.256000,9
53,62,1.911000,6
53,63,3.225000,12
53,64,1.275000,5
53,65,2.259000,5
53,66,0.875000,4
53,67,1.312000,4
53,68,1.807000,5
53,69,1.703000,5
53,70,1.527000,4
53,71,1.454000,4
53,72,2.445000,7
53,73,1.971000,4
53,74,1.904000,4
53,75,2.357000,5
53,76,2.231000,7
53,77,1.435000,5
53,78,2.497000,6
53,79,2.462000,5
53,80,1.783000,4
53,81,2.216000,5
53,82,1.810000,5
53,83,1.736000,5
53,84,2.492000,6
53,85,2.235000,5
53,86,1.566000,4
53,87,2.331000,5
53,88,1.681000,5
53,89,1.868000,5
53,90,2.752000,6
53,91,2.210000,6
53,92,2.212000,6
53,93,2.092000,6
53,94,1.984000,5
53,95,2.130000,8
53,96,0.974000,8
54,1,2.337000,7
54,2,2.361000,6
54,3,2.325000,6
54,4,2.182000,5
54,5,2.344000,6
54,6,1.230000,6
54,7,2.337000,6
54,8,2.093000,5
54,9,2.483000,6
54,10,1.643000,6
54,11,1.975000,6
54,12,1.110000,5
54,13,2.148000,6
54,14,2.390000,6
54,15,2.064000,5
54,16,1.940000,6
54,17,1.783000,6
54,18,2.169000,6
54,19,2.793000,6
54,20,1.902000,6
54,21,2.296000,6
54,22,1.975000,6
54,23,2.407000,6
54,24,1.827000,6
54,25,1.817000,5
54,26,2.568000,6
54,27,2.802000,6
54,28,3.127000,6
54,29,2.321000,6
54,30,1.130000,5
54,31,2.337000,5
54,32,2.359000,6
54,33,2.278000,6
54,34,2.507000,6
54,35,1.882000,4
54,36,1.906000,7
54,37,2.015000,6
54,38,4.128000,14
54,39,3.375000,11
54,40,2.918000,10
54,41,1.374000,8
54,42,0.541000,7
54,43,2.087000,7
54,44,3.824000,14
54,45,2.754000,7
54,46,1.946000,7
54,47,2.010000,7
54,48,1.532000,14
54,49,3.617000,13
54,50,3.805000,14
54,51,2.597000,7
54,52,2.172000,7
54,53,0.972000,8
54,54,0.589000,14
54,55,3.023000,8
54,56,3.976000,14
54,57,2.073000,7
54,58,3.585000,12
54,59,1.373000,11
54,60,0.609000,10
54,61,3.310000,12
54,62,2.183000,8
54,63,3.184000,11
54,64,1.911000,5
54,65,1.834000,5
54,66,0.815000,5
54,67,1.560000,6
54,68,1.510000,5
54,69,2.065000,5
54,70,1.420000,4
54,71,1.861000,5
54,72,2.118000,7
54,73,1.756000,4
54,74,1.999000,6
54,75,1.737000,4
54,76,2.451000,7
54,77,1.640000,4
54,78,1.767000,4
54,79,1.817000,5
54,80,2.287000,5
54,81,1.848000,5
54,82,1.657000,4
54,83,1.867000,5
54,84,2.216000,5
54,85,1.652000,5
54,86,2.311000,5
54,87,1.434000,4
54,88,1.734000,5
54,89,2.293000,6
54,90,2.009000,6
54,91,2.560000,6
54,92,2.324000,6
54,93,2.374000,6
54,94,2.453000,6
54,95,2.492000,7
54,96,1.709000,9
55,1,3.429000,13
55,2,2.141000,6
55,3,1.955000,6
55,4,2.414000,7
55,5,1.811000,6
55,6,1.767000,6
55,7,2.399000,7
55,8,3.082000,6
55,9,2.418000,6
55,10,1.941000,6
55,11,1.549000,5
55,12,1.961000,6
55,13,2.271000,6
55,14,2.426000,6
55,15,2.282000,6
55,16,2.198000,6
55,17,2.427000,6
55,18,2.410000,6
55,19,2.679000,6
55,20,2.343000,5
55,21,2.057000,5
55,22,2.297000,6
55,23,2.501000,6
55,24,1.908000,6
55,25,2.142000,6
55,26,2.071000,6
55,27,2.116000,6
55,28,2.168000,6
55,29,1.976000,6
55,30,1.369000,6
55,31,2.490000,6
55,32,2.452000,6
55,33,1.963000,6
55,34,1.750000,4
55,35,2.135000,6
55,36,2.072000,5
55,37,1.433000,5
55,38,3.695000,13
55,39,2.899000,10
55,40,3.310000,10
55,41,2.184000,8
55,42,1.559000,7
55,43,2.240000,7
55,44,3.774000,14
55,45,2.316000,7
55,46,2.154000,7
55,47,1.985000,7
55,48,1.919000,13
55,49,3.143000,13
55,50,3.819000,14
55,51,2.514000,7
55,52,2.794000,8
55,53,1.577000,7
55,54,0.828000,14
55,55,2.117000,7
55,56,3.374000,12
55,57,3.902000,14
55,58,3.107000,11
55,59,2.085000,11
55,60,0.536000,10
55,61,3.032000,11
55,62,2.166000,6
55,63,3.855000,11
55,64,2.104000,5
55,65,1.721000,5
55,66,1.465000,7
55,67,2.811000,10
55,68,1.866000,5
55,69,1.782000,5
55,70,2.015000,5
55,71,2.202000,6
55,72,3.298000,18
55,73,1.727000,5
55,74,1.796000,5
55,75,1.654000,5
55,76,3.455000,12
55,77,1.423000,4
55,78,1.945000,6
55,79,1.759000,5
55,80,1.434000,4
55,81,2.021000,5
55,82,1.863000,5
55,83,1.349000,4
55,84,1.848000,5
55,85,1.475000,4
55,86,1.785000,5
55,87,2.227000,6
55,88,2.305000,5
55,89,1.754000,5
55,90,2.120000,6
55,91,2.145000,5
55,92,2.165000,6
55,93,2.142000,6
55,94,2.261000,6
55,95,3.526000,8
55,96,2.109000,7
56,1,3.216000,11
56,2,1.693000,5
56,3,2.106000,5
56,4,1.805000,5
56,5,1.534000,4
56,6,1.831000,7
56,7,2.161000,5
56,8,2.770000,6
56,9,1.995000,5
56,10,1.593000,5
56,11,1.970000,6
56,12,1.689000,5
56,13,2.338000,6
56,14,2.546000,6
56,15,2.461000,5
56,16,2.498000,6
56,17,1.813000,5
56,18,1.643000,6
56,19,1.986000,6
56,20,2.683000,5
56,21,2.827000,6
56,22,2.799000,6
56,23,1.847000,5
56,24,1.346000,5
56,25,2.142000,6
56,26,2.519000,6
56,27,2.002000,6
56,28,2.504000,6
56,29,2.564000,5
56,30,1.586000,5
56,31,3.217000,6
56,32,1.928000,4
56,33,2.405000,6
56,34,2.209000,5
56,35,1.938000,6
56,36,3.590000,27
56,37,1.432000,4
56,38,3.614000,14
56,39,3.648000,12
56,40,3.515000,12
56,41,2.133000,8
56,42,1.353000,7
56,43,2.575000,7
56,44,3.675000,14
56,45,2.347000,7
56,46,2.707000,7
56,47,1.910000,8
56,48,2.199000,14
56,49,2.353000,8
56,50,3.950000,14
56,51,2.504000,7
56,52,2.229000,7
56,53,2.661000,12
56,54,1.779000,11
56,55,3.545000,12
56,56,2.550000,11
56,57,3.541000,11
56,58,2.557000,7
56,59,1.799000,7
56,60,1.862000,12
56,61,4.124000,15
56,62,5.228000,23
56,63,2.419000,8
56,64,3.952000,29
56,65,1.237000,27
56,66,1.315000,27
56,67,5.884000,27
56,68,6.342000,25
56,69,3.994000,27
56,70,1.095000,25
56,71,1.307000,27
56,72,0.767000,21
56,73,7.062000,27
56,74,5.512000,25
56,75,3.639000,26
56,76,0.999000,21
56,77,1.018000,26
56,78,0.904000,24
56,79,2.221000,5
56,80,1.784000,6
56,81,1.727000,5
56,82,1.619000,5
56,83,2.335000,4
56,84,2.004000,5
56,85,1.986000,5
56,86,1.425000,5
56,87,2.065000,5
56,88,1.793000,5
56,89,1.719000,5
56,90,2.166000,5
56,91,1.802000,5
56,92,2.329000,5
56,93,2.523000,6
56,94,1.892000,5
56,95,2.817000,8
56,96,1.944000,9
57,1,2.248000,7
57,2,2.406000,5
57,3,1.737000,5
57,4,2.231000,5
57,5,2.225000,6
57,6,1.617000,5
57,7,2.062000,5
57,8,2.003000,4
57,9,2.229000,4
57,10,1.854000,4
57,11,2.526000,6
57,12,1.431000,5
57,13,2.543000,7
57,14,2.438000,5
57,15,2.371000,5
57,16,2.265000,5
57,17,1.854000,5
57,18,1.984000,5
57,19,2.060000,5
57,20,2.526000,5
57,21,2.405000,5
57,22,2.417000,5
57,23,2.161000,6
57,24,2.115000,6
57,25,2.640000,5
57,26,1.753000,4
57,27,2.316000,4
57,28,2.091000,5
57,29,2.647000,6
57,30,1.779000,4
57,31,2.068000,5
57,32,2.170000,6
57,33,2.764000,6
57,34,2.813000,6
57,35,1.927000,4
57,36,2.664000,14
57,37,2.612000,6
57,38,4.002000,14
57,39,3.591000,11
57,40,3.073000,11
57,41,1.657000,7
57,42,1.125000,7
57,43,2.307000,7
57,44,4.353000,14
57,45,2.954000,7
57,46,2.334000,7
57,47,2.679000,12
57,48,1.400000,11
57,49,3.220000,12
57,50,3.402000,11
57,51,3.221000,7
57,52,2.658000,9
57,53,1.784000,7
57,54,1.028000,7
57,55,2.947000,8
57,56,2.558000,9
57,57,2.983000,8
57,58,5.419000,21
57,59,2.359000,19
57,60,1.140000,17
57,61,3.126000,9
57,62,2.954000,8
57,63,5.087000,22
57,64,2.927000,13
57,65,1.482000,12
57,66,1.072000,12
57,67,3.296000,12
57,68,3.392000,12
57,69,3.013000,11
57,70,2.171000,11
57,71,1.595000,12
57,72,1.015000,11
57,73,2.953000,12
57,74,3.595000,12
57,75,4.306000,14
57,76,2.860000,12
57,77,1.484000,12
57,78,1.028000,20
57,79,5.260000,25
57,80,6.706000,25
57,81,4.528000,28
57,82,1.151000,22
57,83,0.126000,5
57,84,0.141000,5
57,85,1.884000,5
57,86,2.003000,4
57,87,3.238000,6
57,88,2.047000,4
57,89,1.803000,4
57,90,1.996000,5
57,91,2.060000,5
57,92,1.618000,5
57,93,2.172000,5
57,94,1.939000,6
57,95,2.803000,8
57,96,2.953000,9
58,1,1.877000,7
58,2,2.041000,5
58,3,1.846000,5
58,4,5.572000,25
58,5,1.197000,5
58,6,1.364000,6
58,7,2.062000,5
58,8,2.909000,5
58,9,2.279000,5
58,10,2.092000,5
58,11,1.862000,5
58,12,1.611000,5
58,13,1.447000,4
58,14,1.915000,5
58,15,2.195000,5
58,16,1.898000,5
58,17,1.866000,5
58,18,1.744000,4
58,19,2.059000,5
58,20,2.504000,5
58,21,2.965000,6
58,22,1.761000,5
58,23,2.355000,5
58,24,2.000000,6
58,25,2.347000,5
58,26,2.789000,5
58,27,1.856000,5
58,28,2.112000,5
58,29,2.150000,5
58,30,1.989000,6
58,31,2.319000,6
58,32,2.538000,4
58,33,2.753000,6
58,34,1.772000,4
58,35,2.794000,6
58,36,2.342000,11
58,37,2.694000,7
58,38,3.547000,11
58,39,3.035000,10
58,40,3.501000,12
58,41,1.936000,7
58,42,1.959000,12
58,43,2.266000,7
58,44,3.870000,11
58,45,3.310000,7
58,46,3.369000,12
58,47,2.164000,10
58,48,1.332000,7
58,49,2.694000,7
58,50,4.073000,13
58,51,4.590000,19
58,52,4.079000,21
58,53,2.198000,21
58,54,1.432000,18
58,55,5.131000,17
58,56,4.775000,20
58,57,4.621000,21
58,58,1.711000,8
58,59,1.605000,16
58,60,1.324000,17
58,61,6.785000,22
58,62,4.051000,16
58,63,4.491000,19
58,64,1.481000,10
58,65,1.621000,18
58,66,0.779000,19
58,67,5.202000,19
58,68,4.859000,19
58,69,3.977000,19
58,70,2.601000,18
58,71,1.019000,10
58,72,1.463000,18
58,73,3.110000,10
58,74,5.154000,19
58,75,4.174000,19
58,76,2.446000,11
58,77,1.404000,11
58,78,1.171000,11
58,79,3.978000,13
58,80,4.158000,15
58,81,4.855000,20
58,82,3.507000,21
58,83,0.868000,6
58,84,1.845000,25
58,85,2.060000,5
58,86,2.507000,6
58,87,1.863000,5
58,88,1.998000,5
58,89,2.092000,6
58,90,1.976000,4
58,91,2.688000,6
58,92,2.451000,4
58,93,2.129000,5
58,94,1.901000,5
58,95,2.694000,7
58,96,1.680000,8
59,1,4.159000,15
59,2,5.109000,23
59,3,5.055000,24
59,4,2.771000,21
59,5,0.956000,7
59,6,0.837000,6
59,7,1.551000,5
59,8,1.805000,5
59,9,2.344000,5
59,10,2.050000,5
59,11,2.092000,5
59,12,2.895000,5
59,13,2.360000,5
59,14,2.338000,5
59,15,1.547000,4
59,16,1.981000,4
59,17,1.781000,5
59,18,1.322000,5
59,19,1.545000,5
59,20,1.707000,5
59,21,1.927000,5
59,22,2.284000,5
59,23,2.616000,5
59,24,2.044000,5
59,25,2.275000,5
59,26,2.073000,5
59,27,1.628000,5
59,28,2.388000,5
59,29,2.227000,5
59,30,1.430000,4
59,31,1.548000,5
59,32,2.409000,6
59,33,2.937000,7
59,34,1.928000,4
59,35,1.856000,4
59,36,2.755000,11
59,37,1.367000,4
59,38,2.838000,11
59,39,2.783000,7
59,40,2.664000,7
59,41,3.084000,12
59,42,1.498000,10
59,43,2.327000,7
59,44,2.457000,7
59,45,2.791000,7
59,46,3.340000,10
59,47,3.545000,18
59,48,2.246000,19
59,49,4.997000,21
59,50,5.691000,19
59,51,3.608000,20
59,52,2.289000,20
59,53,2.005000,21
59,54,0.484000,9
59,55,4.919000,20
59,56,4.196000,17
59,57,4.124000,19
59,58,1.926000,13
59,59,1.703000,12
59,60,1.275000,16
59,61,2.228000,7
59,62,2.965000,10
59,63,2.869000,9
59,64,2.870000,11
59,65,2.594000,11
59,66,1.415000,11
59,67,2.661000,9
59,68,3.014000,10
59,69,4.462000,17
59,70,4.068000,20
59,71,2.316000,21
59,72,2.069000,20
59,73,5.499000,21
59,74,3.731000,10
59,75,2.724000,9
59,76,1.872000,11
59,77,1.263000,9
59,78,1.147000,9
59,79,3.844000,12
59,80,3.346000,10
59,81,3.147000,12
59,82,4.313000,19
59,83,3.032000,27
59,84,1.067000,9
59,85,1.798000,5
59,86,3.167000,9
59,87,1.922000,5
59,88,2.720000,5
59,89,2.154000,6
59,90,1.517000,5
59,91,1.765000,5
59,92,1.289000,4
59,93,1.754000,4
59,94,1.563000,4
59,95,3.379000,8
59,96,3.384000,8
60,1,2.770000,11
60,2,4.630000,21
60,3,4.069000,19
60,4,3.141000,20
60,5,2.584000,25
60,6,0.671000,23
60,7,4.996000,23
60,8,1.879000,6
60,9,2.247000,5
60,10,2.170000,7
60,11,1.343000,6
60,12,1.503000,5
60,13,1.617000,5
60,14,1.634000,5
60,15,2.378000,5
60,16,2.023000,5
60,17,2.059000,5
60,18,1.989000,5
60,19,2.011000,5
60,20,1.954000,5
60,21,2.161000,5
60,22,1.998000,5
60,23,1.921000,5
60,24,1.621000,4
60,25,1.812000,5
60,26,2.161000,5
60,27,1.806000,4
60,28,1.745000,4
60,29,1.743000,4
60,30,1.757000,5
60,31,1.982000,4
60,32,1.729000,5
60,33,2.354000,5
60,34,1.874000,5
60,35,1.835000,6
60,36,2.031000,7
60,37,2.376000,7
60,38,2.292000,7
60,39,2.648000,9
60,40,3.107000,13
60,41,1.868000,8
60,42,2.752000,16
60,43,4.941000,19
60,44,4.433000,19
60,45,3.627000,17
60,46,3.097000,21
60,47,1.637000,18
60,48,0.666000,19
60,49,4.673000,19
60,50,4.354000,20
60,51,1.948000,8
60,52,3.523000,20
60,53,2.227000,16
60,54,0.644000,13
60,55,2.889000,11
60,56,3.725000,16
60,57,3.504000,17
60,58,2.723000,12
60,59,1.451000,9
60,60,2.201000,12
60,61,3.201000,10
60,62,4.227000,18
60,63,3.770000,18
60,64,2.227000,10
60,65,2.473000,12
60,66,1.669000,11
60,67,2.598000,10
60,68,3.855000,14
60,69,2.596000,8
60,70,2.737000,8
60,71,1.788000,9
60,72,2.038000,8
60,73,2.293000,8
60,74,3.449000,12
60,75,2.665000,10
60,76,3.946000,17
60,77,1.931000,10
60,78,1.789000,19
60,79,3.240000,12
60,80,2.909000,9
60,81,2.697000,11
60,82,3.928000,20
60,83,1.734000,9
60,84,2.590000,20
60,85,2.128000,7
60,86,6.951000,27
60,87,1.652000,5
60,88,2.012000,9
60,89,1.580000,7
60,90,1.301000,6
60,91,2.386000,6
60,92,2.053000,5
60,93,1.905000,5
60,94,1.930000,5
60,95,2.703000,8
60,96,2.160000,8
61,1,6.142000,21
61,2,2.227000,7
61,3,4.139000,20
61,4,3.084000,20
61,5,1.664000,18
61,6,0.414000,20
61,7,2.540000,11
61,8,3.059000,7
61,9,6.258000,30
61,10,3.949000,24
61,11,1.254000,7
61,12,0.676000,5
61,13,2.540000,6
61,14,2.399000,6
61,15,1.643000,5
61,16,1.702000,5
61,17,2.068000,5
61,18,1.801000,5
61,19,2.227000,5
61,20,2.347000,5
61,21,1.930000,5
61,22,1.674000,5
61,23,1.894000,5
61,24,2.018000,5
61,25,1.857000,5
61,26,2.184000,5
61,27,1.763000,5
61,28,2.342000,6
61,29,2.116000,5
61,30,1.542000,5
61,31,2.058000,5
61,32,2.096000,5
61,33,1.610000,5
61,34,1.852000,5
61,35,1.478000,4
61,36,2.527000,7
61,37,1.900000,5
61,38,2.447000,7
61,39,3.919000,19
61,40,5.406000,23
61,41,2.965000,20
61,42,1.406000,21
61,43,2.298000,8
61,44,3.040000,7
61,45,3.938000,19
61,46,3.850000,17
61,47,3.066000,19
61,48,1.346000,8
61,49,2.227000,7
61,50,2.661000,7
61,51,4.643000,20
61,52,3.208000,12
61,53,2.549000,12
61,54,1.387000,7
61,55,2.234000,10
61,56,3.508000,10
61,57,3.111000,11
61,58,2.779000,12
61,59,1.843000,9
61,60,1.656000,9
61,61,1.710000,6
61,62,5.141000,15
61,63,3.971000,16
61,64,3.051000,8
61,65,2.040000,12
61,66,1.639000,11
61,67,2.507000,10
61,68,3.498000,12
61,69,3.494000,12
61,70,2.801000,12
61,71,2.376000,12
61,72,2.240000,12
61,73,3.775000,12
61,74,2.669000,10
61,75,2.622000,10
61,76,3.028000,10
61,77,2.277000,11
61,78,2.496000,14
61,79,3.500000,14
61,80,2.626000,10
61,81,2.487000,9
61,82,3.386000,12
61,83,1.627000,7
61,84,2.836000,19
61,85,6.217000,27
61,86,2.151000,7
61,87,2.126000,6
61,88,1.600000,6
61,89,1.176000,5
61,90,0.966000,5
61,91,1.897000,5
61,92,2.816000,6
61,93,1.929000,5
61,94,1.946000,5
61,95,2.828000,7
61,96,2.318000,12
62,1,3.342000,15
62,2,2.502000,8
62,3,2.380000,7
62,4,2.351000,7
62,5,1.691000,7
62,6,2.542000,20
62,7,4.202000,20
62,8,2.275000,6
62,9,2.101000,7
62,10,3.001000,12
62,11,1.611000,6
62,12,1.186000,5
62,13,4.914000,23
62,14,2.321000,7
62,15,1.806000,5
62,16,1.708000,5
62,17,1.108000,6
62,18,1.003000,5
62,19,1.785000,5
62,20,1.675000,5
62,21,2.327000,5
62,22,1.495000,5
62,23,1.358000,5
62,24,1.629000,6
62,25,1.262000,5
62,26,1.852000,4
62,27,1.613000,5
62,28,1.783000,4
62,29,1.891000,5
62,30,1.680000,5
62,31,1.937000,5
62,32,1.981000,5
62,33,1.790000,4
62,34,1.360000,4
62,35,1.538000,4
62,36,3.627000,19
62,37,1.937000,5
62,38,3.720000,18
62,39,2.307000,9
62,40,2.098000,7
62,41,1.940000,7
62,42,1.989000,10
62,43,4.500000,20
62,44,4.417000,20
62,45,2.307000,8
62,46,1.802000,7
62,47,1.169000,7
62,48,0.822000,12
62,49,3.284000,13
62,50,3.958000,17
62,51,2.152000,7
62,52,2.324000,11
62,53,2.475000,12
62,54,1.103000,10
62,55,2.554000,10
62,56,2.401000,10
62,57,2.258000,10
62,58,3.293000,10
62,59,2.268000,11
62,60,1.610000,10
62,61,2.814000,13
62,62,2.618000,7
62,63,2.601000,10
62,64,3.469000,12
62,65,2.378000,10
62,66,1.272000,6
62,67,2.916000,11
62,68,3.352000,11
62,69,3.068000,12
62,70,3.232000,12
62,71,2.199000,12
62,72,0.484000,12
62,73,3.630000,12
62,74,3.403000,12
62,75,2.100000,6
62,76,4.329000,16
62,77,1.783000,12
62,78,0.522000,11
62,79,3.552000,15
62,80,3.682000,15
62,81,2.622000,9
62,82,2.398000,9
62,83,2.148000,11
62,84,0.987000,7
62,85,2.357000,10
62,86,3.333000,13
62,87,2.095000,7
62,88,1.803000,7
62,89,1.504000,5
62,90,1.274000,4
62,91,1.708000,6
62,92,1.719000,5
62,93,1.739000,5
62,94,1.684000,5
62,95,2.555000,9
62,96,2.732000,12
63,1,5.730000,20
63,2,2.651000,11
63,3,3.062000,10
63,4,3.708000,12
63,5,1.455000,7
63,6,1.105000,11
63,7,2.775000,11
63,8,1.897000,6
63,9,3.833000,16
63,10,4.846000,19
63,11,1.771000,5
63,12,1.221000,6
63,13,3.442000,12
63,14,2.405000,6
63,15,2.500000,5
63,16,6.281000,23
63,17,1.419000,6
63,18,1.137000,7
63,19,1.884000,5
63,20,2.577000,6
63,21,2.187000,6
63,22,1.969000,5
63,23,2.403000,7
63,24,2.919000,6
63,25,1.667000,5
63,26,1.803000,5
63,27,2.388000,6
63,28,1.829000,7
63,29,2.650000,6
63,30,1.525000,6
63,31,2.770000,7
63,32,6.331000,27
63,33,3.331000,7
63,34,2.434000,7
63,35,1.804000,7
63,36,0.277000,13
63,37,1.727000,5
63,38,2.504000,10
63,39,2.365000,7
63,40,3.477000,14
63,41,5.056000,19
63,42,2.447000,18
63,43,2.350000,8
63,44,2.820000,7
63,45,2.524000,7
63,46,2.172000,10
63,47,3.951000,14
63,48,2.888000,19
63,49,2.394000,9
63,50,2.566000,7
63,51,2.220000,7
63,52,2.892000,12
63,53,3.664000,11
63,54,1.983000,9
63,55,2.831000,9
63,56,2.873000,10
63,57,2.663000,7
63,58,2.494000,7
63,59,3.166000,10
63,60,1.882000,7
63,61,2.604000,10
63,62,3.774000,12
63,63,2.881000,10
63,64,2.173000,6
63,65,2.634000,6
63,66,1.521000,6
63,67,3.499000,11
63,68,3.492000,11
63,69,3.273000,12
63,70,4.034000,12
63,71,2.416000,12
63,72,1.027000,12
63,73,3.792000,12
63,74,3.373000,12
63,75,3.252000,12
63,76,3.745000,12
63,77,2.652000,15
63,78,0.965000,9
63,79,2.325000,9
63,80,4.365000,16
63,81,4.179000,15
63,82,3.052000,9
63,83,1.717000,8
63,84,1.698000,11
63,85,2.606000,11
63,86,2.644000,10
63,87,1.702000,4
63,88,1.540000,5
63,89,2.268000,6
63,90,2.245000,4
63,91,1.090000,4
63,92,1.810000,5
63,93,1.855000,5
63,94,2.380000,5
63,95,2.172000,7
63,96,4.958000,15
64,1,2.493000,7
64,2,1.747000,7
64,3,4.637000,21
64,4,2.796000,12
64,5,4.080000,21
64,6,1.371000,11
64,7,2.249000,7
64,8,4.934000,25
64,9,2.214000,7
64,10,4.539000,20
64,11,2.922000,24
64,12,0.379000,5
64,13,3.588000,15
64,14,2.196000,6
64,15,2.349000,6
64,16,2.859000,12
64,17,2.258000,5
64,18,1.297000,5
64,19,2.496000,7
64,20,2.542000,7
64,21,2.005000,6
64,22,6.538000,29
64,23,1.736000,7
64,24,1.303000,7
64,25,1.595000,5
64,26,1.687000,5
64,27,2.725000,7
64,28,1.672000,5
64,29,2.541000,6
64,30,5.586000,28
64,31,1.907000,6
64,32,4.270000,21
64,33,2.152000,5
64,34,1.867000,5
64,35,1.709000,5
64,36,2.047000,7
64,37,2.124000,5
64,38,2.414000,7
64,39,4.633000,20
64,40,4.005000,19
64,41,1.178000,8
64,42,0.617000,7
64,43,2.025000,7
64,44,2.336000,7
64,45,3.540000,14
64,46,3.549000,13
64,47,2.646000,12
64,48,1.943000,11
64,49,2.492000,12
64,50,2.332000,7
64,51,2.369000,6
64,52,2.809000,9
64,53,3.449000,12
64,54,1.968000,10
64,55,1.490000,6
64,56,2.070000,7
64,57,2.627000,10
64,58,2.798000,11
64,59,1.920000,6
64,60,2.933000,11
64,61,2.980000,9
64,62,2.277000,6
64,63,2.338000,6
64,64,2.681000,10
64,65,1.838000,6
64,66,2.253000,6
64,67,2.961000,11
64,68,3.930000,12
64,69,3.395000,12
64,70,3.697000,12
64,71,2.574000,12
64,72,0.912000,12
64,73,3.030000,12
64,74,3.795000,12
64,75,3.498000,12
64,76,3.240000,12
64,77,2.846000,14
64,78,1.001000,13
64,79,3.622000,14
64,80,2.400000,9
64,81,2.518000,10
64,82,3.662000,15
64,83,2.742000,9
64,84,1.622000,9
64,85,2.016000,7
64,86,2.114000,7
64,87,1.874000,6
64,88,7.552000,33
64,89,1.292000,5
64,90,1.313000,4
64,91,1.820000,5
64,92,1.249000,4
64,93,2.626000,6
64,94,1.769000,5
64,95,2.355000,7
64,96,3.812000,14
65,1,3.875000,17
65,2,2.403000,10
65,3,2.157000,7
65,4,1.945000,7
65,5,3.072000,13
65,6,2.838000,19
65,7,4.357000,21
65,8,2.390000,7
65,9,1.827000,7
65,10,2.754000,10
65,11,2.076000,7
65,12,1.818000,6
65,13,4.800000,20
65,14,1.965000,6
65,15,2.278000,6
65,16,3.127000,14
65,17,1.775000,5
65,18,1.420000,6
65,19,2.324000,6
65,20,1.952000,5
65,21,1.988000,5
65,22,2.246000,7
65,23,5.542000,22
65,24,1.817000,7
65,25,1.970000,6
65,26,1.890000,6
65,27,6.036000,27
65,28,1.041000,4
65,29,1.286000,4
65,30,2.176000,11
65,31,1.720000,5
65,32,2.382000,7
65,33,1.928000,5
65,34,1.917000,6
65,35,2.404000,7
65,36,4.174000,20
65,37,2.336000,6
65,38,4.143000,19
65,39,2.719000,8
65,40,2.985000,12
65,41,1.641000,7
65,42,1.547000,7
65,43,2.066000,7
65,44,3.262000,11
65,45,4.466000,18
65,46,2.494000,10
65,47,1.869000,10
65,48,0.940000,12
65,49,3.007000,12
65,50,3.020000,11
65,51,4.210000,20
65,52,2.542000,10
65,53,2.123000,10
65,54,1.285000,9
65,55,2.421000,10
65,56,3.098000,12
65,57,2.663000,10
65,58,3.040000,9
65,59,2.352000,10
65,60,2.641000,15
65,61,2.324000,6
65,62,1.740000,6
65,63,1.879000,6
65,64,2.346000,6
65,65,2.098000,6
65,66,1.771000,6
65,67,3.230000,11
65,68,3.639000,12
65,69,3.402000,12
65,70,3.408000,12
65,71,2.290000,12
65,72,0.859000,12
65,73,3.385000,12
65,74,3.406000,12
65,75,3.689000,12
65,76,3.195000,12
65,77,2.699000,14
65,78,0.499000,14
65,79,3.698000,15
65,80,2.738000,9
65,81,3.108000,10
65,82,3.804000,15
65,83,2.043000,13
65,84,0.582000,8
65,85,2.474000,9
65,86,2.527000,10
65,87,1.790000,6
65,88,2.703000,10
65,89,2.127000,6
65,90,2.760000,11
65,91,1.717000,5
65,92,1.578000,5
65,93,1.563000,5
65,94,2.112000,5
65,95,2.386000,9
65,96,4.829000,23
66,1,3.873000,17
66,2,2.992000,12
66,3,3.106000,11
66,4,3.163000,12
66,5,2.131000,7
66,6,1.456000,7
66,7,3.721000,17
66,8,3.118000,12
66,9,2.942000,12
66,10,3.089000,11
66,11,1.813000,11
66,12,0.833000,25
66,13,3.880000,17
66,14,1.885000,5
66,15,1.628000,5
66,16,3.383000,13
66,17,1.812000,5
66,18,1.910000,5
66,19,1.622000,5
66,20,2.793000,7
66,21,5.905000,27
66,22,3.429000,11
66,23,2.316000,11
66,24,0.762000,5
66,25,6.456000,27
66,26,1.463000,6
66,27,2.790000,11
66,28,1.933000,6
66,29,1.869000,6
66,30,1.173000,7
66,31,1.984000,6
66,32,2.327000,7
66,33,2.081000,6
66,34,1.721000,5
66,35,1.644000,5
66,36,4.461000,19
66,37,1.669000,5
66,38,2.188000,9
66,39,3.421000,12
66,40,2.607000,10
66,41,2.378000,7
66,42,2.002000,7
66,43,5.308000,21
66,44,2.375000,9
66,45,3.192000,13
66,46,2.939000,12
66,47,2.053000,7
66,48,1.170000,9
66,49,3.079000,13
66,50,3.047000,10
66,51,2.045000,7
66,52,3.327000,12
66,53,2.970000,9
66,54,1.821000,12
66,55,3.214000,11
66,56,3.011000,13
66,57,2.505000,10
66,58,3.033000,10
66,59,2.077000,10
66,60,1.425000,10
66,61,2.243000,6
66,62,3.536000,11
66,63,1.790000,6
66,64,2.493000,9
66,65,3.150000,11
66,66,2.304000,11
66,67,1.989000,9
66,68,2.741000,9
66,69,2.370000,9
66,70,3.120000,11
66,71,3.145000,11
66,72,2.361000,11
66,73,3.427000,11
66,74,2.753000,11
66,75,3.229000,11
66,76,2.787000,9
66,77,2.287000,9
66,78,1.734000,9
66,79,2.976000,10
66,80,3.463000,13
66,81,2.200000,9
66,82,3.042000,11
66,83,2.855000,12
66,84,1.467000,6
66,85,2.992000,14
66,86,3.433000,14
66,87,6.493000,26
66,88,2.763000,14
66,89,1.816000,27
66,90,0.320000,20
66,91,1.961000,5
66,92,1.504000,5
66,93,1.552000,5
66,94,2.205000,5
66,95,2.988000,8
66,96,2.885000,8
67,1,3.500000,15
67,2,2.847000,12
67,3,2.023000,11
67,4,3.171000,12
67,5,3.117000,11
67,6,2.192000,7
67,7,3.714000,15
67,8,2.784000,10
67,9,3.841000,15
67,10,2.249000,10
67,11,3.397000,13
67,12,1.696000,12
67,13,2.886000,12
67,14,5.747000,25
67,15,5.918000,25
67,16,3.539000,24
67,17,0.265000,5
67,18,0.187000,5
67,19,1.667000,5
67,20,2.755000,8
67,21,3.016000,12
67,22,2.984000,12
67,23,2.795000,11
67,24,2.282000,6
67,25,2.886000,12
67,26,1.647000,5
67,27,2.948000,12
67,28,6.497000,31
67,29,2.014000,5
67,30,1.215000,7
67,31,1.433000,5
67,32,4.547000,16
67,33,1.876000,5
67,34,2.345000,7
67,35,2.057000,6
67,36,2.581000,11
67,37,1.762000,5
67,38,3.148000,11
67,39,2.807000,10
67,40,3.062000,12
67,41,2.383000,7
67,42,2.434000,8
67,43,2.396000,8
67,44,2.732000,13
67,45,2.044000,7
67,46,3.118000,12
67,47,2.766000,11
67,48,2.169000,7
67,49,3.085000,13
67,50,2.349000,9
67,51,2.046000,7
67,52,3.157000,12
67,53,2.844000,12
67,54,2.673000,9
67,55,2.935000,11
67,56,3.550000,14
67,57,2.230000,10
67,58,2.592000,8
67,59,2.002000,9
67,60,1.113000,9
67,61,1.699000,6
67,62,2.701000,9
67,63,1.954000,6
67,64,3.021000,10
67,65,2.662000,9
67,66,3.014000,9
67,67,2.918000,11
67,68,2.958000,11
67,69,3.121000,11
67,70,3.146000,10
67,71,3.468000,10
67,72,1.640000,10
67,73,3.460000,10
67,74,3.177000,11
67,75,2.654000,11
67,76,3.191000,11
67,77,3.305000,11
67,78,1.527000,11
67,79,2.444000,9
67,80,2.415000,10
67,81,3.364000,13
67,82,2.594000,11
67,83,2.586000,12
67,84,2.180000,11
67,85,2.807000,13
67,86,3.833000,15
67,87,3.248000,12
67,88,2.875000,11
67,89,3.148000,14
67,90,1.891000,16
67,91,6.028000,25
67,92,2.237000,6
67,93,5.829000,28
67,94,1.598000,4
67,95,2.373000,30
67,96,0.285000,9
68,1,3.678000,13
68,2,2.997000,13
68,3,3.114000,11
68,4,2.254000,9
68,5,2.004000,7
68,6,2.195000,7
68,7,2.263000,7
68,8,3.249000,14
68,9,2.573000,10
68,10,3.530000,15
68,11,3.016000,11
68,12,2.582000,12
68,13,2.900000,12
68,14,2.866000,12
68,15,2.685000,12
68,16,3.383000,12
68,17,5.261000,25
68,18,1.017000,7
68,19,1.666000,5
68,20,2.185000,6
68,21,3.125000,11
68,22,3.736000,16
68,23,3.399000,14
68,24,1.785000,5
68,25,3.130000,7
68,26,1.766000,5
68,27,2.747000,10
68,28,3.759000,15
68,29,6.088000,32
68,30,0.471000,12
68,31,5.616000,25
68,32,4.558000,20
68,33,2.114000,5
68,34,1.414000,5
68,35,1.723000,5
68,36,2.308000,12
68,37,1.854000,5
68,38,2.887000,11
68,39,3.078000,12
68,40,2.289000,7
68,41,2.661000,9
68,42,4.478000,20
68,43,2.908000,13
68,44,2.930000,12
68,45,2.228000,7
68,46,2.950000,9
68,47,2.086000,8
68,48,2.182000,12
68,49,2.677000,10
68,50,2.702000,8
68,51,1.963000,7
68,52,3.080000,12
68,53,2.907000,12
68,54,2.433000,8
68,55,3.460000,12
68,56,3.659000,14
68,57,3.335000,11
68,58,2.731000,10
68,59,2.387000,9
68,60,2.102000,9
68,61,1.977000,6
68,62,2.619000,11
68,63,1.960000,6
68,64,3.378000,11
68,65,3.114000,11
68,66,2.416000,11
68,67,2.899000,9
68,68,3.154000,9
68,69,3.146000,11
68,70,2.864000,10
68,71,3.125000,10
68,72,2.437000,10
68,73,2.909000,10
68,74,2.424000,11
68,75,3.290000,11
68,76,2.839000,11
68,77,2.444000,9
68,78,1.956000,9
68,79,2.500000,9
68,80,2.153000,9
68,81,4.218000,13
68,82,2.983000,13
68,83,2.862000,12
68,84,2.283000,10
68,85,3.468000,13
68,86,3.661000,15
68,87,3.137000,12
68,88,2.859000,11
68,89,3.073000,14
68,90,1.597000,10
68,91,2.432000,7
68,92,7.471000,33
68,93,3.992000,14
68,94,1.554000,4
68,95,2.200000,12
68,96,0.467000,17
69,1,2.327000,11
69,2,3.398000,14
69,3,3.266000,14
69,4,2.336000,7
69,5,2.018000,7
69,6,2.503000,10
69,7,2.176000,10
69,8,3.339000,14
69,9,2.977000,14
69,10,3.990000,16
69,11,3.271000,15
69,12,1.311000,12
69,13,2.746000,12
69,14,2.774000,12
69,15,3.265000,12
69,16,4.111000,19
69,17,2.803000,14
69,18,1.746000,11
69,19,5.123000,25
69,20,7.200000,34
69,21,4.043000,20
69,22,2.024000,20
69,23,0.304000,13
69,24,0.128000,6
69,25,3.038000,12
69,26,1.617000,5
69,27,3.226000,13
69,28,5.210000,22
69,29,3.517000,18
69,30,1.673000,19
69,31,4.112000,20
69,32,2.740000,10
69,33,5.282000,26
69,34,2.245000,6
69,35,2.126000,5
69,36,1.488000,12
69,37,1.586000,5
69,38,3.008000,11
69,39,2.620000,7
69,40,2.552000,9
69,41,2.535000,8
69,42,2.849000,12
69,43,1.894000,7
69,44,2.939000,12
69,45,1.861000,6
69,46,2.297000,9
69,47,2.492000,7
69,48,2.351000,8
69,49,2.666000,12
69,50,2.754000,10
69,51,1.663000,6
69,52,2.877000,12
69,53,2.826000,9
69,54,2.279000,7
69,55,3.010000,13
69,56,3.575000,14
69,57,3.197000,11
69,58,2.612000,9
69,59,2.325000,9
69,60,1.919000,9
69,61,2.042000,6
69,62,3.117000,9
69,63,2.053000,6
69,64,3.025000,9
69,65,2.653000,9
69,66,2.062000,9
69,67,3.169000,11
69,68,3.076000,10
69,69,2.450000,10
69,70,2.940000,10
69,71,2.059000,10
69,72,1.140000,10
69,73,2.503000,10
69,74,2.560000,10
69,75,2.710000,10
69,76,3.160000,11
69,77,2.875000,11
69,78,2.704000,11
69,79,2.594000,9
69,80,2.535000,9
69,81,3.696000,12
69,82,3.000000,13
69,83,2.900000,11
69,84,1.602000,11
69,85,2.919000,14
69,86,3.405000,14
69,87,4.598000,15
69,88,2.626000,12
69,89,2.661000,13
69,90,1.254000,8
69,91,2.416000,7
69,92,2.374000,7
69,93,2.137000,7
69,94,1.384000,4
69,95,2.940000,11
69,96,3.706000,15
70,1,2.822000,12
70,2,3.429000,17
70,3,2.854000,10
70,4,2.922000,12
70,5,2.609000,11
70,6,2.415000,12
70,7,2.983000,11
70,8,2.894000,12
70,9,3.328000,14
70,10,3.533000,15
70,11,3.410000,16
70,12,1.791000,15
70,13,3.350000,12
70,14,3.318000,12
70,15,3.087000,12
70,16,3.194000,14
70,17,2.954000,14
70,18,1.290000,5
70,19,3.897000,14
70,20,3.611000,14
70,21,3.584000,14
70,22,3.373000,14
70,23,2.764000,14
70,24,1.216000,8
70,25,4.521000,21
70,26,2.597000,7
70,27,5.271000,22
70,28,3.297000,13
70,29,2.120000,12
70,30,0.693000,14
70,31,2.641000,12
70,32,2.543000,12
70,33,2.784000,12
70,34,1.513000,5
70,35,1.821000,5
70,36,2.876000,12
70,37,2.047000,5
70,38,2.448000,7
70,39,2.264000,9
70,40,5.097000,21
70,41,2.664000,14
70,42,1.066000,12
70,43,2.309000,7
70,44,2.781000,12
70,45,1.968000,7
70,46,2.670000,7
70,47,2.985000,12
70,48,2.219000,9
70,49,2.597000,12
70,50,3.222000,12
70,51,1.851000,6
70,52,2.412000,9
70,53,2.186000,7
70,54,1.977000,7
70,55,2.449000,9
70,56,3.228000,11
70,57,3.222000,9
70,58,2.772000,9
70,59,2.284000,9
70,60,2.359000,9
70,61,1.968000,6
70,62,2.631000,11
70,63,2.173000,6
70,64,2.457000,11
70,65,2.759000,11
70,66,2.420000,11
70,67,3.083000,10
70,68,2.850000,10
70,69,2.777000,10
70,70,3.156000,10
70,71,2.545000,10
70,72,2.445000,10
70,73,3.818000,10
70,74,2.950000,10
70,75,3.393000,10
70,76,3.292000,11
70,77,2.754000,11
70,78,1.395000,9
70,79,2.803000,9
70,80,2.971000,9
70,81,3.353000,13
70,82,3.684000,14
70,83,3.045000,13
70,84,1.884000,11
70,85,3.788000,14
70,86,3.258000,14
70,87,4.846000,16
70,88,2.819000,12
70,89,2.395000,14
70,90,0.819000,12
70,91,3.315000,12
70,92,2.766000,7
70,93,2.107000,7
70,94,1.263000,5
70,95,3.213000,13
70,96,4.221000,18
71,1,3.314000,11
71,2,3.401000,14
71,3,3.443000,15
71,4,3.334000,14
71,5,3.406000,13
71,6,1.651000,12
71,7,3.153000,12
71,8,2.860000,12
71,9,3.396000,12
71,10,3.985000,14
71,11,3.446000,14
71,12,1.730000,10
71,13,5.272000,19
71,14,2.087000,7
71,15,2.974000,8
71,16,3.719000,13
71,17,3.866000,20
71,18,0.525000,5
71,19,3.643000,13
71,20,3.692000,13
71,21,3.580000,13
71,22,3.597000,13
71,23,2.873000,13
71,24,0.698000,26
71,25,3.562000,13
71,26,5.613000,26
71,27,3.638000,13
71,28,2.426000,7
71,29,2.612000,13
71,30,1.066000,13
71,31,3.314000,13
71,32,4.858000,22
71,33,4.712000,22
71,34,1.349000,5
71,35,1.688000,5
71,36,2.050000,7
71,37,1.357000,5
71,38,2.479000,10
71,39,4.059000,15
71,40,4.161000,15
71,41,3.189000,12
71,42,2.650000,12
71,43,3.513000,13
71,44,2.336000,9
71,45,1.914000,7
71,46,2.757000,11
71,47,4.059000,15
71,48,2.711000,12
71,49,2.495000,13
71,50,2.760000,11
71,51,2.610000,10
71,52,2.863000,9
71,53,3.104000,11
71,54,2.446000,11
71,55,3.019000,11
71,56,3.198000,11
71,57,2.770000,11
71,58,2.823000,9
71,59,2.470000,9
71,60,2.393000,9
71,61,2.120000,7
71,62,2.860000,9
71,63,2.226000,6
71,64,3.157000,9
71,65,2.540000,9
71,66,3.211000,11
71,67,2.899000,11
71,68,2.942000,11
71,69,2.807000,11
71,70,3.236000,11
71,71,3.052000,11
71,72,2.352000,11
71,73,3.152000,11
71,74,2.767000,11
71,75,2.966000,11
71,76,3.214000,11
71,77,2.482000,11
71,78,1.076000,11
71,79,3.316000,11
71,80,2.932000,11
71,81,3.443000,13
71,82,2.768000,13
71,83,3.077000,13
71,84,2.222000,12
71,85,3.433000,14
71,86,3.111000,14
71,87,3.846000,14
71,88,3.862000,14
71,89,3.495000,13
71,90,1.184000,11
71,91,2.599000,12
71,92,2.597000,7
71,93,3.164000,13
71,94,2.437000,8
71,95,4.144000,17
71,96,2.614000,8
72,1,2.173000,10
72,2,5.086000,20
72,3,3.179000,13
72,4,4.470000,15
72,5,1.901000,7
72,6,2.242000,12
72,7,2.760000,12
72,8,2.998000,12
72,9,3.022000,12
72,10,4.947000,20
72,11,3.652000,12
72,12,2.194000,15
72,13,2.948000,8
72,14,1.665000,7
72,15,3.482000,13
72,16,3.505000,13
72,17,4.999000,20
72,18,0.727000,5
72,19,3.826000,13
72,20,3.176000,13
72,21,3.804000,13
72,22,5.075000,17
72,23,3.025000,13
72,24,0.917000,13
72,25,3.630000,13
72,26,3.647000,13
72,27,3.639000,13
72,28,2.582000,7
72,29,3.765000,13
72,30,2.305000,13
72,31,3.553000,13
72,32,3.508000,16
72,33,2.378000,8
72,34,2.129000,5
72,35,2.002000,5
72,36,2.962000,7
72,37,1.486000,5
72,38,3.818000,18
72,39,2.576000,7
72,40,2.087000,7
72,41,3.562000,13
72,42,3.272000,12
72,43,3.209000,12
72,44,2.237000,9
72,45,2.210000,7
72,46,2.907000,12
72,47,3.495000,12
72,48,3.269000,12
72,49,3.208000,13
72,50,2.772000,11
72,51,2.040000,9
72,52,2.939000,9
72,53,3.043000,12
72,54,4.237000,14
72,55,2.954000,11
72,56,2.756000,11
72,57,2.711000,9
72,58,2.577000,9
72,59,2.463000,9
72,60,3.393000,9
72,61,2.031000,7
72,62,2.721000,9
72,63,2.081000,7
72,64,2.380000,9
72,65,3.967000,11
72,66,3.374000,11
72,67,3.155000,11
72,68,2.981000,11
72,69,3.495000,11
72,70,3.022000,11
72,71,3.589000,11
72,72,3.012000,11
72,73,3.076000,11
72,74,3.199000,11
72,75,3.315000,11
72,76,3.169000,9
72,77,2.934000,11
72,78,2.974000,11
72,79,2.767000,11
72,80,2.248000,9
72,81,3.755000,15
72,82,2.946000,12
72,83,3.607000,13
72,84,3.261000,12
72,85,3.432000,14
72,86,3.459000,14
72,87,3.154000,15
72,88,3.564000,14
72,89,3.771000,13
72,90,1.675000,15
72,91,2.959000,11
72,92,2.109000,7
72,93,2.312000,7
72,94,2.212000,7
72,95,2.745000,10
72,96,3.474000,8
73,1,3.583000,12
73,2,5.371000,20
73,3,3.656000,13
73,4,3.575000,19
73,5,0.824000,13
73,6,0.443000,12
73,7,3.575000,12
73,8,2.972000,12
73,9,2.951000,12
73,10,4.755000,15
73,11,3.016000,12
73,12,1.895000,14
73,13,4.633000,16
73,14,2.450000,7
73,15,2.970000,7
73,16,3.674000,13
73,17,2.814000,8
73,18,1.716000,5
73,19,3.839000,13
73,20,4.065000,13
73,21,3.782000,13
73,22,6.072000,22
73,23,0.801000,13
73,24,0.469000,13
73,25,4.228000,13
73,26,3.512000,13
73,27,3.180000,13
73,28,3.615000,15
73,29,2.888000,13
73,30,2.166000,13
73,31,3.578000,9
73,32,5.182000,21
73,33,4.984000,21
73,34,1.756000,5
73,35,2.457000,5
73,36,1.394000,7
73,37,1.698000,5
73,38,2.932000,9
73,39,3.870000,13
73,40,2.347000,7
73,41,3.982000,15
73,42,3.102000,12
73,43,3.443000,12
73,44,2.808000,9
73,45,2.443000,9
73,46,3.840000,13
73,47,3.749000,13
73,48,2.352000,12
73,49,3.278000,13
73,50,3.473000,12
73,51,1.823000,6
73,52,2.312000,9
73,53,3.717000,14
73,54,3.335000,13
73,55,3.577000,12
73,56,3.165000,11
73,57,2.680000,9
73,58,2.803000,9
73,59,2.498000,9
73,60,2.819000,9
73,61,1.804000,6
73,62,3.052000,9
73,63,2.344000,6
73,64,3.312000,11
73,65,3.466000,11
73,66,3.315000,10
73,67,3.360000,10
73,68,3.372000,10
73,69,3.536000,10
73,70,2.817000,10
73,71,3.188000,10
73,72,2.022000,6
73,73,3.076000,10
73,74,2.912000,10
73,75,3.725000,11
73,76,3.291000,9
73,77,3.506000,11
73,78,1.524000,11
73,79,3.793000,11
73,80,2.963000,11
73,81,3.674000,15
73,82,3.386000,11
73,83,3.659000,13
73,84,1.989000,13
73,85,4.230000,14
73,86,3.657000,15
73,87,3.477000,14
73,88,3.483000,13
73,89,3.104000,13
73,90,1.630000,14
73,91,3.945000,14
73,92,2.304000,7
73,93,3.097000,12
73,94,1.741000,6
73,95,3.453000,11
73,96,2.587000,8
74,1,3.724000,15
74,2,3.891000,15
74,3,3.730000,14
74,4,3.772000,14
74,5,3.040000,14
74,6,1.741000,12
74,7,3.333000,12
74,8,3.448000,12
74,9,3.510000,12
74,10,4.411000,18
74,11,2.683000,12
74,12,1.882000,13
74,13,4.064000,16
74,14,6.216000,17
74,15,2.530000,7
74,16,3.062000,13
74,17,2.171000,22
74,18,0.116000,5
74,19,3.267000,9
74,20,5.106000,19
74,21,4.938000,17
74,22,3.757000,15
74,23,2.542000,13
74,24,0.811000,13
74,25,3.572000,13
74,26,4.001000,13
74,27,3.964000,13
74,28,3.407000,15
74,29,3.694000,12
74,30,1.491000,13
74,31,5.271000,21
74,32,4.134000,13
74,33,4.777000,21
74,34,1.393000,5
74,35,1.513000,5
74,36,1.841000,10
74,37,2.054000,6
74,38,4.182000,14
74,39,3.445000,7
74,40,1.882000,7
74,41,3.295000,13
74,42,2.933000,13
74,43,3.364000,12
74,44,3.073000,12
74,45,2.905000,7
74,46,3.740000,13
74,47,3.931000,13
74,48,2.092000,12
74,49,3.572000,13
74,50,3.394000,11
74,51,2.558000,9
74,52,2.447000,9
74,53,3.547000,14
74,54,2.890000,14
74,55,3.800000,12
74,56,3.781000,11
74,57,2.707000,9
74,58,3.273000,9
74,59,2.112000,9
74,60,2.244000,9
74,61,1.904000,6
74,62,2.734000,9
74,63,2.445000,6
74,64,3.087000,11
74,65,3.018000,10
74,66,2.458000,11
74,67,1.878000,6
74,68,2.655000,6
74,69,2.445000,6
74,70,2.252000,6
74,71,2.327000,6
74,72,1.774000,6
74,73,2.056000,6
74,74,2.532000,6
74,75,2.998000,10
74,76,2.595000,9
74,77,3.266000,9
74,78,2.767000,11
74,79,3.122000,11
74,80,3.271000,11
74,81,3.724000,14
74,82,3.319000,13
74,83,2.745000,14
74,84,2.438000,13
74,85,3.570000,15
74,86,4.013000,14
74,87,3.378000,14
74,88,3.515000,14
74,89,3.338000,15
74,90,1.972000,16
74,91,3.395000,15
74,92,3.405000,14
74,93,4.027000,12
74,94,6.388000,28
74,95,1.853000,10
74,96,0.866000,8
75,1,4.068000,14
75,2,3.313000,14
75,3,3.791000,15
75,4,2.754000,13
75,5,3.003000,13
75,6,1.632000,7
75,7,3.155000,12
75,8,2.596000,12
75,9,2.852000,12
75,10,4.459000,18
75,11,2.855000,13
75,12,2.884000,15
75,13,4.873000,15
75,14,4.534000,20
75,15,3.470000,14
75,16,2.224000,7
75,17,2.599000,8
75,18,1.242000,5
75,19,5.366000,21
75,20,4.469000,21
75,21,4.522000,21
75,22,2.645000,10
75,23,2.078000,13
75,24,0.500000,13
75,25,4.070000,13
75,26,3.560000,13
75,27,3.432000,13
75,28,2.344000,9
75,29,3.350000,21
75,30,0.562000,13
75,31,6.197000,23
75,32,3.611000,12
75,33,3.427000,12
75,34,1.895000,5
75,35,1.437000,5
75,36,0.566000,7
75,37,5.977000,27
75,38,3.127000,12
75,39,1.962000,7
75,40,1.994000,7
75,41,2.802000,13
75,42,2.515000,13
75,43,4.068000,13
75,44,2.900000,12
75,45,2.017000,7
75,46,3.496000,13
75,47,3.885000,15
75,48,2.106000,12
75,49,4.346000,14
75,50,3.083000,11
75,51,1.771000,7
75,52,3.619000,14
75,53,3.514000,14
75,54,2.597000,14
75,55,3.811000,12
75,56,3.052000,11
75,57,2.635000,9
75,58,2.382000,9
75,59,2.655000,9
75,60,2.500000,9
75,61,3.364000,9
75,62,2.978000,9
75,63,1.931000,6
75,64,3.009000,10
75,65,2.803000,9
75,66,2.623000,10
75,67,2.890000,6
75,68,2.639000,6
75,69,1.744000,6
75,70,1.876000,6
75,71,2.349000,6
75,72,2.896000,10
75,73,3.228000,6
75,74,1.798000,6
75,75,1.894000,6
75,76,2.622000,9
75,77,2.661000,9
75,78,2.828000,11
75,79,3.356000,11
75,80,3.078000,12
75,81,3.301000,13
75,82,2.908000,11
75,83,3.141000,13
75,84,2.593000,13
75,85,3.886000,14
75,86,3.849000,14
75,87,3.028000,12
75,88,4.105000,15
75,89,3.182000,15
75,90,1.077000,7
75,91,3.526000,13
75,92,3.001000,11
75,93,4.195000,16
75,94,2.767000,10
75,95,2.785000,10
75,96,1.903000,8
76,1,3.222000,12
76,2,3.962000,16
76,3,4.715000,20
76,4,3.794000,15
76,5,3.284000,15
76,6,1.139000,11
76,7,3.331000,13
76,8,3.455000,15
76,9,3.305000,14
76,10,3.371000,13
76,11,3.174000,11
76,12,3.090000,16
76,13,3.881000,13
76,14,4.919000,19
76,15,3.604000,15
76,16,3.487000,13
76,17,2.911000,13
76,18,0.768000,6
76,19,2.964000,13
76,20,2.387000,13
76,21,3.546000,13
76,22,2.932000,13
76,23,4.457000,15
76,24,3.090000,14
76,25,3.636000,14
76,26,3.331000,14
76,27,3.950000,15
76,28,3.322000,12
76,29,3.250000,13
76,30,1.797000,13
76,31,2.964000,13
76,32,3.836000,13
76,33,3.925000,14
76,34,1.732000,5
76,35,1.618000,5
76,36,3.933000,15
76,37,3.881000,16
76,38,3.472000,16
76,39,4.264000,14
76,40,3.132000,13
76,41,3.294000,13
76,42,1.947000,13
76,43,2.408000,9
76,44,2.920000,13
76,45,3.276000,14
76,46,4.708000,14
76,47,4.030000,15
76,48,2.423000,15
76,49,3.376000,15
76,50,3.245000,15
76,51,2.509000,9
76,52,3.949000,14
76,53,3.041000,13
76,54,2.945000,15
76,55,3.345000,14
76,56,3.290000,12
76,57,2.899000,11
76,58,3.307000,10
76,59,2.999000,10
76,60,2.419000,9
76,61,3.074000,11
76,62,2.415000,9
76,63,2.566000,9
76,64,2.623000,10
76,65,2.794000,10
76,66,3.365000,11
76,67,3.571000,11
76,68,3.220000,10
76,69,2.425000,10
76,70,5.005000,16
76,71,3.613000,12
76,72,1.912000,10
76,73,2.954000,10
76,74,3.086000,10
76,75,3.042000,10
76,76,3.404000,10
76,77,2.928000,10
76,78,2.730000,10
76,79,2.708000,10
76,80,4.446000,14
76,81,3.643000,13
76,82,2.909000,11
76,83,2.999000,14
76,84,2.979000,15
76,85,4.121000,15
76,86,3.053000,14
76,87,3.818000,15
76,88,3.954000,14
76,89,4.345000,17
76,90,0.926000,8
76,91,3.439000,15
76,92,3.644000,14
76,93,3.976000,17
76,94,2.629000,9
76,95,2.333000,8
76,96,1.908000,8
77,1,3.031000,12
77,2,3.023000,15
77,3,3.569000,14
77,4,3.961000,15
77,5,4.672000,14
77,6,3.335000,14
77,7,2.273000,9
77,8,4.054000,15
77,9,3.457000,14
77,10,4.408000,18
77,11,3.475000,11
77,12,1.797000,14
77,13,3.292000,13
77,14,3.821000,15
77,15,4.076000,14
77,16,5.200000,16
77,17,3.879000,13
77,18,1.170000,6
77,19,3.708000,14
77,20,3.252000,13
77,21,3.520000,13
77,22,3.512000,13
77,23,4.930000,15
77,24,2.875000,15
77,25,3.753000,15
77,26,4.248000,15
77,27,3.483000,13
77,28,3.461000,12
77,29,3.739000,13
77,30,2.855000,13
77,31,3.469000,13
77,32,3.627000,10
77,33,3.630000,13
77,34,1.554000,5
77,35,6.278000,25
77,36,3.045000,14
77,37,4.010000,16
77,38,4.231000,14
77,39,3.898000,14
77,40,4.359000,13
77,41,3.591000,12
77,42,2.215000,15
77,43,3.568000,15
77,44,4.750000,17
77,45,3.494000,13
77,46,3.596000,13
77,47,4.035000,13
77,48,3.028000,18
77,49,3.469000,13
77,50,3.097000,13
77,51,3.697000,14
77,52,3.407000,15
77,53,4.743000,15
77,54,3.072000,13
77,55,3.035000,12
77,56,3.268000,15
77,57,3.913000,15
77,58,3.105000,11
77,59,4.261000,13
77,60,3.455000,13
77,61,2.919000,10
77,62,2.402000,10
77,63,3.212000,11
77,64,2.873000,10
77,65,4.315000,12
77,66,3.575000,13
77,67,3.033000,11
77,68,3.285000,11
77,69,3.766000,12
77,70,3.769000,10
77,71,4.280000,10
77,72,2.721000,11
77,73,3.198000,10
77,74,3.931000,10
77,75,3.805000,12
77,76,2.653000,10
77,77,3.919000,10
77,78,3.382000,11
77,79,2.884000,11
77,80,3.928000,13
77,81,3.500000,11
77,82,2.541000,11
77,83,4.655000,14
77,84,3.468000,14
77,85,3.033000,14
77,86,3.536000,15
77,87,3.958000,15
77,88,3.873000,14
77,89,5.080000,15
77,90,2.223000,7
77,91,3.032000,15
77,92,2.915000,14
77,93,4.351000,15
77,94,2.857000,9
77,95,3.757000,11
77,96,2.837000,8
78,1,3.289000,12
78,2,2.942000,12
78,3,3.300000,13
78,4,4.183000,19
78,5,3.688000,13
78,6,2.800000,14
78,7,3.075000,11
78,8,3.770000,15
78,9,3.551000,15
78,10,3.394000,14
78,11,3.210000,12
78,12,3.022000,14
78,13,4.121000,14
78,14,4.192000,15
78,15,3.720000,16
78,16,4.447000,15
78,17,3.396000,11
78,18,1.392000,6
78,19,3.506000,13
78,20,3.562000,13
78,21,3.229000,13
78,22,4.797000,21
78,23,3.550000,16
78,24,2.744000,15
78,25,4.383000,15
78,26,4.365000,15
78,27,2.766000,13
78,28,2.706000,12
78,29,3.842000,13
78,30,2.794000,13
78,31,3.891000,13
78,32,3.045000,9
78,33,3.802000,14
78,34,1.432000,5
78,35,3.672000,12
78,36,3.953000,15
78,37,3.343000,13
78,38,3.718000,16
78,39,3.277000,12
78,40,3.115000,12
78,41,3.906000,13
78,42,2.854000,13
78,43,3.592000,14
78,44,5.283000,18
78,45,4.922000,19
78,46,4.129000,14
78,47,3.340000,19
78,48,0.664000,17
78,49,2.607000,7
78,50,3.388000,12
78,51,3.382000,13
78,52,2.963000,12
78,53,3.744000,12
78,54,2.767000,11
78,55,3.062000,10
78,56,4.112000,14
78,57,3.107000,13
78,58,3.953000,14
78,59,4.061000,14
78,60,2.741000,14
78,61,3.735000,14
78,62,4.209000,15
78,63,3.829000,12
78,64,3.931000,14
78,65,3.363000,12
78,66,1.800000,11
78,67,4.128000,12
78,68,3.427000,12
78,69,3.729000,12
78,70,3.532000,12
78,71,3.052000,10
78,72,2.786000,11
78,73,4.005000,12
78,74,3.706000,10
78,75,3.785000,11
78,76,4.215000,13
78,77,3.207000,10
78,78,0.993000,13
78,79,4.274000,13
78,80,3.805000,13
78,81,2.824000,11
78,82,2.222000,7
78,83,3.128000,12
78,84,2.162000,15
78,85,4.172000,16
78,86,3.651000,14
78,87,4.029000,15
78,88,3.900000,15
78,89,4.133000,15
78,90,1.393000,7
78,91,3.704000,12
78,92,3.355000,13
78,93,2.193000,7
78,94,2.815000,9
78,95,2.792000,7
78,96,2.544000,8
79,1,3.638000,14
79,2,2.952000,11
79,3,4.545000,18
79,4,2.948000,11
79,5,3.796000,15
79,6,2.257000,14
79,7,4.324000,17
79,8,2.941000,14
79,9,3.377000,15
79,10,3.202000,12
79,11,3.015000,12
79,12,2.906000,12
79,13,3.715000,16
79,14,4.584000,18
79,15,4.327000,18
79,16,3.133000,14
79,17,2.018000,14
79,18,0.530000,29
79,19,3.353000,13
79,20,3.481000,13
79,21,3.418000,13
79,22,5.714000,23
79,23,3.505000,15
79,24,0.679000,13
79,25,3.732000,13
79,26,3.657000,13
79,27,3.464000,13
79,28,2.711000,12
79,29,3.536000,13
79,30,2.278000,13
79,31,3.677000,13
79,32,3.846000,13
79,33,2.823000,9
79,34,1.844000,5
79,35,4.871000,20
79,36,2.077000,7
79,37,3.897000,17
79,38,3.549000,16
79,39,3.598000,13
79,40,4.324000,15
79,41,3.847000,15
79,42,1.163000,11
79,43,3.064000,11
79,44,2.824000,13
79,45,3.693000,15
79,46,2.407000,8
79,47,2.390000,9
79,48,2.780000,12
79,49,2.844000,10
79,50,1.756000,7
79,51,3.103000,13
79,52,3.756000,11
79,53,2.427000,9
79,54,2.789000,11
79,55,2.675000,12
79,56,3.417000,13
79,57,3.496000,13
79,58,2.892000,13
79,59,3.656000,16
79,60,3.345000,14
79,61,2.912000,11
79,62,3.161000,13
79,63,2.968000,13
79,64,3.359000,13
79,65,3.724000,13
79,66,3.080000,12
79,67,3.384000,13
79,68,3.384000,12
79,69,3.404000,12
79,70,4.307000,12
79,71,3.388000,12
79,72,2.119000,10
79,73,2.947000,12
79,74,3.048000,11
79,75,3.134000,12
79,76,2.841000,11
79,77,3.234000,11
79,78,3.686000,12
79,79,4.090000,15
79,80,2.905000,12
79,81,2.811000,11
79,82,3.395000,11
79,83,2.921000,12
79,84,3.197000,15
79,85,4.299000,16
79,86,3.433000,15
79,87,3.983000,15
79,88,3.117000,13
79,89,2.866000,13
79,90,2.093000,13
79,91,3.565000,14
79,92,3.625000,12
79,93,1.902000,7
79,94,3.167000,11
79,95,3.282000,11
79,96,2.753000,8
80,1,3.413000,13
80,2,2.391000,11
80,3,3.325000,14
80,4,3.993000,17
80,5,2.638000,13
80,6,2.071000,14
80,7,3.759000,14
80,8,3.615000,14
80,9,3.491000,14
80,10,3.527000,14
80,11,3.974000,19
80,12,1.168000,14
80,13,4.265000,16
80,14,4.094000,17
80,15,3.882000,16
80,16,3.827000,15
80,17,1.574000,9
80,18,1.331000,10
80,19,3.589000,13
80,20,3.318000,13
80,21,2.833000,13
80,22,3.446000,9
80,23,3.916000,15
80,24,1.497000,13
80,25,3.530000,13
80,26,3.565000,13
80,27,3.090000,13
80,28,3.067000,13
80,29,2.784000,13
80,30,1.835000,13
80,31,3.595000,13
80,32,3.654000,15
80,33,2.764000,8
80,34,5.645000,28
80,35,1.146000,16
80,36,0.184000,16
80,37,4.076000,17
80,38,4.057000,18
80,39,4.010000,13
80,40,4.050000,17
80,41,2.048000,11
80,42,0.997000,12
80,43,3.991000,16
80,44,2.660000,11
80,45,2.092000,7
80,46,2.848000,11
80,47,3.409000,14
80,48,2.961000,12
80,49,2.662000,9
80,50,3.322000,12
80,51,3.244000,13
80,52,2.275000,9
80,53,3.113000,10
80,54,1.766000,7
80,55,4.273000,18
80,56,3.061000,10
80,57,2.897000,13
80,58,3.920000,16
80,59,2.886000,13
80,60,1.900000,14
80,61,3.483000,13
80,62,5.130000,18
80,63,4.338000,15
80,64,3.645000,15
80,65,1.937000,13
80,66,0.974000,13
80,67,4.110000,14
80,68,4.186000,14
80,69,4.060000,12
80,70,4.015000,11
80,71,1.851000,11
80,72,1.100000,11
80,73,3.141000,11
80,74,3.959000,13
80,75,3.295000,12
80,76,3.830000,12
80,77,2.351000,11
80,78,2.093000,11
80,79,4.076000,13
80,80,3.197000,13
80,81,2.829000,11
80,82,2.991000,11
80,83,3.286000,13
80,84,1.995000,13
80,85,3.345000,13
80,86,3.746000,16
80,87,3.506000,15
80,88,3.687000,12
80,89,2.651000,12
80,90,2.077000,14
80,91,3.759000,13
80,92,2.054000,7
80,93,2.212000,7
80,94,3.796000,9
80,95,2.510000,8
80,96,2.295000,8
81,1,1.922000,12
81,2,2.046000,11
81,3,2.429000,12
81,4,2.369000,15
81,5,1.602000,7
81,6,1.769000,7
81,7,2.393000,11
81,8,2.391000,13
81,9,2.314000,10
81,10,2.767000,13
81,11,1.967000,15
81,12,0.991000,14
81,13,3.323000,16
81,14,2.187000,13
81,15,3.161000,18
81,16,3.223000,16
81,17,2.148000,15
81,18,1.252000,15
81,19,3.001000,14
81,20,2.363000,15
81,21,2.798000,15
81,22,2.681000,15
81,23,2.040000,17
81,24,1.988000,16
81,25,3.109000,16
81,26,2.402000,16
81,27,2.991000,16
81,28,2.407000,14
81,29,2.097000,15
81,30,0.863000,15
81,31,2.557000,14
81,32,3.679000,17
81,33,3.025000,15
81,34,2.804000,16
81,35,1.949000,15
81,36,1.259000,14
81,37,2.746000,16
81,38,2.960000,17
81,39,2.296000,13
81,40,2.141000,9
81,41,2.433000,11
81,42,1.393000,11
81,43,1.163000,7
81,44,2.932000,11
81,45,2.519000,10
81,46,1.812000,12
81,47,2.588000,12
81,48,2.254000,12
81,49,2.328000,14
81,50,2.078000,10
81,51,1.238000,7
81,52,2.316000,14
81,53,2.429000,14
81,54,1.637000,10
81,55,2.253000,13
81,56,2.498000,13
81,57,2.867000,12
81,58,1.821000,11
81,59,2.443000,11
81,60,2.245000,14
81,61,2.612000,14
81,62,2.934000,18
81,63,2.546000,14
81,64,2.623000,13
81,65,3.219000,15
81,66,1.308000,14
81,67,2.357000,13
81,68,2.324000,13
81,69,2.792000,13
81,70,2.565000,12
81,71,2.651000,12
81,72,1.553000,11
81,73,2.498000,12
81,74,3.017000,12
81,75,2.180000,13
81,76,2.788000,14
81,77,2.393000,13
81,78,2.135000,15
81,79,3.625000,16
81,80,2.157000,13
81,81,2.474000,11
81,82,2.596000,14
81,83,2.193000,14
81,84,1.514000,13
81,85,2.805000,16
81,86,1.552000,10
81,87,1.894000,10
81,88,2.038000,13
81,89,2.417000,13
81,90,2.151000,14
81,91,2.160000,10
81,92,2.211000,11
81,93,2.111000,9
81,94,1.723000,7
81,95,2.117000,13
81,96,1.870000,8
82,1,2.156000,12
82,2,2.272000,11
82,3,2.585000,12
82,4,2.335000,12
82,5,1.817000,10
82,6,1.918000,9
82,7,2.388000,10
82,8,1.662000,9
82,9,2.385000,12
82,10,1.381000,7
82,11,2.164000,11
82,12,3.055000,20
82,13,3.634000,20
82,14,2.117000,12
82,15,3.206000,14
82,16,2.585000,15
82,17,2.094000,16
82,18,1.194000,16
82,19,2.574000,14
82,20,3.716000,15
82,21,2.818000,15
82,22,2.457000,15
82,23,1.491000,15
82,24,0.447000,16
82,25,2.958000,16
82,26,2.879000,16
82,27,2.727000,17
82,28,2.643000,15
82,29,2.075000,15
82,30,1.337000,15
82,31,3.026000,14
82,32,2.204000,13
82,33,3.814000,19
82,34,3.684000,21
82,35,1.191000,12
82,36,0.699000,16
82,37,2.388000,14
82,38,2.657000,11
82,39,1.499000,7
82,40,1.654000,10
82,41,1.356000,7
82,42,1.913000,10
82,43,2.011000,7
82,44,1.579000,9
82,45,2.461000,14
82,46,2.493000,12
82,47,1.691000,9
82,48,2.155000,13
82,49,2.010000,11
82,50,1.975000,10
82,51,2.516000,12
82,52,2.896000,15
82,53,1.934000,10
82,54,2.056000,13
82,55,2.394000,13
82,56,1.424000,7
82,57,2.098000,9
82,58,1.446000,8
82,59,2.114000,13
82,60,2.125000,12
82,61,2.771000,13
82,62,2.831000,14
82,63,2.143000,12
82,64,2.737000,14
82,65,2.213000,13
82,66,1.608000,14
82,67,2.479000,14
82,68,2.881000,15
82,69,2.368000,14
82,70,3.177000,14
82,71,1.680000,11
82,72,1.156000,12
82,73,2.560000,12
82,74,2.977000,16
82,75,3.039000,13
82,76,3.382000,13
82,77,1.555000,11
82,78,1.265000,14
82,79,1.693000,7
82,80,2.329000,12
82,81,2.147000,13
82,82,2.183000,13
82,83,2.394000,13
82,84,1.250000,13
82,85,2.038000,7
82,86,1.484000,7
82,87,2.377000,13
82,88,3.375000,14
82,89,2.124000,15
82,90,1.316000,8
82,91,2.195000,11
82,92,1.897000,10
82,93,2.120000,10
82,94,1.379000,7
82,95,2.028000,12
82,96,1.333000,8
83,1,1.819000,12
83,2,2.541000,11
83,3,2.430000,12
83,4,2.659000,14
83,5,1.600000,8
83,6,1.097000,10
83,7,2.313000,10
83,8,2.037000,10
83,9,3.545000,14
83,10,1.844000,7
83,11,1.887000,8
83,12,1.563000,11
83,13,1.930000,12
83,14,1.685000,8
83,15,2.325000,15
83,16,3.603000,18
83,17,3.558000,19
83,18,1.294000,15
83,19,2.483000,15
83,20,2.951000,16
83,21,2.685000,15
83,22,4.371000,24
83,23,1.679000,16
83,24,0.364000,17
83,25,1.984000,14
83,26,2.595000,14
83,27,2.707000,14
83,28,2.799000,14
83,29,2.835000,17
83,30,1.395000,16
83,31,2.913000,16
83,32,3.117000,17
83,33,4.075000,23
83,34,2.036000,9
83,35,2.280000,24
83,36,0.328000,13
83,37,3.325000,17
83,38,2.105000,10
83,39,1.508000,7
83,40,2.007000,10
83,41,1.640000,7
83,42,1.613000,11
83,43,2.182000,12
83,44,2.007000,10
83,45,1.858000,12
83,46,2.601000,14
83,47,1.555000,9
83,48,1.792000,10
83,49,2.564000,11
83,50,2.462000,10
83,51,2.264000,10
83,52,2.280000,11
83,53,2.016000,11
83,54,2.120000,14
83,55,2.053000,13
83,56,1.687000,9
83,57,2.287000,10
83,58,1.875000,10
83,59,1.719000,7
83,60,1.278000,7
83,61,2.418000,13
83,62,1.657000,10
83,63,2.874000,14
83,64,2.764000,13
83,65,2.490000,14
83,66,1.704000,13
83,67,2.543000,13
83,68,2.688000,13
83,69,2.822000,12
83,70,2.343000,11
83,71,1.876000,11
83,72,1.385000,12
83,73,2.775000,11
83,74,2.462000,11
83,75,2.154000,12
83,76,2.171000,13
83,77,2.714000,13
83,78,1.578000,13
83,79,2.465000,12
83,80,2.189000,13
83,81,2.419000,13
83,82,2.560000,12
83,83,3.003000,18
83,84,0.933000,11
83,85,1.882000,9
83,86,1.747000,7
83,87,2.245000,11
83,88,2.026000,10
83,89,2.492000,13
83,90,1.890000,8
83,91,2.544000,12
83,92,1.661000,8
83,93,2.545000,12
83,94,1.338000,7
83,95,1.830000,10
83,96,1.675000,8
84,1,2.162000,13
84,2,2.078000,11
84,3,2.367000,12
84,4,2.290000,13
84,5,2.045000,11
84,6,2.597000,9
84,7,2.510000,9
84,8,1.916000,9
84,9,2.336000,11
84,10,2.633000,11
84,11,1.980000,7
84,12,2.511000,10
84,13,2.159000,8
84,14,2.329000,13
84,15,2.677000,13
84,16,1.955000,9
84,17,3.165000,16
84,18,2.293000,17
84,19,3.110000,16
84,20,2.181000,16
84,21,2.501000,15
84,22,3.168000,17
84,23,3.707000,21
84,24,0.797000,13
84,25,2.508000,13
84,26,2.438000,13
84,27,2.412000,14
84,28,2.718000,15
84,29,3.747000,17
84,30,1.328000,16
84,31,2.607000,16
84,32,4.839000,25
84,33,3.925000,21
84,34,2.099000,10
84,35,1.558000,13
84,36,0.318000,12
84,37,2.273000,11
84,38,2.938000,12
84,39,1.132000,7
84,40,1.882000,7
84,41,1.261000,7
84,42,2.003000,11
84,43,1.410000,8
84,44,1.945000,10
84,45,2.804000,12
84,46,3.071000,14
84,47,2.217000,14
84,48,2.206000,10
84,49,1.966000,11
84,50,2.765000,12
84,51,2.803000,13
84,52,2.388000,10
84,53,2.320000,9
84,54,2.311000,14
84,55,2.586000,13
84,56,2.023000,10
84,57,2.172000,9
84,58,2.081000,11
84,59,2.038000,8
84,60,1.457000,8
84,61,1.260000,7
84,62,1.516000,7
84,63,1.736000,7
84,64,3.084000,15
84,65,2.862000,16
84,66,2.948000,14
84,67,2.650000,12
84,68,2.811000,12
84,69,2.187000,11
84,70,2.582000,11
84,71,3.030000,11
84,72,1.515000,11
84,73,2.304000,11
84,74,2.423000,11
84,75,2.163000,9
84,76,2.900000,12
84,77,2.775000,14
84,78,2.300000,15
84,79,2.161000,12
84,80,1.916000,9
84,81,2.459000,14
84,82,1.977000,7
84,83,2.836000,13
84,84,2.577000,12
84,85,2.880000,14
84,86,1.695000,9
84,87,1.784000,7
84,88,1.428000,7
84,89,1.723000,9
84,90,2.504000,14
84,91,1.732000,8
84,92,1.296000,7
84,93,2.239000,11
84,94,3.228000,15
84,95,2.929000,14
84,96,2.166000,8
85,1,4.562000,13
85,2,3.988000,11
85,3,3.469000,11
85,4,4.279000,14
85,5,4.794000,18
85,6,1.534000,9
85,7,4.097000,10
85,8,4.256000,10
85,9,3.617000,11
85,10,2.704000,7
85,11,3.083000,11
85,12,2.929000,11
85,13,5.337000,14
85,14,4.875000,14
85,15,4.825000,13
85,16,3.516000,13
85,17,3.197000,13
85,18,1.644000,17
85,19,6.274000,17
85,20,4.917000,15
85,21,5.287000,15
85,22,5.771000,27
85,23,1.071000,15
85,24,0.245000,13
85,25,4.675000,13
85,26,4.650000,13
85,27,4.367000,14
85,28,4.087000,14
85,29,3.821000,16
85,30,1.526000,15
85,31,5.993000,17
85,32,7.320000,22
85,33,3.541000,11
85,34,3.733000,13
85,35,2.025000,8
85,36,0.912000,15
85,37,4.036000,11
85,38,4.021000,12
85,39,2.922000,10
85,40,3.072000,7
85,41,2.797000,7
85,42,3.466000,12
85,43,4.911000,12
85,44,4.006000,10
85,45,2.743000,7
85,46,3.532000,12
85,47,3.306000,11
85,48,2.121000,10
85,49,4.448000,12
85,50,4.078000,13
85,51,2.953000,9
85,52,3.620000,11
85,53,4.511000,14
85,54,3.059000,14
85,55,4.910000,13
85,56,2.987000,7
85,57,3.037000,9
85,58,3.175000,9
85,59,2.464000,7
85,60,2.189000,7
85,61,2.916000,7
85,62,3.652000,8
85,63,4.060000,11
85,64,3.697000,11
85,65,3.915000,14
85,66,3.539000,13
85,67,4.906000,12
85,68,4.851000,14
85,69,3.679000,12
85,70,3.531000,12
85,71,3.556000,14
85,72,2.497000,16
85,73,4.629000,12
85,74,4.524000,12
85,75,3.781000,9
85,76,3.764000,12
85,77,3.284000,13
85,78,2.806000,15
85,79,5.284000,17
85,80,4.589000,13
85,81,4.039000,12
85,82,2.478000,7
85,83,3.363000,12
85,84,2.370000,10
85,85,3.224000,7
85,86,3.822000,9
85,87,3.056000,7
85,88,4.201000,13
85,89,3.930000,14
85,90,2.922000,11
85,91,3.650000,9
85,92,3.746000,9
85,93,2.952000,7
85,94,3.125000,10
85,95,4.281000,14
85,96,2.596000,8
86,1,3.419000,12
86,2,4.047000,11
86,3,2.847000,11
86,4,2.940000,11
86,5,4.323000,22
86,6,1.518000,14
86,7,2.593000,10
86,8,3.797000,9
86,9,3.080000,11
86,10,2.245000,7
86,11,3.926000,14
86,12,2.040000,11
86,13,3.801000,13
86,14,3.627000,10
86,15,2.055000,8
86,16,3.008000,8
86,17,3.073000,12
86,18,2.413000,14
86,19,3.808000,13
86,20,3.613000,12
86,21,4.038000,17
86,22,4.927000,22
86,23,2.264000,17
86,24,0.688000,15
86,25,5.179000,15
86,26,4.203000,17
86,27,3.890000,16
86,28,2.757000,15
86,29,1.625000,14
86,30,0.358000,16
86,31,4.794000,14
86,32,3.118000,11
86,33,2.542000,10
86,34,2.778000,9
86,35,2.683000,14
86,36,1.529000,12
86,37,2.134000,8
86,38,4.074000,12
86,39,2.414000,7
86,40,2.042000,7
86,41,1.855000,7
86,42,1.775000,7
86,43,3.807000,11
86,44,3.887000,11
86,45,2.813000,12
86,46,3.009000,12
86,47,2.316000,11
86,48,2.034000,12
86,49,4.140000,12
86,50,3.663000,13
86,51,2.500000,11
86,52,2.540000,11
86,53,2.959000,13
86,54,2.598000,17
86,55,3.807000,13
86,56,3.134000,9
86,57,2.626000,9
86,58,2.367000,10
86,59,2.422000,9
86,60,1.815000,8
86,61,1.940000,7
86,62,3.274000,7
86,63,3.991000,13
86,64,2.017000,8
86,65,3.453000,14
86,66,3.012000,15
86,67,6.531000,20
86,68,3.257000,14
86,69,2.390000,12
86,70,2.961000,12
86,71,2.389000,12
86,72,1.435000,13
86,73,3.018000,12
86,74,4.390000,12
86,75,3.260000,10
86,76,3.078000,14
86,77,2.979000,14
86,78,2.163000,18
86,79,3.802000,12
86,80,3.958000,14
86,81,3.087000,12
86,82,2.009000,9
86,83,2.666000,11
86,84,2.114000,11
86,85,2.792000,9
86,86,4.419000,13
86,87,1.926000,7
86,88,2.017000,7
86,89,3.368000,12
86,90,1.869000,8
86,91,3.509000,12
86,92,3.281000,9
86,93,2.533000,8
86,94,2.131000,11
86,95,3.889000,16
86,96,2.008000,8
87,1,3.101000,13
87,2,3.051000,11
87,3,2.416000,11
87,4,3.381000,15
87,5,3.908000,16
87,6,1.323000,13
87,7,1.892000,8
87,8,2.298000,10
87,9,2.075000,10
87,10,1.964000,7
87,11,1.874000,7
87,12,3.019000,10
87,13,2.370000,8
87,14,2.089000,8
87,15,2.760000,13
87,16,3.620000,13
87,17,2.301000,8
87,18,0.970000,11
87,19,2.839000,14
87,20,2.435000,9
87,21,4.021000,18
87,22,2.788000,12
87,23,3.822000,22
87,24,1.724000,28
87,25,4.732000,25
87,26,5.714000,24
87,27,4.693000,17
87,28,2.402000,22
87,29,0.668000,23
87,30,0.224000,15
87,31,2.012000,8
87,32,2.351000,10
87,33,2.376000,8
87,34,2.507000,11
87,35,3.008000,11
87,36,2.524000,8
87,37,1.884000,8
87,38,2.821000,12
87,39,1.804000,7
87,40,2.284000,7
87,41,2.048000,7
87,42,2.551000,10
87,43,2.887000,11
87,44,1.845000,9
87,45,2.870000,11
87,46,3.669000,19
87,47,2.647000,11
87,48,2.030000,12
87,49,1.916000,8
87,50,2.578000,11
87,51,2.105000,9
87,52,2.634000,11
87,53,2.963000,14
87,54,4.253000,18
87,55,2.918000,13
87,56,3.011000,9
87,57,2.473000,9
87,58,2.589000,11
87,59,2.487000,9
87,60,2.466000,8
87,61,1.650000,7
87,62,2.134000,8
87,63,2.874000,12
87,64,2.454000,7
87,65,2.484000,10
87,66,3.443000,13
87,67,3.052000,14
87,68,3.259000,14
87,69,2.930000,13
87,70,3.883000,14
87,71,3.152000,15
87,72,1.397000,16
87,73,2.810000,13
87,74,2.835000,13
87,75,2.521000,11
87,76,4.136000,21
87,77,3.838000,15
87,78,1.355000,14
87,79,2.650000,11
87,80,2.940000,11
87,81,2.532000,11
87,82,2.497000,9
87,83,2.405000,11
87,84,3.119000,11
87,85,2.650000,13
87,86,3.202000,14
87,87,1.584000,7
87,88,2.152000,8
87,89,2.533000,10
87,90,2.651000,8
87,91,2.463000,12
87,92,2.131000,9
87,93,1.690000,8
87,94,1.938000,8
87,95,2.640000,12
87,96,2.241000,8
88,1,2.550000,12
88,2,3.362000,11
88,3,2.453000,11
88,4,2.595000,9
88,5,2.968000,13
88,6,2.423000,12
88,7,2.806000,10
88,8,3.402000,11
88,9,2.159000,10
88,10,6.400000,24
88,11,1.970000,8
88,12,0.892000,10
88,13,2.118000,8
88,14,2.349000,8
88,15,3.552000,15
88,16,3.248000,9
88,17,2.390000,8
88,18,2.703000,12
88,19,2.759000,13
88,20,5.034000,23
88,21,3.390000,12
88,22,4.491000,18
88,23,1.732000,14
88,24,0.702000,20
88,25,4.548000,19
88,26,4.161000,21
88,27,3.975000,16
88,28,3.575000,17
88,29,1.659000,23
88,30,0.267000,11
88,31,2.753000,8
88,32,2.908000,8
88,33,3.243000,13
88,34,3.558000,13
88,35,2.679000,11
88,36,1.777000,8
88,37,2.318000,11
88,38,2.557000,11
88,39,2.149000,7
88,40,2.616000,9
88,41,2.689000,8
88,42,2.081000,9
88,43,2.460000,8
88,44,3.370000,11
88,45,1.882000,7
88,46,3.393000,14
88,47,3.024000,13
88,48,1.824000,7
88,49,2.751000,13
88,50,3.276000,11
88,51,2.071000,8
88,52,2.999000,11
88,53,3.397000,14
88,54,2.891000,19
88,55,3.857000,13
88,56,2.079000,7
88,57,2.073000,9
88,58,2.803000,9
88,59,2.385000,9
88,60,1.771000,7
88,61,1.690000,7
88,62,2.157000,7
88,63,2.770000,12
88,64,2.055000,8
88,65,3.218000,11
88,66,2.935000,10
88,67,2.751000,11
88,68,4.807000,19
88,69,3.528000,14
88,70,3.200000,12
88,71,2.432000,13
88,72,1.099000,13
88,73,2.751000,13
88,74,3.436000,11
88,75,3.000000,11
88,76,3.555000,15
88,77,3.954000,17
88,78,1.049000,10
88,79,2.751000,11
88,80,3.609000,13
88,81,3.431000,14
88,82,2.526000,9
88,83,2.471000,12
88,84,1.917000,11
88,85,3.215000,13
88,86,2.561000,8
88,87,2.917000,11
88,88,2.350000,7
88,89,2.657000,9
88,90,2.102000,8
88,91,3.001000,13
88,92,2.702000,10
88,93,1.766000,8
88,94,2.895000,10
88,95,2.044000,7
88,96,2.231000,8
89,1,3.150000,13
89,2,2.661000,11
89,3,2.606000,11
89,4,2.284000,7
89,5,2.928000,13
89,6,3.175000,14
89,7,2.981000,12
89,8,1.627000,7
89,9,2.703000,11
89,10,2.263000,10
89,11,2.257000,8
89,12,2.587000,10
89,13,2.283000,8
89,14,2.002000,8
89,15,4.904000,22
89,16,3.020000,11
89,17,2.329000,8
89,18,2.339000,12
89,19,2.304000,9
89,20,2.964000,11
89,21,3.594000,14
89,22,1.943000,8
89,23,2.738000,11
89,24,2.903000,15
89,25,3.259000,15
89,26,3.977000,15
89,27,3.837000,16
89,28,3.582000,17
89,29,2.324000,12
89,30,0.751000,13
89,31,2.326000,10
89,32,2.711000,12
89,33,2.624000,8
89,34,2.676000,12
89,35,4.953000,21
89,36,1.513000,8
89,37,3.956000,13
89,38,2.986000,11
89,39,2.136000,7
89,40,3.527000,14
89,41,3.470000,14
89,42,1.406000,10
89,43,2.800000,11
89,44,2.770000,13
89,45,3.003000,12
89,46,4.064000,19
89,47,2.864000,14
89,48,1.641000,10
89,49,2.837000,10
89,50,3.362000,13
89,51,2.325000,8
89,52,2.850000,11
89,53,2.605000,10
89,54,3.058000,17
89,55,3.349000,13
89,56,1.657000,7
89,57,2.673000,9
89,58,2.235000,10
89,59,2.263000,8
89,60,2.227000,9
89,61,1.896000,7
89,62,2.410000,8
89,63,3.675000,12
89,64,2.184000,7
89,65,2.560000,10
89,66,2.371000,11
89,67,3.142000,14
89,68,2.263000,8
89,69,3.090000,14
89,70,3.387000,14
89,71,3.235000,13
89,72,2.262000,14
89,73,3.150000,14
89,74,3.187000,14
89,75,4.725000,12
89,76,3.105000,14
89,77,2.535000,13
89,78,0.666000,11
89,79,3.556000,12
89,80,3.037000,12
89,81,2.742000,13
89,82,2.390000,9
89,83,2.322000,11
89,84,2.206000,11
89,85,3.604000,14
89,86,3.736000,15
89,87,3.122000,14
89,88,2.023000,7
89,89,2.101000,13
89,90,0.703000,8
89,91,3.558000,12
89,92,2.266000,9
89,93,2.753000,9
89,94,1.965000,8
89,95,2.089000,7
89,96,2.664000,8
90,1,2.860000,13
90,2,2.449000,11
90,3,2.572000,11
90,4,2.249000,7
90,5,2.516000,13
90,6,2.372000,9
90,7,2.666000,11
90,8,2.231000,9
90,9,3.185000,12
90,10,2.651000,10
90,11,2.518000,8
90,12,1.844000,10
90,13,2.150000,8
90,14,1.819000,8
90,15,4.584000,20
90,16,3.600000,12
90,17,2.260000,8
90,18,1.915000,12
90,19,6.276000,28
90,20,6.051000,23
90,21,3.128000,13
90,22,1.482000,11
90,23,0.233000,13
90,24,0.159000,9
90,25,2.860000,10
90,26,2.614000,10
90,27,2.131000,8
90,28,3.549000,14
90,29,3.519000,18
90,30,2.043000,12
90,31,2.669000,12
90,32,2.852000,11
90,33,2.004000,8
90,34,5.069000,24
90,35,2.823000,13
90,36,1.242000,9
90,37,2.372000,12
90,38,2.440000,11
90,39,2.816000,10
90,40,2.595000,12
90,41,2.697000,10
90,42,2.123000,9
90,43,3.043000,12
90,44,2.391000,11
90,45,2.659000,10
90,46,3.777000,18
90,47,2.915000,14
90,48,1.821000,13
90,49,3.106000,13
90,50,2.343000,10
90,51,2.735000,10
90,52,2.436000,11
90,53,2.850000,13
90,54,2.969000,17
90,55,3.255000,13
90,56,1.895000,7
90,57,2.018000,9
90,58,2.849000,11
90,59,2.057000,7
90,60,1.764000,8
90,61,1.621000,7
90,62,2.113000,7
90,63,2.917000,12
90,64,2.353000,8
90,65,3.005000,11
90,66,2.278000,9
90,67,3.387000,14
90,68,2.740000,12
90,69,3.061000,14
90,70,3.456000,13
90,71,2.516000,13
90,72,1.693000,14
90,73,3.064000,13
90,74,3.123000,13
90,75,2.355000,10
90,76,3.026000,12
90,77,2.581000,13
90,78,1.529000,10
90,79,2.860000,11
90,80,3.075000,14
90,81,3.400000,13
90,82,2.909000,10
90,83,2.775000,11
90,84,1.370000,11
90,85,3.366000,14
90,86,2.180000,8
90,87,2.246000,10
90,88,1.910000,7
90,89,2.800000,13
90,90,1.721000,8
90,91,2.501000,11
90,92,2.574000,10
90,93,2.148000,9
90,94,2.787000,8
90,95,2.020000,7
90,96,2.323000,8
91,1,3.282000,14
91,2,2.278000,10
91,3,2.583000,11
91,4,2.574000,10
91,5,2.982000,14
91,6,1.716000,9
91,7,2.229000,10
91,8,2.374000,10
91,9,2.680000,11
91,10,3.168000,11
91,11,2.714000,8
91,12,2.339000,11
91,13,2.629000,8
91,14,2.422000,11
91,15,3.215000,13
91,16,4.031000,16
91,17,3.138000,12
91,18,1.522000,14
91,19,6.218000,26
91,20,2.619000,12
91,21,3.005000,14
91,22,2.485000,8
91,23,1.497000,9
91,24,1.131000,12
91,25,2.518000,10
91,26,2.479000,8
91,27,2.138000,10
91,28,3.588000,14
91,29,3.048000,13
91,30,2.763000,13
91,31,3.272000,14
91,32,2.758000,12
91,33,2.610000,11
91,34,2.337000,8
91,35,3.095000,14
91,36,1.636000,11
91,37,3.928000,15
91,38,3.250000,13
91,39,2.886000,14
91,40,2.766000,12
91,41,2.457000,13
91,42,1.083000,10
91,43,3.491000,14
91,44,2.294000,11
91,45,2.597000,13
91,46,2.700000,11
91,47,2.757000,11
91,48,2.484000,14
91,49,3.077000,12
91,50,2.417000,9
91,51,2.042000,8
91,52,2.435000,11
91,53,3.842000,15
91,54,1.498000,8
91,55,3.066000,13
91,56,2.401000,10
91,57,2.360000,9
91,58,1.915000,7
91,59,2.208000,9
91,60,1.816000,7
91,61,2.219000,7
91,62,1.756000,8
91,63,2.390000,11
91,64,2.343000,10
91,65,2.593000,10
91,66,2.404000,10
91,67,3.272000,13
91,68,3.162000,15
91,69,3.956000,14
91,70,3.234000,12
91,71,2.293000,13
91,72,1.080000,13
91,73,3.029000,13
91,74,3.381000,13
91,75,2.160000,8
91,76,3.041000,12
91,77,2.311000,10
91,78,2.241000,11
91,79,3.084000,11
91,80,2.676000,13
91,81,2.342000,9
91,82,2.225000,10
91,83,2.484000,7
91,84,1.466000,7
91,85,3.272000,13
91,86,2.244000,8
91,87,3.734000,18
91,88,2.074000,7
91,89,2.935000,13
91,90,1.688000,9
91,91,2.065000,10
91,92,2.165000,9
91,93,2.606000,10
91,94,2.327000,9
91,95,2.444000,8
91,96,2.537000,8
92,1,2.841000,12
92,2,2.546000,10
92,3,3.277000,11
92,4,2.158000,10
92,5,2.608000,13
92,6,2.466000,11
92,7,2.839000,13
92,8,3.353000,12
92,9,2.027000,7
92,10,2.490000,12
92,11,2.298000,8
92,12,2.306000,11
92,13,2.225000,8
92,14,3.446000,11
92,15,5.993000,24
92,16,4.052000,15
92,17,1.178000,9
92,18,0.496000,14
92,19,5.354000,25
92,20,4.005000,14
92,21,3.046000,11
92,22,2.959000,13
92,23,1.358000,14
92,24,0.447000,9
92,25,2.698000,12
92,26,2.129000,8
92,27,2.961000,9
92,28,3.635000,16
92,29,2.926000,13
92,30,2.736000,23
92,31,2.839000,13
92,32,3.228000,12
92,33,3.148000,11
92,34,2.183000,8
92,35,3.021000,14
92,36,1.771000,11
92,37,3.212000,14
92,38,3.368000,12
92,39,3.587000,14
92,40,2.727000,11
92,41,2.438000,10
92,42,1.274000,11
92,43,2.841000,11
92,44,2.826000,11
92,45,2.612000,12
92,46,2.294000,8
92,47,2.394000,12
92,48,2.193000,10
92,49,2.225000,9
92,50,2.193000,9
92,51,3.252000,12
92,52,2.896000,12
92,53,2.872000,13
92,54,2.117000,8
92,55,2.997000,13
92,56,2.669000,10
92,57,2.803000,9
92,58,2.344000,9
92,59,2.601000,9
92,60,2.181000,9
92,61,2.116000,7
92,62,2.299000,8
92,63,3.351000,11
92,64,2.767000,10
92,65,2.809000,11
92,66,1.892000,8
92,67,3.136000,12
92,68,4.043000,14
92,69,3.427000,13
92,70,2.159000,12
92,71,2.578000,13
92,72,1.386000,13
92,73,2.599000,13
92,74,3.399000,13
92,75,2.104000,7
92,76,2.727000,12
92,77,2.362000,12
92,78,2.172000,10
92,79,2.413000,10
92,80,2.750000,13
92,81,2.716000,9
92,82,2.806000,10
92,83,1.683000,7
92,84,2.167000,7
92,85,2.707000,13
92,86,3.223000,11
92,87,2.468000,8
92,88,3.252000,12
92,89,3.074000,13
92,90,1.485000,8
92,91,2.516000,9
92,92,2.914000,12
92,93,2.659000,9
92,94,2.052000,9
92,95,2.729000,13
92,96,2.386000,8
93,1,2.371000,11
93,2,2.343000,10
93,3,2.693000,12
93,4,2.305000,10
93,5,3.253000,13
93,6,2.210000,11
93,7,3.148000,13
93,8,2.804000,10
93,9,2.430000,10
93,10,2.807000,12
93,11,2.849000,8
93,12,2.020000,11
93,13,2.090000,8
93,14,4.421000,23
93,15,2.688000,14
93,16,4.254000,13
93,17,2.274000,9
93,18,1.266000,9
93,19,5.218000,23
93,20,2.222000,8
93,21,6.057000,24
93,22,2.174000,12
93,23,1.177000,10
93,24,0.537000,13
93,25,3.309000,14
93,26,2.230000,8
93,27,3.440000,14
93,28,4.155000,15
93,29,2.617000,13
93,30,1.405000,11
93,31,3.434000,14
93,32,3.565000,12
93,33,3.210000,12
93,34,3.251000,10
93,35,2.848000,14
93,36,0.894000,11
93,37,3.322000,12
93,38,3.385000,12
93,39,2.438000,10
93,40,2.694000,11
93,41,2.661000,9
93,42,2.015000,11
93,43,3.116000,11
93,44,3.403000,13
93,45,2.186000,10
93,46,2.982000,13
93,47,3.083000,12
93,48,1.755000,10
93,49,2.213000,9
93,50,2.327000,9
93,51,3.080000,11
93,52,2.741000,13
93,53,3.413000,13
93,54,1.991000,8
93,55,3.466000,13
93,56,3.060000,10
93,57,2.179000,9
93,58,3.043000,9
93,59,2.408000,9
93,60,1.843000,9
93,61,2.148000,7
93,62,1.897000,7
93,63,3.048000,11
93,64,2.661000,11
93,65,2.852000,10
93,66,2.679000,10
93,67,2.946000,10
93,68,3.298000,17
93,69,3.162000,12
93,70,3.085000,13
93,71,2.768000,13
93,72,1.340000,13
93,73,2.875000,13
93,74,2.554000,13
93,75,2.203000,9
93,76,2.660000,12
93,77,3.759000,13
93,78,2.400000,11
93,79,2.618000,11
93,80,2.896000,13
93,81,2.548000,9
93,82,1.622000,8
93,83,1.872000,7
93,84,2.597000,7
93,85,3.211000,13
93,86,2.709000,12
93,87,3.169000,13
93,88,2.976000,10
93,89,3.294000,12
93,90,2.233000,20
93,91,2.636000,9
93,92,1.845000,9
93,93,2.774000,9
93,94,2.719000,11
93,95,3.649000,16
93,96,2.351000,8
94,1,2.351000,11
94,2,2.578000,10
94,3,3.037000,12
94,4,2.838000,13
94,5,2.611000,13
94,6,2.407000,14
94,7,2.721000,10
94,8,3.200000,13
94,9,2.277000,9
94,10,2.597000,10
94,11,3.077000,13
94,12,1.705000,11
94,13,1.846000,8
94,14,2.547000,8
94,15,2.917000,13
94,16,6.162000,25
94,17,2.263000,10
94,18,1.066000,9
94,19,5.539000,25
94,20,1.974000,8
94,21,2.859000,11
94,22,2.597000,11
94,23,2.493000,10
94,24,1.547000,12
94,25,2.834000,14
94,26,3.136000,14
94,27,3.038000,11
94,28,2.848000,12
94,29,3.273000,14
94,30,1.685000,11
94,31,2.622000,12
94,32,3.263000,12
94,33,2.862000,12
94,34,3.025000,12
94,35,3.259000,14
94,36,1.498000,11
94,37,2.325000,12
94,38,2.801000,12
94,39,3.871000,19
94,40,2.148000,8
94,41,2.440000,11
94,42,2.180000,11
94,43,2.968000,11
94,44,2.370000,8
94,45,3.149000,14
94,46,3.246000,12
94,47,2.075000,11
94,48,1.642000,9
94,49,2.500000,10
94,50,2.737000,9
94,51,3.063000,11
94,52,3.024000,13
94,53,3.279000,13
94,54,1.577000,8
94,55,2.866000,13
94,56,2.833000,10
94,57,2.808000,9
94,58,2.451000,9
94,59,2.446000,9
94,60,1.704000,7
94,61,1.618000,7
94,62,1.676000,8
94,63,2.896000,11
94,64,2.508000,10
94,65,2.500000,11
94,66,2.088000,8
94,67,2.994000,10
94,68,4.218000,21
94,69,2.965000,12
94,70,2.999000,12
94,71,2.291000,12
94,72,1.076000,13
94,73,2.612000,13
94,74,3.008000,13
94,75,2.558000,11
94,76,2.254000,12
94,77,2.642000,12
94,78,2.321000,10
94,79,2.213000,10
94,80,2.975000,13
94,81,2.456000,9
94,82,2.022000,8
94,83,1.956000,7
94,84,1.898000,7
94,85,2.723000,13
94,86,3.376000,13
94,87,2.854000,13
94,88,2.593000,11
94,89,2.467000,14
94,90,1.066000,13
94,91,2.723000,13
94,92,2.466000,9
94,93,2.376000,9
94,94,2.256000,9
94,95,3.165000,16
94,96,2.368000,8
95,1,3.041000,11
95,2,2.302000,11
95,3,2.633000,11
95,4,2.225000,9
95,5,2.752000,13
95,6,2.978000,11
95,7,2.274000,10
95,8,3.313000,13
95,9,3.554000,14
95,10,2.124000,9
95,11,2.802000,12
95,12,2.532000,11
95,13,2.689000,8
95,14,2.658000,11
95,15,3.525000,13
95,16,3.944000,15
95,17,3.637000,15
95,18,1.056000,10
95,19,6.175000,26
95,20,3.719000,15
95,21,2.930000,11
95,22,2.746000,11
95,23,1.664000,10
95,24,0.250000,11
95,25,2.801000,12
95,26,2.828000,11
95,27,2.614000,13
95,28,3.148000,12
95,29,3.172000,14
95,30,2.684000,12
95,31,3.154000,12
95,32,2.581000,11
95,33,2.950000,12
95,34,2.535000,13
95,35,3.266000,14
95,36,2.041000,14
95,37,3.234000,12
95,38,2.612000,11
95,39,2.806000,11
95,40,2.257000,9
95,41,2.799000,11
95,42,2.386000,11
95,43,3.867000,13
95,44,3.106000,11
95,45,3.402000,14
95,46,3.121000,13
95,47,2.438000,10
95,48,1.147000,9
95,49,2.243000,9
95,50,2.291000,7
95,51,2.499000,11
95,52,3.036000,13
95,53,2.950000,13
95,54,1.757000,8
95,55,3.375000,13
95,56,3.145000,10
95,57,2.392000,9
95,58,2.415000,9
95,59,2.098000,9
95,60,1.387000,7
95,61,1.783000,7
95,62,2.512000,7
95,63,2.726000,11
95,64,3.309000,11
95,65,2.845000,10
95,66,2.500000,10
95,67,2.325000,10
95,68,4.013000,12
95,69,3.292000,12
95,70,2.366000,12
95,71,2.788000,13
95,72,2.247000,13
95,73,3.270000,13
95,74,2.594000,13
95,75,3.460000,14
95,76,3.565000,15
95,77,1.961000,10
95,78,2.309000,11
95,79,3.390000,11
95,80,3.404000,13
95,81,2.338000,9
95,82,2.877000,12
95,83,1.902000,7
95,84,1.807000,7
95,85,3.374000,13
95,86,3.538000,17
95,87,2.812000,13
95,88,2.684000,13
95,89,3.186000,13
95,90,1.251000,7
95,91,3.411000,14
95,92,2.779000,10
95,93,2.488000,9
95,94,2.015000,9
95,95,3.276000,16
95,96,2.237000,8
96,1,2.432000,11
96,2,2.349000,11
96,3,2.583000,11
96,4,1.985000,7
96,5,2.785000,14
96,6,2.387000,11
96,7,2.249000,11
96,8,3.032000,12
96,9,2.421000,12
96,10,2.395000,11
96,11,3.120000,14
96,12,2.533000,12
96,13,2.539000,8
96,14,2.182000,10
96,15,3.326000,16
96,16,2.873000,12
96,17,4.138000,23
96,18,1.546000,14
96,19,5.971000,27
96,20,2.732000,11
96,21,2.217000,9
96,22,2.915000,12
96,23,1.924000,11
96,24,1.021000,11
96,25,2.612000,11
96,26,3.029000,11
96,27,2.834000,11
96,28,3.458000,14
96,29,2.738000,12
96,30,1.425000,12
96,31,3.395000,13
96,32,2.974000,13
96,33,2.770000,12
96,34,2.609000,11
96,35,2.451000,12
96,36,1.021000,14
96,37,2.884000,11
96,38,2.885000,11
96,39,2.138000,8
96,40,2.531000,11
96,41,2.782000,10
96,42,1.389000,13
96,43,2.395000,8
96,44,2.631000,9
96,45,3.314000,15
96,46,2.601000,9
96,47,2.234000,9
96,48,2.119000,9
96,49,2.056000,9
96,50,1.793000,8
96,51,2.870000,11
96,52,1.736000,7
96,53,3.585000,13
96,54,2.329000,8
96,55,2.998000,13
96,56,2.833000,10
96,57,1.755000,7
96,58,2.013000,10
96,59,2.068000,10
96,60,2.320000,10
96,61,3.012000,13
96,62,2.774000,9
96,63,2.963000,11
96,64,2.258000,10
96,65,2.608000,11
96,66,1.514000,8
96,67,2.991000,11
96,68,3.483000,13
96,69,2.951000,12
96,70,3.293000,13
96,71,2.368000,13
96,72,1.562000,13
96,73,3.108000,13
96,74,3.122000,13
96,75,3.009000,11
96,76,2.531000,13
96,77,2.749000,12
96,78,1.452000,10
96,79,2.258000,10
96,80,3.202000,14
96,81,2.313000,9
96,82,2.611000,12
96,83,1.935000,7
96,84,2.119000,7
96,85,2.788000,13
96,86,2.591000,12
96,87,2.989000,13
96,88,3.397000,13
96,89,3.995000,20
96,90,0.749000,7
96,91,2.470000,11
96,92,2.314000,9
96,93,2.159000,9
96,94,2.360000,9
96,95,2.087000,7
96,96,2.815000,8
97,1,2.992000,13
97,2,2.550000,11
97,3,2.508000,11
97,4,2.770000,11
97,5,3.295000,14
97,6,2.652000,11
97,7,2.471000,11
97,8,2.135000,11
97,9,2.497000,10
97,10,3.571000,13
97,11,3.669000,14
97,12,2.512000,12
97,13,2.357000,11
97,14,2.730000,12
97,15,3.773000,16
97,16,4.331000,17
97,17,3.068000,14
97,18,1.410000,14
97,19,6.978000,27
97,20,5.280000,27
97,21,3.031000,11
97,22,2.088000,13
97,23,0.652000,10
97,24,0.188000,11
97,25,2.879000,12
97,26,3.102000,11
97,27,2.438000,13
97,28,2.686000,12
97,29,4.018000,18
97,30,2.210000,23
97,31,2.980000,13
97,32,4.669000,23
97,33,2.440000,12
97,34,3.828000,16
97,35,2.551000,12
97,36,1.326000,14
97,37,1.928000,10
97,38,2.743000,13
97,39,2.894000,10
97,40,2.869000,11
97,41,2.440000,10
97,42,1.613000,7
97,43,2.793000,13
97,44,3.405000,14
97,45,3.378000,12
97,46,2.278000,8
97,47,2.309000,10
97,48,1.909000,9
97,49,2.311000,10
97,50,2.813000,9
97,51,2.241000,11
97,52,1.877000,7
97,53,3.447000,13
97,54,2.276000,8
97,55,2.980000,13
97,56,2.363000,10
97,57,2.074000,7
97,58,2.496000,10
97,59,2.480000,11
97,60,2.631000,11
97,61,2.978000,12
97,62,2.365000,9
97,63,2.961000,11
97,64,2.396000,10
97,65,2.700000,10
97,66,2.009000,9
97,67,2.695000,14
97,68,2.860000,12
97,69,2.768000,12
97,70,2.822000,12
97,71,3.033000,13
97,72,2.534000,13
97,73,2.807000,13
97,74,3.114000,13
97,75,2.997000,13
97,76,2.938000,13
97,77,2.553000,12
97,78,2.029000,11
97,79,2.247000,10
97,80,3.290000,14
97,81,2.327000,9
97,82,2.997000,13
97,83,2.139000,7
97,84,1.694000,7
97,85,2.978000,13
97,86,2.712000,12
97,87,3.433000,13
97,88,2.426000,10
97,89,3.052000,13
97,90,1.879000,7
97,91,2.745000,12
97,92,2.475000,9
97,93,2.472000,9
97,94,2.042000,9
97,95,3.192000,16
97,96,1.993000,8
98,1,2.834000,12
98,2,2.600000,11
98,3,2.820000,11
98,4,2.485000,10
98,5,3.034000,14
98,6,1.947000,11
98,7,3.402000,11
98,8,4.750000,13
98,9,2.803000,13
98,10,3.046000,12
98,11,2.154000,13
98,12,0.970000,12
98,13,2.512000,10
98,14,2.423000,11
98,15,3.421000,15
98,16,4.238000,19
98,17,2.682000,12
98,18,1.575000,12
98,19,3.062000,12
98,20,3.487000,15
98,21,3.230000,14
98,22,2.389000,11
98,23,2.219000,8
98,24,1.689000,8
98,25,2.069000,10
98,26,3.169000,13
98,27,2.741000,12
98,28,3.017000,13
98,29,3.096000,16
98,30,2.085000,23
98,31,3.639000,13
98,32,2.953000,11
98,33,3.838000,15
98,34,3.220000,13
98,35,2.814000,16
98,36,0.652000,9
98,37,2.716000,11
98,38,2.835000,12
98,39,2.601000,10
98,40,2.324000,10
98,41,2.044000,8
98,42,1.880000,11
98,43,3.059000,13
98,44,1.977000,9
98,45,3.126000,14
98,46,2.484000,8
98,47,2.727000,10
98,48,1.965000,9
98,49,3.060000,10
98,50,2.148000,9
98,51,2.269000,11
98,52,1.752000,7
98,53,2.659000,13
98,54,2.023000,8
98,55,3.333000,13
98,56,2.580000,10
98,57,2.611000,7
98,58,3.014000,10
98,59,2.672000,10
98,60,1.704000,10
98,61,2.287000,12
98,62,1.649000,7
98,63,2.534000,11
98,64,2.961000,11
98,65,2.294000,11
98,66,1.953000,8
98,67,2.515000,9
98,68,2.720000,12
98,69,2.903000,12
98,70,3.122000,13
98,71,3.301000,13
98,72,1.958000,13
98,73,3.639000,13
98,74,2.917000,13
98,75,3.259000,13
98,76,3.188000,14
98,77,2.253000,12
98,78,1.105000,10
98,79,2.515000,10
98,80,3.003000,14
98,81,1.960000,9
98,82,2.757000,11
98,83,2.229000,7
98,84,2.185000,7
98,85,3.242000,13
98,86,2.811000,12
98,87,3.647000,13
98,88,3.140000,13
98,89,2.522000,14
98,90,1.097000,7
98,91,2.779000,12
98,92,1.975000,9
98,93,2.217000,9
98,94,2.486000,10
98,95,4.095000,17
98,96,1.849000,8
99,1,2.711000,12
99,2,2.739000,11
99,3,2.363000,11
99,4,2.625000,10
99,5,2.869000,14
99,6,2.281000,12
99,7,2.411000,11
99,8,3.255000,13
99,9,2.327000,12
99,10,3.220000,12
99,11,2.435000,11
99,12,1.620000,9
99,13,2.924000,12
99,14,2.967000,12
99,15,2.232000,11
99,16,3.816000,14
99,17,2.824000,12
99,18,1.375000,12
99,19,2.934000,13
99,20,3.656000,14
99,21,3.650000,14
99,22,3.257000,14
99,23,2.329000,12
99,24,0.622000,10
99,25,1.716000,8
99,26,2.503000,9
99,27,2.637000,11
99,28,3.345000,13
99,29,2.577000,12
99,30,3.014000,23
99,31,3.356000,13
99,32,3.141000,13
99,33,3.268000,12
99,34,3.364000,13
99,35,2.063000,35
99,36,0.270000,12
99,37,2.924000,12
99,38,2.711000,10
99,39,2.269000,10
99,40,2.656000,11
99,41,2.092000,8
99,42,2.025000,10
99,43,2.637000,13
99,44,2.054000,9
99,45,3.198000,13
99,46,2.161000,8
99,47,2.517000,11
99,48,2.280000,9
99,49,2.525000,10
99,50,2.043000,9
99,51,2.415000,11
99,52,2.057000,7
99,53,2.965000,13
99,54,2.236000,8
99,55,3.099000,13
99,56,2.775000,10
99,57,2.066000,7
99,58,2.548000,10
99,59,2.983000,11
99,60,1.699000,8
99,61,2.593000,12
99,62,2.329000,7
99,63,3.205000,11
99,64,2.675000,10
99,65,2.950000,10
99,66,1.682000,9
99,67,2.088000,8
99,68,2.677000,11
99,69,2.728000,12
99,70,3.019000,12
99,71,3.208000,13
99,72,1.882000,13
99,73,2.929000,13
99,74,2.951000,13
99,75,5.066000,13
99,76,2.960000,13
99,77,2.296000,13
99,78,0.590000,11
99,79,2.174000,10
99,80,3.476000,14
99,81,1.927000,9
99,82,2.542000,11
99,83,1.580000,7
99,84,1.903000,7
99,85,2.741000,13
99,86,2.742000,12
99,87,3.315000,13
99,88,3.602000,13
99,89,2.872000,14
99,90,0.819000,7
99,91,2.561000,12
99,92,1.838000,8
99,93,2.312000,9
99,94,2.510000,10
99,95,2.411000,10
99,96,2.281000,8
100,1,3.339000,13
100,2,2.559000,11
100,3,2.343000,11
100,4,2.235000,10
100,5,2.806000,13
100,6,2.802000,15
100,7,3.258000,11
100,8,3.071000,14
100,9,3.012000,12
100,10,1.952000,9
100,11,3.023000,12
100,12,1.463000,10
100,13,2.783000,11
100,14,2.288000,10
100,15,2.558000,11
100,16,3.717000,15
100,17,2.725000,11
100,18,2.107000,12
100,19,2.107000,8
100,20,1.697000,8
100,21,2.383000,9
100,22,2.654000,11
100,23,2.995000,11
100,24,2.951000,13
100,25,2.254000,10
100,26,2.361000,9
100,27,1.999000,8
100,28,3.190000,12
100,29,3.334000,15
100,30,3.123000,23
100,31,3.162000,12
100,32,3.394000,14
100,33,3.263000,12
100,34,2.665000,13
100,35,3.458000,14
100,36,0.689000,8
100,37,2.969000,12
100,38,2.624000,11
100,39,2.839000,10
100,40,2.250000,9
100,41,1.833000,9
100,42,2.042000,9
100,43,2.805000,11
100,44,2.237000,9
100,45,3.947000,13
100,46,2.331000,8
100,47,2.686000,10
100,48,1.637000,9
100,49,2.921000,10
100,50,1.881000,9
100,51,2.439000,11
100,52,2.120000,7
100,53,3.036000,13
100,54,2.803000,8
100,55,3.009000,13
100,56,2.670000,10
100,57,1.681000,7
100,58,2.326000,10
100,59,2.160000,10
100,60,2.456000,10
100,61,3.020000,12
100,62,2.180000,7
100,63,2.847000,11
100,64,2.561000,11
100,65,2.455000,11
100,66,2.086000,8
100,67,2.261000,8
100,68,2.058000,11
100,69,3.072000,12
100,70,2.838000,13
100,71,3.285000,13
100,72,2.734000,13
100,73,3.023000,13
100,74,2.394000,13
100,75,3.275000,14
100,76,2.711000,12
100,77,2.461000,12
100,78,1.846000,10
100,79,2.493000,10
100,80,3.184000,14
100,81,2.280000,9
100,82,2.438000,11
100,83,2.050000,7
100,84,1.670000,7
100,85,2.783000,13
100,86,2.795000,12
100,87,3.562000,14
100,88,2.406000,8
100,89,1.879000,9
100,90,0.615000,7
100,91,3.114000,13
100,92,2.298000,9
100,93,2.519000,9
100,94,2.542000,10
100,95,1.945000,7
100,96,2.136000,8
