iteration,subproblem,solve_time_sec,ipopt_iters
1,1,6.448000,17
1,2,5.184000,14
1,3,6.704000,14
1,4,6.719000,15
1,5,5.800000,14
1,6,6.057000,14
1,7,5.942000,14
1,8,6.099000,15
1,9,7.020000,15
1,10,6.507000,14
1,11,5.447000,13
1,12,5.119000,14
1,13,6.119000,14
1,14,5.294000,14
1,15,4.965000,14
1,16,6.466000,14
1,17,6.220000,14
1,18,6.837000,14
1,19,6.392000,15
1,20,5.475000,14
1,21,6.504000,14
1,22,5.988000,14
1,23,4.826000,14
1,24,6.778000,15
1,25,5.989000,14
1,26,5.118000,14
1,27,6.836000,15
1,28,6.139000,14
1,29,5.432000,14
1,30,6.132000,14
1,31,6.392000,14
1,32,5.597000,15
1,33,6.743000,14
1,34,6.469000,14
1,35,5.605000,15
1,36,6.478000,15
1,37,6.237000,14
1,38,5.625000,14
1,39,5.422000,14
1,40,5.412000,14
1,41,6.516000,15
1,42,6.406000,15
1,43,6.392000,15
1,44,6.347000,15
1,45,6.804000,15
1,46,6.306000,14
1,47,6.526000,15
1,48,4.892000,15
1,49,6.257000,15
1,50,6.365000,15
1,51,6.451000,16
1,52,6.872000,16
1,53,6.683000,16
1,54,2.414000,18
1,55,6.515000,16
1,56,7.159000,17
1,57,7.744000,17
1,58,5.962000,15
1,59,6.017000,16
1,60,2.274000,16
1,61,6.569000,16
1,62,5.870000,16
1,63,7.313000,16
1,64,6.562000,16
1,65,7.154000,16
1,66,4.532000,15
1,67,6.503000,16
1,68,6.355000,16
1,69,6.048000,14
1,70,7.033000,16
1,71,6.422000,16
1,72,4.500000,16
1,73,6.392000,15
1,74,6.096000,15
1,75,6.356000,15
1,76,6.058000,15
1,77,6.648000,16
1,78,5.629000,16
1,79,6.587000,16
1,80,6.104000,16
1,81,6.771000,16
1,82,6.569000,16
1,83,5.914000,16
1,84,5.610000,16
1,85,6.229000,16
1,86,7.062000,16
1,87,6.792000,16
1,88,6.369000,16
1,89,7.157000,16
1,90,4.454000,16
1,91,6.518000,15
1,92,6.094000,15
1,93,7.022000,15
1,94,6.835000,15
1,95,5.289000,15
1,96,5.660000,16
2,1,3.494000,8
2,2,2.448000,7
2,3,2.035000,5
2,4,3.002000,5
2,5,3.085000,5
2,6,1.852000,5
2,7,2.269000,5
2,8,2.663000,5
2,9,2.596000,5
2,10,2.835000,5
2,11,6.196000,24
2,12,0.748000,5
2,13,2.515000,5
2,14,3.808000,8
2,15,8.614000,25
2,16,1.478000,8
2,17,0.815000,8
2,18,0.232000,7
2,19,2.714000,5
2,20,2.824000,6
2,21,3.078000,6
2,22,3.501000,6
2,23,1.920000,7
2,24,0.708000,5
2,25,3.101000,7
2,26,2.939000,7
2,27,2.667000,6
2,28,4.242000,6
2,29,2.005000,5
2,30,0.952000,5
2,31,2.486000,5
2,32,2.130000,5
2,33,2.628000,5
2,34,2.844000,5
2,35,3.163000,5
2,36,2.111000,4
2,37,2.462000,5
2,38,2.482000,6
2,39,2.344000,5
2,40,3.243000,4
2,41,2.243000,5
2,42,1.976000,6
2,43,1.774000,4
2,44,2.471000,4
2,45,2.145000,5
2,46,1.754000,4
2,47,2.312000,4
2,48,2.713000,4
2,49,2.046000,4
2,50,2.242000,5
2,51,2.195000,5
2,52,2.197000,4
2,53,3.211000,5
2,54,2.216000,5
2,55,1.977000,4
2,56,2.170000,5
2,57,2.069000,4
2,58,1.560000,4
2,59,2.588000,4
2,60,3.101000,6
2,61,1.589000,4
2,62,1.603000,4
2,63,1.702000,4
2,64,1.971000,4
2,65,2.984000,7
2,66,4.244000,7
2,67,3.429000,7
2,68,2.475000,5
2,69,2.477000,5
2,70,3.157000,4
2,71,2.517000,4
2,72,2.173000,5
2,73,2.269000,4
2,74,2.229000,4
2,75,2.237000,5
2,76,2.661000,5
2,77,3.137000,5
2,78,2.855000,6
2,79,2.268000,5
2,80,2.066000,4
2,81,2.715000,6
2,82,3.134000,6
2,83,3.578000,5
2,84,2.475000,5
2,85,2.526000,5
2,86,3.211000,5
2,87,2.507000,5
2,88,3.698000,6
2,89,4.357000,5
2,90,0.662000,5
2,91,2.529000,5
2,92,2.228000,5
2,93,2.796000,5
2,94,3.216000,7
2,95,2.563000,5
2,96,2.004000,5
3,1,2.988000,6
3,2,2.318000,7
3,3,2.684000,5
3,4,2.450000,5
3,5,2.098000,5
3,6,1.381000,5
3,7,2.475000,5
3,8,2.370000,5
3,9,2.366000,6
3,10,2.563000,5
3,11,3.267000,11
3,12,1.518000,6
3,13,2.817000,6
3,14,2.048000,5
3,15,3.387000,10
3,16,2.169000,5
3,17,2.420000,5
3,18,1.691000,6
3,19,2.843000,5
3,20,2.535000,6
3,21,2.868000,6
3,22,2.228000,6
3,23,2.155000,6
3,24,1.203000,5
3,25,3.025000,6
3,26,1.914000,5
3,27,2.500000,6
3,28,2.312000,6
3,29,2.417000,5
3,30,1.434000,5
3,31,2.487000,5
3,32,2.408000,5
3,33,2.275000,5
3,34,1.982000,4
3,35,1.746000,4
3,36,1.815000,4
3,37,2.165000,5
3,38,2.185000,5
3,39,1.898000,4
3,40,1.782000,4
3,41,1.679000,5
3,42,1.721000,4
3,43,1.773000,4
3,44,1.892000,5
3,45,1.761000,4
3,46,1.620000,4
3,47,1.533000,4
3,48,1.597000,4
3,49,2.061000,5
3,50,1.984000,4
3,51,1.786000,4
3,52,2.146000,4
3,53,1.713000,5
3,54,1.866000,5
3,55,1.845000,4
3,56,1.312000,4
3,57,1.803000,4
3,58,1.950000,4
3,59,2.464000,6
3,60,1.533000,4
3,61,1.860000,4
3,62,2.649000,5
3,63,1.828000,4
3,64,1.682000,4
3,65,1.700000,4
3,66,2.013000,6
3,67,1.970000,4
3,68,2.630000,5
3,69,2.278000,5
3,70,2.350000,6
3,71,2.301000,6
3,72,2.026000,6
3,73,2.984000,6
3,74,2.870000,6
3,75,2.374000,6
3,76,2.325000,5
3,77,1.924000,5
3,78,1.444000,6
3,79,2.747000,5
3,80,2.641000,6
3,81,2.370000,4
3,82,1.784000,4
3,83,2.788000,5
3,84,1.590000,5
3,85,2.078000,4
3,86,2.816000,5
3,87,2.178000,5
3,88,2.041000,4
3,89,1.600000,4
3,90,2.279000,5
3,91,2.340000,5
3,92,2.133000,5
3,93,2.187000,5
3,94,2.523000,5
3,95,2.783000,6
3,96,1.333000,5
4,1,6.723000,24
4,2,1.550000,5
4,3,1.359000,4
4,4,2.664000,5
4,5,1.666000,5
4,6,1.123000,5
4,7,2.132000,5
4,8,2.785000,5
4,9,2.813000,5
4,10,1.480000,6
4,11,2.600000,10
4,12,2.686000,6
4,13,2.647000,6
4,14,3.066000,5
4,15,6.588000,21
4,16,1.840000,5
4,17,1.396000,5
4,18,0.972000,5
4,19,2.527000,5
4,20,2.430000,5
4,21,1.824000,5
4,22,2.126000,5
4,23,2.515000,5
4,24,2.070000,5
4,25,2.548000,5
4,26,2.335000,5
4,27,2.984000,6
4,28,2.209000,7
4,29,2.209000,4
4,30,2.240000,5
4,31,1.885000,4
4,32,2.722000,5
4,33,2.288000,5
4,34,2.051000,5
4,35,2.376000,6
4,36,2.220000,6
4,37,1.522000,4
4,38,1.880000,4
4,39,2.108000,4
4,40,1.694000,4
4,41,1.713000,5
4,42,1.826000,5
4,43,1.922000,5
4,44,1.711000,4
4,45,2.470000,5
4,46,1.550000,5
4,47,1.601000,4
4,48,1.390000,4
4,49,1.899000,5
4,50,2.313000,4
4,51,1.969000,4
4,52,1.753000,5
4,53,1.020000,4
4,54,1.630000,4
4,55,1.575000,4
4,56,2.285000,4
4,57,2.436000,4
4,58,2.042000,5
4,59,1.442000,5
4,60,3.174000,7
4,61,7.149000,27
4,62,7.027000,28
4,63,2.706000,26
4,64,2.151000,26
4,65,1.280000,27
4,66,0.667000,28
4,67,6.798000,25
4,68,6.199000,26
4,69,2.171000,9
4,70,1.122000,10
4,71,1.120000,10
4,72,1.017000,10
4,73,3.888000,10
4,74,4.077000,10
4,75,2.488000,9
4,76,3.003000,9
4,77,3.259000,26
4,78,2.133000,24
4,79,7.240000,25
4,80,5.925000,25
4,81,3.038000,26
4,82,1.920000,27
4,83,1.346000,24
4,84,0.806000,23
4,85,2.243000,5
4,86,2.991000,5
4,87,2.976000,7
4,88,2.731000,6
4,89,2.665000,5
4,90,1.739000,5
4,91,2.418000,4
4,92,2.807000,5
4,93,2.260000,5
4,94,1.729000,5
4,95,2.232000,6
4,96,1.824000,5
5,1,3.746000,19
5,2,5.433000,28
5,3,1.124000,4
5,4,1.312000,5
5,5,0.848000,5
5,6,0.907000,5
5,7,1.767000,5
5,8,1.165000,4
5,9,1.945000,5
5,10,1.504000,5
5,11,1.994000,10
5,12,1.936000,5
5,13,2.037000,7
5,14,1.531000,5
5,15,2.529000,11
5,16,1.271000,4
5,17,1.454000,4
5,18,1.356000,4
5,19,1.940000,5
5,20,1.471000,5
5,21,1.763000,4
5,22,1.700000,4
5,23,1.208000,4
5,24,1.315000,4
5,25,1.692000,6
5,26,1.327000,4
5,27,2.009000,5
5,28,1.404000,5
5,29,1.901000,5
5,30,1.539000,6
5,31,2.227000,7
5,32,1.772000,7
5,33,1.189000,5
5,34,2.351000,8
5,35,2.009000,6
5,36,1.513000,6
5,37,1.083000,4
5,38,1.126000,4
5,39,1.254000,4
5,40,1.323000,4
5,41,1.468000,4
5,42,1.636000,4
5,43,1.547000,5
5,44,1.360000,5
5,45,1.179000,4
5,46,1.259000,4
5,47,1.243000,4
5,48,1.791000,4
5,49,1.313000,4
5,50,1.539000,6
5,51,1.510000,5
5,52,1.405000,5
5,53,1.569000,5
5,54,4.548000,27
5,55,5.092000,28
5,56,4.802000,28
5,57,2.896000,26
5,58,2.400000,26
5,59,1.834000,27
5,60,0.873000,25
5,61,2.735000,12
5,62,2.735000,12
5,63,3.298000,13
5,64,2.495000,15
5,65,1.629000,15
5,66,1.438000,15
5,67,3.470000,14
5,68,2.820000,13
5,69,4.730000,25
5,70,2.559000,24
5,71,2.660000,29
5,72,0.862000,9
5,73,6.619000,31
5,74,4.645000,23
5,75,2.436000,24
5,76,2.420000,25
5,77,1.138000,14
5,78,0.721000,15
5,79,3.449000,15
5,80,3.847000,15
5,81,3.243000,17
5,82,1.630000,15
5,83,1.473000,19
5,84,1.548000,20
5,85,5.038000,26
5,86,5.507000,26
5,87,2.710000,24
5,88,2.419000,24
5,89,1.720000,27
5,90,0.947000,29
5,91,4.238000,23
5,92,1.824000,5
5,93,1.361000,5
5,94,1.481000,5
5,95,1.249000,6
5,96,1.062000,5
6,1,3.679000,15
6,2,4.412000,19
6,3,2.046000,8
6,4,4.079000,26
6,5,2.146000,26
6,6,0.754000,27
6,7,5.826000,28
6,8,4.608000,25
6,9,2.132000,7
6,10,1.515000,7
6,11,2.463000,19
6,12,0.304000,5
6,13,1.849000,5
6,14,2.185000,7
6,15,3.159000,10
6,16,2.180000,6
6,17,1.517000,5
6,18,1.608000,5
6,19,1.503000,5
6,20,1.728000,5
6,21,1.760000,5
6,22,1.915000,5
6,23,1.966000,5
6,24,1.855000,5
6,25,2.489000,6
6,26,2.133000,5
6,27,2.259000,6
6,28,2.204000,5
6,29,1.980000,5
6,30,1.583000,5
6,31,1.239000,5
6,32,2.381000,6
6,33,2.110000,6
6,34,1.923000,6
6,35,2.010000,6
6,36,2.073000,5
6,37,1.348000,5
6,38,1.326000,5
6,39,2.246000,6
6,40,1.900000,7
6,41,5.707000,27
6,42,3.374000,27
6,43,5.931000,27
6,44,5.758000,26
6,45,3.612000,26
6,46,1.865000,25
6,47,0.670000,28
6,48,0.329000,25
6,49,6.818000,28
6,50,1.920000,6
6,51,1.902000,6
6,52,1.871000,7
6,53,1.416000,6
6,54,2.267000,18
6,55,2.754000,13
6,56,3.398000,12
6,57,3.078000,12
6,58,2.764000,11
6,59,1.975000,12
6,60,1.630000,12
6,61,4.149000,17
6,62,3.229000,14
6,63,3.405000,13
6,64,1.733000,10
6,65,1.722000,12
6,66,0.904000,10
6,67,2.000000,10
6,68,2.654000,10
6,69,2.504000,10
6,70,2.305000,10
6,71,2.699000,10
6,72,1.459000,7
6,73,2.739000,10
6,74,2.883000,10
6,75,2.619000,10
6,76,2.679000,10
6,77,2.501000,10
6,78,1.793000,10
6,79,2.069000,10
6,80,3.458000,12
6,81,2.390000,11
6,82,3.215000,12
6,83,2.401000,13
6,84,1.482000,13
6,85,3.187000,12
6,86,2.917000,11
6,87,2.691000,12
6,88,2.798000,12
6,89,2.109000,13
6,90,2.591000,17
6,91,2.700000,12
6,92,1.785000,6
6,93,1.727000,6
6,94,4.773000,23
6,95,1.352000,5
6,96,1.481000,5
7,1,3.550000,15
7,2,3.504000,12
7,3,1.889000,6
7,4,3.317000,11
7,5,3.443000,17
7,6,2.819000,15
7,7,3.928000,18
7,8,3.545000,12
7,9,5.224000,24
7,10,2.317000,9
7,11,2.391000,12
7,12,1.542000,10
7,13,1.894000,8
7,14,3.039000,9
7,15,5.015000,19
7,16,5.572000,26
7,17,3.663000,26
7,18,2.144000,24
7,19,5.553000,23
7,20,5.509000,24
7,21,5.157000,24
7,22,3.382000,24
7,23,2.334000,25
7,24,0.886000,25
7,25,5.891000,25
7,26,6.011000,25
7,27,4.299000,26
7,28,3.203000,24
7,29,2.102000,24
7,30,1.148000,24
7,31,4.952000,24
7,32,5.637000,24
7,33,4.065000,24
7,34,5.062000,28
7,35,2.012000,25
7,36,1.195000,27
7,37,5.327000,26
7,38,5.047000,26
7,39,4.681000,24
7,40,3.404000,24
7,41,1.611000,12
7,42,1.457000,13
7,43,4.157000,19
7,44,3.645000,15
7,45,4.302000,17
7,46,3.440000,16
7,47,2.190000,13
7,48,1.710000,12
7,49,2.830000,12
7,50,2.354000,6
7,51,1.988000,7
7,52,1.748000,6
7,53,2.866000,8
7,54,3.021000,13
7,55,3.134000,12
7,56,3.367000,11
7,57,3.657000,17
7,58,3.123000,12
7,59,2.608000,10
7,60,2.122000,10
7,61,2.286000,10
7,62,2.944000,10
7,63,2.765000,10
7,64,4.258000,17
7,65,2.631000,9
7,66,3.056000,19
7,67,2.074000,8
7,68,1.974000,8
7,69,2.163000,8
7,70,2.308000,8
7,71,1.967000,8
7,72,1.351000,4
7,73,1.901000,8
7,74,2.529000,9
7,75,2.359000,8
7,76,2.528000,8
7,77,2.151000,8
7,78,1.915000,8
7,79,2.781000,9
7,80,2.872000,9
7,81,3.366000,15
7,82,2.777000,11
7,83,2.229000,10
7,84,2.104000,10
7,85,2.307000,10
7,86,2.782000,10
7,87,4.588000,17
7,88,3.670000,18
7,89,1.873000,10
7,90,1.597000,11
7,91,3.181000,12
7,92,2.431000,7
7,93,2.390000,7
7,94,4.174000,20
7,95,1.629000,5
7,96,1.865000,5
8,1,2.341000,10
8,2,1.681000,9
8,3,1.766000,6
8,4,2.368000,10
8,5,3.474000,13
8,6,2.050000,12
8,7,2.699000,12
8,8,3.589000,18
8,9,2.619000,12
8,10,4.112000,24
8,11,1.656000,17
8,12,0.545000,9
8,13,5.170000,28
8,14,6.026000,25
8,15,3.024000,15
8,16,1.281000,12
8,17,0.432000,12
8,18,0.225000,12
8,19,3.400000,15
8,20,2.724000,13
8,21,3.350000,15
8,22,2.928000,15
8,23,2.223000,15
8,24,1.149000,15
8,25,2.940000,15
8,26,3.180000,15
8,27,3.091000,15
8,28,4.362000,15
8,29,0.968000,13
8,30,0.416000,13
8,31,2.274000,12
8,32,2.880000,12
8,33,2.551000,12
8,34,3.407000,15
8,35,2.953000,15
8,36,1.396000,13
8,37,2.325000,12
8,38,2.309000,13
8,39,2.173000,12
8,40,2.403000,12
8,41,3.358000,18
8,42,1.642000,11
8,43,2.503000,12
8,44,2.032000,12
8,45,2.213000,11
8,46,3.446000,13
8,47,2.531000,12
8,48,2.178000,12
8,49,3.574000,18
8,50,1.398000,5
8,51,1.105000,5
8,52,1.274000,5
8,53,2.029000,6
8,54,2.292000,9
8,55,1.914000,9
8,56,2.219000,9
8,57,1.834000,8
8,58,2.019000,8
8,59,2.260000,8
8,60,1.870000,7
8,61,1.667000,7
8,62,3.455000,12
8,63,2.750000,12
8,64,3.209000,12
8,65,2.381000,12
8,66,1.820000,12
8,67,2.754000,11
8,68,2.200000,11
8,69,3.053000,11
8,70,2.932000,11
8,71,2.718000,11
8,72,0.740000,4
8,73,2.788000,11
8,74,1.990000,7
8,75,2.925000,11
8,76,3.727000,11
8,77,2.362000,11
8,78,1.490000,11
8,79,2.074000,11
8,80,3.077000,11
8,81,2.840000,11
8,82,2.762000,11
8,83,1.646000,7
8,84,2.028000,11
8,85,2.100000,7
8,86,2.188000,9
8,87,2.198000,8
8,88,1.975000,8
8,89,2.442000,9
8,90,1.880000,9
8,91,2.889000,11
8,92,1.432000,5
8,93,1.735000,6
8,94,3.363000,18
8,95,2.537000,6
8,96,1.490000,6
9,1,2.178000,6
9,2,1.854000,7
9,3,1.462000,4
9,4,4.237000,18
9,5,1.940000,9
9,6,2.172000,9
9,7,1.774000,9
9,8,2.545000,10
9,9,2.421000,10
9,10,3.247000,12
9,11,2.178000,10
9,12,3.000000,26
9,13,2.362000,10
9,14,2.522000,10
9,15,2.523000,10
9,16,2.161000,11
9,17,2.643000,11
9,18,1.804000,9
9,19,2.170000,9
9,20,1.768000,9
9,21,2.184000,9
9,22,1.883000,9
9,23,2.034000,9
9,24,1.967000,9
9,25,2.222000,9
9,26,1.902000,9
9,27,1.880000,9
9,28,2.306000,9
9,29,1.866000,9
9,30,1.500000,9
9,31,1.876000,9
9,32,2.654000,11
9,33,2.745000,11
9,34,2.593000,11
9,35,2.466000,11
9,36,2.314000,17
9,37,2.712000,11
9,38,2.620000,10
9,39,1.955000,10
9,40,2.477000,11
9,41,3.420000,17
9,42,1.562000,9
9,43,2.216000,12
9,44,2.209000,9
9,45,2.506000,10
9,46,2.171000,9
9,47,2.152000,9
9,48,2.140000,9
9,49,1.798000,9
9,50,1.705000,5
9,51,0.975000,4
9,52,1.404000,4
9,53,1.518000,4
9,54,2.607000,12
9,55,2.712000,12
9,56,3.237000,12
9,57,2.822000,12
9,58,2.521000,12
9,59,2.385000,12
9,60,1.097000,12
9,61,2.848000,12
9,62,2.870000,12
9,63,2.968000,12
9,64,3.028000,12
9,65,2.448000,12
9,66,1.106000,12
9,67,2.322000,11
9,68,2.429000,11
9,69,2.932000,11
9,70,2.528000,11
9,71,2.492000,11
9,72,0.933000,4
9,73,2.728000,11
9,74,1.653000,7
9,75,2.832000,11
9,76,2.298000,11
9,77,2.185000,11
9,78,2.280000,11
9,79,3.082000,11
9,80,2.786000,11
9,81,2.335000,11
9,82,2.740000,11
9,83,2.198000,11
9,84,1.787000,11
9,85,2.640000,11
9,86,2.492000,11
9,87,2.860000,12
9,88,2.909000,12
9,89,2.839000,12
9,90,1.083000,12
9,91,1.502000,7
9,92,1.330000,4
9,93,1.823000,7
9,94,2.785000,12
9,95,1.940000,6
9,96,1.612000,5
10,1,1.547000,6
10,2,2.166000,11
10,3,1.082000,4
10,4,2.835000,11
10,5,2.832000,12
10,6,2.612000,11
10,7,3.228000,12
10,8,2.465000,9
10,9,2.470000,11
10,10,2.798000,11
10,11,2.351000,11
10,12,1.553000,10
10,13,2.401000,12
10,14,2.540000,12
10,15,2.198000,9
10,16,2.132000,9
10,17,3.274000,14
10,18,1.998000,12
10,19,4.797000,21
10,20,3.098000,13
10,21,2.968000,13
10,22,2.779000,14
10,23,1.729000,15
10,24,0.544000,15
10,25,2.966000,15
10,26,3.944000,15
10,27,3.540000,14
10,28,2.577000,14
10,29,1.397000,13
10,30,0.694000,21
10,31,1.826000,8
10,32,2.140000,9
10,33,2.314000,9
10,34,2.041000,9
10,35,2.138000,9
10,36,2.006000,12
10,37,3.371000,12
10,38,2.246000,10
10,39,2.302000,11
10,40,2.577000,11
10,41,1.885000,9
10,42,2.660000,18
10,43,1.988000,9
10,44,2.013000,8
10,45,2.309000,7
10,46,1.820000,6
10,47,2.901000,11
10,48,1.840000,12
10,49,3.246000,12
10,50,1.182000,4
10,51,1.224000,4
10,52,0.931000,4
10,53,1.350000,4
10,54,2.531000,12
10,55,3.087000,12
10,56,2.907000,12
10,57,2.868000,12
10,58,3.060000,12
10,59,2.600000,12
10,60,1.044000,12
10,61,2.212000,12
10,62,2.831000,12
10,63,3.362000,12
10,64,3.277000,12
10,65,2.561000,12
10,66,1.118000,12
10,67,2.762000,11
10,68,2.715000,11
10,69,2.580000,11
10,70,3.198000,11
10,71,2.357000,11
10,72,0.828000,4
10,73,2.535000,11
10,74,1.537000,7
10,75,2.880000,11
10,76,2.190000,11
10,77,2.641000,11
10,78,1.905000,11
10,79,2.373000,11
10,80,2.924000,11
10,81,2.932000,11
10,82,2.561000,11
10,83,2.066000,11
10,84,1.718000,11
10,85,2.672000,11
10,86,2.621000,11
10,87,2.839000,12
10,88,2.484000,12
10,89,2.665000,12
10,90,1.730000,12
10,91,3.087000,12
10,92,1.134000,4
10,93,2.294000,7
10,94,2.135000,11
10,95,1.614000,6
10,96,1.059000,5
11,1,1.928000,7
11,2,2.585000,10
11,3,1.390000,4
11,4,3.388000,10
11,5,2.975000,12
11,6,2.698000,12
11,7,3.081000,12
11,8,2.893000,12
11,9,3.700000,12
11,10,3.337000,12
11,11,2.395000,12
11,12,1.642000,14
11,13,1.738000,8
11,14,2.160000,11
11,15,3.041000,13
11,16,3.045000,9
11,17,2.237000,9
11,18,2.483000,11
11,19,2.261000,10
11,20,2.370000,9
11,21,2.490000,9
11,22,3.057000,9
11,23,2.432000,9
11,24,2.373000,9
11,25,1.993000,9
11,26,2.037000,9
11,27,2.492000,9
11,28,3.151000,9
11,29,2.255000,9
11,30,2.165000,9
11,31,2.964000,11
11,32,2.838000,11
11,33,2.603000,9
11,34,2.115000,9
11,35,1.664000,9
11,36,1.746000,12
11,37,1.830000,8
11,38,2.542000,13
11,39,2.740000,12
11,40,4.302000,12
11,41,3.012000,12
11,42,1.859000,14
11,43,3.456000,14
11,44,3.523000,14
11,45,3.565000,14
11,46,2.959000,14
11,47,2.417000,14
11,48,0.909000,14
11,49,3.646000,14
11,50,1.380000,4
11,51,1.456000,4
11,52,2.058000,4
11,53,1.141000,4
11,54,3.604000,14
11,55,2.678000,12
11,56,3.018000,12
11,57,4.150000,12
11,58,2.967000,12
11,59,2.403000,12
11,60,1.589000,12
11,61,3.278000,12
11,62,3.341000,12
11,63,4.180000,12
11,64,2.596000,12
11,65,2.065000,12
11,66,0.972000,12
11,67,3.008000,12
11,68,3.046000,12
11,69,3.763000,12
11,70,3.100000,12
11,71,2.390000,12
11,72,0.965000,4
11,73,2.706000,12
11,74,2.617000,12
11,75,3.920000,12
11,76,3.055000,12
11,77,2.662000,12
11,78,1.730000,12
11,79,3.197000,12
11,80,3.148000,12
11,81,4.115000,12
11,82,3.106000,12
11,83,2.390000,12
11,84,1.075000,12
11,85,3.488000,12
11,86,2.941000,12
11,87,3.343000,12
11,88,2.850000,12
11,89,2.092000,12
11,90,1.113000,12
11,91,2.812000,12
11,92,1.927000,6
11,93,1.760000,6
11,94,2.613000,7
11,95,1.390000,5
11,96,1.932000,5
12,1,1.971000,7
12,2,2.532000,12
12,3,1.455000,4
12,4,2.781000,10
12,5,3.050000,12
12,6,3.320000,12
12,7,2.968000,12
12,8,2.450000,12
12,9,3.082000,12
12,10,3.157000,12
12,11,2.941000,12
12,12,2.028000,12
12,13,2.825000,12
12,14,1.414000,6
12,15,3.038000,12
12,16,3.100000,12
12,17,2.750000,12
12,18,2.805000,12
12,19,3.208000,12
12,20,2.697000,12
12,21,2.918000,12
12,22,3.222000,12
12,23,2.472000,12
12,24,2.177000,12
12,25,3.069000,12
12,26,2.449000,12
12,27,2.759000,12
12,28,2.872000,12
12,29,3.059000,12
12,30,2.151000,12
12,31,3.220000,12
12,32,3.579000,12
12,33,2.797000,12
12,34,2.840000,12
12,35,2.726000,12
12,36,2.033000,12
12,37,3.036000,12
12,38,2.788000,12
12,39,2.530000,12
12,40,2.702000,12
12,41,2.500000,12
12,42,2.790000,14
12,43,3.213000,14
12,44,3.628000,14
12,45,3.286000,14
12,46,2.723000,14
12,47,2.564000,14
12,48,1.561000,14
12,49,3.575000,14
12,50,1.059000,4
12,51,1.597000,4
12,52,0.936000,4
12,53,1.100000,4
12,54,2.916000,14
12,55,3.071000,12
12,56,2.750000,12
12,57,3.217000,12
12,58,3.640000,12
12,59,3.136000,12
12,60,1.457000,12
12,61,3.214000,12
12,62,3.415000,12
12,63,3.080000,12
12,64,2.823000,12
12,65,2.639000,12
12,66,1.985000,12
12,67,3.042000,12
12,68,2.997000,12
12,69,2.518000,12
12,70,2.848000,12
12,71,2.511000,12
12,72,1.390000,4
12,73,3.210000,12
12,74,2.932000,12
12,75,2.988000,12
12,76,2.736000,12
12,77,3.002000,12
12,78,1.929000,12
12,79,3.216000,12
12,80,2.925000,12
12,81,2.882000,12
12,82,2.698000,12
12,83,2.805000,12
12,84,2.180000,12
12,85,3.216000,12
12,86,2.713000,12
12,87,3.178000,12
12,88,2.697000,12
12,89,1.548000,12
12,90,0.208000,12
12,91,3.218000,12
12,92,2.346000,7
12,93,4.147000,21
12,94,2.328000,7
12,95,2.017000,6
12,96,1.484000,5
13,1,1.878000,7
13,2,3.224000,12
13,3,1.393000,4
13,4,2.700000,10
13,5,3.424000,12
13,6,2.971000,12
13,7,3.056000,12
13,8,2.760000,12
13,9,3.238000,12
13,10,2.920000,12
13,11,2.929000,12
13,12,1.879000,12
13,13,3.277000,12
13,14,3.231000,12
13,15,2.877000,12
13,16,2.991000,12
13,17,2.725000,12
13,18,2.424000,12
13,19,2.690000,12
13,20,2.704000,12
13,21,2.537000,12
13,22,3.359000,12
13,23,2.682000,12
13,24,2.860000,12
13,25,2.798000,12
13,26,2.632000,12
13,27,2.362000,12
13,28,3.129000,12
13,29,2.770000,12
13,30,3.018000,12
13,31,3.170000,12
13,32,3.334000,12
13,33,2.684000,12
13,34,2.797000,12
13,35,3.249000,12
13,36,2.226000,12
13,37,3.170000,12
13,38,2.645000,12
13,39,2.568000,12
13,40,3.254000,12
13,41,2.672000,12
13,42,2.918000,14
13,43,3.362000,14
13,44,3.148000,14
13,45,2.884000,14
13,46,3.245000,14
13,47,3.227000,14
13,48,1.822000,14
13,49,3.839000,14
13,50,1.110000,4
13,51,1.340000,4
13,52,1.412000,4
13,53,1.668000,4
13,54,2.610000,14
13,55,2.878000,12
13,56,2.878000,12
13,57,3.262000,12
13,58,2.884000,12
13,59,2.541000,12
13,60,2.381000,12
13,61,2.959000,12
13,62,2.873000,12
13,63,2.764000,12
13,64,2.888000,12
13,65,2.896000,12
13,66,1.825000,12
13,67,3.170000,12
13,68,2.804000,12
13,69,2.762000,12
13,70,3.024000,12
13,71,2.572000,12
13,72,1.255000,4
13,73,3.168000,12
13,74,2.987000,12
13,75,2.891000,12
13,76,3.038000,12
13,77,2.798000,12
13,78,2.359000,12
13,79,3.380000,12
13,80,3.128000,12
13,81,2.874000,12
13,82,2.797000,12
13,83,3.228000,12
13,84,2.143000,12
13,85,2.574000,12
13,86,2.700000,12
13,87,2.567000,12
13,88,2.728000,12
13,89,3.162000,12
13,90,2.787000,12
13,91,2.640000,12
13,92,1.751000,6
13,93,2.106000,7
13,94,3.414000,16
13,95,1.770000,5
13,96,1.888000,5
14,1,2.016000,7
14,2,2.427000,10
14,3,1.401000,4
14,4,2.014000,10
14,5,3.010000,12
14,6,2.746000,12
14,7,2.995000,12
14,8,3.081000,12
14,9,3.268000,12
14,10,2.924000,12
14,11,2.343000,12
14,12,2.130000,12
14,13,3.152000,12
14,14,3.624000,12
14,15,3.224000,12
14,16,3.480000,12
14,17,2.289000,12
14,18,1.800000,12
14,19,3.147000,12
14,20,3.155000,12
14,21,2.892000,12
14,22,2.334000,12
14,23,2.398000,12
14,24,2.153000,12
14,25,3.010000,12
14,26,3.396000,12
14,27,2.420000,12
14,28,2.776000,12
14,29,2.130000,12
14,30,1.924000,12
14,31,2.860000,12
14,32,3.452000,12
14,33,2.687000,12
14,34,2.996000,12
14,35,2.150000,12
14,36,2.170000,12
14,37,3.528000,12
14,38,3.019000,12
14,39,2.564000,12
14,40,2.946000,12
14,41,2.569000,12
14,42,2.089000,14
14,43,3.287000,14
14,44,4.068000,14
14,45,3.014000,14
14,46,3.359000,14
14,47,2.198000,14
14,48,0.300000,14
14,49,3.154000,14
14,50,1.066000,4
14,51,1.267000,4
14,52,1.598000,5
14,53,1.439000,4
14,54,3.113000,14
14,55,3.000000,12
14,56,3.809000,12
14,57,2.975000,12
14,58,2.730000,12
14,59,2.587000,12
14,60,2.214000,12
14,61,2.947000,12
14,62,3.323000,12
14,63,3.172000,12
14,64,3.278000,12
14,65,2.580000,12
14,66,2.132000,12
14,67,3.526000,12
14,68,2.678000,12
14,69,2.749000,12
14,70,2.370000,12
14,71,2.950000,12
14,72,1.335000,4
14,73,3.150000,12
14,74,3.634000,12
14,75,3.085000,12
14,76,2.860000,12
14,77,2.560000,12
14,78,2.055000,12
14,79,3.333000,12
14,80,3.037000,12
14,81,3.440000,12
14,82,2.894000,12
14,83,2.672000,12
14,84,1.488000,12
14,85,3.148000,12
14,86,3.849000,12
14,87,2.670000,12
14,88,2.930000,12
14,89,2.776000,12
14,90,2.061000,12
14,91,3.005000,10
14,92,1.658000,6
14,93,2.044000,7
14,94,2.900000,14
14,95,1.539000,6
14,96,1.996000,7
15,1,1.655000,7
15,2,2.872000,12
15,3,1.250000,4
15,4,2.534000,10
15,5,2.952000,12
15,6,2.601000,12
15,7,3.814000,12
15,8,3.621000,12
15,9,3.258000,12
15,10,2.665000,12
15,11,1.028000,12
15,12,0.176000,12
15,13,2.938000,12
15,14,3.166000,12
15,15,2.998000,12
15,16,3.080000,12
15,17,3.255000,12
15,18,1.553000,12
15,19,3.050000,12
15,20,3.206000,12
15,21,2.893000,12
15,22,2.874000,12
15,23,2.580000,12
15,24,2.511000,12
15,25,2.423000,12
15,26,2.415000,12
15,27,3.076000,12
15,28,3.420000,12
15,29,2.590000,12
15,30,2.903000,12
15,31,2.280000,12
15,32,2.557000,12
15,33,3.388000,12
15,34,3.071000,12
15,35,2.698000,12
15,36,3.130000,12
15,37,3.116000,12
15,38,2.598000,12
15,39,3.240000,12
15,40,2.818000,12
15,41,2.629000,12
15,42,2.699000,14
15,43,3.675000,14
15,44,3.181000,14
15,45,3.310000,14
15,46,3.152000,14
15,47,3.139000,14
15,48,1.546000,14
15,49,3.065000,14
15,50,1.168000,4
15,51,1.528000,4
15,52,1.250000,5
15,53,1.604000,4
15,54,3.285000,14
15,55,2.488000,12
15,56,3.172000,12
15,57,3.676000,12
15,58,3.223000,12
15,59,2.348000,12
15,60,2.553000,12
15,61,2.975000,12
15,62,3.246000,12
15,63,2.791000,12
15,64,2.730000,12
15,65,3.054000,12
15,66,2.220000,12
15,67,2.687000,12
15,68,4.019000,12
15,69,3.274000,12
15,70,3.159000,12
15,71,3.128000,12
15,72,0.998000,4
15,73,2.637000,12
15,74,3.474000,12
15,75,3.459000,12
15,76,2.832000,12
15,77,3.118000,12
15,78,1.880000,12
15,79,2.932000,12
15,80,2.988000,12
15,81,3.199000,12
15,82,3.313000,12
15,83,2.953000,12
15,84,2.410000,12
15,85,3.431000,12
15,86,2.810000,12
15,87,3.095000,12
15,88,2.819000,12
15,89,3.176000,12
15,90,2.331000,12
15,91,2.583000,13
15,92,5.009000,23
15,93,3.039000,11
15,94,2.937000,13
15,95,1.594000,5
15,96,2.034000,6
16,1,2.283000,10
16,2,2.742000,13
16,3,1.397000,4
16,4,2.696000,10
16,5,2.829000,12
16,6,3.099000,12
16,7,3.044000,12
16,8,3.560000,12
16,9,3.509000,12
16,10,3.167000,12
16,11,1.756000,12
16,12,0.218000,12
16,13,3.211000,12
16,14,3.191000,12
16,15,3.139000,12
16,16,3.100000,12
16,17,2.641000,12
16,18,1.417000,12
16,19,3.039000,12
16,20,3.365000,12
16,21,2.765000,12
16,22,2.852000,12
16,23,2.920000,12
16,24,1.762000,12
16,25,2.868000,12
16,26,2.639000,12
16,27,3.107000,12
16,28,2.840000,12
16,29,2.650000,12
16,30,2.011000,12
16,31,2.712000,12
16,32,3.044000,12
16,33,2.582000,12
16,34,2.767000,12
16,35,2.249000,12
16,36,1.515000,12
16,37,2.980000,12
16,38,2.519000,9
16,39,2.288000,9
16,40,2.301000,9
16,41,2.342000,9
16,42,2.121000,9
16,43,2.118000,9
16,44,2.301000,9
16,45,2.297000,8
16,46,2.709000,8
16,47,1.935000,8
16,48,2.248000,9
16,49,2.157000,8
16,50,1.419000,4
16,51,1.428000,4
16,52,1.631000,4
16,53,1.417000,4
16,54,2.030000,9
16,55,2.299000,9
16,56,2.066000,11
16,57,2.307000,11
16,58,3.271000,13
16,59,3.226000,13
16,60,2.089000,12
16,61,3.206000,12
16,62,3.312000,12
16,63,2.675000,12
16,64,2.683000,12
16,65,2.514000,12
16,66,1.867000,12
16,67,2.863000,12
16,68,3.007000,12
16,69,2.888000,12
16,70,2.674000,12
16,71,2.881000,12
16,72,0.821000,4
16,73,2.984000,12
16,74,2.420000,10
16,75,3.222000,12
16,76,2.627000,12
16,77,2.912000,12
16,78,1.953000,12
16,79,2.466000,12
16,80,2.921000,12
16,81,3.376000,12
16,82,3.033000,12
16,83,3.001000,12
16,84,1.796000,12
16,85,3.060000,12
16,86,3.222000,12
16,87,2.948000,12
16,88,2.668000,12
16,89,2.902000,12
16,90,1.744000,12
16,91,3.337000,13
16,92,3.079000,12
16,93,2.347000,7
16,94,1.878000,7
16,95,2.131000,6
16,96,1.572000,6
17,1,3.459000,10
17,2,3.701000,13
17,3,1.560000,4
17,4,2.886000,10
17,5,2.750000,12
17,6,2.153000,12
17,7,2.555000,12
17,8,2.991000,12
17,9,2.286000,12
17,10,2.462000,12
17,11,2.951000,12
17,12,2.222000,12
17,13,3.228000,12
17,14,2.682000,12
17,15,3.239000,12
17,16,2.587000,12
17,17,2.835000,12
17,18,2.168000,12
17,19,2.740000,12
17,20,2.653000,12
17,21,2.979000,12
17,22,2.703000,12
17,23,2.938000,12
17,24,2.282000,12
17,25,3.052000,12
17,26,2.782000,12
17,27,2.705000,12
17,28,2.679000,12
17,29,2.695000,12
17,30,1.773000,12
17,31,3.504000,12
17,32,3.259000,12
17,33,2.950000,12
17,34,2.709000,13
17,35,2.117000,12
17,36,1.834000,12
17,37,2.566000,12
17,38,2.231000,10
17,39,2.622000,10
17,40,2.890000,10
17,41,2.444000,10
17,42,2.217000,10
17,43,2.385000,10
17,44,2.639000,10
17,45,2.311000,10
17,46,2.399000,8
17,47,1.900000,8
17,48,2.020000,10
17,49,1.963000,8
17,50,1.598000,4
17,51,1.155000,4
17,52,1.003000,4
17,53,1.400000,4
17,54,2.429000,10
17,55,2.768000,10
17,56,2.796000,10
17,57,2.254000,10
17,58,2.994000,13
17,59,2.620000,13
17,60,2.527000,12
17,61,3.270000,12
17,62,2.730000,12
17,63,2.920000,12
17,64,2.752000,12
17,65,2.885000,12
17,66,2.191000,12
17,67,3.050000,12
17,68,3.582000,12
17,69,3.116000,12
17,70,2.867000,12
17,71,1.829000,12
17,72,0.150000,4
17,73,2.787000,12
17,74,3.744000,10
17,75,2.802000,12
17,76,3.152000,12
17,77,2.319000,12
17,78,2.064000,12
17,79,2.548000,12
17,80,2.991000,12
17,81,3.169000,12
17,82,2.878000,12
17,83,2.962000,12
17,84,2.051000,12
17,85,3.221000,12
17,86,2.350000,12
17,87,2.893000,12
17,88,2.906000,12
17,89,2.497000,12
17,90,2.015000,12
17,91,2.768000,12
17,92,2.295000,12
17,93,2.129000,9
17,94,2.078000,7
17,95,2.085000,6
17,96,1.558000,6
18,1,2.616000,10
18,2,2.846000,13
18,3,1.362000,4
18,4,2.575000,10
18,5,3.787000,12
18,6,2.654000,12
18,7,2.940000,12
18,8,3.170000,12
18,9,2.820000,12
18,10,2.831000,12
18,11,2.900000,12
18,12,1.327000,12
18,13,3.101000,12
18,14,3.051000,12
18,15,3.044000,12
18,16,3.069000,12
18,17,2.907000,12
18,18,1.624000,12
18,19,3.099000,12
18,20,3.289000,12
18,21,3.500000,12
18,22,3.275000,12
18,23,3.091000,12
18,24,1.461000,12
18,25,3.096000,12
18,26,2.675000,12
18,27,3.139000,12
18,28,4.039000,12
18,29,3.004000,12
18,30,1.711000,12
18,31,2.891000,12
18,32,2.511000,12
18,33,3.065000,12
18,34,3.751000,13
18,35,3.033000,12
18,36,1.734000,12
18,37,2.801000,12
18,38,2.487000,10
18,39,2.516000,10
18,40,2.795000,10
18,41,2.638000,10
18,42,2.386000,10
18,43,2.460000,10
18,44,1.930000,10
18,45,2.729000,10
18,46,2.115000,8
18,47,2.600000,8
18,48,3.036000,10
18,49,2.218000,8
18,50,0.912000,4
18,51,1.709000,4
18,52,1.144000,4
18,53,1.251000,4
18,54,2.485000,10
18,55,2.312000,10
18,56,1.708000,6
18,57,2.423000,6
18,58,2.978000,13
18,59,3.234000,13
18,60,2.882000,12
18,61,3.087000,12
18,62,3.061000,12
18,63,3.307000,12
18,64,3.670000,12
18,65,2.820000,12
18,66,1.727000,12
18,67,3.091000,12
18,68,3.009000,12
18,69,3.006000,12
18,70,3.164000,12
18,71,3.253000,12
18,72,0.810000,4
18,73,2.876000,12
18,74,2.571000,10
18,75,3.300000,12
18,76,3.460000,12
18,77,3.374000,12
18,78,1.742000,12
18,79,2.967000,12
18,80,3.554000,12
18,81,2.677000,12
18,82,3.130000,12
18,83,3.147000,12
18,84,1.747000,12
18,85,2.948000,12
18,86,3.215000,12
18,87,3.316000,12
18,88,3.109000,12
18,89,2.375000,12
18,90,0.945000,13
18,91,3.097000,12
18,92,1.988000,10
18,93,2.245000,8
18,94,2.435000,7
18,95,2.403000,8
18,96,1.781000,6
19,1,2.920000,11
19,2,3.130000,13
19,3,1.291000,4
19,4,2.462000,10
19,5,2.852000,12
19,6,2.766000,12
19,7,3.151000,12
19,8,3.085000,12
19,9,2.789000,12
19,10,3.253000,12
19,11,2.428000,12
19,12,1.779000,12
19,13,2.971000,12
19,14,2.620000,12
19,15,2.552000,12
19,16,2.857000,12
19,17,2.812000,12
19,18,2.041000,12
19,19,3.372000,12
19,20,3.230000,12
19,21,3.322000,12
19,22,2.740000,12
19,23,2.408000,12
19,24,1.952000,12
19,25,3.620000,12
19,26,3.011000,12
19,27,2.645000,12
19,28,3.014000,12
19,29,2.412000,12
19,30,2.043000,12
19,31,3.380000,12
19,32,3.123000,12
19,33,2.911000,12
19,34,2.903000,13
19,35,2.490000,12
19,36,1.661000,12
19,37,3.384000,12
19,38,2.575000,10
19,39,2.880000,10
19,40,2.536000,10
19,41,2.092000,10
19,42,1.556000,10
19,43,2.660000,10
19,44,2.676000,10
19,45,2.718000,10
19,46,2.200000,8
19,47,2.243000,8
19,48,1.854000,10
19,49,2.237000,8
19,50,1.358000,4
19,51,1.214000,4
19,52,1.402000,4
19,53,1.198000,4
19,54,2.496000,10
19,55,2.357000,10
19,56,3.095000,10
19,57,1.269000,6
19,58,3.365000,13
19,59,2.752000,13
19,60,2.587000,12
19,61,2.494000,12
19,62,3.110000,12
19,63,2.862000,12
19,64,2.918000,12
19,65,2.656000,12
19,66,2.155000,12
19,67,3.841000,12
19,68,3.351000,12
19,69,3.192000,12
19,70,2.448000,12
19,71,2.041000,12
19,72,0.151000,4
19,73,2.860000,12
19,74,2.691000,10
19,75,3.297000,12
19,76,2.935000,12
19,77,2.573000,12
19,78,2.521000,12
19,79,3.365000,12
19,80,3.730000,12
19,81,3.292000,12
19,82,2.713000,12
19,83,2.707000,12
19,84,1.259000,12
19,85,3.089000,12
19,86,3.397000,12
19,87,2.936000,12
19,88,2.740000,12
19,89,2.074000,10
19,90,1.956000,14
19,91,2.910000,13
19,92,1.873000,7
19,93,2.060000,9
19,94,1.970000,6
19,95,2.146000,8
19,96,1.562000,5
20,1,2.543000,11
20,2,3.242000,13
20,3,1.146000,4
20,4,2.118000,10
20,5,3.125000,12
20,6,2.879000,12
20,7,2.720000,12
20,8,2.950000,12
20,9,3.379000,12
20,10,3.033000,12
20,11,3.104000,12
20,12,1.371000,12
20,13,3.286000,12
20,14,3.151000,12
20,15,3.402000,12
20,16,2.675000,12
20,17,2.415000,12
20,18,1.419000,12
20,19,2.671000,12
20,20,3.339000,12
20,21,3.591000,12
20,22,2.523000,12
20,23,2.531000,12
20,24,1.684000,12
20,25,3.306000,12
20,26,2.704000,12
20,27,3.214000,12
20,28,2.589000,12
20,29,2.365000,12
20,30,1.948000,12
20,31,3.190000,12
20,32,2.687000,12
20,33,2.628000,13
20,34,2.814000,12
20,35,2.339000,12
20,36,0.699000,12
20,37,2.870000,12
20,38,2.290000,10
20,39,2.284000,10
20,40,2.574000,10
20,41,2.369000,10
20,42,2.256000,10
20,43,2.291000,10
20,44,2.697000,10
20,45,2.369000,10
20,46,2.092000,8
20,47,1.860000,8
20,48,2.258000,10
20,49,2.089000,8
20,50,1.342000,4
20,51,0.990000,4
20,52,1.385000,5
20,53,1.460000,4
20,54,2.633000,10
20,55,2.141000,10
20,56,2.424000,10
20,57,1.932000,6
20,58,3.164000,13
20,59,2.771000,13
20,60,2.552000,12
20,61,2.899000,12
20,62,3.172000,12
20,63,3.245000,12
20,64,2.578000,12
20,65,2.542000,12
20,66,1.754000,12
20,67,2.876000,12
20,68,2.515000,12
20,69,2.889000,12
20,70,2.911000,12
20,71,2.660000,12
20,72,1.140000,4
20,73,2.991000,12
20,74,3.034000,12
20,75,3.175000,12
20,76,3.012000,12
20,77,2.807000,12
20,78,1.191000,12
20,79,3.066000,12
20,80,2.619000,12
20,81,2.726000,12
20,82,2.705000,12
20,83,2.690000,12
20,84,2.398000,12
20,85,3.020000,12
20,86,3.332000,12
20,87,2.997000,12
20,88,2.912000,12
20,89,1.988000,10
20,90,1.856000,13
20,91,3.190000,12
20,92,1.238000,6
20,93,2.015000,8
20,94,1.837000,9
20,95,1.869000,8
20,96,1.569000,5
21,1,3.227000,12
21,2,3.980000,16
21,3,1.451000,4
21,4,2.638000,11
21,5,2.399000,11
21,6,1.229000,13
21,7,2.252000,9
21,8,2.204000,9
21,9,2.319000,9
21,10,2.533000,9
21,11,2.142000,9
21,12,1.315000,9
21,13,2.315000,9
21,14,2.145000,10
21,15,2.597000,9
21,16,2.205000,9
21,17,2.400000,9
21,18,1.997000,10
21,19,2.977000,12
21,20,3.006000,12
21,21,2.870000,11
21,22,2.377000,11
21,23,2.192000,11
21,24,1.684000,12
21,25,3.461000,15
21,26,2.261000,10
21,27,2.674000,9
21,28,2.437000,10
21,29,1.671000,10
21,30,0.349000,10
21,31,2.266000,10
21,32,2.247000,10
21,33,2.417000,10
21,34,2.150000,9
21,35,2.409000,10
21,36,1.987000,10
21,37,2.636000,10
21,38,2.811000,11
21,39,2.449000,11
21,40,2.655000,11
21,41,2.264000,11
21,42,1.909000,11
21,43,2.288000,11
21,44,2.840000,11
21,45,2.408000,11
21,46,2.590000,11
21,47,2.768000,11
21,48,1.934000,11
21,49,2.260000,11
21,50,1.619000,4
21,51,1.095000,4
21,52,1.430000,4
21,53,1.487000,4
21,54,2.535000,9
21,55,1.915000,9
21,56,2.184000,9
21,57,2.085000,9
21,58,2.049000,9
21,59,2.343000,9
21,60,2.341000,9
21,61,2.076000,9
21,62,2.173000,9
21,63,2.356000,9
21,64,2.225000,9
21,65,2.840000,11
21,66,2.267000,11
21,67,2.846000,11
21,68,2.682000,11
21,69,2.801000,11
21,70,2.889000,11
21,71,3.035000,11
21,72,0.801000,4
21,73,3.022000,11
21,74,2.621000,10
21,75,3.093000,11
21,76,2.814000,11
21,77,2.290000,11
21,78,1.357000,11
21,79,3.028000,11
21,80,2.936000,11
21,81,2.584000,11
21,82,2.616000,11
21,83,2.849000,12
21,84,1.408000,12
21,85,2.853000,11
21,86,3.343000,11
21,87,2.492000,11
21,88,2.787000,12
21,89,1.930000,10
21,90,1.320000,11
21,91,3.136000,14
21,92,1.860000,7
21,93,2.143000,9
21,94,2.144000,8
21,95,2.144000,7
21,96,1.236000,5
22,1,3.410000,13
22,2,3.529000,11
22,3,1.356000,4
22,4,3.491000,11
22,5,2.828000,11
22,6,1.589000,11
22,7,2.561000,10
22,8,2.060000,9
22,9,1.789000,9
22,10,2.229000,10
22,11,2.729000,9
22,12,2.313000,9
22,13,2.584000,11
22,14,1.986000,10
22,15,2.125000,10
22,16,2.561000,10
22,17,3.165000,10
22,18,2.057000,10
22,19,3.179000,12
22,20,2.568000,10
22,21,2.728000,10
22,22,3.199000,10
22,23,2.819000,13
22,24,1.292000,13
22,25,3.378000,14
22,26,2.221000,10
22,27,2.841000,10
22,28,2.869000,10
22,29,2.440000,10
22,30,2.168000,10
22,31,2.961000,10
22,32,2.477000,10
22,33,2.835000,10
22,34,3.015000,11
22,35,2.510000,10
22,36,2.070000,10
22,37,2.518000,10
22,38,2.301000,11
22,39,2.410000,11
22,40,2.908000,11
22,41,2.450000,11
22,42,2.614000,11
22,43,2.583000,11
22,44,2.389000,11
22,45,2.859000,11
22,46,3.129000,11
22,47,2.657000,11
22,48,2.248000,11
22,49,2.832000,11
22,50,1.211000,4
22,51,1.397000,4
22,52,1.302000,4
22,53,1.267000,4
22,54,2.748000,9
22,55,2.709000,10
22,56,2.109000,10
22,57,2.349000,10
22,58,2.949000,10
22,59,2.412000,10
22,60,2.091000,10
22,61,2.368000,10
22,62,2.201000,10
22,63,2.709000,10
22,64,2.386000,10
22,65,2.306000,10
22,66,2.245000,10
22,67,2.715000,10
22,68,2.674000,11
22,69,3.071000,11
22,70,3.711000,11
22,71,2.681000,11
22,72,0.865000,4
22,73,2.592000,11
22,74,2.463000,10
22,75,2.501000,11
22,76,3.430000,11
22,77,2.918000,11
22,78,1.916000,11
22,79,2.853000,11
22,80,2.905000,11
22,81,2.572000,11
22,82,3.004000,11
22,83,2.503000,12
22,84,2.220000,12
22,85,3.114000,11
22,86,2.791000,11
22,87,2.690000,11
22,88,3.405000,12
22,89,2.276000,10
22,90,1.471000,11
22,91,1.842000,8
22,92,1.926000,7
22,93,2.100000,8
22,94,2.829000,13
22,95,5.088000,26
22,96,1.653000,5
23,1,2.608000,12
23,2,3.131000,13
23,3,1.088000,4
23,4,2.574000,11
23,5,2.441000,11
23,6,2.528000,14
23,7,2.121000,9
23,8,2.315000,9
23,9,2.600000,9
23,10,1.965000,10
23,11,2.320000,9
23,12,2.010000,10
23,13,2.020000,9
23,14,2.530000,10
23,15,2.690000,11
23,16,2.658000,11
23,17,1.961000,11
23,18,1.367000,10
23,19,2.458000,10
23,20,2.299000,10
23,21,2.152000,10
23,22,2.777000,10
23,23,2.144000,10
23,24,2.420000,14
23,25,2.043000,10
23,26,2.371000,10
23,27,3.130000,11
23,28,2.669000,10
23,29,2.010000,10
23,30,1.932000,10
23,31,1.915000,10
23,32,2.197000,10
23,33,2.224000,10
23,34,2.261000,10
23,35,2.306000,10
23,36,1.840000,10
23,37,2.736000,10
23,38,2.719000,10
23,39,2.329000,11
23,40,2.850000,11
23,41,1.540000,11
23,42,0.547000,11
23,43,2.777000,11
23,44,2.631000,11
23,45,2.422000,11
23,46,2.113000,11
23,47,2.136000,11
23,48,1.960000,11
23,49,2.952000,11
23,50,1.247000,4
23,51,1.338000,4
23,52,1.096000,4
23,53,1.272000,4
23,54,2.020000,9
23,55,1.635000,9
23,56,1.895000,9
23,57,1.945000,9
23,58,2.241000,10
23,59,2.340000,10
23,60,2.232000,10
23,61,2.954000,10
23,62,2.797000,10
23,63,2.060000,10
23,64,2.557000,10
23,65,2.246000,10
23,66,1.240000,6
23,67,2.758000,10
23,68,2.759000,11
23,69,3.222000,11
23,70,2.926000,11
23,71,2.200000,11
23,72,0.899000,6
23,73,2.608000,11
23,74,2.483000,10
23,75,2.733000,11
23,76,3.191000,11
23,77,2.170000,11
23,78,1.609000,11
23,79,1.953000,11
23,80,2.344000,11
23,81,2.647000,11
23,82,3.002000,11
23,83,2.621000,12
23,84,1.996000,12
23,85,3.027000,11
23,86,2.519000,11
23,87,2.833000,11
23,88,2.692000,13
23,89,1.900000,12
23,90,1.211000,13
23,91,1.658000,7
23,92,1.989000,7
23,93,2.210000,9
23,94,3.097000,13
23,95,2.775000,12
23,96,1.380000,5
24,1,2.569000,12
24,2,2.320000,12
24,3,1.831000,4
24,4,2.198000,11
24,5,2.511000,11
24,6,2.451000,15
24,7,2.374000,9
24,8,2.001000,9
24,9,2.330000,9
24,10,2.358000,10
24,11,2.136000,9
24,12,2.256000,10
24,13,2.610000,11
24,14,1.711000,10
24,15,2.409000,10
24,16,2.362000,10
24,17,2.708000,10
24,18,2.045000,10
24,19,2.131000,10
24,20,2.221000,10
24,21,2.180000,10
24,22,2.074000,10
24,23,1.938000,10
24,24,2.385000,10
24,25,2.579000,10
24,26,1.983000,10
24,27,2.155000,10
24,28,2.292000,10
24,29,2.191000,10
24,30,1.917000,10
24,31,2.163000,10
24,32,1.853000,10
24,33,2.180000,10
24,34,2.545000,10
24,35,2.145000,10
24,36,1.838000,10
24,37,2.370000,10
24,38,2.730000,11
24,39,2.311000,11
24,40,2.837000,11
24,41,2.178000,11
24,42,1.538000,11
24,43,3.440000,11
24,44,2.805000,11
24,45,2.279000,11
24,46,2.117000,11
24,47,2.283000,11
24,48,1.470000,11
24,49,2.370000,11
24,50,1.658000,4
24,51,1.381000,4
24,52,1.279000,4
24,53,1.212000,4
24,54,2.556000,9
24,55,2.370000,10
24,56,2.276000,10
24,57,2.410000,10
24,58,2.220000,10
24,59,2.195000,10
24,60,1.907000,10
24,61,2.380000,10
24,62,2.344000,10
24,63,2.687000,10
24,64,2.542000,10
24,65,2.669000,10
24,66,1.577000,10
24,67,3.102000,10
24,68,2.880000,11
24,69,2.740000,11
24,70,2.366000,11
24,71,2.278000,11
24,72,0.701000,6
24,73,2.443000,11
24,74,2.221000,10
24,75,2.220000,11
24,76,2.584000,11
24,77,2.805000,11
24,78,1.956000,11
24,79,2.978000,11
24,80,2.747000,11
24,81,2.583000,11
24,82,2.615000,11
24,83,2.610000,12
24,84,1.024000,12
24,85,2.890000,11
24,86,2.376000,11
24,87,2.588000,11
24,88,3.198000,15
24,89,2.793000,13
24,90,0.725000,13
24,91,1.582000,7
24,92,1.653000,7
24,93,1.999000,8
24,94,1.954000,9
24,95,1.582000,8
24,96,1.035000,5
25,1,2.933000,12
25,2,3.104000,13
25,3,1.142000,4
25,4,2.727000,11
25,5,2.488000,11
25,6,1.631000,9
25,7,3.280000,11
25,8,2.372000,9
25,9,2.424000,9
25,10,2.746000,10
25,11,1.909000,10
25,12,1.785000,10
25,13,2.252000,10
25,14,2.338000,10
25,15,2.147000,10
25,16,2.441000,10
25,17,2.787000,10
25,18,1.674000,10
25,19,2.643000,10
25,20,2.796000,10
25,21,1.982000,10
25,22,2.629000,10
25,23,1.984000,10
25,24,1.692000,10
25,25,2.341000,10
25,26,2.584000,10
25,27,2.152000,10
25,28,1.830000,10
25,29,2.212000,10
25,30,2.411000,10
25,31,2.502000,10
25,32,2.572000,10
25,33,2.673000,10
25,34,1.988000,10
25,35,2.237000,10
25,36,1.742000,10
25,37,2.704000,10
25,38,2.723000,11
25,39,2.414000,11
25,40,2.743000,11
25,41,2.382000,11
25,42,1.190000,11
25,43,2.703000,11
25,44,3.011000,11
25,45,2.892000,11
25,46,3.016000,11
25,47,1.869000,11
25,48,1.271000,11
25,49,2.229000,11
25,50,1.433000,4
25,51,1.292000,4
25,52,1.680000,5
25,53,1.562000,4
25,54,2.160000,9
25,55,1.933000,9
25,56,2.255000,9
25,57,1.965000,11
25,58,2.041000,10
25,59,1.963000,10
25,60,1.955000,10
25,61,1.905000,10
25,62,2.669000,10
25,63,2.313000,10
25,64,2.524000,10
25,65,2.332000,10
25,66,1.898000,6
25,67,2.702000,10
25,68,3.015000,11
25,69,2.214000,11
25,70,2.310000,11
25,71,1.872000,11
25,72,0.570000,6
25,73,3.065000,11
25,74,2.561000,10
25,75,2.443000,11
25,76,3.396000,11
25,77,2.153000,11
25,78,1.029000,11
25,79,2.493000,11
25,80,2.991000,11
25,81,2.263000,11
25,82,2.400000,11
25,83,2.420000,12
25,84,1.703000,12
25,85,3.408000,11
25,86,3.388000,11
25,87,3.345000,15
25,88,3.750000,16
25,89,1.014000,16
25,90,0.120000,10
25,91,1.623000,7
25,92,1.730000,7
25,93,2.670000,11
25,94,2.854000,13
25,95,1.985000,8
25,96,1.500000,5
26,1,2.386000,10
26,2,3.261000,14
26,3,1.543000,4
26,4,1.917000,9
26,5,1.944000,10
26,6,2.170000,11
26,7,2.679000,11
26,8,2.274000,11
26,9,2.701000,11
26,10,2.916000,11
26,11,2.169000,10
26,12,1.721000,11
26,13,2.412000,10
26,14,2.561000,11
26,15,2.588000,11
26,16,1.932000,11
26,17,2.939000,11
26,18,2.099000,11
26,19,1.957000,11
26,20,2.635000,11
26,21,2.720000,11
26,22,2.349000,11
26,23,2.306000,11
26,24,1.517000,11
26,25,2.724000,11
26,26,2.622000,11
26,27,2.226000,11
26,28,1.940000,11
26,29,2.235000,11
26,30,1.787000,11
26,31,2.213000,11
26,32,2.699000,10
26,33,2.469000,10
26,34,3.265000,10
26,35,1.416000,11
26,36,0.789000,11
26,37,3.046000,11
26,38,2.870000,11
26,39,2.658000,11
26,40,2.075000,11
26,41,2.321000,11
26,42,1.774000,11
26,43,2.504000,11
26,44,2.688000,11
26,45,2.124000,11
26,46,2.936000,11
26,47,1.962000,11
26,48,1.940000,11
26,49,2.699000,11
26,50,1.096000,4
26,51,1.050000,4
26,52,1.251000,4
26,53,1.052000,4
26,54,1.948000,11
26,55,2.746000,11
26,56,2.453000,11
26,57,2.165000,11
26,58,2.676000,11
26,59,1.480000,9
26,60,1.931000,9
26,61,2.212000,9
26,62,2.443000,9
26,63,1.512000,9
26,64,1.749000,9
26,65,2.041000,9
26,66,2.119000,9
26,67,2.501000,9
26,68,2.904000,10
26,69,2.718000,10
26,70,2.203000,11
26,71,2.120000,11
26,72,1.334000,6
26,73,3.047000,10
26,74,2.571000,11
26,75,2.837000,11
26,76,2.292000,10
26,77,2.425000,10
26,78,1.700000,10
26,79,2.534000,10
26,80,2.509000,10
26,81,2.820000,10
26,82,2.778000,10
26,83,2.302000,9
26,84,1.359000,9
26,85,2.384000,10
26,86,2.804000,13
26,87,3.210000,14
26,88,3.180000,17
26,89,2.639000,14
26,90,0.871000,12
26,91,2.351000,9
26,92,1.578000,7
26,93,2.650000,10
26,94,1.993000,10
26,95,2.349000,11
26,96,1.632000,5
27,1,3.062000,14
27,2,2.099000,10
27,3,1.032000,4
27,4,2.621000,10
27,5,2.666000,10
27,6,2.021000,11
27,7,2.870000,11
27,8,2.814000,11
27,9,1.978000,11
27,10,2.440000,11
27,11,2.675000,11
27,12,1.639000,11
27,13,2.081000,11
27,14,2.869000,11
27,15,2.079000,11
27,16,2.062000,11
27,17,2.007000,11
27,18,1.733000,11
27,19,2.703000,11
27,20,2.464000,11
27,21,2.932000,11
27,22,2.700000,11
27,23,2.315000,11
27,24,1.209000,11
27,25,2.376000,11
27,26,2.660000,11
27,27,2.540000,11
27,28,2.290000,11
27,29,2.184000,11
27,30,2.101000,11
27,31,2.063000,10
27,32,2.077000,11
27,33,1.923000,11
27,34,2.402000,11
27,35,2.104000,11
27,36,2.231000,11
27,37,2.389000,11
27,38,2.871000,11
27,39,2.609000,11
27,40,3.078000,11
27,41,2.178000,11
27,42,0.968000,11
27,43,2.263000,11
27,44,2.910000,11
27,45,2.675000,11
27,46,2.434000,11
27,47,1.944000,11
27,48,2.051000,11
27,49,2.513000,11
27,50,1.328000,4
27,51,1.490000,4
27,52,1.039000,4
27,53,0.829000,4
27,54,2.846000,11
27,55,2.149000,11
27,56,2.022000,11
27,57,2.476000,11
27,58,2.492000,11
27,59,2.822000,11
27,60,1.740000,9
27,61,2.645000,11
27,62,2.248000,9
27,63,2.260000,9
27,64,2.112000,9
27,65,2.534000,9
27,66,1.803000,9
27,67,2.204000,9
27,68,1.727000,9
27,69,2.093000,11
27,70,2.213000,11
27,71,2.620000,11
27,72,1.086000,5
27,73,2.513000,9
27,74,2.970000,11
27,75,2.565000,11
27,76,2.467000,11
27,77,2.240000,11
27,78,1.830000,11
27,79,2.887000,11
27,80,2.774000,11
27,81,2.718000,11
27,82,2.541000,11
27,83,2.201000,9
27,84,1.530000,9
27,85,2.731000,11
27,86,2.733000,14
27,87,2.450000,14
27,88,2.760000,13
27,89,3.223000,15
27,90,0.954000,12
27,91,1.708000,7
27,92,1.636000,7
27,93,2.626000,11
27,94,2.421000,11
27,95,2.010000,8
27,96,1.855000,5
28,1,3.308000,13
28,2,4.670000,17
28,3,1.869000,6
28,4,1.972000,9
28,5,2.454000,11
28,6,0.816000,11
28,7,2.498000,11
28,8,2.337000,11
28,9,2.495000,11
28,10,2.197000,11
28,11,2.440000,11
28,12,2.250000,11
28,13,1.968000,11
28,14,2.603000,11
28,15,2.761000,11
28,16,2.428000,11
28,17,2.194000,11
28,18,2.361000,11
28,19,2.920000,11
28,20,2.539000,11
28,21,2.972000,11
28,22,2.682000,11
28,23,2.099000,11
28,24,1.538000,11
28,25,2.500000,11
28,26,2.650000,11
28,27,2.479000,11
28,28,2.646000,10
28,29,2.317000,10
28,30,2.034000,11
28,31,3.196000,11
28,32,2.434000,11
28,33,2.340000,11
28,34,2.764000,11
28,35,2.470000,11
28,36,1.925000,11
28,37,2.961000,11
28,38,2.667000,11
28,39,2.684000,11
28,40,2.349000,11
28,41,2.300000,11
28,42,0.535000,11
28,43,2.269000,11
28,44,2.800000,11
28,45,2.691000,11
28,46,2.804000,11
28,47,2.419000,11
28,48,1.637000,11
28,49,2.259000,11
28,50,1.580000,4
28,51,1.362000,4
28,52,1.410000,4
28,53,1.361000,4
28,54,2.283000,11
28,55,2.492000,11
28,56,2.838000,11
28,57,3.172000,11
28,58,2.580000,11
28,59,2.410000,11
28,60,1.524000,9
28,61,2.687000,11
28,62,2.313000,9
28,63,1.847000,9
28,64,2.031000,9
28,65,1.970000,9
28,66,2.222000,9
28,67,2.498000,9
28,68,2.506000,9
28,69,2.524000,9
28,70,3.210000,11
28,71,2.456000,11
28,72,1.495000,6
28,73,1.821000,9
28,74,2.972000,11
28,75,2.360000,11
28,76,2.881000,11
28,77,2.439000,11
28,78,2.087000,11
28,79,2.848000,10
28,80,2.786000,10
28,81,2.871000,10
28,82,2.608000,10
28,83,2.384000,9
28,84,1.629000,9
28,85,2.750000,10
28,86,2.887000,13
28,87,2.873000,15
28,88,3.372000,18
28,89,2.549000,13
28,90,1.029000,12
28,91,2.358000,12
28,92,2.802000,7
28,93,1.928000,7
28,94,1.976000,9
28,95,1.490000,8
28,96,1.293000,5
29,1,2.789000,12
29,2,5.057000,21
29,3,1.475000,6
29,4,2.856000,10
29,5,2.409000,10
29,6,1.763000,11
29,7,2.789000,11
29,8,3.890000,11
29,9,2.998000,11
29,10,2.460000,11
29,11,2.640000,11
29,12,1.195000,11
29,13,2.789000,11
29,14,3.544000,11
29,15,2.582000,11
29,16,2.370000,11
29,17,2.565000,11
29,18,2.138000,11
29,19,2.782000,11
29,20,3.097000,11
29,21,3.037000,11
29,22,2.607000,11
29,23,2.050000,11
29,24,1.840000,11
29,25,2.361000,11
29,26,3.480000,10
29,27,2.189000,11
29,28,2.651000,11
29,29,2.436000,11
29,30,1.864000,11
29,31,2.471000,11
29,32,3.400000,11
29,33,2.199000,11
29,34,2.930000,11
29,35,2.620000,11
29,36,1.973000,11
29,37,2.964000,11
29,38,4.051000,11
29,39,2.505000,11
29,40,2.664000,11
29,41,2.425000,11
29,42,1.651000,11
29,43,2.570000,11
29,44,3.771000,11
29,45,2.798000,11
29,46,2.402000,11
29,47,2.584000,11
29,48,1.882000,11
29,49,2.364000,11
29,50,1.326000,4
29,51,2.281000,4
29,52,1.382000,4
29,53,1.658000,6
29,54,2.460000,11
29,55,2.588000,11
29,56,3.319000,11
29,57,2.880000,11
29,58,2.628000,11
29,59,1.700000,9
29,60,1.374000,9
29,61,2.409000,9
29,62,3.036000,9
29,63,3.056000,9
29,64,2.861000,9
29,65,2.451000,9
29,66,2.258000,9
29,67,2.324000,9
29,68,2.468000,9
29,69,2.907000,10
29,70,2.797000,10
29,71,2.417000,10
29,72,1.240000,6
29,73,2.789000,10
29,74,3.800000,11
29,75,2.730000,10
29,76,2.500000,10
29,77,2.705000,10
29,78,1.802000,9
29,79,2.319000,9
29,80,3.403000,9
29,81,3.093000,10
29,82,2.889000,10
29,83,2.238000,9
29,84,2.012000,9
29,85,2.923000,11
29,86,4.202000,13
29,87,3.289000,15
29,88,3.805000,19
29,89,2.082000,13
29,90,0.404000,15
29,91,2.789000,11
29,92,2.456000,7
29,93,2.654000,7
29,94,2.518000,10
29,95,2.272000,11
29,96,1.740000,5
30,1,2.889000,15
30,2,3.357000,14
30,3,2.158000,8
30,4,2.448000,10
30,5,2.409000,11
30,6,1.744000,11
30,7,2.362000,11
30,8,2.232000,11
30,9,2.487000,11
30,10,2.907000,11
30,11,2.478000,11
30,12,1.896000,11
30,13,2.193000,11
30,14,2.110000,11
30,15,2.118000,11
30,16,2.311000,11
30,17,2.436000,11
30,18,1.368000,11
30,19,2.820000,11
30,20,2.793000,11
30,21,2.614000,11
30,22,2.431000,11
30,23,2.282000,11
30,24,1.570000,11
30,25,3.206000,11
30,26,2.608000,11
30,27,2.750000,11
30,28,3.157000,11
30,29,1.960000,11
30,30,0.876000,11
30,31,2.984000,11
30,32,2.149000,11
30,33,2.430000,11
30,34,2.661000,11
30,35,2.075000,11
30,36,2.467000,11
30,37,2.823000,11
30,38,2.798000,11
30,39,2.589000,11
30,40,2.607000,11
30,41,2.750000,11
30,42,1.088000,11
30,43,2.590000,11
30,44,2.596000,11
30,45,2.329000,11
30,46,2.461000,11
30,47,2.024000,11
30,48,1.768000,11
30,49,2.362000,11
30,50,0.872000,4
30,51,0.970000,4
30,52,1.220000,4
30,53,1.778000,6
30,54,2.608000,11
30,55,2.369000,11
30,56,2.802000,11
30,57,2.496000,11
30,58,2.750000,11
30,59,2.053000,9
30,60,1.898000,9
30,61,2.362000,9
30,62,2.220000,9
30,63,2.637000,9
30,64,2.841000,9
30,65,2.400000,9
30,66,2.166000,10
30,67,2.593000,10
30,68,2.351000,10
30,69,2.417000,11
30,70,1.782000,6
30,71,2.314000,6
30,72,1.735000,6
30,73,2.360000,10
30,74,2.712000,11
30,75,1.783000,6
30,76,1.948000,6
30,77,2.311000,11
30,78,2.064000,10
30,79,2.602000,10
30,80,2.534000,10
30,81,2.054000,9
30,82,2.768000,10
30,83,2.135000,8
30,84,1.863000,8
30,85,2.820000,13
30,86,2.806000,15
30,87,3.377000,16
30,88,2.877000,16
30,89,2.320000,12
30,90,1.095000,15
30,91,3.253000,12
30,92,1.435000,6
30,93,1.798000,7
30,94,2.038000,10
30,95,2.763000,11
30,96,1.340000,5
31,1,3.414000,14
31,2,2.925000,13
31,3,4.550000,21
31,4,2.991000,12
31,5,1.342000,11
31,6,0.307000,11
31,7,2.663000,10
31,8,2.269000,11
31,9,2.663000,10
31,10,2.722000,11
31,11,2.890000,11
31,12,1.919000,11
31,13,2.407000,11
31,14,2.444000,11
31,15,2.754000,11
31,16,2.614000,11
31,17,2.659000,11
31,18,1.907000,11
31,19,2.448000,11
31,20,2.376000,11
31,21,2.361000,11
31,22,2.320000,11
31,23,3.088000,11
31,24,2.010000,11
31,25,2.674000,11
31,26,2.400000,11
31,27,2.505000,11
31,28,2.178000,11
31,29,2.086000,11
31,30,2.364000,11
31,31,2.663000,11
31,32,2.596000,11
31,33,2.603000,11
31,34,2.393000,11
31,35,0.906000,11
31,36,0.258000,11
31,37,2.238000,11
31,38,2.372000,11
31,39,3.060000,11
31,40,2.459000,11
31,41,2.291000,10
31,42,2.330000,10
31,43,2.509000,10
31,44,2.613000,11
31,45,2.822000,11
31,46,2.825000,10
31,47,2.268000,10
31,48,1.670000,10
31,49,2.350000,10
31,50,1.414000,5
31,51,1.838000,6
31,52,1.889000,6
31,53,1.924000,7
31,54,2.793000,11
31,55,2.664000,11
31,56,3.640000,11
31,57,2.964000,11
31,58,2.297000,9
31,59,2.039000,9
31,60,1.587000,11
31,61,2.342000,10
31,62,2.752000,11
31,63,3.149000,11
31,64,2.441000,10
31,65,2.287000,10
31,66,2.090000,11
31,67,2.030000,6
31,68,1.530000,6
31,69,1.509000,6
31,70,2.849000,10
31,71,2.601000,10
31,72,1.919000,6
31,73,2.964000,11
31,74,2.307000,10
31,75,2.924000,10
31,76,2.518000,10
31,77,1.850000,6
31,78,1.980000,11
31,79,2.664000,11
31,80,2.596000,11
31,81,2.394000,10
31,82,2.635000,11
31,83,1.894000,6
31,84,1.965000,9
31,85,3.587000,14
31,86,3.681000,18
31,87,2.584000,13
31,88,2.741000,14
31,89,1.800000,7
31,90,0.957000,8
31,91,1.653000,7
31,92,1.632000,6
31,93,2.236000,7
31,94,2.566000,8
31,95,2.813000,15
31,96,1.695000,5
32,1,3.076000,12
32,2,3.087000,14
32,3,3.270000,15
32,4,3.492000,15
32,5,1.769000,12
32,6,0.288000,12
32,7,2.801000,11
32,8,2.630000,12
32,9,2.744000,12
32,10,2.560000,12
32,11,2.553000,12
32,12,2.507000,11
32,13,2.743000,11
32,14,2.443000,11
32,15,3.025000,11
32,16,2.786000,11
32,17,2.500000,11
32,18,2.011000,11
32,19,2.727000,11
32,20,2.800000,11
32,21,2.144000,11
32,22,2.978000,11
32,23,2.452000,11
32,24,2.286000,11
32,25,2.887000,11
32,26,2.540000,11
32,27,2.443000,11
32,28,2.309000,11
32,29,2.923000,11
32,30,2.436000,11
32,31,3.045000,11
32,32,2.952000,11
32,33,2.952000,11
32,34,2.741000,11
32,35,2.645000,12
32,36,1.932000,12
32,37,3.071000,12
32,38,3.170000,12
32,39,2.710000,13
32,40,2.990000,12
32,41,2.709000,12
32,42,1.803000,13
32,43,3.073000,13
32,44,3.572000,14
32,45,3.180000,13
32,46,2.988000,13
32,47,2.876000,14
32,48,0.997000,12
32,49,3.482000,14
32,50,2.565000,7
32,51,2.156000,7
32,52,1.981000,7
32,53,2.063000,8
32,54,2.994000,11
32,55,3.048000,11
32,56,2.480000,10
32,57,2.389000,11
32,58,2.457000,9
32,59,2.274000,9
32,60,2.297000,11
32,61,2.921000,11
32,62,2.746000,10
32,63,2.100000,9
32,64,2.556000,10
32,65,2.926000,11
32,66,1.137000,9
32,67,2.798000,10
32,68,2.450000,10
32,69,2.763000,11
32,70,2.745000,10
32,71,2.505000,10
32,72,1.714000,8
32,73,3.071000,10
32,74,3.426000,12
32,75,2.662000,10
32,76,2.556000,10
32,77,2.461000,10
32,78,1.855000,10
32,79,2.401000,10
32,80,2.420000,10
32,81,2.822000,11
32,82,2.789000,10
32,83,2.682000,9
32,84,2.231000,9
32,85,3.045000,12
32,86,4.158000,17
32,87,2.810000,14
32,88,3.350000,14
32,89,1.884000,7
32,90,0.670000,8
32,91,1.944000,7
32,92,1.938000,6
32,93,2.472000,7
32,94,2.811000,10
32,95,2.498000,10
32,96,1.540000,5
33,1,3.561000,14
33,2,3.418000,15
33,3,3.292000,14
33,4,3.544000,15
33,5,2.710000,11
33,6,2.554000,13
33,7,3.380000,14
33,8,2.940000,13
33,9,3.501000,13
33,10,3.018000,13
33,11,3.333000,13
33,12,2.635000,12
33,13,2.666000,12
33,14,2.740000,12
33,15,3.021000,12
33,16,3.267000,12
33,17,3.067000,11
33,18,3.425000,11
33,19,2.744000,11
33,20,3.083000,11
33,21,2.763000,11
33,22,3.034000,11
33,23,2.916000,11
33,24,3.396000,11
33,25,2.365000,11
33,26,2.555000,12
33,27,2.571000,12
33,28,2.698000,12
33,29,2.714000,12
33,30,2.661000,12
33,31,2.406000,12
33,32,3.295000,12
33,33,2.967000,12
33,34,2.276000,12
33,35,3.648000,12
33,36,3.197000,12
33,37,2.984000,12
33,38,3.167000,13
33,39,3.344000,13
33,40,2.511000,12
33,41,3.083000,14
33,42,3.006000,14
33,43,3.291000,14
33,44,2.949000,13
33,45,3.445000,13
33,46,2.698000,12
33,47,3.175000,12
33,48,3.010000,12
33,49,3.109000,12
33,50,1.861000,6
33,51,1.792000,6
33,52,1.668000,5
33,53,2.603000,9
33,54,3.686000,14
33,55,2.490000,12
33,56,2.652000,13
33,57,2.716000,13
33,58,2.973000,11
33,59,2.802000,10
33,60,3.253000,11
33,61,2.746000,10
33,62,2.421000,11
33,63,2.150000,10
33,64,2.489000,9
33,65,2.399000,9
33,66,2.759000,10
33,67,2.627000,10
33,68,2.957000,10
33,69,3.123000,11
33,70,2.816000,10
33,71,3.072000,10
33,72,4.386000,21
33,73,3.152000,11
33,74,2.668000,11
33,75,2.611000,10
33,76,2.092000,9
33,77,3.374000,12
33,78,2.921000,11
33,79,2.665000,10
33,80,2.658000,10
33,81,2.575000,10
33,82,3.132000,11
33,83,2.669000,10
33,84,3.812000,15
33,85,2.914000,13
33,86,3.320000,16
33,87,3.020000,14
33,88,3.519000,14
33,89,1.923000,7
33,90,1.149000,8
33,91,1.572000,7
33,92,1.976000,7
33,93,2.244000,7
33,94,2.609000,10
33,95,4.365000,16
33,96,1.981000,5
34,1,4.702000,14
34,2,4.113000,13
34,3,3.617000,11
34,4,4.983000,15
34,5,5.294000,13
34,6,3.121000,13
34,7,4.504000,13
34,8,4.269000,12
34,9,5.250000,14
34,10,4.898000,13
34,11,4.679000,13
34,12,2.300000,12
34,13,4.510000,13
34,14,3.558000,12
34,15,4.113000,12
34,16,4.077000,12
34,17,4.934000,12
34,18,3.579000,12
34,19,3.822000,12
34,20,4.283000,12
34,21,4.291000,12
34,22,4.392000,12
34,23,5.241000,12
34,24,3.584000,12
34,25,4.509000,12
34,26,4.157000,12
34,27,4.309000,12
34,28,3.805000,12
34,29,4.696000,12
34,30,3.540000,12
34,31,4.022000,12
34,32,4.140000,12
34,33,3.622000,12
34,34,3.951000,12
34,35,5.128000,12
34,36,3.990000,14
34,37,4.732000,13
34,38,4.762000,15
34,39,6.279000,16
34,40,4.933000,12
34,41,2.342000,13
34,42,0.344000,13
34,43,4.670000,13
34,44,4.426000,13
34,45,4.116000,14
34,46,4.771000,13
34,47,4.723000,14
34,48,2.673000,14
34,49,3.168000,11
34,50,3.491000,8
34,51,3.390000,8
34,52,2.477000,6
34,53,4.014000,10
34,54,6.205000,12
34,55,3.993000,12
34,56,2.863000,11
34,57,6.069000,18
34,58,6.527000,17
34,59,5.493000,16
34,60,1.295000,11
34,61,4.222000,10
34,62,3.455000,9
34,63,4.271000,10
34,64,4.336000,10
34,65,5.327000,10
34,66,3.319000,10
34,67,3.957000,10
34,68,3.450000,10
34,69,4.030000,10
34,70,4.134000,10
34,71,5.025000,11
34,72,4.465000,11
34,73,3.994000,10
34,74,4.782000,11
34,75,3.608000,9
34,76,3.911000,9
34,77,4.656000,12
34,78,4.050000,12
34,79,4.033000,10
34,80,3.187000,10
34,81,3.283000,9
34,82,5.668000,14
34,83,3.700000,10
34,84,4.541000,15
34,85,6.089000,17
34,86,5.920000,17
34,87,4.530000,14
34,88,5.552000,15
34,89,1.525000,7
34,90,0.374000,7
34,91,2.886000,7
34,92,2.960000,7
34,93,2.881000,7
34,94,3.164000,7
34,95,6.250000,16
34,96,3.012000,5
35,1,3.645000,13
35,2,5.366000,13
35,3,3.611000,11
35,4,5.877000,15
35,5,5.095000,13
35,6,1.161000,12
35,7,3.641000,14
35,8,4.208000,13
35,9,3.995000,13
35,10,4.259000,12
35,11,4.990000,14
35,12,3.364000,14
35,13,4.389000,14
35,14,4.326000,14
35,15,4.591000,12
35,16,4.007000,12
35,17,4.402000,12
35,18,3.438000,12
35,19,3.241000,12
35,20,3.519000,12
35,21,3.879000,12
35,22,3.878000,12
35,23,3.852000,12
35,24,4.833000,12
35,25,3.430000,12
35,26,3.324000,12
35,27,3.955000,12
35,28,3.584000,12
35,29,4.050000,12
35,30,4.266000,12
35,31,3.639000,12
35,32,4.257000,12
35,33,4.000000,12
35,34,4.902000,13
35,35,4.291000,12
35,36,3.330000,14
35,37,4.432000,16
35,38,4.196000,13
35,39,3.890000,13
35,40,4.452000,13
35,41,5.040000,13
35,42,3.250000,15
35,43,3.181000,12
35,44,3.567000,12
35,45,4.599000,13
35,46,4.245000,13
35,47,4.921000,13
35,48,3.919000,13
35,49,3.641000,13
35,50,2.634000,7
35,51,2.698000,7
35,52,2.505000,6
35,53,8.565000,28
35,54,4.414000,12
35,55,5.460000,18
35,56,6.718000,19
35,57,4.789000,12
35,58,4.442000,12
35,59,4.045000,17
35,60,0.680000,18
35,61,5.047000,15
35,62,3.648000,11
35,63,3.234000,9
35,64,3.768000,9
35,65,3.432000,10
35,66,3.034000,12
35,67,4.308000,12
35,68,4.656000,12
35,69,4.974000,10
35,70,3.922000,10
35,71,4.382000,10
35,72,2.881000,11
35,73,3.837000,10
35,74,3.928000,10
35,75,4.053000,10
35,76,4.832000,11
35,77,5.022000,12
35,78,3.160000,12
35,79,4.399000,14
35,80,4.571000,14
35,81,4.324000,11
35,82,4.573000,13
35,83,4.517000,13
35,84,2.223000,8
35,85,3.798000,10
35,86,4.358000,13
35,87,5.563000,17
35,88,4.574000,14
35,89,4.446000,14
35,90,2.135000,7
35,91,2.853000,7
35,92,2.832000,7
35,93,2.796000,7
35,94,4.478000,11
35,95,4.563000,16
35,96,2.719000,5
36,1,5.398000,14
36,2,5.231000,13
36,3,4.133000,12
36,4,5.349000,14
36,5,2.915000,13
36,6,1.996000,13
36,7,5.384000,12
36,8,4.770000,13
36,9,5.792000,14
36,10,5.564000,14
36,11,4.090000,13
36,12,2.875000,13
36,13,5.383000,14
36,14,5.024000,14
36,15,6.332000,15
36,16,4.350000,13
36,17,4.238000,13
36,18,3.140000,13
36,19,4.534000,12
36,20,5.776000,12
36,21,4.136000,11
36,22,4.171000,11
36,23,4.058000,11
36,24,3.402000,11
36,25,4.371000,11
36,26,4.164000,11
36,27,4.247000,11
36,28,5.363000,14
36,29,3.821000,12
36,30,3.974000,13
36,31,5.969000,14
36,32,4.972000,14
36,33,5.350000,14
36,34,5.876000,15
36,35,4.498000,15
36,36,2.061000,15
36,37,5.724000,14
36,38,5.448000,15
36,39,5.624000,14
36,40,4.947000,13
36,41,4.089000,12
36,42,3.229000,12
36,43,5.443000,13
36,44,4.376000,12
36,45,5.092000,12
36,46,4.672000,13
36,47,3.750000,10
36,48,2.587000,10
36,49,4.325000,10
36,50,3.466000,7
36,51,3.633000,7
36,52,4.216000,7
36,53,4.785000,12
36,54,3.726000,10
36,55,4.359000,9
36,56,3.272000,10
36,57,4.172000,13
36,58,5.008000,13
36,59,5.022000,14
36,60,3.970000,13
36,61,4.729000,12
36,62,4.720000,14
36,63,8.309000,18
36,64,3.956000,11
36,65,4.636000,14
36,66,2.769000,11
36,67,6.004000,12
36,68,5.805000,13
36,69,5.801000,12
36,70,5.092000,12
36,71,4.077000,11
36,72,2.600000,11
36,73,5.684000,12
36,74,5.852000,12
36,75,5.852000,12
36,76,5.313000,13
36,77,3.841000,12
36,78,2.390000,11
36,79,5.093000,12
36,80,4.990000,13
36,81,6.565000,16
36,82,7.337000,17
36,83,3.452000,12
36,84,0.557000,12
36,85,4.930000,13
36,86,5.237000,14
36,87,4.480000,13
36,88,3.342000,7
36,89,3.847000,8
36,90,3.293000,8
36,91,3.745000,7
36,92,3.415000,7
36,93,3.233000,7
36,94,3.082000,8
36,95,3.634000,8
36,96,2.700000,5
37,1,4.135000,13
37,2,4.127000,12
37,3,3.305000,11
37,4,4.868000,15
37,5,4.365000,13
37,6,3.127000,10
37,7,4.142000,13
37,8,4.426000,13
37,9,3.689000,13
37,10,3.639000,12
37,11,4.549000,13
37,12,3.574000,14
37,13,5.063000,16
37,14,4.840000,14
37,15,4.580000,15
37,16,4.638000,14
37,17,3.401000,13
37,18,2.674000,13
37,19,4.517000,13
37,20,4.106000,12
37,21,4.787000,13
37,22,4.968000,13
37,23,3.896000,13
37,24,3.078000,13
37,25,4.156000,13
37,26,5.164000,13
37,27,4.136000,13
37,28,4.316000,13
37,29,3.584000,13
37,30,2.863000,13
37,31,4.530000,13
37,32,5.112000,13
37,33,4.834000,15
37,34,4.865000,15
37,35,4.000000,15
37,36,1.877000,15
37,37,5.071000,16
37,38,4.919000,14
37,39,4.510000,13
37,40,4.665000,13
37,41,3.192000,12
37,42,2.377000,12
37,43,3.863000,12
37,44,4.636000,12
37,45,3.552000,11
37,46,3.840000,11
37,47,3.676000,11
37,48,3.420000,11
37,49,4.672000,12
37,50,3.621000,8
37,51,3.014000,8
37,52,2.346000,7
37,53,3.939000,12
37,54,4.844000,18
37,55,3.724000,10
37,56,4.316000,10
37,57,4.215000,12
37,58,4.222000,13
37,59,4.966000,14
37,60,3.094000,13
37,61,3.889000,14
37,62,7.098000,18
37,63,5.342000,18
37,64,4.132000,14
37,65,3.500000,13
37,66,1.657000,12
37,67,3.896000,12
37,68,5.525000,13
37,69,4.580000,11
37,70,4.344000,11
37,71,4.113000,11
37,72,2.143000,12
37,73,3.646000,11
37,74,5.169000,11
37,75,4.243000,12
37,76,3.982000,13
37,77,4.561000,12
37,78,3.074000,13
37,79,3.535000,13
37,80,4.637000,12
37,81,3.802000,13
37,82,5.270000,17
37,83,5.584000,18
37,84,2.539000,13
37,85,3.281000,9
37,86,4.348000,12
37,87,3.285000,7
37,88,3.058000,8
37,89,3.085000,8
37,90,3.221000,10
37,91,2.468000,7
37,92,2.922000,7
37,93,3.117000,7
37,94,3.580000,11
37,95,5.368000,14
37,96,2.107000,5
38,1,3.937000,13
38,2,4.007000,11
38,3,2.892000,10
38,4,3.940000,14
38,5,3.789000,13
38,6,2.570000,10
38,7,3.098000,11
38,8,6.057000,14
38,9,4.649000,13
38,10,3.231000,11
38,11,3.194000,12
38,12,2.765000,16
38,13,3.627000,13
38,14,4.568000,14
38,15,5.259000,17
38,16,3.922000,15
38,17,3.552000,15
38,18,2.337000,14
38,19,4.404000,13
38,20,4.737000,13
38,21,4.216000,13
38,22,3.248000,13
38,23,4.039000,16
38,24,2.448000,15
38,25,4.299000,16
38,26,4.463000,13
38,27,3.129000,13
38,28,3.298000,13
38,29,2.480000,13
38,30,0.413000,14
38,31,3.747000,14
38,32,4.566000,15
38,33,3.684000,14
38,34,4.062000,14
38,35,4.062000,14
38,36,2.367000,14
38,37,3.939000,15
38,38,5.541000,16
38,39,3.832000,13
38,40,4.010000,12
38,41,2.914000,11
38,42,2.511000,12
38,43,2.975000,11
38,44,3.638000,10
38,45,3.899000,10
38,46,3.329000,10
38,47,2.610000,10
38,48,2.300000,7
38,49,2.744000,10
38,50,2.850000,7
38,51,3.010000,7
38,52,2.793000,7
38,53,2.439000,8
38,54,2.674000,10
38,55,5.372000,19
38,56,3.951000,10
38,57,3.532000,11
38,58,3.545000,13
38,59,3.719000,17
38,60,1.939000,11
38,61,4.914000,16
38,62,4.628000,15
38,63,4.061000,14
38,64,3.215000,12
38,65,3.403000,13
38,66,2.478000,13
38,67,3.937000,13
38,68,5.194000,13
38,69,3.905000,13
38,70,3.419000,11
38,71,3.325000,11
38,72,2.713000,11
38,73,3.731000,11
38,74,3.713000,11
38,75,4.449000,13
38,76,3.620000,13
38,77,3.948000,14
38,78,2.731000,13
38,79,3.938000,14
38,80,4.245000,13
38,81,5.368000,15
38,82,4.230000,16
38,83,3.327000,15
38,84,2.208000,15
38,85,3.101000,10
38,86,3.798000,9
38,87,2.688000,7
38,88,3.705000,10
38,89,2.564000,8
38,90,3.232000,10
38,91,2.426000,7
38,92,2.881000,7
38,93,2.954000,7
38,94,4.124000,12
38,95,2.825000,11
38,96,2.072000,5
39,1,3.554000,11
39,2,2.753000,11
39,3,3.388000,11
39,4,2.767000,10
39,5,3.755000,15
39,6,2.700000,12
39,7,4.008000,12
39,8,2.428000,10
39,9,3.781000,11
39,10,3.235000,13
39,11,3.140000,12
39,12,3.299000,15
39,13,3.661000,13
39,14,3.709000,16
39,15,3.177000,13
39,16,3.810000,15
39,17,2.840000,15
39,18,3.036000,16
39,19,3.587000,14
39,20,3.021000,13
39,21,3.276000,14
39,22,3.404000,13
39,23,3.559000,16
39,24,3.308000,16
39,25,4.702000,16
39,26,3.664000,13
39,27,3.578000,13
39,28,3.585000,13
39,29,3.179000,14
39,30,2.135000,17
39,31,3.637000,13
39,32,3.707000,15
39,33,4.130000,15
39,34,3.928000,15
39,35,3.378000,15
39,36,0.411000,14
39,37,3.477000,11
39,38,3.478000,13
39,39,2.604000,11
39,40,3.064000,10
39,41,2.587000,10
39,42,3.351000,10
39,43,3.477000,10
39,44,3.548000,10
39,45,2.763000,10
39,46,2.433000,10
39,47,2.197000,7
39,48,2.399000,9
39,49,2.169000,8
39,50,2.734000,7
39,51,2.717000,8
39,52,1.989000,7
39,53,2.773000,10
39,54,2.272000,8
39,55,2.360000,7
39,56,2.772000,7
39,57,3.194000,10
39,58,3.001000,10
39,59,3.331000,13
39,60,3.637000,15
39,61,3.077000,13
39,62,4.156000,14
39,63,3.480000,13
39,64,4.128000,18
39,65,3.702000,13
39,66,2.224000,14
39,67,3.996000,14
39,68,3.976000,13
39,69,3.271000,13
39,70,3.762000,12
39,71,3.131000,12
39,72,2.400000,13
39,73,3.823000,12
39,74,3.457000,13
39,75,4.178000,13
39,76,3.920000,14
39,77,3.131000,11
39,78,2.226000,14
39,79,4.191000,15
39,80,4.164000,14
39,81,3.909000,13
39,82,3.408000,13
39,83,3.143000,14
39,84,1.987000,15
39,85,3.232000,11
39,86,3.780000,16
39,87,2.605000,7
39,88,2.722000,10
39,89,1.956000,8
39,90,1.982000,9
39,91,2.002000,7
39,92,2.486000,7
39,93,2.669000,7
39,94,2.986000,11
39,95,2.119000,9
39,96,2.106000,5
40,1,2.940000,11
40,2,3.036000,11
40,3,2.684000,10
40,4,3.084000,11
40,5,4.085000,13
40,6,3.297000,14
40,7,4.078000,13
40,8,3.004000,13
40,9,3.419000,13
40,10,4.007000,13
40,11,3.372000,13
40,12,2.448000,12
40,13,3.322000,11
40,14,4.065000,15
40,15,3.675000,14
40,16,4.166000,14
40,17,3.404000,13
40,18,2.680000,15
40,19,4.500000,17
40,20,3.942000,12
40,21,3.713000,14
40,22,3.754000,13
40,23,2.934000,16
40,24,1.638000,16
40,25,4.976000,17
40,26,3.164000,13
40,27,3.780000,13
40,28,3.916000,14
40,29,3.618000,17
40,30,2.545000,17
40,31,4.354000,14
40,32,4.280000,15
40,33,3.975000,15
40,34,5.129000,16
40,35,2.196000,13
40,36,1.890000,12
40,37,4.078000,12
40,38,4.071000,14
40,39,2.940000,11
40,40,4.063000,13
40,41,3.141000,10
40,42,2.088000,10
40,43,3.374000,10
40,44,3.290000,10
40,45,3.024000,10
40,46,4.144000,11
40,47,2.484000,7
40,48,1.946000,7
40,49,3.633000,11
40,50,2.455000,7
40,51,2.621000,8
40,52,2.800000,8
40,53,2.704000,8
40,54,2.590000,7
40,55,3.644000,10
40,56,2.046000,8
40,57,3.010000,8
40,58,1.876000,7
40,59,3.581000,10
40,60,3.069000,11
40,61,4.078000,13
40,62,4.065000,15
40,63,4.242000,13
40,64,3.980000,13
40,65,2.675000,14
40,66,2.041000,12
40,67,3.647000,12
40,68,3.867000,15
40,69,4.738000,15
40,70,4.881000,13
40,71,2.589000,12
40,72,2.073000,12
40,73,4.082000,14
40,74,4.065000,15
40,75,4.146000,14
40,76,4.244000,12
40,77,3.057000,13
40,78,2.233000,14
40,79,3.793000,13
40,80,5.259000,18
40,81,5.163000,17
40,82,3.980000,15
40,83,2.361000,13
40,84,1.318000,14
40,85,2.835000,8
40,86,3.210000,12
40,87,3.035000,10
40,88,2.351000,8
40,89,3.294000,10
40,90,2.777000,9
40,91,2.835000,7
40,92,2.795000,7
40,93,2.309000,7
40,94,2.931000,11
40,95,3.902000,13
40,96,1.839000,5
41,1,2.788000,11
41,2,2.825000,11
41,3,3.409000,12
41,4,2.258000,7
41,5,4.384000,14
41,6,3.165000,10
41,7,3.203000,10
41,8,3.563000,10
41,9,3.519000,10
41,10,2.483000,8
41,11,3.760000,11
41,12,2.513000,10
41,13,3.662000,13
41,14,3.274000,12
41,15,4.058000,13
41,16,4.448000,15
41,17,3.215000,13
41,18,1.419000,14
41,19,3.910000,15
41,20,5.195000,18
41,21,4.459000,13
41,22,3.583000,14
41,23,3.014000,17
41,24,1.578000,18
41,25,6.064000,18
41,26,4.086000,14
41,27,4.179000,14
41,28,3.391000,14
41,29,2.839000,18
41,30,0.759000,17
41,31,4.836000,16
41,32,3.797000,14
41,33,3.528000,13
41,34,3.562000,14
41,35,3.449000,15
41,36,1.108000,9
41,37,2.494000,8
41,38,2.838000,8
41,39,3.306000,10
41,40,2.389000,8
41,41,3.466000,10
41,42,3.181000,10
41,43,3.384000,10
41,44,2.930000,10
41,45,3.589000,10
41,46,2.888000,10
41,47,3.227000,10
41,48,2.690000,10
41,49,3.614000,10
41,50,2.658000,7
41,51,2.610000,7
41,52,2.490000,7
41,53,2.635000,7
41,54,2.910000,9
41,55,2.757000,8
41,56,2.425000,7
41,57,2.671000,7
41,58,3.478000,10
41,59,2.725000,8
41,60,2.386000,7
41,61,3.704000,11
41,62,4.004000,14
41,63,4.694000,20
41,64,4.478000,13
41,65,2.822000,12
41,66,1.616000,13
41,67,3.073000,13
41,68,3.628000,12
41,69,3.507000,11
41,70,4.056000,11
41,71,3.342000,11
41,72,1.942000,12
41,73,3.233000,11
41,74,3.496000,12
41,75,2.660000,8
41,76,4.180000,14
41,77,3.935000,15
41,78,2.359000,14
41,79,4.052000,15
41,80,3.455000,12
41,81,4.896000,17
41,82,4.096000,15
41,83,2.892000,14
41,84,1.474000,11
41,85,2.890000,10
41,86,3.266000,13
41,87,2.958000,11
41,88,2.751000,7
41,89,2.983000,10
41,90,2.990000,9
41,91,2.071000,7
41,92,2.195000,7
41,93,2.607000,7
41,94,3.638000,12
41,95,5.015000,20
41,96,1.704000,5
42,1,2.798000,11
42,2,3.096000,11
42,3,3.207000,11
42,4,4.376000,14
42,5,4.825000,13
42,6,2.370000,10
42,7,3.078000,10
42,8,2.861000,10
42,9,3.232000,10
42,10,3.424000,10
42,11,3.696000,10
42,12,2.555000,10
42,13,3.303000,10
42,14,3.258000,10
42,15,3.758000,13
42,16,4.208000,13
42,17,4.454000,13
42,18,2.517000,15
42,19,4.464000,15
42,20,4.111000,12
42,21,5.407000,19
42,22,5.141000,17
42,23,2.697000,18
42,24,0.694000,17
42,25,5.900000,21
42,26,6.311000,22
42,27,6.575000,17
42,28,3.060000,19
42,29,0.498000,12
42,30,0.303000,15
42,31,4.171000,15
42,32,3.681000,12
42,33,4.089000,14
42,34,3.334000,10
42,35,3.464000,10
42,36,1.893000,10
42,37,2.216000,8
42,38,2.374000,8
42,39,3.161000,10
42,40,2.828000,10
42,41,3.348000,10
42,42,3.674000,10
42,43,2.791000,10
42,44,3.243000,10
42,45,3.272000,10
42,46,3.496000,10
42,47,3.383000,10
42,48,3.545000,11
42,49,3.052000,10
42,50,2.348000,7
42,51,2.165000,6
42,52,2.406000,6
42,53,3.959000,10
42,54,3.079000,7
42,55,2.045000,7
42,56,2.784000,9
42,57,3.290000,10
42,58,2.944000,8
42,59,2.344000,7
42,60,3.590000,11
42,61,2.639000,8
42,62,2.359000,7
42,63,3.685000,12
42,64,3.345000,12
42,65,3.796000,13
42,66,3.887000,13
42,67,3.094000,11
42,68,3.915000,13
42,69,3.221000,11
42,70,4.055000,11
42,71,4.068000,12
42,72,2.640000,14
42,73,3.531000,11
42,74,3.590000,13
42,75,2.417000,8
42,76,4.064000,13
42,77,3.917000,13
42,78,2.210000,14
42,79,4.758000,15
42,80,5.097000,18
42,81,3.907000,13
42,82,2.514000,7
42,83,2.680000,9
42,84,1.688000,11
42,85,4.147000,14
42,86,5.872000,20
42,87,5.385000,18
42,88,4.276000,11
42,89,1.607000,10
42,90,0.681000,9
42,91,2.238000,8
42,92,2.307000,7
42,93,2.832000,7
42,94,3.077000,7
42,95,4.070000,13
42,96,2.619000,5
43,1,2.691000,11
43,2,2.850000,11
43,3,2.948000,11
43,4,3.007000,10
43,5,5.598000,22
43,6,2.042000,10
43,7,2.630000,10
43,8,3.334000,10
43,9,2.874000,10
43,10,3.012000,10
43,11,3.705000,10
43,12,2.423000,10
43,13,3.168000,11
43,14,3.293000,11
43,15,2.548000,10
43,16,3.630000,13
43,17,3.320000,12
43,18,1.447000,13
43,19,4.245000,15
43,20,3.383000,15
43,21,3.258000,11
43,22,5.294000,20
43,23,3.304000,20
43,24,0.764000,19
43,25,5.395000,20
43,26,5.186000,20
43,27,5.800000,20
43,28,3.011000,19
43,29,0.874000,15
43,30,0.393000,14
43,31,4.034000,15
43,32,3.443000,14
43,33,3.354000,11
43,34,3.469000,10
43,35,2.343000,9
43,36,2.293000,11
43,37,2.581000,8
43,38,2.665000,8
43,39,2.658000,10
43,40,2.653000,10
43,41,2.144000,8
43,42,3.070000,10
43,43,3.183000,10
43,44,2.858000,10
43,45,2.957000,10
43,46,3.002000,10
43,47,3.069000,10
43,48,2.820000,10
43,49,3.140000,11
43,50,2.592000,7
43,51,2.199000,6
43,52,2.065000,6
43,53,2.437000,8
43,54,2.693000,10
43,55,3.671000,10
43,56,2.420000,9
43,57,2.374000,8
43,58,1.955000,7
43,59,3.336000,10
43,60,2.080000,7
43,61,2.051000,7
43,62,2.345000,8
43,63,2.388000,7
43,64,3.044000,10
43,65,3.143000,12
43,66,3.798000,17
43,67,3.649000,13
43,68,4.384000,16
43,69,3.509000,12
43,70,3.522000,13
43,71,2.684000,13
43,72,1.845000,14
43,73,3.318000,13
43,74,3.113000,12
43,75,3.730000,13
43,76,3.509000,11
43,77,3.447000,12
43,78,2.230000,14
43,79,3.986000,15
43,80,3.517000,12
43,81,2.549000,7
43,82,2.143000,8
43,83,2.990000,10
43,84,2.147000,11
43,85,3.872000,14
43,86,2.659000,9
43,87,4.698000,19
43,88,3.074000,9
43,89,2.284000,8
43,90,2.005000,9
43,91,2.709000,7
43,92,2.686000,7
43,93,2.055000,7
43,94,3.369000,10
43,95,3.261000,12
43,96,1.964000,5
44,1,3.021000,11
44,2,3.040000,11
44,3,2.862000,10
44,4,2.969000,11
44,5,3.575000,14
44,6,2.323000,10
44,7,3.017000,10
44,8,2.737000,10
44,9,2.797000,10
44,10,3.092000,10
44,11,2.796000,10
44,12,2.887000,10
44,13,3.019000,11
44,14,3.270000,11
44,15,3.862000,11
44,16,2.916000,10
44,17,4.026000,13
44,18,2.003000,14
44,19,5.031000,18
44,20,5.108000,20
44,21,3.933000,11
44,22,2.970000,14
44,23,2.020000,14
44,24,0.802000,14
44,25,3.814000,14
44,26,3.654000,14
44,27,4.005000,15
44,28,3.928000,16
44,29,2.004000,17
44,30,0.861000,18
44,31,4.054000,15
44,32,3.836000,13
44,33,3.186000,11
44,34,2.881000,10
44,35,1.872000,10
44,36,0.956000,10
44,37,2.496000,8
44,38,2.228000,8
44,39,3.568000,10
44,40,3.326000,10
44,41,2.291000,8
44,42,2.632000,10
44,43,3.383000,10
44,44,3.271000,10
44,45,3.471000,10
44,46,3.266000,10
44,47,2.917000,11
44,48,2.004000,10
44,49,2.687000,10
44,50,2.584000,5
44,51,1.905000,6
44,52,2.485000,6
44,53,2.303000,7
44,54,2.227000,8
44,55,2.586000,8
44,56,2.648000,9
44,57,3.051000,7
44,58,3.581000,10
44,59,2.658000,8
44,60,2.982000,11
44,61,2.746000,8
44,62,2.429000,7
44,63,2.519000,8
44,64,2.339000,7
44,65,3.743000,13
44,66,3.787000,19
44,67,4.055000,13
44,68,3.480000,11
44,69,2.978000,13
44,70,3.735000,13
44,71,3.264000,13
44,72,1.830000,13
44,73,3.596000,13
44,74,3.012000,12
44,75,2.820000,9
44,76,5.210000,20
44,77,3.831000,18
44,78,1.072000,14
44,79,4.053000,15
44,80,3.839000,13
44,81,2.753000,8
44,82,2.125000,7
44,83,2.321000,9
44,84,2.530000,11
44,85,4.055000,14
44,86,4.040000,14
44,87,4.874000,19
44,88,2.854000,11
44,89,1.708000,7
44,90,1.115000,9
44,91,2.408000,7
44,92,2.103000,6
44,93,2.416000,7
44,94,2.962000,9
44,95,3.671000,11
44,96,2.058000,5
45,1,2.567000,11
45,2,2.878000,11
45,3,2.691000,10
45,4,2.620000,10
45,5,2.906000,11
45,6,2.055000,10
45,7,2.743000,10
45,8,3.195000,10
45,9,3.021000,10
45,10,3.022000,10
45,11,2.747000,10
45,12,1.935000,10
45,13,3.598000,10
45,14,3.153000,10
45,15,2.911000,10
45,16,2.422000,10
45,17,3.133000,13
45,18,2.028000,17
45,19,4.323000,15
45,20,3.174000,11
45,21,2.763000,10
45,22,4.221000,17
45,23,2.878000,17
45,24,0.668000,14
45,25,3.422000,14
45,26,3.560000,16
45,27,3.800000,17
45,28,4.038000,14
45,29,1.923000,12
45,30,1.125000,16
45,31,3.252000,14
45,32,3.972000,13
45,33,3.372000,11
45,34,2.791000,10
45,35,2.146000,9
45,36,1.701000,11
45,37,2.390000,8
45,38,2.463000,8
45,39,2.782000,10
45,40,3.100000,10
45,41,2.299000,8
45,42,2.271000,10
45,43,2.801000,10
45,44,2.925000,11
45,45,3.149000,11
45,46,3.194000,10
45,47,2.668000,10
45,48,2.169000,11
45,49,2.711000,10
45,50,1.946000,5
45,51,2.159000,6
45,52,1.971000,6
45,53,3.318000,10
45,54,2.108000,7
45,55,1.934000,7
45,56,2.983000,9
45,57,2.712000,9
45,58,2.460000,8
45,59,2.503000,7
45,60,2.039000,7
45,61,1.874000,7
45,62,2.186000,8
45,63,2.328000,7
45,64,2.161000,8
45,65,2.686000,9
45,66,3.206000,12
45,67,5.455000,19
45,68,3.577000,13
45,69,3.361000,12
45,70,1.910000,12
45,71,1.383000,15
45,72,0.239000,14
45,73,3.676000,15
45,74,2.957000,12
45,75,2.670000,11
45,76,3.016000,11
45,77,3.409000,15
45,78,1.420000,14
45,79,3.421000,12
45,80,1.763000,7
45,81,2.223000,7
45,82,2.527000,8
45,83,3.160000,10
45,84,2.446000,11
45,85,3.626000,14
45,86,2.971000,10
45,87,3.801000,14
45,88,2.213000,7
45,89,2.739000,7
45,90,1.685000,9
45,91,2.729000,7
45,92,2.103000,6
45,93,2.486000,7
45,94,3.006000,9
45,95,3.048000,10
45,96,1.681000,5
46,1,3.465000,12
46,2,3.003000,11
46,3,4.140000,14
46,4,2.868000,7
46,5,2.812000,11
46,6,2.071000,10
46,7,2.858000,10
46,8,3.099000,10
46,9,3.201000,10
46,10,3.463000,10
46,11,2.453000,8
46,12,2.889000,10
46,13,2.454000,8
46,14,3.257000,11
46,15,3.013000,11
46,16,4.213000,11
46,17,3.073000,11
46,18,2.214000,12
46,19,4.311000,15
46,20,4.874000,19
46,21,3.129000,11
46,22,4.065000,17
46,23,2.202000,14
46,24,1.223000,14
46,25,4.082000,15
46,26,4.321000,15
46,27,3.438000,12
46,28,4.317000,14
46,29,2.453000,20
46,30,0.818000,11
46,31,4.011000,13
46,32,3.402000,13
46,33,4.508000,13
46,34,3.799000,13
46,35,2.610000,13
46,36,1.256000,11
46,37,2.816000,9
46,38,3.032000,9
46,39,2.757000,8
46,40,2.477000,8
46,41,2.756000,8
46,42,2.651000,8
46,43,2.396000,8
46,44,2.324000,8
46,45,2.362000,8
46,46,3.197000,10
46,47,3.044000,10
46,48,3.136000,10
46,49,2.884000,10
46,50,1.992000,5
46,51,2.314000,6
46,52,2.077000,6
46,53,3.807000,10
46,54,2.868000,9
46,55,2.863000,9
46,56,2.808000,9
46,57,3.052000,9
46,58,2.405000,7
46,59,2.520000,8
46,60,3.322000,11
46,61,2.329000,7
46,62,2.379000,7
46,63,2.145000,8
46,64,3.192000,10
46,65,3.395000,11
46,66,3.528000,13
46,67,4.865000,19
46,68,4.910000,18
46,69,4.380000,13
46,70,3.106000,14
46,71,1.680000,13
46,72,0.856000,11
46,73,3.754000,13
46,74,2.946000,12
46,75,3.114000,10
46,76,4.710000,15
46,77,3.340000,16
46,78,1.408000,10
46,79,3.034000,11
46,80,2.579000,8
46,81,2.460000,8
46,82,2.719000,7
46,83,3.034000,9
46,84,3.046000,12
46,85,4.386000,13
46,86,3.805000,13
46,87,3.559000,12
46,88,3.063000,10
46,89,2.130000,9
46,90,1.146000,8
46,91,2.690000,8
46,92,2.560000,6
46,93,2.493000,7
46,94,3.611000,9
46,95,3.061000,8
46,96,2.188000,5
47,1,3.133000,12
47,2,3.084000,11
47,3,3.327000,14
47,4,2.318000,7
47,5,3.206000,11
47,6,1.542000,10
47,7,3.310000,10
47,8,2.862000,10
47,9,2.853000,10
47,10,2.969000,10
47,11,2.703000,8
47,12,2.402000,10
47,13,2.311000,8
47,14,2.442000,8
47,15,3.265000,11
47,16,3.459000,11
47,17,3.127000,11
47,18,2.383000,11
47,19,3.465000,13
47,20,2.201000,8
47,21,4.029000,14
47,22,4.041000,15
47,23,2.195000,7
47,24,1.321000,7
47,25,2.034000,7
47,26,2.368000,7
47,27,4.179000,16
47,28,4.114000,15
47,29,2.698000,15
47,30,0.903000,14
47,31,3.754000,13
47,32,3.474000,13
47,33,4.018000,13
47,34,3.365000,13
47,35,2.642000,13
47,36,1.084000,11
47,37,3.061000,11
47,38,2.834000,9
47,39,2.233000,8
47,40,2.349000,8
47,41,3.044000,8
47,42,2.003000,8
47,43,2.643000,8
47,44,3.056000,10
47,45,2.881000,10
47,46,2.938000,10
47,47,2.820000,10
47,48,2.477000,10
47,49,2.536000,10
47,50,1.625000,5
47,51,1.888000,6
47,52,1.883000,6
47,53,2.714000,10
47,54,2.522000,9
47,55,2.620000,9
47,56,2.597000,9
47,57,2.602000,9
47,58,2.890000,9
47,59,2.244000,7
47,60,2.414000,7
47,61,2.643000,8
47,62,2.129000,7
47,63,2.194000,7
47,64,3.115000,10
47,65,3.093000,10
47,66,2.277000,10
47,67,3.817000,14
47,68,3.140000,12
47,69,3.818000,13
47,70,3.092000,12
47,71,2.798000,13
47,72,0.866000,10
47,73,4.501000,15
47,74,3.029000,13
47,75,3.124000,11
47,76,5.334000,22
47,77,1.917000,14
47,78,0.634000,11
47,79,3.309000,10
47,80,2.291000,7
47,81,2.028000,7
47,82,2.327000,8
47,83,3.153000,10
47,84,2.790000,12
47,85,3.676000,13
47,86,3.714000,13
47,87,3.289000,10
47,88,4.075000,14
47,89,1.961000,9
47,90,1.087000,8
47,91,2.121000,7
47,92,1.947000,6
47,93,2.316000,7
47,94,2.830000,9
47,95,2.810000,8
47,96,1.989000,5
48,1,2.980000,12
48,2,2.836000,11
48,3,4.884000,14
48,4,3.273000,7
48,5,3.382000,11
48,6,2.450000,10
48,7,2.973000,10
48,8,2.478000,10
48,9,3.619000,10
48,10,3.549000,10
48,11,2.915000,8
48,12,3.078000,10
48,13,2.679000,8
48,14,2.476000,8
48,15,3.235000,11
48,16,4.346000,11
48,17,3.909000,11
48,18,2.994000,11
48,19,3.728000,13
48,20,2.889000,10
48,21,4.639000,13
48,22,2.702000,7
48,23,2.616000,7
48,24,2.272000,7
48,25,2.471000,7
48,26,2.010000,7
48,27,4.156000,15
48,28,2.958000,8
48,29,5.130000,16
48,30,2.949000,12
48,31,4.271000,13
48,32,4.389000,13
48,33,4.849000,13
48,34,4.294000,13
48,35,1.940000,13
48,36,0.711000,11
48,37,3.415000,11
48,38,2.514000,9
48,39,2.791000,8
48,40,2.714000,8
48,41,2.902000,8
48,42,3.061000,8
48,43,2.838000,8
48,44,2.742000,10
48,45,3.328000,10
48,46,3.449000,10
48,47,3.329000,10
48,48,3.481000,10
48,49,3.108000,10
48,50,1.668000,5
48,51,1.983000,6
48,52,2.900000,6
48,53,3.641000,10
48,54,3.539000,10
48,55,3.226000,9
48,56,2.550000,9
48,57,2.946000,9
48,58,3.040000,9
48,59,3.274000,9
48,60,3.626000,10
48,61,2.306000,7
48,62,1.982000,8
48,63,2.438000,8
48,64,4.449000,11
48,65,4.624000,11
48,66,3.541000,10
48,67,4.046000,15
48,68,2.230000,8
48,69,4.758000,14
48,70,4.706000,14
48,71,3.762000,14
48,72,1.275000,11
48,73,3.417000,12
48,74,3.043000,12
48,75,3.630000,10
48,76,3.240000,11
48,77,2.699000,8
48,78,3.170000,10
48,79,3.514000,11
48,80,2.433000,8
48,81,2.915000,8
48,82,2.504000,7
48,83,2.791000,9
48,84,1.701000,12
48,85,3.937000,13
48,86,4.982000,13
48,87,3.808000,11
48,88,5.296000,18
48,89,1.671000,11
48,90,0.260000,8
48,91,2.790000,8
48,92,2.012000,6
48,93,2.142000,7
48,94,3.214000,8
48,95,3.341000,8
48,96,2.595000,5
49,1,3.992000,12
49,2,3.823000,11
49,3,3.961000,14
49,4,2.888000,7
49,5,3.483000,11
49,6,1.909000,10
49,7,4.150000,10
49,8,4.352000,10
49,9,3.757000,10
49,10,2.780000,10
49,11,2.572000,8
49,12,2.198000,10
49,13,3.031000,8
49,14,3.421000,8
49,15,3.824000,11
49,16,4.104000,11
49,17,3.153000,11
49,18,2.359000,11
49,19,4.641000,13
49,20,3.992000,11
49,21,3.488000,12
49,22,2.081000,7
49,23,2.445000,7
49,24,1.965000,7
49,25,3.654000,7
49,26,2.937000,7
49,27,3.403000,11
49,28,3.085000,8
49,29,2.254000,14
49,30,0.711000,12
49,31,5.214000,13
49,32,4.263000,13
49,33,4.008000,13
49,34,3.810000,13
49,35,1.705000,13
49,36,0.537000,11
49,37,4.438000,11
49,38,3.719000,9
49,39,3.175000,8
49,40,2.700000,8
49,41,2.589000,8
49,42,2.278000,8
49,43,3.436000,8
49,44,3.084000,10
49,45,3.727000,10
49,46,3.096000,10
49,47,3.075000,9
49,48,2.450000,10
49,49,4.075000,10
49,50,2.492000,5
49,51,2.836000,6
49,52,2.229000,6
49,53,2.906000,11
49,54,2.479000,9
49,55,3.860000,9
49,56,2.640000,8
49,57,3.745000,9
49,58,2.957000,9
49,59,2.531000,9
49,60,2.775000,11
49,61,2.734000,7
49,62,2.974000,7
49,63,2.704000,7
49,64,3.583000,10
49,65,2.913000,10
49,66,2.452000,9
49,67,4.764000,13
49,68,3.761000,11
49,69,4.235000,13
49,70,3.605000,14
49,71,2.887000,14
49,72,1.113000,10
49,73,4.438000,14
49,74,4.791000,12
49,75,4.208000,14
49,76,3.924000,13
49,77,2.459000,11
49,78,0.957000,11
49,79,4.432000,10
49,80,3.182000,7
49,81,2.649000,7
49,82,2.890000,8
49,83,2.878000,10
49,84,2.888000,12
49,85,5.054000,13
49,86,4.774000,13
49,87,3.553000,10
49,88,3.047000,10
49,89,2.595000,11
49,90,1.175000,9
49,91,2.599000,7
49,92,3.351000,7
49,93,3.997000,7
49,94,2.527000,7
49,95,2.929000,8
49,96,2.002000,5
50,1,3.738000,12
50,2,3.329000,11
50,3,4.971000,14
50,4,2.915000,7
50,5,3.438000,11
50,6,1.590000,10
50,7,2.833000,10
50,8,2.817000,10
50,9,3.757000,10
50,10,3.874000,10
50,11,3.045000,8
50,12,2.870000,10
50,13,2.306000,8
50,14,2.484000,8
50,15,3.458000,11
50,16,4.070000,11
50,17,4.220000,11
50,18,1.779000,11
50,19,3.382000,12
50,20,4.032000,16
50,21,4.477000,11
50,22,2.831000,7
50,23,3.102000,7
50,24,1.735000,7
50,25,2.512000,7
50,26,2.463000,7
50,27,3.510000,11
50,28,8.400000,21
50,29,2.871000,12
50,30,1.227000,12
50,31,3.861000,13
50,32,3.665000,13
50,33,5.161000,13
50,34,4.518000,13
50,35,2.821000,13
50,36,1.002000,11
50,37,3.260000,11
50,38,2.707000,9
50,39,3.129000,8
50,40,3.351000,8
50,41,2.902000,8
50,42,2.698000,8
50,43,2.234000,8
50,44,3.396000,10
50,45,3.495000,10
50,46,4.016000,10
50,47,3.414000,10
50,48,2.773000,10
50,49,2.814000,10
50,50,1.716000,5
50,51,1.945000,6
50,52,2.302000,6
50,53,4.420000,10
50,54,3.473000,10
50,55,3.307000,9
50,56,2.579000,7
50,57,3.065000,8
50,58,3.740000,9
50,59,3.066000,9
50,60,2.427000,7
50,61,2.577000,8
50,62,2.023000,8
50,63,2.609000,7
50,64,4.054000,11
50,65,4.064000,11
50,66,3.398000,10
50,67,3.071000,8
50,68,4.028000,13
50,69,3.706000,12
50,70,4.105000,13
50,71,2.150000,13
50,72,0.639000,10
50,73,3.526000,13
50,74,3.260000,12
50,75,4.832000,12
50,76,4.261000,12
50,77,2.793000,9
50,78,1.536000,10
50,79,3.226000,11
50,80,2.736000,8
50,81,3.145000,8
50,82,2.947000,7
50,83,3.298000,9
50,84,3.485000,12
50,85,4.148000,13
50,86,3.925000,14
50,87,4.617000,12
50,88,4.025000,9
50,89,1.771000,7
50,90,0.883000,9
50,91,2.813000,7
50,92,1.812000,6
50,93,2.262000,7
50,94,5.071000,15
50,95,3.529000,8
50,96,1.955000,5
51,1,3.067000,12
51,2,2.975000,11
51,3,4.329000,15
51,4,2.224000,7
51,5,3.702000,12
51,6,2.395000,10
51,7,2.703000,8
51,8,3.903000,10
51,9,3.391000,10
51,10,2.673000,8
51,11,2.779000,8
51,12,2.340000,8
51,13,4.136000,12
51,14,3.342000,9
51,15,3.680000,11
51,16,2.856000,11
51,17,2.623000,10
51,18,2.447000,13
51,19,3.733000,14
51,20,4.328000,14
51,21,4.569000,17
51,22,2.571000,10
51,23,1.566000,7
51,24,0.926000,7
51,25,2.395000,7
51,26,2.253000,7
51,27,2.949000,7
51,28,5.278000,19
51,29,4.296000,14
51,30,2.135000,13
51,31,3.550000,13
51,32,4.582000,14
51,33,3.822000,13
51,34,3.557000,13
51,35,2.526000,13
51,36,0.895000,13
51,37,3.423000,13
51,38,4.053000,13
51,39,3.028000,11
51,40,2.860000,8
51,41,3.052000,12
51,42,1.894000,11
51,43,2.484000,8
51,44,2.425000,8
51,45,2.649000,8
51,46,2.815000,10
51,47,3.453000,10
51,48,3.165000,10
51,49,3.417000,10
51,50,2.112000,5
51,51,2.011000,4
51,52,1.627000,4
51,53,3.147000,10
51,54,3.863000,10
51,55,3.230000,10
51,56,3.823000,10
51,57,3.082000,10
51,58,3.197000,9
51,59,2.811000,9
51,60,1.157000,10
51,61,3.424000,10
51,62,3.129000,7
51,63,3.646000,11
51,64,3.078000,10
51,65,3.137000,10
51,66,1.854000,8
51,67,2.878000,10
51,68,4.954000,16
51,69,3.555000,13
51,70,3.698000,13
51,71,2.542000,12
51,72,1.439000,11
51,73,3.423000,13
51,74,3.678000,11
51,75,2.874000,8
51,76,3.407000,13
51,77,3.538000,13
51,78,2.133000,11
51,79,3.241000,10
51,80,2.684000,10
51,81,2.587000,7
51,82,2.308000,8
51,83,2.885000,10
51,84,3.228000,12
51,85,3.431000,14
51,86,4.262000,13
51,87,3.666000,12
51,88,4.299000,13
51,89,1.926000,7
51,90,1.717000,9
51,91,2.858000,8
51,92,2.506000,9
51,93,3.146000,7
51,94,2.732000,9
51,95,2.601000,8
51,96,2.178000,5
52,1,3.666000,12
52,2,2.839000,11
52,3,3.288000,15
52,4,2.703000,7
52,5,3.233000,12
52,6,2.481000,10
52,7,2.861000,8
52,8,3.609000,10
52,9,2.927000,10
52,10,2.466000,8
52,11,2.127000,8
52,12,2.307000,8
52,13,4.375000,11
52,14,2.996000,11
52,15,3.299000,11
52,16,3.205000,11
52,17,2.339000,10
52,18,2.218000,13
52,19,4.965000,13
52,20,3.991000,14
52,21,3.297000,11
52,22,2.342000,7
52,23,2.181000,7
52,24,1.737000,7
52,25,3.163000,7
52,26,2.693000,7
52,27,2.183000,7
52,28,3.334000,10
52,29,2.863000,13
52,30,2.654000,13
52,31,4.580000,13
52,32,4.205000,14
52,33,3.229000,13
52,34,3.522000,13
52,35,2.812000,13
52,36,0.782000,13
52,37,4.960000,13
52,38,3.984000,13
52,39,2.273000,9
52,40,2.382000,8
52,41,2.474000,13
52,42,0.795000,13
52,43,3.422000,8
52,44,2.489000,8
52,45,2.347000,8
52,46,2.847000,10
52,47,2.895000,10
52,48,2.928000,10
52,49,3.723000,10
52,50,2.283000,5
52,51,1.558000,4
52,52,1.448000,4
52,53,3.067000,10
52,54,2.902000,10
52,55,4.167000,11
52,56,2.961000,11
52,57,3.685000,11
52,58,2.600000,9
52,59,2.737000,9
52,60,1.950000,7
52,61,3.015000,8
52,62,2.535000,7
52,63,3.363000,10
52,64,3.377000,11
52,65,2.888000,11
52,66,2.418000,10
52,67,4.117000,10
52,68,4.173000,14
52,69,3.633000,13
52,70,2.902000,13
52,71,2.610000,12
52,72,1.509000,10
52,73,4.700000,13
52,74,3.092000,12
52,75,2.927000,11
52,76,3.769000,14
52,77,3.262000,13
52,78,1.218000,10
52,79,4.507000,11
52,80,3.158000,11
52,81,2.467000,8
52,82,2.470000,7
52,83,2.653000,9
52,84,2.386000,12
52,85,4.491000,14
52,86,3.776000,13
52,87,3.213000,12
52,88,3.745000,11
52,89,2.227000,9
52,90,1.208000,9
52,91,3.905000,9
52,92,2.787000,8
52,93,2.848000,11
52,94,2.949000,9
52,95,2.386000,8
52,96,1.687000,5
53,1,3.041000,12
53,2,2.815000,11
53,3,4.162000,15
53,4,2.513000,7
53,5,2.194000,11
53,6,1.103000,10
53,7,2.064000,8
53,8,3.049000,10
53,9,2.648000,10
53,10,2.186000,8
53,11,2.358000,8
53,12,2.037000,8
53,13,3.119000,11
53,14,3.636000,11
53,15,3.268000,11
53,16,3.403000,11
53,17,2.484000,10
53,18,1.764000,13
53,19,3.316000,13
53,20,3.434000,13
53,21,3.004000,11
53,22,2.274000,7
53,23,2.128000,7
53,24,2.162000,7
53,25,2.467000,7
53,26,2.085000,7
53,27,2.066000,7
53,28,2.760000,10
53,29,3.637000,13
53,30,2.984000,13
53,31,3.302000,13
53,32,3.967000,14
53,33,4.127000,13
53,34,3.176000,13
53,35,2.842000,13
53,36,0.679000,13
53,37,3.550000,13
53,38,3.178000,13
53,39,2.596000,9
53,40,2.576000,8
53,41,2.874000,9
53,42,1.622000,9
53,43,2.157000,8
53,44,2.197000,8
53,45,2.355000,8
53,46,3.004000,10
53,47,3.347000,10
53,48,2.525000,10
53,49,2.773000,10
53,50,1.495000,5
53,51,1.332000,4
53,52,1.501000,4
53,53,2.378000,10
53,54,3.120000,10
53,55,3.302000,10
53,56,2.607000,10
53,57,3.596000,10
53,58,3.264000,9
53,59,2.469000,9
53,60,1.957000,10
53,61,2.334000,7
53,62,2.178000,7
53,63,3.054000,11
53,64,3.314000,10
53,65,2.791000,10
53,66,2.020000,8
53,67,3.678000,13
53,68,3.608000,11
53,69,4.143000,13
53,70,2.892000,13
53,71,2.052000,12
53,72,1.335000,11
53,73,3.782000,13
53,74,3.346000,12
53,75,3.877000,14
53,76,3.592000,15
53,77,2.065000,10
53,78,0.761000,11
53,79,3.106000,10
53,80,3.381000,10
53,81,2.232000,7
53,82,2.038000,7
53,83,2.971000,9
53,84,2.743000,12
53,85,4.010000,14
53,86,3.544000,13
53,87,2.334000,8
53,88,3.794000,15
53,89,2.219000,9
53,90,1.455000,9
53,91,2.951000,9
53,92,2.400000,7
53,93,2.771000,7
53,94,2.712000,9
53,95,2.464000,8
53,96,1.674000,5
54,1,3.183000,12
54,2,2.869000,11
54,3,3.723000,15
54,4,2.294000,7
54,5,2.881000,11
54,6,1.861000,10
54,7,2.682000,8
54,8,2.767000,10
54,9,3.076000,10
54,10,2.352000,8
54,11,2.438000,8
54,12,2.363000,8
54,13,2.343000,9
54,14,3.189000,11
54,15,3.628000,11
54,16,3.244000,11
54,17,2.546000,10
54,18,1.856000,13
54,19,3.543000,13
54,20,3.896000,18
54,21,2.763000,7
54,22,2.429000,7
54,23,2.116000,7
54,24,1.904000,7
54,25,2.349000,7
54,26,2.262000,7
54,27,2.334000,7
54,28,4.046000,14
54,29,4.773000,18
54,30,1.303000,13
54,31,3.257000,13
54,32,3.372000,14
54,33,3.753000,13
54,34,4.039000,13
54,35,2.514000,13
54,36,0.905000,13
54,37,3.464000,13
54,38,3.306000,13
54,39,3.349000,12
54,40,2.081000,8
54,41,2.614000,9
54,42,1.908000,9
54,43,2.168000,8
54,44,2.033000,8
54,45,2.383000,8
54,46,3.202000,10
54,47,2.867000,10
54,48,2.612000,10
54,49,3.083000,10
54,50,1.713000,5
54,51,1.466000,4
54,52,1.550000,4
54,53,3.043000,10
54,54,3.198000,10
54,55,2.737000,10
54,56,2.720000,11
54,57,3.087000,11
54,58,3.202000,9
54,59,2.664000,9
54,60,1.941000,8
54,61,2.257000,7
54,62,1.715000,7
54,63,2.486000,10
54,64,2.941000,10
54,65,3.067000,11
54,66,2.979000,10
54,67,3.259000,13
54,68,2.917000,11
54,69,3.498000,13
54,70,3.483000,13
54,71,2.925000,12
54,72,1.047000,10
54,73,3.257000,13
54,74,3.039000,12
54,75,3.338000,11
54,76,3.348000,13
54,77,3.229000,13
54,78,1.208000,10
54,79,2.977000,11
54,80,3.466000,11
54,81,2.500000,7
54,82,2.505000,7
54,83,3.071000,9
54,84,2.386000,12
54,85,3.365000,14
54,86,3.805000,13
54,87,3.354000,12
54,88,4.388000,16
54,89,1.845000,8
54,90,0.874000,9
54,91,2.666000,9
54,92,1.923000,6
54,93,2.850000,7
54,94,2.417000,9
54,95,2.654000,8
54,96,1.904000,5
55,1,3.541000,12
55,2,2.887000,11
55,3,3.623000,15
55,4,2.667000,7
55,5,2.542000,11
55,6,1.400000,10
55,7,2.170000,8
55,8,3.082000,10
55,9,2.861000,10
55,10,2.467000,8
55,11,2.344000,8
55,12,1.910000,8
55,13,2.813000,11
55,14,3.161000,11
55,15,2.581000,11
55,16,3.017000,11
55,17,2.166000,10
55,18,1.890000,13
55,19,3.224000,12
55,20,3.237000,12
55,21,3.748000,15
55,22,2.224000,7
55,23,2.098000,7
55,24,1.861000,7
55,25,2.370000,7
55,26,2.002000,7
55,27,3.525000,13
55,28,3.562000,13
55,29,4.578000,19
55,30,1.272000,13
55,31,3.545000,13
55,32,3.118000,14
55,33,3.372000,13
55,34,3.547000,13
55,35,2.924000,13
55,36,1.102000,13
55,37,3.538000,13
55,38,3.108000,13
55,39,2.736000,9
55,40,2.041000,8
55,41,2.364000,9
55,42,2.133000,9
55,43,2.062000,8
55,44,2.527000,8
55,45,2.702000,8
55,46,2.703000,10
55,47,3.179000,10
55,48,2.230000,10
55,49,2.991000,10
55,50,1.764000,5
55,51,1.638000,4
55,52,1.451000,4
55,53,3.339000,10
55,54,2.719000,10
55,55,2.630000,10
55,56,2.599000,10
55,57,2.350000,10
55,58,2.785000,9
55,59,2.482000,9
55,60,2.079000,7
55,61,2.762000,7
55,62,2.103000,8
55,63,3.240000,11
55,64,3.318000,11
55,65,2.640000,10
55,66,2.130000,8
55,67,3.798000,14
55,68,3.558000,11
55,69,3.402000,13
55,70,3.206000,13
55,71,2.518000,12
55,72,1.141000,11
55,73,3.170000,13
55,74,3.044000,12
55,75,3.531000,13
55,76,3.093000,13
55,77,2.898000,12
55,78,1.584000,11
55,79,3.340000,10
55,80,3.206000,10
55,81,2.222000,7
55,82,1.947000,7
55,83,2.309000,9
55,84,2.920000,12
55,85,3.697000,14
55,86,3.689000,13
55,87,3.230000,13
55,88,2.996000,13
55,89,2.262000,8
55,90,1.284000,9
55,91,2.190000,7
55,92,2.619000,9
55,93,2.200000,7
55,94,2.613000,9
55,95,2.984000,8
55,96,1.766000,5
56,1,3.110000,12
56,2,3.014000,11
56,3,4.195000,14
56,4,2.408000,7
56,5,3.738000,13
56,6,2.014000,8
56,7,3.235000,10
56,8,2.588000,8
56,9,2.988000,9
56,10,2.458000,10
56,11,3.579000,12
56,12,2.792000,12
56,13,2.698000,9
56,14,3.150000,11
56,15,2.826000,10
56,16,4.120000,13
56,17,3.917000,13
56,18,2.738000,14
56,19,3.877000,12
56,20,5.775000,21
56,21,3.717000,16
56,22,2.826000,11
56,23,2.441000,7
56,24,0.937000,7
56,25,2.495000,7
56,26,3.634000,11
56,27,4.258000,15
56,28,3.288000,11
56,29,4.418000,20
56,30,1.303000,10
56,31,3.506000,13
56,32,4.003000,14
56,33,3.575000,14
56,34,3.574000,13
56,35,3.888000,13
56,36,1.095000,13
56,37,3.623000,13
56,38,3.516000,13
56,39,2.839000,9
56,40,3.177000,11
56,41,3.572000,12
56,42,2.046000,9
56,43,3.345000,11
56,44,2.558000,8
56,45,2.526000,8
56,46,2.876000,10
56,47,2.858000,10
56,48,3.097000,10
56,49,3.049000,10
56,50,1.418000,5
56,51,1.929000,4
56,52,1.744000,4
56,53,2.988000,10
56,54,3.000000,10
56,55,2.955000,10
56,56,3.409000,11
56,57,3.640000,11
56,58,3.145000,10
56,59,3.549000,10
56,60,2.285000,10
56,61,2.854000,10
56,62,3.142000,10
56,63,2.747000,10
56,64,3.269000,10
56,65,3.283000,11
56,66,2.390000,9
56,67,3.002000,8
56,68,2.843000,12
56,69,3.946000,12
56,70,3.749000,13
56,71,3.242000,12
56,72,2.364000,10
56,73,3.464000,13
56,74,3.357000,12
56,75,3.371000,13
56,76,4.001000,14
56,77,3.539000,13
56,78,0.427000,8
56,79,3.299000,11
56,80,2.914000,11
56,81,2.571000,10
56,82,2.890000,10
56,83,2.567000,9
56,84,2.396000,12
56,85,3.772000,13
56,86,3.771000,12
56,87,3.384000,12
56,88,3.120000,13
56,89,2.793000,9
56,90,1.994000,9
56,91,2.773000,9
56,92,2.948000,11
56,93,3.092000,11
56,94,2.844000,9
56,95,2.268000,8
56,96,2.711000,5
57,1,3.436000,12
57,2,2.913000,11
57,3,4.059000,14
57,4,2.586000,7
57,5,3.660000,13
57,6,1.877000,8
57,7,2.878000,9
57,8,1.957000,8
57,9,3.121000,9
57,10,3.595000,10
57,11,2.967000,11
57,12,2.667000,11
57,13,3.439000,11
57,14,2.627000,9
57,15,2.922000,10
57,16,4.229000,13
57,17,3.556000,13
57,18,2.400000,14
57,19,3.094000,12
57,20,4.416000,14
57,21,4.582000,16
57,22,2.775000,12
57,23,1.666000,7
57,24,0.761000,7
57,25,2.107000,7
57,26,3.227000,12
57,27,3.791000,15
57,28,4.501000,13
57,29,4.500000,19
57,30,1.130000,10
57,31,3.703000,13
57,32,5.085000,14
57,33,4.511000,14
57,34,3.367000,13
57,35,2.505000,13
57,36,0.546000,13
57,37,3.439000,13
57,38,4.471000,13
57,39,2.505000,9
57,40,3.738000,12
57,41,2.953000,11
57,42,2.109000,13
57,43,3.599000,13
57,44,2.301000,8
57,45,2.151000,8
57,46,3.531000,10
57,47,2.927000,10
57,48,2.351000,10
57,49,2.641000,10
57,50,1.762000,5
57,51,1.461000,4
57,52,1.361000,4
57,53,3.701000,10
57,54,2.828000,10
57,55,3.157000,10
57,56,2.824000,10
57,57,3.163000,10
57,58,3.424000,11
57,59,3.389000,11
57,60,2.690000,11
57,61,3.238000,11
57,62,2.722000,11
57,63,3.587000,11
57,64,3.533000,11
57,65,2.499000,9
57,66,2.077000,8
57,67,2.412000,8
57,68,2.361000,10
57,69,3.007000,13
57,70,3.854000,13
57,71,2.804000,12
57,72,2.392000,10
57,73,3.437000,13
57,74,2.626000,12
57,75,4.030000,13
57,76,4.031000,13
57,77,3.838000,16
57,78,1.412000,11
57,79,2.915000,10
57,80,2.429000,10
57,81,3.570000,11
57,82,3.693000,11
57,83,2.628000,9
57,84,2.892000,12
57,85,3.392000,13
57,86,2.926000,12
57,87,3.155000,12
57,88,4.269000,12
57,89,2.531000,9
57,90,1.920000,9
57,91,2.511000,9
57,92,2.672000,7
57,93,2.411000,7
57,94,2.804000,9
57,95,3.459000,8
57,96,1.768000,5
58,1,2.812000,12
58,2,3.318000,11
58,3,3.459000,14
58,4,2.367000,7
58,5,3.881000,13
58,6,2.227000,8
58,7,3.018000,10
58,8,2.806000,8
58,9,2.925000,9
58,10,3.097000,10
58,11,2.960000,11
58,12,3.499000,11
58,13,2.764000,9
58,14,3.240000,11
58,15,3.217000,10
58,16,4.057000,13
58,17,3.210000,13
58,18,3.132000,14
58,19,3.844000,15
58,20,4.696000,15
58,21,4.440000,16
58,22,3.395000,12
58,23,1.936000,7
58,24,1.482000,7
58,25,2.557000,7
58,26,3.215000,12
58,27,4.104000,15
58,28,3.216000,10
58,29,5.020000,19
58,30,1.722000,10
58,31,3.689000,13
58,32,4.229000,14
58,33,4.327000,14
58,34,3.589000,13
58,35,3.052000,13
58,36,0.907000,13
58,37,3.209000,13
58,38,4.088000,13
58,39,3.210000,9
58,40,3.224000,9
58,41,3.261000,11
58,42,1.599000,9
58,43,3.280000,9
58,44,2.587000,8
58,45,2.873000,8
58,46,3.235000,10
58,47,2.719000,10
58,48,2.138000,10
58,49,2.810000,10
58,50,2.160000,5
58,51,1.857000,4
58,52,1.935000,4
58,53,2.859000,10
58,54,2.995000,10
58,55,3.018000,10
58,56,3.247000,10
58,57,2.942000,10
58,58,2.524000,10
58,59,2.985000,10
58,60,2.430000,10
58,61,3.456000,10
58,62,2.873000,10
58,63,3.561000,10
58,64,3.000000,10
58,65,3.475000,11
58,66,2.495000,9
58,67,2.613000,8
58,68,3.115000,11
58,69,4.440000,13
58,70,4.288000,13
58,71,3.416000,12
58,72,0.680000,10
58,73,3.011000,13
58,74,3.239000,12
58,75,4.061000,13
58,76,4.012000,13
58,77,4.338000,16
58,78,1.209000,8
58,79,3.370000,11
58,80,3.491000,10
58,81,3.022000,10
58,82,3.208000,10
58,83,2.929000,9
58,84,2.947000,12
58,85,3.470000,13
58,86,4.244000,12
58,87,3.635000,13
58,88,3.570000,13
58,89,2.962000,9
58,90,1.658000,9
58,91,3.025000,9
58,92,2.361000,8
58,93,2.806000,7
58,94,2.974000,9
58,95,2.883000,8
58,96,1.740000,5
59,1,3.053000,12
59,2,3.215000,11
59,3,3.866000,14
59,4,2.239000,7
59,5,3.500000,13
59,6,2.494000,8
59,7,2.819000,10
59,8,2.647000,8
59,9,2.570000,9
59,10,3.185000,10
59,11,3.217000,12
59,12,2.293000,12
59,13,3.060000,11
59,14,3.321000,11
59,15,2.987000,10
59,16,3.912000,13
59,17,2.789000,13
59,18,0.903000,14
59,19,4.492000,13
59,20,4.290000,15
59,21,4.161000,16
59,22,3.056000,12
59,23,2.135000,7
59,24,0.950000,7
59,25,2.172000,7
59,26,3.786000,12
59,27,3.148000,13
59,28,4.001000,15
59,29,3.941000,17
59,30,1.932000,10
59,31,3.418000,13
59,32,3.825000,14
59,33,4.143000,14
59,34,4.023000,13
59,35,3.039000,13
59,36,0.762000,13
59,37,3.742000,13
59,38,3.363000,13
59,39,3.472000,13
59,40,2.407000,9
59,41,3.161000,11
59,42,2.361000,9
59,43,3.747000,12
59,44,3.054000,8
59,45,2.067000,8
59,46,3.032000,10
59,47,3.118000,10
59,48,2.734000,10
59,49,2.624000,10
59,50,1.601000,5
59,51,1.728000,4
59,52,1.672000,4
59,53,3.268000,10
59,54,3.315000,10
59,55,2.734000,10
59,56,3.790000,10
59,57,2.908000,10
59,58,2.986000,11
59,59,2.820000,11
59,60,3.020000,11
59,61,3.353000,11
59,62,3.520000,11
59,63,3.367000,11
59,64,2.828000,10
59,65,2.238000,9
59,66,2.051000,8
59,67,2.567000,8
59,68,2.658000,11
59,69,3.245000,13
59,70,3.671000,13
59,71,3.309000,12
59,72,2.392000,10
59,73,3.529000,13
59,74,3.005000,11
59,75,3.923000,14
59,76,3.680000,12
59,77,3.868000,17
59,78,1.178000,11
59,79,3.382000,10
59,80,3.571000,11
59,81,3.289000,11
59,82,2.782000,10
59,83,3.024000,9
59,84,2.615000,12
59,85,3.363000,13
59,86,3.288000,12
59,87,4.047000,13
59,88,3.385000,13
59,89,2.394000,9
59,90,2.189000,9
59,91,2.819000,9
59,92,2.271000,8
59,93,2.609000,7
59,94,2.984000,9
59,95,2.646000,8
59,96,1.641000,5
60,1,3.704000,12
60,2,2.826000,11
60,3,3.963000,14
60,4,2.322000,7
60,5,3.613000,13
60,6,1.639000,8
60,7,3.583000,10
60,8,3.038000,8
60,9,3.558000,9
60,10,3.014000,10
60,11,2.572000,9
60,12,2.324000,11
60,13,3.042000,9
60,14,3.372000,9
60,15,3.246000,10
60,16,3.908000,13
60,17,2.745000,13
60,18,2.476000,14
60,19,3.951000,15
60,20,3.456000,14
60,21,4.207000,16
60,22,3.249000,12
60,23,1.742000,7
60,24,0.901000,7
60,25,2.252000,7
60,26,3.703000,12
60,27,3.286000,12
60,28,4.114000,15
60,29,3.834000,18
60,30,1.888000,10
60,31,3.656000,13
60,32,4.386000,14
60,33,3.971000,14
60,34,3.468000,13
60,35,3.013000,13
60,36,0.807000,13
60,37,3.845000,13
60,38,4.411000,13
60,39,2.562000,9
60,40,2.386000,9
60,41,2.766000,11
60,42,2.124000,9
60,43,2.570000,9
60,44,2.454000,8
60,45,2.367000,8
60,46,3.254000,10
60,47,3.153000,10
60,48,2.723000,10
60,49,3.004000,10
60,50,1.521000,5
60,51,1.932000,4
60,52,1.742000,4
60,53,2.860000,10
60,54,3.377000,10
60,55,2.914000,10
60,56,2.617000,10
60,57,2.382000,10
60,58,2.917000,10
60,59,3.037000,10
60,60,2.643000,10
60,61,3.058000,10
60,62,3.363000,10
60,63,3.072000,10
60,64,3.262000,11
60,65,2.774000,11
60,66,0.300000,9
60,67,2.662000,8
60,68,3.791000,14
60,69,3.390000,13
60,70,3.001000,12
60,71,2.940000,12
60,72,2.332000,10
60,73,3.748000,13
60,74,2.703000,11
60,75,4.343000,14
60,76,4.052000,15
60,77,3.252000,15
60,78,1.246000,8
60,79,2.757000,11
60,80,2.937000,10
60,81,2.578000,10
60,82,3.270000,11
60,83,2.510000,9
60,84,3.058000,12
60,85,4.063000,13
60,86,2.915000,12
60,87,3.638000,13
60,88,3.721000,13
60,89,2.573000,9
60,90,1.856000,9
60,91,2.402000,9
60,92,2.437000,8
60,93,2.331000,7
60,94,2.590000,9
60,95,2.563000,8
60,96,2.107000,5
61,1,3.153000,12
61,2,3.255000,11
61,3,4.705000,14
61,4,3.446000,11
61,5,3.822000,13
61,6,1.747000,10
61,7,2.894000,9
61,8,2.995000,8
61,9,3.204000,8
61,10,3.084000,10
61,11,3.329000,11
61,12,2.604000,9
61,13,3.128000,11
61,14,3.172000,10
61,15,3.888000,13
61,16,3.655000,13
61,17,3.928000,14
61,18,2.349000,14
61,19,3.745000,12
61,20,4.432000,15
61,21,4.339000,16
61,22,3.618000,12
61,23,2.557000,11
61,24,1.271000,7
61,25,2.886000,7
61,26,3.382000,12
61,27,3.799000,14
61,28,3.568000,15
61,29,4.674000,19
61,30,1.744000,10
61,31,3.400000,13
61,32,3.110000,13
61,33,4.640000,14
61,34,3.875000,13
61,35,3.051000,13
61,36,2.048000,13
61,37,3.406000,13
61,38,3.937000,13
61,39,3.601000,9
61,40,2.807000,9
61,41,3.181000,12
61,42,2.227000,9
61,43,2.689000,9
61,44,3.437000,11
61,45,3.233000,8
61,46,2.509000,8
61,47,3.445000,10
61,48,2.294000,10
61,49,3.145000,10
61,50,2.188000,5
61,51,1.510000,4
61,52,2.175000,4
61,53,3.129000,10
61,54,3.373000,10
61,55,3.400000,10
61,56,3.146000,10
61,57,3.365000,10
61,58,3.688000,11
61,59,3.480000,11
61,60,2.474000,11
61,61,3.406000,11
61,62,3.428000,11
61,63,3.182000,10
61,64,3.382000,10
61,65,3.055000,9
61,66,2.205000,8
61,67,2.880000,8
61,68,2.873000,11
61,69,3.711000,13
61,70,3.242000,12
61,71,3.468000,12
61,72,2.664000,10
61,73,3.048000,13
61,74,3.620000,13
61,75,5.048000,16
61,76,3.819000,12
61,77,3.505000,16
61,78,1.168000,11
61,79,3.652000,10
61,80,2.943000,10
61,81,4.411000,10
61,82,3.019000,10
61,83,2.400000,9
61,84,1.192000,11
61,85,3.963000,13
61,86,3.625000,12
61,87,3.220000,12
61,88,3.928000,11
61,89,2.933000,13
61,90,1.240000,9
61,91,2.618000,8
61,92,2.674000,9
61,93,3.084000,12
61,94,2.945000,9
61,95,3.007000,8
61,96,1.939000,5
62,1,3.140000,12
62,2,3.193000,11
62,3,3.859000,14
62,4,3.375000,11
62,5,3.939000,13
62,6,1.954000,10
62,7,2.832000,9
62,8,2.215000,8
62,9,2.317000,8
62,10,3.816000,10
62,11,3.129000,11
62,12,3.020000,11
62,13,3.180000,11
62,14,3.023000,11
62,15,4.334000,13
62,16,3.292000,13
62,17,3.858000,14
62,18,2.106000,14
62,19,3.595000,12
62,20,5.351000,20
62,21,4.472000,16
62,22,3.051000,12
62,23,2.448000,12
62,24,1.066000,7
62,25,2.509000,7
62,26,3.251000,12
62,27,3.108000,12
62,28,5.100000,18
62,29,4.435000,19
62,30,1.464000,10
62,31,3.954000,13
62,32,3.448000,13
62,33,4.006000,14
62,34,3.776000,13
62,35,3.170000,13
62,36,1.606000,13
62,37,3.372000,13
62,38,3.655000,13
62,39,2.684000,9
62,40,3.502000,12
62,41,2.557000,12
62,42,0.172000,9
62,43,2.722000,9
62,44,3.536000,13
62,45,1.798000,8
62,46,2.654000,8
62,47,2.910000,10
62,48,2.876000,10
62,49,3.070000,10
62,50,2.397000,5
62,51,1.536000,4
62,52,1.555000,4
62,53,2.893000,10
62,54,3.066000,10
62,55,3.770000,10
62,56,3.492000,10
62,57,2.835000,10
62,58,2.781000,10
62,59,3.369000,10
62,60,2.254000,10
62,61,3.372000,10
62,62,2.983000,10
62,63,3.643000,11
62,64,2.940000,10
62,65,2.927000,10
62,66,2.222000,9
62,67,2.719000,8
62,68,3.816000,15
62,69,3.119000,13
62,70,3.370000,12
62,71,3.115000,12
62,72,2.796000,10
62,73,3.464000,13
62,74,3.469000,13
62,75,3.957000,14
62,76,3.768000,13
62,77,3.813000,16
62,78,1.210000,8
62,79,2.650000,10
62,80,3.060000,11
62,81,3.110000,11
62,82,2.667000,10
62,83,2.772000,9
62,84,3.100000,11
62,85,3.609000,13
62,86,3.428000,12
62,87,4.113000,13
62,88,3.690000,13
62,89,2.912000,13
62,90,1.700000,9
62,91,2.998000,9
62,92,2.256000,9
62,93,3.918000,13
62,94,2.451000,9
62,95,2.778000,8
62,96,1.915000,5
63,1,3.403000,12
63,2,2.883000,11
63,3,4.508000,14
63,4,2.927000,10
63,5,5.838000,13
63,6,0.874000,10
63,7,2.760000,9
63,8,2.087000,8
63,9,2.808000,8
63,10,3.343000,10
63,11,3.598000,12
63,12,2.321000,9
63,13,2.960000,11
63,14,2.686000,11
63,15,4.141000,13
63,16,3.475000,13
63,17,3.731000,14
63,18,2.935000,14
63,19,3.645000,12
63,20,6.240000,22
63,21,4.794000,16
63,22,2.804000,12
63,23,2.542000,12
63,24,0.666000,7
63,25,2.354000,7
63,26,3.516000,12
63,27,3.769000,14
63,28,4.984000,18
63,29,4.775000,19
63,30,1.191000,10
63,31,3.422000,13
63,32,3.370000,13
63,33,3.698000,14
63,34,3.298000,13
63,35,3.263000,13
63,36,2.917000,13
63,37,3.642000,13
63,38,3.569000,13
63,39,3.292000,9
63,40,2.419000,9
63,41,3.273000,12
63,42,2.662000,9
63,43,2.751000,9
63,44,2.843000,9
63,45,2.777000,8
63,46,2.614000,8
63,47,3.492000,10
63,48,3.569000,10
63,49,3.166000,10
63,50,1.767000,5
63,51,1.792000,4
63,52,1.995000,4
63,53,3.327000,10
63,54,3.053000,10
63,55,3.118000,10
63,56,3.501000,10
63,57,3.363000,10
63,58,3.212000,10
63,59,2.984000,11
63,60,3.034000,11
63,61,3.403000,11
63,62,3.798000,11
63,63,3.367000,10
63,64,3.392000,11
63,65,3.334000,11
63,66,2.123000,8
63,67,2.546000,8
63,68,4.717000,13
63,69,3.731000,13
63,70,3.489000,12
63,71,3.673000,12
63,72,1.490000,10
63,73,3.117000,13
63,74,3.755000,13
63,75,4.173000,14
63,76,4.022000,13
63,77,4.119000,16
63,78,1.495000,11
63,79,3.417000,11
63,80,2.893000,10
63,81,3.375000,10
63,82,2.813000,10
63,83,3.274000,9
63,84,2.948000,11
63,85,3.664000,13
63,86,3.712000,12
63,87,3.245000,12
63,88,4.282000,13
63,89,3.335000,14
63,90,0.987000,9
63,91,2.514000,9
63,92,3.385000,12
63,93,3.564000,12
63,94,3.050000,9
63,95,2.583000,8
63,96,1.858000,5
64,1,3.281000,12
64,2,3.642000,11
64,3,3.330000,14
64,4,3.541000,11
64,5,3.520000,13
64,6,2.061000,10
64,7,3.136000,9
64,8,2.438000,8
64,9,2.312000,8
64,10,3.226000,10
64,11,3.013000,11
64,12,2.585000,9
64,13,3.642000,11
64,14,3.410000,11
64,15,3.505000,13
64,16,3.893000,13
64,17,3.534000,14
64,18,2.247000,14
64,19,3.977000,12
64,20,6.384000,25
64,21,4.338000,16
64,22,2.970000,12
64,23,1.849000,12
64,24,0.163000,7
64,25,2.477000,7
64,26,3.922000,12
64,27,3.627000,12
64,28,4.492000,16
64,29,4.507000,19
64,30,1.433000,10
64,31,3.973000,13
64,32,4.275000,13
64,33,3.771000,14
64,34,3.748000,13
64,35,3.064000,13
64,36,1.702000,13
64,37,3.981000,13
64,38,3.569000,13
64,39,2.910000,9
64,40,2.388000,9
64,41,3.721000,12
64,42,2.358000,13
64,43,2.462000,9
64,44,3.166000,9
64,45,2.515000,8
64,46,2.653000,8
64,47,2.868000,10
64,48,3.198000,10
64,49,3.379000,10
64,50,2.492000,5
64,51,1.675000,4
64,52,1.558000,4
64,53,2.920000,10
64,54,2.726000,10
64,55,3.659000,10
64,56,3.777000,10
64,57,3.176000,10
64,58,2.770000,10
64,59,3.068000,10
64,60,2.357000,10
64,61,2.792000,10
64,62,3.111000,10
64,63,2.929000,10
64,64,2.897000,10
64,65,2.352000,9
64,66,2.617000,9
64,67,2.868000,8
64,68,3.947000,13
64,69,3.314000,13
64,70,2.975000,12
64,71,3.245000,12
64,72,2.278000,10
64,73,3.882000,13
64,74,3.753000,13
64,75,3.939000,14
64,76,3.873000,12
64,77,3.685000,16
64,78,1.291000,8
64,79,3.519000,10
64,80,3.443000,10
64,81,3.280000,10
64,82,2.924000,10
64,83,2.302000,9
64,84,1.673000,11
64,85,4.008000,13
64,86,4.047000,12
64,87,3.845000,13
64,88,3.374000,13
64,89,3.062000,13
64,90,1.280000,9
64,91,2.890000,9
64,92,3.511000,13
64,93,2.789000,11
64,94,2.591000,9
64,95,3.110000,8
64,96,1.812000,5
65,1,3.398000,12
65,2,3.439000,11
65,3,3.894000,14
65,4,3.049000,10
65,5,3.142000,13
65,6,1.947000,10
65,7,2.640000,9
65,8,2.467000,8
65,9,2.105000,8
65,10,2.809000,10
65,11,3.482000,11
65,12,2.526000,9
65,13,3.128000,11
65,14,2.674000,11
65,15,3.909000,13
65,16,3.800000,13
65,17,3.356000,14
65,18,2.194000,14
65,19,3.885000,12
65,20,5.795000,24
65,21,4.830000,17
65,22,3.297000,12
65,23,1.923000,12
65,24,0.192000,7
65,25,3.390000,11
65,26,3.233000,12
65,27,3.682000,13
65,28,4.900000,17
65,29,3.392000,19
65,30,1.207000,10
65,31,2.856000,13
65,32,3.327000,13
65,33,3.952000,14
65,34,3.766000,13
65,35,3.845000,13
65,36,1.698000,13
65,37,4.002000,13
65,38,3.894000,13
65,39,3.097000,9
65,40,2.317000,9
65,41,2.582000,12
65,42,1.366000,11
65,43,2.838000,9
65,44,2.936000,9
65,45,2.286000,8
65,46,2.668000,8
65,47,3.194000,10
65,48,2.615000,10
65,49,3.380000,10
65,50,1.369000,5
65,51,1.904000,4
65,52,1.870000,4
65,53,3.259000,10
65,54,2.739000,10
65,55,3.380000,10
65,56,2.469000,10
65,57,3.366000,10
65,58,3.152000,10
65,59,2.759000,10
65,60,2.599000,11
65,61,2.840000,11
65,62,3.089000,11
65,63,3.129000,11
65,64,3.311000,10
65,65,3.107000,11
65,66,2.035000,8
65,67,2.570000,8
65,68,4.066000,13
65,69,4.318000,13
65,70,3.464000,12
65,71,2.812000,12
65,72,1.722000,10
65,73,2.846000,13
65,74,3.975000,13
65,75,3.844000,14
65,76,4.177000,15
65,77,3.231000,16
65,78,1.573000,11
65,79,3.093000,11
65,80,3.468000,11
65,81,3.240000,10
65,82,3.197000,10
65,83,2.158000,9
65,84,2.337000,11
65,85,3.612000,13
65,86,3.159000,12
65,87,3.166000,12
65,88,3.641000,13
65,89,2.733000,13
65,90,1.755000,9
65,91,3.002000,9
65,92,3.990000,11
65,93,2.715000,10
65,94,2.623000,9
65,95,2.713000,8
65,96,1.717000,5
66,1,3.045000,12
66,2,2.710000,11
66,3,3.712000,14
66,4,2.541000,10
66,5,3.513000,13
66,6,2.680000,10
66,7,2.894000,9
66,8,2.437000,8
66,9,2.395000,8
66,10,2.751000,9
66,11,3.392000,9
66,12,3.034000,9
66,13,2.984000,11
66,14,3.378000,11
66,15,3.799000,13
66,16,4.749000,14
66,17,3.591000,14
66,18,0.391000,14
66,19,3.455000,12
66,20,4.700000,15
66,21,4.700000,16
66,22,3.561000,12
66,23,2.733000,12
66,24,0.972000,7
66,25,3.694000,12
66,26,3.404000,12
66,27,4.021000,14
66,28,5.312000,17
66,29,3.616000,19
66,30,0.493000,10
66,31,3.791000,14
66,32,3.764000,13
66,33,4.241000,14
66,34,3.747000,14
66,35,3.515000,13
66,36,1.257000,13
66,37,3.455000,13
66,38,3.480000,13
66,39,3.049000,9
66,40,2.700000,9
66,41,3.825000,12
66,42,2.728000,11
66,43,3.453000,13
66,44,3.655000,12
66,45,3.049000,8
66,46,2.449000,8
66,47,2.943000,10
66,48,3.038000,10
66,49,3.219000,10
66,50,2.171000,5
66,51,1.545000,4
66,52,2.133000,4
66,53,3.333000,10
66,54,3.530000,10
66,55,3.165000,10
66,56,3.044000,10
66,57,3.301000,10
66,58,3.097000,10
66,59,2.937000,10
66,60,2.783000,10
66,61,3.050000,10
66,62,3.204000,10
66,63,3.147000,10
66,64,3.004000,11
66,65,2.926000,9
66,66,2.752000,9
66,67,2.577000,8
66,68,4.036000,13
66,69,3.543000,14
66,70,3.228000,12
66,71,3.069000,12
66,72,2.360000,10
66,73,3.567000,13
66,74,3.531000,13
66,75,3.495000,14
66,76,4.459000,15
66,77,3.833000,16
66,78,1.143000,8
66,79,2.976000,10
66,80,2.789000,10
66,81,2.881000,10
66,82,2.970000,10
66,83,2.854000,10
66,84,3.548000,11
66,85,3.453000,13
66,86,3.655000,12
66,87,4.050000,13
66,88,2.319000,8
66,89,3.593000,12
66,90,2.466000,11
66,91,2.970000,10
66,92,3.808000,12
66,93,3.118000,11
66,94,8.165000,17
66,95,1.713000,8
66,96,0.513000,5
67,1,3.497000,12
67,2,4.245000,12
67,3,3.449000,14
67,4,3.454000,10
67,5,3.727000,12
67,6,2.121000,10
67,7,3.235000,9
67,8,2.679000,8
67,9,2.712000,8
67,10,2.351000,9
67,11,3.597000,11
67,12,2.933000,9
67,13,3.662000,11
67,14,4.019000,11
67,15,3.902000,13
67,16,3.836000,14
67,17,3.921000,14
67,18,1.909000,14
67,19,4.757000,12
67,20,6.427000,21
67,21,3.462000,12
67,22,3.811000,12
67,23,2.242000,12
67,24,0.747000,7
67,25,4.157000,12
67,26,4.307000,12
67,27,3.796000,14
67,28,5.137000,17
67,29,3.465000,19
67,30,0.635000,10
67,31,4.216000,14
67,32,4.241000,13
67,33,3.462000,14
67,34,4.503000,14
67,35,3.348000,13
67,36,1.478000,13
67,37,4.308000,13
67,38,4.364000,13
67,39,2.709000,9
67,40,4.018000,12
67,41,3.634000,12
67,42,2.021000,11
67,43,3.100000,9
67,44,2.854000,9
67,45,2.762000,8
67,46,2.615000,8
67,47,3.489000,10
67,48,3.364000,10
67,49,3.141000,10
67,50,2.043000,5
67,51,2.958000,4
67,52,1.684000,4
67,53,2.764000,10
67,54,3.758000,10
67,55,3.891000,10
67,56,3.567000,10
67,57,2.622000,10
67,58,3.017000,10
67,59,3.070000,10
67,60,3.208000,11
67,61,4.656000,11
67,62,4.161000,11
67,63,2.492000,10
67,64,2.968000,10
67,65,2.636000,10
67,66,1.304000,8
67,67,3.656000,8
67,68,4.427000,15
67,69,3.090000,14
67,70,3.157000,12
67,71,3.694000,12
67,72,2.274000,10
67,73,4.418000,13
67,74,3.609000,13
67,75,3.614000,14
67,76,3.367000,12
67,77,2.988000,16
67,78,0.621000,10
67,79,3.674000,10
67,80,3.261000,10
67,81,3.276000,10
67,82,2.905000,10
67,83,3.298000,10
67,84,3.161000,11
67,85,4.157000,13
67,86,4.166000,12
67,87,2.938000,12
67,88,2.779000,8
67,89,3.566000,12
67,90,2.654000,11
67,91,3.992000,10
67,92,3.713000,12
67,93,2.472000,9
67,94,4.128000,17
67,95,3.176000,8
67,96,2.160000,5
68,1,3.544000,12
68,2,3.250000,12
68,3,3.602000,14
68,4,2.829000,10
68,5,3.525000,13
68,6,1.786000,10
68,7,2.470000,9
68,8,2.132000,8
68,9,2.353000,8
68,10,3.248000,9
68,11,3.303000,9
68,12,2.705000,9
68,13,3.066000,11
68,14,3.393000,11
68,15,3.406000,13
68,16,3.992000,14
68,17,3.463000,14
68,18,2.052000,14
68,19,3.066000,11
68,20,5.637000,21
68,21,2.112000,9
68,22,3.334000,12
68,23,2.989000,12
68,24,1.352000,7
68,25,3.078000,12
68,26,3.682000,12
68,27,3.466000,14
68,28,4.906000,17
68,29,3.579000,19
68,30,0.898000,10
68,31,3.405000,14
68,32,3.353000,13
68,33,4.269000,14
68,34,4.263000,14
68,35,3.108000,13
68,36,1.158000,13
68,37,4.007000,13
68,38,3.645000,13
68,39,3.550000,13
68,40,2.431000,9
68,41,2.985000,12
68,42,1.940000,11
68,43,2.776000,9
68,44,2.690000,9
68,45,2.514000,8
68,46,2.790000,8
68,47,3.050000,10
68,48,2.878000,10
68,49,3.605000,10
68,50,1.960000,5
68,51,1.860000,4
68,52,1.483000,4
68,53,2.728000,10
68,54,2.794000,10
68,55,2.902000,10
68,56,3.218000,10
68,57,2.930000,10
68,58,3.404000,10
68,59,2.764000,10
68,60,1.551000,10
68,61,3.468000,10
68,62,2.945000,10
68,63,3.156000,11
68,64,2.828000,10
68,65,3.271000,11
68,66,2.074000,9
68,67,2.859000,8
68,68,3.601000,14
68,69,3.334000,14
68,70,2.732000,12
68,71,2.927000,12
68,72,2.515000,10
68,73,3.239000,13
68,74,3.234000,13
68,75,4.015000,14
68,76,3.845000,12
68,77,3.437000,16
68,78,1.430000,8
68,79,2.728000,10
68,80,2.434000,10
68,81,2.636000,10
68,82,2.886000,10
68,83,3.221000,10
68,84,3.371000,11
68,85,3.475000,13
68,86,3.721000,12
68,87,4.059000,13
68,88,2.617000,8
68,89,3.316000,12
68,90,2.005000,12
68,91,2.716000,9
68,92,3.419000,12
68,93,2.633000,10
68,94,4.007000,16
68,95,2.524000,8
68,96,1.744000,5
69,1,3.282000,12
69,2,2.929000,12
69,3,3.773000,14
69,4,2.942000,10
69,5,2.994000,13
69,6,2.194000,10
69,7,2.697000,9
69,8,2.017000,8
69,9,2.446000,8
69,10,2.657000,9
69,11,2.891000,9
69,12,2.672000,9
69,13,3.442000,11
69,14,2.972000,11
69,15,3.560000,13
69,16,3.743000,14
69,17,3.246000,14
69,18,1.964000,14
69,19,3.826000,12
69,20,5.260000,22
69,21,4.007000,16
69,22,3.054000,12
69,23,2.385000,12
69,24,0.589000,7
69,25,3.538000,12
69,26,3.251000,12
69,27,3.705000,14
69,28,3.308000,16
69,29,1.066000,19
69,30,0.206000,10
69,31,3.838000,14
69,32,3.245000,13
69,33,3.595000,14
69,34,4.042000,14
69,35,2.935000,13
69,36,1.419000,13
69,37,3.821000,13
69,38,2.956000,13
69,39,2.814000,9
69,40,2.881000,9
69,41,3.081000,12
69,42,2.179000,9
69,43,2.270000,9
69,44,2.684000,9
69,45,2.862000,8
69,46,2.379000,8
69,47,3.022000,10
69,48,3.082000,10
69,49,2.747000,10
69,50,1.520000,5
69,51,1.615000,4
69,52,1.335000,4
69,53,2.940000,10
69,54,2.954000,10
69,55,3.034000,10
69,56,2.707000,10
69,57,2.402000,10
69,58,2.563000,10
69,59,2.622000,10
69,60,2.653000,11
69,61,3.026000,11
69,62,3.081000,11
69,63,3.397000,10
69,64,3.212000,11
69,65,2.812000,9
69,66,1.835000,8
69,67,2.656000,8
69,68,3.549000,15
69,69,4.116000,14
69,70,2.623000,12
69,71,2.815000,12
69,72,1.936000,10
69,73,3.529000,13
69,74,4.226000,14
69,75,3.514000,13
69,76,3.748000,12
69,77,2.977000,16
69,78,1.068000,10
69,79,3.420000,11
69,80,3.283000,10
69,81,3.170000,10
69,82,3.206000,10
69,83,2.756000,10
69,84,2.095000,11
69,85,3.282000,13
69,86,3.527000,12
69,87,3.664000,12
69,88,2.527000,8
69,89,2.718000,11
69,90,2.148000,9
69,91,2.871000,9
69,92,3.277000,12
69,93,3.290000,10
69,94,3.901000,16
69,95,2.522000,8
69,96,1.525000,5
70,1,3.490000,12
70,2,3.086000,12
70,3,3.403000,14
70,4,2.592000,10
70,5,3.876000,13
70,6,1.718000,10
70,7,2.712000,9
70,8,2.839000,8
70,9,2.625000,8
70,10,3.453000,9
70,11,2.794000,9
70,12,3.175000,12
70,13,3.561000,11
70,14,3.238000,11
70,15,3.927000,13
70,16,4.036000,14
70,17,3.494000,14
70,18,1.568000,14
70,19,3.215000,13
70,20,4.245000,18
70,21,4.286000,16
70,22,3.159000,12
70,23,2.835000,12
70,24,1.080000,7
70,25,3.178000,12
70,26,3.326000,12
70,27,3.534000,14
70,28,4.268000,16
70,29,4.138000,19
70,30,0.917000,10
70,31,4.885000,17
70,32,3.752000,13
70,33,3.487000,14
70,34,4.859000,14
70,35,2.414000,13
70,36,0.635000,13
70,37,3.424000,13
70,38,3.579000,13
70,39,2.377000,9
70,40,2.883000,9
70,41,3.345000,12
70,42,2.701000,11
70,43,2.198000,9
70,44,2.436000,9
70,45,2.366000,8
70,46,2.617000,8
70,47,3.239000,10
70,48,2.667000,10
70,49,3.160000,10
70,50,1.721000,5
70,51,1.703000,4
70,52,1.826000,4
70,53,3.428000,10
70,54,3.630000,10
70,55,3.421000,10
70,56,3.563000,10
70,57,3.262000,10
70,58,3.553000,10
70,59,2.996000,10
70,60,2.115000,10
70,61,2.808000,10
70,62,2.886000,10
70,63,3.384000,10
70,64,2.616000,10
70,65,3.292000,11
70,66,1.924000,9
70,67,2.508000,8
70,68,3.242000,15
70,69,3.640000,14
70,70,3.215000,12
70,71,3.546000,12
70,72,2.174000,10
70,73,3.670000,13
70,74,3.617000,14
70,75,3.770000,13
70,76,2.738000,10
70,77,5.492000,21
70,78,0.649000,8
70,79,2.885000,10
70,80,2.740000,10
70,81,2.902000,10
70,82,3.009000,10
70,83,2.959000,10
70,84,2.970000,11
70,85,3.664000,13
70,86,3.049000,12
70,87,3.816000,13
70,88,2.500000,8
70,89,3.209000,10
70,90,2.415000,9
70,91,3.065000,9
70,92,3.040000,12
70,93,2.923000,11
70,94,4.194000,16
70,95,2.687000,8
70,96,1.707000,5
71,1,3.168000,12
71,2,3.217000,12
71,3,3.838000,15
71,4,3.926000,16
71,5,2.933000,13
71,6,1.785000,10
71,7,2.738000,9
71,8,2.627000,8
71,9,2.623000,8
71,10,2.866000,9
71,11,2.364000,9
71,12,2.362000,9
71,13,3.168000,10
71,14,2.627000,10
71,15,3.545000,13
71,16,3.101000,14
71,17,4.205000,14
71,18,2.268000,14
71,19,3.945000,13
71,20,4.289000,19
71,21,3.866000,16
71,22,2.966000,12
71,23,2.429000,12
71,24,1.104000,11
71,25,3.102000,12
71,26,3.280000,12
71,27,3.547000,14
71,28,4.764000,18
71,29,3.354000,19
71,30,0.995000,10
71,31,3.168000,11
71,32,3.363000,13
71,33,3.637000,14
71,34,4.064000,14
71,35,2.510000,13
71,36,1.680000,13
71,37,3.590000,13
71,38,3.499000,13
71,39,2.728000,9
71,40,2.371000,9
71,41,3.638000,12
71,42,2.302000,11
71,43,2.207000,9
71,44,2.514000,9
71,45,2.419000,8
71,46,2.325000,8
71,47,3.144000,10
71,48,2.829000,10
71,49,3.099000,10
71,50,2.118000,5
71,51,1.878000,4
71,52,1.766000,4
71,53,2.912000,10
71,54,2.966000,10
71,55,2.829000,10
71,56,2.815000,10
71,57,3.006000,10
71,58,3.337000,10
71,59,2.947000,10
71,60,2.332000,11
71,61,2.860000,11
71,62,2.961000,11
71,63,3.167000,11
71,64,2.519000,10
71,65,2.543000,9
71,66,2.204000,8
71,67,2.797000,8
71,68,3.796000,15
71,69,3.356000,14
71,70,3.306000,12
71,71,2.128000,12
71,72,0.453000,10
71,73,3.545000,13
71,74,2.894000,12
71,75,3.733000,13
71,76,2.561000,9
71,77,3.993000,18
71,78,1.673000,9
71,79,3.102000,10
71,80,3.009000,10
71,81,2.544000,10
71,82,2.563000,10
71,83,2.125000,7
71,84,2.570000,11
71,85,3.564000,13
71,86,3.367000,12
71,87,3.463000,12
71,88,2.773000,8
71,89,2.348000,9
71,90,2.872000,14
71,91,3.359000,11
71,92,3.502000,13
71,93,3.313000,12
71,94,3.981000,16
71,95,2.247000,8
71,96,1.360000,5
72,1,4.736000,12
72,2,4.312000,12
72,3,4.586000,15
72,4,3.951000,12
72,5,3.189000,13
72,6,1.469000,10
72,7,4.109000,9
72,8,3.189000,8
72,9,2.606000,8
72,10,3.405000,9
72,11,3.803000,9
72,12,3.624000,13
72,13,3.844000,11
72,14,3.715000,10
72,15,3.766000,13
72,16,5.198000,14
72,17,3.659000,14
72,18,2.644000,14
72,19,4.731000,13
72,20,4.310000,12
72,21,5.321000,16
72,22,3.599000,12
72,23,2.911000,12
72,24,1.505000,13
72,25,4.362000,12
72,26,4.525000,12
72,27,4.161000,14
72,28,6.431000,18
72,29,3.067000,19
72,30,0.270000,10
72,31,4.729000,11
72,32,4.210000,13
72,33,3.737000,14
72,34,4.718000,14
72,35,3.398000,13
72,36,2.099000,13
72,37,4.738000,13
72,38,4.693000,13
72,39,2.886000,9
72,40,4.182000,12
72,41,3.803000,12
72,42,2.039000,11
72,43,3.524000,9
72,44,2.986000,9
72,45,2.370000,8
72,46,2.571000,8
72,47,3.042000,10
72,48,3.151000,10
72,49,4.363000,10
72,50,2.819000,5
72,51,1.667000,4
72,52,1.289000,4
72,53,4.159000,10
72,54,3.561000,10
72,55,3.497000,10
72,56,4.677000,10
72,57,2.988000,10
72,58,3.541000,10
72,59,3.362000,10
72,60,3.077000,10
72,61,3.841000,10
72,62,3.557000,10
72,63,3.654000,10
72,64,3.759000,11
72,65,2.792000,9
72,66,2.992000,9
72,67,3.631000,8
72,68,4.574000,15
72,69,4.102000,14
72,70,3.861000,12
72,71,3.430000,12
72,72,2.007000,10
72,73,4.729000,13
72,74,4.236000,12
72,75,4.019000,13
72,76,3.339000,9
72,77,4.488000,17
72,78,1.279000,8
72,79,4.284000,11
72,80,4.163000,10
72,81,3.261000,10
72,82,3.156000,10
72,83,2.366000,7
72,84,2.695000,11
72,85,4.118000,13
72,86,4.166000,12
72,87,4.109000,13
72,88,3.455000,8
72,89,2.352000,9
72,90,1.756000,12
72,91,4.053000,10
72,92,4.606000,13
72,93,3.956000,13
72,94,4.834000,17
72,95,2.816000,8
72,96,1.192000,5
73,1,3.531000,12
73,2,3.472000,12
73,3,4.192000,15
73,4,4.115000,12
73,5,3.403000,13
73,6,1.377000,10
73,7,3.050000,9
73,8,2.661000,8
73,9,2.789000,8
73,10,2.566000,9
73,11,2.812000,9
73,12,2.761000,9
73,13,3.049000,11
73,14,3.157000,10
73,15,4.059000,13
73,16,5.769000,15
73,17,3.581000,14
73,18,1.402000,14
73,19,3.305000,12
73,20,3.783000,12
73,21,4.600000,16
73,22,3.838000,12
73,23,3.038000,12
73,24,1.209000,7
73,25,3.378000,12
73,26,4.147000,12
73,27,4.522000,14
73,28,5.520000,18
73,29,3.114000,19
73,30,0.445000,10
73,31,4.292000,16
73,32,3.909000,13
73,33,4.321000,14
73,34,4.808000,14
73,35,1.705000,13
73,36,0.557000,13
73,37,4.398000,13
73,38,3.663000,13
73,39,2.674000,9
73,40,3.223000,9
73,41,2.821000,12
73,42,1.053000,11
73,43,3.797000,13
73,44,4.227000,13
73,45,2.520000,8
73,46,2.413000,8
73,47,3.350000,10
73,48,2.688000,10
73,49,3.445000,10
73,50,2.107000,5
73,51,2.190000,4
73,52,1.686000,4
73,53,3.451000,10
73,54,3.911000,10
73,55,2.563000,10
73,56,2.894000,10
73,57,3.398000,10
73,58,3.274000,10
73,59,3.657000,10
73,60,3.005000,11
73,61,3.800000,11
73,62,3.967000,11
73,63,2.779000,10
73,64,3.431000,10
73,65,3.987000,11
73,66,1.560000,8
73,67,3.043000,8
73,68,4.088000,14
73,69,4.002000,14
73,70,3.392000,12
73,71,3.607000,12
73,72,2.131000,10
73,73,3.404000,13
73,74,3.606000,12
73,75,3.866000,13
73,76,3.627000,12
73,77,4.625000,18
73,78,1.305000,9
73,79,2.829000,9
73,80,3.657000,10
73,81,3.610000,10
73,82,2.780000,10
73,83,2.666000,7
73,84,2.919000,11
73,85,4.174000,13
73,86,3.910000,12
73,87,3.627000,12
73,88,3.052000,8
73,89,3.305000,11
73,90,1.829000,9
73,91,2.654000,9
73,92,3.577000,12
73,93,3.833000,12
73,94,4.148000,13
73,95,2.966000,8
73,96,1.793000,5
